node1ID node2ID branchID x1 y1 z1 x2 y2 z2 radius length R G B time type 
0 1 0 0.0000 0.0000 -3.0000 -0.0016 0.0001 -3.2000 0.0662 0.2000 0.4314 0.3922 0.1961 0.1379 1.0000 
1 2 0 -0.0016 0.0001 -3.2000 -0.0006 0.0104 -3.3783 0.0662 0.1786 0.4314 0.3922 0.1961 0.2616 1.0000 
2 3 0 -0.0006 0.0104 -3.3783 -0.0052 0.0053 -3.5782 0.0662 0.2000 0.4314 0.3922 0.1961 0.4005 1.0000 
3 4 0 -0.0052 0.0053 -3.5782 0.0108 0.0120 -3.7612 0.0662 0.1838 0.4314 0.3922 0.1961 0.5287 1.0000 
4 5 0 0.0108 0.0120 -3.7612 0.0241 0.0240 -3.9603 0.0662 0.2000 0.4314 0.3922 0.1961 0.6687 1.0000 
5 6 0 0.0241 0.0240 -3.9603 0.0267 0.0056 -4.1595 0.0662 0.2000 0.4314 0.3922 0.1961 0.8092 1.0000 
6 7 0 0.0267 0.0056 -4.1595 0.0273 0.0047 -4.1704 0.0662 0.0110 0.4314 0.3922 0.1961 0.8169 1.0000 
7 8 0 0.0273 0.0047 -4.1704 0.0683 -0.0135 -4.3654 0.0662 0.2000 0.4314 0.3922 0.1961 0.9580 1.0000 
8 9 0 0.0683 -0.0135 -4.3654 0.1125 -0.0350 -4.5482 0.0662 0.1894 0.4314 0.3922 0.1961 1.0921 1.0000 
9 10 0 0.1125 -0.0350 -4.5482 0.1397 -0.0871 -4.7394 0.0662 0.2000 0.4314 0.3922 0.1961 1.2343 1.0000 
10 11 0 0.1397 -0.0871 -4.7394 0.1429 -0.1389 -4.9305 0.0662 0.1980 0.4314 0.3922 0.1961 1.3757 1.0000 
11 12 0 0.1429 -0.1389 -4.9305 0.1155 -0.1421 -5.1286 0.0662 0.2000 0.4314 0.3922 0.1961 1.5190 1.0000 
12 13 0 0.1155 -0.1421 -5.1286 0.1032 -0.1695 -5.3168 0.0662 0.1906 0.4314 0.3922 0.1961 1.6561 1.0000 
13 14 0 0.1032 -0.1695 -5.3168 0.0917 -0.1620 -5.5163 0.0662 0.2000 0.4314 0.3922 0.1961 1.8005 1.0000 
14 15 0 0.0917 -0.1620 -5.5163 0.0834 -0.1531 -5.7159 0.0662 0.2000 0.4314 0.3922 0.1961 1.9455 1.0000 
15 16 0 0.0834 -0.1531 -5.7159 0.0827 -0.1522 -5.7362 0.0662 0.0202 0.4314 0.3922 0.1961 1.9602 1.0000 
16 17 0 0.0827 -0.1522 -5.7362 0.0757 -0.1540 -5.9360 0.0662 0.2000 0.4314 0.3922 0.1961 2.1058 1.0000 
17 18 0 0.0757 -0.1540 -5.9360 0.0903 -0.1353 -6.1346 0.0662 0.2000 0.4314 0.3922 0.1961 2.2521 1.0000 
18 19 0 0.0903 -0.1353 -6.1346 0.0910 -0.1342 -6.1539 0.0662 0.0193 0.4314 0.3922 0.1961 2.2662 1.0000 
19 20 0 0.0910 -0.1342 -6.1539 0.0965 -0.1452 -6.3535 0.0662 0.2000 0.4314 0.3922 0.1961 2.4131 1.0000 
20 21 0 0.0965 -0.1452 -6.3535 0.0741 -0.1598 -6.5406 0.0662 0.1890 0.4314 0.3922 0.1961 2.5525 1.0000 
21 22 0 0.0741 -0.1598 -6.5406 0.0513 -0.1676 -6.7392 0.0662 0.2000 0.4314 0.3922 0.1961 2.7006 1.0000 
22 23 0 0.0513 -0.1676 -6.7392 0.0381 -0.1673 -6.9200 0.0662 0.1814 0.4314 0.3922 0.1961 2.8354 1.0000 
23 24 0 0.0381 -0.1673 -6.9200 0.0270 -0.1682 -7.1197 0.0662 0.2000 0.4314 0.3922 0.1961 2.9846 1.0000 
24 25 0 0.0270 -0.1682 -7.1197 0.0151 -0.1698 -7.3194 0.0662 0.2000 0.4314 0.3922 0.1961 3.1344 1.0000 
25 26 0 0.0151 -0.1698 -7.3194 0.0138 -0.1704 -7.3361 0.0662 0.0168 0.4314 0.3922 0.1961 3.1470 1.0000 
26 27 0 0.0138 -0.1704 -7.3361 0.0051 -0.1744 -7.5358 0.0662 0.2000 0.4314 0.3922 0.1961 3.2975 1.0000 
27 28 0 0.0051 -0.1744 -7.5358 -0.0025 -0.1838 -7.7355 0.0662 0.2000 0.4314 0.3922 0.1961 3.4487 1.0000 
28 29 0 -0.0025 -0.1838 -7.7355 -0.0026 -0.1839 -7.7387 0.0662 0.0033 0.4314 0.3922 0.1961 3.4512 1.0000 
29 30 0 -0.0026 -0.1839 -7.7387 -0.0088 -0.1854 -7.9386 0.0662 0.2000 0.4314 0.3922 0.1961 3.6030 1.0000 
30 31 0 -0.0088 -0.1854 -7.9386 -0.0146 -0.1888 -8.1170 0.0662 0.1785 0.4314 0.3922 0.1961 3.7390 1.0000 
31 32 0 -0.0146 -0.1888 -8.1170 -0.0110 -0.1879 -8.3169 0.0662 0.2000 0.4314 0.3922 0.1961 3.8920 1.0000 
32 33 0 -0.0110 -0.1879 -8.3169 -0.0087 -0.2093 -8.5113 0.0662 0.1955 0.4314 0.3922 0.1961 4.0422 1.0000 
33 34 0 -0.0087 -0.2093 -8.5113 -0.0185 -0.2214 -8.7107 0.0662 0.2000 0.4314 0.3922 0.1961 4.1965 1.0000 
34 35 0 -0.0185 -0.2214 -8.7107 -0.0253 -0.2373 -8.9008 0.0662 0.1909 0.4314 0.3922 0.1961 4.3444 1.0000 
35 36 0 -0.0253 -0.2373 -8.9008 0.0160 -0.2406 -9.0964 0.0662 0.2000 0.4314 0.3922 0.1961 4.5000 1.0000 
36 37 0 0.0160 -0.2406 -9.0964 0.0199 -0.2494 -9.2920 0.0662 0.1958 0.4314 0.3922 0.1961 4.6530 1.0000 
37 38 0 0.0199 -0.2494 -9.2920 0.0166 -0.2696 -9.4909 0.0662 0.2000 0.4314 0.3922 0.1961 4.8100 1.0000 
38 39 0 0.0166 -0.2696 -9.4909 0.0118 -0.2917 -9.6897 0.0662 0.2000 0.4314 0.3922 0.1961 4.9676 1.0000 
39 40 0 0.0118 -0.2917 -9.6897 0.0116 -0.2935 -9.7065 0.0662 0.0169 0.4314 0.3922 0.1961 4.9810 1.0000 
40 41 0 0.0116 -0.2935 -9.7065 0.0098 -0.3148 -9.9053 0.0662 0.2000 0.4314 0.3922 0.1961 5.1393 1.0000 
41 42 0 0.0098 -0.3148 -9.9053 0.0298 -0.3245 -10.0810 0.0662 0.1771 0.4314 0.3922 0.1961 5.2801 1.0000 
42 43 0 0.0298 -0.3245 -10.0810 0.0260 -0.3389 -10.2805 0.0662 0.2000 0.4314 0.3922 0.1961 5.4398 1.0000 
43 44 0 0.0260 -0.3389 -10.2805 0.0259 -0.3574 -10.4789 0.0662 0.1993 0.4314 0.3922 0.1961 5.5997 1.0000 
44 45 0 0.0259 -0.3574 -10.4789 0.0206 -0.3551 -10.6788 0.0662 0.2000 0.4314 0.3922 0.1961 5.7608 1.0000 
45 46 0 0.0206 -0.3551 -10.6788 0.0100 -0.3457 -10.8475 0.0662 0.1692 0.4314 0.3922 0.1961 5.8977 1.0000 
46 47 0 0.0100 -0.3457 -10.8475 0.0054 -0.3445 -11.0474 0.0662 0.2000 0.4314 0.3922 0.1961 6.0602 1.0000 
47 48 0 0.0054 -0.3445 -11.0474 0.0021 -0.3426 -11.2474 0.0662 0.2000 0.4314 0.3922 0.1961 6.2234 1.0000 
48 49 0 0.0021 -0.3426 -11.2474 0.0021 -0.3426 -11.2474 0.0662 0.0000 0.4314 0.3922 0.1961 6.2234 1.0000 
49 50 0 0.0021 -0.3426 -11.2474 0.0003 -0.3394 -11.4473 0.0662 0.2000 0.4314 0.3922 0.1961 6.3873 1.0000 
50 51 0 0.0003 -0.3394 -11.4473 -0.0047 -0.3448 -11.6472 0.0662 0.2000 0.4314 0.3922 0.1961 6.5520 1.0000 
51 52 0 -0.0047 -0.3448 -11.6472 -0.0058 -0.3479 -11.6873 0.0662 0.0403 0.4314 0.3922 0.1961 6.5853 1.0000 
52 53 0 -0.0058 -0.3479 -11.6873 -0.0062 -0.3304 -11.8866 0.0662 0.2000 0.4314 0.3922 0.1961 6.7509 1.0000 
53 54 0 -0.0062 -0.3304 -11.8866 -0.0040 -0.3225 -12.0506 0.0662 0.1642 0.4314 0.3922 0.1961 6.8874 1.0000 
54 55 0 -0.0040 -0.3225 -12.0506 -0.0180 -0.2952 -12.2482 0.0662 0.2000 0.4314 0.3922 0.1961 7.0544 1.0000 
55 56 0 -0.0180 -0.2952 -12.2482 -0.0336 -0.2956 -12.4065 0.0662 0.1590 0.4314 0.3922 0.1961 7.1877 1.0000 
56 57 0 -0.0336 -0.2956 -12.4065 -0.0545 -0.2888 -12.6053 0.0662 0.2000 0.4314 0.3922 0.1961 7.3561 1.0000 
57 58 0 -0.0545 -0.2888 -12.6053 -0.0553 -0.2914 -12.7715 0.0662 0.1662 0.4314 0.3922 0.1961 7.4967 1.0000 
58 59 0 -0.0553 -0.2914 -12.7715 -0.0504 -0.3003 -12.9712 0.0662 0.2000 0.4314 0.3922 0.1961 7.6665 1.0000 
59 60 0 -0.0504 -0.3003 -12.9712 -0.0589 -0.3174 -13.1703 0.0662 0.2000 0.4314 0.3922 0.1961 7.8371 1.0000 
60 61 0 -0.0589 -0.3174 -13.1703 -0.0602 -0.3202 -13.2069 0.0662 0.0367 0.4314 0.3922 0.1961 7.8685 1.0000 
61 62 0 -0.0602 -0.3202 -13.2069 -0.0550 -0.3155 -13.4068 0.0662 0.2000 0.4314 0.3922 0.1961 8.0401 1.0000 
62 63 0 -0.0550 -0.3155 -13.4068 -0.0493 -0.3128 -13.6067 0.0662 0.2000 0.4314 0.3922 0.1961 8.2125 1.0000 
63 64 0 -0.0493 -0.3128 -13.6067 -0.0489 -0.3126 -13.6207 0.0662 0.0140 0.4314 0.3922 0.1961 8.2247 1.0000 
64 65 0 -0.0489 -0.3126 -13.6207 -0.0564 -0.3263 -13.8201 0.0662 0.2000 0.4314 0.3922 0.1961 8.3980 1.0000 
65 66 0 -0.0564 -0.3263 -13.8201 -0.0629 -0.3419 -13.9986 0.0662 0.1793 0.4314 0.3922 0.1961 8.5541 1.0000 
66 67 0 -0.0629 -0.3419 -13.9986 -0.0701 -0.3593 -14.1977 0.0662 0.2000 0.4314 0.3922 0.1961 8.7289 1.0000 
67 68 0 -0.0701 -0.3593 -14.1977 -0.0769 -0.3747 -14.3646 0.0662 0.1677 0.4314 0.3922 0.1961 8.8762 1.0000 
68 69 0 -0.0769 -0.3747 -14.3646 -0.0857 -0.3897 -14.5638 0.0662 0.2000 0.4314 0.3922 0.1961 9.0527 1.0000 
69 70 0 -0.0857 -0.3897 -14.5638 -0.0981 -0.4003 -14.7570 0.0662 0.1938 0.4314 0.3922 0.1961 9.2245 1.0000 
70 71 0 -0.0981 -0.4003 -14.7570 -0.0816 -0.4152 -14.9557 0.0662 0.2000 0.4314 0.3922 0.1961 9.4027 1.0000 
71 72 0 -0.0816 -0.4152 -14.9557 -0.0803 -0.4273 -15.1554 0.0662 0.2000 0.4314 0.3922 0.1961 9.5818 1.0000 
72 73 0 -0.0803 -0.4273 -15.1554 -0.0804 -0.4276 -15.1595 0.0662 0.0042 0.4314 0.3922 0.1961 9.5855 1.0000 
73 74 0 -0.0804 -0.4276 -15.1595 -0.0745 -0.4378 -15.3592 0.0662 0.2000 0.4314 0.3922 0.1961 9.7655 1.0000 
74 75 0 -0.0745 -0.4378 -15.3592 -0.0722 -0.4509 -15.5546 0.0662 0.1959 0.4314 0.3922 0.1961 9.9426 1.0000 
75 76 0 -0.0722 -0.4509 -15.5546 -0.0656 -0.4571 -15.7544 0.0662 0.2000 0.4314 0.3922 0.1961 10.1244 1.0000 
76 77 0 -0.0656 -0.4571 -15.7544 -0.0614 -0.4563 -15.9543 0.0662 0.2000 0.4314 0.3922 0.1961 10.3070 1.0000 
77 78 0 -0.0614 -0.4563 -15.9543 -0.0614 -0.4563 -15.9546 0.0662 0.0002 0.4314 0.3922 0.1961 10.3073 1.0000 
78 79 0 -0.0614 -0.4563 -15.9546 -0.0673 -0.4524 -16.1545 0.0662 0.2000 0.4314 0.3922 0.1961 10.4909 1.0000 
79 80 0 -0.0673 -0.4524 -16.1545 -0.0760 -0.4560 -16.3347 0.0662 0.1805 0.4314 0.3922 0.1961 10.6574 1.0000 
80 81 0 -0.0760 -0.4560 -16.3347 -0.0851 -0.4582 -16.5345 0.0662 0.2000 0.4314 0.3922 0.1961 10.8428 1.0000 
81 82 0 -0.0851 -0.4582 -16.5345 -0.0765 -0.4454 -16.7339 0.0662 0.2000 0.4314 0.3922 0.1961 11.0291 1.0000 
82 83 0 -0.0765 -0.4454 -16.7339 -0.0752 -0.4432 -16.7532 0.0662 0.0194 0.4314 0.3922 0.1961 11.0473 1.0000 
83 84 0 -0.0752 -0.4432 -16.7532 -0.1067 -0.4247 -16.9498 0.0662 0.2000 0.4314 0.3922 0.1961 11.2347 1.0000 
84 85 0 -0.1067 -0.4247 -16.9498 -0.1420 -0.3979 -17.1399 0.0662 0.1952 0.4314 0.3922 0.1961 11.4185 1.0000 
85 86 0 -0.1420 -0.3979 -17.1399 -0.1841 -0.3641 -17.3324 0.0662 0.2000 0.4314 0.3922 0.1961 11.6079 1.0000 
86 87 0 -0.1841 -0.3641 -17.3324 -0.1916 -0.3229 -17.5280 0.0662 0.2000 0.4314 0.3922 0.1961 11.7983 1.0000 
87 88 0 -0.1916 -0.3229 -17.5280 -0.1925 -0.3196 -17.5434 0.0662 0.0158 0.4314 0.3922 0.1961 11.8134 1.0000 
88 89 0 -0.1925 -0.3196 -17.5434 -0.2038 -0.2775 -17.7386 0.0662 0.2000 0.4314 0.3922 0.1961 12.0048 1.0000 
89 90 0 -0.2038 -0.2775 -17.7386 -0.2265 -0.2618 -17.9367 0.0662 0.2000 0.4314 0.3922 0.1961 12.1973 1.0000 
90 91 0 -0.2265 -0.2618 -17.9367 -0.2286 -0.2603 -17.9551 0.0662 0.0186 0.4314 0.3922 0.1961 12.2152 1.0000 
91 92 0 -0.2286 -0.2603 -17.9551 -0.2241 -0.2593 -18.1551 0.0662 0.2000 0.4314 0.3922 0.1961 12.4088 1.0000 
92 93 0 -0.2241 -0.2593 -18.1551 -0.2210 -0.2674 -18.3144 0.0662 0.1596 0.4314 0.3922 0.1961 12.5641 1.0000 
93 94 0 -0.2210 -0.2674 -18.3144 -0.2185 -0.2757 -18.5143 0.0662 0.2000 0.4314 0.3922 0.1961 12.7595 1.0000 
94 95 0 -0.2185 -0.2757 -18.5143 -0.1974 -0.2769 -18.7131 0.0662 0.2000 0.4314 0.3922 0.1961 12.9561 1.0000 
95 96 0 -0.1974 -0.2769 -18.7131 -0.1970 -0.2769 -18.7161 0.0662 0.0030 0.4314 0.3922 0.1961 12.9590 1.0000 
96 97 0 -0.1970 -0.2769 -18.7161 -0.1874 -0.2635 -18.9154 0.0662 0.2000 0.4314 0.3922 0.1961 13.1566 1.0000 
97 98 0 -0.1874 -0.2635 -18.9154 -0.2072 -0.2652 -19.1042 0.0662 0.1898 0.4314 0.3922 0.1961 13.3452 1.0000 
98 99 0 -0.2072 -0.2652 -19.1042 -0.1909 -0.2681 -19.3035 0.0662 0.2000 0.4314 0.3922 0.1961 13.5450 1.0000 
99 100 0 -0.1909 -0.2681 -19.3035 -0.1744 -0.2748 -19.5027 0.0662 0.2000 0.4314 0.3922 0.1961 13.7458 1.0000 
100 101 0 -0.1744 -0.2748 -19.5027 -0.1739 -0.2748 -19.5098 0.0662 0.0071 0.4314 0.3922 0.1961 13.7530 1.0000 
101 102 0 -0.1739 -0.2748 -19.5098 -0.1590 -0.2864 -19.7089 0.0662 0.2000 0.4314 0.3922 0.1961 13.9550 1.0000 
102 103 0 -0.1590 -0.2864 -19.7089 -0.1326 -0.2722 -19.9066 0.0662 0.2000 0.4314 0.3922 0.1961 14.1582 1.0000 
103 104 0 -0.1326 -0.2722 -19.9066 -0.1296 -0.2694 -19.9278 0.0662 0.0216 0.4314 0.3922 0.1961 14.1802 1.0000 
104 105 0 -0.1296 -0.2694 -19.9278 -0.0900 -0.2679 -20.1238 0.0662 0.2000 0.4314 0.3922 0.1961 14.3846 1.0000 
105 106 0 -0.0900 -0.2679 -20.1238 -0.0551 -0.2668 -20.3041 0.0662 0.1836 0.4314 0.3922 0.1961 14.5733 1.0000 
106 107 0 -0.0551 -0.2668 -20.3041 -0.0300 -0.2707 -20.5025 0.0662 0.2000 0.4314 0.3922 0.1961 14.7800 1.0000 
107 108 0 -0.0300 -0.2707 -20.5025 -0.0091 -0.2644 -20.7013 0.0662 0.2000 0.4314 0.3922 0.1961 14.9879 1.0000 
108 109 0 -0.0091 -0.2644 -20.7013 -0.0078 -0.2637 -20.7240 0.0662 0.0228 0.4314 0.3922 0.1961 15.0117 1.0000 
109 110 0 -0.0078 -0.2637 -20.7240 0.0089 -0.2641 -20.9233 0.0662 0.2000 0.4314 0.3922 0.1961 15.2209 1.0000 
110 111 0 0.0089 -0.2641 -20.9233 0.0235 -0.2690 -21.1160 0.0662 0.1933 0.4314 0.3922 0.1961 15.4242 1.0000 
111 112 0 0.0235 -0.2690 -21.1160 0.0337 -0.2531 -21.3151 0.0662 0.2000 0.4314 0.3922 0.1961 15.6359 1.0000 
112 113 0 0.0337 -0.2531 -21.3151 0.0195 -0.2370 -21.4939 0.0662 0.1801 0.4314 0.3922 0.1961 15.8275 1.0000 
113 114 0 0.0195 -0.2370 -21.4939 0.0206 -0.2122 -21.6923 0.0662 0.2000 0.4314 0.3922 0.1961 16.0415 1.0000 
114 115 0 0.0206 -0.2122 -21.6923 0.0222 -0.1879 -21.8908 0.0662 0.2000 0.4314 0.3922 0.1961 16.2568 1.0000 
115 116 0 0.0222 -0.1879 -21.8908 0.0219 -0.1837 -21.9131 0.0662 0.0227 0.4314 0.3922 0.1961 16.2812 1.0000 
116 117 0 0.0219 -0.1837 -21.9131 0.0238 -0.1757 -22.1129 0.0662 0.2000 0.4314 0.3922 0.1961 16.4980 1.0000 
117 118 0 0.0238 -0.1757 -22.1129 0.0248 -0.1681 -22.3128 0.0662 0.2000 0.4314 0.3922 0.1961 16.7160 1.0000 
118 119 0 0.0248 -0.1681 -22.3128 0.0249 -0.1676 -22.3255 0.0662 0.0128 0.4314 0.3922 0.1961 16.7300 1.0000 
119 120 0 0.0249 -0.1676 -22.3255 -0.0075 -0.1790 -22.5226 0.0662 0.2000 0.4314 0.3922 0.1961 16.9494 1.0000 
120 121 0 -0.0075 -0.1790 -22.5226 -0.0318 -0.1701 -22.7209 0.0662 0.2000 0.4314 0.3922 0.1961 17.1702 1.0000 
121 122 0 -0.0318 -0.1701 -22.7209 -0.0339 -0.1691 -22.7380 0.0662 0.0173 0.4314 0.3922 0.1961 17.1893 1.0000 
122 123 0 -0.0339 -0.1691 -22.7380 -0.0549 -0.1642 -22.9368 0.0662 0.2000 0.4314 0.3922 0.1961 17.4116 1.0000 
123 124 0 -0.0549 -0.1642 -22.9368 -0.0756 -0.1712 -23.1356 0.0662 0.2000 0.4314 0.3922 0.1961 17.6352 1.0000 
124 125 0 -0.0756 -0.1712 -23.1356 -0.0756 -0.1713 -23.1358 0.0662 0.0002 0.4314 0.3922 0.1961 17.6354 1.0000 
125 126 0 -0.0756 -0.1713 -23.1358 -0.0857 -0.1732 -23.3355 0.0662 0.2000 0.4314 0.3922 0.1961 17.8604 1.0000 
126 127 0 -0.0857 -0.1732 -23.3355 -0.0984 -0.1791 -23.5350 0.0662 0.2000 0.4314 0.3922 0.1961 18.0869 1.0000 
127 128 0 -0.0984 -0.1791 -23.5350 -0.0996 -0.1803 -23.5601 0.0662 0.0251 0.4314 0.3922 0.1961 18.1154 1.0000 
128 129 0 -0.0996 -0.1803 -23.5601 -0.1097 -0.1897 -23.7596 0.0662 0.2000 0.4314 0.3922 0.1961 18.3435 1.0000 
129 130 0 -0.1097 -0.1897 -23.7596 -0.1202 -0.1953 -23.9495 0.0662 0.1903 0.4314 0.3922 0.1961 18.5618 1.0000 
130 131 0 -0.1202 -0.1953 -23.9495 -0.1342 -0.1969 -24.1490 0.0662 0.2000 0.4314 0.3922 0.1961 18.7927 1.0000 
131 132 0 -0.1342 -0.1969 -24.1490 -0.1304 -0.2094 -24.3486 0.0662 0.2000 0.4314 0.3922 0.1961 19.0251 1.0000 
132 133 0 -0.1304 -0.2094 -24.3486 -0.1307 -0.2103 -24.3649 0.0662 0.0163 0.4314 0.3922 0.1961 19.0441 1.0000 
133 134 0 -0.1307 -0.2103 -24.3649 -0.1247 -0.2250 -24.5643 0.0662 0.2000 0.4314 0.3922 0.1961 19.2781 1.0000 
134 135 0 -0.1247 -0.2250 -24.5643 -0.1398 -0.2099 -24.7631 0.0662 0.2000 0.4314 0.3922 0.1961 19.5137 1.0000 
135 136 0 -0.1398 -0.2099 -24.7631 -0.1405 -0.2085 -24.7767 0.0662 0.0137 0.4314 0.3922 0.1961 19.5299 1.0000 
136 137 0 -0.1405 -0.2085 -24.7767 -0.1476 -0.2013 -24.9765 0.0662 0.2000 0.4314 0.3922 0.1961 19.7670 1.0000 
137 138 0 -0.1476 -0.2013 -24.9765 -0.1561 -0.1967 -25.1762 0.0662 0.2000 0.4314 0.3922 0.1961 20.0058 1.0000 
138 139 0 -0.1561 -0.1967 -25.1762 -0.1581 -0.1979 -25.2197 0.0662 0.0435 0.4314 0.3922 0.1961 20.0579 1.0000 
139 140 0 -0.1581 -0.1979 -25.2197 -0.1599 -0.2159 -25.4188 0.0662 0.2000 0.4314 0.3922 0.1961 20.2986 1.0000 
140 141 0 -0.1599 -0.2159 -25.4188 -0.1342 -0.2068 -25.6170 0.0662 0.2000 0.4314 0.3922 0.1961 20.5409 1.0000 
141 142 0 -0.1342 -0.2068 -25.6170 -0.1327 -0.2063 -25.6307 0.0662 0.0138 0.4314 0.3922 0.1961 20.5577 1.0000 
142 143 0 -0.1327 -0.2063 -25.6307 -0.1200 -0.1865 -25.8293 0.0662 0.2000 0.4314 0.3922 0.1961 20.8018 1.0000 
143 144 0 -0.1200 -0.1865 -25.8293 -0.1145 -0.1660 -26.0282 0.0662 0.2000 0.4314 0.3922 0.1961 21.0475 1.0000 
144 145 0 -0.1145 -0.1660 -26.0282 -0.1145 -0.1659 -26.0291 0.0662 0.0009 0.4314 0.3922 0.1961 21.0487 1.0000 
145 146 0 -0.1145 -0.1659 -26.0291 -0.1201 -0.1572 -26.2288 0.0662 0.2000 0.4314 0.3922 0.1961 21.2961 1.0000 
146 147 0 -0.1201 -0.1572 -26.2288 -0.1321 -0.1422 -26.4132 0.0662 0.1854 0.4314 0.3922 0.1961 21.5269 1.0000 
147 148 0 -0.1321 -0.1422 -26.4132 -0.1510 -0.1266 -26.6117 0.0662 0.2000 0.4314 0.3922 0.1961 21.7776 1.0000 
148 149 0 -0.1510 -0.1266 -26.6117 -0.1662 -0.1146 -26.7815 0.0662 0.1710 0.4314 0.3922 0.1961 21.9933 1.0000 
149 150 0 -0.1662 -0.1146 -26.7815 -0.1991 -0.1000 -26.9783 0.0662 0.2000 0.4314 0.3922 0.1961 22.2473 1.0000 
150 151 0 -0.1991 -0.1000 -26.9783 -0.2170 -0.0942 -27.1421 0.0662 0.1649 0.4314 0.3922 0.1961 22.4581 1.0000 
151 152 0 -0.2170 -0.0942 -27.1421 -0.2269 -0.0936 -27.3419 0.0662 0.2000 0.4314 0.3922 0.1961 22.7154 1.0000 
152 153 0 -0.2269 -0.0936 -27.3419 -0.2375 -0.0932 -27.5416 0.0662 0.2000 0.4314 0.3922 0.1961 22.9745 1.0000 
153 154 0 -0.2375 -0.0932 -27.5416 -0.2383 -0.0931 -27.5574 0.0662 0.0159 0.4314 0.3922 0.1961 22.9952 1.0000 
154 155 0 -0.2383 -0.0931 -27.5574 -0.2464 -0.0939 -27.7573 0.0662 0.2000 0.4314 0.3922 0.1961 23.2563 1.0000 
155 156 0 -0.2464 -0.0939 -27.7573 -0.2339 -0.0776 -27.9562 0.0662 0.2000 0.4314 0.3922 0.1961 23.5194 1.0000 
156 157 0 -0.2339 -0.0776 -27.9562 -0.2316 -0.0744 -27.9922 0.0662 0.0362 0.4314 0.3922 0.1961 23.5672 1.0000 
157 158 0 -0.2316 -0.0744 -27.9922 -0.2259 -0.0565 -28.1913 0.0662 0.2000 0.4314 0.3922 0.1961 23.8326 1.0000 
158 159 0 -0.2259 -0.0565 -28.1913 -0.2152 -0.1039 -28.3853 0.0662 0.2000 0.4314 0.3922 0.1961 24.0999 1.0000 
159 160 0 -0.2152 -0.1039 -28.3853 -0.2120 -0.1142 -28.4267 0.0662 0.0428 0.4314 0.3922 0.1961 24.1573 1.0000 
160 161 0 -0.2120 -0.1142 -28.4267 -0.2340 -0.1485 -28.6225 0.0662 0.2000 0.4314 0.3922 0.1961 24.4270 1.0000 
161 162 0 -0.2340 -0.1485 -28.6225 -0.2435 -0.1706 -28.8088 0.0662 0.1878 0.4314 0.3922 0.1961 24.6821 1.0000 
162 163 0 -0.2435 -0.1706 -28.8088 -0.2549 -0.1945 -29.0070 0.0662 0.2000 0.4314 0.3922 0.1961 24.9558 1.0000 
163 164 0 -0.2549 -0.1945 -29.0070 -0.2473 -0.1700 -29.2053 0.0662 0.2000 0.4314 0.3922 0.1961 25.2316 1.0000 
164 165 0 -0.2473 -0.1700 -29.2053 -0.2473 -0.1696 -29.2108 0.0662 0.0054 0.4314 0.3922 0.1961 25.2391 1.0000 
165 166 0 -0.2473 -0.1696 -29.2108 -0.2236 -0.1750 -29.4093 0.0662 0.2000 0.4314 0.3922 0.1961 25.5171 1.0000 
166 167 0 -0.2236 -0.1750 -29.4093 -0.2091 -0.2196 -29.6037 0.0662 0.2000 0.4314 0.3922 0.1961 25.7972 1.0000 
167 168 0 -0.2091 -0.2196 -29.6037 -0.2089 -0.2226 -29.6158 0.0662 0.0125 0.4314 0.3922 0.1961 25.8147 1.0000 
168 169 0 -0.2089 -0.2226 -29.6158 -0.1978 -0.2365 -29.8150 0.0662 0.2000 0.4314 0.3922 0.1961 26.0972 1.0000 
169 170 0 -0.1978 -0.2365 -29.8150 -0.2037 -0.2415 -30.0149 0.0662 0.2000 0.4314 0.3922 0.1961 26.3818 1.0000 
170 171 0 -0.2037 -0.2415 -30.0149 -0.2046 -0.2418 -30.0231 0.0662 0.0083 0.4314 0.3922 0.1961 26.3936 1.0000 
171 172 0 -0.2046 -0.2418 -30.0231 -0.2275 -0.2521 -30.2215 0.0662 0.2000 0.4314 0.3922 0.1961 26.6806 1.0000 
172 173 0 -0.2275 -0.2521 -30.2215 -0.2527 -0.2542 -30.4199 0.0662 0.2000 0.4314 0.3922 0.1961 26.9700 1.0000 
173 174 0 -0.2527 -0.2542 -30.4199 -0.2550 -0.2541 -30.4396 0.0662 0.0198 0.4314 0.3922 0.1961 26.9988 1.0000 
174 175 0 -0.2550 -0.2541 -30.4396 -0.2768 -0.2649 -30.6381 0.0662 0.2000 0.4314 0.3922 0.1961 27.2906 1.0000 
175 176 0 -0.2768 -0.2649 -30.6381 -0.2999 -0.2735 -30.8334 0.0662 0.1969 0.4314 0.3922 0.1961 27.5803 1.0000 
176 177 0 -0.2999 -0.2735 -30.8334 -0.3189 -0.2725 -31.0325 0.0662 0.2000 0.4314 0.3922 0.1961 27.8770 1.0000 
177 178 0 -0.3189 -0.2725 -31.0325 -0.3372 -0.2755 -31.2316 0.0662 0.2000 0.4314 0.3922 0.1961 28.1761 1.0000 
178 179 0 -0.3372 -0.2755 -31.2316 -0.3375 -0.2755 -31.2353 0.0662 0.0037 0.4314 0.3922 0.1961 28.1816 1.0000 
179 180 0 -0.3375 -0.2755 -31.2353 -0.3347 -0.2802 -31.4352 0.0662 0.2000 0.4314 0.3922 0.1961 28.4832 1.0000 
180 181 0 -0.3347 -0.2802 -31.4352 -0.3262 -0.2837 -31.6350 0.0662 0.2000 0.4314 0.3922 0.1961 28.7874 1.0000 
181 182 0 -0.3262 -0.2837 -31.6350 -0.3262 -0.2837 -31.6352 0.0662 0.0002 0.4314 0.3922 0.1961 28.7877 1.0000 
182 183 0 -0.3262 -0.2837 -31.6352 -0.3151 -0.3022 -31.8340 0.0662 0.2000 0.4314 0.3922 0.1961 29.0945 1.0000 
183 184 0 -0.3151 -0.3022 -31.8340 -0.3340 -0.3095 -32.0249 0.0662 0.1919 0.4314 0.3922 0.1961 29.3914 1.0000 
184 185 0 -0.3340 -0.3095 -32.0249 -0.3443 -0.2978 -32.2243 0.0662 0.2000 0.4314 0.3922 0.1961 29.7034 1.0000 
185 186 0 -0.3443 -0.2978 -32.2243 -0.3515 -0.2856 -32.4123 0.0662 0.1886 0.4314 0.3922 0.1961 30.0000 1.0000 
187 188 1 0.0000 0.0000 -3.0000 -0.1674 -0.0889 -3.0640 0.0480 0.2000 0.4314 0.3922 0.1961 6.9817 2.0000 
188 189 1 -0.1674 -0.0889 -3.0640 -0.3182 -0.1955 -3.1407 0.0480 0.2000 0.4314 0.3922 0.1961 7.0828 2.0000 
189 190 1 -0.3182 -0.1955 -3.1407 -0.4682 -0.3015 -3.2197 0.0480 0.2000 0.4314 0.3922 0.1961 7.1844 2.0000 
190 191 1 -0.4682 -0.3015 -3.2197 -0.6246 -0.3883 -3.3093 0.0480 0.2000 0.4314 0.3922 0.1961 7.2867 2.0000 
191 192 1 -0.6246 -0.3883 -3.3093 -0.7841 -0.4653 -3.4021 0.0480 0.2000 0.4314 0.3922 0.1961 7.3895 2.0000 
192 193 1 -0.7841 -0.4653 -3.4021 -0.9153 -0.5435 -3.5313 0.0480 0.2000 0.4314 0.3922 0.1961 7.4930 2.0000 
193 194 1 -0.9153 -0.5435 -3.5313 -1.0423 -0.6411 -3.6510 0.0480 0.2000 0.4314 0.3922 0.1961 7.5972 2.0000 
194 195 1 -1.0423 -0.6411 -3.6510 -1.1498 -0.7502 -3.7796 0.0480 0.2000 0.4314 0.3922 0.1961 7.7019 2.0000 
195 196 1 -1.1498 -0.7502 -3.7796 -1.2621 -0.8236 -3.9279 0.0480 0.2000 0.4314 0.3922 0.1961 7.8074 2.0000 
196 197 1 -1.2621 -0.8236 -3.9279 -1.3582 -0.9428 -4.0567 0.0480 0.2000 0.4314 0.3922 0.1961 7.9134 2.0000 
197 198 1 -1.3582 -0.9428 -4.0567 -1.4102 -1.0608 -4.2095 0.0480 0.2000 0.4314 0.3922 0.1961 8.0202 2.0000 
198 199 1 -1.4102 -1.0608 -4.2095 -1.4668 -1.1524 -4.3781 0.0480 0.2000 0.4314 0.3922 0.1961 8.1276 2.0000 
199 200 1 -1.4668 -1.1524 -4.3781 -1.5300 -1.2612 -4.5335 0.0480 0.2000 0.4314 0.3922 0.1961 8.2357 2.0000 
200 201 1 -1.5300 -1.2612 -4.5335 -1.5635 -1.3820 -4.6894 0.0480 0.2000 0.4314 0.3922 0.1961 8.3445 2.0000 
201 202 1 -1.5635 -1.3820 -4.6894 -1.5879 -1.4971 -4.8511 0.0480 0.2000 0.4314 0.3922 0.1961 8.4540 2.0000 
202 203 1 -1.5879 -1.4971 -4.8511 -1.6258 -1.6197 -5.0045 0.0480 0.2000 0.4314 0.3922 0.1961 8.5642 2.0000 
203 204 1 -1.6258 -1.6197 -5.0045 -1.6704 -1.7413 -5.1569 0.0480 0.2000 0.4314 0.3922 0.1961 8.6751 2.0000 
204 205 1 -1.6704 -1.7413 -5.1569 -1.6980 -1.8738 -5.3041 0.0480 0.2000 0.4314 0.3922 0.1961 8.7868 2.0000 
205 206 1 -1.6980 -1.8738 -5.3041 -1.7335 -2.0033 -5.4523 0.0480 0.2000 0.4314 0.3922 0.1961 8.8992 2.0000 
206 207 1 -1.7335 -2.0033 -5.4523 -1.7666 -2.1580 -5.5747 0.0480 0.2000 0.4314 0.3922 0.1961 9.0123 2.0000 
207 208 1 -1.7666 -2.1580 -5.5747 -1.7896 -2.2895 -5.7236 0.0480 0.2000 0.4314 0.3922 0.1961 9.1262 2.0000 
208 209 1 -1.7896 -2.2895 -5.7236 -1.8095 -2.3890 -5.8960 0.0480 0.2000 0.4314 0.3922 0.1961 9.2409 2.0000 
209 210 1 -1.8095 -2.3890 -5.8960 -1.8670 -2.4966 -6.0544 0.0480 0.2000 0.4314 0.3922 0.1961 9.3563 2.0000 
210 211 1 -1.8670 -2.4966 -6.0544 -1.8784 -2.6034 -6.2232 0.0480 0.2000 0.4314 0.3922 0.1961 9.4726 2.0000 
211 212 1 -1.8784 -2.6034 -6.2232 -1.8873 -2.7076 -6.3936 0.0480 0.2000 0.4314 0.3922 0.1961 9.5896 2.0000 
212 213 1 -1.8873 -2.7076 -6.3936 -1.8605 -2.8115 -6.5624 0.0480 0.2000 0.4314 0.3922 0.1961 9.7075 2.0000 
213 214 1 -1.8605 -2.8115 -6.5624 -1.8250 -2.9111 -6.7322 0.0480 0.2000 0.4314 0.3922 0.1961 9.8261 2.0000 
214 215 1 -1.8250 -2.9111 -6.7322 -1.8026 -3.0165 -6.9006 0.0480 0.2000 0.4314 0.3922 0.1961 9.9456 2.0000 
215 216 1 -1.8026 -3.0165 -6.9006 -1.7994 -3.1731 -7.0251 0.0480 0.2000 0.4314 0.3922 0.1961 10.0660 2.0000 
216 217 1 -1.7994 -3.1731 -7.0251 -1.7760 -3.3156 -7.1634 0.0480 0.2000 0.4314 0.3922 0.1961 10.1872 2.0000 
217 218 1 -1.7760 -3.3156 -7.1634 -1.7532 -3.4564 -7.3036 0.0480 0.2000 0.4314 0.3922 0.1961 10.3093 2.0000 
218 219 1 -1.7532 -3.4564 -7.3036 -1.7697 -3.5868 -7.4544 0.0480 0.2000 0.4314 0.3922 0.1961 10.4322 2.0000 
219 220 1 -1.7697 -3.5868 -7.4544 -1.7828 -3.7127 -7.6092 0.0480 0.2000 0.4314 0.3922 0.1961 10.5561 2.0000 
220 221 1 -1.7828 -3.7127 -7.6092 -1.7869 -3.8125 -7.7825 0.0480 0.2000 0.4314 0.3922 0.1961 10.6809 2.0000 
221 222 1 -1.7869 -3.8125 -7.7825 -1.8510 -3.9233 -7.9361 0.0480 0.2000 0.4314 0.3922 0.1961 10.8066 2.0000 
222 223 1 -1.8510 -3.9233 -7.9361 -1.8986 -4.0416 -8.0902 0.0480 0.2000 0.4314 0.3922 0.1961 10.9332 2.0000 
223 224 1 -1.8986 -4.0416 -8.0902 -1.9342 -4.1720 -8.2376 0.0480 0.2000 0.4314 0.3922 0.1961 11.0608 2.0000 
224 225 1 -1.9342 -4.1720 -8.2376 -1.9341 -4.2905 -8.3987 0.0480 0.2000 0.4314 0.3922 0.1961 11.1893 2.0000 
225 226 1 -1.9341 -4.2905 -8.3987 -1.9347 -4.3844 -8.5753 0.0480 0.2000 0.4314 0.3922 0.1961 11.3188 2.0000 
226 227 1 -1.9347 -4.3844 -8.5753 -1.9368 -4.5024 -8.7368 0.0480 0.2000 0.4314 0.3922 0.1961 11.4494 2.0000 
227 228 1 -1.9368 -4.5024 -8.7368 -1.9322 -4.6170 -8.9006 0.0480 0.2000 0.4314 0.3922 0.1961 11.5809 2.0000 
228 229 1 -1.9322 -4.6170 -8.9006 -1.9452 -4.7254 -9.0682 0.0480 0.2000 0.4314 0.3922 0.1961 11.7134 2.0000 
229 230 1 -1.9452 -4.7254 -9.0682 -1.9604 -4.8403 -9.2312 0.0480 0.2000 0.4314 0.3922 0.1961 11.8470 2.0000 
230 231 1 -1.9604 -4.8403 -9.2312 -1.9409 -4.9474 -9.3990 0.0480 0.2000 0.4314 0.3922 0.1961 11.9817 2.0000 
231 232 1 -1.9409 -4.9474 -9.3990 -1.9234 -5.0594 -9.5638 0.0480 0.2000 0.4314 0.3922 0.1961 12.1174 2.0000 
232 233 1 -1.9234 -5.0594 -9.5638 -1.9054 -5.1561 -9.7379 0.0480 0.2000 0.4314 0.3922 0.1961 12.2542 2.0000 
233 234 1 -1.9054 -5.1561 -9.7379 -1.9004 -5.2410 -9.9189 0.0480 0.2000 0.4314 0.3922 0.1961 12.3922 2.0000 
234 235 1 -1.9004 -5.2410 -9.9189 -1.9020 -5.3386 -10.0934 0.0480 0.2000 0.4314 0.3922 0.1961 12.5312 2.0000 
235 236 1 -1.9020 -5.3386 -10.0934 -1.9013 -5.4364 -10.2679 0.0480 0.2000 0.4314 0.3922 0.1961 12.6714 2.0000 
236 237 1 -1.9013 -5.4364 -10.2679 -1.8995 -5.5319 -10.4436 0.0480 0.2000 0.4314 0.3922 0.1961 12.8128 2.0000 
237 238 1 -1.8995 -5.5319 -10.4436 -1.8961 -5.6228 -10.6217 0.0480 0.2000 0.4314 0.3922 0.1961 12.9554 2.0000 
238 239 1 -1.8961 -5.6228 -10.6217 -1.8929 -5.7228 -10.7949 0.0480 0.2000 0.4314 0.3922 0.1961 13.0991 2.0000 
239 240 1 -1.8929 -5.7228 -10.7949 -1.8739 -5.8401 -10.9558 0.0480 0.2000 0.4314 0.3922 0.1961 13.2441 2.0000 
240 241 1 -1.8739 -5.8401 -10.9558 -1.8731 -5.9325 -11.1332 0.0480 0.2000 0.4314 0.3922 0.1961 13.3904 2.0000 
241 242 1 -1.8731 -5.9325 -11.1332 -1.8557 -5.9754 -11.3278 0.0480 0.2000 0.4314 0.3922 0.1961 13.5379 2.0000 
242 243 1 -1.8557 -5.9754 -11.3278 -1.8539 -6.0069 -11.5253 0.0480 0.2000 0.4314 0.3922 0.1961 13.6867 2.0000 
243 244 1 -1.8539 -6.0069 -11.5253 -1.8794 -6.0220 -11.7230 0.0480 0.2000 0.4314 0.3922 0.1961 13.8368 2.0000 
244 245 1 -1.8794 -6.0220 -11.7230 -1.9060 -6.0486 -11.9195 0.0480 0.2000 0.4314 0.3922 0.1961 13.9882 2.0000 
245 246 1 -1.9060 -6.0486 -11.9195 -1.9327 -6.0758 -12.1158 0.0480 0.2000 0.4314 0.3922 0.1961 14.1410 2.0000 
246 247 1 -1.9327 -6.0758 -12.1158 -1.9868 -6.0796 -12.3083 0.0480 0.2000 0.4314 0.3922 0.1961 14.2952 2.0000 
247 248 1 -1.9868 -6.0796 -12.3083 -2.0416 -6.0709 -12.5005 0.0480 0.2000 0.4314 0.3922 0.1961 14.4509 2.0000 
248 249 1 -2.0416 -6.0709 -12.5005 -2.0775 -6.0579 -12.6968 0.0480 0.2000 0.4314 0.3922 0.1961 14.6079 2.0000 
249 250 1 -2.0775 -6.0579 -12.6968 -2.1263 -6.0432 -12.8902 0.0480 0.2000 0.4314 0.3922 0.1961 14.7664 2.0000 
250 251 1 -2.1263 -6.0432 -12.8902 -2.1988 -6.0039 -13.0724 0.0480 0.2000 0.4314 0.3922 0.1961 14.9264 2.0000 
251 252 1 -2.1988 -6.0039 -13.0724 -2.2744 -5.9643 -13.2533 0.0480 0.2000 0.4314 0.3922 0.1961 15.0880 2.0000 
252 253 1 -2.2744 -5.9643 -13.2533 -2.2794 -5.9575 -13.4531 0.0480 0.2000 0.4314 0.3922 0.1961 15.2510 2.0000 
253 254 1 -2.2794 -5.9575 -13.4531 -2.2493 -5.9733 -13.6502 0.0480 0.2000 0.4314 0.3922 0.1961 15.4157 2.0000 
254 255 1 -2.2493 -5.9733 -13.6502 -2.2241 -6.0179 -13.8435 0.0480 0.2000 0.4314 0.3922 0.1961 15.5819 2.0000 
255 256 1 -2.2241 -6.0179 -13.8435 -2.1380 -6.0527 -14.0207 0.0480 0.2000 0.4314 0.3922 0.1961 15.7499 2.0000 
256 257 1 -2.1380 -6.0527 -14.0207 -2.0278 -6.0648 -14.1871 0.0480 0.2000 0.4314 0.3922 0.1961 15.9194 2.0000 
257 258 1 -2.0278 -6.0648 -14.1871 -1.9229 -6.0805 -14.3567 0.0480 0.2000 0.4314 0.3922 0.1961 16.0907 2.0000 
258 259 1 -1.9229 -6.0805 -14.3567 -1.8054 -6.1140 -14.5150 0.0480 0.2000 0.4314 0.3922 0.1961 16.2638 2.0000 
259 260 1 -1.8054 -6.1140 -14.5150 -1.6819 -6.1377 -14.6705 0.0480 0.2000 0.4314 0.3922 0.1961 16.4386 2.0000 
260 261 1 -1.6819 -6.1377 -14.6705 -1.5248 -6.2078 -14.7726 0.0480 0.2000 0.4314 0.3922 0.1961 16.6152 2.0000 
261 262 1 -1.5248 -6.2078 -14.7726 -1.3740 -6.2827 -14.8805 0.0480 0.2000 0.4314 0.3922 0.1961 16.7937 2.0000 
262 263 1 -1.3740 -6.2827 -14.8805 -1.2312 -6.3636 -14.9948 0.0480 0.2000 0.4314 0.3922 0.1961 16.9741 2.0000 
263 264 1 -1.2312 -6.3636 -14.9948 -1.0883 -6.4449 -15.1087 0.0480 0.2000 0.4314 0.3922 0.1961 17.1564 2.0000 
264 265 1 -1.0883 -6.4449 -15.1087 -0.9441 -6.5255 -15.2213 0.0480 0.2000 0.4314 0.3922 0.1961 17.3407 2.0000 
265 266 1 -0.9441 -6.5255 -15.2213 -0.8030 -6.5971 -15.3437 0.0480 0.2000 0.4314 0.3922 0.1961 17.5270 2.0000 
266 267 1 -0.8030 -6.5971 -15.3437 -0.6567 -6.6262 -15.4770 0.0480 0.2000 0.4314 0.3922 0.1961 17.7154 2.0000 
267 268 1 -0.6567 -6.6262 -15.4770 -0.5094 -6.6182 -15.6120 0.0480 0.2000 0.4314 0.3922 0.1961 17.9059 2.0000 
268 269 1 -0.5094 -6.6182 -15.6120 -0.3747 -6.6130 -15.7598 0.0480 0.2000 0.4314 0.3922 0.1961 18.0985 2.0000 
269 270 1 -0.3747 -6.6130 -15.7598 -0.2403 -6.6496 -15.9033 0.0480 0.2000 0.4314 0.3922 0.1961 18.2934 2.0000 
270 271 1 -0.2403 -6.6496 -15.9033 -0.1129 -6.7018 -16.0484 0.0480 0.2000 0.4314 0.3922 0.1961 18.4905 2.0000 
271 272 1 -0.1129 -6.7018 -16.0484 -0.0103 -6.7376 -16.2163 0.0480 0.2000 0.4314 0.3922 0.1961 18.6899 2.0000 
272 273 1 -0.0103 -6.7376 -16.2163 0.1131 -6.7892 -16.3649 0.0480 0.2000 0.4314 0.3922 0.1961 18.8917 2.0000 
273 274 1 0.1131 -6.7892 -16.3649 0.2366 -6.8327 -16.5162 0.0480 0.2000 0.4314 0.3922 0.1961 19.0960 2.0000 
274 275 1 0.2366 -6.8327 -16.5162 0.3784 -6.8696 -16.6523 0.0480 0.2000 0.4314 0.3922 0.1961 19.3027 2.0000 
275 276 1 0.3784 -6.8696 -16.6523 0.5207 -6.9043 -16.7884 0.0480 0.2000 0.4314 0.3922 0.1961 19.5119 2.0000 
276 277 1 0.5207 -6.9043 -16.7884 0.6641 -6.9406 -16.9231 0.0480 0.2000 0.4314 0.3922 0.1961 19.7238 2.0000 
277 278 1 0.6641 -6.9406 -16.9231 0.8100 -6.9743 -17.0557 0.0480 0.2000 0.4314 0.3922 0.1961 19.9383 2.0000 
278 279 1 0.8100 -6.9743 -17.0557 0.9540 -6.9794 -17.1943 0.0480 0.2000 0.4314 0.3922 0.1961 20.1556 2.0000 
279 280 1 0.9540 -6.9794 -17.1943 1.1009 -6.9893 -17.3297 0.0480 0.2000 0.4314 0.3922 0.1961 20.3757 2.0000 
280 281 1 1.1009 -6.9893 -17.3297 1.2581 -7.0007 -17.4528 0.0480 0.2000 0.4314 0.3922 0.1961 20.5987 2.0000 
281 282 1 1.2581 -7.0007 -17.4528 1.4110 -6.9515 -17.5720 0.0480 0.2000 0.4314 0.3922 0.1961 20.8246 2.0000 
282 283 1 1.4110 -6.9515 -17.5720 1.5531 -6.8865 -17.6968 0.0480 0.2000 0.4314 0.3922 0.1961 21.0536 2.0000 
283 284 1 1.5531 -6.8865 -17.6968 1.7121 -6.8292 -17.8038 0.0480 0.2000 0.4314 0.3922 0.1961 21.2857 2.0000 
284 285 1 1.7121 -6.8292 -17.8038 1.8415 -6.7276 -17.9175 0.0480 0.2000 0.4314 0.3922 0.1961 21.5210 2.0000 
285 286 1 1.8415 -6.7276 -17.9175 1.9723 -6.6286 -18.0320 0.0480 0.2000 0.4314 0.3922 0.1961 21.7596 2.0000 
286 287 1 1.9723 -6.6286 -18.0320 2.1271 -6.5814 -18.1495 0.0480 0.2000 0.4314 0.3922 0.1961 22.0017 2.0000 
287 288 1 2.1271 -6.5814 -18.1495 2.2832 -6.5292 -18.2631 0.0480 0.2000 0.4314 0.3922 0.1961 22.2472 2.0000 
288 289 1 2.2832 -6.5292 -18.2631 2.4469 -6.5088 -18.3762 0.0480 0.2000 0.4314 0.3922 0.1961 22.4963 2.0000 
289 290 1 2.4469 -6.5088 -18.3762 2.6141 -6.5363 -18.4825 0.0480 0.2000 0.4314 0.3922 0.1961 22.7491 2.0000 
290 291 1 2.6141 -6.5363 -18.4825 2.7932 -6.5380 -18.5715 0.0480 0.2000 0.4314 0.3922 0.1961 23.0058 2.0000 
291 292 1 2.7932 -6.5380 -18.5715 2.9722 -6.5378 -18.6605 0.0480 0.2000 0.4314 0.3922 0.1961 23.2664 2.0000 
292 293 1 2.9722 -6.5378 -18.6605 3.1526 -6.5216 -18.7454 0.0480 0.2000 0.4314 0.3922 0.1961 23.5310 2.0000 
293 294 1 3.1526 -6.5216 -18.7454 3.3328 -6.5064 -18.8309 0.0480 0.2000 0.4314 0.3922 0.1961 23.7998 2.0000 
294 295 1 3.3328 -6.5064 -18.8309 3.5127 -6.4910 -18.9170 0.0480 0.2000 0.4314 0.3922 0.1961 24.0730 2.0000 
295 296 1 3.5127 -6.4910 -18.9170 3.6858 -6.4930 -19.0171 0.0480 0.2000 0.4314 0.3922 0.1961 24.3506 2.0000 
296 297 1 3.6858 -6.4930 -19.0171 3.8556 -6.4902 -19.1227 0.0480 0.2000 0.4314 0.3922 0.1961 24.6328 2.0000 
297 298 1 3.8556 -6.4902 -19.1227 3.9740 -6.4682 -19.2823 0.0480 0.2000 0.4314 0.3922 0.1961 24.9198 2.0000 
298 299 1 3.9740 -6.4682 -19.2823 4.0870 -6.4508 -19.4464 0.0480 0.2000 0.4314 0.3922 0.1961 25.2117 2.0000 
299 300 1 4.0870 -6.4508 -19.4464 4.1884 -6.4363 -19.6182 0.0480 0.2000 0.4314 0.3922 0.1961 25.5087 2.0000 
300 301 1 4.1884 -6.4363 -19.6182 4.2835 -6.4144 -19.7928 0.0480 0.2000 0.4314 0.3922 0.1961 25.8110 2.0000 
301 302 1 4.2835 -6.4144 -19.7928 4.3650 -6.4566 -19.9705 0.0480 0.2000 0.4314 0.3922 0.1961 26.1187 2.0000 
302 303 1 4.3650 -6.4566 -19.9705 4.4396 -6.5037 -20.1500 0.0480 0.2000 0.4314 0.3922 0.1961 26.4322 2.0000 
303 304 1 4.4396 -6.5037 -20.1500 4.5144 -6.5288 -20.3338 0.0480 0.2000 0.4314 0.3922 0.1961 26.7515 2.0000 
304 305 1 4.5144 -6.5288 -20.3338 4.5624 -6.5660 -20.5243 0.0480 0.2000 0.4314 0.3922 0.1961 27.0769 2.0000 
305 306 1 4.5624 -6.5660 -20.5243 4.6368 -6.5831 -20.7092 0.0480 0.2000 0.4314 0.3922 0.1961 27.4087 2.0000 
306 307 1 4.6368 -6.5831 -20.7092 4.7058 -6.6055 -20.8956 0.0480 0.2000 0.4314 0.3922 0.1961 27.7471 2.0000 
307 308 1 4.7058 -6.6055 -20.8956 4.7834 -6.6249 -21.0789 0.0480 0.2000 0.4314 0.3922 0.1961 28.0924 2.0000 
308 309 1 4.7834 -6.6249 -21.0789 4.8474 -6.6497 -21.2667 0.0480 0.2000 0.4314 0.3922 0.1961 28.4448 2.0000 
309 310 1 4.8474 -6.6497 -21.2667 4.9117 -6.6761 -21.4543 0.0480 0.2000 0.4314 0.3922 0.1961 28.8047 2.0000 
310 311 1 4.9117 -6.6761 -21.4543 4.9851 -6.6956 -21.6393 0.0480 0.2000 0.4314 0.3922 0.1961 29.1724 2.0000 
311 312 1 4.9851 -6.6956 -21.6393 5.0478 -6.6587 -21.8256 0.0480 0.2000 0.4314 0.3922 0.1961 29.5482 2.0000 
312 313 1 5.0478 -6.6587 -21.8256 5.0898 -6.6024 -22.0128 0.0480 0.2000 0.4314 0.3922 0.1961 29.9326 2.0000 
313 314 1 5.0898 -6.6024 -22.0128 5.0987 -6.5934 -22.0451 0.0480 0.0346 0.4314 0.3922 0.1961 30.0000 2.0000 
2 315 2 -0.0006 0.0104 -3.3783 0.0129 0.1979 -3.4467 0.0659 0.2000 0.4314 0.3922 0.1961 7.2990 2.0000 
315 316 2 0.0129 0.1979 -3.4467 0.0106 0.3844 -3.5187 0.0659 0.2000 0.4314 0.3922 0.1961 7.4006 2.0000 
316 317 2 0.0106 0.3844 -3.5187 0.0108 0.5701 -3.5930 0.0659 0.2000 0.4314 0.3922 0.1961 7.5029 2.0000 
317 318 2 0.0108 0.5701 -3.5930 0.0449 0.7603 -3.6446 0.0659 0.2000 0.4314 0.3922 0.1961 7.6058 2.0000 
318 319 2 0.0449 0.7603 -3.6446 0.1237 0.9405 -3.6810 0.0659 0.2000 0.4314 0.3922 0.1961 7.7094 2.0000 
319 320 2 0.1237 0.9405 -3.6810 0.1913 1.1234 -3.7256 0.0659 0.2000 0.4314 0.3922 0.1961 7.8137 2.0000 
320 321 2 0.1913 1.1234 -3.7256 0.2715 1.2999 -3.7745 0.0659 0.2000 0.4314 0.3922 0.1961 7.9186 2.0000 
321 322 2 0.2715 1.2999 -3.7745 0.3568 1.4721 -3.8298 0.0659 0.2000 0.4314 0.3922 0.1961 8.0243 2.0000 
322 323 2 0.3568 1.4721 -3.8298 0.4384 1.6463 -3.8847 0.0659 0.2000 0.4314 0.3922 0.1961 8.1306 2.0000 
323 324 2 0.4384 1.6463 -3.8847 0.5003 1.8245 -3.9511 0.0659 0.2000 0.4314 0.3922 0.1961 8.2377 2.0000 
324 325 2 0.5003 1.8245 -3.9511 0.5476 2.0061 -4.0202 0.0659 0.2000 0.4314 0.3922 0.1961 8.3455 2.0000 
325 326 2 0.5476 2.0061 -4.0202 0.6037 2.1891 -4.0785 0.0659 0.2000 0.4314 0.3922 0.1961 8.4540 2.0000 
326 327 2 0.6037 2.1891 -4.0785 0.6602 2.3479 -4.1861 0.0659 0.2000 0.4314 0.3922 0.1961 8.5633 2.0000 
327 328 2 0.6602 2.3479 -4.1861 0.7468 2.4763 -4.3126 0.0659 0.2000 0.4314 0.3922 0.1961 8.6733 2.0000 
328 329 2 0.7468 2.4763 -4.3126 0.8134 2.6259 -4.4274 0.0659 0.2000 0.4314 0.3922 0.1961 8.7841 2.0000 
329 330 2 0.8134 2.6259 -4.4274 0.8751 2.7700 -4.5516 0.0659 0.2000 0.4314 0.3922 0.1961 8.8956 2.0000 
330 331 2 0.8751 2.7700 -4.5516 0.9301 2.8831 -4.7072 0.0659 0.2000 0.4314 0.3922 0.1961 9.0079 2.0000 
331 332 2 0.9301 2.8831 -4.7072 0.9498 2.9686 -4.8869 0.0659 0.2000 0.4314 0.3922 0.1961 9.1211 2.0000 
332 333 2 0.9498 2.9686 -4.8869 0.9693 3.0413 -5.0722 0.0659 0.2000 0.4314 0.3922 0.1961 9.2350 2.0000 
333 334 2 0.9693 3.0413 -5.0722 0.9906 3.1056 -5.2604 0.0659 0.2000 0.4314 0.3922 0.1961 9.3497 2.0000 
334 335 2 0.9906 3.1056 -5.2604 1.0472 3.1272 -5.4510 0.0659 0.2000 0.4314 0.3922 0.1961 9.4653 2.0000 
335 336 2 1.0472 3.1272 -5.4510 1.1080 3.1038 -5.6401 0.0659 0.2000 0.4314 0.3922 0.1961 9.5817 2.0000 
336 337 2 1.1080 3.1038 -5.6401 1.1346 3.0743 -5.8361 0.0659 0.2000 0.4314 0.3922 0.1961 9.6990 2.0000 
337 338 2 1.1346 3.0743 -5.8361 1.1676 3.0527 -6.0321 0.0659 0.2000 0.4314 0.3922 0.1961 9.8171 2.0000 
338 339 2 1.1676 3.0527 -6.0321 1.2112 3.0335 -6.2264 0.0659 0.2000 0.4314 0.3922 0.1961 9.9362 2.0000 
339 340 2 1.2112 3.0335 -6.2264 1.2469 3.0559 -6.4219 0.0659 0.2000 0.4314 0.3922 0.1961 10.0561 2.0000 
340 341 2 1.2469 3.0559 -6.4219 1.2813 3.0780 -6.6177 0.0659 0.2000 0.4314 0.3922 0.1961 10.1769 2.0000 
341 342 2 1.2813 3.0780 -6.6177 1.2667 3.0707 -6.8170 0.0659 0.2000 0.4314 0.3922 0.1961 10.2986 2.0000 
342 343 2 1.2667 3.0707 -6.8170 1.2677 3.0774 -7.0169 0.0659 0.2000 0.4314 0.3922 0.1961 10.4213 2.0000 
343 344 2 1.2677 3.0774 -7.0169 1.2323 3.0955 -7.2129 0.0659 0.2000 0.4314 0.3922 0.1961 10.5449 2.0000 
344 345 2 1.2323 3.0955 -7.2129 1.1702 3.1417 -7.3973 0.0659 0.2000 0.4314 0.3922 0.1961 10.6695 2.0000 
345 346 2 1.1702 3.1417 -7.3973 1.1080 3.1872 -7.5819 0.0659 0.2000 0.4314 0.3922 0.1961 10.7951 2.0000 
346 347 2 1.1080 3.1872 -7.5819 1.0554 3.2377 -7.7681 0.0659 0.2000 0.4314 0.3922 0.1961 10.9216 2.0000 
347 348 2 1.0554 3.2377 -7.7681 1.0454 3.2741 -7.9645 0.0659 0.2000 0.4314 0.3922 0.1961 11.0492 2.0000 
348 349 2 1.0454 3.2741 -7.9645 1.0310 3.3091 -8.1609 0.0659 0.2000 0.4314 0.3922 0.1961 11.1778 2.0000 
349 350 2 1.0310 3.3091 -8.1609 1.0513 3.3307 -8.3587 0.0659 0.2000 0.4314 0.3922 0.1961 11.3074 2.0000 
350 351 2 1.0513 3.3307 -8.3587 1.0790 3.3564 -8.5551 0.0659 0.2000 0.4314 0.3922 0.1961 11.4381 2.0000 
351 352 2 1.0790 3.3564 -8.5551 1.0870 3.2926 -8.7445 0.0659 0.2000 0.4314 0.3922 0.1961 11.5699 2.0000 
352 353 2 1.0870 3.2926 -8.7445 1.1072 3.2389 -8.9360 0.0659 0.2000 0.4314 0.3922 0.1961 11.7028 2.0000 
353 354 2 1.1072 3.2389 -8.9360 1.1269 3.2019 -9.1316 0.0659 0.2000 0.4314 0.3922 0.1961 11.8367 2.0000 
354 355 2 1.1269 3.2019 -9.1316 1.1366 3.1694 -9.3287 0.0659 0.2000 0.4314 0.3922 0.1961 11.9719 2.0000 
355 356 2 1.1366 3.1694 -9.3287 1.0994 3.1534 -9.5246 0.0659 0.2000 0.4314 0.3922 0.1961 12.1081 2.0000 
356 357 2 1.0994 3.1534 -9.5246 1.0670 3.1647 -9.7216 0.0659 0.2000 0.4314 0.3922 0.1961 12.2456 2.0000 
357 358 2 1.0670 3.1647 -9.7216 1.0435 3.1772 -9.9198 0.0659 0.2000 0.4314 0.3922 0.1961 12.3842 2.0000 
358 359 2 1.0435 3.1772 -9.9198 1.0323 3.1921 -10.1189 0.0659 0.2000 0.4314 0.3922 0.1961 12.5240 2.0000 
359 360 2 1.0323 3.1921 -10.1189 1.0128 3.2062 -10.3175 0.0659 0.2000 0.4314 0.3922 0.1961 12.6651 2.0000 
360 361 2 1.0128 3.2062 -10.3175 1.0129 3.2247 -10.5166 0.0659 0.2000 0.4314 0.3922 0.1961 12.8074 2.0000 
361 362 2 1.0129 3.2247 -10.5166 0.9945 3.2527 -10.7138 0.0659 0.2000 0.4314 0.3922 0.1961 12.9510 2.0000 
362 363 2 0.9945 3.2527 -10.7138 0.9322 3.2838 -10.9013 0.0659 0.2000 0.4314 0.3922 0.1961 13.0959 2.0000 
363 364 2 0.9322 3.2838 -10.9013 0.8411 3.2737 -11.0790 0.0659 0.2000 0.4314 0.3922 0.1961 13.2422 2.0000 
364 365 2 0.8411 3.2737 -11.0790 0.7490 3.2627 -11.2562 0.0659 0.2000 0.4314 0.3922 0.1961 13.3898 2.0000 
365 366 2 0.7490 3.2627 -11.2562 0.6662 3.2701 -11.4381 0.0659 0.2000 0.4314 0.3922 0.1961 13.5387 2.0000 
366 367 2 0.6662 3.2701 -11.4381 0.5835 3.2773 -11.6201 0.0659 0.2000 0.4314 0.3922 0.1961 13.6891 2.0000 
367 368 2 0.5835 3.2773 -11.6201 0.4998 3.2767 -11.8017 0.0659 0.2000 0.4314 0.3922 0.1961 13.8409 2.0000 
368 369 2 0.4998 3.2767 -11.8017 0.4049 3.2808 -11.9777 0.0659 0.2000 0.4314 0.3922 0.1961 13.9941 2.0000 
369 370 2 0.4049 3.2808 -11.9777 0.3216 3.3038 -12.1581 0.0659 0.2000 0.4314 0.3922 0.1961 14.1488 2.0000 
370 371 2 0.3216 3.3038 -12.1581 0.2333 3.3519 -12.3310 0.0659 0.2000 0.4314 0.3922 0.1961 14.3051 2.0000 
371 372 2 0.2333 3.3519 -12.3310 0.1816 3.4032 -12.5172 0.0659 0.2000 0.4314 0.3922 0.1961 14.4629 2.0000 
372 373 2 0.1816 3.4032 -12.5172 0.1355 3.4799 -12.6961 0.0659 0.2000 0.4314 0.3922 0.1961 14.6222 2.0000 
373 374 2 0.1355 3.4799 -12.6961 0.0728 3.5368 -12.8773 0.0659 0.2000 0.4314 0.3922 0.1961 14.7832 2.0000 
374 375 2 0.0728 3.5368 -12.8773 0.0121 3.5975 -13.0579 0.0659 0.2000 0.4314 0.3922 0.1961 14.9458 2.0000 
375 376 2 0.0121 3.5975 -13.0579 -0.0499 3.6588 -13.2380 0.0659 0.2000 0.4314 0.3922 0.1961 15.1100 2.0000 
376 377 2 -0.0499 3.6588 -13.2380 -0.1153 3.7324 -13.4120 0.0659 0.2000 0.4314 0.3922 0.1961 15.2760 2.0000 
377 378 2 -0.1153 3.7324 -13.4120 -0.1835 3.7983 -13.5881 0.0659 0.2000 0.4314 0.3922 0.1961 15.4437 2.0000 
378 379 2 -0.1835 3.7983 -13.5881 -0.2313 3.8601 -13.7722 0.0659 0.2000 0.4314 0.3922 0.1961 15.6132 2.0000 
379 380 2 -0.2313 3.8601 -13.7722 -0.2702 3.9397 -13.9515 0.0659 0.2000 0.4314 0.3922 0.1961 15.7845 2.0000 
380 381 2 -0.2702 3.9397 -13.9515 -0.3516 3.9821 -14.1292 0.0659 0.2000 0.4314 0.3922 0.1961 15.9576 2.0000 
381 382 2 -0.3516 3.9821 -14.1292 -0.3787 4.0172 -14.3242 0.0659 0.2000 0.4314 0.3922 0.1961 16.1327 2.0000 
382 383 2 -0.3787 4.0172 -14.3242 -0.3967 4.0426 -14.5218 0.0659 0.2000 0.4314 0.3922 0.1961 16.3097 2.0000 
383 384 2 -0.3967 4.0426 -14.5218 -0.4047 4.0735 -14.7192 0.0659 0.2000 0.4314 0.3922 0.1961 16.4887 2.0000 
384 385 2 -0.4047 4.0735 -14.7192 -0.4391 4.0673 -14.9162 0.0659 0.2000 0.4314 0.3922 0.1961 16.6697 2.0000 
385 386 2 -0.4391 4.0673 -14.9162 -0.4704 4.0579 -15.1135 0.0659 0.2000 0.4314 0.3922 0.1961 16.8527 2.0000 
386 387 2 -0.4704 4.0579 -15.1135 -0.4996 4.0563 -15.3113 0.0659 0.2000 0.4314 0.3922 0.1961 17.0379 2.0000 
387 388 2 -0.4996 4.0563 -15.3113 -0.5203 4.0584 -15.5103 0.0659 0.2000 0.4314 0.3922 0.1961 17.2253 2.0000 
388 389 2 -0.5203 4.0584 -15.5103 -0.5019 4.0402 -15.7086 0.0659 0.2000 0.4314 0.3922 0.1961 17.4149 2.0000 
389 390 2 -0.5019 4.0402 -15.7086 -0.4798 4.0471 -15.9072 0.0659 0.2000 0.4314 0.3922 0.1961 17.6068 2.0000 
390 391 2 -0.4798 4.0471 -15.9072 -0.4668 4.0527 -16.1067 0.0659 0.2000 0.4314 0.3922 0.1961 17.8009 2.0000 
391 392 2 -0.4668 4.0527 -16.1067 -0.4600 4.0800 -16.3047 0.0659 0.2000 0.4314 0.3922 0.1961 17.9975 2.0000 
392 393 2 -0.4600 4.0800 -16.3047 -0.4529 4.1079 -16.5027 0.0659 0.2000 0.4314 0.3922 0.1961 18.1966 2.0000 
393 394 2 -0.4529 4.1079 -16.5027 -0.4661 4.0474 -16.6928 0.0659 0.2000 0.4314 0.3922 0.1961 18.3981 2.0000 
394 395 2 -0.4661 4.0474 -16.6928 -0.5040 4.0023 -16.8840 0.0659 0.2000 0.4314 0.3922 0.1961 18.6022 2.0000 
395 396 2 -0.5040 4.0023 -16.8840 -0.5272 3.9441 -17.0739 0.0659 0.2000 0.4314 0.3922 0.1961 18.8089 2.0000 
396 397 2 -0.5272 3.9441 -17.0739 -0.5040 3.8972 -17.2669 0.0659 0.2000 0.4314 0.3922 0.1961 19.0184 2.0000 
397 398 2 -0.5040 3.8972 -17.2669 -0.4432 3.8359 -17.4474 0.0659 0.2000 0.4314 0.3922 0.1961 19.2306 2.0000 
398 399 2 -0.4432 3.8359 -17.4474 -0.4259 3.7608 -17.6319 0.0659 0.2000 0.4314 0.3922 0.1961 19.4457 2.0000 
399 400 2 -0.4259 3.7608 -17.6319 -0.4074 3.6842 -17.8157 0.0659 0.2000 0.4314 0.3922 0.1961 19.6638 2.0000 
400 401 2 -0.4074 3.6842 -17.8157 -0.3888 3.6515 -18.0122 0.0659 0.2000 0.4314 0.3922 0.1961 19.8848 2.0000 
401 402 2 -0.3888 3.6515 -18.0122 -0.3921 3.6122 -18.2082 0.0659 0.2000 0.4314 0.3922 0.1961 20.1089 2.0000 
402 403 2 -0.3921 3.6122 -18.2082 -0.4130 3.5448 -18.3954 0.0659 0.2000 0.4314 0.3922 0.1961 20.3363 2.0000 
403 404 2 -0.4130 3.5448 -18.3954 -0.4399 3.4651 -18.5768 0.0659 0.2000 0.4314 0.3922 0.1961 20.5669 2.0000 
404 405 2 -0.4399 3.4651 -18.5768 -0.4588 3.3806 -18.7571 0.0659 0.2000 0.4314 0.3922 0.1961 20.8008 2.0000 
405 406 2 -0.4588 3.3806 -18.7571 -0.4770 3.2696 -18.9225 0.0659 0.2000 0.4314 0.3922 0.1961 21.0383 2.0000 
406 407 2 -0.4770 3.2696 -18.9225 -0.4988 3.1490 -19.0806 0.0659 0.2000 0.4314 0.3922 0.1961 21.2793 2.0000 
407 408 2 -0.4988 3.1490 -19.0806 -0.5108 3.0238 -19.2360 0.0659 0.2000 0.4314 0.3922 0.1961 21.5240 2.0000 
408 409 2 -0.5108 3.0238 -19.2360 -0.5183 2.9022 -19.3946 0.0659 0.2000 0.4314 0.3922 0.1961 21.7726 2.0000 
409 410 2 -0.5183 2.9022 -19.3946 -0.5344 2.8030 -19.5676 0.0659 0.2000 0.4314 0.3922 0.1961 22.0250 2.0000 
410 411 2 -0.5344 2.8030 -19.5676 -0.5759 2.7323 -19.7500 0.0659 0.2000 0.4314 0.3922 0.1961 22.2815 2.0000 
411 412 2 -0.5759 2.7323 -19.7500 -0.6090 2.6783 -19.9397 0.0659 0.2000 0.4314 0.3922 0.1961 22.5422 2.0000 
412 413 2 -0.6090 2.6783 -19.9397 -0.6659 2.6292 -20.1250 0.0659 0.2000 0.4314 0.3922 0.1961 22.8072 2.0000 
413 414 2 -0.6659 2.6292 -20.1250 -0.7286 2.5912 -20.3111 0.0659 0.2000 0.4314 0.3922 0.1961 23.0767 2.0000 
414 415 2 -0.7286 2.5912 -20.3111 -0.7774 2.5628 -20.5030 0.0659 0.2000 0.4314 0.3922 0.1961 23.3508 2.0000 
415 416 2 -0.7774 2.5628 -20.5030 -0.8293 2.5330 -20.6938 0.0659 0.2000 0.4314 0.3922 0.1961 23.6297 2.0000 
416 417 2 -0.8293 2.5330 -20.6938 -0.8768 2.5258 -20.8880 0.0659 0.2000 0.4314 0.3922 0.1961 23.9135 2.0000 
417 418 2 -0.8768 2.5258 -20.8880 -0.8879 2.5439 -21.0868 0.0659 0.2000 0.4314 0.3922 0.1961 24.2024 2.0000 
418 419 2 -0.8879 2.5439 -21.0868 -0.8703 2.5570 -21.2856 0.0659 0.2000 0.4314 0.3922 0.1961 24.4967 2.0000 
419 420 2 -0.8703 2.5570 -21.2856 -0.8738 2.5983 -21.4813 0.0659 0.2000 0.4314 0.3922 0.1961 24.7965 2.0000 
420 421 2 -0.8738 2.5983 -21.4813 -0.8974 2.6697 -21.6666 0.0659 0.2000 0.4314 0.3922 0.1961 25.1020 2.0000 
421 422 2 -0.8974 2.6697 -21.6666 -0.9054 2.7278 -21.8578 0.0659 0.2000 0.4314 0.3922 0.1961 25.4135 2.0000 
422 423 2 -0.9054 2.7278 -21.8578 -0.9043 2.7941 -22.0465 0.0659 0.2000 0.4314 0.3922 0.1961 25.7311 2.0000 
423 424 2 -0.9043 2.7941 -22.0465 -0.8860 2.7994 -22.2456 0.0659 0.2000 0.4314 0.3922 0.1961 26.0552 2.0000 
424 425 2 -0.8860 2.7994 -22.2456 -0.8729 2.8030 -22.4451 0.0659 0.2000 0.4314 0.3922 0.1961 26.3860 2.0000 
425 426 2 -0.8729 2.8030 -22.4451 -0.8653 2.8114 -22.6448 0.0659 0.2000 0.4314 0.3922 0.1961 26.7238 2.0000 
426 427 2 -0.8653 2.8114 -22.6448 -0.8553 2.8191 -22.8444 0.0659 0.2000 0.4314 0.3922 0.1961 27.0689 2.0000 
427 428 2 -0.8553 2.8191 -22.8444 -0.8450 2.8264 -23.0440 0.0659 0.2000 0.4314 0.3922 0.1961 27.4216 2.0000 
428 429 2 -0.8450 2.8264 -23.0440 -0.8376 2.8100 -23.2432 0.0659 0.2000 0.4314 0.3922 0.1961 27.7823 2.0000 
429 430 2 -0.8376 2.8100 -23.2432 -0.8321 2.7705 -23.4392 0.0659 0.2000 0.4314 0.3922 0.1961 28.1513 2.0000 
430 431 2 -0.8321 2.7705 -23.4392 -0.8202 2.7632 -23.6387 0.0659 0.2000 0.4314 0.3922 0.1961 28.5290 2.0000 
431 432 2 -0.8202 2.7632 -23.6387 -0.7965 2.7575 -23.8372 0.0659 0.2000 0.4314 0.3922 0.1961 28.9158 2.0000 
432 433 2 -0.7965 2.7575 -23.8372 -0.7662 2.7621 -24.0348 0.0659 0.2000 0.4314 0.3922 0.1961 29.3122 2.0000 
433 434 2 -0.7662 2.7621 -24.0348 -0.7416 2.7782 -24.2327 0.0659 0.2000 0.4314 0.3922 0.1961 29.7187 2.0000 
434 435 2 -0.7416 2.7782 -24.2327 -0.7293 2.7903 -24.3670 0.0659 0.1354 0.4314 0.3922 0.1961 30.0000 2.0000 
4 436 3 0.0108 0.0120 -3.7612 -0.1423 -0.0863 -3.8443 0.0596 0.2000 0.4314 0.3922 0.1961 7.6179 2.0000 
436 437 3 -0.1423 -0.0863 -3.8443 -0.2916 -0.1831 -3.9356 0.0596 0.2000 0.4314 0.3922 0.1961 7.7146 2.0000 
437 438 3 -0.2916 -0.1831 -3.9356 -0.4274 -0.2639 -4.0582 0.0596 0.2000 0.4314 0.3922 0.1961 7.8118 2.0000 
438 439 3 -0.4274 -0.2639 -4.0582 -0.5494 -0.3408 -4.1968 0.0596 0.2000 0.4314 0.3922 0.1961 7.9098 2.0000 
439 440 3 -0.5494 -0.3408 -4.1968 -0.6862 -0.4193 -4.3198 0.0596 0.2000 0.4314 0.3922 0.1961 8.0083 2.0000 
440 441 3 -0.6862 -0.4193 -4.3198 -0.8296 -0.5037 -4.4307 0.0596 0.2000 0.4314 0.3922 0.1961 8.1076 2.0000 
441 442 3 -0.8296 -0.5037 -4.4307 -0.9828 -0.5473 -4.5517 0.0596 0.2000 0.4314 0.3922 0.1961 8.2075 2.0000 
442 443 3 -0.9828 -0.5473 -4.5517 -1.1355 -0.6181 -4.6597 0.0596 0.2000 0.4314 0.3922 0.1961 8.3080 2.0000 
443 444 3 -1.1355 -0.6181 -4.6597 -1.2806 -0.7004 -4.7700 0.0596 0.2000 0.4314 0.3922 0.1961 8.4093 2.0000 
444 445 3 -1.2806 -0.7004 -4.7700 -1.4256 -0.8111 -4.8520 0.0596 0.2000 0.4314 0.3922 0.1961 8.5112 2.0000 
445 446 3 -1.4256 -0.8111 -4.8520 -1.5835 -0.9214 -4.9059 0.0596 0.2000 0.4314 0.3922 0.1961 8.6139 2.0000 
446 447 3 -1.5835 -0.9214 -4.9059 -1.7672 -0.9950 -4.9343 0.0596 0.2000 0.4314 0.3922 0.1961 8.7173 2.0000 
447 448 3 -1.7672 -0.9950 -4.9343 -1.9459 -1.0713 -4.9819 0.0596 0.2000 0.4314 0.3922 0.1961 8.8214 2.0000 
448 449 3 -1.9459 -1.0713 -4.9819 -2.1234 -1.1491 -5.0314 0.0596 0.2000 0.4314 0.3922 0.1961 8.9262 2.0000 
449 450 3 -2.1234 -1.1491 -5.0314 -2.3013 -1.2247 -5.0828 0.0596 0.2000 0.4314 0.3922 0.1961 9.0318 2.0000 
450 451 3 -2.3013 -1.2247 -5.0828 -2.4708 -1.2716 -5.1780 0.0596 0.2000 0.4314 0.3922 0.1961 9.1381 2.0000 
451 452 3 -2.4708 -1.2716 -5.1780 -2.6354 -1.3222 -5.2797 0.0596 0.2000 0.4314 0.3922 0.1961 9.2452 2.0000 
452 453 3 -2.6354 -1.3222 -5.2797 -2.7944 -1.3824 -5.3850 0.0596 0.2000 0.4314 0.3922 0.1961 9.3531 2.0000 
453 454 3 -2.7944 -1.3824 -5.3850 -2.9571 -1.4344 -5.4891 0.0596 0.2000 0.4314 0.3922 0.1961 9.4618 2.0000 
454 455 3 -2.9571 -1.4344 -5.4891 -3.1162 -1.4761 -5.6029 0.0596 0.2000 0.4314 0.3922 0.1961 9.5713 2.0000 
455 456 3 -3.1162 -1.4761 -5.6029 -3.2721 -1.5229 -5.7190 0.0596 0.2000 0.4314 0.3922 0.1961 9.6815 2.0000 
456 457 3 -3.2721 -1.5229 -5.7190 -3.4262 -1.5810 -5.8326 0.0596 0.2000 0.4314 0.3922 0.1961 9.7927 2.0000 
457 458 3 -3.4262 -1.5810 -5.8326 -3.5658 -1.6335 -5.9658 0.0596 0.2000 0.4314 0.3922 0.1961 9.9046 2.0000 
458 459 3 -3.5658 -1.6335 -5.9658 -3.7115 -1.6715 -6.0974 0.0596 0.2000 0.4314 0.3922 0.1961 10.0174 2.0000 
459 460 3 -3.7115 -1.6715 -6.0974 -3.8548 -1.7144 -6.2302 0.0596 0.2000 0.4314 0.3922 0.1961 10.1311 2.0000 
460 461 3 -3.8548 -1.7144 -6.2302 -3.9840 -1.7477 -6.3792 0.0596 0.2000 0.4314 0.3922 0.1961 10.2456 2.0000 
461 462 3 -3.9840 -1.7477 -6.3792 -4.1107 -1.7796 -6.5306 0.0596 0.2000 0.4314 0.3922 0.1961 10.3611 2.0000 
462 463 3 -4.1107 -1.7796 -6.5306 -4.2148 -1.8167 -6.6973 0.0596 0.2000 0.4314 0.3922 0.1961 10.4774 2.0000 
463 464 3 -4.2148 -1.8167 -6.6973 -4.3205 -1.8528 -6.8632 0.0596 0.2000 0.4314 0.3922 0.1961 10.5947 2.0000 
464 465 3 -4.3205 -1.8528 -6.8632 -4.4247 -1.8967 -7.0282 0.0596 0.2000 0.4314 0.3922 0.1961 10.7129 2.0000 
465 466 3 -4.4247 -1.8967 -7.0282 -4.5290 -1.9375 -7.1939 0.0596 0.2000 0.4314 0.3922 0.1961 10.8320 2.0000 
466 467 3 -4.5290 -1.9375 -7.1939 -4.6423 -1.9817 -7.3527 0.0596 0.2000 0.4314 0.3922 0.1961 10.9521 2.0000 
467 468 3 -4.6423 -1.9817 -7.3527 -4.7504 -2.0222 -7.5160 0.0596 0.2000 0.4314 0.3922 0.1961 11.0732 2.0000 
468 469 3 -4.7504 -2.0222 -7.5160 -4.8465 -2.0640 -7.6863 0.0596 0.2000 0.4314 0.3922 0.1961 11.1953 2.0000 
469 470 3 -4.8465 -2.0640 -7.6863 -4.9449 -2.1095 -7.8544 0.0596 0.2000 0.4314 0.3922 0.1961 11.3184 2.0000 
470 471 3 -4.9449 -2.1095 -7.8544 -5.0417 -2.1561 -8.0231 0.0596 0.2000 0.4314 0.3922 0.1961 11.4425 2.0000 
471 472 3 -5.0417 -2.1561 -8.0231 -5.1222 -2.1956 -8.2018 0.0596 0.2000 0.4314 0.3922 0.1961 11.5677 2.0000 
472 473 3 -5.1222 -2.1956 -8.2018 -5.1980 -2.2015 -8.3868 0.0596 0.2000 0.4314 0.3922 0.1961 11.6939 2.0000 
473 474 3 -5.1980 -2.2015 -8.3868 -5.2744 -2.2117 -8.5714 0.0596 0.2000 0.4314 0.3922 0.1961 11.8212 2.0000 
474 475 3 -5.2744 -2.2117 -8.5714 -5.3317 -2.2266 -8.7624 0.0596 0.2000 0.4314 0.3922 0.1961 11.9496 2.0000 
475 476 3 -5.3317 -2.2266 -8.7624 -5.3299 -2.2151 -8.9621 0.0596 0.2000 0.4314 0.3922 0.1961 12.0792 2.0000 
476 477 3 -5.3299 -2.2151 -8.9621 -5.3207 -2.1926 -9.1606 0.0596 0.2000 0.4314 0.3922 0.1961 12.2098 2.0000 
477 478 3 -5.3207 -2.1926 -9.1606 -5.2870 -2.2043 -9.3574 0.0596 0.2000 0.4314 0.3922 0.1961 12.3417 2.0000 
478 479 3 -5.2870 -2.2043 -9.3574 -5.2684 -2.2003 -9.5565 0.0596 0.2000 0.4314 0.3922 0.1961 12.4747 2.0000 
479 480 3 -5.2684 -2.2003 -9.5565 -5.2392 -2.2207 -9.7533 0.0596 0.2000 0.4314 0.3922 0.1961 12.6089 2.0000 
480 481 3 -5.2392 -2.2207 -9.7533 -5.2383 -2.2470 -9.9515 0.0596 0.2000 0.4314 0.3922 0.1961 12.7444 2.0000 
481 482 3 -5.2383 -2.2470 -9.9515 -5.2526 -2.2858 -10.1472 0.0596 0.2000 0.4314 0.3922 0.1961 12.8811 2.0000 
482 483 3 -5.2526 -2.2858 -10.1472 -5.2478 -2.3455 -10.3380 0.0596 0.2000 0.4314 0.3922 0.1961 13.0191 2.0000 
483 484 3 -5.2478 -2.3455 -10.3380 -5.2462 -2.4038 -10.5293 0.0596 0.2000 0.4314 0.3922 0.1961 13.1583 2.0000 
484 485 3 -5.2462 -2.4038 -10.5293 -5.2465 -2.4690 -10.7184 0.0596 0.2000 0.4314 0.3922 0.1961 13.2989 2.0000 
485 486 3 -5.2465 -2.4690 -10.7184 -5.2523 -2.5350 -10.9071 0.0596 0.2000 0.4314 0.3922 0.1961 13.4408 2.0000 
486 487 3 -5.2523 -2.5350 -10.9071 -5.2521 -2.6264 -11.0850 0.0596 0.2000 0.4314 0.3922 0.1961 13.5841 2.0000 
487 488 3 -5.2521 -2.6264 -11.0850 -5.2534 -2.7410 -11.2489 0.0596 0.2000 0.4314 0.3922 0.1961 13.7288 2.0000 
488 489 3 -5.2534 -2.7410 -11.2489 -5.2588 -2.8461 -11.4190 0.0596 0.2000 0.4314 0.3922 0.1961 13.8749 2.0000 
489 490 3 -5.2588 -2.8461 -11.4190 -5.2688 -2.9401 -11.5952 0.0596 0.2000 0.4314 0.3922 0.1961 14.0225 2.0000 
490 491 3 -5.2688 -2.9401 -11.5952 -5.3331 -3.0075 -11.7722 0.0596 0.2000 0.4314 0.3922 0.1961 14.1716 2.0000 
491 492 3 -5.3331 -3.0075 -11.7722 -5.4008 -3.0644 -11.9516 0.0596 0.2000 0.4314 0.3922 0.1961 14.3221 2.0000 
492 493 3 -5.4008 -3.0644 -11.9516 -5.4691 -3.1200 -12.1312 0.0596 0.2000 0.4314 0.3922 0.1961 14.4743 2.0000 
493 494 3 -5.4691 -3.1200 -12.1312 -5.5373 -3.1757 -12.3107 0.0596 0.2000 0.4314 0.3922 0.1961 14.6279 2.0000 
494 495 3 -5.5373 -3.1757 -12.3107 -5.5762 -3.2261 -12.5003 0.0596 0.2000 0.4314 0.3922 0.1961 14.7832 2.0000 
495 496 3 -5.5762 -3.2261 -12.5003 -5.6103 -3.2649 -12.6935 0.0596 0.2000 0.4314 0.3922 0.1961 14.9402 2.0000 
496 497 3 -5.6103 -3.2649 -12.6935 -5.6516 -3.2867 -12.8880 0.0596 0.2000 0.4314 0.3922 0.1961 15.0988 2.0000 
497 498 3 -5.6516 -3.2867 -12.8880 -5.6952 -3.3071 -13.0821 0.0596 0.2000 0.4314 0.3922 0.1961 15.2591 2.0000 
498 499 3 -5.6952 -3.3071 -13.0821 -5.7484 -3.3027 -13.2749 0.0596 0.2000 0.4314 0.3922 0.1961 15.4212 2.0000 
499 500 3 -5.7484 -3.3027 -13.2749 -5.7872 -3.3028 -13.4711 0.0596 0.2000 0.4314 0.3922 0.1961 15.5851 2.0000 
500 501 3 -5.7872 -3.3028 -13.4711 -5.8242 -3.2993 -13.6676 0.0596 0.2000 0.4314 0.3922 0.1961 15.7508 2.0000 
501 502 3 -5.8242 -3.2993 -13.6676 -5.8635 -3.3000 -13.8637 0.0596 0.2000 0.4314 0.3922 0.1961 15.9183 2.0000 
502 503 3 -5.8635 -3.3000 -13.8637 -5.9116 -3.3068 -14.0577 0.0596 0.2000 0.4314 0.3922 0.1961 16.0878 2.0000 
503 504 3 -5.9116 -3.3068 -14.0577 -5.9948 -3.3398 -14.2365 0.0596 0.2000 0.4314 0.3922 0.1961 16.2592 2.0000 
504 505 3 -5.9948 -3.3398 -14.2365 -6.1467 -3.3860 -14.3583 0.0596 0.2000 0.4314 0.3922 0.1961 16.4327 2.0000 
505 506 3 -6.1467 -3.3860 -14.3583 -6.2791 -3.4275 -14.5023 0.0596 0.2000 0.4314 0.3922 0.1961 16.6082 2.0000 
506 507 3 -6.2791 -3.4275 -14.5023 -6.4158 -3.4702 -14.6419 0.0596 0.2000 0.4314 0.3922 0.1961 16.7858 2.0000 
507 508 3 -6.4158 -3.4702 -14.6419 -6.5332 -3.5066 -14.7997 0.0596 0.2000 0.4314 0.3922 0.1961 16.9655 2.0000 
508 509 3 -6.5332 -3.5066 -14.7997 -6.6742 -3.5176 -14.9411 0.0596 0.2000 0.4314 0.3922 0.1961 17.1475 2.0000 
509 510 3 -6.6742 -3.5176 -14.9411 -6.8217 -3.5356 -15.0749 0.0596 0.2000 0.4314 0.3922 0.1961 17.3317 2.0000 
510 511 3 -6.8217 -3.5356 -15.0749 -6.9696 -3.5559 -15.2080 0.0596 0.2000 0.4314 0.3922 0.1961 17.5182 2.0000 
511 512 3 -6.9696 -3.5559 -15.2080 -7.1067 -3.5835 -15.3509 0.0596 0.2000 0.4314 0.3922 0.1961 17.7071 2.0000 
512 513 3 -7.1067 -3.5835 -15.3509 -7.2295 -3.6002 -15.5079 0.0596 0.2000 0.4314 0.3922 0.1961 17.8984 2.0000 
513 514 3 -7.2295 -3.6002 -15.5079 -7.3470 -3.6146 -15.6691 0.0596 0.2000 0.4314 0.3922 0.1961 18.0922 2.0000 
514 515 3 -7.3470 -3.6146 -15.6691 -7.4101 -3.6211 -15.8588 0.0596 0.2000 0.4314 0.3922 0.1961 18.2886 2.0000 
515 516 3 -7.4101 -3.6211 -15.8588 -7.4372 -3.6512 -16.0547 0.0596 0.2000 0.4314 0.3922 0.1961 18.4877 2.0000 
516 517 3 -7.4372 -3.6512 -16.0547 -7.4607 -3.6815 -16.2510 0.0596 0.2000 0.4314 0.3922 0.1961 18.6894 2.0000 
517 518 3 -7.4607 -3.6815 -16.2510 -7.4797 -3.7015 -16.4491 0.0596 0.2000 0.4314 0.3922 0.1961 18.8939 2.0000 
518 519 3 -7.4797 -3.7015 -16.4491 -7.4713 -3.7242 -16.6476 0.0596 0.2000 0.4314 0.3922 0.1961 19.1013 2.0000 
519 520 3 -7.4713 -3.7242 -16.6476 -7.4924 -3.7275 -16.8464 0.0596 0.2000 0.4314 0.3922 0.1961 19.3116 2.0000 
520 521 3 -7.4924 -3.7275 -16.8464 -7.4921 -3.7257 -17.0464 0.0596 0.2000 0.4314 0.3922 0.1961 19.5249 2.0000 
521 522 3 -7.4921 -3.7257 -17.0464 -7.4757 -3.7174 -17.2456 0.0596 0.2000 0.4314 0.3922 0.1961 19.7414 2.0000 
522 523 3 -7.4757 -3.7174 -17.2456 -7.4895 -3.7162 -17.4451 0.0596 0.2000 0.4314 0.3922 0.1961 19.9610 2.0000 
523 524 3 -7.4895 -3.7162 -17.4451 -7.4986 -3.7240 -17.6447 0.0596 0.2000 0.4314 0.3922 0.1961 20.1840 2.0000 
524 525 3 -7.4986 -3.7240 -17.6447 -7.4876 -3.7307 -17.8443 0.0596 0.2000 0.4314 0.3922 0.1961 20.4103 2.0000 
525 526 3 -7.4876 -3.7307 -17.8443 -7.4728 -3.7159 -18.0432 0.0596 0.2000 0.4314 0.3922 0.1961 20.6402 2.0000 
526 527 3 -7.4728 -3.7159 -18.0432 -7.4415 -3.7124 -18.2407 0.0596 0.2000 0.4314 0.3922 0.1961 20.8736 2.0000 
527 528 3 -7.4415 -3.7124 -18.2407 -7.4085 -3.6916 -18.4369 0.0596 0.2000 0.4314 0.3922 0.1961 21.1108 2.0000 
528 529 3 -7.4085 -3.6916 -18.4369 -7.3755 -3.6773 -18.6336 0.0596 0.2000 0.4314 0.3922 0.1961 21.3519 2.0000 
529 530 3 -7.3755 -3.6773 -18.6336 -7.3626 -3.6623 -18.8326 0.0596 0.2000 0.4314 0.3922 0.1961 21.5969 2.0000 
530 531 3 -7.3626 -3.6623 -18.8326 -7.3445 -3.6371 -19.0302 0.0596 0.2000 0.4314 0.3922 0.1961 21.8460 2.0000 
531 532 3 -7.3445 -3.6371 -19.0302 -7.3033 -3.5922 -19.2207 0.0596 0.2000 0.4314 0.3922 0.1961 22.0994 2.0000 
532 533 3 -7.3033 -3.5922 -19.2207 -7.2603 -3.5465 -19.4106 0.0596 0.2000 0.4314 0.3922 0.1961 22.3572 2.0000 
533 534 3 -7.2603 -3.5465 -19.4106 -7.2172 -3.5009 -19.6005 0.0596 0.2000 0.4314 0.3922 0.1961 22.6196 2.0000 
534 535 3 -7.2172 -3.5009 -19.6005 -7.1401 -3.5053 -19.7850 0.0596 0.2000 0.4314 0.3922 0.1961 22.8867 2.0000 
535 536 3 -7.1401 -3.5053 -19.7850 -7.0786 -3.4538 -19.9682 0.0596 0.2000 0.4314 0.3922 0.1961 23.1587 2.0000 
536 537 3 -7.0786 -3.4538 -19.9682 -7.0605 -3.4201 -20.1645 0.0596 0.2000 0.4314 0.3922 0.1961 23.4357 2.0000 
537 538 3 -7.0605 -3.4201 -20.1645 -7.0319 -3.4022 -20.3616 0.0596 0.2000 0.4314 0.3922 0.1961 23.7180 2.0000 
538 539 3 -7.0319 -3.4022 -20.3616 -6.9491 -3.3705 -20.5409 0.0596 0.2000 0.4314 0.3922 0.1961 24.0058 2.0000 
539 540 3 -6.9491 -3.3705 -20.5409 -6.8664 -3.3373 -20.7199 0.0596 0.2000 0.4314 0.3922 0.1961 24.2993 2.0000 
540 541 3 -6.8664 -3.3373 -20.7199 -6.7619 -3.3057 -20.8875 0.0596 0.2000 0.4314 0.3922 0.1961 24.5987 2.0000 
541 542 3 -6.7619 -3.3057 -20.8875 -6.6747 -3.3284 -21.0661 0.0596 0.2000 0.4314 0.3922 0.1961 24.9043 2.0000 
542 543 3 -6.6747 -3.3284 -21.0661 -6.5664 -3.3651 -21.2302 0.0596 0.2000 0.4314 0.3922 0.1961 25.2163 2.0000 
543 544 3 -6.5664 -3.3651 -21.2302 -6.4391 -3.3762 -21.3840 0.0596 0.2000 0.4314 0.3922 0.1961 25.5350 2.0000 
544 545 3 -6.4391 -3.3762 -21.3840 -6.3196 -3.3892 -21.5438 0.0596 0.2000 0.4314 0.3922 0.1961 25.8607 2.0000 
545 546 3 -6.3196 -3.3892 -21.5438 -6.2038 -3.4070 -21.7059 0.0596 0.2000 0.4314 0.3922 0.1961 26.1937 2.0000 
546 547 3 -6.2038 -3.4070 -21.7059 -6.1057 -3.4504 -21.8747 0.0596 0.2000 0.4314 0.3922 0.1961 26.5343 2.0000 
547 548 3 -6.1057 -3.4504 -21.8747 -5.9901 -3.5116 -22.0260 0.0596 0.2000 0.4314 0.3922 0.1961 26.8830 2.0000 
548 549 3 -5.9901 -3.5116 -22.0260 -5.8983 -3.5774 -22.1911 0.0596 0.2000 0.4314 0.3922 0.1961 27.2400 2.0000 
549 550 3 -5.8983 -3.5774 -22.1911 -5.8076 -3.6437 -22.3566 0.0596 0.2000 0.4314 0.3922 0.1961 27.6058 2.0000 
550 551 3 -5.8076 -3.6437 -22.3566 -5.7167 -3.7088 -22.5223 0.0596 0.2000 0.4314 0.3922 0.1961 27.9809 2.0000 
551 552 3 -5.7167 -3.7088 -22.5223 -5.6401 -3.8001 -22.6830 0.0596 0.2000 0.4314 0.3922 0.1961 28.3657 2.0000 
552 553 3 -5.6401 -3.8001 -22.6830 -5.5619 -3.8964 -22.8398 0.0596 0.2000 0.4314 0.3922 0.1961 28.7608 2.0000 
553 554 3 -5.5619 -3.8964 -22.8398 -5.4895 -4.0000 -22.9948 0.0596 0.2000 0.4314 0.3922 0.1961 29.1666 2.0000 
554 555 3 -5.4895 -4.0000 -22.9948 -5.4610 -4.1000 -23.1657 0.0596 0.2000 0.4314 0.3922 0.1961 29.5839 2.0000 
555 556 3 -5.4610 -4.1000 -23.1657 -5.4571 -4.1883 -23.3384 0.0596 0.1939 0.4314 0.3922 0.1961 30.0000 2.0000 
7 557 4 0.0273 0.0047 -4.1704 -0.0938 0.1408 -4.2529 0.0706 0.2000 0.4314 0.3922 0.1961 7.9722 2.0000 
557 558 4 -0.0938 0.1408 -4.2529 -0.2569 0.2294 -4.3273 0.0706 0.2000 0.4314 0.3922 0.1961 8.0731 2.0000 
558 559 4 -0.2569 0.2294 -4.3273 -0.4320 0.2962 -4.3972 0.0706 0.2000 0.4314 0.3922 0.1961 8.1746 2.0000 
559 560 4 -0.4320 0.2962 -4.3972 -0.6185 0.3364 -4.4571 0.0706 0.2000 0.4314 0.3922 0.1961 8.2770 2.0000 
560 561 4 -0.6185 0.3364 -4.4571 -0.8003 0.3771 -4.5300 0.0706 0.2000 0.4314 0.3922 0.1961 8.3800 2.0000 
561 562 4 -0.8003 0.3771 -4.5300 -0.9867 0.4098 -4.5947 0.0706 0.2000 0.4314 0.3922 0.1961 8.4838 2.0000 
562 563 4 -0.9867 0.4098 -4.5947 -1.1740 0.4321 -4.6611 0.0706 0.2000 0.4314 0.3922 0.1961 8.5883 2.0000 
563 564 4 -1.1740 0.4321 -4.6611 -1.3422 0.4648 -4.7643 0.0706 0.2000 0.4314 0.3922 0.1961 8.6937 2.0000 
564 565 4 -1.3422 0.4648 -4.7643 -1.5054 0.5091 -4.8710 0.0706 0.2000 0.4314 0.3922 0.1961 8.7997 2.0000 
565 566 4 -1.5054 0.5091 -4.8710 -1.6437 0.5674 -5.0032 0.0706 0.2000 0.4314 0.3922 0.1961 8.9066 2.0000 
566 567 4 -1.6437 0.5674 -5.0032 -1.7931 0.6141 -5.1277 0.0706 0.2000 0.4314 0.3922 0.1961 9.0143 2.0000 
567 568 4 -1.7931 0.6141 -5.1277 -1.9310 0.6548 -5.2668 0.0706 0.2000 0.4314 0.3922 0.1961 9.1228 2.0000 
568 569 4 -1.9310 0.6548 -5.2668 -2.0747 0.7162 -5.3915 0.0706 0.2000 0.4314 0.3922 0.1961 9.2322 2.0000 
569 570 4 -2.0747 0.7162 -5.3915 -2.1865 0.7850 -5.5424 0.0706 0.2000 0.4314 0.3922 0.1961 9.3424 2.0000 
570 571 4 -2.1865 0.7850 -5.5424 -2.2911 0.8361 -5.7050 0.0706 0.2000 0.4314 0.3922 0.1961 9.4534 2.0000 
571 572 4 -2.2911 0.8361 -5.7050 -2.3600 0.8934 -5.8838 0.0706 0.2000 0.4314 0.3922 0.1961 9.5653 2.0000 
572 573 4 -2.3600 0.8934 -5.8838 -2.4229 0.9312 -6.0699 0.0706 0.2000 0.4314 0.3922 0.1961 9.6781 2.0000 
573 574 4 -2.4229 0.9312 -6.0699 -2.4660 0.9505 -6.2642 0.0706 0.2000 0.4314 0.3922 0.1961 9.7918 2.0000 
574 575 4 -2.4660 0.9505 -6.2642 -2.4990 0.9417 -6.4613 0.0706 0.2000 0.4314 0.3922 0.1961 9.9063 2.0000 
575 576 4 -2.4990 0.9417 -6.4613 -2.5364 0.9315 -6.6575 0.0706 0.2000 0.4314 0.3922 0.1961 10.0219 2.0000 
576 577 4 -2.5364 0.9315 -6.6575 -2.5829 0.9655 -6.8490 0.0706 0.2000 0.4314 0.3922 0.1961 10.1383 2.0000 
577 578 4 -2.5829 0.9655 -6.8490 -2.6170 1.0010 -7.0429 0.0706 0.2000 0.4314 0.3922 0.1961 10.2557 2.0000 
578 579 4 -2.6170 1.0010 -7.0429 -2.6294 0.9833 -7.2417 0.0706 0.2000 0.4314 0.3922 0.1961 10.3741 2.0000 
579 580 4 -2.6294 0.9833 -7.2417 -2.6581 0.9771 -7.4395 0.0706 0.2000 0.4314 0.3922 0.1961 10.4935 2.0000 
580 581 4 -2.6581 0.9771 -7.4395 -2.7230 0.9823 -7.6287 0.0706 0.2000 0.4314 0.3922 0.1961 10.6138 2.0000 
581 582 4 -2.7230 0.9823 -7.6287 -2.8235 1.0070 -7.7998 0.0706 0.2000 0.4314 0.3922 0.1961 10.7352 2.0000 
582 583 4 -2.8235 1.0070 -7.7998 -2.8641 1.0556 -7.9895 0.0706 0.2000 0.4314 0.3922 0.1961 10.8576 2.0000 
583 584 4 -2.8641 1.0556 -7.9895 -2.9065 1.1008 -8.1796 0.0706 0.2000 0.4314 0.3922 0.1961 10.9811 2.0000 
584 585 4 -2.9065 1.1008 -8.1796 -2.9479 1.1419 -8.3709 0.0706 0.2000 0.4314 0.3922 0.1961 11.1057 2.0000 
585 586 4 -2.9479 1.1419 -8.3709 -2.9808 1.1225 -8.5673 0.0706 0.2000 0.4314 0.3922 0.1961 11.2313 2.0000 
586 587 4 -2.9808 1.1225 -8.5673 -3.0130 1.1000 -8.7634 0.0706 0.2000 0.4314 0.3922 0.1961 11.3581 2.0000 
587 588 4 -3.0130 1.1000 -8.7634 -3.0025 1.0778 -8.9619 0.0706 0.2000 0.4314 0.3922 0.1961 11.4860 2.0000 
588 589 4 -3.0025 1.0778 -8.9619 -3.0430 1.0786 -9.1577 0.0706 0.2000 0.4314 0.3922 0.1961 11.6150 2.0000 
589 590 4 -3.0430 1.0786 -9.1577 -3.0896 1.1473 -9.3397 0.0706 0.2000 0.4314 0.3922 0.1961 11.7453 2.0000 
590 591 4 -3.0896 1.1473 -9.3397 -3.1463 1.2076 -9.5217 0.0706 0.2000 0.4314 0.3922 0.1961 11.8767 2.0000 
591 592 4 -3.1463 1.2076 -9.5217 -3.2033 1.2346 -9.7115 0.0706 0.2000 0.4314 0.3922 0.1961 12.0093 2.0000 
592 593 4 -3.2033 1.2346 -9.7115 -3.2001 1.2714 -9.9081 0.0706 0.2000 0.4314 0.3922 0.1961 12.1432 2.0000 
593 594 4 -3.2001 1.2714 -9.9081 -3.1973 1.3055 -10.1051 0.0706 0.2000 0.4314 0.3922 0.1961 12.2783 2.0000 
594 595 4 -3.1973 1.3055 -10.1051 -3.1971 1.3592 -10.2978 0.0706 0.2000 0.4314 0.3922 0.1961 12.4147 2.0000 
595 596 4 -3.1971 1.3592 -10.2978 -3.2228 1.4330 -10.4819 0.0706 0.2000 0.4314 0.3922 0.1961 12.5525 2.0000 
596 597 4 -3.2228 1.4330 -10.4819 -3.2648 1.5019 -10.6649 0.0706 0.2000 0.4314 0.3922 0.1961 12.6916 2.0000 
597 598 4 -3.2648 1.5019 -10.6649 -3.3199 1.5706 -10.8445 0.0706 0.2000 0.4314 0.3922 0.1961 12.8320 2.0000 
598 599 4 -3.3199 1.5706 -10.8445 -3.4137 1.6602 -10.9967 0.0706 0.2000 0.4314 0.3922 0.1961 12.9738 2.0000 
599 600 4 -3.4137 1.6602 -10.9967 -3.5060 1.7252 -11.1618 0.0706 0.2000 0.4314 0.3922 0.1961 13.1171 2.0000 
600 601 4 -3.5060 1.7252 -11.1618 -3.5882 1.7947 -11.3303 0.0706 0.2000 0.4314 0.3922 0.1961 13.2618 2.0000 
601 602 4 -3.5882 1.7947 -11.3303 -3.6525 1.8330 -11.5158 0.0706 0.2000 0.4314 0.3922 0.1961 13.4079 2.0000 
602 603 4 -3.6525 1.8330 -11.5158 -3.7172 1.8713 -11.7011 0.0706 0.2000 0.4314 0.3922 0.1961 13.5556 2.0000 
603 604 4 -3.7172 1.8713 -11.7011 -3.7813 1.9235 -11.8833 0.0706 0.2000 0.4314 0.3922 0.1961 13.7048 2.0000 
604 605 4 -3.7813 1.9235 -11.8833 -3.8890 2.0071 -12.0296 0.0706 0.2000 0.4314 0.3922 0.1961 13.8556 2.0000 
605 606 4 -3.8890 2.0071 -12.0296 -3.9730 2.1268 -12.1660 0.0706 0.2000 0.4314 0.3922 0.1961 14.0080 2.0000 
606 607 4 -3.9730 2.1268 -12.1660 -4.0412 2.2274 -12.3248 0.0706 0.2000 0.4314 0.3922 0.1961 14.1621 2.0000 
607 608 4 -4.0412 2.2274 -12.3248 -4.1118 2.3171 -12.4890 0.0706 0.2000 0.4314 0.3922 0.1961 14.3178 2.0000 
608 609 4 -4.1118 2.3171 -12.4890 -4.1552 2.3585 -12.6798 0.0706 0.2000 0.4314 0.3922 0.1961 14.4752 2.0000 
609 610 4 -4.1552 2.3585 -12.6798 -4.2017 2.3717 -12.8739 0.0706 0.2000 0.4314 0.3922 0.1961 14.6344 2.0000 
610 611 4 -4.2017 2.3717 -12.8739 -4.2093 2.3583 -13.0733 0.0706 0.2000 0.4314 0.3922 0.1961 14.7953 2.0000 
611 612 4 -4.2093 2.3583 -13.0733 -4.2301 2.3629 -13.2722 0.0706 0.2000 0.4314 0.3922 0.1961 14.9581 2.0000 
612 613 4 -4.2301 2.3629 -13.2722 -4.2562 2.3705 -13.4703 0.0706 0.2000 0.4314 0.3922 0.1961 15.1228 2.0000 
613 614 4 -4.2562 2.3705 -13.4703 -4.2931 2.3817 -13.6665 0.0706 0.2000 0.4314 0.3922 0.1961 15.2894 2.0000 
614 615 4 -4.2931 2.3817 -13.6665 -4.3336 2.3919 -13.8621 0.0706 0.2000 0.4314 0.3922 0.1961 15.4579 2.0000 
615 616 4 -4.3336 2.3919 -13.8621 -4.3715 2.4026 -14.0582 0.0706 0.2000 0.4314 0.3922 0.1961 15.6285 2.0000 
616 617 4 -4.3715 2.4026 -14.0582 -4.3879 2.4136 -14.2572 0.0706 0.2000 0.4314 0.3922 0.1961 15.8011 2.0000 
617 618 4 -4.3879 2.4136 -14.2572 -4.4024 2.4268 -14.4563 0.0706 0.2000 0.4314 0.3922 0.1961 15.9758 2.0000 
618 619 4 -4.4024 2.4268 -14.4563 -4.4138 2.4429 -14.6553 0.0706 0.2000 0.4314 0.3922 0.1961 16.1527 2.0000 
619 620 4 -4.4138 2.4429 -14.6553 -4.4243 2.4455 -14.8550 0.0706 0.2000 0.4314 0.3922 0.1961 16.3318 2.0000 
620 621 4 -4.4243 2.4455 -14.8550 -4.4227 2.4223 -15.0537 0.0706 0.2000 0.4314 0.3922 0.1961 16.5131 2.0000 
621 622 4 -4.4227 2.4223 -15.0537 -4.4295 2.3945 -15.2516 0.0706 0.2000 0.4314 0.3922 0.1961 16.6968 2.0000 
622 623 4 -4.4295 2.3945 -15.2516 -4.4331 2.3672 -15.4497 0.0706 0.2000 0.4314 0.3922 0.1961 16.8828 2.0000 
623 624 4 -4.4331 2.3672 -15.4497 -4.4597 2.3438 -15.6465 0.0706 0.2000 0.4314 0.3922 0.1961 17.0714 2.0000 
624 625 4 -4.4597 2.3438 -15.6465 -4.4584 2.3498 -15.8464 0.0706 0.2000 0.4314 0.3922 0.1961 17.2624 2.0000 
625 626 4 -4.4584 2.3498 -15.8464 -4.4569 2.3799 -16.0441 0.0706 0.2000 0.4314 0.3922 0.1961 17.4560 2.0000 
626 627 4 -4.4569 2.3799 -16.0441 -4.4501 2.3855 -16.2440 0.0706 0.2000 0.4314 0.3922 0.1961 17.6523 2.0000 
627 628 4 -4.4501 2.3855 -16.2440 -4.4437 2.3766 -16.4437 0.0706 0.2000 0.4314 0.3922 0.1961 17.8513 2.0000 
628 629 4 -4.4437 2.3766 -16.4437 -4.4417 2.3853 -16.6435 0.0706 0.2000 0.4314 0.3922 0.1961 18.0531 2.0000 
629 630 4 -4.4417 2.3853 -16.6435 -4.4560 2.3785 -16.8428 0.0706 0.2000 0.4314 0.3922 0.1961 18.2578 2.0000 
630 631 4 -4.4560 2.3785 -16.8428 -4.4506 2.3384 -17.0387 0.0706 0.2000 0.4314 0.3922 0.1961 18.4654 2.0000 
631 632 4 -4.4506 2.3384 -17.0387 -4.4215 2.2963 -17.2320 0.0706 0.2000 0.4314 0.3922 0.1961 18.6761 2.0000 
632 633 4 -4.4215 2.2963 -17.2320 -4.3312 2.2638 -17.4075 0.0706 0.2000 0.4314 0.3922 0.1961 18.8900 2.0000 
633 634 4 -4.3312 2.2638 -17.4075 -4.2611 2.2359 -17.5927 0.0706 0.2000 0.4314 0.3922 0.1961 19.1071 2.0000 
634 635 4 -4.2611 2.2359 -17.5927 -4.1715 2.2162 -17.7705 0.0706 0.2000 0.4314 0.3922 0.1961 19.3275 2.0000 
635 636 4 -4.1715 2.2162 -17.7705 -4.0785 2.2017 -17.9470 0.0706 0.2000 0.4314 0.3922 0.1961 19.5514 2.0000 
636 637 4 -4.0785 2.2017 -17.9470 -4.0061 2.2180 -18.1327 0.0706 0.2000 0.4314 0.3922 0.1961 19.7788 2.0000 
637 638 4 -4.0061 2.2180 -18.1327 -3.9156 2.2631 -18.3052 0.0706 0.2000 0.4314 0.3922 0.1961 20.0100 2.0000 
638 639 4 -3.9156 2.2631 -18.3052 -3.8336 2.3215 -18.4780 0.0706 0.2000 0.4314 0.3922 0.1961 20.2449 2.0000 
639 640 4 -3.8336 2.3215 -18.4780 -3.7507 2.3817 -18.6498 0.0706 0.2000 0.4314 0.3922 0.1961 20.4837 2.0000 
640 641 4 -3.7507 2.3817 -18.6498 -3.6742 2.4056 -18.8330 0.0706 0.2000 0.4314 0.3922 0.1961 20.7266 2.0000 
641 642 4 -3.6742 2.4056 -18.8330 -3.6162 2.4360 -19.0220 0.0706 0.2000 0.4314 0.3922 0.1961 20.9736 2.0000 
642 643 4 -3.6162 2.4360 -19.0220 -3.4916 2.4604 -19.1766 0.0706 0.2000 0.4314 0.3922 0.1961 21.2251 2.0000 
643 644 4 -3.4916 2.4604 -19.1766 -3.3721 2.4621 -19.3370 0.0706 0.2000 0.4314 0.3922 0.1961 21.4810 2.0000 
644 645 4 -3.3721 2.4621 -19.3370 -3.2567 2.4646 -19.5003 0.0706 0.2000 0.4314 0.3922 0.1961 21.7415 2.0000 
645 646 4 -3.2567 2.4646 -19.5003 -3.1406 2.4840 -19.6620 0.0706 0.2000 0.4314 0.3922 0.1961 22.0069 2.0000 
646 647 4 -3.1406 2.4840 -19.6620 -3.0304 2.5084 -19.8271 0.0706 0.2000 0.4314 0.3922 0.1961 22.2773 2.0000 
647 648 4 -3.0304 2.5084 -19.8271 -2.9476 2.5348 -20.0072 0.0706 0.2000 0.4314 0.3922 0.1961 22.5529 2.0000 
648 649 4 -2.9476 2.5348 -20.0072 -2.8643 2.5589 -20.1874 0.0706 0.2000 0.4314 0.3922 0.1961 22.8339 2.0000 
649 650 4 -2.8643 2.5589 -20.1874 -2.7806 2.5844 -20.3673 0.0706 0.2000 0.4314 0.3922 0.1961 23.1206 2.0000 
650 651 4 -2.7806 2.5844 -20.3673 -2.7426 2.5898 -20.5636 0.0706 0.2000 0.4314 0.3922 0.1961 23.4131 2.0000 
651 652 4 -2.7426 2.5898 -20.5636 -2.7071 2.6033 -20.7599 0.0706 0.2000 0.4314 0.3922 0.1961 23.7117 2.0000 
652 653 4 -2.7071 2.6033 -20.7599 -2.6874 2.6269 -20.9575 0.0706 0.2000 0.4314 0.3922 0.1961 24.0166 2.0000 
653 654 4 -2.6874 2.6269 -20.9575 -2.6704 2.6629 -21.1535 0.0706 0.2000 0.4314 0.3922 0.1961 24.3282 2.0000 
654 655 4 -2.6704 2.6629 -21.1535 -2.6683 2.7004 -21.3500 0.0706 0.2000 0.4314 0.3922 0.1961 24.6467 2.0000 
655 656 4 -2.6683 2.7004 -21.3500 -2.6724 2.7560 -21.5421 0.0706 0.2000 0.4314 0.3922 0.1961 24.9725 2.0000 
656 657 4 -2.6724 2.7560 -21.5421 -2.6471 2.8104 -21.7328 0.0706 0.2000 0.4314 0.3922 0.1961 25.3059 2.0000 
657 658 4 -2.6471 2.8104 -21.7328 -2.6260 2.9058 -21.9074 0.0706 0.2000 0.4314 0.3922 0.1961 25.6472 2.0000 
658 659 4 -2.6260 2.9058 -21.9074 -2.6036 2.9996 -22.0825 0.0706 0.2000 0.4314 0.3922 0.1961 25.9968 2.0000 
659 660 4 -2.6036 2.9996 -22.0825 -2.5974 3.0688 -22.2701 0.0706 0.2000 0.4314 0.3922 0.1961 26.3552 2.0000 
660 661 4 -2.5974 3.0688 -22.2701 -2.5914 3.1375 -22.4578 0.0706 0.2000 0.4314 0.3922 0.1961 26.7228 2.0000 
661 662 4 -2.5914 3.1375 -22.4578 -2.5730 3.1818 -22.6520 0.0706 0.2000 0.4314 0.3922 0.1961 27.1001 2.0000 
662 663 4 -2.5730 3.1818 -22.6520 -2.5568 3.2202 -22.8476 0.0706 0.2000 0.4314 0.3922 0.1961 27.4876 2.0000 
663 664 4 -2.5568 3.2202 -22.8476 -2.5585 3.2330 -23.0472 0.0706 0.2000 0.4314 0.3922 0.1961 27.8858 2.0000 
664 665 4 -2.5585 3.2330 -23.0472 -2.5519 3.2289 -23.2470 0.0706 0.2000 0.4314 0.3922 0.1961 28.2955 2.0000 
665 666 4 -2.5519 3.2289 -23.2470 -2.5319 3.2203 -23.4458 0.0706 0.2000 0.4314 0.3922 0.1961 28.7172 2.0000 
666 667 4 -2.5319 3.2203 -23.4458 -2.5297 3.2031 -23.6451 0.0706 0.2000 0.4314 0.3922 0.1961 29.1518 2.0000 
667 668 4 -2.5297 3.2031 -23.6451 -2.5270 3.1854 -23.8443 0.0706 0.2000 0.4314 0.3922 0.1961 29.5999 2.0000 
668 669 4 -2.5270 3.1854 -23.8443 -2.5449 3.1595 -24.0148 0.0706 0.1734 0.4314 0.3922 0.1961 30.0000 2.0000 
9 670 5 0.1125 -0.0350 -4.5482 -0.0574 -0.1048 -4.6274 0.0556 0.2000 0.4314 0.3922 0.1961 8.3015 2.0000 
670 671 5 -0.0574 -0.1048 -4.6274 -0.2107 -0.1468 -4.7488 0.0556 0.2000 0.4314 0.3922 0.1961 8.3968 2.0000 
671 672 5 -0.2107 -0.1468 -4.7488 -0.3648 -0.1793 -4.8721 0.0556 0.2000 0.4314 0.3922 0.1961 8.4926 2.0000 
672 673 5 -0.3648 -0.1793 -4.8721 -0.5076 -0.2297 -5.0027 0.0556 0.2000 0.4314 0.3922 0.1961 8.5891 2.0000 
673 674 5 -0.5076 -0.2297 -5.0027 -0.6476 -0.2993 -5.1275 0.0556 0.2000 0.4314 0.3922 0.1961 8.6862 2.0000 
674 675 5 -0.6476 -0.2993 -5.1275 -0.7762 -0.3604 -5.2679 0.0556 0.2000 0.4314 0.3922 0.1961 8.7839 2.0000 
675 676 5 -0.7762 -0.3604 -5.2679 -0.8953 -0.4127 -5.4198 0.0556 0.2000 0.4314 0.3922 0.1961 8.8823 2.0000 
676 677 5 -0.8953 -0.4127 -5.4198 -1.0028 -0.4588 -5.5820 0.0556 0.2000 0.4314 0.3922 0.1961 8.9813 2.0000 
677 678 5 -1.0028 -0.4588 -5.5820 -1.1087 -0.5038 -5.7456 0.0556 0.2000 0.4314 0.3922 0.1961 9.0810 2.0000 
678 679 5 -1.1087 -0.5038 -5.7456 -1.2204 -0.5401 -5.9075 0.0556 0.2000 0.4314 0.3922 0.1961 9.1813 2.0000 
679 680 5 -1.2204 -0.5401 -5.9075 -1.3152 -0.5728 -6.0806 0.0556 0.2000 0.4314 0.3922 0.1961 9.2823 2.0000 
680 681 5 -1.3152 -0.5728 -6.0806 -1.4124 -0.6065 -6.2521 0.0556 0.2000 0.4314 0.3922 0.1961 9.3840 2.0000 
681 682 5 -1.4124 -0.6065 -6.2521 -1.5103 -0.6615 -6.4176 0.0556 0.2000 0.4314 0.3922 0.1961 9.4863 2.0000 
682 683 5 -1.5103 -0.6615 -6.4176 -1.6316 -0.6824 -6.5752 0.0556 0.2000 0.4314 0.3922 0.1961 9.5894 2.0000 
683 684 5 -1.6316 -0.6824 -6.5752 -1.7347 -0.7533 -6.7312 0.0556 0.2000 0.4314 0.3922 0.1961 9.6932 2.0000 
684 685 5 -1.7347 -0.7533 -6.7312 -1.8484 -0.8221 -6.8806 0.0556 0.2000 0.4314 0.3922 0.1961 9.7977 2.0000 
685 686 5 -1.8484 -0.8221 -6.8806 -1.9552 -0.8807 -7.0393 0.0556 0.2000 0.4314 0.3922 0.1961 9.9029 2.0000 
686 687 5 -1.9552 -0.8807 -7.0393 -2.0701 -0.9456 -7.1896 0.0556 0.2000 0.4314 0.3922 0.1961 10.0089 2.0000 
687 688 5 -2.0701 -0.9456 -7.1896 -2.1514 -0.9985 -7.3645 0.0556 0.2000 0.4314 0.3922 0.1961 10.1157 2.0000 
688 689 5 -2.1514 -0.9985 -7.3645 -2.2158 -1.0219 -7.5524 0.0556 0.2000 0.4314 0.3922 0.1961 10.2231 2.0000 
689 690 5 -2.2158 -1.0219 -7.5524 -2.2437 -1.0323 -7.7502 0.0556 0.2000 0.4314 0.3922 0.1961 10.3314 2.0000 
690 691 5 -2.2437 -1.0323 -7.7502 -2.2840 -1.0240 -7.9459 0.0556 0.2000 0.4314 0.3922 0.1961 10.4405 2.0000 
691 692 5 -2.2840 -1.0240 -7.9459 -2.3197 -1.0503 -8.1409 0.0556 0.2000 0.4314 0.3922 0.1961 10.5503 2.0000 
692 693 5 -2.3197 -1.0503 -8.1409 -2.3243 -1.0789 -8.3388 0.0556 0.2000 0.4314 0.3922 0.1961 10.6610 2.0000 
693 694 5 -2.3243 -1.0789 -8.3388 -2.3291 -1.1072 -8.5367 0.0556 0.2000 0.4314 0.3922 0.1961 10.7724 2.0000 
694 695 5 -2.3291 -1.1072 -8.5367 -2.3436 -1.1177 -8.7359 0.0556 0.2000 0.4314 0.3922 0.1961 10.8847 2.0000 
695 696 5 -2.3436 -1.1177 -8.7359 -2.3579 -1.1290 -8.9351 0.0556 0.2000 0.4314 0.3922 0.1961 10.9979 2.0000 
696 697 5 -2.3579 -1.1290 -8.9351 -2.3705 -1.1376 -9.1345 0.0556 0.2000 0.4314 0.3922 0.1961 11.1119 2.0000 
697 698 5 -2.3705 -1.1376 -9.1345 -2.3556 -1.1363 -9.3339 0.0556 0.2000 0.4314 0.3922 0.1961 11.2267 2.0000 
698 699 5 -2.3556 -1.1363 -9.3339 -2.3220 -1.1530 -9.5304 0.0556 0.2000 0.4314 0.3922 0.1961 11.3425 2.0000 
699 700 5 -2.3220 -1.1530 -9.5304 -2.2768 -1.2021 -9.7189 0.0556 0.2000 0.4314 0.3922 0.1961 11.4592 2.0000 
700 701 5 -2.2768 -1.2021 -9.7189 -2.2448 -1.2784 -9.9010 0.0556 0.2000 0.4314 0.3922 0.1961 11.5767 2.0000 
701 702 5 -2.2448 -1.2784 -9.9010 -2.2140 -1.3928 -10.0622 0.0556 0.2000 0.4314 0.3922 0.1961 11.6952 2.0000 
702 703 5 -2.2140 -1.3928 -10.0622 -2.2188 -1.4800 -10.2421 0.0556 0.2000 0.4314 0.3922 0.1961 11.8146 2.0000 
703 704 5 -2.2188 -1.4800 -10.2421 -2.2331 -1.5660 -10.4221 0.0556 0.2000 0.4314 0.3922 0.1961 11.9350 2.0000 
704 705 5 -2.2331 -1.5660 -10.4221 -2.2592 -1.6507 -10.6013 0.0556 0.2000 0.4314 0.3922 0.1961 12.0564 2.0000 
705 706 5 -2.2592 -1.6507 -10.6013 -2.3121 -1.7424 -10.7711 0.0556 0.2000 0.4314 0.3922 0.1961 12.1787 2.0000 
706 707 5 -2.3121 -1.7424 -10.7711 -2.3563 -1.8414 -10.9391 0.0556 0.2000 0.4314 0.3922 0.1961 12.3021 2.0000 
707 708 5 -2.3563 -1.8414 -10.9391 -2.3979 -1.9425 -11.1066 0.0556 0.2000 0.4314 0.3922 0.1961 12.4264 2.0000 
708 709 5 -2.3979 -1.9425 -11.1066 -2.4270 -2.0266 -11.2857 0.0556 0.2000 0.4314 0.3922 0.1961 12.5518 2.0000 
709 710 5 -2.4270 -2.0266 -11.2857 -2.4365 -2.1099 -11.4673 0.0556 0.2000 0.4314 0.3922 0.1961 12.6783 2.0000 
710 711 5 -2.4365 -2.1099 -11.4673 -2.4025 -2.2550 -11.6006 0.0556 0.2000 0.4314 0.3922 0.1961 12.8058 2.0000 
711 712 5 -2.4025 -2.2550 -11.6006 -2.4077 -2.3988 -11.7395 0.0556 0.2000 0.4314 0.3922 0.1961 12.9344 2.0000 
712 713 5 -2.4077 -2.3988 -11.7395 -2.4021 -2.5475 -11.8732 0.0556 0.2000 0.4314 0.3922 0.1961 13.0641 2.0000 
713 714 5 -2.4021 -2.5475 -11.8732 -2.3941 -2.7084 -11.9917 0.0556 0.2000 0.4314 0.3922 0.1961 13.1950 2.0000 
714 715 5 -2.3941 -2.7084 -11.9917 -2.3778 -2.8685 -12.1105 0.0556 0.2000 0.4314 0.3922 0.1961 13.3270 2.0000 
715 716 5 -2.3778 -2.8685 -12.1105 -2.3601 -3.0266 -12.2316 0.0556 0.2000 0.4314 0.3922 0.1961 13.4601 2.0000 
716 717 5 -2.3601 -3.0266 -12.2316 -2.3761 -3.1677 -12.3725 0.0556 0.2000 0.4314 0.3922 0.1961 13.5945 2.0000 
717 718 5 -2.3761 -3.1677 -12.3725 -2.4066 -3.3009 -12.5185 0.0556 0.2000 0.4314 0.3922 0.1961 13.7300 2.0000 
718 719 5 -2.4066 -3.3009 -12.5185 -2.4283 -3.4361 -12.6644 0.0556 0.2000 0.4314 0.3922 0.1961 13.8668 2.0000 
719 720 5 -2.4283 -3.4361 -12.6644 -2.4628 -3.5557 -12.8208 0.0556 0.2000 0.4314 0.3922 0.1961 14.0049 2.0000 
720 721 5 -2.4628 -3.5557 -12.8208 -2.4967 -3.6968 -12.9585 0.0556 0.2000 0.4314 0.3922 0.1961 14.1442 2.0000 
721 722 5 -2.4967 -3.6968 -12.9585 -2.5430 -3.8358 -13.0946 0.0556 0.2000 0.4314 0.3922 0.1961 14.2848 2.0000 
722 723 5 -2.5430 -3.8358 -13.0946 -2.5800 -3.9792 -13.2291 0.0556 0.2000 0.4314 0.3922 0.1961 14.4268 2.0000 
723 724 5 -2.5800 -3.9792 -13.2291 -2.6401 -4.1191 -13.3587 0.0556 0.2000 0.4314 0.3922 0.1961 14.5701 2.0000 
724 725 5 -2.6401 -4.1191 -13.3587 -2.7013 -4.2593 -13.4875 0.0556 0.2000 0.4314 0.3922 0.1961 14.7148 2.0000 
725 726 5 -2.7013 -4.2593 -13.4875 -2.7844 -4.3872 -13.6169 0.0556 0.2000 0.4314 0.3922 0.1961 14.8608 2.0000 
726 727 5 -2.7844 -4.3872 -13.6169 -2.8534 -4.5250 -13.7444 0.0556 0.2000 0.4314 0.3922 0.1961 15.0083 2.0000 
727 728 5 -2.8534 -4.5250 -13.7444 -2.9009 -4.6741 -13.8690 0.0556 0.2000 0.4314 0.3922 0.1961 15.1573 2.0000 
728 729 5 -2.9009 -4.6741 -13.8690 -2.9094 -4.8367 -13.9851 0.0556 0.2000 0.4314 0.3922 0.1961 15.3078 2.0000 
729 730 5 -2.9094 -4.8367 -13.9851 -2.9186 -5.0013 -14.0984 0.0556 0.2000 0.4314 0.3922 0.1961 15.4598 2.0000 
730 731 5 -2.9186 -5.0013 -14.0984 -2.9298 -5.1537 -14.2273 0.0556 0.2000 0.4314 0.3922 0.1961 15.6133 2.0000 
731 732 5 -2.9298 -5.1537 -14.2273 -2.9429 -5.3008 -14.3622 0.0556 0.2000 0.4314 0.3922 0.1961 15.7684 2.0000 
732 733 5 -2.9429 -5.3008 -14.3622 -2.9382 -5.4460 -14.4998 0.0556 0.2000 0.4314 0.3922 0.1961 15.9251 2.0000 
733 734 5 -2.9382 -5.4460 -14.4998 -2.9782 -5.5678 -14.6532 0.0556 0.2000 0.4314 0.3922 0.1961 16.0835 2.0000 
734 735 5 -2.9782 -5.5678 -14.6532 -3.0473 -5.6767 -14.8061 0.0556 0.2000 0.4314 0.3922 0.1961 16.2436 2.0000 
735 736 5 -3.0473 -5.6767 -14.8061 -3.1295 -5.7897 -14.9492 0.0556 0.2000 0.4314 0.3922 0.1961 16.4054 2.0000 
736 737 5 -3.1295 -5.7897 -14.9492 -3.2137 -5.9038 -15.0902 0.0556 0.2000 0.4314 0.3922 0.1961 16.5689 2.0000 
737 738 5 -3.2137 -5.9038 -15.0902 -3.2914 -6.0240 -15.2299 0.0556 0.2000 0.4314 0.3922 0.1961 16.7342 2.0000 
738 739 5 -3.2914 -6.0240 -15.2299 -3.3688 -6.1435 -15.3704 0.0556 0.2000 0.4314 0.3922 0.1961 16.9014 2.0000 
739 740 5 -3.3688 -6.1435 -15.3704 -3.4409 -6.2578 -15.5178 0.0556 0.2000 0.4314 0.3922 0.1961 17.0705 2.0000 
740 741 5 -3.4409 -6.2578 -15.5178 -3.5168 -6.3665 -15.6676 0.0556 0.2000 0.4314 0.3922 0.1961 17.2414 2.0000 
741 742 5 -3.5168 -6.3665 -15.6676 -3.5965 -6.4738 -15.8163 0.0556 0.2000 0.4314 0.3922 0.1961 17.4144 2.0000 
742 743 5 -3.5965 -6.4738 -15.8163 -3.6883 -6.5767 -15.9612 0.0556 0.2000 0.4314 0.3922 0.1961 17.5893 2.0000 
743 744 5 -3.6883 -6.5767 -15.9612 -3.7845 -6.6771 -16.1050 0.0556 0.2000 0.4314 0.3922 0.1961 17.7663 2.0000 
744 745 5 -3.7845 -6.6771 -16.1050 -3.8762 -6.7770 -16.2520 0.0556 0.2000 0.4314 0.3922 0.1961 17.9454 2.0000 
745 746 5 -3.8762 -6.7770 -16.2520 -3.9690 -6.8746 -16.3998 0.0556 0.2000 0.4314 0.3922 0.1961 18.1267 2.0000 
746 747 5 -3.9690 -6.8746 -16.3998 -4.0553 -6.9643 -16.5564 0.0556 0.2000 0.4314 0.3922 0.1961 18.3101 2.0000 
747 748 5 -4.0553 -6.9643 -16.5564 -4.1583 -7.0509 -16.7043 0.0556 0.2000 0.4314 0.3922 0.1961 18.4959 2.0000 
748 749 5 -4.1583 -7.0509 -16.7043 -4.2107 -7.1692 -16.8568 0.0556 0.2000 0.4314 0.3922 0.1961 18.6839 2.0000 
749 750 5 -4.2107 -7.1692 -16.8568 -4.2642 -7.2869 -17.0094 0.0556 0.2000 0.4314 0.3922 0.1961 18.8743 2.0000 
750 751 5 -4.2642 -7.2869 -17.0094 -4.3104 -7.4059 -17.1634 0.0556 0.2000 0.4314 0.3922 0.1961 19.0672 2.0000 
751 752 5 -4.3104 -7.4059 -17.1634 -4.3714 -7.5103 -17.3227 0.0556 0.2000 0.4314 0.3922 0.1961 19.2626 2.0000 
752 753 5 -4.3714 -7.5103 -17.3227 -4.4297 -7.6081 -17.4871 0.0556 0.2000 0.4314 0.3922 0.1961 19.4605 2.0000 
753 754 5 -4.4297 -7.6081 -17.4871 -4.4959 -7.6892 -17.6575 0.0556 0.2000 0.4314 0.3922 0.1961 19.6611 2.0000 
754 755 5 -4.4959 -7.6892 -17.6575 -4.5846 -7.7552 -17.8242 0.0556 0.2000 0.4314 0.3922 0.1961 19.8644 2.0000 
755 756 5 -4.5846 -7.7552 -17.8242 -4.6622 -7.8291 -17.9931 0.0556 0.2000 0.4314 0.3922 0.1961 20.0705 2.0000 
756 757 5 -4.6622 -7.8291 -17.9931 -4.7602 -7.8965 -18.1539 0.0556 0.2000 0.4314 0.3922 0.1961 20.2794 2.0000 
757 758 5 -4.7602 -7.8965 -18.1539 -4.8586 -7.9653 -18.3138 0.0556 0.2000 0.4314 0.3922 0.1961 20.4913 2.0000 
758 759 5 -4.8586 -7.9653 -18.3138 -4.9394 -8.0061 -18.4922 0.0556 0.2000 0.4314 0.3922 0.1961 20.7062 2.0000 
759 760 5 -4.9394 -8.0061 -18.4922 -5.0222 -8.0408 -18.6709 0.0556 0.2000 0.4314 0.3922 0.1961 20.9242 2.0000 
760 761 5 -5.0222 -8.0408 -18.6709 -5.1084 -8.0742 -18.8482 0.0556 0.2000 0.4314 0.3922 0.1961 21.1454 2.0000 
761 762 5 -5.1084 -8.0742 -18.8482 -5.1800 -8.1186 -19.0296 0.0556 0.2000 0.4314 0.3922 0.1961 21.3699 2.0000 
762 763 5 -5.1800 -8.1186 -19.0296 -5.2737 -8.1255 -19.2062 0.0556 0.2000 0.4314 0.3922 0.1961 21.5978 2.0000 
763 764 5 -5.2737 -8.1255 -19.2062 -5.3693 -8.1335 -19.3817 0.0556 0.2000 0.4314 0.3922 0.1961 21.8292 2.0000 
764 765 5 -5.3693 -8.1335 -19.3817 -5.4645 -8.1400 -19.5575 0.0556 0.2000 0.4314 0.3922 0.1961 22.0642 2.0000 
765 766 5 -5.4645 -8.1400 -19.5575 -5.5533 -8.1093 -19.7340 0.0556 0.2000 0.4314 0.3922 0.1961 22.3030 2.0000 
766 767 5 -5.5533 -8.1093 -19.7340 -5.6429 -8.0791 -19.9102 0.0556 0.2000 0.4314 0.3922 0.1961 22.5456 2.0000 
767 768 5 -5.6429 -8.0791 -19.9102 -5.7394 -8.0229 -20.0761 0.0556 0.2000 0.4314 0.3922 0.1961 22.7921 2.0000 
768 769 5 -5.7394 -8.0229 -20.0761 -5.8349 -7.9656 -20.2423 0.0556 0.2000 0.4314 0.3922 0.1961 23.0428 2.0000 
769 770 5 -5.8349 -7.9656 -20.2423 -5.9316 -7.9080 -20.4076 0.0556 0.2000 0.4314 0.3922 0.1961 23.2977 2.0000 
770 771 5 -5.9316 -7.9080 -20.4076 -6.0323 -7.8529 -20.5714 0.0556 0.2000 0.4314 0.3922 0.1961 23.5571 2.0000 
771 772 5 -6.0323 -7.8529 -20.5714 -6.1252 -7.8400 -20.7481 0.0556 0.2000 0.4314 0.3922 0.1961 23.8209 2.0000 
772 773 5 -6.1252 -7.8400 -20.7481 -6.2116 -7.8420 -20.9284 0.0556 0.2000 0.4314 0.3922 0.1961 24.0895 2.0000 
773 774 5 -6.2116 -7.8420 -20.9284 -6.2840 -7.8351 -21.1147 0.0556 0.2000 0.4314 0.3922 0.1961 24.3629 2.0000 
774 775 5 -6.2840 -7.8351 -21.1147 -6.3414 -7.8840 -21.3000 0.0556 0.2000 0.4314 0.3922 0.1961 24.6414 2.0000 
775 776 5 -6.3414 -7.8840 -21.3000 -6.3851 -7.9695 -21.4754 0.0556 0.2000 0.4314 0.3922 0.1961 24.9252 2.0000 
776 777 5 -6.3851 -7.9695 -21.4754 -6.4300 -8.0571 -21.6495 0.0556 0.2000 0.4314 0.3922 0.1961 25.2144 2.0000 
777 778 5 -6.4300 -8.0571 -21.6495 -6.4322 -8.1357 -21.8334 0.0556 0.2000 0.4314 0.3922 0.1961 25.5092 2.0000 
778 779 5 -6.4322 -8.1357 -21.8334 -6.4323 -8.2133 -22.0177 0.0556 0.2000 0.4314 0.3922 0.1961 25.8100 2.0000 
779 780 5 -6.4323 -8.2133 -22.0177 -6.3996 -8.3061 -22.1919 0.0556 0.2000 0.4314 0.3922 0.1961 26.1169 2.0000 
780 781 5 -6.3996 -8.3061 -22.1919 -6.3655 -8.3892 -22.3706 0.0556 0.2000 0.4314 0.3922 0.1961 26.4302 2.0000 
781 782 5 -6.3655 -8.3892 -22.3706 -6.3445 -8.4969 -22.5377 0.0556 0.2000 0.4314 0.3922 0.1961 26.7501 2.0000 
782 783 5 -6.3445 -8.4969 -22.5377 -6.3283 -8.6025 -22.7068 0.0556 0.2000 0.4314 0.3922 0.1961 27.0770 2.0000 
783 784 5 -6.3283 -8.6025 -22.7068 -6.3144 -8.7252 -22.8641 0.0556 0.2000 0.4314 0.3922 0.1961 27.4111 2.0000 
784 785 5 -6.3144 -8.7252 -22.8641 -6.3183 -8.8793 -22.9916 0.0556 0.2000 0.4314 0.3922 0.1961 27.7528 2.0000 
785 786 5 -6.3183 -8.8793 -22.9916 -6.3085 -9.0274 -23.1256 0.0556 0.2000 0.4314 0.3922 0.1961 28.1025 2.0000 
786 787 5 -6.3085 -9.0274 -23.1256 -6.3001 -9.1765 -23.2587 0.0556 0.2000 0.4314 0.3922 0.1961 28.4604 2.0000 
787 788 5 -6.3001 -9.1765 -23.2587 -6.2659 -9.3241 -23.3892 0.0556 0.2000 0.4314 0.3922 0.1961 28.8271 2.0000 
788 789 5 -6.2659 -9.3241 -23.3892 -6.2311 -9.4810 -23.5083 0.0556 0.2000 0.4314 0.3922 0.1961 29.2030 2.0000 
789 790 5 -6.2311 -9.4810 -23.5083 -6.2009 -9.6325 -23.6353 0.0556 0.2000 0.4314 0.3922 0.1961 29.5884 2.0000 
790 791 5 -6.2009 -9.6325 -23.6353 -6.1322 -9.8009 -23.7184 0.0556 0.2000 0.4314 0.3922 0.1961 29.9840 2.0000 
791 792 5 -6.1322 -9.8009 -23.7184 -6.1294 -9.8076 -23.7217 0.0556 0.0080 0.4314 0.3922 0.1961 30.0000 2.0000 
11 793 6 0.1429 -0.1389 -4.9305 0.3287 -0.0910 -4.9869 0.0608 0.2000 0.4314 0.3922 0.1961 8.6544 2.0000 
793 794 6 0.3287 -0.0910 -4.9869 0.5096 -0.0152 -5.0257 0.0608 0.2000 0.4314 0.3922 0.1961 8.7570 2.0000 
794 795 6 0.5096 -0.0152 -5.0257 0.6866 0.0705 -5.0622 0.0608 0.2000 0.4314 0.3922 0.1961 8.8603 2.0000 
795 796 6 0.6866 0.0705 -5.0622 0.8708 0.1444 -5.0873 0.0608 0.2000 0.4314 0.3922 0.1961 8.9643 2.0000 
796 797 6 0.8708 0.1444 -5.0873 1.0532 0.2118 -5.1340 0.0608 0.2000 0.4314 0.3922 0.1961 9.0690 2.0000 
797 798 6 1.0532 0.2118 -5.1340 1.2375 0.2851 -5.1594 0.0608 0.2000 0.4314 0.3922 0.1961 9.1743 2.0000 
798 799 6 1.2375 0.2851 -5.1594 1.4318 0.3162 -5.1955 0.0608 0.2000 0.4314 0.3922 0.1961 9.2804 2.0000 
799 800 6 1.4318 0.3162 -5.1955 1.6112 0.3984 -5.2281 0.0608 0.2000 0.4314 0.3922 0.1961 9.3872 2.0000 
800 801 6 1.6112 0.3984 -5.2281 1.7980 0.4697 -5.2319 0.0608 0.2000 0.4314 0.3922 0.1961 9.4947 2.0000 
801 802 6 1.7980 0.4697 -5.2319 1.9834 0.5436 -5.2183 0.0608 0.2000 0.4314 0.3922 0.1961 9.6029 2.0000 
802 803 6 1.9834 0.5436 -5.2183 2.1719 0.6079 -5.2012 0.0608 0.2000 0.4314 0.3922 0.1961 9.7119 2.0000 
803 804 6 2.1719 0.6079 -5.2012 2.3620 0.6701 -5.2015 0.0608 0.2000 0.4314 0.3922 0.1961 9.8216 2.0000 
804 805 6 2.3620 0.6701 -5.2015 2.5398 0.7589 -5.2241 0.0608 0.2000 0.4314 0.3922 0.1961 9.9321 2.0000 
805 806 6 2.5398 0.7589 -5.2241 2.7088 0.8631 -5.2479 0.0608 0.2000 0.4314 0.3922 0.1961 10.0433 2.0000 
806 807 6 2.7088 0.8631 -5.2479 2.8861 0.9455 -5.2903 0.0608 0.2000 0.4314 0.3922 0.1961 10.1554 2.0000 
807 808 6 2.8861 0.9455 -5.2903 3.0662 1.0132 -5.3449 0.0608 0.2000 0.4314 0.3922 0.1961 10.2682 2.0000 
808 809 6 3.0662 1.0132 -5.3449 3.2480 1.0959 -5.3553 0.0608 0.2000 0.4314 0.3922 0.1961 10.3819 2.0000 
809 810 6 3.2480 1.0959 -5.3553 3.4274 1.1837 -5.3651 0.0608 0.2000 0.4314 0.3922 0.1961 10.4963 2.0000 
810 811 6 3.4274 1.1837 -5.3651 3.5921 1.2959 -5.3820 0.0608 0.2000 0.4314 0.3922 0.1961 10.6116 2.0000 
811 812 6 3.5921 1.2959 -5.3820 3.7569 1.4080 -5.3988 0.0608 0.2000 0.4314 0.3922 0.1961 10.7278 2.0000 
812 813 6 3.7569 1.4080 -5.3988 3.9098 1.5340 -5.4260 0.0608 0.2000 0.4314 0.3922 0.1961 10.8448 2.0000 
813 814 6 3.9098 1.5340 -5.4260 4.0679 1.6494 -5.4669 0.0608 0.2000 0.4314 0.3922 0.1961 10.9626 2.0000 
814 815 6 4.0679 1.6494 -5.4669 4.2131 1.7772 -5.5178 0.0608 0.2000 0.4314 0.3922 0.1961 11.0814 2.0000 
815 816 6 4.2131 1.7772 -5.5178 4.3397 1.9152 -5.5880 0.0608 0.2000 0.4314 0.3922 0.1961 11.2010 2.0000 
816 817 6 4.3397 1.9152 -5.5880 4.4684 2.0492 -5.6621 0.0608 0.2000 0.4314 0.3922 0.1961 11.3216 2.0000 
817 818 6 4.4684 2.0492 -5.6621 4.5744 2.2124 -5.7084 0.0608 0.2000 0.4314 0.3922 0.1961 11.4430 2.0000 
818 819 6 4.5744 2.2124 -5.7084 4.7034 2.3608 -5.7449 0.0608 0.2000 0.4314 0.3922 0.1961 11.5654 2.0000 
819 820 6 4.7034 2.3608 -5.7449 4.8530 2.4801 -5.8031 0.0608 0.2000 0.4314 0.3922 0.1961 11.6888 2.0000 
820 821 6 4.8530 2.4801 -5.8031 4.9995 2.5964 -5.8738 0.0608 0.2000 0.4314 0.3922 0.1961 11.8131 2.0000 
821 822 6 4.9995 2.5964 -5.8738 5.1606 2.6910 -5.9452 0.0608 0.2000 0.4314 0.3922 0.1961 11.9384 2.0000 
822 823 6 5.1606 2.6910 -5.9452 5.2943 2.8109 -6.0334 0.0608 0.2000 0.4314 0.3922 0.1961 12.0647 2.0000 
823 824 6 5.2943 2.8109 -6.0334 5.3968 2.9189 -6.1668 0.0608 0.2000 0.4314 0.3922 0.1961 12.1920 2.0000 
824 825 6 5.3968 2.9189 -6.1668 5.4868 3.0488 -6.2894 0.0608 0.2000 0.4314 0.3922 0.1961 12.3204 2.0000 
825 826 6 5.4868 3.0488 -6.2894 5.5765 3.1729 -6.4181 0.0608 0.2000 0.4314 0.3922 0.1961 12.4497 2.0000 
826 827 6 5.5765 3.1729 -6.4181 5.6478 3.3024 -6.5528 0.0608 0.2000 0.4314 0.3922 0.1961 12.5802 2.0000 
827 828 6 5.6478 3.3024 -6.5528 5.7480 3.3959 -6.6984 0.0608 0.2000 0.4314 0.3922 0.1961 12.7117 2.0000 
828 829 6 5.7480 3.3959 -6.6984 5.8461 3.4741 -6.8542 0.0608 0.2000 0.4314 0.3922 0.1961 12.8443 2.0000 
829 830 6 5.8461 3.4741 -6.8542 5.9400 3.5402 -7.0179 0.0608 0.2000 0.4314 0.3922 0.1961 12.9781 2.0000 
830 831 6 5.9400 3.5402 -7.0179 6.0218 3.5954 -7.1919 0.0608 0.2000 0.4314 0.3922 0.1961 13.1130 2.0000 
831 832 6 6.0218 3.5954 -7.1919 6.0875 3.6448 -7.3743 0.0608 0.2000 0.4314 0.3922 0.1961 13.2490 2.0000 
832 833 6 6.0875 3.6448 -7.3743 6.1550 3.6513 -7.5624 0.0608 0.2000 0.4314 0.3922 0.1961 13.3862 2.0000 
833 834 6 6.1550 3.6513 -7.5624 6.2231 3.6566 -7.7504 0.0608 0.2000 0.4314 0.3922 0.1961 13.5246 2.0000 
834 835 6 6.2231 3.6566 -7.7504 6.2800 3.6343 -7.9408 0.0608 0.2000 0.4314 0.3922 0.1961 13.6642 2.0000 
835 836 6 6.2800 3.6343 -7.9408 6.2969 3.6094 -8.1386 0.0608 0.2000 0.4314 0.3922 0.1961 13.8051 2.0000 
836 837 6 6.2969 3.6094 -8.1386 6.3260 3.5988 -8.3361 0.0608 0.2000 0.4314 0.3922 0.1961 13.9472 2.0000 
837 838 6 6.3260 3.5988 -8.3361 6.4060 3.6081 -8.5192 0.0608 0.2000 0.4314 0.3922 0.1961 14.0906 2.0000 
838 839 6 6.4060 3.6081 -8.5192 6.4815 3.6069 -8.7044 0.0608 0.2000 0.4314 0.3922 0.1961 14.2353 2.0000 
839 840 6 6.4815 3.6069 -8.7044 6.5576 3.6058 -8.8894 0.0608 0.2000 0.4314 0.3922 0.1961 14.3813 2.0000 
840 841 6 6.5576 3.6058 -8.8894 6.6151 3.5703 -9.0776 0.0608 0.2000 0.4314 0.3922 0.1961 14.5287 2.0000 
841 842 6 6.6151 3.5703 -9.0776 6.6729 3.5444 -9.2673 0.0608 0.2000 0.4314 0.3922 0.1961 14.6775 2.0000 
842 843 6 6.6729 3.5444 -9.2673 6.7274 3.5539 -9.4595 0.0608 0.2000 0.4314 0.3922 0.1961 14.8277 2.0000 
843 844 6 6.7274 3.5539 -9.4595 6.7819 3.5636 -9.6517 0.0608 0.2000 0.4314 0.3922 0.1961 14.9793 2.0000 
844 845 6 6.7819 3.5636 -9.6517 6.8464 3.5797 -9.8403 0.0608 0.2000 0.4314 0.3922 0.1961 15.1323 2.0000 
845 846 6 6.8464 3.5797 -9.8403 6.8713 3.6453 -10.0276 0.0608 0.2000 0.4314 0.3922 0.1961 15.2869 2.0000 
846 847 6 6.8713 3.6453 -10.0276 6.8838 3.7163 -10.2141 0.0608 0.2000 0.4314 0.3922 0.1961 15.4430 2.0000 
847 848 6 6.8838 3.7163 -10.2141 6.9227 3.7721 -10.4022 0.0608 0.2000 0.4314 0.3922 0.1961 15.6006 2.0000 
848 849 6 6.9227 3.7721 -10.4022 6.9788 3.8504 -10.5775 0.0608 0.2000 0.4314 0.3922 0.1961 15.7598 2.0000 
849 850 6 6.9788 3.8504 -10.5775 7.0357 3.9323 -10.7509 0.0608 0.2000 0.4314 0.3922 0.1961 15.9206 2.0000 
850 851 6 7.0357 3.9323 -10.7509 7.1018 4.0193 -10.9184 0.0608 0.2000 0.4314 0.3922 0.1961 16.0831 2.0000 
851 852 6 7.1018 4.0193 -10.9184 7.1800 4.0901 -11.0883 0.0608 0.2000 0.4314 0.3922 0.1961 16.2472 2.0000 
852 853 6 7.1800 4.0901 -11.0883 7.2559 4.1599 -11.2597 0.0608 0.2000 0.4314 0.3922 0.1961 16.4131 2.0000 
853 854 6 7.2559 4.1599 -11.2597 7.3669 4.1957 -11.4222 0.0608 0.2000 0.4314 0.3922 0.1961 16.5807 2.0000 
854 855 6 7.3669 4.1957 -11.4222 7.4864 4.2120 -11.5817 0.0608 0.2000 0.4314 0.3922 0.1961 16.7501 2.0000 
855 856 6 7.4864 4.2120 -11.5817 7.6231 4.1756 -11.7230 0.0608 0.2000 0.4314 0.3922 0.1961 16.9213 2.0000 
856 857 6 7.6231 4.1756 -11.7230 7.7541 4.1388 -11.8696 0.0608 0.2000 0.4314 0.3922 0.1961 17.0944 2.0000 
857 858 6 7.7541 4.1388 -11.8696 7.8674 4.1154 -12.0328 0.0608 0.2000 0.4314 0.3922 0.1961 17.2694 2.0000 
858 859 6 7.8674 4.1154 -12.0328 7.9857 4.1067 -12.1938 0.0608 0.2000 0.4314 0.3922 0.1961 17.4463 2.0000 
859 860 6 7.9857 4.1067 -12.1938 8.1037 4.1012 -12.3552 0.0608 0.2000 0.4314 0.3922 0.1961 17.6253 2.0000 
860 861 6 8.1037 4.1012 -12.3552 8.2185 4.0602 -12.5138 0.0608 0.2000 0.4314 0.3922 0.1961 17.8063 2.0000 
861 862 6 8.2185 4.0602 -12.5138 8.3193 4.0071 -12.6781 0.0608 0.2000 0.4314 0.3922 0.1961 17.9893 2.0000 
862 863 6 8.3193 4.0071 -12.6781 8.4274 3.9615 -12.8401 0.0608 0.2000 0.4314 0.3922 0.1961 18.1745 2.0000 
863 864 6 8.4274 3.9615 -12.8401 8.5264 3.9096 -13.0060 0.0608 0.2000 0.4314 0.3922 0.1961 18.3619 2.0000 
864 865 6 8.5264 3.9096 -13.0060 8.5980 3.8341 -13.1767 0.0608 0.2000 0.4314 0.3922 0.1961 18.5515 2.0000 
865 866 6 8.5980 3.8341 -13.1767 8.6568 3.7711 -13.3572 0.0608 0.2000 0.4314 0.3922 0.1961 18.7434 2.0000 
866 867 6 8.6568 3.7711 -13.3572 8.7265 3.7253 -13.5390 0.0608 0.2000 0.4314 0.3922 0.1961 18.9377 2.0000 
867 868 6 8.7265 3.7253 -13.5390 8.7817 3.6743 -13.7243 0.0608 0.2000 0.4314 0.3922 0.1961 19.1343 2.0000 
868 869 6 8.7817 3.6743 -13.7243 8.8361 3.6236 -13.9100 0.0608 0.2000 0.4314 0.3922 0.1961 19.3334 2.0000 
869 870 6 8.8361 3.6236 -13.9100 8.8963 3.5617 -14.0904 0.0608 0.2000 0.4314 0.3922 0.1961 19.5351 2.0000 
870 871 6 8.8963 3.5617 -14.0904 8.9539 3.5218 -14.2777 0.0608 0.2000 0.4314 0.3922 0.1961 19.7393 2.0000 
871 872 6 8.9539 3.5218 -14.2777 8.9906 3.5195 -14.4743 0.0608 0.2000 0.4314 0.3922 0.1961 19.9462 2.0000 
872 873 6 8.9906 3.5195 -14.4743 9.0238 3.5029 -14.6708 0.0608 0.2000 0.4314 0.3922 0.1961 20.1559 2.0000 
873 874 6 9.0238 3.5029 -14.6708 9.0380 3.4741 -14.8682 0.0608 0.2000 0.4314 0.3922 0.1961 20.3683 2.0000 
874 875 6 9.0380 3.4741 -14.8682 9.0112 3.4511 -15.0651 0.0608 0.2000 0.4314 0.3922 0.1961 20.5836 2.0000 
875 876 6 9.0112 3.4511 -15.0651 8.9833 3.4325 -15.2623 0.0608 0.2000 0.4314 0.3922 0.1961 20.8019 2.0000 
876 877 6 8.9833 3.4325 -15.2623 8.9604 3.4216 -15.4607 0.0608 0.2000 0.4314 0.3922 0.1961 21.0232 2.0000 
877 878 6 8.9604 3.4216 -15.4607 8.9392 3.4480 -15.6578 0.0608 0.2000 0.4314 0.3922 0.1961 21.2477 2.0000 
878 879 6 8.9392 3.4480 -15.6578 8.9167 3.4732 -15.8549 0.0608 0.2000 0.4314 0.3922 0.1961 21.4753 2.0000 
879 880 6 8.9167 3.4732 -15.8549 8.8925 3.4970 -16.0520 0.0608 0.2000 0.4314 0.3922 0.1961 21.7063 2.0000 
880 881 6 8.8925 3.4970 -16.0520 8.8678 3.5203 -16.2491 0.0608 0.2000 0.4314 0.3922 0.1961 21.9407 2.0000 
881 882 6 8.8678 3.5203 -16.2491 8.8497 3.5585 -16.4446 0.0608 0.2000 0.4314 0.3922 0.1961 22.1786 2.0000 
882 883 6 8.8497 3.5585 -16.4446 8.8632 3.5589 -16.6441 0.0608 0.2000 0.4314 0.3922 0.1961 22.4201 2.0000 
883 884 6 8.8632 3.5589 -16.6441 8.8606 3.5442 -16.8436 0.0608 0.2000 0.4314 0.3922 0.1961 22.6653 2.0000 
884 885 6 8.8606 3.5442 -16.8436 8.8551 3.5286 -17.0429 0.0608 0.2000 0.4314 0.3922 0.1961 22.9144 2.0000 
885 886 6 8.8551 3.5286 -17.0429 8.8510 3.5532 -17.2413 0.0608 0.2000 0.4314 0.3922 0.1961 23.1674 2.0000 
886 887 6 8.8510 3.5532 -17.2413 8.8226 3.5786 -17.4377 0.0608 0.2000 0.4314 0.3922 0.1961 23.4246 2.0000 
887 888 6 8.8226 3.5786 -17.4377 8.8292 3.6153 -17.6342 0.0608 0.2000 0.4314 0.3922 0.1961 23.6859 2.0000 
888 889 6 8.8292 3.6153 -17.6342 8.8434 3.6406 -17.8320 0.0608 0.2000 0.4314 0.3922 0.1961 23.9517 2.0000 
889 890 6 8.8434 3.6406 -17.8320 8.8423 3.6853 -18.0270 0.0608 0.2000 0.4314 0.3922 0.1961 24.2219 2.0000 
890 891 6 8.8423 3.6853 -18.0270 8.8475 3.6996 -18.2264 0.0608 0.2000 0.4314 0.3922 0.1961 24.4969 2.0000 
891 892 6 8.8475 3.6996 -18.2264 8.8598 3.7298 -18.4237 0.0608 0.2000 0.4314 0.3922 0.1961 24.7767 2.0000 
892 893 6 8.8598 3.7298 -18.4237 8.8709 3.7579 -18.6214 0.0608 0.2000 0.4314 0.3922 0.1961 25.0615 2.0000 
893 894 6 8.8709 3.7579 -18.6214 8.8747 3.8114 -18.8141 0.0608 0.2000 0.4314 0.3922 0.1961 25.3515 2.0000 
894 895 6 8.8747 3.8114 -18.8141 8.8472 3.8620 -19.0056 0.0608 0.2000 0.4314 0.3922 0.1961 25.6469 2.0000 
895 896 6 8.8472 3.8620 -19.0056 8.8012 3.9290 -19.1883 0.0608 0.2000 0.4314 0.3922 0.1961 25.9479 2.0000 
896 897 6 8.8012 3.9290 -19.1883 8.7896 3.9792 -19.3816 0.0608 0.2000 0.4314 0.3922 0.1961 26.2547 2.0000 
897 898 6 8.7896 3.9792 -19.3816 8.7688 4.0343 -19.5727 0.0608 0.2000 0.4314 0.3922 0.1961 26.5675 2.0000 
898 899 6 8.7688 4.0343 -19.5727 8.7532 4.0891 -19.7644 0.0608 0.2000 0.4314 0.3922 0.1961 26.8867 2.0000 
899 900 6 8.7532 4.0891 -19.7644 8.7014 4.1510 -19.9475 0.0608 0.2000 0.4314 0.3922 0.1961 27.2124 2.0000 
900 901 6 8.7014 4.1510 -19.9475 8.6460 4.2139 -20.1290 0.0608 0.2000 0.4314 0.3922 0.1961 27.5448 2.0000 
901 902 6 8.6460 4.2139 -20.1290 8.6277 4.2253 -20.3279 0.0608 0.2000 0.4314 0.3922 0.1961 27.8845 2.0000 
902 903 6 8.6277 4.2253 -20.3279 8.6098 4.2371 -20.5267 0.0608 0.2000 0.4314 0.3922 0.1961 28.2315 2.0000 
903 904 6 8.6098 4.2371 -20.5267 8.6245 4.1954 -20.7218 0.0608 0.2000 0.4314 0.3922 0.1961 28.5863 2.0000 
904 905 6 8.6245 4.1954 -20.7218 8.5808 4.1403 -20.9090 0.0608 0.2000 0.4314 0.3922 0.1961 28.9491 2.0000 
905 906 6 8.5808 4.1403 -20.9090 8.5417 4.0913 -21.0989 0.0608 0.2000 0.4314 0.3922 0.1961 29.3205 2.0000 
906 907 6 8.5417 4.0913 -21.0989 8.5099 4.0490 -21.2918 0.0608 0.2000 0.4314 0.3922 0.1961 29.7007 2.0000 
907 908 6 8.5099 4.0490 -21.2918 8.4622 3.9974 -21.4289 0.0608 0.1541 0.4314 0.3922 0.1961 30.0000 2.0000 
13 909 7 0.1032 -0.1695 -5.3168 -0.0185 -0.3215 -5.3626 0.0644 0.2000 0.4314 0.3922 0.1961 8.9827 2.0000 
909 910 7 -0.0185 -0.3215 -5.3626 -0.1395 -0.4731 -5.4110 0.0644 0.2000 0.4314 0.3922 0.1961 9.0713 2.0000 
910 911 7 -0.1395 -0.4731 -5.4110 -0.2622 -0.6136 -5.4832 0.0644 0.2000 0.4314 0.3922 0.1961 9.1605 2.0000 
911 912 7 -0.2622 -0.6136 -5.4832 -0.4033 -0.7524 -5.5119 0.0644 0.2000 0.4314 0.3922 0.1961 9.2503 2.0000 
912 913 7 -0.4033 -0.7524 -5.5119 -0.5476 -0.8885 -5.5376 0.0644 0.2000 0.4314 0.3922 0.1961 9.3407 2.0000 
913 914 7 -0.5476 -0.8885 -5.5376 -0.7196 -0.9857 -5.5687 0.0644 0.2000 0.4314 0.3922 0.1961 9.4317 2.0000 
914 915 7 -0.7196 -0.9857 -5.5687 -0.8929 -1.0703 -5.6218 0.0644 0.2000 0.4314 0.3922 0.1961 9.5234 2.0000 
915 916 7 -0.8929 -1.0703 -5.6218 -1.0703 -1.1622 -5.6125 0.0644 0.2000 0.4314 0.3922 0.1961 9.6157 2.0000 
916 917 7 -1.0703 -1.1622 -5.6125 -1.2448 -1.2593 -5.6013 0.0644 0.2000 0.4314 0.3922 0.1961 9.7087 2.0000 
917 918 7 -1.2448 -1.2593 -5.6013 -1.4031 -1.3782 -5.5732 0.0644 0.2000 0.4314 0.3922 0.1961 9.8023 2.0000 
918 919 7 -1.4031 -1.3782 -5.5732 -1.5514 -1.5072 -5.5361 0.0644 0.2000 0.4314 0.3922 0.1961 9.8966 2.0000 
919 920 7 -1.5514 -1.5072 -5.5361 -1.6970 -1.6375 -5.4935 0.0644 0.2000 0.4314 0.3922 0.1961 9.9916 2.0000 
920 921 7 -1.6970 -1.6375 -5.4935 -1.8342 -1.7796 -5.4622 0.0644 0.2000 0.4314 0.3922 0.1961 10.0873 2.0000 
921 922 7 -1.8342 -1.7796 -5.4622 -1.9611 -1.9336 -5.4492 0.0644 0.2000 0.4314 0.3922 0.1961 10.1837 2.0000 
922 923 7 -1.9611 -1.9336 -5.4492 -2.0923 -2.0835 -5.4308 0.0644 0.2000 0.4314 0.3922 0.1961 10.2808 2.0000 
923 924 7 -2.0923 -2.0835 -5.4308 -2.2400 -2.2102 -5.4769 0.0644 0.2000 0.4314 0.3922 0.1961 10.3786 2.0000 
924 925 7 -2.2400 -2.2102 -5.4769 -2.4183 -2.2869 -5.5252 0.0644 0.2000 0.4314 0.3922 0.1961 10.4771 2.0000 
925 926 7 -2.4183 -2.2869 -5.5252 -2.5955 -2.3552 -5.5880 0.0644 0.2000 0.4314 0.3922 0.1961 10.5764 2.0000 
926 927 7 -2.5955 -2.3552 -5.5880 -2.7578 -2.3941 -5.6982 0.0644 0.2000 0.4314 0.3922 0.1961 10.6765 2.0000 
927 928 7 -2.7578 -2.3941 -5.6982 -2.9209 -2.3743 -5.8122 0.0644 0.2000 0.4314 0.3922 0.1961 10.7773 2.0000 
928 929 7 -2.9209 -2.3743 -5.8122 -3.0839 -2.3601 -5.9273 0.0644 0.2000 0.4314 0.3922 0.1961 10.8789 2.0000 
929 930 7 -3.0839 -2.3601 -5.9273 -3.2444 -2.3356 -6.0440 0.0644 0.2000 0.4314 0.3922 0.1961 10.9813 2.0000 
930 931 7 -3.2444 -2.3356 -6.0440 -3.4073 -2.3148 -6.1582 0.0644 0.2000 0.4314 0.3922 0.1961 11.0845 2.0000 
931 932 7 -3.4073 -2.3148 -6.1582 -3.5626 -2.3057 -6.2839 0.0644 0.2000 0.4314 0.3922 0.1961 11.1885 2.0000 
932 933 7 -3.5626 -2.3057 -6.2839 -3.7230 -2.3048 -6.4034 0.0644 0.2000 0.4314 0.3922 0.1961 11.2933 2.0000 
933 934 7 -3.7230 -2.3048 -6.4034 -3.8835 -2.2965 -6.5224 0.0644 0.2000 0.4314 0.3922 0.1961 11.3990 2.0000 
934 935 7 -3.8835 -2.2965 -6.5224 -4.0208 -2.2812 -6.6670 0.0644 0.2000 0.4314 0.3922 0.1961 11.5055 2.0000 
935 936 7 -4.0208 -2.2812 -6.6670 -4.1553 -2.2682 -6.8144 0.0644 0.2000 0.4314 0.3922 0.1961 11.6130 2.0000 
936 937 7 -4.1553 -2.2682 -6.8144 -4.2756 -2.2357 -6.9709 0.0644 0.2000 0.4314 0.3922 0.1961 11.7213 2.0000 
937 938 7 -4.2756 -2.2357 -6.9709 -4.3957 -2.1825 -7.1217 0.0644 0.2000 0.4314 0.3922 0.1961 11.8305 2.0000 
938 939 7 -4.3957 -2.1825 -7.1217 -4.5318 -2.0983 -7.2416 0.0644 0.2000 0.4314 0.3922 0.1961 11.9406 2.0000 
939 940 7 -4.5318 -2.0983 -7.2416 -4.6627 -2.0113 -7.3653 0.0644 0.2000 0.4314 0.3922 0.1961 12.0516 2.0000 
940 941 7 -4.6627 -2.0113 -7.3653 -4.7735 -1.9281 -7.5096 0.0644 0.2000 0.4314 0.3922 0.1961 12.1636 2.0000 
941 942 7 -4.7735 -1.9281 -7.5096 -4.9042 -1.8234 -7.6189 0.0644 0.2000 0.4314 0.3922 0.1961 12.2766 2.0000 
942 943 7 -4.9042 -1.8234 -7.6189 -5.0175 -1.7263 -7.7521 0.0644 0.2000 0.4314 0.3922 0.1961 12.3905 2.0000 
943 944 7 -5.0175 -1.7263 -7.7521 -5.1437 -1.6471 -7.8855 0.0644 0.2000 0.4314 0.3922 0.1961 12.5054 2.0000 
944 945 7 -5.1437 -1.6471 -7.8855 -5.2578 -1.5926 -8.0404 0.0644 0.2000 0.4314 0.3922 0.1961 12.6214 2.0000 
945 946 7 -5.2578 -1.5926 -8.0404 -5.3743 -1.5328 -8.1916 0.0644 0.2000 0.4314 0.3922 0.1961 12.7383 2.0000 
946 947 7 -5.3743 -1.5328 -8.1916 -5.4770 -1.4677 -8.3504 0.0644 0.2000 0.4314 0.3922 0.1961 12.8564 2.0000 
947 948 7 -5.4770 -1.4677 -8.3504 -5.5922 -1.4134 -8.5046 0.0644 0.2000 0.4314 0.3922 0.1961 12.9755 2.0000 
948 949 7 -5.5922 -1.4134 -8.5046 -5.7068 -1.3578 -8.6588 0.0644 0.2000 0.4314 0.3922 0.1961 13.0956 2.0000 
949 950 7 -5.7068 -1.3578 -8.6588 -5.7991 -1.2923 -8.8236 0.0644 0.2000 0.4314 0.3922 0.1961 13.2169 2.0000 
950 951 7 -5.7991 -1.2923 -8.8236 -5.8544 -1.2405 -9.0088 0.0644 0.2000 0.4314 0.3922 0.1961 13.3394 2.0000 
951 952 7 -5.8544 -1.2405 -9.0088 -5.9184 -1.2303 -9.1980 0.0644 0.2000 0.4314 0.3922 0.1961 13.4629 2.0000 
952 953 7 -5.9184 -1.2303 -9.1980 -5.9611 -1.2070 -9.3920 0.0644 0.2000 0.4314 0.3922 0.1961 13.5877 2.0000 
953 954 7 -5.9611 -1.2070 -9.3920 -5.9851 -1.2088 -9.5905 0.0644 0.2000 0.4314 0.3922 0.1961 13.7136 2.0000 
954 955 7 -5.9851 -1.2088 -9.5905 -5.9928 -1.1976 -9.7900 0.0644 0.2000 0.4314 0.3922 0.1961 13.8408 2.0000 
955 956 7 -5.9928 -1.1976 -9.7900 -5.9785 -1.2033 -9.9895 0.0644 0.2000 0.4314 0.3922 0.1961 13.9692 2.0000 
956 957 7 -5.9785 -1.2033 -9.9895 -5.9882 -1.1935 -10.1890 0.0644 0.2000 0.4314 0.3922 0.1961 14.0989 2.0000 
957 958 7 -5.9882 -1.1935 -10.1890 -6.0094 -1.1913 -10.3878 0.0644 0.2000 0.4314 0.3922 0.1961 14.2299 2.0000 
958 959 7 -6.0094 -1.1913 -10.3878 -6.0112 -1.1925 -10.5878 0.0644 0.2000 0.4314 0.3922 0.1961 14.3622 2.0000 
959 960 7 -6.0112 -1.1925 -10.5878 -6.0103 -1.1911 -10.7878 0.0644 0.2000 0.4314 0.3922 0.1961 14.4958 2.0000 
960 961 7 -6.0103 -1.1911 -10.7878 -6.0083 -1.1884 -10.9878 0.0644 0.2000 0.4314 0.3922 0.1961 14.6308 2.0000 
961 962 7 -6.0083 -1.1884 -10.9878 -5.9765 -1.1985 -11.1850 0.0644 0.2000 0.4314 0.3922 0.1961 14.7672 2.0000 
962 963 7 -5.9765 -1.1985 -11.1850 -5.9462 -1.2017 -11.3826 0.0644 0.2000 0.4314 0.3922 0.1961 14.9051 2.0000 
963 964 7 -5.9462 -1.2017 -11.3826 -5.9320 -1.2089 -11.5820 0.0644 0.2000 0.4314 0.3922 0.1961 15.0444 2.0000 
964 965 7 -5.9320 -1.2089 -11.5820 -5.9123 -1.1534 -11.7732 0.0644 0.2000 0.4314 0.3922 0.1961 15.1852 2.0000 
965 966 7 -5.9123 -1.1534 -11.7732 -5.8639 -1.1109 -11.9625 0.0644 0.2000 0.4314 0.3922 0.1961 15.3275 2.0000 
966 967 7 -5.8639 -1.1109 -11.9625 -5.8132 -1.0709 -12.1518 0.0644 0.2000 0.4314 0.3922 0.1961 15.4714 2.0000 
967 968 7 -5.8132 -1.0709 -12.1518 -5.7615 -1.0237 -12.3391 0.0644 0.2000 0.4314 0.3922 0.1961 15.6168 2.0000 
968 969 7 -5.7615 -1.0237 -12.3391 -5.6964 -1.0049 -12.5273 0.0644 0.2000 0.4314 0.3922 0.1961 15.7639 2.0000 
969 970 7 -5.6964 -1.0049 -12.5273 -5.6319 -0.9864 -12.7157 0.0644 0.2000 0.4314 0.3922 0.1961 15.9127 2.0000 
970 971 7 -5.6319 -0.9864 -12.7157 -5.5523 -0.9516 -12.8959 0.0644 0.2000 0.4314 0.3922 0.1961 16.0632 2.0000 
971 972 7 -5.5523 -0.9516 -12.8959 -5.4899 -0.9047 -13.0800 0.0644 0.2000 0.4314 0.3922 0.1961 16.2154 2.0000 
972 973 7 -5.4899 -0.9047 -13.0800 -5.4227 -0.8438 -13.2582 0.0644 0.2000 0.4314 0.3922 0.1961 16.3694 2.0000 
973 974 7 -5.4227 -0.8438 -13.2582 -5.4055 -0.7745 -13.4451 0.0644 0.2000 0.4314 0.3922 0.1961 16.5252 2.0000 
974 975 7 -5.4055 -0.7745 -13.4451 -5.3897 -0.7032 -13.6313 0.0644 0.2000 0.4314 0.3922 0.1961 16.6829 2.0000 
975 976 7 -5.3897 -0.7032 -13.6313 -5.3894 -0.6424 -13.8218 0.0644 0.2000 0.4314 0.3922 0.1961 16.8425 2.0000 
976 977 7 -5.3894 -0.6424 -13.8218 -5.4267 -0.5842 -14.0095 0.0644 0.2000 0.4314 0.3922 0.1961 17.0041 2.0000 
977 978 7 -5.4267 -0.5842 -14.0095 -5.4834 -0.5333 -14.1944 0.0644 0.2000 0.4314 0.3922 0.1961 17.1677 2.0000 
978 979 7 -5.4834 -0.5333 -14.1944 -5.5401 -0.4943 -14.3822 0.0644 0.2000 0.4314 0.3922 0.1961 17.3333 2.0000 
979 980 7 -5.5401 -0.4943 -14.3822 -5.6086 -0.4244 -14.5566 0.0644 0.2000 0.4314 0.3922 0.1961 17.5011 2.0000 
980 981 7 -5.6086 -0.4244 -14.5566 -5.6721 -0.3471 -14.7298 0.0644 0.2000 0.4314 0.3922 0.1961 17.6710 2.0000 
981 982 7 -5.6721 -0.3471 -14.7298 -5.7310 -0.2714 -14.9053 0.0644 0.2000 0.4314 0.3922 0.1961 17.8432 2.0000 
982 983 7 -5.7310 -0.2714 -14.9053 -5.7587 -0.1949 -15.0880 0.0644 0.2000 0.4314 0.3922 0.1961 18.0176 2.0000 
983 984 7 -5.7587 -0.1949 -15.0880 -5.7583 -0.1138 -15.2708 0.0644 0.2000 0.4314 0.3922 0.1961 18.1944 2.0000 
984 985 7 -5.7583 -0.1138 -15.2708 -5.7570 -0.0075 -15.4402 0.0644 0.2000 0.4314 0.3922 0.1961 18.3736 2.0000 
985 986 7 -5.7570 -0.0075 -15.4402 -5.7732 0.0862 -15.6162 0.0644 0.2000 0.4314 0.3922 0.1961 18.5553 2.0000 
986 987 7 -5.7732 0.0862 -15.6162 -5.7566 0.1817 -15.7911 0.0644 0.2000 0.4314 0.3922 0.1961 18.7396 2.0000 
987 988 7 -5.7566 0.1817 -15.7911 -5.7339 0.2583 -15.9745 0.0644 0.2000 0.4314 0.3922 0.1961 18.9264 2.0000 
988 989 7 -5.7339 0.2583 -15.9745 -5.7466 0.3501 -16.1517 0.0644 0.2000 0.4314 0.3922 0.1961 19.1160 2.0000 
989 990 7 -5.7466 0.3501 -16.1517 -5.7545 0.4583 -16.3197 0.0644 0.2000 0.4314 0.3922 0.1961 19.3083 2.0000 
990 991 7 -5.7545 0.4583 -16.3197 -5.7424 0.5647 -16.4886 0.0644 0.2000 0.4314 0.3922 0.1961 19.5035 2.0000 
991 992 7 -5.7424 0.5647 -16.4886 -5.7410 0.6774 -16.6539 0.0644 0.2000 0.4314 0.3922 0.1961 19.7016 2.0000 
992 993 7 -5.7410 0.6774 -16.6539 -5.7334 0.7796 -16.8256 0.0644 0.2000 0.4314 0.3922 0.1961 19.9028 2.0000 
993 994 7 -5.7334 0.7796 -16.8256 -5.7091 0.8708 -17.0019 0.0644 0.2000 0.4314 0.3922 0.1961 20.1070 2.0000 
994 995 7 -5.7091 0.8708 -17.0019 -5.6754 0.9937 -17.1561 0.0644 0.2000 0.4314 0.3922 0.1961 20.3146 2.0000 
995 996 7 -5.6754 0.9937 -17.1561 -5.6337 1.1134 -17.3108 0.0644 0.2000 0.4314 0.3922 0.1961 20.5254 2.0000 
996 997 7 -5.6337 1.1134 -17.3108 -5.6157 1.2311 -17.4715 0.0644 0.2000 0.4314 0.3922 0.1961 20.7397 2.0000 
997 998 7 -5.6157 1.2311 -17.4715 -5.6122 1.3541 -17.6292 0.0644 0.2000 0.4314 0.3922 0.1961 20.9575 2.0000 
998 999 7 -5.6122 1.3541 -17.6292 -5.6125 1.4849 -17.7805 0.0644 0.2000 0.4314 0.3922 0.1961 21.1790 2.0000 
999 1000 7 -5.6125 1.4849 -17.7805 -5.5773 1.5949 -17.9437 0.0644 0.2000 0.4314 0.3922 0.1961 21.4043 2.0000 
1000 1001 7 -5.5773 1.5949 -17.9437 -5.5284 1.6777 -18.1191 0.0644 0.2000 0.4314 0.3922 0.1961 21.6336 2.0000 
1001 1002 7 -5.5284 1.6777 -18.1191 -5.5202 1.7404 -18.3088 0.0644 0.2000 0.4314 0.3922 0.1961 21.8669 2.0000 
1002 1003 7 -5.5202 1.7404 -18.3088 -5.5110 1.8070 -18.4972 0.0644 0.2000 0.4314 0.3922 0.1961 22.1044 2.0000 
1003 1004 7 -5.5110 1.8070 -18.4972 -5.4747 1.8590 -18.6869 0.0644 0.2000 0.4314 0.3922 0.1961 22.3463 2.0000 
1004 1005 7 -5.4747 1.8590 -18.6869 -5.4284 1.8962 -18.8778 0.0644 0.2000 0.4314 0.3922 0.1961 22.5928 2.0000 
1005 1006 7 -5.4284 1.8962 -18.8778 -5.4327 1.9208 -19.0763 0.0644 0.2000 0.4314 0.3922 0.1961 22.8439 2.0000 
1006 1007 7 -5.4327 1.9208 -19.0763 -5.4063 1.9741 -19.2672 0.0644 0.2000 0.4314 0.3922 0.1961 23.1000 2.0000 
1007 1008 7 -5.4063 1.9741 -19.2672 -5.3748 1.9932 -19.4638 0.0644 0.2000 0.4314 0.3922 0.1961 23.3611 2.0000 
1008 1009 7 -5.3748 1.9932 -19.4638 -5.2946 1.9876 -19.6470 0.0644 0.2000 0.4314 0.3922 0.1961 23.6276 2.0000 
1009 1010 7 -5.2946 1.9876 -19.6470 -5.2232 1.9719 -19.8331 0.0644 0.2000 0.4314 0.3922 0.1961 23.8995 2.0000 
1010 1011 7 -5.2232 1.9719 -19.8331 -5.1721 1.9644 -20.0263 0.0644 0.2000 0.4314 0.3922 0.1961 24.1772 2.0000 
1011 1012 7 -5.1721 1.9644 -20.0263 -5.1153 1.9581 -20.2180 0.0644 0.2000 0.4314 0.3922 0.1961 24.4609 2.0000 
1012 1013 7 -5.1153 1.9581 -20.2180 -5.0882 1.9386 -20.4152 0.0644 0.2000 0.4314 0.3922 0.1961 24.7509 2.0000 
1013 1014 7 -5.0882 1.9386 -20.4152 -5.0567 1.9100 -20.6106 0.0644 0.2000 0.4314 0.3922 0.1961 25.0474 2.0000 
1014 1015 7 -5.0567 1.9100 -20.6106 -5.0128 1.8845 -20.8041 0.0644 0.2000 0.4314 0.3922 0.1961 25.3507 2.0000 
1015 1016 7 -5.0128 1.8845 -20.8041 -4.9691 1.8770 -20.9991 0.0644 0.2000 0.4314 0.3922 0.1961 25.6612 2.0000 
1016 1017 7 -4.9691 1.8770 -20.9991 -4.9169 1.8545 -21.1908 0.0644 0.2000 0.4314 0.3922 0.1961 25.9793 2.0000 
1017 1018 7 -4.9169 1.8545 -21.1908 -4.8917 1.8018 -21.3821 0.0644 0.2000 0.4314 0.3922 0.1961 26.3052 2.0000 
1018 1019 7 -4.8917 1.8018 -21.3821 -4.8834 1.7333 -21.5698 0.0644 0.2000 0.4314 0.3922 0.1961 26.6394 2.0000 
1019 1020 7 -4.8834 1.7333 -21.5698 -4.8725 1.6633 -21.7569 0.0644 0.2000 0.4314 0.3922 0.1961 26.9824 2.0000 
1020 1021 7 -4.8725 1.6633 -21.7569 -4.8689 1.5959 -21.9451 0.0644 0.2000 0.4314 0.3922 0.1961 27.3345 2.0000 
1021 1022 7 -4.8689 1.5959 -21.9451 -4.8725 1.5296 -22.1338 0.0644 0.2000 0.4314 0.3922 0.1961 27.6963 2.0000 
1022 1023 7 -4.8725 1.5296 -22.1338 -4.9010 1.5298 -22.3318 0.0644 0.2000 0.4314 0.3922 0.1961 28.0684 2.0000 
1023 1024 7 -4.9010 1.5298 -22.3318 -4.9325 1.5304 -22.5293 0.0644 0.2000 0.4314 0.3922 0.1961 28.4513 2.0000 
1024 1025 7 -4.9325 1.5304 -22.5293 -4.9748 1.5592 -22.7226 0.0644 0.2000 0.4314 0.3922 0.1961 28.8458 2.0000 
1025 1026 7 -4.9748 1.5592 -22.7226 -5.0300 1.5921 -22.9120 0.0644 0.2000 0.4314 0.3922 0.1961 29.2524 2.0000 
1026 1027 7 -5.0300 1.5921 -22.9120 -5.0854 1.6139 -23.1029 0.0644 0.2000 0.4314 0.3922 0.1961 29.6720 2.0000 
1027 1028 7 -5.0854 1.6139 -23.1029 -5.1320 1.6342 -23.2461 0.0644 0.1519 0.4314 0.3922 0.1961 30.0000 2.0000 
16 1029 8 0.0827 -0.1522 -5.7362 0.0276 0.0286 -5.8016 0.0992 0.2000 0.4314 0.3922 0.1961 9.3611 2.0000 
1029 1030 8 0.0276 0.0286 -5.8016 -0.0494 0.1529 -5.9381 0.0992 0.2000 0.4314 0.3922 0.1961 9.4561 2.0000 
1030 1031 8 -0.0494 0.1529 -5.9381 -0.1061 0.2880 -6.0743 0.0992 0.2000 0.4314 0.3922 0.1961 9.5516 2.0000 
1031 1032 8 -0.1061 0.2880 -6.0743 -0.1661 0.4149 -6.2166 0.0992 0.2000 0.4314 0.3922 0.1961 9.6478 2.0000 
1032 1033 8 -0.1661 0.4149 -6.2166 -0.2207 0.5046 -6.3869 0.0992 0.2000 0.4314 0.3922 0.1961 9.7445 2.0000 
1033 1034 8 -0.2207 0.5046 -6.3869 -0.2756 0.5950 -6.5566 0.0992 0.2000 0.4314 0.3922 0.1961 9.8419 2.0000 
1034 1035 8 -0.2756 0.5950 -6.5566 -0.3366 0.6580 -6.7364 0.0992 0.2000 0.4314 0.3922 0.1961 9.9398 2.0000 
1035 1036 8 -0.3366 0.6580 -6.7364 -0.4131 0.7008 -6.9161 0.0992 0.2000 0.4314 0.3922 0.1961 10.0384 2.0000 
1036 1037 8 -0.4131 0.7008 -6.9161 -0.4519 0.7671 -7.1008 0.0992 0.2000 0.4314 0.3922 0.1961 10.1376 2.0000 
1037 1038 8 -0.4519 0.7671 -7.1008 -0.5170 0.7978 -7.2874 0.0992 0.2000 0.4314 0.3922 0.1961 10.2375 2.0000 
1038 1039 8 -0.5170 0.7978 -7.2874 -0.6157 0.8311 -7.4581 0.0992 0.2000 0.4314 0.3922 0.1961 10.3380 2.0000 
1039 1040 8 -0.6157 0.8311 -7.4581 -0.6958 0.8868 -7.6327 0.0992 0.2000 0.4314 0.3922 0.1961 10.4392 2.0000 
1040 1041 8 -0.6958 0.8868 -7.6327 -0.7736 0.9390 -7.8094 0.0992 0.2000 0.4314 0.3922 0.1961 10.5410 2.0000 
1041 1042 8 -0.7736 0.9390 -7.8094 -0.8407 1.0027 -7.9867 0.0992 0.2000 0.4314 0.3922 0.1961 10.6435 2.0000 
1042 1043 8 -0.8407 1.0027 -7.9867 -0.8761 1.0489 -8.1781 0.0992 0.2000 0.4314 0.3922 0.1961 10.7467 2.0000 
1043 1044 8 -0.8761 1.0489 -8.1781 -0.8868 1.0372 -8.3775 0.0992 0.2000 0.4314 0.3922 0.1961 10.8505 2.0000 
1044 1045 8 -0.8868 1.0372 -8.3775 -0.8980 1.0203 -8.5764 0.0992 0.2000 0.4314 0.3922 0.1961 10.9551 2.0000 
1045 1046 8 -0.8980 1.0203 -8.5764 -0.8979 1.0028 -8.7757 0.0992 0.2000 0.4314 0.3922 0.1961 11.0604 2.0000 
1046 1047 8 -0.8979 1.0028 -8.7757 -0.9136 0.9728 -8.9728 0.0992 0.2000 0.4314 0.3922 0.1961 11.1664 2.0000 
1047 1048 8 -0.9136 0.9728 -8.9728 -0.8987 0.9327 -9.1681 0.0992 0.2000 0.4314 0.3922 0.1961 11.2731 2.0000 
1048 1049 8 -0.8987 0.9327 -9.1681 -0.8977 0.8665 -9.3569 0.0992 0.2000 0.4314 0.3922 0.1961 11.3806 2.0000 
1049 1050 8 -0.8977 0.8665 -9.3569 -0.9215 0.7781 -9.5346 0.0992 0.2000 0.4314 0.3922 0.1961 11.4888 2.0000 
1050 1051 8 -0.9215 0.7781 -9.5346 -0.9275 0.6598 -9.6958 0.0992 0.2000 0.4314 0.3922 0.1961 11.5978 2.0000 
1051 1052 8 -0.9275 0.6598 -9.6958 -0.9577 0.5380 -9.8515 0.0992 0.2000 0.4314 0.3922 0.1961 11.7076 2.0000 
1052 1053 8 -0.9577 0.5380 -9.8515 -0.9672 0.4158 -10.0096 0.0992 0.2000 0.4314 0.3922 0.1961 11.8181 2.0000 
1053 1054 8 -0.9672 0.4158 -10.0096 -0.9711 0.2840 -10.1599 0.0992 0.2000 0.4314 0.3922 0.1961 11.9295 2.0000 
1054 1055 8 -0.9711 0.2840 -10.1599 -0.9802 0.1516 -10.3096 0.0992 0.2000 0.4314 0.3922 0.1961 12.0416 2.0000 
1055 1056 8 -0.9802 0.1516 -10.3096 -0.9672 0.0003 -10.4398 0.0992 0.2000 0.4314 0.3922 0.1961 12.1546 2.0000 
1056 1057 8 -0.9672 0.0003 -10.4398 -0.9482 -0.1479 -10.5728 0.0992 0.2000 0.4314 0.3922 0.1961 12.2683 2.0000 
1057 1058 8 -0.9482 -0.1479 -10.5728 -0.9283 -0.2908 -10.7112 0.0992 0.2000 0.4314 0.3922 0.1961 12.3830 2.0000 
1058 1059 8 -0.9283 -0.2908 -10.7112 -0.8938 -0.4537 -10.8220 0.0992 0.2000 0.4314 0.3922 0.1961 12.4985 2.0000 
1059 1060 8 -0.8938 -0.4537 -10.8220 -0.8652 -0.6169 -10.9340 0.0992 0.2000 0.4314 0.3922 0.1961 12.6148 2.0000 
1060 1061 8 -0.8652 -0.6169 -10.9340 -0.8724 -0.7748 -11.0566 0.0992 0.2000 0.4314 0.3922 0.1961 12.7320 2.0000 
1061 1062 8 -0.8724 -0.7748 -11.0566 -0.8795 -0.9325 -11.1794 0.0992 0.2000 0.4314 0.3922 0.1961 12.8501 2.0000 
1062 1063 8 -0.8795 -0.9325 -11.1794 -0.8839 -1.0627 -11.3312 0.0992 0.2000 0.4314 0.3922 0.1961 12.9692 2.0000 
1063 1064 8 -0.8839 -1.0627 -11.3312 -0.9052 -1.1808 -11.4911 0.0992 0.2000 0.4314 0.3922 0.1961 13.0891 2.0000 
1064 1065 8 -0.9052 -1.1808 -11.4911 -0.9305 -1.3120 -11.6399 0.0992 0.2000 0.4314 0.3922 0.1961 13.2100 2.0000 
1065 1066 8 -0.9305 -1.3120 -11.6399 -0.9555 -1.4438 -11.7883 0.0992 0.2000 0.4314 0.3922 0.1961 13.3318 2.0000 
1066 1067 8 -0.9555 -1.4438 -11.7883 -0.9398 -1.5631 -11.9480 0.0992 0.2000 0.4314 0.3922 0.1961 13.4546 2.0000 
1067 1068 8 -0.9398 -1.5631 -11.9480 -0.9251 -1.6795 -12.1100 0.0992 0.2000 0.4314 0.3922 0.1961 13.5784 2.0000 
1068 1069 8 -0.9251 -1.6795 -12.1100 -0.9097 -1.7938 -12.2734 0.0992 0.2000 0.4314 0.3922 0.1961 13.7032 2.0000 
1069 1070 8 -0.9097 -1.7938 -12.2734 -0.8965 -1.9067 -12.4380 0.0992 0.2000 0.4314 0.3922 0.1961 13.8290 2.0000 
1070 1071 8 -0.8965 -1.9067 -12.4380 -0.9036 -1.9974 -12.6161 0.0992 0.2000 0.4314 0.3922 0.1961 13.9558 2.0000 
1071 1072 8 -0.9036 -1.9974 -12.6161 -0.8897 -2.0879 -12.7939 0.0992 0.2000 0.4314 0.3922 0.1961 14.0837 2.0000 
1072 1073 8 -0.8897 -2.0879 -12.7939 -0.8509 -2.1364 -12.9840 0.0992 0.2000 0.4314 0.3922 0.1961 14.2126 2.0000 
1073 1074 8 -0.8509 -2.1364 -12.9840 -0.7976 -2.1838 -13.1709 0.0992 0.2000 0.4314 0.3922 0.1961 14.3426 2.0000 
1074 1075 8 -0.7976 -2.1838 -13.1709 -0.7419 -2.2506 -13.3510 0.0992 0.2000 0.4314 0.3922 0.1961 14.4737 2.0000 
1075 1076 8 -0.7419 -2.2506 -13.3510 -0.6786 -2.3515 -13.5116 0.0992 0.2000 0.4314 0.3922 0.1961 14.6060 2.0000 
1076 1077 8 -0.6786 -2.3515 -13.5116 -0.6247 -2.4660 -13.6665 0.0992 0.2000 0.4314 0.3922 0.1961 14.7393 2.0000 
1077 1078 8 -0.6247 -2.4660 -13.6665 -0.5696 -2.5921 -13.8116 0.0992 0.2000 0.4314 0.3922 0.1961 14.8738 2.0000 
1078 1079 8 -0.5696 -2.5921 -13.8116 -0.5232 -2.7216 -13.9568 0.0992 0.2000 0.4314 0.3922 0.1961 15.0095 2.0000 
1079 1080 8 -0.5232 -2.7216 -13.9568 -0.4311 -2.8388 -14.0902 0.0992 0.2000 0.4314 0.3922 0.1961 15.1464 2.0000 
1080 1081 8 -0.4311 -2.8388 -14.0902 -0.4056 -2.9819 -14.2275 0.0992 0.2000 0.4314 0.3922 0.1961 15.2846 2.0000 
1081 1082 8 -0.4056 -2.9819 -14.2275 -0.3481 -3.1024 -14.3765 0.0992 0.2000 0.4314 0.3922 0.1961 15.4239 2.0000 
1082 1083 8 -0.3481 -3.1024 -14.3765 -0.2444 -3.1739 -14.5318 0.0992 0.2000 0.4314 0.3922 0.1961 15.5645 2.0000 
1083 1084 8 -0.2444 -3.1739 -14.5318 -0.1091 -3.2025 -14.6763 0.0992 0.2000 0.4314 0.3922 0.1961 15.7065 2.0000 
1084 1085 8 -0.1091 -3.2025 -14.6763 0.0350 -3.2145 -14.8145 0.0992 0.2000 0.4314 0.3922 0.1961 15.8497 2.0000 
1085 1086 8 0.0350 -3.2145 -14.8145 0.1605 -3.2030 -14.9698 0.0992 0.2000 0.4314 0.3922 0.1961 15.9942 2.0000 
1086 1087 8 0.1605 -3.2030 -14.9698 0.2741 -3.1869 -15.1336 0.0992 0.2000 0.4314 0.3922 0.1961 16.1402 2.0000 
1087 1088 8 0.2741 -3.1869 -15.1336 0.3843 -3.2446 -15.2902 0.0992 0.2000 0.4314 0.3922 0.1961 16.2875 2.0000 
1088 1089 8 0.3843 -3.2446 -15.2902 0.5031 -3.3368 -15.4220 0.0992 0.2000 0.4314 0.3922 0.1961 16.4362 2.0000 
1089 1090 8 0.5031 -3.3368 -15.4220 0.6224 -3.4265 -15.5551 0.0992 0.2000 0.4314 0.3922 0.1961 16.5864 2.0000 
1090 1091 8 0.6224 -3.4265 -15.5551 0.7126 -3.5648 -15.6680 0.0992 0.2000 0.4314 0.3922 0.1961 16.7380 2.0000 
1091 1092 8 0.7126 -3.5648 -15.6680 0.8017 -3.7040 -15.7807 0.0992 0.2000 0.4314 0.3922 0.1961 16.8911 2.0000 
1092 1093 8 0.8017 -3.7040 -15.7807 0.8819 -3.8472 -15.8949 0.0992 0.2000 0.4314 0.3922 0.1961 17.0458 2.0000 
1093 1094 8 0.8819 -3.8472 -15.8949 0.9793 -3.9896 -15.9961 0.0992 0.2000 0.4314 0.3922 0.1961 17.2020 2.0000 
1094 1095 8 0.9793 -3.9896 -15.9961 1.1010 -4.1329 -16.0644 0.0992 0.2000 0.4314 0.3922 0.1961 17.3598 2.0000 
1095 1096 8 1.1010 -4.1329 -16.0644 1.2151 -4.2789 -16.1396 0.0992 0.2000 0.4314 0.3922 0.1961 17.5192 2.0000 
1096 1097 8 1.2151 -4.2789 -16.1396 1.3287 -4.4255 -16.2143 0.0992 0.2000 0.4314 0.3922 0.1961 17.6803 2.0000 
1097 1098 8 1.3287 -4.4255 -16.2143 1.4429 -4.5741 -16.2842 0.0992 0.2000 0.4314 0.3922 0.1961 17.8431 2.0000 
1098 1099 8 1.4429 -4.5741 -16.2842 1.5591 -4.7142 -16.3671 0.0992 0.2000 0.4314 0.3922 0.1961 18.0076 2.0000 
1099 1100 8 1.5591 -4.7142 -16.3671 1.6760 -4.8528 -16.4515 0.0992 0.2000 0.4314 0.3922 0.1961 18.1738 2.0000 
1100 1101 8 1.6760 -4.8528 -16.4515 1.8070 -4.9362 -16.5775 0.0992 0.2000 0.4314 0.3922 0.1961 18.3419 2.0000 
1101 1102 8 1.8070 -4.9362 -16.5775 1.9177 -5.0274 -16.7170 0.0992 0.2000 0.4314 0.3922 0.1961 18.5118 2.0000 
1102 1103 8 1.9177 -5.0274 -16.7170 2.0255 -5.1159 -16.8603 0.0992 0.2000 0.4314 0.3922 0.1961 18.6836 2.0000 
1103 1104 8 2.0255 -5.1159 -16.8603 2.1285 -5.2123 -17.0020 0.0992 0.2000 0.4314 0.3922 0.1961 18.8573 2.0000 
1104 1105 8 2.1285 -5.2123 -17.0020 2.2264 -5.3172 -17.1414 0.0992 0.2000 0.4314 0.3922 0.1961 19.0330 2.0000 
1105 1106 8 2.2264 -5.3172 -17.1414 2.3129 -5.4317 -17.2807 0.0992 0.2000 0.4314 0.3922 0.1961 19.2107 2.0000 
1106 1107 8 2.3129 -5.4317 -17.2807 2.3812 -5.5540 -17.4234 0.0992 0.2000 0.4314 0.3922 0.1961 19.3905 2.0000 
1107 1108 8 2.3812 -5.5540 -17.4234 2.4219 -5.6851 -17.5689 0.0992 0.2000 0.4314 0.3922 0.1961 19.5724 2.0000 
1108 1109 8 2.4219 -5.6851 -17.5689 2.5146 -5.8206 -17.6830 0.0992 0.2000 0.4314 0.3922 0.1961 19.7564 2.0000 
1109 1110 8 2.5146 -5.8206 -17.6830 2.6325 -5.9501 -17.7798 0.0992 0.2000 0.4314 0.3922 0.1961 19.9426 2.0000 
1110 1111 8 2.6325 -5.9501 -17.7798 2.7653 -6.0618 -17.8792 0.0992 0.2000 0.4314 0.3922 0.1961 20.1311 2.0000 
1111 1112 8 2.7653 -6.0618 -17.8792 2.8898 -6.1560 -18.0041 0.0992 0.2000 0.4314 0.3922 0.1961 20.3220 2.0000 
1112 1113 8 2.8898 -6.1560 -18.0041 2.9985 -6.2464 -18.1456 0.0992 0.2000 0.4314 0.3922 0.1961 20.5152 2.0000 
1113 1114 8 2.9985 -6.2464 -18.1456 3.0886 -6.3208 -18.3079 0.0992 0.2000 0.4314 0.3922 0.1961 20.7108 2.0000 
1114 1115 8 3.0886 -6.3208 -18.3079 3.1850 -6.3707 -18.4759 0.0992 0.2000 0.4314 0.3922 0.1961 20.9090 2.0000 
1115 1116 8 3.1850 -6.3707 -18.4759 3.3322 -6.3866 -18.6104 0.0992 0.2000 0.4314 0.3922 0.1961 21.1097 2.0000 
1116 1117 8 3.3322 -6.3866 -18.6104 3.4704 -6.3906 -18.7549 0.0992 0.2000 0.4314 0.3922 0.1961 21.3130 2.0000 
1117 1118 8 3.4704 -6.3906 -18.7549 3.6129 -6.4030 -18.8946 0.0992 0.2000 0.4314 0.3922 0.1961 21.5191 2.0000 
1118 1119 8 3.6129 -6.4030 -18.8946 3.7492 -6.4202 -19.0400 0.0992 0.2000 0.4314 0.3922 0.1961 21.7279 2.0000 
1119 1120 8 3.7492 -6.4202 -19.0400 3.8674 -6.4235 -19.2013 0.0992 0.2000 0.4314 0.3922 0.1961 21.9396 2.0000 
1120 1121 8 3.8674 -6.4235 -19.2013 3.9922 -6.4305 -19.3575 0.0992 0.2000 0.4314 0.3922 0.1961 22.1542 2.0000 
1121 1122 8 3.9922 -6.4305 -19.3575 4.1126 -6.4642 -19.5136 0.0992 0.2000 0.4314 0.3922 0.1961 22.3718 2.0000 
1122 1123 8 4.1126 -6.4642 -19.5136 4.2352 -6.4791 -19.6709 0.0992 0.2000 0.4314 0.3922 0.1961 22.5925 2.0000 
1123 1124 8 4.2352 -6.4791 -19.6709 4.3620 -6.4962 -19.8246 0.0992 0.2000 0.4314 0.3922 0.1961 22.8164 2.0000 
1124 1125 8 4.3620 -6.4962 -19.8246 4.4757 -6.5113 -19.9884 0.0992 0.2000 0.4314 0.3922 0.1961 23.0436 2.0000 
1125 1126 8 4.4757 -6.5113 -19.9884 4.5922 -6.5153 -20.1509 0.0992 0.2000 0.4314 0.3922 0.1961 23.2742 2.0000 
1126 1127 8 4.5922 -6.5153 -20.1509 4.7038 -6.5186 -20.3169 0.0992 0.2000 0.4314 0.3922 0.1961 23.5082 2.0000 
1127 1128 8 4.7038 -6.5186 -20.3169 4.7911 -6.5355 -20.4961 0.0992 0.2000 0.4314 0.3922 0.1961 23.7459 2.0000 
1128 1129 8 4.7911 -6.5355 -20.4961 4.8789 -6.5493 -20.6752 0.0992 0.2000 0.4314 0.3922 0.1961 23.9872 2.0000 
1129 1130 8 4.8789 -6.5493 -20.6752 4.9581 -6.5633 -20.8583 0.0992 0.2000 0.4314 0.3922 0.1961 24.2324 2.0000 
1130 1131 8 4.9581 -6.5633 -20.8583 5.0287 -6.5763 -21.0450 0.0992 0.2000 0.4314 0.3922 0.1961 24.4815 2.0000 
1131 1132 8 5.0287 -6.5763 -21.0450 5.0946 -6.5922 -21.2332 0.0992 0.2000 0.4314 0.3922 0.1961 24.7346 2.0000 
1132 1133 8 5.0946 -6.5922 -21.2332 5.1482 -6.5995 -21.4257 0.0992 0.2000 0.4314 0.3922 0.1961 24.9920 2.0000 
1133 1134 8 5.1482 -6.5995 -21.4257 5.1984 -6.6137 -21.6188 0.0992 0.2000 0.4314 0.3922 0.1961 25.2537 2.0000 
1134 1135 8 5.1984 -6.6137 -21.6188 5.2633 -6.6256 -21.8076 0.0992 0.2000 0.4314 0.3922 0.1961 25.5199 2.0000 
1135 1136 8 5.2633 -6.6256 -21.8076 5.3308 -6.6413 -21.9952 0.0992 0.2000 0.4314 0.3922 0.1961 25.7908 2.0000 
1136 1137 8 5.3308 -6.6413 -21.9952 5.4014 -6.6482 -22.1822 0.0992 0.2000 0.4314 0.3922 0.1961 26.0664 2.0000 
1137 1138 8 5.4014 -6.6482 -22.1822 5.4707 -6.6547 -22.3697 0.0992 0.2000 0.4314 0.3922 0.1961 26.3471 2.0000 
1138 1139 8 5.4707 -6.6547 -22.3697 5.5599 -6.6008 -22.5404 0.0992 0.2000 0.4314 0.3922 0.1961 26.6329 2.0000 
1139 1140 8 5.5599 -6.6008 -22.5404 5.6788 -6.5530 -22.6940 0.0992 0.2000 0.4314 0.3922 0.1961 26.9242 2.0000 
1140 1141 8 5.6788 -6.5530 -22.6940 5.7956 -6.5032 -22.8484 0.0992 0.2000 0.4314 0.3922 0.1961 27.2209 2.0000 
1141 1142 8 5.7956 -6.5032 -22.8484 5.9244 -6.4524 -22.9928 0.0992 0.2000 0.4314 0.3922 0.1961 27.5235 2.0000 
1142 1143 8 5.9244 -6.4524 -22.9928 6.0545 -6.4025 -23.1363 0.0992 0.2000 0.4314 0.3922 0.1961 27.8321 2.0000 
1143 1144 8 6.0545 -6.4025 -23.1363 6.1814 -6.3725 -23.2879 0.0992 0.2000 0.4314 0.3922 0.1961 28.1470 2.0000 
1144 1145 8 6.1814 -6.3725 -23.2879 6.2771 -6.2822 -23.4386 0.0992 0.2000 0.4314 0.3922 0.1961 28.4684 2.0000 
1145 1146 8 6.2771 -6.2822 -23.4386 6.3558 -6.1617 -23.5774 0.0992 0.2000 0.4314 0.3922 0.1961 28.7966 2.0000 
1146 1147 8 6.3558 -6.1617 -23.5774 6.4263 -6.0497 -23.7274 0.0992 0.2000 0.4314 0.3922 0.1961 29.1319 2.0000 
1147 1148 8 6.4263 -6.0497 -23.7274 6.4713 -5.9452 -23.8918 0.0992 0.2000 0.4314 0.3922 0.1961 29.4746 2.0000 
1148 1149 8 6.4713 -5.9452 -23.8918 6.4955 -5.8291 -24.0529 0.0992 0.2000 0.4314 0.3922 0.1961 29.8251 2.0000 
1149 1150 8 6.4955 -5.8291 -24.0529 6.5073 -5.7729 -24.1325 0.0992 0.0981 0.4314 0.3922 0.1961 30.0000 2.0000 
19 1151 9 0.0910 -0.1342 -6.1539 0.0838 -0.2747 -6.2960 0.0832 0.2000 0.4314 0.3922 0.1961 9.7476 2.0000 
1151 1152 9 0.0838 -0.2747 -6.2960 0.1002 -0.3963 -6.4539 0.0832 0.2000 0.4314 0.3922 0.1961 9.8541 2.0000 
1152 1153 9 0.1002 -0.3963 -6.4539 0.1225 -0.5266 -6.6040 0.0832 0.2000 0.4314 0.3922 0.1961 9.9613 2.0000 
1153 1154 9 0.1225 -0.5266 -6.6040 0.1389 -0.6207 -6.7797 0.0832 0.2000 0.4314 0.3922 0.1961 10.0692 2.0000 
1154 1155 9 0.1389 -0.6207 -6.7797 0.1710 -0.7013 -6.9599 0.0832 0.2000 0.4314 0.3922 0.1961 10.1779 2.0000 
1155 1156 9 0.1710 -0.7013 -6.9599 0.1811 -0.7856 -7.1410 0.0832 0.2000 0.4314 0.3922 0.1961 10.2872 2.0000 
1156 1157 9 0.1811 -0.7856 -7.1410 0.1718 -0.8636 -7.3249 0.0832 0.2000 0.4314 0.3922 0.1961 10.3972 2.0000 
1157 1158 9 0.1718 -0.8636 -7.3249 0.1547 -0.9267 -7.5139 0.0832 0.2000 0.4314 0.3922 0.1961 10.5080 2.0000 
1158 1159 9 0.1547 -0.9267 -7.5139 0.0995 -0.9756 -7.6999 0.0832 0.2000 0.4314 0.3922 0.1961 10.6196 2.0000 
1159 1160 9 0.0995 -0.9756 -7.6999 0.0610 -1.0255 -7.8897 0.0832 0.2000 0.4314 0.3922 0.1961 10.7318 2.0000 
1160 1161 9 0.0610 -1.0255 -7.8897 0.0566 -1.0415 -8.0890 0.0832 0.2000 0.4314 0.3922 0.1961 10.8449 2.0000 
1161 1162 9 0.0566 -1.0415 -8.0890 0.0041 -1.0709 -8.2797 0.0832 0.2000 0.4314 0.3922 0.1961 10.9587 2.0000 
1162 1163 9 0.0041 -1.0709 -8.2797 -0.0211 -1.0777 -8.4780 0.0832 0.2000 0.4314 0.3922 0.1961 11.0733 2.0000 
1163 1164 9 -0.0211 -1.0777 -8.4780 -0.0542 -1.1103 -8.6725 0.0832 0.2000 0.4314 0.3922 0.1961 11.1886 2.0000 
1164 1165 9 -0.0542 -1.1103 -8.6725 -0.0792 -1.1291 -8.8701 0.0832 0.2000 0.4314 0.3922 0.1961 11.3048 2.0000 
1165 1166 9 -0.0792 -1.1291 -8.8701 -0.1060 -1.1498 -9.0672 0.0832 0.2000 0.4314 0.3922 0.1961 11.4218 2.0000 
1166 1167 9 -0.1060 -1.1498 -9.0672 -0.1182 -1.1909 -9.2625 0.0832 0.2000 0.4314 0.3922 0.1961 11.5396 2.0000 
1167 1168 9 -0.1182 -1.1909 -9.2625 -0.1178 -1.2139 -9.4612 0.0832 0.2000 0.4314 0.3922 0.1961 11.6583 2.0000 
1168 1169 9 -0.1178 -1.2139 -9.4612 -0.1307 -1.2015 -9.6604 0.0832 0.2000 0.4314 0.3922 0.1961 11.7778 2.0000 
1169 1170 9 -0.1307 -1.2015 -9.6604 -0.1417 -1.1462 -9.8523 0.0832 0.2000 0.4314 0.3922 0.1961 11.8982 2.0000 
1170 1171 9 -0.1417 -1.1462 -9.8523 -0.1449 -1.1092 -10.0488 0.0832 0.2000 0.4314 0.3922 0.1961 12.0194 2.0000 
1171 1172 9 -0.1449 -1.1092 -10.0488 -0.1522 -1.0826 -10.2469 0.0832 0.2000 0.4314 0.3922 0.1961 12.1415 2.0000 
1172 1173 9 -0.1522 -1.0826 -10.2469 -0.1590 -1.0842 -10.4468 0.0832 0.2000 0.4314 0.3922 0.1961 12.2646 2.0000 
1173 1174 9 -0.1590 -1.0842 -10.4468 -0.1468 -1.0841 -10.6464 0.0832 0.2000 0.4314 0.3922 0.1961 12.3885 2.0000 
1174 1175 9 -0.1468 -1.0841 -10.6464 -0.1436 -1.1313 -10.8408 0.0832 0.2000 0.4314 0.3922 0.1961 12.5134 2.0000 
1175 1176 9 -0.1436 -1.1313 -10.8408 -0.1404 -1.1785 -11.0351 0.0832 0.2000 0.4314 0.3922 0.1961 12.6392 2.0000 
1176 1177 9 -0.1404 -1.1785 -11.0351 -0.1403 -1.2269 -11.2291 0.0832 0.2000 0.4314 0.3922 0.1961 12.7660 2.0000 
1177 1178 9 -0.1403 -1.2269 -11.2291 -0.1088 -1.2963 -11.4140 0.0832 0.2000 0.4314 0.3922 0.1961 12.8937 2.0000 
1178 1179 9 -0.1088 -1.2963 -11.4140 -0.0767 -1.3619 -11.6002 0.0832 0.2000 0.4314 0.3922 0.1961 13.0225 2.0000 
1179 1180 9 -0.0767 -1.3619 -11.6002 -0.0247 -1.4075 -11.7879 0.0832 0.2000 0.4314 0.3922 0.1961 13.1522 2.0000 
1180 1181 9 -0.0247 -1.4075 -11.7879 0.0222 -1.4508 -11.9774 0.0832 0.2000 0.4314 0.3922 0.1961 13.2829 2.0000 
1181 1182 9 0.0222 -1.4508 -11.9774 0.0609 -1.5005 -12.1672 0.0832 0.2000 0.4314 0.3922 0.1961 13.4147 2.0000 
1182 1183 9 0.0609 -1.5005 -12.1672 0.1093 -1.5253 -12.3597 0.0832 0.2000 0.4314 0.3922 0.1961 13.5475 2.0000 
1183 1184 9 0.1093 -1.5253 -12.3597 0.1545 -1.5326 -12.5544 0.0832 0.2000 0.4314 0.3922 0.1961 13.6814 2.0000 
1184 1185 9 0.1545 -1.5326 -12.5544 0.1711 -1.5301 -12.7537 0.0832 0.2000 0.4314 0.3922 0.1961 13.8164 2.0000 
1185 1186 9 0.1711 -1.5301 -12.7537 0.1910 -1.5120 -12.9519 0.0832 0.2000 0.4314 0.3922 0.1961 13.9525 2.0000 
1186 1187 9 0.1910 -1.5120 -12.9519 0.2088 -1.5152 -13.1511 0.0832 0.2000 0.4314 0.3922 0.1961 14.0897 2.0000 
1187 1188 9 0.2088 -1.5152 -13.1511 0.2230 -1.5053 -13.3503 0.0832 0.2000 0.4314 0.3922 0.1961 14.2280 2.0000 
1188 1189 9 0.2230 -1.5053 -13.3503 0.2559 -1.4928 -13.5472 0.0832 0.2000 0.4314 0.3922 0.1961 14.3675 2.0000 
1189 1190 9 0.2559 -1.4928 -13.5472 0.2936 -1.4705 -13.7423 0.0832 0.2000 0.4314 0.3922 0.1961 14.5081 2.0000 
1190 1191 9 0.2936 -1.4705 -13.7423 0.3416 -1.4298 -13.9322 0.0832 0.2000 0.4314 0.3922 0.1961 14.6500 2.0000 
1191 1192 9 0.3416 -1.4298 -13.9322 0.4033 -1.3975 -14.1197 0.0832 0.2000 0.4314 0.3922 0.1961 14.7931 2.0000 
1192 1193 9 0.4033 -1.3975 -14.1197 0.4610 -1.3824 -14.3106 0.0832 0.2000 0.4314 0.3922 0.1961 14.9374 2.0000 
1193 1194 9 0.4610 -1.3824 -14.3106 0.5062 -1.3609 -14.5042 0.0832 0.2000 0.4314 0.3922 0.1961 15.0830 2.0000 
1194 1195 9 0.5062 -1.3609 -14.5042 0.5718 -1.3225 -14.6892 0.0832 0.2000 0.4314 0.3922 0.1961 15.2298 2.0000 
1195 1196 9 0.5718 -1.3225 -14.6892 0.6364 -1.2876 -14.8753 0.0832 0.2000 0.4314 0.3922 0.1961 15.3780 2.0000 
1196 1197 9 0.6364 -1.2876 -14.8753 0.7001 -1.2534 -15.0617 0.0832 0.2000 0.4314 0.3922 0.1961 15.5274 2.0000 
1197 1198 9 0.7001 -1.2534 -15.0617 0.7341 -1.2390 -15.2583 0.0832 0.2000 0.4314 0.3922 0.1961 15.6783 2.0000 
1198 1199 9 0.7341 -1.2390 -15.2583 0.7675 -1.2059 -15.4527 0.0832 0.2000 0.4314 0.3922 0.1961 15.8305 2.0000 
1199 1200 9 0.7675 -1.2059 -15.4527 0.7935 -1.1908 -15.6504 0.0832 0.2000 0.4314 0.3922 0.1961 15.9841 2.0000 
1200 1201 9 0.7935 -1.1908 -15.6504 0.7788 -1.1955 -15.8498 0.0832 0.2000 0.4314 0.3922 0.1961 16.1391 2.0000 
1201 1202 9 0.7788 -1.1955 -15.8498 0.7851 -1.2346 -16.0458 0.0832 0.2000 0.4314 0.3922 0.1961 16.2956 2.0000 
1202 1203 9 0.7851 -1.2346 -16.0458 0.7849 -1.2816 -16.2402 0.0832 0.2000 0.4314 0.3922 0.1961 16.4536 2.0000 
1203 1204 9 0.7849 -1.2816 -16.2402 0.7556 -1.3328 -16.4313 0.0832 0.2000 0.4314 0.3922 0.1961 16.6131 2.0000 
1204 1205 9 0.7556 -1.3328 -16.4313 0.6930 -1.3735 -16.6169 0.0832 0.2000 0.4314 0.3922 0.1961 16.7741 2.0000 
1205 1206 9 0.6930 -1.3735 -16.6169 0.6713 -1.3981 -16.8142 0.0832 0.2000 0.4314 0.3922 0.1961 16.9367 2.0000 
1206 1207 9 0.6713 -1.3981 -16.8142 0.6767 -1.4278 -17.0119 0.0832 0.2000 0.4314 0.3922 0.1961 17.1009 2.0000 
1207 1208 9 0.6767 -1.4278 -17.0119 0.6641 -1.4431 -17.2109 0.0832 0.2000 0.4314 0.3922 0.1961 17.2667 2.0000 
1208 1209 9 0.6641 -1.4431 -17.2109 0.6939 -1.4545 -17.4083 0.0832 0.2000 0.4314 0.3922 0.1961 17.4342 2.0000 
1209 1210 9 0.6939 -1.4545 -17.4083 0.7353 -1.4707 -17.6033 0.0832 0.2000 0.4314 0.3922 0.1961 17.6034 2.0000 
1210 1211 9 0.7353 -1.4707 -17.6033 0.7687 -1.4974 -17.7987 0.0832 0.2000 0.4314 0.3922 0.1961 17.7743 2.0000 
1211 1212 9 0.7687 -1.4974 -17.7987 0.7421 -1.5558 -17.9881 0.0832 0.2000 0.4314 0.3922 0.1961 17.9470 2.0000 
1212 1213 9 0.7421 -1.5558 -17.9881 0.6945 -1.6093 -18.1749 0.0832 0.2000 0.4314 0.3922 0.1961 18.1214 2.0000 
1213 1214 9 0.6945 -1.6093 -18.1749 0.6320 -1.6736 -18.3537 0.0832 0.2000 0.4314 0.3922 0.1961 18.2978 2.0000 
1214 1215 9 0.6320 -1.6736 -18.3537 0.5853 -1.7089 -18.5449 0.0832 0.2000 0.4314 0.3922 0.1961 18.4760 2.0000 
1215 1216 9 0.5853 -1.7089 -18.5449 0.5368 -1.7483 -18.7349 0.0832 0.2000 0.4314 0.3922 0.1961 18.6561 2.0000 
1216 1217 9 0.5368 -1.7483 -18.7349 0.5054 -1.7428 -18.9323 0.0832 0.2000 0.4314 0.3922 0.1961 18.8382 2.0000 
1217 1218 9 0.5054 -1.7428 -18.9323 0.4858 -1.7493 -19.1313 0.0832 0.2000 0.4314 0.3922 0.1961 19.0223 2.0000 
1218 1219 9 0.4858 -1.7493 -19.1313 0.4860 -1.7624 -19.3308 0.0832 0.2000 0.4314 0.3922 0.1961 19.2085 2.0000 
1219 1220 9 0.4860 -1.7624 -19.3308 0.4898 -1.7760 -19.5303 0.0832 0.2000 0.4314 0.3922 0.1961 19.3968 2.0000 
1220 1221 9 0.4898 -1.7760 -19.5303 0.5121 -1.8089 -19.7263 0.0832 0.2000 0.4314 0.3922 0.1961 19.5872 2.0000 
1221 1222 9 0.5121 -1.8089 -19.7263 0.5710 -1.8134 -19.9174 0.0832 0.2000 0.4314 0.3922 0.1961 19.7798 2.0000 
1222 1223 9 0.5710 -1.8134 -19.9174 0.6332 -1.8223 -20.1073 0.0832 0.2000 0.4314 0.3922 0.1961 19.9747 2.0000 
1223 1224 9 0.6332 -1.8223 -20.1073 0.6600 -1.8390 -20.3048 0.0832 0.2000 0.4314 0.3922 0.1961 20.1718 2.0000 
1224 1225 9 0.6600 -1.8390 -20.3048 0.6879 -1.8606 -20.5016 0.0832 0.2000 0.4314 0.3922 0.1961 20.3714 2.0000 
1225 1226 9 0.6879 -1.8606 -20.5016 0.7350 -1.8613 -20.6960 0.0832 0.2000 0.4314 0.3922 0.1961 20.5733 2.0000 
1226 1227 9 0.7350 -1.8613 -20.6960 0.7789 -1.8643 -20.8911 0.0832 0.2000 0.4314 0.3922 0.1961 20.7777 2.0000 
1227 1228 9 0.7789 -1.8643 -20.8911 0.8267 -1.8544 -21.0851 0.0832 0.2000 0.4314 0.3922 0.1961 20.9846 2.0000 
1228 1229 9 0.8267 -1.8544 -21.0851 0.8325 -1.8347 -21.2840 0.0832 0.2000 0.4314 0.3922 0.1961 21.1942 2.0000 
1229 1230 9 0.8325 -1.8347 -21.2840 0.8057 -1.8063 -21.4802 0.0832 0.2000 0.4314 0.3922 0.1961 21.4064 2.0000 
1230 1231 9 0.8057 -1.8063 -21.4802 0.7673 -1.7758 -21.6741 0.0832 0.2000 0.4314 0.3922 0.1961 21.6213 2.0000 
1231 1232 9 0.7673 -1.7758 -21.6741 0.7670 -1.7477 -21.8721 0.0832 0.2000 0.4314 0.3922 0.1961 21.8391 2.0000 
1232 1233 9 0.7670 -1.7477 -21.8721 0.7401 -1.7627 -22.0697 0.0832 0.2000 0.4314 0.3922 0.1961 22.0597 2.0000 
1233 1234 9 0.7401 -1.7627 -22.0697 0.7158 -1.8007 -22.2645 0.0832 0.2000 0.4314 0.3922 0.1961 22.2833 2.0000 
1234 1235 9 0.7158 -1.8007 -22.2645 0.6896 -1.8409 -22.4587 0.0832 0.2000 0.4314 0.3922 0.1961 22.5099 2.0000 
1235 1236 9 0.6896 -1.8409 -22.4587 0.6601 -1.8804 -22.6525 0.0832 0.2000 0.4314 0.3922 0.1961 22.7396 2.0000 
1236 1237 9 0.6601 -1.8804 -22.6525 0.6229 -1.9248 -22.8439 0.0832 0.2000 0.4314 0.3922 0.1961 22.9726 2.0000 
1237 1238 9 0.6229 -1.9248 -22.8439 0.5837 -1.9668 -23.0355 0.0832 0.2000 0.4314 0.3922 0.1961 23.2088 2.0000 
1238 1239 9 0.5837 -1.9668 -23.0355 0.5642 -2.0073 -23.2304 0.0832 0.2000 0.4314 0.3922 0.1961 23.4484 2.0000 
1239 1240 9 0.5642 -2.0073 -23.2304 0.5469 -2.0313 -23.4282 0.0832 0.2000 0.4314 0.3922 0.1961 23.6916 2.0000 
1240 1241 9 0.5469 -2.0313 -23.4282 0.5246 -2.0531 -23.6258 0.0832 0.2000 0.4314 0.3922 0.1961 23.9383 2.0000 
1241 1242 9 0.5246 -2.0531 -23.6258 0.5087 -2.0677 -23.8246 0.0832 0.2000 0.4314 0.3922 0.1961 24.1887 2.0000 
1242 1243 9 0.5087 -2.0677 -23.8246 0.4970 -2.0923 -24.0227 0.0832 0.2000 0.4314 0.3922 0.1961 24.4429 2.0000 
1243 1244 9 0.4970 -2.0923 -24.0227 0.4709 -2.0904 -24.2210 0.0832 0.2000 0.4314 0.3922 0.1961 24.7011 2.0000 
1244 1245 9 0.4709 -2.0904 -24.2210 0.4655 -2.0825 -24.4208 0.0832 0.2000 0.4314 0.3922 0.1961 24.9633 2.0000 
1245 1246 9 0.4655 -2.0825 -24.4208 0.4450 -2.0630 -24.6188 0.0832 0.2000 0.4314 0.3922 0.1961 25.2297 2.0000 
1246 1247 9 0.4450 -2.0630 -24.6188 0.4498 -2.0294 -24.8159 0.0832 0.2000 0.4314 0.3922 0.1961 25.5005 2.0000 
1247 1248 9 0.4498 -2.0294 -24.8159 0.4539 -1.9984 -25.0134 0.0832 0.2000 0.4314 0.3922 0.1961 25.7757 2.0000 
1248 1249 9 0.4539 -1.9984 -25.0134 0.4498 -1.9906 -25.2132 0.0832 0.2000 0.4314 0.3922 0.1961 26.0555 2.0000 
1249 1250 9 0.4498 -1.9906 -25.2132 0.4477 -1.9595 -25.4108 0.0832 0.2000 0.4314 0.3922 0.1961 26.3400 2.0000 
1250 1251 9 0.4477 -1.9595 -25.4108 0.4454 -1.9300 -25.6086 0.0832 0.2000 0.4314 0.3922 0.1961 26.6296 2.0000 
1251 1252 9 0.4454 -1.9300 -25.6086 0.4584 -1.9087 -25.8070 0.0832 0.2000 0.4314 0.3922 0.1961 26.9242 2.0000 
1252 1253 9 0.4584 -1.9087 -25.8070 0.4714 -1.8869 -26.0054 0.0832 0.2000 0.4314 0.3922 0.1961 27.2241 2.0000 
1253 1254 9 0.4714 -1.8869 -26.0054 0.4751 -1.8748 -26.2050 0.0832 0.2000 0.4314 0.3922 0.1961 27.5295 2.0000 
1254 1255 9 0.4751 -1.8748 -26.2050 0.4908 -1.8615 -26.4039 0.0832 0.2000 0.4314 0.3922 0.1961 27.8406 2.0000 
1255 1256 9 0.4908 -1.8615 -26.4039 0.5106 -1.8649 -26.6029 0.0832 0.2000 0.4314 0.3922 0.1961 28.1576 2.0000 
1256 1257 9 0.5106 -1.8649 -26.6029 0.5402 -1.8612 -26.8007 0.0832 0.2000 0.4314 0.3922 0.1961 28.4808 2.0000 
1257 1258 9 0.5402 -1.8612 -26.8007 0.5775 -1.8579 -26.9971 0.0832 0.2000 0.4314 0.3922 0.1961 28.8103 2.0000 
1258 1259 9 0.5775 -1.8579 -26.9971 0.6105 -1.8936 -27.1912 0.0832 0.2000 0.4314 0.3922 0.1961 29.1465 2.0000 
1259 1260 9 0.6105 -1.8936 -27.1912 0.6400 -1.9292 -27.3857 0.0832 0.2000 0.4314 0.3922 0.1961 29.4896 2.0000 
1260 1261 9 0.6400 -1.9292 -27.3857 0.6657 -1.9310 -27.5841 0.0832 0.2000 0.4314 0.3922 0.1961 29.8399 2.0000 
1261 1262 9 0.6657 -1.9310 -27.5841 0.6781 -1.9320 -27.6732 0.0832 0.0900 0.4314 0.3922 0.1961 30.0000 2.0000 
21 1263 10 0.0741 -0.1598 -6.5406 0.0144 0.0071 -6.6334 0.0743 0.2000 0.4314 0.3922 0.1961 10.0986 2.0000 
1263 1264 10 0.0144 0.0071 -6.6334 -0.0548 0.1586 -6.7441 0.0743 0.2000 0.4314 0.3922 0.1961 10.2047 2.0000 
1264 1265 10 -0.0548 0.1586 -6.7441 -0.1147 0.3195 -6.8466 0.0743 0.2000 0.4314 0.3922 0.1961 10.3115 2.0000 
1265 1266 10 -0.1147 0.3195 -6.8466 -0.2309 0.4406 -6.9554 0.0743 0.2000 0.4314 0.3922 0.1961 10.4191 2.0000 
1266 1267 10 -0.2309 0.4406 -6.9554 -0.3403 0.5713 -7.0600 0.0743 0.2000 0.4314 0.3922 0.1961 10.5273 2.0000 
1267 1268 10 -0.3403 0.5713 -7.0600 -0.4588 0.7082 -7.1450 0.0743 0.2000 0.4314 0.3922 0.1961 10.6363 2.0000 
1268 1269 10 -0.4588 0.7082 -7.1450 -0.5731 0.8209 -7.2644 0.0743 0.2000 0.4314 0.3922 0.1961 10.7460 2.0000 
1269 1270 10 -0.5731 0.8209 -7.2644 -0.6914 0.8921 -7.4090 0.0743 0.2000 0.4314 0.3922 0.1961 10.8565 2.0000 
1270 1271 10 -0.6914 0.8921 -7.4090 -0.7882 0.9544 -7.5725 0.0743 0.2000 0.4314 0.3922 0.1961 10.9678 2.0000 
1271 1272 10 -0.7882 0.9544 -7.5725 -0.8884 1.0326 -7.7270 0.0743 0.2000 0.4314 0.3922 0.1961 11.0798 2.0000 
1272 1273 10 -0.8884 1.0326 -7.7270 -0.9730 1.1139 -7.8889 0.0743 0.2000 0.4314 0.3922 0.1961 11.1926 2.0000 
1273 1274 10 -0.9730 1.1139 -7.8889 -1.0406 1.2117 -8.0497 0.0743 0.2000 0.4314 0.3922 0.1961 11.3062 2.0000 
1274 1275 10 -1.0406 1.2117 -8.0497 -1.1086 1.3092 -8.2106 0.0743 0.2000 0.4314 0.3922 0.1961 11.4206 2.0000 
1275 1276 10 -1.1086 1.3092 -8.2106 -1.1863 1.4173 -8.3598 0.0743 0.2000 0.4314 0.3922 0.1961 11.5358 2.0000 
1276 1277 10 -1.1863 1.4173 -8.3598 -1.2242 1.5452 -8.5088 0.0743 0.2000 0.4314 0.3922 0.1961 11.6518 2.0000 
1277 1278 10 -1.2242 1.5452 -8.5088 -1.2612 1.6742 -8.6571 0.0743 0.2000 0.4314 0.3922 0.1961 11.7687 2.0000 
1278 1279 10 -1.2612 1.6742 -8.6571 -1.2462 1.8080 -8.8051 0.0743 0.2000 0.4314 0.3922 0.1961 11.8865 2.0000 
1279 1280 10 -1.2462 1.8080 -8.8051 -1.2300 1.9451 -8.9497 0.0743 0.2000 0.4314 0.3922 0.1961 12.0051 2.0000 
1280 1281 10 -1.2300 1.9451 -8.9497 -1.2240 2.0786 -9.0986 0.0743 0.2000 0.4314 0.3922 0.1961 12.1245 2.0000 
1281 1282 10 -1.2240 2.0786 -9.0986 -1.2504 2.1896 -9.2628 0.0743 0.2000 0.4314 0.3922 0.1961 12.2449 2.0000 
1282 1283 10 -1.2504 2.1896 -9.2628 -1.2711 2.3013 -9.4274 0.0743 0.2000 0.4314 0.3922 0.1961 12.3662 2.0000 
1283 1284 10 -1.2711 2.3013 -9.4274 -1.3018 2.3542 -9.6178 0.0743 0.2000 0.4314 0.3922 0.1961 12.4884 2.0000 
1284 1285 10 -1.3018 2.3542 -9.6178 -1.3167 2.3445 -9.8170 0.0743 0.2000 0.4314 0.3922 0.1961 12.6115 2.0000 
1285 1286 10 -1.3167 2.3445 -9.8170 -1.3264 2.3315 -10.0164 0.0743 0.2000 0.4314 0.3922 0.1961 12.7356 2.0000 
1286 1287 10 -1.3264 2.3315 -10.0164 -1.3355 2.2899 -10.2118 0.0743 0.2000 0.4314 0.3922 0.1961 12.8606 2.0000 
1287 1288 10 -1.3355 2.2899 -10.2118 -1.3247 2.2717 -10.4107 0.0743 0.2000 0.4314 0.3922 0.1961 12.9867 2.0000 
1288 1289 10 -1.3247 2.2717 -10.4107 -1.3125 2.2566 -10.6097 0.0743 0.2000 0.4314 0.3922 0.1961 13.1137 2.0000 
1289 1290 10 -1.3125 2.2566 -10.6097 -1.3079 2.2238 -10.8070 0.0743 0.2000 0.4314 0.3922 0.1961 13.2417 2.0000 
1290 1291 10 -1.3079 2.2238 -10.8070 -1.3087 2.2381 -11.0065 0.0743 0.2000 0.4314 0.3922 0.1961 13.3707 2.0000 
1291 1292 10 -1.3087 2.2381 -11.0065 -1.3037 2.2503 -11.2060 0.0743 0.2000 0.4314 0.3922 0.1961 13.5008 2.0000 
1292 1293 10 -1.3037 2.2503 -11.2060 -1.2970 2.2543 -11.4059 0.0743 0.2000 0.4314 0.3922 0.1961 13.6319 2.0000 
1293 1294 10 -1.2970 2.2543 -11.4059 -1.2983 2.2420 -11.6055 0.0743 0.2000 0.4314 0.3922 0.1961 13.7641 2.0000 
1294 1295 10 -1.2983 2.2420 -11.6055 -1.3182 2.2334 -11.8043 0.0743 0.2000 0.4314 0.3922 0.1961 13.8974 2.0000 
1295 1296 10 -1.3182 2.2334 -11.8043 -1.3315 2.2232 -12.0036 0.0743 0.2000 0.4314 0.3922 0.1961 14.0319 2.0000 
1296 1297 10 -1.3315 2.2232 -12.0036 -1.3316 2.2612 -12.2000 0.0743 0.2000 0.4314 0.3922 0.1961 14.1674 2.0000 
1297 1298 10 -1.3316 2.2612 -12.2000 -1.3204 2.3129 -12.3928 0.0743 0.2000 0.4314 0.3922 0.1961 14.3041 2.0000 
1298 1299 10 -1.3204 2.3129 -12.3928 -1.3222 2.3916 -12.5767 0.0743 0.2000 0.4314 0.3922 0.1961 14.4419 2.0000 
1299 1300 10 -1.3222 2.3916 -12.5767 -1.3210 2.4925 -12.7494 0.0743 0.2000 0.4314 0.3922 0.1961 14.5810 2.0000 
1300 1301 10 -1.3210 2.4925 -12.7494 -1.3236 2.5803 -12.9290 0.0743 0.2000 0.4314 0.3922 0.1961 14.7212 2.0000 
1301 1302 10 -1.3236 2.5803 -12.9290 -1.3059 2.6728 -13.1055 0.0743 0.2000 0.4314 0.3922 0.1961 14.8627 2.0000 
1302 1303 10 -1.3059 2.6728 -13.1055 -1.2489 2.7422 -13.2842 0.0743 0.2000 0.4314 0.3922 0.1961 15.0055 2.0000 
1303 1304 10 -1.2489 2.7422 -13.2842 -1.2045 2.8073 -13.4680 0.0743 0.2000 0.4314 0.3922 0.1961 15.1495 2.0000 
1304 1305 10 -1.2045 2.8073 -13.4680 -1.1545 2.8823 -13.6465 0.0743 0.2000 0.4314 0.3922 0.1961 15.2948 2.0000 
1305 1306 10 -1.1545 2.8823 -13.6465 -1.1105 2.9599 -13.8255 0.0743 0.2000 0.4314 0.3922 0.1961 15.4414 2.0000 
1306 1307 10 -1.1105 2.9599 -13.8255 -1.0684 3.0358 -14.0057 0.0743 0.2000 0.4314 0.3922 0.1961 15.5894 2.0000 
1307 1308 10 -1.0684 3.0358 -14.0057 -1.0519 3.1122 -14.1898 0.0743 0.2000 0.4314 0.3922 0.1961 15.7387 2.0000 
1308 1309 10 -1.0519 3.1122 -14.1898 -1.0200 3.1894 -14.3716 0.0743 0.2000 0.4314 0.3922 0.1961 15.8895 2.0000 
1309 1310 10 -1.0200 3.1894 -14.3716 -0.9915 3.2657 -14.5542 0.0743 0.2000 0.4314 0.3922 0.1961 16.0416 2.0000 
1310 1311 10 -0.9915 3.2657 -14.5542 -0.9763 3.3344 -14.7414 0.0743 0.2000 0.4314 0.3922 0.1961 16.1952 2.0000 
1311 1312 10 -0.9763 3.3344 -14.7414 -0.9672 3.4067 -14.9277 0.0743 0.2000 0.4314 0.3922 0.1961 16.3503 2.0000 
1312 1313 10 -0.9672 3.4067 -14.9277 -0.9751 3.4522 -15.1223 0.0743 0.2000 0.4314 0.3922 0.1961 16.5069 2.0000 
1313 1314 10 -0.9751 3.4522 -15.1223 -1.0109 3.4822 -15.3167 0.0743 0.2000 0.4314 0.3922 0.1961 16.6650 2.0000 
1314 1315 10 -1.0109 3.4822 -15.3167 -1.0274 3.4885 -15.5160 0.0743 0.2000 0.4314 0.3922 0.1961 16.8247 2.0000 
1315 1316 10 -1.0274 3.4885 -15.5160 -1.0198 3.5173 -15.7137 0.0743 0.2000 0.4314 0.3922 0.1961 16.9860 2.0000 
1316 1317 10 -1.0198 3.5173 -15.7137 -1.0238 3.5370 -15.9127 0.0743 0.2000 0.4314 0.3922 0.1961 17.1489 2.0000 
1317 1318 10 -1.0238 3.5370 -15.9127 -1.0393 3.5582 -16.1110 0.0743 0.2000 0.4314 0.3922 0.1961 17.3135 2.0000 
1318 1319 10 -1.0393 3.5582 -16.1110 -1.0490 3.5740 -16.3101 0.0743 0.2000 0.4314 0.3922 0.1961 17.4798 2.0000 
1319 1320 10 -1.0490 3.5740 -16.3101 -1.0823 3.5254 -16.5012 0.0743 0.2000 0.4314 0.3922 0.1961 17.6478 2.0000 
1320 1321 10 -1.0823 3.5254 -16.5012 -1.1237 3.4689 -16.6886 0.0743 0.2000 0.4314 0.3922 0.1961 17.8176 2.0000 
1321 1322 10 -1.1237 3.4689 -16.6886 -1.1645 3.4113 -16.8757 0.0743 0.2000 0.4314 0.3922 0.1961 17.9891 2.0000 
1322 1323 10 -1.1645 3.4113 -16.8757 -1.1938 3.3428 -17.0613 0.0743 0.2000 0.4314 0.3922 0.1961 18.1626 2.0000 
1323 1324 10 -1.1938 3.3428 -17.0613 -1.2286 3.3094 -17.2554 0.0743 0.2000 0.4314 0.3922 0.1961 18.3379 2.0000 
1324 1325 10 -1.2286 3.3094 -17.2554 -1.2674 3.2611 -17.4456 0.0743 0.2000 0.4314 0.3922 0.1961 18.5151 2.0000 
1325 1326 10 -1.2674 3.2611 -17.4456 -1.2553 3.2129 -17.6393 0.0743 0.2000 0.4314 0.3922 0.1961 18.6943 2.0000 
1326 1327 10 -1.2553 3.2129 -17.6393 -1.2327 3.1471 -17.8268 0.0743 0.2000 0.4314 0.3922 0.1961 18.8755 2.0000 
1327 1328 10 -1.2327 3.1471 -17.8268 -1.1859 3.1227 -18.0197 0.0743 0.2000 0.4314 0.3922 0.1961 19.0588 2.0000 
1328 1329 10 -1.1859 3.1227 -18.0197 -1.1696 3.0744 -18.2131 0.0743 0.2000 0.4314 0.3922 0.1961 19.2442 2.0000 
1329 1330 10 -1.1696 3.0744 -18.2131 -1.1510 3.0377 -18.4088 0.0743 0.2000 0.4314 0.3922 0.1961 19.4317 2.0000 
1330 1331 10 -1.1510 3.0377 -18.4088 -1.1186 2.9916 -18.6007 0.0743 0.2000 0.4314 0.3922 0.1961 19.6214 2.0000 
1331 1332 10 -1.1186 2.9916 -18.6007 -1.0485 2.9480 -18.7829 0.0743 0.2000 0.4314 0.3922 0.1961 19.8134 2.0000 
1332 1333 10 -1.0485 2.9480 -18.7829 -0.9780 2.9381 -18.9698 0.0743 0.2000 0.4314 0.3922 0.1961 20.0077 2.0000 
1333 1334 10 -0.9780 2.9381 -18.9698 -0.9110 2.9212 -19.1574 0.0743 0.2000 0.4314 0.3922 0.1961 20.2044 2.0000 
1334 1335 10 -0.9110 2.9212 -19.1574 -0.8788 2.9174 -19.3548 0.0743 0.2000 0.4314 0.3922 0.1961 20.4035 2.0000 
1335 1336 10 -0.8788 2.9174 -19.3548 -0.8441 2.9339 -19.5511 0.0743 0.2000 0.4314 0.3922 0.1961 20.6051 2.0000 
1336 1337 10 -0.8441 2.9339 -19.5511 -0.8084 2.9638 -19.7456 0.0743 0.2000 0.4314 0.3922 0.1961 20.8092 2.0000 
1337 1338 10 -0.8084 2.9638 -19.7456 -0.7774 3.0080 -19.9381 0.0743 0.2000 0.4314 0.3922 0.1961 21.0160 2.0000 
1338 1339 10 -0.7774 3.0080 -19.9381 -0.7427 3.0458 -20.1314 0.0743 0.2000 0.4314 0.3922 0.1961 21.2254 2.0000 
1339 1340 10 -0.7427 3.0458 -20.1314 -0.7241 3.0693 -20.3292 0.0743 0.2000 0.4314 0.3922 0.1961 21.4376 2.0000 
1340 1341 10 -0.7241 3.0693 -20.3292 -0.7155 3.0978 -20.5270 0.0743 0.2000 0.4314 0.3922 0.1961 21.6527 2.0000 
1341 1342 10 -0.7155 3.0978 -20.5270 -0.6621 3.1595 -20.7096 0.0743 0.2000 0.4314 0.3922 0.1961 21.8706 2.0000 
1342 1343 10 -0.6621 3.1595 -20.7096 -0.6231 3.2103 -20.8990 0.0743 0.2000 0.4314 0.3922 0.1961 22.0915 2.0000 
1343 1344 10 -0.6231 3.2103 -20.8990 -0.5370 3.2445 -21.0763 0.0743 0.2000 0.4314 0.3922 0.1961 22.3155 2.0000 
1344 1345 10 -0.5370 3.2445 -21.0763 -0.5052 3.2658 -21.2726 0.0743 0.2000 0.4314 0.3922 0.1961 22.5426 2.0000 
1345 1346 10 -0.5052 3.2658 -21.2726 -0.4363 3.3233 -21.4513 0.0743 0.2000 0.4314 0.3922 0.1961 22.7730 2.0000 
1346 1347 10 -0.4363 3.3233 -21.4513 -0.4486 3.3925 -21.6385 0.0743 0.2000 0.4314 0.3922 0.1961 23.0067 2.0000 
1347 1348 10 -0.4486 3.3925 -21.6385 -0.4405 3.4654 -21.8246 0.0743 0.2000 0.4314 0.3922 0.1961 23.2438 2.0000 
1348 1349 10 -0.4405 3.4654 -21.8246 -0.4338 3.5328 -22.0128 0.0743 0.2000 0.4314 0.3922 0.1961 23.4845 2.0000 
1349 1350 10 -0.4338 3.5328 -22.0128 -0.3955 3.6026 -22.1963 0.0743 0.2000 0.4314 0.3922 0.1961 23.7289 2.0000 
1350 1351 10 -0.3955 3.6026 -22.1963 -0.3689 3.6646 -22.3846 0.0743 0.2000 0.4314 0.3922 0.1961 23.9770 2.0000 
1351 1352 10 -0.3689 3.6646 -22.3846 -0.3118 3.7377 -22.5617 0.0743 0.2000 0.4314 0.3922 0.1961 24.2289 2.0000 
1352 1353 10 -0.3118 3.7377 -22.5617 -0.2380 3.8068 -22.7343 0.0743 0.2000 0.4314 0.3922 0.1961 24.4849 2.0000 
1353 1354 10 -0.2380 3.8068 -22.7343 -0.1691 3.8825 -22.9061 0.0743 0.2000 0.4314 0.3922 0.1961 24.7450 2.0000 
1354 1355 10 -0.1691 3.8825 -22.9061 -0.1397 3.9987 -23.0663 0.0743 0.2000 0.4314 0.3922 0.1961 25.0093 2.0000 
1355 1356 10 -0.1397 3.9987 -23.0663 -0.1102 4.1145 -23.2266 0.0743 0.2000 0.4314 0.3922 0.1961 25.2781 2.0000 
1356 1357 10 -0.1102 4.1145 -23.2266 -0.0868 4.2401 -23.3805 0.0743 0.2000 0.4314 0.3922 0.1961 25.5514 2.0000 
1357 1358 10 -0.0868 4.2401 -23.3805 -0.0781 4.3576 -23.5421 0.0743 0.2000 0.4314 0.3922 0.1961 25.8294 2.0000 
1358 1359 10 -0.0781 4.3576 -23.5421 -0.0879 4.4862 -23.6950 0.0743 0.2000 0.4314 0.3922 0.1961 26.1123 2.0000 
1359 1360 10 -0.0879 4.4862 -23.6950 -0.0943 4.6129 -23.8496 0.0743 0.2000 0.4314 0.3922 0.1961 26.4002 2.0000 
1360 1361 10 -0.0943 4.6129 -23.8496 -0.0955 4.7361 -24.0072 0.0743 0.2000 0.4314 0.3922 0.1961 26.6934 2.0000 
1361 1362 10 -0.0955 4.7361 -24.0072 -0.0590 4.8583 -24.1612 0.0743 0.2000 0.4314 0.3922 0.1961 26.9920 2.0000 
1362 1363 10 -0.0590 4.8583 -24.1612 -0.0215 5.0135 -24.2816 0.0743 0.2000 0.4314 0.3922 0.1961 27.2962 2.0000 
1363 1364 10 -0.0215 5.0135 -24.2816 0.0042 5.1586 -24.4168 0.0743 0.2000 0.4314 0.3922 0.1961 27.6062 2.0000 
1364 1365 10 0.0042 5.1586 -24.4168 0.0242 5.3128 -24.5426 0.0743 0.2000 0.4314 0.3922 0.1961 27.9224 2.0000 
1365 1366 10 0.0242 5.3128 -24.5426 0.0576 5.4541 -24.6802 0.0743 0.2000 0.4314 0.3922 0.1961 28.2449 2.0000 
1366 1367 10 0.0576 5.4541 -24.6802 0.1059 5.5816 -24.8265 0.0743 0.2000 0.4314 0.3922 0.1961 28.5739 2.0000 
1367 1368 10 0.1059 5.5816 -24.8265 0.1649 5.6982 -24.9779 0.0743 0.2000 0.4314 0.3922 0.1961 28.9098 2.0000 
1368 1369 10 0.1649 5.6982 -24.9779 0.2279 5.8186 -25.1247 0.0743 0.2000 0.4314 0.3922 0.1961 29.2528 2.0000 
1369 1370 10 0.2279 5.8186 -25.1247 0.2860 5.9286 -25.2813 0.0743 0.2000 0.4314 0.3922 0.1961 29.6033 2.0000 
1370 1371 10 0.2860 5.9286 -25.2813 0.3462 6.0247 -25.4460 0.0743 0.2000 0.4314 0.3922 0.1961 29.9616 2.0000 
1371 1372 10 0.3462 6.0247 -25.4460 0.3524 6.0351 -25.4634 0.0743 0.0212 0.4314 0.3922 0.1961 30.0000 2.0000 
23 1373 11 0.0381 -0.1673 -6.9200 0.0151 0.0227 -6.9778 0.0692 0.2000 0.4314 0.3922 0.1961 10.4310 2.0000 
1373 1374 11 0.0151 0.0227 -6.9778 -0.0082 0.2121 -7.0379 0.0692 0.2000 0.4314 0.3922 0.1961 10.5217 2.0000 
1374 1375 11 -0.0082 0.2121 -7.0379 -0.0389 0.3977 -7.1056 0.0692 0.2000 0.4314 0.3922 0.1961 10.6129 2.0000 
1375 1376 11 -0.0389 0.3977 -7.1056 -0.0668 0.5830 -7.1756 0.0692 0.2000 0.4314 0.3922 0.1961 10.7047 2.0000 
1376 1377 11 -0.0668 0.5830 -7.1756 -0.0823 0.7527 -7.2802 0.0692 0.2000 0.4314 0.3922 0.1961 10.7972 2.0000 
1377 1378 11 -0.0823 0.7527 -7.2802 -0.0820 0.9264 -7.3794 0.0692 0.2000 0.4314 0.3922 0.1961 10.8902 2.0000 
1378 1379 11 -0.0820 0.9264 -7.3794 -0.0950 1.0888 -7.4954 0.0692 0.2000 0.4314 0.3922 0.1961 10.9839 2.0000 
1379 1380 11 -0.0950 1.0888 -7.4954 -0.1333 1.2537 -7.6020 0.0692 0.2000 0.4314 0.3922 0.1961 11.0782 2.0000 
1380 1381 11 -0.1333 1.2537 -7.6020 -0.1651 1.4310 -7.6889 0.0692 0.2000 0.4314 0.3922 0.1961 11.1732 2.0000 
1381 1382 11 -0.1651 1.4310 -7.6889 -0.1888 1.6087 -7.7776 0.0692 0.2000 0.4314 0.3922 0.1961 11.2688 2.0000 
1382 1383 11 -0.1888 1.6087 -7.7776 -0.2114 1.7908 -7.8571 0.0692 0.2000 0.4314 0.3922 0.1961 11.3650 2.0000 
1383 1384 11 -0.2114 1.7908 -7.8571 -0.2504 1.9503 -7.9713 0.0692 0.2000 0.4314 0.3922 0.1961 11.4620 2.0000 
1384 1385 11 -0.2504 1.9503 -7.9713 -0.2689 2.1140 -8.0846 0.0692 0.2000 0.4314 0.3922 0.1961 11.5596 2.0000 
1385 1386 11 -0.2689 2.1140 -8.0846 -0.2684 2.2691 -8.2109 0.0692 0.2000 0.4314 0.3922 0.1961 11.6579 2.0000 
1386 1387 11 -0.2684 2.2691 -8.2109 -0.2966 2.4362 -8.3170 0.0692 0.2000 0.4314 0.3922 0.1961 11.7569 2.0000 
1387 1388 11 -0.2966 2.4362 -8.3170 -0.3121 2.5847 -8.4502 0.0692 0.2000 0.4314 0.3922 0.1961 11.8566 2.0000 
1388 1389 11 -0.3121 2.5847 -8.4502 -0.2609 2.7390 -8.5666 0.0692 0.2000 0.4314 0.3922 0.1961 11.9571 2.0000 
1389 1390 11 -0.2609 2.7390 -8.5666 -0.2103 2.8871 -8.6911 0.0692 0.2000 0.4314 0.3922 0.1961 12.0582 2.0000 
1390 1391 11 -0.2103 2.8871 -8.6911 -0.1910 3.0228 -8.8368 0.0692 0.2000 0.4314 0.3922 0.1961 12.1601 2.0000 
1391 1392 11 -0.1910 3.0228 -8.8368 -0.1193 3.1770 -8.9420 0.0692 0.2000 0.4314 0.3922 0.1961 12.2628 2.0000 
1392 1393 11 -0.1193 3.1770 -8.9420 -0.0482 3.3315 -9.0472 0.0692 0.2000 0.4314 0.3922 0.1961 12.3662 2.0000 
1393 1394 11 -0.0482 3.3315 -9.0472 0.0175 3.4714 -9.1742 0.0692 0.2000 0.4314 0.3922 0.1961 12.4704 2.0000 
1394 1395 11 0.0175 3.4714 -9.1742 0.1028 3.6087 -9.2920 0.0692 0.2000 0.4314 0.3922 0.1961 12.5754 2.0000 
1395 1396 11 0.1028 3.6087 -9.2920 0.2020 3.7201 -9.4253 0.0692 0.2000 0.4314 0.3922 0.1961 12.6812 2.0000 
1396 1397 11 0.2020 3.7201 -9.4253 0.3018 3.8312 -9.5583 0.0692 0.2000 0.4314 0.3922 0.1961 12.7878 2.0000 
1397 1398 11 0.3018 3.8312 -9.5583 0.3495 3.9824 -9.6802 0.0692 0.2000 0.4314 0.3922 0.1961 12.8952 2.0000 
1398 1399 11 0.3495 3.9824 -9.6802 0.3730 4.1327 -9.8100 0.0692 0.2000 0.4314 0.3922 0.1961 13.0035 2.0000 
1399 1400 11 0.3730 4.1327 -9.8100 0.4051 4.2922 -9.9263 0.0692 0.2000 0.4314 0.3922 0.1961 13.1126 2.0000 
1400 1401 11 0.4051 4.2922 -9.9263 0.4526 4.4505 -10.0389 0.0692 0.2000 0.4314 0.3922 0.1961 13.2225 2.0000 
1401 1402 11 0.4526 4.4505 -10.0389 0.5168 4.5897 -10.1674 0.0692 0.2000 0.4314 0.3922 0.1961 13.3334 2.0000 
1402 1403 11 0.5168 4.5897 -10.1674 0.6019 4.7163 -10.2967 0.0692 0.2000 0.4314 0.3922 0.1961 13.4451 2.0000 
1403 1404 11 0.6019 4.7163 -10.2967 0.6873 4.8368 -10.4316 0.0692 0.2000 0.4314 0.3922 0.1961 13.5577 2.0000 
1404 1405 11 0.6873 4.8368 -10.4316 0.7808 4.9577 -10.5606 0.0692 0.2000 0.4314 0.3922 0.1961 13.6713 2.0000 
1405 1406 11 0.7808 4.9577 -10.5606 0.8733 5.0776 -10.6912 0.0692 0.2000 0.4314 0.3922 0.1961 13.7858 2.0000 
1406 1407 11 0.8733 5.0776 -10.6912 0.9706 5.1871 -10.8274 0.0692 0.2000 0.4314 0.3922 0.1961 13.9012 2.0000 
1407 1408 11 0.9706 5.1871 -10.8274 1.0687 5.3026 -10.9579 0.0692 0.2000 0.4314 0.3922 0.1961 14.0176 2.0000 
1408 1409 11 1.0687 5.3026 -10.9579 1.1562 5.4279 -11.0870 0.0692 0.2000 0.4314 0.3922 0.1961 14.1350 2.0000 
1409 1410 11 1.1562 5.4279 -11.0870 1.2491 5.5498 -11.2154 0.0692 0.2000 0.4314 0.3922 0.1961 14.2534 2.0000 
1410 1411 11 1.2491 5.5498 -11.2154 1.3441 5.6568 -11.3552 0.0692 0.2000 0.4314 0.3922 0.1961 14.3728 2.0000 
1411 1412 11 1.3441 5.6568 -11.3552 1.4715 5.7975 -11.4182 0.0692 0.2000 0.4314 0.3922 0.1961 14.4932 2.0000 
1412 1413 11 1.4715 5.7975 -11.4182 1.6027 5.9369 -11.4760 0.0692 0.2000 0.4314 0.3922 0.1961 14.6147 2.0000 
1413 1414 11 1.6027 5.9369 -11.4760 1.7064 6.0976 -11.5347 0.0692 0.2000 0.4314 0.3922 0.1961 14.7372 2.0000 
1414 1415 11 1.7064 6.0976 -11.5347 1.8139 6.2413 -11.6229 0.0692 0.2000 0.4314 0.3922 0.1961 14.8609 2.0000 
1415 1416 11 1.8139 6.2413 -11.6229 1.9215 6.3651 -11.7373 0.0692 0.2000 0.4314 0.3922 0.1961 14.9856 2.0000 
1416 1417 11 1.9215 6.3651 -11.7373 1.9949 6.5308 -11.8220 0.0692 0.2000 0.4314 0.3922 0.1961 15.1115 2.0000 
1417 1418 11 1.9949 6.5308 -11.8220 2.0644 6.6657 -11.9522 0.0692 0.2000 0.4314 0.3922 0.1961 15.2385 2.0000 
1418 1419 11 2.0644 6.6657 -11.9522 2.1370 6.8040 -12.0772 0.0692 0.2000 0.4314 0.3922 0.1961 15.3667 2.0000 
1419 1420 11 2.1370 6.8040 -12.0772 2.2157 6.9273 -12.2136 0.0692 0.2000 0.4314 0.3922 0.1961 15.4961 2.0000 
1420 1421 11 2.2157 6.9273 -12.2136 2.2653 7.0622 -12.3526 0.0692 0.2000 0.4314 0.3922 0.1961 15.6267 2.0000 
1421 1422 11 2.2653 7.0622 -12.3526 2.2915 7.2055 -12.4896 0.0692 0.2000 0.4314 0.3922 0.1961 15.7585 2.0000 
1422 1423 11 2.2915 7.2055 -12.4896 2.3327 7.3334 -12.6378 0.0692 0.2000 0.4314 0.3922 0.1961 15.8916 2.0000 
1423 1424 11 2.3327 7.3334 -12.6378 2.4042 7.4668 -12.7685 0.0692 0.2000 0.4314 0.3922 0.1961 16.0260 2.0000 
1424 1425 11 2.4042 7.4668 -12.7685 2.4602 7.5809 -12.9230 0.0692 0.2000 0.4314 0.3922 0.1961 16.1617 2.0000 
1425 1426 11 2.4602 7.5809 -12.9230 2.5413 7.7014 -13.0605 0.0692 0.2000 0.4314 0.3922 0.1961 16.2987 2.0000 
1426 1427 11 2.5413 7.7014 -13.0605 2.6071 7.8452 -13.1829 0.0692 0.2000 0.4314 0.3922 0.1961 16.4371 2.0000 
1427 1428 11 2.6071 7.8452 -13.1829 2.6950 7.9696 -13.3125 0.0692 0.2000 0.4314 0.3922 0.1961 16.5769 2.0000 
1428 1429 11 2.6950 7.9696 -13.3125 2.8141 8.0705 -13.4376 0.0692 0.2000 0.4314 0.3922 0.1961 16.7181 2.0000 
1429 1430 11 2.8141 8.0705 -13.4376 2.9278 8.1762 -13.5636 0.0692 0.2000 0.4314 0.3922 0.1961 16.8608 2.0000 
1430 1431 11 2.9278 8.1762 -13.5636 3.0585 8.2725 -13.6804 0.0692 0.2000 0.4314 0.3922 0.1961 17.0049 2.0000 
1431 1432 11 3.0585 8.2725 -13.6804 3.1726 8.3321 -13.8335 0.0692 0.2000 0.4314 0.3922 0.1961 17.1505 2.0000 
1432 1433 11 3.1726 8.3321 -13.8335 3.2869 8.3884 -13.9876 0.0692 0.2000 0.4314 0.3922 0.1961 17.2977 2.0000 
1433 1434 11 3.2869 8.3884 -13.9876 3.3627 8.4413 -14.1650 0.0692 0.2000 0.4314 0.3922 0.1961 17.4465 2.0000 
1434 1435 11 3.3627 8.4413 -14.1650 3.4296 8.5017 -14.3435 0.0692 0.2000 0.4314 0.3922 0.1961 17.5968 2.0000 
1435 1436 11 3.4296 8.5017 -14.3435 3.4864 8.5434 -14.5307 0.0692 0.2000 0.4314 0.3922 0.1961 17.7488 2.0000 
1436 1437 11 3.4864 8.5434 -14.5307 3.5359 8.5963 -14.7172 0.0692 0.2000 0.4314 0.3922 0.1961 17.9025 2.0000 
1437 1438 11 3.5359 8.5963 -14.7172 3.5896 8.6474 -14.9029 0.0692 0.2000 0.4314 0.3922 0.1961 18.0579 2.0000 
1438 1439 11 3.5896 8.6474 -14.9029 3.6553 8.6767 -15.0895 0.0692 0.2000 0.4314 0.3922 0.1961 18.2150 2.0000 
1439 1440 11 3.6553 8.6767 -15.0895 3.6805 8.7233 -15.2824 0.0692 0.2000 0.4314 0.3922 0.1961 18.3740 2.0000 
1440 1441 11 3.6805 8.7233 -15.2824 3.6987 8.7911 -15.4696 0.0692 0.2000 0.4314 0.3922 0.1961 18.5348 2.0000 
1441 1442 11 3.6987 8.7911 -15.4696 3.6863 8.8557 -15.6585 0.0692 0.2000 0.4314 0.3922 0.1961 18.6974 2.0000 
1442 1443 11 3.6863 8.8557 -15.6585 3.6810 8.9382 -15.8406 0.0692 0.2000 0.4314 0.3922 0.1961 18.8620 2.0000 
1443 1444 11 3.6810 8.9382 -15.8406 3.6794 9.0182 -16.0239 0.0692 0.2000 0.4314 0.3922 0.1961 19.0285 2.0000 
1444 1445 11 3.6794 9.0182 -16.0239 3.6267 9.0822 -16.2059 0.0692 0.2000 0.4314 0.3922 0.1961 19.1971 2.0000 
1445 1446 11 3.6267 9.0822 -16.2059 3.5937 9.1302 -16.3973 0.0692 0.2000 0.4314 0.3922 0.1961 19.3677 2.0000 
1446 1447 11 3.5937 9.1302 -16.3973 3.5573 9.1796 -16.5876 0.0692 0.2000 0.4314 0.3922 0.1961 19.5405 2.0000 
1447 1448 11 3.5573 9.1796 -16.5876 3.4835 9.1957 -16.7728 0.0692 0.2000 0.4314 0.3922 0.1961 19.7154 2.0000 
1448 1449 11 3.4835 9.1957 -16.7728 3.4220 9.1632 -16.9603 0.0692 0.2000 0.4314 0.3922 0.1961 19.8926 2.0000 
1449 1450 11 3.4220 9.1632 -16.9603 3.3668 9.1631 -17.1525 0.0692 0.2000 0.4314 0.3922 0.1961 20.0720 2.0000 
1450 1451 11 3.3668 9.1631 -17.1525 3.3355 9.1051 -17.3414 0.0692 0.2000 0.4314 0.3922 0.1961 20.2538 2.0000 
1451 1452 11 3.3355 9.1051 -17.3414 3.2942 9.0166 -17.5159 0.0692 0.2000 0.4314 0.3922 0.1961 20.4380 2.0000 
1452 1453 11 3.2942 9.0166 -17.5159 3.2665 8.9348 -17.6963 0.0692 0.2000 0.4314 0.3922 0.1961 20.6246 2.0000 
1453 1454 11 3.2665 8.9348 -17.6963 3.2488 8.8617 -17.8816 0.0692 0.2000 0.4314 0.3922 0.1961 20.8138 2.0000 
1454 1455 11 3.2488 8.8617 -17.8816 3.2313 8.7747 -18.0608 0.0692 0.2000 0.4314 0.3922 0.1961 21.0056 2.0000 
1455 1456 11 3.2313 8.7747 -18.0608 3.2156 8.6850 -18.2389 0.0692 0.2000 0.4314 0.3922 0.1961 21.2001 2.0000 
1456 1457 11 3.2156 8.6850 -18.2389 3.2026 8.5816 -18.4096 0.0692 0.2000 0.4314 0.3922 0.1961 21.3973 2.0000 
1457 1458 11 3.2026 8.5816 -18.4096 3.1897 8.4639 -18.5708 0.0692 0.2000 0.4314 0.3922 0.1961 21.5974 2.0000 
1458 1459 11 3.1897 8.4639 -18.5708 3.1801 8.3522 -18.7364 0.0692 0.2000 0.4314 0.3922 0.1961 21.8004 2.0000 
1459 1460 11 3.1801 8.3522 -18.7364 3.1896 8.2523 -18.9094 0.0692 0.2000 0.4314 0.3922 0.1961 22.0064 2.0000 
1460 1461 11 3.1896 8.2523 -18.9094 3.2145 8.1510 -19.0800 0.0692 0.2000 0.4314 0.3922 0.1961 22.2155 2.0000 
1461 1462 11 3.2145 8.1510 -19.0800 3.2410 8.1255 -19.2766 0.0692 0.2000 0.4314 0.3922 0.1961 22.4278 2.0000 
1462 1463 11 3.2410 8.1255 -19.2766 3.2652 8.1092 -19.4745 0.0692 0.2000 0.4314 0.3922 0.1961 22.6434 2.0000 
1463 1464 11 3.2652 8.1092 -19.4745 3.2937 8.1145 -19.6724 0.0692 0.2000 0.4314 0.3922 0.1961 22.8623 2.0000 
1464 1465 11 3.2937 8.1145 -19.6724 3.3048 8.1157 -19.8721 0.0692 0.2000 0.4314 0.3922 0.1961 23.0848 2.0000 
1465 1466 11 3.3048 8.1157 -19.8721 3.3413 8.1051 -20.0684 0.0692 0.2000 0.4314 0.3922 0.1961 23.3108 2.0000 
1466 1467 11 3.3413 8.1051 -20.0684 3.3699 8.1204 -20.2658 0.0692 0.2000 0.4314 0.3922 0.1961 23.5407 2.0000 
1467 1468 11 3.3699 8.1204 -20.2658 3.3430 8.0937 -20.4622 0.0692 0.2000 0.4314 0.3922 0.1961 23.7743 2.0000 
1468 1469 11 3.3430 8.0937 -20.4622 3.3341 8.0448 -20.6559 0.0692 0.2000 0.4314 0.3922 0.1961 24.0120 2.0000 
1469 1470 11 3.3341 8.0448 -20.6559 3.2585 8.0178 -20.8390 0.0692 0.2000 0.4314 0.3922 0.1961 24.2538 2.0000 
1470 1471 11 3.2585 8.0178 -20.8390 3.2051 7.9992 -21.0309 0.0692 0.2000 0.4314 0.3922 0.1961 24.4998 2.0000 
1471 1472 11 3.2051 7.9992 -21.0309 3.1571 7.9842 -21.2245 0.0692 0.2000 0.4314 0.3922 0.1961 24.7503 2.0000 
1472 1473 11 3.1571 7.9842 -21.2245 3.1078 7.9698 -21.4178 0.0692 0.2000 0.4314 0.3922 0.1961 25.0054 2.0000 
1473 1474 11 3.1078 7.9698 -21.4178 3.0455 7.9650 -21.6077 0.0692 0.2000 0.4314 0.3922 0.1961 25.2653 2.0000 
1474 1475 11 3.0455 7.9650 -21.6077 3.0092 8.0042 -21.8005 0.0692 0.2000 0.4314 0.3922 0.1961 25.5300 2.0000 
1475 1476 11 3.0092 8.0042 -21.8005 2.9712 8.0512 -21.9911 0.0692 0.2000 0.4314 0.3922 0.1961 25.8000 2.0000 
1476 1477 11 2.9712 8.0512 -21.9911 2.9375 8.1055 -22.1806 0.0692 0.2000 0.4314 0.3922 0.1961 26.0752 2.0000 
1477 1478 11 2.9375 8.1055 -22.1806 2.8964 8.1472 -22.3719 0.0692 0.2000 0.4314 0.3922 0.1961 26.3561 2.0000 
1478 1479 11 2.8964 8.1472 -22.3719 2.8556 8.1890 -22.5632 0.0692 0.2000 0.4314 0.3922 0.1961 26.6427 2.0000 
1479 1480 11 2.8556 8.1890 -22.5632 2.7943 8.2391 -22.7468 0.0692 0.2000 0.4314 0.3922 0.1961 26.9353 2.0000 
1480 1481 11 2.7943 8.2391 -22.7468 2.6920 8.2850 -22.9124 0.0692 0.2000 0.4314 0.3922 0.1961 27.2342 2.0000 
1481 1482 11 2.6920 8.2850 -22.9124 2.5998 8.3421 -23.0805 0.0692 0.2000 0.4314 0.3922 0.1961 27.5397 2.0000 
1482 1483 11 2.5998 8.3421 -23.0805 2.5171 8.3959 -23.2545 0.0692 0.2000 0.4314 0.3922 0.1961 27.8520 2.0000 
1483 1484 11 2.5171 8.3959 -23.2545 2.4249 8.4460 -23.4247 0.0692 0.2000 0.4314 0.3922 0.1961 28.1715 2.0000 
1484 1485 11 2.4249 8.4460 -23.4247 2.3417 8.5234 -23.5893 0.0692 0.2000 0.4314 0.3922 0.1961 28.4985 2.0000 
1485 1486 11 2.3417 8.5234 -23.5893 2.2826 8.6041 -23.7625 0.0692 0.2000 0.4314 0.3922 0.1961 28.8334 2.0000 
1486 1487 11 2.2826 8.6041 -23.7625 2.2257 8.6702 -23.9425 0.0692 0.2000 0.4314 0.3922 0.1961 29.1766 2.0000 
1487 1488 11 2.2257 8.6702 -23.9425 2.2071 8.7244 -24.1341 0.0692 0.2000 0.4314 0.3922 0.1961 29.5284 2.0000 
1488 1489 11 2.2071 8.7244 -24.1341 2.1947 8.7770 -24.3267 0.0692 0.2000 0.4314 0.3922 0.1961 29.8893 2.0000 
1489 1490 11 2.1947 8.7770 -24.3267 2.1881 8.7850 -24.3861 0.0692 0.0603 0.4314 0.3922 0.1961 30.0000 2.0000 
26 1491 12 0.0138 -0.1704 -7.3361 0.1993 -0.1390 -7.4040 0.0466 0.2000 0.4314 0.3922 0.1961 10.8166 2.0000 
1491 1492 12 0.1993 -0.1390 -7.4040 0.3866 -0.1006 -7.4627 0.0466 0.2000 0.4314 0.3922 0.1961 10.9088 2.0000 
1492 1493 12 0.3866 -0.1006 -7.4627 0.5746 -0.0624 -7.5193 0.0466 0.2000 0.4314 0.3922 0.1961 11.0016 2.0000 
1493 1494 12 0.5746 -0.0624 -7.5193 0.7631 -0.0255 -7.5749 0.0466 0.2000 0.4314 0.3922 0.1961 11.0950 2.0000 
1494 1495 12 0.7631 -0.0255 -7.5749 0.9501 0.0214 -7.6281 0.0466 0.2000 0.4314 0.3922 0.1961 11.1890 2.0000 
1495 1496 12 0.9501 0.0214 -7.6281 1.1429 0.0487 -7.6739 0.0466 0.2000 0.4314 0.3922 0.1961 11.2836 2.0000 
1496 1497 12 1.1429 0.0487 -7.6739 1.3371 0.0826 -7.7078 0.0466 0.2000 0.4314 0.3922 0.1961 11.3789 2.0000 
1497 1498 12 1.3371 0.0826 -7.7078 1.5201 0.1340 -7.7699 0.0466 0.2000 0.4314 0.3922 0.1961 11.4748 2.0000 
1498 1499 12 1.5201 0.1340 -7.7699 1.6874 0.2190 -7.8392 0.0466 0.2000 0.4314 0.3922 0.1961 11.5714 2.0000 
1499 1500 12 1.6874 0.2190 -7.8392 1.8448 0.3163 -7.9150 0.0466 0.2000 0.4314 0.3922 0.1961 11.6686 2.0000 
1500 1501 12 1.8448 0.3163 -7.9150 2.0053 0.4090 -7.9901 0.0466 0.2000 0.4314 0.3922 0.1961 11.7665 2.0000 
1501 1502 12 2.0053 0.4090 -7.9901 2.1520 0.4942 -8.0960 0.0466 0.2000 0.4314 0.3922 0.1961 11.8651 2.0000 
1502 1503 12 2.1520 0.4942 -8.0960 2.3047 0.5562 -8.2093 0.0466 0.2000 0.4314 0.3922 0.1961 11.9644 2.0000 
1503 1504 12 2.3047 0.5562 -8.2093 2.4569 0.6172 -8.3238 0.0466 0.2000 0.4314 0.3922 0.1961 12.0644 2.0000 
1504 1505 12 2.4569 0.6172 -8.3238 2.6126 0.6832 -8.4306 0.0466 0.2000 0.4314 0.3922 0.1961 12.1651 2.0000 
1505 1506 12 2.6126 0.6832 -8.4306 2.7733 0.7310 -8.5396 0.0466 0.2000 0.4314 0.3922 0.1961 12.2665 2.0000 
1506 1507 12 2.7733 0.7310 -8.5396 2.9566 0.7596 -8.6145 0.0466 0.2000 0.4314 0.3922 0.1961 12.3687 2.0000 
1507 1508 12 2.9566 0.7596 -8.6145 3.1382 0.7845 -8.6944 0.0466 0.2000 0.4314 0.3922 0.1961 12.4716 2.0000 
1508 1509 12 3.1382 0.7845 -8.6944 3.3267 0.7887 -8.7611 0.0466 0.2000 0.4314 0.3922 0.1961 12.5752 2.0000 
1509 1510 12 3.3267 0.7887 -8.7611 3.5049 0.8151 -8.8481 0.0466 0.2000 0.4314 0.3922 0.1961 12.6797 2.0000 
1510 1511 12 3.5049 0.8151 -8.8481 3.6744 0.8459 -8.9497 0.0466 0.2000 0.4314 0.3922 0.1961 12.7848 2.0000 
1511 1512 12 3.6744 0.8459 -8.9497 3.8516 0.9214 -9.0033 0.0466 0.2000 0.4314 0.3922 0.1961 12.8908 2.0000 
1512 1513 12 3.8516 0.9214 -9.0033 4.0271 1.0150 -9.0247 0.0466 0.2000 0.4314 0.3922 0.1961 12.9976 2.0000 
1513 1514 12 4.0271 1.0150 -9.0247 4.1998 1.1061 -9.0680 0.0466 0.2000 0.4314 0.3922 0.1961 13.1052 2.0000 
1514 1515 12 4.1998 1.1061 -9.0680 4.3758 1.1805 -9.1271 0.0466 0.2000 0.4314 0.3922 0.1961 13.2136 2.0000 
1515 1516 12 4.3758 1.1805 -9.1271 4.5479 1.2501 -9.2014 0.0466 0.2000 0.4314 0.3922 0.1961 13.3228 2.0000 
1516 1517 12 4.5479 1.2501 -9.2014 4.7167 1.3276 -9.2755 0.0466 0.2000 0.4314 0.3922 0.1961 13.4329 2.0000 
1517 1518 12 4.7167 1.3276 -9.2755 4.8872 1.4042 -9.3468 0.0466 0.2000 0.4314 0.3922 0.1961 13.5439 2.0000 
1518 1519 12 4.8872 1.4042 -9.3468 5.0512 1.4969 -9.4140 0.0466 0.2000 0.4314 0.3922 0.1961 13.6557 2.0000 
1519 1520 12 5.0512 1.4969 -9.4140 5.2153 1.6001 -9.4633 0.0466 0.2000 0.4314 0.3922 0.1961 13.7685 2.0000 
1520 1521 12 5.2153 1.6001 -9.4633 5.3819 1.6827 -9.5367 0.0466 0.2000 0.4314 0.3922 0.1961 13.8821 2.0000 
1521 1522 12 5.3819 1.6827 -9.5367 5.5350 1.7594 -9.6400 0.0466 0.2000 0.4314 0.3922 0.1961 13.9967 2.0000 
1522 1523 12 5.5350 1.7594 -9.6400 5.6596 1.8384 -9.7751 0.0466 0.2000 0.4314 0.3922 0.1961 14.1121 2.0000 
1523 1524 12 5.6596 1.8384 -9.7751 5.7623 1.9478 -9.9073 0.0466 0.2000 0.4314 0.3922 0.1961 14.2286 2.0000 
1524 1525 12 5.7623 1.9478 -9.9073 5.8665 2.0469 -10.0463 0.0466 0.2000 0.4314 0.3922 0.1961 14.3460 2.0000 
1525 1526 12 5.8665 2.0469 -10.0463 5.9788 2.1366 -10.1854 0.0466 0.2000 0.4314 0.3922 0.1961 14.4644 2.0000 
1526 1527 12 5.9788 2.1366 -10.1854 6.0983 2.2153 -10.3251 0.0466 0.2000 0.4314 0.3922 0.1961 14.5837 2.0000 
1527 1528 12 6.0983 2.2153 -10.3251 6.2315 2.2636 -10.4663 0.0466 0.2000 0.4314 0.3922 0.1961 14.7041 2.0000 
1528 1529 12 6.2315 2.2636 -10.4663 6.3633 2.3133 -10.6083 0.0466 0.2000 0.4314 0.3922 0.1961 14.8256 2.0000 
1529 1530 12 6.3633 2.3133 -10.6083 6.4751 2.3964 -10.7518 0.0466 0.2000 0.4314 0.3922 0.1961 14.9481 2.0000 
1530 1531 12 6.4751 2.3964 -10.7518 6.5866 2.4784 -10.8962 0.0466 0.2000 0.4314 0.3922 0.1961 15.0716 2.0000 
1531 1532 12 6.5866 2.4784 -10.8962 6.6640 2.5882 -11.0444 0.0466 0.2000 0.4314 0.3922 0.1961 15.1962 2.0000 
1532 1533 12 6.6640 2.5882 -11.0444 6.7195 2.7179 -11.1861 0.0466 0.2000 0.4314 0.3922 0.1961 15.3220 2.0000 
1533 1534 12 6.7195 2.7179 -11.1861 6.7632 2.8532 -11.3268 0.0466 0.2000 0.4314 0.3922 0.1961 15.4489 2.0000 
1534 1535 12 6.7632 2.8532 -11.3268 6.8236 2.9687 -11.4785 0.0466 0.2000 0.4314 0.3922 0.1961 15.5769 2.0000 
1535 1536 12 6.8236 2.9687 -11.4785 6.8910 3.0769 -11.6326 0.0466 0.2000 0.4314 0.3922 0.1961 15.7061 2.0000 
1536 1537 12 6.8910 3.0769 -11.6326 6.9546 3.1720 -11.7966 0.0466 0.2000 0.4314 0.3922 0.1961 15.8364 2.0000 
1537 1538 12 6.9546 3.1720 -11.7966 7.0058 3.2622 -11.9676 0.0466 0.2000 0.4314 0.3922 0.1961 15.9680 2.0000 
1538 1539 12 7.0058 3.2622 -11.9676 7.0593 3.3389 -12.1444 0.0466 0.2000 0.4314 0.3922 0.1961 16.1009 2.0000 
1539 1540 12 7.0593 3.3389 -12.1444 7.1117 3.3891 -12.3308 0.0466 0.2000 0.4314 0.3922 0.1961 16.2349 2.0000 
1540 1541 12 7.1117 3.3891 -12.3308 7.1590 3.4405 -12.5182 0.0466 0.2000 0.4314 0.3922 0.1961 16.3703 2.0000 
1541 1542 12 7.1590 3.4405 -12.5182 7.2160 3.4687 -12.7078 0.0466 0.2000 0.4314 0.3922 0.1961 16.5070 2.0000 
1542 1543 12 7.2160 3.4687 -12.7078 7.2175 3.5122 -12.9030 0.0466 0.2000 0.4314 0.3922 0.1961 16.6450 2.0000 
1543 1544 12 7.2175 3.5122 -12.9030 7.2108 3.5761 -13.0924 0.0466 0.2000 0.4314 0.3922 0.1961 16.7843 2.0000 
1544 1545 12 7.2108 3.5761 -13.0924 7.2011 3.6676 -13.2700 0.0466 0.2000 0.4314 0.3922 0.1961 16.9251 2.0000 
1545 1546 12 7.2011 3.6676 -13.2700 7.1881 3.7590 -13.4474 0.0466 0.2000 0.4314 0.3922 0.1961 17.0672 2.0000 
1546 1547 12 7.1881 3.7590 -13.4474 7.1754 3.8514 -13.6243 0.0466 0.2000 0.4314 0.3922 0.1961 17.2108 2.0000 
1547 1548 12 7.1754 3.8514 -13.6243 7.1571 3.9495 -13.7976 0.0466 0.2000 0.4314 0.3922 0.1961 17.3559 2.0000 
1548 1549 12 7.1571 3.9495 -13.7976 7.1659 4.0410 -13.9752 0.0466 0.2000 0.4314 0.3922 0.1961 17.5025 2.0000 
1549 1550 12 7.1659 4.0410 -13.9752 7.1585 4.1124 -14.1619 0.0466 0.2000 0.4314 0.3922 0.1961 17.6506 2.0000 
1550 1551 12 7.1585 4.1124 -14.1619 7.1691 4.1534 -14.3574 0.0466 0.2000 0.4314 0.3922 0.1961 17.8003 2.0000 
1551 1552 12 7.1691 4.1534 -14.3574 7.1717 4.1953 -14.5529 0.0466 0.2000 0.4314 0.3922 0.1961 17.9516 2.0000 
1552 1553 12 7.1717 4.1953 -14.5529 7.1537 4.1982 -14.7521 0.0466 0.2000 0.4314 0.3922 0.1961 18.1045 2.0000 
1553 1554 12 7.1537 4.1982 -14.7521 7.1671 4.2117 -14.9512 0.0466 0.2000 0.4314 0.3922 0.1961 18.2590 2.0000 
1554 1555 12 7.1671 4.2117 -14.9512 7.2139 4.2112 -15.1456 0.0466 0.2000 0.4314 0.3922 0.1961 18.4153 2.0000 
1555 1556 12 7.2139 4.2112 -15.1456 7.2788 4.2396 -15.3327 0.0466 0.2000 0.4314 0.3922 0.1961 18.5734 2.0000 
1556 1557 12 7.2788 4.2396 -15.3327 7.3567 4.2843 -15.5114 0.0466 0.2000 0.4314 0.3922 0.1961 18.7332 2.0000 
1557 1558 12 7.3567 4.2843 -15.5114 7.4285 4.3517 -15.6855 0.0466 0.2000 0.4314 0.3922 0.1961 18.8948 2.0000 
1558 1559 12 7.4285 4.3517 -15.6855 7.5031 4.4129 -15.8606 0.0466 0.2000 0.4314 0.3922 0.1961 19.0583 2.0000 
1559 1560 12 7.5031 4.4129 -15.8606 7.6077 4.4535 -16.0262 0.0466 0.2000 0.4314 0.3922 0.1961 19.2237 2.0000 
1560 1561 12 7.6077 4.4535 -16.0262 7.7192 4.4997 -16.1857 0.0466 0.2000 0.4314 0.3922 0.1961 19.3911 2.0000 
1561 1562 12 7.7192 4.4997 -16.1857 7.8326 4.4882 -16.3501 0.0466 0.2000 0.4314 0.3922 0.1961 19.5605 2.0000 
1562 1563 12 7.8326 4.4882 -16.3501 7.9469 4.4796 -16.5139 0.0466 0.2000 0.4314 0.3922 0.1961 19.7319 2.0000 
1563 1564 12 7.9469 4.4796 -16.5139 8.0623 4.4595 -16.6761 0.0466 0.2000 0.4314 0.3922 0.1961 19.9054 2.0000 
1564 1565 12 8.0623 4.4595 -16.6761 8.1874 4.4195 -16.8269 0.0466 0.2000 0.4314 0.3922 0.1961 20.0811 2.0000 
1565 1566 12 8.1874 4.4195 -16.8269 8.2634 4.4001 -17.0109 0.0466 0.2000 0.4314 0.3922 0.1961 20.2590 2.0000 
1566 1567 12 8.2634 4.4001 -17.0109 8.3609 4.3841 -17.1847 0.0466 0.2000 0.4314 0.3922 0.1961 20.4391 2.0000 
1567 1568 12 8.3609 4.3841 -17.1847 8.4490 4.3574 -17.3623 0.0466 0.2000 0.4314 0.3922 0.1961 20.6216 2.0000 
1568 1569 12 8.4490 4.3574 -17.3623 8.5275 4.3858 -17.5440 0.0466 0.2000 0.4314 0.3922 0.1961 20.8065 2.0000 
1569 1570 12 8.5275 4.3858 -17.5440 8.6032 4.4494 -17.7179 0.0466 0.2000 0.4314 0.3922 0.1961 20.9938 2.0000 
1570 1571 12 8.6032 4.4494 -17.7179 8.6811 4.5107 -17.8916 0.0466 0.2000 0.4314 0.3922 0.1961 21.1836 2.0000 
1571 1572 12 8.6811 4.5107 -17.8916 8.7520 4.5781 -18.0661 0.0466 0.2000 0.4314 0.3922 0.1961 21.3760 2.0000 
1572 1573 12 8.7520 4.5781 -18.0661 8.8212 4.6398 -18.2433 0.0466 0.2000 0.4314 0.3922 0.1961 21.5710 2.0000 
1573 1574 12 8.8212 4.6398 -18.2433 8.8952 4.6958 -18.4204 0.0466 0.2000 0.4314 0.3922 0.1961 21.7688 2.0000 
1574 1575 12 8.8952 4.6958 -18.4204 8.9870 4.7537 -18.5884 0.0466 0.2000 0.4314 0.3922 0.1961 21.9693 2.0000 
1575 1576 12 8.9870 4.7537 -18.5884 9.0569 4.8995 -18.7061 0.0466 0.2000 0.4314 0.3922 0.1961 22.1728 2.0000 
1576 1577 12 9.0569 4.8995 -18.7061 9.1247 5.0473 -18.8225 0.0466 0.2000 0.4314 0.3922 0.1961 22.3792 2.0000 
1577 1578 12 9.1247 5.0473 -18.8225 9.2098 5.1987 -18.9217 0.0466 0.2000 0.4314 0.3922 0.1961 22.5887 2.0000 
1578 1579 12 9.2098 5.1987 -18.9217 9.2980 5.3435 -19.0278 0.0466 0.2000 0.4314 0.3922 0.1961 22.8013 2.0000 
1579 1580 12 9.2980 5.3435 -19.0278 9.3566 5.4808 -19.1608 0.0466 0.2000 0.4314 0.3922 0.1961 23.0172 2.0000 
1580 1581 12 9.3566 5.4808 -19.1608 9.3929 5.6060 -19.3126 0.0466 0.2000 0.4314 0.3922 0.1961 23.2364 2.0000 
1581 1582 12 9.3929 5.6060 -19.3126 9.4157 5.7278 -19.4696 0.0466 0.2000 0.4314 0.3922 0.1961 23.4590 2.0000 
1582 1583 12 9.4157 5.7278 -19.4696 9.4584 5.8626 -19.6110 0.0466 0.2000 0.4314 0.3922 0.1961 23.6852 2.0000 
1583 1584 12 9.4584 5.8626 -19.6110 9.4948 5.9906 -19.7603 0.0466 0.2000 0.4314 0.3922 0.1961 23.9151 2.0000 
1584 1585 12 9.4948 5.9906 -19.7603 9.5416 6.1014 -19.9201 0.0466 0.2000 0.4314 0.3922 0.1961 24.1488 2.0000 
1585 1586 12 9.5416 6.1014 -19.9201 9.5886 6.2126 -20.0795 0.0466 0.2000 0.4314 0.3922 0.1961 24.3864 2.0000 
1586 1587 12 9.5886 6.2126 -20.0795 9.6255 6.3198 -20.2443 0.0466 0.2000 0.4314 0.3922 0.1961 24.6280 2.0000 
1587 1588 12 9.6255 6.3198 -20.2443 9.6610 6.4310 -20.4067 0.0466 0.2000 0.4314 0.3922 0.1961 24.8739 2.0000 
1588 1589 12 9.6610 6.4310 -20.4067 9.7325 6.5379 -20.5599 0.0466 0.2000 0.4314 0.3922 0.1961 25.1241 2.0000 
1589 1590 12 9.7325 6.5379 -20.5599 9.8520 6.6380 -20.6852 0.0466 0.2000 0.4314 0.3922 0.1961 25.3788 2.0000 
1590 1591 12 9.8520 6.6380 -20.6852 10.0016 6.7350 -20.7757 0.0466 0.2000 0.4314 0.3922 0.1961 25.6382 2.0000 
1591 1592 12 10.0016 6.7350 -20.7757 10.1510 6.8325 -20.8662 0.0466 0.2000 0.4314 0.3922 0.1961 25.9024 2.0000 
1592 1593 12 10.1510 6.8325 -20.8662 10.2781 6.9423 -20.9747 0.0466 0.2000 0.4314 0.3922 0.1961 26.1716 2.0000 
1593 1594 12 10.2781 6.9423 -20.9747 10.4071 7.0501 -21.0831 0.0466 0.2000 0.4314 0.3922 0.1961 26.4460 2.0000 
1594 1595 12 10.4071 7.0501 -21.0831 10.5094 7.1533 -21.2205 0.0466 0.2000 0.4314 0.3922 0.1961 26.7259 2.0000 
1595 1596 12 10.5094 7.1533 -21.2205 10.6043 7.2523 -21.3661 0.0466 0.2000 0.4314 0.3922 0.1961 27.0114 2.0000 
1596 1597 12 10.6043 7.2523 -21.3661 10.6879 7.3100 -21.5383 0.0466 0.2000 0.4314 0.3922 0.1961 27.3028 2.0000 
1597 1598 12 10.6879 7.3100 -21.5383 10.7601 7.3918 -21.7060 0.0466 0.2000 0.4314 0.3922 0.1961 27.6004 2.0000 
1598 1599 12 10.7601 7.3918 -21.7060 10.8283 7.4450 -21.8863 0.0466 0.2000 0.4314 0.3922 0.1961 27.9043 2.0000 
1599 1600 12 10.8283 7.4450 -21.8863 10.8964 7.4864 -22.0698 0.0466 0.2000 0.4314 0.3922 0.1961 28.2148 2.0000 
1600 1601 12 10.8964 7.4864 -22.0698 10.9440 7.5725 -22.2438 0.0466 0.2000 0.4314 0.3922 0.1961 28.5324 2.0000 
1601 1602 12 10.9440 7.5725 -22.2438 11.0261 7.6126 -22.4218 0.0466 0.2000 0.4314 0.3922 0.1961 28.8572 2.0000 
1602 1603 12 11.0261 7.6126 -22.4218 11.1273 7.6429 -22.5916 0.0466 0.2000 0.4314 0.3922 0.1961 29.1897 2.0000 
1603 1604 12 11.1273 7.6429 -22.5916 11.2281 7.6732 -22.7617 0.0466 0.2000 0.4314 0.3922 0.1961 29.5301 2.0000 
1604 1605 12 11.2281 7.6732 -22.7617 11.3207 7.6949 -22.9376 0.0466 0.2000 0.4314 0.3922 0.1961 29.8790 2.0000 
1605 1606 12 11.3207 7.6949 -22.9376 11.3542 7.7018 -22.9967 0.0466 0.0682 0.4314 0.3922 0.1961 30.0000 2.0000 
29 1607 13 -0.0026 -0.1839 -7.7387 0.0421 -0.3736 -7.7837 0.0741 0.2000 0.4314 0.3922 0.1961 11.1977 2.0000 
1607 1608 13 0.0421 -0.3736 -7.7837 0.0797 -0.5600 -7.8457 0.0741 0.2000 0.4314 0.3922 0.1961 11.2955 2.0000 
1608 1609 13 0.0797 -0.5600 -7.8457 0.1248 -0.7459 -7.9039 0.0741 0.2000 0.4314 0.3922 0.1961 11.3940 2.0000 
1609 1610 13 0.1248 -0.7459 -7.9039 0.2054 -0.9161 -7.9713 0.0741 0.2000 0.4314 0.3922 0.1961 11.4931 2.0000 
1610 1611 13 0.2054 -0.9161 -7.9713 0.3107 -1.0669 -8.0500 0.0741 0.2000 0.4314 0.3922 0.1961 11.5930 2.0000 
1611 1612 13 0.3107 -1.0669 -8.0500 0.4045 -1.2279 -8.1225 0.0741 0.2000 0.4314 0.3922 0.1961 11.6935 2.0000 
1612 1613 13 0.4045 -1.2279 -8.1225 0.4921 -1.3933 -8.1930 0.0741 0.2000 0.4314 0.3922 0.1961 11.7947 2.0000 
1613 1614 13 0.4921 -1.3933 -8.1930 0.5802 -1.5579 -8.2649 0.0741 0.2000 0.4314 0.3922 0.1961 11.8966 2.0000 
1614 1615 13 0.5802 -1.5579 -8.2649 0.7054 -1.7123 -8.2870 0.0741 0.2000 0.4314 0.3922 0.1961 11.9993 2.0000 
1615 1616 13 0.7054 -1.7123 -8.2870 0.8076 -1.8816 -8.3164 0.0741 0.2000 0.4314 0.3922 0.1961 12.1027 2.0000 
1616 1617 13 0.8076 -1.8816 -8.3164 0.9384 -2.0223 -8.3721 0.0741 0.2000 0.4314 0.3922 0.1961 12.2068 2.0000 
1617 1618 13 0.9384 -2.0223 -8.3721 1.0988 -2.1287 -8.4264 0.0741 0.2000 0.4314 0.3922 0.1961 12.3117 2.0000 
1618 1619 13 1.0988 -2.1287 -8.4264 1.2713 -2.2193 -8.4715 0.0741 0.2000 0.4314 0.3922 0.1961 12.4173 2.0000 
1619 1620 13 1.2713 -2.2193 -8.4715 1.4434 -2.3012 -8.5323 0.0741 0.2000 0.4314 0.3922 0.1961 12.5238 2.0000 
1620 1621 13 1.4434 -2.3012 -8.5323 1.6219 -2.3580 -8.6024 0.0741 0.2000 0.4314 0.3922 0.1961 12.6310 2.0000 
1621 1622 13 1.6219 -2.3580 -8.6024 1.8115 -2.3990 -8.6509 0.0741 0.2000 0.4314 0.3922 0.1961 12.7390 2.0000 
1622 1623 13 1.8115 -2.3990 -8.6509 1.9994 -2.4436 -8.7028 0.0741 0.2000 0.4314 0.3922 0.1961 12.8478 2.0000 
1623 1624 13 1.9994 -2.4436 -8.7028 2.1831 -2.5046 -8.7532 0.0741 0.2000 0.4314 0.3922 0.1961 12.9574 2.0000 
1624 1625 13 2.1831 -2.5046 -8.7532 2.3649 -2.5701 -8.8049 0.0741 0.2000 0.4314 0.3922 0.1961 13.0679 2.0000 
1625 1626 13 2.3649 -2.5701 -8.8049 2.5509 -2.6161 -8.8620 0.0741 0.2000 0.4314 0.3922 0.1961 13.1792 2.0000 
1626 1627 13 2.5509 -2.6161 -8.8620 2.7357 -2.6578 -8.9263 0.0741 0.2000 0.4314 0.3922 0.1961 13.2914 2.0000 
1627 1628 13 2.7357 -2.6578 -8.9263 2.9133 -2.7228 -8.9914 0.0741 0.2000 0.4314 0.3922 0.1961 13.4044 2.0000 
1628 1629 13 2.9133 -2.7228 -8.9914 3.0744 -2.7774 -9.0965 0.0741 0.2000 0.4314 0.3922 0.1961 13.5184 2.0000 
1629 1630 13 3.0744 -2.7774 -9.0965 3.2379 -2.8331 -9.1974 0.0741 0.2000 0.4314 0.3922 0.1961 13.6332 2.0000 
1630 1631 13 3.2379 -2.8331 -9.1974 3.3811 -2.9418 -9.2850 0.0741 0.2000 0.4314 0.3922 0.1961 13.7490 2.0000 
1631 1632 13 3.3811 -2.9418 -9.2850 3.5285 -3.0378 -9.3802 0.0741 0.2000 0.4314 0.3922 0.1961 13.8657 2.0000 
1632 1633 13 3.5285 -3.0378 -9.3802 3.6746 -3.1328 -9.4783 0.0741 0.2000 0.4314 0.3922 0.1961 13.9833 2.0000 
1633 1634 13 3.6746 -3.1328 -9.4783 3.8305 -3.2306 -9.5566 0.0741 0.2000 0.4314 0.3922 0.1961 14.1019 2.0000 
1634 1635 13 3.8305 -3.2306 -9.5566 3.9962 -3.3220 -9.6213 0.0741 0.2000 0.4314 0.3922 0.1961 14.2215 2.0000 
1635 1636 13 3.9962 -3.3220 -9.6213 4.1597 -3.4068 -9.6992 0.0741 0.2000 0.4314 0.3922 0.1961 14.3421 2.0000 
1636 1637 13 4.1597 -3.4068 -9.6992 4.3231 -3.4873 -9.7818 0.0741 0.2000 0.4314 0.3922 0.1961 14.4637 2.0000 
1637 1638 13 4.3231 -3.4873 -9.7818 4.4834 -3.5623 -9.8750 0.0741 0.2000 0.4314 0.3922 0.1961 14.5863 2.0000 
1638 1639 13 4.4834 -3.5623 -9.8750 4.6477 -3.6546 -9.9419 0.0741 0.2000 0.4314 0.3922 0.1961 14.7099 2.0000 
1639 1640 13 4.6477 -3.6546 -9.9419 4.8166 -3.7544 -9.9810 0.0741 0.2000 0.4314 0.3922 0.1961 14.8347 2.0000 
1640 1641 13 4.8166 -3.7544 -9.9810 4.9886 -3.8564 -9.9782 0.0741 0.2000 0.4314 0.3922 0.1961 14.9605 2.0000 
1641 1642 13 4.9886 -3.8564 -9.9782 5.1677 -3.9453 -9.9714 0.0741 0.2000 0.4314 0.3922 0.1961 15.0874 2.0000 
1642 1643 13 5.1677 -3.9453 -9.9714 5.3432 -4.0256 -10.0237 0.0741 0.2000 0.4314 0.3922 0.1961 15.2154 2.0000 
1643 1644 13 5.3432 -4.0256 -10.0237 5.5048 -4.1385 -10.0572 0.0741 0.2000 0.4314 0.3922 0.1961 15.3445 2.0000 
1644 1645 13 5.5048 -4.1385 -10.0572 5.6486 -4.2627 -10.1196 0.0741 0.2000 0.4314 0.3922 0.1961 15.4749 2.0000 
1645 1646 13 5.6486 -4.2627 -10.1196 5.7720 -4.4116 -10.1707 0.0741 0.2000 0.4314 0.3922 0.1961 15.6064 2.0000 
1646 1647 13 5.7720 -4.4116 -10.1707 5.8599 -4.5771 -10.2407 0.0741 0.2000 0.4314 0.3922 0.1961 15.7391 2.0000 
1647 1648 13 5.8599 -4.5771 -10.2407 5.9539 -4.7439 -10.2985 0.0741 0.2000 0.4314 0.3922 0.1961 15.8730 2.0000 
1648 1649 13 5.9539 -4.7439 -10.2985 6.0718 -4.8478 -10.4222 0.0741 0.2000 0.4314 0.3922 0.1961 16.0082 2.0000 
1649 1650 13 6.0718 -4.8478 -10.4222 6.2049 -4.9378 -10.5413 0.0741 0.2000 0.4314 0.3922 0.1961 16.1446 2.0000 
1650 1651 13 6.2049 -4.9378 -10.5413 6.3670 -5.0109 -10.6329 0.0741 0.2000 0.4314 0.3922 0.1961 16.2824 2.0000 
1651 1652 13 6.3670 -5.0109 -10.6329 6.5242 -5.1014 -10.7170 0.0741 0.2000 0.4314 0.3922 0.1961 16.4214 2.0000 
1652 1653 13 6.5242 -5.1014 -10.7170 6.6719 -5.1989 -10.8102 0.0741 0.2000 0.4314 0.3922 0.1961 16.5618 2.0000 
1653 1654 13 6.6719 -5.1989 -10.8102 6.8157 -5.2984 -10.9073 0.0741 0.2000 0.4314 0.3922 0.1961 16.7036 2.0000 
1654 1655 13 6.8157 -5.2984 -10.9073 6.9558 -5.3984 -11.0090 0.0741 0.2000 0.4314 0.3922 0.1961 16.8468 2.0000 
1655 1656 13 6.9558 -5.3984 -11.0090 7.1125 -5.4678 -11.1122 0.0741 0.2000 0.4314 0.3922 0.1961 16.9914 2.0000 
1656 1657 13 7.1125 -5.4678 -11.1122 7.2696 -5.5362 -11.2154 0.0741 0.2000 0.4314 0.3922 0.1961 17.1375 2.0000 
1657 1658 13 7.2696 -5.5362 -11.2154 7.4300 -5.6116 -11.3079 0.0741 0.2000 0.4314 0.3922 0.1961 17.2850 2.0000 
1658 1659 13 7.4300 -5.6116 -11.3079 7.5747 -5.6968 -11.4166 0.0741 0.2000 0.4314 0.3922 0.1961 17.4341 2.0000 
1659 1660 13 7.5747 -5.6968 -11.4166 7.6921 -5.7916 -11.5479 0.0741 0.2000 0.4314 0.3922 0.1961 17.5847 2.0000 
1660 1661 13 7.6921 -5.7916 -11.5479 7.7906 -5.9009 -11.6833 0.0741 0.2000 0.4314 0.3922 0.1961 17.7369 2.0000 
1661 1662 13 7.7906 -5.9009 -11.6833 7.8691 -5.9972 -11.8401 0.0741 0.2000 0.4314 0.3922 0.1961 17.8907 2.0000 
1662 1663 13 7.8691 -5.9972 -11.8401 7.9421 -6.1002 -11.9952 0.0741 0.2000 0.4314 0.3922 0.1961 18.0462 2.0000 
1663 1664 13 7.9421 -6.1002 -11.9952 7.9935 -6.1880 -12.1674 0.0741 0.2000 0.4314 0.3922 0.1961 18.2033 2.0000 
1664 1665 13 7.9935 -6.1880 -12.1674 8.0197 -6.2818 -12.3421 0.0741 0.2000 0.4314 0.3922 0.1961 18.3622 2.0000 
1665 1666 13 8.0197 -6.2818 -12.3421 8.0734 -6.3730 -12.5118 0.0741 0.2000 0.4314 0.3922 0.1961 18.5228 2.0000 
1666 1667 13 8.0734 -6.3730 -12.5118 8.1602 -6.4560 -12.6717 0.0741 0.2000 0.4314 0.3922 0.1961 18.6852 2.0000 
1667 1668 13 8.1602 -6.4560 -12.6717 8.2226 -6.5423 -12.8410 0.0741 0.2000 0.4314 0.3922 0.1961 18.8495 2.0000 
1668 1669 13 8.2226 -6.5423 -12.8410 8.3003 -6.6631 -12.9802 0.0741 0.2000 0.4314 0.3922 0.1961 19.0156 2.0000 
1669 1670 13 8.3003 -6.6631 -12.9802 8.3911 -6.8017 -13.0922 0.0741 0.2000 0.4314 0.3922 0.1961 19.1837 2.0000 
1670 1671 13 8.3911 -6.8017 -13.0922 8.4822 -6.9416 -13.2022 0.0741 0.2000 0.4314 0.3922 0.1961 19.3537 2.0000 
1671 1672 13 8.4822 -6.9416 -13.2022 8.5646 -7.1060 -13.2810 0.0741 0.2000 0.4314 0.3922 0.1961 19.5258 2.0000 
1672 1673 13 8.5646 -7.1060 -13.2810 8.6569 -7.2541 -13.3787 0.0741 0.2000 0.4314 0.3922 0.1961 19.6999 2.0000 
1673 1674 13 8.6569 -7.2541 -13.3787 8.7483 -7.4042 -13.4741 0.0741 0.2000 0.4314 0.3922 0.1961 19.8761 2.0000 
1674 1675 13 8.7483 -7.4042 -13.4741 8.8669 -7.5338 -13.5697 0.0741 0.2000 0.4314 0.3922 0.1961 20.0545 2.0000 
1675 1676 13 8.8669 -7.5338 -13.5697 8.9771 -7.6669 -13.6705 0.0741 0.2000 0.4314 0.3922 0.1961 20.2352 2.0000 
1676 1677 13 8.9771 -7.6669 -13.6705 9.0838 -7.8025 -13.7715 0.0741 0.2000 0.4314 0.3922 0.1961 20.4181 2.0000 
1677 1678 13 9.0838 -7.8025 -13.7715 9.1621 -7.9683 -13.8515 0.0741 0.2000 0.4314 0.3922 0.1961 20.6033 2.0000 
1678 1679 13 9.1621 -7.9683 -13.8515 9.2512 -8.1255 -13.9372 0.0741 0.2000 0.4314 0.3922 0.1961 20.7909 2.0000 
1679 1680 13 9.2512 -8.1255 -13.9372 9.3184 -8.2817 -14.0425 0.0741 0.2000 0.4314 0.3922 0.1961 20.9810 2.0000 
1680 1681 13 9.3184 -8.2817 -14.0425 9.3710 -8.4393 -14.1538 0.0741 0.2000 0.4314 0.3922 0.1961 21.1736 2.0000 
1681 1682 13 9.3710 -8.4393 -14.1538 9.4362 -8.5858 -14.2733 0.0741 0.2000 0.4314 0.3922 0.1961 21.3688 2.0000 
1682 1683 13 9.4362 -8.5858 -14.2733 9.5071 -8.7209 -14.4027 0.0741 0.2000 0.4314 0.3922 0.1961 21.5667 2.0000 
1683 1684 13 9.5071 -8.7209 -14.4027 9.5768 -8.8525 -14.5362 0.0741 0.2000 0.4314 0.3922 0.1961 21.7673 2.0000 
1684 1685 13 9.5768 -8.8525 -14.5362 9.6458 -8.9823 -14.6718 0.0741 0.2000 0.4314 0.3922 0.1961 21.9707 2.0000 
1685 1686 13 9.6458 -8.9823 -14.6718 9.7428 -9.0803 -14.8167 0.0741 0.2000 0.4314 0.3922 0.1961 22.1770 2.0000 
1686 1687 13 9.7428 -9.0803 -14.8167 9.8841 -9.1635 -14.9311 0.0741 0.2000 0.4314 0.3922 0.1961 22.3863 2.0000 
1687 1688 13 9.8841 -9.1635 -14.9311 10.0159 -9.2530 -15.0520 0.0741 0.2000 0.4314 0.3922 0.1961 22.5987 2.0000 
1688 1689 13 10.0159 -9.2530 -15.0520 10.1335 -9.3531 -15.1791 0.0741 0.2000 0.4314 0.3922 0.1961 22.8142 2.0000 
1689 1690 13 10.1335 -9.3531 -15.1791 10.2645 -9.4313 -15.3085 0.0741 0.2000 0.4314 0.3922 0.1961 23.0329 2.0000 
1690 1691 13 10.2645 -9.4313 -15.3085 10.3577 -9.5056 -15.4691 0.0741 0.2000 0.4314 0.3922 0.1961 23.2550 2.0000 
1691 1692 13 10.3577 -9.5056 -15.4691 10.4753 -9.5616 -15.6208 0.0741 0.2000 0.4314 0.3922 0.1961 23.4806 2.0000 
1692 1693 13 10.4753 -9.5616 -15.6208 10.5875 -9.6133 -15.7781 0.0741 0.2000 0.4314 0.3922 0.1961 23.7097 2.0000 
1693 1694 13 10.5875 -9.6133 -15.7781 10.7098 -9.6508 -15.9319 0.0741 0.2000 0.4314 0.3922 0.1961 23.9425 2.0000 
1694 1695 13 10.7098 -9.6508 -15.9319 10.8256 -9.6408 -16.0946 0.0741 0.2000 0.4314 0.3922 0.1961 24.1791 2.0000 
1695 1696 13 10.8256 -9.6408 -16.0946 10.9364 -9.6483 -16.2609 0.0741 0.2000 0.4314 0.3922 0.1961 24.4196 2.0000 
1696 1697 13 10.9364 -9.6483 -16.2609 11.0374 -9.6335 -16.4329 0.0741 0.2000 0.4314 0.3922 0.1961 24.6641 2.0000 
1697 1698 13 11.0374 -9.6335 -16.4329 11.1308 -9.6192 -16.6092 0.0741 0.2000 0.4314 0.3922 0.1961 24.9129 2.0000 
1698 1699 13 11.1308 -9.6192 -16.6092 11.2063 -9.5867 -16.7915 0.0741 0.2000 0.4314 0.3922 0.1961 25.1660 2.0000 
1699 1700 13 11.2063 -9.5867 -16.7915 11.2806 -9.5530 -16.9742 0.0741 0.2000 0.4314 0.3922 0.1961 25.4236 2.0000 
1700 1701 13 11.2806 -9.5530 -16.9742 11.3356 -9.4794 -17.1518 0.0741 0.2000 0.4314 0.3922 0.1961 25.6859 2.0000 
1701 1702 13 11.3356 -9.4794 -17.1518 11.4063 -9.3954 -17.3190 0.0741 0.2000 0.4314 0.3922 0.1961 25.9529 2.0000 
1702 1703 13 11.4063 -9.3954 -17.3190 11.4793 -9.3086 -17.4837 0.0741 0.2000 0.4314 0.3922 0.1961 26.2250 2.0000 
1703 1704 13 11.4793 -9.3086 -17.4837 11.5491 -9.2235 -17.6507 0.0741 0.2000 0.4314 0.3922 0.1961 26.5023 2.0000 
1704 1705 13 11.5491 -9.2235 -17.6507 11.6164 -9.1461 -17.8224 0.0741 0.2000 0.4314 0.3922 0.1961 26.7850 2.0000 
1705 1706 13 11.6164 -9.1461 -17.8224 11.6791 -9.0440 -17.9825 0.0741 0.2000 0.4314 0.3922 0.1961 27.0733 2.0000 
1706 1707 13 11.6791 -9.0440 -17.9825 11.7075 -8.9523 -18.1580 0.0741 0.2000 0.4314 0.3922 0.1961 27.3675 2.0000 
1707 1708 13 11.7075 -8.9523 -18.1580 11.7822 -8.8584 -18.3180 0.0741 0.2000 0.4314 0.3922 0.1961 27.6677 2.0000 
1708 1709 13 11.7822 -8.8584 -18.3180 11.8573 -8.7677 -18.4796 0.0741 0.2000 0.4314 0.3922 0.1961 27.9743 2.0000 
1709 1710 13 11.8573 -8.7677 -18.4796 11.9691 -8.6809 -18.6209 0.0741 0.2000 0.4314 0.3922 0.1961 28.2875 2.0000 
1710 1711 13 11.9691 -8.6809 -18.6209 12.1107 -8.5844 -18.7242 0.0741 0.2000 0.4314 0.3922 0.1961 28.6077 2.0000 
1711 1712 13 12.1107 -8.5844 -18.7242 12.2527 -8.4862 -18.8251 0.0741 0.2000 0.4314 0.3922 0.1961 28.9350 2.0000 
1712 1713 13 12.2527 -8.4862 -18.8251 12.3843 -8.3980 -18.9471 0.0741 0.2000 0.4314 0.3922 0.1961 29.2699 2.0000 
1713 1714 13 12.3843 -8.3980 -18.9471 12.5086 -8.3177 -19.0817 0.0741 0.2000 0.4314 0.3922 0.1961 29.6128 2.0000 
1714 1715 13 12.5086 -8.3177 -19.0817 12.6355 -8.2414 -19.2161 0.0741 0.2000 0.4314 0.3922 0.1961 29.9639 2.0000 
1715 1716 13 12.6355 -8.2414 -19.2161 12.6479 -8.2340 -19.2304 0.0741 0.0203 0.4314 0.3922 0.1961 30.0000 2.0000 
31 1717 14 -0.0146 -0.1888 -8.1170 0.1128 -0.0513 -8.1867 0.0723 0.2000 0.4314 0.3922 0.1961 11.5602 2.0000 
1717 1718 14 0.1128 -0.0513 -8.1867 0.2365 0.0867 -8.2619 0.0723 0.2000 0.4314 0.3922 0.1961 11.6646 2.0000 
1718 1719 14 0.2365 0.0867 -8.2619 0.3623 0.2215 -8.3394 0.0723 0.2000 0.4314 0.3922 0.1961 11.7697 2.0000 
1719 1720 14 0.3623 0.2215 -8.3394 0.4952 0.3610 -8.3932 0.0723 0.2000 0.4314 0.3922 0.1961 11.8757 2.0000 
1720 1721 14 0.4952 0.3610 -8.3932 0.6127 0.5148 -8.4433 0.0723 0.2000 0.4314 0.3922 0.1961 11.9825 2.0000 
1721 1722 14 0.6127 0.5148 -8.4433 0.7687 0.6348 -8.4792 0.0723 0.2000 0.4314 0.3922 0.1961 12.0902 2.0000 
1722 1723 14 0.7687 0.6348 -8.4792 0.9335 0.7363 -8.5294 0.0723 0.2000 0.4314 0.3922 0.1961 12.1987 2.0000 
1723 1724 14 0.9335 0.7363 -8.5294 1.0988 0.8361 -8.5815 0.0723 0.2000 0.4314 0.3922 0.1961 12.3080 2.0000 
1724 1725 14 1.0988 0.8361 -8.5815 1.2754 0.9003 -8.6501 0.0723 0.2000 0.4314 0.3922 0.1961 12.4183 2.0000 
1725 1726 14 1.2754 0.9003 -8.6501 1.4541 0.9461 -8.7272 0.0723 0.2000 0.4314 0.3922 0.1961 12.5294 2.0000 
1726 1727 14 1.4541 0.9461 -8.7272 1.6322 1.0329 -8.7545 0.0723 0.2000 0.4314 0.3922 0.1961 12.6414 2.0000 
1727 1728 14 1.6322 1.0329 -8.7545 1.8174 1.1061 -8.7736 0.0723 0.2000 0.4314 0.3922 0.1961 12.7544 2.0000 
1728 1729 14 1.8174 1.1061 -8.7736 1.9820 1.2191 -8.7622 0.0723 0.2000 0.4314 0.3922 0.1961 12.8682 2.0000 
1729 1730 14 1.9820 1.2191 -8.7622 2.1383 1.3436 -8.7712 0.0723 0.2000 0.4314 0.3922 0.1961 12.9831 2.0000 
1730 1731 14 2.1383 1.3436 -8.7712 2.2933 1.4652 -8.7370 0.0723 0.2000 0.4314 0.3922 0.1961 13.0988 2.0000 
1731 1732 14 2.2933 1.4652 -8.7370 2.4565 1.5774 -8.7090 0.0723 0.2000 0.4314 0.3922 0.1961 13.2156 2.0000 
1732 1733 14 2.4565 1.5774 -8.7090 2.6228 1.6877 -8.6953 0.0723 0.2000 0.4314 0.3922 0.1961 13.3334 2.0000 
1733 1734 14 2.6228 1.6877 -8.6953 2.7836 1.8066 -8.6936 0.0723 0.2000 0.4314 0.3922 0.1961 13.4522 2.0000 
1734 1735 14 2.7836 1.8066 -8.6936 2.9387 1.9318 -8.7103 0.0723 0.2000 0.4314 0.3922 0.1961 13.5720 2.0000 
1735 1736 14 2.9387 1.9318 -8.7103 3.0976 2.0524 -8.7241 0.0723 0.2000 0.4314 0.3922 0.1961 13.6929 2.0000 
1736 1737 14 3.0976 2.0524 -8.7241 3.2544 2.1765 -8.7266 0.0723 0.2000 0.4314 0.3922 0.1961 13.8148 2.0000 
1737 1738 14 3.2544 2.1765 -8.7266 3.4190 2.2901 -8.7295 0.0723 0.2000 0.4314 0.3922 0.1961 13.9378 2.0000 
1738 1739 14 3.4190 2.2901 -8.7295 3.5530 2.4386 -8.7326 0.0723 0.2000 0.4314 0.3922 0.1961 14.0619 2.0000 
1739 1740 14 3.5530 2.4386 -8.7326 3.6925 2.5751 -8.6888 0.0723 0.2000 0.4314 0.3922 0.1961 14.1872 2.0000 
1740 1741 14 3.6925 2.5751 -8.6888 3.8305 2.7114 -8.6403 0.0723 0.2000 0.4314 0.3922 0.1961 14.3136 2.0000 
1741 1742 14 3.8305 2.7114 -8.6403 3.9574 2.8451 -8.5626 0.0723 0.2000 0.4314 0.3922 0.1961 14.4412 2.0000 
1742 1743 14 3.9574 2.8451 -8.5626 4.1062 2.9639 -8.5016 0.0723 0.2000 0.4314 0.3922 0.1961 14.5700 2.0000 
1743 1744 14 4.1062 2.9639 -8.5016 4.2698 3.0643 -8.4451 0.0723 0.2000 0.4314 0.3922 0.1961 14.7000 2.0000 
1744 1745 14 4.2698 3.0643 -8.4451 4.4411 3.1551 -8.3962 0.0723 0.2000 0.4314 0.3922 0.1961 14.8312 2.0000 
1745 1746 14 4.4411 3.1551 -8.3962 4.6006 3.2695 -8.3579 0.0723 0.2000 0.4314 0.3922 0.1961 14.9637 2.0000 
1746 1747 14 4.6006 3.2695 -8.3579 4.7865 3.3429 -8.3509 0.0723 0.2000 0.4314 0.3922 0.1961 15.0975 2.0000 
1747 1748 14 4.7865 3.3429 -8.3509 4.9843 3.3684 -8.3668 0.0723 0.2000 0.4314 0.3922 0.1961 15.2325 2.0000 
1748 1749 14 4.9843 3.3684 -8.3668 5.1738 3.4298 -8.3838 0.0723 0.2000 0.4314 0.3922 0.1961 15.3690 2.0000 
1749 1750 14 5.1738 3.4298 -8.3838 5.3645 3.4896 -8.3914 0.0723 0.2000 0.4314 0.3922 0.1961 15.5068 2.0000 
1750 1751 14 5.3645 3.4896 -8.3914 5.5396 3.5540 -8.4636 0.0723 0.2000 0.4314 0.3922 0.1961 15.6459 2.0000 
1751 1752 14 5.5396 3.5540 -8.4636 5.7102 3.6253 -8.5399 0.0723 0.2000 0.4314 0.3922 0.1961 15.7865 2.0000 
1752 1753 14 5.7102 3.6253 -8.5399 5.8948 3.6805 -8.5933 0.0723 0.2000 0.4314 0.3922 0.1961 15.9286 2.0000 
1753 1754 14 5.8948 3.6805 -8.5933 6.0839 3.6815 -8.6585 0.0723 0.2000 0.4314 0.3922 0.1961 16.0721 2.0000 
1754 1755 14 6.0839 3.6815 -8.6585 6.2753 3.6690 -8.7149 0.0723 0.2000 0.4314 0.3922 0.1961 16.2172 2.0000 
1755 1756 14 6.2753 3.6690 -8.7149 6.4726 3.6669 -8.7479 0.0723 0.2000 0.4314 0.3922 0.1961 16.3637 2.0000 
1756 1757 14 6.4726 3.6669 -8.7479 6.6599 3.6629 -8.8180 0.0723 0.2000 0.4314 0.3922 0.1961 16.5119 2.0000 
1757 1758 14 6.6599 3.6629 -8.8180 6.8458 3.6583 -8.8916 0.0723 0.2000 0.4314 0.3922 0.1961 16.6617 2.0000 
1758 1759 14 6.8458 3.6583 -8.8916 7.0226 3.6982 -8.9762 0.0723 0.2000 0.4314 0.3922 0.1961 16.8131 2.0000 
1759 1760 14 7.0226 3.6982 -8.9762 7.1990 3.7369 -9.0621 0.0723 0.2000 0.4314 0.3922 0.1961 16.9662 2.0000 
1760 1761 14 7.1990 3.7369 -9.0621 7.3808 3.8048 -9.1102 0.0723 0.2000 0.4314 0.3922 0.1961 17.1210 2.0000 
1761 1762 14 7.3808 3.8048 -9.1102 7.5647 3.8706 -9.1531 0.0723 0.2000 0.4314 0.3922 0.1961 17.2776 2.0000 
1762 1763 14 7.5647 3.8706 -9.1531 7.7430 3.9603 -9.1662 0.0723 0.2000 0.4314 0.3922 0.1961 17.4359 2.0000 
1763 1764 14 7.7430 3.9603 -9.1662 7.8623 4.1183 -9.1949 0.0723 0.2000 0.4314 0.3922 0.1961 17.5962 2.0000 
1764 1765 14 7.8623 4.1183 -9.1949 7.9866 4.2718 -9.2261 0.0723 0.2000 0.4314 0.3922 0.1961 17.7583 2.0000 
1765 1766 14 7.9866 4.2718 -9.2261 8.1133 4.4220 -9.2636 0.0723 0.2000 0.4314 0.3922 0.1961 17.9223 2.0000 
1766 1767 14 8.1133 4.4220 -9.2636 8.2273 4.5804 -9.3070 0.0723 0.2000 0.4314 0.3922 0.1961 18.0883 2.0000 
1767 1768 14 8.2273 4.5804 -9.3070 8.3167 4.7435 -9.3805 0.0723 0.2000 0.4314 0.3922 0.1961 18.2563 2.0000 
1768 1769 14 8.3167 4.7435 -9.3805 8.4035 4.9081 -9.4539 0.0723 0.2000 0.4314 0.3922 0.1961 18.4265 2.0000 
1769 1770 14 8.4035 4.9081 -9.4539 8.4891 5.0583 -9.5545 0.0723 0.2000 0.4314 0.3922 0.1961 18.5987 2.0000 
1770 1771 14 8.4891 5.0583 -9.5545 8.5396 5.2081 -9.6769 0.0723 0.2000 0.4314 0.3922 0.1961 18.7731 2.0000 
1771 1772 14 8.5396 5.2081 -9.6769 8.5835 5.3601 -9.7993 0.0723 0.2000 0.4314 0.3922 0.1961 18.9497 2.0000 
1772 1773 14 8.5835 5.3601 -9.7993 8.6028 5.5003 -9.9406 0.0723 0.2000 0.4314 0.3922 0.1961 19.1287 2.0000 
1773 1774 14 8.6028 5.5003 -9.9406 8.6499 5.6528 -10.0612 0.0723 0.2000 0.4314 0.3922 0.1961 19.3100 2.0000 
1774 1775 14 8.6499 5.6528 -10.0612 8.7513 5.7894 -10.1662 0.0723 0.2000 0.4314 0.3922 0.1961 19.4937 2.0000 
1775 1776 14 8.7513 5.7894 -10.1662 8.8478 5.9255 -10.2766 0.0723 0.2000 0.4314 0.3922 0.1961 19.6799 2.0000 
1776 1777 14 8.8478 5.9255 -10.2766 8.9841 6.0123 -10.3944 0.0723 0.2000 0.4314 0.3922 0.1961 19.8687 2.0000 
1777 1778 14 8.9841 6.0123 -10.3944 9.0918 6.1284 -10.5166 0.0723 0.2000 0.4314 0.3922 0.1961 20.0600 2.0000 
1778 1779 14 9.0918 6.1284 -10.5166 9.1976 6.2456 -10.6394 0.0723 0.2000 0.4314 0.3922 0.1961 20.2541 2.0000 
1779 1780 14 9.1976 6.2456 -10.6394 9.3000 6.3679 -10.7599 0.0723 0.2000 0.4314 0.3922 0.1961 20.4509 2.0000 
1780 1781 14 9.3000 6.3679 -10.7599 9.3906 6.4863 -10.8934 0.0723 0.2000 0.4314 0.3922 0.1961 20.6506 2.0000 
1781 1782 14 9.3906 6.4863 -10.8934 9.4943 6.6039 -11.0175 0.0723 0.2000 0.4314 0.3922 0.1961 20.8532 2.0000 
1782 1783 14 9.4943 6.6039 -11.0175 9.6248 6.6857 -11.1450 0.0723 0.2000 0.4314 0.3922 0.1961 21.0589 2.0000 
1783 1784 14 9.6248 6.6857 -11.1450 9.7554 6.7675 -11.2726 0.0723 0.2000 0.4314 0.3922 0.1961 21.2677 2.0000 
1784 1785 14 9.7554 6.7675 -11.2726 9.8785 6.8402 -11.4124 0.0723 0.2000 0.4314 0.3922 0.1961 21.4796 2.0000 
1785 1786 14 9.8785 6.8402 -11.4124 9.9981 6.9113 -11.5560 0.0723 0.2000 0.4314 0.3922 0.1961 21.6949 2.0000 
1786 1787 14 9.9981 6.9113 -11.5560 10.1139 6.9826 -11.7027 0.0723 0.2000 0.4314 0.3922 0.1961 21.9136 2.0000 
1787 1788 14 10.1139 6.9826 -11.7027 10.2343 7.0806 -11.8288 0.0723 0.2000 0.4314 0.3922 0.1961 22.1359 2.0000 
1788 1789 14 10.2343 7.0806 -11.8288 10.3537 7.1701 -11.9620 0.0723 0.2000 0.4314 0.3922 0.1961 22.3618 2.0000 
1789 1790 14 10.3537 7.1701 -11.9620 10.5115 7.2005 -12.0811 0.0723 0.2000 0.4314 0.3922 0.1961 22.5914 2.0000 
1790 1791 14 10.5115 7.2005 -12.0811 10.6581 7.2362 -12.2124 0.0723 0.2000 0.4314 0.3922 0.1961 22.8249 2.0000 
1791 1792 14 10.6581 7.2362 -12.2124 10.8226 7.2882 -12.3136 0.0723 0.2000 0.4314 0.3922 0.1961 23.0625 2.0000 
1792 1793 14 10.8226 7.2882 -12.3136 10.9865 7.3411 -12.4152 0.0723 0.2000 0.4314 0.3922 0.1961 23.3042 2.0000 
1793 1794 14 10.9865 7.3411 -12.4152 11.1490 7.3932 -12.5195 0.0723 0.2000 0.4314 0.3922 0.1961 23.5503 2.0000 
1794 1795 14 11.1490 7.3932 -12.5195 11.3061 7.4165 -12.6410 0.0723 0.2000 0.4314 0.3922 0.1961 23.8008 2.0000 
1795 1796 14 11.3061 7.4165 -12.6410 11.4428 7.4468 -12.7838 0.0723 0.2000 0.4314 0.3922 0.1961 24.0559 2.0000 
1796 1797 14 11.4428 7.4468 -12.7838 11.5617 7.4880 -12.9393 0.0723 0.2000 0.4314 0.3922 0.1961 24.3159 2.0000 
1797 1798 14 11.5617 7.4880 -12.9393 11.6866 7.5216 -13.0918 0.0723 0.2000 0.4314 0.3922 0.1961 24.5809 2.0000 
1798 1799 14 11.6866 7.5216 -13.0918 11.8276 7.5740 -13.2237 0.0723 0.2000 0.4314 0.3922 0.1961 24.8510 2.0000 
1799 1800 14 11.8276 7.5740 -13.2237 11.9567 7.6204 -13.3692 0.0723 0.2000 0.4314 0.3922 0.1961 25.1266 2.0000 
1800 1801 14 11.9567 7.6204 -13.3692 12.0829 7.6698 -13.5163 0.0723 0.2000 0.4314 0.3922 0.1961 25.4078 2.0000 
1801 1802 14 12.0829 7.6698 -13.5163 12.1880 7.7358 -13.6731 0.0723 0.2000 0.4314 0.3922 0.1961 25.6949 2.0000 
1802 1803 14 12.1880 7.7358 -13.6731 12.3024 7.7983 -13.8248 0.0723 0.2000 0.4314 0.3922 0.1961 25.9880 2.0000 
1803 1804 14 12.3024 7.7983 -13.8248 12.4051 7.8138 -13.9957 0.0723 0.2000 0.4314 0.3922 0.1961 26.2876 2.0000 
1804 1805 14 12.4051 7.8138 -13.9957 12.5238 7.8001 -14.1561 0.0723 0.2000 0.4314 0.3922 0.1961 26.5937 2.0000 
1805 1806 14 12.5238 7.8001 -14.1561 12.6495 7.7924 -14.3115 0.0723 0.2000 0.4314 0.3922 0.1961 26.9069 2.0000 
1806 1807 14 12.6495 7.7924 -14.3115 12.7613 7.7789 -14.4768 0.0723 0.2000 0.4314 0.3922 0.1961 27.2273 2.0000 
1807 1808 14 12.7613 7.7789 -14.4768 12.8652 7.7562 -14.6461 0.0723 0.2000 0.4314 0.3922 0.1961 27.5554 2.0000 
1808 1809 14 12.8652 7.7562 -14.6461 12.9584 7.7731 -14.8223 0.0723 0.2000 0.4314 0.3922 0.1961 27.8914 2.0000 
1809 1810 14 12.9584 7.7731 -14.8223 13.0571 7.7715 -14.9962 0.0723 0.2000 0.4314 0.3922 0.1961 28.2359 2.0000 
1810 1811 14 13.0571 7.7715 -14.9962 13.1220 7.7243 -15.1794 0.0723 0.2000 0.4314 0.3922 0.1961 28.5892 2.0000 
1811 1812 14 13.1220 7.7243 -15.1794 13.1926 7.6762 -15.3602 0.0723 0.2000 0.4314 0.3922 0.1961 28.9518 2.0000 
1812 1813 14 13.1926 7.6762 -15.3602 13.2395 7.6196 -15.5463 0.0723 0.2000 0.4314 0.3922 0.1961 29.3242 2.0000 
1813 1814 14 13.2395 7.6196 -15.5463 13.3273 7.5685 -15.7185 0.0723 0.2000 0.4314 0.3922 0.1961 29.7069 2.0000 
1814 1815 14 13.3273 7.5685 -15.7185 13.4163 7.5356 -15.8340 0.0723 0.1495 0.4314 0.3922 0.1961 30.0000 2.0000 
33 1816 15 -0.0087 -0.2093 -8.5113 -0.1908 -0.1699 -8.5839 0.0996 0.2000 0.4314 0.3922 0.1961 11.9308 2.0000 
1816 1817 15 -0.1908 -0.1699 -8.5839 -0.3734 -0.1573 -8.6645 0.0996 0.2000 0.4314 0.3922 0.1961 12.0299 2.0000 
1817 1818 15 -0.3734 -0.1573 -8.6645 -0.5510 -0.1475 -8.7560 0.0996 0.2000 0.4314 0.3922 0.1961 12.1296 2.0000 
1818 1819 15 -0.5510 -0.1475 -8.7560 -0.7055 -0.1865 -8.8769 0.0996 0.2000 0.4314 0.3922 0.1961 12.2299 2.0000 
1819 1820 15 -0.7055 -0.1865 -8.8769 -0.8751 -0.2014 -8.9819 0.0996 0.2000 0.4314 0.3922 0.1961 12.3309 2.0000 
1820 1821 15 -0.8751 -0.2014 -8.9819 -1.0403 -0.2460 -9.0854 0.0996 0.2000 0.4314 0.3922 0.1961 12.4326 2.0000 
1821 1822 15 -1.0403 -0.2460 -9.0854 -1.1961 -0.2848 -9.2046 0.0996 0.2000 0.4314 0.3922 0.1961 12.5349 2.0000 
1822 1823 15 -1.1961 -0.2848 -9.2046 -1.3496 -0.2993 -9.3320 0.0996 0.2000 0.4314 0.3922 0.1961 12.6380 2.0000 
1823 1824 15 -1.3496 -0.2993 -9.3320 -1.4707 -0.3445 -9.4846 0.0996 0.2000 0.4314 0.3922 0.1961 12.7417 2.0000 
1824 1825 15 -1.4707 -0.3445 -9.4846 -1.5665 -0.4021 -9.6504 0.0996 0.2000 0.4314 0.3922 0.1961 12.8461 2.0000 
1825 1826 15 -1.5665 -0.4021 -9.6504 -1.6603 -0.4578 -9.8181 0.0996 0.2000 0.4314 0.3922 0.1961 12.9512 2.0000 
1826 1827 15 -1.6603 -0.4578 -9.8181 -1.7548 -0.5060 -9.9876 0.0996 0.2000 0.4314 0.3922 0.1961 13.0570 2.0000 
1827 1828 15 -1.7548 -0.5060 -9.9876 -1.8476 -0.5594 -10.1566 0.0996 0.2000 0.4314 0.3922 0.1961 13.1636 2.0000 
1828 1829 15 -1.8476 -0.5594 -10.1566 -1.9121 -0.6133 -10.3380 0.0996 0.2000 0.4314 0.3922 0.1961 13.2709 2.0000 
1829 1830 15 -1.9121 -0.6133 -10.3380 -1.9788 -0.6345 -10.5254 0.0996 0.2000 0.4314 0.3922 0.1961 13.3789 2.0000 
1830 1831 15 -1.9788 -0.6345 -10.5254 -2.0593 -0.6497 -10.7078 0.0996 0.2000 0.4314 0.3922 0.1961 13.4877 2.0000 
1831 1832 15 -2.0593 -0.6497 -10.7078 -2.1000 -0.6955 -10.8982 0.0996 0.2000 0.4314 0.3922 0.1961 13.5973 2.0000 
1832 1833 15 -2.1000 -0.6955 -10.8982 -2.1385 -0.7354 -11.0904 0.0996 0.2000 0.4314 0.3922 0.1961 13.7077 2.0000 
1833 1834 15 -2.1385 -0.7354 -11.0904 -2.1546 -0.7293 -11.2897 0.0996 0.2000 0.4314 0.3922 0.1961 13.8188 2.0000 
1834 1835 15 -2.1546 -0.7293 -11.2897 -2.1800 -0.7258 -11.4880 0.0996 0.2000 0.4314 0.3922 0.1961 13.9308 2.0000 
1835 1836 15 -2.1800 -0.7258 -11.4880 -2.2061 -0.7105 -11.6857 0.0996 0.2000 0.4314 0.3922 0.1961 14.0436 2.0000 
1836 1837 15 -2.2061 -0.7105 -11.6857 -2.2257 -0.7142 -11.8847 0.0996 0.2000 0.4314 0.3922 0.1961 14.1572 2.0000 
1837 1838 15 -2.2257 -0.7142 -11.8847 -2.2304 -0.6620 -12.0777 0.0996 0.2000 0.4314 0.3922 0.1961 14.2716 2.0000 
1838 1839 15 -2.2304 -0.6620 -12.0777 -2.2432 -0.6100 -12.2704 0.0996 0.2000 0.4314 0.3922 0.1961 14.3869 2.0000 
1839 1840 15 -2.2432 -0.6100 -12.2704 -2.2610 -0.5544 -12.4617 0.0996 0.2000 0.4314 0.3922 0.1961 14.5030 2.0000 
1840 1841 15 -2.2610 -0.5544 -12.4617 -2.2621 -0.5129 -12.6574 0.0996 0.2000 0.4314 0.3922 0.1961 14.6201 2.0000 
1841 1842 15 -2.2621 -0.5129 -12.6574 -2.2630 -0.4712 -12.8530 0.0996 0.2000 0.4314 0.3922 0.1961 14.7380 2.0000 
1842 1843 15 -2.2630 -0.4712 -12.8530 -2.2485 -0.4178 -13.0451 0.0996 0.2000 0.4314 0.3922 0.1961 14.8568 2.0000 
1843 1844 15 -2.2485 -0.4178 -13.0451 -2.2263 -0.4034 -13.2434 0.0996 0.2000 0.4314 0.3922 0.1961 14.9766 2.0000 
1844 1845 15 -2.2263 -0.4034 -13.2434 -2.2041 -0.3910 -13.4418 0.0996 0.2000 0.4314 0.3922 0.1961 15.0973 2.0000 
1845 1846 15 -2.2041 -0.3910 -13.4418 -2.2151 -0.4143 -13.6401 0.0996 0.2000 0.4314 0.3922 0.1961 15.2189 2.0000 
1846 1847 15 -2.2151 -0.4143 -13.6401 -2.2228 -0.4388 -13.8384 0.0996 0.2000 0.4314 0.3922 0.1961 15.3415 2.0000 
1847 1848 15 -2.2228 -0.4388 -13.8384 -2.2381 -0.4478 -14.0377 0.0996 0.2000 0.4314 0.3922 0.1961 15.4651 2.0000 
1848 1849 15 -2.2381 -0.4478 -14.0377 -2.2765 -0.4311 -14.2332 0.0996 0.2000 0.4314 0.3922 0.1961 15.5896 2.0000 
1849 1850 15 -2.2765 -0.4311 -14.2332 -2.2470 -0.4198 -14.4307 0.0996 0.2000 0.4314 0.3922 0.1961 15.7152 2.0000 
1850 1851 15 -2.2470 -0.4198 -14.4307 -2.2372 -0.4076 -14.6301 0.0996 0.2000 0.4314 0.3922 0.1961 15.8418 2.0000 
1851 1852 15 -2.2372 -0.4076 -14.6301 -2.2254 -0.3869 -14.8287 0.0996 0.2000 0.4314 0.3922 0.1961 15.9695 2.0000 
1852 1853 15 -2.2254 -0.3869 -14.8287 -2.2158 -0.3374 -15.0222 0.0996 0.2000 0.4314 0.3922 0.1961 16.0982 2.0000 
1853 1854 15 -2.2158 -0.3374 -15.0222 -2.2264 -0.2870 -15.2155 0.0996 0.2000 0.4314 0.3922 0.1961 16.2279 2.0000 
1854 1855 15 -2.2264 -0.2870 -15.2155 -2.2027 -0.2452 -15.4096 0.0996 0.2000 0.4314 0.3922 0.1961 16.3588 2.0000 
1855 1856 15 -2.2027 -0.2452 -15.4096 -2.1605 -0.1968 -15.5990 0.0996 0.2000 0.4314 0.3922 0.1961 16.4908 2.0000 
1856 1857 15 -2.1605 -0.1968 -15.5990 -2.1119 -0.1444 -15.7858 0.0996 0.2000 0.4314 0.3922 0.1961 16.6240 2.0000 
1857 1858 15 -2.1119 -0.1444 -15.7858 -2.0616 -0.0903 -15.9717 0.0996 0.2000 0.4314 0.3922 0.1961 16.7583 2.0000 
1858 1859 15 -2.0616 -0.0903 -15.9717 -2.0076 -0.0195 -16.1508 0.0996 0.2000 0.4314 0.3922 0.1961 16.8937 2.0000 
1859 1860 15 -2.0076 -0.0195 -16.1508 -1.9639 0.0520 -16.3324 0.0996 0.2000 0.4314 0.3922 0.1961 17.0304 2.0000 
1860 1861 15 -1.9639 0.0520 -16.3324 -1.9191 0.1389 -16.5069 0.0996 0.2000 0.4314 0.3922 0.1961 17.1683 2.0000 
1861 1862 15 -1.9191 0.1389 -16.5069 -1.8900 0.2260 -16.6845 0.0996 0.2000 0.4314 0.3922 0.1961 17.3074 2.0000 
1862 1863 15 -1.8900 0.2260 -16.6845 -1.8617 0.3129 -16.8624 0.0996 0.2000 0.4314 0.3922 0.1961 17.4478 2.0000 
1863 1864 15 -1.8617 0.3129 -16.8624 -1.8547 0.3770 -17.0517 0.0996 0.2000 0.4314 0.3922 0.1961 17.5894 2.0000 
1864 1865 15 -1.8547 0.3770 -17.0517 -1.8495 0.4443 -17.2400 0.0996 0.2000 0.4314 0.3922 0.1961 17.7324 2.0000 
1865 1866 15 -1.8495 0.4443 -17.2400 -1.8529 0.5020 -17.4315 0.0996 0.2000 0.4314 0.3922 0.1961 17.8767 2.0000 
1866 1867 15 -1.8529 0.5020 -17.4315 -1.8455 0.5752 -17.6174 0.0996 0.2000 0.4314 0.3922 0.1961 18.0223 2.0000 
1867 1868 15 -1.8455 0.5752 -17.6174 -1.8348 0.6552 -17.8004 0.0996 0.2000 0.4314 0.3922 0.1961 18.1694 2.0000 
1868 1869 15 -1.8348 0.6552 -17.8004 -1.8230 0.7343 -17.9837 0.0996 0.2000 0.4314 0.3922 0.1961 18.3178 2.0000 
1869 1870 15 -1.8230 0.7343 -17.9837 -1.8290 0.8191 -18.1648 0.0996 0.2000 0.4314 0.3922 0.1961 18.4677 2.0000 
1870 1871 15 -1.8290 0.8191 -18.1648 -1.8706 0.9143 -18.3357 0.0996 0.2000 0.4314 0.3922 0.1961 18.6191 2.0000 
1871 1872 15 -1.8706 0.9143 -18.3357 -1.9558 0.9777 -18.5051 0.0996 0.2000 0.4314 0.3922 0.1961 18.7719 2.0000 
1872 1873 15 -1.9558 0.9777 -18.5051 -2.0422 1.0337 -18.6766 0.0996 0.2000 0.4314 0.3922 0.1961 18.9263 2.0000 
1873 1874 15 -2.0422 1.0337 -18.6766 -2.1230 1.0897 -18.8508 0.0996 0.2000 0.4314 0.3922 0.1961 19.0822 2.0000 
1874 1875 15 -2.1230 1.0897 -18.8508 -2.1998 1.1599 -19.0216 0.0996 0.2000 0.4314 0.3922 0.1961 19.2398 2.0000 
1875 1876 15 -2.1998 1.1599 -19.0216 -2.2795 1.2419 -19.1857 0.0996 0.2000 0.4314 0.3922 0.1961 19.3989 2.0000 
1876 1877 15 -2.2795 1.2419 -19.1857 -2.3290 1.3364 -19.3548 0.0996 0.2000 0.4314 0.3922 0.1961 19.5597 2.0000 
1877 1878 15 -2.3290 1.3364 -19.3548 -2.3851 1.3893 -19.5394 0.0996 0.2000 0.4314 0.3922 0.1961 19.7221 2.0000 
1878 1879 15 -2.3851 1.3893 -19.5394 -2.4246 1.4824 -19.7119 0.0996 0.2000 0.4314 0.3922 0.1961 19.8863 2.0000 
1879 1880 15 -2.4246 1.4824 -19.7119 -2.4792 1.6095 -19.8564 0.0996 0.2000 0.4314 0.3922 0.1961 20.0523 2.0000 
1880 1881 15 -2.4792 1.6095 -19.8564 -2.5187 1.7060 -20.0270 0.0996 0.2000 0.4314 0.3922 0.1961 20.2201 2.0000 
1881 1882 15 -2.5187 1.7060 -20.0270 -2.5341 1.7810 -20.2118 0.0996 0.2000 0.4314 0.3922 0.1961 20.3896 2.0000 
1882 1883 15 -2.5341 1.7810 -20.2118 -2.5356 1.8015 -20.4107 0.0996 0.2000 0.4314 0.3922 0.1961 20.5611 2.0000 
1883 1884 15 -2.5356 1.8015 -20.4107 -2.5774 1.7958 -20.6062 0.0996 0.2000 0.4314 0.3922 0.1961 20.7345 2.0000 
1884 1885 15 -2.5774 1.7958 -20.6062 -2.5895 1.8154 -20.8049 0.0996 0.2000 0.4314 0.3922 0.1961 20.9099 2.0000 
1885 1886 15 -2.5895 1.8154 -20.8049 -2.5754 1.8257 -21.0041 0.0996 0.2000 0.4314 0.3922 0.1961 21.0872 2.0000 
1886 1887 15 -2.5754 1.8257 -21.0041 -2.5711 1.8387 -21.2037 0.0996 0.2000 0.4314 0.3922 0.1961 21.2666 2.0000 
1887 1888 15 -2.5711 1.8387 -21.2037 -2.5674 1.8342 -21.4036 0.0996 0.2000 0.4314 0.3922 0.1961 21.4482 2.0000 
1888 1889 15 -2.5674 1.8342 -21.4036 -2.5670 1.8336 -21.6036 0.0996 0.2000 0.4314 0.3922 0.1961 21.6318 2.0000 
1889 1890 15 -2.5670 1.8336 -21.6036 -2.5725 1.8359 -21.8035 0.0996 0.2000 0.4314 0.3922 0.1961 21.8177 2.0000 
1890 1891 15 -2.5725 1.8359 -21.8035 -2.5726 1.8339 -22.0035 0.0996 0.2000 0.4314 0.3922 0.1961 22.0059 2.0000 
1891 1892 15 -2.5726 1.8339 -22.0035 -2.5728 1.8058 -22.2015 0.0996 0.2000 0.4314 0.3922 0.1961 22.1963 2.0000 
1892 1893 15 -2.5728 1.8058 -22.2015 -2.5421 1.7710 -22.3960 0.0996 0.2000 0.4314 0.3922 0.1961 22.3891 2.0000 
1893 1894 15 -2.5421 1.7710 -22.3960 -2.5088 1.7579 -22.5928 0.0996 0.2000 0.4314 0.3922 0.1961 22.5844 2.0000 
1894 1895 15 -2.5088 1.7579 -22.5928 -2.5048 1.7424 -22.7922 0.0996 0.2000 0.4314 0.3922 0.1961 22.7821 2.0000 
1895 1896 15 -2.5048 1.7424 -22.7922 -2.4946 1.7270 -22.9913 0.0996 0.2000 0.4314 0.3922 0.1961 22.9824 2.0000 
1896 1897 15 -2.4946 1.7270 -22.9913 -2.4793 1.7012 -23.1890 0.0996 0.2000 0.4314 0.3922 0.1961 23.1854 2.0000 
1897 1898 15 -2.4793 1.7012 -23.1890 -2.4817 1.6456 -23.3811 0.0996 0.2000 0.4314 0.3922 0.1961 23.3910 2.0000 
1898 1899 15 -2.4817 1.6456 -23.3811 -2.4686 1.6325 -23.5803 0.0996 0.2000 0.4314 0.3922 0.1961 23.5994 2.0000 
1899 1900 15 -2.4686 1.6325 -23.5803 -2.4589 1.6212 -23.7797 0.0996 0.2000 0.4314 0.3922 0.1961 23.8106 2.0000 
1900 1901 15 -2.4589 1.6212 -23.7797 -2.4551 1.5935 -23.9778 0.0996 0.2000 0.4314 0.3922 0.1961 24.0248 2.0000 
1901 1902 15 -2.4551 1.5935 -23.9778 -2.4402 1.5951 -24.1772 0.0996 0.2000 0.4314 0.3922 0.1961 24.2420 2.0000 
1902 1903 15 -2.4402 1.5951 -24.1772 -2.4194 1.6146 -24.3752 0.0996 0.2000 0.4314 0.3922 0.1961 24.4622 2.0000 
1903 1904 15 -2.4194 1.6146 -24.3752 -2.3992 1.6327 -24.5733 0.0996 0.2000 0.4314 0.3922 0.1961 24.6857 2.0000 
1904 1905 15 -2.3992 1.6327 -24.5733 -2.3785 1.6489 -24.7716 0.0996 0.2000 0.4314 0.3922 0.1961 24.9124 2.0000 
1905 1906 15 -2.3785 1.6489 -24.7716 -2.3589 1.6666 -24.9698 0.0996 0.2000 0.4314 0.3922 0.1961 25.1424 2.0000 
1906 1907 15 -2.3589 1.6666 -24.9698 -2.3050 1.7044 -25.1587 0.0996 0.2000 0.4314 0.3922 0.1961 25.3760 2.0000 
1907 1908 15 -2.3050 1.7044 -25.1587 -2.2479 1.7349 -25.3479 0.0996 0.2000 0.4314 0.3922 0.1961 25.6131 2.0000 
1908 1909 15 -2.2479 1.7349 -25.3479 -2.2107 1.7346 -25.5444 0.0996 0.2000 0.4314 0.3922 0.1961 25.8539 2.0000 
1909 1910 15 -2.2107 1.7346 -25.5444 -2.1985 1.7189 -25.7434 0.0996 0.2000 0.4314 0.3922 0.1961 26.0985 2.0000 
1910 1911 15 -2.1985 1.7189 -25.7434 -2.2007 1.7092 -25.9432 0.0996 0.2000 0.4314 0.3922 0.1961 26.3471 2.0000 
1911 1912 15 -2.2007 1.7092 -25.9432 -2.1940 1.7016 -26.1429 0.0996 0.2000 0.4314 0.3922 0.1961 26.5996 2.0000 
1912 1913 15 -2.1940 1.7016 -26.1429 -2.1913 1.7004 -26.3429 0.0996 0.2000 0.4314 0.3922 0.1961 26.8564 2.0000 
1913 1914 15 -2.1913 1.7004 -26.3429 -2.1904 1.7008 -26.5429 0.0996 0.2000 0.4314 0.3922 0.1961 27.1175 2.0000 
1914 1915 15 -2.1904 1.7008 -26.5429 -2.1884 1.7084 -26.7428 0.0996 0.2000 0.4314 0.3922 0.1961 27.3831 2.0000 
1915 1916 15 -2.1884 1.7084 -26.7428 -2.1598 1.7216 -26.9403 0.0996 0.2000 0.4314 0.3922 0.1961 27.6534 2.0000 
1916 1917 15 -2.1598 1.7216 -26.9403 -2.1270 1.7778 -27.1294 0.0996 0.2000 0.4314 0.3922 0.1961 27.9284 2.0000 
1917 1918 15 -2.1270 1.7778 -27.1294 -2.1499 1.8020 -27.3266 0.0996 0.2000 0.4314 0.3922 0.1961 28.2084 2.0000 
1918 1919 15 -2.1499 1.8020 -27.3266 -2.1487 1.8775 -27.5118 0.0996 0.2000 0.4314 0.3922 0.1961 28.4936 2.0000 
1919 1920 15 -2.1487 1.8775 -27.5118 -2.1482 1.9291 -27.7050 0.0996 0.2000 0.4314 0.3922 0.1961 28.7841 2.0000 
1920 1921 15 -2.1482 1.9291 -27.7050 -2.1401 1.9625 -27.9021 0.0996 0.2000 0.4314 0.3922 0.1961 29.0801 2.0000 
1921 1922 15 -2.1401 1.9625 -27.9021 -2.1080 1.9955 -28.0967 0.0996 0.2000 0.4314 0.3922 0.1961 29.3820 2.0000 
1922 1923 15 -2.1080 1.9955 -28.0967 -2.1055 2.0183 -28.2954 0.0996 0.2000 0.4314 0.3922 0.1961 29.6898 2.0000 
1923 1924 15 -2.1055 2.0183 -28.2954 -2.1380 2.0237 -28.4902 0.0996 0.1976 0.4314 0.3922 0.1961 30.0000 2.0000 
35 1925 16 -0.0253 -0.2373 -8.9008 -0.0737 -0.0560 -8.9698 0.0699 0.2000 0.4314 0.3922 0.1961 12.3093 2.0000 
1925 1926 16 -0.0737 -0.0560 -8.9698 -0.1222 0.1197 -9.0522 0.0699 0.2000 0.4314 0.3922 0.1961 12.4116 2.0000 
1926 1927 16 -0.1222 0.1197 -9.0522 -0.2062 0.2720 -9.1510 0.0699 0.2000 0.4314 0.3922 0.1961 12.5146 2.0000 
1927 1928 16 -0.2062 0.2720 -9.1510 -0.2574 0.4247 -9.2695 0.0699 0.2000 0.4314 0.3922 0.1961 12.6183 2.0000 
1928 1929 16 -0.2574 0.4247 -9.2695 -0.3214 0.5715 -9.3893 0.0699 0.2000 0.4314 0.3922 0.1961 12.7228 2.0000 
1929 1930 16 -0.3214 0.5715 -9.3893 -0.3650 0.7339 -9.4976 0.0699 0.2000 0.4314 0.3922 0.1961 12.8280 2.0000 
1930 1931 16 -0.3650 0.7339 -9.4976 -0.4180 0.8895 -9.6115 0.0699 0.2000 0.4314 0.3922 0.1961 12.9340 2.0000 
1931 1932 16 -0.4180 0.8895 -9.6115 -0.4803 1.0436 -9.7227 0.0699 0.2000 0.4314 0.3922 0.1961 13.0407 2.0000 
1932 1933 16 -0.4803 1.0436 -9.7227 -0.5293 1.2055 -9.8294 0.0699 0.2000 0.4314 0.3922 0.1961 13.1483 2.0000 
1933 1934 16 -0.5293 1.2055 -9.8294 -0.5696 1.3700 -9.9359 0.0699 0.2000 0.4314 0.3922 0.1961 13.2566 2.0000 
1934 1935 16 -0.5696 1.3700 -9.9359 -0.6017 1.5334 -10.0466 0.0699 0.2000 0.4314 0.3922 0.1961 13.3657 2.0000 
1935 1936 16 -0.6017 1.5334 -10.0466 -0.6350 1.7054 -10.1431 0.0699 0.2000 0.4314 0.3922 0.1961 13.4757 2.0000 
1936 1937 16 -0.6350 1.7054 -10.1431 -0.6479 1.8870 -10.2259 0.0699 0.2000 0.4314 0.3922 0.1961 13.5865 2.0000 
1937 1938 16 -0.6479 1.8870 -10.2259 -0.6704 2.0709 -10.3012 0.0699 0.2000 0.4314 0.3922 0.1961 13.6981 2.0000 
1938 1939 16 -0.6704 2.0709 -10.3012 -0.6935 2.2630 -10.3520 0.0699 0.2000 0.4314 0.3922 0.1961 13.8106 2.0000 
1939 1940 16 -0.6935 2.2630 -10.3520 -0.7144 2.4538 -10.4082 0.0699 0.2000 0.4314 0.3922 0.1961 13.9240 2.0000 
1940 1941 16 -0.7144 2.4538 -10.4082 -0.7317 2.6417 -10.4743 0.0699 0.2000 0.4314 0.3922 0.1961 14.0383 2.0000 
1941 1942 16 -0.7317 2.6417 -10.4743 -0.7625 2.8160 -10.5674 0.0699 0.2000 0.4314 0.3922 0.1961 14.1534 2.0000 
1942 1943 16 -0.7625 2.8160 -10.5674 -0.7882 2.9845 -10.6721 0.0699 0.2000 0.4314 0.3922 0.1961 14.2695 2.0000 
1943 1944 16 -0.7882 2.9845 -10.6721 -0.8166 3.1637 -10.7563 0.0699 0.2000 0.4314 0.3922 0.1961 14.3865 2.0000 
1944 1945 16 -0.8166 3.1637 -10.7563 -0.8406 3.3444 -10.8386 0.0699 0.2000 0.4314 0.3922 0.1961 14.5044 2.0000 
1945 1946 16 -0.8406 3.3444 -10.8386 -0.8647 3.5254 -10.9202 0.0699 0.2000 0.4314 0.3922 0.1961 14.6233 2.0000 
1946 1947 16 -0.8647 3.5254 -10.9202 -0.8620 3.7056 -11.0068 0.0699 0.2000 0.4314 0.3922 0.1961 14.7432 2.0000 
1947 1948 16 -0.8620 3.7056 -11.0068 -0.8454 3.8816 -11.1004 0.0699 0.2000 0.4314 0.3922 0.1961 14.8641 2.0000 
1948 1949 16 -0.8454 3.8816 -11.1004 -0.8704 4.0454 -11.2123 0.0699 0.2000 0.4314 0.3922 0.1961 14.9859 2.0000 
1949 1950 16 -0.8704 4.0454 -11.2123 -0.9287 4.1951 -11.3315 0.0699 0.2000 0.4314 0.3922 0.1961 15.1088 2.0000 
1950 1951 16 -0.9287 4.1951 -11.3315 -0.9481 4.3227 -11.4843 0.0699 0.2000 0.4314 0.3922 0.1961 15.2328 2.0000 
1951 1952 16 -0.9481 4.3227 -11.4843 -1.0170 4.4135 -11.6486 0.0699 0.2000 0.4314 0.3922 0.1961 15.3577 2.0000 
1952 1953 16 -1.0170 4.4135 -11.6486 -1.0925 4.5014 -11.8116 0.0699 0.2000 0.4314 0.3922 0.1961 15.4838 2.0000 
1953 1954 16 -1.0925 4.5014 -11.8116 -1.1214 4.6220 -11.9685 0.0699 0.2000 0.4314 0.3922 0.1961 15.6110 2.0000 
1954 1955 16 -1.1214 4.6220 -11.9685 -1.1990 4.6857 -12.1415 0.0699 0.2000 0.4314 0.3922 0.1961 15.7393 2.0000 
1955 1956 16 -1.1990 4.6857 -12.1415 -1.2650 4.8018 -12.2904 0.0699 0.2000 0.4314 0.3922 0.1961 15.8687 2.0000 
1956 1957 16 -1.2650 4.8018 -12.2904 -1.3390 4.9116 -12.4403 0.0699 0.2000 0.4314 0.3922 0.1961 15.9992 2.0000 
1957 1958 16 -1.3390 4.9116 -12.4403 -1.4135 5.0306 -12.5827 0.0699 0.2000 0.4314 0.3922 0.1961 16.1310 2.0000 
1958 1959 16 -1.4135 5.0306 -12.5827 -1.4869 5.1446 -12.7298 0.0699 0.2000 0.4314 0.3922 0.1961 16.2639 2.0000 
1959 1960 16 -1.4869 5.1446 -12.7298 -1.5464 5.2605 -12.8815 0.0699 0.2000 0.4314 0.3922 0.1961 16.3981 2.0000 
1960 1961 16 -1.5464 5.2605 -12.8815 -1.6199 5.3515 -13.0437 0.0699 0.2000 0.4314 0.3922 0.1961 16.5335 2.0000 
1961 1962 16 -1.6199 5.3515 -13.0437 -1.6519 5.4458 -13.2171 0.0699 0.2000 0.4314 0.3922 0.1961 16.6701 2.0000 
1962 1963 16 -1.6519 5.4458 -13.2171 -1.6711 5.5649 -13.3767 0.0699 0.2000 0.4314 0.3922 0.1961 16.8081 2.0000 
1963 1964 16 -1.6711 5.5649 -13.3767 -1.6534 5.6630 -13.5501 0.0699 0.2000 0.4314 0.3922 0.1961 16.9473 2.0000 
1964 1965 16 -1.6534 5.6630 -13.5501 -1.6592 5.7442 -13.7327 0.0699 0.2000 0.4314 0.3922 0.1961 17.0879 2.0000 
1965 1966 16 -1.6592 5.7442 -13.7327 -1.6644 5.8450 -13.9055 0.0699 0.2000 0.4314 0.3922 0.1961 17.2299 2.0000 
1966 1967 16 -1.6644 5.8450 -13.9055 -1.6746 5.9254 -14.0883 0.0699 0.2000 0.4314 0.3922 0.1961 17.3733 2.0000 
1967 1968 16 -1.6746 5.9254 -14.0883 -1.6342 5.9861 -14.2745 0.0699 0.2000 0.4314 0.3922 0.1961 17.5180 2.0000 
1968 1969 16 -1.6342 5.9861 -14.2745 -1.5903 6.0444 -14.4607 0.0699 0.2000 0.4314 0.3922 0.1961 17.6643 2.0000 
1969 1970 16 -1.5903 6.0444 -14.4607 -1.5733 6.0586 -14.6595 0.0699 0.2000 0.4314 0.3922 0.1961 17.8120 2.0000 
1970 1971 16 -1.5733 6.0586 -14.6595 -1.5515 6.0754 -14.8576 0.0699 0.2000 0.4314 0.3922 0.1961 17.9612 2.0000 
1971 1972 16 -1.5515 6.0754 -14.8576 -1.5472 6.0673 -15.0574 0.0699 0.2000 0.4314 0.3922 0.1961 18.1119 2.0000 
1972 1973 16 -1.5472 6.0673 -15.0574 -1.5096 6.0790 -15.2535 0.0699 0.2000 0.4314 0.3922 0.1961 18.2642 2.0000 
1973 1974 16 -1.5096 6.0790 -15.2535 -1.5057 6.0855 -15.4533 0.0699 0.2000 0.4314 0.3922 0.1961 18.4181 2.0000 
1974 1975 16 -1.5057 6.0855 -15.4533 -1.5131 6.1190 -15.6504 0.0699 0.2000 0.4314 0.3922 0.1961 18.5737 2.0000 
1975 1976 16 -1.5131 6.1190 -15.6504 -1.5166 6.1424 -15.8490 0.0699 0.2000 0.4314 0.3922 0.1961 18.7309 2.0000 
1976 1977 16 -1.5166 6.1424 -15.8490 -1.5260 6.1499 -16.0486 0.0699 0.2000 0.4314 0.3922 0.1961 18.8898 2.0000 
1977 1978 16 -1.5260 6.1499 -16.0486 -1.5569 6.1747 -16.2446 0.0699 0.2000 0.4314 0.3922 0.1961 19.0505 2.0000 
1978 1979 16 -1.5569 6.1747 -16.2446 -1.5946 6.1929 -16.4402 0.0699 0.2000 0.4314 0.3922 0.1961 19.2129 2.0000 
1979 1980 16 -1.5946 6.1929 -16.4402 -1.6111 6.1997 -16.6394 0.0699 0.2000 0.4314 0.3922 0.1961 19.3772 2.0000 
1980 1981 16 -1.6111 6.1997 -16.6394 -1.6281 6.2071 -16.8385 0.0699 0.2000 0.4314 0.3922 0.1961 19.5434 2.0000 
1981 1982 16 -1.6281 6.2071 -16.8385 -1.6410 6.1969 -17.0379 0.0699 0.2000 0.4314 0.3922 0.1961 19.7114 2.0000 
1982 1983 16 -1.6410 6.1969 -17.0379 -1.6785 6.1879 -17.2341 0.0699 0.2000 0.4314 0.3922 0.1961 19.8814 2.0000 
1983 1984 16 -1.6785 6.1879 -17.2341 -1.7375 6.1671 -17.4241 0.0699 0.2000 0.4314 0.3922 0.1961 20.0534 2.0000 
1984 1985 16 -1.7375 6.1671 -17.4241 -1.7910 6.1224 -17.6115 0.0699 0.2000 0.4314 0.3922 0.1961 20.2274 2.0000 
1985 1986 16 -1.7910 6.1224 -17.6115 -1.8017 6.0866 -17.8080 0.0699 0.2000 0.4314 0.3922 0.1961 20.4036 2.0000 
1986 1987 16 -1.8017 6.0866 -17.8080 -1.7949 6.1049 -18.0070 0.0699 0.2000 0.4314 0.3922 0.1961 20.5819 2.0000 
1987 1988 16 -1.7949 6.1049 -18.0070 -1.8176 6.1292 -18.2043 0.0699 0.2000 0.4314 0.3922 0.1961 20.7624 2.0000 
1988 1989 16 -1.8176 6.1292 -18.2043 -1.8470 6.1500 -18.4010 0.0699 0.2000 0.4314 0.3922 0.1961 20.9451 2.0000 
1989 1990 16 -1.8470 6.1500 -18.4010 -1.8684 6.1518 -18.5998 0.0699 0.2000 0.4314 0.3922 0.1961 21.1301 2.0000 
1990 1991 16 -1.8684 6.1518 -18.5998 -1.8964 6.1490 -18.7978 0.0699 0.2000 0.4314 0.3922 0.1961 21.3176 2.0000 
1991 1992 16 -1.8964 6.1490 -18.7978 -1.9248 6.1509 -18.9958 0.0699 0.2000 0.4314 0.3922 0.1961 21.5074 2.0000 
1992 1993 16 -1.9248 6.1509 -18.9958 -1.9576 6.1638 -19.1927 0.0699 0.2000 0.4314 0.3922 0.1961 21.6998 2.0000 
1993 1994 16 -1.9576 6.1638 -19.1927 -1.9996 6.1773 -19.3877 0.0699 0.2000 0.4314 0.3922 0.1961 21.8947 2.0000 
1994 1995 16 -1.9996 6.1773 -19.3877 -2.0427 6.1846 -19.5829 0.0699 0.2000 0.4314 0.3922 0.1961 22.0922 2.0000 
1995 1996 16 -2.0427 6.1846 -19.5829 -2.0656 6.1992 -19.7811 0.0699 0.2000 0.4314 0.3922 0.1961 22.2924 2.0000 
1996 1997 16 -2.0656 6.1992 -19.7811 -2.0252 6.2082 -19.9767 0.0699 0.2000 0.4314 0.3922 0.1961 22.4955 2.0000 
1997 1998 16 -2.0252 6.2082 -19.9767 -1.9842 6.2164 -20.1723 0.0699 0.2000 0.4314 0.3922 0.1961 22.7013 2.0000 
1998 1999 16 -1.9842 6.2164 -20.1723 -1.9456 6.2233 -20.3684 0.0699 0.2000 0.4314 0.3922 0.1961 22.9102 2.0000 
1999 2000 16 -1.9456 6.2233 -20.3684 -1.9118 6.2986 -20.5506 0.0699 0.2000 0.4314 0.3922 0.1961 23.1220 2.0000 
2000 2001 16 -1.9118 6.2986 -20.5506 -1.8851 6.3562 -20.7403 0.0699 0.2000 0.4314 0.3922 0.1961 23.3369 2.0000 
2001 2002 16 -1.8851 6.3562 -20.7403 -1.9082 6.3744 -20.9381 0.0699 0.2000 0.4314 0.3922 0.1961 23.5551 2.0000 
2002 2003 16 -1.9082 6.3744 -20.9381 -1.9299 6.3908 -21.1362 0.0699 0.2000 0.4314 0.3922 0.1961 23.7765 2.0000 
2003 2004 16 -1.9299 6.3908 -21.1362 -1.9427 6.3915 -21.3358 0.0699 0.2000 0.4314 0.3922 0.1961 24.0014 2.0000 
2004 2005 16 -1.9427 6.3915 -21.3358 -1.9237 6.3923 -21.5349 0.0699 0.2000 0.4314 0.3922 0.1961 24.2298 2.0000 
2005 2006 16 -1.9237 6.3923 -21.5349 -1.9024 6.3943 -21.7338 0.0699 0.2000 0.4314 0.3922 0.1961 24.4617 2.0000 
2006 2007 16 -1.9024 6.3943 -21.7338 -1.8805 6.3748 -21.9316 0.0699 0.2000 0.4314 0.3922 0.1961 24.6975 2.0000 
2007 2008 16 -1.8805 6.3748 -21.9316 -1.8725 6.3914 -22.1308 0.0699 0.2000 0.4314 0.3922 0.1961 24.9370 2.0000 
2008 2009 16 -1.8725 6.3914 -22.1308 -1.8638 6.4074 -22.3300 0.0699 0.2000 0.4314 0.3922 0.1961 25.1806 2.0000 
2009 2010 16 -1.8638 6.4074 -22.3300 -1.8541 6.4259 -22.5289 0.0699 0.2000 0.4314 0.3922 0.1961 25.4283 2.0000 
2010 2011 16 -1.8541 6.4259 -22.5289 -1.8366 6.4214 -22.7281 0.0699 0.2000 0.4314 0.3922 0.1961 25.6803 2.0000 
2011 2012 16 -1.8366 6.4214 -22.7281 -1.8472 6.3633 -22.9191 0.0699 0.2000 0.4314 0.3922 0.1961 25.9366 2.0000 
2012 2013 16 -1.8472 6.3633 -22.9191 -1.8517 6.3048 -23.1103 0.0699 0.2000 0.4314 0.3922 0.1961 26.1976 2.0000 
2013 2014 16 -1.8517 6.3048 -23.1103 -1.8889 6.2299 -23.2920 0.0699 0.2000 0.4314 0.3922 0.1961 26.4632 2.0000 
2014 2015 16 -1.8889 6.2299 -23.2920 -1.9420 6.1262 -23.4546 0.0699 0.2000 0.4314 0.3922 0.1961 26.7338 2.0000 
2015 2016 16 -1.9420 6.1262 -23.4546 -2.0134 6.0705 -23.6329 0.0699 0.2000 0.4314 0.3922 0.1961 27.0095 2.0000 
2016 2017 16 -2.0134 6.0705 -23.6329 -2.0837 6.0210 -23.8135 0.0699 0.2000 0.4314 0.3922 0.1961 27.2905 2.0000 
2017 2018 16 -2.0837 6.0210 -23.8135 -2.0871 5.9331 -23.9931 0.0699 0.2000 0.4314 0.3922 0.1961 27.5770 2.0000 
2018 2019 16 -2.0871 5.9331 -23.9931 -2.1128 5.8408 -24.1686 0.0699 0.2000 0.4314 0.3922 0.1961 27.8692 2.0000 
2019 2020 16 -2.1128 5.8408 -24.1686 -2.1017 5.7788 -24.3585 0.0699 0.2000 0.4314 0.3922 0.1961 28.1673 2.0000 
2020 2021 16 -2.1017 5.7788 -24.3585 -2.0804 5.7167 -24.5474 0.0699 0.2000 0.4314 0.3922 0.1961 28.4717 2.0000 
2021 2022 16 -2.0804 5.7167 -24.5474 -2.0385 5.6834 -24.7401 0.0699 0.2000 0.4314 0.3922 0.1961 28.7825 2.0000 
2022 2023 16 -2.0385 5.6834 -24.7401 -2.0151 5.6421 -24.9344 0.0699 0.2000 0.4314 0.3922 0.1961 29.1001 2.0000 
2023 2024 16 -2.0151 5.6421 -24.9344 -1.9954 5.6070 -25.1303 0.0699 0.2000 0.4314 0.3922 0.1961 29.4247 2.0000 
2024 2025 16 -1.9954 5.6070 -25.1303 -1.9814 5.5716 -25.3266 0.0699 0.2000 0.4314 0.3922 0.1961 29.7567 2.0000 
2025 2026 16 -1.9814 5.5716 -25.3266 -1.9695 5.5530 -25.4687 0.0699 0.1438 0.4314 0.3922 0.1961 30.0000 2.0000 
37 2027 17 0.0199 -0.2494 -9.2920 0.1548 -0.1089 -9.3374 0.0876 0.2000 0.4314 0.3922 0.1961 12.6929 2.0000 
2027 2028 17 0.1548 -0.1089 -9.3374 0.2055 0.0823 -9.3666 0.0876 0.2000 0.4314 0.3922 0.1961 12.7948 2.0000 
2028 2029 17 0.2055 0.0823 -9.3666 0.2462 0.2766 -9.3915 0.0876 0.2000 0.4314 0.3922 0.1961 12.8974 2.0000 
2029 2030 17 0.2462 0.2766 -9.3915 0.2953 0.4697 -9.4088 0.0876 0.2000 0.4314 0.3922 0.1961 13.0007 2.0000 
2030 2031 17 0.2953 0.4697 -9.4088 0.3195 0.6679 -9.4188 0.0876 0.2000 0.4314 0.3922 0.1961 13.1047 2.0000 
2031 2032 17 0.3195 0.6679 -9.4188 0.3493 0.8657 -9.4183 0.0876 0.2000 0.4314 0.3922 0.1961 13.2095 2.0000 
2032 2033 17 0.3493 0.8657 -9.4183 0.3833 1.0626 -9.4103 0.0876 0.2000 0.4314 0.3922 0.1961 13.3151 2.0000 
2033 2034 17 0.3833 1.0626 -9.4103 0.4565 1.2476 -9.3900 0.0876 0.2000 0.4314 0.3922 0.1961 13.4214 2.0000 
2034 2035 17 0.4565 1.2476 -9.3900 0.5209 1.4342 -9.3579 0.0876 0.2000 0.4314 0.3922 0.1961 13.5286 2.0000 
2035 2036 17 0.5209 1.4342 -9.3579 0.5880 1.6102 -9.2904 0.0876 0.2000 0.4314 0.3922 0.1961 13.6365 2.0000 
2036 2037 17 0.5880 1.6102 -9.2904 0.6539 1.7862 -9.2220 0.0876 0.2000 0.4314 0.3922 0.1961 13.7452 2.0000 
2037 2038 17 0.6539 1.7862 -9.2220 0.7194 1.9620 -9.1528 0.0876 0.2000 0.4314 0.3922 0.1961 13.8548 2.0000 
2038 2039 17 0.7194 1.9620 -9.1528 0.7852 2.1381 -9.0845 0.0876 0.2000 0.4314 0.3922 0.1961 13.9651 2.0000 
2039 2040 17 0.7852 2.1381 -9.0845 0.8350 2.3200 -9.0179 0.0876 0.2000 0.4314 0.3922 0.1961 14.0764 2.0000 
2040 2041 17 0.8350 2.3200 -9.0179 0.9078 2.4920 -8.9466 0.0876 0.2000 0.4314 0.3922 0.1961 14.1884 2.0000 
2041 2042 17 0.9078 2.4920 -8.9466 0.9805 2.6648 -8.8766 0.0876 0.2000 0.4314 0.3922 0.1961 14.3014 2.0000 
2042 2043 17 0.9805 2.6648 -8.8766 1.0678 2.8416 -8.8432 0.0876 0.2000 0.4314 0.3922 0.1961 14.4152 2.0000 
2043 2044 17 1.0678 2.8416 -8.8432 1.2221 2.9688 -8.8396 0.0876 0.2000 0.4314 0.3922 0.1961 14.5300 2.0000 
2044 2045 17 1.2221 2.9688 -8.8396 1.3743 3.0985 -8.8367 0.0876 0.2000 0.4314 0.3922 0.1961 14.6456 2.0000 
2045 2046 17 1.3743 3.0985 -8.8367 1.5343 3.2160 -8.8612 0.0876 0.2000 0.4314 0.3922 0.1961 14.7622 2.0000 
2046 2047 17 1.5343 3.2160 -8.8612 1.6962 3.3303 -8.8885 0.0876 0.2000 0.4314 0.3922 0.1961 14.8797 2.0000 
2047 2048 17 1.6962 3.3303 -8.8885 1.8595 3.4425 -8.9151 0.0876 0.2000 0.4314 0.3922 0.1961 14.9982 2.0000 
2048 2049 17 1.8595 3.4425 -8.9151 2.0274 3.5447 -8.9522 0.0876 0.2000 0.4314 0.3922 0.1961 15.1177 2.0000 
2049 2050 17 2.0274 3.5447 -8.9522 2.1720 3.6732 -9.0030 0.0876 0.2000 0.4314 0.3922 0.1961 15.2381 2.0000 
2050 2051 17 2.1720 3.6732 -9.0030 2.2940 3.8253 -9.0476 0.0876 0.2000 0.4314 0.3922 0.1961 15.3596 2.0000 
2051 2052 17 2.2940 3.8253 -9.0476 2.4205 3.9772 -9.0778 0.0876 0.2000 0.4314 0.3922 0.1961 15.4821 2.0000 
2052 2053 17 2.4205 3.9772 -9.0778 2.5470 4.1241 -9.1272 0.0876 0.2000 0.4314 0.3922 0.1961 15.6056 2.0000 
2053 2054 17 2.5470 4.1241 -9.1272 2.6776 4.2640 -9.1852 0.0876 0.2000 0.4314 0.3922 0.1961 15.7302 2.0000 
2054 2055 17 2.6776 4.2640 -9.1852 2.8169 4.4030 -9.2205 0.0876 0.2000 0.4314 0.3922 0.1961 15.8558 2.0000 
2055 2056 17 2.8169 4.4030 -9.2205 2.9561 4.5445 -9.2449 0.0876 0.2000 0.4314 0.3922 0.1961 15.9826 2.0000 
2056 2057 17 2.9561 4.5445 -9.2449 3.0997 4.6763 -9.2900 0.0876 0.2000 0.4314 0.3922 0.1961 16.1105 2.0000 
2057 2058 17 3.0997 4.6763 -9.2900 3.2377 4.8183 -9.3178 0.0876 0.2000 0.4314 0.3922 0.1961 16.2395 2.0000 
2058 2059 17 3.2377 4.8183 -9.3178 3.3971 4.9302 -9.3634 0.0876 0.2000 0.4314 0.3922 0.1961 16.3697 2.0000 
2059 2060 17 3.3971 4.9302 -9.3634 3.5441 5.0566 -9.4124 0.0876 0.2000 0.4314 0.3922 0.1961 16.5010 2.0000 
2060 2061 17 3.5441 5.0566 -9.4124 3.6743 5.2024 -9.4549 0.0876 0.2000 0.4314 0.3922 0.1961 16.6335 2.0000 
2061 2062 17 3.6743 5.2024 -9.4549 3.7759 5.3665 -9.5075 0.0876 0.2000 0.4314 0.3922 0.1961 16.7673 2.0000 
2062 2063 17 3.7759 5.3665 -9.5075 3.8653 5.5402 -9.5500 0.0876 0.2000 0.4314 0.3922 0.1961 16.9023 2.0000 
2063 2064 17 3.8653 5.5402 -9.5500 3.9932 5.6863 -9.5980 0.0876 0.2000 0.4314 0.3922 0.1961 17.0386 2.0000 
2064 2065 17 3.9932 5.6863 -9.5980 4.1320 5.8251 -9.6364 0.0876 0.2000 0.4314 0.3922 0.1961 17.1761 2.0000 
2065 2066 17 4.1320 5.8251 -9.6364 4.2822 5.9290 -9.7180 0.0876 0.2000 0.4314 0.3922 0.1961 17.3150 2.0000 
2066 2067 17 4.2822 5.9290 -9.7180 4.4487 6.0003 -9.8028 0.0876 0.2000 0.4314 0.3922 0.1961 17.4552 2.0000 
2067 2068 17 4.4487 6.0003 -9.8028 4.6031 6.0501 -9.9197 0.0876 0.2000 0.4314 0.3922 0.1961 17.5968 2.0000 
2068 2069 17 4.6031 6.0501 -9.9197 4.7494 6.1203 -10.0367 0.0876 0.2000 0.4314 0.3922 0.1961 17.7398 2.0000 
2069 2070 17 4.7494 6.1203 -10.0367 4.9063 6.1352 -10.1598 0.0876 0.2000 0.4314 0.3922 0.1961 17.8842 2.0000 
2070 2071 17 4.9063 6.1352 -10.1598 5.0731 6.1358 -10.2701 0.0876 0.2000 0.4314 0.3922 0.1961 18.0301 2.0000 
2071 2072 17 5.0731 6.1358 -10.2701 5.2309 6.1559 -10.3914 0.0876 0.2000 0.4314 0.3922 0.1961 18.1774 2.0000 
2072 2073 17 5.2309 6.1559 -10.3914 5.3828 6.1254 -10.5178 0.0876 0.2000 0.4314 0.3922 0.1961 18.3263 2.0000 
2073 2074 17 5.3828 6.1254 -10.5178 5.5602 6.1074 -10.6085 0.0876 0.2000 0.4314 0.3922 0.1961 18.4766 2.0000 
2074 2075 17 5.5602 6.1074 -10.6085 5.7302 6.0781 -10.7096 0.0876 0.2000 0.4314 0.3922 0.1961 18.6286 2.0000 
2075 2076 17 5.7302 6.0781 -10.7096 5.9141 6.0640 -10.7870 0.0876 0.2000 0.4314 0.3922 0.1961 18.7822 2.0000 
2076 2077 17 5.9141 6.0640 -10.7870 6.1017 6.0720 -10.8558 0.0876 0.2000 0.4314 0.3922 0.1961 18.9374 2.0000 
2077 2078 17 6.1017 6.0720 -10.8558 6.2781 6.0575 -10.9491 0.0876 0.2000 0.4314 0.3922 0.1961 19.0943 2.0000 
2078 2079 17 6.2781 6.0575 -10.9491 6.4618 6.0178 -11.0172 0.0876 0.2000 0.4314 0.3922 0.1961 19.2529 2.0000 
2079 2080 17 6.4618 6.0178 -11.0172 6.6386 5.9772 -11.1016 0.0876 0.2000 0.4314 0.3922 0.1961 19.4132 2.0000 
2080 2081 17 6.6386 5.9772 -11.1016 6.8180 5.9388 -11.1813 0.0876 0.2000 0.4314 0.3922 0.1961 19.5754 2.0000 
2081 2082 17 6.8180 5.9388 -11.1813 6.9958 5.9039 -11.2658 0.0876 0.2000 0.4314 0.3922 0.1961 19.7393 2.0000 
2082 2083 17 6.9958 5.9039 -11.2658 7.1645 5.8584 -11.3632 0.0876 0.2000 0.4314 0.3922 0.1961 19.9052 2.0000 
2083 2084 17 7.1645 5.8584 -11.3632 7.3071 5.7949 -11.4882 0.0876 0.2000 0.4314 0.3922 0.1961 20.0729 2.0000 
2084 2085 17 7.3071 5.7949 -11.4882 7.4202 5.7628 -11.6500 0.0876 0.2000 0.4314 0.3922 0.1961 20.2426 2.0000 
2085 2086 17 7.4202 5.7628 -11.6500 7.5278 5.7313 -11.8156 0.0876 0.2000 0.4314 0.3922 0.1961 20.4144 2.0000 
2086 2087 17 7.5278 5.7313 -11.8156 7.6260 5.6691 -11.9784 0.0876 0.2000 0.4314 0.3922 0.1961 20.5882 2.0000 
2087 2088 17 7.6260 5.6691 -11.9784 7.7172 5.5957 -12.1405 0.0876 0.2000 0.4314 0.3922 0.1961 20.7640 2.0000 
2088 2089 17 7.7172 5.5957 -12.1405 7.8205 5.5154 -12.2918 0.0876 0.2000 0.4314 0.3922 0.1961 20.9421 2.0000 
2089 2090 17 7.8205 5.5154 -12.2918 7.9476 5.4791 -12.4419 0.0876 0.2000 0.4314 0.3922 0.1961 21.1223 2.0000 
2090 2091 17 7.9476 5.4791 -12.4419 8.0397 5.4418 -12.6155 0.0876 0.2000 0.4314 0.3922 0.1961 21.3049 2.0000 
2091 2092 17 8.0397 5.4418 -12.6155 8.1218 5.3912 -12.7906 0.0876 0.2000 0.4314 0.3922 0.1961 21.4897 2.0000 
2092 2093 17 8.1218 5.3912 -12.7906 8.2366 5.3259 -12.9409 0.0876 0.2000 0.4314 0.3922 0.1961 21.6769 2.0000 
2093 2094 17 8.2366 5.3259 -12.9409 8.3336 5.3002 -13.1139 0.0876 0.2000 0.4314 0.3922 0.1961 21.8666 2.0000 
2094 2095 17 8.3336 5.3002 -13.1139 8.3761 5.2788 -13.3081 0.0876 0.2000 0.4314 0.3922 0.1961 22.0588 2.0000 
2095 2096 17 8.3761 5.2788 -13.3081 8.4067 5.2381 -13.5015 0.0876 0.2000 0.4314 0.3922 0.1961 22.2535 2.0000 
2096 2097 17 8.4067 5.2381 -13.5015 8.4362 5.2197 -13.6985 0.0876 0.2000 0.4314 0.3922 0.1961 22.4509 2.0000 
2097 2098 17 8.4362 5.2197 -13.6985 8.4340 5.1577 -13.8886 0.0876 0.2000 0.4314 0.3922 0.1961 22.6511 2.0000 
2098 2099 17 8.4340 5.1577 -13.8886 8.4308 5.0965 -14.0790 0.0876 0.2000 0.4314 0.3922 0.1961 22.8540 2.0000 
2099 2100 17 8.4308 5.0965 -14.0790 8.4187 5.0239 -14.2650 0.0876 0.2000 0.4314 0.3922 0.1961 23.0598 2.0000 
2100 2101 17 8.4187 5.0239 -14.2650 8.4406 4.9781 -14.4584 0.0876 0.2000 0.4314 0.3922 0.1961 23.2685 2.0000 
2101 2102 17 8.4406 4.9781 -14.4584 8.4765 4.9326 -14.6498 0.0876 0.2000 0.4314 0.3922 0.1961 23.4803 2.0000 
2102 2103 17 8.4765 4.9326 -14.6498 8.5154 4.8914 -14.8416 0.0876 0.2000 0.4314 0.3922 0.1961 23.6953 2.0000 
2103 2104 17 8.5154 4.8914 -14.8416 8.5391 4.8815 -15.0400 0.0876 0.2000 0.4314 0.3922 0.1961 23.9134 2.0000 
2104 2105 17 8.5391 4.8815 -15.0400 8.5662 4.8753 -15.2380 0.0876 0.2000 0.4314 0.3922 0.1961 24.1349 2.0000 
2105 2106 17 8.5662 4.8753 -15.2380 8.5932 4.8686 -15.4361 0.0876 0.2000 0.4314 0.3922 0.1961 24.3599 2.0000 
2106 2107 17 8.5932 4.8686 -15.4361 8.6125 4.8575 -15.6348 0.0876 0.2000 0.4314 0.3922 0.1961 24.5883 2.0000 
2107 2108 17 8.6125 4.8575 -15.6348 8.6377 4.8433 -15.8328 0.0876 0.2000 0.4314 0.3922 0.1961 24.8204 2.0000 
2108 2109 17 8.6377 4.8433 -15.8328 8.6765 4.8092 -16.0260 0.0876 0.2000 0.4314 0.3922 0.1961 25.0563 2.0000 
2109 2110 17 8.6765 4.8092 -16.0260 8.7196 4.7643 -16.2160 0.0876 0.2000 0.4314 0.3922 0.1961 25.2961 2.0000 
2110 2111 17 8.7196 4.7643 -16.2160 8.7627 4.7187 -16.4059 0.0876 0.2000 0.4314 0.3922 0.1961 25.5399 2.0000 
2111 2112 17 8.7627 4.7187 -16.4059 8.8252 4.6754 -16.5909 0.0876 0.2000 0.4314 0.3922 0.1961 25.7879 2.0000 
2112 2113 17 8.8252 4.6754 -16.5909 8.8858 4.6359 -16.7774 0.0876 0.2000 0.4314 0.3922 0.1961 26.0401 2.0000 
2113 2114 17 8.8858 4.6359 -16.7774 8.9638 4.6002 -16.9581 0.0876 0.2000 0.4314 0.3922 0.1961 26.2969 2.0000 
2114 2115 17 8.9638 4.6002 -16.9581 9.0617 4.5623 -17.1283 0.0876 0.2000 0.4314 0.3922 0.1961 26.5582 2.0000 
2115 2116 17 9.0617 4.5623 -17.1283 9.1147 4.5304 -17.3185 0.0876 0.2000 0.4314 0.3922 0.1961 26.8244 2.0000 
2116 2117 17 9.1147 4.5304 -17.3185 9.1699 4.4886 -17.5061 0.0876 0.2000 0.4314 0.3922 0.1961 27.0955 2.0000 
2117 2118 17 9.1699 4.4886 -17.5061 9.2068 4.4438 -17.6975 0.0876 0.2000 0.4314 0.3922 0.1961 27.3718 2.0000 
2118 2119 17 9.2068 4.4438 -17.6975 9.2617 4.4262 -17.8890 0.0876 0.2000 0.4314 0.3922 0.1961 27.6534 2.0000 
2119 2120 17 9.2617 4.4262 -17.8890 9.3378 4.4382 -18.0736 0.0876 0.2000 0.4314 0.3922 0.1961 27.9406 2.0000 
2120 2121 17 9.3378 4.4382 -18.0736 9.4028 4.4456 -18.2626 0.0876 0.2000 0.4314 0.3922 0.1961 28.2336 2.0000 
2121 2122 17 9.4028 4.4456 -18.2626 9.4335 4.4437 -18.4602 0.0876 0.2000 0.4314 0.3922 0.1961 28.5326 2.0000 
2122 2123 17 9.4335 4.4437 -18.4602 9.5036 4.3841 -18.6378 0.0876 0.2000 0.4314 0.3922 0.1961 28.8379 2.0000 
2123 2124 17 9.5036 4.3841 -18.6378 9.5608 4.3317 -18.8221 0.0876 0.2000 0.4314 0.3922 0.1961 29.1498 2.0000 
2124 2125 17 9.5608 4.3317 -18.8221 9.6117 4.2810 -19.0087 0.0876 0.2000 0.4314 0.3922 0.1961 29.4685 2.0000 
2125 2126 17 9.6117 4.2810 -19.0087 9.7044 4.2022 -19.1674 0.0876 0.2000 0.4314 0.3922 0.1961 29.7944 2.0000 
2126 2127 17 9.7044 4.2022 -19.1674 9.7556 4.1343 -19.2576 0.0876 0.1239 0.4314 0.3922 0.1961 30.0000 2.0000 
40 2128 18 0.0116 -0.2935 -9.7065 0.1440 -0.4381 -9.7461 0.0815 0.2000 0.4314 0.3922 0.1961 13.0917 2.0000 
2128 2129 18 0.1440 -0.4381 -9.7461 0.2664 -0.5855 -9.8035 0.0815 0.2000 0.4314 0.3922 0.1961 13.1831 2.0000 
2129 2130 18 0.2664 -0.5855 -9.8035 0.3155 -0.7704 -9.8620 0.0815 0.2000 0.4314 0.3922 0.1961 13.2753 2.0000 
2130 2131 18 0.3155 -0.7704 -9.8620 0.4075 -0.9428 -9.9044 0.0815 0.2000 0.4314 0.3922 0.1961 13.3680 2.0000 
2131 2132 18 0.4075 -0.9428 -9.9044 0.4808 -1.1215 -9.9565 0.0815 0.2000 0.4314 0.3922 0.1961 13.4615 2.0000 
2132 2133 18 0.4808 -1.1215 -9.9565 0.5618 -1.2918 -10.0231 0.0815 0.2000 0.4314 0.3922 0.1961 13.5555 2.0000 
2133 2134 18 0.5618 -1.2918 -10.0231 0.6527 -1.4560 -10.0922 0.0815 0.2000 0.4314 0.3922 0.1961 13.6503 2.0000 
2134 2135 18 0.6527 -1.4560 -10.0922 0.7451 -1.6186 -10.1629 0.0815 0.2000 0.4314 0.3922 0.1961 13.7457 2.0000 
2135 2136 18 0.7451 -1.6186 -10.1629 0.8599 -1.7396 -10.2733 0.0815 0.2000 0.4314 0.3922 0.1961 13.8419 2.0000 
2136 2137 18 0.8599 -1.7396 -10.2733 0.9826 -1.8373 -10.3974 0.0815 0.2000 0.4314 0.3922 0.1961 13.9387 2.0000 
2137 2138 18 0.9826 -1.8373 -10.3974 1.1068 -1.9212 -10.5298 0.0815 0.2000 0.4314 0.3922 0.1961 14.0363 2.0000 
2138 2139 18 1.1068 -1.9212 -10.5298 1.2204 -2.0057 -10.6710 0.0815 0.2000 0.4314 0.3922 0.1961 14.1345 2.0000 
2139 2140 18 1.2204 -2.0057 -10.6710 1.3345 -2.0872 -10.8136 0.0815 0.2000 0.4314 0.3922 0.1961 14.2336 2.0000 
2140 2141 18 1.3345 -2.0872 -10.8136 1.4475 -2.1778 -10.9516 0.0815 0.2000 0.4314 0.3922 0.1961 14.3333 2.0000 
2141 2142 18 1.4475 -2.1778 -10.9516 1.5823 -2.2602 -11.0743 0.0815 0.2000 0.4314 0.3922 0.1961 14.4338 2.0000 
2142 2143 18 1.5823 -2.2602 -11.0743 1.6985 -2.3870 -11.1763 0.0815 0.2000 0.4314 0.3922 0.1961 14.5351 2.0000 
2143 2144 18 1.6985 -2.3870 -11.1763 1.8131 -2.5098 -11.2848 0.0815 0.2000 0.4314 0.3922 0.1961 14.6371 2.0000 
2144 2145 18 1.8131 -2.5098 -11.2848 1.9291 -2.6256 -11.3995 0.0815 0.2000 0.4314 0.3922 0.1961 14.7400 2.0000 
2145 2146 18 1.9291 -2.6256 -11.3995 2.0702 -2.7030 -11.5182 0.0815 0.2000 0.4314 0.3922 0.1961 14.8437 2.0000 
2146 2147 18 2.0702 -2.7030 -11.5182 2.2159 -2.7606 -11.6425 0.0815 0.2000 0.4314 0.3922 0.1961 14.9481 2.0000 
2147 2148 18 2.2159 -2.7606 -11.6425 2.3608 -2.8180 -11.7679 0.0815 0.2000 0.4314 0.3922 0.1961 15.0534 2.0000 
2148 2149 18 2.3608 -2.8180 -11.7679 2.5048 -2.8915 -11.8855 0.0815 0.2000 0.4314 0.3922 0.1961 15.1596 2.0000 
2149 2150 18 2.5048 -2.8915 -11.8855 2.6579 -3.0002 -11.9544 0.0815 0.2000 0.4314 0.3922 0.1961 15.2666 2.0000 
2150 2151 18 2.6579 -3.0002 -11.9544 2.8128 -3.1129 -12.0120 0.0815 0.2000 0.4314 0.3922 0.1961 15.3744 2.0000 
2151 2152 18 2.8128 -3.1129 -12.0120 2.9653 -3.2286 -12.0699 0.0815 0.2000 0.4314 0.3922 0.1961 15.4832 2.0000 
2152 2153 18 2.9653 -3.2286 -12.0699 3.1190 -3.3447 -12.1237 0.0815 0.2000 0.4314 0.3922 0.1961 15.5929 2.0000 
2153 2154 18 3.1190 -3.3447 -12.1237 3.2882 -3.4484 -12.1486 0.0815 0.2000 0.4314 0.3922 0.1961 15.7034 2.0000 
2154 2155 18 3.2882 -3.4484 -12.1486 3.4778 -3.4980 -12.1884 0.0815 0.2000 0.4314 0.3922 0.1961 15.8149 2.0000 
2155 2156 18 3.4778 -3.4980 -12.1884 3.6685 -3.5403 -12.2314 0.0815 0.2000 0.4314 0.3922 0.1961 15.9274 2.0000 
2156 2157 18 3.6685 -3.5403 -12.2314 3.8533 -3.5949 -12.2849 0.0815 0.2000 0.4314 0.3922 0.1961 16.0408 2.0000 
2157 2158 18 3.8533 -3.5949 -12.2849 4.0387 -3.6240 -12.3541 0.0815 0.2000 0.4314 0.3922 0.1961 16.1552 2.0000 
2158 2159 18 4.0387 -3.6240 -12.3541 4.2250 -3.6399 -12.4250 0.0815 0.2000 0.4314 0.3922 0.1961 16.2706 2.0000 
2159 2160 18 4.2250 -3.6399 -12.4250 4.4105 -3.6387 -12.4999 0.0815 0.2000 0.4314 0.3922 0.1961 16.3870 2.0000 
2160 2161 18 4.4105 -3.6387 -12.4999 4.6088 -3.6157 -12.5127 0.0815 0.2000 0.4314 0.3922 0.1961 16.5044 2.0000 
2161 2162 18 4.6088 -3.6157 -12.5127 4.8077 -3.5967 -12.5211 0.0815 0.2000 0.4314 0.3922 0.1961 16.6229 2.0000 
2162 2163 18 4.8077 -3.5967 -12.5211 5.0049 -3.5679 -12.5375 0.0815 0.2000 0.4314 0.3922 0.1961 16.7424 2.0000 
2163 2164 18 5.0049 -3.5679 -12.5375 5.2022 -3.5565 -12.5684 0.0815 0.2000 0.4314 0.3922 0.1961 16.8631 2.0000 
2164 2165 18 5.2022 -3.5565 -12.5684 5.3989 -3.5440 -12.6020 0.0815 0.2000 0.4314 0.3922 0.1961 16.9848 2.0000 
2165 2166 18 5.3989 -3.5440 -12.6020 5.5863 -3.4852 -12.6401 0.0815 0.2000 0.4314 0.3922 0.1961 17.1077 2.0000 
2166 2167 18 5.5863 -3.4852 -12.6401 5.7644 -3.4135 -12.6961 0.0815 0.2000 0.4314 0.3922 0.1961 17.2317 2.0000 
2167 2168 18 5.7644 -3.4135 -12.6961 5.9501 -3.3773 -12.7609 0.0815 0.2000 0.4314 0.3922 0.1961 17.3569 2.0000 
2168 2169 18 5.9501 -3.3773 -12.7609 6.1326 -3.3874 -12.8421 0.0815 0.2000 0.4314 0.3922 0.1961 17.4833 2.0000 
2169 2170 18 6.1326 -3.3874 -12.8421 6.3080 -3.4043 -12.9368 0.0815 0.2000 0.4314 0.3922 0.1961 17.6109 2.0000 
2170 2171 18 6.3080 -3.4043 -12.9368 6.4840 -3.4201 -13.0305 0.0815 0.2000 0.4314 0.3922 0.1961 17.7397 2.0000 
2171 2172 18 6.4840 -3.4201 -13.0305 6.6512 -3.4379 -13.1387 0.0815 0.2000 0.4314 0.3922 0.1961 17.8699 2.0000 
2172 2173 18 6.6512 -3.4379 -13.1387 6.8303 -3.4440 -13.2274 0.0815 0.2000 0.4314 0.3922 0.1961 18.0013 2.0000 
2173 2174 18 6.8303 -3.4440 -13.2274 7.0079 -3.4428 -13.3193 0.0815 0.2000 0.4314 0.3922 0.1961 18.1340 2.0000 
2174 2175 18 7.0079 -3.4428 -13.3193 7.1855 -3.4371 -13.4113 0.0815 0.2000 0.4314 0.3922 0.1961 18.2680 2.0000 
2175 2176 18 7.1855 -3.4371 -13.4113 7.3483 -3.4141 -13.5250 0.0815 0.2000 0.4314 0.3922 0.1961 18.4035 2.0000 
2176 2177 18 7.3483 -3.4141 -13.5250 7.5002 -3.4107 -13.6551 0.0815 0.2000 0.4314 0.3922 0.1961 18.5403 2.0000 
2177 2178 18 7.5002 -3.4107 -13.6551 7.6679 -3.4423 -13.7594 0.0815 0.2000 0.4314 0.3922 0.1961 18.6786 2.0000 
2178 2179 18 7.6679 -3.4423 -13.7594 7.8368 -3.4722 -13.8623 0.0815 0.2000 0.4314 0.3922 0.1961 18.8183 2.0000 
2179 2180 18 7.8368 -3.4722 -13.8623 8.0094 -3.4811 -13.9630 0.0815 0.2000 0.4314 0.3922 0.1961 18.9595 2.0000 
2180 2181 18 8.0094 -3.4811 -13.9630 8.1742 -3.5434 -14.0576 0.0815 0.2000 0.4314 0.3922 0.1961 19.1022 2.0000 
2181 2182 18 8.1742 -3.5434 -14.0576 8.3499 -3.5314 -14.1525 0.0815 0.2000 0.4314 0.3922 0.1961 19.2465 2.0000 
2182 2183 18 8.3499 -3.5314 -14.1525 8.5179 -3.5067 -14.2581 0.0815 0.2000 0.4314 0.3922 0.1961 19.3923 2.0000 
2183 2184 18 8.5179 -3.5067 -14.2581 8.6680 -3.5021 -14.3902 0.0815 0.2000 0.4314 0.3922 0.1961 19.5398 2.0000 
2184 2185 18 8.6680 -3.5021 -14.3902 8.8187 -3.4882 -14.5210 0.0815 0.2000 0.4314 0.3922 0.1961 19.6890 2.0000 
2185 2186 18 8.8187 -3.4882 -14.5210 8.9508 -3.4964 -14.6709 0.0815 0.2000 0.4314 0.3922 0.1961 19.8398 2.0000 
2186 2187 18 8.9508 -3.4964 -14.6709 9.0861 -3.5051 -14.8179 0.0815 0.2000 0.4314 0.3922 0.1961 19.9924 2.0000 
2187 2188 18 9.0861 -3.5051 -14.8179 9.2425 -3.5295 -14.9402 0.0815 0.2000 0.4314 0.3922 0.1961 20.1468 2.0000 
2188 2189 18 9.2425 -3.5295 -14.9402 9.3982 -3.5483 -15.0642 0.0815 0.2000 0.4314 0.3922 0.1961 20.3030 2.0000 
2189 2190 18 9.3982 -3.5483 -15.0642 9.5438 -3.5824 -15.1971 0.0815 0.2000 0.4314 0.3922 0.1961 20.4610 2.0000 
2190 2191 18 9.5438 -3.5824 -15.1971 9.6548 -3.6271 -15.3573 0.0815 0.2000 0.4314 0.3922 0.1961 20.6209 2.0000 
2191 2192 18 9.6548 -3.6271 -15.3573 9.7411 -3.6434 -15.5370 0.0815 0.2000 0.4314 0.3922 0.1961 20.7828 2.0000 
2192 2193 18 9.7411 -3.6434 -15.5370 9.8177 -3.6711 -15.7197 0.0815 0.2000 0.4314 0.3922 0.1961 20.9468 2.0000 
2193 2194 18 9.8177 -3.6711 -15.7197 9.8772 -3.7039 -15.9078 0.0815 0.2000 0.4314 0.3922 0.1961 21.1127 2.0000 
2194 2195 18 9.8772 -3.7039 -15.9078 9.9083 -3.7489 -16.1001 0.0815 0.2000 0.4314 0.3922 0.1961 21.2808 2.0000 
2195 2196 18 9.9083 -3.7489 -16.1001 9.9645 -3.7895 -16.2877 0.0815 0.2000 0.4314 0.3922 0.1961 21.4510 2.0000 
2196 2197 18 9.9645 -3.7895 -16.2877 10.0185 -3.8298 -16.4760 0.0815 0.2000 0.4314 0.3922 0.1961 21.6234 2.0000 
2197 2198 18 10.0185 -3.8298 -16.4760 10.0732 -3.9097 -16.6511 0.0815 0.2000 0.4314 0.3922 0.1961 21.7981 2.0000 
2198 2199 18 10.0732 -3.9097 -16.6511 10.0951 -3.9700 -16.8405 0.0815 0.2000 0.4314 0.3922 0.1961 21.9752 2.0000 
2199 2200 18 10.0951 -3.9700 -16.8405 10.1243 -4.0285 -17.0295 0.0815 0.2000 0.4314 0.3922 0.1961 22.1546 2.0000 
2200 2201 18 10.1243 -4.0285 -17.0295 10.1600 -4.0895 -17.2166 0.0815 0.2000 0.4314 0.3922 0.1961 22.3365 2.0000 
2201 2202 18 10.1600 -4.0895 -17.2166 10.1752 -4.1316 -17.4115 0.0815 0.2000 0.4314 0.3922 0.1961 22.5210 2.0000 
2202 2203 18 10.1752 -4.1316 -17.4115 10.1985 -4.1913 -17.6010 0.0815 0.2000 0.4314 0.3922 0.1961 22.7080 2.0000 
2203 2204 18 10.1985 -4.1913 -17.6010 10.2361 -4.2098 -17.7965 0.0815 0.2000 0.4314 0.3922 0.1961 22.8977 2.0000 
2204 2205 18 10.2361 -4.2098 -17.7965 10.3021 -4.2111 -17.9854 0.0815 0.2000 0.4314 0.3922 0.1961 23.0902 2.0000 
2205 2206 18 10.3021 -4.2111 -17.9854 10.3755 -4.2581 -18.1654 0.0815 0.2000 0.4314 0.3922 0.1961 23.2855 2.0000 
2206 2207 18 10.3755 -4.2581 -18.1654 10.4444 -4.3203 -18.3425 0.0815 0.2000 0.4314 0.3922 0.1961 23.4837 2.0000 
2207 2208 18 10.4444 -4.3203 -18.3425 10.5142 -4.3785 -18.5207 0.0815 0.2000 0.4314 0.3922 0.1961 23.6850 2.0000 
2208 2209 18 10.5142 -4.3785 -18.5207 10.5823 -4.4414 -18.6979 0.0815 0.2000 0.4314 0.3922 0.1961 23.8893 2.0000 
2209 2210 18 10.5823 -4.4414 -18.6979 10.6661 -4.4877 -18.8735 0.0815 0.2000 0.4314 0.3922 0.1961 24.0968 2.0000 
2210 2211 18 10.6661 -4.4877 -18.8735 10.7844 -4.5280 -19.0296 0.0815 0.2000 0.4314 0.3922 0.1961 24.3077 2.0000 
2211 2212 18 10.7844 -4.5280 -19.0296 10.8979 -4.6046 -19.1754 0.0815 0.2000 0.4314 0.3922 0.1961 24.5219 2.0000 
2212 2213 18 10.8979 -4.6046 -19.1754 11.0216 -4.6589 -19.3229 0.0815 0.2000 0.4314 0.3922 0.1961 24.7397 2.0000 
2213 2214 18 11.0216 -4.6589 -19.3229 11.1131 -4.7118 -19.4927 0.0815 0.2000 0.4314 0.3922 0.1961 24.9611 2.0000 
2214 2215 18 11.1131 -4.7118 -19.4927 11.2126 -4.7523 -19.6614 0.0815 0.2000 0.4314 0.3922 0.1961 25.1863 2.0000 
2215 2216 18 11.2126 -4.7523 -19.6614 11.2970 -4.7822 -19.8403 0.0815 0.2000 0.4314 0.3922 0.1961 25.4154 2.0000 
2216 2217 18 11.2970 -4.7822 -19.8403 11.3881 -4.8201 -20.0142 0.0815 0.2000 0.4314 0.3922 0.1961 25.6485 2.0000 
2217 2218 18 11.3881 -4.8201 -20.0142 11.4579 -4.8733 -20.1939 0.0815 0.2000 0.4314 0.3922 0.1961 25.8857 2.0000 
2218 2219 18 11.4579 -4.8733 -20.1939 11.5270 -4.9249 -20.3743 0.0815 0.2000 0.4314 0.3922 0.1961 26.1273 2.0000 
2219 2220 18 11.5270 -4.9249 -20.3743 11.5640 -4.9677 -20.5662 0.0815 0.2000 0.4314 0.3922 0.1961 26.3734 2.0000 
2220 2221 18 11.5640 -4.9677 -20.5662 11.5964 -5.0056 -20.7599 0.0815 0.2000 0.4314 0.3922 0.1961 26.6241 2.0000 
2221 2222 18 11.5964 -5.0056 -20.7599 11.6368 -5.0452 -20.9517 0.0815 0.2000 0.4314 0.3922 0.1961 26.8797 2.0000 
2222 2223 18 11.6368 -5.0452 -20.9517 11.6726 -5.0757 -21.1461 0.0815 0.2000 0.4314 0.3922 0.1961 27.1403 2.0000 
2223 2224 18 11.6726 -5.0757 -21.1461 11.7131 -5.1071 -21.3394 0.0815 0.2000 0.4314 0.3922 0.1961 27.4061 2.0000 
2224 2225 18 11.7131 -5.1071 -21.3394 11.7624 -5.1174 -21.5330 0.0815 0.2000 0.4314 0.3922 0.1961 27.6774 2.0000 
2225 2226 18 11.7624 -5.1174 -21.5330 11.8119 -5.1127 -21.7267 0.0815 0.2000 0.4314 0.3922 0.1961 27.9543 2.0000 
2226 2227 18 11.8119 -5.1127 -21.7267 11.8498 -5.0822 -21.9207 0.0815 0.2000 0.4314 0.3922 0.1961 28.2372 2.0000 
2227 2228 18 11.8498 -5.0822 -21.9207 11.8661 -5.0706 -22.1197 0.0815 0.2000 0.4314 0.3922 0.1961 28.5262 2.0000 
2228 2229 18 11.8661 -5.0706 -22.1197 11.8801 -5.0492 -22.3180 0.0815 0.2000 0.4314 0.3922 0.1961 28.8216 2.0000 
2229 2230 18 11.8801 -5.0492 -22.3180 11.8787 -5.0344 -22.5175 0.0815 0.2000 0.4314 0.3922 0.1961 29.1238 2.0000 
2230 2231 18 11.8787 -5.0344 -22.5175 11.8445 -4.9931 -22.7102 0.0815 0.2000 0.4314 0.3922 0.1961 29.4331 2.0000 
2231 2232 18 11.8445 -4.9931 -22.7102 11.8018 -4.9415 -22.8986 0.0815 0.2000 0.4314 0.3922 0.1961 29.7497 2.0000 
2232 2233 18 11.8018 -4.9415 -22.8986 11.7584 -4.9035 -23.0422 0.0815 0.1548 0.4314 0.3922 0.1961 30.0000 2.0000 
42 2234 19 0.0298 -0.3245 -10.0810 0.1396 -0.4842 -10.1303 0.0610 0.2000 0.4314 0.3922 0.1961 13.4711 2.0000 
2234 2235 19 0.1396 -0.4842 -10.1303 0.2597 -0.6429 -10.1502 0.0610 0.2000 0.4314 0.3922 0.1961 13.5681 2.0000 
2235 2236 19 0.2597 -0.6429 -10.1502 0.3735 -0.8054 -10.1758 0.0610 0.2000 0.4314 0.3922 0.1961 13.6658 2.0000 
2236 2237 19 0.3735 -0.8054 -10.1758 0.5198 -0.9357 -10.2157 0.0610 0.2000 0.4314 0.3922 0.1961 13.7640 2.0000 
2237 2238 19 0.5198 -0.9357 -10.2157 0.6607 -1.0712 -10.2584 0.0610 0.2000 0.4314 0.3922 0.1961 13.8629 2.0000 
2238 2239 19 0.6607 -1.0712 -10.2584 0.8018 -1.2043 -10.3072 0.0610 0.2000 0.4314 0.3922 0.1961 13.9625 2.0000 
2239 2240 19 0.8018 -1.2043 -10.3072 0.9481 -1.3246 -10.3712 0.0610 0.2000 0.4314 0.3922 0.1961 14.0627 2.0000 
2240 2241 19 0.9481 -1.3246 -10.3712 1.0923 -1.4500 -10.4304 0.0610 0.2000 0.4314 0.3922 0.1961 14.1636 2.0000 
2241 2242 19 1.0923 -1.4500 -10.4304 1.2538 -1.5410 -10.5054 0.0610 0.2000 0.4314 0.3922 0.1961 14.2651 2.0000 
2242 2243 19 1.2538 -1.5410 -10.5054 1.4147 -1.6277 -10.5867 0.0610 0.2000 0.4314 0.3922 0.1961 14.3673 2.0000 
2243 2244 19 1.4147 -1.6277 -10.5867 1.5436 -1.7402 -10.6902 0.0610 0.2000 0.4314 0.3922 0.1961 14.4703 2.0000 
2244 2245 19 1.5436 -1.7402 -10.6902 1.6687 -1.8591 -10.7912 0.0610 0.2000 0.4314 0.3922 0.1961 14.5739 2.0000 
2245 2246 19 1.6687 -1.8591 -10.7912 1.7811 -1.9956 -10.8847 0.0610 0.2000 0.4314 0.3922 0.1961 14.6782 2.0000 
2246 2247 19 1.7811 -1.9956 -10.8847 1.8940 -2.1326 -10.9768 0.0610 0.2000 0.4314 0.3922 0.1961 14.7833 2.0000 
2247 2248 19 1.8940 -2.1326 -10.9768 1.9908 -2.2750 -11.0786 0.0610 0.2000 0.4314 0.3922 0.1961 14.8891 2.0000 
2248 2249 19 1.9908 -2.2750 -11.0786 2.0912 -2.4249 -11.1648 0.0610 0.2000 0.4314 0.3922 0.1961 14.9956 2.0000 
2249 2250 19 2.0912 -2.4249 -11.1648 2.1729 -2.5513 -11.2966 0.0610 0.2000 0.4314 0.3922 0.1961 15.1029 2.0000 
2250 2251 19 2.1729 -2.5513 -11.2966 2.2048 -2.6703 -11.4541 0.0610 0.2000 0.4314 0.3922 0.1961 15.2110 2.0000 
2251 2252 19 2.2048 -2.6703 -11.4541 2.2403 -2.7933 -11.6078 0.0610 0.2000 0.4314 0.3922 0.1961 15.3198 2.0000 
2252 2253 19 2.2403 -2.7933 -11.6078 2.2631 -2.9283 -11.7536 0.0610 0.2000 0.4314 0.3922 0.1961 15.4294 2.0000 
2253 2254 19 2.2631 -2.9283 -11.7536 2.2907 -3.0662 -11.8958 0.0610 0.2000 0.4314 0.3922 0.1961 15.5398 2.0000 
2254 2255 19 2.2907 -3.0662 -11.8958 2.3118 -3.1728 -12.0636 0.0610 0.2000 0.4314 0.3922 0.1961 15.6510 2.0000 
2255 2256 19 2.3118 -3.1728 -12.0636 2.3739 -3.2756 -12.2235 0.0610 0.2000 0.4314 0.3922 0.1961 15.7631 2.0000 
2256 2257 19 2.3739 -3.2756 -12.2235 2.4427 -3.3370 -12.4010 0.0610 0.2000 0.4314 0.3922 0.1961 15.8760 2.0000 
2257 2258 19 2.4427 -3.3370 -12.4010 2.4943 -3.3707 -12.5913 0.0610 0.2000 0.4314 0.3922 0.1961 15.9897 2.0000 
2258 2259 19 2.4943 -3.3707 -12.5913 2.5225 -3.4278 -12.7809 0.0610 0.2000 0.4314 0.3922 0.1961 16.1043 2.0000 
2259 2260 19 2.5225 -3.4278 -12.7809 2.5434 -3.4801 -12.9728 0.0610 0.2000 0.4314 0.3922 0.1961 16.2197 2.0000 
2260 2261 19 2.5434 -3.4801 -12.9728 2.5554 -3.5493 -13.1600 0.0610 0.2000 0.4314 0.3922 0.1961 16.3360 2.0000 
2261 2262 19 2.5554 -3.5493 -13.1600 2.5827 -3.6181 -13.3458 0.0610 0.2000 0.4314 0.3922 0.1961 16.4533 2.0000 
2262 2263 19 2.5827 -3.6181 -13.3458 2.5911 -3.7248 -13.5148 0.0610 0.2000 0.4314 0.3922 0.1961 16.5714 2.0000 
2263 2264 19 2.5911 -3.7248 -13.5148 2.6014 -3.8239 -13.6882 0.0610 0.2000 0.4314 0.3922 0.1961 16.6905 2.0000 
2264 2265 19 2.6014 -3.8239 -13.6882 2.6108 -3.9302 -13.8574 0.0610 0.2000 0.4314 0.3922 0.1961 16.8105 2.0000 
2265 2266 19 2.6108 -3.9302 -13.8574 2.5964 -4.0204 -14.0353 0.0610 0.2000 0.4314 0.3922 0.1961 16.9315 2.0000 
2266 2267 19 2.5964 -4.0204 -14.0353 2.6090 -4.1051 -14.2160 0.0610 0.2000 0.4314 0.3922 0.1961 17.0534 2.0000 
2267 2268 19 2.6090 -4.1051 -14.2160 2.6266 -4.2140 -14.3829 0.0610 0.2000 0.4314 0.3922 0.1961 17.1763 2.0000 
2268 2269 19 2.6266 -4.2140 -14.3829 2.6651 -4.3359 -14.5367 0.0610 0.2000 0.4314 0.3922 0.1961 17.3003 2.0000 
2269 2270 19 2.6651 -4.3359 -14.5367 2.7056 -4.4525 -14.6941 0.0610 0.2000 0.4314 0.3922 0.1961 17.4252 2.0000 
2270 2271 19 2.7056 -4.4525 -14.6941 2.7712 -4.5696 -14.8423 0.0610 0.2000 0.4314 0.3922 0.1961 17.5512 2.0000 
2271 2272 19 2.7712 -4.5696 -14.8423 2.8403 -4.6840 -14.9911 0.0610 0.2000 0.4314 0.3922 0.1961 17.6783 2.0000 
2272 2273 19 2.8403 -4.6840 -14.9911 2.8835 -4.8165 -15.1345 0.0610 0.2000 0.4314 0.3922 0.1961 17.8064 2.0000 
2273 2274 19 2.8835 -4.8165 -15.1345 2.8939 -4.9424 -15.2896 0.0610 0.2000 0.4314 0.3922 0.1961 17.9356 2.0000 
2274 2275 19 2.8939 -4.9424 -15.2896 2.9089 -5.0651 -15.4468 0.0610 0.2000 0.4314 0.3922 0.1961 18.0659 2.0000 
2275 2276 19 2.9089 -5.0651 -15.4468 2.9248 -5.1887 -15.6033 0.0610 0.2000 0.4314 0.3922 0.1961 18.1973 2.0000 
2276 2277 19 2.9248 -5.1887 -15.6033 2.9906 -5.3232 -15.7359 0.0610 0.2000 0.4314 0.3922 0.1961 18.3299 2.0000 
2277 2278 19 2.9906 -5.3232 -15.7359 3.0427 -5.4586 -15.8735 0.0610 0.2000 0.4314 0.3922 0.1961 18.4637 2.0000 
2278 2279 19 3.0427 -5.4586 -15.8735 3.1560 -5.5360 -16.0190 0.0610 0.2000 0.4314 0.3922 0.1961 18.5986 2.0000 
2279 2280 19 3.1560 -5.5360 -16.0190 3.2923 -5.5978 -16.1517 0.0610 0.2000 0.4314 0.3922 0.1961 18.7348 2.0000 
2280 2281 19 3.2923 -5.5978 -16.1517 3.4243 -5.6305 -16.2983 0.0610 0.2000 0.4314 0.3922 0.1961 18.8722 2.0000 
2281 2282 19 3.4243 -5.6305 -16.2983 3.5252 -5.6612 -16.4683 0.0610 0.2000 0.4314 0.3922 0.1961 19.0108 2.0000 
2282 2283 19 3.5252 -5.6612 -16.4683 3.6134 -5.7073 -16.6418 0.0610 0.2000 0.4314 0.3922 0.1961 19.1508 2.0000 
2283 2284 19 3.6134 -5.7073 -16.6418 3.6788 -5.7455 -16.8269 0.0610 0.2000 0.4314 0.3922 0.1961 19.2920 2.0000 
2284 2285 19 3.6788 -5.7455 -16.8269 3.7441 -5.8018 -17.0073 0.0610 0.2000 0.4314 0.3922 0.1961 19.4346 2.0000 
2285 2286 19 3.7441 -5.8018 -17.0073 3.8219 -5.8673 -17.1795 0.0610 0.2000 0.4314 0.3922 0.1961 19.5785 2.0000 
2286 2287 19 3.8219 -5.8673 -17.1795 3.9199 -5.9253 -17.3439 0.0610 0.2000 0.4314 0.3922 0.1961 19.7237 2.0000 
2287 2288 19 3.9199 -5.9253 -17.3439 4.0304 -5.9478 -17.5091 0.0610 0.2000 0.4314 0.3922 0.1961 19.8704 2.0000 
2288 2289 19 4.0304 -5.9478 -17.5091 4.1148 -5.9888 -17.6857 0.0610 0.2000 0.4314 0.3922 0.1961 20.0185 2.0000 
2289 2290 19 4.1148 -5.9888 -17.6857 4.1865 -6.0336 -17.8670 0.0610 0.2000 0.4314 0.3922 0.1961 20.1681 2.0000 
2290 2291 19 4.1865 -6.0336 -17.8670 4.2571 -6.0790 -18.0485 0.0610 0.2000 0.4314 0.3922 0.1961 20.3192 2.0000 
2291 2292 19 4.2571 -6.0790 -18.0485 4.3190 -6.1410 -18.2283 0.0610 0.2000 0.4314 0.3922 0.1961 20.4718 2.0000 
2292 2293 19 4.3190 -6.1410 -18.2283 4.3711 -6.2055 -18.4103 0.0610 0.2000 0.4314 0.3922 0.1961 20.6259 2.0000 
2293 2294 19 4.3711 -6.2055 -18.4103 4.4247 -6.2907 -18.5831 0.0610 0.2000 0.4314 0.3922 0.1961 20.7816 2.0000 
2294 2295 19 4.4247 -6.2907 -18.5831 4.4690 -6.3804 -18.7563 0.0610 0.2000 0.4314 0.3922 0.1961 20.9390 2.0000 
2295 2296 19 4.4690 -6.3804 -18.7563 4.4974 -6.4619 -18.9367 0.0610 0.2000 0.4314 0.3922 0.1961 21.0979 2.0000 
2296 2297 19 4.4974 -6.4619 -18.9367 4.5444 -6.4908 -19.1290 0.0610 0.2000 0.4314 0.3922 0.1961 21.2586 2.0000 
2297 2298 19 4.5444 -6.4908 -19.1290 4.5815 -6.5289 -19.3218 0.0610 0.2000 0.4314 0.3922 0.1961 21.4210 2.0000 
2298 2299 19 4.5815 -6.5289 -19.3218 4.5902 -6.5869 -19.5130 0.0610 0.2000 0.4314 0.3922 0.1961 21.5851 2.0000 
2299 2300 19 4.5902 -6.5869 -19.5130 4.5648 -6.6054 -19.7105 0.0610 0.2000 0.4314 0.3922 0.1961 21.7510 2.0000 
2300 2301 19 4.5648 -6.6054 -19.7105 4.5449 -6.6067 -19.9095 0.0610 0.2000 0.4314 0.3922 0.1961 21.9188 2.0000 
2301 2302 19 4.5449 -6.6067 -19.9095 4.5273 -6.6074 -20.1087 0.0610 0.2000 0.4314 0.3922 0.1961 22.0884 2.0000 
2302 2303 19 4.5273 -6.6074 -20.1087 4.5146 -6.5955 -20.3080 0.0610 0.2000 0.4314 0.3922 0.1961 22.2600 2.0000 
2303 2304 19 4.5146 -6.5955 -20.3080 4.5046 -6.5915 -20.5077 0.0610 0.2000 0.4314 0.3922 0.1961 22.4335 2.0000 
2304 2305 19 4.5046 -6.5915 -20.5077 4.4934 -6.5933 -20.7073 0.0610 0.2000 0.4314 0.3922 0.1961 22.6090 2.0000 
2305 2306 19 4.4934 -6.5933 -20.7073 4.4830 -6.6043 -20.9068 0.0610 0.2000 0.4314 0.3922 0.1961 22.7866 2.0000 
2306 2307 19 4.4830 -6.6043 -20.9068 4.5109 -6.6078 -21.1048 0.0610 0.2000 0.4314 0.3922 0.1961 22.9663 2.0000 
2307 2308 19 4.5109 -6.6078 -21.1048 4.5506 -6.5811 -21.2990 0.0610 0.2000 0.4314 0.3922 0.1961 23.1481 2.0000 
2308 2309 19 4.5506 -6.5811 -21.2990 4.5832 -6.5499 -21.4938 0.0610 0.2000 0.4314 0.3922 0.1961 23.3321 2.0000 
2309 2310 19 4.5832 -6.5499 -21.4938 4.5999 -6.4871 -21.6830 0.0610 0.2000 0.4314 0.3922 0.1961 23.5184 2.0000 
2310 2311 19 4.5999 -6.4871 -21.6830 4.6156 -6.4235 -21.8720 0.0610 0.2000 0.4314 0.3922 0.1961 23.7070 2.0000 
2311 2312 19 4.6156 -6.4235 -21.8720 4.6699 -6.3827 -22.0601 0.0610 0.2000 0.4314 0.3922 0.1961 23.8980 2.0000 
2312 2313 19 4.6699 -6.3827 -22.0601 4.7193 -6.3493 -22.2510 0.0610 0.2000 0.4314 0.3922 0.1961 24.0914 2.0000 
2313 2314 19 4.7193 -6.3493 -22.2510 4.7942 -6.3362 -22.4359 0.0610 0.2000 0.4314 0.3922 0.1961 24.2873 2.0000 
2314 2315 19 4.7942 -6.3362 -22.4359 4.8668 -6.3218 -22.6217 0.0610 0.2000 0.4314 0.3922 0.1961 24.4858 2.0000 
2315 2316 19 4.8668 -6.3218 -22.6217 4.9441 -6.3153 -22.8061 0.0610 0.2000 0.4314 0.3922 0.1961 24.6869 2.0000 
2316 2317 19 4.9441 -6.3153 -22.8061 5.0077 -6.3415 -22.9939 0.0610 0.2000 0.4314 0.3922 0.1961 24.8907 2.0000 
2317 2318 19 5.0077 -6.3415 -22.9939 5.0419 -6.3704 -23.1888 0.0610 0.2000 0.4314 0.3922 0.1961 25.0972 2.0000 
2318 2319 19 5.0419 -6.3704 -23.1888 5.0857 -6.4107 -23.3797 0.0610 0.2000 0.4314 0.3922 0.1961 25.3067 2.0000 
2319 2320 19 5.0857 -6.4107 -23.3797 5.1312 -6.4741 -23.5639 0.0610 0.2000 0.4314 0.3922 0.1961 25.5190 2.0000 
2320 2321 19 5.1312 -6.4741 -23.5639 5.1690 -6.5482 -23.7458 0.0610 0.2000 0.4314 0.3922 0.1961 25.7344 2.0000 
2321 2322 19 5.1690 -6.5482 -23.7458 5.2038 -6.6229 -23.9280 0.0610 0.2000 0.4314 0.3922 0.1961 25.9528 2.0000 
2322 2323 19 5.2038 -6.6229 -23.9280 5.2319 -6.6787 -24.1180 0.0610 0.2000 0.4314 0.3922 0.1961 26.1745 2.0000 
2323 2324 19 5.2319 -6.6787 -24.1180 5.2502 -6.7264 -24.3114 0.0610 0.2000 0.4314 0.3922 0.1961 26.3994 2.0000 
2324 2325 19 5.2502 -6.7264 -24.3114 5.2562 -6.7978 -24.4981 0.0610 0.2000 0.4314 0.3922 0.1961 26.6278 2.0000 
2325 2326 19 5.2562 -6.7978 -24.4981 5.2594 -6.8689 -24.6850 0.0610 0.2000 0.4314 0.3922 0.1961 26.8596 2.0000 
2326 2327 19 5.2594 -6.8689 -24.6850 5.2954 -6.9517 -24.8634 0.0610 0.2000 0.4314 0.3922 0.1961 27.0950 2.0000 
2327 2328 19 5.2954 -6.9517 -24.8634 5.3378 -7.0178 -25.0474 0.0610 0.2000 0.4314 0.3922 0.1961 27.3341 2.0000 
2328 2329 19 5.3378 -7.0178 -25.0474 5.3798 -7.0824 -25.2319 0.0610 0.2000 0.4314 0.3922 0.1961 27.5770 2.0000 
2329 2330 19 5.3798 -7.0824 -25.2319 5.4213 -7.1435 -25.4178 0.0610 0.2000 0.4314 0.3922 0.1961 27.8239 2.0000 
2330 2331 19 5.4213 -7.1435 -25.4178 5.4551 -7.2252 -25.5972 0.0610 0.2000 0.4314 0.3922 0.1961 28.0749 2.0000 
2331 2332 19 5.4551 -7.2252 -25.5972 5.4795 -7.3142 -25.7746 0.0610 0.2000 0.4314 0.3922 0.1961 28.3301 2.0000 
2332 2333 19 5.4795 -7.3142 -25.7746 5.5017 -7.3965 -25.9555 0.0610 0.2000 0.4314 0.3922 0.1961 28.5896 2.0000 
2333 2334 19 5.5017 -7.3965 -25.9555 5.5229 -7.4817 -26.1353 0.0610 0.2000 0.4314 0.3922 0.1961 28.8537 2.0000 
2334 2335 19 5.5229 -7.4817 -26.1353 5.5354 -7.5618 -26.3181 0.0610 0.2000 0.4314 0.3922 0.1961 29.1224 2.0000 
2335 2336 19 5.5354 -7.5618 -26.3181 5.5609 -7.6300 -26.5044 0.0610 0.2000 0.4314 0.3922 0.1961 29.3960 2.0000 
2336 2337 19 5.5609 -7.6300 -26.5044 5.6181 -7.6465 -26.6953 0.0610 0.2000 0.4314 0.3922 0.1961 29.6746 2.0000 
2337 2338 19 5.6181 -7.6465 -26.6953 5.6935 -7.6660 -26.8795 0.0610 0.2000 0.4314 0.3922 0.1961 29.9584 2.0000 
2338 2339 19 5.6935 -7.6660 -26.8795 5.7041 -7.6698 -26.9062 0.0610 0.0290 0.4314 0.3922 0.1961 30.0000 2.0000 
44 2340 20 0.0259 -0.3574 -10.4789 -0.0377 -0.5440 -10.5123 0.0450 0.2000 0.4314 0.3922 0.1961 13.8694 2.0000 
2340 2341 20 -0.0377 -0.5440 -10.5123 -0.0801 -0.7369 -10.5440 0.0450 0.2000 0.4314 0.3922 0.1961 13.9645 2.0000 
2341 2342 20 -0.0801 -0.7369 -10.5440 -0.1491 -0.9246 -10.5412 0.0450 0.2000 0.4314 0.3922 0.1961 14.0603 2.0000 
2342 2343 20 -0.1491 -0.9246 -10.5412 -0.2081 -1.1155 -10.5329 0.0450 0.2000 0.4314 0.3922 0.1961 14.1568 2.0000 
2343 2344 20 -0.2081 -1.1155 -10.5329 -0.2606 -1.3084 -10.5267 0.0450 0.2000 0.4314 0.3922 0.1961 14.2540 2.0000 
2344 2345 20 -0.2606 -1.3084 -10.5267 -0.3085 -1.5026 -10.5273 0.0450 0.2000 0.4314 0.3922 0.1961 14.3519 2.0000 
2345 2346 20 -0.3085 -1.5026 -10.5273 -0.3565 -1.6967 -10.5279 0.0450 0.2000 0.4314 0.3922 0.1961 14.4505 2.0000 
2346 2347 20 -0.3565 -1.6967 -10.5279 -0.4001 -1.8919 -10.5267 0.0450 0.2000 0.4314 0.3922 0.1961 14.5499 2.0000 
2347 2348 20 -0.4001 -1.8919 -10.5267 -0.4567 -2.0830 -10.5438 0.0450 0.2000 0.4314 0.3922 0.1961 14.6500 2.0000 
2348 2349 20 -0.4567 -2.0830 -10.5438 -0.4969 -2.2766 -10.5738 0.0450 0.2000 0.4314 0.3922 0.1961 14.7509 2.0000 
2349 2350 20 -0.4969 -2.2766 -10.5738 -0.5410 -2.4667 -10.6177 0.0450 0.2000 0.4314 0.3922 0.1961 14.8525 2.0000 
2350 2351 20 -0.5410 -2.4667 -10.6177 -0.6035 -2.6563 -10.6297 0.0450 0.2000 0.4314 0.3922 0.1961 14.9550 2.0000 
2351 2352 20 -0.6035 -2.6563 -10.6297 -0.6572 -2.8455 -10.6662 0.0450 0.2000 0.4314 0.3922 0.1961 15.0582 2.0000 
2352 2353 20 -0.6572 -2.8455 -10.6662 -0.7138 -3.0367 -10.6812 0.0450 0.2000 0.4314 0.3922 0.1961 15.1622 2.0000 
2353 2354 20 -0.7138 -3.0367 -10.6812 -0.7389 -3.2339 -10.7033 0.0450 0.2000 0.4314 0.3922 0.1961 15.2671 2.0000 
2354 2355 20 -0.7389 -3.2339 -10.7033 -0.7974 -3.4248 -10.7151 0.0450 0.2000 0.4314 0.3922 0.1961 15.3728 2.0000 
2355 2356 20 -0.7974 -3.4248 -10.7151 -0.8562 -3.6156 -10.7267 0.0450 0.2000 0.4314 0.3922 0.1961 15.4793 2.0000 
2356 2357 20 -0.8562 -3.6156 -10.7267 -0.9054 -3.8094 -10.7294 0.0450 0.2000 0.4314 0.3922 0.1961 15.5867 2.0000 
2357 2358 20 -0.9054 -3.8094 -10.7294 -0.9483 -4.0046 -10.7223 0.0450 0.2000 0.4314 0.3922 0.1961 15.6950 2.0000 
2358 2359 20 -0.9483 -4.0046 -10.7223 -1.0083 -4.1950 -10.7102 0.0450 0.2000 0.4314 0.3922 0.1961 15.8041 2.0000 
2359 2360 20 -1.0083 -4.1950 -10.7102 -1.0413 -4.3913 -10.6905 0.0450 0.2000 0.4314 0.3922 0.1961 15.9142 2.0000 
2360 2361 20 -1.0413 -4.3913 -10.6905 -1.0762 -4.5682 -10.6040 0.0450 0.2000 0.4314 0.3922 0.1961 16.0252 2.0000 
2361 2362 20 -1.0762 -4.5682 -10.6040 -1.1293 -4.7534 -10.5502 0.0450 0.2000 0.4314 0.3922 0.1961 16.1371 2.0000 
2362 2363 20 -1.1293 -4.7534 -10.5502 -1.1915 -4.9347 -10.4932 0.0450 0.2000 0.4314 0.3922 0.1961 16.2499 2.0000 
2363 2364 20 -1.1915 -4.9347 -10.4932 -1.2727 -5.1076 -10.4340 0.0450 0.2000 0.4314 0.3922 0.1961 16.3638 2.0000 
2364 2365 20 -1.2727 -5.1076 -10.4340 -1.3283 -5.2957 -10.3946 0.0450 0.2000 0.4314 0.3922 0.1961 16.4786 2.0000 
2365 2366 20 -1.3283 -5.2957 -10.3946 -1.3862 -5.4860 -10.3743 0.0450 0.2000 0.4314 0.3922 0.1961 16.5944 2.0000 
2366 2367 20 -1.3862 -5.4860 -10.3743 -1.4440 -5.6765 -10.3550 0.0450 0.2000 0.4314 0.3922 0.1961 16.7113 2.0000 
2367 2368 20 -1.4440 -5.6765 -10.3550 -1.4869 -5.8679 -10.3159 0.0450 0.2000 0.4314 0.3922 0.1961 16.8291 2.0000 
2368 2369 20 -1.4869 -5.8679 -10.3159 -1.5532 -6.0550 -10.2916 0.0450 0.2000 0.4314 0.3922 0.1961 16.9481 2.0000 
2369 2370 20 -1.5532 -6.0550 -10.2916 -1.6209 -6.2423 -10.2736 0.0450 0.2000 0.4314 0.3922 0.1961 17.0681 2.0000 
2370 2371 20 -1.6209 -6.2423 -10.2736 -1.7173 -6.4148 -10.2423 0.0450 0.2000 0.4314 0.3922 0.1961 17.1891 2.0000 
2371 2372 20 -1.7173 -6.4148 -10.2423 -1.8037 -6.5951 -10.2385 0.0450 0.2000 0.4314 0.3922 0.1961 17.3114 2.0000 
2372 2373 20 -1.8037 -6.5951 -10.2385 -1.8617 -6.7863 -10.2481 0.0450 0.2000 0.4314 0.3922 0.1961 17.4347 2.0000 
2373 2374 20 -1.8617 -6.7863 -10.2481 -1.9235 -6.9760 -10.2612 0.0450 0.2000 0.4314 0.3922 0.1961 17.5592 2.0000 
2374 2375 20 -1.9235 -6.9760 -10.2612 -1.9866 -7.1654 -10.2735 0.0450 0.2000 0.4314 0.3922 0.1961 17.6849 2.0000 
2375 2376 20 -1.9866 -7.1654 -10.2735 -2.0213 -7.3614 -10.2538 0.0450 0.2000 0.4314 0.3922 0.1961 17.8117 2.0000 
2376 2377 20 -2.0213 -7.3614 -10.2538 -2.0339 -7.5566 -10.2119 0.0450 0.2000 0.4314 0.3922 0.1961 17.9398 2.0000 
2377 2378 20 -2.0339 -7.5566 -10.2119 -2.0446 -7.7491 -10.1588 0.0450 0.2000 0.4314 0.3922 0.1961 18.0692 2.0000 
2378 2379 20 -2.0446 -7.7491 -10.1588 -2.0586 -7.9432 -10.1124 0.0450 0.2000 0.4314 0.3922 0.1961 18.1998 2.0000 
2379 2380 20 -2.0586 -7.9432 -10.1124 -2.0700 -8.1340 -10.0538 0.0450 0.2000 0.4314 0.3922 0.1961 18.3317 2.0000 
2380 2381 20 -2.0700 -8.1340 -10.0538 -2.0820 -8.3202 -9.9818 0.0450 0.2000 0.4314 0.3922 0.1961 18.4649 2.0000 
2381 2382 20 -2.0820 -8.3202 -9.9818 -2.1122 -8.5132 -9.9388 0.0450 0.2000 0.4314 0.3922 0.1961 18.5995 2.0000 
2382 2383 20 -2.1122 -8.5132 -9.9388 -2.1288 -8.7043 -9.8822 0.0450 0.2000 0.4314 0.3922 0.1961 18.7355 2.0000 
2383 2384 20 -2.1288 -8.7043 -9.8822 -2.1699 -8.8904 -9.8215 0.0450 0.2000 0.4314 0.3922 0.1961 18.8728 2.0000 
2384 2385 20 -2.1699 -8.8904 -9.8215 -2.1999 -9.0705 -9.7398 0.0450 0.2000 0.4314 0.3922 0.1961 19.0116 2.0000 
2385 2386 20 -2.1999 -9.0705 -9.7398 -2.2257 -9.2503 -9.6563 0.0450 0.2000 0.4314 0.3922 0.1961 19.1519 2.0000 
2386 2387 20 -2.2257 -9.2503 -9.6563 -2.2998 -9.4340 -9.6288 0.0450 0.2000 0.4314 0.3922 0.1961 19.2937 2.0000 
2387 2388 20 -2.2998 -9.4340 -9.6288 -2.3786 -9.6163 -9.6049 0.0450 0.2000 0.4314 0.3922 0.1961 19.4370 2.0000 
2388 2389 20 -2.3786 -9.6163 -9.6049 -2.4568 -9.7991 -9.5832 0.0450 0.2000 0.4314 0.3922 0.1961 19.5818 2.0000 
2389 2390 20 -2.4568 -9.7991 -9.5832 -2.5019 -9.9940 -9.5837 0.0450 0.2000 0.4314 0.3922 0.1961 19.7283 2.0000 
2390 2391 20 -2.5019 -9.9940 -9.5837 -2.5520 -10.1874 -9.5930 0.0450 0.2000 0.4314 0.3922 0.1961 19.8763 2.0000 
2391 2392 20 -2.5520 -10.1874 -9.5930 -2.6447 -10.3619 -9.6241 0.0450 0.2000 0.4314 0.3922 0.1961 20.0261 2.0000 
2392 2393 20 -2.6447 -10.3619 -9.6241 -2.7345 -10.5337 -9.6733 0.0450 0.2000 0.4314 0.3922 0.1961 20.1775 2.0000 
2393 2394 20 -2.7345 -10.5337 -9.6733 -2.8272 -10.7068 -9.7112 0.0450 0.2000 0.4314 0.3922 0.1961 20.3307 2.0000 
2394 2395 20 -2.8272 -10.7068 -9.7112 -2.9282 -10.8686 -9.7713 0.0450 0.2000 0.4314 0.3922 0.1961 20.4857 2.0000 
2395 2396 20 -2.9282 -10.8686 -9.7713 -3.0487 -11.0243 -9.8064 0.0450 0.2000 0.4314 0.3922 0.1961 20.6425 2.0000 
2396 2397 20 -3.0487 -11.0243 -9.8064 -3.1678 -11.1810 -9.8419 0.0450 0.2000 0.4314 0.3922 0.1961 20.8012 2.0000 
2397 2398 20 -3.1678 -11.1810 -9.8419 -3.2984 -11.3176 -9.9074 0.0450 0.2000 0.4314 0.3922 0.1961 20.9618 2.0000 
2398 2399 20 -3.2984 -11.3176 -9.9074 -3.4232 -11.4620 -9.9672 0.0450 0.2000 0.4314 0.3922 0.1961 21.1244 2.0000 
2399 2400 20 -3.4232 -11.4620 -9.9672 -3.5396 -11.5997 -10.0538 0.0450 0.2000 0.4314 0.3922 0.1961 21.2890 2.0000 
2400 2401 20 -3.5396 -11.5997 -10.0538 -3.6540 -11.7394 -10.1397 0.0450 0.2000 0.4314 0.3922 0.1961 21.4556 2.0000 
2401 2402 20 -3.6540 -11.7394 -10.1397 -3.7448 -11.9026 -10.2112 0.0450 0.2000 0.4314 0.3922 0.1961 21.6244 2.0000 
2402 2403 20 -3.7448 -11.9026 -10.2112 -3.8488 -12.0668 -10.2583 0.0450 0.2000 0.4314 0.3922 0.1961 21.7953 2.0000 
2403 2404 20 -3.8488 -12.0668 -10.2583 -3.9518 -12.2255 -10.3233 0.0450 0.2000 0.4314 0.3922 0.1961 21.9684 2.0000 
2404 2405 20 -3.9518 -12.2255 -10.3233 -4.0208 -12.3930 -10.4080 0.0450 0.2000 0.4314 0.3922 0.1961 22.1439 2.0000 
2405 2406 20 -4.0208 -12.3930 -10.4080 -4.1007 -12.5547 -10.4943 0.0450 0.2000 0.4314 0.3922 0.1961 22.3217 2.0000 
2406 2407 20 -4.1007 -12.5547 -10.4943 -4.1842 -12.7089 -10.5905 0.0450 0.2000 0.4314 0.3922 0.1961 22.5019 2.0000 
2407 2408 20 -4.1842 -12.7089 -10.5905 -4.2692 -12.8704 -10.6724 0.0450 0.2000 0.4314 0.3922 0.1961 22.6845 2.0000 
2408 2409 20 -4.2692 -12.8704 -10.6724 -4.3465 -13.0337 -10.7583 0.0450 0.2000 0.4314 0.3922 0.1961 22.8698 2.0000 
2409 2410 20 -4.3465 -13.0337 -10.7583 -4.4278 -13.1801 -10.8676 0.0450 0.2000 0.4314 0.3922 0.1961 23.0576 2.0000 
2410 2411 20 -4.4278 -13.1801 -10.8676 -4.4964 -13.2984 -11.0135 0.0450 0.2000 0.4314 0.3922 0.1961 23.2481 2.0000 
2411 2412 20 -4.4964 -13.2984 -11.0135 -4.5778 -13.4035 -11.1629 0.0450 0.2000 0.4314 0.3922 0.1961 23.4414 2.0000 
2412 2413 20 -4.5778 -13.4035 -11.1629 -4.6712 -13.4799 -11.3224 0.0450 0.2000 0.4314 0.3922 0.1961 23.6376 2.0000 
2413 2414 20 -4.6712 -13.4799 -11.3224 -4.8047 -13.5294 -11.4629 0.0450 0.2000 0.4314 0.3922 0.1961 23.8367 2.0000 
2414 2415 20 -4.8047 -13.5294 -11.4629 -4.9420 -13.5645 -11.6040 0.0450 0.2000 0.4314 0.3922 0.1961 24.0388 2.0000 
2415 2416 20 -4.9420 -13.5645 -11.6040 -5.0772 -13.5992 -11.7472 0.0450 0.2000 0.4314 0.3922 0.1961 24.2440 2.0000 
2416 2417 20 -5.0772 -13.5992 -11.7472 -5.2022 -13.6600 -11.8911 0.0450 0.2000 0.4314 0.3922 0.1961 24.4525 2.0000 
2417 2418 20 -5.2022 -13.6600 -11.8911 -5.3219 -13.7387 -12.0307 0.0450 0.2000 0.4314 0.3922 0.1961 24.6643 2.0000 
2418 2419 20 -5.3219 -13.7387 -12.0307 -5.4378 -13.8175 -12.1733 0.0450 0.2000 0.4314 0.3922 0.1961 24.8795 2.0000 
2419 2420 20 -5.4378 -13.8175 -12.1733 -5.5385 -13.9159 -12.3153 0.0450 0.2000 0.4314 0.3922 0.1961 25.0983 2.0000 
2420 2421 20 -5.5385 -13.9159 -12.3153 -5.6347 -14.0127 -12.4616 0.0450 0.2000 0.4314 0.3922 0.1961 25.3207 2.0000 
2421 2422 20 -5.6347 -14.0127 -12.4616 -5.7390 -14.0827 -12.6172 0.0450 0.2000 0.4314 0.3922 0.1961 25.5469 2.0000 
2422 2423 20 -5.7390 -14.0827 -12.6172 -5.8412 -14.1504 -12.7752 0.0450 0.2000 0.4314 0.3922 0.1961 25.7770 2.0000 
2423 2424 20 -5.8412 -14.1504 -12.7752 -5.9455 -14.1921 -12.9407 0.0450 0.2000 0.4314 0.3922 0.1961 26.0112 2.0000 
2424 2425 20 -5.9455 -14.1921 -12.9407 -6.0507 -14.2336 -13.1057 0.0450 0.2000 0.4314 0.3922 0.1961 26.2495 2.0000 
2425 2426 20 -6.0507 -14.2336 -13.1057 -6.1565 -14.3048 -13.2597 0.0450 0.2000 0.4314 0.3922 0.1961 26.4923 2.0000 
2426 2427 20 -6.1565 -14.3048 -13.2597 -6.2432 -14.3729 -13.4266 0.0450 0.2000 0.4314 0.3922 0.1961 26.7395 2.0000 
2427 2428 20 -6.2432 -14.3729 -13.4266 -6.3686 -14.4289 -13.5720 0.0450 0.2000 0.4314 0.3922 0.1961 26.9914 2.0000 
2428 2429 20 -6.3686 -14.4289 -13.5720 -6.4764 -14.4617 -13.7372 0.0450 0.2000 0.4314 0.3922 0.1961 27.2482 2.0000 
2429 2430 20 -6.4764 -14.4617 -13.7372 -6.5810 -14.5069 -13.9016 0.0450 0.2000 0.4314 0.3922 0.1961 27.5101 2.0000 
2430 2431 20 -6.5810 -14.5069 -13.9016 -6.6914 -14.5416 -14.0647 0.0450 0.2000 0.4314 0.3922 0.1961 27.7772 2.0000 
2431 2432 20 -6.6914 -14.5416 -14.0647 -6.8296 -14.5570 -14.2085 0.0450 0.2000 0.4314 0.3922 0.1961 28.0498 2.0000 
2432 2433 20 -6.8296 -14.5570 -14.2085 -6.9639 -14.5705 -14.3561 0.0450 0.2000 0.4314 0.3922 0.1961 28.3281 2.0000 
2433 2434 20 -6.9639 -14.5705 -14.3561 -7.0626 -14.5828 -14.5296 0.0450 0.2000 0.4314 0.3922 0.1961 28.6124 2.0000 
2434 2435 20 -7.0626 -14.5828 -14.5296 -7.1115 -14.5708 -14.7231 0.0450 0.2000 0.4314 0.3922 0.1961 28.9028 2.0000 
2435 2436 20 -7.1115 -14.5708 -14.7231 -7.1028 -14.5646 -14.9228 0.0450 0.2000 0.4314 0.3922 0.1961 29.1998 2.0000 
2436 2437 20 -7.1028 -14.5646 -14.9228 -7.0410 -14.5616 -15.1130 0.0450 0.2000 0.4314 0.3922 0.1961 29.5035 2.0000 
2437 2438 20 -7.0410 -14.5616 -15.1130 -6.9549 -14.5725 -15.2932 0.0450 0.2000 0.4314 0.3922 0.1961 29.8144 2.0000 
2438 2439 20 -6.9549 -14.5725 -15.2932 -6.9081 -14.5642 -15.4004 0.0450 0.1172 0.4314 0.3922 0.1961 30.0000 2.0000 
46 2440 21 0.0100 -0.3457 -10.8475 0.1336 -0.2037 -10.9148 0.0732 0.2000 0.4314 0.3922 0.1961 14.2548 2.0000 
2440 2441 21 0.1336 -0.2037 -10.9148 0.2591 -0.0630 -10.9816 0.0732 0.2000 0.4314 0.3922 0.1961 14.3612 2.0000 
2441 2442 21 0.2591 -0.0630 -10.9816 0.3565 0.0712 -11.0934 0.0732 0.2000 0.4314 0.3922 0.1961 14.4683 2.0000 
2442 2443 21 0.3565 0.0712 -11.0934 0.4334 0.2172 -11.2065 0.0732 0.2000 0.4314 0.3922 0.1961 14.5761 2.0000 
2443 2444 21 0.4334 0.2172 -11.2065 0.5230 0.3547 -11.3208 0.0732 0.2000 0.4314 0.3922 0.1961 14.6847 2.0000 
2444 2445 21 0.5230 0.3547 -11.3208 0.6133 0.4838 -11.4440 0.0732 0.2000 0.4314 0.3922 0.1961 14.7940 2.0000 
2445 2446 21 0.6133 0.4838 -11.4440 0.6902 0.6382 -11.5452 0.0732 0.2000 0.4314 0.3922 0.1961 14.9041 2.0000 
2446 2447 21 0.6902 0.6382 -11.5452 0.7786 0.7841 -11.6497 0.0732 0.2000 0.4314 0.3922 0.1961 15.0150 2.0000 
2447 2448 21 0.7786 0.7841 -11.6497 0.8460 0.9445 -11.7483 0.0732 0.2000 0.4314 0.3922 0.1961 15.1266 2.0000 
2448 2449 21 0.8460 0.9445 -11.7483 0.9152 1.1023 -11.8499 0.0732 0.2000 0.4314 0.3922 0.1961 15.2391 2.0000 
2449 2450 21 0.9152 1.1023 -11.8499 0.9695 1.2645 -11.9535 0.0732 0.2000 0.4314 0.3922 0.1961 15.3524 2.0000 
2450 2451 21 0.9695 1.2645 -11.9535 1.0223 1.4329 -12.0475 0.0732 0.2000 0.4314 0.3922 0.1961 15.4664 2.0000 
2451 2452 21 1.0223 1.4329 -12.0475 1.0715 1.6105 -12.1252 0.0732 0.2000 0.4314 0.3922 0.1961 15.5814 2.0000 
2452 2453 21 1.0715 1.6105 -12.1252 1.1182 1.7825 -12.2159 0.0732 0.2000 0.4314 0.3922 0.1961 15.6971 2.0000 
2453 2454 21 1.1182 1.7825 -12.2159 1.1730 1.9543 -12.3024 0.0732 0.2000 0.4314 0.3922 0.1961 15.8138 2.0000 
2454 2455 21 1.1730 1.9543 -12.3024 1.2256 2.1270 -12.3885 0.0732 0.2000 0.4314 0.3922 0.1961 15.9313 2.0000 
2455 2456 21 1.2256 2.1270 -12.3885 1.2503 2.3085 -12.4689 0.0732 0.2000 0.4314 0.3922 0.1961 16.0496 2.0000 
2456 2457 21 1.2503 2.3085 -12.4689 1.2903 2.4848 -12.5543 0.0732 0.2000 0.4314 0.3922 0.1961 16.1689 2.0000 
2457 2458 21 1.2903 2.4848 -12.5543 1.3177 2.6560 -12.6541 0.0732 0.2000 0.4314 0.3922 0.1961 16.2891 2.0000 
2458 2459 21 1.3177 2.6560 -12.6541 1.3183 2.8005 -12.7923 0.0732 0.2000 0.4314 0.3922 0.1961 16.4102 2.0000 
2459 2460 21 1.3183 2.8005 -12.7923 1.3685 2.9042 -12.9558 0.0732 0.2000 0.4314 0.3922 0.1961 16.5323 2.0000 
2460 2461 21 1.3685 2.9042 -12.9558 1.4112 3.0201 -13.1131 0.0732 0.2000 0.4314 0.3922 0.1961 16.6553 2.0000 
2461 2462 21 1.4112 3.0201 -13.1131 1.4571 3.1151 -13.2831 0.0732 0.2000 0.4314 0.3922 0.1961 16.7793 2.0000 
2462 2463 21 1.4571 3.1151 -13.2831 1.5132 3.1788 -13.4641 0.0732 0.2000 0.4314 0.3922 0.1961 16.9043 2.0000 
2463 2464 21 1.5132 3.1788 -13.4641 1.5242 3.2404 -13.6541 0.0732 0.2000 0.4314 0.3922 0.1961 17.0302 2.0000 
2464 2465 21 1.5242 3.2404 -13.6541 1.5584 3.2752 -13.8480 0.0732 0.2000 0.4314 0.3922 0.1961 17.1572 2.0000 
2465 2466 21 1.5584 3.2752 -13.8480 1.5739 3.3104 -14.0443 0.0732 0.2000 0.4314 0.3922 0.1961 17.2852 2.0000 
2466 2467 21 1.5739 3.3104 -14.0443 1.5970 3.3390 -14.2409 0.0732 0.2000 0.4314 0.3922 0.1961 17.4143 2.0000 
2467 2468 21 1.5970 3.3390 -14.2409 1.6218 3.3687 -14.4371 0.0732 0.2000 0.4314 0.3922 0.1961 17.5444 2.0000 
2468 2469 21 1.6218 3.3687 -14.4371 1.6448 3.4011 -14.6331 0.0732 0.2000 0.4314 0.3922 0.1961 17.6756 2.0000 
2469 2470 21 1.6448 3.4011 -14.6331 1.6611 3.4357 -14.8295 0.0732 0.2000 0.4314 0.3922 0.1961 17.8080 2.0000 
2470 2471 21 1.6611 3.4357 -14.8295 1.6789 3.4602 -15.0271 0.0732 0.2000 0.4314 0.3922 0.1961 17.9414 2.0000 
2471 2472 21 1.6789 3.4602 -15.0271 1.7070 3.4983 -15.2215 0.0732 0.2000 0.4314 0.3922 0.1961 18.0760 2.0000 
2472 2473 21 1.7070 3.4983 -15.2215 1.7323 3.5432 -15.4147 0.0732 0.2000 0.4314 0.3922 0.1961 18.2118 2.0000 
2473 2474 21 1.7323 3.5432 -15.4147 1.7505 3.5588 -15.6133 0.0732 0.2000 0.4314 0.3922 0.1961 18.3487 2.0000 
2474 2475 21 1.7505 3.5588 -15.6133 1.7531 3.5389 -15.8122 0.0732 0.2000 0.4314 0.3922 0.1961 18.4868 2.0000 
2475 2476 21 1.7531 3.5389 -15.8122 1.7459 3.5128 -16.0104 0.0732 0.2000 0.4314 0.3922 0.1961 18.6262 2.0000 
2476 2477 21 1.7459 3.5128 -16.0104 1.7355 3.4829 -16.2079 0.0732 0.2000 0.4314 0.3922 0.1961 18.7668 2.0000 
2477 2478 21 1.7355 3.4829 -16.2079 1.7369 3.5036 -16.4068 0.0732 0.2000 0.4314 0.3922 0.1961 18.9087 2.0000 
2478 2479 21 1.7369 3.5036 -16.4068 1.7288 3.5138 -16.6064 0.0732 0.2000 0.4314 0.3922 0.1961 19.0518 2.0000 
2479 2480 21 1.7288 3.5138 -16.6064 1.7173 3.5525 -16.8023 0.0732 0.2000 0.4314 0.3922 0.1961 19.1963 2.0000 
2480 2481 21 1.7173 3.5525 -16.8023 1.7260 3.6034 -16.9955 0.0732 0.2000 0.4314 0.3922 0.1961 19.3421 2.0000 
2481 2482 21 1.7260 3.6034 -16.9955 1.7228 3.6927 -17.1744 0.0732 0.2000 0.4314 0.3922 0.1961 19.4893 2.0000 
2482 2483 21 1.7228 3.6927 -17.1744 1.7253 3.7806 -17.3540 0.0732 0.2000 0.4314 0.3922 0.1961 19.6379 2.0000 
2483 2484 21 1.7253 3.7806 -17.3540 1.7372 3.8502 -17.5412 0.0732 0.2000 0.4314 0.3922 0.1961 19.7879 2.0000 
2484 2485 21 1.7372 3.8502 -17.5412 1.7476 3.9139 -17.7305 0.0732 0.2000 0.4314 0.3922 0.1961 19.9393 2.0000 
2485 2486 21 1.7476 3.9139 -17.7305 1.7634 3.9727 -17.9210 0.0732 0.2000 0.4314 0.3922 0.1961 20.0922 2.0000 
2486 2487 21 1.7634 3.9727 -17.9210 1.7522 4.0005 -18.1187 0.0732 0.2000 0.4314 0.3922 0.1961 20.2466 2.0000 
2487 2488 21 1.7522 4.0005 -18.1187 1.7405 4.0338 -18.3156 0.0732 0.2000 0.4314 0.3922 0.1961 20.4025 2.0000 
2488 2489 21 1.7405 4.0338 -18.3156 1.7506 4.0605 -18.5135 0.0732 0.2000 0.4314 0.3922 0.1961 20.5600 2.0000 
2489 2490 21 1.7506 4.0605 -18.5135 1.7712 4.1140 -18.7051 0.0732 0.2000 0.4314 0.3922 0.1961 20.7191 2.0000 
2490 2491 21 1.7712 4.1140 -18.7051 1.7938 4.1758 -18.8940 0.0732 0.2000 0.4314 0.3922 0.1961 20.8799 2.0000 
2491 2492 21 1.7938 4.1758 -18.8940 1.8065 4.2334 -19.0851 0.0732 0.2000 0.4314 0.3922 0.1961 21.0422 2.0000 
2492 2493 21 1.8065 4.2334 -19.0851 1.8157 4.2912 -19.2763 0.0732 0.2000 0.4314 0.3922 0.1961 21.2063 2.0000 
2493 2494 21 1.8157 4.2912 -19.2763 1.8112 4.3237 -19.4736 0.0732 0.2000 0.4314 0.3922 0.1961 21.3721 2.0000 
2494 2495 21 1.8112 4.3237 -19.4736 1.8124 4.3600 -19.6703 0.0732 0.2000 0.4314 0.3922 0.1961 21.5397 2.0000 
2495 2496 21 1.8124 4.3600 -19.6703 1.8147 4.3973 -19.8668 0.0732 0.2000 0.4314 0.3922 0.1961 21.7090 2.0000 
2496 2497 21 1.8147 4.3973 -19.8668 1.8523 4.3842 -20.0628 0.0732 0.2000 0.4314 0.3922 0.1961 21.8802 2.0000 
2497 2498 21 1.8523 4.3842 -20.0628 1.8903 4.3711 -20.2587 0.0732 0.2000 0.4314 0.3922 0.1961 22.0533 2.0000 
2498 2499 21 1.8903 4.3711 -20.2587 1.9177 4.3634 -20.4566 0.0732 0.2000 0.4314 0.3922 0.1961 22.2284 2.0000 
2499 2500 21 1.9177 4.3634 -20.4566 1.9550 4.3651 -20.6531 0.0732 0.2000 0.4314 0.3922 0.1961 22.4053 2.0000 
2500 2501 21 1.9550 4.3651 -20.6531 1.9736 4.3892 -20.8508 0.0732 0.2000 0.4314 0.3922 0.1961 22.5844 2.0000 
2501 2502 21 1.9736 4.3892 -20.8508 1.9273 4.3693 -21.0443 0.0732 0.2000 0.4314 0.3922 0.1961 22.7654 2.0000 
2502 2503 21 1.9273 4.3693 -21.0443 1.9164 4.3577 -21.2437 0.0732 0.2000 0.4314 0.3922 0.1961 22.9486 2.0000 
2503 2504 21 1.9164 4.3577 -21.2437 1.9323 4.3595 -21.4431 0.0732 0.2000 0.4314 0.3922 0.1961 23.1339 2.0000 
2504 2505 21 1.9323 4.3595 -21.4431 1.9242 4.3918 -21.6403 0.0732 0.2000 0.4314 0.3922 0.1961 23.3215 2.0000 
2505 2506 21 1.9242 4.3918 -21.6403 1.9295 4.4223 -21.8379 0.0732 0.2000 0.4314 0.3922 0.1961 23.5113 2.0000 
2506 2507 21 1.9295 4.4223 -21.8379 1.9375 4.4370 -22.0372 0.0732 0.2000 0.4314 0.3922 0.1961 23.7034 2.0000 
2507 2508 21 1.9375 4.4370 -22.0372 1.9448 4.4681 -22.2346 0.0732 0.2000 0.4314 0.3922 0.1961 23.8979 2.0000 
2508 2509 21 1.9448 4.4681 -22.2346 1.9473 4.4970 -22.4325 0.0732 0.2000 0.4314 0.3922 0.1961 24.0948 2.0000 
2509 2510 21 1.9473 4.4970 -22.4325 1.9799 4.5445 -22.6240 0.0732 0.2000 0.4314 0.3922 0.1961 24.2943 2.0000 
2510 2511 21 1.9799 4.5445 -22.6240 1.9966 4.6178 -22.8093 0.0732 0.2000 0.4314 0.3922 0.1961 24.4962 2.0000 
2511 2512 21 1.9966 4.6178 -22.8093 2.0449 4.6927 -22.9884 0.0732 0.2000 0.4314 0.3922 0.1961 24.7009 2.0000 
2512 2513 21 2.0449 4.6927 -22.9884 2.0432 4.7470 -23.1809 0.0732 0.2000 0.4314 0.3922 0.1961 24.9082 2.0000 
2513 2514 21 2.0432 4.7470 -23.1809 2.0373 4.7956 -23.3748 0.0732 0.2000 0.4314 0.3922 0.1961 25.1183 2.0000 
2514 2515 21 2.0373 4.7956 -23.3748 2.0311 4.8432 -23.5690 0.0732 0.2000 0.4314 0.3922 0.1961 25.3312 2.0000 
2515 2516 21 2.0311 4.8432 -23.5690 2.0080 4.8950 -23.7607 0.0732 0.2000 0.4314 0.3922 0.1961 25.5470 2.0000 
2516 2517 21 2.0080 4.8950 -23.7607 2.0110 4.9301 -23.9576 0.0732 0.2000 0.4314 0.3922 0.1961 25.7659 2.0000 
2517 2518 21 2.0110 4.9301 -23.9576 2.0346 4.9797 -24.1499 0.0732 0.2000 0.4314 0.3922 0.1961 25.9878 2.0000 
2518 2519 21 2.0346 4.9797 -24.1499 2.0185 5.0009 -24.3481 0.0732 0.2000 0.4314 0.3922 0.1961 26.2130 2.0000 
2519 2520 21 2.0185 5.0009 -24.3481 2.0064 5.0209 -24.5468 0.0732 0.2000 0.4314 0.3922 0.1961 26.4413 2.0000 
2520 2521 21 2.0064 5.0209 -24.5468 1.9926 5.0372 -24.7456 0.0732 0.2000 0.4314 0.3922 0.1961 26.6731 2.0000 
2521 2522 21 1.9926 5.0372 -24.7456 2.0182 5.0360 -24.9440 0.0732 0.2000 0.4314 0.3922 0.1961 26.9083 2.0000 
2522 2523 21 2.0182 5.0360 -24.9440 2.0459 5.0322 -25.1420 0.0732 0.2000 0.4314 0.3922 0.1961 27.1471 2.0000 
2523 2524 21 2.0459 5.0322 -25.1420 2.0724 5.0363 -25.3402 0.0732 0.2000 0.4314 0.3922 0.1961 27.3896 2.0000 
2524 2525 21 2.0724 5.0363 -25.3402 2.0795 5.0429 -25.5400 0.0732 0.2000 0.4314 0.3922 0.1961 27.6358 2.0000 
2525 2526 21 2.0795 5.0429 -25.5400 2.0794 5.0488 -25.7399 0.0732 0.2000 0.4314 0.3922 0.1961 27.8860 2.0000 
2526 2527 21 2.0794 5.0488 -25.7399 2.1006 5.0628 -25.9383 0.0732 0.2000 0.4314 0.3922 0.1961 28.1402 2.0000 
2527 2528 21 2.1006 5.0628 -25.9383 2.1213 5.0831 -26.1361 0.0732 0.2000 0.4314 0.3922 0.1961 28.3986 2.0000 
2528 2529 21 2.1213 5.0831 -26.1361 2.1493 5.1005 -26.3334 0.0732 0.2000 0.4314 0.3922 0.1961 28.6614 2.0000 
2529 2530 21 2.1493 5.1005 -26.3334 2.1690 5.0946 -26.5323 0.0732 0.2000 0.4314 0.3922 0.1961 28.9285 2.0000 
2530 2531 21 2.1690 5.0946 -26.5323 2.1862 5.0866 -26.7314 0.0732 0.2000 0.4314 0.3922 0.1961 29.2003 2.0000 
2531 2532 21 2.1862 5.0866 -26.7314 2.2118 5.0652 -26.9286 0.0732 0.2000 0.4314 0.3922 0.1961 29.4769 2.0000 
2532 2533 21 2.2118 5.0652 -26.9286 2.2205 5.0120 -27.1212 0.0732 0.2000 0.4314 0.3922 0.1961 29.7584 2.0000 
2533 2534 21 2.2205 5.0120 -27.1212 2.1993 4.9690 -27.2831 0.0732 0.1688 0.4314 0.3922 0.1961 30.0000 2.0000 
49 2535 22 0.0021 -0.3426 -11.2474 0.1232 -0.1878 -11.2843 0.0890 0.2000 0.4314 0.3922 0.1961 14.6452 2.0000 
2535 2536 22 0.1232 -0.1878 -11.2843 0.2507 -0.0378 -11.3199 0.0890 0.2000 0.4314 0.3922 0.1961 14.7322 2.0000 
2536 2537 22 0.2507 -0.0378 -11.3199 0.3615 0.1227 -11.3642 0.0890 0.2000 0.4314 0.3922 0.1961 14.8196 2.0000 
2537 2538 22 0.3615 0.1227 -11.3642 0.4715 0.2841 -11.4071 0.0890 0.2000 0.4314 0.3922 0.1961 14.9076 2.0000 
2538 2539 22 0.4715 0.2841 -11.4071 0.5715 0.4471 -11.4656 0.0890 0.2000 0.4314 0.3922 0.1961 14.9962 2.0000 
2539 2540 22 0.5715 0.4471 -11.4656 0.6665 0.6152 -11.5177 0.0890 0.2000 0.4314 0.3922 0.1961 15.0853 2.0000 
2540 2541 22 0.6665 0.6152 -11.5177 0.7761 0.7638 -11.5946 0.0890 0.2000 0.4314 0.3922 0.1961 15.1750 2.0000 
2541 2542 22 0.7761 0.7638 -11.5946 0.8623 0.9332 -11.6566 0.0890 0.2000 0.4314 0.3922 0.1961 15.2653 2.0000 
2542 2543 22 0.8623 0.9332 -11.6566 0.9484 1.1020 -11.7208 0.0890 0.2000 0.4314 0.3922 0.1961 15.3561 2.0000 
2543 2544 22 0.9484 1.1020 -11.7208 1.0879 1.2318 -11.7814 0.0890 0.2000 0.4314 0.3922 0.1961 15.4476 2.0000 
2544 2545 22 1.0879 1.2318 -11.7814 1.2333 1.3644 -11.8174 0.0890 0.2000 0.4314 0.3922 0.1961 15.5396 2.0000 
2545 2546 22 1.2333 1.3644 -11.8174 1.3738 1.4998 -11.8610 0.0890 0.2000 0.4314 0.3922 0.1961 15.6323 2.0000 
2546 2547 22 1.3738 1.4998 -11.8610 1.4986 1.6380 -11.9341 0.0890 0.2000 0.4314 0.3922 0.1961 15.7255 2.0000 
2547 2548 22 1.4986 1.6380 -11.9341 1.5791 1.7881 -12.0390 0.0890 0.2000 0.4314 0.3922 0.1961 15.8194 2.0000 
2548 2549 22 1.5791 1.7881 -12.0390 1.6033 1.9197 -12.1876 0.0890 0.2000 0.4314 0.3922 0.1961 15.9139 2.0000 
2549 2550 22 1.6033 1.9197 -12.1876 1.6300 2.0534 -12.3339 0.0890 0.2000 0.4314 0.3922 0.1961 16.0091 2.0000 
2550 2551 22 1.6300 2.0534 -12.3339 1.6330 2.1730 -12.4942 0.0890 0.2000 0.4314 0.3922 0.1961 16.1049 2.0000 
2551 2552 22 1.6330 2.1730 -12.4942 1.6129 2.2816 -12.6609 0.0890 0.2000 0.4314 0.3922 0.1961 16.2013 2.0000 
2552 2553 22 1.6129 2.2816 -12.6609 1.6205 2.3909 -12.8283 0.0890 0.2000 0.4314 0.3922 0.1961 16.2985 2.0000 
2553 2554 22 1.6205 2.3909 -12.8283 1.6087 2.4972 -12.9972 0.0890 0.2000 0.4314 0.3922 0.1961 16.3963 2.0000 
2554 2555 22 1.6087 2.4972 -12.9972 1.6327 2.5599 -13.1856 0.0890 0.2000 0.4314 0.3922 0.1961 16.4947 2.0000 
2555 2556 22 1.6327 2.5599 -13.1856 1.6489 2.6559 -13.3604 0.0890 0.2000 0.4314 0.3922 0.1961 16.5939 2.0000 
2556 2557 22 1.6489 2.6559 -13.3604 1.6725 2.7496 -13.5355 0.0890 0.2000 0.4314 0.3922 0.1961 16.6938 2.0000 
2557 2558 22 1.6725 2.7496 -13.5355 1.7014 2.8401 -13.7115 0.0890 0.2000 0.4314 0.3922 0.1961 16.7944 2.0000 
2558 2559 22 1.7014 2.8401 -13.7115 1.7302 2.9307 -13.8874 0.0890 0.2000 0.4314 0.3922 0.1961 16.8957 2.0000 
2559 2560 22 1.7302 2.9307 -13.8874 1.7590 3.0215 -14.0633 0.0890 0.2000 0.4314 0.3922 0.1961 16.9977 2.0000 
2560 2561 22 1.7590 3.0215 -14.0633 1.8506 3.1122 -14.2162 0.0890 0.2000 0.4314 0.3922 0.1961 17.1005 2.0000 
2561 2562 22 1.8506 3.1122 -14.2162 1.9290 3.1975 -14.3792 0.0890 0.2000 0.4314 0.3922 0.1961 17.2041 2.0000 
2562 2563 22 1.9290 3.1975 -14.3792 2.0111 3.2778 -14.5430 0.0890 0.2000 0.4314 0.3922 0.1961 17.3084 2.0000 
2563 2564 22 2.0111 3.2778 -14.5430 2.0779 3.3690 -14.7080 0.0890 0.2000 0.4314 0.3922 0.1961 17.4135 2.0000 
2564 2565 22 2.0779 3.3690 -14.7080 2.1385 3.4618 -14.8744 0.0890 0.2000 0.4314 0.3922 0.1961 17.5194 2.0000 
2565 2566 22 2.1385 3.4618 -14.8744 2.2009 3.6008 -15.0040 0.0890 0.2000 0.4314 0.3922 0.1961 17.6261 2.0000 
2566 2567 22 2.2009 3.6008 -15.0040 2.2380 3.7231 -15.1579 0.0890 0.2000 0.4314 0.3922 0.1961 17.7336 2.0000 
2567 2568 22 2.2380 3.7231 -15.1579 2.2997 3.8087 -15.3278 0.0890 0.2000 0.4314 0.3922 0.1961 17.8419 2.0000 
2568 2569 22 2.2997 3.8087 -15.3278 2.3282 3.9043 -15.5011 0.0890 0.2000 0.4314 0.3922 0.1961 17.9511 2.0000 
2569 2570 22 2.3282 3.9043 -15.5011 2.3832 3.9538 -15.6870 0.0890 0.2000 0.4314 0.3922 0.1961 18.0611 2.0000 
2570 2571 22 2.3832 3.9538 -15.6870 2.4201 3.9969 -15.8787 0.0890 0.2000 0.4314 0.3922 0.1961 18.1720 2.0000 
2571 2572 22 2.4201 3.9969 -15.8787 2.4495 4.0292 -16.0739 0.0890 0.2000 0.4314 0.3922 0.1961 18.2838 2.0000 
2572 2573 22 2.4495 4.0292 -16.0739 2.4966 4.0380 -16.2681 0.0890 0.2000 0.4314 0.3922 0.1961 18.3965 2.0000 
2573 2574 22 2.4966 4.0380 -16.2681 2.5454 4.0522 -16.4615 0.0890 0.2000 0.4314 0.3922 0.1961 18.5100 2.0000 
2574 2575 22 2.5454 4.0522 -16.4615 2.5415 4.0544 -16.6615 0.0890 0.2000 0.4314 0.3922 0.1961 18.6245 2.0000 
2575 2576 22 2.5415 4.0544 -16.6615 2.5259 4.0442 -16.8606 0.0890 0.2000 0.4314 0.3922 0.1961 18.7400 2.0000 
2576 2577 22 2.5259 4.0442 -16.8606 2.5111 4.0307 -17.0596 0.0890 0.2000 0.4314 0.3922 0.1961 18.8564 2.0000 
2577 2578 22 2.5111 4.0307 -17.0596 2.5173 3.9843 -17.2540 0.0890 0.2000 0.4314 0.3922 0.1961 18.9737 2.0000 
2578 2579 22 2.5173 3.9843 -17.2540 2.5327 3.9484 -17.4502 0.0890 0.2000 0.4314 0.3922 0.1961 19.0921 2.0000 
2579 2580 22 2.5327 3.9484 -17.4502 2.6020 3.9204 -17.6357 0.0890 0.2000 0.4314 0.3922 0.1961 19.2115 2.0000 
2580 2581 22 2.6020 3.9204 -17.6357 2.6778 3.8950 -17.8190 0.0890 0.2000 0.4314 0.3922 0.1961 19.3318 2.0000 
2581 2582 22 2.6778 3.8950 -17.8190 2.7461 3.8476 -18.0009 0.0890 0.2000 0.4314 0.3922 0.1961 19.4532 2.0000 
2582 2583 22 2.7461 3.8476 -18.0009 2.8141 3.7881 -18.1794 0.0890 0.2000 0.4314 0.3922 0.1961 19.5757 2.0000 
2583 2584 22 2.8141 3.7881 -18.1794 2.8773 3.7102 -18.3524 0.0890 0.2000 0.4314 0.3922 0.1961 19.6993 2.0000 
2584 2585 22 2.8773 3.7102 -18.3524 2.9024 3.6450 -18.5398 0.0890 0.2000 0.4314 0.3922 0.1961 19.8239 2.0000 
2585 2586 22 2.9024 3.6450 -18.5398 2.9233 3.6145 -18.7363 0.0890 0.2000 0.4314 0.3922 0.1961 19.9497 2.0000 
2586 2587 22 2.9233 3.6145 -18.7363 2.9335 3.5820 -18.9334 0.0890 0.2000 0.4314 0.3922 0.1961 20.0765 2.0000 
2587 2588 22 2.9335 3.5820 -18.9334 2.9631 3.5407 -19.1268 0.0890 0.2000 0.4314 0.3922 0.1961 20.2046 2.0000 
2588 2589 22 2.9631 3.5407 -19.1268 2.9866 3.5243 -19.3248 0.0890 0.2000 0.4314 0.3922 0.1961 20.3338 2.0000 
2589 2590 22 2.9866 3.5243 -19.3248 3.0202 3.4763 -19.5160 0.0890 0.2000 0.4314 0.3922 0.1961 20.4642 2.0000 
2590 2591 22 3.0202 3.4763 -19.5160 3.0358 3.4863 -19.7152 0.0890 0.2000 0.4314 0.3922 0.1961 20.5959 2.0000 
2591 2592 22 3.0358 3.4863 -19.7152 3.0513 3.4966 -19.9143 0.0890 0.2000 0.4314 0.3922 0.1961 20.7287 2.0000 
2592 2593 22 3.0513 3.4966 -19.9143 3.0686 3.5280 -20.1110 0.0890 0.2000 0.4314 0.3922 0.1961 20.8629 2.0000 
2593 2594 22 3.0686 3.5280 -20.1110 3.0624 3.5512 -20.3096 0.0890 0.2000 0.4314 0.3922 0.1961 20.9983 2.0000 
2594 2595 22 3.0624 3.5512 -20.3096 3.0571 3.5736 -20.5083 0.0890 0.2000 0.4314 0.3922 0.1961 21.1351 2.0000 
2595 2596 22 3.0571 3.5736 -20.5083 3.0445 3.5699 -20.7078 0.0890 0.2000 0.4314 0.3922 0.1961 21.2731 2.0000 
2596 2597 22 3.0445 3.5699 -20.7078 3.0276 3.5668 -20.9071 0.0890 0.2000 0.4314 0.3922 0.1961 21.4126 2.0000 
2597 2598 22 3.0276 3.5668 -20.9071 3.0279 3.5337 -21.1043 0.0890 0.2000 0.4314 0.3922 0.1961 21.5535 2.0000 
2598 2599 22 3.0279 3.5337 -21.1043 3.0230 3.5179 -21.3037 0.0890 0.2000 0.4314 0.3922 0.1961 21.6957 2.0000 
2599 2600 22 3.0230 3.5179 -21.3037 3.0322 3.5266 -21.5033 0.0890 0.2000 0.4314 0.3922 0.1961 21.8395 2.0000 
2600 2601 22 3.0322 3.5266 -21.5033 3.0166 3.5183 -21.7025 0.0890 0.2000 0.4314 0.3922 0.1961 21.9847 2.0000 
2601 2602 22 3.0166 3.5183 -21.7025 2.9975 3.5106 -21.9014 0.0890 0.2000 0.4314 0.3922 0.1961 22.1314 2.0000 
2602 2603 22 2.9975 3.5106 -21.9014 2.9851 3.5162 -22.1009 0.0890 0.2000 0.4314 0.3922 0.1961 22.2797 2.0000 
2603 2604 22 2.9851 3.5162 -22.1009 2.9687 3.5227 -22.3002 0.0890 0.2000 0.4314 0.3922 0.1961 22.4295 2.0000 
2604 2605 22 2.9687 3.5227 -22.3002 2.9533 3.5355 -22.4992 0.0890 0.2000 0.4314 0.3922 0.1961 22.5810 2.0000 
2605 2606 22 2.9533 3.5355 -22.4992 2.9168 3.5542 -22.6949 0.0890 0.2000 0.4314 0.3922 0.1961 22.7341 2.0000 
2606 2607 22 2.9168 3.5542 -22.6949 2.9001 3.5677 -22.8938 0.0890 0.2000 0.4314 0.3922 0.1961 22.8889 2.0000 
2607 2608 22 2.9001 3.5677 -22.8938 2.8851 3.5774 -23.0930 0.0890 0.2000 0.4314 0.3922 0.1961 23.0454 2.0000 
2608 2609 22 2.8851 3.5774 -23.0930 2.8816 3.5952 -23.2921 0.0890 0.2000 0.4314 0.3922 0.1961 23.2037 2.0000 
2609 2610 22 2.8816 3.5952 -23.2921 2.9054 3.6225 -23.4888 0.0890 0.2000 0.4314 0.3922 0.1961 23.3638 2.0000 
2610 2611 22 2.9054 3.6225 -23.4888 2.9090 3.6505 -23.6868 0.0890 0.2000 0.4314 0.3922 0.1961 23.5257 2.0000 
2611 2612 22 2.9090 3.6505 -23.6868 2.9077 3.6693 -23.8859 0.0890 0.2000 0.4314 0.3922 0.1961 23.6895 2.0000 
2612 2613 22 2.9077 3.6693 -23.8859 2.9030 3.6858 -24.0852 0.0890 0.2000 0.4314 0.3922 0.1961 23.8552 2.0000 
2613 2614 22 2.9030 3.6858 -24.0852 2.8821 3.6847 -24.2841 0.0890 0.2000 0.4314 0.3922 0.1961 24.0229 2.0000 
2614 2615 22 2.8821 3.6847 -24.2841 2.8595 3.6766 -24.4826 0.0890 0.2000 0.4314 0.3922 0.1961 24.1926 2.0000 
2615 2616 22 2.8595 3.6766 -24.4826 2.8244 3.6589 -24.6787 0.0890 0.2000 0.4314 0.3922 0.1961 24.3644 2.0000 
2616 2617 22 2.8244 3.6589 -24.6787 2.8363 3.6153 -24.8736 0.0890 0.2000 0.4314 0.3922 0.1961 24.5383 2.0000 
2617 2618 22 2.8363 3.6153 -24.8736 2.8421 3.5548 -25.0641 0.0890 0.2000 0.4314 0.3922 0.1961 24.7144 2.0000 
2618 2619 22 2.8421 3.5548 -25.0641 2.8462 3.5018 -25.2569 0.0890 0.2000 0.4314 0.3922 0.1961 24.8928 2.0000 
2619 2620 22 2.8462 3.5018 -25.2569 2.8643 3.4223 -25.4396 0.0890 0.2000 0.4314 0.3922 0.1961 25.0734 2.0000 
2620 2621 22 2.8643 3.4223 -25.4396 2.8937 3.3406 -25.6197 0.0890 0.2000 0.4314 0.3922 0.1961 25.2563 2.0000 
2621 2622 22 2.8937 3.3406 -25.6197 2.9112 3.2846 -25.8109 0.0890 0.2000 0.4314 0.3922 0.1961 25.4417 2.0000 
2622 2623 22 2.9112 3.2846 -25.8109 2.9256 3.2144 -25.9976 0.0890 0.2000 0.4314 0.3922 0.1961 25.6296 2.0000 
2623 2624 22 2.9256 3.2144 -25.9976 2.9552 3.1531 -26.1857 0.0890 0.2000 0.4314 0.3922 0.1961 25.8199 2.0000 
2624 2625 22 2.9552 3.1531 -26.1857 2.9752 3.0920 -26.3751 0.0890 0.2000 0.4314 0.3922 0.1961 26.0129 2.0000 
2625 2626 22 2.9752 3.0920 -26.3751 2.9750 3.0297 -26.5651 0.0890 0.2000 0.4314 0.3922 0.1961 26.2086 2.0000 
2626 2627 22 2.9750 3.0297 -26.5651 2.9710 2.9720 -26.7566 0.0890 0.2000 0.4314 0.3922 0.1961 26.4071 2.0000 
2627 2628 22 2.9710 2.9720 -26.7566 2.9653 2.9116 -26.9471 0.0890 0.2000 0.4314 0.3922 0.1961 26.6083 2.0000 
2628 2629 22 2.9653 2.9116 -26.9471 2.9762 2.8559 -27.1389 0.0890 0.2000 0.4314 0.3922 0.1961 26.8125 2.0000 
2629 2630 22 2.9762 2.8559 -27.1389 2.9932 2.7371 -27.2989 0.0890 0.2000 0.4314 0.3922 0.1961 27.0197 2.0000 
2630 2631 22 2.9932 2.7371 -27.2989 3.0047 2.6358 -27.4710 0.0890 0.2000 0.4314 0.3922 0.1961 27.2300 2.0000 
2631 2632 22 3.0047 2.6358 -27.4710 2.9916 2.5501 -27.6512 0.0890 0.2000 0.4314 0.3922 0.1961 27.4435 2.0000 
2632 2633 22 2.9916 2.5501 -27.6512 2.9845 2.4721 -27.8353 0.0890 0.2000 0.4314 0.3922 0.1961 27.6603 2.0000 
2633 2634 22 2.9845 2.4721 -27.8353 2.9770 2.3938 -28.0191 0.0890 0.2000 0.4314 0.3922 0.1961 27.8804 2.0000 
2634 2635 22 2.9770 2.3938 -28.0191 2.9611 2.3259 -28.2066 0.0890 0.2000 0.4314 0.3922 0.1961 28.1041 2.0000 
2635 2636 22 2.9611 2.3259 -28.2066 2.9553 2.2752 -28.4000 0.0890 0.2000 0.4314 0.3922 0.1961 28.3314 2.0000 
2636 2637 22 2.9553 2.2752 -28.4000 2.9216 2.2359 -28.5931 0.0890 0.2000 0.4314 0.3922 0.1961 28.5624 2.0000 
2637 2638 22 2.9216 2.2359 -28.5931 2.8637 2.1808 -28.7765 0.0890 0.2000 0.4314 0.3922 0.1961 28.7972 2.0000 
2638 2639 22 2.8637 2.1808 -28.7765 2.8058 2.1628 -28.9671 0.0890 0.2000 0.4314 0.3922 0.1961 29.0361 2.0000 
2639 2640 22 2.8058 2.1628 -28.9671 2.7792 2.1272 -29.1621 0.0890 0.2000 0.4314 0.3922 0.1961 29.2790 2.0000 
2640 2641 22 2.7792 2.1272 -29.1621 2.6711 2.0963 -29.3275 0.0890 0.2000 0.4314 0.3922 0.1961 29.5263 2.0000 
2641 2642 22 2.6711 2.0963 -29.3275 2.5479 2.0670 -29.4823 0.0890 0.2000 0.4314 0.3922 0.1961 29.7779 2.0000 
2642 2643 22 2.5479 2.0670 -29.4823 2.4223 2.0481 -29.6006 0.0890 0.1736 0.4314 0.3922 0.1961 30.0000 2.0000 
52 2644 23 -0.0058 -0.3479 -11.6873 0.1823 -0.3991 -11.7320 0.0579 0.2000 0.4314 0.3922 0.1961 15.1128 2.0000 
2644 2645 23 0.1823 -0.3991 -11.7320 0.3706 -0.4511 -11.7749 0.0579 0.2000 0.4314 0.3922 0.1961 15.2110 2.0000 
2645 2646 23 0.3706 -0.4511 -11.7749 0.5445 -0.5001 -11.8607 0.0579 0.2000 0.4314 0.3922 0.1961 15.3098 2.0000 
2646 2647 23 0.5445 -0.5001 -11.8607 0.7172 -0.5503 -11.9482 0.0579 0.2000 0.4314 0.3922 0.1961 15.4094 2.0000 
2647 2648 23 0.7172 -0.5503 -11.9482 0.8841 -0.5907 -12.0507 0.0579 0.2000 0.4314 0.3922 0.1961 15.5096 2.0000 
2648 2649 23 0.8841 -0.5907 -12.0507 1.0426 -0.6368 -12.1637 0.0579 0.2000 0.4314 0.3922 0.1961 15.6105 2.0000 
2649 2650 23 1.0426 -0.6368 -12.1637 1.2128 -0.6594 -12.2661 0.0579 0.2000 0.4314 0.3922 0.1961 15.7121 2.0000 
2650 2651 23 1.2128 -0.6594 -12.2661 1.3891 -0.7385 -12.3179 0.0579 0.2000 0.4314 0.3922 0.1961 15.8145 2.0000 
2651 2652 23 1.3891 -0.7385 -12.3179 1.5588 -0.8137 -12.3925 0.0579 0.2000 0.4314 0.3922 0.1961 15.9175 2.0000 
2652 2653 23 1.5588 -0.8137 -12.3925 1.7288 -0.8831 -12.4716 0.0579 0.2000 0.4314 0.3922 0.1961 16.0213 2.0000 
2653 2654 23 1.7288 -0.8831 -12.4716 1.8916 -0.9624 -12.5566 0.0579 0.2000 0.4314 0.3922 0.1961 16.1258 2.0000 
2654 2655 23 1.8916 -0.9624 -12.5566 2.0590 -1.0520 -12.6194 0.0579 0.2000 0.4314 0.3922 0.1961 16.2311 2.0000 
2655 2656 23 2.0590 -1.0520 -12.6194 2.2177 -1.1441 -12.6990 0.0579 0.2000 0.4314 0.3922 0.1961 16.3372 2.0000 
2656 2657 23 2.2177 -1.1441 -12.6990 2.3813 -1.2152 -12.7894 0.0579 0.2000 0.4314 0.3922 0.1961 16.4440 2.0000 
2657 2658 23 2.3813 -1.2152 -12.7894 2.5568 -1.2603 -12.8740 0.0579 0.2000 0.4314 0.3922 0.1961 16.5516 2.0000 
2658 2659 23 2.5568 -1.2603 -12.8740 2.7308 -1.3076 -12.9605 0.0579 0.2000 0.4314 0.3922 0.1961 16.6600 2.0000 
2659 2660 23 2.7308 -1.3076 -12.9605 2.8860 -1.3613 -13.0747 0.0579 0.2000 0.4314 0.3922 0.1961 16.7692 2.0000 
2660 2661 23 2.8860 -1.3613 -13.0747 3.0416 -1.4156 -13.1879 0.0579 0.2000 0.4314 0.3922 0.1961 16.8793 2.0000 
2661 2662 23 3.0416 -1.4156 -13.1879 3.1885 -1.4590 -13.3166 0.0579 0.2000 0.4314 0.3922 0.1961 16.9902 2.0000 
2662 2663 23 3.1885 -1.4590 -13.3166 3.3354 -1.5026 -13.4451 0.0579 0.2000 0.4314 0.3922 0.1961 17.1019 2.0000 
2663 2664 23 3.3354 -1.5026 -13.4451 3.4823 -1.5463 -13.5736 0.0579 0.2000 0.4314 0.3922 0.1961 17.2145 2.0000 
2664 2665 23 3.4823 -1.5463 -13.5736 3.6303 -1.5899 -13.7009 0.0579 0.2000 0.4314 0.3922 0.1961 17.3280 2.0000 
2665 2666 23 3.6303 -1.5899 -13.7009 3.7885 -1.6385 -13.8131 0.0579 0.2000 0.4314 0.3922 0.1961 17.4423 2.0000 
2666 2667 23 3.7885 -1.6385 -13.8131 3.9505 -1.6767 -13.9241 0.0579 0.2000 0.4314 0.3922 0.1961 17.5576 2.0000 
2667 2668 23 3.9505 -1.6767 -13.9241 4.1138 -1.6919 -14.0384 0.0579 0.2000 0.4314 0.3922 0.1961 17.6738 2.0000 
2668 2669 23 4.1138 -1.6919 -14.0384 4.2808 -1.7154 -14.1460 0.0579 0.2000 0.4314 0.3922 0.1961 17.7909 2.0000 
2669 2670 23 4.2808 -1.7154 -14.1460 4.4374 -1.7572 -14.2632 0.0579 0.2000 0.4314 0.3922 0.1961 17.9090 2.0000 
2670 2671 23 4.4374 -1.7572 -14.2632 4.5957 -1.7984 -14.3783 0.0579 0.2000 0.4314 0.3922 0.1961 18.0280 2.0000 
2671 2672 23 4.5957 -1.7984 -14.3783 4.7587 -1.8365 -14.4877 0.0579 0.2000 0.4314 0.3922 0.1961 18.1480 2.0000 
2672 2673 23 4.7587 -1.8365 -14.4877 4.9264 -1.9039 -14.5732 0.0579 0.2000 0.4314 0.3922 0.1961 18.2690 2.0000 
2673 2674 23 4.9264 -1.9039 -14.5732 5.0923 -1.9745 -14.6600 0.0579 0.2000 0.4314 0.3922 0.1961 18.3910 2.0000 
2674 2675 23 5.0923 -1.9745 -14.6600 5.2529 -2.0436 -14.7570 0.0579 0.2000 0.4314 0.3922 0.1961 18.5141 2.0000 
2675 2676 23 5.2529 -2.0436 -14.7570 5.4137 -2.0677 -14.8735 0.0579 0.2000 0.4314 0.3922 0.1961 18.6382 2.0000 
2676 2677 23 5.4137 -2.0677 -14.8735 5.5363 -2.1031 -15.0275 0.0579 0.2000 0.4314 0.3922 0.1961 18.7633 2.0000 
2677 2678 23 5.5363 -2.1031 -15.0275 5.6387 -2.1447 -15.1942 0.0579 0.2000 0.4314 0.3922 0.1961 18.8896 2.0000 
2678 2679 23 5.6387 -2.1447 -15.1942 5.7554 -2.1923 -15.3495 0.0579 0.2000 0.4314 0.3922 0.1961 19.0169 2.0000 
2679 2680 23 5.7554 -2.1923 -15.3495 5.8437 -2.2704 -15.5110 0.0579 0.2000 0.4314 0.3922 0.1961 19.1454 2.0000 
2680 2681 23 5.8437 -2.2704 -15.5110 5.9362 -2.3480 -15.6705 0.0579 0.2000 0.4314 0.3922 0.1961 19.2750 2.0000 
2681 2682 23 5.9362 -2.3480 -15.6705 6.0112 -2.4404 -15.8312 0.0579 0.2000 0.4314 0.3922 0.1961 19.4058 2.0000 
2682 2683 23 6.0112 -2.4404 -15.8312 6.0914 -2.5439 -15.9823 0.0579 0.2000 0.4314 0.3922 0.1961 19.5377 2.0000 
2683 2684 23 6.0914 -2.5439 -15.9823 6.1519 -2.6608 -16.1330 0.0579 0.2000 0.4314 0.3922 0.1961 19.6709 2.0000 
2684 2685 23 6.1519 -2.6608 -16.1330 6.1869 -2.7571 -16.3048 0.0579 0.2000 0.4314 0.3922 0.1961 19.8052 2.0000 
2685 2686 23 6.1869 -2.7571 -16.3048 6.1613 -2.8397 -16.4851 0.0579 0.2000 0.4314 0.3922 0.1961 19.9409 2.0000 
2686 2687 23 6.1613 -2.8397 -16.4851 6.1882 -2.9318 -16.6606 0.0579 0.2000 0.4314 0.3922 0.1961 20.0778 2.0000 
2687 2688 23 6.1882 -2.9318 -16.6606 6.1870 -3.0345 -16.8322 0.0579 0.2000 0.4314 0.3922 0.1961 20.2160 2.0000 
2688 2689 23 6.1870 -3.0345 -16.8322 6.1425 -3.1317 -17.0012 0.0579 0.2000 0.4314 0.3922 0.1961 20.3555 2.0000 
2689 2690 23 6.1425 -3.1317 -17.0012 6.0500 -3.2065 -17.1620 0.0579 0.2000 0.4314 0.3922 0.1961 20.4964 2.0000 
2690 2691 23 6.0500 -3.2065 -17.1620 5.9386 -3.2374 -17.3252 0.0579 0.2000 0.4314 0.3922 0.1961 20.6386 2.0000 
2691 2692 23 5.9386 -3.2374 -17.3252 5.8269 -3.2527 -17.4904 0.0579 0.2000 0.4314 0.3922 0.1961 20.7823 2.0000 
2692 2693 23 5.8269 -3.2527 -17.4904 5.7260 -3.2726 -17.6619 0.0579 0.2000 0.4314 0.3922 0.1961 20.9273 2.0000 
2693 2694 23 5.7260 -3.2726 -17.6619 5.6301 -3.2997 -17.8353 0.0579 0.2000 0.4314 0.3922 0.1961 21.0739 2.0000 
2694 2695 23 5.6301 -3.2997 -17.8353 5.5599 -3.2991 -18.0226 0.0579 0.2000 0.4314 0.3922 0.1961 21.2219 2.0000 
2695 2696 23 5.5599 -3.2991 -18.0226 5.4834 -3.2831 -18.2067 0.0579 0.2000 0.4314 0.3922 0.1961 21.3714 2.0000 
2696 2697 23 5.4834 -3.2831 -18.2067 5.4059 -3.2679 -18.3904 0.0579 0.2000 0.4314 0.3922 0.1961 21.5225 2.0000 
2697 2698 23 5.4059 -3.2679 -18.3904 5.3314 -3.2540 -18.5755 0.0579 0.2000 0.4314 0.3922 0.1961 21.6752 2.0000 
2698 2699 23 5.3314 -3.2540 -18.5755 5.2581 -3.2880 -18.7585 0.0579 0.2000 0.4314 0.3922 0.1961 21.8294 2.0000 
2699 2700 23 5.2581 -3.2880 -18.7585 5.1697 -3.2638 -18.9362 0.0579 0.2000 0.4314 0.3922 0.1961 21.9854 2.0000 
2700 2701 23 5.1697 -3.2638 -18.9362 5.0629 -3.2297 -19.1018 0.0579 0.2000 0.4314 0.3922 0.1961 22.1430 2.0000 
2701 2702 23 5.0629 -3.2297 -19.1018 4.9675 -3.1840 -19.2716 0.0579 0.2000 0.4314 0.3922 0.1961 22.3023 2.0000 
2702 2703 23 4.9675 -3.1840 -19.2716 4.8746 -3.1402 -19.4432 0.0579 0.2000 0.4314 0.3922 0.1961 22.4634 2.0000 
2703 2704 23 4.8746 -3.1402 -19.4432 4.7928 -3.1107 -19.6233 0.0579 0.2000 0.4314 0.3922 0.1961 22.6263 2.0000 
2704 2705 23 4.7928 -3.1107 -19.6233 4.7062 -3.0966 -19.8030 0.0579 0.2000 0.4314 0.3922 0.1961 22.7910 2.0000 
2705 2706 23 4.7062 -3.0966 -19.8030 4.6078 -3.1015 -19.9771 0.0579 0.2000 0.4314 0.3922 0.1961 22.9576 2.0000 
2706 2707 23 4.6078 -3.1015 -19.9771 4.5055 -3.1128 -20.1485 0.0579 0.2000 0.4314 0.3922 0.1961 23.1262 2.0000 
2707 2708 23 4.5055 -3.1128 -20.1485 4.4125 -3.1684 -20.3167 0.0579 0.2000 0.4314 0.3922 0.1961 23.2967 2.0000 
2708 2709 23 4.4125 -3.1684 -20.3167 4.3035 -3.2162 -20.4774 0.0579 0.2000 0.4314 0.3922 0.1961 23.4692 2.0000 
2709 2710 23 4.3035 -3.2162 -20.4774 4.2069 -3.2692 -20.6443 0.0579 0.2000 0.4314 0.3922 0.1961 23.6438 2.0000 
2710 2711 23 4.2069 -3.2692 -20.6443 4.1569 -3.3707 -20.8093 0.0579 0.2000 0.4314 0.3922 0.1961 23.8205 2.0000 
2711 2712 23 4.1569 -3.3707 -20.8093 4.1080 -3.4428 -20.9893 0.0579 0.2000 0.4314 0.3922 0.1961 23.9994 2.0000 
2712 2713 23 4.1080 -3.4428 -20.9893 4.0358 -3.4824 -21.1715 0.0579 0.2000 0.4314 0.3922 0.1961 24.1805 2.0000 
2713 2714 23 4.0358 -3.4824 -21.1715 3.9731 -3.5372 -21.3533 0.0579 0.2000 0.4314 0.3922 0.1961 24.3638 2.0000 
2714 2715 23 3.9731 -3.5372 -21.3533 3.9215 -3.5705 -21.5437 0.0579 0.2000 0.4314 0.3922 0.1961 24.5495 2.0000 
2715 2716 23 3.9215 -3.5705 -21.5437 3.8557 -3.6122 -21.7279 0.0579 0.2000 0.4314 0.3922 0.1961 24.7376 2.0000 
2716 2717 23 3.8557 -3.6122 -21.7279 3.8343 -3.6577 -21.9215 0.0579 0.2000 0.4314 0.3922 0.1961 24.9282 2.0000 
2717 2718 23 3.8343 -3.6577 -21.9215 3.8113 -3.7106 -22.1130 0.0579 0.2000 0.4314 0.3922 0.1961 25.1213 2.0000 
2718 2719 23 3.8113 -3.7106 -22.1130 3.7924 -3.7474 -22.3087 0.0579 0.2000 0.4314 0.3922 0.1961 25.3169 2.0000 
2719 2720 23 3.7924 -3.7474 -22.3087 3.7565 -3.7254 -22.5042 0.0579 0.2000 0.4314 0.3922 0.1961 25.5153 2.0000 
2720 2721 23 3.7565 -3.7254 -22.5042 3.7754 -3.6968 -22.7012 0.0579 0.2000 0.4314 0.3922 0.1961 25.7163 2.0000 
2721 2722 23 3.7754 -3.6968 -22.7012 3.7860 -3.6672 -22.8987 0.0579 0.2000 0.4314 0.3922 0.1961 25.9202 2.0000 
2722 2723 23 3.7860 -3.6672 -22.8987 3.7565 -3.6632 -23.0965 0.0579 0.2000 0.4314 0.3922 0.1961 26.1270 2.0000 
2723 2724 23 3.7565 -3.6632 -23.0965 3.7401 -3.7124 -23.2897 0.0579 0.2000 0.4314 0.3922 0.1961 26.3367 2.0000 
2724 2725 23 3.7401 -3.7124 -23.2897 3.7322 -3.7350 -23.4882 0.0579 0.2000 0.4314 0.3922 0.1961 26.5495 2.0000 
2725 2726 23 3.7322 -3.7350 -23.4882 3.7186 -3.7618 -23.6860 0.0579 0.2000 0.4314 0.3922 0.1961 26.7654 2.0000 
2726 2727 23 3.7186 -3.7618 -23.6860 3.7095 -3.7673 -23.8857 0.0579 0.2000 0.4314 0.3922 0.1961 26.9846 2.0000 
2727 2728 23 3.7095 -3.7673 -23.8857 3.7019 -3.7745 -24.0854 0.0579 0.2000 0.4314 0.3922 0.1961 27.2072 2.0000 
2728 2729 23 3.7019 -3.7745 -24.0854 3.6999 -3.7795 -24.2853 0.0579 0.2000 0.4314 0.3922 0.1961 27.4331 2.0000 
2729 2730 23 3.6999 -3.7795 -24.2853 3.6942 -3.7954 -24.4846 0.0579 0.2000 0.4314 0.3922 0.1961 27.6627 2.0000 
2730 2731 23 3.6942 -3.7954 -24.4846 3.7059 -3.8029 -24.6841 0.0579 0.2000 0.4314 0.3922 0.1961 27.8959 2.0000 
2731 2732 23 3.7059 -3.8029 -24.6841 3.7008 -3.8074 -24.8840 0.0579 0.2000 0.4314 0.3922 0.1961 28.1329 2.0000 
2732 2733 23 3.7008 -3.8074 -24.8840 3.6972 -3.8081 -25.0840 0.0579 0.2000 0.4314 0.3922 0.1961 28.3738 2.0000 
2733 2734 23 3.6972 -3.8081 -25.0840 3.6723 -3.7852 -25.2811 0.0579 0.2000 0.4314 0.3922 0.1961 28.6187 2.0000 
2734 2735 23 3.6723 -3.7852 -25.2811 3.6321 -3.7691 -25.4764 0.0579 0.2000 0.4314 0.3922 0.1961 28.8679 2.0000 
2735 2736 23 3.6321 -3.7691 -25.4764 3.6126 -3.7576 -25.6751 0.0579 0.2000 0.4314 0.3922 0.1961 29.1213 2.0000 
2736 2737 23 3.6126 -3.7576 -25.6751 3.5833 -3.7418 -25.8723 0.0579 0.2000 0.4314 0.3922 0.1961 29.3793 2.0000 
2737 2738 23 3.5833 -3.7418 -25.8723 3.5891 -3.7289 -26.0718 0.0579 0.2000 0.4314 0.3922 0.1961 29.6419 2.0000 
2738 2739 23 3.5891 -3.7289 -26.0718 3.6400 -3.7201 -26.2650 0.0579 0.2000 0.4314 0.3922 0.1961 29.9093 2.0000 
2739 2740 23 3.6400 -3.7201 -26.2650 3.6519 -3.7162 -26.3308 0.0579 0.0670 0.4314 0.3922 0.1961 30.0000 2.0000 
54 2741 24 -0.0040 -0.3225 -12.0506 0.1424 -0.4437 -12.1127 0.0542 0.2000 0.4314 0.3922 0.1961 15.5007 2.0000 
2741 2742 24 0.1424 -0.4437 -12.1127 0.2890 -0.5644 -12.1756 0.0542 0.2000 0.4314 0.3922 0.1961 15.6049 2.0000 
2742 2743 24 0.2890 -0.5644 -12.1756 0.4370 -0.6955 -12.2057 0.0542 0.2000 0.4314 0.3922 0.1961 15.7098 2.0000 
2743 2744 24 0.4370 -0.6955 -12.2057 0.5979 -0.8140 -12.2135 0.0542 0.2000 0.4314 0.3922 0.1961 15.8155 2.0000 
2744 2745 24 0.5979 -0.8140 -12.2135 0.7414 -0.9328 -12.2863 0.0542 0.2000 0.4314 0.3922 0.1961 15.9219 2.0000 
2745 2746 24 0.7414 -0.9328 -12.2863 0.8849 -1.0498 -12.3618 0.0542 0.2000 0.4314 0.3922 0.1961 16.0291 2.0000 
2746 2747 24 0.8849 -1.0498 -12.3618 1.0218 -1.1722 -12.4412 0.0542 0.2000 0.4314 0.3922 0.1961 16.1370 2.0000 
2747 2748 24 1.0218 -1.1722 -12.4412 1.1625 -1.2907 -12.5196 0.0542 0.2000 0.4314 0.3922 0.1961 16.2457 2.0000 
2748 2749 24 1.1625 -1.2907 -12.5196 1.2923 -1.4118 -12.6118 0.0542 0.2000 0.4314 0.3922 0.1961 16.3552 2.0000 
2749 2750 24 1.2923 -1.4118 -12.6118 1.4034 -1.5436 -12.7132 0.0542 0.2000 0.4314 0.3922 0.1961 16.4655 2.0000 
2750 2751 24 1.4034 -1.5436 -12.7132 1.5122 -1.6747 -12.8179 0.0542 0.2000 0.4314 0.3922 0.1961 16.5766 2.0000 
2751 2752 24 1.5122 -1.6747 -12.8179 1.6183 -1.7974 -12.9350 0.0542 0.2000 0.4314 0.3922 0.1961 16.6885 2.0000 
2752 2753 24 1.6183 -1.7974 -12.9350 1.7290 -1.9177 -13.0502 0.0542 0.2000 0.4314 0.3922 0.1961 16.8013 2.0000 
2753 2754 24 1.7290 -1.9177 -13.0502 1.8396 -2.0380 -13.1655 0.0542 0.2000 0.4314 0.3922 0.1961 16.9149 2.0000 
2754 2755 24 1.8396 -2.0380 -13.1655 1.9556 -2.1647 -13.2680 0.0542 0.2000 0.4314 0.3922 0.1961 17.0293 2.0000 
2755 2756 24 1.9556 -2.1647 -13.2680 2.0626 -2.3019 -13.3665 0.0542 0.2000 0.4314 0.3922 0.1961 17.1447 2.0000 
2756 2757 24 2.0626 -2.3019 -13.3665 2.1652 -2.4377 -13.4716 0.0542 0.2000 0.4314 0.3922 0.1961 17.2609 2.0000 
2757 2758 24 2.1652 -2.4377 -13.4716 2.2799 -2.5713 -13.5663 0.0542 0.2000 0.4314 0.3922 0.1961 17.3780 2.0000 
2758 2759 24 2.2799 -2.5713 -13.5663 2.4092 -2.7034 -13.6427 0.0542 0.2000 0.4314 0.3922 0.1961 17.4960 2.0000 
2759 2760 24 2.4092 -2.7034 -13.6427 2.5386 -2.8352 -13.7195 0.0542 0.2000 0.4314 0.3922 0.1961 17.6150 2.0000 
2760 2761 24 2.5386 -2.8352 -13.7195 2.6680 -2.9670 -13.7962 0.0542 0.2000 0.4314 0.3922 0.1961 17.7348 2.0000 
2761 2762 24 2.6680 -2.9670 -13.7962 2.8115 -3.0896 -13.8623 0.0542 0.2000 0.4314 0.3922 0.1961 17.8557 2.0000 
2762 2763 24 2.8115 -3.0896 -13.8623 2.9532 -3.2091 -13.9374 0.0542 0.2000 0.4314 0.3922 0.1961 17.9775 2.0000 
2763 2764 24 2.9532 -3.2091 -13.9374 3.0884 -3.2992 -14.0541 0.0542 0.2000 0.4314 0.3922 0.1961 18.1003 2.0000 
2764 2765 24 3.0884 -3.2992 -14.0541 3.2471 -3.3567 -14.1613 0.0542 0.2000 0.4314 0.3922 0.1961 18.2241 2.0000 
2765 2766 24 3.2471 -3.3567 -14.1613 3.4146 -3.4278 -14.2443 0.0542 0.2000 0.4314 0.3922 0.1961 18.3490 2.0000 
2766 2767 24 3.4146 -3.4278 -14.2443 3.5647 -3.5069 -14.3502 0.0542 0.2000 0.4314 0.3922 0.1961 18.4748 2.0000 
2767 2768 24 3.5647 -3.5069 -14.3502 3.6842 -3.5677 -14.4986 0.0542 0.2000 0.4314 0.3922 0.1961 18.6018 2.0000 
2768 2769 24 3.6842 -3.5677 -14.4986 3.8043 -3.6005 -14.6551 0.0542 0.2000 0.4314 0.3922 0.1961 18.7298 2.0000 
2769 2770 24 3.8043 -3.6005 -14.6551 3.9061 -3.6172 -14.8265 0.0542 0.2000 0.4314 0.3922 0.1961 18.8589 2.0000 
2770 2771 24 3.9061 -3.6172 -14.8265 3.9759 -3.6402 -15.0125 0.0542 0.2000 0.4314 0.3922 0.1961 18.9891 2.0000 
2771 2772 24 3.9759 -3.6402 -15.0125 4.0227 -3.6771 -15.2034 0.0542 0.2000 0.4314 0.3922 0.1961 19.1204 2.0000 
2772 2773 24 4.0227 -3.6771 -15.2034 4.0549 -3.7123 -15.3976 0.0542 0.2000 0.4314 0.3922 0.1961 19.2529 2.0000 
2773 2774 24 4.0549 -3.7123 -15.3976 4.0510 -3.7274 -15.5970 0.0542 0.2000 0.4314 0.3922 0.1961 19.3865 2.0000 
2774 2775 24 4.0510 -3.7274 -15.5970 4.0249 -3.7291 -15.7953 0.0542 0.2000 0.4314 0.3922 0.1961 19.5214 2.0000 
2775 2776 24 4.0249 -3.7291 -15.7953 3.9737 -3.7035 -15.9869 0.0542 0.2000 0.4314 0.3922 0.1961 19.6574 2.0000 
2776 2777 24 3.9737 -3.7035 -15.9869 3.9180 -3.7022 -16.1790 0.0542 0.2000 0.4314 0.3922 0.1961 19.7947 2.0000 
2777 2778 24 3.9180 -3.7022 -16.1790 3.8810 -3.7104 -16.3754 0.0542 0.2000 0.4314 0.3922 0.1961 19.9332 2.0000 
2778 2779 24 3.8810 -3.7104 -16.3754 3.8900 -3.7238 -16.5747 0.0542 0.2000 0.4314 0.3922 0.1961 20.0730 2.0000 
2779 2780 24 3.8900 -3.7238 -16.5747 3.8984 -3.7390 -16.7740 0.0542 0.2000 0.4314 0.3922 0.1961 20.2142 2.0000 
2780 2781 24 3.8984 -3.7390 -16.7740 3.8894 -3.7542 -16.9732 0.0542 0.2000 0.4314 0.3922 0.1961 20.3566 2.0000 
2781 2782 24 3.8894 -3.7542 -16.9732 3.9034 -3.7680 -17.1722 0.0542 0.2000 0.4314 0.3922 0.1961 20.5004 2.0000 
2782 2783 24 3.9034 -3.7680 -17.1722 3.9261 -3.7485 -17.3700 0.0542 0.2000 0.4314 0.3922 0.1961 20.6456 2.0000 
2783 2784 24 3.9261 -3.7485 -17.3700 3.9310 -3.7426 -17.5698 0.0542 0.2000 0.4314 0.3922 0.1961 20.7922 2.0000 
2784 2785 24 3.9310 -3.7426 -17.5698 3.9472 -3.7569 -17.7686 0.0542 0.2000 0.4314 0.3922 0.1961 20.9402 2.0000 
2785 2786 24 3.9472 -3.7569 -17.7686 3.9540 -3.7926 -17.9653 0.0542 0.2000 0.4314 0.3922 0.1961 21.0897 2.0000 
2786 2787 24 3.9540 -3.7926 -17.9653 3.9531 -3.8271 -18.1623 0.0542 0.2000 0.4314 0.3922 0.1961 21.2406 2.0000 
2787 2788 24 3.9531 -3.8271 -18.1623 3.9719 -3.8557 -18.3594 0.0542 0.2000 0.4314 0.3922 0.1961 21.3931 2.0000 
2788 2789 24 3.9719 -3.8557 -18.3594 3.9979 -3.9227 -18.5460 0.0542 0.2000 0.4314 0.3922 0.1961 21.5471 2.0000 
2789 2790 24 3.9979 -3.9227 -18.5460 4.0246 -3.9903 -18.7323 0.0542 0.2000 0.4314 0.3922 0.1961 21.7028 2.0000 
2790 2791 24 4.0246 -3.9903 -18.7323 4.0748 -3.9904 -18.9259 0.0542 0.2000 0.4314 0.3922 0.1961 21.8600 2.0000 
2791 2792 24 4.0748 -3.9904 -18.9259 4.1029 -3.9908 -19.1240 0.0542 0.2000 0.4314 0.3922 0.1961 22.0189 2.0000 
2792 2793 24 4.1029 -3.9908 -19.1240 4.1261 -3.9939 -19.3226 0.0542 0.2000 0.4314 0.3922 0.1961 22.1795 2.0000 
2793 2794 24 4.1261 -3.9939 -19.3226 4.1473 -3.9822 -19.5211 0.0542 0.2000 0.4314 0.3922 0.1961 22.3418 2.0000 
2794 2795 24 4.1473 -3.9822 -19.5211 4.1797 -3.9658 -19.7178 0.0542 0.2000 0.4314 0.3922 0.1961 22.5058 2.0000 
2795 2796 24 4.1797 -3.9658 -19.7178 4.1704 -3.9931 -19.9157 0.0542 0.2000 0.4314 0.3922 0.1961 22.6716 2.0000 
2796 2797 24 4.1704 -3.9931 -19.9157 4.1569 -4.0214 -20.1132 0.0542 0.2000 0.4314 0.3922 0.1961 22.8393 2.0000 
2797 2798 24 4.1569 -4.0214 -20.1132 4.1522 -4.0365 -20.3126 0.0542 0.2000 0.4314 0.3922 0.1961 23.0089 2.0000 
2798 2799 24 4.1522 -4.0365 -20.3126 4.1471 -4.0835 -20.5069 0.0542 0.2000 0.4314 0.3922 0.1961 23.1804 2.0000 
2799 2800 24 4.1471 -4.0835 -20.5069 4.1411 -4.1319 -20.7009 0.0542 0.2000 0.4314 0.3922 0.1961 23.3538 2.0000 
2800 2801 24 4.1411 -4.1319 -20.7009 4.1115 -4.1764 -20.8936 0.0542 0.2000 0.4314 0.3922 0.1961 23.5293 2.0000 
2801 2802 24 4.1115 -4.1764 -20.8936 4.0825 -4.2198 -21.0867 0.0542 0.2000 0.4314 0.3922 0.1961 23.7068 2.0000 
2802 2803 24 4.0825 -4.2198 -21.0867 4.0555 -4.2631 -21.2801 0.0542 0.2000 0.4314 0.3922 0.1961 23.8864 2.0000 
2803 2804 24 4.0555 -4.2631 -21.2801 4.0161 -4.3121 -21.4700 0.0542 0.2000 0.4314 0.3922 0.1961 24.0682 2.0000 
2804 2805 24 4.0161 -4.3121 -21.4700 3.9789 -4.3266 -21.6659 0.0542 0.2000 0.4314 0.3922 0.1961 24.2521 2.0000 
2805 2806 24 3.9789 -4.3266 -21.6659 3.9294 -4.3539 -21.8578 0.0542 0.2000 0.4314 0.3922 0.1961 24.4384 2.0000 
2806 2807 24 3.9294 -4.3539 -21.8578 3.8463 -4.3673 -22.0392 0.0542 0.2000 0.4314 0.3922 0.1961 24.6269 2.0000 
2807 2808 24 3.8463 -4.3673 -22.0392 3.7655 -4.3746 -22.2220 0.0542 0.2000 0.4314 0.3922 0.1961 24.8179 2.0000 
2808 2809 24 3.7655 -4.3746 -22.2220 3.6937 -4.3877 -22.4082 0.0542 0.2000 0.4314 0.3922 0.1961 25.0113 2.0000 
2809 2810 24 3.6937 -4.3877 -22.4082 3.6234 -4.3993 -22.5951 0.0542 0.2000 0.4314 0.3922 0.1961 25.2071 2.0000 
2810 2811 24 3.6234 -4.3993 -22.5951 3.5423 -4.3882 -22.7776 0.0542 0.2000 0.4314 0.3922 0.1961 25.4056 2.0000 
2811 2812 24 3.5423 -4.3882 -22.7776 3.5065 -4.3145 -22.9600 0.0542 0.2000 0.4314 0.3922 0.1961 25.6067 2.0000 
2812 2813 24 3.5065 -4.3145 -22.9600 3.4571 -4.2251 -23.1320 0.0542 0.2000 0.4314 0.3922 0.1961 25.8105 2.0000 
2813 2814 24 3.4571 -4.2251 -23.1320 3.4155 -4.1421 -23.3091 0.0542 0.2000 0.4314 0.3922 0.1961 26.0170 2.0000 
2814 2815 24 3.4155 -4.1421 -23.3091 3.3515 -4.0691 -23.4840 0.0542 0.2000 0.4314 0.3922 0.1961 26.2264 2.0000 
2815 2816 24 3.3515 -4.0691 -23.4840 3.2541 -4.0411 -23.6564 0.0542 0.2000 0.4314 0.3922 0.1961 26.4388 2.0000 
2816 2817 24 3.2541 -4.0411 -23.6564 3.1965 -3.9954 -23.8424 0.0542 0.2000 0.4314 0.3922 0.1961 26.6542 2.0000 
2817 2818 24 3.1965 -3.9954 -23.8424 3.1411 -3.9715 -24.0331 0.0542 0.2000 0.4314 0.3922 0.1961 26.8727 2.0000 
2818 2819 24 3.1411 -3.9715 -24.0331 3.0799 -3.9502 -24.2223 0.0542 0.2000 0.4314 0.3922 0.1961 27.0943 2.0000 
2819 2820 24 3.0799 -3.9502 -24.2223 3.0255 -3.8949 -24.4066 0.0542 0.2000 0.4314 0.3922 0.1961 27.3193 2.0000 
2820 2821 24 3.0255 -3.8949 -24.4066 2.9707 -3.8396 -24.5909 0.0542 0.2000 0.4314 0.3922 0.1961 27.5477 2.0000 
2821 2822 24 2.9707 -3.8396 -24.5909 2.9131 -3.7848 -24.7744 0.0542 0.2000 0.4314 0.3922 0.1961 27.7796 2.0000 
2822 2823 24 2.9131 -3.7848 -24.7744 2.8365 -3.7191 -24.9470 0.0542 0.2000 0.4314 0.3922 0.1961 28.0150 2.0000 
2823 2824 24 2.8365 -3.7191 -24.9470 2.7871 -3.6470 -25.1269 0.0542 0.2000 0.4314 0.3922 0.1961 28.2542 2.0000 
2824 2825 24 2.7871 -3.6470 -25.1269 2.7945 -3.5912 -25.3189 0.0542 0.2000 0.4314 0.3922 0.1961 28.4972 2.0000 
2825 2826 24 2.7945 -3.5912 -25.3189 2.7859 -3.5517 -25.5147 0.0542 0.2000 0.4314 0.3922 0.1961 28.7442 2.0000 
2826 2827 24 2.7859 -3.5517 -25.5147 2.8155 -3.5201 -25.7100 0.0542 0.2000 0.4314 0.3922 0.1961 28.9953 2.0000 
2827 2828 24 2.8155 -3.5201 -25.7100 2.8490 -3.4845 -25.9039 0.0542 0.2000 0.4314 0.3922 0.1961 29.2506 2.0000 
2828 2829 24 2.8490 -3.4845 -25.9039 2.8701 -3.4127 -26.0894 0.0542 0.2000 0.4314 0.3922 0.1961 29.5103 2.0000 
2829 2830 24 2.8701 -3.4127 -26.0894 2.8897 -3.3401 -26.2747 0.0542 0.2000 0.4314 0.3922 0.1961 29.7746 2.0000 
2830 2831 24 2.8897 -3.3401 -26.2747 2.9062 -3.2554 -26.4187 0.0542 0.1679 0.4314 0.3922 0.1961 30.0000 2.0000 
56 2832 25 -0.0336 -0.2956 -12.4065 -0.0836 -0.1141 -12.4742 0.0588 0.2000 0.4314 0.3922 0.1961 15.8656 2.0000 
2832 2833 25 -0.0836 -0.1141 -12.4742 -0.1367 0.0661 -12.5426 0.0588 0.2000 0.4314 0.3922 0.1961 15.9540 2.0000 
2833 2834 25 -0.1367 0.0661 -12.5426 -0.2242 0.2420 -12.5800 0.0588 0.2000 0.4314 0.3922 0.1961 16.0430 2.0000 
2834 2835 25 -0.2242 0.2420 -12.5800 -0.2758 0.4231 -12.6477 0.0588 0.2000 0.4314 0.3922 0.1961 16.1326 2.0000 
2835 2836 25 -0.2758 0.4231 -12.6477 -0.3199 0.6067 -12.7133 0.0588 0.2000 0.4314 0.3922 0.1961 16.2228 2.0000 
2836 2837 25 -0.3199 0.6067 -12.7133 -0.3894 0.7910 -12.7484 0.0588 0.2000 0.4314 0.3922 0.1961 16.3136 2.0000 
2837 2838 25 -0.3894 0.7910 -12.7484 -0.4539 0.9770 -12.7833 0.0588 0.2000 0.4314 0.3922 0.1961 16.4050 2.0000 
2838 2839 25 -0.4539 0.9770 -12.7833 -0.5391 1.1580 -12.7845 0.0588 0.2000 0.4314 0.3922 0.1961 16.4970 2.0000 
2839 2840 25 -0.5391 1.1580 -12.7845 -0.6285 1.3369 -12.7863 0.0588 0.2000 0.4314 0.3922 0.1961 16.5897 2.0000 
2840 2841 25 -0.6285 1.3369 -12.7863 -0.7000 1.5232 -12.7996 0.0588 0.2000 0.4314 0.3922 0.1961 16.6830 2.0000 
2841 2842 25 -0.7000 1.5232 -12.7996 -0.8236 1.6785 -12.8239 0.0588 0.2000 0.4314 0.3922 0.1961 16.7770 2.0000 
2842 2843 25 -0.8236 1.6785 -12.8239 -0.9476 1.8331 -12.8506 0.0588 0.2000 0.4314 0.3922 0.1961 16.8716 2.0000 
2843 2844 25 -0.9476 1.8331 -12.8506 -1.0689 1.9887 -12.8837 0.0588 0.2000 0.4314 0.3922 0.1961 16.9669 2.0000 
2844 2845 25 -1.0689 1.9887 -12.8837 -1.1938 2.1444 -12.8955 0.0588 0.2000 0.4314 0.3922 0.1961 17.0629 2.0000 
2845 2846 25 -1.1938 2.1444 -12.8955 -1.3182 2.3006 -12.9075 0.0588 0.2000 0.4314 0.3922 0.1961 17.1595 2.0000 
2846 2847 25 -1.3182 2.3006 -12.9075 -1.4511 2.4493 -12.9225 0.0588 0.2000 0.4314 0.3922 0.1961 17.2569 2.0000 
2847 2848 25 -1.4511 2.4493 -12.9225 -1.5607 2.6083 -12.9744 0.0588 0.2000 0.4314 0.3922 0.1961 17.3550 2.0000 
2848 2849 25 -1.5607 2.6083 -12.9744 -1.6750 2.7592 -13.0390 0.0588 0.2000 0.4314 0.3922 0.1961 17.4537 2.0000 
2849 2850 25 -1.6750 2.7592 -13.0390 -1.7827 2.9167 -13.0989 0.0588 0.2000 0.4314 0.3922 0.1961 17.5532 2.0000 
2850 2851 25 -1.7827 2.9167 -13.0989 -1.8753 3.0769 -13.1748 0.0588 0.2000 0.4314 0.3922 0.1961 17.6535 2.0000 
2851 2852 25 -1.8753 3.0769 -13.1748 -1.9347 3.2652 -13.2063 0.0588 0.2000 0.4314 0.3922 0.1961 17.7545 2.0000 
2852 2853 25 -1.9347 3.2652 -13.2063 -2.0130 3.4458 -13.2422 0.0588 0.2000 0.4314 0.3922 0.1961 17.8563 2.0000 
2853 2854 25 -2.0130 3.4458 -13.2422 -2.1154 3.6062 -13.3037 0.0588 0.2000 0.4314 0.3922 0.1961 17.9588 2.0000 
2854 2855 25 -2.1154 3.6062 -13.3037 -2.2075 3.7712 -13.3689 0.0588 0.2000 0.4314 0.3922 0.1961 18.0621 2.0000 
2855 2856 25 -2.2075 3.7712 -13.3689 -2.3025 3.9253 -13.4541 0.0588 0.2000 0.4314 0.3922 0.1961 18.1662 2.0000 
2856 2857 25 -2.3025 3.9253 -13.4541 -2.3844 4.0915 -13.5294 0.0588 0.2000 0.4314 0.3922 0.1961 18.2712 2.0000 
2857 2858 25 -2.3844 4.0915 -13.5294 -2.4649 4.2595 -13.6020 0.0588 0.2000 0.4314 0.3922 0.1961 18.3769 2.0000 
2858 2859 25 -2.4649 4.2595 -13.6020 -2.5521 4.4317 -13.6547 0.0588 0.2000 0.4314 0.3922 0.1961 18.4835 2.0000 
2859 2860 25 -2.5521 4.4317 -13.6547 -2.6750 4.5871 -13.6819 0.0588 0.2000 0.4314 0.3922 0.1961 18.5909 2.0000 
2860 2861 25 -2.6750 4.5871 -13.6819 -2.7882 4.7357 -13.7533 0.0588 0.2000 0.4314 0.3922 0.1961 18.6992 2.0000 
2861 2862 25 -2.7882 4.7357 -13.7533 -2.9068 4.8804 -13.8240 0.0588 0.2000 0.4314 0.3922 0.1961 18.8084 2.0000 
2862 2863 25 -2.9068 4.8804 -13.8240 -3.0105 5.0322 -13.9028 0.0588 0.2000 0.4314 0.3922 0.1961 18.9185 2.0000 
2863 2864 25 -3.0105 5.0322 -13.9028 -3.1139 5.1840 -13.9819 0.0588 0.2000 0.4314 0.3922 0.1961 19.0294 2.0000 
2864 2865 25 -3.1139 5.1840 -13.9819 -3.2005 5.3365 -14.0779 0.0588 0.2000 0.4314 0.3922 0.1961 19.1413 2.0000 
2865 2866 25 -3.2005 5.3365 -14.0779 -3.2972 5.4807 -14.1773 0.0588 0.2000 0.4314 0.3922 0.1961 19.2541 2.0000 
2866 2867 25 -3.2972 5.4807 -14.1773 -3.3690 5.6429 -14.2697 0.0588 0.2000 0.4314 0.3922 0.1961 19.3679 2.0000 
2867 2868 25 -3.3690 5.6429 -14.2697 -3.4217 5.8136 -14.3596 0.0588 0.2000 0.4314 0.3922 0.1961 19.4827 2.0000 
2868 2869 25 -3.4217 5.8136 -14.3596 -3.4933 5.9868 -14.4294 0.0588 0.2000 0.4314 0.3922 0.1961 19.5984 2.0000 
2869 2870 25 -3.4933 5.9868 -14.4294 -3.5593 6.1648 -14.4923 0.0588 0.2000 0.4314 0.3922 0.1961 19.7151 2.0000 
2870 2871 25 -3.5593 6.1648 -14.4923 -3.6251 6.3427 -14.5557 0.0588 0.2000 0.4314 0.3922 0.1961 19.8329 2.0000 
2871 2872 25 -3.6251 6.3427 -14.5557 -3.6922 6.5200 -14.6194 0.0588 0.2000 0.4314 0.3922 0.1961 19.9517 2.0000 
2872 2873 25 -3.6922 6.5200 -14.6194 -3.7477 6.6984 -14.6907 0.0588 0.2000 0.4314 0.3922 0.1961 20.0715 2.0000 
2873 2874 25 -3.7477 6.6984 -14.6907 -3.8017 6.8726 -14.7730 0.0588 0.2000 0.4314 0.3922 0.1961 20.1924 2.0000 
2874 2875 25 -3.8017 6.8726 -14.7730 -3.8747 7.0403 -14.8539 0.0588 0.2000 0.4314 0.3922 0.1961 20.3144 2.0000 
2875 2876 25 -3.8747 7.0403 -14.8539 -3.9432 7.2132 -14.9274 0.0588 0.2000 0.4314 0.3922 0.1961 20.4376 2.0000 
2876 2877 25 -3.9432 7.2132 -14.9274 -4.0091 7.3871 -15.0010 0.0588 0.2000 0.4314 0.3922 0.1961 20.5618 2.0000 
2877 2878 25 -4.0091 7.3871 -15.0010 -4.0550 7.5631 -15.0841 0.0588 0.2000 0.4314 0.3922 0.1961 20.6872 2.0000 
2878 2879 25 -4.0550 7.5631 -15.0841 -4.0847 7.7382 -15.1762 0.0588 0.2000 0.4314 0.3922 0.1961 20.8138 2.0000 
2879 2880 25 -4.0847 7.7382 -15.1762 -4.1165 7.8982 -15.2918 0.0588 0.2000 0.4314 0.3922 0.1961 20.9416 2.0000 
2880 2881 25 -4.1165 7.8982 -15.2918 -4.1466 8.0587 -15.4074 0.0588 0.2000 0.4314 0.3922 0.1961 21.0706 2.0000 
2881 2882 25 -4.1466 8.0587 -15.4074 -4.1836 8.2254 -15.5114 0.0588 0.2000 0.4314 0.3922 0.1961 21.2009 2.0000 
2882 2883 25 -4.1836 8.2254 -15.5114 -4.1626 8.3837 -15.6319 0.0588 0.2000 0.4314 0.3922 0.1961 21.3324 2.0000 
2883 2884 25 -4.1626 8.3837 -15.6319 -4.1289 8.5240 -15.7704 0.0588 0.2000 0.4314 0.3922 0.1961 21.4652 2.0000 
2884 2885 25 -4.1289 8.5240 -15.7704 -4.1377 8.6476 -15.9274 0.0588 0.2000 0.4314 0.3922 0.1961 21.5994 2.0000 
2885 2886 25 -4.1377 8.6476 -15.9274 -4.0879 8.7523 -16.0903 0.0588 0.2000 0.4314 0.3922 0.1961 21.7349 2.0000 
2886 2887 25 -4.0879 8.7523 -16.0903 -4.0374 8.8222 -16.2708 0.0588 0.2000 0.4314 0.3922 0.1961 21.8717 2.0000 
2887 2888 25 -4.0374 8.8222 -16.2708 -3.9844 8.8687 -16.4580 0.0588 0.2000 0.4314 0.3922 0.1961 22.0100 2.0000 
2888 2889 25 -3.9844 8.8687 -16.4580 -3.9473 8.9381 -16.6418 0.0588 0.2000 0.4314 0.3922 0.1961 22.1497 2.0000 
2889 2890 25 -3.9473 8.9381 -16.6418 -3.9768 8.9998 -16.8298 0.0588 0.2000 0.4314 0.3922 0.1961 22.2909 2.0000 
2890 2891 25 -3.9768 8.9998 -16.8298 -4.0061 9.0655 -17.0164 0.0588 0.2000 0.4314 0.3922 0.1961 22.4335 2.0000 
2891 2892 25 -4.0061 9.0655 -17.0164 -4.0205 9.1211 -17.2080 0.0588 0.2000 0.4314 0.3922 0.1961 22.5777 2.0000 
2892 2893 25 -4.0205 9.1211 -17.2080 -4.0471 9.1583 -17.4027 0.0588 0.2000 0.4314 0.3922 0.1961 22.7234 2.0000 
2893 2894 25 -4.0471 9.1583 -17.4027 -4.0097 9.1748 -17.5984 0.0588 0.2000 0.4314 0.3922 0.1961 22.8708 2.0000 
2894 2895 25 -4.0097 9.1748 -17.5984 -3.9850 9.2030 -17.7949 0.0588 0.2000 0.4314 0.3922 0.1961 23.0197 2.0000 
2895 2896 25 -3.9850 9.2030 -17.7949 -3.9636 9.2317 -17.9917 0.0588 0.2000 0.4314 0.3922 0.1961 23.1703 2.0000 
2896 2897 25 -3.9636 9.2317 -17.9917 -3.9473 9.2523 -18.1899 0.0588 0.2000 0.4314 0.3922 0.1961 23.3227 2.0000 
2897 2898 25 -3.9473 9.2523 -18.1899 -3.9222 9.2660 -18.3879 0.0588 0.2000 0.4314 0.3922 0.1961 23.4767 2.0000 
2898 2899 25 -3.9222 9.2660 -18.3879 -3.8971 9.2714 -18.5862 0.0588 0.2000 0.4314 0.3922 0.1961 23.6326 2.0000 
2899 2900 25 -3.8971 9.2714 -18.5862 -3.8768 9.2823 -18.7849 0.0588 0.2000 0.4314 0.3922 0.1961 23.7902 2.0000 
2900 2901 25 -3.8768 9.2823 -18.7849 -3.8696 9.2964 -18.9843 0.0588 0.2000 0.4314 0.3922 0.1961 23.9497 2.0000 
2901 2902 25 -3.8696 9.2964 -18.9843 -3.8570 9.3391 -19.1792 0.0588 0.2000 0.4314 0.3922 0.1961 24.1112 2.0000 
2902 2903 25 -3.8570 9.3391 -19.1792 -3.8766 9.4047 -19.3672 0.0588 0.2000 0.4314 0.3922 0.1961 24.2746 2.0000 
2903 2904 25 -3.8766 9.4047 -19.3672 -3.9037 9.4710 -19.5539 0.0588 0.2000 0.4314 0.3922 0.1961 24.4400 2.0000 
2904 2905 25 -3.9037 9.4710 -19.5539 -3.9491 9.5000 -19.7465 0.0588 0.2000 0.4314 0.3922 0.1961 24.6074 2.0000 
2905 2906 25 -3.9491 9.5000 -19.7465 -3.9836 9.5256 -19.9418 0.0588 0.2000 0.4314 0.3922 0.1961 24.7769 2.0000 
2906 2907 25 -3.9836 9.5256 -19.9418 -4.0516 9.5582 -20.1271 0.0588 0.2000 0.4314 0.3922 0.1961 24.9487 2.0000 
2907 2908 25 -4.0516 9.5582 -20.1271 -4.1214 9.5986 -20.3101 0.0588 0.2000 0.4314 0.3922 0.1961 25.1226 2.0000 
2908 2909 25 -4.1214 9.5986 -20.3101 -4.1922 9.6390 -20.4927 0.0588 0.2000 0.4314 0.3922 0.1961 25.2988 2.0000 
2909 2910 25 -4.1922 9.6390 -20.4927 -4.2628 9.6606 -20.6786 0.0588 0.2000 0.4314 0.3922 0.1961 25.4773 2.0000 
2910 2911 25 -4.2628 9.6606 -20.6786 -4.2946 9.6751 -20.8755 0.0588 0.2000 0.4314 0.3922 0.1961 25.6582 2.0000 
2911 2912 25 -4.2946 9.6751 -20.8755 -4.3366 9.6791 -21.0710 0.0588 0.2000 0.4314 0.3922 0.1961 25.8416 2.0000 
2912 2913 25 -4.3366 9.6791 -21.0710 -4.3746 9.6963 -21.2666 0.0588 0.2000 0.4314 0.3922 0.1961 26.0275 2.0000 
2913 2914 25 -4.3746 9.6963 -21.2666 -4.3749 9.7330 -21.4632 0.0588 0.2000 0.4314 0.3922 0.1961 26.2160 2.0000 
2914 2915 25 -4.3749 9.7330 -21.4632 -4.3583 9.7939 -21.6530 0.0588 0.2000 0.4314 0.3922 0.1961 26.4072 2.0000 
2915 2916 25 -4.3583 9.7939 -21.6530 -4.3357 9.8660 -21.8382 0.0588 0.2000 0.4314 0.3922 0.1961 26.6011 2.0000 
2916 2917 25 -4.3357 9.8660 -21.8382 -4.3335 9.9254 -22.0291 0.0588 0.2000 0.4314 0.3922 0.1961 26.7979 2.0000 
2917 2918 25 -4.3335 9.9254 -22.0291 -4.2765 9.9824 -22.2122 0.0588 0.2000 0.4314 0.3922 0.1961 26.9975 2.0000 
2918 2919 25 -4.2765 9.9824 -22.2122 -4.2272 10.0327 -22.3994 0.0588 0.2000 0.4314 0.3922 0.1961 27.2002 2.0000 
2919 2920 25 -4.2272 10.0327 -22.3994 -4.1699 10.0914 -22.5818 0.0588 0.2000 0.4314 0.3922 0.1961 27.4059 2.0000 
2920 2921 25 -4.1699 10.0914 -22.5818 -4.1429 10.1613 -22.7672 0.0588 0.2000 0.4314 0.3922 0.1961 27.6149 2.0000 
2921 2922 25 -4.1429 10.1613 -22.7672 -4.1215 10.2301 -22.9538 0.0588 0.2000 0.4314 0.3922 0.1961 27.8271 2.0000 
2922 2923 25 -4.1215 10.2301 -22.9538 -4.0906 10.2940 -23.1408 0.0588 0.2000 0.4314 0.3922 0.1961 28.0427 2.0000 
2923 2924 25 -4.0906 10.2940 -23.1408 -4.0749 10.3814 -23.3200 0.0588 0.2000 0.4314 0.3922 0.1961 28.2619 2.0000 
2924 2925 25 -4.0749 10.3814 -23.3200 -4.0236 10.4619 -23.4957 0.0588 0.2000 0.4314 0.3922 0.1961 28.4846 2.0000 
2925 2926 25 -4.0236 10.4619 -23.4957 -3.9684 10.5403 -23.6712 0.0588 0.2000 0.4314 0.3922 0.1961 28.7111 2.0000 
2926 2927 25 -3.9684 10.5403 -23.6712 -3.9425 10.5965 -23.8614 0.0588 0.2000 0.4314 0.3922 0.1961 28.9414 2.0000 
2927 2928 25 -3.9425 10.5965 -23.8614 -3.9396 10.6819 -24.0422 0.0588 0.2000 0.4314 0.3922 0.1961 29.1758 2.0000 
2928 2929 25 -3.9396 10.6819 -24.0422 -3.9307 10.7566 -24.2276 0.0588 0.2000 0.4314 0.3922 0.1961 29.4143 2.0000 
2929 2930 25 -3.9307 10.7566 -24.2276 -3.9362 10.8044 -24.4217 0.0588 0.2000 0.4314 0.3922 0.1961 29.6571 2.0000 
2930 2931 25 -3.9362 10.8044 -24.4217 -3.9374 10.8331 -24.6196 0.0588 0.2000 0.4314 0.3922 0.1961 29.9043 2.0000 
2931 2932 25 -3.9374 10.8331 -24.6196 -3.9325 10.8472 -24.6946 0.0588 0.0764 0.4314 0.3922 0.1961 30.0000 2.0000 
58 2933 26 -0.0553 -0.2914 -12.7715 0.1296 -0.3323 -12.8360 0.0701 0.2000 0.4314 0.3922 0.1961 16.2798 2.0000 
2933 2934 26 0.1296 -0.3323 -12.8360 0.3212 -0.3446 -12.8920 0.0701 0.2000 0.4314 0.3922 0.1961 16.3902 2.0000 
2934 2935 26 0.3212 -0.3446 -12.8920 0.5103 -0.3526 -12.9567 0.0701 0.2000 0.4314 0.3922 0.1961 16.5014 2.0000 
2935 2936 26 0.5103 -0.3526 -12.9567 0.6999 -0.3263 -13.0146 0.0701 0.2000 0.4314 0.3922 0.1961 16.6134 2.0000 
2936 2937 26 0.6999 -0.3263 -13.0146 0.8808 -0.2995 -13.0955 0.0701 0.2000 0.4314 0.3922 0.1961 16.7261 2.0000 
2937 2938 26 0.8808 -0.2995 -13.0955 1.0470 -0.2910 -13.2065 0.0701 0.2000 0.4314 0.3922 0.1961 16.8396 2.0000 
2938 2939 26 1.0470 -0.2910 -13.2065 1.2089 -0.3038 -13.3231 0.0701 0.2000 0.4314 0.3922 0.1961 16.9539 2.0000 
2939 2940 26 1.2089 -0.3038 -13.3231 1.3544 -0.3040 -13.4603 0.0701 0.2000 0.4314 0.3922 0.1961 17.0690 2.0000 
2940 2941 26 1.3544 -0.3040 -13.4603 1.5192 -0.2986 -13.5736 0.0701 0.2000 0.4314 0.3922 0.1961 17.1849 2.0000 
2941 2942 26 1.5192 -0.2986 -13.5736 1.6723 -0.2648 -13.6978 0.0701 0.2000 0.4314 0.3922 0.1961 17.3016 2.0000 
2942 2943 26 1.6723 -0.2648 -13.6978 1.8418 -0.2687 -13.8038 0.0701 0.2000 0.4314 0.3922 0.1961 17.4191 2.0000 
2943 2944 26 1.8418 -0.2687 -13.8038 2.0121 -0.2787 -13.9083 0.0701 0.2000 0.4314 0.3922 0.1961 17.5375 2.0000 
2944 2945 26 2.0121 -0.2787 -13.9083 2.1851 -0.2987 -14.0066 0.0701 0.2000 0.4314 0.3922 0.1961 17.6567 2.0000 
2945 2946 26 2.1851 -0.2987 -14.0066 2.3550 -0.3204 -14.1099 0.0701 0.2000 0.4314 0.3922 0.1961 17.7768 2.0000 
2946 2947 26 2.3550 -0.3204 -14.1099 2.5341 -0.3301 -14.1983 0.0701 0.2000 0.4314 0.3922 0.1961 17.8978 2.0000 
2947 2948 26 2.5341 -0.3301 -14.1983 2.6978 -0.3456 -14.3122 0.0701 0.2000 0.4314 0.3922 0.1961 18.0197 2.0000 
2948 2949 26 2.6978 -0.3456 -14.3122 2.8308 -0.3755 -14.4585 0.0701 0.2000 0.4314 0.3922 0.1961 18.1425 2.0000 
2949 2950 26 2.8308 -0.3755 -14.4585 2.9571 -0.4149 -14.6085 0.0701 0.2000 0.4314 0.3922 0.1961 18.2662 2.0000 
2950 2951 26 2.9571 -0.4149 -14.6085 3.0474 -0.4075 -14.7868 0.0701 0.2000 0.4314 0.3922 0.1961 18.3908 2.0000 
2951 2952 26 3.0474 -0.4075 -14.7868 3.1286 -0.3941 -14.9691 0.0701 0.2000 0.4314 0.3922 0.1961 18.5164 2.0000 
2952 2953 26 3.1286 -0.3941 -14.9691 3.2065 -0.3791 -15.1527 0.0701 0.2000 0.4314 0.3922 0.1961 18.6429 2.0000 
2953 2954 26 3.2065 -0.3791 -15.1527 3.3084 -0.3855 -15.3247 0.0701 0.2000 0.4314 0.3922 0.1961 18.7705 2.0000 
2954 2955 26 3.3084 -0.3855 -15.3247 3.3926 -0.3746 -15.5058 0.0701 0.2000 0.4314 0.3922 0.1961 18.8990 2.0000 
2955 2956 26 3.3926 -0.3746 -15.5058 3.4747 -0.3685 -15.6880 0.0701 0.2000 0.4314 0.3922 0.1961 19.0285 2.0000 
2956 2957 26 3.4747 -0.3685 -15.6880 3.5335 -0.3536 -15.8786 0.0701 0.2000 0.4314 0.3922 0.1961 19.1591 2.0000 
2957 2958 26 3.5335 -0.3536 -15.8786 3.6107 -0.3613 -16.0629 0.0701 0.2000 0.4314 0.3922 0.1961 19.2906 2.0000 
2958 2959 26 3.6107 -0.3613 -16.0629 3.7320 -0.3953 -16.2183 0.0701 0.2000 0.4314 0.3922 0.1961 19.4233 2.0000 
2959 2960 26 3.7320 -0.3953 -16.2183 3.8106 -0.4207 -16.4004 0.0701 0.2000 0.4314 0.3922 0.1961 19.5570 2.0000 
2960 2961 26 3.8106 -0.4207 -16.4004 3.8566 -0.3997 -16.5939 0.0701 0.2000 0.4314 0.3922 0.1961 19.6918 2.0000 
2961 2962 26 3.8566 -0.3997 -16.5939 3.8854 -0.3742 -16.7902 0.0701 0.2000 0.4314 0.3922 0.1961 19.8278 2.0000 
2962 2963 26 3.8854 -0.3742 -16.7902 3.9152 -0.3571 -16.9872 0.0701 0.2000 0.4314 0.3922 0.1961 19.9648 2.0000 
2963 2964 26 3.9152 -0.3571 -16.9872 3.9575 -0.3760 -17.1818 0.0701 0.2000 0.4314 0.3922 0.1961 20.1030 2.0000 
2964 2965 26 3.9575 -0.3760 -17.1818 4.0126 -0.3999 -17.3725 0.0701 0.2000 0.4314 0.3922 0.1961 20.2424 2.0000 
2965 2966 26 4.0126 -0.3999 -17.3725 4.0942 -0.4111 -17.5548 0.0701 0.2000 0.4314 0.3922 0.1961 20.3829 2.0000 
2966 2967 26 4.0942 -0.4111 -17.5548 4.1501 -0.4099 -17.7468 0.0701 0.2000 0.4314 0.3922 0.1961 20.5247 2.0000 
2967 2968 26 4.1501 -0.4099 -17.7468 4.2450 -0.3820 -17.9206 0.0701 0.2000 0.4314 0.3922 0.1961 20.6677 2.0000 
2968 2969 26 4.2450 -0.3820 -17.9206 4.3422 -0.3656 -18.0947 0.0701 0.2000 0.4314 0.3922 0.1961 20.8119 2.0000 
2969 2970 26 4.3422 -0.3656 -18.0947 4.3909 -0.3859 -18.2876 0.0701 0.2000 0.4314 0.3922 0.1961 20.9574 2.0000 
2970 2971 26 4.3909 -0.3859 -18.2876 4.4014 -0.4301 -18.4823 0.0701 0.2000 0.4314 0.3922 0.1961 21.1042 2.0000 
2971 2972 26 4.4014 -0.4301 -18.4823 4.4252 -0.5235 -18.6576 0.0701 0.2000 0.4314 0.3922 0.1961 21.2523 2.0000 
2972 2973 26 4.4252 -0.5235 -18.6576 4.4818 -0.5635 -18.8452 0.0701 0.2000 0.4314 0.3922 0.1961 21.4018 2.0000 
2973 2974 26 4.4818 -0.5635 -18.8452 4.5382 -0.6031 -19.0329 0.0701 0.2000 0.4314 0.3922 0.1961 21.5526 2.0000 
2974 2975 26 4.5382 -0.6031 -19.0329 4.5787 -0.5772 -19.2271 0.0701 0.2000 0.4314 0.3922 0.1961 21.7048 2.0000 
2975 2976 26 4.5787 -0.5772 -19.2271 4.6052 -0.5417 -19.4221 0.0701 0.2000 0.4314 0.3922 0.1961 21.8585 2.0000 
2976 2977 26 4.6052 -0.5417 -19.4221 4.6605 -0.5248 -19.6136 0.0701 0.2000 0.4314 0.3922 0.1961 22.0135 2.0000 
2977 2978 26 4.6605 -0.5248 -19.6136 4.7205 -0.5028 -19.8031 0.0701 0.2000 0.4314 0.3922 0.1961 22.1701 2.0000 
2978 2979 26 4.7205 -0.5028 -19.8031 4.7785 -0.4281 -19.9793 0.0701 0.2000 0.4314 0.3922 0.1961 22.3281 2.0000 
2979 2980 26 4.7785 -0.4281 -19.9793 4.8311 -0.3470 -20.1544 0.0701 0.2000 0.4314 0.3922 0.1961 22.4877 2.0000 
2980 2981 26 4.8311 -0.3470 -20.1544 4.8809 -0.2644 -20.3296 0.0701 0.2000 0.4314 0.3922 0.1961 22.6488 2.0000 
2981 2982 26 4.8809 -0.2644 -20.3296 4.9106 -0.2193 -20.5222 0.0701 0.2000 0.4314 0.3922 0.1961 22.8115 2.0000 
2982 2983 26 4.9106 -0.2193 -20.5222 4.9208 -0.2016 -20.7211 0.0701 0.2000 0.4314 0.3922 0.1961 22.9759 2.0000 
2983 2984 26 4.9208 -0.2016 -20.7211 4.9466 -0.1724 -20.9173 0.0701 0.2000 0.4314 0.3922 0.1961 23.1419 2.0000 
2984 2985 26 4.9466 -0.1724 -20.9173 4.9899 -0.1780 -21.1125 0.0701 0.2000 0.4314 0.3922 0.1961 23.3095 2.0000 
2985 2986 26 4.9899 -0.1780 -21.1125 5.0329 -0.1842 -21.3077 0.0701 0.2000 0.4314 0.3922 0.1961 23.4789 2.0000 
2986 2987 26 5.0329 -0.1842 -21.3077 5.0729 -0.1882 -21.5036 0.0701 0.2000 0.4314 0.3922 0.1961 23.6501 2.0000 
2987 2988 26 5.0729 -0.1882 -21.5036 5.1133 -0.1865 -21.6995 0.0701 0.2000 0.4314 0.3922 0.1961 23.8230 2.0000 
2988 2989 26 5.1133 -0.1865 -21.6995 5.1252 -0.1781 -21.8990 0.0701 0.2000 0.4314 0.3922 0.1961 23.9978 2.0000 
2989 2990 26 5.1252 -0.1781 -21.8990 5.1796 -0.1968 -22.0905 0.0701 0.2000 0.4314 0.3922 0.1961 24.1745 2.0000 
2990 2991 26 5.1796 -0.1968 -22.0905 5.2172 -0.2237 -22.2851 0.0701 0.2000 0.4314 0.3922 0.1961 24.3530 2.0000 
2991 2992 26 5.2172 -0.2237 -22.2851 5.2746 -0.2666 -22.4718 0.0701 0.2000 0.4314 0.3922 0.1961 24.5335 2.0000 
2992 2993 26 5.2746 -0.2666 -22.4718 5.3335 -0.3053 -22.6590 0.0701 0.2000 0.4314 0.3922 0.1961 24.7160 2.0000 
2993 2994 26 5.3335 -0.3053 -22.6590 5.3945 -0.3376 -22.8467 0.0701 0.2000 0.4314 0.3922 0.1961 24.9006 2.0000 
2994 2995 26 5.3945 -0.3376 -22.8467 5.4523 -0.3660 -23.0360 0.0701 0.2000 0.4314 0.3922 0.1961 25.0872 2.0000 
2995 2996 26 5.4523 -0.3660 -23.0360 5.5257 -0.3872 -23.2209 0.0701 0.2000 0.4314 0.3922 0.1961 25.2760 2.0000 
2996 2997 26 5.5257 -0.3872 -23.2209 5.5919 -0.4156 -23.4074 0.0701 0.2000 0.4314 0.3922 0.1961 25.4669 2.0000 
2997 2998 26 5.5919 -0.4156 -23.4074 5.6308 -0.4676 -23.5966 0.0701 0.2000 0.4314 0.3922 0.1961 25.6601 2.0000 
2998 2999 26 5.6308 -0.4676 -23.5966 5.6741 -0.5101 -23.7872 0.0701 0.2000 0.4314 0.3922 0.1961 25.8555 2.0000 
2999 3000 26 5.6741 -0.5101 -23.7872 5.7126 -0.5354 -23.9818 0.0701 0.2000 0.4314 0.3922 0.1961 26.0534 2.0000 
3000 3001 26 5.7126 -0.5354 -23.9818 5.7470 -0.5666 -24.1763 0.0701 0.2000 0.4314 0.3922 0.1961 26.2536 2.0000 
3001 3002 26 5.7470 -0.5666 -24.1763 5.7963 -0.5728 -24.3701 0.0701 0.2000 0.4314 0.3922 0.1961 26.4562 2.0000 
3002 3003 26 5.7963 -0.5728 -24.3701 5.8465 -0.5761 -24.5636 0.0701 0.2000 0.4314 0.3922 0.1961 26.6614 2.0000 
3003 3004 26 5.8465 -0.5761 -24.5636 5.8680 -0.5618 -24.7620 0.0701 0.2000 0.4314 0.3922 0.1961 26.8692 2.0000 
3004 3005 26 5.8680 -0.5618 -24.7620 5.8944 -0.5572 -24.9602 0.0701 0.2000 0.4314 0.3922 0.1961 27.0796 2.0000 
3005 3006 26 5.8944 -0.5572 -24.9602 5.9210 -0.5499 -25.1582 0.0701 0.2000 0.4314 0.3922 0.1961 27.2927 2.0000 
3006 3007 26 5.9210 -0.5499 -25.1582 5.9616 -0.5321 -25.3533 0.0701 0.2000 0.4314 0.3922 0.1961 27.5086 2.0000 
3007 3008 26 5.9616 -0.5321 -25.3533 6.0291 -0.5155 -25.5408 0.0701 0.2000 0.4314 0.3922 0.1961 27.7274 2.0000 
3008 3009 26 6.0291 -0.5155 -25.5408 6.0878 -0.4643 -25.7250 0.0701 0.2000 0.4314 0.3922 0.1961 27.9491 2.0000 
3009 3010 26 6.0878 -0.4643 -25.7250 6.1519 -0.4239 -25.9101 0.0701 0.2000 0.4314 0.3922 0.1961 28.1739 2.0000 
3010 3011 26 6.1519 -0.4239 -25.9101 6.1427 -0.3739 -26.1035 0.0701 0.2000 0.4314 0.3922 0.1961 28.4017 2.0000 
3011 3012 26 6.1427 -0.3739 -26.1035 6.1201 -0.3581 -26.3016 0.0701 0.2000 0.4314 0.3922 0.1961 28.6327 2.0000 
3012 3013 26 6.1201 -0.3581 -26.3016 6.1024 -0.3337 -26.4994 0.0701 0.2000 0.4314 0.3922 0.1961 28.8670 2.0000 
3013 3014 26 6.1024 -0.3337 -26.4994 6.0914 -0.2784 -26.6912 0.0701 0.2000 0.4314 0.3922 0.1961 29.1047 2.0000 
3014 3015 26 6.0914 -0.2784 -26.6912 6.0850 -0.2166 -26.8813 0.0701 0.2000 0.4314 0.3922 0.1961 29.3459 2.0000 
3015 3016 26 6.0850 -0.2166 -26.8813 6.0726 -0.1655 -27.0743 0.0701 0.2000 0.4314 0.3922 0.1961 29.5906 2.0000 
3016 3017 26 6.0726 -0.1655 -27.0743 6.0648 -0.1689 -27.2741 0.0701 0.2000 0.4314 0.3922 0.1961 29.8390 2.0000 
3017 3018 26 6.0648 -0.1689 -27.2741 6.0497 -0.1691 -27.4013 0.0701 0.1280 0.4314 0.3922 0.1961 30.0000 2.0000 
61 3019 27 -0.0602 -0.3202 -13.2069 -0.2131 -0.4346 -13.2664 0.0499 0.2000 0.4314 0.3922 0.1961 16.7401 2.0000 
3019 3020 27 -0.2131 -0.4346 -13.2664 -0.3902 -0.4747 -13.3503 0.0499 0.2000 0.4314 0.3922 0.1961 16.8373 2.0000 
3020 3021 27 -0.3902 -0.4747 -13.3503 -0.5873 -0.5039 -13.3675 0.0499 0.2000 0.4314 0.3922 0.1961 16.9351 2.0000 
3021 3022 27 -0.5873 -0.5039 -13.3675 -0.7814 -0.5397 -13.3999 0.0499 0.2000 0.4314 0.3922 0.1961 17.0336 2.0000 
3022 3023 27 -0.7814 -0.5397 -13.3999 -0.9765 -0.5740 -13.4273 0.0499 0.2000 0.4314 0.3922 0.1961 17.1328 2.0000 
3023 3024 27 -0.9765 -0.5740 -13.4273 -1.1687 -0.6126 -13.4671 0.0499 0.2000 0.4314 0.3922 0.1961 17.2326 2.0000 
3024 3025 27 -1.1687 -0.6126 -13.4671 -1.3534 -0.6706 -13.5174 0.0499 0.2000 0.4314 0.3922 0.1961 17.3331 2.0000 
3025 3026 27 -1.3534 -0.6706 -13.5174 -1.5405 -0.7253 -13.5621 0.0499 0.2000 0.4314 0.3922 0.1961 17.4344 2.0000 
3026 3027 27 -1.5405 -0.7253 -13.5621 -1.7247 -0.7662 -13.6282 0.0499 0.2000 0.4314 0.3922 0.1961 17.5363 2.0000 
3027 3028 27 -1.7247 -0.7662 -13.6282 -1.9080 -0.7814 -13.7069 0.0499 0.2000 0.4314 0.3922 0.1961 17.6389 2.0000 
3028 3029 27 -1.9080 -0.7814 -13.7069 -2.0746 -0.7820 -13.8176 0.0499 0.2000 0.4314 0.3922 0.1961 17.7423 2.0000 
3029 3030 27 -2.0746 -0.7820 -13.8176 -2.2215 -0.7837 -13.9533 0.0499 0.2000 0.4314 0.3922 0.1961 17.8464 2.0000 
3030 3031 27 -2.2215 -0.7837 -13.9533 -2.3761 -0.7789 -14.0801 0.0499 0.2000 0.4314 0.3922 0.1961 17.9512 2.0000 
3031 3032 27 -2.3761 -0.7789 -14.0801 -2.5328 -0.7995 -14.2027 0.0499 0.2000 0.4314 0.3922 0.1961 18.0568 2.0000 
3032 3033 27 -2.5328 -0.7995 -14.2027 -2.6868 -0.7839 -14.3293 0.0499 0.2000 0.4314 0.3922 0.1961 18.1632 2.0000 
3033 3034 27 -2.6868 -0.7839 -14.3293 -2.8418 -0.7657 -14.4543 0.0499 0.2000 0.4314 0.3922 0.1961 18.2703 2.0000 
3034 3035 27 -2.8418 -0.7657 -14.4543 -3.0176 -0.7394 -14.5461 0.0499 0.2000 0.4314 0.3922 0.1961 18.3783 2.0000 
3035 3036 27 -3.0176 -0.7394 -14.5461 -3.1836 -0.7096 -14.6536 0.0499 0.2000 0.4314 0.3922 0.1961 18.4870 2.0000 
3036 3037 27 -3.1836 -0.7096 -14.6536 -3.3525 -0.6661 -14.7515 0.0499 0.2000 0.4314 0.3922 0.1961 18.5965 2.0000 
3037 3038 27 -3.3525 -0.6661 -14.7515 -3.5125 -0.6267 -14.8648 0.0499 0.2000 0.4314 0.3922 0.1961 18.7069 2.0000 
3038 3039 27 -3.5125 -0.6267 -14.8648 -3.6778 -0.5715 -14.9629 0.0499 0.2000 0.4314 0.3922 0.1961 18.8181 2.0000 
3039 3040 27 -3.6778 -0.5715 -14.9629 -3.8437 -0.5168 -15.0603 0.0499 0.2000 0.4314 0.3922 0.1961 18.9302 2.0000 
3040 3041 27 -3.8437 -0.5168 -15.0603 -4.0110 -0.4591 -15.1535 0.0499 0.2000 0.4314 0.3922 0.1961 19.0431 2.0000 
3041 3042 27 -4.0110 -0.4591 -15.1535 -4.1767 -0.3986 -15.2477 0.0499 0.2000 0.4314 0.3922 0.1961 19.1569 2.0000 
3042 3043 27 -4.1767 -0.3986 -15.2477 -4.3400 -0.3342 -15.3436 0.0499 0.2000 0.4314 0.3922 0.1961 19.2716 2.0000 
3043 3044 27 -4.3400 -0.3342 -15.3436 -4.4960 -0.2663 -15.4487 0.0499 0.2000 0.4314 0.3922 0.1961 19.3872 2.0000 
3044 3045 27 -4.4960 -0.2663 -15.4487 -4.6574 -0.2059 -15.5502 0.0499 0.2000 0.4314 0.3922 0.1961 19.5037 2.0000 
3045 3046 27 -4.6574 -0.2059 -15.5502 -4.7911 -0.1366 -15.6818 0.0499 0.2000 0.4314 0.3922 0.1961 19.6211 2.0000 
3046 3047 27 -4.7911 -0.1366 -15.6818 -4.9189 -0.0687 -15.8198 0.0499 0.2000 0.4314 0.3922 0.1961 19.7395 2.0000 
3047 3048 27 -4.9189 -0.0687 -15.8198 -5.0358 -0.0243 -15.9759 0.0499 0.2000 0.4314 0.3922 0.1961 19.8589 2.0000 
3048 3049 27 -5.0358 -0.0243 -15.9759 -5.1326 -0.0067 -16.1501 0.0499 0.2000 0.4314 0.3922 0.1961 19.9792 2.0000 
3049 3050 27 -5.1326 -0.0067 -16.1501 -5.2204 0.0184 -16.3280 0.0499 0.2000 0.4314 0.3922 0.1961 20.1006 2.0000 
3050 3051 27 -5.2204 0.0184 -16.3280 -5.3174 0.0604 -16.4978 0.0499 0.2000 0.4314 0.3922 0.1961 20.2229 2.0000 
3051 3052 27 -5.3174 0.0604 -16.4978 -5.4093 0.1096 -16.6684 0.0499 0.2000 0.4314 0.3922 0.1961 20.3463 2.0000 
3052 3053 27 -5.4093 0.1096 -16.6684 -5.4817 0.1639 -16.8468 0.0499 0.2000 0.4314 0.3922 0.1961 20.4707 2.0000 
3053 3054 27 -5.4817 0.1639 -16.8468 -5.5286 0.2271 -17.0307 0.0499 0.2000 0.4314 0.3922 0.1961 20.5962 2.0000 
3054 3055 27 -5.5286 0.2271 -17.0307 -5.5514 0.2970 -17.2166 0.0499 0.2000 0.4314 0.3922 0.1961 20.7228 2.0000 
3055 3056 27 -5.5514 0.2970 -17.2166 -5.5721 0.3953 -17.3896 0.0499 0.2000 0.4314 0.3922 0.1961 20.8505 2.0000 
3056 3057 27 -5.5721 0.3953 -17.3896 -5.5945 0.4808 -17.5690 0.0499 0.2000 0.4314 0.3922 0.1961 20.9793 2.0000 
3057 3058 27 -5.5945 0.4808 -17.5690 -5.6440 0.5444 -17.7521 0.0499 0.2000 0.4314 0.3922 0.1961 21.1092 2.0000 
3058 3059 27 -5.6440 0.5444 -17.7521 -5.7182 0.5767 -17.9349 0.0499 0.2000 0.4314 0.3922 0.1961 21.2404 2.0000 
3059 3060 27 -5.7182 0.5767 -17.9349 -5.7915 0.6113 -18.1178 0.0499 0.2000 0.4314 0.3922 0.1961 21.3727 2.0000 
3060 3061 27 -5.7915 0.6113 -18.1178 -5.9000 0.6664 -18.2765 0.0499 0.2000 0.4314 0.3922 0.1961 21.5062 2.0000 
3061 3062 27 -5.9000 0.6664 -18.2765 -6.0217 0.7066 -18.4301 0.0499 0.2000 0.4314 0.3922 0.1961 21.6409 2.0000 
3062 3063 27 -6.0217 0.7066 -18.4301 -6.1473 0.7582 -18.5769 0.0499 0.2000 0.4314 0.3922 0.1961 21.7769 2.0000 
3063 3064 27 -6.1473 0.7582 -18.5769 -6.2513 0.8015 -18.7422 0.0499 0.2000 0.4314 0.3922 0.1961 21.9141 2.0000 
3064 3065 27 -6.2513 0.8015 -18.7422 -6.3580 0.8423 -18.9063 0.0499 0.2000 0.4314 0.3922 0.1961 22.0527 2.0000 
3065 3066 27 -6.3580 0.8423 -18.9063 -6.4728 0.8864 -19.0641 0.0499 0.2000 0.4314 0.3922 0.1961 22.1925 2.0000 
3066 3067 27 -6.4728 0.8864 -19.0641 -6.6054 0.9063 -19.2124 0.0499 0.2000 0.4314 0.3922 0.1961 22.3338 2.0000 
3067 3068 27 -6.6054 0.9063 -19.2124 -6.7236 0.8958 -19.3735 0.0499 0.2000 0.4314 0.3922 0.1961 22.4764 2.0000 
3068 3069 27 -6.7236 0.8958 -19.3735 -6.8324 0.8743 -19.5399 0.0499 0.2000 0.4314 0.3922 0.1961 22.6203 2.0000 
3069 3070 27 -6.8324 0.8743 -19.5399 -6.9452 0.8434 -19.7021 0.0499 0.2000 0.4314 0.3922 0.1961 22.7658 2.0000 
3070 3071 27 -6.9452 0.8434 -19.7021 -7.0563 0.8090 -19.8648 0.0499 0.2000 0.4314 0.3922 0.1961 22.9127 2.0000 
3071 3072 27 -7.0563 0.8090 -19.8648 -7.1635 0.7743 -20.0300 0.0499 0.2000 0.4314 0.3922 0.1961 23.0610 2.0000 
3072 3073 27 -7.1635 0.7743 -20.0300 -7.2805 0.7616 -20.1918 0.0499 0.2000 0.4314 0.3922 0.1961 23.2109 2.0000 
3073 3074 27 -7.2805 0.7616 -20.1918 -7.3667 0.7485 -20.3718 0.0499 0.2000 0.4314 0.3922 0.1961 23.3624 2.0000 
3074 3075 27 -7.3667 0.7485 -20.3718 -7.4215 0.7340 -20.5635 0.0499 0.2000 0.4314 0.3922 0.1961 23.5154 2.0000 
3075 3076 27 -7.4215 0.7340 -20.5635 -7.4773 0.6892 -20.7503 0.0499 0.2000 0.4314 0.3922 0.1961 23.6700 2.0000 
3076 3077 27 -7.4773 0.6892 -20.7503 -7.5321 0.6538 -20.9394 0.0499 0.2000 0.4314 0.3922 0.1961 23.8263 2.0000 
3077 3078 27 -7.5321 0.6538 -20.9394 -7.5939 0.6308 -21.1282 0.0499 0.2000 0.4314 0.3922 0.1961 23.9843 2.0000 
3078 3079 27 -7.5939 0.6308 -21.1282 -7.6317 0.6287 -21.3246 0.0499 0.2000 0.4314 0.3922 0.1961 24.1440 2.0000 
3079 3080 27 -7.6317 0.6287 -21.3246 -7.6652 0.6461 -21.5210 0.0499 0.2000 0.4314 0.3922 0.1961 24.3054 2.0000 
3080 3081 27 -7.6652 0.6461 -21.5210 -7.6541 0.6829 -21.7172 0.0499 0.2000 0.4314 0.3922 0.1961 24.4687 2.0000 
3081 3082 27 -7.6541 0.6829 -21.7172 -7.6273 0.7550 -21.9019 0.0499 0.2000 0.4314 0.3922 0.1961 24.6338 2.0000 
3082 3083 27 -7.6273 0.7550 -21.9019 -7.5505 0.8350 -22.0683 0.0499 0.2000 0.4314 0.3922 0.1961 24.8007 2.0000 
3083 3084 27 -7.5505 0.8350 -22.0683 -7.4745 0.9167 -22.2343 0.0499 0.2000 0.4314 0.3922 0.1961 24.9696 2.0000 
3084 3085 27 -7.4745 0.9167 -22.2343 -7.3915 1.0037 -22.3941 0.0499 0.2000 0.4314 0.3922 0.1961 25.1405 2.0000 
3085 3086 27 -7.3915 1.0037 -22.3941 -7.3080 1.0698 -22.5634 0.0499 0.2000 0.4314 0.3922 0.1961 25.3134 2.0000 
3086 3087 27 -7.3080 1.0698 -22.5634 -7.2264 1.1225 -22.7382 0.0499 0.2000 0.4314 0.3922 0.1961 25.4883 2.0000 
3087 3088 27 -7.2264 1.1225 -22.7382 -7.1304 1.1803 -22.9039 0.0499 0.2000 0.4314 0.3922 0.1961 25.6654 2.0000 
3088 3089 27 -7.1304 1.1803 -22.9039 -7.0393 1.2570 -23.0645 0.0499 0.2000 0.4314 0.3922 0.1961 25.8446 2.0000 
3089 3090 27 -7.0393 1.2570 -23.0645 -6.9485 1.3305 -23.2269 0.0499 0.2000 0.4314 0.3922 0.1961 26.0261 2.0000 
3090 3091 27 -6.9485 1.3305 -23.2269 -6.8391 1.3814 -23.3864 0.0499 0.2000 0.4314 0.3922 0.1961 26.2098 2.0000 
3091 3092 27 -6.8391 1.3814 -23.3864 -6.7354 1.4625 -23.5370 0.0499 0.2000 0.4314 0.3922 0.1961 26.3958 2.0000 
3092 3093 27 -6.7354 1.4625 -23.5370 -6.6394 1.5053 -23.7071 0.0499 0.2000 0.4314 0.3922 0.1961 26.5843 2.0000 
3093 3094 27 -6.6394 1.5053 -23.7071 -6.5447 1.5366 -23.8805 0.0499 0.2000 0.4314 0.3922 0.1961 26.7752 2.0000 
3094 3095 27 -6.5447 1.5366 -23.8805 -6.4666 1.5274 -24.0644 0.0499 0.2000 0.4314 0.3922 0.1961 26.9686 2.0000 
3095 3096 27 -6.4666 1.5274 -24.0644 -6.3874 1.5174 -24.2477 0.0499 0.2000 0.4314 0.3922 0.1961 27.1646 2.0000 
3096 3097 27 -6.3874 1.5174 -24.2477 -6.3129 1.4970 -24.4322 0.0499 0.2000 0.4314 0.3922 0.1961 27.3633 2.0000 
3097 3098 27 -6.3129 1.4970 -24.4322 -6.2560 1.5038 -24.6238 0.0499 0.2000 0.4314 0.3922 0.1961 27.5647 2.0000 
3098 3099 27 -6.2560 1.5038 -24.6238 -6.2053 1.5221 -24.8164 0.0499 0.2000 0.4314 0.3922 0.1961 27.7689 2.0000 
3099 3100 27 -6.2053 1.5221 -24.8164 -6.1556 1.5478 -25.0084 0.0499 0.2000 0.4314 0.3922 0.1961 27.9760 2.0000 
3100 3101 27 -6.1556 1.5478 -25.0084 -6.1123 1.6296 -25.1857 0.0499 0.2000 0.4314 0.3922 0.1961 28.1861 2.0000 
3101 3102 27 -6.1123 1.6296 -25.1857 -6.0719 1.7094 -25.3646 0.0499 0.2000 0.4314 0.3922 0.1961 28.3992 2.0000 
3102 3103 27 -6.0719 1.7094 -25.3646 -6.0379 1.7684 -25.5527 0.0499 0.2000 0.4314 0.3922 0.1961 28.6154 2.0000 
3103 3104 27 -6.0379 1.7684 -25.5527 -6.0162 1.8458 -25.7358 0.0499 0.2000 0.4314 0.3922 0.1961 28.8349 2.0000 
3104 3105 27 -6.0162 1.8458 -25.7358 -6.0198 1.9315 -25.9165 0.0499 0.2000 0.4314 0.3922 0.1961 29.0578 2.0000 
3105 3106 27 -6.0198 1.9315 -25.9165 -5.9698 1.9764 -26.1049 0.0499 0.2000 0.4314 0.3922 0.1961 29.2841 2.0000 
3106 3107 27 -5.9698 1.9764 -26.1049 -5.9195 2.0105 -26.2954 0.0499 0.2000 0.4314 0.3922 0.1961 29.5139 2.0000 
3107 3108 27 -5.9195 2.0105 -26.2954 -5.8486 2.0563 -26.4768 0.0499 0.2000 0.4314 0.3922 0.1961 29.7474 2.0000 
3108 3109 27 -5.8486 2.0563 -26.4768 -5.7721 2.0650 -26.6613 0.0499 0.2000 0.4314 0.3922 0.1961 29.9847 2.0000 
3109 3110 27 -5.7721 2.0650 -26.6613 -5.7678 2.0658 -26.6734 0.0499 0.0128 0.4314 0.3922 0.1961 30.0000 2.0000 
64 3111 28 -0.0489 -0.3126 -13.6207 -0.1074 -0.4877 -13.6977 0.0840 0.2000 0.4314 0.3922 0.1961 17.1942 2.0000 
3111 3112 28 -0.1074 -0.4877 -13.6977 -0.1382 -0.6595 -13.7953 0.0840 0.2000 0.4314 0.3922 0.1961 17.2909 2.0000 
3112 3113 28 -0.1382 -0.6595 -13.7953 -0.1932 -0.8391 -13.8642 0.0840 0.2000 0.4314 0.3922 0.1961 17.3882 2.0000 
3113 3114 28 -0.1932 -0.8391 -13.8642 -0.2447 -1.0208 -13.9298 0.0840 0.2000 0.4314 0.3922 0.1961 17.4861 2.0000 
3114 3115 28 -0.2447 -1.0208 -13.9298 -0.2956 -1.2038 -13.9925 0.0840 0.2000 0.4314 0.3922 0.1961 17.5846 2.0000 
3115 3116 28 -0.2956 -1.2038 -13.9925 -0.3172 -1.3927 -14.0545 0.0840 0.2000 0.4314 0.3922 0.1961 17.6838 2.0000 
3116 3117 28 -0.3172 -1.3927 -14.0545 -0.3146 -1.5872 -14.1011 0.0840 0.2000 0.4314 0.3922 0.1961 17.7836 2.0000 
3117 3118 28 -0.3146 -1.5872 -14.1011 -0.3132 -1.7659 -14.1909 0.0840 0.2000 0.4314 0.3922 0.1961 17.8841 2.0000 
3118 3119 28 -0.3132 -1.7659 -14.1909 -0.3031 -1.9426 -14.2840 0.0840 0.2000 0.4314 0.3922 0.1961 17.9853 2.0000 
3119 3120 28 -0.3031 -1.9426 -14.2840 -0.2982 -2.1066 -14.3984 0.0840 0.2000 0.4314 0.3922 0.1961 18.0871 2.0000 
3120 3121 28 -0.2982 -2.1066 -14.3984 -0.2939 -2.2734 -14.5087 0.0840 0.2000 0.4314 0.3922 0.1961 18.1897 2.0000 
3121 3122 28 -0.2939 -2.2734 -14.5087 -0.2653 -2.4470 -14.6037 0.0840 0.2000 0.4314 0.3922 0.1961 18.2929 2.0000 
3122 3123 28 -0.2653 -2.4470 -14.6037 -0.2465 -2.5963 -14.7355 0.0840 0.2000 0.4314 0.3922 0.1961 18.3968 2.0000 
3123 3124 28 -0.2465 -2.5963 -14.7355 -0.2337 -2.7483 -14.8648 0.0840 0.2000 0.4314 0.3922 0.1961 18.5015 2.0000 
3124 3125 28 -0.2337 -2.7483 -14.8648 -0.2647 -2.8863 -15.0062 0.0840 0.2000 0.4314 0.3922 0.1961 18.6068 2.0000 
3125 3126 28 -0.2647 -2.8863 -15.0062 -0.2847 -3.0249 -15.1490 0.0840 0.2000 0.4314 0.3922 0.1961 18.7129 2.0000 
3126 3127 28 -0.2847 -3.0249 -15.1490 -0.3061 -3.1586 -15.2963 0.0840 0.2000 0.4314 0.3922 0.1961 18.8198 2.0000 
3127 3128 28 -0.3061 -3.1586 -15.2963 -0.3256 -3.2870 -15.4483 0.0840 0.2000 0.4314 0.3922 0.1961 18.9274 2.0000 
3128 3129 28 -0.3256 -3.2870 -15.4483 -0.3624 -3.4209 -15.5923 0.0840 0.2000 0.4314 0.3922 0.1961 19.0358 2.0000 
3129 3130 28 -0.3624 -3.4209 -15.5923 -0.3995 -3.5561 -15.7349 0.0840 0.2000 0.4314 0.3922 0.1961 19.1449 2.0000 
3130 3131 28 -0.3995 -3.5561 -15.7349 -0.4394 -3.6913 -15.8768 0.0840 0.2000 0.4314 0.3922 0.1961 19.2549 2.0000 
3131 3132 28 -0.4394 -3.6913 -15.8768 -0.4452 -3.8226 -16.0275 0.0840 0.2000 0.4314 0.3922 0.1961 19.3656 2.0000 
3132 3133 28 -0.4452 -3.8226 -16.0275 -0.4782 -3.9739 -16.1541 0.0840 0.2000 0.4314 0.3922 0.1961 19.4771 2.0000 
3133 3134 28 -0.4782 -3.9739 -16.1541 -0.5315 -4.1244 -16.2746 0.0840 0.2000 0.4314 0.3922 0.1961 19.5895 2.0000 
3134 3135 28 -0.5315 -4.1244 -16.2746 -0.5959 -4.2516 -16.4148 0.0840 0.2000 0.4314 0.3922 0.1961 19.7027 2.0000 
3135 3136 28 -0.5959 -4.2516 -16.4148 -0.6723 -4.3418 -16.5762 0.0840 0.2000 0.4314 0.3922 0.1961 19.8168 2.0000 
3136 3137 28 -0.6723 -4.3418 -16.5762 -0.7463 -4.4356 -16.7365 0.0840 0.2000 0.4314 0.3922 0.1961 19.9317 2.0000 
3137 3138 28 -0.7463 -4.4356 -16.7365 -0.8212 -4.4884 -16.9143 0.0840 0.2000 0.4314 0.3922 0.1961 20.0475 2.0000 
3138 3139 28 -0.8212 -4.4884 -16.9143 -0.8904 -4.5455 -17.0931 0.0840 0.2000 0.4314 0.3922 0.1961 20.1642 2.0000 
3139 3140 28 -0.8904 -4.5455 -17.0931 -0.9539 -4.6568 -17.2466 0.0840 0.2000 0.4314 0.3922 0.1961 20.2818 2.0000 
3140 3141 28 -0.9539 -4.6568 -17.2466 -1.0153 -4.7582 -17.4077 0.0840 0.2000 0.4314 0.3922 0.1961 20.4003 2.0000 
3141 3142 28 -1.0153 -4.7582 -17.4077 -1.0556 -4.8766 -17.5638 0.0840 0.2000 0.4314 0.3922 0.1961 20.5198 2.0000 
3142 3143 28 -1.0556 -4.8766 -17.5638 -1.0870 -5.0156 -17.7041 0.0840 0.2000 0.4314 0.3922 0.1961 20.6402 2.0000 
3143 3144 28 -1.0870 -5.0156 -17.7041 -1.1152 -5.1570 -17.8427 0.0840 0.2000 0.4314 0.3922 0.1961 20.7615 2.0000 
3144 3145 28 -1.1152 -5.1570 -17.8427 -1.1058 -5.2955 -17.9867 0.0840 0.2000 0.4314 0.3922 0.1961 20.8838 2.0000 
3145 3146 28 -1.1058 -5.2955 -17.9867 -1.1045 -5.4340 -18.1309 0.0840 0.2000 0.4314 0.3922 0.1961 21.0071 2.0000 
3146 3147 28 -1.1045 -5.4340 -18.1309 -1.0993 -5.5555 -18.2898 0.0840 0.2000 0.4314 0.3922 0.1961 21.1315 2.0000 
3147 3148 28 -1.0993 -5.5555 -18.2898 -1.0816 -5.6678 -18.4543 0.0840 0.2000 0.4314 0.3922 0.1961 21.2568 2.0000 
3148 3149 28 -1.0816 -5.6678 -18.4543 -1.0615 -5.7816 -18.6175 0.0840 0.2000 0.4314 0.3922 0.1961 21.3832 2.0000 
3149 3150 28 -1.0615 -5.7816 -18.6175 -1.0679 -5.8778 -18.7928 0.0840 0.2000 0.4314 0.3922 0.1961 21.5107 2.0000 
3150 3151 28 -1.0679 -5.8778 -18.7928 -1.1332 -5.9180 -18.9775 0.0840 0.2000 0.4314 0.3922 0.1961 21.6392 2.0000 
3151 3152 28 -1.1332 -5.9180 -18.9775 -1.1848 -5.9573 -19.1667 0.0840 0.2000 0.4314 0.3922 0.1961 21.7688 2.0000 
3152 3153 28 -1.1848 -5.9573 -19.1667 -1.2469 -5.9829 -19.3550 0.0840 0.2000 0.4314 0.3922 0.1961 21.8995 2.0000 
3153 3154 28 -1.2469 -5.9829 -19.3550 -1.3141 -5.9982 -19.5428 0.0840 0.2000 0.4314 0.3922 0.1961 22.0314 2.0000 
3154 3155 28 -1.3141 -5.9982 -19.5428 -1.3696 -5.9856 -19.7345 0.0840 0.2000 0.4314 0.3922 0.1961 22.1644 2.0000 
3155 3156 28 -1.3696 -5.9856 -19.7345 -1.4077 -5.9717 -19.9304 0.0840 0.2000 0.4314 0.3922 0.1961 22.2986 2.0000 
3156 3157 28 -1.4077 -5.9717 -19.9304 -1.4552 -5.9706 -20.1246 0.0840 0.2000 0.4314 0.3922 0.1961 22.4340 2.0000 
3157 3158 28 -1.4552 -5.9706 -20.1246 -1.4669 -6.0140 -20.3195 0.0840 0.2000 0.4314 0.3922 0.1961 22.5707 2.0000 
3158 3159 28 -1.4669 -6.0140 -20.3195 -1.4788 -6.0573 -20.5144 0.0840 0.2000 0.4314 0.3922 0.1961 22.7085 2.0000 
3159 3160 28 -1.4788 -6.0573 -20.5144 -1.4419 -6.1050 -20.7051 0.0840 0.2000 0.4314 0.3922 0.1961 22.8476 2.0000 
3160 3161 28 -1.4419 -6.1050 -20.7051 -1.4036 -6.1508 -20.8960 0.0840 0.2000 0.4314 0.3922 0.1961 22.9880 2.0000 
3161 3162 28 -1.4036 -6.1508 -20.8960 -1.3454 -6.2051 -21.0795 0.0840 0.2000 0.4314 0.3922 0.1961 23.1297 2.0000 
3162 3163 28 -1.3454 -6.2051 -21.0795 -1.2603 -6.2861 -21.2413 0.0840 0.2000 0.4314 0.3922 0.1961 23.2728 2.0000 
3163 3164 28 -1.2603 -6.2861 -21.2413 -1.1726 -6.3953 -21.3841 0.0840 0.2000 0.4314 0.3922 0.1961 23.4172 2.0000 
3164 3165 28 -1.1726 -6.3953 -21.3841 -1.1001 -6.4852 -21.5473 0.0840 0.2000 0.4314 0.3922 0.1961 23.5629 2.0000 
3165 3166 28 -1.1001 -6.4852 -21.5473 -1.0708 -6.5974 -21.7103 0.0840 0.2000 0.4314 0.3922 0.1961 23.7101 2.0000 
3166 3167 28 -1.0708 -6.5974 -21.7103 -1.0349 -6.7122 -21.8701 0.0840 0.2000 0.4314 0.3922 0.1961 23.8588 2.0000 
3167 3168 28 -1.0349 -6.7122 -21.8701 -0.9980 -6.8114 -22.0398 0.0840 0.2000 0.4314 0.3922 0.1961 24.0089 2.0000 
3168 3169 28 -0.9980 -6.8114 -22.0398 -0.9642 -6.8986 -22.2166 0.0840 0.2000 0.4314 0.3922 0.1961 24.1605 2.0000 
3169 3170 28 -0.9642 -6.8986 -22.2166 -0.9304 -6.9860 -22.3933 0.0840 0.2000 0.4314 0.3922 0.1961 24.3136 2.0000 
3170 3171 28 -0.9304 -6.9860 -22.3933 -0.9164 -7.0804 -22.5690 0.0840 0.2000 0.4314 0.3922 0.1961 24.4683 2.0000 
3171 3172 28 -0.9164 -7.0804 -22.5690 -0.9402 -7.1764 -22.7429 0.0840 0.2000 0.4314 0.3922 0.1961 24.6245 2.0000 
3172 3173 28 -0.9402 -7.1764 -22.7429 -0.9637 -7.2719 -22.9171 0.0840 0.2000 0.4314 0.3922 0.1961 24.7824 2.0000 
3173 3174 28 -0.9637 -7.2719 -22.9171 -0.9918 -7.3983 -23.0694 0.0840 0.2000 0.4314 0.3922 0.1961 24.9420 2.0000 
3174 3175 28 -0.9918 -7.3983 -23.0694 -1.0263 -7.5282 -23.2175 0.0840 0.2000 0.4314 0.3922 0.1961 25.1032 2.0000 
3175 3176 28 -1.0263 -7.5282 -23.2175 -1.0559 -7.6592 -23.3657 0.0840 0.2000 0.4314 0.3922 0.1961 25.2662 2.0000 
3176 3177 28 -1.0559 -7.6592 -23.3657 -1.0546 -7.7869 -23.5197 0.0840 0.2000 0.4314 0.3922 0.1961 25.4309 2.0000 
3177 3178 28 -1.0546 -7.7869 -23.5197 -1.0491 -7.8850 -23.6939 0.0840 0.2000 0.4314 0.3922 0.1961 25.5975 2.0000 
3178 3179 28 -1.0491 -7.8850 -23.6939 -0.9900 -7.9989 -23.8473 0.0840 0.2000 0.4314 0.3922 0.1961 25.7659 2.0000 
3179 3180 28 -0.9900 -7.9989 -23.8473 -0.9400 -8.1142 -24.0029 0.0840 0.2000 0.4314 0.3922 0.1961 25.9361 2.0000 
3180 3181 28 -0.9400 -8.1142 -24.0029 -0.8978 -8.2517 -24.1418 0.0840 0.2000 0.4314 0.3922 0.1961 26.1083 2.0000 
3181 3182 28 -0.8978 -8.2517 -24.1418 -0.8297 -8.3431 -24.3061 0.0840 0.2000 0.4314 0.3922 0.1961 26.2825 2.0000 
3182 3183 28 -0.8297 -8.3431 -24.3061 -0.7971 -8.4165 -24.4893 0.0840 0.2000 0.4314 0.3922 0.1961 26.4587 2.0000 
3183 3184 28 -0.7971 -8.4165 -24.4893 -0.7735 -8.4755 -24.6790 0.0840 0.2000 0.4314 0.3922 0.1961 26.6370 2.0000 
3184 3185 28 -0.7735 -8.4755 -24.6790 -0.7518 -8.5130 -24.8742 0.0840 0.2000 0.4314 0.3922 0.1961 26.8173 2.0000 
3185 3186 28 -0.7518 -8.5130 -24.8742 -0.7712 -8.5766 -25.0628 0.0840 0.2000 0.4314 0.3922 0.1961 26.9999 2.0000 
3186 3187 28 -0.7712 -8.5766 -25.0628 -0.8086 -8.6065 -25.2570 0.0840 0.2000 0.4314 0.3922 0.1961 27.1846 2.0000 
3187 3188 28 -0.8086 -8.6065 -25.2570 -0.8467 -8.6117 -25.4533 0.0840 0.2000 0.4314 0.3922 0.1961 27.3716 2.0000 
3188 3189 28 -0.8467 -8.6117 -25.4533 -0.8700 -8.6224 -25.6516 0.0840 0.2000 0.4314 0.3922 0.1961 27.5610 2.0000 
3189 3190 28 -0.8700 -8.6224 -25.6516 -0.9037 -8.6377 -25.8482 0.0840 0.2000 0.4314 0.3922 0.1961 27.7528 2.0000 
3190 3191 28 -0.9037 -8.6377 -25.8482 -0.9357 -8.5927 -26.0404 0.0840 0.2000 0.4314 0.3922 0.1961 27.9469 2.0000 
3191 3192 28 -0.9357 -8.5927 -26.0404 -0.9518 -8.5587 -26.2368 0.0840 0.2000 0.4314 0.3922 0.1961 28.1437 2.0000 
3192 3193 28 -0.9518 -8.5587 -26.2368 -0.9691 -8.5307 -26.4341 0.0840 0.2000 0.4314 0.3922 0.1961 28.3429 2.0000 
3193 3194 28 -0.9691 -8.5307 -26.4341 -0.9510 -8.4771 -26.6259 0.0840 0.2000 0.4314 0.3922 0.1961 28.5449 2.0000 
3194 3195 28 -0.9510 -8.4771 -26.6259 -0.9305 -8.4776 -26.8249 0.0840 0.2000 0.4314 0.3922 0.1961 28.7495 2.0000 
3195 3196 28 -0.9305 -8.4776 -26.8249 -0.8978 -8.4780 -27.0222 0.0840 0.2000 0.4314 0.3922 0.1961 28.9570 2.0000 
3196 3197 28 -0.8978 -8.4780 -27.0222 -0.8622 -8.4929 -27.2184 0.0840 0.2000 0.4314 0.3922 0.1961 29.1673 2.0000 
3197 3198 28 -0.8622 -8.4929 -27.2184 -0.8651 -8.5341 -27.4141 0.0840 0.2000 0.4314 0.3922 0.1961 29.3805 2.0000 
3198 3199 28 -0.8651 -8.5341 -27.4141 -0.8783 -8.5708 -27.6103 0.0840 0.2000 0.4314 0.3922 0.1961 29.5968 2.0000 
3199 3200 28 -0.8783 -8.5708 -27.6103 -0.9065 -8.5694 -27.8083 0.0840 0.2000 0.4314 0.3922 0.1961 29.8163 2.0000 
3200 3201 28 -0.9065 -8.5694 -27.8083 -0.9346 -8.5706 -27.9711 0.0840 0.1653 0.4314 0.3922 0.1961 30.0000 2.0000 
66 3202 29 -0.0629 -0.3419 -13.9986 -0.1962 -0.2350 -14.1025 0.0411 0.2000 0.4314 0.3922 0.1961 17.6266 2.0000 
3202 3203 29 -0.1962 -0.2350 -14.1025 -0.3180 -0.1214 -14.2133 0.0411 0.2000 0.4314 0.3922 0.1961 17.7342 2.0000 
3203 3204 29 -0.3180 -0.1214 -14.2133 -0.4485 -0.0034 -14.3085 0.0411 0.2000 0.4314 0.3922 0.1961 17.8425 2.0000 
3204 3205 29 -0.4485 -0.0034 -14.3085 -0.5666 0.1314 -14.3970 0.0411 0.2000 0.4314 0.3922 0.1961 17.9517 2.0000 
3205 3206 29 -0.5666 0.1314 -14.3970 -0.7036 0.2412 -14.4929 0.0411 0.2000 0.4314 0.3922 0.1961 18.0617 2.0000 
3206 3207 29 -0.7036 0.2412 -14.4929 -0.8175 0.3761 -14.5869 0.0411 0.2000 0.4314 0.3922 0.1961 18.1725 2.0000 
3207 3208 29 -0.8175 0.3761 -14.5869 -0.9301 0.5010 -14.6952 0.0411 0.2000 0.4314 0.3922 0.1961 18.2841 2.0000 
3208 3209 29 -0.9301 0.5010 -14.6952 -1.0472 0.5844 -14.8342 0.0411 0.2000 0.4314 0.3922 0.1961 18.3966 2.0000 
3209 3210 29 -1.0472 0.5844 -14.8342 -1.1685 0.6663 -14.9705 0.0411 0.2000 0.4314 0.3922 0.1961 18.5100 2.0000 
3210 3211 29 -1.1685 0.6663 -14.9705 -1.3023 0.7148 -15.1110 0.0411 0.2000 0.4314 0.3922 0.1961 18.6242 2.0000 
3211 3212 29 -1.3023 0.7148 -15.1110 -1.4341 0.7667 -15.2522 0.0411 0.2000 0.4314 0.3922 0.1961 18.7393 2.0000 
3212 3213 29 -1.4341 0.7667 -15.2522 -1.5281 0.8097 -15.4234 0.0411 0.2000 0.4314 0.3922 0.1961 18.8554 2.0000 
3213 3214 29 -1.5281 0.8097 -15.4234 -1.5888 0.8418 -15.6113 0.0411 0.2000 0.4314 0.3922 0.1961 18.9723 2.0000 
3214 3215 29 -1.5888 0.8418 -15.6113 -1.6388 0.8555 -15.8044 0.0411 0.2000 0.4314 0.3922 0.1961 19.0902 2.0000 
3215 3216 29 -1.6388 0.8555 -15.8044 -1.6723 0.9056 -15.9951 0.0411 0.2000 0.4314 0.3922 0.1961 19.2090 2.0000 
3216 3217 29 -1.6723 0.9056 -15.9951 -1.6930 0.9436 -16.1904 0.0411 0.2000 0.4314 0.3922 0.1961 19.3289 2.0000 
3217 3218 29 -1.6930 0.9436 -16.1904 -1.7071 0.9549 -16.3896 0.0411 0.2000 0.4314 0.3922 0.1961 19.4496 2.0000 
3218 3219 29 -1.7071 0.9549 -16.3896 -1.7435 0.9643 -16.5860 0.0411 0.2000 0.4314 0.3922 0.1961 19.5714 2.0000 
3219 3220 29 -1.7435 0.9643 -16.5860 -1.7702 0.9656 -16.7842 0.0411 0.2000 0.4314 0.3922 0.1961 19.6942 2.0000 
3220 3221 29 -1.7702 0.9656 -16.7842 -1.7818 0.9760 -16.9836 0.0411 0.2000 0.4314 0.3922 0.1961 19.8181 2.0000 
3221 3222 29 -1.7818 0.9760 -16.9836 -1.7987 0.9822 -17.1828 0.0411 0.2000 0.4314 0.3922 0.1961 19.9430 2.0000 
3222 3223 29 -1.7987 0.9822 -17.1828 -1.8163 0.9879 -17.3819 0.0411 0.2000 0.4314 0.3922 0.1961 20.0689 2.0000 
3223 3224 29 -1.8163 0.9879 -17.3819 -1.8371 1.0061 -17.5800 0.0411 0.2000 0.4314 0.3922 0.1961 20.1960 2.0000 
3224 3225 29 -1.8371 1.0061 -17.5800 -1.8551 1.0095 -17.7792 0.0411 0.2000 0.4314 0.3922 0.1961 20.3241 2.0000 
3225 3226 29 -1.8551 1.0095 -17.7792 -1.8811 1.0026 -17.9774 0.0411 0.2000 0.4314 0.3922 0.1961 20.4534 2.0000 
3226 3227 29 -1.8811 1.0026 -17.9774 -1.9122 0.9939 -18.1748 0.0411 0.2000 0.4314 0.3922 0.1961 20.5838 2.0000 
3227 3228 29 -1.9122 0.9939 -18.1748 -1.9394 1.0138 -18.3719 0.0411 0.2000 0.4314 0.3922 0.1961 20.7154 2.0000 
3228 3229 29 -1.9394 1.0138 -18.3719 -1.9196 1.0355 -18.5697 0.0411 0.2000 0.4314 0.3922 0.1961 20.8481 2.0000 
3229 3230 29 -1.9196 1.0355 -18.5697 -1.9026 1.0568 -18.7679 0.0411 0.2000 0.4314 0.3922 0.1961 20.9821 2.0000 
3230 3231 29 -1.9026 1.0568 -18.7679 -1.8513 1.1029 -18.9556 0.0411 0.2000 0.4314 0.3922 0.1961 21.1173 2.0000 
3231 3232 29 -1.8513 1.1029 -18.9556 -1.8204 1.1434 -19.1490 0.0411 0.2000 0.4314 0.3922 0.1961 21.2538 2.0000 
3232 3233 29 -1.8204 1.1434 -19.1490 -1.8226 1.1833 -19.3450 0.0411 0.2000 0.4314 0.3922 0.1961 21.3915 2.0000 
3233 3234 29 -1.8226 1.1833 -19.3450 -1.8064 1.2326 -19.5381 0.0411 0.2000 0.4314 0.3922 0.1961 21.5305 2.0000 
3234 3235 29 -1.8064 1.2326 -19.5381 -1.7508 1.3199 -19.7092 0.0411 0.2000 0.4314 0.3922 0.1961 21.6709 2.0000 
3235 3236 29 -1.7508 1.3199 -19.7092 -1.7564 1.3896 -19.8966 0.0411 0.2000 0.4314 0.3922 0.1961 21.8126 2.0000 
3236 3237 29 -1.7564 1.3896 -19.8966 -1.7162 1.4214 -20.0899 0.0411 0.2000 0.4314 0.3922 0.1961 21.9557 2.0000 
3237 3238 29 -1.7162 1.4214 -20.0899 -1.7040 1.4598 -20.2858 0.0411 0.2000 0.4314 0.3922 0.1961 22.1002 2.0000 
3238 3239 29 -1.7040 1.4598 -20.2858 -1.6864 1.4976 -20.4814 0.0411 0.2000 0.4314 0.3922 0.1961 22.2461 2.0000 
3239 3240 29 -1.6864 1.4976 -20.4814 -1.6471 1.5391 -20.6731 0.0411 0.2000 0.4314 0.3922 0.1961 22.3935 2.0000 
3240 3241 29 -1.6471 1.5391 -20.6731 -1.6000 1.5945 -20.8594 0.0411 0.2000 0.4314 0.3922 0.1961 22.5423 2.0000 
3241 3242 29 -1.6000 1.5945 -20.8594 -1.5615 1.6643 -21.0428 0.0411 0.2000 0.4314 0.3922 0.1961 22.6927 2.0000 
3242 3243 29 -1.5615 1.6643 -21.0428 -1.5316 1.7283 -21.2299 0.0411 0.2000 0.4314 0.3922 0.1961 22.8447 2.0000 
3243 3244 29 -1.5316 1.7283 -21.2299 -1.5041 1.8494 -21.3867 0.0411 0.2000 0.4314 0.3922 0.1961 22.9982 2.0000 
3244 3245 29 -1.5041 1.8494 -21.3867 -1.4562 1.9782 -21.5321 0.0411 0.2000 0.4314 0.3922 0.1961 23.1533 2.0000 
3245 3246 29 -1.4562 1.9782 -21.5321 -1.4047 2.0959 -21.6853 0.0411 0.2000 0.4314 0.3922 0.1961 23.3101 2.0000 
3246 3247 29 -1.4047 2.0959 -21.6853 -1.3225 2.2135 -21.8246 0.0411 0.2000 0.4314 0.3922 0.1961 23.4686 2.0000 
3247 3248 29 -1.3225 2.2135 -21.8246 -1.2339 2.3278 -21.9628 0.0411 0.2000 0.4314 0.3922 0.1961 23.6288 2.0000 
3248 3249 29 -1.2339 2.3278 -21.9628 -1.1804 2.4498 -22.1120 0.0411 0.2000 0.4314 0.3922 0.1961 23.7907 2.0000 
3249 3250 29 -1.1804 2.4498 -22.1120 -1.1220 2.5674 -22.2628 0.0411 0.2000 0.4314 0.3922 0.1961 23.9545 2.0000 
3250 3251 29 -1.1220 2.5674 -22.2628 -1.0739 2.6863 -22.4163 0.0411 0.2000 0.4314 0.3922 0.1961 24.1201 2.0000 
3251 3252 29 -1.0739 2.6863 -22.4163 -1.0435 2.7967 -22.5803 0.0411 0.2000 0.4314 0.3922 0.1961 24.2876 2.0000 
3252 3253 29 -1.0435 2.7967 -22.5803 -1.0263 2.8809 -22.7609 0.0411 0.2000 0.4314 0.3922 0.1961 24.4570 2.0000 
3253 3254 29 -1.0263 2.8809 -22.7609 -0.9836 2.9318 -22.9495 0.0411 0.2000 0.4314 0.3922 0.1961 24.6284 2.0000 
3254 3255 29 -0.9836 2.9318 -22.9495 -0.9399 2.9827 -23.1379 0.0411 0.2000 0.4314 0.3922 0.1961 24.8017 2.0000 
3255 3256 29 -0.9399 2.9827 -23.1379 -0.9221 3.0183 -23.3339 0.0411 0.2000 0.4314 0.3922 0.1961 24.9772 2.0000 
3256 3257 29 -0.9221 3.0183 -23.3339 -0.9357 3.0286 -23.5332 0.0411 0.2000 0.4314 0.3922 0.1961 25.1548 2.0000 
3257 3258 29 -0.9357 3.0286 -23.5332 -0.9551 3.0425 -23.7318 0.0411 0.2000 0.4314 0.3922 0.1961 25.3345 2.0000 
3258 3259 29 -0.9551 3.0425 -23.7318 -0.9376 3.0220 -23.9299 0.0411 0.2000 0.4314 0.3922 0.1961 25.5165 2.0000 
3259 3260 29 -0.9376 3.0220 -23.9299 -0.9219 3.0028 -24.1284 0.0411 0.2000 0.4314 0.3922 0.1961 25.7007 2.0000 
3260 3261 29 -0.9219 3.0028 -24.1284 -0.9222 2.9790 -24.3270 0.0411 0.2000 0.4314 0.3922 0.1961 25.8873 2.0000 
3261 3262 29 -0.9222 2.9790 -24.3270 -0.9079 2.9861 -24.5263 0.0411 0.2000 0.4314 0.3922 0.1961 26.0763 2.0000 
3262 3263 29 -0.9079 2.9861 -24.5263 -0.8655 2.9334 -24.7146 0.0411 0.2000 0.4314 0.3922 0.1961 26.2677 2.0000 
3263 3264 29 -0.8655 2.9334 -24.7146 -0.8205 2.8917 -24.9049 0.0411 0.2000 0.4314 0.3922 0.1961 26.4616 2.0000 
3264 3265 29 -0.8205 2.8917 -24.9049 -0.7374 2.7979 -25.0608 0.0411 0.2000 0.4314 0.3922 0.1961 26.6582 2.0000 
3265 3266 29 -0.7374 2.7979 -25.0608 -0.6499 2.6993 -25.2112 0.0411 0.2000 0.4314 0.3922 0.1961 26.8573 2.0000 
3266 3267 29 -0.6499 2.6993 -25.2112 -0.5760 2.5882 -25.3602 0.0411 0.2000 0.4314 0.3922 0.1961 27.0593 2.0000 
3267 3268 29 -0.5760 2.5882 -25.3602 -0.5637 2.4733 -25.5234 0.0411 0.2000 0.4314 0.3922 0.1961 27.2640 2.0000 
3268 3269 29 -0.5637 2.4733 -25.5234 -0.5646 2.3633 -25.6904 0.0411 0.2000 0.4314 0.3922 0.1961 27.4716 2.0000 
3269 3270 29 -0.5646 2.3633 -25.6904 -0.5830 2.2669 -25.8647 0.0411 0.2000 0.4314 0.3922 0.1961 27.6822 2.0000 
3270 3271 29 -0.5830 2.2669 -25.8647 -0.6025 2.1720 -26.0397 0.0411 0.2000 0.4314 0.3922 0.1961 27.8958 2.0000 
3271 3272 29 -0.6025 2.1720 -26.0397 -0.6575 2.0908 -26.2140 0.0411 0.2000 0.4314 0.3922 0.1961 28.1126 2.0000 
3272 3273 29 -0.6575 2.0908 -26.2140 -0.7091 2.0173 -26.3926 0.0411 0.2000 0.4314 0.3922 0.1961 28.3326 2.0000 
3273 3274 29 -0.7091 2.0173 -26.3926 -0.7468 1.8993 -26.5497 0.0411 0.2000 0.4314 0.3922 0.1961 28.5559 2.0000 
3274 3275 29 -0.7468 1.8993 -26.5497 -0.7864 1.7775 -26.7033 0.0411 0.2000 0.4314 0.3922 0.1961 28.7827 2.0000 
3275 3276 29 -0.7864 1.7775 -26.7033 -0.7897 1.6327 -26.8412 0.0411 0.2000 0.4314 0.3922 0.1961 29.0130 2.0000 
3276 3277 29 -0.7897 1.6327 -26.8412 -0.7999 1.4935 -26.9845 0.0411 0.2000 0.4314 0.3922 0.1961 29.2470 2.0000 
3277 3278 29 -0.7999 1.4935 -26.9845 -0.8033 1.3622 -27.1353 0.0411 0.2000 0.4314 0.3922 0.1961 29.4848 2.0000 
3278 3279 29 -0.8033 1.3622 -27.1353 -0.7922 1.2006 -27.2527 0.0411 0.2000 0.4314 0.3922 0.1961 29.7264 2.0000 
3279 3280 29 -0.7922 1.2006 -27.2527 -0.7802 1.0400 -27.3712 0.0411 0.2000 0.4314 0.3922 0.1961 29.9721 2.0000 
3280 3281 29 -0.7802 1.0400 -27.3712 -0.7791 1.0219 -27.3845 0.0411 0.0225 0.4314 0.3922 0.1961 30.0000 2.0000 
68 3282 30 -0.0769 -0.3747 -14.3646 -0.0585 -0.1865 -14.4295 0.0597 0.2000 0.4314 0.3922 0.1961 18.0285 2.0000 
3282 3283 30 -0.0585 -0.1865 -14.4295 -0.0459 0.0021 -14.4949 0.0597 0.2000 0.4314 0.3922 0.1961 18.1242 2.0000 
3283 3284 30 -0.0459 0.0021 -14.4949 -0.0254 0.1854 -14.5722 0.0597 0.2000 0.4314 0.3922 0.1961 18.2206 2.0000 
3284 3285 30 -0.0254 0.1854 -14.5722 -0.0049 0.3687 -14.6495 0.0597 0.2000 0.4314 0.3922 0.1961 18.3175 2.0000 
3285 3286 30 -0.0049 0.3687 -14.6495 0.0517 0.5545 -14.6972 0.0597 0.2000 0.4314 0.3922 0.1961 18.4150 2.0000 
3286 3287 30 0.0517 0.5545 -14.6972 0.1267 0.7349 -14.7399 0.0597 0.2000 0.4314 0.3922 0.1961 18.5131 2.0000 
3287 3288 30 0.1267 0.7349 -14.7399 0.1744 0.9171 -14.8073 0.0597 0.2000 0.4314 0.3922 0.1961 18.6119 2.0000 
3288 3289 30 0.1744 0.9171 -14.8073 0.2197 1.1065 -14.8531 0.0597 0.2000 0.4314 0.3922 0.1961 18.7112 2.0000 
3289 3290 30 0.2197 1.1065 -14.8531 0.1980 1.2845 -14.9416 0.0597 0.2000 0.4314 0.3922 0.1961 18.8112 2.0000 
3290 3291 30 0.1980 1.2845 -14.9416 0.1723 1.4607 -15.0327 0.0597 0.2000 0.4314 0.3922 0.1961 18.9118 2.0000 
3291 3292 30 0.1723 1.4607 -15.0327 0.1142 1.6097 -15.1527 0.0597 0.2000 0.4314 0.3922 0.1961 19.0130 2.0000 
3292 3293 30 0.1142 1.6097 -15.1527 0.0610 1.7548 -15.2797 0.0597 0.2000 0.4314 0.3922 0.1961 19.1149 2.0000 
3293 3294 30 0.0610 1.7548 -15.2797 0.0171 1.9194 -15.3845 0.0597 0.2000 0.4314 0.3922 0.1961 19.2175 2.0000 
3294 3295 30 0.0171 1.9194 -15.3845 -0.0215 2.0908 -15.4800 0.0597 0.2000 0.4314 0.3922 0.1961 19.3207 2.0000 
3295 3296 30 -0.0215 2.0908 -15.4800 -0.0802 2.2511 -15.5842 0.0597 0.2000 0.4314 0.3922 0.1961 19.4246 2.0000 
3296 3297 30 -0.0802 2.2511 -15.5842 -0.1365 2.4138 -15.6860 0.0597 0.2000 0.4314 0.3922 0.1961 19.5292 2.0000 
3297 3298 30 -0.1365 2.4138 -15.6860 -0.2039 2.5713 -15.7892 0.0597 0.2000 0.4314 0.3922 0.1961 19.6345 2.0000 
3298 3299 30 -0.2039 2.5713 -15.7892 -0.2824 2.7248 -15.8906 0.0597 0.2000 0.4314 0.3922 0.1961 19.7404 2.0000 
3299 3300 30 -0.2824 2.7248 -15.8906 -0.3949 2.8471 -16.0019 0.0597 0.2000 0.4314 0.3922 0.1961 19.8471 2.0000 
3300 3301 30 -0.3949 2.8471 -16.0019 -0.4584 3.0043 -16.1081 0.0597 0.2000 0.4314 0.3922 0.1961 19.9545 2.0000 
3301 3302 30 -0.4584 3.0043 -16.1081 -0.5272 3.1184 -16.2572 0.0597 0.2000 0.4314 0.3922 0.1961 20.0627 2.0000 
3302 3303 30 -0.5272 3.1184 -16.2572 -0.5703 3.2188 -16.4247 0.0597 0.2000 0.4314 0.3922 0.1961 20.1716 2.0000 
3303 3304 30 -0.5703 3.2188 -16.4247 -0.6074 3.3218 -16.5921 0.0597 0.2000 0.4314 0.3922 0.1961 20.2812 2.0000 
3304 3305 30 -0.6074 3.3218 -16.5921 -0.6458 3.4322 -16.7544 0.0597 0.2000 0.4314 0.3922 0.1961 20.3916 2.0000 
3305 3306 30 -0.6458 3.4322 -16.7544 -0.6938 3.5049 -16.9344 0.0597 0.2000 0.4314 0.3922 0.1961 20.5028 2.0000 
3306 3307 30 -0.6938 3.5049 -16.9344 -0.7435 3.5427 -17.1244 0.0597 0.2000 0.4314 0.3922 0.1961 20.6147 2.0000 
3307 3308 30 -0.7435 3.5427 -17.1244 -0.7941 3.5810 -17.3141 0.0597 0.2000 0.4314 0.3922 0.1961 20.7275 2.0000 
3308 3309 30 -0.7941 3.5810 -17.3141 -0.8342 3.6199 -17.5061 0.0597 0.2000 0.4314 0.3922 0.1961 20.8411 2.0000 
3309 3310 30 -0.8342 3.6199 -17.5061 -0.8753 3.6876 -17.6898 0.0597 0.2000 0.4314 0.3922 0.1961 20.9554 2.0000 
3310 3311 30 -0.8753 3.6876 -17.6898 -0.9072 3.7502 -17.8770 0.0597 0.2000 0.4314 0.3922 0.1961 21.0706 2.0000 
3311 3312 30 -0.9072 3.7502 -17.8770 -0.9403 3.7808 -18.0719 0.0597 0.2000 0.4314 0.3922 0.1961 21.1867 2.0000 
3312 3313 30 -0.9403 3.7808 -18.0719 -0.9733 3.8025 -18.2679 0.0597 0.2000 0.4314 0.3922 0.1961 21.3036 2.0000 
3313 3314 30 -0.9733 3.8025 -18.2679 -1.0103 3.8423 -18.4604 0.0597 0.2000 0.4314 0.3922 0.1961 21.4214 2.0000 
3314 3315 30 -1.0103 3.8423 -18.4604 -1.0430 3.8616 -18.6568 0.0597 0.2000 0.4314 0.3922 0.1961 21.5400 2.0000 
3315 3316 30 -1.0430 3.8616 -18.6568 -1.0569 3.8784 -18.8556 0.0597 0.2000 0.4314 0.3922 0.1961 21.6596 2.0000 
3316 3317 30 -1.0569 3.8784 -18.8556 -1.0611 3.8529 -19.0539 0.0597 0.2000 0.4314 0.3922 0.1961 21.7800 2.0000 
3317 3318 30 -1.0611 3.8529 -19.0539 -1.0699 3.8374 -19.2531 0.0597 0.2000 0.4314 0.3922 0.1961 21.9014 2.0000 
3318 3319 30 -1.0699 3.8374 -19.2531 -1.0354 3.8279 -19.4499 0.0597 0.2000 0.4314 0.3922 0.1961 22.0237 2.0000 
3319 3320 30 -1.0354 3.8279 -19.4499 -1.0146 3.8188 -19.6486 0.0597 0.2000 0.4314 0.3922 0.1961 22.1470 2.0000 
3320 3321 30 -1.0146 3.8188 -19.6486 -1.0016 3.8299 -19.8479 0.0597 0.2000 0.4314 0.3922 0.1961 22.2712 2.0000 
3321 3322 30 -1.0016 3.8299 -19.8479 -0.9936 3.8660 -20.0444 0.0597 0.2000 0.4314 0.3922 0.1961 22.3964 2.0000 
3322 3323 30 -0.9936 3.8660 -20.0444 -0.9800 3.9008 -20.2409 0.0597 0.2000 0.4314 0.3922 0.1961 22.5226 2.0000 
3323 3324 30 -0.9800 3.9008 -20.2409 -0.9575 3.9548 -20.4321 0.0597 0.2000 0.4314 0.3922 0.1961 22.6498 2.0000 
3324 3325 30 -0.9575 3.9548 -20.4321 -0.9382 4.0150 -20.6219 0.0597 0.2000 0.4314 0.3922 0.1961 22.7780 2.0000 
3325 3326 30 -0.9382 4.0150 -20.6219 -0.9664 4.0657 -20.8133 0.0597 0.2000 0.4314 0.3922 0.1961 22.9073 2.0000 
3326 3327 30 -0.9664 4.0657 -20.8133 -0.9946 4.1161 -21.0048 0.0597 0.2000 0.4314 0.3922 0.1961 23.0377 2.0000 
3327 3328 30 -0.9946 4.1161 -21.0048 -0.9995 4.1918 -21.1898 0.0597 0.2000 0.4314 0.3922 0.1961 23.1691 2.0000 
3328 3329 30 -0.9995 4.1918 -21.1898 -1.0018 4.2822 -21.3682 0.0597 0.2000 0.4314 0.3922 0.1961 23.3016 2.0000 
3329 3330 30 -1.0018 4.2822 -21.3682 -0.9899 4.3599 -21.5521 0.0597 0.2000 0.4314 0.3922 0.1961 23.4352 2.0000 
3330 3331 30 -0.9899 4.3599 -21.5521 -1.0220 4.4145 -21.7418 0.0597 0.2000 0.4314 0.3922 0.1961 23.5700 2.0000 
3331 3332 30 -1.0220 4.4145 -21.7418 -1.0831 4.5062 -21.9087 0.0597 0.2000 0.4314 0.3922 0.1961 23.7059 2.0000 
3332 3333 30 -1.0831 4.5062 -21.9087 -1.1670 4.5842 -22.0727 0.0597 0.2000 0.4314 0.3922 0.1961 23.8430 2.0000 
3333 3334 30 -1.1670 4.5842 -22.0727 -1.2402 4.6649 -22.2404 0.0597 0.2000 0.4314 0.3922 0.1961 23.9813 2.0000 
3334 3335 30 -1.2402 4.6649 -22.2404 -1.2984 4.7582 -22.4074 0.0597 0.2000 0.4314 0.3922 0.1961 24.1208 2.0000 
3335 3336 30 -1.2984 4.7582 -22.4074 -1.3601 4.8211 -22.5870 0.0597 0.2000 0.4314 0.3922 0.1961 24.2615 2.0000 
3336 3337 30 -1.3601 4.8211 -22.5870 -1.3585 4.9140 -22.7641 0.0597 0.2000 0.4314 0.3922 0.1961 24.4036 2.0000 
3337 3338 30 -1.3585 4.9140 -22.7641 -1.3630 5.0072 -22.9410 0.0597 0.2000 0.4314 0.3922 0.1961 24.5468 2.0000 
3338 3339 30 -1.3630 5.0072 -22.9410 -1.3394 5.0776 -23.1267 0.0597 0.2000 0.4314 0.3922 0.1961 24.6914 2.0000 
3339 3340 30 -1.3394 5.0776 -23.1267 -1.3729 5.1398 -23.3138 0.0597 0.2000 0.4314 0.3922 0.1961 24.8373 2.0000 
3340 3341 30 -1.3729 5.1398 -23.3138 -1.4142 5.1779 -23.5057 0.0597 0.2000 0.4314 0.3922 0.1961 24.9846 2.0000 
3341 3342 30 -1.4142 5.1779 -23.5057 -1.4548 5.2161 -23.6978 0.0597 0.2000 0.4314 0.3922 0.1961 25.1333 2.0000 
3342 3343 30 -1.4548 5.2161 -23.6978 -1.5036 5.2701 -23.8841 0.0597 0.2000 0.4314 0.3922 0.1961 25.2833 2.0000 
3343 3344 30 -1.5036 5.2701 -23.8841 -1.5529 5.3251 -24.0700 0.0597 0.2000 0.4314 0.3922 0.1961 25.4348 2.0000 
3344 3345 30 -1.5529 5.3251 -24.0700 -1.6195 5.3762 -24.2515 0.0597 0.2000 0.4314 0.3922 0.1961 25.5877 2.0000 
3345 3346 30 -1.6195 5.3762 -24.2515 -1.6861 5.4276 -24.4329 0.0597 0.2000 0.4314 0.3922 0.1961 25.7422 2.0000 
3346 3347 30 -1.6861 5.4276 -24.4329 -1.7654 5.5047 -24.5996 0.0597 0.2000 0.4314 0.3922 0.1961 25.8981 2.0000 
3347 3348 30 -1.7654 5.5047 -24.5996 -1.8682 5.5438 -24.7666 0.0597 0.2000 0.4314 0.3922 0.1961 26.0556 2.0000 
3348 3349 30 -1.8682 5.5438 -24.7666 -1.9324 5.6122 -24.9433 0.0597 0.2000 0.4314 0.3922 0.1961 26.2147 2.0000 
3349 3350 30 -1.9324 5.6122 -24.9433 -1.9973 5.6709 -25.1231 0.0597 0.2000 0.4314 0.3922 0.1961 26.3754 2.0000 
3350 3351 30 -1.9973 5.6709 -25.1231 -2.0496 5.7258 -25.3081 0.0597 0.2000 0.4314 0.3922 0.1961 26.5377 2.0000 
3351 3352 30 -2.0496 5.7258 -25.3081 -2.0829 5.7586 -25.5026 0.0597 0.2000 0.4314 0.3922 0.1961 26.7017 2.0000 
3352 3353 30 -2.0829 5.7586 -25.5026 -2.1003 5.7901 -25.6993 0.0597 0.2000 0.4314 0.3922 0.1961 26.8674 2.0000 
3353 3354 30 -2.1003 5.7901 -25.6993 -2.1251 5.8117 -25.8966 0.0597 0.2000 0.4314 0.3922 0.1961 27.0349 2.0000 
3354 3355 30 -2.1251 5.8117 -25.8966 -2.1416 5.8373 -26.0943 0.0597 0.2000 0.4314 0.3922 0.1961 27.2042 2.0000 
3355 3356 30 -2.1416 5.8373 -26.0943 -2.1349 5.8082 -26.2921 0.0597 0.2000 0.4314 0.3922 0.1961 27.3752 2.0000 
3356 3357 30 -2.1349 5.8082 -26.2921 -2.1508 5.8003 -26.4913 0.0597 0.2000 0.4314 0.3922 0.1961 27.5482 2.0000 
3357 3358 30 -2.1508 5.8003 -26.4913 -2.1672 5.7929 -26.6905 0.0597 0.2000 0.4314 0.3922 0.1961 27.7230 2.0000 
3358 3359 30 -2.1672 5.7929 -26.6905 -2.1634 5.8050 -26.8900 0.0597 0.2000 0.4314 0.3922 0.1961 27.8998 2.0000 
3359 3360 30 -2.1634 5.8050 -26.8900 -2.1656 5.8275 -27.0888 0.0597 0.2000 0.4314 0.3922 0.1961 28.0786 2.0000 
3360 3361 30 -2.1656 5.8275 -27.0888 -2.1599 5.8631 -27.2855 0.0597 0.2000 0.4314 0.3922 0.1961 28.2594 2.0000 
3361 3362 30 -2.1599 5.8631 -27.2855 -2.1599 5.8922 -27.4834 0.0597 0.2000 0.4314 0.3922 0.1961 28.4423 2.0000 
3362 3363 30 -2.1599 5.8922 -27.4834 -2.1827 5.8443 -27.6762 0.0597 0.2000 0.4314 0.3922 0.1961 28.6273 2.0000 
3363 3364 30 -2.1827 5.8443 -27.6762 -2.1950 5.8181 -27.8741 0.0597 0.2000 0.4314 0.3922 0.1961 28.8146 2.0000 
3364 3365 30 -2.1950 5.8181 -27.8741 -2.2200 5.7875 -28.0701 0.0597 0.2000 0.4314 0.3922 0.1961 29.0040 2.0000 
3365 3366 30 -2.2200 5.7875 -28.0701 -2.2264 5.7655 -28.2688 0.0597 0.2000 0.4314 0.3922 0.1961 29.1957 2.0000 
3366 3367 30 -2.2264 5.7655 -28.2688 -2.2175 5.7291 -28.4653 0.0597 0.2000 0.4314 0.3922 0.1961 29.3898 2.0000 
3367 3368 30 -2.2175 5.7291 -28.4653 -2.2103 5.6931 -28.6619 0.0597 0.2000 0.4314 0.3922 0.1961 29.5863 2.0000 
3368 3369 30 -2.2103 5.6931 -28.6619 -2.1864 5.6509 -28.8559 0.0597 0.2000 0.4314 0.3922 0.1961 29.7853 2.0000 
3369 3370 30 -2.1864 5.6509 -28.8559 -2.1292 5.6167 -29.0445 0.0597 0.2000 0.4314 0.3922 0.1961 29.9867 2.0000 
3370 3371 30 -2.1292 5.6167 -29.0445 -2.1257 5.6150 -29.0570 0.0597 0.0131 0.4314 0.3922 0.1961 30.0000 2.0000 
70 3372 31 -0.0981 -0.4003 -14.7570 -0.0628 -0.2210 -14.8381 0.0691 0.2000 0.4314 0.3922 0.1961 18.4779 2.0000 
3372 3373 31 -0.0628 -0.2210 -14.8381 -0.0542 -0.0505 -14.9423 0.0691 0.2000 0.4314 0.3922 0.1961 18.5749 2.0000 
3373 3374 31 -0.0542 -0.0505 -14.9423 -0.0353 0.1098 -15.0604 0.0691 0.2000 0.4314 0.3922 0.1961 18.6725 2.0000 
3374 3375 31 -0.0353 0.1098 -15.0604 -0.0178 0.2613 -15.1899 0.0691 0.2000 0.4314 0.3922 0.1961 18.7708 2.0000 
3375 3376 31 -0.0178 0.2613 -15.1899 -0.0009 0.3860 -15.3453 0.0691 0.2000 0.4314 0.3922 0.1961 18.8697 2.0000 
3376 3377 31 -0.0009 0.3860 -15.3453 0.0163 0.5121 -15.4995 0.0691 0.2000 0.4314 0.3922 0.1961 18.9693 2.0000 
3377 3378 31 0.0163 0.5121 -15.4995 0.0328 0.6392 -15.6531 0.0691 0.2000 0.4314 0.3922 0.1961 19.0696 2.0000 
3378 3379 31 0.0328 0.6392 -15.6531 0.0401 0.7301 -15.8311 0.0691 0.2000 0.4314 0.3922 0.1961 19.1705 2.0000 
3379 3380 31 0.0401 0.7301 -15.8311 0.0758 0.8227 -16.0048 0.0691 0.2000 0.4314 0.3922 0.1961 19.2722 2.0000 
3380 3381 31 0.0758 0.8227 -16.0048 0.1279 0.8959 -16.1834 0.0691 0.2000 0.4314 0.3922 0.1961 19.3745 2.0000 
3381 3382 31 0.1279 0.8959 -16.1834 0.1742 0.9610 -16.3667 0.0691 0.2000 0.4314 0.3922 0.1961 19.4776 2.0000 
3382 3383 31 0.1742 0.9610 -16.3667 0.2190 1.0258 -16.5506 0.0691 0.2000 0.4314 0.3922 0.1961 19.5813 2.0000 
3383 3384 31 0.2190 1.0258 -16.5506 0.2591 1.0989 -16.7324 0.0691 0.2000 0.4314 0.3922 0.1961 19.6858 2.0000 
3384 3385 31 0.2591 1.0989 -16.7324 0.3267 1.1557 -16.9119 0.0691 0.2000 0.4314 0.3922 0.1961 19.7911 2.0000 
3385 3386 31 0.3267 1.1557 -16.9119 0.4006 1.2083 -17.0901 0.0691 0.2000 0.4314 0.3922 0.1961 19.8971 2.0000 
3386 3387 31 0.4006 1.2083 -17.0901 0.4854 1.2395 -17.2685 0.0691 0.2000 0.4314 0.3922 0.1961 20.0038 2.0000 
3387 3388 31 0.4854 1.2395 -17.2685 0.5831 1.2688 -17.4405 0.0691 0.2000 0.4314 0.3922 0.1961 20.1114 2.0000 
3388 3389 31 0.5831 1.2688 -17.4405 0.6921 1.2892 -17.6070 0.0691 0.2000 0.4314 0.3922 0.1961 20.2197 2.0000 
3389 3390 31 0.6921 1.2892 -17.6070 0.8002 1.3069 -17.7743 0.0691 0.2000 0.4314 0.3922 0.1961 20.3288 2.0000 
3390 3391 31 0.8002 1.3069 -17.7743 0.9089 1.3177 -17.9419 0.0691 0.2000 0.4314 0.3922 0.1961 20.4387 2.0000 
3391 3392 31 0.9089 1.3177 -17.9419 1.0069 1.3485 -18.1135 0.0691 0.2000 0.4314 0.3922 0.1961 20.5494 2.0000 
3392 3393 31 1.0069 1.3485 -18.1135 1.1162 1.4186 -18.2656 0.0691 0.2000 0.4314 0.3922 0.1961 20.6610 2.0000 
3393 3394 31 1.1162 1.4186 -18.2656 1.2298 1.4561 -18.4258 0.0691 0.2000 0.4314 0.3922 0.1961 20.7734 2.0000 
3394 3395 31 1.2298 1.4561 -18.4258 1.3448 1.4906 -18.5858 0.0691 0.2000 0.4314 0.3922 0.1961 20.8866 2.0000 
3395 3396 31 1.3448 1.4906 -18.5858 1.4951 1.4874 -18.7177 0.0691 0.2000 0.4314 0.3922 0.1961 21.0007 2.0000 
3396 3397 31 1.4951 1.4874 -18.7177 1.6308 1.4758 -18.8642 0.0691 0.2000 0.4314 0.3922 0.1961 21.1158 2.0000 
3397 3398 31 1.6308 1.4758 -18.8642 1.7611 1.4668 -19.0157 0.0691 0.2000 0.4314 0.3922 0.1961 21.2317 2.0000 
3398 3399 31 1.7611 1.4668 -19.0157 1.8511 1.4722 -19.1942 0.0691 0.2000 0.4314 0.3922 0.1961 21.3485 2.0000 
3399 3400 31 1.8511 1.4722 -19.1942 1.9304 1.4482 -19.3762 0.0691 0.2000 0.4314 0.3922 0.1961 21.4662 2.0000 
3400 3401 31 1.9304 1.4482 -19.3762 2.0038 1.4206 -19.5602 0.0691 0.2000 0.4314 0.3922 0.1961 21.5849 2.0000 
3401 3402 31 2.0038 1.4206 -19.5602 2.0678 1.3899 -19.7472 0.0691 0.2000 0.4314 0.3922 0.1961 21.7045 2.0000 
3402 3403 31 2.0678 1.3899 -19.7472 2.1307 1.3585 -19.9344 0.0691 0.2000 0.4314 0.3922 0.1961 21.8252 2.0000 
3403 3404 31 2.1307 1.3585 -19.9344 2.1772 1.3688 -20.1287 0.0691 0.2000 0.4314 0.3922 0.1961 21.9467 2.0000 
3404 3405 31 2.1772 1.3688 -20.1287 2.2264 1.3701 -20.3225 0.0691 0.2000 0.4314 0.3922 0.1961 22.0693 2.0000 
3405 3406 31 2.2264 1.3701 -20.3225 2.2731 1.3605 -20.5168 0.0691 0.2000 0.4314 0.3922 0.1961 22.1930 2.0000 
3406 3407 31 2.2731 1.3605 -20.5168 2.2935 1.3322 -20.7137 0.0691 0.2000 0.4314 0.3922 0.1961 22.3176 2.0000 
3407 3408 31 2.2935 1.3322 -20.7137 2.3139 1.3032 -20.9105 0.0691 0.2000 0.4314 0.3922 0.1961 22.4433 2.0000 
3408 3409 31 2.3139 1.3032 -20.9105 2.3423 1.2760 -21.1066 0.0691 0.2000 0.4314 0.3922 0.1961 22.5701 2.0000 
3409 3410 31 2.3423 1.2760 -21.1066 2.3540 1.2511 -21.3047 0.0691 0.2000 0.4314 0.3922 0.1961 22.6980 2.0000 
3410 3411 31 2.3540 1.2511 -21.3047 2.3443 1.1909 -21.4952 0.0691 0.2000 0.4314 0.3922 0.1961 22.8270 2.0000 
3411 3412 31 2.3443 1.1909 -21.4952 2.3464 1.1503 -21.6910 0.0691 0.2000 0.4314 0.3922 0.1961 22.9571 2.0000 
3412 3413 31 2.3464 1.1503 -21.6910 2.3548 1.1102 -21.8868 0.0691 0.2000 0.4314 0.3922 0.1961 23.0883 2.0000 
3413 3414 31 2.3548 1.1102 -21.8868 2.3475 1.1142 -22.0866 0.0691 0.2000 0.4314 0.3922 0.1961 23.2208 2.0000 
3414 3415 31 2.3475 1.1142 -22.0866 2.3677 1.1162 -22.2856 0.0691 0.2000 0.4314 0.3922 0.1961 23.3544 2.0000 
3415 3416 31 2.3677 1.1162 -22.2856 2.4061 1.1102 -22.4817 0.0691 0.2000 0.4314 0.3922 0.1961 23.4892 2.0000 
3416 3417 31 2.4061 1.1102 -22.4817 2.4599 1.0712 -22.6704 0.0691 0.2000 0.4314 0.3922 0.1961 23.6253 2.0000 
3417 3418 31 2.4599 1.0712 -22.6704 2.5333 1.0667 -22.8564 0.0691 0.2000 0.4314 0.3922 0.1961 23.7626 2.0000 
3418 3419 31 2.5333 1.0667 -22.8564 2.6310 1.0450 -23.0295 0.0691 0.2000 0.4314 0.3922 0.1961 23.9012 2.0000 
3419 3420 31 2.6310 1.0450 -23.0295 2.7242 0.9846 -23.1959 0.0691 0.2000 0.4314 0.3922 0.1961 24.0411 2.0000 
3420 3421 31 2.7242 0.9846 -23.1959 2.7697 0.9152 -23.3778 0.0691 0.2000 0.4314 0.3922 0.1961 24.1823 2.0000 
3421 3422 31 2.7697 0.9152 -23.3778 2.8107 0.8715 -23.5687 0.0691 0.2000 0.4314 0.3922 0.1961 24.3249 2.0000 
3422 3423 31 2.8107 0.8715 -23.5687 2.8601 0.8232 -23.7563 0.0691 0.2000 0.4314 0.3922 0.1961 24.4689 2.0000 
3423 3424 31 2.8601 0.8232 -23.7563 2.9124 0.7718 -23.9424 0.0691 0.2000 0.4314 0.3922 0.1961 24.6143 2.0000 
3424 3425 31 2.9124 0.7718 -23.9424 2.9642 0.7000 -24.1217 0.0691 0.2000 0.4314 0.3922 0.1961 24.7611 2.0000 
3425 3426 31 2.9642 0.7000 -24.1217 3.0184 0.6492 -24.3074 0.0691 0.2000 0.4314 0.3922 0.1961 24.9093 2.0000 
3426 3427 31 3.0184 0.6492 -24.3074 3.0753 0.6066 -24.4944 0.0691 0.2000 0.4314 0.3922 0.1961 25.0591 2.0000 
3427 3428 31 3.0753 0.6066 -24.4944 3.1295 0.5341 -24.6727 0.0691 0.2000 0.4314 0.3922 0.1961 25.2104 2.0000 
3428 3429 31 3.1295 0.5341 -24.6727 3.1821 0.4685 -24.8542 0.0691 0.2000 0.4314 0.3922 0.1961 25.3633 2.0000 
3429 3430 31 3.1821 0.4685 -24.8542 3.2327 0.4017 -25.0358 0.0691 0.2000 0.4314 0.3922 0.1961 25.5177 2.0000 
3430 3431 31 3.2327 0.4017 -25.0358 3.2760 0.3452 -25.2227 0.0691 0.2000 0.4314 0.3922 0.1961 25.6738 2.0000 
3431 3432 31 3.2760 0.3452 -25.2227 3.3155 0.2853 -25.4094 0.0691 0.2000 0.4314 0.3922 0.1961 25.8315 2.0000 
3432 3433 31 3.3155 0.2853 -25.4094 3.3521 0.2036 -25.5882 0.0691 0.2000 0.4314 0.3922 0.1961 25.9909 2.0000 
3433 3434 31 3.3521 0.2036 -25.5882 3.3973 0.1180 -25.7632 0.0691 0.2000 0.4314 0.3922 0.1961 26.1520 2.0000 
3434 3435 31 3.3973 0.1180 -25.7632 3.4598 0.0440 -25.9382 0.0691 0.2000 0.4314 0.3922 0.1961 26.3149 2.0000 
3435 3436 31 3.4598 0.0440 -25.9382 3.5101 -0.0243 -26.1194 0.0691 0.2000 0.4314 0.3922 0.1961 26.4796 2.0000 
3436 3437 31 3.5101 -0.0243 -26.1194 3.5609 -0.0926 -26.3003 0.0691 0.2000 0.4314 0.3922 0.1961 26.6462 2.0000 
3437 3438 31 3.5609 -0.0926 -26.3003 3.5932 -0.1646 -26.4841 0.0691 0.2000 0.4314 0.3922 0.1961 26.8146 2.0000 
3438 3439 31 3.5932 -0.1646 -26.4841 3.6132 -0.2336 -26.6707 0.0691 0.2000 0.4314 0.3922 0.1961 26.9850 2.0000 
3439 3440 31 3.6132 -0.2336 -26.6707 3.6362 -0.2880 -26.8618 0.0691 0.2000 0.4314 0.3922 0.1961 27.1573 2.0000 
3440 3441 31 3.6362 -0.2880 -26.8618 3.6521 -0.3438 -27.0532 0.0691 0.2000 0.4314 0.3922 0.1961 27.3317 2.0000 
3441 3442 31 3.6521 -0.3438 -27.0532 3.6689 -0.3930 -27.2463 0.0691 0.2000 0.4314 0.3922 0.1961 27.5081 2.0000 
3442 3443 31 3.6689 -0.3930 -27.2463 3.6737 -0.4266 -27.4434 0.0691 0.2000 0.4314 0.3922 0.1961 27.6867 2.0000 
3443 3444 31 3.6737 -0.4266 -27.4434 3.6693 -0.4190 -27.6433 0.0691 0.2000 0.4314 0.3922 0.1961 27.8674 2.0000 
3444 3445 31 3.6693 -0.4190 -27.6433 3.6267 -0.4026 -27.8380 0.0691 0.2000 0.4314 0.3922 0.1961 28.0504 2.0000 
3445 3446 31 3.6267 -0.4026 -27.8380 3.5496 -0.3886 -28.0220 0.0691 0.2000 0.4314 0.3922 0.1961 28.2356 2.0000 
3446 3447 31 3.5496 -0.3886 -28.0220 3.4851 -0.3589 -28.2090 0.0691 0.2000 0.4314 0.3922 0.1961 28.4232 2.0000 
3447 3448 31 3.4851 -0.3589 -28.2090 3.4419 -0.3348 -28.4028 0.0691 0.2000 0.4314 0.3922 0.1961 28.6131 2.0000 
3448 3449 31 3.4419 -0.3348 -28.4028 3.4089 -0.2945 -28.5958 0.0691 0.2000 0.4314 0.3922 0.1961 28.8055 2.0000 
3449 3450 31 3.4089 -0.2945 -28.5958 3.3686 -0.2593 -28.7885 0.0691 0.2000 0.4314 0.3922 0.1961 29.0005 2.0000 
3450 3451 31 3.3686 -0.2593 -28.7885 3.3319 -0.2154 -28.9802 0.0691 0.2000 0.4314 0.3922 0.1961 29.1980 2.0000 
3451 3452 31 3.3319 -0.2154 -28.9802 3.3190 -0.1958 -29.1788 0.0691 0.2000 0.4314 0.3922 0.1961 29.3982 2.0000 
3452 3453 31 3.3190 -0.1958 -29.1788 3.3142 -0.2200 -29.3773 0.0691 0.2000 0.4314 0.3922 0.1961 29.6011 2.0000 
3453 3454 31 3.3142 -0.2200 -29.3773 3.3639 -0.2366 -29.5703 0.0691 0.2000 0.4314 0.3922 0.1961 29.8069 2.0000 
3454 3455 31 3.3639 -0.2366 -29.5703 3.4046 -0.2637 -29.7490 0.0691 0.1852 0.4314 0.3922 0.1961 30.0000 2.0000 
73 3456 32 -0.0804 -0.4276 -15.1595 -0.1028 -0.2648 -15.2735 0.0527 0.2000 0.4314 0.3922 0.1961 18.9360 2.0000 
3456 3457 32 -0.1028 -0.2648 -15.2735 -0.1080 -0.1013 -15.3887 0.0527 0.2000 0.4314 0.3922 0.1961 19.0254 2.0000 
3457 3458 32 -0.1080 -0.1013 -15.3887 -0.1103 0.0616 -15.5047 0.0527 0.2000 0.4314 0.3922 0.1961 19.1153 2.0000 
3458 3459 32 -0.1103 0.0616 -15.5047 -0.1322 0.2191 -15.6259 0.0527 0.2000 0.4314 0.3922 0.1961 19.2058 2.0000 
3459 3460 32 -0.1322 0.2191 -15.6259 -0.1527 0.3782 -15.7455 0.0527 0.2000 0.4314 0.3922 0.1961 19.2968 2.0000 
3460 3461 32 -0.1527 0.3782 -15.7455 -0.1734 0.5374 -15.8647 0.0527 0.2000 0.4314 0.3922 0.1961 19.3885 2.0000 
3461 3462 32 -0.1734 0.5374 -15.8647 -0.1869 0.7030 -15.9760 0.0527 0.2000 0.4314 0.3922 0.1961 19.4808 2.0000 
3462 3463 32 -0.1869 0.7030 -15.9760 -0.1494 0.8542 -16.1015 0.0527 0.2000 0.4314 0.3922 0.1961 19.5738 2.0000 
3463 3464 32 -0.1494 0.8542 -16.1015 -0.1142 0.9965 -16.2375 0.0527 0.2000 0.4314 0.3922 0.1961 19.6673 2.0000 
3464 3465 32 -0.1142 0.9965 -16.2375 -0.0768 1.1353 -16.3766 0.0527 0.2000 0.4314 0.3922 0.1961 19.7615 2.0000 
3465 3466 32 -0.0768 1.1353 -16.3766 -0.0589 1.2914 -16.5003 0.0527 0.2000 0.4314 0.3922 0.1961 19.8563 2.0000 
3466 3467 32 -0.0589 1.2914 -16.5003 -0.0501 1.4723 -16.5852 0.0527 0.2000 0.4314 0.3922 0.1961 19.9518 2.0000 
3467 3468 32 -0.0501 1.4723 -16.5852 -0.0493 1.6578 -16.6600 0.0527 0.2000 0.4314 0.3922 0.1961 20.0480 2.0000 
3468 3469 32 -0.0493 1.6578 -16.6600 -0.0179 1.8335 -16.7502 0.0527 0.2000 0.4314 0.3922 0.1961 20.1448 2.0000 
3469 3470 32 -0.0179 1.8335 -16.7502 0.0284 1.9988 -16.8528 0.0527 0.2000 0.4314 0.3922 0.1961 20.2423 2.0000 
3470 3471 32 0.0284 1.9988 -16.8528 0.0654 2.1688 -16.9515 0.0527 0.2000 0.4314 0.3922 0.1961 20.3405 2.0000 
3471 3472 32 0.0654 2.1688 -16.9515 0.1021 2.3422 -17.0441 0.0527 0.2000 0.4314 0.3922 0.1961 20.4394 2.0000 
3472 3473 32 0.1021 2.3422 -17.0441 0.1422 2.5087 -17.1474 0.0527 0.2000 0.4314 0.3922 0.1961 20.5390 2.0000 
3473 3474 32 0.1422 2.5087 -17.1474 0.1788 2.6915 -17.2198 0.0527 0.2000 0.4314 0.3922 0.1961 20.6393 2.0000 
3474 3475 32 0.1788 2.6915 -17.2198 0.2166 2.8547 -17.3291 0.0527 0.2000 0.4314 0.3922 0.1961 20.7404 2.0000 
3475 3476 32 0.2166 2.8547 -17.3291 0.2637 3.0103 -17.4456 0.0527 0.2000 0.4314 0.3922 0.1961 20.8422 2.0000 
3476 3477 32 0.2637 3.0103 -17.4456 0.2796 3.1590 -17.5783 0.0527 0.2000 0.4314 0.3922 0.1961 20.9448 2.0000 
3477 3478 32 0.2796 3.1590 -17.5783 0.2987 3.3090 -17.7093 0.0527 0.2000 0.4314 0.3922 0.1961 21.0481 2.0000 
3478 3479 32 0.2987 3.3090 -17.7093 0.3168 3.4692 -17.8276 0.0527 0.2000 0.4314 0.3922 0.1961 21.1522 2.0000 
3479 3480 32 0.3168 3.4692 -17.8276 0.3456 3.6190 -17.9570 0.0527 0.2000 0.4314 0.3922 0.1961 21.2571 2.0000 
3480 3481 32 0.3456 3.6190 -17.9570 0.3615 3.7496 -18.1076 0.0527 0.2000 0.4314 0.3922 0.1961 21.3628 2.0000 
3481 3482 32 0.3615 3.7496 -18.1076 0.3785 3.8604 -18.2732 0.0527 0.2000 0.4314 0.3922 0.1961 21.4693 2.0000 
3482 3483 32 0.3785 3.8604 -18.2732 0.4124 3.9656 -18.4399 0.0527 0.2000 0.4314 0.3922 0.1961 21.5767 2.0000 
3483 3484 32 0.4124 3.9656 -18.4399 0.4454 4.0630 -18.6114 0.0527 0.2000 0.4314 0.3922 0.1961 21.6848 2.0000 
3484 3485 32 0.4454 4.0630 -18.6114 0.4917 4.1411 -18.7897 0.0527 0.2000 0.4314 0.3922 0.1961 21.7939 2.0000 
3485 3486 32 0.4917 4.1411 -18.7897 0.5422 4.2162 -18.9680 0.0527 0.2000 0.4314 0.3922 0.1961 21.9038 2.0000 
3486 3487 32 0.5422 4.2162 -18.9680 0.5925 4.2803 -19.1507 0.0527 0.2000 0.4314 0.3922 0.1961 22.0145 2.0000 
3487 3488 32 0.5925 4.2803 -19.1507 0.6240 4.3510 -19.3351 0.0527 0.2000 0.4314 0.3922 0.1961 22.1262 2.0000 
3488 3489 32 0.6240 4.3510 -19.3351 0.6524 4.3963 -19.5278 0.0527 0.2000 0.4314 0.3922 0.1961 22.2388 2.0000 
3489 3490 32 0.6524 4.3963 -19.5278 0.6753 4.4214 -19.7249 0.0527 0.2000 0.4314 0.3922 0.1961 22.3523 2.0000 
3490 3491 32 0.6753 4.4214 -19.7249 0.7177 4.4556 -19.9173 0.0527 0.2000 0.4314 0.3922 0.1961 22.4667 2.0000 
3491 3492 32 0.7177 4.4556 -19.9173 0.7605 4.4980 -20.1080 0.0527 0.2000 0.4314 0.3922 0.1961 22.5821 2.0000 
3492 3493 32 0.7605 4.4980 -20.1080 0.7955 4.5196 -20.3038 0.0527 0.2000 0.4314 0.3922 0.1961 22.6985 2.0000 
3493 3494 32 0.7955 4.5196 -20.3038 0.8357 4.5417 -20.4984 0.0527 0.2000 0.4314 0.3922 0.1961 22.8159 2.0000 
3494 3495 32 0.8357 4.5417 -20.4984 0.8747 4.5772 -20.6914 0.0527 0.2000 0.4314 0.3922 0.1961 22.9342 2.0000 
3495 3496 32 0.8747 4.5772 -20.6914 0.9149 4.6143 -20.8837 0.0527 0.2000 0.4314 0.3922 0.1961 23.0536 2.0000 
3496 3497 32 0.9149 4.6143 -20.8837 0.9603 4.6514 -21.0750 0.0527 0.2000 0.4314 0.3922 0.1961 23.1740 2.0000 
3497 3498 32 0.9603 4.6514 -21.0750 0.9651 4.6431 -21.2747 0.0527 0.2000 0.4314 0.3922 0.1961 23.2955 2.0000 
3498 3499 32 0.9651 4.6431 -21.2747 0.9786 4.5878 -21.4665 0.0527 0.2000 0.4314 0.3922 0.1961 23.4180 2.0000 
3499 3500 32 0.9786 4.5878 -21.4665 1.0032 4.5264 -21.6552 0.0527 0.2000 0.4314 0.3922 0.1961 23.5417 2.0000 
3500 3501 32 1.0032 4.5264 -21.6552 1.0297 4.4695 -21.8451 0.0527 0.2000 0.4314 0.3922 0.1961 23.6664 2.0000 
3501 3502 32 1.0297 4.4695 -21.8451 1.0872 4.4000 -22.0236 0.0527 0.2000 0.4314 0.3922 0.1961 23.7923 2.0000 
3502 3503 32 1.0872 4.4000 -22.0236 1.2067 4.3727 -22.1817 0.0527 0.2000 0.4314 0.3922 0.1961 23.9194 2.0000 
3503 3504 32 1.2067 4.3727 -22.1817 1.3268 4.3315 -22.3362 0.0527 0.2000 0.4314 0.3922 0.1961 24.0476 2.0000 
3504 3505 32 1.3268 4.3315 -22.3362 1.4094 4.2808 -22.5111 0.0527 0.2000 0.4314 0.3922 0.1961 24.1770 2.0000 
3505 3506 32 1.4094 4.2808 -22.5111 1.4675 4.2350 -22.6969 0.0527 0.2000 0.4314 0.3922 0.1961 24.3077 2.0000 
3506 3507 32 1.4675 4.2350 -22.6969 1.5408 4.2118 -22.8816 0.0527 0.2000 0.4314 0.3922 0.1961 24.4396 2.0000 
3507 3508 32 1.5408 4.2118 -22.8816 1.6138 4.1909 -23.0666 0.0527 0.2000 0.4314 0.3922 0.1961 24.5728 2.0000 
3508 3509 32 1.6138 4.1909 -23.0666 1.6475 4.1933 -23.2637 0.0527 0.2000 0.4314 0.3922 0.1961 24.7072 2.0000 
3509 3510 32 1.6475 4.1933 -23.2637 1.7000 4.1723 -23.4556 0.0527 0.2000 0.4314 0.3922 0.1961 24.8430 2.0000 
3510 3511 32 1.7000 4.1723 -23.4556 1.7491 4.1539 -23.6486 0.0527 0.2000 0.4314 0.3922 0.1961 24.9801 2.0000 
3511 3512 32 1.7491 4.1539 -23.6486 1.7979 4.1354 -23.8417 0.0527 0.2000 0.4314 0.3922 0.1961 25.1186 2.0000 
3512 3513 32 1.7979 4.1354 -23.8417 1.8451 4.1159 -24.0350 0.0527 0.2000 0.4314 0.3922 0.1961 25.2585 2.0000 
3513 3514 32 1.8451 4.1159 -24.0350 1.8926 4.1298 -24.2288 0.0527 0.2000 0.4314 0.3922 0.1961 25.3998 2.0000 
3514 3515 32 1.8926 4.1298 -24.2288 1.9361 4.1441 -24.4235 0.0527 0.2000 0.4314 0.3922 0.1961 25.5426 2.0000 
3515 3516 32 1.9361 4.1441 -24.4235 1.9819 4.1436 -24.6182 0.0527 0.2000 0.4314 0.3922 0.1961 25.6869 2.0000 
3516 3517 32 1.9819 4.1436 -24.6182 1.9707 4.1630 -24.8169 0.0527 0.2000 0.4314 0.3922 0.1961 25.8327 2.0000 
3517 3518 32 1.9707 4.1630 -24.8169 1.9574 4.1579 -25.0164 0.0527 0.2000 0.4314 0.3922 0.1961 25.9800 2.0000 
3518 3519 32 1.9574 4.1579 -25.0164 1.9422 4.1553 -25.2158 0.0527 0.2000 0.4314 0.3922 0.1961 26.1290 2.0000 
3519 3520 32 1.9422 4.1553 -25.2158 1.9385 4.1518 -25.4157 0.0527 0.2000 0.4314 0.3922 0.1961 26.2795 2.0000 
3520 3521 32 1.9385 4.1518 -25.4157 1.9433 4.1597 -25.6155 0.0527 0.2000 0.4314 0.3922 0.1961 26.4317 2.0000 
3521 3522 32 1.9433 4.1597 -25.6155 1.9647 4.1482 -25.8140 0.0527 0.2000 0.4314 0.3922 0.1961 26.5856 2.0000 
3522 3523 32 1.9647 4.1482 -25.8140 1.9873 4.1515 -26.0127 0.0527 0.2000 0.4314 0.3922 0.1961 26.7413 2.0000 
3523 3524 32 1.9873 4.1515 -26.0127 2.0211 4.1479 -26.2098 0.0527 0.2000 0.4314 0.3922 0.1961 26.8987 2.0000 
3524 3525 32 2.0211 4.1479 -26.2098 2.0258 4.0813 -26.3983 0.0527 0.2000 0.4314 0.3922 0.1961 27.0579 2.0000 
3525 3526 32 2.0258 4.0813 -26.3983 2.0289 4.0162 -26.5874 0.0527 0.2000 0.4314 0.3922 0.1961 27.2190 2.0000 
3526 3527 32 2.0289 4.0162 -26.5874 1.9916 3.9636 -26.7767 0.0527 0.2000 0.4314 0.3922 0.1961 27.3819 2.0000 
3527 3528 32 1.9916 3.9636 -26.7767 1.9514 3.9127 -26.9659 0.0527 0.2000 0.4314 0.3922 0.1961 27.5468 2.0000 
3528 3529 32 1.9514 3.9127 -26.9659 1.9172 3.8691 -27.1581 0.0527 0.2000 0.4314 0.3922 0.1961 27.7137 2.0000 
3529 3530 32 1.9172 3.8691 -27.1581 1.8752 3.7848 -27.3345 0.0527 0.2000 0.4314 0.3922 0.1961 27.8827 2.0000 
3530 3531 32 1.8752 3.7848 -27.3345 1.7885 3.6920 -27.4890 0.0527 0.2000 0.4314 0.3922 0.1961 28.0537 2.0000 
3531 3532 32 1.7885 3.6920 -27.4890 1.6866 3.6053 -27.6377 0.0527 0.2000 0.4314 0.3922 0.1961 28.2268 2.0000 
3532 3533 32 1.6866 3.6053 -27.6377 1.6025 3.5833 -27.8178 0.0527 0.2000 0.4314 0.3922 0.1961 28.4022 2.0000 
3533 3534 32 1.6025 3.5833 -27.8178 1.5264 3.5947 -28.0024 0.0527 0.2000 0.4314 0.3922 0.1961 28.5798 2.0000 
3534 3535 32 1.5264 3.5947 -28.0024 1.4982 3.5769 -28.1996 0.0527 0.2000 0.4314 0.3922 0.1961 28.7597 2.0000 
3535 3536 32 1.4982 3.5769 -28.1996 1.4904 3.5628 -28.3990 0.0527 0.2000 0.4314 0.3922 0.1961 28.9420 2.0000 
3536 3537 32 1.4904 3.5628 -28.3990 1.4956 3.5674 -28.5988 0.0527 0.2000 0.4314 0.3922 0.1961 29.1267 2.0000 
3537 3538 32 1.4956 3.5674 -28.5988 1.5057 3.5696 -28.7986 0.0527 0.2000 0.4314 0.3922 0.1961 29.3140 2.0000 
3538 3539 32 1.5057 3.5696 -28.7986 1.5312 3.5792 -28.9967 0.0527 0.2000 0.4314 0.3922 0.1961 29.5038 2.0000 
3539 3540 32 1.5312 3.5792 -28.9967 1.5448 3.5920 -29.1958 0.0527 0.2000 0.4314 0.3922 0.1961 29.6962 2.0000 
3540 3541 32 1.5448 3.5920 -29.1958 1.5449 3.6027 -29.3955 0.0527 0.2000 0.4314 0.3922 0.1961 29.8913 2.0000 
3541 3542 32 1.5449 3.6027 -29.3955 1.5456 3.6069 -29.5056 0.0527 0.1102 0.4314 0.3922 0.1961 30.0000 2.0000 
75 3543 33 -0.0722 -0.4509 -15.5546 0.0955 -0.4152 -15.6577 0.0645 0.2000 0.4314 0.3922 0.1961 19.4087 2.0000 
3543 3544 33 0.0955 -0.4152 -15.6577 0.2656 -0.3710 -15.7530 0.0645 0.2000 0.4314 0.3922 0.1961 19.5087 2.0000 
3544 3545 33 0.2656 -0.3710 -15.7530 0.4243 -0.3027 -15.8537 0.0645 0.2000 0.4314 0.3922 0.1961 19.6093 2.0000 
3545 3546 33 0.4243 -0.3027 -15.8537 0.5910 -0.2361 -15.9421 0.0645 0.2000 0.4314 0.3922 0.1961 19.7107 2.0000 
3546 3547 33 0.5910 -0.2361 -15.9421 0.7590 -0.1708 -16.0287 0.0645 0.2000 0.4314 0.3922 0.1961 19.8129 2.0000 
3547 3548 33 0.7590 -0.1708 -16.0287 0.9106 -0.1183 -16.1480 0.0645 0.2000 0.4314 0.3922 0.1961 19.9157 2.0000 
3548 3549 33 0.9106 -0.1183 -16.1480 1.0700 -0.0921 -16.2661 0.0645 0.2000 0.4314 0.3922 0.1961 20.0193 2.0000 
3549 3550 33 1.0700 -0.0921 -16.2661 1.2193 -0.0732 -16.3977 0.0645 0.2000 0.4314 0.3922 0.1961 20.1237 2.0000 
3550 3551 33 1.2193 -0.0732 -16.3977 1.3676 -0.0569 -16.5309 0.0645 0.2000 0.4314 0.3922 0.1961 20.2288 2.0000 
3551 3552 33 1.3676 -0.0569 -16.5309 1.4778 -0.0663 -16.6975 0.0645 0.2000 0.4314 0.3922 0.1961 20.3347 2.0000 
3552 3553 33 1.4778 -0.0663 -16.6975 1.5886 -0.0766 -16.8637 0.0645 0.2000 0.4314 0.3922 0.1961 20.4415 2.0000 
3553 3554 33 1.5886 -0.0766 -16.8637 1.7175 -0.0989 -17.0150 0.0645 0.2000 0.4314 0.3922 0.1961 20.5490 2.0000 
3554 3555 33 1.7175 -0.0989 -17.0150 1.8554 -0.1615 -17.1456 0.0645 0.2000 0.4314 0.3922 0.1961 20.6573 2.0000 
3555 3556 33 1.8554 -0.1615 -17.1456 1.9852 -0.1912 -17.2949 0.0645 0.2000 0.4314 0.3922 0.1961 20.7665 2.0000 
3556 3557 33 1.9852 -0.1912 -17.2949 2.0922 -0.2512 -17.4529 0.0645 0.2000 0.4314 0.3922 0.1961 20.8765 2.0000 
3557 3558 33 2.0922 -0.2512 -17.4529 2.1809 -0.3207 -17.6180 0.0645 0.2000 0.4314 0.3922 0.1961 20.9874 2.0000 
3558 3559 33 2.1809 -0.3207 -17.6180 2.2701 -0.3855 -17.7849 0.0645 0.2000 0.4314 0.3922 0.1961 21.0991 2.0000 
3559 3560 33 2.2701 -0.3855 -17.7849 2.3804 -0.4509 -17.9385 0.0645 0.2000 0.4314 0.3922 0.1961 21.2117 2.0000 
3560 3561 33 2.3804 -0.4509 -17.9385 2.4774 -0.5550 -18.0789 0.0645 0.2000 0.4314 0.3922 0.1961 21.3252 2.0000 
3561 3562 33 2.4774 -0.5550 -18.0789 2.5460 -0.6618 -18.2335 0.0645 0.2000 0.4314 0.3922 0.1961 21.4397 2.0000 
3562 3563 33 2.5460 -0.6618 -18.2335 2.5922 -0.7321 -18.4150 0.0645 0.2000 0.4314 0.3922 0.1961 21.5550 2.0000 
3563 3564 33 2.5922 -0.7321 -18.4150 2.6779 -0.7861 -18.5874 0.0645 0.2000 0.4314 0.3922 0.1961 21.6713 2.0000 
3564 3565 33 2.6779 -0.7861 -18.5874 2.7008 -0.8728 -18.7662 0.0645 0.2000 0.4314 0.3922 0.1961 21.7886 2.0000 
3565 3566 33 2.7008 -0.8728 -18.7662 2.7156 -1.0049 -18.9156 0.0645 0.2000 0.4314 0.3922 0.1961 21.9068 2.0000 
3566 3567 33 2.7156 -1.0049 -18.9156 2.7457 -1.1279 -19.0704 0.0645 0.2000 0.4314 0.3922 0.1961 22.0261 2.0000 
3567 3568 33 2.7457 -1.1279 -19.0704 2.7720 -1.2279 -19.2416 0.0645 0.2000 0.4314 0.3922 0.1961 22.1463 2.0000 
3568 3569 33 2.7720 -1.2279 -19.2416 2.7994 -1.3238 -19.4150 0.0645 0.2000 0.4314 0.3922 0.1961 22.2676 2.0000 
3569 3570 33 2.7994 -1.3238 -19.4150 2.8678 -1.3651 -19.5983 0.0645 0.2000 0.4314 0.3922 0.1961 22.3899 2.0000 
3570 3571 33 2.8678 -1.3651 -19.5983 2.8768 -1.4692 -19.7689 0.0645 0.2000 0.4314 0.3922 0.1961 22.5132 2.0000 
3571 3572 33 2.8768 -1.4692 -19.7689 2.8834 -1.5833 -19.9330 0.0645 0.2000 0.4314 0.3922 0.1961 22.6376 2.0000 
3572 3573 33 2.8834 -1.5833 -19.9330 2.8877 -1.6956 -20.0984 0.0645 0.2000 0.4314 0.3922 0.1961 22.7632 2.0000 
3573 3574 33 2.8877 -1.6956 -20.0984 2.9104 -1.8066 -20.2632 0.0645 0.2000 0.4314 0.3922 0.1961 22.8898 2.0000 
3574 3575 33 2.9104 -1.8066 -20.2632 2.9794 -1.9188 -20.4138 0.0645 0.2000 0.4314 0.3922 0.1961 23.0176 2.0000 
3575 3576 33 2.9794 -1.9188 -20.4138 3.0647 -1.9977 -20.5765 0.0645 0.2000 0.4314 0.3922 0.1961 23.1466 2.0000 
3576 3577 33 3.0647 -1.9977 -20.5765 3.1448 -2.0632 -20.7477 0.0645 0.2000 0.4314 0.3922 0.1961 23.2767 2.0000 
3577 3578 33 3.1448 -2.0632 -20.7477 3.1818 -2.1339 -20.9310 0.0645 0.2000 0.4314 0.3922 0.1961 23.4080 2.0000 
3578 3579 33 3.1818 -2.1339 -20.9310 3.1717 -2.1878 -21.1234 0.0645 0.2000 0.4314 0.3922 0.1961 23.5406 2.0000 
3579 3580 33 3.1717 -2.1878 -21.1234 3.1482 -2.2081 -21.3210 0.0645 0.2000 0.4314 0.3922 0.1961 23.6744 2.0000 
3580 3581 33 3.1482 -2.2081 -21.3210 3.1257 -2.1986 -21.5195 0.0645 0.2000 0.4314 0.3922 0.1961 23.8094 2.0000 
3581 3582 33 3.1257 -2.1986 -21.5195 3.1361 -2.1888 -21.7190 0.0645 0.2000 0.4314 0.3922 0.1961 23.9458 2.0000 
3582 3583 33 3.1361 -2.1888 -21.7190 3.1383 -2.1661 -21.9177 0.0645 0.2000 0.4314 0.3922 0.1961 24.0835 2.0000 
3583 3584 33 3.1383 -2.1661 -21.9177 3.1634 -2.1434 -22.1148 0.0645 0.2000 0.4314 0.3922 0.1961 24.2225 2.0000 
3584 3585 33 3.1634 -2.1434 -22.1148 3.1880 -2.1210 -22.3120 0.0645 0.2000 0.4314 0.3922 0.1961 24.3629 2.0000 
3585 3586 33 3.1880 -2.1210 -22.3120 3.1469 -2.1332 -22.5073 0.0645 0.2000 0.4314 0.3922 0.1961 24.5047 2.0000 
3586 3587 33 3.1469 -2.1332 -22.5073 3.1188 -2.1683 -22.7022 0.0645 0.2000 0.4314 0.3922 0.1961 24.6479 2.0000 
3587 3588 33 3.1188 -2.1683 -22.7022 3.0650 -2.2033 -22.8916 0.0645 0.2000 0.4314 0.3922 0.1961 24.7926 2.0000 
3588 3589 33 3.0650 -2.2033 -22.8916 3.0112 -2.2380 -23.0811 0.0645 0.2000 0.4314 0.3922 0.1961 24.9387 2.0000 
3589 3590 33 3.0112 -2.2380 -23.0811 2.9504 -2.2439 -23.2715 0.0645 0.2000 0.4314 0.3922 0.1961 25.0864 2.0000 
3590 3591 33 2.9504 -2.2439 -23.2715 2.8894 -2.2496 -23.4619 0.0645 0.2000 0.4314 0.3922 0.1961 25.2356 2.0000 
3591 3592 33 2.8894 -2.2496 -23.4619 2.8369 -2.2255 -23.6534 0.0645 0.2000 0.4314 0.3922 0.1961 25.3864 2.0000 
3592 3593 33 2.8369 -2.2255 -23.6534 2.7645 -2.2011 -23.8382 0.0645 0.2000 0.4314 0.3922 0.1961 25.5388 2.0000 
3593 3594 33 2.7645 -2.2011 -23.8382 2.7372 -2.1863 -24.0358 0.0645 0.2000 0.4314 0.3922 0.1961 25.6929 2.0000 
3594 3595 33 2.7372 -2.1863 -24.0358 2.7418 -2.1938 -24.2356 0.0645 0.2000 0.4314 0.3922 0.1961 25.8487 2.0000 
3595 3596 33 2.7418 -2.1938 -24.2356 2.7419 -2.1830 -24.4353 0.0645 0.2000 0.4314 0.3922 0.1961 26.0061 2.0000 
3596 3597 33 2.7419 -2.1830 -24.4353 2.7395 -2.1320 -24.6287 0.0645 0.2000 0.4314 0.3922 0.1961 26.1654 2.0000 
3597 3598 33 2.7395 -2.1320 -24.6287 2.7176 -2.1062 -24.8258 0.0645 0.2000 0.4314 0.3922 0.1961 26.3264 2.0000 
3598 3599 33 2.7176 -2.1062 -24.8258 2.7717 -2.0751 -25.0158 0.0645 0.2000 0.4314 0.3922 0.1961 26.4893 2.0000 
3599 3600 33 2.7717 -2.0751 -25.0158 2.8587 -2.0730 -25.1959 0.0645 0.2000 0.4314 0.3922 0.1961 26.6541 2.0000 
3600 3601 33 2.8587 -2.0730 -25.1959 2.9616 -2.0795 -25.3673 0.0645 0.2000 0.4314 0.3922 0.1961 26.8208 2.0000 
3601 3602 33 2.9616 -2.0795 -25.3673 3.0603 -2.0840 -25.5412 0.0645 0.2000 0.4314 0.3922 0.1961 26.9894 2.0000 
3602 3603 33 3.0603 -2.0840 -25.5412 3.1463 -2.0600 -25.7202 0.0645 0.2000 0.4314 0.3922 0.1961 27.1601 2.0000 
3603 3604 33 3.1463 -2.0600 -25.7202 3.2421 -2.0425 -25.8948 0.0645 0.2000 0.4314 0.3922 0.1961 27.3329 2.0000 
3604 3605 33 3.2421 -2.0425 -25.8948 3.3313 -2.0371 -26.0738 0.0645 0.2000 0.4314 0.3922 0.1961 27.5078 2.0000 
3605 3606 33 3.3313 -2.0371 -26.0738 3.4342 -2.0256 -26.2449 0.0645 0.2000 0.4314 0.3922 0.1961 27.6848 2.0000 
3606 3607 33 3.4342 -2.0256 -26.2449 3.5369 -2.0160 -26.4163 0.0645 0.2000 0.4314 0.3922 0.1961 27.8641 2.0000 
3607 3608 33 3.5369 -2.0160 -26.4163 3.6055 -1.9795 -26.6006 0.0645 0.2000 0.4314 0.3922 0.1961 28.0457 2.0000 
3608 3609 33 3.6055 -1.9795 -26.6006 3.6887 -1.9275 -26.7748 0.0645 0.2000 0.4314 0.3922 0.1961 28.2297 2.0000 
3609 3610 33 3.6887 -1.9275 -26.7748 3.7562 -1.9167 -26.9628 0.0645 0.2000 0.4314 0.3922 0.1961 28.4160 2.0000 
3610 3611 33 3.7562 -1.9167 -26.9628 3.8012 -1.9323 -27.1570 0.0645 0.2000 0.4314 0.3922 0.1961 28.6048 2.0000 
3611 3612 33 3.8012 -1.9323 -27.1570 3.8491 -1.9400 -27.3510 0.0645 0.2000 0.4314 0.3922 0.1961 28.7961 2.0000 
3612 3613 33 3.8491 -1.9400 -27.3510 3.8879 -1.9315 -27.5471 0.0645 0.2000 0.4314 0.3922 0.1961 28.9901 2.0000 
3613 3614 33 3.8879 -1.9315 -27.5471 3.9251 -1.9357 -27.7435 0.0645 0.2000 0.4314 0.3922 0.1961 29.1867 2.0000 
3614 3615 33 3.9251 -1.9357 -27.7435 3.9692 -1.9270 -27.9384 0.0645 0.2000 0.4314 0.3922 0.1961 29.3861 2.0000 
3615 3616 33 3.9692 -1.9270 -27.9384 3.9682 -1.8858 -28.1341 0.0645 0.2000 0.4314 0.3922 0.1961 29.5883 2.0000 
3616 3617 33 3.9682 -1.8858 -28.1341 3.9667 -1.8598 -28.3324 0.0645 0.2000 0.4314 0.3922 0.1961 29.7935 2.0000 
3617 3618 33 3.9667 -1.8598 -28.3324 3.9595 -1.8366 -28.5294 0.0645 0.1985 0.4314 0.3922 0.1961 30.0000 2.0000 
78 3619 34 -0.0614 -0.4563 -15.9546 -0.0135 -0.6358 -16.0287 0.0601 0.2000 0.4314 0.3922 0.1961 19.8845 2.0000 
3619 3620 34 -0.0135 -0.6358 -16.0287 0.0362 -0.8166 -16.0981 0.0601 0.2000 0.4314 0.3922 0.1961 19.9870 2.0000 
3620 3621 34 0.0362 -0.8166 -16.0981 0.0896 -0.9963 -16.1679 0.0601 0.2000 0.4314 0.3922 0.1961 20.0902 2.0000 
3621 3622 34 0.0896 -0.9963 -16.1679 0.1519 -1.1674 -16.2506 0.0601 0.2000 0.4314 0.3922 0.1961 20.1941 2.0000 
3622 3623 34 0.1519 -1.1674 -16.2506 0.2180 -1.3371 -16.3333 0.0601 0.2000 0.4314 0.3922 0.1961 20.2987 2.0000 
3623 3624 34 0.2180 -1.3371 -16.3333 0.3034 -1.5013 -16.4091 0.0601 0.2000 0.4314 0.3922 0.1961 20.4041 2.0000 
3624 3625 34 0.3034 -1.5013 -16.4091 0.4043 -1.6253 -16.5292 0.0601 0.2000 0.4314 0.3922 0.1961 20.5102 2.0000 
3625 3626 34 0.4043 -1.6253 -16.5292 0.4918 -1.7507 -16.6581 0.0601 0.2000 0.4314 0.3922 0.1961 20.6170 2.0000 
3626 3627 34 0.4918 -1.7507 -16.6581 0.5793 -1.8761 -16.7870 0.0601 0.2000 0.4314 0.3922 0.1961 20.7246 2.0000 
3627 3628 34 0.5793 -1.8761 -16.7870 0.6630 -2.0047 -16.9153 0.0601 0.2000 0.4314 0.3922 0.1961 20.8329 2.0000 
3628 3629 34 0.6630 -2.0047 -16.9153 0.7265 -2.1478 -17.0398 0.0601 0.2000 0.4314 0.3922 0.1961 20.9420 2.0000 
3629 3630 34 0.7265 -2.1478 -17.0398 0.7829 -2.2955 -17.1623 0.0601 0.2000 0.4314 0.3922 0.1961 21.0520 2.0000 
3630 3631 34 0.7829 -2.2955 -17.1623 0.7995 -2.4352 -17.3045 0.0601 0.2000 0.4314 0.3922 0.1961 21.1627 2.0000 
3631 3632 34 0.7995 -2.4352 -17.3045 0.8101 -2.5804 -17.4416 0.0601 0.2000 0.4314 0.3922 0.1961 21.2742 2.0000 
3632 3633 34 0.8101 -2.5804 -17.4416 0.8077 -2.7261 -17.5786 0.0601 0.2000 0.4314 0.3922 0.1961 21.3866 2.0000 
3633 3634 34 0.8077 -2.7261 -17.5786 0.8512 -2.8824 -17.6955 0.0601 0.2000 0.4314 0.3922 0.1961 21.4998 2.0000 
3634 3635 34 0.8512 -2.8824 -17.6955 0.8988 -3.0387 -17.8108 0.0601 0.2000 0.4314 0.3922 0.1961 21.6138 2.0000 
3635 3636 34 0.8988 -3.0387 -17.8108 0.9507 -3.2165 -17.8863 0.0601 0.2000 0.4314 0.3922 0.1961 21.7287 2.0000 
3636 3637 34 0.9507 -3.2165 -17.8863 0.9945 -3.3999 -17.9530 0.0601 0.2000 0.4314 0.3922 0.1961 21.8445 2.0000 
3637 3638 34 0.9945 -3.3999 -17.9530 1.0372 -3.5834 -18.0201 0.0601 0.2000 0.4314 0.3922 0.1961 21.9612 2.0000 
3638 3639 34 1.0372 -3.5834 -18.0201 1.0889 -3.7614 -18.0951 0.0601 0.2000 0.4314 0.3922 0.1961 22.0788 2.0000 
3639 3640 34 1.0889 -3.7614 -18.0951 1.1260 -3.9334 -18.1903 0.0601 0.2000 0.4314 0.3922 0.1961 22.1973 2.0000 
3640 3641 34 1.1260 -3.9334 -18.1903 1.1457 -4.0901 -18.3131 0.0601 0.2000 0.4314 0.3922 0.1961 22.3167 2.0000 
3641 3642 34 1.1457 -4.0901 -18.3131 1.1692 -4.2302 -18.4538 0.0601 0.2000 0.4314 0.3922 0.1961 22.4371 2.0000 
3642 3643 34 1.1692 -4.2302 -18.4538 1.2198 -4.3772 -18.5796 0.0601 0.2000 0.4314 0.3922 0.1961 22.5584 2.0000 
3643 3644 34 1.2198 -4.3772 -18.5796 1.2779 -4.5331 -18.6906 0.0601 0.2000 0.4314 0.3922 0.1961 22.6807 2.0000 
3644 3645 34 1.2779 -4.5331 -18.6906 1.3069 -4.7070 -18.7851 0.0601 0.2000 0.4314 0.3922 0.1961 22.8040 2.0000 
3645 3646 34 1.3069 -4.7070 -18.7851 1.3344 -4.8822 -18.8775 0.0601 0.2000 0.4314 0.3922 0.1961 22.9284 2.0000 
3646 3647 34 1.3344 -4.8822 -18.8775 1.3689 -5.0395 -18.9962 0.0601 0.2000 0.4314 0.3922 0.1961 23.0537 2.0000 
3647 3648 34 1.3689 -5.0395 -18.9962 1.4359 -5.1830 -19.1183 0.0601 0.2000 0.4314 0.3922 0.1961 23.1801 2.0000 
3648 3649 34 1.4359 -5.1830 -19.1183 1.5104 -5.3053 -19.2579 0.0601 0.2000 0.4314 0.3922 0.1961 23.3075 2.0000 
3649 3650 34 1.5104 -5.3053 -19.2579 1.5627 -5.4764 -19.3473 0.0601 0.2000 0.4314 0.3922 0.1961 23.4361 2.0000 
3650 3651 34 1.5627 -5.4764 -19.3473 1.6220 -5.6382 -19.4489 0.0601 0.2000 0.4314 0.3922 0.1961 23.5657 2.0000 
3651 3652 34 1.6220 -5.6382 -19.4489 1.6551 -5.7693 -19.5962 0.0601 0.2000 0.4314 0.3922 0.1961 23.6964 2.0000 
3652 3653 34 1.6551 -5.7693 -19.5962 1.7071 -5.8734 -19.7588 0.0601 0.2000 0.4314 0.3922 0.1961 23.8283 2.0000 
3653 3654 34 1.7071 -5.8734 -19.7588 1.7461 -5.9658 -19.9318 0.0601 0.2000 0.4314 0.3922 0.1961 23.9614 2.0000 
3654 3655 34 1.7461 -5.9658 -19.9318 1.7942 -6.0527 -20.1055 0.0601 0.2000 0.4314 0.3922 0.1961 24.0956 2.0000 
3655 3656 34 1.7942 -6.0527 -20.1055 1.8278 -6.1312 -20.2863 0.0601 0.2000 0.4314 0.3922 0.1961 24.2310 2.0000 
3656 3657 34 1.8278 -6.1312 -20.2863 1.8506 -6.2044 -20.4710 0.0601 0.2000 0.4314 0.3922 0.1961 24.3676 2.0000 
3657 3658 34 1.8506 -6.2044 -20.4710 1.8685 -6.3311 -20.6248 0.0601 0.2000 0.4314 0.3922 0.1961 24.5055 2.0000 
3658 3659 34 1.8685 -6.3311 -20.6248 1.9164 -6.4436 -20.7830 0.0601 0.2000 0.4314 0.3922 0.1961 24.6446 2.0000 
3659 3660 34 1.9164 -6.4436 -20.7830 1.9259 -6.5400 -20.9580 0.0601 0.2000 0.4314 0.3922 0.1961 24.7850 2.0000 
3660 3661 34 1.9259 -6.5400 -20.9580 1.9149 -6.6541 -21.1219 0.0601 0.2000 0.4314 0.3922 0.1961 24.9268 2.0000 
3661 3662 34 1.9149 -6.6541 -21.1219 1.9065 -6.7794 -21.2775 0.0601 0.2000 0.4314 0.3922 0.1961 25.0698 2.0000 
3662 3663 34 1.9065 -6.7794 -21.2775 1.8651 -6.9058 -21.4269 0.0601 0.2000 0.4314 0.3922 0.1961 25.2142 2.0000 
3663 3664 34 1.8651 -6.9058 -21.4269 1.7616 -6.9932 -21.5741 0.0601 0.2000 0.4314 0.3922 0.1961 25.3601 2.0000 
3664 3665 34 1.7616 -6.9932 -21.5741 1.6443 -7.0575 -21.7227 0.0601 0.2000 0.4314 0.3922 0.1961 25.5073 2.0000 
3665 3666 34 1.6443 -7.0575 -21.7227 1.4933 -7.1566 -21.8086 0.0601 0.2000 0.4314 0.3922 0.1961 25.6560 2.0000 
3666 3667 34 1.4933 -7.1566 -21.8086 1.3328 -7.2438 -21.8901 0.0601 0.2000 0.4314 0.3922 0.1961 25.8061 2.0000 
3667 3668 34 1.3328 -7.2438 -21.8901 1.1690 -7.3042 -21.9877 0.0601 0.2000 0.4314 0.3922 0.1961 25.9577 2.0000 
3668 3669 34 1.1690 -7.3042 -21.9877 1.0006 -7.3742 -22.0699 0.0601 0.2000 0.4314 0.3922 0.1961 26.1109 2.0000 
3669 3670 34 1.0006 -7.3742 -22.0699 0.8318 -7.4455 -22.1499 0.0601 0.2000 0.4314 0.3922 0.1961 26.2656 2.0000 
3670 3671 34 0.8318 -7.4455 -22.1499 0.6628 -7.5175 -22.2290 0.0601 0.2000 0.4314 0.3922 0.1961 26.4220 2.0000 
3671 3672 34 0.6628 -7.5175 -22.2290 0.4933 -7.5896 -22.3069 0.0601 0.2000 0.4314 0.3922 0.1961 26.5799 2.0000 
3672 3673 34 0.4933 -7.5896 -22.3069 0.3223 -7.6525 -22.3895 0.0601 0.2000 0.4314 0.3922 0.1961 26.7395 2.0000 
3673 3674 34 0.3223 -7.6525 -22.3895 0.1508 -7.7212 -22.4661 0.0601 0.2000 0.4314 0.3922 0.1961 26.9008 2.0000 
3674 3675 34 0.1508 -7.7212 -22.4661 -0.0205 -7.7867 -22.5458 0.0601 0.2000 0.4314 0.3922 0.1961 27.0639 2.0000 
3675 3676 34 -0.0205 -7.7867 -22.5458 -0.2078 -7.8100 -22.6119 0.0601 0.2000 0.4314 0.3922 0.1961 27.2287 2.0000 
3676 3677 34 -0.2078 -7.8100 -22.6119 -0.3864 -7.8718 -22.6773 0.0601 0.2000 0.4314 0.3922 0.1961 27.3953 2.0000 
3677 3678 34 -0.3864 -7.8718 -22.6773 -0.5708 -7.9359 -22.7209 0.0601 0.2000 0.4314 0.3922 0.1961 27.5637 2.0000 
3678 3679 34 -0.5708 -7.9359 -22.7209 -0.7513 -8.0123 -22.7607 0.0601 0.2000 0.4314 0.3922 0.1961 27.7341 2.0000 
3679 3680 34 -0.7513 -8.0123 -22.7607 -0.9397 -8.0445 -22.8197 0.0601 0.2000 0.4314 0.3922 0.1961 27.9064 2.0000 
3680 3681 34 -0.9397 -8.0445 -22.8197 -1.1285 -8.0890 -22.8684 0.0601 0.2000 0.4314 0.3922 0.1961 28.0807 2.0000 
3681 3682 34 -1.1285 -8.0890 -22.8684 -1.3058 -8.1501 -22.9378 0.0601 0.2000 0.4314 0.3922 0.1961 28.2569 2.0000 
3682 3683 34 -1.3058 -8.1501 -22.9378 -1.4921 -8.2017 -22.9892 0.0601 0.2000 0.4314 0.3922 0.1961 28.4353 2.0000 
3683 3684 34 -1.4921 -8.2017 -22.9892 -1.6790 -8.1999 -23.0603 0.0601 0.2000 0.4314 0.3922 0.1961 28.6158 2.0000 
3684 3685 34 -1.6790 -8.1999 -23.0603 -1.8425 -8.1651 -23.1701 0.0601 0.2000 0.4314 0.3922 0.1961 28.7984 2.0000 
3685 3686 34 -1.8425 -8.1651 -23.1701 -2.0061 -8.1205 -23.2761 0.0601 0.2000 0.4314 0.3922 0.1961 28.9833 2.0000 
3686 3687 34 -2.0061 -8.1205 -23.2761 -2.1527 -8.1052 -23.4114 0.0601 0.2000 0.4314 0.3922 0.1961 29.1705 2.0000 
3687 3688 34 -2.1527 -8.1052 -23.4114 -2.3053 -8.0952 -23.5403 0.0601 0.2000 0.4314 0.3922 0.1961 29.3600 2.0000 
3688 3689 34 -2.3053 -8.0952 -23.5403 -2.4208 -8.0454 -23.6958 0.0601 0.2000 0.4314 0.3922 0.1961 29.5519 2.0000 
3689 3690 34 -2.4208 -8.0454 -23.6958 -2.5413 -8.0106 -23.8516 0.0601 0.2000 0.4314 0.3922 0.1961 29.7462 2.0000 
3690 3691 34 -2.5413 -8.0106 -23.8516 -2.6701 -7.9789 -24.0012 0.0601 0.2000 0.4314 0.3922 0.1961 29.9431 2.0000 
3691 3692 34 -2.6701 -7.9789 -24.0012 -2.7060 -7.9741 -24.0457 0.0601 0.0574 0.4314 0.3922 0.1961 30.0000 2.0000 
80 3693 35 -0.0760 -0.4560 -16.3347 -0.2472 -0.5040 -16.4264 0.0423 0.2000 0.4314 0.3922 0.1961 20.3410 2.0000 
3693 3694 35 -0.2472 -0.5040 -16.4264 -0.4217 -0.5381 -16.5179 0.0423 0.2000 0.4314 0.3922 0.1961 20.4441 2.0000 
3694 3695 35 -0.4217 -0.5381 -16.5179 -0.5860 -0.5741 -16.6260 0.0423 0.2000 0.4314 0.3922 0.1961 20.5479 2.0000 
3695 3696 35 -0.5860 -0.5741 -16.6260 -0.7577 -0.5967 -16.7261 0.0423 0.2000 0.4314 0.3922 0.1961 20.6524 2.0000 
3696 3697 35 -0.7577 -0.5967 -16.7261 -0.9212 -0.6251 -16.8378 0.0423 0.2000 0.4314 0.3922 0.1961 20.7576 2.0000 
3697 3698 35 -0.9212 -0.6251 -16.8378 -1.0561 -0.6319 -16.9853 0.0423 0.2000 0.4314 0.3922 0.1961 20.8635 2.0000 
3698 3699 35 -1.0561 -0.6319 -16.9853 -1.1344 -0.6635 -17.1666 0.0423 0.2000 0.4314 0.3922 0.1961 20.9702 2.0000 
3699 3700 35 -1.1344 -0.6635 -17.1666 -1.2124 -0.6939 -17.3482 0.0423 0.2000 0.4314 0.3922 0.1961 21.0775 2.0000 
3700 3701 35 -1.2124 -0.6939 -17.3482 -1.3003 -0.7296 -17.5243 0.0423 0.2000 0.4314 0.3922 0.1961 21.1856 2.0000 
3701 3702 35 -1.3003 -0.7296 -17.5243 -1.3893 -0.7646 -17.6999 0.0423 0.2000 0.4314 0.3922 0.1961 21.2945 2.0000 
3702 3703 35 -1.3893 -0.7646 -17.6999 -1.4714 -0.7799 -17.8817 0.0423 0.2000 0.4314 0.3922 0.1961 21.4041 2.0000 
3703 3704 35 -1.4714 -0.7799 -17.8817 -1.5838 -0.8154 -18.0432 0.0423 0.2000 0.4314 0.3922 0.1961 21.5146 2.0000 
3704 3705 35 -1.5838 -0.8154 -18.0432 -1.6647 -0.8739 -18.2165 0.0423 0.2000 0.4314 0.3922 0.1961 21.6257 2.0000 
3705 3706 35 -1.6647 -0.8739 -18.2165 -1.7495 -0.9374 -18.3862 0.0423 0.2000 0.4314 0.3922 0.1961 21.7377 2.0000 
3706 3707 35 -1.7495 -0.9374 -18.3862 -1.8131 -1.0187 -18.5575 0.0423 0.2000 0.4314 0.3922 0.1961 21.8505 2.0000 
3707 3708 35 -1.8131 -1.0187 -18.5575 -1.8976 -1.0589 -18.7342 0.0423 0.2000 0.4314 0.3922 0.1961 21.9641 2.0000 
3708 3709 35 -1.8976 -1.0589 -18.7342 -1.9823 -1.0996 -18.9108 0.0423 0.2000 0.4314 0.3922 0.1961 22.0786 2.0000 
3709 3710 35 -1.9823 -1.0996 -18.9108 -2.0434 -1.1589 -19.0917 0.0423 0.2000 0.4314 0.3922 0.1961 22.1939 2.0000 
3710 3711 35 -2.0434 -1.1589 -19.0917 -2.1076 -1.2278 -19.2682 0.0423 0.2000 0.4314 0.3922 0.1961 22.3100 2.0000 
3711 3712 35 -2.1076 -1.2278 -19.2682 -2.1772 -1.3074 -19.4379 0.0423 0.2000 0.4314 0.3922 0.1961 22.4271 2.0000 
3712 3713 35 -2.1772 -1.3074 -19.4379 -2.2720 -1.3635 -19.6049 0.0423 0.2000 0.4314 0.3922 0.1961 22.5450 2.0000 
3713 3714 35 -2.2720 -1.3635 -19.6049 -2.3518 -1.4219 -19.7787 0.0423 0.2000 0.4314 0.3922 0.1961 22.6638 2.0000 
3714 3715 35 -2.3518 -1.4219 -19.7787 -2.4355 -1.4523 -19.9578 0.0423 0.2000 0.4314 0.3922 0.1961 22.7835 2.0000 
3715 3716 35 -2.4355 -1.4523 -19.9578 -2.5124 -1.4908 -20.1384 0.0423 0.2000 0.4314 0.3922 0.1961 22.9041 2.0000 
3716 3717 35 -2.5124 -1.4908 -20.1384 -2.5906 -1.5273 -20.3188 0.0423 0.2000 0.4314 0.3922 0.1961 23.0257 2.0000 
3717 3718 35 -2.5906 -1.5273 -20.3188 -2.6833 -1.5589 -20.4932 0.0423 0.2000 0.4314 0.3922 0.1961 23.1482 2.0000 
3718 3719 35 -2.6833 -1.5589 -20.4932 -2.7734 -1.5818 -20.6703 0.0423 0.2000 0.4314 0.3922 0.1961 23.2717 2.0000 
3719 3720 35 -2.7734 -1.5818 -20.6703 -2.8523 -1.5860 -20.8540 0.0423 0.2000 0.4314 0.3922 0.1961 23.3962 2.0000 
3720 3721 35 -2.8523 -1.5860 -20.8540 -2.9318 -1.5902 -21.0375 0.0423 0.2000 0.4314 0.3922 0.1961 23.5216 2.0000 
3721 3722 35 -2.9318 -1.5902 -21.0375 -3.0012 -1.5991 -21.2248 0.0423 0.2000 0.4314 0.3922 0.1961 23.6481 2.0000 
3722 3723 35 -3.0012 -1.5991 -21.2248 -3.0704 -1.6063 -21.4123 0.0423 0.2000 0.4314 0.3922 0.1961 23.7756 2.0000 
3723 3724 35 -3.0704 -1.6063 -21.4123 -3.1097 -1.6224 -21.6078 0.0423 0.2000 0.4314 0.3922 0.1961 23.9042 2.0000 
3724 3725 35 -3.1097 -1.6224 -21.6078 -3.1507 -1.6059 -21.8028 0.0423 0.2000 0.4314 0.3922 0.1961 24.0339 2.0000 
3725 3726 35 -3.1507 -1.6059 -21.8028 -3.1922 -1.5895 -21.9978 0.0423 0.2000 0.4314 0.3922 0.1961 24.1646 2.0000 
3726 3727 35 -3.1922 -1.5895 -21.9978 -3.1860 -1.5888 -22.1977 0.0423 0.2000 0.4314 0.3922 0.1961 24.2964 2.0000 
3727 3728 35 -3.1860 -1.5888 -22.1977 -3.1828 -1.6089 -22.3966 0.0423 0.2000 0.4314 0.3922 0.1961 24.4293 2.0000 
3728 3729 35 -3.1828 -1.6089 -22.3966 -3.1792 -1.6287 -22.5956 0.0423 0.2000 0.4314 0.3922 0.1961 24.5634 2.0000 
3729 3730 35 -3.1792 -1.6287 -22.5956 -3.1733 -1.6665 -22.7919 0.0423 0.2000 0.4314 0.3922 0.1961 24.6987 2.0000 
3730 3731 35 -3.1733 -1.6665 -22.7919 -3.1730 -1.7387 -22.9784 0.0423 0.2000 0.4314 0.3922 0.1961 24.8351 2.0000 
3731 3732 35 -3.1730 -1.7387 -22.9784 -3.2271 -1.7942 -23.1628 0.0423 0.2000 0.4314 0.3922 0.1961 24.9727 2.0000 
3732 3733 35 -3.2271 -1.7942 -23.1628 -3.2799 -1.8661 -23.3418 0.0423 0.2000 0.4314 0.3922 0.1961 25.1116 2.0000 
3733 3734 35 -3.2799 -1.8661 -23.3418 -3.3273 -1.9360 -23.5231 0.0423 0.2000 0.4314 0.3922 0.1961 25.2517 2.0000 
3734 3735 35 -3.3273 -1.9360 -23.5231 -3.3720 -2.0104 -23.7033 0.0423 0.2000 0.4314 0.3922 0.1961 25.3930 2.0000 
3735 3736 35 -3.3720 -2.0104 -23.7033 -3.4193 -2.0641 -23.8900 0.0423 0.2000 0.4314 0.3922 0.1961 25.5357 2.0000 
3736 3737 35 -3.4193 -2.0641 -23.8900 -3.4577 -2.1205 -24.0780 0.0423 0.2000 0.4314 0.3922 0.1961 25.6797 2.0000 
3737 3738 35 -3.4577 -2.1205 -24.0780 -3.4761 -2.1642 -24.2723 0.0423 0.2000 0.4314 0.3922 0.1961 25.8250 2.0000 
3738 3739 35 -3.4761 -2.1642 -24.2723 -3.4937 -2.1956 -24.4691 0.0423 0.2000 0.4314 0.3922 0.1961 25.9716 2.0000 
3739 3740 35 -3.4937 -2.1956 -24.4691 -3.5034 -2.2459 -24.6624 0.0423 0.2000 0.4314 0.3922 0.1961 26.1197 2.0000 
3740 3741 35 -3.5034 -2.2459 -24.6624 -3.4828 -2.2999 -24.8538 0.0423 0.2000 0.4314 0.3922 0.1961 26.2692 2.0000 
3741 3742 35 -3.4828 -2.2999 -24.8538 -3.4723 -2.3523 -25.0466 0.0423 0.2000 0.4314 0.3922 0.1961 26.4201 2.0000 
3742 3743 35 -3.4723 -2.3523 -25.0466 -3.4509 -2.4122 -25.2362 0.0423 0.2000 0.4314 0.3922 0.1961 26.5725 2.0000 
3743 3744 35 -3.4509 -2.4122 -25.2362 -3.3939 -2.4533 -25.4235 0.0423 0.2000 0.4314 0.3922 0.1961 26.7264 2.0000 
3744 3745 35 -3.3939 -2.4533 -25.4235 -3.3601 -2.5338 -25.6034 0.0423 0.2000 0.4314 0.3922 0.1961 26.8818 2.0000 
3745 3746 35 -3.3601 -2.5338 -25.6034 -3.3120 -2.5895 -25.7894 0.0423 0.2000 0.4314 0.3922 0.1961 27.0388 2.0000 
3746 3747 35 -3.3120 -2.5895 -25.7894 -3.2675 -2.6381 -25.9782 0.0423 0.2000 0.4314 0.3922 0.1961 27.1973 2.0000 
3747 3748 35 -3.2675 -2.6381 -25.9782 -3.2302 -2.6806 -26.1700 0.0423 0.2000 0.4314 0.3922 0.1961 27.3575 2.0000 
3748 3749 35 -3.2302 -2.6806 -26.1700 -3.2074 -2.7130 -26.3661 0.0423 0.2000 0.4314 0.3922 0.1961 27.5194 2.0000 
3749 3750 35 -3.2074 -2.7130 -26.3661 -3.1812 -2.7139 -26.5643 0.0423 0.2000 0.4314 0.3922 0.1961 27.6829 2.0000 
3750 3751 35 -3.1812 -2.7139 -26.5643 -3.1586 -2.7266 -26.7626 0.0423 0.2000 0.4314 0.3922 0.1961 27.8482 2.0000 
3751 3752 35 -3.1586 -2.7266 -26.7626 -3.1317 -2.7344 -26.9607 0.0423 0.2000 0.4314 0.3922 0.1961 28.0153 2.0000 
3752 3753 35 -3.1317 -2.7344 -26.9607 -3.1409 -2.7358 -27.1605 0.0423 0.2000 0.4314 0.3922 0.1961 28.1841 2.0000 
3753 3754 35 -3.1409 -2.7358 -27.1605 -3.1422 -2.7395 -27.3604 0.0423 0.2000 0.4314 0.3922 0.1961 28.3548 2.0000 
3754 3755 35 -3.1422 -2.7395 -27.3604 -3.1788 -2.7378 -27.5570 0.0423 0.2000 0.4314 0.3922 0.1961 28.5274 2.0000 
3755 3756 35 -3.1788 -2.7378 -27.5570 -3.2311 -2.7102 -27.7481 0.0423 0.2000 0.4314 0.3922 0.1961 28.7019 2.0000 
3756 3757 35 -3.2311 -2.7102 -27.7481 -3.2806 -2.6990 -27.9415 0.0423 0.2000 0.4314 0.3922 0.1961 28.8784 2.0000 
3757 3758 35 -3.2806 -2.6990 -27.9415 -3.3332 -2.6932 -28.1344 0.0423 0.2000 0.4314 0.3922 0.1961 29.0569 2.0000 
3758 3759 35 -3.3332 -2.6932 -28.1344 -3.3818 -2.6998 -28.3283 0.0423 0.2000 0.4314 0.3922 0.1961 29.2374 2.0000 
3759 3760 35 -3.3818 -2.6998 -28.3283 -3.4416 -2.7077 -28.5190 0.0423 0.2000 0.4314 0.3922 0.1961 29.4201 2.0000 
3760 3761 35 -3.4416 -2.7077 -28.5190 -3.4965 -2.7196 -28.7110 0.0423 0.2000 0.4314 0.3922 0.1961 29.6049 2.0000 
3761 3762 35 -3.4965 -2.7196 -28.7110 -3.5468 -2.7544 -28.9014 0.0423 0.2000 0.4314 0.3922 0.1961 29.7920 2.0000 
3762 3763 35 -3.5468 -2.7544 -28.9014 -3.5952 -2.7887 -29.0924 0.0423 0.2000 0.4314 0.3922 0.1961 29.9813 2.0000 
3763 3764 35 -3.5952 -2.7887 -29.0924 -3.5990 -2.7906 -29.1116 0.0423 0.0197 0.4314 0.3922 0.1961 30.0000 2.0000 
83 3765 36 -0.0752 -0.4432 -16.7532 -0.2365 -0.3907 -16.8591 0.0699 0.2000 0.4314 0.3922 0.1961 20.8442 2.0000 
3765 3766 36 -0.2365 -0.3907 -16.8591 -0.3979 -0.3330 -16.9622 0.0699 0.2000 0.4314 0.3922 0.1961 20.9413 2.0000 
3766 3767 36 -0.3979 -0.3330 -16.9622 -0.5372 -0.2379 -17.0696 0.0699 0.2000 0.4314 0.3922 0.1961 21.0391 2.0000 
3767 3768 36 -0.5372 -0.2379 -17.0696 -0.6662 -0.1162 -17.1622 0.0699 0.2000 0.4314 0.3922 0.1961 21.1374 2.0000 
3768 3769 36 -0.6662 -0.1162 -17.1622 -0.8028 -0.0129 -17.2653 0.0699 0.2000 0.4314 0.3922 0.1961 21.2365 2.0000 
3769 3770 36 -0.8028 -0.0129 -17.2653 -0.9264 0.1054 -17.3690 0.0699 0.2000 0.4314 0.3922 0.1961 21.3361 2.0000 
3770 3771 36 -0.9264 0.1054 -17.3690 -1.0504 0.2235 -17.4724 0.0699 0.2000 0.4314 0.3922 0.1961 21.4364 2.0000 
3771 3772 36 -1.0504 0.2235 -17.4724 -1.1549 0.3574 -17.5779 0.0699 0.2000 0.4314 0.3922 0.1961 21.5374 2.0000 
3772 3773 36 -1.1549 0.3574 -17.5779 -1.2080 0.5038 -17.7034 0.0699 0.2000 0.4314 0.3922 0.1961 21.6391 2.0000 
3773 3774 36 -1.2080 0.5038 -17.7034 -1.2021 0.6632 -17.8240 0.0699 0.2000 0.4314 0.3922 0.1961 21.7414 2.0000 
3774 3775 36 -1.2021 0.6632 -17.8240 -1.1440 0.8005 -17.9573 0.0699 0.2000 0.4314 0.3922 0.1961 21.8445 2.0000 
3775 3776 36 -1.1440 0.8005 -17.9573 -1.0860 0.9356 -18.0929 0.0699 0.2000 0.4314 0.3922 0.1961 21.9482 2.0000 
3776 3777 36 -1.0860 0.9356 -18.0929 -1.0515 1.0660 -18.2406 0.0699 0.2000 0.4314 0.3922 0.1961 22.0527 2.0000 
3777 3778 36 -1.0515 1.0660 -18.2406 -1.0081 1.1930 -18.3888 0.0699 0.2000 0.4314 0.3922 0.1961 22.1579 2.0000 
3778 3779 36 -1.0081 1.1930 -18.3888 -0.9575 1.3043 -18.5472 0.0699 0.2000 0.4314 0.3922 0.1961 22.2638 2.0000 
3779 3780 36 -0.9575 1.3043 -18.5472 -0.9302 1.4366 -18.6947 0.0699 0.2000 0.4314 0.3922 0.1961 22.3704 2.0000 
3780 3781 36 -0.9302 1.4366 -18.6947 -0.9051 1.5673 -18.8439 0.0699 0.2000 0.4314 0.3922 0.1961 22.4778 2.0000 
3781 3782 36 -0.9051 1.5673 -18.8439 -0.8390 1.6901 -18.9873 0.0699 0.2000 0.4314 0.3922 0.1961 22.5860 2.0000 
3782 3783 36 -0.8390 1.6901 -18.9873 -0.7715 1.8118 -19.1309 0.0699 0.2000 0.4314 0.3922 0.1961 22.6950 2.0000 
3783 3784 36 -0.7715 1.8118 -19.1309 -0.6684 1.8921 -19.2824 0.0699 0.2000 0.4314 0.3922 0.1961 22.8047 2.0000 
3784 3785 36 -0.6684 1.8921 -19.2824 -0.5669 1.9741 -19.4339 0.0699 0.2000 0.4314 0.3922 0.1961 22.9153 2.0000 
3785 3786 36 -0.5669 1.9741 -19.4339 -0.4628 2.0605 -19.5812 0.0699 0.2000 0.4314 0.3922 0.1961 23.0266 2.0000 
3786 3787 36 -0.4628 2.0605 -19.5812 -0.3890 2.1361 -19.7510 0.0699 0.2000 0.4314 0.3922 0.1961 23.1388 2.0000 
3787 3788 36 -0.3890 2.1361 -19.7510 -0.2930 2.2451 -19.8885 0.0699 0.2000 0.4314 0.3922 0.1961 23.2518 2.0000 
3788 3789 36 -0.2930 2.2451 -19.8885 -0.1996 2.3537 -20.0281 0.0699 0.2000 0.4314 0.3922 0.1961 23.3657 2.0000 
3789 3790 36 -0.1996 2.3537 -20.0281 -0.0974 2.4598 -20.1633 0.0699 0.2000 0.4314 0.3922 0.1961 23.4804 2.0000 
3790 3791 36 -0.0974 2.4598 -20.1633 0.0037 2.5650 -20.3001 0.0699 0.2000 0.4314 0.3922 0.1961 23.5960 2.0000 
3791 3792 36 0.0037 2.5650 -20.3001 0.0896 2.6454 -20.4619 0.0699 0.2000 0.4314 0.3922 0.1961 23.7125 2.0000 
3792 3793 36 0.0896 2.6454 -20.4619 0.1626 2.7306 -20.6274 0.0699 0.2000 0.4314 0.3922 0.1961 23.8298 2.0000 
3793 3794 36 0.1626 2.7306 -20.6274 0.2630 2.7936 -20.7885 0.0699 0.2000 0.4314 0.3922 0.1961 23.9481 2.0000 
3794 3795 36 0.2630 2.7936 -20.7885 0.3610 2.8532 -20.9524 0.0699 0.2000 0.4314 0.3922 0.1961 24.0674 2.0000 
3795 3796 36 0.3610 2.8532 -20.9524 0.4590 2.9130 -21.1161 0.0699 0.2000 0.4314 0.3922 0.1961 24.1875 2.0000 
3796 3797 36 0.4590 2.9130 -21.1161 0.5562 3.0075 -21.2632 0.0699 0.2000 0.4314 0.3922 0.1961 24.3087 2.0000 
3797 3798 36 0.5562 3.0075 -21.2632 0.6685 3.0809 -21.4115 0.0699 0.2000 0.4314 0.3922 0.1961 24.4308 2.0000 
3798 3799 36 0.6685 3.0809 -21.4115 0.7783 3.1554 -21.5612 0.0699 0.2000 0.4314 0.3922 0.1961 24.5538 2.0000 
3799 3800 36 0.7783 3.1554 -21.5612 0.9154 3.1901 -21.7026 0.0699 0.2000 0.4314 0.3922 0.1961 24.6779 2.0000 
3800 3801 36 0.9154 3.1901 -21.7026 1.0428 3.2196 -21.8539 0.0699 0.2000 0.4314 0.3922 0.1961 24.8031 2.0000 
3801 3802 36 1.0428 3.2196 -21.8539 1.1781 3.2285 -22.0010 0.0699 0.2000 0.4314 0.3922 0.1961 24.9292 2.0000 
3802 3803 36 1.1781 3.2285 -22.0010 1.3110 3.2508 -22.1487 0.0699 0.2000 0.4314 0.3922 0.1961 25.0564 2.0000 
3803 3804 36 1.3110 3.2508 -22.1487 1.4114 3.2689 -22.3208 0.0699 0.2000 0.4314 0.3922 0.1961 25.1847 2.0000 
3804 3805 36 1.4114 3.2689 -22.3208 1.4907 3.2680 -22.5044 0.0699 0.2000 0.4314 0.3922 0.1961 25.3141 2.0000 
3805 3806 36 1.4907 3.2680 -22.5044 1.5738 3.2456 -22.6849 0.0699 0.2000 0.4314 0.3922 0.1961 25.4446 2.0000 
3806 3807 36 1.5738 3.2456 -22.6849 1.6545 3.2204 -22.8662 0.0699 0.2000 0.4314 0.3922 0.1961 25.5762 2.0000 
3807 3808 36 1.6545 3.2204 -22.8662 1.7148 3.2014 -23.0559 0.0699 0.2000 0.4314 0.3922 0.1961 25.7090 2.0000 
3808 3809 36 1.7148 3.2014 -23.0559 1.7734 3.1813 -23.2460 0.0699 0.2000 0.4314 0.3922 0.1961 25.8429 2.0000 
3809 3810 36 1.7734 3.1813 -23.2460 1.8292 3.1461 -23.4349 0.0699 0.2000 0.4314 0.3922 0.1961 25.9781 2.0000 
3810 3811 36 1.8292 3.1461 -23.4349 1.8957 3.1212 -23.6218 0.0699 0.2000 0.4314 0.3922 0.1961 26.1144 2.0000 
3811 3812 36 1.8957 3.1212 -23.6218 1.9741 3.0971 -23.8042 0.0699 0.2000 0.4314 0.3922 0.1961 26.2520 2.0000 
3812 3813 36 1.9741 3.0971 -23.8042 2.0472 3.0629 -23.9872 0.0699 0.2000 0.4314 0.3922 0.1961 26.3909 2.0000 
3813 3814 36 2.0472 3.0629 -23.9872 2.0632 3.0128 -24.1802 0.0699 0.2000 0.4314 0.3922 0.1961 26.5310 2.0000 
3814 3815 36 2.0632 3.0128 -24.1802 2.1220 2.9511 -24.3611 0.0699 0.2000 0.4314 0.3922 0.1961 26.6724 2.0000 
3815 3816 36 2.1220 2.9511 -24.3611 2.1670 2.8960 -24.5480 0.0699 0.2000 0.4314 0.3922 0.1961 26.8152 2.0000 
3816 3817 36 2.1670 2.8960 -24.5480 2.1968 2.8858 -24.7455 0.0699 0.2000 0.4314 0.3922 0.1961 26.9593 2.0000 
3817 3818 36 2.1968 2.8858 -24.7455 2.2199 2.9365 -24.9376 0.0699 0.2000 0.4314 0.3922 0.1961 27.1048 2.0000 
3818 3819 36 2.2199 2.9365 -24.9376 2.2424 2.9880 -25.1296 0.0699 0.2000 0.4314 0.3922 0.1961 27.2517 2.0000 
3819 3820 36 2.2424 2.9880 -25.1296 2.2636 3.0584 -25.3156 0.0699 0.2000 0.4314 0.3922 0.1961 27.4000 2.0000 
3820 3821 36 2.2636 3.0584 -25.3156 2.2946 3.1503 -25.4905 0.0699 0.2000 0.4314 0.3922 0.1961 27.5498 2.0000 
3821 3822 36 2.2946 3.1503 -25.4905 2.3646 3.2340 -25.6581 0.0699 0.2000 0.4314 0.3922 0.1961 27.7011 2.0000 
3822 3823 36 2.3646 3.2340 -25.6581 2.4342 3.3195 -25.8249 0.0699 0.2000 0.4314 0.3922 0.1961 27.8540 2.0000 
3823 3824 36 2.4342 3.3195 -25.8249 2.5226 3.3876 -25.9909 0.0699 0.2000 0.4314 0.3922 0.1961 28.0083 2.0000 
3824 3825 36 2.5226 3.3876 -25.9909 2.5835 3.4973 -26.1467 0.0699 0.2000 0.4314 0.3922 0.1961 28.1643 2.0000 
3825 3826 36 2.5835 3.4973 -26.1467 2.6538 3.6094 -26.2966 0.0699 0.2000 0.4314 0.3922 0.1961 28.3219 2.0000 
3826 3827 36 2.6538 3.6094 -26.2966 2.7402 3.7128 -26.4444 0.0699 0.2000 0.4314 0.3922 0.1961 28.4811 2.0000 
3827 3828 36 2.7402 3.7128 -26.4444 2.8327 3.8345 -26.5733 0.0699 0.2000 0.4314 0.3922 0.1961 28.6420 2.0000 
3828 3829 36 2.8327 3.8345 -26.5733 2.9104 3.9618 -26.7066 0.0699 0.2000 0.4314 0.3922 0.1961 28.8047 2.0000 
3829 3830 36 2.9104 3.9618 -26.7066 2.9949 4.0904 -26.8343 0.0699 0.2000 0.4314 0.3922 0.1961 28.9691 2.0000 
3830 3831 36 2.9949 4.0904 -26.8343 3.0699 4.2238 -26.9632 0.0699 0.2000 0.4314 0.3922 0.1961 29.1353 2.0000 
3831 3832 36 3.0699 4.2238 -26.9632 3.1435 4.3515 -27.0983 0.0699 0.2000 0.4314 0.3922 0.1961 29.3033 2.0000 
3832 3833 36 3.1435 4.3515 -27.0983 3.2195 4.4766 -27.2346 0.0699 0.2000 0.4314 0.3922 0.1961 29.4732 2.0000 
3833 3834 36 3.2195 4.4766 -27.2346 3.3042 4.5982 -27.3689 0.0699 0.2000 0.4314 0.3922 0.1961 29.6451 2.0000 
3834 3835 36 3.3042 4.5982 -27.3689 3.3970 4.7065 -27.5091 0.0699 0.2000 0.4314 0.3922 0.1961 29.8189 2.0000 
3835 3836 36 3.3970 4.7065 -27.5091 3.4981 4.8102 -27.6471 0.0699 0.2000 0.4314 0.3922 0.1961 29.9947 2.0000 
3836 3837 36 3.4981 4.8102 -27.6471 3.5012 4.8133 -27.6512 0.0699 0.0060 0.4314 0.3922 0.1961 30.0000 2.0000 
85 3838 37 -0.1420 -0.3979 -17.1399 -0.2926 -0.5006 -17.2221 0.0622 0.2000 0.4314 0.3922 0.1961 21.3292 2.0000 
3838 3839 37 -0.2926 -0.5006 -17.2221 -0.4530 -0.5834 -17.3083 0.0622 0.2000 0.4314 0.3922 0.1961 21.4249 2.0000 
3839 3840 37 -0.4530 -0.5834 -17.3083 -0.5735 -0.6843 -17.4320 0.0622 0.2000 0.4314 0.3922 0.1961 21.5213 2.0000 
3840 3841 37 -0.5735 -0.6843 -17.4320 -0.6541 -0.8046 -17.5699 0.0622 0.2000 0.4314 0.3922 0.1961 21.6184 2.0000 
3841 3842 37 -0.6541 -0.8046 -17.5699 -0.7309 -0.9093 -17.7220 0.0622 0.2000 0.4314 0.3922 0.1961 21.7161 2.0000 
3842 3843 37 -0.7309 -0.9093 -17.7220 -0.8168 -0.9971 -17.8799 0.0622 0.2000 0.4314 0.3922 0.1961 21.8145 2.0000 
3843 3844 37 -0.8168 -0.9971 -17.8799 -0.9217 -1.0785 -18.0294 0.0622 0.2000 0.4314 0.3922 0.1961 21.9137 2.0000 
3844 3845 37 -0.9217 -1.0785 -18.0294 -1.0317 -1.1476 -18.1815 0.0622 0.2000 0.4314 0.3922 0.1961 22.0135 2.0000 
3845 3846 37 -1.0317 -1.1476 -18.1815 -1.1606 -1.1906 -18.3282 0.0622 0.2000 0.4314 0.3922 0.1961 22.1141 2.0000 
3846 3847 37 -1.1606 -1.1906 -18.3282 -1.2994 -1.2121 -18.4706 0.0622 0.2000 0.4314 0.3922 0.1961 22.2154 2.0000 
3847 3848 37 -1.2994 -1.2121 -18.4706 -1.4373 -1.2232 -18.6150 0.0622 0.2000 0.4314 0.3922 0.1961 22.3174 2.0000 
3848 3849 37 -1.4373 -1.2232 -18.6150 -1.5796 -1.2321 -18.7553 0.0622 0.2000 0.4314 0.3922 0.1961 22.4202 2.0000 
3849 3850 37 -1.5796 -1.2321 -18.7553 -1.7232 -1.2439 -18.8940 0.0622 0.2000 0.4314 0.3922 0.1961 22.5238 2.0000 
3850 3851 37 -1.7232 -1.2439 -18.8940 -1.8604 -1.2576 -19.0388 0.0622 0.2000 0.4314 0.3922 0.1961 22.6281 2.0000 
3851 3852 37 -1.8604 -1.2576 -19.0388 -1.9800 -1.2611 -19.1991 0.0622 0.2000 0.4314 0.3922 0.1961 22.7332 2.0000 
3852 3853 37 -1.9800 -1.2611 -19.1991 -2.0938 -1.2554 -19.3635 0.0622 0.2000 0.4314 0.3922 0.1961 22.8392 2.0000 
3853 3854 37 -2.0938 -1.2554 -19.3635 -2.2076 -1.2497 -19.5279 0.0622 0.2000 0.4314 0.3922 0.1961 22.9459 2.0000 
3854 3855 37 -2.2076 -1.2497 -19.5279 -2.3169 -1.2479 -19.6953 0.0622 0.2000 0.4314 0.3922 0.1961 23.0535 2.0000 
3855 3856 37 -2.3169 -1.2479 -19.6953 -2.4249 -1.2393 -19.8634 0.0622 0.2000 0.4314 0.3922 0.1961 23.1619 2.0000 
3856 3857 37 -2.4249 -1.2393 -19.8634 -2.5329 -1.2359 -20.0317 0.0622 0.2000 0.4314 0.3922 0.1961 23.2711 2.0000 
3857 3858 37 -2.5329 -1.2359 -20.0317 -2.6436 -1.2279 -20.1981 0.0622 0.2000 0.4314 0.3922 0.1961 23.3813 2.0000 
3858 3859 37 -2.6436 -1.2279 -20.1981 -2.7216 -1.2767 -20.3757 0.0622 0.2000 0.4314 0.3922 0.1961 23.4923 2.0000 
3859 3860 37 -2.7216 -1.2767 -20.3757 -2.7970 -1.2983 -20.5597 0.0622 0.2000 0.4314 0.3922 0.1961 23.6041 2.0000 
3860 3861 37 -2.7970 -1.2983 -20.5597 -2.9218 -1.3180 -20.7147 0.0622 0.2000 0.4314 0.3922 0.1961 23.7169 2.0000 
3861 3862 37 -2.9218 -1.3180 -20.7147 -3.0274 -1.3355 -20.8837 0.0622 0.2000 0.4314 0.3922 0.1961 23.8307 2.0000 
3862 3863 37 -3.0274 -1.3355 -20.8837 -3.1314 -1.3485 -21.0540 0.0622 0.2000 0.4314 0.3922 0.1961 23.9453 2.0000 
3863 3864 37 -3.1314 -1.3485 -21.0540 -3.2187 -1.3080 -21.2293 0.0622 0.2000 0.4314 0.3922 0.1961 24.0609 2.0000 
3864 3865 37 -3.2187 -1.3080 -21.2293 -3.3088 -1.2468 -21.3970 0.0622 0.2000 0.4314 0.3922 0.1961 24.1775 2.0000 
3865 3866 37 -3.3088 -1.2468 -21.3970 -3.3838 -1.1623 -21.5621 0.0622 0.2000 0.4314 0.3922 0.1961 24.2951 2.0000 
3866 3867 37 -3.3838 -1.1623 -21.5621 -3.4579 -1.1009 -21.7374 0.0622 0.2000 0.4314 0.3922 0.1961 24.4137 2.0000 
3867 3868 37 -3.4579 -1.1009 -21.7374 -3.5320 -1.0394 -21.9127 0.0622 0.2000 0.4314 0.3922 0.1961 24.5332 2.0000 
3868 3869 37 -3.5320 -1.0394 -21.9127 -3.6048 -0.9773 -22.0883 0.0622 0.2000 0.4314 0.3922 0.1961 24.6539 2.0000 
3869 3870 37 -3.6048 -0.9773 -22.0883 -3.6685 -0.9102 -22.2657 0.0622 0.2000 0.4314 0.3922 0.1961 24.7755 2.0000 
3870 3871 37 -3.6685 -0.9102 -22.2657 -3.7100 -0.8592 -22.4545 0.0622 0.2000 0.4314 0.3922 0.1961 24.8983 2.0000 
3871 3872 37 -3.7100 -0.8592 -22.4545 -3.7020 -0.7801 -22.6381 0.0622 0.2000 0.4314 0.3922 0.1961 25.0221 2.0000 
3872 3873 37 -3.7020 -0.7801 -22.6381 -3.6667 -0.7281 -22.8279 0.0622 0.2000 0.4314 0.3922 0.1961 25.1471 2.0000 
3873 3874 37 -3.6667 -0.7281 -22.8279 -3.6021 -0.7025 -23.0155 0.0622 0.2000 0.4314 0.3922 0.1961 25.2732 2.0000 
3874 3875 37 -3.6021 -0.7025 -23.0155 -3.5259 -0.6879 -23.1998 0.0622 0.2000 0.4314 0.3922 0.1961 25.4004 2.0000 
3875 3876 37 -3.5259 -0.6879 -23.1998 -3.4518 -0.6670 -23.3844 0.0622 0.2000 0.4314 0.3922 0.1961 25.5289 2.0000 
3876 3877 37 -3.4518 -0.6670 -23.3844 -3.3723 -0.6040 -23.5568 0.0622 0.2000 0.4314 0.3922 0.1961 25.6585 2.0000 
3877 3878 37 -3.3723 -0.6040 -23.5568 -3.2892 -0.5527 -23.7313 0.0622 0.2000 0.4314 0.3922 0.1961 25.7893 2.0000 
3878 3879 37 -3.2892 -0.5527 -23.7313 -3.2085 -0.4725 -23.8958 0.0622 0.2000 0.4314 0.3922 0.1961 25.9214 2.0000 
3879 3880 37 -3.2085 -0.4725 -23.8958 -3.1075 -0.3606 -24.0272 0.0622 0.2000 0.4314 0.3922 0.1961 26.0547 2.0000 
3880 3881 37 -3.1075 -0.3606 -24.0272 -3.0295 -0.2400 -24.1664 0.0622 0.2000 0.4314 0.3922 0.1961 26.1894 2.0000 
3881 3882 37 -3.0295 -0.2400 -24.1664 -2.9519 -0.1201 -24.3064 0.0622 0.2000 0.4314 0.3922 0.1961 26.3253 2.0000 
3882 3883 37 -2.9519 -0.1201 -24.3064 -2.8801 0.0050 -24.4450 0.0622 0.2000 0.4314 0.3922 0.1961 26.4626 2.0000 
3883 3884 37 -2.8801 0.0050 -24.4450 -2.8129 0.0929 -24.6116 0.0622 0.2000 0.4314 0.3922 0.1961 26.6013 2.0000 
3884 3885 37 -2.8129 0.0929 -24.6116 -2.7429 0.1905 -24.7715 0.0622 0.2000 0.4314 0.3922 0.1961 26.7413 2.0000 
3885 3886 37 -2.7429 0.1905 -24.7715 -2.6909 0.2679 -24.9484 0.0622 0.2000 0.4314 0.3922 0.1961 26.8828 2.0000 
3886 3887 37 -2.6909 0.2679 -24.9484 -2.6414 0.3515 -25.1232 0.0622 0.2000 0.4314 0.3922 0.1961 27.0257 2.0000 
3887 3888 37 -2.6414 0.3515 -25.1232 -2.5922 0.4269 -25.3018 0.0622 0.2000 0.4314 0.3922 0.1961 27.1702 2.0000 
3888 3889 37 -2.5922 0.4269 -25.3018 -2.5167 0.5218 -25.4609 0.0622 0.2000 0.4314 0.3922 0.1961 27.3161 2.0000 
3889 3890 37 -2.5167 0.5218 -25.4609 -2.4874 0.6354 -25.6228 0.0622 0.2000 0.4314 0.3922 0.1961 27.4636 2.0000 
3890 3891 37 -2.4874 0.6354 -25.6228 -2.4583 0.7487 -25.7851 0.0622 0.2000 0.4314 0.3922 0.1961 27.6126 2.0000 
3891 3892 37 -2.4583 0.7487 -25.7851 -2.4235 0.8566 -25.9498 0.0622 0.2000 0.4314 0.3922 0.1961 27.7633 2.0000 
3892 3893 37 -2.4235 0.8566 -25.9498 -2.3675 0.9482 -26.1186 0.0622 0.2000 0.4314 0.3922 0.1961 27.9156 2.0000 
3893 3894 37 -2.3675 0.9482 -26.1186 -2.2865 1.0453 -26.2735 0.0622 0.2000 0.4314 0.3922 0.1961 28.0696 2.0000 
3894 3895 37 -2.2865 1.0453 -26.2735 -2.1969 1.1594 -26.4112 0.0622 0.2000 0.4314 0.3922 0.1961 28.2254 2.0000 
3895 3896 37 -2.1969 1.1594 -26.4112 -2.1069 1.2666 -26.5540 0.0622 0.2000 0.4314 0.3922 0.1961 28.3829 2.0000 
3896 3897 37 -2.1069 1.2666 -26.5540 -2.0066 1.3652 -26.6962 0.0622 0.2000 0.4314 0.3922 0.1961 28.5422 2.0000 
3897 3898 37 -2.0066 1.3652 -26.6962 -1.9172 1.4712 -26.8403 0.0622 0.2000 0.4314 0.3922 0.1961 28.7033 2.0000 
3898 3899 37 -1.9172 1.4712 -26.8403 -1.8171 1.5437 -26.9976 0.0622 0.2000 0.4314 0.3922 0.1961 28.8664 2.0000 
3899 3900 37 -1.8171 1.5437 -26.9976 -1.7169 1.6273 -27.1492 0.0622 0.2000 0.4314 0.3922 0.1961 29.0313 2.0000 
3900 3901 37 -1.7169 1.6273 -27.1492 -1.5906 1.7076 -27.2818 0.0622 0.2000 0.4314 0.3922 0.1961 29.1983 2.0000 
3901 3902 37 -1.5906 1.7076 -27.2818 -1.4370 1.7611 -27.3982 0.0622 0.2000 0.4314 0.3922 0.1961 29.3673 2.0000 
3902 3903 37 -1.4370 1.7611 -27.3982 -1.3215 1.8624 -27.5262 0.0622 0.2000 0.4314 0.3922 0.1961 29.5383 2.0000 
3903 3904 37 -1.3215 1.8624 -27.5262 -1.1980 1.9748 -27.6363 0.0622 0.2000 0.4314 0.3922 0.1961 29.7115 2.0000 
3904 3905 37 -1.1980 1.9748 -27.6363 -1.0848 2.0781 -27.7648 0.0622 0.2000 0.4314 0.3922 0.1961 29.8869 2.0000 
3905 3906 37 -1.0848 2.0781 -27.7648 -1.0137 2.1461 -27.8462 0.0622 0.1277 0.4314 0.3922 0.1961 30.0000 2.0000 
88 3907 38 -0.1925 -0.3196 -17.5434 -0.2817 -0.4652 -17.6476 0.0700 0.2000 0.4314 0.3922 0.1961 21.8525 2.0000 
3907 3908 38 -0.2817 -0.4652 -17.6476 -0.4138 -0.5956 -17.7220 0.0700 0.2000 0.4314 0.3922 0.1961 21.9525 2.0000 
3908 3909 38 -0.4138 -0.5956 -17.7220 -0.5305 -0.7492 -17.7749 0.0700 0.2000 0.4314 0.3922 0.1961 22.0531 2.0000 
3909 3910 38 -0.5305 -0.7492 -17.7749 -0.6197 -0.9054 -17.8623 0.0700 0.2000 0.4314 0.3922 0.1961 22.1545 2.0000 
3910 3911 38 -0.6197 -0.9054 -17.8623 -0.6897 -1.0699 -17.9518 0.0700 0.2000 0.4314 0.3922 0.1961 22.2565 2.0000 
3911 3912 38 -0.6897 -1.0699 -17.9518 -0.7267 -1.2482 -18.0346 0.0700 0.2000 0.4314 0.3922 0.1961 22.3592 2.0000 
3912 3913 38 -0.7267 -1.2482 -18.0346 -0.8012 -1.4195 -18.1061 0.0700 0.2000 0.4314 0.3922 0.1961 22.4627 2.0000 
3913 3914 38 -0.8012 -1.4195 -18.1061 -0.8709 -1.5922 -18.1790 0.0700 0.2000 0.4314 0.3922 0.1961 22.5668 2.0000 
3914 3915 38 -0.8709 -1.5922 -18.1790 -0.9474 -1.7583 -18.2600 0.0700 0.2000 0.4314 0.3922 0.1961 22.6716 2.0000 
3915 3916 38 -0.9474 -1.7583 -18.2600 -1.0089 -1.9179 -18.3636 0.0700 0.2000 0.4314 0.3922 0.1961 22.7772 2.0000 
3916 3917 38 -1.0089 -1.9179 -18.3636 -1.0724 -2.0811 -18.4603 0.0700 0.2000 0.4314 0.3922 0.1961 22.8836 2.0000 
3917 3918 38 -1.0724 -2.0811 -18.4603 -1.1435 -2.2362 -18.5646 0.0700 0.2000 0.4314 0.3922 0.1961 22.9906 2.0000 
3918 3919 38 -1.1435 -2.2362 -18.5646 -1.1991 -2.3943 -18.6738 0.0700 0.2000 0.4314 0.3922 0.1961 23.0985 2.0000 
3919 3920 38 -1.1991 -2.3943 -18.6738 -1.2450 -2.5480 -18.7932 0.0700 0.2000 0.4314 0.3922 0.1961 23.2071 2.0000 
3920 3921 38 -1.2450 -2.5480 -18.7932 -1.2824 -2.7008 -18.9168 0.0700 0.2000 0.4314 0.3922 0.1961 23.3165 2.0000 
3921 3922 38 -1.2824 -2.7008 -18.9168 -1.3121 -2.8346 -19.0624 0.0700 0.2000 0.4314 0.3922 0.1961 23.4267 2.0000 
3922 3923 38 -1.3121 -2.8346 -19.0624 -1.3804 -2.9551 -19.2067 0.0700 0.2000 0.4314 0.3922 0.1961 23.5377 2.0000 
3923 3924 38 -1.3804 -2.9551 -19.2067 -1.4604 -3.0785 -19.3423 0.0700 0.2000 0.4314 0.3922 0.1961 23.6495 2.0000 
3924 3925 38 -1.4604 -3.0785 -19.3423 -1.5384 -3.1995 -19.4811 0.0700 0.2000 0.4314 0.3922 0.1961 23.7621 2.0000 
3925 3926 38 -1.5384 -3.1995 -19.4811 -1.6185 -3.3195 -19.6196 0.0700 0.2000 0.4314 0.3922 0.1961 23.8756 2.0000 
3926 3927 38 -1.6185 -3.3195 -19.6196 -1.6947 -3.4122 -19.7796 0.0700 0.2000 0.4314 0.3922 0.1961 23.9900 2.0000 
3927 3928 38 -1.6947 -3.4122 -19.7796 -1.7622 -3.5083 -19.9414 0.0700 0.2000 0.4314 0.3922 0.1961 24.1052 2.0000 
3928 3929 38 -1.7622 -3.5083 -19.9414 -1.8125 -3.6104 -20.1059 0.0700 0.2000 0.4314 0.3922 0.1961 24.2213 2.0000 
3929 3930 38 -1.8125 -3.6104 -20.1059 -1.8626 -3.7107 -20.2715 0.0700 0.2000 0.4314 0.3922 0.1961 24.3383 2.0000 
3930 3931 38 -1.8626 -3.7107 -20.2715 -1.9017 -3.8291 -20.4279 0.0700 0.2000 0.4314 0.3922 0.1961 24.4562 2.0000 
3931 3932 38 -1.9017 -3.8291 -20.4279 -1.9502 -3.9643 -20.5672 0.0700 0.2000 0.4314 0.3922 0.1961 24.5750 2.0000 
3932 3933 38 -1.9502 -3.9643 -20.5672 -1.9754 -4.1049 -20.7071 0.0700 0.2000 0.4314 0.3922 0.1961 24.6948 2.0000 
3933 3934 38 -1.9754 -4.1049 -20.7071 -2.0044 -4.2517 -20.8398 0.0700 0.2000 0.4314 0.3922 0.1961 24.8155 2.0000 
3934 3935 38 -2.0044 -4.2517 -20.8398 -2.0242 -4.3931 -20.9798 0.0700 0.2000 0.4314 0.3922 0.1961 24.9372 2.0000 
3935 3936 38 -2.0242 -4.3931 -20.9798 -2.0421 -4.5487 -21.1042 0.0700 0.2000 0.4314 0.3922 0.1961 25.0599 2.0000 
3936 3937 38 -2.0421 -4.5487 -21.1042 -2.0604 -4.7035 -21.2295 0.0700 0.2000 0.4314 0.3922 0.1961 25.1836 2.0000 
3937 3938 38 -2.0604 -4.7035 -21.2295 -2.0649 -4.8558 -21.3591 0.0700 0.2000 0.4314 0.3922 0.1961 25.3083 2.0000 
3938 3939 38 -2.0649 -4.8558 -21.3591 -2.0888 -4.9862 -21.5088 0.0700 0.2000 0.4314 0.3922 0.1961 25.4341 2.0000 
3939 3940 38 -2.0888 -4.9862 -21.5088 -2.1058 -5.0852 -21.6818 0.0700 0.2000 0.4314 0.3922 0.1961 25.5608 2.0000 
3940 3941 38 -2.1058 -5.0852 -21.6818 -2.1166 -5.1698 -21.8626 0.0700 0.2000 0.4314 0.3922 0.1961 25.6887 2.0000 
3941 3942 38 -2.1166 -5.1698 -21.8626 -2.1278 -5.2567 -22.0424 0.0700 0.2000 0.4314 0.3922 0.1961 25.8177 2.0000 
3942 3943 38 -2.1278 -5.2567 -22.0424 -2.1483 -5.3484 -22.2190 0.0700 0.2000 0.4314 0.3922 0.1961 25.9477 2.0000 
3943 3944 38 -2.1483 -5.3484 -22.2190 -2.1607 -5.4316 -22.4005 0.0700 0.2000 0.4314 0.3922 0.1961 26.0789 2.0000 
3944 3945 38 -2.1607 -5.4316 -22.4005 -2.1723 -5.5385 -22.5690 0.0700 0.2000 0.4314 0.3922 0.1961 26.2112 2.0000 
3945 3946 38 -2.1723 -5.5385 -22.5690 -2.1650 -5.6480 -22.7363 0.0700 0.2000 0.4314 0.3922 0.1961 26.3447 2.0000 
3946 3947 38 -2.1650 -5.6480 -22.7363 -2.1275 -5.8164 -22.8376 0.0700 0.2000 0.4314 0.3922 0.1961 26.4794 2.0000 
3947 3948 38 -2.1275 -5.8164 -22.8376 -2.0920 -5.9858 -22.9378 0.0700 0.2000 0.4314 0.3922 0.1961 26.6153 2.0000 
3948 3949 38 -2.0920 -5.9858 -22.9378 -2.0554 -6.1458 -23.0519 0.0700 0.2000 0.4314 0.3922 0.1961 26.7524 2.0000 
3949 3950 38 -2.0554 -6.1458 -23.0519 -2.0133 -6.2988 -23.1737 0.0700 0.2000 0.4314 0.3922 0.1961 26.8908 2.0000 
3950 3951 38 -2.0133 -6.2988 -23.1737 -1.9820 -6.4272 -23.3238 0.0700 0.2000 0.4314 0.3922 0.1961 27.0304 2.0000 
3951 3952 38 -1.9820 -6.4272 -23.3238 -1.9135 -6.5644 -23.4523 0.0700 0.2000 0.4314 0.3922 0.1961 27.1714 2.0000 
3952 3953 38 -1.9135 -6.5644 -23.4523 -1.8355 -6.7186 -23.5528 0.0700 0.2000 0.4314 0.3922 0.1961 27.3136 2.0000 
3953 3954 38 -1.8355 -6.7186 -23.5528 -1.7548 -6.8737 -23.6500 0.0700 0.2000 0.4314 0.3922 0.1961 27.4572 2.0000 
3954 3955 38 -1.7548 -6.8737 -23.6500 -1.6686 -7.0215 -23.7536 0.0700 0.2000 0.4314 0.3922 0.1961 27.6022 2.0000 
3955 3956 38 -1.6686 -7.0215 -23.7536 -1.5739 -7.1660 -23.8543 0.0700 0.2000 0.4314 0.3922 0.1961 27.7486 2.0000 
3956 3957 38 -1.5739 -7.1660 -23.8543 -1.4740 -7.3110 -23.9492 0.0700 0.2000 0.4314 0.3922 0.1961 27.8964 2.0000 
3957 3958 38 -1.4740 -7.3110 -23.9492 -1.3836 -7.4694 -24.0312 0.0700 0.2000 0.4314 0.3922 0.1961 28.0457 2.0000 
3958 3959 38 -1.3836 -7.4694 -24.0312 -1.2557 -7.5909 -24.1255 0.0700 0.2000 0.4314 0.3922 0.1961 28.1965 2.0000 
3959 3960 38 -1.2557 -7.5909 -24.1255 -1.1035 -7.7073 -24.1827 0.0700 0.2000 0.4314 0.3922 0.1961 28.3488 2.0000 
3960 3961 38 -1.1035 -7.7073 -24.1827 -0.9521 -7.8240 -24.2417 0.0700 0.2000 0.4314 0.3922 0.1961 28.5026 2.0000 
3961 3962 38 -0.9521 -7.8240 -24.2417 -0.8056 -7.9412 -24.3110 0.0700 0.2000 0.4314 0.3922 0.1961 28.6580 2.0000 
3962 3963 38 -0.8056 -7.9412 -24.3110 -0.6699 -8.0572 -24.4010 0.0700 0.2000 0.4314 0.3922 0.1961 28.8150 2.0000 
3963 3964 38 -0.6699 -8.0572 -24.4010 -0.5203 -8.1741 -24.4642 0.0700 0.2000 0.4314 0.3922 0.1961 28.9737 2.0000 
3964 3965 38 -0.5203 -8.1741 -24.4642 -0.3655 -8.2772 -24.5375 0.0700 0.2000 0.4314 0.3922 0.1961 29.1340 2.0000 
3965 3966 38 -0.3655 -8.2772 -24.5375 -0.1963 -8.3534 -24.6123 0.0700 0.2000 0.4314 0.3922 0.1961 29.2960 2.0000 
3966 3967 38 -0.1963 -8.3534 -24.6123 -0.0334 -8.4434 -24.6854 0.0700 0.2000 0.4314 0.3922 0.1961 29.4598 2.0000 
3967 3968 38 -0.0334 -8.4434 -24.6854 0.1220 -8.5427 -24.7627 0.0700 0.2000 0.4314 0.3922 0.1961 29.6254 2.0000 
3968 3969 38 0.1220 -8.5427 -24.7627 0.2780 -8.6027 -24.8727 0.0700 0.2000 0.4314 0.3922 0.1961 29.7929 2.0000 
3969 3970 38 0.2780 -8.6027 -24.8727 0.4335 -8.6515 -24.9886 0.0700 0.2000 0.4314 0.3922 0.1961 29.9622 2.0000 
3970 3971 38 0.4335 -8.6515 -24.9886 0.4669 -8.6649 -25.0146 0.0700 0.0444 0.4314 0.3922 0.1961 30.0000 2.0000 
91 3972 39 -0.2286 -0.2603 -17.9551 -0.0691 -0.1841 -18.0486 0.0675 0.2000 0.4314 0.3922 0.1961 22.3882 2.0000 
3972 3973 39 -0.0691 -0.1841 -18.0486 0.1025 -0.1225 -18.1308 0.0675 0.2000 0.4314 0.3922 0.1961 22.4939 2.0000 
3973 3974 39 0.1025 -0.1225 -18.1308 0.2662 -0.0464 -18.2169 0.0675 0.2000 0.4314 0.3922 0.1961 22.6003 2.0000 
3974 3975 39 0.2662 -0.0464 -18.2169 0.4208 0.0440 -18.3061 0.0675 0.2000 0.4314 0.3922 0.1961 22.7073 2.0000 
3975 3976 39 0.4208 0.0440 -18.3061 0.5707 0.1622 -18.3656 0.0675 0.2000 0.4314 0.3922 0.1961 22.8150 2.0000 
3976 3977 39 0.5707 0.1622 -18.3656 0.7281 0.2574 -18.4441 0.0675 0.2000 0.4314 0.3922 0.1961 22.9234 2.0000 
3977 3978 39 0.7281 0.2574 -18.4441 0.8865 0.3485 -18.5255 0.0675 0.2000 0.4314 0.3922 0.1961 23.0325 2.0000 
3978 3979 39 0.8865 0.3485 -18.5255 1.0367 0.4429 -18.6177 0.0675 0.2000 0.4314 0.3922 0.1961 23.1424 2.0000 
3979 3980 39 1.0367 0.4429 -18.6177 1.1755 0.5436 -18.7207 0.0675 0.2000 0.4314 0.3922 0.1961 23.2529 2.0000 
3980 3981 39 1.1755 0.5436 -18.7207 1.3249 0.6264 -18.8246 0.0675 0.2000 0.4314 0.3922 0.1961 23.3642 2.0000 
3981 3982 39 1.3249 0.6264 -18.8246 1.4742 0.7075 -18.9303 0.0675 0.2000 0.4314 0.3922 0.1961 23.4762 2.0000 
3982 3983 39 1.4742 0.7075 -18.9303 1.6100 0.7780 -19.0591 0.0675 0.2000 0.4314 0.3922 0.1961 23.5890 2.0000 
3983 3984 39 1.6100 0.7780 -19.0591 1.7348 0.8642 -19.1895 0.0675 0.2000 0.4314 0.3922 0.1961 23.7025 2.0000 
3984 3985 39 1.7348 0.8642 -19.1895 1.8586 0.9017 -19.3420 0.0675 0.2000 0.4314 0.3922 0.1961 23.8168 2.0000 
3985 3986 39 1.8586 0.9017 -19.3420 1.9929 0.9404 -19.4850 0.0675 0.2000 0.4314 0.3922 0.1961 23.9319 2.0000 
3986 3987 39 1.9929 0.9404 -19.4850 2.1245 0.9747 -19.6317 0.0675 0.2000 0.4314 0.3922 0.1961 24.0478 2.0000 
3987 3988 39 2.1245 0.9747 -19.6317 2.2548 1.0029 -19.7807 0.0675 0.2000 0.4314 0.3922 0.1961 24.1644 2.0000 
3988 3989 39 2.2548 1.0029 -19.7807 2.3850 1.0220 -19.9314 0.0675 0.2000 0.4314 0.3922 0.1961 24.2819 2.0000 
3989 3990 39 2.3850 1.0220 -19.9314 2.5176 1.0489 -20.0787 0.0675 0.2000 0.4314 0.3922 0.1961 24.4002 2.0000 
3990 3991 39 2.5176 1.0489 -20.0787 2.6575 1.0866 -20.2166 0.0675 0.2000 0.4314 0.3922 0.1961 24.5194 2.0000 
3991 3992 39 2.6575 1.0866 -20.2166 2.7927 1.0987 -20.3634 0.0675 0.2000 0.4314 0.3922 0.1961 24.6394 2.0000 
3992 3993 39 2.7927 1.0987 -20.3634 2.8899 1.1012 -20.5382 0.0675 0.2000 0.4314 0.3922 0.1961 24.7603 2.0000 
3993 3994 39 2.8899 1.1012 -20.5382 2.9845 1.0775 -20.7128 0.0675 0.2000 0.4314 0.3922 0.1961 24.8820 2.0000 
3994 3995 39 2.9845 1.0775 -20.7128 3.0803 1.0623 -20.8877 0.0675 0.2000 0.4314 0.3922 0.1961 25.0046 2.0000 
3995 3996 39 3.0803 1.0623 -20.8877 3.1635 1.0439 -21.0687 0.0675 0.2000 0.4314 0.3922 0.1961 25.1282 2.0000 
3996 3997 39 3.1635 1.0439 -21.0687 3.2390 1.0386 -21.2538 0.0675 0.2000 0.4314 0.3922 0.1961 25.2526 2.0000 
3997 3998 39 3.2390 1.0386 -21.2538 3.3155 1.0226 -21.4379 0.0675 0.2000 0.4314 0.3922 0.1961 25.3780 2.0000 
3998 3999 39 3.3155 1.0226 -21.4379 3.3886 1.0162 -21.6239 0.0675 0.2000 0.4314 0.3922 0.1961 25.5043 2.0000 
3999 4000 39 3.3886 1.0162 -21.6239 3.4725 0.9893 -21.8035 0.0675 0.2000 0.4314 0.3922 0.1961 25.6316 2.0000 
4000 4001 39 3.4725 0.9893 -21.8035 3.5712 1.0059 -21.9766 0.0675 0.2000 0.4314 0.3922 0.1961 25.7598 2.0000 
4001 4002 39 3.5712 1.0059 -21.9766 3.6488 1.0078 -22.1610 0.0675 0.2000 0.4314 0.3922 0.1961 25.8890 2.0000 
4002 4003 39 3.6488 1.0078 -22.1610 3.7200 1.0093 -22.3478 0.0675 0.2000 0.4314 0.3922 0.1961 26.0193 2.0000 
4003 4004 39 3.7200 1.0093 -22.3478 3.7923 1.0069 -22.5343 0.0675 0.2000 0.4314 0.3922 0.1961 26.1505 2.0000 
4004 4005 39 3.7923 1.0069 -22.5343 3.8711 0.9997 -22.7180 0.0675 0.2000 0.4314 0.3922 0.1961 26.2828 2.0000 
4005 4006 39 3.8711 0.9997 -22.7180 3.9387 0.9834 -22.9055 0.0675 0.2000 0.4314 0.3922 0.1961 26.4161 2.0000 
4006 4007 39 3.9387 0.9834 -22.9055 3.9451 0.9772 -23.1053 0.0675 0.2000 0.4314 0.3922 0.1961 26.5505 2.0000 
4007 4008 39 3.9451 0.9772 -23.1053 3.9348 0.9612 -23.3044 0.0675 0.2000 0.4314 0.3922 0.1961 26.6859 2.0000 
4008 4009 39 3.9348 0.9612 -23.3044 3.9430 0.9417 -23.5033 0.0675 0.2000 0.4314 0.3922 0.1961 26.8225 2.0000 
4009 4010 39 3.9430 0.9417 -23.5033 3.9508 0.9215 -23.7021 0.0675 0.2000 0.4314 0.3922 0.1961 26.9602 2.0000 
4010 4011 39 3.9508 0.9215 -23.7021 3.9610 0.9098 -23.9015 0.0675 0.2000 0.4314 0.3922 0.1961 27.0990 2.0000 
4011 4012 39 3.9610 0.9098 -23.9015 3.9545 0.9242 -24.1009 0.0675 0.2000 0.4314 0.3922 0.1961 27.2390 2.0000 
4012 4013 39 3.9545 0.9242 -24.1009 3.9523 0.9181 -24.3008 0.0675 0.2000 0.4314 0.3922 0.1961 27.3801 2.0000 
4013 4014 39 3.9523 0.9181 -24.3008 3.9321 0.9665 -24.4938 0.0675 0.2000 0.4314 0.3922 0.1961 27.5225 2.0000 
4014 4015 39 3.9321 0.9665 -24.4938 3.9243 1.0062 -24.6896 0.0675 0.2000 0.4314 0.3922 0.1961 27.6660 2.0000 
4015 4016 39 3.9243 1.0062 -24.6896 3.8987 1.0644 -24.8792 0.0675 0.2000 0.4314 0.3922 0.1961 27.8108 2.0000 
4016 4017 39 3.8987 1.0644 -24.8792 3.8704 1.1400 -25.0622 0.0675 0.2000 0.4314 0.3922 0.1961 27.9569 2.0000 
4017 4018 39 3.8704 1.1400 -25.0622 3.8401 1.1738 -25.2570 0.0675 0.2000 0.4314 0.3922 0.1961 28.1042 2.0000 
4018 4019 39 3.8401 1.1738 -25.2570 3.8569 1.1821 -25.4561 0.0675 0.2000 0.4314 0.3922 0.1961 28.2528 2.0000 
4019 4020 39 3.8569 1.1821 -25.4561 3.8889 1.2090 -25.6517 0.0675 0.2000 0.4314 0.3922 0.1961 28.4028 2.0000 
4020 4021 39 3.8889 1.2090 -25.6517 3.9016 1.2198 -25.8510 0.0675 0.2000 0.4314 0.3922 0.1961 28.5541 2.0000 
4021 4022 39 3.9016 1.2198 -25.8510 3.9117 1.2138 -26.0507 0.0675 0.2000 0.4314 0.3922 0.1961 28.7067 2.0000 
4022 4023 39 3.9117 1.2138 -26.0507 3.9485 1.2068 -26.2471 0.0675 0.2000 0.4314 0.3922 0.1961 28.8608 2.0000 
4023 4024 39 3.9485 1.2068 -26.2471 3.9903 1.1861 -26.4416 0.0675 0.2000 0.4314 0.3922 0.1961 29.0163 2.0000 
4024 4025 39 3.9903 1.1861 -26.4416 3.9883 1.1990 -26.6412 0.0675 0.2000 0.4314 0.3922 0.1961 29.1733 2.0000 
4025 4026 39 3.9883 1.1990 -26.6412 4.0230 1.1978 -26.8382 0.0675 0.2000 0.4314 0.3922 0.1961 29.3317 2.0000 
4026 4027 39 4.0230 1.1978 -26.8382 4.0394 1.1938 -27.0374 0.0675 0.2000 0.4314 0.3922 0.1961 29.4916 2.0000 
4027 4028 39 4.0394 1.1938 -27.0374 4.0593 1.1500 -27.2316 0.0675 0.2000 0.4314 0.3922 0.1961 29.6531 2.0000 
4028 4029 39 4.0593 1.1500 -27.2316 4.1312 1.1461 -27.4181 0.0675 0.2000 0.4314 0.3922 0.1961 29.8161 2.0000 
4029 4030 39 4.1312 1.1461 -27.4181 4.1931 1.1146 -27.6057 0.0675 0.2000 0.4314 0.3922 0.1961 29.9807 2.0000 
4030 4031 39 4.1931 1.1146 -27.6057 4.2000 1.1111 -27.6276 0.0675 0.0233 0.4314 0.3922 0.1961 30.0000 2.0000 
93 4032 40 -0.2210 -0.2674 -18.3144 -0.0354 -0.2407 -18.3841 0.0677 0.2000 0.4314 0.3922 0.1961 22.8473 2.0000 
4032 4033 40 -0.0354 -0.2407 -18.3841 0.1549 -0.1962 -18.4267 0.0677 0.2000 0.4314 0.3922 0.1961 22.9503 2.0000 
4033 4034 40 0.1549 -0.1962 -18.4267 0.3457 -0.1614 -18.4754 0.0677 0.2000 0.4314 0.3922 0.1961 23.0540 2.0000 
4034 4035 40 0.3457 -0.1614 -18.4754 0.5231 -0.1235 -18.5597 0.0677 0.2000 0.4314 0.3922 0.1961 23.1583 2.0000 
4035 4036 40 0.5231 -0.1235 -18.5597 0.6982 -0.0952 -18.6521 0.0677 0.2000 0.4314 0.3922 0.1961 23.2632 2.0000 
4036 4037 40 0.6982 -0.0952 -18.6521 0.8688 -0.0794 -18.7552 0.0677 0.2000 0.4314 0.3922 0.1961 23.3688 2.0000 
4037 4038 40 0.8688 -0.0794 -18.7552 1.0213 0.0157 -18.8430 0.0677 0.2000 0.4314 0.3922 0.1961 23.4751 2.0000 
4038 4039 40 1.0213 0.0157 -18.8430 1.1732 0.1002 -18.9419 0.0677 0.2000 0.4314 0.3922 0.1961 23.5821 2.0000 
4039 4040 40 1.1732 0.1002 -18.9419 1.3289 0.1429 -19.0600 0.0677 0.2000 0.4314 0.3922 0.1961 23.6897 2.0000 
4040 4041 40 1.3289 0.1429 -19.0600 1.4867 0.1975 -19.1700 0.0677 0.2000 0.4314 0.3922 0.1961 23.7980 2.0000 
4041 4042 40 1.4867 0.1975 -19.1700 1.6446 0.2396 -19.2853 0.0677 0.2000 0.4314 0.3922 0.1961 23.9070 2.0000 
4042 4043 40 1.6446 0.2396 -19.2853 1.8018 0.3149 -19.3835 0.0677 0.2000 0.4314 0.3922 0.1961 24.0168 2.0000 
4043 4044 40 1.8018 0.3149 -19.3835 1.9380 0.4203 -19.4852 0.0677 0.2000 0.4314 0.3922 0.1961 24.1272 2.0000 
4044 4045 40 1.9380 0.4203 -19.4852 2.0686 0.5182 -19.6007 0.0677 0.2000 0.4314 0.3922 0.1961 24.2384 2.0000 
4045 4046 40 2.0686 0.5182 -19.6007 2.2005 0.6261 -19.7054 0.0677 0.2000 0.4314 0.3922 0.1961 24.3503 2.0000 
4046 4047 40 2.2005 0.6261 -19.7054 2.3216 0.7310 -19.8251 0.0677 0.2000 0.4314 0.3922 0.1961 24.4629 2.0000 
4047 4048 40 2.3216 0.7310 -19.8251 2.4432 0.8359 -19.9444 0.0677 0.2000 0.4314 0.3922 0.1961 24.5764 2.0000 
4048 4049 40 2.4432 0.8359 -19.9444 2.5580 0.9312 -20.0775 0.0677 0.2000 0.4314 0.3922 0.1961 24.6905 2.0000 
4049 4050 40 2.5580 0.9312 -20.0775 2.6496 1.0426 -20.2161 0.0677 0.2000 0.4314 0.3922 0.1961 24.8055 2.0000 
4050 4051 40 2.6496 1.0426 -20.2161 2.7377 1.1059 -20.3841 0.0677 0.2000 0.4314 0.3922 0.1961 24.9213 2.0000 
4051 4052 40 2.7377 1.1059 -20.3841 2.8248 1.1160 -20.5639 0.0677 0.2000 0.4314 0.3922 0.1961 25.0378 2.0000 
4052 4053 40 2.8248 1.1160 -20.5639 2.9022 1.1227 -20.7482 0.0677 0.2000 0.4314 0.3922 0.1961 25.1552 2.0000 
4053 4054 40 2.9022 1.1227 -20.7482 2.9573 1.1299 -20.9403 0.0677 0.2000 0.4314 0.3922 0.1961 25.2734 2.0000 
4054 4055 40 2.9573 1.1299 -20.9403 2.9982 1.1139 -21.1354 0.0677 0.2000 0.4314 0.3922 0.1961 25.3924 2.0000 
4055 4056 40 2.9982 1.1139 -21.1354 3.0503 1.0339 -21.3112 0.0677 0.2000 0.4314 0.3922 0.1961 25.5122 2.0000 
4056 4057 40 3.0503 1.0339 -21.3112 3.1135 0.9484 -21.4805 0.0677 0.2000 0.4314 0.3922 0.1961 25.6330 2.0000 
4057 4058 40 3.1135 0.9484 -21.4805 3.2195 0.8402 -21.6111 0.0677 0.2000 0.4314 0.3922 0.1961 25.7545 2.0000 
4058 4059 40 3.2195 0.8402 -21.6111 3.3394 0.7564 -21.7475 0.0677 0.2000 0.4314 0.3922 0.1961 25.8770 2.0000 
4059 4060 40 3.3394 0.7564 -21.7475 3.4308 0.6721 -21.9042 0.0677 0.2000 0.4314 0.3922 0.1961 26.0004 2.0000 
4060 4061 40 3.4308 0.6721 -21.9042 3.5053 0.5830 -22.0670 0.0677 0.2000 0.4314 0.3922 0.1961 26.1247 2.0000 
4061 4062 40 3.5053 0.5830 -22.0670 3.5825 0.4961 -22.2297 0.0677 0.2000 0.4314 0.3922 0.1961 26.2498 2.0000 
4062 4063 40 3.5825 0.4961 -22.2297 3.6528 0.4489 -22.4109 0.0677 0.2000 0.4314 0.3922 0.1961 26.3760 2.0000 
4063 4064 40 3.6528 0.4489 -22.4109 3.7523 0.3887 -22.5736 0.0677 0.2000 0.4314 0.3922 0.1961 26.5031 2.0000 
4064 4065 40 3.7523 0.3887 -22.5736 3.8506 0.3265 -22.7364 0.0677 0.2000 0.4314 0.3922 0.1961 26.6311 2.0000 
4065 4066 40 3.8506 0.3265 -22.7364 3.9522 0.2819 -22.9027 0.0677 0.2000 0.4314 0.3922 0.1961 26.7601 2.0000 
4066 4067 40 3.9522 0.2819 -22.9027 4.0705 0.2490 -23.0606 0.0677 0.2000 0.4314 0.3922 0.1961 26.8902 2.0000 
4067 4068 40 4.0705 0.2490 -23.0606 4.1842 0.2115 -23.2208 0.0677 0.2000 0.4314 0.3922 0.1961 27.0212 2.0000 
4068 4069 40 4.1842 0.2115 -23.2208 4.2950 0.1839 -23.3850 0.0677 0.2000 0.4314 0.3922 0.1961 27.1532 2.0000 
4069 4070 40 4.2950 0.1839 -23.3850 4.4078 0.1679 -23.5494 0.0677 0.2000 0.4314 0.3922 0.1961 27.2863 2.0000 
4070 4071 40 4.4078 0.1679 -23.5494 4.5153 0.1548 -23.7175 0.0677 0.2000 0.4314 0.3922 0.1961 27.4205 2.0000 
4071 4072 40 4.5153 0.1548 -23.7175 4.6234 0.1401 -23.8851 0.0677 0.2000 0.4314 0.3922 0.1961 27.5557 2.0000 
4072 4073 40 4.6234 0.1401 -23.8851 4.7269 0.0970 -24.0508 0.0677 0.2000 0.4314 0.3922 0.1961 27.6920 2.0000 
4073 4074 40 4.7269 0.0970 -24.0508 4.8237 0.0559 -24.2209 0.0677 0.2000 0.4314 0.3922 0.1961 27.8295 2.0000 
4074 4075 40 4.8237 0.0559 -24.2209 4.8915 -0.0078 -24.3979 0.0677 0.2000 0.4314 0.3922 0.1961 27.9680 2.0000 
4075 4076 40 4.8915 -0.0078 -24.3979 4.9661 -0.0563 -24.5771 0.0677 0.2000 0.4314 0.3922 0.1961 28.1077 2.0000 
4076 4077 40 4.9661 -0.0563 -24.5771 5.0246 -0.1074 -24.7614 0.0677 0.2000 0.4314 0.3922 0.1961 28.2486 2.0000 
4077 4078 40 5.0246 -0.1074 -24.7614 5.0654 -0.1589 -24.9503 0.0677 0.2000 0.4314 0.3922 0.1961 28.3907 2.0000 
4078 4079 40 5.0654 -0.1589 -24.9503 5.1064 -0.2109 -25.1390 0.0677 0.2000 0.4314 0.3922 0.1961 28.5339 2.0000 
4079 4080 40 5.1064 -0.2109 -25.1390 5.1145 -0.3280 -25.3010 0.0677 0.2000 0.4314 0.3922 0.1961 28.6784 2.0000 
4080 4081 40 5.1145 -0.3280 -25.3010 5.0738 -0.4267 -25.4701 0.0677 0.2000 0.4314 0.3922 0.1961 28.8242 2.0000 
4081 4082 40 5.0738 -0.4267 -25.4701 5.0396 -0.5364 -25.6338 0.0677 0.2000 0.4314 0.3922 0.1961 28.9712 2.0000 
4082 4083 40 5.0396 -0.5364 -25.6338 5.0050 -0.6519 -25.7934 0.0677 0.2000 0.4314 0.3922 0.1961 29.1195 2.0000 
4083 4084 40 5.0050 -0.6519 -25.7934 4.9780 -0.7712 -25.9515 0.0677 0.2000 0.4314 0.3922 0.1961 29.2691 2.0000 
4084 4085 40 4.9780 -0.7712 -25.9515 4.9408 -0.8831 -26.1131 0.0677 0.2000 0.4314 0.3922 0.1961 29.4201 2.0000 
4085 4086 40 4.9408 -0.8831 -26.1131 4.8885 -1.0378 -26.2286 0.0677 0.2000 0.4314 0.3922 0.1961 29.5724 2.0000 
4086 4087 40 4.8885 -1.0378 -26.2286 4.8710 -1.1838 -26.3641 0.0677 0.2000 0.4314 0.3922 0.1961 29.7261 2.0000 
4087 4088 40 4.8710 -1.1838 -26.3641 4.8306 -1.2983 -26.5230 0.0677 0.2000 0.4314 0.3922 0.1961 29.8812 2.0000 
4088 4089 40 4.8306 -1.2983 -26.5230 4.8005 -1.3735 -26.6515 0.0677 0.1519 0.4314 0.3922 0.1961 30.0000 2.0000 
96 4090 41 -0.1970 -0.2769 -18.7161 -0.2863 -0.4327 -18.8042 0.0588 0.2000 0.4314 0.3922 0.1961 23.3657 2.0000 
4090 4091 41 -0.2863 -0.4327 -18.8042 -0.3697 -0.5900 -18.8953 0.0588 0.2000 0.4314 0.3922 0.1961 23.4627 2.0000 
4091 4092 41 -0.3697 -0.5900 -18.8953 -0.4493 -0.7459 -18.9920 0.0588 0.2000 0.4314 0.3922 0.1961 23.5604 2.0000 
4092 4093 41 -0.4493 -0.7459 -18.9920 -0.5021 -0.8961 -19.1130 0.0588 0.2000 0.4314 0.3922 0.1961 23.6587 2.0000 
4093 4094 41 -0.5021 -0.8961 -19.1130 -0.5412 -1.0581 -19.2236 0.0588 0.2000 0.4314 0.3922 0.1961 23.7576 2.0000 
4094 4095 41 -0.5412 -1.0581 -19.2236 -0.5733 -1.2036 -19.3570 0.0588 0.2000 0.4314 0.3922 0.1961 23.8573 2.0000 
4095 4096 41 -0.5733 -1.2036 -19.3570 -0.5908 -1.3494 -19.4929 0.0588 0.2000 0.4314 0.3922 0.1961 23.9576 2.0000 
4096 4097 41 -0.5908 -1.3494 -19.4929 -0.6018 -1.5040 -19.6193 0.0588 0.2000 0.4314 0.3922 0.1961 24.0586 2.0000 
4097 4098 41 -0.6018 -1.5040 -19.6193 -0.6424 -1.6663 -19.7289 0.0588 0.2000 0.4314 0.3922 0.1961 24.1603 2.0000 
4098 4099 41 -0.6424 -1.6663 -19.7289 -0.6830 -1.8286 -19.8384 0.0588 0.2000 0.4314 0.3922 0.1961 24.2627 2.0000 
4099 4100 41 -0.6830 -1.8286 -19.8384 -0.7369 -1.9805 -19.9568 0.0588 0.2000 0.4314 0.3922 0.1961 24.3659 2.0000 
4100 4101 41 -0.7369 -1.9805 -19.9568 -0.8110 -2.1192 -20.0803 0.0588 0.2000 0.4314 0.3922 0.1961 24.4698 2.0000 
4101 4102 41 -0.8110 -2.1192 -20.0803 -0.8983 -2.2381 -20.2154 0.0588 0.2000 0.4314 0.3922 0.1961 24.5744 2.0000 
4102 4103 41 -0.8983 -2.2381 -20.2154 -0.9842 -2.3551 -20.3530 0.0588 0.2000 0.4314 0.3922 0.1961 24.6797 2.0000 
4103 4104 41 -0.9842 -2.3551 -20.3530 -1.0695 -2.4784 -20.4854 0.0588 0.2000 0.4314 0.3922 0.1961 24.7859 2.0000 
4104 4105 41 -1.0695 -2.4784 -20.4854 -1.1578 -2.5957 -20.6211 0.0588 0.2000 0.4314 0.3922 0.1961 24.8928 2.0000 
4105 4106 41 -1.1578 -2.5957 -20.6211 -1.2513 -2.7105 -20.7557 0.0588 0.2000 0.4314 0.3922 0.1961 25.0005 2.0000 
4106 4107 41 -1.2513 -2.7105 -20.7557 -1.2793 -2.7819 -20.9404 0.0588 0.2000 0.4314 0.3922 0.1961 25.1090 2.0000 
4107 4108 41 -1.2793 -2.7819 -20.9404 -1.3051 -2.8800 -21.1127 0.0588 0.2000 0.4314 0.3922 0.1961 25.2183 2.0000 
4108 4109 41 -1.3051 -2.8800 -21.1127 -1.3251 -2.9803 -21.2846 0.0588 0.2000 0.4314 0.3922 0.1961 25.3284 2.0000 
4109 4110 41 -1.3251 -2.9803 -21.2846 -1.3438 -3.0697 -21.4625 0.0588 0.2000 0.4314 0.3922 0.1961 25.4393 2.0000 
4110 4111 41 -1.3438 -3.0697 -21.4625 -1.3731 -3.1517 -21.6426 0.0588 0.2000 0.4314 0.3922 0.1961 25.5511 2.0000 
4111 4112 41 -1.3731 -3.1517 -21.6426 -1.4169 -3.2851 -21.7850 0.0588 0.2000 0.4314 0.3922 0.1961 25.6638 2.0000 
4112 4113 41 -1.4169 -3.2851 -21.7850 -1.4539 -3.4210 -21.9270 0.0588 0.2000 0.4314 0.3922 0.1961 25.7773 2.0000 
4113 4114 41 -1.4539 -3.4210 -21.9270 -1.5042 -3.5460 -22.0747 0.0588 0.2000 0.4314 0.3922 0.1961 25.8917 2.0000 
4114 4115 41 -1.5042 -3.5460 -22.0747 -1.5727 -3.6621 -22.2225 0.0588 0.2000 0.4314 0.3922 0.1961 26.0071 2.0000 
4115 4116 41 -1.5727 -3.6621 -22.2225 -1.6653 -3.7677 -22.3649 0.0588 0.2000 0.4314 0.3922 0.1961 26.1233 2.0000 
4116 4117 41 -1.6653 -3.7677 -22.3649 -1.7714 -3.8291 -22.5229 0.0588 0.2000 0.4314 0.3922 0.1961 26.2404 2.0000 
4117 4118 41 -1.7714 -3.8291 -22.5229 -1.8625 -3.9027 -22.6851 0.0588 0.2000 0.4314 0.3922 0.1961 26.3585 2.0000 
4118 4119 41 -1.8625 -3.9027 -22.6851 -1.9509 -3.9766 -22.8486 0.0588 0.2000 0.4314 0.3922 0.1961 26.4776 2.0000 
4119 4120 41 -1.9509 -3.9766 -22.8486 -2.0602 -4.0558 -22.9961 0.0588 0.2000 0.4314 0.3922 0.1961 26.5976 2.0000 
4120 4121 41 -2.0602 -4.0558 -22.9961 -2.1894 -4.1083 -23.1395 0.0588 0.2000 0.4314 0.3922 0.1961 26.7187 2.0000 
4121 4122 41 -2.1894 -4.1083 -23.1395 -2.3049 -4.1770 -23.2876 0.0588 0.2000 0.4314 0.3922 0.1961 26.8407 2.0000 
4122 4123 41 -2.3049 -4.1770 -23.2876 -2.4218 -4.2646 -23.4242 0.0588 0.2000 0.4314 0.3922 0.1961 26.9638 2.0000 
4123 4124 41 -2.4218 -4.2646 -23.4242 -2.5379 -4.3365 -23.5703 0.0588 0.2000 0.4314 0.3922 0.1961 27.0879 2.0000 
4124 4125 41 -2.5379 -4.3365 -23.5703 -2.6516 -4.3605 -23.7331 0.0588 0.2000 0.4314 0.3922 0.1961 27.2130 2.0000 
4125 4126 41 -2.6516 -4.3605 -23.7331 -2.7538 -4.3848 -23.9033 0.0588 0.2000 0.4314 0.3922 0.1961 27.3393 2.0000 
4126 4127 41 -2.7538 -4.3848 -23.9033 -2.8560 -4.4081 -24.0736 0.0588 0.2000 0.4314 0.3922 0.1961 27.4666 2.0000 
4127 4128 41 -2.8560 -4.4081 -24.0736 -2.9713 -4.3857 -24.2355 0.0588 0.2000 0.4314 0.3922 0.1961 27.5950 2.0000 
4128 4129 41 -2.9713 -4.3857 -24.2355 -3.0963 -4.3580 -24.3891 0.0588 0.2000 0.4314 0.3922 0.1961 27.7246 2.0000 
4129 4130 41 -3.0963 -4.3580 -24.3891 -3.2455 -4.3597 -24.5223 0.0588 0.2000 0.4314 0.3922 0.1961 27.8554 2.0000 
4130 4131 41 -3.2455 -4.3597 -24.5223 -3.3758 -4.3494 -24.6737 0.0588 0.2000 0.4314 0.3922 0.1961 27.9873 2.0000 
4131 4132 41 -3.3758 -4.3494 -24.6737 -3.5074 -4.3525 -24.8242 0.0588 0.2000 0.4314 0.3922 0.1961 28.1204 2.0000 
4132 4133 41 -3.5074 -4.3525 -24.8242 -3.6423 -4.3222 -24.9687 0.0588 0.2000 0.4314 0.3922 0.1961 28.2547 2.0000 
4133 4134 41 -3.6423 -4.3222 -24.9687 -3.7883 -4.2823 -25.0995 0.0588 0.2000 0.4314 0.3922 0.1961 28.3903 2.0000 
4134 4135 41 -3.7883 -4.2823 -25.0995 -3.9077 -4.2300 -25.2512 0.0588 0.2000 0.4314 0.3922 0.1961 28.5272 2.0000 
4135 4136 41 -3.9077 -4.2300 -25.2512 -4.0285 -4.1711 -25.3993 0.0588 0.2000 0.4314 0.3922 0.1961 28.6653 2.0000 
4136 4137 41 -4.0285 -4.1711 -25.3993 -4.1316 -4.0674 -25.5357 0.0588 0.2000 0.4314 0.3922 0.1961 28.8047 2.0000 
4137 4138 41 -4.1316 -4.0674 -25.5357 -4.2444 -4.0046 -25.6885 0.0588 0.2000 0.4314 0.3922 0.1961 28.9455 2.0000 
4138 4139 41 -4.2444 -4.0046 -25.6885 -4.3323 -3.9414 -25.8566 0.0588 0.2000 0.4314 0.3922 0.1961 29.0877 2.0000 
4139 4140 41 -4.3323 -3.9414 -25.8566 -4.4145 -3.9150 -26.0371 0.0588 0.2000 0.4314 0.3922 0.1961 29.2312 2.0000 
4140 4141 41 -4.4145 -3.9150 -26.0371 -4.4785 -3.8647 -26.2197 0.0588 0.2000 0.4314 0.3922 0.1961 29.3762 2.0000 
4141 4142 41 -4.4785 -3.8647 -26.2197 -4.5430 -3.8128 -26.4018 0.0588 0.2000 0.4314 0.3922 0.1961 29.5226 2.0000 
4142 4143 41 -4.5430 -3.8128 -26.4018 -4.6308 -3.7586 -26.5731 0.0588 0.2000 0.4314 0.3922 0.1961 29.6705 2.0000 
4143 4144 41 -4.6308 -3.7586 -26.5731 -4.7177 -3.7126 -26.7473 0.0588 0.2000 0.4314 0.3922 0.1961 29.8199 2.0000 
4144 4145 41 -4.7177 -3.7126 -26.7473 -4.8119 -3.6943 -26.9228 0.0588 0.2000 0.4314 0.3922 0.1961 29.9708 2.0000 
4145 4146 41 -4.8119 -3.6943 -26.9228 -4.8301 -3.6907 -26.9564 0.0588 0.0384 0.4314 0.3922 0.1961 30.0000 2.0000 
98 4147 42 -0.2072 -0.2652 -19.1042 -0.3473 -0.1434 -19.1785 0.0431 0.2000 0.4314 0.3922 0.1961 23.8823 2.0000 
4147 4148 42 -0.3473 -0.1434 -19.1785 -0.4594 -0.0051 -19.2698 0.0431 0.2000 0.4314 0.3922 0.1961 23.9812 2.0000 
4148 4149 42 -0.4594 -0.0051 -19.2698 -0.5368 0.1397 -19.3840 0.0431 0.2000 0.4314 0.3922 0.1961 24.0808 2.0000 
4149 4150 42 -0.5368 0.1397 -19.3840 -0.5674 0.2807 -19.5225 0.0431 0.2000 0.4314 0.3922 0.1961 24.1812 2.0000 
4150 4151 42 -0.5674 0.2807 -19.5225 -0.6066 0.4042 -19.6748 0.0431 0.2000 0.4314 0.3922 0.1961 24.2822 2.0000 
4151 4152 42 -0.6066 0.4042 -19.6748 -0.6414 0.5256 -19.8298 0.0431 0.2000 0.4314 0.3922 0.1961 24.3840 2.0000 
4152 4153 42 -0.6414 0.5256 -19.8298 -0.6777 0.6429 -19.9877 0.0431 0.2000 0.4314 0.3922 0.1961 24.4865 2.0000 
4153 4154 42 -0.6777 0.6429 -19.9877 -0.7117 0.7339 -20.1626 0.0431 0.2000 0.4314 0.3922 0.1961 24.5897 2.0000 
4154 4155 42 -0.7117 0.7339 -20.1626 -0.7777 0.8220 -20.3295 0.0431 0.2000 0.4314 0.3922 0.1961 24.6937 2.0000 
4155 4156 42 -0.7777 0.8220 -20.3295 -0.8255 0.8946 -20.5096 0.0431 0.2000 0.4314 0.3922 0.1961 24.7985 2.0000 
4156 4157 42 -0.8255 0.8946 -20.5096 -0.8794 0.9390 -20.6971 0.0431 0.2000 0.4314 0.3922 0.1961 24.9041 2.0000 
4157 4158 42 -0.8794 0.9390 -20.6971 -0.9301 0.9818 -20.8857 0.0431 0.2000 0.4314 0.3922 0.1961 25.0104 2.0000 
4158 4159 42 -0.9301 0.9818 -20.8857 -0.9801 1.0247 -21.0746 0.0431 0.2000 0.4314 0.3922 0.1961 25.1175 2.0000 
4159 4160 42 -0.9801 1.0247 -21.0746 -1.0226 1.0562 -21.2675 0.0431 0.2000 0.4314 0.3922 0.1961 25.2255 2.0000 
4160 4161 42 -1.0226 1.0562 -21.2675 -1.0436 1.1042 -21.4605 0.0431 0.2000 0.4314 0.3922 0.1961 25.3343 2.0000 
4161 4162 42 -1.0436 1.1042 -21.4605 -1.0286 1.1262 -21.6587 0.0431 0.2000 0.4314 0.3922 0.1961 25.4439 2.0000 
4162 4163 42 -1.0286 1.1262 -21.6587 -1.0154 1.1447 -21.8574 0.0431 0.2000 0.4314 0.3922 0.1961 25.5543 2.0000 
4163 4164 42 -1.0154 1.1447 -21.8574 -1.0250 1.1666 -22.0560 0.0431 0.2000 0.4314 0.3922 0.1961 25.6657 2.0000 
4164 4165 42 -1.0250 1.1666 -22.0560 -1.0240 1.1764 -22.2557 0.0431 0.2000 0.4314 0.3922 0.1961 25.7779 2.0000 
4165 4166 42 -1.0240 1.1764 -22.2557 -1.0284 1.1811 -22.4556 0.0431 0.2000 0.4314 0.3922 0.1961 25.8910 2.0000 
4166 4167 42 -1.0284 1.1811 -22.4556 -1.0311 1.1893 -22.6554 0.0431 0.2000 0.4314 0.3922 0.1961 26.0050 2.0000 
4167 4168 42 -1.0311 1.1893 -22.6554 -1.0365 1.1899 -22.8554 0.0431 0.2000 0.4314 0.3922 0.1961 26.1199 2.0000 
4168 4169 42 -1.0365 1.1899 -22.8554 -1.0406 1.1789 -23.0550 0.0431 0.2000 0.4314 0.3922 0.1961 26.2358 2.0000 
4169 4170 42 -1.0406 1.1789 -23.0550 -1.0435 1.1606 -23.2541 0.0431 0.2000 0.4314 0.3922 0.1961 26.3526 2.0000 
4170 4171 42 -1.0435 1.1606 -23.2541 -1.0608 1.1452 -23.4528 0.0431 0.2000 0.4314 0.3922 0.1961 26.4704 2.0000 
4171 4172 42 -1.0608 1.1452 -23.4528 -1.0922 1.1249 -23.6493 0.0431 0.2000 0.4314 0.3922 0.1961 26.5892 2.0000 
4172 4173 42 -1.0922 1.1249 -23.6493 -1.0759 1.0696 -23.8408 0.0431 0.2000 0.4314 0.3922 0.1961 26.7089 2.0000 
4173 4174 42 -1.0759 1.0696 -23.8408 -1.0621 1.0364 -24.0375 0.0431 0.2000 0.4314 0.3922 0.1961 26.8297 2.0000 
4174 4175 42 -1.0621 1.0364 -24.0375 -1.0553 0.9946 -24.2330 0.0431 0.2000 0.4314 0.3922 0.1961 26.9516 2.0000 
4175 4176 42 -1.0553 0.9946 -24.2330 -1.0455 0.9634 -24.4303 0.0431 0.2000 0.4314 0.3922 0.1961 27.0744 2.0000 
4176 4177 42 -1.0455 0.9634 -24.4303 -1.0631 0.9281 -24.6264 0.0431 0.2000 0.4314 0.3922 0.1961 27.1984 2.0000 
4177 4178 42 -1.0631 0.9281 -24.6264 -1.1039 0.8970 -24.8197 0.0431 0.2000 0.4314 0.3922 0.1961 27.3234 2.0000 
4178 4179 42 -1.1039 0.8970 -24.8197 -1.1514 0.8865 -25.0137 0.0431 0.2000 0.4314 0.3922 0.1961 27.4496 2.0000 
4179 4180 42 -1.1514 0.8865 -25.0137 -1.2214 0.8854 -25.2010 0.0431 0.2000 0.4314 0.3922 0.1961 27.5768 2.0000 
4180 4181 42 -1.2214 0.8854 -25.2010 -1.2896 0.8962 -25.3887 0.0431 0.2000 0.4314 0.3922 0.1961 27.7053 2.0000 
4181 4182 42 -1.2896 0.8962 -25.3887 -1.3784 0.9097 -25.5674 0.0431 0.2000 0.4314 0.3922 0.1961 27.8349 2.0000 
4182 4183 42 -1.3784 0.9097 -25.5674 -1.4381 0.9237 -25.7578 0.0431 0.2000 0.4314 0.3922 0.1961 27.9657 2.0000 
4183 4184 42 -1.4381 0.9237 -25.7578 -1.5334 0.9798 -25.9244 0.0431 0.2000 0.4314 0.3922 0.1961 28.0977 2.0000 
4184 4185 42 -1.5334 0.9798 -25.9244 -1.6230 1.0229 -26.0980 0.0431 0.2000 0.4314 0.3922 0.1961 28.2309 2.0000 
4185 4186 42 -1.6230 1.0229 -26.0980 -1.6950 1.0084 -26.2840 0.0431 0.2000 0.4314 0.3922 0.1961 28.3654 2.0000 
4186 4187 42 -1.6950 1.0084 -26.2840 -1.7486 1.0020 -26.4766 0.0431 0.2000 0.4314 0.3922 0.1961 28.5012 2.0000 
4187 4188 42 -1.7486 1.0020 -26.4766 -1.7825 0.9799 -26.6724 0.0431 0.2000 0.4314 0.3922 0.1961 28.6383 2.0000 
4188 4189 42 -1.7825 0.9799 -26.6724 -1.8136 0.9686 -26.8697 0.0431 0.2000 0.4314 0.3922 0.1961 28.7767 2.0000 
4189 4190 42 -1.8136 0.9686 -26.8697 -1.8468 1.0005 -27.0643 0.0431 0.2000 0.4314 0.3922 0.1961 28.9165 2.0000 
4190 4191 42 -1.8468 1.0005 -27.0643 -1.8659 1.0805 -27.2466 0.0431 0.2000 0.4314 0.3922 0.1961 29.0577 2.0000 
4191 4192 42 -1.8659 1.0805 -27.2466 -1.8787 1.1365 -27.4382 0.0431 0.2000 0.4314 0.3922 0.1961 29.2003 2.0000 
4192 4193 42 -1.8787 1.1365 -27.4382 -1.8676 1.1535 -27.6372 0.0431 0.2000 0.4314 0.3922 0.1961 29.3443 2.0000 
4193 4194 42 -1.8676 1.1535 -27.6372 -1.8471 1.1906 -27.8326 0.0431 0.2000 0.4314 0.3922 0.1961 29.4898 2.0000 
4194 4195 42 -1.8471 1.1906 -27.8326 -1.8100 1.2211 -28.0268 0.0431 0.2000 0.4314 0.3922 0.1961 29.6369 2.0000 
4195 4196 42 -1.8100 1.2211 -28.0268 -1.7870 1.2785 -28.2170 0.0431 0.2000 0.4314 0.3922 0.1961 29.7854 2.0000 
4196 4197 42 -1.7870 1.2785 -28.2170 -1.7787 1.3249 -28.4113 0.0431 0.2000 0.4314 0.3922 0.1961 29.9355 2.0000 
4197 4198 42 -1.7787 1.3249 -28.4113 -1.7785 1.3428 -28.4947 0.0431 0.0852 0.4314 0.3922 0.1961 30.0000 2.0000 
101 4199 43 -0.1739 -0.2748 -19.5098 -0.3476 -0.2505 -19.6059 0.0548 0.2000 0.4314 0.3922 0.1961 24.4354 2.0000 
4199 4200 43 -0.3476 -0.2505 -19.6059 -0.4812 -0.2002 -19.7459 0.0548 0.2000 0.4314 0.3922 0.1961 24.5420 2.0000 
4200 4201 43 -0.4812 -0.2002 -19.7459 -0.5843 -0.1476 -19.9090 0.0548 0.2000 0.4314 0.3922 0.1961 24.6493 2.0000 
4201 4202 43 -0.5843 -0.1476 -19.9090 -0.6846 -0.1174 -20.0794 0.0548 0.2000 0.4314 0.3922 0.1961 24.7574 2.0000 
4202 4203 43 -0.6846 -0.1174 -20.0794 -0.8025 -0.1235 -20.2408 0.0548 0.2000 0.4314 0.3922 0.1961 24.8662 2.0000 
4203 4204 43 -0.8025 -0.1235 -20.2408 -0.8960 -0.1154 -20.4175 0.0548 0.2000 0.4314 0.3922 0.1961 24.9757 2.0000 
4204 4205 43 -0.8960 -0.1154 -20.4175 -0.9989 -0.1209 -20.5889 0.0548 0.2000 0.4314 0.3922 0.1961 25.0859 2.0000 
4205 4206 43 -0.9989 -0.1209 -20.5889 -1.0993 -0.1211 -20.7618 0.0548 0.2000 0.4314 0.3922 0.1961 25.1969 2.0000 
4206 4207 43 -1.0993 -0.1211 -20.7618 -1.1859 -0.1600 -20.9379 0.0548 0.2000 0.4314 0.3922 0.1961 25.3087 2.0000 
4207 4208 43 -1.1859 -0.1600 -20.9379 -1.2632 -0.1872 -21.1203 0.0548 0.2000 0.4314 0.3922 0.1961 25.4213 2.0000 
4208 4209 43 -1.2632 -0.1872 -21.1203 -1.3414 -0.2138 -21.3025 0.0548 0.2000 0.4314 0.3922 0.1961 25.5346 2.0000 
4209 4210 43 -1.3414 -0.2138 -21.3025 -1.4068 -0.2511 -21.4878 0.0548 0.2000 0.4314 0.3922 0.1961 25.6488 2.0000 
4210 4211 43 -1.4068 -0.2511 -21.4878 -1.4992 -0.2943 -21.6598 0.0548 0.2000 0.4314 0.3922 0.1961 25.7637 2.0000 
4211 4212 43 -1.4992 -0.2943 -21.6598 -1.6017 -0.3169 -21.8301 0.0548 0.2000 0.4314 0.3922 0.1961 25.8795 2.0000 
4212 4213 43 -1.6017 -0.3169 -21.8301 -1.7020 -0.2844 -22.0000 0.0548 0.2000 0.4314 0.3922 0.1961 25.9961 2.0000 
4213 4214 43 -1.7020 -0.2844 -22.0000 -1.7976 -0.2708 -22.1751 0.0548 0.2000 0.4314 0.3922 0.1961 26.1135 2.0000 
4214 4215 43 -1.7976 -0.2708 -22.1751 -1.8801 -0.2632 -22.3572 0.0548 0.2000 0.4314 0.3922 0.1961 26.2318 2.0000 
4215 4216 43 -1.8801 -0.2632 -22.3572 -1.9513 -0.2777 -22.5435 0.0548 0.2000 0.4314 0.3922 0.1961 26.3510 2.0000 
4216 4217 43 -1.9513 -0.2777 -22.5435 -2.0113 -0.3031 -22.7326 0.0548 0.2000 0.4314 0.3922 0.1961 26.4711 2.0000 
4217 4218 43 -2.0113 -0.3031 -22.7326 -2.0793 -0.3022 -22.9207 0.0548 0.2000 0.4314 0.3922 0.1961 26.5920 2.0000 
4218 4219 43 -2.0793 -0.3022 -22.9207 -2.1272 -0.3210 -23.1140 0.0548 0.2000 0.4314 0.3922 0.1961 26.7139 2.0000 
4219 4220 43 -2.1272 -0.3210 -23.1140 -2.1700 -0.3367 -23.3087 0.0548 0.2000 0.4314 0.3922 0.1961 26.8367 2.0000 
4220 4221 43 -2.1700 -0.3367 -23.3087 -2.2123 -0.3532 -23.5035 0.0548 0.2000 0.4314 0.3922 0.1961 26.9604 2.0000 
4221 4222 43 -2.2123 -0.3532 -23.5035 -2.2138 -0.3507 -23.7034 0.0548 0.2000 0.4314 0.3922 0.1961 27.0851 2.0000 
4222 4223 43 -2.2138 -0.3507 -23.7034 -2.2191 -0.3469 -23.9033 0.0548 0.2000 0.4314 0.3922 0.1961 27.2108 2.0000 
4223 4224 43 -2.2191 -0.3469 -23.9033 -2.1956 -0.3312 -24.1013 0.0548 0.2000 0.4314 0.3922 0.1961 27.3374 2.0000 
4224 4225 43 -2.1956 -0.3312 -24.1013 -2.1650 -0.3264 -24.2989 0.0548 0.2000 0.4314 0.3922 0.1961 27.4650 2.0000 
4225 4226 43 -2.1650 -0.3264 -24.2989 -2.1245 -0.3086 -24.4940 0.0548 0.2000 0.4314 0.3922 0.1961 27.5937 2.0000 
4226 4227 43 -2.1245 -0.3086 -24.4940 -2.0885 -0.2862 -24.6894 0.0548 0.2000 0.4314 0.3922 0.1961 27.7233 2.0000 
4227 4228 43 -2.0885 -0.2862 -24.6894 -2.0824 -0.2658 -24.8883 0.0548 0.2000 0.4314 0.3922 0.1961 27.8541 2.0000 
4228 4229 43 -2.0824 -0.2658 -24.8883 -2.0724 -0.2417 -25.0866 0.0548 0.2000 0.4314 0.3922 0.1961 27.9858 2.0000 
4229 4230 43 -2.0724 -0.2417 -25.0866 -2.0632 -0.2055 -25.2831 0.0548 0.2000 0.4314 0.3922 0.1961 28.1187 2.0000 
4230 4231 43 -2.0632 -0.2055 -25.2831 -2.0023 -0.1877 -25.4727 0.0548 0.2000 0.4314 0.3922 0.1961 28.2527 2.0000 
4231 4232 43 -2.0023 -0.1877 -25.4727 -1.9689 -0.1758 -25.6696 0.0548 0.2000 0.4314 0.3922 0.1961 28.3877 2.0000 
4232 4233 43 -1.9689 -0.1758 -25.6696 -1.9240 -0.1996 -25.8630 0.0548 0.2000 0.4314 0.3922 0.1961 28.5240 2.0000 
4233 4234 43 -1.9240 -0.1996 -25.8630 -1.8775 -0.2264 -26.0557 0.0548 0.2000 0.4314 0.3922 0.1961 28.6613 2.0000 
4234 4235 43 -1.8775 -0.2264 -26.0557 -1.8309 -0.2548 -26.2481 0.0548 0.2000 0.4314 0.3922 0.1961 28.7999 2.0000 
4235 4236 43 -1.8309 -0.2548 -26.2481 -1.7786 -0.3089 -26.4334 0.0548 0.2000 0.4314 0.3922 0.1961 28.9396 2.0000 
4236 4237 43 -1.7786 -0.3089 -26.4334 -1.7318 -0.3350 -26.6261 0.0548 0.2000 0.4314 0.3922 0.1961 29.0806 2.0000 
4237 4238 43 -1.7318 -0.3350 -26.6261 -1.6864 -0.3641 -26.8187 0.0548 0.2000 0.4314 0.3922 0.1961 29.2228 2.0000 
4238 4239 43 -1.6864 -0.3641 -26.8187 -1.6340 -0.3824 -27.0108 0.0548 0.2000 0.4314 0.3922 0.1961 29.3662 2.0000 
4239 4240 43 -1.6340 -0.3824 -27.0108 -1.5483 -0.3659 -27.1908 0.0548 0.2000 0.4314 0.3922 0.1961 29.5110 2.0000 
4240 4241 43 -1.5483 -0.3659 -27.1908 -1.5026 -0.3161 -27.3790 0.0548 0.2000 0.4314 0.3922 0.1961 29.6570 2.0000 
4241 4242 43 -1.5026 -0.3161 -27.3790 -1.4568 -0.2662 -27.5672 0.0548 0.2000 0.4314 0.3922 0.1961 29.8044 2.0000 
4242 4243 43 -1.4568 -0.2662 -27.5672 -1.3999 -0.2524 -27.7584 0.0548 0.2000 0.4314 0.3922 0.1961 29.9531 2.0000 
4243 4244 43 -1.3999 -0.2524 -27.7584 -1.3777 -0.2479 -27.8169 0.0548 0.0627 0.4314 0.3922 0.1961 30.0000 2.0000 
104 4245 44 -0.1296 -0.2694 -19.9278 -0.1996 -0.0927 -19.9900 0.0747 0.2000 0.4314 0.3922 0.1961 24.9949 2.0000 
4245 4246 44 -0.1996 -0.0927 -19.9900 -0.2785 0.0812 -20.0497 0.0747 0.2000 0.4314 0.3922 0.1961 25.0872 2.0000 
4246 4247 44 -0.2785 0.0812 -20.0497 -0.3546 0.2616 -20.0903 0.0747 0.2000 0.4314 0.3922 0.1961 25.1802 2.0000 
4247 4248 44 -0.3546 0.2616 -20.0903 -0.4426 0.4255 -20.1636 0.0747 0.2000 0.4314 0.3922 0.1961 25.2739 2.0000 
4248 4249 44 -0.4426 0.4255 -20.1636 -0.5233 0.5894 -20.2451 0.0747 0.2000 0.4314 0.3922 0.1961 25.3682 2.0000 
4249 4250 44 -0.5233 0.5894 -20.2451 -0.6207 0.7489 -20.3163 0.0747 0.2000 0.4314 0.3922 0.1961 25.4631 2.0000 
4250 4251 44 -0.6207 0.7489 -20.3163 -0.7155 0.9118 -20.3833 0.0747 0.2000 0.4314 0.3922 0.1961 25.5588 2.0000 
4251 4252 44 -0.7155 0.9118 -20.3833 -0.8085 1.0851 -20.4196 0.0747 0.2000 0.4314 0.3922 0.1961 25.6551 2.0000 
4252 4253 44 -0.8085 1.0851 -20.4196 -0.9034 1.2588 -20.4483 0.0747 0.2000 0.4314 0.3922 0.1961 25.7521 2.0000 
4253 4254 44 -0.9034 1.2588 -20.4483 -0.9755 1.4450 -20.4597 0.0747 0.2000 0.4314 0.3922 0.1961 25.8498 2.0000 
4254 4255 44 -0.9755 1.4450 -20.4597 -1.0392 1.6342 -20.4710 0.0747 0.2000 0.4314 0.3922 0.1961 25.9482 2.0000 
4255 4256 44 -1.0392 1.6342 -20.4710 -1.1052 1.8211 -20.4979 0.0747 0.2000 0.4314 0.3922 0.1961 26.0474 2.0000 
4256 4257 44 -1.1052 1.8211 -20.4979 -1.1815 2.0056 -20.5101 0.0747 0.2000 0.4314 0.3922 0.1961 26.1472 2.0000 
4257 4258 44 -1.1815 2.0056 -20.5101 -1.2289 2.1995 -20.5220 0.0747 0.2000 0.4314 0.3922 0.1961 26.2479 2.0000 
4258 4259 44 -1.2289 2.1995 -20.5220 -1.2781 2.3929 -20.5357 0.0747 0.2000 0.4314 0.3922 0.1961 26.3492 2.0000 
4259 4260 44 -1.2781 2.3929 -20.5357 -1.3376 2.5838 -20.5407 0.0747 0.2000 0.4314 0.3922 0.1961 26.4514 2.0000 
4260 4261 44 -1.3376 2.5838 -20.5407 -1.3732 2.7718 -20.5988 0.0747 0.2000 0.4314 0.3922 0.1961 26.5543 2.0000 
4261 4262 44 -1.3732 2.7718 -20.5988 -1.4559 2.9340 -20.6815 0.0747 0.2000 0.4314 0.3922 0.1961 26.6580 2.0000 
4262 4263 44 -1.4559 2.9340 -20.6815 -1.5361 3.0966 -20.7661 0.0747 0.2000 0.4314 0.3922 0.1961 26.7625 2.0000 
4263 4264 44 -1.5361 3.0966 -20.7661 -1.6001 3.2781 -20.8205 0.0747 0.2000 0.4314 0.3922 0.1961 26.8679 2.0000 
4264 4265 44 -1.6001 3.2781 -20.8205 -1.6848 3.4550 -20.8595 0.0747 0.2000 0.4314 0.3922 0.1961 26.9740 2.0000 
4265 4266 44 -1.6848 3.4550 -20.8595 -1.7718 3.6326 -20.8893 0.0747 0.2000 0.4314 0.3922 0.1961 27.0810 2.0000 
4266 4267 44 -1.7718 3.6326 -20.8893 -1.8819 3.7955 -20.9259 0.0747 0.2000 0.4314 0.3922 0.1961 27.1889 2.0000 
4267 4268 44 -1.8819 3.7955 -20.9259 -1.9832 3.9677 -20.9354 0.0747 0.2000 0.4314 0.3922 0.1961 27.2976 2.0000 
4268 4269 44 -1.9832 3.9677 -20.9354 -2.0847 4.1399 -20.9420 0.0747 0.2000 0.4314 0.3922 0.1961 27.4072 2.0000 
4269 4270 44 -2.0847 4.1399 -20.9420 -2.1828 4.3109 -20.9756 0.0747 0.2000 0.4314 0.3922 0.1961 27.5177 2.0000 
4270 4271 44 -2.1828 4.3109 -20.9756 -2.2800 4.4843 -20.9974 0.0747 0.2000 0.4314 0.3922 0.1961 27.6291 2.0000 
4271 4272 44 -2.2800 4.4843 -20.9974 -2.3795 4.6566 -21.0182 0.0747 0.2000 0.4314 0.3922 0.1961 27.7415 2.0000 
4272 4273 44 -2.3795 4.6566 -21.0182 -2.4976 4.8137 -21.0551 0.0747 0.2000 0.4314 0.3922 0.1961 27.8548 2.0000 
4273 4274 44 -2.4976 4.8137 -21.0551 -2.6132 4.9636 -21.1196 0.0747 0.2000 0.4314 0.3922 0.1961 27.9690 2.0000 
4274 4275 44 -2.6132 4.9636 -21.1196 -2.7472 5.0883 -21.2002 0.0747 0.2000 0.4314 0.3922 0.1961 28.0842 2.0000 
4275 4276 44 -2.7472 5.0883 -21.2002 -2.8711 5.2380 -21.2474 0.0747 0.2000 0.4314 0.3922 0.1961 28.2004 2.0000 
4276 4277 44 -2.8711 5.2380 -21.2474 -2.9930 5.3907 -21.2902 0.0747 0.2000 0.4314 0.3922 0.1961 28.3177 2.0000 
4277 4278 44 -2.9930 5.3907 -21.2902 -3.0980 5.5427 -21.3669 0.0747 0.2000 0.4314 0.3922 0.1961 28.4359 2.0000 
4278 4279 44 -3.0980 5.5427 -21.3669 -3.2000 5.6880 -21.4590 0.0747 0.2000 0.4314 0.3922 0.1961 28.5552 2.0000 
4279 4280 44 -3.2000 5.6880 -21.4590 -3.2593 5.8093 -21.6065 0.0747 0.2000 0.4314 0.3922 0.1961 28.6755 2.0000 
4280 4281 44 -3.2593 5.8093 -21.6065 -3.3458 5.9317 -21.7389 0.0747 0.2000 0.4314 0.3922 0.1961 28.7970 2.0000 
4281 4282 44 -3.3458 5.9317 -21.7389 -3.4349 5.9964 -21.9059 0.0747 0.2000 0.4314 0.3922 0.1961 28.9195 2.0000 
4282 4283 44 -3.4349 5.9964 -21.9059 -3.5299 6.0610 -22.0696 0.0747 0.2000 0.4314 0.3922 0.1961 29.0432 2.0000 
4283 4284 44 -3.5299 6.0610 -22.0696 -3.6400 6.0541 -22.2364 0.0747 0.2000 0.4314 0.3922 0.1961 29.1680 2.0000 
4284 4285 44 -3.6400 6.0541 -22.2364 -3.7292 6.0617 -22.4153 0.0747 0.2000 0.4314 0.3922 0.1961 29.2939 2.0000 
4285 4286 44 -3.7292 6.0617 -22.4153 -3.8137 6.0768 -22.5959 0.0747 0.2000 0.4314 0.3922 0.1961 29.4211 2.0000 
4286 4287 44 -3.8137 6.0768 -22.5959 -3.8520 6.1042 -22.7903 0.0747 0.2000 0.4314 0.3922 0.1961 29.5495 2.0000 
4287 4288 44 -3.8520 6.1042 -22.7903 -3.8815 6.1375 -22.9853 0.0747 0.2000 0.4314 0.3922 0.1961 29.6791 2.0000 
4288 4289 44 -3.8815 6.1375 -22.9853 -3.9023 6.1653 -23.1822 0.0747 0.2000 0.4314 0.3922 0.1961 29.8099 2.0000 
4289 4290 44 -3.9023 6.1653 -23.1822 -3.9002 6.1993 -23.3793 0.0747 0.2000 0.4314 0.3922 0.1961 29.9420 2.0000 
4290 4291 44 -3.9002 6.1993 -23.3793 -3.9008 6.2158 -23.4648 0.0747 0.0871 0.4314 0.3922 0.1961 30.0000 2.0000 
106 4292 45 -0.0551 -0.2668 -20.3041 -0.1311 -0.4448 -20.3545 0.0683 0.2000 0.4314 0.3922 0.1961 25.5299 2.0000 
4292 4293 45 -0.1311 -0.4448 -20.3545 -0.2298 -0.6108 -20.4065 0.0683 0.2000 0.4314 0.3922 0.1961 25.6272 2.0000 
4293 4294 45 -0.2298 -0.6108 -20.4065 -0.3287 -0.7783 -20.4530 0.0683 0.2000 0.4314 0.3922 0.1961 25.7252 2.0000 
4294 4295 45 -0.3287 -0.7783 -20.4530 -0.4007 -0.9543 -20.5150 0.0683 0.2000 0.4314 0.3922 0.1961 25.8237 2.0000 
4295 4296 45 -0.4007 -0.9543 -20.5150 -0.4667 -1.1373 -20.5615 0.0683 0.2000 0.4314 0.3922 0.1961 25.9229 2.0000 
4296 4297 45 -0.4667 -1.1373 -20.5615 -0.5492 -1.3059 -20.6305 0.0683 0.2000 0.4314 0.3922 0.1961 26.0227 2.0000 
4297 4298 45 -0.5492 -1.3059 -20.6305 -0.6378 -1.4849 -20.6409 0.0683 0.2000 0.4314 0.3922 0.1961 26.1232 2.0000 
4298 4299 45 -0.6378 -1.4849 -20.6409 -0.7687 -1.6334 -20.6124 0.0683 0.2000 0.4314 0.3922 0.1961 26.2243 2.0000 
4299 4300 45 -0.7687 -1.6334 -20.6124 -0.9030 -1.7803 -20.5926 0.0683 0.2000 0.4314 0.3922 0.1961 26.3261 2.0000 
4300 4301 45 -0.9030 -1.7803 -20.5926 -1.0047 -1.9525 -20.5957 0.0683 0.2000 0.4314 0.3922 0.1961 26.4286 2.0000 
4301 4302 45 -1.0047 -1.9525 -20.5957 -1.0994 -2.1191 -20.6529 0.0683 0.2000 0.4314 0.3922 0.1961 26.5318 2.0000 
4302 4303 45 -1.0994 -2.1191 -20.6529 -1.2025 -2.2722 -20.7298 0.0683 0.2000 0.4314 0.3922 0.1961 26.6356 2.0000 
4303 4304 45 -1.2025 -2.2722 -20.7298 -1.3034 -2.4249 -20.8106 0.0683 0.2000 0.4314 0.3922 0.1961 26.7401 2.0000 
4304 4305 45 -1.3034 -2.4249 -20.8106 -1.4428 -2.5521 -20.8768 0.0683 0.2000 0.4314 0.3922 0.1961 26.8454 2.0000 
4305 4306 45 -1.4428 -2.5521 -20.8768 -1.5875 -2.6736 -20.9421 0.0683 0.2000 0.4314 0.3922 0.1961 26.9513 2.0000 
4306 4307 45 -1.5875 -2.6736 -20.9421 -1.7244 -2.8191 -20.9522 0.0683 0.2000 0.4314 0.3922 0.1961 27.0580 2.0000 
4307 4308 45 -1.7244 -2.8191 -20.9522 -1.8442 -2.9789 -20.9626 0.0683 0.2000 0.4314 0.3922 0.1961 27.1654 2.0000 
4308 4309 45 -1.8442 -2.9789 -20.9626 -1.9695 -3.1346 -20.9708 0.0683 0.2000 0.4314 0.3922 0.1961 27.2736 2.0000 
4309 4310 45 -1.9695 -3.1346 -20.9708 -2.0964 -3.2888 -20.9809 0.0683 0.2000 0.4314 0.3922 0.1961 27.3826 2.0000 
4310 4311 45 -2.0964 -3.2888 -20.9809 -2.2237 -3.4429 -20.9890 0.0683 0.2000 0.4314 0.3922 0.1961 27.4923 2.0000 
4311 4312 45 -2.2237 -3.4429 -20.9890 -2.3645 -3.5804 -21.0248 0.0683 0.2000 0.4314 0.3922 0.1961 27.6027 2.0000 
4312 4313 45 -2.3645 -3.5804 -21.0248 -2.5087 -3.6875 -21.1127 0.0683 0.2000 0.4314 0.3922 0.1961 27.7140 2.0000 
4313 4314 45 -2.5087 -3.6875 -21.1127 -2.6348 -3.7765 -21.2399 0.0683 0.2000 0.4314 0.3922 0.1961 27.8261 2.0000 
4314 4315 45 -2.6348 -3.7765 -21.2399 -2.7210 -3.8955 -21.3756 0.0683 0.2000 0.4314 0.3922 0.1961 27.9390 2.0000 
4315 4316 45 -2.7210 -3.8955 -21.3756 -2.8041 -4.0231 -21.5052 0.0683 0.2000 0.4314 0.3922 0.1961 28.0527 2.0000 
4316 4317 45 -2.8041 -4.0231 -21.5052 -2.8667 -4.1410 -21.6542 0.0683 0.2000 0.4314 0.3922 0.1961 28.1673 2.0000 
4317 4318 45 -2.8667 -4.1410 -21.6542 -2.9373 -4.2247 -21.8216 0.0683 0.2000 0.4314 0.3922 0.1961 28.2827 2.0000 
4318 4319 45 -2.9373 -4.2247 -21.8216 -2.9995 -4.3177 -21.9873 0.0683 0.2000 0.4314 0.3922 0.1961 28.3990 2.0000 
4319 4320 45 -2.9995 -4.3177 -21.9873 -3.0606 -4.4181 -22.1492 0.0683 0.2000 0.4314 0.3922 0.1961 28.5161 2.0000 
4320 4321 45 -3.0606 -4.4181 -22.1492 -3.0690 -4.5263 -22.3171 0.0683 0.2000 0.4314 0.3922 0.1961 28.6342 2.0000 
4321 4322 45 -3.0690 -4.5263 -22.3171 -3.0814 -4.6339 -22.4853 0.0683 0.2000 0.4314 0.3922 0.1961 28.7531 2.0000 
4322 4323 45 -3.0814 -4.6339 -22.4853 -3.0943 -4.7491 -22.6483 0.0683 0.2000 0.4314 0.3922 0.1961 28.8730 2.0000 
4323 4324 45 -3.0943 -4.7491 -22.6483 -3.1050 -4.8636 -22.8119 0.0683 0.2000 0.4314 0.3922 0.1961 28.9938 2.0000 
4324 4325 45 -3.1050 -4.8636 -22.8119 -3.1138 -4.9690 -22.9817 0.0683 0.2000 0.4314 0.3922 0.1961 29.1155 2.0000 
4325 4326 45 -3.1138 -4.9690 -22.9817 -3.1153 -5.0812 -23.1472 0.0683 0.2000 0.4314 0.3922 0.1961 29.2382 2.0000 
4326 4327 45 -3.1153 -5.0812 -23.1472 -3.0836 -5.1781 -23.3192 0.0683 0.2000 0.4314 0.3922 0.1961 29.3619 2.0000 
4327 4328 45 -3.0836 -5.1781 -23.3192 -3.0429 -5.2512 -23.5009 0.0683 0.2000 0.4314 0.3922 0.1961 29.4866 2.0000 
4328 4329 45 -3.0429 -5.2512 -23.5009 -3.0008 -5.2750 -23.6950 0.0683 0.2000 0.4314 0.3922 0.1961 29.6123 2.0000 
4329 4330 45 -3.0008 -5.2750 -23.6950 -2.9784 -5.3209 -23.8883 0.0683 0.2000 0.4314 0.3922 0.1961 29.7390 2.0000 
4330 4331 45 -2.9784 -5.3209 -23.8883 -2.9420 -5.3987 -24.0689 0.0683 0.2000 0.4314 0.3922 0.1961 29.8668 2.0000 
4331 4332 45 -2.9420 -5.3987 -24.0689 -2.9138 -5.4737 -24.2522 0.0683 0.2000 0.4314 0.3922 0.1961 29.9956 2.0000 
4332 4333 45 -2.9138 -5.4737 -24.2522 -2.9129 -5.4763 -24.2585 0.0683 0.0068 0.4314 0.3922 0.1961 30.0000 2.0000 
109 4334 46 -0.0078 -0.2637 -20.7240 0.1798 -0.2967 -20.7849 0.0894 0.2000 0.4314 0.3922 0.1961 26.1249 2.0000 
4334 4335 46 0.1798 -0.2967 -20.7849 0.3683 -0.3232 -20.8463 0.0894 0.2000 0.4314 0.3922 0.1961 26.2240 2.0000 
4335 4336 46 0.3683 -0.3232 -20.8463 0.5569 -0.3495 -20.9073 0.0894 0.2000 0.4314 0.3922 0.1961 26.3237 2.0000 
4336 4337 46 0.5569 -0.3495 -20.9073 0.7407 -0.3790 -20.9806 0.0894 0.2000 0.4314 0.3922 0.1961 26.4242 2.0000 
4337 4338 46 0.7407 -0.3790 -20.9806 0.9246 -0.4372 -21.0333 0.0894 0.2000 0.4314 0.3922 0.1961 26.5253 2.0000 
4338 4339 46 0.9246 -0.4372 -21.0333 1.1091 -0.4897 -21.0900 0.0894 0.2000 0.4314 0.3922 0.1961 26.6271 2.0000 
4339 4340 46 1.1091 -0.4897 -21.0900 1.2816 -0.5652 -21.1573 0.0894 0.2000 0.4314 0.3922 0.1961 26.7297 2.0000 
4340 4341 46 1.2816 -0.5652 -21.1573 1.4547 -0.6402 -21.2239 0.0894 0.2000 0.4314 0.3922 0.1961 26.8330 2.0000 
4341 4342 46 1.4547 -0.6402 -21.2239 1.6222 -0.7266 -21.2907 0.0894 0.2000 0.4314 0.3922 0.1961 26.9370 2.0000 
4342 4343 46 1.6222 -0.7266 -21.2907 1.7654 -0.8271 -21.3876 0.0894 0.2000 0.4314 0.3922 0.1961 27.0418 2.0000 
4343 4344 46 1.7654 -0.8271 -21.3876 1.9098 -0.9271 -21.4834 0.0894 0.2000 0.4314 0.3922 0.1961 27.1474 2.0000 
4344 4345 46 1.9098 -0.9271 -21.4834 2.0424 -1.0206 -21.6003 0.0894 0.2000 0.4314 0.3922 0.1961 27.2537 2.0000 
4345 4346 46 2.0424 -1.0206 -21.6003 2.1581 -1.1278 -21.7233 0.0894 0.2000 0.4314 0.3922 0.1961 27.3608 2.0000 
4346 4347 46 2.1581 -1.1278 -21.7233 2.2736 -1.2381 -21.8436 0.0894 0.2000 0.4314 0.3922 0.1961 27.4687 2.0000 
4347 4348 46 2.2736 -1.2381 -21.8436 2.3885 -1.3465 -21.9663 0.0894 0.2000 0.4314 0.3922 0.1961 27.5774 2.0000 
4348 4349 46 2.3885 -1.3465 -21.9663 2.5201 -1.4390 -22.0851 0.0894 0.2000 0.4314 0.3922 0.1961 27.6870 2.0000 
4349 4350 46 2.5201 -1.4390 -22.0851 2.6566 -1.5186 -22.2077 0.0894 0.2000 0.4314 0.3922 0.1961 27.7973 2.0000 
4350 4351 46 2.6566 -1.5186 -22.2077 2.7853 -1.5812 -22.3474 0.0894 0.2000 0.4314 0.3922 0.1961 27.9086 2.0000 
4351 4352 46 2.7853 -1.5812 -22.3474 2.9140 -1.6469 -22.4857 0.0894 0.2000 0.4314 0.3922 0.1961 28.0206 2.0000 
4352 4353 46 2.9140 -1.6469 -22.4857 3.0539 -1.7173 -22.6100 0.0894 0.2000 0.4314 0.3922 0.1961 28.1336 2.0000 
4353 4354 46 3.0539 -1.7173 -22.6100 3.1961 -1.7617 -22.7435 0.0894 0.2000 0.4314 0.3922 0.1961 28.2474 2.0000 
4354 4355 46 3.1961 -1.7617 -22.7435 3.3386 -1.8058 -22.8767 0.0894 0.2000 0.4314 0.3922 0.1961 28.3621 2.0000 
4355 4356 46 3.3386 -1.8058 -22.8767 3.4820 -1.8389 -23.0122 0.0894 0.2000 0.4314 0.3922 0.1961 28.4778 2.0000 
4356 4357 46 3.4820 -1.8389 -23.0122 3.6281 -1.8771 -23.1433 0.0894 0.2000 0.4314 0.3922 0.1961 28.5944 2.0000 
4357 4358 46 3.6281 -1.8771 -23.1433 3.7745 -1.9135 -23.2746 0.0894 0.2000 0.4314 0.3922 0.1961 28.7119 2.0000 
4358 4359 46 3.7745 -1.9135 -23.2746 3.9237 -1.9529 -23.4018 0.0894 0.2000 0.4314 0.3922 0.1961 28.8304 2.0000 
4359 4360 46 3.9237 -1.9529 -23.4018 4.0627 -2.0250 -23.5263 0.0894 0.2000 0.4314 0.3922 0.1961 28.9499 2.0000 
4360 4361 46 4.0627 -2.0250 -23.5263 4.2050 -2.0956 -23.6478 0.0894 0.2000 0.4314 0.3922 0.1961 29.0703 2.0000 
4361 4362 46 4.2050 -2.0956 -23.6478 4.3089 -2.2219 -23.7629 0.0894 0.2000 0.4314 0.3922 0.1961 29.1918 2.0000 
4362 4363 46 4.3089 -2.2219 -23.7629 4.4094 -2.3565 -23.8714 0.0894 0.2000 0.4314 0.3922 0.1961 29.3143 2.0000 
4363 4364 46 4.4094 -2.3565 -23.8714 4.5095 -2.4910 -23.9804 0.0894 0.2000 0.4314 0.3922 0.1961 29.4378 2.0000 
4364 4365 46 4.5095 -2.4910 -23.9804 4.6003 -2.6318 -24.0897 0.0894 0.2000 0.4314 0.3922 0.1961 29.5624 2.0000 
4365 4366 46 4.6003 -2.6318 -24.0897 4.7230 -2.7310 -24.2127 0.0894 0.2000 0.4314 0.3922 0.1961 29.6881 2.0000 
4366 4367 46 4.7230 -2.7310 -24.2127 4.8251 -2.8471 -24.3395 0.0894 0.2000 0.4314 0.3922 0.1961 29.8148 2.0000 
4367 4368 46 4.8251 -2.8471 -24.3395 4.9089 -2.9785 -24.4649 0.0894 0.2000 0.4314 0.3922 0.1961 29.9427 2.0000 
4368 4369 46 4.9089 -2.9785 -24.4649 4.9431 -3.0398 -24.5196 0.0894 0.0890 0.4314 0.3922 0.1961 30.0000 2.0000 
111 4370 47 0.0235 -0.2690 -21.1160 0.1414 -0.1212 -21.1811 0.0662 0.2000 0.4314 0.3922 0.1961 26.6839 2.0000 
4370 4371 47 0.1414 -0.1212 -21.1811 0.2423 0.0457 -21.2256 0.0662 0.2000 0.4314 0.3922 0.1961 26.7811 2.0000 
4371 4372 47 0.2423 0.0457 -21.2256 0.3301 0.1982 -21.3206 0.0662 0.2000 0.4314 0.3922 0.1961 26.8789 2.0000 
4372 4373 47 0.3301 0.1982 -21.3206 0.4101 0.3562 -21.4135 0.0662 0.2000 0.4314 0.3922 0.1961 26.9774 2.0000 
4373 4374 47 0.4101 0.3562 -21.4135 0.4901 0.4978 -21.5299 0.0662 0.2000 0.4314 0.3922 0.1961 27.0765 2.0000 
4374 4375 47 0.4901 0.4978 -21.5299 0.5872 0.6266 -21.6482 0.0662 0.2000 0.4314 0.3922 0.1961 27.1763 2.0000 
4375 4376 47 0.5872 0.6266 -21.6482 0.6361 0.7801 -21.7667 0.0662 0.2000 0.4314 0.3922 0.1961 27.2767 2.0000 
4376 4377 47 0.6361 0.7801 -21.7667 0.7045 0.9260 -21.8852 0.0662 0.2000 0.4314 0.3922 0.1961 27.3778 2.0000 
4377 4378 47 0.7045 0.9260 -21.8852 0.7676 1.0876 -21.9848 0.0662 0.2000 0.4314 0.3922 0.1961 27.4796 2.0000 
4378 4379 47 0.7676 1.0876 -21.9848 0.7988 1.2662 -22.0690 0.0662 0.2000 0.4314 0.3922 0.1961 27.5820 2.0000 
4379 4380 47 0.7988 1.2662 -22.0690 0.8417 1.4374 -22.1632 0.0662 0.2000 0.4314 0.3922 0.1961 27.6852 2.0000 
4380 4381 47 0.8417 1.4374 -22.1632 0.8846 1.6105 -22.2536 0.0662 0.2000 0.4314 0.3922 0.1961 27.7890 2.0000 
4381 4382 47 0.8846 1.6105 -22.2536 0.9721 1.7700 -22.3368 0.0662 0.2000 0.4314 0.3922 0.1961 27.8936 2.0000 
4382 4383 47 0.9721 1.7700 -22.3368 1.0774 1.8972 -22.4496 0.0662 0.2000 0.4314 0.3922 0.1961 27.9989 2.0000 
4383 4384 47 1.0774 1.8972 -22.4496 1.1949 2.0070 -22.5685 0.0662 0.2000 0.4314 0.3922 0.1961 28.1049 2.0000 
4384 4385 47 1.1949 2.0070 -22.5685 1.2727 2.1256 -22.7095 0.0662 0.2000 0.4314 0.3922 0.1961 28.2117 2.0000 
4385 4386 47 1.2727 2.1256 -22.7095 1.3508 2.2427 -22.8516 0.0662 0.2000 0.4314 0.3922 0.1961 28.3193 2.0000 
4386 4387 47 1.3508 2.2427 -22.8516 1.3953 2.3624 -23.0055 0.0662 0.2000 0.4314 0.3922 0.1961 28.4276 2.0000 
4387 4388 47 1.3953 2.3624 -23.0055 1.4536 2.4794 -23.1569 0.0662 0.2000 0.4314 0.3922 0.1961 28.5367 2.0000 
4388 4389 47 1.4536 2.4794 -23.1569 1.5079 2.5855 -23.3175 0.0662 0.2000 0.4314 0.3922 0.1961 28.6466 2.0000 
4389 4390 47 1.5079 2.5855 -23.3175 1.5515 2.7296 -23.4492 0.0662 0.2000 0.4314 0.3922 0.1961 28.7572 2.0000 
4390 4391 47 1.5515 2.7296 -23.4492 1.5894 2.8688 -23.5877 0.0662 0.2000 0.4314 0.3922 0.1961 28.8687 2.0000 
4391 4392 47 1.5894 2.8688 -23.5877 1.6272 3.0080 -23.7262 0.0662 0.2000 0.4314 0.3922 0.1961 28.9811 2.0000 
4392 4393 47 1.6272 3.0080 -23.7262 1.6654 3.1380 -23.8734 0.0662 0.2000 0.4314 0.3922 0.1961 29.0942 2.0000 
4393 4394 47 1.6654 3.1380 -23.8734 1.7651 3.2549 -24.0014 0.0662 0.2000 0.4314 0.3922 0.1961 29.2082 2.0000 
4394 4395 47 1.7651 3.2549 -24.0014 1.8694 3.3563 -24.1386 0.0662 0.2000 0.4314 0.3922 0.1961 29.3231 2.0000 
4395 4396 47 1.8694 3.3563 -24.1386 1.9681 3.4640 -24.2753 0.0662 0.2000 0.4314 0.3922 0.1961 29.4389 2.0000 
4396 4397 47 1.9681 3.4640 -24.2753 2.0774 3.5684 -24.4062 0.0662 0.2000 0.4314 0.3922 0.1961 29.5555 2.0000 
4397 4398 47 2.0774 3.5684 -24.4062 2.2196 3.6484 -24.5219 0.0662 0.2000 0.4314 0.3922 0.1961 29.6731 2.0000 
4398 4399 47 2.2196 3.6484 -24.5219 2.3626 3.7060 -24.6494 0.0662 0.2000 0.4314 0.3922 0.1961 29.7915 2.0000 
4399 4400 47 2.3626 3.7060 -24.6494 2.5209 3.7773 -24.7486 0.0662 0.2000 0.4314 0.3922 0.1961 29.9109 2.0000 
4400 4401 47 2.5209 3.7773 -24.7486 2.6425 3.8390 -24.8065 0.0662 0.1481 0.4314 0.3922 0.1961 30.0000 2.0000 
113 4402 48 0.0195 -0.2370 -21.4939 0.1861 -0.2435 -21.6043 0.0729 0.2000 0.4314 0.3922 0.1961 27.2385 2.0000 
4402 4403 48 0.1861 -0.2435 -21.6043 0.3435 -0.3196 -21.7014 0.0729 0.2000 0.4314 0.3922 0.1961 27.3400 2.0000 
4403 4404 48 0.3435 -0.3196 -21.7014 0.5025 -0.4139 -21.7778 0.0729 0.2000 0.4314 0.3922 0.1961 27.4422 2.0000 
4404 4405 48 0.5025 -0.4139 -21.7778 0.6665 -0.4936 -21.8599 0.0729 0.2000 0.4314 0.3922 0.1961 27.5451 2.0000 
4405 4406 48 0.6665 -0.4936 -21.8599 0.8305 -0.5559 -21.9560 0.0729 0.2000 0.4314 0.3922 0.1961 27.6487 2.0000 
4406 4407 48 0.8305 -0.5559 -21.9560 0.9852 -0.6089 -22.0712 0.0729 0.2000 0.4314 0.3922 0.1961 27.7530 2.0000 
4407 4408 48 0.9852 -0.6089 -22.0712 1.1299 -0.6574 -22.2004 0.0729 0.2000 0.4314 0.3922 0.1961 27.8581 2.0000 
4408 4409 48 1.1299 -0.6574 -22.2004 1.2864 -0.7134 -22.3117 0.0729 0.2000 0.4314 0.3922 0.1961 27.9639 2.0000 
4409 4410 48 1.2864 -0.7134 -22.3117 1.4436 -0.7787 -22.4165 0.0729 0.2000 0.4314 0.3922 0.1961 28.0704 2.0000 
4410 4411 48 1.4436 -0.7787 -22.4165 1.5879 -0.8426 -22.5394 0.0729 0.2000 0.4314 0.3922 0.1961 28.1778 2.0000 
4411 4412 48 1.5879 -0.8426 -22.5394 1.7290 -0.9126 -22.6626 0.0729 0.2000 0.4314 0.3922 0.1961 28.2859 2.0000 
4412 4413 48 1.7290 -0.9126 -22.6626 1.8707 -0.9897 -22.7810 0.0729 0.2000 0.4314 0.3922 0.1961 28.3948 2.0000 
4413 4414 48 1.8707 -0.9897 -22.7810 2.0127 -1.0672 -22.8985 0.0729 0.2000 0.4314 0.3922 0.1961 28.5045 2.0000 
4414 4415 48 2.0127 -1.0672 -22.8985 2.1536 -1.1489 -23.0146 0.0729 0.2000 0.4314 0.3922 0.1961 28.6150 2.0000 
4415 4416 48 2.1536 -1.1489 -23.0146 2.3012 -1.2103 -23.1348 0.0729 0.2000 0.4314 0.3922 0.1961 28.7263 2.0000 
4416 4417 48 2.3012 -1.2103 -23.1348 2.4591 -1.2218 -23.2571 0.0729 0.2000 0.4314 0.3922 0.1961 28.8385 2.0000 
4417 4418 48 2.4591 -1.2218 -23.2571 2.6128 -1.2537 -23.3809 0.0729 0.2000 0.4314 0.3922 0.1961 28.9515 2.0000 
4418 4419 48 2.6128 -1.2537 -23.3809 2.7697 -1.2895 -23.4997 0.0729 0.2000 0.4314 0.3922 0.1961 29.0654 2.0000 
4419 4420 48 2.7697 -1.2895 -23.4997 2.9258 -1.3148 -23.6221 0.0729 0.2000 0.4314 0.3922 0.1961 29.1801 2.0000 
4420 4421 48 2.9258 -1.3148 -23.6221 3.0832 -1.3385 -23.7433 0.0729 0.2000 0.4314 0.3922 0.1961 29.2958 2.0000 
4421 4422 48 3.0832 -1.3385 -23.7433 3.2086 -1.3285 -23.8987 0.0729 0.2000 0.4314 0.3922 0.1961 29.4123 2.0000 
4422 4423 48 3.2086 -1.3285 -23.8987 3.3450 -1.3474 -24.0438 0.0729 0.2000 0.4314 0.3922 0.1961 29.5298 2.0000 
4423 4424 48 3.3450 -1.3474 -24.0438 3.4604 -1.3431 -24.2071 0.0729 0.2000 0.4314 0.3922 0.1961 29.6482 2.0000 
4424 4425 48 3.4604 -1.3431 -24.2071 3.5663 -1.3281 -24.3761 0.0729 0.2000 0.4314 0.3922 0.1961 29.7675 2.0000 
4425 4426 48 3.5663 -1.3281 -24.3761 3.6399 -1.2863 -24.5573 0.0729 0.2000 0.4314 0.3922 0.1961 29.8879 2.0000 
4426 4427 48 3.6399 -1.2863 -24.5573 3.6705 -1.2315 -24.7313 0.0729 0.1850 0.4314 0.3922 0.1961 30.0000 2.0000 
116 4428 49 0.0219 -0.1837 -21.9131 0.0672 -0.3516 -22.0118 0.0596 0.2000 0.4314 0.3922 0.1961 27.8621 2.0000 
4428 4429 49 0.0672 -0.3516 -22.0118 0.1197 -0.5080 -22.1249 0.0596 0.2000 0.4314 0.3922 0.1961 27.9652 2.0000 
4429 4430 49 0.1197 -0.5080 -22.1249 0.1700 -0.6618 -22.2425 0.0596 0.2000 0.4314 0.3922 0.1961 28.0690 2.0000 
4430 4431 49 0.1700 -0.6618 -22.2425 0.2216 -0.8074 -22.3694 0.0596 0.2000 0.4314 0.3922 0.1961 28.1734 2.0000 
4431 4432 49 0.2216 -0.8074 -22.3694 0.2774 -0.9579 -22.4887 0.0596 0.2000 0.4314 0.3922 0.1961 28.2786 2.0000 
4432 4433 49 0.2774 -0.9579 -22.4887 0.3317 -1.1100 -22.6068 0.0596 0.2000 0.4314 0.3922 0.1961 28.3845 2.0000 
4433 4434 49 0.3317 -1.1100 -22.6068 0.3991 -1.2547 -22.7272 0.0596 0.2000 0.4314 0.3922 0.1961 28.4912 2.0000 
4434 4435 49 0.3991 -1.2547 -22.7272 0.4644 -1.3841 -22.8651 0.0596 0.2000 0.4314 0.3922 0.1961 28.5986 2.0000 
4435 4436 49 0.4644 -1.3841 -22.8651 0.5295 -1.5098 -23.0063 0.0596 0.2000 0.4314 0.3922 0.1961 28.7067 2.0000 
4436 4437 49 0.5295 -1.5098 -23.0063 0.5945 -1.6387 -23.1447 0.0596 0.2000 0.4314 0.3922 0.1961 28.8157 2.0000 
4437 4438 49 0.5945 -1.6387 -23.1447 0.6696 -1.7646 -23.2808 0.0596 0.2000 0.4314 0.3922 0.1961 28.9254 2.0000 
4438 4439 49 0.6696 -1.7646 -23.2808 0.7590 -1.8531 -23.4362 0.0596 0.2000 0.4314 0.3922 0.1961 29.0359 2.0000 
4439 4440 49 0.7590 -1.8531 -23.4362 0.8371 -1.9583 -23.5874 0.0596 0.2000 0.4314 0.3922 0.1961 29.1472 2.0000 
4440 4441 49 0.8371 -1.9583 -23.5874 0.9212 -2.0440 -23.7473 0.0596 0.2000 0.4314 0.3922 0.1961 29.2593 2.0000 
4441 4442 49 0.9212 -2.0440 -23.7473 0.9886 -2.1116 -23.9231 0.0596 0.2000 0.4314 0.3922 0.1961 29.3723 2.0000 
4442 4443 49 0.9886 -2.1116 -23.9231 1.0472 -2.1767 -24.1029 0.0596 0.2000 0.4314 0.3922 0.1961 29.4860 2.0000 
4443 4444 49 1.0472 -2.1767 -24.1029 1.1043 -2.2435 -24.2825 0.0596 0.2000 0.4314 0.3922 0.1961 29.6007 2.0000 
4444 4445 49 1.1043 -2.2435 -24.2825 1.1672 -2.3078 -24.4612 0.0596 0.2000 0.4314 0.3922 0.1961 29.7162 2.0000 
4445 4446 49 1.1672 -2.3078 -24.4612 1.2300 -2.3797 -24.6369 0.0596 0.2000 0.4314 0.3922 0.1961 29.8326 2.0000 
4446 4447 49 1.2300 -2.3797 -24.6369 1.2482 -2.4615 -24.8185 0.0596 0.2000 0.4314 0.3922 0.1961 29.9499 2.0000 
4447 4448 49 1.2482 -2.4615 -24.8185 1.2618 -2.5058 -24.8898 0.0596 0.0850 0.4314 0.3922 0.1961 30.0000 2.0000 
119 4449 50 0.0249 -0.1676 -22.3255 -0.1050 -0.3057 -22.3892 0.0498 0.2000 0.4314 0.3922 0.1961 28.4772 2.0000 
4449 4450 50 -0.1050 -0.3057 -22.3892 -0.2198 -0.4479 -22.4706 0.0498 0.2000 0.4314 0.3922 0.1961 28.5772 2.0000 
4450 4451 50 -0.2198 -0.4479 -22.4706 -0.3159 -0.5773 -22.5889 0.0498 0.2000 0.4314 0.3922 0.1961 28.6778 2.0000 
4451 4452 50 -0.3159 -0.5773 -22.5889 -0.3687 -0.7233 -22.7151 0.0498 0.2000 0.4314 0.3922 0.1961 28.7790 2.0000 
4452 4453 50 -0.3687 -0.7233 -22.7151 -0.4242 -0.8678 -22.8417 0.0498 0.2000 0.4314 0.3922 0.1961 28.8809 2.0000 
4453 4454 50 -0.4242 -0.8678 -22.8417 -0.4753 -1.0104 -22.9723 0.0498 0.2000 0.4314 0.3922 0.1961 28.9835 2.0000 
4454 4455 50 -0.4753 -1.0104 -22.9723 -0.5225 -1.1516 -23.1059 0.0498 0.2000 0.4314 0.3922 0.1961 29.0867 2.0000 
4455 4456 50 -0.5225 -1.1516 -23.1059 -0.5725 -1.2881 -23.2432 0.0498 0.2000 0.4314 0.3922 0.1961 29.1906 2.0000 
4456 4457 50 -0.5725 -1.2881 -23.2432 -0.6348 -1.3913 -23.4028 0.0498 0.2000 0.4314 0.3922 0.1961 29.2951 2.0000 
4457 4458 50 -0.6348 -1.3913 -23.4028 -0.6846 -1.4709 -23.5794 0.0498 0.2000 0.4314 0.3922 0.1961 29.4004 2.0000 
4458 4459 50 -0.6846 -1.4709 -23.5794 -0.7183 -1.5598 -23.7554 0.0498 0.2000 0.4314 0.3922 0.1961 29.5063 2.0000 
4459 4460 50 -0.7183 -1.5598 -23.7554 -0.7017 -1.6311 -23.9415 0.0498 0.2000 0.4314 0.3922 0.1961 29.6129 2.0000 
4460 4461 50 -0.7017 -1.6311 -23.9415 -0.6985 -1.7075 -24.1263 0.0498 0.2000 0.4314 0.3922 0.1961 29.7203 2.0000 
4461 4462 50 -0.6985 -1.7075 -24.1263 -0.7420 -1.7284 -24.3204 0.0498 0.2000 0.4314 0.3922 0.1961 29.8284 2.0000 
4462 4463 50 -0.7420 -1.7284 -24.3204 -0.7860 -1.7363 -24.5153 0.0498 0.2000 0.4314 0.3922 0.1961 29.9372 2.0000 
4463 4464 50 -0.7860 -1.7363 -24.5153 -0.8049 -1.7486 -24.6280 0.0498 0.1149 0.4314 0.3922 0.1961 30.0000 2.0000 
122 4465 51 -0.0339 -0.1691 -22.7380 -0.2032 -0.2412 -22.8162 0.0582 0.2000 0.4314 0.3922 0.1961 29.1079 2.0000 
4465 4466 51 -0.2032 -0.2412 -22.8162 -0.3699 -0.3124 -22.9006 0.0582 0.2000 0.4314 0.3922 0.1961 29.2029 2.0000 
4466 4467 51 -0.3699 -0.3124 -22.9006 -0.4818 -0.4487 -22.9950 0.0582 0.2000 0.4314 0.3922 0.1961 29.2986 2.0000 
4467 4468 51 -0.4818 -0.4487 -22.9950 -0.5833 -0.5815 -23.1049 0.0582 0.2000 0.4314 0.3922 0.1961 29.3949 2.0000 
4468 4469 51 -0.5833 -0.5815 -23.1049 -0.6507 -0.7385 -23.2087 0.0582 0.2000 0.4314 0.3922 0.1961 29.4919 2.0000 
4469 4470 51 -0.6507 -0.7385 -23.2087 -0.7149 -0.8970 -23.3125 0.0582 0.2000 0.4314 0.3922 0.1961 29.5896 2.0000 
4470 4471 51 -0.7149 -0.8970 -23.3125 -0.8173 -1.0186 -23.4339 0.0582 0.2000 0.4314 0.3922 0.1961 29.6880 2.0000 
4471 4472 51 -0.8173 -1.0186 -23.4339 -0.9194 -1.1364 -23.5591 0.0582 0.2000 0.4314 0.3922 0.1961 29.7871 2.0000 
4472 4473 51 -0.9194 -1.1364 -23.5591 -0.9956 -1.2576 -23.6988 0.0582 0.2000 0.4314 0.3922 0.1961 29.8868 2.0000 
4473 4474 51 -0.9956 -1.2576 -23.6988 -1.0763 -1.3740 -23.8401 0.0582 0.2000 0.4314 0.3922 0.1961 29.9873 2.0000 
4474 4475 51 -1.0763 -1.3740 -23.8401 -1.0865 -1.3886 -23.8578 0.0582 0.0251 0.4314 0.3922 0.1961 30.0000 2.0000 
125 4476 52 -0.0756 -0.1713 -23.1358 -0.0977 -0.3547 -23.2123 0.0571 0.2000 0.4314 0.3922 0.1961 29.7299 2.0000 
4476 4477 52 -0.0977 -0.3547 -23.2123 -0.1123 -0.5395 -23.2873 0.0571 0.2000 0.4314 0.3922 0.1961 29.8267 2.0000 
4477 4478 52 -0.1123 -0.5395 -23.2873 -0.1036 -0.7006 -23.4056 0.0571 0.2000 0.4314 0.3922 0.1961 29.9240 2.0000 
4478 4479 52 -0.1036 -0.7006 -23.4056 -0.1044 -0.8220 -23.5022 0.0571 0.1551 0.4314 0.3922 0.1961 30.0000 2.0000 
