node1ID node2ID branchID x1 y1 z1 x2 y2 z2 radius length R G B time type 
0 1 0 0.0000 0.0000 -3.0000 0.0026 -0.0004 -3.0096 0.1037 0.0100 0.0000 0.0000 205.0000 0.0029 1.0000 
1 2 0 0.0026 -0.0004 -3.0096 0.0448 0.0057 -3.1945 0.1037 0.1897 0.0000 0.0000 205.0000 0.0585 1.0000 
2 3 0 0.0448 0.0057 -3.1945 0.0869 0.0112 -3.3789 0.1037 0.1893 0.0000 0.0000 205.0000 0.1139 1.0000 
3 4 0 0.0869 0.0112 -3.3789 0.1158 0.0215 -3.5651 0.1037 0.1887 0.0000 0.0000 205.0000 0.1692 1.0000 
4 5 0 0.1158 0.0215 -3.5651 0.1383 0.0383 -3.7589 0.1037 0.1958 0.0000 0.0000 205.0000 0.2267 1.0000 
5 6 0 0.1383 0.0383 -3.7589 0.1547 0.0526 -3.9404 0.1037 0.1828 0.0000 0.0000 205.0000 0.2803 1.0000 
6 7 0 0.1547 0.0526 -3.9404 0.1736 0.0649 -4.1260 0.1037 0.1871 0.0000 0.0000 205.0000 0.3353 1.0000 
7 8 0 0.1736 0.0649 -4.1260 0.1873 0.0762 -4.3274 0.1037 0.2022 0.0000 0.0000 205.0000 0.3947 1.0000 
8 9 0 0.1873 0.0762 -4.3274 0.2015 0.0882 -4.5216 0.1037 0.1951 0.0000 0.0000 205.0000 0.4521 1.0000 
9 10 0 0.2015 0.0882 -4.5216 0.2154 0.0992 -4.7161 0.1037 0.1953 0.0000 0.0000 205.0000 0.5097 1.0000 
10 11 0 0.2154 0.0992 -4.7161 0.2203 0.1158 -4.8987 0.1037 0.1833 0.0000 0.0000 205.0000 0.5637 1.0000 
11 12 0 0.2203 0.1158 -4.8987 0.2158 0.1324 -5.0980 0.1037 0.2000 0.0000 0.0000 205.0000 0.6227 1.0000 
12 13 0 0.2158 0.1324 -5.0980 0.2069 0.1509 -5.2908 0.1037 0.1939 0.0000 0.0000 205.0000 0.6799 1.0000 
13 14 0 0.2069 0.1509 -5.2908 0.1930 0.1529 -5.4952 0.1037 0.2049 0.0000 0.0000 205.0000 0.7405 1.0000 
14 15 0 0.1930 0.1529 -5.4952 0.1812 0.1524 -5.6885 0.1037 0.1937 0.0000 0.0000 205.0000 0.7977 1.0000 
15 16 0 0.1812 0.1524 -5.6885 0.1645 0.1633 -5.8815 0.1037 0.1940 0.0000 0.0000 205.0000 0.8552 1.0000 
16 17 0 0.1645 0.1633 -5.8815 0.1347 0.1715 -6.0925 0.1037 0.2132 0.0000 0.0000 205.0000 0.9183 1.0000 
17 18 0 0.1347 0.1715 -6.0925 0.1215 0.1747 -6.3064 0.1037 0.2143 0.0000 0.0000 205.0000 0.9818 1.0000 
18 19 0 0.1215 0.1747 -6.3064 0.1117 0.1759 -6.5059 0.1037 0.1997 0.0000 0.0000 205.0000 1.0411 1.0000 
19 20 0 0.1117 0.1759 -6.5059 0.1019 0.1881 -6.7107 0.1037 0.2054 0.0000 0.0000 205.0000 1.1021 1.0000 
20 21 0 0.1019 0.1881 -6.7107 0.0992 0.2015 -6.9080 0.1037 0.1978 0.0000 0.0000 205.0000 1.1609 1.0000 
21 22 0 0.0992 0.2015 -6.9080 0.0979 0.2114 -7.1026 0.1037 0.1949 0.0000 0.0000 205.0000 1.2188 1.0000 
22 23 0 0.0979 0.2114 -7.1026 0.0932 0.2225 -7.3032 0.1037 0.2010 0.0000 0.0000 205.0000 1.2786 1.0000 
23 24 0 0.0932 0.2225 -7.3032 0.0911 0.2354 -7.5017 0.1037 0.1989 0.0000 0.0000 205.0000 1.3379 1.0000 
24 25 0 0.0911 0.2354 -7.5017 0.0907 0.2484 -7.7063 0.1037 0.2050 0.0000 0.0000 205.0000 1.3990 1.0000 
25 26 0 0.0907 0.2484 -7.7063 0.0911 0.2686 -7.9055 0.1037 0.2002 0.0000 0.0000 205.0000 1.4587 1.0000 
26 27 0 0.0911 0.2686 -7.9055 0.0862 0.2921 -8.0981 0.1037 0.1941 0.0000 0.0000 205.0000 1.5167 1.0000 
27 28 0 0.0862 0.2921 -8.0981 0.0805 0.3139 -8.2827 0.1037 0.1860 0.0000 0.0000 205.0000 1.5723 1.0000 
28 29 0 0.0805 0.3139 -8.2827 0.0733 0.3517 -8.4896 0.1037 0.2104 0.0000 0.0000 205.0000 1.6352 1.0000 
29 30 0 0.0733 0.3517 -8.4896 0.0690 0.3750 -8.6901 0.1037 0.2019 0.0000 0.0000 205.0000 1.6956 1.0000 
30 31 0 0.0690 0.3750 -8.6901 0.0632 0.4025 -8.8966 0.1037 0.2084 0.0000 0.0000 205.0000 1.7581 1.0000 
31 32 0 0.0632 0.4025 -8.8966 0.0629 0.4278 -9.0893 0.1037 0.1944 0.0000 0.0000 205.0000 1.8163 1.0000 
32 33 0 0.0629 0.4278 -9.0893 0.0625 0.4539 -9.2822 0.1037 0.1946 0.0000 0.0000 205.0000 1.8747 1.0000 
33 34 0 0.0625 0.4539 -9.2822 0.0625 0.4809 -9.4741 0.1037 0.1938 0.0000 0.0000 205.0000 1.9329 1.0000 
34 35 0 0.0625 0.4809 -9.4741 0.0632 0.5021 -9.6553 0.1037 0.1824 0.0000 0.0000 205.0000 1.9878 1.0000 
35 36 0 0.0632 0.5021 -9.6553 0.0662 0.5258 -9.8574 0.1037 0.2036 0.0000 0.0000 205.0000 2.0490 1.0000 
36 37 0 0.0662 0.5258 -9.8574 0.0688 0.5474 -10.0411 0.1037 0.1849 0.0000 0.0000 205.0000 2.1047 1.0000 
37 38 0 0.0688 0.5474 -10.0411 0.0676 0.5706 -10.2269 0.1037 0.1873 0.0000 0.0000 205.0000 2.1611 1.0000 
38 39 0 0.0676 0.5706 -10.2269 0.0521 0.5701 -10.4447 0.1037 0.2184 0.0000 0.0000 205.0000 2.2269 1.0000 
39 40 0 0.0521 0.5701 -10.4447 0.0272 0.5706 -10.6425 0.1037 0.1994 0.0000 0.0000 205.0000 2.2871 1.0000 
40 41 0 0.0272 0.5706 -10.6425 0.0054 0.5674 -10.8553 0.1037 0.2139 0.0000 0.0000 205.0000 2.3517 1.0000 
41 42 0 0.0054 0.5674 -10.8553 -0.0129 0.5607 -11.0368 0.1037 0.1826 0.0000 0.0000 205.0000 2.4069 1.0000 
42 43 0 -0.0129 0.5607 -11.0368 -0.0301 0.5539 -11.2473 0.1037 0.2113 0.0000 0.0000 205.0000 2.4708 1.0000 
43 44 0 -0.0301 0.5539 -11.2473 -0.0484 0.5463 -11.4489 0.1037 0.2025 0.0000 0.0000 205.0000 2.5321 1.0000 
44 45 0 -0.0484 0.5463 -11.4489 -0.0778 0.5227 -11.6635 0.1037 0.2179 0.0000 0.0000 205.0000 2.5982 1.0000 
45 46 0 -0.0778 0.5227 -11.6635 -0.1031 0.4933 -11.8454 0.1037 0.1860 0.0000 0.0000 205.0000 2.6546 1.0000 
46 47 0 -0.1031 0.4933 -11.8454 -0.1435 0.4688 -12.0520 0.1037 0.2119 0.0000 0.0000 205.0000 2.7189 1.0000 
47 48 0 -0.1435 0.4688 -12.0520 -0.1701 0.4480 -12.2454 0.1037 0.1963 0.0000 0.0000 205.0000 2.7785 1.0000 
48 49 0 -0.1701 0.4480 -12.2454 -0.1947 0.4355 -12.4667 0.1037 0.2230 0.0000 0.0000 205.0000 2.8464 1.0000 
49 50 0 -0.1947 0.4355 -12.4667 -0.2168 0.4239 -12.6702 0.1037 0.2050 0.0000 0.0000 205.0000 2.9087 1.0000 
50 51 0 -0.2168 0.4239 -12.6702 -0.2519 0.4109 -12.8666 0.1037 0.2000 0.0000 0.0000 205.0000 2.9697 1.0000 
51 52 0 -0.2519 0.4109 -12.8666 -0.2873 0.3887 -13.0671 0.1037 0.2048 0.0000 0.0000 205.0000 3.0321 1.0000 
52 53 0 -0.2873 0.3887 -13.0671 -0.3247 0.3631 -13.2608 0.1037 0.1990 0.0000 0.0000 205.0000 3.0928 1.0000 
53 54 0 -0.3247 0.3631 -13.2608 -0.3523 0.3397 -13.4351 0.1037 0.1780 0.0000 0.0000 205.0000 3.1471 1.0000 
54 55 0 -0.3523 0.3397 -13.4351 -0.3847 0.3117 -13.6325 0.1037 0.2020 0.0000 0.0000 205.0000 3.2089 1.0000 
55 56 0 -0.3847 0.3117 -13.6325 -0.4188 0.3040 -13.8224 0.1037 0.1931 0.0000 0.0000 205.0000 3.2679 1.0000 
56 57 0 -0.4188 0.3040 -13.8224 -0.4431 0.2992 -14.0084 0.1037 0.1876 0.0000 0.0000 205.0000 3.3254 1.0000 
57 58 0 -0.4431 0.2992 -14.0084 -0.4709 0.2983 -14.2073 0.1037 0.2008 0.0000 0.0000 205.0000 3.3869 1.0000 
58 59 0 -0.4709 0.2983 -14.2073 -0.4998 0.2973 -14.4107 0.1037 0.2054 0.0000 0.0000 205.0000 3.4499 1.0000 
59 60 0 -0.4998 0.2973 -14.4107 -0.5263 0.2855 -14.6035 0.1037 0.1950 0.0000 0.0000 205.0000 3.5097 1.0000 
60 61 0 -0.5263 0.2855 -14.6035 -0.5592 0.2808 -14.7986 0.1037 0.1979 0.0000 0.0000 205.0000 3.5705 1.0000 
61 62 0 -0.5592 0.2808 -14.7986 -0.5910 0.2860 -15.0025 0.1037 0.2064 0.0000 0.0000 205.0000 3.6339 1.0000 
62 63 0 -0.5910 0.2860 -15.0025 -0.6147 0.3073 -15.1978 0.1037 0.1979 0.0000 0.0000 205.0000 3.6948 1.0000 
63 64 0 -0.6147 0.3073 -15.1978 -0.6398 0.3229 -15.3983 0.1037 0.2027 0.0000 0.0000 205.0000 3.7572 1.0000 
64 65 0 -0.6398 0.3229 -15.3983 -0.6679 0.3381 -15.6095 0.1037 0.2135 0.0000 0.0000 205.0000 3.8230 1.0000 
65 66 0 -0.6679 0.3381 -15.6095 -0.6922 0.3465 -15.7997 0.1037 0.1919 0.0000 0.0000 205.0000 3.8822 1.0000 
66 67 0 -0.6922 0.3465 -15.7997 -0.7001 0.3466 -16.0144 0.1037 0.2149 0.0000 0.0000 205.0000 3.9486 1.0000 
67 68 0 -0.7001 0.3466 -16.0144 -0.7090 0.3470 -16.2203 0.1037 0.2061 0.0000 0.0000 205.0000 4.0122 1.0000 
68 69 0 -0.7090 0.3470 -16.2203 -0.7224 0.3587 -16.4165 0.1037 0.1970 0.0000 0.0000 205.0000 4.0732 1.0000 
69 70 0 -0.7224 0.3587 -16.4165 -0.7328 0.3713 -16.6040 0.1037 0.1882 0.0000 0.0000 205.0000 4.1314 1.0000 
70 71 0 -0.7328 0.3713 -16.6040 -0.7405 0.3840 -16.7902 0.1037 0.1867 0.0000 0.0000 205.0000 4.1893 1.0000 
71 72 0 -0.7405 0.3840 -16.7902 -0.7454 0.3932 -16.9974 0.1037 0.2075 0.0000 0.0000 205.0000 4.2536 1.0000 
72 73 0 -0.7454 0.3932 -16.9974 -0.7493 0.4022 -17.1917 0.1037 0.1945 0.0000 0.0000 205.0000 4.3139 1.0000 
73 74 0 -0.7493 0.4022 -17.1917 -0.7536 0.4110 -17.3891 0.1037 0.1977 0.0000 0.0000 205.0000 4.3753 1.0000 
74 75 0 -0.7536 0.4110 -17.3891 -0.7624 0.4217 -17.5854 0.1037 0.1968 0.0000 0.0000 205.0000 4.4365 1.0000 
75 76 0 -0.7624 0.4217 -17.5854 -0.7766 0.4303 -17.7832 0.1037 0.1985 0.0000 0.0000 205.0000 4.4982 1.0000 
76 77 0 -0.7766 0.4303 -17.7832 -0.7889 0.4292 -17.9797 0.1037 0.1969 0.0000 0.0000 205.0000 4.5595 1.0000 
77 78 0 -0.7889 0.4292 -17.9797 -0.8041 0.4267 -18.2013 0.1037 0.2221 0.0000 0.0000 205.0000 4.6287 1.0000 
78 79 0 -0.8041 0.4267 -18.2013 -0.8179 0.4287 -18.3958 0.1037 0.1951 0.0000 0.0000 205.0000 4.6895 1.0000 
79 80 0 -0.8179 0.4287 -18.3958 -0.8318 0.4257 -18.5886 0.1037 0.1933 0.0000 0.0000 205.0000 4.7499 1.0000 
80 81 0 -0.8318 0.4257 -18.5886 -0.8431 0.4216 -18.7834 0.1037 0.1952 0.0000 0.0000 205.0000 4.8108 1.0000 
81 82 0 -0.8431 0.4216 -18.7834 -0.8600 0.4178 -18.9733 0.1037 0.1906 0.0000 0.0000 205.0000 4.8704 1.0000 
82 83 0 -0.8600 0.4178 -18.9733 -0.8830 0.4174 -19.1545 0.1037 0.1827 0.0000 0.0000 205.0000 4.9276 1.0000 
83 84 0 -0.8830 0.4174 -19.1545 -0.8985 0.4134 -19.3433 0.1037 0.1895 0.0000 0.0000 205.0000 4.9869 1.0000 
84 85 0 -0.8985 0.4134 -19.3433 -0.9084 0.4179 -19.5439 0.1037 0.2008 0.0000 0.0000 205.0000 5.0499 1.0000 
85 86 0 -0.9084 0.4179 -19.5439 -0.9172 0.4219 -19.7258 0.1037 0.1822 0.0000 0.0000 205.0000 5.1070 1.0000 
86 87 0 -0.9172 0.4219 -19.7258 -0.9204 0.4249 -19.9136 0.1037 0.1878 0.0000 0.0000 205.0000 5.1660 1.0000 
87 88 0 -0.9204 0.4249 -19.9136 -0.9175 0.4358 -20.1042 0.1037 0.1909 0.0000 0.0000 205.0000 5.2260 1.0000 
88 89 0 -0.9175 0.4358 -20.1042 -0.9157 0.4469 -20.3085 0.1037 0.2046 0.0000 0.0000 205.0000 5.2903 1.0000 
89 90 0 -0.9157 0.4469 -20.3085 -0.9123 0.4584 -20.5152 0.1037 0.2070 0.0000 0.0000 205.0000 5.3555 1.0000 
90 91 0 -0.9123 0.4584 -20.5152 -0.9012 0.4631 -20.7177 0.1037 0.2028 0.0000 0.0000 205.0000 5.4194 1.0000 
91 92 0 -0.9012 0.4631 -20.7177 -0.8811 0.4634 -20.9191 0.1037 0.2024 0.0000 0.0000 205.0000 5.4832 1.0000 
92 93 0 -0.8811 0.4634 -20.9191 -0.8617 0.4634 -21.1186 0.1037 0.2004 0.0000 0.0000 205.0000 5.5464 1.0000 
93 94 0 -0.8617 0.4634 -21.1186 -0.8429 0.4595 -21.3190 0.1037 0.2013 0.0000 0.0000 205.0000 5.6100 1.0000 
94 95 0 -0.8429 0.4595 -21.3190 -0.8231 0.4555 -21.5292 0.1037 0.2112 0.0000 0.0000 205.0000 5.6767 1.0000 
95 96 0 -0.8231 0.4555 -21.5292 -0.8090 0.4508 -21.7258 0.1037 0.1972 0.0000 0.0000 205.0000 5.7391 1.0000 
96 97 0 -0.8090 0.4508 -21.7258 -0.7941 0.4418 -21.9379 0.1037 0.2127 0.0000 0.0000 205.0000 5.8065 1.0000 
97 98 0 -0.7941 0.4418 -21.9379 -0.7873 0.4311 -22.1461 0.1037 0.2087 0.0000 0.0000 205.0000 5.8726 1.0000 
98 99 0 -0.7873 0.4311 -22.1461 -0.7856 0.4178 -22.3416 0.1037 0.1959 0.0000 0.0000 205.0000 5.9348 1.0000 
99 100 0 -0.7856 0.4178 -22.3416 -0.7849 0.4003 -22.5454 0.1037 0.2046 0.0000 0.0000 205.0000 5.9997 1.0000 
100 101 0 -0.7849 0.4003 -22.5454 -0.7901 0.3819 -22.7174 0.1037 0.1730 0.0000 0.0000 205.0000 6.0547 1.0000 
101 102 0 -0.7901 0.3819 -22.7174 -0.8006 0.3595 -22.9144 0.1037 0.1986 0.0000 0.0000 205.0000 6.1179 1.0000 
102 103 0 -0.8006 0.3595 -22.9144 -0.8168 0.3360 -23.0948 0.1037 0.1826 0.0000 0.0000 205.0000 6.1760 1.0000 
103 104 0 -0.8168 0.3360 -23.0948 -0.8334 0.3094 -23.2940 0.1037 0.2016 0.0000 0.0000 205.0000 6.2402 1.0000 
104 105 0 -0.8334 0.3094 -23.2940 -0.8458 0.2816 -23.4792 0.1037 0.1877 0.0000 0.0000 205.0000 6.3001 1.0000 
105 106 0 -0.8458 0.2816 -23.4792 -0.8592 0.2511 -23.6783 0.1037 0.2019 0.0000 0.0000 205.0000 6.3645 1.0000 
106 107 0 -0.8592 0.2511 -23.6783 -0.8751 0.2302 -23.8876 0.1037 0.2109 0.0000 0.0000 205.0000 6.4318 1.0000 
107 108 0 -0.8751 0.2302 -23.8876 -0.8854 0.2119 -24.1022 0.1037 0.2156 0.0000 0.0000 205.0000 6.5008 1.0000 
108 109 0 -0.8854 0.2119 -24.1022 -0.9033 0.1954 -24.2878 0.1037 0.1872 0.0000 0.0000 205.0000 6.5607 1.0000 
109 110 0 -0.9033 0.1954 -24.2878 -0.9196 0.1728 -24.4757 0.1037 0.1900 0.0000 0.0000 205.0000 6.6215 1.0000 
110 111 0 -0.9196 0.1728 -24.4757 -0.9350 0.1528 -24.6722 0.1037 0.1981 0.0000 0.0000 205.0000 6.6850 1.0000 
111 112 0 -0.9350 0.1528 -24.6722 -0.9560 0.1296 -24.8651 0.1037 0.1954 0.0000 0.0000 205.0000 6.7477 1.0000 
112 113 0 -0.9560 0.1296 -24.8651 -0.9742 0.0986 -25.0728 0.1037 0.2108 0.0000 0.0000 205.0000 6.8153 1.0000 
113 114 0 -0.9742 0.0986 -25.0728 -0.9808 0.0755 -25.2700 0.1037 0.1987 0.0000 0.0000 205.0000 6.8792 1.0000 
114 115 0 -0.9808 0.0755 -25.2700 -0.9913 0.0624 -25.4780 0.1037 0.2087 0.0000 0.0000 205.0000 6.9463 1.0000 
115 116 0 -0.9913 0.0624 -25.4780 -0.9923 0.0501 -25.6822 0.1037 0.2046 0.0000 0.0000 205.0000 7.0122 1.0000 
116 117 0 -0.9923 0.0501 -25.6822 -0.9926 0.0336 -25.8681 0.1037 0.1866 0.0000 0.0000 205.0000 7.0723 1.0000 
117 118 0 -0.9926 0.0336 -25.8681 -0.9948 0.0213 -26.0782 0.1037 0.2105 0.0000 0.0000 205.0000 7.1402 1.0000 
118 119 0 -0.9948 0.0213 -26.0782 -1.0124 0.0060 -26.2768 0.1037 0.1999 0.0000 0.0000 205.0000 7.2047 1.0000 
119 120 0 -1.0124 0.0060 -26.2768 -1.0293 -0.0094 -26.4721 0.1037 0.1967 0.0000 0.0000 205.0000 7.2682 1.0000 
120 121 0 -1.0293 -0.0094 -26.4721 -1.0366 -0.0222 -26.6569 0.1037 0.1854 0.0000 0.0000 205.0000 7.3282 1.0000 
121 122 0 -1.0366 -0.0222 -26.6569 -1.0442 -0.0386 -26.8510 0.1037 0.1949 0.0000 0.0000 205.0000 7.3913 1.0000 
122 123 0 -1.0442 -0.0386 -26.8510 -1.0617 -0.0484 -27.0421 0.1037 0.1922 0.0000 0.0000 205.0000 7.4535 1.0000 
123 124 0 -1.0617 -0.0484 -27.0421 -1.0796 -0.0585 -27.2394 0.1037 0.1984 0.0000 0.0000 205.0000 7.5178 1.0000 
124 125 0 -1.0796 -0.0585 -27.2394 -1.0978 -0.0703 -27.4568 0.1037 0.2185 0.0000 0.0000 205.0000 7.5887 1.0000 
125 126 0 -1.0978 -0.0703 -27.4568 -1.1126 -0.0823 -27.6391 0.1037 0.1833 0.0000 0.0000 205.0000 7.6482 1.0000 
126 127 0 -1.1126 -0.0823 -27.6391 -1.1101 -0.0893 -27.8604 0.1037 0.2213 0.0000 0.0000 205.0000 7.7202 1.0000 
127 128 0 -1.1101 -0.0893 -27.8604 -1.1152 -0.0886 -28.0459 0.1037 0.1856 0.0000 0.0000 205.0000 7.7805 1.0000 
128 129 0 -1.1152 -0.0886 -28.0459 -1.1307 -0.0904 -28.2609 0.1037 0.2156 0.0000 0.0000 205.0000 7.8507 1.0000 
129 130 0 -1.1307 -0.0904 -28.2609 -1.1465 -0.0898 -28.4628 0.1037 0.2025 0.0000 0.0000 205.0000 7.9168 1.0000 
130 131 0 -1.1465 -0.0898 -28.4628 -1.1618 -0.0898 -28.6563 0.1037 0.1941 0.0000 0.0000 205.0000 7.9801 1.0000 
131 132 0 -1.1618 -0.0898 -28.6563 -1.1781 -0.0893 -28.8641 0.1037 0.2084 0.0000 0.0000 205.0000 8.0481 1.0000 
132 133 0 -1.1781 -0.0893 -28.8641 -1.1953 -0.0902 -29.0606 0.1037 0.1973 0.0000 0.0000 205.0000 8.1126 1.0000 
133 134 0 -1.1953 -0.0902 -29.0606 -1.2037 -0.0874 -29.2743 0.1037 0.2139 0.0000 0.0000 205.0000 8.1826 1.0000 
134 135 0 -1.2037 -0.0874 -29.2743 -1.2121 -0.0847 -29.4905 0.1037 0.2163 0.0000 0.0000 205.0000 8.2534 1.0000 
135 136 0 -1.2121 -0.0847 -29.4905 -1.2196 -0.0838 -29.6924 0.1037 0.2020 0.0000 0.0000 205.0000 8.3196 1.0000 
136 137 0 -1.2196 -0.0838 -29.6924 -1.2221 -0.0872 -29.8888 0.1037 0.1965 0.0000 0.0000 205.0000 8.3841 1.0000 
137 138 0 -1.2221 -0.0872 -29.8888 -1.2197 -0.0871 -30.0821 0.1037 0.1933 0.0000 0.0000 205.0000 8.4476 1.0000 
138 139 0 -1.2197 -0.0871 -30.0821 -1.2221 -0.0992 -30.2792 0.1037 0.1975 0.0000 0.0000 205.0000 8.5124 1.0000 
139 140 0 -1.2221 -0.0992 -30.2792 -1.2191 -0.1158 -30.4686 0.1037 0.1902 0.0000 0.0000 205.0000 8.5750 1.0000 
140 141 0 -1.2191 -0.1158 -30.4686 -1.2167 -0.1317 -30.6474 0.1037 0.1795 0.0000 0.0000 205.0000 8.6341 1.0000 
141 142 0 -1.2167 -0.1317 -30.6474 -1.2112 -0.1448 -30.8324 0.1037 0.1855 0.0000 0.0000 205.0000 8.6952 1.0000 
142 143 0 -1.2112 -0.1448 -30.8324 -1.2064 -0.1599 -31.0257 0.1037 0.1940 0.0000 0.0000 205.0000 8.7592 1.0000 
143 144 0 -1.2064 -0.1599 -31.0257 -1.2031 -0.1714 -31.2285 0.1037 0.2032 0.0000 0.0000 205.0000 8.8262 1.0000 
144 145 0 -1.2031 -0.1714 -31.2285 -1.1983 -0.1812 -31.4434 0.1037 0.2151 0.0000 0.0000 205.0000 8.8973 1.0000 
145 146 0 -1.1983 -0.1812 -31.4434 -1.1915 -0.1927 -31.6342 0.1037 0.1913 0.0000 0.0000 205.0000 8.9605 1.0000 
146 147 0 -1.1915 -0.1927 -31.6342 -1.1825 -0.2065 -31.8223 0.1037 0.1889 0.0000 0.0000 205.0000 9.0230 1.0000 
147 148 0 -1.1825 -0.2065 -31.8223 -1.1788 -0.2341 -32.0157 0.1037 0.1954 0.0000 0.0000 205.0000 9.0877 1.0000 
148 149 0 -1.1788 -0.2341 -32.0157 -1.1721 -0.2595 -32.2090 0.1037 0.1951 0.0000 0.0000 205.0000 9.1524 1.0000 
149 150 0 -1.1721 -0.2595 -32.2090 -1.1611 -0.2938 -32.4030 0.1037 0.1973 0.0000 0.0000 205.0000 9.2179 1.0000 
150 151 0 -1.1611 -0.2938 -32.4030 -1.1578 -0.3379 -32.6122 0.1037 0.2138 0.0000 0.0000 205.0000 9.2889 1.0000 
151 152 0 -1.1578 -0.3379 -32.6122 -1.1540 -0.3835 -32.8049 0.1037 0.1980 0.0000 0.0000 205.0000 9.3547 1.0000 
152 153 0 -1.1540 -0.3835 -32.8049 -1.1512 -0.4267 -32.9968 0.1037 0.1967 0.0000 0.0000 205.0000 9.4202 1.0000 
153 154 0 -1.1512 -0.4267 -32.9968 -1.1486 -0.4713 -33.2048 0.1037 0.2128 0.0000 0.0000 205.0000 9.4910 1.0000 
154 155 0 -1.1486 -0.4713 -33.2048 -1.1358 -0.5100 -33.4091 0.1037 0.2083 0.0000 0.0000 205.0000 9.5604 1.0000 
155 156 0 -1.1358 -0.5100 -33.4091 -1.1288 -0.5455 -33.6102 0.1037 0.2043 0.0000 0.0000 205.0000 9.6286 1.0000 
156 157 0 -1.1288 -0.5455 -33.6102 -1.1158 -0.5739 -33.8067 0.1037 0.1990 0.0000 0.0000 205.0000 9.6951 1.0000 
157 158 0 -1.1158 -0.5739 -33.8067 -1.1087 -0.6059 -34.0106 0.1037 0.2065 0.0000 0.0000 205.0000 9.7641 1.0000 
158 159 0 -1.1087 -0.6059 -34.0106 -1.0896 -0.6416 -34.1957 0.1037 0.1895 0.0000 0.0000 205.0000 9.8275 1.0000 
159 160 0 -1.0896 -0.6416 -34.1957 -1.0676 -0.6786 -34.3981 0.1037 0.2069 0.0000 0.0000 205.0000 9.8968 1.0000 
160 161 0 -1.0676 -0.6786 -34.3981 -1.0501 -0.7039 -34.5952 0.1037 0.1995 0.0000 0.0000 205.0000 9.9637 1.0000 
161 162 0 -1.0501 -0.7039 -34.5952 -1.0304 -0.7323 -34.7983 0.1037 0.2060 0.0000 0.0000 205.0000 10.0328 1.0000 
162 163 0 -1.0304 -0.7323 -34.7983 -1.0274 -0.7530 -34.9829 0.1037 0.1858 0.0000 0.0000 205.0000 10.0952 1.0000 
163 164 0 -1.0274 -0.7530 -34.9829 -1.0196 -0.7701 -35.1794 0.1037 0.1974 0.0000 0.0000 205.0000 10.1615 1.0000 
164 165 0 -1.0196 -0.7701 -35.1794 -1.0135 -0.7906 -35.3901 0.1037 0.2118 0.0000 0.0000 205.0000 10.2328 1.0000 
165 166 0 -1.0135 -0.7906 -35.3901 -1.0089 -0.8079 -35.5795 0.1037 0.1902 0.0000 0.0000 205.0000 10.2968 1.0000 
166 167 0 -1.0089 -0.8079 -35.5795 -1.0075 -0.8261 -35.7692 0.1037 0.1906 0.0000 0.0000 205.0000 10.3611 1.0000 
167 168 0 -1.0075 -0.8261 -35.7692 -1.0075 -0.8481 -35.9650 0.1037 0.1970 0.0000 0.0000 205.0000 10.4275 1.0000 
168 169 0 -1.0075 -0.8481 -35.9650 -1.0058 -0.8742 -36.1573 0.1037 0.1941 0.0000 0.0000 205.0000 10.4931 1.0000 
169 170 0 -1.0058 -0.8742 -36.1573 -0.9963 -0.8834 -36.3515 0.1037 0.1946 0.0000 0.0000 205.0000 10.5589 1.0000 
170 171 0 -0.9963 -0.8834 -36.3515 -0.9840 -0.8817 -36.5413 0.1037 0.1901 0.0000 0.0000 205.0000 10.6232 1.0000 
171 172 0 -0.9840 -0.8817 -36.5413 -0.9736 -0.8769 -36.7385 0.1037 0.1976 0.0000 0.0000 205.0000 10.6901 1.0000 
172 173 0 -0.9736 -0.8769 -36.7385 -0.9624 -0.8744 -36.9292 0.1037 0.1911 0.0000 0.0000 205.0000 10.7548 1.0000 
173 174 0 -0.9624 -0.8744 -36.9292 -0.9516 -0.8733 -37.1312 0.1037 0.2023 0.0000 0.0000 205.0000 10.8234 1.0000 
174 175 0 -0.9516 -0.8733 -37.1312 -0.9354 -0.8804 -37.3305 0.1037 0.2000 0.0000 0.0000 205.0000 10.8913 1.0000 
175 176 0 -0.9354 -0.8804 -37.3305 -0.9221 -0.8826 -37.5394 0.1037 0.2094 0.0000 0.0000 205.0000 10.9625 1.0000 
176 177 0 -0.9221 -0.8826 -37.5394 -0.9091 -0.8891 -37.7434 0.1037 0.2045 0.0000 0.0000 205.0000 11.0320 1.0000 
177 178 0 -0.9091 -0.8891 -37.7434 -0.8861 -0.8925 -37.9360 0.1037 0.1941 0.0000 0.0000 205.0000 11.0981 1.0000 
178 179 0 -0.8861 -0.8925 -37.9360 -0.8606 -0.8952 -38.1319 0.1037 0.1976 0.0000 0.0000 205.0000 11.1654 1.0000 
179 180 0 -0.8606 -0.8952 -38.1319 -0.8336 -0.8998 -38.3366 0.1037 0.2065 0.0000 0.0000 205.0000 11.2358 1.0000 
180 181 0 -0.8336 -0.8998 -38.3366 -0.8063 -0.9061 -38.5465 0.1037 0.2117 0.0000 0.0000 205.0000 11.3081 1.0000 
181 182 0 -0.8063 -0.9061 -38.5465 -0.7804 -0.9111 -38.7404 0.1037 0.1958 0.0000 0.0000 205.0000 11.3750 1.0000 
182 183 0 -0.7804 -0.9111 -38.7404 -0.7561 -0.9065 -38.9235 0.1037 0.1847 0.0000 0.0000 205.0000 11.4382 1.0000 
183 184 0 -0.7561 -0.9065 -38.9235 -0.7259 -0.9001 -39.1425 0.1037 0.2212 0.0000 0.0000 205.0000 11.5139 1.0000 
184 185 0 -0.7259 -0.9001 -39.1425 -0.6890 -0.8939 -39.3180 0.1037 0.1794 0.0000 0.0000 205.0000 11.5754 1.0000 
185 186 0 -0.6890 -0.8939 -39.3180 -0.6416 -0.8895 -39.5044 0.1037 0.1924 0.0000 0.0000 205.0000 11.6414 1.0000 
186 187 0 -0.6416 -0.8895 -39.5044 -0.6018 -0.8835 -39.6879 0.1037 0.1878 0.0000 0.0000 205.0000 11.7059 1.0000 
187 188 0 -0.6018 -0.8835 -39.6879 -0.5571 -0.8816 -39.8912 0.1037 0.2081 0.0000 0.0000 205.0000 11.7774 1.0000 
188 189 0 -0.5571 -0.8816 -39.8912 -0.5194 -0.8748 -40.0842 0.1037 0.1968 0.0000 0.0000 205.0000 11.8451 1.0000 
189 190 0 -0.5194 -0.8748 -40.0842 -0.4796 -0.8686 -40.2816 0.1037 0.2014 0.0000 0.0000 205.0000 11.9145 1.0000 
190 191 0 -0.4796 -0.8686 -40.2816 -0.4525 -0.8638 -40.4914 0.1037 0.2116 0.0000 0.0000 205.0000 11.9874 1.0000 
191 192 0 -0.4525 -0.8638 -40.4914 -0.4484 -0.8632 -40.5277 0.1037 0.0366 0.0000 0.0000 205.0000 12.0000 1.0000 
1 193 6 0.0026 -0.0004 -3.0096 0.2119 -0.2616 -3.2686 0.0300 0.4232 238.0000 23.8000 0.0000 5.9757 2.0000 
193 194 6 0.2119 -0.2616 -3.2686 0.4242 -0.5112 -3.5283 0.0300 0.4182 238.0000 23.8000 0.0000 6.5907 2.0000 
194 195 6 0.4242 -0.5112 -3.5283 0.6807 -0.8102 -3.8463 0.0300 0.5062 238.0000 23.8000 0.0000 7.5474 2.0000 
195 196 6 0.6807 -0.8102 -3.8463 0.9351 -1.1043 -4.1682 0.0300 0.5048 238.0000 23.8000 0.0000 8.9322 2.0000 
196 197 6 0.9351 -1.1043 -4.1682 1.1179 -1.3520 -4.3941 0.0300 0.3819 238.0000 23.8000 0.0000 10.6510 2.0000 
197 198 6 1.1179 -1.3520 -4.3941 1.2004 -1.4732 -4.5019 0.0300 0.1820 238.0000 23.8000 0.0000 12.0000 2.0000 
2 199 7 0.0448 0.0057 -3.1945 -0.1696 -0.2003 -3.6606 0.0300 0.5528 238.0000 23.8000 0.0000 6.3229 2.0000 
199 200 7 -0.1696 -0.2003 -3.6606 -0.3618 -0.3857 -4.0417 0.0300 0.4653 238.0000 23.8000 0.0000 7.1619 2.0000 
200 201 7 -0.3618 -0.3857 -4.0417 -0.5439 -0.6152 -4.4348 0.0300 0.4903 238.0000 23.8000 0.0000 8.3013 2.0000 
201 202 7 -0.5439 -0.6152 -4.4348 -0.7361 -0.9227 -4.9113 0.0300 0.5988 238.0000 23.8000 0.0000 10.3957 2.0000 
202 203 7 -0.7361 -0.9227 -4.9113 -0.7995 -1.0721 -5.1432 0.0300 0.2831 238.0000 23.8000 0.0000 12.0000 2.0000 
3 204 8 0.0869 0.0112 -3.3789 -0.0936 0.2292 -3.7750 0.0300 0.4868 238.0000 23.8000 0.0000 6.4502 2.0000 
204 205 8 -0.0936 0.2292 -3.7750 -0.2625 0.4361 -4.1474 0.0300 0.4583 238.0000 23.8000 0.0000 7.4584 2.0000 
205 206 8 -0.2625 0.4361 -4.1474 -0.4492 0.6657 -4.5615 0.0300 0.5090 238.0000 23.8000 0.0000 8.9188 2.0000 
206 207 8 -0.4492 0.6657 -4.5615 -0.6491 0.9092 -4.9939 0.0300 0.5351 238.0000 23.8000 0.0000 11.2112 2.0000 
207 208 8 -0.6491 0.9092 -4.9939 -0.6996 0.9683 -5.0989 0.0300 0.1306 238.0000 23.8000 0.0000 12.0000 2.0000 
4 209 9 0.1158 0.0215 -3.5651 0.4736 0.0135 -3.8486 0.0300 0.4565 238.0000 23.8000 0.0000 6.1784 2.0000 
209 210 9 0.4736 0.0135 -3.8486 0.7876 -0.0116 -4.1051 0.0300 0.4062 238.0000 23.8000 0.0000 6.7618 2.0000 
210 211 9 0.7876 -0.0116 -4.1051 1.1210 -0.0092 -4.3854 0.0300 0.4356 238.0000 23.8000 0.0000 7.5494 2.0000 
211 212 9 1.1210 -0.0092 -4.3854 1.4561 -0.0216 -4.6705 0.0300 0.4402 238.0000 23.8000 0.0000 8.6394 2.0000 
212 213 9 1.4561 -0.0216 -4.6705 1.8103 -0.0205 -4.9770 0.0300 0.4684 238.0000 23.8000 0.0000 10.5400 2.0000 
213 214 9 1.8103 -0.0205 -4.9770 1.9586 -0.0227 -5.1149 0.0300 0.2025 238.0000 23.8000 0.0000 12.0000 2.0000 
5 215 10 0.1383 0.0383 -3.7589 0.4725 0.2369 -4.0377 0.0300 0.4784 238.0000 23.8000 0.0000 6.3068 2.0000 
215 216 10 0.4725 0.2369 -4.0377 0.7847 0.4228 -4.2976 0.0300 0.4468 238.0000 23.8000 0.0000 6.9989 2.0000 
216 217 10 0.7847 0.4228 -4.2976 1.0914 0.6030 -4.5436 0.0300 0.4324 238.0000 23.8000 0.0000 7.8438 2.0000 
217 218 10 1.0914 0.6030 -4.5436 1.4831 0.8303 -4.8423 0.0300 0.5425 238.0000 23.8000 0.0000 9.3486 2.0000 
218 219 10 1.4831 0.8303 -4.8423 1.7563 0.9786 -5.0588 0.0300 0.3788 238.0000 23.8000 0.0000 11.0543 2.0000 
219 220 10 1.7563 0.9786 -5.0588 1.8497 1.0357 -5.1451 0.0300 0.1394 238.0000 23.8000 0.0000 12.0000 2.0000 
6 221 11 0.1547 0.0526 -3.9404 0.5280 0.2489 -4.2467 0.0300 0.5214 238.0000 23.8000 0.0000 6.4075 2.0000 
221 222 11 0.5280 0.2489 -4.2467 0.8467 0.4175 -4.5057 0.0300 0.4439 238.0000 23.8000 0.0000 7.0846 2.0000 
222 223 11 0.8467 0.4175 -4.5057 1.2206 0.5681 -4.7997 0.0300 0.4990 238.0000 23.8000 0.0000 8.0581 2.0000 
223 224 11 1.2206 0.5681 -4.7997 1.5983 0.7042 -5.0878 0.0300 0.4941 238.0000 23.8000 0.0000 9.4232 2.0000 
224 225 11 1.5983 0.7042 -5.0878 1.9484 0.8281 -5.3496 0.0300 0.4544 238.0000 23.8000 0.0000 11.5122 2.0000 
225 226 11 1.9484 0.8281 -5.3496 2.0021 0.8479 -5.3916 0.0300 0.0710 238.0000 23.8000 0.0000 12.0000 2.0000 
7 227 12 0.1736 0.0649 -4.1260 -0.1607 0.0278 -4.4856 0.0300 0.4923 238.0000 23.8000 0.0000 6.4605 2.0000 
227 228 12 -0.1607 0.0278 -4.4856 -0.4612 -0.0100 -4.8296 0.0300 0.4584 238.0000 23.8000 0.0000 7.1965 2.0000 
228 229 12 -0.4612 -0.0100 -4.8296 -0.7648 -0.0496 -5.1772 0.0300 0.4632 238.0000 23.8000 0.0000 8.1492 2.0000 
229 230 12 -0.7648 -0.0496 -5.1772 -1.0883 -0.0885 -5.4986 0.0300 0.4577 238.0000 23.8000 0.0000 9.4589 2.0000 
230 231 12 -1.0883 -0.0885 -5.4986 -1.4167 -0.1268 -5.7769 0.0300 0.4321 238.0000 23.8000 0.0000 11.4550 2.0000 
231 232 12 -1.4167 -0.1268 -5.7769 -1.4764 -0.1373 -5.8291 0.0300 0.0801 238.0000 23.8000 0.0000 12.0000 2.0000 
8 233 13 0.1873 0.0762 -4.3274 0.5300 0.1541 -4.6616 0.0300 0.4849 238.0000 23.8000 0.0000 6.4591 2.0000 
233 234 13 0.5300 0.1541 -4.6616 0.8065 0.2166 -5.0032 0.0300 0.4440 238.0000 23.8000 0.0000 7.1104 2.0000 
234 235 13 0.8065 0.2166 -5.0032 1.0471 0.2631 -5.3726 0.0300 0.4433 238.0000 23.8000 0.0000 7.9416 2.0000 
235 236 13 1.0471 0.2631 -5.3726 1.3170 0.2969 -5.7547 0.0300 0.4690 238.0000 23.8000 0.0000 9.1775 2.0000 
236 237 13 1.3170 0.2969 -5.7547 1.5397 0.3034 -6.0907 0.0300 0.4031 238.0000 23.8000 0.0000 10.9051 2.0000 
237 238 13 1.5397 0.3034 -6.0907 1.6301 0.3084 -6.2208 0.0300 0.1584 238.0000 23.8000 0.0000 12.0000 2.0000 
9 239 14 0.2015 0.0882 -4.5216 -0.1487 0.1234 -4.9251 0.0300 0.5354 238.0000 23.8000 0.0000 6.5823 2.0000 
239 240 14 -0.1487 0.1234 -4.9251 -0.4610 0.1503 -5.2781 0.0300 0.4721 238.0000 23.8000 0.0000 7.2757 2.0000 
240 241 14 -0.4610 0.1503 -5.2781 -0.8233 0.1538 -5.6427 0.0300 0.5140 238.0000 23.8000 0.0000 8.2486 2.0000 
241 242 14 -0.8233 0.1538 -5.6427 -1.1369 0.1970 -5.9608 0.0300 0.4488 238.0000 23.8000 0.0000 9.4279 2.0000 
242 243 14 -1.1369 0.1970 -5.9608 -1.4970 0.2489 -6.3260 0.0300 0.5155 238.0000 23.8000 0.0000 11.6910 2.0000 
243 244 14 -1.4970 0.2489 -6.3260 -1.5299 0.2536 -6.3586 0.0300 0.0465 238.0000 23.8000 0.0000 12.0000 2.0000 
10 245 15 0.2154 0.0992 -4.7161 0.5165 0.2958 -5.0271 0.0300 0.4753 238.0000 23.8000 0.0000 6.6228 2.0000 
245 246 15 0.5165 0.2958 -5.0271 0.8283 0.5093 -5.3473 0.0300 0.4953 238.0000 23.8000 0.0000 7.4059 2.0000 
246 247 15 0.8283 0.5093 -5.3473 1.1903 0.7991 -5.7308 0.0300 0.6018 238.0000 23.8000 0.0000 8.6630 2.0000 
247 248 15 1.1903 0.7991 -5.7308 1.5412 1.0457 -6.0168 0.0300 0.5155 238.0000 23.8000 0.0000 10.2538 2.0000 
248 249 15 1.5412 1.0457 -6.0168 1.7737 1.2325 -6.2142 0.0300 0.3576 238.0000 23.8000 0.0000 12.0000 2.0000 
11 250 16 0.2203 0.1158 -4.8987 0.2482 -0.1621 -5.2431 0.0300 0.4435 238.0000 23.8000 0.0000 6.7366 2.0000 
250 251 16 0.2482 -0.1621 -5.2431 0.2739 -0.4477 -5.6423 0.0300 0.4915 238.0000 23.8000 0.0000 7.6465 2.0000 
251 252 16 0.2739 -0.4477 -5.6423 0.2964 -0.7470 -6.0713 0.0300 0.5235 238.0000 23.8000 0.0000 8.9132 2.0000 
252 253 16 0.2964 -0.7470 -6.0713 0.3077 -0.9961 -6.3912 0.0300 0.4057 238.0000 23.8000 0.0000 10.2717 2.0000 
253 254 16 0.3077 -0.9961 -6.3912 0.3393 -1.2120 -6.6688 0.0300 0.3530 238.0000 23.8000 0.0000 12.0000 2.0000 
12 255 17 0.2158 0.1324 -5.0980 -0.1574 0.1196 -5.4711 0.0300 0.5279 238.0000 23.8000 0.0000 6.7818 2.0000 
255 256 17 -0.1574 0.1196 -5.4711 -0.4613 0.1327 -5.9171 0.0300 0.5399 238.0000 23.8000 0.0000 7.6244 2.0000 
256 257 17 -0.4613 0.1327 -5.9171 -0.7277 0.1469 -6.3049 0.0300 0.4707 238.0000 23.8000 0.0000 8.5899 2.0000 
257 258 17 -0.7277 0.1469 -6.3049 -0.9608 0.1567 -6.7396 0.0300 0.4933 238.0000 23.8000 0.0000 10.0445 2.0000 
258 259 17 -0.9608 0.1567 -6.7396 -1.1665 0.1432 -7.0799 0.0300 0.3978 238.0000 23.8000 0.0000 12.0000 2.0000 
13 260 18 0.2069 0.1509 -5.2908 -0.0762 0.0070 -5.6390 0.0300 0.4713 238.0000 23.8000 0.0000 6.8443 2.0000 
260 261 18 -0.0762 0.0070 -5.6390 -0.3850 -0.1883 -5.9891 0.0300 0.5060 238.0000 23.8000 0.0000 7.7075 2.0000 
261 262 18 -0.3850 -0.1883 -5.9891 -0.7008 -0.3774 -6.3436 0.0300 0.5110 238.0000 23.8000 0.0000 8.8431 2.0000 
262 263 18 -0.7008 -0.3774 -6.3436 -1.0159 -0.5428 -6.6589 0.0300 0.4754 238.0000 23.8000 0.0000 10.3377 2.0000 
263 264 18 -1.0159 -0.5428 -6.6589 -1.2435 -0.6671 -6.8910 0.0300 0.3480 238.0000 23.8000 0.0000 12.0000 2.0000 
14 265 19 0.1930 0.1529 -5.4952 -0.2049 0.1286 -5.7984 0.0300 0.5008 238.0000 23.8000 0.0000 6.9513 2.0000 
265 266 19 -0.2049 0.1286 -5.7984 -0.6474 0.0780 -6.1716 0.0300 0.5810 238.0000 23.8000 0.0000 7.9637 2.0000 
266 267 19 -0.6474 0.0780 -6.1716 -1.0126 0.0465 -6.5068 0.0300 0.4967 238.0000 23.8000 0.0000 9.1092 2.0000 
267 268 19 -1.0126 0.0465 -6.5068 -1.3246 0.0500 -6.7968 0.0300 0.4260 238.0000 23.8000 0.0000 10.4686 2.0000 
268 269 19 -1.3246 0.0500 -6.7968 -1.5646 0.0545 -7.0229 0.0300 0.3298 238.0000 23.8000 0.0000 12.0000 2.0000 
15 270 20 0.1812 0.1524 -5.6885 0.2765 0.4341 -6.0107 0.0300 0.4384 238.0000 23.8000 0.0000 6.9409 2.0000 
270 271 20 0.2765 0.4341 -6.0107 0.3806 0.7418 -6.3626 0.0300 0.4789 238.0000 23.8000 0.0000 7.7739 2.0000 
271 272 20 0.3806 0.7418 -6.3626 0.5034 1.0842 -6.7583 0.0300 0.5374 238.0000 23.8000 0.0000 9.0048 2.0000 
272 273 20 0.5034 1.0842 -6.7583 0.6067 1.3916 -7.1236 0.0300 0.4886 238.0000 23.8000 0.0000 10.6460 2.0000 
273 274 20 0.6067 1.3916 -7.1236 0.6586 1.5586 -7.3277 0.0300 0.2687 238.0000 23.8000 0.0000 12.0000 2.0000 
16 275 21 0.1645 0.1633 -5.8815 0.0330 -0.1217 -6.2514 0.0300 0.4851 238.0000 23.8000 0.0000 7.1131 2.0000 
275 276 21 0.0330 -0.1217 -6.2514 -0.0989 -0.3972 -6.6026 0.0300 0.4654 238.0000 23.8000 0.0000 7.9728 2.0000 
276 277 21 -0.0989 -0.3972 -6.6026 -0.2448 -0.6941 -6.9568 0.0300 0.4847 238.0000 23.8000 0.0000 9.1155 2.0000 
277 278 21 -0.2448 -0.6941 -6.9568 -0.4115 -0.9594 -7.2784 0.0300 0.4489 238.0000 23.8000 0.0000 10.5667 2.0000 
278 279 21 -0.4115 -0.9594 -7.2784 -0.5135 -1.1400 -7.5107 0.0300 0.3114 238.0000 23.8000 0.0000 12.0000 2.0000 
17 280 22 0.1347 0.1715 -6.0925 0.4229 0.0703 -6.5266 0.0300 0.5307 238.0000 23.8000 0.0000 7.1253 2.0000 
280 281 22 0.4229 0.0703 -6.5266 0.7094 0.0558 -6.9696 0.0300 0.5278 238.0000 23.8000 0.0000 7.9680 2.0000 
281 282 22 0.7094 0.0558 -6.9696 0.9977 0.0381 -7.4259 0.0300 0.5400 238.0000 23.8000 0.0000 9.1126 2.0000 
282 283 22 0.9977 0.0381 -7.4259 1.3032 0.0720 -7.8567 0.0300 0.5292 238.0000 23.8000 0.0000 10.7846 2.0000 
283 284 22 1.3032 0.0720 -7.8567 1.4521 0.0853 -8.0608 0.0300 0.2530 238.0000 23.8000 0.0000 12.0000 2.0000 
18 285 23 0.1215 0.1747 -6.3064 0.0465 0.4983 -6.6715 0.0300 0.4936 238.0000 23.8000 0.0000 7.3609 2.0000 
285 286 23 0.0465 0.4983 -6.6715 -0.0200 0.7668 -7.0035 0.0300 0.4321 238.0000 23.8000 0.0000 8.2593 2.0000 
286 287 23 -0.0200 0.7668 -7.0035 -0.0723 1.0761 -7.3519 0.0300 0.4688 238.0000 23.8000 0.0000 9.4861 2.0000 
287 288 23 -0.0723 1.0761 -7.3519 -0.1343 1.4095 -7.7210 0.0300 0.5012 238.0000 23.8000 0.0000 11.3076 2.0000 
288 289 23 -0.1343 1.4095 -7.7210 -0.1597 1.5050 -7.8259 0.0300 0.1441 238.0000 23.8000 0.0000 12.0000 2.0000 
19 290 24 0.1117 0.1759 -6.5059 0.0302 0.5240 -6.8620 0.0300 0.5046 238.0000 23.8000 0.0000 7.3404 2.0000 
290 291 24 0.0302 0.5240 -6.8620 -0.0481 0.8304 -7.1386 0.0300 0.4201 238.0000 23.8000 0.0000 8.1128 2.0000 
291 292 24 -0.0481 0.8304 -7.1386 -0.1039 1.1697 -7.4714 0.0300 0.4785 238.0000 23.8000 0.0000 9.2275 2.0000 
292 293 24 -0.1039 1.1697 -7.4714 -0.1784 1.5371 -7.8287 0.0300 0.5178 238.0000 23.8000 0.0000 10.9445 2.0000 
293 294 24 -0.1784 1.5371 -7.8287 -0.2096 1.6949 -7.9834 0.0300 0.2232 238.0000 23.8000 0.0000 12.0000 2.0000 
20 295 25 0.1019 0.1881 -6.7107 0.2317 0.4676 -7.0544 0.0300 0.4617 238.0000 23.8000 0.0000 7.2576 2.0000 
295 296 25 0.2317 0.4676 -7.0544 0.3608 0.7253 -7.4123 0.0300 0.4595 238.0000 23.8000 0.0000 8.0072 2.0000 
296 297 25 0.3608 0.7253 -7.4123 0.4872 1.0023 -7.8149 0.0300 0.5047 238.0000 23.8000 0.0000 9.0841 2.0000 
297 298 25 0.4872 1.0023 -7.8149 0.5953 1.2717 -8.2116 0.0300 0.4915 238.0000 23.8000 0.0000 10.6227 2.0000 
298 299 25 0.5953 1.2717 -8.2116 0.6620 1.4218 -8.4446 0.0300 0.2851 238.0000 23.8000 0.0000 12.0000 2.0000 
21 300 26 0.0992 0.2015 -6.9080 -0.1341 -0.0275 -7.2753 0.0300 0.4917 238.0000 23.8000 0.0000 7.2466 2.0000 
300 301 26 -0.1341 -0.0275 -7.2753 -0.3746 -0.2664 -7.7582 0.0300 0.5900 238.0000 23.8000 0.0000 8.0561 2.0000 
301 302 26 -0.3746 -0.2664 -7.7582 -0.5676 -0.4616 -8.1380 0.0300 0.4686 238.0000 23.8000 0.0000 8.8994 2.0000 
302 303 26 -0.5676 -0.4616 -8.1380 -0.7105 -0.6302 -8.4879 0.0300 0.4139 238.0000 23.8000 0.0000 9.9080 2.0000 
303 304 26 -0.7105 -0.6302 -8.4879 -0.8728 -0.8523 -8.9114 0.0300 0.5050 238.0000 23.8000 0.0000 11.8948 2.0000 
304 305 26 -0.8728 -0.8523 -8.9114 -0.8786 -0.8604 -8.9271 0.0300 0.0186 238.0000 23.8000 0.0000 12.0000 2.0000 
22 306 27 0.0979 0.2114 -7.1026 -0.0318 -0.1013 -7.4654 0.0300 0.4962 238.0000 23.8000 0.0000 7.3968 2.0000 
306 307 27 -0.0318 -0.1013 -7.4654 -0.1560 -0.3937 -7.8013 0.0300 0.4623 238.0000 23.8000 0.0000 8.1131 2.0000 
307 308 27 -0.1560 -0.3937 -7.8013 -0.2938 -0.7093 -8.1511 0.0300 0.4909 238.0000 23.8000 0.0000 9.0921 2.0000 
308 309 27 -0.2938 -0.7093 -8.1511 -0.4360 -0.9970 -8.4624 0.0300 0.4471 238.0000 23.8000 0.0000 10.3328 2.0000 
309 310 27 -0.4360 -0.9970 -8.4624 -0.5509 -1.2281 -8.7554 0.0300 0.3904 238.0000 23.8000 0.0000 12.0000 2.0000 
23 311 28 0.0932 0.2225 -7.3032 -0.1981 0.4829 -7.6601 0.0300 0.5292 238.0000 23.8000 0.0000 7.7466 2.0000 
311 312 28 -0.1981 0.4829 -7.6601 -0.4543 0.7109 -7.9609 0.0300 0.4562 238.0000 23.8000 0.0000 8.6929 2.0000 
312 313 28 -0.4543 0.7109 -7.9609 -0.7394 0.9595 -8.2950 0.0300 0.5047 238.0000 23.8000 0.0000 9.9974 2.0000 
313 314 28 -0.7394 0.9595 -8.2950 -1.0656 1.2136 -8.6663 0.0300 0.5557 238.0000 23.8000 0.0000 11.9743 2.0000 
314 315 28 -1.0656 1.2136 -8.6663 -1.0691 1.2163 -8.6702 0.0300 0.0059 238.0000 23.8000 0.0000 12.0000 2.0000 
24 316 29 0.0911 0.2354 -7.5017 0.4254 0.1154 -7.9098 0.0300 0.5410 238.0000 23.8000 0.0000 7.6754 2.0000 
316 317 29 0.4254 0.1154 -7.9098 0.7055 -0.0253 -8.2501 0.0300 0.4627 238.0000 23.8000 0.0000 8.5084 2.0000 
317 318 29 0.7055 -0.0253 -8.2501 1.0238 -0.1746 -8.6443 0.0300 0.5282 238.0000 23.8000 0.0000 9.7782 2.0000 
318 319 29 1.0238 -0.1746 -8.6443 1.2891 -0.2800 -8.9172 0.0300 0.3950 238.0000 23.8000 0.0000 11.1465 2.0000 
319 320 29 1.2891 -0.2800 -8.9172 1.4103 -0.3280 -9.0418 0.0300 0.1803 238.0000 23.8000 0.0000 12.0000 2.0000 
25 321 30 0.0907 0.2484 -7.7063 -0.0035 0.6213 -8.0572 0.0300 0.5206 238.0000 23.8000 0.0000 7.7624 2.0000 
321 322 30 -0.0035 0.6213 -8.0572 -0.0715 1.0038 -8.4198 0.0300 0.5314 238.0000 23.8000 0.0000 8.7837 2.0000 
322 323 30 -0.0715 1.0038 -8.4198 -0.1670 1.3163 -8.7393 0.0300 0.4570 238.0000 23.8000 0.0000 9.9308 2.0000 
323 324 30 -0.1670 1.3163 -8.7393 -0.2683 1.6437 -9.0737 0.0300 0.4788 238.0000 23.8000 0.0000 11.6316 2.0000 
324 325 30 -0.2683 1.6437 -9.0737 -0.2855 1.6987 -9.1288 0.0300 0.0798 238.0000 23.8000 0.0000 12.0000 2.0000 
26 326 31 0.0911 0.2686 -7.9055 0.0208 0.0277 -8.2575 0.0300 0.4323 238.0000 23.8000 0.0000 7.5514 2.0000 
326 327 31 0.0208 0.0277 -8.2575 -0.0432 -0.2240 -8.5894 0.0300 0.4214 238.0000 23.8000 0.0000 8.1680 2.0000 
327 328 31 -0.0432 -0.2240 -8.5894 -0.0977 -0.4773 -8.9350 0.0300 0.4319 238.0000 23.8000 0.0000 8.9646 2.0000 
328 329 31 -0.0977 -0.4773 -8.9350 -0.1626 -0.7788 -9.3436 0.0300 0.5119 238.0000 23.8000 0.0000 10.2978 2.0000 
329 330 31 -0.1626 -0.7788 -9.3436 -0.1811 -0.9946 -9.6783 0.0300 0.3987 238.0000 23.8000 0.0000 12.0000 2.0000 
27 331 32 0.0862 0.2921 -8.0981 0.4438 0.3409 -8.4588 0.0300 0.5103 238.0000 23.8000 0.0000 7.7207 2.0000 
331 332 32 0.4438 0.3409 -8.4588 0.7290 0.4265 -8.8233 0.0300 0.4707 238.0000 23.8000 0.0000 8.4386 2.0000 
332 333 32 0.7290 0.4265 -8.8233 1.0187 0.5218 -9.1965 0.0300 0.4819 238.0000 23.8000 0.0000 9.3902 2.0000 
333 334 32 1.0187 0.5218 -9.1965 1.3315 0.6141 -9.5758 0.0300 0.5002 238.0000 23.8000 0.0000 10.8130 2.0000 
334 335 32 1.3315 0.6141 -9.5758 1.4981 0.6531 -9.7940 0.0300 0.2773 238.0000 23.8000 0.0000 12.0000 2.0000 
28 336 33 0.0805 0.3139 -8.2827 0.0429 0.0011 -8.6859 0.0300 0.5117 238.0000 23.8000 0.0000 7.8896 2.0000 
336 337 33 0.0429 0.0011 -8.6859 0.0526 -0.3300 -9.0948 0.0300 0.5262 238.0000 23.8000 0.0000 8.8273 2.0000 
337 338 33 0.0526 -0.3300 -9.0948 0.0301 -0.6179 -9.5078 0.0300 0.5039 238.0000 23.8000 0.0000 9.9932 2.0000 
338 339 33 0.0301 -0.6179 -9.5078 -0.0000 -0.8853 -9.9912 0.0300 0.5533 238.0000 23.8000 0.0000 11.8498 2.0000 
339 340 33 -0.0000 -0.8853 -9.9912 -0.0016 -0.9015 -10.0217 0.0300 0.0345 238.0000 23.8000 0.0000 12.0000 2.0000 
29 341 34 0.0733 0.3517 -8.4896 -0.1825 0.2061 -8.8509 0.0300 0.4660 238.0000 23.8000 0.0000 7.7047 2.0000 
341 342 34 -0.1825 0.2061 -8.8509 -0.4081 0.0764 -9.1692 0.0300 0.4111 238.0000 23.8000 0.0000 8.2277 2.0000 
342 343 34 -0.4081 0.0764 -9.1692 -0.6376 -0.0814 -9.5228 0.0300 0.4501 238.0000 23.8000 0.0000 8.9562 2.0000 
343 344 34 -0.6376 -0.0814 -9.5228 -0.8382 -0.2266 -9.8253 0.0300 0.3909 238.0000 23.8000 0.0000 9.8159 2.0000 
344 345 34 -0.8382 -0.2266 -9.8253 -1.0888 -0.3766 -10.2138 0.0300 0.4861 238.0000 23.8000 0.0000 11.5621 2.0000 
345 346 34 -1.0888 -0.3766 -10.2138 -1.1292 -0.4004 -10.2767 0.0300 0.0784 238.0000 23.8000 0.0000 12.0000 2.0000 
30 347 35 0.0690 0.3750 -8.6901 0.1020 0.7259 -9.0141 0.0300 0.4787 238.0000 23.8000 0.0000 7.9562 2.0000 
347 348 35 0.1020 0.7259 -9.0141 0.1225 1.0731 -9.3276 0.0300 0.4683 238.0000 23.8000 0.0000 8.7653 2.0000 
348 349 35 0.1225 1.0731 -9.3276 0.1446 1.4170 -9.6299 0.0300 0.4584 238.0000 23.8000 0.0000 9.7850 2.0000 
349 350 35 0.1446 1.4170 -9.6299 0.1715 1.7946 -9.9237 0.0300 0.4792 238.0000 23.8000 0.0000 11.2929 2.0000 
350 351 35 0.1715 1.7946 -9.9237 0.1828 1.9216 -10.0273 0.0300 0.1643 238.0000 23.8000 0.0000 12.0000 2.0000 
31 352 36 0.0632 0.4025 -8.8966 0.3534 0.2512 -9.2870 0.0300 0.5094 238.0000 23.8000 0.0000 7.8918 2.0000 
352 353 36 0.3534 0.2512 -9.2870 0.6802 0.0698 -9.6664 0.0300 0.5326 238.0000 23.8000 0.0000 8.5971 2.0000 
353 354 36 0.6802 0.0698 -9.6664 0.9358 -0.0776 -9.9853 0.0300 0.4345 238.0000 23.8000 0.0000 9.3399 2.0000 
354 355 36 0.9358 -0.0776 -9.9853 1.1916 -0.2256 -10.3047 0.0300 0.4351 238.0000 23.8000 0.0000 10.3516 2.0000 
355 356 36 1.1916 -0.2256 -10.3047 1.4531 -0.3744 -10.6354 0.0300 0.4471 238.0000 23.8000 0.0000 12.0000 2.0000 
32 357 37 0.0629 0.4278 -9.0893 -0.2655 0.3766 -9.5046 0.0300 0.5319 238.0000 23.8000 0.0000 8.1676 2.0000 
357 358 37 -0.2655 0.3766 -9.5046 -0.5844 0.3017 -9.8867 0.0300 0.5033 238.0000 23.8000 0.0000 9.0632 2.0000 
358 359 37 -0.5844 0.3017 -9.8867 -0.8916 0.2570 -10.2510 0.0300 0.4786 238.0000 23.8000 0.0000 10.1858 2.0000 
359 360 37 -0.8916 0.2570 -10.2510 -1.2210 0.2812 -10.5804 0.0300 0.4665 238.0000 23.8000 0.0000 11.7669 2.0000 
360 361 37 -1.2210 0.2812 -10.5804 -1.2590 0.2842 -10.6175 0.0300 0.0532 238.0000 23.8000 0.0000 12.0000 2.0000 
33 362 38 0.0625 0.4539 -9.2822 0.4219 0.3779 -9.6817 0.0300 0.5427 238.0000 23.8000 0.0000 8.2968 2.0000 
362 363 38 0.4219 0.3779 -9.6817 0.6947 0.3245 -10.0486 0.0300 0.4604 238.0000 23.8000 0.0000 9.1583 2.0000 
363 364 38 0.6947 0.3245 -10.0486 0.9437 0.2783 -10.4109 0.0300 0.4421 238.0000 23.8000 0.0000 10.2117 2.0000 
364 365 38 0.9437 0.2783 -10.4109 1.2247 0.2251 -10.8233 0.0300 0.5019 238.0000 23.8000 0.0000 11.8953 2.0000 
365 366 38 1.2247 0.2251 -10.8233 1.2387 0.2224 -10.8434 0.0300 0.0247 238.0000 23.8000 0.0000 12.0000 2.0000 
34 367 39 0.0625 0.4809 -9.4741 -0.1747 0.8166 -9.7747 0.0300 0.5092 238.0000 23.8000 0.0000 8.2378 2.0000 
367 368 39 -0.1747 0.8166 -9.7747 -0.4284 1.1212 -10.0445 0.0300 0.4796 238.0000 23.8000 0.0000 9.0571 2.0000 
368 369 39 -0.4284 1.1212 -10.0445 -0.6773 1.4043 -10.3118 0.0300 0.4621 238.0000 23.8000 0.0000 10.0867 2.0000 
369 370 39 -0.6773 1.4043 -10.3118 -0.9080 1.7062 -10.6139 0.0300 0.4853 238.0000 23.8000 0.0000 11.6522 2.0000 
370 371 39 -0.9080 1.7062 -10.6139 -0.9475 1.7567 -10.6636 0.0300 0.0811 238.0000 23.8000 0.0000 12.0000 2.0000 
35 372 40 0.0632 0.5021 -9.6553 -0.1812 0.6421 -9.9012 0.0300 0.3740 238.0000 23.8000 0.0000 8.2465 2.0000 
372 373 40 -0.1812 0.6421 -9.9012 -0.5199 0.8374 -10.2484 0.0300 0.5228 238.0000 23.8000 0.0000 9.3339 2.0000 
373 374 40 -0.5199 0.8374 -10.2484 -0.8490 0.9865 -10.5558 0.0300 0.4745 238.0000 23.8000 0.0000 10.5978 2.0000 
374 375 40 -0.8490 0.9865 -10.5558 -1.1203 1.1128 -10.8175 0.0300 0.3975 238.0000 23.8000 0.0000 12.0000 2.0000 
36 376 41 0.0662 0.5258 -9.8574 0.3605 0.4123 -10.2619 0.0300 0.5129 238.0000 23.8000 0.0000 8.3404 2.0000 
376 377 41 0.3605 0.4123 -10.2619 0.6624 0.2917 -10.6813 0.0300 0.5307 238.0000 23.8000 0.0000 9.2046 2.0000 
377 378 41 0.6624 0.2917 -10.6813 0.9294 0.1852 -11.0636 0.0300 0.4782 238.0000 23.8000 0.0000 10.2111 2.0000 
378 379 41 0.9294 0.1852 -11.0636 1.1879 0.0781 -11.4315 0.0300 0.4622 238.0000 23.8000 0.0000 11.5516 2.0000 
379 380 41 1.1879 0.0781 -11.4315 1.2567 0.0491 -11.5258 0.0300 0.1203 238.0000 23.8000 0.0000 12.0000 2.0000 
37 381 42 0.0688 0.5474 -10.0411 0.2556 0.2893 -10.4169 0.0300 0.4927 238.0000 23.8000 0.0000 8.3089 2.0000 
381 382 42 0.2556 0.2893 -10.4169 0.4456 0.0372 -10.7877 0.0300 0.4869 238.0000 23.8000 0.0000 9.0093 2.0000 
382 383 42 0.4456 0.0372 -10.7877 0.7216 -0.3213 -11.1403 0.0300 0.5736 238.0000 23.8000 0.0000 10.0834 2.0000 
383 384 42 0.7216 -0.3213 -11.1403 0.9869 -0.6434 -11.5234 0.0300 0.5665 238.0000 23.8000 0.0000 11.6529 2.0000 
384 385 42 0.9869 -0.6434 -11.5234 1.0307 -0.6965 -11.5862 0.0300 0.0931 238.0000 23.8000 0.0000 12.0000 2.0000 
38 386 43 0.0676 0.5706 -10.2269 0.1069 0.9220 -10.5808 0.0300 0.5003 238.0000 23.8000 0.0000 8.5470 2.0000 
386 387 43 0.1069 0.9220 -10.5808 0.1114 1.2494 -10.8981 0.0300 0.4559 238.0000 23.8000 0.0000 9.3931 2.0000 
387 388 43 0.1114 1.2494 -10.8981 0.1444 1.6380 -11.2129 0.0300 0.5013 238.0000 23.8000 0.0000 10.5863 2.0000 
388 389 43 0.1444 1.6380 -11.2129 0.1292 1.9809 -11.4744 0.0300 0.4315 238.0000 23.8000 0.0000 12.0000 2.0000 
39 390 44 0.0521 0.5701 -10.4447 -0.2748 0.4672 -10.7922 0.0300 0.4880 238.0000 23.8000 0.0000 8.4303 2.0000 
390 391 44 -0.2748 0.4672 -10.7922 -0.5862 0.3616 -11.1099 0.0300 0.4573 238.0000 23.8000 0.0000 9.0846 2.0000 
391 392 44 -0.5862 0.3616 -11.1099 -0.9478 0.2840 -11.4270 0.0300 0.4872 238.0000 23.8000 0.0000 9.9758 2.0000 
392 393 44 -0.9478 0.2840 -11.4270 -1.3237 0.2164 -11.7655 0.0300 0.5103 238.0000 23.8000 0.0000 11.3010 2.0000 
393 394 44 -1.3237 0.2164 -11.7655 -1.4655 0.1869 -11.8940 0.0300 0.1937 238.0000 23.8000 0.0000 12.0000 2.0000 
40 395 45 0.0272 0.5706 -10.6425 0.2187 0.3202 -11.0188 0.0300 0.4909 238.0000 23.8000 0.0000 8.5045 2.0000 
395 396 45 0.2187 0.3202 -11.0188 0.3890 0.0999 -11.3563 0.0300 0.4375 238.0000 23.8000 0.0000 9.1331 2.0000 
396 397 45 0.3890 0.0999 -11.3563 0.6122 -0.1233 -11.7233 0.0300 0.4841 238.0000 23.8000 0.0000 10.0128 2.0000 
397 398 45 0.6122 -0.1233 -11.7233 0.8491 -0.3849 -12.1160 0.0300 0.5280 238.0000 23.8000 0.0000 11.3696 2.0000 
398 399 45 0.8491 -0.3849 -12.1160 0.9352 -0.4782 -12.2416 0.0300 0.1786 238.0000 23.8000 0.0000 12.0000 2.0000 
41 400 46 0.0054 0.5674 -10.8553 -0.2988 0.3223 -11.1723 0.0300 0.5031 238.0000 23.8000 0.0000 8.6682 2.0000 
400 401 46 -0.2988 0.3223 -11.1723 -0.5539 0.1051 -11.4238 0.0300 0.4189 238.0000 23.8000 0.0000 9.3535 2.0000 
401 402 46 -0.5539 0.1051 -11.4238 -0.8155 -0.1375 -11.6998 0.0300 0.4511 238.0000 23.8000 0.0000 10.2819 2.0000 
402 403 46 -0.8155 -0.1375 -11.6998 -1.0400 -0.4195 -12.0241 0.0300 0.4849 238.0000 23.8000 0.0000 11.6664 2.0000 
403 404 46 -1.0400 -0.4195 -12.0241 -1.0828 -0.4729 -12.0839 0.0300 0.0908 238.0000 23.8000 0.0000 12.0000 2.0000 
42 405 47 -0.0129 0.5607 -11.0368 -0.1174 0.1740 -11.3696 0.0300 0.5208 238.0000 23.8000 0.0000 8.6781 2.0000 
405 406 47 -0.1174 0.1740 -11.3696 -0.1896 -0.1390 -11.6337 0.0300 0.4159 238.0000 23.8000 0.0000 9.2967 2.0000 
406 407 47 -0.1896 -0.1390 -11.6337 -0.2692 -0.4852 -11.9253 0.0300 0.4595 238.0000 23.8000 0.0000 10.1757 2.0000 
407 408 47 -0.2692 -0.4852 -11.9253 -0.3108 -0.7706 -12.2319 0.0300 0.4210 238.0000 23.8000 0.0000 11.3037 2.0000 
408 409 47 -0.3108 -0.7706 -12.2319 -0.3270 -0.8998 -12.3705 0.0300 0.1902 238.0000 23.8000 0.0000 12.0000 2.0000 
43 410 48 -0.0301 0.5539 -11.2473 0.2624 0.5795 -11.6747 0.0300 0.5185 238.0000 23.8000 0.0000 8.7502 2.0000 
410 411 48 0.2624 0.5795 -11.6747 0.5436 0.5699 -12.0728 0.0300 0.4875 238.0000 23.8000 0.0000 9.4833 2.0000 
411 412 48 0.5436 0.5699 -12.0728 0.8477 0.5591 -12.4283 0.0300 0.4680 238.0000 23.8000 0.0000 10.3917 2.0000 
412 413 48 0.8477 0.5591 -12.4283 1.1149 0.5584 -12.7490 0.0300 0.4174 238.0000 23.8000 0.0000 11.5003 2.0000 
413 414 48 1.1149 0.5584 -12.7490 1.2057 0.5634 -12.8629 0.0300 0.1458 238.0000 23.8000 0.0000 12.0000 2.0000 
44 415 49 -0.0484 0.5463 -11.4489 -0.4125 0.6069 -11.7530 0.0300 0.4782 238.0000 23.8000 0.0000 8.9190 2.0000 
415 416 49 -0.4125 0.6069 -11.7530 -0.7502 0.6670 -12.0478 0.0300 0.4522 238.0000 23.8000 0.0000 9.7564 2.0000 
416 417 49 -0.7502 0.6670 -12.0478 -1.1050 0.7016 -12.3537 0.0300 0.4698 238.0000 23.8000 0.0000 10.8538 2.0000 
417 418 49 -1.1050 0.7016 -12.3537 -1.3904 0.7524 -12.5906 0.0300 0.3743 238.0000 23.8000 0.0000 12.0000 2.0000 
45 419 50 -0.0778 0.5227 -11.6635 -0.1971 0.1912 -11.9335 0.0300 0.4439 238.0000 23.8000 0.0000 8.9255 2.0000 
419 420 50 -0.1971 0.1912 -11.9335 -0.3345 -0.2033 -12.2055 0.0300 0.4985 238.0000 23.8000 0.0000 9.8445 2.0000 
420 421 50 -0.3345 -0.2033 -12.2055 -0.4305 -0.5585 -12.4695 0.0300 0.4528 238.0000 23.8000 0.0000 10.9226 2.0000 
421 422 50 -0.4305 -0.5585 -12.4695 -0.4689 -0.8434 -12.6567 0.0300 0.3431 238.0000 23.8000 0.0000 12.0000 2.0000 
46 423 51 -0.1031 0.4933 -11.8454 -0.1391 0.8121 -12.3004 0.0300 0.5568 238.0000 23.8000 0.0000 8.9447 2.0000 
423 424 51 -0.1391 0.8121 -12.3004 -0.1749 1.0664 -12.6598 0.0300 0.4417 238.0000 23.8000 0.0000 9.5518 2.0000 
424 425 51 -0.1749 1.0664 -12.6598 -0.2318 1.3189 -13.0391 0.0300 0.4592 238.0000 23.8000 0.0000 10.3429 2.0000 
425 426 51 -0.2318 1.3189 -13.0391 -0.2895 1.5784 -13.4238 0.0300 0.4676 238.0000 23.8000 0.0000 11.4336 2.0000 
426 427 51 -0.2895 1.5784 -13.4238 -0.3099 1.6831 -13.5748 0.0300 0.1848 238.0000 23.8000 0.0000 12.0000 2.0000 
47 428 52 -0.1435 0.4688 -12.0520 0.0894 0.6126 -12.4822 0.0300 0.5099 238.0000 23.8000 0.0000 9.1540 2.0000 
428 429 52 0.0894 0.6126 -12.4822 0.2721 0.7167 -12.8284 0.0300 0.4050 238.0000 23.8000 0.0000 9.8908 2.0000 
429 430 52 0.2721 0.7167 -12.8284 0.5371 0.8835 -13.2897 0.0300 0.5575 238.0000 23.8000 0.0000 11.2025 2.0000 
430 431 52 0.5371 0.8835 -13.2897 0.6619 0.9589 -13.5030 0.0300 0.2584 238.0000 23.8000 0.0000 12.0000 2.0000 
48 432 53 -0.1701 0.4480 -12.2454 -0.3643 0.1494 -12.4880 0.0300 0.4310 238.0000 23.8000 0.0000 9.0236 2.0000 
432 433 53 -0.3643 0.1494 -12.4880 -0.5558 -0.2024 -12.7574 0.0300 0.4827 238.0000 23.8000 0.0000 9.8124 2.0000 
433 434 53 -0.5558 -0.2024 -12.7574 -0.6806 -0.4778 -13.0055 0.0300 0.3910 238.0000 23.8000 0.0000 10.6316 2.0000 
434 435 53 -0.6806 -0.4778 -13.0055 -0.8133 -0.7710 -13.2708 0.0300 0.4171 238.0000 23.8000 0.0000 11.8203 2.0000 
435 436 53 -0.8133 -0.7710 -13.2708 -0.8295 -0.8067 -13.3030 0.0300 0.0508 238.0000 23.8000 0.0000 12.0000 2.0000 
49 437 54 -0.1947 0.4355 -12.4667 0.1165 0.6011 -12.9290 0.0300 0.5813 238.0000 23.8000 0.0000 9.2680 2.0000 
437 438 54 0.1165 0.6011 -12.9290 0.3508 0.7517 -13.3008 0.0300 0.4646 238.0000 23.8000 0.0000 10.0097 2.0000 
438 439 54 0.3508 0.7517 -13.3008 0.5901 0.8786 -13.7308 0.0300 0.5083 238.0000 23.8000 0.0000 11.0720 2.0000 
439 440 54 0.5901 0.8786 -13.7308 0.7462 0.9487 -14.0116 0.0300 0.3288 238.0000 23.8000 0.0000 12.0000 2.0000 
50 441 55 -0.2168 0.4239 -12.6702 -0.3606 0.7150 -13.0215 0.0300 0.4783 238.0000 23.8000 0.0000 9.3226 2.0000 
441 442 55 -0.3606 0.7150 -13.0215 -0.4639 1.0192 -13.3146 0.0300 0.4349 238.0000 23.8000 0.0000 10.1255 2.0000 
442 443 55 -0.4639 1.0192 -13.3146 -0.5739 1.3419 -13.6301 0.0300 0.4645 238.0000 23.8000 0.0000 11.2089 2.0000 
443 444 55 -0.5739 1.3419 -13.6301 -0.6430 1.5247 -13.8135 0.0300 0.2681 238.0000 23.8000 0.0000 12.0000 2.0000 
51 445 56 -0.2519 0.4109 -12.8666 -0.4063 0.0390 -13.1995 0.0300 0.5225 238.0000 23.8000 0.0000 9.2667 2.0000 
445 446 56 -0.4063 0.0390 -13.1995 -0.5573 -0.3175 -13.5217 0.0300 0.5036 238.0000 23.8000 0.0000 9.9847 2.0000 
446 447 56 -0.5573 -0.3175 -13.5217 -0.7151 -0.6547 -13.8231 0.0300 0.4790 238.0000 23.8000 0.0000 10.8558 2.0000 
447 448 56 -0.7151 -0.6547 -13.8231 -0.8707 -0.9840 -14.1083 0.0300 0.4626 238.0000 23.8000 0.0000 12.0000 2.0000 
52 449 57 -0.2873 0.3887 -13.0671 -0.2241 -0.0058 -13.4484 0.0300 0.5523 238.0000 23.8000 0.0000 9.5574 2.0000 
449 450 57 -0.2241 -0.0058 -13.4484 -0.1223 -0.3126 -13.6977 0.0300 0.4083 238.0000 23.8000 0.0000 10.3127 2.0000 
450 451 57 -0.1223 -0.3126 -13.6977 -0.0155 -0.6602 -13.9698 0.0300 0.4541 238.0000 23.8000 0.0000 11.3751 2.0000 
451 452 57 -0.0155 -0.6602 -13.9698 0.0411 -0.8199 -14.1005 0.0300 0.2140 238.0000 23.8000 0.0000 12.0000 2.0000 
53 453 58 -0.3247 0.3631 -13.2608 -0.6566 0.3594 -13.5396 0.0300 0.4335 238.0000 23.8000 0.0000 9.3086 2.0000 
453 454 58 -0.6566 0.3594 -13.5396 -1.0840 0.4146 -13.8512 0.0300 0.5318 238.0000 23.8000 0.0000 10.0893 2.0000 
454 455 58 -1.0840 0.4146 -13.8512 -1.3899 0.4419 -14.0919 0.0300 0.3902 238.0000 23.8000 0.0000 10.8212 2.0000 
455 456 58 -1.3899 0.4419 -14.0919 -1.7323 0.4581 -14.3761 0.0300 0.4453 238.0000 23.8000 0.0000 11.9455 2.0000 
456 457 58 -1.7323 0.4581 -14.3761 -1.7459 0.4586 -14.3875 0.0300 0.0177 238.0000 23.8000 0.0000 12.0000 2.0000 
54 458 59 -0.3523 0.3397 -13.4351 -0.0751 0.3735 -13.8561 0.0300 0.5052 238.0000 23.8000 0.0000 9.7868 2.0000 
458 459 59 -0.0751 0.3735 -13.8561 0.1502 0.3739 -14.2360 0.0300 0.4417 238.0000 23.8000 0.0000 10.7870 2.0000 
459 460 59 0.1502 0.3739 -14.2360 0.3678 0.3848 -14.6022 0.0300 0.4261 238.0000 23.8000 0.0000 12.0000 2.0000 
55 461 60 -0.3847 0.3117 -13.6325 -0.7305 0.2372 -13.8840 0.0300 0.4340 238.0000 23.8000 0.0000 9.5599 2.0000 
461 462 60 -0.7305 0.2372 -13.8840 -1.1273 0.1575 -14.1679 0.0300 0.4944 238.0000 23.8000 0.0000 10.4587 2.0000 
462 463 60 -1.1273 0.1575 -14.1679 -1.4816 0.0863 -14.4220 0.0300 0.4418 238.0000 23.8000 0.0000 11.4999 2.0000 
463 464 60 -1.4816 0.0863 -14.4220 -1.6196 0.0593 -14.5213 0.0300 0.1721 238.0000 23.8000 0.0000 12.0000 2.0000 
56 465 61 -0.4188 0.3040 -13.8224 -0.7019 0.4798 -14.0852 0.0300 0.4244 238.0000 23.8000 0.0000 9.5404 2.0000 
465 466 61 -0.7019 0.4798 -14.0852 -1.0236 0.6776 -14.3868 0.0300 0.4833 238.0000 23.8000 0.0000 10.3105 2.0000 
466 467 61 -1.0236 0.6776 -14.3868 -1.3240 0.8964 -14.6720 0.0300 0.4684 238.0000 23.8000 0.0000 11.2663 2.0000 
467 468 61 -1.3240 0.8964 -14.6720 -1.4997 1.0167 -14.8563 0.0300 0.2816 238.0000 23.8000 0.0000 12.0000 2.0000 
57 469 62 -0.4431 0.2992 -14.0084 -0.4690 -0.0407 -14.3496 0.0300 0.4823 238.0000 23.8000 0.0000 9.6630 2.0000 
469 470 62 -0.4690 -0.0407 -14.3496 -0.5336 -0.4026 -14.6646 0.0300 0.4842 238.0000 23.8000 0.0000 10.4253 2.0000 
470 471 62 -0.5336 -0.4026 -14.6646 -0.6352 -0.7591 -14.9453 0.0300 0.4650 238.0000 23.8000 0.0000 11.3657 2.0000 
471 472 62 -0.6352 -0.7591 -14.9453 -0.6832 -0.9464 -15.1008 0.0300 0.2481 238.0000 23.8000 0.0000 12.0000 2.0000 
58 473 63 -0.4709 0.2983 -14.2073 -0.3658 0.0268 -14.5300 0.0300 0.4347 238.0000 23.8000 0.0000 9.6019 2.0000 
473 474 63 -0.3658 0.0268 -14.5300 -0.2709 -0.2487 -14.8744 0.0300 0.4511 238.0000 23.8000 0.0000 10.2195 2.0000 
474 475 63 -0.2709 -0.2487 -14.8744 -0.1408 -0.5846 -15.2497 0.0300 0.5202 238.0000 23.8000 0.0000 11.1469 2.0000 
475 476 63 -0.1408 -0.5846 -15.2497 -0.0337 -0.8280 -15.4802 0.0300 0.3519 238.0000 23.8000 0.0000 12.0000 2.0000 
59 477 64 -0.4998 0.2973 -14.4107 -0.8621 0.2164 -14.6870 0.0300 0.4628 238.0000 23.8000 0.0000 9.8200 2.0000 
477 478 64 -0.8621 0.2164 -14.6870 -1.2779 0.1609 -15.0246 0.0300 0.5385 238.0000 23.8000 0.0000 10.7460 2.0000 
478 479 64 -1.2779 0.1609 -15.0246 -1.6362 0.0803 -15.3083 0.0300 0.4640 238.0000 23.8000 0.0000 11.7932 2.0000 
479 480 64 -1.6362 0.0803 -15.3083 -1.6968 0.0637 -15.3525 0.0300 0.0768 238.0000 23.8000 0.0000 12.0000 2.0000 
60 481 65 -0.5263 0.2855 -14.6035 -0.8318 0.3503 -14.8985 0.0300 0.4296 238.0000 23.8000 0.0000 9.7443 2.0000 
481 482 65 -0.8318 0.3503 -14.8985 -1.1760 0.4064 -15.1771 0.0300 0.4464 238.0000 23.8000 0.0000 10.3710 2.0000 
482 483 65 -1.1760 0.4064 -15.1771 -1.5402 0.4641 -15.4883 0.0300 0.4825 238.0000 23.8000 0.0000 11.2353 2.0000 
483 484 65 -1.5402 0.4641 -15.4883 -1.7888 0.5079 -15.6954 0.0300 0.3264 238.0000 23.8000 0.0000 12.0000 2.0000 
61 485 66 -0.5592 0.2808 -14.7986 -0.3970 0.4786 -15.1562 0.0300 0.4396 238.0000 23.8000 0.0000 9.9256 2.0000 
485 486 66 -0.3970 0.4786 -15.1562 -0.2254 0.6849 -15.5531 0.0300 0.4791 238.0000 23.8000 0.0000 10.7262 2.0000 
486 487 66 -0.2254 0.6849 -15.5531 0.0094 0.9338 -16.0309 0.0300 0.5877 238.0000 23.8000 0.0000 11.9908 2.0000 
487 488 66 0.0094 0.9338 -16.0309 0.0109 0.9354 -16.0339 0.0300 0.0036 238.0000 23.8000 0.0000 12.0000 2.0000 
62 489 67 -0.5910 0.2860 -15.0025 -0.6413 0.6425 -15.3451 0.0300 0.4971 238.0000 23.8000 0.0000 9.9901 2.0000 
489 490 67 -0.6413 0.6425 -15.3451 -0.6745 0.9344 -15.6876 0.0300 0.4512 238.0000 23.8000 0.0000 10.6734 2.0000 
490 491 67 -0.6745 0.9344 -15.6876 -0.7078 1.2003 -15.9953 0.0300 0.4081 238.0000 23.8000 0.0000 11.4529 2.0000 
491 492 67 -0.7078 1.2003 -15.9953 -0.7266 1.3579 -16.1640 0.0300 0.2316 238.0000 23.8000 0.0000 12.0000 2.0000 
63 493 68 -0.6147 0.3073 -15.1978 -0.3092 0.2951 -15.5852 0.0300 0.4935 238.0000 23.8000 0.0000 10.1094 2.0000 
493 494 68 -0.3092 0.2951 -15.5852 -0.0055 0.2639 -15.9945 0.0300 0.5106 238.0000 23.8000 0.0000 10.9707 2.0000 
494 495 68 -0.0055 0.2639 -15.9945 0.2898 0.2827 -16.3510 0.0300 0.4632 238.0000 23.8000 0.0000 12.0000 2.0000 
64 496 69 -0.6398 0.3229 -15.3983 -0.9781 0.1426 -15.7452 0.0300 0.5170 238.0000 23.8000 0.0000 10.2680 2.0000 
496 497 69 -0.9781 0.1426 -15.7452 -1.2941 -0.0142 -16.0635 0.0300 0.4751 238.0000 23.8000 0.0000 11.1153 2.0000 
497 498 69 -1.2941 -0.0142 -16.0635 -1.5613 -0.1618 -16.3238 0.0300 0.4012 238.0000 23.8000 0.0000 12.0000 2.0000 
65 499 70 -0.6679 0.3381 -15.6095 -0.5972 0.6558 -15.9057 0.0300 0.4401 238.0000 23.8000 0.0000 10.2511 2.0000 
499 500 70 -0.5972 0.6558 -15.9057 -0.5190 0.9933 -16.2153 0.0300 0.4647 238.0000 23.8000 0.0000 11.0988 2.0000 
500 501 70 -0.5190 0.9933 -16.2153 -0.4669 1.2813 -16.4885 0.0300 0.4004 238.0000 23.8000 0.0000 12.0000 2.0000 
66 502 71 -0.6922 0.3465 -15.7997 -0.5465 0.1625 -16.0854 0.0300 0.3698 238.0000 23.8000 0.0000 10.0872 2.0000 
502 503 71 -0.5465 0.1625 -16.0854 -0.3440 -0.0525 -16.4376 0.0300 0.4596 238.0000 23.8000 0.0000 10.7468 2.0000 
503 504 71 -0.3440 -0.0525 -16.4376 -0.1468 -0.2075 -16.7258 0.0300 0.3820 238.0000 23.8000 0.0000 11.4343 2.0000 
504 505 71 -0.1468 -0.2075 -16.7258 -0.0159 -0.3074 -16.9195 0.0300 0.2543 238.0000 23.8000 0.0000 12.0000 2.0000 
67 506 72 -0.7001 0.3466 -16.0144 -0.3755 0.3735 -16.3701 0.0300 0.4823 238.0000 23.8000 0.0000 10.4382 2.0000 
506 507 72 -0.3755 0.3735 -16.3701 -0.0781 0.4598 -16.7055 0.0300 0.4565 238.0000 23.8000 0.0000 11.2663 2.0000 
507 508 72 -0.0781 0.4598 -16.7055 0.1404 0.5328 -16.9449 0.0300 0.3323 238.0000 23.8000 0.0000 12.0000 2.0000 
68 509 73 -0.7090 0.3470 -16.2203 -0.5050 0.1480 -16.5185 0.0300 0.4124 238.0000 23.8000 0.0000 10.2908 2.0000 
509 510 73 -0.5050 0.1480 -16.5185 -0.2796 -0.0749 -16.8457 0.0300 0.4556 238.0000 23.8000 0.0000 10.9621 2.0000 
510 511 73 -0.2796 -0.0749 -16.8457 -0.0495 -0.3197 -17.2102 0.0300 0.4957 238.0000 23.8000 0.0000 11.9049 2.0000 
511 512 73 -0.0495 -0.3197 -17.2102 -0.0288 -0.3400 -17.2409 0.0300 0.0422 238.0000 23.8000 0.0000 12.0000 2.0000 
69 513 74 -0.7224 0.3587 -16.4165 -0.9733 0.6527 -16.7616 0.0300 0.5181 238.0000 23.8000 0.0000 10.5710 2.0000 
513 514 74 -0.9733 0.6527 -16.7616 -1.1953 0.9314 -17.0737 0.0300 0.4736 238.0000 23.8000 0.0000 11.3709 2.0000 
514 515 74 -1.1953 0.9314 -17.0737 -1.3350 1.1152 -17.2791 0.0300 0.3091 238.0000 23.8000 0.0000 12.0000 2.0000 
70 516 75 -0.7328 0.3713 -16.6040 -0.5277 0.2234 -16.8978 0.0300 0.3876 238.0000 23.8000 0.0000 10.3870 2.0000 
516 517 75 -0.5277 0.2234 -16.8978 -0.2893 0.0410 -17.2425 0.0300 0.4571 238.0000 23.8000 0.0000 11.0491 2.0000 
517 518 75 -0.2893 0.0410 -17.2425 -0.0569 -0.1312 -17.5820 0.0300 0.4459 238.0000 23.8000 0.0000 11.8594 2.0000 
518 519 75 -0.0569 -0.1312 -17.5820 -0.0226 -0.1556 -17.6336 0.0300 0.0666 238.0000 23.8000 0.0000 12.0000 2.0000 
71 520 76 -0.7405 0.3840 -16.7902 -0.8368 0.1114 -17.2082 0.0300 0.5083 238.0000 23.8000 0.0000 10.6865 2.0000 
520 521 76 -0.8368 0.1114 -17.2082 -0.9474 -0.1993 -17.6515 0.0300 0.5525 238.0000 23.8000 0.0000 11.6510 2.0000 
521 522 76 -0.9474 -0.1993 -17.6515 -0.9810 -0.2923 -17.7860 0.0300 0.1669 238.0000 23.8000 0.0000 12.0000 2.0000 
72 523 77 -0.7454 0.3932 -16.9974 -1.0053 0.3213 -17.2812 0.0300 0.3914 238.0000 23.8000 0.0000 10.4992 2.0000 
523 524 77 -1.0053 0.3213 -17.2812 -1.2619 0.2521 -17.5696 0.0300 0.3922 238.0000 23.8000 0.0000 11.0351 2.0000 
524 525 77 -1.2619 0.2521 -17.5696 -1.5550 0.1453 -17.9090 0.0300 0.4610 238.0000 23.8000 0.0000 11.8251 2.0000 
525 526 77 -1.5550 0.1453 -17.9090 -1.6096 0.1251 -17.9726 0.0300 0.0862 238.0000 23.8000 0.0000 12.0000 2.0000 
73 527 78 -0.7493 0.4022 -17.1917 -0.4147 0.6376 -17.5817 0.0300 0.5652 238.0000 23.8000 0.0000 10.9931 2.0000 
527 528 78 -0.4147 0.6376 -17.5817 -0.1693 0.8217 -17.8562 0.0300 0.4116 238.0000 23.8000 0.0000 11.7815 2.0000 
528 529 78 -0.1693 0.8217 -17.8562 -0.1080 0.8661 -17.9223 0.0300 0.1005 238.0000 23.8000 0.0000 12.0000 2.0000 
74 530 79 -0.7536 0.4110 -17.3891 -1.0515 0.5384 -17.6997 0.0300 0.4488 238.0000 23.8000 0.0000 10.8402 2.0000 
530 531 79 -1.0515 0.5384 -17.6997 -1.3754 0.6443 -18.1312 0.0300 0.5498 238.0000 23.8000 0.0000 11.8476 2.0000 
531 532 79 -1.3754 0.6443 -18.1312 -1.4173 0.6583 -18.1870 0.0300 0.0712 238.0000 23.8000 0.0000 12.0000 2.0000 
75 533 80 -0.7624 0.4217 -17.5854 -0.7658 0.0988 -17.9797 0.0300 0.5097 238.0000 23.8000 0.0000 10.8810 2.0000 
533 534 80 -0.7658 0.0988 -17.9797 -0.7984 -0.2742 -18.3875 0.0300 0.5536 238.0000 23.8000 0.0000 11.7611 2.0000 
534 535 80 -0.7984 -0.2742 -18.3875 -0.8043 -0.3579 -18.4801 0.0300 0.1250 238.0000 23.8000 0.0000 12.0000 2.0000 
76 536 81 -0.7766 0.4303 -17.7832 -0.9742 0.6533 -18.0224 0.0300 0.3820 238.0000 23.8000 0.0000 10.7681 2.0000 
536 537 81 -0.9742 0.6533 -18.0224 -1.1915 0.9174 -18.3029 0.0300 0.4424 238.0000 23.8000 0.0000 11.3961 2.0000 
537 538 81 -1.1915 0.9174 -18.3029 -1.3757 1.1036 -18.5325 0.0300 0.3483 238.0000 23.8000 0.0000 12.0000 2.0000 
77 539 82 -0.7889 0.4292 -17.9797 -1.0445 0.1929 -18.3602 0.0300 0.5157 238.0000 23.8000 0.0000 11.0833 2.0000 
539 540 82 -1.0445 0.1929 -18.3602 -1.2778 -0.0253 -18.7240 0.0300 0.4841 238.0000 23.8000 0.0000 11.8942 2.0000 
540 541 82 -1.2778 -0.0253 -18.7240 -1.3049 -0.0490 -18.7664 0.0300 0.0557 238.0000 23.8000 0.0000 12.0000 2.0000 
78 542 83 -0.8041 0.4267 -18.2013 -0.6002 0.1909 -18.5426 0.0300 0.4623 238.0000 23.8000 0.0000 10.9790 2.0000 
542 543 83 -0.6002 0.1909 -18.5426 -0.4225 -0.0599 -18.8497 0.0300 0.4344 238.0000 23.8000 0.0000 11.5717 2.0000 
543 544 83 -0.4225 -0.0599 -18.8497 -0.2980 -0.2015 -19.0362 0.0300 0.2652 238.0000 23.8000 0.0000 12.0000 2.0000 
79 545 84 -0.8179 0.4287 -18.3958 -1.0854 0.6805 -18.7237 0.0300 0.4924 238.0000 23.8000 0.0000 11.1439 2.0000 
545 546 84 -1.0854 0.6805 -18.7237 -1.3828 0.9528 -19.0988 0.0300 0.5507 238.0000 23.8000 0.0000 12.0000 2.0000 
80 547 85 -0.8318 0.4257 -18.5886 -0.6668 0.1802 -18.9330 0.0300 0.4540 238.0000 23.8000 0.0000 11.1609 2.0000 
547 548 85 -0.6668 0.1802 -18.9330 -0.4513 -0.0467 -19.2919 0.0300 0.4762 238.0000 23.8000 0.0000 11.8967 2.0000 
548 549 85 -0.4513 -0.0467 -19.2919 -0.4254 -0.0747 -19.3367 0.0300 0.0588 238.0000 23.8000 0.0000 12.0000 2.0000 
81 550 86 -0.8431 0.4216 -18.7834 -1.0468 0.1748 -19.0659 0.0300 0.4268 238.0000 23.8000 0.0000 11.1343 2.0000 
550 551 86 -1.0468 0.1748 -19.0659 -1.2446 -0.0704 -19.3455 0.0300 0.4212 238.0000 23.8000 0.0000 11.7055 2.0000 
551 552 86 -1.2446 -0.0704 -19.3455 -1.3345 -0.1765 -19.4704 0.0300 0.1869 238.0000 23.8000 0.0000 12.0000 2.0000 
82 553 87 -0.8600 0.4178 -18.9733 -1.1138 0.1431 -19.3376 0.0300 0.5221 238.0000 23.8000 0.0000 11.5137 2.0000 
553 554 87 -1.1138 0.1431 -19.3376 -1.2496 -0.0087 -19.5190 0.0300 0.2728 238.0000 23.8000 0.0000 12.0000 2.0000 
83 555 88 -0.8830 0.4174 -19.1545 -1.1465 0.1538 -19.4925 0.0300 0.5031 238.0000 23.8000 0.0000 11.4283 2.0000 
555 556 88 -1.1465 0.1538 -19.4925 -1.3594 -0.0195 -19.7391 0.0300 0.3690 238.0000 23.8000 0.0000 12.0000 2.0000 
84 557 89 -0.8985 0.4134 -19.3433 -0.8757 0.0773 -19.6890 0.0300 0.4827 238.0000 23.8000 0.0000 11.4294 2.0000 
557 558 89 -0.8757 0.0773 -19.6890 -0.8882 -0.2174 -19.9516 0.0300 0.3949 238.0000 23.8000 0.0000 12.0000 2.0000 
85 559 90 -0.9084 0.4179 -19.5439 -1.2921 0.3138 -19.8854 0.0300 0.5242 238.0000 23.8000 0.0000 11.7905 2.0000 
559 560 90 -1.2921 0.3138 -19.8854 -1.3700 0.2933 -19.9596 0.0300 0.1095 238.0000 23.8000 0.0000 12.0000 2.0000 
86 561 91 -0.9172 0.4219 -19.7258 -0.9953 0.1385 -20.0123 0.0300 0.4105 238.0000 23.8000 0.0000 11.6516 2.0000 
561 562 91 -0.9953 0.1385 -20.0123 -1.0412 0.0034 -20.1350 0.0300 0.1881 238.0000 23.8000 0.0000 12.0000 2.0000 
87 563 92 -0.9204 0.4249 -19.9136 -0.7202 0.7240 -20.2834 0.0300 0.5160 238.0000 23.8000 0.0000 11.8481 2.0000 
563 564 92 -0.7202 0.7240 -20.2834 -0.6878 0.7748 -20.3442 0.0300 0.0856 238.0000 23.8000 0.0000 12.0000 2.0000 
88 565 93 -0.9175 0.4358 -20.1042 -1.1793 0.2273 -20.5023 0.0300 0.5201 238.0000 23.8000 0.0000 11.8182 2.0000 
565 566 93 -1.1793 0.2273 -20.5023 -1.2397 0.1789 -20.5906 0.0300 0.1174 238.0000 23.8000 0.0000 12.0000 2.0000 
89 567 94 -0.9157 0.4469 -20.3085 -0.6898 0.7117 -20.5882 0.0300 0.4465 238.0000 23.8000 0.0000 11.6845 2.0000 
567 568 94 -0.6898 0.7117 -20.5882 -0.5608 0.8461 -20.7390 0.0300 0.2397 238.0000 23.8000 0.0000 12.0000 2.0000 
90 569 95 -0.9123 0.4584 -20.5152 -0.7776 0.1679 -20.8609 0.0300 0.4712 238.0000 23.8000 0.0000 11.8973 2.0000 
569 570 95 -0.7776 0.1679 -20.8609 -0.7584 0.1262 -20.9084 0.0300 0.0660 238.0000 23.8000 0.0000 12.0000 2.0000 
91 571 96 -0.9012 0.4631 -20.7177 -1.1937 0.6382 -21.1055 0.0300 0.5164 238.0000 23.8000 0.0000 12.0000 2.0000 
92 572 97 -0.8811 0.4634 -20.9191 -0.7980 0.7330 -21.2365 0.0300 0.4247 238.0000 23.8000 0.0000 12.0000 2.0000 
93 573 98 -0.8617 0.4634 -21.1186 -0.6749 0.7483 -21.4368 0.0300 0.4662 238.0000 23.8000 0.0000 12.0000 2.0000 
94 574 99 -0.8429 0.4595 -21.3190 -1.0464 0.5357 -21.5891 0.0300 0.3467 238.0000 23.8000 0.0000 12.0000 2.0000 
95 575 100 -0.8231 0.4555 -21.5292 -0.6032 0.3404 -21.7244 0.0300 0.3158 238.0000 23.8000 0.0000 12.0000 2.0000 
96 576 101 -0.8090 0.4508 -21.7258 -0.7180 0.2811 -21.9028 0.0300 0.2615 238.0000 23.8000 0.0000 12.0000 2.0000 
97 577 102 -0.7941 0.4418 -21.9379 -0.8960 0.4135 -22.0629 0.0300 0.1638 238.0000 23.8000 0.0000 12.0000 2.0000 
98 578 103 -0.7873 0.4311 -22.1461 -0.7757 0.5278 -22.2565 0.0300 0.1472 238.0000 23.8000 0.0000 12.0000 2.0000 
99 579 104 -0.7856 0.4178 -22.3416 -0.7685 0.3471 -22.4082 0.0300 0.0987 238.0000 23.8000 0.0000 12.0000 2.0000 
100 580 105 -0.7849 0.4003 -22.5454 -0.7723 0.4284 -22.5833 0.0300 0.0488 238.0000 23.8000 0.0000 12.0000 2.0000 
101 581 106 -0.7901 0.3819 -22.7174 -0.7900 0.3817 -22.7175 0.0300 0.0002 238.0000 23.8000 0.0000 12.0000 2.0000 
582 583 1 0.0000 0.0000 -3.1000 0.0010 0.0023 -3.1097 0.0944 0.0100 0.0000 0.0000 205.0000 0.0030 4.0000 
583 584 1 0.0010 0.0023 -3.1097 0.0214 0.0431 -3.3019 0.0944 0.1975 0.0000 0.0000 205.0000 0.0622 4.0000 
584 585 1 0.0214 0.0431 -3.3019 0.0403 0.0834 -3.5023 0.0944 0.2053 0.0000 0.0000 205.0000 0.1237 4.0000 
585 586 1 0.0403 0.0834 -3.5023 0.0559 0.1268 -3.6965 0.0944 0.1997 0.0000 0.0000 205.0000 0.1836 4.0000 
586 587 1 0.0559 0.1268 -3.6965 0.0622 0.1691 -3.8892 0.0944 0.1974 0.0000 0.0000 205.0000 0.2429 4.0000 
587 588 1 0.0622 0.1691 -3.8892 0.0652 0.2149 -4.0701 0.0944 0.1866 0.0000 0.0000 205.0000 0.2990 4.0000 
588 589 1 0.0652 0.2149 -4.0701 0.0669 0.2626 -4.2712 0.0944 0.2067 0.0000 0.0000 205.0000 0.3612 4.0000 
589 590 1 0.0669 0.2626 -4.2712 0.0614 0.2980 -4.4588 0.0944 0.1910 0.0000 0.0000 205.0000 0.4187 4.0000 
590 591 1 0.0614 0.2980 -4.4588 0.0682 0.3462 -4.6569 0.0944 0.2040 0.0000 0.0000 205.0000 0.4801 4.0000 
591 592 1 0.0682 0.3462 -4.6569 0.0698 0.3842 -4.8488 0.0944 0.1957 0.0000 0.0000 205.0000 0.5391 4.0000 
592 593 1 0.0698 0.3842 -4.8488 0.0729 0.4265 -5.0466 0.0944 0.2022 0.0000 0.0000 205.0000 0.6002 4.0000 
593 594 1 0.0729 0.4265 -5.0466 0.0746 0.4680 -5.2448 0.0944 0.2025 0.0000 0.0000 205.0000 0.6614 4.0000 
594 595 1 0.0746 0.4680 -5.2448 0.0747 0.5103 -5.4442 0.0944 0.2038 0.0000 0.0000 205.0000 0.7230 4.0000 
595 596 1 0.0747 0.5103 -5.4442 0.0750 0.5552 -5.6310 0.0944 0.1921 0.0000 0.0000 205.0000 0.7811 4.0000 
596 597 1 0.0750 0.5552 -5.6310 0.0762 0.5903 -5.8383 0.0944 0.2102 0.0000 0.0000 205.0000 0.8448 4.0000 
597 598 1 0.0762 0.5903 -5.8383 0.0779 0.6251 -6.0310 0.0944 0.1958 0.0000 0.0000 205.0000 0.9041 4.0000 
598 599 1 0.0779 0.6251 -6.0310 0.0779 0.6617 -6.2365 0.0944 0.2087 0.0000 0.0000 205.0000 0.9674 4.0000 
599 600 1 0.0779 0.6617 -6.2365 0.0826 0.6968 -6.4295 0.0944 0.1962 0.0000 0.0000 205.0000 1.0270 4.0000 
600 601 1 0.0826 0.6968 -6.4295 0.0950 0.7244 -6.6325 0.0944 0.2053 0.0000 0.0000 205.0000 1.0894 4.0000 
601 602 1 0.0950 0.7244 -6.6325 0.1233 0.7608 -6.8240 0.0944 0.1969 0.0000 0.0000 205.0000 1.1493 4.0000 
602 603 1 0.1233 0.7608 -6.8240 0.1524 0.7877 -7.0094 0.0944 0.1896 0.0000 0.0000 205.0000 1.2070 4.0000 
603 604 1 0.1524 0.7877 -7.0094 0.1816 0.8159 -7.2015 0.0944 0.1963 0.0000 0.0000 205.0000 1.2668 4.0000 
604 605 1 0.1816 0.8159 -7.2015 0.2157 0.8546 -7.4089 0.0944 0.2137 0.0000 0.0000 205.0000 1.3320 4.0000 
605 606 1 0.2157 0.8546 -7.4089 0.2500 0.8923 -7.6205 0.0944 0.2177 0.0000 0.0000 205.0000 1.3984 4.0000 
606 607 1 0.2500 0.8923 -7.6205 0.2761 0.9276 -7.8076 0.0944 0.1922 0.0000 0.0000 205.0000 1.4571 4.0000 
607 608 1 0.2761 0.9276 -7.8076 0.3020 0.9521 -7.9960 0.0944 0.1917 0.0000 0.0000 205.0000 1.5157 4.0000 
608 609 1 0.3020 0.9521 -7.9960 0.3260 0.9777 -8.1872 0.0944 0.1944 0.0000 0.0000 205.0000 1.5752 4.0000 
609 610 1 0.3260 0.9777 -8.1872 0.3457 0.9944 -8.3927 0.0944 0.2071 0.0000 0.0000 205.0000 1.6386 4.0000 
610 611 1 0.3457 0.9944 -8.3927 0.3736 0.9889 -8.5867 0.0944 0.1961 0.0000 0.0000 205.0000 1.6987 4.0000 
611 612 1 0.3736 0.9889 -8.5867 0.4045 0.9754 -8.7992 0.0944 0.2152 0.0000 0.0000 205.0000 1.7647 4.0000 
612 613 1 0.4045 0.9754 -8.7992 0.4320 0.9745 -8.9940 0.0944 0.1967 0.0000 0.0000 205.0000 1.8251 4.0000 
613 614 1 0.4320 0.9745 -8.9940 0.4536 0.9850 -9.2077 0.0944 0.2150 0.0000 0.0000 205.0000 1.8911 4.0000 
614 615 1 0.4536 0.9850 -9.2077 0.4733 0.9950 -9.4053 0.0944 0.1988 0.0000 0.0000 205.0000 1.9523 4.0000 
615 616 1 0.4733 0.9950 -9.4053 0.4877 0.9988 -9.6072 0.0944 0.2025 0.0000 0.0000 205.0000 2.0146 4.0000 
616 617 1 0.4877 0.9988 -9.6072 0.5022 1.0077 -9.8155 0.0944 0.2090 0.0000 0.0000 205.0000 2.0790 4.0000 
617 618 1 0.5022 1.0077 -9.8155 0.5173 1.0160 -10.0191 0.0944 0.2043 0.0000 0.0000 205.0000 2.1420 4.0000 
618 619 1 0.5173 1.0160 -10.0191 0.5161 1.0265 -10.2385 0.0944 0.2197 0.0000 0.0000 205.0000 2.2098 4.0000 
619 620 1 0.5161 1.0265 -10.2385 0.5167 1.0370 -10.4406 0.0944 0.2024 0.0000 0.0000 205.0000 2.2723 4.0000 
620 621 1 0.5167 1.0370 -10.4406 0.5142 1.0446 -10.6392 0.0944 0.1988 0.0000 0.0000 205.0000 2.3337 4.0000 
621 622 1 0.5142 1.0446 -10.6392 0.5084 1.0558 -10.8274 0.0944 0.1886 0.0000 0.0000 205.0000 2.3921 4.0000 
622 623 1 0.5084 1.0558 -10.8274 0.5019 1.0678 -11.0445 0.0944 0.2175 0.0000 0.0000 205.0000 2.4595 4.0000 
623 624 1 0.5019 1.0678 -11.0445 0.4928 1.0736 -11.2461 0.0944 0.2018 0.0000 0.0000 205.0000 2.5220 4.0000 
624 625 1 0.4928 1.0736 -11.2461 0.4901 1.0783 -11.4335 0.0944 0.1875 0.0000 0.0000 205.0000 2.5802 4.0000 
625 626 1 0.4901 1.0783 -11.4335 0.4876 1.0836 -11.6263 0.0944 0.1929 0.0000 0.0000 205.0000 2.6401 4.0000 
626 627 1 0.4876 1.0836 -11.6263 0.4843 1.0905 -11.8655 0.0944 0.2393 0.0000 0.0000 205.0000 2.7144 4.0000 
627 628 1 0.4843 1.0905 -11.8655 0.4759 1.0989 -12.0691 0.0944 0.2040 0.0000 0.0000 205.0000 2.7779 4.0000 
628 629 1 0.4759 1.0989 -12.0691 0.4677 1.1080 -12.2882 0.0944 0.2194 0.0000 0.0000 205.0000 2.8462 4.0000 
629 630 1 0.4677 1.1080 -12.2882 0.4718 1.1142 -12.4929 0.0944 0.2049 0.0000 0.0000 205.0000 2.9101 4.0000 
630 631 1 0.4718 1.1142 -12.4929 0.4762 1.1119 -12.6933 0.0944 0.2004 0.0000 0.0000 205.0000 2.9726 4.0000 
631 632 1 0.4762 1.1119 -12.6933 0.4806 1.1096 -12.8922 0.0944 0.1990 0.0000 0.0000 205.0000 3.0347 4.0000 
632 633 1 0.4806 1.1096 -12.8922 0.4861 1.1094 -13.0910 0.0944 0.1989 0.0000 0.0000 205.0000 3.0968 4.0000 
633 634 1 0.4861 1.1094 -13.0910 0.4914 1.1100 -13.2922 0.0944 0.2012 0.0000 0.0000 205.0000 3.1597 4.0000 
634 635 1 0.4914 1.1100 -13.2922 0.4918 1.1129 -13.4842 0.0944 0.1920 0.0000 0.0000 205.0000 3.2198 4.0000 
635 636 1 0.4918 1.1129 -13.4842 0.4862 1.1121 -13.6902 0.0944 0.2062 0.0000 0.0000 205.0000 3.2844 4.0000 
636 637 1 0.4862 1.1121 -13.6902 0.4791 1.1113 -13.8806 0.0944 0.1905 0.0000 0.0000 205.0000 3.3442 4.0000 
637 638 1 0.4791 1.1113 -13.8806 0.4732 1.1095 -14.0716 0.0944 0.1911 0.0000 0.0000 205.0000 3.4041 4.0000 
638 639 1 0.4732 1.1095 -14.0716 0.4623 1.1033 -14.2418 0.0944 0.1706 0.0000 0.0000 205.0000 3.4577 4.0000 
639 640 1 0.4623 1.1033 -14.2418 0.4488 1.0969 -14.4443 0.0944 0.2030 0.0000 0.0000 205.0000 3.5215 4.0000 
640 641 1 0.4488 1.0969 -14.4443 0.4419 1.0911 -14.6270 0.0944 0.1829 0.0000 0.0000 205.0000 3.5791 4.0000 
641 642 1 0.4419 1.0911 -14.6270 0.4297 1.0914 -14.8116 0.0944 0.1850 0.0000 0.0000 205.0000 3.6373 4.0000 
642 643 1 0.4297 1.0914 -14.8116 0.4167 1.0945 -15.0110 0.0944 0.1998 0.0000 0.0000 205.0000 3.7003 4.0000 
643 644 1 0.4167 1.0945 -15.0110 0.3941 1.0908 -15.2236 0.0944 0.2139 0.0000 0.0000 205.0000 3.7677 4.0000 
644 645 1 0.3941 1.0908 -15.2236 0.3914 1.0954 -15.4138 0.0944 0.1903 0.0000 0.0000 205.0000 3.8278 4.0000 
645 646 1 0.3914 1.0954 -15.4138 0.3899 1.1054 -15.6119 0.0944 0.1983 0.0000 0.0000 205.0000 3.8904 4.0000 
646 647 1 0.3899 1.1054 -15.6119 0.3939 1.1128 -15.8147 0.0944 0.2030 0.0000 0.0000 205.0000 3.9546 4.0000 
647 648 1 0.3939 1.1128 -15.8147 0.3962 1.1189 -16.0135 0.0944 0.1989 0.0000 0.0000 205.0000 4.0176 4.0000 
648 649 1 0.3962 1.1189 -16.0135 0.3982 1.1251 -16.1906 0.0944 0.1772 0.0000 0.0000 205.0000 4.0737 4.0000 
649 650 1 0.3982 1.1251 -16.1906 0.3992 1.1363 -16.3883 0.0944 0.1979 0.0000 0.0000 205.0000 4.1364 4.0000 
650 651 1 0.3992 1.1363 -16.3883 0.4004 1.1457 -16.5808 0.0944 0.1928 0.0000 0.0000 205.0000 4.1976 4.0000 
651 652 1 0.4004 1.1457 -16.5808 0.3969 1.1501 -16.7792 0.0944 0.1985 0.0000 0.0000 205.0000 4.2606 4.0000 
652 653 1 0.3969 1.1501 -16.7792 0.3834 1.1566 -16.9779 0.0944 0.1993 0.0000 0.0000 205.0000 4.3240 4.0000 
653 654 1 0.3834 1.1566 -16.9779 0.3676 1.1649 -17.1759 0.0944 0.1988 0.0000 0.0000 205.0000 4.3872 4.0000 
654 655 1 0.3676 1.1649 -17.1759 0.3665 1.1603 -17.3919 0.0944 0.2160 0.0000 0.0000 205.0000 4.4560 4.0000 
655 656 1 0.3665 1.1603 -17.3919 0.3631 1.1750 -17.6054 0.0944 0.2141 0.0000 0.0000 205.0000 4.5242 4.0000 
656 657 1 0.3631 1.1750 -17.6054 0.3601 1.1887 -17.8014 0.0944 0.1964 0.0000 0.0000 205.0000 4.5869 4.0000 
657 658 1 0.3601 1.1887 -17.8014 0.3606 1.2045 -17.9951 0.0944 0.1943 0.0000 0.0000 205.0000 4.6489 4.0000 
658 659 1 0.3606 1.2045 -17.9951 0.3611 1.2232 -18.1960 0.0944 0.2018 0.0000 0.0000 205.0000 4.7134 4.0000 
659 660 1 0.3611 1.2232 -18.1960 0.3622 1.2439 -18.4093 0.0944 0.2143 0.0000 0.0000 205.0000 4.7819 4.0000 
660 661 1 0.3622 1.2439 -18.4093 0.3573 1.2651 -18.5980 0.0944 0.1899 0.0000 0.0000 205.0000 4.8427 4.0000 
661 662 1 0.3573 1.2651 -18.5980 0.3414 1.2814 -18.7860 0.0944 0.1893 0.0000 0.0000 205.0000 4.9034 4.0000 
662 663 1 0.3414 1.2814 -18.7860 0.3322 1.3031 -18.9948 0.0944 0.2102 0.0000 0.0000 205.0000 4.9708 4.0000 
663 664 1 0.3322 1.3031 -18.9948 0.3199 1.3360 -19.1893 0.0944 0.1976 0.0000 0.0000 205.0000 5.0342 4.0000 
664 665 1 0.3199 1.3360 -19.1893 0.3158 1.3701 -19.3818 0.0944 0.1955 0.0000 0.0000 205.0000 5.0970 4.0000 
665 666 1 0.3158 1.3701 -19.3818 0.3089 1.3872 -19.5770 0.0944 0.1961 0.0000 0.0000 205.0000 5.1601 4.0000 
666 667 1 0.3089 1.3872 -19.5770 0.3022 1.4034 -19.7624 0.0944 0.1862 0.0000 0.0000 205.0000 5.2200 4.0000 
667 668 1 0.3022 1.4034 -19.7624 0.2906 1.3985 -19.9449 0.0944 0.1830 0.0000 0.0000 205.0000 5.2789 4.0000 
668 669 1 0.2906 1.3985 -19.9449 0.2741 1.3949 -20.1346 0.0944 0.1905 0.0000 0.0000 205.0000 5.3403 4.0000 
669 670 1 0.2741 1.3949 -20.1346 0.2583 1.3873 -20.3354 0.0944 0.2016 0.0000 0.0000 205.0000 5.4053 4.0000 
670 671 1 0.2583 1.3873 -20.3354 0.2615 1.3755 -20.5272 0.0944 0.1922 0.0000 0.0000 205.0000 5.4674 4.0000 
671 672 1 0.2615 1.3755 -20.5272 0.2615 1.3684 -20.7163 0.0944 0.1893 0.0000 0.0000 205.0000 5.5286 4.0000 
672 673 1 0.2615 1.3684 -20.7163 0.2566 1.3602 -20.9101 0.0944 0.1940 0.0000 0.0000 205.0000 5.5913 4.0000 
673 674 1 0.2566 1.3602 -20.9101 0.2526 1.3516 -21.1259 0.0944 0.2160 0.0000 0.0000 205.0000 5.6612 4.0000 
674 675 1 0.2526 1.3516 -21.1259 0.2482 1.3425 -21.3350 0.0944 0.2093 0.0000 0.0000 205.0000 5.7291 4.0000 
675 676 1 0.2482 1.3425 -21.3350 0.2421 1.3216 -21.5405 0.0944 0.2066 0.0000 0.0000 205.0000 5.7961 4.0000 
676 677 1 0.2421 1.3216 -21.5405 0.2292 1.3120 -21.7239 0.0944 0.1842 0.0000 0.0000 205.0000 5.8559 4.0000 
677 678 1 0.2292 1.3120 -21.7239 0.2183 1.3089 -21.9167 0.0944 0.1931 0.0000 0.0000 205.0000 5.9186 4.0000 
678 679 1 0.2183 1.3089 -21.9167 0.2130 1.3192 -22.1042 0.0944 0.1878 0.0000 0.0000 205.0000 5.9797 4.0000 
679 680 1 0.2130 1.3192 -22.1042 0.2071 1.3268 -22.3020 0.0944 0.1981 0.0000 0.0000 205.0000 6.0442 4.0000 
680 681 1 0.2071 1.3268 -22.3020 0.1976 1.3413 -22.5011 0.0944 0.1998 0.0000 0.0000 205.0000 6.1093 4.0000 
681 682 1 0.1976 1.3413 -22.5011 0.1908 1.3556 -22.6963 0.0944 0.1958 0.0000 0.0000 205.0000 6.1731 4.0000 
682 683 1 0.1908 1.3556 -22.6963 0.1899 1.3659 -22.9130 0.0944 0.2170 0.0000 0.0000 205.0000 6.2440 4.0000 
683 684 1 0.1899 1.3659 -22.9130 0.1966 1.3778 -23.1205 0.0944 0.2079 0.0000 0.0000 205.0000 6.3119 4.0000 
684 685 1 0.1966 1.3778 -23.1205 0.2039 1.3832 -23.3148 0.0944 0.1945 0.0000 0.0000 205.0000 6.3755 4.0000 
685 686 1 0.2039 1.3832 -23.3148 0.2251 1.3768 -23.5300 0.0944 0.2164 0.0000 0.0000 205.0000 6.4463 4.0000 
686 687 1 0.2251 1.3768 -23.5300 0.2465 1.3665 -23.7250 0.0944 0.1965 0.0000 0.0000 205.0000 6.5107 4.0000 
687 688 1 0.2465 1.3665 -23.7250 0.2677 1.3598 -23.9249 0.0944 0.2011 0.0000 0.0000 205.0000 6.5766 4.0000 
688 689 1 0.2677 1.3598 -23.9249 0.2863 1.3542 -24.1353 0.0944 0.2113 0.0000 0.0000 205.0000 6.6460 4.0000 
689 690 1 0.2863 1.3542 -24.1353 0.3187 1.3435 -24.3266 0.0944 0.1943 0.0000 0.0000 205.0000 6.7098 4.0000 
690 691 1 0.3187 1.3435 -24.3266 0.3517 1.3334 -24.5117 0.0944 0.1883 0.0000 0.0000 205.0000 6.7717 4.0000 
691 692 1 0.3517 1.3334 -24.5117 0.3773 1.3194 -24.7218 0.0944 0.2121 0.0000 0.0000 205.0000 6.8415 4.0000 
692 693 1 0.3773 1.3194 -24.7218 0.4021 1.3084 -24.9086 0.0944 0.1888 0.0000 0.0000 205.0000 6.9037 4.0000 
693 694 1 0.4021 1.3084 -24.9086 0.4264 1.2928 -25.1180 0.0944 0.2114 0.0000 0.0000 205.0000 6.9734 4.0000 
694 695 1 0.4264 1.2928 -25.1180 0.4478 1.2790 -25.3130 0.0944 0.1966 0.0000 0.0000 205.0000 7.0383 4.0000 
695 696 1 0.4478 1.2790 -25.3130 0.4521 1.2622 -25.5110 0.0944 0.1988 0.0000 0.0000 205.0000 7.1039 4.0000 
696 697 1 0.4521 1.2622 -25.5110 0.4512 1.2444 -25.7181 0.0944 0.2079 0.0000 0.0000 205.0000 7.1727 4.0000 
697 698 1 0.4512 1.2444 -25.7181 0.4524 1.2347 -25.9213 0.0944 0.2034 0.0000 0.0000 205.0000 7.2400 4.0000 
698 699 1 0.4524 1.2347 -25.9213 0.4616 1.2379 -26.1094 0.0944 0.1884 0.0000 0.0000 205.0000 7.3024 4.0000 
699 700 1 0.4616 1.2379 -26.1094 0.4731 1.2451 -26.3103 0.0944 0.2013 0.0000 0.0000 205.0000 7.3691 4.0000 
700 701 1 0.4731 1.2451 -26.3103 0.4774 1.2515 -26.5088 0.0944 0.1986 0.0000 0.0000 205.0000 7.4350 4.0000 
701 702 1 0.4774 1.2515 -26.5088 0.4820 1.2581 -26.7143 0.0944 0.2057 0.0000 0.0000 205.0000 7.5033 4.0000 
702 703 1 0.4820 1.2581 -26.7143 0.4899 1.2717 -26.9278 0.0944 0.2141 0.0000 0.0000 205.0000 7.5745 4.0000 
703 704 1 0.4899 1.2717 -26.9278 0.4987 1.2837 -27.1331 0.0944 0.2059 0.0000 0.0000 205.0000 7.6430 4.0000 
704 705 1 0.4987 1.2837 -27.1331 0.4979 1.2985 -27.3477 0.0944 0.2150 0.0000 0.0000 205.0000 7.7147 4.0000 
705 706 1 0.4979 1.2985 -27.3477 0.4934 1.3158 -27.5508 0.0944 0.2039 0.0000 0.0000 205.0000 7.7826 4.0000 
706 707 1 0.4934 1.3158 -27.5508 0.4963 1.3388 -27.7498 0.0944 0.2003 0.0000 0.0000 205.0000 7.8495 4.0000 
707 708 1 0.4963 1.3388 -27.7498 0.5003 1.3639 -27.9637 0.0944 0.2154 0.0000 0.0000 205.0000 7.9215 4.0000 
708 709 1 0.5003 1.3639 -27.9637 0.4922 1.3741 -28.1552 0.0944 0.1920 0.0000 0.0000 205.0000 7.9857 4.0000 
709 710 1 0.4922 1.3741 -28.1552 0.4822 1.3810 -28.3544 0.0944 0.1995 0.0000 0.0000 205.0000 8.0524 4.0000 
710 711 1 0.4822 1.3810 -28.3544 0.4757 1.3877 -28.5593 0.0944 0.2052 0.0000 0.0000 205.0000 8.1212 4.0000 
711 712 1 0.4757 1.3877 -28.5593 0.4722 1.3814 -28.7649 0.0944 0.2057 0.0000 0.0000 205.0000 8.1902 4.0000 
712 713 1 0.4722 1.3814 -28.7649 0.4646 1.3672 -28.9517 0.0944 0.1875 0.0000 0.0000 205.0000 8.2531 4.0000 
713 714 1 0.4646 1.3672 -28.9517 0.4525 1.3561 -29.1231 0.0944 0.1722 0.0000 0.0000 205.0000 8.3109 4.0000 
714 715 1 0.4525 1.3561 -29.1231 0.4438 1.3469 -29.3203 0.0944 0.1976 0.0000 0.0000 205.0000 8.3773 4.0000 
715 716 1 0.4438 1.3469 -29.3203 0.4365 1.3383 -29.5027 0.0944 0.1827 0.0000 0.0000 205.0000 8.4388 4.0000 
716 717 1 0.4365 1.3383 -29.5027 0.4228 1.3278 -29.7052 0.0944 0.2033 0.0000 0.0000 205.0000 8.5073 4.0000 
717 718 1 0.4228 1.3278 -29.7052 0.4304 1.3259 -29.9033 0.0944 0.1982 0.0000 0.0000 205.0000 8.5741 4.0000 
718 719 1 0.4304 1.3259 -29.9033 0.4316 1.3303 -30.0871 0.0944 0.1838 0.0000 0.0000 205.0000 8.6362 4.0000 
719 720 1 0.4316 1.3303 -30.0871 0.4327 1.3350 -30.2725 0.0944 0.1854 0.0000 0.0000 205.0000 8.6988 4.0000 
720 721 1 0.4327 1.3350 -30.2725 0.4362 1.3377 -30.4860 0.0944 0.2136 0.0000 0.0000 205.0000 8.7710 4.0000 
721 722 1 0.4362 1.3377 -30.4860 0.4459 1.3477 -30.6720 0.0944 0.1865 0.0000 0.0000 205.0000 8.8341 4.0000 
722 723 1 0.4459 1.3477 -30.6720 0.4634 1.3668 -30.8559 0.0944 0.1857 0.0000 0.0000 205.0000 8.8970 4.0000 
723 724 1 0.4634 1.3668 -30.8559 0.4766 1.3836 -31.0539 0.0944 0.1991 0.0000 0.0000 205.0000 8.9645 4.0000 
724 725 1 0.4766 1.3836 -31.0539 0.4851 1.3795 -31.2418 0.0944 0.1881 0.0000 0.0000 205.0000 9.0283 4.0000 
725 726 1 0.4851 1.3795 -31.2418 0.4978 1.3597 -31.4563 0.0944 0.2158 0.0000 0.0000 205.0000 9.1016 4.0000 
726 727 1 0.4978 1.3597 -31.4563 0.5048 1.3407 -31.6655 0.0944 0.2102 0.0000 0.0000 205.0000 9.1730 4.0000 
727 728 1 0.5048 1.3407 -31.6655 0.5147 1.3192 -31.8773 0.0944 0.2131 0.0000 0.0000 205.0000 9.2455 4.0000 
728 729 1 0.5147 1.3192 -31.8773 0.5268 1.3011 -32.0750 0.0944 0.1989 0.0000 0.0000 205.0000 9.3133 4.0000 
729 730 1 0.5268 1.3011 -32.0750 0.5423 1.2854 -32.2768 0.0944 0.2030 0.0000 0.0000 205.0000 9.3825 4.0000 
730 731 1 0.5423 1.2854 -32.2768 0.5600 1.2736 -32.4754 0.0944 0.1997 0.0000 0.0000 205.0000 9.4506 4.0000 
731 732 1 0.5600 1.2736 -32.4754 0.5772 1.2677 -32.6663 0.0944 0.1918 0.0000 0.0000 205.0000 9.5162 4.0000 
732 733 1 0.5772 1.2677 -32.6663 0.5964 1.2633 -32.8758 0.0944 0.2103 0.0000 0.0000 205.0000 9.5881 4.0000 
733 734 1 0.5964 1.2633 -32.8758 0.6181 1.2609 -33.0804 0.0944 0.2058 0.0000 0.0000 205.0000 9.6585 4.0000 
734 735 1 0.6181 1.2609 -33.0804 0.6381 1.2582 -33.2704 0.0944 0.1911 0.0000 0.0000 205.0000 9.7239 4.0000 
735 736 1 0.6381 1.2582 -33.2704 0.6545 1.2548 -33.4566 0.0944 0.1870 0.0000 0.0000 205.0000 9.7880 4.0000 
736 737 1 0.6545 1.2548 -33.4566 0.6674 1.2488 -33.6606 0.0944 0.2045 0.0000 0.0000 205.0000 9.8582 4.0000 
737 738 1 0.6674 1.2488 -33.6606 0.6931 1.2412 -33.8720 0.0944 0.2130 0.0000 0.0000 205.0000 9.9314 4.0000 
738 739 1 0.6931 1.2412 -33.8720 0.7079 1.2341 -34.0690 0.0944 0.1977 0.0000 0.0000 205.0000 9.9994 4.0000 
739 740 1 0.7079 1.2341 -34.0690 0.7148 1.2233 -34.2801 0.0944 0.2114 0.0000 0.0000 205.0000 10.0722 4.0000 
740 741 1 0.7148 1.2233 -34.2801 0.7149 1.2152 -34.4867 0.0944 0.2068 0.0000 0.0000 205.0000 10.1434 4.0000 
741 742 1 0.7149 1.2152 -34.4867 0.7186 1.2042 -34.6889 0.0944 0.2026 0.0000 0.0000 205.0000 10.2133 4.0000 
742 743 1 0.7186 1.2042 -34.6889 0.7262 1.2005 -34.8832 0.0944 0.1945 0.0000 0.0000 205.0000 10.2804 4.0000 
743 744 1 0.7262 1.2005 -34.8832 0.7345 1.1967 -35.0956 0.0944 0.2126 0.0000 0.0000 205.0000 10.3538 4.0000 
744 745 1 0.7345 1.1967 -35.0956 0.7487 1.1919 -35.2915 0.0944 0.1965 0.0000 0.0000 205.0000 10.4218 4.0000 
745 746 1 0.7487 1.1919 -35.2915 0.7617 1.1818 -35.4817 0.0944 0.1909 0.0000 0.0000 205.0000 10.4879 4.0000 
746 747 1 0.7617 1.1818 -35.4817 0.7753 1.1676 -35.6761 0.0944 0.1954 0.0000 0.0000 205.0000 10.5556 4.0000 
747 748 1 0.7753 1.1676 -35.6761 0.7895 1.1521 -35.8738 0.0944 0.1988 0.0000 0.0000 205.0000 10.6246 4.0000 
748 749 1 0.7895 1.1521 -35.8738 0.8030 1.1372 -36.0645 0.0944 0.1918 0.0000 0.0000 205.0000 10.6911 4.0000 
749 750 1 0.8030 1.1372 -36.0645 0.8338 1.1213 -36.2726 0.0944 0.2109 0.0000 0.0000 205.0000 10.7644 4.0000 
750 751 1 0.8338 1.1213 -36.2726 0.8692 1.1074 -36.4741 0.0944 0.2051 0.0000 0.0000 205.0000 10.8358 4.0000 
751 752 1 0.8692 1.1074 -36.4741 0.8999 1.1006 -36.6778 0.0944 0.2061 0.0000 0.0000 205.0000 10.9075 4.0000 
752 753 1 0.8999 1.1006 -36.6778 0.9189 1.0884 -36.8844 0.0944 0.2079 0.0000 0.0000 205.0000 10.9800 4.0000 
753 754 1 0.9189 1.0884 -36.8844 0.9413 1.0673 -37.0873 0.0944 0.2052 0.0000 0.0000 205.0000 11.0516 4.0000 
754 755 1 0.9413 1.0673 -37.0873 0.9642 1.0518 -37.2740 0.0944 0.1887 0.0000 0.0000 205.0000 11.1175 4.0000 
755 756 1 0.9642 1.0518 -37.2740 0.9888 1.0558 -37.4674 0.0944 0.1949 0.0000 0.0000 205.0000 11.1856 4.0000 
756 757 1 0.9888 1.0558 -37.4674 1.0085 1.0624 -37.6623 0.0944 0.1960 0.0000 0.0000 205.0000 11.2542 4.0000 
757 758 1 1.0085 1.0624 -37.6623 1.0158 1.0694 -37.8553 0.0944 0.1933 0.0000 0.0000 205.0000 11.3219 4.0000 
758 759 1 1.0158 1.0694 -37.8553 1.0135 1.0875 -38.0596 0.0944 0.2052 0.0000 0.0000 205.0000 11.3938 4.0000 
759 760 1 1.0135 1.0875 -38.0596 1.0175 1.1117 -38.2561 0.0944 0.1981 0.0000 0.0000 205.0000 11.4633 4.0000 
760 761 1 1.0175 1.1117 -38.2561 1.0192 1.1446 -38.4712 0.0944 0.2176 0.0000 0.0000 205.0000 11.5397 4.0000 
761 762 1 1.0192 1.1446 -38.4712 1.0253 1.1639 -38.6676 0.0944 0.1975 0.0000 0.0000 205.0000 11.6092 4.0000 
762 763 1 1.0253 1.1639 -38.6676 1.0375 1.1750 -38.8587 0.0944 0.1918 0.0000 0.0000 205.0000 11.6767 4.0000 
763 764 1 1.0375 1.1750 -38.8587 1.0464 1.1909 -39.0489 0.0944 0.1911 0.0000 0.0000 205.0000 11.7440 4.0000 
764 765 1 1.0464 1.1909 -39.0489 1.0579 1.1922 -39.2371 0.0944 0.1885 0.0000 0.0000 205.0000 11.8105 4.0000 
765 766 1 1.0579 1.1922 -39.2371 1.0821 1.1980 -39.4383 0.0944 0.2027 0.0000 0.0000 205.0000 11.8820 4.0000 
766 767 1 1.0821 1.1980 -39.4383 1.1069 1.2070 -39.6319 0.0944 0.1954 0.0000 0.0000 205.0000 11.9510 4.0000 
767 768 1 1.1069 1.2070 -39.6319 1.1247 1.2150 -39.7690 0.0944 0.1385 0.0000 0.0000 205.0000 12.0000 4.0000 
583 769 197 0.0010 0.0023 -3.1097 -0.1492 -0.1184 -3.4639 0.0300 0.4033 238.0000 23.8000 0.0000 6.6312 2.0000 
769 770 197 -0.1492 -0.1184 -3.4639 -0.3319 -0.2419 -3.8370 0.0300 0.4333 238.0000 23.8000 0.0000 7.2495 2.0000 
770 771 197 -0.3319 -0.2419 -3.8370 -0.5237 -0.3872 -4.2677 0.0300 0.4934 238.0000 23.8000 0.0000 8.1548 2.0000 
771 772 197 -0.5237 -0.3872 -4.2677 -0.7408 -0.5453 -4.7120 0.0300 0.5191 238.0000 23.8000 0.0000 9.5423 2.0000 
772 773 197 -0.7408 -0.5453 -4.7120 -0.9316 -0.6562 -5.0372 0.0300 0.3930 238.0000 23.8000 0.0000 11.3072 2.0000 
773 774 197 -0.9316 -0.6562 -5.0372 -0.9839 -0.6861 -5.1186 0.0300 0.1013 238.0000 23.8000 0.0000 12.0000 2.0000 
584 775 198 0.0214 0.0431 -3.3019 -0.2215 -0.0222 -3.5980 0.0300 0.3885 238.0000 23.8000 0.0000 6.8038 2.0000 
775 776 198 -0.2215 -0.0222 -3.5980 -0.5860 -0.1157 -4.0167 0.0300 0.5630 238.0000 23.8000 0.0000 7.8463 2.0000 
776 777 198 -0.5860 -0.1157 -4.0167 -0.8918 -0.1289 -4.3872 0.0300 0.4806 238.0000 23.8000 0.0000 9.0191 2.0000 
777 778 198 -0.8918 -0.1289 -4.3872 -1.1711 -0.1345 -4.7054 0.0300 0.4234 238.0000 23.8000 0.0000 10.4468 2.0000 
778 779 198 -1.1711 -0.1345 -4.7054 -1.4093 -0.1493 -4.9151 0.0300 0.3177 238.0000 23.8000 0.0000 12.0000 2.0000 
585 780 199 0.0403 0.0834 -3.5023 0.2026 -0.1002 -3.8449 0.0300 0.4212 238.0000 23.8000 0.0000 6.8811 2.0000 
780 781 199 0.2026 -0.1002 -3.8449 0.3661 -0.2968 -4.2923 0.0300 0.5153 238.0000 23.8000 0.0000 7.7640 2.0000 
781 782 199 0.3661 -0.2968 -4.2923 0.5097 -0.4795 -4.7273 0.0300 0.4932 238.0000 23.8000 0.0000 8.8490 2.0000 
782 783 199 0.5097 -0.4795 -4.7273 0.6339 -0.6758 -5.1882 0.0300 0.5161 238.0000 23.8000 0.0000 10.4401 2.0000 
783 784 199 0.6339 -0.6758 -5.1882 0.7122 -0.7908 -5.4967 0.0300 0.3385 238.0000 23.8000 0.0000 12.0000 2.0000 
586 785 200 0.0559 0.1268 -3.6965 0.3447 0.2599 -3.9504 0.0300 0.4069 238.0000 23.8000 0.0000 6.8318 2.0000 
785 786 200 0.3447 0.2599 -3.9504 0.6741 0.4364 -4.2966 0.0300 0.5094 238.0000 23.8000 0.0000 7.5596 2.0000 
786 787 200 0.6741 0.4364 -4.2966 0.9729 0.6008 -4.6186 0.0300 0.4690 238.0000 23.8000 0.0000 8.4125 2.0000 
787 788 200 0.9729 0.6008 -4.6186 1.3023 0.7791 -4.9815 0.0300 0.5216 238.0000 23.8000 0.0000 9.7299 2.0000 
788 789 200 1.3023 0.7791 -4.9815 1.6192 0.9568 -5.3617 0.0300 0.5259 238.0000 23.8000 0.0000 12.0000 2.0000 
587 790 201 0.0622 0.1691 -3.8892 0.2995 0.4922 -4.1761 0.0300 0.4929 238.0000 23.8000 0.0000 7.1591 2.0000 
790 791 201 0.2995 0.4922 -4.1761 0.5363 0.8186 -4.4697 0.0300 0.4988 238.0000 23.8000 0.0000 8.0761 2.0000 
791 792 201 0.5363 0.8186 -4.4697 0.7977 1.1658 -4.7526 0.0300 0.5186 238.0000 23.8000 0.0000 9.2990 2.0000 
792 793 201 0.7977 1.1658 -4.7526 1.0314 1.5438 -4.9746 0.0300 0.4968 238.0000 23.8000 0.0000 10.9312 2.0000 
793 794 201 1.0314 1.5438 -4.9746 1.1435 1.7216 -5.0826 0.0300 0.2363 238.0000 23.8000 0.0000 12.0000 2.0000 
588 795 202 0.0652 0.2149 -4.0701 -0.2342 0.1734 -4.4360 0.0300 0.4746 238.0000 23.8000 0.0000 7.2171 2.0000 
795 796 202 -0.2342 0.1734 -4.4360 -0.5015 0.1453 -4.7794 0.0300 0.4360 238.0000 23.8000 0.0000 8.0484 2.0000 
796 797 202 -0.5015 0.1453 -4.7794 -0.8266 0.0985 -5.1966 0.0300 0.5311 238.0000 23.8000 0.0000 9.3709 2.0000 
797 798 202 -0.8266 0.0985 -5.1966 -1.1449 0.0557 -5.6010 0.0300 0.5164 238.0000 23.8000 0.0000 11.2914 2.0000 
798 799 202 -1.1449 0.0557 -5.6010 -1.2280 0.0441 -5.7079 0.0300 0.1359 238.0000 23.8000 0.0000 12.0000 2.0000 
589 800 203 0.0669 0.2626 -4.2712 -0.1089 0.5622 -4.5265 0.0300 0.4311 238.0000 23.8000 0.0000 7.1049 2.0000 
800 801 203 -0.1089 0.5622 -4.5265 -0.2972 0.8801 -4.7992 0.0300 0.4592 238.0000 23.8000 0.0000 7.8531 2.0000 
801 802 203 -0.2972 0.8801 -4.7992 -0.4617 1.1598 -5.0332 0.0300 0.4001 238.0000 23.8000 0.0000 8.7073 2.0000 
802 803 203 -0.4617 1.1598 -5.0332 -0.5987 1.4230 -5.2713 0.0300 0.3805 238.0000 23.8000 0.0000 9.8417 2.0000 
803 804 203 -0.5987 1.4230 -5.2713 -0.6993 1.7310 -5.5406 0.0300 0.4213 238.0000 23.8000 0.0000 12.0000 2.0000 
590 805 204 0.0614 0.2980 -4.4588 0.0823 0.0294 -4.8686 0.0300 0.4904 238.0000 23.8000 0.0000 7.1048 2.0000 
805 806 204 0.0823 0.0294 -4.8686 0.1072 -0.2465 -5.3034 0.0300 0.5155 238.0000 23.8000 0.0000 7.7526 2.0000 
806 807 204 0.1072 -0.2465 -5.3034 0.0960 -0.4496 -5.6817 0.0300 0.4296 238.0000 23.8000 0.0000 8.4407 2.0000 
807 808 204 0.0960 -0.4496 -5.6817 0.0790 -0.7102 -6.1462 0.0300 0.5329 238.0000 23.8000 0.0000 9.6370 2.0000 
808 809 204 0.0790 -0.7102 -6.1462 0.0727 -0.9247 -6.5321 0.0300 0.4416 238.0000 23.8000 0.0000 11.2899 2.0000 
809 810 204 0.0727 -0.9247 -6.5321 0.0714 -0.9842 -6.6385 0.0300 0.1219 238.0000 23.8000 0.0000 12.0000 2.0000 
591 811 205 0.0682 0.3462 -4.6569 0.3328 0.2238 -5.0048 0.0300 0.4539 238.0000 23.8000 0.0000 7.2920 2.0000 
811 812 205 0.3328 0.2238 -5.0048 0.5607 0.1171 -5.3218 0.0300 0.4047 238.0000 23.8000 0.0000 7.9534 2.0000 
812 813 205 0.5607 0.1171 -5.3218 0.8556 -0.0074 -5.7220 0.0300 0.5125 238.0000 23.8000 0.0000 9.0163 2.0000 
813 814 205 0.8556 -0.0074 -5.7220 1.1220 -0.1206 -6.0979 0.0300 0.4744 238.0000 23.8000 0.0000 10.3953 2.0000 
814 815 205 1.1220 -0.1206 -6.0979 1.3298 -0.2036 -6.3864 0.0300 0.3651 238.0000 23.8000 0.0000 12.0000 2.0000 
592 816 206 0.0698 0.3842 -4.8488 -0.2398 0.3792 -5.2109 0.0300 0.4764 238.0000 23.8000 0.0000 7.3918 2.0000 
816 817 206 -0.2398 0.3792 -5.2109 -0.5090 0.3825 -5.5398 0.0300 0.4251 238.0000 23.8000 0.0000 8.0951 2.0000 
817 818 206 -0.5090 0.3825 -5.5398 -0.8652 0.3880 -5.9766 0.0300 0.5637 238.0000 23.8000 0.0000 9.2979 2.0000 
818 819 206 -0.8652 0.3880 -5.9766 -1.1591 0.3853 -6.3593 0.0300 0.4825 238.0000 23.8000 0.0000 10.7725 2.0000 
819 820 206 -1.1591 0.3853 -6.3593 -1.3417 0.4017 -6.5687 0.0300 0.2783 238.0000 23.8000 0.0000 12.0000 2.0000 
593 821 207 0.0729 0.4265 -5.0466 -0.2457 0.5768 -5.3822 0.0300 0.4865 238.0000 23.8000 0.0000 7.4712 2.0000 
821 822 207 -0.2457 0.5768 -5.3822 -0.5597 0.7303 -5.7062 0.0300 0.4766 238.0000 23.8000 0.0000 8.2887 2.0000 
822 823 207 -0.5597 0.7303 -5.7062 -0.8409 0.9131 -6.0561 0.0300 0.4847 238.0000 23.8000 0.0000 9.3931 2.0000 
823 824 207 -0.8409 0.9131 -6.0561 -1.0687 1.0589 -6.3380 0.0300 0.3907 238.0000 23.8000 0.0000 10.6586 2.0000 
824 825 207 -1.0687 1.0589 -6.3380 -1.2172 1.1661 -6.5512 0.0300 0.2811 238.0000 23.8000 0.0000 12.0000 2.0000 
594 826 208 0.0746 0.4680 -5.2448 0.3666 0.7038 -5.5580 0.0300 0.4888 238.0000 23.8000 0.0000 7.5690 2.0000 
826 827 208 0.3666 0.7038 -5.5580 0.6088 0.9145 -5.8225 0.0300 0.4160 238.0000 23.8000 0.0000 8.2900 2.0000 
827 828 208 0.6088 0.9145 -5.8225 0.9704 1.1492 -6.1542 0.0300 0.5439 238.0000 23.8000 0.0000 9.5089 2.0000 
828 829 208 0.9704 1.1492 -6.1542 1.3094 1.3769 -6.4631 0.0300 0.5121 238.0000 23.8000 0.0000 11.1961 2.0000 
829 830 208 1.3094 1.3769 -6.4631 1.4201 1.4525 -6.5735 0.0300 0.1736 238.0000 23.8000 0.0000 12.0000 2.0000 
595 831 209 0.0747 0.5103 -5.4442 0.2632 0.8084 -5.6913 0.0300 0.4307 238.0000 23.8000 0.0000 7.4562 2.0000 
831 832 209 0.2632 0.8084 -5.6913 0.4924 1.1601 -6.0421 0.0300 0.5470 238.0000 23.8000 0.0000 8.2589 2.0000 
832 833 209 0.4924 1.1601 -6.0421 0.7315 1.5215 -6.3940 0.0300 0.5583 238.0000 23.8000 0.0000 9.3394 2.0000 
833 834 209 0.7315 1.5215 -6.3940 0.9733 1.8961 -6.6524 0.0300 0.5153 238.0000 23.8000 0.0000 10.7839 2.0000 
834 835 209 0.9733 1.8961 -6.6524 1.1108 2.1094 -6.7967 0.0300 0.2919 238.0000 23.8000 0.0000 12.0000 2.0000 
596 836 210 0.0750 0.5552 -5.6310 0.0255 0.9774 -5.8796 0.0300 0.4925 238.0000 23.8000 0.0000 7.6857 2.0000 
836 837 210 0.0255 0.9774 -5.8796 -0.0388 1.4036 -6.1216 0.0300 0.4943 238.0000 23.8000 0.0000 8.5212 2.0000 
837 838 210 -0.0388 1.4036 -6.1216 -0.1001 1.8038 -6.3486 0.0300 0.4642 238.0000 23.8000 0.0000 9.5101 2.0000 
838 839 210 -0.1001 1.8038 -6.3486 -0.1938 2.2717 -6.6321 0.0300 0.5550 238.0000 23.8000 0.0000 11.1557 2.0000 
839 840 210 -0.1938 2.2717 -6.6321 -0.2334 2.4443 -6.7380 0.0300 0.2064 238.0000 23.8000 0.0000 12.0000 2.0000 
597 841 211 0.0762 0.5903 -5.8383 0.1879 0.3431 -6.2506 0.0300 0.4936 238.0000 23.8000 0.0000 7.6907 2.0000 
841 842 211 0.1879 0.3431 -6.2506 0.2982 0.1029 -6.6560 0.0300 0.4839 238.0000 23.8000 0.0000 8.4240 2.0000 
842 843 211 0.2982 0.1029 -6.6560 0.3651 -0.1618 -7.1955 0.0300 0.6046 238.0000 23.8000 0.0000 9.6115 2.0000 
843 844 211 0.3651 -0.1618 -7.1955 0.4384 -0.4098 -7.6736 0.0300 0.5436 238.0000 23.8000 0.0000 11.1568 2.0000 
844 845 211 0.4384 -0.4098 -7.6736 0.4693 -0.5081 -7.8600 0.0300 0.2130 238.0000 23.8000 0.0000 12.0000 2.0000 
598 846 212 0.0779 0.6251 -6.0310 -0.1274 0.3800 -6.4327 0.0300 0.5134 238.0000 23.8000 0.0000 7.7973 2.0000 
846 847 212 -0.1274 0.3800 -6.4327 -0.2950 0.1696 -6.7528 0.0300 0.4181 238.0000 23.8000 0.0000 8.4671 2.0000 
847 848 212 -0.2950 0.1696 -6.7528 -0.4563 -0.0377 -7.1296 0.0300 0.4594 238.0000 23.8000 0.0000 9.4203 2.0000 
848 849 212 -0.4563 -0.0377 -7.1296 -0.6055 -0.2203 -7.4694 0.0300 0.4136 238.0000 23.8000 0.0000 10.6324 2.0000 
849 850 212 -0.6055 -0.2203 -7.4694 -0.7134 -0.3472 -7.7294 0.0300 0.3088 238.0000 23.8000 0.0000 12.0000 2.0000 
599 851 213 0.0779 0.6617 -6.2365 0.0884 0.3810 -6.6459 0.0300 0.4965 238.0000 23.8000 0.0000 7.7695 2.0000 
851 852 213 0.0884 0.3810 -6.6459 0.0756 0.1611 -6.9667 0.0300 0.3891 238.0000 23.8000 0.0000 8.3102 2.0000 
852 853 213 0.0756 0.1611 -6.9667 0.0582 -0.1067 -7.3065 0.0300 0.4330 238.0000 23.8000 0.0000 9.0663 2.0000 
853 854 213 0.0582 -0.1067 -7.3065 0.0521 -0.3942 -7.6757 0.0300 0.4680 238.0000 23.8000 0.0000 10.2045 2.0000 
854 855 213 0.0521 -0.3942 -7.6757 0.0213 -0.6638 -8.0265 0.0300 0.4435 238.0000 23.8000 0.0000 12.0000 2.0000 
600 856 214 0.0826 0.6968 -6.4295 -0.1444 0.4940 -6.8666 0.0300 0.5327 238.0000 23.8000 0.0000 7.9412 2.0000 
856 857 214 -0.1444 0.4940 -6.8666 -0.3982 0.2709 -7.3558 0.0300 0.5946 238.0000 23.8000 0.0000 8.8990 2.0000 
857 858 214 -0.3982 0.2709 -7.3558 -0.5826 0.1004 -7.7088 0.0300 0.4332 238.0000 23.8000 0.0000 9.8233 2.0000 
858 859 214 -0.5826 0.1004 -7.7088 -0.7785 -0.0568 -8.0689 0.0300 0.4391 238.0000 23.8000 0.0000 11.1256 2.0000 
859 860 214 -0.7785 -0.0568 -8.0689 -0.8725 -0.1323 -8.2437 0.0300 0.2123 238.0000 23.8000 0.0000 12.0000 2.0000 
601 861 215 0.0950 0.7244 -6.6325 0.4155 0.6339 -6.9663 0.0300 0.4715 238.0000 23.8000 0.0000 7.8819 2.0000 
861 862 215 0.4155 0.6339 -6.9663 0.7710 0.5207 -7.3363 0.0300 0.5255 238.0000 23.8000 0.0000 8.6357 2.0000 
862 863 215 0.7710 0.5207 -7.3363 1.0659 0.4986 -7.7406 0.0300 0.5008 238.0000 23.8000 0.0000 9.5861 2.0000 
863 864 215 1.0659 0.4986 -7.7406 1.2869 0.4808 -8.0433 0.0300 0.3752 238.0000 23.8000 0.0000 10.5649 2.0000 
864 865 215 1.2869 0.4808 -8.0433 1.5245 0.4433 -8.3260 0.0300 0.3712 238.0000 23.8000 0.0000 12.0000 2.0000 
602 866 216 0.1233 0.7608 -6.8240 0.1854 0.5074 -7.2275 0.0300 0.4805 238.0000 23.8000 0.0000 7.9072 2.0000 
866 867 216 0.1854 0.5074 -7.2275 0.2720 0.2919 -7.6227 0.0300 0.4584 238.0000 23.8000 0.0000 8.5036 2.0000 
867 868 216 0.2720 0.2919 -7.6227 0.3602 0.0820 -7.9929 0.0300 0.4346 238.0000 23.8000 0.0000 9.2314 2.0000 
868 869 216 0.3602 0.0820 -7.9929 0.4502 -0.1171 -8.3725 0.0300 0.4380 238.0000 23.8000 0.0000 10.2536 2.0000 
869 870 216 0.4502 -0.1171 -8.3725 0.5194 -0.3349 -8.7553 0.0300 0.4458 238.0000 23.8000 0.0000 12.0000 2.0000 
603 871 217 0.1524 0.7877 -7.0094 0.4572 0.5763 -7.3728 0.0300 0.5193 238.0000 23.8000 0.0000 8.1704 2.0000 
871 872 217 0.4572 0.5763 -7.3728 0.7815 0.4014 -7.6994 0.0300 0.4924 238.0000 23.8000 0.0000 8.9975 2.0000 
872 873 217 0.7815 0.4014 -7.6994 1.0894 0.2600 -7.9906 0.0300 0.4467 238.0000 23.8000 0.0000 9.9559 2.0000 
873 874 217 1.0894 0.2600 -7.9906 1.4239 0.0951 -8.2764 0.0300 0.4699 238.0000 23.8000 0.0000 11.3434 2.0000 
874 875 217 1.4239 0.0951 -8.2764 1.5496 0.0530 -8.3780 0.0300 0.1671 238.0000 23.8000 0.0000 12.0000 2.0000 
604 876 218 0.1816 0.8159 -7.2015 0.0132 0.6778 -7.5950 0.0300 0.4498 238.0000 23.8000 0.0000 8.2699 2.0000 
876 877 218 0.0132 0.6778 -7.5950 -0.1688 0.5298 -8.0048 0.0300 0.4722 238.0000 23.8000 0.0000 9.2072 2.0000 
877 878 218 -0.1688 0.5298 -8.0048 -0.3825 0.3664 -8.4815 0.0300 0.5473 238.0000 23.8000 0.0000 10.6158 2.0000 
878 879 218 -0.3825 0.3664 -8.4815 -0.5348 0.2521 -8.8260 0.0300 0.3937 238.0000 23.8000 0.0000 12.0000 2.0000 
605 880 219 0.2157 0.8546 -7.4089 0.3771 0.6497 -7.7828 0.0300 0.4559 238.0000 23.8000 0.0000 8.1016 2.0000 
880 881 219 0.3771 0.6497 -7.7828 0.5850 0.3815 -8.2100 0.0300 0.5455 238.0000 23.8000 0.0000 8.8483 2.0000 
881 882 219 0.5850 0.3815 -8.2100 0.6709 0.1317 -8.5249 0.0300 0.4110 238.0000 23.8000 0.0000 9.5781 2.0000 
882 883 219 0.6709 0.1317 -8.5249 0.7830 -0.1694 -8.9539 0.0300 0.5360 238.0000 23.8000 0.0000 10.9460 2.0000 
883 884 219 0.7830 -0.1694 -8.9539 0.8242 -0.3155 -9.1754 0.0300 0.2685 238.0000 23.8000 0.0000 12.0000 2.0000 
606 885 220 0.2500 0.8923 -7.6205 0.3730 0.6693 -8.0127 0.0300 0.4676 238.0000 23.8000 0.0000 8.4425 2.0000 
885 886 220 0.3730 0.6693 -8.0127 0.4958 0.4331 -8.4262 0.0300 0.4917 238.0000 23.8000 0.0000 9.4541 2.0000 
886 887 220 0.4958 0.4331 -8.4262 0.5828 0.2041 -8.7700 0.0300 0.4222 238.0000 23.8000 0.0000 10.5908 2.0000 
887 888 220 0.5828 0.2041 -8.7700 0.6617 -0.0025 -9.0801 0.0300 0.3808 238.0000 23.8000 0.0000 12.0000 2.0000 
607 889 221 0.2761 0.9276 -7.8076 0.5028 1.1934 -8.0307 0.0300 0.4144 238.0000 23.8000 0.0000 8.2763 2.0000 
889 890 221 0.5028 1.1934 -8.0307 0.7321 1.4753 -8.2503 0.0300 0.4246 238.0000 23.8000 0.0000 8.9386 2.0000 
890 891 221 0.7321 1.4753 -8.2503 0.9963 1.7869 -8.5005 0.0300 0.4790 238.0000 23.8000 0.0000 9.8892 2.0000 
891 892 221 0.9963 1.7869 -8.5005 1.2196 2.1214 -8.7363 0.0300 0.4662 238.0000 23.8000 0.0000 11.1818 2.0000 
892 893 221 1.2196 2.1214 -8.7363 1.3259 2.2752 -8.8404 0.0300 0.2140 238.0000 23.8000 0.0000 12.0000 2.0000 
608 894 222 0.3020 0.9521 -7.9960 0.6067 1.2148 -8.2753 0.0300 0.4898 238.0000 23.8000 0.0000 8.4341 2.0000 
894 895 222 0.6067 1.2148 -8.2753 0.8602 1.4358 -8.5023 0.0300 0.4057 238.0000 23.8000 0.0000 9.0738 2.0000 
895 896 222 0.8602 1.4358 -8.5023 1.1698 1.7128 -8.7791 0.0300 0.4992 238.0000 23.8000 0.0000 10.0896 2.0000 
896 897 222 1.1698 1.7128 -8.7791 1.4754 2.0214 -9.0304 0.0300 0.5018 238.0000 23.8000 0.0000 11.5929 2.0000 
897 898 222 1.4754 2.0214 -9.0304 1.5358 2.0836 -9.0805 0.0300 0.1001 238.0000 23.8000 0.0000 12.0000 2.0000 
609 899 223 0.3260 0.9777 -8.1872 0.1212 1.2576 -8.5506 0.0300 0.5023 238.0000 23.8000 0.0000 8.8286 2.0000 
899 900 223 0.1212 1.2576 -8.5506 -0.0165 1.5233 -8.9339 0.0300 0.4863 238.0000 23.8000 0.0000 9.9635 2.0000 
900 901 223 -0.0165 1.5233 -8.9339 -0.1547 1.7892 -9.3170 0.0300 0.4864 238.0000 23.8000 0.0000 11.4082 2.0000 
901 902 223 -0.1547 1.7892 -9.3170 -0.1988 1.8793 -9.4470 0.0300 0.1642 238.0000 23.8000 0.0000 12.0000 2.0000 
610 903 224 0.3457 0.9944 -8.3927 0.2209 0.7817 -8.6935 0.0300 0.3890 238.0000 23.8000 0.0000 8.3906 2.0000 
903 904 224 0.2209 0.7817 -8.6935 0.0066 0.5555 -9.0560 0.0300 0.4779 238.0000 23.8000 0.0000 9.0708 2.0000 
904 905 224 0.0066 0.5555 -9.0560 -0.1885 0.3332 -9.3511 0.0300 0.4178 238.0000 23.8000 0.0000 9.8317 2.0000 
905 906 224 -0.1885 0.3332 -9.3511 -0.4379 0.0392 -9.7032 0.0300 0.5221 238.0000 23.8000 0.0000 11.1915 2.0000 
906 907 224 -0.4379 0.0392 -9.7032 -0.5318 -0.0867 -9.8466 0.0300 0.2127 238.0000 23.8000 0.0000 12.0000 2.0000 
611 908 225 0.3736 0.9889 -8.5867 0.7407 0.9046 -8.8709 0.0300 0.4719 238.0000 23.8000 0.0000 8.7207 2.0000 
908 909 225 0.7407 0.9046 -8.8709 1.0963 0.8246 -9.1208 0.0300 0.4420 238.0000 23.8000 0.0000 9.5388 2.0000 
909 910 225 1.0963 0.8246 -9.1208 1.5095 0.7581 -9.4077 0.0300 0.5074 238.0000 23.8000 0.0000 10.7471 2.0000 
910 911 225 1.5095 0.7581 -9.4077 1.8096 0.6649 -9.6330 0.0300 0.3866 238.0000 23.8000 0.0000 12.0000 2.0000 
612 912 226 0.4045 0.9754 -8.7992 0.7605 1.1438 -9.1498 0.0300 0.5272 238.0000 23.8000 0.0000 8.7648 2.0000 
912 913 226 0.7605 1.1438 -9.1498 1.0720 1.2962 -9.4518 0.0300 0.4599 238.0000 23.8000 0.0000 9.5072 2.0000 
913 914 226 1.0720 1.2962 -9.4518 1.3950 1.4562 -9.7664 0.0300 0.4784 238.0000 23.8000 0.0000 10.4960 2.0000 
914 915 226 1.3950 1.4562 -9.7664 1.7373 1.6256 -10.1055 0.0300 0.5107 238.0000 23.8000 0.0000 12.0000 2.0000 
613 916 227 0.4320 0.9745 -8.9940 0.4950 0.6663 -9.2858 0.0300 0.4291 238.0000 23.8000 0.0000 8.6885 2.0000 
916 917 227 0.4950 0.6663 -9.2858 0.5637 0.3208 -9.5641 0.0300 0.4490 238.0000 23.8000 0.0000 9.3782 2.0000 
917 918 227 0.5637 0.3208 -9.5641 0.6335 -0.0511 -9.8521 0.0300 0.4755 238.0000 23.8000 0.0000 10.3014 2.0000 
918 919 227 0.6335 -0.0511 -9.8521 0.6943 -0.3942 -10.1423 0.0300 0.4534 238.0000 23.8000 0.0000 11.4986 2.0000 
919 920 227 0.6943 -0.3942 -10.1423 0.7154 -0.5062 -10.2361 0.0300 0.1476 238.0000 23.8000 0.0000 12.0000 2.0000 
614 921 228 0.4536 0.9850 -9.2077 0.7737 0.8582 -9.5329 0.0300 0.4736 238.0000 23.8000 0.0000 8.7970 2.0000 
921 922 228 0.7737 0.8582 -9.5329 1.0907 0.7203 -9.8967 0.0300 0.5018 238.0000 23.8000 0.0000 9.5516 2.0000 
922 923 228 1.0907 0.7203 -9.8967 1.3997 0.5424 -10.2905 0.0300 0.5313 238.0000 23.8000 0.0000 10.5849 2.0000 
923 924 228 1.3997 0.5424 -10.2905 1.6906 0.3868 -10.6819 0.0300 0.5119 238.0000 23.8000 0.0000 12.0000 2.0000 
615 925 229 0.4733 0.9950 -9.4053 0.3482 0.6984 -9.8193 0.0300 0.5245 238.0000 23.8000 0.0000 9.0290 2.0000 
925 926 229 0.3482 0.6984 -9.8193 0.2235 0.4031 -10.2315 0.0300 0.5222 238.0000 23.8000 0.0000 9.9595 2.0000 
926 927 229 0.2235 0.4031 -10.2315 0.1464 0.1419 -10.5511 0.0300 0.4199 238.0000 23.8000 0.0000 10.9152 2.0000 
927 928 229 0.1464 0.1419 -10.5511 0.0717 -0.0808 -10.8318 0.0300 0.3660 238.0000 23.8000 0.0000 12.0000 2.0000 
616 929 230 0.4877 0.9988 -9.6072 0.7259 1.2317 -9.9011 0.0300 0.4443 238.0000 23.8000 0.0000 8.9838 2.0000 
929 930 230 0.7259 1.2317 -9.9011 1.0296 1.5214 -10.2128 0.0300 0.5227 238.0000 23.8000 0.0000 9.9031 2.0000 
930 931 230 1.0296 1.5214 -10.2128 1.3226 1.8127 -10.5220 0.0300 0.5161 238.0000 23.8000 0.0000 11.0956 2.0000 
931 932 230 1.3226 1.8127 -10.5220 1.4911 1.9795 -10.7017 0.0300 0.2975 238.0000 23.8000 0.0000 12.0000 2.0000 
617 933 231 0.5022 1.0077 -9.8155 0.7734 1.0770 -10.0607 0.0300 0.3721 238.0000 23.8000 0.0000 8.8942 2.0000 
933 934 231 0.7734 1.0770 -10.0607 1.0628 1.1520 -10.3368 0.0300 0.4069 238.0000 23.8000 0.0000 9.5101 2.0000 
934 935 231 1.0628 1.1520 -10.3368 1.4847 1.2351 -10.6780 0.0300 0.5490 238.0000 23.8000 0.0000 10.5736 2.0000 
935 936 231 1.4847 1.2351 -10.6780 1.8299 1.3066 -10.9719 0.0300 0.4589 238.0000 23.8000 0.0000 11.8259 2.0000 
936 937 231 1.8299 1.3066 -10.9719 1.8687 1.3143 -11.0045 0.0300 0.0513 238.0000 23.8000 0.0000 12.0000 2.0000 
618 938 232 0.5173 1.0160 -10.0191 0.8671 1.0150 -10.3359 0.0300 0.4720 238.0000 23.8000 0.0000 9.0056 2.0000 
938 939 232 0.8671 1.0150 -10.3359 1.2031 1.0165 -10.6155 0.0300 0.4372 238.0000 23.8000 0.0000 9.5901 2.0000 
939 940 232 1.2031 1.0165 -10.6155 1.5807 1.0330 -10.9240 0.0300 0.4879 238.0000 23.8000 0.0000 10.4218 2.0000 
940 941 232 1.5807 1.0330 -10.9240 1.9728 1.0462 -11.2433 0.0300 0.5057 238.0000 23.8000 0.0000 11.6469 2.0000 
941 942 232 1.9728 1.0462 -11.2433 2.0566 1.0492 -11.3148 0.0300 0.1102 238.0000 23.8000 0.0000 12.0000 2.0000 
619 943 233 0.5161 1.0265 -10.2385 0.7616 0.9126 -10.6014 0.0300 0.4527 238.0000 23.8000 0.0000 9.0692 2.0000 
943 944 233 0.7616 0.9126 -10.6014 1.0178 0.8057 -10.9308 0.0300 0.4308 238.0000 23.8000 0.0000 9.6526 2.0000 
944 945 233 1.0178 0.8057 -10.9308 1.3508 0.6648 -11.3364 0.0300 0.5433 238.0000 23.8000 0.0000 10.5996 2.0000 
945 946 233 1.3508 0.6648 -11.3364 1.6773 0.4728 -11.6958 0.0300 0.5222 238.0000 23.8000 0.0000 11.9228 2.0000 
946 947 233 1.6773 0.4728 -11.6958 1.6922 0.4640 -11.7124 0.0300 0.0239 238.0000 23.8000 0.0000 12.0000 2.0000 
620 948 234 0.5167 1.0370 -10.4406 0.6244 0.7264 -10.7911 0.0300 0.4805 238.0000 23.8000 0.0000 9.2123 2.0000 
948 949 234 0.6244 0.7264 -10.7911 0.7371 0.4300 -11.1212 0.0300 0.4577 238.0000 23.8000 0.0000 9.8928 2.0000 
949 950 234 0.7371 0.4300 -11.1212 0.8471 0.0749 -11.4163 0.0300 0.4746 238.0000 23.8000 0.0000 10.7965 2.0000 
950 951 234 0.8471 0.0749 -11.4163 0.9384 -0.2726 -11.6956 0.0300 0.4551 238.0000 23.8000 0.0000 12.0000 2.0000 
621 952 235 0.5142 1.0446 -10.6392 0.4394 0.7003 -11.0059 0.0300 0.5085 238.0000 23.8000 0.0000 9.2684 2.0000 
952 953 235 0.4394 0.7003 -11.0059 0.3933 0.3478 -11.3932 0.0300 0.5257 238.0000 23.8000 0.0000 10.0032 2.0000 
953 954 235 0.3933 0.3478 -11.3932 0.3577 0.0357 -11.7216 0.0300 0.4544 238.0000 23.8000 0.0000 10.8202 2.0000 
954 955 235 0.3577 0.0357 -11.7216 0.3352 -0.2294 -12.0504 0.0300 0.4231 238.0000 23.8000 0.0000 11.8450 2.0000 
955 956 235 0.3352 -0.2294 -12.0504 0.3322 -0.2614 -12.0921 0.0300 0.0526 238.0000 23.8000 0.0000 12.0000 2.0000 
622 957 236 0.5084 1.0558 -10.8274 0.2121 0.9514 -11.1436 0.0300 0.4457 238.0000 23.8000 0.0000 9.2545 2.0000 
957 958 236 0.2121 0.9514 -11.1436 -0.0657 0.8538 -11.4405 0.0300 0.4182 238.0000 23.8000 0.0000 9.8210 2.0000 
958 959 236 -0.0657 0.8538 -11.4405 -0.4509 0.7306 -11.8312 0.0300 0.5622 238.0000 23.8000 0.0000 10.8335 2.0000 
959 960 236 -0.4509 0.7306 -11.8312 -0.7389 0.6286 -12.0957 0.0300 0.4042 238.0000 23.8000 0.0000 11.8967 2.0000 
960 961 236 -0.7389 0.6286 -12.0957 -0.7613 0.6198 -12.1162 0.0300 0.0315 238.0000 23.8000 0.0000 12.0000 2.0000 
623 962 237 0.5019 1.0678 -11.0445 0.7883 0.8783 -11.4152 0.0300 0.5053 238.0000 23.8000 0.0000 9.5513 2.0000 
962 963 237 0.7883 0.8783 -11.4152 1.0453 0.7091 -11.7502 0.0300 0.4549 238.0000 23.8000 0.0000 10.3506 2.0000 
963 964 237 1.0453 0.7091 -11.7502 1.2976 0.5546 -12.0673 0.0300 0.4337 238.0000 23.8000 0.0000 11.3223 2.0000 
964 965 237 1.2976 0.5546 -12.0673 1.4378 0.4682 -12.2428 0.0300 0.2406 238.0000 23.8000 0.0000 12.0000 2.0000 
624 966 238 0.4928 1.0736 -11.2461 0.7424 1.2886 -11.6107 0.0300 0.4914 238.0000 23.8000 0.0000 9.5888 2.0000 
966 967 238 0.7424 1.2886 -11.6107 1.0167 1.5276 -11.9877 0.0300 0.5239 238.0000 23.8000 0.0000 10.4984 2.0000 
967 968 238 1.0167 1.5276 -11.9877 1.2836 1.7272 -12.3383 0.0300 0.4837 238.0000 23.8000 0.0000 11.5958 2.0000 
968 969 238 1.2836 1.7272 -12.3383 1.3675 1.7953 -12.4353 0.0300 0.1453 238.0000 23.8000 0.0000 12.0000 2.0000 
625 970 239 0.4901 1.0783 -11.4335 0.3175 1.3653 -11.7623 0.0300 0.4693 238.0000 23.8000 0.0000 9.5520 2.0000 
970 971 239 0.3175 1.3653 -11.7623 0.0766 1.6875 -12.1313 0.0300 0.5459 238.0000 23.8000 0.0000 10.3956 2.0000 
971 972 239 0.0766 1.6875 -12.1313 -0.1222 1.9718 -12.4573 0.0300 0.4760 238.0000 23.8000 0.0000 11.3516 2.0000 
972 973 239 -0.1222 1.9718 -12.4573 -0.2314 2.1193 -12.6343 0.0300 0.2550 238.0000 23.8000 0.0000 12.0000 2.0000 
626 974 240 0.4876 1.0836 -11.6263 0.3180 0.8286 -11.9526 0.0300 0.4475 238.0000 23.8000 0.0000 9.6362 2.0000 
974 975 240 0.3180 0.8286 -11.9526 0.1288 0.5464 -12.3125 0.0300 0.4949 238.0000 23.8000 0.0000 10.4667 2.0000 
975 976 240 0.1288 0.5464 -12.3125 -0.0782 0.2878 -12.7038 0.0300 0.5127 238.0000 23.8000 0.0000 11.6167 2.0000 
976 977 240 -0.0782 0.2878 -12.7038 -0.1304 0.2192 -12.8086 0.0300 0.1357 238.0000 23.8000 0.0000 12.0000 2.0000 
627 978 241 0.4843 1.0905 -11.8655 0.6149 0.7705 -12.2371 0.0300 0.5075 238.0000 23.8000 0.0000 9.7757 2.0000 
978 979 241 0.6149 0.7705 -12.2371 0.7295 0.4502 -12.5836 0.0300 0.4857 238.0000 23.8000 0.0000 10.5667 2.0000 
979 980 241 0.7295 0.4502 -12.5836 0.8777 0.1694 -12.9203 0.0300 0.4627 238.0000 23.8000 0.0000 11.5453 2.0000 
980 981 241 0.8777 0.1694 -12.9203 0.9281 0.0760 -13.0574 0.0300 0.1734 238.0000 23.8000 0.0000 12.0000 2.0000 
628 982 242 0.4759 1.0989 -12.0691 0.7774 1.1338 -12.4033 0.0300 0.4514 238.0000 23.8000 0.0000 9.7787 2.0000 
982 983 242 0.7774 1.1338 -12.4033 1.1185 1.1685 -12.7338 0.0300 0.4763 238.0000 23.8000 0.0000 10.5490 2.0000 
983 984 242 1.1185 1.1685 -12.7338 1.4697 1.2017 -13.0689 0.0300 0.4866 238.0000 23.8000 0.0000 11.5653 2.0000 
984 985 242 1.4697 1.2017 -13.0689 1.5921 1.2136 -13.1839 0.0300 0.1684 238.0000 23.8000 0.0000 12.0000 2.0000 
629 986 243 0.4677 1.1080 -12.2882 0.7887 1.2491 -12.6084 0.0300 0.4749 238.0000 23.8000 0.0000 9.9414 2.0000 
986 987 243 0.7887 1.2491 -12.6084 1.1909 1.3728 -12.9621 0.0300 0.5497 238.0000 23.8000 0.0000 10.9181 2.0000 
987 988 243 1.1909 1.3728 -12.9621 1.5321 1.4807 -13.2708 0.0300 0.4726 238.0000 23.8000 0.0000 12.0000 2.0000 
630 989 244 0.4718 1.1142 -12.4929 0.8536 1.1216 -12.8683 0.0300 0.5354 238.0000 23.8000 0.0000 10.1223 2.0000 
989 990 244 0.8536 1.1216 -12.8683 1.2241 1.1176 -13.2015 0.0300 0.4984 238.0000 23.8000 0.0000 11.0457 2.0000 
990 991 244 1.2241 1.1176 -13.2015 1.5220 1.1253 -13.4781 0.0300 0.4066 238.0000 23.8000 0.0000 12.0000 2.0000 
631 992 245 0.4762 1.1119 -12.6933 0.3187 1.4143 -13.1343 0.0300 0.5574 238.0000 23.8000 0.0000 10.0802 2.0000 
992 993 245 0.3187 1.4143 -13.1343 0.2288 1.6070 -13.4876 0.0300 0.4124 238.0000 23.8000 0.0000 10.7052 2.0000 
993 994 245 0.2288 1.6070 -13.4876 0.1234 1.8165 -13.8869 0.0300 0.4630 238.0000 23.8000 0.0000 11.5909 2.0000 
994 995 245 0.1234 1.8165 -13.8869 0.0843 1.8962 -14.0371 0.0300 0.1745 238.0000 23.8000 0.0000 12.0000 2.0000 
632 996 246 0.4806 1.1096 -12.8922 0.1819 1.3473 -13.2868 0.0300 0.5490 238.0000 23.8000 0.0000 10.0997 2.0000 
996 997 246 0.1819 1.3473 -13.2868 -0.0696 1.5669 -13.6001 0.0300 0.4578 238.0000 23.8000 0.0000 10.7611 2.0000 
997 998 246 -0.0696 1.5669 -13.6001 -0.3082 1.7822 -13.9831 0.0300 0.4999 238.0000 23.8000 0.0000 11.6988 2.0000 
998 999 246 -0.3082 1.7822 -13.9831 -0.3672 1.8400 -14.0842 0.0300 0.1305 238.0000 23.8000 0.0000 12.0000 2.0000 
633 1000 247 0.4861 1.1094 -13.0910 0.1910 1.2944 -13.4675 0.0300 0.5128 238.0000 23.8000 0.0000 10.2697 2.0000 
1000 1001 247 0.1910 1.2944 -13.4675 -0.0377 1.5237 -13.8665 0.0300 0.5139 238.0000 23.8000 0.0000 11.1891 2.0000 
1001 1002 247 -0.0377 1.5237 -13.8665 -0.1972 1.6983 -14.1418 0.0300 0.3630 238.0000 23.8000 0.0000 12.0000 2.0000 
634 1003 248 0.4914 1.1100 -13.2922 0.8023 1.1846 -13.6065 0.0300 0.4484 238.0000 23.8000 0.0000 10.1196 2.0000 
1003 1004 248 0.8023 1.1846 -13.6065 1.2079 1.2886 -13.9796 0.0300 0.5608 238.0000 23.8000 0.0000 10.9299 2.0000 
1004 1005 248 1.2079 1.2886 -13.9796 1.5964 1.3936 -14.3365 0.0300 0.5379 238.0000 23.8000 0.0000 11.9763 2.0000 
1005 1006 248 1.5964 1.3936 -14.3365 1.6038 1.3956 -14.3433 0.0300 0.0102 238.0000 23.8000 0.0000 12.0000 2.0000 
635 1007 249 0.4918 1.1129 -13.4842 0.2211 1.1208 -13.7891 0.0300 0.4079 238.0000 23.8000 0.0000 10.2096 2.0000 
1007 1008 249 0.2211 1.1208 -13.7891 -0.1131 1.1310 -14.1641 0.0300 0.5024 238.0000 23.8000 0.0000 11.0287 2.0000 
1008 1009 249 -0.1131 1.1310 -14.1641 -0.3875 1.1343 -14.4775 0.0300 0.4166 238.0000 23.8000 0.0000 11.8926 2.0000 
1009 1010 249 -0.3875 1.1343 -14.4775 -0.4175 1.1349 -14.5110 0.0300 0.0450 238.0000 23.8000 0.0000 12.0000 2.0000 
636 1011 250 0.4862 1.1121 -13.6902 0.5871 0.7311 -14.0956 0.0300 0.5653 238.0000 23.8000 0.0000 10.4537 2.0000 
1011 1012 250 0.5871 0.7311 -14.0956 0.6634 0.4267 -14.4606 0.0300 0.4814 238.0000 23.8000 0.0000 11.2095 2.0000 
1012 1013 250 0.6634 0.4267 -14.4606 0.7261 0.1753 -14.7720 0.0300 0.4051 238.0000 23.8000 0.0000 12.0000 2.0000 
637 1014 251 0.4791 1.1113 -13.8806 0.1427 1.2553 -14.2171 0.0300 0.4971 238.0000 23.8000 0.0000 10.4557 2.0000 
1014 1015 251 0.1427 1.2553 -14.2171 -0.1537 1.3620 -14.5365 0.0300 0.4486 238.0000 23.8000 0.0000 11.1661 2.0000 
1015 1016 251 -0.1537 1.3620 -14.5365 -0.4270 1.4540 -14.8558 0.0300 0.4302 238.0000 23.8000 0.0000 12.0000 2.0000 
638 1017 252 0.4732 1.1095 -14.0716 0.1684 1.0541 -14.3700 0.0300 0.4301 238.0000 23.8000 0.0000 10.3406 2.0000 
1017 1018 252 0.1684 1.0541 -14.3700 -0.1482 1.0044 -14.6973 0.0300 0.4580 238.0000 23.8000 0.0000 10.9575 2.0000 
1018 1019 252 -0.1482 1.0044 -14.6973 -0.4347 0.9462 -14.9940 0.0300 0.4165 238.0000 23.8000 0.0000 11.6676 2.0000 
1019 1020 252 -0.4347 0.9462 -14.9940 -0.5455 0.9274 -15.1100 0.0300 0.1616 238.0000 23.8000 0.0000 12.0000 2.0000 
639 1021 253 0.4623 1.1033 -14.2418 0.6333 1.3679 -14.5936 0.0300 0.4723 238.0000 23.8000 0.0000 10.4632 2.0000 
1021 1022 253 0.6333 1.3679 -14.5936 0.8270 1.7014 -14.9440 0.0300 0.5211 238.0000 23.8000 0.0000 11.1963 2.0000 
1022 1023 253 0.8270 1.7014 -14.9440 1.0006 1.9334 -15.2824 0.0300 0.4455 238.0000 23.8000 0.0000 12.0000 2.0000 
640 1024 254 0.4488 1.0969 -14.4443 0.5694 0.8205 -14.7087 0.0300 0.4011 238.0000 23.8000 0.0000 10.6722 2.0000 
1024 1025 254 0.5694 0.8205 -14.7087 0.6921 0.4573 -14.9898 0.0300 0.4754 238.0000 23.8000 0.0000 11.6622 2.0000 
1025 1026 254 0.6921 0.4573 -14.9898 0.7268 0.3538 -15.0733 0.0300 0.1374 238.0000 23.8000 0.0000 12.0000 2.0000 
641 1027 255 0.4419 1.0911 -14.6270 0.5985 0.7003 -14.9875 0.0300 0.5543 238.0000 23.8000 0.0000 10.6349 2.0000 
1027 1028 255 0.5985 0.7003 -14.9875 0.6633 0.3133 -15.3652 0.0300 0.5446 238.0000 23.8000 0.0000 11.3524 2.0000 
1028 1029 255 0.6633 0.3133 -15.3652 0.7350 0.0480 -15.6351 0.0300 0.3852 238.0000 23.8000 0.0000 12.0000 2.0000 
642 1030 256 0.4297 1.0914 -14.8116 0.0845 1.1165 -15.1363 0.0300 0.4746 238.0000 23.8000 0.0000 10.7703 2.0000 
1030 1031 256 0.0845 1.1165 -15.1363 -0.2771 1.1750 -15.4919 0.0300 0.5105 238.0000 23.8000 0.0000 11.6302 2.0000 
1031 1032 256 -0.2771 1.1750 -15.4919 -0.4153 1.1933 -15.6143 0.0300 0.1855 238.0000 23.8000 0.0000 12.0000 2.0000 
643 1033 257 0.4167 1.0945 -15.0110 0.6885 1.2084 -15.3718 0.0300 0.4659 238.0000 23.8000 0.0000 10.8101 2.0000 
1033 1034 257 0.6885 1.2084 -15.3718 0.9611 1.3197 -15.7357 0.0300 0.4681 238.0000 23.8000 0.0000 11.5753 2.0000 
1034 1035 257 0.9611 1.3197 -15.7357 1.0892 1.3804 -15.9015 0.0300 0.2182 238.0000 23.8000 0.0000 12.0000 2.0000 
644 1036 258 0.3941 1.0908 -15.2236 0.1979 0.7439 -15.5886 0.0300 0.5404 238.0000 23.8000 0.0000 10.9668 2.0000 
1036 1037 258 0.1979 0.7439 -15.5886 0.0260 0.4490 -15.9284 0.0300 0.4817 238.0000 23.8000 0.0000 11.7496 2.0000 
1037 1038 258 0.0260 0.4490 -15.9284 -0.0277 0.3706 -16.0201 0.0300 0.1321 238.0000 23.8000 0.0000 12.0000 2.0000 
645 1039 259 0.3914 1.0954 -15.4138 0.0815 1.0914 -15.7201 0.0300 0.4357 238.0000 23.8000 0.0000 10.8908 2.0000 
1039 1040 259 0.0815 1.0914 -15.7201 -0.2499 1.0491 -16.0171 0.0300 0.4471 238.0000 23.8000 0.0000 11.5800 2.0000 
1040 1041 259 -0.2499 1.0491 -16.0171 -0.4229 1.0264 -16.1716 0.0300 0.2331 238.0000 23.8000 0.0000 12.0000 2.0000 
646 1042 260 0.3899 1.1054 -15.6119 0.3462 1.4809 -15.9155 0.0300 0.4848 238.0000 23.8000 0.0000 11.0647 2.0000 
1042 1043 260 0.3462 1.4809 -15.9155 0.3038 1.8761 -16.1790 0.0300 0.4768 238.0000 23.8000 0.0000 11.8618 2.0000 
1043 1044 260 0.3038 1.8761 -16.1790 0.2979 1.9396 -16.2144 0.0300 0.0730 238.0000 23.8000 0.0000 12.0000 2.0000 
647 1045 261 0.3939 1.1128 -15.8147 0.4231 1.4567 -16.1622 0.0300 0.4898 238.0000 23.8000 0.0000 11.0203 2.0000 
1045 1046 261 0.4231 1.4567 -16.1622 0.4507 1.7588 -16.4877 0.0300 0.4449 238.0000 23.8000 0.0000 11.6393 2.0000 
1046 1047 261 0.4507 1.7588 -16.4877 0.4728 1.9130 -16.6400 0.0300 0.2179 238.0000 23.8000 0.0000 12.0000 2.0000 
648 1048 262 0.3962 1.1189 -16.0135 0.0458 1.0796 -16.3885 0.0300 0.5147 238.0000 23.8000 0.0000 11.2252 2.0000 
1048 1049 262 0.0458 1.0796 -16.3885 -0.2501 1.0500 -16.7136 0.0300 0.4407 238.0000 23.8000 0.0000 11.9474 2.0000 
1049 1050 262 -0.2501 1.0500 -16.7136 -0.2696 1.0482 -16.7346 0.0300 0.0287 238.0000 23.8000 0.0000 12.0000 2.0000 
649 1051 263 0.3982 1.1251 -16.1906 0.7728 1.2303 -16.5975 0.0300 0.5630 238.0000 23.8000 0.0000 11.4999 2.0000 
1051 1052 263 0.7728 1.2303 -16.5975 0.9586 1.2907 -16.7766 0.0300 0.2650 238.0000 23.8000 0.0000 12.0000 2.0000 
650 1053 264 0.3992 1.1363 -16.3883 0.7281 1.2097 -16.7231 0.0300 0.4750 238.0000 23.8000 0.0000 11.2708 2.0000 
1053 1054 264 0.7281 1.2097 -16.7231 0.9966 1.2630 -17.0419 0.0300 0.4203 238.0000 23.8000 0.0000 11.9138 2.0000 
1054 1055 264 0.9966 1.2630 -17.0419 1.0285 1.2694 -17.0807 0.0300 0.0506 238.0000 23.8000 0.0000 12.0000 2.0000 
651 1056 265 0.4004 1.1457 -16.5808 0.8243 1.1383 -17.0017 0.0300 0.5974 238.0000 23.8000 0.0000 11.4668 2.0000 
1056 1057 265 0.8243 1.1383 -17.0017 1.0783 1.1333 -17.2559 0.0300 0.3594 238.0000 23.8000 0.0000 12.0000 2.0000 
652 1058 266 0.3969 1.1501 -16.7792 0.0166 1.0841 -17.1452 0.0300 0.5319 238.0000 23.8000 0.0000 11.4827 2.0000 
1058 1059 266 0.0166 1.0841 -17.1452 -0.2378 1.0401 -17.3647 0.0300 0.3389 238.0000 23.8000 0.0000 12.0000 2.0000 
653 1060 267 0.3834 1.1566 -16.9779 0.0692 1.0228 -17.2861 0.0300 0.4600 238.0000 23.8000 0.0000 11.4087 2.0000 
1060 1061 267 0.0692 1.0228 -17.2861 -0.2228 0.9321 -17.5800 0.0300 0.4241 238.0000 23.8000 0.0000 12.0000 2.0000 
654 1062 268 0.3676 1.1649 -17.1759 0.1298 1.4135 -17.5267 0.0300 0.4914 238.0000 23.8000 0.0000 11.5335 2.0000 
1062 1063 268 0.1298 1.4135 -17.5267 0.0056 1.5791 -17.7788 0.0300 0.3262 238.0000 23.8000 0.0000 12.0000 2.0000 
655 1064 269 0.3665 1.1603 -17.3919 0.6881 1.1110 -17.7393 0.0300 0.4760 238.0000 23.8000 0.0000 11.6512 2.0000 
1064 1065 269 0.6881 1.1110 -17.7393 0.8394 1.0808 -17.9035 0.0300 0.2254 238.0000 23.8000 0.0000 12.0000 2.0000 
656 1066 270 0.3631 1.1750 -17.6054 0.3816 1.5542 -17.9387 0.0300 0.5052 238.0000 23.8000 0.0000 11.8030 2.0000 
1066 1067 270 0.3816 1.5542 -17.9387 0.3863 1.6483 -18.0192 0.0300 0.1239 238.0000 23.8000 0.0000 12.0000 2.0000 
657 1068 271 0.3601 1.1887 -17.8014 0.4454 1.5216 -18.1124 0.0300 0.4635 238.0000 23.8000 0.0000 11.8130 2.0000 
1068 1069 271 0.4454 1.5216 -18.1124 0.4700 1.6049 -18.1920 0.0300 0.1178 238.0000 23.8000 0.0000 12.0000 2.0000 
658 1070 272 0.3606 1.2045 -17.9951 0.6541 1.1233 -18.3229 0.0300 0.4475 238.0000 23.8000 0.0000 12.0000 2.0000 
659 1071 273 0.3611 1.2232 -18.1960 0.0822 1.3722 -18.4922 0.0300 0.4333 238.0000 23.8000 0.0000 11.9133 2.0000 
1071 1072 273 0.0822 1.3722 -18.4922 0.0465 1.3912 -18.5301 0.0300 0.0554 238.0000 23.8000 0.0000 12.0000 2.0000 
660 1073 274 0.3622 1.2439 -18.4093 0.0787 1.3310 -18.7576 0.0300 0.4574 238.0000 23.8000 0.0000 11.9293 2.0000 
1073 1074 274 0.0787 1.3310 -18.7576 0.0467 1.3413 -18.7980 0.0300 0.0526 238.0000 23.8000 0.0000 12.0000 2.0000 
661 1075 275 0.3573 1.2651 -18.5980 0.6652 1.2762 -18.8793 0.0300 0.4172 238.0000 23.8000 0.0000 12.0000 2.0000 
662 1076 276 0.3414 1.2814 -18.7860 0.4694 1.5266 -19.0963 0.0300 0.4157 238.0000 23.8000 0.0000 12.0000 2.0000 
663 1077 277 0.3322 1.3031 -18.9948 0.1367 1.2876 -19.2125 0.0300 0.2929 238.0000 23.8000 0.0000 12.0000 2.0000 
664 1078 278 0.3199 1.3360 -19.1893 0.4764 1.4105 -19.3773 0.0300 0.2558 238.0000 23.8000 0.0000 12.0000 2.0000 
665 1079 279 0.3158 1.3701 -19.3818 0.1496 1.3551 -19.5531 0.0300 0.2391 238.0000 23.8000 0.0000 12.0000 2.0000 
666 1080 280 0.3089 1.3872 -19.5770 0.4120 1.3608 -19.6928 0.0300 0.1572 238.0000 23.8000 0.0000 12.0000 2.0000 
667 1081 281 0.3022 1.4034 -19.7624 0.2745 1.4708 -19.8258 0.0300 0.0966 238.0000 23.8000 0.0000 12.0000 2.0000 
668 1082 282 0.2906 1.3985 -19.9449 0.3166 1.4312 -19.9948 0.0300 0.0651 238.0000 23.8000 0.0000 12.0000 2.0000 
669 1083 283 0.2741 1.3949 -20.1346 0.2652 1.3925 -20.1424 0.0300 0.0121 238.0000 23.8000 0.0000 12.0000 2.0000 
1084 1085 2 0.0000 0.0000 -3.1000 -0.0028 -0.0007 -3.1096 0.0829 0.0100 0.0000 0.0000 205.0000 0.0025 4.0000 
1085 1086 2 -0.0028 -0.0007 -3.1096 -0.0373 -0.0093 -3.3074 0.0829 0.2010 0.0000 0.0000 205.0000 0.0529 4.0000 
1086 1087 2 -0.0373 -0.0093 -3.3074 -0.0797 -0.0234 -3.4984 0.0829 0.1962 0.0000 0.0000 205.0000 0.1021 4.0000 
1087 1088 2 -0.0797 -0.0234 -3.4984 -0.1221 -0.0388 -3.6939 0.0829 0.2006 0.0000 0.0000 205.0000 0.1524 4.0000 
1088 1089 2 -0.1221 -0.0388 -3.6939 -0.1624 -0.0544 -3.8835 0.0829 0.1945 0.0000 0.0000 205.0000 0.2013 4.0000 
1089 1090 2 -0.1624 -0.0544 -3.8835 -0.2027 -0.0707 -4.0846 0.0829 0.2057 0.0000 0.0000 205.0000 0.2530 4.0000 
1090 1091 2 -0.2027 -0.0707 -4.0846 -0.2367 -0.0925 -4.2750 0.0829 0.1946 0.0000 0.0000 205.0000 0.3020 4.0000 
1091 1092 2 -0.2367 -0.0925 -4.2750 -0.2713 -0.1278 -4.4715 0.0829 0.2026 0.0000 0.0000 205.0000 0.3530 4.0000 
1092 1093 2 -0.2713 -0.1278 -4.4715 -0.3027 -0.1569 -4.6484 0.0829 0.1821 0.0000 0.0000 205.0000 0.3989 4.0000 
1093 1094 2 -0.3027 -0.1569 -4.6484 -0.3372 -0.1889 -4.8243 0.0829 0.1820 0.0000 0.0000 205.0000 0.4448 4.0000 
1094 1095 2 -0.3372 -0.1889 -4.8243 -0.3693 -0.2211 -5.0106 0.0829 0.1918 0.0000 0.0000 205.0000 0.4932 4.0000 
1095 1096 2 -0.3693 -0.2211 -5.0106 -0.4052 -0.2546 -5.2009 0.0829 0.1965 0.0000 0.0000 205.0000 0.5428 4.0000 
1096 1097 2 -0.4052 -0.2546 -5.2009 -0.4411 -0.2891 -5.3913 0.0829 0.1969 0.0000 0.0000 205.0000 0.5925 4.0000 
1097 1098 2 -0.4411 -0.2891 -5.3913 -0.4802 -0.3271 -5.5778 0.0829 0.1943 0.0000 0.0000 205.0000 0.6417 4.0000 
1098 1099 2 -0.4802 -0.3271 -5.5778 -0.5245 -0.3710 -5.7650 0.0829 0.1973 0.0000 0.0000 205.0000 0.6916 4.0000 
1099 1100 2 -0.5245 -0.3710 -5.7650 -0.5674 -0.4147 -5.9577 0.0829 0.2022 0.0000 0.0000 205.0000 0.7429 4.0000 
1100 1101 2 -0.5674 -0.4147 -5.9577 -0.6089 -0.4601 -6.1544 0.0829 0.2060 0.0000 0.0000 205.0000 0.7951 4.0000 
1101 1102 2 -0.6089 -0.4601 -6.1544 -0.6306 -0.5003 -6.3499 0.0829 0.2008 0.0000 0.0000 205.0000 0.8460 4.0000 
1102 1103 2 -0.6306 -0.5003 -6.3499 -0.6432 -0.5366 -6.5518 0.0829 0.2055 0.0000 0.0000 205.0000 0.8982 4.0000 
1103 1104 2 -0.6432 -0.5366 -6.5518 -0.6584 -0.5709 -6.7608 0.0829 0.2124 0.0000 0.0000 205.0000 0.9522 4.0000 
1104 1105 2 -0.6584 -0.5709 -6.7608 -0.6748 -0.6043 -6.9531 0.0829 0.1959 0.0000 0.0000 205.0000 1.0020 4.0000 
1105 1106 2 -0.6748 -0.6043 -6.9531 -0.6955 -0.6399 -7.1584 0.0829 0.2094 0.0000 0.0000 205.0000 1.0553 4.0000 
1106 1107 2 -0.6955 -0.6399 -7.1584 -0.7134 -0.6672 -7.3430 0.0829 0.1875 0.0000 0.0000 205.0000 1.1031 4.0000 
1107 1108 2 -0.7134 -0.6672 -7.3430 -0.7371 -0.6939 -7.5458 0.0829 0.2059 0.0000 0.0000 205.0000 1.1556 4.0000 
1108 1109 2 -0.7371 -0.6939 -7.5458 -0.7613 -0.7176 -7.7297 0.0829 0.1870 0.0000 0.0000 205.0000 1.2033 4.0000 
1109 1110 2 -0.7613 -0.7176 -7.7297 -0.7838 -0.7386 -7.9295 0.0829 0.2022 0.0000 0.0000 205.0000 1.2550 4.0000 
1110 1111 2 -0.7838 -0.7386 -7.9295 -0.7979 -0.7595 -8.1225 0.0829 0.1946 0.0000 0.0000 205.0000 1.3047 4.0000 
1111 1112 2 -0.7979 -0.7595 -8.1225 -0.8139 -0.7794 -8.3147 0.0829 0.1939 0.0000 0.0000 205.0000 1.3543 4.0000 
1112 1113 2 -0.8139 -0.7794 -8.3147 -0.8278 -0.7980 -8.5045 0.0829 0.1912 0.0000 0.0000 205.0000 1.4032 4.0000 
1113 1114 2 -0.8278 -0.7980 -8.5045 -0.8468 -0.8227 -8.7089 0.0829 0.2068 0.0000 0.0000 205.0000 1.4562 4.0000 
1114 1115 2 -0.8468 -0.8227 -8.7089 -0.8646 -0.8406 -8.9063 0.0829 0.1990 0.0000 0.0000 205.0000 1.5072 4.0000 
1115 1116 2 -0.8646 -0.8406 -8.9063 -0.8853 -0.8554 -9.1047 0.0829 0.2000 0.0000 0.0000 205.0000 1.5585 4.0000 
1116 1117 2 -0.8853 -0.8554 -9.1047 -0.9134 -0.8735 -9.2979 0.0829 0.1961 0.0000 0.0000 205.0000 1.6089 4.0000 
1117 1118 2 -0.9134 -0.8735 -9.2979 -0.9442 -0.8807 -9.4902 0.0829 0.1948 0.0000 0.0000 205.0000 1.6590 4.0000 
1118 1119 2 -0.9442 -0.8807 -9.4902 -0.9757 -0.8878 -9.7019 0.0829 0.2142 0.0000 0.0000 205.0000 1.7141 4.0000 
1119 1120 2 -0.9757 -0.8878 -9.7019 -1.0066 -0.8972 -9.9053 0.0829 0.2060 0.0000 0.0000 205.0000 1.7671 4.0000 
1120 1121 2 -1.0066 -0.8972 -9.9053 -1.0400 -0.9005 -10.1029 0.0829 0.2004 0.0000 0.0000 205.0000 1.8187 4.0000 
1121 1122 2 -1.0400 -0.9005 -10.1029 -1.0667 -0.9101 -10.2993 0.0829 0.1985 0.0000 0.0000 205.0000 1.8699 4.0000 
1122 1123 2 -1.0667 -0.9101 -10.2993 -1.0871 -0.9069 -10.5161 0.0829 0.2178 0.0000 0.0000 205.0000 1.9261 4.0000 
1123 1124 2 -1.0871 -0.9069 -10.5161 -1.1140 -0.8956 -10.7134 0.0829 0.1994 0.0000 0.0000 205.0000 1.9776 4.0000 
1124 1125 2 -1.1140 -0.8956 -10.7134 -1.1295 -0.8999 -10.9077 0.0829 0.1950 0.0000 0.0000 205.0000 2.0280 4.0000 
1125 1126 2 -1.1295 -0.8999 -10.9077 -1.1456 -0.9024 -11.1256 0.0829 0.2186 0.0000 0.0000 205.0000 2.0845 4.0000 
1126 1127 2 -1.1456 -0.9024 -11.1256 -1.1595 -0.9065 -11.3340 0.0829 0.2089 0.0000 0.0000 205.0000 2.1386 4.0000 
1127 1128 2 -1.1595 -0.9065 -11.3340 -1.1692 -0.9097 -11.5404 0.0829 0.2067 0.0000 0.0000 205.0000 2.1922 4.0000 
1128 1129 2 -1.1692 -0.9097 -11.5404 -1.1720 -0.9095 -11.7400 0.0829 0.1996 0.0000 0.0000 205.0000 2.2439 4.0000 
1129 1130 2 -1.1720 -0.9095 -11.7400 -1.1711 -0.9081 -11.9374 0.0829 0.1974 0.0000 0.0000 205.0000 2.2952 4.0000 
1130 1131 2 -1.1711 -0.9081 -11.9374 -1.1657 -0.9070 -12.1311 0.0829 0.1939 0.0000 0.0000 205.0000 2.3455 4.0000 
1131 1132 2 -1.1657 -0.9070 -12.1311 -1.1603 -0.9051 -12.3309 0.0829 0.1998 0.0000 0.0000 205.0000 2.3975 4.0000 
1132 1133 2 -1.1603 -0.9051 -12.3309 -1.1563 -0.9054 -12.5290 0.0829 0.1982 0.0000 0.0000 205.0000 2.4490 4.0000 
1133 1134 2 -1.1563 -0.9054 -12.5290 -1.1524 -0.9061 -12.7306 0.0829 0.2017 0.0000 0.0000 205.0000 2.5016 4.0000 
1134 1135 2 -1.1524 -0.9061 -12.7306 -1.1483 -0.9064 -12.9398 0.0829 0.2092 0.0000 0.0000 205.0000 2.5561 4.0000 
1135 1136 2 -1.1483 -0.9064 -12.9398 -1.1506 -0.9064 -13.1301 0.0829 0.1903 0.0000 0.0000 205.0000 2.6057 4.0000 
1136 1137 2 -1.1506 -0.9064 -13.1301 -1.1488 -0.9078 -13.3227 0.0829 0.1927 0.0000 0.0000 205.0000 2.6560 4.0000 
1137 1138 2 -1.1488 -0.9078 -13.3227 -1.1468 -0.9093 -13.5245 0.0829 0.2017 0.0000 0.0000 205.0000 2.7087 4.0000 
1138 1139 2 -1.1468 -0.9093 -13.5245 -1.1510 -0.9094 -13.7208 0.0829 0.1964 0.0000 0.0000 205.0000 2.7601 4.0000 
1139 1140 2 -1.1510 -0.9094 -13.7208 -1.1600 -0.9132 -13.9257 0.0829 0.2051 0.0000 0.0000 205.0000 2.8137 4.0000 
1140 1141 2 -1.1600 -0.9132 -13.9257 -1.1664 -0.9068 -14.1070 0.0829 0.1815 0.0000 0.0000 205.0000 2.8613 4.0000 
1141 1142 2 -1.1664 -0.9068 -14.1070 -1.1730 -0.9002 -14.3196 0.0829 0.2129 0.0000 0.0000 205.0000 2.9171 4.0000 
1142 1143 2 -1.1730 -0.9002 -14.3196 -1.1755 -0.8989 -14.5183 0.0829 0.1987 0.0000 0.0000 205.0000 2.9692 4.0000 
1143 1144 2 -1.1755 -0.8989 -14.5183 -1.1902 -0.8873 -14.7110 0.0829 0.1936 0.0000 0.0000 205.0000 3.0200 4.0000 
1144 1145 2 -1.1902 -0.8873 -14.7110 -1.2007 -0.8824 -14.8974 0.0829 0.1868 0.0000 0.0000 205.0000 3.0691 4.0000 
1145 1146 2 -1.2007 -0.8824 -14.8974 -1.2085 -0.8897 -15.0827 0.0829 0.1856 0.0000 0.0000 205.0000 3.1179 4.0000 
1146 1147 2 -1.2085 -0.8897 -15.0827 -1.2004 -0.8874 -15.3048 0.0829 0.2223 0.0000 0.0000 205.0000 3.1764 4.0000 
1147 1148 2 -1.2004 -0.8874 -15.3048 -1.1910 -0.8801 -15.5004 0.0829 0.1960 0.0000 0.0000 205.0000 3.2280 4.0000 
1148 1149 2 -1.1910 -0.8801 -15.5004 -1.1767 -0.8810 -15.7071 0.0829 0.2072 0.0000 0.0000 205.0000 3.2826 4.0000 
1149 1150 2 -1.1767 -0.8810 -15.7071 -1.1744 -0.8809 -15.8904 0.0829 0.1833 0.0000 0.0000 205.0000 3.3310 4.0000 
1150 1151 2 -1.1744 -0.8809 -15.8904 -1.1755 -0.8756 -16.0994 0.0829 0.2090 0.0000 0.0000 205.0000 3.3862 4.0000 
1151 1152 2 -1.1755 -0.8756 -16.0994 -1.1831 -0.8658 -16.2962 0.0829 0.1972 0.0000 0.0000 205.0000 3.4383 4.0000 
1152 1153 2 -1.1831 -0.8658 -16.2962 -1.1948 -0.8588 -16.4935 0.0829 0.1978 0.0000 0.0000 205.0000 3.4906 4.0000 
1153 1154 2 -1.1948 -0.8588 -16.4935 -1.2108 -0.8509 -16.6987 0.0829 0.2060 0.0000 0.0000 205.0000 3.5451 4.0000 
1154 1155 2 -1.2108 -0.8509 -16.6987 -1.2266 -0.8429 -16.9025 0.0829 0.2045 0.0000 0.0000 205.0000 3.5993 4.0000 
1155 1156 2 -1.2266 -0.8429 -16.9025 -1.2453 -0.8369 -17.1069 0.0829 0.2054 0.0000 0.0000 205.0000 3.6538 4.0000 
1156 1157 2 -1.2453 -0.8369 -17.1069 -1.2596 -0.8293 -17.2972 0.0829 0.1910 0.0000 0.0000 205.0000 3.7044 4.0000 
1157 1158 2 -1.2596 -0.8293 -17.2972 -1.2778 -0.8204 -17.4995 0.0829 0.2033 0.0000 0.0000 205.0000 3.7584 4.0000 
1158 1159 2 -1.2778 -0.8204 -17.4995 -1.2967 -0.8120 -17.7111 0.0829 0.2126 0.0000 0.0000 205.0000 3.8149 4.0000 
1159 1160 2 -1.2967 -0.8120 -17.7111 -1.3147 -0.7981 -17.9087 0.0829 0.1990 0.0000 0.0000 205.0000 3.8679 4.0000 
1160 1161 2 -1.3147 -0.7981 -17.9087 -1.3256 -0.7991 -18.1070 0.0829 0.1985 0.0000 0.0000 205.0000 3.9207 4.0000 
1161 1162 2 -1.3256 -0.7991 -18.1070 -1.3356 -0.7997 -18.2996 0.0829 0.1929 0.0000 0.0000 205.0000 3.9721 4.0000 
1162 1163 2 -1.3356 -0.7997 -18.2996 -1.3447 -0.8044 -18.5090 0.0829 0.2096 0.0000 0.0000 205.0000 4.0280 4.0000 
1163 1164 2 -1.3447 -0.8044 -18.5090 -1.3502 -0.8074 -18.6921 0.0829 0.1832 0.0000 0.0000 205.0000 4.0769 4.0000 
1164 1165 2 -1.3502 -0.8074 -18.6921 -1.3607 -0.8100 -18.9150 0.0829 0.2232 0.0000 0.0000 205.0000 4.1366 4.0000 
1165 1166 2 -1.3607 -0.8100 -18.9150 -1.3668 -0.8086 -19.1147 0.0829 0.1997 0.0000 0.0000 205.0000 4.1900 4.0000 
1166 1167 2 -1.3668 -0.8086 -19.1147 -1.3732 -0.8072 -19.3272 0.0829 0.2126 0.0000 0.0000 205.0000 4.2469 4.0000 
1167 1168 2 -1.3732 -0.8072 -19.3272 -1.4020 -0.8140 -19.5309 0.0829 0.2058 0.0000 0.0000 205.0000 4.3020 4.0000 
1168 1169 2 -1.4020 -0.8140 -19.5309 -1.4243 -0.8190 -19.7261 0.0829 0.1965 0.0000 0.0000 205.0000 4.3547 4.0000 
1169 1170 2 -1.4243 -0.8190 -19.7261 -1.4411 -0.8282 -19.9358 0.0829 0.2106 0.0000 0.0000 205.0000 4.4112 4.0000 
1170 1171 2 -1.4411 -0.8282 -19.9358 -1.4507 -0.8332 -20.1481 0.0829 0.2126 0.0000 0.0000 205.0000 4.4683 4.0000 
1171 1172 2 -1.4507 -0.8332 -20.1481 -1.4602 -0.8373 -20.3360 0.0829 0.1882 0.0000 0.0000 205.0000 4.5189 4.0000 
1172 1173 2 -1.4602 -0.8373 -20.3360 -1.4697 -0.8437 -20.5365 0.0829 0.2008 0.0000 0.0000 205.0000 4.5729 4.0000 
1173 1174 2 -1.4697 -0.8437 -20.5365 -1.4791 -0.8513 -20.7391 0.0829 0.2030 0.0000 0.0000 205.0000 4.6275 4.0000 
1174 1175 2 -1.4791 -0.8513 -20.7391 -1.4998 -0.8635 -20.9534 0.0829 0.2156 0.0000 0.0000 205.0000 4.6856 4.0000 
1175 1176 2 -1.4998 -0.8635 -20.9534 -1.5188 -0.8758 -21.1481 0.0829 0.1960 0.0000 0.0000 205.0000 4.7385 4.0000 
1176 1177 2 -1.5188 -0.8758 -21.1481 -1.5245 -0.8752 -21.3382 0.0829 0.1902 0.0000 0.0000 205.0000 4.7898 4.0000 
1177 1178 2 -1.5245 -0.8752 -21.3382 -1.5298 -0.8777 -21.5399 0.0829 0.2018 0.0000 0.0000 205.0000 4.8443 4.0000 
1178 1179 2 -1.5298 -0.8777 -21.5399 -1.5340 -0.8799 -21.7365 0.0829 0.1967 0.0000 0.0000 205.0000 4.8975 4.0000 
1179 1180 2 -1.5340 -0.8799 -21.7365 -1.5382 -0.8868 -21.9350 0.0829 0.1987 0.0000 0.0000 205.0000 4.9513 4.0000 
1180 1181 2 -1.5382 -0.8868 -21.9350 -1.5446 -0.8889 -22.1262 0.0829 0.1913 0.0000 0.0000 205.0000 5.0031 4.0000 
1181 1182 2 -1.5446 -0.8889 -22.1262 -1.5518 -0.8935 -22.3247 0.0829 0.1987 0.0000 0.0000 205.0000 5.0569 4.0000 
1182 1183 2 -1.5518 -0.8935 -22.3247 -1.5539 -0.8928 -22.5141 0.0829 0.1894 0.0000 0.0000 205.0000 5.1083 4.0000 
1183 1184 2 -1.5539 -0.8928 -22.5141 -1.5530 -0.8891 -22.7190 0.0829 0.2049 0.0000 0.0000 205.0000 5.1639 4.0000 
1184 1185 2 -1.5530 -0.8891 -22.7190 -1.5520 -0.8812 -22.9150 0.0829 0.1961 0.0000 0.0000 205.0000 5.2172 4.0000 
1185 1186 2 -1.5520 -0.8812 -22.9150 -1.5581 -0.8710 -23.1092 0.0829 0.1946 0.0000 0.0000 205.0000 5.2702 4.0000 
1186 1187 2 -1.5581 -0.8710 -23.1092 -1.5636 -0.8538 -23.2982 0.0829 0.1898 0.0000 0.0000 205.0000 5.3218 4.0000 
1187 1188 2 -1.5636 -0.8538 -23.2982 -1.5693 -0.8360 -23.4939 0.0829 0.1967 0.0000 0.0000 205.0000 5.3754 4.0000 
1188 1189 2 -1.5693 -0.8360 -23.4939 -1.5732 -0.8180 -23.6857 0.0829 0.1926 0.0000 0.0000 205.0000 5.4279 4.0000 
1189 1190 2 -1.5732 -0.8180 -23.6857 -1.5827 -0.8123 -23.8810 0.0829 0.1957 0.0000 0.0000 205.0000 5.4813 4.0000 
1190 1191 2 -1.5827 -0.8123 -23.8810 -1.5843 -0.8125 -24.0839 0.0829 0.2029 0.0000 0.0000 205.0000 5.5367 4.0000 
1191 1192 2 -1.5843 -0.8125 -24.0839 -1.5809 -0.8055 -24.2718 0.0829 0.1880 0.0000 0.0000 205.0000 5.5881 4.0000 
1192 1193 2 -1.5809 -0.8055 -24.2718 -1.5840 -0.7876 -24.4821 0.0829 0.2111 0.0000 0.0000 205.0000 5.6458 4.0000 
1193 1194 2 -1.5840 -0.7876 -24.4821 -1.5847 -0.7700 -24.6736 0.0829 0.1923 0.0000 0.0000 205.0000 5.6985 4.0000 
1194 1195 2 -1.5847 -0.7700 -24.6736 -1.5858 -0.7520 -24.8737 0.0829 0.2009 0.0000 0.0000 205.0000 5.7535 4.0000 
1195 1196 2 -1.5858 -0.7520 -24.8737 -1.5807 -0.7365 -25.0876 0.0829 0.2145 0.0000 0.0000 205.0000 5.8124 4.0000 
1196 1197 2 -1.5807 -0.7365 -25.0876 -1.5722 -0.7305 -25.2862 0.0829 0.1989 0.0000 0.0000 205.0000 5.8669 4.0000 
1197 1198 2 -1.5722 -0.7305 -25.2862 -1.5779 -0.7189 -25.4682 0.0829 0.1825 0.0000 0.0000 205.0000 5.9171 4.0000 
1198 1199 2 -1.5779 -0.7189 -25.4682 -1.5789 -0.7108 -25.6593 0.0829 0.1913 0.0000 0.0000 205.0000 5.9697 4.0000 
1199 1200 2 -1.5789 -0.7108 -25.6593 -1.5738 -0.7102 -25.8516 0.0829 0.1923 0.0000 0.0000 205.0000 6.0226 4.0000 
1200 1201 2 -1.5738 -0.7102 -25.8516 -1.5753 -0.7218 -26.0553 0.0829 0.2040 0.0000 0.0000 205.0000 6.0788 4.0000 
1201 1202 2 -1.5753 -0.7218 -26.0553 -1.5687 -0.7447 -26.2764 0.0829 0.2224 0.0000 0.0000 205.0000 6.1401 4.0000 
1202 1203 2 -1.5687 -0.7447 -26.2764 -1.5634 -0.7650 -26.4774 0.0829 0.2021 0.0000 0.0000 205.0000 6.1959 4.0000 
1203 1204 2 -1.5634 -0.7650 -26.4774 -1.5562 -0.7920 -26.6923 0.0829 0.2167 0.0000 0.0000 205.0000 6.2557 4.0000 
1204 1205 2 -1.5562 -0.7920 -26.6923 -1.5468 -0.8182 -26.9053 0.0829 0.2148 0.0000 0.0000 205.0000 6.3151 4.0000 
1205 1206 2 -1.5468 -0.8182 -26.9053 -1.5404 -0.8435 -27.0967 0.0829 0.1931 0.0000 0.0000 205.0000 6.3685 4.0000 
1206 1207 2 -1.5404 -0.8435 -27.0967 -1.5345 -0.8655 -27.2740 0.0829 0.1788 0.0000 0.0000 205.0000 6.4180 4.0000 
1207 1208 2 -1.5345 -0.8655 -27.2740 -1.5308 -0.8951 -27.4730 0.0829 0.2012 0.0000 0.0000 205.0000 6.4738 4.0000 
1208 1209 2 -1.5308 -0.8951 -27.4730 -1.5259 -0.9256 -27.6662 0.0829 0.1957 0.0000 0.0000 205.0000 6.5281 4.0000 
1209 1210 2 -1.5259 -0.9256 -27.6662 -1.5210 -0.9618 -27.8533 0.0829 0.1906 0.0000 0.0000 205.0000 6.5810 4.0000 
1210 1211 2 -1.5210 -0.9618 -27.8533 -1.5117 -1.0031 -28.0629 0.0829 0.2138 0.0000 0.0000 205.0000 6.6404 4.0000 
1211 1212 2 -1.5117 -1.0031 -28.0629 -1.5031 -1.0392 -28.2546 0.0829 0.1953 0.0000 0.0000 205.0000 6.6947 4.0000 
1212 1213 2 -1.5031 -1.0392 -28.2546 -1.4921 -1.0667 -28.4481 0.0829 0.1957 0.0000 0.0000 205.0000 6.7492 4.0000 
1213 1214 2 -1.4921 -1.0667 -28.4481 -1.4754 -1.0956 -28.6308 0.0829 0.1858 0.0000 0.0000 205.0000 6.8009 4.0000 
1214 1215 2 -1.4754 -1.0956 -28.6308 -1.4650 -1.1258 -28.8200 0.0829 0.1918 0.0000 0.0000 205.0000 6.8544 4.0000 
1215 1216 2 -1.4650 -1.1258 -28.8200 -1.4583 -1.1560 -29.0105 0.0829 0.1931 0.0000 0.0000 205.0000 6.9082 4.0000 
1216 1217 2 -1.4583 -1.1560 -29.0105 -1.4481 -1.1884 -29.2231 0.0829 0.2153 0.0000 0.0000 205.0000 6.9684 4.0000 
1217 1218 2 -1.4481 -1.1884 -29.2231 -1.4362 -1.2193 -29.4304 0.0829 0.2099 0.0000 0.0000 205.0000 7.0270 4.0000 
1218 1219 2 -1.4362 -1.2193 -29.4304 -1.4268 -1.2508 -29.6251 0.0829 0.1975 0.0000 0.0000 205.0000 7.0823 4.0000 
1219 1220 2 -1.4268 -1.2508 -29.6251 -1.4112 -1.2655 -29.8214 0.0829 0.1975 0.0000 0.0000 205.0000 7.1376 4.0000 
1220 1221 2 -1.4112 -1.2655 -29.8214 -1.3993 -1.2793 -29.9841 0.0829 0.1637 0.0000 0.0000 205.0000 7.1834 4.0000 
1221 1222 2 -1.3993 -1.2793 -29.9841 -1.3899 -1.2969 -30.1895 0.0829 0.2064 0.0000 0.0000 205.0000 7.2413 4.0000 
1222 1223 2 -1.3899 -1.2969 -30.1895 -1.3833 -1.3132 -30.3620 0.0829 0.1734 0.0000 0.0000 205.0000 7.2900 4.0000 
1223 1224 2 -1.3833 -1.3132 -30.3620 -1.3648 -1.3074 -30.5721 0.0829 0.2110 0.0000 0.0000 205.0000 7.3493 4.0000 
1224 1225 2 -1.3648 -1.3074 -30.5721 -1.3381 -1.2950 -30.7860 0.0829 0.2159 0.0000 0.0000 205.0000 7.4100 4.0000 
1225 1226 2 -1.3381 -1.2950 -30.7860 -1.3181 -1.2845 -30.9833 0.0829 0.1986 0.0000 0.0000 205.0000 7.4659 4.0000 
1226 1227 2 -1.3181 -1.2845 -30.9833 -1.2984 -1.2766 -31.2000 0.0829 0.2177 0.0000 0.0000 205.0000 7.5272 4.0000 
1227 1228 2 -1.2984 -1.2766 -31.2000 -1.2820 -1.2648 -31.3966 0.0829 0.1977 0.0000 0.0000 205.0000 7.5830 4.0000 
1228 1229 2 -1.2820 -1.2648 -31.3966 -1.2673 -1.2519 -31.5770 0.0829 0.1815 0.0000 0.0000 205.0000 7.6342 4.0000 
1229 1230 2 -1.2673 -1.2519 -31.5770 -1.2540 -1.2402 -31.7707 0.0829 0.1944 0.0000 0.0000 205.0000 7.6891 4.0000 
1230 1231 2 -1.2540 -1.2402 -31.7707 -1.2414 -1.2321 -31.9568 0.0829 0.1868 0.0000 0.0000 205.0000 7.7419 4.0000 
1231 1232 2 -1.2414 -1.2321 -31.9568 -1.2146 -1.2250 -32.1576 0.0829 0.2026 0.0000 0.0000 205.0000 7.7992 4.0000 
1232 1233 2 -1.2146 -1.2250 -32.1576 -1.1842 -1.2185 -32.3717 0.0829 0.2164 0.0000 0.0000 205.0000 7.8605 4.0000 
1233 1234 2 -1.1842 -1.2185 -32.3717 -1.1590 -1.2020 -32.5572 0.0829 0.1879 0.0000 0.0000 205.0000 7.9138 4.0000 
1234 1235 2 -1.1590 -1.2020 -32.5572 -1.1294 -1.1808 -32.7579 0.0829 0.2040 0.0000 0.0000 205.0000 7.9716 4.0000 
1235 1236 2 -1.1294 -1.1808 -32.7579 -1.0986 -1.1606 -32.9506 0.0829 0.1962 0.0000 0.0000 205.0000 8.0273 4.0000 
1236 1237 2 -1.0986 -1.1606 -32.9506 -1.0644 -1.1378 -33.1646 0.0829 0.2178 0.0000 0.0000 205.0000 8.0893 4.0000 
1237 1238 2 -1.0644 -1.1378 -33.1646 -1.0337 -1.1123 -33.3689 0.0829 0.2082 0.0000 0.0000 205.0000 8.1485 4.0000 
1238 1239 2 -1.0337 -1.1123 -33.3689 -1.0086 -1.1076 -33.5544 0.0829 0.1872 0.0000 0.0000 205.0000 8.2018 4.0000 
1239 1240 2 -1.0086 -1.1076 -33.5544 -0.9839 -1.0929 -33.7500 0.0829 0.1977 0.0000 0.0000 205.0000 8.2581 4.0000 
1240 1241 2 -0.9839 -1.0929 -33.7500 -0.9673 -1.0839 -33.9520 0.0829 0.2029 0.0000 0.0000 205.0000 8.3160 4.0000 
1241 1242 2 -0.9673 -1.0839 -33.9520 -0.9518 -1.0678 -34.1557 0.0829 0.2049 0.0000 0.0000 205.0000 8.3745 4.0000 
1242 1243 2 -0.9518 -1.0678 -34.1557 -0.9358 -1.0520 -34.3488 0.0829 0.1944 0.0000 0.0000 205.0000 8.4300 4.0000 
1243 1244 2 -0.9358 -1.0520 -34.3488 -0.9196 -1.0350 -34.5476 0.0829 0.2002 0.0000 0.0000 205.0000 8.4873 4.0000 
1244 1245 2 -0.9196 -1.0350 -34.5476 -0.9007 -1.0197 -34.7560 0.0829 0.2098 0.0000 0.0000 205.0000 8.5474 4.0000 
1245 1246 2 -0.9007 -1.0197 -34.7560 -0.8836 -1.0039 -34.9513 0.0829 0.1967 0.0000 0.0000 205.0000 8.6037 4.0000 
1246 1247 2 -0.8836 -1.0039 -34.9513 -0.8666 -0.9883 -35.1471 0.0829 0.1972 0.0000 0.0000 205.0000 8.6603 4.0000 
1247 1248 2 -0.8666 -0.9883 -35.1471 -0.8495 -0.9742 -35.3278 0.0829 0.1820 0.0000 0.0000 205.0000 8.7125 4.0000 
1248 1249 2 -0.8495 -0.9742 -35.3278 -0.8277 -0.9501 -35.5189 0.0829 0.1939 0.0000 0.0000 205.0000 8.7682 4.0000 
1249 1250 2 -0.8277 -0.9501 -35.5189 -0.8062 -0.9211 -35.7196 0.0829 0.2039 0.0000 0.0000 205.0000 8.8268 4.0000 
1250 1251 2 -0.8062 -0.9211 -35.7196 -0.7847 -0.8945 -35.9178 0.0829 0.2011 0.0000 0.0000 205.0000 8.8847 4.0000 
1251 1252 2 -0.7847 -0.8945 -35.9178 -0.7659 -0.8739 -36.1125 0.0829 0.1967 0.0000 0.0000 205.0000 8.9413 4.0000 
1252 1253 2 -0.7659 -0.8739 -36.1125 -0.7543 -0.8468 -36.3098 0.0829 0.1995 0.0000 0.0000 205.0000 8.9989 4.0000 
1253 1254 2 -0.7543 -0.8468 -36.3098 -0.7434 -0.8187 -36.5151 0.0829 0.2076 0.0000 0.0000 205.0000 9.0587 4.0000 
1254 1255 2 -0.7434 -0.8187 -36.5151 -0.7323 -0.7800 -36.7217 0.0829 0.2104 0.0000 0.0000 205.0000 9.1195 4.0000 
1255 1256 2 -0.7323 -0.7800 -36.7217 -0.7355 -0.7440 -36.9325 0.0829 0.2139 0.0000 0.0000 205.0000 9.1814 4.0000 
1256 1257 2 -0.7355 -0.7440 -36.9325 -0.7499 -0.7098 -37.1283 0.0829 0.1993 0.0000 0.0000 205.0000 9.2390 4.0000 
1257 1258 2 -0.7499 -0.7098 -37.1283 -0.7736 -0.6821 -37.3307 0.0829 0.2056 0.0000 0.0000 205.0000 9.2986 4.0000 
1258 1259 2 -0.7736 -0.6821 -37.3307 -0.7953 -0.6501 -37.5325 0.0829 0.2055 0.0000 0.0000 205.0000 9.3582 4.0000 
1259 1260 2 -0.7953 -0.6501 -37.5325 -0.8153 -0.6223 -37.7347 0.0829 0.2050 0.0000 0.0000 205.0000 9.4177 4.0000 
1260 1261 2 -0.8153 -0.6223 -37.7347 -0.8335 -0.5868 -37.9189 0.0829 0.1885 0.0000 0.0000 205.0000 9.4724 4.0000 
1261 1262 2 -0.8335 -0.5868 -37.9189 -0.8582 -0.5464 -38.1203 0.0829 0.2068 0.0000 0.0000 205.0000 9.5326 4.0000 
1262 1263 2 -0.8582 -0.5464 -38.1203 -0.8778 -0.5051 -38.3128 0.0829 0.1979 0.0000 0.0000 205.0000 9.5901 4.0000 
1263 1264 2 -0.8778 -0.5051 -38.3128 -0.8965 -0.4685 -38.4972 0.0829 0.1890 0.0000 0.0000 205.0000 9.6452 4.0000 
1264 1265 2 -0.8965 -0.4685 -38.4972 -0.9140 -0.4302 -38.6950 0.0829 0.2022 0.0000 0.0000 205.0000 9.7041 4.0000 
1265 1266 2 -0.9140 -0.4302 -38.6950 -0.9335 -0.3987 -38.8849 0.0829 0.1935 0.0000 0.0000 205.0000 9.7606 4.0000 
1266 1267 2 -0.9335 -0.3987 -38.8849 -0.9406 -0.3724 -39.0836 0.0829 0.2005 0.0000 0.0000 205.0000 9.8191 4.0000 
1267 1268 2 -0.9406 -0.3724 -39.0836 -0.9493 -0.3420 -39.3118 0.0829 0.2304 0.0000 0.0000 205.0000 9.8865 4.0000 
1268 1269 2 -0.9493 -0.3420 -39.3118 -0.9583 -0.3135 -39.5153 0.0829 0.2057 0.0000 0.0000 205.0000 9.9467 4.0000 
1269 1270 2 -0.9583 -0.3135 -39.5153 -0.9668 -0.2867 -39.7057 0.0829 0.1925 0.0000 0.0000 205.0000 10.0030 4.0000 
1270 1271 2 -0.9668 -0.2867 -39.7057 -0.9745 -0.2592 -39.9034 0.0829 0.1997 0.0000 0.0000 205.0000 10.0616 4.0000 
1271 1272 2 -0.9745 -0.2592 -39.9034 -0.9803 -0.2261 -40.1050 0.0829 0.2043 0.0000 0.0000 205.0000 10.1215 4.0000 
1272 1273 2 -0.9803 -0.2261 -40.1050 -0.9796 -0.1943 -40.3036 0.0829 0.2011 0.0000 0.0000 205.0000 10.1806 4.0000 
1273 1274 2 -0.9796 -0.1943 -40.3036 -0.9677 -0.1704 -40.5221 0.0829 0.2201 0.0000 0.0000 205.0000 10.2453 4.0000 
1274 1275 2 -0.9677 -0.1704 -40.5221 -0.9546 -0.1484 -40.7271 0.0829 0.2066 0.0000 0.0000 205.0000 10.3061 4.0000 
1275 1276 2 -0.9546 -0.1484 -40.7271 -0.9454 -0.1247 -40.9282 0.0829 0.2027 0.0000 0.0000 205.0000 10.3658 4.0000 
1276 1277 2 -0.9454 -0.1247 -40.9282 -0.9424 -0.1078 -41.1286 0.0829 0.2011 0.0000 0.0000 205.0000 10.4251 4.0000 
1277 1278 2 -0.9424 -0.1078 -41.1286 -0.9375 -0.1064 -41.3167 0.0829 0.1882 0.0000 0.0000 205.0000 10.4806 4.0000 
1278 1279 2 -0.9375 -0.1064 -41.3167 -0.9323 -0.1049 -41.5132 0.0829 0.1965 0.0000 0.0000 205.0000 10.5387 4.0000 
1279 1280 2 -0.9323 -0.1049 -41.5132 -0.9359 -0.0949 -41.7223 0.0829 0.2094 0.0000 0.0000 205.0000 10.6006 4.0000 
1280 1281 2 -0.9359 -0.0949 -41.7223 -0.9459 -0.0879 -41.9160 0.0829 0.1941 0.0000 0.0000 205.0000 10.6580 4.0000 
1281 1282 2 -0.9459 -0.0879 -41.9160 -0.9542 -0.0877 -42.1173 0.0829 0.2015 0.0000 0.0000 205.0000 10.7177 4.0000 
1282 1283 2 -0.9542 -0.0877 -42.1173 -0.9573 -0.0899 -42.3305 0.0829 0.2132 0.0000 0.0000 205.0000 10.7809 4.0000 
1283 1284 2 -0.9573 -0.0899 -42.3305 -0.9587 -0.0953 -42.5327 0.0829 0.2023 0.0000 0.0000 205.0000 10.8409 4.0000 
1284 1285 2 -0.9587 -0.0953 -42.5327 -0.9605 -0.1006 -42.7425 0.0829 0.2099 0.0000 0.0000 205.0000 10.9032 4.0000 
1285 1286 2 -0.9605 -0.1006 -42.7425 -0.9642 -0.0998 -42.9423 0.0829 0.1998 0.0000 0.0000 205.0000 10.9626 4.0000 
1286 1287 2 -0.9642 -0.0998 -42.9423 -0.9593 -0.0898 -43.1528 0.0829 0.2108 0.0000 0.0000 205.0000 11.0254 4.0000 
1287 1288 2 -0.9593 -0.0898 -43.1528 -0.9541 -0.0786 -43.3423 0.0829 0.1899 0.0000 0.0000 205.0000 11.0819 4.0000 
1288 1289 2 -0.9541 -0.0786 -43.3423 -0.9503 -0.0613 -43.5435 0.0829 0.2020 0.0000 0.0000 205.0000 11.1421 4.0000 
1289 1290 2 -0.9503 -0.0613 -43.5435 -0.9462 -0.0537 -43.7409 0.0829 0.1976 0.0000 0.0000 205.0000 11.2011 4.0000 
1290 1291 2 -0.9462 -0.0537 -43.7409 -0.9437 -0.0474 -43.9379 0.0829 0.1971 0.0000 0.0000 205.0000 11.2600 4.0000 
1291 1292 2 -0.9437 -0.0474 -43.9379 -0.9435 -0.0428 -44.1472 0.0829 0.2093 0.0000 0.0000 205.0000 11.3225 4.0000 
1292 1293 2 -0.9435 -0.0428 -44.1472 -0.9429 -0.0368 -44.3583 0.0829 0.2112 0.0000 0.0000 205.0000 11.3858 4.0000 
1293 1294 2 -0.9429 -0.0368 -44.3583 -0.9431 -0.0187 -44.5510 0.0829 0.1935 0.0000 0.0000 205.0000 11.4437 4.0000 
1294 1295 2 -0.9431 -0.0187 -44.5510 -0.9333 0.0064 -44.7397 0.0829 0.1907 0.0000 0.0000 205.0000 11.5009 4.0000 
1295 1296 2 -0.9333 0.0064 -44.7397 -0.9234 0.0329 -44.9312 0.0829 0.1935 0.0000 0.0000 205.0000 11.5590 4.0000 
1296 1297 2 -0.9234 0.0329 -44.9312 -0.9130 0.0580 -45.1345 0.0829 0.2051 0.0000 0.0000 205.0000 11.6206 4.0000 
1297 1298 2 -0.9130 0.0580 -45.1345 -0.9045 0.0807 -45.3283 0.0829 0.1953 0.0000 0.0000 205.0000 11.6793 4.0000 
1298 1299 2 -0.9045 0.0807 -45.3283 -0.8901 0.0974 -45.5213 0.0829 0.1943 0.0000 0.0000 205.0000 11.7378 4.0000 
1299 1300 2 -0.8901 0.0974 -45.5213 -0.8722 0.1115 -45.7205 0.0829 0.2004 0.0000 0.0000 205.0000 11.7981 4.0000 
1300 1301 2 -0.8722 0.1115 -45.7205 -0.8590 0.1240 -45.9221 0.0829 0.2024 0.0000 0.0000 205.0000 11.8592 4.0000 
1301 1302 2 -0.8590 0.1240 -45.9221 -0.8460 0.1373 -46.1302 0.0829 0.2090 0.0000 0.0000 205.0000 11.9222 4.0000 
1302 1303 2 -0.8460 0.1373 -46.1302 -0.8432 0.1543 -46.3259 0.0829 0.1964 0.0000 0.0000 205.0000 11.9816 4.0000 
1303 1304 2 -0.8432 0.1543 -46.3259 -0.8423 0.1598 -46.3866 0.0829 0.0609 0.0000 0.0000 205.0000 12.0000 4.0000 
1085 1305 382 -0.0028 -0.0007 -3.1096 0.1476 0.0051 -3.4443 0.0300 0.3670 238.0000 23.8000 0.0000 4.6498 2.0000 
1305 1306 382 0.1476 0.0051 -3.4443 0.3250 0.0088 -3.8323 0.0300 0.4266 238.0000 23.8000 0.0000 5.3039 2.0000 
1306 1307 382 0.3250 0.0088 -3.8323 0.5168 0.0251 -4.1640 0.0300 0.3836 238.0000 23.8000 0.0000 6.0405 2.0000 
1307 1308 382 0.5168 0.0251 -4.1640 0.7570 0.0395 -4.5842 0.0300 0.4842 238.0000 23.8000 0.0000 7.3250 2.0000 
1308 1309 382 0.7570 0.0395 -4.5842 1.0037 0.0131 -4.9362 0.0300 0.4307 238.0000 23.8000 0.0000 9.2240 2.0000 
1309 1310 382 1.0037 0.0131 -4.9362 1.1734 -0.0070 -5.1830 0.0300 0.3001 238.0000 23.8000 0.0000 12.0000 2.0000 
1086 1311 383 -0.0373 -0.0093 -3.3074 -0.4417 -0.0166 -3.5202 0.0300 0.4571 238.0000 23.8000 0.0000 4.9102 2.0000 
1311 1312 383 -0.4417 -0.0166 -3.5202 -0.8401 -0.0513 -3.7415 0.0300 0.4570 238.0000 23.8000 0.0000 5.7323 2.0000 
1312 1313 383 -0.8401 -0.0513 -3.7415 -1.2336 -0.0691 -3.9462 0.0300 0.4439 238.0000 23.8000 0.0000 6.7473 2.0000 
1313 1314 383 -1.2336 -0.0691 -3.9462 -1.6350 -0.0624 -4.1858 0.0300 0.4675 238.0000 23.8000 0.0000 8.2244 2.0000 
1314 1315 383 -1.6350 -0.0624 -4.1858 -2.0945 -0.0370 -4.4134 0.0300 0.5134 238.0000 23.8000 0.0000 11.0190 2.0000 
1315 1316 383 -2.0945 -0.0370 -4.4134 -2.1911 -0.0316 -4.4609 0.0300 0.1078 238.0000 23.8000 0.0000 12.0000 2.0000 
1087 1317 384 -0.0797 -0.0234 -3.4984 -0.4739 -0.1586 -3.8088 0.0300 0.5197 238.0000 23.8000 0.0000 4.9706 2.0000 
1317 1318 384 -0.4739 -0.1586 -3.8088 -0.8311 -0.2837 -4.1380 0.0300 0.5016 238.0000 23.8000 0.0000 5.7770 2.0000 
1318 1319 384 -0.8311 -0.2837 -4.1380 -1.2066 -0.4499 -4.4689 0.0300 0.5274 238.0000 23.8000 0.0000 6.8700 2.0000 
1319 1320 384 -1.2066 -0.4499 -4.4689 -1.5973 -0.6311 -4.7603 0.0300 0.5200 238.0000 23.8000 0.0000 8.3984 2.0000 
1320 1321 384 -1.5973 -0.6311 -4.7603 -1.9436 -0.7987 -5.0541 0.0300 0.4841 238.0000 23.8000 0.0000 10.7837 2.0000 
1321 1322 384 -1.9436 -0.7987 -5.0541 -2.0485 -0.8545 -5.1458 0.0300 0.1501 238.0000 23.8000 0.0000 12.0000 2.0000 
1088 1323 385 -0.1221 -0.0388 -3.6939 -0.0449 -0.3811 -4.0343 0.0300 0.4889 238.0000 23.8000 0.0000 4.9919 2.0000 
1323 1324 385 -0.0449 -0.3811 -4.0343 0.0273 -0.7145 -4.4141 0.0300 0.5105 238.0000 23.8000 0.0000 5.8313 2.0000 
1324 1325 385 0.0273 -0.7145 -4.4141 0.1069 -1.0214 -4.7544 0.0300 0.4652 238.0000 23.8000 0.0000 6.8218 2.0000 
1325 1326 385 0.1069 -1.0214 -4.7544 0.1643 -1.3839 -5.0872 0.0300 0.4954 238.0000 23.8000 0.0000 8.3157 2.0000 
1326 1327 385 0.1643 -1.3839 -5.0872 0.2221 -1.7402 -5.4144 0.0300 0.4872 238.0000 23.8000 0.0000 10.8944 2.0000 
1327 1328 385 0.2221 -1.7402 -5.4144 0.2391 -1.8312 -5.4934 0.0300 0.1217 238.0000 23.8000 0.0000 12.0000 2.0000 
1089 1329 386 -0.1624 -0.0544 -3.8835 0.0801 -0.0904 -4.2713 0.0300 0.4588 238.0000 23.8000 0.0000 5.0465 2.0000 
1329 1330 386 0.0801 -0.0904 -4.2713 0.3834 -0.1470 -4.7418 0.0300 0.5626 238.0000 23.8000 0.0000 6.0256 2.0000 
1330 1331 386 0.3834 -0.1470 -4.7418 0.6417 -0.1915 -5.2136 0.0300 0.5397 238.0000 23.8000 0.0000 7.2572 2.0000 
1331 1332 386 0.6417 -0.1915 -5.2136 0.8480 -0.2597 -5.5695 0.0300 0.4170 238.0000 23.8000 0.0000 8.5561 2.0000 
1332 1333 386 0.8480 -0.2597 -5.5695 1.0871 -0.3780 -6.0384 0.0300 0.5395 238.0000 23.8000 0.0000 11.2732 2.0000 
1333 1334 386 1.0871 -0.3780 -6.0384 1.1263 -0.3947 -6.1208 0.0300 0.0928 238.0000 23.8000 0.0000 12.0000 2.0000 
1090 1335 387 -0.2027 -0.0707 -4.0846 -0.6310 -0.0821 -4.3898 0.0300 0.5261 238.0000 23.8000 0.0000 5.0782 2.0000 
1335 1336 387 -0.6310 -0.0821 -4.3898 -1.0200 -0.0616 -4.6724 0.0300 0.4813 238.0000 23.8000 0.0000 5.7881 2.0000 
1336 1337 387 -1.0200 -0.0616 -4.6724 -1.3775 -0.0916 -4.8910 0.0300 0.4201 238.0000 23.8000 0.0000 6.5690 2.0000 
1337 1338 387 -1.3775 -0.0916 -4.8910 -1.8262 -0.1021 -5.1584 0.0300 0.5225 238.0000 23.8000 0.0000 7.9139 2.0000 
1338 1339 387 -1.8262 -0.1021 -5.1584 -2.2761 -0.1185 -5.4372 0.0300 0.5295 238.0000 23.8000 0.0000 10.3154 2.0000 
1339 1340 387 -2.2761 -0.1185 -5.4372 -2.4436 -0.1280 -5.5357 0.0300 0.1945 238.0000 23.8000 0.0000 12.0000 2.0000 
1091 1341 388 -0.2367 -0.0925 -4.2750 -0.5572 -0.3840 -4.5387 0.0300 0.5072 238.0000 23.8000 0.0000 5.2854 2.0000 
1341 1342 388 -0.5572 -0.3840 -4.5387 -0.8754 -0.6337 -4.7644 0.0300 0.4632 238.0000 23.8000 0.0000 6.1669 2.0000 
1342 1343 388 -0.8754 -0.6337 -4.7644 -1.2030 -0.8656 -4.9873 0.0300 0.4591 238.0000 23.8000 0.0000 7.2853 2.0000 
1343 1344 388 -1.2030 -0.8656 -4.9873 -1.5599 -1.0921 -5.2242 0.0300 0.4846 238.0000 23.8000 0.0000 8.9450 2.0000 
1344 1345 388 -1.5599 -1.0921 -5.2242 -1.8610 -1.2585 -5.4411 0.0300 0.4067 238.0000 23.8000 0.0000 11.1935 2.0000 
1345 1346 388 -1.8610 -1.2585 -5.4411 -1.9332 -1.2989 -5.4950 0.0300 0.0987 238.0000 23.8000 0.0000 12.0000 2.0000 
1092 1347 389 -0.2713 -0.1278 -4.4715 -0.6410 0.0731 -4.8071 0.0300 0.5383 238.0000 23.8000 0.0000 5.3420 2.0000 
1347 1348 389 -0.6410 0.0731 -4.8071 -1.0013 0.2737 -5.1340 0.0300 0.5263 238.0000 23.8000 0.0000 6.2983 2.0000 
1348 1349 389 -1.0013 0.2737 -5.1340 -1.2977 0.4371 -5.4016 0.0300 0.4314 238.0000 23.8000 0.0000 7.2990 2.0000 
1349 1350 389 -1.2977 0.4371 -5.4016 -1.6729 0.6335 -5.7340 0.0300 0.5384 238.0000 23.8000 0.0000 9.0508 2.0000 
1350 1351 389 -1.6729 0.6335 -5.7340 -2.0073 0.8402 -6.0059 0.0300 0.4780 238.0000 23.8000 0.0000 11.7257 2.0000 
1351 1352 389 -2.0073 0.8402 -6.0059 -2.0304 0.8546 -6.0250 0.0300 0.0333 238.0000 23.8000 0.0000 12.0000 2.0000 
1093 1353 390 -0.3027 -0.1569 -4.6484 -0.0320 -0.2503 -5.1217 0.0300 0.5532 238.0000 23.8000 0.0000 5.3307 2.0000 
1353 1354 390 -0.0320 -0.2503 -5.1217 0.2099 -0.3712 -5.5301 0.0300 0.4898 238.0000 23.8000 0.0000 6.1378 2.0000 
1354 1355 390 0.2099 -0.3712 -5.5301 0.4357 -0.4845 -5.9097 0.0300 0.4560 238.0000 23.8000 0.0000 7.1149 2.0000 
1355 1356 390 0.4357 -0.4845 -5.9097 0.6402 -0.5799 -6.2347 0.0300 0.3957 238.0000 23.8000 0.0000 8.2763 2.0000 
1356 1357 390 0.6402 -0.5799 -6.2347 0.9012 -0.7011 -6.6611 0.0300 0.5143 238.0000 23.8000 0.0000 10.8471 2.0000 
1357 1358 390 0.9012 -0.7011 -6.6611 0.9652 -0.7326 -6.7704 0.0300 0.1305 238.0000 23.8000 0.0000 12.0000 2.0000 
1094 1359 391 -0.3372 -0.1889 -4.8243 -0.1752 -0.1084 -5.2202 0.0300 0.4353 238.0000 23.8000 0.0000 5.1611 2.0000 
1359 1360 391 -0.1752 -0.1084 -5.2202 0.0005 -0.0203 -5.6264 0.0300 0.4513 238.0000 23.8000 0.0000 5.7976 2.0000 
1360 1361 391 0.0005 -0.0203 -5.6264 0.2059 0.0569 -5.9878 0.0300 0.4228 238.0000 23.8000 0.0000 6.5469 2.0000 
1361 1362 391 0.2059 0.0569 -5.9878 0.4539 0.1658 -6.4416 0.0300 0.5286 238.0000 23.8000 0.0000 7.8567 2.0000 
1362 1363 391 0.4539 0.1658 -6.4416 0.6809 0.2617 -6.8656 0.0300 0.4904 238.0000 23.8000 0.0000 9.9705 2.0000 
1363 1364 391 0.6809 0.2617 -6.8656 0.7870 0.3108 -7.0717 0.0300 0.2369 238.0000 23.8000 0.0000 12.0000 2.0000 
1095 1365 392 -0.3693 -0.2211 -5.0106 -0.6531 -0.5810 -5.3132 0.0300 0.5493 238.0000 23.8000 0.0000 5.4065 2.0000 
1365 1366 392 -0.6531 -0.5810 -5.3132 -0.9081 -0.9058 -5.6184 0.0300 0.5134 238.0000 23.8000 0.0000 6.2264 2.0000 
1366 1367 392 -0.9081 -0.9058 -5.6184 -1.1048 -1.1872 -5.8835 0.0300 0.4337 238.0000 23.8000 0.0000 7.1161 2.0000 
1367 1368 392 -1.1048 -1.1872 -5.8835 -1.3473 -1.5660 -6.1911 0.0300 0.5450 238.0000 23.8000 0.0000 8.7167 2.0000 
1368 1369 392 -1.3473 -1.5660 -6.1911 -1.5540 -1.9392 -6.4309 0.0300 0.4894 238.0000 23.8000 0.0000 11.3508 2.0000 
1369 1370 392 -1.5540 -1.9392 -6.4309 -1.5879 -1.9942 -6.4644 0.0300 0.0728 238.0000 23.8000 0.0000 12.0000 2.0000 
1096 1371 393 -0.4052 -0.2546 -5.2009 -0.5404 -0.5896 -5.4500 0.0300 0.4388 238.0000 23.8000 0.0000 5.2769 2.0000 
1371 1372 393 -0.5404 -0.5896 -5.4500 -0.6855 -0.9580 -5.7007 0.0300 0.4686 238.0000 23.8000 0.0000 5.9517 2.0000 
1372 1373 393 -0.6855 -0.9580 -5.7007 -0.8399 -1.3695 -6.0065 0.0300 0.5355 238.0000 23.8000 0.0000 6.9673 2.0000 
1373 1374 393 -0.8399 -1.3695 -6.0065 -0.9629 -1.7739 -6.2899 0.0300 0.5089 238.0000 23.8000 0.0000 8.4059 2.0000 
1374 1375 393 -0.9629 -1.7739 -6.2899 -1.0916 -2.1398 -6.5396 0.0300 0.4613 238.0000 23.8000 0.0000 10.8248 2.0000 
1375 1376 393 -1.0916 -2.1398 -6.5396 -1.1259 -2.2342 -6.6082 0.0300 0.1216 238.0000 23.8000 0.0000 12.0000 2.0000 
1097 1377 394 -0.4411 -0.2891 -5.3913 -0.7824 -0.1581 -5.6691 0.0300 0.4591 238.0000 23.8000 0.0000 5.4505 2.0000 
1377 1378 394 -0.7824 -0.1581 -5.6691 -1.1277 -0.0004 -5.9521 0.0300 0.4735 238.0000 23.8000 0.0000 6.2541 2.0000 
1378 1379 394 -1.1277 -0.0004 -5.9521 -1.4920 0.1787 -6.2130 0.0300 0.4826 238.0000 23.8000 0.0000 7.3093 2.0000 
1379 1380 394 -1.4920 0.1787 -6.2130 -1.8475 0.3211 -6.5070 0.0300 0.4828 238.0000 23.8000 0.0000 8.8002 2.0000 
1380 1381 394 -1.8475 0.3211 -6.5070 -2.1896 0.4583 -6.7936 0.0300 0.4669 238.0000 23.8000 0.0000 11.2433 2.0000 
1381 1382 394 -2.1896 0.4583 -6.7936 -2.2577 0.4845 -6.8492 0.0300 0.0917 238.0000 23.8000 0.0000 12.0000 2.0000 
1098 1383 395 -0.4802 -0.3271 -5.5778 -0.2504 -0.4865 -5.9121 0.0300 0.4358 238.0000 23.8000 0.0000 5.4015 2.0000 
1383 1384 395 -0.2504 -0.4865 -5.9121 0.0077 -0.6242 -6.3110 0.0300 0.4947 238.0000 23.8000 0.0000 6.1527 2.0000 
1384 1385 395 0.0077 -0.6242 -6.3110 0.2682 -0.8127 -6.6904 0.0300 0.4974 238.0000 23.8000 0.0000 7.1516 2.0000 
1385 1386 395 0.2682 -0.8127 -6.6904 0.5140 -0.9922 -7.0441 0.0300 0.4666 238.0000 23.8000 0.0000 8.5176 2.0000 
1386 1387 395 0.5140 -0.9922 -7.0441 0.7104 -1.1422 -7.2863 0.0300 0.3459 238.0000 23.8000 0.0000 10.1529 2.0000 
1387 1388 395 0.7104 -1.1422 -7.2863 0.8369 -1.2351 -7.4458 0.0300 0.2238 238.0000 23.8000 0.0000 12.0000 2.0000 
1099 1389 396 -0.5245 -0.3710 -5.7650 -0.3164 -0.6293 -6.1249 0.0300 0.4894 238.0000 23.8000 0.0000 5.5402 2.0000 
1389 1390 396 -0.3164 -0.6293 -6.1249 -0.0945 -0.9006 -6.5056 0.0300 0.5175 238.0000 23.8000 0.0000 6.3631 2.0000 
1390 1391 396 -0.0945 -0.9006 -6.5056 0.0867 -1.1218 -6.8142 0.0300 0.4208 238.0000 23.8000 0.0000 7.2304 2.0000 
1391 1392 396 0.0867 -1.1218 -6.8142 0.2972 -1.3802 -7.1621 0.0300 0.4818 238.0000 23.8000 0.0000 8.6310 2.0000 
1392 1393 396 0.2972 -1.3802 -7.1621 0.5015 -1.6080 -7.5159 0.0300 0.4677 238.0000 23.8000 0.0000 11.0349 2.0000 
1393 1394 396 0.5015 -1.6080 -7.5159 0.5490 -1.6663 -7.5959 0.0300 0.1098 238.0000 23.8000 0.0000 12.0000 2.0000 
1100 1395 397 -0.5674 -0.4147 -5.9577 -0.9046 -0.6452 -6.1906 0.0300 0.4702 238.0000 23.8000 0.0000 5.6403 2.0000 
1395 1396 397 -0.9046 -0.6452 -6.1906 -1.2532 -0.8789 -6.4293 0.0300 0.4828 238.0000 23.8000 0.0000 6.4747 2.0000 
1396 1397 397 -1.2532 -0.8789 -6.4293 -1.6007 -1.1262 -6.6634 0.0300 0.4865 238.0000 23.8000 0.0000 7.5505 2.0000 
1397 1398 397 -1.6007 -1.1262 -6.6634 -1.9402 -1.3550 -6.8806 0.0300 0.4635 238.0000 23.8000 0.0000 8.9619 2.0000 
1398 1399 397 -1.9402 -1.3550 -6.8806 -2.3170 -1.6386 -7.1023 0.0300 0.5211 238.0000 23.8000 0.0000 11.6114 2.0000 
1399 1400 397 -2.3170 -1.6386 -7.1023 -2.3536 -1.6660 -7.1239 0.0300 0.0506 238.0000 23.8000 0.0000 12.0000 2.0000 
1101 1401 398 -0.6089 -0.4601 -6.1544 -0.8159 -0.7981 -6.3675 0.0300 0.4501 238.0000 23.8000 0.0000 5.5597 2.0000 
1401 1402 398 -0.8159 -0.7981 -6.3675 -1.0004 -1.1464 -6.5700 0.0300 0.4431 238.0000 23.8000 0.0000 6.2003 2.0000 
1402 1403 398 -1.0004 -1.1464 -6.5700 -1.2069 -1.5441 -6.7865 0.0300 0.4976 238.0000 23.8000 0.0000 7.1412 2.0000 
1403 1404 398 -1.2069 -1.5441 -6.7865 -1.4144 -1.8341 -7.0269 0.0300 0.4302 238.0000 23.8000 0.0000 8.3041 2.0000 
1404 1405 398 -1.4144 -1.8341 -7.0269 -1.5953 -2.1164 -7.2337 0.0300 0.3939 238.0000 23.8000 0.0000 10.0376 2.0000 
1405 1406 398 -1.5953 -2.1164 -7.2337 -1.7082 -2.2892 -7.3521 0.0300 0.2379 238.0000 23.8000 0.0000 12.0000 2.0000 
1102 1407 399 -0.6306 -0.5003 -6.3499 -0.8858 -0.2997 -6.7549 0.0300 0.5191 238.0000 23.8000 0.0000 5.8770 2.0000 
1407 1408 399 -0.8858 -0.2997 -6.7549 -1.0614 -0.1185 -7.1156 0.0300 0.4402 238.0000 23.8000 0.0000 6.7054 2.0000 
1408 1409 399 -1.0614 -0.1185 -7.1156 -1.2647 0.0588 -7.4916 0.0300 0.4627 238.0000 23.8000 0.0000 7.8167 2.0000 
1409 1410 399 -1.2647 0.0588 -7.4916 -1.4810 0.2933 -7.8629 0.0300 0.4896 238.0000 23.8000 0.0000 9.4801 2.0000 
1410 1411 399 -1.4810 0.2933 -7.8629 -1.6785 0.5491 -8.1632 0.0300 0.4411 238.0000 23.8000 0.0000 12.0000 2.0000 
1103 1412 400 -0.6432 -0.5366 -6.5518 -0.9642 -0.4610 -6.8813 0.0300 0.4662 238.0000 23.8000 0.0000 5.8058 2.0000 
1412 1413 400 -0.9642 -0.4610 -6.8813 -1.2648 -0.3556 -7.2322 0.0300 0.4739 238.0000 23.8000 0.0000 6.6342 2.0000 
1413 1414 400 -1.2648 -0.3556 -7.2322 -1.6456 -0.1854 -7.6319 0.0300 0.5777 238.0000 23.8000 0.0000 7.9763 2.0000 
1414 1415 400 -1.6456 -0.1854 -7.6319 -1.9155 -0.0670 -7.8999 0.0300 0.3983 238.0000 23.8000 0.0000 9.2931 2.0000 
1415 1416 400 -1.9155 -0.0670 -7.8999 -2.1929 0.0678 -8.1849 0.0300 0.4199 238.0000 23.8000 0.0000 11.4832 2.0000 
1416 1417 400 -2.1929 0.0678 -8.1849 -2.2390 0.0893 -8.2304 0.0300 0.0683 238.0000 23.8000 0.0000 12.0000 2.0000 
1104 1418 401 -0.6584 -0.5709 -6.7608 -0.9629 -0.5178 -7.0474 0.0300 0.4215 238.0000 23.8000 0.0000 5.7597 2.0000 
1418 1419 401 -0.9629 -0.5178 -7.0474 -1.3241 -0.4581 -7.3855 0.0300 0.4984 238.0000 23.8000 0.0000 6.5706 2.0000 
1419 1420 401 -1.3241 -0.4581 -7.3855 -1.6715 -0.4452 -7.7471 0.0300 0.5016 238.0000 23.8000 0.0000 7.6335 2.0000 
1420 1421 401 -1.6715 -0.4452 -7.7471 -2.0238 -0.4307 -8.1081 0.0300 0.5046 238.0000 23.8000 0.0000 9.1740 2.0000 
1421 1422 401 -2.0238 -0.4307 -8.1081 -2.3714 -0.4006 -8.4481 0.0300 0.4872 238.0000 23.8000 0.0000 11.8291 2.0000 
1422 1423 401 -2.3714 -0.4006 -8.4481 -2.3861 -0.3993 -8.4624 0.0300 0.0205 238.0000 23.8000 0.0000 12.0000 2.0000 
1105 1424 402 -0.6748 -0.6043 -6.9531 -1.0165 -0.5691 -7.2874 0.0300 0.4794 238.0000 23.8000 0.0000 5.9217 2.0000 
1424 1425 402 -1.0165 -0.5691 -7.2874 -1.3845 -0.5795 -7.6127 0.0300 0.4913 238.0000 23.8000 0.0000 6.7793 2.0000 
1425 1426 402 -1.3845 -0.5795 -7.6127 -1.7898 -0.5877 -7.9601 0.0300 0.5339 238.0000 23.8000 0.0000 8.0347 2.0000 
1426 1427 402 -1.7898 -0.5877 -7.9601 -2.1357 -0.6058 -8.2533 0.0300 0.4538 238.0000 23.8000 0.0000 9.6306 2.0000 
1427 1428 402 -2.1357 -0.6058 -8.2533 -2.4294 -0.6220 -8.5050 0.0300 0.3871 238.0000 23.8000 0.0000 12.0000 2.0000 
1106 1429 403 -0.6955 -0.6399 -7.1584 -1.1258 -0.6021 -7.4848 0.0300 0.5414 238.0000 23.8000 0.0000 6.0030 2.0000 
1429 1430 403 -1.1258 -0.6021 -7.4848 -1.5304 -0.5460 -7.8136 0.0300 0.5244 238.0000 23.8000 0.0000 6.8491 2.0000 
1430 1431 403 -1.5304 -0.5460 -7.8136 -1.8302 -0.4975 -8.0437 0.0300 0.3810 238.0000 23.8000 0.0000 7.6290 2.0000 
1431 1432 403 -1.8302 -0.4975 -8.0437 -2.1525 -0.4402 -8.3064 0.0300 0.4197 238.0000 23.8000 0.0000 8.7620 2.0000 
1432 1433 403 -2.1525 -0.4402 -8.3064 -2.5214 -0.3678 -8.6095 0.0300 0.4829 238.0000 23.8000 0.0000 10.8170 2.0000 
1433 1434 403 -2.5214 -0.3678 -8.6095 -2.6522 -0.3449 -8.7181 0.0300 0.1716 238.0000 23.8000 0.0000 12.0000 2.0000 
1107 1435 404 -0.7134 -0.6672 -7.3430 -0.6827 -0.4480 -7.6842 0.0300 0.4068 238.0000 23.8000 0.0000 5.9917 2.0000 
1435 1436 404 -0.6827 -0.4480 -7.6842 -0.6593 -0.2272 -8.0729 0.0300 0.4476 238.0000 23.8000 0.0000 6.8309 2.0000 
1436 1437 404 -0.6593 -0.2272 -8.0729 -0.6342 0.0249 -8.5284 0.0300 0.5212 238.0000 23.8000 0.0000 8.0973 2.0000 
1437 1438 404 -0.6342 0.0249 -8.5284 -0.5820 0.2183 -8.9395 0.0300 0.4573 238.0000 23.8000 0.0000 9.6758 2.0000 
1438 1439 404 -0.5820 0.2183 -8.9395 -0.5284 0.4071 -9.3085 0.0300 0.4179 238.0000 23.8000 0.0000 12.0000 2.0000 
1108 1440 405 -0.7371 -0.6939 -7.5458 -0.5089 -0.9965 -7.9443 0.0300 0.5499 238.0000 23.8000 0.0000 6.1590 2.0000 
1440 1441 405 -0.5089 -0.9965 -7.9443 -0.2791 -1.2720 -8.3204 0.0300 0.5198 238.0000 23.8000 0.0000 7.0448 2.0000 
1441 1442 405 -0.2791 -1.2720 -8.3204 -0.0782 -1.5037 -8.6865 0.0300 0.4776 238.0000 23.8000 0.0000 8.1122 2.0000 
1442 1443 405 -0.0782 -1.5037 -8.6865 0.1101 -1.7135 -9.0280 0.0300 0.4429 238.0000 23.8000 0.0000 9.5036 2.0000 
1443 1444 405 0.1101 -1.7135 -9.0280 0.3149 -1.8934 -9.3304 0.0300 0.4071 238.0000 23.8000 0.0000 11.5563 2.0000 
1444 1445 405 0.3149 -1.8934 -9.3304 0.3459 -1.9230 -9.3743 0.0300 0.0613 238.0000 23.8000 0.0000 12.0000 2.0000 
1109 1446 406 -0.7613 -0.7176 -7.7297 -0.9517 -1.0314 -8.0008 0.0300 0.4564 238.0000 23.8000 0.0000 5.9764 2.0000 
1446 1447 406 -0.9517 -1.0314 -8.0008 -1.1767 -1.3708 -8.3019 0.0300 0.5064 238.0000 23.8000 0.0000 6.6700 2.0000 
1447 1448 406 -1.1767 -1.3708 -8.3019 -1.4214 -1.7508 -8.5904 0.0300 0.5361 238.0000 23.8000 0.0000 7.6322 2.0000 
1448 1449 406 -1.4214 -1.7508 -8.5904 -1.5724 -2.0291 -8.8153 0.0300 0.3884 238.0000 23.8000 0.0000 8.5877 2.0000 
1449 1450 406 -1.5724 -2.0291 -8.8153 -1.7785 -2.3664 -9.1245 0.0300 0.5018 238.0000 23.8000 0.0000 10.5583 2.0000 
1450 1451 406 -1.7785 -2.3664 -9.1245 -1.8691 -2.5045 -9.2505 0.0300 0.2078 238.0000 23.8000 0.0000 12.0000 2.0000 
1110 1452 407 -0.7838 -0.7386 -7.9295 -0.6523 -1.0634 -8.2668 0.0300 0.4863 238.0000 23.8000 0.0000 6.2282 2.0000 
1452 1453 407 -0.6523 -1.0634 -8.2668 -0.5185 -1.4154 -8.6178 0.0300 0.5148 238.0000 23.8000 0.0000 7.1424 2.0000 
1453 1454 407 -0.5185 -1.4154 -8.6178 -0.4545 -1.8528 -8.9565 0.0300 0.5569 238.0000 23.8000 0.0000 8.4325 2.0000 
1454 1455 407 -0.4545 -1.8528 -8.9565 -0.3950 -2.2618 -9.2756 0.0300 0.5222 238.0000 23.8000 0.0000 10.1746 2.0000 
1455 1456 407 -0.3950 -2.2618 -9.2756 -0.3532 -2.5411 -9.4908 0.0300 0.3551 238.0000 23.8000 0.0000 12.0000 2.0000 
1111 1457 408 -0.7979 -0.7595 -8.1225 -1.0481 -1.1799 -8.4750 0.0300 0.6030 238.0000 23.8000 0.0000 6.4420 2.0000 
1457 1458 408 -1.0481 -1.1799 -8.4750 -1.2593 -1.5542 -8.7655 0.0300 0.5187 238.0000 23.8000 0.0000 7.4013 2.0000 
1458 1459 408 -1.2593 -1.5542 -8.7655 -1.4500 -1.8950 -9.0248 0.0300 0.4688 238.0000 23.8000 0.0000 8.5549 2.0000 
1459 1460 408 -1.4500 -1.8950 -9.0248 -1.6340 -2.2040 -9.2432 0.0300 0.4207 238.0000 23.8000 0.0000 10.0303 2.0000 
1460 1461 408 -1.6340 -2.2040 -9.2432 -1.7884 -2.4623 -9.4289 0.0300 0.3537 238.0000 23.8000 0.0000 12.0000 2.0000 
1112 1462 409 -0.8139 -0.7794 -8.3147 -0.6557 -0.4750 -8.7583 0.0300 0.5608 238.0000 23.8000 0.0000 6.4809 2.0000 
1462 1463 409 -0.6557 -0.4750 -8.7583 -0.4922 -0.2306 -9.1048 0.0300 0.4544 238.0000 23.8000 0.0000 7.3407 2.0000 
1463 1464 409 -0.4922 -0.2306 -9.1048 -0.3420 0.0105 -9.4741 0.0300 0.4659 238.0000 23.8000 0.0000 8.4695 2.0000 
1464 1465 409 -0.3420 0.0105 -9.4741 -0.1585 0.2537 -9.8643 0.0300 0.4950 238.0000 23.8000 0.0000 10.1708 2.0000 
1465 1466 409 -0.1585 0.2537 -9.8643 -0.0207 0.4179 -10.1316 0.0300 0.3427 238.0000 23.8000 0.0000 12.0000 2.0000 
1113 1467 410 -0.8278 -0.7980 -8.5045 -0.7866 -0.5266 -8.8943 0.0300 0.4768 238.0000 23.8000 0.0000 6.2560 2.0000 
1467 1468 410 -0.7866 -0.5266 -8.8943 -0.7500 -0.2464 -9.3012 0.0300 0.4954 238.0000 23.8000 0.0000 7.0047 2.0000 
1468 1469 410 -0.7500 -0.2464 -9.3012 -0.7489 -0.0801 -9.5756 0.0300 0.3208 238.0000 23.8000 0.0000 7.6123 2.0000 
1469 1470 410 -0.7489 -0.0801 -9.5756 -0.7450 0.1451 -9.9535 0.0300 0.4400 238.0000 23.8000 0.0000 8.7139 2.0000 
1470 1471 410 -0.7450 0.1451 -9.9535 -0.7403 0.4108 -10.3994 0.0300 0.5190 238.0000 23.8000 0.0000 10.9265 2.0000 
1471 1472 410 -0.7403 0.4108 -10.3994 -0.7353 0.4871 -10.5210 0.0300 0.1437 238.0000 23.8000 0.0000 12.0000 2.0000 
1114 1473 411 -0.8468 -0.8227 -8.7089 -0.8746 -1.1404 -8.9536 0.0300 0.4020 238.0000 23.8000 0.0000 6.3009 2.0000 
1473 1474 411 -0.8746 -1.1404 -8.9536 -0.9101 -1.4986 -9.2405 0.0300 0.4603 238.0000 23.8000 0.0000 7.0910 2.0000 
1474 1475 411 -0.9101 -1.4986 -9.2405 -0.9603 -1.8336 -9.5282 0.0300 0.4444 238.0000 23.8000 0.0000 8.0765 2.0000 
1475 1476 411 -0.9603 -1.8336 -9.5282 -1.0024 -2.2210 -9.8277 0.0300 0.4914 238.0000 23.8000 0.0000 9.6472 2.0000 
1476 1477 411 -1.0024 -2.2210 -9.8277 -1.0214 -2.5803 -10.0466 0.0300 0.4212 238.0000 23.8000 0.0000 12.0000 2.0000 
1115 1478 412 -0.8646 -0.8406 -8.9063 -0.8286 -0.5562 -9.3379 0.0300 0.5182 238.0000 23.8000 0.0000 6.5377 2.0000 
1478 1479 412 -0.8286 -0.5562 -9.3379 -0.7848 -0.2334 -9.8733 0.0300 0.6267 238.0000 23.8000 0.0000 7.6802 2.0000 
1479 1480 412 -0.7848 -0.2334 -9.8733 -0.7143 0.0127 -10.2874 0.0300 0.4868 238.0000 23.8000 0.0000 8.8614 2.0000 
1480 1481 412 -0.7143 0.0127 -10.2874 -0.6466 0.3123 -10.7780 0.0300 0.5789 238.0000 23.8000 0.0000 10.9463 2.0000 
1481 1482 412 -0.6466 0.3123 -10.7780 -0.6119 0.4071 -10.9473 0.0300 0.1971 238.0000 23.8000 0.0000 12.0000 2.0000 
1116 1483 413 -0.8853 -0.8554 -9.1047 -1.0997 -1.2115 -9.4547 0.0300 0.5434 238.0000 23.8000 0.0000 6.5557 2.0000 
1483 1484 413 -1.0997 -1.2115 -9.4547 -1.2743 -1.4922 -9.7250 0.0300 0.4270 238.0000 23.8000 0.0000 7.2480 2.0000 
1484 1485 413 -1.2743 -1.4922 -9.7250 -1.4608 -1.7822 -10.0122 0.0300 0.4488 238.0000 23.8000 0.0000 8.1761 2.0000 
1485 1486 413 -1.4608 -1.7822 -10.0122 -1.6483 -2.0501 -10.3071 0.0300 0.4403 238.0000 23.8000 0.0000 9.4405 2.0000 
1486 1487 413 -1.6483 -2.0501 -10.3071 -1.8474 -2.3109 -10.6476 0.0300 0.4729 238.0000 23.8000 0.0000 11.7324 2.0000 
1487 1488 413 -1.8474 -2.3109 -10.6476 -1.8634 -2.3314 -10.6736 0.0300 0.0368 238.0000 23.8000 0.0000 12.0000 2.0000 
1117 1489 414 -0.9134 -0.8735 -9.2979 -0.7632 -1.2042 -9.6496 0.0300 0.5055 238.0000 23.8000 0.0000 6.5534 2.0000 
1489 1490 414 -0.7632 -1.2042 -9.6496 -0.6132 -1.5335 -10.0067 0.0300 0.5084 238.0000 23.8000 0.0000 7.3801 2.0000 
1490 1491 414 -0.6132 -1.5335 -10.0067 -0.5242 -1.7516 -10.2672 0.0300 0.3512 238.0000 23.8000 0.0000 8.1039 2.0000 
1491 1492 414 -0.5242 -1.7516 -10.2672 -0.4273 -2.0678 -10.6792 0.0300 0.5283 238.0000 23.8000 0.0000 9.6271 2.0000 
1492 1493 414 -0.4273 -2.0678 -10.6792 -0.3656 -2.3430 -11.0406 0.0300 0.4584 238.0000 23.8000 0.0000 11.9855 2.0000 
1493 1494 414 -0.3656 -2.3430 -11.0406 -0.3653 -2.3442 -11.0421 0.0300 0.0019 238.0000 23.8000 0.0000 12.0000 2.0000 
1118 1495 415 -0.9442 -0.8807 -9.4902 -0.8030 -0.6349 -9.8866 0.0300 0.4873 238.0000 23.8000 0.0000 6.6233 2.0000 
1495 1496 415 -0.8030 -0.6349 -9.8866 -0.6479 -0.3411 -10.3053 0.0300 0.5345 238.0000 23.8000 0.0000 7.5531 2.0000 
1496 1497 415 -0.6479 -0.3411 -10.3053 -0.5097 -0.0995 -10.6261 0.0300 0.4247 238.0000 23.8000 0.0000 8.5268 2.0000 
1497 1498 415 -0.5097 -0.0995 -10.6261 -0.3586 0.1920 -10.9737 0.0300 0.4782 238.0000 23.8000 0.0000 10.1063 2.0000 
1498 1499 415 -0.3586 0.1920 -10.9737 -0.2612 0.4046 -11.2309 0.0300 0.3476 238.0000 23.8000 0.0000 12.0000 2.0000 
1119 1500 416 -0.9757 -0.8878 -9.7019 -0.8430 -1.1185 -9.9732 0.0300 0.3800 238.0000 23.8000 0.0000 6.5095 2.0000 
1500 1501 416 -0.8430 -1.1185 -9.9732 -0.6727 -1.4357 -10.3536 0.0300 0.5237 238.0000 23.8000 0.0000 7.3475 2.0000 
1501 1502 416 -0.6727 -1.4357 -10.3536 -0.5159 -1.6770 -10.6565 0.0300 0.4178 238.0000 23.8000 0.0000 8.2058 2.0000 
1502 1503 416 -0.5159 -1.6770 -10.6565 -0.3398 -1.9526 -11.0055 0.0300 0.4783 238.0000 23.8000 0.0000 9.5622 2.0000 
1503 1504 416 -0.3398 -1.9526 -11.0055 -0.1907 -2.2281 -11.3585 0.0300 0.4720 238.0000 23.8000 0.0000 11.8136 2.0000 
1504 1505 416 -0.1907 -2.2281 -11.3585 -0.1822 -2.2434 -11.3787 0.0300 0.0268 238.0000 23.8000 0.0000 12.0000 2.0000 
1120 1506 417 -1.0066 -0.8972 -9.9053 -0.9317 -1.1262 -10.2141 0.0300 0.3917 238.0000 23.8000 0.0000 6.5588 2.0000 
1506 1507 417 -0.9317 -1.1262 -10.2141 -0.8793 -1.3923 -10.5867 0.0300 0.4608 238.0000 23.8000 0.0000 7.2663 2.0000 
1507 1508 417 -0.8793 -1.3923 -10.5867 -0.8235 -1.6201 -10.9563 0.0300 0.4377 238.0000 23.8000 0.0000 8.1409 2.0000 
1508 1509 417 -0.8235 -1.6201 -10.9563 -0.7667 -1.8945 -11.3579 0.0300 0.4897 238.0000 23.8000 0.0000 9.5705 2.0000 
1509 1510 417 -0.7667 -1.8945 -11.3579 -0.7105 -2.1351 -11.6813 0.0300 0.4071 238.0000 23.8000 0.0000 11.7011 2.0000 
1510 1511 417 -0.7105 -2.1351 -11.6813 -0.7052 -2.1572 -11.7109 0.0300 0.0373 238.0000 23.8000 0.0000 12.0000 2.0000 
1121 1512 418 -1.0400 -0.9005 -10.1029 -1.3092 -0.6724 -10.4312 0.0300 0.4820 238.0000 23.8000 0.0000 6.7996 2.0000 
1512 1513 418 -1.3092 -0.6724 -10.4312 -1.5346 -0.4505 -10.8284 0.0300 0.5077 238.0000 23.8000 0.0000 7.6697 2.0000 
1513 1514 418 -1.5346 -0.4505 -10.8284 -1.8062 -0.2317 -11.2202 0.0300 0.5245 238.0000 23.8000 0.0000 8.8329 2.0000 
1514 1515 418 -1.8062 -0.2317 -11.2202 -2.0652 -0.0245 -11.5921 0.0300 0.4983 238.0000 23.8000 0.0000 10.3932 2.0000 
1515 1516 418 -2.0652 -0.0245 -11.5921 -2.2419 0.1253 -11.8446 0.0300 0.3426 238.0000 23.8000 0.0000 12.0000 2.0000 
1122 1517 419 -1.0667 -0.9101 -10.2993 -1.3638 -1.0442 -10.5422 0.0300 0.4065 238.0000 23.8000 0.0000 6.7019 2.0000 
1517 1518 419 -1.3638 -1.0442 -10.5422 -1.7068 -1.1878 -10.8763 0.0300 0.4999 238.0000 23.8000 0.0000 7.4956 2.0000 
1518 1519 419 -1.7068 -1.1878 -10.8763 -1.9967 -1.3366 -11.1591 0.0300 0.4314 238.0000 23.8000 0.0000 8.3867 2.0000 
1519 1520 419 -1.9967 -1.3366 -11.1591 -2.2753 -1.4964 -11.4479 0.0300 0.4320 238.0000 23.8000 0.0000 9.6286 2.0000 
1520 1521 419 -2.2753 -1.4964 -11.4479 -2.5656 -1.6665 -11.7591 0.0300 0.4583 238.0000 23.8000 0.0000 11.8695 2.0000 
1521 1522 419 -2.5656 -1.6665 -11.7591 -2.5768 -1.6734 -11.7714 0.0300 0.0180 238.0000 23.8000 0.0000 12.0000 2.0000 
1123 1523 420 -1.0871 -0.9069 -10.5161 -1.4312 -1.0255 -10.8387 0.0300 0.4863 238.0000 23.8000 0.0000 6.7713 2.0000 
1523 1524 420 -1.4312 -1.0255 -10.8387 -1.6861 -1.0957 -11.1530 0.0300 0.4108 238.0000 23.8000 0.0000 7.3200 2.0000 
1524 1525 420 -1.6861 -1.0957 -11.1530 -2.0298 -1.1910 -11.5668 0.0300 0.5463 238.0000 23.8000 0.0000 8.2713 2.0000 
1525 1526 420 -2.0298 -1.1910 -11.5668 -2.3433 -1.2809 -11.9294 0.0300 0.4877 238.0000 23.8000 0.0000 9.5272 2.0000 
1526 1527 420 -2.3433 -1.2809 -11.9294 -2.5935 -1.3311 -12.2075 0.0300 0.3775 238.0000 23.8000 0.0000 11.1434 2.0000 
1527 1528 420 -2.5935 -1.3311 -12.2075 -2.6809 -1.3517 -12.2977 0.0300 0.1273 238.0000 23.8000 0.0000 12.0000 2.0000 
1124 1529 421 -1.1140 -0.8956 -10.7134 -0.8382 -0.7888 -11.0871 0.0300 0.4766 238.0000 23.8000 0.0000 6.8062 2.0000 
1529 1530 421 -0.8382 -0.7888 -11.0871 -0.5320 -0.6739 -11.5124 0.0300 0.5366 238.0000 23.8000 0.0000 7.5214 2.0000 
1530 1531 421 -0.5320 -0.6739 -11.5124 -0.2743 -0.5730 -11.8741 0.0300 0.4554 238.0000 23.8000 0.0000 8.3062 2.0000 
1531 1532 421 -0.2743 -0.5730 -11.8741 -0.0210 -0.4988 -12.2480 0.0300 0.4577 238.0000 23.8000 0.0000 9.3905 2.0000 
1532 1533 421 -0.0210 -0.4988 -12.2480 0.2853 -0.3737 -12.6287 0.0300 0.5045 238.0000 23.8000 0.0000 11.3930 2.0000 
1533 1534 421 0.2853 -0.3737 -12.6287 0.3432 -0.3479 -12.7008 0.0300 0.0960 238.0000 23.8000 0.0000 12.0000 2.0000 
1125 1535 422 -1.1295 -0.8999 -10.9077 -0.8371 -0.8457 -11.2380 0.0300 0.4444 238.0000 23.8000 0.0000 6.8933 2.0000 
1535 1536 422 -0.8371 -0.8457 -11.2380 -0.4789 -0.7352 -11.6857 0.0300 0.5840 238.0000 23.8000 0.0000 7.7950 2.0000 
1536 1537 422 -0.4789 -0.7352 -11.6857 -0.1960 -0.6525 -12.0355 0.0300 0.4574 238.0000 23.8000 0.0000 8.7376 2.0000 
1537 1538 422 -0.1960 -0.6525 -12.0355 0.0569 -0.5710 -12.3636 0.0300 0.4222 238.0000 23.8000 0.0000 9.9546 2.0000 
1538 1539 422 0.0569 -0.5710 -12.3636 0.3144 -0.4893 -12.6987 0.0300 0.4304 238.0000 23.8000 0.0000 12.0000 2.0000 
1126 1540 423 -1.1456 -0.9024 -11.1256 -1.0821 -1.2163 -11.4815 0.0300 0.4788 238.0000 23.8000 0.0000 7.0644 2.0000 
1540 1541 423 -1.0821 -1.2163 -11.4815 -1.0379 -1.4882 -11.8675 0.0300 0.4742 238.0000 23.8000 0.0000 7.8479 2.0000 
1541 1542 423 -1.0379 -1.4882 -11.8675 -0.9865 -1.8012 -12.3123 0.0300 0.5463 238.0000 23.8000 0.0000 9.0005 2.0000 
1542 1543 423 -0.9865 -1.8012 -12.3123 -0.9323 -2.1124 -12.7740 0.0300 0.5594 238.0000 23.8000 0.0000 10.6879 2.0000 
1543 1544 423 -0.9323 -2.1124 -12.7740 -0.9038 -2.2848 -13.0129 0.0300 0.2960 238.0000 23.8000 0.0000 12.0000 2.0000 
1127 1545 424 -1.1595 -0.9065 -11.3340 -1.4784 -0.8933 -11.6204 0.0300 0.4289 238.0000 23.8000 0.0000 6.9591 2.0000 
1545 1546 424 -1.4784 -0.8933 -11.6204 -1.7891 -0.8892 -11.8960 0.0300 0.4153 238.0000 23.8000 0.0000 7.5323 2.0000 
1546 1547 424 -1.7891 -0.8892 -11.8960 -2.1558 -0.9149 -12.2197 0.0300 0.4898 238.0000 23.8000 0.0000 8.3885 2.0000 
1547 1548 424 -2.1558 -0.9149 -12.2197 -2.5757 -0.9772 -12.5252 0.0300 0.5229 238.0000 23.8000 0.0000 9.6931 2.0000 
1548 1549 424 -2.5757 -0.9772 -12.5252 -2.9028 -1.0296 -12.8015 0.0300 0.4314 238.0000 23.8000 0.0000 11.4835 2.0000 
1549 1550 424 -2.9028 -1.0296 -12.8015 -2.9672 -1.0371 -12.8542 0.0300 0.0836 238.0000 23.8000 0.0000 12.0000 2.0000 
1128 1551 425 -1.1692 -0.9097 -11.5404 -1.0947 -1.2246 -11.8621 0.0300 0.4563 238.0000 23.8000 0.0000 7.1966 2.0000 
1551 1552 425 -1.0947 -1.2246 -11.8621 -1.0286 -1.5279 -12.1664 0.0300 0.4347 238.0000 23.8000 0.0000 7.9732 2.0000 
1552 1553 425 -1.0286 -1.5279 -12.1664 -0.9651 -1.8136 -12.4655 0.0300 0.4184 238.0000 23.8000 0.0000 8.9048 2.0000 
1553 1554 425 -0.9651 -1.8136 -12.4655 -0.8805 -2.2077 -12.8424 0.0300 0.5519 238.0000 23.8000 0.0000 10.6269 2.0000 
1554 1555 425 -0.8805 -2.2077 -12.8424 -0.8419 -2.4201 -13.0419 0.0300 0.2940 238.0000 23.8000 0.0000 12.0000 2.0000 
1129 1556 426 -1.1720 -0.9095 -11.7400 -0.9450 -0.7254 -12.0120 0.0300 0.3993 238.0000 23.8000 0.0000 7.0857 2.0000 
1556 1557 426 -0.9450 -0.7254 -12.0120 -0.6114 -0.5397 -12.3680 0.0300 0.5220 238.0000 23.8000 0.0000 7.8952 2.0000 
1557 1558 426 -0.6114 -0.5397 -12.3680 -0.3842 -0.4189 -12.6134 0.0300 0.3556 238.0000 23.8000 0.0000 8.5853 2.0000 
1558 1559 426 -0.3842 -0.4189 -12.6134 -0.0661 -0.2495 -12.9615 0.0300 0.5010 238.0000 23.8000 0.0000 9.8880 2.0000 
1559 1560 426 -0.0661 -0.2495 -12.9615 0.2430 -0.0851 -13.3089 0.0300 0.4932 238.0000 23.8000 0.0000 12.0000 2.0000 
1130 1561 427 -1.1711 -0.9081 -11.9374 -1.1427 -0.5335 -12.3195 0.0300 0.5359 238.0000 23.8000 0.0000 7.3913 2.0000 
1561 1562 427 -1.1427 -0.5335 -12.3195 -1.1146 -0.1244 -12.7343 0.0300 0.5833 238.0000 23.8000 0.0000 8.4116 2.0000 
1562 1563 427 -1.1146 -0.1244 -12.7343 -1.1255 0.2325 -13.0895 0.0300 0.5037 238.0000 23.8000 0.0000 9.5479 2.0000 
1563 1564 427 -1.1255 0.2325 -13.0895 -1.0801 0.6600 -13.5063 0.0300 0.5988 238.0000 23.8000 0.0000 11.4786 2.0000 
1564 1565 427 -1.0801 0.6600 -13.5063 -1.0702 0.7459 -13.5896 0.0300 0.1200 238.0000 23.8000 0.0000 12.0000 2.0000 
1131 1566 428 -1.1657 -0.9070 -12.1311 -0.8403 -0.7823 -12.4441 0.0300 0.4684 238.0000 23.8000 0.0000 7.3434 2.0000 
1566 1567 428 -0.8403 -0.7823 -12.4441 -0.5245 -0.6592 -12.7705 0.0300 0.4706 238.0000 23.8000 0.0000 8.1714 2.0000 
1567 1568 428 -0.5245 -0.6592 -12.7705 -0.1981 -0.5300 -13.0797 0.0300 0.4678 238.0000 23.8000 0.0000 9.2721 2.0000 
1568 1569 428 -0.1981 -0.5300 -13.0797 0.0436 -0.4359 -13.2998 0.0300 0.3402 238.0000 23.8000 0.0000 10.3936 2.0000 
1569 1570 428 0.0436 -0.4359 -13.2998 0.2779 -0.3459 -13.5043 0.0300 0.3237 238.0000 23.8000 0.0000 12.0000 2.0000 
1132 1571 429 -1.1603 -0.9051 -12.3309 -0.9812 -1.1067 -12.6468 0.0300 0.4153 238.0000 23.8000 0.0000 7.3690 2.0000 
1571 1572 429 -0.9812 -1.1067 -12.6468 -0.8035 -1.3605 -13.0241 0.0300 0.4882 238.0000 23.8000 0.0000 8.2634 2.0000 
1572 1573 429 -0.8035 -1.3605 -13.0241 -0.6430 -1.6100 -13.3666 0.0300 0.4532 238.0000 23.8000 0.0000 9.3257 2.0000 
1573 1574 429 -0.6430 -1.6100 -13.3666 -0.5038 -1.8187 -13.7265 0.0300 0.4387 238.0000 23.8000 0.0000 10.7267 2.0000 
1574 1575 429 -0.5038 -1.8187 -13.7265 -0.4185 -1.9477 -13.9648 0.0300 0.2841 238.0000 23.8000 0.0000 12.0000 2.0000 
1133 1576 430 -1.1563 -0.9054 -12.5290 -1.3403 -1.1678 -12.8629 0.0300 0.4629 238.0000 23.8000 0.0000 7.3676 2.0000 
1576 1577 430 -1.3403 -1.1678 -12.8629 -1.5260 -1.4366 -13.1697 0.0300 0.4481 238.0000 23.8000 0.0000 8.0304 2.0000 
1577 1578 430 -1.5260 -1.4366 -13.1697 -1.7331 -1.7205 -13.5098 0.0300 0.4890 238.0000 23.8000 0.0000 8.9389 2.0000 
1578 1579 430 -1.7331 -1.7205 -13.5098 -1.9819 -1.9887 -13.9104 0.0300 0.5426 238.0000 23.8000 0.0000 10.3473 2.0000 
1579 1580 430 -1.9819 -1.9887 -13.9104 -2.1769 -2.1939 -14.2045 0.0300 0.4082 238.0000 23.8000 0.0000 12.0000 2.0000 
1134 1581 431 -1.1524 -0.9061 -12.7306 -1.2203 -0.5758 -13.0844 0.0300 0.4888 238.0000 23.8000 0.0000 7.7423 2.0000 
1581 1582 431 -1.2203 -0.5758 -13.0844 -1.3097 -0.2225 -13.3887 0.0300 0.4747 238.0000 23.8000 0.0000 8.8085 2.0000 
1582 1583 431 -1.3097 -0.2225 -13.3887 -1.3518 0.1071 -13.6920 0.0300 0.4499 238.0000 23.8000 0.0000 10.1108 2.0000 
1583 1584 431 -1.3518 0.1071 -13.6920 -1.3874 0.3930 -14.0164 0.0300 0.4338 238.0000 23.8000 0.0000 11.8474 2.0000 
1584 1585 431 -1.3874 0.3930 -14.0164 -1.3904 0.4134 -14.0394 0.0300 0.0309 238.0000 23.8000 0.0000 12.0000 2.0000 
1135 1586 432 -1.1483 -0.9064 -12.9398 -1.4756 -0.9814 -13.2942 0.0300 0.4883 238.0000 23.8000 0.0000 7.5895 2.0000 
1586 1587 432 -1.4756 -0.9814 -13.2942 -1.7286 -1.0130 -13.5889 0.0300 0.3896 238.0000 23.8000 0.0000 8.2457 2.0000 
1587 1588 432 -1.7286 -1.0130 -13.5889 -2.0522 -1.0391 -13.9440 0.0300 0.4812 238.0000 23.8000 0.0000 9.2751 2.0000 
1588 1589 432 -2.0522 -1.0391 -13.9440 -2.3582 -1.0294 -14.2946 0.0300 0.4655 238.0000 23.8000 0.0000 10.6819 2.0000 
1589 1590 432 -2.3582 -1.0294 -14.2946 -2.5355 -1.0260 -14.5303 0.0300 0.2950 238.0000 23.8000 0.0000 12.0000 2.0000 
1136 1591 433 -1.1506 -0.9064 -13.1301 -1.4898 -0.9175 -13.4275 0.0300 0.4513 238.0000 23.8000 0.0000 7.5069 2.0000 
1591 1592 433 -1.4898 -0.9175 -13.4275 -1.8028 -0.9499 -13.7407 0.0300 0.4440 238.0000 23.8000 0.0000 8.1552 2.0000 
1592 1593 433 -1.8028 -0.9499 -13.7407 -2.1375 -0.9944 -14.1048 0.0300 0.4965 238.0000 23.8000 0.0000 9.0907 2.0000 
1593 1594 433 -2.1375 -0.9944 -14.1048 -2.4745 -1.0425 -14.4574 0.0300 0.4901 238.0000 23.8000 0.0000 10.4190 2.0000 
1594 1595 433 -2.4745 -1.0425 -14.4574 -2.7287 -1.0598 -14.7186 0.0300 0.3650 238.0000 23.8000 0.0000 12.0000 2.0000 
1137 1596 434 -1.1488 -0.9078 -13.3227 -1.2698 -1.2419 -13.6873 0.0300 0.5090 238.0000 23.8000 0.0000 7.7178 2.0000 
1596 1597 434 -1.2698 -1.2419 -13.6873 -1.3906 -1.5732 -14.0491 0.0300 0.5053 238.0000 23.8000 0.0000 8.5731 2.0000 
1597 1598 434 -1.3906 -1.5732 -14.0491 -1.4982 -1.8910 -14.3970 0.0300 0.4834 238.0000 23.8000 0.0000 9.6279 2.0000 
1598 1599 434 -1.4982 -1.8910 -14.3970 -1.6005 -2.1922 -14.7268 0.0300 0.4582 238.0000 23.8000 0.0000 11.0092 2.0000 
1599 1600 434 -1.6005 -2.1922 -14.7268 -1.6459 -2.3394 -14.9092 0.0300 0.2387 238.0000 23.8000 0.0000 12.0000 2.0000 
1138 1601 435 -1.1468 -0.9093 -13.5245 -1.4316 -0.8317 -13.8610 0.0300 0.4477 238.0000 23.8000 0.0000 7.5964 2.0000 
1601 1602 435 -1.4316 -0.8317 -13.8610 -1.7235 -0.7449 -14.2272 0.0300 0.4763 238.0000 23.8000 0.0000 8.2721 2.0000 
1602 1603 435 -1.7235 -0.7449 -14.2272 -2.0070 -0.6500 -14.5921 0.0300 0.4717 238.0000 23.8000 0.0000 9.1308 2.0000 
1603 1604 435 -2.0070 -0.6500 -14.5921 -2.3037 -0.5620 -14.9718 0.0300 0.4898 238.0000 23.8000 0.0000 10.3855 2.0000 
1604 1605 435 -2.3037 -0.5620 -14.9718 -2.5647 -0.4788 -15.2581 0.0300 0.3963 238.0000 23.8000 0.0000 12.0000 2.0000 
1139 1606 436 -1.1510 -0.9094 -13.7208 -0.7796 -0.9033 -14.1171 0.0300 0.5431 238.0000 23.8000 0.0000 7.9228 2.0000 
1606 1607 436 -0.7796 -0.9033 -14.1171 -0.5086 -0.8892 -14.3859 0.0300 0.3820 238.0000 23.8000 0.0000 8.5990 2.0000 
1607 1608 436 -0.5086 -0.8892 -14.3859 -0.1407 -0.8571 -14.7447 0.0300 0.5149 238.0000 23.8000 0.0000 9.7521 2.0000 
1608 1609 436 -0.1407 -0.8571 -14.7447 0.2095 -0.8225 -15.1078 0.0300 0.5057 238.0000 23.8000 0.0000 11.3692 2.0000 
1609 1610 436 0.2095 -0.8225 -15.1078 0.3100 -0.8104 -15.2136 0.0300 0.1464 238.0000 23.8000 0.0000 12.0000 2.0000 
1140 1611 437 -1.1600 -0.9132 -13.9257 -0.8961 -0.7504 -14.2823 0.0300 0.4727 238.0000 23.8000 0.0000 7.8950 2.0000 
1611 1612 437 -0.8961 -0.7504 -14.2823 -0.6035 -0.5753 -14.6671 0.0300 0.5141 238.0000 23.8000 0.0000 8.8455 2.0000 
1612 1613 437 -0.6035 -0.5753 -14.6671 -0.3289 -0.4280 -15.0292 0.0300 0.4777 238.0000 23.8000 0.0000 9.9977 2.0000 
1613 1614 437 -0.3289 -0.4280 -15.0292 -0.0240 -0.2581 -15.4246 0.0300 0.5275 238.0000 23.8000 0.0000 11.8502 2.0000 
1614 1615 437 -0.0240 -0.2581 -15.4246 -0.0051 -0.2470 -15.4490 0.0300 0.0328 238.0000 23.8000 0.0000 12.0000 2.0000 
1141 1616 438 -1.1664 -0.9068 -14.1070 -0.8608 -0.8023 -14.4552 0.0300 0.4749 238.0000 23.8000 0.0000 7.9566 2.0000 
1616 1617 438 -0.8608 -0.8023 -14.4552 -0.5887 -0.6748 -14.8104 0.0300 0.4653 238.0000 23.8000 0.0000 8.8182 2.0000 
1617 1618 438 -0.5887 -0.6748 -14.8104 -0.3522 -0.5680 -15.1612 0.0300 0.4364 238.0000 23.8000 0.0000 9.8454 2.0000 
1618 1619 438 -0.3522 -0.5680 -15.1612 -0.0559 -0.4755 -15.5760 0.0300 0.5181 238.0000 23.8000 0.0000 11.5681 2.0000 
1619 1620 438 -0.0559 -0.4755 -15.5760 0.0015 -0.4576 -15.6533 0.0300 0.0979 238.0000 23.8000 0.0000 12.0000 2.0000 
1142 1621 439 -1.1730 -0.9002 -14.3196 -1.4517 -0.6804 -14.6480 0.0300 0.4836 238.0000 23.8000 0.0000 8.1226 2.0000 
1621 1622 439 -1.4517 -0.6804 -14.6480 -1.7312 -0.4567 -14.9992 0.0300 0.5015 238.0000 23.8000 0.0000 9.1625 2.0000 
1622 1623 439 -1.7312 -0.4567 -14.9992 -2.0004 -0.2534 -15.3726 0.0300 0.5032 238.0000 23.8000 0.0000 10.4989 2.0000 
1623 1624 439 -2.0004 -0.2534 -15.3726 -2.2570 -0.0778 -15.6555 0.0300 0.4204 238.0000 23.8000 0.0000 12.0000 2.0000 
1143 1625 440 -1.1755 -0.8989 -14.5183 -0.8291 -0.7705 -14.8930 0.0300 0.5263 238.0000 23.8000 0.0000 8.1940 2.0000 
1625 1626 440 -0.8291 -0.7705 -14.8930 -0.5052 -0.6090 -15.2706 0.0300 0.5230 238.0000 23.8000 0.0000 9.2426 2.0000 
1626 1627 440 -0.5052 -0.6090 -15.2706 -0.2328 -0.4428 -15.5469 0.0300 0.4221 238.0000 23.8000 0.0000 10.3383 2.0000 
1627 1628 440 -0.2328 -0.4428 -15.5469 0.0638 -0.2632 -15.8508 0.0300 0.4611 238.0000 23.8000 0.0000 12.0000 2.0000 
1144 1629 441 -1.1902 -0.8873 -14.7110 -0.9095 -0.9587 -15.0486 0.0300 0.4448 238.0000 23.8000 0.0000 8.0396 2.0000 
1629 1630 441 -0.9095 -0.9587 -15.0486 -0.5238 -1.0369 -15.4227 0.0300 0.5430 238.0000 23.8000 0.0000 8.9920 2.0000 
1630 1631 441 -0.5238 -1.0369 -15.4227 -0.1843 -1.0838 -15.7009 0.0300 0.4413 238.0000 23.8000 0.0000 9.9970 2.0000 
1631 1632 441 -0.1843 -1.0838 -15.7009 0.1964 -1.1144 -15.9978 0.0300 0.4838 238.0000 23.8000 0.0000 11.5385 2.0000 
1632 1633 441 0.1964 -1.1144 -15.9978 0.2831 -1.1219 -16.0653 0.0300 0.1101 238.0000 23.8000 0.0000 12.0000 2.0000 
1145 1634 442 -1.2007 -0.8824 -14.8974 -1.5442 -0.9540 -15.2632 0.0300 0.5068 238.0000 23.8000 0.0000 8.1927 2.0000 
1634 1635 442 -1.5442 -0.9540 -15.2632 -1.9023 -1.0409 -15.6659 0.0300 0.5458 238.0000 23.8000 0.0000 9.1597 2.0000 
1635 1636 442 -1.9023 -1.0409 -15.6659 -2.2426 -1.1343 -16.0415 0.0300 0.5154 238.0000 23.8000 0.0000 10.3394 2.0000 
1636 1637 442 -2.2426 -1.1343 -16.0415 -2.5291 -1.2210 -16.3872 0.0300 0.4573 238.0000 23.8000 0.0000 11.7687 2.0000 
1637 1638 442 -2.5291 -1.2210 -16.3872 -2.5668 -1.2323 -16.4329 0.0300 0.0604 238.0000 23.8000 0.0000 12.0000 2.0000 
1146 1639 443 -1.2085 -0.8897 -15.0827 -1.4391 -1.0304 -15.3314 0.0300 0.3672 238.0000 23.8000 0.0000 8.0815 2.0000 
1639 1640 443 -1.4391 -1.0304 -15.3314 -1.7255 -1.2105 -15.6456 0.0300 0.4618 238.0000 23.8000 0.0000 8.9454 2.0000 
1640 1641 443 -1.7255 -1.2105 -15.6456 -1.9863 -1.3701 -15.9321 0.0300 0.4189 238.0000 23.8000 0.0000 9.9469 2.0000 
1641 1642 443 -1.9863 -1.3701 -15.9321 -2.2738 -1.5582 -16.2674 0.0300 0.4801 238.0000 23.8000 0.0000 11.5588 2.0000 
1642 1643 443 -2.2738 -1.5582 -16.2674 -2.3330 -1.5969 -16.3375 0.0300 0.0996 238.0000 23.8000 0.0000 12.0000 2.0000 
1147 1644 444 -1.2004 -0.8874 -15.3048 -1.3086 -0.6133 -15.6119 0.0300 0.4256 238.0000 23.8000 0.0000 8.1272 2.0000 
1644 1645 444 -1.3086 -0.6133 -15.6119 -1.4290 -0.2987 -15.9660 0.0300 0.4887 238.0000 23.8000 0.0000 8.9008 2.0000 
1645 1646 444 -1.4290 -0.2987 -15.9660 -1.5537 0.0198 -16.3209 0.0300 0.4929 238.0000 23.8000 0.0000 9.9214 2.0000 
1646 1647 444 -1.5537 0.0198 -16.3209 -1.6774 0.3381 -16.6870 0.0300 0.5007 238.0000 23.8000 0.0000 11.4315 2.0000 
1647 1648 444 -1.6774 0.3381 -16.6870 -1.7136 0.4248 -16.7866 0.0300 0.1369 238.0000 23.8000 0.0000 12.0000 2.0000 
1148 1649 445 -1.1910 -0.8801 -15.5004 -1.4704 -1.1046 -15.8798 0.0300 0.5219 238.0000 23.8000 0.0000 8.3674 2.0000 
1649 1650 445 -1.4704 -1.1046 -15.8798 -1.7429 -1.3048 -16.2633 0.0300 0.5113 238.0000 23.8000 0.0000 9.2640 2.0000 
1650 1651 445 -1.7429 -1.3048 -16.2633 -2.0284 -1.5008 -16.6505 0.0300 0.5195 238.0000 23.8000 0.0000 10.4646 2.0000 
1651 1652 445 -2.0284 -1.5008 -16.6505 -2.2695 -1.6858 -17.0003 0.0300 0.4634 238.0000 23.8000 0.0000 12.0000 2.0000 
1149 1653 446 -1.1767 -0.8810 -15.7071 -1.0686 -0.5648 -16.0531 0.0300 0.4810 238.0000 23.8000 0.0000 8.3025 2.0000 
1653 1654 446 -1.0686 -0.5648 -16.0531 -0.9582 -0.2711 -16.3578 0.0300 0.4373 238.0000 23.8000 0.0000 8.9827 2.0000 
1654 1655 446 -0.9582 -0.2711 -16.3578 -0.8363 0.0444 -16.7026 0.0300 0.4830 238.0000 23.8000 0.0000 9.9475 2.0000 
1655 1656 446 -0.8363 0.0444 -16.7026 -0.7414 0.3459 -17.0001 0.0300 0.4340 238.0000 23.8000 0.0000 11.1541 2.0000 
1656 1657 446 -0.7414 0.3459 -17.0001 -0.6958 0.5013 -17.1512 0.0300 0.2216 238.0000 23.8000 0.0000 12.0000 2.0000 
1150 1658 447 -1.1744 -0.8809 -15.8904 -1.4762 -1.0569 -16.2608 0.0300 0.5092 238.0000 23.8000 0.0000 8.3889 2.0000 
1658 1659 447 -1.4762 -1.0569 -16.2608 -1.7011 -1.1868 -16.5287 0.0300 0.3731 238.0000 23.8000 0.0000 8.9642 2.0000 
1659 1660 447 -1.7011 -1.1868 -16.5287 -1.9868 -1.3596 -16.8726 0.0300 0.4794 238.0000 23.8000 0.0000 9.8973 2.0000 
1660 1661 447 -1.9868 -1.3596 -16.8726 -2.3039 -1.5493 -17.2491 0.0300 0.5276 238.0000 23.8000 0.0000 11.3874 2.0000 
1661 1662 447 -2.3039 -1.5493 -17.2491 -2.3974 -1.6078 -17.3582 0.0300 0.1551 238.0000 23.8000 0.0000 12.0000 2.0000 
1151 1663 448 -1.1755 -0.8756 -16.0994 -1.0311 -0.5655 -16.4512 0.0300 0.4907 238.0000 23.8000 0.0000 8.4798 2.0000 
1663 1664 448 -1.0311 -0.5655 -16.4512 -0.8789 -0.2771 -16.8301 0.0300 0.5000 238.0000 23.8000 0.0000 9.3300 2.0000 
1664 1665 448 -0.8789 -0.2771 -16.8301 -0.7084 -0.0058 -17.1796 0.0300 0.4741 238.0000 23.8000 0.0000 10.3674 2.0000 
1665 1666 448 -0.7084 -0.0058 -17.1796 -0.5312 0.3008 -17.5641 0.0300 0.5227 238.0000 23.8000 0.0000 11.9944 2.0000 
1666 1667 448 -0.5312 0.3008 -17.5641 -0.5307 0.3016 -17.5652 0.0300 0.0014 238.0000 23.8000 0.0000 12.0000 2.0000 
1152 1668 449 -1.1831 -0.8658 -16.2962 -1.4429 -0.6926 -16.6342 0.0300 0.4602 238.0000 23.8000 0.0000 8.3738 2.0000 
1668 1669 449 -1.4429 -0.6926 -16.6342 -1.7101 -0.4851 -16.9991 0.0300 0.4976 238.0000 23.8000 0.0000 9.0553 2.0000 
1669 1670 449 -1.7101 -0.4851 -16.9991 -1.9702 -0.2737 -17.3501 0.0300 0.4854 238.0000 23.8000 0.0000 9.9092 2.0000 
1670 1671 449 -1.9702 -0.2737 -17.3501 -2.2079 -0.0758 -17.7058 0.0300 0.4714 238.0000 23.8000 0.0000 11.0568 2.0000 
1671 1672 449 -2.2079 -0.0758 -17.7058 -2.3555 0.0351 -17.9091 0.0300 0.2746 238.0000 23.8000 0.0000 12.0000 2.0000 
1153 1673 450 -1.1948 -0.8588 -16.4935 -1.3346 -1.1241 -16.8291 0.0300 0.4501 238.0000 23.8000 0.0000 8.4932 2.0000 
1673 1674 450 -1.3346 -1.1241 -16.8291 -1.4772 -1.4041 -17.1879 0.0300 0.4770 238.0000 23.8000 0.0000 9.2564 2.0000 
1674 1675 450 -1.4772 -1.4041 -17.1879 -1.5900 -1.6451 -17.5227 0.0300 0.4277 238.0000 23.8000 0.0000 10.1461 2.0000 
1675 1676 450 -1.5900 -1.6451 -17.5227 -1.7208 -1.9326 -17.9225 0.0300 0.5095 238.0000 23.8000 0.0000 11.7002 2.0000 
1676 1677 450 -1.7208 -1.9326 -17.9225 -1.7418 -1.9716 -17.9798 0.0300 0.0724 238.0000 23.8000 0.0000 12.0000 2.0000 
1154 1678 451 -1.2108 -0.8509 -16.6987 -1.1668 -1.1897 -17.0780 0.0300 0.5105 238.0000 23.8000 0.0000 8.5949 2.0000 
1678 1679 451 -1.1668 -1.1897 -17.0780 -1.1074 -1.4998 -17.4968 0.0300 0.5244 238.0000 23.8000 0.0000 9.3950 2.0000 
1679 1680 451 -1.1074 -1.4998 -17.4968 -1.0562 -1.7665 -17.8580 0.0300 0.4520 238.0000 23.8000 0.0000 10.2922 2.0000 
1680 1681 451 -1.0562 -1.7665 -17.8580 -0.9821 -2.0923 -18.3039 0.0300 0.5572 238.0000 23.8000 0.0000 11.9163 2.0000 
1681 1682 451 -0.9821 -2.0923 -18.3039 -0.9792 -2.1050 -18.3214 0.0300 0.0218 238.0000 23.8000 0.0000 12.0000 2.0000 
1155 1683 452 -1.2266 -0.8429 -16.9025 -1.2181 -0.5395 -17.2263 0.0300 0.4439 238.0000 23.8000 0.0000 8.5499 2.0000 
1683 1684 452 -1.2181 -0.5395 -17.2263 -1.1535 -0.0541 -17.5537 0.0300 0.5890 238.0000 23.8000 0.0000 9.3999 2.0000 
1684 1685 452 -1.1535 -0.0541 -17.5537 -1.0731 0.3231 -17.7849 0.0300 0.4497 238.0000 23.8000 0.0000 10.2364 2.0000 
1685 1686 452 -1.0731 0.3231 -17.7849 -0.9953 0.7833 -18.0546 0.0300 0.5390 238.0000 23.8000 0.0000 11.6328 2.0000 
1686 1687 452 -0.9953 0.7833 -18.0546 -0.9799 0.8784 -18.1033 0.0300 0.1080 238.0000 23.8000 0.0000 12.0000 2.0000 
1156 1688 453 -1.2453 -0.8369 -17.1069 -1.6702 -0.7303 -17.4693 0.0300 0.5685 238.0000 23.8000 0.0000 8.8201 2.0000 
1688 1689 453 -1.6702 -0.7303 -17.4693 -2.0881 -0.6262 -17.8292 0.0300 0.5613 238.0000 23.8000 0.0000 9.7303 2.0000 
1689 1690 453 -2.0881 -0.6262 -17.8292 -2.4398 -0.5658 -18.1865 0.0300 0.5050 238.0000 23.8000 0.0000 10.8095 2.0000 
1690 1691 453 -2.4398 -0.5658 -18.1865 -2.7314 -0.5252 -18.4667 0.0300 0.4064 238.0000 23.8000 0.0000 12.0000 2.0000 
1157 1692 454 -1.2596 -0.8293 -17.2972 -1.3026 -0.5143 -17.6311 0.0300 0.4611 238.0000 23.8000 0.0000 8.7486 2.0000 
1692 1693 454 -1.3026 -0.5143 -17.6311 -1.3389 -0.2100 -17.9677 0.0300 0.4552 238.0000 23.8000 0.0000 9.4745 2.0000 
1693 1694 454 -1.3389 -0.2100 -17.9677 -1.3670 0.0702 -18.2665 0.0300 0.4106 238.0000 23.8000 0.0000 10.2906 2.0000 
1694 1695 454 -1.3670 0.0702 -18.2665 -1.3876 0.3911 -18.5918 0.0300 0.4574 238.0000 23.8000 0.0000 11.5021 2.0000 
1695 1696 454 -1.3876 0.3911 -18.5918 -1.3944 0.4939 -18.6961 0.0300 0.1466 238.0000 23.8000 0.0000 12.0000 2.0000 
1158 1697 455 -1.2778 -0.8204 -17.4995 -1.7510 -0.8109 -17.8440 0.0300 0.5854 238.0000 23.8000 0.0000 9.0144 2.0000 
1697 1698 455 -1.7510 -0.8109 -17.8440 -2.1413 -0.7536 -18.1288 0.0300 0.4865 238.0000 23.8000 0.0000 9.8572 2.0000 
1698 1699 455 -2.1413 -0.7536 -18.1288 -2.5257 -0.7341 -18.3704 0.0300 0.4544 238.0000 23.8000 0.0000 10.8591 2.0000 
1699 1700 455 -2.5257 -0.7341 -18.3704 -2.8622 -0.7305 -18.5694 0.0300 0.3910 238.0000 23.8000 0.0000 12.0000 2.0000 
1159 1701 456 -1.2967 -0.8120 -17.7111 -1.0152 -0.5839 -18.0657 0.0300 0.5070 238.0000 23.8000 0.0000 8.9494 2.0000 
1701 1702 456 -1.0152 -0.5839 -18.0657 -0.7492 -0.3290 -18.4300 0.0300 0.5181 238.0000 23.8000 0.0000 9.8229 2.0000 
1702 1703 456 -0.7492 -0.3290 -18.4300 -0.4591 -0.0368 -18.7975 0.0300 0.5520 238.0000 23.8000 0.0000 11.0634 2.0000 
1703 1704 456 -0.4591 -0.0368 -18.7975 -0.2946 0.1284 -18.9996 0.0300 0.3085 238.0000 23.8000 0.0000 12.0000 2.0000 
1160 1705 457 -1.3147 -0.7981 -17.9087 -1.1602 -0.4856 -18.2534 0.0300 0.4902 238.0000 23.8000 0.0000 9.0443 2.0000 
1705 1706 457 -1.1602 -0.4856 -18.2534 -1.0257 -0.2147 -18.5532 0.0300 0.4259 238.0000 23.8000 0.0000 9.8133 2.0000 
1706 1707 457 -1.0257 -0.2147 -18.5532 -0.8762 0.0738 -18.8775 0.0300 0.4590 238.0000 23.8000 0.0000 10.8615 2.0000 
1707 1708 457 -0.8762 0.0738 -18.8775 -0.7750 0.3049 -19.1555 0.0300 0.3754 238.0000 23.8000 0.0000 12.0000 2.0000 
1161 1709 458 -1.3256 -0.7991 -18.1070 -1.4323 -1.0947 -18.4283 0.0300 0.4494 238.0000 23.8000 0.0000 8.9705 2.0000 
1709 1710 458 -1.4323 -1.0947 -18.4283 -1.5100 -1.3774 -18.7200 0.0300 0.4136 238.0000 23.8000 0.0000 9.6288 2.0000 
1710 1711 458 -1.5100 -1.3774 -18.7200 -1.6240 -1.7183 -19.0873 0.0300 0.5139 238.0000 23.8000 0.0000 10.6689 2.0000 
1711 1712 458 -1.6240 -1.7183 -19.0873 -1.7298 -2.0232 -19.4287 0.0300 0.4698 238.0000 23.8000 0.0000 12.0000 2.0000 
1162 1713 459 -1.3356 -0.7997 -18.2996 -1.6508 -0.8268 -18.5986 0.0300 0.4353 238.0000 23.8000 0.0000 9.1603 2.0000 
1713 1714 459 -1.6508 -0.8268 -18.5986 -1.9523 -0.7943 -18.8843 0.0300 0.4166 238.0000 23.8000 0.0000 10.0095 2.0000 
1714 1715 459 -1.9523 -0.7943 -18.8843 -2.3097 -0.7522 -19.2044 0.0300 0.4816 238.0000 23.8000 0.0000 11.2756 2.0000 
1715 1716 459 -2.3097 -0.7522 -19.2044 -2.4670 -0.7262 -19.3500 0.0300 0.2159 238.0000 23.8000 0.0000 12.0000 2.0000 
1163 1717 460 -1.3447 -0.8044 -18.5090 -1.5880 -1.1271 -18.8617 0.0300 0.5364 238.0000 23.8000 0.0000 9.2476 2.0000 
1717 1718 460 -1.5880 -1.1271 -18.8617 -1.7706 -1.3574 -19.1189 0.0300 0.3906 238.0000 23.8000 0.0000 9.9293 2.0000 
1718 1719 460 -1.7706 -1.3574 -19.1189 -1.9572 -1.5859 -19.3893 0.0300 0.4002 238.0000 23.8000 0.0000 10.8026 2.0000 
1719 1720 460 -1.9572 -1.5859 -19.3893 -2.1303 -1.8277 -19.6685 0.0300 0.4078 238.0000 23.8000 0.0000 12.0000 2.0000 
1164 1721 461 -1.3502 -0.8074 -18.6921 -1.1902 -0.5662 -19.0225 0.0300 0.4393 238.0000 23.8000 0.0000 9.0846 2.0000 
1721 1722 461 -1.1902 -0.5662 -19.0225 -1.0162 -0.3007 -19.3936 0.0300 0.4883 238.0000 23.8000 0.0000 9.8179 2.0000 
1722 1723 461 -1.0162 -0.3007 -19.3936 -0.8285 -0.0448 -19.8137 0.0300 0.5264 238.0000 23.8000 0.0000 10.8469 2.0000 
1723 1724 461 -0.8285 -0.0448 -19.8137 -0.6767 0.1622 -20.1523 0.0300 0.4250 238.0000 23.8000 0.0000 12.0000 2.0000 
1165 1725 462 -1.3607 -0.8100 -18.9150 -1.1877 -0.5689 -19.2408 0.0300 0.4407 238.0000 23.8000 0.0000 9.1247 2.0000 
1725 1726 462 -1.1877 -0.5689 -19.2408 -0.9809 -0.3176 -19.6023 0.0300 0.4864 238.0000 23.8000 0.0000 9.8207 2.0000 
1726 1727 462 -0.9809 -0.3176 -19.6023 -0.7973 -0.0875 -19.9514 0.0300 0.4566 238.0000 23.8000 0.0000 10.6517 2.0000 
1727 1728 462 -0.7973 -0.0875 -19.9514 -0.5964 0.1481 -20.2985 0.0300 0.4651 238.0000 23.8000 0.0000 11.8072 2.0000 
1728 1729 462 -0.5964 0.1481 -20.2985 -0.5681 0.1811 -20.3433 0.0300 0.0624 238.0000 23.8000 0.0000 12.0000 2.0000 
1166 1730 463 -1.3668 -0.8086 -19.1147 -1.4380 -1.1949 -19.5002 0.0300 0.5505 238.0000 23.8000 0.0000 9.5091 2.0000 
1730 1731 463 -1.4380 -1.1949 -19.5002 -1.5011 -1.5656 -19.8491 0.0300 0.5129 238.0000 23.8000 0.0000 10.4815 2.0000 
1731 1732 463 -1.5011 -1.5656 -19.8491 -1.5350 -1.9133 -20.1609 0.0300 0.4682 238.0000 23.8000 0.0000 11.6097 2.0000 
1732 1733 463 -1.5350 -1.9133 -20.1609 -1.5444 -2.0141 -20.2513 0.0300 0.1358 238.0000 23.8000 0.0000 12.0000 2.0000 
1167 1734 464 -1.3732 -0.8072 -19.3272 -1.6504 -0.5484 -19.6988 0.0300 0.5309 238.0000 23.8000 0.0000 9.4174 2.0000 
1734 1735 464 -1.6504 -0.5484 -19.6988 -1.9186 -0.3067 -20.0809 0.0300 0.5257 238.0000 23.8000 0.0000 10.2577 2.0000 
1735 1736 464 -1.9186 -0.3067 -20.0809 -2.2318 -0.0734 -20.4411 0.0300 0.5313 238.0000 23.8000 0.0000 11.3485 2.0000 
1736 1737 464 -2.2318 -0.0734 -20.4411 -2.3862 0.0390 -20.6059 0.0300 0.2523 238.0000 23.8000 0.0000 12.0000 2.0000 
1168 1738 465 -1.4020 -0.8140 -19.5309 -1.1664 -1.0251 -19.8957 0.0300 0.4828 238.0000 23.8000 0.0000 9.3742 2.0000 
1738 1739 465 -1.1664 -1.0251 -19.8957 -0.9539 -1.2152 -20.2319 0.0300 0.4409 238.0000 23.8000 0.0000 10.0304 2.0000 
1739 1740 465 -0.9539 -1.2152 -20.2319 -0.7144 -1.4347 -20.6154 0.0300 0.5026 238.0000 23.8000 0.0000 10.9885 2.0000 
1740 1741 465 -0.7144 -1.4347 -20.6154 -0.5267 -1.6056 -20.9135 0.0300 0.3916 238.0000 23.8000 0.0000 12.0000 2.0000 
1169 1742 466 -1.4243 -0.8190 -19.7261 -1.5002 -1.2247 -20.0732 0.0300 0.5394 238.0000 23.8000 0.0000 9.6219 2.0000 
1742 1743 466 -1.5002 -1.2247 -20.0732 -1.5542 -1.5658 -20.4236 0.0300 0.4920 238.0000 23.8000 0.0000 10.5150 2.0000 
1743 1744 466 -1.5542 -1.5658 -20.4236 -1.6379 -1.8934 -20.7696 0.0300 0.4838 238.0000 23.8000 0.0000 11.6655 2.0000 
1744 1745 466 -1.6379 -1.8934 -20.7696 -1.6559 -1.9722 -20.8514 0.0300 0.1150 238.0000 23.8000 0.0000 12.0000 2.0000 
1170 1746 467 -1.4411 -0.8282 -19.9358 -1.5726 -1.2202 -20.3174 0.0300 0.5626 238.0000 23.8000 0.0000 9.5901 2.0000 
1746 1747 467 -1.5726 -1.2202 -20.3174 -1.7135 -1.6054 -20.6920 0.0300 0.5555 238.0000 23.8000 0.0000 10.4425 2.0000 
1747 1748 467 -1.7135 -1.6054 -20.6920 -1.8168 -1.9806 -21.0703 0.0300 0.5428 238.0000 23.8000 0.0000 11.5444 2.0000 
1748 1749 467 -1.8168 -1.9806 -21.0703 -1.8460 -2.1034 -21.1968 0.0300 0.1786 238.0000 23.8000 0.0000 12.0000 2.0000 
1171 1750 468 -1.4507 -0.8332 -20.1481 -1.5983 -1.0858 -20.4529 0.0300 0.4224 238.0000 23.8000 0.0000 9.4684 2.0000 
1750 1751 468 -1.5983 -1.0858 -20.4529 -1.7413 -1.3291 -20.7462 0.0300 0.4071 238.0000 23.8000 0.0000 10.0505 2.0000 
1751 1752 468 -1.7413 -1.3291 -20.7462 -1.9219 -1.6158 -21.1189 0.0300 0.5037 238.0000 23.8000 0.0000 10.9608 2.0000 
1752 1753 468 -1.9219 -1.6158 -21.1189 -2.0566 -1.8771 -21.4230 0.0300 0.4230 238.0000 23.8000 0.0000 12.0000 2.0000 
1172 1754 469 -1.4602 -0.8373 -20.3360 -1.7364 -0.6937 -20.7328 0.0300 0.5043 238.0000 23.8000 0.0000 9.6799 2.0000 
1754 1755 469 -1.7364 -0.6937 -20.7328 -1.9488 -0.5957 -21.0257 0.0300 0.3749 238.0000 23.8000 0.0000 10.2872 2.0000 
1755 1756 469 -1.9488 -0.5957 -21.0257 -2.1600 -0.4930 -21.3116 0.0300 0.3699 238.0000 23.8000 0.0000 11.0310 2.0000 
1756 1757 469 -2.1600 -0.4930 -21.3116 -2.3478 -0.3789 -21.6051 0.0300 0.3667 238.0000 23.8000 0.0000 12.0000 2.0000 
1173 1758 470 -1.4697 -0.8437 -20.5365 -1.3059 -1.0261 -20.7938 0.0300 0.3554 238.0000 23.8000 0.0000 9.5603 2.0000 
1758 1759 470 -1.3059 -1.0261 -20.7938 -1.1275 -1.2722 -21.1371 0.0300 0.4585 238.0000 23.8000 0.0000 10.3028 2.0000 
1759 1760 470 -1.1275 -1.2722 -21.1371 -0.9209 -1.5320 -21.4936 0.0300 0.4871 238.0000 23.8000 0.0000 11.2976 2.0000 
1760 1761 470 -0.9209 -1.5320 -21.4936 -0.7990 -1.6775 -21.6903 0.0300 0.2734 238.0000 23.8000 0.0000 12.0000 2.0000 
1174 1762 471 -1.4791 -0.8513 -20.7391 -1.6636 -1.1535 -21.0920 0.0300 0.4999 238.0000 23.8000 0.0000 9.8799 2.0000 
1762 1763 471 -1.6636 -1.1535 -21.0920 -1.8664 -1.4517 -21.4563 0.0300 0.5126 238.0000 23.8000 0.0000 10.8269 2.0000 
1763 1764 471 -1.8664 -1.4517 -21.4563 -2.0703 -1.7032 -21.8017 0.0300 0.4734 238.0000 23.8000 0.0000 11.9564 2.0000 
1764 1765 471 -2.0703 -1.7032 -21.8017 -2.0771 -1.7116 -21.8131 0.0300 0.0158 238.0000 23.8000 0.0000 12.0000 2.0000 
1175 1766 472 -1.4998 -0.8635 -20.9534 -1.3803 -1.2098 -21.3193 0.0300 0.5177 238.0000 23.8000 0.0000 9.9010 2.0000 
1766 1767 472 -1.3803 -1.2098 -21.3193 -1.2637 -1.4911 -21.6512 0.0300 0.4504 238.0000 23.8000 0.0000 10.6533 2.0000 
1767 1768 472 -1.2637 -1.4911 -21.6512 -1.1244 -1.8009 -22.0106 0.0300 0.4945 238.0000 23.8000 0.0000 11.7097 2.0000 
1768 1769 472 -1.1244 -1.8009 -22.0106 -1.0909 -1.8735 -22.0898 0.0300 0.1126 238.0000 23.8000 0.0000 12.0000 2.0000 
1176 1770 473 -1.5188 -0.8758 -21.1481 -1.3208 -0.5862 -21.5603 0.0300 0.5413 238.0000 23.8000 0.0000 10.0020 2.0000 
1770 1771 473 -1.3208 -0.5862 -21.5603 -1.1550 -0.3349 -21.9518 0.0300 0.4939 238.0000 23.8000 0.0000 10.8608 2.0000 
1771 1772 473 -1.1550 -0.3349 -21.9518 -1.0004 -0.1038 -22.3159 0.0300 0.4581 238.0000 23.8000 0.0000 11.8975 2.0000 
1772 1773 473 -1.0004 -0.1038 -22.3159 -0.9875 -0.0844 -22.3466 0.0300 0.0385 238.0000 23.8000 0.0000 12.0000 2.0000 
1177 1774 474 -1.5245 -0.8752 -21.3382 -1.1896 -1.0783 -21.6625 0.0300 0.5086 238.0000 23.8000 0.0000 9.8974 2.0000 
1774 1775 474 -1.1896 -1.0783 -21.6625 -0.8512 -1.2749 -21.9893 0.0300 0.5098 238.0000 23.8000 0.0000 10.6309 2.0000 
1775 1776 474 -0.8512 -1.2749 -21.9893 -0.5420 -1.4301 -22.3967 0.0300 0.5346 238.0000 23.8000 0.0000 11.6456 2.0000 
1776 1777 474 -0.5420 -1.4301 -22.3967 -0.4536 -1.4717 -22.5099 0.0300 0.1495 238.0000 23.8000 0.0000 12.0000 2.0000 
1178 1778 475 -1.5298 -0.8777 -21.5399 -1.3109 -0.6702 -21.8630 0.0300 0.4421 238.0000 23.8000 0.0000 9.9921 2.0000 
1778 1779 475 -1.3109 -0.6702 -21.8630 -1.0986 -0.4604 -22.1997 0.0300 0.4499 238.0000 23.8000 0.0000 10.7660 2.0000 
1779 1780 475 -1.0986 -0.4604 -22.1997 -0.8510 -0.2166 -22.5870 0.0300 0.5203 238.0000 23.8000 0.0000 11.9275 2.0000 
1780 1781 475 -0.8510 -0.2166 -22.5870 -0.8376 -0.2040 -22.6073 0.0300 0.0274 238.0000 23.8000 0.0000 12.0000 2.0000 
1179 1782 476 -1.5340 -0.8799 -21.7365 -1.3135 -0.6015 -22.0825 0.0300 0.4958 238.0000 23.8000 0.0000 10.0684 2.0000 
1782 1783 476 -1.3135 -0.6015 -22.0825 -1.1057 -0.3672 -22.4044 0.0300 0.4491 238.0000 23.8000 0.0000 10.7794 2.0000 
1783 1784 476 -1.1057 -0.3672 -22.4044 -0.8605 -0.1207 -22.8301 0.0300 0.5496 238.0000 23.8000 0.0000 11.9040 2.0000 
1784 1785 476 -0.8605 -0.1207 -22.8301 -0.8428 -0.1032 -22.8606 0.0300 0.0393 238.0000 23.8000 0.0000 12.0000 2.0000 
1180 1786 477 -1.5382 -0.8868 -21.9350 -1.2822 -0.6546 -22.3261 0.0300 0.5219 238.0000 23.8000 0.0000 10.2454 2.0000 
1786 1787 477 -1.2822 -0.6546 -22.3261 -1.0560 -0.4634 -22.6767 0.0300 0.4590 238.0000 23.8000 0.0000 11.0654 2.0000 
1787 1788 477 -1.0560 -0.4634 -22.6767 -0.8431 -0.3098 -23.0067 0.0300 0.4217 238.0000 23.8000 0.0000 12.0000 2.0000 
1181 1789 478 -1.5446 -0.8889 -22.1262 -1.8753 -1.0503 -22.4760 0.0300 0.5077 238.0000 23.8000 0.0000 10.3288 2.0000 
1789 1790 478 -1.8753 -1.0503 -22.4760 -2.1520 -1.1914 -22.7752 0.0300 0.4313 238.0000 23.8000 0.0000 11.1534 2.0000 
1790 1791 478 -2.1520 -1.1914 -22.7752 -2.3820 -1.2984 -23.0312 0.0300 0.3604 238.0000 23.8000 0.0000 12.0000 2.0000 
1182 1792 479 -1.5518 -0.8935 -22.3247 -1.3252 -0.6773 -22.6689 0.0300 0.4653 238.0000 23.8000 0.0000 10.1828 2.0000 
1792 1793 479 -1.3252 -0.6773 -22.6689 -1.1163 -0.4678 -22.9978 0.0300 0.4424 238.0000 23.8000 0.0000 10.8607 2.0000 
1793 1794 479 -1.1163 -0.4678 -22.9978 -0.8768 -0.2587 -23.4016 0.0300 0.5139 238.0000 23.8000 0.0000 11.8694 2.0000 
1794 1795 479 -0.8768 -0.2587 -23.4016 -0.8512 -0.2371 -23.4465 0.0300 0.0560 238.0000 23.8000 0.0000 12.0000 2.0000 
1183 1796 480 -1.5539 -0.8928 -22.5141 -1.8779 -0.9023 -22.8284 0.0300 0.4515 238.0000 23.8000 0.0000 10.2420 2.0000 
1796 1797 480 -1.8779 -0.9023 -22.8284 -2.1319 -0.8909 -23.0547 0.0300 0.3403 238.0000 23.8000 0.0000 10.7825 2.0000 
1797 1798 480 -2.1319 -0.8909 -23.0547 -2.4884 -0.8804 -23.3678 0.0300 0.4746 238.0000 23.8000 0.0000 11.7434 2.0000 
1798 1799 480 -2.4884 -0.8804 -23.3678 -2.5691 -0.8749 -23.4322 0.0300 0.1034 238.0000 23.8000 0.0000 12.0000 2.0000 
1184 1800 481 -1.5530 -0.8891 -22.7190 -1.8512 -0.8269 -23.0502 0.0300 0.4500 238.0000 23.8000 0.0000 10.6276 2.0000 
1800 1801 481 -1.8512 -0.8269 -23.0502 -2.1457 -0.7739 -23.3336 0.0300 0.4121 238.0000 23.8000 0.0000 11.6274 2.0000 
1801 1802 481 -2.1457 -0.7739 -23.3336 -2.2398 -0.7602 -23.4306 0.0300 0.1358 238.0000 23.8000 0.0000 12.0000 2.0000 
1185 1803 482 -1.5520 -0.8812 -22.9150 -1.7205 -0.5439 -23.2120 0.0300 0.4799 238.0000 23.8000 0.0000 10.5248 2.0000 
1803 1804 482 -1.7205 -0.5439 -23.2120 -1.8651 -0.2726 -23.4529 0.0300 0.3906 238.0000 23.8000 0.0000 11.2703 2.0000 
1804 1805 482 -1.8651 -0.2726 -23.4529 -1.9938 -0.0504 -23.6420 0.0300 0.3190 238.0000 23.8000 0.0000 12.0000 2.0000 
1186 1806 483 -1.5581 -0.8710 -23.1092 -1.2376 -0.6538 -23.4970 0.0300 0.5479 238.0000 23.8000 0.0000 10.7014 2.0000 
1806 1807 483 -1.2376 -0.6538 -23.4970 -0.9601 -0.5013 -23.8388 0.0300 0.4660 238.0000 23.8000 0.0000 11.6230 2.0000 
1807 1808 483 -0.9601 -0.5013 -23.8388 -0.8632 -0.4455 -23.9587 0.0300 0.1639 238.0000 23.8000 0.0000 12.0000 2.0000 
1187 1809 484 -1.5636 -0.8538 -23.2982 -1.3410 -0.5799 -23.6179 0.0300 0.4762 238.0000 23.8000 0.0000 10.6021 2.0000 
1809 1810 484 -1.3410 -0.5799 -23.6179 -1.1025 -0.2878 -23.9706 0.0300 0.5164 238.0000 23.8000 0.0000 11.5570 2.0000 
1810 1811 484 -1.1025 -0.2878 -23.9706 -1.0122 -0.1695 -24.1096 0.0300 0.2036 238.0000 23.8000 0.0000 12.0000 2.0000 
1188 1812 485 -1.5693 -0.8360 -23.4939 -1.6205 -1.1171 -23.8447 0.0300 0.4524 238.0000 23.8000 0.0000 10.5170 2.0000 
1812 1813 485 -1.6205 -1.1171 -23.8447 -1.6765 -1.4552 -24.2461 0.0300 0.5278 238.0000 23.8000 0.0000 11.3535 2.0000 
1813 1814 485 -1.6765 -1.4552 -24.2461 -1.7081 -1.6601 -24.5004 0.0300 0.3281 238.0000 23.8000 0.0000 12.0000 2.0000 
1189 1815 486 -1.5732 -0.8180 -23.6857 -1.7004 -1.1549 -24.1209 0.0300 0.5649 238.0000 23.8000 0.0000 10.7157 2.0000 
1815 1816 486 -1.7004 -1.1549 -24.1209 -1.8117 -1.4423 -24.5079 0.0300 0.4947 238.0000 23.8000 0.0000 11.5166 2.0000 
1816 1817 486 -1.8117 -1.4423 -24.5079 -1.8605 -1.5873 -24.6996 0.0300 0.2453 238.0000 23.8000 0.0000 12.0000 2.0000 
1190 1818 487 -1.5827 -0.8123 -23.8810 -1.2763 -0.7056 -24.2490 0.0300 0.4906 238.0000 23.8000 0.0000 10.6751 2.0000 
1818 1819 487 -1.2763 -0.7056 -24.2490 -0.9798 -0.6122 -24.6181 0.0300 0.4826 238.0000 23.8000 0.0000 11.4417 2.0000 
1819 1820 487 -0.9798 -0.6122 -24.6181 -0.7989 -0.5589 -24.8327 0.0300 0.2857 238.0000 23.8000 0.0000 12.0000 2.0000 
1191 1821 488 -1.5843 -0.8125 -24.0839 -1.6331 -1.1266 -24.4235 0.0300 0.4652 238.0000 23.8000 0.0000 10.7411 2.0000 
1821 1822 488 -1.6331 -1.1266 -24.4235 -1.6979 -1.4711 -24.7848 0.0300 0.5034 238.0000 23.8000 0.0000 11.5868 2.0000 
1822 1823 488 -1.6979 -1.4711 -24.7848 -1.7245 -1.6082 -24.9353 0.0300 0.2054 238.0000 23.8000 0.0000 12.0000 2.0000 
1192 1824 489 -1.5809 -0.8055 -24.2718 -1.2894 -0.6867 -24.5752 0.0300 0.4372 238.0000 23.8000 0.0000 10.6568 2.0000 
1824 1825 489 -1.2894 -0.6867 -24.5752 -0.9881 -0.5564 -24.9699 0.0300 0.5134 238.0000 23.8000 0.0000 11.3652 2.0000 
1825 1826 489 -0.9881 -0.5564 -24.9699 -0.7351 -0.4838 -25.2269 0.0300 0.3679 238.0000 23.8000 0.0000 12.0000 2.0000 
1193 1827 490 -1.5840 -0.7876 -24.4821 -1.8496 -0.5626 -24.7676 0.0300 0.4502 238.0000 23.8000 0.0000 10.9301 2.0000 
1827 1828 490 -1.8496 -0.5626 -24.7676 -2.1390 -0.2763 -25.0426 0.0300 0.4913 238.0000 23.8000 0.0000 11.8655 2.0000 
1828 1829 490 -2.1390 -0.2763 -25.0426 -2.1749 -0.2395 -25.0774 0.0300 0.0621 238.0000 23.8000 0.0000 12.0000 2.0000 
1194 1830 491 -1.5847 -0.7700 -24.6736 -1.2668 -0.7803 -25.0205 0.0300 0.4706 238.0000 23.8000 0.0000 11.0021 2.0000 
1830 1831 491 -1.2668 -0.7803 -25.0205 -0.9469 -0.7665 -25.3515 0.0300 0.4605 238.0000 23.8000 0.0000 11.8452 2.0000 
1831 1832 491 -0.9469 -0.7665 -25.3515 -0.8950 -0.7639 -25.4061 0.0300 0.0754 238.0000 23.8000 0.0000 12.0000 2.0000 
1195 1833 492 -1.5858 -0.7520 -24.8737 -1.4188 -0.9638 -25.1788 0.0300 0.4073 238.0000 23.8000 0.0000 10.7956 2.0000 
1833 1834 492 -1.4188 -0.9638 -25.1788 -1.2420 -1.2183 -25.5351 0.0300 0.4722 238.0000 23.8000 0.0000 11.4317 2.0000 
1834 1835 492 -1.2420 -1.2183 -25.5351 -1.1152 -1.4028 -25.7954 0.0300 0.3433 238.0000 23.8000 0.0000 12.0000 2.0000 
1196 1836 493 -1.5807 -0.7365 -25.0876 -1.8323 -0.5640 -25.4206 0.0300 0.4517 238.0000 23.8000 0.0000 10.9977 2.0000 
1836 1837 493 -1.8323 -0.5640 -25.4206 -2.1219 -0.3696 -25.7396 0.0300 0.4727 238.0000 23.8000 0.0000 11.7527 2.0000 
1837 1838 493 -2.1219 -0.3696 -25.7396 -2.2079 -0.3160 -25.8271 0.0300 0.1338 238.0000 23.8000 0.0000 12.0000 2.0000 
1197 1839 494 -1.5722 -0.7305 -25.2862 -1.2628 -0.5622 -25.6133 0.0300 0.4807 238.0000 23.8000 0.0000 11.0647 2.0000 
1839 1840 494 -1.2628 -0.5622 -25.6133 -1.0064 -0.4099 -25.8900 0.0300 0.4068 238.0000 23.8000 0.0000 11.6822 2.0000 
1840 1841 494 -1.0064 -0.4099 -25.8900 -0.8921 -0.3423 -26.0126 0.0300 0.1807 238.0000 23.8000 0.0000 12.0000 2.0000 
1198 1842 495 -1.5779 -0.7189 -25.4682 -1.5212 -0.4656 -25.7068 0.0300 0.3525 238.0000 23.8000 0.0000 10.9738 2.0000 
1842 1843 495 -1.5212 -0.4656 -25.7068 -1.4662 -0.1027 -26.0744 0.0300 0.5195 238.0000 23.8000 0.0000 11.7865 2.0000 
1843 1844 495 -1.4662 -0.1027 -26.0744 -1.4557 -0.0198 -26.1565 0.0300 0.1171 238.0000 23.8000 0.0000 12.0000 2.0000 
1199 1845 496 -1.5789 -0.7108 -25.6593 -1.8740 -0.8382 -26.0118 0.0300 0.4770 238.0000 23.8000 0.0000 11.2668 2.0000 
1845 1846 496 -1.8740 -0.8382 -26.0118 -2.1361 -0.9210 -26.3279 0.0300 0.4189 238.0000 23.8000 0.0000 12.0000 2.0000 
1200 1847 497 -1.5738 -0.7102 -25.8516 -1.7890 -0.9144 -26.1686 0.0300 0.4342 238.0000 23.8000 0.0000 11.1500 2.0000 
1847 1848 497 -1.7890 -0.9144 -26.1686 -2.0182 -1.1112 -26.5276 0.0300 0.4692 238.0000 23.8000 0.0000 11.8264 2.0000 
1848 1849 497 -2.0182 -1.1112 -26.5276 -2.0705 -1.1547 -26.6083 0.0300 0.1055 238.0000 23.8000 0.0000 12.0000 2.0000 
1201 1850 498 -1.5753 -0.7218 -26.0553 -1.8107 -0.6692 -26.3092 0.0300 0.3503 238.0000 23.8000 0.0000 11.1002 2.0000 
1850 1851 498 -1.8107 -0.6692 -26.3092 -2.1517 -0.5765 -26.6736 0.0300 0.5075 238.0000 23.8000 0.0000 11.8175 2.0000 
1851 1852 498 -2.1517 -0.5765 -26.6736 -2.2340 -0.5566 -26.7451 0.0300 0.1109 238.0000 23.8000 0.0000 12.0000 2.0000 
1202 1853 499 -1.5687 -0.7447 -26.2764 -1.2508 -0.8846 -26.6347 0.0300 0.4991 238.0000 23.8000 0.0000 11.4325 2.0000 
1853 1854 499 -1.2508 -0.8846 -26.6347 -1.0252 -0.9804 -26.8880 0.0300 0.3525 238.0000 23.8000 0.0000 12.0000 2.0000 
1203 1855 500 -1.5634 -0.7650 -26.4774 -1.9270 -0.7674 -26.8708 0.0300 0.5357 238.0000 23.8000 0.0000 11.4509 2.0000 
1855 1856 500 -1.9270 -0.7674 -26.8708 -2.1891 -0.7765 -27.1513 0.0300 0.3841 238.0000 23.8000 0.0000 12.0000 2.0000 
1204 1857 501 -1.5562 -0.7920 -26.6923 -1.2496 -0.7649 -27.0181 0.0300 0.4482 238.0000 23.8000 0.0000 11.3950 2.0000 
1857 1858 501 -1.2496 -0.7649 -27.0181 -0.9782 -0.7432 -27.3188 0.0300 0.4057 238.0000 23.8000 0.0000 11.9596 2.0000 
1858 1859 501 -0.9782 -0.7432 -27.3188 -0.9607 -0.7414 -27.3381 0.0300 0.0260 238.0000 23.8000 0.0000 12.0000 2.0000 
1205 1860 502 -1.5468 -0.8182 -26.9053 -1.4910 -0.5235 -27.2680 0.0300 0.4706 238.0000 23.8000 0.0000 11.6717 2.0000 
1860 1861 502 -1.4910 -0.5235 -27.2680 -1.4721 -0.4073 -27.4105 0.0300 0.1848 238.0000 23.8000 0.0000 12.0000 2.0000 
1206 1862 503 -1.5404 -0.8435 -27.0967 -1.3493 -1.1707 -27.3918 0.0300 0.4803 238.0000 23.8000 0.0000 11.6210 2.0000 
1862 1863 503 -1.3493 -1.1707 -27.3918 -1.2420 -1.3273 -27.5596 0.0300 0.2534 238.0000 23.8000 0.0000 12.0000 2.0000 
1207 1864 504 -1.5345 -0.8655 -27.2740 -1.6796 -1.1782 -27.5604 0.0300 0.4481 238.0000 23.8000 0.0000 11.7110 2.0000 
1864 1865 504 -1.6796 -1.1782 -27.5604 -1.7354 -1.3006 -27.6721 0.0300 0.1749 238.0000 23.8000 0.0000 12.0000 2.0000 
1208 1866 505 -1.5308 -0.8951 -27.4730 -1.3544 -0.6765 -27.8089 0.0300 0.4379 238.0000 23.8000 0.0000 11.6337 2.0000 
1866 1867 505 -1.3544 -0.6765 -27.8089 -1.2315 -0.5464 -28.0107 0.0300 0.2697 238.0000 23.8000 0.0000 12.0000 2.0000 
1209 1868 506 -1.5259 -0.9256 -27.6662 -1.2484 -0.7062 -28.0548 0.0300 0.5255 238.0000 23.8000 0.0000 12.0000 2.0000 
1210 1869 507 -1.5210 -0.9618 -27.8533 -1.7114 -0.7948 -28.2663 0.0300 0.4845 238.0000 23.8000 0.0000 11.8993 2.0000 
1869 1870 507 -1.7114 -0.7948 -28.2663 -1.7367 -0.7724 -28.3216 0.0300 0.0648 238.0000 23.8000 0.0000 12.0000 2.0000 
1211 1871 508 -1.5117 -1.0031 -28.0629 -1.6692 -0.7947 -28.4825 0.0300 0.4943 238.0000 23.8000 0.0000 11.9286 2.0000 
1871 1872 508 -1.6692 -0.7947 -28.4825 -1.6857 -0.7736 -28.5244 0.0300 0.0497 238.0000 23.8000 0.0000 12.0000 2.0000 
1212 1873 509 -1.5031 -1.0392 -28.2546 -1.1655 -1.2167 -28.5663 0.0300 0.4926 238.0000 23.8000 0.0000 12.0000 2.0000 
1213 1874 510 -1.4921 -1.0667 -28.4481 -1.7602 -1.1121 -28.7453 0.0300 0.4028 238.0000 23.8000 0.0000 12.0000 2.0000 
1214 1875 511 -1.4754 -1.0956 -28.6308 -1.3751 -1.4149 -28.8706 0.0300 0.4117 238.0000 23.8000 0.0000 12.0000 2.0000 
1215 1876 512 -1.4650 -1.1258 -28.8200 -1.6510 -1.0555 -29.0810 0.0300 0.3281 238.0000 23.8000 0.0000 12.0000 2.0000 
1216 1877 513 -1.4583 -1.1560 -29.0105 -1.2499 -1.2768 -29.2213 0.0300 0.3201 238.0000 23.8000 0.0000 12.0000 2.0000 
1217 1878 514 -1.4481 -1.1884 -29.2231 -1.4796 -1.0240 -29.4675 0.0300 0.2962 238.0000 23.8000 0.0000 12.0000 2.0000 
1218 1879 515 -1.4362 -1.2193 -29.4304 -1.4405 -1.1016 -29.6342 0.0300 0.2354 238.0000 23.8000 0.0000 12.0000 2.0000 
1219 1880 516 -1.4268 -1.2508 -29.6251 -1.3389 -1.3791 -29.7422 0.0300 0.1947 238.0000 23.8000 0.0000 12.0000 2.0000 
1220 1881 517 -1.4112 -1.2655 -29.8214 -1.4654 -1.3517 -29.9239 0.0300 0.1444 238.0000 23.8000 0.0000 12.0000 2.0000 
1221 1882 518 -1.3993 -1.2793 -29.9841 -1.3281 -1.2579 -30.0531 0.0300 0.1014 238.0000 23.8000 0.0000 12.0000 2.0000 
1222 1883 519 -1.3899 -1.2969 -30.1895 -1.3953 -1.2675 -30.2256 0.0300 0.0468 238.0000 23.8000 0.0000 12.0000 2.0000 
1223 1884 520 -1.3833 -1.3132 -30.3620 -1.3840 -1.3097 -30.3666 0.0300 0.0059 238.0000 23.8000 0.0000 12.0000 2.0000 
1885 1886 3 0.0000 0.0000 -3.1000 -0.0015 -0.0026 -3.1095 0.0924 0.0100 0.0000 0.0000 205.0000 0.0031 4.0000 
1886 1887 3 -0.0015 -0.0026 -3.1095 -0.0371 -0.0518 -3.2875 0.0924 0.1880 0.0000 0.0000 205.0000 0.0623 4.0000 
1887 1888 3 -0.0371 -0.0518 -3.2875 -0.0789 -0.1062 -3.4620 0.0924 0.1875 0.0000 0.0000 205.0000 0.1214 4.0000 
1888 1889 3 -0.0789 -0.1062 -3.4620 -0.1340 -0.1741 -3.6545 0.0924 0.2114 0.0000 0.0000 205.0000 0.1881 4.0000 
1889 1890 3 -0.1340 -0.1741 -3.6545 -0.1942 -0.2360 -3.8191 0.0924 0.1860 0.0000 0.0000 205.0000 0.2468 4.0000 
1890 1891 3 -0.1942 -0.2360 -3.8191 -0.2635 -0.2957 -3.9944 0.0924 0.1978 0.0000 0.0000 205.0000 0.3092 4.0000 
1891 1892 3 -0.2635 -0.2957 -3.9944 -0.3361 -0.3545 -4.1839 0.0924 0.2113 0.0000 0.0000 205.0000 0.3760 4.0000 
1892 1893 3 -0.3361 -0.3545 -4.1839 -0.4171 -0.4317 -4.3519 0.0924 0.2018 0.0000 0.0000 205.0000 0.4398 4.0000 
1893 1894 3 -0.4171 -0.4317 -4.3519 -0.4926 -0.5073 -4.5285 0.0924 0.2064 0.0000 0.0000 205.0000 0.5052 4.0000 
1894 1895 3 -0.4926 -0.5073 -4.5285 -0.5592 -0.5787 -4.6889 0.0924 0.1878 0.0000 0.0000 205.0000 0.5647 4.0000 
1895 1896 3 -0.5592 -0.5787 -4.6889 -0.6345 -0.6532 -4.8553 0.0924 0.1973 0.0000 0.0000 205.0000 0.6273 4.0000 
1896 1897 3 -0.6345 -0.6532 -4.8553 -0.7064 -0.7161 -5.0070 0.0924 0.1792 0.0000 0.0000 205.0000 0.6842 4.0000 
1897 1898 3 -0.7064 -0.7161 -5.0070 -0.7942 -0.7869 -5.1887 0.0924 0.2138 0.0000 0.0000 205.0000 0.7522 4.0000 
1898 1899 3 -0.7942 -0.7869 -5.1887 -0.8796 -0.8379 -5.3586 0.0924 0.1970 0.0000 0.0000 205.0000 0.8148 4.0000 
1899 1900 3 -0.8796 -0.8379 -5.3586 -0.9666 -0.8965 -5.5257 0.0924 0.1973 0.0000 0.0000 205.0000 0.8776 4.0000 
1900 1901 3 -0.9666 -0.8965 -5.5257 -1.0490 -0.9544 -5.6915 0.0924 0.1939 0.0000 0.0000 205.0000 0.9394 4.0000 
1901 1902 3 -1.0490 -0.9544 -5.6915 -1.1244 -1.0178 -5.8691 0.0924 0.2031 0.0000 0.0000 205.0000 1.0042 4.0000 
1902 1903 3 -1.1244 -1.0178 -5.8691 -1.1972 -1.0731 -6.0330 0.0924 0.1876 0.0000 0.0000 205.0000 1.0640 4.0000 
1903 1904 3 -1.1972 -1.0731 -6.0330 -1.2696 -1.1288 -6.2221 0.0924 0.2101 0.0000 0.0000 205.0000 1.1311 4.0000 
1904 1905 3 -1.2696 -1.1288 -6.2221 -1.3420 -1.1901 -6.4038 0.0924 0.2049 0.0000 0.0000 205.0000 1.1966 4.0000 
1905 1906 3 -1.3420 -1.1901 -6.4038 -1.4073 -1.2510 -6.5748 0.0924 0.1929 0.0000 0.0000 205.0000 1.2583 4.0000 
1906 1907 3 -1.4073 -1.2510 -6.5748 -1.4764 -1.3143 -6.7589 0.0924 0.2067 0.0000 0.0000 205.0000 1.3245 4.0000 
1907 1908 3 -1.4764 -1.3143 -6.7589 -1.5371 -1.3736 -6.9294 0.0924 0.1904 0.0000 0.0000 205.0000 1.3856 4.0000 
1908 1909 3 -1.5371 -1.3736 -6.9294 -1.6057 -1.4388 -7.1173 0.0924 0.2104 0.0000 0.0000 205.0000 1.4531 4.0000 
1909 1910 3 -1.6057 -1.4388 -7.1173 -1.6767 -1.4996 -7.2851 0.0924 0.1921 0.0000 0.0000 205.0000 1.5147 4.0000 
1910 1911 3 -1.6767 -1.4996 -7.2851 -1.7430 -1.5607 -7.4548 0.0924 0.1922 0.0000 0.0000 205.0000 1.5765 4.0000 
1911 1912 3 -1.7430 -1.5607 -7.4548 -1.8063 -1.6189 -7.6173 0.0924 0.1838 0.0000 0.0000 205.0000 1.6356 4.0000 
1912 1913 3 -1.8063 -1.6189 -7.6173 -1.8773 -1.6715 -7.7951 0.0924 0.1986 0.0000 0.0000 205.0000 1.6995 4.0000 
1913 1914 3 -1.8773 -1.6715 -7.7951 -1.9515 -1.7175 -7.9670 0.0924 0.1928 0.0000 0.0000 205.0000 1.7616 4.0000 
1914 1915 3 -1.9515 -1.7175 -7.9670 -2.0501 -1.7697 -8.1608 0.0924 0.2236 0.0000 0.0000 205.0000 1.8337 4.0000 
1915 1916 3 -2.0501 -1.7697 -8.1608 -2.1376 -1.8193 -8.3387 0.0924 0.2044 0.0000 0.0000 205.0000 1.8997 4.0000 
1916 1917 3 -2.1376 -1.8193 -8.3387 -2.2356 -1.8726 -8.5154 0.0924 0.2090 0.0000 0.0000 205.0000 1.9672 4.0000 
1917 1918 3 -2.2356 -1.8726 -8.5154 -2.3285 -1.9211 -8.6797 0.0924 0.1949 0.0000 0.0000 205.0000 2.0302 4.0000 
1918 1919 3 -2.3285 -1.9211 -8.6797 -2.4423 -1.9805 -8.8515 0.0924 0.2145 0.0000 0.0000 205.0000 2.0996 4.0000 
1919 1920 3 -2.4423 -1.9805 -8.8515 -2.5543 -2.0413 -9.0195 0.0924 0.2109 0.0000 0.0000 205.0000 2.1679 4.0000 
1920 1921 3 -2.5543 -2.0413 -9.0195 -2.6690 -2.1030 -9.1907 0.0924 0.2151 0.0000 0.0000 205.0000 2.2377 4.0000 
1921 1922 3 -2.6690 -2.1030 -9.1907 -2.7673 -2.1631 -9.3526 0.0924 0.1987 0.0000 0.0000 205.0000 2.3022 4.0000 
1922 1923 3 -2.7673 -2.1631 -9.3526 -2.8730 -2.2414 -9.5261 0.0924 0.2177 0.0000 0.0000 205.0000 2.3729 4.0000 
1923 1924 3 -2.8730 -2.2414 -9.5261 -2.9761 -2.3173 -9.6939 0.0924 0.2110 0.0000 0.0000 205.0000 2.4415 4.0000 
1924 1925 3 -2.9761 -2.3173 -9.6939 -3.0790 -2.3891 -9.8689 0.0924 0.2153 0.0000 0.0000 205.0000 2.5116 4.0000 
1925 1926 3 -3.0790 -2.3891 -9.8689 -3.1623 -2.4569 -10.0319 0.0924 0.1953 0.0000 0.0000 205.0000 2.5752 4.0000 
1926 1927 3 -3.1623 -2.4569 -10.0319 -3.2454 -2.5191 -10.1980 0.0924 0.1958 0.0000 0.0000 205.0000 2.6390 4.0000 
1927 1928 3 -3.2454 -2.5191 -10.1980 -3.3313 -2.5846 -10.3683 0.0924 0.2016 0.0000 0.0000 205.0000 2.7048 4.0000 
1928 1929 3 -3.3313 -2.5846 -10.3683 -3.4175 -2.6505 -10.5348 0.0924 0.1987 0.0000 0.0000 205.0000 2.7697 4.0000 
1929 1930 3 -3.4175 -2.6505 -10.5348 -3.5016 -2.7114 -10.6952 0.0924 0.1911 0.0000 0.0000 205.0000 2.8322 4.0000 
1930 1931 3 -3.5016 -2.7114 -10.6952 -3.5892 -2.7613 -10.8714 0.0924 0.2030 0.0000 0.0000 205.0000 2.8986 4.0000 
1931 1932 3 -3.5892 -2.7613 -10.8714 -3.6714 -2.8080 -11.0325 0.0924 0.1868 0.0000 0.0000 205.0000 2.9598 4.0000 
1932 1933 3 -3.6714 -2.8080 -11.0325 -3.7521 -2.8571 -11.2135 0.0924 0.2042 0.0000 0.0000 205.0000 3.0267 4.0000 
1933 1934 3 -3.7521 -2.8571 -11.2135 -3.8373 -2.9063 -11.3947 0.0924 0.2061 0.0000 0.0000 205.0000 3.0943 4.0000 
1934 1935 3 -3.8373 -2.9063 -11.3947 -3.9152 -2.9570 -11.5741 0.0924 0.2021 0.0000 0.0000 205.0000 3.1607 4.0000 
1935 1936 3 -3.9152 -2.9570 -11.5741 -3.9868 -3.0114 -11.7584 0.0924 0.2051 0.0000 0.0000 205.0000 3.2281 4.0000 
1936 1937 3 -3.9868 -3.0114 -11.7584 -4.0475 -3.0719 -11.9380 0.0924 0.1990 0.0000 0.0000 205.0000 3.2935 4.0000 
1937 1938 3 -4.0475 -3.0719 -11.9380 -4.0967 -3.1284 -12.1145 0.0924 0.1918 0.0000 0.0000 205.0000 3.3567 4.0000 
1938 1939 3 -4.0967 -3.1284 -12.1145 -4.1417 -3.1817 -12.2851 0.0924 0.1843 0.0000 0.0000 205.0000 3.4174 4.0000 
1939 1940 3 -4.1417 -3.1817 -12.2851 -4.1919 -3.2411 -12.4752 0.0924 0.2054 0.0000 0.0000 205.0000 3.4851 4.0000 
1940 1941 3 -4.1919 -3.2411 -12.4752 -4.2286 -3.2893 -12.6581 0.0924 0.1926 0.0000 0.0000 205.0000 3.5487 4.0000 
1941 1942 3 -4.2286 -3.2893 -12.6581 -4.2670 -3.3371 -12.8470 0.0924 0.1986 0.0000 0.0000 205.0000 3.6143 4.0000 
1942 1943 3 -4.2670 -3.3371 -12.8470 -4.3102 -3.3885 -13.0442 0.0924 0.2083 0.0000 0.0000 205.0000 3.6832 4.0000 
1943 1944 3 -4.3102 -3.3885 -13.0442 -4.3519 -3.4371 -13.2291 0.0924 0.1958 0.0000 0.0000 205.0000 3.7480 4.0000 
1944 1945 3 -4.3519 -3.4371 -13.2291 -4.3944 -3.4817 -13.4091 0.0924 0.1902 0.0000 0.0000 205.0000 3.8110 4.0000 
1945 1946 3 -4.3944 -3.4817 -13.4091 -4.4377 -3.5278 -13.5920 0.0924 0.1936 0.0000 0.0000 205.0000 3.8752 4.0000 
1946 1947 3 -4.4377 -3.5278 -13.5920 -4.4754 -3.5573 -13.7790 0.0924 0.1930 0.0000 0.0000 205.0000 3.9392 4.0000 
1947 1948 3 -4.4754 -3.5573 -13.7790 -4.5168 -3.5819 -13.9715 0.0924 0.1984 0.0000 0.0000 205.0000 4.0051 4.0000 
1948 1949 3 -4.5168 -3.5819 -13.9715 -4.5613 -3.6059 -14.1587 0.0924 0.1939 0.0000 0.0000 205.0000 4.0696 4.0000 
1949 1950 3 -4.5613 -3.6059 -14.1587 -4.6136 -3.6162 -14.3418 0.0924 0.1907 0.0000 0.0000 205.0000 4.1331 4.0000 
1950 1951 3 -4.6136 -3.6162 -14.3418 -4.6772 -3.6295 -14.5501 0.0924 0.2182 0.0000 0.0000 205.0000 4.2057 4.0000 
1951 1952 3 -4.6772 -3.6295 -14.5501 -4.7460 -3.6420 -14.7688 0.0924 0.2296 0.0000 0.0000 205.0000 4.2823 4.0000 
1952 1953 3 -4.7460 -3.6420 -14.7688 -4.8107 -3.6533 -14.9720 0.0924 0.2136 0.0000 0.0000 205.0000 4.3535 4.0000 
1953 1954 3 -4.8107 -3.6533 -14.9720 -4.8903 -3.6759 -15.1677 0.0924 0.2124 0.0000 0.0000 205.0000 4.4245 4.0000 
1954 1955 3 -4.8903 -3.6759 -15.1677 -4.9636 -3.6975 -15.3503 0.0924 0.1980 0.0000 0.0000 205.0000 4.4907 4.0000 
1955 1956 3 -4.9636 -3.6975 -15.3503 -5.0411 -3.7203 -15.5331 0.0924 0.1998 0.0000 0.0000 205.0000 4.5576 4.0000 
1956 1957 3 -5.0411 -3.7203 -15.5331 -5.1101 -3.7597 -15.7334 0.0924 0.2155 0.0000 0.0000 205.0000 4.6297 4.0000 
1957 1958 3 -5.1101 -3.7597 -15.7334 -5.1678 -3.7923 -15.9131 0.0924 0.1915 0.0000 0.0000 205.0000 4.6940 4.0000 
1958 1959 3 -5.1678 -3.7923 -15.9131 -5.2224 -3.8315 -16.1065 0.0924 0.2047 0.0000 0.0000 205.0000 4.7627 4.0000 
1959 1960 3 -5.2224 -3.8315 -16.1065 -5.2805 -3.8721 -16.2989 0.0924 0.2051 0.0000 0.0000 205.0000 4.8315 4.0000 
1960 1961 3 -5.2805 -3.8721 -16.2989 -5.3427 -3.9106 -16.4800 0.0924 0.1953 0.0000 0.0000 205.0000 4.8972 4.0000 
1961 1962 3 -5.3427 -3.9106 -16.4800 -5.3987 -3.9583 -16.6769 0.0924 0.2101 0.0000 0.0000 205.0000 4.9679 4.0000 
1962 1963 3 -5.3987 -3.9583 -16.6769 -5.4353 -3.9959 -16.8625 0.0924 0.1929 0.0000 0.0000 205.0000 5.0329 4.0000 
1963 1964 3 -5.4353 -3.9959 -16.8625 -5.4647 -4.0370 -17.0637 0.0924 0.2075 0.0000 0.0000 205.0000 5.1028 4.0000 
1964 1965 3 -5.4647 -4.0370 -17.0637 -5.4897 -4.0759 -17.2572 0.0924 0.1989 0.0000 0.0000 205.0000 5.1700 4.0000 
1965 1966 3 -5.4897 -4.0759 -17.2572 -5.5178 -4.1178 -17.4509 0.0924 0.2002 0.0000 0.0000 205.0000 5.2376 4.0000 
1966 1967 3 -5.5178 -4.1178 -17.4509 -5.5414 -4.1541 -17.6198 0.0924 0.1743 0.0000 0.0000 205.0000 5.2965 4.0000 
1967 1968 3 -5.5414 -4.1541 -17.6198 -5.5779 -4.1964 -17.8075 0.0924 0.1958 0.0000 0.0000 205.0000 5.3628 4.0000 
1968 1969 3 -5.5779 -4.1964 -17.8075 -5.6077 -4.2322 -17.9787 0.0924 0.1775 0.0000 0.0000 205.0000 5.4229 4.0000 
1969 1970 3 -5.6077 -4.2322 -17.9787 -5.6445 -4.2669 -18.1816 0.0924 0.2091 0.0000 0.0000 205.0000 5.4937 4.0000 
1970 1971 3 -5.6445 -4.2669 -18.1816 -5.6813 -4.2934 -18.3934 0.0924 0.2166 0.0000 0.0000 205.0000 5.5672 4.0000 
1971 1972 3 -5.6813 -4.2934 -18.3934 -5.7119 -4.3150 -18.5736 0.0924 0.1840 0.0000 0.0000 205.0000 5.6297 4.0000 
1972 1973 3 -5.7119 -4.3150 -18.5736 -5.7431 -4.3371 -18.7660 0.0924 0.1962 0.0000 0.0000 205.0000 5.6964 4.0000 
1973 1974 3 -5.7431 -4.3371 -18.7660 -5.7814 -4.3674 -18.9715 0.0924 0.2112 0.0000 0.0000 205.0000 5.7682 4.0000 
1974 1975 3 -5.7814 -4.3674 -18.9715 -5.8245 -4.4042 -19.1791 0.0924 0.2151 0.0000 0.0000 205.0000 5.8415 4.0000 
1975 1976 3 -5.8245 -4.4042 -19.1791 -5.8629 -4.4403 -19.3740 0.0924 0.2020 0.0000 0.0000 205.0000 5.9104 4.0000 
1976 1977 3 -5.8629 -4.4403 -19.3740 -5.9001 -4.4704 -19.5653 0.0924 0.1971 0.0000 0.0000 205.0000 5.9776 4.0000 
1977 1978 3 -5.9001 -4.4704 -19.5653 -5.9351 -4.4989 -19.7475 0.0924 0.1878 0.0000 0.0000 205.0000 6.0417 4.0000 
1978 1979 3 -5.9351 -4.4989 -19.7475 -5.9713 -4.5276 -19.9274 0.0924 0.1856 0.0000 0.0000 205.0000 6.1052 4.0000 
1979 1980 3 -5.9713 -4.5276 -19.9274 -6.0023 -4.5629 -20.1208 0.0924 0.1991 0.0000 0.0000 205.0000 6.1733 4.0000 
1980 1981 3 -6.0023 -4.5629 -20.1208 -6.0282 -4.5857 -20.3001 0.0924 0.1826 0.0000 0.0000 205.0000 6.2358 4.0000 
1981 1982 3 -6.0282 -4.5857 -20.3001 -6.0535 -4.6088 -20.4820 0.0924 0.1851 0.0000 0.0000 205.0000 6.2992 4.0000 
1982 1983 3 -6.0535 -4.6088 -20.4820 -6.0810 -4.6339 -20.6795 0.0924 0.2010 0.0000 0.0000 205.0000 6.3682 4.0000 
1983 1984 3 -6.0810 -4.6339 -20.6795 -6.1157 -4.6565 -20.8598 0.0924 0.1850 0.0000 0.0000 205.0000 6.4317 4.0000 
1984 1985 3 -6.1157 -4.6565 -20.8598 -6.1522 -4.6747 -21.0423 0.0924 0.1870 0.0000 0.0000 205.0000 6.4959 4.0000 
1985 1986 3 -6.1522 -4.6747 -21.0423 -6.1937 -4.6761 -21.2309 0.0924 0.1931 0.0000 0.0000 205.0000 6.5623 4.0000 
1986 1987 3 -6.1937 -4.6761 -21.2309 -6.2337 -4.6776 -21.4160 0.0924 0.1894 0.0000 0.0000 205.0000 6.6275 4.0000 
1987 1988 3 -6.2337 -4.6776 -21.4160 -6.2767 -4.6854 -21.6181 0.0924 0.2068 0.0000 0.0000 205.0000 6.6988 4.0000 
1988 1989 3 -6.2767 -4.6854 -21.6181 -6.3062 -4.6831 -21.8064 0.0924 0.1905 0.0000 0.0000 205.0000 6.7645 4.0000 
1989 1990 3 -6.3062 -4.6831 -21.8064 -6.3279 -4.6827 -22.0195 0.0924 0.2143 0.0000 0.0000 205.0000 6.8384 4.0000 
1990 1991 3 -6.3279 -4.6827 -22.0195 -6.3231 -4.6792 -22.2211 0.0924 0.2017 0.0000 0.0000 205.0000 6.9081 4.0000 
1991 1992 3 -6.3231 -4.6792 -22.2211 -6.3207 -4.6755 -22.4155 0.0924 0.1944 0.0000 0.0000 205.0000 6.9754 4.0000 
1992 1993 3 -6.3207 -4.6755 -22.4155 -6.3169 -4.6693 -22.6149 0.0924 0.1996 0.0000 0.0000 205.0000 7.0444 4.0000 
1993 1994 3 -6.3169 -4.6693 -22.6149 -6.3137 -4.6610 -22.8038 0.0924 0.1891 0.0000 0.0000 205.0000 7.1100 4.0000 
1994 1995 3 -6.3137 -4.6610 -22.8038 -6.3071 -4.6528 -23.0030 0.0924 0.1994 0.0000 0.0000 205.0000 7.1791 4.0000 
1995 1996 3 -6.3071 -4.6528 -23.0030 -6.2977 -4.6440 -23.1992 0.0924 0.1966 0.0000 0.0000 205.0000 7.2474 4.0000 
1996 1997 3 -6.2977 -4.6440 -23.1992 -6.2950 -4.6401 -23.4091 0.0924 0.2100 0.0000 0.0000 205.0000 7.3203 4.0000 
1997 1998 3 -6.2950 -4.6401 -23.4091 -6.2945 -4.6428 -23.6109 0.0924 0.2018 0.0000 0.0000 205.0000 7.3905 4.0000 
1998 1999 3 -6.2945 -4.6428 -23.6109 -6.2937 -4.6452 -23.7992 0.0924 0.1883 0.0000 0.0000 205.0000 7.4561 4.0000 
1999 2000 3 -6.2937 -4.6452 -23.7992 -6.2907 -4.6406 -23.9944 0.0924 0.1953 0.0000 0.0000 205.0000 7.5241 4.0000 
2000 2001 3 -6.2907 -4.6406 -23.9944 -6.2898 -4.6368 -24.2130 0.0924 0.2186 0.0000 0.0000 205.0000 7.6004 4.0000 
2001 2002 3 -6.2898 -4.6368 -24.2130 -6.2986 -4.6362 -24.4247 0.0924 0.2119 0.0000 0.0000 205.0000 7.6744 4.0000 
2002 2003 3 -6.2986 -4.6362 -24.4247 -6.3099 -4.6387 -24.6156 0.0924 0.1913 0.0000 0.0000 205.0000 7.7412 4.0000 
2003 2004 3 -6.3099 -4.6387 -24.6156 -6.3133 -4.6412 -24.8256 0.0924 0.2101 0.0000 0.0000 205.0000 7.8147 4.0000 
2004 2005 3 -6.3133 -4.6412 -24.8256 -6.3132 -4.6425 -25.0317 0.0924 0.2061 0.0000 0.0000 205.0000 7.8868 4.0000 
2005 2006 3 -6.3132 -4.6425 -25.0317 -6.3115 -4.6436 -25.2469 0.0924 0.2151 0.0000 0.0000 205.0000 7.9622 4.0000 
2006 2007 3 -6.3115 -4.6436 -25.2469 -6.3100 -4.6484 -25.4329 0.0924 0.1861 0.0000 0.0000 205.0000 8.0275 4.0000 
2007 2008 3 -6.3100 -4.6484 -25.4329 -6.3070 -4.6328 -25.6281 0.0924 0.1959 0.0000 0.0000 205.0000 8.0963 4.0000 
2008 2009 3 -6.3070 -4.6328 -25.6281 -6.3045 -4.6260 -25.8229 0.0924 0.1950 0.0000 0.0000 205.0000 8.1648 4.0000 
2009 2010 3 -6.3045 -4.6260 -25.8229 -6.2975 -4.6137 -26.0182 0.0924 0.1958 0.0000 0.0000 205.0000 8.2337 4.0000 
2010 2011 3 -6.2975 -4.6137 -26.0182 -6.2872 -4.6100 -26.2158 0.0924 0.1978 0.0000 0.0000 205.0000 8.3034 4.0000 
2011 2012 3 -6.2872 -4.6100 -26.2158 -6.2725 -4.6085 -26.4038 0.0924 0.1886 0.0000 0.0000 205.0000 8.3699 4.0000 
2012 2013 3 -6.2725 -4.6085 -26.4038 -6.2575 -4.6144 -26.5938 0.0924 0.1906 0.0000 0.0000 205.0000 8.4371 4.0000 
2013 2014 3 -6.2575 -4.6144 -26.5938 -6.2558 -4.6212 -26.7953 0.0924 0.2016 0.0000 0.0000 205.0000 8.5083 4.0000 
2014 2015 3 -6.2558 -4.6212 -26.7953 -6.2554 -4.6291 -26.9979 0.0924 0.2028 0.0000 0.0000 205.0000 8.5800 4.0000 
2015 2016 3 -6.2554 -4.6291 -26.9979 -6.2523 -4.6334 -27.2041 0.0924 0.2062 0.0000 0.0000 205.0000 8.6530 4.0000 
2016 2017 3 -6.2523 -4.6334 -27.2041 -6.2554 -4.6405 -27.3951 0.0924 0.1911 0.0000 0.0000 205.0000 8.7207 4.0000 
2017 2018 3 -6.2554 -4.6405 -27.3951 -6.2590 -4.6537 -27.6003 0.0924 0.2057 0.0000 0.0000 205.0000 8.7936 4.0000 
2018 2019 3 -6.2590 -4.6537 -27.6003 -6.2628 -4.6730 -27.8014 0.0924 0.2021 0.0000 0.0000 205.0000 8.8653 4.0000 
2019 2020 3 -6.2628 -4.6730 -27.8014 -6.2652 -4.6901 -27.9948 0.0924 0.1942 0.0000 0.0000 205.0000 8.9343 4.0000 
2020 2021 3 -6.2652 -4.6901 -27.9948 -6.2716 -4.7020 -28.1812 0.0924 0.1868 0.0000 0.0000 205.0000 9.0007 4.0000 
2021 2022 3 -6.2716 -4.7020 -28.1812 -6.2771 -4.7139 -28.3973 0.0924 0.2166 0.0000 0.0000 205.0000 9.0778 4.0000 
2022 2023 3 -6.2771 -4.7139 -28.3973 -6.2843 -4.7331 -28.5994 0.0924 0.2032 0.0000 0.0000 205.0000 9.1501 4.0000 
2023 2024 3 -6.2843 -4.7331 -28.5994 -6.2786 -4.7519 -28.8138 0.0924 0.2152 0.0000 0.0000 205.0000 9.2269 4.0000 
2024 2025 3 -6.2786 -4.7519 -28.8138 -6.2697 -4.7725 -29.0292 0.0924 0.2166 0.0000 0.0000 205.0000 9.3042 4.0000 
2025 2026 3 -6.2697 -4.7725 -29.0292 -6.2597 -4.7846 -29.2363 0.0924 0.2076 0.0000 0.0000 205.0000 9.3784 4.0000 
2026 2027 3 -6.2597 -4.7846 -29.2363 -6.2490 -4.7862 -29.4311 0.0924 0.1951 0.0000 0.0000 205.0000 9.4482 4.0000 
2027 2028 3 -6.2490 -4.7862 -29.4311 -6.2426 -4.7885 -29.6233 0.0924 0.1923 0.0000 0.0000 205.0000 9.5170 4.0000 
2028 2029 3 -6.2426 -4.7885 -29.6233 -6.2566 -4.7911 -29.8334 0.0924 0.2106 0.0000 0.0000 205.0000 9.5925 4.0000 
2029 2030 3 -6.2566 -4.7911 -29.8334 -6.2703 -4.8019 -30.0307 0.0924 0.1981 0.0000 0.0000 205.0000 9.6636 4.0000 
2030 2031 3 -6.2703 -4.8019 -30.0307 -6.2842 -4.8185 -30.2314 0.0924 0.2019 0.0000 0.0000 205.0000 9.7360 4.0000 
2031 2032 3 -6.2842 -4.8185 -30.2314 -6.2930 -4.8333 -30.4242 0.0924 0.1935 0.0000 0.0000 205.0000 9.8056 4.0000 
2032 2033 3 -6.2930 -4.8333 -30.4242 -6.2986 -4.8417 -30.6313 0.0924 0.2074 0.0000 0.0000 205.0000 9.8802 4.0000 
2033 2034 3 -6.2986 -4.8417 -30.6313 -6.3038 -4.8520 -30.8429 0.0924 0.2119 0.0000 0.0000 205.0000 9.9565 4.0000 
2034 2035 3 -6.3038 -4.8520 -30.8429 -6.3065 -4.8617 -31.0393 0.0924 0.1966 0.0000 0.0000 205.0000 10.0274 4.0000 
2035 2036 3 -6.3065 -4.8617 -31.0393 -6.3064 -4.8840 -31.2251 0.0924 0.1871 0.0000 0.0000 205.0000 10.0949 4.0000 
2036 2037 3 -6.3064 -4.8840 -31.2251 -6.3045 -4.8996 -31.4132 0.0924 0.1888 0.0000 0.0000 205.0000 10.1631 4.0000 
2037 2038 3 -6.3045 -4.8996 -31.4132 -6.3014 -4.9179 -31.6150 0.0924 0.2026 0.0000 0.0000 205.0000 10.2364 4.0000 
2038 2039 3 -6.3014 -4.9179 -31.6150 -6.2974 -4.9311 -31.8096 0.0924 0.1952 0.0000 0.0000 205.0000 10.3070 4.0000 
2039 2040 3 -6.2974 -4.9311 -31.8096 -6.2747 -4.9287 -32.0140 0.0924 0.2057 0.0000 0.0000 205.0000 10.3815 4.0000 
2040 2041 3 -6.2747 -4.9287 -32.0140 -6.2521 -4.9290 -32.2071 0.0924 0.1944 0.0000 0.0000 205.0000 10.4520 4.0000 
2041 2042 3 -6.2521 -4.9290 -32.2071 -6.2390 -4.9247 -32.4152 0.0924 0.2085 0.0000 0.0000 205.0000 10.5277 4.0000 
2042 2043 3 -6.2390 -4.9247 -32.4152 -6.2258 -4.9202 -32.6262 0.0924 0.2115 0.0000 0.0000 205.0000 10.6045 4.0000 
2043 2044 3 -6.2258 -4.9202 -32.6262 -6.2115 -4.9192 -32.8508 0.0924 0.2250 0.0000 0.0000 205.0000 10.6864 4.0000 
2044 2045 3 -6.2115 -4.9192 -32.8508 -6.2027 -4.9183 -33.0462 0.0924 0.1956 0.0000 0.0000 205.0000 10.7576 4.0000 
2045 2046 3 -6.2027 -4.9183 -33.0462 -6.1927 -4.9169 -33.2373 0.0924 0.1914 0.0000 0.0000 205.0000 10.8273 4.0000 
2046 2047 3 -6.1927 -4.9169 -33.2373 -6.1858 -4.9179 -33.4364 0.0924 0.1992 0.0000 0.0000 205.0000 10.9000 4.0000 
2047 2048 3 -6.1858 -4.9179 -33.4364 -6.1796 -4.9166 -33.6293 0.0924 0.1930 0.0000 0.0000 205.0000 10.9705 4.0000 
2048 2049 3 -6.1796 -4.9166 -33.6293 -6.1785 -4.9145 -33.8312 0.0924 0.2019 0.0000 0.0000 205.0000 11.0443 4.0000 
2049 2050 3 -6.1785 -4.9145 -33.8312 -6.1731 -4.8981 -34.0388 0.0924 0.2084 0.0000 0.0000 205.0000 11.1205 4.0000 
2050 2051 3 -6.1731 -4.8981 -34.0388 -6.1706 -4.8814 -34.2471 0.0924 0.2089 0.0000 0.0000 205.0000 11.1970 4.0000 
2051 2052 3 -6.1706 -4.8814 -34.2471 -6.1689 -4.8686 -34.4471 0.0924 0.2005 0.0000 0.0000 205.0000 11.2705 4.0000 
2052 2053 3 -6.1689 -4.8686 -34.4471 -6.1599 -4.8610 -34.6473 0.0924 0.2005 0.0000 0.0000 205.0000 11.3441 4.0000 
2053 2054 3 -6.1599 -4.8610 -34.6473 -6.1371 -4.8662 -34.8368 0.0924 0.1910 0.0000 0.0000 205.0000 11.4143 4.0000 
2054 2055 3 -6.1371 -4.8662 -34.8368 -6.1059 -4.8642 -35.0215 0.0924 0.1873 0.0000 0.0000 205.0000 11.4832 4.0000 
2055 2056 3 -6.1059 -4.8642 -35.0215 -6.0780 -4.8640 -35.2204 0.0924 0.2009 0.0000 0.0000 205.0000 11.5571 4.0000 
2056 2057 3 -6.0780 -4.8640 -35.2204 -6.0565 -4.8701 -35.4499 0.0924 0.2306 0.0000 0.0000 205.0000 11.6421 4.0000 
2057 2058 3 -6.0565 -4.8701 -35.4499 -6.0376 -4.8734 -35.6461 0.0924 0.1971 0.0000 0.0000 205.0000 11.7148 4.0000 
2058 2059 3 -6.0376 -4.8734 -35.6461 -6.0291 -4.8848 -35.8419 0.0924 0.1963 0.0000 0.0000 205.0000 11.7873 4.0000 
2059 2060 3 -6.0291 -4.8848 -35.8419 -6.0229 -4.8941 -36.0324 0.0924 0.1909 0.0000 0.0000 205.0000 11.8578 4.0000 
2060 2061 3 -6.0229 -4.8941 -36.0324 -6.0249 -4.9050 -36.2139 0.0924 0.1818 0.0000 0.0000 205.0000 11.9251 4.0000 
2061 2062 3 -6.0249 -4.9050 -36.2139 -6.0361 -4.9211 -36.4116 0.0924 0.1987 0.0000 0.0000 205.0000 11.9986 4.0000 
2062 2063 3 -6.0361 -4.9211 -36.4116 -6.0362 -4.9214 -36.4153 0.0924 0.0037 0.0000 0.0000 205.0000 12.0000 4.0000 
1886 2064 601 -0.0015 -0.0026 -3.1095 -0.1974 0.2179 -3.5825 0.0300 0.5574 238.0000 23.8000 0.0000 6.5708 2.0000 
2064 2065 601 -0.1974 0.2179 -3.5825 -0.3580 0.3824 -3.9802 0.0300 0.4594 238.0000 23.8000 0.0000 7.3221 2.0000 
2065 2066 601 -0.3580 0.3824 -3.9802 -0.5282 0.5566 -4.3983 0.0300 0.4839 238.0000 23.8000 0.0000 8.3185 2.0000 
2066 2067 601 -0.5282 0.5566 -4.3983 -0.6948 0.7735 -4.8494 0.0300 0.5276 238.0000 23.8000 0.0000 9.8267 2.0000 
2067 2068 601 -0.6948 0.7735 -4.8494 -0.8358 0.9747 -5.2502 0.0300 0.4701 238.0000 23.8000 0.0000 12.0000 2.0000 
1887 2069 602 -0.0371 -0.0518 -3.2875 0.0114 0.1498 -3.7471 0.0300 0.5042 238.0000 23.8000 0.0000 6.5431 2.0000 
2069 2070 602 0.0114 0.1498 -3.7471 0.0956 0.3346 -4.1714 0.0300 0.4705 238.0000 23.8000 0.0000 7.2912 2.0000 
2070 2071 602 0.0956 0.3346 -4.1714 0.1922 0.5072 -4.5494 0.0300 0.4266 238.0000 23.8000 0.0000 8.1446 2.0000 
2071 2072 602 0.1922 0.5072 -4.5494 0.3058 0.7308 -5.0443 0.0300 0.5548 238.0000 23.8000 0.0000 9.7055 2.0000 
2072 2073 602 0.3058 0.7308 -5.0443 0.3969 0.9616 -5.4472 0.0300 0.4732 238.0000 23.8000 0.0000 12.0000 2.0000 
1888 2074 603 -0.0789 -0.1062 -3.4620 -0.4385 -0.3089 -3.6581 0.0300 0.4571 238.0000 23.8000 0.0000 6.4465 2.0000 
2074 2075 603 -0.4385 -0.3089 -3.6581 -0.8086 -0.5741 -3.8739 0.0300 0.5038 238.0000 23.8000 0.0000 7.1169 2.0000 
2075 2076 603 -0.8086 -0.5741 -3.8739 -1.1831 -0.8049 -4.0897 0.0300 0.4900 238.0000 23.8000 0.0000 7.9701 2.0000 
2076 2077 603 -1.1831 -0.8049 -4.0897 -1.5062 -1.0184 -4.2706 0.0300 0.4275 238.0000 23.8000 0.0000 9.0097 2.0000 
2077 2078 603 -1.5062 -1.0184 -4.2706 -1.9054 -1.3094 -4.4828 0.0300 0.5377 238.0000 23.8000 0.0000 11.3311 2.0000 
2078 2079 603 -1.9054 -1.3094 -4.4828 -1.9734 -1.3558 -4.5161 0.0300 0.0888 238.0000 23.8000 0.0000 12.0000 2.0000 
1889 2080 604 -0.1340 -0.1741 -3.6545 0.0570 -0.1880 -4.0587 0.0300 0.4473 238.0000 23.8000 0.0000 6.5703 2.0000 
2080 2081 604 0.0570 -0.1880 -4.0587 0.2805 -0.2046 -4.5273 0.0300 0.5194 238.0000 23.8000 0.0000 7.3484 2.0000 
2081 2082 604 0.2805 -0.2046 -4.5273 0.5005 -0.2233 -4.9883 0.0300 0.5112 238.0000 23.8000 0.0000 8.3558 2.0000 
2082 2083 604 0.5005 -0.2233 -4.9883 0.6896 -0.2370 -5.3866 0.0300 0.4411 238.0000 23.8000 0.0000 9.5807 2.0000 
2083 2084 604 0.6896 -0.2370 -5.3866 0.9057 -0.2533 -5.8425 0.0300 0.5048 238.0000 23.8000 0.0000 12.0000 2.0000 
1890 2085 605 -0.1942 -0.2360 -3.8191 -0.3838 -0.0459 -4.1867 0.0300 0.4551 238.0000 23.8000 0.0000 6.6097 2.0000 
2085 2086 605 -0.3838 -0.0459 -4.1867 -0.5756 0.1379 -4.5583 0.0300 0.4568 238.0000 23.8000 0.0000 7.2466 2.0000 
2086 2087 605 -0.5756 0.1379 -4.5583 -0.7343 0.2898 -4.8730 0.0300 0.3839 238.0000 23.8000 0.0000 7.9128 2.0000 
2087 2088 605 -0.7343 0.2898 -4.8730 -0.9643 0.4842 -5.3235 0.0300 0.5418 238.0000 23.8000 0.0000 9.2140 2.0000 
2088 2089 605 -0.9643 0.4842 -5.3235 -1.1886 0.6656 -5.7430 0.0300 0.5092 238.0000 23.8000 0.0000 11.3708 2.0000 
2089 2090 605 -1.1886 0.6656 -5.7430 -1.2329 0.6915 -5.8183 0.0300 0.0911 238.0000 23.8000 0.0000 12.0000 2.0000 
1891 2091 606 -0.2635 -0.2957 -3.9944 -0.4337 -0.0706 -4.3980 0.0300 0.4925 238.0000 23.8000 0.0000 6.6736 2.0000 
2091 2092 606 -0.4337 -0.0706 -4.3980 -0.5787 0.1739 -4.8018 0.0300 0.4938 238.0000 23.8000 0.0000 7.3218 2.0000 
2092 2093 606 -0.5787 0.1739 -4.8018 -0.7478 0.4387 -5.2468 0.0300 0.5447 238.0000 23.8000 0.0000 8.2890 2.0000 
2093 2094 606 -0.7478 0.4387 -5.2468 -0.8703 0.6195 -5.5713 0.0300 0.3911 238.0000 23.8000 0.0000 9.2973 2.0000 
2094 2095 606 -0.8703 0.6195 -5.5713 -0.9775 0.7617 -5.8959 0.0300 0.3702 238.0000 23.8000 0.0000 10.8273 2.0000 
2095 2096 606 -0.9775 0.7617 -5.8959 -1.0116 0.8214 -6.0506 0.0300 0.1693 238.0000 23.8000 0.0000 12.0000 2.0000 
1892 2097 607 -0.3361 -0.3545 -4.1839 -0.1547 -0.6362 -4.5808 0.0300 0.5193 238.0000 23.8000 0.0000 7.1842 2.0000 
2097 2098 607 -0.1547 -0.6362 -4.5808 -0.0288 -0.8265 -4.8935 0.0300 0.3871 238.0000 23.8000 0.0000 8.0538 2.0000 
2098 2099 607 -0.0288 -0.8265 -4.8935 0.1167 -1.0119 -5.2500 0.0300 0.4273 238.0000 23.8000 0.0000 9.2529 2.0000 
2099 2100 607 0.1167 -1.0119 -5.2500 0.2678 -1.2105 -5.6321 0.0300 0.4564 238.0000 23.8000 0.0000 11.0104 2.0000 
2100 2101 607 0.2678 -1.2105 -5.6321 0.3289 -1.2911 -5.7930 0.0300 0.1901 238.0000 23.8000 0.0000 12.0000 2.0000 
1893 2102 608 -0.4171 -0.4317 -4.3519 -0.2638 -0.6823 -4.7139 0.0300 0.4662 238.0000 23.8000 0.0000 6.8922 2.0000 
2102 2103 608 -0.2638 -0.6823 -4.7139 -0.1244 -0.9037 -5.0440 0.0300 0.4212 238.0000 23.8000 0.0000 7.5424 2.0000 
2103 2104 608 -0.1244 -0.9037 -5.0440 0.0060 -1.1543 -5.4253 0.0300 0.4746 238.0000 23.8000 0.0000 8.4716 2.0000 
2104 2105 608 0.0060 -1.1543 -5.4253 0.1485 -1.3897 -5.8174 0.0300 0.4790 238.0000 23.8000 0.0000 9.7852 2.0000 
2105 2106 608 0.1485 -1.3897 -5.8174 0.3229 -1.6079 -6.2064 0.0300 0.4789 238.0000 23.8000 0.0000 12.0000 2.0000 
1894 2107 609 -0.4926 -0.5073 -4.5285 -0.4076 -0.5058 -4.9390 0.0300 0.4192 238.0000 23.8000 0.0000 6.8469 2.0000 
2107 2108 609 -0.4076 -0.5058 -4.9390 -0.3202 -0.5134 -5.3960 0.0300 0.4654 238.0000 23.8000 0.0000 7.4909 2.0000 
2108 2109 609 -0.3202 -0.5134 -5.3960 -0.2189 -0.5257 -5.8844 0.0300 0.4990 238.0000 23.8000 0.0000 8.3855 2.0000 
2109 2110 609 -0.2189 -0.5257 -5.8844 -0.1331 -0.5367 -6.2919 0.0300 0.4165 238.0000 23.8000 0.0000 9.4200 2.0000 
2110 2111 609 -0.1331 -0.5367 -6.2919 -0.0242 -0.5379 -6.7777 0.0300 0.4979 238.0000 23.8000 0.0000 11.4777 2.0000 
2111 2112 609 -0.0242 -0.5379 -6.7777 -0.0044 -0.5384 -6.8552 0.0300 0.0801 238.0000 23.8000 0.0000 12.0000 2.0000 
1895 2113 610 -0.5592 -0.5787 -4.6889 -0.9167 -0.6796 -4.8285 0.0300 0.3969 238.0000 23.8000 0.0000 6.9060 2.0000 
2113 2114 610 -0.9167 -0.6796 -4.8285 -1.3200 -0.8178 -5.0191 0.0300 0.4670 238.0000 23.8000 0.0000 7.5712 2.0000 
2114 2115 610 -1.3200 -0.8178 -5.0191 -1.7636 -0.9794 -5.2129 0.0300 0.5103 238.0000 23.8000 0.0000 8.4989 2.0000 
2115 2116 610 -1.7636 -0.9794 -5.2129 -2.1188 -1.1174 -5.3631 0.0300 0.4096 238.0000 23.8000 0.0000 9.5013 2.0000 
2116 2117 610 -2.1188 -1.1174 -5.3631 -2.6472 -1.2425 -5.5519 0.0300 0.5749 238.0000 23.8000 0.0000 11.8048 2.0000 
2117 2118 610 -2.6472 -1.2425 -5.5519 -2.6772 -1.2494 -5.5621 0.0300 0.0325 238.0000 23.8000 0.0000 12.0000 2.0000 
1896 2119 611 -0.6345 -0.6532 -4.8553 -0.5229 -0.9440 -5.1307 0.0300 0.4158 238.0000 23.8000 0.0000 6.9823 2.0000 
2119 2120 611 -0.5229 -0.9440 -5.1307 -0.3887 -1.2984 -5.4574 0.0300 0.5003 238.0000 23.8000 0.0000 7.6834 2.0000 
2120 2121 611 -0.3887 -1.2984 -5.4574 -0.2238 -1.6728 -5.7866 0.0300 0.5251 238.0000 23.8000 0.0000 8.6404 2.0000 
2121 2122 611 -0.2238 -1.6728 -5.7866 -0.1061 -2.0064 -6.1503 0.0300 0.5073 238.0000 23.8000 0.0000 9.9659 2.0000 
2122 2123 611 -0.1061 -2.0064 -6.1503 0.0385 -2.2843 -6.4875 0.0300 0.4603 238.0000 23.8000 0.0000 12.0000 2.0000 
1897 2124 612 -0.7064 -0.7161 -5.0070 -1.0483 -1.1229 -5.1413 0.0300 0.5481 238.0000 23.8000 0.0000 7.3418 2.0000 
2124 2125 612 -1.0483 -1.1229 -5.1413 -1.2805 -1.3955 -5.2302 0.0300 0.3690 238.0000 23.8000 0.0000 7.9715 2.0000 
2125 2126 612 -1.2805 -1.3955 -5.2302 -1.6187 -1.8274 -5.3804 0.0300 0.5687 238.0000 23.8000 0.0000 9.1969 2.0000 
2126 2127 612 -1.6187 -1.8274 -5.3804 -1.9893 -2.2728 -5.5224 0.0300 0.5966 238.0000 23.8000 0.0000 11.1011 2.0000 
2127 2128 612 -1.9893 -2.2728 -5.5224 -2.1062 -2.4236 -5.5653 0.0300 0.1956 238.0000 23.8000 0.0000 12.0000 2.0000 
1898 2129 613 -0.7942 -0.7869 -5.1887 -1.1135 -1.0865 -5.2957 0.0300 0.4508 238.0000 23.8000 0.0000 7.2387 2.0000 
2129 2130 613 -1.1135 -1.0865 -5.2957 -1.3666 -1.3667 -5.3920 0.0300 0.3897 238.0000 23.8000 0.0000 7.8702 2.0000 
2130 2131 613 -1.3666 -1.3667 -5.3920 -1.6465 -1.6806 -5.4942 0.0300 0.4328 238.0000 23.8000 0.0000 8.7542 2.0000 
2131 2132 613 -1.6465 -1.6806 -5.4942 -1.9176 -2.0094 -5.5955 0.0300 0.4380 238.0000 23.8000 0.0000 9.9896 2.0000 
2132 2133 613 -1.9176 -2.0094 -5.5955 -2.2137 -2.3121 -5.7037 0.0300 0.4370 238.0000 23.8000 0.0000 12.0000 2.0000 
1899 2134 614 -0.8796 -0.8379 -5.3586 -0.8547 -1.1742 -5.6345 0.0300 0.4356 238.0000 23.8000 0.0000 7.3183 2.0000 
2134 2135 614 -0.8547 -1.1742 -5.6345 -0.8304 -1.5059 -5.9222 0.0300 0.4398 238.0000 23.8000 0.0000 8.0623 2.0000 
2135 2136 614 -0.8304 -1.5059 -5.9222 -0.8100 -1.8475 -6.2182 0.0300 0.4524 238.0000 23.8000 0.0000 9.0196 2.0000 
2136 2137 614 -0.8100 -1.8475 -6.2182 -0.8026 -2.2457 -6.5766 0.0300 0.5358 238.0000 23.8000 0.0000 10.5971 2.0000 
2137 2138 614 -0.8026 -2.2457 -6.5766 -0.7849 -2.4815 -6.7934 0.0300 0.3208 238.0000 23.8000 0.0000 12.0000 2.0000 
1900 2139 615 -0.9666 -0.8965 -5.5257 -1.3494 -0.7728 -5.7035 0.0300 0.4398 238.0000 23.8000 0.0000 7.3305 2.0000 
2139 2140 615 -1.3494 -0.7728 -5.7035 -1.6753 -0.6822 -5.8703 0.0300 0.3772 238.0000 23.8000 0.0000 7.9032 2.0000 
2140 2141 615 -1.6753 -0.6822 -5.8703 -2.0712 -0.5763 -6.0863 0.0300 0.4633 238.0000 23.8000 0.0000 8.7833 2.0000 
2141 2142 615 -2.0712 -0.5763 -6.0863 -2.5253 -0.3914 -6.3305 0.0300 0.5478 238.0000 23.8000 0.0000 10.2802 2.0000 
2142 2143 615 -2.5253 -0.3914 -6.3305 -2.8407 -0.2622 -6.5051 0.0300 0.3829 238.0000 23.8000 0.0000 12.0000 2.0000 
1901 2144 616 -1.0490 -0.9544 -5.6915 -1.0252 -0.8386 -6.1754 0.0300 0.4982 238.0000 23.8000 0.0000 7.6298 2.0000 
2144 2145 616 -1.0252 -0.8386 -6.1754 -1.0309 -0.7423 -6.5434 0.0300 0.3804 238.0000 23.8000 0.0000 8.3574 2.0000 
2145 2146 616 -1.0309 -0.7423 -6.5434 -1.0168 -0.5946 -7.0629 0.0300 0.5402 238.0000 23.8000 0.0000 9.6775 2.0000 
2146 2147 616 -1.0168 -0.5946 -7.0629 -0.9888 -0.4415 -7.5193 0.0300 0.4822 238.0000 23.8000 0.0000 11.3700 2.0000 
2147 2148 616 -0.9888 -0.4415 -7.5193 -0.9799 -0.3962 -7.6458 0.0300 0.1347 238.0000 23.8000 0.0000 12.0000 2.0000 
1902 2149 617 -1.1244 -1.0178 -5.8691 -0.9356 -1.2250 -6.3243 0.0300 0.5346 238.0000 23.8000 0.0000 7.8700 2.0000 
2149 2150 617 -0.9356 -1.2250 -6.3243 -0.7903 -1.3853 -6.6816 0.0300 0.4177 238.0000 23.8000 0.0000 8.7867 2.0000 
2150 2151 617 -0.7903 -1.3853 -6.6816 -0.5847 -1.5555 -7.0696 0.0300 0.4709 238.0000 23.8000 0.0000 10.0901 2.0000 
2151 2152 617 -0.5847 -1.5555 -7.0696 -0.3714 -1.7279 -7.4243 0.0300 0.4484 238.0000 23.8000 0.0000 11.7885 2.0000 
2152 2153 617 -0.3714 -1.7279 -7.4243 -0.3500 -1.7455 -7.4603 0.0300 0.0454 238.0000 23.8000 0.0000 12.0000 2.0000 
1903 2154 618 -1.1972 -1.0731 -6.0330 -1.1090 -1.4131 -6.3974 0.0300 0.5062 238.0000 23.8000 0.0000 7.5586 2.0000 
2154 2155 618 -1.1090 -1.4131 -6.3974 -1.0402 -1.6919 -6.6980 0.0300 0.4157 238.0000 23.8000 0.0000 8.1419 2.0000 
2155 2156 618 -1.0402 -1.6919 -6.6980 -0.9620 -2.0154 -7.0477 0.0300 0.4828 238.0000 23.8000 0.0000 8.9989 2.0000 
2156 2157 618 -0.9620 -2.0154 -7.0477 -0.8422 -2.3205 -7.4020 0.0300 0.4827 238.0000 23.8000 0.0000 10.1957 2.0000 
2157 2158 618 -0.8422 -2.3205 -7.4020 -0.7041 -2.5791 -7.7408 0.0300 0.4480 238.0000 23.8000 0.0000 12.0000 2.0000 
1904 2159 619 -1.2696 -1.1288 -6.2221 -1.5833 -1.4674 -6.4039 0.0300 0.4961 238.0000 23.8000 0.0000 7.6473 2.0000 
2159 2160 619 -1.5833 -1.4674 -6.4039 -1.8602 -1.7597 -6.5564 0.0300 0.4306 238.0000 23.8000 0.0000 8.2877 2.0000 
2160 2161 619 -1.8602 -1.7597 -6.5564 -2.1254 -1.9946 -6.7113 0.0300 0.3866 238.0000 23.8000 0.0000 9.0059 2.0000 
2161 2162 619 -2.1254 -1.9946 -6.7113 -2.4632 -2.2941 -6.9084 0.0300 0.4926 238.0000 23.8000 0.0000 10.2650 2.0000 
2162 2163 619 -2.4632 -2.2941 -6.9084 -2.7493 -2.5464 -7.0799 0.0300 0.4182 238.0000 23.8000 0.0000 12.0000 2.0000 
1905 2164 620 -1.3420 -1.1901 -6.4038 -1.5885 -1.0074 -6.7348 0.0300 0.4514 238.0000 23.8000 0.0000 7.6977 2.0000 
2164 2165 620 -1.5885 -1.0074 -6.7348 -1.8456 -0.8159 -7.0837 0.0300 0.4738 238.0000 23.8000 0.0000 8.4299 2.0000 
2165 2166 620 -1.8456 -0.8159 -7.0837 -2.1433 -0.6071 -7.4897 0.0300 0.5450 238.0000 23.8000 0.0000 9.5116 2.0000 
2166 2167 620 -2.1433 -0.6071 -7.4897 -2.4045 -0.4543 -7.8342 0.0300 0.4585 238.0000 23.8000 0.0000 10.7698 2.0000 
2167 2168 620 -2.4045 -0.4543 -7.8342 -2.5693 -0.3494 -8.0839 0.0300 0.3171 238.0000 23.8000 0.0000 12.0000 2.0000 
1906 2169 621 -1.4073 -1.2510 -6.5748 -1.6651 -1.0797 -6.9407 0.0300 0.4793 238.0000 23.8000 0.0000 7.8961 2.0000 
2169 2170 621 -1.6651 -1.0797 -6.9407 -1.8785 -0.8995 -7.2732 0.0300 0.4343 238.0000 23.8000 0.0000 8.6926 2.0000 
2170 2171 621 -1.8785 -0.8995 -7.2732 -2.0876 -0.7457 -7.6010 0.0300 0.4182 238.0000 23.8000 0.0000 9.6734 2.0000 
2171 2172 621 -2.0876 -0.7457 -7.6010 -2.3052 -0.6133 -7.9271 0.0300 0.4137 238.0000 23.8000 0.0000 11.0090 2.0000 
2172 2173 621 -2.3052 -0.6133 -7.9271 -2.4195 -0.5453 -8.1043 0.0300 0.2216 238.0000 23.8000 0.0000 12.0000 2.0000 
1907 2174 622 -1.4764 -1.3143 -6.7589 -1.6328 -1.1130 -7.0680 0.0300 0.4006 238.0000 23.8000 0.0000 7.7090 2.0000 
2174 2175 622 -1.6328 -1.1130 -7.0680 -1.8281 -0.8677 -7.4485 0.0300 0.4931 238.0000 23.8000 0.0000 8.3832 2.0000 
2175 2176 622 -1.8281 -0.8677 -7.4485 -2.0273 -0.6178 -7.8362 0.0300 0.5024 238.0000 23.8000 0.0000 9.2741 2.0000 
2176 2177 622 -2.0273 -0.6178 -7.8362 -2.1898 -0.4081 -8.1680 0.0300 0.4249 238.0000 23.8000 0.0000 10.3128 2.0000 
2177 2178 622 -2.1898 -0.4081 -8.1680 -2.3475 -0.1883 -8.5167 0.0300 0.4413 238.0000 23.8000 0.0000 12.0000 2.0000 
1908 2179 623 -1.5371 -1.3736 -6.9294 -1.6438 -1.1402 -7.4112 0.0300 0.5459 238.0000 23.8000 0.0000 8.0657 2.0000 
2179 2180 623 -1.6438 -1.1402 -7.4112 -1.7393 -0.9398 -7.8810 0.0300 0.5196 238.0000 23.8000 0.0000 8.9721 2.0000 
2180 2181 623 -1.7393 -0.9398 -7.8810 -1.7935 -0.7827 -8.2843 0.0300 0.4363 238.0000 23.8000 0.0000 9.9854 2.0000 
2181 2182 623 -1.7935 -0.7827 -8.2843 -1.8506 -0.6391 -8.6295 0.0300 0.3782 238.0000 23.8000 0.0000 11.2111 2.0000 
2182 2183 623 -1.8506 -0.6391 -8.6295 -1.8752 -0.5738 -8.7949 0.0300 0.1795 238.0000 23.8000 0.0000 12.0000 2.0000 
1909 2184 624 -1.6057 -1.4388 -7.1173 -1.7990 -1.7935 -7.2939 0.0300 0.4409 238.0000 23.8000 0.0000 8.0507 2.0000 
2184 2185 624 -1.7990 -1.7935 -7.2939 -2.0412 -2.2384 -7.5098 0.0300 0.5506 238.0000 23.8000 0.0000 9.0553 2.0000 
2185 2186 624 -2.0412 -2.2384 -7.5098 -2.3135 -2.6871 -7.7125 0.0300 0.5626 238.0000 23.8000 0.0000 10.4280 2.0000 
2186 2187 624 -2.3135 -2.6871 -7.7125 -2.5062 -3.0513 -7.8910 0.0300 0.4490 238.0000 23.8000 0.0000 12.0000 2.0000 
1910 2188 625 -1.6767 -1.4996 -7.2851 -1.5283 -1.5334 -7.7106 0.0300 0.4519 238.0000 23.8000 0.0000 7.9594 2.0000 
2188 2189 625 -1.5283 -1.5334 -7.7106 -1.3735 -1.5613 -8.1457 0.0300 0.4627 238.0000 23.8000 0.0000 8.5827 2.0000 
2189 2190 625 -1.3735 -1.5613 -8.1457 -1.1773 -1.5572 -8.5837 0.0300 0.4799 238.0000 23.8000 0.0000 9.4209 2.0000 
2190 2191 625 -1.1773 -1.5572 -8.5837 -0.9675 -1.5456 -9.0831 0.0300 0.5418 238.0000 23.8000 0.0000 10.8238 2.0000 
2191 2192 625 -0.9675 -1.5456 -9.0831 -0.8432 -1.5487 -9.3401 0.0300 0.2855 238.0000 23.8000 0.0000 12.0000 2.0000 
1911 2193 626 -1.7430 -1.5607 -7.4548 -2.1857 -1.4211 -7.7945 0.0300 0.5752 238.0000 23.8000 0.0000 8.3079 2.0000 
2193 2194 626 -2.1857 -1.4211 -7.7945 -2.5571 -1.3085 -8.0953 0.0300 0.4911 238.0000 23.8000 0.0000 9.1479 2.0000 
2194 2195 626 -2.5571 -1.3085 -8.0953 -2.9580 -1.2091 -8.3058 0.0300 0.4635 238.0000 23.8000 0.0000 10.1844 2.0000 
2195 2196 626 -2.9580 -1.2091 -8.3058 -3.3697 -1.0968 -8.5304 0.0300 0.4823 238.0000 23.8000 0.0000 11.7423 2.0000 
2196 2197 626 -3.3697 -1.0968 -8.5304 -3.4207 -1.0818 -8.5602 0.0300 0.0610 238.0000 23.8000 0.0000 12.0000 2.0000 
1912 2198 627 -1.8063 -1.6189 -7.6173 -1.6212 -1.6994 -8.0451 0.0300 0.4731 238.0000 23.8000 0.0000 8.2649 2.0000 
2198 2199 627 -1.6212 -1.6994 -8.0451 -1.4205 -1.7653 -8.4717 0.0300 0.4760 238.0000 23.8000 0.0000 9.1024 2.0000 
2199 2200 627 -1.4205 -1.7653 -8.4717 -1.2512 -1.8190 -8.8440 0.0300 0.4125 238.0000 23.8000 0.0000 10.0337 2.0000 
2200 2201 627 -1.2512 -1.8190 -8.8440 -1.0877 -1.8998 -9.2632 0.0300 0.4571 238.0000 23.8000 0.0000 11.4702 2.0000 
2201 2202 627 -1.0877 -1.8998 -9.2632 -1.0439 -1.9272 -9.3791 0.0300 0.1269 238.0000 23.8000 0.0000 12.0000 2.0000 
1913 2203 628 -1.8773 -1.6715 -7.7951 -2.1785 -1.5407 -8.0470 0.0300 0.4139 238.0000 23.8000 0.0000 8.2013 2.0000 
2203 2204 628 -2.1785 -1.5407 -8.0470 -2.5386 -1.3770 -8.3596 0.0300 0.5042 238.0000 23.8000 0.0000 9.0019 2.0000 
2204 2205 628 -2.5386 -1.3770 -8.3596 -2.8335 -1.2307 -8.6260 0.0300 0.4235 238.0000 23.8000 0.0000 9.8611 2.0000 
2205 2206 628 -2.8335 -1.2307 -8.6260 -3.1727 -1.0805 -8.9280 0.0300 0.4783 238.0000 23.8000 0.0000 11.1987 2.0000 
2206 2207 628 -3.1727 -1.0805 -8.9280 -3.3246 -1.0199 -9.0564 0.0300 0.2080 238.0000 23.8000 0.0000 12.0000 2.0000 
1914 2208 629 -1.9515 -1.7175 -7.9670 -1.8452 -1.9538 -8.3602 0.0300 0.4709 238.0000 23.8000 0.0000 8.4024 2.0000 
2208 2209 629 -1.8452 -1.9538 -8.3602 -1.7499 -2.1583 -8.7259 0.0300 0.4297 238.0000 23.8000 0.0000 9.1480 2.0000 
2209 2210 629 -1.7499 -2.1583 -8.7259 -1.6580 -2.3706 -9.0999 0.0300 0.4397 238.0000 23.8000 0.0000 10.1098 2.0000 
2210 2211 629 -1.6580 -2.3706 -9.0999 -1.5440 -2.5957 -9.5354 0.0300 0.5033 238.0000 23.8000 0.0000 11.6516 2.0000 
2211 2212 629 -1.5440 -2.5957 -9.5354 -1.5235 -2.6352 -9.6105 0.0300 0.0873 238.0000 23.8000 0.0000 12.0000 2.0000 
1915 2213 630 -2.0501 -1.7697 -8.1608 -2.4647 -1.5952 -8.4302 0.0300 0.5243 238.0000 23.8000 0.0000 8.4941 2.0000 
2213 2214 630 -2.4647 -1.5952 -8.4302 -2.8366 -1.4022 -8.7057 0.0300 0.5015 238.0000 23.8000 0.0000 9.3010 2.0000 
2214 2215 630 -2.8366 -1.4022 -8.7057 -3.2232 -1.2259 -9.0023 0.0300 0.5181 238.0000 23.8000 0.0000 10.3800 2.0000 
2215 2216 630 -3.2232 -1.2259 -9.0023 -3.6289 -1.0348 -9.2970 0.0300 0.5366 238.0000 23.8000 0.0000 11.9909 2.0000 
2216 2217 630 -3.6289 -1.0348 -9.2970 -3.6307 -1.0340 -9.2983 0.0300 0.0024 238.0000 23.8000 0.0000 12.0000 2.0000 
1916 2218 631 -2.1376 -1.8193 -8.3387 -2.0172 -2.0068 -8.7047 0.0300 0.4285 238.0000 23.8000 0.0000 8.4861 2.0000 
2218 2219 631 -2.0172 -2.0068 -8.7047 -1.9154 -2.1765 -9.0259 0.0300 0.3772 238.0000 23.8000 0.0000 9.1181 2.0000 
2219 2220 631 -1.9154 -2.1765 -9.0259 -1.7834 -2.4003 -9.4632 0.0300 0.5086 238.0000 23.8000 0.0000 10.1875 2.0000 
2220 2221 631 -1.7834 -2.4003 -9.4632 -1.6086 -2.6384 -9.9720 0.0300 0.5884 238.0000 23.8000 0.0000 12.0000 2.0000 
1917 2222 632 -2.2356 -1.8726 -8.5154 -2.2207 -2.1989 -8.8051 0.0300 0.4366 238.0000 23.8000 0.0000 8.5584 2.0000 
2222 2223 632 -2.2207 -2.1989 -8.8051 -2.2726 -2.5336 -9.1125 0.0300 0.4574 238.0000 23.8000 0.0000 9.3220 2.0000 
2223 2224 632 -2.2726 -2.5336 -9.1125 -2.3402 -2.9246 -9.4378 0.0300 0.5131 238.0000 23.8000 0.0000 10.4198 2.0000 
2224 2225 632 -2.3402 -2.9246 -9.4378 -2.4102 -3.2924 -9.7415 0.0300 0.4821 238.0000 23.8000 0.0000 11.8684 2.0000 
2225 2226 632 -2.4102 -3.2924 -9.7415 -2.4154 -3.3193 -9.7636 0.0300 0.0352 238.0000 23.8000 0.0000 12.0000 2.0000 
1918 2227 633 -2.3285 -1.9211 -8.6797 -2.1930 -2.0391 -9.1884 0.0300 0.5395 238.0000 23.8000 0.0000 8.6720 2.0000 
2227 2228 633 -2.1930 -2.0391 -9.1884 -2.0912 -2.1216 -9.5708 0.0300 0.4043 238.0000 23.8000 0.0000 9.2795 2.0000 
2228 2229 633 -2.0912 -2.1216 -9.5708 -1.9856 -2.2078 -9.9616 0.0300 0.4139 238.0000 23.8000 0.0000 10.0709 2.0000 
2229 2230 633 -1.9856 -2.2078 -9.9616 -1.8571 -2.3221 -10.4351 0.0300 0.5038 238.0000 23.8000 0.0000 11.4684 2.0000 
2230 2231 633 -1.8571 -2.3221 -10.4351 -1.8221 -2.3499 -10.5637 0.0300 0.1361 238.0000 23.8000 0.0000 12.0000 2.0000 
1919 2232 634 -2.4423 -1.9805 -8.8515 -2.7988 -2.2790 -8.9672 0.0300 0.4791 238.0000 23.8000 0.0000 8.8097 2.0000 
2232 2233 634 -2.7988 -2.2790 -8.9672 -3.1724 -2.6065 -9.0399 0.0300 0.5021 238.0000 23.8000 0.0000 9.7284 2.0000 
2233 2234 634 -3.1724 -2.6065 -9.0399 -3.5528 -2.9512 -9.1190 0.0300 0.5194 238.0000 23.8000 0.0000 10.9742 2.0000 
2234 2235 634 -3.5528 -2.9512 -9.1190 -3.7861 -3.1664 -9.1655 0.0300 0.3208 238.0000 23.8000 0.0000 12.0000 2.0000 
1920 2236 635 -2.5543 -2.0413 -9.0195 -3.0402 -2.1252 -9.1338 0.0300 0.5061 238.0000 23.8000 0.0000 8.8284 2.0000 
2236 2237 635 -3.0402 -2.1252 -9.1338 -3.4579 -2.2036 -9.2277 0.0300 0.4352 238.0000 23.8000 0.0000 9.5202 2.0000 
2237 2238 635 -3.4579 -2.2036 -9.2277 -3.9660 -2.2706 -9.3565 0.0300 0.5285 238.0000 23.8000 0.0000 10.6108 2.0000 
2238 2239 635 -3.9660 -2.2706 -9.3565 -4.4185 -2.3296 -9.4593 0.0300 0.4677 238.0000 23.8000 0.0000 12.0000 2.0000 
1921 2240 636 -2.6690 -2.1030 -9.1907 -3.1615 -2.1964 -9.2921 0.0300 0.5115 238.0000 23.8000 0.0000 9.0294 2.0000 
2240 2241 636 -3.1615 -2.1964 -9.2921 -3.6455 -2.3024 -9.4388 0.0300 0.5167 238.0000 23.8000 0.0000 10.0121 2.0000 
2241 2242 636 -3.6455 -2.3024 -9.4388 -4.1071 -2.4014 -9.5644 0.0300 0.4885 238.0000 23.8000 0.0000 11.2268 2.0000 
2242 2243 636 -4.1071 -2.4014 -9.5644 -4.3341 -2.4542 -9.6340 0.0300 0.2433 238.0000 23.8000 0.0000 12.0000 2.0000 
1922 2244 637 -2.7673 -2.1631 -9.3526 -2.6169 -2.4248 -9.7576 0.0300 0.5052 238.0000 23.8000 0.0000 8.8935 2.0000 
2244 2245 637 -2.6169 -2.4248 -9.7576 -2.4602 -2.6674 -10.0817 0.0300 0.4341 238.0000 23.8000 0.0000 9.4951 2.0000 
2245 2246 637 -2.4602 -2.6674 -10.0817 -2.2916 -2.9392 -10.4321 0.0300 0.4744 238.0000 23.8000 0.0000 10.3229 2.0000 
2246 2247 637 -2.2916 -2.9392 -10.4321 -2.0998 -3.2378 -10.8305 0.0300 0.5336 238.0000 23.8000 0.0000 11.6341 2.0000 
2247 2248 637 -2.0998 -3.2378 -10.8305 -2.0556 -3.2990 -10.9142 0.0300 0.1127 238.0000 23.8000 0.0000 12.0000 2.0000 
1923 2249 638 -2.8730 -2.2414 -9.5261 -2.8078 -2.5423 -9.8878 0.0300 0.4750 238.0000 23.8000 0.0000 9.0591 2.0000 
2249 2250 638 -2.8078 -2.5423 -9.8878 -2.6714 -2.8930 -10.2839 0.0300 0.5464 238.0000 23.8000 0.0000 10.0000 2.0000 
2250 2251 638 -2.6714 -2.8930 -10.2839 -2.5421 -3.2057 -10.6325 0.0300 0.4858 238.0000 23.8000 0.0000 11.0819 2.0000 
2251 2252 638 -2.5421 -3.2057 -10.6325 -2.4677 -3.4264 -10.8508 0.0300 0.3191 238.0000 23.8000 0.0000 12.0000 2.0000 
1924 2253 639 -2.9761 -2.3173 -9.6939 -3.1217 -2.1571 -10.0903 0.0300 0.4517 238.0000 23.8000 0.0000 9.1580 2.0000 
2253 2254 639 -3.1217 -2.1571 -10.0903 -3.2944 -1.9918 -10.5004 0.0300 0.4747 238.0000 23.8000 0.0000 10.0424 2.0000 
2254 2255 639 -3.2944 -1.9918 -10.5004 -3.4902 -1.8611 -10.9559 0.0300 0.5127 238.0000 23.8000 0.0000 11.2864 2.0000 
2255 2256 639 -3.4902 -1.8611 -10.9559 -3.5642 -1.8000 -11.1644 0.0300 0.2296 238.0000 23.8000 0.0000 12.0000 2.0000 
1925 2257 640 -3.0790 -2.3891 -9.8689 -3.1521 -2.2391 -10.3321 0.0300 0.4924 238.0000 23.8000 0.0000 9.2247 2.0000 
2257 2258 640 -3.1521 -2.2391 -10.3321 -3.2297 -2.0897 -10.7925 0.0300 0.4902 238.0000 23.8000 0.0000 10.0697 2.0000 
2258 2259 640 -3.2297 -2.0897 -10.7925 -3.3008 -1.9509 -11.2279 0.0300 0.4625 238.0000 23.8000 0.0000 11.1141 2.0000 
2259 2260 640 -3.3008 -1.9509 -11.2279 -3.3460 -1.8633 -11.5081 0.0300 0.2970 238.0000 23.8000 0.0000 12.0000 2.0000 
1926 2261 641 -3.1623 -2.4569 -10.0319 -3.6192 -2.3737 -10.2773 0.0300 0.5252 238.0000 23.8000 0.0000 9.3050 2.0000 
2261 2262 641 -3.6192 -2.3737 -10.2773 -4.0563 -2.2938 -10.5339 0.0300 0.5131 238.0000 23.8000 0.0000 10.1491 2.0000 
2262 2263 641 -4.0563 -2.2938 -10.5339 -4.4510 -2.2227 -10.7659 0.0300 0.4633 238.0000 23.8000 0.0000 11.1402 2.0000 
2263 2264 641 -4.4510 -2.2227 -10.7659 -4.7132 -2.1719 -10.9190 0.0300 0.3079 238.0000 23.8000 0.0000 12.0000 2.0000 
1927 2265 642 -3.2454 -2.5191 -10.1980 -3.4930 -2.2984 -10.5930 0.0300 0.5159 238.0000 23.8000 0.0000 9.3038 2.0000 
2265 2266 642 -3.4930 -2.2984 -10.5930 -3.7383 -2.0827 -10.9559 0.0300 0.4882 238.0000 23.8000 0.0000 10.0444 2.0000 
2266 2267 642 -3.7383 -2.0827 -10.9559 -3.9861 -1.8720 -11.2786 0.0300 0.4581 238.0000 23.8000 0.0000 10.9612 2.0000 
2267 2268 642 -3.9861 -1.8720 -11.2786 -4.1914 -1.7206 -11.5525 0.0300 0.3743 238.0000 23.8000 0.0000 12.0000 2.0000 
1928 2269 643 -3.3313 -2.5846 -10.3683 -3.6224 -2.3851 -10.7113 0.0300 0.4921 238.0000 23.8000 0.0000 9.4477 2.0000 
2269 2270 643 -3.6224 -2.3851 -10.7113 -3.9479 -2.1277 -11.1302 0.0300 0.5897 238.0000 23.8000 0.0000 10.4971 2.0000 
2270 2271 643 -3.9479 -2.1277 -11.1302 -4.2543 -1.9172 -11.5000 0.0300 0.5243 238.0000 23.8000 0.0000 11.7659 2.0000 
2271 2272 643 -4.2543 -1.9172 -11.5000 -4.2972 -1.8822 -11.5560 0.0300 0.0788 238.0000 23.8000 0.0000 12.0000 2.0000 
1929 2273 644 -3.4175 -2.6505 -10.5348 -3.7316 -3.0287 -10.6563 0.0300 0.5064 238.0000 23.8000 0.0000 9.4891 2.0000 
2273 2274 644 -3.7316 -3.0287 -10.6563 -3.9949 -3.3551 -10.7711 0.0300 0.4348 238.0000 23.8000 0.0000 10.1796 2.0000 
2274 2275 644 -3.9949 -3.3551 -10.7711 -4.2791 -3.7049 -10.9330 0.0300 0.4789 238.0000 23.8000 0.0000 11.1331 2.0000 
2275 2276 644 -4.2791 -3.7049 -10.9330 -4.4799 -3.9566 -11.0362 0.0300 0.3381 238.0000 23.8000 0.0000 12.0000 2.0000 
1930 2277 645 -3.5016 -2.7114 -10.6952 -3.3982 -2.7016 -11.1546 0.0300 0.4710 238.0000 23.8000 0.0000 9.6611 2.0000 
2277 2278 645 -3.3982 -2.7016 -11.1546 -3.2991 -2.6903 -11.6005 0.0300 0.4570 238.0000 23.8000 0.0000 10.5676 2.0000 
2278 2279 645 -3.2991 -2.6903 -11.6005 -3.2160 -2.6696 -12.0962 0.0300 0.5030 238.0000 23.8000 0.0000 11.8497 2.0000 
2279 2280 645 -3.2160 -2.6696 -12.0962 -3.2086 -2.6678 -12.1454 0.0300 0.0498 238.0000 23.8000 0.0000 12.0000 2.0000 
1931 2281 646 -3.5892 -2.7613 -10.8714 -3.8506 -3.2150 -11.0420 0.0300 0.5507 238.0000 23.8000 0.0000 9.6162 2.0000 
2281 2282 646 -3.8506 -3.2150 -11.0420 -4.0627 -3.6416 -11.2096 0.0300 0.5051 238.0000 23.8000 0.0000 10.3624 2.0000 
2282 2283 646 -4.0627 -3.6416 -11.2096 -4.2523 -4.0591 -11.3824 0.0300 0.4900 238.0000 23.8000 0.0000 11.3049 2.0000 
2283 2284 646 -4.2523 -4.0591 -11.3824 -4.3438 -4.3006 -11.4878 0.0300 0.2790 238.0000 23.8000 0.0000 12.0000 2.0000 
1932 2285 647 -3.6714 -2.8080 -11.0325 -3.6193 -3.2766 -11.3645 0.0300 0.5767 238.0000 23.8000 0.0000 9.7831 2.0000 
2285 2286 647 -3.6193 -3.2766 -11.3645 -3.5453 -3.5960 -11.5602 0.0300 0.3818 238.0000 23.8000 0.0000 10.3941 2.0000 
2286 2287 647 -3.5453 -3.5960 -11.5602 -3.4637 -3.9038 -11.7536 0.0300 0.3726 238.0000 23.8000 0.0000 11.1200 2.0000 
2287 2288 647 -3.4637 -3.9038 -11.7536 -3.3632 -4.1882 -11.9440 0.0300 0.3567 238.0000 23.8000 0.0000 12.0000 2.0000 
1933 2289 648 -3.7521 -2.8571 -11.2135 -3.8269 -2.6377 -11.6176 0.0300 0.4659 238.0000 23.8000 0.0000 9.6572 2.0000 
2289 2290 648 -3.8269 -2.6377 -11.6176 -3.8865 -2.3547 -12.0571 0.0300 0.5261 238.0000 23.8000 0.0000 10.4329 2.0000 
2290 2291 648 -3.8865 -2.3547 -12.0571 -3.9448 -2.1001 -12.4497 0.0300 0.4716 238.0000 23.8000 0.0000 11.3436 2.0000 
2291 2292 648 -3.9448 -2.1001 -12.4497 -3.9747 -1.9599 -12.6711 0.0300 0.2638 238.0000 23.8000 0.0000 12.0000 2.0000 
1934 2293 649 -3.8373 -2.9063 -11.3947 -3.7198 -3.3169 -11.7673 0.0300 0.5668 238.0000 23.8000 0.0000 10.0535 2.0000 
2293 2294 649 -3.7198 -3.3169 -11.7673 -3.6186 -3.6603 -12.0535 0.0300 0.4583 238.0000 23.8000 0.0000 10.9415 2.0000 
2294 2295 649 -3.6186 -3.6603 -12.0535 -3.5375 -3.9359 -12.2833 0.0300 0.3678 238.0000 23.8000 0.0000 11.8345 2.0000 
2295 2296 649 -3.5375 -3.9359 -12.2833 -3.5238 -3.9811 -12.3194 0.0300 0.0595 238.0000 23.8000 0.0000 12.0000 2.0000 
1935 2297 650 -3.9152 -2.9570 -11.5741 -4.3773 -3.1323 -11.7240 0.0300 0.5165 238.0000 23.8000 0.0000 9.9067 2.0000 
2297 2298 650 -4.3773 -3.1323 -11.7240 -4.6939 -3.2438 -11.8593 0.0300 0.3620 238.0000 23.8000 0.0000 10.4736 2.0000 
2298 2299 650 -4.6939 -3.2438 -11.8593 -5.1194 -3.4313 -12.0713 0.0300 0.5110 238.0000 23.8000 0.0000 11.5158 2.0000 
2299 2300 650 -5.1194 -3.4313 -12.0713 -5.2773 -3.4897 -12.1443 0.0300 0.1834 238.0000 23.8000 0.0000 12.0000 2.0000 
1936 2301 651 -3.9868 -3.0114 -11.7584 -3.8492 -3.1608 -12.1337 0.0300 0.4268 238.0000 23.8000 0.0000 10.1835 2.0000 
2301 2302 651 -3.8492 -3.1608 -12.1337 -3.6586 -3.3380 -12.5839 0.0300 0.5200 238.0000 23.8000 0.0000 11.4594 2.0000 
2302 2303 651 -3.6586 -3.3380 -12.5839 -3.5868 -3.4011 -12.7438 0.0300 0.1863 238.0000 23.8000 0.0000 12.0000 2.0000 
1937 2304 652 -4.0475 -3.0719 -11.9380 -4.2086 -2.8783 -12.2984 0.0300 0.4397 238.0000 23.8000 0.0000 10.1345 2.0000 
2304 2305 652 -4.2086 -2.8783 -12.2984 -4.3506 -2.6898 -12.6583 0.0300 0.4304 238.0000 23.8000 0.0000 11.0085 2.0000 
2305 2306 652 -4.3506 -2.6898 -12.6583 -4.5196 -2.4777 -12.9453 0.0300 0.3948 238.0000 23.8000 0.0000 12.0000 2.0000 
1938 2307 653 -4.0967 -3.1284 -12.1145 -3.8923 -3.4239 -12.4498 0.0300 0.4914 238.0000 23.8000 0.0000 10.2991 2.0000 
2307 2308 653 -3.8923 -3.4239 -12.4498 -3.6526 -3.7318 -12.8608 0.0300 0.5667 238.0000 23.8000 0.0000 11.4876 2.0000 
2308 2309 653 -3.6526 -3.7318 -12.8608 -3.5690 -3.8411 -13.0126 0.0300 0.2049 238.0000 23.8000 0.0000 12.0000 2.0000 
1939 2310 654 -4.1417 -3.1817 -12.2851 -4.4346 -3.5355 -12.4763 0.0300 0.4974 238.0000 23.8000 0.0000 10.2116 2.0000 
2310 2311 654 -4.4346 -3.5355 -12.4763 -4.7262 -3.8851 -12.6837 0.0300 0.5003 238.0000 23.8000 0.0000 11.0608 2.0000 
2311 2312 654 -4.7262 -3.8851 -12.6837 -4.9861 -4.1869 -12.8549 0.0300 0.4335 238.0000 23.8000 0.0000 12.0000 2.0000 
1940 2313 655 -4.1919 -3.2411 -12.4752 -4.2524 -3.6708 -12.7088 0.0300 0.4928 238.0000 23.8000 0.0000 10.4360 2.0000 
2313 2314 655 -4.2524 -3.6708 -12.7088 -4.3061 -4.1186 -12.9514 0.0300 0.5121 238.0000 23.8000 0.0000 11.5039 2.0000 
2314 2315 655 -4.3061 -4.1186 -12.9514 -4.3318 -4.2914 -13.0495 0.0300 0.2003 238.0000 23.8000 0.0000 12.0000 2.0000 
1941 2316 656 -4.2286 -3.2893 -12.6581 -4.0545 -3.4995 -13.0417 0.0300 0.4708 238.0000 23.8000 0.0000 10.1833 2.0000 
2316 2317 656 -4.0545 -3.4995 -13.0417 -3.8881 -3.6894 -13.3539 0.0300 0.4015 238.0000 23.8000 0.0000 10.7104 2.0000 
2317 2318 656 -3.8881 -3.6894 -13.3539 -3.6637 -3.9670 -13.7640 0.0300 0.5437 238.0000 23.8000 0.0000 11.6293 2.0000 
2318 2319 656 -3.6637 -3.9670 -13.7640 -3.5934 -4.0487 -13.9006 0.0300 0.1740 238.0000 23.8000 0.0000 12.0000 2.0000 
1942 2320 657 -4.2670 -3.3371 -12.8470 -4.6892 -3.4647 -13.0439 0.0300 0.4830 238.0000 23.8000 0.0000 10.3806 2.0000 
2320 2321 657 -4.6892 -3.4647 -13.0439 -5.0742 -3.6163 -13.2633 0.0300 0.4684 238.0000 23.8000 0.0000 11.1413 2.0000 
2321 2322 657 -5.0742 -3.6163 -13.2633 -5.4265 -3.7195 -13.4632 0.0300 0.4179 238.0000 23.8000 0.0000 12.0000 2.0000 
1943 2323 658 -4.3102 -3.3885 -13.0442 -4.3263 -3.1682 -13.4253 0.0300 0.4406 238.0000 23.8000 0.0000 10.3548 2.0000 
2323 2324 658 -4.3263 -3.1682 -13.4253 -4.4071 -2.8728 -13.8309 0.0300 0.5082 238.0000 23.8000 0.0000 11.1207 2.0000 
2324 2325 658 -4.4071 -2.8728 -13.8309 -4.4825 -2.6291 -14.2002 0.0300 0.4488 238.0000 23.8000 0.0000 12.0000 2.0000 
1944 2326 659 -4.3519 -3.4371 -13.2291 -4.1022 -3.3466 -13.6583 0.0300 0.5047 238.0000 23.8000 0.0000 10.4960 2.0000 
2326 2327 659 -4.1022 -3.3466 -13.6583 -3.8155 -3.2436 -14.1524 0.0300 0.5804 238.0000 23.8000 0.0000 11.3635 2.0000 
2327 2328 659 -3.8155 -3.2436 -14.1524 -3.6429 -3.1785 -14.4409 0.0300 0.3425 238.0000 23.8000 0.0000 12.0000 2.0000 
1945 2329 660 -4.3944 -3.4817 -13.4091 -4.3545 -3.3135 -13.7531 0.0300 0.3851 238.0000 23.8000 0.0000 10.4105 2.0000 
2329 2330 660 -4.3545 -3.3135 -13.7531 -4.2953 -3.0971 -14.1891 0.0300 0.4903 238.0000 23.8000 0.0000 11.1082 2.0000 
2330 2331 660 -4.2953 -3.0971 -14.1891 -4.2339 -2.8671 -14.5705 0.0300 0.4496 238.0000 23.8000 0.0000 11.9218 2.0000 
2331 2332 660 -4.2339 -2.8671 -14.5705 -4.2288 -2.8485 -14.6026 0.0300 0.0374 238.0000 23.8000 0.0000 12.0000 2.0000 
1946 2333 661 -4.4377 -3.5278 -13.5920 -4.5408 -3.3164 -13.9941 0.0300 0.4658 238.0000 23.8000 0.0000 10.5957 2.0000 
2333 2334 661 -4.5408 -3.3164 -13.9941 -4.6503 -3.0998 -14.4177 0.0300 0.4882 238.0000 23.8000 0.0000 11.3280 2.0000 
2334 2335 661 -4.6503 -3.0998 -14.4177 -4.7278 -2.9389 -14.7307 0.0300 0.3604 238.0000 23.8000 0.0000 12.0000 2.0000 
1947 2336 662 -4.4754 -3.5573 -13.7790 -4.6152 -3.9593 -14.0689 0.0300 0.5150 238.0000 23.8000 0.0000 10.6884 2.0000 
2336 2337 662 -4.6152 -3.9593 -14.0689 -4.7459 -4.3509 -14.3219 0.0300 0.4843 238.0000 23.8000 0.0000 11.3791 2.0000 
2337 2338 662 -4.7459 -4.3509 -14.3219 -4.8394 -4.6355 -14.5041 0.0300 0.3505 238.0000 23.8000 0.0000 12.0000 2.0000 
1948 2339 663 -4.5168 -3.5819 -13.9715 -4.3185 -3.4946 -14.3628 0.0300 0.4473 238.0000 23.8000 0.0000 10.8003 2.0000 
2339 2340 663 -4.3185 -3.4946 -14.3628 -4.0812 -3.3937 -14.7864 0.0300 0.4959 238.0000 23.8000 0.0000 11.6557 2.0000 
2340 2341 663 -4.0812 -3.3937 -14.7864 -3.9960 -3.3621 -14.9303 0.0300 0.1702 238.0000 23.8000 0.0000 12.0000 2.0000 
1949 2342 664 -4.5613 -3.6059 -14.1587 -4.7626 -3.9400 -14.4149 0.0300 0.4667 238.0000 23.8000 0.0000 10.8121 2.0000 
2342 2343 664 -4.7626 -3.9400 -14.4149 -4.9838 -4.3247 -14.6524 0.0300 0.5034 238.0000 23.8000 0.0000 11.5707 2.0000 
2343 2344 664 -4.9838 -4.3247 -14.6524 -5.0885 -4.5038 -14.7694 0.0300 0.2381 238.0000 23.8000 0.0000 12.0000 2.0000 
1950 2345 665 -4.6136 -3.6162 -14.3418 -4.4377 -3.6253 -14.6944 0.0300 0.3941 238.0000 23.8000 0.0000 10.7877 2.0000 
2345 2346 665 -4.4377 -3.6253 -14.6944 -4.1775 -3.6422 -15.2128 0.0300 0.5803 238.0000 23.8000 0.0000 11.6470 2.0000 
2346 2347 665 -4.1775 -3.6422 -15.2128 -4.0888 -3.6488 -15.3922 0.0300 0.2003 238.0000 23.8000 0.0000 12.0000 2.0000 
1951 2348 666 -4.6772 -3.6295 -14.5501 -5.1104 -3.5826 -14.7978 0.0300 0.5012 238.0000 23.8000 0.0000 10.9639 2.0000 
2348 2349 666 -5.1104 -3.5826 -14.7978 -5.5480 -3.5155 -15.0260 0.0300 0.4981 238.0000 23.8000 0.0000 11.6730 2.0000 
2349 2350 666 -5.5480 -3.5155 -15.0260 -5.7196 -3.4900 -15.1133 0.0300 0.1941 238.0000 23.8000 0.0000 12.0000 2.0000 
1952 2351 667 -4.7460 -3.6420 -14.7688 -4.6414 -3.4204 -15.1770 0.0300 0.4761 238.0000 23.8000 0.0000 11.1393 2.0000 
2351 2352 667 -4.6414 -3.4204 -15.1770 -4.5273 -3.1741 -15.5981 0.0300 0.5011 238.0000 23.8000 0.0000 12.0000 2.0000 
1953 2353 668 -4.8107 -3.6533 -14.9720 -4.6708 -3.4744 -15.3518 0.0300 0.4426 238.0000 23.8000 0.0000 11.1733 2.0000 
2353 2354 668 -4.6708 -3.4744 -15.3518 -4.5317 -3.2962 -15.7300 0.0300 0.4406 238.0000 23.8000 0.0000 11.9427 2.0000 
2354 2355 668 -4.5317 -3.2962 -15.7300 -4.5230 -3.2846 -15.7550 0.0300 0.0290 238.0000 23.8000 0.0000 12.0000 2.0000 
1954 2356 669 -4.8903 -3.6759 -15.1677 -5.2377 -3.4179 -15.4719 0.0300 0.5289 238.0000 23.8000 0.0000 11.2133 2.0000 
2356 2357 669 -5.2377 -3.4179 -15.4719 -5.5282 -3.1901 -15.7437 0.0300 0.4584 238.0000 23.8000 0.0000 11.8473 2.0000 
2357 2358 669 -5.5282 -3.1901 -15.7437 -5.5890 -3.1427 -15.8012 0.0300 0.0961 238.0000 23.8000 0.0000 12.0000 2.0000 
1955 2359 670 -4.9636 -3.6975 -15.3503 -4.8200 -3.5983 -15.7928 0.0300 0.4756 238.0000 23.8000 0.0000 11.3492 2.0000 
2359 2360 670 -4.8200 -3.5983 -15.7928 -4.7112 -3.5147 -16.1605 0.0300 0.3925 238.0000 23.8000 0.0000 12.0000 2.0000 
1956 2361 671 -5.0411 -3.7203 -15.5331 -5.4724 -3.6631 -15.7385 0.0300 0.4812 238.0000 23.8000 0.0000 11.3759 2.0000 
2361 2362 671 -5.4724 -3.6631 -15.7385 -5.8393 -3.6159 -15.9161 0.0300 0.4103 238.0000 23.8000 0.0000 12.0000 2.0000 
1957 2363 672 -5.1101 -3.7597 -15.7334 -5.2275 -4.1533 -15.9818 0.0300 0.4800 238.0000 23.8000 0.0000 11.4254 2.0000 
2363 2364 672 -5.2275 -4.1533 -15.9818 -5.3261 -4.4847 -16.1768 0.0300 0.3969 238.0000 23.8000 0.0000 12.0000 2.0000 
1958 2365 673 -5.1678 -3.7923 -15.9131 -5.4654 -3.5340 -16.2533 0.0300 0.5206 238.0000 23.8000 0.0000 11.6156 2.0000 
2365 2366 673 -5.4654 -3.5340 -16.2533 -5.6077 -3.4159 -16.4123 0.0300 0.2438 238.0000 23.8000 0.0000 12.0000 2.0000 
1959 2367 674 -5.2224 -3.8315 -16.1065 -5.0185 -3.9917 -16.4728 0.0300 0.4488 238.0000 23.8000 0.0000 11.6668 2.0000 
2367 2368 674 -5.0185 -3.9917 -16.4728 -4.9310 -4.0624 -16.6308 0.0300 0.1940 238.0000 23.8000 0.0000 12.0000 2.0000 
1960 2369 675 -5.2805 -3.8721 -16.2989 -5.1250 -3.8959 -16.6384 0.0300 0.3742 238.0000 23.8000 0.0000 11.6043 2.0000 
2369 2370 675 -5.1250 -3.8959 -16.6384 -5.0328 -3.9186 -16.8606 0.0300 0.2417 238.0000 23.8000 0.0000 12.0000 2.0000 
1961 2371 676 -5.3427 -3.9106 -16.4800 -5.5412 -3.6425 -16.8418 0.0300 0.4921 238.0000 23.8000 0.0000 11.8760 2.0000 
2371 2372 676 -5.5412 -3.6425 -16.8418 -5.5712 -3.6038 -16.8971 0.0300 0.0738 238.0000 23.8000 0.0000 12.0000 2.0000 
1962 2373 677 -5.3987 -3.9583 -16.6769 -5.2738 -4.2875 -17.0126 0.0300 0.4865 238.0000 23.8000 0.0000 11.7395 2.0000 
2373 2374 677 -5.2738 -4.2875 -17.0126 -5.2081 -4.4308 -17.1513 0.0300 0.2100 238.0000 23.8000 0.0000 12.0000 2.0000 
1963 2375 678 -5.4353 -3.9959 -16.8625 -5.6518 -3.7811 -17.1894 0.0300 0.4471 238.0000 23.8000 0.0000 11.8982 2.0000 
2375 2376 678 -5.6518 -3.7811 -17.1894 -5.6843 -3.7487 -17.2384 0.0300 0.0671 238.0000 23.8000 0.0000 12.0000 2.0000 
1964 2377 679 -5.4647 -4.0370 -17.0637 -5.6663 -4.3485 -17.2888 0.0300 0.4339 238.0000 23.8000 0.0000 12.0000 2.0000 
1965 2378 680 -5.4897 -4.0759 -17.2572 -5.7895 -4.1873 -17.4918 0.0300 0.3967 238.0000 23.8000 0.0000 11.9158 2.0000 
2378 2379 680 -5.7895 -4.1873 -17.4918 -5.8382 -4.2066 -17.5274 0.0300 0.0633 238.0000 23.8000 0.0000 12.0000 2.0000 
1966 2380 681 -5.5178 -4.1178 -17.4509 -5.4538 -3.8921 -17.7809 0.0300 0.4048 238.0000 23.8000 0.0000 12.0000 2.0000 
1967 2381 682 -5.5414 -4.1541 -17.6198 -5.4526 -4.4239 -17.8397 0.0300 0.3592 238.0000 23.8000 0.0000 12.0000 2.0000 
1968 2382 683 -5.5779 -4.1964 -17.8075 -5.7525 -4.3197 -17.9251 0.0300 0.2440 238.0000 23.8000 0.0000 12.0000 2.0000 
1969 2383 684 -5.6077 -4.2322 -17.9787 -5.7628 -4.2180 -18.0983 0.0300 0.1963 238.0000 23.8000 0.0000 12.0000 2.0000 
1970 2384 685 -5.6445 -4.2669 -18.1816 -5.8036 -4.3098 -18.2819 0.0300 0.1929 238.0000 23.8000 0.0000 12.0000 2.0000 
1971 2385 686 -5.6813 -4.2934 -18.3934 -5.6316 -4.2796 -18.4766 0.0300 0.0979 238.0000 23.8000 0.0000 12.0000 2.0000 
1972 2386 687 -5.7119 -4.3150 -18.5736 -5.7505 -4.3456 -18.6066 0.0300 0.0593 238.0000 23.8000 0.0000 12.0000 2.0000 
2387 2388 4 0.0000 0.0000 -3.1000 -0.0024 -0.0007 -3.1097 0.0996 0.0100 0.0000 0.0000 205.0000 0.0034 4.0000 
2388 2389 4 -0.0024 -0.0007 -3.1097 -0.0522 -0.0142 -3.3057 0.0996 0.2026 0.0000 0.0000 205.0000 0.0730 4.0000 
2389 2390 4 -0.0522 -0.0142 -3.3057 -0.0967 -0.0284 -3.5008 0.0996 0.2006 0.0000 0.0000 205.0000 0.1420 4.0000 
2390 2391 4 -0.0967 -0.0284 -3.5008 -0.1417 -0.0401 -3.6920 0.0996 0.1969 0.0000 0.0000 205.0000 0.2097 4.0000 
2391 2392 4 -0.1417 -0.0401 -3.6920 -0.1815 -0.0516 -3.8844 0.0996 0.1968 0.0000 0.0000 205.0000 0.2775 4.0000 
2392 2393 4 -0.1815 -0.0516 -3.8844 -0.2202 -0.0605 -4.0715 0.0996 0.1912 0.0000 0.0000 205.0000 0.3434 4.0000 
2393 2394 4 -0.2202 -0.0605 -4.0715 -0.2627 -0.0788 -4.2733 0.0996 0.2071 0.0000 0.0000 205.0000 0.4148 4.0000 
2394 2395 4 -0.2627 -0.0788 -4.2733 -0.3036 -0.1082 -4.4787 0.0996 0.2114 0.0000 0.0000 205.0000 0.4878 4.0000 
2395 2396 4 -0.3036 -0.1082 -4.4787 -0.3434 -0.1467 -4.6730 0.0996 0.2020 0.0000 0.0000 205.0000 0.5576 4.0000 
2396 2397 4 -0.3434 -0.1467 -4.6730 -0.3902 -0.1796 -4.8679 0.0996 0.2032 0.0000 0.0000 205.0000 0.6279 4.0000 
2397 2398 4 -0.3902 -0.1796 -4.8679 -0.4299 -0.2184 -5.0720 0.0996 0.2115 0.0000 0.0000 205.0000 0.7010 4.0000 
2398 2399 4 -0.4299 -0.2184 -5.0720 -0.4807 -0.2552 -5.2826 0.0996 0.2198 0.0000 0.0000 205.0000 0.7771 4.0000 
2399 2400 4 -0.4807 -0.2552 -5.2826 -0.5253 -0.2925 -5.4646 0.0996 0.1911 0.0000 0.0000 205.0000 0.8434 4.0000 
2400 2401 4 -0.5253 -0.2925 -5.4646 -0.5714 -0.3180 -5.6645 0.0996 0.2067 0.0000 0.0000 205.0000 0.9151 4.0000 
2401 2402 4 -0.5714 -0.3180 -5.6645 -0.6260 -0.3398 -5.8624 0.0996 0.2064 0.0000 0.0000 205.0000 0.9868 4.0000 
2402 2403 4 -0.6260 -0.3398 -5.8624 -0.6724 -0.3495 -6.0492 0.0996 0.1928 0.0000 0.0000 205.0000 1.0537 4.0000 
2403 2404 4 -0.6724 -0.3495 -6.0492 -0.7163 -0.3549 -6.2391 0.0996 0.1949 0.0000 0.0000 205.0000 1.1215 4.0000 
2404 2405 4 -0.7163 -0.3549 -6.2391 -0.7518 -0.3424 -6.4260 0.0996 0.1907 0.0000 0.0000 205.0000 1.1879 4.0000 
2405 2406 4 -0.7518 -0.3424 -6.4260 -0.7847 -0.3253 -6.6305 0.0996 0.2078 0.0000 0.0000 205.0000 1.2603 4.0000 
2406 2407 4 -0.7847 -0.3253 -6.6305 -0.8048 -0.2951 -6.8287 0.0996 0.2015 0.0000 0.0000 205.0000 1.3305 4.0000 
2407 2408 4 -0.8048 -0.2951 -6.8287 -0.8222 -0.2652 -7.0216 0.0996 0.1960 0.0000 0.0000 205.0000 1.3989 4.0000 
2408 2409 4 -0.8222 -0.2652 -7.0216 -0.8445 -0.2332 -7.2088 0.0996 0.1912 0.0000 0.0000 205.0000 1.4657 4.0000 
2409 2410 4 -0.8445 -0.2332 -7.2088 -0.8768 -0.1897 -7.4053 0.0996 0.2039 0.0000 0.0000 205.0000 1.5369 4.0000 
2410 2411 4 -0.8768 -0.1897 -7.4053 -0.9065 -0.1480 -7.5815 0.0996 0.1835 0.0000 0.0000 205.0000 1.6011 4.0000 
2411 2412 4 -0.9065 -0.1480 -7.5815 -0.9432 -0.1008 -7.7695 0.0996 0.1973 0.0000 0.0000 205.0000 1.6701 4.0000 
2412 2413 4 -0.9432 -0.1008 -7.7695 -0.9794 -0.0636 -7.9629 0.0996 0.2003 0.0000 0.0000 205.0000 1.7403 4.0000 
2413 2414 4 -0.9794 -0.0636 -7.9629 -1.0126 -0.0268 -8.1416 0.0996 0.1854 0.0000 0.0000 205.0000 1.8053 4.0000 
2414 2415 4 -1.0126 -0.0268 -8.1416 -1.0481 0.0101 -8.3259 0.0996 0.1913 0.0000 0.0000 205.0000 1.8724 4.0000 
2415 2416 4 -1.0481 0.0101 -8.3259 -1.0891 0.0539 -8.5108 0.0996 0.1944 0.0000 0.0000 205.0000 1.9406 4.0000 
2416 2417 4 -1.0891 0.0539 -8.5108 -1.1339 0.1018 -8.7128 0.0996 0.2124 0.0000 0.0000 205.0000 2.0153 4.0000 
2417 2418 4 -1.1339 0.1018 -8.7128 -1.1786 0.1464 -8.9064 0.0996 0.2036 0.0000 0.0000 205.0000 2.0869 4.0000 
2418 2419 4 -1.1786 0.1464 -8.9064 -1.2240 0.1895 -9.0988 0.0996 0.2023 0.0000 0.0000 205.0000 2.1581 4.0000 
2419 2420 4 -1.2240 0.1895 -9.0988 -1.2741 0.2356 -9.2967 0.0996 0.2093 0.0000 0.0000 205.0000 2.2318 4.0000 
2420 2421 4 -1.2741 0.2356 -9.2967 -1.3276 0.2766 -9.4785 0.0996 0.1939 0.0000 0.0000 205.0000 2.3002 4.0000 
2421 2422 4 -1.3276 0.2766 -9.4785 -1.3787 0.3181 -9.6670 0.0996 0.1997 0.0000 0.0000 205.0000 2.3707 4.0000 
2422 2423 4 -1.3787 0.3181 -9.6670 -1.4277 0.3627 -9.8557 0.0996 0.1999 0.0000 0.0000 205.0000 2.4413 4.0000 
2423 2424 4 -1.4277 0.3627 -9.8557 -1.4807 0.4143 -10.0513 0.0996 0.2092 0.0000 0.0000 205.0000 2.5152 4.0000 
2424 2425 4 -1.4807 0.4143 -10.0513 -1.5324 0.4676 -10.2418 0.0996 0.2044 0.0000 0.0000 205.0000 2.5875 4.0000 
2425 2426 4 -1.5324 0.4676 -10.2418 -1.5843 0.5311 -10.4340 0.0996 0.2090 0.0000 0.0000 205.0000 2.6615 4.0000 
2426 2427 4 -1.5843 0.5311 -10.4340 -1.6395 0.6039 -10.6027 0.0996 0.1918 0.0000 0.0000 205.0000 2.7295 4.0000 
2427 2428 4 -1.6395 0.6039 -10.6027 -1.6984 0.6820 -10.7829 0.0996 0.2050 0.0000 0.0000 205.0000 2.8022 4.0000 
2428 2429 4 -1.6984 0.6820 -10.7829 -1.7642 0.7531 -10.9675 0.0996 0.2085 0.0000 0.0000 205.0000 2.8762 4.0000 
2429 2430 4 -1.7642 0.7531 -10.9675 -1.8337 0.8180 -11.1577 0.0996 0.2126 0.0000 0.0000 205.0000 2.9518 4.0000 
2430 2431 4 -1.8337 0.8180 -11.1577 -1.9002 0.8812 -11.3403 0.0996 0.2043 0.0000 0.0000 205.0000 3.0244 4.0000 
2431 2432 4 -1.9002 0.8812 -11.3403 -1.9650 0.9520 -11.5140 0.0996 0.1985 0.0000 0.0000 205.0000 3.0951 4.0000 
2432 2433 4 -1.9650 0.9520 -11.5140 -2.0364 1.0107 -11.6963 0.0996 0.2044 0.0000 0.0000 205.0000 3.1679 4.0000 
2433 2434 4 -2.0364 1.0107 -11.6963 -2.1201 1.0680 -11.8790 0.0996 0.2090 0.0000 0.0000 205.0000 3.2424 4.0000 
2434 2435 4 -2.1201 1.0680 -11.8790 -2.1915 1.1191 -12.0584 0.0996 0.1997 0.0000 0.0000 205.0000 3.3136 4.0000 
2435 2436 4 -2.1915 1.1191 -12.0584 -2.2701 1.1635 -12.2324 0.0996 0.1960 0.0000 0.0000 205.0000 3.3836 4.0000 
2436 2437 4 -2.2701 1.1635 -12.2324 -2.3610 1.2298 -12.4038 0.0996 0.2050 0.0000 0.0000 205.0000 3.4569 4.0000 
2437 2438 4 -2.3610 1.2298 -12.4038 -2.4531 1.2988 -12.5822 0.0996 0.2123 0.0000 0.0000 205.0000 3.5328 4.0000 
2438 2439 4 -2.4531 1.2988 -12.5822 -2.5327 1.3590 -12.7581 0.0996 0.2023 0.0000 0.0000 205.0000 3.6052 4.0000 
2439 2440 4 -2.5327 1.3590 -12.7581 -2.6172 1.4226 -12.9465 0.0996 0.2161 0.0000 0.0000 205.0000 3.6827 4.0000 
2440 2441 4 -2.6172 1.4226 -12.9465 -2.6992 1.4802 -13.1270 0.0996 0.2064 0.0000 0.0000 205.0000 3.7567 4.0000 
2441 2442 4 -2.6992 1.4802 -13.1270 -2.7720 1.5359 -13.2963 0.0996 0.1925 0.0000 0.0000 205.0000 3.8258 4.0000 
2442 2443 4 -2.7720 1.5359 -13.2963 -2.8426 1.5907 -13.4812 0.0996 0.2054 0.0000 0.0000 205.0000 3.8996 4.0000 
2443 2444 4 -2.8426 1.5907 -13.4812 -2.9131 1.6510 -13.6583 0.0996 0.1999 0.0000 0.0000 205.0000 3.9714 4.0000 
2444 2445 4 -2.9131 1.6510 -13.6583 -2.9914 1.7121 -13.8352 0.0996 0.2029 0.0000 0.0000 205.0000 4.0444 4.0000 
2445 2446 4 -2.9914 1.7121 -13.8352 -3.0575 1.7741 -13.9992 0.0996 0.1874 0.0000 0.0000 205.0000 4.1119 4.0000 
2446 2447 4 -3.0575 1.7741 -13.9992 -3.1218 1.8394 -14.1811 0.0996 0.2037 0.0000 0.0000 205.0000 4.1854 4.0000 
2447 2448 4 -3.1218 1.8394 -14.1811 -3.1897 1.9066 -14.3668 0.0996 0.2088 0.0000 0.0000 205.0000 4.2607 4.0000 
2448 2449 4 -3.1897 1.9066 -14.3668 -3.2496 1.9703 -14.5373 0.0996 0.1916 0.0000 0.0000 205.0000 4.3299 4.0000 
2449 2450 4 -3.2496 1.9703 -14.5373 -3.3112 2.0324 -14.7109 0.0996 0.1943 0.0000 0.0000 205.0000 4.4001 4.0000 
2450 2451 4 -3.3112 2.0324 -14.7109 -3.3799 2.0994 -14.8927 0.0996 0.2056 0.0000 0.0000 205.0000 4.4745 4.0000 
2451 2452 4 -3.3799 2.0994 -14.8927 -3.4464 2.1568 -15.0697 0.0996 0.1976 0.0000 0.0000 205.0000 4.5460 4.0000 
2452 2453 4 -3.4464 2.1568 -15.0697 -3.5083 2.2111 -15.2383 0.0996 0.1876 0.0000 0.0000 205.0000 4.6140 4.0000 
2453 2454 4 -3.5083 2.2111 -15.2383 -3.5656 2.2708 -15.4145 0.0996 0.1947 0.0000 0.0000 205.0000 4.6846 4.0000 
2454 2455 4 -3.5656 2.2708 -15.4145 -3.6238 2.3423 -15.6050 0.0996 0.2117 0.0000 0.0000 205.0000 4.7614 4.0000 
2455 2456 4 -3.6238 2.3423 -15.6050 -3.6814 2.4073 -15.7994 0.0996 0.2129 0.0000 0.0000 205.0000 4.8387 4.0000 
2456 2457 4 -3.6814 2.4073 -15.7994 -3.7250 2.4722 -15.9792 0.0996 0.1961 0.0000 0.0000 205.0000 4.9100 4.0000 
2457 2458 4 -3.7250 2.4722 -15.9792 -3.7778 2.5395 -16.1528 0.0996 0.1935 0.0000 0.0000 205.0000 4.9804 4.0000 
2458 2459 4 -3.7778 2.5395 -16.1528 -3.8413 2.6032 -16.3382 0.0996 0.2061 0.0000 0.0000 205.0000 5.0554 4.0000 
2459 2460 4 -3.8413 2.6032 -16.3382 -3.9085 2.6700 -16.5151 0.0996 0.2007 0.0000 0.0000 205.0000 5.1285 4.0000 
2460 2461 4 -3.9085 2.6700 -16.5151 -3.9733 2.7453 -16.6979 0.0996 0.2081 0.0000 0.0000 205.0000 5.2044 4.0000 
2461 2462 4 -3.9733 2.7453 -16.6979 -4.0419 2.8178 -16.8724 0.0996 0.2010 0.0000 0.0000 205.0000 5.2778 4.0000 
2462 2463 4 -4.0419 2.8178 -16.8724 -4.0985 2.8846 -17.0452 0.0996 0.1937 0.0000 0.0000 205.0000 5.3486 4.0000 
2463 2464 4 -4.0985 2.8846 -17.0452 -4.1462 2.9511 -17.2292 0.0996 0.2014 0.0000 0.0000 205.0000 5.4223 4.0000 
2464 2465 4 -4.1462 2.9511 -17.2292 -4.1978 3.0125 -17.4197 0.0996 0.2067 0.0000 0.0000 205.0000 5.4979 4.0000 
2465 2466 4 -4.1978 3.0125 -17.4197 -4.2486 3.0733 -17.6090 0.0996 0.2052 0.0000 0.0000 205.0000 5.5731 4.0000 
2466 2467 4 -4.2486 3.0733 -17.6090 -4.2963 3.1268 -17.7742 0.0996 0.1801 0.0000 0.0000 205.0000 5.6391 4.0000 
2467 2468 4 -4.2963 3.1268 -17.7742 -4.3482 3.1881 -17.9672 0.0996 0.2090 0.0000 0.0000 205.0000 5.7158 4.0000 
2468 2469 4 -4.3482 3.1881 -17.9672 -4.3847 3.2452 -18.1455 0.0996 0.1908 0.0000 0.0000 205.0000 5.7859 4.0000 
2469 2470 4 -4.3847 3.2452 -18.1455 -4.4235 3.3144 -18.3454 0.0996 0.2150 0.0000 0.0000 205.0000 5.8649 4.0000 
2470 2471 4 -4.4235 3.3144 -18.3454 -4.4588 3.3825 -18.5194 0.0996 0.1901 0.0000 0.0000 205.0000 5.9349 4.0000 
2471 2472 4 -4.4588 3.3825 -18.5194 -4.4894 3.4551 -18.7177 0.0996 0.2134 0.0000 0.0000 205.0000 6.0135 4.0000 
2472 2473 4 -4.4894 3.4551 -18.7177 -4.5192 3.5223 -18.9104 0.0996 0.2063 0.0000 0.0000 205.0000 6.0895 4.0000 
2473 2474 4 -4.5192 3.5223 -18.9104 -4.5466 3.5695 -19.0907 0.0996 0.1883 0.0000 0.0000 205.0000 6.1590 4.0000 
2474 2475 4 -4.5466 3.5695 -19.0907 -4.5752 3.6193 -19.2851 0.0996 0.2028 0.0000 0.0000 205.0000 6.2338 4.0000 
2475 2476 4 -4.5752 3.6193 -19.2851 -4.6060 3.6731 -19.4954 0.0996 0.2192 0.0000 0.0000 205.0000 6.3148 4.0000 
2476 2477 4 -4.6060 3.6731 -19.4954 -4.6320 3.7235 -19.7045 0.0996 0.2166 0.0000 0.0000 205.0000 6.3950 4.0000 
2477 2478 4 -4.6320 3.7235 -19.7045 -4.6468 3.7733 -19.9015 0.0996 0.2038 0.0000 0.0000 205.0000 6.4704 4.0000 
2478 2479 4 -4.6468 3.7733 -19.9015 -4.6571 3.8231 -20.0979 0.0996 0.2028 0.0000 0.0000 205.0000 6.5456 4.0000 
2479 2480 4 -4.6571 3.8231 -20.0979 -4.6661 3.8796 -20.2973 0.0996 0.2075 0.0000 0.0000 205.0000 6.6225 4.0000 
2480 2481 4 -4.6661 3.8796 -20.2973 -4.6753 3.9295 -20.4866 0.0996 0.1959 0.0000 0.0000 205.0000 6.6952 4.0000 
2481 2482 4 -4.6753 3.9295 -20.4866 -4.6965 3.9872 -20.6691 0.0996 0.1927 0.0000 0.0000 205.0000 6.7668 4.0000 
2482 2483 4 -4.6965 3.9872 -20.6691 -4.7232 4.0440 -20.8496 0.0996 0.1911 0.0000 0.0000 205.0000 6.8379 4.0000 
2483 2484 4 -4.7232 4.0440 -20.8496 -4.7480 4.1112 -21.0321 0.0996 0.1960 0.0000 0.0000 205.0000 6.9108 4.0000 
2484 2485 4 -4.7480 4.1112 -21.0321 -4.7728 4.1841 -21.2283 0.0996 0.2108 0.0000 0.0000 205.0000 6.9893 4.0000 
2485 2486 4 -4.7728 4.1841 -21.2283 -4.7998 4.2478 -21.4144 0.0996 0.1985 0.0000 0.0000 205.0000 7.0633 4.0000 
2486 2487 4 -4.7998 4.2478 -21.4144 -4.8270 4.3087 -21.5918 0.0996 0.1895 0.0000 0.0000 205.0000 7.1340 4.0000 
2487 2488 4 -4.8270 4.3087 -21.5918 -4.8534 4.3690 -21.7725 0.0996 0.1923 0.0000 0.0000 205.0000 7.2058 4.0000 
2488 2489 4 -4.8534 4.3690 -21.7725 -4.8839 4.4305 -21.9738 0.0996 0.2128 0.0000 0.0000 205.0000 7.2854 4.0000 
2489 2490 4 -4.8839 4.4305 -21.9738 -4.9163 4.4937 -22.1804 0.0996 0.2184 0.0000 0.0000 205.0000 7.3671 4.0000 
2490 2491 4 -4.9163 4.4937 -22.1804 -4.9368 4.5508 -22.3527 0.0996 0.1827 0.0000 0.0000 205.0000 7.4355 4.0000 
2491 2492 4 -4.9368 4.5508 -22.3527 -4.9518 4.6145 -22.5503 0.0996 0.2081 0.0000 0.0000 205.0000 7.5135 4.0000 
2492 2493 4 -4.9518 4.6145 -22.5503 -4.9787 4.6736 -22.7196 0.0996 0.1814 0.0000 0.0000 205.0000 7.5815 4.0000 
2493 2494 4 -4.9787 4.6736 -22.7196 -5.0098 4.7402 -22.9107 0.0996 0.2047 0.0000 0.0000 205.0000 7.6584 4.0000 
2494 2495 4 -5.0098 4.7402 -22.9107 -5.0402 4.8095 -23.0950 0.0996 0.1993 0.0000 0.0000 205.0000 7.7332 4.0000 
2495 2496 4 -5.0402 4.8095 -23.0950 -5.0697 4.8774 -23.2751 0.0996 0.1947 0.0000 0.0000 205.0000 7.8065 4.0000 
2496 2497 4 -5.0697 4.8774 -23.2751 -5.0997 4.9537 -23.4632 0.0996 0.2052 0.0000 0.0000 205.0000 7.8837 4.0000 
2497 2498 4 -5.0997 4.9537 -23.4632 -5.1166 5.0311 -23.6442 0.0996 0.1976 0.0000 0.0000 205.0000 7.9581 4.0000 
2498 2499 4 -5.1166 5.0311 -23.6442 -5.1291 5.1079 -23.8318 0.0996 0.2030 0.0000 0.0000 205.0000 8.0347 4.0000 
2499 2500 4 -5.1291 5.1079 -23.8318 -5.1416 5.1863 -24.0237 0.0996 0.2077 0.0000 0.0000 205.0000 8.1130 4.0000 
2500 2501 4 -5.1416 5.1863 -24.0237 -5.1519 5.2559 -24.1953 0.0996 0.1855 0.0000 0.0000 205.0000 8.1831 4.0000 
2501 2502 4 -5.1519 5.2559 -24.1953 -5.1519 5.3231 -24.3779 0.0996 0.1946 0.0000 0.0000 205.0000 8.2567 4.0000 
2502 2503 4 -5.1519 5.3231 -24.3779 -5.1572 5.3850 -24.5432 0.0996 0.1766 0.0000 0.0000 205.0000 8.3235 4.0000 
2503 2504 4 -5.1572 5.3850 -24.5432 -5.1626 5.4644 -24.7279 0.0996 0.2011 0.0000 0.0000 205.0000 8.3996 4.0000 
2504 2505 4 -5.1626 5.4644 -24.7279 -5.1712 5.5396 -24.9031 0.0996 0.1909 0.0000 0.0000 205.0000 8.4720 4.0000 
2505 2506 4 -5.1712 5.5396 -24.9031 -5.1861 5.6095 -25.0755 0.0996 0.1866 0.0000 0.0000 205.0000 8.5428 4.0000 
2506 2507 4 -5.1861 5.6095 -25.0755 -5.2063 5.6730 -25.2630 0.0996 0.1990 0.0000 0.0000 205.0000 8.6183 4.0000 
2507 2508 4 -5.2063 5.6730 -25.2630 -5.2338 5.7295 -25.4494 0.0996 0.1967 0.0000 0.0000 205.0000 8.6930 4.0000 
2508 2509 4 -5.2338 5.7295 -25.4494 -5.2640 5.7868 -25.6473 0.0996 0.2082 0.0000 0.0000 205.0000 8.7722 4.0000 
2509 2510 4 -5.2640 5.7868 -25.6473 -5.2945 5.8461 -25.8504 0.0996 0.2138 0.0000 0.0000 205.0000 8.8536 4.0000 
2510 2511 4 -5.2945 5.8461 -25.8504 -5.3256 5.8977 -26.0380 0.0996 0.1971 0.0000 0.0000 205.0000 8.9287 4.0000 
2511 2512 4 -5.3256 5.8977 -26.0380 -5.3578 5.9514 -26.2315 0.0996 0.2033 0.0000 0.0000 205.0000 9.0062 4.0000 
2512 2513 4 -5.3578 5.9514 -26.2315 -5.3859 6.0051 -26.4326 0.0996 0.2100 0.0000 0.0000 205.0000 9.0864 4.0000 
2513 2514 4 -5.3859 6.0051 -26.4326 -5.4149 6.0627 -26.6307 0.0996 0.2083 0.0000 0.0000 205.0000 9.1660 4.0000 
2514 2515 4 -5.4149 6.0627 -26.6307 -5.4455 6.1181 -26.8291 0.0996 0.2083 0.0000 0.0000 205.0000 9.2457 4.0000 
2515 2516 4 -5.4455 6.1181 -26.8291 -5.4770 6.1690 -27.0248 0.0996 0.2047 0.0000 0.0000 205.0000 9.3240 4.0000 
2516 2517 4 -5.4770 6.1690 -27.0248 -5.4985 6.2253 -27.2296 0.0996 0.2135 0.0000 0.0000 205.0000 9.4058 4.0000 
2517 2518 4 -5.4985 6.2253 -27.2296 -5.5297 6.2776 -27.4133 0.0996 0.1935 0.0000 0.0000 205.0000 9.4800 4.0000 
2518 2519 4 -5.5297 6.2776 -27.4133 -5.5621 6.3302 -27.5895 0.0996 0.1868 0.0000 0.0000 205.0000 9.5517 4.0000 
2519 2520 4 -5.5621 6.3302 -27.5895 -5.5970 6.3875 -27.7795 0.0996 0.2015 0.0000 0.0000 205.0000 9.6291 4.0000 
2520 2521 4 -5.5970 6.3875 -27.7795 -5.6349 6.4643 -27.9664 0.0996 0.2056 0.0000 0.0000 205.0000 9.7082 4.0000 
2521 2522 4 -5.6349 6.4643 -27.9664 -5.6672 6.5301 -28.1361 0.0996 0.1849 0.0000 0.0000 205.0000 9.7793 4.0000 
2522 2523 4 -5.6672 6.5301 -28.1361 -5.6955 6.5973 -28.3245 0.0996 0.2020 0.0000 0.0000 205.0000 9.8571 4.0000 
2523 2524 4 -5.6955 6.5973 -28.3245 -5.7236 6.6599 -28.5001 0.0996 0.1885 0.0000 0.0000 205.0000 9.9298 4.0000 
2524 2525 4 -5.7236 6.6599 -28.5001 -5.7605 6.7325 -28.7002 0.0996 0.2161 0.0000 0.0000 205.0000 10.0132 4.0000 
2525 2526 4 -5.7605 6.7325 -28.7002 -5.7960 6.8014 -28.8889 0.0996 0.2040 0.0000 0.0000 205.0000 10.0919 4.0000 
2526 2527 4 -5.7960 6.8014 -28.8889 -5.8342 6.8718 -29.0702 0.0996 0.1982 0.0000 0.0000 205.0000 10.1686 4.0000 
2527 2528 4 -5.8342 6.8718 -29.0702 -5.8751 6.9428 -29.2480 0.0996 0.1958 0.0000 0.0000 205.0000 10.2443 4.0000 
2528 2529 4 -5.8751 6.9428 -29.2480 -5.9219 7.0180 -29.4424 0.0996 0.2136 0.0000 0.0000 205.0000 10.3271 4.0000 
2529 2530 4 -5.9219 7.0180 -29.4424 -5.9686 7.0869 -29.6316 0.0996 0.2067 0.0000 0.0000 205.0000 10.4072 4.0000 
2530 2531 4 -5.9686 7.0869 -29.6316 -6.0103 7.1476 -29.8034 0.0996 0.1870 0.0000 0.0000 205.0000 10.4797 4.0000 
2531 2532 4 -6.0103 7.1476 -29.8034 -6.0463 7.2048 -29.9736 0.0996 0.1831 0.0000 0.0000 205.0000 10.5508 4.0000 
2532 2533 4 -6.0463 7.2048 -29.9736 -6.0874 7.2582 -30.1697 0.0996 0.2074 0.0000 0.0000 205.0000 10.6314 4.0000 
2533 2534 4 -6.0874 7.2582 -30.1697 -6.1306 7.3091 -30.3583 0.0996 0.2001 0.0000 0.0000 205.0000 10.7093 4.0000 
2534 2535 4 -6.1306 7.3091 -30.3583 -6.1675 7.3484 -30.5349 0.0996 0.1846 0.0000 0.0000 205.0000 10.7812 4.0000 
2535 2536 4 -6.1675 7.3484 -30.5349 -6.2065 7.3921 -30.7333 0.0996 0.2069 0.0000 0.0000 205.0000 10.8618 4.0000 
2536 2537 4 -6.2065 7.3921 -30.7333 -6.2431 7.4318 -30.9372 0.0996 0.2109 0.0000 0.0000 205.0000 10.9441 4.0000 
2537 2538 4 -6.2431 7.4318 -30.9372 -6.2831 7.4698 -31.1118 0.0996 0.1830 0.0000 0.0000 205.0000 11.0155 4.0000 
2538 2539 4 -6.2831 7.4698 -31.1118 -6.3352 7.5174 -31.2925 0.0996 0.1940 0.0000 0.0000 205.0000 11.0914 4.0000 
2539 2540 4 -6.3352 7.5174 -31.2925 -6.3841 7.5658 -31.4737 0.0996 0.1938 0.0000 0.0000 205.0000 11.1672 4.0000 
2540 2541 4 -6.3841 7.5658 -31.4737 -6.4320 7.6114 -31.6535 0.0996 0.1916 0.0000 0.0000 205.0000 11.2422 4.0000 
2541 2542 4 -6.4320 7.6114 -31.6535 -6.4799 7.6640 -31.8503 0.0996 0.2093 0.0000 0.0000 205.0000 11.3242 4.0000 
2542 2543 4 -6.4799 7.6640 -31.8503 -6.5260 7.7145 -32.0389 0.0996 0.2006 0.0000 0.0000 205.0000 11.4029 4.0000 
2543 2544 4 -6.5260 7.7145 -32.0389 -6.5724 7.7668 -32.2290 0.0996 0.2025 0.0000 0.0000 205.0000 11.4824 4.0000 
2544 2545 4 -6.5724 7.7668 -32.2290 -6.6164 7.8148 -32.4271 0.0996 0.2086 0.0000 0.0000 205.0000 11.5643 4.0000 
2545 2546 4 -6.6164 7.8148 -32.4271 -6.6541 7.8712 -32.6469 0.0996 0.2300 0.0000 0.0000 205.0000 11.6548 4.0000 
2546 2547 4 -6.6541 7.8712 -32.6469 -6.6879 7.9198 -32.8360 0.0996 0.1981 0.0000 0.0000 205.0000 11.7328 4.0000 
2547 2548 4 -6.6879 7.9198 -32.8360 -6.7213 7.9711 -33.0346 0.0996 0.2079 0.0000 0.0000 205.0000 11.8148 4.0000 
2548 2549 4 -6.7213 7.9711 -33.0346 -6.7550 8.0243 -33.2371 0.0996 0.2120 0.0000 0.0000 205.0000 11.8984 4.0000 
2549 2550 4 -6.7550 8.0243 -33.2371 -6.7869 8.0522 -33.4349 0.0996 0.2022 0.0000 0.0000 205.0000 11.9783 4.0000 
2550 2551 4 -6.7869 8.0522 -33.4349 -6.7957 8.0597 -33.4887 0.0996 0.0550 0.0000 0.0000 205.0000 12.0000 4.0000 
2388 2552 778 -0.0024 -0.0007 -3.1097 -0.3550 -0.1792 -3.3509 0.0300 0.4629 238.0000 23.8000 0.0000 6.9672 2.0000 
2552 2553 778 -0.3550 -0.1792 -3.3509 -0.6816 -0.3471 -3.5758 0.0300 0.4307 238.0000 23.8000 0.0000 7.5565 2.0000 
2553 2554 778 -0.6816 -0.3471 -3.5758 -1.1226 -0.5771 -3.8836 0.0300 0.5849 238.0000 23.8000 0.0000 8.5849 2.0000 
2554 2555 778 -1.1226 -0.5771 -3.8836 -1.5358 -0.7933 -4.1602 0.0300 0.5422 238.0000 23.8000 0.0000 9.9722 2.0000 
2555 2556 778 -1.5358 -0.7933 -4.1602 -1.8914 -0.9548 -4.4184 0.0300 0.4681 238.0000 23.8000 0.0000 12.0000 2.0000 
2389 2557 779 -0.0522 -0.0142 -3.3057 0.1406 0.1179 -3.7311 0.0300 0.4854 238.0000 23.8000 0.0000 7.1813 2.0000 
2557 2558 779 0.1406 0.1179 -3.7311 0.3032 0.2412 -4.1367 0.0300 0.4541 238.0000 23.8000 0.0000 7.9499 2.0000 
2558 2559 779 0.3032 0.2412 -4.1367 0.4423 0.3511 -4.4968 0.0300 0.4013 238.0000 23.8000 0.0000 8.8040 2.0000 
2559 2560 779 0.4423 0.3511 -4.4968 0.6456 0.4930 -4.8829 0.0300 0.4589 238.0000 23.8000 0.0000 10.1284 2.0000 
2560 2561 779 0.6456 0.4930 -4.8829 0.8279 0.6215 -5.2329 0.0300 0.4151 238.0000 23.8000 0.0000 12.0000 2.0000 
2390 2562 780 -0.0967 -0.0284 -3.5008 -0.2221 -0.3771 -3.8039 0.0300 0.4788 238.0000 23.8000 0.0000 7.2150 2.0000 
2562 2563 780 -0.2221 -0.3771 -3.8039 -0.3366 -0.6812 -4.0783 0.0300 0.4253 238.0000 23.8000 0.0000 7.8982 2.0000 
2563 2564 780 -0.3366 -0.6812 -4.0783 -0.4923 -1.0467 -4.4112 0.0300 0.5183 238.0000 23.8000 0.0000 8.9856 2.0000 
2564 2565 780 -0.4923 -1.0467 -4.4112 -0.6338 -1.3463 -4.6914 0.0300 0.4340 238.0000 23.8000 0.0000 10.2941 2.0000 
2565 2566 780 -0.6338 -1.3463 -4.6914 -0.7511 -1.5968 -4.9204 0.0300 0.3591 238.0000 23.8000 0.0000 12.0000 2.0000 
2391 2567 781 -0.1417 -0.0401 -3.6920 -0.3145 0.2233 -3.9967 0.0300 0.4384 238.0000 23.8000 0.0000 7.2717 2.0000 
2567 2568 781 -0.3145 0.2233 -3.9967 -0.5379 0.5495 -4.3661 0.0300 0.5410 238.0000 23.8000 0.0000 8.2160 2.0000 
2568 2569 781 -0.5379 0.5495 -4.3661 -0.6736 0.7747 -4.6185 0.0300 0.3644 238.0000 23.8000 0.0000 9.0352 2.0000 
2569 2570 781 -0.6736 0.7747 -4.6185 -0.8599 1.0285 -4.9111 0.0300 0.4298 238.0000 23.8000 0.0000 10.3392 2.0000 
2570 2571 781 -0.8599 1.0285 -4.9111 -1.0099 1.2503 -5.1512 0.0300 0.3597 238.0000 23.8000 0.0000 12.0000 2.0000 
2392 2572 782 -0.1815 -0.0516 -3.8844 -0.0153 0.1034 -4.2387 0.0300 0.4210 238.0000 23.8000 0.0000 7.3228 2.0000 
2572 2573 782 -0.0153 0.1034 -4.2387 0.1633 0.2879 -4.6407 0.0300 0.4769 238.0000 23.8000 0.0000 8.1317 2.0000 
2573 2574 782 0.1633 0.2879 -4.6407 0.3929 0.4952 -5.1122 0.0300 0.5640 238.0000 23.8000 0.0000 9.3932 2.0000 
2574 2575 782 0.3929 0.4952 -5.1122 0.6158 0.7105 -5.5595 0.0300 0.5441 238.0000 23.8000 0.0000 11.2333 2.0000 
2575 2576 782 0.6158 0.7105 -5.5595 0.6848 0.7721 -5.6877 0.0300 0.1581 238.0000 23.8000 0.0000 12.0000 2.0000 
2393 2577 783 -0.2202 -0.0605 -4.0715 -0.5200 0.1861 -4.3804 0.0300 0.4961 238.0000 23.8000 0.0000 7.5519 2.0000 
2577 2578 783 -0.5200 0.1861 -4.3804 -0.8307 0.4892 -4.6613 0.0300 0.5169 238.0000 23.8000 0.0000 8.5118 2.0000 
2578 2579 783 -0.8307 0.4892 -4.6613 -1.1567 0.8030 -4.9152 0.0300 0.5189 238.0000 23.8000 0.0000 9.7707 2.0000 
2579 2580 783 -1.1567 0.8030 -4.9152 -1.4812 1.1166 -5.1699 0.0300 0.5183 238.0000 23.8000 0.0000 11.5890 2.0000 
2580 2581 783 -1.4812 1.1166 -5.1699 -1.5351 1.1695 -5.2165 0.0300 0.0887 238.0000 23.8000 0.0000 12.0000 2.0000 
2394 2582 784 -0.2627 -0.0788 -4.2733 -0.6738 -0.2622 -4.5850 0.0300 0.5475 238.0000 23.8000 0.0000 7.5769 2.0000 
2582 2583 784 -0.6738 -0.2622 -4.5850 -1.0426 -0.4151 -4.8372 0.0300 0.4722 238.0000 23.8000 0.0000 8.3276 2.0000 
2583 2584 784 -1.0426 -0.4151 -4.8372 -1.3492 -0.5278 -5.0678 0.0300 0.3999 238.0000 23.8000 0.0000 9.1342 2.0000 
2584 2585 784 -1.3492 -0.5278 -5.0678 -1.7124 -0.6812 -5.3096 0.0300 0.4624 238.0000 23.8000 0.0000 10.4126 2.0000 
2585 2586 784 -1.7124 -0.6812 -5.3096 -2.0069 -0.7915 -5.5075 0.0300 0.3716 238.0000 23.8000 0.0000 12.0000 2.0000 
2395 2587 785 -0.3036 -0.1082 -4.4787 -0.4111 0.1950 -4.8365 0.0300 0.4812 238.0000 23.8000 0.0000 7.5848 2.0000 
2587 2588 785 -0.4111 0.1950 -4.8365 -0.4814 0.5849 -5.1814 0.0300 0.5253 238.0000 23.8000 0.0000 8.4363 2.0000 
2588 2589 785 -0.4814 0.5849 -5.1814 -0.5523 0.9413 -5.5091 0.0300 0.4893 238.0000 23.8000 0.0000 9.4875 2.0000 
2589 2590 785 -0.5523 0.9413 -5.5091 -0.6193 1.2648 -5.7772 0.0300 0.4255 238.0000 23.8000 0.0000 10.7807 2.0000 
2590 2591 785 -0.6193 1.2648 -5.7772 -0.6685 1.4674 -5.9578 0.0300 0.2758 238.0000 23.8000 0.0000 12.0000 2.0000 
2396 2592 786 -0.3434 -0.1467 -4.6730 -0.2546 0.0888 -5.1167 0.0300 0.5102 238.0000 23.8000 0.0000 7.6446 2.0000 
2592 2593 786 -0.2546 0.0888 -5.1167 -0.1258 0.3039 -5.5644 0.0300 0.5131 238.0000 23.8000 0.0000 8.4175 2.0000 
2593 2594 786 -0.1258 0.3039 -5.5644 0.0009 0.5158 -5.9976 0.0300 0.4986 238.0000 23.8000 0.0000 9.4252 2.0000 
2594 2595 786 0.0009 0.5158 -5.9976 0.0825 0.7080 -6.3415 0.0300 0.4023 238.0000 23.8000 0.0000 10.5899 2.0000 
2595 2596 786 0.0825 0.7080 -6.3415 0.1383 0.8563 -6.6177 0.0300 0.3185 238.0000 23.8000 0.0000 12.0000 2.0000 
2397 2597 787 -0.3902 -0.1796 -4.8679 -0.8184 0.0111 -5.2533 0.0300 0.6068 238.0000 23.8000 0.0000 7.9409 2.0000 
2597 2598 787 -0.8184 0.0111 -5.2533 -1.1849 0.1751 -5.5419 0.0300 0.4945 238.0000 23.8000 0.0000 8.8065 2.0000 
2598 2599 787 -1.1849 0.1751 -5.5419 -1.4670 0.2749 -5.8112 0.0300 0.4026 238.0000 23.8000 0.0000 9.7165 2.0000 
2599 2600 787 -1.4670 0.2749 -5.8112 -1.7723 0.4217 -6.1212 0.0300 0.4592 238.0000 23.8000 0.0000 11.1689 2.0000 
2600 2601 787 -1.7723 0.4217 -6.1212 -1.8980 0.4825 -6.2473 0.0300 0.1881 238.0000 23.8000 0.0000 12.0000 2.0000 
2398 2602 788 -0.4299 -0.2184 -5.0720 -0.4178 -0.5574 -5.3670 0.0300 0.4496 238.0000 23.8000 0.0000 7.8032 2.0000 
2602 2603 788 -0.4178 -0.5574 -5.3670 -0.4176 -0.9039 -5.6467 0.0300 0.4453 238.0000 23.8000 0.0000 8.5407 2.0000 
2603 2604 788 -0.4176 -0.9039 -5.6467 -0.3710 -1.3387 -5.9621 0.0300 0.5392 238.0000 23.8000 0.0000 9.7071 2.0000 
2604 2605 788 -0.3710 -1.3387 -5.9621 -0.3384 -1.6885 -6.1992 0.0300 0.4238 238.0000 23.8000 0.0000 11.0058 2.0000 
2605 2606 788 -0.3384 -1.6885 -6.1992 -0.3253 -1.8861 -6.3237 0.0300 0.2339 238.0000 23.8000 0.0000 12.0000 2.0000 
2399 2607 789 -0.4807 -0.2552 -5.2826 -0.9407 -0.3595 -5.5933 0.0300 0.5648 238.0000 23.8000 0.0000 7.9859 2.0000 
2607 2608 789 -0.9407 -0.3595 -5.5933 -1.3296 -0.4354 -5.8350 0.0300 0.4641 238.0000 23.8000 0.0000 8.7110 2.0000 
2608 2609 789 -1.3296 -0.4354 -5.8350 -1.6653 -0.5313 -6.0931 0.0300 0.4342 238.0000 23.8000 0.0000 9.5639 2.0000 
2609 2610 789 -1.6653 -0.5313 -6.0931 -2.0912 -0.6579 -6.3815 0.0300 0.5297 238.0000 23.8000 0.0000 11.0108 2.0000 
2610 2611 789 -2.0912 -0.6579 -6.3815 -2.3052 -0.7107 -6.5059 0.0300 0.2531 238.0000 23.8000 0.0000 12.0000 2.0000 
2400 2612 790 -0.5253 -0.2925 -5.4646 -0.2746 -0.5321 -5.8582 0.0300 0.5246 238.0000 23.8000 0.0000 8.0714 2.0000 
2612 2613 790 -0.2746 -0.5321 -5.8582 -0.0645 -0.7396 -6.1973 0.0300 0.4496 238.0000 23.8000 0.0000 8.8380 2.0000 
2613 2614 790 -0.0645 -0.7396 -6.1973 0.1684 -0.9720 -6.5535 0.0300 0.4848 238.0000 23.8000 0.0000 9.8963 2.0000 
2614 2615 790 0.1684 -0.9720 -6.5535 0.4091 -1.1928 -6.9415 0.0300 0.5072 238.0000 23.8000 0.0000 11.4750 2.0000 
2615 2616 790 0.4091 -1.1928 -6.9415 0.4696 -1.2475 -7.0372 0.0300 0.1258 238.0000 23.8000 0.0000 12.0000 2.0000 
2401 2617 791 -0.5714 -0.3180 -5.6645 -0.3217 -0.5172 -6.0929 0.0300 0.5343 238.0000 23.8000 0.0000 8.0197 2.0000 
2617 2618 791 -0.3217 -0.5172 -6.0929 -0.0994 -0.6860 -6.4629 0.0300 0.4635 238.0000 23.8000 0.0000 8.6557 2.0000 
2618 2619 791 -0.0994 -0.6860 -6.4629 0.1556 -0.8785 -6.8844 0.0300 0.5289 238.0000 23.8000 0.0000 9.5885 2.0000 
2619 2620 791 0.1556 -0.8785 -6.8844 0.4118 -1.0510 -7.3203 0.0300 0.5343 238.0000 23.8000 0.0000 10.9464 2.0000 
2620 2621 791 0.4118 -1.0510 -7.3203 0.5359 -1.1308 -7.5584 0.0300 0.2801 238.0000 23.8000 0.0000 12.0000 2.0000 
2402 2622 792 -0.6260 -0.3398 -5.8624 -0.8309 -0.7172 -6.1324 0.0300 0.5072 238.0000 23.8000 0.0000 8.1120 2.0000 
2622 2623 792 -0.8309 -0.7172 -6.1324 -1.0493 -1.0590 -6.3734 0.0300 0.4718 238.0000 23.8000 0.0000 8.8112 2.0000 
2623 2624 792 -1.0493 -1.0590 -6.3734 -1.2649 -1.3992 -6.6094 0.0300 0.4668 238.0000 23.8000 0.0000 9.6899 2.0000 
2624 2625 792 -1.2649 -1.3992 -6.6094 -1.4561 -1.7394 -6.8792 0.0300 0.4745 238.0000 23.8000 0.0000 10.9169 2.0000 
2625 2626 792 -1.4561 -1.7394 -6.8792 -1.5889 -1.9500 -7.0361 0.0300 0.2943 238.0000 23.8000 0.0000 12.0000 2.0000 
2403 2627 793 -0.6724 -0.3495 -6.0492 -0.9107 -0.0007 -6.4676 0.0300 0.5946 238.0000 23.8000 0.0000 8.4385 2.0000 
2627 2628 793 -0.9107 -0.0007 -6.4676 -1.1097 0.2845 -6.7993 0.0300 0.4805 238.0000 23.8000 0.0000 9.3218 2.0000 
2628 2629 793 -1.1097 0.2845 -6.7993 -1.2993 0.5548 -7.1174 0.0300 0.4585 238.0000 23.8000 0.0000 10.4104 2.0000 
2629 2630 793 -1.2993 0.5548 -7.1174 -1.4831 0.8045 -7.4054 0.0300 0.4232 238.0000 23.8000 0.0000 11.7941 2.0000 
2630 2631 793 -1.4831 0.8045 -7.4054 -1.5052 0.8345 -7.4401 0.0300 0.0509 238.0000 23.8000 0.0000 12.0000 2.0000 
2404 2632 794 -0.7163 -0.3549 -6.2391 -1.0847 -0.3509 -6.4619 0.0300 0.4306 238.0000 23.8000 0.0000 8.2121 2.0000 
2632 2633 794 -1.0847 -0.3509 -6.4619 -1.5008 -0.3444 -6.7004 0.0300 0.4796 238.0000 23.8000 0.0000 8.9889 2.0000 
2633 2634 794 -1.5008 -0.3444 -6.7004 -1.8899 -0.3549 -6.9021 0.0300 0.4384 238.0000 23.8000 0.0000 9.9032 2.0000 
2634 2635 794 -1.8899 -0.3549 -6.9021 -2.3020 -0.3688 -7.1183 0.0300 0.4656 238.0000 23.8000 0.0000 11.2648 2.0000 
2635 2636 794 -2.3020 -0.3688 -7.1183 -2.4664 -0.3757 -7.1978 0.0300 0.1826 238.0000 23.8000 0.0000 12.0000 2.0000 
2405 2637 795 -0.7518 -0.3424 -6.4260 -0.6522 -0.0641 -6.7690 0.0300 0.4528 238.0000 23.8000 0.0000 8.3682 2.0000 
2637 2638 795 -0.6522 -0.0641 -6.7690 -0.5377 0.2394 -7.1446 0.0300 0.4963 238.0000 23.8000 0.0000 9.2528 2.0000 
2638 2639 795 -0.5377 0.2394 -7.1446 -0.4248 0.4998 -7.4920 0.0300 0.4485 238.0000 23.8000 0.0000 10.2916 2.0000 
2639 2640 795 -0.4248 0.4998 -7.4920 -0.3264 0.7491 -7.8396 0.0300 0.4390 238.0000 23.8000 0.0000 11.7097 2.0000 
2640 2641 795 -0.3264 0.7491 -7.8396 -0.3109 0.7876 -7.8969 0.0300 0.0707 238.0000 23.8000 0.0000 12.0000 2.0000 
2406 2642 796 -0.7847 -0.3253 -6.6305 -1.1782 -0.4182 -6.9552 0.0300 0.5186 238.0000 23.8000 0.0000 8.5720 2.0000 
2642 2643 796 -1.1782 -0.4182 -6.9552 -1.5349 -0.4993 -7.2264 0.0300 0.4554 238.0000 23.8000 0.0000 9.4068 2.0000 
2643 2644 796 -1.5349 -0.4993 -7.2264 -1.8827 -0.5798 -7.4977 0.0300 0.4484 238.0000 23.8000 0.0000 10.4393 2.0000 
2644 2645 796 -1.8827 -0.5798 -7.4977 -2.2643 -0.6680 -7.7949 0.0300 0.4916 238.0000 23.8000 0.0000 11.9866 2.0000 
2645 2646 796 -2.2643 -0.6680 -7.7949 -2.2670 -0.6686 -7.7970 0.0300 0.0035 238.0000 23.8000 0.0000 12.0000 2.0000 
2407 2647 797 -0.8048 -0.2951 -6.8287 -0.5722 -0.0219 -7.1647 0.0300 0.4915 238.0000 23.8000 0.0000 8.5174 2.0000 
2647 2648 797 -0.5722 -0.0219 -7.1647 -0.3726 0.3005 -7.4690 0.0300 0.4862 238.0000 23.8000 0.0000 9.3011 2.0000 
2648 2649 797 -0.3726 0.3005 -7.4690 -0.1917 0.6079 -7.7644 0.0300 0.4632 238.0000 23.8000 0.0000 10.2490 2.0000 
2649 2650 797 -0.1917 0.6079 -7.7644 0.0656 0.9238 -8.0825 0.0300 0.5168 238.0000 23.8000 0.0000 11.7221 2.0000 
2650 2651 797 0.0656 0.9238 -8.0825 0.1029 0.9708 -8.1290 0.0300 0.0760 238.0000 23.8000 0.0000 12.0000 2.0000 
2408 2652 798 -0.8222 -0.2652 -7.0216 -0.5774 0.0375 -7.3321 0.0300 0.4979 238.0000 23.8000 0.0000 8.6289 2.0000 
2652 2653 798 -0.5774 0.0375 -7.3321 -0.3434 0.3502 -7.6498 0.0300 0.5035 238.0000 23.8000 0.0000 9.4905 2.0000 
2653 2654 798 -0.3434 0.3502 -7.6498 -0.1320 0.6309 -7.9327 0.0300 0.4511 238.0000 23.8000 0.0000 10.4892 2.0000 
2654 2655 798 -0.1320 0.6309 -7.9327 0.0607 0.8916 -8.2007 0.0300 0.4206 238.0000 23.8000 0.0000 11.7634 2.0000 
2655 2656 798 0.0607 0.8916 -8.2007 0.0894 0.9304 -8.2411 0.0300 0.0630 238.0000 23.8000 0.0000 12.0000 2.0000 
2409 2657 799 -0.8445 -0.2332 -7.2088 -0.6346 -0.3879 -7.6027 0.0300 0.4724 238.0000 23.8000 0.0000 8.7423 2.0000 
2657 2658 799 -0.6346 -0.3879 -7.6027 -0.4004 -0.5551 -8.0501 0.0300 0.5319 238.0000 23.8000 0.0000 9.7506 2.0000 
2658 2659 799 -0.4004 -0.5551 -8.0501 -0.1948 -0.6983 -8.4502 0.0300 0.4721 238.0000 23.8000 0.0000 10.9082 2.0000 
2659 2660 799 -0.1948 -0.6983 -8.4502 -0.0414 -0.8040 -8.7353 0.0300 0.3406 238.0000 23.8000 0.0000 12.0000 2.0000 
2410 2661 800 -0.8768 -0.1897 -7.4053 -0.6812 -0.3155 -7.8663 0.0300 0.5163 238.0000 23.8000 0.0000 8.8657 2.0000 
2661 2662 800 -0.6812 -0.3155 -7.8663 -0.5223 -0.4356 -8.2295 0.0300 0.4143 238.0000 23.8000 0.0000 9.6194 2.0000 
2662 2663 800 -0.5223 -0.4356 -8.2295 -0.3285 -0.5792 -8.6583 0.0300 0.4919 238.0000 23.8000 0.0000 10.7506 2.0000 
2663 2664 800 -0.3285 -0.5792 -8.6583 -0.1799 -0.6730 -9.0216 0.0300 0.4035 238.0000 23.8000 0.0000 12.0000 2.0000 
2411 2665 801 -0.9065 -0.1480 -7.5815 -1.0422 -0.3849 -8.0010 0.0300 0.5006 238.0000 23.8000 0.0000 8.8626 2.0000 
2665 2666 801 -1.0422 -0.3849 -8.0010 -1.1817 -0.6038 -8.3818 0.0300 0.4609 238.0000 23.8000 0.0000 9.6560 2.0000 
2666 2667 801 -1.1817 -0.6038 -8.3818 -1.3380 -0.8599 -8.8368 0.0300 0.5449 238.0000 23.8000 0.0000 10.8891 2.0000 
2667 2668 801 -1.3380 -0.8599 -8.8368 -1.4208 -1.0297 -9.1390 0.0300 0.3564 238.0000 23.8000 0.0000 12.0000 2.0000 
2412 2669 802 -0.9432 -0.1008 -7.7695 -1.3911 0.0707 -8.0503 0.0300 0.5558 238.0000 23.8000 0.0000 8.9969 2.0000 
2669 2670 802 -1.3911 0.0707 -8.0503 -1.7629 0.2196 -8.2905 0.0300 0.4671 238.0000 23.8000 0.0000 9.7948 2.0000 
2670 2671 802 -1.7629 0.2196 -8.2905 -2.0960 0.3553 -8.5171 0.0300 0.4251 238.0000 23.8000 0.0000 10.7187 2.0000 
2671 2672 802 -2.0960 0.3553 -8.5171 -2.4410 0.4981 -8.7378 0.0300 0.4337 238.0000 23.8000 0.0000 12.0000 2.0000 
2413 2673 803 -0.9794 -0.0636 -7.9629 -1.3112 -0.1132 -8.2572 0.0300 0.4463 238.0000 23.8000 0.0000 8.9104 2.0000 
2673 2674 803 -1.3112 -0.1132 -8.2572 -1.6063 -0.1605 -8.5108 0.0300 0.3920 238.0000 23.8000 0.0000 9.5412 2.0000 
2674 2675 803 -1.6063 -0.1605 -8.5108 -1.9945 -0.2157 -8.8507 0.0300 0.5189 238.0000 23.8000 0.0000 10.6069 2.0000 
2675 2676 803 -1.9945 -0.2157 -8.8507 -2.3494 -0.2506 -9.1658 0.0300 0.4759 238.0000 23.8000 0.0000 12.0000 2.0000 
2414 2677 804 -1.0126 -0.0268 -8.1416 -1.1988 -0.2560 -8.4735 0.0300 0.4443 238.0000 23.8000 0.0000 8.8986 2.0000 
2677 2678 804 -1.1988 -0.2560 -8.4735 -1.4107 -0.5010 -8.8529 0.0300 0.4989 238.0000 23.8000 0.0000 9.5985 2.0000 
2678 2679 804 -1.4107 -0.5010 -8.8529 -1.6447 -0.7669 -9.2622 0.0300 0.5412 238.0000 23.8000 0.0000 10.5764 2.0000 
2679 2680 804 -1.6447 -0.7669 -9.2622 -1.8221 -0.9769 -9.6297 0.0300 0.4589 238.0000 23.8000 0.0000 11.7192 2.0000 
2680 2681 804 -1.8221 -0.9769 -9.6297 -1.8570 -1.0183 -9.7021 0.0300 0.0904 238.0000 23.8000 0.0000 12.0000 2.0000 
2415 2682 805 -1.0481 0.0101 -8.3259 -1.0029 -0.2800 -8.7731 0.0300 0.5350 238.0000 23.8000 0.0000 9.0852 2.0000 
2682 2683 805 -1.0029 -0.2800 -8.7731 -0.9659 -0.5800 -9.2290 0.0300 0.5470 238.0000 23.8000 0.0000 9.8820 2.0000 
2683 2684 805 -0.9659 -0.5800 -9.2290 -0.9969 -0.9004 -9.7128 0.0300 0.5810 238.0000 23.8000 0.0000 10.9996 2.0000 
2684 2685 805 -0.9969 -0.9004 -9.7128 -1.0080 -1.1233 -10.0217 0.0300 0.3811 238.0000 23.8000 0.0000 12.0000 2.0000 
2416 2686 806 -1.0891 0.0539 -8.5108 -0.9214 -0.0321 -8.9833 0.0300 0.5087 238.0000 23.8000 0.0000 9.1706 2.0000 
2686 2687 806 -0.9214 -0.0321 -8.9833 -0.8054 -0.1042 -9.3560 0.0300 0.3969 238.0000 23.8000 0.0000 9.7815 2.0000 
2687 2688 806 -0.8054 -0.1042 -9.3560 -0.6174 -0.2148 -9.7621 0.0300 0.4610 238.0000 23.8000 0.0000 10.6762 2.0000 
2688 2689 806 -0.6174 -0.2148 -9.7621 -0.4241 -0.3438 -10.1868 0.0300 0.4841 238.0000 23.8000 0.0000 11.9958 2.0000 
2689 2690 806 -0.4241 -0.3438 -10.1868 -0.4236 -0.3442 -10.1878 0.0300 0.0012 238.0000 23.8000 0.0000 12.0000 2.0000 
2417 2691 807 -1.1339 0.1018 -8.7128 -1.3304 0.5105 -8.9632 0.0300 0.5180 238.0000 23.8000 0.0000 9.3419 2.0000 
2691 2692 807 -1.3304 0.5105 -8.9632 -1.4725 0.8202 -9.1586 0.0300 0.3927 238.0000 23.8000 0.0000 10.0160 2.0000 
2692 2693 807 -1.4725 0.8202 -9.1586 -1.7071 1.2176 -9.4544 0.0300 0.5483 238.0000 23.8000 0.0000 11.2257 2.0000 
2693 2694 807 -1.7071 1.2176 -9.4544 -1.8228 1.4096 -9.6011 0.0300 0.2678 238.0000 23.8000 0.0000 12.0000 2.0000 
2418 2695 808 -1.1786 0.1464 -8.9064 -0.9656 0.3550 -9.2343 0.0300 0.4432 238.0000 23.8000 0.0000 9.2833 2.0000 
2695 2696 808 -0.9656 0.3550 -9.2343 -0.7270 0.5522 -9.5194 0.0300 0.4209 238.0000 23.8000 0.0000 9.9682 2.0000 
2696 2697 808 -0.7270 0.5522 -9.5194 -0.4452 0.7887 -9.8513 0.0300 0.4955 238.0000 23.8000 0.0000 10.9995 2.0000 
2697 2698 808 -0.4452 0.7887 -9.8513 -0.2587 0.9632 -10.1026 0.0300 0.3583 238.0000 23.8000 0.0000 12.0000 2.0000 
2419 2699 809 -1.2240 0.1895 -9.0988 -1.0297 0.0999 -9.5237 0.0300 0.4758 238.0000 23.8000 0.0000 9.3494 2.0000 
2699 2700 809 -1.0297 0.0999 -9.5237 -0.8443 -0.0002 -9.9251 0.0300 0.4533 238.0000 23.8000 0.0000 10.0504 2.0000 
2700 2701 809 -0.8443 -0.0002 -9.9251 -0.7117 -0.0729 -10.2600 0.0300 0.3675 238.0000 23.8000 0.0000 10.7791 2.0000 
2701 2702 809 -0.7117 -0.0729 -10.2600 -0.5549 -0.1460 -10.6652 0.0300 0.4406 238.0000 23.8000 0.0000 12.0000 2.0000 
2420 2703 810 -1.2741 0.2356 -9.2967 -1.3907 -0.0200 -9.6859 0.0300 0.4800 238.0000 23.8000 0.0000 9.4473 2.0000 
2703 2704 810 -1.3907 -0.0200 -9.6859 -1.5131 -0.2812 -10.0836 0.0300 0.4913 238.0000 23.8000 0.0000 10.1998 2.0000 
2704 2705 810 -1.5131 -0.2812 -10.0836 -1.6189 -0.5355 -10.4974 0.0300 0.4970 238.0000 23.8000 0.0000 11.1711 2.0000 
2705 2706 810 -1.6189 -0.5355 -10.4974 -1.6865 -0.7027 -10.7716 0.0300 0.3282 238.0000 23.8000 0.0000 12.0000 2.0000 
2421 2707 811 -1.3276 0.2766 -9.4785 -1.6955 0.1455 -9.7781 0.0300 0.4923 238.0000 23.8000 0.0000 9.6964 2.0000 
2707 2708 811 -1.6955 0.1455 -9.7781 -2.0679 0.0150 -10.0745 0.0300 0.4935 238.0000 23.8000 0.0000 10.6789 2.0000 
2708 2709 811 -2.0679 0.0150 -10.0745 -2.3906 -0.0961 -10.3172 0.0300 0.4188 238.0000 23.8000 0.0000 11.7665 2.0000 
2709 2710 811 -2.3906 -0.0961 -10.3172 -2.4478 -0.1176 -10.3616 0.0300 0.0756 238.0000 23.8000 0.0000 12.0000 2.0000 
2422 2711 812 -1.3787 0.3181 -9.6670 -1.7850 0.4220 -9.9013 0.0300 0.4804 238.0000 23.8000 0.0000 9.4946 2.0000 
2711 2712 812 -1.7850 0.4220 -9.9013 -2.1728 0.5400 -10.0948 0.0300 0.4491 238.0000 23.8000 0.0000 10.0700 2.0000 
2712 2713 812 -2.1728 0.5400 -10.0948 -2.6024 0.6480 -10.3555 0.0300 0.5140 238.0000 23.8000 0.0000 10.9278 2.0000 
2713 2714 812 -2.6024 0.6480 -10.3555 -3.0081 0.7565 -10.5165 0.0300 0.4498 238.0000 23.8000 0.0000 12.0000 2.0000 
2423 2715 813 -1.4277 0.3627 -9.8557 -1.5767 0.1604 -10.2090 0.0300 0.4335 238.0000 23.8000 0.0000 9.6726 2.0000 
2715 2716 813 -1.5767 0.1604 -10.2090 -1.7370 -0.0448 -10.5735 0.0300 0.4480 238.0000 23.8000 0.0000 10.4341 2.0000 
2716 2717 813 -1.7370 -0.0448 -10.5735 -1.8506 -0.2264 -10.8883 0.0300 0.3808 238.0000 23.8000 0.0000 11.2460 2.0000 
2717 2718 813 -1.8506 -0.2264 -10.8883 -1.9498 -0.3430 -11.1250 0.0300 0.2820 238.0000 23.8000 0.0000 12.0000 2.0000 
2424 2719 814 -1.4807 0.4143 -10.0513 -1.5792 0.8035 -10.3080 0.0300 0.4765 238.0000 23.8000 0.0000 9.8080 2.0000 
2719 2720 814 -1.5792 0.8035 -10.3080 -1.6555 1.1374 -10.5088 0.0300 0.3970 238.0000 23.8000 0.0000 10.4693 2.0000 
2720 2721 814 -1.6555 1.1374 -10.5088 -1.7129 1.5818 -10.7794 0.0300 0.5235 238.0000 23.8000 0.0000 11.5808 2.0000 
2721 2722 814 -1.7129 1.5818 -10.7794 -1.7214 1.7179 -10.8615 0.0300 0.1592 238.0000 23.8000 0.0000 12.0000 2.0000 
2425 2723 815 -1.5324 0.4676 -10.2418 -1.8734 0.7327 -10.4385 0.0300 0.4746 238.0000 23.8000 0.0000 9.9179 2.0000 
2723 2724 815 -1.8734 0.7327 -10.4385 -2.1897 0.9859 -10.6226 0.0300 0.4450 238.0000 23.8000 0.0000 10.6965 2.0000 
2724 2725 815 -2.1897 0.9859 -10.6226 -2.5860 1.3389 -10.8513 0.0300 0.5779 238.0000 23.8000 0.0000 12.0000 2.0000 
2426 2726 816 -1.5843 0.5311 -10.4340 -1.7576 0.8074 -10.5865 0.0300 0.3600 238.0000 23.8000 0.0000 9.9484 2.0000 
2726 2727 816 -1.7576 0.8074 -10.5865 -1.9614 1.1840 -10.7923 0.0300 0.4751 238.0000 23.8000 0.0000 10.9820 2.0000 
2727 2728 816 -1.9614 1.1840 -10.7923 -2.0993 1.4614 -10.9373 0.0300 0.3420 238.0000 23.8000 0.0000 11.9218 2.0000 
2728 2729 816 -2.0993 1.4614 -10.9373 -2.1093 1.4820 -10.9478 0.0300 0.0252 238.0000 23.8000 0.0000 12.0000 2.0000 
2427 2730 817 -1.6395 0.6039 -10.6027 -1.8743 0.9182 -10.7213 0.0300 0.4099 238.0000 23.8000 0.0000 9.9495 2.0000 
2730 2731 817 -1.8743 0.9182 -10.7213 -2.2206 1.3085 -10.8562 0.0300 0.5389 238.0000 23.8000 0.0000 10.8714 2.0000 
2731 2732 817 -2.2206 1.3085 -10.8562 -2.5164 1.6710 -11.0238 0.0300 0.4970 238.0000 23.8000 0.0000 12.0000 2.0000 
2428 2733 818 -1.6984 0.6820 -10.7829 -1.9325 1.1931 -10.9597 0.0300 0.5893 238.0000 23.8000 0.0000 10.3552 2.0000 
2733 2734 818 -1.9325 1.1931 -10.9597 -2.1653 1.6782 -11.0743 0.0300 0.5502 238.0000 23.8000 0.0000 11.4051 2.0000 
2734 2735 818 -2.1653 1.6782 -11.0743 -2.2737 1.9053 -11.1276 0.0300 0.2572 238.0000 23.8000 0.0000 12.0000 2.0000 
2429 2736 819 -1.7642 0.7531 -10.9675 -1.5784 0.9982 -11.3294 0.0300 0.4750 238.0000 23.8000 0.0000 10.1868 2.0000 
2736 2737 819 -1.5784 0.9982 -11.3294 -1.3556 1.2492 -11.7071 0.0300 0.5053 238.0000 23.8000 0.0000 11.0308 2.0000 
2737 2738 819 -1.3556 1.2492 -11.7071 -1.1113 1.4962 -12.0008 0.0300 0.4549 238.0000 23.8000 0.0000 12.0000 2.0000 
2430 2739 820 -1.8337 0.8180 -11.1577 -1.6282 0.8601 -11.6828 0.0300 0.5655 238.0000 23.8000 0.0000 10.4083 2.0000 
2739 2740 820 -1.6282 0.8601 -11.6828 -1.4713 0.9039 -12.0498 0.0300 0.4014 238.0000 23.8000 0.0000 11.0957 2.0000 
2740 2741 820 -1.4713 0.9039 -12.0498 -1.3222 0.9401 -12.4453 0.0300 0.4243 238.0000 23.8000 0.0000 12.0000 2.0000 
2431 2742 821 -1.9002 0.8812 -11.3403 -2.1961 1.2426 -11.5276 0.0300 0.5033 238.0000 23.8000 0.0000 10.3656 2.0000 
2742 2743 821 -2.1961 1.2426 -11.5276 -2.4178 1.5271 -11.6755 0.0300 0.3898 238.0000 23.8000 0.0000 10.9921 2.0000 
2743 2744 821 -2.4178 1.5271 -11.6755 -2.6669 1.8556 -11.8673 0.0300 0.4547 238.0000 23.8000 0.0000 11.9079 2.0000 
2744 2745 821 -2.6669 1.8556 -11.8673 -2.6884 1.8840 -11.8838 0.0300 0.0393 238.0000 23.8000 0.0000 12.0000 2.0000 
2432 2746 822 -1.9650 0.9520 -11.5140 -1.7652 1.1438 -11.8752 0.0300 0.4552 238.0000 23.8000 0.0000 10.2697 2.0000 
2746 2747 822 -1.7652 1.1438 -11.8752 -1.5669 1.3245 -12.2407 0.0300 0.4534 238.0000 23.8000 0.0000 10.8669 2.0000 
2747 2748 822 -1.5669 1.3245 -12.2407 -1.3415 1.5372 -12.6924 0.0300 0.5478 238.0000 23.8000 0.0000 11.8071 2.0000 
2748 2749 822 -1.3415 1.5372 -12.6924 -1.3021 1.5719 -12.7678 0.0300 0.0919 238.0000 23.8000 0.0000 12.0000 2.0000 
2433 2750 823 -2.0364 1.0107 -11.6963 -2.4276 0.9342 -11.9555 0.0300 0.4755 238.0000 23.8000 0.0000 10.4867 2.0000 
2750 2751 823 -2.4276 0.9342 -11.9555 -2.7976 0.8853 -12.1833 0.0300 0.4373 238.0000 23.8000 0.0000 11.1941 2.0000 
2751 2752 823 -2.7976 0.8853 -12.1833 -3.1423 0.8306 -12.3799 0.0300 0.4006 238.0000 23.8000 0.0000 12.0000 2.0000 
2434 2753 824 -2.1201 1.0680 -11.8790 -2.5563 1.0795 -12.0310 0.0300 0.4621 238.0000 23.8000 0.0000 10.5232 2.0000 
2753 2754 824 -2.5563 1.0795 -12.0310 -2.9772 1.0655 -12.1772 0.0300 0.4458 238.0000 23.8000 0.0000 11.2248 2.0000 
2754 2755 824 -2.9772 1.0655 -12.1772 -3.3488 1.0710 -12.2877 0.0300 0.3877 238.0000 23.8000 0.0000 12.0000 2.0000 
2435 2756 825 -2.1915 1.1191 -12.0584 -2.4266 0.9570 -12.3247 0.0300 0.3904 238.0000 23.8000 0.0000 10.5269 2.0000 
2756 2757 825 -2.4266 0.9570 -12.3247 -2.6943 0.8294 -12.6116 0.0300 0.4127 238.0000 23.8000 0.0000 11.1738 2.0000 
2757 2758 825 -2.6943 0.8294 -12.6116 -2.9410 0.6722 -12.9205 0.0300 0.4254 238.0000 23.8000 0.0000 12.0000 2.0000 
2436 2759 826 -2.2701 1.1635 -12.2324 -2.7330 1.3532 -12.4146 0.0300 0.5324 238.0000 23.8000 0.0000 10.9044 2.0000 
2759 2760 826 -2.7330 1.3532 -12.4146 -3.1273 1.5106 -12.5736 0.0300 0.4534 238.0000 23.8000 0.0000 11.7696 2.0000 
2760 2761 826 -3.1273 1.5106 -12.5736 -3.2184 1.5470 -12.6103 0.0300 0.1047 238.0000 23.8000 0.0000 12.0000 2.0000 
2437 2762 827 -2.3610 1.2298 -12.4038 -2.1756 1.4564 -12.8401 0.0300 0.5255 238.0000 23.8000 0.0000 10.7542 2.0000 
2762 2763 827 -2.1756 1.4564 -12.8401 -1.9943 1.6942 -13.2383 0.0300 0.4980 238.0000 23.8000 0.0000 11.4529 2.0000 
2763 2764 827 -1.9943 1.6942 -13.2383 -1.8773 1.8521 -13.4821 0.0300 0.3132 238.0000 23.8000 0.0000 12.0000 2.0000 
2438 2765 828 -2.4531 1.2988 -12.5822 -2.7614 1.5266 -12.6660 0.0300 0.3923 238.0000 23.8000 0.0000 10.7574 2.0000 
2765 2766 828 -2.7614 1.5266 -12.6660 -3.1765 1.8218 -12.7934 0.0300 0.5252 238.0000 23.8000 0.0000 11.5955 2.0000 
2766 2767 828 -3.1765 1.8218 -12.7934 -3.3426 1.9378 -12.8452 0.0300 0.2091 238.0000 23.8000 0.0000 12.0000 2.0000 
2439 2768 829 -2.5327 1.3590 -12.7581 -2.3704 1.5359 -13.1558 0.0300 0.4646 238.0000 23.8000 0.0000 10.9206 2.0000 
2768 2769 829 -2.3704 1.5359 -13.1558 -2.2002 1.7129 -13.5330 0.0300 0.4501 238.0000 23.8000 0.0000 11.6259 2.0000 
2769 2770 829 -2.2002 1.7129 -13.5330 -2.1270 1.7911 -13.7038 0.0300 0.2016 238.0000 23.8000 0.0000 12.0000 2.0000 
2440 2771 830 -2.6172 1.4226 -12.9465 -2.6920 1.8114 -13.1522 0.0300 0.4462 238.0000 23.8000 0.0000 11.0097 2.0000 
2771 2772 830 -2.6920 1.8114 -13.1522 -2.7834 2.2464 -13.3797 0.0300 0.4993 238.0000 23.8000 0.0000 11.8231 2.0000 
2772 2773 830 -2.7834 2.2464 -13.3797 -2.8020 2.3295 -13.4210 0.0300 0.0947 238.0000 23.8000 0.0000 12.0000 2.0000 
2441 2774 831 -2.6992 1.4802 -13.1270 -3.1675 1.6730 -13.2839 0.0300 0.5302 238.0000 23.8000 0.0000 11.2475 2.0000 
2774 2775 831 -3.1675 1.6730 -13.2839 -3.5486 1.8493 -13.4115 0.0300 0.4389 238.0000 23.8000 0.0000 12.0000 2.0000 
2442 2776 832 -2.7720 1.5359 -13.2963 -2.7564 1.9799 -13.5307 0.0300 0.5023 238.0000 23.8000 0.0000 11.2780 2.0000 
2776 2777 832 -2.7564 1.9799 -13.5307 -2.7384 2.3511 -13.7251 0.0300 0.4194 238.0000 23.8000 0.0000 12.0000 2.0000 
2443 2778 833 -2.8426 1.5907 -13.4812 -3.0290 1.3763 -13.8480 0.0300 0.4640 238.0000 23.8000 0.0000 11.3005 2.0000 
2778 2779 833 -3.0290 1.3763 -13.8480 -3.1862 1.1628 -14.1644 0.0300 0.4127 238.0000 23.8000 0.0000 12.0000 2.0000 
2444 2780 834 -2.9131 1.6510 -13.6583 -3.3733 1.7919 -13.8450 0.0300 0.5163 238.0000 23.8000 0.0000 11.4198 2.0000 
2780 2781 834 -3.3733 1.7919 -13.8450 -3.6950 1.8908 -13.9783 0.0300 0.3620 238.0000 23.8000 0.0000 12.0000 2.0000 
2445 2782 835 -2.9914 1.7121 -13.8352 -2.8749 2.0364 -14.1544 0.0300 0.4697 238.0000 23.8000 0.0000 11.3656 2.0000 
2782 2783 835 -2.8749 2.0364 -14.1544 -2.7752 2.3507 -14.4348 0.0300 0.4329 238.0000 23.8000 0.0000 12.0000 2.0000 
2446 2784 836 -3.0575 1.7741 -13.9992 -3.1931 1.6102 -14.4450 0.0300 0.4940 238.0000 23.8000 0.0000 11.5558 2.0000 
2784 2785 836 -3.1931 1.6102 -14.4450 -3.2597 1.5184 -14.6941 0.0300 0.2737 238.0000 23.8000 0.0000 12.0000 2.0000 
2447 2786 837 -3.1218 1.8394 -14.1811 -3.1896 1.6319 -14.6667 0.0300 0.5324 238.0000 23.8000 0.0000 11.6343 2.0000 
2786 2787 837 -3.1896 1.6319 -14.6667 -3.2345 1.5515 -14.8937 0.0300 0.2450 238.0000 23.8000 0.0000 12.0000 2.0000 
2448 2788 838 -3.1897 1.9066 -14.3668 -3.4912 2.2653 -14.5074 0.0300 0.4891 238.0000 23.8000 0.0000 11.7302 2.0000 
2788 2789 838 -3.4912 2.2653 -14.5074 -3.5962 2.3860 -14.5557 0.0300 0.1671 238.0000 23.8000 0.0000 12.0000 2.0000 
2449 2790 839 -3.2496 1.9703 -14.5373 -3.6803 1.9691 -14.8503 0.0300 0.5324 238.0000 23.8000 0.0000 11.8307 2.0000 
2790 2791 839 -3.6803 1.9691 -14.8503 -3.7725 1.9730 -14.9115 0.0300 0.1107 238.0000 23.8000 0.0000 12.0000 2.0000 
2450 2792 840 -3.3112 2.0324 -14.7109 -3.6648 1.9205 -15.0313 0.0300 0.4901 238.0000 23.8000 0.0000 11.7826 2.0000 
2792 2793 840 -3.6648 1.9205 -15.0313 -3.7747 1.8838 -15.1384 0.0300 0.1578 238.0000 23.8000 0.0000 12.0000 2.0000 
2451 2794 841 -3.3799 2.0994 -14.8927 -3.3188 1.9557 -15.3642 0.0300 0.4967 238.0000 23.8000 0.0000 11.7971 2.0000 
2794 2795 841 -3.3188 1.9557 -15.3642 -3.2944 1.9080 -15.5216 0.0300 0.1663 238.0000 23.8000 0.0000 12.0000 2.0000 
2452 2796 842 -3.4464 2.1568 -15.0697 -3.5366 1.9199 -15.5365 0.0300 0.5313 238.0000 23.8000 0.0000 12.0000 2.0000 
2453 2797 843 -3.5083 2.2111 -15.2383 -3.5304 2.0334 -15.6189 0.0300 0.4207 238.0000 23.8000 0.0000 11.9388 2.0000 
2797 2798 843 -3.5304 2.0334 -15.6189 -3.5339 2.0150 -15.6600 0.0300 0.0451 238.0000 23.8000 0.0000 12.0000 2.0000 
2454 2799 844 -3.5656 2.2708 -15.4145 -3.6142 2.1017 -15.6945 0.0300 0.3307 238.0000 23.8000 0.0000 12.0000 2.0000 
2455 2800 845 -3.6238 2.3423 -15.6050 -3.7826 2.5254 -15.6941 0.0300 0.2582 238.0000 23.8000 0.0000 12.0000 2.0000 
2456 2801 846 -3.6814 2.4073 -15.7994 -3.6453 2.6801 -15.9722 0.0300 0.3249 238.0000 23.8000 0.0000 12.0000 2.0000 
2457 2802 847 -3.7250 2.4722 -15.9792 -3.6136 2.5602 -16.1453 0.0300 0.2185 238.0000 23.8000 0.0000 12.0000 2.0000 
2458 2803 848 -3.7778 2.5395 -16.1528 -3.7145 2.6514 -16.2639 0.0300 0.1700 238.0000 23.8000 0.0000 12.0000 2.0000 
2459 2804 849 -3.8413 2.6032 -16.3382 -3.8961 2.6675 -16.3673 0.0300 0.0893 238.0000 23.8000 0.0000 12.0000 2.0000 
2460 2805 850 -3.9085 2.6700 -16.5151 -3.9015 2.6714 -16.5315 0.0300 0.0179 238.0000 23.8000 0.0000 12.0000 2.0000 
2806 2807 5 0.0000 0.0000 -3.1000 -0.0014 -0.0024 -3.1096 0.0781 0.0100 0.0000 0.0000 205.0000 0.0033 4.0000 
2807 2808 5 -0.0014 -0.0024 -3.1096 -0.0271 -0.0455 -3.2868 0.0781 0.1842 0.0000 0.0000 205.0000 0.0643 4.0000 
2808 2809 5 -0.0271 -0.0455 -3.2868 -0.0536 -0.0901 -3.4888 0.0781 0.2085 0.0000 0.0000 205.0000 0.1334 4.0000 
2809 2810 5 -0.0536 -0.0901 -3.4888 -0.0656 -0.1375 -3.6877 0.0781 0.2048 0.0000 0.0000 205.0000 0.2014 4.0000 
2810 2811 5 -0.0656 -0.1375 -3.6877 -0.0724 -0.1797 -3.8837 0.0781 0.2007 0.0000 0.0000 205.0000 0.2680 4.0000 
2811 2812 5 -0.0724 -0.1797 -3.8837 -0.0821 -0.2210 -4.0853 0.0781 0.2060 0.0000 0.0000 205.0000 0.3365 4.0000 
2812 2813 5 -0.0821 -0.2210 -4.0853 -0.0718 -0.2505 -4.2888 0.0781 0.2059 0.0000 0.0000 205.0000 0.4050 4.0000 
2813 2814 5 -0.0718 -0.2505 -4.2888 -0.0655 -0.2740 -4.4950 0.0781 0.2076 0.0000 0.0000 205.0000 0.4741 4.0000 
2814 2815 5 -0.0655 -0.2740 -4.4950 -0.0602 -0.2940 -4.7021 0.0781 0.2081 0.0000 0.0000 205.0000 0.5434 4.0000 
2815 2816 5 -0.0602 -0.2940 -4.7021 -0.0596 -0.3077 -4.8846 0.0781 0.1830 0.0000 0.0000 205.0000 0.6044 4.0000 
2816 2817 5 -0.0596 -0.3077 -4.8846 -0.0536 -0.3242 -5.0889 0.0781 0.2050 0.0000 0.0000 205.0000 0.6729 4.0000 
2817 2818 5 -0.0536 -0.3242 -5.0889 -0.0573 -0.3330 -5.2789 0.0781 0.1903 0.0000 0.0000 205.0000 0.7364 4.0000 
2818 2819 5 -0.0573 -0.3330 -5.2789 -0.0619 -0.3412 -5.4861 0.0781 0.2074 0.0000 0.0000 205.0000 0.8058 4.0000 
2819 2820 5 -0.0619 -0.3412 -5.4861 -0.0646 -0.3451 -5.6804 0.0781 0.1943 0.0000 0.0000 205.0000 0.8708 4.0000 
2820 2821 5 -0.0646 -0.3451 -5.6804 -0.0698 -0.3475 -5.8712 0.0781 0.1909 0.0000 0.0000 205.0000 0.9347 4.0000 
2821 2822 5 -0.0698 -0.3475 -5.8712 -0.0732 -0.3502 -6.0776 0.0781 0.2064 0.0000 0.0000 205.0000 1.0039 4.0000 
2822 2823 5 -0.0732 -0.3502 -6.0776 -0.0825 -0.3542 -6.2870 0.0781 0.2096 0.0000 0.0000 205.0000 1.0742 4.0000 
2823 2824 5 -0.0825 -0.3542 -6.2870 -0.0905 -0.3583 -6.4829 0.0781 0.1961 0.0000 0.0000 205.0000 1.1400 4.0000 
2824 2825 5 -0.0905 -0.3583 -6.4829 -0.0969 -0.3607 -6.6728 0.0781 0.1901 0.0000 0.0000 205.0000 1.2039 4.0000 
2825 2826 5 -0.0969 -0.3607 -6.6728 -0.1058 -0.3655 -6.8733 0.0781 0.2008 0.0000 0.0000 205.0000 1.2714 4.0000 
2826 2827 5 -0.1058 -0.3655 -6.8733 -0.1110 -0.3625 -7.0719 0.0781 0.1987 0.0000 0.0000 205.0000 1.3382 4.0000 
2827 2828 5 -0.1110 -0.3625 -7.0719 -0.1181 -0.3558 -7.2609 0.0781 0.1892 0.0000 0.0000 205.0000 1.4019 4.0000 
2828 2829 5 -0.1181 -0.3558 -7.2609 -0.1110 -0.3530 -7.4663 0.0781 0.2056 0.0000 0.0000 205.0000 1.4712 4.0000 
2829 2830 5 -0.1110 -0.3530 -7.4663 -0.1056 -0.3521 -7.6669 0.0781 0.2007 0.0000 0.0000 205.0000 1.5389 4.0000 
2830 2831 5 -0.1056 -0.3521 -7.6669 -0.1023 -0.3539 -7.8660 0.0781 0.1991 0.0000 0.0000 205.0000 1.6061 4.0000 
2831 2832 5 -0.1023 -0.3539 -7.8660 -0.1045 -0.3598 -8.0663 0.0781 0.2004 0.0000 0.0000 205.0000 1.6739 4.0000 
2832 2833 5 -0.1045 -0.3598 -8.0663 -0.1085 -0.3637 -8.2540 0.0781 0.1878 0.0000 0.0000 205.0000 1.7374 4.0000 
2833 2834 5 -0.1085 -0.3637 -8.2540 -0.1105 -0.3663 -8.4450 0.0781 0.1910 0.0000 0.0000 205.0000 1.8020 4.0000 
2834 2835 5 -0.1105 -0.3663 -8.4450 -0.1126 -0.3692 -8.6492 0.0781 0.2043 0.0000 0.0000 205.0000 1.8712 4.0000 
2835 2836 5 -0.1126 -0.3692 -8.6492 -0.1243 -0.3804 -8.8547 0.0781 0.2061 0.0000 0.0000 205.0000 1.9411 4.0000 
2836 2837 5 -0.1243 -0.3804 -8.8547 -0.1283 -0.3890 -9.0465 0.0781 0.1920 0.0000 0.0000 205.0000 2.0063 4.0000 
2837 2838 5 -0.1283 -0.3890 -9.0465 -0.1269 -0.4036 -9.2370 0.0781 0.1910 0.0000 0.0000 205.0000 2.0711 4.0000 
2838 2839 5 -0.1269 -0.4036 -9.2370 -0.1239 -0.4203 -9.4542 0.0781 0.2179 0.0000 0.0000 205.0000 2.1452 4.0000 
2839 2840 5 -0.1239 -0.4203 -9.4542 -0.1249 -0.4369 -9.6485 0.0781 0.1949 0.0000 0.0000 205.0000 2.2115 4.0000 
2840 2841 5 -0.1249 -0.4369 -9.6485 -0.1463 -0.4494 -9.8567 0.0781 0.2097 0.0000 0.0000 205.0000 2.2829 4.0000 
2841 2842 5 -0.1463 -0.4494 -9.8567 -0.1630 -0.4631 -10.0375 0.0781 0.1821 0.0000 0.0000 205.0000 2.3450 4.0000 
2842 2843 5 -0.1630 -0.4631 -10.0375 -0.1732 -0.4793 -10.2451 0.0781 0.2086 0.0000 0.0000 205.0000 2.4161 4.0000 
2843 2844 5 -0.1732 -0.4793 -10.2451 -0.1912 -0.4917 -10.4449 0.0781 0.2010 0.0000 0.0000 205.0000 2.4847 4.0000 
2844 2845 5 -0.1912 -0.4917 -10.4449 -0.2041 -0.4926 -10.6598 0.0781 0.2153 0.0000 0.0000 205.0000 2.5582 4.0000 
2845 2846 5 -0.2041 -0.4926 -10.6598 -0.2171 -0.4953 -10.8537 0.0781 0.1944 0.0000 0.0000 205.0000 2.6247 4.0000 
2846 2847 5 -0.2171 -0.4953 -10.8537 -0.2308 -0.4983 -11.0549 0.0781 0.2017 0.0000 0.0000 205.0000 2.6937 4.0000 
2847 2848 5 -0.2308 -0.4983 -11.0549 -0.2511 -0.5051 -11.2424 0.0781 0.1887 0.0000 0.0000 205.0000 2.7584 4.0000 
2848 2849 5 -0.2511 -0.5051 -11.2424 -0.2832 -0.5062 -11.4343 0.0781 0.1946 0.0000 0.0000 205.0000 2.8251 4.0000 
2849 2850 5 -0.2832 -0.5062 -11.4343 -0.3173 -0.5080 -11.6268 0.0781 0.1955 0.0000 0.0000 205.0000 2.8921 4.0000 
2850 2851 5 -0.3173 -0.5080 -11.6268 -0.3530 -0.5161 -11.8171 0.0781 0.1938 0.0000 0.0000 205.0000 2.9587 4.0000 
2851 2852 5 -0.3530 -0.5161 -11.8171 -0.3853 -0.5177 -12.0120 0.0781 0.1975 0.0000 0.0000 205.0000 3.0266 4.0000 
2852 2853 5 -0.3853 -0.5177 -12.0120 -0.4152 -0.5149 -12.2013 0.0781 0.1917 0.0000 0.0000 205.0000 3.0925 4.0000 
2853 2854 5 -0.4152 -0.5149 -12.2013 -0.4465 -0.5120 -12.3933 0.0781 0.1946 0.0000 0.0000 205.0000 3.1595 4.0000 
2854 2855 5 -0.4465 -0.5120 -12.3933 -0.4725 -0.5131 -12.5953 0.0781 0.2036 0.0000 0.0000 205.0000 3.2296 4.0000 
2855 2856 5 -0.4725 -0.5131 -12.5953 -0.4999 -0.5196 -12.7752 0.0781 0.1821 0.0000 0.0000 205.0000 3.2924 4.0000 
2856 2857 5 -0.4999 -0.5196 -12.7752 -0.5242 -0.5406 -12.9911 0.0781 0.2183 0.0000 0.0000 205.0000 3.3677 4.0000 
2857 2858 5 -0.5242 -0.5406 -12.9911 -0.5590 -0.5739 -13.1963 0.0781 0.2108 0.0000 0.0000 205.0000 3.4405 4.0000 
2858 2859 5 -0.5590 -0.5739 -13.1963 -0.5770 -0.6007 -13.3962 0.0781 0.2025 0.0000 0.0000 205.0000 3.5106 4.0000 
2859 2860 5 -0.5770 -0.6007 -13.3962 -0.5965 -0.6447 -13.5970 0.0781 0.2065 0.0000 0.0000 205.0000 3.5820 4.0000 
2860 2861 5 -0.5965 -0.6447 -13.5970 -0.6206 -0.6872 -13.7897 0.0781 0.1987 0.0000 0.0000 205.0000 3.6509 4.0000 
2861 2862 5 -0.6206 -0.6872 -13.7897 -0.6506 -0.7216 -13.9868 0.0781 0.2024 0.0000 0.0000 205.0000 3.7210 4.0000 
2862 2863 5 -0.6506 -0.7216 -13.9868 -0.6731 -0.7383 -14.1866 0.0781 0.2017 0.0000 0.0000 205.0000 3.7910 4.0000 
2863 2864 5 -0.6731 -0.7383 -14.1866 -0.6916 -0.7580 -14.3800 0.0781 0.1953 0.0000 0.0000 205.0000 3.8588 4.0000 
2864 2865 5 -0.6916 -0.7580 -14.3800 -0.7223 -0.7817 -14.5846 0.0781 0.2082 0.0000 0.0000 205.0000 3.9312 4.0000 
2865 2866 5 -0.7223 -0.7817 -14.5846 -0.7471 -0.7956 -14.7693 0.0781 0.1869 0.0000 0.0000 205.0000 3.9962 4.0000 
2866 2867 5 -0.7471 -0.7956 -14.7693 -0.7775 -0.8151 -14.9559 0.0781 0.1900 0.0000 0.0000 205.0000 4.0623 4.0000 
2867 2868 5 -0.7775 -0.8151 -14.9559 -0.8124 -0.8480 -15.1580 0.0781 0.2077 0.0000 0.0000 205.0000 4.1347 4.0000 
2868 2869 5 -0.8124 -0.8480 -15.1580 -0.8466 -0.8826 -15.3645 0.0781 0.2122 0.0000 0.0000 205.0000 4.2087 4.0000 
2869 2870 5 -0.8466 -0.8826 -15.3645 -0.8770 -0.9226 -15.5613 0.0781 0.2031 0.0000 0.0000 205.0000 4.2796 4.0000 
2870 2871 5 -0.8770 -0.9226 -15.5613 -0.9101 -0.9550 -15.7465 0.0781 0.1909 0.0000 0.0000 205.0000 4.3463 4.0000 
2871 2872 5 -0.9101 -0.9550 -15.7465 -0.9522 -0.9958 -15.9422 0.0781 0.2042 0.0000 0.0000 205.0000 4.4177 4.0000 
2872 2873 5 -0.9522 -0.9958 -15.9422 -0.9830 -1.0274 -16.1451 0.0781 0.2077 0.0000 0.0000 205.0000 4.4904 4.0000 
2873 2874 5 -0.9830 -1.0274 -16.1451 -1.0156 -1.0372 -16.3292 0.0781 0.1872 0.0000 0.0000 205.0000 4.5560 4.0000 
2874 2875 5 -1.0156 -1.0372 -16.3292 -1.0358 -1.0510 -16.5170 0.0781 0.1894 0.0000 0.0000 205.0000 4.6223 4.0000 
2875 2876 5 -1.0358 -1.0510 -16.5170 -1.0573 -1.0653 -16.7157 0.0781 0.2004 0.0000 0.0000 205.0000 4.6927 4.0000 
2876 2877 5 -1.0573 -1.0653 -16.7157 -1.0775 -1.1041 -16.9135 0.0781 0.2026 0.0000 0.0000 205.0000 4.7638 4.0000 
2877 2878 5 -1.0775 -1.1041 -16.9135 -1.1021 -1.1438 -17.1130 0.0781 0.2049 0.0000 0.0000 205.0000 4.8358 4.0000 
2878 2879 5 -1.1021 -1.1438 -17.1130 -1.1288 -1.1842 -17.3209 0.0781 0.2135 0.0000 0.0000 205.0000 4.9109 4.0000 
2879 2880 5 -1.1288 -1.1842 -17.3209 -1.1518 -1.2211 -17.5076 0.0781 0.1917 0.0000 0.0000 205.0000 4.9784 4.0000 
2880 2881 5 -1.1518 -1.2211 -17.5076 -1.1773 -1.2550 -17.6945 0.0781 0.1917 0.0000 0.0000 205.0000 5.0460 4.0000 
2881 2882 5 -1.1773 -1.2550 -17.6945 -1.2015 -1.2874 -17.8726 0.0781 0.1826 0.0000 0.0000 205.0000 5.1104 4.0000 
2882 2883 5 -1.2015 -1.2874 -17.8726 -1.2220 -1.3177 -18.0679 0.0781 0.1986 0.0000 0.0000 205.0000 5.1805 4.0000 
2883 2884 5 -1.2220 -1.3177 -18.0679 -1.2348 -1.3415 -18.2587 0.0781 0.1927 0.0000 0.0000 205.0000 5.2486 4.0000 
2884 2885 5 -1.2348 -1.3415 -18.2587 -1.2341 -1.3630 -18.4471 0.0781 0.1896 0.0000 0.0000 205.0000 5.3156 4.0000 
2885 2886 5 -1.2341 -1.3630 -18.4471 -1.2338 -1.3837 -18.6453 0.0781 0.1993 0.0000 0.0000 205.0000 5.3861 4.0000 
2886 2887 5 -1.2338 -1.3837 -18.6453 -1.2364 -1.4019 -18.8502 0.0781 0.2057 0.0000 0.0000 205.0000 5.4590 4.0000 
2887 2888 5 -1.2364 -1.4019 -18.8502 -1.2396 -1.4191 -19.0464 0.0781 0.1971 0.0000 0.0000 205.0000 5.5289 4.0000 
2888 2889 5 -1.2396 -1.4191 -19.0464 -1.2398 -1.4297 -19.2542 0.0781 0.2080 0.0000 0.0000 205.0000 5.6027 4.0000 
2889 2890 5 -1.2398 -1.4297 -19.2542 -1.2389 -1.4337 -19.4243 0.0781 0.1701 0.0000 0.0000 205.0000 5.6631 4.0000 
2890 2891 5 -1.2389 -1.4337 -19.4243 -1.2490 -1.4273 -19.6497 0.0781 0.2257 0.0000 0.0000 205.0000 5.7434 4.0000 
2891 2892 5 -1.2490 -1.4273 -19.6497 -1.2549 -1.4217 -19.8580 0.0781 0.2085 0.0000 0.0000 205.0000 5.8175 4.0000 
2892 2893 5 -1.2549 -1.4217 -19.8580 -1.2647 -1.4127 -20.0592 0.0781 0.2017 0.0000 0.0000 205.0000 5.8893 4.0000 
2893 2894 5 -1.2647 -1.4127 -20.0592 -1.2732 -1.4036 -20.2664 0.0781 0.2075 0.0000 0.0000 205.0000 5.9633 4.0000 
2894 2895 5 -1.2732 -1.4036 -20.2664 -1.2855 -1.3967 -20.4688 0.0781 0.2030 0.0000 0.0000 205.0000 6.0357 4.0000 
2895 2896 5 -1.2855 -1.3967 -20.4688 -1.2962 -1.3900 -20.6776 0.0781 0.2091 0.0000 0.0000 205.0000 6.1104 4.0000 
2896 2897 5 -1.2962 -1.3900 -20.6776 -1.3023 -1.3846 -20.8634 0.0781 0.1860 0.0000 0.0000 205.0000 6.1769 4.0000 
2897 2898 5 -1.3023 -1.3846 -20.8634 -1.3057 -1.3812 -21.0556 0.0781 0.1923 0.0000 0.0000 205.0000 6.2457 4.0000 
2898 2899 5 -1.3057 -1.3812 -21.0556 -1.3041 -1.3758 -21.2394 0.0781 0.1838 0.0000 0.0000 205.0000 6.3115 4.0000 
2899 2900 5 -1.3041 -1.3758 -21.2394 -1.3045 -1.3704 -21.4311 0.0781 0.1918 0.0000 0.0000 205.0000 6.3802 4.0000 
2900 2901 5 -1.3045 -1.3704 -21.4311 -1.3044 -1.3635 -21.6288 0.0781 0.1979 0.0000 0.0000 205.0000 6.4512 4.0000 
2901 2902 5 -1.3044 -1.3635 -21.6288 -1.3026 -1.3466 -21.8334 0.0781 0.2053 0.0000 0.0000 205.0000 6.5249 4.0000 
2902 2903 5 -1.3026 -1.3466 -21.8334 -1.3022 -1.3327 -22.0474 0.0781 0.2145 0.0000 0.0000 205.0000 6.6019 4.0000 
2903 2904 5 -1.3022 -1.3327 -22.0474 -1.3021 -1.3182 -22.2319 0.0781 0.1850 0.0000 0.0000 205.0000 6.6684 4.0000 
2904 2905 5 -1.3021 -1.3182 -22.2319 -1.3146 -1.2967 -22.4296 0.0781 0.1993 0.0000 0.0000 205.0000 6.7402 4.0000 
2905 2906 5 -1.3146 -1.2967 -22.4296 -1.3276 -1.2772 -22.6233 0.0781 0.1951 0.0000 0.0000 205.0000 6.8105 4.0000 
2906 2907 5 -1.3276 -1.2772 -22.6233 -1.3341 -1.2634 -22.8194 0.0781 0.1967 0.0000 0.0000 205.0000 6.8814 4.0000 
2907 2908 5 -1.3341 -1.2634 -22.8194 -1.3488 -1.2512 -23.0203 0.0781 0.2018 0.0000 0.0000 205.0000 6.9542 4.0000 
2908 2909 5 -1.3488 -1.2512 -23.0203 -1.3487 -1.2430 -23.2425 0.0781 0.2223 0.0000 0.0000 205.0000 7.0345 4.0000 
2909 2910 5 -1.3487 -1.2430 -23.2425 -1.3458 -1.2359 -23.4373 0.0781 0.1950 0.0000 0.0000 205.0000 7.1050 4.0000 
2910 2911 5 -1.3458 -1.2359 -23.4373 -1.3450 -1.2313 -23.6255 0.0781 0.1882 0.0000 0.0000 205.0000 7.1731 4.0000 
2911 2912 5 -1.3450 -1.2313 -23.6255 -1.3345 -1.2163 -23.8267 0.0781 0.2020 0.0000 0.0000 205.0000 7.2463 4.0000 
2912 2913 5 -1.3345 -1.2163 -23.8267 -1.3027 -1.1961 -24.0284 0.0781 0.2052 0.0000 0.0000 205.0000 7.3207 4.0000 
2913 2914 5 -1.3027 -1.1961 -24.0284 -1.2690 -1.1877 -24.2259 0.0781 0.2005 0.0000 0.0000 205.0000 7.3935 4.0000 
2914 2915 5 -1.2690 -1.1877 -24.2259 -1.2357 -1.1905 -24.4318 0.0781 0.2086 0.0000 0.0000 205.0000 7.4692 4.0000 
2915 2916 5 -1.2357 -1.1905 -24.4318 -1.1965 -1.1944 -24.6211 0.0781 0.1933 0.0000 0.0000 205.0000 7.5395 4.0000 
2916 2917 5 -1.1965 -1.1944 -24.6211 -1.1532 -1.2030 -24.8195 0.0781 0.2033 0.0000 0.0000 205.0000 7.6135 4.0000 
2917 2918 5 -1.1532 -1.2030 -24.8195 -1.1133 -1.2178 -25.0188 0.0781 0.2038 0.0000 0.0000 205.0000 7.6877 4.0000 
2918 2919 5 -1.1133 -1.2178 -25.0188 -1.0712 -1.2334 -25.2296 0.0781 0.2156 0.0000 0.0000 205.0000 7.7663 4.0000 
2919 2920 5 -1.0712 -1.2334 -25.2296 -1.0331 -1.2484 -25.4162 0.0781 0.1910 0.0000 0.0000 205.0000 7.8360 4.0000 
2920 2921 5 -1.0331 -1.2484 -25.4162 -0.9930 -1.2570 -25.6100 0.0781 0.1981 0.0000 0.0000 205.0000 7.9083 4.0000 
2921 2922 5 -0.9930 -1.2570 -25.6100 -0.9487 -1.2625 -25.8190 0.0781 0.2137 0.0000 0.0000 205.0000 7.9864 4.0000 
2922 2923 5 -0.9487 -1.2625 -25.8190 -0.9019 -1.2657 -26.0242 0.0781 0.2105 0.0000 0.0000 205.0000 8.0634 4.0000 
2923 2924 5 -0.9019 -1.2657 -26.0242 -0.8544 -1.2681 -26.2080 0.0781 0.1899 0.0000 0.0000 205.0000 8.1330 4.0000 
2924 2925 5 -0.8544 -1.2681 -26.2080 -0.8100 -1.2708 -26.4029 0.0781 0.1999 0.0000 0.0000 205.0000 8.2062 4.0000 
2925 2926 5 -0.8100 -1.2708 -26.4029 -0.7751 -1.2642 -26.6084 0.0781 0.2086 0.0000 0.0000 205.0000 8.2828 4.0000 
2926 2927 5 -0.7751 -1.2642 -26.6084 -0.7377 -1.2409 -26.8185 0.0781 0.2146 0.0000 0.0000 205.0000 8.3616 4.0000 
2927 2928 5 -0.7377 -1.2409 -26.8185 -0.7031 -1.2193 -27.0069 0.0781 0.1928 0.0000 0.0000 205.0000 8.4325 4.0000 
2928 2929 5 -0.7031 -1.2193 -27.0069 -0.6651 -1.2022 -27.2016 0.0781 0.1991 0.0000 0.0000 205.0000 8.5057 4.0000 
2929 2930 5 -0.6651 -1.2022 -27.2016 -0.6247 -1.1942 -27.3835 0.0781 0.1865 0.0000 0.0000 205.0000 8.5744 4.0000 
2930 2931 5 -0.6247 -1.1942 -27.3835 -0.5862 -1.1875 -27.5979 0.0781 0.2180 0.0000 0.0000 205.0000 8.6547 4.0000 
2931 2932 5 -0.5862 -1.1875 -27.5979 -0.5541 -1.1897 -27.8034 0.0781 0.2080 0.0000 0.0000 205.0000 8.7314 4.0000 
2932 2933 5 -0.5541 -1.1897 -27.8034 -0.5254 -1.1957 -28.0132 0.0781 0.2119 0.0000 0.0000 205.0000 8.8097 4.0000 
2933 2934 5 -0.5254 -1.1957 -28.0132 -0.5015 -1.2057 -28.2066 0.0781 0.1951 0.0000 0.0000 205.0000 8.8818 4.0000 
2934 2935 5 -0.5015 -1.2057 -28.2066 -0.4872 -1.2146 -28.4172 0.0781 0.2113 0.0000 0.0000 205.0000 8.9600 4.0000 
2935 2936 5 -0.4872 -1.2146 -28.4172 -0.4692 -1.2210 -28.6235 0.0781 0.2071 0.0000 0.0000 205.0000 9.0367 4.0000 
2936 2937 5 -0.4692 -1.2210 -28.6235 -0.4561 -1.2169 -28.8330 0.0781 0.2099 0.0000 0.0000 205.0000 9.1145 4.0000 
2937 2938 5 -0.4561 -1.2169 -28.8330 -0.4571 -1.2281 -29.0488 0.0781 0.2161 0.0000 0.0000 205.0000 9.1947 4.0000 
2938 2939 5 -0.4571 -1.2281 -29.0488 -0.4544 -1.2397 -29.2509 0.0781 0.2025 0.0000 0.0000 205.0000 9.2699 4.0000 
2939 2940 5 -0.4544 -1.2397 -29.2509 -0.4526 -1.2557 -29.4480 0.0781 0.1978 0.0000 0.0000 205.0000 9.3435 4.0000 
2940 2941 5 -0.4526 -1.2557 -29.4480 -0.4634 -1.2676 -29.6515 0.0781 0.2041 0.0000 0.0000 205.0000 9.4194 4.0000 
2941 2942 5 -0.4634 -1.2676 -29.6515 -0.4698 -1.2807 -29.8415 0.0781 0.1906 0.0000 0.0000 205.0000 9.4904 4.0000 
2942 2943 5 -0.4698 -1.2807 -29.8415 -0.4766 -1.2985 -30.0363 0.0781 0.1957 0.0000 0.0000 205.0000 9.5634 4.0000 
2943 2944 5 -0.4766 -1.2985 -30.0363 -0.4777 -1.3123 -30.2420 0.0781 0.2062 0.0000 0.0000 205.0000 9.6403 4.0000 
2944 2945 5 -0.4777 -1.3123 -30.2420 -0.4720 -1.3173 -30.4312 0.0781 0.1893 0.0000 0.0000 205.0000 9.7110 4.0000 
2945 2946 5 -0.4720 -1.3173 -30.4312 -0.4683 -1.3135 -30.6276 0.0781 0.1965 0.0000 0.0000 205.0000 9.7845 4.0000 
2946 2947 5 -0.4683 -1.3135 -30.6276 -0.4794 -1.3149 -30.8365 0.0781 0.2092 0.0000 0.0000 205.0000 9.8627 4.0000 
2947 2948 5 -0.4794 -1.3149 -30.8365 -0.4753 -1.3118 -31.0342 0.0781 0.1978 0.0000 0.0000 205.0000 9.9368 4.0000 
2948 2949 5 -0.4753 -1.3118 -31.0342 -0.4677 -1.3077 -31.2366 0.0781 0.2026 0.0000 0.0000 205.0000 10.0127 4.0000 
2949 2950 5 -0.4677 -1.3077 -31.2366 -0.4726 -1.3110 -31.4308 0.0781 0.1943 0.0000 0.0000 205.0000 10.0856 4.0000 
2950 2951 5 -0.4726 -1.3110 -31.4308 -0.4721 -1.3175 -31.6303 0.0781 0.1997 0.0000 0.0000 205.0000 10.1606 4.0000 
2951 2952 5 -0.4721 -1.3175 -31.6303 -0.4693 -1.3172 -31.8223 0.0781 0.1920 0.0000 0.0000 205.0000 10.2328 4.0000 
2952 2953 5 -0.4693 -1.3172 -31.8223 -0.4609 -1.3156 -32.0307 0.0781 0.2086 0.0000 0.0000 205.0000 10.3113 4.0000 
2953 2954 5 -0.4609 -1.3156 -32.0307 -0.4534 -1.3151 -32.2260 0.0781 0.1955 0.0000 0.0000 205.0000 10.3849 4.0000 
2954 2955 5 -0.4534 -1.3151 -32.2260 -0.4574 -1.3198 -32.4233 0.0781 0.1973 0.0000 0.0000 205.0000 10.4593 4.0000 
2955 2956 5 -0.4574 -1.3198 -32.4233 -0.4528 -1.3163 -32.6184 0.0781 0.1952 0.0000 0.0000 205.0000 10.5330 4.0000 
2956 2957 5 -0.4528 -1.3163 -32.6184 -0.4487 -1.3141 -32.8088 0.0781 0.1905 0.0000 0.0000 205.0000 10.6049 4.0000 
2957 2958 5 -0.4487 -1.3141 -32.8088 -0.4486 -1.3127 -33.0065 0.0781 0.1977 0.0000 0.0000 205.0000 10.6796 4.0000 
2958 2959 5 -0.4486 -1.3127 -33.0065 -0.4589 -1.3037 -33.2223 0.0781 0.2162 0.0000 0.0000 205.0000 10.7614 4.0000 
2959 2960 5 -0.4589 -1.3037 -33.2223 -0.4641 -1.2935 -33.4142 0.0781 0.1923 0.0000 0.0000 205.0000 10.8343 4.0000 
2960 2961 5 -0.4641 -1.2935 -33.4142 -0.4672 -1.2800 -33.6315 0.0781 0.2178 0.0000 0.0000 205.0000 10.9168 4.0000 
2961 2962 5 -0.4672 -1.2800 -33.6315 -0.4772 -1.2750 -33.8306 0.0781 0.1994 0.0000 0.0000 205.0000 10.9925 4.0000 
2962 2963 5 -0.4772 -1.2750 -33.8306 -0.4841 -1.2742 -34.0466 0.0781 0.2161 0.0000 0.0000 205.0000 11.0746 4.0000 
2963 2964 5 -0.4841 -1.2742 -34.0466 -0.4894 -1.2747 -34.2591 0.0781 0.2126 0.0000 0.0000 205.0000 11.1554 4.0000 
2964 2965 5 -0.4894 -1.2747 -34.2591 -0.4986 -1.2801 -34.4563 0.0781 0.1975 0.0000 0.0000 205.0000 11.2306 4.0000 
2965 2966 5 -0.4986 -1.2801 -34.4563 -0.5088 -1.2825 -34.6428 0.0781 0.1868 0.0000 0.0000 205.0000 11.3017 4.0000 
2966 2967 5 -0.5088 -1.2825 -34.6428 -0.5220 -1.2797 -34.8505 0.0781 0.2082 0.0000 0.0000 205.0000 11.3811 4.0000 
2967 2968 5 -0.5220 -1.2797 -34.8505 -0.5312 -1.2811 -35.0434 0.0781 0.1932 0.0000 0.0000 205.0000 11.4548 4.0000 
2968 2969 5 -0.5312 -1.2811 -35.0434 -0.5297 -1.2853 -35.2373 0.0781 0.1939 0.0000 0.0000 205.0000 11.5289 4.0000 
2969 2970 5 -0.5297 -1.2853 -35.2373 -0.5242 -1.2909 -35.4431 0.0781 0.2060 0.0000 0.0000 205.0000 11.6077 4.0000 
2970 2971 5 -0.5242 -1.2909 -35.4431 -0.5280 -1.2954 -35.6334 0.0781 0.1904 0.0000 0.0000 205.0000 11.6805 4.0000 
2971 2972 5 -0.5280 -1.2954 -35.6334 -0.5301 -1.3023 -35.8562 0.0781 0.2230 0.0000 0.0000 205.0000 11.7660 4.0000 
2972 2973 5 -0.5301 -1.3023 -35.8562 -0.5410 -1.3032 -36.0626 0.0781 0.2067 0.0000 0.0000 205.0000 11.8452 4.0000 
2973 2974 5 -0.5410 -1.3032 -36.0626 -0.5532 -1.3068 -36.2547 0.0781 0.1925 0.0000 0.0000 205.0000 11.9191 4.0000 
2974 2975 5 -0.5532 -1.3068 -36.2547 -0.5596 -1.3132 -36.4530 0.0781 0.1986 0.0000 0.0000 205.0000 11.9954 4.0000 
2975 2976 5 -0.5596 -1.3132 -36.4530 -0.5599 -1.3138 -36.4649 0.0781 0.0119 0.0000 0.0000 205.0000 12.0000 4.0000 
2807 2977 941 -0.0014 -0.0024 -3.1096 -0.3091 -0.2813 -3.3461 0.0300 0.4780 238.0000 23.8000 0.0000 6.9422 2.0000 
2977 2978 941 -0.3091 -0.2813 -3.3461 -0.6327 -0.5796 -3.5907 0.0300 0.5034 238.0000 23.8000 0.0000 7.8322 2.0000 
2978 2979 941 -0.6327 -0.5796 -3.5907 -0.9707 -0.8898 -3.8441 0.0300 0.5242 238.0000 23.8000 0.0000 9.0275 2.0000 
2979 2980 941 -0.9707 -0.8898 -3.8441 -1.2563 -1.1738 -4.0900 0.0300 0.4718 238.0000 23.8000 0.0000 10.5215 2.0000 
2980 2981 941 -1.2563 -1.1738 -4.0900 -1.4443 -1.3810 -4.2532 0.0300 0.3240 238.0000 23.8000 0.0000 12.0000 2.0000 
2808 2982 942 -0.0271 -0.0455 -3.2868 0.2415 -0.2259 -3.6451 0.0300 0.4828 238.0000 23.8000 0.0000 6.9812 2.0000 
2982 2983 942 0.2415 -0.2259 -3.6451 0.5060 -0.4025 -3.9972 0.0300 0.4745 238.0000 23.8000 0.0000 7.7776 2.0000 
2983 2984 942 0.5060 -0.4025 -3.9972 0.7989 -0.5946 -4.3723 0.0300 0.5132 238.0000 23.8000 0.0000 8.8811 2.0000 
2984 2985 942 0.7989 -0.5946 -4.3723 1.1000 -0.7923 -4.7550 0.0300 0.5255 238.0000 23.8000 0.0000 10.4875 2.0000 
2985 2986 942 1.1000 -0.7923 -4.7550 1.2882 -0.9060 -4.9988 0.0300 0.3283 238.0000 23.8000 0.0000 12.0000 2.0000 
2809 2987 943 -0.0536 -0.0901 -3.4888 0.1005 0.0430 -3.8586 0.0300 0.4222 238.0000 23.8000 0.0000 6.8822 2.0000 
2987 2988 943 0.1005 0.0430 -3.8586 0.2629 0.1385 -4.4120 0.0300 0.5846 238.0000 23.8000 0.0000 7.7300 2.0000 
2988 2989 943 0.2629 0.1385 -4.4120 0.3974 0.1789 -4.8504 0.0300 0.4603 238.0000 23.8000 0.0000 8.6095 2.0000 
2989 2990 943 0.3974 0.1789 -4.8504 0.5246 0.2073 -5.2529 0.0300 0.4231 238.0000 23.8000 0.0000 9.7180 2.0000 
2990 2991 943 0.5246 0.2073 -5.2529 0.6506 0.2842 -5.7467 0.0300 0.5154 238.0000 23.8000 0.0000 12.0000 2.0000 
2810 2992 944 -0.0656 -0.1375 -3.6877 0.0558 -0.4828 -3.9323 0.0300 0.4403 238.0000 23.8000 0.0000 7.0420 2.0000 
2992 2993 944 0.0558 -0.4828 -3.9323 0.1546 -0.7830 -4.1424 0.0300 0.3795 238.0000 23.8000 0.0000 7.6359 2.0000 
2993 2994 944 0.1546 -0.7830 -4.1424 0.2883 -1.1811 -4.4323 0.0300 0.5103 238.0000 23.8000 0.0000 8.6394 2.0000 
2994 2995 944 0.2883 -1.1811 -4.4323 0.4210 -1.5693 -4.7098 0.0300 0.4953 238.0000 23.8000 0.0000 10.0073 2.0000 
2995 2996 944 0.4210 -1.5693 -4.7098 0.5413 -1.9211 -4.9585 0.0300 0.4473 238.0000 23.8000 0.0000 12.0000 2.0000 
2811 2997 945 -0.0724 -0.1797 -3.8837 -0.1259 -0.6014 -4.1590 0.0300 0.5065 238.0000 23.8000 0.0000 7.1960 2.0000 
2997 2998 945 -0.1259 -0.6014 -4.1590 -0.2032 -0.9863 -4.4006 0.0300 0.4610 238.0000 23.8000 0.0000 7.9511 2.0000 
2998 2999 945 -0.2032 -0.9863 -4.4006 -0.3020 -1.3942 -4.6383 0.0300 0.4823 238.0000 23.8000 0.0000 8.9992 2.0000 
2999 3000 945 -0.3020 -1.3942 -4.6383 -0.3716 -1.6512 -4.7724 0.0300 0.2981 238.0000 23.8000 0.0000 9.8788 2.0000 
3000 3001 945 -0.3716 -1.6512 -4.7724 -0.5171 -2.0548 -4.9226 0.0300 0.4545 238.0000 23.8000 0.0000 12.0000 2.0000 
2812 3002 946 -0.0821 -0.2210 -4.0853 0.0073 -0.0131 -4.5047 0.0300 0.4766 238.0000 23.8000 0.0000 7.2842 2.0000 
3002 3003 946 0.0073 -0.0131 -4.5047 0.0741 0.1521 -4.8372 0.0300 0.3772 238.0000 23.8000 0.0000 7.9273 2.0000 
3003 3004 946 0.0741 0.1521 -4.8372 0.1851 0.4040 -5.2564 0.0300 0.5015 238.0000 23.8000 0.0000 9.0079 2.0000 
3004 3005 946 0.1851 0.4040 -5.2564 0.3371 0.6526 -5.6856 0.0300 0.5188 238.0000 23.8000 0.0000 10.6177 2.0000 
3005 3006 946 0.3371 0.6526 -5.6856 0.4224 0.7988 -5.9270 0.0300 0.2948 238.0000 23.8000 0.0000 12.0000 2.0000 
2813 3007 947 -0.0718 -0.2505 -4.2888 -0.2968 -0.0464 -4.6786 0.0300 0.4941 238.0000 23.8000 0.0000 7.3565 2.0000 
3007 3008 947 -0.2968 -0.0464 -4.6786 -0.4625 0.1138 -4.9623 0.0300 0.3656 238.0000 23.8000 0.0000 7.9527 2.0000 
3008 3009 947 -0.4625 0.1138 -4.9623 -0.6841 0.3174 -5.4022 0.0300 0.5329 238.0000 23.8000 0.0000 9.0472 2.0000 
3009 3010 947 -0.6841 0.3174 -5.4022 -0.9114 0.5336 -5.8493 0.0300 0.5462 238.0000 23.8000 0.0000 10.6721 2.0000 
3010 3011 947 -0.9114 0.5336 -5.8493 -1.0352 0.6490 -6.0923 0.0300 0.2962 238.0000 23.8000 0.0000 12.0000 2.0000 
2814 3012 948 -0.0655 -0.2740 -4.4950 0.2310 -0.3266 -4.8068 0.0300 0.4335 238.0000 23.8000 0.0000 7.2972 2.0000 
3012 3013 948 0.2310 -0.3266 -4.8068 0.5407 -0.3980 -5.1239 0.0300 0.4490 238.0000 23.8000 0.0000 7.9719 2.0000 
3013 3014 948 0.5407 -0.3980 -5.1239 0.8832 -0.5258 -5.4687 0.0300 0.5025 238.0000 23.8000 0.0000 8.9395 2.0000 
3014 3015 948 0.8832 -0.5258 -5.4687 1.2120 -0.6480 -5.7994 0.0300 0.4821 238.0000 23.8000 0.0000 10.2474 2.0000 
3015 3016 948 1.2120 -0.6480 -5.7994 1.4861 -0.7664 -6.0772 0.0300 0.4078 238.0000 23.8000 0.0000 12.0000 2.0000 
2815 3017 949 -0.0602 -0.2940 -4.7021 0.0658 0.0207 -5.0768 0.0300 0.5053 238.0000 23.8000 0.0000 7.4732 2.0000 
3017 3018 949 0.0658 0.0207 -5.0768 0.1568 0.2728 -5.3814 0.0300 0.4057 238.0000 23.8000 0.0000 8.1002 2.0000 
3018 3019 949 0.1568 0.2728 -5.3814 0.2996 0.5502 -5.7565 0.0300 0.4879 238.0000 23.8000 0.0000 9.0595 2.0000 
3019 3020 949 0.2996 0.5502 -5.7565 0.4643 0.7783 -6.1220 0.0300 0.4612 238.0000 23.8000 0.0000 10.3319 2.0000 
3020 3021 949 0.4643 0.7783 -6.1220 0.5931 0.9620 -6.4376 0.0300 0.3873 238.0000 23.8000 0.0000 12.0000 2.0000 
2816 3022 950 -0.0596 -0.3077 -4.8846 -0.1145 -0.6705 -5.2244 0.0300 0.5001 238.0000 23.8000 0.0000 7.5378 2.0000 
3022 3023 950 -0.1145 -0.6705 -5.2244 -0.1846 -1.0724 -5.5682 0.0300 0.5336 238.0000 23.8000 0.0000 8.3836 2.0000 
3023 3024 950 -0.1846 -1.0724 -5.5682 -0.2770 -1.4698 -5.9254 0.0300 0.5423 238.0000 23.8000 0.0000 9.5231 2.0000 
3024 3025 950 -0.2770 -1.4698 -5.9254 -0.3165 -1.8815 -6.2617 0.0300 0.5330 238.0000 23.8000 0.0000 11.1870 2.0000 
3025 3026 950 -0.3165 -1.8815 -6.2617 -0.3367 -2.0175 -6.3801 0.0300 0.1814 238.0000 23.8000 0.0000 12.0000 2.0000 
2817 3027 951 -0.0536 -0.3242 -5.0889 -0.0059 0.0005 -5.4706 0.0300 0.5034 238.0000 23.8000 0.0000 7.6847 2.0000 
3027 3028 951 -0.0059 0.0005 -5.4706 0.0290 0.3169 -5.8526 0.0300 0.4973 238.0000 23.8000 0.0000 8.5605 2.0000 
3028 3029 951 0.0290 0.3169 -5.8526 0.0630 0.6494 -6.2592 0.0300 0.5263 238.0000 23.8000 0.0000 9.7930 2.0000 
3029 3030 951 0.0630 0.6494 -6.2592 0.1158 0.9364 -6.6370 0.0300 0.4775 238.0000 23.8000 0.0000 11.4425 2.0000 
3030 3031 951 0.1158 0.9364 -6.6370 0.1222 1.0060 -6.7328 0.0300 0.1186 238.0000 23.8000 0.0000 12.0000 2.0000 
2818 3032 952 -0.0573 -0.3330 -5.2789 0.2651 -0.2744 -5.6198 0.0300 0.4728 238.0000 23.8000 0.0000 7.6244 2.0000 
3032 3033 952 0.2651 -0.2744 -5.6198 0.5222 -0.2351 -5.8803 0.0300 0.3681 238.0000 23.8000 0.0000 8.1727 2.0000 
3033 3034 952 0.5222 -0.2351 -5.8803 0.9258 -0.1290 -6.2515 0.0300 0.5585 238.0000 23.8000 0.0000 9.2533 2.0000 
3034 3035 952 0.9258 -0.1290 -6.2515 1.2225 -0.0677 -6.4942 0.0300 0.3882 238.0000 23.8000 0.0000 10.3188 2.0000 
3035 3036 952 1.2225 -0.0677 -6.4942 1.5333 -0.0047 -6.7288 0.0300 0.3944 238.0000 23.8000 0.0000 12.0000 2.0000 
2819 3037 953 -0.0619 -0.3412 -5.4861 0.0870 -0.0396 -5.8483 0.0300 0.4942 238.0000 23.8000 0.0000 7.9053 2.0000 
3037 3038 953 0.0870 -0.0396 -5.8483 0.2065 0.2390 -6.1762 0.0300 0.4467 238.0000 23.8000 0.0000 8.7714 2.0000 
3038 3039 953 0.2065 0.2390 -6.1762 0.3568 0.5515 -6.5473 0.0300 0.5079 238.0000 23.8000 0.0000 10.0281 2.0000 
3039 3040 953 0.3568 0.5515 -6.5473 0.4569 0.8273 -6.9118 0.0300 0.4678 238.0000 23.8000 0.0000 11.6371 2.0000 
3040 3041 953 0.4569 0.8273 -6.9118 0.4763 0.8766 -6.9763 0.0300 0.0835 238.0000 23.8000 0.0000 12.0000 2.0000 
2820 3042 954 -0.0646 -0.3451 -5.6804 0.0878 -0.0835 -6.0134 0.0300 0.4501 238.0000 23.8000 0.0000 7.8034 2.0000 
3042 3043 954 0.0878 -0.0835 -6.0134 0.2057 0.1622 -6.3447 0.0300 0.4290 238.0000 23.8000 0.0000 8.5250 2.0000 
3043 3044 954 0.2057 0.1622 -6.3447 0.3219 0.4228 -6.6998 0.0300 0.4555 238.0000 23.8000 0.0000 9.5149 2.0000 
3044 3045 954 0.3219 0.4228 -6.6998 0.4702 0.6753 -7.0462 0.0300 0.4536 238.0000 23.8000 0.0000 10.9239 2.0000 
3045 3046 954 0.4702 0.6753 -7.0462 0.5561 0.8120 -7.2204 0.0300 0.2375 238.0000 23.8000 0.0000 12.0000 2.0000 
2821 3047 955 -0.0698 -0.3475 -5.8712 -0.2073 -0.0490 -6.2403 0.0300 0.4941 238.0000 23.8000 0.0000 7.9071 2.0000 
3047 3048 955 -0.2073 -0.0490 -6.2403 -0.3358 0.2132 -6.5915 0.0300 0.4568 238.0000 23.8000 0.0000 8.6494 2.0000 
3048 3049 955 -0.3358 0.2132 -6.5915 -0.5011 0.4955 -6.9670 0.0300 0.4980 238.0000 23.8000 0.0000 9.7029 2.0000 
3049 3050 955 -0.5011 0.4955 -6.9670 -0.6545 0.7594 -7.3144 0.0300 0.4624 238.0000 23.8000 0.0000 11.1052 2.0000 
3050 3051 955 -0.6545 0.7594 -7.3144 -0.7207 0.8795 -7.4723 0.0300 0.2092 238.0000 23.8000 0.0000 12.0000 2.0000 
2822 3052 956 -0.0732 -0.3502 -6.0776 -0.3361 -0.3326 -6.3303 0.0300 0.3651 238.0000 23.8000 0.0000 7.8217 2.0000 
3052 3053 956 -0.3361 -0.3326 -6.3303 -0.7245 -0.2971 -6.6982 0.0300 0.5362 238.0000 23.8000 0.0000 8.7008 2.0000 
3053 3054 956 -0.7245 -0.2971 -6.6982 -1.1050 -0.2772 -7.0651 0.0300 0.5289 238.0000 23.8000 0.0000 9.8568 2.0000 
3054 3055 956 -1.1050 -0.2772 -7.0651 -1.4521 -0.2708 -7.3961 0.0300 0.4797 238.0000 23.8000 0.0000 11.3883 2.0000 
3055 3056 956 -1.4521 -0.2708 -7.3961 -1.5535 -0.2704 -7.4932 0.0300 0.1403 238.0000 23.8000 0.0000 12.0000 2.0000 
2823 3057 957 -0.0825 -0.3542 -6.2870 0.0596 0.0023 -6.7031 0.0300 0.5660 238.0000 23.8000 0.0000 8.1341 2.0000 
3057 3058 957 0.0596 0.0023 -6.7031 0.1478 0.2720 -7.0081 0.0300 0.4166 238.0000 23.8000 0.0000 8.7963 2.0000 
3058 3059 957 0.1478 0.2720 -7.0081 0.2699 0.5716 -7.3042 0.0300 0.4385 238.0000 23.8000 0.0000 9.6735 2.0000 
3059 3060 957 0.2699 0.5716 -7.3042 0.4544 0.9360 -7.6301 0.0300 0.5226 238.0000 23.8000 0.0000 11.1558 2.0000 
3060 3061 957 0.4544 0.9360 -7.6301 0.5303 1.0847 -7.7554 0.0300 0.2087 238.0000 23.8000 0.0000 12.0000 2.0000 
2824 3062 958 -0.0905 -0.3583 -6.4829 0.1609 -0.6349 -6.9045 0.0300 0.5634 238.0000 23.8000 0.0000 8.1345 2.0000 
3062 3063 958 0.1609 -0.6349 -6.9045 0.3645 -0.8625 -7.2739 0.0300 0.4793 238.0000 23.8000 0.0000 8.8268 2.0000 
3063 3064 958 0.3645 -0.8625 -7.2739 0.5331 -1.1167 -7.7005 0.0300 0.5244 238.0000 23.8000 0.0000 9.8094 2.0000 
3064 3065 958 0.5331 -1.1167 -7.7005 0.6921 -1.3703 -8.1103 0.0300 0.5075 238.0000 23.8000 0.0000 11.1785 2.0000 
3065 3066 958 0.6921 -1.3703 -8.1103 0.7650 -1.4817 -8.2792 0.0300 0.2150 238.0000 23.8000 0.0000 12.0000 2.0000 
2825 3067 959 -0.0969 -0.3607 -6.6728 -0.3534 -0.1433 -7.0094 0.0300 0.4757 238.0000 23.8000 0.0000 8.2713 2.0000 
3067 3068 959 -0.3534 -0.1433 -7.0094 -0.5705 0.0482 -7.3013 0.0300 0.4111 238.0000 23.8000 0.0000 9.0312 2.0000 
3068 3069 959 -0.5705 0.0482 -7.3013 -0.8113 0.2757 -7.6385 0.0300 0.4727 238.0000 23.8000 0.0000 10.1405 2.0000 
3069 3070 959 -0.8113 0.2757 -7.6385 -1.0463 0.5136 -7.9573 0.0300 0.4620 238.0000 23.8000 0.0000 11.6554 2.0000 
3070 3071 959 -1.0463 0.5136 -7.9573 -1.0862 0.5565 -8.0150 0.0300 0.0822 238.0000 23.8000 0.0000 12.0000 2.0000 
2826 3072 960 -0.1058 -0.3655 -6.8733 0.1172 -0.5869 -7.2212 0.0300 0.4688 238.0000 23.8000 0.0000 8.3708 2.0000 
3072 3073 960 0.1172 -0.5869 -7.2212 0.4112 -0.8561 -7.6214 0.0300 0.5649 238.0000 23.8000 0.0000 9.4852 2.0000 
3073 3074 960 0.4112 -0.8561 -7.6214 0.6544 -1.0787 -7.9528 0.0300 0.4675 238.0000 23.8000 0.0000 10.6756 2.0000 
3074 3075 960 0.6544 -1.0787 -7.9528 0.8697 -1.2512 -8.2339 0.0300 0.3938 238.0000 23.8000 0.0000 12.0000 2.0000 
2827 3076 961 -0.1110 -0.3625 -7.0719 0.1762 -0.3885 -7.3389 0.0300 0.3930 238.0000 23.8000 0.0000 8.2664 2.0000 
3076 3077 961 0.1762 -0.3885 -7.3389 0.4890 -0.4188 -7.6380 0.0300 0.4338 238.0000 23.8000 0.0000 9.0250 2.0000 
3077 3078 961 0.4890 -0.4188 -7.6380 0.8902 -0.4702 -8.0256 0.0300 0.5602 238.0000 23.8000 0.0000 10.3044 2.0000 
3078 3079 961 0.8902 -0.4702 -8.0256 1.2235 -0.5194 -8.3546 0.0300 0.4709 238.0000 23.8000 0.0000 11.8686 2.0000 
3079 3080 961 1.2235 -0.5194 -8.3546 1.2457 -0.5233 -8.3765 0.0300 0.0314 238.0000 23.8000 0.0000 12.0000 2.0000 
2828 3081 962 -0.1181 -0.3558 -7.2609 0.0542 -0.0973 -7.5801 0.0300 0.4455 238.0000 23.8000 0.0000 8.3283 2.0000 
3081 3082 962 0.0542 -0.0973 -7.5801 0.2006 0.1750 -7.8613 0.0300 0.4179 238.0000 23.8000 0.0000 8.9723 2.0000 
3082 3083 962 0.2006 0.1750 -7.8613 0.3875 0.4814 -8.1822 0.0300 0.4814 238.0000 23.8000 0.0000 9.9198 2.0000 
3083 3084 962 0.3875 0.4814 -8.1822 0.6060 0.8080 -8.5291 0.0300 0.5242 238.0000 23.8000 0.0000 11.4189 2.0000 
3084 3085 962 0.6060 0.8080 -8.5291 0.6643 0.8932 -8.6325 0.0300 0.1461 238.0000 23.8000 0.0000 12.0000 2.0000 
2829 3086 963 -0.1110 -0.3530 -7.4663 -0.2229 0.0317 -7.8251 0.0300 0.5378 238.0000 23.8000 0.0000 8.7023 2.0000 
3086 3087 963 -0.2229 0.0317 -7.8251 -0.3318 0.4393 -8.1899 0.0300 0.5577 238.0000 23.8000 0.0000 9.8418 2.0000 
3087 3088 963 -0.3318 0.4393 -8.1899 -0.4151 0.7113 -8.4903 0.0300 0.4137 238.0000 23.8000 0.0000 10.9433 2.0000 
3088 3089 963 -0.4151 0.7113 -8.4903 -0.4867 0.9249 -8.6996 0.0300 0.3075 238.0000 23.8000 0.0000 12.0000 2.0000 
2830 3090 964 -0.1056 -0.3521 -7.6669 0.0991 -0.0759 -8.0045 0.0300 0.4818 238.0000 23.8000 0.0000 8.5162 2.0000 
3090 3091 964 0.0991 -0.0759 -8.0045 0.3510 0.2565 -8.3795 0.0300 0.5608 238.0000 23.8000 0.0000 9.3803 2.0000 
3091 3092 964 0.3510 0.2565 -8.3795 0.6361 0.5822 -8.7602 0.0300 0.5765 238.0000 23.8000 0.0000 10.5478 2.0000 
3092 3093 964 0.6361 0.5822 -8.7602 0.8848 0.8676 -9.0928 0.0300 0.5039 238.0000 23.8000 0.0000 12.0000 2.0000 
2831 3094 965 -0.1023 -0.3539 -7.8660 -0.3818 -0.5233 -8.2267 0.0300 0.4868 238.0000 23.8000 0.0000 8.5770 2.0000 
3094 3095 965 -0.3818 -0.5233 -8.2267 -0.6813 -0.6814 -8.6525 0.0300 0.5440 238.0000 23.8000 0.0000 9.4031 2.0000 
3095 3096 965 -0.6813 -0.6814 -8.6525 -0.9408 -0.8249 -9.0417 0.0300 0.4893 238.0000 23.8000 0.0000 10.3784 2.0000 
3096 3097 965 -0.9408 -0.8249 -9.0417 -1.1895 -0.9800 -9.4338 0.0300 0.4895 238.0000 23.8000 0.0000 11.7693 2.0000 
3097 3098 965 -1.1895 -0.9800 -9.4338 -1.2208 -1.0011 -9.4843 0.0300 0.0631 238.0000 23.8000 0.0000 12.0000 2.0000 
2832 3099 966 -0.1045 -0.3598 -8.0663 -0.2696 -0.0752 -8.4271 0.0300 0.4884 238.0000 23.8000 0.0000 8.6771 2.0000 
3099 3100 966 -0.2696 -0.0752 -8.4271 -0.3999 0.1494 -8.7120 0.0300 0.3854 238.0000 23.8000 0.0000 9.2674 2.0000 
3100 3101 966 -0.3999 0.1494 -8.7120 -0.5791 0.4371 -9.0889 0.0300 0.5069 238.0000 23.8000 0.0000 10.2476 2.0000 
3101 3102 966 -0.5791 0.4371 -9.0889 -0.7417 0.6722 -9.4212 0.0300 0.4384 238.0000 23.8000 0.0000 11.4159 2.0000 
3102 3103 966 -0.7417 0.6722 -9.4212 -0.8029 0.7638 -9.5479 0.0300 0.1679 238.0000 23.8000 0.0000 12.0000 2.0000 
2833 3104 967 -0.1085 -0.3637 -8.2540 -0.1059 -0.7302 -8.6063 0.0300 0.5084 238.0000 23.8000 0.0000 8.9716 2.0000 
3104 3105 967 -0.1059 -0.7302 -8.6063 -0.1155 -1.1043 -8.9671 0.0300 0.5198 238.0000 23.8000 0.0000 10.0395 2.0000 
3105 3106 967 -0.1155 -1.1043 -8.9671 -0.1272 -1.4775 -9.3443 0.0300 0.5307 238.0000 23.8000 0.0000 11.4657 2.0000 
3106 3107 967 -0.1272 -1.4775 -9.3443 -0.1314 -1.5908 -9.4575 0.0300 0.1603 238.0000 23.8000 0.0000 12.0000 2.0000 
2834 3108 968 -0.1105 -0.3663 -8.4450 -0.3477 -0.0854 -8.8296 0.0300 0.5321 238.0000 23.8000 0.0000 8.8751 2.0000 
3108 3109 968 -0.3477 -0.0854 -8.8296 -0.5473 0.1504 -9.1496 0.0300 0.4449 238.0000 23.8000 0.0000 9.5666 2.0000 
3109 3110 968 -0.5473 0.1504 -9.1496 -0.7755 0.4833 -9.5703 0.0300 0.5830 238.0000 23.8000 0.0000 10.7383 2.0000 
3110 3111 968 -0.7755 0.4833 -9.5703 -0.9445 0.7619 -9.8769 0.0300 0.4474 238.0000 23.8000 0.0000 12.0000 2.0000 
2835 3112 969 -0.1126 -0.3692 -8.6492 0.2136 -0.4813 -9.0126 0.0300 0.5011 238.0000 23.8000 0.0000 8.9056 2.0000 
3112 3113 969 0.2136 -0.4813 -9.0126 0.5379 -0.5798 -9.3537 0.0300 0.4809 238.0000 23.8000 0.0000 9.6630 2.0000 
3113 3114 969 0.5379 -0.5798 -9.3537 0.8761 -0.6822 -9.7086 0.0300 0.5008 238.0000 23.8000 0.0000 10.6976 2.0000 
3114 3115 969 0.8761 -0.6822 -9.7086 1.1770 -0.7785 -10.0185 0.0300 0.4425 238.0000 23.8000 0.0000 12.0000 2.0000 
2836 3116 970 -0.1243 -0.3804 -8.8547 -0.3951 -0.2358 -9.1603 0.0300 0.4332 238.0000 23.8000 0.0000 8.9120 2.0000 
3116 3117 970 -0.3951 -0.2358 -9.1603 -0.7383 -0.0526 -9.5474 0.0300 0.5488 238.0000 23.8000 0.0000 9.7985 2.0000 
3117 3118 970 -0.7383 -0.0526 -9.5474 -1.0280 0.0956 -9.8808 0.0300 0.4658 238.0000 23.8000 0.0000 10.7808 2.0000 
3118 3119 970 -1.0280 0.0956 -9.8808 -1.2898 0.2312 -10.1320 0.0300 0.3873 238.0000 23.8000 0.0000 11.8799 2.0000 
3119 3120 970 -1.2898 0.2312 -10.1320 -1.3133 0.2446 -10.1547 0.0300 0.0354 238.0000 23.8000 0.0000 12.0000 2.0000 
2837 3121 971 -0.1283 -0.3890 -9.0465 -0.0215 -0.1595 -9.4480 0.0300 0.4747 238.0000 23.8000 0.0000 9.0674 2.0000 
3121 3122 971 -0.0215 -0.1595 -9.4480 0.1202 0.0883 -9.9067 0.0300 0.5402 238.0000 23.8000 0.0000 9.9887 2.0000 
3122 3123 971 0.1202 0.0883 -9.9067 0.1935 0.3047 -10.2701 0.0300 0.4293 238.0000 23.8000 0.0000 10.9325 2.0000 
3123 3124 971 0.1935 0.3047 -10.2701 0.2588 0.5001 -10.5767 0.0300 0.3694 238.0000 23.8000 0.0000 12.0000 2.0000 
2838 3125 972 -0.1269 -0.4036 -9.2370 -0.2232 -0.1292 -9.6228 0.0300 0.4831 238.0000 23.8000 0.0000 9.3391 2.0000 
3125 3126 972 -0.2232 -0.1292 -9.6228 -0.3056 0.1050 -9.9641 0.0300 0.4221 238.0000 23.8000 0.0000 10.2404 2.0000 
3126 3127 972 -0.3056 0.1050 -9.9641 -0.4367 0.4002 -10.3276 0.0300 0.4862 238.0000 23.8000 0.0000 11.5530 2.0000 
3127 3128 972 -0.4367 0.4002 -10.3276 -0.4734 0.4829 -10.4301 0.0300 0.1368 238.0000 23.8000 0.0000 12.0000 2.0000 
2839 3129 973 -0.1239 -0.4203 -9.4542 -0.3435 -0.2758 -9.7582 0.0300 0.4019 238.0000 23.8000 0.0000 9.0347 2.0000 
3129 3130 973 -0.3435 -0.2758 -9.7582 -0.6232 -0.0882 -10.1149 0.0300 0.4905 238.0000 23.8000 0.0000 9.7289 2.0000 
3130 3131 973 -0.6232 -0.0882 -10.1149 -0.8782 0.1106 -10.4851 0.0300 0.4915 238.0000 23.8000 0.0000 10.6304 2.0000 
3131 3132 973 -0.8782 0.1106 -10.4851 -1.1293 0.3217 -10.8674 0.0300 0.5039 238.0000 23.8000 0.0000 11.9548 2.0000 
3132 3133 973 -1.1293 0.3217 -10.8674 -1.1361 0.3274 -10.8778 0.0300 0.0136 238.0000 23.8000 0.0000 12.0000 2.0000 
2840 3134 974 -0.1249 -0.4369 -9.6485 -0.4137 -0.6642 -9.9764 0.0300 0.4926 238.0000 23.8000 0.0000 9.2474 2.0000 
3134 3135 974 -0.4137 -0.6642 -9.9764 -0.7144 -0.9215 -10.3063 0.0300 0.5152 238.0000 23.8000 0.0000 10.0447 2.0000 
3135 3136 974 -0.7144 -0.9215 -10.3063 -0.9529 -1.1028 -10.5647 0.0300 0.3956 238.0000 23.8000 0.0000 10.8300 2.0000 
3136 3137 974 -0.9529 -1.1028 -10.5647 -1.1797 -1.2850 -10.8880 0.0300 0.4349 238.0000 23.8000 0.0000 12.0000 2.0000 
2841 3138 975 -0.1463 -0.4494 -9.8567 -0.1297 -0.8241 -10.2139 0.0300 0.5180 238.0000 23.8000 0.0000 9.4593 2.0000 
3138 3139 975 -0.1297 -0.8241 -10.2139 -0.0608 -1.1133 -10.5182 0.0300 0.4254 238.0000 23.8000 0.0000 10.2116 2.0000 
3139 3140 975 -0.0608 -1.1133 -10.5182 0.0050 -1.4015 -10.8213 0.0300 0.4234 238.0000 23.8000 0.0000 11.1550 2.0000 
3140 3141 975 0.0050 -1.4015 -10.8213 0.0507 -1.6003 -11.0366 0.0300 0.2967 238.0000 23.8000 0.0000 12.0000 2.0000 
2842 3142 976 -0.1630 -0.4631 -10.0375 -0.5115 -0.3161 -10.4166 0.0300 0.5355 238.0000 23.8000 0.0000 9.4513 2.0000 
3142 3143 976 -0.5115 -0.3161 -10.4166 -0.8565 -0.1963 -10.7740 0.0300 0.5110 238.0000 23.8000 0.0000 10.2516 2.0000 
3143 3144 976 -0.8565 -0.1963 -10.7740 -1.2289 -0.0858 -11.1150 0.0300 0.5169 238.0000 23.8000 0.0000 11.3269 2.0000 
3144 3145 976 -1.2289 -0.0858 -11.1150 -1.3958 -0.0249 -11.2867 0.0300 0.2472 238.0000 23.8000 0.0000 12.0000 2.0000 
2843 3146 977 -0.1732 -0.4793 -10.2451 -0.0959 -0.2218 -10.5763 0.0300 0.4265 238.0000 23.8000 0.0000 9.5976 2.0000 
3146 3147 977 -0.0959 -0.2218 -10.5763 -0.0207 0.0522 -11.0109 0.0300 0.5192 238.0000 23.8000 0.0000 10.7022 2.0000 
3147 3148 977 -0.0207 0.0522 -11.0109 0.0790 0.3523 -11.3553 0.0300 0.4675 238.0000 23.8000 0.0000 12.0000 2.0000 
2844 3149 978 -0.1912 -0.4917 -10.4449 -0.5373 -0.5306 -10.7417 0.0300 0.4576 238.0000 23.8000 0.0000 9.5397 2.0000 
3149 3150 978 -0.5373 -0.5306 -10.7417 -0.9344 -0.5401 -11.0655 0.0300 0.5125 238.0000 23.8000 0.0000 10.3699 2.0000 
3150 3151 978 -0.9344 -0.5401 -11.0655 -1.3711 -0.5356 -11.4066 0.0300 0.5541 238.0000 23.8000 0.0000 11.5538 2.0000 
3151 3152 978 -1.3711 -0.5356 -11.4066 -1.5016 -0.5346 -11.5092 0.0300 0.1660 238.0000 23.8000 0.0000 12.0000 2.0000 
2845 3153 979 -0.2041 -0.4926 -10.6598 -0.0644 -0.2097 -10.9831 0.0300 0.4518 238.0000 23.8000 0.0000 9.5687 2.0000 
3153 3154 979 -0.0644 -0.2097 -10.9831 0.0546 0.0503 -11.3037 0.0300 0.4296 238.0000 23.8000 0.0000 10.2063 2.0000 
3154 3155 979 0.0546 0.0503 -11.3037 0.2086 0.3213 -11.6650 0.0300 0.4771 238.0000 23.8000 0.0000 11.1037 2.0000 
3155 3156 979 0.2086 0.3213 -11.6650 0.3263 0.5246 -11.9385 0.0300 0.3606 238.0000 23.8000 0.0000 12.0000 2.0000 
2846 3157 980 -0.2171 -0.4953 -10.8537 -0.4432 -0.2559 -11.2216 0.0300 0.4938 238.0000 23.8000 0.0000 9.7236 2.0000 
3157 3158 980 -0.4432 -0.2559 -11.2216 -0.6882 -0.0818 -11.5914 0.0300 0.4766 238.0000 23.8000 0.0000 10.4692 2.0000 
3158 3159 980 -0.6882 -0.0818 -11.5914 -0.9425 0.0990 -12.0144 0.0300 0.5256 238.0000 23.8000 0.0000 11.5171 2.0000 
3159 3160 980 -0.9425 0.0990 -12.0144 -1.0360 0.1671 -12.1728 0.0300 0.1961 238.0000 23.8000 0.0000 12.0000 2.0000 
2847 3161 981 -0.2308 -0.4983 -11.0549 -0.5159 -0.5203 -11.3274 0.0300 0.3949 238.0000 23.8000 0.0000 9.6780 2.0000 
3161 3162 981 -0.5159 -0.5203 -11.3274 -0.8437 -0.5887 -11.6654 0.0300 0.4758 238.0000 23.8000 0.0000 10.4374 2.0000 
3162 3163 981 -0.8437 -0.5887 -11.6654 -1.1698 -0.6571 -11.9999 0.0300 0.4722 238.0000 23.8000 0.0000 11.4176 2.0000 
3163 3164 981 -1.1698 -0.6571 -11.9999 -1.3278 -0.6970 -12.1489 0.0300 0.2208 238.0000 23.8000 0.0000 12.0000 2.0000 
2848 3165 982 -0.2511 -0.5051 -11.2424 0.0050 -0.7351 -11.6033 0.0300 0.4988 238.0000 23.8000 0.0000 10.0612 2.0000 
3165 3166 982 0.0050 -0.7351 -11.6033 0.2663 -0.9565 -11.9858 0.0300 0.5134 238.0000 23.8000 0.0000 11.1024 2.0000 
3166 3167 982 0.2663 -0.9565 -11.9858 0.4608 -1.0873 -12.2611 0.0300 0.3615 238.0000 23.8000 0.0000 12.0000 2.0000 
2849 3168 983 -0.2832 -0.5062 -11.4343 -0.1514 -0.7720 -11.7821 0.0300 0.4572 238.0000 23.8000 0.0000 9.9228 2.0000 
3168 3169 983 -0.1514 -0.7720 -11.7821 -0.0218 -1.0218 -12.1237 0.0300 0.4426 238.0000 23.8000 0.0000 10.6530 2.0000 
3169 3170 983 -0.0218 -1.0218 -12.1237 0.0951 -1.2678 -12.4510 0.0300 0.4258 238.0000 23.8000 0.0000 11.5370 2.0000 
3170 3171 983 0.0951 -1.2678 -12.4510 0.1523 -1.3780 -12.5862 0.0300 0.1836 238.0000 23.8000 0.0000 12.0000 2.0000 
2850 3172 984 -0.3173 -0.5080 -11.6268 -0.2914 -0.1816 -11.9676 0.0300 0.4726 238.0000 23.8000 0.0000 9.9708 2.0000 
3172 3173 984 -0.2914 -0.1816 -11.9676 -0.2567 0.1451 -12.3168 0.0300 0.4795 238.0000 23.8000 0.0000 10.7094 2.0000 
3173 3174 984 -0.2567 0.1451 -12.3168 -0.2003 0.5174 -12.6504 0.0300 0.5031 238.0000 23.8000 0.0000 11.7111 2.0000 
3174 3175 984 -0.2003 0.5174 -12.6504 -0.1897 0.6090 -12.7262 0.0300 0.1194 238.0000 23.8000 0.0000 12.0000 2.0000 
2851 3176 985 -0.3530 -0.5161 -11.8171 -0.5029 -0.8404 -12.1086 0.0300 0.4611 238.0000 23.8000 0.0000 10.0361 2.0000 
3176 3177 985 -0.5029 -0.8404 -12.1086 -0.6900 -1.1712 -12.3717 0.0300 0.4622 238.0000 23.8000 0.0000 10.7506 2.0000 
3177 3178 985 -0.6900 -1.1712 -12.3717 -0.9104 -1.5602 -12.6585 0.0300 0.5312 238.0000 23.8000 0.0000 11.8097 2.0000 
3178 3179 985 -0.9104 -1.5602 -12.6585 -0.9462 -1.6174 -12.7004 0.0300 0.0794 238.0000 23.8000 0.0000 12.0000 2.0000 
2852 3180 986 -0.3853 -0.5177 -12.0120 -0.7181 -0.3946 -12.2840 0.0300 0.4471 238.0000 23.8000 0.0000 10.1978 2.0000 
3180 3181 986 -0.7181 -0.3946 -12.2840 -1.0672 -0.2606 -12.5728 0.0300 0.4725 238.0000 23.8000 0.0000 11.0698 2.0000 
3181 3182 986 -1.0672 -0.2606 -12.5728 -1.3675 -0.1484 -12.8141 0.0300 0.4013 238.0000 23.8000 0.0000 12.0000 2.0000 
2853 3183 987 -0.4152 -0.5149 -12.2013 -0.2902 -0.7809 -12.5814 0.0300 0.4804 238.0000 23.8000 0.0000 10.2019 2.0000 
3183 3184 987 -0.2902 -0.7809 -12.5814 -0.1698 -1.0382 -12.9470 0.0300 0.4630 238.0000 23.8000 0.0000 10.9069 2.0000 
3184 3185 987 -0.1698 -1.0382 -12.9470 -0.0228 -1.3838 -13.3660 0.0300 0.5627 238.0000 23.8000 0.0000 12.0000 2.0000 
2854 3186 988 -0.4465 -0.5120 -12.3933 -0.3299 -0.8476 -12.8093 0.0300 0.5471 238.0000 23.8000 0.0000 10.5086 2.0000 
3186 3187 988 -0.3299 -0.8476 -12.8093 -0.2558 -1.1293 -13.1749 0.0300 0.4675 238.0000 23.8000 0.0000 11.3908 2.0000 
3187 3188 988 -0.2558 -1.1293 -13.1749 -0.2130 -1.2928 -13.3873 0.0300 0.2714 238.0000 23.8000 0.0000 12.0000 2.0000 
2855 3189 989 -0.4725 -0.5131 -12.5953 -0.7842 -0.3737 -12.8681 0.0300 0.4371 238.0000 23.8000 0.0000 10.2696 2.0000 
3189 3190 989 -0.7842 -0.3737 -12.8681 -1.1382 -0.2104 -13.1717 0.0300 0.4941 238.0000 23.8000 0.0000 10.9959 2.0000 
3190 3191 989 -1.1382 -0.2104 -13.1717 -1.4812 -0.0745 -13.4683 0.0300 0.4734 238.0000 23.8000 0.0000 11.8869 2.0000 
3191 3192 989 -1.4812 -0.0745 -13.4683 -1.5185 -0.0599 -13.5005 0.0300 0.0513 238.0000 23.8000 0.0000 12.0000 2.0000 
2856 3193 990 -0.4999 -0.5196 -12.7752 -0.3545 -0.7657 -13.1417 0.0300 0.4649 238.0000 23.8000 0.0000 10.5904 2.0000 
3193 3194 990 -0.3545 -0.7657 -13.1417 -0.1869 -0.9970 -13.4963 0.0300 0.4553 238.0000 23.8000 0.0000 11.5245 2.0000 
3194 3195 990 -0.1869 -0.9970 -13.4963 -0.1167 -1.0949 -13.6518 0.0300 0.1967 238.0000 23.8000 0.0000 12.0000 2.0000 
2857 3196 991 -0.5242 -0.5406 -12.9911 -0.7056 -0.2855 -13.3343 0.0300 0.4645 238.0000 23.8000 0.0000 10.4322 2.0000 
3196 3197 991 -0.7056 -0.2855 -13.3343 -0.8683 -0.0583 -13.6394 0.0300 0.4137 238.0000 23.8000 0.0000 11.0173 2.0000 
3197 3198 991 -0.8683 -0.0583 -13.6394 -1.0275 0.1578 -13.9217 0.0300 0.3896 238.0000 23.8000 0.0000 11.6999 2.0000 
3198 3199 991 -1.0275 0.1578 -13.9217 -1.0919 0.2371 -14.0242 0.0300 0.1447 238.0000 23.8000 0.0000 12.0000 2.0000 
2858 3200 992 -0.5590 -0.5739 -13.1963 -0.2871 -0.7059 -13.5862 0.0300 0.4933 238.0000 23.8000 0.0000 10.5872 2.0000 
3200 3201 992 -0.2871 -0.7059 -13.5862 0.0017 -0.8535 -13.9916 0.0300 0.5192 238.0000 23.8000 0.0000 11.3896 2.0000 
3201 3202 992 0.0017 -0.8535 -13.9916 0.1816 -0.9459 -14.2402 0.0300 0.3204 238.0000 23.8000 0.0000 12.0000 2.0000 
2859 3203 993 -0.5770 -0.6007 -13.3962 -0.2990 -0.5489 -13.7691 0.0300 0.4680 238.0000 23.8000 0.0000 10.6002 2.0000 
3203 3204 993 -0.2990 -0.5489 -13.7691 -0.0420 -0.5008 -14.1141 0.0300 0.4328 238.0000 23.8000 0.0000 11.2274 2.0000 
3204 3205 993 -0.0420 -0.5008 -14.1141 0.2275 -0.4621 -14.4361 0.0300 0.4217 238.0000 23.8000 0.0000 12.0000 2.0000 
2860 3206 994 -0.5965 -0.6447 -13.5970 -0.4843 -1.0300 -13.8941 0.0300 0.4993 238.0000 23.8000 0.0000 10.7893 2.0000 
3206 3207 994 -0.4843 -1.0300 -13.8941 -0.3836 -1.3752 -14.1392 0.0300 0.4352 238.0000 23.8000 0.0000 11.4974 2.0000 
3207 3208 994 -0.3836 -1.3752 -14.1392 -0.3265 -1.5800 -14.2884 0.0300 0.2597 238.0000 23.8000 0.0000 12.0000 2.0000 
2861 3209 995 -0.6206 -0.6872 -13.7897 -0.8289 -1.0397 -14.0415 0.0300 0.4807 238.0000 23.8000 0.0000 10.8496 2.0000 
3209 3210 995 -0.8289 -1.0397 -14.0415 -1.0727 -1.4453 -14.2507 0.0300 0.5174 238.0000 23.8000 0.0000 11.7232 2.0000 
3210 3211 995 -1.0727 -1.4453 -14.2507 -1.1426 -1.5525 -14.3042 0.0300 0.1388 238.0000 23.8000 0.0000 12.0000 2.0000 
2862 3212 996 -0.6506 -0.7216 -13.9868 -0.4432 -0.9792 -14.3186 0.0300 0.4685 238.0000 23.8000 0.0000 10.8727 2.0000 
3212 3213 996 -0.4432 -0.9792 -14.3186 -0.2980 -1.1622 -14.5789 0.0300 0.3497 238.0000 23.8000 0.0000 11.4121 2.0000 
3213 3214 996 -0.2980 -1.1622 -14.5789 -0.1605 -1.3355 -14.8063 0.0300 0.3173 238.0000 23.8000 0.0000 12.0000 2.0000 
2863 3215 997 -0.6731 -0.7383 -14.1866 -0.8104 -0.4050 -14.6338 0.0300 0.5744 238.0000 23.8000 0.0000 11.2090 2.0000 
3215 3216 997 -0.8104 -0.4050 -14.6338 -0.9052 -0.1444 -14.9609 0.0300 0.4288 238.0000 23.8000 0.0000 12.0000 2.0000 
2864 3217 998 -0.6916 -0.7580 -14.3800 -0.4228 -0.9139 -14.7319 0.0300 0.4694 238.0000 23.8000 0.0000 11.1390 2.0000 
3217 3218 998 -0.4228 -0.9139 -14.7319 -0.1456 -1.1011 -15.0512 0.0300 0.4624 238.0000 23.8000 0.0000 12.0000 2.0000 
2865 3219 999 -0.7223 -0.7817 -14.5846 -0.4528 -0.9083 -15.0131 0.0300 0.5218 238.0000 23.8000 0.0000 11.1443 2.0000 
3219 3220 999 -0.4528 -0.9083 -15.0131 -0.1646 -1.0067 -15.4622 0.0300 0.5426 238.0000 23.8000 0.0000 11.9835 2.0000 
3220 3221 999 -0.1646 -1.0067 -15.4622 -0.1597 -1.0085 -15.4699 0.0300 0.0093 238.0000 23.8000 0.0000 12.0000 2.0000 
2866 3222 1000 -0.7471 -0.7956 -14.7693 -0.5841 -0.5416 -15.1621 0.0300 0.4953 238.0000 23.8000 0.0000 11.2456 2.0000 
3222 3223 1000 -0.5841 -0.5416 -15.1621 -0.4588 -0.3319 -15.5038 0.0300 0.4201 238.0000 23.8000 0.0000 11.9436 2.0000 
3223 3224 1000 -0.4588 -0.3319 -15.5038 -0.4495 -0.3168 -15.5285 0.0300 0.0304 238.0000 23.8000 0.0000 12.0000 2.0000 
2867 3225 1001 -0.7775 -0.8151 -14.9559 -0.7658 -1.1687 -15.2710 0.0300 0.4738 238.0000 23.8000 0.0000 11.2303 2.0000 
3225 3226 1001 -0.7658 -1.1687 -15.2710 -0.7691 -1.5383 -15.6158 0.0300 0.5055 238.0000 23.8000 0.0000 12.0000 2.0000 
2868 3227 1002 -0.8124 -0.8480 -15.1580 -1.0644 -1.1141 -15.3669 0.0300 0.4218 238.0000 23.8000 0.0000 11.3375 2.0000 
3227 3228 1002 -1.0644 -1.1141 -15.3669 -1.2946 -1.3720 -15.5337 0.0300 0.3838 238.0000 23.8000 0.0000 12.0000 2.0000 
2869 3229 1003 -0.8466 -0.8826 -15.3645 -0.5824 -0.8322 -15.7351 0.0300 0.4579 238.0000 23.8000 0.0000 11.4828 2.0000 
3229 3230 1003 -0.5824 -0.8322 -15.7351 -0.4100 -0.8056 -15.9779 0.0300 0.2990 238.0000 23.8000 0.0000 12.0000 2.0000 
2870 3231 1004 -0.8770 -0.9226 -15.5613 -0.6255 -1.1721 -15.9050 0.0300 0.4936 238.0000 23.8000 0.0000 11.5378 2.0000 
3231 3232 1004 -0.6255 -1.1721 -15.9050 -0.4815 -1.3228 -16.1186 0.0300 0.2985 238.0000 23.8000 0.0000 12.0000 2.0000 
2871 3233 1005 -0.9101 -0.9550 -15.7465 -1.1336 -0.6884 -16.0978 0.0300 0.4944 238.0000 23.8000 0.0000 11.5395 2.0000 
3233 3234 1005 -1.1336 -0.6884 -16.0978 -1.2793 -0.5177 -16.3356 0.0300 0.3269 238.0000 23.8000 0.0000 12.0000 2.0000 
2872 3235 1006 -0.9522 -0.9958 -15.9422 -0.7765 -0.9163 -16.3070 0.0300 0.4127 238.0000 23.8000 0.0000 11.4987 2.0000 
3235 3236 1006 -0.7765 -0.9163 -16.3070 -0.6251 -0.8357 -16.6388 0.0300 0.3735 238.0000 23.8000 0.0000 12.0000 2.0000 
2873 3237 1007 -0.9830 -1.0274 -16.1451 -0.7578 -1.2208 -16.4677 0.0300 0.4384 238.0000 23.8000 0.0000 11.6834 2.0000 
3237 3238 1007 -0.7578 -1.2208 -16.4677 -0.6570 -1.3060 -16.6317 0.0300 0.2105 238.0000 23.8000 0.0000 12.0000 2.0000 
2874 3239 1008 -1.0156 -1.0372 -16.3292 -0.9002 -1.3383 -16.6291 0.0300 0.4403 238.0000 23.8000 0.0000 11.7663 2.0000 
3239 3240 1008 -0.9002 -1.3383 -16.6291 -0.8609 -1.4459 -16.7342 0.0300 0.1555 238.0000 23.8000 0.0000 12.0000 2.0000 
2875 3241 1009 -1.0358 -1.0510 -16.5170 -1.3679 -1.1440 -16.8531 0.0300 0.4815 238.0000 23.8000 0.0000 11.8017 2.0000 
3241 3242 1009 -1.3679 -1.1440 -16.8531 -1.4737 -1.1719 -16.9590 0.0300 0.1523 238.0000 23.8000 0.0000 12.0000 2.0000 
2876 3243 1010 -1.0573 -1.0653 -16.7157 -0.8682 -1.2137 -16.9959 0.0300 0.3691 238.0000 23.8000 0.0000 11.8345 2.0000 
3243 3244 1010 -0.8682 -1.2137 -16.9959 -0.8114 -1.2568 -17.0797 0.0300 0.1100 238.0000 23.8000 0.0000 12.0000 2.0000 
2877 3245 1011 -1.0775 -1.1041 -16.9135 -1.3375 -0.9870 -17.2142 0.0300 0.4144 238.0000 23.8000 0.0000 12.0000 2.0000 
2878 3246 1012 -1.1021 -1.1438 -17.1130 -1.2024 -1.4589 -17.3261 0.0300 0.3934 238.0000 23.8000 0.0000 12.0000 2.0000 
2879 3247 1013 -1.1288 -1.1842 -17.3209 -1.0537 -1.0350 -17.6056 0.0300 0.3300 238.0000 23.8000 0.0000 12.0000 2.0000 
2880 3248 1014 -1.1518 -1.2211 -17.5076 -1.1646 -1.4537 -17.6968 0.0300 0.3000 238.0000 23.8000 0.0000 12.0000 2.0000 
2881 3249 1015 -1.1773 -1.2550 -17.6945 -1.3306 -1.2276 -17.8379 0.0300 0.2117 238.0000 23.8000 0.0000 12.0000 2.0000 
2882 3250 1016 -1.2015 -1.2874 -17.8726 -1.2928 -1.2362 -17.9833 0.0300 0.1524 238.0000 23.8000 0.0000 12.0000 2.0000 
2883 3251 1017 -1.2220 -1.3177 -18.0679 -1.1707 -1.3909 -18.1532 0.0300 0.1236 238.0000 23.8000 0.0000 12.0000 2.0000 
2884 3252 1018 -1.2348 -1.3415 -18.2587 -1.2458 -1.3083 -18.3024 0.0300 0.0559 238.0000 23.8000 0.0000 12.0000 2.0000 
