node1ID node2ID branchID x1 y1 z1 x2 y2 z2 radius length R G B time type 
0 1 0 0.0000 0.0000 -3.0000 -0.0004 0.0030 -3.0095 0.0965 0.0100 0.0000 0.0000 205.0000 0.0024 1.0000 
1 2 0 -0.0004 0.0030 -3.0095 0.0030 0.0672 -3.2036 0.0965 0.2045 0.0000 0.0000 205.0000 0.0521 1.0000 
2 3 0 0.0030 0.0672 -3.2036 0.0144 0.1330 -3.3982 0.0965 0.2057 0.0000 0.0000 205.0000 0.1021 1.0000 
3 4 0 0.0144 0.1330 -3.3982 0.0426 0.1997 -3.6046 0.0965 0.2188 0.0000 0.0000 205.0000 0.1553 1.0000 
4 5 0 0.0426 0.1997 -3.6046 0.0739 0.2664 -3.7988 0.0965 0.2077 0.0000 0.0000 205.0000 0.2059 1.0000 
5 6 0 0.0739 0.2664 -3.7988 0.1080 0.3290 -3.9790 0.0965 0.1937 0.0000 0.0000 205.0000 0.2531 1.0000 
6 7 0 0.1080 0.3290 -3.9790 0.1409 0.3965 -4.1624 0.0965 0.1982 0.0000 0.0000 205.0000 0.3014 1.0000 
7 8 0 0.1409 0.3965 -4.1624 0.1662 0.4544 -4.3322 0.0965 0.1812 0.0000 0.0000 205.0000 0.3457 1.0000 
8 9 0 0.1662 0.4544 -4.3322 0.2095 0.5060 -4.5178 0.0965 0.1974 0.0000 0.0000 205.0000 0.3939 1.0000 
9 10 0 0.2095 0.5060 -4.5178 0.2507 0.5562 -4.6953 0.0965 0.1890 0.0000 0.0000 205.0000 0.4401 1.0000 
10 11 0 0.2507 0.5562 -4.6953 0.3087 0.6205 -4.9106 0.0965 0.2320 0.0000 0.0000 205.0000 0.4969 1.0000 
11 12 0 0.3087 0.6205 -4.9106 0.3592 0.6771 -5.1001 0.0965 0.2041 0.0000 0.0000 205.0000 0.5469 1.0000 
12 13 0 0.3592 0.6771 -5.1001 0.4067 0.7286 -5.2793 0.0965 0.1924 0.0000 0.0000 205.0000 0.5941 1.0000 
13 14 0 0.4067 0.7286 -5.2793 0.4498 0.7779 -5.4562 0.0965 0.1886 0.0000 0.0000 205.0000 0.6403 1.0000 
14 15 0 0.4498 0.7779 -5.4562 0.4964 0.8365 -5.6533 0.0965 0.2108 0.0000 0.0000 205.0000 0.6921 1.0000 
15 16 0 0.4964 0.8365 -5.6533 0.5373 0.8880 -5.8256 0.0965 0.1844 0.0000 0.0000 205.0000 0.7374 1.0000 
16 17 0 0.5373 0.8880 -5.8256 0.5817 0.9573 -6.0168 0.0965 0.2082 0.0000 0.0000 205.0000 0.7886 1.0000 
17 18 0 0.5817 0.9573 -6.0168 0.6254 1.0217 -6.1979 0.0965 0.1971 0.0000 0.0000 205.0000 0.8371 1.0000 
18 19 0 0.6254 1.0217 -6.1979 0.6592 1.0680 -6.4053 0.0965 0.2151 0.0000 0.0000 205.0000 0.8902 1.0000 
19 20 0 0.6592 1.0680 -6.4053 0.6903 1.1008 -6.5930 0.0965 0.1931 0.0000 0.0000 205.0000 0.9378 1.0000 
20 21 0 0.6903 1.1008 -6.5930 0.7256 1.1376 -6.7961 0.0965 0.2094 0.0000 0.0000 205.0000 0.9895 1.0000 
21 22 0 0.7256 1.1376 -6.7961 0.7562 1.1744 -6.9896 0.0965 0.1994 0.0000 0.0000 205.0000 1.0387 1.0000 
22 23 0 0.7562 1.1744 -6.9896 0.7880 1.2087 -7.1866 0.0965 0.2025 0.0000 0.0000 205.0000 1.0888 1.0000 
23 24 0 0.7880 1.2087 -7.1866 0.8241 1.2363 -7.3965 0.0965 0.2148 0.0000 0.0000 205.0000 1.1419 1.0000 
24 25 0 0.8241 1.2363 -7.3965 0.8504 1.2601 -7.5796 0.0965 0.1865 0.0000 0.0000 205.0000 1.1881 1.0000 
25 26 0 0.8504 1.2601 -7.5796 0.8705 1.2750 -7.7854 0.0965 0.2073 0.0000 0.0000 205.0000 1.2395 1.0000 
26 27 0 0.8705 1.2750 -7.7854 0.8822 1.2922 -7.9664 0.0965 0.1823 0.0000 0.0000 205.0000 1.2847 1.0000 
27 28 0 0.8822 1.2922 -7.9664 0.8883 1.2863 -8.1741 0.0965 0.2078 0.0000 0.0000 205.0000 1.3363 1.0000 
28 29 0 0.8883 1.2863 -8.1741 0.8962 1.2874 -8.3917 0.0965 0.2177 0.0000 0.0000 205.0000 1.3905 1.0000 
29 30 0 0.8962 1.2874 -8.3917 0.9040 1.2901 -8.5892 0.0965 0.1977 0.0000 0.0000 205.0000 1.4396 1.0000 
30 31 0 0.9040 1.2901 -8.5892 0.9113 1.2936 -8.7865 0.0965 0.1974 0.0000 0.0000 205.0000 1.4888 1.0000 
31 32 0 0.9113 1.2936 -8.7865 0.9185 1.2947 -8.9723 0.0965 0.1859 0.0000 0.0000 205.0000 1.5351 1.0000 
32 33 0 0.9185 1.2947 -8.9723 0.9303 1.2891 -9.1734 0.0965 0.2015 0.0000 0.0000 205.0000 1.5854 1.0000 
33 34 0 0.9303 1.2891 -9.1734 0.9308 1.2725 -9.3687 0.0965 0.1960 0.0000 0.0000 205.0000 1.6343 1.0000 
34 35 0 0.9308 1.2725 -9.3687 0.9264 1.2617 -9.5839 0.0965 0.2156 0.0000 0.0000 205.0000 1.6882 1.0000 
35 36 0 0.9264 1.2617 -9.5839 0.9322 1.2602 -9.7832 0.0965 0.1994 0.0000 0.0000 205.0000 1.7380 1.0000 
36 37 0 0.9322 1.2602 -9.7832 0.9327 1.2611 -9.9690 0.0965 0.1858 0.0000 0.0000 205.0000 1.7845 1.0000 
37 38 0 0.9327 1.2611 -9.9690 0.9440 1.2668 -10.1681 0.0965 0.1994 0.0000 0.0000 205.0000 1.8345 1.0000 
38 39 0 0.9440 1.2668 -10.1681 0.9449 1.2704 -10.3711 0.0965 0.2031 0.0000 0.0000 205.0000 1.8854 1.0000 
39 40 0 0.9449 1.2704 -10.3711 0.9489 1.2797 -10.5593 0.0965 0.1884 0.0000 0.0000 205.0000 1.9327 1.0000 
40 41 0 0.9489 1.2797 -10.5593 0.9563 1.2826 -10.7579 0.0965 0.1988 0.0000 0.0000 205.0000 1.9826 1.0000 
41 42 0 0.9563 1.2826 -10.7579 0.9643 1.2872 -10.9650 0.0965 0.2072 0.0000 0.0000 205.0000 2.0347 1.0000 
42 43 0 0.9643 1.2872 -10.9650 0.9733 1.2875 -11.1548 0.0965 0.1901 0.0000 0.0000 205.0000 2.0825 1.0000 
43 44 0 0.9733 1.2875 -11.1548 0.9833 1.3012 -11.3661 0.0965 0.2120 0.0000 0.0000 205.0000 2.1359 1.0000 
44 45 0 0.9833 1.3012 -11.3661 1.0016 1.3086 -11.5657 0.0965 0.2005 0.0000 0.0000 205.0000 2.1864 1.0000 
45 46 0 1.0016 1.3086 -11.5657 1.0175 1.3108 -11.7723 0.0965 0.2073 0.0000 0.0000 205.0000 2.2387 1.0000 
46 47 0 1.0175 1.3108 -11.7723 1.0171 1.3163 -11.9667 0.0965 0.1945 0.0000 0.0000 205.0000 2.2878 1.0000 
47 48 0 1.0171 1.3163 -11.9667 1.0169 1.3214 -12.1758 0.0965 0.2092 0.0000 0.0000 205.0000 2.3407 1.0000 
48 49 0 1.0169 1.3214 -12.1758 1.0178 1.3257 -12.3671 0.0965 0.1913 0.0000 0.0000 205.0000 2.3891 1.0000 
49 50 0 1.0178 1.3257 -12.3671 1.0191 1.3290 -12.5587 0.0965 0.1916 0.0000 0.0000 205.0000 2.4376 1.0000 
50 51 0 1.0191 1.3290 -12.5587 1.0187 1.3326 -12.7563 0.0965 0.1977 0.0000 0.0000 205.0000 2.4876 1.0000 
51 52 0 1.0187 1.3326 -12.7563 1.0214 1.3394 -12.9537 0.0965 0.1975 0.0000 0.0000 205.0000 2.5377 1.0000 
52 53 0 1.0214 1.3394 -12.9537 1.0192 1.3393 -13.1455 0.0965 0.1918 0.0000 0.0000 205.0000 2.5864 1.0000 
53 54 0 1.0192 1.3393 -13.1455 1.0180 1.3408 -13.3403 0.0965 0.1949 0.0000 0.0000 205.0000 2.6359 1.0000 
54 55 0 1.0180 1.3408 -13.3403 1.0169 1.3400 -13.5197 0.0965 0.1794 0.0000 0.0000 205.0000 2.6815 1.0000 
55 56 0 1.0169 1.3400 -13.5197 1.0168 1.3363 -13.7118 0.0965 0.1921 0.0000 0.0000 205.0000 2.7304 1.0000 
56 57 0 1.0168 1.3363 -13.7118 1.0179 1.3317 -13.9158 0.0965 0.2041 0.0000 0.0000 205.0000 2.7824 1.0000 
57 58 0 1.0179 1.3317 -13.9158 1.0202 1.3271 -14.1080 0.0965 0.1922 0.0000 0.0000 205.0000 2.8313 1.0000 
58 59 0 1.0202 1.3271 -14.1080 1.0316 1.3243 -14.3074 0.0965 0.1998 0.0000 0.0000 205.0000 2.8823 1.0000 
59 60 0 1.0316 1.3243 -14.3074 1.0437 1.3312 -14.5063 0.0965 0.1994 0.0000 0.0000 205.0000 2.9332 1.0000 
60 61 0 1.0437 1.3312 -14.5063 1.0566 1.3383 -14.7086 0.0965 0.2028 0.0000 0.0000 205.0000 2.9850 1.0000 
61 62 0 1.0566 1.3383 -14.7086 1.0635 1.3399 -14.9021 0.0965 0.1936 0.0000 0.0000 205.0000 3.0346 1.0000 
62 63 0 1.0635 1.3399 -14.9021 1.0729 1.3469 -15.1073 0.0965 0.2056 0.0000 0.0000 205.0000 3.0872 1.0000 
63 64 0 1.0729 1.3469 -15.1073 1.0858 1.3465 -15.2995 0.0965 0.1926 0.0000 0.0000 205.0000 3.1365 1.0000 
64 65 0 1.0858 1.3465 -15.2995 1.1031 1.3411 -15.5071 0.0965 0.2084 0.0000 0.0000 205.0000 3.1900 1.0000 
65 66 0 1.1031 1.3411 -15.5071 1.1075 1.3235 -15.7097 0.0965 0.2034 0.0000 0.0000 205.0000 3.2422 1.0000 
66 67 0 1.1075 1.3235 -15.7097 1.1150 1.3105 -15.8879 0.0965 0.1787 0.0000 0.0000 205.0000 3.2881 1.0000 
67 68 0 1.1150 1.3105 -15.8879 1.1177 1.2913 -16.0786 0.0965 0.1917 0.0000 0.0000 205.0000 3.3374 1.0000 
68 69 0 1.1177 1.2913 -16.0786 1.1268 1.2738 -16.2668 0.0965 0.1892 0.0000 0.0000 205.0000 3.3861 1.0000 
69 70 0 1.1268 1.2738 -16.2668 1.1369 1.2430 -16.4841 0.0965 0.2197 0.0000 0.0000 205.0000 3.4427 1.0000 
70 71 0 1.1369 1.2430 -16.4841 1.1467 1.2186 -16.6773 0.0965 0.1949 0.0000 0.0000 205.0000 3.4930 1.0000 
71 72 0 1.1467 1.2186 -16.6773 1.1575 1.1904 -16.8828 0.0965 0.2077 0.0000 0.0000 205.0000 3.5466 1.0000 
72 73 0 1.1575 1.1904 -16.8828 1.1677 1.1642 -17.0718 0.0965 0.1910 0.0000 0.0000 205.0000 3.5959 1.0000 
73 74 0 1.1677 1.1642 -17.0718 1.1783 1.1421 -17.2676 0.0965 0.1974 0.0000 0.0000 205.0000 3.6469 1.0000 
74 75 0 1.1783 1.1421 -17.2676 1.1944 1.1184 -17.4721 0.0965 0.2065 0.0000 0.0000 205.0000 3.7004 1.0000 
75 76 0 1.1944 1.1184 -17.4721 1.2122 1.0982 -17.6625 0.0965 0.1922 0.0000 0.0000 205.0000 3.7502 1.0000 
76 77 0 1.2122 1.0982 -17.6625 1.2238 1.0687 -17.8768 0.0965 0.2166 0.0000 0.0000 205.0000 3.8063 1.0000 
77 78 0 1.2238 1.0687 -17.8768 1.2429 1.0412 -18.0788 0.0965 0.2048 0.0000 0.0000 205.0000 3.8594 1.0000 
78 79 0 1.2429 1.0412 -18.0788 1.2640 1.0232 -18.2731 0.0965 0.1963 0.0000 0.0000 205.0000 3.9104 1.0000 
79 80 0 1.2640 1.0232 -18.2731 1.2841 1.0007 -18.4852 0.0965 0.2143 0.0000 0.0000 205.0000 3.9661 1.0000 
80 81 0 1.2841 1.0007 -18.4852 1.3012 0.9814 -18.6673 0.0965 0.1839 0.0000 0.0000 205.0000 4.0140 1.0000 
81 82 0 1.3012 0.9814 -18.6673 1.3258 0.9539 -18.8675 0.0965 0.2036 0.0000 0.0000 205.0000 4.0670 1.0000 
82 83 0 1.3258 0.9539 -18.8675 1.3507 0.9276 -19.0628 0.0965 0.1986 0.0000 0.0000 205.0000 4.1187 1.0000 
83 84 0 1.3507 0.9276 -19.0628 1.3740 0.9146 -19.2540 0.0965 0.1930 0.0000 0.0000 205.0000 4.1691 1.0000 
84 85 0 1.3740 0.9146 -19.2540 1.3948 0.9019 -19.4302 0.0965 0.1780 0.0000 0.0000 205.0000 4.2155 1.0000 
85 86 0 1.3948 0.9019 -19.4302 1.4154 0.8913 -19.6134 0.0965 0.1846 0.0000 0.0000 205.0000 4.2638 1.0000 
86 87 0 1.4154 0.8913 -19.6134 1.4343 0.8815 -19.8001 0.0965 0.1879 0.0000 0.0000 205.0000 4.3129 1.0000 
87 88 0 1.4343 0.8815 -19.8001 1.4473 0.8689 -19.9980 0.0965 0.1987 0.0000 0.0000 205.0000 4.3649 1.0000 
88 89 0 1.4473 0.8689 -19.9980 1.4595 0.8542 -20.1976 0.0965 0.2005 0.0000 0.0000 205.0000 4.4175 1.0000 
89 90 0 1.4595 0.8542 -20.1976 1.4493 0.8402 -20.3931 0.0965 0.1963 0.0000 0.0000 205.0000 4.4690 1.0000 
90 91 0 1.4493 0.8402 -20.3931 1.4341 0.8311 -20.5714 0.0965 0.1791 0.0000 0.0000 205.0000 4.5160 1.0000 
91 92 0 1.4341 0.8311 -20.5714 1.4234 0.8268 -20.7630 0.0965 0.1920 0.0000 0.0000 205.0000 4.5664 1.0000 
92 93 0 1.4234 0.8268 -20.7630 1.4104 0.8266 -20.9522 0.0965 0.1897 0.0000 0.0000 205.0000 4.6163 1.0000 
93 94 0 1.4104 0.8266 -20.9522 1.3980 0.8267 -21.1377 0.0965 0.1858 0.0000 0.0000 205.0000 4.6652 1.0000 
94 95 0 1.3980 0.8267 -21.1377 1.3989 0.8155 -21.3276 0.0965 0.1902 0.0000 0.0000 205.0000 4.7153 1.0000 
95 96 0 1.3989 0.8155 -21.3276 1.3931 0.8037 -21.5222 0.0965 0.1951 0.0000 0.0000 205.0000 4.7667 1.0000 
96 97 0 1.3931 0.8037 -21.5222 1.3794 0.7896 -21.7112 0.0965 0.1900 0.0000 0.0000 205.0000 4.8168 1.0000 
97 98 0 1.3794 0.7896 -21.7112 1.3641 0.7737 -21.9131 0.0965 0.2031 0.0000 0.0000 205.0000 4.8704 1.0000 
98 99 0 1.3641 0.7737 -21.9131 1.3584 0.7617 -22.1163 0.0965 0.2036 0.0000 0.0000 205.0000 4.9243 1.0000 
99 100 0 1.3584 0.7617 -22.1163 1.3529 0.7596 -22.3172 0.0965 0.2011 0.0000 0.0000 205.0000 4.9774 1.0000 
100 101 0 1.3529 0.7596 -22.3172 1.3467 0.7604 -22.5325 0.0965 0.2153 0.0000 0.0000 205.0000 5.0345 1.0000 
101 102 0 1.3467 0.7604 -22.5325 1.3488 0.7503 -22.7272 0.0965 0.1949 0.0000 0.0000 205.0000 5.0861 1.0000 
102 103 0 1.3488 0.7503 -22.7272 1.3512 0.7420 -22.9335 0.0965 0.2066 0.0000 0.0000 205.0000 5.1409 1.0000 
103 104 0 1.3512 0.7420 -22.9335 1.3548 0.7315 -23.1376 0.0965 0.2044 0.0000 0.0000 205.0000 5.1952 1.0000 
104 105 0 1.3548 0.7315 -23.1376 1.3702 0.7053 -23.3403 0.0965 0.2050 0.0000 0.0000 205.0000 5.2497 1.0000 
105 106 0 1.3702 0.7053 -23.3403 1.3811 0.6809 -23.5343 0.0965 0.1958 0.0000 0.0000 205.0000 5.3018 1.0000 
106 107 0 1.3811 0.6809 -23.5343 1.3813 0.6569 -23.7275 0.0965 0.1947 0.0000 0.0000 205.0000 5.3536 1.0000 
107 108 0 1.3813 0.6569 -23.7275 1.3824 0.6337 -23.9267 0.0965 0.2005 0.0000 0.0000 205.0000 5.4071 1.0000 
108 109 0 1.3824 0.6337 -23.9267 1.3782 0.6119 -24.1229 0.0965 0.1974 0.0000 0.0000 205.0000 5.4598 1.0000 
109 110 0 1.3782 0.6119 -24.1229 1.3724 0.5921 -24.3125 0.0965 0.1908 0.0000 0.0000 205.0000 5.5107 1.0000 
110 111 0 1.3724 0.5921 -24.3125 1.3647 0.5798 -24.5126 0.0965 0.2006 0.0000 0.0000 205.0000 5.5643 1.0000 
111 112 0 1.3647 0.5798 -24.5126 1.3556 0.5672 -24.7062 0.0965 0.1942 0.0000 0.0000 205.0000 5.6163 1.0000 
112 113 0 1.3556 0.5672 -24.7062 1.3393 0.5635 -24.9233 0.0965 0.2177 0.0000 0.0000 205.0000 5.6746 1.0000 
113 114 0 1.3393 0.5635 -24.9233 1.3259 0.5623 -25.1199 0.0965 0.1971 0.0000 0.0000 205.0000 5.7274 1.0000 
114 115 0 1.3259 0.5623 -25.1199 1.3194 0.5569 -25.3309 0.0965 0.2112 0.0000 0.0000 205.0000 5.7841 1.0000 
115 116 0 1.3194 0.5569 -25.3309 1.3130 0.5518 -25.5292 0.0965 0.1984 0.0000 0.0000 205.0000 5.8373 1.0000 
116 117 0 1.3130 0.5518 -25.5292 1.3046 0.5531 -25.7292 0.0965 0.2002 0.0000 0.0000 205.0000 5.8911 1.0000 
117 118 0 1.3046 0.5531 -25.7292 1.2948 0.5507 -25.9224 0.0965 0.1935 0.0000 0.0000 205.0000 5.9432 1.0000 
118 119 0 1.2948 0.5507 -25.9224 1.2871 0.5475 -26.1117 0.0965 0.1895 0.0000 0.0000 205.0000 5.9942 1.0000 
119 120 0 1.2871 0.5475 -26.1117 1.2886 0.5531 -26.3056 0.0965 0.1940 0.0000 0.0000 205.0000 6.0465 1.0000 
120 121 0 1.2886 0.5531 -26.3056 1.2883 0.5521 -26.4892 0.0965 0.1836 0.0000 0.0000 205.0000 6.0960 1.0000 
121 122 0 1.2883 0.5521 -26.4892 1.2877 0.5563 -26.6902 0.0965 0.2011 0.0000 0.0000 205.0000 6.1503 1.0000 
122 123 0 1.2877 0.5563 -26.6902 1.2892 0.5511 -26.8788 0.0965 0.1886 0.0000 0.0000 205.0000 6.2013 1.0000 
123 124 0 1.2892 0.5511 -26.8788 1.2911 0.5444 -27.0699 0.0965 0.1912 0.0000 0.0000 205.0000 6.2530 1.0000 
124 125 0 1.2911 0.5444 -27.0699 1.2826 0.5318 -27.2563 0.0965 0.1871 0.0000 0.0000 205.0000 6.3037 1.0000 
125 126 0 1.2826 0.5318 -27.2563 1.2760 0.5316 -27.4401 0.0965 0.1839 0.0000 0.0000 205.0000 6.3535 1.0000 
126 127 0 1.2760 0.5316 -27.4401 1.2682 0.5388 -27.6413 0.0965 0.2015 0.0000 0.0000 205.0000 6.4082 1.0000 
127 128 0 1.2682 0.5388 -27.6413 1.2493 0.5401 -27.8454 0.0965 0.2049 0.0000 0.0000 205.0000 6.4638 1.0000 
128 129 0 1.2493 0.5401 -27.8454 1.2376 0.5424 -28.0403 0.0965 0.1952 0.0000 0.0000 205.0000 6.5168 1.0000 
129 130 0 1.2376 0.5424 -28.0403 1.2324 0.5487 -28.2258 0.0965 0.1857 0.0000 0.0000 205.0000 6.5673 1.0000 
130 131 0 1.2324 0.5487 -28.2258 1.2257 0.5544 -28.4034 0.0965 0.1779 0.0000 0.0000 205.0000 6.6158 1.0000 
131 132 0 1.2257 0.5544 -28.4034 1.2161 0.5650 -28.5979 0.0965 0.1950 0.0000 0.0000 205.0000 6.6689 1.0000 
132 133 0 1.2161 0.5650 -28.5979 1.2047 0.5771 -28.7955 0.0965 0.1983 0.0000 0.0000 205.0000 6.7230 1.0000 
133 134 0 1.2047 0.5771 -28.7955 1.1938 0.5894 -28.9993 0.0965 0.2044 0.0000 0.0000 205.0000 6.7788 1.0000 
134 135 0 1.1938 0.5894 -28.9993 1.1800 0.5951 -29.1917 0.0965 0.1930 0.0000 0.0000 205.0000 6.8315 1.0000 
135 136 0 1.1800 0.5951 -29.1917 1.1669 0.5947 -29.3908 0.0965 0.1995 0.0000 0.0000 205.0000 6.8861 1.0000 
136 137 0 1.1669 0.5947 -29.3908 1.1503 0.5919 -29.5760 0.0965 0.1860 0.0000 0.0000 205.0000 6.9370 1.0000 
137 138 0 1.1503 0.5919 -29.5760 1.1348 0.5845 -29.7854 0.0965 0.2101 0.0000 0.0000 205.0000 6.9945 1.0000 
138 139 0 1.1348 0.5845 -29.7854 1.1391 0.5841 -29.9943 0.0965 0.2090 0.0000 0.0000 205.0000 7.0519 1.0000 
139 140 0 1.1391 0.5841 -29.9943 1.1428 0.5833 -30.1907 0.0965 0.1964 0.0000 0.0000 205.0000 7.1058 1.0000 
140 141 0 1.1428 0.5833 -30.1907 1.1381 0.5881 -30.3852 0.0965 0.1946 0.0000 0.0000 205.0000 7.1593 1.0000 
141 142 0 1.1381 0.5881 -30.3852 1.1314 0.5808 -30.5780 0.0965 0.1931 0.0000 0.0000 205.0000 7.2124 1.0000 
142 143 0 1.1314 0.5808 -30.5780 1.1133 0.5732 -30.7930 0.0965 0.2158 0.0000 0.0000 205.0000 7.2718 1.0000 
143 144 0 1.1133 0.5732 -30.7930 1.0967 0.5713 -30.9747 0.0965 0.1825 0.0000 0.0000 205.0000 7.3221 1.0000 
144 145 0 1.0967 0.5713 -30.9747 1.0697 0.5807 -31.1688 0.0965 0.1962 0.0000 0.0000 205.0000 7.3762 1.0000 
145 146 0 1.0697 0.5807 -31.1688 1.0433 0.5988 -31.3647 0.0965 0.1984 0.0000 0.0000 205.0000 7.4310 1.0000 
146 147 0 1.0433 0.5988 -31.3647 1.0145 0.6070 -31.5702 0.0965 0.2076 0.0000 0.0000 205.0000 7.4884 1.0000 
147 148 0 1.0145 0.6070 -31.5702 0.9794 0.6311 -31.7626 0.0965 0.1971 0.0000 0.0000 205.0000 7.5429 1.0000 
148 149 0 0.9794 0.6311 -31.7626 0.9323 0.6543 -31.9558 0.0965 0.2002 0.0000 0.0000 205.0000 7.5983 1.0000 
149 150 0 0.9323 0.6543 -31.9558 0.8944 0.6796 -32.1460 0.0965 0.1956 0.0000 0.0000 205.0000 7.6525 1.0000 
150 151 0 0.8944 0.6796 -32.1460 0.8560 0.7015 -32.3417 0.0965 0.2007 0.0000 0.0000 205.0000 7.7082 1.0000 
151 152 0 0.8560 0.7015 -32.3417 0.8378 0.7341 -32.5255 0.0965 0.1875 0.0000 0.0000 205.0000 7.7603 1.0000 
152 153 0 0.8378 0.7341 -32.5255 0.8256 0.7628 -32.7038 0.0965 0.1810 0.0000 0.0000 205.0000 7.8106 1.0000 
153 154 0 0.8256 0.7628 -32.7038 0.8177 0.7947 -32.8998 0.0965 0.1987 0.0000 0.0000 205.0000 7.8659 1.0000 
154 155 0 0.8177 0.7947 -32.8998 0.8101 0.8275 -33.1000 0.0965 0.2030 0.0000 0.0000 205.0000 7.9224 1.0000 
155 156 0 0.8101 0.8275 -33.1000 0.8017 0.8463 -33.3077 0.0965 0.2087 0.0000 0.0000 205.0000 7.9806 1.0000 
156 157 0 0.8017 0.8463 -33.3077 0.8006 0.8632 -33.5162 0.0965 0.2092 0.0000 0.0000 205.0000 8.0389 1.0000 
157 158 0 0.8006 0.8632 -33.5162 0.7888 0.8840 -33.7056 0.0965 0.1909 0.0000 0.0000 205.0000 8.0922 1.0000 
158 159 0 0.7888 0.8840 -33.7056 0.7718 0.9112 -33.9190 0.0965 0.2158 0.0000 0.0000 205.0000 8.1526 1.0000 
159 160 0 0.7718 0.9112 -33.9190 0.7572 0.9384 -34.1214 0.0965 0.2048 0.0000 0.0000 205.0000 8.2099 1.0000 
160 161 0 0.7572 0.9384 -34.1214 0.7431 0.9657 -34.3239 0.0965 0.2048 0.0000 0.0000 205.0000 8.2672 1.0000 
161 162 0 0.7431 0.9657 -34.3239 0.7375 0.9921 -34.5280 0.0965 0.2059 0.0000 0.0000 205.0000 8.3250 1.0000 
162 163 0 0.7375 0.9921 -34.5280 0.7330 1.0153 -34.7124 0.0965 0.1859 0.0000 0.0000 205.0000 8.3772 1.0000 
163 164 0 0.7330 1.0153 -34.7124 0.7283 1.0386 -34.8979 0.0965 0.1870 0.0000 0.0000 205.0000 8.4297 1.0000 
164 165 0 0.7283 1.0386 -34.8979 0.7378 1.0593 -35.1061 0.0965 0.2095 0.0000 0.0000 205.0000 8.4886 1.0000 
165 166 0 0.7378 1.0593 -35.1061 0.7463 1.0838 -35.3057 0.0965 0.2013 0.0000 0.0000 205.0000 8.5452 1.0000 
166 167 0 0.7463 1.0838 -35.3057 0.7588 1.1084 -35.5081 0.0965 0.2043 0.0000 0.0000 205.0000 8.6028 1.0000 
167 168 0 0.7588 1.1084 -35.5081 0.7598 1.1213 -35.7004 0.0965 0.1927 0.0000 0.0000 205.0000 8.6571 1.0000 
168 169 0 0.7598 1.1213 -35.7004 0.7639 1.1332 -35.9016 0.0965 0.2017 0.0000 0.0000 205.0000 8.7141 1.0000 
169 170 0 0.7639 1.1332 -35.9016 0.7832 1.1531 -36.1066 0.0965 0.2068 0.0000 0.0000 205.0000 8.7725 1.0000 
170 171 0 0.7832 1.1531 -36.1066 0.8006 1.1725 -36.3110 0.0965 0.2061 0.0000 0.0000 205.0000 8.8308 1.0000 
171 172 0 0.8006 1.1725 -36.3110 0.8120 1.1926 -36.5096 0.0965 0.1999 0.0000 0.0000 205.0000 8.8874 1.0000 
172 173 0 0.8120 1.1926 -36.5096 0.8030 1.2133 -36.7124 0.0965 0.2040 0.0000 0.0000 205.0000 8.9453 1.0000 
173 174 0 0.8030 1.2133 -36.7124 0.7863 1.2309 -36.9113 0.0965 0.2003 0.0000 0.0000 205.0000 9.0021 1.0000 
174 175 0 0.7863 1.2309 -36.9113 0.7736 1.2444 -37.1016 0.0965 0.1912 0.0000 0.0000 205.0000 9.0564 1.0000 
175 176 0 0.7736 1.2444 -37.1016 0.7656 1.2539 -37.2913 0.0965 0.1901 0.0000 0.0000 205.0000 9.1105 1.0000 
176 177 0 0.7656 1.2539 -37.2913 0.7610 1.2606 -37.5013 0.0965 0.2102 0.0000 0.0000 205.0000 9.1703 1.0000 
177 178 0 0.7610 1.2606 -37.5013 0.7525 1.2713 -37.7130 0.0965 0.2121 0.0000 0.0000 205.0000 9.2307 1.0000 
178 179 0 0.7525 1.2713 -37.7130 0.7252 1.2727 -37.9094 0.0965 0.1984 0.0000 0.0000 205.0000 9.2872 1.0000 
179 180 0 0.7252 1.2727 -37.9094 0.6843 1.2743 -38.1087 0.0965 0.2035 0.0000 0.0000 205.0000 9.3453 1.0000 
180 181 0 0.6843 1.2743 -38.1087 0.6297 1.2786 -38.3045 0.0965 0.2033 0.0000 0.0000 205.0000 9.4034 1.0000 
181 182 0 0.6297 1.2786 -38.3045 0.5764 1.2844 -38.5017 0.0965 0.2044 0.0000 0.0000 205.0000 9.4619 1.0000 
182 183 0 0.5764 1.2844 -38.5017 0.5184 1.2971 -38.6990 0.0965 0.2061 0.0000 0.0000 205.0000 9.5208 1.0000 
183 184 0 0.5184 1.2971 -38.6990 0.4658 1.3046 -38.8881 0.0965 0.1964 0.0000 0.0000 205.0000 9.5771 1.0000 
184 185 0 0.4658 1.3046 -38.8881 0.4361 1.3128 -39.0721 0.0965 0.1865 0.0000 0.0000 205.0000 9.6306 1.0000 
185 186 0 0.4361 1.3128 -39.0721 0.4101 1.3176 -39.2800 0.0965 0.2096 0.0000 0.0000 205.0000 9.6908 1.0000 
186 187 0 0.4101 1.3176 -39.2800 0.3823 1.3235 -39.4754 0.0965 0.1974 0.0000 0.0000 205.0000 9.7476 1.0000 
187 188 0 0.3823 1.3235 -39.4754 0.3590 1.3334 -39.6630 0.0965 0.1893 0.0000 0.0000 205.0000 9.8020 1.0000 
188 189 0 0.3590 1.3334 -39.6630 0.3360 1.3472 -39.8344 0.0965 0.1735 0.0000 0.0000 205.0000 9.8520 1.0000 
189 190 0 0.3360 1.3472 -39.8344 0.3134 1.3530 -40.0362 0.0965 0.2031 0.0000 0.0000 205.0000 9.9105 1.0000 
190 191 0 0.3134 1.3530 -40.0362 0.2911 1.3588 -40.2352 0.0965 0.2004 0.0000 0.0000 205.0000 9.9683 1.0000 
191 192 0 0.2911 1.3588 -40.2352 0.2635 1.3550 -40.4334 0.0965 0.2002 0.0000 0.0000 205.0000 10.0262 1.0000 
192 193 0 0.2635 1.3550 -40.4334 0.2351 1.3493 -40.6322 0.0965 0.2009 0.0000 0.0000 205.0000 10.0842 1.0000 
193 194 0 0.2351 1.3493 -40.6322 0.2035 1.3494 -40.8369 0.0965 0.2071 0.0000 0.0000 205.0000 10.1442 1.0000 
194 195 0 0.2035 1.3494 -40.8369 0.1725 1.3496 -41.0384 0.0965 0.2039 0.0000 0.0000 205.0000 10.2032 1.0000 
195 196 0 0.1725 1.3496 -41.0384 0.1413 1.3411 -41.2319 0.0965 0.1963 0.0000 0.0000 205.0000 10.2602 1.0000 
196 197 0 0.1413 1.3411 -41.2319 0.1148 1.3295 -41.4243 0.0965 0.1945 0.0000 0.0000 205.0000 10.3166 1.0000 
197 198 0 0.1148 1.3295 -41.4243 0.0872 1.3181 -41.6224 0.0965 0.2004 0.0000 0.0000 205.0000 10.3748 1.0000 
198 199 0 0.0872 1.3181 -41.6224 0.0692 1.3052 -41.8143 0.0965 0.1932 0.0000 0.0000 205.0000 10.4310 1.0000 
199 200 0 0.0692 1.3052 -41.8143 0.0474 1.2867 -42.0156 0.0965 0.2033 0.0000 0.0000 205.0000 10.4902 1.0000 
200 201 0 0.0474 1.2867 -42.0156 0.0214 1.2680 -42.2346 0.0965 0.2213 0.0000 0.0000 205.0000 10.5547 1.0000 
201 202 0 0.0214 1.2680 -42.2346 -0.0187 1.2525 -42.4207 0.0965 0.1911 0.0000 0.0000 205.0000 10.6105 1.0000 
202 203 0 -0.0187 1.2525 -42.4207 -0.0615 1.2398 -42.6121 0.0965 0.1965 0.0000 0.0000 205.0000 10.6679 1.0000 
203 204 0 -0.0615 1.2398 -42.6121 -0.1017 1.2268 -42.8033 0.0965 0.1959 0.0000 0.0000 205.0000 10.7251 1.0000 
204 205 0 -0.1017 1.2268 -42.8033 -0.1472 1.2133 -43.0057 0.0965 0.2079 0.0000 0.0000 205.0000 10.7860 1.0000 
205 206 0 -0.1472 1.2133 -43.0057 -0.1929 1.2001 -43.2085 0.0965 0.2083 0.0000 0.0000 205.0000 10.8470 1.0000 
206 207 0 -0.1929 1.2001 -43.2085 -0.2364 1.1979 -43.4046 0.0965 0.2009 0.0000 0.0000 205.0000 10.9059 1.0000 
207 208 0 -0.2364 1.1979 -43.4046 -0.2804 1.1997 -43.6079 0.0965 0.2080 0.0000 0.0000 205.0000 10.9670 1.0000 
208 209 0 -0.2804 1.1997 -43.6079 -0.3199 1.1907 -43.8024 0.0965 0.1987 0.0000 0.0000 205.0000 11.0254 1.0000 
209 210 0 -0.3199 1.1907 -43.8024 -0.3587 1.1837 -44.0072 0.0965 0.2086 0.0000 0.0000 205.0000 11.0867 1.0000 
210 211 0 -0.3587 1.1837 -44.0072 -0.3898 1.1762 -44.2100 0.0965 0.2053 0.0000 0.0000 205.0000 11.1472 1.0000 
211 212 0 -0.3898 1.1762 -44.2100 -0.4177 1.1651 -44.4063 0.0965 0.1986 0.0000 0.0000 205.0000 11.2057 1.0000 
212 213 0 -0.4177 1.1651 -44.4063 -0.4471 1.1605 -44.6102 0.0965 0.2060 0.0000 0.0000 205.0000 11.2665 1.0000 
213 214 0 -0.4471 1.1605 -44.6102 -0.4768 1.1549 -44.8177 0.0965 0.2097 0.0000 0.0000 205.0000 11.3285 1.0000 
214 215 0 -0.4768 1.1549 -44.8177 -0.5047 1.1503 -45.0178 0.0965 0.2021 0.0000 0.0000 205.0000 11.3883 1.0000 
215 216 0 -0.5047 1.1503 -45.0178 -0.5304 1.1454 -45.1986 0.0965 0.1827 0.0000 0.0000 205.0000 11.4423 1.0000 
216 217 0 -0.5304 1.1454 -45.1986 -0.5467 1.1477 -45.3865 0.0965 0.1886 0.0000 0.0000 205.0000 11.4982 1.0000 
217 218 0 -0.5467 1.1477 -45.3865 -0.5436 1.1397 -45.5957 0.0965 0.2093 0.0000 0.0000 205.0000 11.5603 1.0000 
218 219 0 -0.5436 1.1397 -45.5957 -0.5417 1.1346 -45.7728 0.0965 0.1772 0.0000 0.0000 205.0000 11.6129 1.0000 
219 220 0 -0.5417 1.1346 -45.7728 -0.5386 1.1322 -45.9732 0.0965 0.2005 0.0000 0.0000 205.0000 11.6725 1.0000 
220 221 0 -0.5386 1.1322 -45.9732 -0.5360 1.1331 -46.1681 0.0965 0.1949 0.0000 0.0000 205.0000 11.7305 1.0000 
221 222 0 -0.5360 1.1331 -46.1681 -0.5312 1.1351 -46.3480 0.0965 0.1800 0.0000 0.0000 205.0000 11.7841 1.0000 
222 223 0 -0.5312 1.1351 -46.3480 -0.5310 1.1343 -46.5363 0.0965 0.1883 0.0000 0.0000 205.0000 11.8402 1.0000 
223 224 0 -0.5310 1.1343 -46.5363 -0.5297 1.1317 -46.7360 0.0965 0.1997 0.0000 0.0000 205.0000 11.8998 1.0000 
224 225 0 -0.5297 1.1317 -46.7360 -0.5285 1.1290 -46.9388 0.0965 0.2028 0.0000 0.0000 205.0000 11.9604 1.0000 
225 226 0 -0.5285 1.1290 -46.9388 -0.5201 1.1238 -47.0709 0.0965 0.1324 0.0000 0.0000 205.0000 12.0000 1.0000 
1 227 6 -0.0004 0.0030 -3.0095 -0.0362 0.4460 -3.2634 0.0300 0.5119 238.0000 23.8000 0.0000 4.1801 2.0000 
227 228 6 -0.0362 0.4460 -3.2634 -0.0693 0.8786 -3.5114 0.0300 0.4997 238.0000 23.8000 0.0000 5.0454 2.0000 
228 229 6 -0.0693 0.8786 -3.5114 -0.0513 1.3616 -3.8109 0.0300 0.5686 238.0000 23.8000 0.0000 6.3190 2.0000 
229 230 6 -0.0513 1.3616 -3.8109 -0.0361 1.7551 -4.0565 0.0300 0.4640 238.0000 23.8000 0.0000 7.7631 2.0000 
230 231 6 -0.0361 1.7551 -4.0565 -0.0337 2.1801 -4.3011 0.0300 0.4904 238.0000 23.8000 0.0000 10.1794 2.0000 
231 232 6 -0.0337 2.1801 -4.3011 -0.0338 2.3690 -4.4130 0.0300 0.2196 238.0000 23.8000 0.0000 12.0000 2.0000 
2 233 7 0.0030 0.0672 -3.2036 0.0082 -0.1016 -3.6199 0.0300 0.4492 238.0000 23.8000 0.0000 4.2128 2.0000 
233 234 7 0.0082 -0.1016 -3.6199 -0.0215 -0.2548 -4.0998 0.0300 0.5046 238.0000 23.8000 0.0000 5.1874 2.0000 
234 235 7 -0.0215 -0.2548 -4.0998 -0.0820 -0.3326 -4.4979 0.0300 0.4101 238.0000 23.8000 0.0000 6.1895 2.0000 
235 236 7 -0.0820 -0.3326 -4.4979 -0.1496 -0.4472 -5.0278 0.0300 0.5464 238.0000 23.8000 0.0000 8.0584 2.0000 
236 237 7 -0.1496 -0.4472 -5.0278 -0.2090 -0.5468 -5.4911 0.0300 0.4776 238.0000 23.8000 0.0000 10.8873 2.0000 
237 238 7 -0.2090 -0.5468 -5.4911 -0.2168 -0.5732 -5.6034 0.0300 0.1156 238.0000 23.8000 0.0000 12.0000 2.0000 
3 239 8 0.0144 0.1330 -3.3982 0.2170 -0.0086 -3.7798 0.0300 0.4547 238.0000 23.8000 0.0000 4.1777 2.0000 
239 240 8 0.2170 -0.0086 -3.7798 0.4472 -0.1622 -4.2048 0.0300 0.5071 238.0000 23.8000 0.0000 5.0192 2.0000 
240 241 8 0.4472 -0.1622 -4.2048 0.6582 -0.3047 -4.5963 0.0300 0.4671 238.0000 23.8000 0.0000 6.0058 2.0000 
241 242 8 0.6582 -0.3047 -4.5963 0.9071 -0.4728 -5.0629 0.0300 0.5549 238.0000 23.8000 0.0000 7.6597 2.0000 
242 243 8 0.9071 -0.4728 -5.0629 1.1309 -0.6418 -5.4902 0.0300 0.5111 238.0000 23.8000 0.0000 10.3231 2.0000 
243 244 8 1.1309 -0.6418 -5.4902 1.2094 -0.7011 -5.6396 0.0300 0.1789 238.0000 23.8000 0.0000 12.0000 2.0000 
4 245 9 0.0426 0.1997 -3.6046 -0.2353 0.1814 -4.0472 0.0300 0.5229 238.0000 23.8000 0.0000 4.2146 2.0000 
245 246 9 -0.2353 0.1814 -4.0472 -0.4638 0.1665 -4.4368 0.0300 0.4519 238.0000 23.8000 0.0000 4.8566 2.0000 
246 247 9 -0.4638 0.1665 -4.4368 -0.7183 0.1320 -4.8114 0.0300 0.4541 238.0000 23.8000 0.0000 5.6811 2.0000 
247 248 9 -0.7183 0.1320 -4.8114 -1.0409 0.0962 -5.2579 0.0300 0.5520 238.0000 23.8000 0.0000 7.1435 2.0000 
248 249 9 -1.0409 0.0962 -5.2579 -1.2664 0.0729 -5.5687 0.0300 0.3848 238.0000 23.8000 0.0000 8.8828 2.0000 
249 250 9 -1.2664 0.0729 -5.5687 -1.4428 0.0469 -5.8276 0.0300 0.3143 238.0000 23.8000 0.0000 12.0000 2.0000 
5 251 10 0.0739 0.2664 -3.7988 0.0784 0.0819 -4.2773 0.0300 0.5128 238.0000 23.8000 0.0000 4.4671 2.0000 
251 252 10 0.0784 0.0819 -4.2773 0.0916 -0.1162 -4.7040 0.0300 0.4707 238.0000 23.8000 0.0000 5.3734 2.0000 
252 253 10 0.0916 -0.1162 -4.7040 0.1033 -0.2991 -5.0951 0.0300 0.4319 238.0000 23.8000 0.0000 6.4301 2.0000 
253 254 10 0.1033 -0.2991 -5.0951 0.0802 -0.5257 -5.5510 0.0300 0.5096 238.0000 23.8000 0.0000 8.1794 2.0000 
254 255 10 0.0802 -0.5257 -5.5510 0.0471 -0.6894 -5.9560 0.0300 0.4381 238.0000 23.8000 0.0000 10.6927 2.0000 
255 256 10 0.0471 -0.6894 -5.9560 0.0361 -0.7423 -6.0864 0.0300 0.1411 238.0000 23.8000 0.0000 12.0000 2.0000 
6 257 11 0.1080 0.3290 -3.9790 0.1261 0.0644 -4.4325 0.0300 0.5254 238.0000 23.8000 0.0000 4.3948 2.0000 
257 258 11 0.1261 0.0644 -4.4325 0.1480 -0.1891 -4.8220 0.0300 0.4652 238.0000 23.8000 0.0000 5.1243 2.0000 
258 259 11 0.1480 -0.1891 -4.8220 0.1717 -0.4689 -5.2464 0.0300 0.5089 238.0000 23.8000 0.0000 6.1364 2.0000 
259 260 11 0.1717 -0.4689 -5.2464 0.1901 -0.7358 -5.6636 0.0300 0.4957 238.0000 23.8000 0.0000 7.4995 2.0000 
260 261 11 0.1901 -0.7358 -5.6636 0.2102 -1.0270 -6.1176 0.0300 0.5397 238.0000 23.8000 0.0000 9.9846 2.0000 
261 262 11 0.2102 -1.0270 -6.1176 0.2285 -1.1574 -6.3112 0.0300 0.2342 238.0000 23.8000 0.0000 12.0000 2.0000 
7 263 12 0.1409 0.3965 -4.1624 -0.1090 0.7570 -4.3898 0.0300 0.4942 238.0000 23.8000 0.0000 4.4076 2.0000 
263 264 12 -0.1090 0.7570 -4.3898 -0.3507 1.1293 -4.6154 0.0300 0.4978 238.0000 23.8000 0.0000 5.1981 2.0000 
264 265 12 -0.3507 1.1293 -4.6154 -0.5943 1.5019 -4.8376 0.0300 0.4975 238.0000 23.8000 0.0000 6.2191 2.0000 
265 266 12 -0.5943 1.5019 -4.8376 -0.8748 1.8713 -4.9910 0.0300 0.4885 238.0000 23.8000 0.0000 7.6323 2.0000 
266 267 12 -0.8748 1.8713 -4.9910 -1.1594 2.2855 -5.1537 0.0300 0.5283 238.0000 23.8000 0.0000 10.3276 2.0000 
267 268 12 -1.1594 2.2855 -5.1537 -1.2424 2.4265 -5.2113 0.0300 0.1734 238.0000 23.8000 0.0000 12.0000 2.0000 
8 269 13 0.1662 0.4544 -4.3322 -0.0498 0.5397 -4.6419 0.0300 0.3871 238.0000 23.8000 0.0000 4.2531 2.0000 
269 270 13 -0.0498 0.5397 -4.6419 -0.3042 0.6688 -4.9975 0.0300 0.4559 238.0000 23.8000 0.0000 4.8696 2.0000 
270 271 13 -0.3042 0.6688 -4.9975 -0.5745 0.8350 -5.4572 0.0300 0.5585 238.0000 23.8000 0.0000 5.8545 2.0000 
271 272 13 -0.5745 0.8350 -5.4572 -0.8490 0.9642 -5.8604 0.0300 0.5046 238.0000 23.8000 0.0000 7.1552 2.0000 
272 273 13 -0.8490 0.9642 -5.8604 -1.0705 1.1076 -6.2096 0.0300 0.4377 238.0000 23.8000 0.0000 9.0713 2.0000 
273 274 13 -1.0705 1.1076 -6.2096 -1.2295 1.1978 -6.4523 0.0300 0.3039 238.0000 23.8000 0.0000 12.0000 2.0000 
9 275 14 0.2095 0.5060 -4.5178 0.0422 0.7939 -4.8070 0.0300 0.4411 238.0000 23.8000 0.0000 4.4095 2.0000 
275 276 14 0.0422 0.7939 -4.8070 -0.1261 1.1100 -5.1104 0.0300 0.4693 238.0000 23.8000 0.0000 5.1154 2.0000 
276 277 14 -0.1261 1.1100 -5.1104 -0.2959 1.3899 -5.3988 0.0300 0.4363 238.0000 23.8000 0.0000 5.9537 2.0000 
277 278 14 -0.2959 1.3899 -5.3988 -0.4700 1.6874 -5.7376 0.0300 0.4834 238.0000 23.8000 0.0000 7.2537 2.0000 
278 279 14 -0.4700 1.6874 -5.7376 -0.6338 1.9917 -6.0679 0.0300 0.4781 238.0000 23.8000 0.0000 9.4754 2.0000 
279 280 14 -0.6338 1.9917 -6.0679 -0.7243 2.1574 -6.2419 0.0300 0.2567 238.0000 23.8000 0.0000 12.0000 2.0000 
10 281 15 0.2507 0.5562 -4.6953 0.0206 0.6335 -5.0483 0.0300 0.4284 238.0000 23.8000 0.0000 4.5330 2.0000 
281 282 15 0.0206 0.6335 -5.0483 -0.2259 0.7275 -5.4474 0.0300 0.4784 238.0000 23.8000 0.0000 5.3673 2.0000 
282 283 15 -0.2259 0.7275 -5.4474 -0.4456 0.8070 -5.8029 0.0300 0.4254 238.0000 23.8000 0.0000 6.3017 2.0000 
283 284 15 -0.4456 0.8070 -5.8029 -0.7235 0.8973 -6.2422 0.0300 0.5276 238.0000 23.8000 0.0000 7.9094 2.0000 
284 285 15 -0.7235 0.8973 -6.2422 -0.9807 0.9783 -6.7164 0.0300 0.5456 238.0000 23.8000 0.0000 10.8805 2.0000 
285 286 15 -0.9807 0.9783 -6.7164 -1.0397 0.9955 -6.8171 0.0300 0.1179 238.0000 23.8000 0.0000 12.0000 2.0000 
11 287 16 0.3087 0.6205 -4.9106 0.0744 0.6473 -5.3800 0.0300 0.5253 238.0000 23.8000 0.0000 4.8169 2.0000 
287 288 16 0.0744 0.6473 -5.3800 -0.1787 0.6083 -5.7988 0.0300 0.4909 238.0000 23.8000 0.0000 5.7962 2.0000 
288 289 16 -0.1787 0.6083 -5.7988 -0.3896 0.5709 -6.1643 0.0300 0.4236 238.0000 23.8000 0.0000 6.8783 2.0000 
289 290 16 -0.3896 0.5709 -6.1643 -0.6051 0.5479 -6.5545 0.0300 0.4463 238.0000 23.8000 0.0000 8.4407 2.0000 
290 291 16 -0.6051 0.5479 -6.5545 -0.8285 0.5494 -6.9378 0.0300 0.4436 238.0000 23.8000 0.0000 10.9518 2.0000 
291 292 16 -0.8285 0.5494 -6.9378 -0.8884 0.5497 -7.0408 0.0300 0.1192 238.0000 23.8000 0.0000 12.0000 2.0000 
12 293 17 0.3592 0.6771 -5.1001 0.1474 0.8492 -5.4977 0.0300 0.4823 238.0000 23.8000 0.0000 4.6035 2.0000 
293 294 17 0.1474 0.8492 -5.4977 -0.0441 1.0048 -5.8581 0.0300 0.4367 238.0000 23.8000 0.0000 5.2423 2.0000 
294 295 17 -0.0441 1.0048 -5.8581 -0.2438 1.1626 -6.2315 0.0300 0.4519 238.0000 23.8000 0.0000 6.0895 2.0000 
295 296 17 -0.2438 1.1626 -6.2315 -0.4542 1.3358 -6.6343 0.0300 0.4863 238.0000 23.8000 0.0000 7.3908 2.0000 
296 297 17 -0.4542 1.3358 -6.6343 -0.6307 1.4989 -6.9917 0.0300 0.4307 238.0000 23.8000 0.0000 9.3685 2.0000 
297 298 17 -0.6307 1.4989 -6.9917 -0.7465 1.5862 -7.2172 0.0300 0.2681 238.0000 23.8000 0.0000 12.0000 2.0000 
13 299 18 0.4067 0.7286 -5.2793 0.1248 0.8497 -5.7404 0.0300 0.5539 238.0000 23.8000 0.0000 4.8429 2.0000 
299 300 18 0.1248 0.8497 -5.7404 -0.0972 0.9747 -6.1778 0.0300 0.5062 238.0000 23.8000 0.0000 5.7021 2.0000 
300 301 18 -0.0972 0.9747 -6.1778 -0.2731 1.1071 -6.6084 0.0300 0.4836 238.0000 23.8000 0.0000 6.7472 2.0000 
301 302 18 -0.2731 1.1071 -6.6084 -0.4855 1.2632 -7.0940 0.0300 0.5525 238.0000 23.8000 0.0000 8.4288 2.0000 
302 303 18 -0.4855 1.2632 -7.0940 -0.6945 1.4137 -7.5337 0.0300 0.5096 238.0000 23.8000 0.0000 11.0957 2.0000 
303 304 18 -0.6945 1.4137 -7.5337 -0.7431 1.4423 -7.6256 0.0300 0.1078 238.0000 23.8000 0.0000 12.0000 2.0000 
14 305 19 0.4498 0.7779 -5.4562 0.8399 0.9772 -5.6800 0.0300 0.4919 238.0000 23.8000 0.0000 4.6337 2.0000 
305 306 19 0.8399 0.9772 -5.6800 1.2103 1.1677 -5.8918 0.0300 0.4674 238.0000 23.8000 0.0000 5.2258 2.0000 
306 307 19 1.2103 1.1677 -5.8918 1.5414 1.3595 -6.0994 0.0300 0.4353 238.0000 23.8000 0.0000 5.9296 2.0000 
307 308 19 1.5414 1.3595 -6.0994 1.8764 1.5543 -6.3116 0.0300 0.4418 238.0000 23.8000 0.0000 6.9090 2.0000 
308 309 19 1.8764 1.5543 -6.3116 2.2134 1.7486 -6.5272 0.0300 0.4448 238.0000 23.8000 0.0000 8.4952 2.0000 
309 310 19 2.2134 1.7486 -6.5272 2.5149 1.9246 -6.7173 0.0300 0.3975 238.0000 23.8000 0.0000 12.0000 2.0000 
15 311 20 0.4964 0.8365 -5.6533 0.8546 1.1223 -5.8490 0.0300 0.4984 238.0000 23.8000 0.0000 4.8171 2.0000 
311 312 20 0.8546 1.1223 -5.8490 1.2385 1.4497 -6.0669 0.0300 0.5495 238.0000 23.8000 0.0000 5.6805 2.0000 
312 313 20 1.2385 1.4497 -6.0669 1.6064 1.7254 -6.2797 0.0300 0.5066 238.0000 23.8000 0.0000 6.7194 2.0000 
313 314 20 1.6064 1.7254 -6.2797 1.9120 2.0003 -6.4575 0.0300 0.4479 238.0000 23.8000 0.0000 7.9876 2.0000 
314 315 20 1.9120 2.0003 -6.4575 2.2194 2.2885 -6.6659 0.0300 0.4701 238.0000 23.8000 0.0000 10.1123 2.0000 
315 316 20 2.2194 2.2885 -6.6659 2.3730 2.4322 -6.7747 0.0300 0.2368 238.0000 23.8000 0.0000 12.0000 2.0000 
16 317 21 0.5373 0.8880 -5.8256 0.4313 1.2854 -6.1244 0.0300 0.5084 238.0000 23.8000 0.0000 4.8090 2.0000 
317 318 21 0.4313 1.2854 -6.1244 0.3194 1.6357 -6.3839 0.0300 0.4500 238.0000 23.8000 0.0000 5.4401 2.0000 
318 319 21 0.3194 1.6357 -6.3839 0.2316 1.9751 -6.6695 0.0300 0.4522 238.0000 23.8000 0.0000 6.2530 2.0000 
319 320 21 0.2316 1.9751 -6.6695 0.1489 2.3172 -6.9362 0.0300 0.4416 238.0000 23.8000 0.0000 7.3554 2.0000 
320 321 21 0.1489 2.3172 -6.9362 0.0472 2.6976 -7.2329 0.0300 0.4930 238.0000 23.8000 0.0000 9.4654 2.0000 
321 322 21 0.0472 2.6976 -7.2329 -0.0121 2.8989 -7.3995 0.0300 0.2680 238.0000 23.8000 0.0000 12.0000 2.0000 
17 323 22 0.5817 0.9573 -6.0168 0.6497 1.3474 -6.2019 0.0300 0.4370 238.0000 23.8000 0.0000 4.8599 2.0000 
323 324 22 0.6497 1.3474 -6.2019 0.7613 1.7796 -6.4088 0.0300 0.4920 238.0000 23.8000 0.0000 5.6542 2.0000 
324 325 22 0.7613 1.7796 -6.4088 0.8828 2.2238 -6.6158 0.0300 0.5049 238.0000 23.8000 0.0000 6.7315 2.0000 
325 326 22 0.8828 2.2238 -6.6158 0.9753 2.5876 -6.7732 0.0300 0.4070 238.0000 23.8000 0.0000 7.9565 2.0000 
326 327 22 0.9753 2.5876 -6.7732 1.0811 3.0293 -6.9936 0.0300 0.5048 238.0000 23.8000 0.0000 10.6248 2.0000 
327 328 22 1.0811 3.0293 -6.9936 1.1081 3.1540 -7.0491 0.0300 0.1391 238.0000 23.8000 0.0000 12.0000 2.0000 
18 329 23 0.6254 1.0217 -6.1979 0.6177 1.4086 -6.4291 0.0300 0.4507 238.0000 23.8000 0.0000 4.9214 2.0000 
329 330 23 0.6177 1.4086 -6.4291 0.6148 1.8407 -6.6793 0.0300 0.4993 238.0000 23.8000 0.0000 5.7193 2.0000 
330 331 23 0.6148 1.8407 -6.6793 0.6121 2.1670 -6.8650 0.0300 0.3755 238.0000 23.8000 0.0000 6.4785 2.0000 
331 332 23 0.6121 2.1670 -6.8650 0.6153 2.6043 -7.1092 0.0300 0.5009 238.0000 23.8000 0.0000 7.8736 2.0000 
332 333 23 0.6153 2.6043 -7.1092 0.6294 3.0097 -7.3495 0.0300 0.4715 238.0000 23.8000 0.0000 10.1247 2.0000 
333 334 23 0.6294 3.0097 -7.3495 0.6359 3.1897 -7.4562 0.0300 0.2094 238.0000 23.8000 0.0000 12.0000 2.0000 
19 335 24 0.6592 1.0680 -6.4053 1.0154 1.0081 -6.7093 0.0300 0.4722 238.0000 23.8000 0.0000 5.1967 2.0000 
335 336 24 1.0154 1.0081 -6.7093 1.3329 0.9664 -6.9997 0.0300 0.4323 238.0000 23.8000 0.0000 6.0814 2.0000 
336 337 24 1.3329 0.9664 -6.9997 1.6911 0.9112 -7.2964 0.0300 0.4684 238.0000 23.8000 0.0000 7.2833 2.0000 
337 338 24 1.6911 0.9112 -7.2964 2.0550 0.8753 -7.6177 0.0300 0.4868 238.0000 23.8000 0.0000 8.9947 2.0000 
338 339 24 2.0550 0.8753 -7.6177 2.4410 0.8284 -7.9590 0.0300 0.5173 238.0000 23.8000 0.0000 12.0000 2.0000 
20 340 25 0.6903 1.1008 -6.5930 0.7920 1.5032 -6.8696 0.0300 0.4987 238.0000 23.8000 0.0000 5.1576 2.0000 
340 341 25 0.7920 1.5032 -6.8696 0.8668 1.8730 -7.1004 0.0300 0.4423 238.0000 23.8000 0.0000 5.9293 2.0000 
341 342 25 0.8668 1.8730 -7.1004 0.9417 2.2719 -7.3355 0.0300 0.4690 238.0000 23.8000 0.0000 6.9684 2.0000 
342 343 25 0.9417 2.2719 -7.3355 1.0287 2.6497 -7.6054 0.0300 0.4725 238.0000 23.8000 0.0000 8.4213 2.0000 
343 344 25 1.0287 2.6497 -7.6054 1.1445 3.0491 -7.9162 0.0300 0.5191 238.0000 23.8000 0.0000 11.1644 2.0000 
344 345 25 1.1445 3.0491 -7.9162 1.1665 3.1235 -7.9734 0.0300 0.0964 238.0000 23.8000 0.0000 12.0000 2.0000 
21 346 26 0.7256 1.1376 -6.7961 0.6991 1.4196 -7.0166 0.0300 0.3590 238.0000 23.8000 0.0000 5.0636 2.0000 
346 347 26 0.6991 1.4196 -7.0166 0.6888 1.7819 -7.3111 0.0300 0.4670 238.0000 23.8000 0.0000 5.9472 2.0000 
347 348 26 0.6888 1.7819 -7.3111 0.6881 2.1937 -7.6509 0.0300 0.5340 238.0000 23.8000 0.0000 7.2843 2.0000 
348 349 26 0.6881 2.1937 -7.6509 0.6824 2.4593 -7.8776 0.0300 0.3492 238.0000 23.8000 0.0000 8.4949 2.0000 
349 350 26 0.6824 2.4593 -7.8776 0.6455 2.8286 -8.1911 0.0300 0.4858 238.0000 23.8000 0.0000 11.2368 2.0000 
350 351 26 0.6455 2.8286 -8.1911 0.6387 2.8936 -8.2453 0.0300 0.0849 238.0000 23.8000 0.0000 12.0000 2.0000 
22 352 27 0.7562 1.1744 -6.9896 0.6571 0.8855 -7.4161 0.0300 0.5246 238.0000 23.8000 0.0000 5.3041 2.0000 
352 353 27 0.6571 0.8855 -7.4161 0.5603 0.5691 -7.8828 0.0300 0.5721 238.0000 23.8000 0.0000 6.3333 2.0000 
353 354 27 0.5603 0.5691 -7.8828 0.4998 0.3250 -8.3180 0.0300 0.5027 238.0000 23.8000 0.0000 7.5317 2.0000 
354 355 27 0.4998 0.3250 -8.3180 0.4660 0.1433 -8.6805 0.0300 0.4069 238.0000 23.8000 0.0000 8.8687 2.0000 
355 356 27 0.4660 0.1433 -8.6805 0.4332 -0.1178 -9.1570 0.0300 0.5443 238.0000 23.8000 0.0000 11.9322 2.0000 
356 357 27 0.4332 -0.1178 -9.1570 0.4328 -0.1216 -9.1639 0.0300 0.0079 238.0000 23.8000 0.0000 12.0000 2.0000 
23 358 28 0.7880 1.2087 -7.1866 0.7153 1.0123 -7.5331 0.0300 0.4049 238.0000 23.8000 0.0000 5.1586 2.0000 
358 359 28 0.7153 1.0123 -7.5331 0.6437 0.8279 -7.8578 0.0300 0.3802 238.0000 23.8000 0.0000 5.7721 2.0000 
359 360 28 0.6437 0.8279 -7.8578 0.5441 0.5725 -8.3077 0.0300 0.5268 238.0000 23.8000 0.0000 6.8461 2.0000 
360 361 28 0.5441 0.5725 -8.3077 0.4373 0.3022 -8.7770 0.0300 0.5521 238.0000 23.8000 0.0000 8.4831 2.0000 
361 362 28 0.4373 0.3022 -8.7770 0.3365 0.0317 -9.2444 0.0300 0.5493 238.0000 23.8000 0.0000 11.5698 2.0000 
362 363 28 0.3365 0.0317 -9.2444 0.3294 0.0096 -9.2833 0.0300 0.0454 238.0000 23.8000 0.0000 12.0000 2.0000 
24 364 29 0.8241 1.2363 -7.3965 0.8758 0.9535 -7.7737 0.0300 0.4742 238.0000 23.8000 0.0000 5.3674 2.0000 
364 365 29 0.8758 0.9535 -7.7737 0.9532 0.7239 -8.1122 0.0300 0.4163 238.0000 23.8000 0.0000 6.1107 2.0000 
365 366 29 0.9532 0.7239 -8.1122 1.0689 0.4545 -8.5158 0.0300 0.4989 238.0000 23.8000 0.0000 7.2315 2.0000 
366 367 29 1.0689 0.4545 -8.5158 1.1361 0.1181 -8.9599 0.0300 0.5611 238.0000 23.8000 0.0000 9.0355 2.0000 
367 368 29 1.1361 0.1181 -8.9599 1.2119 -0.1637 -9.3760 0.0300 0.5083 238.0000 23.8000 0.0000 11.9254 2.0000 
368 369 29 1.2119 -0.1637 -9.3760 1.2133 -0.1687 -9.3833 0.0300 0.0089 238.0000 23.8000 0.0000 12.0000 2.0000 
25 370 30 0.8504 1.2601 -7.5796 0.9133 1.0149 -7.8999 0.0300 0.4083 238.0000 23.8000 0.0000 5.2529 2.0000 
370 371 30 0.9133 1.0149 -7.8999 1.0137 0.6914 -8.3020 0.0300 0.5257 238.0000 23.8000 0.0000 6.1138 2.0000 
371 372 30 1.0137 0.6914 -8.3020 1.1129 0.4446 -8.6169 0.0300 0.4122 238.0000 23.8000 0.0000 6.9874 2.0000 
372 373 30 1.1129 0.4446 -8.6169 1.2318 0.1501 -8.9917 0.0300 0.4912 238.0000 23.8000 0.0000 8.4541 2.0000 
373 374 30 1.2318 0.1501 -8.9917 1.3503 -0.1283 -9.3680 0.0300 0.4830 238.0000 23.8000 0.0000 11.0479 2.0000 
374 375 30 1.3503 -0.1283 -9.3680 1.3739 -0.1846 -9.4503 0.0300 0.1024 238.0000 23.8000 0.0000 12.0000 2.0000 
26 376 31 0.8705 1.2750 -7.7854 1.1277 1.1031 -8.0603 0.0300 0.4139 238.0000 23.8000 0.0000 5.2459 2.0000 
376 377 31 1.1277 1.1031 -8.0603 1.3985 0.9328 -8.3518 0.0300 0.4328 238.0000 23.8000 0.0000 5.8531 2.0000 
377 378 31 1.3985 0.9328 -8.3518 1.6861 0.7461 -8.6643 0.0300 0.4640 238.0000 23.8000 0.0000 6.6857 2.0000 
378 379 31 1.6861 0.7461 -8.6643 1.9666 0.5655 -8.9907 0.0300 0.4666 238.0000 23.8000 0.0000 7.8655 2.0000 
379 380 31 1.9666 0.5655 -8.9907 2.2024 0.4224 -9.2864 0.0300 0.4044 238.0000 23.8000 0.0000 9.5191 2.0000 
380 381 31 2.2024 0.4224 -9.2864 2.3924 0.3322 -9.5045 0.0300 0.3030 238.0000 23.8000 0.0000 12.0000 2.0000 
27 382 32 0.8822 1.2922 -7.9664 1.1730 1.2075 -8.2745 0.0300 0.4320 238.0000 23.8000 0.0000 5.4196 2.0000 
382 383 32 1.1730 1.2075 -8.2745 1.4593 1.1265 -8.6005 0.0300 0.4413 238.0000 23.8000 0.0000 6.1761 2.0000 
383 384 32 1.4593 1.1265 -8.6005 1.7752 1.0523 -8.9185 0.0300 0.4544 238.0000 23.8000 0.0000 7.1816 2.0000 
384 385 32 1.7752 1.0523 -8.9185 2.1049 0.9271 -9.2676 0.0300 0.4962 238.0000 23.8000 0.0000 8.7771 2.0000 
385 386 32 2.1049 0.9271 -9.2676 2.3430 0.8329 -9.5292 0.0300 0.3661 238.0000 23.8000 0.0000 10.7470 2.0000 
386 387 32 2.3430 0.8329 -9.5292 2.4261 0.7953 -9.6412 0.0300 0.1444 238.0000 23.8000 0.0000 12.0000 2.0000 
28 388 33 0.8883 1.2863 -8.1741 1.0027 1.0048 -8.4657 0.0300 0.4211 238.0000 23.8000 0.0000 5.4665 2.0000 
388 389 33 1.0027 1.0048 -8.4657 1.1408 0.7092 -8.8102 0.0300 0.4744 238.0000 23.8000 0.0000 6.2778 2.0000 
389 390 33 1.1408 0.7092 -8.8102 1.2843 0.4066 -9.1592 0.0300 0.4838 238.0000 23.8000 0.0000 7.3320 2.0000 
390 391 33 1.2843 0.4066 -9.1592 1.4043 0.0759 -9.5275 0.0300 0.5092 238.0000 23.8000 0.0000 8.8863 2.0000 
391 392 33 1.4043 0.0759 -9.5275 1.5239 -0.2480 -9.8882 0.0300 0.4994 238.0000 23.8000 0.0000 11.4725 2.0000 
392 393 33 1.5239 -0.2480 -9.8882 1.5410 -0.2916 -9.9356 0.0300 0.0666 238.0000 23.8000 0.0000 12.0000 2.0000 
29 394 34 0.8962 1.2874 -8.3917 1.2009 1.0902 -8.7503 0.0300 0.5102 238.0000 23.8000 0.0000 5.5952 2.0000 
394 395 34 1.2009 1.0902 -8.7503 1.5284 0.8648 -9.1154 0.0300 0.5397 238.0000 23.8000 0.0000 6.4815 2.0000 
395 396 34 1.5284 0.8648 -9.1154 1.7883 0.6823 -9.4473 0.0300 0.4594 238.0000 23.8000 0.0000 7.4680 2.0000 
396 397 34 1.7883 0.6823 -9.4473 2.0592 0.4801 -9.8219 0.0300 0.5046 238.0000 23.8000 0.0000 9.0206 2.0000 
397 398 34 2.0592 0.4801 -9.8219 2.3168 0.3007 -10.1580 0.0300 0.4598 238.0000 23.8000 0.0000 11.5194 2.0000 
398 399 34 2.3168 0.3007 -10.1580 2.3490 0.2790 -10.1989 0.0300 0.0565 238.0000 23.8000 0.0000 12.0000 2.0000 
30 400 35 0.9040 1.2901 -8.5892 0.6236 1.2123 -8.9016 0.0300 0.4269 238.0000 23.8000 0.0000 5.5692 2.0000 
400 401 35 0.6236 1.2123 -8.9016 0.3282 1.1201 -9.2542 0.0300 0.4690 238.0000 23.8000 0.0000 6.3448 2.0000 
401 402 35 0.3282 1.1201 -9.2542 -0.0025 1.0139 -9.6473 0.0300 0.5246 238.0000 23.8000 0.0000 7.4483 2.0000 
402 403 35 -0.0025 1.0139 -9.6473 -0.3376 0.8121 -10.0662 0.0300 0.5732 238.0000 23.8000 0.0000 9.1766 2.0000 
403 404 35 -0.3376 0.8121 -10.0662 -0.5913 0.5304 -10.4292 0.0300 0.5248 238.0000 23.8000 0.0000 11.9746 2.0000 
404 405 35 -0.5913 0.5304 -10.4292 -0.5928 0.5287 -10.4314 0.0300 0.0032 238.0000 23.8000 0.0000 12.0000 2.0000 
31 406 36 0.9113 1.2936 -8.7865 0.9571 0.9654 -9.1107 0.0300 0.4635 238.0000 23.8000 0.0000 5.6990 2.0000 
406 407 36 0.9571 0.9654 -9.1107 0.9763 0.6944 -9.3699 0.0300 0.3755 238.0000 23.8000 0.0000 6.3494 2.0000 
407 408 36 0.9763 0.6944 -9.3699 1.0608 0.3277 -9.6848 0.0300 0.4907 238.0000 23.8000 0.0000 7.4234 2.0000 
408 409 36 1.0608 0.3277 -9.6848 1.1441 -0.0079 -10.0417 0.0300 0.4969 238.0000 23.8000 0.0000 8.9761 2.0000 
409 410 36 1.1441 -0.0079 -10.0417 1.1633 -0.3065 -10.3819 0.0300 0.4531 238.0000 23.8000 0.0000 11.3874 2.0000 
410 411 36 1.1633 -0.3065 -10.3819 1.1658 -0.3566 -10.4373 0.0300 0.0748 238.0000 23.8000 0.0000 12.0000 2.0000 
32 412 37 0.9185 1.2947 -8.9723 0.6367 1.4751 -9.3360 0.0300 0.4942 238.0000 23.8000 0.0000 5.7296 2.0000 
412 413 37 0.6367 1.4751 -9.3360 0.3914 1.6600 -9.7138 0.0300 0.4869 238.0000 23.8000 0.0000 6.5243 2.0000 
413 414 37 0.3914 1.6600 -9.7138 0.1564 1.8201 -10.0454 0.0300 0.4368 238.0000 23.8000 0.0000 7.4432 2.0000 
414 415 37 0.1564 1.8201 -10.0454 -0.1164 1.9938 -10.4150 0.0300 0.4911 238.0000 23.8000 0.0000 8.9079 2.0000 
415 416 37 -0.1164 1.9938 -10.4150 -0.3264 2.1626 -10.7336 0.0300 0.4172 238.0000 23.8000 0.0000 11.0011 2.0000 
416 417 37 -0.3264 2.1626 -10.7336 -0.3897 2.2135 -10.8275 0.0300 0.1242 238.0000 23.8000 0.0000 12.0000 2.0000 
33 418 38 0.9303 1.2891 -9.1734 1.1929 1.0627 -9.4873 0.0300 0.4678 238.0000 23.8000 0.0000 5.8765 2.0000 
418 419 38 1.1929 1.0627 -9.4873 1.4581 0.8329 -9.7997 0.0300 0.4698 238.0000 23.8000 0.0000 6.7771 2.0000 
419 420 38 1.4581 0.8329 -9.7997 1.7385 0.5786 -10.1262 0.0300 0.4999 238.0000 23.8000 0.0000 7.9940 2.0000 
420 421 38 1.7385 0.5786 -10.1262 2.0233 0.3119 -10.5191 0.0300 0.5537 238.0000 23.8000 0.0000 9.9071 2.0000 
421 422 38 2.0233 0.3119 -10.5191 2.2191 0.1270 -10.7947 0.0300 0.3853 238.0000 23.8000 0.0000 12.0000 2.0000 
34 423 39 0.9308 1.2725 -9.3687 0.8005 1.5675 -9.7613 0.0300 0.5081 238.0000 23.8000 0.0000 5.9049 2.0000 
423 424 39 0.8005 1.5675 -9.7613 0.6795 1.8994 -10.1897 0.0300 0.5553 238.0000 23.8000 0.0000 6.8845 2.0000 
424 425 39 0.6795 1.8994 -10.1897 0.6244 2.1836 -10.5614 0.0300 0.4711 238.0000 23.8000 0.0000 7.9677 2.0000 
425 426 39 0.6244 2.1836 -10.5614 0.5349 2.4961 -10.9296 0.0300 0.4911 238.0000 23.8000 0.0000 9.5544 2.0000 
426 427 39 0.5349 2.4961 -10.9296 0.4582 2.7911 -11.2670 0.0300 0.4547 238.0000 23.8000 0.0000 12.0000 2.0000 
35 428 40 0.9264 1.2617 -9.5839 1.2044 1.2772 -9.8852 0.0300 0.4102 238.0000 23.8000 0.0000 5.8869 2.0000 
428 429 40 1.2044 1.2772 -9.8852 1.5511 1.2523 -10.2642 0.0300 0.5143 238.0000 23.8000 0.0000 6.8837 2.0000 
429 430 40 1.5511 1.2523 -10.2642 1.8476 1.2262 -10.5923 0.0300 0.4429 238.0000 23.8000 0.0000 8.0084 2.0000 
430 431 40 1.8476 1.2262 -10.5923 2.1054 1.1973 -10.9550 0.0300 0.4460 238.0000 23.8000 0.0000 9.6055 2.0000 
431 432 40 2.1054 1.1973 -10.9550 2.3335 1.2308 -11.2882 0.0300 0.4052 238.0000 23.8000 0.0000 12.0000 2.0000 
36 433 41 0.9322 1.2602 -9.7832 1.3162 1.0941 -10.1773 0.0300 0.5747 238.0000 23.8000 0.0000 6.0594 2.0000 
433 434 41 1.3162 1.0941 -10.1773 1.6631 0.9728 -10.5423 0.0300 0.5179 238.0000 23.8000 0.0000 6.9136 2.0000 
434 435 41 1.6631 0.9728 -10.5423 2.0297 0.8403 -10.9395 0.0300 0.5565 238.0000 23.8000 0.0000 8.1169 2.0000 
435 436 41 2.0297 0.8403 -10.9395 2.3070 0.7416 -11.2679 0.0300 0.4410 238.0000 23.8000 0.0000 9.4501 2.0000 
436 437 41 2.3070 0.7416 -11.2679 2.6166 0.6157 -11.6546 0.0300 0.5112 238.0000 23.8000 0.0000 12.0000 2.0000 
37 438 42 0.9327 1.2611 -9.9690 0.6963 1.5353 -10.2654 0.0300 0.4680 238.0000 23.8000 0.0000 5.9656 2.0000 
438 439 42 0.6963 1.5353 -10.2654 0.4419 1.8346 -10.5861 0.0300 0.5070 238.0000 23.8000 0.0000 6.7893 2.0000 
439 440 42 0.4419 1.8346 -10.5861 0.2213 2.1294 -10.8839 0.0300 0.4736 238.0000 23.8000 0.0000 7.7795 2.0000 
440 441 42 0.2213 2.1294 -10.8839 -0.0181 2.3733 -11.1777 0.0300 0.4507 238.0000 23.8000 0.0000 9.0724 2.0000 
441 442 42 -0.0181 2.3733 -11.1777 -0.2887 2.6584 -11.5591 0.0300 0.5477 238.0000 23.8000 0.0000 11.7637 2.0000 
442 443 42 -0.2887 2.6584 -11.5591 -0.3041 2.6746 -11.5810 0.0300 0.0312 238.0000 23.8000 0.0000 12.0000 2.0000 
38 444 43 0.9440 1.2668 -10.1681 1.3197 1.3440 -10.5178 0.0300 0.5190 238.0000 23.8000 0.0000 6.0577 2.0000 
444 445 43 1.3197 1.3440 -10.5178 1.6023 1.4025 -10.7763 0.0300 0.3875 238.0000 23.8000 0.0000 6.6519 2.0000 
445 446 43 1.6023 1.4025 -10.7763 1.9795 1.4740 -11.0893 0.0300 0.4953 238.0000 23.8000 0.0000 7.6050 2.0000 
446 447 43 1.9795 1.4740 -11.0893 2.4265 1.6000 -11.4874 0.0300 0.6118 238.0000 23.8000 0.0000 9.3456 2.0000 
447 448 43 2.4265 1.6000 -11.4874 2.7498 1.6983 -11.7565 0.0300 0.4320 238.0000 23.8000 0.0000 11.5285 2.0000 
448 449 43 2.7498 1.6983 -11.7565 2.7947 1.7115 -11.7971 0.0300 0.0619 238.0000 23.8000 0.0000 12.0000 2.0000 
39 450 44 0.9449 1.2704 -10.3711 1.0356 0.9188 -10.7353 0.0300 0.5143 238.0000 23.8000 0.0000 6.1279 2.0000 
450 451 44 1.0356 0.9188 -10.7353 1.1415 0.5685 -11.0561 0.0300 0.4867 238.0000 23.8000 0.0000 6.9229 2.0000 
451 452 44 1.1415 0.5685 -11.0561 1.2448 0.2269 -11.3696 0.0300 0.4750 238.0000 23.8000 0.0000 7.9334 2.0000 
452 453 44 1.2448 0.2269 -11.3696 1.3143 -0.1102 -11.6981 0.0300 0.4758 238.0000 23.8000 0.0000 9.3810 2.0000 
453 454 44 1.3143 -0.1102 -11.6981 1.3701 -0.3859 -11.9756 0.0300 0.3951 238.0000 23.8000 0.0000 11.3572 2.0000 
454 455 44 1.3701 -0.3859 -11.9756 1.3844 -0.4467 -12.0352 0.0300 0.0863 238.0000 23.8000 0.0000 12.0000 2.0000 
40 456 45 0.9489 1.2797 -10.5593 1.0967 1.0440 -10.8601 0.0300 0.4097 238.0000 23.8000 0.0000 6.0790 2.0000 
456 457 45 1.0967 1.0440 -10.8601 1.2731 0.7694 -11.2368 0.0300 0.4985 238.0000 23.8000 0.0000 6.9361 2.0000 
457 458 45 1.2731 0.7694 -11.2368 1.4235 0.5030 -11.5732 0.0300 0.4547 238.0000 23.8000 0.0000 7.9494 2.0000 
458 459 45 1.4235 0.5030 -11.5732 1.6229 0.1940 -11.9420 0.0300 0.5208 238.0000 23.8000 0.0000 9.6280 2.0000 
459 460 45 1.6229 0.1940 -11.9420 1.7803 -0.0515 -12.2478 0.0300 0.4226 238.0000 23.8000 0.0000 12.0000 2.0000 
41 461 46 0.9563 1.2826 -10.7579 1.0687 1.5504 -11.0993 0.0300 0.4482 238.0000 23.8000 0.0000 6.2908 2.0000 
461 462 46 1.0687 1.5504 -11.0993 1.2022 1.8370 -11.4808 0.0300 0.4955 238.0000 23.8000 0.0000 7.2892 2.0000 
462 463 46 1.2022 1.8370 -11.4808 1.3322 2.1154 -11.8402 0.0300 0.4729 238.0000 23.8000 0.0000 8.5293 2.0000 
463 464 46 1.3322 2.1154 -11.8402 1.4594 2.3848 -12.1899 0.0300 0.4593 238.0000 23.8000 0.0000 10.2296 2.0000 
464 465 46 1.4594 2.3848 -12.1899 1.5384 2.5841 -12.4241 0.0300 0.3175 238.0000 23.8000 0.0000 12.0000 2.0000 
42 466 47 0.9643 1.2872 -10.9650 0.6324 1.2136 -11.2818 0.0300 0.4647 238.0000 23.8000 0.0000 6.1753 2.0000 
466 467 47 0.6324 1.2136 -11.2818 0.3214 1.1745 -11.6089 0.0300 0.4530 238.0000 23.8000 0.0000 6.8422 2.0000 
467 468 47 0.3214 1.1745 -11.6089 0.0008 1.1333 -11.9589 0.0300 0.4765 238.0000 23.8000 0.0000 7.7343 2.0000 
468 469 47 0.0008 1.1333 -11.9589 -0.3305 1.1398 -12.3754 0.0300 0.5322 238.0000 23.8000 0.0000 9.1536 2.0000 
469 470 47 -0.3305 1.1398 -12.3754 -0.6317 1.1386 -12.7687 0.0300 0.4954 238.0000 23.8000 0.0000 11.4858 2.0000 
470 471 47 -0.6317 1.1386 -12.7687 -0.6734 1.1385 -12.8234 0.0300 0.0688 238.0000 23.8000 0.0000 12.0000 2.0000 
43 472 48 0.9733 1.2875 -11.1548 1.1753 1.5539 -11.4508 0.0300 0.4465 238.0000 23.8000 0.0000 6.2995 2.0000 
472 473 48 1.1753 1.5539 -11.4508 1.4109 1.8057 -11.8299 0.0300 0.5125 238.0000 23.8000 0.0000 7.1927 2.0000 
473 474 48 1.4109 1.8057 -11.8299 1.6074 2.0632 -12.1667 0.0300 0.4673 238.0000 23.8000 0.0000 8.2393 2.0000 
474 475 48 1.6074 2.0632 -12.1667 1.7858 2.3467 -12.4698 0.0300 0.4517 238.0000 23.8000 0.0000 9.6222 2.0000 
475 476 48 1.7858 2.3467 -12.4698 1.9542 2.6609 -12.7940 0.0300 0.4819 238.0000 23.8000 0.0000 12.0000 2.0000 
44 477 49 0.9833 1.3012 -11.3661 1.2008 1.0106 -11.7314 0.0300 0.5149 238.0000 23.8000 0.0000 6.4333 2.0000 
477 478 49 1.2008 1.0106 -11.7314 1.3845 0.7806 -12.0497 0.0300 0.4335 238.0000 23.8000 0.0000 7.1674 2.0000 
478 479 49 1.3845 0.7806 -12.0497 1.5952 0.5372 -12.4126 0.0300 0.4852 238.0000 23.8000 0.0000 8.2130 2.0000 
479 480 49 1.5952 0.5372 -12.4126 1.8143 0.2958 -12.7881 0.0300 0.4973 238.0000 23.8000 0.0000 9.7264 2.0000 
480 481 49 1.8143 0.2958 -12.7881 2.0130 0.0630 -13.1178 0.0300 0.4498 238.0000 23.8000 0.0000 12.0000 2.0000 
45 482 50 1.0016 1.3086 -11.5657 1.2077 1.6288 -11.9096 0.0300 0.5131 238.0000 23.8000 0.0000 6.4904 2.0000 
482 483 50 1.2077 1.6288 -11.9096 1.3983 1.9341 -12.2316 0.0300 0.4830 238.0000 23.8000 0.0000 7.3210 2.0000 
483 484 50 1.3983 1.9341 -12.2316 1.5740 2.2542 -12.5479 0.0300 0.4831 238.0000 23.8000 0.0000 8.3878 2.0000 
484 485 50 1.5740 2.2542 -12.5479 1.7281 2.5955 -12.8380 0.0300 0.4737 238.0000 23.8000 0.0000 9.8451 2.0000 
485 486 50 1.7281 2.5955 -12.8380 1.8654 2.8813 -13.1391 0.0300 0.4372 238.0000 23.8000 0.0000 12.0000 2.0000 
46 487 51 1.0175 1.3108 -11.7723 1.3210 1.1076 -12.0578 0.0300 0.4636 238.0000 23.8000 0.0000 6.4527 2.0000 
487 488 51 1.3210 1.1076 -12.0578 1.6157 0.8959 -12.3174 0.0300 0.4461 238.0000 23.8000 0.0000 7.1925 2.0000 
488 489 51 1.6157 0.8959 -12.3174 1.8819 0.7452 -12.5320 0.0300 0.3737 238.0000 23.8000 0.0000 7.9719 2.0000 
489 490 51 1.8819 0.7452 -12.5320 2.1976 0.5646 -12.7912 0.0300 0.4466 238.0000 23.8000 0.0000 9.2359 2.0000 
490 491 51 2.1976 0.5646 -12.7912 2.5396 0.3925 -13.0880 0.0300 0.4844 238.0000 23.8000 0.0000 11.5605 2.0000 
491 492 51 2.5396 0.3925 -13.0880 2.5809 0.3704 -13.1241 0.0300 0.0591 238.0000 23.8000 0.0000 12.0000 2.0000 
47 493 52 1.0171 1.3163 -11.9667 0.6351 1.2254 -12.3726 0.0300 0.5647 238.0000 23.8000 0.0000 6.5690 2.0000 
493 494 52 0.6351 1.2254 -12.3726 0.2884 1.1352 -12.7161 0.0300 0.4963 238.0000 23.8000 0.0000 7.3149 2.0000 
494 495 52 0.2884 1.1352 -12.7161 -0.0626 1.0389 -13.0702 0.0300 0.5078 238.0000 23.8000 0.0000 8.2927 2.0000 
495 496 52 -0.0626 1.0389 -13.0702 -0.4209 0.9126 -13.4394 0.0300 0.5298 238.0000 23.8000 0.0000 9.7351 2.0000 
496 497 52 -0.4209 0.9126 -13.4394 -0.7569 0.7930 -13.7781 0.0300 0.4918 238.0000 23.8000 0.0000 12.0000 2.0000 
48 498 53 1.0169 1.3214 -12.1758 1.0314 1.6146 -12.4660 0.0300 0.4128 238.0000 23.8000 0.0000 6.4264 2.0000 
498 499 53 1.0314 1.6146 -12.4660 1.0486 1.9749 -12.8207 0.0300 0.5059 238.0000 23.8000 0.0000 7.1588 2.0000 
499 500 53 1.0486 1.9749 -12.8207 1.0553 2.2480 -13.1014 0.0300 0.3917 238.0000 23.8000 0.0000 7.8761 2.0000 
500 501 53 1.0553 2.2480 -13.1014 1.0469 2.6566 -13.4504 0.0300 0.5374 238.0000 23.8000 0.0000 9.2480 2.0000 
501 502 53 1.0469 2.6566 -13.4504 1.0220 3.0213 -13.7781 0.0300 0.4909 238.0000 23.8000 0.0000 11.4573 2.0000 
502 503 53 1.0220 3.0213 -13.7781 1.0181 3.0764 -13.8298 0.0300 0.0757 238.0000 23.8000 0.0000 12.0000 2.0000 
49 504 54 1.0178 1.3257 -12.3671 1.3319 1.4125 -12.6972 0.0300 0.4639 238.0000 23.8000 0.0000 6.7189 2.0000 
504 505 54 1.3319 1.4125 -12.6972 1.6068 1.4917 -12.9816 0.0300 0.4033 238.0000 23.8000 0.0000 7.4894 2.0000 
505 506 54 1.6068 1.4917 -12.9816 1.8780 1.5743 -13.2676 0.0300 0.4027 238.0000 23.8000 0.0000 8.4473 2.0000 
506 507 54 1.8780 1.5743 -13.2676 2.2477 1.6834 -13.7161 0.0300 0.5914 238.0000 23.8000 0.0000 10.4907 2.0000 
507 508 54 2.2477 1.6834 -13.7161 2.4297 1.7186 -13.9211 0.0300 0.2764 238.0000 23.8000 0.0000 12.0000 2.0000 
50 509 55 1.0191 1.3290 -12.5587 1.2491 1.1874 -12.9076 0.0300 0.4413 238.0000 23.8000 0.0000 6.6281 2.0000 
509 510 55 1.2491 1.1874 -12.9076 1.4954 1.0637 -13.2423 0.0300 0.4336 238.0000 23.8000 0.0000 7.3178 2.0000 
510 511 55 1.4954 1.0637 -13.2423 1.8187 0.9239 -13.6651 0.0300 0.5503 238.0000 23.8000 0.0000 8.4362 2.0000 
511 512 55 1.8187 0.9239 -13.6651 2.0922 0.7795 -14.0191 0.0300 0.4701 238.0000 23.8000 0.0000 9.7708 2.0000 
512 513 55 2.0922 0.7795 -14.0191 2.3470 0.5810 -14.3836 0.0300 0.4869 238.0000 23.8000 0.0000 12.0000 2.0000 
51 514 56 1.0187 1.3326 -12.7563 0.8241 1.0799 -13.1015 0.0300 0.4700 238.0000 23.8000 0.0000 6.7267 2.0000 
514 515 56 0.8241 1.0799 -13.1015 0.5902 0.7525 -13.4568 0.0300 0.5367 238.0000 23.8000 0.0000 7.6222 2.0000 
515 516 56 0.5902 0.7525 -13.4568 0.3901 0.4773 -13.7601 0.0300 0.4558 238.0000 23.8000 0.0000 8.6096 2.0000 
516 517 56 0.3901 0.4773 -13.7601 0.2009 0.1731 -14.0825 0.0300 0.4819 238.0000 23.8000 0.0000 10.0709 2.0000 
517 518 56 0.2009 0.1731 -14.0825 0.0407 -0.0686 -14.3568 0.0300 0.3992 238.0000 23.8000 0.0000 12.0000 2.0000 
52 519 57 1.0214 1.3394 -12.9537 1.0835 1.7001 -13.3063 0.0300 0.5082 238.0000 23.8000 0.0000 6.7596 2.0000 
519 520 57 1.0835 1.7001 -13.3063 1.1470 2.0706 -13.6708 0.0300 0.5236 238.0000 23.8000 0.0000 7.5371 2.0000 
520 521 57 1.1470 2.0706 -13.6708 1.1853 2.4143 -13.9955 0.0300 0.4744 238.0000 23.8000 0.0000 8.4405 2.0000 
521 522 57 1.1853 2.4143 -13.9955 1.2106 2.7663 -14.3504 0.0300 0.5005 238.0000 23.8000 0.0000 9.7623 2.0000 
522 523 57 1.2106 2.7663 -14.3504 1.2363 3.0960 -14.7326 0.0300 0.5055 238.0000 23.8000 0.0000 12.0000 2.0000 
53 524 58 1.0192 1.3393 -13.1455 0.7219 1.1971 -13.4793 0.0300 0.4691 238.0000 23.8000 0.0000 6.7658 2.0000 
524 525 58 0.7219 1.1971 -13.4793 0.3932 1.0361 -13.7919 0.0300 0.4813 238.0000 23.8000 0.0000 7.4889 2.0000 
525 526 58 0.3932 1.0361 -13.7919 0.0623 0.8544 -14.1509 0.0300 0.5210 238.0000 23.8000 0.0000 8.5377 2.0000 
526 527 58 0.0623 0.8544 -14.1509 -0.2212 0.6958 -14.4637 0.0300 0.4510 238.0000 23.8000 0.0000 9.8879 2.0000 
527 528 58 -0.2212 0.6958 -14.4637 -0.4787 0.5717 -14.7447 0.0300 0.4009 238.0000 23.8000 0.0000 12.0000 2.0000 
54 529 59 1.0180 1.3408 -13.3403 0.7088 1.2167 -13.6932 0.0300 0.4853 238.0000 23.8000 0.0000 6.8784 2.0000 
529 530 59 0.7088 1.2167 -13.6932 0.4350 1.1037 -14.0026 0.0300 0.4284 238.0000 23.8000 0.0000 7.5505 2.0000 
530 531 59 0.4350 1.1037 -14.0026 0.1764 0.9456 -14.3272 0.0300 0.4441 238.0000 23.8000 0.0000 8.4245 2.0000 
531 532 59 0.1764 0.9456 -14.3272 -0.1295 0.7672 -14.6936 0.0300 0.5095 238.0000 23.8000 0.0000 9.8197 2.0000 
532 533 59 -0.1295 0.7672 -14.6936 -0.4066 0.6037 -15.0428 0.0300 0.4748 238.0000 23.8000 0.0000 12.0000 2.0000 
55 534 60 1.0169 1.3400 -13.5197 0.7497 1.0502 -13.8733 0.0300 0.5296 238.0000 23.8000 0.0000 6.9765 2.0000 
534 535 60 0.7497 1.0502 -13.8733 0.5561 0.8317 -14.1646 0.0300 0.4124 238.0000 23.8000 0.0000 7.6336 2.0000 
535 536 60 0.5561 0.8317 -14.1646 0.3667 0.5719 -14.4963 0.0300 0.4619 238.0000 23.8000 0.0000 8.5900 2.0000 
536 537 60 0.3667 0.5719 -14.4963 0.1893 0.3054 -14.7941 0.0300 0.4373 238.0000 23.8000 0.0000 9.8967 2.0000 
537 538 60 0.1893 0.3054 -14.7941 0.0129 0.0726 -15.0786 0.0300 0.4078 238.0000 23.8000 0.0000 12.0000 2.0000 
56 539 61 1.0168 1.3363 -13.7118 1.2976 1.1879 -14.0818 0.0300 0.4877 238.0000 23.8000 0.0000 7.0459 2.0000 
539 540 61 1.2976 1.1879 -14.0818 1.5767 1.0523 -14.4455 0.0300 0.4780 238.0000 23.8000 0.0000 7.8763 2.0000 
540 541 61 1.5767 1.0523 -14.4455 1.8804 0.9322 -14.8098 0.0300 0.4893 238.0000 23.8000 0.0000 8.9647 2.0000 
541 542 61 1.8804 0.9322 -14.8098 2.2167 0.7909 -15.1484 0.0300 0.4977 238.0000 23.8000 0.0000 10.5188 2.0000 
542 543 61 2.2167 0.7909 -15.1484 2.4299 0.6984 -15.3682 0.0300 0.3199 238.0000 23.8000 0.0000 12.0000 2.0000 
57 544 62 1.0179 1.3317 -13.9158 0.7549 1.5354 -14.2680 0.0300 0.4844 238.0000 23.8000 0.0000 7.0413 2.0000 
544 545 62 0.7549 1.5354 -14.2680 0.4662 1.7516 -14.6429 0.0300 0.5203 238.0000 23.8000 0.0000 7.8732 2.0000 
545 546 62 0.4662 1.7516 -14.6429 0.1946 1.9816 -15.0400 0.0300 0.5332 238.0000 23.8000 0.0000 8.9798 2.0000 
546 547 62 0.1946 1.9816 -15.0400 -0.1035 2.2180 -15.4337 0.0300 0.5476 238.0000 23.8000 0.0000 10.6207 2.0000 
547 548 62 -0.1035 2.2180 -15.4337 -0.2425 2.3634 -15.6631 0.0300 0.3051 238.0000 23.8000 0.0000 12.0000 2.0000 
58 549 63 1.0202 1.3271 -14.1080 0.8041 1.5821 -14.4621 0.0300 0.4869 238.0000 23.8000 0.0000 7.1093 2.0000 
549 550 63 0.8041 1.5821 -14.4621 0.6116 1.8316 -14.8201 0.0300 0.4769 238.0000 23.8000 0.0000 7.8885 2.0000 
550 551 63 0.6116 1.8316 -14.8201 0.4153 2.0465 -15.1629 0.0300 0.4497 238.0000 23.8000 0.0000 8.8222 2.0000 
551 552 63 0.4153 2.0465 -15.1629 0.1666 2.3379 -15.6014 0.0300 0.5823 238.0000 23.8000 0.0000 10.5712 2.0000 
552 553 63 0.1666 2.3379 -15.6014 0.0372 2.4871 -15.8318 0.0300 0.3035 238.0000 23.8000 0.0000 12.0000 2.0000 
59 554 64 1.0316 1.3243 -14.3074 0.8406 1.0590 -14.6955 0.0300 0.5075 238.0000 23.8000 0.0000 7.2101 2.0000 
554 555 64 0.8406 1.0590 -14.6955 0.6948 0.8488 -15.0447 0.0300 0.4328 238.0000 23.8000 0.0000 7.9373 2.0000 
555 556 64 0.6948 0.8488 -15.0447 0.5471 0.6205 -15.3883 0.0300 0.4382 238.0000 23.8000 0.0000 8.8659 2.0000 
556 557 64 0.5471 0.6205 -15.3883 0.3756 0.3490 -15.8286 0.0300 0.5450 238.0000 23.8000 0.0000 10.5153 2.0000 
557 558 64 0.3756 0.3490 -15.8286 0.2642 0.2242 -16.0957 0.0300 0.3151 238.0000 23.8000 0.0000 12.0000 2.0000 
60 559 65 1.0437 1.3312 -14.5063 0.9423 1.1332 -14.7656 0.0300 0.3416 238.0000 23.8000 0.0000 6.9634 2.0000 
559 560 65 0.9423 1.1332 -14.7656 0.7698 0.8060 -15.1490 0.0300 0.5328 238.0000 23.8000 0.0000 7.7074 2.0000 
560 561 65 0.7698 0.8060 -15.1490 0.6159 0.4874 -15.5015 0.0300 0.4995 238.0000 23.8000 0.0000 8.6191 2.0000 
561 562 65 0.6159 0.4874 -15.5015 0.4726 0.1993 -15.8037 0.0300 0.4414 238.0000 23.8000 0.0000 9.7378 2.0000 
562 563 65 0.4726 0.1993 -15.8037 0.2780 -0.1515 -16.1410 0.0300 0.5240 238.0000 23.8000 0.0000 12.0000 2.0000 
61 564 66 1.0566 1.3383 -14.7086 1.4296 1.4126 -15.0479 0.0300 0.5097 238.0000 23.8000 0.0000 7.1487 2.0000 
564 565 66 1.4296 1.4126 -15.0479 1.8256 1.5033 -15.3249 0.0300 0.4917 238.0000 23.8000 0.0000 7.7790 2.0000 
565 566 66 1.8256 1.5033 -15.3249 2.1555 1.6034 -15.5775 0.0300 0.4274 238.0000 23.8000 0.0000 8.4811 2.0000 
566 567 66 2.1555 1.6034 -15.5775 2.5157 1.6979 -15.8682 0.0300 0.4724 238.0000 23.8000 0.0000 9.5578 2.0000 
567 568 66 2.5157 1.6979 -15.8682 2.9218 1.8189 -16.1617 0.0300 0.5156 238.0000 23.8000 0.0000 11.6353 2.0000 
568 569 66 2.9218 1.8189 -16.1617 2.9660 1.8315 -16.1939 0.0300 0.0560 238.0000 23.8000 0.0000 12.0000 2.0000 
62 570 67 1.0635 1.3399 -14.9021 1.0388 1.6633 -15.2368 0.0300 0.4661 238.0000 23.8000 0.0000 7.2070 2.0000 
570 571 67 1.0388 1.6633 -15.2368 1.0305 2.0756 -15.5795 0.0300 0.5362 238.0000 23.8000 0.0000 7.9564 2.0000 
571 572 67 1.0305 2.0756 -15.5795 0.9885 2.4882 -15.9028 0.0300 0.5259 238.0000 23.8000 0.0000 8.9178 2.0000 
572 573 67 0.9885 2.4882 -15.9028 0.9484 2.9193 -16.2488 0.0300 0.5542 238.0000 23.8000 0.0000 10.4002 2.0000 
573 574 67 0.9484 2.9193 -16.2488 0.9183 3.2027 -16.4818 0.0300 0.3681 238.0000 23.8000 0.0000 12.0000 2.0000 
63 575 68 1.0729 1.3469 -15.1073 0.9472 1.6725 -15.4738 0.0300 0.5061 238.0000 23.8000 0.0000 7.4292 2.0000 
575 576 68 0.9472 1.6725 -15.4738 0.8240 2.0133 -15.8223 0.0300 0.5027 238.0000 23.8000 0.0000 8.2867 2.0000 
576 577 68 0.8240 2.0133 -15.8223 0.6685 2.3107 -16.1469 0.0300 0.4669 238.0000 23.8000 0.0000 9.3162 2.0000 
577 578 68 0.6685 2.3107 -16.1469 0.5378 2.6359 -16.4657 0.0300 0.4737 238.0000 23.8000 0.0000 10.7792 2.0000 
578 579 68 0.5378 2.6359 -16.4657 0.4552 2.8234 -16.6468 0.0300 0.2735 238.0000 23.8000 0.0000 12.0000 2.0000 
64 580 69 1.0858 1.3465 -15.2995 1.4078 1.4720 -15.6086 0.0300 0.4637 238.0000 23.8000 0.0000 7.4414 2.0000 
580 581 69 1.4078 1.4720 -15.6086 1.7685 1.6071 -15.9359 0.0300 0.5054 238.0000 23.8000 0.0000 8.3187 2.0000 
581 582 69 1.7685 1.6071 -15.9359 2.1762 1.7529 -16.2104 0.0300 0.5127 238.0000 23.8000 0.0000 9.4803 2.0000 
582 583 69 2.1762 1.7529 -16.2104 2.5044 1.8677 -16.4168 0.0300 0.4044 238.0000 23.8000 0.0000 10.7394 2.0000 
583 584 69 2.5044 1.8677 -16.4168 2.7405 1.9497 -16.5652 0.0300 0.2907 238.0000 23.8000 0.0000 12.0000 2.0000 
65 585 70 1.1031 1.3411 -15.5071 0.8313 1.4215 -15.9178 0.0300 0.4989 238.0000 23.8000 0.0000 7.5456 2.0000 
585 586 70 0.8313 1.4215 -15.9178 0.5890 1.4816 -16.2866 0.0300 0.4454 238.0000 23.8000 0.0000 8.3086 2.0000 
586 587 70 0.5890 1.4816 -16.2866 0.2861 1.5653 -16.7320 0.0300 0.5452 238.0000 23.8000 0.0000 9.5137 2.0000 
587 588 70 0.2861 1.5653 -16.7320 0.0365 1.6698 -17.0931 0.0300 0.4512 238.0000 23.8000 0.0000 10.9140 2.0000 
588 589 70 0.0365 1.6698 -17.0931 -0.1049 1.7294 -17.2933 0.0300 0.2522 238.0000 23.8000 0.0000 12.0000 2.0000 
66 590 71 1.1075 1.3235 -15.7097 1.3642 1.4335 -16.0233 0.0300 0.4199 238.0000 23.8000 0.0000 7.5219 2.0000 
590 591 71 1.3642 1.4335 -16.0233 1.6751 1.5688 -16.4110 0.0300 0.5151 238.0000 23.8000 0.0000 8.4696 2.0000 
591 592 71 1.6751 1.5688 -16.4110 1.9630 1.6992 -16.7384 0.0300 0.4550 238.0000 23.8000 0.0000 9.5715 2.0000 
592 593 71 1.9630 1.6992 -16.7384 2.2338 1.8254 -17.0303 0.0300 0.4177 238.0000 23.8000 0.0000 10.9870 2.0000 
593 594 71 2.2338 1.8254 -17.0303 2.3659 1.8955 -17.1848 0.0300 0.2150 238.0000 23.8000 0.0000 12.0000 2.0000 
67 595 72 1.1150 1.3105 -15.8879 1.3479 0.9958 -16.2120 0.0300 0.5083 238.0000 23.8000 0.0000 7.4802 2.0000 
595 596 72 1.3479 0.9958 -16.2120 1.5721 0.6917 -16.5250 0.0300 0.4906 238.0000 23.8000 0.0000 8.1172 2.0000 
596 597 72 1.5721 0.6917 -16.5250 1.7972 0.3886 -16.8388 0.0300 0.4909 238.0000 23.8000 0.0000 8.9440 2.0000 
597 598 72 1.7972 0.3886 -16.8388 2.0042 0.0859 -17.1857 0.0300 0.5048 238.0000 23.8000 0.0000 10.1648 2.0000 
598 599 72 2.0042 0.0859 -17.1857 2.1912 -0.1757 -17.4917 0.0300 0.4439 238.0000 23.8000 0.0000 12.0000 2.0000 
68 600 73 1.1177 1.2913 -16.0786 1.2891 1.5709 -16.4639 0.0300 0.5060 238.0000 23.8000 0.0000 7.5634 2.0000 
600 601 73 1.2891 1.5709 -16.4639 1.4608 1.7989 -16.8219 0.0300 0.4578 238.0000 23.8000 0.0000 8.1874 2.0000 
601 602 73 1.4608 1.7989 -16.8219 1.6648 2.0462 -17.1916 0.0300 0.4894 238.0000 23.8000 0.0000 9.0376 2.0000 
602 603 73 1.6648 2.0462 -17.1916 1.8881 2.3143 -17.5969 0.0300 0.5348 238.0000 23.8000 0.0000 10.3642 2.0000 
603 604 73 1.8881 2.3143 -17.5969 2.0619 2.5120 -17.9050 0.0300 0.4052 238.0000 23.8000 0.0000 12.0000 2.0000 
69 605 74 1.1268 1.2738 -16.2668 1.4418 1.0239 -16.6237 0.0300 0.5376 238.0000 23.8000 0.0000 7.7502 2.0000 
605 606 74 1.4418 1.0239 -16.6237 1.7024 0.8078 -16.9325 0.0300 0.4582 238.0000 23.8000 0.0000 8.4852 2.0000 
606 607 74 1.7024 0.8078 -16.9325 1.9986 0.6087 -17.2650 0.0300 0.4878 238.0000 23.8000 0.0000 9.4889 2.0000 
607 608 74 1.9986 0.6087 -17.2650 2.2418 0.4465 -17.5616 0.0300 0.4165 238.0000 23.8000 0.0000 10.6603 2.0000 
608 609 74 2.2418 0.4465 -17.5616 2.4308 0.3009 -17.7926 0.0300 0.3321 238.0000 23.8000 0.0000 12.0000 2.0000 
70 610 75 1.1369 1.2430 -16.4841 1.5042 1.3542 -16.8999 0.0300 0.5658 238.0000 23.8000 0.0000 7.8469 2.0000 
610 611 75 1.5042 1.3542 -16.8999 1.8616 1.4620 -17.3012 0.0300 0.5481 238.0000 23.8000 0.0000 8.7499 2.0000 
611 612 75 1.8616 1.4620 -17.3012 2.1912 1.5615 -17.6711 0.0300 0.5053 238.0000 23.8000 0.0000 9.8598 2.0000 
612 613 75 2.1912 1.5615 -17.6711 2.4831 1.6550 -18.0028 0.0300 0.4516 238.0000 23.8000 0.0000 11.2826 2.0000 
613 614 75 2.4831 1.6550 -18.0028 2.5877 1.6875 -18.1284 0.0300 0.1666 238.0000 23.8000 0.0000 12.0000 2.0000 
71 615 76 1.1467 1.2186 -16.6773 1.5363 1.1968 -17.0212 0.0300 0.5201 238.0000 23.8000 0.0000 7.7011 2.0000 
615 616 76 1.5363 1.1968 -17.0212 1.8412 1.1951 -17.3065 0.0300 0.4175 238.0000 23.8000 0.0000 8.2298 2.0000 
616 617 76 1.8412 1.1951 -17.3065 2.1559 1.1943 -17.5988 0.0300 0.4295 238.0000 23.8000 0.0000 8.9130 2.0000 
617 618 76 2.1559 1.1943 -17.5988 2.4689 1.1804 -17.9016 0.0300 0.4358 238.0000 23.8000 0.0000 9.8535 2.0000 
618 619 76 2.4689 1.1804 -17.9016 2.8291 1.1422 -18.3141 0.0300 0.5490 238.0000 23.8000 0.0000 11.8985 2.0000 
619 620 76 2.8291 1.1422 -18.3141 2.8408 1.1408 -18.3273 0.0300 0.0177 238.0000 23.8000 0.0000 12.0000 2.0000 
72 621 77 1.1575 1.1904 -16.8828 1.2507 1.4724 -17.2325 0.0300 0.4588 238.0000 23.8000 0.0000 7.8650 2.0000 
621 622 77 1.2507 1.4724 -17.2325 1.3359 1.7578 -17.6169 0.0300 0.4862 238.0000 23.8000 0.0000 8.7057 2.0000 
622 623 77 1.3359 1.7578 -17.6169 1.4351 2.0280 -17.9538 0.0300 0.4431 238.0000 23.8000 0.0000 9.6950 2.0000 
623 624 77 1.4351 2.0280 -17.9538 1.5510 2.2301 -18.3208 0.0300 0.4347 238.0000 23.8000 0.0000 11.0365 2.0000 
624 625 77 1.5510 2.2301 -18.3208 1.6127 2.3341 -18.5109 0.0300 0.2254 238.0000 23.8000 0.0000 12.0000 2.0000 
73 626 78 1.1677 1.1642 -17.0718 1.5679 1.1687 -17.3783 0.0300 0.5042 238.0000 23.8000 0.0000 8.0454 2.0000 
626 627 78 1.5679 1.1687 -17.3783 1.9904 1.1374 -17.7149 0.0300 0.5410 238.0000 23.8000 0.0000 9.0777 2.0000 
627 628 78 1.9904 1.1374 -17.7149 2.3626 1.1011 -18.0231 0.0300 0.4846 238.0000 23.8000 0.0000 10.2930 2.0000 
628 629 78 2.3626 1.1011 -18.0231 2.6779 1.0389 -18.3532 0.0300 0.4607 238.0000 23.8000 0.0000 11.9231 2.0000 
629 630 78 2.6779 1.0389 -18.3532 2.6899 1.0362 -18.3657 0.0300 0.0175 238.0000 23.8000 0.0000 12.0000 2.0000 
74 631 79 1.1783 1.1421 -17.2676 1.0287 0.8868 -17.5418 0.0300 0.4035 238.0000 23.8000 0.0000 7.8663 2.0000 
631 632 79 1.0287 0.8868 -17.5418 0.8522 0.5936 -17.8664 0.0300 0.4716 238.0000 23.8000 0.0000 8.6238 2.0000 
632 633 79 0.8522 0.5936 -17.8664 0.6763 0.3069 -18.1962 0.0300 0.4710 238.0000 23.8000 0.0000 9.5894 2.0000 
633 634 79 0.6763 0.3069 -18.1962 0.5006 0.0146 -18.5595 0.0300 0.4983 238.0000 23.8000 0.0000 11.0209 2.0000 
634 635 79 0.5006 0.0146 -18.5595 0.4199 -0.1247 -18.7387 0.0300 0.2409 238.0000 23.8000 0.0000 12.0000 2.0000 
75 636 80 1.1944 1.1184 -17.4721 1.3176 1.4081 -17.8597 0.0300 0.4994 238.0000 23.8000 0.0000 8.1063 2.0000 
636 637 80 1.3176 1.4081 -17.8597 1.4215 1.7040 -18.1867 0.0300 0.4530 238.0000 23.8000 0.0000 8.9054 2.0000 
637 638 80 1.4215 1.7040 -18.1867 1.5068 2.0196 -18.5402 0.0300 0.4815 238.0000 23.8000 0.0000 9.9906 2.0000 
638 639 80 1.5068 2.0196 -18.5402 1.6116 2.3035 -18.8644 0.0300 0.4435 238.0000 23.8000 0.0000 11.3669 2.0000 
639 640 80 1.6116 2.3035 -18.8644 1.6488 2.4033 -18.9787 0.0300 0.1562 238.0000 23.8000 0.0000 12.0000 2.0000 
76 641 81 1.2122 1.0982 -17.6625 1.0058 1.2567 -18.0232 0.0300 0.4448 238.0000 23.8000 0.0000 8.0429 2.0000 
641 642 81 1.0058 1.2567 -18.0232 0.7394 1.4440 -18.4793 0.0300 0.5604 238.0000 23.8000 0.0000 8.9831 2.0000 
642 643 81 0.7394 1.4440 -18.4793 0.5139 1.6169 -18.8752 0.0300 0.4873 238.0000 23.8000 0.0000 10.0574 2.0000 
643 644 81 0.5139 1.6169 -18.8752 0.2897 1.7857 -19.2598 0.0300 0.4762 238.0000 23.8000 0.0000 11.5391 2.0000 
644 645 81 0.2897 1.7857 -19.2598 0.2340 1.8242 -19.3504 0.0300 0.1130 238.0000 23.8000 0.0000 12.0000 2.0000 
77 646 82 1.2238 1.0687 -17.8768 1.5342 1.1862 -18.2087 0.0300 0.4694 238.0000 23.8000 0.0000 8.3003 2.0000 
646 647 82 1.5342 1.1862 -18.2087 1.8104 1.2978 -18.5087 0.0300 0.4228 238.0000 23.8000 0.0000 9.1861 2.0000 
647 648 82 1.8104 1.2978 -18.5087 2.0847 1.4027 -18.7916 0.0300 0.4077 238.0000 23.8000 0.0000 10.2670 2.0000 
648 649 82 2.0847 1.4027 -18.7916 2.3648 1.5185 -19.0765 0.0300 0.4160 238.0000 23.8000 0.0000 11.7665 2.0000 
649 650 82 2.3648 1.5185 -19.0765 2.3997 1.5315 -19.1132 0.0300 0.0523 238.0000 23.8000 0.0000 12.0000 2.0000 
78 651 83 1.2429 1.0412 -18.0788 0.9506 0.9860 -18.4435 0.0300 0.4707 238.0000 23.8000 0.0000 8.1979 2.0000 
651 652 83 0.9506 0.9860 -18.4435 0.6227 0.8744 -18.8381 0.0300 0.5251 238.0000 23.8000 0.0000 9.0789 2.0000 
652 653 83 0.6227 0.8744 -18.8381 0.3100 0.7676 -19.2143 0.0300 0.5007 238.0000 23.8000 0.0000 10.1722 2.0000 
653 654 83 0.3100 0.7676 -19.2143 0.0480 0.6875 -19.5551 0.0300 0.4372 238.0000 23.8000 0.0000 11.4893 2.0000 
654 655 83 0.0480 0.6875 -19.5551 -0.0361 0.6681 -19.6551 0.0300 0.1321 238.0000 23.8000 0.0000 12.0000 2.0000 
79 656 84 1.2640 1.0232 -18.2731 1.0975 0.7292 -18.6327 0.0300 0.4934 238.0000 23.8000 0.0000 8.2306 2.0000 
656 657 84 1.0975 0.7292 -18.6327 0.9615 0.4237 -19.0214 0.0300 0.5127 238.0000 23.8000 0.0000 9.0259 2.0000 
657 658 84 0.9615 0.4237 -19.0214 0.8161 0.0955 -19.4423 0.0300 0.5532 238.0000 23.8000 0.0000 10.1612 2.0000 
658 659 84 0.8161 0.0955 -19.4423 0.7230 -0.1425 -19.7909 0.0300 0.4323 238.0000 23.8000 0.0000 11.4189 2.0000 
659 660 84 0.7230 -0.1425 -19.7909 0.6917 -0.2333 -19.9087 0.0300 0.1520 238.0000 23.8000 0.0000 12.0000 2.0000 
80 661 85 1.2841 1.0007 -18.4852 1.6902 0.8760 -18.8304 0.0300 0.5473 238.0000 23.8000 0.0000 8.4435 2.0000 
661 662 85 1.6902 0.8760 -18.8304 2.0821 0.7689 -19.1621 0.0300 0.5245 238.0000 23.8000 0.0000 9.3802 2.0000 
662 663 85 2.0821 0.7689 -19.1621 2.4235 0.6633 -19.4507 0.0300 0.4594 238.0000 23.8000 0.0000 10.4565 2.0000 
663 664 85 2.4235 0.6633 -19.4507 2.7053 0.5697 -19.7208 0.0300 0.4013 238.0000 23.8000 0.0000 11.7500 2.0000 
664 665 85 2.7053 0.5697 -19.7208 2.7511 0.5561 -19.7613 0.0300 0.0626 238.0000 23.8000 0.0000 12.0000 2.0000 
81 666 86 1.3012 0.9814 -18.6673 1.0066 0.9048 -19.0083 0.0300 0.4571 238.0000 23.8000 0.0000 8.3964 2.0000 
666 667 86 1.0066 0.9048 -19.0083 0.7074 0.8570 -19.3856 0.0300 0.4839 238.0000 23.8000 0.0000 9.2734 2.0000 
667 668 86 0.7074 0.8570 -19.3856 0.3752 0.7870 -19.7699 0.0300 0.5128 238.0000 23.8000 0.0000 10.4901 2.0000 
668 669 86 0.3752 0.7870 -19.7699 0.0917 0.7345 -20.0683 0.0300 0.4149 238.0000 23.8000 0.0000 11.8661 2.0000 
669 670 86 0.0917 0.7345 -20.0683 0.0688 0.7305 -20.0917 0.0300 0.0330 238.0000 23.8000 0.0000 12.0000 2.0000 
82 671 87 1.3258 0.9539 -18.8675 1.2913 0.6093 -19.1526 0.0300 0.4486 238.0000 23.8000 0.0000 8.4105 2.0000 
671 672 87 1.2913 0.6093 -19.1526 1.2443 0.2174 -19.4599 0.0300 0.5002 238.0000 23.8000 0.0000 9.2728 2.0000 
672 673 87 1.2443 0.2174 -19.4599 1.1707 -0.1555 -19.7258 0.0300 0.4638 238.0000 23.8000 0.0000 10.2972 2.0000 
673 674 87 1.1707 -0.1555 -19.7258 1.0842 -0.5802 -20.0307 0.0300 0.5300 238.0000 23.8000 0.0000 11.9560 2.0000 
674 675 87 1.0842 -0.5802 -20.0307 1.0825 -0.5893 -20.0370 0.0300 0.0111 238.0000 23.8000 0.0000 12.0000 2.0000 
83 676 88 1.3507 0.9276 -19.0628 1.3568 0.5639 -19.3930 0.0300 0.4913 238.0000 23.8000 0.0000 8.4526 2.0000 
676 677 88 1.3568 0.5639 -19.3930 1.3714 0.2673 -19.6716 0.0300 0.4071 238.0000 23.8000 0.0000 9.0853 2.0000 
677 678 88 1.3714 0.2673 -19.6716 1.3896 -0.0651 -19.9746 0.0300 0.4502 238.0000 23.8000 0.0000 9.9810 2.0000 
678 679 88 1.3896 -0.0651 -19.9746 1.4097 -0.4203 -20.2959 0.0300 0.4794 238.0000 23.8000 0.0000 11.3549 2.0000 
679 680 88 1.4097 -0.4203 -20.2959 1.4175 -0.5394 -20.4039 0.0300 0.1610 238.0000 23.8000 0.0000 12.0000 2.0000 
84 681 89 1.3740 0.9146 -19.2540 1.7576 0.8316 -19.5720 0.0300 0.5051 238.0000 23.8000 0.0000 8.4790 2.0000 
681 682 89 1.7576 0.8316 -19.5720 2.0686 0.7833 -19.8417 0.0300 0.4145 238.0000 23.8000 0.0000 9.0706 2.0000 
682 683 89 2.0686 0.7833 -19.8417 2.4171 0.7282 -20.1447 0.0300 0.4651 238.0000 23.8000 0.0000 9.9056 2.0000 
683 684 89 2.4171 0.7282 -20.1447 2.7840 0.6167 -20.4394 0.0300 0.4836 238.0000 23.8000 0.0000 11.1090 2.0000 
684 685 89 2.7840 0.6167 -20.4394 2.9723 0.5658 -20.6027 0.0300 0.2544 238.0000 23.8000 0.0000 12.0000 2.0000 
85 686 90 1.3948 0.9019 -19.4302 1.6364 1.1857 -19.7656 0.0300 0.5014 238.0000 23.8000 0.0000 8.5792 2.0000 
686 687 90 1.6364 1.1857 -19.7656 1.8651 1.4473 -20.1192 0.0300 0.4958 238.0000 23.8000 0.0000 9.3686 2.0000 
687 688 90 1.8651 1.4473 -20.1192 2.0779 1.7132 -20.4393 0.0300 0.4674 238.0000 23.8000 0.0000 10.3327 2.0000 
688 689 90 2.0779 1.7132 -20.4393 2.3107 1.9988 -20.8146 0.0300 0.5259 238.0000 23.8000 0.0000 11.9040 2.0000 
689 690 90 2.3107 1.9988 -20.8146 2.3219 2.0119 -20.8325 0.0300 0.0249 238.0000 23.8000 0.0000 12.0000 2.0000 
86 691 91 1.4154 0.8913 -19.6134 1.2077 0.6666 -19.9772 0.0300 0.4754 238.0000 23.8000 0.0000 8.5650 2.0000 
691 692 91 1.2077 0.6666 -19.9772 0.9627 0.3980 -20.4038 0.0300 0.5605 238.0000 23.8000 0.0000 9.4090 2.0000 
692 693 91 0.9627 0.3980 -20.4038 0.7802 0.1632 -20.7822 0.0300 0.4813 238.0000 23.8000 0.0000 10.3544 2.0000 
693 694 91 0.7802 0.1632 -20.7822 0.5515 -0.1193 -21.2013 0.0300 0.5547 238.0000 23.8000 0.0000 11.9310 2.0000 
694 695 91 0.5515 -0.1193 -21.2013 0.5438 -0.1290 -21.2154 0.0300 0.0188 238.0000 23.8000 0.0000 12.0000 2.0000 
87 696 92 1.4343 0.8815 -19.8001 1.4750 1.1844 -20.1383 0.0300 0.4559 238.0000 23.8000 0.0000 8.5678 2.0000 
696 697 92 1.4750 1.1844 -20.1383 1.4743 1.4823 -20.5263 0.0300 0.4892 238.0000 23.8000 0.0000 9.2653 2.0000 
697 698 92 1.4743 1.4823 -20.5263 1.4939 1.7309 -20.8457 0.0300 0.4053 238.0000 23.8000 0.0000 9.9986 2.0000 
698 699 92 1.4939 1.7309 -20.8457 1.5285 2.0600 -21.2775 0.0300 0.5440 238.0000 23.8000 0.0000 11.3920 2.0000 
699 700 92 1.5285 2.0600 -21.2775 1.5359 2.1613 -21.4124 0.0300 0.1688 238.0000 23.8000 0.0000 12.0000 2.0000 
88 701 93 1.4473 0.8689 -19.9980 1.2053 0.6765 -20.2924 0.0300 0.4269 238.0000 23.8000 0.0000 8.6150 2.0000 
701 702 93 1.2053 0.6765 -20.2924 0.9586 0.4802 -20.5926 0.0300 0.4354 238.0000 23.8000 0.0000 9.2554 2.0000 
702 703 93 0.9586 0.4802 -20.5926 0.7148 0.2588 -20.8689 0.0300 0.4300 238.0000 23.8000 0.0000 10.0497 2.0000 
703 704 93 0.7148 0.2588 -20.8689 0.4756 -0.0096 -21.1647 0.0300 0.4655 238.0000 23.8000 0.0000 11.2225 2.0000 
704 705 93 0.4756 -0.0096 -21.1647 0.3647 -0.1395 -21.3118 0.0300 0.2254 238.0000 23.8000 0.0000 12.0000 2.0000 
89 706 94 1.4595 0.8542 -20.1976 1.1973 0.5279 -20.6169 0.0300 0.5926 238.0000 23.8000 0.0000 8.8113 2.0000 
706 707 94 1.1973 0.5279 -20.6169 1.0201 0.2649 -20.9291 0.0300 0.4450 238.0000 23.8000 0.0000 9.4232 2.0000 
707 708 94 1.0201 0.2649 -20.9291 0.8065 -0.0317 -21.2876 0.0300 0.5119 238.0000 23.8000 0.0000 10.3208 2.0000 
708 709 94 0.8065 -0.0317 -21.2876 0.5831 -0.3137 -21.6700 0.0300 0.5251 238.0000 23.8000 0.0000 11.6337 2.0000 
709 710 94 0.5831 -0.3137 -21.6700 0.5361 -0.3735 -21.7506 0.0300 0.1108 238.0000 23.8000 0.0000 12.0000 2.0000 
90 711 95 1.4493 0.8402 -20.3931 1.7230 0.9798 -20.7863 0.0300 0.4990 238.0000 23.8000 0.0000 8.8309 2.0000 
711 712 95 1.7230 0.9798 -20.7863 1.9552 1.1065 -21.0811 0.0300 0.3961 238.0000 23.8000 0.0000 9.4342 2.0000 
712 713 95 1.9552 1.1065 -21.0811 2.2625 1.2656 -21.4591 0.0300 0.5125 238.0000 23.8000 0.0000 10.4347 2.0000 
713 714 95 2.2625 1.2656 -21.4591 2.5152 1.3959 -21.7728 0.0300 0.4234 238.0000 23.8000 0.0000 11.5908 2.0000 
714 715 95 2.5152 1.3959 -21.7728 2.5870 1.4310 -21.8580 0.0300 0.1168 238.0000 23.8000 0.0000 12.0000 2.0000 
91 716 96 1.4341 0.8311 -20.5714 1.7455 0.9790 -20.9075 0.0300 0.4815 238.0000 23.8000 0.0000 8.8262 2.0000 
716 717 96 1.7455 0.9790 -20.9075 2.1302 1.1054 -21.2629 0.0300 0.5388 238.0000 23.8000 0.0000 9.6182 2.0000 
717 718 96 2.1302 1.1054 -21.2629 2.4836 1.2066 -21.5959 0.0300 0.4960 238.0000 23.8000 0.0000 10.5766 2.0000 
718 719 96 2.4836 1.2066 -21.5959 2.8153 1.2828 -21.9748 0.0300 0.5093 238.0000 23.8000 0.0000 12.0000 2.0000 
92 720 97 1.4234 0.8268 -20.7630 1.4263 0.5595 -21.0358 0.0300 0.3819 238.0000 23.8000 0.0000 8.8946 2.0000 
720 721 97 1.4263 0.5595 -21.0358 1.4082 0.2456 -21.3623 0.0300 0.4533 238.0000 23.8000 0.0000 9.7294 2.0000 
721 722 97 1.4082 0.2456 -21.3623 1.4044 -0.0540 -21.6536 0.0300 0.4179 238.0000 23.8000 0.0000 10.6983 2.0000 
722 723 97 1.4044 -0.0540 -21.6536 1.4225 -0.3484 -21.9534 0.0300 0.4206 238.0000 23.8000 0.0000 12.0000 2.0000 
93 724 98 1.4104 0.8266 -20.9522 1.0246 0.9808 -21.3370 0.0300 0.5662 238.0000 23.8000 0.0000 9.1063 2.0000 
724 725 98 1.0246 0.9808 -21.3370 0.6829 1.0854 -21.6364 0.0300 0.4662 238.0000 23.8000 0.0000 9.8659 2.0000 
725 726 98 0.6829 1.0854 -21.6364 0.3673 1.1878 -21.9562 0.0300 0.4608 238.0000 23.8000 0.0000 10.8225 2.0000 
726 727 98 0.3673 1.1878 -21.9562 0.0787 1.2805 -22.2465 0.0300 0.4198 238.0000 23.8000 0.0000 12.0000 2.0000 
94 728 99 1.3980 0.8267 -21.1377 1.3672 1.1371 -21.4263 0.0300 0.4250 238.0000 23.8000 0.0000 9.0002 2.0000 
728 729 99 1.3672 1.1371 -21.4263 1.3270 1.5127 -21.7575 0.0300 0.5023 238.0000 23.8000 0.0000 9.8369 2.0000 
729 730 99 1.3270 1.5127 -21.7575 1.2459 1.8180 -22.1262 0.0300 0.4855 238.0000 23.8000 0.0000 10.8725 2.0000 
730 731 99 1.2459 1.8180 -22.1262 1.1984 2.0577 -22.4391 0.0300 0.3970 238.0000 23.8000 0.0000 12.0000 2.0000 
95 732 100 1.3989 0.8155 -21.3276 1.0942 0.6177 -21.6813 0.0300 0.5071 238.0000 23.8000 0.0000 9.1837 2.0000 
732 733 100 1.0942 0.6177 -21.6813 0.8289 0.4494 -22.0065 0.0300 0.4521 238.0000 23.8000 0.0000 9.9660 2.0000 
733 734 100 0.8289 0.4494 -22.0065 0.5252 0.2558 -22.3789 0.0300 0.5181 238.0000 23.8000 0.0000 11.1286 2.0000 
734 735 100 0.5252 0.2558 -22.3789 0.3532 0.1496 -22.5933 0.0300 0.2947 238.0000 23.8000 0.0000 12.0000 2.0000 
96 736 101 1.3931 0.8037 -21.5222 1.6162 0.4741 -21.8565 0.0300 0.5197 238.0000 23.8000 0.0000 9.3389 2.0000 
736 737 101 1.6162 0.4741 -21.8565 1.8050 0.1540 -22.1590 0.0300 0.4792 238.0000 23.8000 0.0000 10.2758 2.0000 
737 738 101 1.8050 0.1540 -22.1590 1.9577 -0.1085 -22.4195 0.0300 0.4000 238.0000 23.8000 0.0000 11.2702 2.0000 
738 739 101 1.9577 -0.1085 -22.4195 2.0490 -0.2617 -22.5750 0.0300 0.2366 238.0000 23.8000 0.0000 12.0000 2.0000 
97 740 102 1.3794 0.7896 -21.7112 1.2410 1.0534 -22.0524 0.0300 0.4530 238.0000 23.8000 0.0000 9.0940 2.0000 
740 741 102 1.2410 1.0534 -22.0524 1.0993 1.3279 -22.4077 0.0300 0.4708 238.0000 23.8000 0.0000 9.7468 2.0000 
741 742 102 1.0993 1.3279 -22.4077 0.9715 1.5641 -22.7657 0.0300 0.4476 238.0000 23.8000 0.0000 10.5312 2.0000 
742 743 102 0.9715 1.5641 -22.7657 0.7955 1.8205 -23.1302 0.0300 0.4791 238.0000 23.8000 0.0000 11.6798 2.0000 
743 744 102 0.7955 1.8205 -23.1302 0.7553 1.8759 -23.2091 0.0300 0.1045 238.0000 23.8000 0.0000 12.0000 2.0000 
98 745 103 1.3641 0.7737 -21.9131 1.5099 0.5617 -22.1452 0.0300 0.3466 238.0000 23.8000 0.0000 9.1247 2.0000 
745 746 103 1.5099 0.5617 -22.1452 1.7007 0.2216 -22.4800 0.0300 0.5139 238.0000 23.8000 0.0000 10.0024 2.0000 
746 747 103 1.7007 0.2216 -22.4800 1.8821 -0.0885 -22.7924 0.0300 0.4761 238.0000 23.8000 0.0000 11.0584 2.0000 
747 748 103 1.8821 -0.0885 -22.7924 2.0102 -0.3172 -22.9820 0.0300 0.3235 238.0000 23.8000 0.0000 12.0000 2.0000 
99 749 104 1.3584 0.7617 -22.1163 1.2226 1.0702 -22.4714 0.0300 0.4896 238.0000 23.8000 0.0000 9.3976 2.0000 
749 750 104 1.2226 1.0702 -22.4714 1.1081 1.3296 -22.7854 0.0300 0.4231 238.0000 23.8000 0.0000 10.1307 2.0000 
750 751 104 1.1081 1.3296 -22.7854 0.9616 1.6626 -23.1943 0.0300 0.5473 238.0000 23.8000 0.0000 11.3384 2.0000 
751 752 104 0.9616 1.6626 -23.1943 0.8952 1.8163 -23.3611 0.0300 0.2363 238.0000 23.8000 0.0000 12.0000 2.0000 
100 753 105 1.3529 0.7596 -22.3172 1.0886 0.4756 -22.7251 0.0300 0.5629 238.0000 23.8000 0.0000 9.5289 2.0000 
753 754 105 1.0886 0.4756 -22.7251 0.7999 0.2133 -23.1371 0.0300 0.5674 238.0000 23.8000 0.0000 10.5168 2.0000 
754 755 105 0.7999 0.2133 -23.1371 0.5566 -0.0066 -23.4809 0.0300 0.4751 238.0000 23.8000 0.0000 11.5937 2.0000 
755 756 105 0.5566 -0.0066 -23.4809 0.4779 -0.0736 -23.5867 0.0300 0.1479 238.0000 23.8000 0.0000 12.0000 2.0000 
101 757 106 1.3467 0.7604 -22.5325 1.5601 0.9656 -22.8615 0.0300 0.4426 238.0000 23.8000 0.0000 9.4930 2.0000 
757 758 106 1.5601 0.9656 -22.8615 1.8141 1.2138 -23.2166 0.0300 0.5022 238.0000 23.8000 0.0000 10.4658 2.0000 
758 759 106 1.8141 1.2138 -23.2166 2.0271 1.3664 -23.4700 0.0300 0.3645 238.0000 23.8000 0.0000 11.3781 2.0000 
759 760 106 2.0271 1.3664 -23.4700 2.1445 1.4482 -23.6119 0.0300 0.2015 238.0000 23.8000 0.0000 12.0000 2.0000 
102 761 107 1.3488 0.7503 -22.7272 1.6654 0.8706 -23.0106 0.0300 0.4417 238.0000 23.8000 0.0000 9.4160 2.0000 
761 762 107 1.6654 0.8706 -23.0106 2.0025 0.9469 -23.2836 0.0300 0.4404 238.0000 23.8000 0.0000 10.0751 2.0000 
762 763 107 2.0025 0.9469 -23.2836 2.4057 1.0213 -23.5771 0.0300 0.5042 238.0000 23.8000 0.0000 11.0302 2.0000 
763 764 107 2.4057 1.0213 -23.5771 2.7099 1.0742 -23.8086 0.0300 0.3859 238.0000 23.8000 0.0000 12.0000 2.0000 
103 765 108 1.3512 0.7420 -22.9335 1.0388 0.5454 -23.2937 0.0300 0.5158 238.0000 23.8000 0.0000 9.6934 2.0000 
765 766 108 1.0388 0.5454 -23.2937 0.7545 0.3634 -23.6470 0.0300 0.4886 238.0000 23.8000 0.0000 10.5979 2.0000 
766 767 108 0.7545 0.3634 -23.6470 0.4332 0.1980 -24.0157 0.0300 0.5163 238.0000 23.8000 0.0000 11.8520 2.0000 
767 768 108 0.4332 0.1980 -24.0157 0.4019 0.1801 -24.0515 0.0300 0.0508 238.0000 23.8000 0.0000 12.0000 2.0000 
104 769 109 1.3548 0.7315 -23.1376 1.0400 0.7798 -23.4675 0.0300 0.4586 238.0000 23.8000 0.0000 9.6046 2.0000 
769 770 109 1.0400 0.7798 -23.4675 0.6895 0.8336 -23.8411 0.0300 0.5151 238.0000 23.8000 0.0000 10.4699 2.0000 
770 771 109 0.6895 0.8336 -23.8411 0.3335 0.8760 -24.1484 0.0300 0.4722 238.0000 23.8000 0.0000 11.5048 2.0000 
771 772 109 0.3335 0.8760 -24.1484 0.1961 0.8919 -24.2661 0.0300 0.1817 238.0000 23.8000 0.0000 12.0000 2.0000 
105 773 110 1.3702 0.7053 -23.3403 1.0532 0.6983 -23.7261 0.0300 0.4995 238.0000 23.8000 0.0000 9.6601 2.0000 
773 774 110 1.0532 0.6983 -23.7261 0.7173 0.6878 -24.0931 0.0300 0.4975 238.0000 23.8000 0.0000 10.4215 2.0000 
774 775 110 0.7173 0.6878 -24.0931 0.4133 0.6641 -24.4706 0.0300 0.4853 238.0000 23.8000 0.0000 11.3791 2.0000 
775 776 110 0.4133 0.6641 -24.4706 0.2628 0.6551 -24.6679 0.0300 0.2484 238.0000 23.8000 0.0000 12.0000 2.0000 
106 777 111 1.3811 0.6809 -23.5343 1.1095 0.4950 -23.8584 0.0300 0.4619 238.0000 23.8000 0.0000 9.6488 2.0000 
777 778 111 1.1095 0.4950 -23.8584 0.8185 0.3397 -24.2235 0.0300 0.4920 238.0000 23.8000 0.0000 10.3734 2.0000 
778 779 111 0.8185 0.3397 -24.2235 0.5440 0.2030 -24.4981 0.0300 0.4116 238.0000 23.8000 0.0000 11.1409 2.0000 
779 780 111 0.5440 0.2030 -24.4981 0.3221 0.0687 -24.7422 0.0300 0.3562 238.0000 23.8000 0.0000 12.0000 2.0000 
107 781 112 1.3813 0.6569 -23.7275 1.0819 0.6303 -24.0450 0.0300 0.4372 238.0000 23.8000 0.0000 9.6393 2.0000 
781 782 112 1.0819 0.6303 -24.0450 0.7109 0.5974 -24.4381 0.0300 0.5415 238.0000 23.8000 0.0000 10.3769 2.0000 
782 783 112 0.7109 0.5974 -24.4381 0.3861 0.5751 -24.7761 0.0300 0.4693 238.0000 23.8000 0.0000 11.1946 2.0000 
783 784 112 0.3861 0.5751 -24.7761 0.1433 0.5358 -25.0355 0.0300 0.3574 238.0000 23.8000 0.0000 12.0000 2.0000 
108 785 113 1.3824 0.6337 -23.9267 1.3129 0.9461 -24.3355 0.0300 0.5192 238.0000 23.8000 0.0000 9.7751 2.0000 
785 786 113 1.3129 0.9461 -24.3355 1.1950 1.2058 -24.7206 0.0300 0.4792 238.0000 23.8000 0.0000 10.4220 2.0000 
786 787 113 1.1950 1.2058 -24.7206 1.0635 1.4924 -25.1464 0.0300 0.5298 238.0000 23.8000 0.0000 11.3573 2.0000 
787 788 113 1.0635 1.4924 -25.1464 1.0009 1.6279 -25.3802 0.0300 0.2774 238.0000 23.8000 0.0000 12.0000 2.0000 
109 789 114 1.3782 0.6119 -24.1229 1.0962 0.4563 -24.4794 0.0300 0.4805 238.0000 23.8000 0.0000 9.8341 2.0000 
789 790 114 1.0962 0.4563 -24.4794 0.8480 0.3080 -24.8088 0.0300 0.4383 238.0000 23.8000 0.0000 10.4604 2.0000 
790 791 114 0.8480 0.3080 -24.8088 0.5228 0.1111 -25.2434 0.0300 0.5774 238.0000 23.8000 0.0000 11.5239 2.0000 
791 792 114 0.5228 0.1111 -25.2434 0.4104 0.0444 -25.3998 0.0300 0.2038 238.0000 23.8000 0.0000 12.0000 2.0000 
110 793 115 1.3724 0.5921 -24.3125 1.0847 0.3179 -24.6655 0.0300 0.5316 238.0000 23.8000 0.0000 10.0722 2.0000 
793 794 115 1.0847 0.3179 -24.6655 0.8680 0.1255 -24.9134 0.0300 0.3813 238.0000 23.8000 0.0000 10.7260 2.0000 
794 795 115 0.8680 0.1255 -24.9134 0.6112 -0.1243 -25.2179 0.0300 0.4702 238.0000 23.8000 0.0000 11.7274 2.0000 
795 796 115 0.6112 -0.1243 -25.2179 0.5507 -0.1821 -25.2859 0.0300 0.1078 238.0000 23.8000 0.0000 12.0000 2.0000 
111 797 116 1.3647 0.5798 -24.5126 1.3295 0.2331 -24.8447 0.0300 0.4814 238.0000 23.8000 0.0000 10.0469 2.0000 
797 798 116 1.3295 0.2331 -24.8447 1.3047 -0.1342 -25.1845 0.0300 0.5009 238.0000 23.8000 0.0000 10.9041 2.0000 
798 799 116 1.3047 -0.1342 -25.1845 1.2845 -0.5054 -25.4966 0.0300 0.4854 238.0000 23.8000 0.0000 11.9745 2.0000 
799 800 116 1.2845 -0.5054 -25.4966 1.2840 -0.5131 -25.5029 0.0300 0.0100 238.0000 23.8000 0.0000 12.0000 2.0000 
112 801 117 1.3556 0.5672 -24.7062 1.5773 0.7821 -25.0798 0.0300 0.4847 238.0000 23.8000 0.0000 10.0238 2.0000 
801 802 117 1.5773 0.7821 -25.0798 1.7761 1.0047 -25.5004 0.0300 0.5157 238.0000 23.8000 0.0000 10.8074 2.0000 
802 803 117 1.7761 1.0047 -25.5004 1.9667 1.2536 -25.9692 0.0300 0.5640 238.0000 23.8000 0.0000 11.9633 2.0000 
803 804 117 1.9667 1.2536 -25.9692 1.9718 1.2602 -25.9814 0.0300 0.0148 238.0000 23.8000 0.0000 12.0000 2.0000 
113 805 118 1.3393 0.5635 -24.9233 1.2881 0.8227 -25.2923 0.0300 0.4539 238.0000 23.8000 0.0000 10.0443 2.0000 
805 806 118 1.2881 0.8227 -25.2923 1.2761 1.0813 -25.6605 0.0300 0.4501 238.0000 23.8000 0.0000 10.7124 2.0000 
806 807 118 1.2761 1.0813 -25.6605 1.2450 1.2986 -26.1180 0.0300 0.5073 238.0000 23.8000 0.0000 11.6936 2.0000 
807 808 118 1.2450 1.2986 -26.1180 1.2381 1.3493 -26.2354 0.0300 0.1281 238.0000 23.8000 0.0000 12.0000 2.0000 
114 809 119 1.3259 0.5623 -25.1199 1.0262 0.5840 -25.3870 0.0300 0.4020 238.0000 23.8000 0.0000 10.1409 2.0000 
809 810 119 1.0262 0.5840 -25.3870 0.6845 0.5837 -25.6751 0.0300 0.4470 238.0000 23.8000 0.0000 10.9367 2.0000 
810 811 119 0.6845 0.5837 -25.6751 0.3963 0.5824 -25.9412 0.0300 0.3922 238.0000 23.8000 0.0000 11.8132 2.0000 
811 812 119 0.3963 0.5824 -25.9412 0.3435 0.5827 -25.9904 0.0300 0.0722 238.0000 23.8000 0.0000 12.0000 2.0000 
115 813 120 1.3194 0.5569 -25.3309 1.4399 0.1734 -25.6694 0.0300 0.5254 238.0000 23.8000 0.0000 10.2805 2.0000 
813 814 120 1.4399 0.1734 -25.6694 1.5498 -0.2114 -26.0156 0.0300 0.5292 238.0000 23.8000 0.0000 11.1192 2.0000 
814 815 120 1.5498 -0.2114 -26.0156 1.6640 -0.5226 -26.2977 0.0300 0.4352 238.0000 23.8000 0.0000 12.0000 2.0000 
116 816 121 1.3130 0.5518 -25.5292 1.0452 0.7785 -25.8914 0.0300 0.5043 238.0000 23.8000 0.0000 10.3258 2.0000 
816 817 121 1.0452 0.7785 -25.8914 0.7877 0.9986 -26.1856 0.0300 0.4486 238.0000 23.8000 0.0000 11.0389 2.0000 
817 818 121 0.7877 0.9986 -26.1856 0.5052 1.2027 -26.5132 0.0300 0.4783 238.0000 23.8000 0.0000 12.0000 2.0000 
117 819 122 1.3046 0.5531 -25.7292 1.5357 0.8277 -26.1313 0.0300 0.5390 238.0000 23.8000 0.0000 10.4627 2.0000 
819 820 122 1.5357 0.8277 -26.1313 1.7375 1.0752 -26.4360 0.0300 0.4414 238.0000 23.8000 0.0000 11.2087 2.0000 
820 821 122 1.7375 1.0752 -26.4360 1.9123 1.2863 -26.6958 0.0300 0.3776 238.0000 23.8000 0.0000 12.0000 2.0000 
118 822 123 1.2948 0.5507 -25.9224 1.4529 0.8428 -26.3189 0.0300 0.5173 238.0000 23.8000 0.0000 10.3817 2.0000 
822 823 123 1.4529 0.8428 -26.3189 1.6110 1.1340 -26.7175 0.0300 0.5183 238.0000 23.8000 0.0000 11.1225 2.0000 
823 824 123 1.6110 1.1340 -26.7175 1.7335 1.4128 -27.0894 0.0300 0.4807 238.0000 23.8000 0.0000 12.0000 2.0000 
119 825 124 1.2871 0.5475 -26.1117 1.1903 0.8418 -26.4252 0.0300 0.4408 238.0000 23.8000 0.0000 10.2893 2.0000 
825 826 124 1.1903 0.8418 -26.4252 1.1002 1.1423 -26.8057 0.0300 0.4932 238.0000 23.8000 0.0000 10.9062 2.0000 
826 827 124 1.1002 1.1423 -26.8057 1.0097 1.4698 -27.1372 0.0300 0.4747 238.0000 23.8000 0.0000 11.6631 2.0000 
827 828 124 1.0097 1.4698 -27.1372 0.9806 1.5903 -27.2589 0.0300 0.1737 238.0000 23.8000 0.0000 12.0000 2.0000 
120 829 125 1.2886 0.5531 -26.3056 1.2207 0.8782 -26.6366 0.0300 0.4689 238.0000 23.8000 0.0000 10.4464 2.0000 
829 830 125 1.2207 0.8782 -26.6366 1.1646 1.1770 -26.9485 0.0300 0.4356 238.0000 23.8000 0.0000 11.0764 2.0000 
830 831 125 1.1646 1.1770 -26.9485 1.1089 1.4729 -27.2575 0.0300 0.4314 238.0000 23.8000 0.0000 11.8637 2.0000 
831 832 125 1.1089 1.4729 -27.2575 1.1001 1.5165 -27.3034 0.0300 0.0639 238.0000 23.8000 0.0000 12.0000 2.0000 
121 833 126 1.2883 0.5521 -26.4892 1.0638 0.2679 -26.8523 0.0300 0.5128 238.0000 23.8000 0.0000 10.6681 2.0000 
833 834 126 1.0638 0.2679 -26.8523 0.8221 -0.0088 -27.2353 0.0300 0.5308 238.0000 23.8000 0.0000 11.6035 2.0000 
834 835 126 0.8221 -0.0088 -27.2353 0.7391 -0.1059 -27.3737 0.0300 0.1883 238.0000 23.8000 0.0000 12.0000 2.0000 
122 836 127 1.2877 0.5563 -26.6902 1.2109 0.2664 -27.0279 0.0300 0.4516 238.0000 23.8000 0.0000 10.6838 2.0000 
836 837 127 1.2109 0.2664 -27.0279 1.1531 0.0454 -27.2867 0.0300 0.3452 238.0000 23.8000 0.0000 11.3084 2.0000 
837 838 127 1.1531 0.0454 -27.2867 1.1089 -0.1468 -27.5386 0.0300 0.3199 238.0000 23.8000 0.0000 12.0000 2.0000 
123 839 128 1.2892 0.5511 -26.8788 1.6193 0.6161 -27.2100 0.0300 0.4721 238.0000 23.8000 0.0000 10.6886 2.0000 
839 840 128 1.6193 0.6161 -27.2100 1.9938 0.6848 -27.6077 0.0300 0.5506 238.0000 23.8000 0.0000 11.5988 2.0000 
840 841 128 1.9938 0.6848 -27.6077 2.1306 0.7081 -27.7556 0.0300 0.2028 238.0000 23.8000 0.0000 12.0000 2.0000 
124 842 129 1.2911 0.5444 -27.0699 0.9853 0.7318 -27.4600 0.0300 0.5300 238.0000 23.8000 0.0000 10.9051 2.0000 
842 843 129 0.9853 0.7318 -27.4600 0.7241 0.8617 -27.7484 0.0300 0.4102 238.0000 23.8000 0.0000 11.6555 2.0000 
843 844 129 0.7241 0.8617 -27.7484 0.6188 0.9058 -27.8655 0.0300 0.1635 238.0000 23.8000 0.0000 12.0000 2.0000 
125 845 130 1.2826 0.5318 -27.2563 0.9770 0.6784 -27.6203 0.0300 0.4973 238.0000 23.8000 0.0000 10.8709 2.0000 
845 846 130 0.9770 0.6784 -27.6203 0.6971 0.8128 -27.9604 0.0300 0.4606 238.0000 23.8000 0.0000 11.6825 2.0000 
846 847 130 0.6971 0.8128 -27.9604 0.6014 0.8594 -28.0706 0.0300 0.1532 238.0000 23.8000 0.0000 12.0000 2.0000 
126 848 131 1.2760 0.5316 -27.4401 0.9604 0.3547 -27.7798 0.0300 0.4963 238.0000 23.8000 0.0000 10.8093 2.0000 
848 849 131 0.9604 0.3547 -27.7798 0.6508 0.1842 -28.1108 0.0300 0.4842 238.0000 23.8000 0.0000 11.5167 2.0000 
849 850 131 0.6508 0.1842 -28.1108 0.4698 0.0996 -28.2989 0.0300 0.2744 238.0000 23.8000 0.0000 12.0000 2.0000 
127 851 132 1.2682 0.5388 -27.6413 1.1370 0.2276 -27.9974 0.0300 0.4908 238.0000 23.8000 0.0000 10.9989 2.0000 
851 852 132 1.1370 0.2276 -27.9974 0.9974 -0.0898 -28.3634 0.0300 0.5041 238.0000 23.8000 0.0000 11.9184 2.0000 
852 853 132 0.9974 -0.0898 -28.3634 0.9867 -0.1145 -28.3919 0.0300 0.0392 238.0000 23.8000 0.0000 12.0000 2.0000 
128 854 133 1.2493 0.5401 -27.8454 1.5344 0.4702 -28.2424 0.0300 0.4938 238.0000 23.8000 0.0000 10.9368 2.0000 
854 855 133 1.5344 0.4702 -28.2424 1.8945 0.3919 -28.7120 0.0300 0.5969 238.0000 23.8000 0.0000 11.8438 2.0000 
855 856 133 1.8945 0.3919 -28.7120 1.9489 0.3810 -28.7799 0.0300 0.0876 238.0000 23.8000 0.0000 12.0000 2.0000 
129 857 134 1.2376 0.5424 -28.0403 1.0148 0.6132 -28.2527 0.0300 0.3159 238.0000 23.8000 0.0000 10.7840 2.0000 
857 858 134 1.0148 0.6132 -28.2527 0.7237 0.8170 -28.6610 0.0300 0.5413 238.0000 23.8000 0.0000 11.5884 2.0000 
858 859 134 0.7237 0.8170 -28.6610 0.6000 0.9028 -28.8345 0.0300 0.2297 238.0000 23.8000 0.0000 12.0000 2.0000 
130 860 135 1.2324 0.5487 -28.2258 0.9077 0.4911 -28.5516 0.0300 0.4636 238.0000 23.8000 0.0000 11.0884 2.0000 
860 861 135 0.9077 0.4911 -28.5516 0.6018 0.4599 -28.8469 0.0300 0.4263 238.0000 23.8000 0.0000 11.8099 2.0000 
861 862 135 0.6018 0.4599 -28.8469 0.5312 0.4519 -28.9144 0.0300 0.0980 238.0000 23.8000 0.0000 12.0000 2.0000 
131 863 136 1.2257 0.5544 -28.4034 1.3974 0.2545 -28.7780 0.0300 0.5096 238.0000 23.8000 0.0000 11.2002 2.0000 
863 864 136 1.3974 0.2545 -28.7780 1.5728 0.0018 -29.1119 0.0300 0.4540 238.0000 23.8000 0.0000 11.9660 2.0000 
864 865 136 1.5728 0.0018 -29.1119 1.5796 -0.0083 -29.1252 0.0300 0.0180 238.0000 23.8000 0.0000 12.0000 2.0000 
132 866 137 1.2161 0.5650 -28.5979 0.8995 0.7141 -28.9449 0.0300 0.4929 238.0000 23.8000 0.0000 11.0891 2.0000 
866 867 137 0.8995 0.7141 -28.9449 0.5459 0.8737 -29.3107 0.0300 0.5332 238.0000 23.8000 0.0000 11.8210 2.0000 
867 868 137 0.5459 0.8737 -29.3107 0.4732 0.9063 -29.3860 0.0300 0.1097 238.0000 23.8000 0.0000 12.0000 2.0000 
133 869 138 1.2047 0.5771 -28.7955 0.8750 0.4153 -29.1307 0.0300 0.4972 238.0000 23.8000 0.0000 11.2453 2.0000 
869 870 138 0.8750 0.4153 -29.1307 0.5771 0.2254 -29.4004 0.0300 0.4445 238.0000 23.8000 0.0000 11.9296 2.0000 
870 871 138 0.5771 0.2254 -29.4004 0.5492 0.2092 -29.4256 0.0300 0.0409 238.0000 23.8000 0.0000 12.0000 2.0000 
134 872 139 1.1938 0.5894 -28.9993 1.0985 0.9655 -29.3697 0.0300 0.5364 238.0000 23.8000 0.0000 11.3382 2.0000 
872 873 139 1.0985 0.9655 -29.3697 1.0262 1.2596 -29.6799 0.0300 0.4336 238.0000 23.8000 0.0000 12.0000 2.0000 
135 874 140 1.1800 0.5951 -29.1917 0.7981 0.5325 -29.5422 0.0300 0.5221 238.0000 23.8000 0.0000 11.4626 2.0000 
874 875 140 0.7981 0.5325 -29.5422 0.5667 0.4976 -29.7636 0.0300 0.3222 238.0000 23.8000 0.0000 12.0000 2.0000 
136 876 141 1.1669 0.5947 -29.3908 0.9273 0.4148 -29.6867 0.0300 0.4211 238.0000 23.8000 0.0000 11.3588 2.0000 
876 877 141 0.9273 0.4148 -29.6867 0.7331 0.2479 -29.9814 0.0300 0.3904 238.0000 23.8000 0.0000 11.9866 2.0000 
877 878 141 0.7331 0.2479 -29.9814 0.7293 0.2446 -29.9871 0.0300 0.0076 238.0000 23.8000 0.0000 12.0000 2.0000 
137 879 142 1.1503 0.5919 -29.5760 1.2225 0.1984 -29.9248 0.0300 0.5308 238.0000 23.8000 0.0000 11.6674 2.0000 
879 880 142 1.2225 0.1984 -29.9248 1.2505 0.0583 -30.0437 0.0300 0.1859 238.0000 23.8000 0.0000 12.0000 2.0000 
138 881 143 1.1348 0.5845 -29.7854 1.2835 0.2739 -30.1320 0.0300 0.4886 238.0000 23.8000 0.0000 11.5780 2.0000 
881 882 143 1.2835 0.2739 -30.1320 1.3745 0.1220 -30.3243 0.0300 0.2614 238.0000 23.8000 0.0000 12.0000 2.0000 
139 883 144 1.1391 0.5841 -29.9943 1.0030 0.8501 -30.3167 0.0300 0.4396 238.0000 23.8000 0.0000 11.6733 2.0000 
883 884 144 1.0030 0.8501 -30.3167 0.9456 0.9655 -30.4417 0.0300 0.1795 238.0000 23.8000 0.0000 12.0000 2.0000 
140 885 145 1.1428 0.5833 -30.1907 1.4865 0.3994 -30.5789 0.0300 0.5502 238.0000 23.8000 0.0000 11.7246 2.0000 
885 886 145 1.4865 0.3994 -30.5789 1.6050 0.3367 -30.7068 0.0300 0.1853 238.0000 23.8000 0.0000 12.0000 2.0000 
141 887 146 1.1381 0.5881 -30.3852 0.8478 0.4620 -30.7380 0.0300 0.4740 238.0000 23.8000 0.0000 11.7480 2.0000 
887 888 146 0.8478 0.4620 -30.7380 0.7522 0.4211 -30.8555 0.0300 0.1569 238.0000 23.8000 0.0000 12.0000 2.0000 
142 889 147 1.1314 0.5808 -30.5780 0.9844 0.8085 -30.9277 0.0300 0.4424 238.0000 23.8000 0.0000 11.6649 2.0000 
889 890 147 0.9844 0.8085 -30.9277 0.9019 0.9297 -31.1240 0.0300 0.2450 238.0000 23.8000 0.0000 12.0000 2.0000 
143 891 148 1.1133 0.5732 -30.7930 1.2071 0.8537 -31.1158 0.0300 0.4378 238.0000 23.8000 0.0000 11.7633 2.0000 
891 892 148 1.2071 0.8537 -31.1158 1.2438 0.9592 -31.2346 0.0300 0.1631 238.0000 23.8000 0.0000 12.0000 2.0000 
144 893 149 1.0967 0.5713 -30.9747 1.1695 0.8927 -31.3212 0.0300 0.4782 238.0000 23.8000 0.0000 11.9888 2.0000 
893 894 149 1.1695 0.8927 -31.3212 1.1705 0.8972 -31.3261 0.0300 0.0067 238.0000 23.8000 0.0000 12.0000 2.0000 
145 895 150 1.0697 0.5807 -31.1688 1.2914 0.7886 -31.5402 0.0300 0.4799 238.0000 23.8000 0.0000 11.9371 2.0000 
895 896 150 1.2914 0.7886 -31.5402 1.3119 0.8083 -31.5730 0.0300 0.0434 238.0000 23.8000 0.0000 12.0000 2.0000 
146 897 151 1.0433 0.5988 -31.3647 1.2572 0.4091 -31.7692 0.0300 0.4954 238.0000 23.8000 0.0000 12.0000 2.0000 
147 898 152 1.0145 0.6070 -31.5702 1.2319 0.4888 -31.8631 0.0300 0.3835 238.0000 23.8000 0.0000 12.0000 2.0000 
148 899 153 0.9794 0.6311 -31.7626 0.8180 0.3818 -32.0762 0.0300 0.4319 238.0000 23.8000 0.0000 12.0000 2.0000 
149 900 154 0.9323 0.6543 -31.9558 1.0808 0.8159 -32.2703 0.0300 0.3835 238.0000 23.8000 0.0000 12.0000 2.0000 
150 901 155 0.8944 0.6796 -32.1460 0.8153 0.5047 -32.3767 0.0300 0.3002 238.0000 23.8000 0.0000 12.0000 2.0000 
151 902 156 0.8560 0.7015 -32.3417 0.6800 0.7413 -32.4630 0.0300 0.2174 238.0000 23.8000 0.0000 12.0000 2.0000 
152 903 157 0.8378 0.7341 -32.5255 0.6755 0.7263 -32.6693 0.0300 0.2170 238.0000 23.8000 0.0000 12.0000 2.0000 
153 904 158 0.8256 0.7628 -32.7038 0.6691 0.8455 -32.8441 0.0300 0.2259 238.0000 23.8000 0.0000 12.0000 2.0000 
154 905 159 0.8177 0.7947 -32.8998 0.8256 0.8879 -32.9694 0.0300 0.1166 238.0000 23.8000 0.0000 12.0000 2.0000 
155 906 160 0.8101 0.8275 -33.1000 0.8347 0.7913 -33.1722 0.0300 0.0845 238.0000 23.8000 0.0000 12.0000 2.0000 
156 907 161 0.8017 0.8463 -33.3077 0.8026 0.8253 -33.3340 0.0300 0.0337 238.0000 23.8000 0.0000 12.0000 2.0000 
908 909 1 0.0000 0.0000 -3.1000 -0.0018 0.0025 -3.1095 0.0984 0.0100 0.0000 0.0000 205.0000 0.0031 4.0000 
909 910 1 -0.0018 0.0025 -3.1095 -0.0483 0.0470 -3.2943 0.0984 0.1957 0.0000 0.0000 205.0000 0.0646 4.0000 
910 911 1 -0.0483 0.0470 -3.2943 -0.0953 0.0836 -3.4760 0.0984 0.1912 0.0000 0.0000 205.0000 0.1248 4.0000 
911 912 1 -0.0953 0.0836 -3.4760 -0.1413 0.1050 -3.6670 0.0984 0.1976 0.0000 0.0000 205.0000 0.1869 4.0000 
912 913 1 -0.1413 0.1050 -3.6670 -0.1894 0.1295 -3.8535 0.0984 0.1942 0.0000 0.0000 205.0000 0.2481 4.0000 
913 914 1 -0.1894 0.1295 -3.8535 -0.2421 0.1571 -4.0590 0.0984 0.2140 0.0000 0.0000 205.0000 0.3155 4.0000 
914 915 1 -0.2421 0.1571 -4.0590 -0.2876 0.1986 -4.2649 0.0984 0.2149 0.0000 0.0000 205.0000 0.3833 4.0000 
915 916 1 -0.2876 0.1986 -4.2649 -0.3323 0.2247 -4.4550 0.0984 0.1970 0.0000 0.0000 205.0000 0.4455 4.0000 
916 917 1 -0.3323 0.2247 -4.4550 -0.3771 0.2509 -4.6449 0.0984 0.1968 0.0000 0.0000 205.0000 0.5076 4.0000 
917 918 1 -0.3771 0.2509 -4.6449 -0.4268 0.2822 -4.8359 0.0984 0.1998 0.0000 0.0000 205.0000 0.5708 4.0000 
918 919 1 -0.4268 0.2822 -4.8359 -0.4778 0.3135 -5.0321 0.0984 0.2052 0.0000 0.0000 205.0000 0.6357 4.0000 
919 920 1 -0.4778 0.3135 -5.0321 -0.5294 0.3376 -5.2347 0.0984 0.2105 0.0000 0.0000 205.0000 0.7023 4.0000 
920 921 1 -0.5294 0.3376 -5.2347 -0.5700 0.3545 -5.4110 0.0984 0.1817 0.0000 0.0000 205.0000 0.7599 4.0000 
921 922 1 -0.5700 0.3545 -5.4110 -0.6044 0.3815 -5.5919 0.0984 0.1861 0.0000 0.0000 205.0000 0.8189 4.0000 
922 923 1 -0.6044 0.3815 -5.5919 -0.6432 0.4027 -5.7841 0.0984 0.1972 0.0000 0.0000 205.0000 0.8815 4.0000 
923 924 1 -0.6432 0.4027 -5.7841 -0.6909 0.4279 -5.9617 0.0984 0.1856 0.0000 0.0000 205.0000 0.9404 4.0000 
924 925 1 -0.6909 0.4279 -5.9617 -0.7397 0.4498 -6.1492 0.0984 0.1950 0.0000 0.0000 205.0000 1.0023 4.0000 
925 926 1 -0.7397 0.4498 -6.1492 -0.7832 0.4750 -6.3224 0.0984 0.1804 0.0000 0.0000 205.0000 1.0597 4.0000 
926 927 1 -0.7832 0.4750 -6.3224 -0.8267 0.5044 -6.5111 0.0984 0.1959 0.0000 0.0000 205.0000 1.1220 4.0000 
927 928 1 -0.8267 0.5044 -6.5111 -0.8679 0.5351 -6.7038 0.0984 0.1994 0.0000 0.0000 205.0000 1.1855 4.0000 
928 929 1 -0.8679 0.5351 -6.7038 -0.9074 0.5743 -6.8904 0.0984 0.1947 0.0000 0.0000 205.0000 1.2475 4.0000 
929 930 1 -0.9074 0.5743 -6.8904 -0.9481 0.6150 -7.0832 0.0984 0.2012 0.0000 0.0000 205.0000 1.3117 4.0000 
930 931 1 -0.9481 0.6150 -7.0832 -0.9886 0.6604 -7.2889 0.0984 0.2146 0.0000 0.0000 205.0000 1.3802 4.0000 
931 932 1 -0.9886 0.6604 -7.2889 -1.0254 0.6985 -7.4842 0.0984 0.2023 0.0000 0.0000 205.0000 1.4448 4.0000 
932 933 1 -1.0254 0.6985 -7.4842 -1.0453 0.7407 -7.6739 0.0984 0.1953 0.0000 0.0000 205.0000 1.5072 4.0000 
933 934 1 -1.0453 0.7407 -7.6739 -1.0730 0.7854 -7.8870 0.0984 0.2195 0.0000 0.0000 205.0000 1.5774 4.0000 
934 935 1 -1.0730 0.7854 -7.8870 -1.0996 0.8264 -8.0839 0.0984 0.2030 0.0000 0.0000 205.0000 1.6424 4.0000 
935 936 1 -1.0996 0.8264 -8.0839 -1.1190 0.8664 -8.2742 0.0984 0.1954 0.0000 0.0000 205.0000 1.7050 4.0000 
936 937 1 -1.1190 0.8664 -8.2742 -1.1468 0.9095 -8.4702 0.0984 0.2026 0.0000 0.0000 205.0000 1.7699 4.0000 
937 938 1 -1.1468 0.9095 -8.4702 -1.1800 0.9434 -8.6513 0.0984 0.1872 0.0000 0.0000 205.0000 1.8300 4.0000 
938 939 1 -1.1800 0.9434 -8.6513 -1.2218 0.9748 -8.8356 0.0984 0.1916 0.0000 0.0000 205.0000 1.8915 4.0000 
939 940 1 -1.2218 0.9748 -8.8356 -1.2596 1.0049 -9.0189 0.0984 0.1895 0.0000 0.0000 205.0000 1.9524 4.0000 
940 941 1 -1.2596 1.0049 -9.0189 -1.3001 1.0379 -9.2057 0.0984 0.1940 0.0000 0.0000 205.0000 2.0147 4.0000 
941 942 1 -1.3001 1.0379 -9.2057 -1.3272 1.0731 -9.3878 0.0984 0.1874 0.0000 0.0000 205.0000 2.0750 4.0000 
942 943 1 -1.3272 1.0731 -9.3878 -1.3561 1.1046 -9.5872 0.0984 0.2039 0.0000 0.0000 205.0000 2.1407 4.0000 
943 944 1 -1.3561 1.1046 -9.5872 -1.3845 1.1369 -9.7894 0.0984 0.2068 0.0000 0.0000 205.0000 2.2073 4.0000 
944 945 1 -1.3845 1.1369 -9.7894 -1.4222 1.1757 -9.9791 0.0984 0.1973 0.0000 0.0000 205.0000 2.2709 4.0000 
945 946 1 -1.4222 1.1757 -9.9791 -1.4620 1.2152 -10.1831 0.0984 0.2115 0.0000 0.0000 205.0000 2.3392 4.0000 
946 947 1 -1.4620 1.2152 -10.1831 -1.4963 1.2567 -10.3815 0.0984 0.2056 0.0000 0.0000 205.0000 2.4056 4.0000 
947 948 1 -1.4963 1.2567 -10.3815 -1.5290 1.2883 -10.5767 0.0984 0.2004 0.0000 0.0000 205.0000 2.4704 4.0000 
948 949 1 -1.5290 1.2883 -10.5767 -1.5528 1.3227 -10.7659 0.0984 0.1938 0.0000 0.0000 205.0000 2.5331 4.0000 
949 950 1 -1.5528 1.3227 -10.7659 -1.5761 1.3593 -10.9557 0.0984 0.1947 0.0000 0.0000 205.0000 2.5961 4.0000 
950 951 1 -1.5761 1.3593 -10.9557 -1.6001 1.3981 -11.1583 0.0984 0.2076 0.0000 0.0000 205.0000 2.6633 4.0000 
951 952 1 -1.6001 1.3981 -11.1583 -1.6206 1.4270 -11.3385 0.0984 0.1837 0.0000 0.0000 205.0000 2.7229 4.0000 
952 953 1 -1.6206 1.4270 -11.3385 -1.6346 1.4481 -11.5303 0.0984 0.1935 0.0000 0.0000 205.0000 2.7857 4.0000 
953 954 1 -1.6346 1.4481 -11.5303 -1.6405 1.4589 -11.7253 0.0984 0.1954 0.0000 0.0000 205.0000 2.8491 4.0000 
954 955 1 -1.6405 1.4589 -11.7253 -1.6462 1.4648 -11.9121 0.0984 0.1869 0.0000 0.0000 205.0000 2.9098 4.0000 
955 956 1 -1.6462 1.4648 -11.9121 -1.6553 1.4761 -12.1278 0.0984 0.2163 0.0000 0.0000 205.0000 2.9802 4.0000 
956 957 1 -1.6553 1.4761 -12.1278 -1.6725 1.4968 -12.3269 0.0984 0.2009 0.0000 0.0000 205.0000 3.0455 4.0000 
957 958 1 -1.6725 1.4968 -12.3269 -1.6827 1.5148 -12.5253 0.0984 0.1995 0.0000 0.0000 205.0000 3.1105 4.0000 
958 959 1 -1.6827 1.5148 -12.5253 -1.6946 1.5304 -12.7478 0.0984 0.2233 0.0000 0.0000 205.0000 3.1833 4.0000 
959 960 1 -1.6946 1.5304 -12.7478 -1.7041 1.5430 -12.9288 0.0984 0.1817 0.0000 0.0000 205.0000 3.2426 4.0000 
960 961 1 -1.7041 1.5430 -12.9288 -1.7148 1.5575 -13.1323 0.0984 0.2043 0.0000 0.0000 205.0000 3.3093 4.0000 
961 962 1 -1.7148 1.5575 -13.1323 -1.7266 1.5708 -13.3185 0.0984 0.1870 0.0000 0.0000 205.0000 3.3703 4.0000 
962 963 1 -1.7266 1.5708 -13.3185 -1.7397 1.5836 -13.5087 0.0984 0.1911 0.0000 0.0000 205.0000 3.4328 4.0000 
963 964 1 -1.7397 1.5836 -13.5087 -1.7453 1.6002 -13.7026 0.0984 0.1946 0.0000 0.0000 205.0000 3.4965 4.0000 
964 965 1 -1.7453 1.6002 -13.7026 -1.7484 1.6206 -13.9148 0.0984 0.2133 0.0000 0.0000 205.0000 3.5663 4.0000 
965 966 1 -1.7484 1.6206 -13.9148 -1.7511 1.6362 -14.1093 0.0984 0.1951 0.0000 0.0000 205.0000 3.6302 4.0000 
966 967 1 -1.7511 1.6362 -14.1093 -1.7550 1.6531 -14.3226 0.0984 0.2141 0.0000 0.0000 205.0000 3.7005 4.0000 
967 968 1 -1.7550 1.6531 -14.3226 -1.7577 1.6712 -14.5355 0.0984 0.2137 0.0000 0.0000 205.0000 3.7706 4.0000 
968 969 1 -1.7577 1.6712 -14.5355 -1.7609 1.6843 -14.7371 0.0984 0.2020 0.0000 0.0000 205.0000 3.8369 4.0000 
969 970 1 -1.7609 1.6843 -14.7371 -1.7580 1.6949 -14.9329 0.0984 0.1960 0.0000 0.0000 205.0000 3.9014 4.0000 
970 971 1 -1.7580 1.6949 -14.9329 -1.7535 1.6999 -15.1336 0.0984 0.2009 0.0000 0.0000 205.0000 3.9675 4.0000 
971 972 1 -1.7535 1.6999 -15.1336 -1.7467 1.7131 -15.3295 0.0984 0.1964 0.0000 0.0000 205.0000 4.0321 4.0000 
972 973 1 -1.7467 1.7131 -15.3295 -1.7452 1.7236 -15.5321 0.0984 0.2029 0.0000 0.0000 205.0000 4.0990 4.0000 
973 974 1 -1.7452 1.7236 -15.5321 -1.7506 1.7400 -15.7276 0.0984 0.1962 0.0000 0.0000 205.0000 4.1637 4.0000 
974 975 1 -1.7506 1.7400 -15.7276 -1.7440 1.7640 -15.9324 0.0984 0.2064 0.0000 0.0000 205.0000 4.2318 4.0000 
975 976 1 -1.7440 1.7640 -15.9324 -1.7385 1.7886 -16.1342 0.0984 0.2033 0.0000 0.0000 205.0000 4.2989 4.0000 
976 977 1 -1.7385 1.7886 -16.1342 -1.7275 1.8042 -16.3315 0.0984 0.1983 0.0000 0.0000 205.0000 4.3645 4.0000 
977 978 1 -1.7275 1.8042 -16.3315 -1.7166 1.8211 -16.5323 0.0984 0.2017 0.0000 0.0000 205.0000 4.4312 4.0000 
978 979 1 -1.7166 1.8211 -16.5323 -1.7149 1.8352 -16.7281 0.0984 0.1964 0.0000 0.0000 205.0000 4.4962 4.0000 
979 980 1 -1.7149 1.8352 -16.7281 -1.7165 1.8462 -16.9251 0.0984 0.1973 0.0000 0.0000 205.0000 4.5615 4.0000 
980 981 1 -1.7165 1.8462 -16.9251 -1.7178 1.8557 -17.1070 0.0984 0.1822 0.0000 0.0000 205.0000 4.6219 4.0000 
981 982 1 -1.7178 1.8557 -17.1070 -1.7177 1.8574 -17.3111 0.0984 0.2041 0.0000 0.0000 205.0000 4.6897 4.0000 
982 983 1 -1.7177 1.8574 -17.3111 -1.7236 1.8595 -17.5032 0.0984 0.1922 0.0000 0.0000 205.0000 4.7535 4.0000 
983 984 1 -1.7236 1.8595 -17.5032 -1.7304 1.8612 -17.7076 0.0984 0.2045 0.0000 0.0000 205.0000 4.8214 4.0000 
984 985 1 -1.7304 1.8612 -17.7076 -1.7376 1.8628 -17.9207 0.0984 0.2132 0.0000 0.0000 205.0000 4.8923 4.0000 
985 986 1 -1.7376 1.8628 -17.9207 -1.7430 1.8640 -18.1335 0.0984 0.2128 0.0000 0.0000 205.0000 4.9632 4.0000 
986 987 1 -1.7430 1.8640 -18.1335 -1.7424 1.8661 -18.3278 0.0984 0.1944 0.0000 0.0000 205.0000 5.0279 4.0000 
987 988 1 -1.7424 1.8661 -18.3278 -1.7458 1.8678 -18.5222 0.0984 0.1944 0.0000 0.0000 205.0000 5.0927 4.0000 
988 989 1 -1.7458 1.8678 -18.5222 -1.7515 1.8812 -18.7341 0.0984 0.2124 0.0000 0.0000 205.0000 5.1636 4.0000 
989 990 1 -1.7515 1.8812 -18.7341 -1.7617 1.8860 -18.9264 0.0984 0.1927 0.0000 0.0000 205.0000 5.2279 4.0000 
990 991 1 -1.7617 1.8860 -18.9264 -1.7759 1.8996 -19.1219 0.0984 0.1965 0.0000 0.0000 205.0000 5.2935 4.0000 
991 992 1 -1.7759 1.8996 -19.1219 -1.7853 1.9086 -19.3341 0.0984 0.2126 0.0000 0.0000 205.0000 5.3646 4.0000 
992 993 1 -1.7853 1.9086 -19.3341 -1.7948 1.9161 -19.5303 0.0984 0.1966 0.0000 0.0000 205.0000 5.4304 4.0000 
993 994 1 -1.7948 1.9161 -19.5303 -1.7933 1.9289 -19.7346 0.0984 0.2047 0.0000 0.0000 205.0000 5.4990 4.0000 
994 995 1 -1.7933 1.9289 -19.7346 -1.7847 1.9425 -19.9387 0.0984 0.2047 0.0000 0.0000 205.0000 5.5676 4.0000 
995 996 1 -1.7847 1.9425 -19.9387 -1.7725 1.9598 -20.1477 0.0984 0.2101 0.0000 0.0000 205.0000 5.6381 4.0000 
996 997 1 -1.7725 1.9598 -20.1477 -1.7541 1.9726 -20.3391 0.0984 0.1926 0.0000 0.0000 205.0000 5.7028 4.0000 
997 998 1 -1.7541 1.9726 -20.3391 -1.7478 1.9924 -20.5258 0.0984 0.1879 0.0000 0.0000 205.0000 5.7659 4.0000 
998 999 1 -1.7478 1.9924 -20.5258 -1.7437 2.0206 -20.7288 0.0984 0.2049 0.0000 0.0000 205.0000 5.8348 4.0000 
999 1000 1 -1.7437 2.0206 -20.7288 -1.7454 2.0524 -20.9223 0.0984 0.1961 0.0000 0.0000 205.0000 5.9008 4.0000 
1000 1001 1 -1.7454 2.0524 -20.9223 -1.7469 2.0850 -21.1302 0.0984 0.2104 0.0000 0.0000 205.0000 5.9717 4.0000 
1001 1002 1 -1.7469 2.0850 -21.1302 -1.7547 2.1220 -21.3162 0.0984 0.1899 0.0000 0.0000 205.0000 6.0357 4.0000 
1002 1003 1 -1.7547 2.1220 -21.3162 -1.7524 2.1659 -21.5214 0.0984 0.2098 0.0000 0.0000 205.0000 6.1065 4.0000 
1003 1004 1 -1.7524 2.1659 -21.5214 -1.7423 2.2176 -21.7106 0.0984 0.1964 0.0000 0.0000 205.0000 6.1728 4.0000 
1004 1005 1 -1.7423 2.2176 -21.7106 -1.7426 2.2599 -21.9054 0.0984 0.1994 0.0000 0.0000 205.0000 6.2402 4.0000 
1005 1006 1 -1.7426 2.2599 -21.9054 -1.7360 2.3131 -22.0943 0.0984 0.1963 0.0000 0.0000 205.0000 6.3065 4.0000 
1006 1007 1 -1.7360 2.3131 -22.0943 -1.7271 2.3706 -22.2788 0.0984 0.1935 0.0000 0.0000 205.0000 6.3720 4.0000 
1007 1008 1 -1.7271 2.3706 -22.2788 -1.7056 2.4185 -22.4803 0.0984 0.2082 0.0000 0.0000 205.0000 6.4425 4.0000 
1008 1009 1 -1.7056 2.4185 -22.4803 -1.6863 2.4658 -22.6777 0.0984 0.2039 0.0000 0.0000 205.0000 6.5116 4.0000 
1009 1010 1 -1.6863 2.4658 -22.6777 -1.6652 2.5014 -22.8827 0.0984 0.2092 0.0000 0.0000 205.0000 6.5826 4.0000 
1010 1011 1 -1.6652 2.5014 -22.8827 -1.6471 2.5292 -23.0686 0.0984 0.1888 0.0000 0.0000 205.0000 6.6467 4.0000 
1011 1012 1 -1.6471 2.5292 -23.0686 -1.6272 2.5570 -23.2666 0.0984 0.2010 0.0000 0.0000 205.0000 6.7150 4.0000 
1012 1013 1 -1.6272 2.5570 -23.2666 -1.6114 2.5724 -23.4913 0.0984 0.2257 0.0000 0.0000 205.0000 6.7917 4.0000 
1013 1014 1 -1.6114 2.5724 -23.4913 -1.5963 2.5865 -23.6696 0.0984 0.1795 0.0000 0.0000 205.0000 6.8528 4.0000 
1014 1015 1 -1.5963 2.5865 -23.6696 -1.5895 2.6056 -23.8550 0.0984 0.1865 0.0000 0.0000 205.0000 6.9163 4.0000 
1015 1016 1 -1.5895 2.6056 -23.8550 -1.5743 2.6164 -24.0616 0.0984 0.2075 0.0000 0.0000 205.0000 6.9870 4.0000 
1016 1017 1 -1.5743 2.6164 -24.0616 -1.5595 2.6241 -24.2474 0.0984 0.1865 0.0000 0.0000 205.0000 7.0507 4.0000 
1017 1018 1 -1.5595 2.6241 -24.2474 -1.5428 2.6342 -24.4379 0.0984 0.1915 0.0000 0.0000 205.0000 7.1160 4.0000 
1018 1019 1 -1.5428 2.6342 -24.4379 -1.5247 2.6470 -24.6484 0.0984 0.2117 0.0000 0.0000 205.0000 7.1884 4.0000 
1019 1020 1 -1.5247 2.6470 -24.6484 -1.5079 2.6594 -24.8406 0.0984 0.1933 0.0000 0.0000 205.0000 7.2545 4.0000 
1020 1021 1 -1.5079 2.6594 -24.8406 -1.4851 2.6696 -25.0375 0.0984 0.1984 0.0000 0.0000 205.0000 7.3224 4.0000 
1021 1022 1 -1.4851 2.6696 -25.0375 -1.4702 2.6785 -25.2335 0.0984 0.1967 0.0000 0.0000 205.0000 7.3898 4.0000 
1022 1023 1 -1.4702 2.6785 -25.2335 -1.4606 2.6889 -25.4327 0.0984 0.1997 0.0000 0.0000 205.0000 7.4582 4.0000 
1023 1024 1 -1.4606 2.6889 -25.4327 -1.4505 2.6925 -25.6260 0.0984 0.1936 0.0000 0.0000 205.0000 7.5246 4.0000 
1024 1025 1 -1.4505 2.6925 -25.6260 -1.4332 2.6968 -25.8089 0.0984 0.1838 0.0000 0.0000 205.0000 7.5877 4.0000 
1025 1026 1 -1.4332 2.6968 -25.8089 -1.4295 2.6984 -26.0091 0.0984 0.2002 0.0000 0.0000 205.0000 7.6565 4.0000 
1026 1027 1 -1.4295 2.6984 -26.0091 -1.4246 2.7007 -26.2074 0.0984 0.1984 0.0000 0.0000 205.0000 7.7247 4.0000 
1027 1028 1 -1.4246 2.7007 -26.2074 -1.4173 2.6933 -26.4013 0.0984 0.1942 0.0000 0.0000 205.0000 7.7915 4.0000 
1028 1029 1 -1.4173 2.6933 -26.4013 -1.4131 2.6855 -26.6170 0.0984 0.2159 0.0000 0.0000 205.0000 7.8659 4.0000 
1029 1030 1 -1.4131 2.6855 -26.6170 -1.4152 2.6735 -26.8053 0.0984 0.1887 0.0000 0.0000 205.0000 7.9309 4.0000 
1030 1031 1 -1.4152 2.6735 -26.8053 -1.4171 2.6594 -27.0186 0.0984 0.2138 0.0000 0.0000 205.0000 8.0046 4.0000 
1031 1032 1 -1.4171 2.6594 -27.0186 -1.4188 2.6516 -27.2121 0.0984 0.1936 0.0000 0.0000 205.0000 8.0715 4.0000 
1032 1033 1 -1.4188 2.6516 -27.2121 -1.4191 2.6550 -27.4003 0.0984 0.1882 0.0000 0.0000 205.0000 8.1365 4.0000 
1033 1034 1 -1.4191 2.6550 -27.4003 -1.4275 2.6494 -27.6016 0.0984 0.2016 0.0000 0.0000 205.0000 8.2062 4.0000 
1034 1035 1 -1.4275 2.6494 -27.6016 -1.4250 2.6419 -27.7954 0.0984 0.1939 0.0000 0.0000 205.0000 8.2733 4.0000 
1035 1036 1 -1.4250 2.6419 -27.7954 -1.4230 2.6335 -27.9873 0.0984 0.1921 0.0000 0.0000 205.0000 8.3399 4.0000 
1036 1037 1 -1.4230 2.6335 -27.9873 -1.4127 2.6240 -28.1814 0.0984 0.1946 0.0000 0.0000 205.0000 8.4073 4.0000 
1037 1038 1 -1.4127 2.6240 -28.1814 -1.4087 2.6225 -28.3819 0.0984 0.2005 0.0000 0.0000 205.0000 8.4769 4.0000 
1038 1039 1 -1.4087 2.6225 -28.3819 -1.3953 2.6302 -28.5700 0.0984 0.1887 0.0000 0.0000 205.0000 8.5424 4.0000 
1039 1040 1 -1.3953 2.6302 -28.5700 -1.3760 2.6450 -28.7721 0.0984 0.2036 0.0000 0.0000 205.0000 8.6131 4.0000 
1040 1041 1 -1.3760 2.6450 -28.7721 -1.3574 2.6589 -28.9806 0.0984 0.2097 0.0000 0.0000 205.0000 8.6860 4.0000 
1041 1042 1 -1.3574 2.6589 -28.9806 -1.3471 2.6781 -29.1869 0.0984 0.2075 0.0000 0.0000 205.0000 8.7582 4.0000 
1042 1043 1 -1.3471 2.6781 -29.1869 -1.3412 2.6910 -29.3700 0.0984 0.1837 0.0000 0.0000 205.0000 8.8222 4.0000 
1043 1044 1 -1.3412 2.6910 -29.3700 -1.3242 2.6929 -29.5699 0.0984 0.2006 0.0000 0.0000 205.0000 8.8921 4.0000 
1044 1045 1 -1.3242 2.6929 -29.5699 -1.3234 2.6960 -29.7877 0.0984 0.2178 0.0000 0.0000 205.0000 8.9681 4.0000 
1045 1046 1 -1.3234 2.6960 -29.7877 -1.3224 2.6987 -29.9890 0.0984 0.2014 0.0000 0.0000 205.0000 9.0384 4.0000 
1046 1047 1 -1.3224 2.6987 -29.9890 -1.3265 2.6927 -30.1927 0.0984 0.2038 0.0000 0.0000 205.0000 9.1097 4.0000 
1047 1048 1 -1.3265 2.6927 -30.1927 -1.3270 2.6871 -30.4007 0.0984 0.2081 0.0000 0.0000 205.0000 9.1824 4.0000 
1048 1049 1 -1.3270 2.6871 -30.4007 -1.3295 2.6811 -30.5968 0.0984 0.1962 0.0000 0.0000 205.0000 9.2511 4.0000 
1049 1050 1 -1.3295 2.6811 -30.5968 -1.3319 2.6750 -30.7960 0.0984 0.1993 0.0000 0.0000 205.0000 9.3209 4.0000 
1050 1051 1 -1.3319 2.6750 -30.7960 -1.3295 2.6701 -30.9910 0.0984 0.1951 0.0000 0.0000 205.0000 9.3893 4.0000 
1051 1052 1 -1.3295 2.6701 -30.9910 -1.3200 2.6682 -31.2169 0.0984 0.2261 0.0000 0.0000 205.0000 9.4687 4.0000 
1052 1053 1 -1.3200 2.6682 -31.2169 -1.3144 2.6653 -31.4076 0.0984 0.1907 0.0000 0.0000 205.0000 9.5357 4.0000 
1053 1054 1 -1.3144 2.6653 -31.4076 -1.3116 2.6628 -31.5992 0.0984 0.1917 0.0000 0.0000 205.0000 9.6031 4.0000 
1054 1055 1 -1.3116 2.6628 -31.5992 -1.3122 2.6708 -31.8113 0.0984 0.2123 0.0000 0.0000 205.0000 9.6777 4.0000 
1055 1056 1 -1.3122 2.6708 -31.8113 -1.3175 2.6911 -32.0040 0.0984 0.1938 0.0000 0.0000 205.0000 9.7460 4.0000 
1056 1057 1 -1.3175 2.6911 -32.0040 -1.3277 2.7136 -32.1937 0.0984 0.1913 0.0000 0.0000 205.0000 9.8134 4.0000 
1057 1058 1 -1.3277 2.7136 -32.1937 -1.3353 2.7329 -32.3929 0.0984 0.2003 0.0000 0.0000 205.0000 9.8840 4.0000 
1058 1059 1 -1.3353 2.7329 -32.3929 -1.3436 2.7445 -32.5829 0.0984 0.1905 0.0000 0.0000 205.0000 9.9513 4.0000 
1059 1060 1 -1.3436 2.7445 -32.5829 -1.3473 2.7547 -32.7938 0.0984 0.2112 0.0000 0.0000 205.0000 10.0259 4.0000 
1060 1061 1 -1.3473 2.7547 -32.7938 -1.3522 2.7630 -32.9873 0.0984 0.1937 0.0000 0.0000 205.0000 10.0943 4.0000 
1061 1062 1 -1.3522 2.7630 -32.9873 -1.3580 2.7687 -33.1949 0.0984 0.2078 0.0000 0.0000 205.0000 10.1679 4.0000 
1062 1063 1 -1.3580 2.7687 -33.1949 -1.3612 2.7722 -33.3824 0.0984 0.1876 0.0000 0.0000 205.0000 10.2343 4.0000 
1063 1064 1 -1.3612 2.7722 -33.3824 -1.3576 2.7674 -33.5883 0.0984 0.2060 0.0000 0.0000 205.0000 10.3073 4.0000 
1064 1065 1 -1.3576 2.7674 -33.5883 -1.3533 2.7720 -33.7797 0.0984 0.1914 0.0000 0.0000 205.0000 10.3752 4.0000 
1065 1066 1 -1.3533 2.7720 -33.7797 -1.3462 2.7782 -33.9781 0.0984 0.1987 0.0000 0.0000 205.0000 10.4457 4.0000 
1066 1067 1 -1.3462 2.7782 -33.9781 -1.3451 2.7893 -34.1702 0.0984 0.1924 0.0000 0.0000 205.0000 10.5141 4.0000 
1067 1068 1 -1.3451 2.7893 -34.1702 -1.3356 2.8018 -34.3379 0.0984 0.1685 0.0000 0.0000 205.0000 10.5740 4.0000 
1068 1069 1 -1.3356 2.8018 -34.3379 -1.3311 2.8131 -34.5398 0.0984 0.2022 0.0000 0.0000 205.0000 10.6459 4.0000 
1069 1070 1 -1.3311 2.8131 -34.5398 -1.3285 2.8225 -34.7430 0.0984 0.2035 0.0000 0.0000 205.0000 10.7184 4.0000 
1070 1071 1 -1.3285 2.8225 -34.7430 -1.3266 2.8328 -34.9510 0.0984 0.2082 0.0000 0.0000 205.0000 10.7926 4.0000 
1071 1072 1 -1.3266 2.8328 -34.9510 -1.3246 2.8407 -35.1546 0.0984 0.2038 0.0000 0.0000 205.0000 10.8653 4.0000 
1072 1073 1 -1.3246 2.8407 -35.1546 -1.3219 2.8396 -35.3573 0.0984 0.2027 0.0000 0.0000 205.0000 10.9377 4.0000 
1073 1074 1 -1.3219 2.8396 -35.3573 -1.3175 2.8414 -35.5711 0.0984 0.2138 0.0000 0.0000 205.0000 11.0141 4.0000 
1074 1075 1 -1.3175 2.8414 -35.5711 -1.3148 2.8464 -35.7836 0.0984 0.2126 0.0000 0.0000 205.0000 11.0901 4.0000 
1075 1076 1 -1.3148 2.8464 -35.7836 -1.3149 2.8511 -35.9718 0.0984 0.1883 0.0000 0.0000 205.0000 11.1575 4.0000 
1076 1077 1 -1.3149 2.8511 -35.9718 -1.3138 2.8629 -36.1892 0.0984 0.2177 0.0000 0.0000 205.0000 11.2355 4.0000 
1077 1078 1 -1.3138 2.8629 -36.1892 -1.3041 2.8731 -36.3911 0.0984 0.2024 0.0000 0.0000 205.0000 11.3081 4.0000 
1078 1079 1 -1.3041 2.8731 -36.3911 -1.3020 2.8865 -36.6007 0.0984 0.2100 0.0000 0.0000 205.0000 11.3835 4.0000 
1079 1080 1 -1.3020 2.8865 -36.6007 -1.2983 2.8971 -36.8134 0.0984 0.2130 0.0000 0.0000 205.0000 11.4600 4.0000 
1080 1081 1 -1.2983 2.8971 -36.8134 -1.2888 2.8983 -36.9956 0.0984 0.1824 0.0000 0.0000 205.0000 11.5256 4.0000 
1081 1082 1 -1.2888 2.8983 -36.9956 -1.2781 2.8959 -37.2061 0.0984 0.2108 0.0000 0.0000 205.0000 11.6014 4.0000 
1082 1083 1 -1.2781 2.8959 -37.2061 -1.2566 2.8919 -37.4079 0.0984 0.2031 0.0000 0.0000 205.0000 11.6746 4.0000 
1083 1084 1 -1.2566 2.8919 -37.4079 -1.2296 2.8651 -37.5980 0.0984 0.1939 0.0000 0.0000 205.0000 11.7444 4.0000 
1084 1085 1 -1.2296 2.8651 -37.5980 -1.1988 2.8392 -37.7989 0.0984 0.2049 0.0000 0.0000 205.0000 11.8183 4.0000 
1085 1086 1 -1.1988 2.8392 -37.7989 -1.1731 2.8251 -37.9988 0.0984 0.2021 0.0000 0.0000 205.0000 11.8913 4.0000 
1086 1087 1 -1.1731 2.8251 -37.9988 -1.1519 2.8135 -38.1809 0.0984 0.1836 0.0000 0.0000 205.0000 11.9577 4.0000 
1087 1088 1 -1.1519 2.8135 -38.1809 -1.1324 2.8071 -38.2962 0.0984 0.1171 0.0000 0.0000 205.0000 12.0000 4.0000 
909 1089 231 -0.0018 0.0025 -3.1095 0.0756 0.3586 -3.3607 0.0300 0.4425 238.0000 23.8000 0.0000 5.6893 2.0000 
1089 1090 231 0.0756 0.3586 -3.3607 0.1085 0.6367 -3.5998 0.0300 0.3683 238.0000 23.8000 0.0000 6.2268 2.0000 
1090 1091 231 0.1085 0.6367 -3.5998 0.1300 0.9520 -3.9112 0.0300 0.4436 238.0000 23.8000 0.0000 7.0442 2.0000 
1091 1092 231 0.1300 0.9520 -3.9112 0.1995 1.3150 -4.1919 0.0300 0.4642 238.0000 23.8000 0.0000 8.2551 2.0000 
1092 1093 231 0.1995 1.3150 -4.1919 0.2424 1.6715 -4.4674 0.0300 0.4526 238.0000 23.8000 0.0000 10.3054 2.0000 
1093 1094 231 0.2424 1.6715 -4.4674 0.2588 1.8222 -4.5888 0.0300 0.1941 238.0000 23.8000 0.0000 12.0000 2.0000 
910 1095 232 -0.0483 0.0470 -3.2943 -0.2473 0.4260 -3.5186 0.0300 0.4833 238.0000 23.8000 0.0000 5.7433 2.0000 
1095 1096 232 -0.2473 0.4260 -3.5186 -0.4470 0.8054 -3.7436 0.0300 0.4843 238.0000 23.8000 0.0000 6.3890 2.0000 
1096 1097 232 -0.4470 0.8054 -3.7436 -0.6395 1.2043 -3.9943 0.0300 0.5089 238.0000 23.8000 0.0000 7.2757 2.0000 
1097 1098 232 -0.6395 1.2043 -3.9943 -0.8338 1.5781 -4.2432 0.0300 0.4893 238.0000 23.8000 0.0000 8.5086 2.0000 
1098 1099 232 -0.8338 1.5781 -4.2432 -1.0279 1.9255 -4.4773 0.0300 0.4617 238.0000 23.8000 0.0000 10.5494 2.0000 
1099 1100 232 -1.0279 1.9255 -4.4773 -1.1056 2.0596 -4.5601 0.0300 0.1757 238.0000 23.8000 0.0000 12.0000 2.0000 
911 1101 233 -0.0953 0.0836 -3.4760 -0.1306 -0.1789 -3.9009 0.0300 0.5007 238.0000 23.8000 0.0000 6.1653 2.0000 
1101 1102 233 -0.1306 -0.1789 -3.9009 -0.1771 -0.4487 -4.3348 0.0300 0.5130 238.0000 23.8000 0.0000 7.2797 2.0000 
1102 1103 233 -0.1771 -0.4487 -4.3348 -0.2468 -0.7274 -4.7773 0.0300 0.5276 238.0000 23.8000 0.0000 8.7854 2.0000 
1103 1104 233 -0.2468 -0.7274 -4.7773 -0.3178 -0.9505 -5.1182 0.0300 0.4136 238.0000 23.8000 0.0000 10.4255 2.0000 
1104 1105 233 -0.3178 -0.9505 -5.1182 -0.3586 -1.1142 -5.3459 0.0300 0.2834 238.0000 23.8000 0.0000 12.0000 2.0000 
912 1106 234 -0.1413 0.1050 -3.6670 -0.5687 0.1344 -3.9055 0.0300 0.4904 238.0000 23.8000 0.0000 5.9386 2.0000 
1106 1107 234 -0.5687 0.1344 -3.9055 -0.9157 0.1578 -4.1352 0.0300 0.4167 238.0000 23.8000 0.0000 6.5504 2.0000 
1107 1108 234 -0.9157 0.1578 -4.1352 -1.2969 0.1890 -4.3851 0.0300 0.4569 238.0000 23.8000 0.0000 7.4037 2.0000 
1108 1109 234 -1.2969 0.1890 -4.3851 -1.7001 0.2362 -4.6414 0.0300 0.4801 238.0000 23.8000 0.0000 8.6721 2.0000 
1109 1110 234 -1.7001 0.2362 -4.6414 -2.1395 0.2714 -4.9054 0.0300 0.5138 238.0000 23.8000 0.0000 11.1402 2.0000 
1110 1111 234 -2.1395 0.2714 -4.9054 -2.2255 0.2783 -4.9573 0.0300 0.1008 238.0000 23.8000 0.0000 12.0000 2.0000 
913 1112 235 -0.1894 0.1295 -3.8535 -0.5925 0.3617 -4.1225 0.0300 0.5374 238.0000 23.8000 0.0000 5.9806 2.0000 
1112 1113 235 -0.5925 0.3617 -4.1225 -0.9199 0.5244 -4.3343 0.0300 0.4225 238.0000 23.8000 0.0000 6.5218 2.0000 
1113 1114 235 -0.9199 0.5244 -4.3343 -1.3186 0.7402 -4.5844 0.0300 0.5178 238.0000 23.8000 0.0000 7.3643 2.0000 
1114 1115 235 -1.3186 0.7402 -4.5844 -1.7012 0.9473 -4.8242 0.0300 0.4967 238.0000 23.8000 0.0000 8.5029 2.0000 
1115 1116 235 -1.7012 0.9473 -4.8242 -2.0456 1.1747 -5.0842 0.0300 0.4878 238.0000 23.8000 0.0000 10.3716 2.0000 
1116 1117 235 -2.0456 1.1747 -5.0842 -2.2080 1.2800 -5.2083 0.0300 0.2299 238.0000 23.8000 0.0000 12.0000 2.0000 
914 1118 236 -0.2421 0.1571 -4.0590 -0.5537 -0.0737 -4.4089 0.0300 0.5223 238.0000 23.8000 0.0000 6.0660 2.0000 
1118 1119 236 -0.5537 -0.0737 -4.4089 -0.8790 -0.2974 -4.7467 0.0300 0.5196 238.0000 23.8000 0.0000 6.7833 2.0000 
1119 1120 236 -0.8790 -0.2974 -4.7467 -1.2274 -0.5089 -5.0913 0.0300 0.5337 238.0000 23.8000 0.0000 7.7591 2.0000 
1120 1121 236 -1.2274 -0.5089 -5.0913 -1.5348 -0.7479 -5.4291 0.0300 0.5155 238.0000 23.8000 0.0000 9.1531 2.0000 
1121 1122 236 -1.5348 -0.7479 -5.4291 -1.7812 -0.9197 -5.6845 0.0300 0.3943 238.0000 23.8000 0.0000 10.9637 2.0000 
1122 1123 236 -1.7812 -0.9197 -5.6845 -1.8633 -0.9866 -5.7743 0.0300 0.1388 238.0000 23.8000 0.0000 12.0000 2.0000 
915 1124 237 -0.2876 0.1986 -4.2649 -0.1357 0.4583 -4.6143 0.0300 0.4611 238.0000 23.8000 0.0000 6.1809 2.0000 
1124 1125 237 -0.1357 0.4583 -4.6143 0.0297 0.7103 -4.9702 0.0300 0.4664 238.0000 23.8000 0.0000 6.9556 2.0000 
1125 1126 237 0.0297 0.7103 -4.9702 0.1958 0.9612 -5.3274 0.0300 0.4671 238.0000 23.8000 0.0000 7.9627 2.0000 
1126 1127 237 0.1958 0.9612 -5.3274 0.3855 1.2331 -5.7352 0.0300 0.5255 238.0000 23.8000 0.0000 9.6329 2.0000 
1127 1128 237 0.3855 1.2331 -5.7352 0.5285 1.4611 -6.0512 0.0300 0.4152 238.0000 23.8000 0.0000 12.0000 2.0000 
916 1129 238 -0.3323 0.2247 -4.4550 -0.2961 -0.0478 -4.8417 0.0300 0.4745 238.0000 23.8000 0.0000 6.2303 2.0000 
1129 1130 238 -0.2961 -0.0478 -4.8417 -0.2440 -0.3180 -5.2883 0.0300 0.5246 238.0000 23.8000 0.0000 7.0749 2.0000 
1130 1131 238 -0.2440 -0.3180 -5.2883 -0.2005 -0.5396 -5.6789 0.0300 0.4511 238.0000 23.8000 0.0000 8.0439 2.0000 
1131 1132 238 -0.2005 -0.5396 -5.6789 -0.1732 -0.7676 -6.0301 0.0300 0.4196 238.0000 23.8000 0.0000 9.3314 2.0000 
1132 1133 238 -0.1732 -0.7676 -6.0301 -0.1617 -0.9617 -6.3306 0.0300 0.3580 238.0000 23.8000 0.0000 11.1112 2.0000 
1133 1134 238 -0.1617 -0.9617 -6.3306 -0.1573 -1.0219 -6.4293 0.0300 0.1157 238.0000 23.8000 0.0000 12.0000 2.0000 
917 1135 239 -0.3771 0.2509 -4.6449 -0.6229 0.0795 -4.9287 0.0300 0.4127 238.0000 23.8000 0.0000 6.2427 2.0000 
1135 1136 239 -0.6229 0.0795 -4.9287 -0.9373 -0.1094 -5.2599 0.0300 0.4942 238.0000 23.8000 0.0000 7.0471 2.0000 
1136 1137 239 -0.9373 -0.1094 -5.2599 -1.2209 -0.3009 -5.5820 0.0300 0.4700 238.0000 23.8000 0.0000 8.0355 2.0000 
1137 1138 239 -1.2209 -0.3009 -5.5820 -1.4893 -0.4729 -5.8428 0.0300 0.4118 238.0000 23.8000 0.0000 9.2165 2.0000 
1138 1139 239 -1.4893 -0.4729 -5.8428 -1.8111 -0.6422 -6.1756 0.0300 0.4930 238.0000 23.8000 0.0000 11.5157 2.0000 
1139 1140 239 -1.8111 -0.6422 -6.1756 -1.8547 -0.6658 -6.2228 0.0300 0.0684 238.0000 23.8000 0.0000 12.0000 2.0000 
918 1141 240 -0.4268 0.2822 -4.8359 -0.8243 0.3750 -5.0607 0.0300 0.4660 238.0000 23.8000 0.0000 6.4615 2.0000 
1141 1142 240 -0.8243 0.3750 -5.0607 -1.3127 0.4711 -5.2915 0.0300 0.5487 238.0000 23.8000 0.0000 7.4856 2.0000 
1142 1143 240 -1.3127 0.4711 -5.2915 -1.7738 0.5470 -5.5279 0.0300 0.5237 238.0000 23.8000 0.0000 8.7809 2.0000 
1143 1144 240 -1.7738 0.5470 -5.5279 -2.1019 0.6108 -5.7163 0.0300 0.3837 238.0000 23.8000 0.0000 10.0845 2.0000 
1144 1145 240 -2.1019 0.6108 -5.7163 -2.4383 0.6194 -5.8979 0.0300 0.3824 238.0000 23.8000 0.0000 12.0000 2.0000 
919 1146 241 -0.4778 0.3135 -5.0321 -0.5973 0.6964 -5.3625 0.0300 0.5196 238.0000 23.8000 0.0000 6.6652 2.0000 
1146 1147 241 -0.5973 0.6964 -5.3625 -0.6622 0.9954 -5.6556 0.0300 0.4237 238.0000 23.8000 0.0000 7.5024 2.0000 
1147 1148 241 -0.6622 0.9954 -5.6556 -0.7487 1.2936 -5.9529 0.0300 0.4299 238.0000 23.8000 0.0000 8.5688 2.0000 
1148 1149 241 -0.7487 1.2936 -5.9529 -0.8802 1.6040 -6.3176 0.0300 0.4966 238.0000 23.8000 0.0000 10.2802 2.0000 
1149 1150 241 -0.8802 1.6040 -6.3176 -0.9838 1.8241 -6.5417 0.0300 0.3307 238.0000 23.8000 0.0000 12.0000 2.0000 
920 1151 242 -0.5294 0.3376 -5.2347 -0.3005 0.3407 -5.6155 0.0300 0.4443 238.0000 23.8000 0.0000 6.6409 2.0000 
1151 1152 242 -0.3005 0.3407 -5.6155 -0.0346 0.3619 -6.0803 0.0300 0.5360 238.0000 23.8000 0.0000 7.7364 2.0000 
1152 1153 242 -0.0346 0.3619 -6.0803 0.1815 0.3224 -6.4958 0.0300 0.4700 238.0000 23.8000 0.0000 8.9723 2.0000 
1153 1154 242 0.1815 0.3224 -6.4958 0.3876 0.3828 -6.9190 0.0300 0.4745 238.0000 23.8000 0.0000 10.6854 2.0000 
1154 1155 242 0.3876 0.3828 -6.9190 0.4976 0.4407 -7.1492 0.0300 0.2616 238.0000 23.8000 0.0000 12.0000 2.0000 
921 1156 243 -0.5700 0.3545 -5.4110 -0.2756 0.3742 -5.7389 0.0300 0.4411 238.0000 23.8000 0.0000 6.5882 2.0000 
1156 1157 243 -0.2756 0.3742 -5.7389 0.0089 0.4253 -6.0858 0.0300 0.4515 238.0000 23.8000 0.0000 7.3710 2.0000 
1157 1158 243 0.0089 0.4253 -6.0858 0.2939 0.5017 -6.4138 0.0300 0.4412 238.0000 23.8000 0.0000 8.3422 2.0000 
1158 1159 243 0.2939 0.5017 -6.4138 0.6774 0.5854 -6.7919 0.0300 0.5450 238.0000 23.8000 0.0000 10.0644 2.0000 
1159 1160 243 0.6774 0.5854 -6.7919 0.9355 0.6119 -7.0591 0.0300 0.3725 238.0000 23.8000 0.0000 12.0000 2.0000 
922 1161 244 -0.6044 0.3815 -5.5919 -0.3375 0.4431 -5.9912 0.0300 0.4843 238.0000 23.8000 0.0000 6.6167 2.0000 
1161 1162 244 -0.3375 0.4431 -5.9912 -0.0805 0.4908 -6.3671 0.0300 0.4578 238.0000 23.8000 0.0000 7.3183 2.0000 
1162 1163 244 -0.0805 0.4908 -6.3671 0.1689 0.5751 -6.7082 0.0300 0.4309 238.0000 23.8000 0.0000 8.1762 2.0000 
1163 1164 244 0.1689 0.5751 -6.7082 0.4518 0.6470 -7.0208 0.0300 0.4277 238.0000 23.8000 0.0000 9.3773 2.0000 
1164 1165 244 0.4518 0.6470 -7.0208 0.7304 0.7378 -7.3407 0.0300 0.4338 238.0000 23.8000 0.0000 11.4717 2.0000 
1165 1166 244 0.7304 0.7378 -7.3407 0.7748 0.7520 -7.3915 0.0300 0.0690 238.0000 23.8000 0.0000 12.0000 2.0000 
923 1167 245 -0.6432 0.4027 -5.7841 -0.3462 0.6482 -6.1504 0.0300 0.5318 238.0000 23.8000 0.0000 6.8829 2.0000 
1167 1168 245 -0.3462 0.6482 -6.1504 -0.1017 0.8847 -6.4676 0.0300 0.4651 238.0000 23.8000 0.0000 7.7438 2.0000 
1168 1169 245 -0.1017 0.8847 -6.4676 0.1629 1.1222 -6.7774 0.0300 0.4715 238.0000 23.8000 0.0000 8.8678 2.0000 
1169 1170 245 0.1629 1.1222 -6.7774 0.4449 1.3906 -7.1165 0.0300 0.5164 238.0000 23.8000 0.0000 10.6434 2.0000 
1170 1171 245 0.4449 1.3906 -7.1165 0.5898 1.5312 -7.2854 0.0300 0.2632 238.0000 23.8000 0.0000 12.0000 2.0000 
924 1172 246 -0.6909 0.4279 -5.9617 -1.0263 0.2886 -6.1984 0.0300 0.4335 238.0000 23.8000 0.0000 6.6979 2.0000 
1172 1173 246 -1.0263 0.2886 -6.1984 -1.4612 0.1244 -6.4891 0.0300 0.5483 238.0000 23.8000 0.0000 7.5448 2.0000 
1173 1174 246 -1.4612 0.1244 -6.4891 -1.8648 -0.0265 -6.7600 0.0300 0.5090 238.0000 23.8000 0.0000 8.5734 2.0000 
1174 1175 246 -1.8648 -0.0265 -6.7600 -2.2143 -0.2089 -7.0239 0.0300 0.4743 238.0000 23.8000 0.0000 9.9187 2.0000 
1175 1176 246 -2.2143 -0.2089 -7.0239 -2.5464 -0.3815 -7.2774 0.0300 0.4521 238.0000 23.8000 0.0000 12.0000 2.0000 
925 1177 247 -0.7397 0.4498 -6.1492 -0.5566 0.3165 -6.5884 0.0300 0.4941 238.0000 23.8000 0.0000 6.9193 2.0000 
1177 1178 247 -0.5566 0.3165 -6.5884 -0.3411 0.1695 -7.0736 0.0300 0.5509 238.0000 23.8000 0.0000 7.8838 2.0000 
1178 1179 247 -0.3411 0.1695 -7.0736 -0.1639 0.0587 -7.4991 0.0300 0.4740 238.0000 23.8000 0.0000 8.9505 2.0000 
1179 1180 247 -0.1639 0.0587 -7.4991 -0.0059 -0.0506 -7.9060 0.0300 0.4500 238.0000 23.8000 0.0000 10.3171 2.0000 
1180 1181 247 -0.0059 -0.0506 -7.9060 0.1279 -0.1435 -8.2501 0.0300 0.3807 238.0000 23.8000 0.0000 12.0000 2.0000 
926 1182 248 -0.7832 0.4750 -6.3224 -0.6708 0.7534 -6.6136 0.0300 0.4182 238.0000 23.8000 0.0000 6.9336 2.0000 
1182 1183 248 -0.6708 0.7534 -6.6136 -0.5495 1.0316 -6.9165 0.0300 0.4288 238.0000 23.8000 0.0000 7.7372 2.0000 
1183 1184 248 -0.5495 1.0316 -6.9165 -0.4070 1.3246 -7.2508 0.0300 0.4668 238.0000 23.8000 0.0000 8.8354 2.0000 
1184 1185 248 -0.4070 1.3246 -7.2508 -0.2178 1.6590 -7.6434 0.0300 0.5493 238.0000 23.8000 0.0000 10.6644 2.0000 
1185 1186 248 -0.2178 1.6590 -7.6434 -0.1314 1.8261 -7.8412 0.0300 0.2730 238.0000 23.8000 0.0000 12.0000 2.0000 
927 1187 249 -0.8267 0.5044 -6.5111 -0.5908 0.6438 -6.9092 0.0300 0.4832 238.0000 23.8000 0.0000 7.1133 2.0000 
1187 1188 249 -0.5908 0.6438 -6.9092 -0.3899 0.7609 -7.2505 0.0300 0.4130 238.0000 23.8000 0.0000 7.9159 2.0000 
1188 1189 249 -0.3899 0.7609 -7.2505 -0.1577 0.8927 -7.6587 0.0300 0.4878 238.0000 23.8000 0.0000 9.1348 2.0000 
1189 1190 249 -0.1577 0.8927 -7.6587 0.0541 1.0119 -8.0356 0.0300 0.4485 238.0000 23.8000 0.0000 10.7245 2.0000 
1190 1191 249 0.0541 1.0119 -8.0356 0.1690 1.0755 -8.2490 0.0300 0.2506 238.0000 23.8000 0.0000 12.0000 2.0000 
928 1192 250 -0.8679 0.5351 -6.7038 -0.7612 0.9134 -7.0146 0.0300 0.5010 238.0000 23.8000 0.0000 7.1107 2.0000 
1192 1193 250 -0.7612 0.9134 -7.0146 -0.6582 1.2420 -7.2864 0.0300 0.4387 238.0000 23.8000 0.0000 7.8671 2.0000 
1193 1194 250 -0.6582 1.2420 -7.2864 -0.5505 1.6064 -7.5806 0.0300 0.4806 238.0000 23.8000 0.0000 8.9428 2.0000 
1194 1195 250 -0.5505 1.6064 -7.5806 -0.4494 1.9461 -7.8538 0.0300 0.4475 238.0000 23.8000 0.0000 10.3742 2.0000 
1195 1196 250 -0.4494 1.9461 -7.8538 -0.3622 2.1940 -8.0507 0.0300 0.3284 238.0000 23.8000 0.0000 12.0000 2.0000 
929 1197 251 -0.9074 0.5743 -6.8904 -1.2136 0.8452 -7.0772 0.0300 0.4495 238.0000 23.8000 0.0000 6.9989 2.0000 
1197 1198 251 -1.2136 0.8452 -7.0772 -1.5601 1.1400 -7.2634 0.0300 0.4916 238.0000 23.8000 0.0000 7.6907 2.0000 
1198 1199 251 -1.5601 1.1400 -7.2634 -1.9202 1.4705 -7.4803 0.0300 0.5347 238.0000 23.8000 0.0000 8.6666 2.0000 
1199 1200 251 -1.9202 1.4705 -7.4803 -2.2693 1.7820 -7.6945 0.0300 0.5146 238.0000 23.8000 0.0000 10.0149 2.0000 
1200 1201 251 -2.2693 1.7820 -7.6945 -2.5617 2.0444 -7.9194 0.0300 0.4527 238.0000 23.8000 0.0000 12.0000 2.0000 
930 1202 252 -0.9481 0.6150 -7.0832 -1.1621 0.3885 -7.4353 0.0300 0.4702 238.0000 23.8000 0.0000 7.1654 2.0000 
1202 1203 252 -1.1621 0.3885 -7.4353 -1.3737 0.1587 -7.8022 0.0300 0.4818 238.0000 23.8000 0.0000 7.9399 2.0000 
1203 1204 252 -1.3737 0.1587 -7.8022 -1.5635 -0.0966 -8.1476 0.0300 0.4696 238.0000 23.8000 0.0000 8.9029 2.0000 
1204 1205 252 -1.5635 -0.0966 -8.1476 -1.7815 -0.3730 -8.5065 0.0300 0.5027 238.0000 23.8000 0.0000 10.3441 2.0000 
1205 1206 252 -1.7815 -0.3730 -8.5065 -1.9428 -0.5764 -8.7760 0.0300 0.3742 238.0000 23.8000 0.0000 12.0000 2.0000 
931 1207 253 -0.9886 0.6604 -7.2889 -1.3833 0.7914 -7.5363 0.0300 0.4839 238.0000 23.8000 0.0000 7.2091 2.0000 
1207 1208 253 -1.3833 0.7914 -7.5363 -1.7227 0.9181 -7.7778 0.0300 0.4353 238.0000 23.8000 0.0000 7.8551 2.0000 
1208 1209 253 -1.7227 0.9181 -7.7778 -2.0956 1.0597 -8.0314 0.0300 0.4727 238.0000 23.8000 0.0000 8.7452 2.0000 
1209 1210 253 -2.0956 1.0597 -8.0314 -2.4418 1.1989 -8.2582 0.0300 0.4366 238.0000 23.8000 0.0000 9.8683 2.0000 
1210 1211 253 -2.4418 1.1989 -8.2582 -2.8248 1.3635 -8.5277 0.0300 0.4964 238.0000 23.8000 0.0000 11.9456 2.0000 
1211 1212 253 -2.8248 1.3635 -8.5277 -2.8319 1.3665 -8.5327 0.0300 0.0092 238.0000 23.8000 0.0000 12.0000 2.0000 
932 1213 254 -1.0254 0.6985 -7.4842 -1.3485 0.8987 -7.7317 0.0300 0.4535 238.0000 23.8000 0.0000 7.3178 2.0000 
1213 1214 254 -1.3485 0.8987 -7.7317 -1.6480 1.1128 -7.9858 0.0300 0.4474 238.0000 23.8000 0.0000 8.0688 2.0000 
1214 1215 254 -1.6480 1.1128 -7.9858 -1.9596 1.3384 -8.2682 0.0300 0.4772 238.0000 23.8000 0.0000 9.0841 2.0000 
1215 1216 254 -1.9596 1.3384 -8.2682 -2.3509 1.5337 -8.5542 0.0300 0.5225 238.0000 23.8000 0.0000 10.6522 2.0000 
1216 1217 254 -2.3509 1.5337 -8.5542 -2.5778 1.6527 -8.7152 0.0300 0.3025 238.0000 23.8000 0.0000 12.0000 2.0000 
933 1218 255 -1.0453 0.7407 -7.6739 -0.9976 1.0993 -8.0012 0.0300 0.4879 238.0000 23.8000 0.0000 7.3631 2.0000 
1218 1219 255 -0.9976 1.0993 -8.0012 -0.9424 1.5143 -8.3794 0.0300 0.5642 238.0000 23.8000 0.0000 8.2397 2.0000 
1219 1220 255 -0.9424 1.5143 -8.3794 -0.9053 1.9080 -8.6991 0.0300 0.5085 238.0000 23.8000 0.0000 9.2834 2.0000 
1220 1221 255 -0.9053 1.9080 -8.6991 -0.8450 2.3594 -9.0363 0.0300 0.5666 238.0000 23.8000 0.0000 11.0133 2.0000 
1221 1222 255 -0.8450 2.3594 -9.0363 -0.8218 2.5333 -9.1626 0.0300 0.2161 238.0000 23.8000 0.0000 12.0000 2.0000 
934 1223 256 -1.0730 0.7854 -7.8870 -0.8044 0.6854 -8.3373 0.0300 0.5338 238.0000 23.8000 0.0000 7.5441 2.0000 
1223 1224 256 -0.8044 0.6854 -8.3373 -0.5725 0.5913 -8.7349 0.0300 0.4698 238.0000 23.8000 0.0000 8.3359 2.0000 
1224 1225 256 -0.5725 0.5913 -8.7349 -0.3607 0.5010 -9.1115 0.0300 0.4414 238.0000 23.8000 0.0000 9.3038 2.0000 
1225 1226 256 -0.3607 0.5010 -9.1115 -0.1135 0.4373 -9.5495 0.0300 0.5070 238.0000 23.8000 0.0000 10.9358 2.0000 
1226 1227 256 -0.1135 0.4373 -9.5495 -0.0074 0.4089 -9.7393 0.0300 0.2192 238.0000 23.8000 0.0000 12.0000 2.0000 
935 1228 257 -1.0996 0.8264 -8.0839 -1.1335 0.5418 -8.4887 0.0300 0.4959 238.0000 23.8000 0.0000 7.6150 2.0000 
1228 1229 257 -1.1335 0.5418 -8.4887 -1.1568 0.2972 -8.8429 0.0300 0.4311 238.0000 23.8000 0.0000 8.3727 2.0000 
1229 1230 257 -1.1568 0.2972 -8.8429 -1.1849 0.0548 -9.2431 0.0300 0.4688 238.0000 23.8000 0.0000 9.4121 2.0000 
1230 1231 257 -1.1849 0.0548 -9.2431 -1.2423 -0.2162 -9.6708 0.0300 0.5095 238.0000 23.8000 0.0000 10.9947 2.0000 
1231 1232 257 -1.2423 -0.2162 -9.6708 -1.2676 -0.3372 -9.8649 0.0300 0.2301 238.0000 23.8000 0.0000 12.0000 2.0000 
936 1233 258 -1.1190 0.8664 -8.2742 -0.8321 1.0021 -8.6338 0.0300 0.4796 238.0000 23.8000 0.0000 7.5674 2.0000 
1233 1234 258 -0.8321 1.0021 -8.6338 -0.5053 1.1520 -8.9943 0.0300 0.5092 238.0000 23.8000 0.0000 8.3615 2.0000 
1234 1235 258 -0.5053 1.1520 -8.9943 -0.1988 1.2817 -9.3424 0.0300 0.4816 238.0000 23.8000 0.0000 9.3446 2.0000 
1235 1236 258 -0.1988 1.2817 -9.3424 0.0944 1.4380 -9.6986 0.0300 0.4872 238.0000 23.8000 0.0000 10.7744 2.0000 
1236 1237 258 0.0944 1.4380 -9.6986 0.2621 1.5077 -9.9093 0.0300 0.2782 238.0000 23.8000 0.0000 12.0000 2.0000 
937 1238 259 -1.1468 0.9095 -8.4702 -1.3232 1.2445 -8.6893 0.0300 0.4374 238.0000 23.8000 0.0000 7.6139 2.0000 
1238 1239 259 -1.3232 1.2445 -8.6893 -1.5379 1.6449 -8.9542 0.0300 0.5259 238.0000 23.8000 0.0000 8.4812 2.0000 
1239 1240 259 -1.5379 1.6449 -8.9542 -1.6873 1.9414 -9.1530 0.0300 0.3869 238.0000 23.8000 0.0000 9.3017 2.0000 
1240 1241 259 -1.6873 1.9414 -9.1530 -1.8877 2.2932 -9.4038 0.0300 0.4763 238.0000 23.8000 0.0000 10.6994 2.0000 
1241 1242 259 -1.8877 2.2932 -9.4038 -2.0290 2.5058 -9.5544 0.0300 0.2964 238.0000 23.8000 0.0000 12.0000 2.0000 
938 1243 260 -1.1800 0.9434 -8.6513 -0.9237 1.1833 -9.0118 0.0300 0.5032 238.0000 23.8000 0.0000 7.8862 2.0000 
1243 1244 260 -0.9237 1.1833 -9.0118 -0.6858 1.3851 -9.3836 0.0300 0.4853 238.0000 23.8000 0.0000 8.8376 2.0000 
1244 1245 260 -0.6858 1.3851 -9.3836 -0.4535 1.5421 -9.7500 0.0300 0.4613 238.0000 23.8000 0.0000 10.0232 2.0000 
1245 1246 260 -0.4535 1.5421 -9.7500 -0.2345 1.6932 -10.0785 0.0300 0.4228 238.0000 23.8000 0.0000 11.5546 2.0000 
1246 1247 260 -0.2345 1.6932 -10.0785 -0.1846 1.7273 -10.1519 0.0300 0.0950 238.0000 23.8000 0.0000 12.0000 2.0000 
939 1248 261 -1.2218 0.9748 -8.8356 -1.4888 0.8264 -9.0897 0.0300 0.3973 238.0000 23.8000 0.0000 7.6989 2.0000 
1248 1249 261 -1.4888 0.8264 -9.0897 -1.9034 0.6120 -9.4223 0.0300 0.5732 238.0000 23.8000 0.0000 8.6489 2.0000 
1249 1250 261 -1.9034 0.6120 -9.4223 -2.2314 0.4242 -9.7347 0.0300 0.4903 238.0000 23.8000 0.0000 9.7194 2.0000 
1250 1251 261 -2.2314 0.4242 -9.7347 -2.5794 0.2164 -10.0244 0.0300 0.4983 238.0000 23.8000 0.0000 11.2707 2.0000 
1251 1252 261 -2.5794 0.2164 -10.0244 -2.6960 0.1498 -10.1294 0.0300 0.1704 238.0000 23.8000 0.0000 12.0000 2.0000 
940 1253 262 -1.2596 1.0049 -9.0189 -1.2497 0.7601 -9.4296 0.0300 0.4782 238.0000 23.8000 0.0000 8.0283 2.0000 
1253 1254 262 -1.2497 0.7601 -9.4296 -1.2279 0.5425 -9.8115 0.0300 0.4401 238.0000 23.8000 0.0000 8.9245 2.0000 
1254 1255 262 -1.2279 0.5425 -9.8115 -1.2102 0.2889 -10.3112 0.0300 0.5606 238.0000 23.8000 0.0000 10.4191 2.0000 
1255 1256 262 -1.2102 0.2889 -10.3112 -1.2009 0.0896 -10.6784 0.0300 0.4179 238.0000 23.8000 0.0000 12.0000 2.0000 
941 1257 263 -1.3001 1.0379 -9.2057 -1.1719 0.8600 -9.6861 0.0300 0.5280 238.0000 23.8000 0.0000 7.9538 2.0000 
1257 1258 263 -1.1719 0.8600 -9.6861 -1.0574 0.6608 -10.1755 0.0300 0.5406 238.0000 23.8000 0.0000 8.8049 2.0000 
1258 1259 263 -1.0574 0.6608 -10.1755 -0.9512 0.5497 -10.5958 0.0300 0.4476 238.0000 23.8000 0.0000 9.7258 2.0000 
1259 1260 263 -0.9512 0.5497 -10.5958 -0.8607 0.3979 -11.0162 0.0300 0.4560 238.0000 23.8000 0.0000 11.0367 2.0000 
1260 1261 263 -0.8607 0.3979 -11.0162 -0.8012 0.3319 -11.2357 0.0300 0.2368 238.0000 23.8000 0.0000 12.0000 2.0000 
942 1262 264 -1.3272 1.0731 -9.3878 -1.5723 0.8467 -9.7609 0.0300 0.5005 238.0000 23.8000 0.0000 8.0133 2.0000 
1262 1263 264 -1.5723 0.8467 -9.7609 -1.8117 0.6348 -10.1260 0.0300 0.4854 238.0000 23.8000 0.0000 8.7936 2.0000 
1263 1264 264 -1.8117 0.6348 -10.1260 -2.0185 0.4430 -10.4687 0.0300 0.4438 238.0000 23.8000 0.0000 9.6982 2.0000 
1264 1265 264 -2.0185 0.4430 -10.4687 -2.2849 0.2666 -10.8720 0.0300 0.5145 238.0000 23.8000 0.0000 11.1556 2.0000 
1265 1266 264 -2.2849 0.2666 -10.8720 -2.3952 0.1990 -11.0429 0.0300 0.2144 238.0000 23.8000 0.0000 12.0000 2.0000 
943 1267 265 -1.3561 1.1046 -9.5872 -1.5083 1.4490 -9.8639 0.0300 0.4673 238.0000 23.8000 0.0000 8.0220 2.0000 
1267 1268 265 -1.5083 1.4490 -9.8639 -1.6396 1.7788 -10.1218 0.0300 0.4387 238.0000 23.8000 0.0000 8.6920 2.0000 
1268 1269 265 -1.6396 1.7788 -10.1218 -1.8449 2.1353 -10.4483 0.0300 0.5252 238.0000 23.8000 0.0000 9.7096 2.0000 
1269 1270 265 -1.8449 2.1353 -10.4483 -2.0793 2.4674 -10.7513 0.0300 0.5071 238.0000 23.8000 0.0000 11.0869 2.0000 
1270 1271 265 -2.0793 2.4674 -10.7513 -2.1881 2.6272 -10.8967 0.0300 0.2418 238.0000 23.8000 0.0000 12.0000 2.0000 
944 1272 266 -1.3845 1.1369 -9.7894 -1.3183 1.4534 -10.0544 0.0300 0.4181 238.0000 23.8000 0.0000 8.0714 2.0000 
1272 1273 266 -1.3183 1.4534 -10.0544 -1.2398 1.7657 -10.3038 0.0300 0.4073 238.0000 23.8000 0.0000 8.7416 2.0000 
1273 1274 266 -1.2398 1.7657 -10.3038 -1.1667 2.0852 -10.5449 0.0300 0.4069 238.0000 23.8000 0.0000 9.5737 2.0000 
1274 1275 266 -1.1667 2.0852 -10.5449 -1.0730 2.4860 -10.8533 0.0300 0.5143 238.0000 23.8000 0.0000 11.0332 2.0000 
1275 1276 266 -1.0730 2.4860 -10.8533 -1.0316 2.6721 -10.9966 0.0300 0.2386 238.0000 23.8000 0.0000 12.0000 2.0000 
945 1277 267 -1.4222 1.1757 -9.9791 -1.2168 1.0759 -10.3932 0.0300 0.4729 238.0000 23.8000 0.0000 8.3045 2.0000 
1277 1278 267 -1.2168 1.0759 -10.3932 -1.0471 0.9937 -10.7348 0.0300 0.3901 238.0000 23.8000 0.0000 9.0419 2.0000 
1278 1279 267 -1.0471 0.9937 -10.7348 -0.8488 0.8999 -11.1289 0.0300 0.4511 238.0000 23.8000 0.0000 10.1147 2.0000 
1279 1280 267 -0.8488 0.8999 -11.1289 -0.6330 0.7980 -11.5577 0.0300 0.4907 238.0000 23.8000 0.0000 11.7596 2.0000 
1280 1281 267 -0.6330 0.7980 -11.5577 -0.6083 0.7869 -11.6067 0.0300 0.0560 238.0000 23.8000 0.0000 12.0000 2.0000 
946 1282 268 -1.4620 1.2152 -10.1831 -1.5648 0.9837 -10.5724 0.0300 0.4645 238.0000 23.8000 0.0000 8.3080 2.0000 
1282 1283 268 -1.5648 0.9837 -10.5724 -1.6414 0.7782 -10.9673 0.0300 0.4517 238.0000 23.8000 0.0000 9.1089 2.0000 
1283 1284 268 -1.6414 0.7782 -10.9673 -1.7297 0.5363 -11.3938 0.0300 0.4982 238.0000 23.8000 0.0000 10.2675 2.0000 
1284 1285 268 -1.7297 0.5363 -11.3938 -1.8003 0.3199 -11.7785 0.0300 0.4469 238.0000 23.8000 0.0000 11.7701 2.0000 
1285 1286 268 -1.8003 0.3199 -11.7785 -1.8093 0.2948 -11.8246 0.0300 0.0533 238.0000 23.8000 0.0000 12.0000 2.0000 
947 1287 269 -1.4963 1.2567 -10.3815 -1.2932 1.1831 -10.7536 0.0300 0.4303 238.0000 23.8000 0.0000 8.2275 2.0000 
1287 1288 269 -1.2932 1.1831 -10.7536 -1.0683 1.0799 -11.2007 0.0300 0.5110 238.0000 23.8000 0.0000 8.9811 2.0000 
1288 1289 269 -1.0683 1.0799 -11.2007 -0.8288 0.9950 -11.6414 0.0300 0.5087 238.0000 23.8000 0.0000 9.9669 2.0000 
1289 1290 269 -0.8288 0.9950 -11.6414 -0.6502 0.9214 -11.9382 0.0300 0.3541 238.0000 23.8000 0.0000 10.8960 2.0000 
1290 1291 269 -0.6502 0.9214 -11.9382 -0.4938 0.8807 -12.1977 0.0300 0.3057 238.0000 23.8000 0.0000 12.0000 2.0000 
948 1292 270 -1.5290 1.2883 -10.5767 -1.3032 1.2443 -10.9783 0.0300 0.4629 238.0000 23.8000 0.0000 8.3605 2.0000 
1292 1293 270 -1.3032 1.2443 -10.9783 -1.0637 1.2267 -11.3432 0.0300 0.4368 238.0000 23.8000 0.0000 9.0351 2.0000 
1293 1294 270 -1.0637 1.2267 -11.3432 -0.8348 1.2190 -11.6684 0.0300 0.3978 238.0000 23.8000 0.0000 9.8110 2.0000 
1294 1295 270 -0.8348 1.2190 -11.6684 -0.5543 1.1820 -12.0483 0.0300 0.4737 238.0000 23.8000 0.0000 11.0932 2.0000 
1295 1296 270 -0.5543 1.1820 -12.0483 -0.4166 1.1707 -12.2377 0.0300 0.2345 238.0000 23.8000 0.0000 12.0000 2.0000 
949 1297 271 -1.5528 1.3227 -10.7659 -1.9408 1.4784 -11.0761 0.0300 0.5205 238.0000 23.8000 0.0000 8.5851 2.0000 
1297 1298 271 -1.9408 1.4784 -11.0761 -2.3194 1.5949 -11.3723 0.0300 0.4946 238.0000 23.8000 0.0000 9.4555 2.0000 
1298 1299 271 -2.3194 1.5949 -11.3723 -2.7354 1.6993 -11.7032 0.0300 0.5417 238.0000 23.8000 0.0000 10.7131 2.0000 
1299 1300 271 -2.7354 1.6993 -11.7032 -3.0469 1.7666 -11.9397 0.0300 0.3969 238.0000 23.8000 0.0000 12.0000 2.0000 
950 1301 272 -1.5761 1.3593 -10.9557 -1.9797 1.3283 -11.2955 0.0300 0.5285 238.0000 23.8000 0.0000 8.5629 2.0000 
1301 1302 272 -1.9797 1.3283 -11.2955 -2.3811 1.3033 -11.6472 0.0300 0.5342 238.0000 23.8000 0.0000 9.3775 2.0000 
1302 1303 272 -2.3811 1.3033 -11.6472 -2.7289 1.2803 -11.9446 0.0300 0.4583 238.0000 23.8000 0.0000 10.2717 2.0000 
1303 1304 272 -2.7289 1.2803 -11.9446 -3.1069 1.2568 -12.2827 0.0300 0.5077 238.0000 23.8000 0.0000 11.6408 2.0000 
1304 1305 272 -3.1069 1.2568 -12.2827 -3.1836 1.2519 -12.3515 0.0300 0.1031 238.0000 23.8000 0.0000 12.0000 2.0000 
951 1306 273 -1.6001 1.3981 -11.1583 -1.7961 1.7426 -11.4208 0.0300 0.4754 238.0000 23.8000 0.0000 8.6740 2.0000 
1306 1307 273 -1.7961 1.7426 -11.4208 -1.9469 2.1369 -11.7309 0.0300 0.5238 238.0000 23.8000 0.0000 9.6221 2.0000 
1307 1308 273 -1.9469 2.1369 -11.7309 -2.0866 2.5205 -12.0333 0.0300 0.5082 238.0000 23.8000 0.0000 10.8507 2.0000 
1308 1309 273 -2.0866 2.5205 -12.0333 -2.1614 2.7877 -12.2395 0.0300 0.3457 238.0000 23.8000 0.0000 12.0000 2.0000 
952 1310 274 -1.6206 1.4270 -11.3385 -2.0088 1.5463 -11.6509 0.0300 0.5124 238.0000 23.8000 0.0000 8.6873 2.0000 
1310 1311 274 -2.0088 1.5463 -11.6509 -2.3357 1.6465 -11.9092 0.0300 0.4285 238.0000 23.8000 0.0000 9.3452 2.0000 
1311 1312 274 -2.3357 1.6465 -11.9092 -2.7107 1.7652 -12.2209 0.0300 0.5019 238.0000 23.8000 0.0000 10.3417 2.0000 
1312 1313 274 -2.7107 1.7652 -12.2209 -3.0814 1.8819 -12.5240 0.0300 0.4928 238.0000 23.8000 0.0000 11.7657 2.0000 
1313 1314 274 -3.0814 1.8819 -12.5240 -3.1284 1.8931 -12.5628 0.0300 0.0620 238.0000 23.8000 0.0000 12.0000 2.0000 
953 1315 275 -1.6346 1.4481 -11.5303 -1.8597 1.1994 -11.8835 0.0300 0.4871 238.0000 23.8000 0.0000 8.7178 2.0000 
1315 1316 275 -1.8597 1.1994 -11.8835 -2.1010 0.9508 -12.2349 0.0300 0.4934 238.0000 23.8000 0.0000 9.4587 2.0000 
1316 1317 275 -2.1010 0.9508 -12.2349 -2.3889 0.5656 -12.5781 0.0300 0.5907 238.0000 23.8000 0.0000 10.6147 2.0000 
1317 1318 275 -2.3889 0.5656 -12.5781 -2.6274 0.2488 -12.8755 0.0300 0.4958 238.0000 23.8000 0.0000 12.0000 2.0000 
954 1319 276 -1.6405 1.4589 -11.7253 -1.7478 1.8031 -12.0712 0.0300 0.4997 238.0000 23.8000 0.0000 8.8950 2.0000 
1319 1320 276 -1.7478 1.8031 -12.0712 -1.8617 2.1276 -12.4265 0.0300 0.4945 238.0000 23.8000 0.0000 9.7637 2.0000 
1320 1321 276 -1.8617 2.1276 -12.4265 -1.9837 2.4366 -12.8618 0.0300 0.5475 238.0000 23.8000 0.0000 11.0304 2.0000 
1321 1322 276 -1.9837 2.4366 -12.8618 -2.0620 2.6003 -13.1165 0.0300 0.3128 238.0000 23.8000 0.0000 12.0000 2.0000 
955 1323 277 -1.6462 1.4648 -11.9121 -1.8729 1.2050 -12.2764 0.0300 0.5017 238.0000 23.8000 0.0000 8.8800 2.0000 
1323 1324 277 -1.8729 1.2050 -12.2764 -2.0548 0.9593 -12.6312 0.0300 0.4683 238.0000 23.8000 0.0000 9.6013 2.0000 
1324 1325 277 -2.0548 0.9593 -12.6312 -2.2851 0.7479 -13.0061 0.0300 0.4881 238.0000 23.8000 0.0000 10.5584 2.0000 
1325 1326 277 -2.2851 0.7479 -13.0061 -2.5161 0.5327 -13.3850 0.0300 0.4932 238.0000 23.8000 0.0000 11.9036 2.0000 
1326 1327 277 -2.5161 0.5327 -13.3850 -2.5291 0.5199 -13.4069 0.0300 0.0285 238.0000 23.8000 0.0000 12.0000 2.0000 
956 1328 278 -1.6553 1.4761 -12.1278 -2.0343 1.4875 -12.4665 0.0300 0.5084 238.0000 23.8000 0.0000 8.9586 2.0000 
1328 1329 278 -2.0343 1.4875 -12.4665 -2.3990 1.4879 -12.7689 0.0300 0.4738 238.0000 23.8000 0.0000 9.6928 2.0000 
1329 1330 278 -2.3990 1.4879 -12.7689 -2.7327 1.4864 -13.1535 0.0300 0.5092 238.0000 23.8000 0.0000 10.7239 2.0000 
1330 1331 278 -2.7327 1.4864 -13.1535 -3.0469 1.4940 -13.4672 0.0300 0.4440 238.0000 23.8000 0.0000 12.0000 2.0000 
957 1332 279 -1.6725 1.4968 -12.3269 -1.9139 1.6373 -12.5500 0.0300 0.3575 238.0000 23.8000 0.0000 8.8919 2.0000 
1332 1333 279 -1.9139 1.6373 -12.5500 -2.2221 1.8255 -12.8531 0.0300 0.4715 238.0000 23.8000 0.0000 9.6815 2.0000 
1333 1334 279 -2.2221 1.8255 -12.8531 -2.5412 2.0216 -13.1722 0.0300 0.4920 238.0000 23.8000 0.0000 10.7393 2.0000 
1334 1335 279 -2.5412 2.0216 -13.1722 -2.8055 2.2210 -13.4440 0.0300 0.4283 238.0000 23.8000 0.0000 12.0000 2.0000 
958 1336 280 -1.6827 1.5148 -12.5253 -1.5269 1.2808 -12.9203 0.0300 0.4848 238.0000 23.8000 0.0000 9.1248 2.0000 
1336 1337 280 -1.5269 1.2808 -12.9203 -1.4034 1.0780 -13.2340 0.0300 0.3935 238.0000 23.8000 0.0000 9.7812 2.0000 
1337 1338 280 -1.4034 1.0780 -13.2340 -1.2597 0.8458 -13.5952 0.0300 0.4527 238.0000 23.8000 0.0000 10.7355 2.0000 
1338 1339 280 -1.2597 0.8458 -13.5952 -1.1126 0.6549 -13.9569 0.0300 0.4347 238.0000 23.8000 0.0000 12.0000 2.0000 
959 1340 281 -1.6946 1.5304 -12.7478 -1.7236 1.2249 -13.1190 0.0300 0.4816 238.0000 23.8000 0.0000 9.1397 2.0000 
1340 1341 281 -1.7236 1.2249 -13.1190 -1.7238 0.9044 -13.5316 0.0300 0.5225 238.0000 23.8000 0.0000 9.9487 2.0000 
1341 1342 281 -1.7238 0.9044 -13.5316 -1.7191 0.5845 -13.9359 0.0300 0.5156 238.0000 23.8000 0.0000 11.0026 2.0000 
1342 1343 281 -1.7191 0.5845 -13.9359 -1.7274 0.3490 -14.2062 0.0300 0.3586 238.0000 23.8000 0.0000 12.0000 2.0000 
960 1344 282 -1.7041 1.5430 -12.9288 -1.3598 1.5814 -13.3770 0.0300 0.5664 238.0000 23.8000 0.0000 9.3090 2.0000 
1344 1345 282 -1.3598 1.5814 -13.3770 -1.1015 1.6154 -13.8152 0.0300 0.5098 238.0000 23.8000 0.0000 10.1066 2.0000 
1345 1346 282 -1.1015 1.6154 -13.8152 -0.8543 1.6850 -14.2676 0.0300 0.5202 238.0000 23.8000 0.0000 11.1758 2.0000 
1346 1347 282 -0.8543 1.6850 -14.2676 -0.7067 1.7185 -14.5300 0.0300 0.3029 238.0000 23.8000 0.0000 12.0000 2.0000 
961 1348 283 -1.7148 1.5575 -13.1323 -1.5093 1.2802 -13.5085 0.0300 0.5105 238.0000 23.8000 0.0000 9.2242 2.0000 
1348 1349 283 -1.5093 1.2802 -13.5085 -1.3331 1.0114 -13.8433 0.0300 0.4641 238.0000 23.8000 0.0000 9.8443 2.0000 
1349 1350 283 -1.3331 1.0114 -13.8433 -1.1523 0.7359 -14.2032 0.0300 0.4880 238.0000 23.8000 0.0000 10.6877 2.0000 
1350 1351 283 -1.1523 0.7359 -14.2032 -0.9631 0.4655 -14.5251 0.0300 0.4610 238.0000 23.8000 0.0000 11.8135 2.0000 
1351 1352 283 -0.9631 0.4655 -14.5251 -0.9393 0.4291 -14.5666 0.0300 0.0601 238.0000 23.8000 0.0000 12.0000 2.0000 
962 1353 284 -1.7266 1.5708 -13.3185 -1.9397 1.3133 -13.6977 0.0300 0.5056 238.0000 23.8000 0.0000 9.4317 2.0000 
1353 1354 284 -1.9397 1.3133 -13.6977 -2.0911 1.0727 -14.0955 0.0300 0.4889 238.0000 23.8000 0.0000 10.2708 2.0000 
1354 1355 284 -2.0911 1.0727 -14.0955 -2.2293 0.8962 -14.4909 0.0300 0.4545 238.0000 23.8000 0.0000 11.2875 2.0000 
1355 1356 284 -2.2293 0.8962 -14.4909 -2.3085 0.8031 -14.7068 0.0300 0.2481 238.0000 23.8000 0.0000 12.0000 2.0000 
963 1357 285 -1.7397 1.5836 -13.5087 -2.0969 1.4672 -13.8655 0.0300 0.5181 238.0000 23.8000 0.0000 9.4890 2.0000 
1357 1358 285 -2.0969 1.4672 -13.8655 -2.4604 1.3621 -14.1859 0.0300 0.4958 238.0000 23.8000 0.0000 10.3000 2.0000 
1358 1359 285 -2.4604 1.3621 -14.1859 -2.7821 1.2253 -14.4840 0.0300 0.4595 238.0000 23.8000 0.0000 11.2625 2.0000 
1359 1360 285 -2.7821 1.2253 -14.4840 -2.9778 1.1484 -14.6645 0.0300 0.2771 238.0000 23.8000 0.0000 12.0000 2.0000 
964 1361 286 -1.7453 1.6002 -13.7026 -1.4791 1.7648 -13.9894 0.0300 0.4245 238.0000 23.8000 0.0000 9.4165 2.0000 
1361 1362 286 -1.4791 1.7648 -13.9894 -1.1884 1.9623 -14.2845 0.0300 0.4589 238.0000 23.8000 0.0000 10.1329 2.0000 
1362 1363 286 -1.1884 1.9623 -14.2845 -0.9099 2.1382 -14.5791 0.0300 0.4419 238.0000 23.8000 0.0000 11.0114 2.0000 
1363 1364 286 -0.9099 2.1382 -14.5791 -0.6692 2.3096 -14.8092 0.0300 0.3745 238.0000 23.8000 0.0000 12.0000 2.0000 
965 1365 287 -1.7484 1.6206 -13.9148 -2.0377 1.5526 -14.2113 0.0300 0.4198 238.0000 23.8000 0.0000 9.5787 2.0000 
1365 1366 287 -2.0377 1.5526 -14.2113 -2.4116 1.4618 -14.5922 0.0300 0.5414 238.0000 23.8000 0.0000 10.5736 2.0000 
1366 1367 287 -2.4116 1.4618 -14.5922 -2.7670 1.3742 -14.9977 0.0300 0.5462 238.0000 23.8000 0.0000 11.8981 2.0000 
1367 1368 287 -2.7670 1.3742 -14.9977 -2.7899 1.3689 -15.0240 0.0300 0.0353 238.0000 23.8000 0.0000 12.0000 2.0000 
966 1369 288 -1.7511 1.6362 -14.1093 -1.7849 1.3122 -14.5074 0.0300 0.5144 238.0000 23.8000 0.0000 9.6891 2.0000 
1369 1370 288 -1.7849 1.3122 -14.5074 -1.7841 1.0045 -14.8576 0.0300 0.4661 238.0000 23.8000 0.0000 10.4458 2.0000 
1370 1371 288 -1.7841 1.0045 -14.8576 -1.7832 0.7188 -15.1825 0.0300 0.4327 238.0000 23.8000 0.0000 11.3396 2.0000 
1371 1372 288 -1.7832 0.7188 -15.1825 -1.7825 0.5552 -15.3773 0.0300 0.2543 238.0000 23.8000 0.0000 12.0000 2.0000 
967 1373 289 -1.7550 1.6531 -14.3226 -2.0833 1.5231 -14.7422 0.0300 0.5484 238.0000 23.8000 0.0000 9.8498 2.0000 
1373 1374 289 -2.0833 1.5231 -14.7422 -2.3460 1.3528 -15.0909 0.0300 0.4686 238.0000 23.8000 0.0000 10.6538 2.0000 
1374 1375 289 -2.3460 1.3528 -15.0909 -2.6493 1.1459 -15.4832 0.0300 0.5373 238.0000 23.8000 0.0000 11.8562 2.0000 
1375 1376 289 -2.6493 1.1459 -15.4832 -2.6802 1.1252 -15.5216 0.0300 0.0534 238.0000 23.8000 0.0000 12.0000 2.0000 
968 1377 290 -1.7577 1.6712 -14.5355 -2.0332 1.8249 -14.7889 0.0300 0.4047 238.0000 23.8000 0.0000 9.7432 2.0000 
1377 1378 290 -2.0332 1.8249 -14.7889 -2.3531 2.0229 -15.0855 0.0300 0.4791 238.0000 23.8000 0.0000 10.5737 2.0000 
1378 1379 290 -2.3531 2.0229 -15.0855 -2.7291 2.2447 -15.4309 0.0300 0.5566 238.0000 23.8000 0.0000 11.8463 2.0000 
1379 1380 290 -2.7291 2.2447 -15.4309 -2.7662 2.2667 -15.4655 0.0300 0.0553 238.0000 23.8000 0.0000 12.0000 2.0000 
969 1381 291 -1.7609 1.6843 -14.7371 -1.4938 1.8725 -15.0805 0.0300 0.4739 238.0000 23.8000 0.0000 9.7381 2.0000 
1381 1382 291 -1.4938 1.8725 -15.0805 -1.2960 2.0447 -15.4158 0.0300 0.4257 238.0000 23.8000 0.0000 10.2908 2.0000 
1382 1383 291 -1.2960 2.0447 -15.4158 -1.0796 2.2343 -15.7741 0.0300 0.4595 238.0000 23.8000 0.0000 11.0502 2.0000 
1383 1384 291 -1.0796 2.2343 -15.7741 -0.8415 2.3886 -16.0835 0.0300 0.4198 238.0000 23.8000 0.0000 12.0000 2.0000 
970 1385 292 -1.7580 1.6949 -14.9329 -1.5352 1.8950 -15.2146 0.0300 0.4111 238.0000 23.8000 0.0000 9.9121 2.0000 
1385 1386 292 -1.5352 1.8950 -15.2146 -1.2322 2.1544 -15.4994 0.0300 0.4902 238.0000 23.8000 0.0000 10.8128 2.0000 
1386 1387 292 -1.2322 2.1544 -15.4994 -0.9998 2.3812 -15.7358 0.0300 0.4017 238.0000 23.8000 0.0000 11.7719 2.0000 
1387 1388 292 -0.9998 2.3812 -15.7358 -0.9526 2.4279 -15.7814 0.0300 0.0806 238.0000 23.8000 0.0000 12.0000 2.0000 
971 1389 293 -1.7535 1.6999 -15.1336 -1.5329 1.4523 -15.4762 0.0300 0.4768 238.0000 23.8000 0.0000 10.0358 2.0000 
1389 1390 293 -1.5329 1.4523 -15.4762 -1.2840 1.1941 -15.8429 0.0300 0.5129 238.0000 23.8000 0.0000 10.9141 2.0000 
1390 1391 293 -1.2840 1.1941 -15.8429 -1.0681 0.9713 -16.1889 0.0300 0.4647 238.0000 23.8000 0.0000 11.9399 2.0000 
1391 1392 293 -1.0681 0.9713 -16.1889 -1.0570 0.9598 -16.2060 0.0300 0.0235 238.0000 23.8000 0.0000 12.0000 2.0000 
972 1393 294 -1.7467 1.7131 -15.3295 -1.6911 1.4058 -15.6860 0.0300 0.4740 238.0000 23.8000 0.0000 10.1480 2.0000 
1393 1394 294 -1.6911 1.4058 -15.6860 -1.6451 1.1270 -16.0318 0.0300 0.4466 238.0000 23.8000 0.0000 10.9591 2.0000 
1394 1395 294 -1.6451 1.1270 -16.0318 -1.6038 0.8466 -16.3836 0.0300 0.4518 238.0000 23.8000 0.0000 12.0000 2.0000 
973 1396 295 -1.7452 1.7236 -15.5321 -1.9709 1.9447 -15.8766 0.0300 0.4674 238.0000 23.8000 0.0000 10.1442 2.0000 
1396 1397 295 -1.9709 1.9447 -15.8766 -2.1989 2.1678 -16.2498 0.0300 0.4910 238.0000 23.8000 0.0000 10.9564 2.0000 
1397 1398 295 -2.1989 2.1678 -16.2498 -2.3692 2.3842 -16.6131 0.0300 0.4558 238.0000 23.8000 0.0000 11.9205 2.0000 
1398 1399 295 -2.3692 2.3842 -16.6131 -2.3812 2.3996 -16.6389 0.0300 0.0324 238.0000 23.8000 0.0000 12.0000 2.0000 
974 1400 296 -1.7506 1.7400 -15.7276 -1.8910 2.0159 -16.0056 0.0300 0.4161 238.0000 23.8000 0.0000 10.1408 2.0000 
1400 1401 296 -1.8910 2.0159 -16.0056 -2.1085 2.3476 -16.3099 0.0300 0.4999 238.0000 23.8000 0.0000 10.9736 2.0000 
1401 1402 296 -2.1085 2.3476 -16.3099 -2.3071 2.6131 -16.5707 0.0300 0.4219 238.0000 23.8000 0.0000 11.8928 2.0000 
1402 1403 296 -2.3071 2.6131 -16.5707 -2.3271 2.6391 -16.5967 0.0300 0.0419 238.0000 23.8000 0.0000 12.0000 2.0000 
975 1404 297 -1.7440 1.7640 -15.9324 -2.0883 1.8593 -16.3706 0.0300 0.5654 238.0000 23.8000 0.0000 10.3829 2.0000 
1404 1405 297 -2.0883 1.8593 -16.3706 -2.4131 1.9322 -16.7876 0.0300 0.5336 238.0000 23.8000 0.0000 11.2431 2.0000 
1405 1406 297 -2.4131 1.9322 -16.7876 -2.6399 1.9878 -17.0801 0.0300 0.3742 238.0000 23.8000 0.0000 12.0000 2.0000 
976 1407 298 -1.7385 1.7886 -16.1342 -1.3952 1.8545 -16.4635 0.0300 0.4802 238.0000 23.8000 0.0000 10.3222 2.0000 
1407 1408 298 -1.3952 1.8545 -16.4635 -1.1225 1.9143 -16.7216 0.0300 0.3802 238.0000 23.8000 0.0000 10.8899 2.0000 
1408 1409 298 -1.1225 1.9143 -16.7216 -0.7439 2.0163 -17.0608 0.0300 0.5185 238.0000 23.8000 0.0000 11.8732 2.0000 
1409 1410 298 -0.7439 2.0163 -17.0608 -0.7030 2.0273 -17.0974 0.0300 0.0560 238.0000 23.8000 0.0000 12.0000 2.0000 
977 1411 299 -1.7275 1.8042 -16.3315 -1.5709 2.1428 -16.6415 0.0300 0.4849 238.0000 23.8000 0.0000 10.4825 2.0000 
1411 1412 299 -1.5709 2.1428 -16.6415 -1.4049 2.5149 -16.9882 0.0300 0.5350 238.0000 23.8000 0.0000 11.4162 2.0000 
1412 1413 299 -1.4049 2.5149 -16.9882 -1.3315 2.7056 -17.1723 0.0300 0.2751 238.0000 23.8000 0.0000 12.0000 2.0000 
978 1414 300 -1.7166 1.8211 -16.5323 -1.4213 2.0783 -16.8551 0.0300 0.5075 238.0000 23.8000 0.0000 10.5683 2.0000 
1414 1415 300 -1.4213 2.0783 -16.8551 -1.1309 2.3236 -17.1627 0.0300 0.4890 238.0000 23.8000 0.0000 11.4096 2.0000 
1415 1416 300 -1.1309 2.3236 -17.1627 -0.9646 2.4643 -17.3390 0.0300 0.2802 238.0000 23.8000 0.0000 12.0000 2.0000 
979 1417 301 -1.7149 1.8352 -16.7281 -1.4966 1.6626 -17.1012 0.0300 0.4654 238.0000 23.8000 0.0000 10.5565 2.0000 
1417 1418 301 -1.4966 1.6626 -17.1012 -1.2275 1.4641 -17.4900 0.0300 0.5128 238.0000 23.8000 0.0000 11.4090 2.0000 
1418 1419 301 -1.2275 1.4641 -17.4900 -1.0789 1.3518 -17.7074 0.0300 0.2863 238.0000 23.8000 0.0000 12.0000 2.0000 
980 1420 302 -1.7165 1.8462 -16.9251 -1.8916 2.1759 -17.2536 0.0300 0.4973 238.0000 23.8000 0.0000 10.7193 2.0000 
1420 1421 302 -1.8916 2.1759 -17.2536 -2.0382 2.4480 -17.5272 0.0300 0.4128 238.0000 23.8000 0.0000 11.4399 2.0000 
1421 1422 302 -2.0382 2.4480 -17.5272 -2.1302 2.6299 -17.7039 0.0300 0.2698 238.0000 23.8000 0.0000 12.0000 2.0000 
981 1423 303 -1.7178 1.8557 -17.1070 -2.0190 1.6642 -17.5190 0.0300 0.5450 238.0000 23.8000 0.0000 10.7718 2.0000 
1423 1424 303 -2.0190 1.6642 -17.5190 -2.2831 1.4453 -17.8616 0.0300 0.4849 238.0000 23.8000 0.0000 11.5613 2.0000 
1424 1425 303 -2.2831 1.4453 -17.8616 -2.3965 1.3406 -18.0212 0.0300 0.2220 238.0000 23.8000 0.0000 12.0000 2.0000 
982 1426 304 -1.7177 1.8574 -17.3111 -1.9946 1.5564 -17.7208 0.0300 0.5789 238.0000 23.8000 0.0000 10.9253 2.0000 
1426 1427 304 -1.9946 1.5564 -17.7208 -2.2414 1.2733 -18.0905 0.0300 0.5270 238.0000 23.8000 0.0000 11.8157 2.0000 
1427 1428 304 -2.2414 1.2733 -18.0905 -2.2881 1.2223 -18.1547 0.0300 0.0945 238.0000 23.8000 0.0000 12.0000 2.0000 
983 1429 305 -1.7236 1.8595 -17.5032 -1.6197 1.4980 -17.9032 0.0300 0.5491 238.0000 23.8000 0.0000 11.1271 2.0000 
1429 1430 305 -1.6197 1.4980 -17.9032 -1.5280 1.1881 -18.1898 0.0300 0.4320 238.0000 23.8000 0.0000 12.0000 2.0000 
984 1431 306 -1.7304 1.8612 -17.7076 -2.0580 1.7016 -18.0913 0.0300 0.5292 238.0000 23.8000 0.0000 11.0874 2.0000 
1431 1432 306 -2.0580 1.7016 -18.0913 -2.3386 1.5267 -18.4406 0.0300 0.4810 238.0000 23.8000 0.0000 12.0000 2.0000 
985 1433 307 -1.7376 1.8628 -17.9207 -1.4343 1.9493 -18.2501 0.0300 0.4560 238.0000 23.8000 0.0000 10.9329 2.0000 
1433 1434 307 -1.4343 1.9493 -18.2501 -1.1369 2.0302 -18.5713 0.0300 0.4451 238.0000 23.8000 0.0000 11.6190 2.0000 
1434 1435 307 -1.1369 2.0302 -18.5713 -0.9977 2.0789 -18.7186 0.0300 0.2085 238.0000 23.8000 0.0000 12.0000 2.0000 
986 1436 308 -1.7430 1.8640 -18.1335 -1.9767 2.1257 -18.5173 0.0300 0.5201 238.0000 23.8000 0.0000 11.0829 2.0000 
1436 1437 308 -1.9767 2.1257 -18.5173 -2.2341 2.3995 -18.8903 0.0300 0.5294 238.0000 23.8000 0.0000 11.9029 2.0000 
1437 1438 308 -2.2341 2.3995 -18.8903 -2.2609 2.4277 -18.9286 0.0300 0.0547 238.0000 23.8000 0.0000 12.0000 2.0000 
987 1439 309 -1.7424 1.8661 -18.3278 -1.9727 2.1510 -18.6654 0.0300 0.4982 238.0000 23.8000 0.0000 11.1651 2.0000 
1439 1440 309 -1.9727 2.1510 -18.6654 -2.1639 2.3622 -18.9421 0.0300 0.3972 238.0000 23.8000 0.0000 11.8088 2.0000 
1440 1441 309 -2.1639 2.3622 -18.9421 -2.2095 2.4196 -19.0159 0.0300 0.1039 238.0000 23.8000 0.0000 12.0000 2.0000 
988 1442 310 -1.7458 1.8678 -18.5222 -1.9619 2.0937 -18.8302 0.0300 0.4389 238.0000 23.8000 0.0000 11.0907 2.0000 
1442 1443 310 -1.9619 2.0937 -18.8302 -2.1895 2.3343 -19.1547 0.0300 0.4637 238.0000 23.8000 0.0000 11.7608 2.0000 
1443 1444 310 -2.1895 2.3343 -19.1547 -2.2609 2.4128 -19.2488 0.0300 0.1418 238.0000 23.8000 0.0000 12.0000 2.0000 
989 1445 311 -1.7515 1.8812 -18.7341 -1.7102 1.5247 -19.2513 0.0300 0.6295 238.0000 23.8000 0.0000 11.4870 2.0000 
1445 1446 311 -1.7102 1.5247 -19.2513 -1.6799 1.3501 -19.5133 0.0300 0.3164 238.0000 23.8000 0.0000 12.0000 2.0000 
990 1447 312 -1.7617 1.8860 -18.9264 -1.5603 2.0804 -19.2495 0.0300 0.4275 238.0000 23.8000 0.0000 11.2884 2.0000 
1447 1448 312 -1.5603 2.0804 -19.2495 -1.3478 2.2952 -19.5654 0.0300 0.4371 238.0000 23.8000 0.0000 12.0000 2.0000 
991 1449 313 -1.7759 1.8996 -19.1219 -1.7881 2.1795 -19.3877 0.0300 0.3862 238.0000 23.8000 0.0000 11.3379 2.0000 
1449 1450 313 -1.7881 2.1795 -19.3877 -1.8160 2.4652 -19.6544 0.0300 0.3919 238.0000 23.8000 0.0000 12.0000 2.0000 
992 1451 314 -1.7853 1.9086 -19.3341 -1.7559 2.2614 -19.6391 0.0300 0.4673 238.0000 23.8000 0.0000 11.3899 2.0000 
1451 1452 314 -1.7559 2.2614 -19.6391 -1.7278 2.6038 -19.9309 0.0300 0.4507 238.0000 23.8000 0.0000 12.0000 2.0000 
993 1453 315 -1.7948 1.9161 -19.5303 -1.8316 1.5562 -19.9307 0.0300 0.5396 238.0000 23.8000 0.0000 11.6187 2.0000 
1453 1454 315 -1.8316 1.5562 -19.9307 -1.8513 1.3845 -20.1195 0.0300 0.2559 238.0000 23.8000 0.0000 12.0000 2.0000 
994 1455 316 -1.7933 1.9289 -19.7346 -1.7642 2.2684 -20.0449 0.0300 0.4609 238.0000 23.8000 0.0000 11.5045 2.0000 
1455 1456 316 -1.7642 2.2684 -20.0449 -1.7356 2.5483 -20.3079 0.0300 0.3851 238.0000 23.8000 0.0000 12.0000 2.0000 
995 1457 317 -1.7847 1.9425 -19.9387 -1.4605 1.7647 -20.3139 0.0300 0.5268 238.0000 23.8000 0.0000 11.7390 2.0000 
1457 1458 317 -1.4605 1.7647 -20.3139 -1.3488 1.7048 -20.4435 0.0300 0.1813 238.0000 23.8000 0.0000 12.0000 2.0000 
996 1459 318 -1.7725 1.9598 -20.1477 -1.6287 2.3698 -20.5017 0.0300 0.5604 238.0000 23.8000 0.0000 12.0000 2.0000 
997 1460 319 -1.7541 1.9726 -20.3391 -1.9577 2.1423 -20.6910 0.0300 0.4406 238.0000 23.8000 0.0000 11.7689 2.0000 
1460 1461 319 -1.9577 2.1423 -20.6910 -2.0335 2.2069 -20.8223 0.0300 0.1648 238.0000 23.8000 0.0000 12.0000 2.0000 
998 1462 320 -1.7478 1.9924 -20.5258 -1.9847 2.1790 -20.8172 0.0300 0.4193 238.0000 23.8000 0.0000 11.8121 2.0000 
1462 1463 320 -1.9847 2.1790 -20.8172 -2.0582 2.2384 -20.9136 0.0300 0.1350 238.0000 23.8000 0.0000 12.0000 2.0000 
999 1464 321 -1.7437 2.0206 -20.7288 -1.4342 1.9303 -21.0102 0.0300 0.4280 238.0000 23.8000 0.0000 12.0000 2.0000 
1000 1465 322 -1.7454 2.0524 -20.9223 -1.6308 1.8252 -21.2866 0.0300 0.4444 238.0000 23.8000 0.0000 12.0000 2.0000 
1001 1466 323 -1.7469 2.0850 -21.1302 -1.7542 1.8619 -21.4511 0.0300 0.3909 238.0000 23.8000 0.0000 12.0000 2.0000 
1002 1467 324 -1.7547 2.1220 -21.3162 -1.8513 1.9168 -21.6138 0.0300 0.3741 238.0000 23.8000 0.0000 12.0000 2.0000 
1003 1468 325 -1.7524 2.1659 -21.5214 -1.6834 2.3836 -21.6903 0.0300 0.2840 238.0000 23.8000 0.0000 12.0000 2.0000 
1004 1469 326 -1.7423 2.2176 -21.7106 -1.5770 2.2313 -21.8624 0.0300 0.2249 238.0000 23.8000 0.0000 12.0000 2.0000 
1005 1470 327 -1.7426 2.2599 -21.9054 -1.7124 2.1764 -22.0404 0.0300 0.1615 238.0000 23.8000 0.0000 12.0000 2.0000 
1006 1471 328 -1.7360 2.3131 -22.0943 -1.7037 2.4044 -22.1517 0.0300 0.1125 238.0000 23.8000 0.0000 12.0000 2.0000 
1007 1472 329 -1.7271 2.3706 -22.2788 -1.7043 2.3552 -22.3195 0.0300 0.0491 238.0000 23.8000 0.0000 12.0000 2.0000 
1473 1474 2 0.0000 0.0000 -3.1000 0.0010 -0.0027 -3.1096 0.0858 0.0100 0.0000 0.0000 205.0000 0.0028 4.0000 
1474 1475 2 0.0010 -0.0027 -3.1096 0.0194 -0.0650 -3.3001 0.0858 0.2013 0.0000 0.0000 205.0000 0.0590 4.0000 
1475 1476 2 0.0194 -0.0650 -3.3001 0.0421 -0.1298 -3.4966 0.0858 0.2081 0.0000 0.0000 205.0000 0.1172 4.0000 
1476 1477 2 0.0421 -0.1298 -3.4966 0.0625 -0.1929 -3.6909 0.0858 0.2053 0.0000 0.0000 205.0000 0.1747 4.0000 
1477 1478 2 0.0625 -0.1929 -3.6909 0.0671 -0.2517 -3.8814 0.0858 0.1994 0.0000 0.0000 205.0000 0.2305 4.0000 
1478 1479 2 0.0671 -0.2517 -3.8814 0.0764 -0.3211 -4.0690 0.0858 0.2003 0.0000 0.0000 205.0000 0.2866 4.0000 
1479 1480 2 0.0764 -0.3211 -4.0690 0.0818 -0.3988 -4.2695 0.0858 0.2151 0.0000 0.0000 205.0000 0.3470 4.0000 
1480 1481 2 0.0818 -0.3988 -4.2695 0.0848 -0.4723 -4.4553 0.0858 0.1998 0.0000 0.0000 205.0000 0.4031 4.0000 
1481 1482 2 0.0848 -0.4723 -4.4553 0.0889 -0.5374 -4.6401 0.0858 0.1960 0.0000 0.0000 205.0000 0.4581 4.0000 
1482 1483 2 0.0889 -0.5374 -4.6401 0.0908 -0.6093 -4.8342 0.0858 0.2071 0.0000 0.0000 205.0000 0.5164 4.0000 
1483 1484 2 0.0908 -0.6093 -4.8342 0.0966 -0.6898 -5.0389 0.0858 0.2200 0.0000 0.0000 205.0000 0.5783 4.0000 
1484 1485 2 0.0966 -0.6898 -5.0389 0.0967 -0.7635 -5.2133 0.0858 0.1893 0.0000 0.0000 205.0000 0.6316 4.0000 
1485 1486 2 0.0967 -0.7635 -5.2133 0.0848 -0.8333 -5.4021 0.0858 0.2017 0.0000 0.0000 205.0000 0.6885 4.0000 
1486 1487 2 0.0848 -0.8333 -5.4021 0.0785 -0.9017 -5.5859 0.0858 0.1961 0.0000 0.0000 205.0000 0.7438 4.0000 
1487 1488 2 0.0785 -0.9017 -5.5859 0.0613 -0.9721 -5.7945 0.0858 0.2209 0.0000 0.0000 205.0000 0.8062 4.0000 
1488 1489 2 0.0613 -0.9721 -5.7945 0.0511 -1.0372 -5.9862 0.0858 0.2027 0.0000 0.0000 205.0000 0.8635 4.0000 
1489 1490 2 0.0511 -1.0372 -5.9862 0.0516 -1.1000 -6.1747 0.0858 0.1987 0.0000 0.0000 205.0000 0.9196 4.0000 
1490 1491 2 0.0516 -1.1000 -6.1747 0.0502 -1.1663 -6.3624 0.0858 0.1990 0.0000 0.0000 205.0000 0.9760 4.0000 
1491 1492 2 0.0502 -1.1663 -6.3624 0.0486 -1.2404 -6.5702 0.0858 0.2206 0.0000 0.0000 205.0000 1.0385 4.0000 
1492 1493 2 0.0486 -1.2404 -6.5702 0.0375 -1.3036 -6.7544 0.0858 0.1951 0.0000 0.0000 205.0000 1.0938 4.0000 
1493 1494 2 0.0375 -1.3036 -6.7544 0.0254 -1.3608 -6.9454 0.0858 0.1998 0.0000 0.0000 205.0000 1.1505 4.0000 
1494 1495 2 0.0254 -1.3608 -6.9454 0.0138 -1.4190 -7.1390 0.0858 0.2025 0.0000 0.0000 205.0000 1.2080 4.0000 
1495 1496 2 0.0138 -1.4190 -7.1390 0.0015 -1.4777 -7.3339 0.0858 0.2039 0.0000 0.0000 205.0000 1.2659 4.0000 
1496 1497 2 0.0015 -1.4777 -7.3339 -0.0067 -1.5307 -7.5382 0.0858 0.2112 0.0000 0.0000 205.0000 1.3260 4.0000 
1497 1498 2 -0.0067 -1.5307 -7.5382 -0.0126 -1.6055 -7.7289 0.0858 0.2050 0.0000 0.0000 205.0000 1.3844 4.0000 
1498 1499 2 -0.0126 -1.6055 -7.7289 -0.0162 -1.6818 -7.9085 0.0858 0.1951 0.0000 0.0000 205.0000 1.4400 4.0000 
1499 1500 2 -0.0162 -1.6818 -7.9085 -0.0149 -1.7612 -8.0810 0.0858 0.1899 0.0000 0.0000 205.0000 1.4942 4.0000 
1500 1501 2 -0.0149 -1.7612 -8.0810 -0.0230 -1.8362 -8.2659 0.0858 0.1996 0.0000 0.0000 205.0000 1.5511 4.0000 
1501 1502 2 -0.0230 -1.8362 -8.2659 -0.0225 -1.8951 -8.4526 0.0858 0.1958 0.0000 0.0000 205.0000 1.6071 4.0000 
1502 1503 2 -0.0225 -1.8951 -8.4526 -0.0061 -1.9441 -8.6502 0.0858 0.2042 0.0000 0.0000 205.0000 1.6654 4.0000 
1503 1504 2 -0.0061 -1.9441 -8.6502 0.0092 -1.9931 -8.8453 0.0858 0.2017 0.0000 0.0000 205.0000 1.7232 4.0000 
1504 1505 2 0.0092 -1.9931 -8.8453 0.0225 -2.0306 -9.0273 0.0858 0.1863 0.0000 0.0000 205.0000 1.7765 4.0000 
1505 1506 2 0.0225 -2.0306 -9.0273 0.0408 -2.0731 -9.2098 0.0858 0.1883 0.0000 0.0000 205.0000 1.8305 4.0000 
1506 1507 2 0.0408 -2.0731 -9.2098 0.0630 -2.1244 -9.4299 0.0858 0.2271 0.0000 0.0000 205.0000 1.8956 4.0000 
1507 1508 2 0.0630 -2.1244 -9.4299 0.0814 -2.1691 -9.6253 0.0858 0.2013 0.0000 0.0000 205.0000 1.9534 4.0000 
1508 1509 2 0.0814 -2.1691 -9.6253 0.0929 -2.1906 -9.8151 0.0858 0.1914 0.0000 0.0000 205.0000 2.0083 4.0000 
1509 1510 2 0.0929 -2.1906 -9.8151 0.1027 -2.2195 -10.0108 0.0858 0.1981 0.0000 0.0000 205.0000 2.0653 4.0000 
1510 1511 2 0.1027 -2.2195 -10.0108 0.1101 -2.2443 -10.1980 0.0858 0.1890 0.0000 0.0000 205.0000 2.1197 4.0000 
1511 1512 2 0.1101 -2.2443 -10.1980 0.1194 -2.2695 -10.3907 0.0858 0.1945 0.0000 0.0000 205.0000 2.1757 4.0000 
1512 1513 2 0.1194 -2.2695 -10.3907 0.1280 -2.3087 -10.5830 0.0858 0.1964 0.0000 0.0000 205.0000 2.2323 4.0000 
1513 1514 2 0.1280 -2.3087 -10.5830 0.1336 -2.3512 -10.7800 0.0858 0.2016 0.0000 0.0000 205.0000 2.2905 4.0000 
1514 1515 2 0.1336 -2.3512 -10.7800 0.1460 -2.3882 -10.9816 0.0858 0.2054 0.0000 0.0000 205.0000 2.3497 4.0000 
1515 1516 2 0.1460 -2.3882 -10.9816 0.1554 -2.4255 -11.1856 0.0858 0.2076 0.0000 0.0000 205.0000 2.4097 4.0000 
1516 1517 2 0.1554 -2.4255 -11.1856 0.1750 -2.4618 -11.3896 0.0858 0.2082 0.0000 0.0000 205.0000 2.4699 4.0000 
1517 1518 2 0.1750 -2.4618 -11.3896 0.2005 -2.4953 -11.5796 0.0858 0.1946 0.0000 0.0000 205.0000 2.5262 4.0000 
1518 1519 2 0.2005 -2.4953 -11.5796 0.2273 -2.5306 -11.7808 0.0858 0.2061 0.0000 0.0000 205.0000 2.5859 4.0000 
1519 1520 2 0.2273 -2.5306 -11.7808 0.2559 -2.5571 -11.9871 0.0858 0.2100 0.0000 0.0000 205.0000 2.6468 4.0000 
1520 1521 2 0.2559 -2.5571 -11.9871 0.2816 -2.5815 -12.1806 0.0858 0.1967 0.0000 0.0000 205.0000 2.7039 4.0000 
1521 1522 2 0.2816 -2.5815 -12.1806 0.3101 -2.6102 -12.3933 0.0858 0.2165 0.0000 0.0000 205.0000 2.7667 4.0000 
1522 1523 2 0.3101 -2.6102 -12.3933 0.3395 -2.6442 -12.5970 0.0858 0.2085 0.0000 0.0000 205.0000 2.8274 4.0000 
1523 1524 2 0.3395 -2.6442 -12.5970 0.3598 -2.6760 -12.7901 0.0858 0.1968 0.0000 0.0000 205.0000 2.8846 4.0000 
1524 1525 2 0.3598 -2.6760 -12.7901 0.3726 -2.7002 -12.9859 0.0858 0.1977 0.0000 0.0000 205.0000 2.9422 4.0000 
1525 1526 2 0.3726 -2.7002 -12.9859 0.3856 -2.7254 -13.1914 0.0858 0.2074 0.0000 0.0000 205.0000 3.0026 4.0000 
1526 1527 2 0.3856 -2.7254 -13.1914 0.3850 -2.7442 -13.3756 0.0858 0.1851 0.0000 0.0000 205.0000 3.0566 4.0000 
1527 1528 2 0.3850 -2.7442 -13.3756 0.3859 -2.7613 -13.5733 0.0858 0.1984 0.0000 0.0000 205.0000 3.1145 4.0000 
1528 1529 2 0.3859 -2.7613 -13.5733 0.3883 -2.7617 -13.7760 0.0858 0.2027 0.0000 0.0000 205.0000 3.1737 4.0000 
1529 1530 2 0.3883 -2.7617 -13.7760 0.3960 -2.7603 -13.9634 0.0858 0.1875 0.0000 0.0000 205.0000 3.2286 4.0000 
1530 1531 2 0.3960 -2.7603 -13.9634 0.4037 -2.7612 -14.1756 0.0858 0.2124 0.0000 0.0000 205.0000 3.2907 4.0000 
1531 1532 2 0.4037 -2.7612 -14.1756 0.4077 -2.7605 -14.3854 0.0858 0.2098 0.0000 0.0000 205.0000 3.3522 4.0000 
1532 1533 2 0.4077 -2.7605 -14.3854 0.4089 -2.7705 -14.5969 0.0858 0.2118 0.0000 0.0000 205.0000 3.4142 4.0000 
1533 1534 2 0.4089 -2.7705 -14.5969 0.4178 -2.7789 -14.7972 0.0858 0.2007 0.0000 0.0000 205.0000 3.4731 4.0000 
1534 1535 2 0.4178 -2.7789 -14.7972 0.4268 -2.7850 -14.9721 0.0858 0.1752 0.0000 0.0000 205.0000 3.5246 4.0000 
1535 1536 2 0.4268 -2.7850 -14.9721 0.4332 -2.7927 -15.1574 0.0858 0.1856 0.0000 0.0000 205.0000 3.5791 4.0000 
1536 1537 2 0.4332 -2.7927 -15.1574 0.4472 -2.8040 -15.3368 0.0858 0.1802 0.0000 0.0000 205.0000 3.6321 4.0000 
1537 1538 2 0.4472 -2.8040 -15.3368 0.4565 -2.8189 -15.5367 0.0858 0.2007 0.0000 0.0000 205.0000 3.6911 4.0000 
1538 1539 2 0.4565 -2.8189 -15.5367 0.4569 -2.8233 -15.7350 0.0858 0.1984 0.0000 0.0000 205.0000 3.7496 4.0000 
1539 1540 2 0.4569 -2.8233 -15.7350 0.4447 -2.8299 -15.9457 0.0858 0.2111 0.0000 0.0000 205.0000 3.8118 4.0000 
1540 1541 2 0.4447 -2.8299 -15.9457 0.4319 -2.8343 -16.1381 0.0858 0.1929 0.0000 0.0000 205.0000 3.8687 4.0000 
1541 1542 2 0.4319 -2.8343 -16.1381 0.4211 -2.8385 -16.3218 0.0858 0.1840 0.0000 0.0000 205.0000 3.9231 4.0000 
1542 1543 2 0.4211 -2.8385 -16.3218 0.4103 -2.8453 -16.5228 0.0858 0.2015 0.0000 0.0000 205.0000 3.9826 4.0000 
1543 1544 2 0.4103 -2.8453 -16.5228 0.3952 -2.8624 -16.7213 0.0858 0.1998 0.0000 0.0000 205.0000 4.0417 4.0000 
1544 1545 2 0.3952 -2.8624 -16.7213 0.3887 -2.8720 -16.9251 0.0858 0.2042 0.0000 0.0000 205.0000 4.1021 4.0000 
1545 1546 2 0.3887 -2.8720 -16.9251 0.3781 -2.8799 -17.1365 0.0858 0.2118 0.0000 0.0000 205.0000 4.1649 4.0000 
1546 1547 2 0.3781 -2.8799 -17.1365 0.3762 -2.8863 -17.3495 0.0858 0.2131 0.0000 0.0000 205.0000 4.2281 4.0000 
1547 1548 2 0.3762 -2.8863 -17.3495 0.3775 -2.8844 -17.5553 0.0858 0.2057 0.0000 0.0000 205.0000 4.2892 4.0000 
1548 1549 2 0.3775 -2.8844 -17.5553 0.3755 -2.8840 -17.7504 0.0858 0.1952 0.0000 0.0000 205.0000 4.3471 4.0000 
1549 1550 2 0.3755 -2.8840 -17.7504 0.3756 -2.8855 -17.9451 0.0858 0.1947 0.0000 0.0000 205.0000 4.4050 4.0000 
1550 1551 2 0.3756 -2.8855 -17.9451 0.3796 -2.8973 -18.1411 0.0858 0.1964 0.0000 0.0000 205.0000 4.4635 4.0000 
1551 1552 2 0.3796 -2.8973 -18.1411 0.3846 -2.9085 -18.3387 0.0858 0.1979 0.0000 0.0000 205.0000 4.5224 4.0000 
1552 1553 2 0.3846 -2.9085 -18.3387 0.4011 -2.9132 -18.5401 0.0858 0.2021 0.0000 0.0000 205.0000 4.5827 4.0000 
1553 1554 2 0.4011 -2.9132 -18.5401 0.4165 -2.9194 -18.7416 0.0858 0.2023 0.0000 0.0000 205.0000 4.6430 4.0000 
1554 1555 2 0.4165 -2.9194 -18.7416 0.4363 -2.9237 -18.9415 0.0858 0.2009 0.0000 0.0000 205.0000 4.7030 4.0000 
1555 1556 2 0.4363 -2.9237 -18.9415 0.4611 -2.9306 -19.1227 0.0858 0.1830 0.0000 0.0000 205.0000 4.7577 4.0000 
1556 1557 2 0.4611 -2.9306 -19.1227 0.4787 -2.9464 -19.3081 0.0858 0.1869 0.0000 0.0000 205.0000 4.8136 4.0000 
1557 1558 2 0.4787 -2.9464 -19.3081 0.4962 -2.9618 -19.4933 0.0858 0.1867 0.0000 0.0000 205.0000 4.8695 4.0000 
1558 1559 2 0.4962 -2.9618 -19.4933 0.5099 -2.9788 -19.6869 0.0858 0.1949 0.0000 0.0000 205.0000 4.9278 4.0000 
1559 1560 2 0.5099 -2.9788 -19.6869 0.5233 -2.9931 -19.8962 0.0858 0.2102 0.0000 0.0000 205.0000 4.9908 4.0000 
1560 1561 2 0.5233 -2.9931 -19.8962 0.5372 -3.0070 -20.1034 0.0858 0.2081 0.0000 0.0000 205.0000 5.0533 4.0000 
1561 1562 2 0.5372 -3.0070 -20.1034 0.5486 -3.0193 -20.2999 0.0858 0.1972 0.0000 0.0000 205.0000 5.1125 4.0000 
1562 1563 2 0.5486 -3.0193 -20.2999 0.5655 -3.0276 -20.5107 0.0858 0.2116 0.0000 0.0000 205.0000 5.1762 4.0000 
1563 1564 2 0.5655 -3.0276 -20.5107 0.5742 -3.0175 -20.7277 0.0858 0.2174 0.0000 0.0000 205.0000 5.2416 4.0000 
1564 1565 2 0.5742 -3.0175 -20.7277 0.5881 -3.0100 -20.9354 0.0858 0.2083 0.0000 0.0000 205.0000 5.3043 4.0000 
1565 1566 2 0.5881 -3.0100 -20.9354 0.6034 -3.0018 -21.1358 0.0858 0.2012 0.0000 0.0000 205.0000 5.3650 4.0000 
1566 1567 2 0.6034 -3.0018 -21.1358 0.6230 -2.9978 -21.3329 0.0858 0.1981 0.0000 0.0000 205.0000 5.4247 4.0000 
1567 1568 2 0.6230 -2.9978 -21.3329 0.6389 -2.9950 -21.5317 0.0858 0.1994 0.0000 0.0000 205.0000 5.4849 4.0000 
1568 1569 2 0.6389 -2.9950 -21.5317 0.6636 -2.9892 -21.7359 0.0858 0.2058 0.0000 0.0000 205.0000 5.5471 4.0000 
1569 1570 2 0.6636 -2.9892 -21.7359 0.6818 -2.9791 -21.9364 0.0858 0.2015 0.0000 0.0000 205.0000 5.6081 4.0000 
1570 1571 2 0.6818 -2.9791 -21.9364 0.6918 -2.9604 -22.1214 0.0858 0.1863 0.0000 0.0000 205.0000 5.6645 4.0000 
1571 1572 2 0.6918 -2.9604 -22.1214 0.7025 -2.9353 -22.3252 0.0858 0.2056 0.0000 0.0000 205.0000 5.7268 4.0000 
1572 1573 2 0.7025 -2.9353 -22.3252 0.7231 -2.9065 -22.5513 0.0858 0.2289 0.0000 0.0000 205.0000 5.7962 4.0000 
1573 1574 2 0.7231 -2.9065 -22.5513 0.7349 -2.8953 -22.7454 0.0858 0.1947 0.0000 0.0000 205.0000 5.8553 4.0000 
1574 1575 2 0.7349 -2.8953 -22.7454 0.7476 -2.8834 -22.9577 0.0858 0.2130 0.0000 0.0000 205.0000 5.9200 4.0000 
1575 1576 2 0.7476 -2.8834 -22.9577 0.7526 -2.8602 -23.1659 0.0858 0.2096 0.0000 0.0000 205.0000 5.9838 4.0000 
1576 1577 2 0.7526 -2.8602 -23.1659 0.7650 -2.8374 -23.3682 0.0858 0.2039 0.0000 0.0000 205.0000 6.0458 4.0000 
1577 1578 2 0.7650 -2.8374 -23.3682 0.7787 -2.8137 -23.5822 0.0858 0.2157 0.0000 0.0000 205.0000 6.1116 4.0000 
1578 1579 2 0.7787 -2.8137 -23.5822 0.7907 -2.7919 -23.7746 0.0858 0.1940 0.0000 0.0000 205.0000 6.1707 4.0000 
1579 1580 2 0.7907 -2.7919 -23.7746 0.8012 -2.7669 -23.9747 0.0858 0.2019 0.0000 0.0000 205.0000 6.2324 4.0000 
1580 1581 2 0.8012 -2.7669 -23.9747 0.8090 -2.7465 -24.1663 0.0858 0.1929 0.0000 0.0000 205.0000 6.2913 4.0000 
1581 1582 2 0.8090 -2.7465 -24.1663 0.8172 -2.7296 -24.3659 0.0858 0.2005 0.0000 0.0000 205.0000 6.3526 4.0000 
1582 1583 2 0.8172 -2.7296 -24.3659 0.8065 -2.7194 -24.5738 0.0858 0.2084 0.0000 0.0000 205.0000 6.4163 4.0000 
1583 1584 2 0.8065 -2.7194 -24.5738 0.7973 -2.7077 -24.7654 0.0858 0.1922 0.0000 0.0000 205.0000 6.4752 4.0000 
1584 1585 2 0.7973 -2.7077 -24.7654 0.7938 -2.6886 -24.9618 0.0858 0.1974 0.0000 0.0000 205.0000 6.5357 4.0000 
1585 1586 2 0.7938 -2.6886 -24.9618 0.7879 -2.6711 -25.1609 0.0858 0.1999 0.0000 0.0000 205.0000 6.5971 4.0000 
1586 1587 2 0.7879 -2.6711 -25.1609 0.7735 -2.6614 -25.3601 0.0858 0.2000 0.0000 0.0000 205.0000 6.6585 4.0000 
1587 1588 2 0.7735 -2.6614 -25.3601 0.7713 -2.6518 -25.5616 0.0858 0.2018 0.0000 0.0000 205.0000 6.7205 4.0000 
1588 1589 2 0.7713 -2.6518 -25.5616 0.7777 -2.6471 -25.7589 0.0858 0.1975 0.0000 0.0000 205.0000 6.7812 4.0000 
1589 1590 2 0.7777 -2.6471 -25.7589 0.7802 -2.6432 -25.9592 0.0858 0.2004 0.0000 0.0000 205.0000 6.8429 4.0000 
1590 1591 2 0.7802 -2.6432 -25.9592 0.7796 -2.6487 -26.1579 0.0858 0.1987 0.0000 0.0000 205.0000 6.9041 4.0000 
1591 1592 2 0.7796 -2.6487 -26.1579 0.7742 -2.6635 -26.3569 0.0858 0.1997 0.0000 0.0000 205.0000 6.9657 4.0000 
1592 1593 2 0.7742 -2.6635 -26.3569 0.7745 -2.6906 -26.5587 0.0858 0.2036 0.0000 0.0000 205.0000 7.0286 4.0000 
1593 1594 2 0.7745 -2.6906 -26.5587 0.7747 -2.7162 -26.7488 0.0858 0.1919 0.0000 0.0000 205.0000 7.0879 4.0000 
1594 1595 2 0.7747 -2.7162 -26.7488 0.7738 -2.7444 -26.9312 0.0858 0.1846 0.0000 0.0000 205.0000 7.1449 4.0000 
1595 1596 2 0.7738 -2.7444 -26.9312 0.7731 -2.7705 -27.1222 0.0858 0.1927 0.0000 0.0000 205.0000 7.2046 4.0000 
1596 1597 2 0.7731 -2.7705 -27.1222 0.7579 -2.8075 -27.3325 0.0858 0.2141 0.0000 0.0000 205.0000 7.2709 4.0000 
1597 1598 2 0.7579 -2.8075 -27.3325 0.7417 -2.8402 -27.5244 0.0858 0.1953 0.0000 0.0000 205.0000 7.3315 4.0000 
1598 1599 2 0.7417 -2.8402 -27.5244 0.7309 -2.8645 -27.7323 0.0858 0.2097 0.0000 0.0000 205.0000 7.3965 4.0000 
1599 1600 2 0.7309 -2.8645 -27.7323 0.7231 -2.8728 -27.9178 0.0858 0.1859 0.0000 0.0000 205.0000 7.4542 4.0000 
1600 1601 2 0.7231 -2.8728 -27.9178 0.7175 -2.8781 -28.1157 0.0858 0.1980 0.0000 0.0000 205.0000 7.5158 4.0000 
1601 1602 2 0.7175 -2.8781 -28.1157 0.7166 -2.8804 -28.3022 0.0858 0.1865 0.0000 0.0000 205.0000 7.5738 4.0000 
1602 1603 2 0.7166 -2.8804 -28.3022 0.7182 -2.8794 -28.5015 0.0858 0.1993 0.0000 0.0000 205.0000 7.6359 4.0000 
1603 1604 2 0.7182 -2.8794 -28.5015 0.7191 -2.8738 -28.6950 0.0858 0.1937 0.0000 0.0000 205.0000 7.6963 4.0000 
1604 1605 2 0.7191 -2.8738 -28.6950 0.7158 -2.8688 -28.9033 0.0858 0.2083 0.0000 0.0000 205.0000 7.7613 4.0000 
1605 1606 2 0.7158 -2.8688 -28.9033 0.7104 -2.8730 -29.1039 0.0858 0.2007 0.0000 0.0000 205.0000 7.8239 4.0000 
1606 1607 2 0.7104 -2.8730 -29.1039 0.7112 -2.8712 -29.2968 0.0858 0.1929 0.0000 0.0000 205.0000 7.8842 4.0000 
1607 1608 2 0.7112 -2.8712 -29.2968 0.7122 -2.8696 -29.5001 0.0858 0.2033 0.0000 0.0000 205.0000 7.9478 4.0000 
1608 1609 2 0.7122 -2.8696 -29.5001 0.7134 -2.8725 -29.6909 0.0858 0.1908 0.0000 0.0000 205.0000 8.0075 4.0000 
1609 1610 2 0.7134 -2.8725 -29.6909 0.7150 -2.8769 -29.8937 0.0858 0.2029 0.0000 0.0000 205.0000 8.0711 4.0000 
1610 1611 2 0.7150 -2.8769 -29.8937 0.7238 -2.8866 -30.0956 0.0858 0.2022 0.0000 0.0000 205.0000 8.1346 4.0000 
1611 1612 2 0.7238 -2.8866 -30.0956 0.7202 -2.8839 -30.3055 0.0858 0.2099 0.0000 0.0000 205.0000 8.2005 4.0000 
1612 1613 2 0.7202 -2.8839 -30.3055 0.7215 -2.8868 -30.5042 0.0858 0.1988 0.0000 0.0000 205.0000 8.2629 4.0000 
1613 1614 2 0.7215 -2.8868 -30.5042 0.7015 -2.8872 -30.7044 0.0858 0.2012 0.0000 0.0000 205.0000 8.3262 4.0000 
1614 1615 2 0.7015 -2.8872 -30.7044 0.6903 -2.8945 -30.9084 0.0858 0.2045 0.0000 0.0000 205.0000 8.3906 4.0000 
1615 1616 2 0.6903 -2.8945 -30.9084 0.6772 -2.9063 -31.0898 0.0858 0.1822 0.0000 0.0000 205.0000 8.4480 4.0000 
1616 1617 2 0.6772 -2.9063 -31.0898 0.6662 -2.9210 -31.2716 0.0858 0.1827 0.0000 0.0000 205.0000 8.5056 4.0000 
1617 1618 2 0.6662 -2.9210 -31.2716 0.6526 -2.9390 -31.4921 0.0858 0.2217 0.0000 0.0000 205.0000 8.5756 4.0000 
1618 1619 2 0.6526 -2.9390 -31.4921 0.6392 -2.9536 -31.6977 0.0858 0.2065 0.0000 0.0000 205.0000 8.6408 4.0000 
1619 1620 2 0.6392 -2.9536 -31.6977 0.6299 -2.9669 -31.8933 0.0858 0.1962 0.0000 0.0000 205.0000 8.7029 4.0000 
1620 1621 2 0.6299 -2.9669 -31.8933 0.6183 -2.9824 -32.1055 0.0858 0.2131 0.0000 0.0000 205.0000 8.7703 4.0000 
1621 1622 2 0.6183 -2.9824 -32.1055 0.6071 -3.0001 -32.2869 0.0858 0.1827 0.0000 0.0000 205.0000 8.8282 4.0000 
1622 1623 2 0.6071 -3.0001 -32.2869 0.5869 -3.0138 -32.4791 0.0858 0.1938 0.0000 0.0000 205.0000 8.8896 4.0000 
1623 1624 2 0.5869 -3.0138 -32.4791 0.5680 -3.0231 -32.6655 0.0858 0.1876 0.0000 0.0000 205.0000 8.9491 4.0000 
1624 1625 2 0.5680 -3.0231 -32.6655 0.5461 -3.0241 -32.8605 0.0858 0.1961 0.0000 0.0000 205.0000 9.0114 4.0000 
1625 1626 2 0.5461 -3.0241 -32.8605 0.5244 -3.0243 -33.0477 0.0858 0.1884 0.0000 0.0000 205.0000 9.0714 4.0000 
1626 1627 2 0.5244 -3.0243 -33.0477 0.4919 -3.0166 -33.2442 0.0858 0.1994 0.0000 0.0000 205.0000 9.1348 4.0000 
1627 1628 2 0.4919 -3.0166 -33.2442 0.4535 -3.0171 -33.4516 0.0858 0.2109 0.0000 0.0000 205.0000 9.2020 4.0000 
1628 1629 2 0.4535 -3.0171 -33.4516 0.4159 -3.0169 -33.6457 0.0858 0.1977 0.0000 0.0000 205.0000 9.2650 4.0000 
1629 1630 2 0.4159 -3.0169 -33.6457 0.3803 -3.0244 -33.8292 0.0858 0.1871 0.0000 0.0000 205.0000 9.3247 4.0000 
1630 1631 2 0.3803 -3.0244 -33.8292 0.3448 -3.0259 -34.0138 0.0858 0.1880 0.0000 0.0000 205.0000 9.3847 4.0000 
1631 1632 2 0.3448 -3.0259 -34.0138 0.3082 -3.0261 -34.2011 0.0858 0.1909 0.0000 0.0000 205.0000 9.4457 4.0000 
1632 1633 2 0.3082 -3.0261 -34.2011 0.2659 -3.0279 -34.3937 0.0858 0.1971 0.0000 0.0000 205.0000 9.5088 4.0000 
1633 1634 2 0.2659 -3.0279 -34.3937 0.2261 -3.0283 -34.5891 0.0858 0.1994 0.0000 0.0000 205.0000 9.5726 4.0000 
1634 1635 2 0.2261 -3.0283 -34.5891 0.1844 -3.0195 -34.7925 0.0858 0.2079 0.0000 0.0000 205.0000 9.6392 4.0000 
1635 1636 2 0.1844 -3.0195 -34.7925 0.1430 -3.0108 -34.9910 0.0858 0.2029 0.0000 0.0000 205.0000 9.7043 4.0000 
1636 1637 2 0.1430 -3.0108 -34.9910 0.0953 -2.9986 -35.2035 0.0858 0.2182 0.0000 0.0000 205.0000 9.7744 4.0000 
1637 1638 2 0.0953 -2.9986 -35.2035 0.0549 -2.9813 -35.3924 0.0858 0.1940 0.0000 0.0000 205.0000 9.8367 4.0000 
1638 1639 2 0.0549 -2.9813 -35.3924 0.0093 -2.9660 -35.5961 0.0858 0.2093 0.0000 0.0000 205.0000 9.9040 4.0000 
1639 1640 2 0.0093 -2.9660 -35.5961 -0.0220 -2.9386 -35.7915 0.0858 0.1998 0.0000 0.0000 205.0000 9.9684 4.0000 
1640 1641 2 -0.0220 -2.9386 -35.7915 -0.0577 -2.9121 -35.9981 0.0858 0.2113 0.0000 0.0000 205.0000 10.0365 4.0000 
1641 1642 2 -0.0577 -2.9121 -35.9981 -0.0860 -2.8895 -36.1952 0.0858 0.2003 0.0000 0.0000 205.0000 10.1011 4.0000 
1642 1643 2 -0.0860 -2.8895 -36.1952 -0.1137 -2.8676 -36.3867 0.0858 0.1948 0.0000 0.0000 205.0000 10.1640 4.0000 
1643 1644 2 -0.1137 -2.8676 -36.3867 -0.1465 -2.8375 -36.5908 0.0858 0.2089 0.0000 0.0000 205.0000 10.2315 4.0000 
1644 1645 2 -0.1465 -2.8375 -36.5908 -0.1784 -2.8069 -36.7934 0.0858 0.2073 0.0000 0.0000 205.0000 10.2986 4.0000 
1645 1646 2 -0.1784 -2.8069 -36.7934 -0.2118 -2.7820 -36.9987 0.0858 0.2095 0.0000 0.0000 205.0000 10.3665 4.0000 
1646 1647 2 -0.2118 -2.7820 -36.9987 -0.2417 -2.7551 -37.2014 0.0858 0.2066 0.0000 0.0000 205.0000 10.4334 4.0000 
1647 1648 2 -0.2417 -2.7551 -37.2014 -0.2715 -2.7301 -37.3985 0.0858 0.2009 0.0000 0.0000 205.0000 10.4986 4.0000 
1648 1649 2 -0.2715 -2.7301 -37.3985 -0.3036 -2.7045 -37.6006 0.0858 0.2062 0.0000 0.0000 205.0000 10.5656 4.0000 
1649 1650 2 -0.3036 -2.7045 -37.6006 -0.3377 -2.6780 -37.7978 0.0858 0.2019 0.0000 0.0000 205.0000 10.6312 4.0000 
1650 1651 2 -0.3377 -2.6780 -37.7978 -0.3637 -2.6573 -38.0036 0.0858 0.2084 0.0000 0.0000 205.0000 10.6990 4.0000 
1651 1652 2 -0.3637 -2.6573 -38.0036 -0.3891 -2.6370 -38.2051 0.0858 0.2042 0.0000 0.0000 205.0000 10.7655 4.0000 
1652 1653 2 -0.3891 -2.6370 -38.2051 -0.4122 -2.6164 -38.3961 0.0858 0.1935 0.0000 0.0000 205.0000 10.8286 4.0000 
1653 1654 2 -0.4122 -2.6164 -38.3961 -0.4610 -2.6041 -38.6116 0.0858 0.2213 0.0000 0.0000 205.0000 10.9008 4.0000 
1654 1655 2 -0.4610 -2.6041 -38.6116 -0.5066 -2.5926 -38.8131 0.0858 0.2068 0.0000 0.0000 205.0000 10.9684 4.0000 
1655 1656 2 -0.5066 -2.5926 -38.8131 -0.5461 -2.5815 -38.9997 0.0858 0.1911 0.0000 0.0000 205.0000 11.0309 4.0000 
1656 1657 2 -0.5461 -2.5815 -38.9997 -0.5800 -2.5743 -39.1846 0.0858 0.1881 0.0000 0.0000 205.0000 11.0924 4.0000 
1657 1658 2 -0.5800 -2.5743 -39.1846 -0.6172 -2.5608 -39.3911 0.0858 0.2102 0.0000 0.0000 205.0000 11.1613 4.0000 
1658 1659 2 -0.6172 -2.5608 -39.3911 -0.6477 -2.5484 -39.5771 0.0858 0.1889 0.0000 0.0000 205.0000 11.2232 4.0000 
1659 1660 2 -0.6477 -2.5484 -39.5771 -0.6686 -2.5289 -39.7891 0.0858 0.2140 0.0000 0.0000 205.0000 11.2934 4.0000 
1660 1661 2 -0.6686 -2.5289 -39.7891 -0.6996 -2.5137 -39.9962 0.0858 0.2099 0.0000 0.0000 205.0000 11.3624 4.0000 
1661 1662 2 -0.6996 -2.5137 -39.9962 -0.7227 -2.5098 -40.2115 0.0858 0.2166 0.0000 0.0000 205.0000 11.4336 4.0000 
1662 1663 2 -0.7227 -2.5098 -40.2115 -0.7367 -2.5024 -40.4085 0.0858 0.1976 0.0000 0.0000 205.0000 11.4987 4.0000 
1663 1664 2 -0.7367 -2.5024 -40.4085 -0.7480 -2.4856 -40.6028 0.0858 0.1953 0.0000 0.0000 205.0000 11.5630 4.0000 
1664 1665 2 -0.7480 -2.4856 -40.6028 -0.7559 -2.4766 -40.7971 0.0858 0.1947 0.0000 0.0000 205.0000 11.6272 4.0000 
1665 1666 2 -0.7559 -2.4766 -40.7971 -0.7684 -2.4682 -40.9915 0.0858 0.1950 0.0000 0.0000 205.0000 11.6916 4.0000 
1666 1667 2 -0.7684 -2.4682 -40.9915 -0.7733 -2.4568 -41.1743 0.0858 0.1833 0.0000 0.0000 205.0000 11.7521 4.0000 
1667 1668 2 -0.7733 -2.4568 -41.1743 -0.7683 -2.4576 -41.3707 0.0858 0.1964 0.0000 0.0000 205.0000 11.8171 4.0000 
1668 1669 2 -0.7683 -2.4576 -41.3707 -0.7658 -2.4641 -41.5835 0.0858 0.2129 0.0000 0.0000 205.0000 11.8875 4.0000 
1669 1670 2 -0.7658 -2.4641 -41.5835 -0.7615 -2.4693 -41.7850 0.0858 0.2016 0.0000 0.0000 205.0000 11.9543 4.0000 
1670 1671 2 -0.7615 -2.4693 -41.7850 -0.7591 -2.4741 -41.9227 0.0858 0.1378 0.0000 0.0000 205.0000 12.0000 4.0000 
1474 1672 410 0.0010 -0.0027 -3.1096 -0.0256 0.1651 -3.4663 0.0300 0.3951 238.0000 23.8000 0.0000 5.7926 2.0000 
1672 1673 410 -0.0256 0.1651 -3.4663 -0.0554 0.3570 -3.8750 0.0300 0.4525 238.0000 23.8000 0.0000 6.5625 2.0000 
1673 1674 410 -0.0554 0.3570 -3.8750 -0.0730 0.6043 -4.3668 0.0300 0.5507 238.0000 23.8000 0.0000 7.7801 2.0000 
1674 1675 410 -0.0730 0.6043 -4.3668 -0.1009 0.8362 -4.8410 0.0300 0.5286 238.0000 23.8000 0.0000 9.5013 2.0000 
1675 1676 410 -0.1009 0.8362 -4.8410 -0.1236 1.0296 -5.2375 0.0300 0.4417 238.0000 23.8000 0.0000 12.0000 2.0000 
1475 1677 411 0.0194 -0.0650 -3.3001 0.2179 0.1125 -3.7236 0.0300 0.5003 238.0000 23.8000 0.0000 5.9898 2.0000 
1677 1678 411 0.2179 0.1125 -3.7236 0.4309 0.3005 -4.1768 0.0300 0.5349 238.0000 23.8000 0.0000 6.9204 2.0000 
1678 1679 411 0.4309 0.3005 -4.1768 0.6182 0.4897 -4.5508 0.0300 0.4591 238.0000 23.8000 0.0000 7.9611 2.0000 
1679 1680 411 0.6182 0.4897 -4.5508 0.8051 0.6950 -4.9642 0.0300 0.4979 238.0000 23.8000 0.0000 9.5642 2.0000 
1680 1681 411 0.8051 0.6950 -4.9642 0.9731 0.8819 -5.3302 0.0300 0.4440 238.0000 23.8000 0.0000 12.0000 2.0000 
1476 1682 412 0.0421 -0.1298 -3.4966 0.3645 -0.1417 -3.8943 0.0300 0.5121 238.0000 23.8000 0.0000 5.9053 2.0000 
1682 1683 412 0.3645 -0.1417 -3.8943 0.6664 -0.1750 -4.2379 0.0300 0.4587 238.0000 23.8000 0.0000 6.5065 2.0000 
1683 1684 412 0.6664 -0.1750 -4.2379 0.9945 -0.2129 -4.6160 0.0300 0.5020 238.0000 23.8000 0.0000 7.3441 2.0000 
1684 1685 412 0.9945 -0.2129 -4.6160 1.3841 -0.2141 -5.0351 0.0300 0.5723 238.0000 23.8000 0.0000 8.7252 2.0000 
1685 1686 412 1.3841 -0.2141 -5.0351 1.6688 -0.2084 -5.3860 0.0300 0.4519 238.0000 23.8000 0.0000 10.6005 2.0000 
1686 1687 412 1.6688 -0.2084 -5.3860 1.7923 -0.2015 -5.5335 0.0300 0.1926 238.0000 23.8000 0.0000 12.0000 2.0000 
1477 1688 413 0.0625 -0.1929 -3.6909 0.4162 -0.4566 -3.9839 0.0300 0.5296 238.0000 23.8000 0.0000 6.2849 2.0000 
1688 1689 413 0.4162 -0.4566 -3.9839 0.7391 -0.6947 -4.2428 0.0300 0.4774 238.0000 23.8000 0.0000 7.2616 2.0000 
1689 1690 413 0.7391 -0.6947 -4.2428 1.0422 -0.9131 -4.4881 0.0300 0.4469 238.0000 23.8000 0.0000 8.4414 2.0000 
1690 1691 413 1.0422 -0.9131 -4.4881 1.3732 -1.1548 -4.7357 0.0300 0.4788 238.0000 23.8000 0.0000 10.2327 2.0000 
1691 1692 413 1.3732 -1.1548 -4.7357 1.5787 -1.3197 -4.8982 0.0300 0.3096 238.0000 23.8000 0.0000 12.0000 2.0000 
1478 1693 414 0.0671 -0.2517 -3.8814 0.1964 -0.0481 -4.3234 0.0300 0.5035 238.0000 23.8000 0.0000 6.2067 2.0000 
1693 1694 414 0.1964 -0.0481 -4.3234 0.3227 0.1374 -4.7466 0.0300 0.4791 238.0000 23.8000 0.0000 7.0855 2.0000 
1694 1695 414 0.3227 0.1374 -4.7466 0.4383 0.2748 -5.1117 0.0300 0.4069 238.0000 23.8000 0.0000 8.0613 2.0000 
1695 1696 414 0.4383 0.2748 -5.1117 0.5612 0.4050 -5.4565 0.0300 0.3885 238.0000 23.8000 0.0000 9.3518 2.0000 
1696 1697 414 0.5612 0.4050 -5.4565 0.6706 0.5395 -5.8000 0.0300 0.3847 238.0000 23.8000 0.0000 11.4090 2.0000 
1697 1698 414 0.6706 0.5395 -5.8000 0.6914 0.5674 -5.8657 0.0300 0.0743 238.0000 23.8000 0.0000 12.0000 2.0000 
1479 1699 415 0.0764 -0.3211 -4.0690 -0.2053 -0.3716 -4.3929 0.0300 0.4322 238.0000 23.8000 0.0000 6.0564 2.0000 
1699 1700 415 -0.2053 -0.3716 -4.3929 -0.5639 -0.4232 -4.8293 0.0300 0.5671 238.0000 23.8000 0.0000 6.8889 2.0000 
1700 1701 415 -0.5639 -0.4232 -4.8293 -0.8782 -0.4369 -5.2232 0.0300 0.5042 238.0000 23.8000 0.0000 7.8506 2.0000 
1701 1702 415 -0.8782 -0.4369 -5.2232 -1.1903 -0.4573 -5.6136 0.0300 0.5002 238.0000 23.8000 0.0000 9.1815 2.0000 
1702 1703 415 -1.1903 -0.4573 -5.6136 -1.5450 -0.4774 -6.0213 0.0300 0.5408 238.0000 23.8000 0.0000 11.6552 2.0000 
1703 1704 415 -1.5450 -0.4774 -6.0213 -1.5771 -0.4794 -6.0580 0.0300 0.0488 238.0000 23.8000 0.0000 12.0000 2.0000 
1480 1705 416 0.0818 -0.3988 -4.2695 0.3583 -0.7258 -4.5401 0.0300 0.5065 238.0000 23.8000 0.0000 6.2240 2.0000 
1705 1706 416 0.3583 -0.7258 -4.5401 0.6237 -1.0573 -4.8372 0.0300 0.5183 238.0000 23.8000 0.0000 7.0067 2.0000 
1706 1707 416 0.6237 -1.0573 -4.8372 0.8805 -1.3437 -5.1285 0.0300 0.4825 238.0000 23.8000 0.0000 7.9419 2.0000 
1707 1708 416 0.8805 -1.3437 -5.1285 1.1409 -1.6427 -5.4049 0.0300 0.4833 238.0000 23.8000 0.0000 9.2346 2.0000 
1708 1709 416 1.1409 -1.6427 -5.4049 1.4666 -1.9416 -5.7007 0.0300 0.5319 238.0000 23.8000 0.0000 11.6378 2.0000 
1709 1710 416 1.4666 -1.9416 -5.7007 1.4977 -1.9711 -5.7310 0.0300 0.0525 238.0000 23.8000 0.0000 12.0000 2.0000 
1481 1711 417 0.0848 -0.4723 -4.4553 0.1663 -0.2858 -5.0175 0.0300 0.5979 238.0000 23.8000 0.0000 6.4619 2.0000 
1711 1712 417 0.1663 -0.2858 -5.0175 0.2188 -0.1793 -5.3793 0.0300 0.3808 238.0000 23.8000 0.0000 7.0862 2.0000 
1712 1713 417 0.2188 -0.1793 -5.3793 0.2899 -0.0300 -5.8591 0.0300 0.5075 238.0000 23.8000 0.0000 8.1378 2.0000 
1713 1714 417 0.2899 -0.0300 -5.8591 0.3724 0.1465 -6.3520 0.0300 0.5300 238.0000 23.8000 0.0000 9.7238 2.0000 
1714 1715 417 0.3724 0.1465 -6.3520 0.4464 0.2925 -6.7658 0.0300 0.4450 238.0000 23.8000 0.0000 12.0000 2.0000 
1482 1716 418 0.0889 -0.5374 -4.6401 0.3679 -0.7705 -4.8956 0.0300 0.4444 238.0000 23.8000 0.0000 6.2796 2.0000 
1716 1717 418 0.3679 -0.7705 -4.8956 0.6545 -1.0577 -5.1561 0.0300 0.4822 238.0000 23.8000 0.0000 7.0070 2.0000 
1717 1718 418 0.6545 -1.0577 -5.1561 0.9302 -1.3689 -5.3815 0.0300 0.4729 238.0000 23.8000 0.0000 7.9030 2.0000 
1718 1719 418 0.9302 -1.3689 -5.3815 1.2289 -1.6682 -5.6332 0.0300 0.4921 238.0000 23.8000 0.0000 9.1636 2.0000 
1719 1720 418 1.2289 -1.6682 -5.6332 1.6623 -1.9982 -5.9149 0.0300 0.6133 238.0000 23.8000 0.0000 11.8577 2.0000 
1720 1721 418 1.6623 -1.9982 -5.9149 1.6773 -2.0094 -5.9249 0.0300 0.0212 238.0000 23.8000 0.0000 12.0000 2.0000 
1483 1722 419 0.0908 -0.6093 -4.8342 0.1645 -0.4157 -5.2611 0.0300 0.4745 238.0000 23.8000 0.0000 6.3888 2.0000 
1722 1723 419 0.1645 -0.4157 -5.2611 0.2103 -0.1644 -5.7258 0.0300 0.5302 238.0000 23.8000 0.0000 7.2237 2.0000 
1723 1724 419 0.2103 -0.1644 -5.7258 0.2887 0.0084 -6.2225 0.0300 0.5317 238.0000 23.8000 0.0000 8.3345 2.0000 
1724 1725 419 0.2887 0.0084 -6.2225 0.3613 0.1579 -6.6397 0.0300 0.4491 238.0000 23.8000 0.0000 9.6749 2.0000 
1725 1726 419 0.3613 0.1579 -6.6397 0.4091 0.3302 -7.0652 0.0300 0.4616 238.0000 23.8000 0.0000 12.0000 2.0000 
1484 1727 420 0.0966 -0.6898 -5.0389 -0.2056 -0.6976 -5.4176 0.0300 0.4845 238.0000 23.8000 0.0000 6.4366 2.0000 
1727 1728 420 -0.2056 -0.6976 -5.4176 -0.5159 -0.7046 -5.7994 0.0300 0.4921 238.0000 23.8000 0.0000 7.1647 2.0000 
1728 1729 420 -0.5159 -0.7046 -5.7994 -0.8276 -0.7593 -6.2181 0.0300 0.5249 238.0000 23.8000 0.0000 8.1758 2.0000 
1729 1730 420 -0.8276 -0.7593 -6.2181 -1.1419 -0.8062 -6.6286 0.0300 0.5191 238.0000 23.8000 0.0000 9.6268 2.0000 
1730 1731 420 -1.1419 -0.8062 -6.6286 -1.4435 -0.8465 -6.9648 0.0300 0.4535 238.0000 23.8000 0.0000 11.8144 2.0000 
1731 1732 420 -1.4435 -0.8465 -6.9648 -1.4611 -0.8490 -6.9842 0.0300 0.0263 238.0000 23.8000 0.0000 12.0000 2.0000 
1485 1733 421 0.0967 -0.7635 -5.2133 0.0914 -1.2655 -5.4443 0.0300 0.5526 238.0000 23.8000 0.0000 6.5559 2.0000 
1733 1734 421 0.0914 -1.2655 -5.4443 0.0872 -1.6547 -5.6282 0.0300 0.4305 238.0000 23.8000 0.0000 7.1789 2.0000 
1734 1735 421 0.0872 -1.6547 -5.6282 0.1091 -2.0815 -5.8394 0.0300 0.4767 238.0000 23.8000 0.0000 8.0611 2.0000 
1735 1736 421 0.1091 -2.0815 -5.8394 0.1524 -2.4899 -6.0238 0.0300 0.4502 238.0000 23.8000 0.0000 9.2249 2.0000 
1736 1737 421 0.1524 -2.4899 -6.0238 0.1620 -2.9678 -6.2294 0.0300 0.5203 238.0000 23.8000 0.0000 11.5800 2.0000 
1737 1738 421 0.1620 -2.9678 -6.2294 0.1624 -3.0192 -6.2548 0.0300 0.0574 238.0000 23.8000 0.0000 12.0000 2.0000 
1486 1739 422 0.0848 -0.8333 -5.4021 -0.2069 -1.1789 -5.6575 0.0300 0.5194 238.0000 23.8000 0.0000 6.7260 2.0000 
1739 1740 422 -0.2069 -1.1789 -5.6575 -0.4979 -1.4733 -5.9234 0.0300 0.4920 238.0000 23.8000 0.0000 7.6067 2.0000 
1740 1741 422 -0.4979 -1.4733 -5.9234 -0.7707 -1.7920 -6.1972 0.0300 0.5009 238.0000 23.8000 0.0000 8.7630 2.0000 
1741 1742 422 -0.7707 -1.7920 -6.1972 -0.9746 -2.0999 -6.4531 0.0300 0.4493 238.0000 23.8000 0.0000 10.1956 2.0000 
1742 1743 422 -0.9746 -2.0999 -6.4531 -1.0993 -2.3809 -6.6733 0.0300 0.3781 238.0000 23.8000 0.0000 12.0000 2.0000 
1487 1744 423 0.0785 -0.9017 -5.5859 0.0419 -0.7322 -5.9832 0.0300 0.4335 238.0000 23.8000 0.0000 6.5994 2.0000 
1744 1745 423 0.0419 -0.7322 -5.9832 0.0264 -0.5687 -6.3941 0.0300 0.4425 238.0000 23.8000 0.0000 7.3046 2.0000 
1745 1746 423 0.0264 -0.5687 -6.3941 0.0055 -0.3659 -6.9154 0.0300 0.5598 238.0000 23.8000 0.0000 8.4835 2.0000 
1746 1747 423 0.0055 -0.3659 -6.9154 -0.0047 -0.1776 -7.3437 0.0300 0.4680 238.0000 23.8000 0.0000 9.9427 2.0000 
1747 1748 423 -0.0047 -0.1776 -7.3437 -0.0385 -0.0381 -7.7094 0.0300 0.3928 238.0000 23.8000 0.0000 12.0000 2.0000 
1488 1749 424 0.0613 -0.9721 -5.7945 0.1532 -1.3674 -6.0240 0.0300 0.4662 238.0000 23.8000 0.0000 6.7333 2.0000 
1749 1750 424 0.1532 -1.3674 -6.0240 0.2674 -1.8327 -6.2259 0.0300 0.5200 238.0000 23.8000 0.0000 7.5991 2.0000 
1750 1751 424 0.2674 -1.8327 -6.2259 0.3607 -2.2705 -6.4242 0.0300 0.4895 238.0000 23.8000 0.0000 8.6457 2.0000 
1751 1752 424 0.3607 -2.2705 -6.4242 0.4482 -2.6780 -6.6310 0.0300 0.4653 238.0000 23.8000 0.0000 10.0077 2.0000 
1752 1753 424 0.4482 -2.6780 -6.6310 0.5349 -3.0567 -6.8393 0.0300 0.4408 238.0000 23.8000 0.0000 12.0000 2.0000 
1489 1754 425 0.0511 -1.0372 -5.9862 0.3614 -1.0036 -6.3690 0.0300 0.4938 238.0000 23.8000 0.0000 6.6735 2.0000 
1754 1755 425 0.3614 -1.0036 -6.3690 0.6464 -1.0030 -6.7348 0.0300 0.4637 238.0000 23.8000 0.0000 7.2636 2.0000 
1755 1756 425 0.6464 -1.0030 -6.7348 0.9443 -1.0021 -7.1161 0.0300 0.4839 238.0000 23.8000 0.0000 8.0493 2.0000 
1756 1757 425 0.9443 -1.0021 -7.1161 1.1868 -1.0077 -7.4723 0.0300 0.4309 238.0000 23.8000 0.0000 9.0018 2.0000 
1757 1758 425 1.1868 -1.0077 -7.4723 1.4736 -0.9742 -7.9429 0.0300 0.5521 238.0000 23.8000 0.0000 11.0500 2.0000 
1758 1759 425 1.4736 -0.9742 -7.9429 1.5502 -0.9677 -8.0687 0.0300 0.1475 238.0000 23.8000 0.0000 12.0000 2.0000 
1490 1760 426 0.0516 -1.1000 -6.1747 -0.2183 -1.4599 -6.4659 0.0300 0.5359 238.0000 23.8000 0.0000 6.8264 2.0000 
1760 1761 426 -0.2183 -1.4599 -6.4659 -0.4835 -1.8598 -6.7249 0.0300 0.5453 238.0000 23.8000 0.0000 7.6011 2.0000 
1761 1762 426 -0.4835 -1.8598 -6.7249 -0.7030 -2.1929 -6.9434 0.0300 0.4548 238.0000 23.8000 0.0000 8.4412 2.0000 
1762 1763 426 -0.7030 -2.1929 -6.9434 -0.9353 -2.5518 -7.1903 0.0300 0.4937 238.0000 23.8000 0.0000 9.7246 2.0000 
1763 1764 426 -0.9353 -2.5518 -7.1903 -1.1370 -2.8628 -7.4064 0.0300 0.4291 238.0000 23.8000 0.0000 11.5658 2.0000 
1764 1765 426 -1.1370 -2.8628 -7.4064 -1.1698 -2.9130 -7.4404 0.0300 0.0689 238.0000 23.8000 0.0000 12.0000 2.0000 
1491 1766 427 0.0502 -1.1663 -6.3624 0.3400 -1.2970 -6.6395 0.0300 0.4218 238.0000 23.8000 0.0000 6.8376 2.0000 
1766 1767 427 0.3400 -1.2970 -6.6395 0.7542 -1.4847 -7.0369 0.0300 0.6039 238.0000 23.8000 0.0000 7.8252 2.0000 
1767 1768 427 0.7542 -1.4847 -7.0369 1.0966 -1.6321 -7.3215 0.0300 0.4690 238.0000 23.8000 0.0000 8.8342 2.0000 
1768 1769 427 1.0966 -1.6321 -7.3215 1.4239 -1.7652 -7.6410 0.0300 0.4764 238.0000 23.8000 0.0000 10.2624 2.0000 
1769 1770 427 1.4239 -1.7652 -7.6410 1.6791 -1.9034 -7.8805 0.0300 0.3762 238.0000 23.8000 0.0000 12.0000 2.0000 
1492 1771 428 0.0486 -1.2404 -6.5702 -0.1932 -1.1464 -6.9831 0.0300 0.4877 238.0000 23.8000 0.0000 6.9285 2.0000 
1771 1772 428 -0.1932 -1.1464 -6.9831 -0.4063 -1.0395 -7.3953 0.0300 0.4761 238.0000 23.8000 0.0000 7.6162 2.0000 
1772 1773 428 -0.4063 -1.0395 -7.3953 -0.6303 -0.9228 -7.8110 0.0300 0.4864 238.0000 23.8000 0.0000 8.5058 2.0000 
1773 1774 428 -0.6303 -0.9228 -7.8110 -0.8828 -0.7901 -8.2754 0.0300 0.5450 238.0000 23.8000 0.0000 9.9063 2.0000 
1774 1775 428 -0.8828 -0.7901 -8.2754 -1.1221 -0.6619 -8.6786 0.0300 0.4861 238.0000 23.8000 0.0000 12.0000 2.0000 
1493 1776 429 0.0375 -1.3036 -6.7544 0.2447 -1.1715 -7.2057 0.0300 0.5139 238.0000 23.8000 0.0000 7.2357 2.0000 
1776 1777 429 0.2447 -1.1715 -7.2057 0.4086 -1.0535 -7.5971 0.0300 0.4404 238.0000 23.8000 0.0000 8.0993 2.0000 
1777 1778 429 0.4086 -1.0535 -7.5971 0.5561 -0.9097 -8.0413 0.0300 0.4897 238.0000 23.8000 0.0000 9.3164 2.0000 
1778 1779 429 0.5561 -0.9097 -8.0413 0.6961 -0.7459 -8.5026 0.0300 0.5091 238.0000 23.8000 0.0000 11.0940 2.0000 
1779 1780 429 0.6961 -0.7459 -8.5026 0.7490 -0.6841 -8.6739 0.0300 0.1897 238.0000 23.8000 0.0000 12.0000 2.0000 
1494 1781 430 0.0254 -1.3608 -6.9454 0.1478 -1.7497 -7.1975 0.0300 0.4793 238.0000 23.8000 0.0000 7.1183 2.0000 
1781 1782 430 0.1478 -1.7497 -7.1975 0.2767 -2.1184 -7.3964 0.0300 0.4384 238.0000 23.8000 0.0000 7.8443 2.0000 
1782 1783 430 0.2767 -2.1184 -7.3964 0.4200 -2.5233 -7.6095 0.0300 0.4794 238.0000 23.8000 0.0000 8.8637 2.0000 
1783 1784 430 0.4200 -2.5233 -7.6095 0.5160 -2.9500 -7.8362 0.0300 0.4927 238.0000 23.8000 0.0000 10.3638 2.0000 
1784 1785 430 0.5160 -2.9500 -7.8362 0.5827 -3.2460 -7.9952 0.0300 0.3425 238.0000 23.8000 0.0000 12.0000 2.0000 
1495 1786 431 0.0138 -1.4190 -7.1390 -0.2364 -1.6876 -7.3690 0.0300 0.4332 238.0000 23.8000 0.0000 7.2921 2.0000 
1786 1787 431 -0.2364 -1.6876 -7.3690 -0.4687 -1.9280 -7.5650 0.0300 0.3875 238.0000 23.8000 0.0000 8.1023 2.0000 
1787 1788 431 -0.4687 -1.9280 -7.5650 -0.7346 -2.2115 -7.8165 0.0300 0.4630 238.0000 23.8000 0.0000 9.3063 2.0000 
1788 1789 431 -0.7346 -2.2115 -7.8165 -1.0415 -2.5391 -8.1075 0.0300 0.5350 238.0000 23.8000 0.0000 11.2612 2.0000 
1789 1790 431 -1.0415 -2.5391 -8.1075 -1.1228 -2.6331 -8.1911 0.0300 0.1497 238.0000 23.8000 0.0000 12.0000 2.0000 
1496 1791 432 0.0015 -1.4777 -7.3339 0.0136 -1.8908 -7.5661 0.0300 0.4740 238.0000 23.8000 0.0000 7.3368 2.0000 
1791 1792 432 0.0136 -1.8908 -7.5661 0.0321 -2.2950 -7.7998 0.0300 0.4672 238.0000 23.8000 0.0000 8.2344 2.0000 
1792 1793 432 0.0321 -2.2950 -7.7998 0.0103 -2.6535 -8.0059 0.0300 0.4141 238.0000 23.8000 0.0000 9.2383 2.0000 
1793 1794 432 0.0103 -2.6535 -8.0059 -0.0138 -3.0854 -8.2654 0.0300 0.5045 238.0000 23.8000 0.0000 10.9330 2.0000 
1794 1795 432 -0.0138 -3.0854 -8.2654 -0.0247 -3.2858 -8.3680 0.0300 0.2254 238.0000 23.8000 0.0000 12.0000 2.0000 
1497 1796 433 -0.0067 -1.5307 -7.5382 0.1924 -1.8500 -7.8677 0.0300 0.5001 238.0000 23.8000 0.0000 7.4159 2.0000 
1796 1797 433 0.1924 -1.8500 -7.8677 0.3921 -2.1900 -8.2134 0.0300 0.5244 238.0000 23.8000 0.0000 8.4031 2.0000 
1797 1798 433 0.3921 -2.1900 -8.2134 0.6186 -2.4968 -8.4957 0.0300 0.4745 238.0000 23.8000 0.0000 9.5674 2.0000 
1798 1799 433 0.6186 -2.4968 -8.4957 0.8690 -2.8332 -8.8028 0.0300 0.5198 238.0000 23.8000 0.0000 11.4070 2.0000 
1799 1800 433 0.8690 -2.8332 -8.8028 0.9215 -2.9148 -8.8785 0.0300 0.1231 238.0000 23.8000 0.0000 12.0000 2.0000 
1498 1801 434 -0.0126 -1.6055 -7.7289 0.1247 -1.4735 -8.0735 0.0300 0.3937 238.0000 23.8000 0.0000 7.3078 2.0000 
1801 1802 434 0.1247 -1.4735 -8.0735 0.3173 -1.2660 -8.5389 0.0300 0.5448 238.0000 23.8000 0.0000 8.2959 2.0000 
1802 1803 434 0.3173 -1.2660 -8.5389 0.4835 -1.0981 -8.9076 0.0300 0.4379 238.0000 23.8000 0.0000 9.3145 2.0000 
1803 1804 434 0.4835 -1.0981 -8.9076 0.7183 -0.8808 -9.3699 0.0300 0.5622 238.0000 23.8000 0.0000 11.1708 2.0000 
1804 1805 434 0.7183 -0.8808 -9.3699 0.7795 -0.8052 -9.5199 0.0300 0.1788 238.0000 23.8000 0.0000 12.0000 2.0000 
1499 1806 435 -0.0162 -1.6818 -7.9085 -0.2805 -1.8562 -8.1227 0.0300 0.3823 238.0000 23.8000 0.0000 7.4052 2.0000 
1806 1807 435 -0.2805 -1.8562 -8.1227 -0.5259 -2.0310 -8.3582 0.0300 0.3824 238.0000 23.8000 0.0000 8.1443 2.0000 
1807 1808 435 -0.5259 -2.0310 -8.3582 -0.8656 -2.2507 -8.6356 0.0300 0.4905 238.0000 23.8000 0.0000 9.3431 2.0000 
1808 1809 435 -0.8656 -2.2507 -8.6356 -1.1544 -2.4329 -8.8713 0.0300 0.4149 238.0000 23.8000 0.0000 10.7330 2.0000 
1809 1810 435 -1.1544 -2.4329 -8.8713 -1.3391 -2.5672 -9.0211 0.0300 0.2731 238.0000 23.8000 0.0000 12.0000 2.0000 
1500 1811 436 -0.0149 -1.7612 -8.0810 0.0156 -2.2378 -8.3105 0.0300 0.5298 238.0000 23.8000 0.0000 7.5537 2.0000 
1811 1812 436 0.0156 -2.2378 -8.3105 0.0396 -2.6345 -8.4970 0.0300 0.4390 238.0000 23.8000 0.0000 8.2683 2.0000 
1812 1813 436 0.0396 -2.6345 -8.4970 0.0563 -3.0962 -8.6934 0.0300 0.5020 238.0000 23.8000 0.0000 9.2921 2.0000 
1813 1814 436 0.0563 -3.0962 -8.6934 0.0562 -3.6348 -8.9173 0.0300 0.5833 238.0000 23.8000 0.0000 10.9778 2.0000 
1814 1815 436 0.0562 -3.6348 -8.9173 0.0559 -3.8605 -9.0180 0.0300 0.2472 238.0000 23.8000 0.0000 12.0000 2.0000 
1501 1816 437 -0.0230 -1.8362 -8.2659 -0.3515 -1.8628 -8.5805 0.0300 0.4557 238.0000 23.8000 0.0000 7.5192 2.0000 
1816 1817 437 -0.3515 -1.8628 -8.5805 -0.7505 -1.9005 -8.9683 0.0300 0.5577 238.0000 23.8000 0.0000 8.4577 2.0000 
1817 1818 437 -0.7505 -1.9005 -8.9683 -1.0739 -1.9322 -9.2992 0.0300 0.4637 238.0000 23.8000 0.0000 9.4795 2.0000 
1818 1819 437 -1.0739 -1.9322 -9.2992 -1.4290 -1.9872 -9.6537 0.0300 0.5048 238.0000 23.8000 0.0000 11.0652 2.0000 
1819 1820 437 -1.4290 -1.9872 -9.6537 -1.5737 -2.0110 -9.8028 0.0300 0.2092 238.0000 23.8000 0.0000 12.0000 2.0000 
1502 1821 438 -0.0225 -1.8951 -8.4526 -0.0820 -2.3117 -8.6578 0.0300 0.4682 238.0000 23.8000 0.0000 7.6989 2.0000 
1821 1822 438 -0.0820 -2.3117 -8.6578 -0.1553 -2.8252 -8.9104 0.0300 0.5769 238.0000 23.8000 0.0000 8.8153 2.0000 
1822 1823 438 -0.1553 -2.8252 -8.9104 -0.2368 -3.2789 -9.1671 0.0300 0.5276 238.0000 23.8000 0.0000 10.1537 2.0000 
1823 1824 438 -0.2368 -3.2789 -9.1671 -0.2655 -3.7343 -9.4021 0.0300 0.5133 238.0000 23.8000 0.0000 12.0000 2.0000 
1503 1825 439 -0.0061 -1.9441 -8.6502 0.3419 -1.9916 -8.9402 0.0300 0.4555 238.0000 23.8000 0.0000 7.5991 2.0000 
1825 1826 439 0.3419 -1.9916 -8.9402 0.6436 -2.0402 -9.2032 0.0300 0.4032 238.0000 23.8000 0.0000 8.2119 2.0000 
1826 1827 439 0.6436 -2.0402 -9.2032 1.0069 -2.0993 -9.5160 0.0300 0.4830 238.0000 23.8000 0.0000 9.1425 2.0000 
1827 1828 439 1.0069 -2.0993 -9.5160 1.3958 -2.1454 -9.8585 0.0300 0.5202 238.0000 23.8000 0.0000 10.5824 2.0000 
1828 1829 439 1.3958 -2.1454 -9.8585 1.6421 -2.1759 -10.0744 0.0300 0.3290 238.0000 23.8000 0.0000 12.0000 2.0000 
1504 1830 440 0.0092 -1.9931 -8.8453 0.3557 -2.1479 -9.1517 0.0300 0.4878 238.0000 23.8000 0.0000 7.7493 2.0000 
1830 1831 440 0.3557 -2.1479 -9.1517 0.7098 -2.3106 -9.5012 0.0300 0.5235 238.0000 23.8000 0.0000 8.6318 2.0000 
1831 1832 440 0.7098 -2.3106 -9.5012 1.0434 -2.4776 -9.7928 0.0300 0.4735 238.0000 23.8000 0.0000 9.6739 2.0000 
1832 1833 440 1.0434 -2.4776 -9.7928 1.2972 -2.6610 -10.0445 0.0300 0.4018 238.0000 23.8000 0.0000 10.8813 2.0000 
1833 1834 440 1.2972 -2.6610 -10.0445 1.4664 -2.7804 -10.2166 0.0300 0.2692 238.0000 23.8000 0.0000 12.0000 2.0000 
1505 1835 441 0.0225 -2.0306 -9.0273 0.3061 -1.9394 -9.3243 0.0300 0.4207 238.0000 23.8000 0.0000 7.7532 2.0000 
1835 1836 441 0.3061 -1.9394 -9.3243 0.6193 -1.8356 -9.6532 0.0300 0.4659 238.0000 23.8000 0.0000 8.5683 2.0000 
1836 1837 441 0.6193 -1.8356 -9.6532 1.0664 -1.6718 -10.0584 0.0300 0.6252 238.0000 23.8000 0.0000 10.0413 2.0000 
1837 1838 441 1.0664 -1.6718 -10.0584 1.3842 -1.5433 -10.3769 0.0300 0.4679 238.0000 23.8000 0.0000 11.7066 2.0000 
1838 1839 441 1.3842 -1.5433 -10.3769 1.4270 -1.5257 -10.4198 0.0300 0.0632 238.0000 23.8000 0.0000 12.0000 2.0000 
1506 1840 442 0.0408 -2.0731 -9.2098 0.3257 -2.3078 -9.4547 0.0300 0.4430 238.0000 23.8000 0.0000 7.6979 2.0000 
1840 1841 442 0.3257 -2.3078 -9.4547 0.6490 -2.5735 -9.7188 0.0300 0.4949 238.0000 23.8000 0.0000 8.3701 2.0000 
1841 1842 442 0.6490 -2.5735 -9.7188 0.9973 -2.7888 -10.0362 0.0300 0.5181 238.0000 23.8000 0.0000 9.2827 2.0000 
1842 1843 442 0.9973 -2.7888 -10.0362 1.3220 -2.9721 -10.3403 0.0300 0.4811 238.0000 23.8000 0.0000 10.4799 2.0000 
1843 1844 442 1.3220 -2.9721 -10.3403 1.6033 -3.1107 -10.5747 0.0300 0.3916 238.0000 23.8000 0.0000 12.0000 2.0000 
1507 1845 443 0.0630 -2.1244 -9.4299 0.4100 -1.9375 -9.8371 0.0300 0.5667 238.0000 23.8000 0.0000 8.1508 2.0000 
1845 1846 443 0.4100 -1.9375 -9.8371 0.7103 -1.7651 -10.1875 0.0300 0.4926 238.0000 23.8000 0.0000 9.0995 2.0000 
1846 1847 443 0.7103 -1.7651 -10.1875 1.0865 -1.5646 -10.5789 0.0300 0.5787 238.0000 23.8000 0.0000 10.5810 2.0000 
1847 1848 443 1.0865 -1.5646 -10.5789 1.3632 -1.4545 -10.8354 0.0300 0.3930 238.0000 23.8000 0.0000 12.0000 2.0000 
1508 1849 444 0.0814 -2.1691 -9.6253 0.4332 -2.1953 -9.9095 0.0300 0.4531 238.0000 23.8000 0.0000 7.9559 2.0000 
1849 1850 444 0.4332 -2.1953 -9.9095 0.8054 -2.2404 -10.1110 0.0300 0.4256 238.0000 23.8000 0.0000 8.6741 2.0000 
1850 1851 444 0.8054 -2.2404 -10.1110 1.2364 -2.2602 -10.3541 0.0300 0.4953 238.0000 23.8000 0.0000 9.7785 2.0000 
1851 1852 444 1.2364 -2.2602 -10.3541 1.5564 -2.2720 -10.5361 0.0300 0.3683 238.0000 23.8000 0.0000 10.9440 2.0000 
1852 1853 444 1.5564 -2.2720 -10.5361 1.7616 -2.2791 -10.6536 0.0300 0.2366 238.0000 23.8000 0.0000 12.0000 2.0000 
1509 1854 445 0.0929 -2.1906 -9.8151 -0.1848 -2.1010 -10.1880 0.0300 0.4735 238.0000 23.8000 0.0000 8.0709 2.0000 
1854 1855 445 -0.1848 -2.1010 -10.1880 -0.4249 -2.0495 -10.5601 0.0300 0.4458 238.0000 23.8000 0.0000 8.8317 2.0000 
1855 1856 445 -0.4249 -2.0495 -10.5601 -0.6905 -1.9919 -10.9709 0.0300 0.4925 238.0000 23.8000 0.0000 9.8797 2.0000 
1856 1857 445 -0.6905 -1.9919 -10.9709 -1.0077 -1.8896 -11.4716 0.0300 0.6015 238.0000 23.8000 0.0000 11.6867 2.0000 
1857 1858 445 -1.0077 -1.8896 -11.4716 -1.0499 -1.8764 -11.5380 0.0300 0.0798 238.0000 23.8000 0.0000 12.0000 2.0000 
1510 1859 446 0.1027 -2.2195 -10.0108 0.1589 -1.9534 -10.4104 0.0300 0.4834 238.0000 23.8000 0.0000 8.0309 2.0000 
1859 1860 446 0.1589 -1.9534 -10.4104 0.2118 -1.6716 -10.8479 0.0300 0.5230 238.0000 23.8000 0.0000 8.8017 2.0000 
1860 1861 446 0.2118 -1.6716 -10.8479 0.2664 -1.4273 -11.2254 0.0300 0.4529 238.0000 23.8000 0.0000 9.6663 2.0000 
1861 1862 446 0.2664 -1.4273 -11.2254 0.3109 -1.1719 -11.6228 0.0300 0.4746 238.0000 23.8000 0.0000 10.9316 2.0000 
1862 1863 446 0.3109 -1.1719 -11.6228 0.3157 -1.0227 -11.8552 0.0300 0.2762 238.0000 23.8000 0.0000 12.0000 2.0000 
1511 1864 447 0.1101 -2.2443 -10.1980 -0.1540 -2.1508 -10.5414 0.0300 0.4432 238.0000 23.8000 0.0000 8.1857 2.0000 
1864 1865 447 -0.1540 -2.1508 -10.5414 -0.4474 -2.0477 -10.9293 0.0300 0.4971 238.0000 23.8000 0.0000 9.1015 2.0000 
1865 1866 447 -0.4474 -2.0477 -10.9293 -0.7075 -1.9351 -11.2745 0.0300 0.4467 238.0000 23.8000 0.0000 10.1489 2.0000 
1866 1867 447 -0.7075 -1.9351 -11.2745 -1.0031 -1.8022 -11.7259 0.0300 0.5556 238.0000 23.8000 0.0000 12.0000 2.0000 
1512 1868 448 0.1194 -2.2695 -10.3907 -0.0808 -2.0609 -10.7693 0.0300 0.4764 238.0000 23.8000 0.0000 8.1216 2.0000 
1868 1869 448 -0.0808 -2.0609 -10.7693 -0.3071 -1.8250 -11.1979 0.0300 0.5390 238.0000 23.8000 0.0000 8.8980 2.0000 
1869 1870 448 -0.3071 -1.8250 -11.1979 -0.4949 -1.6329 -11.5548 0.0300 0.4467 238.0000 23.8000 0.0000 9.7484 2.0000 
1870 1871 448 -0.4949 -1.6329 -11.5548 -0.7017 -1.4424 -11.9962 0.0300 0.5233 238.0000 23.8000 0.0000 11.2234 2.0000 
1871 1872 448 -0.7017 -1.4424 -11.9962 -0.7738 -1.3668 -12.1497 0.0300 0.1857 238.0000 23.8000 0.0000 12.0000 2.0000 
1513 1873 449 0.1280 -2.3087 -10.5830 0.0948 -2.0776 -10.9455 0.0300 0.4312 238.0000 23.8000 0.0000 8.2008 2.0000 
1873 1874 449 0.0948 -2.0776 -10.9455 -0.0063 -1.7931 -11.4525 0.0300 0.5900 238.0000 23.8000 0.0000 9.1744 2.0000 
1874 1875 449 -0.0063 -1.7931 -11.4525 -0.0677 -1.6016 -11.7888 0.0300 0.3918 238.0000 23.8000 0.0000 10.0269 2.0000 
1875 1876 449 -0.0677 -1.6016 -11.7888 -0.1442 -1.4325 -12.1525 0.0300 0.4083 238.0000 23.8000 0.0000 11.2363 2.0000 
1876 1877 449 -0.1442 -1.4325 -12.1525 -0.1818 -1.3526 -12.3216 0.0300 0.1908 238.0000 23.8000 0.0000 12.0000 2.0000 
1514 1878 450 0.1336 -2.3512 -10.7800 -0.0338 -2.7733 -11.0986 0.0300 0.5548 238.0000 23.8000 0.0000 8.4873 2.0000 
1878 1879 450 -0.0338 -2.7733 -11.0986 -0.1789 -3.1491 -11.4316 0.0300 0.5227 238.0000 23.8000 0.0000 9.4051 2.0000 
1879 1880 450 -0.1789 -3.1491 -11.4316 -0.3082 -3.5217 -11.7347 0.0300 0.4974 238.0000 23.8000 0.0000 10.5285 2.0000 
1880 1881 450 -0.3082 -3.5217 -11.7347 -0.4113 -3.8672 -12.0417 0.0300 0.4736 238.0000 23.8000 0.0000 12.0000 2.0000 
1515 1882 451 0.1460 -2.3882 -10.9816 -0.1921 -2.4901 -11.4121 0.0300 0.5568 238.0000 23.8000 0.0000 8.4616 2.0000 
1882 1883 451 -0.1921 -2.4901 -11.4121 -0.5886 -2.6401 -11.8342 0.0300 0.5982 238.0000 23.8000 0.0000 9.4158 2.0000 
1883 1884 451 -0.5886 -2.6401 -11.8342 -0.9075 -2.7662 -12.1754 0.0300 0.4837 238.0000 23.8000 0.0000 10.4445 2.0000 
1884 1885 451 -0.9075 -2.7662 -12.1754 -1.1931 -2.8707 -12.4914 0.0300 0.4387 238.0000 23.8000 0.0000 11.7515 2.0000 
1885 1886 451 -1.1931 -2.8707 -12.4914 -1.2368 -2.8855 -12.5388 0.0300 0.0661 238.0000 23.8000 0.0000 12.0000 2.0000 
1516 1887 452 0.1554 -2.4255 -11.1856 -0.0233 -2.1867 -11.6105 0.0300 0.5192 238.0000 23.8000 0.0000 8.4795 2.0000 
1887 1888 452 -0.0233 -2.1867 -11.6105 -0.2065 -1.9205 -12.0256 0.0300 0.5260 238.0000 23.8000 0.0000 9.2981 2.0000 
1888 1889 452 -0.2065 -1.9205 -12.0256 -0.3700 -1.7285 -12.4078 0.0300 0.4579 238.0000 23.8000 0.0000 10.2160 2.0000 
1889 1890 452 -0.3700 -1.7285 -12.4078 -0.5645 -1.5139 -12.8389 0.0300 0.5193 238.0000 23.8000 0.0000 11.6838 2.0000 
1890 1891 452 -0.5645 -1.5139 -12.8389 -0.5951 -1.4782 -12.9104 0.0300 0.0856 238.0000 23.8000 0.0000 12.0000 2.0000 
1517 1892 453 0.1750 -2.4618 -11.3896 -0.0365 -2.6323 -11.6593 0.0300 0.3828 238.0000 23.8000 0.0000 8.4968 2.0000 
1892 1893 453 -0.0365 -2.6323 -11.6593 -0.3378 -2.8422 -11.9885 0.0300 0.4932 238.0000 23.8000 0.0000 9.4376 2.0000 
1893 1894 453 -0.3378 -2.8422 -11.9885 -0.6420 -3.0814 -12.3095 0.0300 0.5027 238.0000 23.8000 0.0000 10.6913 2.0000 
1894 1895 453 -0.6420 -3.0814 -12.3095 -0.8666 -3.2528 -12.5681 0.0300 0.3831 238.0000 23.8000 0.0000 12.0000 2.0000 
1518 1896 454 0.2005 -2.4953 -11.5796 0.4513 -2.7641 -11.8405 0.0300 0.4509 238.0000 23.8000 0.0000 8.6106 2.0000 
1896 1897 454 0.4513 -2.7641 -11.8405 0.7449 -3.1201 -12.1336 0.0300 0.5466 238.0000 23.8000 0.0000 9.6000 2.0000 
1897 1898 454 0.7449 -3.1201 -12.1336 0.9680 -3.3879 -12.3540 0.0300 0.4125 238.0000 23.8000 0.0000 10.5667 2.0000 
1898 1899 454 0.9680 -3.3879 -12.3540 1.2077 -3.6713 -12.5902 0.0300 0.4400 238.0000 23.8000 0.0000 11.9732 2.0000 
1899 1900 454 1.2077 -3.6713 -12.5902 1.2115 -3.6758 -12.5939 0.0300 0.0069 238.0000 23.8000 0.0000 12.0000 2.0000 
1519 1901 455 0.2273 -2.5306 -11.7808 -0.0566 -2.4348 -12.2285 0.0300 0.5387 238.0000 23.8000 0.0000 8.7972 2.0000 
1901 1902 455 -0.0566 -2.4348 -12.2285 -0.2873 -2.3535 -12.6058 0.0300 0.4496 238.0000 23.8000 0.0000 9.6005 2.0000 
1902 1903 455 -0.2873 -2.3535 -12.6058 -0.5263 -2.2676 -12.9873 0.0300 0.4583 238.0000 23.8000 0.0000 10.6461 2.0000 
1903 1904 455 -0.5263 -2.2676 -12.9873 -0.7377 -2.2045 -13.3240 0.0300 0.4026 238.0000 23.8000 0.0000 11.8900 2.0000 
1904 1905 455 -0.7377 -2.2045 -13.3240 -0.7527 -2.1996 -13.3491 0.0300 0.0296 238.0000 23.8000 0.0000 12.0000 2.0000 
1520 1906 456 0.2559 -2.5571 -11.9871 0.2852 -2.2427 -12.3661 0.0300 0.4933 238.0000 23.8000 0.0000 8.7648 2.0000 
1906 1907 456 0.2852 -2.2427 -12.3661 0.3272 -1.9001 -12.7700 0.0300 0.5313 238.0000 23.8000 0.0000 9.6690 2.0000 
1907 1908 456 0.3272 -1.9001 -12.7700 0.3591 -1.6011 -13.1108 0.0300 0.4545 238.0000 23.8000 0.0000 10.6625 2.0000 
1908 1909 456 0.3591 -1.6011 -13.1108 0.4050 -1.2980 -13.4410 0.0300 0.4506 238.0000 23.8000 0.0000 12.0000 2.0000 
1521 1910 457 0.2816 -2.5815 -12.1806 0.5862 -2.3877 -12.5295 0.0300 0.5020 238.0000 23.8000 0.0000 8.9058 2.0000 
1910 1911 457 0.5862 -2.3877 -12.5295 0.8832 -2.2010 -12.8659 0.0300 0.4860 238.0000 23.8000 0.0000 9.8192 2.0000 
1911 1912 457 0.8832 -2.2010 -12.8659 1.1335 -2.0467 -13.1667 0.0300 0.4207 238.0000 23.8000 0.0000 10.8327 2.0000 
1912 1913 457 1.1335 -2.0467 -13.1667 1.3590 -1.9095 -13.4203 0.0300 0.3660 238.0000 23.8000 0.0000 12.0000 2.0000 
1522 1914 458 0.3101 -2.6102 -12.3933 0.2554 -2.3209 -12.7692 0.0300 0.4775 238.0000 23.8000 0.0000 8.8699 2.0000 
1914 1915 458 0.2554 -2.3209 -12.7692 0.1812 -2.0034 -13.1675 0.0300 0.5147 238.0000 23.8000 0.0000 9.7360 2.0000 
1915 1916 458 0.1812 -2.0034 -13.1675 0.1120 -1.7217 -13.5111 0.0300 0.4496 238.0000 23.8000 0.0000 10.7006 2.0000 
1916 1917 458 0.1120 -1.7217 -13.5111 0.0811 -1.4714 -13.8828 0.0300 0.4492 238.0000 23.8000 0.0000 12.0000 2.0000 
1523 1918 459 0.3395 -2.6442 -12.5970 0.6586 -2.6146 -12.9074 0.0300 0.4462 238.0000 23.8000 0.0000 8.8046 2.0000 
1918 1919 459 0.6586 -2.6146 -12.9074 0.9985 -2.5828 -13.2460 0.0300 0.4809 238.0000 23.8000 0.0000 9.5059 2.0000 
1919 1920 459 0.9985 -2.5828 -13.2460 1.3022 -2.5523 -13.5360 0.0300 0.4210 238.0000 23.8000 0.0000 10.3024 2.0000 
1920 1921 459 1.3022 -2.5523 -13.5360 1.7021 -2.5386 -13.8520 0.0300 0.5099 238.0000 23.8000 0.0000 11.7094 2.0000 
1921 1922 459 1.7021 -2.5386 -13.8520 1.7626 -2.5335 -13.9004 0.0300 0.0776 238.0000 23.8000 0.0000 12.0000 2.0000 
1524 1923 460 0.3598 -2.6760 -12.7901 0.5351 -2.4782 -13.1413 0.0300 0.4395 238.0000 23.8000 0.0000 9.0292 2.0000 
1923 1924 460 0.5351 -2.4782 -13.1413 0.7168 -2.2523 -13.5339 0.0300 0.4881 238.0000 23.8000 0.0000 9.9570 2.0000 
1924 1925 460 0.7168 -2.2523 -13.5339 0.9022 -2.0305 -13.9132 0.0300 0.4769 238.0000 23.8000 0.0000 11.1214 2.0000 
1925 1926 460 0.9022 -2.0305 -13.9132 0.9847 -1.9218 -14.1591 0.0300 0.2812 238.0000 23.8000 0.0000 12.0000 2.0000 
1525 1927 461 0.3726 -2.7002 -12.9859 0.5825 -2.4311 -13.4075 0.0300 0.5424 238.0000 23.8000 0.0000 9.0942 2.0000 
1927 1928 461 0.5825 -2.4311 -13.4075 0.7797 -2.1397 -13.8363 0.0300 0.5547 238.0000 23.8000 0.0000 9.9786 2.0000 
1928 1929 461 0.7797 -2.1397 -13.8363 0.9810 -1.8551 -14.2345 0.0300 0.5292 238.0000 23.8000 0.0000 11.0998 2.0000 
1929 1930 461 0.9810 -1.8551 -14.2345 1.1067 -1.6871 -14.4735 0.0300 0.3181 238.0000 23.8000 0.0000 12.0000 2.0000 
1526 1931 462 0.3856 -2.7254 -13.1914 0.5917 -2.9458 -13.4462 0.0300 0.3950 238.0000 23.8000 0.0000 9.0138 2.0000 
1931 1932 462 0.5917 -2.9458 -13.4462 0.8699 -3.1758 -13.7973 0.0300 0.5035 238.0000 23.8000 0.0000 9.8563 2.0000 
1932 1933 462 0.8699 -3.1758 -13.7973 1.1027 -3.3710 -14.1031 0.0300 0.4310 238.0000 23.8000 0.0000 10.7773 2.0000 
1933 1934 462 1.1027 -3.3710 -14.1031 1.3333 -3.5822 -14.3919 0.0300 0.4257 238.0000 23.8000 0.0000 12.0000 2.0000 
1527 1935 463 0.3850 -2.7442 -13.3756 0.4605 -2.4982 -13.7864 0.0300 0.4847 238.0000 23.8000 0.0000 9.1717 2.0000 
1935 1936 463 0.4605 -2.4982 -13.7864 0.5636 -2.2373 -14.1783 0.0300 0.4820 238.0000 23.8000 0.0000 9.9499 2.0000 
1936 1937 463 0.5636 -2.2373 -14.1783 0.6898 -1.9576 -14.5956 0.0300 0.5180 238.0000 23.8000 0.0000 11.0244 2.0000 
1937 1938 463 0.6898 -1.9576 -14.5956 0.7750 -1.7664 -14.8831 0.0300 0.3556 238.0000 23.8000 0.0000 12.0000 2.0000 
1528 1939 464 0.3859 -2.7613 -13.5733 0.6758 -2.9147 -13.8919 0.0300 0.4573 238.0000 23.8000 0.0000 9.1113 2.0000 
1939 1940 464 0.6758 -2.9147 -13.8919 0.9671 -3.0604 -14.1986 0.0300 0.4474 238.0000 23.8000 0.0000 9.7333 2.0000 
1940 1941 464 0.9671 -3.0604 -14.1986 1.2489 -3.2036 -14.4958 0.0300 0.4338 238.0000 23.8000 0.0000 10.4986 2.0000 
1941 1942 464 1.2489 -3.2036 -14.4958 1.5826 -3.3674 -14.8397 0.0300 0.5064 238.0000 23.8000 0.0000 11.7592 2.0000 
1942 1943 464 1.5826 -3.3674 -14.8397 1.6304 -3.3919 -14.8907 0.0300 0.0741 238.0000 23.8000 0.0000 12.0000 2.0000 
1529 1944 465 0.3883 -2.7617 -13.7760 0.1531 -2.6682 -14.0458 0.0300 0.3700 238.0000 23.8000 0.0000 9.0945 2.0000 
1944 1945 465 0.1531 -2.6682 -14.0458 -0.1441 -2.5911 -14.4166 0.0300 0.4814 238.0000 23.8000 0.0000 9.7804 2.0000 
1945 1946 465 -0.1441 -2.5911 -14.4166 -0.4490 -2.5055 -14.8049 0.0300 0.5010 238.0000 23.8000 0.0000 10.6999 2.0000 
1946 1947 465 -0.4490 -2.5055 -14.8049 -0.7375 -2.3667 -15.1559 0.0300 0.4751 238.0000 23.8000 0.0000 11.9207 2.0000 
1947 1948 465 -0.7375 -2.3667 -15.1559 -0.7528 -2.3595 -15.1743 0.0300 0.0250 238.0000 23.8000 0.0000 12.0000 2.0000 
1530 1949 466 0.3960 -2.7603 -13.9634 0.6168 -2.4832 -14.2953 0.0300 0.4855 238.0000 23.8000 0.0000 9.3211 2.0000 
1949 1950 466 0.6168 -2.4832 -14.2953 0.8205 -2.2202 -14.6033 0.0300 0.4534 238.0000 23.8000 0.0000 10.0071 2.0000 
1950 1951 466 0.8205 -2.2202 -14.6033 1.0438 -1.9322 -14.9420 0.0300 0.4974 238.0000 23.8000 0.0000 10.9613 2.0000 
1951 1952 466 1.0438 -1.9322 -14.9420 1.2046 -1.6853 -15.2203 0.0300 0.4054 238.0000 23.8000 0.0000 12.0000 2.0000 
1531 1953 467 0.4037 -2.7612 -14.1756 0.6476 -2.4609 -14.5587 0.0300 0.5445 238.0000 23.8000 0.0000 9.6989 2.0000 
1953 1954 467 0.6476 -2.4609 -14.5587 0.8269 -2.1853 -14.9584 0.0300 0.5176 238.0000 23.8000 0.0000 10.7735 2.0000 
1954 1955 467 0.8269 -2.1853 -14.9584 1.0393 -1.9605 -15.3060 0.0300 0.4653 238.0000 23.8000 0.0000 12.0000 2.0000 
1532 1956 468 0.4077 -2.7605 -14.3854 0.1644 -2.6359 -14.6956 0.0300 0.4135 238.0000 23.8000 0.0000 9.3781 2.0000 
1956 1957 468 0.1644 -2.6359 -14.6956 -0.1420 -2.4454 -15.0392 0.0300 0.4982 238.0000 23.8000 0.0000 10.1679 2.0000 
1957 1958 468 -0.1420 -2.4454 -15.0392 -0.4062 -2.2849 -15.3368 0.0300 0.4291 238.0000 23.8000 0.0000 11.0558 2.0000 
1958 1959 468 -0.4062 -2.2849 -15.3368 -0.6099 -2.1542 -15.5769 0.0300 0.3410 238.0000 23.8000 0.0000 12.0000 2.0000 
1533 1960 469 0.4089 -2.7705 -14.5969 0.5246 -3.1593 -14.9800 0.0300 0.5579 238.0000 23.8000 0.0000 9.7989 2.0000 
1960 1961 469 0.5246 -3.1593 -14.9800 0.6361 -3.5157 -15.3309 0.0300 0.5124 238.0000 23.8000 0.0000 10.7965 2.0000 
1961 1962 469 0.6361 -3.5157 -15.3309 0.7415 -3.8542 -15.6648 0.0300 0.4871 238.0000 23.8000 0.0000 12.0000 2.0000 
1534 1963 470 0.4178 -2.7789 -14.7972 0.6373 -3.1099 -15.1292 0.0300 0.5176 238.0000 23.8000 0.0000 9.7600 2.0000 
1963 1964 470 0.6373 -3.1099 -15.1292 0.8145 -3.4254 -15.4141 0.0300 0.4606 238.0000 23.8000 0.0000 10.6005 2.0000 
1964 1965 470 0.8145 -3.4254 -15.4141 0.9630 -3.8127 -15.6991 0.0300 0.5032 238.0000 23.8000 0.0000 11.7558 2.0000 
1965 1966 470 0.9630 -3.8127 -15.6991 0.9889 -3.8821 -15.7505 0.0300 0.0902 238.0000 23.8000 0.0000 12.0000 2.0000 
1535 1967 471 0.4268 -2.7850 -14.9721 0.6923 -2.9355 -15.2618 0.0300 0.4208 238.0000 23.8000 0.0000 9.6496 2.0000 
1967 1968 471 0.6923 -2.9355 -15.2618 1.0535 -3.1520 -15.6336 0.0300 0.5618 238.0000 23.8000 0.0000 10.6460 2.0000 
1968 1969 471 1.0535 -3.1520 -15.6336 1.3527 -3.2928 -15.9537 0.0300 0.4602 238.0000 23.8000 0.0000 11.6854 2.0000 
1969 1970 471 1.3527 -3.2928 -15.9537 1.4329 -3.3280 -16.0333 0.0300 0.1183 238.0000 23.8000 0.0000 12.0000 2.0000 
1536 1971 472 0.4332 -2.7927 -15.1574 0.1637 -3.0122 -15.5066 0.0300 0.4926 238.0000 23.8000 0.0000 9.7022 2.0000 
1971 1972 472 0.1637 -3.0122 -15.5066 -0.0707 -3.2327 -15.8835 0.0300 0.4956 238.0000 23.8000 0.0000 10.4570 2.0000 
1972 1973 472 -0.0707 -3.2327 -15.8835 -0.2608 -3.5035 -16.2621 0.0300 0.5028 238.0000 23.8000 0.0000 11.4546 2.0000 
1973 1974 472 -0.2608 -3.5035 -16.2621 -0.3435 -3.6214 -16.4243 0.0300 0.2169 238.0000 23.8000 0.0000 12.0000 2.0000 
1537 1975 473 0.4472 -2.8040 -15.3368 0.8264 -2.8219 -15.6557 0.0300 0.4958 238.0000 23.8000 0.0000 10.0100 2.0000 
1975 1976 473 0.8264 -2.8219 -15.6557 1.1370 -2.8415 -15.9193 0.0300 0.4078 238.0000 23.8000 0.0000 10.8605 2.0000 
1976 1977 473 1.1370 -2.8415 -15.9193 1.4539 -2.8689 -16.2261 0.0300 0.4420 238.0000 23.8000 0.0000 12.0000 2.0000 
1538 1978 474 0.4565 -2.8189 -15.5367 0.5954 -3.2034 -15.8368 0.0300 0.5072 238.0000 23.8000 0.0000 9.9225 2.0000 
1978 1979 474 0.5954 -3.2034 -15.8368 0.7002 -3.6087 -16.1331 0.0300 0.5128 238.0000 23.8000 0.0000 10.8197 2.0000 
1979 1980 474 0.7002 -3.6087 -16.1331 0.7843 -3.9177 -16.3942 0.0300 0.4132 238.0000 23.8000 0.0000 11.7530 2.0000 
1980 1981 474 0.7843 -3.9177 -16.3942 0.8031 -3.9855 -16.4541 0.0300 0.0924 238.0000 23.8000 0.0000 12.0000 2.0000 
1539 1982 475 0.4569 -2.8233 -15.7350 0.6948 -3.0369 -16.0791 0.0300 0.4697 238.0000 23.8000 0.0000 9.9035 2.0000 
1982 1983 475 0.6948 -3.0369 -16.0791 0.9092 -3.2512 -16.4283 0.0300 0.4624 238.0000 23.8000 0.0000 10.6582 2.0000 
1983 1984 475 0.9092 -3.2512 -16.4283 1.1233 -3.4762 -16.7895 0.0300 0.4764 238.0000 23.8000 0.0000 11.6610 2.0000 
1984 1985 475 1.1233 -3.4762 -16.7895 1.1759 -3.5364 -16.8947 0.0300 0.1321 238.0000 23.8000 0.0000 12.0000 2.0000 
1540 1986 476 0.4447 -2.8299 -15.9457 0.2384 -3.2225 -16.2715 0.0300 0.5504 238.0000 23.8000 0.0000 10.2582 2.0000 
1986 1987 476 0.2384 -3.2225 -16.2715 0.0297 -3.6026 -16.6007 0.0300 0.5445 238.0000 23.8000 0.0000 11.4000 2.0000 
1987 1988 476 0.0297 -3.6026 -16.6007 -0.0573 -3.7608 -16.7500 0.0300 0.2342 238.0000 23.8000 0.0000 12.0000 2.0000 
1541 1989 477 0.4319 -2.8343 -16.1381 0.0894 -2.6106 -16.4728 0.0300 0.5286 238.0000 23.8000 0.0000 10.1624 2.0000 
1989 1990 477 0.0894 -2.6106 -16.4728 -0.2239 -2.3960 -16.7826 0.0300 0.4900 238.0000 23.8000 0.0000 11.0276 2.0000 
1990 1991 477 -0.2239 -2.3960 -16.7826 -0.4980 -2.2096 -17.0633 0.0300 0.4344 238.0000 23.8000 0.0000 12.0000 2.0000 
1542 1992 478 0.4211 -2.8385 -16.3218 0.2503 -3.1588 -16.6421 0.0300 0.4842 238.0000 23.8000 0.0000 10.0891 2.0000 
1992 1993 478 0.2503 -3.1588 -16.6421 0.0203 -3.5030 -16.9393 0.0300 0.5095 238.0000 23.8000 0.0000 10.9007 2.0000 
1993 1994 478 0.0203 -3.5030 -16.9393 -0.1686 -3.7879 -17.2116 0.0300 0.4372 238.0000 23.8000 0.0000 11.7950 2.0000 
1994 1995 478 -0.1686 -3.7879 -17.2116 -0.2048 -3.8447 -17.2635 0.0300 0.0850 238.0000 23.8000 0.0000 12.0000 2.0000 
1543 1996 479 0.4103 -2.8453 -16.5228 0.0501 -2.9943 -16.8923 0.0300 0.5371 238.0000 23.8000 0.0000 10.2486 2.0000 
1996 1997 479 0.0501 -2.9943 -16.8923 -0.3344 -3.1497 -17.2868 0.0300 0.5724 238.0000 23.8000 0.0000 11.2135 2.0000 
1997 1998 479 -0.3344 -3.1497 -17.2868 -0.5969 -3.2419 -17.5259 0.0300 0.3669 238.0000 23.8000 0.0000 12.0000 2.0000 
1544 1999 480 0.3952 -2.8624 -16.7213 0.6910 -2.6687 -17.1177 0.0300 0.5312 238.0000 23.8000 0.0000 10.2634 2.0000 
1999 2000 480 0.6910 -2.6687 -17.1177 0.9208 -2.5617 -17.4746 0.0300 0.4377 238.0000 23.8000 0.0000 10.9374 2.0000 
2000 2001 480 0.9208 -2.5617 -17.4746 1.1485 -2.4699 -17.8666 0.0300 0.4626 238.0000 23.8000 0.0000 11.8344 2.0000 
2001 2002 480 1.1485 -2.4699 -17.8666 1.1857 -2.4560 -17.9276 0.0300 0.0728 238.0000 23.8000 0.0000 12.0000 2.0000 
1545 2003 481 0.3887 -2.8720 -16.9251 0.2091 -2.5788 -17.2839 0.0300 0.4970 238.0000 23.8000 0.0000 10.3348 2.0000 
2003 2004 481 0.2091 -2.5788 -17.2839 0.0191 -2.2521 -17.6642 0.0300 0.5361 238.0000 23.8000 0.0000 11.2470 2.0000 
2004 2005 481 0.0191 -2.2521 -17.6642 -0.0913 -2.0245 -17.9056 0.0300 0.3497 238.0000 23.8000 0.0000 12.0000 2.0000 
1546 2006 482 0.3781 -2.8799 -17.1365 0.0998 -2.7167 -17.4597 0.0300 0.4567 238.0000 23.8000 0.0000 10.4663 2.0000 
2006 2007 482 0.0998 -2.7167 -17.4597 -0.2177 -2.5738 -17.7803 0.0300 0.4732 238.0000 23.8000 0.0000 11.3948 2.0000 
2007 2008 482 -0.2177 -2.5738 -17.7803 -0.3901 -2.4990 -17.9575 0.0300 0.2583 238.0000 23.8000 0.0000 12.0000 2.0000 
1547 2009 483 0.3762 -2.8863 -17.3495 0.1069 -2.7347 -17.6434 0.0300 0.4264 238.0000 23.8000 0.0000 10.2669 2.0000 
2009 2010 483 0.1069 -2.7347 -17.6434 -0.1444 -2.5970 -17.9066 0.0300 0.3891 238.0000 23.8000 0.0000 10.7785 2.0000 
2010 2011 483 -0.1444 -2.5970 -17.9066 -0.4771 -2.3661 -18.2397 0.0300 0.5244 238.0000 23.8000 0.0000 11.6543 2.0000 
2011 2012 483 -0.4771 -2.3661 -18.2397 -0.5805 -2.2917 -18.3473 0.0300 0.1668 238.0000 23.8000 0.0000 12.0000 2.0000 
1548 2013 484 0.3775 -2.8844 -17.5553 -0.0007 -2.8820 -17.9654 0.0300 0.5579 238.0000 23.8000 0.0000 10.5130 2.0000 
2013 2014 484 -0.0007 -2.8820 -17.9654 -0.3608 -2.8842 -18.3883 0.0300 0.5555 238.0000 23.8000 0.0000 11.3294 2.0000 
2014 2015 484 -0.3608 -2.8842 -18.3883 -0.5898 -2.8934 -18.6680 0.0300 0.3615 238.0000 23.8000 0.0000 12.0000 2.0000 
1549 2016 485 0.3755 -2.8840 -17.7504 0.5996 -2.5641 -18.1626 0.0300 0.5678 238.0000 23.8000 0.0000 10.6328 2.0000 
2016 2017 485 0.5996 -2.5641 -18.1626 0.8523 -2.2316 -18.6133 0.0300 0.6144 238.0000 23.8000 0.0000 11.6126 2.0000 
2017 2018 485 0.8523 -2.2316 -18.6133 0.9326 -2.1250 -18.7603 0.0300 0.1986 238.0000 23.8000 0.0000 12.0000 2.0000 
1550 2019 486 0.3756 -2.8855 -17.9451 0.7380 -2.8024 -18.3290 0.0300 0.5344 238.0000 23.8000 0.0000 10.6774 2.0000 
2019 2020 486 0.7380 -2.8024 -18.3290 1.0645 -2.7218 -18.7123 0.0300 0.5099 238.0000 23.8000 0.0000 11.4963 2.0000 
2020 2021 486 1.0645 -2.7218 -18.7123 1.2306 -2.6812 -18.9069 0.0300 0.2590 238.0000 23.8000 0.0000 12.0000 2.0000 
1551 2022 487 0.3796 -2.8973 -18.1411 0.7253 -2.7748 -18.4911 0.0300 0.5069 238.0000 23.8000 0.0000 10.7680 2.0000 
2022 2023 487 0.7253 -2.7748 -18.4911 0.9943 -2.6854 -18.7654 0.0300 0.3945 238.0000 23.8000 0.0000 11.4530 2.0000 
2023 2024 487 0.9943 -2.6854 -18.7654 1.1668 -2.6210 -18.9539 0.0300 0.2634 238.0000 23.8000 0.0000 12.0000 2.0000 
1552 2025 488 0.3846 -2.9085 -18.3387 0.2029 -2.6797 -18.6717 0.0300 0.4431 238.0000 23.8000 0.0000 10.7003 2.0000 
2025 2026 488 0.2029 -2.6797 -18.6717 0.0033 -2.4188 -19.0618 0.0300 0.5100 238.0000 23.8000 0.0000 11.5301 2.0000 
2026 2027 488 0.0033 -2.4188 -19.0618 -0.0881 -2.2973 -19.2456 0.0300 0.2385 238.0000 23.8000 0.0000 12.0000 2.0000 
1553 2028 489 0.4011 -2.9132 -18.5401 0.2259 -3.1202 -18.8595 0.0300 0.4190 238.0000 23.8000 0.0000 10.6963 2.0000 
2028 2029 489 0.2259 -3.1202 -18.8595 0.0307 -3.3831 -19.2248 0.0300 0.4906 238.0000 23.8000 0.0000 11.4320 2.0000 
2029 2030 489 0.0307 -3.3831 -19.2248 -0.0916 -3.5487 -19.4553 0.0300 0.3091 238.0000 23.8000 0.0000 12.0000 2.0000 
1554 2031 490 0.4165 -2.9194 -18.7416 0.2880 -3.2361 -19.0828 0.0300 0.4829 238.0000 23.8000 0.0000 10.8082 2.0000 
2031 2032 490 0.2880 -3.2361 -19.0828 0.1480 -3.5328 -19.3808 0.0300 0.4433 238.0000 23.8000 0.0000 11.4312 2.0000 
2032 2033 490 0.1480 -3.5328 -19.3808 0.0549 -3.7530 -19.6171 0.0300 0.3361 238.0000 23.8000 0.0000 12.0000 2.0000 
1555 2034 491 0.4363 -2.9237 -18.9415 0.3371 -3.2418 -19.2834 0.0300 0.4773 238.0000 23.8000 0.0000 11.1034 2.0000 
2034 2035 491 0.3371 -3.2418 -19.2834 0.2379 -3.5263 -19.6103 0.0300 0.4447 238.0000 23.8000 0.0000 12.0000 2.0000 
1556 2036 492 0.4611 -2.9306 -19.1227 0.2522 -2.7592 -19.5395 0.0300 0.4967 238.0000 23.8000 0.0000 11.0923 2.0000 
2036 2037 492 0.2522 -2.7592 -19.5395 0.0177 -2.5636 -19.9473 0.0300 0.5094 238.0000 23.8000 0.0000 12.0000 2.0000 
1557 2038 493 0.4787 -2.9464 -19.3081 0.7283 -2.6462 -19.6942 0.0300 0.5492 238.0000 23.8000 0.0000 11.1870 2.0000 
2038 2039 493 0.7283 -2.6462 -19.6942 1.0055 -2.4306 -20.0055 0.0300 0.4693 238.0000 23.8000 0.0000 11.9949 2.0000 
2039 2040 493 1.0055 -2.4306 -20.0055 1.0071 -2.4294 -20.0072 0.0300 0.0026 238.0000 23.8000 0.0000 12.0000 2.0000 
1558 2041 494 0.4962 -2.9618 -19.4933 0.6989 -3.2573 -19.7683 0.0300 0.4517 238.0000 23.8000 0.0000 11.0203 2.0000 
2041 2042 494 0.6989 -3.2573 -19.7683 0.9316 -3.5994 -20.0715 0.0300 0.5130 238.0000 23.8000 0.0000 11.7642 2.0000 
2042 2043 494 0.9316 -3.5994 -20.0715 0.9931 -3.6922 -20.1530 0.0300 0.1379 238.0000 23.8000 0.0000 12.0000 2.0000 
1559 2044 495 0.5099 -2.9788 -19.6869 0.6304 -2.7081 -20.0274 0.0300 0.4513 238.0000 23.8000 0.0000 11.2667 2.0000 
2044 2045 495 0.6304 -2.7081 -20.0274 0.7304 -2.4618 -20.3127 0.0300 0.3900 238.0000 23.8000 0.0000 12.0000 2.0000 
1560 2046 496 0.5233 -2.9931 -19.8962 0.1698 -2.9043 -20.3057 0.0300 0.5482 238.0000 23.8000 0.0000 11.4003 2.0000 
2046 2047 496 0.1698 -2.9043 -20.3057 -0.0596 -2.8435 -20.5704 0.0300 0.3555 238.0000 23.8000 0.0000 12.0000 2.0000 
1561 2048 497 0.5372 -3.0070 -20.1034 0.5683 -2.7140 -20.4961 0.0300 0.4910 238.0000 23.8000 0.0000 11.1872 2.0000 
2048 2049 497 0.5683 -2.7140 -20.4961 0.6200 -2.3762 -20.9423 0.0300 0.5620 238.0000 23.8000 0.0000 11.8930 2.0000 
2049 2050 497 0.6200 -2.3762 -20.9423 0.6264 -2.3322 -21.0009 0.0300 0.0735 238.0000 23.8000 0.0000 12.0000 2.0000 
1562 2051 498 0.5486 -3.0193 -20.2999 0.8911 -3.1772 -20.6263 0.0300 0.4987 238.0000 23.8000 0.0000 11.3588 2.0000 
2051 2052 498 0.8911 -3.1772 -20.6263 1.2098 -3.2904 -20.9076 0.0300 0.4399 238.0000 23.8000 0.0000 12.0000 2.0000 
1563 2053 499 0.5655 -3.0276 -20.5107 0.6363 -2.7358 -20.8396 0.0300 0.4453 238.0000 23.8000 0.0000 11.3573 2.0000 
2053 2054 499 0.6363 -2.7358 -20.8396 0.6992 -2.4470 -21.1691 0.0300 0.4427 238.0000 23.8000 0.0000 12.0000 2.0000 
1564 2055 500 0.5742 -3.0175 -20.7277 0.8117 -3.2397 -21.0715 0.0300 0.4733 238.0000 23.8000 0.0000 11.5056 2.0000 
2055 2056 500 0.8117 -3.2397 -21.0715 0.9757 -3.4001 -21.3024 0.0300 0.3255 238.0000 23.8000 0.0000 12.0000 2.0000 
1565 2057 501 0.5881 -3.0100 -20.9354 0.5923 -2.7140 -21.2145 0.0300 0.4069 238.0000 23.8000 0.0000 11.5970 2.0000 
2057 2058 501 0.5923 -2.7140 -21.2145 0.5916 -2.5515 -21.3699 0.0300 0.2248 238.0000 23.8000 0.0000 12.0000 2.0000 
1566 2059 502 0.6034 -3.0018 -21.1358 0.3693 -3.1967 -21.5197 0.0300 0.4900 238.0000 23.8000 0.0000 11.6798 2.0000 
2059 2060 502 0.3693 -3.1967 -21.5197 0.2665 -3.2814 -21.6808 0.0300 0.2090 238.0000 23.8000 0.0000 12.0000 2.0000 
1567 2061 503 0.6230 -2.9978 -21.3329 0.8687 -2.7808 -21.6543 0.0300 0.4591 238.0000 23.8000 0.0000 11.7140 2.0000 
2061 2062 503 0.8687 -2.7808 -21.6543 0.9751 -2.7039 -21.7851 0.0300 0.1853 238.0000 23.8000 0.0000 12.0000 2.0000 
1568 2063 504 0.6389 -2.9950 -21.5317 0.6084 -2.6382 -21.8950 0.0300 0.5102 238.0000 23.8000 0.0000 11.8557 2.0000 
2063 2064 504 0.6084 -2.6382 -21.8950 0.6029 -2.5744 -21.9630 0.0300 0.0935 238.0000 23.8000 0.0000 12.0000 2.0000 
1569 2065 505 0.6636 -2.9892 -21.7359 0.7961 -3.3631 -22.0416 0.0300 0.5008 238.0000 23.8000 0.0000 11.8530 2.0000 
2065 2066 505 0.7961 -3.3631 -22.0416 0.8250 -3.4402 -22.1045 0.0300 0.1037 238.0000 23.8000 0.0000 12.0000 2.0000 
1570 2067 506 0.6818 -2.9791 -21.9364 0.7518 -3.2732 -22.2511 0.0300 0.4364 238.0000 23.8000 0.0000 11.8152 2.0000 
2067 2068 506 0.7518 -3.2732 -22.2511 0.7765 -3.3658 -22.3491 0.0300 0.1371 238.0000 23.8000 0.0000 12.0000 2.0000 
1571 2069 507 0.6918 -2.9604 -22.1214 0.6837 -3.2351 -22.4897 0.0300 0.4595 238.0000 23.8000 0.0000 11.9518 2.0000 
2069 2070 507 0.6837 -3.2351 -22.4897 0.6837 -3.2548 -22.5167 0.0300 0.0334 238.0000 23.8000 0.0000 12.0000 2.0000 
1572 2071 508 0.7025 -2.9353 -22.3252 0.4826 -2.6516 -22.6484 0.0300 0.4829 238.0000 23.8000 0.0000 12.0000 2.0000 
1573 2072 509 0.7231 -2.9065 -22.5513 0.6208 -2.6988 -22.7610 0.0300 0.3123 238.0000 23.8000 0.0000 12.0000 2.0000 
1574 2073 510 0.7349 -2.8953 -22.7454 0.9823 -2.7612 -22.9861 0.0300 0.3703 238.0000 23.8000 0.0000 12.0000 2.0000 
1575 2074 511 0.7476 -2.8834 -22.9577 0.9570 -2.8490 -23.1392 0.0300 0.2793 238.0000 23.8000 0.0000 12.0000 2.0000 
1576 2075 512 0.7526 -2.8602 -23.1659 0.6139 -2.8714 -23.3190 0.0300 0.2069 238.0000 23.8000 0.0000 12.0000 2.0000 
1577 2076 513 0.7650 -2.8374 -23.3682 0.8861 -2.7129 -23.5007 0.0300 0.2185 238.0000 23.8000 0.0000 12.0000 2.0000 
1578 2077 514 0.7787 -2.8137 -23.5822 0.6923 -2.7584 -23.6889 0.0300 0.1480 238.0000 23.8000 0.0000 12.0000 2.0000 
1579 2078 515 0.7907 -2.7919 -23.7746 0.8086 -2.8444 -23.8434 0.0300 0.0884 238.0000 23.8000 0.0000 12.0000 2.0000 
1580 2079 516 0.8012 -2.7669 -23.9747 0.8170 -2.7630 -23.9891 0.0300 0.0217 238.0000 23.8000 0.0000 12.0000 2.0000 
2080 2081 3 0.0000 0.0000 -3.1000 -0.0020 -0.0013 -3.1097 0.0902 0.0100 0.0000 0.0000 205.0000 0.0028 4.0000 
2081 2082 3 -0.0020 -0.0013 -3.1097 -0.0310 -0.0275 -3.3005 0.0902 0.1948 0.0000 0.0000 205.0000 0.0567 4.0000 
2082 2083 3 -0.0310 -0.0275 -3.3005 -0.0622 -0.0447 -3.5112 0.0902 0.2137 0.0000 0.0000 205.0000 0.1159 4.0000 
2083 2084 3 -0.0622 -0.0447 -3.5112 -0.0886 -0.0489 -3.7022 0.0902 0.1928 0.0000 0.0000 205.0000 0.1693 4.0000 
2084 2085 3 -0.0886 -0.0489 -3.7022 -0.1199 -0.0635 -3.9118 0.0902 0.2125 0.0000 0.0000 205.0000 0.2283 4.0000 
2085 2086 3 -0.1199 -0.0635 -3.9118 -0.1460 -0.0794 -4.1176 0.0902 0.2081 0.0000 0.0000 205.0000 0.2861 4.0000 
2086 2087 3 -0.1460 -0.0794 -4.1176 -0.1615 -0.1002 -4.3078 0.0902 0.1920 0.0000 0.0000 205.0000 0.3395 4.0000 
2087 2088 3 -0.1615 -0.1002 -4.3078 -0.1779 -0.1227 -4.5052 0.0902 0.1993 0.0000 0.0000 205.0000 0.3949 4.0000 
2088 2089 3 -0.1779 -0.1227 -4.5052 -0.1892 -0.1451 -4.7034 0.0902 0.1998 0.0000 0.0000 205.0000 0.4506 4.0000 
2089 2090 3 -0.1892 -0.1451 -4.7034 -0.2111 -0.1595 -4.8958 0.0902 0.1942 0.0000 0.0000 205.0000 0.5047 4.0000 
2090 2091 3 -0.2111 -0.1595 -4.8958 -0.2368 -0.1763 -5.1192 0.0902 0.2255 0.0000 0.0000 205.0000 0.5676 4.0000 
2091 2092 3 -0.2368 -0.1763 -5.1192 -0.2331 -0.1823 -5.3272 0.0902 0.2081 0.0000 0.0000 205.0000 0.6258 4.0000 
2092 2093 3 -0.2331 -0.1823 -5.3272 -0.2301 -0.1837 -5.5251 0.0902 0.1979 0.0000 0.0000 205.0000 0.6811 4.0000 
2093 2094 3 -0.2301 -0.1837 -5.5251 -0.2311 -0.1907 -5.7229 0.0902 0.1980 0.0000 0.0000 205.0000 0.7365 4.0000 
2094 2095 3 -0.2311 -0.1907 -5.7229 -0.2354 -0.2009 -5.9335 0.0902 0.2109 0.0000 0.0000 205.0000 0.7955 4.0000 
2095 2096 3 -0.2354 -0.2009 -5.9335 -0.2342 -0.2125 -6.1396 0.0902 0.2064 0.0000 0.0000 205.0000 0.8534 4.0000 
2096 2097 3 -0.2342 -0.2125 -6.1396 -0.2256 -0.2145 -6.3344 0.0902 0.1950 0.0000 0.0000 205.0000 0.9081 4.0000 
2097 2098 3 -0.2256 -0.2145 -6.3344 -0.2091 -0.2118 -6.5239 0.0902 0.1903 0.0000 0.0000 205.0000 0.9615 4.0000 
2098 2099 3 -0.2091 -0.2118 -6.5239 -0.1921 -0.2068 -6.7225 0.0902 0.1994 0.0000 0.0000 205.0000 1.0175 4.0000 
2099 2100 3 -0.1921 -0.2068 -6.7225 -0.1679 -0.1981 -6.9198 0.0902 0.1990 0.0000 0.0000 205.0000 1.0735 4.0000 
2100 2101 3 -0.1679 -0.1981 -6.9198 -0.1298 -0.1983 -7.1244 0.0902 0.2081 0.0000 0.0000 205.0000 1.1321 4.0000 
2101 2102 3 -0.1298 -0.1983 -7.1244 -0.0958 -0.2059 -7.3067 0.0902 0.1856 0.0000 0.0000 205.0000 1.1844 4.0000 
2102 2103 3 -0.0958 -0.2059 -7.3067 -0.0589 -0.2125 -7.4992 0.0902 0.1961 0.0000 0.0000 205.0000 1.2397 4.0000 
2103 2104 3 -0.0589 -0.2125 -7.4992 -0.0281 -0.2227 -7.6898 0.0902 0.1934 0.0000 0.0000 205.0000 1.2943 4.0000 
2104 2105 3 -0.0281 -0.2227 -7.6898 0.0014 -0.2225 -7.8807 0.0902 0.1932 0.0000 0.0000 205.0000 1.3488 4.0000 
2105 2106 3 0.0014 -0.2225 -7.8807 0.0294 -0.2398 -8.0923 0.0902 0.2142 0.0000 0.0000 205.0000 1.4094 4.0000 
2106 2107 3 0.0294 -0.2398 -8.0923 0.0591 -0.2624 -8.3013 0.0902 0.2123 0.0000 0.0000 205.0000 1.4695 4.0000 
2107 2108 3 0.0591 -0.2624 -8.3013 0.0782 -0.2893 -8.4967 0.0902 0.1981 0.0000 0.0000 205.0000 1.5256 4.0000 
2108 2109 3 0.0782 -0.2893 -8.4967 0.0990 -0.3151 -8.6847 0.0902 0.1910 0.0000 0.0000 205.0000 1.5797 4.0000 
2109 2110 3 0.0990 -0.3151 -8.6847 0.1176 -0.3413 -8.8652 0.0902 0.1833 0.0000 0.0000 205.0000 1.6317 4.0000 
2110 2111 3 0.1176 -0.3413 -8.8652 0.1370 -0.3658 -9.0601 0.0902 0.1974 0.0000 0.0000 205.0000 1.6878 4.0000 
2111 2112 3 0.1370 -0.3658 -9.0601 0.1611 -0.3890 -9.2539 0.0902 0.1967 0.0000 0.0000 205.0000 1.7437 4.0000 
2112 2113 3 0.1611 -0.3890 -9.2539 0.1858 -0.4245 -9.4614 0.0902 0.2120 0.0000 0.0000 205.0000 1.8040 4.0000 
2113 2114 3 0.1858 -0.4245 -9.4614 0.2050 -0.4528 -9.6683 0.0902 0.2097 0.0000 0.0000 205.0000 1.8637 4.0000 
2114 2115 3 0.2050 -0.4528 -9.6683 0.2291 -0.4782 -9.8939 0.0902 0.2282 0.0000 0.0000 205.0000 1.9288 4.0000 
2115 2116 3 0.2291 -0.4782 -9.8939 0.2471 -0.5110 -10.0717 0.0902 0.1817 0.0000 0.0000 205.0000 1.9806 4.0000 
2116 2117 3 0.2471 -0.5110 -10.0717 0.2672 -0.5500 -10.2727 0.0902 0.2058 0.0000 0.0000 205.0000 2.0394 4.0000 
2117 2118 3 0.2672 -0.5500 -10.2727 0.2842 -0.5849 -10.4581 0.0902 0.1894 0.0000 0.0000 205.0000 2.0935 4.0000 
2118 2119 3 0.2842 -0.5849 -10.4581 0.2888 -0.6270 -10.6412 0.0902 0.1879 0.0000 0.0000 205.0000 2.1473 4.0000 
2119 2120 3 0.2888 -0.6270 -10.6412 0.2935 -0.6601 -10.8395 0.0902 0.2011 0.0000 0.0000 205.0000 2.2049 4.0000 
2120 2121 3 0.2935 -0.6601 -10.8395 0.2981 -0.6847 -11.0580 0.0902 0.2200 0.0000 0.0000 205.0000 2.2679 4.0000 
2121 2122 3 0.2981 -0.6847 -11.0580 0.2963 -0.7114 -11.2648 0.0902 0.2085 0.0000 0.0000 205.0000 2.3277 4.0000 
2122 2123 3 0.2963 -0.7114 -11.2648 0.2966 -0.7344 -11.4588 0.0902 0.1954 0.0000 0.0000 205.0000 2.3838 4.0000 
2123 2124 3 0.2966 -0.7344 -11.4588 0.2977 -0.7627 -11.6590 0.0902 0.2021 0.0000 0.0000 205.0000 2.4419 4.0000 
2124 2125 3 0.2977 -0.7627 -11.6590 0.2970 -0.7872 -11.8426 0.0902 0.1852 0.0000 0.0000 205.0000 2.4952 4.0000 
2125 2126 3 0.2970 -0.7872 -11.8426 0.2994 -0.8077 -12.0354 0.0902 0.1940 0.0000 0.0000 205.0000 2.5510 4.0000 
2126 2127 3 0.2994 -0.8077 -12.0354 0.3030 -0.8225 -12.2166 0.0902 0.1818 0.0000 0.0000 205.0000 2.6034 4.0000 
2127 2128 3 0.3030 -0.8225 -12.2166 0.3074 -0.8505 -12.4161 0.0902 0.2015 0.0000 0.0000 205.0000 2.6615 4.0000 
2128 2129 3 0.3074 -0.8505 -12.4161 0.3051 -0.8789 -12.6093 0.0902 0.1953 0.0000 0.0000 205.0000 2.7179 4.0000 
2129 2130 3 0.3051 -0.8789 -12.6093 0.3010 -0.8940 -12.7990 0.0902 0.1904 0.0000 0.0000 205.0000 2.7729 4.0000 
2130 2131 3 0.3010 -0.8940 -12.7990 0.2969 -0.9174 -13.0009 0.0902 0.2033 0.0000 0.0000 205.0000 2.8317 4.0000 
2131 2132 3 0.2969 -0.9174 -13.0009 0.2930 -0.9418 -13.2098 0.0902 0.2103 0.0000 0.0000 205.0000 2.8925 4.0000 
2132 2133 3 0.2930 -0.9418 -13.2098 0.2902 -0.9644 -13.4074 0.0902 0.1989 0.0000 0.0000 205.0000 2.9502 4.0000 
2133 2134 3 0.2902 -0.9644 -13.4074 0.2698 -0.9905 -13.6189 0.0902 0.2141 0.0000 0.0000 205.0000 3.0122 4.0000 
2134 2135 3 0.2698 -0.9905 -13.6189 0.2485 -1.0150 -13.8259 0.0902 0.2095 0.0000 0.0000 205.0000 3.0730 4.0000 
2135 2136 3 0.2485 -1.0150 -13.8259 0.2166 -1.0190 -14.0391 0.0902 0.2156 0.0000 0.0000 205.0000 3.1357 4.0000 
2136 2137 3 0.2166 -1.0190 -14.0391 0.1945 -1.0142 -14.2253 0.0902 0.1875 0.0000 0.0000 205.0000 3.1902 4.0000 
2137 2138 3 0.1945 -1.0142 -14.2253 0.1822 -1.0157 -14.4206 0.0902 0.1957 0.0000 0.0000 205.0000 3.2472 4.0000 
2138 2139 3 0.1822 -1.0157 -14.4206 0.1728 -0.9961 -14.6247 0.0902 0.2052 0.0000 0.0000 205.0000 3.3070 4.0000 
2139 2140 3 0.1728 -0.9961 -14.6247 0.1651 -0.9811 -14.8141 0.0902 0.1902 0.0000 0.0000 205.0000 3.3624 4.0000 
2140 2141 3 0.1651 -0.9811 -14.8141 0.1603 -0.9697 -15.0125 0.0902 0.1988 0.0000 0.0000 205.0000 3.4205 4.0000 
2141 2142 3 0.1603 -0.9697 -15.0125 0.1546 -0.9621 -15.2313 0.0902 0.2190 0.0000 0.0000 205.0000 3.4844 4.0000 
2142 2143 3 0.1546 -0.9621 -15.2313 0.1486 -0.9553 -15.4446 0.0902 0.2135 0.0000 0.0000 205.0000 3.5469 4.0000 
2143 2144 3 0.1486 -0.9553 -15.4446 0.1428 -0.9523 -15.6601 0.0902 0.2156 0.0000 0.0000 205.0000 3.6100 4.0000 
2144 2145 3 0.1428 -0.9523 -15.6601 0.1325 -0.9419 -15.8707 0.0902 0.2112 0.0000 0.0000 205.0000 3.6718 4.0000 
2145 2146 3 0.1325 -0.9419 -15.8707 0.1196 -0.9304 -16.0811 0.0902 0.2111 0.0000 0.0000 205.0000 3.7338 4.0000 
2146 2147 3 0.1196 -0.9304 -16.0811 0.1118 -0.9217 -16.2878 0.0902 0.2070 0.0000 0.0000 205.0000 3.7945 4.0000 
2147 2148 3 0.1118 -0.9217 -16.2878 0.1112 -0.9152 -16.4867 0.0902 0.1989 0.0000 0.0000 205.0000 3.8530 4.0000 
2148 2149 3 0.1112 -0.9152 -16.4867 0.1116 -0.9049 -16.6654 0.0902 0.1791 0.0000 0.0000 205.0000 3.9056 4.0000 
2149 2150 3 0.1116 -0.9049 -16.6654 0.1162 -0.9020 -16.8657 0.0902 0.2003 0.0000 0.0000 205.0000 3.9646 4.0000 
2150 2151 3 0.1162 -0.9020 -16.8657 0.1202 -0.8987 -17.0757 0.0902 0.2101 0.0000 0.0000 205.0000 4.0265 4.0000 
2151 2152 3 0.1202 -0.8987 -17.0757 0.1226 -0.8890 -17.2742 0.0902 0.1987 0.0000 0.0000 205.0000 4.0851 4.0000 
2152 2153 3 0.1226 -0.8890 -17.2742 0.1420 -0.8751 -17.4673 0.0902 0.1946 0.0000 0.0000 205.0000 4.1426 4.0000 
2153 2154 3 0.1420 -0.8751 -17.4673 0.1658 -0.8594 -17.6675 0.0902 0.2022 0.0000 0.0000 205.0000 4.2023 4.0000 
2154 2155 3 0.1658 -0.8594 -17.6675 0.1855 -0.8441 -17.8677 0.0902 0.2017 0.0000 0.0000 205.0000 4.2620 4.0000 
2155 2156 3 0.1855 -0.8441 -17.8677 0.1994 -0.8274 -18.0630 0.0902 0.1965 0.0000 0.0000 205.0000 4.3201 4.0000 
2156 2157 3 0.1994 -0.8274 -18.0630 0.2161 -0.8063 -18.2859 0.0902 0.2245 0.0000 0.0000 205.0000 4.3867 4.0000 
2157 2158 3 0.2161 -0.8063 -18.2859 0.2331 -0.7912 -18.4876 0.0902 0.2030 0.0000 0.0000 205.0000 4.4469 4.0000 
2158 2159 3 0.2331 -0.7912 -18.4876 0.2533 -0.7739 -18.6845 0.0902 0.1987 0.0000 0.0000 205.0000 4.5059 4.0000 
2159 2160 3 0.2533 -0.7739 -18.6845 0.2701 -0.7540 -18.8770 0.0902 0.1943 0.0000 0.0000 205.0000 4.5636 4.0000 
2160 2161 3 0.2701 -0.7540 -18.8770 0.2873 -0.7339 -19.0694 0.0902 0.1943 0.0000 0.0000 205.0000 4.6214 4.0000 
2161 2162 3 0.2873 -0.7339 -19.0694 0.3018 -0.7075 -19.2727 0.0902 0.2054 0.0000 0.0000 205.0000 4.6825 4.0000 
2162 2163 3 0.3018 -0.7075 -19.2727 0.3161 -0.6709 -19.4896 0.0902 0.2204 0.0000 0.0000 205.0000 4.7482 4.0000 
2163 2164 3 0.3161 -0.6709 -19.4896 0.3251 -0.6384 -19.7003 0.0902 0.2135 0.0000 0.0000 205.0000 4.8119 4.0000 
2164 2165 3 0.3251 -0.6384 -19.7003 0.3326 -0.6122 -19.8966 0.0902 0.1982 0.0000 0.0000 205.0000 4.8711 4.0000 
2165 2166 3 0.3326 -0.6122 -19.8966 0.3391 -0.5781 -20.0974 0.0902 0.2037 0.0000 0.0000 205.0000 4.9319 4.0000 
2166 2167 3 0.3391 -0.5781 -20.0974 0.3459 -0.5446 -20.2863 0.0902 0.1919 0.0000 0.0000 205.0000 4.9894 4.0000 
2167 2168 3 0.3459 -0.5446 -20.2863 0.3424 -0.5191 -20.4730 0.0902 0.1885 0.0000 0.0000 205.0000 5.0458 4.0000 
2168 2169 3 0.3424 -0.5191 -20.4730 0.3428 -0.4939 -20.6658 0.0902 0.1944 0.0000 0.0000 205.0000 5.1041 4.0000 
2169 2170 3 0.3428 -0.4939 -20.6658 0.3354 -0.4770 -20.8510 0.0902 0.1860 0.0000 0.0000 205.0000 5.1599 4.0000 
2170 2171 3 0.3354 -0.4770 -20.8510 0.3233 -0.4693 -21.0487 0.0902 0.1982 0.0000 0.0000 205.0000 5.2194 4.0000 
2171 2172 3 0.3233 -0.4693 -21.0487 0.3163 -0.4617 -21.2546 0.0902 0.2062 0.0000 0.0000 205.0000 5.2814 4.0000 
2172 2173 3 0.3163 -0.4617 -21.2546 0.3062 -0.4399 -21.4611 0.0902 0.2078 0.0000 0.0000 205.0000 5.3439 4.0000 
2173 2174 3 0.3062 -0.4399 -21.4611 0.2958 -0.4096 -21.6589 0.0902 0.2005 0.0000 0.0000 205.0000 5.4043 4.0000 
2174 2175 3 0.2958 -0.4096 -21.6589 0.2913 -0.3771 -21.8619 0.0902 0.2056 0.0000 0.0000 205.0000 5.4662 4.0000 
2175 2176 3 0.2913 -0.3771 -21.8619 0.2872 -0.3441 -22.0599 0.0902 0.2008 0.0000 0.0000 205.0000 5.5268 4.0000 
2176 2177 3 0.2872 -0.3441 -22.0599 0.2822 -0.3141 -22.2525 0.0902 0.1950 0.0000 0.0000 205.0000 5.5857 4.0000 
2177 2178 3 0.2822 -0.3141 -22.2525 0.2770 -0.2821 -22.4571 0.0902 0.2071 0.0000 0.0000 205.0000 5.6483 4.0000 
2178 2179 3 0.2770 -0.2821 -22.4571 0.2765 -0.2550 -22.6584 0.0902 0.2031 0.0000 0.0000 205.0000 5.7097 4.0000 
2179 2180 3 0.2765 -0.2550 -22.6584 0.2802 -0.2320 -22.8560 0.0902 0.1989 0.0000 0.0000 205.0000 5.7700 4.0000 
2180 2181 3 0.2802 -0.2320 -22.8560 0.2820 -0.2123 -23.0406 0.0902 0.1857 0.0000 0.0000 205.0000 5.8263 4.0000 
2181 2182 3 0.2820 -0.2123 -23.0406 0.2731 -0.2025 -23.2368 0.0902 0.1966 0.0000 0.0000 205.0000 5.8859 4.0000 
2182 2183 3 0.2731 -0.2025 -23.2368 0.2633 -0.1953 -23.4587 0.0902 0.2222 0.0000 0.0000 205.0000 5.9534 4.0000 
2183 2184 3 0.2633 -0.1953 -23.4587 0.2538 -0.1857 -23.6563 0.0902 0.1980 0.0000 0.0000 205.0000 6.0136 4.0000 
2184 2185 3 0.2538 -0.1857 -23.6563 0.2363 -0.1728 -23.8637 0.0902 0.2086 0.0000 0.0000 205.0000 6.0771 4.0000 
2185 2186 3 0.2363 -0.1728 -23.8637 0.2174 -0.1623 -24.0615 0.0902 0.1989 0.0000 0.0000 205.0000 6.1377 4.0000 
2186 2187 3 0.2174 -0.1623 -24.0615 0.1976 -0.1491 -24.2649 0.0902 0.2048 0.0000 0.0000 205.0000 6.2002 4.0000 
2187 2188 3 0.1976 -0.1491 -24.2649 0.1831 -0.1367 -24.4569 0.0902 0.1929 0.0000 0.0000 205.0000 6.2590 4.0000 
2188 2189 3 0.1831 -0.1367 -24.4569 0.1691 -0.1254 -24.6534 0.0902 0.1974 0.0000 0.0000 205.0000 6.3193 4.0000 
2189 2190 3 0.1691 -0.1254 -24.6534 0.1579 -0.1153 -24.8391 0.0902 0.1863 0.0000 0.0000 205.0000 6.3763 4.0000 
2190 2191 3 0.1579 -0.1153 -24.8391 0.1383 -0.1053 -25.0387 0.0902 0.2008 0.0000 0.0000 205.0000 6.4377 4.0000 
2191 2192 3 0.1383 -0.1053 -25.0387 0.1228 -0.0972 -25.2461 0.0902 0.2081 0.0000 0.0000 205.0000 6.5015 4.0000 
2192 2193 3 0.1228 -0.0972 -25.2461 0.1148 -0.0842 -25.4367 0.0902 0.1912 0.0000 0.0000 205.0000 6.5601 4.0000 
2193 2194 3 0.1148 -0.0842 -25.4367 0.1064 -0.0671 -25.6505 0.0902 0.2146 0.0000 0.0000 205.0000 6.6260 4.0000 
2194 2195 3 0.1064 -0.0671 -25.6505 0.0977 -0.0575 -25.8663 0.0902 0.2162 0.0000 0.0000 205.0000 6.6925 4.0000 
2195 2196 3 0.0977 -0.0575 -25.8663 0.0919 -0.0466 -26.0418 0.0902 0.1759 0.0000 0.0000 205.0000 6.7466 4.0000 
2196 2197 3 0.0919 -0.0466 -26.0418 0.0900 -0.0423 -26.2259 0.0902 0.1841 0.0000 0.0000 205.0000 6.8033 4.0000 
2197 2198 3 0.0900 -0.0423 -26.2259 0.0867 -0.0419 -26.4166 0.0902 0.1908 0.0000 0.0000 205.0000 6.8620 4.0000 
2198 2199 3 0.0867 -0.0419 -26.4166 0.0718 -0.0416 -26.6216 0.0902 0.2056 0.0000 0.0000 205.0000 6.9254 4.0000 
2199 2200 3 0.0718 -0.0416 -26.6216 0.0580 -0.0413 -26.8072 0.0902 0.1861 0.0000 0.0000 205.0000 6.9829 4.0000 
2200 2201 3 0.0580 -0.0413 -26.8072 0.0530 -0.0486 -26.9974 0.0902 0.1905 0.0000 0.0000 205.0000 7.0417 4.0000 
2201 2202 3 0.0530 -0.0486 -26.9974 0.0425 -0.0522 -27.1867 0.0902 0.1896 0.0000 0.0000 205.0000 7.1003 4.0000 
2202 2203 3 0.0425 -0.0522 -27.1867 0.0294 -0.0516 -27.3789 0.0902 0.1926 0.0000 0.0000 205.0000 7.1600 4.0000 
2203 2204 3 0.0294 -0.0516 -27.3789 0.0145 -0.0509 -27.5972 0.0902 0.2188 0.0000 0.0000 205.0000 7.2278 4.0000 
2204 2205 3 0.0145 -0.0509 -27.5972 0.0023 -0.0467 -27.7842 0.0902 0.1874 0.0000 0.0000 205.0000 7.2859 4.0000 
2205 2206 3 0.0023 -0.0467 -27.7842 -0.0144 -0.0426 -27.9854 0.0902 0.2020 0.0000 0.0000 205.0000 7.3486 4.0000 
2206 2207 3 -0.0144 -0.0426 -27.9854 -0.0316 -0.0366 -28.1932 0.0902 0.2086 0.0000 0.0000 205.0000 7.4134 4.0000 
2207 2208 3 -0.0316 -0.0366 -28.1932 -0.0438 -0.0396 -28.3949 0.0902 0.2021 0.0000 0.0000 205.0000 7.4763 4.0000 
2208 2209 3 -0.0438 -0.0396 -28.3949 -0.0519 -0.0388 -28.5985 0.0902 0.2038 0.0000 0.0000 205.0000 7.5397 4.0000 
2209 2210 3 -0.0519 -0.0388 -28.5985 -0.0620 -0.0424 -28.7964 0.0902 0.1982 0.0000 0.0000 205.0000 7.6015 4.0000 
2210 2211 3 -0.0620 -0.0424 -28.7964 -0.0722 -0.0480 -28.9939 0.0902 0.1978 0.0000 0.0000 205.0000 7.6633 4.0000 
2211 2212 3 -0.0722 -0.0480 -28.9939 -0.0824 -0.0540 -29.1934 0.0902 0.1998 0.0000 0.0000 205.0000 7.7257 4.0000 
2212 2213 3 -0.0824 -0.0540 -29.1934 -0.0931 -0.0745 -29.3937 0.0902 0.2016 0.0000 0.0000 205.0000 7.7887 4.0000 
2213 2214 3 -0.0931 -0.0745 -29.3937 -0.1117 -0.0931 -29.5936 0.0902 0.2017 0.0000 0.0000 205.0000 7.8518 4.0000 
2214 2215 3 -0.1117 -0.0931 -29.5936 -0.1210 -0.1176 -29.8173 0.0902 0.2252 0.0000 0.0000 205.0000 7.9224 4.0000 
2215 2216 3 -0.1210 -0.1176 -29.8173 -0.1300 -0.1385 -30.0124 0.0902 0.1964 0.0000 0.0000 205.0000 7.9840 4.0000 
2216 2217 3 -0.1300 -0.1385 -30.0124 -0.1406 -0.1612 -30.2140 0.0902 0.2031 0.0000 0.0000 205.0000 8.0477 4.0000 
2217 2218 3 -0.1406 -0.1612 -30.2140 -0.1515 -0.1800 -30.4107 0.0902 0.1979 0.0000 0.0000 205.0000 8.1099 4.0000 
2218 2219 3 -0.1515 -0.1800 -30.4107 -0.1427 -0.1935 -30.6140 0.0902 0.2039 0.0000 0.0000 205.0000 8.1741 4.0000 
2219 2220 3 -0.1427 -0.1935 -30.6140 -0.1404 -0.1993 -30.8206 0.0902 0.2067 0.0000 0.0000 205.0000 8.2391 4.0000 
2220 2221 3 -0.1404 -0.1993 -30.8206 -0.1359 -0.2125 -31.0197 0.0902 0.1996 0.0000 0.0000 205.0000 8.3020 4.0000 
2221 2222 3 -0.1359 -0.2125 -31.0197 -0.1406 -0.2182 -31.2080 0.0902 0.1884 0.0000 0.0000 205.0000 8.3615 4.0000 
2222 2223 3 -0.1406 -0.2182 -31.2080 -0.1449 -0.2227 -31.4087 0.0902 0.2008 0.0000 0.0000 205.0000 8.4249 4.0000 
2223 2224 3 -0.1449 -0.2227 -31.4087 -0.1743 -0.2283 -31.6144 0.0902 0.2079 0.0000 0.0000 205.0000 8.4906 4.0000 
2224 2225 3 -0.1743 -0.2283 -31.6144 -0.1972 -0.2310 -31.8018 0.0902 0.1889 0.0000 0.0000 205.0000 8.5504 4.0000 
2225 2226 3 -0.1972 -0.2310 -31.8018 -0.2211 -0.2318 -32.0072 0.0902 0.2067 0.0000 0.0000 205.0000 8.6158 4.0000 
2226 2227 3 -0.2211 -0.2318 -32.0072 -0.2414 -0.2343 -32.1882 0.0902 0.1822 0.0000 0.0000 205.0000 8.6736 4.0000 
2227 2228 3 -0.2414 -0.2343 -32.1882 -0.2563 -0.2261 -32.3891 0.0902 0.2016 0.0000 0.0000 205.0000 8.7376 4.0000 
2228 2229 3 -0.2563 -0.2261 -32.3891 -0.2674 -0.2210 -32.5731 0.0902 0.1844 0.0000 0.0000 205.0000 8.7961 4.0000 
2229 2230 3 -0.2674 -0.2210 -32.5731 -0.2870 -0.2172 -32.7811 0.0902 0.2089 0.0000 0.0000 205.0000 8.8626 4.0000 
2230 2231 3 -0.2870 -0.2172 -32.7811 -0.3111 -0.2122 -32.9907 0.0902 0.2111 0.0000 0.0000 205.0000 8.9298 4.0000 
2231 2232 3 -0.3111 -0.2122 -32.9907 -0.3284 -0.1950 -33.1918 0.0902 0.2025 0.0000 0.0000 205.0000 8.9943 4.0000 
2232 2233 3 -0.3284 -0.1950 -33.1918 -0.3275 -0.1791 -33.3899 0.0902 0.1987 0.0000 0.0000 205.0000 9.0577 4.0000 
2233 2234 3 -0.3275 -0.1791 -33.3899 -0.3303 -0.1677 -33.5977 0.0902 0.2082 0.0000 0.0000 205.0000 9.1241 4.0000 
2234 2235 3 -0.3303 -0.1677 -33.5977 -0.3291 -0.1575 -33.7815 0.0902 0.1841 0.0000 0.0000 205.0000 9.1829 4.0000 
2235 2236 3 -0.3291 -0.1575 -33.7815 -0.3297 -0.1476 -33.9582 0.0902 0.1769 0.0000 0.0000 205.0000 9.2395 4.0000 
2236 2237 3 -0.3297 -0.1476 -33.9582 -0.3303 -0.1359 -34.1570 0.0902 0.1991 0.0000 0.0000 205.0000 9.3033 4.0000 
2237 2238 3 -0.3303 -0.1359 -34.1570 -0.3268 -0.1220 -34.3525 0.0902 0.1960 0.0000 0.0000 205.0000 9.3661 4.0000 
2238 2239 3 -0.3268 -0.1220 -34.3525 -0.3233 -0.1066 -34.5404 0.0902 0.1886 0.0000 0.0000 205.0000 9.4266 4.0000 
2239 2240 3 -0.3233 -0.1066 -34.5404 -0.3111 -0.0901 -34.7299 0.0902 0.1906 0.0000 0.0000 205.0000 9.4878 4.0000 
2240 2241 3 -0.3111 -0.0901 -34.7299 -0.2966 -0.0752 -34.9274 0.0902 0.1986 0.0000 0.0000 205.0000 9.5517 4.0000 
2241 2242 3 -0.2966 -0.0752 -34.9274 -0.2833 -0.0639 -35.1108 0.0902 0.1842 0.0000 0.0000 205.0000 9.6109 4.0000 
2242 2243 3 -0.2833 -0.0639 -35.1108 -0.2825 -0.0456 -35.3037 0.0902 0.1938 0.0000 0.0000 205.0000 9.6733 4.0000 
2243 2244 3 -0.2825 -0.0456 -35.3037 -0.2948 -0.0162 -35.4964 0.0902 0.1953 0.0000 0.0000 205.0000 9.7363 4.0000 
2244 2245 3 -0.2948 -0.0162 -35.4964 -0.3067 0.0177 -35.6863 0.0902 0.1933 0.0000 0.0000 205.0000 9.7987 4.0000 
2245 2246 3 -0.3067 0.0177 -35.6863 -0.3190 0.0466 -35.8816 0.0902 0.1978 0.0000 0.0000 205.0000 9.8626 4.0000 
2246 2247 3 -0.3190 0.0466 -35.8816 -0.3218 0.0655 -36.0917 0.0902 0.2110 0.0000 0.0000 205.0000 9.9308 4.0000 
2247 2248 3 -0.3218 0.0655 -36.0917 -0.3252 0.0824 -36.2912 0.0902 0.2002 0.0000 0.0000 205.0000 9.9956 4.0000 
2248 2249 3 -0.3252 0.0824 -36.2912 -0.3257 0.1011 -36.4892 0.0902 0.1989 0.0000 0.0000 205.0000 10.0600 4.0000 
2249 2250 3 -0.3257 0.1011 -36.4892 -0.3289 0.1274 -36.6917 0.0902 0.2042 0.0000 0.0000 205.0000 10.1263 4.0000 
2250 2251 3 -0.3289 0.1274 -36.6917 -0.3337 0.1524 -36.8851 0.0902 0.1950 0.0000 0.0000 205.0000 10.1896 4.0000 
2251 2252 3 -0.3337 0.1524 -36.8851 -0.3365 0.1803 -37.0928 0.0902 0.2096 0.0000 0.0000 205.0000 10.2577 4.0000 
2252 2253 3 -0.3365 0.1803 -37.0928 -0.3453 0.2042 -37.2890 0.0902 0.1978 0.0000 0.0000 205.0000 10.3221 4.0000 
2253 2254 3 -0.3453 0.2042 -37.2890 -0.3569 0.2176 -37.4783 0.0902 0.1902 0.0000 0.0000 205.0000 10.3840 4.0000 
2254 2255 3 -0.3569 0.2176 -37.4783 -0.3666 0.2294 -37.6899 0.0902 0.2121 0.0000 0.0000 205.0000 10.4532 4.0000 
2255 2256 3 -0.3666 0.2294 -37.6899 -0.3630 0.2226 -37.8881 0.0902 0.1984 0.0000 0.0000 205.0000 10.5179 4.0000 
2256 2257 3 -0.3630 0.2226 -37.8881 -0.3602 0.2155 -38.0920 0.0902 0.2040 0.0000 0.0000 205.0000 10.5846 4.0000 
2257 2258 3 -0.3602 0.2155 -38.0920 -0.3470 0.1981 -38.2912 0.0902 0.2004 0.0000 0.0000 205.0000 10.6501 4.0000 
2258 2259 3 -0.3470 0.1981 -38.2912 -0.3375 0.1888 -38.4906 0.0902 0.1998 0.0000 0.0000 205.0000 10.7155 4.0000 
2259 2260 3 -0.3375 0.1888 -38.4906 -0.3273 0.1778 -38.6909 0.0902 0.2009 0.0000 0.0000 205.0000 10.7814 4.0000 
2260 2261 3 -0.3273 0.1778 -38.6909 -0.3169 0.1735 -38.8929 0.0902 0.2023 0.0000 0.0000 205.0000 10.8477 4.0000 
2261 2262 3 -0.3169 0.1735 -38.8929 -0.3103 0.1806 -39.0879 0.0902 0.1953 0.0000 0.0000 205.0000 10.9118 4.0000 
2262 2263 3 -0.3103 0.1806 -39.0879 -0.3055 0.1773 -39.2934 0.0902 0.2056 0.0000 0.0000 205.0000 10.9794 4.0000 
2263 2264 3 -0.3055 0.1773 -39.2934 -0.3020 0.1756 -39.4840 0.0902 0.1906 0.0000 0.0000 205.0000 11.0421 4.0000 
2264 2265 3 -0.3020 0.1756 -39.4840 -0.2969 0.1702 -39.6675 0.0902 0.1837 0.0000 0.0000 205.0000 11.1026 4.0000 
2265 2266 3 -0.2969 0.1702 -39.6675 -0.2780 0.1741 -39.8812 0.0902 0.2146 0.0000 0.0000 205.0000 11.1734 4.0000 
2266 2267 3 -0.2780 0.1741 -39.8812 -0.2598 0.1773 -40.0797 0.0902 0.1994 0.0000 0.0000 205.0000 11.2392 4.0000 
2267 2268 3 -0.2598 0.1773 -40.0797 -0.2465 0.1778 -40.2607 0.0902 0.1815 0.0000 0.0000 205.0000 11.2992 4.0000 
2268 2269 3 -0.2465 0.1778 -40.2607 -0.2333 0.1775 -40.4581 0.0902 0.1979 0.0000 0.0000 205.0000 11.3646 4.0000 
2269 2270 3 -0.2333 0.1775 -40.4581 -0.2146 0.1727 -40.6561 0.0902 0.1988 0.0000 0.0000 205.0000 11.4304 4.0000 
2270 2271 3 -0.2146 0.1727 -40.6561 -0.1890 0.1694 -40.8433 0.0902 0.1890 0.0000 0.0000 205.0000 11.4931 4.0000 
2271 2272 3 -0.1890 0.1694 -40.8433 -0.1714 0.1650 -41.0465 0.0902 0.2041 0.0000 0.0000 205.0000 11.5608 4.0000 
2272 2273 3 -0.1714 0.1650 -41.0465 -0.1508 0.1609 -41.2419 0.0902 0.1965 0.0000 0.0000 205.0000 11.6260 4.0000 
2273 2274 3 -0.1508 0.1609 -41.2419 -0.1311 0.1604 -41.4451 0.0902 0.2041 0.0000 0.0000 205.0000 11.6939 4.0000 
2274 2275 3 -0.1311 0.1604 -41.4451 -0.1039 0.1590 -41.6452 0.0902 0.2019 0.0000 0.0000 205.0000 11.7611 4.0000 
2275 2276 3 -0.1039 0.1590 -41.6452 -0.0811 0.1510 -41.8398 0.0902 0.1961 0.0000 0.0000 205.0000 11.8264 4.0000 
2276 2277 3 -0.0811 0.1510 -41.8398 -0.0562 0.1421 -42.0486 0.0902 0.2105 0.0000 0.0000 205.0000 11.8966 4.0000 
2277 2278 3 -0.0562 0.1421 -42.0486 -0.0319 0.1448 -42.2555 0.0902 0.2083 0.0000 0.0000 205.0000 11.9662 4.0000 
2278 2279 3 -0.0319 0.1448 -42.2555 -0.0192 0.1448 -42.3559 0.0902 0.1013 0.0000 0.0000 205.0000 12.0000 4.0000 
2081 2280 607 -0.0020 -0.0013 -3.1097 0.1493 -0.3277 -3.4691 0.0300 0.5085 238.0000 23.8000 0.0000 5.9652 2.0000 
2280 2281 607 0.1493 -0.3277 -3.4691 0.3178 -0.6188 -3.7979 0.0300 0.4703 238.0000 23.8000 0.0000 6.7242 2.0000 
2281 2282 607 0.3178 -0.6188 -3.7979 0.4704 -0.8444 -4.1304 0.0300 0.4299 238.0000 23.8000 0.0000 7.5937 2.0000 
2282 2283 607 0.4704 -0.8444 -4.1304 0.6041 -1.1528 -4.6024 0.0300 0.5794 238.0000 23.8000 0.0000 9.2484 2.0000 
2283 2284 607 0.6041 -1.1528 -4.6024 0.7146 -1.4054 -4.9817 0.0300 0.4690 238.0000 23.8000 0.0000 11.5528 2.0000 
2284 2285 607 0.7146 -1.4054 -4.9817 0.7282 -1.4385 -5.0313 0.0300 0.0611 238.0000 23.8000 0.0000 12.0000 2.0000 
2082 2286 608 -0.0310 -0.0275 -3.3005 -0.3322 0.1437 -3.6251 0.0300 0.4748 238.0000 23.8000 0.0000 5.9756 2.0000 
2286 2287 608 -0.3322 0.1437 -3.6251 -0.6089 0.3090 -3.9275 0.0300 0.4419 238.0000 23.8000 0.0000 6.6817 2.0000 
2287 2288 608 -0.6089 0.3090 -3.9275 -0.9621 0.4934 -4.2598 0.0300 0.5189 238.0000 23.8000 0.0000 7.7557 2.0000 
2288 2289 608 -0.9621 0.4934 -4.2598 -1.2735 0.6656 -4.5462 0.0300 0.4567 238.0000 23.8000 0.0000 9.1005 2.0000 
2289 2290 608 -1.2735 0.6656 -4.5462 -1.5678 0.8451 -4.8545 0.0300 0.4624 238.0000 23.8000 0.0000 11.3940 2.0000 
2290 2291 608 -1.5678 0.8451 -4.8545 -1.6195 0.8729 -4.9065 0.0300 0.0785 238.0000 23.8000 0.0000 12.0000 2.0000 
2083 2292 609 -0.0622 -0.0447 -3.5112 0.1479 -0.2009 -3.8125 0.0300 0.3991 238.0000 23.8000 0.0000 5.8797 2.0000 
2292 2293 609 0.1479 -0.2009 -3.8125 0.3746 -0.3497 -4.1969 0.0300 0.4704 238.0000 23.8000 0.0000 6.5383 2.0000 
2293 2294 609 0.3746 -0.3497 -4.1969 0.6313 -0.5487 -4.6209 0.0300 0.5342 238.0000 23.8000 0.0000 7.5177 2.0000 
2294 2295 609 0.6313 -0.5487 -4.6209 0.8508 -0.7106 -4.9452 0.0300 0.4237 238.0000 23.8000 0.0000 8.6134 2.0000 
2295 2296 609 0.8508 -0.7106 -4.9452 1.1063 -0.9128 -5.3811 0.0300 0.5442 238.0000 23.8000 0.0000 11.1130 2.0000 
2296 2297 609 1.1063 -0.9128 -5.3811 1.1533 -0.9538 -5.4684 0.0300 0.1073 238.0000 23.8000 0.0000 12.0000 2.0000 
2084 2298 610 -0.0886 -0.0489 -3.7022 -0.1616 -0.3901 -4.0401 0.0300 0.4857 238.0000 23.8000 0.0000 6.0924 2.0000 
2298 2299 610 -0.1616 -0.3901 -4.0401 -0.2318 -0.7091 -4.3748 0.0300 0.4677 238.0000 23.8000 0.0000 6.8213 2.0000 
2299 2300 610 -0.2318 -0.7091 -4.3748 -0.3133 -1.0732 -4.7482 0.0300 0.5279 238.0000 23.8000 0.0000 7.8974 2.0000 
2300 2301 610 -0.3133 -1.0732 -4.7482 -0.3810 -1.3804 -5.0731 0.0300 0.4522 238.0000 23.8000 0.0000 9.2152 2.0000 
2301 2302 610 -0.3810 -1.3804 -5.0731 -0.4673 -1.7340 -5.4131 0.0300 0.4981 238.0000 23.8000 0.0000 11.7631 2.0000 
2302 2303 610 -0.4673 -1.7340 -5.4131 -0.4729 -1.7553 -5.4332 0.0300 0.0298 238.0000 23.8000 0.0000 12.0000 2.0000 
2085 2304 611 -0.1199 -0.0635 -3.9118 0.1543 -0.0990 -4.3237 0.0300 0.4961 238.0000 23.8000 0.0000 6.2157 2.0000 
2304 2305 611 0.1543 -0.0990 -4.3237 0.4790 -0.1465 -4.7727 0.0300 0.5561 238.0000 23.8000 0.0000 7.1611 2.0000 
2305 2306 611 0.4790 -0.1465 -4.7727 0.7671 -0.1923 -5.1576 0.0300 0.4830 238.0000 23.8000 0.0000 8.2401 2.0000 
2306 2307 611 0.7671 -0.1923 -5.1576 1.0615 -0.2586 -5.4926 0.0300 0.4509 238.0000 23.8000 0.0000 9.6472 2.0000 
2307 2308 611 1.0615 -0.2586 -5.4926 1.3648 -0.3264 -5.8293 0.0300 0.4582 238.0000 23.8000 0.0000 12.0000 2.0000 
2086 2309 612 -0.1460 -0.0794 -4.1176 -0.2128 -0.4032 -4.4430 0.0300 0.4639 238.0000 23.8000 0.0000 6.2412 2.0000 
2309 2310 612 -0.2128 -0.4032 -4.4430 -0.2779 -0.6991 -4.7177 0.0300 0.4090 238.0000 23.8000 0.0000 6.9212 2.0000 
2310 2311 612 -0.2779 -0.6991 -4.7177 -0.3559 -1.0296 -5.0180 0.0300 0.4533 238.0000 23.8000 0.0000 7.8670 2.0000 
2311 2312 612 -0.3559 -1.0296 -5.0180 -0.4389 -1.3765 -5.3690 0.0300 0.5004 238.0000 23.8000 0.0000 9.3254 2.0000 
2312 2313 612 -0.4389 -1.3765 -5.3690 -0.5328 -1.7458 -5.7254 0.0300 0.5217 238.0000 23.8000 0.0000 12.0000 2.0000 
2087 2314 613 -0.1615 -0.1002 -4.3078 -0.1341 0.1554 -4.6660 0.0300 0.4409 238.0000 23.8000 0.0000 6.2870 2.0000 
2314 2315 613 -0.1341 0.1554 -4.6660 -0.0947 0.4865 -5.0723 0.0300 0.5256 238.0000 23.8000 0.0000 7.2087 2.0000 
2315 2316 613 -0.0947 0.4865 -5.0723 -0.0604 0.7527 -5.4074 0.0300 0.4293 238.0000 23.8000 0.0000 8.1804 2.0000 
2316 2317 613 -0.0604 0.7527 -5.4074 -0.0133 1.0653 -5.8405 0.0300 0.5362 238.0000 23.8000 0.0000 9.9176 2.0000 
2317 2318 613 -0.0133 1.0653 -5.8405 0.0570 1.3016 -6.1369 0.0300 0.3856 238.0000 23.8000 0.0000 12.0000 2.0000 
2088 2319 614 -0.1779 -0.1227 -4.5052 0.0436 -0.4058 -4.8415 0.0300 0.4922 238.0000 23.8000 0.0000 6.4493 2.0000 
2319 2320 614 0.0436 -0.4058 -4.8415 0.2496 -0.6602 -5.1724 0.0300 0.4655 238.0000 23.8000 0.0000 7.3108 2.0000 
2320 2321 614 0.2496 -0.6602 -5.1724 0.4381 -0.9109 -5.4746 0.0300 0.4355 238.0000 23.8000 0.0000 8.3609 2.0000 
2321 2322 614 0.4381 -0.9109 -5.4746 0.6488 -1.1673 -5.8052 0.0300 0.4684 238.0000 23.8000 0.0000 9.9932 2.0000 
2322 2323 614 0.6488 -1.1673 -5.8052 0.7932 -1.3640 -6.0541 0.0300 0.3486 238.0000 23.8000 0.0000 12.0000 2.0000 
2089 2324 615 -0.1892 -0.1451 -4.7034 0.0948 -0.3443 -5.0481 0.0300 0.4891 238.0000 23.8000 0.0000 6.3865 2.0000 
2324 2325 615 0.0948 -0.3443 -5.0481 0.3422 -0.5248 -5.3476 0.0300 0.4283 238.0000 23.8000 0.0000 7.0297 2.0000 
2325 2326 615 0.3422 -0.5248 -5.3476 0.6314 -0.7764 -5.6907 0.0300 0.5145 238.0000 23.8000 0.0000 8.0186 2.0000 
2326 2327 615 0.6314 -0.7764 -5.6907 0.9116 -1.0172 -6.0151 0.0300 0.4917 238.0000 23.8000 0.0000 9.3637 2.0000 
2327 2328 615 0.9116 -1.0172 -6.0151 1.1899 -1.2905 -6.3578 0.0300 0.5192 238.0000 23.8000 0.0000 11.8794 2.0000 
2328 2329 615 1.1899 -1.2905 -6.3578 1.1985 -1.2993 -6.3684 0.0300 0.0163 238.0000 23.8000 0.0000 12.0000 2.0000 
2090 2330 616 -0.2111 -0.1595 -4.8958 -0.4781 -0.3861 -5.1787 0.0300 0.4502 238.0000 23.8000 0.0000 6.4357 2.0000 
2330 2331 616 -0.4781 -0.3861 -5.1787 -0.7262 -0.5863 -5.4665 0.0300 0.4295 238.0000 23.8000 0.0000 7.1253 2.0000 
2331 2332 616 -0.7262 -0.5863 -5.4665 -1.0239 -0.7969 -5.8086 0.0300 0.5000 238.0000 23.8000 0.0000 8.1600 2.0000 
2332 2333 616 -1.0239 -0.7969 -5.8086 -1.2953 -0.9694 -6.1543 0.0300 0.4722 238.0000 23.8000 0.0000 9.5574 2.0000 
2333 2334 616 -1.2953 -0.9694 -6.1543 -1.5618 -1.1399 -6.4965 0.0300 0.4661 238.0000 23.8000 0.0000 11.9431 2.0000 
2334 2335 616 -1.5618 -1.1399 -6.4965 -1.5661 -1.1427 -6.5021 0.0300 0.0076 238.0000 23.8000 0.0000 12.0000 2.0000 
2091 2336 617 -0.2368 -0.1763 -5.1192 -0.0416 -0.4289 -5.4480 0.0300 0.4583 238.0000 23.8000 0.0000 6.4782 2.0000 
2336 2337 617 -0.0416 -0.4289 -5.4480 0.1643 -0.6597 -5.7975 0.0300 0.4667 238.0000 23.8000 0.0000 7.1910 2.0000 
2337 2338 617 0.1643 -0.6597 -5.7975 0.3845 -0.8967 -6.1318 0.0300 0.4652 238.0000 23.8000 0.0000 8.1097 2.0000 
2338 2339 617 0.3845 -0.8967 -6.1318 0.6807 -1.1102 -6.4539 0.0300 0.4868 238.0000 23.8000 0.0000 9.4867 2.0000 
2339 2340 617 0.6807 -1.1102 -6.4539 0.9712 -1.3211 -6.7532 0.0300 0.4674 238.0000 23.8000 0.0000 11.8373 2.0000 
2340 2341 617 0.9712 -1.3211 -6.7532 0.9842 -1.3308 -6.7669 0.0300 0.0212 238.0000 23.8000 0.0000 12.0000 2.0000 
2092 2342 618 -0.2331 -0.1823 -5.3272 -0.2263 0.1117 -5.6496 0.0300 0.4364 238.0000 23.8000 0.0000 6.4956 2.0000 
2342 2343 618 -0.2263 0.1117 -5.6496 -0.2134 0.4598 -6.0273 0.0300 0.5138 238.0000 23.8000 0.0000 7.2560 2.0000 
2343 2344 618 -0.2134 0.4598 -6.0273 -0.1965 0.7096 -6.3241 0.0300 0.3883 238.0000 23.8000 0.0000 7.9873 2.0000 
2344 2345 618 -0.1965 0.7096 -6.3241 -0.1769 1.0145 -6.6854 0.0300 0.4732 238.0000 23.8000 0.0000 9.2026 2.0000 
2345 2346 618 -0.1769 1.0145 -6.6854 -0.1849 1.3212 -7.1012 0.0300 0.5167 238.0000 23.8000 0.0000 11.5070 2.0000 
2346 2347 618 -0.1849 1.3212 -7.1012 -0.1832 1.3622 -7.1565 0.0300 0.0689 238.0000 23.8000 0.0000 12.0000 2.0000 
2093 2348 619 -0.2301 -0.1837 -5.5251 -0.3412 -0.5756 -5.8944 0.0300 0.5498 238.0000 23.8000 0.0000 6.7868 2.0000 
2348 2349 619 -0.3412 -0.5756 -5.8944 -0.4272 -0.9194 -6.2796 0.0300 0.5234 238.0000 23.8000 0.0000 7.6901 2.0000 
2349 2350 619 -0.4272 -0.9194 -6.2796 -0.4870 -1.2425 -6.6316 0.0300 0.4816 238.0000 23.8000 0.0000 8.7811 2.0000 
2350 2351 619 -0.4870 -1.2425 -6.6316 -0.5423 -1.5346 -6.9577 0.0300 0.4413 238.0000 23.8000 0.0000 10.1846 2.0000 
2351 2352 619 -0.5423 -1.5346 -6.9577 -0.5901 -1.7847 -7.2245 0.0300 0.3688 238.0000 23.8000 0.0000 12.0000 2.0000 
2094 2353 620 -0.2311 -0.1907 -5.7229 0.1156 -0.2847 -6.0913 0.0300 0.5145 238.0000 23.8000 0.0000 6.7041 2.0000 
2353 2354 620 0.1156 -0.2847 -6.0913 0.4968 -0.3484 -6.5026 0.0300 0.5644 238.0000 23.8000 0.0000 7.5412 2.0000 
2354 2355 620 0.4968 -0.3484 -6.5026 0.7757 -0.4273 -6.8654 0.0300 0.4644 238.0000 23.8000 0.0000 8.4359 2.0000 
2355 2356 620 0.7757 -0.4273 -6.8654 1.0413 -0.4940 -7.2019 0.0300 0.4338 238.0000 23.8000 0.0000 9.5701 2.0000 
2356 2357 620 1.0413 -0.4940 -7.2019 1.3787 -0.5822 -7.6242 0.0300 0.5477 238.0000 23.8000 0.0000 11.9743 2.0000 
2357 2358 620 1.3787 -0.5822 -7.6242 1.3812 -0.5829 -7.6273 0.0300 0.0040 238.0000 23.8000 0.0000 12.0000 2.0000 
2095 2359 621 -0.2354 -0.2009 -5.9335 -0.3280 0.1103 -6.2989 0.0300 0.4888 238.0000 23.8000 0.0000 6.8164 2.0000 
2359 2360 621 -0.3280 0.1103 -6.2989 -0.4185 0.3656 -6.6229 0.0300 0.4223 238.0000 23.8000 0.0000 7.5182 2.0000 
2360 2361 621 -0.4185 0.3656 -6.6229 -0.5085 0.6182 -6.9412 0.0300 0.4162 238.0000 23.8000 0.0000 8.3943 2.0000 
2361 2362 621 -0.5085 0.6182 -6.9412 -0.6104 0.8266 -7.2120 0.0300 0.3566 238.0000 23.8000 0.0000 9.3881 2.0000 
2362 2363 621 -0.6104 0.8266 -7.2120 -0.7408 1.0994 -7.5652 0.0300 0.4649 238.0000 23.8000 0.0000 11.4024 2.0000 
2363 2364 621 -0.7408 1.0994 -7.5652 -0.7653 1.1561 -7.6331 0.0300 0.0918 238.0000 23.8000 0.0000 12.0000 2.0000 
2096 2365 622 -0.2342 -0.2125 -6.1396 -0.5333 -0.0494 -6.5093 0.0300 0.5027 238.0000 23.8000 0.0000 6.7835 2.0000 
2365 2366 622 -0.5333 -0.0494 -6.5093 -0.8405 0.1133 -6.8958 0.0300 0.5198 238.0000 23.8000 0.0000 7.4957 2.0000 
2366 2367 622 -0.8405 0.1133 -6.8958 -1.1609 0.2816 -7.2819 0.0300 0.5292 238.0000 23.8000 0.0000 8.4294 2.0000 
2367 2368 622 -1.1609 0.2816 -7.2819 -1.4363 0.4551 -7.6163 0.0300 0.4667 238.0000 23.8000 0.0000 9.5605 2.0000 
2368 2369 622 -1.4363 0.4551 -7.6163 -1.7454 0.6437 -8.0026 0.0300 0.5294 238.0000 23.8000 0.0000 11.6435 2.0000 
2369 2370 622 -1.7454 0.6437 -8.0026 -1.7813 0.6652 -8.0472 0.0300 0.0611 238.0000 23.8000 0.0000 12.0000 2.0000 
2097 2371 623 -0.2256 -0.2145 -6.3344 -0.3150 0.0973 -6.7068 0.0300 0.4939 238.0000 23.8000 0.0000 6.8978 2.0000 
2371 2372 623 -0.3150 0.0973 -6.7068 -0.4002 0.3849 -7.0566 0.0300 0.4607 238.0000 23.8000 0.0000 7.6105 2.0000 
2372 2373 623 -0.4002 0.3849 -7.0566 -0.5401 0.7370 -7.4672 0.0300 0.5587 238.0000 23.8000 0.0000 8.7636 2.0000 
2373 2374 623 -0.5401 0.7370 -7.4672 -0.6711 1.0379 -7.8484 0.0300 0.5030 238.0000 23.8000 0.0000 10.3486 2.0000 
2374 2375 623 -0.6711 1.0379 -7.8484 -0.7838 1.2331 -8.0703 0.0300 0.3163 238.0000 23.8000 0.0000 12.0000 2.0000 
2098 2376 624 -0.2091 -0.2118 -6.5239 -0.0219 0.1060 -6.9023 0.0300 0.5283 238.0000 23.8000 0.0000 7.1409 2.0000 
2376 2377 624 -0.0219 0.1060 -6.9023 0.1663 0.3580 -7.2879 0.0300 0.4976 238.0000 23.8000 0.0000 8.0792 2.0000 
2377 2378 624 0.1663 0.3580 -7.2879 0.3394 0.6312 -7.6164 0.0300 0.4610 238.0000 23.8000 0.0000 9.1953 2.0000 
2378 2379 624 0.3394 0.6312 -7.6164 0.5455 0.9346 -7.9804 0.0300 0.5167 238.0000 23.8000 0.0000 10.9670 2.0000 
2379 2380 624 0.5455 0.9346 -7.9804 0.6380 1.0583 -8.1268 0.0300 0.2128 238.0000 23.8000 0.0000 12.0000 2.0000 
2099 2381 625 -0.1921 -0.2068 -6.7225 -0.2843 0.0526 -7.0111 0.0300 0.3989 238.0000 23.8000 0.0000 6.8473 2.0000 
2381 2382 625 -0.2843 0.0526 -7.0111 -0.4009 0.3457 -7.3369 0.0300 0.4535 238.0000 23.8000 0.0000 7.4604 2.0000 
2382 2383 625 -0.4009 0.3457 -7.3369 -0.5063 0.6603 -7.7113 0.0300 0.5003 238.0000 23.8000 0.0000 8.3275 2.0000 
2383 2384 625 -0.5063 0.6603 -7.7113 -0.5785 0.9567 -8.0095 0.0300 0.4265 238.0000 23.8000 0.0000 9.3420 2.0000 
2384 2385 625 -0.5785 0.9567 -8.0095 -0.6958 1.3162 -8.3846 0.0300 0.5327 238.0000 23.8000 0.0000 11.4570 2.0000 
2385 2386 625 -0.6958 1.3162 -8.3846 -0.7151 1.3716 -8.4469 0.0300 0.0856 238.0000 23.8000 0.0000 12.0000 2.0000 
2100 2387 626 -0.1679 -0.1981 -6.9198 -0.2130 0.0847 -7.2057 0.0300 0.4047 238.0000 23.8000 0.0000 7.0001 2.0000 
2387 2388 626 -0.2130 0.0847 -7.2057 -0.2576 0.3720 -7.4913 0.0300 0.4075 238.0000 23.8000 0.0000 7.6606 2.0000 
2388 2389 626 -0.2576 0.3720 -7.4913 -0.3087 0.6621 -7.7835 0.0300 0.4148 238.0000 23.8000 0.0000 8.5132 2.0000 
2389 2390 626 -0.3087 0.6621 -7.7835 -0.3439 0.9644 -8.0941 0.0300 0.4349 238.0000 23.8000 0.0000 9.7521 2.0000 
2390 2391 626 -0.3439 0.9644 -8.0941 -0.3900 1.2954 -8.4131 0.0300 0.4620 238.0000 23.8000 0.0000 12.0000 2.0000 
2101 2392 627 -0.1298 -0.1983 -7.1244 0.1086 0.1311 -7.4609 0.0300 0.5278 238.0000 23.8000 0.0000 7.0641 2.0000 
2392 2393 627 0.1086 0.1311 -7.4609 0.2682 0.3936 -7.7580 0.0300 0.4274 238.0000 23.8000 0.0000 7.6061 2.0000 
2393 2394 627 0.2682 0.3936 -7.7580 0.4594 0.7021 -8.1182 0.0300 0.5114 238.0000 23.8000 0.0000 8.4512 2.0000 
2394 2395 627 0.4594 0.7021 -8.1182 0.6379 0.9798 -8.4277 0.0300 0.4524 238.0000 23.8000 0.0000 9.5321 2.0000 
2395 2396 627 0.6379 0.9798 -8.4277 0.8380 1.2439 -8.7610 0.0300 0.4701 238.0000 23.8000 0.0000 11.5299 2.0000 
2396 2397 627 0.8380 1.2439 -8.7610 0.8668 1.2814 -8.8088 0.0300 0.0672 238.0000 23.8000 0.0000 12.0000 2.0000 
2102 2398 628 -0.0958 -0.2059 -7.3067 -0.0683 -0.5421 -7.6730 0.0300 0.4980 238.0000 23.8000 0.0000 7.2003 2.0000 
2398 2399 628 -0.0683 -0.5421 -7.6730 -0.0653 -0.8186 -7.9595 0.0300 0.3982 238.0000 23.8000 0.0000 7.8039 2.0000 
2399 2400 628 -0.0653 -0.8186 -7.9595 -0.0377 -1.1152 -8.2652 0.0300 0.4268 238.0000 23.8000 0.0000 8.6107 2.0000 
2400 2401 628 -0.0377 -1.1152 -8.2652 -0.0168 -1.5062 -8.6438 0.0300 0.5447 238.0000 23.8000 0.0000 10.0738 2.0000 
2401 2402 628 -0.0168 -1.5062 -8.6438 0.0038 -1.8114 -8.9363 0.0300 0.4233 238.0000 23.8000 0.0000 12.0000 2.0000 
2103 2403 629 -0.0589 -0.2125 -7.4992 0.2920 -0.3859 -7.8021 0.0300 0.4950 238.0000 23.8000 0.0000 7.2588 2.0000 
2403 2404 629 0.2920 -0.3859 -7.8021 0.6402 -0.5634 -8.1100 0.0300 0.4975 238.0000 23.8000 0.0000 8.0400 2.0000 
2404 2405 629 0.6402 -0.5634 -8.1100 0.9250 -0.7304 -8.3849 0.0300 0.4297 238.0000 23.8000 0.0000 8.9214 2.0000 
2405 2406 629 0.9250 -0.7304 -8.3849 1.2471 -0.9187 -8.6951 0.0300 0.4852 238.0000 23.8000 0.0000 10.3599 2.0000 
2406 2407 629 1.2471 -0.9187 -8.6951 1.4670 -1.0380 -8.9219 0.0300 0.3377 238.0000 23.8000 0.0000 12.0000 2.0000 
2104 2408 630 -0.0281 -0.2227 -7.6898 -0.2881 -0.2349 -8.0599 0.0300 0.4525 238.0000 23.8000 0.0000 7.2354 2.0000 
2408 2409 630 -0.2881 -0.2349 -8.0599 -0.5586 -0.2667 -8.4762 0.0300 0.4974 238.0000 23.8000 0.0000 7.9525 2.0000 
2409 2410 630 -0.5586 -0.2667 -8.4762 -0.7998 -0.3271 -8.8718 0.0300 0.4673 238.0000 23.8000 0.0000 8.8112 2.0000 
2410 2411 630 -0.7998 -0.3271 -8.8718 -1.0764 -0.4918 -9.3441 0.0300 0.5715 238.0000 23.8000 0.0000 10.3150 2.0000 
2411 2412 630 -1.0764 -0.4918 -9.3441 -1.2868 -0.5986 -9.6572 0.0300 0.3921 238.0000 23.8000 0.0000 12.0000 2.0000 
2105 2413 631 0.0014 -0.2225 -7.8807 0.3811 -0.2078 -8.1637 0.0300 0.4738 238.0000 23.8000 0.0000 7.3643 2.0000 
2413 2414 631 0.3811 -0.2078 -8.1637 0.6835 -0.1754 -8.4235 0.0300 0.3999 238.0000 23.8000 0.0000 7.9900 2.0000 
2414 2415 631 0.6835 -0.1754 -8.4235 0.9678 -0.1448 -8.6676 0.0300 0.3760 238.0000 23.8000 0.0000 8.7221 2.0000 
2415 2416 631 0.9678 -0.1448 -8.6676 1.3084 -0.0943 -8.9702 0.0300 0.4584 238.0000 23.8000 0.0000 9.9402 2.0000 
2416 2417 631 1.3084 -0.0943 -8.9702 1.6190 -0.0488 -9.2569 0.0300 0.4251 238.0000 23.8000 0.0000 11.7754 2.0000 
2417 2418 631 1.6190 -0.0488 -9.2569 1.6462 -0.0445 -9.2812 0.0300 0.0368 238.0000 23.8000 0.0000 12.0000 2.0000 
2106 2419 632 0.0294 -0.2398 -8.0923 0.1137 -0.5550 -8.3864 0.0300 0.4393 238.0000 23.8000 0.0000 7.4579 2.0000 
2419 2420 632 0.1137 -0.5550 -8.3864 0.2070 -0.9570 -8.7274 0.0300 0.5354 238.0000 23.8000 0.0000 8.4025 2.0000 
2420 2421 632 0.2070 -0.9570 -8.7274 0.3053 -1.3555 -9.0642 0.0300 0.5309 238.0000 23.8000 0.0000 9.6357 2.0000 
2421 2422 632 0.3053 -1.3555 -9.0642 0.3968 -1.7257 -9.3778 0.0300 0.4937 238.0000 23.8000 0.0000 11.2842 2.0000 
2422 2423 632 0.3968 -1.7257 -9.3778 0.4246 -1.8454 -9.4769 0.0300 0.1578 238.0000 23.8000 0.0000 12.0000 2.0000 
2107 2424 633 0.0591 -0.2624 -8.3013 -0.1115 -0.0112 -8.7131 0.0300 0.5116 238.0000 23.8000 0.0000 7.5748 2.0000 
2424 2425 633 -0.1115 -0.0112 -8.7131 -0.2891 0.2469 -9.1493 0.0300 0.5370 238.0000 23.8000 0.0000 8.4645 2.0000 
2425 2426 633 -0.2891 0.2469 -9.1493 -0.4500 0.4860 -9.5693 0.0300 0.5093 238.0000 23.8000 0.0000 9.5658 2.0000 
2426 2427 633 -0.4500 0.4860 -9.5693 -0.5948 0.7311 -9.9836 0.0300 0.5027 238.0000 23.8000 0.0000 11.1115 2.0000 
2427 2428 633 -0.5948 0.7311 -9.9836 -0.6543 0.8276 -10.1572 0.0300 0.2073 238.0000 23.8000 0.0000 12.0000 2.0000 
2108 2429 634 0.0782 -0.2893 -8.4967 0.3398 -0.0749 -8.8503 0.0300 0.4894 238.0000 23.8000 0.0000 7.6269 2.0000 
2429 2430 634 0.3398 -0.0749 -8.8503 0.6609 0.1909 -9.2311 0.0300 0.5645 238.0000 23.8000 0.0000 8.5832 2.0000 
2430 2431 634 0.6609 0.1909 -9.2311 0.9629 0.3977 -9.5919 0.0300 0.5140 238.0000 23.8000 0.0000 9.7106 2.0000 
2431 2432 634 0.9629 0.3977 -9.5919 1.3186 0.6597 -10.0060 0.0300 0.6055 238.0000 23.8000 0.0000 11.6408 2.0000 
2432 2433 634 1.3186 0.6597 -10.0060 1.3680 0.6960 -10.0633 0.0300 0.0840 238.0000 23.8000 0.0000 12.0000 2.0000 
2109 2434 635 0.0990 -0.3151 -8.6847 0.3783 -0.0746 -9.0403 0.0300 0.5121 238.0000 23.8000 0.0000 7.7253 2.0000 
2434 2435 635 0.3783 -0.0746 -9.0403 0.5651 0.1486 -9.3547 0.0300 0.4285 238.0000 23.8000 0.0000 8.4654 2.0000 
2435 2436 635 0.5651 0.1486 -9.3547 0.7676 0.3907 -9.6962 0.0300 0.4650 238.0000 23.8000 0.0000 9.5015 2.0000 
2436 2437 635 0.7676 0.3907 -9.6962 0.9462 0.5809 -9.9342 0.0300 0.3532 238.0000 23.8000 0.0000 10.5673 2.0000 
2437 2438 635 0.9462 0.5809 -9.9342 1.1272 0.7547 -10.1516 0.0300 0.3320 238.0000 23.8000 0.0000 12.0000 2.0000 
2110 2439 636 0.1176 -0.3413 -8.8652 -0.0707 -0.7561 -9.2454 0.0300 0.5934 238.0000 23.8000 0.0000 7.9689 2.0000 
2439 2440 636 -0.0707 -0.7561 -9.2454 -0.2037 -1.0496 -9.5105 0.0300 0.4172 238.0000 23.8000 0.0000 8.7562 2.0000 
2440 2441 636 -0.2037 -1.0496 -9.5105 -0.3648 -1.4207 -9.8337 0.0300 0.5179 238.0000 23.8000 0.0000 10.0191 2.0000 
2441 2442 636 -0.3648 -1.4207 -9.8337 -0.5261 -1.7608 -10.1516 0.0300 0.4927 238.0000 23.8000 0.0000 11.7707 2.0000 
2442 2443 636 -0.5261 -1.7608 -10.1516 -0.5427 -1.7945 -10.1844 0.0300 0.0498 238.0000 23.8000 0.0000 12.0000 2.0000 
2111 2444 637 0.1370 -0.3658 -9.0601 0.4130 -0.6312 -9.3473 0.0300 0.4787 238.0000 23.8000 0.0000 7.7617 2.0000 
2444 2445 637 0.4130 -0.6312 -9.3473 0.6727 -0.8796 -9.5921 0.0300 0.4348 238.0000 23.8000 0.0000 8.4773 2.0000 
2445 2446 637 0.6727 -0.8796 -9.5921 0.9526 -1.1386 -9.8944 0.0300 0.4867 238.0000 23.8000 0.0000 9.5373 2.0000 
2446 2447 637 0.9526 -1.1386 -9.8944 1.2432 -1.4144 -10.1568 0.0300 0.4789 238.0000 23.8000 0.0000 11.1159 2.0000 
2447 2448 637 1.2432 -1.4144 -10.1568 1.3554 -1.5208 -10.2488 0.0300 0.1799 238.0000 23.8000 0.0000 12.0000 2.0000 
2112 2449 638 0.1611 -0.3890 -9.2539 0.4651 -0.2824 -9.5371 0.0300 0.4290 238.0000 23.8000 0.0000 7.7800 2.0000 
2449 2450 638 0.4651 -0.2824 -9.5371 0.7903 -0.1720 -9.8302 0.0300 0.4515 238.0000 23.8000 0.0000 8.5575 2.0000 
2450 2451 638 0.7903 -0.1720 -9.8302 1.0934 -0.0382 -10.0994 0.0300 0.4269 238.0000 23.8000 0.0000 9.5306 2.0000 
2451 2452 638 1.0934 -0.0382 -10.0994 1.3680 0.0822 -10.3442 0.0300 0.3871 238.0000 23.8000 0.0000 10.7918 2.0000 
2452 2453 638 1.3680 0.0822 -10.3442 1.5411 0.1615 -10.5045 0.0300 0.2489 238.0000 23.8000 0.0000 12.0000 2.0000 
2113 2454 639 0.1858 -0.4245 -9.4614 0.4558 -0.6953 -9.7135 0.0300 0.4580 238.0000 23.8000 0.0000 7.9117 2.0000 
2454 2455 639 0.4558 -0.6953 -9.7135 0.7355 -0.9713 -9.9757 0.0300 0.4724 238.0000 23.8000 0.0000 8.7333 2.0000 
2455 2456 639 0.7355 -0.9713 -9.9757 1.0695 -1.2160 -10.2830 0.0300 0.5156 238.0000 23.8000 0.0000 9.8868 2.0000 
2456 2457 639 1.0695 -1.2160 -10.2830 1.3840 -1.4466 -10.5720 0.0300 0.4854 238.0000 23.8000 0.0000 11.4155 2.0000 
2457 2458 639 1.3840 -1.4466 -10.5720 1.4752 -1.5149 -10.6545 0.0300 0.1407 238.0000 23.8000 0.0000 12.0000 2.0000 
2114 2459 640 0.2050 -0.4528 -9.6683 0.1948 -0.7881 -9.9443 0.0300 0.4343 238.0000 23.8000 0.0000 7.9002 2.0000 
2459 2460 640 0.1948 -0.7881 -9.9443 0.1702 -1.2168 -10.3151 0.0300 0.5674 238.0000 23.8000 0.0000 8.8403 2.0000 
2460 2461 640 0.1702 -1.2168 -10.3151 0.1215 -1.5891 -10.6504 0.0300 0.5033 238.0000 23.8000 0.0000 9.9510 2.0000 
2461 2462 640 0.1215 -1.5891 -10.6504 0.0489 -1.8964 -10.9613 0.0300 0.4431 238.0000 23.8000 0.0000 11.3359 2.0000 
2462 2463 640 0.0489 -1.8964 -10.9613 0.0223 -2.0045 -11.0743 0.0300 0.1586 238.0000 23.8000 0.0000 12.0000 2.0000 
2115 2464 641 0.2291 -0.4782 -9.8939 0.4328 -0.7935 -10.1981 0.0300 0.4832 238.0000 23.8000 0.0000 7.9305 2.0000 
2464 2465 641 0.4328 -0.7935 -10.1981 0.6615 -1.1676 -10.5076 0.0300 0.5367 238.0000 23.8000 0.0000 8.6853 2.0000 
2465 2466 641 0.6615 -1.1676 -10.5076 0.8376 -1.4554 -10.7458 0.0300 0.4130 238.0000 23.8000 0.0000 9.4436 2.0000 
2466 2467 641 0.8376 -1.4554 -10.7458 1.0073 -1.7243 -10.9687 0.0300 0.3883 238.0000 23.8000 0.0000 10.4067 2.0000 
2467 2468 641 1.0073 -1.7243 -10.9687 1.1875 -2.0125 -11.2031 0.0300 0.4129 238.0000 23.8000 0.0000 12.0000 2.0000 
2116 2469 642 0.2471 -0.5110 -10.0717 0.3952 -0.9059 -10.3671 0.0300 0.5149 238.0000 23.8000 0.0000 8.1708 2.0000 
2469 2470 642 0.3952 -0.9059 -10.3671 0.5750 -1.2898 -10.6796 0.0300 0.5266 238.0000 23.8000 0.0000 9.0862 2.0000 
2470 2471 642 0.5750 -1.2898 -10.6796 0.7109 -1.6729 -10.9854 0.0300 0.5087 238.0000 23.8000 0.0000 10.2377 2.0000 
2471 2472 642 0.7109 -1.6729 -10.9854 0.8456 -2.0532 -11.2673 0.0300 0.4922 238.0000 23.8000 0.0000 11.8144 2.0000 
2472 2473 642 0.8456 -2.0532 -11.2673 0.8579 -2.0891 -11.2932 0.0300 0.0459 238.0000 23.8000 0.0000 12.0000 2.0000 
2117 2474 643 0.2672 -0.5500 -10.2727 0.3894 -0.8797 -10.4862 0.0300 0.4113 238.0000 23.8000 0.0000 8.0744 2.0000 
2474 2475 643 0.3894 -0.8797 -10.4862 0.5308 -1.2566 -10.7383 0.0300 0.4751 238.0000 23.8000 0.0000 8.8590 2.0000 
2475 2476 643 0.5308 -1.2566 -10.7383 0.6321 -1.6441 -10.9894 0.0300 0.4727 238.0000 23.8000 0.0000 9.8546 2.0000 
2476 2477 643 0.6321 -1.6441 -10.9894 0.7199 -2.0749 -11.2563 0.0300 0.5143 238.0000 23.8000 0.0000 11.3781 2.0000 
2477 2478 643 0.7199 -2.0749 -11.2563 0.7518 -2.2043 -11.3362 0.0300 0.1555 238.0000 23.8000 0.0000 12.0000 2.0000 
2118 2479 644 0.2842 -0.5849 -10.4581 0.5717 -0.4290 -10.8174 0.0300 0.4860 238.0000 23.8000 0.0000 8.3103 2.0000 
2479 2480 644 0.5717 -0.4290 -10.8174 0.8098 -0.2990 -11.1085 0.0300 0.3979 238.0000 23.8000 0.0000 9.0436 2.0000 
2480 2481 644 0.8098 -0.2990 -11.1085 1.0916 -0.1515 -11.4751 0.0300 0.4854 238.0000 23.8000 0.0000 10.1762 2.0000 
2481 2482 644 1.0916 -0.1515 -11.4751 1.3471 -0.0192 -11.8034 0.0300 0.4365 238.0000 23.8000 0.0000 11.5811 2.0000 
2482 2483 644 1.3471 -0.0192 -11.8034 1.4063 0.0120 -11.8812 0.0300 0.1026 238.0000 23.8000 0.0000 12.0000 2.0000 
2119 2484 645 0.2888 -0.6270 -10.6412 -0.0004 -0.7918 -10.9583 0.0300 0.4598 238.0000 23.8000 0.0000 8.1996 2.0000 
2484 2485 645 -0.0004 -0.7918 -10.9583 -0.2986 -0.9498 -11.2755 0.0300 0.4632 238.0000 23.8000 0.0000 8.9022 2.0000 
2485 2486 645 -0.2986 -0.9498 -11.2755 -0.6396 -1.1360 -11.6370 0.0300 0.5307 238.0000 23.8000 0.0000 9.9566 2.0000 
2486 2487 645 -0.6396 -1.1360 -11.6370 -0.9922 -1.3117 -11.9772 0.0300 0.5205 238.0000 23.8000 0.0000 11.4946 2.0000 
2487 2488 645 -0.9922 -1.3117 -11.9772 -1.0750 -1.3565 -12.0571 0.0300 0.1235 238.0000 23.8000 0.0000 12.0000 2.0000 
2120 2489 646 0.2935 -0.6601 -10.8395 0.5271 -0.4967 -11.1857 0.0300 0.4485 238.0000 23.8000 0.0000 8.3016 2.0000 
2489 2490 646 0.5271 -0.4967 -11.1857 0.7490 -0.3080 -11.5630 0.0300 0.4766 238.0000 23.8000 0.0000 9.1010 2.0000 
2490 2491 646 0.7490 -0.3080 -11.5630 0.9897 -0.1331 -11.9325 0.0300 0.4745 238.0000 23.8000 0.0000 10.1427 2.0000 
2491 2492 646 0.9897 -0.1331 -11.9325 1.1939 0.0015 -12.2904 0.0300 0.4334 238.0000 23.8000 0.0000 11.4914 2.0000 
2492 2493 646 1.1939 0.0015 -12.2904 1.2536 0.0444 -12.3899 0.0300 0.1237 238.0000 23.8000 0.0000 12.0000 2.0000 
2121 2494 647 0.2981 -0.6847 -11.0580 0.3406 -1.0254 -11.3505 0.0300 0.4511 238.0000 23.8000 0.0000 8.3591 2.0000 
2494 2495 647 0.3406 -1.0254 -11.3505 0.4134 -1.3960 -11.6857 0.0300 0.5050 238.0000 23.8000 0.0000 9.1788 2.0000 
2495 2496 647 0.4134 -1.3960 -11.6857 0.4821 -1.8166 -12.0256 0.0300 0.5451 238.0000 23.8000 0.0000 10.3442 2.0000 
2496 2497 647 0.4821 -1.8166 -12.0256 0.5067 -2.2031 -12.3784 0.0300 0.5239 238.0000 23.8000 0.0000 11.9993 2.0000 
2497 2498 647 0.5067 -2.2031 -12.3784 0.5067 -2.2032 -12.3786 0.0300 0.0002 238.0000 23.8000 0.0000 12.0000 2.0000 
2122 2499 648 0.2963 -0.7114 -11.2648 0.6515 -0.8386 -11.6687 0.0300 0.5528 238.0000 23.8000 0.0000 8.6990 2.0000 
2499 2500 648 0.6515 -0.8386 -11.6687 0.9134 -0.9289 -11.9753 0.0300 0.4132 238.0000 23.8000 0.0000 9.4953 2.0000 
2500 2501 648 0.9134 -0.9289 -11.9753 1.2642 -1.0457 -12.3606 0.0300 0.5340 238.0000 23.8000 0.0000 10.8098 2.0000 
2501 2502 648 1.2642 -1.0457 -12.3606 1.5114 -1.0585 -12.6222 0.0300 0.3602 238.0000 23.8000 0.0000 12.0000 2.0000 
2123 2503 649 0.2966 -0.7344 -11.4588 0.3884 -1.0948 -11.7396 0.0300 0.4660 238.0000 23.8000 0.0000 8.5510 2.0000 
2503 2504 649 0.3884 -1.0948 -11.7396 0.4740 -1.4536 -11.9820 0.0300 0.4415 238.0000 23.8000 0.0000 9.3185 2.0000 
2504 2505 649 0.4740 -1.4536 -11.9820 0.5394 -1.7877 -12.2836 0.0300 0.4548 238.0000 23.8000 0.0000 10.3252 2.0000 
2505 2506 649 0.5394 -1.7877 -12.2836 0.6063 -2.1341 -12.5973 0.0300 0.4721 238.0000 23.8000 0.0000 11.7852 2.0000 
2506 2507 649 0.6063 -2.1341 -12.5973 0.6146 -2.1740 -12.6341 0.0300 0.0549 238.0000 23.8000 0.0000 12.0000 2.0000 
2124 2508 650 0.2977 -0.7627 -11.6590 0.4663 -1.0326 -11.9213 0.0300 0.4124 238.0000 23.8000 0.0000 8.6403 2.0000 
2508 2509 650 0.4663 -1.0326 -11.9213 0.6796 -1.3697 -12.2178 0.0300 0.4971 238.0000 23.8000 0.0000 9.6808 2.0000 
2509 2510 650 0.6796 -1.3697 -12.2178 0.8393 -1.6628 -12.5240 0.0300 0.4529 238.0000 23.8000 0.0000 10.9554 2.0000 
2510 2511 650 0.8393 -1.6628 -12.5240 0.9364 -1.8423 -12.7085 0.0300 0.2751 238.0000 23.8000 0.0000 12.0000 2.0000 
2125 2512 651 0.2970 -0.7872 -11.8426 0.5799 -1.0055 -12.1413 0.0300 0.4657 238.0000 23.8000 0.0000 8.6601 2.0000 
2512 2513 651 0.5799 -1.0055 -12.1413 0.7874 -1.2952 -12.4710 0.0300 0.4855 238.0000 23.8000 0.0000 9.4846 2.0000 
2513 2514 651 0.7874 -1.2952 -12.4710 0.9850 -1.5937 -12.7551 0.0300 0.4571 238.0000 23.8000 0.0000 10.4641 2.0000 
2514 2515 651 0.9850 -1.5937 -12.7551 1.1605 -1.8718 -13.0568 0.0300 0.4463 238.0000 23.8000 0.0000 11.7422 2.0000 
2515 2516 651 1.1605 -1.8718 -13.0568 1.1881 -1.9166 -13.1081 0.0300 0.0735 238.0000 23.8000 0.0000 12.0000 2.0000 
2126 2517 652 0.2994 -0.8077 -12.0354 0.5289 -0.6218 -12.3830 0.0300 0.4561 238.0000 23.8000 0.0000 8.8279 2.0000 
2517 2518 652 0.5289 -0.6218 -12.3830 0.7555 -0.4417 -12.7387 0.0300 0.4586 238.0000 23.8000 0.0000 9.7668 2.0000 
2518 2519 652 0.7555 -0.4417 -12.7387 0.9885 -0.2343 -13.0757 0.0300 0.4592 238.0000 23.8000 0.0000 10.9860 2.0000 
2519 2520 652 0.9885 -0.2343 -13.0757 1.1524 -0.1020 -13.2767 0.0300 0.2911 238.0000 23.8000 0.0000 12.0000 2.0000 
2127 2521 653 0.3030 -0.8225 -12.2166 0.1640 -1.1551 -12.5384 0.0300 0.4832 238.0000 23.8000 0.0000 8.7935 2.0000 
2521 2522 653 0.1640 -1.1551 -12.5384 -0.0290 -1.4937 -12.8753 0.0300 0.5152 238.0000 23.8000 0.0000 9.6814 2.0000 
2522 2523 653 -0.0290 -1.4937 -12.8753 -0.1905 -1.7763 -13.1506 0.0300 0.4262 238.0000 23.8000 0.0000 10.6331 2.0000 
2523 2524 653 -0.1905 -1.7763 -13.1506 -0.3615 -2.0683 -13.4362 0.0300 0.4428 238.0000 23.8000 0.0000 12.0000 2.0000 
2128 2525 654 0.3074 -0.8505 -12.4161 0.6285 -0.8406 -12.7228 0.0300 0.4442 238.0000 23.8000 0.0000 8.7929 2.0000 
2525 2526 654 0.6285 -0.8406 -12.7228 1.0258 -0.8778 -13.0939 0.0300 0.5449 238.0000 23.8000 0.0000 9.7110 2.0000 
2526 2527 654 1.0258 -0.8778 -13.0939 1.3442 -0.9190 -13.3951 0.0300 0.4402 238.0000 23.8000 0.0000 10.6773 2.0000 
2527 2528 654 1.3442 -0.9190 -13.3951 1.6667 -0.9676 -13.6876 0.0300 0.4381 238.0000 23.8000 0.0000 12.0000 2.0000 
2129 2529 655 0.3051 -0.8789 -12.6093 0.0777 -1.3269 -12.9558 0.0300 0.6103 238.0000 23.8000 0.0000 9.4562 2.0000 
2529 2530 655 0.0777 -1.3269 -12.9558 -0.0995 -1.6716 -13.2179 0.0300 0.4679 238.0000 23.8000 0.0000 10.6171 2.0000 
2530 2531 655 -0.0995 -1.6716 -13.2179 -0.2455 -1.9926 -13.4763 0.0300 0.4372 238.0000 23.8000 0.0000 12.0000 2.0000 
2130 2532 656 0.3010 -0.8940 -12.7990 0.5228 -1.1948 -13.1486 0.0300 0.5117 238.0000 23.8000 0.0000 9.0347 2.0000 
2532 2533 656 0.5228 -1.1948 -13.1486 0.7683 -1.4689 -13.4792 0.0300 0.4947 238.0000 23.8000 0.0000 9.8893 2.0000 
2533 2534 656 0.7683 -1.4689 -13.4792 0.9981 -1.6977 -13.8632 0.0300 0.5026 238.0000 23.8000 0.0000 10.9980 2.0000 
2534 2535 656 0.9981 -1.6977 -13.8632 1.1582 -1.8536 -14.1305 0.0300 0.3484 238.0000 23.8000 0.0000 12.0000 2.0000 
2131 2536 657 0.2969 -0.9174 -13.0009 0.6287 -0.9933 -13.3578 0.0300 0.4931 238.0000 23.8000 0.0000 8.9751 2.0000 
2536 2537 657 0.6287 -0.9933 -13.3578 0.8523 -1.0546 -13.6248 0.0300 0.3537 238.0000 23.8000 0.0000 9.4937 2.0000 
2537 2538 657 0.8523 -1.0546 -13.6248 1.1655 -1.1487 -13.9619 0.0300 0.4696 238.0000 23.8000 0.0000 10.3547 2.0000 
2538 2539 657 1.1655 -1.1487 -13.9619 1.5081 -1.2213 -14.3231 0.0300 0.5031 238.0000 23.8000 0.0000 11.6646 2.0000 
2539 2540 657 1.5081 -1.2213 -14.3231 1.5750 -1.2351 -14.3929 0.0300 0.0977 238.0000 23.8000 0.0000 12.0000 2.0000 
2132 2541 658 0.2930 -0.9418 -13.2098 0.0346 -0.7298 -13.5833 0.0300 0.5013 238.0000 23.8000 0.0000 9.1679 2.0000 
2541 2542 658 0.0346 -0.7298 -13.5833 -0.2202 -0.5678 -13.9438 0.0300 0.4702 238.0000 23.8000 0.0000 10.0216 2.0000 
2542 2543 658 -0.2202 -0.5678 -13.9438 -0.4151 -0.4455 -14.2188 0.0300 0.3586 238.0000 23.8000 0.0000 10.8471 2.0000 
2543 2544 658 -0.4151 -0.4455 -14.2188 -0.6209 -0.3153 -14.5096 0.0300 0.3794 238.0000 23.8000 0.0000 12.0000 2.0000 
2133 2545 659 0.2902 -0.9644 -13.4074 0.1491 -1.3184 -13.7215 0.0300 0.4939 238.0000 23.8000 0.0000 9.1873 2.0000 
2545 2546 659 0.1491 -1.3184 -13.7215 0.0280 -1.6320 -13.9924 0.0300 0.4317 238.0000 23.8000 0.0000 9.9160 2.0000 
2546 2547 659 0.0280 -1.6320 -13.9924 -0.0954 -1.9507 -14.2684 0.0300 0.4393 238.0000 23.8000 0.0000 10.8496 2.0000 
2547 2548 659 -0.0954 -1.9507 -14.2684 -0.2100 -2.2458 -14.5217 0.0300 0.4055 238.0000 23.8000 0.0000 12.0000 2.0000 
2134 2549 660 0.2698 -0.9905 -13.6189 0.2867 -1.3831 -13.9622 0.0300 0.5218 238.0000 23.8000 0.0000 9.1544 2.0000 
2549 2550 660 0.2867 -1.3831 -13.9622 0.2987 -1.6986 -14.2382 0.0300 0.4193 238.0000 23.8000 0.0000 9.7266 2.0000 
2550 2551 660 0.2987 -1.6986 -14.2382 0.3299 -2.0563 -14.5346 0.0300 0.4656 238.0000 23.8000 0.0000 10.5295 2.0000 
2551 2552 660 0.3299 -2.0563 -14.5346 0.3683 -2.4189 -14.8176 0.0300 0.4616 238.0000 23.8000 0.0000 11.6292 2.0000 
2552 2553 660 0.3683 -2.4189 -14.8176 0.3814 -2.5150 -14.8889 0.0300 0.1203 238.0000 23.8000 0.0000 12.0000 2.0000 
2135 2554 661 0.2485 -1.0150 -13.8259 0.1311 -1.2614 -14.0952 0.0300 0.3835 238.0000 23.8000 0.0000 9.1084 2.0000 
2554 2555 661 0.1311 -1.2614 -14.0952 -0.0072 -1.5781 -14.4144 0.0300 0.4704 238.0000 23.8000 0.0000 9.8110 2.0000 
2555 2556 661 -0.0072 -1.5781 -14.4144 -0.1030 -1.8392 -14.6807 0.0300 0.3850 238.0000 23.8000 0.0000 10.5410 2.0000 
2556 2557 661 -0.1030 -1.8392 -14.6807 -0.1989 -2.1170 -15.0098 0.0300 0.4412 238.0000 23.8000 0.0000 11.6789 2.0000 
2557 2558 661 -0.1989 -2.1170 -15.0098 -0.2210 -2.1761 -15.0835 0.0300 0.0971 238.0000 23.8000 0.0000 12.0000 2.0000 
2136 2559 662 0.2166 -1.0190 -14.0391 0.1768 -1.3248 -14.3306 0.0300 0.4243 238.0000 23.8000 0.0000 9.3088 2.0000 
2559 2560 662 0.1768 -1.3248 -14.3306 0.1324 -1.6883 -14.6548 0.0300 0.4891 238.0000 23.8000 0.0000 10.1558 2.0000 
2560 2561 662 0.1324 -1.6883 -14.6548 0.0845 -2.0147 -14.9818 0.0300 0.4645 238.0000 23.8000 0.0000 11.1953 2.0000 
2561 2562 662 0.0845 -2.0147 -14.9818 0.0512 -2.2031 -15.1852 0.0300 0.2792 238.0000 23.8000 0.0000 12.0000 2.0000 
2137 2563 663 0.1945 -1.0142 -14.2253 -0.1272 -1.2465 -14.5573 0.0300 0.5174 238.0000 23.8000 0.0000 9.5534 2.0000 
2563 2564 663 -0.1272 -1.2465 -14.5573 -0.4816 -1.4650 -14.9468 0.0300 0.5700 238.0000 23.8000 0.0000 10.6317 2.0000 
2564 2565 663 -0.4816 -1.4650 -14.9468 -0.7850 -1.6446 -15.2854 0.0300 0.4889 238.0000 23.8000 0.0000 11.8373 2.0000 
2565 2566 663 -0.7850 -1.6446 -15.2854 -0.8189 -1.6660 -15.3245 0.0300 0.0561 238.0000 23.8000 0.0000 12.0000 2.0000 
2138 2567 664 0.1822 -1.0157 -14.4206 0.4399 -0.7867 -14.7996 0.0300 0.5123 238.0000 23.8000 0.0000 9.7011 2.0000 
2567 2568 664 0.4399 -0.7867 -14.7996 0.6548 -0.5820 -15.1567 0.0300 0.4643 238.0000 23.8000 0.0000 10.6722 2.0000 
2568 2569 664 0.6548 -0.5820 -15.1567 0.8847 -0.3529 -15.5261 0.0300 0.4917 238.0000 23.8000 0.0000 11.9953 2.0000 
2569 2570 664 0.8847 -0.3529 -15.5261 0.8854 -0.3522 -15.5272 0.0300 0.0015 238.0000 23.8000 0.0000 12.0000 2.0000 
2139 2571 665 0.1728 -0.9961 -14.6247 0.4485 -0.8413 -14.9541 0.0300 0.4566 238.0000 23.8000 0.0000 9.4715 2.0000 
2571 2572 665 0.4485 -0.8413 -14.9541 0.7585 -0.6674 -15.3216 0.0300 0.5113 238.0000 23.8000 0.0000 10.2842 2.0000 
2572 2573 665 0.7585 -0.6674 -15.3216 1.0428 -0.5133 -15.6367 0.0300 0.4515 238.0000 23.8000 0.0000 11.2408 2.0000 
2573 2574 665 1.0428 -0.5133 -15.6367 1.2205 -0.4117 -15.8134 0.0300 0.2704 238.0000 23.8000 0.0000 12.0000 2.0000 
2140 2575 666 0.1651 -0.9811 -14.8141 -0.1642 -1.0540 -15.1454 0.0300 0.4728 238.0000 23.8000 0.0000 9.6186 2.0000 
2575 2576 666 -0.1642 -1.0540 -15.1454 -0.5085 -1.1456 -15.4814 0.0300 0.4897 238.0000 23.8000 0.0000 10.4783 2.0000 
2576 2577 666 -0.5085 -1.1456 -15.4814 -0.8026 -1.2214 -15.7730 0.0300 0.4210 238.0000 23.8000 0.0000 11.4404 2.0000 
2577 2578 666 -0.8026 -1.2214 -15.7730 -0.9393 -1.2605 -15.9078 0.0300 0.1959 238.0000 23.8000 0.0000 12.0000 2.0000 
2141 2579 667 0.1603 -0.9697 -15.0125 -0.1743 -0.8545 -15.3303 0.0300 0.4757 238.0000 23.8000 0.0000 9.5681 2.0000 
2579 2580 667 -0.1743 -0.8545 -15.3303 -0.5092 -0.7453 -15.6403 0.0300 0.4692 238.0000 23.8000 0.0000 10.2402 2.0000 
2580 2581 667 -0.5092 -0.7453 -15.6403 -0.8388 -0.6445 -15.9589 0.0300 0.4694 238.0000 23.8000 0.0000 11.1171 2.0000 
2581 2582 667 -0.8388 -0.6445 -15.9589 -1.0835 -0.5698 -16.1959 0.0300 0.3487 238.0000 23.8000 0.0000 12.0000 2.0000 
2142 2583 668 0.1546 -0.9621 -15.2313 0.3929 -0.6464 -15.6108 0.0300 0.5482 238.0000 23.8000 0.0000 9.8119 2.0000 
2583 2584 668 0.3929 -0.6464 -15.6108 0.5589 -0.4113 -15.9415 0.0300 0.4384 238.0000 23.8000 0.0000 10.5293 2.0000 
2584 2585 668 0.5589 -0.4113 -15.9415 0.7649 -0.1031 -16.2834 0.0300 0.5043 238.0000 23.8000 0.0000 11.5994 2.0000 
2585 2586 668 0.7649 -0.1031 -16.2834 0.8351 -0.0125 -16.3828 0.0300 0.1517 238.0000 23.8000 0.0000 12.0000 2.0000 
2143 2587 669 0.1486 -0.9553 -15.4446 0.2043 -1.2394 -15.7794 0.0300 0.4426 238.0000 23.8000 0.0000 9.7211 2.0000 
2587 2588 669 0.2043 -1.2394 -15.7794 0.2528 -1.5535 -16.1434 0.0300 0.4832 238.0000 23.8000 0.0000 10.4730 2.0000 
2588 2589 669 0.2528 -1.5535 -16.1434 0.3078 -1.8560 -16.5249 0.0300 0.4900 238.0000 23.8000 0.0000 11.4578 2.0000 
2589 2590 669 0.3078 -1.8560 -16.5249 0.3327 -1.9833 -16.6960 0.0300 0.2146 238.0000 23.8000 0.0000 12.0000 2.0000 
2144 2591 670 0.1428 -0.9523 -15.6601 0.1856 -0.6002 -16.0249 0.0300 0.5089 238.0000 23.8000 0.0000 9.9111 2.0000 
2591 2592 670 0.1856 -0.6002 -16.0249 0.2234 -0.1979 -16.4331 0.0300 0.5744 238.0000 23.8000 0.0000 10.8593 2.0000 
2592 2593 670 0.2234 -0.1979 -16.4331 0.2564 0.1543 -16.8094 0.0300 0.5164 238.0000 23.8000 0.0000 11.9537 2.0000 
2593 2594 670 0.2564 0.1543 -16.8094 0.2576 0.1670 -16.8234 0.0300 0.0189 238.0000 23.8000 0.0000 12.0000 2.0000 
2145 2595 671 0.1325 -0.9419 -15.8707 -0.1863 -0.8518 -16.1515 0.0300 0.4343 238.0000 23.8000 0.0000 9.9167 2.0000 
2595 2596 671 -0.1863 -0.8518 -16.1515 -0.5745 -0.7767 -16.5188 0.0300 0.5397 238.0000 23.8000 0.0000 10.8695 2.0000 
2596 2597 671 -0.5745 -0.7767 -16.5188 -0.8973 -0.6815 -16.8236 0.0300 0.4541 238.0000 23.8000 0.0000 11.9061 2.0000 
2597 2598 671 -0.8973 -0.6815 -16.8236 -0.9225 -0.6740 -16.8473 0.0300 0.0354 238.0000 23.8000 0.0000 12.0000 2.0000 
2146 2599 672 0.1196 -0.9304 -16.0811 0.3455 -0.5939 -16.4231 0.0300 0.5303 238.0000 23.8000 0.0000 9.9912 2.0000 
2599 2600 672 0.3455 -0.5939 -16.4231 0.5409 -0.3173 -16.7465 0.0300 0.4683 238.0000 23.8000 0.0000 10.6779 2.0000 
2600 2601 672 0.5409 -0.3173 -16.7465 0.7348 -0.0490 -17.0742 0.0300 0.4657 238.0000 23.8000 0.0000 11.5481 2.0000 
2601 2602 672 0.7348 -0.0490 -17.0742 0.8151 0.0643 -17.2129 0.0300 0.1963 238.0000 23.8000 0.0000 12.0000 2.0000 
2147 2603 673 0.1118 -0.9217 -16.2878 0.1276 -1.2743 -16.6596 0.0300 0.5126 238.0000 23.8000 0.0000 10.1425 2.0000 
2603 2604 673 0.1276 -1.2743 -16.6596 0.1692 -1.6289 -17.0435 0.0300 0.5242 238.0000 23.8000 0.0000 11.0543 2.0000 
2604 2605 673 0.1692 -1.6289 -17.0435 0.1846 -1.8919 -17.3759 0.0300 0.4242 238.0000 23.8000 0.0000 12.0000 2.0000 
2148 2606 674 0.1112 -0.9152 -16.4867 0.2954 -1.1684 -16.8343 0.0300 0.4679 238.0000 23.8000 0.0000 10.1293 2.0000 
2606 2607 674 0.2954 -1.1684 -16.8343 0.4546 -1.3976 -17.1406 0.0300 0.4144 238.0000 23.8000 0.0000 10.8181 2.0000 
2607 2608 674 0.4546 -1.3976 -17.1406 0.6298 -1.6477 -17.4880 0.0300 0.4625 238.0000 23.8000 0.0000 11.7975 2.0000 
2608 2609 674 0.6298 -1.6477 -17.4880 0.6599 -1.6886 -17.5501 0.0300 0.0802 238.0000 23.8000 0.0000 12.0000 2.0000 
2149 2610 675 0.1116 -0.9049 -16.6654 0.3345 -1.1490 -17.0310 0.0300 0.4928 238.0000 23.8000 0.0000 10.2393 2.0000 
2610 2611 675 0.3345 -1.1490 -17.0310 0.5818 -1.3826 -17.4371 0.0300 0.5298 238.0000 23.8000 0.0000 11.1601 2.0000 
2611 2612 675 0.5818 -1.3826 -17.4371 0.7470 -1.5472 -17.7408 0.0300 0.3829 238.0000 23.8000 0.0000 12.0000 2.0000 
2150 2613 676 0.1162 -0.9020 -16.8657 -0.1406 -0.6908 -17.2303 0.0300 0.4934 238.0000 23.8000 0.0000 10.3054 2.0000 
2613 2614 676 -0.1406 -0.6908 -17.2303 -0.3923 -0.4921 -17.5859 0.0300 0.4788 238.0000 23.8000 0.0000 11.1316 2.0000 
2614 2615 676 -0.3923 -0.4921 -17.5859 -0.5692 -0.3391 -17.9115 0.0300 0.4010 238.0000 23.8000 0.0000 12.0000 2.0000 
2151 2616 677 0.1202 -0.8987 -17.0757 -0.1443 -1.0932 -17.4069 0.0300 0.4663 238.0000 23.8000 0.0000 10.2500 2.0000 
2616 2617 677 -0.1443 -1.0932 -17.4069 -0.3949 -1.2899 -17.7380 0.0300 0.4596 238.0000 23.8000 0.0000 10.9243 2.0000 
2617 2618 677 -0.3949 -1.2899 -17.7380 -0.6772 -1.5248 -18.1107 0.0300 0.5231 238.0000 23.8000 0.0000 11.8970 2.0000 
2618 2619 677 -0.6772 -1.5248 -18.1107 -0.7031 -1.5470 -18.1433 0.0300 0.0473 238.0000 23.8000 0.0000 12.0000 2.0000 
2152 2620 678 0.1226 -0.8890 -17.2742 0.4644 -1.0419 -17.6698 0.0300 0.5448 238.0000 23.8000 0.0000 10.4933 2.0000 
2620 2621 678 0.4644 -1.0419 -17.6698 0.7548 -1.1864 -18.0133 0.0300 0.4724 238.0000 23.8000 0.0000 11.3018 2.0000 
2621 2622 678 0.7548 -1.1864 -18.0133 0.9535 -1.2891 -18.2569 0.0300 0.3307 238.0000 23.8000 0.0000 12.0000 2.0000 
2153 2623 679 0.1420 -0.8751 -17.4673 0.1991 -0.5550 -17.8122 0.0300 0.4740 238.0000 23.8000 0.0000 10.4795 2.0000 
2623 2624 679 0.1991 -0.5550 -17.8122 0.2754 -0.1964 -18.1635 0.0300 0.5077 238.0000 23.8000 0.0000 11.3552 2.0000 
2624 2625 679 0.2754 -0.1964 -18.1635 0.3213 0.0302 -18.3683 0.0300 0.3089 238.0000 23.8000 0.0000 12.0000 2.0000 
2154 2626 680 0.1658 -0.8594 -17.6675 0.5506 -0.9316 -17.9654 0.0300 0.4919 238.0000 23.8000 0.0000 10.5333 2.0000 
2626 2627 680 0.5506 -0.9316 -17.9654 0.9445 -0.9867 -18.2487 0.0300 0.4883 238.0000 23.8000 0.0000 11.3376 2.0000 
2627 2628 680 0.9445 -0.9867 -18.2487 1.2087 -1.0290 -18.4392 0.0300 0.3285 238.0000 23.8000 0.0000 12.0000 2.0000 
2155 2629 681 0.1855 -0.8441 -17.8677 0.5087 -1.0119 -18.1956 0.0300 0.4900 238.0000 23.8000 0.0000 10.5334 2.0000 
2629 2630 681 0.5087 -1.0119 -18.1956 0.7343 -1.1096 -18.4832 0.0300 0.3784 238.0000 23.8000 0.0000 11.0899 2.0000 
2630 2631 681 0.7343 -1.1096 -18.4832 1.0037 -1.2120 -18.8167 0.0300 0.4407 238.0000 23.8000 0.0000 11.8971 2.0000 
2631 2632 681 1.0037 -1.2120 -18.8167 1.0330 -1.2231 -18.8535 0.0300 0.0484 238.0000 23.8000 0.0000 12.0000 2.0000 
2156 2633 682 0.1994 -0.8274 -18.0630 0.1890 -0.4195 -18.4305 0.0300 0.5491 238.0000 23.8000 0.0000 10.7608 2.0000 
2633 2634 682 0.1890 -0.4195 -18.4305 0.1921 -0.0253 -18.8068 0.0300 0.5450 238.0000 23.8000 0.0000 11.7211 2.0000 
2634 2635 682 0.1921 -0.0253 -18.8068 0.1930 0.0715 -18.8978 0.0300 0.1328 238.0000 23.8000 0.0000 12.0000 2.0000 
2157 2636 683 0.2161 -0.8063 -18.2859 -0.0507 -0.8684 -18.6385 0.0300 0.4465 238.0000 23.8000 0.0000 10.6345 2.0000 
2636 2637 683 -0.0507 -0.8684 -18.6385 -0.3411 -0.9235 -19.0307 0.0300 0.4912 238.0000 23.8000 0.0000 11.3880 2.0000 
2637 2638 683 -0.3411 -0.9235 -19.0307 -0.5332 -0.9522 -19.2908 0.0300 0.3246 238.0000 23.8000 0.0000 12.0000 2.0000 
2158 2639 684 0.2331 -0.7912 -18.4876 0.6111 -0.7674 -18.8013 0.0300 0.4918 238.0000 23.8000 0.0000 10.8959 2.0000 
2639 2640 684 0.6111 -0.7674 -18.8013 0.9787 -0.7493 -19.1109 0.0300 0.4810 238.0000 23.8000 0.0000 11.8096 2.0000 
2640 2641 684 0.9787 -0.7493 -19.1109 1.0446 -0.7468 -19.1678 0.0300 0.0871 238.0000 23.8000 0.0000 12.0000 2.0000 
2159 2642 685 0.2533 -0.7739 -18.6845 0.3670 -1.0865 -19.0200 0.0300 0.4724 238.0000 23.8000 0.0000 10.8863 2.0000 
2642 2643 685 0.3670 -1.0865 -19.0200 0.4348 -1.4164 -19.3607 0.0300 0.4791 238.0000 23.8000 0.0000 11.7415 2.0000 
2643 2644 685 0.4348 -1.4164 -19.3607 0.4559 -1.4970 -19.4526 0.0300 0.1241 238.0000 23.8000 0.0000 12.0000 2.0000 
2160 2645 686 0.2701 -0.7540 -18.8770 0.2508 -0.3964 -19.2052 0.0300 0.4858 238.0000 23.8000 0.0000 10.9589 2.0000 
2645 2646 686 0.2508 -0.3964 -19.2052 0.2263 -0.0250 -19.5392 0.0300 0.5001 238.0000 23.8000 0.0000 11.8478 2.0000 
2646 2647 686 0.2263 -0.0250 -19.5392 0.2182 0.0315 -19.5861 0.0300 0.0739 238.0000 23.8000 0.0000 12.0000 2.0000 
2161 2648 687 0.2873 -0.7339 -19.0694 0.0369 -0.9193 -19.4478 0.0300 0.4902 238.0000 23.8000 0.0000 11.0525 2.0000 
2648 2649 687 0.0369 -0.9193 -19.4478 -0.1982 -1.1418 -19.8107 0.0300 0.4862 238.0000 23.8000 0.0000 11.9255 2.0000 
2649 2650 687 -0.1982 -1.1418 -19.8107 -0.2169 -1.1585 -19.8377 0.0300 0.0369 238.0000 23.8000 0.0000 12.0000 2.0000 
2162 2651 688 0.3018 -0.7075 -19.2727 0.2891 -1.0387 -19.7405 0.0300 0.5733 238.0000 23.8000 0.0000 11.0885 2.0000 
2651 2652 688 0.2891 -1.0387 -19.7405 0.2770 -1.3217 -20.1412 0.0300 0.4907 238.0000 23.8000 0.0000 11.8376 2.0000 
2652 2653 688 0.2770 -1.3217 -20.1412 0.2741 -1.3779 -20.2134 0.0300 0.0915 238.0000 23.8000 0.0000 12.0000 2.0000 
2163 2654 689 0.3161 -0.6709 -19.4896 0.4232 -0.3421 -19.7384 0.0300 0.4261 238.0000 23.8000 0.0000 11.1078 2.0000 
2654 2655 689 0.4232 -0.3421 -19.7384 0.5122 0.0204 -20.0508 0.0300 0.4867 238.0000 23.8000 0.0000 12.0000 2.0000 
2164 2656 690 0.3251 -0.6384 -19.7003 0.0773 -0.3661 -20.0272 0.0300 0.4923 238.0000 23.8000 0.0000 11.1887 2.0000 
2656 2657 690 0.0773 -0.3661 -20.0272 -0.1451 -0.1206 -20.3204 0.0300 0.4424 238.0000 23.8000 0.0000 11.9018 2.0000 
2657 2658 690 -0.1451 -0.1206 -20.3204 -0.1726 -0.0906 -20.3560 0.0300 0.0541 238.0000 23.8000 0.0000 12.0000 2.0000 
2165 2659 691 0.3326 -0.6122 -19.8966 0.0637 -0.2842 -20.2520 0.0300 0.5533 238.0000 23.8000 0.0000 11.3931 2.0000 
2659 2660 691 0.0637 -0.2842 -20.2520 -0.1075 -0.0755 -20.4781 0.0300 0.3521 238.0000 23.8000 0.0000 12.0000 2.0000 
2166 2661 692 0.3391 -0.5781 -20.0974 0.0309 -0.5629 -20.4633 0.0300 0.4786 238.0000 23.8000 0.0000 11.2478 2.0000 
2661 2662 692 0.0309 -0.5629 -20.4633 -0.2972 -0.5787 -20.8547 0.0300 0.5110 238.0000 23.8000 0.0000 12.0000 2.0000 
2167 2663 693 0.3459 -0.5446 -20.2863 0.1167 -0.7439 -20.7383 0.0300 0.5446 238.0000 23.8000 0.0000 11.3505 2.0000 
2663 2664 693 0.1167 -0.7439 -20.7383 -0.0219 -0.9132 -21.0581 0.0300 0.3875 238.0000 23.8000 0.0000 11.8842 2.0000 
2664 2665 693 -0.0219 -0.9132 -21.0581 -0.0480 -0.9441 -21.1217 0.0300 0.0754 238.0000 23.8000 0.0000 12.0000 2.0000 
2168 2666 694 0.3424 -0.5191 -20.4730 0.0353 -0.6711 -20.8594 0.0300 0.5164 238.0000 23.8000 0.0000 11.4688 2.0000 
2666 2667 694 0.0353 -0.6711 -20.8594 -0.1794 -0.7393 -21.1160 0.0300 0.3414 238.0000 23.8000 0.0000 12.0000 2.0000 
2169 2668 695 0.3428 -0.4939 -20.6658 0.3487 -0.1188 -20.8996 0.0300 0.4420 238.0000 23.8000 0.0000 11.3840 2.0000 
2668 2669 695 0.3487 -0.1188 -20.8996 0.3688 0.2289 -21.1542 0.0300 0.4314 238.0000 23.8000 0.0000 12.0000 2.0000 
2170 2670 696 0.3354 -0.4770 -20.8510 0.0931 -0.1427 -21.1526 0.0300 0.5114 238.0000 23.8000 0.0000 11.4628 2.0000 
2670 2671 696 0.0931 -0.1427 -21.1526 -0.0945 0.1249 -21.4092 0.0300 0.4154 238.0000 23.8000 0.0000 12.0000 2.0000 
2171 2672 697 0.3233 -0.4693 -21.0487 0.2952 -0.7910 -21.4072 0.0300 0.4825 238.0000 23.8000 0.0000 11.6376 2.0000 
2672 2673 697 0.2952 -0.7910 -21.4072 0.2819 -0.9468 -21.5764 0.0300 0.2304 238.0000 23.8000 0.0000 12.0000 2.0000 
2172 2674 698 0.3163 -0.4617 -21.2546 0.6234 -0.3560 -21.5691 0.0300 0.4521 238.0000 23.8000 0.0000 11.6055 2.0000 
2674 2675 698 0.6234 -0.3560 -21.5691 0.8111 -0.2968 -21.7614 0.0300 0.2753 238.0000 23.8000 0.0000 12.0000 2.0000 
2173 2676 699 0.3062 -0.4399 -21.4611 0.5843 -0.6637 -21.8880 0.0300 0.5565 238.0000 23.8000 0.0000 11.7986 2.0000 
2676 2677 699 0.5843 -0.6637 -21.8880 0.6568 -0.7196 -22.0005 0.0300 0.1450 238.0000 23.8000 0.0000 12.0000 2.0000 
2174 2678 700 0.2958 -0.4096 -21.6589 0.3393 0.0399 -21.9625 0.0300 0.5441 238.0000 23.8000 0.0000 12.0000 2.0000 
2175 2679 701 0.2913 -0.3771 -21.8619 -0.0349 -0.4038 -22.2017 0.0300 0.4718 238.0000 23.8000 0.0000 11.9984 2.0000 
2679 2680 701 -0.0349 -0.4038 -22.2017 -0.0356 -0.4038 -22.2023 0.0300 0.0009 238.0000 23.8000 0.0000 12.0000 2.0000 
2176 2681 702 0.2872 -0.3441 -22.0599 0.2515 0.0057 -22.3225 0.0300 0.4388 238.0000 23.8000 0.0000 11.8555 2.0000 
2681 2682 702 0.2515 0.0057 -22.3225 0.2431 0.0896 -22.3870 0.0300 0.1062 238.0000 23.8000 0.0000 12.0000 2.0000 
2177 2683 703 0.2822 -0.3141 -22.2525 0.2271 -0.5740 -22.5626 0.0300 0.4083 238.0000 23.8000 0.0000 12.0000 2.0000 
2178 2684 704 0.2770 -0.2821 -22.4571 0.5261 -0.4091 -22.7272 0.0300 0.3888 238.0000 23.8000 0.0000 12.0000 2.0000 
2179 2685 705 0.2765 -0.2550 -22.6584 0.5006 -0.3097 -22.9394 0.0300 0.3636 238.0000 23.8000 0.0000 12.0000 2.0000 
2180 2686 706 0.2802 -0.2320 -22.8560 0.1950 0.0167 -23.1019 0.0300 0.3600 238.0000 23.8000 0.0000 12.0000 2.0000 
2181 2687 707 0.2820 -0.2123 -23.0406 0.3105 -0.0087 -23.2174 0.0300 0.2711 238.0000 23.8000 0.0000 12.0000 2.0000 
2182 2688 708 0.2731 -0.2025 -23.2368 0.4585 -0.1722 -23.4367 0.0300 0.2744 238.0000 23.8000 0.0000 12.0000 2.0000 
2183 2689 709 0.2633 -0.1953 -23.4587 0.2658 -0.3001 -23.5754 0.0300 0.1569 238.0000 23.8000 0.0000 12.0000 2.0000 
2184 2690 710 0.2538 -0.1857 -23.6563 0.1824 -0.1358 -23.7335 0.0300 0.1164 238.0000 23.8000 0.0000 12.0000 2.0000 
2185 2691 711 0.2363 -0.1728 -23.8637 0.1987 -0.1771 -23.8973 0.0300 0.0506 238.0000 23.8000 0.0000 12.0000 2.0000 
2186 2692 712 0.2174 -0.1623 -24.0615 0.2147 -0.1572 -24.0664 0.0300 0.0076 238.0000 23.8000 0.0000 12.0000 2.0000 
2693 2694 4 0.0000 0.0000 -3.1000 -0.0026 -0.0002 -3.1097 0.0973 0.0100 0.0000 0.0000 205.0000 0.0027 4.0000 
2694 2695 4 -0.0026 -0.0002 -3.1097 -0.0507 -0.0031 -3.2967 0.0973 0.1932 0.0000 0.0000 205.0000 0.0547 4.0000 
2695 2696 4 -0.0507 -0.0031 -3.2967 -0.1202 0.0022 -3.5011 0.0973 0.2159 0.0000 0.0000 205.0000 0.1129 4.0000 
2696 2697 4 -0.1202 0.0022 -3.5011 -0.1857 0.0079 -3.6879 0.0973 0.1980 0.0000 0.0000 205.0000 0.1663 4.0000 
2697 2698 4 -0.1857 0.0079 -3.6879 -0.2596 0.0107 -3.8717 0.0973 0.1981 0.0000 0.0000 205.0000 0.2198 4.0000 
2698 2699 4 -0.2596 0.0107 -3.8717 -0.3402 0.0105 -4.0753 0.0973 0.2190 0.0000 0.0000 205.0000 0.2790 4.0000 
2699 2700 4 -0.3402 0.0105 -4.0753 -0.4066 0.0094 -4.2504 0.0973 0.1872 0.0000 0.0000 205.0000 0.3296 4.0000 
2700 2701 4 -0.4066 0.0094 -4.2504 -0.4747 0.0123 -4.4319 0.0973 0.1939 0.0000 0.0000 205.0000 0.3821 4.0000 
2701 2702 4 -0.4747 0.0123 -4.4319 -0.5321 0.0124 -4.6106 0.0973 0.1877 0.0000 0.0000 205.0000 0.4329 4.0000 
2702 2703 4 -0.5321 0.0124 -4.6106 -0.5825 0.0117 -4.8076 0.0973 0.2033 0.0000 0.0000 205.0000 0.4880 4.0000 
2703 2704 4 -0.5825 0.0117 -4.8076 -0.6306 0.0114 -5.0036 0.0973 0.2018 0.0000 0.0000 205.0000 0.5428 4.0000 
2704 2705 4 -0.6306 0.0114 -5.0036 -0.6884 0.0122 -5.2073 0.0973 0.2117 0.0000 0.0000 205.0000 0.6003 4.0000 
2705 2706 4 -0.6884 0.0122 -5.2073 -0.7467 0.0125 -5.3922 0.0973 0.1939 0.0000 0.0000 205.0000 0.6530 4.0000 
2706 2707 4 -0.7467 0.0125 -5.3922 -0.7942 0.0092 -5.5694 0.0973 0.1834 0.0000 0.0000 205.0000 0.7029 4.0000 
2707 2708 4 -0.7942 0.0092 -5.5694 -0.8478 0.0055 -5.7697 0.0973 0.2073 0.0000 0.0000 205.0000 0.7594 4.0000 
2708 2709 4 -0.8478 0.0055 -5.7697 -0.8903 -0.0023 -5.9591 0.0973 0.1943 0.0000 0.0000 205.0000 0.8123 4.0000 
2709 2710 4 -0.8903 -0.0023 -5.9591 -0.9292 -0.0089 -6.1563 0.0973 0.2011 0.0000 0.0000 205.0000 0.8672 4.0000 
2710 2711 4 -0.9292 -0.0089 -6.1563 -0.9696 -0.0144 -6.3613 0.0973 0.2091 0.0000 0.0000 205.0000 0.9242 4.0000 
2711 2712 4 -0.9696 -0.0144 -6.3613 -1.0059 -0.0208 -6.5397 0.0973 0.1821 0.0000 0.0000 205.0000 0.9740 4.0000 
2712 2713 4 -1.0059 -0.0208 -6.5397 -1.0493 -0.0285 -6.7461 0.0973 0.2111 0.0000 0.0000 205.0000 1.0317 4.0000 
2713 2714 4 -1.0493 -0.0285 -6.7461 -1.0985 -0.0402 -6.9701 0.0973 0.2296 0.0000 0.0000 205.0000 1.0946 4.0000 
2714 2715 4 -1.0985 -0.0402 -6.9701 -1.1411 -0.0512 -7.1677 0.0973 0.2025 0.0000 0.0000 205.0000 1.1500 4.0000 
2715 2716 4 -1.1411 -0.0512 -7.1677 -1.1831 -0.0615 -7.3714 0.0973 0.2082 0.0000 0.0000 205.0000 1.2071 4.0000 
2716 2717 4 -1.1831 -0.0615 -7.3714 -1.2157 -0.0706 -7.5685 0.0973 0.2000 0.0000 0.0000 205.0000 1.2621 4.0000 
2717 2718 4 -1.2157 -0.0706 -7.5685 -1.2487 -0.0711 -7.7756 0.0973 0.2097 0.0000 0.0000 205.0000 1.3197 4.0000 
2718 2719 4 -1.2487 -0.0711 -7.7756 -1.2814 -0.0697 -7.9839 0.0973 0.2108 0.0000 0.0000 205.0000 1.3776 4.0000 
2719 2720 4 -1.2814 -0.0697 -7.9839 -1.3126 -0.0588 -8.1770 0.0973 0.1959 0.0000 0.0000 205.0000 1.4316 4.0000 
2720 2721 4 -1.3126 -0.0588 -8.1770 -1.3505 -0.0450 -8.3815 0.0973 0.2084 0.0000 0.0000 205.0000 1.4890 4.0000 
2721 2722 4 -1.3505 -0.0450 -8.3815 -1.3821 -0.0331 -8.5766 0.0973 0.1980 0.0000 0.0000 205.0000 1.5436 4.0000 
2722 2723 4 -1.3821 -0.0331 -8.5766 -1.4093 -0.0212 -8.7750 0.0973 0.2006 0.0000 0.0000 205.0000 1.5989 4.0000 
2723 2724 4 -1.4093 -0.0212 -8.7750 -1.4405 -0.0193 -9.0018 0.0973 0.2290 0.0000 0.0000 205.0000 1.6622 4.0000 
2724 2725 4 -1.4405 -0.0193 -9.0018 -1.4675 -0.0190 -9.1907 0.0973 0.1908 0.0000 0.0000 205.0000 1.7149 4.0000 
2725 2726 4 -1.4675 -0.0190 -9.1907 -1.4982 -0.0171 -9.3954 0.0973 0.2069 0.0000 0.0000 205.0000 1.7722 4.0000 
2726 2727 4 -1.4982 -0.0171 -9.3954 -1.5255 -0.0174 -9.5897 0.0973 0.1962 0.0000 0.0000 205.0000 1.8265 4.0000 
2727 2728 4 -1.5255 -0.0174 -9.5897 -1.5514 -0.0205 -9.7856 0.0973 0.1977 0.0000 0.0000 205.0000 1.8813 4.0000 
2728 2729 4 -1.5514 -0.0205 -9.7856 -1.5707 -0.0234 -9.9829 0.0973 0.1983 0.0000 0.0000 205.0000 1.9363 4.0000 
2729 2730 4 -1.5707 -0.0234 -9.9829 -1.5880 -0.0328 -10.1759 0.0973 0.1940 0.0000 0.0000 205.0000 1.9902 4.0000 
2730 2731 4 -1.5880 -0.0328 -10.1759 -1.6076 -0.0433 -10.3939 0.0973 0.2192 0.0000 0.0000 205.0000 2.0511 4.0000 
2731 2732 4 -1.6076 -0.0433 -10.3939 -1.6323 -0.0532 -10.6144 0.0973 0.2220 0.0000 0.0000 205.0000 2.1129 4.0000 
2732 2733 4 -1.6323 -0.0532 -10.6144 -1.6552 -0.0628 -10.8181 0.0973 0.2052 0.0000 0.0000 205.0000 2.1701 4.0000 
2733 2734 4 -1.6552 -0.0628 -10.8181 -1.6709 -0.0830 -11.0294 0.0973 0.2128 0.0000 0.0000 205.0000 2.2294 4.0000 
2734 2735 4 -1.6709 -0.0830 -11.0294 -1.6936 -0.1034 -11.2334 0.0973 0.2063 0.0000 0.0000 205.0000 2.2869 4.0000 
2735 2736 4 -1.6936 -0.1034 -11.2334 -1.7227 -0.1260 -11.4279 0.0973 0.1979 0.0000 0.0000 205.0000 2.3422 4.0000 
2736 2737 4 -1.7227 -0.1260 -11.4279 -1.7460 -0.1384 -11.6373 0.0973 0.2111 0.0000 0.0000 205.0000 2.4012 4.0000 
2737 2738 4 -1.7460 -0.1384 -11.6373 -1.7617 -0.1467 -11.8438 0.0973 0.2073 0.0000 0.0000 205.0000 2.4592 4.0000 
2738 2739 4 -1.7617 -0.1467 -11.8438 -1.7812 -0.1607 -12.0216 0.0973 0.1794 0.0000 0.0000 205.0000 2.5094 4.0000 
2739 2740 4 -1.7812 -0.1607 -12.0216 -1.7799 -0.1754 -12.2138 0.0973 0.1927 0.0000 0.0000 205.0000 2.5634 4.0000 
2740 2741 4 -1.7799 -0.1754 -12.2138 -1.7821 -0.1801 -12.4196 0.0973 0.2059 0.0000 0.0000 205.0000 2.6212 4.0000 
2741 2742 4 -1.7821 -0.1801 -12.4196 -1.7868 -0.1843 -12.5944 0.0973 0.1749 0.0000 0.0000 205.0000 2.6703 4.0000 
2742 2743 4 -1.7868 -0.1843 -12.5944 -1.7911 -0.1902 -12.8010 0.0973 0.2067 0.0000 0.0000 205.0000 2.7284 4.0000 
2743 2744 4 -1.7911 -0.1902 -12.8010 -1.7925 -0.1950 -12.9879 0.0973 0.1870 0.0000 0.0000 205.0000 2.7810 4.0000 
2744 2745 4 -1.7925 -0.1950 -12.9879 -1.7878 -0.2002 -13.1985 0.0973 0.2107 0.0000 0.0000 205.0000 2.8403 4.0000 
2745 2746 4 -1.7878 -0.2002 -13.1985 -1.7865 -0.2130 -13.4158 0.0973 0.2177 0.0000 0.0000 205.0000 2.9016 4.0000 
2746 2747 4 -1.7865 -0.2130 -13.4158 -1.7840 -0.2267 -13.6104 0.0973 0.1951 0.0000 0.0000 205.0000 2.9566 4.0000 
2747 2748 4 -1.7840 -0.2267 -13.6104 -1.7826 -0.2404 -13.8037 0.0973 0.1938 0.0000 0.0000 205.0000 3.0113 4.0000 
2748 2749 4 -1.7826 -0.2404 -13.8037 -1.7773 -0.2545 -13.9991 0.0973 0.1960 0.0000 0.0000 205.0000 3.0667 4.0000 
2749 2750 4 -1.7773 -0.2545 -13.9991 -1.7705 -0.2608 -14.2064 0.0973 0.2075 0.0000 0.0000 205.0000 3.1254 4.0000 
2750 2751 4 -1.7705 -0.2608 -14.2064 -1.7558 -0.2541 -14.4202 0.0973 0.2143 0.0000 0.0000 205.0000 3.1860 4.0000 
2751 2752 4 -1.7558 -0.2541 -14.4202 -1.7441 -0.2521 -14.6163 0.0973 0.1965 0.0000 0.0000 205.0000 3.2417 4.0000 
2752 2753 4 -1.7441 -0.2521 -14.6163 -1.7497 -0.2489 -14.8103 0.0973 0.1941 0.0000 0.0000 205.0000 3.2967 4.0000 
2753 2754 4 -1.7497 -0.2489 -14.8103 -1.7614 -0.2384 -15.0168 0.0973 0.2071 0.0000 0.0000 205.0000 3.3555 4.0000 
2754 2755 4 -1.7614 -0.2384 -15.0168 -1.7718 -0.2185 -15.2388 0.0973 0.2232 0.0000 0.0000 205.0000 3.4189 4.0000 
2755 2756 4 -1.7718 -0.2185 -15.2388 -1.7811 -0.2008 -15.4433 0.0973 0.2055 0.0000 0.0000 205.0000 3.4773 4.0000 
2756 2757 4 -1.7811 -0.2008 -15.4433 -1.7976 -0.1967 -15.6628 0.0973 0.2201 0.0000 0.0000 205.0000 3.5400 4.0000 
2757 2758 4 -1.7976 -0.1967 -15.6628 -1.8118 -0.1861 -15.8549 0.0973 0.1929 0.0000 0.0000 205.0000 3.5950 4.0000 
2758 2759 4 -1.8118 -0.1861 -15.8549 -1.8281 -0.1728 -16.0538 0.0973 0.2000 0.0000 0.0000 205.0000 3.6520 4.0000 
2759 2760 4 -1.8281 -0.1728 -16.0538 -1.8513 -0.1611 -16.2472 0.0973 0.1951 0.0000 0.0000 205.0000 3.7077 4.0000 
2760 2761 4 -1.8513 -0.1611 -16.2472 -1.8726 -0.1508 -16.4383 0.0973 0.1926 0.0000 0.0000 205.0000 3.7627 4.0000 
2761 2762 4 -1.8726 -0.1508 -16.4383 -1.8908 -0.1405 -16.6145 0.0973 0.1774 0.0000 0.0000 205.0000 3.8134 4.0000 
2762 2763 4 -1.8908 -0.1405 -16.6145 -1.9076 -0.1234 -16.8010 0.0973 0.1881 0.0000 0.0000 205.0000 3.8672 4.0000 
2763 2764 4 -1.9076 -0.1234 -16.8010 -1.9229 -0.0970 -17.0051 0.0973 0.2063 0.0000 0.0000 205.0000 3.9263 4.0000 
2764 2765 4 -1.9229 -0.0970 -17.0051 -1.9321 -0.0818 -17.1976 0.0973 0.1933 0.0000 0.0000 205.0000 3.9818 4.0000 
2765 2766 4 -1.9321 -0.0818 -17.1976 -1.9514 -0.0554 -17.3977 0.0973 0.2027 0.0000 0.0000 205.0000 4.0399 4.0000 
2766 2767 4 -1.9514 -0.0554 -17.3977 -1.9684 -0.0321 -17.5984 0.0973 0.2028 0.0000 0.0000 205.0000 4.0982 4.0000 
2767 2768 4 -1.9684 -0.0321 -17.5984 -1.9704 -0.0175 -17.8093 0.0973 0.2114 0.0000 0.0000 205.0000 4.1589 4.0000 
2768 2769 4 -1.9704 -0.0175 -17.8093 -1.9754 -0.0157 -18.0086 0.0973 0.1993 0.0000 0.0000 205.0000 4.2163 4.0000 
2769 2770 4 -1.9754 -0.0157 -18.0086 -1.9852 -0.0157 -18.2184 0.0973 0.2100 0.0000 0.0000 205.0000 4.2768 4.0000 
2770 2771 4 -1.9852 -0.0157 -18.2184 -1.9930 -0.0148 -18.4370 0.0973 0.2188 0.0000 0.0000 205.0000 4.3399 4.0000 
2771 2772 4 -1.9930 -0.0148 -18.4370 -2.0157 -0.0061 -18.6448 0.0973 0.2092 0.0000 0.0000 205.0000 4.4002 4.0000 
2772 2773 4 -2.0157 -0.0061 -18.6448 -2.0342 0.0017 -18.8283 0.0973 0.1846 0.0000 0.0000 205.0000 4.4536 4.0000 
2773 2774 4 -2.0342 0.0017 -18.8283 -2.0528 0.0141 -19.0435 0.0973 0.2163 0.0000 0.0000 205.0000 4.5161 4.0000 
2774 2775 4 -2.0528 0.0141 -19.0435 -2.0688 0.0246 -19.2515 0.0973 0.2089 0.0000 0.0000 205.0000 4.5765 4.0000 
2775 2776 4 -2.0688 0.0246 -19.2515 -2.0794 0.0222 -19.4534 0.0973 0.2023 0.0000 0.0000 205.0000 4.6351 4.0000 
2776 2777 4 -2.0794 0.0222 -19.4534 -2.0805 0.0192 -19.6530 0.0973 0.1996 0.0000 0.0000 205.0000 4.6930 4.0000 
2777 2778 4 -2.0805 0.0192 -19.6530 -2.0846 0.0139 -19.8529 0.0973 0.2000 0.0000 0.0000 205.0000 4.7510 4.0000 
2778 2779 4 -2.0846 0.0139 -19.8529 -2.0848 -0.0041 -20.0566 0.0973 0.2045 0.0000 0.0000 205.0000 4.8104 4.0000 
2779 2780 4 -2.0848 -0.0041 -20.0566 -2.0743 -0.0190 -20.2499 0.0973 0.1942 0.0000 0.0000 205.0000 4.8669 4.0000 
2780 2781 4 -2.0743 -0.0190 -20.2499 -2.0630 -0.0320 -20.4568 0.0973 0.2076 0.0000 0.0000 205.0000 4.9273 4.0000 
2781 2782 4 -2.0630 -0.0320 -20.4568 -2.0649 -0.0292 -20.6702 0.0973 0.2134 0.0000 0.0000 205.0000 4.9895 4.0000 
2782 2783 4 -2.0649 -0.0292 -20.6702 -2.0587 -0.0319 -20.8650 0.0973 0.1950 0.0000 0.0000 205.0000 5.0463 4.0000 
2783 2784 4 -2.0587 -0.0319 -20.8650 -2.0481 -0.0344 -21.0488 0.0973 0.1841 0.0000 0.0000 205.0000 5.1000 4.0000 
2784 2785 4 -2.0481 -0.0344 -21.0488 -2.0375 -0.0372 -21.2398 0.0973 0.1914 0.0000 0.0000 205.0000 5.1559 4.0000 
2785 2786 4 -2.0375 -0.0372 -21.2398 -2.0267 -0.0397 -21.4439 0.0973 0.2043 0.0000 0.0000 205.0000 5.2157 4.0000 
2786 2787 4 -2.0267 -0.0397 -21.4439 -2.0193 -0.0394 -21.6376 0.0973 0.1939 0.0000 0.0000 205.0000 5.2724 4.0000 
2787 2788 4 -2.0193 -0.0394 -21.6376 -2.0125 -0.0441 -21.8487 0.0973 0.2112 0.0000 0.0000 205.0000 5.3343 4.0000 
2788 2789 4 -2.0125 -0.0441 -21.8487 -2.0126 -0.0535 -22.0501 0.0973 0.2016 0.0000 0.0000 205.0000 5.3934 4.0000 
2789 2790 4 -2.0126 -0.0535 -22.0501 -2.0215 -0.0581 -22.2498 0.0973 0.2000 0.0000 0.0000 205.0000 5.4521 4.0000 
2790 2791 4 -2.0215 -0.0581 -22.2498 -2.0304 -0.0604 -22.4494 0.0973 0.1998 0.0000 0.0000 205.0000 5.5108 4.0000 
2791 2792 4 -2.0304 -0.0604 -22.4494 -2.0362 -0.0646 -22.6571 0.0973 0.2078 0.0000 0.0000 205.0000 5.5719 4.0000 
2792 2793 4 -2.0362 -0.0646 -22.6571 -2.0453 -0.0662 -22.8461 0.0973 0.1892 0.0000 0.0000 205.0000 5.6276 4.0000 
2793 2794 4 -2.0453 -0.0662 -22.8461 -2.0537 -0.0651 -23.0378 0.0973 0.1919 0.0000 0.0000 205.0000 5.6841 4.0000 
2794 2795 4 -2.0537 -0.0651 -23.0378 -2.0665 -0.0686 -23.2372 0.0973 0.1998 0.0000 0.0000 205.0000 5.7430 4.0000 
2795 2796 4 -2.0665 -0.0686 -23.2372 -2.0742 -0.0687 -23.4361 0.0973 0.1990 0.0000 0.0000 205.0000 5.8017 4.0000 
2796 2797 4 -2.0742 -0.0687 -23.4361 -2.0805 -0.0678 -23.6087 0.0973 0.1728 0.0000 0.0000 205.0000 5.8528 4.0000 
2797 2798 4 -2.0805 -0.0678 -23.6087 -2.0859 -0.0713 -23.8020 0.0973 0.1934 0.0000 0.0000 205.0000 5.9100 4.0000 
2798 2799 4 -2.0859 -0.0713 -23.8020 -2.0858 -0.0744 -24.0097 0.0973 0.2077 0.0000 0.0000 205.0000 5.9714 4.0000 
2799 2800 4 -2.0858 -0.0744 -24.0097 -2.0849 -0.0774 -24.2210 0.0973 0.2112 0.0000 0.0000 205.0000 6.0340 4.0000 
2800 2801 4 -2.0849 -0.0774 -24.2210 -2.0830 -0.0741 -24.4406 0.0973 0.2196 0.0000 0.0000 205.0000 6.0991 4.0000 
2801 2802 4 -2.0830 -0.0741 -24.4406 -2.0811 -0.0799 -24.6425 0.0973 0.2020 0.0000 0.0000 205.0000 6.1591 4.0000 
2802 2803 4 -2.0811 -0.0799 -24.6425 -2.0737 -0.0845 -24.8410 0.0973 0.1987 0.0000 0.0000 205.0000 6.2181 4.0000 
2803 2804 4 -2.0737 -0.0845 -24.8410 -2.0710 -0.0824 -25.0318 0.0973 0.1908 0.0000 0.0000 205.0000 6.2749 4.0000 
2804 2805 4 -2.0710 -0.0824 -25.0318 -2.0776 -0.0721 -25.2163 0.0973 0.1849 0.0000 0.0000 205.0000 6.3299 4.0000 
2805 2806 4 -2.0776 -0.0721 -25.2163 -2.0843 -0.0618 -25.4082 0.0973 0.1923 0.0000 0.0000 205.0000 6.3872 4.0000 
2806 2807 4 -2.0843 -0.0618 -25.4082 -2.0959 -0.0595 -25.6186 0.0973 0.2108 0.0000 0.0000 205.0000 6.4500 4.0000 
2807 2808 4 -2.0959 -0.0595 -25.6186 -2.1059 -0.0595 -25.8146 0.0973 0.1963 0.0000 0.0000 205.0000 6.5086 4.0000 
2808 2809 4 -2.1059 -0.0595 -25.8146 -2.1220 -0.0614 -25.9982 0.0973 0.1843 0.0000 0.0000 205.0000 6.5636 4.0000 
2809 2810 4 -2.1220 -0.0614 -25.9982 -2.1403 -0.0690 -26.1946 0.0973 0.1973 0.0000 0.0000 205.0000 6.6227 4.0000 
2810 2811 4 -2.1403 -0.0690 -26.1946 -2.1510 -0.0873 -26.3866 0.0973 0.1932 0.0000 0.0000 205.0000 6.6805 4.0000 
2811 2812 4 -2.1510 -0.0873 -26.3866 -2.1594 -0.1072 -26.6018 0.0973 0.2163 0.0000 0.0000 205.0000 6.7453 4.0000 
2812 2813 4 -2.1594 -0.1072 -26.6018 -2.1549 -0.1403 -26.8092 0.0973 0.2100 0.0000 0.0000 205.0000 6.8083 4.0000 
2813 2814 4 -2.1549 -0.1403 -26.8092 -2.1527 -0.1727 -26.9994 0.0973 0.1930 0.0000 0.0000 205.0000 6.8662 4.0000 
2814 2815 4 -2.1527 -0.1727 -26.9994 -2.1472 -0.2041 -27.1772 0.0973 0.1806 0.0000 0.0000 205.0000 6.9205 4.0000 
2815 2816 4 -2.1472 -0.2041 -27.1772 -2.1514 -0.2248 -27.3661 0.0973 0.1900 0.0000 0.0000 205.0000 6.9776 4.0000 
2816 2817 4 -2.1514 -0.2248 -27.3661 -2.1612 -0.2460 -27.5638 0.0973 0.1991 0.0000 0.0000 205.0000 7.0375 4.0000 
2817 2818 4 -2.1612 -0.2460 -27.5638 -2.1743 -0.2582 -27.7561 0.0973 0.1931 0.0000 0.0000 205.0000 7.0957 4.0000 
2818 2819 4 -2.1743 -0.2582 -27.7561 -2.1953 -0.2834 -27.9571 0.0973 0.2037 0.0000 0.0000 205.0000 7.1572 4.0000 
2819 2820 4 -2.1953 -0.2834 -27.9571 -2.2056 -0.3076 -28.1606 0.0973 0.2051 0.0000 0.0000 205.0000 7.2191 4.0000 
2820 2821 4 -2.2056 -0.3076 -28.1606 -2.2155 -0.3308 -28.3728 0.0973 0.2137 0.0000 0.0000 205.0000 7.2836 4.0000 
2821 2822 4 -2.2155 -0.3308 -28.3728 -2.2290 -0.3446 -28.5755 0.0973 0.2036 0.0000 0.0000 205.0000 7.3452 4.0000 
2822 2823 4 -2.2290 -0.3446 -28.5755 -2.2497 -0.3594 -28.7774 0.0973 0.2035 0.0000 0.0000 205.0000 7.4068 4.0000 
2823 2824 4 -2.2497 -0.3594 -28.7774 -2.2660 -0.3613 -28.9615 0.0973 0.1849 0.0000 0.0000 205.0000 7.4629 4.0000 
2824 2825 4 -2.2660 -0.3613 -28.9615 -2.2791 -0.3705 -29.1607 0.0973 0.1998 0.0000 0.0000 205.0000 7.5235 4.0000 
2825 2826 4 -2.2791 -0.3705 -29.1607 -2.2933 -0.3684 -29.3535 0.0973 0.1934 0.0000 0.0000 205.0000 7.5822 4.0000 
2826 2827 4 -2.2933 -0.3684 -29.3535 -2.3011 -0.3650 -29.5432 0.0973 0.1898 0.0000 0.0000 205.0000 7.6399 4.0000 
2827 2828 4 -2.3011 -0.3650 -29.5432 -2.3092 -0.3562 -29.7385 0.0973 0.1957 0.0000 0.0000 205.0000 7.6994 4.0000 
2828 2829 4 -2.3092 -0.3562 -29.7385 -2.3186 -0.3456 -29.9502 0.0973 0.2122 0.0000 0.0000 205.0000 7.7640 4.0000 
2829 2830 4 -2.3186 -0.3456 -29.9502 -2.3317 -0.3362 -30.1677 0.0973 0.2182 0.0000 0.0000 205.0000 7.8305 4.0000 
2830 2831 4 -2.3317 -0.3362 -30.1677 -2.3354 -0.3318 -30.3542 0.0973 0.1866 0.0000 0.0000 205.0000 7.8875 4.0000 
2831 2832 4 -2.3354 -0.3318 -30.3542 -2.3411 -0.3239 -30.5295 0.0973 0.1755 0.0000 0.0000 205.0000 7.9411 4.0000 
2832 2833 4 -2.3411 -0.3239 -30.5295 -2.3456 -0.3110 -30.7209 0.0973 0.1919 0.0000 0.0000 205.0000 7.9997 4.0000 
2833 2834 4 -2.3456 -0.3110 -30.7209 -2.3451 -0.2934 -30.9156 0.0973 0.1955 0.0000 0.0000 205.0000 8.0595 4.0000 
2834 2835 4 -2.3451 -0.2934 -30.9156 -2.3426 -0.2734 -31.1169 0.0973 0.2023 0.0000 0.0000 205.0000 8.1215 4.0000 
2835 2836 4 -2.3426 -0.2734 -31.1169 -2.3477 -0.2499 -31.3192 0.0973 0.2037 0.0000 0.0000 205.0000 8.1839 4.0000 
2836 2837 4 -2.3477 -0.2499 -31.3192 -2.3551 -0.2219 -31.5110 0.0973 0.1940 0.0000 0.0000 205.0000 8.2435 4.0000 
2837 2838 4 -2.3551 -0.2219 -31.5110 -2.3659 -0.1915 -31.7069 0.0973 0.1985 0.0000 0.0000 205.0000 8.3044 4.0000 
2838 2839 4 -2.3659 -0.1915 -31.7069 -2.3575 -0.1562 -31.9152 0.0973 0.2115 0.0000 0.0000 205.0000 8.3694 4.0000 
2839 2840 4 -2.3575 -0.1562 -31.9152 -2.3499 -0.1296 -32.0952 0.0973 0.1821 0.0000 0.0000 205.0000 8.4255 4.0000 
2840 2841 4 -2.3499 -0.1296 -32.0952 -2.3419 -0.1014 -32.2857 0.0973 0.1927 0.0000 0.0000 205.0000 8.4848 4.0000 
2841 2842 4 -2.3419 -0.1014 -32.2857 -2.3374 -0.0705 -32.4827 0.0973 0.1995 0.0000 0.0000 205.0000 8.5464 4.0000 
2842 2843 4 -2.3374 -0.0705 -32.4827 -2.3439 -0.0441 -32.6712 0.0973 0.1904 0.0000 0.0000 205.0000 8.6051 4.0000 
2843 2844 4 -2.3439 -0.0441 -32.6712 -2.3504 -0.0180 -32.8615 0.0973 0.1922 0.0000 0.0000 205.0000 8.6645 4.0000 
2844 2845 4 -2.3504 -0.0180 -32.8615 -2.3538 0.0130 -33.0434 0.0973 0.1845 0.0000 0.0000 205.0000 8.7216 4.0000 
2845 2846 4 -2.3538 0.0130 -33.0434 -2.3510 0.0447 -33.2310 0.0973 0.1902 0.0000 0.0000 205.0000 8.7805 4.0000 
2846 2847 4 -2.3510 0.0447 -33.2310 -2.3578 0.0660 -33.4293 0.0973 0.1996 0.0000 0.0000 205.0000 8.8423 4.0000 
2847 2848 4 -2.3578 0.0660 -33.4293 -2.3657 0.0862 -33.6058 0.0973 0.1779 0.0000 0.0000 205.0000 8.8974 4.0000 
2848 2849 4 -2.3657 0.0862 -33.6058 -2.3611 0.1098 -33.7954 0.0973 0.1911 0.0000 0.0000 205.0000 8.9568 4.0000 
2849 2850 4 -2.3611 0.1098 -33.7954 -2.3569 0.1325 -33.9772 0.0973 0.1832 0.0000 0.0000 205.0000 9.0137 4.0000 
2850 2851 4 -2.3569 0.1325 -33.9772 -2.3513 0.1424 -34.1660 0.0973 0.1891 0.0000 0.0000 205.0000 9.0725 4.0000 
2851 2852 4 -2.3513 0.1424 -34.1660 -2.3467 0.1558 -34.3666 0.0973 0.2011 0.0000 0.0000 205.0000 9.1351 4.0000 
2852 2853 4 -2.3467 0.1558 -34.3666 -2.3466 0.1657 -34.5689 0.0973 0.2026 0.0000 0.0000 205.0000 9.1982 4.0000 
2853 2854 4 -2.3466 0.1657 -34.5689 -2.3533 0.1772 -34.7889 0.0973 0.2203 0.0000 0.0000 205.0000 9.2669 4.0000 
2854 2855 4 -2.3533 0.1772 -34.7889 -2.3527 0.1894 -34.9725 0.0973 0.1840 0.0000 0.0000 205.0000 9.3244 4.0000 
2855 2856 4 -2.3527 0.1894 -34.9725 -2.3504 0.2050 -35.1734 0.0973 0.2015 0.0000 0.0000 205.0000 9.3873 4.0000 
2856 2857 4 -2.3504 0.2050 -35.1734 -2.3369 0.2207 -35.3664 0.0973 0.1941 0.0000 0.0000 205.0000 9.4481 4.0000 
2857 2858 4 -2.3369 0.2207 -35.3664 -2.3256 0.2292 -35.5568 0.0973 0.1909 0.0000 0.0000 205.0000 9.5079 4.0000 
2858 2859 4 -2.3256 0.2292 -35.5568 -2.3064 0.2351 -35.7429 0.0973 0.1872 0.0000 0.0000 205.0000 9.5665 4.0000 
2859 2860 4 -2.3064 0.2351 -35.7429 -2.2781 0.2563 -35.9497 0.0973 0.2098 0.0000 0.0000 205.0000 9.6323 4.0000 
2860 2861 4 -2.2781 0.2563 -35.9497 -2.2347 0.2723 -36.1389 0.0973 0.1948 0.0000 0.0000 205.0000 9.6935 4.0000 
2861 2862 4 -2.2347 0.2723 -36.1389 -2.1931 0.2913 -36.3366 0.0973 0.2029 0.0000 0.0000 205.0000 9.7573 4.0000 
2862 2863 4 -2.1931 0.2913 -36.3366 -2.1587 0.2976 -36.5273 0.0973 0.1939 0.0000 0.0000 205.0000 9.8183 4.0000 
2863 2864 4 -2.1587 0.2976 -36.5273 -2.1214 0.3056 -36.7334 0.0973 0.2095 0.0000 0.0000 205.0000 9.8843 4.0000 
2864 2865 4 -2.1214 0.3056 -36.7334 -2.0955 0.3176 -36.9158 0.0973 0.1846 0.0000 0.0000 205.0000 9.9425 4.0000 
2865 2866 4 -2.0955 0.3176 -36.9158 -2.0732 0.3301 -37.1128 0.0973 0.1987 0.0000 0.0000 205.0000 10.0052 4.0000 
2866 2867 4 -2.0732 0.3301 -37.1128 -2.0380 0.3498 -37.3070 0.0973 0.1983 0.0000 0.0000 205.0000 10.0679 4.0000 
2867 2868 4 -2.0380 0.3498 -37.3070 -1.9971 0.3666 -37.4904 0.0973 0.1887 0.0000 0.0000 205.0000 10.1275 4.0000 
2868 2869 4 -1.9971 0.3666 -37.4904 -1.9588 0.3765 -37.6969 0.0973 0.2103 0.0000 0.0000 205.0000 10.1941 4.0000 
2869 2870 4 -1.9588 0.3765 -37.6969 -1.9228 0.3846 -37.8940 0.0973 0.2006 0.0000 0.0000 205.0000 10.2576 4.0000 
2870 2871 4 -1.9228 0.3846 -37.8940 -1.8907 0.3924 -38.0872 0.0973 0.1960 0.0000 0.0000 205.0000 10.3198 4.0000 
2871 2872 4 -1.8907 0.3924 -38.0872 -1.8679 0.3970 -38.2959 0.0973 0.2100 0.0000 0.0000 205.0000 10.3865 4.0000 
2872 2873 4 -1.8679 0.3970 -38.2959 -1.8476 0.4030 -38.4862 0.0973 0.1915 0.0000 0.0000 205.0000 10.4474 4.0000 
2873 2874 4 -1.8476 0.4030 -38.4862 -1.8263 0.4096 -38.6933 0.0973 0.2083 0.0000 0.0000 205.0000 10.5136 4.0000 
2874 2875 4 -1.8263 0.4096 -38.6933 -1.8134 0.4146 -38.8963 0.0973 0.2035 0.0000 0.0000 205.0000 10.5784 4.0000 
2875 2876 4 -1.8134 0.4146 -38.8963 -1.7878 0.4218 -39.0859 0.0973 0.1914 0.0000 0.0000 205.0000 10.6395 4.0000 
2876 2877 4 -1.7878 0.4218 -39.0859 -1.7569 0.4277 -39.2772 0.0973 0.1939 0.0000 0.0000 205.0000 10.7014 4.0000 
2877 2878 4 -1.7569 0.4277 -39.2772 -1.7229 0.4151 -39.4782 0.0973 0.2042 0.0000 0.0000 205.0000 10.7666 4.0000 
2878 2879 4 -1.7229 0.4151 -39.4782 -1.6883 0.4064 -39.6732 0.0973 0.1982 0.0000 0.0000 205.0000 10.8300 4.0000 
2879 2880 4 -1.6883 0.4064 -39.6732 -1.6559 0.3972 -39.8526 0.0973 0.1825 0.0000 0.0000 205.0000 10.8884 4.0000 
2880 2881 4 -1.6559 0.3972 -39.8526 -1.6335 0.3833 -40.0582 0.0973 0.2073 0.0000 0.0000 205.0000 10.9548 4.0000 
2881 2882 4 -1.6335 0.3833 -40.0582 -1.6189 0.3709 -40.2364 0.0973 0.1792 0.0000 0.0000 205.0000 11.0123 4.0000 
2882 2883 4 -1.6189 0.3709 -40.2364 -1.6111 0.3555 -40.4455 0.0973 0.2098 0.0000 0.0000 205.0000 11.0797 4.0000 
2883 2884 4 -1.6111 0.3555 -40.4455 -1.5888 0.3460 -40.6466 0.0973 0.2026 0.0000 0.0000 205.0000 11.1448 4.0000 
2884 2885 4 -1.5888 0.3460 -40.6466 -1.5689 0.3394 -40.8332 0.0973 0.1878 0.0000 0.0000 205.0000 11.2052 4.0000 
2885 2886 4 -1.5689 0.3394 -40.8332 -1.5523 0.3238 -41.0329 0.0973 0.2010 0.0000 0.0000 205.0000 11.2699 4.0000 
2886 2887 4 -1.5523 0.3238 -41.0329 -1.5347 0.3105 -41.2423 0.0973 0.2106 0.0000 0.0000 205.0000 11.3378 4.0000 
2887 2888 4 -1.5347 0.3105 -41.2423 -1.5187 0.2944 -41.4477 0.0973 0.2066 0.0000 0.0000 205.0000 11.4045 4.0000 
2888 2889 4 -1.5187 0.2944 -41.4477 -1.5085 0.2819 -41.6307 0.0973 0.1838 0.0000 0.0000 205.0000 11.4638 4.0000 
2889 2890 4 -1.5085 0.2819 -41.6307 -1.4944 0.2718 -41.8270 0.0973 0.1971 0.0000 0.0000 205.0000 11.5276 4.0000 
2890 2891 4 -1.4944 0.2718 -41.8270 -1.4751 0.2628 -42.0228 0.0973 0.1969 0.0000 0.0000 205.0000 11.5913 4.0000 
2891 2892 4 -1.4751 0.2628 -42.0228 -1.4554 0.2529 -42.2149 0.0973 0.1934 0.0000 0.0000 205.0000 11.6540 4.0000 
2892 2893 4 -1.4554 0.2529 -42.2149 -1.4357 0.2391 -42.4063 0.0973 0.1929 0.0000 0.0000 205.0000 11.7165 4.0000 
2893 2894 4 -1.4357 0.2391 -42.4063 -1.4169 0.2257 -42.5923 0.0973 0.1874 0.0000 0.0000 205.0000 11.7774 4.0000 
2894 2895 4 -1.4169 0.2257 -42.5923 -1.3970 0.2055 -42.7966 0.0973 0.2063 0.0000 0.0000 205.0000 11.8444 4.0000 
2895 2896 4 -1.3970 0.2055 -42.7966 -1.3730 0.1898 -43.0110 0.0973 0.2163 0.0000 0.0000 205.0000 11.9148 4.0000 
2896 2897 4 -1.3730 0.1898 -43.0110 -1.3419 0.1817 -43.2057 0.0973 0.1973 0.0000 0.0000 205.0000 11.9791 4.0000 
2897 2898 4 -1.3419 0.1817 -43.2057 -1.3320 0.1789 -43.2691 0.0973 0.0643 0.0000 0.0000 205.0000 12.0000 4.0000 
2694 2899 805 -0.0026 -0.0002 -3.1097 -0.4181 0.1185 -3.3725 0.0300 0.5058 238.0000 23.8000 0.0000 5.6920 2.0000 
2899 2900 805 -0.4181 0.1185 -3.3725 -0.7691 0.2066 -3.6070 0.0300 0.4312 238.0000 23.8000 0.0000 6.4076 2.0000 
2900 2901 805 -0.7691 0.2066 -3.6070 -1.1184 0.2916 -3.8568 0.0300 0.4378 238.0000 23.8000 0.0000 7.3507 2.0000 
2901 2902 805 -1.1184 0.2916 -3.8568 -1.4621 0.3745 -4.0938 0.0300 0.4256 238.0000 23.8000 0.0000 8.6550 2.0000 
2902 2903 805 -1.4621 0.3745 -4.0938 -1.8293 0.4805 -4.3519 0.0300 0.4612 238.0000 23.8000 0.0000 11.2058 2.0000 
2903 2904 805 -1.8293 0.4805 -4.3519 -1.8980 0.4989 -4.3936 0.0300 0.0825 238.0000 23.8000 0.0000 12.0000 2.0000 
2695 2905 806 -0.0507 -0.0031 -3.2967 0.0916 0.2808 -3.5954 0.0300 0.4359 238.0000 23.8000 0.0000 5.6475 2.0000 
2905 2906 806 0.0916 0.2808 -3.5954 0.2507 0.6073 -3.9753 0.0300 0.5256 238.0000 23.8000 0.0000 6.4892 2.0000 
2906 2907 806 0.2507 0.6073 -3.9753 0.3982 0.9040 -4.3171 0.0300 0.4760 238.0000 23.8000 0.0000 7.4738 2.0000 
2907 2908 806 0.3982 0.9040 -4.3171 0.5166 1.1684 -4.6382 0.0300 0.4324 238.0000 23.8000 0.0000 8.6906 2.0000 
2908 2909 806 0.5166 1.1684 -4.6382 0.6419 1.4991 -5.0664 0.0300 0.5554 238.0000 23.8000 0.0000 11.3301 2.0000 
2909 2910 806 0.6419 1.4991 -5.0664 0.6614 1.5512 -5.1329 0.0300 0.0866 238.0000 23.8000 0.0000 12.0000 2.0000 
2696 2911 807 -0.1202 0.0022 -3.5011 -0.2171 0.3715 -3.8503 0.0300 0.5175 238.0000 23.8000 0.0000 5.7873 2.0000 
2911 2912 807 -0.2171 0.3715 -3.8503 -0.2809 0.7409 -4.1676 0.0300 0.4911 238.0000 23.8000 0.0000 6.5562 2.0000 
2912 2913 807 -0.2809 0.7409 -4.1676 -0.3560 1.1178 -4.4675 0.0300 0.4874 238.0000 23.8000 0.0000 7.5609 2.0000 
2913 2914 807 -0.3560 1.1178 -4.4675 -0.4338 1.4174 -4.7200 0.0300 0.3995 238.0000 23.8000 0.0000 8.7126 2.0000 
2914 2915 807 -0.4338 1.4174 -4.7200 -0.5402 1.7387 -5.0545 0.0300 0.4758 238.0000 23.8000 0.0000 11.0330 2.0000 
2915 2916 807 -0.5402 1.7387 -5.0545 -0.5661 1.8173 -5.1365 0.0300 0.1166 238.0000 23.8000 0.0000 12.0000 2.0000 
2697 2917 808 -0.1857 0.0079 -3.6879 -0.6261 0.0464 -3.9080 0.0300 0.4938 238.0000 23.8000 0.0000 5.8772 2.0000 
2917 2918 808 -0.6261 0.0464 -3.9080 -1.0201 0.0437 -4.1414 0.0300 0.4579 238.0000 23.8000 0.0000 6.6419 2.0000 
2918 2919 808 -1.0201 0.0437 -4.1414 -1.4545 0.0106 -4.3812 0.0300 0.4974 238.0000 23.8000 0.0000 7.6961 2.0000 
2919 2920 808 -1.4545 0.0106 -4.3812 -1.9397 -0.0338 -4.6598 0.0300 0.5613 238.0000 23.8000 0.0000 9.3988 2.0000 
2920 2921 808 -1.9397 -0.0338 -4.6598 -2.3552 -0.1301 -4.9039 0.0300 0.4914 238.0000 23.8000 0.0000 12.0000 2.0000 
2698 2922 809 -0.2596 0.0107 -3.8717 -0.1920 0.2651 -4.2173 0.0300 0.4345 238.0000 23.8000 0.0000 5.7761 2.0000 
2922 2923 809 -0.1920 0.2651 -4.2173 -0.1169 0.5155 -4.5762 0.0300 0.4440 238.0000 23.8000 0.0000 6.4299 2.0000 
2923 2924 809 -0.1169 0.5155 -4.5762 -0.0460 0.7637 -4.9281 0.0300 0.4364 238.0000 23.8000 0.0000 7.2591 2.0000 
2924 2925 809 -0.0460 0.7637 -4.9281 0.0439 0.9709 -5.2989 0.0300 0.4342 238.0000 23.8000 0.0000 8.4184 2.0000 
2925 2926 809 0.0439 0.9709 -5.2989 0.1281 1.1784 -5.6594 0.0300 0.4244 238.0000 23.8000 0.0000 10.3190 2.0000 
2926 2927 809 0.1281 1.1784 -5.6594 0.1587 1.2780 -5.8317 0.0300 0.2014 238.0000 23.8000 0.0000 12.0000 2.0000 
2699 2928 810 -0.3402 0.0105 -4.0753 -0.6556 -0.2095 -4.2939 0.0300 0.4423 238.0000 23.8000 0.0000 5.8959 2.0000 
2928 2929 810 -0.6556 -0.2095 -4.2939 -0.9845 -0.4602 -4.5806 0.0300 0.5032 238.0000 23.8000 0.0000 6.6956 2.0000 
2929 2930 810 -0.9845 -0.4602 -4.5806 -1.2920 -0.6836 -4.8404 0.0300 0.4603 238.0000 23.8000 0.0000 7.6317 2.0000 
2930 2931 810 -1.2920 -0.6836 -4.8404 -1.6190 -0.9178 -5.1056 0.0300 0.4818 238.0000 23.8000 0.0000 8.9852 2.0000 
2931 2932 810 -1.6190 -0.9178 -5.1056 -1.9909 -1.1529 -5.3529 0.0300 0.5048 238.0000 23.8000 0.0000 11.3698 2.0000 
2932 2933 810 -1.9909 -1.1529 -5.3529 -2.0541 -1.1926 -5.3944 0.0300 0.0853 238.0000 23.8000 0.0000 12.0000 2.0000 
2700 2934 811 -0.4066 0.0094 -4.2504 -0.2974 0.2932 -4.7000 0.0300 0.5428 238.0000 23.8000 0.0000 6.0911 2.0000 
2934 2935 811 -0.2974 0.2932 -4.7000 -0.1990 0.5732 -5.1356 0.0300 0.5271 238.0000 23.8000 0.0000 6.9651 2.0000 
2935 2936 811 -0.1990 0.5732 -5.1356 -0.0940 0.9275 -5.5507 0.0300 0.5557 238.0000 23.8000 0.0000 8.2057 2.0000 
2936 2937 811 -0.0940 0.9275 -5.5507 -0.0086 1.2096 -5.8822 0.0300 0.4435 238.0000 23.8000 0.0000 9.6527 2.0000 
2937 2938 811 -0.0086 1.2096 -5.8822 0.1187 1.4622 -6.1991 0.0300 0.4248 238.0000 23.8000 0.0000 12.0000 2.0000 
2701 2939 812 -0.4747 0.0123 -4.4319 -0.8203 -0.1439 -4.6519 0.0300 0.4384 238.0000 23.8000 0.0000 6.1182 2.0000 
2939 2940 812 -0.8203 -0.1439 -4.6519 -1.2126 -0.3583 -4.9430 0.0300 0.5335 238.0000 23.8000 0.0000 7.1454 2.0000 
2940 2941 812 -1.2126 -0.3583 -4.9430 -1.5937 -0.5702 -5.2221 0.0300 0.5177 238.0000 23.8000 0.0000 8.4616 2.0000 
2941 2942 812 -1.5937 -0.5702 -5.2221 -1.8812 -0.7560 -5.4725 0.0300 0.4241 238.0000 23.8000 0.0000 9.9701 2.0000 
2942 2943 812 -1.8812 -0.7560 -5.4725 -2.1580 -0.9067 -5.6773 0.0300 0.3758 238.0000 23.8000 0.0000 12.0000 2.0000 
2702 2944 813 -0.5321 0.0124 -4.6106 -0.3579 0.2380 -5.0835 0.0300 0.5522 238.0000 23.8000 0.0000 6.1732 2.0000 
2944 2945 813 -0.3579 0.2380 -5.0835 -0.2319 0.4172 -5.4342 0.0300 0.4135 238.0000 23.8000 0.0000 6.8024 2.0000 
2945 2946 813 -0.2319 0.4172 -5.4342 -0.0462 0.5717 -5.7807 0.0300 0.4224 238.0000 23.8000 0.0000 7.5981 2.0000 
2946 2947 813 -0.0462 0.5717 -5.7807 0.1339 0.7809 -6.1270 0.0300 0.4428 238.0000 23.8000 0.0000 8.7073 2.0000 
2947 2948 813 0.1339 0.7809 -6.1270 0.3465 1.0446 -6.5294 0.0300 0.5260 238.0000 23.8000 0.0000 10.8227 2.0000 
2948 2949 813 0.3465 1.0446 -6.5294 0.4176 1.1330 -6.6642 0.0300 0.1762 238.0000 23.8000 0.0000 12.0000 2.0000 
2703 2950 814 -0.5825 0.0117 -4.8076 -0.8927 -0.1586 -5.0264 0.0300 0.4161 238.0000 23.8000 0.0000 6.1888 2.0000 
2950 2951 814 -0.8927 -0.1586 -5.0264 -1.1533 -0.3068 -5.2151 0.0300 0.3543 238.0000 23.8000 0.0000 6.8387 2.0000 
2951 2952 814 -1.1533 -0.3068 -5.2151 -1.5050 -0.5842 -5.5413 0.0300 0.5541 238.0000 23.8000 0.0000 8.1462 2.0000 
2952 2953 814 -1.5050 -0.5842 -5.5413 -1.7969 -0.8097 -5.8006 0.0300 0.4509 238.0000 23.8000 0.0000 9.6866 2.0000 
2953 2954 814 -1.7969 -0.8097 -5.8006 -2.0344 -1.0297 -6.0569 0.0300 0.4129 238.0000 23.8000 0.0000 12.0000 2.0000 
2704 2955 815 -0.6306 0.0114 -5.0036 -0.7058 0.3118 -5.3152 0.0300 0.4394 238.0000 23.8000 0.0000 6.2661 2.0000 
2955 2956 815 -0.7058 0.3118 -5.3152 -0.7526 0.5472 -5.5919 0.0300 0.3662 238.0000 23.8000 0.0000 6.9137 2.0000 
2956 2957 815 -0.7526 0.5472 -5.5919 -0.8164 0.9024 -5.9990 0.0300 0.5441 238.0000 23.8000 0.0000 8.1162 2.0000 
2957 2958 815 -0.8164 0.9024 -5.9990 -0.8820 1.2317 -6.3769 0.0300 0.5056 238.0000 23.8000 0.0000 9.6768 2.0000 
2958 2959 815 -0.8820 1.2317 -6.3769 -0.9432 1.5397 -6.7297 0.0300 0.4723 238.0000 23.8000 0.0000 12.0000 2.0000 
2705 2960 816 -0.6884 0.0122 -5.2073 -1.0595 0.1700 -5.4410 0.0300 0.4660 238.0000 23.8000 0.0000 6.2556 2.0000 
2960 2961 816 -1.0595 0.1700 -5.4410 -1.4128 0.3068 -5.6766 0.0300 0.4462 238.0000 23.8000 0.0000 6.9440 2.0000 
2961 2962 816 -1.4128 0.3068 -5.6766 -1.7347 0.4315 -5.8612 0.0300 0.3914 238.0000 23.8000 0.0000 7.7001 2.0000 
2962 2963 816 -1.7347 0.4315 -5.8612 -2.1559 0.5888 -6.0908 0.0300 0.5049 238.0000 23.8000 0.0000 9.0468 2.0000 
2963 2964 816 -2.1559 0.5888 -6.0908 -2.5359 0.7354 -6.3285 0.0300 0.4716 238.0000 23.8000 0.0000 11.1890 2.0000 
2964 2965 816 -2.5359 0.7354 -6.3285 -2.6252 0.7700 -6.3845 0.0300 0.1109 238.0000 23.8000 0.0000 12.0000 2.0000 
2706 2966 817 -0.7467 0.0125 -5.3922 -0.8102 -0.3442 -5.7598 0.0300 0.5161 238.0000 23.8000 0.0000 6.3627 2.0000 
2966 2967 817 -0.8102 -0.3442 -5.7598 -0.8738 -0.6475 -6.0723 0.0300 0.4401 238.0000 23.8000 0.0000 7.0314 2.0000 
2967 2968 817 -0.8738 -0.6475 -6.0723 -0.9028 -1.0342 -6.3979 0.0300 0.5063 238.0000 23.8000 0.0000 8.0268 2.0000 
2968 2969 817 -0.9028 -1.0342 -6.3979 -0.8966 -1.4420 -6.7118 0.0300 0.5147 238.0000 23.8000 0.0000 9.5094 2.0000 
2969 2970 817 -0.8966 -1.4420 -6.7118 -0.9226 -1.7448 -6.9689 0.0300 0.3981 238.0000 23.8000 0.0000 11.4551 2.0000 
2970 2971 817 -0.9226 -1.7448 -6.9689 -0.9268 -1.8012 -7.0174 0.0300 0.0745 238.0000 23.8000 0.0000 12.0000 2.0000 
2707 2972 818 -0.7942 0.0092 -5.5694 -1.1043 -0.2415 -5.8311 0.0300 0.4770 238.0000 23.8000 0.0000 6.5343 2.0000 
2972 2973 818 -1.1043 -0.2415 -5.8311 -1.3782 -0.4608 -6.0558 0.0300 0.4167 238.0000 23.8000 0.0000 7.3345 2.0000 
2973 2974 818 -1.3782 -0.4608 -6.0558 -1.7818 -0.7169 -6.3334 0.0300 0.5527 238.0000 23.8000 0.0000 8.7175 2.0000 
2974 2975 818 -1.7818 -0.7169 -6.3334 -2.1280 -0.9288 -6.5770 0.0300 0.4734 238.0000 23.8000 0.0000 10.4482 2.0000 
2975 2976 818 -2.1280 -0.9288 -6.5770 -2.3382 -1.0574 -6.7171 0.0300 0.2834 238.0000 23.8000 0.0000 12.0000 2.0000 
2708 2977 819 -0.8478 0.0055 -5.7697 -0.6215 0.0577 -6.1457 0.0300 0.4420 238.0000 23.8000 0.0000 6.3606 2.0000 
2977 2978 819 -0.6215 0.0577 -6.1457 -0.4396 0.0898 -6.4901 0.0300 0.3908 238.0000 23.8000 0.0000 6.9144 2.0000 
2978 2979 819 -0.4396 0.0898 -6.4901 -0.1175 0.1416 -6.9653 0.0300 0.5764 238.0000 23.8000 0.0000 7.9845 2.0000 
2979 2980 819 -0.1175 0.1416 -6.9653 0.1310 0.1826 -7.3393 0.0300 0.4509 238.0000 23.8000 0.0000 9.2178 2.0000 
2980 2981 819 0.1310 0.1826 -7.3393 0.3730 0.2497 -7.6726 0.0300 0.4174 238.0000 23.8000 0.0000 11.1453 2.0000 
2981 2982 819 0.3730 0.2497 -7.6726 0.4305 0.2617 -7.7703 0.0300 0.1140 238.0000 23.8000 0.0000 12.0000 2.0000 
2709 2983 820 -0.8903 -0.0023 -5.9591 -1.2275 0.0169 -6.1443 0.0300 0.3852 238.0000 23.8000 0.0000 6.3530 2.0000 
2983 2984 820 -1.2275 0.0169 -6.1443 -1.6904 0.0267 -6.4163 0.0300 0.5370 238.0000 23.8000 0.0000 7.1241 2.0000 
2984 2985 820 -1.6904 0.0267 -6.4163 -2.0457 0.0177 -6.6278 0.0300 0.4135 238.0000 23.8000 0.0000 7.8780 2.0000 
2985 2986 820 -2.0457 0.0177 -6.6278 -2.5531 0.0426 -6.9489 0.0300 0.6010 238.0000 23.8000 0.0000 9.4404 2.0000 
2986 2987 820 -2.5531 0.0426 -6.9489 -2.9032 0.0555 -7.1727 0.0300 0.4158 238.0000 23.8000 0.0000 11.2722 2.0000 
2987 2988 820 -2.9032 0.0555 -7.1727 -2.9946 0.0556 -7.2329 0.0300 0.1094 238.0000 23.8000 0.0000 12.0000 2.0000 
2710 2989 821 -0.9292 -0.0089 -6.1563 -1.1250 0.2844 -6.4777 0.0300 0.4771 238.0000 23.8000 0.0000 6.6682 2.0000 
2989 2990 821 -1.1250 0.2844 -6.4777 -1.3170 0.5597 -6.7956 0.0300 0.4623 238.0000 23.8000 0.0000 7.5121 2.0000 
2990 2991 821 -1.3170 0.5597 -6.7956 -1.4864 0.7894 -7.0549 0.0300 0.3856 238.0000 23.8000 0.0000 8.3916 2.0000 
2991 2992 821 -1.4864 0.7894 -7.0549 -1.6982 1.0765 -7.3777 0.0300 0.4811 238.0000 23.8000 0.0000 9.8746 2.0000 
2992 2993 821 -1.6982 1.0765 -7.3777 -1.8847 1.3269 -7.6811 0.0300 0.4353 238.0000 23.8000 0.0000 12.0000 2.0000 
2711 2994 822 -0.9696 -0.0144 -6.3613 -0.8737 -0.3313 -6.6928 0.0300 0.4685 238.0000 23.8000 0.0000 6.5915 2.0000 
2994 2995 822 -0.8737 -0.3313 -6.6928 -0.7930 -0.6057 -6.9895 0.0300 0.4121 238.0000 23.8000 0.0000 7.1996 2.0000 
2995 2996 822 -0.7930 -0.6057 -6.9895 -0.6956 -0.9211 -7.3880 0.0300 0.5174 238.0000 23.8000 0.0000 8.1764 2.0000 
2996 2997 822 -0.6956 -0.9211 -7.3880 -0.6038 -1.2027 -7.7344 0.0300 0.4557 238.0000 23.8000 0.0000 9.3867 2.0000 
2997 2998 822 -0.6038 -1.2027 -7.7344 -0.5382 -1.5008 -8.1065 0.0300 0.4813 238.0000 23.8000 0.0000 11.5211 2.0000 
2998 2999 822 -0.5382 -1.5008 -8.1065 -0.5318 -1.5419 -8.1633 0.0300 0.0704 238.0000 23.8000 0.0000 12.0000 2.0000 
2712 3000 823 -1.0059 -0.0208 -6.5397 -0.7341 -0.0688 -6.9756 0.0300 0.5160 238.0000 23.8000 0.0000 6.7890 2.0000 
3000 3001 823 -0.7341 -0.0688 -6.9756 -0.4870 -0.0726 -7.3414 0.0300 0.4414 238.0000 23.8000 0.0000 7.5404 2.0000 
3001 3002 823 -0.4870 -0.0726 -7.3414 -0.1767 -0.0723 -7.8039 0.0300 0.5570 238.0000 23.8000 0.0000 8.7852 2.0000 
3002 3003 823 -0.1767 -0.0723 -7.8039 0.0298 -0.0701 -8.1216 0.0300 0.3789 238.0000 23.8000 0.0000 9.9688 2.0000 
3003 3004 823 0.0298 -0.0701 -8.1216 0.2621 -0.0410 -8.4716 0.0300 0.4211 238.0000 23.8000 0.0000 12.0000 2.0000 
2713 3005 824 -1.0493 -0.0285 -6.7461 -0.8543 -0.2374 -7.1387 0.0300 0.4855 238.0000 23.8000 0.0000 6.8266 2.0000 
3005 3006 824 -0.8543 -0.2374 -7.1387 -0.6776 -0.4330 -7.4901 0.0300 0.4393 238.0000 23.8000 0.0000 7.5804 2.0000 
3006 3007 824 -0.6776 -0.4330 -7.4901 -0.4552 -0.6791 -7.9308 0.0300 0.5516 238.0000 23.8000 0.0000 8.7950 2.0000 
3007 3008 824 -0.4552 -0.6791 -7.9308 -0.2479 -0.8735 -8.3876 0.0300 0.5379 238.0000 23.8000 0.0000 10.5115 2.0000 
3008 3009 824 -0.2479 -0.8735 -8.3876 -0.1248 -0.9794 -8.6504 0.0300 0.3090 238.0000 23.8000 0.0000 12.0000 2.0000 
2714 3010 825 -1.0985 -0.0402 -6.9701 -1.3744 -0.3363 -7.2537 0.0300 0.4942 238.0000 23.8000 0.0000 6.7796 2.0000 
3010 3011 825 -1.3744 -0.3363 -7.2537 -1.6848 -0.6575 -7.5954 0.0300 0.5624 238.0000 23.8000 0.0000 7.6106 2.0000 
3011 3012 825 -1.6848 -0.6575 -7.5954 -1.8783 -0.8952 -7.8148 0.0300 0.3770 238.0000 23.8000 0.0000 8.3340 2.0000 
3012 3013 825 -1.8783 -0.8952 -7.8148 -2.0903 -1.1530 -8.0572 0.0300 0.4125 238.0000 23.8000 0.0000 9.3999 2.0000 
3013 3014 825 -2.0903 -1.1530 -8.0572 -2.3384 -1.4499 -8.3379 0.0300 0.4780 238.0000 23.8000 0.0000 11.4550 2.0000 
3014 3015 825 -2.3384 -1.4499 -8.3379 -2.3800 -1.5007 -8.3843 0.0300 0.0804 238.0000 23.8000 0.0000 12.0000 2.0000 
2715 3016 826 -1.1411 -0.0512 -7.1677 -0.9329 0.0364 -7.5321 0.0300 0.4288 238.0000 23.8000 0.0000 6.9265 2.0000 
3016 3017 826 -0.9329 0.0364 -7.5321 -0.6547 0.1525 -8.0076 0.0300 0.5630 238.0000 23.8000 0.0000 8.0134 2.0000 
3017 3018 826 -0.6547 0.1525 -8.0076 -0.4276 0.2209 -8.3493 0.0300 0.4159 238.0000 23.8000 0.0000 9.0673 2.0000 
3018 3019 826 -0.4276 0.2209 -8.3493 -0.1973 0.3073 -8.7047 0.0300 0.4323 238.0000 23.8000 0.0000 10.5798 2.0000 
3019 3020 826 -0.1973 0.3073 -8.7047 -0.0438 0.3727 -8.9290 0.0300 0.2795 238.0000 23.8000 0.0000 12.0000 2.0000 
2716 3021 827 -1.1831 -0.0615 -7.3714 -1.0063 -0.3053 -7.7457 0.0300 0.4805 238.0000 23.8000 0.0000 7.0494 2.0000 
3021 3022 827 -1.0063 -0.3053 -7.7457 -0.7814 -0.5580 -8.1546 0.0300 0.5306 238.0000 23.8000 0.0000 8.0322 2.0000 
3022 3023 827 -0.7814 -0.5580 -8.1546 -0.5495 -0.8155 -8.5729 0.0300 0.5432 238.0000 23.8000 0.0000 9.3582 2.0000 
3023 3024 827 -0.5495 -0.8155 -8.5729 -0.3581 -1.0232 -8.9440 0.0300 0.4664 238.0000 23.8000 0.0000 10.9789 2.0000 
3024 3025 827 -0.3581 -1.0232 -8.9440 -0.2730 -1.1193 -9.1140 0.0300 0.2129 238.0000 23.8000 0.0000 12.0000 2.0000 
2717 3026 828 -1.2157 -0.0706 -7.5685 -1.6094 -0.0874 -7.8570 0.0300 0.4884 238.0000 23.8000 0.0000 7.1159 2.0000 
3026 3027 828 -1.6094 -0.0874 -7.8570 -1.9834 -0.1040 -8.1293 0.0300 0.4629 238.0000 23.8000 0.0000 7.9619 2.0000 
3027 3028 828 -1.9834 -0.1040 -8.1293 -2.3951 -0.1192 -8.3949 0.0300 0.4901 238.0000 23.8000 0.0000 9.1119 2.0000 
3028 3029 828 -2.3951 -0.1192 -8.3949 -2.7520 -0.1431 -8.5969 0.0300 0.4108 238.0000 23.8000 0.0000 10.4249 2.0000 
3029 3030 828 -2.7520 -0.1431 -8.5969 -3.0482 -0.1615 -8.7692 0.0300 0.3432 238.0000 23.8000 0.0000 12.0000 2.0000 
2718 3031 829 -1.2487 -0.0711 -7.7756 -1.5536 -0.3249 -8.0996 0.0300 0.5122 238.0000 23.8000 0.0000 7.0216 2.0000 
3031 3032 829 -1.5536 -0.3249 -8.0996 -1.8217 -0.5697 -8.3941 0.0300 0.4675 238.0000 23.8000 0.0000 7.6551 2.0000 
3032 3033 829 -1.8217 -0.5697 -8.3941 -2.1156 -0.8363 -8.7265 0.0300 0.5176 238.0000 23.8000 0.0000 8.5426 2.0000 
3033 3034 829 -2.1156 -0.8363 -8.7265 -2.4222 -1.0920 -9.0873 0.0300 0.5381 238.0000 23.8000 0.0000 9.8330 2.0000 
3034 3035 829 -2.4222 -1.0920 -9.0873 -2.7247 -1.3311 -9.4241 0.0300 0.5120 238.0000 23.8000 0.0000 11.8745 2.0000 
3035 3036 829 -2.7247 -1.3311 -9.4241 -2.7371 -1.3423 -9.4386 0.0300 0.0221 238.0000 23.8000 0.0000 12.0000 2.0000 
2719 3037 830 -1.2814 -0.0697 -7.9839 -1.3039 -0.4480 -8.3893 0.0300 0.5549 238.0000 23.8000 0.0000 7.1199 2.0000 
3037 3038 830 -1.3039 -0.4480 -8.3893 -1.3337 -0.8270 -8.7720 0.0300 0.5394 238.0000 23.8000 0.0000 7.8777 2.0000 
3038 3039 830 -1.3337 -0.8270 -8.7720 -1.3594 -1.1543 -9.0702 0.0300 0.4435 238.0000 23.8000 0.0000 8.7053 2.0000 
3039 3040 830 -1.3594 -1.1543 -9.0702 -1.3915 -1.4504 -9.3479 0.0300 0.4073 238.0000 23.8000 0.0000 9.7700 2.0000 
3040 3041 830 -1.3915 -1.4504 -9.3479 -1.4148 -1.7810 -9.6518 0.0300 0.4496 238.0000 23.8000 0.0000 11.7792 2.0000 
3041 3042 830 -1.4148 -1.7810 -9.6518 -1.4163 -1.8043 -9.6742 0.0300 0.0324 238.0000 23.8000 0.0000 12.0000 2.0000 
2720 3043 831 -1.3126 -0.0588 -8.1770 -1.6543 -0.1038 -8.4568 0.0300 0.4439 238.0000 23.8000 0.0000 7.1035 2.0000 
3043 3044 831 -1.6543 -0.1038 -8.4568 -1.9855 -0.1488 -8.6970 0.0300 0.4115 238.0000 23.8000 0.0000 7.7002 2.0000 
3044 3045 831 -1.9855 -0.1488 -8.6970 -2.3884 -0.2154 -8.9863 0.0300 0.5005 238.0000 23.8000 0.0000 8.6281 2.0000 
3045 3046 831 -2.3884 -0.2154 -8.9863 -2.8218 -0.2751 -9.2946 0.0300 0.5351 238.0000 23.8000 0.0000 10.0816 2.0000 
3046 3047 831 -2.8218 -0.2751 -9.2946 -3.1480 -0.3254 -9.5393 0.0300 0.4109 238.0000 23.8000 0.0000 12.0000 2.0000 
2721 3048 832 -1.3505 -0.0450 -8.3815 -1.1457 0.2010 -8.7363 0.0300 0.4778 238.0000 23.8000 0.0000 7.1371 2.0000 
3048 3049 832 -1.1457 0.2010 -8.7363 -0.9551 0.4303 -9.0666 0.0300 0.4450 238.0000 23.8000 0.0000 7.7105 2.0000 
3049 3050 832 -0.9551 0.4303 -9.0666 -0.6940 0.7344 -9.4610 0.0300 0.5623 238.0000 23.8000 0.0000 8.6608 2.0000 
3050 3051 832 -0.6940 0.7344 -9.4610 -0.4402 1.0167 -9.8144 0.0300 0.5187 238.0000 23.8000 0.0000 9.9727 2.0000 
3051 3052 832 -0.4402 1.0167 -9.8144 -0.2652 1.2278 -10.0966 0.0300 0.3934 238.0000 23.8000 0.0000 11.6747 2.0000 
3052 3053 832 -0.2652 1.2278 -10.0966 -0.2428 1.2558 -10.1333 0.0300 0.0514 238.0000 23.8000 0.0000 12.0000 2.0000 
2722 3054 833 -1.3821 -0.0331 -8.5766 -1.5596 -0.3655 -8.9679 0.0300 0.5432 238.0000 23.8000 0.0000 7.3100 2.0000 
3054 3055 833 -1.5596 -0.3655 -8.9679 -1.7301 -0.6778 -9.3166 0.0300 0.4981 238.0000 23.8000 0.0000 8.0103 2.0000 
3055 3056 833 -1.7301 -0.6778 -9.3166 -1.8839 -0.9627 -9.6560 0.0300 0.4691 238.0000 23.8000 0.0000 8.8501 2.0000 
3056 3057 833 -1.8839 -0.9627 -9.6560 -2.0409 -1.2577 -10.0260 0.0300 0.4986 238.0000 23.8000 0.0000 10.0830 2.0000 
3057 3058 833 -2.0409 -1.2577 -10.0260 -2.1770 -1.5335 -10.3897 0.0300 0.4763 238.0000 23.8000 0.0000 12.0000 2.0000 
2723 3059 834 -1.4093 -0.0212 -8.7750 -1.3683 -0.3422 -9.1520 0.0300 0.4969 238.0000 23.8000 0.0000 7.4235 2.0000 
3059 3060 834 -1.3683 -0.3422 -9.1520 -1.3744 -0.6840 -9.5264 0.0300 0.5069 238.0000 23.8000 0.0000 8.2639 2.0000 
3060 3061 834 -1.3744 -0.6840 -9.5264 -1.4274 -0.9991 -9.8950 0.0300 0.4879 238.0000 23.8000 0.0000 9.3014 2.0000 
3061 3062 834 -1.4274 -0.9991 -9.8950 -1.4759 -1.3223 -10.2669 0.0300 0.4950 238.0000 23.8000 0.0000 10.7656 2.0000 
3062 3063 834 -1.4759 -1.3223 -10.2669 -1.4987 -1.5036 -10.4931 0.0300 0.2909 238.0000 23.8000 0.0000 12.0000 2.0000 
2724 3064 835 -1.4405 -0.0193 -9.0018 -1.6930 0.1367 -9.2498 0.0300 0.3868 238.0000 23.8000 0.0000 7.3149 2.0000 
3064 3065 835 -1.6930 0.1367 -9.2498 -1.9935 0.3581 -9.5828 0.0300 0.5002 238.0000 23.8000 0.0000 8.1047 2.0000 
3065 3066 835 -1.9935 0.3581 -9.5828 -2.1957 0.5192 -9.8266 0.0300 0.3554 238.0000 23.8000 0.0000 8.8218 2.0000 
3066 3067 835 -2.1957 0.5192 -9.8266 -2.4632 0.7262 -10.1385 0.0300 0.4601 238.0000 23.8000 0.0000 10.0987 2.0000 
3067 3068 835 -2.4632 0.7262 -10.1385 -2.7022 0.9132 -10.4180 0.0300 0.4126 238.0000 23.8000 0.0000 12.0000 2.0000 
2725 3069 836 -1.4675 -0.0190 -9.1907 -1.1848 -0.1194 -9.6553 0.0300 0.5530 238.0000 23.8000 0.0000 7.6503 2.0000 
3069 3070 836 -1.1848 -0.1194 -9.6553 -0.9805 -0.2180 -10.0530 0.0300 0.4579 238.0000 23.8000 0.0000 8.4508 2.0000 
3070 3071 836 -0.9805 -0.2180 -10.0530 -0.8206 -0.3047 -10.3973 0.0300 0.3894 238.0000 23.8000 0.0000 9.3105 2.0000 
3071 3072 836 -0.8206 -0.3047 -10.3973 -0.6277 -0.3945 -10.8128 0.0300 0.4668 238.0000 23.8000 0.0000 10.7235 2.0000 
3072 3073 836 -0.6277 -0.3945 -10.8128 -0.5172 -0.4433 -11.0748 0.0300 0.2885 238.0000 23.8000 0.0000 12.0000 2.0000 
2726 3074 837 -1.4982 -0.0171 -9.3954 -1.6116 -0.2732 -9.7534 0.0300 0.4546 238.0000 23.8000 0.0000 7.5339 2.0000 
3074 3075 837 -1.6116 -0.2732 -9.7534 -1.7231 -0.5536 -10.0801 0.0300 0.4447 238.0000 23.8000 0.0000 8.2305 2.0000 
3075 3076 837 -1.7231 -0.5536 -10.0801 -1.8460 -0.8844 -10.4765 0.0300 0.5307 238.0000 23.8000 0.0000 9.2869 2.0000 
3076 3077 837 -1.8460 -0.8844 -10.4765 -1.9677 -1.2397 -10.9475 0.0300 0.6024 238.0000 23.8000 0.0000 11.0422 2.0000 
3077 3078 837 -1.9677 -1.2397 -10.9475 -2.0294 -1.3673 -11.1219 0.0300 0.2247 238.0000 23.8000 0.0000 12.0000 2.0000 
2727 3079 838 -1.5255 -0.0174 -9.5897 -1.9663 0.1986 -9.9108 0.0300 0.5866 238.0000 23.8000 0.0000 7.7697 2.0000 
3079 3080 838 -1.9663 0.1986 -9.9108 -2.2405 0.2989 -10.1211 0.0300 0.3598 238.0000 23.8000 0.0000 8.3468 2.0000 
3080 3081 838 -2.2405 0.2989 -10.1211 -2.6967 0.4246 -10.3857 0.0300 0.5422 238.0000 23.8000 0.0000 9.4535 2.0000 
3081 3082 838 -2.6967 0.4246 -10.3857 -3.1126 0.5631 -10.5998 0.0300 0.4878 238.0000 23.8000 0.0000 10.8889 2.0000 
3082 3083 838 -3.1126 0.5631 -10.5998 -3.3326 0.6386 -10.7164 0.0300 0.2602 238.0000 23.8000 0.0000 12.0000 2.0000 
2728 3084 839 -1.5514 -0.0205 -9.7856 -1.2487 -0.1163 -10.1431 0.0300 0.4781 238.0000 23.8000 0.0000 7.7334 2.0000 
3084 3085 839 -1.2487 -0.1163 -10.1431 -0.9010 -0.2355 -10.5243 0.0300 0.5295 238.0000 23.8000 0.0000 8.6492 2.0000 
3085 3086 839 -0.9010 -0.2355 -10.5243 -0.5747 -0.3521 -10.9274 0.0300 0.5315 238.0000 23.8000 0.0000 9.8477 2.0000 
3086 3087 839 -0.5747 -0.3521 -10.9274 -0.2615 -0.4696 -11.3043 0.0300 0.5039 238.0000 23.8000 0.0000 11.4630 2.0000 
3087 3088 839 -0.2615 -0.4696 -11.3043 -0.1863 -0.5035 -11.4007 0.0300 0.1269 238.0000 23.8000 0.0000 12.0000 2.0000 
2729 3089 840 -1.5707 -0.0234 -9.9829 -1.8813 0.2292 -10.3130 0.0300 0.5189 238.0000 23.8000 0.0000 7.8774 2.0000 
3089 3090 840 -1.8813 0.2292 -10.3130 -2.2017 0.4079 -10.6440 0.0300 0.4942 238.0000 23.8000 0.0000 8.7744 2.0000 
3090 3091 840 -2.2017 0.4079 -10.6440 -2.5138 0.6098 -10.9537 0.0300 0.4838 238.0000 23.8000 0.0000 9.9142 2.0000 
3091 3092 840 -2.5138 0.6098 -10.9537 -2.8037 0.8063 -11.2543 0.0300 0.4616 238.0000 23.8000 0.0000 11.4430 2.0000 
3092 3093 840 -2.8037 0.8063 -11.2543 -2.8831 0.8617 -11.3379 0.0300 0.1279 238.0000 23.8000 0.0000 12.0000 2.0000 
2730 3094 841 -1.5880 -0.0328 -10.1759 -1.8485 0.2346 -10.5383 0.0300 0.5202 238.0000 23.8000 0.0000 7.9895 2.0000 
3094 3095 841 -1.8485 0.2346 -10.5383 -2.0502 0.4406 -10.8066 0.0300 0.3938 238.0000 23.8000 0.0000 8.7391 2.0000 
3095 3096 841 -2.0502 0.4406 -10.8066 -2.2745 0.6823 -11.1033 0.0300 0.4436 238.0000 23.8000 0.0000 9.7942 2.0000 
3096 3097 841 -2.2745 0.6823 -11.1033 -2.5101 0.9160 -11.3981 0.0300 0.4439 238.0000 23.8000 0.0000 11.2298 2.0000 
3097 3098 841 -2.5101 0.9160 -11.3981 -2.6061 1.0109 -11.5177 0.0300 0.1803 238.0000 23.8000 0.0000 12.0000 2.0000 
2731 3099 842 -1.6076 -0.0433 -10.3939 -1.3915 -0.0003 -10.6673 0.0300 0.3511 238.0000 23.8000 0.0000 7.6118 2.0000 
3099 3100 842 -1.3915 -0.0003 -10.6673 -1.0476 0.0752 -11.0923 0.0300 0.5519 238.0000 23.8000 0.0000 8.3207 2.0000 
3100 3101 842 -1.0476 0.0752 -11.0923 -0.7755 0.1242 -11.4259 0.0300 0.4332 238.0000 23.8000 0.0000 9.0431 2.0000 
3101 3102 842 -0.7755 0.1242 -11.4259 -0.4961 0.1654 -11.7786 0.0300 0.4519 238.0000 23.8000 0.0000 10.0781 2.0000 
3102 3103 842 -0.4961 0.1654 -11.7786 -0.2049 0.2447 -12.1727 0.0300 0.4964 238.0000 23.8000 0.0000 12.0000 2.0000 
2732 3104 843 -1.6323 -0.0532 -10.6144 -1.7221 0.2238 -10.9325 0.0300 0.4313 238.0000 23.8000 0.0000 7.9238 2.0000 
3104 3105 843 -1.7221 0.2238 -10.9325 -1.8176 0.5832 -11.3241 0.0300 0.5400 238.0000 23.8000 0.0000 8.8657 2.0000 
3105 3106 843 -1.8176 0.5832 -11.3241 -1.8674 0.8679 -11.6395 0.0300 0.4278 238.0000 23.8000 0.0000 9.8188 2.0000 
3106 3107 843 -1.8674 0.8679 -11.6395 -1.9033 1.1918 -12.0642 0.0300 0.5353 238.0000 23.8000 0.0000 11.4822 2.0000 
3107 3108 843 -1.9033 1.1918 -12.0642 -1.9124 1.2661 -12.1641 0.0300 0.1248 238.0000 23.8000 0.0000 12.0000 2.0000 
2733 3109 844 -1.6552 -0.0628 -10.8181 -1.4153 0.0863 -11.2313 0.0300 0.5005 238.0000 23.8000 0.0000 8.0490 2.0000 
3109 3110 844 -1.4153 0.0863 -11.2313 -1.1944 0.2012 -11.7332 0.0300 0.5603 238.0000 23.8000 0.0000 8.9961 2.0000 
3110 3111 844 -1.1944 0.2012 -11.7332 -0.9925 0.3116 -12.1873 0.0300 0.5091 238.0000 23.8000 0.0000 10.1377 2.0000 
3111 3112 844 -0.9925 0.3116 -12.1873 -0.8224 0.4075 -12.6115 0.0300 0.4670 238.0000 23.8000 0.0000 11.6322 2.0000 
3112 3113 844 -0.8224 0.4075 -12.6115 -0.7901 0.4259 -12.6920 0.0300 0.0886 238.0000 23.8000 0.0000 12.0000 2.0000 
2734 3114 845 -1.6709 -0.0830 -11.0294 -1.6215 -0.4469 -11.3285 0.0300 0.4736 238.0000 23.8000 0.0000 8.0721 2.0000 
3114 3115 845 -1.6215 -0.4469 -11.3285 -1.5507 -0.8192 -11.6517 0.0300 0.4981 238.0000 23.8000 0.0000 8.9017 2.0000 
3115 3116 845 -1.5507 -0.8192 -11.6517 -1.4757 -1.1178 -11.9132 0.0300 0.4039 238.0000 23.8000 0.0000 9.7621 2.0000 
3116 3117 845 -1.4757 -1.1178 -11.9132 -1.3981 -1.4422 -12.2036 0.0300 0.4423 238.0000 23.8000 0.0000 11.0453 2.0000 
3117 3118 845 -1.3981 -1.4422 -12.2036 -1.3562 -1.6158 -12.3593 0.0300 0.2369 238.0000 23.8000 0.0000 12.0000 2.0000 
2735 3119 846 -1.6936 -0.1034 -11.2334 -1.9507 -0.3605 -11.5066 0.0300 0.4547 238.0000 23.8000 0.0000 8.0431 2.0000 
3119 3120 846 -1.9507 -0.3605 -11.5066 -2.1877 -0.6057 -11.7720 0.0300 0.4322 238.0000 23.8000 0.0000 8.6806 2.0000 
3120 3121 846 -2.1877 -0.6057 -11.7720 -2.4427 -0.8346 -12.0869 0.0300 0.4654 238.0000 23.8000 0.0000 9.5757 2.0000 
3121 3122 846 -2.4427 -0.8346 -12.0869 -2.6368 -1.0584 -12.3673 0.0300 0.4079 238.0000 23.8000 0.0000 10.6859 2.0000 
3122 3123 846 -2.6368 -1.0584 -12.3673 -2.7869 -1.2324 -12.5859 0.0300 0.3172 238.0000 23.8000 0.0000 12.0000 2.0000 
2736 3124 847 -1.7227 -0.1260 -11.4279 -1.6378 -0.5104 -11.8133 0.0300 0.5510 238.0000 23.8000 0.0000 8.2817 2.0000 
3124 3125 847 -1.6378 -0.5104 -11.8133 -1.5612 -0.8289 -12.1788 0.0300 0.4908 238.0000 23.8000 0.0000 9.0942 2.0000 
3125 3126 847 -1.5612 -0.8289 -12.1788 -1.4942 -1.1030 -12.5116 0.0300 0.4363 238.0000 23.8000 0.0000 10.0327 2.0000 
3126 3127 847 -1.4942 -1.1030 -12.5116 -1.4074 -1.4343 -12.7916 0.0300 0.4424 238.0000 23.8000 0.0000 11.3660 2.0000 
3127 3128 847 -1.4074 -1.4343 -12.7916 -1.3762 -1.5514 -12.8895 0.0300 0.1558 238.0000 23.8000 0.0000 12.0000 2.0000 
2737 3129 848 -1.7460 -0.1384 -11.6373 -1.9645 -0.4513 -11.9340 0.0300 0.4834 238.0000 23.8000 0.0000 8.2579 2.0000 
3129 3130 848 -1.9645 -0.4513 -11.9340 -2.1595 -0.7497 -12.2212 0.0300 0.4578 238.0000 23.8000 0.0000 8.9938 2.0000 
3130 3131 848 -2.1595 -0.7497 -12.2212 -2.3449 -1.0447 -12.5187 0.0300 0.4582 238.0000 23.8000 0.0000 9.9324 2.0000 
3131 3132 848 -2.3449 -1.0447 -12.5187 -2.5708 -1.3873 -12.8879 0.0300 0.5520 238.0000 23.8000 0.0000 11.5658 2.0000 
3132 3133 848 -2.5708 -1.3873 -12.8879 -2.6169 -1.4532 -12.9595 0.0300 0.1077 238.0000 23.8000 0.0000 12.0000 2.0000 
2738 3134 849 -1.7617 -0.1467 -11.8438 -1.7503 -0.5339 -12.1751 0.0300 0.5097 238.0000 23.8000 0.0000 8.3593 2.0000 
3134 3135 849 -1.7503 -0.5339 -12.1751 -1.7360 -0.8983 -12.4890 0.0300 0.4812 238.0000 23.8000 0.0000 9.1495 2.0000 
3135 3136 849 -1.7360 -0.8983 -12.4890 -1.7198 -1.2524 -12.7914 0.0300 0.4659 238.0000 23.8000 0.0000 10.1429 2.0000 
3136 3137 849 -1.7198 -1.2524 -12.7914 -1.7309 -1.6247 -13.0947 0.0300 0.4804 238.0000 23.8000 0.0000 11.6069 2.0000 
3137 3138 849 -1.7309 -1.6247 -13.0947 -1.7336 -1.7004 -13.1560 0.0300 0.0974 238.0000 23.8000 0.0000 12.0000 2.0000 
2739 3139 850 -1.7812 -0.1607 -12.0216 -2.0339 -0.4743 -12.3245 0.0300 0.5040 238.0000 23.8000 0.0000 8.4607 2.0000 
3139 3140 850 -2.0339 -0.4743 -12.3245 -2.2068 -0.7284 -12.5417 0.0300 0.3763 238.0000 23.8000 0.0000 9.1088 2.0000 
3140 3141 850 -2.2068 -0.7284 -12.5417 -2.4867 -1.1286 -12.8965 0.0300 0.6036 238.0000 23.8000 0.0000 10.4628 2.0000 
3141 3142 850 -2.4867 -1.1286 -12.8965 -2.6988 -1.4255 -13.1857 0.0300 0.4656 238.0000 23.8000 0.0000 12.0000 2.0000 
2740 3143 851 -1.7799 -0.1754 -12.2138 -1.6613 0.0110 -12.4841 0.0300 0.3491 238.0000 23.8000 0.0000 8.2839 2.0000 
3143 3144 851 -1.6613 0.0110 -12.4841 -1.4928 0.3196 -12.8815 0.0300 0.5306 238.0000 23.8000 0.0000 9.1746 2.0000 
3144 3145 851 -1.4928 0.3196 -12.8815 -1.2869 0.6171 -13.2357 0.0300 0.5063 238.0000 23.8000 0.0000 10.2906 2.0000 
3145 3146 851 -1.2869 0.6171 -13.2357 -1.1972 0.8934 -13.5620 0.0300 0.4369 238.0000 23.8000 0.0000 11.6355 2.0000 
3146 3147 851 -1.1972 0.8934 -13.5620 -1.1792 0.9544 -13.6302 0.0300 0.0933 238.0000 23.8000 0.0000 12.0000 2.0000 
2741 3148 852 -1.7821 -0.1801 -12.4196 -1.8223 0.1126 -12.7304 0.0300 0.4289 238.0000 23.8000 0.0000 8.3322 2.0000 
3148 3149 852 -1.8223 0.1126 -12.7304 -1.8806 0.3788 -13.0073 0.0300 0.3885 238.0000 23.8000 0.0000 8.8482 2.0000 
3149 3150 852 -1.8806 0.3788 -13.0073 -1.9654 0.7140 -13.3194 0.0300 0.4658 238.0000 23.8000 0.0000 9.6408 2.0000 
3150 3151 852 -1.9654 0.7140 -13.3194 -2.0302 0.9937 -13.5871 0.0300 0.3925 238.0000 23.8000 0.0000 10.5669 2.0000 
3151 3152 852 -2.0302 0.9937 -13.5871 -2.1364 1.2804 -13.8291 0.0300 0.3899 238.0000 23.8000 0.0000 12.0000 2.0000 
2742 3153 853 -1.7868 -0.1843 -12.5944 -1.7773 0.1053 -12.9636 0.0300 0.4693 238.0000 23.8000 0.0000 8.4833 2.0000 
3153 3154 853 -1.7773 0.1053 -12.9636 -1.7670 0.3758 -13.3077 0.0300 0.4379 238.0000 23.8000 0.0000 9.1327 2.0000 
3154 3155 853 -1.7670 0.3758 -13.3077 -1.7602 0.6689 -13.6355 0.0300 0.4398 238.0000 23.8000 0.0000 9.9642 2.0000 
3155 3156 853 -1.7602 0.6689 -13.6355 -1.7902 0.9870 -14.0118 0.0300 0.4936 238.0000 23.8000 0.0000 11.2892 2.0000 
3156 3157 853 -1.7902 0.9870 -14.0118 -1.8136 1.1107 -14.1517 0.0300 0.1883 238.0000 23.8000 0.0000 12.0000 2.0000 
2743 3158 854 -1.7911 -0.1902 -12.8010 -2.0821 -0.0310 -13.1373 0.0300 0.4723 238.0000 23.8000 0.0000 8.5720 2.0000 
3158 3159 854 -2.0821 -0.0310 -13.1373 -2.3671 0.0954 -13.5989 0.0300 0.5570 238.0000 23.8000 0.0000 9.4450 2.0000 
3159 3160 854 -2.3671 0.0954 -13.5989 -2.7163 0.2345 -13.9934 0.0300 0.5449 238.0000 23.8000 0.0000 10.5993 2.0000 
3160 3161 854 -2.7163 0.2345 -13.9934 -3.0095 0.3304 -14.3241 0.0300 0.4522 238.0000 23.8000 0.0000 12.0000 2.0000 
2744 3162 855 -1.7925 -0.1950 -12.9879 -1.4956 0.0573 -13.3853 0.0300 0.5565 238.0000 23.8000 0.0000 8.7175 2.0000 
3162 3163 855 -1.4956 0.0573 -13.3853 -1.1595 0.3409 -13.7847 0.0300 0.5940 238.0000 23.8000 0.0000 9.6493 2.0000 
3163 3164 855 -1.1595 0.3409 -13.7847 -0.9291 0.5677 -14.0834 0.0300 0.4402 238.0000 23.8000 0.0000 10.5646 2.0000 
3164 3165 855 -0.9291 0.5677 -14.0834 -0.7007 0.8104 -14.4299 0.0300 0.4807 238.0000 23.8000 0.0000 11.9854 2.0000 
3165 3166 855 -0.7007 0.8104 -14.4299 -0.6988 0.8124 -14.4327 0.0300 0.0039 238.0000 23.8000 0.0000 12.0000 2.0000 
2745 3167 856 -1.7878 -0.2002 -13.1985 -1.4547 -0.0969 -13.5527 0.0300 0.4971 238.0000 23.8000 0.0000 8.8409 2.0000 
3167 3168 856 -1.4547 -0.0969 -13.5527 -1.0717 0.0500 -13.9216 0.0300 0.5517 238.0000 23.8000 0.0000 9.8632 2.0000 
3168 3169 856 -1.0717 0.0500 -13.9216 -0.7347 0.1758 -14.2305 0.0300 0.4741 238.0000 23.8000 0.0000 11.0095 2.0000 
3169 3170 856 -0.7347 0.1758 -14.2305 -0.5067 0.2508 -14.4342 0.0300 0.3148 238.0000 23.8000 0.0000 12.0000 2.0000 
2746 3171 857 -1.7865 -0.2130 -13.4158 -2.1535 -0.2284 -13.8016 0.0300 0.5327 238.0000 23.8000 0.0000 8.9913 2.0000 
3171 3172 857 -2.1535 -0.2284 -13.8016 -2.4459 -0.2345 -14.1062 0.0300 0.4223 238.0000 23.8000 0.0000 9.7897 2.0000 
3172 3173 857 -2.4459 -0.2345 -14.1062 -2.7236 -0.2589 -14.4533 0.0300 0.4452 238.0000 23.8000 0.0000 10.8432 2.0000 
3173 3174 857 -2.7236 -0.2589 -14.4533 -2.9652 -0.2847 -14.7370 0.0300 0.3736 238.0000 23.8000 0.0000 12.0000 2.0000 
2747 3175 858 -1.7840 -0.2267 -13.6104 -1.5258 -0.3576 -13.9015 0.0300 0.4106 238.0000 23.8000 0.0000 8.7199 2.0000 
3175 3176 858 -1.5258 -0.3576 -13.9015 -1.2030 -0.5090 -14.2614 0.0300 0.5066 238.0000 23.8000 0.0000 9.4598 2.0000 
3176 3177 858 -1.2030 -0.5090 -14.2614 -0.9339 -0.6356 -14.5624 0.0300 0.4231 238.0000 23.8000 0.0000 10.2442 2.0000 
3177 3178 858 -0.9339 -0.6356 -14.5624 -0.6080 -0.8155 -14.9510 0.0300 0.5382 238.0000 23.8000 0.0000 11.6411 2.0000 
3178 3179 858 -0.6080 -0.8155 -14.9510 -0.5414 -0.8484 -15.0241 0.0300 0.1042 238.0000 23.8000 0.0000 12.0000 2.0000 
2748 3180 859 -1.7826 -0.2404 -13.8037 -2.0567 -0.4424 -14.1253 0.0300 0.4684 238.0000 23.8000 0.0000 8.8980 2.0000 
3180 3181 859 -2.0567 -0.4424 -14.1253 -2.3526 -0.6861 -14.5200 0.0300 0.5502 238.0000 23.8000 0.0000 9.7940 2.0000 
3181 3182 859 -2.3526 -0.6861 -14.5200 -2.6049 -0.8952 -14.9191 0.0300 0.5164 238.0000 23.8000 0.0000 10.9201 2.0000 
3182 3183 859 -2.6049 -0.8952 -14.9191 -2.8113 -1.0175 -15.1864 0.0300 0.3593 238.0000 23.8000 0.0000 12.0000 2.0000 
2749 3184 860 -1.7773 -0.2545 -13.9991 -1.3737 -0.1060 -14.3393 0.0300 0.5484 238.0000 23.8000 0.0000 8.9988 2.0000 
3184 3185 860 -1.3737 -0.1060 -14.3393 -1.0196 0.0002 -14.6400 0.0300 0.4766 238.0000 23.8000 0.0000 9.7057 2.0000 
3185 3186 860 -1.0196 0.0002 -14.6400 -0.6142 0.1169 -14.9791 0.0300 0.5412 238.0000 23.8000 0.0000 10.7699 2.0000 
3186 3187 860 -0.6142 0.1169 -14.9791 -0.2800 0.2135 -15.2376 0.0300 0.4334 238.0000 23.8000 0.0000 12.0000 2.0000 
2750 3188 861 -1.7705 -0.2608 -14.2064 -1.4095 -0.3474 -14.5193 0.0300 0.4855 238.0000 23.8000 0.0000 9.0669 2.0000 
3188 3189 861 -1.4095 -0.3474 -14.5193 -1.0596 -0.4375 -14.8785 0.0300 0.5095 238.0000 23.8000 0.0000 9.9148 2.0000 
3189 3190 861 -1.0596 -0.4375 -14.8785 -0.7839 -0.5359 -15.2515 0.0300 0.4742 238.0000 23.8000 0.0000 10.9323 2.0000 
3190 3191 861 -0.7839 -0.5359 -15.2515 -0.5727 -0.6053 -15.5528 0.0300 0.3743 238.0000 23.8000 0.0000 12.0000 2.0000 
2751 3192 862 -1.7558 -0.2541 -14.4202 -1.4514 0.0395 -14.7990 0.0300 0.5678 238.0000 23.8000 0.0000 9.1479 2.0000 
3192 3193 862 -1.4514 0.0395 -14.7990 -1.1724 0.2742 -15.1076 0.0300 0.4777 238.0000 23.8000 0.0000 9.8502 2.0000 
3193 3194 862 -1.1724 0.2742 -15.1076 -0.8953 0.5400 -15.4481 0.0300 0.5133 238.0000 23.8000 0.0000 10.8307 2.0000 
3194 3195 862 -0.8953 0.5400 -15.4481 -0.6599 0.7752 -15.7327 0.0300 0.4378 238.0000 23.8000 0.0000 12.0000 2.0000 
2752 3196 863 -1.7441 -0.2521 -14.6163 -2.0447 -0.2451 -14.9781 0.0300 0.4705 238.0000 23.8000 0.0000 9.2287 2.0000 
3196 3197 863 -2.0447 -0.2451 -14.9781 -2.3529 -0.2662 -15.3190 0.0300 0.4601 238.0000 23.8000 0.0000 10.0495 2.0000 
3197 3198 863 -2.3529 -0.2662 -15.3190 -2.6549 -0.2792 -15.7071 0.0300 0.4919 238.0000 23.8000 0.0000 11.1693 2.0000 
3198 3199 863 -2.6549 -0.2792 -15.7071 -2.8292 -0.2864 -15.9321 0.0300 0.2847 238.0000 23.8000 0.0000 12.0000 2.0000 
2753 3200 864 -1.7497 -0.2489 -14.8103 -1.9858 -0.5422 -15.1819 0.0300 0.5290 238.0000 23.8000 0.0000 9.3498 2.0000 
3200 3201 864 -1.9858 -0.5422 -15.1819 -2.2013 -0.8139 -15.5063 0.0300 0.4748 238.0000 23.8000 0.0000 10.1935 2.0000 
3201 3202 864 -2.2013 -0.8139 -15.5063 -2.4384 -1.1132 -15.8599 0.0300 0.5204 238.0000 23.8000 0.0000 11.4203 2.0000 
3202 3203 864 -2.4384 -1.1132 -15.8599 -2.5267 -1.2276 -15.9848 0.0300 0.1910 238.0000 23.8000 0.0000 12.0000 2.0000 
2754 3204 865 -1.7614 -0.2384 -15.0168 -1.6988 -0.5113 -15.3441 0.0300 0.4307 238.0000 23.8000 0.0000 9.2070 2.0000 
3204 3205 865 -1.6988 -0.5113 -15.3441 -1.6263 -0.8314 -15.7417 0.0300 0.5155 238.0000 23.8000 0.0000 10.0107 2.0000 
3205 3206 865 -1.6263 -0.8314 -15.7417 -1.5557 -1.1284 -16.1262 0.0300 0.4910 238.0000 23.8000 0.0000 11.0163 2.0000 
3206 3207 865 -1.5557 -1.1284 -16.1262 -1.4995 -1.3335 -16.4106 0.0300 0.3551 238.0000 23.8000 0.0000 12.0000 2.0000 
2755 3208 866 -1.7718 -0.2185 -15.2388 -1.8803 0.1445 -15.4965 0.0300 0.4582 238.0000 23.8000 0.0000 9.3785 2.0000 
3208 3209 866 -1.8803 0.1445 -15.4965 -1.9765 0.5683 -15.7599 0.0300 0.5082 238.0000 23.8000 0.0000 10.2570 2.0000 
3209 3210 866 -1.9765 0.5683 -15.7599 -2.0977 0.9759 -16.0532 0.0300 0.5165 238.0000 23.8000 0.0000 11.4185 2.0000 
3210 3211 866 -2.0977 0.9759 -16.0532 -2.1518 1.1344 -16.1726 0.0300 0.2057 238.0000 23.8000 0.0000 12.0000 2.0000 
2756 3212 867 -1.7811 -0.2008 -15.4433 -2.1130 -0.3054 -15.7668 0.0300 0.4751 238.0000 23.8000 0.0000 9.4720 2.0000 
3212 3213 867 -2.1130 -0.3054 -15.7668 -2.4378 -0.4341 -16.0776 0.0300 0.4675 238.0000 23.8000 0.0000 10.2968 2.0000 
3213 3214 867 -2.4378 -0.4341 -16.0776 -2.7493 -0.5391 -16.4024 0.0300 0.4621 238.0000 23.8000 0.0000 11.3550 2.0000 
3214 3215 867 -2.7493 -0.5391 -16.4024 -2.9043 -0.5839 -16.5544 0.0300 0.2217 238.0000 23.8000 0.0000 12.0000 2.0000 
2757 3216 868 -1.7976 -0.1967 -15.6628 -1.7336 -0.5144 -16.0813 0.0300 0.5293 238.0000 23.8000 0.0000 9.4966 2.0000 
3216 3217 868 -1.7336 -0.5144 -16.0813 -1.6516 -0.8321 -16.4791 0.0300 0.5156 238.0000 23.8000 0.0000 10.2672 2.0000 
3217 3218 868 -1.6516 -0.8321 -16.4791 -1.5109 -1.1261 -16.8699 0.0300 0.5089 238.0000 23.8000 0.0000 11.2664 2.0000 
3218 3219 868 -1.5109 -1.1261 -16.8699 -1.4408 -1.2835 -17.0971 0.0300 0.2852 238.0000 23.8000 0.0000 12.0000 2.0000 
2758 3220 869 -1.8118 -0.1861 -15.8549 -2.0057 0.1591 -16.2010 0.0300 0.5259 238.0000 23.8000 0.0000 9.6305 2.0000 
3220 3221 869 -2.0057 0.1591 -16.2010 -2.1770 0.4451 -16.5031 0.0300 0.4499 238.0000 23.8000 0.0000 10.3788 2.0000 
3221 3222 869 -2.1770 0.4451 -16.5031 -2.3565 0.7553 -16.8221 0.0300 0.4799 238.0000 23.8000 0.0000 11.4052 2.0000 
3222 3223 869 -2.3565 0.7553 -16.8221 -2.4386 0.8974 -16.9690 0.0300 0.2202 238.0000 23.8000 0.0000 12.0000 2.0000 
2759 3224 870 -1.8281 -0.1728 -16.0538 -1.5745 0.0335 -16.3905 0.0300 0.4693 238.0000 23.8000 0.0000 9.5328 2.0000 
3224 3225 870 -1.5745 0.0335 -16.3905 -1.3156 0.2513 -16.7419 0.0300 0.4878 238.0000 23.8000 0.0000 10.2328 2.0000 
3225 3226 870 -1.3156 0.2513 -16.7419 -1.0067 0.4503 -17.1215 0.0300 0.5283 238.0000 23.8000 0.0000 11.2269 2.0000 
3226 3227 870 -1.0067 0.4503 -17.1215 -0.8301 0.5671 -17.3458 0.0300 0.3085 238.0000 23.8000 0.0000 12.0000 2.0000 
2760 3228 871 -1.8513 -0.1611 -16.2472 -2.0621 -0.4069 -16.6049 0.0300 0.4826 238.0000 23.8000 0.0000 9.6377 2.0000 
3228 3229 871 -2.0621 -0.4069 -16.6049 -2.2775 -0.6052 -16.8935 0.0300 0.4111 238.0000 23.8000 0.0000 10.2485 2.0000 
3229 3230 871 -2.2775 -0.6052 -16.8935 -2.5713 -0.8688 -17.2797 0.0300 0.5523 238.0000 23.8000 0.0000 11.3074 2.0000 
3230 3231 871 -2.5713 -0.8688 -17.2797 -2.7173 -1.0015 -17.4711 0.0300 0.2749 238.0000 23.8000 0.0000 12.0000 2.0000 
2761 3232 872 -1.8726 -0.1508 -16.4383 -1.9881 -0.4845 -16.7479 0.0300 0.4696 238.0000 23.8000 0.0000 9.6665 2.0000 
3232 3233 872 -1.9881 -0.4845 -16.7479 -2.1355 -0.8604 -17.1732 0.0300 0.5865 238.0000 23.8000 0.0000 10.5408 2.0000 
3233 3234 872 -2.1355 -0.8604 -17.1732 -2.2758 -1.2200 -17.5781 0.0300 0.5594 238.0000 23.8000 0.0000 11.6674 2.0000 
3234 3235 872 -2.2758 -1.2200 -17.5781 -2.3073 -1.3049 -17.6738 0.0300 0.1318 238.0000 23.8000 0.0000 12.0000 2.0000 
2762 3236 873 -1.8908 -0.1405 -16.6145 -1.7658 0.1974 -16.9567 0.0300 0.4970 238.0000 23.8000 0.0000 9.7758 2.0000 
3236 3237 873 -1.7658 0.1974 -16.9567 -1.6286 0.5066 -17.2968 0.0300 0.4797 238.0000 23.8000 0.0000 10.5093 2.0000 
3237 3238 873 -1.6286 0.5066 -17.2968 -1.4848 0.8028 -17.6327 0.0300 0.4704 238.0000 23.8000 0.0000 11.4361 2.0000 
3238 3239 873 -1.4848 0.8028 -17.6327 -1.4114 0.9463 -17.7928 0.0300 0.2272 238.0000 23.8000 0.0000 12.0000 2.0000 
2763 3240 874 -1.9076 -0.1234 -16.8010 -2.2746 -0.1354 -17.1015 0.0300 0.4745 238.0000 23.8000 0.0000 9.8352 2.0000 
3240 3241 874 -2.2746 -0.1354 -17.1015 -2.6005 -0.1375 -17.3866 0.0300 0.4330 238.0000 23.8000 0.0000 10.5205 2.0000 
3241 3242 874 -2.6005 -0.1375 -17.3866 -2.9324 -0.1302 -17.6876 0.0300 0.4482 238.0000 23.8000 0.0000 11.4171 2.0000 
3242 3243 874 -2.9324 -0.1302 -17.6876 -3.1044 -0.1245 -17.8454 0.0300 0.2334 238.0000 23.8000 0.0000 12.0000 2.0000 
2764 3244 875 -1.9229 -0.0970 -17.0051 -2.0748 0.2696 -17.3076 0.0300 0.4990 238.0000 23.8000 0.0000 9.8687 2.0000 
3244 3245 875 -2.0748 0.2696 -17.3076 -2.2242 0.6294 -17.6114 0.0300 0.4940 238.0000 23.8000 0.0000 10.5916 2.0000 
3245 3246 875 -2.2242 0.6294 -17.6114 -2.3550 0.9650 -17.9017 0.0300 0.4626 238.0000 23.8000 0.0000 11.4745 2.0000 
3246 3247 875 -2.3550 0.9650 -17.9017 -2.4136 1.1246 -18.0372 0.0300 0.2175 238.0000 23.8000 0.0000 12.0000 2.0000 
2765 3248 876 -1.9321 -0.0818 -17.1976 -2.1828 0.0867 -17.4611 0.0300 0.4008 238.0000 23.8000 0.0000 9.8525 2.0000 
3248 3249 876 -2.1828 0.0867 -17.4611 -2.4687 0.2809 -17.7806 0.0300 0.4707 238.0000 23.8000 0.0000 10.5702 2.0000 
3249 3250 876 -2.4687 0.2809 -17.7806 -2.7642 0.4844 -18.1183 0.0300 0.4928 238.0000 23.8000 0.0000 11.5275 2.0000 
3250 3251 876 -2.7642 0.4844 -18.1183 -2.8808 0.5714 -18.2513 0.0300 0.1971 238.0000 23.8000 0.0000 12.0000 2.0000 
2766 3252 877 -1.9514 -0.0554 -17.3977 -2.2137 0.1821 -17.6636 0.0300 0.4426 238.0000 23.8000 0.0000 10.0034 2.0000 
3252 3253 877 -2.2137 0.1821 -17.6636 -2.4748 0.4300 -17.9390 0.0300 0.4533 238.0000 23.8000 0.0000 10.7470 2.0000 
3253 3254 877 -2.4748 0.4300 -17.9390 -2.7372 0.6644 -18.1998 0.0300 0.4380 238.0000 23.8000 0.0000 11.6579 2.0000 
3254 3255 877 -2.7372 0.6644 -18.1998 -2.8194 0.7374 -18.2816 0.0300 0.1370 238.0000 23.8000 0.0000 12.0000 2.0000 
2767 3256 878 -1.9684 -0.0321 -17.5984 -1.7402 0.1536 -17.9180 0.0300 0.4344 238.0000 23.8000 0.0000 9.9652 2.0000 
3256 3257 878 -1.7402 0.1536 -17.9180 -1.4704 0.3385 -18.3203 0.0300 0.5184 238.0000 23.8000 0.0000 10.6905 2.0000 
3257 3258 878 -1.4704 0.3385 -18.3203 -1.2162 0.5311 -18.6931 0.0300 0.4906 238.0000 23.8000 0.0000 11.5861 2.0000 
3258 3259 878 -1.2162 0.5311 -18.6931 -1.1196 0.6034 -18.8296 0.0300 0.1822 238.0000 23.8000 0.0000 12.0000 2.0000 
2768 3260 879 -1.9704 -0.0175 -17.8093 -2.2562 -0.1240 -18.1337 0.0300 0.4453 238.0000 23.8000 0.0000 10.1304 2.0000 
3260 3261 879 -2.2562 -0.1240 -18.1337 -2.5953 -0.2553 -18.4940 0.0300 0.5120 238.0000 23.8000 0.0000 10.9598 2.0000 
3261 3262 879 -2.5953 -0.2553 -18.4940 -2.9402 -0.3602 -18.8409 0.0300 0.5003 238.0000 23.8000 0.0000 12.0000 2.0000 
2769 3263 880 -1.9754 -0.0157 -18.0086 -1.7431 0.2092 -18.3260 0.0300 0.4531 238.0000 23.8000 0.0000 10.1176 2.0000 
3263 3264 880 -1.7431 0.2092 -18.3260 -1.4590 0.4760 -18.7178 0.0300 0.5527 238.0000 23.8000 0.0000 10.9100 2.0000 
3264 3265 880 -1.4590 0.4760 -18.7178 -1.2263 0.7332 -19.0208 0.0300 0.4605 238.0000 23.8000 0.0000 11.7853 2.0000 
3265 3266 880 -1.2263 0.7332 -19.0208 -1.1803 0.7879 -19.0813 0.0300 0.0936 238.0000 23.8000 0.0000 12.0000 2.0000 
2770 3267 881 -1.9852 -0.0157 -18.2184 -1.7032 -0.0267 -18.5434 0.0300 0.4305 238.0000 23.8000 0.0000 10.2047 2.0000 
3267 3268 881 -1.7032 -0.0267 -18.5434 -1.4028 -0.0422 -18.8892 0.0300 0.4583 238.0000 23.8000 0.0000 10.9055 2.0000 
3268 3269 881 -1.4028 -0.0422 -18.8892 -1.0487 -0.0539 -19.2799 0.0300 0.5274 238.0000 23.8000 0.0000 11.9659 2.0000 
3269 3270 881 -1.0487 -0.0539 -19.2799 -1.0392 -0.0542 -19.2904 0.0300 0.0142 238.0000 23.8000 0.0000 12.0000 2.0000 
2771 3271 882 -1.9930 -0.0148 -18.4370 -2.3283 0.0883 -18.8001 0.0300 0.5049 238.0000 23.8000 0.0000 10.3433 2.0000 
3271 3272 882 -2.3283 0.0883 -18.8001 -2.6290 0.1521 -19.1491 0.0300 0.4651 238.0000 23.8000 0.0000 11.0381 2.0000 
3272 3273 882 -2.6290 0.1521 -19.1491 -2.9558 0.1866 -19.4854 0.0300 0.4702 238.0000 23.8000 0.0000 11.9446 2.0000 
3273 3274 882 -2.9558 0.1866 -19.4854 -2.9730 0.1884 -19.5028 0.0300 0.0245 238.0000 23.8000 0.0000 12.0000 2.0000 
2772 3275 883 -2.0157 -0.0061 -18.6448 -2.3705 0.1688 -18.9884 0.0300 0.5240 238.0000 23.8000 0.0000 10.4796 2.0000 
3275 3276 883 -2.3705 0.1688 -18.9884 -2.6685 0.3565 -19.2988 0.0300 0.4694 238.0000 23.8000 0.0000 11.2373 2.0000 
3276 3277 883 -2.6685 0.3565 -19.2988 -2.9326 0.5086 -19.5202 0.0300 0.3766 238.0000 23.8000 0.0000 12.0000 2.0000 
2773 3278 884 -2.0342 0.0017 -18.8283 -2.0918 -0.2911 -19.1454 0.0300 0.4354 238.0000 23.8000 0.0000 10.3949 2.0000 
3278 3279 884 -2.0918 -0.2911 -19.1454 -2.1456 -0.5578 -19.4320 0.0300 0.3951 238.0000 23.8000 0.0000 10.9752 2.0000 
3279 3280 884 -2.1456 -0.5578 -19.4320 -2.2095 -0.8498 -19.7952 0.0300 0.4704 238.0000 23.8000 0.0000 11.8333 2.0000 
3280 3281 884 -2.2095 -0.8498 -19.7952 -2.2190 -0.8998 -19.8543 0.0300 0.0780 238.0000 23.8000 0.0000 12.0000 2.0000 
2774 3282 885 -2.0528 0.0141 -19.0435 -2.4030 -0.0088 -19.3536 0.0300 0.4684 238.0000 23.8000 0.0000 10.4823 2.0000 
3282 3283 885 -2.4030 -0.0088 -19.3536 -2.8046 -0.0386 -19.7028 0.0300 0.5330 238.0000 23.8000 0.0000 11.2631 2.0000 
3283 3284 885 -2.8046 -0.0386 -19.7028 -3.1022 -0.0578 -19.9667 0.0300 0.3982 238.0000 23.8000 0.0000 12.0000 2.0000 
2775 3285 886 -2.0688 0.0246 -19.2515 -2.3792 -0.1982 -19.6225 0.0300 0.5326 238.0000 23.8000 0.0000 10.7690 2.0000 
3285 3286 886 -2.3792 -0.1982 -19.6225 -2.7255 -0.4499 -20.0773 0.0300 0.6246 238.0000 23.8000 0.0000 11.9406 2.0000 
3286 3287 886 -2.7255 -0.4499 -20.0773 -2.7404 -0.4608 -20.0969 0.0300 0.0270 238.0000 23.8000 0.0000 12.0000 2.0000 
2776 3288 887 -2.0794 0.0222 -19.4534 -2.2675 0.2859 -19.8067 0.0300 0.4794 238.0000 23.8000 0.0000 10.7177 2.0000 
3288 3289 887 -2.2675 0.2859 -19.8067 -2.4418 0.5435 -20.1518 0.0300 0.4646 238.0000 23.8000 0.0000 11.5051 2.0000 
3289 3290 887 -2.4418 0.5435 -20.1518 -2.5331 0.6766 -20.3350 0.0300 0.2441 238.0000 23.8000 0.0000 12.0000 2.0000 
2777 3291 888 -2.0805 0.0192 -19.6530 -2.4165 0.1557 -20.0267 0.0300 0.5208 238.0000 23.8000 0.0000 10.8251 2.0000 
3291 3292 888 -2.4165 0.1557 -20.0267 -2.7514 0.2834 -20.3848 0.0300 0.5066 238.0000 23.8000 0.0000 11.6647 2.0000 
3292 3293 888 -2.7514 0.2834 -20.3848 -2.8702 0.3225 -20.5056 0.0300 0.1739 238.0000 23.8000 0.0000 12.0000 2.0000 
2778 3294 889 -2.0846 0.0139 -19.8529 -2.2477 0.2958 -20.2587 0.0300 0.5203 238.0000 23.8000 0.0000 10.9046 2.0000 
3294 3295 889 -2.2477 0.2958 -20.2587 -2.4112 0.5570 -20.6381 0.0300 0.4888 238.0000 23.8000 0.0000 11.7672 2.0000 
3295 3296 889 -2.4112 0.5570 -20.6381 -2.4506 0.6135 -20.7261 0.0300 0.1117 238.0000 23.8000 0.0000 12.0000 2.0000 
2779 3297 890 -2.0848 -0.0041 -20.0566 -2.3084 -0.2156 -20.3239 0.0300 0.4077 238.0000 23.8000 0.0000 10.7063 2.0000 
3297 3298 890 -2.3084 -0.2156 -20.3239 -2.5255 -0.4595 -20.6453 0.0300 0.4582 238.0000 23.8000 0.0000 11.3307 2.0000 
3298 3299 890 -2.5255 -0.4595 -20.6453 -2.7402 -0.6755 -20.8955 0.0300 0.3941 238.0000 23.8000 0.0000 12.0000 2.0000 
2780 3300 891 -2.0743 -0.0190 -20.2499 -2.3085 -0.2994 -20.6046 0.0300 0.5092 238.0000 23.8000 0.0000 10.9468 2.0000 
3300 3301 891 -2.3085 -0.2994 -20.6046 -2.5395 -0.5478 -20.9741 0.0300 0.5015 238.0000 23.8000 0.0000 11.7304 2.0000 
3301 3302 891 -2.5395 -0.5478 -20.9741 -2.6128 -0.6192 -21.0792 0.0300 0.1467 238.0000 23.8000 0.0000 12.0000 2.0000 
2781 3303 892 -2.0630 -0.0320 -20.4568 -2.4299 -0.0395 -20.8942 0.0300 0.5709 238.0000 23.8000 0.0000 11.1101 2.0000 
3303 3304 892 -2.4299 -0.0395 -20.8942 -2.7595 -0.0399 -21.3236 0.0300 0.5413 238.0000 23.8000 0.0000 11.9867 2.0000 
3304 3305 892 -2.7595 -0.0399 -21.3236 -2.7639 -0.0400 -21.3293 0.0300 0.0072 238.0000 23.8000 0.0000 12.0000 2.0000 
2782 3306 893 -2.0649 -0.0292 -20.6702 -2.3079 0.2182 -21.0126 0.0300 0.4873 238.0000 23.8000 0.0000 11.2080 2.0000 
3306 3307 893 -2.3079 0.2182 -21.0126 -2.5144 0.4274 -21.3030 0.0300 0.4132 238.0000 23.8000 0.0000 12.0000 2.0000 
2783 3308 894 -2.0587 -0.0319 -20.8650 -1.8597 -0.3320 -21.2231 0.0300 0.5078 238.0000 23.8000 0.0000 11.2968 2.0000 
3308 3309 894 -1.8597 -0.3320 -21.2231 -1.7187 -0.5623 -21.4864 0.0300 0.3771 238.0000 23.8000 0.0000 12.0000 2.0000 
2784 3310 895 -2.0481 -0.0344 -21.0488 -1.7123 -0.0094 -21.3877 0.0300 0.4778 238.0000 23.8000 0.0000 11.1855 2.0000 
3310 3311 895 -1.7123 -0.0094 -21.3877 -1.3707 0.0211 -21.7598 0.0300 0.5060 238.0000 23.8000 0.0000 12.0000 2.0000 
2785 3312 896 -2.0375 -0.0372 -21.2398 -2.3905 0.0234 -21.6528 0.0300 0.5466 238.0000 23.8000 0.0000 11.5006 2.0000 
3312 3313 896 -2.3905 0.0234 -21.6528 -2.5663 0.0451 -21.8496 0.0300 0.2648 238.0000 23.8000 0.0000 12.0000 2.0000 
2786 3314 897 -2.0267 -0.0397 -21.4439 -2.1364 0.2470 -21.8007 0.0300 0.4707 238.0000 23.8000 0.0000 11.2005 2.0000 
3314 3315 897 -2.1364 0.2470 -21.8007 -2.2682 0.5724 -22.2066 0.0300 0.5367 238.0000 23.8000 0.0000 11.9243 2.0000 
3315 3316 897 -2.2682 0.5724 -22.2066 -2.2798 0.6021 -22.2435 0.0300 0.0488 238.0000 23.8000 0.0000 12.0000 2.0000 
2787 3317 898 -2.0193 -0.0394 -21.6376 -2.0387 0.2916 -21.9641 0.0300 0.4653 238.0000 23.8000 0.0000 11.4281 2.0000 
3317 3318 898 -2.0387 0.2916 -21.9641 -2.0429 0.5224 -22.2018 0.0300 0.3314 238.0000 23.8000 0.0000 12.0000 2.0000 
2788 3319 899 -2.0125 -0.0441 -21.8487 -1.6737 -0.1233 -22.1779 0.0300 0.4790 238.0000 23.8000 0.0000 11.6937 2.0000 
3319 3320 899 -1.6737 -0.1233 -22.1779 -1.5631 -0.1454 -22.2724 0.0300 0.1472 238.0000 23.8000 0.0000 12.0000 2.0000 
2789 3321 900 -2.0126 -0.0535 -22.0501 -1.7208 0.0711 -22.3927 0.0300 0.4670 238.0000 23.8000 0.0000 11.3900 2.0000 
3321 3322 900 -1.7208 0.0711 -22.3927 -1.4661 0.1799 -22.6887 0.0300 0.4054 238.0000 23.8000 0.0000 11.9314 2.0000 
3322 3323 900 -1.4661 0.1799 -22.6887 -1.4370 0.1918 -22.7219 0.0300 0.0456 238.0000 23.8000 0.0000 12.0000 2.0000 
2790 3324 901 -2.0215 -0.0581 -22.2498 -1.8461 -0.3605 -22.5682 0.0300 0.4729 238.0000 23.8000 0.0000 11.5950 2.0000 
3324 3325 901 -1.8461 -0.3605 -22.5682 -1.7611 -0.5208 -22.7447 0.0300 0.2532 238.0000 23.8000 0.0000 12.0000 2.0000 
2791 3326 902 -2.0304 -0.0604 -22.4494 -1.6721 -0.1997 -22.8385 0.0300 0.5470 238.0000 23.8000 0.0000 11.7919 2.0000 
3326 3327 902 -1.6721 -0.1997 -22.8385 -1.5915 -0.2275 -22.9316 0.0300 0.1262 238.0000 23.8000 0.0000 12.0000 2.0000 
2792 3328 903 -2.0362 -0.0646 -22.6571 -1.9146 -0.3734 -22.9862 0.0300 0.4674 238.0000 23.8000 0.0000 11.7732 2.0000 
3328 3329 903 -1.9146 -0.3734 -22.9862 -1.8765 -0.4622 -23.0815 0.0300 0.1357 238.0000 23.8000 0.0000 12.0000 2.0000 
2793 3330 904 -2.0453 -0.0662 -22.8461 -1.8310 -0.2085 -23.1058 0.0300 0.3655 238.0000 23.8000 0.0000 11.6225 2.0000 
3330 3331 904 -1.8310 -0.2085 -23.1058 -1.6835 -0.3063 -23.2845 0.0300 0.2515 238.0000 23.8000 0.0000 12.0000 2.0000 
2794 3332 905 -2.0537 -0.0651 -23.0378 -1.7513 0.0075 -23.3964 0.0300 0.4746 238.0000 23.8000 0.0000 11.8994 2.0000 
3332 3333 905 -1.7513 0.0075 -23.3964 -1.7125 0.0178 -23.4424 0.0300 0.0611 238.0000 23.8000 0.0000 12.0000 2.0000 
2795 3334 906 -2.0665 -0.0686 -23.2372 -2.3327 0.2018 -23.5734 0.0300 0.5069 238.0000 23.8000 0.0000 11.9177 2.0000 
3334 3335 906 -2.3327 0.2018 -23.5734 -2.3637 0.2330 -23.6102 0.0300 0.0574 238.0000 23.8000 0.0000 12.0000 2.0000 
2796 3336 907 -2.0742 -0.0687 -23.4361 -2.3640 -0.0749 -23.6964 0.0300 0.3896 238.0000 23.8000 0.0000 12.0000 2.0000 
2797 3337 908 -2.0805 -0.0678 -23.6087 -1.9997 -0.3715 -23.9841 0.0300 0.4896 238.0000 23.8000 0.0000 11.9809 2.0000 
3337 3338 908 -1.9997 -0.3715 -23.9841 -1.9976 -0.3800 -23.9951 0.0300 0.0141 238.0000 23.8000 0.0000 12.0000 2.0000 
2798 3339 909 -2.0859 -0.0713 -23.8020 -2.2859 -0.0668 -24.0091 0.0300 0.2879 238.0000 23.8000 0.0000 12.0000 2.0000 
2799 3340 910 -2.0858 -0.0744 -24.0097 -2.2119 -0.3020 -24.3142 0.0300 0.4004 238.0000 23.8000 0.0000 12.0000 2.0000 
2800 3341 911 -2.0849 -0.0774 -24.2210 -1.8861 0.0247 -24.4430 0.0300 0.3150 238.0000 23.8000 0.0000 12.0000 2.0000 
2801 3342 912 -2.0830 -0.0741 -24.4406 -2.1704 -0.2685 -24.6507 0.0300 0.2993 238.0000 23.8000 0.0000 12.0000 2.0000 
2802 3343 913 -2.0811 -0.0799 -24.6425 -1.9133 -0.0613 -24.8158 0.0300 0.2420 238.0000 23.8000 0.0000 12.0000 2.0000 
2803 3344 914 -2.0737 -0.0845 -24.8410 -2.0505 -0.2067 -24.9579 0.0300 0.1707 238.0000 23.8000 0.0000 12.0000 2.0000 
2804 3345 915 -2.0710 -0.0824 -25.0318 -2.1599 -0.0249 -25.1467 0.0300 0.1563 238.0000 23.8000 0.0000 12.0000 2.0000 
2805 3346 916 -2.0776 -0.0721 -25.2163 -2.0315 -0.0944 -25.2716 0.0300 0.0754 238.0000 23.8000 0.0000 12.0000 2.0000 
2806 3347 917 -2.0843 -0.0618 -25.4082 -2.0650 -0.0556 -25.4306 0.0300 0.0302 238.0000 23.8000 0.0000 12.0000 2.0000 
3348 3349 5 0.0000 0.0000 -3.1000 0.0023 -0.0002 -3.1097 0.0801 0.0100 0.0000 0.0000 205.0000 0.0029 4.0000 
3349 3350 5 0.0023 -0.0002 -3.1097 0.0495 -0.0004 -3.3015 0.0801 0.1975 0.0000 0.0000 205.0000 0.0601 4.0000 
3350 3351 5 0.0495 -0.0004 -3.3015 0.0938 0.0023 -3.4921 0.0801 0.1957 0.0000 0.0000 205.0000 0.1168 4.0000 
3351 3352 5 0.0938 0.0023 -3.4921 0.1384 0.0064 -3.6856 0.0801 0.1986 0.0000 0.0000 205.0000 0.1744 4.0000 
3352 3353 5 0.1384 0.0064 -3.6856 0.1852 0.0108 -3.8881 0.0801 0.2079 0.0000 0.0000 205.0000 0.2348 4.0000 
3353 3354 5 0.1852 0.0108 -3.8881 0.2363 0.0212 -4.0803 0.0801 0.1991 0.0000 0.0000 205.0000 0.2926 4.0000 
3354 3355 5 0.2363 0.0212 -4.0803 0.2854 0.0337 -4.2746 0.0801 0.2008 0.0000 0.0000 205.0000 0.3510 4.0000 
3355 3356 5 0.2854 0.0337 -4.2746 0.3339 0.0482 -4.4849 0.0801 0.2163 0.0000 0.0000 205.0000 0.4140 4.0000 
3356 3357 5 0.3339 0.0482 -4.4849 0.3783 0.0609 -4.6781 0.0801 0.1987 0.0000 0.0000 205.0000 0.4719 4.0000 
3357 3358 5 0.3783 0.0609 -4.6781 0.4250 0.0858 -4.8701 0.0801 0.1991 0.0000 0.0000 205.0000 0.5299 4.0000 
3358 3359 5 0.4250 0.0858 -4.8701 0.4623 0.1118 -5.0525 0.0801 0.1880 0.0000 0.0000 205.0000 0.5847 4.0000 
3359 3360 5 0.4623 0.1118 -5.0525 0.4984 0.1332 -5.2581 0.0801 0.2099 0.0000 0.0000 205.0000 0.6460 4.0000 
3360 3361 5 0.4984 0.1332 -5.2581 0.5438 0.1528 -5.4634 0.0801 0.2111 0.0000 0.0000 205.0000 0.7077 4.0000 
3361 3362 5 0.5438 0.1528 -5.4634 0.5849 0.1707 -5.6505 0.0801 0.1925 0.0000 0.0000 205.0000 0.7640 4.0000 
3362 3363 5 0.5849 0.1707 -5.6505 0.6267 0.1825 -5.8470 0.0801 0.2012 0.0000 0.0000 205.0000 0.8229 4.0000 
3363 3364 5 0.6267 0.1825 -5.8470 0.6747 0.1975 -6.0383 0.0801 0.1978 0.0000 0.0000 205.0000 0.8808 4.0000 
3364 3365 5 0.6747 0.1975 -6.0383 0.7109 0.1977 -6.2154 0.0801 0.1807 0.0000 0.0000 205.0000 0.9338 4.0000 
3365 3366 5 0.7109 0.1977 -6.2154 0.7523 0.2051 -6.4270 0.0801 0.2158 0.0000 0.0000 205.0000 0.9971 4.0000 
3366 3367 5 0.7523 0.2051 -6.4270 0.7882 0.2120 -6.6100 0.0801 0.1867 0.0000 0.0000 205.0000 1.0519 4.0000 
3367 3368 5 0.7882 0.2120 -6.6100 0.8230 0.2338 -6.7842 0.0801 0.1790 0.0000 0.0000 205.0000 1.1045 4.0000 
3368 3369 5 0.8230 0.2338 -6.7842 0.8633 0.2454 -6.9705 0.0801 0.1909 0.0000 0.0000 205.0000 1.1607 4.0000 
3369 3370 5 0.8633 0.2454 -6.9705 0.8907 0.2628 -7.1920 0.0801 0.2239 0.0000 0.0000 205.0000 1.2265 4.0000 
3370 3371 5 0.8907 0.2628 -7.1920 0.9260 0.2866 -7.3903 0.0801 0.2028 0.0000 0.0000 205.0000 1.2863 4.0000 
3371 3372 5 0.9260 0.2866 -7.3903 0.9606 0.3119 -7.5825 0.0801 0.1969 0.0000 0.0000 205.0000 1.3443 4.0000 
3372 3373 5 0.9606 0.3119 -7.5825 0.9914 0.3353 -7.7900 0.0801 0.2112 0.0000 0.0000 205.0000 1.4066 4.0000 
3373 3374 5 0.9914 0.3353 -7.7900 1.0201 0.3597 -7.9949 0.0801 0.2083 0.0000 0.0000 205.0000 1.4681 4.0000 
3374 3375 5 1.0201 0.3597 -7.9949 1.0514 0.3837 -8.2086 0.0801 0.2173 0.0000 0.0000 205.0000 1.5324 4.0000 
3375 3376 5 1.0514 0.3837 -8.2086 1.0801 0.4053 -8.4023 0.0801 0.1970 0.0000 0.0000 205.0000 1.5906 4.0000 
3376 3377 5 1.0801 0.4053 -8.4023 1.1049 0.4268 -8.6143 0.0801 0.2146 0.0000 0.0000 205.0000 1.6542 4.0000 
3377 3378 5 1.1049 0.4268 -8.6143 1.1274 0.4499 -8.8182 0.0801 0.2064 0.0000 0.0000 205.0000 1.7153 4.0000 
3378 3379 5 1.1274 0.4499 -8.8182 1.1386 0.4704 -9.0267 0.0801 0.2098 0.0000 0.0000 205.0000 1.7775 4.0000 
3379 3380 5 1.1386 0.4704 -9.0267 1.1530 0.4755 -9.2318 0.0801 0.2057 0.0000 0.0000 205.0000 1.8386 4.0000 
3380 3381 5 1.1530 0.4755 -9.2318 1.1740 0.4778 -9.4481 0.0801 0.2174 0.0000 0.0000 205.0000 1.9032 4.0000 
3381 3382 5 1.1740 0.4778 -9.4481 1.1954 0.4854 -9.6367 0.0801 0.1899 0.0000 0.0000 205.0000 1.9596 4.0000 
3382 3383 5 1.1954 0.4854 -9.6367 1.2154 0.4892 -9.8214 0.0801 0.1859 0.0000 0.0000 205.0000 2.0149 4.0000 
3383 3384 5 1.2154 0.4892 -9.8214 1.2326 0.4869 -10.0235 0.0801 0.2028 0.0000 0.0000 205.0000 2.0753 4.0000 
3384 3385 5 1.2326 0.4869 -10.0235 1.2527 0.4752 -10.2173 0.0801 0.1952 0.0000 0.0000 205.0000 2.1335 4.0000 
3385 3386 5 1.2527 0.4752 -10.2173 1.2746 0.4593 -10.4133 0.0801 0.1979 0.0000 0.0000 205.0000 2.1925 4.0000 
3386 3387 5 1.2746 0.4593 -10.4133 1.3065 0.4476 -10.6022 0.0801 0.1919 0.0000 0.0000 205.0000 2.2498 4.0000 
3387 3388 5 1.3065 0.4476 -10.6022 1.3459 0.4340 -10.7896 0.0801 0.1920 0.0000 0.0000 205.0000 2.3071 4.0000 
3388 3389 5 1.3459 0.4340 -10.7896 1.3835 0.4195 -10.9910 0.0801 0.2054 0.0000 0.0000 205.0000 2.3685 4.0000 
3389 3390 5 1.3835 0.4195 -10.9910 1.4226 0.4096 -11.1775 0.0801 0.1908 0.0000 0.0000 205.0000 2.4256 4.0000 
3390 3391 5 1.4226 0.4096 -11.1775 1.4517 0.4053 -11.3699 0.0801 0.1946 0.0000 0.0000 205.0000 2.4839 4.0000 
3391 3392 5 1.4517 0.4053 -11.3699 1.4758 0.4015 -11.5683 0.0801 0.1998 0.0000 0.0000 205.0000 2.5438 4.0000 
3392 3393 5 1.4758 0.4015 -11.5683 1.4945 0.4029 -11.7317 0.0801 0.1645 0.0000 0.0000 205.0000 2.5932 4.0000 
3393 3394 5 1.4945 0.4029 -11.7317 1.5134 0.4031 -11.9165 0.0801 0.1858 0.0000 0.0000 205.0000 2.6489 4.0000 
3394 3395 5 1.5134 0.4031 -11.9165 1.5215 0.3970 -12.1336 0.0801 0.2174 0.0000 0.0000 205.0000 2.7142 4.0000 
3395 3396 5 1.5215 0.3970 -12.1336 1.5299 0.3923 -12.3232 0.0801 0.1898 0.0000 0.0000 205.0000 2.7713 4.0000 
3396 3397 5 1.5299 0.3923 -12.3232 1.5375 0.3937 -12.5192 0.0801 0.1961 0.0000 0.0000 205.0000 2.8303 4.0000 
3397 3398 5 1.5375 0.3937 -12.5192 1.5525 0.3814 -12.7176 0.0801 0.1994 0.0000 0.0000 205.0000 2.8903 4.0000 
3398 3399 5 1.5525 0.3814 -12.7176 1.5595 0.3672 -12.9062 0.0801 0.1892 0.0000 0.0000 205.0000 2.9474 4.0000 
3399 3400 5 1.5595 0.3672 -12.9062 1.5592 0.3536 -13.0985 0.0801 0.1928 0.0000 0.0000 205.0000 3.0055 4.0000 
3400 3401 5 1.5592 0.3536 -13.0985 1.5474 0.3312 -13.2964 0.0801 0.1995 0.0000 0.0000 205.0000 3.0658 4.0000 
3401 3402 5 1.5474 0.3312 -13.2964 1.5466 0.3121 -13.4764 0.0801 0.1810 0.0000 0.0000 205.0000 3.1204 4.0000 
3402 3403 5 1.5466 0.3121 -13.4764 1.5340 0.2834 -13.6693 0.0801 0.1954 0.0000 0.0000 205.0000 3.1795 4.0000 
3403 3404 5 1.5340 0.2834 -13.6693 1.5297 0.2592 -13.8663 0.0801 0.1985 0.0000 0.0000 205.0000 3.2396 4.0000 
3404 3405 5 1.5297 0.2592 -13.8663 1.5255 0.2454 -14.0654 0.0801 0.1996 0.0000 0.0000 205.0000 3.3000 4.0000 
3405 3406 5 1.5255 0.2454 -14.0654 1.5287 0.2318 -14.2471 0.0801 0.1823 0.0000 0.0000 205.0000 3.3553 4.0000 
3406 3407 5 1.5287 0.2318 -14.2471 1.5330 0.2177 -14.4459 0.0801 0.1994 0.0000 0.0000 205.0000 3.4158 4.0000 
3407 3408 5 1.5330 0.2177 -14.4459 1.5445 0.2232 -14.6571 0.0801 0.2115 0.0000 0.0000 205.0000 3.4800 4.0000 
3408 3409 5 1.5445 0.2232 -14.6571 1.5547 0.2294 -14.8483 0.0801 0.1916 0.0000 0.0000 205.0000 3.5382 4.0000 
3409 3410 5 1.5547 0.2294 -14.8483 1.5643 0.2334 -15.0490 0.0801 0.2010 0.0000 0.0000 205.0000 3.5993 4.0000 
3410 3411 5 1.5643 0.2334 -15.0490 1.5813 0.2443 -15.2591 0.0801 0.2111 0.0000 0.0000 205.0000 3.6636 4.0000 
3411 3412 5 1.5813 0.2443 -15.2591 1.5954 0.2537 -15.4587 0.0801 0.2003 0.0000 0.0000 205.0000 3.7246 4.0000 
3412 3413 5 1.5954 0.2537 -15.4587 1.5969 0.2622 -15.6494 0.0801 0.1909 0.0000 0.0000 205.0000 3.7828 4.0000 
3413 3414 5 1.5969 0.2622 -15.6494 1.5967 0.2687 -15.8298 0.0801 0.1805 0.0000 0.0000 205.0000 3.8378 4.0000 
3414 3415 5 1.5967 0.2687 -15.8298 1.6033 0.2797 -16.0336 0.0801 0.2042 0.0000 0.0000 205.0000 3.9002 4.0000 
3415 3416 5 1.6033 0.2797 -16.0336 1.6013 0.2915 -16.2251 0.0801 0.1919 0.0000 0.0000 205.0000 3.9589 4.0000 
3416 3417 5 1.6013 0.2915 -16.2251 1.5996 0.3048 -16.4384 0.0801 0.2137 0.0000 0.0000 205.0000 4.0242 4.0000 
3417 3418 5 1.5996 0.3048 -16.4384 1.6060 0.3293 -16.6419 0.0801 0.2051 0.0000 0.0000 205.0000 4.0870 4.0000 
3418 3419 5 1.6060 0.3293 -16.6419 1.6098 0.3569 -16.8216 0.0801 0.1818 0.0000 0.0000 205.0000 4.1427 4.0000 
3419 3420 5 1.6098 0.3569 -16.8216 1.6141 0.3813 -17.0278 0.0801 0.2077 0.0000 0.0000 205.0000 4.2064 4.0000 
3420 3421 5 1.6141 0.3813 -17.0278 1.6181 0.4032 -17.2187 0.0801 0.1922 0.0000 0.0000 205.0000 4.2654 4.0000 
3421 3422 5 1.6181 0.4032 -17.2187 1.6181 0.4243 -17.4219 0.0801 0.2043 0.0000 0.0000 205.0000 4.3281 4.0000 
3422 3423 5 1.6181 0.4243 -17.4219 1.6187 0.4439 -17.6320 0.0801 0.2110 0.0000 0.0000 205.0000 4.3930 4.0000 
3423 3424 5 1.6187 0.4439 -17.6320 1.6188 0.4607 -17.8229 0.0801 0.1917 0.0000 0.0000 205.0000 4.4520 4.0000 
3424 3425 5 1.6188 0.4607 -17.8229 1.6228 0.4760 -18.0209 0.0801 0.1986 0.0000 0.0000 205.0000 4.5131 4.0000 
3425 3426 5 1.6228 0.4760 -18.0209 1.6292 0.4964 -18.2149 0.0801 0.1951 0.0000 0.0000 205.0000 4.5733 4.0000 
3426 3427 5 1.6292 0.4964 -18.2149 1.6341 0.5149 -18.4152 0.0801 0.2012 0.0000 0.0000 205.0000 4.6353 4.0000 
3427 3428 5 1.6341 0.5149 -18.4152 1.6434 0.5358 -18.6217 0.0801 0.2078 0.0000 0.0000 205.0000 4.6995 4.0000 
3428 3429 5 1.6434 0.5358 -18.6217 1.6501 0.5474 -18.8153 0.0801 0.1940 0.0000 0.0000 205.0000 4.7594 4.0000 
3429 3430 5 1.6501 0.5474 -18.8153 1.6400 0.5549 -19.0162 0.0801 0.2014 0.0000 0.0000 205.0000 4.8217 4.0000 
3430 3431 5 1.6400 0.5549 -19.0162 1.6329 0.5647 -19.2174 0.0801 0.2016 0.0000 0.0000 205.0000 4.8841 4.0000 
3431 3432 5 1.6329 0.5647 -19.2174 1.6295 0.5693 -19.4064 0.0801 0.1890 0.0000 0.0000 205.0000 4.9427 4.0000 
3432 3433 5 1.6295 0.5693 -19.4064 1.6194 0.5741 -19.5912 0.0801 0.1852 0.0000 0.0000 205.0000 5.0001 4.0000 
3433 3434 5 1.6194 0.5741 -19.5912 1.6162 0.5755 -19.7836 0.0801 0.1924 0.0000 0.0000 205.0000 5.0598 4.0000 
3434 3435 5 1.6162 0.5755 -19.7836 1.6136 0.5834 -19.9826 0.0801 0.1992 0.0000 0.0000 205.0000 5.1216 4.0000 
3435 3436 5 1.6136 0.5834 -19.9826 1.6118 0.5887 -20.1642 0.0801 0.1817 0.0000 0.0000 205.0000 5.1781 4.0000 
3436 3437 5 1.6118 0.5887 -20.1642 1.6212 0.5957 -20.3694 0.0801 0.2055 0.0000 0.0000 205.0000 5.2420 4.0000 
3437 3438 5 1.6212 0.5957 -20.3694 1.6275 0.6041 -20.5617 0.0801 0.1926 0.0000 0.0000 205.0000 5.3020 4.0000 
3438 3439 5 1.6275 0.6041 -20.5617 1.6334 0.6102 -20.7542 0.0801 0.1927 0.0000 0.0000 205.0000 5.3620 4.0000 
3439 3440 5 1.6334 0.6102 -20.7542 1.6411 0.6135 -20.9613 0.0801 0.2073 0.0000 0.0000 205.0000 5.4267 4.0000 
3440 3441 5 1.6411 0.6135 -20.9613 1.6410 0.6197 -21.1623 0.0801 0.2011 0.0000 0.0000 205.0000 5.4894 4.0000 
3441 3442 5 1.6410 0.6197 -21.1623 1.6323 0.6245 -21.3574 0.0801 0.1954 0.0000 0.0000 205.0000 5.5505 4.0000 
3442 3443 5 1.6323 0.6245 -21.3574 1.6346 0.6338 -21.5799 0.0801 0.2226 0.0000 0.0000 205.0000 5.6201 4.0000 
3443 3444 5 1.6346 0.6338 -21.5799 1.6423 0.6340 -21.7776 0.0801 0.1979 0.0000 0.0000 205.0000 5.6820 4.0000 
3444 3445 5 1.6423 0.6340 -21.7776 1.6511 0.6341 -22.0013 0.0801 0.2239 0.0000 0.0000 205.0000 5.7521 4.0000 
3445 3446 5 1.6511 0.6341 -22.0013 1.6594 0.6342 -22.2198 0.0801 0.2187 0.0000 0.0000 205.0000 5.8207 4.0000 
3446 3447 5 1.6594 0.6342 -22.2198 1.6763 0.6401 -22.4222 0.0801 0.2031 0.0000 0.0000 205.0000 5.8844 4.0000 
3447 3448 5 1.6763 0.6401 -22.4222 1.6834 0.6455 -22.5965 0.0801 0.1746 0.0000 0.0000 205.0000 5.9393 4.0000 
3448 3449 5 1.6834 0.6455 -22.5965 1.6917 0.6504 -22.7817 0.0801 0.1855 0.0000 0.0000 205.0000 5.9975 4.0000 
3449 3450 5 1.6917 0.6504 -22.7817 1.6943 0.6561 -22.9868 0.0801 0.2052 0.0000 0.0000 205.0000 6.0621 4.0000 
3450 3451 5 1.6943 0.6561 -22.9868 1.6965 0.6596 -23.1971 0.0801 0.2103 0.0000 0.0000 205.0000 6.1283 4.0000 
3451 3452 5 1.6965 0.6596 -23.1971 1.6956 0.6635 -23.4003 0.0801 0.2033 0.0000 0.0000 205.0000 6.1924 4.0000 
3452 3453 5 1.6956 0.6635 -23.4003 1.6984 0.6675 -23.6126 0.0801 0.2123 0.0000 0.0000 205.0000 6.2594 4.0000 
3453 3454 5 1.6984 0.6675 -23.6126 1.7002 0.6676 -23.7986 0.0801 0.1861 0.0000 0.0000 205.0000 6.3181 4.0000 
3454 3455 5 1.7002 0.6676 -23.7986 1.7006 0.6649 -24.0046 0.0801 0.2059 0.0000 0.0000 205.0000 6.3832 4.0000 
3455 3456 5 1.7006 0.6649 -24.0046 1.7017 0.6522 -24.2140 0.0801 0.2099 0.0000 0.0000 205.0000 6.4495 4.0000 
3456 3457 5 1.7017 0.6522 -24.2140 1.7174 0.6449 -24.4112 0.0801 0.1979 0.0000 0.0000 205.0000 6.5122 4.0000 
3457 3458 5 1.7174 0.6449 -24.4112 1.7366 0.6387 -24.5883 0.0801 0.1783 0.0000 0.0000 205.0000 6.5686 4.0000 
3458 3459 5 1.7366 0.6387 -24.5883 1.7571 0.6334 -24.7745 0.0801 0.1874 0.0000 0.0000 205.0000 6.6281 4.0000 
3459 3460 5 1.7571 0.6334 -24.7745 1.7730 0.6214 -24.9806 0.0801 0.2071 0.0000 0.0000 205.0000 6.6938 4.0000 
3460 3461 5 1.7730 0.6214 -24.9806 1.7909 0.6048 -25.1844 0.0801 0.2053 0.0000 0.0000 205.0000 6.7590 4.0000 
3461 3462 5 1.7909 0.6048 -25.1844 1.8046 0.5906 -25.3877 0.0801 0.2043 0.0000 0.0000 205.0000 6.8239 4.0000 
3462 3463 5 1.8046 0.5906 -25.3877 1.8245 0.5766 -25.5837 0.0801 0.1975 0.0000 0.0000 205.0000 6.8867 4.0000 
3463 3464 5 1.8245 0.5766 -25.5837 1.8480 0.5687 -25.7845 0.0801 0.2023 0.0000 0.0000 205.0000 6.9512 4.0000 
3464 3465 5 1.8480 0.5687 -25.7845 1.8677 0.5561 -25.9763 0.0801 0.1932 0.0000 0.0000 205.0000 7.0128 4.0000 
3465 3466 5 1.8677 0.5561 -25.9763 1.8727 0.5407 -26.1909 0.0801 0.2152 0.0000 0.0000 205.0000 7.0814 4.0000 
3466 3467 5 1.8727 0.5407 -26.1909 1.8723 0.5131 -26.4067 0.0801 0.2176 0.0000 0.0000 205.0000 7.1509 4.0000 
3467 3468 5 1.8723 0.5131 -26.4067 1.8724 0.4959 -26.6062 0.0801 0.2003 0.0000 0.0000 205.0000 7.2149 4.0000 
3468 3469 5 1.8724 0.4959 -26.6062 1.8769 0.4853 -26.8043 0.0801 0.1984 0.0000 0.0000 205.0000 7.2784 4.0000 
3469 3470 5 1.8769 0.4853 -26.8043 1.8827 0.4892 -27.0063 0.0801 0.2021 0.0000 0.0000 205.0000 7.3431 4.0000 
3470 3471 5 1.8827 0.4892 -27.0063 1.8829 0.4890 -27.2002 0.0801 0.1940 0.0000 0.0000 205.0000 7.4052 4.0000 
3471 3472 5 1.8829 0.4890 -27.2002 1.8800 0.4849 -27.4121 0.0801 0.2119 0.0000 0.0000 205.0000 7.4732 4.0000 
3472 3473 5 1.8800 0.4849 -27.4121 1.8768 0.4808 -27.6333 0.0801 0.2212 0.0000 0.0000 205.0000 7.5443 4.0000 
3473 3474 5 1.8768 0.4808 -27.6333 1.8778 0.4816 -27.8288 0.0801 0.1955 0.0000 0.0000 205.0000 7.6071 4.0000 
3474 3475 5 1.8778 0.4816 -27.8288 1.8740 0.4776 -28.0213 0.0801 0.1926 0.0000 0.0000 205.0000 7.6690 4.0000 
3475 3476 5 1.8740 0.4776 -28.0213 1.8718 0.4699 -28.2301 0.0801 0.2089 0.0000 0.0000 205.0000 7.7363 4.0000 
3476 3477 5 1.8718 0.4699 -28.2301 1.8723 0.4749 -28.4339 0.0801 0.2039 0.0000 0.0000 205.0000 7.8020 4.0000 
3477 3478 5 1.8723 0.4749 -28.4339 1.8764 0.4633 -28.6554 0.0801 0.2218 0.0000 0.0000 205.0000 7.8735 4.0000 
3478 3479 5 1.8764 0.4633 -28.6554 1.8790 0.4529 -28.8430 0.0801 0.1879 0.0000 0.0000 205.0000 7.9342 4.0000 
3479 3480 5 1.8790 0.4529 -28.8430 1.8879 0.4408 -29.0397 0.0801 0.1973 0.0000 0.0000 205.0000 7.9979 4.0000 
3480 3481 5 1.8879 0.4408 -29.0397 1.9031 0.4257 -29.2386 0.0801 0.2001 0.0000 0.0000 205.0000 8.0626 4.0000 
3481 3482 5 1.9031 0.4257 -29.2386 1.9358 0.4194 -29.4539 0.0801 0.2178 0.0000 0.0000 205.0000 8.1331 4.0000 
3482 3483 5 1.9358 0.4194 -29.4539 1.9662 0.4066 -29.6616 0.0801 0.2103 0.0000 0.0000 205.0000 8.2013 4.0000 
3483 3484 5 1.9662 0.4066 -29.6616 1.9947 0.3940 -29.8653 0.0801 0.2060 0.0000 0.0000 205.0000 8.2681 4.0000 
3484 3485 5 1.9947 0.3940 -29.8653 2.0127 0.3867 -30.0536 0.0801 0.1893 0.0000 0.0000 205.0000 8.3295 4.0000 
3485 3486 5 2.0127 0.3867 -30.0536 2.0261 0.3714 -30.2317 0.0801 0.1793 0.0000 0.0000 205.0000 8.3878 4.0000 
3486 3487 5 2.0261 0.3714 -30.2317 2.0381 0.3584 -30.4490 0.0801 0.2180 0.0000 0.0000 205.0000 8.4586 4.0000 
3487 3488 5 2.0381 0.3584 -30.4490 2.0570 0.3529 -30.6492 0.0801 0.2011 0.0000 0.0000 205.0000 8.5241 4.0000 
3488 3489 5 2.0570 0.3529 -30.6492 2.0805 0.3474 -30.8491 0.0801 0.2014 0.0000 0.0000 205.0000 8.5897 4.0000 
3489 3490 5 2.0805 0.3474 -30.8491 2.1009 0.3448 -31.0446 0.0801 0.1965 0.0000 0.0000 205.0000 8.6538 4.0000 
3490 3491 5 2.1009 0.3448 -31.0446 2.1191 0.3429 -31.2357 0.0801 0.1920 0.0000 0.0000 205.0000 8.7164 4.0000 
3491 3492 5 2.1191 0.3429 -31.2357 2.1344 0.3367 -31.4341 0.0801 0.1991 0.0000 0.0000 205.0000 8.7814 4.0000 
3492 3493 5 2.1344 0.3367 -31.4341 2.1592 0.3258 -31.6456 0.0801 0.2132 0.0000 0.0000 205.0000 8.8511 4.0000 
3493 3494 5 2.1592 0.3258 -31.6456 2.1855 0.3171 -31.8445 0.0801 0.2009 0.0000 0.0000 205.0000 8.9169 4.0000 
3494 3495 5 2.1855 0.3171 -31.8445 2.2166 0.3165 -32.0357 0.0801 0.1937 0.0000 0.0000 205.0000 8.9803 4.0000 
3495 3496 5 2.2166 0.3165 -32.0357 2.2311 0.3103 -32.2448 0.0801 0.2097 0.0000 0.0000 205.0000 9.0490 4.0000 
3496 3497 5 2.2311 0.3103 -32.2448 2.2386 0.3094 -32.4317 0.0801 0.1870 0.0000 0.0000 205.0000 9.1104 4.0000 
3497 3498 5 2.2386 0.3094 -32.4317 2.2427 0.3110 -32.6311 0.0801 0.1994 0.0000 0.0000 205.0000 9.1759 4.0000 
3498 3499 5 2.2427 0.3110 -32.6311 2.2479 0.3148 -32.8180 0.0801 0.1871 0.0000 0.0000 205.0000 9.2374 4.0000 
3499 3500 5 2.2479 0.3148 -32.8180 2.2643 0.3167 -33.0073 0.0801 0.1900 0.0000 0.0000 205.0000 9.2998 4.0000 
3500 3501 5 2.2643 0.3167 -33.0073 2.2835 0.3189 -33.2040 0.0801 0.1977 0.0000 0.0000 205.0000 9.3649 4.0000 
3501 3502 5 2.2835 0.3189 -33.2040 2.3012 0.3207 -33.4037 0.0801 0.2005 0.0000 0.0000 205.0000 9.4310 4.0000 
3502 3503 5 2.3012 0.3207 -33.4037 2.3040 0.3123 -33.6117 0.0801 0.2082 0.0000 0.0000 205.0000 9.4996 4.0000 
3503 3504 5 2.3040 0.3123 -33.6117 2.3074 0.3039 -33.8147 0.0801 0.2033 0.0000 0.0000 205.0000 9.5667 4.0000 
3504 3505 5 2.3074 0.3039 -33.8147 2.2976 0.2905 -34.0212 0.0801 0.2071 0.0000 0.0000 205.0000 9.6352 4.0000 
3505 3506 5 2.2976 0.2905 -34.0212 2.2859 0.2849 -34.2301 0.0801 0.2093 0.0000 0.0000 205.0000 9.7044 4.0000 
3506 3507 5 2.2859 0.2849 -34.2301 2.2775 0.2796 -34.4405 0.0801 0.2107 0.0000 0.0000 205.0000 9.7742 4.0000 
3507 3508 5 2.2775 0.2796 -34.4405 2.2777 0.2738 -34.6258 0.0801 0.1854 0.0000 0.0000 205.0000 9.8356 4.0000 
3508 3509 5 2.2777 0.2738 -34.6258 2.2702 0.2734 -34.8260 0.0801 0.2004 0.0000 0.0000 205.0000 9.9021 4.0000 
3509 3510 5 2.2702 0.2734 -34.8260 2.2673 0.2633 -35.0323 0.0801 0.2065 0.0000 0.0000 205.0000 9.9706 4.0000 
3510 3511 5 2.2673 0.2633 -35.0323 2.2636 0.2526 -35.2160 0.0801 0.1840 0.0000 0.0000 205.0000 10.0318 4.0000 
3511 3512 5 2.2636 0.2526 -35.2160 2.2622 0.2344 -35.4028 0.0801 0.1877 0.0000 0.0000 205.0000 10.0942 4.0000 
3512 3513 5 2.2622 0.2344 -35.4028 2.2616 0.2131 -35.6096 0.0801 0.2078 0.0000 0.0000 205.0000 10.1634 4.0000 
3513 3514 5 2.2616 0.2131 -35.6096 2.2582 0.1889 -35.8128 0.0801 0.2047 0.0000 0.0000 205.0000 10.2316 4.0000 
3514 3515 5 2.2582 0.1889 -35.8128 2.2505 0.1577 -36.0114 0.0801 0.2012 0.0000 0.0000 205.0000 10.2987 4.0000 
3515 3516 5 2.2505 0.1577 -36.0114 2.2437 0.1335 -36.1999 0.0801 0.1901 0.0000 0.0000 205.0000 10.3621 4.0000 
3516 3517 5 2.2437 0.1335 -36.1999 2.2510 0.1117 -36.3998 0.0801 0.2013 0.0000 0.0000 205.0000 10.4294 4.0000 
3517 3518 5 2.2510 0.1117 -36.3998 2.2541 0.0915 -36.6269 0.0801 0.2280 0.0000 0.0000 205.0000 10.5056 4.0000 
3518 3519 5 2.2541 0.0915 -36.6269 2.2570 0.0850 -36.8351 0.0801 0.2083 0.0000 0.0000 205.0000 10.5753 4.0000 
3519 3520 5 2.2570 0.0850 -36.8351 2.2661 0.0845 -37.0379 0.0801 0.2030 0.0000 0.0000 205.0000 10.6434 4.0000 
3520 3521 5 2.2661 0.0845 -37.0379 2.2742 0.0824 -37.2352 0.0801 0.1975 0.0000 0.0000 205.0000 10.7096 4.0000 
3521 3522 5 2.2742 0.0824 -37.2352 2.2809 0.0842 -37.4491 0.0801 0.2140 0.0000 0.0000 205.0000 10.7814 4.0000 
3522 3523 5 2.2809 0.0842 -37.4491 2.2788 0.0793 -37.6521 0.0801 0.2031 0.0000 0.0000 205.0000 10.8497 4.0000 
3523 3524 5 2.2788 0.0793 -37.6521 2.2775 0.0779 -37.8553 0.0801 0.2032 0.0000 0.0000 205.0000 10.9180 4.0000 
3524 3525 5 2.2775 0.0779 -37.8553 2.2781 0.0759 -38.0481 0.0801 0.1928 0.0000 0.0000 205.0000 10.9829 4.0000 
3525 3526 5 2.2781 0.0759 -38.0481 2.2764 0.0700 -38.2765 0.0801 0.2285 0.0000 0.0000 205.0000 11.0599 4.0000 
3526 3527 5 2.2764 0.0700 -38.2765 2.2755 0.0650 -38.4706 0.0801 0.1942 0.0000 0.0000 205.0000 11.1254 4.0000 
3527 3528 5 2.2755 0.0650 -38.4706 2.2683 0.0603 -38.6722 0.0801 0.2018 0.0000 0.0000 205.0000 11.1936 4.0000 
3528 3529 5 2.2683 0.0603 -38.6722 2.2530 0.0530 -38.8722 0.0801 0.2007 0.0000 0.0000 205.0000 11.2614 4.0000 
3529 3530 5 2.2530 0.0530 -38.8722 2.2509 0.0504 -39.0672 0.0801 0.1950 0.0000 0.0000 205.0000 11.3274 4.0000 
3530 3531 5 2.2509 0.0504 -39.0672 2.2558 0.0707 -39.2796 0.0801 0.2134 0.0000 0.0000 205.0000 11.3996 4.0000 
3531 3532 5 2.2558 0.0707 -39.2796 2.2600 0.0890 -39.4724 0.0801 0.1937 0.0000 0.0000 205.0000 11.4653 4.0000 
3532 3533 5 2.2600 0.0890 -39.4724 2.2552 0.1095 -39.6780 0.0801 0.2067 0.0000 0.0000 205.0000 11.5354 4.0000 
3533 3534 5 2.2552 0.1095 -39.6780 2.2558 0.1292 -39.8858 0.0801 0.2087 0.0000 0.0000 205.0000 11.6063 4.0000 
3534 3535 5 2.2558 0.1292 -39.8858 2.2513 0.1463 -40.0968 0.0801 0.2117 0.0000 0.0000 205.0000 11.6782 4.0000 
3535 3536 5 2.2513 0.1463 -40.0968 2.2472 0.1647 -40.2836 0.0801 0.1877 0.0000 0.0000 205.0000 11.7421 4.0000 
3536 3537 5 2.2472 0.1647 -40.2836 2.2430 0.1845 -40.4849 0.0801 0.2024 0.0000 0.0000 205.0000 11.8110 4.0000 
3537 3538 5 2.2430 0.1845 -40.4849 2.2420 0.2075 -40.6847 0.0801 0.2011 0.0000 0.0000 205.0000 11.8795 4.0000 
3538 3539 5 2.2420 0.2075 -40.6847 2.2378 0.2209 -40.8586 0.0801 0.1745 0.0000 0.0000 205.0000 11.9390 4.0000 
3539 3540 5 2.2378 0.2209 -40.8586 2.2384 0.2466 -41.0354 0.0801 0.1786 0.0000 0.0000 205.0000 12.0000 4.0000 
3349 3541 1009 0.0023 -0.0002 -3.1097 -0.1478 -0.2088 -3.4865 0.0300 0.4561 238.0000 23.8000 0.0000 5.8290 2.0000 
3541 3542 1009 -0.1478 -0.2088 -3.4865 -0.3123 -0.4351 -3.9349 0.0300 0.5285 238.0000 23.8000 0.0000 6.9444 2.0000 
3542 3543 1009 -0.3123 -0.4351 -3.9349 -0.4758 -0.6269 -4.3105 0.0300 0.4523 238.0000 23.8000 0.0000 8.2206 2.0000 
3543 3544 1009 -0.4758 -0.6269 -4.3105 -0.6674 -0.8137 -4.6935 0.0300 0.4672 238.0000 23.8000 0.0000 10.1611 2.0000 
3544 3545 1009 -0.6674 -0.8137 -4.6935 -0.7863 -0.9262 -4.9196 0.0300 0.2791 238.0000 23.8000 0.0000 12.0000 2.0000 
3350 3546 1010 0.0495 -0.0004 -3.3015 0.4518 0.2050 -3.6048 0.0300 0.5441 238.0000 23.8000 0.0000 5.7675 2.0000 
3546 3547 1010 0.4518 0.2050 -3.6048 0.8013 0.3754 -3.8223 0.0300 0.4456 238.0000 23.8000 0.0000 6.4113 2.0000 
3547 3548 1010 0.8013 0.3754 -3.8223 1.1503 0.5397 -4.0369 0.0300 0.4414 238.0000 23.8000 0.0000 7.2083 2.0000 
3548 3549 1010 1.1503 0.5397 -4.0369 1.5511 0.7187 -4.4196 0.0300 0.5823 238.0000 23.8000 0.0000 8.6983 2.0000 
3549 3550 1010 1.5511 0.7187 -4.4196 1.8989 0.8264 -4.7793 0.0300 0.5118 238.0000 23.8000 0.0000 11.0424 2.0000 
3550 3551 1010 1.8989 0.8264 -4.7793 1.9766 0.8460 -4.8726 0.0300 0.1230 238.0000 23.8000 0.0000 12.0000 2.0000 
3351 3552 1011 0.0938 0.0023 -3.4921 0.1521 0.4196 -3.8782 0.0300 0.5715 238.0000 23.8000 0.0000 6.2563 2.0000 
3552 3553 1011 0.1521 0.4196 -3.8782 0.1918 0.7685 -4.1862 0.0300 0.4671 238.0000 23.8000 0.0000 7.3512 2.0000 
3553 3554 1011 0.1918 0.7685 -4.1862 0.2300 1.1320 -4.5283 0.0300 0.5006 238.0000 23.8000 0.0000 8.8875 2.0000 
3554 3555 1011 0.2300 1.1320 -4.5283 0.2726 1.4645 -4.8339 0.0300 0.4536 238.0000 23.8000 0.0000 10.8858 2.0000 
3555 3556 1011 0.2726 1.4645 -4.8339 0.2768 1.5982 -4.9582 0.0300 0.1826 238.0000 23.8000 0.0000 12.0000 2.0000 
3352 3557 1012 0.1384 0.0064 -3.6856 -0.0952 -0.0578 -4.0935 0.0300 0.4744 238.0000 23.8000 0.0000 5.8420 2.0000 
3557 3558 1012 -0.0952 -0.0578 -4.0935 -0.3339 -0.1098 -4.4948 0.0300 0.4699 238.0000 23.8000 0.0000 6.5594 2.0000 
3558 3559 1012 -0.3339 -0.1098 -4.4948 -0.6187 -0.1605 -4.9032 0.0300 0.5004 238.0000 23.8000 0.0000 7.5430 2.0000 
3559 3560 1012 -0.6187 -0.1605 -4.9032 -0.8798 -0.2365 -5.3597 0.0300 0.5314 238.0000 23.8000 0.0000 9.0515 2.0000 
3560 3561 1012 -0.8798 -0.2365 -5.3597 -1.1441 -0.3055 -5.7699 0.0300 0.4929 238.0000 23.8000 0.0000 11.5666 2.0000 
3561 3562 1012 -1.1441 -0.3055 -5.7699 -1.1712 -0.3131 -5.8154 0.0300 0.0534 238.0000 23.8000 0.0000 12.0000 2.0000 
3353 3563 1013 0.1852 0.0108 -3.8881 0.4059 0.3433 -4.2498 0.0300 0.5386 238.0000 23.8000 0.0000 5.9432 2.0000 
3563 3564 1013 0.4059 0.3433 -4.2498 0.6139 0.6981 -4.5995 0.0300 0.5398 238.0000 23.8000 0.0000 6.7387 2.0000 
3564 3565 1013 0.6139 0.6981 -4.5995 0.7994 1.0001 -4.8755 0.0300 0.4492 238.0000 23.8000 0.0000 7.6015 2.0000 
3565 3566 1013 0.7994 1.0001 -4.8755 0.9792 1.2762 -5.1399 0.0300 0.4225 238.0000 23.8000 0.0000 8.7122 2.0000 
3566 3567 1013 0.9792 1.2762 -5.1399 1.1806 1.5831 -5.4283 0.0300 0.4669 238.0000 23.8000 0.0000 10.7066 2.0000 
3567 3568 1013 1.1806 1.5831 -5.4283 1.2525 1.6959 -5.5444 0.0300 0.1771 238.0000 23.8000 0.0000 12.0000 2.0000 
3354 3569 1014 0.2363 0.0212 -4.0803 0.4314 0.3576 -4.3818 0.0300 0.4921 238.0000 23.8000 0.0000 5.9276 2.0000 
3569 3570 1014 0.4314 0.3576 -4.3818 0.6684 0.7084 -4.6998 0.0300 0.5295 238.0000 23.8000 0.0000 6.6604 2.0000 
3570 3571 1014 0.6684 0.7084 -4.6998 0.8993 1.0289 -4.9973 0.0300 0.4945 238.0000 23.8000 0.0000 7.5474 2.0000 
3571 3572 1014 0.8993 1.0289 -4.9973 1.1528 1.3784 -5.3195 0.0300 0.5387 238.0000 23.8000 0.0000 8.9326 2.0000 
3572 3573 1014 1.1528 1.3784 -5.3195 1.4045 1.7082 -5.5569 0.0300 0.4780 238.0000 23.8000 0.0000 11.0743 2.0000 
3573 3574 1014 1.4045 1.7082 -5.5569 1.4689 1.7944 -5.6190 0.0300 0.1242 238.0000 23.8000 0.0000 12.0000 2.0000 
3355 3575 1015 0.2854 0.0337 -4.2746 0.0989 0.3028 -4.6634 0.0300 0.5083 238.0000 23.8000 0.0000 6.2124 2.0000 
3575 3576 1015 0.0989 0.3028 -4.6634 -0.0914 0.5834 -5.0283 0.0300 0.4981 238.0000 23.8000 0.0000 7.1595 2.0000 
3576 3577 1015 -0.0914 0.5834 -5.0283 -0.2760 0.8651 -5.4063 0.0300 0.5063 238.0000 23.8000 0.0000 8.4350 2.0000 
3577 3578 1015 -0.2760 0.8651 -5.4063 -0.4382 1.1179 -5.7403 0.0300 0.4492 238.0000 23.8000 0.0000 10.0704 2.0000 
3578 3579 1015 -0.4382 1.1179 -5.7403 -0.5694 1.3356 -5.9623 0.0300 0.3374 238.0000 23.8000 0.0000 12.0000 2.0000 
3356 3580 1016 0.3339 0.0482 -4.4849 0.5989 0.2617 -4.7142 0.0300 0.4103 238.0000 23.8000 0.0000 5.9920 2.0000 
3580 3581 1016 0.5989 0.2617 -4.7142 0.9079 0.5149 -4.9894 0.0300 0.4851 238.0000 23.8000 0.0000 6.6853 2.0000 
3581 3582 1016 0.9079 0.5149 -4.9894 1.2024 0.7751 -5.2598 0.0300 0.4770 238.0000 23.8000 0.0000 7.5527 2.0000 
3582 3583 1016 1.2024 0.7751 -5.2598 1.4959 1.0509 -5.5189 0.0300 0.4789 238.0000 23.8000 0.0000 8.7488 2.0000 
3583 3584 1016 1.4959 1.0509 -5.5189 1.8286 1.3494 -5.8178 0.0300 0.5377 238.0000 23.8000 0.0000 11.0112 2.0000 
3584 3585 1016 1.8286 1.3494 -5.8178 1.9059 1.4287 -5.9028 0.0300 0.1396 238.0000 23.8000 0.0000 12.0000 2.0000 
3357 3586 1017 0.3783 0.0609 -4.6781 0.8140 0.1848 -4.9890 0.0300 0.5494 238.0000 23.8000 0.0000 6.3113 2.0000 
3586 3587 1017 0.8140 0.1848 -4.9890 1.1734 0.2849 -5.2439 0.0300 0.4518 238.0000 23.8000 0.0000 7.0676 2.0000 
3587 3588 1017 1.1734 0.2849 -5.2439 1.5680 0.3833 -5.5196 0.0300 0.4914 238.0000 23.8000 0.0000 8.1250 2.0000 
3588 3589 1017 1.5680 0.3833 -5.5196 1.9454 0.5194 -5.7375 0.0300 0.4566 238.0000 23.8000 0.0000 9.5012 2.0000 
3589 3590 1017 1.9454 0.5194 -5.7375 2.3028 0.6932 -5.9178 0.0300 0.4363 238.0000 23.8000 0.0000 11.6263 2.0000 
3590 3591 1017 2.3028 0.6932 -5.9178 2.3465 0.7144 -5.9400 0.0300 0.0534 238.0000 23.8000 0.0000 12.0000 2.0000 
3358 3592 1018 0.4250 0.0858 -4.8701 0.8575 0.0384 -5.1678 0.0300 0.5272 238.0000 23.8000 0.0000 6.5167 2.0000 
3592 3593 1018 0.8575 0.0384 -5.1678 1.2381 -0.0055 -5.4362 0.0300 0.4678 238.0000 23.8000 0.0000 7.4748 2.0000 
3593 3594 1018 1.2381 -0.0055 -5.4362 1.7463 -0.0790 -5.7200 0.0300 0.5867 238.0000 23.8000 0.0000 9.0375 2.0000 
3594 3595 1018 1.7463 -0.0790 -5.7200 2.1728 -0.1462 -5.9596 0.0300 0.4938 238.0000 23.8000 0.0000 10.9259 2.0000 
3595 3596 1018 2.1728 -0.1462 -5.9596 2.3505 -0.1765 -6.0567 0.0300 0.2047 238.0000 23.8000 0.0000 12.0000 2.0000 
3359 3597 1019 0.4623 0.1118 -5.0525 0.1932 0.1799 -5.4700 0.0300 0.5014 238.0000 23.8000 0.0000 6.4281 2.0000 
3597 3598 1019 0.1932 0.1799 -5.4700 0.0069 0.2542 -5.7737 0.0300 0.3639 238.0000 23.8000 0.0000 7.0715 2.0000 
3598 3599 1019 0.0069 0.2542 -5.7737 -0.2350 0.3907 -6.1602 0.0300 0.4759 238.0000 23.8000 0.0000 8.1148 2.0000 
3599 3600 1019 -0.2350 0.3907 -6.1602 -0.5071 0.5517 -6.5692 0.0300 0.5170 238.0000 23.8000 0.0000 9.6971 2.0000 
3600 3601 1019 -0.5071 0.5517 -6.5692 -0.7441 0.6974 -6.9358 0.0300 0.4602 238.0000 23.8000 0.0000 12.0000 2.0000 
3360 3602 1020 0.4984 0.1332 -5.2581 0.8436 0.0202 -5.5704 0.0300 0.4791 238.0000 23.8000 0.0000 6.2825 2.0000 
3602 3603 1020 0.8436 0.0202 -5.5704 1.2415 -0.1090 -5.9302 0.0300 0.5517 238.0000 23.8000 0.0000 7.0383 2.0000 
3603 3604 1020 1.2415 -0.1090 -5.9302 1.5917 -0.2229 -6.2410 0.0300 0.4819 238.0000 23.8000 0.0000 7.9026 2.0000 
3604 3605 1020 1.5917 -0.2229 -6.2410 1.9947 -0.3587 -6.5392 0.0300 0.5194 238.0000 23.8000 0.0000 9.2411 2.0000 
3605 3606 1020 1.9947 -0.3587 -6.5392 2.3212 -0.4799 -6.7798 0.0300 0.4232 238.0000 23.8000 0.0000 11.0808 2.0000 
3606 3607 1020 2.3212 -0.4799 -6.7798 2.4206 -0.5096 -6.8612 0.0300 0.1319 238.0000 23.8000 0.0000 12.0000 2.0000 
3361 3608 1021 0.5438 0.1528 -5.4634 0.7057 0.6235 -5.7748 0.0300 0.5872 238.0000 23.8000 0.0000 6.4448 2.0000 
3608 3609 1021 0.7057 0.6235 -5.7748 0.8371 0.9710 -5.9832 0.0300 0.4259 238.0000 23.8000 0.0000 7.0147 2.0000 
3609 3610 1021 0.8371 0.9710 -5.9832 0.9553 1.3265 -6.1894 0.0300 0.4276 238.0000 23.8000 0.0000 7.7455 2.0000 
3610 3611 1021 0.9553 1.3265 -6.1894 1.0950 1.7183 -6.4985 0.0300 0.5183 238.0000 23.8000 0.0000 9.0344 2.0000 
3611 3612 1021 1.0950 1.7183 -6.4985 1.1984 2.0084 -6.7238 0.0300 0.3815 238.0000 23.8000 0.0000 10.6752 2.0000 
3612 3613 1021 1.1984 2.0084 -6.7238 1.2472 2.1401 -6.8279 0.0300 0.1749 238.0000 23.8000 0.0000 12.0000 2.0000 
3362 3614 1022 0.5849 0.1707 -5.6505 0.3436 0.4044 -6.0182 0.0300 0.4980 238.0000 23.8000 0.0000 6.5687 2.0000 
3614 3615 1022 0.3436 0.4044 -6.0182 0.1249 0.6021 -6.3610 0.0300 0.4521 238.0000 23.8000 0.0000 7.3390 2.0000 
3615 3616 1022 0.1249 0.6021 -6.3610 -0.0978 0.7966 -6.7023 0.0300 0.4516 238.0000 23.8000 0.0000 8.3246 2.0000 
3616 3617 1022 -0.0978 0.7966 -6.7023 -0.3974 1.0229 -7.0371 0.0300 0.5030 238.0000 23.8000 0.0000 9.8941 2.0000 
3617 3618 1022 -0.3974 1.0229 -7.0371 -0.6202 1.2261 -7.3050 0.0300 0.4034 238.0000 23.8000 0.0000 12.0000 2.0000 
3363 3619 1023 0.6267 0.1825 -5.8470 0.4582 0.0779 -6.1547 0.0300 0.3661 238.0000 23.8000 0.0000 6.4357 2.0000 
3619 3620 1023 0.4582 0.0779 -6.1547 0.2367 -0.0612 -6.5700 0.0300 0.4908 238.0000 23.8000 0.0000 7.2231 2.0000 
3620 3621 1023 0.2367 -0.0612 -6.5700 -0.0406 -0.1954 -7.0388 0.0300 0.5609 238.0000 23.8000 0.0000 8.3971 2.0000 
3621 3622 1023 -0.0406 -0.1954 -7.0388 -0.2794 -0.3333 -7.5043 0.0300 0.5410 238.0000 23.8000 0.0000 10.0581 2.0000 
3622 3623 1023 -0.2794 -0.3333 -7.5043 -0.4686 -0.4439 -7.8242 0.0300 0.3878 238.0000 23.8000 0.0000 12.0000 2.0000 
3364 3624 1024 0.6747 0.1975 -6.0383 0.7885 -0.1148 -6.3903 0.0300 0.4841 238.0000 23.8000 0.0000 6.6917 2.0000 
3624 3625 1024 0.7885 -0.1148 -6.3903 0.8954 -0.4075 -6.7213 0.0300 0.4546 238.0000 23.8000 0.0000 7.4873 2.0000 
3625 3626 1024 0.8954 -0.4075 -6.7213 0.9840 -0.6653 -7.0299 0.0300 0.4118 238.0000 23.8000 0.0000 8.4049 2.0000 
3626 3627 1024 0.9840 -0.6653 -7.0299 1.1067 -1.0054 -7.4374 0.0300 0.5448 238.0000 23.8000 0.0000 10.1630 2.0000 
3627 3628 1024 1.1067 -1.0054 -7.4374 1.2095 -1.2335 -7.6717 0.0300 0.3428 238.0000 23.8000 0.0000 12.0000 2.0000 
3365 3629 1025 0.7109 0.1977 -6.2154 0.6559 0.5149 -6.5922 0.0300 0.4956 238.0000 23.8000 0.0000 6.7147 2.0000 
3629 3630 1025 0.6559 0.5149 -6.5922 0.6266 0.8227 -6.9685 0.0300 0.4871 238.0000 23.8000 0.0000 7.5035 2.0000 
3630 3631 1025 0.6266 0.8227 -6.9685 0.6005 1.1037 -7.3089 0.0300 0.4423 238.0000 23.8000 0.0000 8.4156 2.0000 
3631 3632 1025 0.6005 1.1037 -7.3089 0.5575 1.4596 -7.7212 0.0300 0.5463 238.0000 23.8000 0.0000 10.0192 2.0000 
3632 3633 1025 0.5575 1.4596 -7.7212 0.5154 1.7164 -8.0336 0.0300 0.4066 238.0000 23.8000 0.0000 12.0000 2.0000 
3366 3634 1026 0.7523 0.2051 -6.4270 1.1394 0.2358 -6.6876 0.0300 0.4677 238.0000 23.8000 0.0000 6.7600 2.0000 
3634 3635 1026 1.1394 0.2358 -6.6876 1.5148 0.2670 -6.9404 0.0300 0.4537 238.0000 23.8000 0.0000 7.5015 2.0000 
3635 3636 1026 1.5148 0.2670 -6.9404 1.8865 0.3006 -7.2168 0.0300 0.4644 238.0000 23.8000 0.0000 8.4639 2.0000 
3636 3637 1026 1.8865 0.3006 -7.2168 2.2851 0.3061 -7.5090 0.0300 0.4943 238.0000 23.8000 0.0000 9.8897 2.0000 
3637 3638 1026 2.2851 0.3061 -7.5090 2.6558 0.3191 -7.7629 0.0300 0.4495 238.0000 23.8000 0.0000 12.0000 2.0000 
3367 3639 1027 0.7882 0.2120 -6.6100 0.5376 0.1248 -6.9698 0.0300 0.4470 238.0000 23.8000 0.0000 6.7130 2.0000 
3639 3640 1027 0.5376 0.1248 -6.9698 0.2594 0.0301 -7.3439 0.0300 0.4758 238.0000 23.8000 0.0000 7.3882 2.0000 
3640 3641 1027 0.2594 0.0301 -7.3439 -0.0291 -0.0820 -7.7821 0.0300 0.5365 238.0000 23.8000 0.0000 8.3759 2.0000 
3641 3642 1027 -0.0291 -0.0820 -7.7821 -0.2363 -0.1564 -8.0956 0.0300 0.3830 238.0000 23.8000 0.0000 9.3349 2.0000 
3642 3643 1027 -0.2363 -0.1564 -8.0956 -0.5225 -0.2699 -8.5236 0.0300 0.5272 238.0000 23.8000 0.0000 11.4472 2.0000 
3643 3644 1027 -0.5225 -0.2699 -8.5236 -0.5718 -0.2879 -8.5954 0.0300 0.0890 238.0000 23.8000 0.0000 12.0000 2.0000 
3368 3645 1028 0.8230 0.2338 -6.7842 1.0221 0.5457 -7.0809 0.0300 0.4743 238.0000 23.8000 0.0000 6.8884 2.0000 
3645 3646 1028 1.0221 0.5457 -7.0809 1.2216 0.8741 -7.3770 0.0300 0.4850 238.0000 23.8000 0.0000 7.6922 2.0000 
3646 3647 1028 1.2216 0.8741 -7.3770 1.3855 1.1893 -7.7228 0.0300 0.4958 238.0000 23.8000 0.0000 8.7536 2.0000 
3647 3648 1028 1.3855 1.1893 -7.7228 1.5367 1.4731 -8.0376 0.0300 0.4500 238.0000 23.8000 0.0000 10.0923 2.0000 
3648 3649 1028 1.5367 1.4731 -8.0376 1.6701 1.7479 -8.3142 0.0300 0.4121 238.0000 23.8000 0.0000 12.0000 2.0000 
3369 3650 1029 0.8633 0.2454 -6.9705 0.6383 0.4542 -7.3438 0.0300 0.4833 238.0000 23.8000 0.0000 6.9271 2.0000 
3650 3651 1029 0.6383 0.4542 -7.3438 0.4122 0.6652 -7.7221 0.0300 0.4886 238.0000 23.8000 0.0000 7.6999 2.0000 
3651 3652 1029 0.4122 0.6652 -7.7221 0.1612 0.8421 -8.1191 0.0300 0.5019 238.0000 23.8000 0.0000 8.7352 2.0000 
3652 3653 1029 0.1612 0.8421 -8.1191 -0.0731 0.9982 -8.4770 0.0300 0.4555 238.0000 23.8000 0.0000 10.0638 2.0000 
3653 3654 1029 -0.0731 0.9982 -8.4770 -0.2945 1.1385 -8.7959 0.0300 0.4128 238.0000 23.8000 0.0000 12.0000 2.0000 
3370 3655 1030 0.8907 0.2628 -7.1920 0.7550 0.0085 -7.5856 0.0300 0.4879 238.0000 23.8000 0.0000 7.1452 2.0000 
3655 3656 1030 0.7550 0.0085 -7.5856 0.6205 -0.2443 -7.9812 0.0300 0.4884 238.0000 23.8000 0.0000 8.0925 2.0000 
3656 3657 1030 0.6205 -0.2443 -7.9812 0.4918 -0.4835 -8.3313 0.0300 0.4431 238.0000 23.8000 0.0000 9.1919 2.0000 
3657 3658 1030 0.4918 -0.4835 -8.3313 0.3506 -0.7314 -8.6655 0.0300 0.4394 238.0000 23.8000 0.0000 10.6772 2.0000 
3658 3659 1030 0.3506 -0.7314 -8.6655 0.2661 -0.8883 -8.8797 0.0300 0.2786 238.0000 23.8000 0.0000 12.0000 2.0000 
3371 3660 1031 0.9260 0.2866 -7.3903 1.3144 0.2684 -7.6653 0.0300 0.4762 238.0000 23.8000 0.0000 7.1327 2.0000 
3660 3661 1031 1.3144 0.2684 -7.6653 1.6762 0.2579 -7.9207 0.0300 0.4430 238.0000 23.8000 0.0000 7.9168 2.0000 
3661 3662 1031 1.6762 0.2579 -7.9207 2.0767 0.2300 -8.1633 0.0300 0.4691 238.0000 23.8000 0.0000 8.9747 2.0000 
3662 3663 1031 2.0767 0.2300 -8.1633 2.4826 0.2019 -8.4089 0.0300 0.4753 238.0000 23.8000 0.0000 10.4732 2.0000 
3663 3664 1031 2.4826 0.2019 -8.4089 2.7712 0.2153 -8.5568 0.0300 0.3245 238.0000 23.8000 0.0000 12.0000 2.0000 
3372 3665 1032 0.9606 0.3119 -7.5825 1.3486 0.2694 -7.8480 0.0300 0.4721 238.0000 23.8000 0.0000 7.0361 2.0000 
3665 3666 1032 1.3486 0.2694 -7.8480 1.6784 0.2066 -8.0833 0.0300 0.4099 238.0000 23.8000 0.0000 7.5931 2.0000 
3666 3667 1032 1.6784 0.2066 -8.0833 2.0615 0.1627 -8.3701 0.0300 0.4806 238.0000 23.8000 0.0000 8.4143 2.0000 
3667 3668 1032 2.0615 0.1627 -8.3701 2.4712 0.0877 -8.6587 0.0300 0.5068 238.0000 23.8000 0.0000 9.6271 2.0000 
3668 3669 1032 2.4712 0.0877 -8.6587 2.8571 0.0483 -8.9568 0.0300 0.4892 238.0000 23.8000 0.0000 11.6009 2.0000 
3669 3670 1032 2.8571 0.0483 -8.9568 2.9093 0.0429 -8.9956 0.0300 0.0653 238.0000 23.8000 0.0000 12.0000 2.0000 
3373 3671 1033 0.9914 0.3353 -7.7900 0.9274 0.0605 -8.2564 0.0300 0.5451 238.0000 23.8000 0.0000 7.2528 2.0000 
3671 3672 1033 0.9274 0.0605 -8.2564 0.8788 -0.1323 -8.5961 0.0300 0.3937 238.0000 23.8000 0.0000 7.8546 2.0000 
3672 3673 1033 0.8788 -0.1323 -8.5961 0.8098 -0.3463 -9.0026 0.0300 0.4645 238.0000 23.8000 0.0000 8.7451 2.0000 
3673 3674 1033 0.8098 -0.3463 -9.0026 0.7471 -0.5301 -9.4530 0.0300 0.4904 238.0000 23.8000 0.0000 10.0567 2.0000 
3674 3675 1033 0.7471 -0.5301 -9.4530 0.6947 -0.6949 -9.8633 0.0300 0.4453 238.0000 23.8000 0.0000 12.0000 2.0000 
3374 3676 1034 1.0201 0.3597 -7.9949 0.8181 0.5006 -8.3496 0.0300 0.4318 238.0000 23.8000 0.0000 7.0810 2.0000 
3676 3677 1034 0.8181 0.5006 -8.3496 0.5674 0.6880 -8.7763 0.0300 0.5292 238.0000 23.8000 0.0000 7.7660 2.0000 
3677 3678 1034 0.5674 0.6880 -8.7763 0.3280 0.8447 -9.1053 0.0300 0.4360 238.0000 23.8000 0.0000 8.5184 2.0000 
3678 3679 1034 0.3280 0.8447 -9.1053 0.0962 1.0193 -9.4011 0.0300 0.4143 238.0000 23.8000 0.0000 9.5345 2.0000 
3679 3680 1034 0.0962 1.0193 -9.4011 -0.1236 1.2077 -9.6924 0.0300 0.4107 238.0000 23.8000 0.0000 11.2558 2.0000 
3680 3681 1034 -0.1236 1.2077 -9.6924 -0.1810 1.2584 -9.7665 0.0300 0.1066 238.0000 23.8000 0.0000 12.0000 2.0000 
3375 3682 1035 1.0514 0.3837 -8.2086 0.7761 0.4323 -8.6017 0.0300 0.4824 238.0000 23.8000 0.0000 7.2616 2.0000 
3682 3683 1035 0.7761 0.4323 -8.6017 0.5085 0.4855 -8.9802 0.0300 0.4666 238.0000 23.8000 0.0000 7.9135 2.0000 
3683 3684 1035 0.5085 0.4855 -8.9802 0.1968 0.5665 -9.4335 0.0300 0.5560 238.0000 23.8000 0.0000 8.9174 2.0000 
3684 3685 1035 0.1968 0.5665 -9.4335 -0.0735 0.6761 -9.9010 0.0300 0.5510 238.0000 23.8000 0.0000 10.3716 2.0000 
3685 3686 1035 -0.0735 0.6761 -9.9010 -0.2807 0.7712 -10.2075 0.0300 0.3820 238.0000 23.8000 0.0000 12.0000 2.0000 
3376 3687 1036 1.0801 0.4053 -8.4023 0.9967 0.1506 -8.8283 0.0300 0.5033 238.0000 23.8000 0.0000 7.5226 2.0000 
3687 3688 1036 0.9967 0.1506 -8.8283 0.9051 -0.0879 -9.2705 0.0300 0.5108 238.0000 23.8000 0.0000 8.4708 2.0000 
3688 3689 1036 0.9051 -0.0879 -9.2705 0.8183 -0.3115 -9.6301 0.0300 0.4322 238.0000 23.8000 0.0000 9.4960 2.0000 
3689 3690 1036 0.8183 -0.3115 -9.6301 0.7102 -0.6025 -10.0888 0.0300 0.5539 238.0000 23.8000 0.0000 11.3678 2.0000 
3690 3691 1036 0.7102 -0.6025 -10.0888 0.6828 -0.6736 -10.2014 0.0300 0.1359 238.0000 23.8000 0.0000 12.0000 2.0000 
3377 3692 1037 1.1049 0.4268 -8.6143 1.3470 0.1406 -8.9902 0.0300 0.5308 238.0000 23.8000 0.0000 7.5095 2.0000 
3692 3693 1037 1.3470 0.1406 -8.9902 1.5560 -0.0792 -9.2945 0.0300 0.4296 238.0000 23.8000 0.0000 8.1785 2.0000 
3693 3694 1037 1.5560 -0.0792 -9.2945 1.7658 -0.2873 -9.6316 0.0300 0.4483 238.0000 23.8000 0.0000 9.0589 2.0000 
3694 3695 1037 1.7658 -0.2873 -9.6316 1.9545 -0.5070 -9.9808 0.0300 0.4537 238.0000 23.8000 0.0000 10.2781 2.0000 
3695 3696 1037 1.9545 -0.5070 -9.9808 2.1332 -0.7256 -10.2833 0.0300 0.4138 238.0000 23.8000 0.0000 12.0000 2.0000 
3378 3697 1038 1.1274 0.4499 -8.8182 1.4935 0.3206 -9.1491 0.0300 0.5101 238.0000 23.8000 0.0000 7.6361 2.0000 
3697 3698 1038 1.4935 0.3206 -9.1491 1.7620 0.2297 -9.3852 0.0300 0.3689 238.0000 23.8000 0.0000 8.2862 2.0000 
3698 3699 1038 1.7620 0.2297 -9.3852 2.0774 0.1133 -9.6415 0.0300 0.4228 238.0000 23.8000 0.0000 9.2203 2.0000 
3699 3700 1038 2.0774 0.1133 -9.6415 2.4085 -0.0258 -9.9390 0.0300 0.4663 238.0000 23.8000 0.0000 10.6650 2.0000 
3700 3701 1038 2.4085 -0.0258 -9.9390 2.6038 -0.1218 -10.1285 0.0300 0.2886 238.0000 23.8000 0.0000 12.0000 2.0000 
3379 3702 1039 1.1386 0.4704 -9.0267 1.4135 0.2052 -9.4177 0.0300 0.5467 238.0000 23.8000 0.0000 7.6781 2.0000 
3702 3703 1039 1.4135 0.2052 -9.4177 1.6500 -0.0257 -9.7764 0.0300 0.4878 238.0000 23.8000 0.0000 8.4631 2.0000 
3703 3704 1039 1.6500 -0.0257 -9.7764 1.8795 -0.2731 -10.1542 0.0300 0.5066 238.0000 23.8000 0.0000 9.5209 2.0000 
3704 3705 1039 1.8795 -0.2731 -10.1542 2.0705 -0.4971 -10.4631 0.0300 0.4267 238.0000 23.8000 0.0000 10.7536 2.0000 
3705 3706 1039 2.0705 -0.4971 -10.4631 2.2049 -0.6553 -10.6841 0.0300 0.3032 238.0000 23.8000 0.0000 12.0000 2.0000 
3380 3707 1040 1.1530 0.4755 -9.2318 1.3001 0.1737 -9.5760 0.0300 0.4808 238.0000 23.8000 0.0000 7.6247 2.0000 
3707 3708 1040 1.3001 0.1737 -9.5760 1.4494 -0.1207 -9.9250 0.0300 0.4804 238.0000 23.8000 0.0000 8.3426 2.0000 
3708 3709 1040 1.4494 -0.1207 -9.9250 1.6168 -0.4230 -10.2980 0.0300 0.5085 238.0000 23.8000 0.0000 9.3170 2.0000 
3709 3710 1040 1.6168 -0.4230 -10.2980 1.7902 -0.7697 -10.6758 0.0300 0.5413 238.0000 23.8000 0.0000 10.8024 2.0000 
3710 3711 1040 1.7902 -0.7697 -10.6758 1.8700 -0.9501 -10.8919 0.0300 0.2926 238.0000 23.8000 0.0000 12.0000 2.0000 
3381 3712 1041 1.1740 0.4778 -9.4481 1.5284 0.4739 -9.7440 0.0300 0.4617 238.0000 23.8000 0.0000 7.6304 2.0000 
3712 3713 1041 1.5284 0.4739 -9.7440 1.8997 0.4741 -10.0559 0.0300 0.4850 238.0000 23.8000 0.0000 8.3064 2.0000 
3713 3714 1041 1.8997 0.4741 -10.0559 2.2733 0.4905 -10.3989 0.0300 0.5074 238.0000 23.8000 0.0000 9.2233 2.0000 
3714 3715 1041 2.2733 0.4905 -10.3989 2.6082 0.5112 -10.7381 0.0300 0.4771 238.0000 23.8000 0.0000 10.4441 2.0000 
3715 3716 1041 2.6082 0.5112 -10.7381 2.8772 0.5512 -11.0136 0.0300 0.3872 238.0000 23.8000 0.0000 12.0000 2.0000 
3382 3717 1042 1.1954 0.4854 -9.6367 0.9475 0.2722 -10.0436 0.0300 0.5220 238.0000 23.8000 0.0000 7.8227 2.0000 
3717 3718 1042 0.9475 0.2722 -10.0436 0.7196 0.0782 -10.4123 0.0300 0.4749 238.0000 23.8000 0.0000 8.5558 2.0000 
3718 3719 1042 0.7196 0.0782 -10.4123 0.4780 -0.1126 -10.8137 0.0300 0.5059 238.0000 23.8000 0.0000 9.5552 2.0000 
3719 3720 1042 0.4780 -0.1126 -10.8137 0.1994 -0.2745 -11.2274 0.0300 0.5244 238.0000 23.8000 0.0000 11.0247 2.0000 
3720 3721 1042 0.1994 -0.2745 -11.2274 0.0558 -0.3324 -11.4162 0.0300 0.2442 238.0000 23.8000 0.0000 12.0000 2.0000 
3383 3722 1043 1.2154 0.4892 -9.8214 1.6040 0.4406 -10.1506 0.0300 0.5116 238.0000 23.8000 0.0000 7.8921 2.0000 
3722 3723 1043 1.6040 0.4406 -10.1506 1.9255 0.4008 -10.4228 0.0300 0.4231 238.0000 23.8000 0.0000 8.5739 2.0000 
3723 3724 1043 1.9255 0.4008 -10.4228 2.2583 0.3636 -10.6990 0.0300 0.4341 238.0000 23.8000 0.0000 9.4624 2.0000 
3724 3725 1043 2.2583 0.3636 -10.6990 2.5877 0.3300 -10.9686 0.0300 0.4270 238.0000 23.8000 0.0000 10.6630 2.0000 
3725 3726 1043 2.5877 0.3300 -10.9686 2.8387 0.3017 -11.1695 0.0300 0.3228 238.0000 23.8000 0.0000 12.0000 2.0000 
3384 3727 1044 1.2326 0.4869 -10.0235 1.6416 0.3622 -10.3455 0.0300 0.5353 238.0000 23.8000 0.0000 8.1448 2.0000 
3727 3728 1044 1.6416 0.3622 -10.3455 2.0446 0.2619 -10.6684 0.0300 0.5261 238.0000 23.8000 0.0000 9.1952 2.0000 
3728 3729 1044 2.0446 0.2619 -10.6684 2.4202 0.1888 -11.0008 0.0300 0.5068 238.0000 23.8000 0.0000 10.5255 2.0000 
3729 3730 1044 2.4202 0.1888 -11.0008 2.7304 0.1444 -11.2599 0.0300 0.4066 238.0000 23.8000 0.0000 12.0000 2.0000 
3385 3731 1045 1.2527 0.4752 -10.2173 1.0926 0.7447 -10.6093 0.0300 0.5019 238.0000 23.8000 0.0000 8.0772 2.0000 
3731 3732 1045 1.0926 0.7447 -10.6093 0.9287 1.0205 -11.0104 0.0300 0.5136 238.0000 23.8000 0.0000 8.9944 2.0000 
3732 3733 1045 0.9287 1.0205 -11.0104 0.7830 1.2301 -11.3839 0.0300 0.4525 238.0000 23.8000 0.0000 10.0292 2.0000 
3733 3734 1045 0.7830 1.2301 -11.3839 0.6222 1.4671 -11.7924 0.0300 0.4989 238.0000 23.8000 0.0000 11.6147 2.0000 
3734 3735 1045 0.6222 1.4671 -11.7924 0.5919 1.5112 -11.8696 0.0300 0.0938 238.0000 23.8000 0.0000 12.0000 2.0000 
3386 3736 1046 1.2746 0.4593 -10.4133 1.2290 0.7727 -10.8204 0.0300 0.5157 238.0000 23.8000 0.0000 8.1122 2.0000 
3736 3737 1046 1.2290 0.7727 -10.8204 1.1904 1.0563 -11.1786 0.0300 0.4585 238.0000 23.8000 0.0000 8.8737 2.0000 
3737 3738 1046 1.1904 1.0563 -11.1786 1.1263 1.4075 -11.6577 0.0300 0.5975 238.0000 23.8000 0.0000 10.1935 2.0000 
3738 3739 1046 1.1263 1.4075 -11.6577 1.0720 1.7163 -12.0792 0.0300 0.5253 238.0000 23.8000 0.0000 11.9683 2.0000 
3739 3740 1046 1.0720 1.7163 -12.0792 1.0711 1.7206 -12.0850 0.0300 0.0072 238.0000 23.8000 0.0000 12.0000 2.0000 
3387 3741 1047 1.3065 0.4476 -10.6022 1.2075 0.7020 -11.0647 0.0300 0.5370 238.0000 23.8000 0.0000 8.0950 2.0000 
3741 3742 1047 1.2075 0.7020 -11.0647 1.1027 1.0161 -11.5074 0.0300 0.5527 238.0000 23.8000 0.0000 8.8906 2.0000 
3742 3743 1047 1.1027 1.0161 -11.5074 1.0255 1.2446 -11.8274 0.0300 0.4007 238.0000 23.8000 0.0000 9.6224 2.0000 
3743 3744 1047 1.0255 1.2446 -11.8274 0.9179 1.5293 -12.2656 0.0300 0.5336 238.0000 23.8000 0.0000 10.9602 2.0000 
3744 3745 1047 0.9179 1.5293 -12.2656 0.8601 1.6818 -12.5002 0.0300 0.2857 238.0000 23.8000 0.0000 12.0000 2.0000 
3388 3746 1048 1.3459 0.4340 -10.7896 1.7155 0.4360 -11.0404 0.0300 0.4467 238.0000 23.8000 0.0000 8.1251 2.0000 
3746 3747 1048 1.7155 0.4360 -11.0404 2.1014 0.4690 -11.3036 0.0300 0.4683 238.0000 23.8000 0.0000 8.8678 2.0000 
3747 3748 1048 2.1014 0.4690 -11.3036 2.5578 0.4742 -11.6071 0.0300 0.5480 238.0000 23.8000 0.0000 9.9914 2.0000 
3748 3749 1048 2.5578 0.4742 -11.6071 3.0683 0.4907 -11.9052 0.0300 0.5914 238.0000 23.8000 0.0000 11.8018 2.0000 
3749 3750 1048 3.0683 0.4907 -11.9052 3.1099 0.4918 -11.9301 0.0300 0.0485 238.0000 23.8000 0.0000 12.0000 2.0000 
3389 3751 1049 1.3835 0.4195 -10.9910 1.6852 0.2716 -11.2707 0.0300 0.4372 238.0000 23.8000 0.0000 8.0819 2.0000 
3751 3752 1049 1.6852 0.2716 -11.2707 2.0251 0.1199 -11.5803 0.0300 0.4841 238.0000 23.8000 0.0000 8.7240 2.0000 
3752 3753 1049 2.0251 0.1199 -11.5803 2.3535 -0.0429 -11.8696 0.0300 0.4670 238.0000 23.8000 0.0000 9.5119 2.0000 
3753 3754 1049 2.3535 -0.0429 -11.8696 2.7265 -0.2560 -12.1620 0.0300 0.5196 238.0000 23.8000 0.0000 10.7391 2.0000 
3754 3755 1049 2.7265 -0.2560 -12.1620 2.9759 -0.3644 -12.3834 0.0300 0.3507 238.0000 23.8000 0.0000 12.0000 2.0000 
3390 3756 1050 1.4226 0.4096 -11.1775 1.6753 0.5722 -11.4304 0.0300 0.3928 238.0000 23.8000 0.0000 8.3349 2.0000 
3756 3757 1050 1.6753 0.5722 -11.4304 2.0374 0.7945 -11.7518 0.0300 0.5327 238.0000 23.8000 0.0000 9.4414 2.0000 
3757 3758 1050 2.0374 0.7945 -11.7518 2.4275 1.0367 -12.1069 0.0300 0.5805 238.0000 23.8000 0.0000 11.0662 2.0000 
3758 3759 1050 2.4275 1.0367 -12.1069 2.5964 1.1417 -12.2596 0.0300 0.2507 238.0000 23.8000 0.0000 12.0000 2.0000 
3391 3760 1051 1.4517 0.4053 -11.3699 1.7549 0.1408 -11.6431 0.0300 0.4863 238.0000 23.8000 0.0000 8.3613 2.0000 
3760 3761 1051 1.7549 0.1408 -11.6431 2.0373 -0.0709 -11.8833 0.0300 0.4269 238.0000 23.8000 0.0000 9.0443 2.0000 
3761 3762 1051 2.0373 -0.0709 -11.8833 2.3636 -0.2950 -12.1880 0.0300 0.4995 238.0000 23.8000 0.0000 10.0827 2.0000 
3762 3763 1051 2.3636 -0.2950 -12.1880 2.6490 -0.4636 -12.4782 0.0300 0.4406 238.0000 23.8000 0.0000 11.3939 2.0000 
3763 3764 1051 2.6490 -0.4636 -12.4782 2.7469 -0.5211 -12.5776 0.0300 0.1509 238.0000 23.8000 0.0000 12.0000 2.0000 
3392 3765 1052 1.4758 0.4015 -11.5683 1.6300 0.6756 -11.9435 0.0300 0.4896 238.0000 23.8000 0.0000 8.4096 2.0000 
3765 3766 1052 1.6300 0.6756 -11.9435 1.7870 0.9537 -12.3576 0.0300 0.5230 238.0000 23.8000 0.0000 9.2250 2.0000 
3766 3767 1052 1.7870 0.9537 -12.3576 1.9538 1.2290 -12.7996 0.0300 0.5467 238.0000 23.8000 0.0000 10.3557 2.0000 
3767 3768 1052 1.9538 1.2290 -12.7996 2.0283 1.3708 -13.0978 0.0300 0.3386 238.0000 23.8000 0.0000 11.3065 2.0000 
3768 3769 1052 2.0283 1.3708 -13.0978 2.0701 1.4498 -13.2698 0.0300 0.1938 238.0000 23.8000 0.0000 12.0000 2.0000 
3393 3770 1053 1.4945 0.4029 -11.7317 1.5503 0.0625 -12.0826 0.0300 0.4920 238.0000 23.8000 0.0000 8.5573 2.0000 
3770 3771 1053 1.5503 0.0625 -12.0826 1.5576 -0.2652 -12.4128 0.0300 0.4653 238.0000 23.8000 0.0000 9.3807 2.0000 
3771 3772 1053 1.5576 -0.2652 -12.4128 1.5490 -0.5772 -12.7703 0.0300 0.4745 238.0000 23.8000 0.0000 10.4522 2.0000 
3772 3773 1053 1.5490 -0.5772 -12.7703 1.5421 -0.9181 -13.1224 0.0300 0.4902 238.0000 23.8000 0.0000 12.0000 2.0000 
3394 3774 1054 1.5134 0.4031 -11.9165 1.2238 0.3628 -12.2987 0.0300 0.4812 238.0000 23.8000 0.0000 8.5058 2.0000 
3774 3775 1054 1.2238 0.3628 -12.2987 0.8999 0.2689 -12.7278 0.0300 0.5458 238.0000 23.8000 0.0000 9.3493 2.0000 
3775 3776 1054 0.8999 0.2689 -12.7278 0.5483 0.1726 -13.1941 0.0300 0.5918 238.0000 23.8000 0.0000 10.5863 2.0000 
3776 3777 1054 0.5483 0.1726 -13.1941 0.3109 0.0580 -13.5068 0.0300 0.4090 238.0000 23.8000 0.0000 11.8125 2.0000 
3777 3778 1054 0.3109 0.0580 -13.5068 0.2810 0.0444 -13.5452 0.0300 0.0506 238.0000 23.8000 0.0000 12.0000 2.0000 
3395 3779 1055 1.5215 0.3970 -12.1336 1.7655 0.5966 -12.4596 0.0300 0.4535 238.0000 23.8000 0.0000 8.6050 2.0000 
3779 3780 1055 1.7655 0.5966 -12.4596 2.0162 0.7984 -12.7912 0.0300 0.4621 238.0000 23.8000 0.0000 9.3839 2.0000 
3780 3781 1055 2.0162 0.7984 -12.7912 2.2688 0.9943 -13.1259 0.0300 0.4628 238.0000 23.8000 0.0000 10.3745 2.0000 
3781 3782 1055 2.2688 0.9943 -13.1259 2.5602 1.2077 -13.5141 0.0300 0.5303 238.0000 23.8000 0.0000 11.9816 2.0000 
3782 3783 1055 2.5602 1.2077 -13.5141 2.5628 1.2097 -13.5176 0.0300 0.0048 238.0000 23.8000 0.0000 12.0000 2.0000 
3396 3784 1056 1.5299 0.3923 -12.3232 1.1816 0.4014 -12.6481 0.0300 0.4764 238.0000 23.8000 0.0000 8.6462 2.0000 
3784 3785 1056 1.1816 0.4014 -12.6481 0.7935 0.3970 -13.0265 0.0300 0.5421 238.0000 23.8000 0.0000 9.5019 2.0000 
3785 3786 1056 0.7935 0.3970 -13.0265 0.5189 0.4263 -13.3557 0.0300 0.4297 238.0000 23.8000 0.0000 10.3679 2.0000 
3786 3787 1056 0.5189 0.4263 -13.3557 0.1814 0.4639 -13.7601 0.0300 0.5281 238.0000 23.8000 0.0000 11.8450 2.0000 
3787 3788 1056 0.1814 0.4639 -13.7601 0.1535 0.4670 -13.7935 0.0300 0.0436 238.0000 23.8000 0.0000 12.0000 2.0000 
3397 3789 1057 1.5375 0.3937 -12.5192 1.4375 0.0993 -12.8577 0.0300 0.4596 238.0000 23.8000 0.0000 8.6814 2.0000 
3789 3790 1057 1.4375 0.0993 -12.8577 1.3164 -0.1850 -13.2058 0.0300 0.4654 238.0000 23.8000 0.0000 9.4056 2.0000 
3790 3791 1057 1.3164 -0.1850 -13.2058 1.2292 -0.4328 -13.5347 0.0300 0.4210 238.0000 23.8000 0.0000 10.2413 2.0000 
3791 3792 1057 1.2292 -0.4328 -13.5347 1.1542 -0.7159 -13.8856 0.0300 0.4571 238.0000 23.8000 0.0000 11.4959 2.0000 
3792 3793 1057 1.1542 -0.7159 -13.8856 1.1314 -0.8002 -13.9933 0.0300 0.1387 238.0000 23.8000 0.0000 12.0000 2.0000 
3398 3794 1058 1.5525 0.3814 -12.7176 1.9070 0.4061 -13.0431 0.0300 0.4819 238.0000 23.8000 0.0000 8.8694 2.0000 
3794 3795 1058 1.9070 0.4061 -13.0431 2.1731 0.4593 -13.3008 0.0300 0.3742 238.0000 23.8000 0.0000 9.5345 2.0000 
3795 3796 1058 2.1731 0.4593 -13.3008 2.5135 0.5161 -13.6042 0.0300 0.4595 238.0000 23.8000 0.0000 10.5680 2.0000 
3796 3797 1058 2.5135 0.5161 -13.6042 2.8498 0.5617 -13.8853 0.0300 0.4407 238.0000 23.8000 0.0000 11.9556 2.0000 
3797 3798 1058 2.8498 0.5617 -13.8853 2.8585 0.5629 -13.8927 0.0300 0.0115 238.0000 23.8000 0.0000 12.0000 2.0000 
3399 3799 1059 1.5595 0.3672 -12.9062 1.8587 0.6273 -13.3411 0.0300 0.5884 238.0000 23.8000 0.0000 9.0975 2.0000 
3799 3800 1059 1.8587 0.6273 -13.3411 2.0780 0.8183 -13.6549 0.0300 0.4279 238.0000 23.8000 0.0000 9.8862 2.0000 
3800 3801 1059 2.0780 0.8183 -13.6549 2.2729 1.0503 -14.0367 0.0300 0.4875 238.0000 23.8000 0.0000 11.0415 2.0000 
3801 3802 1059 2.2729 1.0503 -14.0367 2.3991 1.2004 -14.2726 0.0300 0.3067 238.0000 23.8000 0.0000 12.0000 2.0000 
3400 3803 1060 1.5592 0.3536 -13.0985 1.2868 0.5304 -13.4154 0.0300 0.4538 238.0000 23.8000 0.0000 8.9572 2.0000 
3803 3804 1060 1.2868 0.5304 -13.4154 1.0080 0.7278 -13.7467 0.0300 0.4759 238.0000 23.8000 0.0000 9.8040 2.0000 
3804 3805 1060 1.0080 0.7278 -13.7467 0.6800 0.9191 -14.0504 0.0300 0.4863 238.0000 23.8000 0.0000 10.9019 2.0000 
3805 3806 1060 0.6800 0.9191 -14.0504 0.4282 1.0668 -14.2798 0.0300 0.3713 238.0000 23.8000 0.0000 12.0000 2.0000 
3401 3807 1061 1.5474 0.3312 -13.2964 1.4424 0.6522 -13.7785 0.0300 0.5886 238.0000 23.8000 0.0000 9.2663 2.0000 
3807 3808 1061 1.4424 0.6522 -13.7785 1.3777 0.8953 -14.1366 0.0300 0.4377 238.0000 23.8000 0.0000 10.1083 2.0000 
3808 3809 1061 1.3777 0.8953 -14.1366 1.2925 1.2234 -14.5323 0.0300 0.5210 238.0000 23.8000 0.0000 11.4041 2.0000 
3809 3810 1061 1.2925 1.2234 -14.5323 1.2480 1.3490 -14.6676 0.0300 0.1899 238.0000 23.8000 0.0000 12.0000 2.0000 
3402 3811 1062 1.5466 0.3121 -13.4764 1.1726 0.3652 -13.8530 0.0300 0.5335 238.0000 23.8000 0.0000 9.2220 2.0000 
3811 3812 1062 1.1726 0.3652 -13.8530 0.8472 0.4140 -14.1809 0.0300 0.4645 238.0000 23.8000 0.0000 10.1004 2.0000 
3812 3813 1062 0.8472 0.4140 -14.1809 0.5001 0.4320 -14.5305 0.0300 0.4930 238.0000 23.8000 0.0000 11.3198 2.0000 
3813 3814 1062 0.5001 0.4320 -14.5305 0.3466 0.4372 -14.6805 0.0300 0.2147 238.0000 23.8000 0.0000 12.0000 2.0000 
3403 3815 1063 1.5340 0.2834 -13.6693 1.7835 0.4588 -14.0820 0.0300 0.5132 238.0000 23.8000 0.0000 9.3162 2.0000 
3815 3816 1063 1.7835 0.4588 -14.0820 2.0240 0.6451 -14.4870 0.0300 0.5066 238.0000 23.8000 0.0000 10.3385 2.0000 
3816 3817 1063 2.0240 0.6451 -14.4870 2.3020 0.8415 -14.9083 0.0300 0.5416 238.0000 23.8000 0.0000 11.7716 2.0000 
3817 3818 1063 2.3020 0.8415 -14.9083 2.3363 0.8698 -14.9643 0.0300 0.0715 238.0000 23.8000 0.0000 12.0000 2.0000 
3404 3819 1064 1.5297 0.2592 -13.8663 1.5070 -0.0948 -14.1122 0.0300 0.4317 238.0000 23.8000 0.0000 8.9950 2.0000 
3819 3820 1064 1.5070 -0.0948 -14.1122 1.5082 -0.4992 -14.4154 0.0300 0.5054 238.0000 23.8000 0.0000 9.6487 2.0000 
3820 3821 1064 1.5082 -0.4992 -14.4154 1.4836 -0.8593 -14.7070 0.0300 0.4640 238.0000 23.8000 0.0000 10.4271 2.0000 
3821 3822 1064 1.4836 -0.8593 -14.7070 1.4500 -1.2473 -15.0062 0.0300 0.4912 238.0000 23.8000 0.0000 11.5974 2.0000 
3822 3823 1064 1.4500 -1.2473 -15.0062 1.4383 -1.3453 -15.0845 0.0300 0.1260 238.0000 23.8000 0.0000 12.0000 2.0000 
3405 3824 1065 1.5255 0.2454 -14.0654 1.6568 -0.0315 -14.3292 0.0300 0.4043 238.0000 23.8000 0.0000 9.1102 2.0000 
3824 3825 1065 1.6568 -0.0315 -14.3292 1.7851 -0.3124 -14.5635 0.0300 0.3877 238.0000 23.8000 0.0000 9.6954 2.0000 
3825 3826 1065 1.7851 -0.3124 -14.5635 1.8732 -0.5934 -14.8279 0.0300 0.3958 238.0000 23.8000 0.0000 10.4447 2.0000 
3826 3827 1065 1.8732 -0.5934 -14.8279 1.9622 -0.9085 -15.1181 0.0300 0.4375 238.0000 23.8000 0.0000 11.5836 2.0000 
3827 3828 1065 1.9622 -0.9085 -15.1181 1.9871 -0.9955 -15.1999 0.0300 0.1220 238.0000 23.8000 0.0000 12.0000 2.0000 
3406 3829 1066 1.5287 0.2318 -14.2471 1.6769 0.4901 -14.5801 0.0300 0.4467 238.0000 23.8000 0.0000 9.1431 2.0000 
3829 3830 1066 1.6769 0.4901 -14.5801 1.8265 0.7475 -14.9229 0.0300 0.4541 238.0000 23.8000 0.0000 9.7399 2.0000 
3830 3831 1066 1.8265 0.7475 -14.9229 1.9962 1.0178 -15.2668 0.0300 0.4692 238.0000 23.8000 0.0000 10.5396 2.0000 
3831 3832 1066 1.9962 1.0178 -15.2668 2.1305 1.2652 -15.5775 0.0300 0.4192 238.0000 23.8000 0.0000 11.5385 2.0000 
3832 3833 1066 2.1305 1.2652 -15.5775 2.1746 1.3548 -15.6849 0.0300 0.1466 238.0000 23.8000 0.0000 12.0000 2.0000 
3407 3834 1067 1.5330 0.2177 -14.4459 1.7476 0.4348 -14.7627 0.0300 0.4399 238.0000 23.8000 0.0000 9.2858 2.0000 
3834 3835 1067 1.7476 0.4348 -14.7627 2.0094 0.7032 -15.0878 0.0300 0.4963 238.0000 23.8000 0.0000 10.0495 2.0000 
3835 3836 1067 2.0094 0.7032 -15.0878 2.3175 0.9664 -15.4241 0.0300 0.5266 238.0000 23.8000 0.0000 11.1067 2.0000 
3836 3837 1067 2.3175 0.9664 -15.4241 2.5156 1.1479 -15.6217 0.0300 0.3335 238.0000 23.8000 0.0000 12.0000 2.0000 
3408 3838 1068 1.5445 0.2232 -14.6571 1.3255 -0.0103 -15.0104 0.0300 0.4768 238.0000 23.8000 0.0000 9.4370 2.0000 
3838 3839 1068 1.3255 -0.0103 -15.0104 1.1208 -0.2357 -15.3460 0.0300 0.4532 238.0000 23.8000 0.0000 10.1892 2.0000 
3839 3840 1068 1.1208 -0.2357 -15.3460 0.9350 -0.4668 -15.6763 0.0300 0.4438 238.0000 23.8000 0.0000 11.1450 2.0000 
3840 3841 1068 0.9350 -0.4668 -15.6763 0.8107 -0.6239 -15.9005 0.0300 0.3007 238.0000 23.8000 0.0000 12.0000 2.0000 
3409 3842 1069 1.5547 0.2294 -14.8483 1.3960 -0.0037 -15.1500 0.0300 0.4129 238.0000 23.8000 0.0000 9.3535 2.0000 
3842 3843 1069 1.3960 -0.0037 -15.1500 1.2126 -0.2740 -15.5152 0.0300 0.4900 238.0000 23.8000 0.0000 10.0630 2.0000 
3843 3844 1069 1.2126 -0.2740 -15.5152 1.0308 -0.5629 -15.9115 0.0300 0.5230 238.0000 23.8000 0.0000 11.0550 2.0000 
3844 3845 1069 1.0308 -0.5629 -15.9115 0.8900 -0.7730 -16.1750 0.0300 0.3653 238.0000 23.8000 0.0000 12.0000 2.0000 
3410 3846 1070 1.5643 0.2334 -15.0490 1.7431 0.0212 -15.2978 0.0300 0.3727 238.0000 23.8000 0.0000 9.4027 2.0000 
3846 3847 1070 1.7431 0.0212 -15.2978 2.0226 -0.2944 -15.6864 0.0300 0.5734 238.0000 23.8000 0.0000 10.3052 2.0000 
3847 3848 1070 2.0226 -0.2944 -15.6864 2.2804 -0.5413 -16.0030 0.0300 0.4771 238.0000 23.8000 0.0000 11.3057 2.0000 
3848 3849 1070 2.2804 -0.5413 -16.0030 2.4057 -0.6751 -16.1813 0.0300 0.2557 238.0000 23.8000 0.0000 12.0000 2.0000 
3411 3850 1071 1.5813 0.2443 -15.2591 1.4224 0.5359 -15.6672 0.0300 0.5262 238.0000 23.8000 0.0000 9.6973 2.0000 
3850 3851 1071 1.4224 0.5359 -15.6672 1.2874 0.7953 -16.0102 0.0300 0.4507 238.0000 23.8000 0.0000 10.4379 2.0000 
3851 3852 1071 1.2874 0.7953 -16.0102 1.0946 1.0838 -16.3940 0.0300 0.5174 238.0000 23.8000 0.0000 11.5442 2.0000 
3852 3853 1071 1.0946 1.0838 -16.3940 1.0314 1.1793 -16.5192 0.0300 0.1697 238.0000 23.8000 0.0000 12.0000 2.0000 
3412 3854 1072 1.5954 0.2537 -15.4587 1.5357 -0.0226 -15.7992 0.0300 0.4425 238.0000 23.8000 0.0000 9.6129 2.0000 
3854 3855 1072 1.5357 -0.0226 -15.7992 1.4565 -0.3143 -16.1645 0.0300 0.4742 238.0000 23.8000 0.0000 10.3283 2.0000 
3855 3856 1072 1.4565 -0.3143 -16.1645 1.3815 -0.6593 -16.5366 0.0300 0.5129 238.0000 23.8000 0.0000 11.3263 2.0000 
3856 3857 1072 1.3815 -0.6593 -16.5366 1.3426 -0.8429 -16.7293 0.0300 0.2690 238.0000 23.8000 0.0000 12.0000 2.0000 
3413 3858 1073 1.5969 0.2622 -15.6494 1.3255 0.3105 -15.9496 0.0300 0.4076 238.0000 23.8000 0.0000 9.6431 2.0000 
3858 3859 1073 1.3255 0.3105 -15.9496 0.9982 0.3721 -16.3449 0.0300 0.5169 238.0000 23.8000 0.0000 10.4347 2.0000 
3859 3860 1073 0.9982 0.3721 -16.3449 0.6526 0.4382 -16.7627 0.0300 0.5462 238.0000 23.8000 0.0000 11.5206 2.0000 
3860 3861 1073 0.6526 0.4382 -16.7627 0.5303 0.4616 -16.9104 0.0300 0.1932 238.0000 23.8000 0.0000 12.0000 2.0000 
3414 3862 1074 1.5967 0.2687 -15.8298 1.2458 0.2533 -16.2005 0.0300 0.5107 238.0000 23.8000 0.0000 9.8821 2.0000 
3862 3863 1074 1.2458 0.2533 -16.2005 0.9257 0.2248 -16.5215 0.0300 0.4542 238.0000 23.8000 0.0000 10.6562 2.0000 
3863 3864 1074 0.9257 0.2248 -16.5215 0.6363 0.1999 -16.8110 0.0300 0.4101 238.0000 23.8000 0.0000 11.5507 2.0000 
3864 3865 1074 0.6363 0.1999 -16.8110 0.5174 0.1897 -16.9299 0.0300 0.1684 238.0000 23.8000 0.0000 12.0000 2.0000 
3415 3866 1075 1.6033 0.2797 -16.0336 1.3448 -0.0148 -16.4062 0.0300 0.5408 238.0000 23.8000 0.0000 9.8749 2.0000 
3866 3867 1075 1.3448 -0.0148 -16.4062 1.1054 -0.3387 -16.7621 0.0300 0.5375 238.0000 23.8000 0.0000 10.6476 2.0000 
3867 3868 1075 1.1054 -0.3387 -16.7621 0.8894 -0.6175 -17.0795 0.0300 0.4745 238.0000 23.8000 0.0000 11.5302 2.0000 
3868 3869 1075 0.8894 -0.6175 -17.0795 0.7955 -0.7409 -17.2122 0.0300 0.2040 238.0000 23.8000 0.0000 12.0000 2.0000 
3416 3870 1076 1.6013 0.2915 -16.2251 1.8908 0.4534 -16.5675 0.0300 0.4766 238.0000 23.8000 0.0000 10.0197 2.0000 
3870 3871 1076 1.8908 0.4534 -16.5675 2.1604 0.6146 -16.8938 0.0300 0.4530 238.0000 23.8000 0.0000 10.8392 2.0000 
3871 3872 1076 2.1604 0.6146 -16.8938 2.4413 0.7854 -17.2581 0.0300 0.4907 238.0000 23.8000 0.0000 11.9837 2.0000 
3872 3873 1076 2.4413 0.7854 -17.2581 2.4447 0.7875 -17.2625 0.0300 0.0060 238.0000 23.8000 0.0000 12.0000 2.0000 
3417 3874 1077 1.5996 0.3048 -16.4384 1.4684 0.6438 -16.7704 0.0300 0.4923 238.0000 23.8000 0.0000 9.9483 2.0000 
3874 3875 1077 1.4684 0.6438 -16.7704 1.3083 1.0461 -17.1628 0.0300 0.5843 238.0000 23.8000 0.0000 10.7788 2.0000 
3875 3876 1077 1.3083 1.0461 -17.1628 1.1674 1.3902 -17.4953 0.0300 0.4989 238.0000 23.8000 0.0000 11.7071 2.0000 
3876 3877 1077 1.1674 1.3902 -17.4953 1.1305 1.4756 -17.5864 0.0300 0.1301 238.0000 23.8000 0.0000 12.0000 2.0000 
3418 3878 1078 1.6060 0.3293 -16.6419 1.5978 0.6835 -16.9000 0.0300 0.4383 238.0000 23.8000 0.0000 10.0350 2.0000 
3878 3879 1078 1.5978 0.6835 -16.9000 1.5775 1.0778 -17.1898 0.0300 0.4898 238.0000 23.8000 0.0000 10.8239 2.0000 
3879 3880 1078 1.5775 1.0778 -17.1898 1.5510 1.4436 -17.4601 0.0300 0.4556 238.0000 23.8000 0.0000 11.7534 2.0000 
3880 3881 1078 1.5510 1.4436 -17.4601 1.5457 1.5260 -17.5208 0.0300 0.1025 238.0000 23.8000 0.0000 12.0000 2.0000 
3419 3882 1079 1.6098 0.3569 -16.8216 1.6258 0.7440 -17.0963 0.0300 0.4749 238.0000 23.8000 0.0000 10.2306 2.0000 
3882 3883 1079 1.6258 0.7440 -17.0963 1.6409 1.1426 -17.3861 0.0300 0.4930 238.0000 23.8000 0.0000 11.1512 2.0000 
3883 3884 1079 1.6409 1.1426 -17.3861 1.6739 1.4048 -17.6346 0.0300 0.3628 238.0000 23.8000 0.0000 12.0000 2.0000 
3420 3885 1080 1.6141 0.3813 -17.0278 1.5293 0.6950 -17.3146 0.0300 0.4334 238.0000 23.8000 0.0000 10.1572 2.0000 
3885 3886 1080 1.5293 0.6950 -17.3146 1.4217 0.9931 -17.5901 0.0300 0.4199 238.0000 23.8000 0.0000 10.8302 2.0000 
3886 3887 1080 1.4217 0.9931 -17.5901 1.3178 1.2986 -17.8690 0.0300 0.4265 238.0000 23.8000 0.0000 11.6856 2.0000 
3887 3888 1080 1.3178 1.2986 -17.8690 1.2862 1.3914 -17.9570 0.0300 0.1317 238.0000 23.8000 0.0000 12.0000 2.0000 
3421 3889 1081 1.6181 0.4032 -17.2187 1.4104 0.6126 -17.5057 0.0300 0.4116 238.0000 23.8000 0.0000 10.1992 2.0000 
3889 3890 1081 1.4104 0.6126 -17.5057 1.2337 0.8460 -17.8111 0.0300 0.4231 238.0000 23.8000 0.0000 10.8764 2.0000 
3890 3891 1081 1.2337 0.8460 -17.8111 1.0285 1.1166 -18.1661 0.0300 0.4912 238.0000 23.8000 0.0000 11.8617 2.0000 
3891 3892 1081 1.0285 1.1166 -18.1661 1.0041 1.1499 -18.2082 0.0300 0.0589 238.0000 23.8000 0.0000 12.0000 2.0000 
3422 3893 1082 1.6181 0.4243 -17.4219 1.2703 0.3974 -17.7903 0.0300 0.5074 238.0000 23.8000 0.0000 10.4036 2.0000 
3893 3894 1082 1.2703 0.3974 -17.7903 0.9380 0.3701 -18.1248 0.0300 0.4722 238.0000 23.8000 0.0000 11.1941 2.0000 
3894 3895 1082 0.9380 0.3701 -18.1248 0.6781 0.3432 -18.4102 0.0300 0.3870 238.0000 23.8000 0.0000 12.0000 2.0000 
3423 3896 1083 1.6187 0.4439 -17.6320 1.3913 0.6191 -17.8860 0.0300 0.3834 238.0000 23.8000 0.0000 10.3165 2.0000 
3896 3897 1083 1.3913 0.6191 -17.8860 1.0744 0.8524 -18.2245 0.0300 0.5191 238.0000 23.8000 0.0000 11.1888 2.0000 
3897 3898 1083 1.0744 0.8524 -18.2245 0.8385 1.0146 -18.4853 0.0300 0.3872 238.0000 23.8000 0.0000 12.0000 2.0000 
3424 3899 1084 1.6188 0.4607 -17.8229 1.3514 0.4208 -18.1099 0.0300 0.3943 238.0000 23.8000 0.0000 10.2973 2.0000 
3899 3900 1084 1.3514 0.4208 -18.1099 1.0609 0.3919 -18.4246 0.0300 0.4292 238.0000 23.8000 0.0000 10.8993 2.0000 
3900 3901 1084 1.0609 0.3919 -18.4246 0.7941 0.3564 -18.7315 0.0300 0.4082 238.0000 23.8000 0.0000 11.6350 2.0000 
3901 3902 1084 0.7941 0.3564 -18.7315 0.6849 0.3424 -18.8534 0.0300 0.1642 238.0000 23.8000 0.0000 12.0000 2.0000 
3425 3903 1085 1.6228 0.4760 -18.0209 1.7872 0.8090 -18.3439 0.0300 0.4922 238.0000 23.8000 0.0000 10.5814 2.0000 
3903 3904 1085 1.7872 0.8090 -18.3439 1.9685 1.1036 -18.6315 0.0300 0.4499 238.0000 23.8000 0.0000 11.3235 2.0000 
3904 3905 1085 1.9685 1.1036 -18.6315 2.1013 1.3276 -18.8487 0.0300 0.3390 238.0000 23.8000 0.0000 12.0000 2.0000 
3426 3906 1086 1.6292 0.4964 -18.2149 1.4889 0.8656 -18.5591 0.0300 0.5239 238.0000 23.8000 0.0000 10.7045 2.0000 
3906 3907 1086 1.4889 0.8656 -18.5591 1.3267 1.2636 -18.9405 0.0300 0.5746 238.0000 23.8000 0.0000 11.6997 2.0000 
3907 3908 1086 1.3267 1.2636 -18.9405 1.2832 1.3649 -19.0375 0.0300 0.1469 238.0000 23.8000 0.0000 12.0000 2.0000 
3427 3909 1087 1.6341 0.5149 -18.4152 1.3852 0.3174 -18.8327 0.0300 0.5247 238.0000 23.8000 0.0000 10.7209 2.0000 
3909 3910 1087 1.3852 0.3174 -18.8327 1.1368 0.1127 -19.2483 0.0300 0.5257 238.0000 23.8000 0.0000 11.5660 2.0000 
3910 3911 1087 1.1368 0.1127 -19.2483 1.0204 0.0237 -19.4188 0.0300 0.2248 238.0000 23.8000 0.0000 12.0000 2.0000 
3428 3912 1088 1.6434 0.5358 -18.6217 1.3521 0.4940 -18.9706 0.0300 0.4564 238.0000 23.8000 0.0000 10.6772 2.0000 
3912 3913 1088 1.3521 0.4940 -18.9706 1.0643 0.4402 -19.3476 0.0300 0.4773 238.0000 23.8000 0.0000 11.4013 2.0000 
3913 3914 1088 1.0643 0.4402 -19.3476 0.8831 0.3939 -19.6088 0.0300 0.3213 238.0000 23.8000 0.0000 12.0000 2.0000 
3429 3915 1089 1.6501 0.5474 -18.8153 1.4403 0.8148 -19.1230 0.0300 0.4585 238.0000 23.8000 0.0000 10.7609 2.0000 
3915 3916 1089 1.4403 0.8148 -19.1230 1.1795 1.1724 -19.4970 0.0300 0.5795 238.0000 23.8000 0.0000 11.6685 2.0000 
3916 3917 1089 1.1795 1.1724 -19.4970 1.0987 1.2805 -19.6133 0.0300 0.1782 238.0000 23.8000 0.0000 12.0000 2.0000 
3430 3918 1090 1.6400 0.5549 -19.0162 1.7198 0.2033 -19.3910 0.0300 0.5200 238.0000 23.8000 0.0000 10.9567 2.0000 
3918 3919 1090 1.7198 0.2033 -19.3910 1.7945 -0.1582 -19.7668 0.0300 0.5268 238.0000 23.8000 0.0000 11.8530 2.0000 
3919 3920 1090 1.7945 -0.1582 -19.7668 1.8054 -0.2102 -19.8198 0.0300 0.0750 238.0000 23.8000 0.0000 12.0000 2.0000 
3431 3921 1091 1.6329 0.5647 -19.2174 1.7812 0.8851 -19.5594 0.0300 0.4915 238.0000 23.8000 0.0000 10.8586 2.0000 
3921 3922 1091 1.7812 0.8851 -19.5594 1.9033 1.2075 -19.8844 0.0300 0.4738 238.0000 23.8000 0.0000 11.5049 2.0000 
3922 3923 1091 1.9033 1.2075 -19.8844 1.9787 1.4060 -20.0960 0.0300 0.2998 238.0000 23.8000 0.0000 12.0000 2.0000 
3432 3924 1092 1.6295 0.5693 -19.4064 1.8738 0.4209 -19.7268 0.0300 0.4294 238.0000 23.8000 0.0000 10.8454 2.0000 
3924 3925 1092 1.8738 0.4209 -19.7268 2.1635 0.2504 -20.0753 0.0300 0.4842 238.0000 23.8000 0.0000 11.4924 2.0000 
3925 3926 1092 2.1635 0.2504 -20.0753 2.3513 0.1403 -20.2972 0.0300 0.3108 238.0000 23.8000 0.0000 12.0000 2.0000 
3433 3927 1093 1.6194 0.5741 -19.5912 1.3673 0.3605 -19.9126 0.0300 0.4609 238.0000 23.8000 0.0000 11.0316 2.0000 
3927 3928 1093 1.3673 0.3605 -19.9126 1.1049 0.1477 -20.2415 0.0300 0.4714 238.0000 23.8000 0.0000 11.7859 2.0000 
3928 3929 1093 1.1049 0.1477 -20.2415 1.0392 0.0939 -20.3187 0.0300 0.1148 238.0000 23.8000 0.0000 12.0000 2.0000 
3434 3930 1094 1.6162 0.5755 -19.7836 1.8911 0.5787 -20.0760 0.0300 0.4014 238.0000 23.8000 0.0000 11.0417 2.0000 
3930 3931 1094 1.8911 0.5787 -20.0760 2.2240 0.5766 -20.4267 0.0300 0.4835 238.0000 23.8000 0.0000 11.8279 2.0000 
3931 3932 1094 2.2240 0.5766 -20.4267 2.2882 0.5767 -20.4933 0.0300 0.0925 238.0000 23.8000 0.0000 12.0000 2.0000 
3435 3933 1095 1.6136 0.5834 -19.9826 1.7102 0.3719 -20.2420 0.0300 0.3483 238.0000 23.8000 0.0000 11.0226 2.0000 
3933 3934 1095 1.7102 0.3719 -20.2420 1.8921 -0.0046 -20.5618 0.0300 0.5264 238.0000 23.8000 0.0000 11.8491 2.0000 
3934 3935 1095 1.8921 -0.0046 -20.5618 1.9205 -0.0645 -20.6127 0.0300 0.0836 238.0000 23.8000 0.0000 12.0000 2.0000 
3436 3936 1096 1.6118 0.5887 -20.1642 1.9801 0.6167 -20.5407 0.0300 0.5274 238.0000 23.8000 0.0000 11.3705 2.0000 
3936 3937 1096 1.9801 0.6167 -20.5407 2.2420 0.6459 -20.8034 0.0300 0.3721 238.0000 23.8000 0.0000 12.0000 2.0000 
3437 3938 1097 1.6212 0.5957 -20.3694 1.5854 0.9168 -20.6911 0.0300 0.4559 238.0000 23.8000 0.0000 11.3662 2.0000 
3938 3939 1097 1.5854 0.9168 -20.6911 1.5576 1.1687 -20.9431 0.0300 0.3574 238.0000 23.8000 0.0000 12.0000 2.0000 
3438 3940 1098 1.6275 0.6041 -20.5617 1.7468 0.3264 -20.8958 0.0300 0.4505 238.0000 23.8000 0.0000 11.4154 2.0000 
3940 3941 1098 1.7468 0.3264 -20.8958 1.8341 0.1124 -21.1470 0.0300 0.3414 238.0000 23.8000 0.0000 12.0000 2.0000 
3439 3942 1099 1.6334 0.6102 -20.7542 1.8614 0.4130 -21.0466 0.0300 0.4200 238.0000 23.8000 0.0000 11.4484 2.0000 
3942 3943 1099 1.8614 0.4130 -21.0466 2.0515 0.2844 -21.2644 0.0300 0.3164 238.0000 23.8000 0.0000 12.0000 2.0000 
3440 3944 1100 1.6411 0.6135 -20.9613 1.3672 0.7743 -21.2990 0.0300 0.4635 238.0000 23.8000 0.0000 11.6332 2.0000 
3944 3945 1100 1.3672 0.7743 -21.2990 1.2505 0.8436 -21.4461 0.0300 0.2002 238.0000 23.8000 0.0000 12.0000 2.0000 
3441 3946 1101 1.6410 0.6197 -21.1623 1.6902 1.0077 -21.5231 0.0300 0.5321 238.0000 23.8000 0.0000 11.6924 2.0000 
3946 3947 1101 1.6902 1.0077 -21.5231 1.7086 1.1509 -21.6548 0.0300 0.1954 238.0000 23.8000 0.0000 12.0000 2.0000 
3442 3948 1102 1.6323 0.6245 -21.3574 2.0128 0.5320 -21.7081 0.0300 0.5257 238.0000 23.8000 0.0000 11.7211 2.0000 
3948 3949 1102 2.0128 0.5320 -21.7081 2.1433 0.4972 -21.8350 0.0300 0.1853 238.0000 23.8000 0.0000 12.0000 2.0000 
3443 3950 1103 1.6346 0.6338 -21.5799 1.6683 0.2972 -21.9540 0.0300 0.5044 238.0000 23.8000 0.0000 11.7488 2.0000 
3950 3951 1103 1.6683 0.2972 -21.9540 1.6822 0.1851 -22.0842 0.0300 0.1723 238.0000 23.8000 0.0000 12.0000 2.0000 
3444 3952 1104 1.6423 0.6340 -21.7776 1.8506 0.8700 -22.0543 0.0300 0.4191 238.0000 23.8000 0.0000 11.7837 2.0000 
3952 3953 1104 1.8506 0.8700 -22.0543 1.9092 0.9529 -22.1412 0.0300 0.1335 238.0000 23.8000 0.0000 12.0000 2.0000 
3445 3954 1105 1.6511 0.6341 -22.0013 1.5012 0.3668 -22.3695 0.0300 0.4791 238.0000 23.8000 0.0000 11.9007 2.0000 
3954 3955 1105 1.5012 0.3668 -22.3695 1.4802 0.3325 -22.4205 0.0300 0.0649 238.0000 23.8000 0.0000 12.0000 2.0000 
3446 3956 1106 1.6594 0.6342 -22.2198 2.0116 0.7460 -22.5272 0.0300 0.4806 238.0000 23.8000 0.0000 11.9217 2.0000 
3956 3957 1106 2.0116 0.7460 -22.5272 2.0526 0.7586 -22.5640 0.0300 0.0566 238.0000 23.8000 0.0000 12.0000 2.0000 
3447 3958 1107 1.6763 0.6401 -22.4222 1.9480 0.8050 -22.7289 0.0300 0.4418 238.0000 23.8000 0.0000 12.0000 2.0000 
3448 3959 1108 1.6834 0.6455 -22.5965 1.9698 0.5038 -22.8556 0.0300 0.4113 238.0000 23.8000 0.0000 11.9672 2.0000 
3959 3960 1108 1.9698 0.5038 -22.8556 1.9866 0.4954 -22.8704 0.0300 0.0240 238.0000 23.8000 0.0000 12.0000 2.0000 
3449 3961 1109 1.6917 0.6504 -22.7817 1.5864 0.9012 -23.0598 0.0300 0.3890 238.0000 23.8000 0.0000 12.0000 2.0000 
3450 3962 1110 1.6943 0.6561 -22.9868 1.9464 0.6263 -23.2484 0.0300 0.3645 238.0000 23.8000 0.0000 12.0000 2.0000 
3451 3963 1111 1.6965 0.6596 -23.1971 1.5831 0.4953 -23.3891 0.0300 0.2770 238.0000 23.8000 0.0000 12.0000 2.0000 
3452 3964 1112 1.6956 0.6635 -23.4003 1.6184 0.5361 -23.5591 0.0300 0.2177 238.0000 23.8000 0.0000 12.0000 2.0000 
3453 3965 1113 1.6984 0.6675 -23.6126 1.8198 0.7182 -23.7423 0.0300 0.1848 238.0000 23.8000 0.0000 12.0000 2.0000 
3454 3966 1114 1.7002 0.6676 -23.7986 1.7835 0.6478 -23.8853 0.0300 0.1218 238.0000 23.8000 0.0000 12.0000 2.0000 
3455 3967 1115 1.7006 0.6649 -24.0046 1.7045 0.7064 -24.0500 0.0300 0.0617 238.0000 23.8000 0.0000 12.0000 2.0000 
3456 3968 1116 1.7017 0.6522 -24.2140 1.7012 0.6508 -24.2154 0.0300 0.0021 238.0000 23.8000 0.0000 12.0000 2.0000 
