node1ID node2ID branchID x1 y1 z1 x2 y2 z2 radius length R G B time type 
0 1 0 0.0000 0.0000 -3.0000 0.0129 0.0170 -3.1989 0.0543 0.2000 0.4314 0.3922 0.1961 0.1531 1.0000 
1 2 0 0.0129 0.0170 -3.1989 0.0218 0.0256 -3.2987 0.0543 0.1006 0.4314 0.3922 0.1961 0.2303 1.0000 
2 3 0 0.0218 0.0256 -3.2987 0.0297 0.0272 -3.4680 0.0543 0.1696 0.4314 0.3922 0.1961 0.3608 1.0000 
3 4 0 0.0297 0.0272 -3.4680 0.0313 0.0328 -3.6680 0.0543 0.2000 0.4314 0.3922 0.1961 0.5152 1.0000 
4 5 0 0.0313 0.0328 -3.6680 0.0204 0.0431 -3.7535 0.0543 0.0868 0.4314 0.3922 0.1961 0.5825 1.0000 
5 6 0 0.0204 0.0431 -3.7535 0.0248 0.0490 -3.9533 0.0543 0.2000 0.4314 0.3922 0.1961 0.7378 1.0000 
6 7 0 0.0248 0.0490 -3.9533 0.0274 0.0462 -4.0282 0.0543 0.0750 0.4314 0.3922 0.1961 0.7961 1.0000 
7 8 0 0.0274 0.0462 -4.0282 0.0238 0.0451 -4.1365 0.0543 0.1084 0.4314 0.3922 0.1961 0.8807 1.0000 
8 9 0 0.0238 0.0451 -4.1365 0.0219 0.0418 -4.3365 0.0543 0.2000 0.4314 0.3922 0.1961 1.0371 1.0000 
9 10 0 0.0219 0.0418 -4.3365 0.0208 0.0416 -4.3718 0.0543 0.0353 0.4314 0.3922 0.1961 1.0648 1.0000 
10 11 0 0.0208 0.0416 -4.3718 0.0150 0.0461 -4.5302 0.0543 0.1585 0.4314 0.3922 0.1961 1.1894 1.0000 
11 12 0 0.0150 0.0461 -4.5302 0.0189 0.0369 -4.7201 0.0543 0.1903 0.4314 0.3922 0.1961 1.3393 1.0000 
12 13 0 0.0189 0.0369 -4.7201 -0.0054 0.0439 -4.8918 0.0543 0.1735 0.4314 0.3922 0.1961 1.4766 1.0000 
13 14 0 -0.0054 0.0439 -4.8918 -0.0239 0.0441 -5.0910 0.0543 0.2000 0.4314 0.3922 0.1961 1.6354 1.0000 
14 15 0 -0.0239 0.0441 -5.0910 -0.0265 0.0450 -5.1461 0.0543 0.0552 0.4314 0.3922 0.1961 1.6793 1.0000 
15 16 0 -0.0265 0.0450 -5.1461 -0.0336 0.0399 -5.2430 0.0543 0.0974 0.4314 0.3922 0.1961 1.7569 1.0000 
16 17 0 -0.0336 0.0399 -5.2430 -0.0377 0.0368 -5.4091 0.0543 0.1662 0.4314 0.3922 0.1961 1.8897 1.0000 
17 18 0 -0.0377 0.0368 -5.4091 -0.0315 0.0330 -5.5644 0.0543 0.1554 0.4314 0.3922 0.1961 2.0144 1.0000 
18 19 0 -0.0315 0.0330 -5.5644 -0.0309 0.0238 -5.7388 0.0543 0.1746 0.4314 0.3922 0.1961 2.1549 1.0000 
19 20 0 -0.0309 0.0238 -5.7388 -0.0204 0.0193 -5.9385 0.0543 0.2000 0.4314 0.3922 0.1961 2.3163 1.0000 
20 21 0 -0.0204 0.0193 -5.9385 -0.0152 0.0258 -6.0225 0.0543 0.0844 0.4314 0.3922 0.1961 2.3847 1.0000 
21 22 0 -0.0152 0.0258 -6.0225 -0.0102 0.0403 -6.2032 0.0543 0.1814 0.4314 0.3922 0.1961 2.5320 1.0000 
22 23 0 -0.0102 0.0403 -6.2032 0.0069 0.0573 -6.4018 0.0543 0.2000 0.4314 0.3922 0.1961 2.6950 1.0000 
23 24 0 0.0069 0.0573 -6.4018 0.0071 0.0576 -6.4084 0.0543 0.0067 0.4314 0.3922 0.1961 2.7004 1.0000 
24 25 0 0.0071 0.0576 -6.4084 0.0223 0.0573 -6.6079 0.0543 0.2000 0.4314 0.3922 0.1961 2.8641 1.0000 
25 26 0 0.0223 0.0573 -6.6079 0.0304 0.0554 -6.6829 0.0543 0.0755 0.4314 0.3922 0.1961 2.9261 1.0000 
26 27 0 0.0304 0.0554 -6.6829 0.0468 0.0521 -6.8312 0.0543 0.1492 0.4314 0.3922 0.1961 3.0488 1.0000 
27 28 0 0.0468 0.0521 -6.8312 0.0766 0.0531 -7.0289 0.0543 0.2000 0.4314 0.3922 0.1961 3.2139 1.0000 
28 29 0 0.0766 0.0531 -7.0289 0.0816 0.0502 -7.1049 0.0543 0.0762 0.4314 0.3922 0.1961 3.2770 1.0000 
29 30 0 0.0816 0.0502 -7.1049 0.0828 0.0462 -7.2046 0.0543 0.0997 0.4314 0.3922 0.1961 3.3597 1.0000 
30 31 0 0.0828 0.0462 -7.2046 0.0843 0.0432 -7.3225 0.0543 0.1180 0.4314 0.3922 0.1961 3.4578 1.0000 
31 32 0 0.0843 0.0432 -7.3225 0.1042 0.0415 -7.5215 0.0543 0.2000 0.4314 0.3922 0.1961 3.6246 1.0000 
32 33 0 0.1042 0.0415 -7.5215 0.1185 0.0222 -7.6854 0.0543 0.1657 0.4314 0.3922 0.1961 3.7633 1.0000 
33 34 0 0.1185 0.0222 -7.6854 0.1318 -0.0133 -7.8818 0.0543 0.2000 0.4314 0.3922 0.1961 3.9314 1.0000 
34 35 0 0.1318 -0.0133 -7.8818 0.1373 -0.0357 -8.0511 0.0543 0.1709 0.4314 0.3922 0.1961 4.0755 1.0000 
35 36 0 0.1373 -0.0357 -8.0511 0.1265 -0.0286 -8.2507 0.0543 0.2000 0.4314 0.3922 0.1961 4.2449 1.0000 
36 37 0 0.1265 -0.0286 -8.2507 0.1266 -0.0284 -8.2716 0.0543 0.0209 0.4314 0.3922 0.1961 4.2627 1.0000 
37 38 0 0.1266 -0.0284 -8.2716 0.1298 -0.0276 -8.4163 0.0543 0.1447 0.4314 0.3922 0.1961 4.3857 1.0000 
38 39 0 0.1298 -0.0276 -8.4163 0.1249 -0.0364 -8.6160 0.0543 0.2000 0.4314 0.3922 0.1961 4.5564 1.0000 
39 40 0 0.1249 -0.0364 -8.6160 0.1247 -0.0368 -8.6240 0.0543 0.0079 0.4314 0.3922 0.1961 4.5632 1.0000 
40 41 0 0.1247 -0.0368 -8.6240 0.1191 -0.0488 -8.7739 0.0543 0.1506 0.4314 0.3922 0.1961 4.6922 1.0000 
41 42 0 0.1191 -0.0488 -8.7739 0.1219 -0.0526 -8.8701 0.0543 0.0963 0.4314 0.3922 0.1961 4.7749 1.0000 
42 43 0 0.1219 -0.0526 -8.8701 0.1329 -0.0688 -9.0692 0.0543 0.2000 0.4314 0.3922 0.1961 4.9472 1.0000 
43 44 0 0.1329 -0.0688 -9.0692 0.1362 -0.0738 -9.1288 0.0543 0.0599 0.4314 0.3922 0.1961 4.9990 1.0000 
44 45 0 0.1362 -0.0738 -9.1288 0.1425 -0.0725 -9.2855 0.0543 0.1569 0.4314 0.3922 0.1961 5.1348 1.0000 
45 46 0 0.1425 -0.0725 -9.2855 0.1509 -0.0769 -9.4853 0.0543 0.2000 0.4314 0.3922 0.1961 5.3087 1.0000 
46 47 0 0.1509 -0.0769 -9.4853 0.1530 -0.0771 -9.5701 0.0543 0.0848 0.4314 0.3922 0.1961 5.3827 1.0000 
47 48 0 0.1530 -0.0771 -9.5701 0.1546 -0.0767 -9.6559 0.0543 0.0858 0.4314 0.3922 0.1961 5.4577 1.0000 
48 49 0 0.1546 -0.0767 -9.6559 0.1619 -0.0629 -9.7852 0.0543 0.1303 0.4314 0.3922 0.1961 5.5718 1.0000 
49 50 0 0.1619 -0.0629 -9.7852 0.1536 -0.0399 -9.9492 0.0543 0.1658 0.4314 0.3922 0.1961 5.7174 1.0000 
50 51 0 0.1536 -0.0399 -9.9492 0.1478 -0.0225 -10.0708 0.0543 0.1229 0.4314 0.3922 0.1961 5.8258 1.0000 
51 52 0 0.1478 -0.0225 -10.0708 0.1313 -0.0063 -10.2694 0.0543 0.2000 0.4314 0.3922 0.1961 6.0027 1.0000 
52 53 0 0.1313 -0.0063 -10.2694 0.1227 0.0024 -10.3712 0.0543 0.1026 0.4314 0.3922 0.1961 6.0937 1.0000 
53 54 0 0.1227 0.0024 -10.3712 0.1243 0.0272 -10.5634 0.0543 0.1938 0.4314 0.3922 0.1961 6.2662 1.0000 
54 55 0 0.1243 0.0272 -10.5634 0.1228 0.0331 -10.6688 0.0543 0.1056 0.4314 0.3922 0.1961 6.3605 1.0000 
55 56 0 0.1228 0.0331 -10.6688 0.1101 0.0554 -10.8672 0.0543 0.2000 0.4314 0.3922 0.1961 6.5398 1.0000 
56 57 0 0.1101 0.0554 -10.8672 0.1096 0.0572 -10.8820 0.0543 0.0150 0.4314 0.3922 0.1961 6.5532 1.0000 
57 58 0 0.1096 0.0572 -10.8820 0.0945 0.0823 -11.0799 0.0543 0.2000 0.4314 0.3922 0.1961 6.7333 1.0000 
58 59 0 0.0945 0.0823 -11.0799 0.0731 0.0932 -11.2369 0.0543 0.1588 0.4314 0.3922 0.1961 6.8769 1.0000 
59 60 0 0.0731 0.0932 -11.2369 0.0657 0.0646 -11.4027 0.0543 0.1684 0.4314 0.3922 0.1961 7.0298 1.0000 
60 61 0 0.0657 0.0646 -11.4027 0.0559 0.0319 -11.5998 0.0543 0.2000 0.4314 0.3922 0.1961 7.2120 1.0000 
61 62 0 0.0559 0.0319 -11.5998 0.0537 0.0291 -11.6203 0.0543 0.0209 0.4314 0.3922 0.1961 7.2311 1.0000 
62 63 0 0.0537 0.0291 -11.6203 0.0222 0.0088 -11.8168 0.0543 0.2000 0.4314 0.3922 0.1961 7.4143 1.0000 
63 64 0 0.0222 0.0088 -11.8168 0.0153 0.0040 -11.8690 0.0543 0.0528 0.4314 0.3922 0.1961 7.4628 1.0000 
64 65 0 0.0153 0.0040 -11.8690 -0.0252 -0.0057 -12.0646 0.0543 0.2000 0.4314 0.3922 0.1961 7.6471 1.0000 
65 66 0 -0.0252 -0.0057 -12.0646 -0.0330 -0.0174 -12.1691 0.0543 0.1054 0.4314 0.3922 0.1961 7.7445 1.0000 
66 67 0 -0.0330 -0.0174 -12.1691 -0.0412 -0.0294 -12.2626 0.0543 0.0946 0.4314 0.3922 0.1961 7.8322 1.0000 
67 68 0 -0.0412 -0.0294 -12.2626 -0.0638 -0.0594 -12.4590 0.0543 0.2000 0.4314 0.3922 0.1961 8.0181 1.0000 
68 69 0 -0.0638 -0.0594 -12.4590 -0.0525 -0.0824 -12.5964 0.0543 0.1398 0.4314 0.3922 0.1961 8.1485 1.0000 
69 70 0 -0.0525 -0.0824 -12.5964 -0.0487 -0.1120 -12.7942 0.0543 0.2000 0.4314 0.3922 0.1961 8.3359 1.0000 
70 71 0 -0.0487 -0.1120 -12.7942 -0.0624 -0.1391 -12.9500 0.0543 0.1587 0.4314 0.3922 0.1961 8.4853 1.0000 
71 72 0 -0.0624 -0.1391 -12.9500 -0.0584 -0.1751 -13.1467 0.0543 0.2000 0.4314 0.3922 0.1961 8.6742 1.0000 
72 73 0 -0.0584 -0.1751 -13.1467 -0.0550 -0.1784 -13.2287 0.0543 0.0822 0.4314 0.3922 0.1961 8.7522 1.0000 
73 74 0 -0.0550 -0.1784 -13.2287 -0.0392 -0.1948 -13.4274 0.0543 0.2000 0.4314 0.3922 0.1961 8.9424 1.0000 
74 75 0 -0.0392 -0.1948 -13.4274 -0.0362 -0.1973 -13.4630 0.0543 0.0358 0.4314 0.3922 0.1961 8.9765 1.0000 
75 76 0 -0.0362 -0.1973 -13.4630 -0.0238 -0.2179 -13.6616 0.0543 0.2000 0.4314 0.3922 0.1961 9.1678 1.0000 
76 77 0 -0.0238 -0.2179 -13.6616 -0.0230 -0.2186 -13.6884 0.0543 0.0269 0.4314 0.3922 0.1961 9.1936 1.0000 
77 78 0 -0.0230 -0.2186 -13.6884 -0.0069 -0.2158 -13.8224 0.0543 0.1350 0.4314 0.3922 0.1961 9.3233 1.0000 
78 79 0 -0.0069 -0.2158 -13.8224 -0.0055 -0.2036 -13.9289 0.0543 0.1072 0.4314 0.3922 0.1961 9.4266 1.0000 
79 80 0 -0.0055 -0.2036 -13.9289 -0.0135 -0.1837 -14.1278 0.0543 0.2000 0.4314 0.3922 0.1961 9.6200 1.0000 
80 81 0 -0.0135 -0.1837 -14.1278 -0.0138 -0.1822 -14.1423 0.0543 0.0146 0.4314 0.3922 0.1961 9.6342 1.0000 
81 82 0 -0.0138 -0.1822 -14.1423 -0.0154 -0.1666 -14.3417 0.0543 0.2000 0.4314 0.3922 0.1961 9.8286 1.0000 
82 83 0 -0.0154 -0.1666 -14.3417 -0.0158 -0.1640 -14.3727 0.0543 0.0311 0.4314 0.3922 0.1961 9.8589 1.0000 
83 84 0 -0.0158 -0.1640 -14.3727 -0.0164 -0.1620 -14.3985 0.0543 0.0259 0.4314 0.3922 0.1961 9.8842 1.0000 
84 85 0 -0.0164 -0.1620 -14.3985 -0.0182 -0.1551 -14.5984 0.0543 0.2000 0.4314 0.3922 0.1961 10.0799 1.0000 
85 86 0 -0.0182 -0.1551 -14.5984 -0.0187 -0.1542 -14.6326 0.0543 0.0342 0.4314 0.3922 0.1961 10.1134 1.0000 
86 87 0 -0.0187 -0.1542 -14.6326 -0.0170 -0.1465 -14.8324 0.0543 0.2000 0.4314 0.3922 0.1961 10.3102 1.0000 
87 88 0 -0.0170 -0.1465 -14.8324 -0.0183 -0.1461 -14.8936 0.0543 0.0612 0.4314 0.3922 0.1961 10.3706 1.0000 
88 89 0 -0.0183 -0.1461 -14.8936 -0.0189 -0.1472 -14.9402 0.0543 0.0466 0.4314 0.3922 0.1961 10.4166 1.0000 
89 90 0 -0.0189 -0.1472 -14.9402 -0.0157 -0.1614 -15.1397 0.0543 0.2000 0.4314 0.3922 0.1961 10.6149 1.0000 
90 91 0 -0.0157 -0.1614 -15.1397 -0.0256 -0.1611 -15.2207 0.0543 0.0816 0.4314 0.3922 0.1961 10.6961 1.0000 
91 92 0 -0.0256 -0.1611 -15.2207 -0.0206 -0.1644 -15.3816 0.0543 0.1610 0.4314 0.3922 0.1961 10.8567 1.0000 
92 93 0 -0.0206 -0.1644 -15.3816 -0.0196 -0.1820 -15.5808 0.0543 0.2000 0.4314 0.3922 0.1961 11.0571 1.0000 
93 94 0 -0.0196 -0.1820 -15.5808 -0.0187 -0.1918 -15.7523 0.0543 0.1718 0.4314 0.3922 0.1961 11.2301 1.0000 
94 95 0 -0.0187 -0.1918 -15.7523 -0.0206 -0.1911 -15.9066 0.0543 0.1543 0.4314 0.3922 0.1961 11.3860 1.0000 
95 96 0 -0.0206 -0.1911 -15.9066 -0.0277 -0.1848 -16.1063 0.0543 0.2000 0.4314 0.3922 0.1961 11.5891 1.0000 
96 97 0 -0.0277 -0.1848 -16.1063 -0.0333 -0.1777 -16.2758 0.0543 0.1697 0.4314 0.3922 0.1961 11.7622 1.0000 
97 98 0 -0.0333 -0.1777 -16.2758 -0.0514 -0.1706 -16.4726 0.0543 0.1977 0.4314 0.3922 0.1961 11.9648 1.0000 
98 99 0 -0.0514 -0.1706 -16.4726 -0.0585 -0.1638 -16.5939 0.0543 0.1217 0.4314 0.3922 0.1961 12.0901 1.0000 
99 100 0 -0.0585 -0.1638 -16.5939 -0.0514 -0.1760 -16.7502 0.0543 0.1569 0.4314 0.3922 0.1961 12.2521 1.0000 
100 101 0 -0.0514 -0.1760 -16.7502 -0.0342 -0.1873 -16.9491 0.0543 0.2000 0.4314 0.3922 0.1961 12.4596 1.0000 
101 102 0 -0.0342 -0.1873 -16.9491 -0.0281 -0.1790 -17.0572 0.0543 0.1086 0.4314 0.3922 0.1961 12.5727 1.0000 
102 103 0 -0.0281 -0.1790 -17.0572 -0.0165 -0.1638 -17.2563 0.0543 0.2000 0.4314 0.3922 0.1961 12.7818 1.0000 
103 104 0 -0.0165 -0.1638 -17.2563 -0.0148 -0.1624 -17.2924 0.0543 0.0362 0.4314 0.3922 0.1961 12.8199 1.0000 
104 105 0 -0.0148 -0.1624 -17.2924 -0.0151 -0.1572 -17.4161 0.0543 0.1237 0.4314 0.3922 0.1961 12.9499 1.0000 
105 106 0 -0.0151 -0.1572 -17.4161 -0.0114 -0.1537 -17.5072 0.0543 0.0913 0.4314 0.3922 0.1961 13.0461 1.0000 
106 107 0 -0.0114 -0.1537 -17.5072 -0.0089 -0.1490 -17.7071 0.0543 0.2000 0.4314 0.3922 0.1961 13.2577 1.0000 
107 108 0 -0.0089 -0.1490 -17.7071 -0.0087 -0.1491 -17.7509 0.0543 0.0438 0.4314 0.3922 0.1961 13.3042 1.0000 
108 109 0 -0.0087 -0.1491 -17.7509 -0.0149 -0.1574 -17.8997 0.0543 0.1491 0.4314 0.3922 0.1961 13.4629 1.0000 
109 110 0 -0.0149 -0.1574 -17.8997 -0.0222 -0.1627 -18.0995 0.0543 0.2000 0.4314 0.3922 0.1961 13.6767 1.0000 
110 111 0 -0.0222 -0.1627 -18.0995 -0.0226 -0.1632 -18.1109 0.0543 0.0114 0.4314 0.3922 0.1961 13.6890 1.0000 
111 112 0 -0.0226 -0.1632 -18.1109 -0.0242 -0.1652 -18.1836 0.0543 0.0728 0.4314 0.3922 0.1961 13.7671 1.0000 
112 113 0 -0.0242 -0.1652 -18.1836 -0.0268 -0.1630 -18.3835 0.0543 0.2000 0.4314 0.3922 0.1961 13.9825 1.0000 
113 114 0 -0.0268 -0.1630 -18.3835 -0.0326 -0.1594 -18.5314 0.0543 0.1480 0.4314 0.3922 0.1961 14.1427 1.0000 
114 115 0 -0.0326 -0.1594 -18.5314 -0.0352 -0.1591 -18.7108 0.0543 0.1794 0.4314 0.3922 0.1961 14.3377 1.0000 
115 116 0 -0.0352 -0.1591 -18.7108 -0.0212 -0.1535 -18.9102 0.0543 0.2000 0.4314 0.3922 0.1961 14.5562 1.0000 
116 117 0 -0.0212 -0.1535 -18.9102 -0.0198 -0.1517 -18.9505 0.0543 0.0404 0.4314 0.3922 0.1961 14.6005 1.0000 
117 118 0 -0.0198 -0.1517 -18.9505 -0.0293 -0.1518 -19.1338 0.0543 0.1835 0.4314 0.3922 0.1961 14.8023 1.0000 
118 119 0 -0.0293 -0.1518 -19.1338 -0.0385 -0.1518 -19.3336 0.0543 0.2000 0.4314 0.3922 0.1961 15.0233 1.0000 
119 120 0 -0.0385 -0.1518 -19.3336 -0.0406 -0.1503 -19.4449 0.0543 0.1113 0.4314 0.3922 0.1961 15.1469 1.0000 
120 121 0 -0.0406 -0.1503 -19.4449 -0.0437 -0.1485 -19.5898 0.0543 0.1450 0.4314 0.3922 0.1961 15.3084 1.0000 
121 122 0 -0.0437 -0.1485 -19.5898 -0.0436 -0.1476 -19.7592 0.0543 0.1694 0.4314 0.3922 0.1961 15.4979 1.0000 
122 123 0 -0.0436 -0.1476 -19.7592 -0.0406 -0.1451 -19.9592 0.0543 0.2000 0.4314 0.3922 0.1961 15.7228 1.0000 
123 124 0 -0.0406 -0.1451 -19.9592 -0.0375 -0.1462 -20.0664 0.0543 0.1073 0.4314 0.3922 0.1961 15.8440 1.0000 
124 125 0 -0.0375 -0.1462 -20.0664 -0.0378 -0.1376 -20.1573 0.0543 0.0912 0.4314 0.3922 0.1961 15.9473 1.0000 
125 126 0 -0.0378 -0.1376 -20.1573 -0.0436 -0.1313 -20.2535 0.0543 0.0967 0.4314 0.3922 0.1961 16.0571 1.0000 
126 127 0 -0.0436 -0.1313 -20.2535 -0.0520 -0.1183 -20.4015 0.0543 0.1487 0.4314 0.3922 0.1961 16.2265 1.0000 
127 128 0 -0.0520 -0.1183 -20.4015 -0.0673 -0.1107 -20.5191 0.0543 0.1189 0.4314 0.3922 0.1961 16.3625 1.0000 
128 129 0 -0.0673 -0.1107 -20.5191 -0.0677 -0.1105 -20.5228 0.0543 0.0037 0.4314 0.3922 0.1961 16.3668 1.0000 
129 130 0 -0.0677 -0.1105 -20.5228 -0.0934 -0.0856 -20.7196 0.0543 0.2000 0.4314 0.3922 0.1961 16.5966 1.0000 
130 131 0 -0.0934 -0.0856 -20.7196 -0.0986 -0.0806 -20.7595 0.0543 0.0406 0.4314 0.3922 0.1961 16.6433 1.0000 
131 132 0 -0.0986 -0.0806 -20.7595 -0.1148 -0.0546 -20.8989 0.0543 0.1427 0.4314 0.3922 0.1961 16.8083 1.0000 
132 133 0 -0.1148 -0.0546 -20.8989 -0.1270 -0.0351 -21.0975 0.0543 0.2000 0.4314 0.3922 0.1961 17.0406 1.0000 
133 134 0 -0.1270 -0.0351 -21.0975 -0.1266 -0.0305 -21.1354 0.0543 0.0381 0.4314 0.3922 0.1961 17.0851 1.0000 
134 135 0 -0.1266 -0.0305 -21.1354 -0.1317 -0.0100 -21.3343 0.0543 0.2000 0.4314 0.3922 0.1961 17.3191 1.0000 
135 136 0 -0.1317 -0.0100 -21.3343 -0.1317 -0.0096 -21.3590 0.0543 0.0247 0.4314 0.3922 0.1961 17.3481 1.0000 
136 137 0 -0.1317 -0.0096 -21.3590 -0.1382 -0.0077 -21.4932 0.0543 0.1343 0.4314 0.3922 0.1961 17.5061 1.0000 
137 138 0 -0.1382 -0.0077 -21.4932 -0.1352 0.0040 -21.6418 0.0543 0.1491 0.4314 0.3922 0.1961 17.6822 1.0000 
138 139 0 -0.1352 0.0040 -21.6418 -0.1186 0.0008 -21.7959 0.0543 0.1550 0.4314 0.3922 0.1961 17.8661 1.0000 
139 140 0 -0.1186 0.0008 -21.7959 -0.1161 -0.0003 -21.8240 0.0543 0.0282 0.4314 0.3922 0.1961 17.8997 1.0000 
140 141 0 -0.1161 -0.0003 -21.8240 -0.0992 0.0015 -22.0029 0.0543 0.1798 0.4314 0.3922 0.1961 18.1142 1.0000 
141 142 0 -0.0992 0.0015 -22.0029 -0.0902 0.0029 -22.0944 0.0543 0.0919 0.4314 0.3922 0.1961 18.2244 1.0000 
142 143 0 -0.0902 0.0029 -22.0944 -0.0692 0.0053 -22.2933 0.0543 0.2000 0.4314 0.3922 0.1961 18.4650 1.0000 
143 144 0 -0.0692 0.0053 -22.2933 -0.0692 0.0054 -22.2936 0.0543 0.0003 0.4314 0.3922 0.1961 18.4654 1.0000 
144 145 0 -0.0692 0.0054 -22.2936 -0.0556 0.0078 -22.4931 0.0543 0.2000 0.4314 0.3922 0.1961 18.7075 1.0000 
145 146 0 -0.0556 0.0078 -22.4931 -0.0552 0.0078 -22.4984 0.0543 0.0053 0.4314 0.3922 0.1961 18.7139 1.0000 
146 147 0 -0.0552 0.0078 -22.4984 -0.0485 0.0167 -22.6981 0.0543 0.2000 0.4314 0.3922 0.1961 18.9575 1.0000 
147 148 0 -0.0485 0.0167 -22.6981 -0.0473 0.0178 -22.7316 0.0543 0.0336 0.4314 0.3922 0.1961 18.9986 1.0000 
148 149 0 -0.0473 0.0178 -22.7316 -0.0410 0.0125 -22.9314 0.0543 0.2000 0.4314 0.3922 0.1961 19.2439 1.0000 
149 150 0 -0.0410 0.0125 -22.9314 -0.0397 0.0107 -22.9533 0.0543 0.0220 0.4314 0.3922 0.1961 19.2710 1.0000 
150 151 0 -0.0397 0.0107 -22.9533 -0.0288 -0.0054 -23.1524 0.0543 0.2000 0.4314 0.3922 0.1961 19.5180 1.0000 
151 152 0 -0.0288 -0.0054 -23.1524 -0.0275 -0.0040 -23.2514 0.0543 0.0990 0.4314 0.3922 0.1961 19.6409 1.0000 
152 153 0 -0.0275 -0.0040 -23.2514 -0.0263 -0.0024 -23.3464 0.0543 0.0950 0.4314 0.3922 0.1961 19.7590 1.0000 
153 154 0 -0.0263 -0.0024 -23.3464 -0.0240 0.0008 -23.5346 0.0543 0.1883 0.4314 0.3922 0.1961 19.9944 1.0000 
154 155 0 -0.0240 0.0008 -23.5346 -0.0239 0.0010 -23.5435 0.0543 0.0088 0.4314 0.3922 0.1961 20.0055 1.0000 
155 156 0 -0.0239 0.0010 -23.5435 -0.0300 -0.0027 -23.7433 0.0543 0.2000 0.4314 0.3922 0.1961 20.2570 1.0000 
156 157 0 -0.0300 -0.0027 -23.7433 -0.0334 -0.0031 -23.8354 0.0543 0.0922 0.4314 0.3922 0.1961 20.3735 1.0000 
157 158 0 -0.0334 -0.0031 -23.8354 -0.0408 -0.0085 -24.0352 0.0543 0.2000 0.4314 0.3922 0.1961 20.6273 1.0000 
158 159 0 -0.0408 -0.0085 -24.0352 -0.0450 -0.0158 -24.1437 0.0543 0.1088 0.4314 0.3922 0.1961 20.7662 1.0000 
159 160 0 -0.0450 -0.0158 -24.1437 -0.0541 -0.0311 -24.3429 0.0543 0.2000 0.4314 0.3922 0.1961 21.0225 1.0000 
160 161 0 -0.0541 -0.0311 -24.3429 -0.0536 -0.0348 -24.3860 0.0543 0.0432 0.4314 0.3922 0.1961 21.0781 1.0000 
161 162 0 -0.0536 -0.0348 -24.3860 -0.0534 -0.0351 -24.3930 0.0543 0.0071 0.4314 0.3922 0.1961 21.0871 1.0000 
162 163 0 -0.0534 -0.0351 -24.3930 -0.0505 -0.0475 -24.5926 0.0543 0.2000 0.4314 0.3922 0.1961 21.3455 1.0000 
163 164 0 -0.0505 -0.0475 -24.5926 -0.0438 -0.0503 -24.6755 0.0543 0.0832 0.4314 0.3922 0.1961 21.4536 1.0000 
164 165 0 -0.0438 -0.0503 -24.6755 -0.0295 -0.0551 -24.8749 0.0543 0.2000 0.4314 0.3922 0.1961 21.7143 1.0000 
165 166 0 -0.0295 -0.0551 -24.8749 -0.0254 -0.0559 -24.9203 0.0543 0.0455 0.4314 0.3922 0.1961 21.7739 1.0000 
166 167 0 -0.0254 -0.0559 -24.9203 -0.0160 -0.0489 -25.1199 0.0543 0.2000 0.4314 0.3922 0.1961 22.0368 1.0000 
167 168 0 -0.0160 -0.0489 -25.1199 -0.0135 -0.0472 -25.1887 0.0543 0.0689 0.4314 0.3922 0.1961 22.1277 1.0000 
168 169 0 -0.0135 -0.0472 -25.1887 0.0096 -0.0457 -25.3874 0.0543 0.2000 0.4314 0.3922 0.1961 22.3929 1.0000 
169 170 0 0.0096 -0.0457 -25.3874 0.0107 -0.0457 -25.3951 0.0543 0.0078 0.4314 0.3922 0.1961 22.4032 1.0000 
170 171 0 0.0107 -0.0457 -25.3951 -0.0045 -0.0371 -25.5943 0.0543 0.2000 0.4314 0.3922 0.1961 22.6702 1.0000 
171 172 0 -0.0045 -0.0371 -25.5943 -0.0060 -0.0369 -25.6206 0.0543 0.0264 0.4314 0.3922 0.1961 22.7055 1.0000 
172 173 0 -0.0060 -0.0369 -25.6206 -0.0127 -0.0284 -25.7741 0.0543 0.1538 0.4314 0.3922 0.1961 22.9123 1.0000 
173 174 0 -0.0127 -0.0284 -25.7741 -0.0202 -0.0159 -25.9736 0.0543 0.2000 0.4314 0.3922 0.1961 23.1827 1.0000 
174 175 0 -0.0202 -0.0159 -25.9736 -0.0214 -0.0116 -26.0456 0.0543 0.0721 0.4314 0.3922 0.1961 23.2807 1.0000 
175 176 0 -0.0214 -0.0116 -26.0456 -0.0184 0.0006 -26.2452 0.0543 0.2000 0.4314 0.3922 0.1961 23.5535 1.0000 
176 177 0 -0.0184 0.0006 -26.2452 -0.0099 0.0012 -26.3324 0.0543 0.0876 0.4314 0.3922 0.1961 23.6736 1.0000 
177 178 0 -0.0099 0.0012 -26.3324 0.0086 -0.0438 -26.5264 0.0543 0.2000 0.4314 0.3922 0.1961 23.9492 1.0000 
178 179 0 0.0086 -0.0438 -26.5264 0.0206 -0.0623 -26.6054 0.0543 0.0820 0.4314 0.3922 0.1961 24.0628 1.0000 
179 180 0 0.0206 -0.0623 -26.6054 0.0431 -0.1004 -26.8004 0.0543 0.2000 0.4314 0.3922 0.1961 24.3410 1.0000 
180 181 0 0.0431 -0.1004 -26.8004 0.0408 -0.1199 -26.8986 0.0543 0.1001 0.4314 0.3922 0.1961 24.4811 1.0000 
181 182 0 0.0408 -0.1199 -26.8986 0.0456 -0.1309 -27.0752 0.0543 0.1770 0.4314 0.3922 0.1961 24.7297 1.0000 
182 183 0 0.0456 -0.1309 -27.0752 0.0556 -0.1446 -27.2745 0.0543 0.2000 0.4314 0.3922 0.1961 25.0126 1.0000 
183 184 0 0.0556 -0.1446 -27.2745 0.0564 -0.1464 -27.3278 0.0543 0.0533 0.4314 0.3922 0.1961 25.0884 1.0000 
184 185 0 0.0564 -0.1464 -27.3278 0.0585 -0.1491 -27.5063 0.0543 0.1786 0.4314 0.3922 0.1961 25.3431 1.0000 
185 186 0 0.0585 -0.1491 -27.5063 0.0582 -0.1493 -27.5189 0.0543 0.0127 0.4314 0.3922 0.1961 25.3612 1.0000 
186 187 0 0.0582 -0.1493 -27.5189 0.0595 -0.1509 -27.6627 0.0543 0.1437 0.4314 0.3922 0.1961 25.5676 1.0000 
187 188 0 0.0595 -0.1509 -27.6627 0.0636 -0.1473 -27.8626 0.0543 0.2000 0.4314 0.3922 0.1961 25.8564 1.0000 
188 189 0 0.0636 -0.1473 -27.8626 0.0649 -0.1460 -27.9301 0.0543 0.0675 0.4314 0.3922 0.1961 25.9543 1.0000 
189 190 0 0.0649 -0.1460 -27.9301 0.0668 -0.1421 -28.1300 0.0543 0.2000 0.4314 0.3922 0.1961 26.2460 1.0000 
190 191 0 0.0668 -0.1421 -28.1300 0.0721 -0.1434 -28.2198 0.0543 0.0900 0.4314 0.3922 0.1961 26.3778 1.0000 
191 192 0 0.0721 -0.1434 -28.2198 0.0731 -0.1471 -28.3607 0.0543 0.1409 0.4314 0.3922 0.1961 26.5853 1.0000 
192 193 0 0.0731 -0.1471 -28.3607 0.0733 -0.1451 -28.4118 0.0543 0.0512 0.4314 0.3922 0.1961 26.6608 1.0000 
193 194 0 0.0733 -0.1451 -28.4118 0.0739 -0.1459 -28.4453 0.0543 0.0335 0.4314 0.3922 0.1961 26.7104 1.0000 
194 195 0 0.0739 -0.1459 -28.4453 0.0794 -0.1495 -28.6411 0.0543 0.1959 0.4314 0.3922 0.1961 27.0015 1.0000 
195 196 0 0.0794 -0.1495 -28.6411 0.0848 -0.1529 -28.8315 0.0543 0.1905 0.4314 0.3922 0.1961 27.2865 1.0000 
196 197 0 0.0848 -0.1529 -28.8315 0.0936 -0.1495 -29.0313 0.0543 0.2000 0.4314 0.3922 0.1961 27.5880 1.0000 
197 198 0 0.0936 -0.1495 -29.0313 0.0945 -0.1491 -29.0544 0.0543 0.0231 0.4314 0.3922 0.1961 27.6230 1.0000 
198 199 0 0.0945 -0.1491 -29.0544 0.1123 -0.1511 -29.2536 0.0543 0.2000 0.4314 0.3922 0.1961 27.9270 1.0000 
199 200 0 0.1123 -0.1511 -29.2536 0.1041 -0.1482 -29.3512 0.0543 0.0980 0.4314 0.3922 0.1961 28.0767 1.0000 
200 201 0 0.1041 -0.1482 -29.3512 0.0933 -0.1277 -29.5498 0.0543 0.2000 0.4314 0.3922 0.1961 28.3841 1.0000 
201 202 0 0.0933 -0.1277 -29.5498 0.0914 -0.1258 -29.5710 0.0543 0.0213 0.4314 0.3922 0.1961 28.4170 1.0000 
202 203 0 0.0914 -0.1258 -29.5710 0.1041 -0.1053 -29.7695 0.0543 0.2000 0.4314 0.3922 0.1961 28.7271 1.0000 
203 204 0 0.1041 -0.1053 -29.7695 0.1044 -0.1039 -29.7814 0.0543 0.0120 0.4314 0.3922 0.1961 28.7458 1.0000 
204 205 0 0.1044 -0.1039 -29.7814 0.1134 -0.0957 -29.9811 0.0543 0.2000 0.4314 0.3922 0.1961 29.0584 1.0000 
205 206 0 0.1134 -0.0957 -29.9811 0.1176 -0.0908 -30.0852 0.0543 0.1044 0.4314 0.3922 0.1961 29.2224 1.0000 
206 207 0 0.1176 -0.0908 -30.0852 0.1254 -0.0836 -30.2850 0.0543 0.2000 0.4314 0.3922 0.1961 29.5387 1.0000 
207 208 0 0.1254 -0.0836 -30.2850 0.1281 -0.0751 -30.4090 0.0543 0.1243 0.4314 0.3922 0.1961 29.7366 1.0000 
208 209 0 0.1281 -0.0751 -30.4090 0.1121 -0.0525 -30.5711 0.0543 0.1645 0.4314 0.3922 0.1961 30.0000 1.0000 
210 211 1 0.0000 0.0000 -3.0000 -0.1372 0.1273 -3.0705 0.1800 0.2000 0.4314 0.3922 0.1961 16.3125 2.0000 
211 212 1 -0.1372 0.1273 -3.0705 -0.2775 0.2464 -3.1489 0.1800 0.2000 0.4314 0.3922 0.1961 16.3873 2.0000 
212 213 1 -0.2775 0.2464 -3.1489 -0.4144 0.3721 -3.2227 0.1800 0.2000 0.4314 0.3922 0.1961 16.4625 2.0000 
213 214 1 -0.4144 0.3721 -3.2227 -0.5514 0.4985 -3.2951 0.1800 0.2000 0.4314 0.3922 0.1961 16.5379 2.0000 
214 215 1 -0.5514 0.4985 -3.2951 -0.6973 0.6147 -3.3673 0.1800 0.2000 0.4314 0.3922 0.1961 16.6137 2.0000 
215 216 1 -0.6973 0.6147 -3.3673 -0.8068 0.7652 -3.4405 0.1800 0.2000 0.4314 0.3922 0.1961 16.6897 2.0000 
216 217 1 -0.8068 0.7652 -3.4405 -0.9237 0.9108 -3.5123 0.1800 0.2000 0.4314 0.3922 0.1961 16.7661 2.0000 
217 218 1 -0.9237 0.9108 -3.5123 -1.0297 1.0651 -3.5827 0.1800 0.2000 0.4314 0.3922 0.1961 16.8428 2.0000 
218 219 1 -1.0297 1.0651 -3.5827 -1.1364 1.2143 -3.6623 0.1800 0.2000 0.4314 0.3922 0.1961 16.9197 2.0000 
219 220 1 -1.1364 1.2143 -3.6623 -1.2497 1.3505 -3.7551 0.1800 0.2000 0.4314 0.3922 0.1961 16.9970 2.0000 
220 221 1 -1.2497 1.3505 -3.7551 -1.3379 1.4870 -3.8717 0.1800 0.2000 0.4314 0.3922 0.1961 17.0746 2.0000 
221 222 1 -1.3379 1.4870 -3.8717 -1.4747 1.5771 -3.9865 0.1800 0.2000 0.4314 0.3922 0.1961 17.1526 2.0000 
222 223 1 -1.4747 1.5771 -3.9865 -1.5896 1.6899 -4.1052 0.1800 0.2000 0.4314 0.3922 0.1961 17.2308 2.0000 
223 224 1 -1.5896 1.6899 -4.1052 -1.6941 1.7818 -4.2488 0.1800 0.2000 0.4314 0.3922 0.1961 17.3094 2.0000 
224 225 1 -1.6941 1.7818 -4.2488 -1.7744 1.8502 -4.4187 0.1800 0.2000 0.4314 0.3922 0.1961 17.3883 2.0000 
225 226 1 -1.7744 1.8502 -4.4187 -1.8449 1.9171 -4.5935 0.1800 0.2000 0.4314 0.3922 0.1961 17.4675 2.0000 
226 227 1 -1.8449 1.9171 -4.5935 -1.9244 1.9469 -4.7745 0.1800 0.2000 0.4314 0.3922 0.1961 17.5470 2.0000 
227 228 1 -1.9244 1.9469 -4.7745 -1.9697 1.9614 -4.9688 0.1800 0.2000 0.4314 0.3922 0.1961 17.6269 2.0000 
228 229 1 -1.9697 1.9614 -4.9688 -2.0165 1.9789 -5.1625 0.1800 0.2000 0.4314 0.3922 0.1961 17.7071 2.0000 
229 230 1 -2.0165 1.9789 -5.1625 -2.0561 1.9937 -5.3580 0.1800 0.2000 0.4314 0.3922 0.1961 17.7877 2.0000 
230 231 1 -2.0561 1.9937 -5.3580 -2.0808 2.0191 -5.5548 0.1800 0.2000 0.4314 0.3922 0.1961 17.8686 2.0000 
231 232 1 -2.0808 2.0191 -5.5548 -2.0785 2.0189 -5.7548 0.1800 0.2000 0.4314 0.3922 0.1961 17.9498 2.0000 
232 233 1 -2.0785 2.0189 -5.7548 -2.0932 2.0182 -5.9542 0.1800 0.2000 0.4314 0.3922 0.1961 18.0314 2.0000 
233 234 1 -2.0932 2.0182 -5.9542 -2.0846 2.0131 -6.1540 0.1800 0.2000 0.4314 0.3922 0.1961 18.1134 2.0000 
234 235 1 -2.0846 2.0131 -6.1540 -2.0981 2.0129 -6.3535 0.1800 0.2000 0.4314 0.3922 0.1961 18.1957 2.0000 
235 236 1 -2.0981 2.0129 -6.3535 -2.1139 2.0145 -6.5529 0.1800 0.2000 0.4314 0.3922 0.1961 18.2783 2.0000 
236 237 1 -2.1139 2.0145 -6.5529 -2.0966 1.9889 -6.7505 0.1800 0.2000 0.4314 0.3922 0.1961 18.3613 2.0000 
237 238 1 -2.0966 1.9889 -6.7505 -2.0844 1.9912 -6.9501 0.1800 0.2000 0.4314 0.3922 0.1961 18.4447 2.0000 
238 239 1 -2.0844 1.9912 -6.9501 -2.0908 1.9948 -7.1500 0.1800 0.2000 0.4314 0.3922 0.1961 18.5285 2.0000 
239 240 1 -2.0908 1.9948 -7.1500 -2.0928 1.9724 -7.3487 0.1800 0.2000 0.4314 0.3922 0.1961 18.6126 2.0000 
240 241 1 -2.0928 1.9724 -7.3487 -2.0839 1.9245 -7.5427 0.1800 0.2000 0.4314 0.3922 0.1961 18.6971 2.0000 
241 242 1 -2.0839 1.9245 -7.5427 -2.0441 1.8309 -7.7149 0.1800 0.2000 0.4314 0.3922 0.1961 18.7819 2.0000 
242 243 1 -2.0441 1.8309 -7.7149 -2.0089 1.8107 -7.9107 0.1800 0.2000 0.4314 0.3922 0.1961 18.8672 2.0000 
243 244 1 -2.0089 1.8107 -7.9107 -1.9910 1.7823 -8.1079 0.1800 0.2000 0.4314 0.3922 0.1961 18.9528 2.0000 
244 245 1 -1.9910 1.7823 -8.1079 -1.9933 1.7552 -8.3060 0.1800 0.2000 0.4314 0.3922 0.1961 19.0388 2.0000 
245 246 1 -1.9933 1.7552 -8.3060 -1.9761 1.7505 -8.5052 0.1800 0.2000 0.4314 0.3922 0.1961 19.1252 2.0000 
246 247 1 -1.9761 1.7505 -8.5052 -1.9325 1.7502 -8.7004 0.1800 0.2000 0.4314 0.3922 0.1961 19.2120 2.0000 
247 248 1 -1.9325 1.7502 -8.7004 -1.9304 1.7252 -8.8988 0.1800 0.2000 0.4314 0.3922 0.1961 19.2992 2.0000 
248 249 1 -1.9304 1.7252 -8.8988 -1.9344 1.6943 -9.0964 0.1800 0.2000 0.4314 0.3922 0.1961 19.3868 2.0000 
249 250 1 -1.9344 1.6943 -9.0964 -1.9592 1.6352 -9.2858 0.1800 0.2000 0.4314 0.3922 0.1961 19.4748 2.0000 
250 251 1 -1.9592 1.6352 -9.2858 -1.9849 1.5801 -9.4763 0.1800 0.2000 0.4314 0.3922 0.1961 19.5632 2.0000 
251 252 1 -1.9849 1.5801 -9.4763 -2.0088 1.5250 -9.6671 0.1800 0.2000 0.4314 0.3922 0.1961 19.6520 2.0000 
252 253 1 -2.0088 1.5250 -9.6671 -2.0345 1.4846 -9.8613 0.1800 0.2000 0.4314 0.3922 0.1961 19.7413 2.0000 
253 254 1 -2.0345 1.4846 -9.8613 -2.0502 1.4434 -10.0564 0.1800 0.2000 0.4314 0.3922 0.1961 19.8309 2.0000 
254 255 1 -2.0502 1.4434 -10.0564 -2.0773 1.4305 -10.2541 0.1800 0.2000 0.4314 0.3922 0.1961 19.9210 2.0000 
255 256 1 -2.0773 1.4305 -10.2541 -2.1041 1.4176 -10.4519 0.1800 0.2000 0.4314 0.3922 0.1961 20.0115 2.0000 
256 257 1 -2.1041 1.4176 -10.4519 -2.1068 1.3922 -10.6502 0.1800 0.2000 0.4314 0.3922 0.1961 20.1024 2.0000 
257 258 1 -2.1068 1.3922 -10.6502 -2.1252 1.3727 -10.8484 0.1800 0.2000 0.4314 0.3922 0.1961 20.1938 2.0000 
258 259 1 -2.1252 1.3727 -10.8484 -2.1448 1.3681 -11.0474 0.1800 0.2000 0.4314 0.3922 0.1961 20.2856 2.0000 
259 260 1 -2.1448 1.3681 -11.0474 -2.1562 1.3441 -11.2457 0.1800 0.2000 0.4314 0.3922 0.1961 20.3779 2.0000 
260 261 1 -2.1562 1.3441 -11.2457 -2.1974 1.2912 -11.4341 0.1800 0.2000 0.4314 0.3922 0.1961 20.4706 2.0000 
261 262 1 -2.1974 1.2912 -11.4341 -2.2230 1.2770 -11.6319 0.1800 0.2000 0.4314 0.3922 0.1961 20.5638 2.0000 
262 263 1 -2.2230 1.2770 -11.6319 -2.2824 1.2898 -11.8225 0.1800 0.2000 0.4314 0.3922 0.1961 20.6574 2.0000 
263 264 1 -2.2824 1.2898 -11.8225 -2.3685 1.2961 -12.0029 0.1800 0.2000 0.4314 0.3922 0.1961 20.7515 2.0000 
264 265 1 -2.3685 1.2961 -12.0029 -2.4438 1.3300 -12.1850 0.1800 0.2000 0.4314 0.3922 0.1961 20.8460 2.0000 
265 266 1 -2.4438 1.3300 -12.1850 -2.5298 1.3865 -12.3565 0.1800 0.2000 0.4314 0.3922 0.1961 20.9410 2.0000 
266 267 1 -2.5298 1.3865 -12.3565 -2.6322 1.3990 -12.5278 0.1800 0.2000 0.4314 0.3922 0.1961 21.0365 2.0000 
267 268 1 -2.6322 1.3990 -12.5278 -2.7465 1.4035 -12.6919 0.1800 0.2000 0.4314 0.3922 0.1961 21.1325 2.0000 
268 269 1 -2.7465 1.4035 -12.6919 -2.8764 1.3769 -12.8417 0.1800 0.2000 0.4314 0.3922 0.1961 21.2290 2.0000 
269 270 1 -2.8764 1.3769 -12.8417 -3.0265 1.3204 -12.9611 0.1800 0.2000 0.4314 0.3922 0.1961 21.3259 2.0000 
270 271 1 -3.0265 1.3204 -12.9611 -3.1819 1.2592 -13.0712 0.1800 0.2000 0.4314 0.3922 0.1961 21.4234 2.0000 
271 272 1 -3.1819 1.2592 -13.0712 -3.3194 1.1998 -13.2037 0.1800 0.2000 0.4314 0.3922 0.1961 21.5214 2.0000 
272 273 1 -3.3194 1.1998 -13.2037 -3.4894 1.1659 -13.3035 0.1800 0.2000 0.4314 0.3922 0.1961 21.6198 2.0000 
273 274 1 -3.4894 1.1659 -13.3035 -3.6551 1.1397 -13.4125 0.1800 0.2000 0.4314 0.3922 0.1961 21.7188 2.0000 
274 275 1 -3.6551 1.1397 -13.4125 -3.7806 1.0676 -13.5505 0.1800 0.2000 0.4314 0.3922 0.1961 21.8183 2.0000 
275 276 1 -3.7806 1.0676 -13.5505 -3.8958 0.9820 -13.6897 0.1800 0.2000 0.4314 0.3922 0.1961 21.9183 2.0000 
276 277 1 -3.8958 0.9820 -13.6897 -3.9872 0.9278 -13.8592 0.1800 0.2000 0.4314 0.3922 0.1961 22.0188 2.0000 
277 278 1 -3.9872 0.9278 -13.8592 -4.1005 0.9088 -14.0229 0.1800 0.2000 0.4314 0.3922 0.1961 22.1199 2.0000 
278 279 1 -4.1005 0.9088 -14.0229 -4.1653 0.8692 -14.2080 0.1800 0.2000 0.4314 0.3922 0.1961 22.2215 2.0000 
279 280 1 -4.1653 0.8692 -14.2080 -4.2568 0.8700 -14.3858 0.1800 0.2000 0.4314 0.3922 0.1961 22.3237 2.0000 
280 281 1 -4.2568 0.8700 -14.3858 -4.3341 0.9006 -14.5677 0.1800 0.2000 0.4314 0.3922 0.1961 22.4264 2.0000 
281 282 1 -4.3341 0.9006 -14.5677 -4.4294 0.9165 -14.7428 0.1800 0.2000 0.4314 0.3922 0.1961 22.5296 2.0000 
282 283 1 -4.4294 0.9165 -14.7428 -4.5213 0.8959 -14.9193 0.1800 0.2000 0.4314 0.3922 0.1961 22.6335 2.0000 
283 284 1 -4.5213 0.8959 -14.9193 -4.6001 0.8840 -15.1027 0.1800 0.2000 0.4314 0.3922 0.1961 22.7378 2.0000 
284 285 1 -4.6001 0.8840 -15.1027 -4.6174 0.8462 -15.2983 0.1800 0.2000 0.4314 0.3922 0.1961 22.8428 2.0000 
285 286 1 -4.6174 0.8462 -15.2983 -4.6374 0.7707 -15.4824 0.1800 0.2000 0.4314 0.3922 0.1961 22.9484 2.0000 
286 287 1 -4.6374 0.7707 -15.4824 -4.6390 0.7147 -15.6744 0.1800 0.2000 0.4314 0.3922 0.1961 23.0545 2.0000 
287 288 1 -4.6390 0.7147 -15.6744 -4.6408 0.6529 -15.8646 0.1800 0.2000 0.4314 0.3922 0.1961 23.1612 2.0000 
288 289 1 -4.6408 0.6529 -15.8646 -4.5971 0.6353 -16.0590 0.1800 0.2000 0.4314 0.3922 0.1961 23.2686 2.0000 
289 290 1 -4.5971 0.6353 -16.0590 -4.5518 0.6186 -16.2531 0.1800 0.2000 0.4314 0.3922 0.1961 23.3765 2.0000 
290 291 1 -4.5518 0.6186 -16.2531 -4.5070 0.6034 -16.4474 0.1800 0.2000 0.4314 0.3922 0.1961 23.4851 2.0000 
291 292 1 -4.5070 0.6034 -16.4474 -4.4520 0.6123 -16.6395 0.1800 0.2000 0.4314 0.3922 0.1961 23.5943 2.0000 
292 293 1 -4.4520 0.6123 -16.6395 -4.4136 0.6190 -16.8357 0.1800 0.2000 0.4314 0.3922 0.1961 23.7041 2.0000 
293 294 1 -4.4136 0.6190 -16.8357 -4.3830 0.6283 -17.0331 0.1800 0.2000 0.4314 0.3922 0.1961 23.8145 2.0000 
294 295 1 -4.3830 0.6283 -17.0331 -4.3919 0.5918 -17.2295 0.1800 0.2000 0.4314 0.3922 0.1961 23.9256 2.0000 
295 296 1 -4.3919 0.5918 -17.2295 -4.3762 0.5608 -17.4265 0.1800 0.2000 0.4314 0.3922 0.1961 24.0373 2.0000 
296 297 1 -4.3762 0.5608 -17.4265 -4.3349 0.5555 -17.6221 0.1800 0.2000 0.4314 0.3922 0.1961 24.1497 2.0000 
297 298 1 -4.3349 0.5555 -17.6221 -4.2943 0.5444 -17.8176 0.1800 0.2000 0.4314 0.3922 0.1961 24.2628 2.0000 
298 299 1 -4.2943 0.5444 -17.8176 -4.2650 0.5717 -18.0136 0.1800 0.2000 0.4314 0.3922 0.1961 24.3766 2.0000 
299 300 1 -4.2650 0.5717 -18.0136 -4.2485 0.5899 -18.2120 0.1800 0.2000 0.4314 0.3922 0.1961 24.4910 2.0000 
300 301 1 -4.2485 0.5899 -18.2120 -4.2392 0.6203 -18.4095 0.1800 0.2000 0.4314 0.3922 0.1961 24.6061 2.0000 
301 302 1 -4.2392 0.6203 -18.4095 -4.2264 0.6557 -18.6059 0.1800 0.2000 0.4314 0.3922 0.1961 24.7219 2.0000 
302 303 1 -4.2264 0.6557 -18.6059 -4.1853 0.6934 -18.7980 0.1800 0.2000 0.4314 0.3922 0.1961 24.8384 2.0000 
303 304 1 -4.1853 0.6934 -18.7980 -4.1527 0.7097 -18.9946 0.1800 0.2000 0.4314 0.3922 0.1961 24.9557 2.0000 
304 305 1 -4.1527 0.7097 -18.9946 -4.1664 0.7275 -19.1934 0.1800 0.2000 0.4314 0.3922 0.1961 25.0737 2.0000 
305 306 1 -4.1664 0.7275 -19.1934 -4.1554 0.7548 -19.3912 0.1800 0.2000 0.4314 0.3922 0.1961 25.1924 2.0000 
306 307 1 -4.1554 0.7548 -19.3912 -4.1697 0.7712 -19.5900 0.1800 0.2000 0.4314 0.3922 0.1961 25.3118 2.0000 
307 308 1 -4.1697 0.7712 -19.5900 -4.2019 0.8195 -19.7814 0.1800 0.2000 0.4314 0.3922 0.1961 25.4320 2.0000 
308 309 1 -4.2019 0.8195 -19.7814 -4.2153 0.8749 -19.9731 0.1800 0.2000 0.4314 0.3922 0.1961 25.5530 2.0000 
309 310 1 -4.2153 0.8749 -19.9731 -4.2296 0.9236 -20.1666 0.1800 0.2000 0.4314 0.3922 0.1961 25.6747 2.0000 
310 311 1 -4.2296 0.9236 -20.1666 -4.2493 0.9686 -20.3604 0.1800 0.2000 0.4314 0.3922 0.1961 25.7972 2.0000 
311 312 1 -4.2493 0.9686 -20.3604 -4.2668 1.0079 -20.5557 0.1800 0.2000 0.4314 0.3922 0.1961 25.9206 2.0000 
312 313 1 -4.2668 1.0079 -20.5557 -4.2567 1.0345 -20.7537 0.1800 0.2000 0.4314 0.3922 0.1961 26.0447 2.0000 
313 314 1 -4.2567 1.0345 -20.7537 -4.2254 1.0474 -20.9508 0.1800 0.2000 0.4314 0.3922 0.1961 26.1696 2.0000 
314 315 1 -4.2254 1.0474 -20.9508 -4.2196 1.0090 -21.1470 0.1800 0.2000 0.4314 0.3922 0.1961 26.2954 2.0000 
315 316 1 -4.2196 1.0090 -21.1470 -4.2503 0.9615 -21.3388 0.1800 0.2000 0.4314 0.3922 0.1961 26.4219 2.0000 
316 317 1 -4.2503 0.9615 -21.3388 -4.2780 0.9021 -21.5278 0.1800 0.2000 0.4314 0.3922 0.1961 26.5494 2.0000 
317 318 1 -4.2780 0.9021 -21.5278 -4.3216 0.8478 -21.7153 0.1800 0.2000 0.4314 0.3922 0.1961 26.6777 2.0000 
318 319 1 -4.3216 0.8478 -21.7153 -4.3634 0.8006 -21.9051 0.1800 0.2000 0.4314 0.3922 0.1961 26.8068 2.0000 
319 320 1 -4.3634 0.8006 -21.9051 -4.4058 0.7532 -22.0947 0.1800 0.2000 0.4314 0.3922 0.1961 26.9369 2.0000 
320 321 1 -4.4058 0.7532 -22.0947 -4.4443 0.7255 -22.2890 0.1800 0.2000 0.4314 0.3922 0.1961 27.0678 2.0000 
321 322 1 -4.4443 0.7255 -22.2890 -4.4695 0.7254 -22.4874 0.1800 0.2000 0.4314 0.3922 0.1961 27.1997 2.0000 
322 323 1 -4.4695 0.7254 -22.4874 -4.5026 0.7152 -22.6844 0.1800 0.2000 0.4314 0.3922 0.1961 27.3325 2.0000 
323 324 1 -4.5026 0.7152 -22.6844 -4.5214 0.7176 -22.8835 0.1800 0.2000 0.4314 0.3922 0.1961 27.4661 2.0000 
324 325 1 -4.5214 0.7176 -22.8835 -4.5290 0.7221 -23.0833 0.1800 0.2000 0.4314 0.3922 0.1961 27.6008 2.0000 
325 326 1 -4.5290 0.7221 -23.0833 -4.5233 0.7467 -23.2817 0.1800 0.2000 0.4314 0.3922 0.1961 27.7364 2.0000 
326 327 1 -4.5233 0.7467 -23.2817 -4.5381 0.7600 -23.4807 0.1800 0.2000 0.4314 0.3922 0.1961 27.8730 2.0000 
327 328 1 -4.5381 0.7600 -23.4807 -4.5431 0.7619 -23.6806 0.1800 0.2000 0.4314 0.3922 0.1961 28.0105 2.0000 
328 329 1 -4.5431 0.7619 -23.6806 -4.5540 0.7567 -23.8803 0.1800 0.2000 0.4314 0.3922 0.1961 28.1491 2.0000 
329 330 1 -4.5540 0.7567 -23.8803 -4.5601 0.7473 -24.0799 0.1800 0.2000 0.4314 0.3922 0.1961 28.2887 2.0000 
330 331 1 -4.5601 0.7473 -24.0799 -4.5451 0.7341 -24.2789 0.1800 0.2000 0.4314 0.3922 0.1961 28.4293 2.0000 
331 332 1 -4.5451 0.7341 -24.2789 -4.5294 0.7220 -24.4780 0.1800 0.2000 0.4314 0.3922 0.1961 28.5709 2.0000 
332 333 1 -4.5294 0.7220 -24.4780 -4.5071 0.7336 -24.6764 0.1800 0.2000 0.4314 0.3922 0.1961 28.7136 2.0000 
333 334 1 -4.5071 0.7336 -24.6764 -4.5115 0.7280 -24.8762 0.1800 0.2000 0.4314 0.3922 0.1961 28.8574 2.0000 
334 335 1 -4.5115 0.7280 -24.8762 -4.5096 0.7238 -25.0762 0.1800 0.2000 0.4314 0.3922 0.1961 29.0023 2.0000 
335 336 1 -4.5096 0.7238 -25.0762 -4.5221 0.7164 -25.2757 0.1800 0.2000 0.4314 0.3922 0.1961 29.1483 2.0000 
336 337 1 -4.5221 0.7164 -25.2757 -4.5397 0.7189 -25.4749 0.1800 0.2000 0.4314 0.3922 0.1961 29.2954 2.0000 
337 338 1 -4.5397 0.7189 -25.4749 -4.5625 0.7308 -25.6732 0.1800 0.2000 0.4314 0.3922 0.1961 29.4437 2.0000 
338 339 1 -4.5625 0.7308 -25.6732 -4.5800 0.7376 -25.8723 0.1800 0.2000 0.4314 0.3922 0.1961 29.5931 2.0000 
339 340 1 -4.5800 0.7376 -25.8723 -4.5947 0.7442 -26.0717 0.1800 0.2000 0.4314 0.3922 0.1961 29.7437 2.0000 
340 341 1 -4.5947 0.7442 -26.0717 -4.5934 0.7557 -26.2713 0.1800 0.2000 0.4314 0.3922 0.1961 29.8955 2.0000 
341 342 1 -4.5934 0.7557 -26.2713 -4.5998 0.7714 -26.4070 0.1800 0.1367 0.4314 0.3922 0.1961 30.0000 2.0000 
2 343 2 0.0218 0.0256 -3.2987 -0.0945 0.1636 -3.3849 0.1800 0.2000 0.4314 0.3922 0.1961 16.6367 2.0000 
343 344 2 -0.0945 0.1636 -3.3849 -0.1969 0.3244 -3.4453 0.1800 0.2000 0.4314 0.3922 0.1961 16.6909 2.0000 
344 345 2 -0.1969 0.3244 -3.4453 -0.2685 0.4635 -3.5700 0.1800 0.2000 0.4314 0.3922 0.1961 16.7454 2.0000 
345 346 2 -0.2685 0.4635 -3.5700 -0.2904 0.6052 -3.7094 0.1800 0.2000 0.4314 0.3922 0.1961 16.8000 2.0000 
346 347 2 -0.2904 0.6052 -3.7094 -0.3106 0.7472 -3.8488 0.1800 0.2000 0.4314 0.3922 0.1961 16.8549 2.0000 
347 348 2 -0.3106 0.7472 -3.8488 -0.3313 0.8863 -3.9910 0.1800 0.2000 0.4314 0.3922 0.1961 16.9100 2.0000 
348 349 2 -0.3313 0.8863 -3.9910 -0.3516 1.0259 -4.1328 0.1800 0.2000 0.4314 0.3922 0.1961 16.9654 2.0000 
349 350 2 -0.3516 1.0259 -4.1328 -0.3756 1.1875 -4.2481 0.1800 0.2000 0.4314 0.3922 0.1961 17.0209 2.0000 
350 351 2 -0.3756 1.1875 -4.2481 -0.3991 1.3589 -4.3484 0.1800 0.2000 0.4314 0.3922 0.1961 17.0767 2.0000 
351 352 2 -0.3991 1.3589 -4.3484 -0.4435 1.5216 -4.4560 0.1800 0.2000 0.4314 0.3922 0.1961 17.1327 2.0000 
352 353 2 -0.4435 1.5216 -4.4560 -0.4952 1.6895 -4.5514 0.1800 0.2000 0.4314 0.3922 0.1961 17.1889 2.0000 
353 354 2 -0.4952 1.6895 -4.5514 -0.5254 1.8489 -4.6685 0.1800 0.2000 0.4314 0.3922 0.1961 17.2453 2.0000 
354 355 2 -0.5254 1.8489 -4.6685 -0.5555 2.0083 -4.7855 0.1800 0.2000 0.4314 0.3922 0.1961 17.3020 2.0000 
355 356 2 -0.5555 2.0083 -4.7855 -0.6201 2.1081 -4.9464 0.1800 0.2000 0.4314 0.3922 0.1961 17.3590 2.0000 
356 357 2 -0.6201 2.1081 -4.9464 -0.6896 2.2356 -5.0838 0.1800 0.2000 0.4314 0.3922 0.1961 17.4161 2.0000 
357 358 2 -0.6896 2.2356 -5.0838 -0.7605 2.3610 -5.2225 0.1800 0.2000 0.4314 0.3922 0.1961 17.4735 2.0000 
358 359 2 -0.7605 2.3610 -5.2225 -0.8320 2.4758 -5.3699 0.1800 0.2000 0.4314 0.3922 0.1961 17.5311 2.0000 
359 360 2 -0.8320 2.4758 -5.3699 -0.8964 2.5881 -5.5223 0.1800 0.2000 0.4314 0.3922 0.1961 17.5890 2.0000 
360 361 2 -0.8964 2.5881 -5.5223 -0.9540 2.7037 -5.6750 0.1800 0.2000 0.4314 0.3922 0.1961 17.6471 2.0000 
361 362 2 -0.9540 2.7037 -5.6750 -1.0354 2.7845 -5.8389 0.1800 0.2000 0.4314 0.3922 0.1961 17.7055 2.0000 
362 363 2 -1.0354 2.7845 -5.8389 -1.0983 2.8158 -6.0262 0.1800 0.2000 0.4314 0.3922 0.1961 17.7641 2.0000 
363 364 2 -1.0983 2.8158 -6.0262 -1.1612 2.8498 -6.2129 0.1800 0.2000 0.4314 0.3922 0.1961 17.8230 2.0000 
364 365 2 -1.1612 2.8498 -6.2129 -1.2167 2.8677 -6.4043 0.1800 0.2000 0.4314 0.3922 0.1961 17.8821 2.0000 
365 366 2 -1.2167 2.8677 -6.4043 -1.2728 2.8861 -6.5953 0.1800 0.2000 0.4314 0.3922 0.1961 17.9415 2.0000 
366 367 2 -1.2728 2.8861 -6.5953 -1.3327 2.9283 -6.7814 0.1800 0.2000 0.4314 0.3922 0.1961 18.0011 2.0000 
367 368 2 -1.3327 2.9283 -6.7814 -1.3920 2.9775 -6.9660 0.1800 0.2000 0.4314 0.3922 0.1961 18.0610 2.0000 
368 369 2 -1.3920 2.9775 -6.9660 -1.4040 2.9940 -7.1649 0.1800 0.2000 0.4314 0.3922 0.1961 18.1211 2.0000 
369 370 2 -1.4040 2.9940 -7.1649 -1.4215 3.0075 -7.3637 0.1800 0.2000 0.4314 0.3922 0.1961 18.1815 2.0000 
370 371 2 -1.4215 3.0075 -7.3637 -1.4368 3.0194 -7.5628 0.1800 0.2000 0.4314 0.3922 0.1961 18.2422 2.0000 
371 372 2 -1.4368 3.0194 -7.5628 -1.4541 3.0211 -7.7620 0.1800 0.2000 0.4314 0.3922 0.1961 18.3031 2.0000 
372 373 2 -1.4541 3.0211 -7.7620 -1.4726 3.0152 -7.9611 0.1800 0.2000 0.4314 0.3922 0.1961 18.3643 2.0000 
373 374 2 -1.4726 3.0152 -7.9611 -1.4881 3.0139 -8.1605 0.1800 0.2000 0.4314 0.3922 0.1961 18.4258 2.0000 
374 375 2 -1.4881 3.0139 -8.1605 -1.5013 3.0283 -8.3595 0.1800 0.2000 0.4314 0.3922 0.1961 18.4876 2.0000 
375 376 2 -1.5013 3.0283 -8.3595 -1.5566 3.0522 -8.5502 0.1800 0.2000 0.4314 0.3922 0.1961 18.5496 2.0000 
376 377 2 -1.5566 3.0522 -8.5502 -1.6020 3.0684 -8.7443 0.1800 0.2000 0.4314 0.3922 0.1961 18.6119 2.0000 
377 378 2 -1.6020 3.0684 -8.7443 -1.6322 3.1233 -8.9343 0.1800 0.2000 0.4314 0.3922 0.1961 18.6745 2.0000 
378 379 2 -1.6322 3.1233 -8.9343 -1.6627 3.1776 -9.1243 0.1800 0.2000 0.4314 0.3922 0.1961 18.7374 2.0000 
379 380 2 -1.6627 3.1776 -9.1243 -1.6912 3.2201 -9.3176 0.1800 0.2000 0.4314 0.3922 0.1961 18.8006 2.0000 
380 381 2 -1.6912 3.2201 -9.3176 -1.7139 3.2300 -9.5161 0.1800 0.2000 0.4314 0.3922 0.1961 18.8641 2.0000 
381 382 2 -1.7139 3.2300 -9.5161 -1.7369 3.2322 -9.7148 0.1800 0.2000 0.4314 0.3922 0.1961 18.9278 2.0000 
382 383 2 -1.7369 3.2322 -9.7148 -1.7330 3.2397 -9.9146 0.1800 0.2000 0.4314 0.3922 0.1961 18.9919 2.0000 
383 384 2 -1.7330 3.2397 -9.9146 -1.6874 3.2714 -10.1067 0.1800 0.2000 0.4314 0.3922 0.1961 19.0562 2.0000 
384 385 2 -1.6874 3.2714 -10.1067 -1.6570 3.2752 -10.3044 0.1800 0.2000 0.4314 0.3922 0.1961 19.1209 2.0000 
385 386 2 -1.6570 3.2752 -10.3044 -1.6225 3.3142 -10.4975 0.1800 0.2000 0.4314 0.3922 0.1961 19.1858 2.0000 
386 387 2 -1.6225 3.3142 -10.4975 -1.5869 3.3489 -10.6912 0.1800 0.2000 0.4314 0.3922 0.1961 19.2511 2.0000 
387 388 2 -1.5869 3.3489 -10.6912 -1.5435 3.3738 -10.8848 0.1800 0.2000 0.4314 0.3922 0.1961 19.3167 2.0000 
388 389 2 -1.5435 3.3738 -10.8848 -1.4892 3.3948 -11.0762 0.1800 0.2000 0.4314 0.3922 0.1961 19.3826 2.0000 
389 390 2 -1.4892 3.3948 -11.0762 -1.4356 3.4122 -11.2681 0.1800 0.2000 0.4314 0.3922 0.1961 19.4488 2.0000 
390 391 2 -1.4356 3.4122 -11.2681 -1.3978 3.4109 -11.4645 0.1800 0.2000 0.4314 0.3922 0.1961 19.5153 2.0000 
391 392 2 -1.3978 3.4109 -11.4645 -1.3496 3.4253 -11.6580 0.1800 0.2000 0.4314 0.3922 0.1961 19.5821 2.0000 
392 393 2 -1.3496 3.4253 -11.6580 -1.3116 3.4636 -11.8506 0.1800 0.2000 0.4314 0.3922 0.1961 19.6493 2.0000 
393 394 2 -1.3116 3.4636 -11.8506 -1.2823 3.5345 -12.0353 0.1800 0.2000 0.4314 0.3922 0.1961 19.7168 2.0000 
394 395 2 -1.2823 3.5345 -12.0353 -1.2648 3.5929 -12.2258 0.1800 0.2000 0.4314 0.3922 0.1961 19.7846 2.0000 
395 396 2 -1.2648 3.5929 -12.2258 -1.2723 3.6504 -12.4172 0.1800 0.2000 0.4314 0.3922 0.1961 19.8528 2.0000 
396 397 2 -1.2723 3.6504 -12.4172 -1.3287 3.6851 -12.6059 0.1800 0.2000 0.4314 0.3922 0.1961 19.9213 2.0000 
397 398 2 -1.3287 3.6851 -12.6059 -1.3688 3.7179 -12.7991 0.1800 0.2000 0.4314 0.3922 0.1961 19.9901 2.0000 
398 399 2 -1.3688 3.7179 -12.7991 -1.4006 3.7659 -12.9906 0.1800 0.2000 0.4314 0.3922 0.1961 20.0593 2.0000 
399 400 2 -1.4006 3.7659 -12.9906 -1.4449 3.7989 -13.1828 0.1800 0.2000 0.4314 0.3922 0.1961 20.1289 2.0000 
400 401 2 -1.4449 3.7989 -13.1828 -1.4903 3.8302 -13.3751 0.1800 0.2000 0.4314 0.3922 0.1961 20.1987 2.0000 
401 402 2 -1.4903 3.8302 -13.3751 -1.5203 3.8811 -13.5662 0.1800 0.2000 0.4314 0.3922 0.1961 20.2690 2.0000 
402 403 2 -1.5203 3.8811 -13.5662 -1.5556 3.9237 -13.7584 0.1800 0.2000 0.4314 0.3922 0.1961 20.3396 2.0000 
403 404 2 -1.5556 3.9237 -13.7584 -1.5665 3.9420 -13.9572 0.1800 0.2000 0.4314 0.3922 0.1961 20.4106 2.0000 
404 405 2 -1.5665 3.9420 -13.9572 -1.5764 3.9476 -14.1569 0.1800 0.2000 0.4314 0.3922 0.1961 20.4819 2.0000 
405 406 2 -1.5764 3.9476 -14.1569 -1.5931 3.9361 -14.3559 0.1800 0.2000 0.4314 0.3922 0.1961 20.5536 2.0000 
406 407 2 -1.5931 3.9361 -14.3559 -1.5830 3.9451 -14.5554 0.1800 0.2000 0.4314 0.3922 0.1961 20.6257 2.0000 
407 408 2 -1.5830 3.9451 -14.5554 -1.5876 3.9742 -14.7532 0.1800 0.2000 0.4314 0.3922 0.1961 20.6981 2.0000 
408 409 2 -1.5876 3.9742 -14.7532 -1.5859 4.0342 -14.9440 0.1800 0.2000 0.4314 0.3922 0.1961 20.7710 2.0000 
409 410 2 -1.5859 4.0342 -14.9440 -1.5627 4.1074 -15.1287 0.1800 0.2000 0.4314 0.3922 0.1961 20.8442 2.0000 
410 411 2 -1.5627 4.1074 -15.1287 -1.5253 4.1756 -15.3130 0.1800 0.2000 0.4314 0.3922 0.1961 20.9178 2.0000 
411 412 2 -1.5253 4.1756 -15.3130 -1.4862 4.2411 -15.4979 0.1800 0.2000 0.4314 0.3922 0.1961 20.9918 2.0000 
412 413 2 -1.4862 4.2411 -15.4979 -1.4827 4.2819 -15.6936 0.1800 0.2000 0.4314 0.3922 0.1961 21.0662 2.0000 
413 414 2 -1.4827 4.2819 -15.6936 -1.5006 4.3504 -15.8807 0.1800 0.2000 0.4314 0.3922 0.1961 21.1411 2.0000 
414 415 2 -1.5006 4.3504 -15.8807 -1.5009 4.4084 -16.0721 0.1800 0.2000 0.4314 0.3922 0.1961 21.2163 2.0000 
415 416 2 -1.5009 4.4084 -16.0721 -1.5006 4.4491 -16.2679 0.1800 0.2000 0.4314 0.3922 0.1961 21.2919 2.0000 
416 417 2 -1.5006 4.4491 -16.2679 -1.5045 4.4968 -16.4621 0.1800 0.2000 0.4314 0.3922 0.1961 21.3680 2.0000 
417 418 2 -1.5045 4.4968 -16.4621 -1.5144 4.5537 -16.6536 0.1800 0.2000 0.4314 0.3922 0.1961 21.4444 2.0000 
418 419 2 -1.5144 4.5537 -16.6536 -1.4802 4.6087 -16.8428 0.1800 0.2000 0.4314 0.3922 0.1961 21.5213 2.0000 
419 420 2 -1.4802 4.6087 -16.8428 -1.4394 4.6461 -17.0350 0.1800 0.2000 0.4314 0.3922 0.1961 21.5987 2.0000 
420 421 2 -1.4394 4.6461 -17.0350 -1.4241 4.6897 -17.2296 0.1800 0.2000 0.4314 0.3922 0.1961 21.6764 2.0000 
421 422 2 -1.4241 4.6897 -17.2296 -1.4288 4.7366 -17.4239 0.1800 0.2000 0.4314 0.3922 0.1961 21.7546 2.0000 
422 423 2 -1.4288 4.7366 -17.4239 -1.4741 4.7684 -17.6161 0.1800 0.2000 0.4314 0.3922 0.1961 21.8333 2.0000 
423 424 2 -1.4741 4.7684 -17.6161 -1.5514 4.7679 -17.8006 0.1800 0.2000 0.4314 0.3922 0.1961 21.9124 2.0000 
424 425 2 -1.5514 4.7679 -17.8006 -1.6298 4.7601 -17.9844 0.1800 0.2000 0.4314 0.3922 0.1961 21.9919 2.0000 
425 426 2 -1.6298 4.7601 -17.9844 -1.7016 4.7328 -18.1690 0.1800 0.2000 0.4314 0.3922 0.1961 22.0720 2.0000 
426 427 2 -1.7016 4.7328 -18.1690 -1.7772 4.6917 -18.3496 0.1800 0.2000 0.4314 0.3922 0.1961 22.1525 2.0000 
427 428 2 -1.7772 4.6917 -18.3496 -1.8446 4.6077 -18.5181 0.1800 0.2000 0.4314 0.3922 0.1961 22.2334 2.0000 
428 429 2 -1.8446 4.6077 -18.5181 -1.9175 4.5296 -18.6872 0.1800 0.2000 0.4314 0.3922 0.1961 22.3148 2.0000 
429 430 2 -1.9175 4.5296 -18.6872 -1.9919 4.4603 -18.8594 0.1800 0.2000 0.4314 0.3922 0.1961 22.3968 2.0000 
430 431 2 -1.9919 4.4603 -18.8594 -2.0674 4.3955 -19.0329 0.1800 0.2000 0.4314 0.3922 0.1961 22.4792 2.0000 
431 432 2 -2.0674 4.3955 -19.0329 -2.0983 4.3315 -19.2199 0.1800 0.2000 0.4314 0.3922 0.1961 22.5621 2.0000 
432 433 2 -2.0983 4.3315 -19.2199 -2.1301 4.2678 -19.4067 0.1800 0.2000 0.4314 0.3922 0.1961 22.6455 2.0000 
433 434 2 -2.1301 4.2678 -19.4067 -2.1827 4.1974 -19.5864 0.1800 0.2000 0.4314 0.3922 0.1961 22.7294 2.0000 
434 435 2 -2.1827 4.1974 -19.5864 -2.2367 4.1251 -19.7649 0.1800 0.2000 0.4314 0.3922 0.1961 22.8138 2.0000 
435 436 2 -2.2367 4.1251 -19.7649 -2.2972 4.0551 -19.9422 0.1800 0.2000 0.4314 0.3922 0.1961 22.8988 2.0000 
436 437 2 -2.2972 4.0551 -19.9422 -2.3579 3.9853 -20.1195 0.1800 0.2000 0.4314 0.3922 0.1961 22.9842 2.0000 
437 438 2 -2.3579 3.9853 -20.1195 -2.4241 3.9091 -20.2922 0.1800 0.2000 0.4314 0.3922 0.1961 23.0702 2.0000 
438 439 2 -2.4241 3.9091 -20.2922 -2.4689 3.8135 -20.4620 0.1800 0.2000 0.4314 0.3922 0.1961 23.1568 2.0000 
439 440 2 -2.4689 3.8135 -20.4620 -2.5354 3.7439 -20.6373 0.1800 0.2000 0.4314 0.3922 0.1961 23.2439 2.0000 
440 441 2 -2.5354 3.7439 -20.6373 -2.5893 3.6660 -20.8135 0.1800 0.2000 0.4314 0.3922 0.1961 23.3315 2.0000 
441 442 2 -2.5893 3.6660 -20.8135 -2.6548 3.5903 -20.9867 0.1800 0.2000 0.4314 0.3922 0.1961 23.4197 2.0000 
442 443 2 -2.6548 3.5903 -20.9867 -2.7130 3.5130 -21.1617 0.1800 0.2000 0.4314 0.3922 0.1961 23.5085 2.0000 
443 444 2 -2.7130 3.5130 -21.1617 -2.7610 3.4698 -21.3510 0.1800 0.2000 0.4314 0.3922 0.1961 23.5978 2.0000 
444 445 2 -2.7610 3.4698 -21.3510 -2.8062 3.4363 -21.5429 0.1800 0.2000 0.4314 0.3922 0.1961 23.6877 2.0000 
445 446 2 -2.8062 3.4363 -21.5429 -2.8719 3.4146 -21.7306 0.1800 0.2000 0.4314 0.3922 0.1961 23.7782 2.0000 
446 447 2 -2.8719 3.4146 -21.7306 -2.9372 3.3960 -21.9187 0.1800 0.2000 0.4314 0.3922 0.1961 23.8693 2.0000 
447 448 2 -2.9372 3.3960 -21.9187 -2.9974 3.3338 -22.0990 0.1800 0.2000 0.4314 0.3922 0.1961 23.9611 2.0000 
448 449 2 -2.9974 3.3338 -22.0990 -3.0506 3.2948 -22.2878 0.1800 0.2000 0.4314 0.3922 0.1961 24.0534 2.0000 
449 450 2 -3.0506 3.2948 -22.2878 -3.1030 3.2575 -22.4772 0.1800 0.2000 0.4314 0.3922 0.1961 24.1463 2.0000 
450 451 2 -3.1030 3.2575 -22.4772 -3.1680 3.2418 -22.6656 0.1800 0.2000 0.4314 0.3922 0.1961 24.2399 2.0000 
451 452 2 -3.1680 3.2418 -22.6656 -3.2341 3.2336 -22.8542 0.1800 0.2000 0.4314 0.3922 0.1961 24.3341 2.0000 
452 453 2 -3.2341 3.2336 -22.8542 -3.2637 3.1983 -23.0489 0.1800 0.2000 0.4314 0.3922 0.1961 24.4290 2.0000 
453 454 2 -3.2637 3.1983 -23.0489 -3.3005 3.1777 -23.2444 0.1800 0.2000 0.4314 0.3922 0.1961 24.5245 2.0000 
454 455 2 -3.3005 3.1777 -23.2444 -3.3295 3.1660 -23.4419 0.1800 0.2000 0.4314 0.3922 0.1961 24.6207 2.0000 
455 456 2 -3.3295 3.1660 -23.4419 -3.3369 3.1509 -23.6412 0.1800 0.2000 0.4314 0.3922 0.1961 24.7176 2.0000 
456 457 2 -3.3369 3.1509 -23.6412 -3.3586 3.1424 -23.8398 0.1800 0.2000 0.4314 0.3922 0.1961 24.8151 2.0000 
457 458 2 -3.3586 3.1424 -23.8398 -3.3808 3.1349 -24.0385 0.1800 0.2000 0.4314 0.3922 0.1961 24.9134 2.0000 
458 459 2 -3.3808 3.1349 -24.0385 -3.4065 3.1478 -24.2364 0.1800 0.2000 0.4314 0.3922 0.1961 25.0123 2.0000 
459 460 2 -3.4065 3.1478 -24.2364 -3.4326 3.1684 -24.4336 0.1800 0.2000 0.4314 0.3922 0.1961 25.1120 2.0000 
460 461 2 -3.4326 3.1684 -24.4336 -3.4569 3.1845 -24.6315 0.1800 0.2000 0.4314 0.3922 0.1961 25.2124 2.0000 
461 462 2 -3.4569 3.1845 -24.6315 -3.4700 3.2067 -24.8298 0.1800 0.2000 0.4314 0.3922 0.1961 25.3135 2.0000 
462 463 2 -3.4700 3.2067 -24.8298 -3.4524 3.2251 -25.0282 0.1800 0.2000 0.4314 0.3922 0.1961 25.4154 2.0000 
463 464 2 -3.4524 3.2251 -25.0282 -3.4426 3.2467 -25.2268 0.1800 0.2000 0.4314 0.3922 0.1961 25.5180 2.0000 
464 465 2 -3.4426 3.2467 -25.2268 -3.4198 3.2520 -25.4254 0.1800 0.2000 0.4314 0.3922 0.1961 25.6214 2.0000 
465 466 2 -3.4198 3.2520 -25.4254 -3.3746 3.2652 -25.6198 0.1800 0.2000 0.4314 0.3922 0.1961 25.7256 2.0000 
466 467 2 -3.3746 3.2652 -25.6198 -3.3358 3.2640 -25.8160 0.1800 0.2000 0.4314 0.3922 0.1961 25.8305 2.0000 
467 468 2 -3.3358 3.2640 -25.8160 -3.2978 3.2590 -26.0123 0.1800 0.2000 0.4314 0.3922 0.1961 25.9363 2.0000 
468 469 2 -3.2978 3.2590 -26.0123 -3.2704 3.2806 -26.2092 0.1800 0.2000 0.4314 0.3922 0.1961 26.0429 2.0000 
469 470 2 -3.2704 3.2806 -26.2092 -3.2831 3.3097 -26.4066 0.1800 0.2000 0.4314 0.3922 0.1961 26.1503 2.0000 
470 471 2 -3.2831 3.3097 -26.4066 -3.2720 3.3328 -26.6050 0.1800 0.2000 0.4314 0.3922 0.1961 26.2586 2.0000 
471 472 2 -3.2720 3.3328 -26.6050 -3.2619 3.3457 -26.8043 0.1800 0.2000 0.4314 0.3922 0.1961 26.3677 2.0000 
472 473 2 -3.2619 3.3457 -26.8043 -3.2426 3.3670 -27.0023 0.1800 0.2000 0.4314 0.3922 0.1961 26.4777 2.0000 
473 474 2 -3.2426 3.3670 -27.0023 -3.2106 3.3964 -27.1975 0.1800 0.2000 0.4314 0.3922 0.1961 26.5886 2.0000 
474 475 2 -3.2106 3.3964 -27.1975 -3.2125 3.4561 -27.3883 0.1800 0.2000 0.4314 0.3922 0.1961 26.7003 2.0000 
475 476 2 -3.2125 3.4561 -27.3883 -3.2170 3.5123 -27.5802 0.1800 0.2000 0.4314 0.3922 0.1961 26.8130 2.0000 
476 477 2 -3.2170 3.5123 -27.5802 -3.2247 3.5466 -27.7771 0.1800 0.2000 0.4314 0.3922 0.1961 26.9266 2.0000 
477 478 2 -3.2247 3.5466 -27.7771 -3.2348 3.5584 -27.9765 0.1800 0.2000 0.4314 0.3922 0.1961 27.0412 2.0000 
478 479 2 -3.2348 3.5584 -27.9765 -3.2400 3.5842 -28.1748 0.1800 0.2000 0.4314 0.3922 0.1961 27.1567 2.0000 
479 480 2 -3.2400 3.5842 -28.1748 -3.2477 3.5526 -28.3721 0.1800 0.2000 0.4314 0.3922 0.1961 27.2731 2.0000 
480 481 2 -3.2477 3.5526 -28.3721 -3.2293 3.5552 -28.5712 0.1800 0.2000 0.4314 0.3922 0.1961 27.3906 2.0000 
481 482 2 -3.2293 3.5552 -28.5712 -3.2385 3.5492 -28.7709 0.1800 0.2000 0.4314 0.3922 0.1961 27.5091 2.0000 
482 483 2 -3.2385 3.5492 -28.7709 -3.2449 3.5462 -28.9708 0.1800 0.2000 0.4314 0.3922 0.1961 27.6286 2.0000 
483 484 2 -3.2449 3.5462 -28.9708 -3.2457 3.5815 -29.1677 0.1800 0.2000 0.4314 0.3922 0.1961 27.7492 2.0000 
484 485 2 -3.2457 3.5815 -29.1677 -3.2641 3.5974 -29.3662 0.1800 0.2000 0.4314 0.3922 0.1961 27.8708 2.0000 
485 486 2 -3.2641 3.5974 -29.3662 -3.2887 3.6078 -29.5644 0.1800 0.2000 0.4314 0.3922 0.1961 27.9935 2.0000 
486 487 2 -3.2887 3.6078 -29.5644 -3.3129 3.6097 -29.7629 0.1800 0.2000 0.4314 0.3922 0.1961 28.1173 2.0000 
487 488 2 -3.3129 3.6097 -29.7629 -3.3382 3.6026 -29.9612 0.1800 0.2000 0.4314 0.3922 0.1961 28.2422 2.0000 
488 489 2 -3.3382 3.6026 -29.9612 -3.3430 3.6077 -30.1611 0.1800 0.2000 0.4314 0.3922 0.1961 28.3683 2.0000 
489 490 2 -3.3430 3.6077 -30.1611 -3.3386 3.6090 -30.3610 0.1800 0.2000 0.4314 0.3922 0.1961 28.4955 2.0000 
490 491 2 -3.3386 3.6090 -30.3610 -3.3197 3.5753 -30.5572 0.1800 0.2000 0.4314 0.3922 0.1961 28.6239 2.0000 
491 492 2 -3.3197 3.5753 -30.5572 -3.2964 3.5113 -30.7453 0.1800 0.2000 0.4314 0.3922 0.1961 28.7535 2.0000 
492 493 2 -3.2964 3.5113 -30.7453 -3.2505 3.5001 -30.9396 0.1800 0.2000 0.4314 0.3922 0.1961 28.8843 2.0000 
493 494 2 -3.2505 3.5001 -30.9396 -3.2076 3.4798 -31.1339 0.1800 0.2000 0.4314 0.3922 0.1961 29.0164 2.0000 
494 495 2 -3.2076 3.4798 -31.1339 -3.2006 3.4522 -31.3319 0.1800 0.2000 0.4314 0.3922 0.1961 29.1498 2.0000 
495 496 2 -3.2006 3.4522 -31.3319 -3.2038 3.4301 -31.5306 0.1800 0.2000 0.4314 0.3922 0.1961 29.2844 2.0000 
496 497 2 -3.2038 3.4301 -31.5306 -3.2315 3.4169 -31.7283 0.1800 0.2000 0.4314 0.3922 0.1961 29.4204 2.0000 
497 498 2 -3.2315 3.4169 -31.7283 -3.2701 3.3963 -31.9234 0.1800 0.2000 0.4314 0.3922 0.1961 29.5578 2.0000 
498 499 2 -3.2701 3.3963 -31.9234 -3.3069 3.3740 -32.1188 0.1800 0.2000 0.4314 0.3922 0.1961 29.6965 2.0000 
499 500 2 -3.3069 3.3740 -32.1188 -3.3333 3.3376 -32.3136 0.1800 0.2000 0.4314 0.3922 0.1961 29.8366 2.0000 
500 501 2 -3.3333 3.3376 -32.3136 -3.3711 3.3337 -32.5100 0.1800 0.2000 0.4314 0.3922 0.1961 29.9782 2.0000 
501 502 2 -3.3711 3.3337 -32.5100 -3.3737 3.3346 -32.5405 0.1800 0.0306 0.4314 0.3922 0.1961 30.0000 2.0000 
3 503 3 0.0297 0.0272 -3.4680 0.0054 0.2066 -3.5530 0.1800 0.2000 0.4314 0.3922 0.1961 17.0340 2.0000 
503 504 3 0.0054 0.2066 -3.5530 -0.0007 0.3539 -3.6882 0.1800 0.2000 0.4314 0.3922 0.1961 17.2905 2.0000 
504 505 3 -0.0007 0.3539 -3.6882 0.0240 0.5289 -3.7818 0.1800 0.2000 0.4314 0.3922 0.1961 17.5480 2.0000 
505 506 3 0.0240 0.5289 -3.7818 0.0449 0.6866 -3.9030 0.1800 0.2000 0.4314 0.3922 0.1961 17.8065 2.0000 
506 507 3 0.0449 0.6866 -3.9030 0.0652 0.8335 -4.0372 0.1800 0.2000 0.4314 0.3922 0.1961 18.0660 2.0000 
507 508 3 0.0652 0.8335 -4.0372 0.1197 0.9767 -4.1658 0.1800 0.2000 0.4314 0.3922 0.1961 18.3266 2.0000 
508 509 3 0.1197 0.9767 -4.1658 0.1643 1.1192 -4.2988 0.1800 0.2000 0.4314 0.3922 0.1961 18.5883 2.0000 
509 510 3 0.1643 1.1192 -4.2988 0.2095 1.2605 -4.4330 0.1800 0.2000 0.4314 0.3922 0.1961 18.8509 2.0000 
510 511 3 0.2095 1.2605 -4.4330 0.2487 1.3982 -4.5727 0.1800 0.2000 0.4314 0.3922 0.1961 19.1147 2.0000 
511 512 3 0.2487 1.3982 -4.5727 0.3001 1.5320 -4.7121 0.1800 0.2000 0.4314 0.3922 0.1961 19.3795 2.0000 
512 513 3 0.3001 1.5320 -4.7121 0.3726 1.6540 -4.8531 0.1800 0.2000 0.4314 0.3922 0.1961 19.6454 2.0000 
513 514 3 0.3726 1.6540 -4.8531 0.4447 1.7761 -4.9941 0.1800 0.2000 0.4314 0.3922 0.1961 19.9124 2.0000 
514 515 3 0.4447 1.7761 -4.9941 0.5106 1.8588 -5.1639 0.1800 0.2000 0.4314 0.3922 0.1961 20.1805 2.0000 
515 516 3 0.5106 1.8588 -5.1639 0.5696 1.8967 -5.3512 0.1800 0.2000 0.4314 0.3922 0.1961 20.4497 2.0000 
516 517 3 0.5696 1.8967 -5.3512 0.6187 1.9267 -5.5427 0.1800 0.2000 0.4314 0.3922 0.1961 20.7200 2.0000 
517 518 3 0.6187 1.9267 -5.5427 0.6605 1.9524 -5.7366 0.1800 0.2000 0.4314 0.3922 0.1961 20.9914 2.0000 
518 519 3 0.6605 1.9524 -5.7366 0.6990 1.9777 -5.9312 0.1800 0.2000 0.4314 0.3922 0.1961 21.2639 2.0000 
519 520 3 0.6990 1.9777 -5.9312 0.7309 2.0054 -6.1267 0.1800 0.2000 0.4314 0.3922 0.1961 21.5376 2.0000 
520 521 3 0.7309 2.0054 -6.1267 0.7590 2.0256 -6.3237 0.1800 0.2000 0.4314 0.3922 0.1961 21.8125 2.0000 
521 522 3 0.7590 2.0256 -6.3237 0.7629 2.0330 -6.5235 0.1800 0.2000 0.4314 0.3922 0.1961 22.0885 2.0000 
522 523 3 0.7629 2.0330 -6.5235 0.7590 2.0351 -6.7235 0.1800 0.2000 0.4314 0.3922 0.1961 22.3657 2.0000 
523 524 3 0.7590 2.0351 -6.7235 0.7721 2.0187 -6.9224 0.1800 0.2000 0.4314 0.3922 0.1961 22.6441 2.0000 
524 525 3 0.7721 2.0187 -6.9224 0.7805 2.0140 -7.1221 0.1800 0.2000 0.4314 0.3922 0.1961 22.9236 2.0000 
525 526 3 0.7805 2.0140 -7.1221 0.8028 2.0017 -7.3205 0.1800 0.2000 0.4314 0.3922 0.1961 23.2044 2.0000 
526 527 3 0.8028 2.0017 -7.3205 0.8269 1.9755 -7.5173 0.1800 0.2000 0.4314 0.3922 0.1961 23.4864 2.0000 
527 528 3 0.8269 1.9755 -7.5173 0.8319 1.9742 -7.7173 0.1800 0.2000 0.4314 0.3922 0.1961 23.7696 2.0000 
528 529 3 0.8319 1.9742 -7.7173 0.8384 1.9592 -7.9166 0.1800 0.2000 0.4314 0.3922 0.1961 24.0540 2.0000 
529 530 3 0.8384 1.9592 -7.9166 0.8543 1.9235 -8.1127 0.1800 0.2000 0.4314 0.3922 0.1961 24.3397 2.0000 
530 531 3 0.8543 1.9235 -8.1127 0.8838 1.9055 -8.3097 0.1800 0.2000 0.4314 0.3922 0.1961 24.6266 2.0000 
531 532 3 0.8838 1.9055 -8.3097 0.9257 1.9237 -8.5044 0.1800 0.2000 0.4314 0.3922 0.1961 24.9148 2.0000 
532 533 3 0.9257 1.9237 -8.5044 0.9732 1.9178 -8.6986 0.1800 0.2000 0.4314 0.3922 0.1961 25.2043 2.0000 
533 534 3 0.9732 1.9178 -8.6986 1.0118 1.9097 -8.8947 0.1800 0.2000 0.4314 0.3922 0.1961 25.4951 2.0000 
534 535 3 1.0118 1.9097 -8.8947 1.0306 1.9112 -9.0938 0.1800 0.2000 0.4314 0.3922 0.1961 25.7871 2.0000 
535 536 3 1.0306 1.9112 -9.0938 1.0473 1.9150 -9.2931 0.1800 0.2000 0.4314 0.3922 0.1961 26.0805 2.0000 
536 537 3 1.0473 1.9150 -9.2931 1.0481 1.9531 -9.4894 0.1800 0.2000 0.4314 0.3922 0.1961 26.3752 2.0000 
537 538 3 1.0481 1.9531 -9.4894 1.0431 1.9814 -9.6873 0.1800 0.2000 0.4314 0.3922 0.1961 26.6713 2.0000 
538 539 3 1.0431 1.9814 -9.6873 1.0094 1.9928 -9.8841 0.1800 0.2000 0.4314 0.3922 0.1961 26.9687 2.0000 
539 540 3 1.0094 1.9928 -9.8841 1.0072 1.9972 -10.0841 0.1800 0.2000 0.4314 0.3922 0.1961 27.2674 2.0000 
540 541 3 1.0072 1.9972 -10.0841 1.0009 1.9899 -10.2838 0.1800 0.2000 0.4314 0.3922 0.1961 27.5676 2.0000 
541 542 3 1.0009 1.9899 -10.2838 0.9852 1.9743 -10.4826 0.1800 0.2000 0.4314 0.3922 0.1961 27.8691 2.0000 
542 543 3 0.9852 1.9743 -10.4826 0.9772 1.9653 -10.6822 0.1800 0.2000 0.4314 0.3922 0.1961 28.1720 2.0000 
543 544 3 0.9772 1.9653 -10.6822 0.9614 1.9492 -10.8810 0.1800 0.2000 0.4314 0.3922 0.1961 28.4763 2.0000 
544 545 3 0.9614 1.9492 -10.8810 0.9753 1.9315 -11.0797 0.1800 0.2000 0.4314 0.3922 0.1961 28.7821 2.0000 
545 546 3 0.9753 1.9315 -11.0797 0.9713 1.9068 -11.2781 0.1800 0.2000 0.4314 0.3922 0.1961 29.0892 2.0000 
546 547 3 0.9713 1.9068 -11.2781 0.9499 1.8722 -11.4739 0.1800 0.2000 0.4314 0.3922 0.1961 29.3979 2.0000 
547 548 3 0.9499 1.8722 -11.4739 0.9081 1.8058 -11.6579 0.1800 0.2000 0.4314 0.3922 0.1961 29.7080 2.0000 
548 549 3 0.9081 1.8058 -11.6579 0.8469 1.7264 -11.8164 0.1800 0.1875 0.4314 0.3922 0.1961 30.0000 2.0000 
5 550 4 0.0204 0.0431 -3.7535 0.0585 0.2225 -3.8333 0.1800 0.2000 0.4314 0.3922 0.1961 17.2091 2.0000 
550 551 4 0.0585 0.2225 -3.8333 0.0963 0.4020 -3.9128 0.1800 0.2000 0.4314 0.3922 0.1961 17.3067 2.0000 
551 552 4 0.0963 0.4020 -3.9128 0.1342 0.5814 -3.9927 0.1800 0.2000 0.4314 0.3922 0.1961 17.4046 2.0000 
552 553 4 0.1342 0.5814 -3.9927 0.1773 0.7597 -4.0723 0.1800 0.2000 0.4314 0.3922 0.1961 17.5030 2.0000 
553 554 4 0.1773 0.7597 -4.0723 0.2276 0.9341 -4.1563 0.1800 0.2000 0.4314 0.3922 0.1961 17.6018 2.0000 
554 555 4 0.2276 0.9341 -4.1563 0.2896 1.1082 -4.2330 0.1800 0.2000 0.4314 0.3922 0.1961 17.7009 2.0000 
555 556 4 0.2896 1.1082 -4.2330 0.3468 1.2776 -4.3226 0.1800 0.2000 0.4314 0.3922 0.1961 17.8005 2.0000 
556 557 4 0.3468 1.2776 -4.3226 0.4008 1.4532 -4.4015 0.1800 0.2000 0.4314 0.3922 0.1961 17.9004 2.0000 
557 558 4 0.4008 1.4532 -4.4015 0.4565 1.6134 -4.5074 0.1800 0.2000 0.4314 0.3922 0.1961 18.0008 2.0000 
558 559 4 0.4565 1.6134 -4.5074 0.5123 1.7736 -4.6135 0.1800 0.2000 0.4314 0.3922 0.1961 18.1016 2.0000 
559 560 4 0.5123 1.7736 -4.6135 0.5958 1.9375 -4.6920 0.1800 0.2000 0.4314 0.3922 0.1961 18.2027 2.0000 
560 561 4 0.5958 1.9375 -4.6920 0.6728 2.0931 -4.7912 0.1800 0.2000 0.4314 0.3922 0.1961 18.3043 2.0000 
561 562 4 0.6728 2.0931 -4.7912 0.7406 2.2374 -4.9120 0.1800 0.2000 0.4314 0.3922 0.1961 18.4063 2.0000 
562 563 4 0.7406 2.2374 -4.9120 0.8218 2.3482 -5.0574 0.1800 0.2000 0.4314 0.3922 0.1961 18.5088 2.0000 
563 564 4 0.8218 2.3482 -5.0574 0.9040 2.4713 -5.1918 0.1800 0.2000 0.4314 0.3922 0.1961 18.6116 2.0000 
564 565 4 0.9040 2.4713 -5.1918 0.9691 2.5993 -5.3310 0.1800 0.2000 0.4314 0.3922 0.1961 18.7149 2.0000 
565 566 4 0.9691 2.5993 -5.3310 0.9835 2.7197 -5.4901 0.1800 0.2000 0.4314 0.3922 0.1961 18.8186 2.0000 
566 567 4 0.9835 2.7197 -5.4901 0.9940 2.8434 -5.6468 0.1800 0.2000 0.4314 0.3922 0.1961 18.9227 2.0000 
567 568 4 0.9940 2.8434 -5.6468 0.9721 2.9655 -5.8038 0.1800 0.2000 0.4314 0.3922 0.1961 19.0273 2.0000 
568 569 4 0.9721 2.9655 -5.8038 0.9425 3.0821 -5.9635 0.1800 0.2000 0.4314 0.3922 0.1961 19.1323 2.0000 
569 570 4 0.9425 3.0821 -5.9635 0.8845 3.1734 -6.1318 0.1800 0.2000 0.4314 0.3922 0.1961 19.2378 2.0000 
570 571 4 0.8845 3.1734 -6.1318 0.8259 3.2539 -6.3052 0.1800 0.2000 0.4314 0.3922 0.1961 19.3437 2.0000 
571 572 4 0.8259 3.2539 -6.3052 0.8177 3.3464 -6.4823 0.1800 0.2000 0.4314 0.3922 0.1961 19.4501 2.0000 
572 573 4 0.8177 3.3464 -6.4823 0.7755 3.4708 -6.6332 0.1800 0.2000 0.4314 0.3922 0.1961 19.5569 2.0000 
573 574 4 0.7755 3.4708 -6.6332 0.7566 3.6118 -6.7738 0.1800 0.2000 0.4314 0.3922 0.1961 19.6642 2.0000 
574 575 4 0.7566 3.6118 -6.7738 0.7124 3.7018 -6.9468 0.1800 0.2000 0.4314 0.3922 0.1961 19.7720 2.0000 
575 576 4 0.7124 3.7018 -6.9468 0.6922 3.7962 -7.1220 0.1800 0.2000 0.4314 0.3922 0.1961 19.8802 2.0000 
576 577 4 0.6922 3.7962 -7.1220 0.6638 3.8952 -7.2934 0.1800 0.2000 0.4314 0.3922 0.1961 19.9889 2.0000 
577 578 4 0.6638 3.8952 -7.2934 0.6657 4.0358 -7.4356 0.1800 0.2000 0.4314 0.3922 0.1961 20.0981 2.0000 
578 579 4 0.6657 4.0358 -7.4356 0.6770 4.1729 -7.5808 0.1800 0.2000 0.4314 0.3922 0.1961 20.2078 2.0000 
579 580 4 0.6770 4.1729 -7.5808 0.7006 4.3010 -7.7326 0.1800 0.2000 0.4314 0.3922 0.1961 20.3179 2.0000 
580 581 4 0.7006 4.3010 -7.7326 0.7164 4.3940 -7.9089 0.1800 0.2000 0.4314 0.3922 0.1961 20.4286 2.0000 
581 582 4 0.7164 4.3940 -7.9089 0.7708 4.4544 -8.0916 0.1800 0.2000 0.4314 0.3922 0.1961 20.5397 2.0000 
582 583 4 0.7708 4.4544 -8.0916 0.8770 4.4640 -8.2609 0.1800 0.2000 0.4314 0.3922 0.1961 20.6513 2.0000 
583 584 4 0.8770 4.4640 -8.2609 0.9781 4.4715 -8.4333 0.1800 0.2000 0.4314 0.3922 0.1961 20.7635 2.0000 
584 585 4 0.9781 4.4715 -8.4333 1.0690 4.4726 -8.6114 0.1800 0.2000 0.4314 0.3922 0.1961 20.8761 2.0000 
585 586 4 1.0690 4.4726 -8.6114 1.1601 4.4672 -8.7894 0.1800 0.2000 0.4314 0.3922 0.1961 20.9893 2.0000 
586 587 4 1.1601 4.4672 -8.7894 1.2513 4.4625 -8.9673 0.1800 0.2000 0.4314 0.3922 0.1961 21.1030 2.0000 
587 588 4 1.2513 4.4625 -8.9673 1.3308 4.4323 -9.1483 0.1800 0.2000 0.4314 0.3922 0.1961 21.2172 2.0000 
588 589 4 1.3308 4.4323 -9.1483 1.3840 4.3987 -9.3382 0.1800 0.2000 0.4314 0.3922 0.1961 21.3319 2.0000 
589 590 4 1.3840 4.3987 -9.3382 1.3883 4.3484 -9.5317 0.1800 0.2000 0.4314 0.3922 0.1961 21.4471 2.0000 
590 591 4 1.3883 4.3484 -9.5317 1.3873 4.2982 -9.7253 0.1800 0.2000 0.4314 0.3922 0.1961 21.5629 2.0000 
591 592 4 1.3873 4.2982 -9.7253 1.4451 4.2684 -9.9144 0.1800 0.2000 0.4314 0.3922 0.1961 21.6793 2.0000 
592 593 4 1.4451 4.2684 -9.9144 1.5387 4.2423 -10.0892 0.1800 0.2000 0.4314 0.3922 0.1961 21.7962 2.0000 
593 594 4 1.5387 4.2423 -10.0892 1.6346 4.2230 -10.2637 0.1800 0.2000 0.4314 0.3922 0.1961 21.9136 2.0000 
594 595 4 1.6346 4.2230 -10.2637 1.7486 4.2013 -10.4266 0.1800 0.2000 0.4314 0.3922 0.1961 22.0316 2.0000 
595 596 4 1.7486 4.2013 -10.4266 1.8506 4.1752 -10.5966 0.1800 0.2000 0.4314 0.3922 0.1961 22.1502 2.0000 
596 597 4 1.8506 4.1752 -10.5966 1.9564 4.1560 -10.7652 0.1800 0.2000 0.4314 0.3922 0.1961 22.2693 2.0000 
597 598 4 1.9564 4.1560 -10.7652 2.0415 4.1426 -10.9457 0.1800 0.2000 0.4314 0.3922 0.1961 22.3890 2.0000 
598 599 4 2.0415 4.1426 -10.9457 2.1450 4.1039 -11.1124 0.1800 0.2000 0.4314 0.3922 0.1961 22.5093 2.0000 
599 600 4 2.1450 4.1039 -11.1124 2.2616 4.0705 -11.2714 0.1800 0.2000 0.4314 0.3922 0.1961 22.6302 2.0000 
600 601 4 2.2616 4.0705 -11.2714 2.3579 4.0011 -11.4324 0.1800 0.2000 0.4314 0.3922 0.1961 22.7516 2.0000 
601 602 4 2.3579 4.0011 -11.4324 2.4480 3.9258 -11.5943 0.1800 0.2000 0.4314 0.3922 0.1961 22.8737 2.0000 
602 603 4 2.4480 3.9258 -11.5943 2.5520 3.8715 -11.7563 0.1800 0.2000 0.4314 0.3922 0.1961 22.9963 2.0000 
603 604 4 2.5520 3.8715 -11.7563 2.6622 3.8114 -11.9120 0.1800 0.2000 0.4314 0.3922 0.1961 23.1196 2.0000 
604 605 4 2.6622 3.8114 -11.9120 2.7631 3.7619 -12.0774 0.1800 0.2000 0.4314 0.3922 0.1961 23.2435 2.0000 
605 606 4 2.7631 3.7619 -12.0774 2.8532 3.7464 -12.2553 0.1800 0.2000 0.4314 0.3922 0.1961 23.3680 2.0000 
606 607 4 2.8532 3.7464 -12.2553 2.9329 3.7546 -12.4386 0.1800 0.2000 0.4314 0.3922 0.1961 23.4931 2.0000 
607 608 4 2.9329 3.7546 -12.4386 2.9939 3.7654 -12.6287 0.1800 0.2000 0.4314 0.3922 0.1961 23.6189 2.0000 
608 609 4 2.9939 3.7654 -12.6287 3.0541 3.7691 -12.8194 0.1800 0.2000 0.4314 0.3922 0.1961 23.7453 2.0000 
609 610 4 3.0541 3.7691 -12.8194 3.1124 3.7776 -13.0105 0.1800 0.2000 0.4314 0.3922 0.1961 23.8723 2.0000 
610 611 4 3.1124 3.7776 -13.0105 3.1636 3.8067 -13.2017 0.1800 0.2000 0.4314 0.3922 0.1961 24.0000 2.0000 
611 612 4 3.1636 3.8067 -13.2017 3.2129 3.8331 -13.3937 0.1800 0.2000 0.4314 0.3922 0.1961 24.1284 2.0000 
612 613 4 3.2129 3.8331 -13.3937 3.2720 3.8633 -13.5824 0.1800 0.2000 0.4314 0.3922 0.1961 24.2574 2.0000 
613 614 4 3.2720 3.8633 -13.5824 3.2785 3.8921 -13.7802 0.1800 0.2000 0.4314 0.3922 0.1961 24.3871 2.0000 
614 615 4 3.2785 3.8921 -13.7802 3.2754 3.9085 -13.9795 0.1800 0.2000 0.4314 0.3922 0.1961 24.5175 2.0000 
615 616 4 3.2754 3.9085 -13.9795 3.2916 3.9121 -14.1788 0.1800 0.2000 0.4314 0.3922 0.1961 24.6486 2.0000 
616 617 4 3.2916 3.9121 -14.1788 3.2895 3.9225 -14.3785 0.1800 0.2000 0.4314 0.3922 0.1961 24.7804 2.0000 
617 618 4 3.2895 3.9225 -14.3785 3.2863 3.9746 -14.5716 0.1800 0.2000 0.4314 0.3922 0.1961 24.9128 2.0000 
618 619 4 3.2863 3.9746 -14.5716 3.2774 4.0333 -14.7625 0.1800 0.2000 0.4314 0.3922 0.1961 25.0460 2.0000 
619 620 4 3.2774 4.0333 -14.7625 3.2830 4.0671 -14.9596 0.1800 0.2000 0.4314 0.3922 0.1961 25.1799 2.0000 
620 621 4 3.2830 4.0671 -14.9596 3.2973 4.0794 -15.1587 0.1800 0.2000 0.4314 0.3922 0.1961 25.3146 2.0000 
621 622 4 3.2973 4.0794 -15.1587 3.3271 4.0713 -15.3563 0.1800 0.2000 0.4314 0.3922 0.1961 25.4499 2.0000 
622 623 4 3.3271 4.0713 -15.3563 3.3390 4.0596 -15.5556 0.1800 0.2000 0.4314 0.3922 0.1961 25.5860 2.0000 
623 624 4 3.3390 4.0596 -15.5556 3.3471 4.0557 -15.7554 0.1800 0.2000 0.4314 0.3922 0.1961 25.7229 2.0000 
624 625 4 3.3471 4.0557 -15.7554 3.3503 4.0493 -15.9553 0.1800 0.2000 0.4314 0.3922 0.1961 25.8605 2.0000 
625 626 4 3.3503 4.0493 -15.9553 3.3662 3.9912 -16.1460 0.1800 0.2000 0.4314 0.3922 0.1961 25.9989 2.0000 
626 627 4 3.3662 3.9912 -16.1460 3.3790 3.9375 -16.3382 0.1800 0.2000 0.4314 0.3922 0.1961 26.1380 2.0000 
627 628 4 3.3790 3.9375 -16.3382 3.3921 3.8837 -16.5304 0.1800 0.2000 0.4314 0.3922 0.1961 26.2779 2.0000 
628 629 4 3.3921 3.8837 -16.5304 3.3990 3.8120 -16.7170 0.1800 0.2000 0.4314 0.3922 0.1961 26.4187 2.0000 
629 630 4 3.3990 3.8120 -16.7170 3.3984 3.7600 -16.9101 0.1800 0.2000 0.4314 0.3922 0.1961 26.5602 2.0000 
630 631 4 3.3984 3.7600 -16.9101 3.3830 3.7109 -17.1034 0.1800 0.2000 0.4314 0.3922 0.1961 26.7025 2.0000 
631 632 4 3.3830 3.7109 -17.1034 3.3696 3.6626 -17.2970 0.1800 0.2000 0.4314 0.3922 0.1961 26.8457 2.0000 
632 633 4 3.3696 3.6626 -17.2970 3.3625 3.6160 -17.4914 0.1800 0.2000 0.4314 0.3922 0.1961 26.9897 2.0000 
633 634 4 3.3625 3.6160 -17.4914 3.3961 3.5762 -17.6844 0.1800 0.2000 0.4314 0.3922 0.1961 27.1345 2.0000 
634 635 4 3.3961 3.5762 -17.6844 3.4096 3.5642 -17.8836 0.1800 0.2000 0.4314 0.3922 0.1961 27.2802 2.0000 
635 636 4 3.4096 3.5642 -17.8836 3.4532 3.5865 -18.0775 0.1800 0.2000 0.4314 0.3922 0.1961 27.4268 2.0000 
636 637 4 3.4532 3.5865 -18.0775 3.4774 3.6334 -18.2704 0.1800 0.2000 0.4314 0.3922 0.1961 27.5742 2.0000 
637 638 4 3.4774 3.6334 -18.2704 3.4925 3.6949 -18.4602 0.1800 0.2000 0.4314 0.3922 0.1961 27.7225 2.0000 
638 639 4 3.4925 3.6949 -18.4602 3.4996 3.7489 -18.6526 0.1800 0.2000 0.4314 0.3922 0.1961 27.8716 2.0000 
639 640 4 3.4996 3.7489 -18.6526 3.4997 3.7962 -18.8469 0.1800 0.2000 0.4314 0.3922 0.1961 28.0217 2.0000 
640 641 4 3.4997 3.7962 -18.8469 3.4829 3.8359 -19.0422 0.1800 0.2000 0.4314 0.3922 0.1961 28.1727 2.0000 
641 642 4 3.4829 3.8359 -19.0422 3.5249 3.8750 -19.2338 0.1800 0.2000 0.4314 0.3922 0.1961 28.3246 2.0000 
642 643 4 3.5249 3.8750 -19.2338 3.5667 3.9117 -19.4259 0.1800 0.2000 0.4314 0.3922 0.1961 28.4775 2.0000 
643 644 4 3.5667 3.9117 -19.4259 3.6037 3.9407 -19.6203 0.1800 0.2000 0.4314 0.3922 0.1961 28.6313 2.0000 
644 645 4 3.6037 3.9407 -19.6203 3.6215 3.9656 -19.8180 0.1800 0.2000 0.4314 0.3922 0.1961 28.7860 2.0000 
645 646 4 3.6215 3.9656 -19.8180 3.6446 3.9923 -20.0148 0.1800 0.2000 0.4314 0.3922 0.1961 28.9418 2.0000 
646 647 4 3.6446 3.9923 -20.0148 3.6810 3.9920 -20.2115 0.1800 0.2000 0.4314 0.3922 0.1961 29.0985 2.0000 
647 648 4 3.6810 3.9920 -20.2115 3.7164 3.9661 -20.4066 0.1800 0.2000 0.4314 0.3922 0.1961 29.2562 2.0000 
648 649 4 3.7164 3.9661 -20.4066 3.7591 3.9446 -20.6008 0.1800 0.2000 0.4314 0.3922 0.1961 29.4149 2.0000 
649 650 4 3.7591 3.9446 -20.6008 3.7947 3.9241 -20.7966 0.1800 0.2000 0.4314 0.3922 0.1961 29.5746 2.0000 
650 651 4 3.7947 3.9241 -20.7966 3.7916 3.9165 -20.9964 0.1800 0.2000 0.4314 0.3922 0.1961 29.7354 2.0000 
651 652 4 3.7916 3.9165 -20.9964 3.7502 3.9059 -21.1918 0.1800 0.2000 0.4314 0.3922 0.1961 29.8972 2.0000 
652 653 4 3.7502 3.9059 -21.1918 3.7361 3.8894 -21.3163 0.1800 0.1264 0.4314 0.3922 0.1961 30.0000 2.0000 
7 654 5 0.0274 0.0462 -4.0282 -0.1122 -0.0314 -4.1487 0.1800 0.2000 0.4314 0.3922 0.1961 17.6966 2.0000 
654 655 5 -0.1122 -0.0314 -4.1487 -0.2523 -0.1077 -4.2693 0.1800 0.2000 0.4314 0.3922 0.1961 17.9603 2.0000 
655 656 5 -0.2523 -0.1077 -4.2693 -0.4083 -0.1647 -4.3806 0.1800 0.2000 0.4314 0.3922 0.1961 18.2249 2.0000 
656 657 5 -0.4083 -0.1647 -4.3806 -0.5376 -0.2595 -4.5002 0.1800 0.2000 0.4314 0.3922 0.1961 18.4906 2.0000 
657 658 5 -0.5376 -0.2595 -4.5002 -0.6413 -0.3854 -4.6160 0.1800 0.2000 0.4314 0.3922 0.1961 18.7574 2.0000 
658 659 5 -0.6413 -0.3854 -4.6160 -0.7231 -0.5093 -4.7500 0.1800 0.2000 0.4314 0.3922 0.1961 19.0253 2.0000 
659 660 5 -0.7231 -0.5093 -4.7500 -0.8050 -0.6331 -4.8840 0.1800 0.2000 0.4314 0.3922 0.1961 19.2942 2.0000 
660 661 5 -0.8050 -0.6331 -4.8840 -0.8732 -0.7499 -5.0313 0.1800 0.2000 0.4314 0.3922 0.1961 19.5642 2.0000 
661 662 5 -0.8732 -0.7499 -5.0313 -0.9158 -0.8757 -5.1809 0.1800 0.2000 0.4314 0.3922 0.1961 19.8353 2.0000 
662 663 5 -0.9158 -0.8757 -5.1809 -0.9670 -0.9860 -5.3396 0.1800 0.2000 0.4314 0.3922 0.1961 20.1074 2.0000 
663 664 5 -0.9670 -0.9860 -5.3396 -1.0182 -1.0849 -5.5058 0.1800 0.2000 0.4314 0.3922 0.1961 20.3807 2.0000 
664 665 5 -1.0182 -1.0849 -5.5058 -1.0902 -1.1631 -5.6752 0.1800 0.2000 0.4314 0.3922 0.1961 20.6551 2.0000 
665 666 5 -1.0902 -1.1631 -5.6752 -1.1396 -1.2258 -5.8586 0.1800 0.2000 0.4314 0.3922 0.1961 20.9307 2.0000 
666 667 5 -1.1396 -1.2258 -5.8586 -1.1431 -1.2767 -6.0519 0.1800 0.2000 0.4314 0.3922 0.1961 21.2074 2.0000 
667 668 5 -1.1431 -1.2767 -6.0519 -1.1408 -1.3147 -6.2483 0.1800 0.2000 0.4314 0.3922 0.1961 21.4852 2.0000 
668 669 5 -1.1408 -1.3147 -6.2483 -1.1526 -1.3644 -6.4417 0.1800 0.2000 0.4314 0.3922 0.1961 21.7642 2.0000 
669 670 5 -1.1526 -1.3644 -6.4417 -1.1417 -1.3827 -6.6405 0.1800 0.2000 0.4314 0.3922 0.1961 22.0443 2.0000 
670 671 5 -1.1417 -1.3827 -6.6405 -1.1689 -1.4052 -6.8374 0.1800 0.2000 0.4314 0.3922 0.1961 22.3256 2.0000 
671 672 5 -1.1689 -1.4052 -6.8374 -1.1836 -1.4216 -7.0362 0.1800 0.2000 0.4314 0.3922 0.1961 22.6081 2.0000 
672 673 5 -1.1836 -1.4216 -7.0362 -1.2046 -1.4071 -7.2345 0.1800 0.2000 0.4314 0.3922 0.1961 22.8918 2.0000 
673 674 5 -1.2046 -1.4071 -7.2345 -1.2226 -1.4268 -7.4327 0.1800 0.2000 0.4314 0.3922 0.1961 23.1767 2.0000 
674 675 5 -1.2226 -1.4268 -7.4327 -1.2144 -1.4342 -7.6324 0.1800 0.2000 0.4314 0.3922 0.1961 23.4628 2.0000 
675 676 5 -1.2144 -1.4342 -7.6324 -1.1976 -1.4306 -7.8317 0.1800 0.2000 0.4314 0.3922 0.1961 23.7502 2.0000 
676 677 5 -1.1976 -1.4306 -7.8317 -1.1855 -1.4223 -8.0312 0.1800 0.2000 0.4314 0.3922 0.1961 24.0387 2.0000 
677 678 5 -1.1855 -1.4223 -8.0312 -1.1742 -1.4134 -8.2306 0.1800 0.2000 0.4314 0.3922 0.1961 24.3286 2.0000 
678 679 5 -1.1742 -1.4134 -8.2306 -1.1699 -1.4362 -8.4293 0.1800 0.2000 0.4314 0.3922 0.1961 24.6196 2.0000 
679 680 5 -1.1699 -1.4362 -8.4293 -1.1866 -1.4450 -8.6284 0.1800 0.2000 0.4314 0.3922 0.1961 24.9120 2.0000 
680 681 5 -1.1866 -1.4450 -8.6284 -1.1801 -1.4455 -8.8283 0.1800 0.2000 0.4314 0.3922 0.1961 25.2056 2.0000 
681 682 5 -1.1801 -1.4455 -8.8283 -1.1458 -1.4369 -9.0251 0.1800 0.2000 0.4314 0.3922 0.1961 25.5005 2.0000 
682 683 5 -1.1458 -1.4369 -9.0251 -1.1123 -1.4303 -9.2222 0.1800 0.2000 0.4314 0.3922 0.1961 25.7968 2.0000 
683 684 5 -1.1123 -1.4303 -9.2222 -1.0896 -1.4335 -9.4209 0.1800 0.2000 0.4314 0.3922 0.1961 26.0943 2.0000 
684 685 5 -1.0896 -1.4335 -9.4209 -1.0741 -1.4501 -9.6196 0.1800 0.2000 0.4314 0.3922 0.1961 26.3932 2.0000 
685 686 5 -1.0741 -1.4501 -9.6196 -1.0713 -1.5013 -9.8129 0.1800 0.2000 0.4314 0.3922 0.1961 26.6933 2.0000 
686 687 5 -1.0713 -1.5013 -9.8129 -1.0601 -1.5526 -10.0059 0.1800 0.2000 0.4314 0.3922 0.1961 26.9949 2.0000 
687 688 5 -1.0601 -1.5526 -10.0059 -1.0591 -1.5998 -10.2002 0.1800 0.2000 0.4314 0.3922 0.1961 27.2978 2.0000 
688 689 5 -1.0591 -1.5998 -10.2002 -1.0550 -1.6302 -10.3979 0.1800 0.2000 0.4314 0.3922 0.1961 27.6021 2.0000 
689 690 5 -1.0550 -1.6302 -10.3979 -1.0346 -1.6328 -10.5968 0.1800 0.2000 0.4314 0.3922 0.1961 27.9077 2.0000 
690 691 5 -1.0346 -1.6328 -10.5968 -1.0081 -1.6625 -10.7928 0.1800 0.2000 0.4314 0.3922 0.1961 28.2148 2.0000 
691 692 5 -1.0081 -1.6625 -10.7928 -0.9735 -1.6507 -10.9894 0.1800 0.2000 0.4314 0.3922 0.1961 28.5233 2.0000 
692 693 5 -0.9735 -1.6507 -10.9894 -0.9293 -1.6829 -11.1818 0.1800 0.2000 0.4314 0.3922 0.1961 28.8332 2.0000 
693 694 5 -0.9293 -1.6829 -11.1818 -0.8913 -1.6822 -11.3782 0.1800 0.2000 0.4314 0.3922 0.1961 29.1445 2.0000 
694 695 5 -0.8913 -1.6822 -11.3782 -0.8523 -1.6801 -11.5743 0.1800 0.2000 0.4314 0.3922 0.1961 29.4573 2.0000 
695 696 5 -0.8523 -1.6801 -11.5743 -0.7991 -1.6837 -11.7671 0.1800 0.2000 0.4314 0.3922 0.1961 29.7716 2.0000 
696 697 5 -0.7991 -1.6837 -11.7671 -0.7662 -1.7029 -11.9068 0.1800 0.1448 0.4314 0.3922 0.1961 30.0000 2.0000 
8 698 6 0.0238 0.0451 -4.1365 0.2018 0.1225 -4.1845 0.1800 0.2000 0.4314 0.3922 0.1961 17.6697 2.0000 
698 699 6 0.2018 0.1225 -4.1845 0.3644 0.2344 -4.2171 0.1800 0.2000 0.4314 0.3922 0.1961 17.7780 2.0000 
699 700 6 0.3644 0.2344 -4.2171 0.5253 0.3494 -4.2466 0.1800 0.2000 0.4314 0.3922 0.1961 17.8867 2.0000 
700 701 6 0.5253 0.3494 -4.2466 0.6975 0.4447 -4.2821 0.1800 0.2000 0.4314 0.3922 0.1961 17.9959 2.0000 
701 702 6 0.6975 0.4447 -4.2821 0.8775 0.5319 -4.2829 0.1800 0.2000 0.4314 0.3922 0.1961 18.1055 2.0000 
702 703 6 0.8775 0.5319 -4.2829 1.0590 0.6157 -4.2758 0.1800 0.2000 0.4314 0.3922 0.1961 18.2155 2.0000 
703 704 6 1.0590 0.6157 -4.2758 1.2419 0.6959 -4.2659 0.1800 0.2000 0.4314 0.3922 0.1961 18.3260 2.0000 
704 705 6 1.2419 0.6959 -4.2659 1.4257 0.7749 -4.2679 0.1800 0.2000 0.4314 0.3922 0.1961 18.4369 2.0000 
705 706 6 1.4257 0.7749 -4.2679 1.6115 0.8370 -4.3081 0.1800 0.2000 0.4314 0.3922 0.1961 18.5483 2.0000 
706 707 6 1.6115 0.8370 -4.3081 1.7876 0.9215 -4.3512 0.1800 0.2000 0.4314 0.3922 0.1961 18.6601 2.0000 
707 708 6 1.7876 0.9215 -4.3512 1.9715 0.9958 -4.3767 0.1800 0.2000 0.4314 0.3922 0.1961 18.7724 2.0000 
708 709 6 1.9715 0.9958 -4.3767 2.1626 1.0501 -4.4000 0.1800 0.2000 0.4314 0.3922 0.1961 18.8851 2.0000 
709 710 6 2.1626 1.0501 -4.4000 2.3505 1.1176 -4.4105 0.1800 0.2000 0.4314 0.3922 0.1961 18.9983 2.0000 
710 711 6 2.3505 1.1176 -4.4105 2.5346 1.1955 -4.4173 0.1800 0.2000 0.4314 0.3922 0.1961 19.1120 2.0000 
711 712 6 2.5346 1.1955 -4.4173 2.7292 1.2413 -4.4118 0.1800 0.2000 0.4314 0.3922 0.1961 19.2261 2.0000 
712 713 6 2.7292 1.2413 -4.4118 2.9245 1.2836 -4.4029 0.1800 0.2000 0.4314 0.3922 0.1961 19.3407 2.0000 
713 714 6 2.9245 1.2836 -4.4029 3.1152 1.3438 -4.4040 0.1800 0.2000 0.4314 0.3922 0.1961 19.4558 2.0000 
714 715 6 3.1152 1.3438 -4.4040 3.3058 1.4043 -4.4050 0.1800 0.2000 0.4314 0.3922 0.1961 19.5714 2.0000 
715 716 6 3.3058 1.4043 -4.4050 3.4940 1.4694 -4.4234 0.1800 0.2000 0.4314 0.3922 0.1961 19.6875 2.0000 
716 717 6 3.4940 1.4694 -4.4234 3.6822 1.5349 -4.4412 0.1800 0.2000 0.4314 0.3922 0.1961 19.8040 2.0000 
717 718 6 3.6822 1.5349 -4.4412 3.8740 1.5882 -4.4607 0.1800 0.2000 0.4314 0.3922 0.1961 19.9211 2.0000 
718 719 6 3.8740 1.5882 -4.4607 4.0648 1.6459 -4.4763 0.1800 0.2000 0.4314 0.3922 0.1961 20.0386 2.0000 
719 720 6 4.0648 1.6459 -4.4763 4.2560 1.7011 -4.4965 0.1800 0.2000 0.4314 0.3922 0.1961 20.1567 2.0000 
720 721 6 4.2560 1.7011 -4.4965 4.4479 1.7527 -4.5192 0.1800 0.2000 0.4314 0.3922 0.1961 20.2752 2.0000 
721 722 6 4.4479 1.7527 -4.5192 4.6452 1.7478 -4.5513 0.1800 0.2000 0.4314 0.3922 0.1961 20.3943 2.0000 
722 723 6 4.6452 1.7478 -4.5513 4.8430 1.7296 -4.5746 0.1800 0.2000 0.4314 0.3922 0.1961 20.5139 2.0000 
723 724 6 4.8430 1.7296 -4.5746 5.0421 1.7155 -4.5873 0.1800 0.2000 0.4314 0.3922 0.1961 20.6340 2.0000 
724 725 6 5.0421 1.7155 -4.5873 5.2418 1.7091 -4.5774 0.1800 0.2000 0.4314 0.3922 0.1961 20.7546 2.0000 
725 726 6 5.2418 1.7091 -4.5774 5.4418 1.7071 -4.5752 0.1800 0.2000 0.4314 0.3922 0.1961 20.8758 2.0000 
726 727 6 5.4418 1.7071 -4.5752 5.6405 1.7288 -4.5809 0.1800 0.2000 0.4314 0.3922 0.1961 20.9975 2.0000 
727 728 6 5.6405 1.7288 -4.5809 5.8365 1.7526 -4.6126 0.1800 0.2000 0.4314 0.3922 0.1961 21.1197 2.0000 
728 729 6 5.8365 1.7526 -4.6126 6.0353 1.7617 -4.6331 0.1800 0.2000 0.4314 0.3922 0.1961 21.2425 2.0000 
729 730 6 6.0353 1.7617 -4.6331 6.2286 1.7570 -4.6840 0.1800 0.2000 0.4314 0.3922 0.1961 21.3658 2.0000 
730 731 6 6.2286 1.7570 -4.6840 6.4195 1.7822 -4.7380 0.1800 0.2000 0.4314 0.3922 0.1961 21.4897 2.0000 
731 732 6 6.4195 1.7822 -4.7380 6.6000 1.7769 -4.8241 0.1800 0.2000 0.4314 0.3922 0.1961 21.6141 2.0000 
732 733 6 6.6000 1.7769 -4.8241 6.7731 1.7802 -4.9242 0.1800 0.2000 0.4314 0.3922 0.1961 21.7392 2.0000 
733 734 6 6.7731 1.7802 -4.9242 6.9370 1.7952 -5.0378 0.1800 0.2000 0.4314 0.3922 0.1961 21.8647 2.0000 
734 735 6 6.9370 1.7952 -5.0378 7.1063 1.7790 -5.1431 0.1800 0.2000 0.4314 0.3922 0.1961 21.9909 2.0000 
735 736 6 7.1063 1.7790 -5.1431 7.2698 1.7796 -5.2583 0.1800 0.2000 0.4314 0.3922 0.1961 22.1176 2.0000 
736 737 6 7.2698 1.7796 -5.2583 7.4220 1.7735 -5.3879 0.1800 0.2000 0.4314 0.3922 0.1961 22.2449 2.0000 
737 738 6 7.4220 1.7735 -5.3879 7.5555 1.7624 -5.5363 0.1800 0.2000 0.4314 0.3922 0.1961 22.3728 2.0000 
738 739 6 7.5555 1.7624 -5.5363 7.6787 1.7579 -5.6938 0.1800 0.2000 0.4314 0.3922 0.1961 22.5013 2.0000 
739 740 6 7.6787 1.7579 -5.6938 7.8042 1.7462 -5.8491 0.1800 0.2000 0.4314 0.3922 0.1961 22.6305 2.0000 
740 741 6 7.8042 1.7462 -5.8491 7.9137 1.7181 -6.0141 0.1800 0.2000 0.4314 0.3922 0.1961 22.7602 2.0000 
741 742 6 7.9137 1.7181 -6.0141 7.9862 1.6460 -6.1860 0.1800 0.2000 0.4314 0.3922 0.1961 22.8905 2.0000 
742 743 6 7.9862 1.6460 -6.1860 8.0160 1.5401 -6.3530 0.1800 0.2000 0.4314 0.3922 0.1961 23.0214 2.0000 
743 744 6 8.0160 1.5401 -6.3530 8.0177 1.4267 -6.5177 0.1800 0.2000 0.4314 0.3922 0.1961 23.1530 2.0000 
744 745 6 8.0177 1.4267 -6.5177 8.0052 1.3219 -6.6876 0.1800 0.2000 0.4314 0.3922 0.1961 23.2852 2.0000 
745 746 6 8.0052 1.3219 -6.6876 8.0047 1.2263 -6.8633 0.1800 0.2000 0.4314 0.3922 0.1961 23.4181 2.0000 
746 747 6 8.0047 1.2263 -6.8633 8.0198 1.1010 -7.0184 0.1800 0.2000 0.4314 0.3922 0.1961 23.5515 2.0000 
747 748 6 8.0198 1.1010 -7.0184 8.0290 0.9811 -7.1782 0.1800 0.2000 0.4314 0.3922 0.1961 23.6857 2.0000 
748 749 6 8.0290 0.9811 -7.1782 8.0358 0.8631 -7.3396 0.1800 0.2000 0.4314 0.3922 0.1961 23.8205 2.0000 
749 750 6 8.0358 0.8631 -7.3396 8.0415 0.7450 -7.5009 0.1800 0.2000 0.4314 0.3922 0.1961 23.9559 2.0000 
750 751 6 8.0415 0.7450 -7.5009 8.0811 0.6072 -7.6403 0.1800 0.2000 0.4314 0.3922 0.1961 24.0920 2.0000 
751 752 6 8.0811 0.6072 -7.6403 8.1225 0.4902 -7.7972 0.1800 0.2000 0.4314 0.3922 0.1961 24.2288 2.0000 
752 753 6 8.1225 0.4902 -7.7972 8.1555 0.3750 -7.9573 0.1800 0.2000 0.4314 0.3922 0.1961 24.3663 2.0000 
753 754 6 8.1555 0.3750 -7.9573 8.1640 0.2805 -8.1333 0.1800 0.2000 0.4314 0.3922 0.1961 24.5045 2.0000 
754 755 6 8.1640 0.2805 -8.1333 8.1725 0.1859 -8.3094 0.1800 0.2000 0.4314 0.3922 0.1961 24.6433 2.0000 
755 756 6 8.1725 0.1859 -8.3094 8.1779 0.0896 -8.4846 0.1800 0.2000 0.4314 0.3922 0.1961 24.7829 2.0000 
756 757 6 8.1779 0.0896 -8.4846 8.1770 -0.0248 -8.6486 0.1800 0.2000 0.4314 0.3922 0.1961 24.9232 2.0000 
757 758 6 8.1770 -0.0248 -8.6486 8.1795 -0.1376 -8.8138 0.1800 0.2000 0.4314 0.3922 0.1961 25.0642 2.0000 
758 759 6 8.1795 -0.1376 -8.8138 8.1821 -0.2505 -8.9788 0.1800 0.2000 0.4314 0.3922 0.1961 25.2059 2.0000 
759 760 6 8.1821 -0.2505 -8.9788 8.1603 -0.3906 -9.1198 0.1800 0.2000 0.4314 0.3922 0.1961 25.3484 2.0000 
760 761 6 8.1603 -0.3906 -9.1198 8.1587 -0.5278 -9.2654 0.1800 0.2000 0.4314 0.3922 0.1961 25.4915 2.0000 
761 762 6 8.1587 -0.5278 -9.2654 8.1780 -0.6508 -9.4219 0.1800 0.2000 0.4314 0.3922 0.1961 25.6355 2.0000 
762 763 6 8.1780 -0.6508 -9.4219 8.2071 -0.7750 -9.5760 0.1800 0.2000 0.4314 0.3922 0.1961 25.7802 2.0000 
763 764 6 8.2071 -0.7750 -9.5760 8.2267 -0.9265 -9.7050 0.1800 0.2000 0.4314 0.3922 0.1961 25.9256 2.0000 
764 765 6 8.2267 -0.9265 -9.7050 8.2414 -1.0678 -9.8458 0.1800 0.2000 0.4314 0.3922 0.1961 26.0719 2.0000 
765 766 6 8.2414 -1.0678 -9.8458 8.2652 -1.1994 -9.9945 0.1800 0.2000 0.4314 0.3922 0.1961 26.2189 2.0000 
766 767 6 8.2652 -1.1994 -9.9945 8.2986 -1.3297 -10.1425 0.1800 0.2000 0.4314 0.3922 0.1961 26.3667 2.0000 
767 768 6 8.2986 -1.3297 -10.1425 8.3298 -1.4440 -10.3036 0.1800 0.2000 0.4314 0.3922 0.1961 26.5153 2.0000 
768 769 6 8.3298 -1.4440 -10.3036 8.3607 -1.5584 -10.4648 0.1800 0.2000 0.4314 0.3922 0.1961 26.6647 2.0000 
769 770 6 8.3607 -1.5584 -10.4648 8.3869 -1.6613 -10.6343 0.1800 0.2000 0.4314 0.3922 0.1961 26.8149 2.0000 
770 771 6 8.3869 -1.6613 -10.6343 8.4123 -1.7580 -10.8075 0.1800 0.2000 0.4314 0.3922 0.1961 26.9659 2.0000 
771 772 6 8.4123 -1.7580 -10.8075 8.4505 -1.8411 -10.9854 0.1800 0.2000 0.4314 0.3922 0.1961 27.1178 2.0000 
772 773 6 8.4505 -1.8411 -10.9854 8.4926 -1.9283 -11.1603 0.1800 0.2000 0.4314 0.3922 0.1961 27.2705 2.0000 
773 774 6 8.4926 -1.9283 -11.1603 8.5286 -2.0165 -11.3362 0.1800 0.2000 0.4314 0.3922 0.1961 27.4241 2.0000 
774 775 6 8.5286 -2.0165 -11.3362 8.5961 -2.0857 -11.5113 0.1800 0.2000 0.4314 0.3922 0.1961 27.5785 2.0000 
775 776 6 8.5961 -2.0857 -11.5113 8.6547 -2.1127 -11.7006 0.1800 0.2000 0.4314 0.3922 0.1961 27.7338 2.0000 
776 777 6 8.6547 -2.1127 -11.7006 8.7156 -2.1405 -11.8890 0.1800 0.2000 0.4314 0.3922 0.1961 27.8900 2.0000 
777 778 6 8.7156 -2.1405 -11.8890 8.7641 -2.1739 -12.0802 0.1800 0.2000 0.4314 0.3922 0.1961 28.0470 2.0000 
778 779 6 8.7641 -2.1739 -12.0802 8.7821 -2.1751 -12.2793 0.1800 0.2000 0.4314 0.3922 0.1961 28.2050 2.0000 
779 780 6 8.7821 -2.1751 -12.2793 8.8037 -2.1785 -12.4781 0.1800 0.2000 0.4314 0.3922 0.1961 28.3639 2.0000 
780 781 6 8.8037 -2.1785 -12.4781 8.8096 -2.1956 -12.6773 0.1800 0.2000 0.4314 0.3922 0.1961 28.5237 2.0000 
781 782 6 8.8096 -2.1956 -12.6773 8.8089 -2.2166 -12.8762 0.1800 0.2000 0.4314 0.3922 0.1961 28.6844 2.0000 
782 783 6 8.8089 -2.2166 -12.8762 8.7928 -2.2690 -13.0685 0.1800 0.2000 0.4314 0.3922 0.1961 28.8460 2.0000 
783 784 6 8.7928 -2.2690 -13.0685 8.7892 -2.3030 -13.2656 0.1800 0.2000 0.4314 0.3922 0.1961 29.0087 2.0000 
784 785 6 8.7892 -2.3030 -13.2656 8.7926 -2.3291 -13.4639 0.1800 0.2000 0.4314 0.3922 0.1961 29.1723 2.0000 
785 786 6 8.7926 -2.3291 -13.4639 8.8178 -2.3501 -13.6612 0.1800 0.2000 0.4314 0.3922 0.1961 29.3368 2.0000 
786 787 6 8.8178 -2.3501 -13.6612 8.8542 -2.3524 -13.8578 0.1800 0.2000 0.4314 0.3922 0.1961 29.5024 2.0000 
787 788 6 8.8542 -2.3524 -13.8578 8.8683 -2.3513 -14.0573 0.1800 0.2000 0.4314 0.3922 0.1961 29.6689 2.0000 
788 789 6 8.8683 -2.3513 -14.0573 8.9041 -2.3613 -14.2538 0.1800 0.2000 0.4314 0.3922 0.1961 29.8365 2.0000 
789 790 6 8.9041 -2.3613 -14.2538 8.8867 -2.3644 -14.4470 0.1800 0.1940 0.4314 0.3922 0.1961 30.0000 2.0000 
10 791 7 0.0208 0.0416 -4.3718 0.2034 0.0767 -4.4456 0.1800 0.2000 0.4314 0.3922 0.1961 17.9419 2.0000 
791 792 7 0.2034 0.0767 -4.4456 0.3874 0.0875 -4.5232 0.1800 0.2000 0.4314 0.3922 0.1961 18.0437 2.0000 
792 793 7 0.3874 0.0875 -4.5232 0.5820 0.1245 -4.5509 0.1800 0.2000 0.4314 0.3922 0.1961 18.1459 2.0000 
793 794 7 0.5820 0.1245 -4.5509 0.7741 0.1690 -4.5843 0.1800 0.2000 0.4314 0.3922 0.1961 18.2485 2.0000 
794 795 7 0.7741 0.1690 -4.5843 0.9575 0.2387 -4.6229 0.1800 0.2000 0.4314 0.3922 0.1961 18.3516 2.0000 
795 796 7 0.9575 0.2387 -4.6229 1.1422 0.2985 -4.6712 0.1800 0.2000 0.4314 0.3922 0.1961 18.4550 2.0000 
796 797 7 1.1422 0.2985 -4.6712 1.3294 0.3521 -4.7167 0.1800 0.2000 0.4314 0.3922 0.1961 18.5589 2.0000 
797 798 7 1.3294 0.3521 -4.7167 1.5176 0.4018 -4.7626 0.1800 0.2000 0.4314 0.3922 0.1961 18.6631 2.0000 
798 799 7 1.5176 0.4018 -4.7626 1.7049 0.4484 -4.8152 0.1800 0.2000 0.4314 0.3922 0.1961 18.7678 2.0000 
799 800 7 1.7049 0.4484 -4.8152 1.8690 0.5410 -4.8820 0.1800 0.2000 0.4314 0.3922 0.1961 18.8730 2.0000 
800 801 7 1.8690 0.5410 -4.8820 2.0318 0.5810 -4.9912 0.1800 0.2000 0.4314 0.3922 0.1961 18.9785 2.0000 
801 802 7 2.0318 0.5810 -4.9912 2.1783 0.6467 -5.1104 0.1800 0.2000 0.4314 0.3922 0.1961 19.0845 2.0000 
802 803 7 2.1783 0.6467 -5.1104 2.3395 0.6880 -5.2213 0.1800 0.2000 0.4314 0.3922 0.1961 19.1909 2.0000 
803 804 7 2.3395 0.6880 -5.2213 2.5085 0.7194 -5.3235 0.1800 0.2000 0.4314 0.3922 0.1961 19.2978 2.0000 
804 805 7 2.5085 0.7194 -5.3235 2.6768 0.7521 -5.4265 0.1800 0.2000 0.4314 0.3922 0.1961 19.4051 2.0000 
805 806 7 2.6768 0.7521 -5.4265 2.8392 0.7607 -5.5429 0.1800 0.2000 0.4314 0.3922 0.1961 19.5128 2.0000 
806 807 7 2.8392 0.7607 -5.5429 2.9857 0.7930 -5.6752 0.1800 0.2000 0.4314 0.3922 0.1961 19.6210 2.0000 
807 808 7 2.9857 0.7930 -5.6752 3.1370 0.7946 -5.8060 0.1800 0.2000 0.4314 0.3922 0.1961 19.7296 2.0000 
808 809 7 3.1370 0.7946 -5.8060 3.2833 0.7733 -5.9407 0.1800 0.2000 0.4314 0.3922 0.1961 19.8387 2.0000 
809 810 7 3.2833 0.7733 -5.9407 3.4131 0.7547 -6.0917 0.1800 0.2000 0.4314 0.3922 0.1961 19.9483 2.0000 
810 811 7 3.4131 0.7547 -6.0917 3.5377 0.7444 -6.2479 0.1800 0.2000 0.4314 0.3922 0.1961 20.0583 2.0000 
811 812 7 3.5377 0.7444 -6.2479 3.6346 0.7860 -6.4178 0.1800 0.2000 0.4314 0.3922 0.1961 20.1688 2.0000 
812 813 7 3.6346 0.7860 -6.4178 3.7328 0.8294 -6.5865 0.1800 0.2000 0.4314 0.3922 0.1961 20.2798 2.0000 
813 814 7 3.7328 0.8294 -6.5865 3.7932 0.8812 -6.7700 0.1800 0.2000 0.4314 0.3922 0.1961 20.3913 2.0000 
814 815 7 3.7932 0.8812 -6.7700 3.8555 0.9057 -6.9585 0.1800 0.2000 0.4314 0.3922 0.1961 20.5032 2.0000 
815 816 7 3.8555 0.9057 -6.9585 3.8650 0.9507 -7.1531 0.1800 0.2000 0.4314 0.3922 0.1961 20.6156 2.0000 
816 817 7 3.8650 0.9507 -7.1531 3.8810 0.9744 -7.3510 0.1800 0.2000 0.4314 0.3922 0.1961 20.7285 2.0000 
817 818 7 3.8810 0.9744 -7.3510 3.9115 0.9893 -7.5481 0.1800 0.2000 0.4314 0.3922 0.1961 20.8419 2.0000 
818 819 7 3.9115 0.9893 -7.5481 3.9286 0.9675 -7.7462 0.1800 0.2000 0.4314 0.3922 0.1961 20.9558 2.0000 
819 820 7 3.9286 0.9675 -7.7462 3.9400 0.9492 -7.9450 0.1800 0.2000 0.4314 0.3922 0.1961 21.0702 2.0000 
820 821 7 3.9400 0.9492 -7.9450 3.9335 0.9212 -8.1430 0.1800 0.2000 0.4314 0.3922 0.1961 21.1851 2.0000 
821 822 7 3.9335 0.9212 -8.1430 3.9177 0.8793 -8.3379 0.1800 0.2000 0.4314 0.3922 0.1961 21.3005 2.0000 
822 823 7 3.9177 0.8793 -8.3379 3.9003 0.8434 -8.5339 0.1800 0.2000 0.4314 0.3922 0.1961 21.4165 2.0000 
823 824 7 3.9003 0.8434 -8.5339 3.8716 0.8090 -8.7288 0.1800 0.2000 0.4314 0.3922 0.1961 21.5329 2.0000 
824 825 7 3.8716 0.8090 -8.7288 3.8449 0.7793 -8.9248 0.1800 0.2000 0.4314 0.3922 0.1961 21.6499 2.0000 
825 826 7 3.8449 0.7793 -8.9248 3.8251 0.7558 -9.1224 0.1800 0.2000 0.4314 0.3922 0.1961 21.7674 2.0000 
826 827 7 3.8251 0.7558 -9.1224 3.8433 0.7208 -9.3185 0.1800 0.2000 0.4314 0.3922 0.1961 21.8855 2.0000 
827 828 7 3.8433 0.7208 -9.3185 3.8679 0.6890 -9.5144 0.1800 0.2000 0.4314 0.3922 0.1961 22.0041 2.0000 
828 829 7 3.8679 0.6890 -9.5144 3.9202 0.6898 -9.7074 0.1800 0.2000 0.4314 0.3922 0.1961 22.1232 2.0000 
829 830 7 3.9202 0.6898 -9.7074 3.9654 0.6886 -9.9022 0.1800 0.2000 0.4314 0.3922 0.1961 22.2429 2.0000 
830 831 7 3.9654 0.6886 -9.9022 3.9485 0.6964 -10.1014 0.1800 0.2000 0.4314 0.3922 0.1961 22.3631 2.0000 
831 832 7 3.9485 0.6964 -10.1014 3.9343 0.7111 -10.3003 0.1800 0.2000 0.4314 0.3922 0.1961 22.4839 2.0000 
832 833 7 3.9343 0.7111 -10.3003 3.9260 0.7085 -10.5001 0.1800 0.2000 0.4314 0.3922 0.1961 22.6053 2.0000 
833 834 7 3.9260 0.7085 -10.5001 3.9133 0.7178 -10.6995 0.1800 0.2000 0.4314 0.3922 0.1961 22.7273 2.0000 
834 835 7 3.9133 0.7178 -10.6995 3.9163 0.7264 -10.8993 0.1800 0.2000 0.4314 0.3922 0.1961 22.8498 2.0000 
835 836 7 3.9163 0.7264 -10.8993 3.9193 0.7280 -11.0993 0.1800 0.2000 0.4314 0.3922 0.1961 22.9729 2.0000 
836 837 7 3.9193 0.7280 -11.0993 3.9229 0.7332 -11.2992 0.1800 0.2000 0.4314 0.3922 0.1961 23.0966 2.0000 
837 838 7 3.9229 0.7332 -11.2992 3.9346 0.7392 -11.4988 0.1800 0.2000 0.4314 0.3922 0.1961 23.2208 2.0000 
838 839 7 3.9346 0.7392 -11.4988 3.9411 0.7479 -11.6985 0.1800 0.2000 0.4314 0.3922 0.1961 23.3457 2.0000 
839 840 7 3.9411 0.7479 -11.6985 3.9381 0.7722 -11.8970 0.1800 0.2000 0.4314 0.3922 0.1961 23.4712 2.0000 
840 841 7 3.9381 0.7722 -11.8970 3.9429 0.8038 -12.0944 0.1800 0.2000 0.4314 0.3922 0.1961 23.5973 2.0000 
841 842 7 3.9429 0.8038 -12.0944 3.9548 0.8213 -12.2933 0.1800 0.2000 0.4314 0.3922 0.1961 23.7240 2.0000 
842 843 7 3.9548 0.8213 -12.2933 3.9623 0.8543 -12.4904 0.1800 0.2000 0.4314 0.3922 0.1961 23.8513 2.0000 
843 844 7 3.9623 0.8543 -12.4904 3.9430 0.8922 -12.6858 0.1800 0.2000 0.4314 0.3922 0.1961 23.9793 2.0000 
844 845 7 3.9430 0.8922 -12.6858 3.8977 0.9409 -12.8744 0.1800 0.2000 0.4314 0.3922 0.1961 24.1079 2.0000 
845 846 7 3.8977 0.9409 -12.8744 3.8692 0.9842 -13.0676 0.1800 0.2000 0.4314 0.3922 0.1961 24.2371 2.0000 
846 847 7 3.8692 0.9842 -13.0676 3.7942 1.0010 -13.2522 0.1800 0.2000 0.4314 0.3922 0.1961 24.3670 2.0000 
847 848 7 3.7942 1.0010 -13.2522 3.7287 1.0032 -13.4412 0.1800 0.2000 0.4314 0.3922 0.1961 24.4976 2.0000 
848 849 7 3.7287 1.0032 -13.4412 3.6638 1.0052 -13.6304 0.1800 0.2000 0.4314 0.3922 0.1961 24.6288 2.0000 
849 850 7 3.6638 1.0052 -13.6304 3.6088 1.0080 -13.8226 0.1800 0.2000 0.4314 0.3922 0.1961 24.7606 2.0000 
850 851 7 3.6088 1.0080 -13.8226 3.5532 1.0153 -14.0146 0.1800 0.2000 0.4314 0.3922 0.1961 24.8932 2.0000 
851 852 7 3.5532 1.0153 -14.0146 3.5173 1.0278 -14.2110 0.1800 0.2000 0.4314 0.3922 0.1961 25.0264 2.0000 
852 853 7 3.5173 1.0278 -14.2110 3.4967 1.0439 -14.4092 0.1800 0.2000 0.4314 0.3922 0.1961 25.1603 2.0000 
853 854 7 3.4967 1.0439 -14.4092 3.4779 1.0599 -14.6077 0.1800 0.2000 0.4314 0.3922 0.1961 25.2949 2.0000 
854 855 7 3.4779 1.0599 -14.6077 3.4570 1.0890 -14.8045 0.1800 0.2000 0.4314 0.3922 0.1961 25.4302 2.0000 
855 856 7 3.4570 1.0890 -14.8045 3.4475 1.1221 -15.0015 0.1800 0.2000 0.4314 0.3922 0.1961 25.5662 2.0000 
856 857 7 3.4475 1.1221 -15.0015 3.3797 1.1713 -15.1831 0.1800 0.2000 0.4314 0.3922 0.1961 25.7030 2.0000 
857 858 7 3.3797 1.1713 -15.1831 3.3155 1.2181 -15.3666 0.1800 0.2000 0.4314 0.3922 0.1961 25.8404 2.0000 
858 859 7 3.3155 1.2181 -15.3666 3.2515 1.2655 -15.5501 0.1800 0.2000 0.4314 0.3922 0.1961 25.9786 2.0000 
859 860 7 3.2515 1.2655 -15.5501 3.2012 1.3192 -15.7361 0.1800 0.2000 0.4314 0.3922 0.1961 26.1176 2.0000 
860 861 7 3.2012 1.3192 -15.7361 3.1921 1.3696 -15.9294 0.1800 0.2000 0.4314 0.3922 0.1961 26.2573 2.0000 
861 862 7 3.1921 1.3696 -15.9294 3.1797 1.3792 -16.1288 0.1800 0.2000 0.4314 0.3922 0.1961 26.3977 2.0000 
862 863 7 3.1797 1.3792 -16.1288 3.1699 1.4079 -16.3265 0.1800 0.2000 0.4314 0.3922 0.1961 26.5389 2.0000 
863 864 7 3.1699 1.4079 -16.3265 3.1833 1.4572 -16.5199 0.1800 0.2000 0.4314 0.3922 0.1961 26.6809 2.0000 
864 865 7 3.1833 1.4572 -16.5199 3.1945 1.5102 -16.7124 0.1800 0.2000 0.4314 0.3922 0.1961 26.8237 2.0000 
865 866 7 3.1945 1.5102 -16.7124 3.2059 1.5608 -16.9055 0.1800 0.2000 0.4314 0.3922 0.1961 26.9672 2.0000 
866 867 7 3.2059 1.5608 -16.9055 3.1993 1.6118 -17.0988 0.1800 0.2000 0.4314 0.3922 0.1961 27.1116 2.0000 
867 868 7 3.1993 1.6118 -17.0988 3.1990 1.6642 -17.2918 0.1800 0.2000 0.4314 0.3922 0.1961 27.2568 2.0000 
868 869 7 3.1990 1.6642 -17.2918 3.1611 1.6873 -17.4868 0.1800 0.2000 0.4314 0.3922 0.1961 27.4027 2.0000 
869 870 7 3.1611 1.6873 -17.4868 3.1238 1.7104 -17.6820 0.1800 0.2000 0.4314 0.3922 0.1961 27.5496 2.0000 
870 871 7 3.1238 1.7104 -17.6820 3.0677 1.7145 -17.8739 0.1800 0.2000 0.4314 0.3922 0.1961 27.6972 2.0000 
871 872 7 3.0677 1.7145 -17.8739 2.9912 1.7172 -18.0587 0.1800 0.2000 0.4314 0.3922 0.1961 27.8457 2.0000 
872 873 7 2.9912 1.7172 -18.0587 2.9230 1.7245 -18.2466 0.1800 0.2000 0.4314 0.3922 0.1961 27.9950 2.0000 
873 874 7 2.9230 1.7245 -18.2466 2.8563 1.7307 -18.4350 0.1800 0.2000 0.4314 0.3922 0.1961 28.1453 2.0000 
874 875 7 2.8563 1.7307 -18.4350 2.7815 1.7363 -18.6204 0.1800 0.2000 0.4314 0.3922 0.1961 28.2964 2.0000 
875 876 7 2.7815 1.7363 -18.6204 2.7156 1.7304 -18.8092 0.1800 0.2000 0.4314 0.3922 0.1961 28.4483 2.0000 
876 877 7 2.7156 1.7304 -18.8092 2.6714 1.7089 -19.0030 0.1800 0.2000 0.4314 0.3922 0.1961 28.6012 2.0000 
877 878 7 2.6714 1.7089 -19.0030 2.6185 1.6836 -19.1942 0.1800 0.2000 0.4314 0.3922 0.1961 28.7550 2.0000 
878 879 7 2.6185 1.6836 -19.1942 2.5897 1.6658 -19.3913 0.1800 0.2000 0.4314 0.3922 0.1961 28.9097 2.0000 
879 880 7 2.5897 1.6658 -19.3913 2.5663 1.6476 -19.5891 0.1800 0.2000 0.4314 0.3922 0.1961 29.0653 2.0000 
880 881 7 2.5663 1.6476 -19.5891 2.5469 1.6403 -19.7881 0.1800 0.2000 0.4314 0.3922 0.1961 29.2219 2.0000 
881 882 7 2.5469 1.6403 -19.7881 2.5285 1.6311 -19.9870 0.1800 0.2000 0.4314 0.3922 0.1961 29.3794 2.0000 
882 883 7 2.5285 1.6311 -19.9870 2.5139 1.6440 -20.1860 0.1800 0.2000 0.4314 0.3922 0.1961 29.5379 2.0000 
883 884 7 2.5139 1.6440 -20.1860 2.5031 1.6619 -20.3849 0.1800 0.2000 0.4314 0.3922 0.1961 29.6973 2.0000 
884 885 7 2.5031 1.6619 -20.3849 2.4907 1.6753 -20.5841 0.1800 0.2000 0.4314 0.3922 0.1961 29.8578 2.0000 
885 886 7 2.4907 1.6753 -20.5841 2.4851 1.6803 -20.7602 0.1800 0.1762 0.4314 0.3922 0.1961 30.0000 2.0000 
11 887 8 0.0150 0.0461 -4.5302 -0.1694 0.0559 -4.6068 0.1800 0.2000 0.4314 0.3922 0.1961 18.1605 2.0000 
887 888 8 -0.1694 0.0559 -4.6068 -0.3477 0.0787 -4.6946 0.1800 0.2000 0.4314 0.3922 0.1961 18.2922 2.0000 
888 889 8 -0.3477 0.0787 -4.6946 -0.5277 0.1041 -4.7780 0.1800 0.2000 0.4314 0.3922 0.1961 18.4244 2.0000 
889 890 8 -0.5277 0.1041 -4.7780 -0.7016 0.1315 -4.8729 0.1800 0.2000 0.4314 0.3922 0.1961 18.5572 2.0000 
890 891 8 -0.7016 0.1315 -4.8729 -0.8655 0.1808 -4.9764 0.1800 0.2000 0.4314 0.3922 0.1961 18.6905 2.0000 
891 892 8 -0.8655 0.1808 -4.9764 -1.0119 0.2181 -5.1075 0.1800 0.2000 0.4314 0.3922 0.1961 18.8243 2.0000 
892 893 8 -1.0119 0.2181 -5.1075 -1.1556 0.2572 -5.2409 0.1800 0.2000 0.4314 0.3922 0.1961 18.9587 2.0000 
893 894 8 -1.1556 0.2572 -5.2409 -1.2955 0.2988 -5.3776 0.1800 0.2000 0.4314 0.3922 0.1961 19.0936 2.0000 
894 895 8 -1.2955 0.2988 -5.3776 -1.4622 0.3081 -5.4878 0.1800 0.2000 0.4314 0.3922 0.1961 19.2290 2.0000 
895 896 8 -1.4622 0.3081 -5.4878 -1.6264 0.3161 -5.6017 0.1800 0.2000 0.4314 0.3922 0.1961 19.3650 2.0000 
896 897 8 -1.6264 0.3161 -5.6017 -1.7805 0.3144 -5.7292 0.1800 0.2000 0.4314 0.3922 0.1961 19.5016 2.0000 
897 898 8 -1.7805 0.3144 -5.7292 -1.9355 0.3128 -5.8556 0.1800 0.2000 0.4314 0.3922 0.1961 19.6387 2.0000 
898 899 8 -1.9355 0.3128 -5.8556 -2.0943 0.2825 -5.9733 0.1800 0.2000 0.4314 0.3922 0.1961 19.7764 2.0000 
899 900 8 -2.0943 0.2825 -5.9733 -2.2544 0.2471 -6.0878 0.1800 0.2000 0.4314 0.3922 0.1961 19.9146 2.0000 
900 901 8 -2.2544 0.2471 -6.0878 -2.4086 0.1822 -6.1975 0.1800 0.2000 0.4314 0.3922 0.1961 20.0534 2.0000 
901 902 8 -2.4086 0.1822 -6.1975 -2.5593 0.1075 -6.3056 0.1800 0.2000 0.4314 0.3922 0.1961 20.1928 2.0000 
902 903 8 -2.5593 0.1075 -6.3056 -2.7109 0.0263 -6.4077 0.1800 0.2000 0.4314 0.3922 0.1961 20.3328 2.0000 
903 904 8 -2.7109 0.0263 -6.4077 -2.8526 -0.0637 -6.5165 0.1800 0.2000 0.4314 0.3922 0.1961 20.4733 2.0000 
904 905 8 -2.8526 -0.0637 -6.5165 -3.0062 -0.1036 -6.6382 0.1800 0.2000 0.4314 0.3922 0.1961 20.6145 2.0000 
905 906 8 -3.0062 -0.1036 -6.6382 -3.1490 -0.1245 -6.7767 0.1800 0.2000 0.4314 0.3922 0.1961 20.7562 2.0000 
906 907 8 -3.1490 -0.1245 -6.7767 -3.2923 -0.1449 -6.9146 0.1800 0.2000 0.4314 0.3922 0.1961 20.8986 2.0000 
907 908 8 -3.2923 -0.1449 -6.9146 -3.4322 -0.1661 -7.0560 0.1800 0.2000 0.4314 0.3922 0.1961 21.0415 2.0000 
908 909 8 -3.4322 -0.1661 -7.0560 -3.5682 -0.1985 -7.1990 0.1800 0.2000 0.4314 0.3922 0.1961 21.1851 2.0000 
909 910 8 -3.5682 -0.1985 -7.1990 -3.6931 -0.1743 -7.3533 0.1800 0.2000 0.4314 0.3922 0.1961 21.3293 2.0000 
910 911 8 -3.6931 -0.1743 -7.3533 -3.7652 -0.1430 -7.5372 0.1800 0.2000 0.4314 0.3922 0.1961 21.4741 2.0000 
911 912 8 -3.7652 -0.1430 -7.5372 -3.8392 -0.1055 -7.7192 0.1800 0.2000 0.4314 0.3922 0.1961 21.6195 2.0000 
912 913 8 -3.8392 -0.1055 -7.7192 -3.9095 -0.0899 -7.9058 0.1800 0.2000 0.4314 0.3922 0.1961 21.7656 2.0000 
913 914 8 -3.9095 -0.0899 -7.9058 -3.9946 -0.0915 -8.0868 0.1800 0.2000 0.4314 0.3922 0.1961 21.9123 2.0000 
914 915 8 -3.9946 -0.0915 -8.0868 -4.0883 -0.1169 -8.2617 0.1800 0.2000 0.4314 0.3922 0.1961 22.0597 2.0000 
915 916 8 -4.0883 -0.1169 -8.2617 -4.1839 -0.1158 -8.4373 0.1800 0.2000 0.4314 0.3922 0.1961 22.2077 2.0000 
916 917 8 -4.1839 -0.1158 -8.4373 -4.2879 -0.1211 -8.6081 0.1800 0.2000 0.4314 0.3922 0.1961 22.3563 2.0000 
917 918 8 -4.2879 -0.1211 -8.6081 -4.4024 -0.1316 -8.7717 0.1800 0.2000 0.4314 0.3922 0.1961 22.5056 2.0000 
918 919 8 -4.4024 -0.1316 -8.7717 -4.5158 -0.1361 -8.9364 0.1800 0.2000 0.4314 0.3922 0.1961 22.6556 2.0000 
919 920 8 -4.5158 -0.1361 -8.9364 -4.6123 -0.1176 -9.1106 0.1800 0.2000 0.4314 0.3922 0.1961 22.8063 2.0000 
920 921 8 -4.6123 -0.1176 -9.1106 -4.7062 -0.1053 -9.2868 0.1800 0.2000 0.4314 0.3922 0.1961 22.9576 2.0000 
921 922 8 -4.7062 -0.1053 -9.2868 -4.7685 -0.1502 -9.4714 0.1800 0.2000 0.4314 0.3922 0.1961 23.1097 2.0000 
922 923 8 -4.7685 -0.1502 -9.4714 -4.8179 -0.1824 -9.6625 0.1800 0.2000 0.4314 0.3922 0.1961 23.2624 2.0000 
923 924 8 -4.8179 -0.1824 -9.6625 -4.8627 -0.2069 -9.8559 0.1800 0.2000 0.4314 0.3922 0.1961 23.4158 2.0000 
924 925 8 -4.8627 -0.2069 -9.8559 -4.9083 -0.2303 -10.0492 0.1800 0.2000 0.4314 0.3922 0.1961 23.5700 2.0000 
925 926 8 -4.9083 -0.2303 -10.0492 -4.9273 -0.2104 -10.2473 0.1800 0.2000 0.4314 0.3922 0.1961 23.7248 2.0000 
926 927 8 -4.9273 -0.2104 -10.2473 -4.9453 -0.1982 -10.4462 0.1800 0.2000 0.4314 0.3922 0.1961 23.8804 2.0000 
927 928 8 -4.9453 -0.1982 -10.4462 -4.9745 -0.1879 -10.6437 0.1800 0.2000 0.4314 0.3922 0.1961 24.0366 2.0000 
928 929 8 -4.9745 -0.1879 -10.6437 -4.9909 -0.1931 -10.8430 0.1800 0.2000 0.4314 0.3922 0.1961 24.1937 2.0000 
929 930 8 -4.9909 -0.1931 -10.8430 -4.9445 -0.1865 -11.0374 0.1800 0.2000 0.4314 0.3922 0.1961 24.3514 2.0000 
930 931 8 -4.9445 -0.1865 -11.0374 -4.9114 -0.1893 -11.2347 0.1800 0.2000 0.4314 0.3922 0.1961 24.5099 2.0000 
931 932 8 -4.9114 -0.1893 -11.2347 -4.9103 -0.1965 -11.4345 0.1800 0.2000 0.4314 0.3922 0.1961 24.6692 2.0000 
932 933 8 -4.9103 -0.1965 -11.4345 -4.9108 -0.1982 -11.6345 0.1800 0.2000 0.4314 0.3922 0.1961 24.8292 2.0000 
933 934 8 -4.9108 -0.1982 -11.6345 -4.9551 -0.1646 -11.8266 0.1800 0.2000 0.4314 0.3922 0.1961 24.9900 2.0000 
934 935 8 -4.9551 -0.1646 -11.8266 -4.9911 -0.0962 -12.0111 0.1800 0.2000 0.4314 0.3922 0.1961 25.1515 2.0000 
935 936 8 -4.9911 -0.0962 -12.0111 -4.9936 -0.0052 -12.1892 0.1800 0.2000 0.4314 0.3922 0.1961 25.3139 2.0000 
936 937 8 -4.9936 -0.0052 -12.1892 -5.0013 0.1153 -12.3487 0.1800 0.2000 0.4314 0.3922 0.1961 25.4770 2.0000 
937 938 8 -5.0013 0.1153 -12.3487 -4.9886 0.2396 -12.5048 0.1800 0.2000 0.4314 0.3922 0.1961 25.6409 2.0000 
938 939 8 -4.9886 0.2396 -12.5048 -4.9817 0.3664 -12.6593 0.1800 0.2000 0.4314 0.3922 0.1961 25.8057 2.0000 
939 940 8 -4.9817 0.3664 -12.6593 -4.9513 0.4831 -12.8189 0.1800 0.2000 0.4314 0.3922 0.1961 25.9712 2.0000 
940 941 8 -4.9513 0.4831 -12.8189 -4.9238 0.5887 -12.9865 0.1800 0.2000 0.4314 0.3922 0.1961 26.1376 2.0000 
941 942 8 -4.9238 0.5887 -12.9865 -4.9042 0.6185 -13.1833 0.1800 0.2000 0.4314 0.3922 0.1961 26.3048 2.0000 
942 943 8 -4.9042 0.6185 -13.1833 -4.9008 0.6247 -13.3832 0.1800 0.2000 0.4314 0.3922 0.1961 26.4728 2.0000 
943 944 8 -4.9008 0.6247 -13.3832 -4.9024 0.6281 -13.5831 0.1800 0.2000 0.4314 0.3922 0.1961 26.6417 2.0000 
944 945 8 -4.9024 0.6281 -13.5831 -4.9049 0.6194 -13.7829 0.1800 0.2000 0.4314 0.3922 0.1961 26.8114 2.0000 
945 946 8 -4.9049 0.6194 -13.7829 -4.9039 0.6010 -13.9821 0.1800 0.2000 0.4314 0.3922 0.1961 26.9820 2.0000 
946 947 8 -4.9039 0.6010 -13.9821 -4.9030 0.6157 -14.1815 0.1800 0.2000 0.4314 0.3922 0.1961 27.1535 2.0000 
947 948 8 -4.9030 0.6157 -14.1815 -4.8816 0.6450 -14.3782 0.1800 0.2000 0.4314 0.3922 0.1961 27.3258 2.0000 
948 949 8 -4.8816 0.6450 -14.3782 -4.8282 0.6750 -14.5686 0.1800 0.2000 0.4314 0.3922 0.1961 27.4991 2.0000 
949 950 8 -4.8282 0.6750 -14.5686 -4.7845 0.7480 -14.7496 0.1800 0.2000 0.4314 0.3922 0.1961 27.6732 2.0000 
950 951 8 -4.7845 0.7480 -14.7496 -4.7596 0.7939 -14.9427 0.1800 0.2000 0.4314 0.3922 0.1961 27.8483 2.0000 
951 952 8 -4.7596 0.7939 -14.9427 -4.7492 0.8354 -15.1380 0.1800 0.2000 0.4314 0.3922 0.1961 28.0243 2.0000 
952 953 8 -4.7492 0.8354 -15.1380 -4.7419 0.8789 -15.3331 0.1800 0.2000 0.4314 0.3922 0.1961 28.2012 2.0000 
953 954 8 -4.7419 0.8789 -15.3331 -4.7343 0.9126 -15.5301 0.1800 0.2000 0.4314 0.3922 0.1961 28.3790 2.0000 
954 955 8 -4.7343 0.9126 -15.5301 -4.7365 0.9340 -15.7289 0.1800 0.2000 0.4314 0.3922 0.1961 28.5578 2.0000 
955 956 8 -4.7365 0.9340 -15.7289 -4.7347 0.9247 -15.9287 0.1800 0.2000 0.4314 0.3922 0.1961 28.7375 2.0000 
956 957 8 -4.7347 0.9247 -15.9287 -4.7422 0.8965 -16.1266 0.1800 0.2000 0.4314 0.3922 0.1961 28.9183 2.0000 
957 958 8 -4.7422 0.8965 -16.1266 -4.7713 0.8815 -16.3239 0.1800 0.2000 0.4314 0.3922 0.1961 29.1000 2.0000 
958 959 8 -4.7713 0.8815 -16.3239 -4.7973 0.8814 -16.5222 0.1800 0.2000 0.4314 0.3922 0.1961 29.2827 2.0000 
959 960 8 -4.7973 0.8814 -16.5222 -4.8192 0.8881 -16.7209 0.1800 0.2000 0.4314 0.3922 0.1961 29.4663 2.0000 
960 961 8 -4.8192 0.8881 -16.7209 -4.8380 0.8908 -16.9200 0.1800 0.2000 0.4314 0.3922 0.1961 29.6510 2.0000 
961 962 8 -4.8380 0.8908 -16.9200 -4.8194 0.8872 -17.1191 0.1800 0.2000 0.4314 0.3922 0.1961 29.8368 2.0000 
962 963 8 -4.8194 0.8872 -17.1191 -4.8004 0.8795 -17.2927 0.1800 0.1749 0.4314 0.3922 0.1961 30.0000 2.0000 
12 964 9 0.0189 0.0369 -4.7201 0.0708 0.2122 -4.8013 0.1800 0.2000 0.4314 0.3922 0.1961 18.3642 2.0000 
964 965 9 0.0708 0.2122 -4.8013 0.1782 0.3603 -4.8821 0.1800 0.2000 0.4314 0.3922 0.1961 18.4717 2.0000 
965 966 9 0.1782 0.3603 -4.8821 0.2728 0.5146 -4.9672 0.1800 0.2000 0.4314 0.3922 0.1961 18.5796 2.0000 
966 967 9 0.2728 0.5146 -4.9672 0.3766 0.6648 -5.0487 0.1800 0.2000 0.4314 0.3922 0.1961 18.6880 2.0000 
967 968 9 0.3766 0.6648 -5.0487 0.4416 0.8057 -5.1749 0.1800 0.2000 0.4314 0.3922 0.1961 18.7968 2.0000 
968 969 9 0.4416 0.8057 -5.1749 0.5070 0.9062 -5.3350 0.1800 0.2000 0.4314 0.3922 0.1961 18.9060 2.0000 
969 970 9 0.5070 0.9062 -5.3350 0.5603 1.0165 -5.4931 0.1800 0.2000 0.4314 0.3922 0.1961 19.0157 2.0000 
970 971 9 0.5603 1.0165 -5.4931 0.5970 1.1308 -5.6531 0.1800 0.2000 0.4314 0.3922 0.1961 19.1258 2.0000 
971 972 9 0.5970 1.1308 -5.6531 0.6340 1.2417 -5.8153 0.1800 0.2000 0.4314 0.3922 0.1961 19.2363 2.0000 
972 973 9 0.6340 1.2417 -5.8153 0.6631 1.3414 -5.9863 0.1800 0.2000 0.4314 0.3922 0.1961 19.3473 2.0000 
973 974 9 0.6631 1.3414 -5.9863 0.6667 1.4449 -6.1573 0.1800 0.2000 0.4314 0.3922 0.1961 19.4588 2.0000 
974 975 9 0.6667 1.4449 -6.1573 0.6991 1.5503 -6.3242 0.1800 0.2000 0.4314 0.3922 0.1961 19.5707 2.0000 
975 976 9 0.6991 1.5503 -6.3242 0.7127 1.6009 -6.5172 0.1800 0.2000 0.4314 0.3922 0.1961 19.6830 2.0000 
976 977 9 0.7127 1.6009 -6.5172 0.7349 1.6438 -6.7113 0.1800 0.2000 0.4314 0.3922 0.1961 19.7959 2.0000 
977 978 9 0.7349 1.6438 -6.7113 0.7664 1.6494 -6.9087 0.1800 0.2000 0.4314 0.3922 0.1961 19.9092 2.0000 
978 979 9 0.7664 1.6494 -6.9087 0.7957 1.6526 -7.1065 0.1800 0.2000 0.4314 0.3922 0.1961 20.0229 2.0000 
979 980 9 0.7957 1.6526 -7.1065 0.8352 1.6819 -7.3004 0.1800 0.2000 0.4314 0.3922 0.1961 20.1372 2.0000 
980 981 9 0.8352 1.6819 -7.3004 0.8818 1.6909 -7.4947 0.1800 0.2000 0.4314 0.3922 0.1961 20.2519 2.0000 
981 982 9 0.8818 1.6909 -7.4947 0.9274 1.6661 -7.6878 0.1800 0.2000 0.4314 0.3922 0.1961 20.3671 2.0000 
982 983 9 0.9274 1.6661 -7.6878 0.9744 1.6413 -7.8806 0.1800 0.2000 0.4314 0.3922 0.1961 20.4828 2.0000 
983 984 9 0.9744 1.6413 -7.8806 1.0214 1.6201 -8.0738 0.1800 0.2000 0.4314 0.3922 0.1961 20.5990 2.0000 
984 985 9 1.0214 1.6201 -8.0738 1.0795 1.5833 -8.2616 0.1800 0.2000 0.4314 0.3922 0.1961 20.7157 2.0000 
985 986 9 1.0795 1.5833 -8.2616 1.1212 1.5530 -8.4549 0.1800 0.2000 0.4314 0.3922 0.1961 20.8329 2.0000 
986 987 9 1.1212 1.5530 -8.4549 1.1310 1.5487 -8.6546 0.1800 0.2000 0.4314 0.3922 0.1961 20.9505 2.0000 
987 988 9 1.1310 1.5487 -8.6546 1.1336 1.5513 -8.8546 0.1800 0.2000 0.4314 0.3922 0.1961 21.0687 2.0000 
988 989 9 1.1336 1.5513 -8.8546 1.1378 1.5529 -9.0545 0.1800 0.2000 0.4314 0.3922 0.1961 21.1874 2.0000 
989 990 9 1.1378 1.5529 -9.0545 1.1600 1.5663 -9.2528 0.1800 0.2000 0.4314 0.3922 0.1961 21.3067 2.0000 
990 991 9 1.1600 1.5663 -9.2528 1.1913 1.5852 -9.4495 0.1800 0.2000 0.4314 0.3922 0.1961 21.4264 2.0000 
991 992 9 1.1913 1.5852 -9.4495 1.2032 1.5966 -9.6488 0.1800 0.2000 0.4314 0.3922 0.1961 21.5467 2.0000 
992 993 9 1.2032 1.5966 -9.6488 1.2234 1.6003 -9.8477 0.1800 0.2000 0.4314 0.3922 0.1961 21.6675 2.0000 
993 994 9 1.2234 1.6003 -9.8477 1.2492 1.5847 -10.0454 0.1800 0.2000 0.4314 0.3922 0.1961 21.7888 2.0000 
994 995 9 1.2492 1.5847 -10.0454 1.2294 1.5933 -10.2443 0.1800 0.2000 0.4314 0.3922 0.1961 21.9107 2.0000 
995 996 9 1.2294 1.5933 -10.2443 1.2114 1.6045 -10.4431 0.1800 0.2000 0.4314 0.3922 0.1961 22.0331 2.0000 
996 997 9 1.2114 1.6045 -10.4431 1.1880 1.5995 -10.6417 0.1800 0.2000 0.4314 0.3922 0.1961 22.1561 2.0000 
997 998 9 1.1880 1.5995 -10.6417 1.1674 1.6025 -10.8406 0.1800 0.2000 0.4314 0.3922 0.1961 22.2796 2.0000 
998 999 9 1.1674 1.6025 -10.8406 1.1172 1.6073 -11.0342 0.1800 0.2000 0.4314 0.3922 0.1961 22.4037 2.0000 
999 1000 9 1.1172 1.6073 -11.0342 1.0657 1.6101 -11.2274 0.1800 0.2000 0.4314 0.3922 0.1961 22.5284 2.0000 
1000 1001 9 1.0657 1.6101 -11.2274 1.0158 1.5992 -11.4208 0.1800 0.2000 0.4314 0.3922 0.1961 22.6536 2.0000 
1001 1002 9 1.0158 1.5992 -11.4208 0.9866 1.5942 -11.6185 0.1800 0.2000 0.4314 0.3922 0.1961 22.7794 2.0000 
1002 1003 9 0.9866 1.5942 -11.6185 0.9590 1.5890 -11.8166 0.1800 0.2000 0.4314 0.3922 0.1961 22.9058 2.0000 
1003 1004 9 0.9590 1.5890 -11.8166 0.9314 1.5838 -12.0146 0.1800 0.2000 0.4314 0.3922 0.1961 23.0327 2.0000 
1004 1005 9 0.9314 1.5838 -12.0146 0.9053 1.5788 -12.2128 0.1800 0.2000 0.4314 0.3922 0.1961 23.1603 2.0000 
1005 1006 9 0.9053 1.5788 -12.2128 0.8922 1.5420 -12.4090 0.1800 0.2000 0.4314 0.3922 0.1961 23.2885 2.0000 
1006 1007 9 0.8922 1.5420 -12.4090 0.8912 1.5304 -12.6086 0.1800 0.2000 0.4314 0.3922 0.1961 23.4172 2.0000 
1007 1008 9 0.8912 1.5304 -12.6086 0.8959 1.5052 -12.8070 0.1800 0.2000 0.4314 0.3922 0.1961 23.5466 2.0000 
1008 1009 9 0.8959 1.5052 -12.8070 0.9025 1.4717 -13.0040 0.1800 0.2000 0.4314 0.3922 0.1961 23.6766 2.0000 
1009 1010 9 0.9025 1.4717 -13.0040 0.9145 1.4264 -13.1985 0.1800 0.2000 0.4314 0.3922 0.1961 23.8072 2.0000 
1010 1011 9 0.9145 1.4264 -13.1985 0.9311 1.4296 -13.3978 0.1800 0.2000 0.4314 0.3922 0.1961 23.9384 2.0000 
1011 1012 9 0.9311 1.4296 -13.3978 0.9504 1.4391 -13.5966 0.1800 0.2000 0.4314 0.3922 0.1961 24.0703 2.0000 
1012 1013 9 0.9504 1.4391 -13.5966 0.9656 1.4504 -13.7957 0.1800 0.2000 0.4314 0.3922 0.1961 24.2028 2.0000 
1013 1014 9 0.9656 1.4504 -13.7957 0.9826 1.4704 -13.9940 0.1800 0.2000 0.4314 0.3922 0.1961 24.3359 2.0000 
1014 1015 9 0.9826 1.4704 -13.9940 1.0171 1.4745 -14.1909 0.1800 0.2000 0.4314 0.3922 0.1961 24.4697 2.0000 
1015 1016 9 1.0171 1.4745 -14.1909 1.0431 1.4632 -14.3889 0.1800 0.2000 0.4314 0.3922 0.1961 24.6042 2.0000 
1016 1017 9 1.0431 1.4632 -14.3889 1.1164 1.4463 -14.5742 0.1800 0.2000 0.4314 0.3922 0.1961 24.7393 2.0000 
1017 1018 9 1.1164 1.4463 -14.5742 1.2000 1.4202 -14.7540 0.1800 0.2000 0.4314 0.3922 0.1961 24.8751 2.0000 
1018 1019 9 1.2000 1.4202 -14.7540 1.2895 1.4034 -14.9321 0.1800 0.2000 0.4314 0.3922 0.1961 25.0115 2.0000 
1019 1020 9 1.2895 1.4034 -14.9321 1.4201 1.3748 -15.0809 0.1800 0.2000 0.4314 0.3922 0.1961 25.1487 2.0000 
1020 1021 9 1.4201 1.3748 -15.0809 1.5560 1.3527 -15.2259 0.1800 0.2000 0.4314 0.3922 0.1961 25.2865 2.0000 
1021 1022 9 1.5560 1.3527 -15.2259 1.6775 1.2910 -15.3723 0.1800 0.2000 0.4314 0.3922 0.1961 25.4251 2.0000 
1022 1023 9 1.6775 1.2910 -15.3723 1.7870 1.2358 -15.5303 0.1800 0.2000 0.4314 0.3922 0.1961 25.5643 2.0000 
1023 1024 9 1.7870 1.2358 -15.5303 1.8890 1.1444 -15.6761 0.1800 0.2000 0.4314 0.3922 0.1961 25.7043 2.0000 
1024 1025 9 1.8890 1.1444 -15.6761 1.9820 1.0588 -15.8310 0.1800 0.2000 0.4314 0.3922 0.1961 25.8450 2.0000 
1025 1026 9 1.9820 1.0588 -15.8310 2.1001 0.9736 -15.9682 0.1800 0.2000 0.4314 0.3922 0.1961 25.9864 2.0000 
1026 1027 9 2.1001 0.9736 -15.9682 2.2218 0.8585 -16.0775 0.1800 0.2000 0.4314 0.3922 0.1961 26.1285 2.0000 
1027 1028 9 2.2218 0.8585 -16.0775 2.3025 0.7195 -16.1964 0.1800 0.2000 0.4314 0.3922 0.1961 26.2714 2.0000 
1028 1029 9 2.3025 0.7195 -16.1964 2.3841 0.5792 -16.3133 0.1800 0.2000 0.4314 0.3922 0.1961 26.4150 2.0000 
1029 1030 9 2.3841 0.5792 -16.3133 2.4735 0.4323 -16.4155 0.1800 0.2000 0.4314 0.3922 0.1961 26.5594 2.0000 
1030 1031 9 2.4735 0.4323 -16.4155 2.5622 0.2862 -16.5193 0.1800 0.2000 0.4314 0.3922 0.1961 26.7046 2.0000 
1031 1032 9 2.5622 0.2862 -16.5193 2.6250 0.1307 -16.6283 0.1800 0.2000 0.4314 0.3922 0.1961 26.8505 2.0000 
1032 1033 9 2.6250 0.1307 -16.6283 2.6674 -0.0262 -16.7447 0.1800 0.2000 0.4314 0.3922 0.1961 26.9972 2.0000 
1033 1034 9 2.6674 -0.0262 -16.7447 2.7159 -0.1798 -16.8634 0.1800 0.2000 0.4314 0.3922 0.1961 27.1447 2.0000 
1034 1035 9 2.7159 -0.1798 -16.8634 2.7629 -0.3322 -16.9841 0.1800 0.2000 0.4314 0.3922 0.1961 27.2930 2.0000 
1035 1036 9 2.7629 -0.3322 -16.9841 2.8428 -0.4436 -17.1297 0.1800 0.2000 0.4314 0.3922 0.1961 27.4421 2.0000 
1036 1037 9 2.8428 -0.4436 -17.1297 2.9453 -0.5398 -17.2719 0.1800 0.2000 0.4314 0.3922 0.1961 27.5920 2.0000 
1037 1038 9 2.9453 -0.5398 -17.2719 3.0401 -0.6436 -17.4142 0.1800 0.2000 0.4314 0.3922 0.1961 27.7428 2.0000 
1038 1039 9 3.0401 -0.6436 -17.4142 3.1354 -0.7373 -17.5629 0.1800 0.2000 0.4314 0.3922 0.1961 27.8944 2.0000 
1039 1040 9 3.1354 -0.7373 -17.5629 3.2223 -0.8434 -17.7086 0.1800 0.2000 0.4314 0.3922 0.1961 28.0468 2.0000 
1040 1041 9 3.2223 -0.8434 -17.7086 3.3061 -0.9248 -17.8709 0.1800 0.2000 0.4314 0.3922 0.1961 28.2001 2.0000 
1041 1042 9 3.3061 -0.9248 -17.8709 3.3984 -0.9897 -18.0360 0.1800 0.2000 0.4314 0.3922 0.1961 28.3542 2.0000 
1042 1043 9 3.3984 -0.9897 -18.0360 3.4914 -1.0546 -18.2008 0.1800 0.2000 0.4314 0.3922 0.1961 28.5093 2.0000 
1043 1044 9 3.4914 -1.0546 -18.2008 3.5651 -1.1072 -18.3791 0.1800 0.2000 0.4314 0.3922 0.1961 28.6652 2.0000 
1044 1045 9 3.5651 -1.1072 -18.3791 3.6244 -1.1413 -18.5670 0.1800 0.2000 0.4314 0.3922 0.1961 28.8220 2.0000 
1045 1046 9 3.6244 -1.1413 -18.5670 3.6837 -1.1756 -18.7549 0.1800 0.2000 0.4314 0.3922 0.1961 28.9797 2.0000 
1046 1047 9 3.6837 -1.1756 -18.7549 3.7431 -1.2095 -18.9429 0.1800 0.2000 0.4314 0.3922 0.1961 29.1383 2.0000 
1047 1048 9 3.7431 -1.2095 -18.9429 3.7917 -1.2167 -19.1368 0.1800 0.2000 0.4314 0.3922 0.1961 29.2978 2.0000 
1048 1049 9 3.7917 -1.2167 -19.1368 3.8416 -1.2138 -19.3304 0.1800 0.2000 0.4314 0.3922 0.1961 29.4583 2.0000 
1049 1050 9 3.8416 -1.2138 -19.3304 3.8922 -1.2125 -19.5239 0.1800 0.2000 0.4314 0.3922 0.1961 29.6197 2.0000 
1050 1051 9 3.8922 -1.2125 -19.5239 3.9028 -1.2635 -19.7170 0.1800 0.2000 0.4314 0.3922 0.1961 29.7821 2.0000 
1051 1052 9 3.9028 -1.2635 -19.7170 3.9127 -1.3142 -19.9102 0.1800 0.2000 0.4314 0.3922 0.1961 29.9455 2.0000 
1052 1053 9 3.9127 -1.3142 -19.9102 3.9204 -1.3347 -19.9730 0.1800 0.0665 0.4314 0.3922 0.1961 30.0000 2.0000 
13 1054 10 -0.0054 0.0439 -4.8918 0.0785 -0.1144 -4.9807 0.1800 0.2000 0.4314 0.3922 0.1961 18.5526 2.0000 
1054 1055 10 0.0785 -0.1144 -4.9807 0.1759 -0.2467 -5.0948 0.1800 0.2000 0.4314 0.3922 0.1961 18.6396 2.0000 
1055 1056 10 0.1759 -0.2467 -5.0948 0.2702 -0.3821 -5.2077 0.1800 0.2000 0.4314 0.3922 0.1961 18.7270 2.0000 
1056 1057 10 0.2702 -0.3821 -5.2077 0.3564 -0.5057 -5.3393 0.1800 0.2000 0.4314 0.3922 0.1961 18.8147 2.0000 
1057 1058 10 0.3564 -0.5057 -5.3393 0.4102 -0.6190 -5.4950 0.1800 0.2000 0.4314 0.3922 0.1961 18.9027 2.0000 
1058 1059 10 0.4102 -0.6190 -5.4950 0.4633 -0.7320 -5.6513 0.1800 0.2000 0.4314 0.3922 0.1961 18.9911 2.0000 
1059 1060 10 0.4633 -0.7320 -5.6513 0.5483 -0.8625 -5.7768 0.1800 0.2000 0.4314 0.3922 0.1961 19.0798 2.0000 
1060 1061 10 0.5483 -0.8625 -5.7768 0.6316 -0.9777 -5.9174 0.1800 0.2000 0.4314 0.3922 0.1961 19.1690 2.0000 
1061 1062 10 0.6316 -0.9777 -5.9174 0.6984 -1.0927 -6.0668 0.1800 0.2000 0.4314 0.3922 0.1961 19.2584 2.0000 
1062 1063 10 0.6984 -1.0927 -6.0668 0.7309 -1.2264 -6.2119 0.1800 0.2000 0.4314 0.3922 0.1961 19.3482 2.0000 
1063 1064 10 0.7309 -1.2264 -6.2119 0.7812 -1.3436 -6.3660 0.1800 0.2000 0.4314 0.3922 0.1961 19.4384 2.0000 
1064 1065 10 0.7812 -1.3436 -6.3660 0.8439 -1.4509 -6.5227 0.1800 0.2000 0.4314 0.3922 0.1961 19.5290 2.0000 
1065 1066 10 0.8439 -1.4509 -6.5227 0.9086 -1.5375 -6.6910 0.1800 0.2000 0.4314 0.3922 0.1961 19.6199 2.0000 
1066 1067 10 0.9086 -1.5375 -6.6910 0.9339 -1.5920 -6.8817 0.1800 0.2000 0.4314 0.3922 0.1961 19.7112 2.0000 
1067 1068 10 0.9339 -1.5920 -6.8817 0.9480 -1.5359 -7.0732 0.1800 0.2000 0.4314 0.3922 0.1961 19.8029 2.0000 
1068 1069 10 0.9480 -1.5359 -7.0732 0.9821 -1.4863 -7.2639 0.1800 0.2000 0.4314 0.3922 0.1961 19.8950 2.0000 
1069 1070 10 0.9821 -1.4863 -7.2639 1.0372 -1.4842 -7.4562 0.1800 0.2000 0.4314 0.3922 0.1961 19.9874 2.0000 
1070 1071 10 1.0372 -1.4842 -7.4562 1.0963 -1.4756 -7.6470 0.1800 0.2000 0.4314 0.3922 0.1961 20.0803 2.0000 
1071 1072 10 1.0963 -1.4756 -7.6470 1.1299 -1.4818 -7.8441 0.1800 0.2000 0.4314 0.3922 0.1961 20.1735 2.0000 
1072 1073 10 1.1299 -1.4818 -7.8441 1.1167 -1.5235 -8.0393 0.1800 0.2000 0.4314 0.3922 0.1961 20.2671 2.0000 
1073 1074 10 1.1167 -1.5235 -8.0393 1.1177 -1.5743 -8.2327 0.1800 0.2000 0.4314 0.3922 0.1961 20.3612 2.0000 
1074 1075 10 1.1177 -1.5743 -8.2327 1.1215 -1.6200 -8.4274 0.1800 0.2000 0.4314 0.3922 0.1961 20.4556 2.0000 
1075 1076 10 1.1215 -1.6200 -8.4274 1.1317 -1.6737 -8.6198 0.1800 0.2000 0.4314 0.3922 0.1961 20.5504 2.0000 
1076 1077 10 1.1317 -1.6737 -8.6198 1.1305 -1.6913 -8.8190 0.1800 0.2000 0.4314 0.3922 0.1961 20.6457 2.0000 
1077 1078 10 1.1305 -1.6913 -8.8190 1.1494 -1.6855 -9.0180 0.1800 0.2000 0.4314 0.3922 0.1961 20.7413 2.0000 
1078 1079 10 1.1494 -1.6855 -9.0180 1.1621 -1.6798 -9.2175 0.1800 0.2000 0.4314 0.3922 0.1961 20.8374 2.0000 
1079 1080 10 1.1621 -1.6798 -9.2175 1.1551 -1.6782 -9.4174 0.1800 0.2000 0.4314 0.3922 0.1961 20.9338 2.0000 
1080 1081 10 1.1551 -1.6782 -9.4174 1.1414 -1.6947 -9.6162 0.1800 0.2000 0.4314 0.3922 0.1961 21.0307 2.0000 
1081 1082 10 1.1414 -1.6947 -9.6162 1.1148 -1.7149 -9.8134 0.1800 0.2000 0.4314 0.3922 0.1961 21.1281 2.0000 
1082 1083 10 1.1148 -1.7149 -9.8134 1.1026 -1.6941 -10.0120 0.1800 0.2000 0.4314 0.3922 0.1961 21.2258 2.0000 
1083 1084 10 1.1026 -1.6941 -10.0120 1.1022 -1.6980 -10.2119 0.1800 0.2000 0.4314 0.3922 0.1961 21.3240 2.0000 
1084 1085 10 1.1022 -1.6980 -10.2119 1.1013 -1.7071 -10.4117 0.1800 0.2000 0.4314 0.3922 0.1961 21.4227 2.0000 
1085 1086 10 1.1013 -1.7071 -10.4117 1.0955 -1.7131 -10.6116 0.1800 0.2000 0.4314 0.3922 0.1961 21.5217 2.0000 
1086 1087 10 1.0955 -1.7131 -10.6116 1.0704 -1.7000 -10.8095 0.1800 0.2000 0.4314 0.3922 0.1961 21.6212 2.0000 
1087 1088 10 1.0704 -1.7000 -10.8095 1.0521 -1.6838 -11.0080 0.1800 0.2000 0.4314 0.3922 0.1961 21.7212 2.0000 
1088 1089 10 1.0521 -1.6838 -11.0080 1.0286 -1.6713 -11.2063 0.1800 0.2000 0.4314 0.3922 0.1961 21.8216 2.0000 
1089 1090 10 1.0286 -1.6713 -11.2063 1.0125 -1.6536 -11.4048 0.1800 0.2000 0.4314 0.3922 0.1961 21.9225 2.0000 
1090 1091 10 1.0125 -1.6536 -11.4048 0.9754 -1.6323 -11.6002 0.1800 0.2000 0.4314 0.3922 0.1961 22.0238 2.0000 
1091 1092 10 0.9754 -1.6323 -11.6002 0.9377 -1.6118 -11.7955 0.1800 0.2000 0.4314 0.3922 0.1961 22.1257 2.0000 
1092 1093 10 0.9377 -1.6118 -11.7955 0.9018 -1.5905 -11.9911 0.1800 0.2000 0.4314 0.3922 0.1961 22.2279 2.0000 
1093 1094 10 0.9018 -1.5905 -11.9911 0.8873 -1.5576 -12.1879 0.1800 0.2000 0.4314 0.3922 0.1961 22.3307 2.0000 
1094 1095 10 0.8873 -1.5576 -12.1879 0.9091 -1.5300 -12.3848 0.1800 0.2000 0.4314 0.3922 0.1961 22.4339 2.0000 
1095 1096 10 0.9091 -1.5300 -12.3848 0.9340 -1.5056 -12.5817 0.1800 0.2000 0.4314 0.3922 0.1961 22.5376 2.0000 
1096 1097 10 0.9340 -1.5056 -12.5817 0.9545 -1.4802 -12.7790 0.1800 0.2000 0.4314 0.3922 0.1961 22.6418 2.0000 
1097 1098 10 0.9545 -1.4802 -12.7790 0.9904 -1.4686 -12.9754 0.1800 0.2000 0.4314 0.3922 0.1961 22.7465 2.0000 
1098 1099 10 0.9904 -1.4686 -12.9754 0.9850 -1.4669 -13.1753 0.1800 0.2000 0.4314 0.3922 0.1961 22.8517 2.0000 
1099 1100 10 0.9850 -1.4669 -13.1753 0.9865 -1.4689 -13.3753 0.1800 0.2000 0.4314 0.3922 0.1961 22.9574 2.0000 
1100 1101 10 0.9865 -1.4689 -13.3753 0.9844 -1.4813 -13.5749 0.1800 0.2000 0.4314 0.3922 0.1961 23.0636 2.0000 
1101 1102 10 0.9844 -1.4813 -13.5749 0.9943 -1.4972 -13.7740 0.1800 0.2000 0.4314 0.3922 0.1961 23.1703 2.0000 
1102 1103 10 0.9943 -1.4972 -13.7740 1.0043 -1.5130 -13.9732 0.1800 0.2000 0.4314 0.3922 0.1961 23.2775 2.0000 
1103 1104 10 1.0043 -1.5130 -13.9732 1.0060 -1.5747 -14.1634 0.1800 0.2000 0.4314 0.3922 0.1961 23.3853 2.0000 
1104 1105 10 1.0060 -1.5747 -14.1634 1.0152 -1.6473 -14.3495 0.1800 0.2000 0.4314 0.3922 0.1961 23.4935 2.0000 
1105 1106 10 1.0152 -1.6473 -14.3495 1.0042 -1.7337 -14.5296 0.1800 0.2000 0.4314 0.3922 0.1961 23.6024 2.0000 
1106 1107 10 1.0042 -1.7337 -14.5296 0.9714 -1.7863 -14.7197 0.1800 0.2000 0.4314 0.3922 0.1961 23.7117 2.0000 
1107 1108 10 0.9714 -1.7863 -14.7197 0.9415 -1.8424 -14.9094 0.1800 0.2000 0.4314 0.3922 0.1961 23.8216 2.0000 
1108 1109 10 0.9415 -1.8424 -14.9094 0.9207 -1.8630 -15.1072 0.1800 0.2000 0.4314 0.3922 0.1961 23.9320 2.0000 
1109 1110 10 0.9207 -1.8630 -15.1072 0.9002 -1.8831 -15.3051 0.1800 0.2000 0.4314 0.3922 0.1961 24.0430 2.0000 
1110 1111 10 0.9002 -1.8831 -15.3051 0.8685 -1.9177 -15.4995 0.1800 0.2000 0.4314 0.3922 0.1961 24.1546 2.0000 
1111 1112 10 0.8685 -1.9177 -15.4995 0.8672 -1.9614 -15.6947 0.1800 0.2000 0.4314 0.3922 0.1961 24.2667 2.0000 
1112 1113 10 0.8672 -1.9614 -15.6947 0.8487 -1.9995 -15.8902 0.1800 0.2000 0.4314 0.3922 0.1961 24.3794 2.0000 
1113 1114 10 0.8487 -1.9995 -15.8902 0.8314 -2.0376 -16.0857 0.1800 0.2000 0.4314 0.3922 0.1961 24.4926 2.0000 
1114 1115 10 0.8314 -2.0376 -16.0857 0.8157 -2.0773 -16.2811 0.1800 0.2000 0.4314 0.3922 0.1961 24.6065 2.0000 
1115 1116 10 0.8157 -2.0773 -16.2811 0.8243 -2.1038 -16.4792 0.1800 0.2000 0.4314 0.3922 0.1961 24.7209 2.0000 
1116 1117 10 0.8243 -2.1038 -16.4792 0.7488 -2.1732 -16.6509 0.1800 0.2000 0.4314 0.3922 0.1961 24.8359 2.0000 
1117 1118 10 0.7488 -2.1732 -16.6509 0.7173 -2.2716 -16.8221 0.1800 0.2000 0.4314 0.3922 0.1961 24.9515 2.0000 
1118 1119 10 0.7173 -2.2716 -16.8221 0.6874 -2.3701 -16.9936 0.1800 0.2000 0.4314 0.3922 0.1961 25.0678 2.0000 
1119 1120 10 0.6874 -2.3701 -16.9936 0.6536 -2.4383 -17.1785 0.1800 0.2000 0.4314 0.3922 0.1961 25.1846 2.0000 
1120 1121 10 0.6536 -2.4383 -17.1785 0.6244 -2.5090 -17.3633 0.1800 0.2000 0.4314 0.3922 0.1961 25.3021 2.0000 
1121 1122 10 0.6244 -2.5090 -17.3633 0.6050 -2.5874 -17.5463 0.1800 0.2000 0.4314 0.3922 0.1961 25.4202 2.0000 
1122 1123 10 0.6050 -2.5874 -17.5463 0.5943 -2.6665 -17.7297 0.1800 0.2000 0.4314 0.3922 0.1961 25.5389 2.0000 
1123 1124 10 0.5943 -2.6665 -17.7297 0.6146 -2.7110 -17.9236 0.1800 0.2000 0.4314 0.3922 0.1961 25.6583 2.0000 
1124 1125 10 0.6146 -2.7110 -17.9236 0.6346 -2.7426 -18.1201 0.1800 0.2000 0.4314 0.3922 0.1961 25.7783 2.0000 
1125 1126 10 0.6346 -2.7426 -18.1201 0.6586 -2.7790 -18.3153 0.1800 0.2000 0.4314 0.3922 0.1961 25.8990 2.0000 
1126 1127 10 0.6586 -2.7790 -18.3153 0.7028 -2.8277 -18.5041 0.1800 0.2000 0.4314 0.3922 0.1961 26.0203 2.0000 
1127 1128 10 0.7028 -2.8277 -18.5041 0.7428 -2.8524 -18.6985 0.1800 0.2000 0.4314 0.3922 0.1961 26.1423 2.0000 
1128 1129 10 0.7428 -2.8524 -18.6985 0.7740 -2.8760 -18.8947 0.1800 0.2000 0.4314 0.3922 0.1961 26.2650 2.0000 
1129 1130 10 0.7740 -2.8760 -18.8947 0.8045 -2.8830 -19.0922 0.1800 0.2000 0.4314 0.3922 0.1961 26.3883 2.0000 
1130 1131 10 0.8045 -2.8830 -19.0922 0.8316 -2.8926 -19.2901 0.1800 0.2000 0.4314 0.3922 0.1961 26.5124 2.0000 
1131 1132 10 0.8316 -2.8926 -19.2901 0.8309 -2.8898 -19.4901 0.1800 0.2000 0.4314 0.3922 0.1961 26.6371 2.0000 
1132 1133 10 0.8309 -2.8898 -19.4901 0.8369 -2.8857 -19.6900 0.1800 0.2000 0.4314 0.3922 0.1961 26.7626 2.0000 
1133 1134 10 0.8369 -2.8857 -19.6900 0.8725 -2.8176 -19.8746 0.1800 0.2000 0.4314 0.3922 0.1961 26.8887 2.0000 
1134 1135 10 0.8725 -2.8176 -19.8746 0.9070 -2.7524 -20.0605 0.1800 0.2000 0.4314 0.3922 0.1961 27.0156 2.0000 
1135 1136 10 0.9070 -2.7524 -20.0605 0.9506 -2.6975 -20.2478 0.1800 0.2000 0.4314 0.3922 0.1961 27.1432 2.0000 
1136 1137 10 0.9506 -2.6975 -20.2478 0.9800 -2.6506 -20.4400 0.1800 0.2000 0.4314 0.3922 0.1961 27.2716 2.0000 
1137 1138 10 0.9800 -2.6506 -20.4400 1.0190 -2.6068 -20.6312 0.1800 0.2000 0.4314 0.3922 0.1961 27.4007 2.0000 
1138 1139 10 1.0190 -2.6068 -20.6312 1.0557 -2.5616 -20.8226 0.1800 0.2000 0.4314 0.3922 0.1961 27.5306 2.0000 
1139 1140 10 1.0557 -2.5616 -20.8226 1.1335 -2.4925 -20.9934 0.1800 0.2000 0.4314 0.3922 0.1961 27.6612 2.0000 
1140 1141 10 1.1335 -2.4925 -20.9934 1.1871 -2.4200 -21.1719 0.1800 0.2000 0.4314 0.3922 0.1961 27.7926 2.0000 
1141 1142 10 1.1871 -2.4200 -21.1719 1.2377 -2.3494 -21.3520 0.1800 0.2000 0.4314 0.3922 0.1961 27.9248 2.0000 
1142 1143 10 1.2377 -2.3494 -21.3520 1.3060 -2.2512 -21.5123 0.1800 0.2000 0.4314 0.3922 0.1961 28.0578 2.0000 
1143 1144 10 1.3060 -2.2512 -21.5123 1.3716 -2.1688 -21.6823 0.1800 0.2000 0.4314 0.3922 0.1961 28.1916 2.0000 
1144 1145 10 1.3716 -2.1688 -21.6823 1.4376 -2.0846 -21.8513 0.1800 0.2000 0.4314 0.3922 0.1961 28.3262 2.0000 
1145 1146 10 1.4376 -2.0846 -21.8513 1.4490 -1.9709 -22.0155 0.1800 0.2000 0.4314 0.3922 0.1961 28.4616 2.0000 
1146 1147 10 1.4490 -1.9709 -22.0155 1.4617 -1.8560 -22.1787 0.1800 0.2000 0.4314 0.3922 0.1961 28.5979 2.0000 
1147 1148 10 1.4617 -1.8560 -22.1787 1.4727 -1.7509 -22.3485 0.1800 0.2000 0.4314 0.3922 0.1961 28.7350 2.0000 
1148 1149 10 1.4727 -1.7509 -22.3485 1.5324 -1.6700 -22.5214 0.1800 0.2000 0.4314 0.3922 0.1961 28.8729 2.0000 
1149 1150 10 1.5324 -1.6700 -22.5214 1.6130 -1.5874 -22.6847 0.1800 0.2000 0.4314 0.3922 0.1961 29.0118 2.0000 
1150 1151 10 1.6130 -1.5874 -22.6847 1.6578 -1.5238 -22.8689 0.1800 0.2000 0.4314 0.3922 0.1961 29.1515 2.0000 
1151 1152 10 1.6578 -1.5238 -22.8689 1.7016 -1.4600 -23.0534 0.1800 0.2000 0.4314 0.3922 0.1961 29.2921 2.0000 
1152 1153 10 1.7016 -1.4600 -23.0534 1.7364 -1.4034 -23.2420 0.1800 0.2000 0.4314 0.3922 0.1961 29.4335 2.0000 
1153 1154 10 1.7364 -1.4034 -23.2420 1.7683 -1.3441 -23.4303 0.1800 0.2000 0.4314 0.3922 0.1961 29.5759 2.0000 
1154 1155 10 1.7683 -1.3441 -23.4303 1.7921 -1.3323 -23.6286 0.1800 0.2000 0.4314 0.3922 0.1961 29.7193 2.0000 
1155 1156 10 1.7921 -1.3323 -23.6286 1.7672 -1.3525 -23.8260 0.1800 0.2000 0.4314 0.3922 0.1961 29.8635 2.0000 
1156 1157 10 1.7672 -1.3525 -23.8260 1.7796 -1.4291 -23.9973 0.1800 0.1881 0.4314 0.3922 0.1961 30.0000 2.0000 
15 1158 11 -0.0265 0.0450 -5.1461 -0.1678 0.1738 -5.2048 0.1800 0.2000 0.4314 0.3922 0.1961 18.8757 2.0000 
1158 1159 11 -0.1678 0.1738 -5.2048 -0.3061 0.3035 -5.2683 0.1800 0.2000 0.4314 0.3922 0.1961 18.9766 2.0000 
1159 1160 11 -0.3061 0.3035 -5.2683 -0.4423 0.4356 -5.3315 0.1800 0.2000 0.4314 0.3922 0.1961 19.0780 2.0000 
1160 1161 11 -0.4423 0.4356 -5.3315 -0.5726 0.5713 -5.3994 0.1800 0.2000 0.4314 0.3922 0.1961 19.1797 2.0000 
1161 1162 11 -0.5726 0.5713 -5.3994 -0.7287 0.6755 -5.4687 0.1800 0.2000 0.4314 0.3922 0.1961 19.2819 2.0000 
1162 1163 11 -0.7287 0.6755 -5.4687 -0.8847 0.7790 -5.5390 0.1800 0.2000 0.4314 0.3922 0.1961 19.3844 2.0000 
1163 1164 11 -0.8847 0.7790 -5.5390 -1.0165 0.8981 -5.6309 0.1800 0.2000 0.4314 0.3922 0.1961 19.4874 2.0000 
1164 1165 11 -1.0165 0.8981 -5.6309 -1.1441 1.0324 -5.7062 0.1800 0.2000 0.4314 0.3922 0.1961 19.5908 2.0000 
1165 1166 11 -1.1441 1.0324 -5.7062 -1.2661 1.1742 -5.7770 0.1800 0.2000 0.4314 0.3922 0.1961 19.6946 2.0000 
1166 1167 11 -1.2661 1.1742 -5.7770 -1.3907 1.3157 -5.8438 0.1800 0.2000 0.4314 0.3922 0.1961 19.7988 2.0000 
1167 1168 11 -1.3907 1.3157 -5.8438 -1.5184 1.4517 -5.9160 0.1800 0.2000 0.4314 0.3922 0.1961 19.9035 2.0000 
1168 1169 11 -1.5184 1.4517 -5.9160 -1.6187 1.5795 -6.0326 0.1800 0.2000 0.4314 0.3922 0.1961 20.0086 2.0000 
1169 1170 11 -1.6187 1.5795 -6.0326 -1.7188 1.7082 -6.1484 0.1800 0.2000 0.4314 0.3922 0.1961 20.1141 2.0000 
1170 1171 11 -1.7188 1.7082 -6.1484 -1.8248 1.8301 -6.2662 0.1800 0.2000 0.4314 0.3922 0.1961 20.2200 2.0000 
1171 1172 11 -1.8248 1.8301 -6.2662 -1.9391 1.9373 -6.3906 0.1800 0.2000 0.4314 0.3922 0.1961 20.3264 2.0000 
1172 1173 11 -1.9391 1.9373 -6.3906 -2.0423 2.0318 -6.5334 0.1800 0.2000 0.4314 0.3922 0.1961 20.4332 2.0000 
1173 1174 11 -2.0423 2.0318 -6.5334 -2.1447 2.1236 -6.6787 0.1800 0.2000 0.4314 0.3922 0.1961 20.5405 2.0000 
1174 1175 11 -2.1447 2.1236 -6.6787 -2.2478 2.2172 -6.8222 0.1800 0.2000 0.4314 0.3922 0.1961 20.6482 2.0000 
1175 1176 11 -2.2478 2.2172 -6.8222 -2.3747 2.3084 -6.9470 0.1800 0.2000 0.4314 0.3922 0.1961 20.7564 2.0000 
1176 1177 11 -2.3747 2.3084 -6.9470 -2.4738 2.4197 -7.0804 0.1800 0.2000 0.4314 0.3922 0.1961 20.8650 2.0000 
1177 1178 11 -2.4738 2.4197 -7.0804 -2.5827 2.5179 -7.2164 0.1800 0.2000 0.4314 0.3922 0.1961 20.9741 2.0000 
1178 1179 11 -2.5827 2.5179 -7.2164 -2.6984 2.6208 -7.3431 0.1800 0.2000 0.4314 0.3922 0.1961 21.0837 2.0000 
1179 1180 11 -2.6984 2.6208 -7.3431 -2.8142 2.7253 -7.4682 0.1800 0.2000 0.4314 0.3922 0.1961 21.1937 2.0000 
1180 1181 11 -2.8142 2.7253 -7.4682 -2.9334 2.8222 -7.5963 0.1800 0.2000 0.4314 0.3922 0.1961 21.3042 2.0000 
1181 1182 11 -2.9334 2.8222 -7.5963 -3.0265 2.9676 -7.6972 0.1800 0.2000 0.4314 0.3922 0.1961 21.4152 2.0000 
1182 1183 11 -3.0265 2.9676 -7.6972 -3.1238 3.0812 -7.8299 0.1800 0.2000 0.4314 0.3922 0.1961 21.5267 2.0000 
1183 1184 11 -3.1238 3.0812 -7.8299 -3.2119 3.1961 -7.9680 0.1800 0.2000 0.4314 0.3922 0.1961 21.6386 2.0000 
1184 1185 11 -3.2119 3.1961 -7.9680 -3.3049 3.3268 -8.0874 0.1800 0.2000 0.4314 0.3922 0.1961 21.7510 2.0000 
1185 1186 11 -3.3049 3.3268 -8.0874 -3.4222 3.4356 -8.2074 0.1800 0.2000 0.4314 0.3922 0.1961 21.8640 2.0000 
1186 1187 11 -3.4222 3.4356 -8.2074 -3.5300 3.5427 -8.3374 0.1800 0.2000 0.4314 0.3922 0.1961 21.9774 2.0000 
1187 1188 11 -3.5300 3.5427 -8.3374 -3.6348 3.6501 -8.4696 0.1800 0.2000 0.4314 0.3922 0.1961 22.0913 2.0000 
1188 1189 11 -3.6348 3.6501 -8.4696 -3.7152 3.7535 -8.6208 0.1800 0.2000 0.4314 0.3922 0.1961 22.2058 2.0000 
1189 1190 11 -3.7152 3.7535 -8.6208 -3.8006 3.8378 -8.7808 0.1800 0.2000 0.4314 0.3922 0.1961 22.3207 2.0000 
1190 1191 11 -3.8006 3.8378 -8.7808 -3.8995 3.9294 -8.9285 0.1800 0.2000 0.4314 0.3922 0.1961 22.4362 2.0000 
1191 1192 11 -3.8995 3.9294 -8.9285 -3.9843 4.0246 -9.0826 0.1800 0.2000 0.4314 0.3922 0.1961 22.5522 2.0000 
1192 1193 11 -3.9843 4.0246 -9.0826 -4.0948 4.1401 -9.2029 0.1800 0.2000 0.4314 0.3922 0.1961 22.6687 2.0000 
1193 1194 11 -4.0948 4.1401 -9.2029 -4.2213 4.2352 -9.3251 0.1800 0.2000 0.4314 0.3922 0.1961 22.7858 2.0000 
1194 1195 11 -4.2213 4.2352 -9.3251 -4.3518 4.3275 -9.4453 0.1800 0.2000 0.4314 0.3922 0.1961 22.9033 2.0000 
1195 1196 11 -4.3518 4.3275 -9.4453 -4.4987 4.3639 -9.5761 0.1800 0.2000 0.4314 0.3922 0.1961 23.0215 2.0000 
1196 1197 11 -4.4987 4.3639 -9.5761 -4.6349 4.3853 -9.7210 0.1800 0.2000 0.4314 0.3922 0.1961 23.1401 2.0000 
1197 1198 11 -4.6349 4.3853 -9.7210 -4.7682 4.4133 -9.8674 0.1800 0.2000 0.4314 0.3922 0.1961 23.2594 2.0000 
1198 1199 11 -4.7682 4.4133 -9.8674 -4.8797 4.4674 -10.0244 0.1800 0.2000 0.4314 0.3922 0.1961 23.3791 2.0000 
1199 1200 11 -4.8797 4.4674 -10.0244 -4.9858 4.5219 -10.1849 0.1800 0.2000 0.4314 0.3922 0.1961 23.4995 2.0000 
1200 1201 11 -4.9858 4.5219 -10.1849 -5.0958 4.5748 -10.3434 0.1800 0.2000 0.4314 0.3922 0.1961 23.6204 2.0000 
1201 1202 11 -5.0958 4.5748 -10.3434 -5.2360 4.5909 -10.4851 0.1800 0.2000 0.4314 0.3922 0.1961 23.7418 2.0000 
1202 1203 11 -5.2360 4.5909 -10.4851 -5.3730 4.5809 -10.6304 0.1800 0.2000 0.4314 0.3922 0.1961 23.8639 2.0000 
1203 1204 11 -5.3730 4.5809 -10.6304 -5.4777 4.5708 -10.8006 0.1800 0.2000 0.4314 0.3922 0.1961 23.9865 2.0000 
1204 1205 11 -5.4777 4.5708 -10.8006 -5.5540 4.4998 -10.9712 0.1800 0.2000 0.4314 0.3922 0.1961 24.1097 2.0000 
1205 1206 11 -5.5540 4.4998 -10.9712 -5.6202 4.4206 -11.1425 0.1800 0.2000 0.4314 0.3922 0.1961 24.2336 2.0000 
1206 1207 11 -5.6202 4.4206 -11.1425 -5.6859 4.3391 -11.3129 0.1800 0.2000 0.4314 0.3922 0.1961 24.3580 2.0000 
1207 1208 11 -5.6859 4.3391 -11.3129 -5.7512 4.2605 -11.4849 0.1800 0.2000 0.4314 0.3922 0.1961 24.4830 2.0000 
1208 1209 11 -5.7512 4.2605 -11.4849 -5.8182 4.1832 -11.6568 0.1800 0.2000 0.4314 0.3922 0.1961 24.6086 2.0000 
1209 1210 11 -5.8182 4.1832 -11.6568 -5.8581 4.0711 -11.8175 0.1800 0.2000 0.4314 0.3922 0.1961 24.7349 2.0000 
1210 1211 11 -5.8581 4.0711 -11.8175 -5.8998 3.9615 -11.9795 0.1800 0.2000 0.4314 0.3922 0.1961 24.8618 2.0000 
1211 1212 11 -5.8998 3.9615 -11.9795 -5.9480 3.8803 -12.1558 0.1800 0.2000 0.4314 0.3922 0.1961 24.9893 2.0000 
1212 1213 11 -5.9480 3.8803 -12.1558 -5.9492 3.8011 -12.3395 0.1800 0.2000 0.4314 0.3922 0.1961 25.1174 2.0000 
1213 1214 11 -5.9492 3.8011 -12.3395 -5.8999 3.7189 -12.5150 0.1800 0.2000 0.4314 0.3922 0.1961 25.2462 2.0000 
1214 1215 11 -5.8999 3.7189 -12.5150 -5.8652 3.6447 -12.6975 0.1800 0.2000 0.4314 0.3922 0.1961 25.3756 2.0000 
1215 1216 11 -5.8652 3.6447 -12.6975 -5.8176 3.6034 -12.8873 0.1800 0.2000 0.4314 0.3922 0.1961 25.5057 2.0000 
1216 1217 11 -5.8176 3.6034 -12.8873 -5.8066 3.5532 -13.0806 0.1800 0.2000 0.4314 0.3922 0.1961 25.6364 2.0000 
1217 1218 11 -5.8066 3.5532 -13.0806 -5.8166 3.5000 -13.2731 0.1800 0.2000 0.4314 0.3922 0.1961 25.7679 2.0000 
1218 1219 11 -5.8166 3.5000 -13.2731 -5.8068 3.4123 -13.4526 0.1800 0.2000 0.4314 0.3922 0.1961 25.8999 2.0000 
1219 1220 11 -5.8068 3.4123 -13.4526 -5.8086 3.3212 -13.6306 0.1800 0.2000 0.4314 0.3922 0.1961 26.0327 2.0000 
1220 1221 11 -5.8086 3.3212 -13.6306 -5.8369 3.2368 -13.8097 0.1800 0.2000 0.4314 0.3922 0.1961 26.1662 2.0000 
1221 1222 11 -5.8369 3.2368 -13.8097 -5.8785 3.1500 -13.9850 0.1800 0.2000 0.4314 0.3922 0.1961 26.3003 2.0000 
1222 1223 11 -5.8785 3.1500 -13.9850 -5.9188 3.0645 -14.1613 0.1800 0.2000 0.4314 0.3922 0.1961 26.4352 2.0000 
1223 1224 11 -5.9188 3.0645 -14.1613 -5.9455 2.9527 -14.3249 0.1800 0.2000 0.4314 0.3922 0.1961 26.5708 2.0000 
1224 1225 11 -5.9455 2.9527 -14.3249 -5.9947 2.8446 -14.4859 0.1800 0.2000 0.4314 0.3922 0.1961 26.7071 2.0000 
1225 1226 11 -5.9947 2.8446 -14.4859 -6.0559 2.7240 -14.6332 0.1800 0.2000 0.4314 0.3922 0.1961 26.8441 2.0000 
1226 1227 11 -6.0559 2.7240 -14.6332 -6.1245 2.6112 -14.7834 0.1800 0.2000 0.4314 0.3922 0.1961 26.9819 2.0000 
1227 1228 11 -6.1245 2.6112 -14.7834 -6.2234 2.4944 -14.9122 0.1800 0.2000 0.4314 0.3922 0.1961 27.1204 2.0000 
1228 1229 11 -6.2234 2.4944 -14.9122 -6.3037 2.3668 -15.0436 0.1800 0.2000 0.4314 0.3922 0.1961 27.2596 2.0000 
1229 1230 11 -6.3037 2.3668 -15.0436 -6.3854 2.2230 -15.1561 0.1800 0.2000 0.4314 0.3922 0.1961 27.3996 2.0000 
1230 1231 11 -6.3854 2.2230 -15.1561 -6.4491 2.0703 -15.2684 0.1800 0.2000 0.4314 0.3922 0.1961 27.5404 2.0000 
1231 1232 11 -6.4491 2.0703 -15.2684 -6.4779 1.9436 -15.4205 0.1800 0.2000 0.4314 0.3922 0.1961 27.6820 2.0000 
1232 1233 11 -6.4779 1.9436 -15.4205 -6.5041 1.8166 -15.5728 0.1800 0.2000 0.4314 0.3922 0.1961 27.8243 2.0000 
1233 1234 11 -6.5041 1.8166 -15.5728 -6.5260 1.6969 -15.7314 0.1800 0.2000 0.4314 0.3922 0.1961 27.9674 2.0000 
1234 1235 11 -6.5260 1.6969 -15.7314 -6.5201 1.5840 -15.8964 0.1800 0.2000 0.4314 0.3922 0.1961 28.1114 2.0000 
1235 1236 11 -6.5201 1.5840 -15.8964 -6.5265 1.5052 -16.0801 0.1800 0.2000 0.4314 0.3922 0.1961 28.2561 2.0000 
1236 1237 11 -6.5265 1.5052 -16.0801 -6.5211 1.4730 -16.2775 0.1800 0.2000 0.4314 0.3922 0.1961 28.4017 2.0000 
1237 1238 11 -6.5211 1.4730 -16.2775 -6.5077 1.4350 -16.4734 0.1800 0.2000 0.4314 0.3922 0.1961 28.5481 2.0000 
1238 1239 11 -6.5077 1.4350 -16.4734 -6.4964 1.3941 -16.6688 0.1800 0.2000 0.4314 0.3922 0.1961 28.6953 2.0000 
1239 1240 11 -6.4964 1.3941 -16.6688 -6.5216 1.4046 -16.8669 0.1800 0.2000 0.4314 0.3922 0.1961 28.8434 2.0000 
1240 1241 11 -6.5216 1.4046 -16.8669 -6.5323 1.4047 -17.0666 0.1800 0.2000 0.4314 0.3922 0.1961 28.9923 2.0000 
1241 1242 11 -6.5323 1.4047 -17.0666 -6.5435 1.4047 -17.2663 0.1800 0.2000 0.4314 0.3922 0.1961 29.1421 2.0000 
1242 1243 11 -6.5435 1.4047 -17.2663 -6.5591 1.4034 -17.4657 0.1800 0.2000 0.4314 0.3922 0.1961 29.2928 2.0000 
1243 1244 11 -6.5591 1.4034 -17.4657 -6.5690 1.3887 -17.6649 0.1800 0.2000 0.4314 0.3922 0.1961 29.4444 2.0000 
1244 1245 11 -6.5690 1.3887 -17.6649 -6.5643 1.3691 -17.8639 0.1800 0.2000 0.4314 0.3922 0.1961 29.5968 2.0000 
1245 1246 11 -6.5643 1.3691 -17.8639 -6.5369 1.3800 -18.0617 0.1800 0.2000 0.4314 0.3922 0.1961 29.7502 2.0000 
1246 1247 11 -6.5369 1.3800 -18.0617 -6.4702 1.4090 -18.2480 0.1800 0.2000 0.4314 0.3922 0.1961 29.9045 2.0000 
1247 1248 11 -6.4702 1.4090 -18.2480 -6.4270 1.4249 -18.3622 0.1800 0.1231 0.4314 0.3922 0.1961 30.0000 2.0000 
16 1249 12 -0.0336 0.0399 -5.2430 -0.0903 0.2089 -5.3338 0.1800 0.2000 0.4314 0.3922 0.1961 18.9704 2.0000 
1249 1250 12 -0.0903 0.2089 -5.3338 -0.1837 0.3332 -5.4595 0.1800 0.2000 0.4314 0.3922 0.1961 19.0474 2.0000 
1250 1251 12 -0.1837 0.3332 -5.4595 -0.2703 0.4631 -5.5845 0.1800 0.2000 0.4314 0.3922 0.1961 19.1247 2.0000 
1251 1252 12 -0.2703 0.4631 -5.5845 -0.3524 0.6005 -5.7044 0.1800 0.2000 0.4314 0.3922 0.1961 19.2023 2.0000 
1252 1253 12 -0.3524 0.6005 -5.7044 -0.4621 0.6953 -5.8422 0.1800 0.2000 0.4314 0.3922 0.1961 19.2802 2.0000 
1253 1254 12 -0.4621 0.6953 -5.8422 -0.5809 0.8134 -5.9515 0.1800 0.2000 0.4314 0.3922 0.1961 19.3584 2.0000 
1254 1255 12 -0.5809 0.8134 -5.9515 -0.6893 0.9465 -6.0541 0.1800 0.2000 0.4314 0.3922 0.1961 19.4369 2.0000 
1255 1256 12 -0.6893 0.9465 -6.0541 -0.7999 1.1026 -6.1126 0.1800 0.2000 0.4314 0.3922 0.1961 19.5158 2.0000 
1256 1257 12 -0.7999 1.1026 -6.1126 -0.9026 1.2655 -6.1665 0.1800 0.2000 0.4314 0.3922 0.1961 19.5950 2.0000 
1257 1258 12 -0.9026 1.2655 -6.1665 -1.0064 1.4283 -6.2187 0.1800 0.2000 0.4314 0.3922 0.1961 19.6744 2.0000 
1258 1259 12 -1.0064 1.4283 -6.2187 -1.0781 1.5896 -6.3126 0.1800 0.2000 0.4314 0.3922 0.1961 19.7543 2.0000 
1259 1260 12 -1.0781 1.5896 -6.3126 -1.1518 1.7364 -6.4268 0.1800 0.2000 0.4314 0.3922 0.1961 19.8344 2.0000 
1260 1261 12 -1.1518 1.7364 -6.4268 -1.1906 1.8940 -6.5437 0.1800 0.2000 0.4314 0.3922 0.1961 19.9149 2.0000 
1261 1262 12 -1.1906 1.8940 -6.5437 -1.2322 2.0515 -6.6596 0.1800 0.2000 0.4314 0.3922 0.1961 19.9957 2.0000 
1262 1263 12 -1.2322 2.0515 -6.6596 -1.2762 2.2111 -6.7718 0.1800 0.2000 0.4314 0.3922 0.1961 20.0768 2.0000 
1263 1264 12 -1.2762 2.2111 -6.7718 -1.3255 2.3877 -6.8518 0.1800 0.2000 0.4314 0.3922 0.1961 20.1583 2.0000 
1264 1265 12 -1.3255 2.3877 -6.8518 -1.3557 2.5739 -6.9181 0.1800 0.2000 0.4314 0.3922 0.1961 20.2401 2.0000 
1265 1266 12 -1.3557 2.5739 -6.9181 -1.3754 2.7617 -6.9842 0.1800 0.2000 0.4314 0.3922 0.1961 20.3222 2.0000 
1266 1267 12 -1.3754 2.7617 -6.9842 -1.3946 2.9504 -7.0476 0.1800 0.2000 0.4314 0.3922 0.1961 20.4047 2.0000 
1267 1268 12 -1.3946 2.9504 -7.0476 -1.4215 3.1203 -7.1497 0.1800 0.2000 0.4314 0.3922 0.1961 20.4876 2.0000 
1268 1269 12 -1.4215 3.1203 -7.1497 -1.4539 3.2829 -7.2615 0.1800 0.2000 0.4314 0.3922 0.1961 20.5708 2.0000 
1269 1270 12 -1.4539 3.2829 -7.2615 -1.4917 3.4471 -7.3693 0.1800 0.2000 0.4314 0.3922 0.1961 20.6543 2.0000 
1270 1271 12 -1.4917 3.4471 -7.3693 -1.5296 3.6113 -7.4770 0.1800 0.2000 0.4314 0.3922 0.1961 20.7382 2.0000 
1271 1272 12 -1.5296 3.6113 -7.4770 -1.5415 3.7754 -7.5907 0.1800 0.2000 0.4314 0.3922 0.1961 20.8225 2.0000 
1272 1273 12 -1.5415 3.7754 -7.5907 -1.5138 3.9179 -7.7282 0.1800 0.2000 0.4314 0.3922 0.1961 20.9072 2.0000 
1273 1274 12 -1.5138 3.9179 -7.7282 -1.5089 4.0689 -7.8593 0.1800 0.2000 0.4314 0.3922 0.1961 20.9922 2.0000 
1274 1275 12 -1.5089 4.0689 -7.8593 -1.4879 4.2202 -7.9884 0.1800 0.2000 0.4314 0.3922 0.1961 21.0775 2.0000 
1275 1276 12 -1.4879 4.2202 -7.9884 -1.4744 4.3742 -8.1153 0.1800 0.2000 0.4314 0.3922 0.1961 21.1633 2.0000 
1276 1277 12 -1.4744 4.3742 -8.1153 -1.4357 4.5088 -8.2581 0.1800 0.2000 0.4314 0.3922 0.1961 21.2494 2.0000 
1277 1278 12 -1.4357 4.5088 -8.2581 -1.4055 4.6386 -8.4072 0.1800 0.2000 0.4314 0.3922 0.1961 21.3359 2.0000 
1278 1279 12 -1.4055 4.6386 -8.4072 -1.3672 4.7578 -8.5632 0.1800 0.2000 0.4314 0.3922 0.1961 21.4228 2.0000 
1279 1280 12 -1.3672 4.7578 -8.5632 -1.2807 4.8885 -8.6874 0.1800 0.2000 0.4314 0.3922 0.1961 21.5101 2.0000 
1280 1281 12 -1.2807 4.8885 -8.6874 -1.1899 5.0119 -8.8160 0.1800 0.2000 0.4314 0.3922 0.1961 21.5977 2.0000 
1281 1282 12 -1.1899 5.0119 -8.8160 -1.1012 5.1380 -8.9434 0.1800 0.2000 0.4314 0.3922 0.1961 21.6858 2.0000 
1282 1283 12 -1.1012 5.1380 -8.9434 -1.0121 5.2649 -9.0696 0.1800 0.2000 0.4314 0.3922 0.1961 21.7743 2.0000 
1283 1284 12 -1.0121 5.2649 -9.0696 -0.9191 5.4013 -9.1825 0.1800 0.2000 0.4314 0.3922 0.1961 21.8631 2.0000 
1284 1285 12 -0.9191 5.4013 -9.1825 -0.8126 5.5214 -9.3018 0.1800 0.2000 0.4314 0.3922 0.1961 21.9524 2.0000 
1285 1286 12 -0.8126 5.5214 -9.3018 -0.7330 5.5943 -9.4702 0.1800 0.2000 0.4314 0.3922 0.1961 22.0421 2.0000 
1286 1287 12 -0.7330 5.5943 -9.4702 -0.6481 5.6896 -9.6242 0.1800 0.2000 0.4314 0.3922 0.1961 22.1321 2.0000 
1287 1288 12 -0.6481 5.6896 -9.6242 -0.5621 5.7857 -9.7771 0.1800 0.2000 0.4314 0.3922 0.1961 22.2226 2.0000 
1288 1289 12 -0.5621 5.7857 -9.7771 -0.4754 5.8797 -9.9309 0.1800 0.2000 0.4314 0.3922 0.1961 22.3136 2.0000 
1289 1290 12 -0.4754 5.8797 -9.9309 -0.3934 5.9572 -10.0960 0.1800 0.2000 0.4314 0.3922 0.1961 22.4049 2.0000 
1290 1291 12 -0.3934 5.9572 -10.0960 -0.3502 6.0674 -10.2572 0.1800 0.2000 0.4314 0.3922 0.1961 22.4967 2.0000 
1291 1292 12 -0.3502 6.0674 -10.2572 -0.3141 6.1680 -10.4263 0.1800 0.2000 0.4314 0.3922 0.1961 22.5889 2.0000 
1292 1293 12 -0.3141 6.1680 -10.4263 -0.2611 6.2514 -10.6002 0.1800 0.2000 0.4314 0.3922 0.1961 22.6815 2.0000 
1293 1294 12 -0.2611 6.2514 -10.6002 -0.1537 6.3052 -10.7601 0.1800 0.2000 0.4314 0.3922 0.1961 22.7746 2.0000 
1294 1295 12 -0.1537 6.3052 -10.7601 -0.0546 6.3242 -10.9327 0.1800 0.2000 0.4314 0.3922 0.1961 22.8681 2.0000 
1295 1296 12 -0.0546 6.3242 -10.9327 0.0171 6.3138 -11.1192 0.1800 0.2000 0.4314 0.3922 0.1961 22.9621 2.0000 
1296 1297 12 0.0171 6.3138 -11.1192 0.0975 6.3035 -11.3020 0.1800 0.2000 0.4314 0.3922 0.1961 23.0565 2.0000 
1297 1298 12 0.0975 6.3035 -11.3020 0.1643 6.2821 -11.4893 0.1800 0.2000 0.4314 0.3922 0.1961 23.1514 2.0000 
1298 1299 12 0.1643 6.2821 -11.4893 0.1763 6.1936 -11.6682 0.1800 0.2000 0.4314 0.3922 0.1961 23.2468 2.0000 
1299 1300 12 0.1763 6.1936 -11.6682 0.2007 6.1479 -11.8614 0.1800 0.2000 0.4314 0.3922 0.1961 23.3426 2.0000 
1300 1301 12 0.2007 6.1479 -11.8614 0.2143 6.1357 -12.0606 0.1800 0.2000 0.4314 0.3922 0.1961 23.4389 2.0000 
1301 1302 12 0.2143 6.1357 -12.0606 0.2270 6.1226 -12.2597 0.1800 0.2000 0.4314 0.3922 0.1961 23.5356 2.0000 
1302 1303 12 0.2270 6.1226 -12.2597 0.2000 6.0620 -12.4484 0.1800 0.2000 0.4314 0.3922 0.1961 23.6329 2.0000 
1303 1304 12 0.2000 6.0620 -12.4484 0.1717 6.0022 -12.6372 0.1800 0.2000 0.4314 0.3922 0.1961 23.7306 2.0000 
1304 1305 12 0.1717 6.0022 -12.6372 0.1249 5.9652 -12.8281 0.1800 0.2000 0.4314 0.3922 0.1961 23.8288 2.0000 
1305 1306 12 0.1249 5.9652 -12.8281 0.0702 5.9302 -13.0172 0.1800 0.2000 0.4314 0.3922 0.1961 23.9275 2.0000 
1306 1307 12 0.0702 5.9302 -13.0172 0.0386 5.8881 -13.2102 0.1800 0.2000 0.4314 0.3922 0.1961 24.0267 2.0000 
1307 1308 12 0.0386 5.8881 -13.2102 -0.0157 5.8295 -13.3935 0.1800 0.2000 0.4314 0.3922 0.1961 24.1264 2.0000 
1308 1309 12 -0.0157 5.8295 -13.3935 -0.0746 5.7604 -13.5717 0.1800 0.2000 0.4314 0.3922 0.1961 24.2266 2.0000 
1309 1310 12 -0.0746 5.7604 -13.5717 -0.1360 5.6889 -13.7481 0.1800 0.2000 0.4314 0.3922 0.1961 24.3274 2.0000 
1310 1311 12 -0.1360 5.6889 -13.7481 -0.1960 5.6170 -13.9249 0.1800 0.2000 0.4314 0.3922 0.1961 24.4286 2.0000 
1311 1312 12 -0.1960 5.6170 -13.9249 -0.2666 5.5523 -14.1004 0.1800 0.2000 0.4314 0.3922 0.1961 24.5304 2.0000 
1312 1313 12 -0.2666 5.5523 -14.1004 -0.3475 5.4828 -14.2696 0.1800 0.2000 0.4314 0.3922 0.1961 24.6327 2.0000 
1313 1314 12 -0.3475 5.4828 -14.2696 -0.4049 5.3937 -14.4392 0.1800 0.2000 0.4314 0.3922 0.1961 24.7356 2.0000 
1314 1315 12 -0.4049 5.3937 -14.4392 -0.4770 5.3377 -14.6172 0.1800 0.2000 0.4314 0.3922 0.1961 24.8390 2.0000 
1315 1316 12 -0.4770 5.3377 -14.6172 -0.5509 5.2866 -14.7958 0.1800 0.2000 0.4314 0.3922 0.1961 24.9429 2.0000 
1316 1317 12 -0.5509 5.2866 -14.7958 -0.5768 5.2317 -14.9864 0.1800 0.2000 0.4314 0.3922 0.1961 25.0474 2.0000 
1317 1318 12 -0.5768 5.2317 -14.9864 -0.6006 5.1759 -15.1770 0.1800 0.2000 0.4314 0.3922 0.1961 25.1525 2.0000 
1318 1319 12 -0.6006 5.1759 -15.1770 -0.6174 5.1134 -15.3662 0.1800 0.2000 0.4314 0.3922 0.1961 25.2581 2.0000 
1319 1320 12 -0.6174 5.1134 -15.3662 -0.6726 5.0857 -15.5565 0.1800 0.2000 0.4314 0.3922 0.1961 25.3643 2.0000 
1320 1321 12 -0.6726 5.0857 -15.5565 -0.7323 5.0474 -15.7434 0.1800 0.2000 0.4314 0.3922 0.1961 25.4711 2.0000 
1321 1322 12 -0.7323 5.0474 -15.7434 -0.8022 5.0032 -15.9255 0.1800 0.2000 0.4314 0.3922 0.1961 25.5785 2.0000 
1322 1323 12 -0.8022 5.0032 -15.9255 -0.8348 4.9648 -16.1191 0.1800 0.2000 0.4314 0.3922 0.1961 25.6864 2.0000 
1323 1324 12 -0.8348 4.9648 -16.1191 -0.8690 4.9505 -16.3156 0.1800 0.2000 0.4314 0.3922 0.1961 25.7950 2.0000 
1324 1325 12 -0.8690 4.9505 -16.3156 -0.8860 4.9270 -16.5135 0.1800 0.2000 0.4314 0.3922 0.1961 25.9041 2.0000 
1325 1326 12 -0.8860 4.9270 -16.5135 -0.9005 4.8977 -16.7108 0.1800 0.2000 0.4314 0.3922 0.1961 26.0139 2.0000 
1326 1327 12 -0.9005 4.8977 -16.7108 -0.9221 4.8820 -16.9090 0.1800 0.2000 0.4314 0.3922 0.1961 26.1243 2.0000 
1327 1328 12 -0.9221 4.8820 -16.9090 -0.9340 4.8635 -17.1078 0.1800 0.2000 0.4314 0.3922 0.1961 26.2353 2.0000 
1328 1329 12 -0.9340 4.8635 -17.1078 -0.9076 4.8341 -17.3039 0.1800 0.2000 0.4314 0.3922 0.1961 26.3469 2.0000 
1329 1330 12 -0.9076 4.8341 -17.3039 -0.8943 4.8163 -17.5026 0.1800 0.2000 0.4314 0.3922 0.1961 26.4592 2.0000 
1330 1331 12 -0.8943 4.8163 -17.5026 -0.8849 4.7956 -17.7014 0.1800 0.2000 0.4314 0.3922 0.1961 26.5721 2.0000 
1331 1332 12 -0.8849 4.7956 -17.7014 -0.8748 4.7867 -17.9009 0.1800 0.2000 0.4314 0.3922 0.1961 26.6857 2.0000 
1332 1333 12 -0.8748 4.7867 -17.9009 -0.8646 4.7911 -18.1006 0.1800 0.2000 0.4314 0.3922 0.1961 26.8000 2.0000 
1333 1334 12 -0.8646 4.7911 -18.1006 -0.8483 4.7953 -18.2999 0.1800 0.2000 0.4314 0.3922 0.1961 26.9149 2.0000 
1334 1335 12 -0.8483 4.7953 -18.2999 -0.8252 4.7931 -18.4985 0.1800 0.2000 0.4314 0.3922 0.1961 27.0305 2.0000 
1335 1336 12 -0.8252 4.7931 -18.4985 -0.8366 4.7875 -18.6981 0.1800 0.2000 0.4314 0.3922 0.1961 27.1468 2.0000 
1336 1337 12 -0.8366 4.7875 -18.6981 -0.8595 4.7601 -18.8949 0.1800 0.2000 0.4314 0.3922 0.1961 27.2637 2.0000 
1337 1338 12 -0.8595 4.7601 -18.8949 -0.8802 4.7353 -19.0923 0.1800 0.2000 0.4314 0.3922 0.1961 27.3814 2.0000 
1338 1339 12 -0.8802 4.7353 -19.0923 -0.8694 4.7275 -19.2918 0.1800 0.2000 0.4314 0.3922 0.1961 27.4998 2.0000 
1339 1340 12 -0.8694 4.7275 -19.2918 -0.8585 4.7198 -19.4914 0.1800 0.2000 0.4314 0.3922 0.1961 27.6189 2.0000 
1340 1341 12 -0.8585 4.7198 -19.4914 -0.8370 4.7083 -19.6899 0.1800 0.2000 0.4314 0.3922 0.1961 27.7388 2.0000 
1341 1342 12 -0.8370 4.7083 -19.6899 -0.8206 4.6977 -19.8889 0.1800 0.2000 0.4314 0.3922 0.1961 27.8593 2.0000 
1342 1343 12 -0.8206 4.6977 -19.8889 -0.8345 4.7094 -20.0881 0.1800 0.2000 0.4314 0.3922 0.1961 27.9807 2.0000 
1343 1344 12 -0.8345 4.7094 -20.0881 -0.8426 4.7267 -20.2872 0.1800 0.2000 0.4314 0.3922 0.1961 28.1027 2.0000 
1344 1345 12 -0.8426 4.7267 -20.2872 -0.8570 4.7397 -20.4863 0.1800 0.2000 0.4314 0.3922 0.1961 28.2256 2.0000 
1345 1346 12 -0.8570 4.7397 -20.4863 -0.8640 4.7621 -20.6849 0.1800 0.2000 0.4314 0.3922 0.1961 28.3492 2.0000 
1346 1347 12 -0.8640 4.7621 -20.6849 -0.8561 4.7540 -20.8846 0.1800 0.2000 0.4314 0.3922 0.1961 28.4736 2.0000 
1347 1348 12 -0.8561 4.7540 -20.8846 -0.8789 4.7846 -21.0809 0.1800 0.2000 0.4314 0.3922 0.1961 28.5988 2.0000 
1348 1349 12 -0.8789 4.7846 -21.0809 -0.8976 4.8103 -21.2783 0.1800 0.2000 0.4314 0.3922 0.1961 28.7248 2.0000 
1349 1350 12 -0.8976 4.8103 -21.2783 -0.9248 4.8208 -21.4762 0.1800 0.2000 0.4314 0.3922 0.1961 28.8516 2.0000 
1350 1351 12 -0.9248 4.8208 -21.4762 -0.9642 4.8314 -21.6720 0.1800 0.2000 0.4314 0.3922 0.1961 28.9793 2.0000 
1351 1352 12 -0.9642 4.8314 -21.6720 -1.0024 4.8188 -21.8679 0.1800 0.2000 0.4314 0.3922 0.1961 29.1078 2.0000 
1352 1353 12 -1.0024 4.8188 -21.8679 -1.0336 4.8040 -22.0649 0.1800 0.2000 0.4314 0.3922 0.1961 29.2371 2.0000 
1353 1354 12 -1.0336 4.8040 -22.0649 -1.0152 4.8015 -22.2640 0.1800 0.2000 0.4314 0.3922 0.1961 29.3673 2.0000 
1354 1355 12 -1.0152 4.8015 -22.2640 -1.0075 4.7950 -22.4638 0.1800 0.2000 0.4314 0.3922 0.1961 29.4983 2.0000 
1355 1356 12 -1.0075 4.7950 -22.4638 -1.0015 4.7942 -22.6637 0.1800 0.2000 0.4314 0.3922 0.1961 29.6303 2.0000 
1356 1357 12 -1.0015 4.7942 -22.6637 -1.0393 4.7826 -22.8597 0.1800 0.2000 0.4314 0.3922 0.1961 29.7631 2.0000 
1357 1358 12 -1.0393 4.7826 -22.8597 -1.0767 4.7657 -23.0555 0.1800 0.2000 0.4314 0.3922 0.1961 29.8969 2.0000 
1358 1359 12 -1.0767 4.7657 -23.0555 -1.1070 4.7536 -23.2053 0.1800 0.1533 0.4314 0.3922 0.1961 30.0000 2.0000 
17 1360 13 -0.0377 0.0368 -5.4091 0.1148 -0.0578 -5.4975 0.1800 0.2000 0.4314 0.3922 0.1961 19.1948 2.0000 
1360 1361 13 0.1148 -0.0578 -5.4975 0.2630 -0.1618 -5.5823 0.1800 0.2000 0.4314 0.3922 0.1961 19.2930 2.0000 
1361 1362 13 0.2630 -0.1618 -5.5823 0.4204 -0.2174 -5.6926 0.1800 0.2000 0.4314 0.3922 0.1961 19.3917 2.0000 
1362 1363 13 0.4204 -0.2174 -5.6926 0.5823 -0.2756 -5.7945 0.1800 0.2000 0.4314 0.3922 0.1961 19.4907 2.0000 
1363 1364 13 0.5823 -0.2756 -5.7945 0.7428 -0.3431 -5.8929 0.1800 0.2000 0.4314 0.3922 0.1961 19.5901 2.0000 
1364 1365 13 0.7428 -0.3431 -5.8929 0.8974 -0.4099 -6.0008 0.1800 0.2000 0.4314 0.3922 0.1961 19.6899 2.0000 
1365 1366 13 0.8974 -0.4099 -6.0008 1.0426 -0.4819 -6.1180 0.1800 0.2000 0.4314 0.3922 0.1961 19.7901 2.0000 
1366 1367 13 1.0426 -0.4819 -6.1180 1.2022 -0.5092 -6.2354 0.1800 0.2000 0.4314 0.3922 0.1961 19.8907 2.0000 
1367 1368 13 1.2022 -0.5092 -6.2354 1.3747 -0.5411 -6.3314 0.1800 0.2000 0.4314 0.3922 0.1961 19.9917 2.0000 
1368 1369 13 1.3747 -0.5411 -6.3314 1.5394 -0.5515 -6.4444 0.1800 0.2000 0.4314 0.3922 0.1961 20.0932 2.0000 
1369 1370 13 1.5394 -0.5515 -6.4444 1.6974 -0.5514 -6.5670 0.1800 0.2000 0.4314 0.3922 0.1961 20.1950 2.0000 
1370 1371 13 1.6974 -0.5514 -6.5670 1.8532 -0.5542 -6.6924 0.1800 0.2000 0.4314 0.3922 0.1961 20.2973 2.0000 
1371 1372 13 1.8532 -0.5542 -6.6924 1.9678 -0.5464 -6.8561 0.1800 0.2000 0.4314 0.3922 0.1961 20.3999 2.0000 
1372 1373 13 1.9678 -0.5464 -6.8561 2.0699 -0.5487 -7.0281 0.1800 0.2000 0.4314 0.3922 0.1961 20.5030 2.0000 
1373 1374 13 2.0699 -0.5487 -7.0281 2.1616 -0.5567 -7.2057 0.1800 0.2000 0.4314 0.3922 0.1961 20.6066 2.0000 
1374 1375 13 2.1616 -0.5567 -7.2057 2.2388 -0.5615 -7.3901 0.1800 0.2000 0.4314 0.3922 0.1961 20.7105 2.0000 
1375 1376 13 2.2388 -0.5615 -7.3901 2.2960 -0.5442 -7.5810 0.1800 0.2000 0.4314 0.3922 0.1961 20.8149 2.0000 
1376 1377 13 2.2960 -0.5442 -7.5810 2.3817 -0.5187 -7.7599 0.1800 0.2000 0.4314 0.3922 0.1961 20.9198 2.0000 
1377 1378 13 2.3817 -0.5187 -7.7599 2.4557 -0.4943 -7.9441 0.1800 0.2000 0.4314 0.3922 0.1961 21.0250 2.0000 
1378 1379 13 2.4557 -0.4943 -7.9441 2.5114 -0.5133 -8.1352 0.1800 0.2000 0.4314 0.3922 0.1961 21.1307 2.0000 
1379 1380 13 2.5114 -0.5133 -8.1352 2.5420 -0.5009 -8.3324 0.1800 0.2000 0.4314 0.3922 0.1961 21.2369 2.0000 
1380 1381 13 2.5420 -0.5009 -8.3324 2.5383 -0.4619 -8.5286 0.1800 0.2000 0.4314 0.3922 0.1961 21.3435 2.0000 
1381 1382 13 2.5383 -0.4619 -8.5286 2.5832 -0.4351 -8.7216 0.1800 0.2000 0.4314 0.3922 0.1961 21.4506 2.0000 
1382 1383 13 2.5832 -0.4351 -8.7216 2.6336 -0.4179 -8.9144 0.1800 0.2000 0.4314 0.3922 0.1961 21.5581 2.0000 
1383 1384 13 2.6336 -0.4179 -8.9144 2.6210 -0.4144 -9.1140 0.1800 0.2000 0.4314 0.3922 0.1961 21.6661 2.0000 
1384 1385 13 2.6210 -0.4144 -9.1140 2.6150 -0.4341 -9.3129 0.1800 0.2000 0.4314 0.3922 0.1961 21.7746 2.0000 
1385 1386 13 2.6150 -0.4341 -9.3129 2.6123 -0.4506 -9.5122 0.1800 0.2000 0.4314 0.3922 0.1961 21.8835 2.0000 
1386 1387 13 2.6123 -0.4506 -9.5122 2.6188 -0.4916 -9.7079 0.1800 0.2000 0.4314 0.3922 0.1961 21.9930 2.0000 
1387 1388 13 2.6188 -0.4916 -9.7079 2.6254 -0.5301 -9.9040 0.1800 0.2000 0.4314 0.3922 0.1961 22.1029 2.0000 
1388 1389 13 2.6254 -0.5301 -9.9040 2.6391 -0.5695 -10.0996 0.1800 0.2000 0.4314 0.3922 0.1961 22.2132 2.0000 
1389 1390 13 2.6391 -0.5695 -10.0996 2.6476 -0.6069 -10.2959 0.1800 0.2000 0.4314 0.3922 0.1961 22.3241 2.0000 
1390 1391 13 2.6476 -0.6069 -10.2959 2.6578 -0.6282 -10.4945 0.1800 0.2000 0.4314 0.3922 0.1961 22.4355 2.0000 
1391 1392 13 2.6578 -0.6282 -10.4945 2.6606 -0.6445 -10.6938 0.1800 0.2000 0.4314 0.3922 0.1961 22.5474 2.0000 
1392 1393 13 2.6606 -0.6445 -10.6938 2.6658 -0.6566 -10.8934 0.1800 0.2000 0.4314 0.3922 0.1961 22.6597 2.0000 
1393 1394 13 2.6658 -0.6566 -10.8934 2.7160 -0.6871 -11.0846 0.1800 0.2000 0.4314 0.3922 0.1961 22.7726 2.0000 
1394 1395 13 2.7160 -0.6871 -11.0846 2.7653 -0.7304 -11.2735 0.1800 0.2000 0.4314 0.3922 0.1961 22.8860 2.0000 
1395 1396 13 2.7653 -0.7304 -11.2735 2.8035 -0.7755 -11.4646 0.1800 0.2000 0.4314 0.3922 0.1961 22.9999 2.0000 
1396 1397 13 2.8035 -0.7755 -11.4646 2.8309 -0.8132 -11.6591 0.1800 0.2000 0.4314 0.3922 0.1961 23.1143 2.0000 
1397 1398 13 2.8309 -0.8132 -11.6591 2.8593 -0.8476 -11.8540 0.1800 0.2000 0.4314 0.3922 0.1961 23.2293 2.0000 
1398 1399 13 2.8593 -0.8476 -11.8540 2.8802 -0.8842 -12.0495 0.1800 0.2000 0.4314 0.3922 0.1961 23.3447 2.0000 
1399 1400 13 2.8802 -0.8842 -12.0495 2.8931 -0.9016 -12.2483 0.1800 0.2000 0.4314 0.3922 0.1961 23.4608 2.0000 
1400 1401 13 2.8931 -0.9016 -12.2483 2.9077 -0.9122 -12.4475 0.1800 0.2000 0.4314 0.3922 0.1961 23.5773 2.0000 
1401 1402 13 2.9077 -0.9122 -12.4475 2.8960 -0.9007 -12.6469 0.1800 0.2000 0.4314 0.3922 0.1961 23.6944 2.0000 
1402 1403 13 2.8960 -0.9007 -12.6469 2.9109 -0.9029 -12.8463 0.1800 0.2000 0.4314 0.3922 0.1961 23.8121 2.0000 
1403 1404 13 2.9109 -0.9029 -12.8463 2.9250 -0.9022 -13.0458 0.1800 0.2000 0.4314 0.3922 0.1961 23.9303 2.0000 
1404 1405 13 2.9250 -0.9022 -13.0458 2.9370 -0.8988 -13.2454 0.1800 0.2000 0.4314 0.3922 0.1961 24.0491 2.0000 
1405 1406 13 2.9370 -0.8988 -13.2454 2.9553 -0.8918 -13.4444 0.1800 0.2000 0.4314 0.3922 0.1961 24.1684 2.0000 
1406 1407 13 2.9553 -0.8918 -13.4444 2.9611 -0.8721 -13.6434 0.1800 0.2000 0.4314 0.3922 0.1961 24.2883 2.0000 
1407 1408 13 2.9611 -0.8721 -13.6434 2.9107 -0.9109 -13.8330 0.1800 0.2000 0.4314 0.3922 0.1961 24.4088 2.0000 
1408 1409 13 2.9107 -0.9109 -13.8330 2.8618 -0.9769 -14.0154 0.1800 0.2000 0.4314 0.3922 0.1961 24.5299 2.0000 
1409 1410 13 2.8618 -0.9769 -14.0154 2.8291 -1.0694 -14.1896 0.1800 0.2000 0.4314 0.3922 0.1961 24.6516 2.0000 
1410 1411 13 2.8291 -1.0694 -14.1896 2.8113 -1.1451 -14.3739 0.1800 0.2000 0.4314 0.3922 0.1961 24.7738 2.0000 
1411 1412 13 2.8113 -1.1451 -14.3739 2.8054 -1.2395 -14.5501 0.1800 0.2000 0.4314 0.3922 0.1961 24.8967 2.0000 
1412 1413 13 2.8054 -1.2395 -14.5501 2.8035 -1.2642 -14.7486 0.1800 0.2000 0.4314 0.3922 0.1961 25.0201 2.0000 
1413 1414 13 2.8035 -1.2642 -14.7486 2.8226 -1.2853 -14.9466 0.1800 0.2000 0.4314 0.3922 0.1961 25.1442 2.0000 
1414 1415 13 2.8226 -1.2853 -14.9466 2.8164 -1.2715 -15.1460 0.1800 0.2000 0.4314 0.3922 0.1961 25.2689 2.0000 
1415 1416 13 2.8164 -1.2715 -15.1460 2.8529 -1.2322 -15.3386 0.1800 0.2000 0.4314 0.3922 0.1961 25.3942 2.0000 
1416 1417 13 2.8529 -1.2322 -15.3386 2.9286 -1.2218 -15.5235 0.1800 0.2000 0.4314 0.3922 0.1961 25.5202 2.0000 
1417 1418 13 2.9286 -1.2218 -15.5235 2.9675 -1.2038 -15.7189 0.1800 0.2000 0.4314 0.3922 0.1961 25.6468 2.0000 
1418 1419 13 2.9675 -1.2038 -15.7189 3.0583 -1.1666 -15.8931 0.1800 0.2000 0.4314 0.3922 0.1961 25.7740 2.0000 
1419 1420 13 3.0583 -1.1666 -15.8931 3.1458 -1.1251 -16.0681 0.1800 0.2000 0.4314 0.3922 0.1961 25.9019 2.0000 
1420 1421 13 3.1458 -1.1251 -16.0681 3.2332 -1.0836 -16.2431 0.1800 0.2000 0.4314 0.3922 0.1961 26.0305 2.0000 
1421 1422 13 3.2332 -1.0836 -16.2431 3.3095 -1.0468 -16.4243 0.1800 0.2000 0.4314 0.3922 0.1961 26.1597 2.0000 
1422 1423 13 3.3095 -1.0468 -16.4243 3.3921 -1.0136 -16.6034 0.1800 0.2000 0.4314 0.3922 0.1961 26.2895 2.0000 
1423 1424 13 3.3921 -1.0136 -16.6034 3.4541 -0.9491 -16.7823 0.1800 0.2000 0.4314 0.3922 0.1961 26.4201 2.0000 
1424 1425 13 3.4541 -0.9491 -16.7823 3.5217 -0.8811 -16.9578 0.1800 0.2000 0.4314 0.3922 0.1961 26.5514 2.0000 
1425 1426 13 3.5217 -0.8811 -16.9578 3.5933 -0.8262 -17.1363 0.1800 0.2000 0.4314 0.3922 0.1961 26.6833 2.0000 
1426 1427 13 3.5933 -0.8262 -17.1363 3.6639 -0.7535 -17.3087 0.1800 0.2000 0.4314 0.3922 0.1961 26.8159 2.0000 
1427 1428 13 3.6639 -0.7535 -17.3087 3.7294 -0.6595 -17.4726 0.1800 0.2000 0.4314 0.3922 0.1961 26.9493 2.0000 
1428 1429 13 3.7294 -0.6595 -17.4726 3.7836 -0.5941 -17.6537 0.1800 0.2000 0.4314 0.3922 0.1961 27.0833 2.0000 
1429 1430 13 3.7836 -0.5941 -17.6537 3.8578 -0.5482 -17.8337 0.1800 0.2000 0.4314 0.3922 0.1961 27.2181 2.0000 
1430 1431 13 3.8578 -0.5482 -17.8337 3.9278 -0.5149 -18.0180 0.1800 0.2000 0.4314 0.3922 0.1961 27.3536 2.0000 
1431 1432 13 3.9278 -0.5149 -18.0180 3.9713 -0.4832 -18.2106 0.1800 0.2000 0.4314 0.3922 0.1961 27.4899 2.0000 
1432 1433 13 3.9713 -0.4832 -18.2106 4.0129 -0.4523 -18.4038 0.1800 0.2000 0.4314 0.3922 0.1961 27.6269 2.0000 
1433 1434 13 4.0129 -0.4523 -18.4038 4.0914 -0.4207 -18.5851 0.1800 0.2000 0.4314 0.3922 0.1961 27.7646 2.0000 
1434 1435 13 4.0914 -0.4207 -18.5851 4.1572 -0.3544 -18.7619 0.1800 0.2000 0.4314 0.3922 0.1961 27.9031 2.0000 
1435 1436 13 4.1572 -0.3544 -18.7619 4.2203 -0.2774 -18.9354 0.1800 0.2000 0.4314 0.3922 0.1961 28.0424 2.0000 
1436 1437 13 4.2203 -0.2774 -18.9354 4.2690 -0.1989 -19.1128 0.1800 0.2000 0.4314 0.3922 0.1961 28.1825 2.0000 
1437 1438 13 4.2690 -0.1989 -19.1128 4.3545 -0.1234 -19.2770 0.1800 0.2000 0.4314 0.3922 0.1961 28.3233 2.0000 
1438 1439 13 4.3545 -0.1234 -19.2770 4.4149 -0.0153 -19.4341 0.1800 0.2000 0.4314 0.3922 0.1961 28.4650 2.0000 
1439 1440 13 4.4149 -0.0153 -19.4341 4.5147 0.0559 -19.5921 0.1800 0.2000 0.4314 0.3922 0.1961 28.6075 2.0000 
1440 1441 13 4.5147 0.0559 -19.5921 4.6067 0.1060 -19.7624 0.1800 0.2000 0.4314 0.3922 0.1961 28.7507 2.0000 
1441 1442 13 4.6067 0.1060 -19.7624 4.6985 0.1383 -19.9372 0.1800 0.2000 0.4314 0.3922 0.1961 28.8948 2.0000 
1442 1443 13 4.6985 0.1383 -19.9372 4.7859 0.1634 -20.1153 0.1800 0.2000 0.4314 0.3922 0.1961 29.0398 2.0000 
1443 1444 13 4.7859 0.1634 -20.1153 4.8753 0.2420 -20.2761 0.1800 0.2000 0.4314 0.3922 0.1961 29.1856 2.0000 
1444 1445 13 4.8753 0.2420 -20.2761 4.9418 0.3196 -20.4480 0.1800 0.2000 0.4314 0.3922 0.1961 29.3322 2.0000 
1445 1446 13 4.9418 0.3196 -20.4480 5.0538 0.3695 -20.6060 0.1800 0.2000 0.4314 0.3922 0.1961 29.4797 2.0000 
1446 1447 13 5.0538 0.3695 -20.6060 5.1573 0.4558 -20.7538 0.1800 0.2000 0.4314 0.3922 0.1961 29.6281 2.0000 
1447 1448 13 5.1573 0.4558 -20.7538 5.2630 0.5375 -20.9026 0.1800 0.2000 0.4314 0.3922 0.1961 29.7774 2.0000 
1448 1449 13 5.2630 0.5375 -20.9026 5.3694 0.6167 -21.0522 0.1800 0.2000 0.4314 0.3922 0.1961 29.9275 2.0000 
1449 1450 13 5.3694 0.6167 -21.0522 5.4227 0.6513 -21.1244 0.1800 0.0961 0.4314 0.3922 0.1961 30.0000 2.0000 
18 1451 14 -0.0315 0.0330 -5.5644 -0.0347 0.2202 -5.6346 0.1800 0.2000 0.4314 0.3922 0.1961 19.6140 2.0000 
1451 1452 14 -0.0347 0.2202 -5.6346 -0.0501 0.4165 -5.6696 0.1800 0.2000 0.4314 0.3922 0.1961 19.9413 2.0000 
1452 1453 14 -0.0501 0.4165 -5.6696 -0.0681 0.6139 -5.6965 0.1800 0.2000 0.4314 0.3922 0.1961 20.2699 2.0000 
1453 1454 14 -0.0681 0.6139 -5.6965 -0.0989 0.8100 -5.6720 0.1800 0.2000 0.4314 0.3922 0.1961 20.5998 2.0000 
1454 1455 14 -0.0989 0.8100 -5.6720 -0.1569 1.0008 -5.6566 0.1800 0.2000 0.4314 0.3922 0.1961 20.9310 2.0000 
1455 1456 14 -0.1569 1.0008 -5.6566 -0.2198 1.1904 -5.6482 0.1800 0.2000 0.4314 0.3922 0.1961 21.2635 2.0000 
1456 1457 14 -0.2198 1.1904 -5.6482 -0.2845 1.3797 -5.6479 0.1800 0.2000 0.4314 0.3922 0.1961 21.5974 2.0000 
1457 1458 14 -0.2845 1.3797 -5.6479 -0.3349 1.5685 -5.6905 0.1800 0.2000 0.4314 0.3922 0.1961 21.9326 2.0000 
1458 1459 14 -0.3349 1.5685 -5.6905 -0.3798 1.7455 -5.7719 0.1800 0.2000 0.4314 0.3922 0.1961 22.2691 2.0000 
1459 1460 14 -0.3798 1.7455 -5.7719 -0.4282 1.9155 -5.8657 0.1800 0.2000 0.4314 0.3922 0.1961 22.6071 2.0000 
1460 1461 14 -0.4282 1.9155 -5.8657 -0.4749 2.0868 -5.9577 0.1800 0.2000 0.4314 0.3922 0.1961 22.9464 2.0000 
1461 1462 14 -0.4749 2.0868 -5.9577 -0.5283 2.2564 -6.0491 0.1800 0.2000 0.4314 0.3922 0.1961 23.2871 2.0000 
1462 1463 14 -0.5283 2.2564 -6.0491 -0.5816 2.4261 -6.1406 0.1800 0.2000 0.4314 0.3922 0.1961 23.6292 2.0000 
1463 1464 14 -0.5816 2.4261 -6.1406 -0.5789 2.5892 -6.2563 0.1800 0.2000 0.4314 0.3922 0.1961 23.9727 2.0000 
1464 1465 14 -0.5789 2.5892 -6.2563 -0.5996 2.7471 -6.3773 0.1800 0.2000 0.4314 0.3922 0.1961 24.3176 2.0000 
1465 1466 14 -0.5996 2.7471 -6.3773 -0.6594 2.8992 -6.4926 0.1800 0.2000 0.4314 0.3922 0.1961 24.6639 2.0000 
1466 1467 14 -0.6594 2.8992 -6.4926 -0.7130 3.0469 -6.6164 0.1800 0.2000 0.4314 0.3922 0.1961 25.0117 2.0000 
1467 1468 14 -0.7130 3.0469 -6.6164 -0.7638 3.2155 -6.7113 0.1800 0.2000 0.4314 0.3922 0.1961 25.3610 2.0000 
1468 1469 14 -0.7638 3.2155 -6.7113 -0.8639 3.3668 -6.7953 0.1800 0.2000 0.4314 0.3922 0.1961 25.7117 2.0000 
1469 1470 14 -0.8639 3.3668 -6.7953 -0.9420 3.5311 -6.8785 0.1800 0.2000 0.4314 0.3922 0.1961 26.0640 2.0000 
1470 1471 14 -0.9420 3.5311 -6.8785 -1.0499 3.6923 -6.9271 0.1800 0.2000 0.4314 0.3922 0.1961 26.4177 2.0000 
1471 1472 14 -1.0499 3.6923 -6.9271 -1.1947 3.8221 -6.9739 0.1800 0.2000 0.4314 0.3922 0.1961 26.7729 2.0000 
1472 1473 14 -1.1947 3.8221 -6.9739 -1.3292 3.9600 -7.0277 0.1800 0.2000 0.4314 0.3922 0.1961 27.1296 2.0000 
1473 1474 14 -1.3292 3.9600 -7.0277 -1.4680 4.0928 -7.0834 0.1800 0.2000 0.4314 0.3922 0.1961 27.4879 2.0000 
1474 1475 14 -1.4680 4.0928 -7.0834 -1.5977 4.2157 -7.1733 0.1800 0.2000 0.4314 0.3922 0.1961 27.8477 2.0000 
1475 1476 14 -1.5977 4.2157 -7.1733 -1.7149 4.3364 -7.2814 0.1800 0.2000 0.4314 0.3922 0.1961 28.2091 2.0000 
1476 1477 14 -1.7149 4.3364 -7.2814 -1.8306 4.4676 -7.3783 0.1800 0.2000 0.4314 0.3922 0.1961 28.5721 2.0000 
1477 1478 14 -1.8306 4.4676 -7.3783 -1.9456 4.5884 -7.4888 0.1800 0.2000 0.4314 0.3922 0.1961 28.9366 2.0000 
1478 1479 14 -1.9456 4.5884 -7.4888 -2.0976 4.6955 -7.5622 0.1800 0.2000 0.4314 0.3922 0.1961 29.3028 2.0000 
1479 1480 14 -2.0976 4.6955 -7.5622 -2.2651 4.7694 -7.6428 0.1800 0.2000 0.4314 0.3922 0.1961 29.6705 2.0000 
1480 1481 14 -2.2651 4.7694 -7.6428 -2.4037 4.8509 -7.7202 0.1800 0.1784 0.4314 0.3922 0.1961 30.0000 2.0000 
19 1482 15 -0.0309 0.0238 -5.7388 0.1125 -0.0998 -5.8031 0.1800 0.2000 0.4314 0.3922 0.1961 19.5711 2.0000 
1482 1483 15 0.1125 -0.0998 -5.8031 0.2514 -0.2276 -5.8694 0.1800 0.2000 0.4314 0.3922 0.1961 19.6388 2.0000 
1483 1484 15 0.2514 -0.2276 -5.8694 0.4016 -0.3421 -5.9353 0.1800 0.2000 0.4314 0.3922 0.1961 19.7067 2.0000 
1484 1485 15 0.4016 -0.3421 -5.9353 0.5773 -0.4137 -5.9987 0.1800 0.2000 0.4314 0.3922 0.1961 19.7750 2.0000 
1485 1486 15 0.5773 -0.4137 -5.9987 0.7295 -0.4540 -6.1220 0.1800 0.2000 0.4314 0.3922 0.1961 19.8435 2.0000 
1486 1487 15 0.7295 -0.4540 -6.1220 0.8795 -0.4695 -6.2533 0.1800 0.2000 0.4314 0.3922 0.1961 19.9123 2.0000 
1487 1488 15 0.8795 -0.4695 -6.2533 1.0223 -0.4812 -6.3929 0.1800 0.2000 0.4314 0.3922 0.1961 19.9813 2.0000 
1488 1489 15 1.0223 -0.4812 -6.3929 1.1965 -0.5044 -6.4882 0.1800 0.2000 0.4314 0.3922 0.1961 20.0506 2.0000 
1489 1490 15 1.1965 -0.5044 -6.4882 1.3618 -0.5133 -6.6005 0.1800 0.2000 0.4314 0.3922 0.1961 20.1202 2.0000 
1490 1491 15 1.3618 -0.5133 -6.6005 1.4935 -0.5648 -6.7419 0.1800 0.2000 0.4314 0.3922 0.1961 20.1901 2.0000 
1491 1492 15 1.4935 -0.5648 -6.7419 1.6158 -0.5874 -6.8985 0.1800 0.2000 0.4314 0.3922 0.1961 20.2603 2.0000 
1492 1493 15 1.6158 -0.5874 -6.8985 1.7368 -0.6075 -7.0565 0.1800 0.2000 0.4314 0.3922 0.1961 20.3308 2.0000 
1493 1494 15 1.7368 -0.6075 -7.0565 1.8569 -0.6256 -7.2154 0.1800 0.2000 0.4314 0.3922 0.1961 20.4015 2.0000 
1494 1495 15 1.8569 -0.6256 -7.2154 1.9671 -0.6777 -7.3740 0.1800 0.2000 0.4314 0.3922 0.1961 20.4726 2.0000 
1495 1496 15 1.9671 -0.6777 -7.3740 2.0879 -0.7207 -7.5275 0.1800 0.2000 0.4314 0.3922 0.1961 20.5439 2.0000 
1496 1497 15 2.0879 -0.7207 -7.5275 2.2122 -0.7647 -7.6778 0.1800 0.2000 0.4314 0.3922 0.1961 20.6156 2.0000 
1497 1498 15 2.2122 -0.7647 -7.6778 2.3122 -0.7913 -7.8490 0.1800 0.2000 0.4314 0.3922 0.1961 20.6875 2.0000 
1498 1499 15 2.3122 -0.7913 -7.8490 2.3992 -0.8367 -8.0233 0.1800 0.2000 0.4314 0.3922 0.1961 20.7597 2.0000 
1499 1500 15 2.3992 -0.8367 -8.0233 2.4814 -0.8888 -8.1980 0.1800 0.2000 0.4314 0.3922 0.1961 20.8323 2.0000 
1500 1501 15 2.4814 -0.8888 -8.1980 2.5535 -0.9357 -8.3785 0.1800 0.2000 0.4314 0.3922 0.1961 20.9051 2.0000 
1501 1502 15 2.5535 -0.9357 -8.3785 2.6105 -0.9537 -8.5694 0.1800 0.2000 0.4314 0.3922 0.1961 20.9783 2.0000 
1502 1503 15 2.6105 -0.9537 -8.5694 2.6744 -0.9766 -8.7575 0.1800 0.2000 0.4314 0.3922 0.1961 21.0518 2.0000 
1503 1504 15 2.6744 -0.9766 -8.7575 2.7430 -0.9911 -8.9449 0.1800 0.2000 0.4314 0.3922 0.1961 21.1255 2.0000 
1504 1505 15 2.7430 -0.9911 -8.9449 2.7816 -0.9910 -9.1411 0.1800 0.2000 0.4314 0.3922 0.1961 21.1996 2.0000 
1505 1506 15 2.7816 -0.9910 -9.1411 2.7869 -1.0103 -9.3401 0.1800 0.2000 0.4314 0.3922 0.1961 21.2741 2.0000 
1506 1507 15 2.7869 -1.0103 -9.3401 2.7942 -1.0421 -9.5374 0.1800 0.2000 0.4314 0.3922 0.1961 21.3488 2.0000 
1507 1508 15 2.7942 -1.0421 -9.5374 2.8002 -1.0375 -9.7373 0.1800 0.2000 0.4314 0.3922 0.1961 21.4239 2.0000 
1508 1509 15 2.8002 -1.0375 -9.7373 2.8058 -1.0311 -9.9371 0.1800 0.2000 0.4314 0.3922 0.1961 21.4993 2.0000 
1509 1510 15 2.8058 -1.0311 -9.9371 2.8114 -1.0250 -10.1369 0.1800 0.2000 0.4314 0.3922 0.1961 21.5750 2.0000 
1510 1511 15 2.8114 -1.0250 -10.1369 2.8066 -1.0317 -10.3368 0.1800 0.2000 0.4314 0.3922 0.1961 21.6511 2.0000 
1511 1512 15 2.8066 -1.0317 -10.3368 2.8022 -1.0571 -10.5351 0.1800 0.2000 0.4314 0.3922 0.1961 21.7275 2.0000 
1512 1513 15 2.8022 -1.0571 -10.5351 2.8079 -1.0747 -10.7342 0.1800 0.2000 0.4314 0.3922 0.1961 21.8042 2.0000 
1513 1514 15 2.8079 -1.0747 -10.7342 2.7940 -1.0786 -10.9337 0.1800 0.2000 0.4314 0.3922 0.1961 21.8813 2.0000 
1514 1515 15 2.7940 -1.0786 -10.9337 2.7809 -1.0872 -11.1331 0.1800 0.2000 0.4314 0.3922 0.1961 21.9587 2.0000 
1515 1516 15 2.7809 -1.0872 -11.1331 2.7748 -1.1473 -11.3237 0.1800 0.2000 0.4314 0.3922 0.1961 22.0365 2.0000 
1516 1517 15 2.7748 -1.1473 -11.3237 2.7493 -1.1527 -11.5220 0.1800 0.2000 0.4314 0.3922 0.1961 22.1147 2.0000 
1517 1518 15 2.7493 -1.1527 -11.5220 2.6926 -1.1360 -11.7131 0.1800 0.2000 0.4314 0.3922 0.1961 22.1932 2.0000 
1518 1519 15 2.6926 -1.1360 -11.7131 2.6777 -1.1043 -11.9100 0.1800 0.2000 0.4314 0.3922 0.1961 22.2720 2.0000 
1519 1520 15 2.6777 -1.1043 -11.9100 2.6950 -1.0586 -12.1040 0.1800 0.2000 0.4314 0.3922 0.1961 22.3512 2.0000 
1520 1521 15 2.6950 -1.0586 -12.1040 2.7169 -1.0119 -12.2972 0.1800 0.2000 0.4314 0.3922 0.1961 22.4308 2.0000 
1521 1522 15 2.7169 -1.0119 -12.2972 2.7277 -0.9466 -12.4859 0.1800 0.2000 0.4314 0.3922 0.1961 22.5107 2.0000 
1522 1523 15 2.7277 -0.9466 -12.4859 2.7581 -0.9080 -12.6798 0.1800 0.2000 0.4314 0.3922 0.1961 22.5911 2.0000 
1523 1524 15 2.7581 -0.9080 -12.6798 2.7642 -0.8871 -12.8786 0.1800 0.2000 0.4314 0.3922 0.1961 22.6718 2.0000 
1524 1525 15 2.7642 -0.8871 -12.8786 2.7821 -0.8716 -13.0772 0.1800 0.2000 0.4314 0.3922 0.1961 22.7528 2.0000 
1525 1526 15 2.7821 -0.8716 -13.0772 2.7854 -0.8556 -13.2765 0.1800 0.2000 0.4314 0.3922 0.1961 22.8343 2.0000 
1526 1527 15 2.7854 -0.8556 -13.2765 2.7869 -0.8729 -13.4758 0.1800 0.2000 0.4314 0.3922 0.1961 22.9161 2.0000 
1527 1528 15 2.7869 -0.8729 -13.4758 2.7698 -0.8887 -13.6744 0.1800 0.2000 0.4314 0.3922 0.1961 22.9984 2.0000 
1528 1529 15 2.7698 -0.8887 -13.6744 2.7514 -0.9066 -13.8728 0.1800 0.2000 0.4314 0.3922 0.1961 23.0810 2.0000 
1529 1530 15 2.7514 -0.9066 -13.8728 2.7244 -0.9224 -14.0703 0.1800 0.2000 0.4314 0.3922 0.1961 23.1640 2.0000 
1530 1531 15 2.7244 -0.9224 -14.0703 2.6992 -0.9285 -14.2686 0.1800 0.2000 0.4314 0.3922 0.1961 23.2475 2.0000 
1531 1532 15 2.6992 -0.9285 -14.2686 2.6806 -0.9292 -14.4677 0.1800 0.2000 0.4314 0.3922 0.1961 23.3313 2.0000 
1532 1533 15 2.6806 -0.9292 -14.4677 2.6629 -0.9362 -14.6668 0.1800 0.2000 0.4314 0.3922 0.1961 23.4156 2.0000 
1533 1534 15 2.6629 -0.9362 -14.6668 2.6446 -0.9442 -14.8658 0.1800 0.2000 0.4314 0.3922 0.1961 23.5002 2.0000 
1534 1535 15 2.6446 -0.9442 -14.8658 2.6496 -0.9397 -15.0657 0.1800 0.2000 0.4314 0.3922 0.1961 23.5853 2.0000 
1535 1536 15 2.6496 -0.9397 -15.0657 2.6681 -0.9178 -15.2636 0.1800 0.2000 0.4314 0.3922 0.1961 23.6708 2.0000 
1536 1537 15 2.6681 -0.9178 -15.2636 2.6805 -0.9051 -15.4629 0.1800 0.2000 0.4314 0.3922 0.1961 23.7567 2.0000 
1537 1538 15 2.6805 -0.9051 -15.4629 2.7054 -0.9319 -15.6595 0.1800 0.2000 0.4314 0.3922 0.1961 23.8431 2.0000 
1538 1539 15 2.7054 -0.9319 -15.6595 2.7321 -0.9726 -15.8535 0.1800 0.2000 0.4314 0.3922 0.1961 23.9299 2.0000 
1539 1540 15 2.7321 -0.9726 -15.8535 2.7693 -1.0130 -16.0458 0.1800 0.2000 0.4314 0.3922 0.1961 24.0171 2.0000 
1540 1541 15 2.7693 -1.0130 -16.0458 2.8119 -1.0325 -16.2402 0.1800 0.2000 0.4314 0.3922 0.1961 24.1048 2.0000 
1541 1542 15 2.8119 -1.0325 -16.2402 2.8456 -1.0361 -16.4373 0.1800 0.2000 0.4314 0.3922 0.1961 24.1929 2.0000 
1542 1543 15 2.8456 -1.0361 -16.4373 2.8897 -1.0420 -16.6323 0.1800 0.2000 0.4314 0.3922 0.1961 24.2815 2.0000 
1543 1544 15 2.8897 -1.0420 -16.6323 2.9344 -1.0673 -16.8256 0.1800 0.2000 0.4314 0.3922 0.1961 24.3706 2.0000 
1544 1545 15 2.9344 -1.0673 -16.8256 2.9720 -1.1013 -17.0191 0.1800 0.2000 0.4314 0.3922 0.1961 24.4601 2.0000 
1545 1546 15 2.9720 -1.1013 -17.0191 3.0409 -1.1578 -17.1981 0.1800 0.2000 0.4314 0.3922 0.1961 24.5500 2.0000 
1546 1547 15 3.0409 -1.1578 -17.1981 3.1060 -1.2265 -17.3743 0.1800 0.2000 0.4314 0.3922 0.1961 24.6405 2.0000 
1547 1548 15 3.1060 -1.2265 -17.3743 3.1809 -1.2544 -17.5576 0.1800 0.2000 0.4314 0.3922 0.1961 24.7314 2.0000 
1548 1549 15 3.1809 -1.2544 -17.5576 3.2155 -1.3074 -17.7474 0.1800 0.2000 0.4314 0.3922 0.1961 24.8228 2.0000 
1549 1550 15 3.2155 -1.3074 -17.7474 3.2532 -1.3644 -17.9353 0.1800 0.2000 0.4314 0.3922 0.1961 24.9147 2.0000 
1550 1551 15 3.2532 -1.3644 -17.9353 3.2867 -1.3924 -18.1305 0.1800 0.2000 0.4314 0.3922 0.1961 25.0070 2.0000 
1551 1552 15 3.2867 -1.3924 -18.1305 3.3308 -1.4641 -18.3119 0.1800 0.2000 0.4314 0.3922 0.1961 25.0999 2.0000 
1552 1553 15 3.3308 -1.4641 -18.3119 3.3725 -1.5252 -18.4977 0.1800 0.2000 0.4314 0.3922 0.1961 25.1933 2.0000 
1553 1554 15 3.3725 -1.5252 -18.4977 3.4135 -1.5847 -18.6842 0.1800 0.2000 0.4314 0.3922 0.1961 25.2872 2.0000 
1554 1555 15 3.4135 -1.5847 -18.6842 3.4785 -1.6394 -18.8653 0.1800 0.2000 0.4314 0.3922 0.1961 25.3816 2.0000 
1555 1556 15 3.4785 -1.6394 -18.8653 3.5203 -1.7126 -19.0467 0.1800 0.2000 0.4314 0.3922 0.1961 25.4765 2.0000 
1556 1557 15 3.5203 -1.7126 -19.0467 3.5858 -1.7678 -19.2274 0.1800 0.2000 0.4314 0.3922 0.1961 25.5720 2.0000 
1557 1558 15 3.5858 -1.7678 -19.2274 3.6343 -1.8180 -19.4148 0.1800 0.2000 0.4314 0.3922 0.1961 25.6680 2.0000 
1558 1559 15 3.6343 -1.8180 -19.4148 3.6824 -1.8535 -19.6057 0.1800 0.2000 0.4314 0.3922 0.1961 25.7645 2.0000 
1559 1560 15 3.6824 -1.8535 -19.6057 3.7287 -1.8877 -19.7972 0.1800 0.2000 0.4314 0.3922 0.1961 25.8615 2.0000 
1560 1561 15 3.7287 -1.8877 -19.7972 3.7634 -1.8993 -19.9938 0.1800 0.2000 0.4314 0.3922 0.1961 25.9592 2.0000 
1561 1562 15 3.7634 -1.8993 -19.9938 3.7947 -1.9085 -20.1911 0.1800 0.2000 0.4314 0.3922 0.1961 26.0573 2.0000 
1562 1563 15 3.7947 -1.9085 -20.1911 3.7988 -1.8978 -20.3908 0.1800 0.2000 0.4314 0.3922 0.1961 26.1561 2.0000 
1563 1564 15 3.7988 -1.8978 -20.3908 3.7932 -1.8733 -20.5892 0.1800 0.2000 0.4314 0.3922 0.1961 26.2554 2.0000 
1564 1565 15 3.7932 -1.8733 -20.5892 3.8015 -1.8610 -20.7887 0.1800 0.2000 0.4314 0.3922 0.1961 26.3552 2.0000 
1565 1566 15 3.8015 -1.8610 -20.7887 3.7894 -1.8630 -20.9883 0.1800 0.2000 0.4314 0.3922 0.1961 26.4557 2.0000 
1566 1567 15 3.7894 -1.8630 -20.9883 3.8122 -1.9230 -21.1777 0.1800 0.2000 0.4314 0.3922 0.1961 26.5567 2.0000 
1567 1568 15 3.8122 -1.9230 -21.1777 3.8358 -1.9818 -21.3674 0.1800 0.2000 0.4314 0.3922 0.1961 26.6584 2.0000 
1568 1569 15 3.8358 -1.9818 -21.3674 3.8288 -2.0280 -21.5619 0.1800 0.2000 0.4314 0.3922 0.1961 26.7606 2.0000 
1569 1570 15 3.8288 -2.0280 -21.5619 3.8402 -2.0633 -21.7584 0.1800 0.2000 0.4314 0.3922 0.1961 26.8635 2.0000 
1570 1571 15 3.8402 -2.0633 -21.7584 3.8343 -2.0922 -21.9562 0.1800 0.2000 0.4314 0.3922 0.1961 26.9670 2.0000 
1571 1572 15 3.8343 -2.0922 -21.9562 3.8191 -2.0831 -22.1554 0.1800 0.2000 0.4314 0.3922 0.1961 27.0711 2.0000 
1572 1573 15 3.8191 -2.0831 -22.1554 3.8005 -2.0850 -22.3546 0.1800 0.2000 0.4314 0.3922 0.1961 27.1758 2.0000 
1573 1574 15 3.8005 -2.0850 -22.3546 3.7960 -2.0768 -22.5543 0.1800 0.2000 0.4314 0.3922 0.1961 27.2812 2.0000 
1574 1575 15 3.7960 -2.0768 -22.5543 3.7903 -2.0857 -22.7541 0.1800 0.2000 0.4314 0.3922 0.1961 27.3872 2.0000 
1575 1576 15 3.7903 -2.0857 -22.7541 3.8023 -2.0932 -22.9536 0.1800 0.2000 0.4314 0.3922 0.1961 27.4939 2.0000 
1576 1577 15 3.8023 -2.0932 -22.9536 3.7998 -2.0801 -23.1531 0.1800 0.2000 0.4314 0.3922 0.1961 27.6012 2.0000 
1577 1578 15 3.7998 -2.0801 -23.1531 3.7993 -2.0693 -23.3528 0.1800 0.2000 0.4314 0.3922 0.1961 27.7093 2.0000 
1578 1579 15 3.7993 -2.0693 -23.3528 3.8091 -2.0568 -23.5522 0.1800 0.2000 0.4314 0.3922 0.1961 27.8180 2.0000 
1579 1580 15 3.8091 -2.0568 -23.5522 3.8202 -2.0414 -23.7513 0.1800 0.2000 0.4314 0.3922 0.1961 27.9273 2.0000 
1580 1581 15 3.8202 -2.0414 -23.7513 3.8410 -2.0300 -23.9499 0.1800 0.2000 0.4314 0.3922 0.1961 28.0374 2.0000 
1581 1582 15 3.8410 -2.0300 -23.9499 3.8857 -1.9814 -24.1386 0.1800 0.2000 0.4314 0.3922 0.1961 28.1482 2.0000 
1582 1583 15 3.8857 -1.9814 -24.1386 3.9558 -1.9596 -24.3247 0.1800 0.2000 0.4314 0.3922 0.1961 28.2597 2.0000 
1583 1584 15 3.9558 -1.9596 -24.3247 4.0268 -1.9776 -24.5108 0.1800 0.2000 0.4314 0.3922 0.1961 28.3720 2.0000 
1584 1585 15 4.0268 -1.9776 -24.5108 4.0689 -1.9530 -24.7048 0.1800 0.2000 0.4314 0.3922 0.1961 28.4850 2.0000 
1585 1586 15 4.0689 -1.9530 -24.7048 4.0859 -1.9338 -24.9031 0.1800 0.2000 0.4314 0.3922 0.1961 28.5987 2.0000 
1586 1587 15 4.0859 -1.9338 -24.9031 4.0850 -1.9164 -25.1024 0.1800 0.2000 0.4314 0.3922 0.1961 28.7132 2.0000 
1587 1588 15 4.0850 -1.9164 -25.1024 4.1046 -1.9136 -25.3014 0.1800 0.2000 0.4314 0.3922 0.1961 28.8284 2.0000 
1588 1589 15 4.1046 -1.9136 -25.3014 4.1179 -1.9248 -25.5006 0.1800 0.2000 0.4314 0.3922 0.1961 28.9444 2.0000 
1589 1590 15 4.1179 -1.9248 -25.5006 4.1397 -1.9449 -25.6984 0.1800 0.2000 0.4314 0.3922 0.1961 29.0612 2.0000 
1590 1591 15 4.1397 -1.9449 -25.6984 4.1596 -1.9610 -25.8968 0.1800 0.2000 0.4314 0.3922 0.1961 29.1788 2.0000 
1591 1592 15 4.1596 -1.9610 -25.8968 4.1824 -1.9989 -26.0918 0.1800 0.2000 0.4314 0.3922 0.1961 29.2972 2.0000 
1592 1593 15 4.1824 -1.9989 -26.0918 4.2157 -2.0449 -26.2836 0.1800 0.2000 0.4314 0.3922 0.1961 29.4165 2.0000 
1593 1594 15 4.2157 -2.0449 -26.2836 4.2549 -2.0718 -26.4778 0.1800 0.2000 0.4314 0.3922 0.1961 29.5365 2.0000 
1594 1595 15 4.2549 -2.0718 -26.4778 4.2956 -2.1057 -26.6707 0.1800 0.2000 0.4314 0.3922 0.1961 29.6574 2.0000 
1595 1596 15 4.2956 -2.1057 -26.6707 4.3393 -2.1206 -26.8653 0.1800 0.2000 0.4314 0.3922 0.1961 29.7792 2.0000 
1596 1597 15 4.3393 -2.1206 -26.8653 4.3653 -2.1365 -27.0630 0.1800 0.2000 0.4314 0.3922 0.1961 29.9018 2.0000 
1597 1598 15 4.3653 -2.1365 -27.0630 4.3916 -2.1477 -27.2195 0.1800 0.1591 0.4314 0.3922 0.1961 30.0000 2.0000 
21 1599 16 -0.0152 0.0258 -6.0225 0.1750 0.0286 -6.0843 0.1800 0.2000 0.4314 0.3922 0.1961 19.9386 2.0000 
1599 1600 16 0.1750 0.0286 -6.0843 0.3662 0.0470 -6.1399 0.1800 0.2000 0.4314 0.3922 0.1961 20.0200 2.0000 
1600 1601 16 0.3662 0.0470 -6.1399 0.5487 0.0102 -6.2128 0.1800 0.2000 0.4314 0.3922 0.1961 20.1018 2.0000 
1601 1602 16 0.5487 0.0102 -6.2128 0.7315 -0.0530 -6.2640 0.1800 0.2000 0.4314 0.3922 0.1961 20.1839 2.0000 
1602 1603 16 0.7315 -0.0530 -6.2640 0.8790 -0.1741 -6.3236 0.1800 0.2000 0.4314 0.3922 0.1961 20.2663 2.0000 
1603 1604 16 0.8790 -0.1741 -6.3236 1.0374 -0.2696 -6.3999 0.1800 0.2000 0.4314 0.3922 0.1961 20.3490 2.0000 
1604 1605 16 1.0374 -0.2696 -6.3999 1.1935 -0.3724 -6.4709 0.1800 0.2000 0.4314 0.3922 0.1961 20.4321 2.0000 
1605 1606 16 1.1935 -0.3724 -6.4709 1.3306 -0.4826 -6.5662 0.1800 0.2000 0.4314 0.3922 0.1961 20.5155 2.0000 
1606 1607 16 1.3306 -0.4826 -6.5662 1.4578 -0.5975 -6.6692 0.1800 0.2000 0.4314 0.3922 0.1961 20.5993 2.0000 
1607 1608 16 1.4578 -0.5975 -6.6692 1.6043 -0.7050 -6.7527 0.1800 0.2000 0.4314 0.3922 0.1961 20.6834 2.0000 
1608 1609 16 1.6043 -0.7050 -6.7527 1.7492 -0.8197 -6.8292 0.1800 0.2000 0.4314 0.3922 0.1961 20.7678 2.0000 
1609 1610 16 1.7492 -0.8197 -6.8292 1.9083 -0.8905 -6.9276 0.1800 0.2000 0.4314 0.3922 0.1961 20.8526 2.0000 
1610 1611 16 1.9083 -0.8905 -6.9276 2.0590 -0.9455 -7.0470 0.1800 0.2000 0.4314 0.3922 0.1961 20.9377 2.0000 
1611 1612 16 2.0590 -0.9455 -7.0470 2.2041 -0.9995 -7.1737 0.1800 0.2000 0.4314 0.3922 0.1961 21.0232 2.0000 
1612 1613 16 2.2041 -0.9995 -7.1737 2.3488 -1.0543 -7.3004 0.1800 0.2000 0.4314 0.3922 0.1961 21.1090 2.0000 
1613 1614 16 2.3488 -1.0543 -7.3004 2.4985 -1.1175 -7.4170 0.1800 0.2000 0.4314 0.3922 0.1961 21.1952 2.0000 
1614 1615 16 2.4985 -1.1175 -7.4170 2.6450 -1.1786 -7.5386 0.1800 0.2000 0.4314 0.3922 0.1961 21.2817 2.0000 
1615 1616 16 2.6450 -1.1786 -7.5386 2.8005 -1.2392 -7.6489 0.1800 0.2000 0.4314 0.3922 0.1961 21.3686 2.0000 
1616 1617 16 2.8005 -1.2392 -7.6489 2.9583 -1.3007 -7.7553 0.1800 0.2000 0.4314 0.3922 0.1961 21.4559 2.0000 
1617 1618 16 2.9583 -1.3007 -7.7553 3.1205 -1.3824 -7.8390 0.1800 0.2000 0.4314 0.3922 0.1961 21.5436 2.0000 
1618 1619 16 3.1205 -1.3824 -7.8390 3.2695 -1.4685 -7.9409 0.1800 0.2000 0.4314 0.3922 0.1961 21.6316 2.0000 
1619 1620 16 3.2695 -1.4685 -7.9409 3.4275 -1.5292 -8.0475 0.1800 0.2000 0.4314 0.3922 0.1961 21.7200 2.0000 
1620 1621 16 3.4275 -1.5292 -8.0475 3.6019 -1.5747 -8.1341 0.1800 0.2000 0.4314 0.3922 0.1961 21.8088 2.0000 
1621 1622 16 3.6019 -1.5747 -8.1341 3.7677 -1.6320 -8.2302 0.1800 0.2000 0.4314 0.3922 0.1961 21.8979 2.0000 
1622 1623 16 3.7677 -1.6320 -8.2302 3.9293 -1.7042 -8.3232 0.1800 0.2000 0.4314 0.3922 0.1961 21.9874 2.0000 
1623 1624 16 3.9293 -1.7042 -8.3232 4.0966 -1.7709 -8.4102 0.1800 0.2000 0.4314 0.3922 0.1961 22.0774 2.0000 
1624 1625 16 4.0966 -1.7709 -8.4102 4.2414 -1.8398 -8.5298 0.1800 0.2000 0.4314 0.3922 0.1961 22.1677 2.0000 
1625 1626 16 4.2414 -1.8398 -8.5298 4.3886 -1.8834 -8.6579 0.1800 0.2000 0.4314 0.3922 0.1961 22.2584 2.0000 
1626 1627 16 4.3886 -1.8834 -8.6579 4.5017 -1.9382 -8.8135 0.1800 0.2000 0.4314 0.3922 0.1961 22.3495 2.0000 
1627 1628 16 4.5017 -1.9382 -8.8135 4.6158 -1.9957 -8.9674 0.1800 0.2000 0.4314 0.3922 0.1961 22.4410 2.0000 
1628 1629 16 4.6158 -1.9957 -8.9674 4.7141 -2.0695 -9.1252 0.1800 0.2000 0.4314 0.3922 0.1961 22.5330 2.0000 
1629 1630 16 4.7141 -2.0695 -9.1252 4.8133 -2.1266 -9.2892 0.1800 0.2000 0.4314 0.3922 0.1961 22.6253 2.0000 
1630 1631 16 4.8133 -2.1266 -9.2892 4.9083 -2.1910 -9.4529 0.1800 0.2000 0.4314 0.3922 0.1961 22.7180 2.0000 
1631 1632 16 4.9083 -2.1910 -9.4529 5.0030 -2.2558 -9.6167 0.1800 0.2000 0.4314 0.3922 0.1961 22.8112 2.0000 
1632 1633 16 5.0030 -2.2558 -9.6167 5.0719 -2.3415 -9.7838 0.1800 0.2000 0.4314 0.3922 0.1961 22.9048 2.0000 
1633 1634 16 5.0719 -2.3415 -9.7838 5.1383 -2.4362 -9.9470 0.1800 0.2000 0.4314 0.3922 0.1961 22.9988 2.0000 
1634 1635 16 5.1383 -2.4362 -9.9470 5.1956 -2.5494 -10.1016 0.1800 0.2000 0.4314 0.3922 0.1961 23.0932 2.0000 
1635 1636 16 5.1956 -2.5494 -10.1016 5.3191 -2.6486 -10.2236 0.1800 0.2000 0.4314 0.3922 0.1961 23.1881 2.0000 
1636 1637 16 5.3191 -2.6486 -10.2236 5.4472 -2.7327 -10.3521 0.1800 0.2000 0.4314 0.3922 0.1961 23.2834 2.0000 
1637 1638 16 5.4472 -2.7327 -10.3521 5.5823 -2.8024 -10.4821 0.1800 0.2000 0.4314 0.3922 0.1961 23.3791 2.0000 
1638 1639 16 5.5823 -2.8024 -10.4821 5.7171 -2.8722 -10.6123 0.1800 0.2000 0.4314 0.3922 0.1961 23.4753 2.0000 
1639 1640 16 5.7171 -2.8722 -10.6123 5.8497 -2.9495 -10.7406 0.1800 0.2000 0.4314 0.3922 0.1961 23.5719 2.0000 
1640 1641 16 5.8497 -2.9495 -10.7406 5.9711 -3.0154 -10.8852 0.1800 0.2000 0.4314 0.3922 0.1961 23.6690 2.0000 
1641 1642 16 5.9711 -3.0154 -10.8852 6.0923 -3.0806 -11.0303 0.1800 0.2000 0.4314 0.3922 0.1961 23.7666 2.0000 
1642 1643 16 6.0923 -3.0806 -11.0303 6.2148 -3.1361 -11.1784 0.1800 0.2000 0.4314 0.3922 0.1961 23.8646 2.0000 
1643 1644 16 6.2148 -3.1361 -11.1784 6.3049 -3.2258 -11.3327 0.1800 0.2000 0.4314 0.3922 0.1961 23.9630 2.0000 
1644 1645 16 6.3049 -3.2258 -11.3327 6.4036 -3.3115 -11.4841 0.1800 0.2000 0.4314 0.3922 0.1961 24.0620 2.0000 
1645 1646 16 6.4036 -3.3115 -11.4841 6.5041 -3.3999 -11.6327 0.1800 0.2000 0.4314 0.3922 0.1961 24.1614 2.0000 
1646 1647 16 6.5041 -3.3999 -11.6327 6.6244 -3.4833 -11.7690 0.1800 0.2000 0.4314 0.3922 0.1961 24.2613 2.0000 
1647 1648 16 6.6244 -3.4833 -11.7690 6.7449 -3.5682 -11.9042 0.1800 0.2000 0.4314 0.3922 0.1961 24.3617 2.0000 
1648 1649 16 6.7449 -3.5682 -11.9042 6.8720 -3.6192 -12.0500 0.1800 0.2000 0.4314 0.3922 0.1961 24.4625 2.0000 
1649 1650 16 6.8720 -3.6192 -12.0500 6.9983 -3.6702 -12.1964 0.1800 0.2000 0.4314 0.3922 0.1961 24.5639 2.0000 
1650 1651 16 6.9983 -3.6702 -12.1964 7.1061 -3.7342 -12.3522 0.1800 0.2000 0.4314 0.3922 0.1961 24.6658 2.0000 
1651 1652 16 7.1061 -3.7342 -12.3522 7.2029 -3.7923 -12.5173 0.1800 0.2000 0.4314 0.3922 0.1961 24.7681 2.0000 
1652 1653 16 7.2029 -3.7923 -12.5173 7.2831 -3.8499 -12.6912 0.1800 0.2000 0.4314 0.3922 0.1961 24.8710 2.0000 
1653 1654 16 7.2831 -3.8499 -12.6912 7.3877 -3.9112 -12.8504 0.1800 0.2000 0.4314 0.3922 0.1961 24.9744 2.0000 
1654 1655 16 7.3877 -3.9112 -12.8504 7.4840 -3.9703 -13.0153 0.1800 0.2000 0.4314 0.3922 0.1961 25.0783 2.0000 
1655 1656 16 7.4840 -3.9703 -13.0153 7.5703 -4.0258 -13.1870 0.1800 0.2000 0.4314 0.3922 0.1961 25.1827 2.0000 
1656 1657 16 7.5703 -4.0258 -13.1870 7.6445 -4.0769 -13.3656 0.1800 0.2000 0.4314 0.3922 0.1961 25.2877 2.0000 
1657 1658 16 7.6445 -4.0769 -13.3656 7.7249 -4.1280 -13.5414 0.1800 0.2000 0.4314 0.3922 0.1961 25.3931 2.0000 
1658 1659 16 7.7249 -4.1280 -13.5414 7.7909 -4.1825 -13.7222 0.1800 0.2000 0.4314 0.3922 0.1961 25.4992 2.0000 
1659 1660 16 7.7909 -4.1825 -13.7222 7.8488 -4.2213 -13.9097 0.1800 0.2000 0.4314 0.3922 0.1961 25.6057 2.0000 
1660 1661 16 7.8488 -4.2213 -13.9097 7.9027 -4.2611 -14.0981 0.1800 0.2000 0.4314 0.3922 0.1961 25.7129 2.0000 
1661 1662 16 7.9027 -4.2611 -14.0981 7.9269 -4.2610 -14.2966 0.1800 0.2000 0.4314 0.3922 0.1961 25.8205 2.0000 
1662 1663 16 7.9269 -4.2610 -14.2966 7.9350 -4.2925 -14.4940 0.1800 0.2000 0.4314 0.3922 0.1961 25.9288 2.0000 
1663 1664 16 7.9350 -4.2925 -14.4940 7.9378 -4.3277 -14.6909 0.1800 0.2000 0.4314 0.3922 0.1961 26.0376 2.0000 
1664 1665 16 7.9378 -4.3277 -14.6909 7.9391 -4.3494 -14.8897 0.1800 0.2000 0.4314 0.3922 0.1961 26.1470 2.0000 
1665 1666 16 7.9391 -4.3494 -14.8897 7.9499 -4.3680 -15.0885 0.1800 0.2000 0.4314 0.3922 0.1961 26.2569 2.0000 
1666 1667 16 7.9499 -4.3680 -15.0885 7.9687 -4.3926 -15.2861 0.1800 0.2000 0.4314 0.3922 0.1961 26.3675 2.0000 
1667 1668 16 7.9687 -4.3926 -15.2861 7.9829 -4.4000 -15.4855 0.1800 0.2000 0.4314 0.3922 0.1961 26.4786 2.0000 
1668 1669 16 7.9829 -4.4000 -15.4855 8.0181 -4.3837 -15.6817 0.1800 0.2000 0.4314 0.3922 0.1961 26.5904 2.0000 
1669 1670 16 8.0181 -4.3837 -15.6817 8.0671 -4.3987 -15.8750 0.1800 0.2000 0.4314 0.3922 0.1961 26.7027 2.0000 
1670 1671 16 8.0671 -4.3987 -15.8750 8.1363 -4.4046 -16.0625 0.1800 0.2000 0.4314 0.3922 0.1961 26.8157 2.0000 
1671 1672 16 8.1363 -4.4046 -16.0625 8.2409 -4.4136 -16.2328 0.1800 0.2000 0.4314 0.3922 0.1961 26.9293 2.0000 
1672 1673 16 8.2409 -4.4136 -16.2328 8.3477 -4.4102 -16.4018 0.1800 0.2000 0.4314 0.3922 0.1961 27.0435 2.0000 
1673 1674 16 8.3477 -4.4102 -16.4018 8.4521 -4.4151 -16.5723 0.1800 0.2000 0.4314 0.3922 0.1961 27.1583 2.0000 
1674 1675 16 8.4521 -4.4151 -16.5723 8.5637 -4.4556 -16.7333 0.1800 0.2000 0.4314 0.3922 0.1961 27.2738 2.0000 
1675 1676 16 8.5637 -4.4556 -16.7333 8.6695 -4.4706 -16.9024 0.1800 0.2000 0.4314 0.3922 0.1961 27.3899 2.0000 
1676 1677 16 8.6695 -4.4706 -16.9024 8.7485 -4.4312 -17.0819 0.1800 0.2000 0.4314 0.3922 0.1961 27.5067 2.0000 
1677 1678 16 8.7485 -4.4312 -17.0819 8.8019 -4.4002 -17.2721 0.1800 0.2000 0.4314 0.3922 0.1961 27.6241 2.0000 
1678 1679 16 8.8019 -4.4002 -17.2721 8.8335 -4.3523 -17.4637 0.1800 0.2000 0.4314 0.3922 0.1961 27.7422 2.0000 
1679 1680 16 8.8335 -4.3523 -17.4637 8.8598 -4.3117 -17.6577 0.1800 0.2000 0.4314 0.3922 0.1961 27.8610 2.0000 
1680 1681 16 8.8598 -4.3117 -17.6577 8.8828 -4.2845 -17.8545 0.1800 0.2000 0.4314 0.3922 0.1961 27.9805 2.0000 
1681 1682 16 8.8828 -4.2845 -17.8545 8.9031 -4.2615 -18.0522 0.1800 0.2000 0.4314 0.3922 0.1961 28.1007 2.0000 
1682 1683 16 8.9031 -4.2615 -18.0522 8.9158 -4.2432 -18.2509 0.1800 0.2000 0.4314 0.3922 0.1961 28.2215 2.0000 
1683 1684 16 8.9158 -4.2432 -18.2509 8.9265 -4.2266 -18.4499 0.1800 0.2000 0.4314 0.3922 0.1961 28.3431 2.0000 
1684 1685 16 8.9265 -4.2266 -18.4499 8.9407 -4.2043 -18.6482 0.1800 0.2000 0.4314 0.3922 0.1961 28.4654 2.0000 
1685 1686 16 8.9407 -4.2043 -18.6482 8.9571 -4.2225 -18.8467 0.1800 0.2000 0.4314 0.3922 0.1961 28.5884 2.0000 
1686 1687 16 8.9571 -4.2225 -18.8467 8.9733 -4.2403 -19.0452 0.1800 0.2000 0.4314 0.3922 0.1961 28.7121 2.0000 
1687 1688 16 8.9733 -4.2403 -19.0452 8.9879 -4.2585 -19.2439 0.1800 0.2000 0.4314 0.3922 0.1961 28.8366 2.0000 
1688 1689 16 8.9879 -4.2585 -19.2439 9.0023 -4.2770 -19.4425 0.1800 0.2000 0.4314 0.3922 0.1961 28.9619 2.0000 
1689 1690 16 9.0023 -4.2770 -19.4425 9.0325 -4.2752 -19.6402 0.1800 0.2000 0.4314 0.3922 0.1961 29.0879 2.0000 
1690 1691 16 9.0325 -4.2752 -19.6402 9.0879 -4.2687 -19.8323 0.1800 0.2000 0.4314 0.3922 0.1961 29.2147 2.0000 
1691 1692 16 9.0879 -4.2687 -19.8323 9.1216 -4.2523 -20.0287 0.1800 0.2000 0.4314 0.3922 0.1961 29.3422 2.0000 
1692 1693 16 9.1216 -4.2523 -20.0287 9.1299 -4.2808 -20.2265 0.1800 0.2000 0.4314 0.3922 0.1961 29.4706 2.0000 
1693 1694 16 9.1299 -4.2808 -20.2265 9.1557 -4.3187 -20.4212 0.1800 0.2000 0.4314 0.3922 0.1961 29.5997 2.0000 
1694 1695 16 9.1557 -4.3187 -20.4212 9.1932 -4.3725 -20.6101 0.1800 0.2000 0.4314 0.3922 0.1961 29.7297 2.0000 
1695 1696 16 9.1932 -4.3725 -20.6101 9.1754 -4.4586 -20.7898 0.1800 0.2000 0.4314 0.3922 0.1961 29.8605 2.0000 
1696 1697 16 9.1754 -4.4586 -20.7898 9.1776 -4.5367 -20.9739 0.1800 0.2000 0.4314 0.3922 0.1961 29.9921 2.0000 
1697 1698 16 9.1776 -4.5367 -20.9739 9.1776 -4.5411 -20.9851 0.1800 0.0120 0.4314 0.3922 0.1961 30.0000 2.0000 
22 1699 17 -0.0102 0.0403 -6.2032 -0.1521 0.1478 -6.2945 0.1800 0.2000 0.4314 0.3922 0.1961 20.1850 2.0000 
1699 1700 17 -0.1521 0.1478 -6.2945 -0.2891 0.2292 -6.4153 0.1800 0.2000 0.4314 0.3922 0.1961 20.2858 2.0000 
1700 1701 17 -0.2891 0.2292 -6.4153 -0.4098 0.2987 -6.5588 0.1800 0.2000 0.4314 0.3922 0.1961 20.3869 2.0000 
1701 1702 17 -0.4098 0.2987 -6.5588 -0.5231 0.4145 -6.6761 0.1800 0.2000 0.4314 0.3922 0.1961 20.4885 2.0000 
1702 1703 17 -0.5231 0.4145 -6.6761 -0.6344 0.5321 -6.7935 0.1800 0.2000 0.4314 0.3922 0.1961 20.5904 2.0000 
1703 1704 17 -0.6344 0.5321 -6.7935 -0.7454 0.6389 -6.9210 0.1800 0.2000 0.4314 0.3922 0.1961 20.6928 2.0000 
1704 1705 17 -0.7454 0.6389 -6.9210 -0.8524 0.7468 -7.0511 0.1800 0.2000 0.4314 0.3922 0.1961 20.7956 2.0000 
1705 1706 17 -0.8524 0.7468 -7.0511 -0.9658 0.8460 -7.1826 0.1800 0.2000 0.4314 0.3922 0.1961 20.8988 2.0000 
1706 1707 17 -0.9658 0.8460 -7.1826 -1.1096 0.8882 -7.3151 0.1800 0.2000 0.4314 0.3922 0.1961 21.0024 2.0000 
1707 1708 17 -1.1096 0.8882 -7.3151 -1.2664 0.9454 -7.4253 0.1800 0.2000 0.4314 0.3922 0.1961 21.1064 2.0000 
1708 1709 17 -1.2664 0.9454 -7.4253 -1.4289 1.0067 -7.5244 0.1800 0.2000 0.4314 0.3922 0.1961 21.2108 2.0000 
1709 1710 17 -1.4289 1.0067 -7.5244 -1.5941 1.0621 -7.6226 0.1800 0.2000 0.4314 0.3922 0.1961 21.3157 2.0000 
1710 1711 17 -1.5941 1.0621 -7.6226 -1.7579 1.1037 -7.7295 0.1800 0.2000 0.4314 0.3922 0.1961 21.4210 2.0000 
1711 1712 17 -1.7579 1.1037 -7.7295 -1.9185 1.1730 -7.8266 0.1800 0.2000 0.4314 0.3922 0.1961 21.5268 2.0000 
1712 1713 17 -1.9185 1.1730 -7.8266 -2.0617 1.2644 -7.9321 0.1800 0.2000 0.4314 0.3922 0.1961 21.6329 2.0000 
1713 1714 17 -2.0617 1.2644 -7.9321 -2.2070 1.3331 -8.0512 0.1800 0.2000 0.4314 0.3922 0.1961 21.7396 2.0000 
1714 1715 17 -2.2070 1.3331 -8.0512 -2.3480 1.4146 -8.1672 0.1800 0.2000 0.4314 0.3922 0.1961 21.8466 2.0000 
1715 1716 17 -2.3480 1.4146 -8.1672 -2.4882 1.4940 -8.2857 0.1800 0.2000 0.4314 0.3922 0.1961 21.9541 2.0000 
1716 1717 17 -2.4882 1.4940 -8.2857 -2.6502 1.5739 -8.3715 0.1800 0.2000 0.4314 0.3922 0.1961 22.0621 2.0000 
1717 1718 17 -2.6502 1.5739 -8.3715 -2.8124 1.6533 -8.4575 0.1800 0.2000 0.4314 0.3922 0.1961 22.1705 2.0000 
1718 1719 17 -2.8124 1.6533 -8.4575 -2.9943 1.6998 -8.5266 0.1800 0.2000 0.4314 0.3922 0.1961 22.2794 2.0000 
1719 1720 17 -2.9943 1.6998 -8.5266 -3.1770 1.7464 -8.5932 0.1800 0.2000 0.4314 0.3922 0.1961 22.3888 2.0000 
1720 1721 17 -3.1770 1.7464 -8.5932 -3.3598 1.7986 -8.6553 0.1800 0.2000 0.4314 0.3922 0.1961 22.4986 2.0000 
1721 1722 17 -3.3598 1.7986 -8.6553 -3.5450 1.8494 -8.7110 0.1800 0.2000 0.4314 0.3922 0.1961 22.6089 2.0000 
1722 1723 17 -3.5450 1.8494 -8.7110 -3.7343 1.8853 -8.7649 0.1800 0.2000 0.4314 0.3922 0.1961 22.7196 2.0000 
1723 1724 17 -3.7343 1.8853 -8.7649 -3.9223 1.9178 -8.8248 0.1800 0.2000 0.4314 0.3922 0.1961 22.8309 2.0000 
1724 1725 17 -3.9223 1.9178 -8.8248 -4.1121 1.9533 -8.8768 0.1800 0.2000 0.4314 0.3922 0.1961 22.9426 2.0000 
1725 1726 17 -4.1121 1.9533 -8.8768 -4.2778 1.9983 -8.9794 0.1800 0.2000 0.4314 0.3922 0.1961 23.0548 2.0000 
1726 1727 17 -4.2778 1.9983 -8.9794 -4.4426 2.0456 -9.0824 0.1800 0.2000 0.4314 0.3922 0.1961 23.1675 2.0000 
1727 1728 17 -4.4426 2.0456 -9.0824 -4.6040 2.0900 -9.1918 0.1800 0.2000 0.4314 0.3922 0.1961 23.2807 2.0000 
1728 1729 17 -4.6040 2.0900 -9.1918 -4.7683 2.1307 -9.2984 0.1800 0.2000 0.4314 0.3922 0.1961 23.3945 2.0000 
1729 1730 17 -4.7683 2.1307 -9.2984 -4.9335 2.1735 -9.4027 0.1800 0.2000 0.4314 0.3922 0.1961 23.5087 2.0000 
1730 1731 17 -4.9335 2.1735 -9.4027 -5.0534 2.2055 -9.5595 0.1800 0.2000 0.4314 0.3922 0.1961 23.6234 2.0000 
1731 1732 17 -5.0534 2.2055 -9.5595 -5.1767 2.2418 -9.7128 0.1800 0.2000 0.4314 0.3922 0.1961 23.7386 2.0000 
1732 1733 17 -5.1767 2.2418 -9.7128 -5.3121 2.2798 -9.8549 0.1800 0.2000 0.4314 0.3922 0.1961 23.8544 2.0000 
1733 1734 17 -5.3121 2.2798 -9.8549 -5.4487 2.3172 -9.9962 0.1800 0.2000 0.4314 0.3922 0.1961 23.9707 2.0000 
1734 1735 17 -5.4487 2.3172 -9.9962 -5.5801 2.3092 -10.1468 0.1800 0.2000 0.4314 0.3922 0.1961 24.0875 2.0000 
1735 1736 17 -5.5801 2.3092 -10.1468 -5.7113 2.3041 -10.2976 0.1800 0.2000 0.4314 0.3922 0.1961 24.2049 2.0000 
1736 1737 17 -5.7113 2.3041 -10.2976 -5.8435 2.2896 -10.4470 0.1800 0.2000 0.4314 0.3922 0.1961 24.3228 2.0000 
1737 1738 17 -5.8435 2.2896 -10.4470 -6.0094 2.2747 -10.5577 0.1800 0.2000 0.4314 0.3922 0.1961 24.4412 2.0000 
1738 1739 17 -6.0094 2.2747 -10.5577 -6.1590 2.2357 -10.6846 0.1800 0.2000 0.4314 0.3922 0.1961 24.5602 2.0000 
1739 1740 17 -6.1590 2.2357 -10.6846 -6.3130 2.2082 -10.8092 0.1800 0.2000 0.4314 0.3922 0.1961 24.6797 2.0000 
1740 1741 17 -6.3130 2.2082 -10.8092 -6.4668 2.1794 -10.9338 0.1800 0.2000 0.4314 0.3922 0.1961 24.7998 2.0000 
1741 1742 17 -6.4668 2.1794 -10.9338 -6.6151 2.1597 -11.0664 0.1800 0.2000 0.4314 0.3922 0.1961 24.9205 2.0000 
1742 1743 17 -6.6151 2.1597 -11.0664 -6.7706 2.1852 -11.1896 0.1800 0.2000 0.4314 0.3922 0.1961 25.0417 2.0000 
1743 1744 17 -6.7706 2.1852 -11.1896 -6.9235 2.2064 -11.3168 0.1800 0.2000 0.4314 0.3922 0.1961 25.1636 2.0000 
1744 1745 17 -6.9235 2.2064 -11.3168 -7.0727 2.2394 -11.4458 0.1800 0.2000 0.4314 0.3922 0.1961 25.2860 2.0000 
1745 1746 17 -7.0727 2.2394 -11.4458 -7.2023 2.2308 -11.5979 0.1800 0.2000 0.4314 0.3922 0.1961 25.4089 2.0000 
1746 1747 17 -7.2023 2.2308 -11.5979 -7.3403 2.2185 -11.7422 0.1800 0.2000 0.4314 0.3922 0.1961 25.5325 2.0000 
1747 1748 17 -7.3403 2.2185 -11.7422 -7.4903 2.2222 -11.8744 0.1800 0.2000 0.4314 0.3922 0.1961 25.6567 2.0000 
1748 1749 17 -7.4903 2.2222 -11.8744 -7.6307 2.2080 -12.0161 0.1800 0.2000 0.4314 0.3922 0.1961 25.7815 2.0000 
1749 1750 17 -7.6307 2.2080 -12.0161 -7.7456 2.2292 -12.1784 0.1800 0.2000 0.4314 0.3922 0.1961 25.9069 2.0000 
1750 1751 17 -7.7456 2.2292 -12.1784 -7.8511 2.2531 -12.3466 0.1800 0.2000 0.4314 0.3922 0.1961 26.0329 2.0000 
1751 1752 17 -7.8511 2.2531 -12.3466 -7.9388 2.3175 -12.5144 0.1800 0.2000 0.4314 0.3922 0.1961 26.1595 2.0000 
1752 1753 17 -7.9388 2.3175 -12.5144 -7.9883 2.3737 -12.6999 0.1800 0.2000 0.4314 0.3922 0.1961 26.2867 2.0000 
1753 1754 17 -7.9883 2.3737 -12.6999 -8.0324 2.4294 -12.8869 0.1800 0.2000 0.4314 0.3922 0.1961 26.4146 2.0000 
1754 1755 17 -8.0324 2.4294 -12.8869 -8.0545 2.5183 -13.0647 0.1800 0.2000 0.4314 0.3922 0.1961 26.5432 2.0000 
1755 1756 17 -8.0545 2.5183 -13.0647 -8.0725 2.5600 -13.2594 0.1800 0.2000 0.4314 0.3922 0.1961 26.6723 2.0000 
1756 1757 17 -8.0725 2.5600 -13.2594 -8.0930 2.6391 -13.4420 0.1800 0.2000 0.4314 0.3922 0.1961 26.8022 2.0000 
1757 1758 17 -8.0930 2.6391 -13.4420 -8.0931 2.7343 -13.6178 0.1800 0.2000 0.4314 0.3922 0.1961 26.9327 2.0000 
1758 1759 17 -8.0931 2.7343 -13.6178 -8.0964 2.8146 -13.8010 0.1800 0.2000 0.4314 0.3922 0.1961 27.0638 2.0000 
1759 1760 17 -8.0964 2.8146 -13.8010 -8.0946 2.8865 -13.9876 0.1800 0.2000 0.4314 0.3922 0.1961 27.1957 2.0000 
1760 1761 17 -8.0946 2.8865 -13.9876 -8.1273 2.9434 -14.1766 0.1800 0.2000 0.4314 0.3922 0.1961 27.3282 2.0000 
1761 1762 17 -8.1273 2.9434 -14.1766 -8.2273 3.0276 -14.3279 0.1800 0.2000 0.4314 0.3922 0.1961 27.4614 2.0000 
1762 1763 17 -8.2273 3.0276 -14.3279 -8.3278 3.0916 -14.4885 0.1800 0.2000 0.4314 0.3922 0.1961 27.5953 2.0000 
1763 1764 17 -8.3278 3.0916 -14.4885 -8.4319 3.1549 -14.6471 0.1800 0.2000 0.4314 0.3922 0.1961 27.7299 2.0000 
1764 1765 17 -8.4319 3.1549 -14.6471 -8.5405 3.2013 -14.8085 0.1800 0.2000 0.4314 0.3922 0.1961 27.8652 2.0000 
1765 1766 17 -8.5405 3.2013 -14.8085 -8.6491 3.2490 -14.9695 0.1800 0.2000 0.4314 0.3922 0.1961 28.0012 2.0000 
1766 1767 17 -8.6491 3.2490 -14.9695 -8.7791 3.3113 -15.1082 0.1800 0.2000 0.4314 0.3922 0.1961 28.1380 2.0000 
1767 1768 17 -8.7791 3.3113 -15.1082 -8.9150 3.3681 -15.2435 0.1800 0.2000 0.4314 0.3922 0.1961 28.2755 2.0000 
1768 1769 17 -8.9150 3.3681 -15.2435 -9.0390 3.4350 -15.3854 0.1800 0.2000 0.4314 0.3922 0.1961 28.4137 2.0000 
1769 1770 17 -9.0390 3.4350 -15.3854 -9.1741 3.4796 -15.5260 0.1800 0.2000 0.4314 0.3922 0.1961 28.5527 2.0000 
1770 1771 17 -9.1741 3.4796 -15.5260 -9.2946 3.5248 -15.6791 0.1800 0.2000 0.4314 0.3922 0.1961 28.6924 2.0000 
1771 1772 17 -9.2946 3.5248 -15.6791 -9.4033 3.5967 -15.8307 0.1800 0.2000 0.4314 0.3922 0.1961 28.8329 2.0000 
1772 1773 17 -9.4033 3.5967 -15.8307 -9.5141 3.6680 -15.9812 0.1800 0.2000 0.4314 0.3922 0.1961 28.9742 2.0000 
1773 1774 17 -9.5141 3.6680 -15.9812 -9.6165 3.7557 -16.1289 0.1800 0.2000 0.4314 0.3922 0.1961 29.1163 2.0000 
1774 1775 17 -9.6165 3.7557 -16.1289 -9.7092 3.8312 -16.2893 0.1800 0.2000 0.4314 0.3922 0.1961 29.2591 2.0000 
1775 1776 17 -9.7092 3.8312 -16.2893 -9.8095 3.8806 -16.4551 0.1800 0.2000 0.4314 0.3922 0.1961 29.4028 2.0000 
1776 1777 17 -9.8095 3.8806 -16.4551 -9.8960 3.9267 -16.6294 0.1800 0.2000 0.4314 0.3922 0.1961 29.5472 2.0000 
1777 1778 17 -9.8960 3.9267 -16.6294 -9.9804 3.9722 -16.8050 0.1800 0.2000 0.4314 0.3922 0.1961 29.6925 2.0000 
1778 1779 17 -9.9804 3.9722 -16.8050 -10.0648 4.0176 -16.9805 0.1800 0.2000 0.4314 0.3922 0.1961 29.8386 2.0000 
1779 1780 17 -10.0648 4.0176 -16.9805 -10.1491 4.0598 -17.1569 0.1800 0.2000 0.4314 0.3922 0.1961 29.9856 2.0000 
1780 1781 17 -10.1491 4.0598 -17.1569 -10.1573 4.0639 -17.1742 0.1800 0.0196 0.4314 0.3922 0.1961 30.0000 2.0000 
24 1782 18 0.0071 0.0576 -6.4084 -0.1675 -0.0234 -6.4626 0.1800 0.2000 0.4314 0.3922 0.1961 20.4422 2.0000 
1782 1783 18 -0.1675 -0.0234 -6.4626 -0.3426 -0.1034 -6.5168 0.1800 0.2000 0.4314 0.3922 0.1961 20.5397 2.0000 
1783 1784 18 -0.3426 -0.1034 -6.5168 -0.4987 -0.2139 -6.5753 0.1800 0.2000 0.4314 0.3922 0.1961 20.6375 2.0000 
1784 1785 18 -0.4987 -0.2139 -6.5753 -0.6480 -0.3227 -6.6519 0.1800 0.2000 0.4314 0.3922 0.1961 20.7358 2.0000 
1785 1786 18 -0.6480 -0.3227 -6.6519 -0.7873 -0.4440 -6.7286 0.1800 0.2000 0.4314 0.3922 0.1961 20.8344 2.0000 
1786 1787 18 -0.7873 -0.4440 -6.7286 -0.9220 -0.5655 -6.8128 0.1800 0.2000 0.4314 0.3922 0.1961 20.9334 2.0000 
1787 1788 18 -0.9220 -0.5655 -6.8128 -1.0556 -0.6458 -6.9382 0.1800 0.2000 0.4314 0.3922 0.1961 21.0329 2.0000 
1788 1789 18 -1.0556 -0.6458 -6.9382 -1.1871 -0.7220 -7.0682 0.1800 0.2000 0.4314 0.3922 0.1961 21.1327 2.0000 
1789 1790 18 -1.1871 -0.7220 -7.0682 -1.3228 -0.7938 -7.1964 0.1800 0.2000 0.4314 0.3922 0.1961 21.2329 2.0000 
1790 1791 18 -1.3228 -0.7938 -7.1964 -1.4728 -0.8624 -7.3095 0.1800 0.2000 0.4314 0.3922 0.1961 21.3335 2.0000 
1791 1792 18 -1.4728 -0.8624 -7.3095 -1.6200 -0.9283 -7.4277 0.1800 0.2000 0.4314 0.3922 0.1961 21.4346 2.0000 
1792 1793 18 -1.6200 -0.9283 -7.4277 -1.7621 -0.9837 -7.5571 0.1800 0.2000 0.4314 0.3922 0.1961 21.5360 2.0000 
1793 1794 18 -1.7621 -0.9837 -7.5571 -1.8881 -1.0001 -7.7116 0.1800 0.2000 0.4314 0.3922 0.1961 21.6379 2.0000 
1794 1795 18 -1.8881 -1.0001 -7.7116 -2.0185 -1.0347 -7.8593 0.1800 0.2000 0.4314 0.3922 0.1961 21.7402 2.0000 
1795 1796 18 -2.0185 -1.0347 -7.8593 -2.1484 -1.0734 -8.0063 0.1800 0.2000 0.4314 0.3922 0.1961 21.8429 2.0000 
1796 1797 18 -2.1484 -1.0734 -8.0063 -2.2823 -1.0811 -8.1547 0.1800 0.2000 0.4314 0.3922 0.1961 21.9461 2.0000 
1797 1798 18 -2.2823 -1.0811 -8.1547 -2.4036 -1.0679 -8.3132 0.1800 0.2000 0.4314 0.3922 0.1961 22.0496 2.0000 
1798 1799 18 -2.4036 -1.0679 -8.3132 -2.5049 -1.0190 -8.4785 0.1800 0.2000 0.4314 0.3922 0.1961 22.1536 2.0000 
1799 1800 18 -2.5049 -1.0190 -8.4785 -2.6000 -1.0117 -8.6543 0.1800 0.2000 0.4314 0.3922 0.1961 22.2581 2.0000 
1800 1801 18 -2.6000 -1.0117 -8.6543 -2.6851 -0.9976 -8.8347 0.1800 0.2000 0.4314 0.3922 0.1961 22.3630 2.0000 
1801 1802 18 -2.6851 -0.9976 -8.8347 -2.7102 -0.9666 -9.0307 0.1800 0.2000 0.4314 0.3922 0.1961 22.4683 2.0000 
1802 1803 18 -2.7102 -0.9666 -9.0307 -2.7373 -0.9751 -9.2287 0.1800 0.2000 0.4314 0.3922 0.1961 22.5741 2.0000 
1803 1804 18 -2.7373 -0.9751 -9.2287 -2.7494 -0.9692 -9.4282 0.1800 0.2000 0.4314 0.3922 0.1961 22.6803 2.0000 
1804 1805 18 -2.7494 -0.9692 -9.4282 -2.7480 -0.9542 -9.6277 0.1800 0.2000 0.4314 0.3922 0.1961 22.7870 2.0000 
1805 1806 18 -2.7480 -0.9542 -9.6277 -2.7594 -0.9521 -9.8273 0.1800 0.2000 0.4314 0.3922 0.1961 22.8942 2.0000 
1806 1807 18 -2.7594 -0.9521 -9.8273 -2.7757 -0.9473 -10.0266 0.1800 0.2000 0.4314 0.3922 0.1961 23.0018 2.0000 
1807 1808 18 -2.7757 -0.9473 -10.0266 -2.7690 -0.9880 -10.2223 0.1800 0.2000 0.4314 0.3922 0.1961 23.1099 2.0000 
1808 1809 18 -2.7690 -0.9880 -10.2223 -2.7646 -1.0141 -10.4206 0.1800 0.2000 0.4314 0.3922 0.1961 23.2184 2.0000 
1809 1810 18 -2.7646 -1.0141 -10.4206 -2.7724 -1.0456 -10.6179 0.1800 0.2000 0.4314 0.3922 0.1961 23.3275 2.0000 
1810 1811 18 -2.7724 -1.0456 -10.6179 -2.7538 -1.0663 -10.8159 0.1800 0.2000 0.4314 0.3922 0.1961 23.4370 2.0000 
1811 1812 18 -2.7538 -1.0663 -10.8159 -2.7412 -1.0899 -11.0142 0.1800 0.2000 0.4314 0.3922 0.1961 23.5470 2.0000 
1812 1813 18 -2.7412 -1.0899 -11.0142 -2.7103 -1.1050 -11.2112 0.1800 0.2000 0.4314 0.3922 0.1961 23.6575 2.0000 
1813 1814 18 -2.7103 -1.1050 -11.2112 -2.6783 -1.1278 -11.4073 0.1800 0.2000 0.4314 0.3922 0.1961 23.7685 2.0000 
1814 1815 18 -2.6783 -1.1278 -11.4073 -2.6455 -1.1431 -11.6040 0.1800 0.2000 0.4314 0.3922 0.1961 23.8800 2.0000 
1815 1816 18 -2.6455 -1.1431 -11.6040 -2.6122 -1.1677 -11.7996 0.1800 0.2000 0.4314 0.3922 0.1961 23.9920 2.0000 
1816 1817 18 -2.6122 -1.1677 -11.7996 -2.5790 -1.1789 -11.9966 0.1800 0.2000 0.4314 0.3922 0.1961 24.1045 2.0000 
1817 1818 18 -2.5790 -1.1789 -11.9966 -2.5666 -1.1935 -12.1956 0.1800 0.2000 0.4314 0.3922 0.1961 24.2175 2.0000 
1818 1819 18 -2.5666 -1.1935 -12.1956 -2.5605 -1.1950 -12.3955 0.1800 0.2000 0.4314 0.3922 0.1961 24.3310 2.0000 
1819 1820 18 -2.5605 -1.1950 -12.3955 -2.5452 -1.1976 -12.5949 0.1800 0.2000 0.4314 0.3922 0.1961 24.4451 2.0000 
1820 1821 18 -2.5452 -1.1976 -12.5949 -2.5262 -1.1986 -12.7940 0.1800 0.2000 0.4314 0.3922 0.1961 24.5596 2.0000 
1821 1822 18 -2.5262 -1.1986 -12.7940 -2.5009 -1.1977 -12.9924 0.1800 0.2000 0.4314 0.3922 0.1961 24.6747 2.0000 
1822 1823 18 -2.5009 -1.1977 -12.9924 -2.4962 -1.1801 -13.1916 0.1800 0.2000 0.4314 0.3922 0.1961 24.7904 2.0000 
1823 1824 18 -2.4962 -1.1801 -13.1916 -2.4922 -1.1769 -13.3915 0.1800 0.2000 0.4314 0.3922 0.1961 24.9066 2.0000 
1824 1825 18 -2.4922 -1.1769 -13.3915 -2.4915 -1.1576 -13.5906 0.1800 0.2000 0.4314 0.3922 0.1961 25.0233 2.0000 
1825 1826 18 -2.4915 -1.1576 -13.5906 -2.4735 -1.2131 -13.7819 0.1800 0.2000 0.4314 0.3922 0.1961 25.1406 2.0000 
1826 1827 18 -2.4735 -1.2131 -13.7819 -2.4522 -1.2634 -13.9743 0.1800 0.2000 0.4314 0.3922 0.1961 25.2584 2.0000 
1827 1828 18 -2.4522 -1.2634 -13.9743 -2.4182 -1.3100 -14.1658 0.1800 0.2000 0.4314 0.3922 0.1961 25.3768 2.0000 
1828 1829 18 -2.4182 -1.3100 -14.1658 -2.3700 -1.3684 -14.3509 0.1800 0.2000 0.4314 0.3922 0.1961 25.4958 2.0000 
1829 1830 18 -2.3700 -1.3684 -14.3509 -2.3270 -1.4208 -14.5390 0.1800 0.2000 0.4314 0.3922 0.1961 25.6154 2.0000 
1830 1831 18 -2.3270 -1.4208 -14.5390 -2.3235 -1.5259 -14.7091 0.1800 0.2000 0.4314 0.3922 0.1961 25.7355 2.0000 
1831 1832 18 -2.3235 -1.5259 -14.7091 -2.3677 -1.6168 -14.8817 0.1800 0.2000 0.4314 0.3922 0.1961 25.8562 2.0000 
1832 1833 18 -2.3677 -1.6168 -14.8817 -2.4472 -1.6950 -15.0477 0.1800 0.2000 0.4314 0.3922 0.1961 25.9775 2.0000 
1833 1834 18 -2.4472 -1.6950 -15.0477 -2.5481 -1.7302 -15.2168 0.1800 0.2000 0.4314 0.3922 0.1961 26.0994 2.0000 
1834 1835 18 -2.5481 -1.7302 -15.2168 -2.6621 -1.8163 -15.3568 0.1800 0.2000 0.4314 0.3922 0.1961 26.2219 2.0000 
1835 1836 18 -2.6621 -1.8163 -15.3568 -2.7896 -1.8643 -15.5032 0.1800 0.2000 0.4314 0.3922 0.1961 26.3450 2.0000 
1836 1837 18 -2.7896 -1.8643 -15.5032 -2.9604 -1.9007 -15.6006 0.1800 0.2000 0.4314 0.3922 0.1961 26.4687 2.0000 
1837 1838 18 -2.9604 -1.9007 -15.6006 -3.1008 -1.9496 -15.7344 0.1800 0.2000 0.4314 0.3922 0.1961 26.5931 2.0000 
1838 1839 18 -3.1008 -1.9496 -15.7344 -3.2036 -1.9835 -15.9025 0.1800 0.2000 0.4314 0.3922 0.1961 26.7180 2.0000 
1839 1840 18 -3.2036 -1.9835 -15.9025 -3.3161 -2.0127 -16.0653 0.1800 0.2000 0.4314 0.3922 0.1961 26.8436 2.0000 
1840 1841 18 -3.3161 -2.0127 -16.0653 -3.4114 -2.0592 -16.2349 0.1800 0.2000 0.4314 0.3922 0.1961 26.9699 2.0000 
1841 1842 18 -3.4114 -2.0592 -16.2349 -3.5061 -2.1050 -16.4050 0.1800 0.2000 0.4314 0.3922 0.1961 27.0967 2.0000 
1842 1843 18 -3.5061 -2.1050 -16.4050 -3.5818 -2.1218 -16.5894 0.1800 0.2000 0.4314 0.3922 0.1961 27.2243 2.0000 
1843 1844 18 -3.5818 -2.1218 -16.5894 -3.6455 -2.1407 -16.7780 0.1800 0.2000 0.4314 0.3922 0.1961 27.3525 2.0000 
1844 1845 18 -3.6455 -2.1407 -16.7780 -3.6940 -2.1860 -16.9666 0.1800 0.2000 0.4314 0.3922 0.1961 27.4813 2.0000 
1845 1846 18 -3.6940 -2.1860 -16.9666 -3.7423 -2.2614 -17.1455 0.1800 0.2000 0.4314 0.3922 0.1961 27.6109 2.0000 
1846 1847 18 -3.7423 -2.2614 -17.1455 -3.7928 -2.3255 -17.3281 0.1800 0.2000 0.4314 0.3922 0.1961 27.7411 2.0000 
1847 1848 18 -3.7928 -2.3255 -17.3281 -3.8597 -2.3976 -17.5022 0.1800 0.2000 0.4314 0.3922 0.1961 27.8720 2.0000 
1848 1849 18 -3.8597 -2.3976 -17.5022 -3.9016 -2.4671 -17.6850 0.1800 0.2000 0.4314 0.3922 0.1961 28.0036 2.0000 
1849 1850 18 -3.9016 -2.4671 -17.6850 -3.9348 -2.5304 -17.8718 0.1800 0.2000 0.4314 0.3922 0.1961 28.1359 2.0000 
1850 1851 18 -3.9348 -2.5304 -17.8718 -3.9662 -2.5718 -18.0650 0.1800 0.2000 0.4314 0.3922 0.1961 28.2689 2.0000 
1851 1852 18 -3.9662 -2.5718 -18.0650 -4.0093 -2.6036 -18.2576 0.1800 0.2000 0.4314 0.3922 0.1961 28.4026 2.0000 
1852 1853 18 -4.0093 -2.6036 -18.2576 -4.0527 -2.6106 -18.4527 0.1800 0.2000 0.4314 0.3922 0.1961 28.5371 2.0000 
1853 1854 18 -4.0527 -2.6106 -18.4527 -4.1130 -2.6384 -18.6414 0.1800 0.2000 0.4314 0.3922 0.1961 28.6723 2.0000 
1854 1855 18 -4.1130 -2.6384 -18.6414 -4.1621 -2.6536 -18.8347 0.1800 0.2000 0.4314 0.3922 0.1961 28.8082 2.0000 
1855 1856 18 -4.1621 -2.6536 -18.8347 -4.2197 -2.6737 -19.0251 0.1800 0.2000 0.4314 0.3922 0.1961 28.9448 2.0000 
1856 1857 18 -4.2197 -2.6737 -19.0251 -4.2641 -2.7054 -19.2176 0.1800 0.2000 0.4314 0.3922 0.1961 29.0823 2.0000 
1857 1858 18 -4.2641 -2.7054 -19.2176 -4.2806 -2.7046 -19.4169 0.1800 0.2000 0.4314 0.3922 0.1961 29.2205 2.0000 
1858 1859 18 -4.2806 -2.7046 -19.4169 -4.2390 -2.7146 -19.6122 0.1800 0.2000 0.4314 0.3922 0.1961 29.3594 2.0000 
1859 1860 18 -4.2390 -2.7146 -19.6122 -4.2076 -2.7286 -19.8093 0.1800 0.2000 0.4314 0.3922 0.1961 29.4992 2.0000 
1860 1861 18 -4.2076 -2.7286 -19.8093 -4.1783 -2.7572 -20.0050 0.1800 0.2000 0.4314 0.3922 0.1961 29.6397 2.0000 
1861 1862 18 -4.1783 -2.7572 -20.0050 -4.1627 -2.7874 -20.2021 0.1800 0.2000 0.4314 0.3922 0.1961 29.7811 2.0000 
1862 1863 18 -4.1627 -2.7874 -20.2021 -4.1405 -2.7865 -20.4009 0.1800 0.2000 0.4314 0.3922 0.1961 29.9232 2.0000 
1863 1864 18 -4.1405 -2.7865 -20.4009 -4.1258 -2.7918 -20.5073 0.1800 0.1075 0.4314 0.3922 0.1961 30.0000 2.0000 
24 1865 19 0.0071 0.0576 -6.4084 -0.1595 0.1116 -6.5050 0.1800 0.2000 0.4314 0.3922 0.1961 20.4208 2.0000 
1865 1866 19 -0.1595 0.1116 -6.5050 -0.2923 0.1668 -6.6441 0.1800 0.2000 0.4314 0.3922 0.1961 20.4967 2.0000 
1866 1867 19 -0.2923 0.1668 -6.6441 -0.4236 0.2209 -6.7849 0.1800 0.2000 0.4314 0.3922 0.1961 20.5729 2.0000 
1867 1868 19 -0.4236 0.2209 -6.7849 -0.5678 0.1877 -6.9194 0.1800 0.2000 0.4314 0.3922 0.1961 20.6495 2.0000 
1868 1869 19 -0.5678 0.1877 -6.9194 -0.7304 0.1483 -7.0291 0.1800 0.2000 0.4314 0.3922 0.1961 20.7263 2.0000 
1869 1870 19 -0.7304 0.1483 -7.0291 -0.9010 0.1214 -7.1299 0.1800 0.2000 0.4314 0.3922 0.1961 20.8035 2.0000 
1870 1871 19 -0.9010 0.1214 -7.1299 -1.0625 0.1062 -7.2468 0.1800 0.2000 0.4314 0.3922 0.1961 20.8809 2.0000 
1871 1872 19 -1.0625 0.1062 -7.2468 -1.1901 0.0753 -7.3977 0.1800 0.2000 0.4314 0.3922 0.1961 20.9587 2.0000 
1872 1873 19 -1.1901 0.0753 -7.3977 -1.3089 0.0032 -7.5416 0.1800 0.2000 0.4314 0.3922 0.1961 21.0368 2.0000 
1873 1874 19 -1.3089 0.0032 -7.5416 -1.4198 -0.0463 -7.7005 0.1800 0.2000 0.4314 0.3922 0.1961 21.1152 2.0000 
1874 1875 19 -1.4198 -0.0463 -7.7005 -1.5193 -0.0878 -7.8689 0.1800 0.2000 0.4314 0.3922 0.1961 21.1939 2.0000 
1875 1876 19 -1.5193 -0.0878 -7.8689 -1.6160 -0.1381 -8.0366 0.1800 0.2000 0.4314 0.3922 0.1961 21.2729 2.0000 
1876 1877 19 -1.6160 -0.1381 -8.0366 -1.7122 -0.1911 -8.2037 0.1800 0.2000 0.4314 0.3922 0.1961 21.3523 2.0000 
1877 1878 19 -1.7122 -0.1911 -8.2037 -1.7971 -0.2302 -8.3806 0.1800 0.2000 0.4314 0.3922 0.1961 21.4320 2.0000 
1878 1879 19 -1.7971 -0.2302 -8.3806 -1.8929 -0.2663 -8.5524 0.1800 0.2000 0.4314 0.3922 0.1961 21.5120 2.0000 
1879 1880 19 -1.8929 -0.2663 -8.5524 -1.9894 -0.2803 -8.7270 0.1800 0.2000 0.4314 0.3922 0.1961 21.5924 2.0000 
1880 1881 19 -1.9894 -0.2803 -8.7270 -2.0734 -0.3030 -8.9071 0.1800 0.2000 0.4314 0.3922 0.1961 21.6731 2.0000 
1881 1882 19 -2.0734 -0.3030 -8.9071 -2.1490 -0.3240 -9.0911 0.1800 0.2000 0.4314 0.3922 0.1961 21.7541 2.0000 
1882 1883 19 -2.1490 -0.3240 -9.0911 -2.2271 -0.3420 -9.2743 0.1800 0.2000 0.4314 0.3922 0.1961 21.8355 2.0000 
1883 1884 19 -2.2271 -0.3420 -9.2743 -2.3121 -0.3712 -9.4529 0.1800 0.2000 0.4314 0.3922 0.1961 21.9172 2.0000 
1884 1885 19 -2.3121 -0.3712 -9.4529 -2.3963 -0.4027 -9.6316 0.1800 0.2000 0.4314 0.3922 0.1961 21.9992 2.0000 
1885 1886 19 -2.3963 -0.4027 -9.6316 -2.4404 -0.4373 -9.8236 0.1800 0.2000 0.4314 0.3922 0.1961 22.0817 2.0000 
1886 1887 19 -2.4404 -0.4373 -9.8236 -2.4779 -0.5067 -10.0074 0.1800 0.2000 0.4314 0.3922 0.1961 22.1644 2.0000 
1887 1888 19 -2.4779 -0.5067 -10.0074 -2.5142 -0.5744 -10.1921 0.1800 0.2000 0.4314 0.3922 0.1961 22.2475 2.0000 
1888 1889 19 -2.5142 -0.5744 -10.1921 -2.5257 -0.6410 -10.3803 0.1800 0.2000 0.4314 0.3922 0.1961 22.3310 2.0000 
1889 1890 19 -2.5257 -0.6410 -10.3803 -2.5307 -0.6982 -10.5719 0.1800 0.2000 0.4314 0.3922 0.1961 22.4149 2.0000 
1890 1891 19 -2.5307 -0.6982 -10.5719 -2.5397 -0.7576 -10.7626 0.1800 0.2000 0.4314 0.3922 0.1961 22.4991 2.0000 
1891 1892 19 -2.5397 -0.7576 -10.7626 -2.5505 -0.8029 -10.9571 0.1800 0.2000 0.4314 0.3922 0.1961 22.5836 2.0000 
1892 1893 19 -2.5505 -0.8029 -10.9571 -2.5659 -0.8637 -11.1470 0.1800 0.2000 0.4314 0.3922 0.1961 22.6686 2.0000 
1893 1894 19 -2.5659 -0.8637 -11.1470 -2.6052 -0.9344 -11.3299 0.1800 0.2000 0.4314 0.3922 0.1961 22.7539 2.0000 
1894 1895 19 -2.6052 -0.9344 -11.3299 -2.6240 -0.9885 -11.5216 0.1800 0.2000 0.4314 0.3922 0.1961 22.8396 2.0000 
1895 1896 19 -2.6240 -0.9885 -11.5216 -2.6391 -1.0673 -11.7048 0.1800 0.2000 0.4314 0.3922 0.1961 22.9257 2.0000 
1896 1897 19 -2.6391 -1.0673 -11.7048 -2.6549 -1.1641 -11.8791 0.1800 0.2000 0.4314 0.3922 0.1961 23.0122 2.0000 
1897 1898 19 -2.6549 -1.1641 -11.8791 -2.6706 -1.2609 -12.0534 0.1800 0.2000 0.4314 0.3922 0.1961 23.0990 2.0000 
1898 1899 19 -2.6706 -1.2609 -12.0534 -2.6749 -1.3546 -12.2300 0.1800 0.2000 0.4314 0.3922 0.1961 23.1863 2.0000 
1899 1900 19 -2.6749 -1.3546 -12.2300 -2.6816 -1.4391 -12.4112 0.1800 0.2000 0.4314 0.3922 0.1961 23.2739 2.0000 
1900 1901 19 -2.6816 -1.4391 -12.4112 -2.6780 -1.5061 -12.5996 0.1800 0.2000 0.4314 0.3922 0.1961 23.3620 2.0000 
1901 1902 19 -2.6780 -1.5061 -12.5996 -2.6614 -1.5562 -12.7925 0.1800 0.2000 0.4314 0.3922 0.1961 23.4504 2.0000 
1902 1903 19 -2.6614 -1.5562 -12.7925 -2.6703 -1.6102 -12.9849 0.1800 0.2000 0.4314 0.3922 0.1961 23.5393 2.0000 
1903 1904 19 -2.6703 -1.6102 -12.9849 -2.6652 -1.6648 -13.1772 0.1800 0.2000 0.4314 0.3922 0.1961 23.6285 2.0000 
1904 1905 19 -2.6652 -1.6648 -13.1772 -2.6496 -1.7124 -13.3708 0.1800 0.2000 0.4314 0.3922 0.1961 23.7182 2.0000 
1905 1906 19 -2.6496 -1.7124 -13.3708 -2.6526 -1.7531 -13.5666 0.1800 0.2000 0.4314 0.3922 0.1961 23.8083 2.0000 
1906 1907 19 -2.6526 -1.7531 -13.5666 -2.6601 -1.7939 -13.7623 0.1800 0.2000 0.4314 0.3922 0.1961 23.8988 2.0000 
1907 1908 19 -2.6601 -1.7939 -13.7623 -2.6397 -1.8231 -13.9591 0.1800 0.2000 0.4314 0.3922 0.1961 23.9898 2.0000 
1908 1909 19 -2.6397 -1.8231 -13.9591 -2.6501 -1.8305 -14.1587 0.1800 0.2000 0.4314 0.3922 0.1961 24.0811 2.0000 
1909 1910 19 -2.6501 -1.8305 -14.1587 -2.6982 -1.8145 -14.3521 0.1800 0.2000 0.4314 0.3922 0.1961 24.1729 2.0000 
1910 1911 19 -2.6982 -1.8145 -14.3521 -2.7466 -1.7985 -14.5455 0.1800 0.2000 0.4314 0.3922 0.1961 24.2652 2.0000 
1911 1912 19 -2.7466 -1.7985 -14.5455 -2.7811 -1.7886 -14.7423 0.1800 0.2000 0.4314 0.3922 0.1961 24.3579 2.0000 
1912 1913 19 -2.7811 -1.7886 -14.7423 -2.8060 -1.7841 -14.9407 0.1800 0.2000 0.4314 0.3922 0.1961 24.4510 2.0000 
1913 1914 19 -2.8060 -1.7841 -14.9407 -2.8030 -1.7493 -15.1376 0.1800 0.2000 0.4314 0.3922 0.1961 24.5446 2.0000 
1914 1915 19 -2.8030 -1.7493 -15.1376 -2.7878 -1.7572 -15.3369 0.1800 0.2000 0.4314 0.3922 0.1961 24.6386 2.0000 
1915 1916 19 -2.7878 -1.7572 -15.3369 -2.7477 -1.7637 -15.5327 0.1800 0.2000 0.4314 0.3922 0.1961 24.7331 2.0000 
1916 1917 19 -2.7477 -1.7637 -15.5327 -2.6861 -1.7985 -15.7198 0.1800 0.2000 0.4314 0.3922 0.1961 24.8281 2.0000 
1917 1918 19 -2.6861 -1.7985 -15.7198 -2.6701 -1.8365 -15.9155 0.1800 0.2000 0.4314 0.3922 0.1961 24.9235 2.0000 
1918 1919 19 -2.6701 -1.8365 -15.9155 -2.6432 -1.8798 -16.1088 0.1800 0.2000 0.4314 0.3922 0.1961 25.0194 2.0000 
1919 1920 19 -2.6432 -1.8798 -16.1088 -2.6028 -1.8991 -16.3038 0.1800 0.2000 0.4314 0.3922 0.1961 25.1158 2.0000 
1920 1921 19 -2.6028 -1.8991 -16.3038 -2.6173 -1.9523 -16.4960 0.1800 0.2000 0.4314 0.3922 0.1961 25.2127 2.0000 
1921 1922 19 -2.6173 -1.9523 -16.4960 -2.6209 -2.0054 -16.6888 0.1800 0.2000 0.4314 0.3922 0.1961 25.3101 2.0000 
1922 1923 19 -2.6209 -2.0054 -16.6888 -2.6644 -2.0037 -16.8840 0.1800 0.2000 0.4314 0.3922 0.1961 25.4079 2.0000 
1923 1924 19 -2.6644 -2.0037 -16.8840 -2.6967 -1.9934 -17.0811 0.1800 0.2000 0.4314 0.3922 0.1961 25.5063 2.0000 
1924 1925 19 -2.6967 -1.9934 -17.0811 -2.7507 -1.9814 -17.2733 0.1800 0.2000 0.4314 0.3922 0.1961 25.6051 2.0000 
1925 1926 19 -2.7507 -1.9814 -17.2733 -2.8158 -1.9800 -17.4624 0.1800 0.2000 0.4314 0.3922 0.1961 25.7045 2.0000 
1926 1927 19 -2.8158 -1.9800 -17.4624 -2.8686 -1.9768 -17.6553 0.1800 0.2000 0.4314 0.3922 0.1961 25.8043 2.0000 
1927 1928 19 -2.8686 -1.9768 -17.6553 -2.9289 -2.0049 -17.8439 0.1800 0.2000 0.4314 0.3922 0.1961 25.9047 2.0000 
1928 1929 19 -2.9289 -2.0049 -17.8439 -3.0049 -2.0223 -18.0281 0.1800 0.2000 0.4314 0.3922 0.1961 26.0057 2.0000 
1929 1930 19 -3.0049 -2.0223 -18.0281 -3.0536 -2.0235 -18.2221 0.1800 0.2000 0.4314 0.3922 0.1961 26.1071 2.0000 
1930 1931 19 -3.0536 -2.0235 -18.2221 -3.0943 -2.0098 -18.4174 0.1800 0.2000 0.4314 0.3922 0.1961 26.2091 2.0000 
1931 1932 19 -3.0943 -2.0098 -18.4174 -3.1327 -1.9801 -18.6114 0.1800 0.2000 0.4314 0.3922 0.1961 26.3116 2.0000 
1932 1933 19 -3.1327 -1.9801 -18.6114 -3.1680 -1.9673 -18.8079 0.1800 0.2000 0.4314 0.3922 0.1961 26.4147 2.0000 
1933 1934 19 -3.1680 -1.9673 -18.8079 -3.1703 -1.9442 -19.0065 0.1800 0.2000 0.4314 0.3922 0.1961 26.5183 2.0000 
1934 1935 19 -3.1703 -1.9442 -19.0065 -3.1640 -1.9219 -19.2052 0.1800 0.2000 0.4314 0.3922 0.1961 26.6225 2.0000 
1935 1936 19 -3.1640 -1.9219 -19.2052 -3.1300 -1.9014 -19.4012 0.1800 0.2000 0.4314 0.3922 0.1961 26.7272 2.0000 
1936 1937 19 -3.1300 -1.9014 -19.4012 -3.1282 -1.8828 -19.6003 0.1800 0.2000 0.4314 0.3922 0.1961 26.8325 2.0000 
1937 1938 19 -3.1282 -1.8828 -19.6003 -3.1443 -1.8659 -19.7989 0.1800 0.2000 0.4314 0.3922 0.1961 26.9384 2.0000 
1938 1939 19 -3.1443 -1.8659 -19.7989 -3.1766 -1.8219 -19.9914 0.1800 0.2000 0.4314 0.3922 0.1961 27.0449 2.0000 
1939 1940 19 -3.1766 -1.8219 -19.9914 -3.1845 -1.7501 -20.1778 0.1800 0.2000 0.4314 0.3922 0.1961 27.1520 2.0000 
1940 1941 19 -3.1845 -1.7501 -20.1778 -3.1824 -1.7173 -20.3751 0.1800 0.2000 0.4314 0.3922 0.1961 27.2596 2.0000 
1941 1942 19 -3.1824 -1.7173 -20.3751 -3.1424 -1.6954 -20.5698 0.1800 0.2000 0.4314 0.3922 0.1961 27.3679 2.0000 
1942 1943 19 -3.1424 -1.6954 -20.5698 -3.1069 -1.6547 -20.7624 0.1800 0.2000 0.4314 0.3922 0.1961 27.4768 2.0000 
1943 1944 19 -3.1069 -1.6547 -20.7624 -3.0693 -1.6153 -20.9548 0.1800 0.2000 0.4314 0.3922 0.1961 27.5863 2.0000 
1944 1945 19 -3.0693 -1.6153 -20.9548 -3.0416 -1.5751 -21.1488 0.1800 0.2000 0.4314 0.3922 0.1961 27.6964 2.0000 
1945 1946 19 -3.0416 -1.5751 -21.1488 -3.0459 -1.5155 -21.3397 0.1800 0.2000 0.4314 0.3922 0.1961 27.8071 2.0000 
1946 1947 19 -3.0459 -1.5155 -21.3397 -3.0383 -1.4913 -21.5380 0.1800 0.2000 0.4314 0.3922 0.1961 27.9185 2.0000 
1947 1948 19 -3.0383 -1.4913 -21.5380 -3.0526 -1.4849 -21.7374 0.1800 0.2000 0.4314 0.3922 0.1961 28.0306 2.0000 
1948 1949 19 -3.0526 -1.4849 -21.7374 -3.0591 -1.4491 -21.9341 0.1800 0.2000 0.4314 0.3922 0.1961 28.1433 2.0000 
1949 1950 19 -3.0591 -1.4491 -21.9341 -3.0655 -1.4127 -22.1307 0.1800 0.2000 0.4314 0.3922 0.1961 28.2566 2.0000 
1950 1951 19 -3.0655 -1.4127 -22.1307 -3.0444 -1.3947 -22.3287 0.1800 0.2000 0.4314 0.3922 0.1961 28.3706 2.0000 
1951 1952 19 -3.0444 -1.3947 -22.3287 -3.0239 -1.3877 -22.5276 0.1800 0.2000 0.4314 0.3922 0.1961 28.4853 2.0000 
1952 1953 19 -3.0239 -1.3877 -22.5276 -2.9966 -1.4170 -22.7235 0.1800 0.2000 0.4314 0.3922 0.1961 28.6007 2.0000 
1953 1954 19 -2.9966 -1.4170 -22.7235 -2.9807 -1.4445 -22.9210 0.1800 0.2000 0.4314 0.3922 0.1961 28.7168 2.0000 
1954 1955 19 -2.9807 -1.4445 -22.9210 -2.9629 -1.4683 -23.1187 0.1800 0.2000 0.4314 0.3922 0.1961 28.8335 2.0000 
1955 1956 19 -2.9629 -1.4683 -23.1187 -2.9378 -1.4833 -23.3166 0.1800 0.2000 0.4314 0.3922 0.1961 28.9510 2.0000 
1956 1957 19 -2.9378 -1.4833 -23.3166 -2.9247 -1.4945 -23.5159 0.1800 0.2000 0.4314 0.3922 0.1961 29.0692 2.0000 
1957 1958 19 -2.9247 -1.4945 -23.5159 -2.8714 -1.5234 -23.7064 0.1800 0.2000 0.4314 0.3922 0.1961 29.1881 2.0000 
1958 1959 19 -2.8714 -1.5234 -23.7064 -2.8125 -1.5458 -23.8963 0.1800 0.2000 0.4314 0.3922 0.1961 29.3078 2.0000 
1959 1960 19 -2.8125 -1.5458 -23.8963 -2.7505 -1.5630 -24.0856 0.1800 0.2000 0.4314 0.3922 0.1961 29.4282 2.0000 
1960 1961 19 -2.7505 -1.5630 -24.0856 -2.7169 -1.5886 -24.2811 0.1800 0.2000 0.4314 0.3922 0.1961 29.5494 2.0000 
1961 1962 19 -2.7169 -1.5886 -24.2811 -2.6736 -1.6089 -24.4753 0.1800 0.2000 0.4314 0.3922 0.1961 29.6713 2.0000 
1962 1963 19 -2.6736 -1.6089 -24.4753 -2.6211 -1.6142 -24.6682 0.1800 0.2000 0.4314 0.3922 0.1961 29.7940 2.0000 
1963 1964 19 -2.6211 -1.6142 -24.6682 -2.5634 -1.6132 -24.8598 0.1800 0.2000 0.4314 0.3922 0.1961 29.9175 2.0000 
1964 1965 19 -2.5634 -1.6132 -24.8598 -2.5316 -1.6058 -24.9886 0.1800 0.1329 0.4314 0.3922 0.1961 30.0000 2.0000 
26 1966 20 0.0304 0.0554 -6.6829 -0.1070 0.0036 -6.8186 0.1800 0.2000 0.4314 0.3922 0.1961 21.0688 2.0000 
1966 1967 20 -0.1070 0.0036 -6.8186 -0.2402 -0.0571 -6.9549 0.1800 0.2000 0.4314 0.3922 0.1961 21.4442 2.0000 
1967 1968 20 -0.2402 -0.0571 -6.9549 -0.3429 -0.1501 -7.0991 0.1800 0.2000 0.4314 0.3922 0.1961 21.8210 2.0000 
1968 1969 20 -0.3429 -0.1501 -7.0991 -0.4308 -0.2361 -7.2568 0.1800 0.2000 0.4314 0.3922 0.1961 22.1993 2.0000 
1969 1970 20 -0.4308 -0.2361 -7.2568 -0.5120 -0.3419 -7.4059 0.1800 0.2000 0.4314 0.3922 0.1961 22.5791 2.0000 
1970 1971 20 -0.5120 -0.3419 -7.4059 -0.5905 -0.4508 -7.5541 0.1800 0.2000 0.4314 0.3922 0.1961 22.9605 2.0000 
1971 1972 20 -0.5905 -0.4508 -7.5541 -0.6693 -0.5674 -7.6963 0.1800 0.2000 0.4314 0.3922 0.1961 23.3433 2.0000 
1972 1973 20 -0.6693 -0.5674 -7.6963 -0.6984 -0.6989 -7.8441 0.1800 0.2000 0.4314 0.3922 0.1961 23.7277 2.0000 
1973 1974 20 -0.6984 -0.6989 -7.8441 -0.7085 -0.8126 -8.0083 0.1800 0.2000 0.4314 0.3922 0.1961 24.1137 2.0000 
1974 1975 20 -0.7085 -0.8126 -8.0083 -0.7352 -0.9200 -8.1749 0.1800 0.2000 0.4314 0.3922 0.1961 24.5012 2.0000 
1975 1976 20 -0.7352 -0.9200 -8.1749 -0.7787 -1.0190 -8.3431 0.1800 0.2000 0.4314 0.3922 0.1961 24.8903 2.0000 
1976 1977 20 -0.7787 -1.0190 -8.3431 -0.8322 -1.1164 -8.5094 0.1800 0.2000 0.4314 0.3922 0.1961 25.2810 2.0000 
1977 1978 20 -0.8322 -1.1164 -8.5094 -0.8863 -1.1922 -8.6864 0.1800 0.2000 0.4314 0.3922 0.1961 25.6733 2.0000 
1978 1979 20 -0.8863 -1.1922 -8.6864 -0.9580 -1.2437 -8.8659 0.1800 0.2000 0.4314 0.3922 0.1961 26.0672 2.0000 
1979 1980 20 -0.9580 -1.2437 -8.8659 -0.9534 -1.3033 -9.0567 0.1800 0.2000 0.4314 0.3922 0.1961 26.4627 2.0000 
1980 1981 20 -0.9534 -1.3033 -9.0567 -0.9512 -1.3257 -9.2555 0.1800 0.2000 0.4314 0.3922 0.1961 26.8599 2.0000 
1981 1982 20 -0.9512 -1.3257 -9.2555 -0.9626 -1.3414 -9.4545 0.1800 0.2000 0.4314 0.3922 0.1961 27.2588 2.0000 
1982 1983 20 -0.9626 -1.3414 -9.4545 -0.9725 -1.3588 -9.6535 0.1800 0.2000 0.4314 0.3922 0.1961 27.6593 2.0000 
1983 1984 20 -0.9725 -1.3588 -9.6535 -0.9990 -1.3557 -9.8517 0.1800 0.2000 0.4314 0.3922 0.1961 28.0615 2.0000 
1984 1985 20 -0.9990 -1.3557 -9.8517 -1.0262 -1.3506 -10.0498 0.1800 0.2000 0.4314 0.3922 0.1961 28.4654 2.0000 
1985 1986 20 -1.0262 -1.3506 -10.0498 -1.0298 -1.3454 -10.2497 0.1800 0.2000 0.4314 0.3922 0.1961 28.8710 2.0000 
1986 1987 20 -1.0298 -1.3454 -10.2497 -1.0359 -1.3417 -10.4496 0.1800 0.2000 0.4314 0.3922 0.1961 29.2784 2.0000 
1987 1988 20 -1.0359 -1.3417 -10.4496 -1.0270 -1.3457 -10.6493 0.1800 0.2000 0.4314 0.3922 0.1961 29.6875 2.0000 
1988 1989 20 -1.0270 -1.3457 -10.6493 -1.0040 -1.3418 -10.7998 0.1800 0.1522 0.4314 0.3922 0.1961 30.0000 2.0000 
27 1990 21 0.0468 0.0521 -6.8312 0.0427 -0.1452 -6.8638 0.1800 0.2000 0.4314 0.3922 0.1961 20.9597 2.0000 
1990 1991 21 0.0427 -0.1452 -6.8638 0.0380 -0.3360 -6.9234 0.1800 0.2000 0.4314 0.3922 0.1961 21.0340 2.0000 
1991 1992 21 0.0380 -0.3360 -6.9234 0.0399 -0.5322 -6.9622 0.1800 0.2000 0.4314 0.3922 0.1961 21.1086 2.0000 
1992 1993 21 0.0399 -0.5322 -6.9622 0.0417 -0.7284 -7.0009 0.1800 0.2000 0.4314 0.3922 0.1961 21.1834 2.0000 
1993 1994 21 0.0417 -0.7284 -7.0009 0.0691 -0.9237 -7.0342 0.1800 0.2000 0.4314 0.3922 0.1961 21.2586 2.0000 
1994 1995 21 0.0691 -0.9237 -7.0342 0.0674 -1.1145 -7.0941 0.1800 0.2000 0.4314 0.3922 0.1961 21.3340 2.0000 
1995 1996 21 0.0674 -1.1145 -7.0941 0.0824 -1.3079 -7.1428 0.1800 0.2000 0.4314 0.3922 0.1961 21.4098 2.0000 
1996 1997 21 0.0824 -1.3079 -7.1428 0.0327 -1.4858 -7.2196 0.1800 0.2000 0.4314 0.3922 0.1961 21.4858 2.0000 
1997 1998 21 0.0327 -1.4858 -7.2196 -0.0339 -1.6537 -7.3053 0.1800 0.2000 0.4314 0.3922 0.1961 21.5622 2.0000 
1998 1999 21 -0.0339 -1.6537 -7.3053 -0.0824 -1.8244 -7.3977 0.1800 0.2000 0.4314 0.3922 0.1961 21.6389 2.0000 
1999 2000 21 -0.0824 -1.8244 -7.3977 -0.1222 -1.9998 -7.4851 0.1800 0.2000 0.4314 0.3922 0.1961 21.7159 2.0000 
2000 2001 21 -0.1222 -1.9998 -7.4851 -0.1492 -2.1842 -7.5577 0.1800 0.2000 0.4314 0.3922 0.1961 21.7932 2.0000 
2001 2002 21 -0.1492 -2.1842 -7.5577 -0.1811 -2.3663 -7.6340 0.1800 0.2000 0.4314 0.3922 0.1961 21.8708 2.0000 
2002 2003 21 -0.1811 -2.3663 -7.6340 -0.2040 -2.5595 -7.6805 0.1800 0.2000 0.4314 0.3922 0.1961 21.9487 2.0000 
2003 2004 21 -0.2040 -2.5595 -7.6805 -0.2186 -2.7491 -7.7422 0.1800 0.2000 0.4314 0.3922 0.1961 22.0270 2.0000 
2004 2005 21 -0.2186 -2.7491 -7.7422 -0.2401 -2.9433 -7.7851 0.1800 0.2000 0.4314 0.3922 0.1961 22.1056 2.0000 
2005 2006 21 -0.2401 -2.9433 -7.7851 -0.2370 -3.1241 -7.8706 0.1800 0.2000 0.4314 0.3922 0.1961 22.1845 2.0000 
2006 2007 21 -0.2370 -3.1241 -7.8706 -0.2413 -3.2836 -7.9912 0.1800 0.2000 0.4314 0.3922 0.1961 22.2638 2.0000 
2007 2008 21 -0.2413 -3.2836 -7.9912 -0.2619 -3.4243 -8.1318 0.1800 0.2000 0.4314 0.3922 0.1961 22.3434 2.0000 
2008 2009 21 -0.2619 -3.4243 -8.1318 -0.2811 -3.5669 -8.2707 0.1800 0.2000 0.4314 0.3922 0.1961 22.4233 2.0000 
2009 2010 21 -0.2811 -3.5669 -8.2707 -0.3004 -3.7113 -8.4078 0.1800 0.2000 0.4314 0.3922 0.1961 22.5035 2.0000 
2010 2011 21 -0.3004 -3.7113 -8.4078 -0.3148 -3.8558 -8.5453 0.1800 0.2000 0.4314 0.3922 0.1961 22.5841 2.0000 
2011 2012 21 -0.3148 -3.8558 -8.5453 -0.3457 -3.9753 -8.7027 0.1800 0.2000 0.4314 0.3922 0.1961 22.6651 2.0000 
2012 2013 21 -0.3457 -3.9753 -8.7027 -0.3700 -4.0636 -8.8805 0.1800 0.2000 0.4314 0.3922 0.1961 22.7464 2.0000 
2013 2014 21 -0.3700 -4.0636 -8.8805 -0.3991 -4.1285 -9.0674 0.1800 0.2000 0.4314 0.3922 0.1961 22.8280 2.0000 
2014 2015 21 -0.3991 -4.1285 -9.0674 -0.4679 -4.1935 -9.2436 0.1800 0.2000 0.4314 0.3922 0.1961 22.9100 2.0000 
2015 2016 21 -0.4679 -4.1935 -9.2436 -0.5434 -4.2617 -9.4158 0.1800 0.2000 0.4314 0.3922 0.1961 22.9924 2.0000 
2016 2017 21 -0.5434 -4.2617 -9.4158 -0.6246 -4.3325 -9.5843 0.1800 0.2000 0.4314 0.3922 0.1961 23.0751 2.0000 
2017 2018 21 -0.6246 -4.3325 -9.5843 -0.7248 -4.3391 -9.7572 0.1800 0.2000 0.4314 0.3922 0.1961 23.1582 2.0000 
2018 2019 21 -0.7248 -4.3391 -9.7572 -0.8189 -4.3450 -9.9336 0.1800 0.2000 0.4314 0.3922 0.1961 23.2416 2.0000 
2019 2020 21 -0.8189 -4.3450 -9.9336 -0.9067 -4.3502 -10.1132 0.1800 0.2000 0.4314 0.3922 0.1961 23.3255 2.0000 
2020 2021 21 -0.9067 -4.3502 -10.1132 -0.9974 -4.3563 -10.2914 0.1800 0.2000 0.4314 0.3922 0.1961 23.4097 2.0000 
2021 2022 21 -0.9974 -4.3563 -10.2914 -1.0812 -4.3629 -10.4729 0.1800 0.2000 0.4314 0.3922 0.1961 23.4942 2.0000 
2022 2023 21 -1.0812 -4.3629 -10.4729 -1.1609 -4.3719 -10.6561 0.1800 0.2000 0.4314 0.3922 0.1961 23.5792 2.0000 
2023 2024 21 -1.1609 -4.3719 -10.6561 -1.2520 -4.3864 -10.8335 0.1800 0.2000 0.4314 0.3922 0.1961 23.6645 2.0000 
2024 2025 21 -1.2520 -4.3864 -10.8335 -1.3419 -4.4044 -11.0113 0.1800 0.2000 0.4314 0.3922 0.1961 23.7502 2.0000 
2025 2026 21 -1.3419 -4.4044 -11.0113 -1.4513 -4.4506 -11.1723 0.1800 0.2000 0.4314 0.3922 0.1961 23.8363 2.0000 
2026 2027 21 -1.4513 -4.4506 -11.1723 -1.5689 -4.4720 -11.3325 0.1800 0.2000 0.4314 0.3922 0.1961 23.9228 2.0000 
2027 2028 21 -1.5689 -4.4720 -11.3325 -1.7174 -4.4511 -11.4650 0.1800 0.2000 0.4314 0.3922 0.1961 24.0097 2.0000 
2028 2029 21 -1.7174 -4.4511 -11.4650 -1.8649 -4.4281 -11.5980 0.1800 0.2000 0.4314 0.3922 0.1961 24.0970 2.0000 
2029 2030 21 -1.8649 -4.4281 -11.5980 -2.0088 -4.4009 -11.7342 0.1800 0.2000 0.4314 0.3922 0.1961 24.1847 2.0000 
2030 2031 21 -2.0088 -4.4009 -11.7342 -2.1573 -4.3899 -11.8678 0.1800 0.2000 0.4314 0.3922 0.1961 24.2729 2.0000 
2031 2032 21 -2.1573 -4.3899 -11.8678 -2.3058 -4.3786 -12.0013 0.1800 0.2000 0.4314 0.3922 0.1961 24.3614 2.0000 
2032 2033 21 -2.3058 -4.3786 -12.0013 -2.4419 -4.3567 -12.1462 0.1800 0.2000 0.4314 0.3922 0.1961 24.4503 2.0000 
2033 2034 21 -2.4419 -4.3567 -12.1462 -2.5834 -4.3557 -12.2875 0.1800 0.2000 0.4314 0.3922 0.1961 24.5397 2.0000 
2034 2035 21 -2.5834 -4.3557 -12.2875 -2.7426 -4.3499 -12.4084 0.1800 0.2000 0.4314 0.3922 0.1961 24.6295 2.0000 
2035 2036 21 -2.7426 -4.3499 -12.4084 -2.8907 -4.3256 -12.5406 0.1800 0.2000 0.4314 0.3922 0.1961 24.7197 2.0000 
2036 2037 21 -2.8907 -4.3256 -12.5406 -2.9959 -4.3298 -12.7106 0.1800 0.2000 0.4314 0.3922 0.1961 24.8104 2.0000 
2037 2038 21 -2.9959 -4.3298 -12.7106 -3.0973 -4.3393 -12.8827 0.1800 0.2000 0.4314 0.3922 0.1961 24.9015 2.0000 
2038 2039 21 -3.0973 -4.3393 -12.8827 -3.1937 -4.3468 -13.0578 0.1800 0.2000 0.4314 0.3922 0.1961 24.9930 2.0000 
2039 2040 21 -3.1937 -4.3468 -13.0578 -3.2828 -4.2986 -13.2303 0.1800 0.2000 0.4314 0.3922 0.1961 25.0850 2.0000 
2040 2041 21 -3.2828 -4.2986 -13.2303 -3.3696 -4.2541 -13.4049 0.1800 0.2000 0.4314 0.3922 0.1961 25.1774 2.0000 
2041 2042 21 -3.3696 -4.2541 -13.4049 -3.4632 -4.2384 -13.5810 0.1800 0.2000 0.4314 0.3922 0.1961 25.2703 2.0000 
2042 2043 21 -3.4632 -4.2384 -13.5810 -3.5868 -4.2342 -13.7381 0.1800 0.2000 0.4314 0.3922 0.1961 25.3636 2.0000 
2043 2044 21 -3.5868 -4.2342 -13.7381 -3.6789 -4.2258 -13.9155 0.1800 0.2000 0.4314 0.3922 0.1961 25.4574 2.0000 
2044 2045 21 -3.6789 -4.2258 -13.9155 -3.7851 -4.2352 -14.0846 0.1800 0.2000 0.4314 0.3922 0.1961 25.5517 2.0000 
2045 2046 21 -3.7851 -4.2352 -14.0846 -3.8577 -4.1648 -14.2572 0.1800 0.2000 0.4314 0.3922 0.1961 25.6464 2.0000 
2046 2047 21 -3.8577 -4.1648 -14.2572 -3.9212 -4.0911 -14.4319 0.1800 0.2000 0.4314 0.3922 0.1961 25.7417 2.0000 
2047 2048 21 -3.9212 -4.0911 -14.4319 -3.9953 -4.0183 -14.6028 0.1800 0.2000 0.4314 0.3922 0.1961 25.8374 2.0000 
2048 2049 21 -3.9953 -4.0183 -14.6028 -4.0476 -3.9442 -14.7811 0.1800 0.2000 0.4314 0.3922 0.1961 25.9335 2.0000 
2049 2050 21 -4.0476 -3.9442 -14.7811 -4.0911 -3.8868 -14.9677 0.1800 0.2000 0.4314 0.3922 0.1961 26.0302 2.0000 
2050 2051 21 -4.0911 -3.8868 -14.9677 -4.1254 -3.8197 -15.1529 0.1800 0.2000 0.4314 0.3922 0.1961 26.1274 2.0000 
2051 2052 21 -4.1254 -3.8197 -15.1529 -4.1595 -3.7525 -15.3382 0.1800 0.2000 0.4314 0.3922 0.1961 26.2251 2.0000 
2052 2053 21 -4.1595 -3.7525 -15.3382 -4.1781 -3.6821 -15.5245 0.1800 0.2000 0.4314 0.3922 0.1961 26.3233 2.0000 
2053 2054 21 -4.1781 -3.6821 -15.5245 -4.1958 -3.6110 -15.7106 0.1800 0.2000 0.4314 0.3922 0.1961 26.4220 2.0000 
2054 2055 21 -4.1958 -3.6110 -15.7106 -4.2129 -3.5344 -15.8945 0.1800 0.2000 0.4314 0.3922 0.1961 26.5212 2.0000 
2055 2056 21 -4.2129 -3.5344 -15.8945 -4.2297 -3.4590 -16.0790 0.1800 0.2000 0.4314 0.3922 0.1961 26.6209 2.0000 
2056 2057 21 -4.2297 -3.4590 -16.0790 -4.2727 -3.3804 -16.2578 0.1800 0.2000 0.4314 0.3922 0.1961 26.7212 2.0000 
2057 2058 21 -4.2727 -3.3804 -16.2578 -4.3113 -3.2981 -16.4360 0.1800 0.2000 0.4314 0.3922 0.1961 26.8220 2.0000 
2058 2059 21 -4.3113 -3.2981 -16.4360 -4.2868 -3.2179 -16.6175 0.1800 0.2000 0.4314 0.3922 0.1961 26.9234 2.0000 
2059 2060 21 -4.2868 -3.2179 -16.6175 -4.2595 -3.1251 -16.7926 0.1800 0.2000 0.4314 0.3922 0.1961 27.0253 2.0000 
2060 2061 21 -4.2595 -3.1251 -16.7926 -4.2470 -3.0519 -16.9783 0.1800 0.2000 0.4314 0.3922 0.1961 27.1277 2.0000 
2061 2062 21 -4.2470 -3.0519 -16.9783 -4.2344 -2.9795 -17.1643 0.1800 0.2000 0.4314 0.3922 0.1961 27.2307 2.0000 
2062 2063 21 -4.2344 -2.9795 -17.1643 -4.2338 -2.9090 -17.3515 0.1800 0.2000 0.4314 0.3922 0.1961 27.3343 2.0000 
2063 2064 21 -4.2338 -2.9090 -17.3515 -4.2361 -2.8413 -17.5396 0.1800 0.2000 0.4314 0.3922 0.1961 27.4384 2.0000 
2064 2065 21 -4.2361 -2.8413 -17.5396 -4.1862 -2.7774 -17.7225 0.1800 0.2000 0.4314 0.3922 0.1961 27.5431 2.0000 
2065 2066 21 -4.1862 -2.7774 -17.7225 -4.1365 -2.7135 -17.9054 0.1800 0.2000 0.4314 0.3922 0.1961 27.6484 2.0000 
2066 2067 21 -4.1365 -2.7135 -17.9054 -4.0805 -2.6529 -18.0875 0.1800 0.2000 0.4314 0.3922 0.1961 27.7543 2.0000 
2067 2068 21 -4.0805 -2.6529 -18.0875 -4.0381 -2.6118 -18.2786 0.1800 0.2000 0.4314 0.3922 0.1961 27.8608 2.0000 
2068 2069 21 -4.0381 -2.6118 -18.2786 -3.9915 -2.5788 -18.4703 0.1800 0.2000 0.4314 0.3922 0.1961 27.9679 2.0000 
2069 2070 21 -3.9915 -2.5788 -18.4703 -3.9432 -2.5533 -18.6627 0.1800 0.2000 0.4314 0.3922 0.1961 28.0756 2.0000 
2070 2071 21 -3.9432 -2.5533 -18.6627 -3.8812 -2.4941 -18.8434 0.1800 0.2000 0.4314 0.3922 0.1961 28.1839 2.0000 
2071 2072 21 -3.8812 -2.4941 -18.8434 -3.8211 -2.4439 -19.0274 0.1800 0.2000 0.4314 0.3922 0.1961 28.2929 2.0000 
2072 2073 21 -3.8211 -2.4439 -19.0274 -3.7483 -2.4126 -19.2110 0.1800 0.2000 0.4314 0.3922 0.1961 28.4024 2.0000 
2073 2074 21 -3.7483 -2.4126 -19.2110 -3.6723 -2.3777 -19.3927 0.1800 0.2000 0.4314 0.3922 0.1961 28.5126 2.0000 
2074 2075 21 -3.6723 -2.3777 -19.3927 -3.6152 -2.3107 -19.5723 0.1800 0.2000 0.4314 0.3922 0.1961 28.6235 2.0000 
2075 2076 21 -3.6152 -2.3107 -19.5723 -3.5673 -2.2357 -19.7514 0.1800 0.2000 0.4314 0.3922 0.1961 28.7350 2.0000 
2076 2077 21 -3.5673 -2.2357 -19.7514 -3.5173 -2.1665 -19.9323 0.1800 0.2000 0.4314 0.3922 0.1961 28.8472 2.0000 
2077 2078 21 -3.5173 -2.1665 -19.9323 -3.4494 -2.0877 -20.1031 0.1800 0.2000 0.4314 0.3922 0.1961 28.9600 2.0000 
2078 2079 21 -3.4494 -2.0877 -20.1031 -3.3840 -1.9732 -20.2535 0.1800 0.2000 0.4314 0.3922 0.1961 29.0735 2.0000 
2079 2080 21 -3.3840 -1.9732 -20.2535 -3.3442 -1.9128 -20.4400 0.1800 0.2000 0.4314 0.3922 0.1961 29.1877 2.0000 
2080 2081 21 -3.3442 -1.9128 -20.4400 -3.3014 -1.8629 -20.6288 0.1800 0.2000 0.4314 0.3922 0.1961 29.3026 2.0000 
2081 2082 21 -3.3014 -1.8629 -20.6288 -3.2747 -1.8033 -20.8179 0.1800 0.2000 0.4314 0.3922 0.1961 29.4183 2.0000 
2082 2083 21 -3.2747 -1.8033 -20.8179 -3.2357 -1.7503 -21.0067 0.1800 0.2000 0.4314 0.3922 0.1961 29.5346 2.0000 
2083 2084 21 -3.2357 -1.7503 -21.0067 -3.2394 -1.6763 -21.1925 0.1800 0.2000 0.4314 0.3922 0.1961 29.6516 2.0000 
2084 2085 21 -3.2394 -1.6763 -21.1925 -3.2336 -1.6322 -21.3875 0.1800 0.2000 0.4314 0.3922 0.1961 29.7694 2.0000 
2085 2086 21 -3.2336 -1.6322 -21.3875 -3.2309 -1.5987 -21.5847 0.1800 0.2000 0.4314 0.3922 0.1961 29.8879 2.0000 
2086 2087 21 -3.2309 -1.5987 -21.5847 -3.2148 -1.5737 -21.7704 0.1800 0.1881 0.4314 0.3922 0.1961 30.0000 2.0000 
29 2088 22 0.0816 0.0502 -7.1049 -0.0910 -0.0085 -7.1872 0.1800 0.2000 0.4314 0.3922 0.1961 21.4012 2.0000 
2088 2089 22 -0.0910 -0.0085 -7.1872 -0.2767 -0.0821 -7.1965 0.1800 0.2000 0.4314 0.3922 0.1961 21.5617 2.0000 
2089 2090 22 -0.2767 -0.0821 -7.1965 -0.4638 -0.1527 -7.2023 0.1800 0.2000 0.4314 0.3922 0.1961 21.7229 2.0000 
2090 2091 22 -0.4638 -0.1527 -7.2023 -0.6397 -0.2346 -7.2506 0.1800 0.2000 0.4314 0.3922 0.1961 21.8847 2.0000 
2091 2092 22 -0.6397 -0.2346 -7.2506 -0.8113 -0.3262 -7.2970 0.1800 0.2000 0.4314 0.3922 0.1961 22.0472 2.0000 
2092 2093 22 -0.8113 -0.3262 -7.2970 -0.9842 -0.3961 -7.3693 0.1800 0.2000 0.4314 0.3922 0.1961 22.2103 2.0000 
2093 2094 22 -0.9842 -0.3961 -7.3693 -1.1583 -0.4453 -7.4546 0.1800 0.2000 0.4314 0.3922 0.1961 22.3740 2.0000 
2094 2095 22 -1.1583 -0.4453 -7.4546 -1.3267 -0.5034 -7.5456 0.1800 0.2000 0.4314 0.3922 0.1961 22.5384 2.0000 
2095 2096 22 -1.3267 -0.5034 -7.5456 -1.4930 -0.5618 -7.6400 0.1800 0.2000 0.4314 0.3922 0.1961 22.7035 2.0000 
2096 2097 22 -1.4930 -0.5618 -7.6400 -1.6655 -0.5625 -7.7413 0.1800 0.2000 0.4314 0.3922 0.1961 22.8693 2.0000 
2097 2098 22 -1.6655 -0.5625 -7.7413 -1.8414 -0.5439 -7.8346 0.1800 0.2000 0.4314 0.3922 0.1961 23.0357 2.0000 
2098 2099 22 -1.8414 -0.5439 -7.8346 -2.0121 -0.5221 -7.9365 0.1800 0.2000 0.4314 0.3922 0.1961 23.2028 2.0000 
2099 2100 22 -2.0121 -0.5221 -7.9365 -2.1630 -0.4587 -8.0515 0.1800 0.2000 0.4314 0.3922 0.1961 23.3706 2.0000 
2100 2101 22 -2.1630 -0.4587 -8.0515 -2.3126 -0.3969 -8.1689 0.1800 0.2000 0.4314 0.3922 0.1961 23.5391 2.0000 
2101 2102 22 -2.3126 -0.3969 -8.1689 -2.4672 -0.3430 -8.2837 0.1800 0.2000 0.4314 0.3922 0.1961 23.7083 2.0000 
2102 2103 22 -2.4672 -0.3430 -8.2837 -2.5967 -0.2888 -8.4262 0.1800 0.2000 0.4314 0.3922 0.1961 23.8782 2.0000 
2103 2104 22 -2.5967 -0.2888 -8.4262 -2.7278 -0.2325 -8.5664 0.1800 0.2000 0.4314 0.3922 0.1961 24.0487 2.0000 
2104 2105 22 -2.7278 -0.2325 -8.5664 -2.8738 -0.1960 -8.6981 0.1800 0.2000 0.4314 0.3922 0.1961 24.2201 2.0000 
2105 2106 22 -2.8738 -0.1960 -8.6981 -3.0225 -0.2073 -8.8313 0.1800 0.2000 0.4314 0.3922 0.1961 24.3921 2.0000 
2106 2107 22 -3.0225 -0.2073 -8.8313 -3.1890 -0.2490 -8.9341 0.1800 0.2000 0.4314 0.3922 0.1961 24.5649 2.0000 
2107 2108 22 -3.1890 -0.2490 -8.9341 -3.3558 -0.2910 -9.0360 0.1800 0.2000 0.4314 0.3922 0.1961 24.7383 2.0000 
2108 2109 22 -3.3558 -0.2910 -9.0360 -3.5112 -0.3231 -9.1578 0.1800 0.2000 0.4314 0.3922 0.1961 24.9126 2.0000 
2109 2110 22 -3.5112 -0.3231 -9.1578 -3.6852 -0.3118 -9.2558 0.1800 0.2000 0.4314 0.3922 0.1961 25.0876 2.0000 
2110 2111 22 -3.6852 -0.3118 -9.2558 -3.8474 -0.2842 -9.3695 0.1800 0.2000 0.4314 0.3922 0.1961 25.2633 2.0000 
2111 2112 22 -3.8474 -0.2842 -9.3695 -4.0097 -0.2520 -9.4819 0.1800 0.2000 0.4314 0.3922 0.1961 25.4398 2.0000 
2112 2113 22 -4.0097 -0.2520 -9.4819 -4.1486 -0.2104 -9.6196 0.1800 0.2000 0.4314 0.3922 0.1961 25.6170 2.0000 
2113 2114 22 -4.1486 -0.2104 -9.6196 -4.2854 -0.1809 -9.7625 0.1800 0.2000 0.4314 0.3922 0.1961 25.7951 2.0000 
2114 2115 22 -4.2854 -0.1809 -9.7625 -4.4242 -0.1505 -9.9032 0.1800 0.2000 0.4314 0.3922 0.1961 25.9739 2.0000 
2115 2116 22 -4.4242 -0.1505 -9.9032 -4.5631 -0.1201 -10.0439 0.1800 0.2000 0.4314 0.3922 0.1961 26.1535 2.0000 
2116 2117 22 -4.5631 -0.1201 -10.0439 -4.7283 -0.0886 -10.1521 0.1800 0.2000 0.4314 0.3922 0.1961 26.3339 2.0000 
2117 2118 22 -4.7283 -0.0886 -10.1521 -4.8869 -0.0447 -10.2658 0.1800 0.2000 0.4314 0.3922 0.1961 26.5150 2.0000 
2118 2119 22 -4.8869 -0.0447 -10.2658 -5.0186 -0.0032 -10.4105 0.1800 0.2000 0.4314 0.3922 0.1961 26.6970 2.0000 
2119 2120 22 -5.0186 -0.0032 -10.4105 -5.1607 0.0596 -10.5364 0.1800 0.2000 0.4314 0.3922 0.1961 26.8799 2.0000 
2120 2121 22 -5.1607 0.0596 -10.5364 -5.3024 0.1230 -10.6625 0.1800 0.2000 0.4314 0.3922 0.1961 27.0635 2.0000 
2121 2122 22 -5.3024 0.1230 -10.6625 -5.4519 0.1827 -10.7812 0.1800 0.2000 0.4314 0.3922 0.1961 27.2479 2.0000 
2122 2123 22 -5.4519 0.1827 -10.7812 -5.5972 0.2439 -10.9042 0.1800 0.2000 0.4314 0.3922 0.1961 27.4332 2.0000 
2123 2124 22 -5.5972 0.2439 -10.9042 -5.7288 0.3127 -11.0382 0.1800 0.2000 0.4314 0.3922 0.1961 27.6194 2.0000 
2124 2125 22 -5.7288 0.3127 -11.0382 -5.8477 0.3975 -11.1749 0.1800 0.2000 0.4314 0.3922 0.1961 27.8064 2.0000 
2125 2126 22 -5.8477 0.3975 -11.1749 -5.9652 0.4835 -11.3120 0.1800 0.2000 0.4314 0.3922 0.1961 27.9942 2.0000 
2126 2127 22 -5.9652 0.4835 -11.3120 -6.0737 0.5471 -11.4674 0.1800 0.2000 0.4314 0.3922 0.1961 28.1829 2.0000 
2127 2128 22 -6.0737 0.5471 -11.4674 -6.1744 0.6143 -11.6267 0.1800 0.2000 0.4314 0.3922 0.1961 28.3725 2.0000 
2128 2129 22 -6.1744 0.6143 -11.6267 -6.2445 0.6726 -11.8047 0.1800 0.2000 0.4314 0.3922 0.1961 28.5630 2.0000 
2129 2130 22 -6.2445 0.6726 -11.8047 -6.3104 0.7237 -11.9865 0.1800 0.2000 0.4314 0.3922 0.1961 28.7544 2.0000 
2130 2131 22 -6.3104 0.7237 -11.9865 -6.4197 0.7389 -12.1533 0.1800 0.2000 0.4314 0.3922 0.1961 28.9467 2.0000 
2131 2132 22 -6.4197 0.7389 -12.1533 -6.5318 0.6966 -12.3134 0.1800 0.2000 0.4314 0.3922 0.1961 29.1398 2.0000 
2132 2133 22 -6.5318 0.6966 -12.3134 -6.6171 0.6818 -12.4937 0.1800 0.2000 0.4314 0.3922 0.1961 29.3339 2.0000 
2133 2134 22 -6.6171 0.6818 -12.4937 -6.6799 0.6738 -12.6834 0.1800 0.2000 0.4314 0.3922 0.1961 29.5290 2.0000 
2134 2135 22 -6.6799 0.6738 -12.6834 -6.6753 0.6864 -12.8829 0.1800 0.2000 0.4314 0.3922 0.1961 29.7249 2.0000 
2135 2136 22 -6.6753 0.6864 -12.8829 -6.6989 0.7190 -13.0789 0.1800 0.2000 0.4314 0.3922 0.1961 29.9218 2.0000 
2136 2137 22 -6.6989 0.7190 -13.0789 -6.7116 0.7311 -13.1560 0.1800 0.0791 0.4314 0.3922 0.1961 30.0000 2.0000 
30 2138 23 0.0828 0.0462 -7.2046 0.0224 -0.1175 -7.3022 0.1800 0.2000 0.4314 0.3922 0.1961 21.4902 2.0000 
2138 2139 23 0.0224 -0.1175 -7.3022 -0.0266 -0.2790 -7.4094 0.1800 0.2000 0.4314 0.3922 0.1961 21.6105 2.0000 
2139 2140 23 -0.0266 -0.2790 -7.4094 -0.0906 -0.4227 -7.5330 0.1800 0.2000 0.4314 0.3922 0.1961 21.7313 2.0000 
2140 2141 23 -0.0906 -0.4227 -7.5330 -0.1521 -0.5669 -7.6572 0.1800 0.2000 0.4314 0.3922 0.1961 21.8525 2.0000 
2141 2142 23 -0.1521 -0.5669 -7.6572 -0.2416 -0.7179 -7.7531 0.1800 0.2000 0.4314 0.3922 0.1961 21.9743 2.0000 
2142 2143 23 -0.2416 -0.7179 -7.7531 -0.3292 -0.8671 -7.8534 0.1800 0.2000 0.4314 0.3922 0.1961 22.0965 2.0000 
2143 2144 23 -0.3292 -0.8671 -7.8534 -0.4208 -1.0149 -7.9522 0.1800 0.2000 0.4314 0.3922 0.1961 22.2192 2.0000 
2144 2145 23 -0.4208 -1.0149 -7.9522 -0.4861 -1.1793 -8.0455 0.1800 0.2000 0.4314 0.3922 0.1961 22.3424 2.0000 
2145 2146 23 -0.4861 -1.1793 -8.0455 -0.5674 -1.3344 -8.1422 0.1800 0.2000 0.4314 0.3922 0.1961 22.4661 2.0000 
2146 2147 23 -0.5674 -1.3344 -8.1422 -0.6498 -1.4898 -8.2373 0.1800 0.2000 0.4314 0.3922 0.1961 22.5903 2.0000 
2147 2148 23 -0.6498 -1.4898 -8.2373 -0.7859 -1.5970 -8.3372 0.1800 0.2000 0.4314 0.3922 0.1961 22.7150 2.0000 
2148 2149 23 -0.7859 -1.5970 -8.3372 -0.9184 -1.7119 -8.4334 0.1800 0.2000 0.4314 0.3922 0.1961 22.8402 2.0000 
2149 2150 23 -0.9184 -1.7119 -8.4334 -1.0667 -1.8228 -8.5090 0.1800 0.2000 0.4314 0.3922 0.1961 22.9659 2.0000 
2150 2151 23 -1.0667 -1.8228 -8.5090 -1.1961 -1.9510 -8.5916 0.1800 0.2000 0.4314 0.3922 0.1961 23.0922 2.0000 
2151 2152 23 -1.1961 -1.9510 -8.5916 -1.3246 -2.0720 -8.6855 0.1800 0.2000 0.4314 0.3922 0.1961 23.2190 2.0000 
2152 2153 23 -1.3246 -2.0720 -8.6855 -1.4177 -2.2141 -8.7912 0.1800 0.2000 0.4314 0.3922 0.1961 23.3463 2.0000 
2153 2154 23 -1.4177 -2.2141 -8.7912 -1.5072 -2.3601 -8.8945 0.1800 0.2000 0.4314 0.3922 0.1961 23.4741 2.0000 
2154 2155 23 -1.5072 -2.3601 -8.8945 -1.6102 -2.5102 -8.9774 0.1800 0.2000 0.4314 0.3922 0.1961 23.6025 2.0000 
2155 2156 23 -1.6102 -2.5102 -8.9774 -1.7105 -2.6607 -9.0626 0.1800 0.2000 0.4314 0.3922 0.1961 23.7314 2.0000 
2156 2157 23 -1.7105 -2.6607 -9.0626 -1.8291 -2.8083 -9.1270 0.1800 0.2000 0.4314 0.3922 0.1961 23.8608 2.0000 
2157 2158 23 -1.8291 -2.8083 -9.1270 -1.9554 -2.9486 -9.1933 0.1800 0.2000 0.4314 0.3922 0.1961 23.9908 2.0000 
2158 2159 23 -1.9554 -2.9486 -9.1933 -2.1034 -3.0486 -9.2832 0.1800 0.2000 0.4314 0.3922 0.1961 24.1214 2.0000 
2159 2160 23 -2.1034 -3.0486 -9.2832 -2.2485 -3.1599 -9.3642 0.1800 0.2000 0.4314 0.3922 0.1961 24.2525 2.0000 
2160 2161 23 -2.2485 -3.1599 -9.3642 -2.3954 -3.2753 -9.4355 0.1800 0.2000 0.4314 0.3922 0.1961 24.3842 2.0000 
2161 2162 23 -2.3954 -3.2753 -9.4355 -2.5400 -3.3928 -9.5083 0.1800 0.2000 0.4314 0.3922 0.1961 24.5164 2.0000 
2162 2163 23 -2.5400 -3.3928 -9.5083 -2.6855 -3.5091 -9.5812 0.1800 0.2000 0.4314 0.3922 0.1961 24.6492 2.0000 
2163 2164 23 -2.6855 -3.5091 -9.5812 -2.8360 -3.6027 -9.6739 0.1800 0.2000 0.4314 0.3922 0.1961 24.7826 2.0000 
2164 2165 23 -2.8360 -3.6027 -9.6739 -2.9859 -3.6956 -9.7682 0.1800 0.2000 0.4314 0.3922 0.1961 24.9166 2.0000 
2165 2166 23 -2.9859 -3.6956 -9.7682 -3.1231 -3.7588 -9.8992 0.1800 0.2000 0.4314 0.3922 0.1961 25.0512 2.0000 
2166 2167 23 -3.1231 -3.7588 -9.8992 -3.2645 -3.8190 -10.0272 0.1800 0.2000 0.4314 0.3922 0.1961 25.1863 2.0000 
2167 2168 23 -3.2645 -3.8190 -10.0272 -3.3937 -3.8967 -10.1586 0.1800 0.2000 0.4314 0.3922 0.1961 25.3221 2.0000 
2168 2169 23 -3.3937 -3.8967 -10.1586 -3.5177 -3.9724 -10.2962 0.1800 0.2000 0.4314 0.3922 0.1961 25.4585 2.0000 
2169 2170 23 -3.5177 -3.9724 -10.2962 -3.6315 -4.0443 -10.4440 0.1800 0.2000 0.4314 0.3922 0.1961 25.5955 2.0000 
2170 2171 23 -3.6315 -4.0443 -10.4440 -3.7457 -4.1152 -10.5921 0.1800 0.2000 0.4314 0.3922 0.1961 25.7331 2.0000 
2171 2172 23 -3.7457 -4.1152 -10.5921 -3.8566 -4.1793 -10.7457 0.1800 0.2000 0.4314 0.3922 0.1961 25.8713 2.0000 
2172 2173 23 -3.8566 -4.1793 -10.7457 -3.9659 -4.2092 -10.9105 0.1800 0.2000 0.4314 0.3922 0.1961 26.0101 2.0000 
2173 2174 23 -3.9659 -4.2092 -10.9105 -4.0788 -4.2398 -11.0728 0.1800 0.2000 0.4314 0.3922 0.1961 26.1496 2.0000 
2174 2175 23 -4.0788 -4.2398 -11.0728 -4.1925 -4.2810 -11.2321 0.1800 0.2000 0.4314 0.3922 0.1961 26.2897 2.0000 
2175 2176 23 -4.1925 -4.2810 -11.2321 -4.2993 -4.3374 -11.3915 0.1800 0.2000 0.4314 0.3922 0.1961 26.4305 2.0000 
2176 2177 23 -4.2993 -4.3374 -11.3915 -4.3634 -4.4102 -11.5664 0.1800 0.2000 0.4314 0.3922 0.1961 26.5719 2.0000 
2177 2178 23 -4.3634 -4.4102 -11.5664 -4.4052 -4.5320 -11.7194 0.1800 0.2000 0.4314 0.3922 0.1961 26.7139 2.0000 
2178 2179 23 -4.4052 -4.5320 -11.7194 -4.4469 -4.6562 -11.8705 0.1800 0.2000 0.4314 0.3922 0.1961 26.8567 2.0000 
2179 2180 23 -4.4469 -4.6562 -11.8705 -4.5144 -4.7845 -12.0083 0.1800 0.2000 0.4314 0.3922 0.1961 27.0001 2.0000 
2180 2181 23 -4.5144 -4.7845 -12.0083 -4.5374 -4.9021 -12.1685 0.1800 0.2000 0.4314 0.3922 0.1961 27.1441 2.0000 
2181 2182 23 -4.5374 -4.9021 -12.1685 -4.5494 -5.0458 -12.3070 0.1800 0.2000 0.4314 0.3922 0.1961 27.2889 2.0000 
2182 2183 23 -4.5494 -5.0458 -12.3070 -4.5994 -5.1816 -12.4451 0.1800 0.2000 0.4314 0.3922 0.1961 27.4343 2.0000 
2183 2184 23 -4.5994 -5.1816 -12.4451 -4.6501 -5.3154 -12.5848 0.1800 0.2000 0.4314 0.3922 0.1961 27.5805 2.0000 
2184 2185 23 -4.6501 -5.3154 -12.5848 -4.6981 -5.4452 -12.7292 0.1800 0.2000 0.4314 0.3922 0.1961 27.7273 2.0000 
2185 2186 23 -4.6981 -5.4452 -12.7292 -4.7404 -5.5688 -12.8806 0.1800 0.2000 0.4314 0.3922 0.1961 27.8749 2.0000 
2186 2187 23 -4.7404 -5.5688 -12.8806 -4.8198 -5.6986 -13.0104 0.1800 0.2000 0.4314 0.3922 0.1961 28.0231 2.0000 
2187 2188 23 -4.8198 -5.6986 -13.0104 -4.9442 -5.8086 -13.1219 0.1800 0.2000 0.4314 0.3922 0.1961 28.1721 2.0000 
2188 2189 23 -4.9442 -5.8086 -13.1219 -5.0398 -5.9294 -13.2495 0.1800 0.2000 0.4314 0.3922 0.1961 28.3218 2.0000 
2189 2190 23 -5.0398 -5.9294 -13.2495 -5.1393 -6.0315 -13.3897 0.1800 0.2000 0.4314 0.3922 0.1961 28.4722 2.0000 
2190 2191 23 -5.1393 -6.0315 -13.3897 -5.2459 -6.1249 -13.5309 0.1800 0.2000 0.4314 0.3922 0.1961 28.6234 2.0000 
2191 2192 23 -5.2459 -6.1249 -13.5309 -5.3531 -6.2174 -13.6720 0.1800 0.2000 0.4314 0.3922 0.1961 28.7754 2.0000 
2192 2193 23 -5.3531 -6.2174 -13.6720 -5.4510 -6.3180 -13.8145 0.1800 0.2000 0.4314 0.3922 0.1961 28.9281 2.0000 
2193 2194 23 -5.4510 -6.3180 -13.8145 -5.5464 -6.4180 -13.9591 0.1800 0.2000 0.4314 0.3922 0.1961 29.0815 2.0000 
2194 2195 23 -5.5464 -6.4180 -13.9591 -5.6399 -6.5176 -14.1052 0.1800 0.2000 0.4314 0.3922 0.1961 29.2358 2.0000 
2195 2196 23 -5.6399 -6.5176 -14.1052 -5.7344 -6.6139 -14.2528 0.1800 0.2000 0.4314 0.3922 0.1961 29.3908 2.0000 
2196 2197 23 -5.7344 -6.6139 -14.2528 -5.8289 -6.7109 -14.4000 0.1800 0.2000 0.4314 0.3922 0.1961 29.5466 2.0000 
2197 2198 23 -5.8289 -6.7109 -14.4000 -5.9244 -6.8104 -14.5448 0.1800 0.2000 0.4314 0.3922 0.1961 29.7032 2.0000 
2198 2199 23 -5.9244 -6.8104 -14.5448 -6.0212 -6.9252 -14.6769 0.1800 0.2000 0.4314 0.3922 0.1961 29.8606 2.0000 
2199 2200 23 -6.0212 -6.9252 -14.6769 -6.0901 -7.0378 -14.7938 0.1800 0.1763 0.4314 0.3922 0.1961 30.0000 2.0000 
31 2201 24 0.0843 0.0432 -7.3225 0.1332 0.2170 -7.4085 0.1800 0.2000 0.4314 0.3922 0.1961 21.6282 2.0000 
2201 2202 24 0.1332 0.2170 -7.4085 0.1813 0.3921 -7.4924 0.1800 0.2000 0.4314 0.3922 0.1961 21.7330 2.0000 
2202 2203 24 0.1813 0.3921 -7.4924 0.1904 0.5672 -7.5885 0.1800 0.2000 0.4314 0.3922 0.1961 21.8382 2.0000 
2203 2204 24 0.1904 0.5672 -7.5885 0.1870 0.7319 -7.7019 0.1800 0.2000 0.4314 0.3922 0.1961 21.9438 2.0000 
2204 2205 24 0.1870 0.7319 -7.7019 0.1749 0.8908 -7.8228 0.1800 0.2000 0.4314 0.3922 0.1961 22.0499 2.0000 
2205 2206 24 0.1749 0.8908 -7.8228 0.2200 1.0405 -7.9475 0.1800 0.2000 0.4314 0.3922 0.1961 22.1564 2.0000 
2206 2207 24 0.2200 1.0405 -7.9475 0.2965 1.1637 -8.0853 0.1800 0.2000 0.4314 0.3922 0.1961 22.2633 2.0000 
2207 2208 24 0.2965 1.1637 -8.0853 0.4150 1.2237 -8.2347 0.1800 0.2000 0.4314 0.3922 0.1961 22.3707 2.0000 
2208 2209 24 0.4150 1.2237 -8.2347 0.5238 1.2944 -8.3870 0.1800 0.2000 0.4314 0.3922 0.1961 22.4784 2.0000 
2209 2210 24 0.5238 1.2944 -8.3870 0.6094 1.3880 -8.5416 0.1800 0.2000 0.4314 0.3922 0.1961 22.5867 2.0000 
2210 2211 24 0.6094 1.3880 -8.5416 0.7065 1.4900 -8.6836 0.1800 0.2000 0.4314 0.3922 0.1961 22.6953 2.0000 
2211 2212 24 0.7065 1.4900 -8.6836 0.8033 1.5736 -8.8374 0.1800 0.2000 0.4314 0.3922 0.1961 22.8044 2.0000 
2212 2213 24 0.8033 1.5736 -8.8374 0.8903 1.6590 -8.9959 0.1800 0.2000 0.4314 0.3922 0.1961 22.9140 2.0000 
2213 2214 24 0.8903 1.6590 -8.9959 0.9778 1.7441 -9.1543 0.1800 0.2000 0.4314 0.3922 0.1961 23.0240 2.0000 
2214 2215 24 0.9778 1.7441 -9.1543 1.0467 1.8282 -9.3222 0.1800 0.2000 0.4314 0.3922 0.1961 23.1344 2.0000 
2215 2216 24 1.0467 1.8282 -9.3222 1.1145 1.8990 -9.4965 0.1800 0.2000 0.4314 0.3922 0.1961 23.2453 2.0000 
2216 2217 24 1.1145 1.8990 -9.4965 1.1408 1.9952 -9.6699 0.1800 0.2000 0.4314 0.3922 0.1961 23.3567 2.0000 
2217 2218 24 1.1408 1.9952 -9.6699 1.1694 2.0835 -9.8470 0.1800 0.2000 0.4314 0.3922 0.1961 23.4686 2.0000 
2218 2219 24 1.1694 2.0835 -9.8470 1.1947 2.1487 -10.0344 0.1800 0.2000 0.4314 0.3922 0.1961 23.5809 2.0000 
2219 2220 24 1.1947 2.1487 -10.0344 1.2264 2.2276 -10.2155 0.1800 0.2000 0.4314 0.3922 0.1961 23.6937 2.0000 
2220 2221 24 1.2264 2.2276 -10.2155 1.2423 2.2994 -10.4015 0.1800 0.2000 0.4314 0.3922 0.1961 23.8069 2.0000 
2221 2222 24 1.2423 2.2994 -10.4015 1.2311 2.3569 -10.5927 0.1800 0.2000 0.4314 0.3922 0.1961 23.9207 2.0000 
2222 2223 24 1.2311 2.3569 -10.5927 1.2213 2.4166 -10.7833 0.1800 0.2000 0.4314 0.3922 0.1961 24.0349 2.0000 
2223 2224 24 1.2213 2.4166 -10.7833 1.2110 2.4758 -10.9741 0.1800 0.2000 0.4314 0.3922 0.1961 24.1497 2.0000 
2224 2225 24 1.2110 2.4758 -10.9741 1.2011 2.5394 -11.1634 0.1800 0.2000 0.4314 0.3922 0.1961 24.2649 2.0000 
2225 2226 24 1.2011 2.5394 -11.1634 1.1917 2.6144 -11.3486 0.1800 0.2000 0.4314 0.3922 0.1961 24.3806 2.0000 
2226 2227 24 1.1917 2.6144 -11.3486 1.2097 2.6753 -11.5382 0.1800 0.2000 0.4314 0.3922 0.1961 24.4969 2.0000 
2227 2228 24 1.2097 2.6753 -11.5382 1.2337 2.7331 -11.7282 0.1800 0.2000 0.4314 0.3922 0.1961 24.6136 2.0000 
2228 2229 24 1.2337 2.7331 -11.7282 1.2340 2.7785 -11.9230 0.1800 0.2000 0.4314 0.3922 0.1961 24.7309 2.0000 
2229 2230 24 1.2340 2.7785 -11.9230 1.1812 2.8024 -12.1144 0.1800 0.2000 0.4314 0.3922 0.1961 24.8486 2.0000 
2230 2231 24 1.1812 2.8024 -12.1144 1.1130 2.8193 -12.3016 0.1800 0.2000 0.4314 0.3922 0.1961 24.9669 2.0000 
2231 2232 24 1.1130 2.8193 -12.3016 1.0635 2.8374 -12.4946 0.1800 0.2000 0.4314 0.3922 0.1961 25.0857 2.0000 
2232 2233 24 1.0635 2.8374 -12.4946 1.0142 2.8550 -12.6876 0.1800 0.2000 0.4314 0.3922 0.1961 25.2051 2.0000 
2233 2234 24 1.0142 2.8550 -12.6876 0.9899 2.8782 -12.8848 0.1800 0.2000 0.4314 0.3922 0.1961 25.3250 2.0000 
2234 2235 24 0.9899 2.8782 -12.8848 0.9809 2.9142 -13.0813 0.1800 0.2000 0.4314 0.3922 0.1961 25.4454 2.0000 
2235 2236 24 0.9809 2.9142 -13.0813 0.9771 2.9383 -13.2798 0.1800 0.2000 0.4314 0.3922 0.1961 25.5664 2.0000 
2236 2237 24 0.9771 2.9383 -13.2798 0.9498 2.9479 -13.4777 0.1800 0.2000 0.4314 0.3922 0.1961 25.6879 2.0000 
2237 2238 24 0.9498 2.9479 -13.4777 0.9457 2.9382 -13.6774 0.1800 0.2000 0.4314 0.3922 0.1961 25.8100 2.0000 
2238 2239 24 0.9457 2.9382 -13.6774 0.9577 2.9358 -13.8770 0.1800 0.2000 0.4314 0.3922 0.1961 25.9327 2.0000 
2239 2240 24 0.9577 2.9358 -13.8770 0.9707 2.9392 -14.0766 0.1800 0.2000 0.4314 0.3922 0.1961 26.0559 2.0000 
2240 2241 24 0.9707 2.9392 -14.0766 0.9981 2.9425 -14.2747 0.1800 0.2000 0.4314 0.3922 0.1961 26.1796 2.0000 
2241 2242 24 0.9981 2.9425 -14.2747 1.0243 2.9422 -14.4729 0.1800 0.2000 0.4314 0.3922 0.1961 26.3040 2.0000 
2242 2243 24 1.0243 2.9422 -14.4729 1.0496 2.9388 -14.6713 0.1800 0.2000 0.4314 0.3922 0.1961 26.4290 2.0000 
2243 2244 24 1.0496 2.9388 -14.6713 1.0660 2.9346 -14.8706 0.1800 0.2000 0.4314 0.3922 0.1961 26.5545 2.0000 
2244 2245 24 1.0660 2.9346 -14.8706 1.1065 2.9370 -15.0664 0.1800 0.2000 0.4314 0.3922 0.1961 26.6806 2.0000 
2245 2246 24 1.1065 2.9370 -15.0664 1.1403 2.9279 -15.2634 0.1800 0.2000 0.4314 0.3922 0.1961 26.8073 2.0000 
2246 2247 24 1.1403 2.9279 -15.2634 1.1717 2.9213 -15.4608 0.1800 0.2000 0.4314 0.3922 0.1961 26.9347 2.0000 
2247 2248 24 1.1717 2.9213 -15.4608 1.2023 2.9423 -15.6573 0.1800 0.2000 0.4314 0.3922 0.1961 27.0626 2.0000 
2248 2249 24 1.2023 2.9423 -15.6573 1.2254 2.9368 -15.8559 0.1800 0.2000 0.4314 0.3922 0.1961 27.1912 2.0000 
2249 2250 24 1.2254 2.9368 -15.8559 1.2487 2.9296 -16.0544 0.1800 0.2000 0.4314 0.3922 0.1961 27.3203 2.0000 
2250 2251 24 1.2487 2.9296 -16.0544 1.2796 2.8840 -16.2467 0.1800 0.2000 0.4314 0.3922 0.1961 27.4501 2.0000 
2251 2252 24 1.2796 2.8840 -16.2467 1.2819 2.8401 -16.4418 0.1800 0.2000 0.4314 0.3922 0.1961 27.5806 2.0000 
2252 2253 24 1.2819 2.8401 -16.4418 1.2922 2.8448 -16.6414 0.1800 0.2000 0.4314 0.3922 0.1961 27.7117 2.0000 
2253 2254 24 1.2922 2.8448 -16.6414 1.3030 2.8850 -16.8371 0.1800 0.2000 0.4314 0.3922 0.1961 27.8434 2.0000 
2254 2255 24 1.3030 2.8850 -16.8371 1.3200 2.8951 -17.0361 0.1800 0.2000 0.4314 0.3922 0.1961 27.9758 2.0000 
2255 2256 24 1.3200 2.8951 -17.0361 1.3394 2.9011 -17.2350 0.1800 0.2000 0.4314 0.3922 0.1961 28.1088 2.0000 
2256 2257 24 1.3394 2.9011 -17.2350 1.3186 2.8883 -17.4335 0.1800 0.2000 0.4314 0.3922 0.1961 28.2425 2.0000 
2257 2258 24 1.3186 2.8883 -17.4335 1.3018 2.8727 -17.6322 0.1800 0.2000 0.4314 0.3922 0.1961 28.3769 2.0000 
2258 2259 24 1.3018 2.8727 -17.6322 1.2918 2.8767 -17.8319 0.1800 0.2000 0.4314 0.3922 0.1961 28.5120 2.0000 
2259 2260 24 1.2918 2.8767 -17.8319 1.3009 2.9074 -18.0294 0.1800 0.2000 0.4314 0.3922 0.1961 28.6477 2.0000 
2260 2261 24 1.3009 2.9074 -18.0294 1.3041 2.9271 -18.2284 0.1800 0.2000 0.4314 0.3922 0.1961 28.7842 2.0000 
2261 2262 24 1.3041 2.9271 -18.2284 1.3384 2.9315 -18.4254 0.1800 0.2000 0.4314 0.3922 0.1961 28.9213 2.0000 
2262 2263 24 1.3384 2.9315 -18.4254 1.3827 2.8923 -18.6164 0.1800 0.2000 0.4314 0.3922 0.1961 29.0592 2.0000 
2263 2264 24 1.3827 2.8923 -18.6164 1.4187 2.8623 -18.8109 0.1800 0.2000 0.4314 0.3922 0.1961 29.1978 2.0000 
2264 2265 24 1.4187 2.8623 -18.8109 1.4346 2.8345 -19.0083 0.1800 0.2000 0.4314 0.3922 0.1961 29.3371 2.0000 
2265 2266 24 1.4346 2.8345 -19.0083 1.4617 2.8172 -19.2057 0.1800 0.2000 0.4314 0.3922 0.1961 29.4771 2.0000 
2266 2267 24 1.4617 2.8172 -19.2057 1.5013 2.8066 -19.4014 0.1800 0.2000 0.4314 0.3922 0.1961 29.6179 2.0000 
2267 2268 24 1.5013 2.8066 -19.4014 1.5492 2.8093 -19.5956 0.1800 0.2000 0.4314 0.3922 0.1961 29.7594 2.0000 
2268 2269 24 1.5492 2.8093 -19.5956 1.5488 2.8353 -19.7939 0.1800 0.2000 0.4314 0.3922 0.1961 29.9016 2.0000 
2269 2270 24 1.5488 2.8353 -19.7939 1.5618 2.8661 -19.9274 0.1800 0.1376 0.4314 0.3922 0.1961 30.0000 2.0000 
33 2271 25 0.1185 0.0222 -7.6854 0.0572 0.1839 -7.7859 0.1800 0.2000 0.4314 0.3922 0.1961 22.0753 2.0000 
2271 2272 25 0.0572 0.1839 -7.7859 -0.0069 0.3282 -7.9086 0.1800 0.2000 0.4314 0.3922 0.1961 22.1483 2.0000 
2272 2273 25 -0.0069 0.3282 -7.9086 -0.0599 0.4937 -8.0076 0.1800 0.2000 0.4314 0.3922 0.1961 22.2216 2.0000 
2273 2274 25 -0.0599 0.4937 -8.0076 -0.1080 0.6582 -8.1107 0.1800 0.2000 0.4314 0.3922 0.1961 22.2952 2.0000 
2274 2275 25 -0.1080 0.6582 -8.1107 -0.1615 0.8199 -8.2155 0.1800 0.2000 0.4314 0.3922 0.1961 22.3691 2.0000 
2275 2276 25 -0.1615 0.8199 -8.2155 -0.2184 0.9524 -8.3541 0.1800 0.2000 0.4314 0.3922 0.1961 22.4433 2.0000 
2276 2277 25 -0.2184 0.9524 -8.3541 -0.3071 1.0542 -8.5017 0.1800 0.2000 0.4314 0.3922 0.1961 22.5178 2.0000 
2277 2278 25 -0.3071 1.0542 -8.5017 -0.3863 1.1627 -8.6499 0.1800 0.2000 0.4314 0.3922 0.1961 22.5925 2.0000 
2278 2279 25 -0.3863 1.1627 -8.6499 -0.4643 1.2650 -8.8030 0.1800 0.2000 0.4314 0.3922 0.1961 22.6676 2.0000 
2279 2280 25 -0.4643 1.2650 -8.8030 -0.5178 1.3165 -8.9887 0.1800 0.2000 0.4314 0.3922 0.1961 22.7430 2.0000 
2280 2281 25 -0.5178 1.3165 -8.9887 -0.5772 1.3533 -9.1761 0.1800 0.2000 0.4314 0.3922 0.1961 22.8187 2.0000 
2281 2282 25 -0.5772 1.3533 -9.1761 -0.6515 1.3804 -9.3598 0.1800 0.2000 0.4314 0.3922 0.1961 22.8947 2.0000 
2282 2283 25 -0.6515 1.3804 -9.3598 -0.7347 1.4209 -9.5371 0.1800 0.2000 0.4314 0.3922 0.1961 22.9710 2.0000 
2283 2284 25 -0.7347 1.4209 -9.5371 -0.8498 1.4609 -9.6957 0.1800 0.2000 0.4314 0.3922 0.1961 23.0476 2.0000 
2284 2285 25 -0.8498 1.4609 -9.6957 -0.8981 1.5158 -9.8819 0.1800 0.2000 0.4314 0.3922 0.1961 23.1245 2.0000 
2285 2286 25 -0.8981 1.5158 -9.8819 -0.9408 1.5536 -10.0736 0.1800 0.2000 0.4314 0.3922 0.1961 23.2018 2.0000 
2286 2287 25 -0.9408 1.5536 -10.0736 -0.9493 1.5400 -10.2729 0.1800 0.2000 0.4314 0.3922 0.1961 23.2794 2.0000 
2287 2288 25 -0.9493 1.5400 -10.2729 -0.9577 1.5440 -10.4727 0.1800 0.2000 0.4314 0.3922 0.1961 23.3573 2.0000 
2288 2289 25 -0.9577 1.5440 -10.4727 -0.9815 1.5600 -10.6706 0.1800 0.2000 0.4314 0.3922 0.1961 23.4355 2.0000 
2289 2290 25 -0.9815 1.5600 -10.6706 -1.0050 1.5763 -10.8686 0.1800 0.2000 0.4314 0.3922 0.1961 23.5141 2.0000 
2290 2291 25 -1.0050 1.5763 -10.8686 -1.0612 1.5483 -11.0585 0.1800 0.2000 0.4314 0.3922 0.1961 23.5930 2.0000 
2291 2292 25 -1.0612 1.5483 -11.0585 -1.1118 1.5181 -11.2496 0.1800 0.2000 0.4314 0.3922 0.1961 23.6722 2.0000 
2292 2293 25 -1.1118 1.5181 -11.2496 -1.1583 1.4584 -11.4347 0.1800 0.2000 0.4314 0.3922 0.1961 23.7518 2.0000 
2293 2294 25 -1.1583 1.4584 -11.4347 -1.2366 1.3737 -11.5981 0.1800 0.2000 0.4314 0.3922 0.1961 23.8317 2.0000 
2294 2295 25 -1.2366 1.3737 -11.5981 -1.2690 1.3271 -11.7899 0.1800 0.2000 0.4314 0.3922 0.1961 23.9120 2.0000 
2295 2296 25 -1.2690 1.3271 -11.7899 -1.3109 1.3029 -11.9840 0.1800 0.2000 0.4314 0.3922 0.1961 23.9926 2.0000 
2296 2297 25 -1.3109 1.3029 -11.9840 -1.3482 1.3095 -12.1803 0.1800 0.2000 0.4314 0.3922 0.1961 24.0735 2.0000 
2297 2298 25 -1.3482 1.3095 -12.1803 -1.3647 1.3013 -12.3795 0.1800 0.2000 0.4314 0.3922 0.1961 24.1549 2.0000 
2298 2299 25 -1.3647 1.3013 -12.3795 -1.3583 1.2724 -12.5773 0.1800 0.2000 0.4314 0.3922 0.1961 24.2365 2.0000 
2299 2300 25 -1.3583 1.2724 -12.5773 -1.3359 1.2373 -12.7729 0.1800 0.2000 0.4314 0.3922 0.1961 24.3186 2.0000 
2300 2301 25 -1.3359 1.2373 -12.7729 -1.3164 1.2462 -12.9718 0.1800 0.2000 0.4314 0.3922 0.1961 24.4010 2.0000 
2301 2302 25 -1.3164 1.2462 -12.9718 -1.2906 1.2380 -13.1699 0.1800 0.2000 0.4314 0.3922 0.1961 24.4837 2.0000 
2302 2303 25 -1.2906 1.2380 -13.1699 -1.2659 1.2318 -13.3683 0.1800 0.2000 0.4314 0.3922 0.1961 24.5669 2.0000 
2303 2304 25 -1.2659 1.2318 -13.3683 -1.2237 1.2488 -13.5630 0.1800 0.2000 0.4314 0.3922 0.1961 24.6504 2.0000 
2304 2305 25 -1.2237 1.2488 -13.5630 -1.2306 1.2799 -13.7605 0.1800 0.2000 0.4314 0.3922 0.1961 24.7343 2.0000 
2305 2306 25 -1.2306 1.2799 -13.7605 -1.2316 1.2984 -13.9596 0.1800 0.2000 0.4314 0.3922 0.1961 24.8185 2.0000 
2306 2307 25 -1.2316 1.2984 -13.9596 -1.2378 1.2946 -14.1595 0.1800 0.2000 0.4314 0.3922 0.1961 24.9032 2.0000 
2307 2308 25 -1.2378 1.2946 -14.1595 -1.2441 1.2676 -14.3576 0.1800 0.2000 0.4314 0.3922 0.1961 24.9882 2.0000 
2308 2309 25 -1.2441 1.2676 -14.3576 -1.2437 1.2337 -14.5547 0.1800 0.2000 0.4314 0.3922 0.1961 25.0737 2.0000 
2309 2310 25 -1.2437 1.2337 -14.5547 -1.2388 1.2403 -14.7545 0.1800 0.2000 0.4314 0.3922 0.1961 25.1595 2.0000 
2310 2311 25 -1.2388 1.2403 -14.7545 -1.2396 1.2379 -14.9545 0.1800 0.2000 0.4314 0.3922 0.1961 25.2457 2.0000 
2311 2312 25 -1.2396 1.2379 -14.9545 -1.2390 1.2346 -15.1545 0.1800 0.2000 0.4314 0.3922 0.1961 25.3323 2.0000 
2312 2313 25 -1.2390 1.2346 -15.1545 -1.2363 1.2331 -15.3544 0.1800 0.2000 0.4314 0.3922 0.1961 25.4194 2.0000 
2313 2314 25 -1.2363 1.2331 -15.3544 -1.2633 1.2428 -15.5524 0.1800 0.2000 0.4314 0.3922 0.1961 25.5068 2.0000 
2314 2315 25 -1.2633 1.2428 -15.5524 -1.2954 1.2591 -15.7491 0.1800 0.2000 0.4314 0.3922 0.1961 25.5946 2.0000 
2315 2316 25 -1.2954 1.2591 -15.7491 -1.3670 1.2253 -15.9328 0.1800 0.2000 0.4314 0.3922 0.1961 25.6829 2.0000 
2316 2317 25 -1.3670 1.2253 -15.9328 -1.4368 1.1898 -16.1168 0.1800 0.2000 0.4314 0.3922 0.1961 25.7716 2.0000 
2317 2318 25 -1.4368 1.1898 -16.1168 -1.4976 1.1491 -16.3029 0.1800 0.2000 0.4314 0.3922 0.1961 25.8607 2.0000 
2318 2319 25 -1.4976 1.1491 -16.3029 -1.5146 1.1420 -16.5021 0.1800 0.2000 0.4314 0.3922 0.1961 25.9503 2.0000 
2319 2320 25 -1.5146 1.1420 -16.5021 -1.5343 1.1319 -16.7008 0.1800 0.2000 0.4314 0.3922 0.1961 26.0403 2.0000 
2320 2321 25 -1.5343 1.1319 -16.7008 -1.5615 1.1250 -16.8989 0.1800 0.2000 0.4314 0.3922 0.1961 26.1307 2.0000 
2321 2322 25 -1.5615 1.1250 -16.8989 -1.5961 1.0945 -17.0935 0.1800 0.2000 0.4314 0.3922 0.1961 26.2215 2.0000 
2322 2323 25 -1.5961 1.0945 -17.0935 -1.6268 1.0652 -17.2889 0.1800 0.2000 0.4314 0.3922 0.1961 26.3128 2.0000 
2323 2324 25 -1.6268 1.0652 -17.2889 -1.6756 1.0745 -17.4826 0.1800 0.2000 0.4314 0.3922 0.1961 26.4046 2.0000 
2324 2325 25 -1.6756 1.0745 -17.4826 -1.7245 1.0545 -17.6755 0.1800 0.2000 0.4314 0.3922 0.1961 26.4968 2.0000 
2325 2326 25 -1.7245 1.0545 -17.6755 -1.7504 1.0477 -17.8737 0.1800 0.2000 0.4314 0.3922 0.1961 26.5895 2.0000 
2326 2327 25 -1.7504 1.0477 -17.8737 -1.7453 1.0369 -18.0734 0.1800 0.2000 0.4314 0.3922 0.1961 26.6826 2.0000 
2327 2328 25 -1.7453 1.0369 -18.0734 -1.7585 1.0099 -18.2711 0.1800 0.2000 0.4314 0.3922 0.1961 26.7762 2.0000 
2328 2329 25 -1.7585 1.0099 -18.2711 -1.7881 1.0015 -18.4687 0.1800 0.2000 0.4314 0.3922 0.1961 26.8703 2.0000 
2329 2330 25 -1.7881 1.0015 -18.4687 -1.8343 0.9908 -18.6630 0.1800 0.2000 0.4314 0.3922 0.1961 26.9649 2.0000 
2330 2331 25 -1.8343 0.9908 -18.6630 -1.9082 0.9670 -18.8473 0.1800 0.2000 0.4314 0.3922 0.1961 27.0599 2.0000 
2331 2332 25 -1.9082 0.9670 -18.8473 -1.9850 0.9376 -19.0297 0.1800 0.2000 0.4314 0.3922 0.1961 27.1554 2.0000 
2332 2333 25 -1.9850 0.9376 -19.0297 -2.0302 0.8721 -19.2131 0.1800 0.2000 0.4314 0.3922 0.1961 27.2515 2.0000 
2333 2334 25 -2.0302 0.8721 -19.2131 -2.0693 0.8105 -19.3993 0.1800 0.2000 0.4314 0.3922 0.1961 27.3480 2.0000 
2334 2335 25 -2.0693 0.8105 -19.3993 -2.0702 0.6970 -19.5640 0.1800 0.2000 0.4314 0.3922 0.1961 27.4450 2.0000 
2335 2336 25 -2.0702 0.6970 -19.5640 -2.0692 0.5775 -19.7244 0.1800 0.2000 0.4314 0.3922 0.1961 27.5426 2.0000 
2336 2337 25 -2.0692 0.5775 -19.7244 -2.0832 0.4638 -19.8883 0.1800 0.2000 0.4314 0.3922 0.1961 27.6406 2.0000 
2337 2338 25 -2.0832 0.4638 -19.8883 -2.1228 0.3545 -20.0511 0.1800 0.2000 0.4314 0.3922 0.1961 27.7392 2.0000 
2338 2339 25 -2.1228 0.3545 -20.0511 -2.1487 0.2536 -20.2218 0.1800 0.2000 0.4314 0.3922 0.1961 27.8383 2.0000 
2339 2340 25 -2.1487 0.2536 -20.2218 -2.1662 0.1511 -20.3927 0.1800 0.2000 0.4314 0.3922 0.1961 27.9379 2.0000 
2340 2341 25 -2.1662 0.1511 -20.3927 -2.1919 0.0675 -20.5725 0.1800 0.2000 0.4314 0.3922 0.1961 28.0381 2.0000 
2341 2342 25 -2.1919 0.0675 -20.5725 -2.2145 -0.0156 -20.7530 0.1800 0.2000 0.4314 0.3922 0.1961 28.1388 2.0000 
2342 2343 25 -2.2145 -0.0156 -20.7530 -2.2365 -0.0985 -20.9337 0.1800 0.2000 0.4314 0.3922 0.1961 28.2400 2.0000 
2343 2344 25 -2.2365 -0.0985 -20.9337 -2.2564 -0.1806 -21.1150 0.1800 0.2000 0.4314 0.3922 0.1961 28.3419 2.0000 
2344 2345 25 -2.2564 -0.1806 -21.1150 -2.2707 -0.2686 -21.2940 0.1800 0.2000 0.4314 0.3922 0.1961 28.4442 2.0000 
2345 2346 25 -2.2707 -0.2686 -21.2940 -2.2842 -0.3328 -21.4830 0.1800 0.2000 0.4314 0.3922 0.1961 28.5472 2.0000 
2346 2347 25 -2.2842 -0.3328 -21.4830 -2.2832 -0.3756 -21.6783 0.1800 0.2000 0.4314 0.3922 0.1961 28.6507 2.0000 
2347 2348 25 -2.2832 -0.3756 -21.6783 -2.2548 -0.4116 -21.8730 0.1800 0.2000 0.4314 0.3922 0.1961 28.7548 2.0000 
2348 2349 25 -2.2548 -0.4116 -21.8730 -2.2447 -0.4513 -22.0687 0.1800 0.2000 0.4314 0.3922 0.1961 28.8595 2.0000 
2349 2350 25 -2.2447 -0.4513 -22.0687 -2.2383 -0.4798 -22.2666 0.1800 0.2000 0.4314 0.3922 0.1961 28.9647 2.0000 
2350 2351 25 -2.2383 -0.4798 -22.2666 -2.2012 -0.5181 -22.4593 0.1800 0.2000 0.4314 0.3922 0.1961 29.0706 2.0000 
2351 2352 25 -2.2012 -0.5181 -22.4593 -2.1508 -0.5814 -22.6422 0.1800 0.2000 0.4314 0.3922 0.1961 29.1771 2.0000 
2352 2353 25 -2.1508 -0.5814 -22.6422 -2.1302 -0.6289 -22.8354 0.1800 0.2000 0.4314 0.3922 0.1961 29.2842 2.0000 
2353 2354 25 -2.1302 -0.6289 -22.8354 -2.1544 -0.6694 -23.0298 0.1800 0.2000 0.4314 0.3922 0.1961 29.3919 2.0000 
2354 2355 25 -2.1544 -0.6694 -23.0298 -2.1529 -0.6903 -23.2287 0.1800 0.2000 0.4314 0.3922 0.1961 29.5002 2.0000 
2355 2356 25 -2.1529 -0.6903 -23.2287 -2.1635 -0.7152 -23.4269 0.1800 0.2000 0.4314 0.3922 0.1961 29.6092 2.0000 
2356 2357 25 -2.1635 -0.7152 -23.4269 -2.1764 -0.7380 -23.6251 0.1800 0.2000 0.4314 0.3922 0.1961 29.7188 2.0000 
2357 2358 25 -2.1764 -0.7380 -23.6251 -2.2051 -0.7570 -23.8221 0.1800 0.2000 0.4314 0.3922 0.1961 29.8291 2.0000 
2358 2359 25 -2.2051 -0.7570 -23.8221 -2.2340 -0.7744 -24.0193 0.1800 0.2000 0.4314 0.3922 0.1961 29.9400 2.0000 
2359 2360 25 -2.2340 -0.7744 -24.0193 -2.2415 -0.7858 -24.1260 0.1800 0.1076 0.4314 0.3922 0.1961 30.0000 2.0000 
35 2361 26 0.1373 -0.0357 -8.0511 0.0388 0.1089 -8.1479 0.1800 0.2000 0.4314 0.3922 0.1961 22.6173 2.0000 
2361 2362 26 0.0388 0.1089 -8.1479 -0.0489 0.2455 -8.2649 0.1800 0.2000 0.4314 0.3922 0.1961 22.7408 2.0000 
2362 2363 26 -0.0489 0.2455 -8.2649 -0.1394 0.3829 -8.3784 0.1800 0.2000 0.4314 0.3922 0.1961 22.8647 2.0000 
2363 2364 26 -0.1394 0.3829 -8.3784 -0.2208 0.5346 -8.4803 0.1800 0.2000 0.4314 0.3922 0.1961 22.9892 2.0000 
2364 2365 26 -0.2208 0.5346 -8.4803 -0.3038 0.6632 -8.6090 0.1800 0.2000 0.4314 0.3922 0.1961 23.1142 2.0000 
2365 2366 26 -0.3038 0.6632 -8.6090 -0.4006 0.7906 -8.7291 0.1800 0.2000 0.4314 0.3922 0.1961 23.2397 2.0000 
2366 2367 26 -0.4006 0.7906 -8.7291 -0.5034 0.9039 -8.8578 0.1800 0.2000 0.4314 0.3922 0.1961 23.3657 2.0000 
2367 2368 26 -0.5034 0.9039 -8.8578 -0.6058 1.0160 -8.9881 0.1800 0.2000 0.4314 0.3922 0.1961 23.4921 2.0000 
2368 2369 26 -0.6058 1.0160 -8.9881 -0.7206 1.1010 -9.1280 0.1800 0.2000 0.4314 0.3922 0.1961 23.6191 2.0000 
2369 2370 26 -0.7206 1.1010 -9.1280 -0.8283 1.1933 -9.2691 0.1800 0.2000 0.4314 0.3922 0.1961 23.7466 2.0000 
2370 2371 26 -0.8283 1.1933 -9.2691 -0.8771 1.2856 -9.4396 0.1800 0.2000 0.4314 0.3922 0.1961 23.8747 2.0000 
2371 2372 26 -0.8771 1.2856 -9.4396 -0.9289 1.3796 -9.6084 0.1800 0.2000 0.4314 0.3922 0.1961 24.0032 2.0000 
2372 2373 26 -0.9289 1.3796 -9.6084 -0.9711 1.4781 -9.7773 0.1800 0.2000 0.4314 0.3922 0.1961 24.1323 2.0000 
2373 2374 26 -0.9711 1.4781 -9.7773 -1.0000 1.5869 -9.9426 0.1800 0.2000 0.4314 0.3922 0.1961 24.2619 2.0000 
2374 2375 26 -1.0000 1.5869 -9.9426 -1.0289 1.6960 -10.1077 0.1800 0.2000 0.4314 0.3922 0.1961 24.3921 2.0000 
2375 2376 26 -1.0289 1.6960 -10.1077 -1.0698 1.7942 -10.2771 0.1800 0.2000 0.4314 0.3922 0.1961 24.5228 2.0000 
2376 2377 26 -1.0698 1.7942 -10.2771 -1.1614 1.8651 -10.4401 0.1800 0.2000 0.4314 0.3922 0.1961 24.6540 2.0000 
2377 2378 26 -1.1614 1.8651 -10.4401 -1.2559 1.9244 -10.6061 0.1800 0.2000 0.4314 0.3922 0.1961 24.7858 2.0000 
2378 2379 26 -1.2559 1.9244 -10.6061 -1.3197 1.9756 -10.7886 0.1800 0.2000 0.4314 0.3922 0.1961 24.9181 2.0000 
2379 2380 26 -1.3197 1.9756 -10.7886 -1.4067 2.0316 -10.9598 0.1800 0.2000 0.4314 0.3922 0.1961 25.0510 2.0000 
2380 2381 26 -1.4067 2.0316 -10.9598 -1.4864 2.0553 -11.1417 0.1800 0.2000 0.4314 0.3922 0.1961 25.1845 2.0000 
2381 2382 26 -1.4864 2.0553 -11.1417 -1.5746 2.0936 -11.3171 0.1800 0.2000 0.4314 0.3922 0.1961 25.3185 2.0000 
2382 2383 26 -1.5746 2.0936 -11.3171 -1.6604 2.1290 -11.4942 0.1800 0.2000 0.4314 0.3922 0.1961 25.4531 2.0000 
2383 2384 26 -1.6604 2.1290 -11.4942 -1.7511 2.1502 -11.6712 0.1800 0.2000 0.4314 0.3922 0.1961 25.5883 2.0000 
2384 2385 26 -1.7511 2.1502 -11.6712 -1.8401 2.1809 -11.8477 0.1800 0.2000 0.4314 0.3922 0.1961 25.7241 2.0000 
2385 2386 26 -1.8401 2.1809 -11.8477 -1.8795 2.2178 -12.0402 0.1800 0.2000 0.4314 0.3922 0.1961 25.8605 2.0000 
2386 2387 26 -1.8795 2.2178 -12.0402 -1.9065 2.2629 -12.2332 0.1800 0.2000 0.4314 0.3922 0.1961 25.9974 2.0000 
2387 2388 26 -1.9065 2.2629 -12.2332 -1.9287 2.3101 -12.4263 0.1800 0.2000 0.4314 0.3922 0.1961 26.1350 2.0000 
2388 2389 26 -1.9287 2.3101 -12.4263 -1.9585 2.3558 -12.6187 0.1800 0.2000 0.4314 0.3922 0.1961 26.2731 2.0000 
2389 2390 26 -1.9585 2.3558 -12.6187 -1.9895 2.4044 -12.8102 0.1800 0.2000 0.4314 0.3922 0.1961 26.4119 2.0000 
2390 2391 26 -1.9895 2.4044 -12.8102 -2.0245 2.4449 -13.0029 0.1800 0.2000 0.4314 0.3922 0.1961 26.5513 2.0000 
2391 2392 26 -2.0245 2.4449 -13.0029 -2.0397 2.4477 -13.2023 0.1800 0.2000 0.4314 0.3922 0.1961 26.6913 2.0000 
2392 2393 26 -2.0397 2.4477 -13.2023 -2.0318 2.4410 -13.4021 0.1800 0.2000 0.4314 0.3922 0.1961 26.8319 2.0000 
2393 2394 26 -2.0318 2.4410 -13.4021 -2.0217 2.4166 -13.6003 0.1800 0.2000 0.4314 0.3922 0.1961 26.9732 2.0000 
2394 2395 26 -2.0217 2.4166 -13.6003 -2.0191 2.4000 -13.7996 0.1800 0.2000 0.4314 0.3922 0.1961 27.1151 2.0000 
2395 2396 26 -2.0191 2.4000 -13.7996 -1.9988 2.4340 -13.9956 0.1800 0.2000 0.4314 0.3922 0.1961 27.2576 2.0000 
2396 2397 26 -1.9988 2.4340 -13.9956 -1.9786 2.4685 -14.1916 0.1800 0.2000 0.4314 0.3922 0.1961 27.4008 2.0000 
2397 2398 26 -1.9786 2.4685 -14.1916 -1.9602 2.5016 -14.3880 0.1800 0.2000 0.4314 0.3922 0.1961 27.5447 2.0000 
2398 2399 26 -1.9602 2.5016 -14.3880 -1.9377 2.5491 -14.5809 0.1800 0.2000 0.4314 0.3922 0.1961 27.6892 2.0000 
2399 2400 26 -1.9377 2.5491 -14.5809 -1.9203 2.5885 -14.7763 0.1800 0.2000 0.4314 0.3922 0.1961 27.8344 2.0000 
2400 2401 26 -1.9203 2.5885 -14.7763 -1.8991 2.6286 -14.9710 0.1800 0.2000 0.4314 0.3922 0.1961 27.9802 2.0000 
2401 2402 26 -1.8991 2.6286 -14.9710 -1.8183 2.6975 -15.1405 0.1800 0.2000 0.4314 0.3922 0.1961 28.1268 2.0000 
2402 2403 26 -1.8183 2.6975 -15.1405 -1.7444 2.7718 -15.3109 0.1800 0.2000 0.4314 0.3922 0.1961 28.2740 2.0000 
2403 2404 26 -1.7444 2.7718 -15.3109 -1.6988 2.8902 -15.4654 0.1800 0.2000 0.4314 0.3922 0.1961 28.4219 2.0000 
2404 2405 26 -1.6988 2.8902 -15.4654 -1.6720 3.0336 -15.6023 0.1800 0.2000 0.4314 0.3922 0.1961 28.5705 2.0000 
2405 2406 26 -1.6720 3.0336 -15.6023 -1.6295 3.1724 -15.7399 0.1800 0.2000 0.4314 0.3922 0.1961 28.7198 2.0000 
2406 2407 26 -1.6295 3.1724 -15.7399 -1.5935 3.3117 -15.8788 0.1800 0.2000 0.4314 0.3922 0.1961 28.8699 2.0000 
2407 2408 26 -1.5935 3.3117 -15.8788 -1.5462 3.4516 -16.0136 0.1800 0.2000 0.4314 0.3922 0.1961 29.0206 2.0000 
2408 2409 26 -1.5462 3.4516 -16.0136 -1.5033 3.5278 -16.1935 0.1800 0.2000 0.4314 0.3922 0.1961 29.1721 2.0000 
2409 2410 26 -1.5033 3.5278 -16.1935 -1.4443 3.5891 -16.3745 0.1800 0.2000 0.4314 0.3922 0.1961 29.3243 2.0000 
2410 2411 26 -1.4443 3.5891 -16.3745 -1.3894 3.6519 -16.5563 0.1800 0.2000 0.4314 0.3922 0.1961 29.4773 2.0000 
2411 2412 26 -1.3894 3.6519 -16.5563 -1.3300 3.7116 -16.7377 0.1800 0.2000 0.4314 0.3922 0.1961 29.6310 2.0000 
2412 2413 26 -1.3300 3.7116 -16.7377 -1.3494 3.7933 -16.9192 0.1800 0.2000 0.4314 0.3922 0.1961 29.7854 2.0000 
2413 2414 26 -1.3494 3.7933 -16.9192 -1.3817 3.8933 -17.0894 0.1800 0.2000 0.4314 0.3922 0.1961 29.9406 2.0000 
2414 2415 26 -1.3817 3.8933 -17.0894 -1.3913 3.9224 -17.1592 0.1800 0.0762 0.4314 0.3922 0.1961 30.0000 2.0000 
37 2416 27 0.1266 -0.0284 -8.2716 0.0599 -0.2033 -8.3421 0.1800 0.2000 0.4314 0.3922 0.1961 22.8932 2.0000 
2416 2417 27 0.0599 -0.2033 -8.3421 0.0436 -0.3896 -8.4131 0.1800 0.2000 0.4314 0.3922 0.1961 22.9970 2.0000 
2417 2418 27 0.0436 -0.3896 -8.4131 0.0339 -0.5760 -8.4849 0.1800 0.2000 0.4314 0.3922 0.1961 23.1011 2.0000 
2418 2419 27 0.0339 -0.5760 -8.4849 0.0269 -0.7503 -8.5827 0.1800 0.2000 0.4314 0.3922 0.1961 23.2056 2.0000 
2419 2420 27 0.0269 -0.7503 -8.5827 0.0386 -0.9107 -8.7016 0.1800 0.2000 0.4314 0.3922 0.1961 23.3105 2.0000 
2420 2421 27 0.0386 -0.9107 -8.7016 0.0263 -1.0672 -8.8255 0.1800 0.2000 0.4314 0.3922 0.1961 23.4159 2.0000 
2421 2422 27 0.0263 -1.0672 -8.8255 0.0317 -1.2219 -8.9521 0.1800 0.2000 0.4314 0.3922 0.1961 23.5217 2.0000 
2422 2423 27 0.0317 -1.2219 -8.9521 0.0386 -1.3804 -9.0739 0.1800 0.2000 0.4314 0.3922 0.1961 23.6279 2.0000 
2423 2424 27 0.0386 -1.3804 -9.0739 0.0410 -1.5363 -9.1992 0.1800 0.2000 0.4314 0.3922 0.1961 23.7346 2.0000 
2424 2425 27 0.0410 -1.5363 -9.1992 0.0435 -1.6993 -9.3150 0.1800 0.2000 0.4314 0.3922 0.1961 23.8416 2.0000 
2425 2426 27 0.0435 -1.6993 -9.3150 0.0651 -1.8547 -9.4391 0.1800 0.2000 0.4314 0.3922 0.1961 23.9491 2.0000 
2426 2427 27 0.0651 -1.8547 -9.4391 0.1151 -2.0279 -9.5257 0.1800 0.2000 0.4314 0.3922 0.1961 24.0571 2.0000 
2427 2428 27 0.1151 -2.0279 -9.5257 0.0950 -2.1901 -9.6409 0.1800 0.2000 0.4314 0.3922 0.1961 24.1655 2.0000 
2428 2429 27 0.0950 -2.1901 -9.6409 0.1169 -2.3588 -9.7461 0.1800 0.2000 0.4314 0.3922 0.1961 24.2743 2.0000 
2429 2430 27 0.1169 -2.3588 -9.7461 0.1319 -2.5302 -9.8481 0.1800 0.2000 0.4314 0.3922 0.1961 24.3836 2.0000 
2430 2431 27 0.1319 -2.5302 -9.8481 0.1386 -2.6655 -9.9952 0.1800 0.2000 0.4314 0.3922 0.1961 24.4934 2.0000 
2431 2432 27 0.1386 -2.6655 -9.9952 0.1425 -2.7900 -10.1517 0.1800 0.2000 0.4314 0.3922 0.1961 24.6036 2.0000 
2432 2433 27 0.1425 -2.7900 -10.1517 0.1461 -2.9130 -10.3093 0.1800 0.2000 0.4314 0.3922 0.1961 24.7142 2.0000 
2433 2434 27 0.1461 -2.9130 -10.3093 0.1451 -3.0344 -10.4683 0.1800 0.2000 0.4314 0.3922 0.1961 24.8254 2.0000 
2434 2435 27 0.1451 -3.0344 -10.4683 0.1406 -3.1413 -10.6373 0.1800 0.2000 0.4314 0.3922 0.1961 24.9370 2.0000 
2435 2436 27 0.1406 -3.1413 -10.6373 0.1392 -3.2306 -10.8162 0.1800 0.2000 0.4314 0.3922 0.1961 25.0490 2.0000 
2436 2437 27 0.1392 -3.2306 -10.8162 0.0918 -3.3039 -10.9962 0.1800 0.2000 0.4314 0.3922 0.1961 25.1616 2.0000 
2437 2438 27 0.0918 -3.3039 -10.9962 0.0540 -3.3764 -11.1787 0.1800 0.2000 0.4314 0.3922 0.1961 25.2746 2.0000 
2438 2439 27 0.0540 -3.3764 -11.1787 0.0266 -3.4502 -11.3626 0.1800 0.2000 0.4314 0.3922 0.1961 25.3882 2.0000 
2439 2440 27 0.0266 -3.4502 -11.3626 -0.0016 -3.5235 -11.5465 0.1800 0.2000 0.4314 0.3922 0.1961 25.5022 2.0000 
2440 2441 27 -0.0016 -3.5235 -11.5465 0.0111 -3.6067 -11.7279 0.1800 0.2000 0.4314 0.3922 0.1961 25.6167 2.0000 
2441 2442 27 0.0111 -3.6067 -11.7279 0.0140 -3.6765 -11.9153 0.1800 0.2000 0.4314 0.3922 0.1961 25.7317 2.0000 
2442 2443 27 0.0140 -3.6765 -11.9153 0.0267 -3.7379 -12.1052 0.1800 0.2000 0.4314 0.3922 0.1961 25.8472 2.0000 
2443 2444 27 0.0267 -3.7379 -12.1052 0.0485 -3.7973 -12.2950 0.1800 0.2000 0.4314 0.3922 0.1961 25.9632 2.0000 
2444 2445 27 0.0485 -3.7973 -12.2950 0.0450 -3.8594 -12.4851 0.1800 0.2000 0.4314 0.3922 0.1961 26.0797 2.0000 
2445 2446 27 0.0450 -3.8594 -12.4851 0.0452 -3.9265 -12.6734 0.1800 0.2000 0.4314 0.3922 0.1961 26.1968 2.0000 
2446 2447 27 0.0452 -3.9265 -12.6734 0.0584 -3.9849 -12.8643 0.1800 0.2000 0.4314 0.3922 0.1961 26.3144 2.0000 
2447 2448 27 0.0584 -3.9849 -12.8643 0.0806 -4.0418 -13.0547 0.1800 0.2000 0.4314 0.3922 0.1961 26.4324 2.0000 
2448 2449 27 0.0806 -4.0418 -13.0547 0.1304 -4.0501 -13.2482 0.1800 0.2000 0.4314 0.3922 0.1961 26.5511 2.0000 
2449 2450 27 0.1304 -4.0501 -13.2482 0.1891 -4.0723 -13.4382 0.1800 0.2000 0.4314 0.3922 0.1961 26.6702 2.0000 
2450 2451 27 0.1891 -4.0723 -13.4382 0.2377 -4.1340 -13.6221 0.1800 0.2000 0.4314 0.3922 0.1961 26.7899 2.0000 
2451 2452 27 0.2377 -4.1340 -13.6221 0.3019 -4.1592 -13.8098 0.1800 0.2000 0.4314 0.3922 0.1961 26.9102 2.0000 
2452 2453 27 0.3019 -4.1592 -13.8098 0.3468 -4.1998 -14.0004 0.1800 0.2000 0.4314 0.3922 0.1961 27.0310 2.0000 
2453 2454 27 0.3468 -4.1998 -14.0004 0.4187 -4.2182 -14.1862 0.1800 0.2000 0.4314 0.3922 0.1961 27.1523 2.0000 
2454 2455 27 0.4187 -4.2182 -14.1862 0.4873 -4.2368 -14.3731 0.1800 0.2000 0.4314 0.3922 0.1961 27.2742 2.0000 
2455 2456 27 0.4873 -4.2368 -14.3731 0.5515 -4.2511 -14.5620 0.1800 0.2000 0.4314 0.3922 0.1961 27.3967 2.0000 
2456 2457 27 0.5515 -4.2511 -14.5620 0.6576 -4.3182 -14.7176 0.1800 0.2000 0.4314 0.3922 0.1961 27.5198 2.0000 
2457 2458 27 0.6576 -4.3182 -14.7176 0.7723 -4.3785 -14.8700 0.1800 0.2000 0.4314 0.3922 0.1961 27.6434 2.0000 
2458 2459 27 0.7723 -4.3785 -14.8700 0.8560 -4.4248 -15.0456 0.1800 0.2000 0.4314 0.3922 0.1961 27.7676 2.0000 
2459 2460 27 0.8560 -4.4248 -15.0456 0.8674 -4.4410 -15.2447 0.1800 0.2000 0.4314 0.3922 0.1961 27.8924 2.0000 
2460 2461 27 0.8674 -4.4410 -15.2447 0.8803 -4.4627 -15.4431 0.1800 0.2000 0.4314 0.3922 0.1961 28.0178 2.0000 
2461 2462 27 0.8803 -4.4627 -15.4431 0.8954 -4.4873 -15.6410 0.1800 0.2000 0.4314 0.3922 0.1961 28.1438 2.0000 
2462 2463 27 0.8954 -4.4873 -15.6410 0.8997 -4.5443 -15.8326 0.1800 0.2000 0.4314 0.3922 0.1961 28.2703 2.0000 
2463 2464 27 0.8997 -4.5443 -15.8326 0.8730 -4.6011 -16.0225 0.1800 0.2000 0.4314 0.3922 0.1961 28.3975 2.0000 
2464 2465 27 0.8730 -4.6011 -16.0225 0.8493 -4.6463 -16.2159 0.1800 0.2000 0.4314 0.3922 0.1961 28.5254 2.0000 
2465 2466 27 0.8493 -4.6463 -16.2159 0.8655 -4.6654 -16.4143 0.1800 0.2000 0.4314 0.3922 0.1961 28.6538 2.0000 
2466 2467 27 0.8655 -4.6654 -16.4143 0.8140 -4.6417 -16.6061 0.1800 0.2000 0.4314 0.3922 0.1961 28.7829 2.0000 
2467 2468 27 0.8140 -4.6417 -16.6061 0.7596 -4.6169 -16.7970 0.1800 0.2000 0.4314 0.3922 0.1961 28.9126 2.0000 
2468 2469 27 0.7596 -4.6169 -16.7970 0.7059 -4.5896 -16.9877 0.1800 0.2000 0.4314 0.3922 0.1961 29.0429 2.0000 
2469 2470 27 0.7059 -4.5896 -16.9877 0.6526 -4.5624 -17.1785 0.1800 0.2000 0.4314 0.3922 0.1961 29.1739 2.0000 
2470 2471 27 0.6526 -4.5624 -17.1785 0.5687 -4.5402 -17.3588 0.1800 0.2000 0.4314 0.3922 0.1961 29.3055 2.0000 
2471 2472 27 0.5687 -4.5402 -17.3588 0.5315 -4.5116 -17.5532 0.1800 0.2000 0.4314 0.3922 0.1961 29.4378 2.0000 
2472 2473 27 0.5315 -4.5116 -17.5532 0.5115 -4.4980 -17.7517 0.1800 0.2000 0.4314 0.3922 0.1961 29.5708 2.0000 
2473 2474 27 0.5115 -4.4980 -17.7517 0.4949 -4.4946 -17.9510 0.1800 0.2000 0.4314 0.3922 0.1961 29.7044 2.0000 
2474 2475 27 0.4949 -4.4946 -17.9510 0.5233 -4.5050 -18.1487 0.1800 0.2000 0.4314 0.3922 0.1961 29.8388 2.0000 
2475 2476 27 0.5233 -4.5050 -18.1487 0.5468 -4.4941 -18.3470 0.1800 0.2000 0.4314 0.3922 0.1961 29.9738 2.0000 
2476 2477 27 0.5468 -4.4941 -18.3470 0.5515 -4.4920 -18.3854 0.1800 0.0387 0.4314 0.3922 0.1961 30.0000 2.0000 
38 2478 28 0.1298 -0.0276 -8.4163 0.1139 -0.1799 -8.5449 0.1800 0.2000 0.4314 0.3922 0.1961 23.1273 2.0000 
2478 2479 28 0.1139 -0.1799 -8.5449 0.0714 -0.3201 -8.6810 0.1800 0.2000 0.4314 0.3922 0.1961 23.2703 2.0000 
2479 2480 28 0.0714 -0.3201 -8.6810 0.0344 -0.4605 -8.8186 0.1800 0.2000 0.4314 0.3922 0.1961 23.4139 2.0000 
2480 2481 28 0.0344 -0.4605 -8.8186 -0.0037 -0.5996 -8.9572 0.1800 0.2000 0.4314 0.3922 0.1961 23.5581 2.0000 
2481 2482 28 -0.0037 -0.5996 -8.9572 -0.0573 -0.6971 -9.1234 0.1800 0.2000 0.4314 0.3922 0.1961 23.7028 2.0000 
2482 2483 28 -0.0573 -0.6971 -9.1234 -0.1347 -0.7684 -9.2934 0.1800 0.2000 0.4314 0.3922 0.1961 23.8482 2.0000 
2483 2484 28 -0.1347 -0.7684 -9.2934 -0.2062 -0.8409 -9.4656 0.1800 0.2000 0.4314 0.3922 0.1961 23.9941 2.0000 
2484 2485 28 -0.2062 -0.8409 -9.4656 -0.2676 -0.8939 -9.6484 0.1800 0.2000 0.4314 0.3922 0.1961 24.1406 2.0000 
2485 2486 28 -0.2676 -0.8939 -9.6484 -0.3424 -0.9073 -9.8334 0.1800 0.2000 0.4314 0.3922 0.1961 24.2876 2.0000 
2486 2487 28 -0.3424 -0.9073 -9.8334 -0.4155 -0.9192 -10.0192 0.1800 0.2000 0.4314 0.3922 0.1961 24.4353 2.0000 
2487 2488 28 -0.4155 -0.9192 -10.0192 -0.4739 -0.9022 -10.2097 0.1800 0.2000 0.4314 0.3922 0.1961 24.5836 2.0000 
2488 2489 28 -0.4739 -0.9022 -10.2097 -0.4844 -0.8916 -10.4092 0.1800 0.2000 0.4314 0.3922 0.1961 24.7325 2.0000 
2489 2490 28 -0.4844 -0.8916 -10.4092 -0.4802 -0.9058 -10.6086 0.1800 0.2000 0.4314 0.3922 0.1961 24.8820 2.0000 
2490 2491 28 -0.4802 -0.9058 -10.6086 -0.4763 -0.9185 -10.8082 0.1800 0.2000 0.4314 0.3922 0.1961 25.0321 2.0000 
2491 2492 28 -0.4763 -0.9185 -10.8082 -0.4783 -0.9225 -11.0081 0.1800 0.2000 0.4314 0.3922 0.1961 25.1829 2.0000 
2492 2493 28 -0.4783 -0.9225 -11.0081 -0.5131 -0.9315 -11.2049 0.1800 0.2000 0.4314 0.3922 0.1961 25.3342 2.0000 
2493 2494 28 -0.5131 -0.9315 -11.2049 -0.5368 -0.9422 -11.4032 0.1800 0.2000 0.4314 0.3922 0.1961 25.4862 2.0000 
2494 2495 28 -0.5368 -0.9422 -11.4032 -0.5716 -0.9514 -11.5999 0.1800 0.2000 0.4314 0.3922 0.1961 25.6389 2.0000 
2495 2496 28 -0.5716 -0.9514 -11.5999 -0.6211 -0.9563 -11.7936 0.1800 0.2000 0.4314 0.3922 0.1961 25.7921 2.0000 
2496 2497 28 -0.6211 -0.9563 -11.7936 -0.6217 -1.0050 -11.9876 0.1800 0.2000 0.4314 0.3922 0.1961 25.9461 2.0000 
2497 2498 28 -0.6217 -1.0050 -11.9876 -0.6228 -1.0533 -12.1817 0.1800 0.2000 0.4314 0.3922 0.1961 26.1007 2.0000 
2498 2499 28 -0.6228 -1.0533 -12.1817 -0.6379 -1.0946 -12.3768 0.1800 0.2000 0.4314 0.3922 0.1961 26.2559 2.0000 
2499 2500 28 -0.6379 -1.0946 -12.3768 -0.6557 -1.1396 -12.5708 0.1800 0.2000 0.4314 0.3922 0.1961 26.4118 2.0000 
2500 2501 28 -0.6557 -1.1396 -12.5708 -0.6703 -1.1864 -12.7647 0.1800 0.2000 0.4314 0.3922 0.1961 26.5684 2.0000 
2501 2502 28 -0.6703 -1.1864 -12.7647 -0.6584 -1.2299 -12.9596 0.1800 0.2000 0.4314 0.3922 0.1961 26.7256 2.0000 
2502 2503 28 -0.6584 -1.2299 -12.9596 -0.6242 -1.2969 -13.1449 0.1800 0.2000 0.4314 0.3922 0.1961 26.8836 2.0000 
2503 2504 28 -0.6242 -1.2969 -13.1449 -0.5834 -1.3064 -13.3405 0.1800 0.2000 0.4314 0.3922 0.1961 27.0422 2.0000 
2504 2505 28 -0.5834 -1.3064 -13.3405 -0.5461 -1.2798 -13.5352 0.1800 0.2000 0.4314 0.3922 0.1961 27.2015 2.0000 
2505 2506 28 -0.5461 -1.2798 -13.5352 -0.5086 -1.3076 -13.7296 0.1800 0.2000 0.4314 0.3922 0.1961 27.3615 2.0000 
2506 2507 28 -0.5086 -1.3076 -13.7296 -0.4863 -1.3392 -13.9259 0.1800 0.2000 0.4314 0.3922 0.1961 27.5222 2.0000 
2507 2508 28 -0.4863 -1.3392 -13.9259 -0.4517 -1.3843 -14.1176 0.1800 0.2000 0.4314 0.3922 0.1961 27.6837 2.0000 
2508 2509 28 -0.4517 -1.3843 -14.1176 -0.4203 -1.4237 -14.3111 0.1800 0.2000 0.4314 0.3922 0.1961 27.8458 2.0000 
2509 2510 28 -0.4203 -1.4237 -14.3111 -0.3891 -1.4636 -14.5047 0.1800 0.2000 0.4314 0.3922 0.1961 28.0087 2.0000 
2510 2511 28 -0.3891 -1.4636 -14.5047 -0.3418 -1.4831 -14.6980 0.1800 0.2000 0.4314 0.3922 0.1961 28.1723 2.0000 
2511 2512 28 -0.3418 -1.4831 -14.6980 -0.2840 -1.5389 -14.8811 0.1800 0.2000 0.4314 0.3922 0.1961 28.3367 2.0000 
2512 2513 28 -0.2840 -1.5389 -14.8811 -0.1984 -1.6294 -15.0376 0.1800 0.2000 0.4314 0.3922 0.1961 28.5018 2.0000 
2513 2514 28 -0.1984 -1.6294 -15.0376 -0.1120 -1.7238 -15.1913 0.1800 0.2000 0.4314 0.3922 0.1961 28.6676 2.0000 
2514 2515 28 -0.1120 -1.7238 -15.1913 -0.0301 -1.7948 -15.3594 0.1800 0.2000 0.4314 0.3922 0.1961 28.8342 2.0000 
2515 2516 28 -0.0301 -1.7948 -15.3594 0.0523 -1.8688 -15.5259 0.1800 0.2000 0.4314 0.3922 0.1961 29.0016 2.0000 
2516 2517 28 0.0523 -1.8688 -15.5259 0.1352 -1.9488 -15.6894 0.1800 0.2000 0.4314 0.3922 0.1961 29.1698 2.0000 
2517 2518 28 0.1352 -1.9488 -15.6894 0.2181 -2.0304 -15.8521 0.1800 0.2000 0.4314 0.3922 0.1961 29.3387 2.0000 
2518 2519 28 0.2181 -2.0304 -15.8521 0.3080 -2.0882 -16.0212 0.1800 0.2000 0.4314 0.3922 0.1961 29.5084 2.0000 
2519 2520 28 0.3080 -2.0882 -16.0212 0.3916 -2.1597 -16.1882 0.1800 0.2000 0.4314 0.3922 0.1961 29.6789 2.0000 
2520 2521 28 0.3916 -2.1597 -16.1882 0.4741 -2.2348 -16.3542 0.1800 0.2000 0.4314 0.3922 0.1961 29.8502 2.0000 
2521 2522 28 0.4741 -2.2348 -16.3542 0.5703 -2.3129 -16.4765 0.1800 0.1741 0.4314 0.3922 0.1961 30.0000 2.0000 
40 2523 29 0.1247 -0.0368 -8.6240 0.2316 -0.1942 -8.6854 0.1800 0.2000 0.4314 0.3922 0.1961 23.4465 2.0000 
2523 2524 29 0.2316 -0.1942 -8.6854 0.3330 -0.3622 -8.7243 0.1800 0.2000 0.4314 0.3922 0.1961 23.6272 2.0000 
2524 2525 29 0.3330 -0.3622 -8.7243 0.4216 -0.5277 -8.7932 0.1800 0.2000 0.4314 0.3922 0.1961 23.8087 2.0000 
2525 2526 29 0.4216 -0.5277 -8.7932 0.4878 -0.6914 -8.8871 0.1800 0.2000 0.4314 0.3922 0.1961 23.9909 2.0000 
2526 2527 29 0.4878 -0.6914 -8.8871 0.5608 -0.8564 -8.9733 0.1800 0.2000 0.4314 0.3922 0.1961 24.1738 2.0000 
2527 2528 29 0.5608 -0.8564 -8.9733 0.6393 -1.0234 -9.0505 0.1800 0.2000 0.4314 0.3922 0.1961 24.3574 2.0000 
2528 2529 29 0.6393 -1.0234 -9.0505 0.7219 -1.1876 -9.1293 0.1800 0.2000 0.4314 0.3922 0.1961 24.5418 2.0000 
2529 2530 29 0.7219 -1.1876 -9.1293 0.7950 -1.3470 -9.2256 0.1800 0.2000 0.4314 0.3922 0.1961 24.7269 2.0000 
2530 2531 29 0.7950 -1.3470 -9.2256 0.8472 -1.4789 -9.3665 0.1800 0.2000 0.4314 0.3922 0.1961 24.9127 2.0000 
2531 2532 29 0.8472 -1.4789 -9.3665 0.9091 -1.6097 -9.5046 0.1800 0.2000 0.4314 0.3922 0.1961 25.0993 2.0000 
2532 2533 29 0.9091 -1.6097 -9.5046 1.0026 -1.7309 -9.6332 0.1800 0.2000 0.4314 0.3922 0.1961 25.2867 2.0000 
2533 2534 29 1.0026 -1.7309 -9.6332 1.1143 -1.8192 -9.7737 0.1800 0.2000 0.4314 0.3922 0.1961 25.4749 2.0000 
2534 2535 29 1.1143 -1.8192 -9.7737 1.2074 -1.8926 -9.9348 0.1800 0.2000 0.4314 0.3922 0.1961 25.6638 2.0000 
2535 2536 29 1.2074 -1.8926 -9.9348 1.2974 -1.9595 -10.1004 0.1800 0.2000 0.4314 0.3922 0.1961 25.8535 2.0000 
2536 2537 29 1.2974 -1.9595 -10.1004 1.3793 -2.0638 -10.2501 0.1800 0.2000 0.4314 0.3922 0.1961 26.0439 2.0000 
2537 2538 29 1.3793 -2.0638 -10.2501 1.4461 -2.1580 -10.4134 0.1800 0.2000 0.4314 0.3922 0.1961 26.2352 2.0000 
2538 2539 29 1.4461 -2.1580 -10.4134 1.5136 -2.2508 -10.5773 0.1800 0.2000 0.4314 0.3922 0.1961 26.4273 2.0000 
2539 2540 29 1.5136 -2.2508 -10.5773 1.5871 -2.3359 -10.7426 0.1800 0.2000 0.4314 0.3922 0.1961 26.6201 2.0000 
2540 2541 29 1.5871 -2.3359 -10.7426 1.6756 -2.4217 -10.9001 0.1800 0.2000 0.4314 0.3922 0.1961 26.8138 2.0000 
2541 2542 29 1.6756 -2.4217 -10.9001 1.7562 -2.5068 -11.0622 0.1800 0.2000 0.4314 0.3922 0.1961 27.0083 2.0000 
2542 2543 29 1.7562 -2.5068 -11.0622 1.8305 -2.5807 -11.2325 0.1800 0.2000 0.4314 0.3922 0.1961 27.2036 2.0000 
2543 2544 29 1.8305 -2.5807 -11.2325 1.9033 -2.6537 -11.4039 0.1800 0.2000 0.4314 0.3922 0.1961 27.3998 2.0000 
2544 2545 29 1.9033 -2.6537 -11.4039 1.9622 -2.7515 -11.5681 0.1800 0.2000 0.4314 0.3922 0.1961 27.5968 2.0000 
2545 2546 29 1.9622 -2.7515 -11.5681 2.0123 -2.8378 -11.7415 0.1800 0.2000 0.4314 0.3922 0.1961 27.7947 2.0000 
2546 2547 29 2.0123 -2.8378 -11.7415 2.0806 -2.8988 -11.9192 0.1800 0.2000 0.4314 0.3922 0.1961 27.9934 2.0000 
2547 2548 29 2.0806 -2.8988 -11.9192 2.1385 -2.9503 -12.1036 0.1800 0.2000 0.4314 0.3922 0.1961 28.1929 2.0000 
2548 2549 29 2.1385 -2.9503 -12.1036 2.2000 -2.9838 -12.2910 0.1800 0.2000 0.4314 0.3922 0.1961 28.3934 2.0000 
2549 2550 29 2.2000 -2.9838 -12.2910 2.2686 -3.0278 -12.4736 0.1800 0.2000 0.4314 0.3922 0.1961 28.5947 2.0000 
2550 2551 29 2.2686 -3.0278 -12.4736 2.3411 -3.0499 -12.6587 0.1800 0.2000 0.4314 0.3922 0.1961 28.7969 2.0000 
2551 2552 29 2.3411 -3.0499 -12.6587 2.3970 -3.0665 -12.8500 0.1800 0.2000 0.4314 0.3922 0.1961 29.0000 2.0000 
2552 2553 29 2.3970 -3.0665 -12.8500 2.4186 -3.1091 -13.0442 0.1800 0.2000 0.4314 0.3922 0.1961 29.2039 2.0000 
2553 2554 29 2.4186 -3.1091 -13.0442 2.4226 -3.1439 -13.2411 0.1800 0.2000 0.4314 0.3922 0.1961 29.4088 2.0000 
2554 2555 29 2.4226 -3.1439 -13.2411 2.4251 -3.1744 -13.4388 0.1800 0.2000 0.4314 0.3922 0.1961 29.6147 2.0000 
2555 2556 29 2.4251 -3.1744 -13.4388 2.4448 -3.1996 -13.6362 0.1800 0.2000 0.4314 0.3922 0.1961 29.8214 2.0000 
2556 2557 29 2.4448 -3.1996 -13.6362 2.4596 -3.2239 -13.8059 0.1800 0.1721 0.4314 0.3922 0.1961 30.0000 2.0000 
41 2558 30 0.1191 -0.0488 -8.7739 -0.0190 0.0499 -8.8797 0.1800 0.2000 0.4314 0.3922 0.1961 23.5175 2.0000 
2558 2559 30 -0.0190 0.0499 -8.8797 -0.1616 0.1144 -9.0042 0.1800 0.2000 0.4314 0.3922 0.1961 23.5636 2.0000 
2559 2560 30 -0.1616 0.1144 -9.0042 -0.3047 0.1795 -9.1280 0.1800 0.2000 0.4314 0.3922 0.1961 23.6099 2.0000 
2560 2561 30 -0.3047 0.1795 -9.1280 -0.4325 0.2468 -9.2662 0.1800 0.2000 0.4314 0.3922 0.1961 23.6563 2.0000 
2561 2562 30 -0.4325 0.2468 -9.2662 -0.5513 0.2998 -9.4182 0.1800 0.2000 0.4314 0.3922 0.1961 23.7030 2.0000 
2562 2563 30 -0.5513 0.2998 -9.4182 -0.6556 0.3235 -9.5872 0.1800 0.2000 0.4314 0.3922 0.1961 23.7498 2.0000 
2563 2564 30 -0.6556 0.3235 -9.5872 -0.7455 0.3291 -9.7658 0.1800 0.2000 0.4314 0.3922 0.1961 23.7968 2.0000 
2564 2565 30 -0.7455 0.3291 -9.7658 -0.7960 0.3642 -9.9561 0.1800 0.2000 0.4314 0.3922 0.1961 23.8440 2.0000 
2565 2566 30 -0.7960 0.3642 -9.9561 -0.8514 0.4265 -10.1379 0.1800 0.2000 0.4314 0.3922 0.1961 23.8914 2.0000 
2566 2567 30 -0.8514 0.4265 -10.1379 -0.9088 0.4814 -10.3214 0.1800 0.2000 0.4314 0.3922 0.1961 23.9390 2.0000 
2567 2568 30 -0.9088 0.4814 -10.3214 -0.9863 0.5228 -10.5011 0.1800 0.2000 0.4314 0.3922 0.1961 23.9867 2.0000 
2568 2569 30 -0.9863 0.5228 -10.5011 -1.0470 0.5897 -10.6795 0.1800 0.2000 0.4314 0.3922 0.1961 24.0347 2.0000 
2569 2570 30 -1.0470 0.5897 -10.6795 -1.1077 0.6167 -10.8682 0.1800 0.2000 0.4314 0.3922 0.1961 24.0829 2.0000 
2570 2571 30 -1.1077 0.6167 -10.8682 -1.1595 0.6432 -11.0595 0.1800 0.2000 0.4314 0.3922 0.1961 24.1312 2.0000 
2571 2572 30 -1.1595 0.6432 -11.0595 -1.1880 0.6827 -11.2535 0.1800 0.2000 0.4314 0.3922 0.1961 24.1798 2.0000 
2572 2573 30 -1.1880 0.6827 -11.2535 -1.2161 0.7279 -11.4463 0.1800 0.2000 0.4314 0.3922 0.1961 24.2286 2.0000 
2573 2574 30 -1.2161 0.7279 -11.4463 -1.2425 0.7825 -11.6368 0.1800 0.2000 0.4314 0.3922 0.1961 24.2775 2.0000 
2574 2575 30 -1.2425 0.7825 -11.6368 -1.2265 0.8153 -11.8335 0.1800 0.2000 0.4314 0.3922 0.1961 24.3267 2.0000 
2575 2576 30 -1.2265 0.8153 -11.8335 -1.2316 0.8497 -12.0304 0.1800 0.2000 0.4314 0.3922 0.1961 24.3761 2.0000 
2576 2577 30 -1.2316 0.8497 -12.0304 -1.2334 0.8868 -12.2270 0.1800 0.2000 0.4314 0.3922 0.1961 24.4257 2.0000 
2577 2578 30 -1.2334 0.8868 -12.2270 -1.2575 0.9342 -12.4198 0.1800 0.2000 0.4314 0.3922 0.1961 24.4755 2.0000 
2578 2579 30 -1.2575 0.9342 -12.4198 -1.2809 0.9772 -12.6137 0.1800 0.2000 0.4314 0.3922 0.1961 24.5255 2.0000 
2579 2580 30 -1.2809 0.9772 -12.6137 -1.3023 0.9773 -12.8125 0.1800 0.2000 0.4314 0.3922 0.1961 24.5757 2.0000 
2580 2581 30 -1.3023 0.9773 -12.8125 -1.3186 0.9448 -13.0092 0.1800 0.2000 0.4314 0.3922 0.1961 24.6262 2.0000 
2581 2582 30 -1.3186 0.9448 -13.0092 -1.3749 0.9249 -13.2001 0.1800 0.2000 0.4314 0.3922 0.1961 24.6768 2.0000 
2582 2583 30 -1.3749 0.9249 -13.2001 -1.3971 0.9300 -13.3988 0.1800 0.2000 0.4314 0.3922 0.1961 24.7277 2.0000 
2583 2584 30 -1.3971 0.9300 -13.3988 -1.4204 0.9074 -13.5961 0.1800 0.2000 0.4314 0.3922 0.1961 24.7788 2.0000 
2584 2585 30 -1.4204 0.9074 -13.5961 -1.4379 0.8688 -13.7916 0.1800 0.2000 0.4314 0.3922 0.1961 24.8301 2.0000 
2585 2586 30 -1.4379 0.8688 -13.7916 -1.4572 0.8342 -13.9876 0.1800 0.2000 0.4314 0.3922 0.1961 24.8817 2.0000 
2586 2587 30 -1.4572 0.8342 -13.9876 -1.4445 0.7932 -14.1830 0.1800 0.2000 0.4314 0.3922 0.1961 24.9335 2.0000 
2587 2588 30 -1.4445 0.7932 -14.1830 -1.4363 0.7500 -14.3781 0.1800 0.2000 0.4314 0.3922 0.1961 24.9855 2.0000 
2588 2589 30 -1.4363 0.7500 -14.3781 -1.4199 0.7073 -14.5728 0.1800 0.2000 0.4314 0.3922 0.1961 25.0377 2.0000 
2589 2590 30 -1.4199 0.7073 -14.5728 -1.4164 0.6182 -14.7518 0.1800 0.2000 0.4314 0.3922 0.1961 25.0902 2.0000 
2590 2591 30 -1.4164 0.6182 -14.7518 -1.4122 0.5102 -14.9201 0.1800 0.2000 0.4314 0.3922 0.1961 25.1429 2.0000 
2591 2592 30 -1.4122 0.5102 -14.9201 -1.4082 0.3923 -15.0816 0.1800 0.2000 0.4314 0.3922 0.1961 25.1959 2.0000 
2592 2593 30 -1.4082 0.3923 -15.0816 -1.3954 0.3155 -15.2658 0.1800 0.2000 0.4314 0.3922 0.1961 25.2491 2.0000 
2593 2594 30 -1.3954 0.3155 -15.2658 -1.3617 0.2470 -15.4507 0.1800 0.2000 0.4314 0.3922 0.1961 25.3025 2.0000 
2594 2595 30 -1.3617 0.2470 -15.4507 -1.3097 0.1666 -15.6262 0.1800 0.2000 0.4314 0.3922 0.1961 25.3562 2.0000 
2595 2596 30 -1.3097 0.1666 -15.6262 -1.2510 0.0935 -15.8029 0.1800 0.2000 0.4314 0.3922 0.1961 25.4101 2.0000 
2596 2597 30 -1.2510 0.0935 -15.8029 -1.1667 0.0542 -15.9799 0.1800 0.2000 0.4314 0.3922 0.1961 25.4643 2.0000 
2597 2598 30 -1.1667 0.0542 -15.9799 -1.0725 0.0018 -16.1484 0.1800 0.2000 0.4314 0.3922 0.1961 25.5187 2.0000 
2598 2599 30 -1.0725 0.0018 -16.1484 -1.0009 -0.0201 -16.3339 0.1800 0.2000 0.4314 0.3922 0.1961 25.5734 2.0000 
2599 2600 30 -1.0009 -0.0201 -16.3339 -0.9444 -0.0554 -16.5225 0.1800 0.2000 0.4314 0.3922 0.1961 25.6283 2.0000 
2600 2601 30 -0.9444 -0.0554 -16.5225 -0.8503 -0.0554 -16.6989 0.1800 0.2000 0.4314 0.3922 0.1961 25.6835 2.0000 
2601 2602 30 -0.8503 -0.0554 -16.6989 -0.7674 -0.0780 -16.8796 0.1800 0.2000 0.4314 0.3922 0.1961 25.7389 2.0000 
2602 2603 30 -0.7674 -0.0780 -16.8796 -0.6844 -0.0630 -17.0609 0.1800 0.2000 0.4314 0.3922 0.1961 25.7947 2.0000 
2603 2604 30 -0.6844 -0.0630 -17.0609 -0.6210 -0.0315 -17.2479 0.1800 0.2000 0.4314 0.3922 0.1961 25.8506 2.0000 
2604 2605 30 -0.6210 -0.0315 -17.2479 -0.6047 0.0118 -17.4425 0.1800 0.2000 0.4314 0.3922 0.1961 25.9069 2.0000 
2605 2606 30 -0.6047 0.0118 -17.4425 -0.5781 0.0419 -17.6384 0.1800 0.2000 0.4314 0.3922 0.1961 25.9634 2.0000 
2606 2607 30 -0.5781 0.0419 -17.6384 -0.5616 0.1458 -17.8085 0.1800 0.2000 0.4314 0.3922 0.1961 26.0202 2.0000 
2607 2608 30 -0.5616 0.1458 -17.8085 -0.5469 0.2464 -17.9808 0.1800 0.2000 0.4314 0.3922 0.1961 26.0773 2.0000 
2608 2609 30 -0.5469 0.2464 -17.9808 -0.5710 0.2977 -18.1726 0.1800 0.2000 0.4314 0.3922 0.1961 26.1346 2.0000 
2609 2610 30 -0.5710 0.2977 -18.1726 -0.6246 0.3137 -18.3646 0.1800 0.2000 0.4314 0.3922 0.1961 26.1923 2.0000 
2610 2611 30 -0.6246 0.3137 -18.3646 -0.6705 0.3228 -18.5591 0.1800 0.2000 0.4314 0.3922 0.1961 26.2502 2.0000 
2611 2612 30 -0.6705 0.3228 -18.5591 -0.7148 0.3036 -18.7531 0.1800 0.2000 0.4314 0.3922 0.1961 26.3084 2.0000 
2612 2613 30 -0.7148 0.3036 -18.7531 -0.7641 0.2938 -18.9467 0.1800 0.2000 0.4314 0.3922 0.1961 26.3669 2.0000 
2613 2614 30 -0.7641 0.2938 -18.9467 -0.8114 0.2846 -19.1408 0.1800 0.2000 0.4314 0.3922 0.1961 26.4257 2.0000 
2614 2615 30 -0.8114 0.2846 -19.1408 -0.8291 0.2956 -19.3398 0.1800 0.2000 0.4314 0.3922 0.1961 26.4848 2.0000 
2615 2616 30 -0.8291 0.2956 -19.3398 -0.8381 0.3045 -19.5394 0.1800 0.2000 0.4314 0.3922 0.1961 26.5441 2.0000 
2616 2617 30 -0.8381 0.3045 -19.5394 -0.8666 0.2972 -19.7372 0.1800 0.2000 0.4314 0.3922 0.1961 26.6038 2.0000 
2617 2618 30 -0.8666 0.2972 -19.7372 -0.9029 0.2870 -19.9336 0.1800 0.2000 0.4314 0.3922 0.1961 26.6638 2.0000 
2618 2619 30 -0.9029 0.2870 -19.9336 -0.9428 0.2735 -20.1291 0.1800 0.2000 0.4314 0.3922 0.1961 26.7241 2.0000 
2619 2620 30 -0.9428 0.2735 -20.1291 -0.9534 0.1942 -20.3124 0.1800 0.2000 0.4314 0.3922 0.1961 26.7847 2.0000 
2620 2621 30 -0.9534 0.1942 -20.3124 -0.9747 0.1126 -20.4937 0.1800 0.2000 0.4314 0.3922 0.1961 26.8457 2.0000 
2621 2622 30 -0.9747 0.1126 -20.4937 -1.0014 0.0152 -20.6664 0.1800 0.2000 0.4314 0.3922 0.1961 26.9069 2.0000 
2622 2623 30 -1.0014 0.0152 -20.6664 -1.0525 -0.1127 -20.8114 0.1800 0.2000 0.4314 0.3922 0.1961 26.9685 2.0000 
2623 2624 30 -1.0525 -0.1127 -20.8114 -1.0969 -0.2336 -20.9643 0.1800 0.2000 0.4314 0.3922 0.1961 27.0304 2.0000 
2624 2625 30 -1.0969 -0.2336 -20.9643 -1.1305 -0.3327 -21.1348 0.1800 0.2000 0.4314 0.3922 0.1961 27.0926 2.0000 
2625 2626 30 -1.1305 -0.3327 -21.1348 -1.1651 -0.4384 -21.3010 0.1800 0.2000 0.4314 0.3922 0.1961 27.1551 2.0000 
2626 2627 30 -1.1651 -0.4384 -21.3010 -1.2000 -0.5252 -21.4778 0.1800 0.2000 0.4314 0.3922 0.1961 27.2180 2.0000 
2627 2628 30 -1.2000 -0.5252 -21.4778 -1.2656 -0.5899 -21.6553 0.1800 0.2000 0.4314 0.3922 0.1961 27.2812 2.0000 
2628 2629 30 -1.2656 -0.5899 -21.6553 -1.3114 -0.6610 -21.8365 0.1800 0.2000 0.4314 0.3922 0.1961 27.3448 2.0000 
2629 2630 30 -1.3114 -0.6610 -21.8365 -1.3390 -0.7488 -22.0141 0.1800 0.2000 0.4314 0.3922 0.1961 27.4087 2.0000 
2630 2631 30 -1.3390 -0.7488 -22.0141 -1.3665 -0.8365 -22.1917 0.1800 0.2000 0.4314 0.3922 0.1961 27.4730 2.0000 
2631 2632 30 -1.3665 -0.8365 -22.1917 -1.3725 -0.9371 -22.3645 0.1800 0.2000 0.4314 0.3922 0.1961 27.5376 2.0000 
2632 2633 30 -1.3725 -0.9371 -22.3645 -1.3924 -1.0195 -22.5457 0.1800 0.2000 0.4314 0.3922 0.1961 27.6026 2.0000 
2633 2634 30 -1.3924 -1.0195 -22.5457 -1.4165 -1.0930 -22.7301 0.1800 0.2000 0.4314 0.3922 0.1961 27.6679 2.0000 
2634 2635 30 -1.4165 -1.0930 -22.7301 -1.4083 -1.1658 -22.9162 0.1800 0.2000 0.4314 0.3922 0.1961 27.7336 2.0000 
2635 2636 30 -1.4083 -1.1658 -22.9162 -1.4135 -1.2269 -23.1066 0.1800 0.2000 0.4314 0.3922 0.1961 27.7997 2.0000 
2636 2637 30 -1.4135 -1.2269 -23.1066 -1.4325 -1.2980 -23.2925 0.1800 0.2000 0.4314 0.3922 0.1961 27.8662 2.0000 
2637 2638 30 -1.4325 -1.2980 -23.2925 -1.4602 -1.3655 -23.4787 0.1800 0.2000 0.4314 0.3922 0.1961 27.9330 2.0000 
2638 2639 30 -1.4602 -1.3655 -23.4787 -1.4892 -1.4182 -23.6695 0.1800 0.2000 0.4314 0.3922 0.1961 28.0002 2.0000 
2639 2640 30 -1.4892 -1.4182 -23.6695 -1.5195 -1.4694 -23.8604 0.1800 0.2000 0.4314 0.3922 0.1961 28.0678 2.0000 
2640 2641 30 -1.5195 -1.4694 -23.8604 -1.5226 -1.5023 -24.0577 0.1800 0.2000 0.4314 0.3922 0.1961 28.1358 2.0000 
2641 2642 30 -1.5226 -1.5023 -24.0577 -1.5232 -1.5322 -24.2554 0.1800 0.2000 0.4314 0.3922 0.1961 28.2042 2.0000 
2642 2643 30 -1.5232 -1.5322 -24.2554 -1.5048 -1.5051 -24.4527 0.1800 0.2000 0.4314 0.3922 0.1961 28.2730 2.0000 
2643 2644 30 -1.5048 -1.5051 -24.4527 -1.5190 -1.4922 -24.6518 0.1800 0.2000 0.4314 0.3922 0.1961 28.3421 2.0000 
2644 2645 30 -1.5190 -1.4922 -24.6518 -1.5183 -1.4800 -24.8514 0.1800 0.2000 0.4314 0.3922 0.1961 28.4118 2.0000 
2645 2646 30 -1.5183 -1.4800 -24.8514 -1.5126 -1.4639 -25.0507 0.1800 0.2000 0.4314 0.3922 0.1961 28.4818 2.0000 
2646 2647 30 -1.5126 -1.4639 -25.0507 -1.5051 -1.4519 -25.2502 0.1800 0.2000 0.4314 0.3922 0.1961 28.5522 2.0000 
2647 2648 30 -1.5051 -1.4519 -25.2502 -1.5072 -1.4010 -25.4436 0.1800 0.2000 0.4314 0.3922 0.1961 28.6231 2.0000 
2648 2649 30 -1.5072 -1.4010 -25.4436 -1.4704 -1.3698 -25.6377 0.1800 0.2000 0.4314 0.3922 0.1961 28.6944 2.0000 
2649 2650 30 -1.4704 -1.3698 -25.6377 -1.4802 -1.3671 -25.8374 0.1800 0.2000 0.4314 0.3922 0.1961 28.7661 2.0000 
2650 2651 30 -1.4802 -1.3671 -25.8374 -1.4879 -1.3615 -26.0372 0.1800 0.2000 0.4314 0.3922 0.1961 28.8383 2.0000 
2651 2652 30 -1.4879 -1.3615 -26.0372 -1.4856 -1.3514 -26.2369 0.1800 0.2000 0.4314 0.3922 0.1961 28.9109 2.0000 
2652 2653 30 -1.4856 -1.3514 -26.2369 -1.5096 -1.3411 -26.4352 0.1800 0.2000 0.4314 0.3922 0.1961 28.9840 2.0000 
2653 2654 30 -1.5096 -1.3411 -26.4352 -1.5349 -1.3255 -26.6330 0.1800 0.2000 0.4314 0.3922 0.1961 29.0575 2.0000 
2654 2655 30 -1.5349 -1.3255 -26.6330 -1.5697 -1.3876 -26.8199 0.1800 0.2000 0.4314 0.3922 0.1961 29.1315 2.0000 
2655 2656 30 -1.5697 -1.3876 -26.8199 -1.6151 -1.4295 -27.0101 0.1800 0.2000 0.4314 0.3922 0.1961 29.2060 2.0000 
2656 2657 30 -1.6151 -1.4295 -27.0101 -1.5986 -1.4396 -27.2092 0.1800 0.2000 0.4314 0.3922 0.1961 29.2809 2.0000 
2657 2658 30 -1.5986 -1.4396 -27.2092 -1.5482 -1.4783 -27.3988 0.1800 0.2000 0.4314 0.3922 0.1961 29.3563 2.0000 
2658 2659 30 -1.5482 -1.4783 -27.3988 -1.4911 -1.5178 -27.5864 0.1800 0.2000 0.4314 0.3922 0.1961 29.4322 2.0000 
2659 2660 30 -1.4911 -1.5178 -27.5864 -1.4397 -1.5663 -27.7734 0.1800 0.2000 0.4314 0.3922 0.1961 29.5087 2.0000 
2660 2661 30 -1.4397 -1.5663 -27.7734 -1.4038 -1.5917 -27.9686 0.1800 0.2000 0.4314 0.3922 0.1961 29.5856 2.0000 
2661 2662 30 -1.4038 -1.5917 -27.9686 -1.3592 -1.5877 -28.1635 0.1800 0.2000 0.4314 0.3922 0.1961 29.6630 2.0000 
2662 2663 30 -1.3592 -1.5877 -28.1635 -1.3186 -1.5843 -28.3593 0.1800 0.2000 0.4314 0.3922 0.1961 29.7409 2.0000 
2663 2664 30 -1.3186 -1.5843 -28.3593 -1.3045 -1.5459 -28.5551 0.1800 0.2000 0.4314 0.3922 0.1961 29.8194 2.0000 
2664 2665 30 -1.3045 -1.5459 -28.5551 -1.3084 -1.5367 -28.7548 0.1800 0.2000 0.4314 0.3922 0.1961 29.8983 2.0000 
2665 2666 30 -1.3084 -1.5367 -28.7548 -1.3205 -1.5210 -28.9538 0.1800 0.2000 0.4314 0.3922 0.1961 29.9779 2.0000 
2666 2667 30 -1.3205 -1.5210 -28.9538 -1.3207 -1.5194 -29.0093 0.1800 0.0555 0.4314 0.3922 0.1961 30.0000 2.0000 
42 2668 31 0.1219 -0.0526 -8.8701 0.0608 -0.2223 -8.9565 0.1800 0.2000 0.4314 0.3922 0.1961 23.6837 2.0000 
2668 2669 31 0.0608 -0.2223 -8.9565 0.0001 -0.3918 -9.0437 0.1800 0.2000 0.4314 0.3922 0.1961 23.7642 2.0000 
2669 2670 31 0.0001 -0.3918 -9.0437 -0.0313 -0.5706 -9.1276 0.1800 0.2000 0.4314 0.3922 0.1961 23.8451 2.0000 
2670 2671 31 -0.0313 -0.5706 -9.1276 -0.0713 -0.7399 -9.2262 0.1800 0.2000 0.4314 0.3922 0.1961 23.9263 2.0000 
2671 2672 31 -0.0713 -0.7399 -9.2262 -0.1020 -0.9006 -9.3413 0.1800 0.2000 0.4314 0.3922 0.1961 24.0078 2.0000 
2672 2673 31 -0.1020 -0.9006 -9.3413 -0.1481 -1.0538 -9.4612 0.1800 0.2000 0.4314 0.3922 0.1961 24.0897 2.0000 
2673 2674 31 -0.1481 -1.0538 -9.4612 -0.2087 -1.1914 -9.5932 0.1800 0.2000 0.4314 0.3922 0.1961 24.1719 2.0000 
2674 2675 31 -0.2087 -1.1914 -9.5932 -0.2539 -1.3190 -9.7403 0.1800 0.2000 0.4314 0.3922 0.1961 24.2544 2.0000 
2675 2676 31 -0.2539 -1.3190 -9.7403 -0.2900 -1.4437 -9.8925 0.1800 0.2000 0.4314 0.3922 0.1961 24.3372 2.0000 
2676 2677 31 -0.2900 -1.4437 -9.8925 -0.3338 -1.5551 -10.0528 0.1800 0.2000 0.4314 0.3922 0.1961 24.4204 2.0000 
2677 2678 31 -0.3338 -1.5551 -10.0528 -0.3895 -1.6808 -10.1980 0.1800 0.2000 0.4314 0.3922 0.1961 24.5039 2.0000 
2678 2679 31 -0.3895 -1.6808 -10.1980 -0.4206 -1.7928 -10.3607 0.1800 0.2000 0.4314 0.3922 0.1961 24.5878 2.0000 
2679 2680 31 -0.4206 -1.7928 -10.3607 -0.4348 -1.8992 -10.5295 0.1800 0.2000 0.4314 0.3922 0.1961 24.6720 2.0000 
2680 2681 31 -0.4348 -1.8992 -10.5295 -0.4500 -2.0052 -10.6984 0.1800 0.2000 0.4314 0.3922 0.1961 24.7565 2.0000 
2681 2682 31 -0.4500 -2.0052 -10.6984 -0.4618 -2.0595 -10.8905 0.1800 0.2000 0.4314 0.3922 0.1961 24.8414 2.0000 
2682 2683 31 -0.4618 -2.0595 -10.8905 -0.4752 -2.1178 -11.0814 0.1800 0.2000 0.4314 0.3922 0.1961 24.9267 2.0000 
2683 2684 31 -0.4752 -2.1178 -11.0814 -0.5058 -2.1459 -11.2770 0.1800 0.2000 0.4314 0.3922 0.1961 25.0123 2.0000 
2684 2685 31 -0.5058 -2.1459 -11.2770 -0.5164 -2.1853 -11.4728 0.1800 0.2000 0.4314 0.3922 0.1961 25.0982 2.0000 
2685 2686 31 -0.5164 -2.1853 -11.4728 -0.5432 -2.2024 -11.6703 0.1800 0.2000 0.4314 0.3922 0.1961 25.1846 2.0000 
2686 2687 31 -0.5432 -2.2024 -11.6703 -0.5740 -2.2076 -11.8678 0.1800 0.2000 0.4314 0.3922 0.1961 25.2713 2.0000 
2687 2688 31 -0.5740 -2.2076 -11.8678 -0.6113 -2.2125 -12.0642 0.1800 0.2000 0.4314 0.3922 0.1961 25.3583 2.0000 
2688 2689 31 -0.6113 -2.2125 -12.0642 -0.6708 -2.2082 -12.2551 0.1800 0.2000 0.4314 0.3922 0.1961 25.4458 2.0000 
2689 2690 31 -0.6708 -2.2082 -12.2551 -0.7016 -2.2146 -12.4527 0.1800 0.2000 0.4314 0.3922 0.1961 25.5336 2.0000 
2690 2691 31 -0.7016 -2.2146 -12.4527 -0.7118 -2.2101 -12.6524 0.1800 0.2000 0.4314 0.3922 0.1961 25.6218 2.0000 
2691 2692 31 -0.7118 -2.2101 -12.6524 -0.7154 -2.2343 -12.8508 0.1800 0.2000 0.4314 0.3922 0.1961 25.7103 2.0000 
2692 2693 31 -0.7154 -2.2343 -12.8508 -0.6924 -2.2553 -13.0484 0.1800 0.2000 0.4314 0.3922 0.1961 25.7993 2.0000 
2693 2694 31 -0.6924 -2.2553 -13.0484 -0.6691 -2.2697 -13.2465 0.1800 0.2000 0.4314 0.3922 0.1961 25.8886 2.0000 
2694 2695 31 -0.6691 -2.2697 -13.2465 -0.6684 -2.2840 -13.4460 0.1800 0.2000 0.4314 0.3922 0.1961 25.9784 2.0000 
2695 2696 31 -0.6684 -2.2840 -13.4460 -0.6738 -2.2982 -13.6454 0.1800 0.2000 0.4314 0.3922 0.1961 26.0685 2.0000 
2696 2697 31 -0.6738 -2.2982 -13.6454 -0.6747 -2.2938 -13.8454 0.1800 0.2000 0.4314 0.3922 0.1961 26.1590 2.0000 
2697 2698 31 -0.6747 -2.2938 -13.8454 -0.6689 -2.2851 -14.0451 0.1800 0.2000 0.4314 0.3922 0.1961 26.2499 2.0000 
2698 2699 31 -0.6689 -2.2851 -14.0451 -0.6627 -2.2976 -14.2446 0.1800 0.2000 0.4314 0.3922 0.1961 26.3413 2.0000 
2699 2700 31 -0.6627 -2.2976 -14.2446 -0.6441 -2.3213 -14.4423 0.1800 0.2000 0.4314 0.3922 0.1961 26.4330 2.0000 
2700 2701 31 -0.6441 -2.3213 -14.4423 -0.6613 -2.3070 -14.6411 0.1800 0.2000 0.4314 0.3922 0.1961 26.5251 2.0000 
2701 2702 31 -0.6613 -2.3070 -14.6411 -0.6544 -2.2855 -14.8398 0.1800 0.2000 0.4314 0.3922 0.1961 26.6177 2.0000 
2702 2703 31 -0.6544 -2.2855 -14.8398 -0.6629 -2.2586 -15.0378 0.1800 0.2000 0.4314 0.3922 0.1961 26.7107 2.0000 
2703 2704 31 -0.6629 -2.2586 -15.0378 -0.6841 -2.2329 -15.2350 0.1800 0.2000 0.4314 0.3922 0.1961 26.8041 2.0000 
2704 2705 31 -0.6841 -2.2329 -15.2350 -0.7037 -2.2018 -15.4316 0.1800 0.2000 0.4314 0.3922 0.1961 26.8979 2.0000 
2705 2706 31 -0.7037 -2.2018 -15.4316 -0.7501 -2.1783 -15.6247 0.1800 0.2000 0.4314 0.3922 0.1961 26.9922 2.0000 
2706 2707 31 -0.7501 -2.1783 -15.6247 -0.8106 -2.1685 -15.8151 0.1800 0.2000 0.4314 0.3922 0.1961 27.0869 2.0000 
2707 2708 31 -0.8106 -2.1685 -15.8151 -0.8621 -2.1715 -16.0083 0.1800 0.2000 0.4314 0.3922 0.1961 27.1821 2.0000 
2708 2709 31 -0.8621 -2.1715 -16.0083 -0.9140 -2.1749 -16.2015 0.1800 0.2000 0.4314 0.3922 0.1961 27.2777 2.0000 
2709 2710 31 -0.9140 -2.1749 -16.2015 -0.9820 -2.1798 -16.3895 0.1800 0.2000 0.4314 0.3922 0.1961 27.3737 2.0000 
2710 2711 31 -0.9820 -2.1798 -16.3895 -1.0870 -2.1905 -16.5594 0.1800 0.2000 0.4314 0.3922 0.1961 27.4702 2.0000 
2711 2712 31 -1.0870 -2.1905 -16.5594 -1.1762 -2.2040 -16.7378 0.1800 0.2000 0.4314 0.3922 0.1961 27.5671 2.0000 
2712 2713 31 -1.1762 -2.2040 -16.7378 -1.2596 -2.2208 -16.9189 0.1800 0.2000 0.4314 0.3922 0.1961 27.6645 2.0000 
2713 2714 31 -1.2596 -2.2208 -16.9189 -1.3378 -2.2229 -17.1029 0.1800 0.2000 0.4314 0.3922 0.1961 27.7624 2.0000 
2714 2715 31 -1.3378 -2.2229 -17.1029 -1.3998 -2.2285 -17.2930 0.1800 0.2000 0.4314 0.3922 0.1961 27.8607 2.0000 
2715 2716 31 -1.3998 -2.2285 -17.2930 -1.4607 -2.2339 -17.4834 0.1800 0.2000 0.4314 0.3922 0.1961 27.9595 2.0000 
2716 2717 31 -1.4607 -2.2339 -17.4834 -1.4992 -2.2165 -17.6789 0.1800 0.2000 0.4314 0.3922 0.1961 28.0588 2.0000 
2717 2718 31 -1.4992 -2.2165 -17.6789 -1.5026 -2.1667 -17.8726 0.1800 0.2000 0.4314 0.3922 0.1961 28.1586 2.0000 
2718 2719 31 -1.5026 -2.1667 -17.8726 -1.5130 -2.1199 -18.0667 0.1800 0.2000 0.4314 0.3922 0.1961 28.2589 2.0000 
2719 2720 31 -1.5130 -2.1199 -18.0667 -1.5115 -2.1001 -18.2657 0.1800 0.2000 0.4314 0.3922 0.1961 28.3596 2.0000 
2720 2721 31 -1.5115 -2.1001 -18.2657 -1.5138 -2.0887 -18.4654 0.1800 0.2000 0.4314 0.3922 0.1961 28.4609 2.0000 
2721 2722 31 -1.5138 -2.0887 -18.4654 -1.5142 -2.0833 -18.6653 0.1800 0.2000 0.4314 0.3922 0.1961 28.5626 2.0000 
2722 2723 31 -1.5142 -2.0833 -18.6653 -1.5097 -2.0887 -18.8652 0.1800 0.2000 0.4314 0.3922 0.1961 28.6649 2.0000 
2723 2724 31 -1.5097 -2.0887 -18.8652 -1.5017 -2.0907 -19.0650 0.1800 0.2000 0.4314 0.3922 0.1961 28.7677 2.0000 
2724 2725 31 -1.5017 -2.0907 -19.0650 -1.5000 -2.0946 -19.2650 0.1800 0.2000 0.4314 0.3922 0.1961 28.8710 2.0000 
2725 2726 31 -1.5000 -2.0946 -19.2650 -1.4800 -2.1099 -19.4634 0.1800 0.2000 0.4314 0.3922 0.1961 28.9748 2.0000 
2726 2727 31 -1.4800 -2.1099 -19.4634 -1.4464 -2.1239 -19.6601 0.1800 0.2000 0.4314 0.3922 0.1961 29.0791 2.0000 
2727 2728 31 -1.4464 -2.1239 -19.6601 -1.4173 -2.1380 -19.8574 0.1800 0.2000 0.4314 0.3922 0.1961 29.1840 2.0000 
2728 2729 31 -1.4173 -2.1380 -19.8574 -1.3889 -2.1544 -20.0547 0.1800 0.2000 0.4314 0.3922 0.1961 29.2894 2.0000 
2729 2730 31 -1.3889 -2.1544 -20.0547 -1.3878 -2.1277 -20.2529 0.1800 0.2000 0.4314 0.3922 0.1961 29.3954 2.0000 
2730 2731 31 -1.3878 -2.1277 -20.2529 -1.3702 -2.0775 -20.4457 0.1800 0.2000 0.4314 0.3922 0.1961 29.5019 2.0000 
2731 2732 31 -1.3702 -2.0775 -20.4457 -1.3333 -2.0328 -20.6371 0.1800 0.2000 0.4314 0.3922 0.1961 29.6089 2.0000 
2732 2733 31 -1.3333 -2.0328 -20.6371 -1.2684 -1.9160 -20.7860 0.1800 0.2000 0.4314 0.3922 0.1961 29.7166 2.0000 
2733 2734 31 -1.2684 -1.9160 -20.7860 -1.2086 -1.7904 -20.9297 0.1800 0.2000 0.4314 0.3922 0.1961 29.8248 2.0000 
2734 2735 31 -1.2086 -1.7904 -20.9297 -1.1450 -1.6624 -21.0696 0.1800 0.2000 0.4314 0.3922 0.1961 29.9335 2.0000 
2735 2736 31 -1.1450 -1.6624 -21.0696 -1.1077 -1.5829 -21.1538 0.1800 0.1217 0.4314 0.3922 0.1961 30.0000 2.0000 
44 2737 32 0.1362 -0.0738 -9.1288 0.1228 -0.2692 -9.1694 0.1800 0.2000 0.4314 0.3922 0.1961 24.0475 2.0000 
2737 2738 32 0.1228 -0.2692 -9.1694 0.0840 -0.4641 -9.1922 0.1800 0.2000 0.4314 0.3922 0.1961 24.1340 2.0000 
2738 2739 32 0.0840 -0.4641 -9.1922 0.0510 -0.6612 -9.1980 0.1800 0.2000 0.4314 0.3922 0.1961 24.2209 2.0000 
2739 2740 32 0.0510 -0.6612 -9.1980 0.0020 -0.8542 -9.2170 0.1800 0.2000 0.4314 0.3922 0.1961 24.3082 2.0000 
2740 2741 32 0.0020 -0.8542 -9.2170 -0.0360 -1.0505 -9.2125 0.1800 0.2000 0.4314 0.3922 0.1961 24.3957 2.0000 
2741 2742 32 -0.0360 -1.0505 -9.2125 -0.0443 -1.2503 -9.2083 0.1800 0.2000 0.4314 0.3922 0.1961 24.4837 2.0000 
2742 2743 32 -0.0443 -1.2503 -9.2083 -0.0280 -1.4467 -9.2422 0.1800 0.2000 0.4314 0.3922 0.1961 24.5720 2.0000 
2743 2744 32 -0.0280 -1.4467 -9.2422 -0.0141 -1.6408 -9.2885 0.1800 0.2000 0.4314 0.3922 0.1961 24.6606 2.0000 
2744 2745 32 -0.0141 -1.6408 -9.2885 -0.0087 -1.8331 -9.3434 0.1800 0.2000 0.4314 0.3922 0.1961 24.7496 2.0000 
2745 2746 32 -0.0087 -1.8331 -9.3434 0.0004 -2.0278 -9.3878 0.1800 0.2000 0.4314 0.3922 0.1961 24.8389 2.0000 
2746 2747 32 0.0004 -2.0278 -9.3878 0.0047 -2.2112 -9.4675 0.1800 0.2000 0.4314 0.3922 0.1961 24.9287 2.0000 
2747 2748 32 0.0047 -2.2112 -9.4675 0.0136 -2.3960 -9.5435 0.1800 0.2000 0.4314 0.3922 0.1961 25.0188 2.0000 
2748 2749 32 0.0136 -2.3960 -9.5435 0.0313 -2.5669 -9.6459 0.1800 0.2000 0.4314 0.3922 0.1961 25.1092 2.0000 
2749 2750 32 0.0313 -2.5669 -9.6459 0.0369 -2.7300 -9.7615 0.1800 0.2000 0.4314 0.3922 0.1961 25.2000 2.0000 
2750 2751 32 0.0369 -2.7300 -9.7615 0.0253 -2.9003 -9.8657 0.1800 0.2000 0.4314 0.3922 0.1961 25.2912 2.0000 
2751 2752 32 0.0253 -2.9003 -9.8657 0.0055 -3.0682 -9.9725 0.1800 0.2000 0.4314 0.3922 0.1961 25.3828 2.0000 
2752 2753 32 0.0055 -3.0682 -9.9725 -0.0324 -3.2196 -10.0977 0.1800 0.2000 0.4314 0.3922 0.1961 25.4748 2.0000 
2753 2754 32 -0.0324 -3.2196 -10.0977 -0.0605 -3.3667 -10.2302 0.1800 0.2000 0.4314 0.3922 0.1961 25.5672 2.0000 
2754 2755 32 -0.0605 -3.3667 -10.2302 -0.0753 -3.5230 -10.3541 0.1800 0.2000 0.4314 0.3922 0.1961 25.6599 2.0000 
2755 2756 32 -0.0753 -3.5230 -10.3541 -0.0730 -3.6860 -10.4700 0.1800 0.2000 0.4314 0.3922 0.1961 25.7530 2.0000 
2756 2757 32 -0.0730 -3.6860 -10.4700 -0.0526 -3.8081 -10.6270 0.1800 0.2000 0.4314 0.3922 0.1961 25.8466 2.0000 
2757 2758 32 -0.0526 -3.8081 -10.6270 -0.0314 -3.9297 -10.7844 0.1800 0.2000 0.4314 0.3922 0.1961 25.9405 2.0000 
2758 2759 32 -0.0314 -3.9297 -10.7844 -0.0098 -4.0476 -10.9445 0.1800 0.2000 0.4314 0.3922 0.1961 26.0348 2.0000 
2759 2760 32 -0.0098 -4.0476 -10.9445 0.0022 -4.1505 -11.1156 0.1800 0.2000 0.4314 0.3922 0.1961 26.1296 2.0000 
2760 2761 32 0.0022 -4.1505 -11.1156 0.0335 -4.2253 -11.2985 0.1800 0.2000 0.4314 0.3922 0.1961 26.2247 2.0000 
2761 2762 32 0.0335 -4.2253 -11.2985 0.0437 -4.3097 -11.4795 0.1800 0.2000 0.4314 0.3922 0.1961 26.3203 2.0000 
2762 2763 32 0.0437 -4.3097 -11.4795 0.0369 -4.3832 -11.6653 0.1800 0.2000 0.4314 0.3922 0.1961 26.4162 2.0000 
2763 2764 32 0.0369 -4.3832 -11.6653 0.0522 -4.4287 -11.8595 0.1800 0.2000 0.4314 0.3922 0.1961 26.5126 2.0000 
2764 2765 32 0.0522 -4.4287 -11.8595 0.0498 -4.4858 -12.0512 0.1800 0.2000 0.4314 0.3922 0.1961 26.6095 2.0000 
2765 2766 32 0.0498 -4.4858 -12.0512 0.0633 -4.5318 -12.2453 0.1800 0.2000 0.4314 0.3922 0.1961 26.7067 2.0000 
2766 2767 32 0.0633 -4.5318 -12.2453 0.0486 -4.5576 -12.4431 0.1800 0.2000 0.4314 0.3922 0.1961 26.8044 2.0000 
2767 2768 32 0.0486 -4.5576 -12.4431 0.0452 -4.5654 -12.6429 0.1800 0.2000 0.4314 0.3922 0.1961 26.9025 2.0000 
2768 2769 32 0.0452 -4.5654 -12.6429 0.0322 -4.5405 -12.8410 0.1800 0.2000 0.4314 0.3922 0.1961 27.0010 2.0000 
2769 2770 32 0.0322 -4.5405 -12.8410 0.0254 -4.5172 -13.0395 0.1800 0.2000 0.4314 0.3922 0.1961 27.1000 2.0000 
2770 2771 32 0.0254 -4.5172 -13.0395 0.0175 -4.4858 -13.2368 0.1800 0.2000 0.4314 0.3922 0.1961 27.1995 2.0000 
2771 2772 32 0.0175 -4.4858 -13.2368 0.0040 -4.4762 -13.4362 0.1800 0.2000 0.4314 0.3922 0.1961 27.2994 2.0000 
2772 2773 32 0.0040 -4.4762 -13.4362 -0.0016 -4.4886 -13.6357 0.1800 0.2000 0.4314 0.3922 0.1961 27.3997 2.0000 
2773 2774 32 -0.0016 -4.4886 -13.6357 -0.0116 -4.4976 -13.8352 0.1800 0.2000 0.4314 0.3922 0.1961 27.5005 2.0000 
2774 2775 32 -0.0116 -4.4976 -13.8352 -0.0178 -4.5065 -14.0349 0.1800 0.2000 0.4314 0.3922 0.1961 27.6018 2.0000 
2775 2776 32 -0.0178 -4.5065 -14.0349 -0.0184 -4.5045 -14.2349 0.1800 0.2000 0.4314 0.3922 0.1961 27.7035 2.0000 
2776 2777 32 -0.0184 -4.5045 -14.2349 -0.0246 -4.5140 -14.4346 0.1800 0.2000 0.4314 0.3922 0.1961 27.8057 2.0000 
2777 2778 32 -0.0246 -4.5140 -14.4346 -0.0381 -4.5223 -14.6340 0.1800 0.2000 0.4314 0.3922 0.1961 27.9084 2.0000 
2778 2779 32 -0.0381 -4.5223 -14.6340 -0.0332 -4.5316 -14.8337 0.1800 0.2000 0.4314 0.3922 0.1961 28.0116 2.0000 
2779 2780 32 -0.0332 -4.5316 -14.8337 -0.0103 -4.5430 -15.0321 0.1800 0.2000 0.4314 0.3922 0.1961 28.1153 2.0000 
2780 2781 32 -0.0103 -4.5430 -15.0321 0.0129 -4.5543 -15.2304 0.1800 0.2000 0.4314 0.3922 0.1961 28.2194 2.0000 
2781 2782 32 0.0129 -4.5543 -15.2304 0.0367 -4.5576 -15.4289 0.1800 0.2000 0.4314 0.3922 0.1961 28.3240 2.0000 
2782 2783 32 0.0367 -4.5576 -15.4289 0.0613 -4.5613 -15.6274 0.1800 0.2000 0.4314 0.3922 0.1961 28.4292 2.0000 
2783 2784 32 0.0613 -4.5613 -15.6274 0.0526 -4.5652 -15.8272 0.1800 0.2000 0.4314 0.3922 0.1961 28.5348 2.0000 
2784 2785 32 0.0526 -4.5652 -15.8272 0.0518 -4.5663 -16.0272 0.1800 0.2000 0.4314 0.3922 0.1961 28.6410 2.0000 
2785 2786 32 0.0518 -4.5663 -16.0272 0.0587 -4.5661 -16.2270 0.1800 0.2000 0.4314 0.3922 0.1961 28.7476 2.0000 
2786 2787 32 0.0587 -4.5661 -16.2270 0.0617 -4.6016 -16.4238 0.1800 0.2000 0.4314 0.3922 0.1961 28.8548 2.0000 
2787 2788 32 0.0617 -4.6016 -16.4238 0.0837 -4.6384 -16.6192 0.1800 0.2000 0.4314 0.3922 0.1961 28.9625 2.0000 
2788 2789 32 0.0837 -4.6384 -16.6192 0.0903 -4.6680 -16.8169 0.1800 0.2000 0.4314 0.3922 0.1961 29.0708 2.0000 
2789 2790 32 0.0903 -4.6680 -16.8169 0.1115 -4.7150 -17.0101 0.1800 0.2000 0.4314 0.3922 0.1961 29.1795 2.0000 
2790 2791 32 0.1115 -4.7150 -17.0101 0.1412 -4.7362 -17.2068 0.1800 0.2000 0.4314 0.3922 0.1961 29.2888 2.0000 
2791 2792 32 0.1412 -4.7362 -17.2068 0.1729 -4.7376 -17.4042 0.1800 0.2000 0.4314 0.3922 0.1961 29.3987 2.0000 
2792 2793 32 0.1729 -4.7376 -17.4042 0.2084 -4.7412 -17.6010 0.1800 0.2000 0.4314 0.3922 0.1961 29.5091 2.0000 
2793 2794 32 0.2084 -4.7412 -17.6010 0.2376 -4.7471 -17.7988 0.1800 0.2000 0.4314 0.3922 0.1961 29.6201 2.0000 
2794 2795 32 0.2376 -4.7471 -17.7988 0.2016 -4.7768 -17.9933 0.1800 0.2000 0.4314 0.3922 0.1961 29.7316 2.0000 
2795 2796 32 0.2016 -4.7768 -17.9933 0.1997 -4.7631 -18.1928 0.1800 0.2000 0.4314 0.3922 0.1961 29.8437 2.0000 
2796 2797 32 0.1997 -4.7631 -18.1928 0.1712 -4.7546 -18.3906 0.1800 0.2000 0.4314 0.3922 0.1961 29.9564 2.0000 
2797 2798 32 0.1712 -4.7546 -18.3906 0.1560 -4.7488 -18.4660 0.1800 0.0772 0.4314 0.3922 0.1961 30.0000 2.0000 
45 2799 33 0.1425 -0.0725 -9.2855 0.1772 -0.2588 -9.3494 0.1800 0.2000 0.4314 0.3922 0.1961 24.3090 2.0000 
2799 2800 33 0.1772 -0.2588 -9.3494 0.2148 -0.4439 -9.4154 0.1800 0.2000 0.4314 0.3922 0.1961 24.4398 2.0000 
2800 2801 33 0.2148 -0.4439 -9.4154 0.2485 -0.6284 -9.4848 0.1800 0.2000 0.4314 0.3922 0.1961 24.5711 2.0000 
2801 2802 33 0.2485 -0.6284 -9.4848 0.2634 -0.7983 -9.5892 0.1800 0.2000 0.4314 0.3922 0.1961 24.7029 2.0000 
2802 2803 33 0.2634 -0.7983 -9.5892 0.2485 -0.9628 -9.7020 0.1800 0.2000 0.4314 0.3922 0.1961 24.8352 2.0000 
2803 2804 33 0.2485 -0.9628 -9.7020 0.2426 -1.1331 -9.8067 0.1800 0.2000 0.4314 0.3922 0.1961 24.9681 2.0000 
2804 2805 33 0.2426 -1.1331 -9.8067 0.2484 -1.2917 -9.9284 0.1800 0.2000 0.4314 0.3922 0.1961 25.1015 2.0000 
2805 2806 33 0.2484 -1.2917 -9.9284 0.2542 -1.4509 -10.0493 0.1800 0.2000 0.4314 0.3922 0.1961 25.2354 2.0000 
2806 2807 33 0.2542 -1.4509 -10.0493 0.2433 -1.5983 -10.1840 0.1800 0.2000 0.4314 0.3922 0.1961 25.3699 2.0000 
2807 2808 33 0.2433 -1.5983 -10.1840 0.2462 -1.7380 -10.3272 0.1800 0.2000 0.4314 0.3922 0.1961 25.5049 2.0000 
2808 2809 33 0.2462 -1.7380 -10.3272 0.2336 -1.8616 -10.4839 0.1800 0.2000 0.4314 0.3922 0.1961 25.6404 2.0000 
2809 2810 33 0.2336 -1.8616 -10.4839 0.2234 -1.9860 -10.6402 0.1800 0.2000 0.4314 0.3922 0.1961 25.7766 2.0000 
2810 2811 33 0.2234 -1.9860 -10.6402 0.2198 -2.1094 -10.7975 0.1800 0.2000 0.4314 0.3922 0.1961 25.9132 2.0000 
2811 2812 33 0.2198 -2.1094 -10.7975 0.2180 -2.2360 -10.9523 0.1800 0.2000 0.4314 0.3922 0.1961 26.0505 2.0000 
2812 2813 33 0.2180 -2.2360 -10.9523 0.2161 -2.3628 -11.1069 0.1800 0.2000 0.4314 0.3922 0.1961 26.1883 2.0000 
2813 2814 33 0.2161 -2.3628 -11.1069 0.1715 -2.4729 -11.2679 0.1800 0.2000 0.4314 0.3922 0.1961 26.3267 2.0000 
2814 2815 33 0.1715 -2.4729 -11.2679 0.1384 -2.5778 -11.4349 0.1800 0.2000 0.4314 0.3922 0.1961 26.4656 2.0000 
2815 2816 33 0.1384 -2.5778 -11.4349 0.1088 -2.6820 -11.6030 0.1800 0.2000 0.4314 0.3922 0.1961 26.6052 2.0000 
2816 2817 33 0.1088 -2.6820 -11.6030 0.0703 -2.8000 -11.7599 0.1800 0.2000 0.4314 0.3922 0.1961 26.7453 2.0000 
2817 2818 33 0.0703 -2.8000 -11.7599 0.0318 -2.8974 -11.9303 0.1800 0.2000 0.4314 0.3922 0.1961 26.8860 2.0000 
2818 2819 33 0.0318 -2.8974 -11.9303 0.0093 -2.9904 -12.1059 0.1800 0.2000 0.4314 0.3922 0.1961 27.0273 2.0000 
2819 2820 33 0.0093 -2.9904 -12.1059 0.0149 -3.0743 -12.2873 0.1800 0.2000 0.4314 0.3922 0.1961 27.1692 2.0000 
2820 2821 33 0.0149 -3.0743 -12.2873 0.0062 -3.1716 -12.4618 0.1800 0.2000 0.4314 0.3922 0.1961 27.3118 2.0000 
2821 2822 33 0.0062 -3.1716 -12.4618 -0.0033 -3.2634 -12.6393 0.1800 0.2000 0.4314 0.3922 0.1961 27.4549 2.0000 
2822 2823 33 -0.0033 -3.2634 -12.6393 0.0119 -3.2962 -12.8360 0.1800 0.2000 0.4314 0.3922 0.1961 27.5987 2.0000 
2823 2824 33 0.0119 -3.2962 -12.8360 0.0052 -3.3217 -13.0342 0.1800 0.2000 0.4314 0.3922 0.1961 27.7431 2.0000 
2824 2825 33 0.0052 -3.3217 -13.0342 0.0034 -3.3353 -13.2338 0.1800 0.2000 0.4314 0.3922 0.1961 27.8881 2.0000 
2825 2826 33 0.0034 -3.3353 -13.2338 0.0153 -3.3895 -13.4259 0.1800 0.2000 0.4314 0.3922 0.1961 28.0337 2.0000 
2826 2827 33 0.0153 -3.3895 -13.4259 0.0321 -3.4164 -13.6234 0.1800 0.2000 0.4314 0.3922 0.1961 28.1800 2.0000 
2827 2828 33 0.0321 -3.4164 -13.6234 0.0429 -3.4518 -13.8199 0.1800 0.2000 0.4314 0.3922 0.1961 28.3269 2.0000 
2828 2829 33 0.0429 -3.4518 -13.8199 0.0505 -3.4870 -14.0167 0.1800 0.2000 0.4314 0.3922 0.1961 28.4745 2.0000 
2829 2830 33 0.0505 -3.4870 -14.0167 0.0666 -3.4930 -14.2159 0.1800 0.2000 0.4314 0.3922 0.1961 28.6228 2.0000 
2830 2831 33 0.0666 -3.4930 -14.2159 0.0817 -3.4854 -14.4152 0.1800 0.2000 0.4314 0.3922 0.1961 28.7717 2.0000 
2831 2832 33 0.0817 -3.4854 -14.4152 0.0887 -3.4992 -14.6146 0.1800 0.2000 0.4314 0.3922 0.1961 28.9212 2.0000 
2832 2833 33 0.0887 -3.4992 -14.6146 0.0812 -3.4851 -14.8140 0.1800 0.2000 0.4314 0.3922 0.1961 29.0715 2.0000 
2833 2834 33 0.0812 -3.4851 -14.8140 0.0698 -3.4737 -15.0133 0.1800 0.2000 0.4314 0.3922 0.1961 29.2224 2.0000 
2834 2835 33 0.0698 -3.4737 -15.0133 0.0578 -3.4486 -15.2114 0.1800 0.2000 0.4314 0.3922 0.1961 29.3740 2.0000 
2835 2836 33 0.0578 -3.4486 -15.2114 0.0857 -3.4337 -15.4089 0.1800 0.2000 0.4314 0.3922 0.1961 29.5264 2.0000 
2836 2837 33 0.0857 -3.4337 -15.4089 0.1074 -3.4594 -15.6060 0.1800 0.2000 0.4314 0.3922 0.1961 29.6794 2.0000 
2837 2838 33 0.1074 -3.4594 -15.6060 0.1085 -3.4766 -15.8053 0.1800 0.2000 0.4314 0.3922 0.1961 29.8331 2.0000 
2838 2839 33 0.1085 -3.4766 -15.8053 0.0840 -3.5017 -16.0022 0.1800 0.2000 0.4314 0.3922 0.1961 29.9875 2.0000 
2839 2840 33 0.0840 -3.5017 -16.0022 0.0821 -3.5034 -16.0181 0.1800 0.0161 0.4314 0.3922 0.1961 30.0000 2.0000 
47 2841 34 0.1530 -0.0771 -9.5701 0.3342 -0.0230 -9.6350 0.1800 0.2000 0.4314 0.3922 0.1961 24.6682 2.0000 
2841 2842 34 0.3342 -0.0230 -9.6350 0.5014 0.0625 -9.7038 0.1800 0.2000 0.4314 0.3922 0.1961 24.7601 2.0000 
2842 2843 34 0.5014 0.0625 -9.7038 0.6360 0.1379 -9.8310 0.1800 0.2000 0.4314 0.3922 0.1961 24.8523 2.0000 
2843 2844 34 0.6360 0.1379 -9.8310 0.7607 0.2136 -9.9679 0.1800 0.2000 0.4314 0.3922 0.1961 24.9449 2.0000 
2844 2845 34 0.7607 0.2136 -9.9679 0.8901 0.2868 -10.1017 0.1800 0.2000 0.4314 0.3922 0.1961 25.0379 2.0000 
2845 2846 34 0.8901 0.2868 -10.1017 1.0270 0.3891 -10.2057 0.1800 0.2000 0.4314 0.3922 0.1961 25.1312 2.0000 
2846 2847 34 1.0270 0.3891 -10.2057 1.1620 0.4848 -10.3179 0.1800 0.2000 0.4314 0.3922 0.1961 25.2249 2.0000 
2847 2848 34 1.1620 0.4848 -10.3179 1.3123 0.5509 -10.4322 0.1800 0.2000 0.4314 0.3922 0.1961 25.3190 2.0000 
2848 2849 34 1.3123 0.5509 -10.4322 1.4616 0.5991 -10.5562 0.1800 0.2000 0.4314 0.3922 0.1961 25.4135 2.0000 
2849 2850 34 1.4616 0.5991 -10.5562 1.5961 0.6252 -10.7019 0.1800 0.2000 0.4314 0.3922 0.1961 25.5083 2.0000 
2850 2851 34 1.5961 0.6252 -10.7019 1.7326 0.6473 -10.8464 0.1800 0.2000 0.4314 0.3922 0.1961 25.6035 2.0000 
2851 2852 34 1.7326 0.6473 -10.8464 1.8594 0.6521 -11.0010 0.1800 0.2000 0.4314 0.3922 0.1961 25.6992 2.0000 
2852 2853 34 1.8594 0.6521 -11.0010 1.9712 0.6347 -11.1659 0.1800 0.2000 0.4314 0.3922 0.1961 25.7952 2.0000 
2853 2854 34 1.9712 0.6347 -11.1659 2.0850 0.6186 -11.3296 0.1800 0.2000 0.4314 0.3922 0.1961 25.8916 2.0000 
2854 2855 34 2.0850 0.6186 -11.3296 2.1936 0.5802 -11.4931 0.1800 0.2000 0.4314 0.3922 0.1961 25.9884 2.0000 
2855 2856 34 2.1936 0.5802 -11.4931 2.2960 0.5507 -11.6623 0.1800 0.2000 0.4314 0.3922 0.1961 26.0856 2.0000 
2856 2857 34 2.2960 0.5507 -11.6623 2.4063 0.4940 -11.8192 0.1800 0.2000 0.4314 0.3922 0.1961 26.1832 2.0000 
2857 2858 34 2.4063 0.4940 -11.8192 2.4609 0.4176 -11.9958 0.1800 0.2000 0.4314 0.3922 0.1961 26.2812 2.0000 
2858 2859 34 2.4609 0.4176 -11.9958 2.5502 0.3395 -12.1568 0.1800 0.2000 0.4314 0.3922 0.1961 26.3797 2.0000 
2859 2860 34 2.5502 0.3395 -12.1568 2.6078 0.3133 -12.3465 0.1800 0.2000 0.4314 0.3922 0.1961 26.4785 2.0000 
2860 2861 34 2.6078 0.3133 -12.3465 2.6666 0.2849 -12.5356 0.1800 0.2000 0.4314 0.3922 0.1961 26.5778 2.0000 
2861 2862 34 2.6666 0.2849 -12.5356 2.7282 0.2699 -12.7253 0.1800 0.2000 0.4314 0.3922 0.1961 26.6775 2.0000 
2862 2863 34 2.7282 0.2699 -12.7253 2.7872 0.2691 -12.9164 0.1800 0.2000 0.4314 0.3922 0.1961 26.7776 2.0000 
2863 2864 34 2.7872 0.2691 -12.9164 2.8485 0.2789 -13.1065 0.1800 0.2000 0.4314 0.3922 0.1961 26.8782 2.0000 
2864 2865 34 2.8485 0.2789 -13.1065 2.9232 0.2697 -13.2918 0.1800 0.2000 0.4314 0.3922 0.1961 26.9792 2.0000 
2865 2866 34 2.9232 0.2697 -13.2918 2.9667 0.3332 -13.4764 0.1800 0.2000 0.4314 0.3922 0.1961 27.0806 2.0000 
2866 2867 34 2.9667 0.3332 -13.4764 3.0010 0.3523 -13.6725 0.1800 0.2000 0.4314 0.3922 0.1961 27.1825 2.0000 
2867 2868 34 3.0010 0.3523 -13.6725 3.0199 0.3447 -13.8714 0.1800 0.2000 0.4314 0.3922 0.1961 27.2848 2.0000 
2868 2869 34 3.0199 0.3447 -13.8714 3.0389 0.3371 -14.0704 0.1800 0.2000 0.4314 0.3922 0.1961 27.3876 2.0000 
2869 2870 34 3.0389 0.3371 -14.0704 3.0792 0.3173 -14.2653 0.1800 0.2000 0.4314 0.3922 0.1961 27.4908 2.0000 
2870 2871 34 3.0792 0.3173 -14.2653 3.1132 0.3083 -14.4622 0.1800 0.2000 0.4314 0.3922 0.1961 27.5945 2.0000 
2871 2872 34 3.1132 0.3083 -14.4622 3.1344 0.2984 -14.6608 0.1800 0.2000 0.4314 0.3922 0.1961 27.6986 2.0000 
2872 2873 34 3.1344 0.2984 -14.6608 3.1878 0.2966 -14.8535 0.1800 0.2000 0.4314 0.3922 0.1961 27.8032 2.0000 
2873 2874 34 3.1878 0.2966 -14.8535 3.2497 0.2845 -15.0433 0.1800 0.2000 0.4314 0.3922 0.1961 27.9083 2.0000 
2874 2875 34 3.2497 0.2845 -15.0433 3.3216 0.2656 -15.2289 0.1800 0.2000 0.4314 0.3922 0.1961 28.0138 2.0000 
2875 2876 34 3.3216 0.2656 -15.2289 3.3705 0.2594 -15.4228 0.1800 0.2000 0.4314 0.3922 0.1961 28.1199 2.0000 
2876 2877 34 3.3705 0.2594 -15.4228 3.3873 0.2118 -15.6163 0.1800 0.2000 0.4314 0.3922 0.1961 28.2264 2.0000 
2877 2878 34 3.3873 0.2118 -15.6163 3.4345 0.1783 -15.8077 0.1800 0.2000 0.4314 0.3922 0.1961 28.3334 2.0000 
2878 2879 34 3.4345 0.1783 -15.8077 3.5002 0.1502 -15.9945 0.1800 0.2000 0.4314 0.3922 0.1961 28.4409 2.0000 
2879 2880 34 3.5002 0.1502 -15.9945 3.5726 0.1195 -16.1784 0.1800 0.2000 0.4314 0.3922 0.1961 28.5488 2.0000 
2880 2881 34 3.5726 0.1195 -16.1784 3.6325 0.0789 -16.3649 0.1800 0.2000 0.4314 0.3922 0.1961 28.6573 2.0000 
2881 2882 34 3.6325 0.0789 -16.3649 3.6926 0.0387 -16.5514 0.1800 0.2000 0.4314 0.3922 0.1961 28.7663 2.0000 
2882 2883 34 3.6926 0.0387 -16.5514 3.7552 -0.0090 -16.7352 0.1800 0.2000 0.4314 0.3922 0.1961 28.8758 2.0000 
2883 2884 34 3.7552 -0.0090 -16.7352 3.8125 -0.0672 -16.9178 0.1800 0.2000 0.4314 0.3922 0.1961 28.9859 2.0000 
2884 2885 34 3.8125 -0.0672 -16.9178 3.8636 -0.1181 -17.1043 0.1800 0.2000 0.4314 0.3922 0.1961 29.0964 2.0000 
2885 2886 34 3.8636 -0.1181 -17.1043 3.9168 -0.1422 -17.2956 0.1800 0.2000 0.4314 0.3922 0.1961 29.2075 2.0000 
2886 2887 34 3.9168 -0.1422 -17.2956 3.9670 -0.1463 -17.4892 0.1800 0.2000 0.4314 0.3922 0.1961 29.3191 2.0000 
2887 2888 34 3.9670 -0.1463 -17.4892 4.0034 -0.1719 -17.6841 0.1800 0.2000 0.4314 0.3922 0.1961 29.4312 2.0000 
2888 2889 34 4.0034 -0.1719 -17.6841 4.0500 -0.1889 -17.8779 0.1800 0.2000 0.4314 0.3922 0.1961 29.5439 2.0000 
2889 2890 34 4.0500 -0.1889 -17.8779 4.0591 -0.2320 -18.0730 0.1800 0.2000 0.4314 0.3922 0.1961 29.6571 2.0000 
2890 2891 34 4.0591 -0.2320 -18.0730 4.0625 -0.2724 -18.2688 0.1800 0.2000 0.4314 0.3922 0.1961 29.7708 2.0000 
2891 2892 34 4.0625 -0.2724 -18.2688 4.0638 -0.3074 -18.4657 0.1800 0.2000 0.4314 0.3922 0.1961 29.8852 2.0000 
2892 2893 34 4.0638 -0.3074 -18.4657 4.0418 -0.3474 -18.6604 0.1800 0.1999 0.4314 0.3922 0.1961 30.0000 2.0000 
48 2894 35 0.1546 -0.0767 -9.6559 0.0662 0.0872 -9.7289 0.1800 0.2000 0.4314 0.3922 0.1961 24.7835 2.0000 
2894 2895 35 0.0662 0.0872 -9.7289 -0.0348 0.2172 -9.8426 0.1800 0.2000 0.4314 0.3922 0.1961 24.8699 2.0000 
2895 2896 35 -0.0348 0.2172 -9.8426 -0.1299 0.3498 -9.9581 0.1800 0.2000 0.4314 0.3922 0.1961 24.9567 2.0000 
2896 2897 35 -0.1299 0.3498 -9.9581 -0.2279 0.4673 -10.0869 0.1800 0.2000 0.4314 0.3922 0.1961 25.0438 2.0000 
2897 2898 35 -0.2279 0.4673 -10.0869 -0.3177 0.5837 -10.2225 0.1800 0.2000 0.4314 0.3922 0.1961 25.1313 2.0000 
2898 2899 35 -0.3177 0.5837 -10.2225 -0.4061 0.6990 -10.3600 0.1800 0.2000 0.4314 0.3922 0.1961 25.2191 2.0000 
2899 2900 35 -0.4061 0.6990 -10.3600 -0.5187 0.8130 -10.4796 0.1800 0.2000 0.4314 0.3922 0.1961 25.3072 2.0000 
2900 2901 35 -0.5187 0.8130 -10.4796 -0.6310 0.9230 -10.6033 0.1800 0.2000 0.4314 0.3922 0.1961 25.3958 2.0000 
2901 2902 35 -0.6310 0.9230 -10.6033 -0.7488 1.0077 -10.7410 0.1800 0.2000 0.4314 0.3922 0.1961 25.4846 2.0000 
2902 2903 35 -0.7488 1.0077 -10.7410 -0.8200 1.0951 -10.9062 0.1800 0.2000 0.4314 0.3922 0.1961 25.5739 2.0000 
2903 2904 35 -0.8200 1.0951 -10.9062 -0.8561 1.1895 -11.0787 0.1800 0.2000 0.4314 0.3922 0.1961 25.6635 2.0000 
2904 2905 35 -0.8561 1.1895 -11.0787 -0.8746 1.2646 -11.2632 0.1800 0.2000 0.4314 0.3922 0.1961 25.7534 2.0000 
2905 2906 35 -0.8746 1.2646 -11.2632 -0.8854 1.3184 -11.4555 0.1800 0.2000 0.4314 0.3922 0.1961 25.8438 2.0000 
2906 2907 35 -0.8854 1.3184 -11.4555 -0.8798 1.3675 -11.6493 0.1800 0.2000 0.4314 0.3922 0.1961 25.9345 2.0000 
2907 2908 35 -0.8798 1.3675 -11.6493 -0.8381 1.4062 -11.8410 0.1800 0.2000 0.4314 0.3922 0.1961 26.0255 2.0000 
2908 2909 35 -0.8381 1.4062 -11.8410 -0.8505 1.4390 -12.0380 0.1800 0.2000 0.4314 0.3922 0.1961 26.1170 2.0000 
2909 2910 35 -0.8505 1.4390 -12.0380 -0.8701 1.4467 -12.2368 0.1800 0.2000 0.4314 0.3922 0.1961 26.2089 2.0000 
2910 2911 35 -0.8701 1.4467 -12.2368 -0.9162 1.4340 -12.4311 0.1800 0.2000 0.4314 0.3922 0.1961 26.3011 2.0000 
2911 2912 35 -0.9162 1.4340 -12.4311 -0.9620 1.4213 -12.6253 0.1800 0.2000 0.4314 0.3922 0.1961 26.3937 2.0000 
2912 2913 35 -0.9620 1.4213 -12.6253 -1.0088 1.4071 -12.8192 0.1800 0.2000 0.4314 0.3922 0.1961 26.4867 2.0000 
2913 2914 35 -1.0088 1.4071 -12.8192 -1.0265 1.3783 -13.0164 0.1800 0.2000 0.4314 0.3922 0.1961 26.5801 2.0000 
2914 2915 35 -1.0265 1.3783 -13.0164 -1.0495 1.3583 -13.2140 0.1800 0.2000 0.4314 0.3922 0.1961 26.6739 2.0000 
2915 2916 35 -1.0495 1.3583 -13.2140 -1.0998 1.3835 -13.4059 0.1800 0.2000 0.4314 0.3922 0.1961 26.7681 2.0000 
2916 2917 35 -1.0998 1.3835 -13.4059 -1.1301 1.4047 -13.6025 0.1800 0.2000 0.4314 0.3922 0.1961 26.8627 2.0000 
2917 2918 35 -1.1301 1.4047 -13.6025 -1.1509 1.4225 -13.8006 0.1800 0.2000 0.4314 0.3922 0.1961 26.9577 2.0000 
2918 2919 35 -1.1509 1.4225 -13.8006 -1.1666 1.4313 -13.9998 0.1800 0.2000 0.4314 0.3922 0.1961 27.0532 2.0000 
2919 2920 35 -1.1666 1.4313 -13.9998 -1.1958 1.4428 -14.1973 0.1800 0.2000 0.4314 0.3922 0.1961 27.1490 2.0000 
2920 2921 35 -1.1958 1.4428 -14.1973 -1.2013 1.4230 -14.3963 0.1800 0.2000 0.4314 0.3922 0.1961 27.2453 2.0000 
2921 2922 35 -1.2013 1.4230 -14.3963 -1.2064 1.4044 -14.5953 0.1800 0.2000 0.4314 0.3922 0.1961 27.3420 2.0000 
2922 2923 35 -1.2064 1.4044 -14.5953 -1.2039 1.3951 -14.7951 0.1800 0.2000 0.4314 0.3922 0.1961 27.4391 2.0000 
2923 2924 35 -1.2039 1.3951 -14.7951 -1.2025 1.3864 -14.9949 0.1800 0.2000 0.4314 0.3922 0.1961 27.5366 2.0000 
2924 2925 35 -1.2025 1.3864 -14.9949 -1.1994 1.3828 -15.1949 0.1800 0.2000 0.4314 0.3922 0.1961 27.6346 2.0000 
2925 2926 35 -1.1994 1.3828 -15.1949 -1.1954 1.3554 -15.3929 0.1800 0.2000 0.4314 0.3922 0.1961 27.7330 2.0000 
2926 2927 35 -1.1954 1.3554 -15.3929 -1.1916 1.3213 -15.5900 0.1800 0.2000 0.4314 0.3922 0.1961 27.8319 2.0000 
2927 2928 35 -1.1916 1.3213 -15.5900 -1.2061 1.2688 -15.7824 0.1800 0.2000 0.4314 0.3922 0.1961 27.9312 2.0000 
2928 2929 35 -1.2061 1.2688 -15.7824 -1.2065 1.2357 -15.9797 0.1800 0.2000 0.4314 0.3922 0.1961 28.0309 2.0000 
2929 2930 35 -1.2065 1.2357 -15.9797 -1.2023 1.2144 -16.1785 0.1800 0.2000 0.4314 0.3922 0.1961 28.1311 2.0000 
2930 2931 35 -1.2023 1.2144 -16.1785 -1.1896 1.1930 -16.3769 0.1800 0.2000 0.4314 0.3922 0.1961 28.2318 2.0000 
2931 2932 35 -1.1896 1.1930 -16.3769 -1.1798 1.1700 -16.5754 0.1800 0.2000 0.4314 0.3922 0.1961 28.3329 2.0000 
2932 2933 35 -1.1798 1.1700 -16.5754 -1.1802 1.1451 -16.7738 0.1800 0.2000 0.4314 0.3922 0.1961 28.4345 2.0000 
2933 2934 35 -1.1802 1.1451 -16.7738 -1.1780 1.1275 -16.9730 0.1800 0.2000 0.4314 0.3922 0.1961 28.5366 2.0000 
2934 2935 35 -1.1780 1.1275 -16.9730 -1.1738 1.1096 -17.1722 0.1800 0.2000 0.4314 0.3922 0.1961 28.6392 2.0000 
2935 2936 35 -1.1738 1.1096 -17.1722 -1.2155 1.0938 -17.3671 0.1800 0.2000 0.4314 0.3922 0.1961 28.7422 2.0000 
2936 2937 35 -1.2155 1.0938 -17.3671 -1.2576 1.0778 -17.5620 0.1800 0.2000 0.4314 0.3922 0.1961 28.8457 2.0000 
2937 2938 35 -1.2576 1.0778 -17.5620 -1.3023 1.0484 -17.7547 0.1800 0.2000 0.4314 0.3922 0.1961 28.9497 2.0000 
2938 2939 35 -1.3023 1.0484 -17.7547 -1.3233 1.0272 -17.9525 0.1800 0.2000 0.4314 0.3922 0.1961 29.0542 2.0000 
2939 2940 35 -1.3233 1.0272 -17.9525 -1.3151 1.0313 -18.1522 0.1800 0.2000 0.4314 0.3922 0.1961 29.1592 2.0000 
2940 2941 35 -1.3151 1.0313 -18.1522 -1.3078 1.0351 -18.3521 0.1800 0.2000 0.4314 0.3922 0.1961 29.2647 2.0000 
2941 2942 35 -1.3078 1.0351 -18.3521 -1.3156 1.0372 -18.5519 0.1800 0.2000 0.4314 0.3922 0.1961 29.3707 2.0000 
2942 2943 35 -1.3156 1.0372 -18.5519 -1.3267 1.0117 -18.7500 0.1800 0.2000 0.4314 0.3922 0.1961 29.4772 2.0000 
2943 2944 35 -1.3267 1.0117 -18.7500 -1.3254 0.9907 -18.9489 0.1800 0.2000 0.4314 0.3922 0.1961 29.5843 2.0000 
2944 2945 35 -1.3254 0.9907 -18.9489 -1.3231 0.9688 -19.1477 0.1800 0.2000 0.4314 0.3922 0.1961 29.6918 2.0000 
2945 2946 35 -1.3231 0.9688 -19.1477 -1.3263 0.9169 -19.3408 0.1800 0.2000 0.4314 0.3922 0.1961 29.7999 2.0000 
2946 2947 35 -1.3263 0.9169 -19.3408 -1.3181 0.8628 -19.5331 0.1800 0.2000 0.4314 0.3922 0.1961 29.9085 2.0000 
2947 2948 35 -1.3181 0.8628 -19.5331 -1.3248 0.8359 -19.6985 0.1800 0.1676 0.4314 0.3922 0.1961 30.0000 2.0000 
49 2949 36 0.1619 -0.0629 -9.7852 0.2994 -0.1815 -9.8691 0.1800 0.2000 0.4314 0.3922 0.1961 24.9746 2.0000 
2949 2950 36 0.2994 -0.1815 -9.8691 0.4423 -0.2528 -9.9895 0.1800 0.2000 0.4314 0.3922 0.1961 25.0682 2.0000 
2950 2951 36 0.4423 -0.2528 -9.9895 0.5858 -0.3210 -10.1109 0.1800 0.2000 0.4314 0.3922 0.1961 25.1622 2.0000 
2951 2952 36 0.5858 -0.3210 -10.1109 0.7245 -0.3772 -10.2437 0.1800 0.2000 0.4314 0.3922 0.1961 25.2565 2.0000 
2952 2953 36 0.7245 -0.3772 -10.2437 0.8635 -0.4462 -10.3698 0.1800 0.2000 0.4314 0.3922 0.1961 25.3513 2.0000 
2953 2954 36 0.8635 -0.4462 -10.3698 0.9465 -0.5046 -10.5421 0.1800 0.2000 0.4314 0.3922 0.1961 25.4464 2.0000 
2954 2955 36 0.9465 -0.5046 -10.5421 1.0287 -0.5599 -10.7158 0.1800 0.2000 0.4314 0.3922 0.1961 25.5419 2.0000 
2955 2956 36 1.0287 -0.5599 -10.7158 1.1214 -0.6121 -10.8852 0.1800 0.2000 0.4314 0.3922 0.1961 25.6377 2.0000 
2956 2957 36 1.1214 -0.6121 -10.8852 1.2294 -0.6505 -11.0491 0.1800 0.2000 0.4314 0.3922 0.1961 25.7340 2.0000 
2957 2958 36 1.2294 -0.6505 -11.0491 1.3838 -0.6670 -11.1751 0.1800 0.2000 0.4314 0.3922 0.1961 25.8307 2.0000 
2958 2959 36 1.3838 -0.6670 -11.1751 1.5016 -0.6344 -11.3334 0.1800 0.2000 0.4314 0.3922 0.1961 25.9277 2.0000 
2959 2960 36 1.5016 -0.6344 -11.3334 1.6020 -0.6669 -11.5033 0.1800 0.2000 0.4314 0.3922 0.1961 26.0251 2.0000 
2960 2961 36 1.6020 -0.6669 -11.5033 1.6645 -0.7289 -11.6829 0.1800 0.2000 0.4314 0.3922 0.1961 26.1230 2.0000 
2961 2962 36 1.6645 -0.7289 -11.6829 1.7457 -0.7755 -11.8596 0.1800 0.2000 0.4314 0.3922 0.1961 26.2212 2.0000 
2962 2963 36 1.7457 -0.7755 -11.8596 1.8468 -0.8223 -12.0257 0.1800 0.2000 0.4314 0.3922 0.1961 26.3199 2.0000 
2963 2964 36 1.8468 -0.8223 -12.0257 1.9690 -0.8660 -12.1779 0.1800 0.2000 0.4314 0.3922 0.1961 26.4190 2.0000 
2964 2965 36 1.9690 -0.8660 -12.1779 2.1024 -0.9094 -12.3204 0.1800 0.2000 0.4314 0.3922 0.1961 26.5184 2.0000 
2965 2966 36 2.1024 -0.9094 -12.3204 2.2210 -0.9283 -12.4803 0.1800 0.2000 0.4314 0.3922 0.1961 26.6183 2.0000 
2966 2967 36 2.2210 -0.9283 -12.4803 2.3242 -0.9210 -12.6515 0.1800 0.2000 0.4314 0.3922 0.1961 26.7187 2.0000 
2967 2968 36 2.3242 -0.9210 -12.6515 2.4215 -0.8824 -12.8219 0.1800 0.2000 0.4314 0.3922 0.1961 26.8194 2.0000 
2968 2969 36 2.4215 -0.8824 -12.8219 2.4734 -0.8311 -13.0081 0.1800 0.2000 0.4314 0.3922 0.1961 26.9206 2.0000 
2969 2970 36 2.4734 -0.8311 -13.0081 2.5076 -0.7707 -13.1957 0.1800 0.2000 0.4314 0.3922 0.1961 27.0222 2.0000 
2970 2971 36 2.5076 -0.7707 -13.1957 2.5451 -0.7099 -13.3825 0.1800 0.2000 0.4314 0.3922 0.1961 27.1242 2.0000 
2971 2972 36 2.5451 -0.7099 -13.3825 2.6216 -0.6698 -13.5629 0.1800 0.2000 0.4314 0.3922 0.1961 27.2267 2.0000 
2972 2973 36 2.6216 -0.6698 -13.5629 2.7023 -0.6233 -13.7399 0.1800 0.2000 0.4314 0.3922 0.1961 27.3296 2.0000 
2973 2974 36 2.7023 -0.6233 -13.7399 2.7821 -0.5765 -13.9172 0.1800 0.2000 0.4314 0.3922 0.1961 27.4330 2.0000 
2974 2975 36 2.7821 -0.5765 -13.9172 2.8610 -0.5303 -14.0951 0.1800 0.2000 0.4314 0.3922 0.1961 27.5368 2.0000 
2975 2976 36 2.8610 -0.5303 -14.0951 2.9110 -0.4834 -14.2830 0.1800 0.2000 0.4314 0.3922 0.1961 27.6411 2.0000 
2976 2977 36 2.9110 -0.4834 -14.2830 2.9537 -0.4388 -14.4732 0.1800 0.2000 0.4314 0.3922 0.1961 27.7458 2.0000 
2977 2978 36 2.9537 -0.4388 -14.4732 2.9632 -0.4085 -14.6707 0.1800 0.2000 0.4314 0.3922 0.1961 27.8510 2.0000 
2978 2979 36 2.9632 -0.4085 -14.6707 2.9713 -0.3681 -14.8664 0.1800 0.2000 0.4314 0.3922 0.1961 27.9566 2.0000 
2979 2980 36 2.9713 -0.3681 -14.8664 2.9420 -0.3507 -15.0634 0.1800 0.2000 0.4314 0.3922 0.1961 28.0628 2.0000 
2980 2981 36 2.9420 -0.3507 -15.0634 2.8809 -0.3498 -15.2539 0.1800 0.2000 0.4314 0.3922 0.1961 28.1694 2.0000 
2981 2982 36 2.8809 -0.3498 -15.2539 2.8236 -0.3486 -15.4455 0.1800 0.2000 0.4314 0.3922 0.1961 28.2764 2.0000 
2982 2983 36 2.8236 -0.3486 -15.4455 2.7829 -0.2949 -15.6338 0.1800 0.2000 0.4314 0.3922 0.1961 28.3840 2.0000 
2983 2984 36 2.7829 -0.2949 -15.6338 2.7601 -0.2440 -15.8259 0.1800 0.2000 0.4314 0.3922 0.1961 28.4920 2.0000 
2984 2985 36 2.7601 -0.2440 -15.8259 2.7246 -0.1686 -16.0077 0.1800 0.2000 0.4314 0.3922 0.1961 28.6006 2.0000 
2985 2986 36 2.7246 -0.1686 -16.0077 2.7225 -0.0807 -16.1873 0.1800 0.2000 0.4314 0.3922 0.1961 28.7096 2.0000 
2986 2987 36 2.7225 -0.0807 -16.1873 2.7677 -0.0081 -16.3681 0.1800 0.2000 0.4314 0.3922 0.1961 28.8192 2.0000 
2987 2988 36 2.7677 -0.0081 -16.3681 2.8195 0.0295 -16.5575 0.1800 0.2000 0.4314 0.3922 0.1961 28.9292 2.0000 
2988 2989 36 2.8195 0.0295 -16.5575 2.8645 0.0417 -16.7520 0.1800 0.2000 0.4314 0.3922 0.1961 29.0398 2.0000 
2989 2990 36 2.8645 0.0417 -16.7520 2.9272 0.0578 -16.9413 0.1800 0.2000 0.4314 0.3922 0.1961 29.1509 2.0000 
2990 2991 36 2.9272 0.0578 -16.9413 2.9555 0.1240 -17.1279 0.1800 0.2000 0.4314 0.3922 0.1961 29.2625 2.0000 
2991 2992 36 2.9555 0.1240 -17.1279 2.9999 0.2016 -17.3068 0.1800 0.2000 0.4314 0.3922 0.1961 29.3746 2.0000 
2992 2993 36 2.9999 0.2016 -17.3068 3.0232 0.2740 -17.4917 0.1800 0.2000 0.4314 0.3922 0.1961 29.4872 2.0000 
2993 2994 36 3.0232 0.2740 -17.4917 3.0502 0.3397 -17.6787 0.1800 0.2000 0.4314 0.3922 0.1961 29.6004 2.0000 
2994 2995 36 3.0502 0.3397 -17.6787 3.0883 0.4127 -17.8610 0.1800 0.2000 0.4314 0.3922 0.1961 29.7141 2.0000 
2995 2996 36 3.0883 0.4127 -17.8610 3.1133 0.4686 -18.0514 0.1800 0.2000 0.4314 0.3922 0.1961 29.8284 2.0000 
2996 2997 36 3.1133 0.4686 -18.0514 3.1359 0.4755 -18.2500 0.1800 0.2000 0.4314 0.3922 0.1961 29.9432 2.0000 
2997 2998 36 3.1359 0.4755 -18.2500 3.1415 0.4741 -18.3483 0.1800 0.0985 0.4314 0.3922 0.1961 30.0000 2.0000 
50 2999 37 0.1536 -0.0399 -9.9492 0.3385 -0.0169 -10.0217 0.1800 0.2000 0.4314 0.3922 0.1961 25.3675 2.0000 
2999 3000 37 0.3385 -0.0169 -10.0217 0.5240 0.0070 -10.0927 0.1800 0.2000 0.4314 0.3922 0.1961 25.6195 2.0000 
3000 3001 37 0.5240 0.0070 -10.0927 0.7080 0.0366 -10.1653 0.1800 0.2000 0.4314 0.3922 0.1961 25.8724 2.0000 
3001 3002 37 0.7080 0.0366 -10.1653 0.8892 0.0712 -10.2425 0.1800 0.2000 0.4314 0.3922 0.1961 26.1264 2.0000 
3002 3003 37 0.8892 0.0712 -10.2425 1.0605 0.0996 -10.3417 0.1800 0.2000 0.4314 0.3922 0.1961 26.3814 2.0000 
3003 3004 37 1.0605 0.0996 -10.3417 1.2394 0.0621 -10.4229 0.1800 0.2000 0.4314 0.3922 0.1961 26.6373 2.0000 
3004 3005 37 1.2394 0.0621 -10.4229 1.4146 0.0161 -10.5078 0.1800 0.2000 0.4314 0.3922 0.1961 26.8944 2.0000 
3005 3006 37 1.4146 0.0161 -10.5078 1.5883 -0.0262 -10.5973 0.1800 0.2000 0.4314 0.3922 0.1961 27.1524 2.0000 
3006 3007 37 1.5883 -0.0262 -10.5973 1.7633 -0.0912 -10.6691 0.1800 0.2000 0.4314 0.3922 0.1961 27.4115 2.0000 
3007 3008 37 1.7633 -0.0912 -10.6691 1.9393 -0.1686 -10.7244 0.1800 0.2000 0.4314 0.3922 0.1961 27.6716 2.0000 
3008 3009 37 1.9393 -0.1686 -10.7244 2.0996 -0.2648 -10.7955 0.1800 0.2000 0.4314 0.3922 0.1961 27.9328 2.0000 
3009 3010 37 2.0996 -0.2648 -10.7955 2.2635 -0.3683 -10.8445 0.1800 0.2000 0.4314 0.3922 0.1961 28.1951 2.0000 
3010 3011 37 2.2635 -0.3683 -10.8445 2.4249 -0.4757 -10.8938 0.1800 0.2000 0.4314 0.3922 0.1961 28.4584 2.0000 
3011 3012 37 2.4249 -0.4757 -10.8938 2.5840 -0.5901 -10.9335 0.1800 0.2000 0.4314 0.3922 0.1961 28.7229 2.0000 
3012 3013 37 2.5840 -0.5901 -10.9335 2.7381 -0.7049 -10.9891 0.1800 0.2000 0.4314 0.3922 0.1961 28.9884 2.0000 
3013 3014 37 2.7381 -0.7049 -10.9891 2.8821 -0.8230 -11.0620 0.1800 0.2000 0.4314 0.3922 0.1961 29.2550 2.0000 
3014 3015 37 2.8821 -0.8230 -11.0620 3.0144 -0.9451 -11.1491 0.1800 0.2000 0.4314 0.3922 0.1961 29.5228 2.0000 
3015 3016 37 3.0144 -0.9451 -11.1491 3.1274 -1.0702 -11.2568 0.1800 0.2000 0.4314 0.3922 0.1961 29.7916 2.0000 
3016 3017 37 3.1274 -1.0702 -11.2568 3.2156 -1.1579 -11.3483 0.1800 0.1544 0.4314 0.3922 0.1961 30.0000 2.0000 
51 3018 38 0.1478 -0.0225 -10.0708 0.3335 -0.0287 -10.1447 0.1800 0.2000 0.4314 0.3922 0.1961 25.3887 2.0000 
3018 3019 38 0.3335 -0.0287 -10.1447 0.4917 0.0507 -10.2379 0.1800 0.2000 0.4314 0.3922 0.1961 25.4860 2.0000 
3019 3020 38 0.4917 0.0507 -10.2379 0.6499 0.1300 -10.3310 0.1800 0.2000 0.4314 0.3922 0.1961 25.5836 2.0000 
3020 3021 38 0.6499 0.1300 -10.3310 0.7985 0.2152 -10.4344 0.1800 0.2000 0.4314 0.3922 0.1961 25.6816 2.0000 
3021 3022 38 0.7985 0.2152 -10.4344 0.9500 0.2945 -10.5380 0.1800 0.2000 0.4314 0.3922 0.1961 25.7800 2.0000 
3022 3023 38 0.9500 0.2945 -10.5380 1.1011 0.3447 -10.6590 0.1800 0.2000 0.4314 0.3922 0.1961 25.8788 2.0000 
3023 3024 38 1.1011 0.3447 -10.6590 1.2490 0.3982 -10.7826 0.1800 0.2000 0.4314 0.3922 0.1961 25.9780 2.0000 
3024 3025 38 1.2490 0.3982 -10.7826 1.3918 0.4417 -10.9157 0.1800 0.2000 0.4314 0.3922 0.1961 26.0775 2.0000 
3025 3026 38 1.3918 0.4417 -10.9157 1.5266 0.4635 -11.0618 0.1800 0.2000 0.4314 0.3922 0.1961 26.1775 2.0000 
3026 3027 38 1.5266 0.4635 -11.0618 1.6598 0.4831 -11.2097 0.1800 0.2000 0.4314 0.3922 0.1961 26.2779 2.0000 
3027 3028 38 1.6598 0.4831 -11.2097 1.7944 0.5019 -11.3564 0.1800 0.2000 0.4314 0.3922 0.1961 26.3787 2.0000 
3028 3029 38 1.7944 0.5019 -11.3564 1.9309 0.5134 -11.5022 0.1800 0.2000 0.4314 0.3922 0.1961 26.4799 2.0000 
3029 3030 38 1.9309 0.5134 -11.5022 2.0707 0.5219 -11.6449 0.1800 0.2000 0.4314 0.3922 0.1961 26.5815 2.0000 
3030 3031 38 2.0707 0.5219 -11.6449 2.1994 0.5291 -11.7979 0.1800 0.2000 0.4314 0.3922 0.1961 26.6836 2.0000 
3031 3032 38 2.1994 0.5291 -11.7979 2.3140 0.5650 -11.9578 0.1800 0.2000 0.4314 0.3922 0.1961 26.7861 2.0000 
3032 3033 38 2.3140 0.5650 -11.9578 2.4150 0.5956 -12.1277 0.1800 0.2000 0.4314 0.3922 0.1961 26.8889 2.0000 
3033 3034 38 2.4150 0.5956 -12.1277 2.4953 0.6338 -12.3068 0.1800 0.2000 0.4314 0.3922 0.1961 26.9923 2.0000 
3034 3035 38 2.4953 0.6338 -12.3068 2.5798 0.6778 -12.4827 0.1800 0.2000 0.4314 0.3922 0.1961 27.0960 2.0000 
3035 3036 38 2.5798 0.6778 -12.4827 2.6616 0.7235 -12.6593 0.1800 0.2000 0.4314 0.3922 0.1961 27.2002 2.0000 
3036 3037 38 2.6616 0.7235 -12.6593 2.7119 0.7852 -12.8428 0.1800 0.2000 0.4314 0.3922 0.1961 27.3049 2.0000 
3037 3038 38 2.7119 0.7852 -12.8428 2.7520 0.8528 -13.0267 0.1800 0.2000 0.4314 0.3922 0.1961 27.4099 2.0000 
3038 3039 38 2.7520 0.8528 -13.0267 2.7924 0.9204 -13.2106 0.1800 0.2000 0.4314 0.3922 0.1961 27.5155 2.0000 
3039 3040 38 2.7924 0.9204 -13.2106 2.8355 0.9923 -13.3922 0.1800 0.2000 0.4314 0.3922 0.1961 27.6214 2.0000 
3040 3041 38 2.8355 0.9923 -13.3922 2.8619 1.0557 -13.5800 0.1800 0.2000 0.4314 0.3922 0.1961 27.7279 2.0000 
3041 3042 38 2.8619 1.0557 -13.5800 2.8794 1.1279 -13.7657 0.1800 0.2000 0.4314 0.3922 0.1961 27.8348 2.0000 
3042 3043 38 2.8794 1.1279 -13.7657 2.9111 1.1717 -13.9583 0.1800 0.2000 0.4314 0.3922 0.1961 27.9421 2.0000 
3043 3044 38 2.9111 1.1717 -13.9583 2.9383 1.2123 -14.1522 0.1800 0.2000 0.4314 0.3922 0.1961 28.0499 2.0000 
3044 3045 38 2.9383 1.2123 -14.1522 2.9259 1.2537 -14.3475 0.1800 0.2000 0.4314 0.3922 0.1961 28.1582 2.0000 
3045 3046 38 2.9259 1.2537 -14.3475 2.9362 1.2843 -14.5448 0.1800 0.2000 0.4314 0.3922 0.1961 28.2670 2.0000 
3046 3047 38 2.9362 1.2843 -14.5448 2.9527 1.3034 -14.7432 0.1800 0.2000 0.4314 0.3922 0.1961 28.3763 2.0000 
3047 3048 38 2.9527 1.3034 -14.7432 2.9320 1.3186 -14.9416 0.1800 0.2000 0.4314 0.3922 0.1961 28.4860 2.0000 
3048 3049 38 2.9320 1.3186 -14.9416 2.8690 1.3471 -15.1293 0.1800 0.2000 0.4314 0.3922 0.1961 28.5962 2.0000 
3049 3050 38 2.8690 1.3471 -15.1293 2.8207 1.3585 -15.3230 0.1800 0.2000 0.4314 0.3922 0.1961 28.7070 2.0000 
3050 3051 38 2.8207 1.3585 -15.3230 2.7823 1.3605 -15.5193 0.1800 0.2000 0.4314 0.3922 0.1961 28.8182 2.0000 
3051 3052 38 2.7823 1.3605 -15.5193 2.7722 1.3579 -15.7190 0.1800 0.2000 0.4314 0.3922 0.1961 28.9299 2.0000 
3052 3053 38 2.7722 1.3579 -15.7190 2.7843 1.3582 -15.9186 0.1800 0.2000 0.4314 0.3922 0.1961 29.0421 2.0000 
3053 3054 38 2.7843 1.3582 -15.9186 2.8032 1.3695 -16.1174 0.1800 0.2000 0.4314 0.3922 0.1961 29.1549 2.0000 
3054 3055 38 2.8032 1.3695 -16.1174 2.7947 1.4125 -16.3125 0.1800 0.2000 0.4314 0.3922 0.1961 29.2681 2.0000 
3055 3056 38 2.7947 1.4125 -16.3125 2.7659 1.4314 -16.5096 0.1800 0.2000 0.4314 0.3922 0.1961 29.3819 2.0000 
3056 3057 38 2.7659 1.4314 -16.5096 2.7346 1.4563 -16.7055 0.1800 0.2000 0.4314 0.3922 0.1961 29.4962 2.0000 
3057 3058 38 2.7346 1.4563 -16.7055 2.7032 1.5080 -16.8962 0.1800 0.2000 0.4314 0.3922 0.1961 29.6110 2.0000 
3058 3059 38 2.7032 1.5080 -16.8962 2.6894 1.5503 -17.0911 0.1800 0.2000 0.4314 0.3922 0.1961 29.7264 2.0000 
3059 3060 38 2.6894 1.5503 -17.0911 2.6889 1.6079 -17.2827 0.1800 0.2000 0.4314 0.3922 0.1961 29.8423 2.0000 
3060 3061 38 2.6889 1.6079 -17.2827 2.6780 1.6435 -17.4792 0.1800 0.2000 0.4314 0.3922 0.1961 29.9587 2.0000 
3061 3062 38 2.6780 1.6435 -17.4792 2.6766 1.6542 -17.5490 0.1800 0.0706 0.4314 0.3922 0.1961 30.0000 2.0000 
53 3063 39 0.1227 0.0024 -10.3712 -0.0634 0.0553 -10.4219 0.1800 0.2000 0.4314 0.3922 0.1961 25.7997 2.0000 
3063 3064 39 -0.0634 0.0553 -10.4219 -0.2529 0.1059 -10.4610 0.1800 0.2000 0.4314 0.3922 0.1961 25.8731 2.0000 
3064 3065 39 -0.2529 0.1059 -10.4610 -0.4441 0.1279 -10.5156 0.1800 0.2000 0.4314 0.3922 0.1961 25.9468 2.0000 
3065 3066 39 -0.4441 0.1279 -10.5156 -0.6350 0.1494 -10.5710 0.1800 0.2000 0.4314 0.3922 0.1961 26.0208 2.0000 
3066 3067 39 -0.6350 0.1494 -10.5710 -0.7981 0.2059 -10.6721 0.1800 0.2000 0.4314 0.3922 0.1961 26.0951 2.0000 
3067 3068 39 -0.7981 0.2059 -10.6721 -0.9594 0.2669 -10.7734 0.1800 0.2000 0.4314 0.3922 0.1961 26.1697 2.0000 
3068 3069 39 -0.9594 0.2669 -10.7734 -1.0913 0.3471 -10.9005 0.1800 0.2000 0.4314 0.3922 0.1961 26.2445 2.0000 
3069 3070 39 -1.0913 0.3471 -10.9005 -1.2185 0.4165 -11.0384 0.1800 0.2000 0.4314 0.3922 0.1961 26.3197 2.0000 
3070 3071 39 -1.2185 0.4165 -11.0384 -1.3518 0.4595 -11.1811 0.1800 0.2000 0.4314 0.3922 0.1961 26.3952 2.0000 
3071 3072 39 -1.3518 0.4595 -11.1811 -1.4429 0.4791 -11.3581 0.1800 0.2000 0.4314 0.3922 0.1961 26.4710 2.0000 
3072 3073 39 -1.4429 0.4791 -11.3581 -1.5187 0.5017 -11.5418 0.1800 0.2000 0.4314 0.3922 0.1961 26.5471 2.0000 
3073 3074 39 -1.5187 0.5017 -11.5418 -1.5805 0.5456 -11.7269 0.1800 0.2000 0.4314 0.3922 0.1961 26.6235 2.0000 
3074 3075 39 -1.5805 0.5456 -11.7269 -1.6383 0.6125 -11.9062 0.1800 0.2000 0.4314 0.3922 0.1961 26.7002 2.0000 
3075 3076 39 -1.6383 0.6125 -11.9062 -1.6423 0.6616 -12.1001 0.1800 0.2000 0.4314 0.3922 0.1961 26.7772 2.0000 
3076 3077 39 -1.6423 0.6616 -12.1001 -1.6477 0.7334 -12.2867 0.1800 0.2000 0.4314 0.3922 0.1961 26.8546 2.0000 
3077 3078 39 -1.6477 0.7334 -12.2867 -1.6607 0.7950 -12.4765 0.1800 0.2000 0.4314 0.3922 0.1961 26.9322 2.0000 
3078 3079 39 -1.6607 0.7950 -12.4765 -1.6636 0.8578 -12.6664 0.1800 0.2000 0.4314 0.3922 0.1961 27.0102 2.0000 
3079 3080 39 -1.6636 0.8578 -12.6664 -1.6711 0.9167 -12.8573 0.1800 0.2000 0.4314 0.3922 0.1961 27.0886 2.0000 
3080 3081 39 -1.6711 0.9167 -12.8573 -1.6724 0.9800 -13.0471 0.1800 0.2000 0.4314 0.3922 0.1961 27.1672 2.0000 
3081 3082 39 -1.6724 0.9800 -13.0471 -1.6759 1.0235 -13.2422 0.1800 0.2000 0.4314 0.3922 0.1961 27.2462 2.0000 
3082 3083 39 -1.6759 1.0235 -13.2422 -1.6916 1.0710 -13.4359 0.1800 0.2000 0.4314 0.3922 0.1961 27.3255 2.0000 
3083 3084 39 -1.6916 1.0710 -13.4359 -1.6979 1.0954 -13.6343 0.1800 0.2000 0.4314 0.3922 0.1961 27.4052 2.0000 
3084 3085 39 -1.6979 1.0954 -13.6343 -1.7091 1.1028 -13.8339 0.1800 0.2000 0.4314 0.3922 0.1961 27.4852 2.0000 
3085 3086 39 -1.7091 1.1028 -13.8339 -1.7277 1.1137 -14.0327 0.1800 0.2000 0.4314 0.3922 0.1961 27.5655 2.0000 
3086 3087 39 -1.7277 1.1137 -14.0327 -1.7469 1.1253 -14.2314 0.1800 0.2000 0.4314 0.3922 0.1961 27.6462 2.0000 
3087 3088 39 -1.7469 1.1253 -14.2314 -1.7674 1.1291 -14.4303 0.1800 0.2000 0.4314 0.3922 0.1961 27.7273 2.0000 
3088 3089 39 -1.7674 1.1291 -14.4303 -1.7853 1.1311 -14.6295 0.1800 0.2000 0.4314 0.3922 0.1961 27.8086 2.0000 
3089 3090 39 -1.7853 1.1311 -14.6295 -1.7754 1.1596 -14.8272 0.1800 0.2000 0.4314 0.3922 0.1961 27.8904 2.0000 
3090 3091 39 -1.7754 1.1596 -14.8272 -1.7571 1.1667 -15.0263 0.1800 0.2000 0.4314 0.3922 0.1961 27.9725 2.0000 
3091 3092 39 -1.7571 1.1667 -15.0263 -1.7487 1.1755 -15.2259 0.1800 0.2000 0.4314 0.3922 0.1961 28.0550 2.0000 
3092 3093 39 -1.7487 1.1755 -15.2259 -1.7501 1.1662 -15.4257 0.1800 0.2000 0.4314 0.3922 0.1961 28.1378 2.0000 
3093 3094 39 -1.7501 1.1662 -15.4257 -1.7499 1.1581 -15.6255 0.1800 0.2000 0.4314 0.3922 0.1961 28.2210 2.0000 
3094 3095 39 -1.7499 1.1581 -15.6255 -1.7426 1.1156 -15.8208 0.1800 0.2000 0.4314 0.3922 0.1961 28.3046 2.0000 
3095 3096 39 -1.7426 1.1156 -15.8208 -1.7476 1.1004 -16.0202 0.1800 0.2000 0.4314 0.3922 0.1961 28.3886 2.0000 
3096 3097 39 -1.7476 1.1004 -16.0202 -1.7464 1.1015 -16.2202 0.1800 0.2000 0.4314 0.3922 0.1961 28.4729 2.0000 
3097 3098 39 -1.7464 1.1015 -16.2202 -1.7460 1.1195 -16.4194 0.1800 0.2000 0.4314 0.3922 0.1961 28.5576 2.0000 
3098 3099 39 -1.7460 1.1195 -16.4194 -1.7474 1.1046 -16.6188 0.1800 0.2000 0.4314 0.3922 0.1961 28.6427 2.0000 
3099 3100 39 -1.7474 1.1046 -16.6188 -1.7522 1.0939 -16.8185 0.1800 0.2000 0.4314 0.3922 0.1961 28.7282 2.0000 
3100 3101 39 -1.7522 1.0939 -16.8185 -1.7554 1.1138 -17.0174 0.1800 0.2000 0.4314 0.3922 0.1961 28.8141 2.0000 
3101 3102 39 -1.7554 1.1138 -17.0174 -1.7542 1.0999 -17.2169 0.1800 0.2000 0.4314 0.3922 0.1961 28.9004 2.0000 
3102 3103 39 -1.7542 1.0999 -17.2169 -1.7552 1.0945 -17.4169 0.1800 0.2000 0.4314 0.3922 0.1961 28.9871 2.0000 
3103 3104 39 -1.7552 1.0945 -17.4169 -1.7477 1.0961 -17.6167 0.1800 0.2000 0.4314 0.3922 0.1961 29.0742 2.0000 
3104 3105 39 -1.7477 1.0961 -17.6167 -1.7800 1.0718 -17.8126 0.1800 0.2000 0.4314 0.3922 0.1961 29.1617 2.0000 
3105 3106 39 -1.7800 1.0718 -17.8126 -1.7972 1.0566 -18.0113 0.1800 0.2000 0.4314 0.3922 0.1961 29.2496 2.0000 
3106 3107 39 -1.7972 1.0566 -18.0113 -1.8682 1.0874 -18.1957 0.1800 0.2000 0.4314 0.3922 0.1961 29.3379 2.0000 
3107 3108 39 -1.8682 1.0874 -18.1957 -1.9331 1.1183 -18.3823 0.1800 0.2000 0.4314 0.3922 0.1961 29.4266 2.0000 
3108 3109 39 -1.9331 1.1183 -18.3823 -2.0007 1.1518 -18.5675 0.1800 0.2000 0.4314 0.3922 0.1961 29.5158 2.0000 
3109 3110 39 -2.0007 1.1518 -18.5675 -2.0707 1.1856 -18.7518 0.1800 0.2000 0.4314 0.3922 0.1961 29.6054 2.0000 
3110 3111 39 -2.0707 1.1856 -18.7518 -2.1384 1.2324 -18.9341 0.1800 0.2000 0.4314 0.3922 0.1961 29.6954 2.0000 
3111 3112 39 -2.1384 1.2324 -18.9341 -2.1979 1.2534 -19.1239 0.1800 0.2000 0.4314 0.3922 0.1961 29.7859 2.0000 
3112 3113 39 -2.1979 1.2534 -19.1239 -2.2329 1.3074 -19.3133 0.1800 0.2000 0.4314 0.3922 0.1961 29.8768 2.0000 
3113 3114 39 -2.2329 1.3074 -19.3133 -2.2714 1.3442 -19.5061 0.1800 0.2000 0.4314 0.3922 0.1961 29.9681 2.0000 
3114 3115 39 -2.2714 1.3442 -19.5061 -2.2859 1.3586 -19.5725 0.1800 0.0696 0.4314 0.3922 0.1961 30.0000 2.0000 
54 3116 40 0.1243 0.0272 -10.5634 -0.0307 -0.0639 -10.6510 0.1800 0.2000 0.4314 0.3922 0.1961 26.1159 2.0000 
3116 3117 40 -0.0307 -0.0639 -10.6510 -0.1752 -0.1780 -10.7292 0.1800 0.2000 0.4314 0.3922 0.1961 26.2246 2.0000 
3117 3118 40 -0.1752 -0.1780 -10.7292 -0.3229 -0.2866 -10.8090 0.1800 0.2000 0.4314 0.3922 0.1961 26.3338 2.0000 
3118 3119 40 -0.3229 -0.2866 -10.8090 -0.4709 -0.3951 -10.8887 0.1800 0.2000 0.4314 0.3922 0.1961 26.4433 2.0000 
3119 3120 40 -0.4709 -0.3951 -10.8887 -0.6120 -0.4661 -11.0113 0.1800 0.2000 0.4314 0.3922 0.1961 26.5534 2.0000 
3120 3121 40 -0.6120 -0.4661 -11.0113 -0.7748 -0.5371 -11.1032 0.1800 0.2000 0.4314 0.3922 0.1961 26.6638 2.0000 
3121 3122 40 -0.7748 -0.5371 -11.1032 -0.9435 -0.6149 -11.1773 0.1800 0.2000 0.4314 0.3922 0.1961 26.7747 2.0000 
3122 3123 40 -0.9435 -0.6149 -11.1773 -1.0761 -0.7173 -11.2866 0.1800 0.2000 0.4314 0.3922 0.1961 26.8861 2.0000 
3123 3124 40 -1.0761 -0.7173 -11.2866 -1.2077 -0.8173 -11.3992 0.1800 0.2000 0.4314 0.3922 0.1961 26.9979 2.0000 
3124 3125 40 -1.2077 -0.8173 -11.3992 -1.3490 -0.8900 -11.5207 0.1800 0.2000 0.4314 0.3922 0.1961 27.1101 2.0000 
3125 3126 40 -1.3490 -0.8900 -11.5207 -1.4898 -0.9568 -11.6460 0.1800 0.2000 0.4314 0.3922 0.1961 27.2228 2.0000 
3126 3127 40 -1.4898 -0.9568 -11.6460 -1.6006 -1.0219 -11.7992 0.1800 0.2000 0.4314 0.3922 0.1961 27.3360 2.0000 
3127 3128 40 -1.6006 -1.0219 -11.7992 -1.6823 -1.1061 -11.9612 0.1800 0.2000 0.4314 0.3922 0.1961 27.4496 2.0000 
3128 3129 40 -1.6823 -1.1061 -11.9612 -1.7911 -1.2089 -12.0939 0.1800 0.2000 0.4314 0.3922 0.1961 27.5637 2.0000 
3129 3130 40 -1.7911 -1.2089 -12.0939 -1.9056 -1.3082 -12.2243 0.1800 0.2000 0.4314 0.3922 0.1961 27.6783 2.0000 
3130 3131 40 -1.9056 -1.3082 -12.2243 -2.0142 -1.4076 -12.3597 0.1800 0.2000 0.4314 0.3922 0.1961 27.7934 2.0000 
3131 3132 40 -2.0142 -1.4076 -12.3597 -2.1230 -1.4795 -12.5114 0.1800 0.2000 0.4314 0.3922 0.1961 27.9089 2.0000 
3132 3133 40 -2.1230 -1.4795 -12.5114 -2.2299 -1.5512 -12.6645 0.1800 0.2000 0.4314 0.3922 0.1961 28.0249 2.0000 
3133 3134 40 -2.2299 -1.5512 -12.6645 -2.3597 -1.5872 -12.8123 0.1800 0.2000 0.4314 0.3922 0.1961 28.1414 2.0000 
3134 3135 40 -2.3597 -1.5872 -12.8123 -2.4899 -1.6235 -12.9597 0.1800 0.2000 0.4314 0.3922 0.1961 28.2584 2.0000 
3135 3136 40 -2.4899 -1.6235 -12.9597 -2.5648 -1.6530 -13.1428 0.1800 0.2000 0.4314 0.3922 0.1961 28.3759 2.0000 
3136 3137 40 -2.5648 -1.6530 -13.1428 -2.6662 -1.6852 -13.3122 0.1800 0.2000 0.4314 0.3922 0.1961 28.4939 2.0000 
3137 3138 40 -2.6662 -1.6852 -13.3122 -2.7385 -1.6695 -13.4979 0.1800 0.2000 0.4314 0.3922 0.1961 28.6124 2.0000 
3138 3139 40 -2.7385 -1.6695 -13.4979 -2.8173 -1.6599 -13.6815 0.1800 0.2000 0.4314 0.3922 0.1961 28.7314 2.0000 
3139 3140 40 -2.8173 -1.6599 -13.6815 -2.9165 -1.6511 -13.8550 0.1800 0.2000 0.4314 0.3922 0.1961 28.8510 2.0000 
3140 3141 40 -2.9165 -1.6511 -13.8550 -3.0080 -1.6517 -14.0328 0.1800 0.2000 0.4314 0.3922 0.1961 28.9710 2.0000 
3141 3142 40 -3.0080 -1.6517 -14.0328 -3.0619 -1.7008 -14.2191 0.1800 0.2000 0.4314 0.3922 0.1961 29.0916 2.0000 
3142 3143 40 -3.0619 -1.7008 -14.2191 -3.0927 -1.7687 -14.4046 0.1800 0.2000 0.4314 0.3922 0.1961 29.2127 2.0000 
3143 3144 40 -3.0927 -1.7687 -14.4046 -3.1366 -1.8690 -14.5720 0.1800 0.2000 0.4314 0.3922 0.1961 29.3343 2.0000 
3144 3145 40 -3.1366 -1.8690 -14.5720 -3.1854 -1.9605 -14.7431 0.1800 0.2000 0.4314 0.3922 0.1961 29.4564 2.0000 
3145 3146 40 -3.1854 -1.9605 -14.7431 -3.2262 -2.0432 -14.9205 0.1800 0.2000 0.4314 0.3922 0.1961 29.5792 2.0000 
3146 3147 40 -3.2262 -2.0432 -14.9205 -3.2629 -2.1195 -15.1017 0.1800 0.2000 0.4314 0.3922 0.1961 29.7024 2.0000 
3147 3148 40 -3.2629 -2.1195 -15.1017 -3.2855 -2.1683 -15.2943 0.1800 0.2000 0.4314 0.3922 0.1961 29.8262 2.0000 
3148 3149 40 -3.2855 -2.1683 -15.2943 -3.3030 -2.2214 -15.4864 0.1800 0.2000 0.4314 0.3922 0.1961 29.9506 2.0000 
3149 3150 40 -3.3030 -2.2214 -15.4864 -3.3094 -2.2454 -15.5616 0.1800 0.0792 0.4314 0.3922 0.1961 30.0000 2.0000 
55 3151 41 0.1228 0.0331 -10.6688 -0.0591 0.0945 -10.7249 0.1800 0.2000 0.4314 0.3922 0.1961 26.3112 2.0000 
3151 3152 41 -0.0591 0.0945 -10.7249 -0.2365 0.1602 -10.7897 0.1800 0.2000 0.4314 0.3922 0.1961 26.4615 2.0000 
3152 3153 41 -0.2365 0.1602 -10.7897 -0.3715 0.2407 -10.9133 0.1800 0.2000 0.4314 0.3922 0.1961 26.6125 2.0000 
3153 3154 41 -0.3715 0.2407 -10.9133 -0.4787 0.2977 -11.0722 0.1800 0.2000 0.4314 0.3922 0.1961 26.7640 2.0000 
3154 3155 41 -0.4787 0.2977 -11.0722 -0.5955 0.3667 -11.2192 0.1800 0.2000 0.4314 0.3922 0.1961 26.9161 2.0000 
3155 3156 41 -0.5955 0.3667 -11.2192 -0.7224 0.4590 -11.3433 0.1800 0.2000 0.4314 0.3922 0.1961 27.0688 2.0000 
3156 3157 41 -0.7224 0.4590 -11.3433 -0.8548 0.5152 -11.4822 0.1800 0.2000 0.4314 0.3922 0.1961 27.2222 2.0000 
3157 3158 41 -0.8548 0.5152 -11.4822 -0.9859 0.5686 -11.6235 0.1800 0.2000 0.4314 0.3922 0.1961 27.3761 2.0000 
3158 3159 41 -0.9859 0.5686 -11.6235 -1.1177 0.6195 -11.7651 0.1800 0.2000 0.4314 0.3922 0.1961 27.5307 2.0000 
3159 3160 41 -1.1177 0.6195 -11.7651 -1.2592 0.6411 -11.9047 0.1800 0.2000 0.4314 0.3922 0.1961 27.6859 2.0000 
3160 3161 41 -1.2592 0.6411 -11.9047 -1.3967 0.6514 -12.0496 0.1800 0.2000 0.4314 0.3922 0.1961 27.8418 2.0000 
3161 3162 41 -1.3967 0.6514 -12.0496 -1.5040 0.6807 -12.2158 0.1800 0.2000 0.4314 0.3922 0.1961 27.9982 2.0000 
3162 3163 41 -1.5040 0.6807 -12.2158 -1.6108 0.7025 -12.3835 0.1800 0.2000 0.4314 0.3922 0.1961 28.1554 2.0000 
3163 3164 41 -1.6108 0.7025 -12.3835 -1.7186 0.7162 -12.5514 0.1800 0.2000 0.4314 0.3922 0.1961 28.3131 2.0000 
3164 3165 41 -1.7186 0.7162 -12.5514 -1.7942 0.7580 -12.7318 0.1800 0.2000 0.4314 0.3922 0.1961 28.4715 2.0000 
3165 3166 41 -1.7942 0.7580 -12.7318 -1.8446 0.8013 -12.9204 0.1800 0.2000 0.4314 0.3922 0.1961 28.6306 2.0000 
3166 3167 41 -1.8446 0.8013 -12.9204 -1.9048 0.8319 -13.1087 0.1800 0.2000 0.4314 0.3922 0.1961 28.7904 2.0000 
3167 3168 41 -1.9048 0.8319 -13.1087 -1.9648 0.8439 -13.2991 0.1800 0.2000 0.4314 0.3922 0.1961 28.9508 2.0000 
3168 3169 41 -1.9648 0.8439 -13.2991 -2.0089 0.8900 -13.4886 0.1800 0.2000 0.4314 0.3922 0.1961 29.1119 2.0000 
3169 3170 41 -2.0089 0.8900 -13.4886 -2.0169 0.9250 -13.6854 0.1800 0.2000 0.4314 0.3922 0.1961 29.2736 2.0000 
3170 3171 41 -2.0169 0.9250 -13.6854 -2.0466 0.9444 -13.8822 0.1800 0.2000 0.4314 0.3922 0.1961 29.4361 2.0000 
3171 3172 41 -2.0466 0.9444 -13.8822 -2.0714 0.9650 -14.0796 0.1800 0.2000 0.4314 0.3922 0.1961 29.5992 2.0000 
3172 3173 41 -2.0714 0.9650 -14.0796 -2.0949 0.9884 -14.2768 0.1800 0.2000 0.4314 0.3922 0.1961 29.7631 2.0000 
3173 3174 41 -2.0949 0.9884 -14.2768 -2.1183 1.0119 -14.4741 0.1800 0.2000 0.4314 0.3922 0.1961 29.9276 2.0000 
3174 3175 41 -2.1183 1.0119 -14.4741 -2.1295 1.0206 -14.5606 0.1800 0.0877 0.4314 0.3922 0.1961 30.0000 2.0000 
57 3176 42 0.1096 0.0572 -10.8820 0.2772 0.1456 -10.9459 0.1800 0.2000 0.4314 0.3922 0.1961 26.5659 2.0000 
3176 3177 42 0.2772 0.1456 -10.9459 0.4645 0.1923 -10.9982 0.1800 0.2000 0.4314 0.3922 0.1961 26.6555 2.0000 
3177 3178 42 0.4645 0.1923 -10.9982 0.6473 0.2687 -11.0257 0.1800 0.2000 0.4314 0.3922 0.1961 26.7455 2.0000 
3178 3179 42 0.6473 0.2687 -11.0257 0.8256 0.3592 -11.0221 0.1800 0.2000 0.4314 0.3922 0.1961 26.8358 2.0000 
3179 3180 42 0.8256 0.3592 -11.0221 0.9960 0.4634 -11.0106 0.1800 0.2000 0.4314 0.3922 0.1961 26.9265 2.0000 
3180 3181 42 0.9960 0.4634 -11.0106 1.1647 0.5697 -10.9949 0.1800 0.2000 0.4314 0.3922 0.1961 27.0175 2.0000 
3181 3182 42 1.1647 0.5697 -10.9949 1.3301 0.6812 -10.9810 0.1800 0.2000 0.4314 0.3922 0.1961 27.1089 2.0000 
3182 3183 42 1.3301 0.6812 -10.9810 1.4920 0.7978 -10.9668 0.1800 0.2000 0.4314 0.3922 0.1961 27.2007 2.0000 
3183 3184 42 1.4920 0.7978 -10.9668 1.6775 0.8704 -10.9491 0.1800 0.2000 0.4314 0.3922 0.1961 27.2929 2.0000 
3184 3185 42 1.6775 0.8704 -10.9491 1.8529 0.9594 -10.9854 0.1800 0.2000 0.4314 0.3922 0.1961 27.3854 2.0000 
3185 3186 42 1.8529 0.9594 -10.9854 2.0096 1.0528 -11.0673 0.1800 0.2000 0.4314 0.3922 0.1961 27.4783 2.0000 
3186 3187 42 2.0096 1.0528 -11.0673 2.1644 1.1501 -11.1484 0.1800 0.2000 0.4314 0.3922 0.1961 27.5716 2.0000 
3187 3188 42 2.1644 1.1501 -11.1484 2.3272 1.2137 -11.2456 0.1800 0.2000 0.4314 0.3922 0.1961 27.6653 2.0000 
3188 3189 42 2.3272 1.2137 -11.2456 2.4725 1.2559 -11.3764 0.1800 0.2000 0.4314 0.3922 0.1961 27.7593 2.0000 
3189 3190 42 2.4725 1.2559 -11.3764 2.6088 1.3049 -11.5143 0.1800 0.2000 0.4314 0.3922 0.1961 27.8537 2.0000 
3190 3191 42 2.6088 1.3049 -11.5143 2.7539 1.3539 -11.6430 0.1800 0.2000 0.4314 0.3922 0.1961 27.9486 2.0000 
3191 3192 42 2.7539 1.3539 -11.6430 2.9035 1.3742 -11.7742 0.1800 0.2000 0.4314 0.3922 0.1961 28.0438 2.0000 
3192 3193 42 2.9035 1.3742 -11.7742 3.0750 1.4033 -11.8728 0.1800 0.2000 0.4314 0.3922 0.1961 28.1394 2.0000 
3193 3194 42 3.0750 1.4033 -11.8728 3.2396 1.4515 -11.9757 0.1800 0.2000 0.4314 0.3922 0.1961 28.2355 2.0000 
3194 3195 42 3.2396 1.4515 -11.9757 3.3964 1.4763 -12.0973 0.1800 0.2000 0.4314 0.3922 0.1961 28.3319 2.0000 
3195 3196 42 3.3964 1.4763 -12.0973 3.5590 1.5302 -12.2006 0.1800 0.2000 0.4314 0.3922 0.1961 28.4288 2.0000 
3196 3197 42 3.5590 1.5302 -12.2006 3.7273 1.5784 -12.2972 0.1800 0.2000 0.4314 0.3922 0.1961 28.5260 2.0000 
3197 3198 42 3.7273 1.5784 -12.2972 3.8901 1.6267 -12.4029 0.1800 0.2000 0.4314 0.3922 0.1961 28.6237 2.0000 
3198 3199 42 3.8901 1.6267 -12.4029 4.0518 1.6496 -12.5184 0.1800 0.2000 0.4314 0.3922 0.1961 28.7218 2.0000 
3199 3200 42 4.0518 1.6496 -12.5184 4.2142 1.6657 -12.6339 0.1800 0.2000 0.4314 0.3922 0.1961 28.8203 2.0000 
3200 3201 42 4.2142 1.6657 -12.6339 4.3570 1.6628 -12.7740 0.1800 0.2000 0.4314 0.3922 0.1961 28.9193 2.0000 
3201 3202 42 4.3570 1.6628 -12.7740 4.4995 1.6592 -12.9143 0.1800 0.2000 0.4314 0.3922 0.1961 29.0186 2.0000 
3202 3203 42 4.4995 1.6592 -12.9143 4.6429 1.6585 -13.0537 0.1800 0.2000 0.4314 0.3922 0.1961 29.1185 2.0000 
3203 3204 42 4.6429 1.6585 -13.0537 4.8035 1.6459 -13.1722 0.1800 0.2000 0.4314 0.3922 0.1961 29.2187 2.0000 
3204 3205 42 4.8035 1.6459 -13.1722 4.9506 1.6192 -13.3050 0.1800 0.2000 0.4314 0.3922 0.1961 29.3194 2.0000 
3205 3206 42 4.9506 1.6192 -13.3050 5.0870 1.5912 -13.4487 0.1800 0.2000 0.4314 0.3922 0.1961 29.4205 2.0000 
3206 3207 42 5.0870 1.5912 -13.4487 5.2215 1.5615 -13.5937 0.1800 0.2000 0.4314 0.3922 0.1961 29.5221 2.0000 
3207 3208 42 5.2215 1.5615 -13.5937 5.3604 1.5387 -13.7357 0.1800 0.2000 0.4314 0.3922 0.1961 29.6242 2.0000 
3208 3209 42 5.3604 1.5387 -13.7357 5.4685 1.5295 -13.9037 0.1800 0.2000 0.4314 0.3922 0.1961 29.7267 2.0000 
3209 3210 42 5.4685 1.5295 -13.9037 5.5760 1.5186 -14.0720 0.1800 0.2000 0.4314 0.3922 0.1961 29.8297 2.0000 
3210 3211 42 5.5760 1.5186 -14.0720 5.6838 1.5107 -14.2403 0.1800 0.2000 0.4314 0.3922 0.1961 29.9331 2.0000 
3211 3212 42 5.6838 1.5107 -14.2403 5.7340 1.5201 -14.3586 0.1800 0.1289 0.4314 0.3922 0.1961 30.0000 2.0000 
59 3213 43 0.0731 0.0932 -11.2369 0.2315 0.1307 -11.3532 0.1800 0.2000 0.4314 0.3922 0.1961 27.0852 2.0000 
3213 3214 43 0.2315 0.1307 -11.3532 0.3887 0.1580 -11.4737 0.1800 0.2000 0.4314 0.3922 0.1961 27.1624 2.0000 
3214 3215 43 0.3887 0.1580 -11.4737 0.5227 0.1914 -11.6184 0.1800 0.2000 0.4314 0.3922 0.1961 27.2400 2.0000 
3215 3216 43 0.5227 0.1914 -11.6184 0.6746 0.2701 -11.7220 0.1800 0.2000 0.4314 0.3922 0.1961 27.3178 2.0000 
3216 3217 43 0.6746 0.2701 -11.7220 0.8020 0.3659 -11.8428 0.1800 0.2000 0.4314 0.3922 0.1961 27.3960 2.0000 
3217 3218 43 0.8020 0.3659 -11.8428 0.9469 0.4598 -11.9437 0.1800 0.2000 0.4314 0.3922 0.1961 27.4745 2.0000 
3218 3219 43 0.9469 0.4598 -11.9437 1.0866 0.5559 -12.0497 0.1800 0.2000 0.4314 0.3922 0.1961 27.5533 2.0000 
3219 3220 43 1.0866 0.5559 -12.0497 1.2070 0.6760 -12.1550 0.1800 0.2000 0.4314 0.3922 0.1961 27.6324 2.0000 
3220 3221 43 1.2070 0.6760 -12.1550 1.3182 0.7842 -12.2812 0.1800 0.2000 0.4314 0.3922 0.1961 27.7118 2.0000 
3221 3222 43 1.3182 0.7842 -12.2812 1.4328 0.8778 -12.4158 0.1800 0.2000 0.4314 0.3922 0.1961 27.7916 2.0000 
3222 3223 43 1.4328 0.8778 -12.4158 1.5283 0.9580 -12.5721 0.1800 0.2000 0.4314 0.3922 0.1961 27.8717 2.0000 
3223 3224 43 1.5283 0.9580 -12.5721 1.6229 1.0464 -12.7246 0.1800 0.2000 0.4314 0.3922 0.1961 27.9521 2.0000 
3224 3225 43 1.6229 1.0464 -12.7246 1.7201 1.1628 -12.8550 0.1800 0.2000 0.4314 0.3922 0.1961 28.0328 2.0000 
3225 3226 43 1.7201 1.1628 -12.8550 1.8000 1.2305 -13.0254 0.1800 0.2000 0.4314 0.3922 0.1961 28.1139 2.0000 
3226 3227 43 1.8000 1.2305 -13.0254 1.8458 1.2762 -13.2146 0.1800 0.2000 0.4314 0.3922 0.1961 28.1953 2.0000 
3227 3228 43 1.8458 1.2762 -13.2146 1.8540 1.3087 -13.4118 0.1800 0.2000 0.4314 0.3922 0.1961 28.2771 2.0000 
3228 3229 43 1.8540 1.3087 -13.4118 1.8614 1.3395 -13.6093 0.1800 0.2000 0.4314 0.3922 0.1961 28.3591 2.0000 
3229 3230 43 1.8614 1.3395 -13.6093 1.8961 1.3619 -13.8049 0.1800 0.2000 0.4314 0.3922 0.1961 28.4416 2.0000 
3230 3231 43 1.8961 1.3619 -13.8049 1.9152 1.3925 -14.0017 0.1800 0.2000 0.4314 0.3922 0.1961 28.5244 2.0000 
3231 3232 43 1.9152 1.3925 -14.0017 1.9420 1.4030 -14.1996 0.1800 0.2000 0.4314 0.3922 0.1961 28.6075 2.0000 
3232 3233 43 1.9420 1.4030 -14.1996 1.9297 1.4005 -14.3992 0.1800 0.2000 0.4314 0.3922 0.1961 28.6910 2.0000 
3233 3234 43 1.9297 1.4005 -14.3992 1.9455 1.3988 -14.5986 0.1800 0.2000 0.4314 0.3922 0.1961 28.7748 2.0000 
3234 3235 43 1.9455 1.3988 -14.5986 1.9030 1.4073 -14.7938 0.1800 0.2000 0.4314 0.3922 0.1961 28.8590 2.0000 
3235 3236 43 1.9030 1.4073 -14.7938 1.8825 1.3924 -14.9922 0.1800 0.2000 0.4314 0.3922 0.1961 28.9436 2.0000 
3236 3237 43 1.8825 1.3924 -14.9922 1.8651 1.3832 -15.1912 0.1800 0.2000 0.4314 0.3922 0.1961 29.0285 2.0000 
3237 3238 43 1.8651 1.3832 -15.1912 1.8679 1.3953 -15.3908 0.1800 0.2000 0.4314 0.3922 0.1961 29.1138 2.0000 
3238 3239 43 1.8679 1.3953 -15.3908 1.8746 1.4065 -15.5904 0.1800 0.2000 0.4314 0.3922 0.1961 29.1995 2.0000 
3239 3240 43 1.8746 1.4065 -15.5904 1.8807 1.4089 -15.7903 0.1800 0.2000 0.4314 0.3922 0.1961 29.2855 2.0000 
3240 3241 43 1.8807 1.4089 -15.7903 1.8884 1.4086 -15.9902 0.1800 0.2000 0.4314 0.3922 0.1961 29.3719 2.0000 
3241 3242 43 1.8884 1.4086 -15.9902 1.8960 1.4083 -16.1900 0.1800 0.2000 0.4314 0.3922 0.1961 29.4587 2.0000 
3242 3243 43 1.8960 1.4083 -16.1900 1.8984 1.4052 -16.3900 0.1800 0.2000 0.4314 0.3922 0.1961 29.5459 2.0000 
3243 3244 43 1.8984 1.4052 -16.3900 1.9030 1.4137 -16.5897 0.1800 0.2000 0.4314 0.3922 0.1961 29.6335 2.0000 
3244 3245 43 1.9030 1.4137 -16.5897 1.9499 1.4143 -16.7842 0.1800 0.2000 0.4314 0.3922 0.1961 29.7214 2.0000 
3245 3246 43 1.9499 1.4143 -16.7842 1.9918 1.4213 -16.9796 0.1800 0.2000 0.4314 0.3922 0.1961 29.8098 2.0000 
3246 3247 43 1.9918 1.4213 -16.9796 2.0344 1.4296 -17.1748 0.1800 0.2000 0.4314 0.3922 0.1961 29.8986 2.0000 
3247 3248 43 2.0344 1.4296 -17.1748 2.0715 1.4228 -17.3712 0.1800 0.2000 0.4314 0.3922 0.1961 29.9877 2.0000 
3248 3249 43 2.0715 1.4228 -17.3712 2.0794 1.4188 -17.3972 0.1800 0.0275 0.4314 0.3922 0.1961 30.0000 2.0000 
60 3250 44 0.0657 0.0646 -11.4027 0.1357 -0.1183 -11.4433 0.1800 0.2000 0.4314 0.3922 0.1961 27.3645 2.0000 
3250 3251 44 0.1357 -0.1183 -11.4433 0.2328 -0.2895 -11.4786 0.1800 0.2000 0.4314 0.3922 0.1961 27.4692 2.0000 
3251 3252 44 0.2328 -0.2895 -11.4786 0.3298 -0.4605 -11.5153 0.1800 0.2000 0.4314 0.3922 0.1961 27.5742 2.0000 
3252 3253 44 0.3298 -0.4605 -11.5153 0.4216 -0.6269 -11.5775 0.1800 0.2000 0.4314 0.3922 0.1961 27.6798 2.0000 
3253 3254 44 0.4216 -0.6269 -11.5775 0.5310 -0.7781 -11.6496 0.1800 0.2000 0.4314 0.3922 0.1961 27.7857 2.0000 
3254 3255 44 0.5310 -0.7781 -11.6496 0.6392 -0.9161 -11.7458 0.1800 0.2000 0.4314 0.3922 0.1961 27.8920 2.0000 
3255 3256 44 0.6392 -0.9161 -11.7458 0.7488 -1.0439 -11.8537 0.1800 0.2000 0.4314 0.3922 0.1961 27.9988 2.0000 
3256 3257 44 0.7488 -1.0439 -11.8537 0.8370 -1.1896 -11.9586 0.1800 0.2000 0.4314 0.3922 0.1961 28.1060 2.0000 
3257 3258 44 0.8370 -1.1896 -11.9586 0.9461 -1.3281 -12.0530 0.1800 0.2000 0.4314 0.3922 0.1961 28.2137 2.0000 
3258 3259 44 0.9461 -1.3281 -12.0530 1.0445 -1.4736 -12.1487 0.1800 0.2000 0.4314 0.3922 0.1961 28.3217 2.0000 
3259 3260 44 1.0445 -1.4736 -12.1487 1.1282 -1.6174 -12.2595 0.1800 0.2000 0.4314 0.3922 0.1961 28.4303 2.0000 
3260 3261 44 1.1282 -1.6174 -12.2595 1.2220 -1.7521 -12.3739 0.1800 0.2000 0.4314 0.3922 0.1961 28.5392 2.0000 
3261 3262 44 1.2220 -1.7521 -12.3739 1.3150 -1.8877 -12.4877 0.1800 0.2000 0.4314 0.3922 0.1961 28.6486 2.0000 
3262 3263 44 1.3150 -1.8877 -12.4877 1.4094 -2.0359 -12.5832 0.1800 0.2000 0.4314 0.3922 0.1961 28.7585 2.0000 
3263 3264 44 1.4094 -2.0359 -12.5832 1.5038 -2.1841 -12.6788 0.1800 0.2000 0.4314 0.3922 0.1961 28.8688 2.0000 
3264 3265 44 1.5038 -2.1841 -12.6788 1.5836 -2.3140 -12.8082 0.1800 0.2000 0.4314 0.3922 0.1961 28.9796 2.0000 
3265 3266 44 1.5836 -2.3140 -12.8082 1.6501 -2.4502 -12.9387 0.1800 0.2000 0.4314 0.3922 0.1961 29.0908 2.0000 
3266 3267 44 1.6501 -2.4502 -12.9387 1.7485 -2.5732 -13.0619 0.1800 0.2000 0.4314 0.3922 0.1961 29.2025 2.0000 
3267 3268 44 1.7485 -2.5732 -13.0619 1.8878 -2.6580 -13.1777 0.1800 0.2000 0.4314 0.3922 0.1961 29.3147 2.0000 
3268 3269 44 1.8878 -2.6580 -13.1777 2.0482 -2.7307 -13.2726 0.1800 0.2000 0.4314 0.3922 0.1961 29.4273 2.0000 
3269 3270 44 2.0482 -2.7307 -13.2726 2.2176 -2.7979 -13.3549 0.1800 0.2000 0.4314 0.3922 0.1961 29.5405 2.0000 
3270 3271 44 2.2176 -2.7979 -13.3549 2.3724 -2.8594 -13.4657 0.1800 0.2000 0.4314 0.3922 0.1961 29.6541 2.0000 
3271 3272 44 2.3724 -2.8594 -13.4657 2.5300 -2.9005 -13.5816 0.1800 0.2000 0.4314 0.3922 0.1961 29.7682 2.0000 
3272 3273 44 2.5300 -2.9005 -13.5816 2.6898 -2.9446 -13.6936 0.1800 0.2000 0.4314 0.3922 0.1961 29.8827 2.0000 
3273 3274 44 2.6898 -2.9446 -13.6936 2.8695 -2.9507 -13.7812 0.1800 0.2000 0.4314 0.3922 0.1961 29.9978 2.0000 
3274 3275 44 2.8695 -2.9507 -13.7812 2.8728 -2.9508 -13.7829 0.1800 0.0038 0.4314 0.3922 0.1961 30.0000 2.0000 
62 3276 45 0.0537 0.0291 -11.6203 0.2036 0.1226 -11.7140 0.1800 0.2000 0.4314 0.3922 0.1961 27.6862 2.0000 
3276 3277 45 0.2036 0.1226 -11.7140 0.3497 0.2270 -11.8021 0.1800 0.2000 0.4314 0.3922 0.1961 27.7798 2.0000 
3277 3278 45 0.3497 0.2270 -11.8021 0.4946 0.3219 -11.9021 0.1800 0.2000 0.4314 0.3922 0.1961 27.8737 2.0000 
3278 3279 45 0.4946 0.3219 -11.9021 0.6305 0.4505 -11.9728 0.1800 0.2000 0.4314 0.3922 0.1961 27.9679 2.0000 
3279 3280 45 0.6305 0.4505 -11.9728 0.7843 0.5533 -12.0487 0.1800 0.2000 0.4314 0.3922 0.1961 28.0626 2.0000 
3280 3281 45 0.7843 0.5533 -12.0487 0.8805 0.6858 -12.1636 0.1800 0.2000 0.4314 0.3922 0.1961 28.1576 2.0000 
3281 3282 45 0.8805 0.6858 -12.1636 0.9857 0.8390 -12.2376 0.1800 0.2000 0.4314 0.3922 0.1961 28.2530 2.0000 
3282 3283 45 0.9857 0.8390 -12.2376 1.0949 0.9954 -12.2975 0.1800 0.2000 0.4314 0.3922 0.1961 28.3488 2.0000 
3283 3284 45 1.0949 0.9954 -12.2975 1.2054 1.1331 -12.3915 0.1800 0.2000 0.4314 0.3922 0.1961 28.4449 2.0000 
3284 3285 45 1.2054 1.1331 -12.3915 1.3038 1.2792 -12.4863 0.1800 0.2000 0.4314 0.3922 0.1961 28.5415 2.0000 
3285 3286 45 1.3038 1.2792 -12.4863 1.3847 1.4320 -12.5868 0.1800 0.2000 0.4314 0.3922 0.1961 28.6385 2.0000 
3286 3287 45 1.3847 1.4320 -12.5868 1.4615 1.5867 -12.6875 0.1800 0.2000 0.4314 0.3922 0.1961 28.7358 2.0000 
3287 3288 45 1.4615 1.5867 -12.6875 1.5394 1.7409 -12.7883 0.1800 0.2000 0.4314 0.3922 0.1961 28.8336 2.0000 
3288 3289 45 1.5394 1.7409 -12.7883 1.6220 1.8881 -12.8956 0.1800 0.2000 0.4314 0.3922 0.1961 28.9317 2.0000 
3289 3290 45 1.6220 1.8881 -12.8956 1.7173 2.0473 -12.9703 0.1800 0.2000 0.4314 0.3922 0.1961 29.0303 2.0000 
3290 3291 45 1.7173 2.0473 -12.9703 1.8152 2.2032 -13.0485 0.1800 0.2000 0.4314 0.3922 0.1961 29.1293 2.0000 
3291 3292 45 1.8152 2.2032 -13.0485 1.9106 2.3627 -13.1225 0.1800 0.2000 0.4314 0.3922 0.1961 29.2287 2.0000 
3292 3293 45 1.9106 2.3627 -13.1225 2.0326 2.5024 -13.1973 0.1800 0.2000 0.4314 0.3922 0.1961 29.3285 2.0000 
3293 3294 45 2.0326 2.5024 -13.1973 2.1537 2.6423 -13.2732 0.1800 0.2000 0.4314 0.3922 0.1961 29.4287 2.0000 
3294 3295 45 2.1537 2.6423 -13.2732 2.2803 2.7728 -13.3564 0.1800 0.2000 0.4314 0.3922 0.1961 29.5293 2.0000 
3295 3296 45 2.2803 2.7728 -13.3564 2.4163 2.8970 -13.4345 0.1800 0.2000 0.4314 0.3922 0.1961 29.6304 2.0000 
3296 3297 45 2.4163 2.8970 -13.4345 2.5693 2.9960 -13.5169 0.1800 0.2000 0.4314 0.3922 0.1961 29.7319 2.0000 
3297 3298 45 2.5693 2.9960 -13.5169 2.7234 3.0949 -13.5972 0.1800 0.2000 0.4314 0.3922 0.1961 29.8338 2.0000 
3298 3299 45 2.7234 3.0949 -13.5972 2.8595 3.1778 -13.7181 0.1800 0.2000 0.4314 0.3922 0.1961 29.9362 2.0000 
3299 3300 45 2.8595 3.1778 -13.7181 2.9499 3.2297 -13.7856 0.1800 0.1242 0.4314 0.3922 0.1961 30.0000 2.0000 
64 3301 46 0.0153 0.0040 -11.8690 -0.1770 -0.0350 -11.9078 0.1800 0.2000 0.4314 0.3922 0.1961 28.1220 2.0000 
3301 3302 46 -0.1770 -0.0350 -11.9078 -0.3664 0.0084 -11.9553 0.1800 0.2000 0.4314 0.3922 0.1961 28.2671 2.0000 
3302 3303 46 -0.3664 0.0084 -11.9553 -0.5556 0.0163 -12.0196 0.1800 0.2000 0.4314 0.3922 0.1961 28.4127 2.0000 
3303 3304 46 -0.5556 0.0163 -12.0196 -0.7427 0.0471 -12.0833 0.1800 0.2000 0.4314 0.3922 0.1961 28.5590 2.0000 
3304 3305 46 -0.7427 0.0471 -12.0833 -0.9084 0.0691 -12.1931 0.1800 0.2000 0.4314 0.3922 0.1961 28.7058 2.0000 
3305 3306 46 -0.9084 0.0691 -12.1931 -1.0788 0.1027 -12.2922 0.1800 0.2000 0.4314 0.3922 0.1961 28.8532 2.0000 
3306 3307 46 -1.0788 0.1027 -12.2922 -1.2575 0.1099 -12.3818 0.1800 0.2000 0.4314 0.3922 0.1961 29.0012 2.0000 
3307 3308 46 -1.2575 0.1099 -12.3818 -1.4352 0.1147 -12.4734 0.1800 0.2000 0.4314 0.3922 0.1961 29.1498 2.0000 
3308 3309 46 -1.4352 0.1147 -12.4734 -1.6083 0.1358 -12.5714 0.1800 0.2000 0.4314 0.3922 0.1961 29.2990 2.0000 
3309 3310 46 -1.6083 0.1358 -12.5714 -1.7777 0.1333 -12.6777 0.1800 0.2000 0.4314 0.3922 0.1961 29.4488 2.0000 
3310 3311 46 -1.7777 0.1333 -12.6777 -1.9412 0.1349 -12.7929 0.1800 0.2000 0.4314 0.3922 0.1961 29.5992 2.0000 
3311 3312 46 -1.9412 0.1349 -12.7929 -2.0562 0.1317 -12.9564 0.1800 0.2000 0.4314 0.3922 0.1961 29.7503 2.0000 
3312 3313 46 -2.0562 0.1317 -12.9564 -2.1665 0.1531 -13.1219 0.1800 0.2000 0.4314 0.3922 0.1961 29.9019 2.0000 
3313 3314 46 -2.1665 0.1531 -13.1219 -2.2185 0.1662 -13.2391 0.1800 0.1289 0.4314 0.3922 0.1961 30.0000 2.0000 
66 3315 47 -0.0330 -0.0174 -12.1691 -0.0580 0.1616 -12.2546 0.1800 0.2000 0.4314 0.3922 0.1961 28.5334 2.0000 
3315 3316 47 -0.0580 0.1616 -12.2546 -0.0773 0.3370 -12.3487 0.1800 0.2000 0.4314 0.3922 0.1961 28.6205 2.0000 
3316 3317 47 -0.0773 0.3370 -12.3487 -0.0794 0.5008 -12.4635 0.1800 0.2000 0.4314 0.3922 0.1961 28.7080 2.0000 
3317 3318 47 -0.0794 0.5008 -12.4635 -0.0899 0.6467 -12.5999 0.1800 0.2000 0.4314 0.3922 0.1961 28.7957 2.0000 
3318 3319 47 -0.0899 0.6467 -12.5999 -0.1026 0.8150 -12.7072 0.1800 0.2000 0.4314 0.3922 0.1961 28.8839 2.0000 
3319 3320 47 -0.1026 0.8150 -12.7072 -0.1447 0.9665 -12.8308 0.1800 0.2000 0.4314 0.3922 0.1961 28.9723 2.0000 
3320 3321 47 -0.1447 0.9665 -12.8308 -0.1702 1.1010 -12.9766 0.1800 0.2000 0.4314 0.3922 0.1961 29.0612 2.0000 
3321 3322 47 -0.1702 1.1010 -12.9766 -0.1690 1.2153 -13.1407 0.1800 0.2000 0.4314 0.3922 0.1961 29.1504 2.0000 
3322 3323 47 -0.1690 1.2153 -13.1407 -0.1726 1.3181 -13.3123 0.1800 0.2000 0.4314 0.3922 0.1961 29.2399 2.0000 
3323 3324 47 -0.1726 1.3181 -13.3123 -0.1908 1.4233 -13.4813 0.1800 0.2000 0.4314 0.3922 0.1961 29.3298 2.0000 
3324 3325 47 -0.1908 1.4233 -13.4813 -0.1874 1.5367 -13.6461 0.1800 0.2000 0.4314 0.3922 0.1961 29.4201 2.0000 
3325 3326 47 -0.1874 1.5367 -13.6461 -0.1827 1.6307 -13.8225 0.1800 0.2000 0.4314 0.3922 0.1961 29.5108 2.0000 
3326 3327 47 -0.1827 1.6307 -13.8225 -0.1804 1.7148 -14.0040 0.1800 0.2000 0.4314 0.3922 0.1961 29.6018 2.0000 
3327 3328 47 -0.1804 1.7148 -14.0040 -0.1686 1.7507 -14.2004 0.1800 0.2000 0.4314 0.3922 0.1961 29.6932 2.0000 
3328 3329 47 -0.1686 1.7507 -14.2004 -0.1555 1.7898 -14.3961 0.1800 0.2000 0.4314 0.3922 0.1961 29.7850 2.0000 
3329 3330 47 -0.1555 1.7898 -14.3961 -0.1559 1.8217 -14.5935 0.1800 0.2000 0.4314 0.3922 0.1961 29.8771 2.0000 
3330 3331 47 -0.1559 1.8217 -14.5935 -0.1393 1.8309 -14.7926 0.1800 0.2000 0.4314 0.3922 0.1961 29.9697 2.0000 
3331 3332 47 -0.1393 1.8309 -14.7926 -0.1337 1.8341 -14.8577 0.1800 0.0654 0.4314 0.3922 0.1961 30.0000 2.0000 
67 3333 48 -0.0412 -0.0294 -12.2626 0.0273 -0.2043 -12.3315 0.1800 0.2000 0.4314 0.3922 0.1961 28.6808 2.0000 
3333 3334 48 0.0273 -0.2043 -12.3315 0.1333 -0.3582 -12.4025 0.1800 0.2000 0.4314 0.3922 0.1961 28.7687 2.0000 
3334 3335 48 0.1333 -0.3582 -12.4025 0.2543 -0.5120 -12.4441 0.1800 0.2000 0.4314 0.3922 0.1961 28.8570 2.0000 
3335 3336 48 0.2543 -0.5120 -12.4441 0.3785 -0.6663 -12.4715 0.1800 0.2000 0.4314 0.3922 0.1961 28.9457 2.0000 
3336 3337 48 0.3785 -0.6663 -12.4715 0.5171 -0.8082 -12.4973 0.1800 0.2000 0.4314 0.3922 0.1961 29.0346 2.0000 
3337 3338 48 0.5171 -0.8082 -12.4973 0.6399 -0.9563 -12.5518 0.1800 0.2000 0.4314 0.3922 0.1961 29.1240 2.0000 
3338 3339 48 0.6399 -0.9563 -12.5518 0.7661 -1.0982 -12.6146 0.1800 0.2000 0.4314 0.3922 0.1961 29.2137 2.0000 
3339 3340 48 0.7661 -1.0982 -12.6146 0.9002 -1.2325 -12.6776 0.1800 0.2000 0.4314 0.3922 0.1961 29.3037 2.0000 
3340 3341 48 0.9002 -1.2325 -12.6776 1.0401 -1.3489 -12.7607 0.1800 0.2000 0.4314 0.3922 0.1961 29.3941 2.0000 
3341 3342 48 1.0401 -1.3489 -12.7607 1.1866 -1.4571 -12.8432 0.1800 0.2000 0.4314 0.3922 0.1961 29.4849 2.0000 
3342 3343 48 1.1866 -1.4571 -12.8432 1.3437 -1.5455 -12.9298 0.1800 0.2000 0.4314 0.3922 0.1961 29.5761 2.0000 
3343 3344 48 1.3437 -1.5455 -12.9298 1.5008 -1.6341 -13.0163 0.1800 0.2000 0.4314 0.3922 0.1961 29.6676 2.0000 
3344 3345 48 1.5008 -1.6341 -13.0163 1.6668 -1.6681 -13.1225 0.1800 0.2000 0.4314 0.3922 0.1961 29.7595 2.0000 
3345 3346 48 1.6668 -1.6681 -13.1225 1.8323 -1.7024 -13.2296 0.1800 0.2000 0.4314 0.3922 0.1961 29.8518 2.0000 
3346 3347 48 1.8323 -1.7024 -13.2296 1.9997 -1.7362 -13.3335 0.1800 0.2000 0.4314 0.3922 0.1961 29.9445 2.0000 
3347 3348 48 1.9997 -1.7362 -13.3335 2.1008 -1.7580 -13.3933 0.1800 0.1194 0.4314 0.3922 0.1961 30.0000 2.0000 
69 3349 49 -0.0525 -0.0824 -12.5964 -0.0642 -0.2734 -12.6545 0.1800 0.2000 0.4314 0.3922 0.1961 29.7610 2.0000 
3349 3350 49 -0.0642 -0.2734 -12.6545 -0.0707 -0.3399 -12.6882 0.1800 0.0748 0.4314 0.3922 0.1961 30.0000 2.0000 
71 3351 50 -0.0624 -0.1391 -12.9500 -0.1492 -0.3133 -12.9961 0.1800 0.2000 0.4314 0.3922 0.1961 29.7659 2.0000 
3351 3352 50 -0.1492 -0.3133 -12.9961 -0.2334 -0.4890 -13.0413 0.1800 0.2000 0.4314 0.3922 0.1961 29.8407 2.0000 
3352 3353 50 -0.2334 -0.4890 -13.0413 -0.3574 -0.6359 -13.0965 0.1800 0.2000 0.4314 0.3922 0.1961 29.9158 2.0000 
3353 3354 50 -0.3574 -0.6359 -13.0965 -0.4903 -0.7774 -13.1447 0.1800 0.2000 0.4314 0.3922 0.1961 29.9912 2.0000 
3354 3355 50 -0.4903 -0.7774 -13.1447 -0.5053 -0.7940 -13.1514 0.1800 0.0234 0.4314 0.3922 0.1961 30.0000 2.0000 
