node1ID node2ID branchID x1 y1 z1 x2 y2 z2 radius length R G B time type 
0 1 0 0.0000 0.0000 -0.0000 0.0009 -0.0012 -0.0548 0.0726 0.0549 0.4314 0.3922 0.1961 0.0505 1.0000 
1 2 0 0.0009 -0.0012 -0.0548 -0.0024 -0.0244 -0.2534 0.0726 0.2000 0.4314 0.3922 0.1961 0.2352 1.0000 
2 3 0 -0.0024 -0.0244 -0.2534 -0.0020 -0.0382 -0.3855 0.0726 0.1328 0.4314 0.3922 0.1961 0.3582 1.0000 
3 4 0 -0.0020 -0.0382 -0.3855 0.0043 -0.0485 -0.5146 0.0726 0.1297 0.4314 0.3922 0.1961 0.4786 1.0000 
4 5 0 0.0043 -0.0485 -0.5146 0.0172 -0.0632 -0.7136 0.0726 0.2000 0.4314 0.3922 0.1961 0.6651 1.0000 
5 6 0 0.0172 -0.0632 -0.7136 0.0172 -0.0633 -0.7147 0.0726 0.0011 0.4314 0.3922 0.1961 0.6661 1.0000 
6 7 0 0.0172 -0.0633 -0.7147 0.0314 -0.0863 -0.9129 0.0726 0.2000 0.4314 0.3922 0.1961 0.8533 1.0000 
7 8 0 0.0314 -0.0863 -0.9129 0.0390 -0.0918 -1.0765 0.0726 0.1639 0.4314 0.3922 0.1961 1.0073 1.0000 
8 9 0 0.0390 -0.0918 -1.0765 0.0440 -0.0910 -1.2765 0.0726 0.2000 0.4314 0.3922 0.1961 1.1959 1.0000 
9 10 0 0.0440 -0.0910 -1.2765 0.0441 -0.0910 -1.2852 0.0726 0.0087 0.4314 0.3922 0.1961 1.2041 1.0000 
10 11 0 0.0441 -0.0910 -1.2852 0.0549 -0.0819 -1.4846 0.0726 0.2000 0.4314 0.3922 0.1961 1.3935 1.0000 
11 12 0 0.0549 -0.0819 -1.4846 0.0497 -0.0938 -1.6221 0.0726 0.1381 0.4314 0.3922 0.1961 1.5248 1.0000 
12 13 0 0.0497 -0.0938 -1.6221 0.0317 -0.0860 -1.7954 0.0726 0.1743 0.4314 0.3922 0.1961 1.6911 1.0000 
13 14 0 0.0317 -0.0860 -1.7954 0.0243 -0.0813 -1.8614 0.0726 0.0666 0.4314 0.3922 0.1961 1.7547 1.0000 
14 15 0 0.0243 -0.0813 -1.8614 0.0149 -0.0589 -2.0599 0.0726 0.2000 0.4314 0.3922 0.1961 1.9465 1.0000 
15 16 0 0.0149 -0.0589 -2.0599 0.0139 -0.0550 -2.0942 0.0726 0.0345 0.4314 0.3922 0.1961 1.9796 1.0000 
16 17 0 0.0139 -0.0550 -2.0942 0.0252 -0.0501 -2.2938 0.0726 0.2000 0.4314 0.3922 0.1961 2.1724 1.0000 
17 18 0 0.0252 -0.0501 -2.2938 0.0324 -0.0468 -2.3989 0.0726 0.1054 0.4314 0.3922 0.1961 2.2742 1.0000 
18 19 0 0.0324 -0.0468 -2.3989 0.0322 -0.0550 -2.5987 0.0726 0.2000 0.4314 0.3922 0.1961 2.4682 1.0000 
19 20 0 0.0322 -0.0550 -2.5987 0.0327 -0.0552 -2.6408 0.0726 0.0421 0.4314 0.3922 0.1961 2.5092 1.0000 
20 21 0 0.0327 -0.0552 -2.6408 0.0322 -0.0544 -2.7420 0.0726 0.1012 0.4314 0.3922 0.1961 2.6077 1.0000 
21 22 0 0.0322 -0.0544 -2.7420 0.0194 -0.0553 -2.9416 0.0726 0.2000 0.4314 0.3922 0.1961 2.8032 1.0000 
22 23 0 0.0194 -0.0553 -2.9416 0.0134 -0.0613 -3.0639 0.0726 0.1227 0.4314 0.3922 0.1961 2.9234 1.0000 
23 24 0 0.0134 -0.0613 -3.0639 -0.0058 -0.0790 -3.2622 0.0726 0.2000 0.4314 0.3922 0.1961 3.1202 1.0000 
24 25 0 -0.0058 -0.0790 -3.2622 -0.0074 -0.0798 -3.2823 0.0726 0.0202 0.4314 0.3922 0.1961 3.1401 1.0000 
25 26 0 -0.0074 -0.0798 -3.2823 -0.0219 -0.0844 -3.4817 0.0726 0.2000 0.4314 0.3922 0.1961 3.3378 1.0000 
26 27 0 -0.0219 -0.0844 -3.4817 -0.0222 -0.0931 -3.6815 0.0726 0.2000 0.4314 0.3922 0.1961 3.5365 1.0000 
27 28 0 -0.0222 -0.0931 -3.6815 -0.0219 -0.0947 -3.7431 0.0726 0.0615 0.4314 0.3922 0.1961 3.5977 1.0000 
28 29 0 -0.0219 -0.0947 -3.7431 -0.0274 -0.0859 -3.9396 0.0726 0.1968 0.4314 0.3922 0.1961 3.7943 1.0000 
29 30 0 -0.0274 -0.0859 -3.9396 -0.0288 -0.0861 -4.0754 0.0726 0.1358 0.4314 0.3922 0.1961 3.9304 1.0000 
30 31 0 -0.0288 -0.0861 -4.0754 -0.0302 -0.0877 -4.2754 0.0726 0.2000 0.4314 0.3922 0.1961 4.1317 1.0000 
31 32 0 -0.0302 -0.0877 -4.2754 -0.0301 -0.0876 -4.3791 0.0726 0.1037 0.4314 0.3922 0.1961 4.2364 1.0000 
32 33 0 -0.0301 -0.0876 -4.3791 -0.0295 -0.0874 -4.5324 0.0726 0.1533 0.4314 0.3922 0.1961 4.3916 1.0000 
33 34 0 -0.0295 -0.0874 -4.5324 -0.0241 -0.0834 -4.7323 0.0726 0.2000 0.4314 0.3922 0.1961 4.5949 1.0000 
34 35 0 -0.0241 -0.0834 -4.7323 -0.0206 -0.0821 -4.7908 0.0726 0.0586 0.4314 0.3922 0.1961 4.6547 1.0000 
35 36 0 -0.0206 -0.0821 -4.7908 -0.0422 -0.0822 -4.9896 0.0726 0.2000 0.4314 0.3922 0.1961 4.8592 1.0000 
36 37 0 -0.0422 -0.0822 -4.9896 -0.0460 -0.0833 -5.0188 0.0726 0.0294 0.4314 0.3922 0.1961 4.8893 1.0000 
37 38 0 -0.0460 -0.0833 -5.0188 -0.0649 -0.0866 -5.2179 0.0726 0.2000 0.4314 0.3922 0.1961 5.0949 1.0000 
38 39 0 -0.0649 -0.0866 -5.2179 -0.0697 -0.0875 -5.2704 0.0726 0.0527 0.4314 0.3922 0.1961 5.1492 1.0000 
39 40 0 -0.0697 -0.0875 -5.2704 -0.0737 -0.0700 -5.4695 0.0726 0.2000 0.4314 0.3922 0.1961 5.3559 1.0000 
40 41 0 -0.0737 -0.0700 -5.4695 -0.0746 -0.0674 -5.5142 0.0726 0.0447 0.4314 0.3922 0.1961 5.4023 1.0000 
41 42 0 -0.0746 -0.0674 -5.5142 -0.0799 -0.0617 -5.6189 0.0726 0.1051 0.4314 0.3922 0.1961 5.5114 1.0000 
42 43 0 -0.0799 -0.0617 -5.6189 -0.0864 -0.0548 -5.7406 0.0726 0.1221 0.4314 0.3922 0.1961 5.6385 1.0000 
43 44 0 -0.0864 -0.0548 -5.7406 -0.1007 -0.0440 -5.8464 0.0726 0.1073 0.4314 0.3922 0.1961 5.7505 1.0000 
44 45 0 -0.1007 -0.0440 -5.8464 -0.1055 -0.0431 -5.8772 0.0726 0.0311 0.4314 0.3922 0.1961 5.7830 1.0000 
45 46 0 -0.1055 -0.0431 -5.8772 -0.1303 -0.0382 -6.0383 0.0726 0.1631 0.4314 0.3922 0.1961 5.9539 1.0000 
46 47 0 -0.1303 -0.0382 -6.0383 -0.1458 -0.0381 -6.1940 0.0726 0.1565 0.4314 0.3922 0.1961 6.1185 1.0000 
47 48 0 -0.1458 -0.0381 -6.1940 -0.1474 -0.0371 -6.2140 0.0726 0.0200 0.4314 0.3922 0.1961 6.1396 1.0000 
48 49 0 -0.1474 -0.0371 -6.2140 -0.1515 -0.0317 -6.2750 0.0726 0.0614 0.4314 0.3922 0.1961 6.2043 1.0000 
49 50 0 -0.1515 -0.0317 -6.2750 -0.1696 -0.0085 -6.4728 0.0726 0.2000 0.4314 0.3922 0.1961 6.4160 1.0000 
50 51 0 -0.1696 -0.0085 -6.4728 -0.1615 -0.0166 -6.5733 0.0726 0.1012 0.4314 0.3922 0.1961 6.5234 1.0000 
51 52 0 -0.1615 -0.0166 -6.5733 -0.1583 -0.0312 -6.6622 0.0726 0.0901 0.4314 0.3922 0.1961 6.6194 1.0000 
52 53 0 -0.1583 -0.0312 -6.6622 -0.1499 -0.0474 -6.7890 0.0726 0.1281 0.4314 0.3922 0.1961 6.7560 1.0000 
53 54 0 -0.1499 -0.0474 -6.7890 -0.1378 -0.0722 -6.9871 0.0726 0.2000 0.4314 0.3922 0.1961 6.9703 1.0000 
54 55 0 -0.1378 -0.0722 -6.9871 -0.1346 -0.0778 -7.0389 0.0726 0.0522 0.4314 0.3922 0.1961 7.0263 1.0000 
55 56 0 -0.1346 -0.0778 -7.0389 -0.1381 -0.0827 -7.1409 0.0726 0.1023 0.4314 0.3922 0.1961 7.1364 1.0000 
56 57 0 -0.1381 -0.0827 -7.1409 -0.1403 -0.0861 -7.2135 0.0726 0.0727 0.4314 0.3922 0.1961 7.2147 1.0000 
57 58 0 -0.1403 -0.0861 -7.2135 -0.1604 -0.0900 -7.3642 0.0726 0.1521 0.4314 0.3922 0.1961 7.3792 1.0000 
58 59 0 -0.1604 -0.0900 -7.3642 -0.1649 -0.0981 -7.5150 0.0726 0.1511 0.4314 0.3922 0.1961 7.5432 1.0000 
59 60 0 -0.1649 -0.0981 -7.5150 -0.1727 -0.0967 -7.7148 0.0726 0.2000 0.4314 0.3922 0.1961 7.7612 1.0000 
60 61 0 -0.1727 -0.0967 -7.7148 -0.1763 -0.0960 -7.8192 0.0726 0.1044 0.4314 0.3922 0.1961 7.8754 1.0000 
61 62 0 -0.1763 -0.0960 -7.8192 -0.1852 -0.0918 -8.0189 0.0726 0.2000 0.4314 0.3922 0.1961 8.0950 1.0000 
62 63 0 -0.1852 -0.0918 -8.0189 -0.1876 -0.0906 -8.0680 0.0726 0.0491 0.4314 0.3922 0.1961 8.1491 1.0000 
63 64 0 -0.1876 -0.0906 -8.0680 -0.1912 -0.0868 -8.1789 0.0726 0.1111 0.4314 0.3922 0.1961 8.2717 1.0000 
64 65 0 -0.1912 -0.0868 -8.1789 -0.1979 -0.0887 -8.3788 0.0726 0.2000 0.4314 0.3922 0.1961 8.4932 1.0000 
65 66 0 -0.1979 -0.0887 -8.3788 -0.1950 -0.0883 -8.4679 0.0726 0.0891 0.4314 0.3922 0.1961 8.5923 1.0000 
66 67 0 -0.1950 -0.0883 -8.4679 -0.1879 -0.0880 -8.6678 0.0726 0.2000 0.4314 0.3922 0.1961 8.8154 1.0000 
67 68 0 -0.1879 -0.0880 -8.6678 -0.1925 -0.0971 -8.8479 0.0726 0.1804 0.4314 0.3922 0.1961 9.0177 1.0000 
68 69 0 -0.1925 -0.0971 -8.8479 -0.1882 -0.1029 -9.0478 0.0726 0.2000 0.4314 0.3922 0.1961 9.2429 1.0000 
69 70 0 -0.1882 -0.1029 -9.0478 -0.1863 -0.1047 -9.1145 0.0726 0.0668 0.4314 0.3922 0.1961 9.3184 1.0000 
70 71 0 -0.1863 -0.1047 -9.1145 -0.1892 -0.0992 -9.3144 0.0726 0.2000 0.4314 0.3922 0.1961 9.5451 1.0000 
71 72 0 -0.1892 -0.0992 -9.3144 -0.1899 -0.0963 -9.3805 0.0726 0.0662 0.4314 0.3922 0.1961 9.6204 1.0000 
72 73 0 -0.1899 -0.0963 -9.3805 -0.1942 -0.0871 -9.5803 0.0726 0.2000 0.4314 0.3922 0.1961 9.8487 1.0000 
73 74 0 -0.1942 -0.0871 -9.5803 -0.1991 -0.0849 -9.6776 0.0726 0.0975 0.4314 0.3922 0.1961 9.9604 1.0000 
74 75 0 -0.1991 -0.0849 -9.6776 -0.1973 -0.0825 -9.8776 0.0726 0.2000 0.4314 0.3922 0.1961 10.1904 1.0000 
75 76 0 -0.1973 -0.0825 -9.8776 -0.1972 -0.0824 -9.8869 0.0726 0.0093 0.4314 0.3922 0.1961 10.2011 1.0000 
76 77 0 -0.1972 -0.0824 -9.8869 -0.2030 -0.0643 -10.0073 0.0726 0.1219 0.4314 0.3922 0.1961 10.3418 1.0000 
77 78 0 -0.2030 -0.0643 -10.0073 -0.2264 -0.0585 -10.2058 0.0726 0.2000 0.4314 0.3922 0.1961 10.5738 1.0000 
78 79 0 -0.2264 -0.0585 -10.2058 -0.2405 -0.0536 -10.2938 0.0726 0.0893 0.4314 0.3922 0.1961 10.6777 1.0000 
79 80 0 -0.2405 -0.0536 -10.2938 -0.2614 -0.0442 -10.4043 0.0726 0.1128 0.4314 0.3922 0.1961 10.8093 1.0000 
80 81 0 -0.2614 -0.0442 -10.4043 -0.2876 -0.0568 -10.6021 0.0726 0.2000 0.4314 0.3922 0.1961 11.0437 1.0000 
81 82 0 -0.2876 -0.0568 -10.6021 -0.2890 -0.0573 -10.6140 0.0726 0.0120 0.4314 0.3922 0.1961 11.0577 1.0000 
82 83 0 -0.2890 -0.0573 -10.6140 -0.3031 -0.0607 -10.7594 0.0726 0.1461 0.4314 0.3922 0.1961 11.2298 1.0000 
83 84 0 -0.3031 -0.0607 -10.7594 -0.3097 -0.0621 -10.8421 0.0726 0.0829 0.4314 0.3922 0.1961 11.3277 1.0000 
84 85 0 -0.3097 -0.0621 -10.8421 -0.3257 -0.0657 -11.0414 0.0726 0.2000 0.4314 0.3922 0.1961 11.5648 1.0000 
85 86 0 -0.3257 -0.0657 -11.0414 -0.3261 -0.0656 -11.0501 0.0726 0.0087 0.4314 0.3922 0.1961 11.5751 1.0000 
86 87 0 -0.3261 -0.0656 -11.0501 -0.3372 -0.0675 -11.1817 0.0726 0.1321 0.4314 0.3922 0.1961 11.7325 1.0000 
87 88 0 -0.3372 -0.0675 -11.1817 -0.3417 -0.0671 -11.2155 0.0726 0.0340 0.4314 0.3922 0.1961 11.7731 1.0000 
88 89 0 -0.3417 -0.0671 -11.2155 -0.3687 -0.0551 -11.4133 0.0726 0.2000 0.4314 0.3922 0.1961 12.0125 1.0000 
89 90 0 -0.3687 -0.0551 -11.4133 -0.3732 -0.0532 -11.4440 0.0726 0.0311 0.4314 0.3922 0.1961 12.0498 1.0000 
90 91 0 -0.3732 -0.0532 -11.4440 -0.3750 -0.0692 -11.6076 0.0726 0.1644 0.4314 0.3922 0.1961 12.2478 1.0000 
91 92 0 -0.3750 -0.0692 -11.6076 -0.3749 -0.0713 -11.7892 0.0726 0.1816 0.4314 0.3922 0.1961 12.4674 1.0000 
92 93 0 -0.3749 -0.0713 -11.7892 -0.3930 -0.0672 -11.9884 0.0726 0.2000 0.4314 0.3922 0.1961 12.7106 1.0000 
93 94 0 -0.3930 -0.0672 -11.9884 -0.3989 -0.0669 -12.0961 0.0726 0.1078 0.4314 0.3922 0.1961 12.8422 1.0000 
94 95 0 -0.3989 -0.0669 -12.0961 -0.3976 -0.0586 -12.2959 0.0726 0.2000 0.4314 0.3922 0.1961 13.0873 1.0000 
95 96 0 -0.3976 -0.0586 -12.2959 -0.3955 -0.0554 -12.3965 0.0726 0.1006 0.4314 0.3922 0.1961 13.2112 1.0000 
96 97 0 -0.3955 -0.0554 -12.3965 -0.3896 -0.0617 -12.5963 0.0726 0.2000 0.4314 0.3922 0.1961 13.4584 1.0000 
97 98 0 -0.3896 -0.0617 -12.5963 -0.3881 -0.0632 -12.6693 0.0726 0.0731 0.4314 0.3922 0.1961 13.5490 1.0000 
98 99 0 -0.3881 -0.0632 -12.6693 -0.3796 -0.0737 -12.7803 0.0726 0.1118 0.4314 0.3922 0.1961 13.6881 1.0000 
99 100 0 -0.3796 -0.0737 -12.7803 -0.3926 -0.0680 -12.9795 0.0726 0.1997 0.4314 0.3922 0.1961 13.9374 1.0000 
100 101 0 -0.3926 -0.0680 -12.9795 -0.4060 -0.0630 -13.1789 0.0726 0.2000 0.4314 0.3922 0.1961 14.1886 1.0000 
101 102 0 -0.4060 -0.0630 -13.1789 -0.4038 -0.0643 -13.2790 0.0726 0.1001 0.4314 0.3922 0.1961 14.3149 1.0000 
102 103 0 -0.4038 -0.0643 -13.2790 -0.3932 -0.0644 -13.3973 0.0726 0.1187 0.4314 0.3922 0.1961 14.4651 1.0000 
103 104 0 -0.3932 -0.0644 -13.3973 -0.3857 -0.0662 -13.5367 0.0726 0.1396 0.4314 0.3922 0.1961 14.6423 1.0000 
104 105 0 -0.3857 -0.0662 -13.5367 -0.3867 -0.0715 -13.7366 0.0726 0.2000 0.4314 0.3922 0.1961 14.8975 1.0000 
105 106 0 -0.3867 -0.0715 -13.7366 -0.3988 -0.0785 -13.8563 0.0726 0.1205 0.4314 0.3922 0.1961 15.0519 1.0000 
106 107 0 -0.3988 -0.0785 -13.8563 -0.4039 -0.0985 -14.0552 0.0726 0.2000 0.4314 0.3922 0.1961 15.3093 1.0000 
107 108 0 -0.4039 -0.0985 -14.0552 -0.3991 -0.1063 -14.1373 0.0726 0.0826 0.4314 0.3922 0.1961 15.4161 1.0000 
108 109 0 -0.3991 -0.1063 -14.1373 -0.3877 -0.1237 -14.3363 0.0726 0.2000 0.4314 0.3922 0.1961 15.6757 1.0000 
109 110 0 -0.3877 -0.1237 -14.3363 -0.3902 -0.1290 -14.4152 0.0726 0.0792 0.4314 0.3922 0.1961 15.7788 1.0000 
110 111 0 -0.3902 -0.1290 -14.4152 -0.3919 -0.1381 -14.4981 0.0726 0.0833 0.4314 0.3922 0.1961 15.8877 1.0000 
111 112 0 -0.3919 -0.1381 -14.4981 -0.3981 -0.1515 -14.6975 0.0726 0.2000 0.4314 0.3922 0.1961 16.1499 1.0000 
112 113 0 -0.3981 -0.1515 -14.6975 -0.3965 -0.1506 -14.7813 0.0726 0.0838 0.4314 0.3922 0.1961 16.2603 1.0000 
113 114 0 -0.3965 -0.1506 -14.7813 -0.3938 -0.1486 -14.9003 0.0726 0.1191 0.4314 0.3922 0.1961 16.4176 1.0000 
114 115 0 -0.3938 -0.1486 -14.9003 -0.3814 -0.1392 -15.0578 0.0726 0.1583 0.4314 0.3922 0.1961 16.6274 1.0000 
115 116 0 -0.3814 -0.1392 -15.0578 -0.3918 -0.1070 -15.2549 0.0726 0.2000 0.4314 0.3922 0.1961 16.8940 1.0000 
116 117 0 -0.3918 -0.1070 -15.2549 -0.3920 -0.1063 -15.2593 0.0726 0.0044 0.4314 0.3922 0.1961 16.8999 1.0000 
117 118 0 -0.3920 -0.1063 -15.2593 -0.3866 -0.0835 -15.4579 0.0726 0.2000 0.4314 0.3922 0.1961 17.1681 1.0000 
118 119 0 -0.3866 -0.0835 -15.4579 -0.3867 -0.0824 -15.4757 0.0726 0.0179 0.4314 0.3922 0.1961 17.1922 1.0000 
119 120 0 -0.3867 -0.0824 -15.4757 -0.3875 -0.0714 -15.6754 0.0726 0.2000 0.4314 0.3922 0.1961 17.4622 1.0000 
120 121 0 -0.3875 -0.0714 -15.6754 -0.3921 -0.0668 -15.7435 0.0726 0.0683 0.4314 0.3922 0.1961 17.5548 1.0000 
121 122 0 -0.3921 -0.0668 -15.7435 -0.3998 -0.0422 -15.9418 0.0726 0.2000 0.4314 0.3922 0.1961 17.8269 1.0000 
122 123 0 -0.3998 -0.0422 -15.9418 -0.4057 -0.0350 -16.0200 0.0726 0.0787 0.4314 0.3922 0.1961 17.9345 1.0000 
123 124 0 -0.4057 -0.0350 -16.0200 -0.4306 -0.0075 -16.2165 0.0726 0.2000 0.4314 0.3922 0.1961 18.2089 1.0000 
124 125 0 -0.4306 -0.0075 -16.2165 -0.4355 0.0011 -16.2595 0.0726 0.0441 0.4314 0.3922 0.1961 18.2697 1.0000 
125 126 0 -0.4355 0.0011 -16.2595 -0.4583 0.0069 -16.4452 0.0726 0.1872 0.4314 0.3922 0.1961 18.5284 1.0000 
126 127 0 -0.4583 0.0069 -16.4452 -0.4650 0.0042 -16.5369 0.0726 0.0920 0.4314 0.3922 0.1961 18.6562 1.0000 
127 128 0 -0.4650 0.0042 -16.5369 -0.4774 -0.0129 -16.7358 0.0726 0.2000 0.4314 0.3922 0.1961 18.9350 1.0000 
128 129 0 -0.4774 -0.0129 -16.7358 -0.4791 -0.0140 -16.7762 0.0726 0.0404 0.4314 0.3922 0.1961 18.9916 1.0000 
129 130 0 -0.4791 -0.0140 -16.7762 -0.4696 -0.0267 -16.9756 0.0726 0.2000 0.4314 0.3922 0.1961 19.2726 1.0000 
130 131 0 -0.4696 -0.0267 -16.9756 -0.4668 -0.0289 -17.0045 0.0726 0.0291 0.4314 0.3922 0.1961 19.3137 1.0000 
131 132 0 -0.4668 -0.0289 -17.0045 -0.4371 -0.0520 -17.1527 0.0726 0.1529 0.4314 0.3922 0.1961 19.5298 1.0000 
132 133 0 -0.4371 -0.0520 -17.1527 -0.4227 -0.0963 -17.3334 0.0726 0.1866 0.4314 0.3922 0.1961 19.7951 1.0000 
133 134 0 -0.4227 -0.0963 -17.3334 -0.3975 -0.0971 -17.5318 0.0726 0.2000 0.4314 0.3922 0.1961 20.0811 1.0000 
134 135 0 -0.3975 -0.0971 -17.5318 -0.3857 -0.1011 -17.6080 0.0726 0.0772 0.4314 0.3922 0.1961 20.1919 1.0000 
135 136 0 -0.3857 -0.1011 -17.6080 -0.3653 -0.1059 -17.8069 0.0726 0.2000 0.4314 0.3922 0.1961 20.4804 1.0000 
136 137 0 -0.3653 -0.1059 -17.8069 -0.3557 -0.0928 -18.0062 0.0726 0.2000 0.4314 0.3922 0.1961 20.7708 1.0000 
137 138 0 -0.3557 -0.0928 -18.0062 -0.3549 -0.0909 -18.0297 0.0726 0.0236 0.4314 0.3922 0.1961 20.8052 1.0000 
138 139 0 -0.3549 -0.0909 -18.0297 -0.3366 -0.0514 -18.2249 0.0726 0.2000 0.4314 0.3922 0.1961 21.0976 1.0000 
139 140 0 -0.3366 -0.0514 -18.2249 -0.3359 -0.0476 -18.2444 0.0726 0.0199 0.4314 0.3922 0.1961 21.1269 1.0000 
140 141 0 -0.3359 -0.0476 -18.2444 -0.3501 -0.0096 -18.4403 0.0726 0.2000 0.4314 0.3922 0.1961 21.4214 1.0000 
141 142 0 -0.3501 -0.0096 -18.4403 -0.3611 0.0117 -18.5683 0.0726 0.1303 0.4314 0.3922 0.1961 21.6143 1.0000 
142 143 0 -0.3611 0.0117 -18.5683 -0.3636 0.0280 -18.7020 0.0726 0.1347 0.4314 0.3922 0.1961 21.8147 1.0000 
143 144 0 -0.3636 0.0280 -18.7020 -0.3711 0.0384 -18.8850 0.0726 0.1835 0.4314 0.3922 0.1961 22.0889 1.0000 
144 145 0 -0.3711 0.0384 -18.8850 -0.3796 0.0355 -19.0748 0.0726 0.1900 0.4314 0.3922 0.1961 22.3748 1.0000 
145 146 0 -0.3796 0.0355 -19.0748 -0.3894 0.0290 -19.2745 0.0726 0.2000 0.4314 0.3922 0.1961 22.6776 1.0000 
146 147 0 -0.3894 0.0290 -19.2745 -0.3962 0.0213 -19.4653 0.0726 0.1911 0.4314 0.3922 0.1961 22.9689 1.0000 
147 148 0 -0.3962 0.0213 -19.4653 -0.3940 0.0289 -19.6099 0.0726 0.1448 0.4314 0.3922 0.1961 23.1908 1.0000 
148 149 0 -0.3940 0.0289 -19.6099 -0.4018 0.0168 -19.7992 0.0726 0.1898 0.4314 0.3922 0.1961 23.4835 1.0000 
149 150 0 -0.4018 0.0168 -19.7992 -0.3965 -0.0130 -19.9969 0.0726 0.2000 0.4314 0.3922 0.1961 23.7938 1.0000 
150 151 0 -0.3965 -0.0130 -19.9969 -0.4016 -0.0170 -20.0903 0.0726 0.0937 0.4314 0.3922 0.1961 23.9400 1.0000 
151 152 0 -0.4016 -0.0170 -20.0903 -0.3991 -0.0199 -20.2903 0.0726 0.2000 0.4314 0.3922 0.1961 24.2535 1.0000 
152 153 0 -0.3991 -0.0199 -20.2903 -0.3879 -0.0199 -20.4547 0.0726 0.1648 0.4314 0.3922 0.1961 24.5134 1.0000 
153 154 0 -0.3879 -0.0199 -20.4547 -0.3893 -0.0255 -20.6507 0.0726 0.1961 0.4314 0.3922 0.1961 24.8247 1.0000 
154 155 0 -0.3893 -0.0255 -20.6507 -0.3904 -0.0294 -20.7656 0.0726 0.1149 0.4314 0.3922 0.1961 25.0082 1.0000 
155 156 0 -0.3904 -0.0294 -20.7656 -0.3960 -0.0249 -20.9654 0.0726 0.2000 0.4314 0.3922 0.1961 25.3292 1.0000 
156 157 0 -0.3960 -0.0249 -20.9654 -0.4046 -0.0196 -21.0794 0.0726 0.1144 0.4314 0.3922 0.1961 25.5139 1.0000 
157 158 0 -0.4046 -0.0196 -21.0794 -0.3967 0.0004 -21.2735 0.0726 0.1953 0.4314 0.3922 0.1961 25.8309 1.0000 
158 159 0 -0.3967 0.0004 -21.2735 -0.4162 -0.0055 -21.4724 0.0726 0.2000 0.4314 0.3922 0.1961 26.1578 1.0000 
159 160 0 -0.4162 -0.0055 -21.4724 -0.4208 -0.0080 -21.5810 0.0726 0.1087 0.4314 0.3922 0.1961 26.3365 1.0000 
160 161 0 -0.4208 -0.0080 -21.5810 -0.4318 -0.0065 -21.7807 0.0726 0.2000 0.4314 0.3922 0.1961 26.6672 1.0000 
161 162 0 -0.4318 -0.0065 -21.7807 -0.4339 -0.0092 -21.9090 0.0726 0.1283 0.4314 0.3922 0.1961 26.8806 1.0000 
162 163 0 -0.4339 -0.0092 -21.9090 -0.4321 -0.0163 -22.0564 0.0726 0.1476 0.4314 0.3922 0.1961 27.1273 1.0000 
163 164 0 -0.4321 -0.0163 -22.0564 -0.4431 -0.0138 -22.2561 0.0726 0.2000 0.4314 0.3922 0.1961 27.4638 1.0000 
164 165 0 -0.4431 -0.0138 -22.2561 -0.4434 -0.0119 -22.3645 0.0726 0.1085 0.4314 0.3922 0.1961 27.6473 1.0000 
165 166 0 -0.4434 -0.0119 -22.3645 -0.4426 -0.0140 -22.5311 0.0726 0.1666 0.4314 0.3922 0.1961 27.9308 1.0000 
166 167 0 -0.4426 -0.0140 -22.5311 -0.4249 -0.0302 -22.7297 0.0726 0.2000 0.4314 0.3922 0.1961 28.2733 1.0000 
167 168 0 -0.4249 -0.0302 -22.7297 -0.4230 -0.0322 -22.7743 0.0726 0.0447 0.4314 0.3922 0.1961 28.3502 1.0000 
168 169 0 -0.4230 -0.0322 -22.7743 -0.4197 -0.0404 -22.8583 0.0726 0.0845 0.4314 0.3922 0.1961 28.4959 1.0000 
169 170 0 -0.4197 -0.0404 -22.8583 -0.4139 -0.0492 -22.9765 0.0726 0.1187 0.4314 0.3922 0.1961 28.7014 1.0000 
170 171 0 -0.4139 -0.0492 -22.9765 -0.3743 -0.0766 -23.1581 0.0726 0.1878 0.4314 0.3922 0.1961 29.0286 1.0000 
171 172 0 -0.3743 -0.0766 -23.1581 -0.3327 -0.0886 -23.3533 0.0726 0.2000 0.4314 0.3922 0.1961 29.3796 1.0000 
172 173 0 -0.3327 -0.0886 -23.3533 -0.3120 -0.0939 -23.4471 0.0726 0.0962 0.4314 0.3922 0.1961 29.5494 1.0000 
173 174 0 -0.3120 -0.0939 -23.4471 -0.2760 -0.1023 -23.6107 0.0726 0.1677 0.4314 0.3922 0.1961 29.8469 1.0000 
174 175 0 -0.2760 -0.1023 -23.6107 -0.2666 -0.1126 -23.6954 0.0726 0.0859 0.4314 0.3922 0.1961 30.0000 1.0000 
176 177 1 0.0000 0.0000 -0.0000 0.1276 0.0832 -0.1296 0.0656 0.2000 0.4314 0.3922 0.1961 11.4518 2.0000 
177 178 1 0.1276 0.0832 -0.1296 0.2387 0.1879 -0.2588 0.0656 0.2000 0.4314 0.3922 0.1961 11.5447 2.0000 
178 179 1 0.2387 0.1879 -0.2588 0.3555 0.2534 -0.4073 0.0656 0.2000 0.4314 0.3922 0.1961 11.6381 2.0000 
179 180 1 0.3555 0.2534 -0.4073 0.4285 0.3034 -0.5867 0.0656 0.2000 0.4314 0.3922 0.1961 11.7320 2.0000 
180 181 1 0.4285 0.3034 -0.5867 0.4990 0.3197 -0.7732 0.0656 0.2000 0.4314 0.3922 0.1961 11.8264 2.0000 
181 182 1 0.4990 0.3197 -0.7732 0.5697 0.3374 -0.9594 0.0656 0.2000 0.4314 0.3922 0.1961 11.9215 2.0000 
182 183 1 0.5697 0.3374 -0.9594 0.6371 0.3564 -1.1468 0.0656 0.2000 0.4314 0.3922 0.1961 12.0170 2.0000 
183 184 1 0.6371 0.3564 -1.1468 0.6835 0.3849 -1.3392 0.0656 0.2000 0.4314 0.3922 0.1961 12.1132 2.0000 
184 185 1 0.6835 0.3849 -1.3392 0.7148 0.4167 -1.5342 0.0656 0.2000 0.4314 0.3922 0.1961 12.2099 2.0000 
185 186 1 0.7148 0.4167 -1.5342 0.7286 0.4425 -1.7320 0.0656 0.2000 0.4314 0.3922 0.1961 12.3072 2.0000 
186 187 1 0.7286 0.4425 -1.7320 0.7389 0.4658 -1.9304 0.0656 0.2000 0.4314 0.3922 0.1961 12.4051 2.0000 
187 188 1 0.7389 0.4658 -1.9304 0.7533 0.5054 -2.1259 0.0656 0.2000 0.4314 0.3922 0.1961 12.5036 2.0000 
188 189 1 0.7533 0.5054 -2.1259 0.7652 0.5167 -2.3252 0.0656 0.2000 0.4314 0.3922 0.1961 12.6027 2.0000 
189 190 1 0.7652 0.5167 -2.3252 0.7759 0.5304 -2.5245 0.0656 0.2000 0.4314 0.3922 0.1961 12.7024 2.0000 
190 191 1 0.7759 0.5304 -2.5245 0.7853 0.5435 -2.7238 0.0656 0.2000 0.4314 0.3922 0.1961 12.8028 2.0000 
191 192 1 0.7853 0.5435 -2.7238 0.7997 0.5556 -2.9229 0.0656 0.2000 0.4314 0.3922 0.1961 12.9037 2.0000 
192 193 1 0.7997 0.5556 -2.9229 0.8041 0.5426 -3.1225 0.0656 0.2000 0.4314 0.3922 0.1961 13.0053 2.0000 
193 194 1 0.8041 0.5426 -3.1225 0.8004 0.5274 -3.3218 0.0656 0.2000 0.4314 0.3922 0.1961 13.1076 2.0000 
194 195 1 0.8004 0.5274 -3.3218 0.8105 0.5154 -3.5212 0.0656 0.2000 0.4314 0.3922 0.1961 13.2105 2.0000 
195 196 1 0.8105 0.5154 -3.5212 0.7954 0.5157 -3.7207 0.0656 0.2000 0.4314 0.3922 0.1961 13.3140 2.0000 
196 197 1 0.7954 0.5157 -3.7207 0.7880 0.5020 -3.9201 0.0656 0.2000 0.4314 0.3922 0.1961 13.4182 2.0000 
197 198 1 0.7880 0.5020 -3.9201 0.7556 0.4742 -4.1154 0.0656 0.2000 0.4314 0.3922 0.1961 13.5231 2.0000 
198 199 1 0.7556 0.4742 -4.1154 0.7556 0.4880 -4.3150 0.0656 0.2000 0.4314 0.3922 0.1961 13.6287 2.0000 
199 200 1 0.7556 0.4880 -4.3150 0.7548 0.4926 -4.5149 0.0656 0.2000 0.4314 0.3922 0.1961 13.7350 2.0000 
200 201 1 0.7548 0.4926 -4.5149 0.7548 0.4900 -4.7149 0.0656 0.2000 0.4314 0.3922 0.1961 13.8420 2.0000 
201 202 1 0.7548 0.4900 -4.7149 0.7518 0.4902 -4.9149 0.0656 0.2000 0.4314 0.3922 0.1961 13.9496 2.0000 
202 203 1 0.7518 0.4902 -4.9149 0.7416 0.4796 -5.1143 0.0656 0.2000 0.4314 0.3922 0.1961 14.0581 2.0000 
203 204 1 0.7416 0.4796 -5.1143 0.7371 0.4650 -5.3137 0.0656 0.2000 0.4314 0.3922 0.1961 14.1672 2.0000 
204 205 1 0.7371 0.4650 -5.3137 0.7317 0.4520 -5.5132 0.0656 0.2000 0.4314 0.3922 0.1961 14.2771 2.0000 
205 206 1 0.7317 0.4520 -5.5132 0.7255 0.4489 -5.7131 0.0656 0.2000 0.4314 0.3922 0.1961 14.3877 2.0000 
206 207 1 0.7255 0.4489 -5.7131 0.7346 0.4468 -5.9129 0.0656 0.2000 0.4314 0.3922 0.1961 14.4991 2.0000 
207 208 1 0.7346 0.4468 -5.9129 0.7464 0.4447 -6.1125 0.0656 0.2000 0.4314 0.3922 0.1961 14.6113 2.0000 
208 209 1 0.7464 0.4447 -6.1125 0.7510 0.4396 -6.3124 0.0656 0.2000 0.4314 0.3922 0.1961 14.7243 2.0000 
209 210 1 0.7510 0.4396 -6.3124 0.7613 0.4357 -6.5121 0.0656 0.2000 0.4314 0.3922 0.1961 14.8380 2.0000 
210 211 1 0.7613 0.4357 -6.5121 0.7726 0.4314 -6.7118 0.0656 0.2000 0.4314 0.3922 0.1961 14.9526 2.0000 
211 212 1 0.7726 0.4314 -6.7118 0.7761 0.4287 -6.9117 0.0656 0.2000 0.4314 0.3922 0.1961 15.0680 2.0000 
212 213 1 0.7761 0.4287 -6.9117 0.7853 0.4320 -7.1115 0.0656 0.2000 0.4314 0.3922 0.1961 15.1842 2.0000 
213 214 1 0.7853 0.4320 -7.1115 0.7859 0.4535 -7.3103 0.0656 0.2000 0.4314 0.3922 0.1961 15.3013 2.0000 
214 215 1 0.7859 0.4535 -7.3103 0.7769 0.4519 -7.5101 0.0656 0.2000 0.4314 0.3922 0.1961 15.4192 2.0000 
215 216 1 0.7769 0.4519 -7.5101 0.7672 0.4480 -7.7098 0.0656 0.2000 0.4314 0.3922 0.1961 15.5380 2.0000 
216 217 1 0.7672 0.4480 -7.7098 0.7596 0.4329 -7.9091 0.0656 0.2000 0.4314 0.3922 0.1961 15.6576 2.0000 
217 218 1 0.7596 0.4329 -7.9091 0.7684 0.4385 -8.1088 0.0656 0.2000 0.4314 0.3922 0.1961 15.7782 2.0000 
218 219 1 0.7684 0.4385 -8.1088 0.7654 0.4450 -8.3087 0.0656 0.2000 0.4314 0.3922 0.1961 15.8996 2.0000 
219 220 1 0.7654 0.4450 -8.3087 0.7383 0.4836 -8.5031 0.0656 0.2000 0.4314 0.3922 0.1961 16.0220 2.0000 
220 221 1 0.7383 0.4836 -8.5031 0.7291 0.4998 -8.7022 0.0656 0.2000 0.4314 0.3922 0.1961 16.1453 2.0000 
221 222 1 0.7291 0.4998 -8.7022 0.7214 0.5114 -8.9017 0.0656 0.2000 0.4314 0.3922 0.1961 16.2696 2.0000 
222 223 1 0.7214 0.5114 -8.9017 0.7277 0.5249 -9.1012 0.0656 0.2000 0.4314 0.3922 0.1961 16.3948 2.0000 
223 224 1 0.7277 0.5249 -9.1012 0.7439 0.5405 -9.2999 0.0656 0.2000 0.4314 0.3922 0.1961 16.5210 2.0000 
224 225 1 0.7439 0.5405 -9.2999 0.7588 0.5617 -9.4982 0.0656 0.2000 0.4314 0.3922 0.1961 16.6482 2.0000 
225 226 1 0.7588 0.5617 -9.4982 0.7516 0.5795 -9.6973 0.0656 0.2000 0.4314 0.3922 0.1961 16.7764 2.0000 
226 227 1 0.7516 0.5795 -9.6973 0.7538 0.5640 -9.8967 0.0656 0.2000 0.4314 0.3922 0.1961 16.9056 2.0000 
227 228 1 0.7538 0.5640 -9.8967 0.7799 0.5618 -10.0949 0.0656 0.2000 0.4314 0.3922 0.1961 17.0359 2.0000 
228 229 1 0.7799 0.5618 -10.0949 0.8052 0.5546 -10.2932 0.0656 0.2000 0.4314 0.3922 0.1961 17.1673 2.0000 
229 230 1 0.8052 0.5546 -10.2932 0.8260 0.5490 -10.4920 0.0656 0.2000 0.4314 0.3922 0.1961 17.2997 2.0000 
230 231 1 0.8260 0.5490 -10.4920 0.8488 0.5429 -10.6906 0.0656 0.2000 0.4314 0.3922 0.1961 17.4332 2.0000 
231 232 1 0.8488 0.5429 -10.6906 0.8421 0.5501 -10.8904 0.0656 0.2000 0.4314 0.3922 0.1961 17.5678 2.0000 
232 233 1 0.8421 0.5501 -10.8904 0.8581 0.5312 -11.0889 0.0656 0.2000 0.4314 0.3922 0.1961 17.7035 2.0000 
233 234 1 0.8581 0.5312 -11.0889 0.8566 0.5381 -11.2887 0.0656 0.2000 0.4314 0.3922 0.1961 17.8404 2.0000 
234 235 1 0.8566 0.5381 -11.2887 0.8544 0.5428 -11.4887 0.0656 0.2000 0.4314 0.3922 0.1961 17.9785 2.0000 
235 236 1 0.8544 0.5428 -11.4887 0.8510 0.5463 -11.6886 0.0656 0.2000 0.4314 0.3922 0.1961 18.1178 2.0000 
236 237 1 0.8510 0.5463 -11.6886 0.8635 0.5473 -11.8882 0.0656 0.2000 0.4314 0.3922 0.1961 18.2583 2.0000 
237 238 1 0.8635 0.5473 -11.8882 0.8722 0.5647 -12.0873 0.0656 0.2000 0.4314 0.3922 0.1961 18.4000 2.0000 
238 239 1 0.8722 0.5647 -12.0873 0.8871 0.5808 -12.2861 0.0656 0.2000 0.4314 0.3922 0.1961 18.5429 2.0000 
239 240 1 0.8871 0.5808 -12.2861 0.9060 0.5887 -12.4850 0.0656 0.2000 0.4314 0.3922 0.1961 18.6872 2.0000 
240 241 1 0.9060 0.5887 -12.4850 0.9170 0.6050 -12.6840 0.0656 0.2000 0.4314 0.3922 0.1961 18.8327 2.0000 
241 242 1 0.9170 0.6050 -12.6840 0.9345 0.6053 -12.8833 0.0656 0.2000 0.4314 0.3922 0.1961 18.9795 2.0000 
242 243 1 0.9345 0.6053 -12.8833 0.9679 0.5956 -13.0802 0.0656 0.2000 0.4314 0.3922 0.1961 19.1278 2.0000 
243 244 1 0.9679 0.5956 -13.0802 1.0104 0.5614 -13.2726 0.0656 0.2000 0.4314 0.3922 0.1961 19.2773 2.0000 
244 245 1 1.0104 0.5614 -13.2726 1.0233 0.5357 -13.4705 0.0656 0.2000 0.4314 0.3922 0.1961 19.4283 2.0000 
245 246 1 1.0233 0.5357 -13.4705 1.0254 0.5348 -13.6705 0.0656 0.2000 0.4314 0.3922 0.1961 19.5807 2.0000 
246 247 1 1.0254 0.5348 -13.6705 1.0296 0.5291 -13.8704 0.0656 0.2000 0.4314 0.3922 0.1961 19.7346 2.0000 
247 248 1 1.0296 0.5291 -13.8704 1.0498 0.5561 -14.0675 0.0656 0.2000 0.4314 0.3922 0.1961 19.8899 2.0000 
248 249 1 1.0498 0.5561 -14.0675 1.0530 0.6036 -14.2618 0.0656 0.2000 0.4314 0.3922 0.1961 20.0467 2.0000 
249 250 1 1.0530 0.6036 -14.2618 1.0254 0.6391 -14.4567 0.0656 0.2000 0.4314 0.3922 0.1961 20.2051 2.0000 
250 251 1 1.0254 0.6391 -14.4567 0.9996 0.6766 -14.6514 0.0656 0.2000 0.4314 0.3922 0.1961 20.3651 2.0000 
251 252 1 0.9996 0.6766 -14.6514 0.9915 0.6972 -14.8502 0.0656 0.2000 0.4314 0.3922 0.1961 20.5266 2.0000 
252 253 1 0.9915 0.6972 -14.8502 0.9996 0.6931 -15.0500 0.0656 0.2000 0.4314 0.3922 0.1961 20.6898 2.0000 
253 254 1 0.9996 0.6931 -15.0500 1.0045 0.6880 -15.2499 0.0656 0.2000 0.4314 0.3922 0.1961 20.8546 2.0000 
254 255 1 1.0045 0.6880 -15.2499 0.9916 0.6885 -15.4494 0.0656 0.2000 0.4314 0.3922 0.1961 21.0212 2.0000 
255 256 1 0.9916 0.6885 -15.4494 1.0011 0.6880 -15.6492 0.0656 0.2000 0.4314 0.3922 0.1961 21.1895 2.0000 
256 257 1 1.0011 0.6880 -15.6492 1.0038 0.6933 -15.8491 0.0656 0.2000 0.4314 0.3922 0.1961 21.3595 2.0000 
257 258 1 1.0038 0.6933 -15.8491 1.0273 0.7027 -16.0475 0.0656 0.2000 0.4314 0.3922 0.1961 21.5314 2.0000 
258 259 1 1.0273 0.7027 -16.0475 1.0502 0.7157 -16.2458 0.0656 0.2000 0.4314 0.3922 0.1961 21.7051 2.0000 
259 260 1 1.0502 0.7157 -16.2458 1.0726 0.7292 -16.4441 0.0656 0.2000 0.4314 0.3922 0.1961 21.8807 2.0000 
260 261 1 1.0726 0.7292 -16.4441 1.0801 0.7356 -16.6438 0.0656 0.2000 0.4314 0.3922 0.1961 22.0582 2.0000 
261 262 1 1.0801 0.7356 -16.6438 1.0874 0.7384 -16.8437 0.0656 0.2000 0.4314 0.3922 0.1961 22.2377 2.0000 
262 263 1 1.0874 0.7384 -16.8437 1.0901 0.7384 -17.0436 0.0656 0.2000 0.4314 0.3922 0.1961 22.4192 2.0000 
263 264 1 1.0901 0.7384 -17.0436 1.0941 0.7331 -17.2435 0.0656 0.2000 0.4314 0.3922 0.1961 22.6028 2.0000 
264 265 1 1.0941 0.7331 -17.2435 1.0989 0.7283 -17.4434 0.0656 0.2000 0.4314 0.3922 0.1961 22.7885 2.0000 
265 266 1 1.0989 0.7283 -17.4434 1.1160 0.7115 -17.6420 0.0656 0.2000 0.4314 0.3922 0.1961 22.9764 2.0000 
266 267 1 1.1160 0.7115 -17.6420 1.1197 0.6967 -17.8414 0.0656 0.2000 0.4314 0.3922 0.1961 23.1664 2.0000 
267 268 1 1.1197 0.6967 -17.8414 1.1262 0.6557 -18.0370 0.0656 0.2000 0.4314 0.3922 0.1961 23.3588 2.0000 
268 269 1 1.1262 0.6557 -18.0370 1.1350 0.6223 -18.2340 0.0656 0.2000 0.4314 0.3922 0.1961 23.5534 2.0000 
269 270 1 1.1350 0.6223 -18.2340 1.1355 0.6163 -18.4339 0.0656 0.2000 0.4314 0.3922 0.1961 23.7504 2.0000 
270 271 1 1.1355 0.6163 -18.4339 1.1364 0.6098 -18.6338 0.0656 0.2000 0.4314 0.3922 0.1961 23.9499 2.0000 
271 272 1 1.1364 0.6098 -18.6338 1.1719 0.5981 -18.8303 0.0656 0.2000 0.4314 0.3922 0.1961 24.1518 2.0000 
272 273 1 1.1719 0.5981 -18.8303 1.1764 0.5859 -19.0299 0.0656 0.2000 0.4314 0.3922 0.1961 24.3563 2.0000 
273 274 1 1.1764 0.5859 -19.0299 1.1681 0.5772 -19.2295 0.0656 0.2000 0.4314 0.3922 0.1961 24.5634 2.0000 
274 275 1 1.1681 0.5772 -19.2295 1.1620 0.5624 -19.4289 0.0656 0.2000 0.4314 0.3922 0.1961 24.7733 2.0000 
275 276 1 1.1620 0.5624 -19.4289 1.1606 0.5550 -19.6287 0.0656 0.2000 0.4314 0.3922 0.1961 24.9858 2.0000 
276 277 1 1.1606 0.5550 -19.6287 1.1477 0.5635 -19.8281 0.0656 0.2000 0.4314 0.3922 0.1961 25.2012 2.0000 
277 278 1 1.1477 0.5635 -19.8281 1.1304 0.5863 -20.0261 0.0656 0.2000 0.4314 0.3922 0.1961 25.4196 2.0000 
278 279 1 1.1304 0.5863 -20.0261 1.1389 0.5839 -20.2259 0.0656 0.2000 0.4314 0.3922 0.1961 25.6409 2.0000 
279 280 1 1.1389 0.5839 -20.2259 1.1484 0.5860 -20.4256 0.0656 0.2000 0.4314 0.3922 0.1961 25.8653 2.0000 
280 281 1 1.1484 0.5860 -20.4256 1.1660 0.5834 -20.6248 0.0656 0.2000 0.4314 0.3922 0.1961 26.0928 2.0000 
281 282 1 1.1660 0.5834 -20.6248 1.1852 0.5784 -20.8239 0.0656 0.2000 0.4314 0.3922 0.1961 26.3236 2.0000 
282 283 1 1.1852 0.5784 -20.8239 1.2044 0.5733 -21.0229 0.0656 0.2000 0.4314 0.3922 0.1961 26.5578 2.0000 
283 284 1 1.2044 0.5733 -21.0229 1.2087 0.5605 -21.2224 0.0656 0.2000 0.4314 0.3922 0.1961 26.7954 2.0000 
284 285 1 1.2087 0.5605 -21.2224 1.2136 0.5555 -21.4223 0.0656 0.2000 0.4314 0.3922 0.1961 27.0365 2.0000 
285 286 1 1.2136 0.5555 -21.4223 1.2176 0.5496 -21.6222 0.0656 0.2000 0.4314 0.3922 0.1961 27.2813 2.0000 
286 287 1 1.2176 0.5496 -21.6222 1.2166 0.5357 -21.8217 0.0656 0.2000 0.4314 0.3922 0.1961 27.5299 2.0000 
287 288 1 1.2166 0.5357 -21.8217 1.2156 0.5197 -22.0210 0.0656 0.2000 0.4314 0.3922 0.1961 27.7823 2.0000 
288 289 1 1.2156 0.5197 -22.0210 1.2126 0.5117 -22.2208 0.0656 0.2000 0.4314 0.3922 0.1961 28.0388 2.0000 
289 290 1 1.2126 0.5117 -22.2208 1.2236 0.5102 -22.4205 0.0656 0.2000 0.4314 0.3922 0.1961 28.2994 2.0000 
290 291 1 1.2236 0.5102 -22.4205 1.2327 0.5135 -22.6203 0.0656 0.2000 0.4314 0.3922 0.1961 28.5642 2.0000 
291 292 1 1.2327 0.5135 -22.6203 1.2215 0.5222 -22.8198 0.0656 0.2000 0.4314 0.3922 0.1961 28.8335 2.0000 
292 293 1 1.2215 0.5222 -22.8198 1.2286 0.5386 -23.0190 0.0656 0.2000 0.4314 0.3922 0.1961 29.1074 2.0000 
293 294 1 1.2286 0.5386 -23.0190 1.2442 0.5271 -23.2181 0.0656 0.2000 0.4314 0.3922 0.1961 29.3859 2.0000 
294 295 1 1.2442 0.5271 -23.2181 1.2576 0.5328 -23.4175 0.0656 0.2000 0.4314 0.3922 0.1961 29.6694 2.0000 
295 296 1 1.2576 0.5328 -23.4175 1.2771 0.5306 -23.6166 0.0656 0.2000 0.4314 0.3922 0.1961 29.9579 2.0000 
296 297 1 1.2771 0.5306 -23.6166 1.2787 0.5287 -23.6453 0.0656 0.0289 0.4314 0.3922 0.1961 30.0000 2.0000 
1 298 2 0.0009 -0.0012 -0.0548 -0.1705 -0.0558 -0.1422 0.0676 0.2000 0.4314 0.3922 0.1961 11.9814 2.0000 
298 299 2 -0.1705 -0.0558 -0.1422 -0.3445 -0.1139 -0.2219 0.0676 0.2000 0.4314 0.3922 0.1961 12.5416 2.0000 
299 300 2 -0.3445 -0.1139 -0.2219 -0.5166 -0.1758 -0.3028 0.0676 0.2000 0.4314 0.3922 0.1961 13.1050 2.0000 
300 301 2 -0.5166 -0.1758 -0.3028 -0.6669 -0.2533 -0.4096 0.0676 0.2000 0.4314 0.3922 0.1961 13.6717 2.0000 
301 302 2 -0.6669 -0.2533 -0.4096 -0.8153 -0.3328 -0.5175 0.0676 0.2000 0.4314 0.3922 0.1961 14.2418 2.0000 
302 303 2 -0.8153 -0.3328 -0.5175 -0.9748 -0.3581 -0.6356 0.0676 0.2000 0.4314 0.3922 0.1961 14.8152 2.0000 
303 304 2 -0.9748 -0.3581 -0.6356 -1.1288 -0.3861 -0.7600 0.0676 0.2000 0.4314 0.3922 0.1961 15.3921 2.0000 
304 305 2 -1.1288 -0.3861 -0.7600 -1.2708 -0.4109 -0.8987 0.0676 0.2000 0.4314 0.3922 0.1961 15.9724 2.0000 
305 306 2 -1.2708 -0.4109 -0.8987 -1.4043 -0.4543 -1.0411 0.0676 0.2000 0.4314 0.3922 0.1961 16.5563 2.0000 
306 307 2 -1.4043 -0.4543 -1.0411 -1.5392 -0.4970 -1.1825 0.0676 0.2000 0.4314 0.3922 0.1961 17.1437 2.0000 
307 308 2 -1.5392 -0.4970 -1.1825 -1.6673 -0.5551 -1.3247 0.0676 0.2000 0.4314 0.3922 0.1961 17.7347 2.0000 
308 309 2 -1.6673 -0.5551 -1.3247 -1.7625 -0.6425 -1.4773 0.0676 0.2000 0.4314 0.3922 0.1961 18.3293 2.0000 
309 310 2 -1.7625 -0.6425 -1.4773 -1.8456 -0.7094 -1.6465 0.0676 0.2000 0.4314 0.3922 0.1961 18.9276 2.0000 
310 311 2 -1.8456 -0.7094 -1.6465 -1.9332 -0.7670 -1.8168 0.0676 0.2000 0.4314 0.3922 0.1961 19.5296 2.0000 
311 312 2 -1.9332 -0.7670 -1.8168 -1.9921 -0.8443 -1.9916 0.0676 0.2000 0.4314 0.3922 0.1961 20.1354 2.0000 
312 313 2 -1.9921 -0.8443 -1.9916 -2.0371 -0.9274 -2.1679 0.0676 0.2000 0.4314 0.3922 0.1961 20.7451 2.0000 
313 314 2 -2.0371 -0.9274 -2.1679 -2.0811 -1.0077 -2.3457 0.0676 0.2000 0.4314 0.3922 0.1961 21.3585 2.0000 
314 315 2 -2.0811 -1.0077 -2.3457 -2.1350 -1.0717 -2.5274 0.0676 0.2000 0.4314 0.3922 0.1961 21.9760 2.0000 
315 316 2 -2.1350 -1.0717 -2.5274 -2.1754 -1.1393 -2.7112 0.0676 0.2000 0.4314 0.3922 0.1961 22.5973 2.0000 
316 317 2 -2.1754 -1.1393 -2.7112 -2.2107 -1.2050 -2.8968 0.0676 0.2000 0.4314 0.3922 0.1961 23.2227 2.0000 
317 318 2 -2.2107 -1.2050 -2.8968 -2.2216 -1.2726 -3.0847 0.0676 0.2000 0.4314 0.3922 0.1961 23.8522 2.0000 
318 319 2 -2.2216 -1.2726 -3.0847 -2.2745 -1.2752 -3.2775 0.0676 0.2000 0.4314 0.3922 0.1961 24.4858 2.0000 
319 320 2 -2.2745 -1.2752 -3.2775 -2.3075 -1.2798 -3.4747 0.0676 0.2000 0.4314 0.3922 0.1961 25.1236 2.0000 
320 321 2 -2.3075 -1.2798 -3.4747 -2.3375 -1.2830 -3.6725 0.0676 0.2000 0.4314 0.3922 0.1961 25.7656 2.0000 
321 322 2 -2.3375 -1.2830 -3.6725 -2.3561 -1.2916 -3.8714 0.0676 0.2000 0.4314 0.3922 0.1961 26.4120 2.0000 
322 323 2 -2.3561 -1.2916 -3.8714 -2.3412 -1.3042 -4.0704 0.0676 0.2000 0.4314 0.3922 0.1961 27.0626 2.0000 
323 324 2 -2.3412 -1.3042 -4.0704 -2.3081 -1.2962 -4.2675 0.0676 0.2000 0.4314 0.3922 0.1961 27.7177 2.0000 
324 325 2 -2.3081 -1.2962 -4.2675 -2.3104 -1.2977 -4.4675 0.0676 0.2000 0.4314 0.3922 0.1961 28.3773 2.0000 
325 326 2 -2.3104 -1.2977 -4.4675 -2.3148 -1.2998 -4.6674 0.0676 0.2000 0.4314 0.3922 0.1961 29.0413 2.0000 
326 327 2 -2.3148 -1.2998 -4.6674 -2.3128 -1.2974 -4.8674 0.0676 0.2000 0.4314 0.3922 0.1961 29.7100 2.0000 
327 328 2 -2.3128 -1.2974 -4.8674 -2.3168 -1.2881 -4.9531 0.0676 0.0863 0.4314 0.3922 0.1961 30.0000 2.0000 
3 329 3 -0.0020 -0.0382 -0.3855 0.1788 -0.0420 -0.4709 0.0475 0.2000 0.4314 0.3922 0.1961 11.8854 2.0000 
329 330 3 0.1788 -0.0420 -0.4709 0.3581 -0.0342 -0.5592 0.0475 0.2000 0.4314 0.3922 0.1961 11.9508 2.0000 
330 331 3 0.3581 -0.0342 -0.5592 0.5346 -0.0350 -0.6532 0.0475 0.2000 0.4314 0.3922 0.1961 12.0167 2.0000 
331 332 3 0.5346 -0.0350 -0.6532 0.7092 -0.0334 -0.7508 0.0475 0.2000 0.4314 0.3922 0.1961 12.0831 2.0000 
332 333 3 0.7092 -0.0334 -0.7508 0.8793 -0.0227 -0.8554 0.0475 0.2000 0.4314 0.3922 0.1961 12.1499 2.0000 
333 334 3 0.8793 -0.0227 -0.8554 1.0496 -0.0132 -0.9598 0.0475 0.2000 0.4314 0.3922 0.1961 12.2174 2.0000 
334 335 3 1.0496 -0.0132 -0.9598 1.2029 -0.0279 -1.0874 0.0475 0.2000 0.4314 0.3922 0.1961 12.2853 2.0000 
335 336 3 1.2029 -0.0279 -1.0874 1.3468 -0.0531 -1.2240 0.0475 0.2000 0.4314 0.3922 0.1961 12.3537 2.0000 
336 337 3 1.3468 -0.0531 -1.2240 1.5087 -0.0670 -1.3406 0.0475 0.2000 0.4314 0.3922 0.1961 12.4227 2.0000 
337 338 3 1.5087 -0.0670 -1.3406 1.6512 -0.0763 -1.4806 0.0475 0.2000 0.4314 0.3922 0.1961 12.4923 2.0000 
338 339 3 1.6512 -0.0763 -1.4806 1.7773 -0.1161 -1.6307 0.0475 0.2000 0.4314 0.3922 0.1961 12.5624 2.0000 
339 340 3 1.7773 -0.1161 -1.6307 1.9041 -0.1492 -1.7818 0.0475 0.2000 0.4314 0.3922 0.1961 12.6330 2.0000 
340 341 3 1.9041 -0.1492 -1.7818 2.0189 -0.1466 -1.9455 0.0475 0.2000 0.4314 0.3922 0.1961 12.7042 2.0000 
341 342 3 2.0189 -0.1466 -1.9455 2.1375 -0.1523 -2.1064 0.0475 0.2000 0.4314 0.3922 0.1961 12.7760 2.0000 
342 343 3 2.1375 -0.1523 -2.1064 2.2418 -0.1662 -2.2765 0.0475 0.2000 0.4314 0.3922 0.1961 12.8484 2.0000 
343 344 3 2.2418 -0.1662 -2.2765 2.3468 -0.1861 -2.4456 0.0475 0.2000 0.4314 0.3922 0.1961 12.9214 2.0000 
344 345 3 2.3468 -0.1861 -2.4456 2.3991 -0.1664 -2.6376 0.0475 0.2000 0.4314 0.3922 0.1961 12.9950 2.0000 
345 346 3 2.3991 -0.1664 -2.6376 2.4332 -0.1415 -2.8331 0.0475 0.2000 0.4314 0.3922 0.1961 13.0692 2.0000 
346 347 3 2.4332 -0.1415 -2.8331 2.4492 -0.1140 -3.0306 0.0475 0.2000 0.4314 0.3922 0.1961 13.1441 2.0000 
347 348 3 2.4492 -0.1140 -3.0306 2.4785 -0.0814 -3.2257 0.0475 0.2000 0.4314 0.3922 0.1961 13.2196 2.0000 
348 349 3 2.4785 -0.0814 -3.2257 2.5032 -0.0772 -3.4241 0.0475 0.2000 0.4314 0.3922 0.1961 13.2957 2.0000 
349 350 3 2.5032 -0.0772 -3.4241 2.5301 -0.0562 -3.6212 0.0475 0.2000 0.4314 0.3922 0.1961 13.3726 2.0000 
350 351 3 2.5301 -0.0562 -3.6212 2.5280 -0.0699 -3.8207 0.0475 0.2000 0.4314 0.3922 0.1961 13.4500 2.0000 
351 352 3 2.5280 -0.0699 -3.8207 2.5220 -0.0543 -4.0200 0.0475 0.2000 0.4314 0.3922 0.1961 13.5282 2.0000 
352 353 3 2.5220 -0.0543 -4.0200 2.5185 -0.0342 -4.2190 0.0475 0.2000 0.4314 0.3922 0.1961 13.6071 2.0000 
353 354 3 2.5185 -0.0342 -4.2190 2.5204 -0.0410 -4.4189 0.0475 0.2000 0.4314 0.3922 0.1961 13.6867 2.0000 
354 355 3 2.5204 -0.0410 -4.4189 2.5107 -0.0295 -4.6183 0.0475 0.2000 0.4314 0.3922 0.1961 13.7670 2.0000 
355 356 3 2.5107 -0.0295 -4.6183 2.5105 -0.0318 -4.8183 0.0475 0.2000 0.4314 0.3922 0.1961 13.8481 2.0000 
356 357 3 2.5105 -0.0318 -4.8183 2.5069 -0.0231 -5.0181 0.0475 0.2000 0.4314 0.3922 0.1961 13.9299 2.0000 
357 358 3 2.5069 -0.0231 -5.0181 2.4953 -0.0155 -5.2176 0.0475 0.2000 0.4314 0.3922 0.1961 14.0124 2.0000 
358 359 3 2.4953 -0.0155 -5.2176 2.5041 -0.0052 -5.4171 0.0475 0.2000 0.4314 0.3922 0.1961 14.0958 2.0000 
359 360 3 2.5041 -0.0052 -5.4171 2.5196 -0.0060 -5.6165 0.0475 0.2000 0.4314 0.3922 0.1961 14.1799 2.0000 
360 361 3 2.5196 -0.0060 -5.6165 2.5343 -0.0089 -5.8160 0.0475 0.2000 0.4314 0.3922 0.1961 14.2649 2.0000 
361 362 3 2.5343 -0.0089 -5.8160 2.5534 -0.0128 -6.0150 0.0475 0.2000 0.4314 0.3922 0.1961 14.3507 2.0000 
362 363 3 2.5534 -0.0128 -6.0150 2.5676 -0.0062 -6.2144 0.0475 0.2000 0.4314 0.3922 0.1961 14.4373 2.0000 
363 364 3 2.5676 -0.0062 -6.2144 2.5820 0.0020 -6.4137 0.0475 0.2000 0.4314 0.3922 0.1961 14.5248 2.0000 
364 365 3 2.5820 0.0020 -6.4137 2.5972 0.0037 -6.6131 0.0475 0.2000 0.4314 0.3922 0.1961 14.6132 2.0000 
365 366 3 2.5972 0.0037 -6.6131 2.5864 -0.0082 -6.8125 0.0475 0.2000 0.4314 0.3922 0.1961 14.7025 2.0000 
366 367 3 2.5864 -0.0082 -6.8125 2.5696 -0.0142 -7.0117 0.0475 0.2000 0.4314 0.3922 0.1961 14.7926 2.0000 
367 368 3 2.5696 -0.0142 -7.0117 2.5508 -0.0218 -7.2106 0.0475 0.2000 0.4314 0.3922 0.1961 14.8838 2.0000 
368 369 3 2.5508 -0.0218 -7.2106 2.5618 -0.0423 -7.4093 0.0475 0.2000 0.4314 0.3922 0.1961 14.9758 2.0000 
369 370 3 2.5618 -0.0423 -7.4093 2.5406 -0.0577 -7.6076 0.0475 0.2000 0.4314 0.3922 0.1961 15.0689 2.0000 
370 371 3 2.5406 -0.0577 -7.6076 2.5324 -0.0682 -7.8071 0.0475 0.2000 0.4314 0.3922 0.1961 15.1629 2.0000 
371 372 3 2.5324 -0.0682 -7.8071 2.5206 -0.0743 -8.0067 0.0475 0.2000 0.4314 0.3922 0.1961 15.2579 2.0000 
372 373 3 2.5206 -0.0743 -8.0067 2.5107 -0.0767 -8.2064 0.0475 0.2000 0.4314 0.3922 0.1961 15.3540 2.0000 
373 374 3 2.5107 -0.0767 -8.2064 2.4949 -0.0558 -8.4047 0.0475 0.2000 0.4314 0.3922 0.1961 15.4512 2.0000 
374 375 3 2.4949 -0.0558 -8.4047 2.4920 -0.0445 -8.6043 0.0475 0.2000 0.4314 0.3922 0.1961 15.5494 2.0000 
375 376 3 2.4920 -0.0445 -8.6043 2.4947 -0.0292 -8.8037 0.0475 0.2000 0.4314 0.3922 0.1961 15.6487 2.0000 
376 377 3 2.4947 -0.0292 -8.8037 2.4978 -0.0142 -9.0031 0.0475 0.2000 0.4314 0.3922 0.1961 15.7492 2.0000 
377 378 3 2.4978 -0.0142 -9.0031 2.5063 -0.0141 -9.2030 0.0475 0.2000 0.4314 0.3922 0.1961 15.8508 2.0000 
378 379 3 2.5063 -0.0141 -9.2030 2.5093 -0.0127 -9.4029 0.0475 0.2000 0.4314 0.3922 0.1961 15.9536 2.0000 
379 380 3 2.5093 -0.0127 -9.4029 2.5116 -0.0103 -9.6029 0.0475 0.2000 0.4314 0.3922 0.1961 16.0577 2.0000 
380 381 3 2.5116 -0.0103 -9.6029 2.5201 -0.0140 -9.8027 0.0475 0.2000 0.4314 0.3922 0.1961 16.1629 2.0000 
381 382 3 2.5201 -0.0140 -9.8027 2.5324 -0.0222 -10.0022 0.0475 0.2000 0.4314 0.3922 0.1961 16.2695 2.0000 
382 383 3 2.5324 -0.0222 -10.0022 2.5452 -0.0375 -10.2012 0.0475 0.2000 0.4314 0.3922 0.1961 16.3773 2.0000 
383 384 3 2.5452 -0.0375 -10.2012 2.5352 -0.0518 -10.4004 0.0475 0.2000 0.4314 0.3922 0.1961 16.4865 2.0000 
384 385 3 2.5352 -0.0518 -10.4004 2.5293 -0.0605 -10.6001 0.0475 0.2000 0.4314 0.3922 0.1961 16.5971 2.0000 
385 386 3 2.5293 -0.0605 -10.6001 2.5250 -0.0670 -10.8000 0.0475 0.2000 0.4314 0.3922 0.1961 16.7090 2.0000 
386 387 3 2.5250 -0.0670 -10.8000 2.5185 -0.0752 -10.9997 0.0475 0.2000 0.4314 0.3922 0.1961 16.8225 2.0000 
387 388 3 2.5185 -0.0752 -10.9997 2.5185 -0.0586 -11.1990 0.0475 0.2000 0.4314 0.3922 0.1961 16.9373 2.0000 
388 389 3 2.5185 -0.0586 -11.1990 2.5182 -0.0451 -11.3985 0.0475 0.2000 0.4314 0.3922 0.1961 17.0537 2.0000 
389 390 3 2.5182 -0.0451 -11.3985 2.5198 -0.0313 -11.5981 0.0475 0.2000 0.4314 0.3922 0.1961 17.1717 2.0000 
390 391 3 2.5198 -0.0313 -11.5981 2.5308 -0.0237 -11.7976 0.0475 0.2000 0.4314 0.3922 0.1961 17.2913 2.0000 
391 392 3 2.5308 -0.0237 -11.7976 2.5593 -0.0225 -11.9956 0.0475 0.2000 0.4314 0.3922 0.1961 17.4125 2.0000 
392 393 3 2.5593 -0.0225 -11.9956 2.5892 -0.0318 -12.1931 0.0475 0.2000 0.4314 0.3922 0.1961 17.5354 2.0000 
393 394 3 2.5892 -0.0318 -12.1931 2.5845 -0.0195 -12.3927 0.0475 0.2000 0.4314 0.3922 0.1961 17.6600 2.0000 
394 395 3 2.5845 -0.0195 -12.3927 2.5766 -0.0240 -12.5925 0.0475 0.2000 0.4314 0.3922 0.1961 17.7864 2.0000 
395 396 3 2.5766 -0.0240 -12.5925 2.5644 -0.0347 -12.7918 0.0475 0.2000 0.4314 0.3922 0.1961 17.9147 2.0000 
396 397 3 2.5644 -0.0347 -12.7918 2.5556 -0.0311 -12.9916 0.0475 0.2000 0.4314 0.3922 0.1961 18.0448 2.0000 
397 398 3 2.5556 -0.0311 -12.9916 2.5468 -0.0276 -13.1914 0.0475 0.2000 0.4314 0.3922 0.1961 18.1770 2.0000 
398 399 3 2.5468 -0.0276 -13.1914 2.5435 -0.0235 -13.3913 0.0475 0.2000 0.4314 0.3922 0.1961 18.3111 2.0000 
399 400 3 2.5435 -0.0235 -13.3913 2.5508 -0.0073 -13.5905 0.0475 0.2000 0.4314 0.3922 0.1961 18.4473 2.0000 
400 401 3 2.5508 -0.0073 -13.5905 2.5770 -0.0076 -13.7888 0.0475 0.2000 0.4314 0.3922 0.1961 18.5856 2.0000 
401 402 3 2.5770 -0.0076 -13.7888 2.5878 -0.0135 -13.9884 0.0475 0.2000 0.4314 0.3922 0.1961 18.7262 2.0000 
402 403 3 2.5878 -0.0135 -13.9884 2.5985 -0.0186 -14.1880 0.0475 0.2000 0.4314 0.3922 0.1961 18.8690 2.0000 
403 404 3 2.5985 -0.0186 -14.1880 2.6053 -0.0187 -14.3879 0.0475 0.2000 0.4314 0.3922 0.1961 19.0142 2.0000 
404 405 3 2.6053 -0.0187 -14.3879 2.5896 -0.0052 -14.5868 0.0475 0.2000 0.4314 0.3922 0.1961 19.1618 2.0000 
405 406 3 2.5896 -0.0052 -14.5868 2.5681 -0.0119 -14.7856 0.0475 0.2000 0.4314 0.3922 0.1961 19.3119 2.0000 
406 407 3 2.5681 -0.0119 -14.7856 2.5633 -0.0121 -14.9855 0.0475 0.2000 0.4314 0.3922 0.1961 19.4646 2.0000 
407 408 3 2.5633 -0.0121 -14.9855 2.5827 -0.0176 -15.1845 0.0475 0.2000 0.4314 0.3922 0.1961 19.6201 2.0000 
408 409 3 2.5827 -0.0176 -15.1845 2.6012 -0.0231 -15.3836 0.0475 0.2000 0.4314 0.3922 0.1961 19.7783 2.0000 
409 410 3 2.6012 -0.0231 -15.3836 2.6185 -0.0295 -15.5827 0.0475 0.2000 0.4314 0.3922 0.1961 19.9394 2.0000 
410 411 3 2.6185 -0.0295 -15.5827 2.6182 -0.0383 -15.7825 0.0475 0.2000 0.4314 0.3922 0.1961 20.1035 2.0000 
411 412 3 2.6182 -0.0383 -15.7825 2.6006 -0.0569 -15.9809 0.0475 0.2000 0.4314 0.3922 0.1961 20.2707 2.0000 
412 413 3 2.6006 -0.0569 -15.9809 2.6122 -0.0475 -16.1803 0.0475 0.2000 0.4314 0.3922 0.1961 20.4412 2.0000 
413 414 3 2.6122 -0.0475 -16.1803 2.6254 -0.0787 -16.3774 0.0475 0.2000 0.4314 0.3922 0.1961 20.6150 2.0000 
414 415 3 2.6254 -0.0787 -16.3774 2.6217 -0.1072 -16.5753 0.0475 0.2000 0.4314 0.3922 0.1961 20.7924 2.0000 
415 416 3 2.6217 -0.1072 -16.5753 2.6158 -0.1280 -16.7742 0.0475 0.2000 0.4314 0.3922 0.1961 20.9733 2.0000 
416 417 3 2.6158 -0.1280 -16.7742 2.6068 -0.1459 -16.9732 0.0475 0.2000 0.4314 0.3922 0.1961 21.1581 2.0000 
417 418 3 2.6068 -0.1459 -16.9732 2.6228 -0.1556 -17.1723 0.0475 0.2000 0.4314 0.3922 0.1961 21.3468 2.0000 
418 419 3 2.6228 -0.1556 -17.1723 2.6408 -0.1676 -17.3711 0.0475 0.2000 0.4314 0.3922 0.1961 21.5397 2.0000 
419 420 3 2.6408 -0.1676 -17.3711 2.6506 -0.1560 -17.5705 0.0475 0.2000 0.4314 0.3922 0.1961 21.7369 2.0000 
420 421 3 2.6506 -0.1560 -17.5705 2.6525 -0.1402 -17.7699 0.0475 0.2000 0.4314 0.3922 0.1961 21.9386 2.0000 
421 422 3 2.6525 -0.1402 -17.7699 2.6729 -0.1310 -17.9686 0.0475 0.2000 0.4314 0.3922 0.1961 22.1450 2.0000 
422 423 3 2.6729 -0.1310 -17.9686 2.6881 -0.1243 -18.1680 0.0475 0.2000 0.4314 0.3922 0.1961 22.3564 2.0000 
423 424 3 2.6881 -0.1243 -18.1680 2.6999 -0.1069 -18.3668 0.0475 0.2000 0.4314 0.3922 0.1961 22.5729 2.0000 
424 425 3 2.6999 -0.1069 -18.3668 2.6913 -0.0697 -18.5632 0.0475 0.2000 0.4314 0.3922 0.1961 22.7950 2.0000 
425 426 3 2.6913 -0.0697 -18.5632 2.6933 -0.0468 -18.7618 0.0475 0.2000 0.4314 0.3922 0.1961 23.0227 2.0000 
426 427 3 2.6933 -0.0468 -18.7618 2.6882 -0.0232 -18.9604 0.0475 0.2000 0.4314 0.3922 0.1961 23.2566 2.0000 
427 428 3 2.6882 -0.0232 -18.9604 2.6675 -0.0274 -19.1593 0.0475 0.2000 0.4314 0.3922 0.1961 23.4968 2.0000 
428 429 3 2.6675 -0.0274 -19.1593 2.6781 -0.0293 -19.3590 0.0475 0.2000 0.4314 0.3922 0.1961 23.7437 2.0000 
429 430 3 2.6781 -0.0293 -19.3590 2.6940 -0.0329 -19.5583 0.0475 0.2000 0.4314 0.3922 0.1961 23.9977 2.0000 
430 431 3 2.6940 -0.0329 -19.5583 2.6921 -0.0072 -19.7567 0.0475 0.2000 0.4314 0.3922 0.1961 24.2593 2.0000 
431 432 3 2.6921 -0.0072 -19.7567 2.6962 0.0266 -19.9537 0.0475 0.2000 0.4314 0.3922 0.1961 24.5289 2.0000 
432 433 3 2.6962 0.0266 -19.9537 2.6838 0.0475 -20.1522 0.0475 0.2000 0.4314 0.3922 0.1961 24.8071 2.0000 
433 434 3 2.6838 0.0475 -20.1522 2.6957 0.0547 -20.3518 0.0475 0.2000 0.4314 0.3922 0.1961 25.0943 2.0000 
434 435 3 2.6957 0.0547 -20.3518 2.7061 0.0541 -20.5515 0.0475 0.2000 0.4314 0.3922 0.1961 25.3911 2.0000 
435 436 3 2.7061 0.0541 -20.5515 2.7196 0.0627 -20.7508 0.0475 0.2000 0.4314 0.3922 0.1961 25.6983 2.0000 
436 437 3 2.7196 0.0627 -20.7508 2.7362 0.0620 -20.9501 0.0475 0.2000 0.4314 0.3922 0.1961 26.0167 2.0000 
437 438 3 2.7362 0.0620 -20.9501 2.7535 0.0576 -21.1493 0.0475 0.2000 0.4314 0.3922 0.1961 26.3469 2.0000 
438 439 3 2.7535 0.0576 -21.1493 2.7494 0.0555 -21.3493 0.0475 0.2000 0.4314 0.3922 0.1961 26.6901 2.0000 
439 440 3 2.7494 0.0555 -21.3493 2.7467 0.0529 -21.5493 0.0475 0.2000 0.4314 0.3922 0.1961 27.0471 2.0000 
440 441 3 2.7467 0.0529 -21.5493 2.7409 0.0565 -21.7491 0.0475 0.2000 0.4314 0.3922 0.1961 27.4192 2.0000 
441 442 3 2.7409 0.0565 -21.7491 2.7208 0.0557 -21.9481 0.0475 0.2000 0.4314 0.3922 0.1961 27.8078 2.0000 
442 443 3 2.7208 0.0557 -21.9481 2.7088 0.0465 -22.1476 0.0475 0.2000 0.4314 0.3922 0.1961 28.2143 2.0000 
443 444 3 2.7088 0.0465 -22.1476 2.6884 0.0487 -22.3465 0.0475 0.2000 0.4314 0.3922 0.1961 28.6404 2.0000 
444 445 3 2.6884 0.0487 -22.3465 2.6828 0.0697 -22.5453 0.0475 0.2000 0.4314 0.3922 0.1961 29.0882 2.0000 
445 446 3 2.6828 0.0697 -22.5453 2.6868 0.1099 -22.7412 0.0475 0.2000 0.4314 0.3922 0.1961 29.5600 2.0000 
446 447 3 2.6868 0.1099 -22.7412 2.6982 0.1371 -22.9158 0.0475 0.1771 0.4314 0.3922 0.1961 30.0000 2.0000 
4 448 4 0.0043 -0.0485 -0.5146 -0.1768 -0.0258 -0.5964 0.0574 0.2000 0.4314 0.3922 0.1961 12.0521 2.0000 
448 449 4 -0.1768 -0.0258 -0.5964 -0.3436 -0.0707 -0.6972 0.0574 0.2000 0.4314 0.3922 0.1961 12.1290 2.0000 
449 450 4 -0.3436 -0.0707 -0.6972 -0.4885 -0.1187 -0.8263 0.0574 0.2000 0.4314 0.3922 0.1961 12.2063 2.0000 
450 451 4 -0.4885 -0.1187 -0.8263 -0.5953 -0.1844 -0.9822 0.0574 0.2000 0.4314 0.3922 0.1961 12.2840 2.0000 
451 452 4 -0.5953 -0.1844 -0.9822 -0.6939 -0.2308 -1.1499 0.0574 0.2000 0.4314 0.3922 0.1961 12.3622 2.0000 
452 453 4 -0.6939 -0.2308 -1.1499 -0.7673 -0.2992 -1.3229 0.0574 0.2000 0.4314 0.3922 0.1961 12.4409 2.0000 
453 454 4 -0.7673 -0.2992 -1.3229 -0.8271 -0.3695 -1.5003 0.0574 0.2000 0.4314 0.3922 0.1961 12.5201 2.0000 
454 455 4 -0.8271 -0.3695 -1.5003 -0.8809 -0.4281 -1.6838 0.0574 0.2000 0.4314 0.3922 0.1961 12.5997 2.0000 
455 456 4 -0.8809 -0.4281 -1.6838 -0.9413 -0.4945 -1.8626 0.0574 0.2000 0.4314 0.3922 0.1961 12.6798 2.0000 
456 457 4 -0.9413 -0.4945 -1.8626 -1.0018 -0.5618 -2.0409 0.0574 0.2000 0.4314 0.3922 0.1961 12.7604 2.0000 
457 458 4 -1.0018 -0.5618 -2.0409 -1.0623 -0.6163 -2.2236 0.0574 0.2000 0.4314 0.3922 0.1961 12.8415 2.0000 
458 459 4 -1.0623 -0.6163 -2.2236 -1.0894 -0.6403 -2.4203 0.0574 0.2000 0.4314 0.3922 0.1961 12.9231 2.0000 
459 460 4 -1.0894 -0.6403 -2.4203 -1.1187 -0.6538 -2.6177 0.0574 0.2000 0.4314 0.3922 0.1961 13.0051 2.0000 
460 461 4 -1.1187 -0.6538 -2.6177 -1.0962 -0.6710 -2.8156 0.0574 0.2000 0.4314 0.3922 0.1961 13.0878 2.0000 
461 462 4 -1.0962 -0.6710 -2.8156 -1.0679 -0.6830 -3.0133 0.0574 0.2000 0.4314 0.3922 0.1961 13.1709 2.0000 
462 463 4 -1.0679 -0.6830 -3.0133 -1.0648 -0.6824 -3.2132 0.0574 0.2000 0.4314 0.3922 0.1961 13.2545 2.0000 
463 464 4 -1.0648 -0.6824 -3.2132 -1.0593 -0.6805 -3.4131 0.0574 0.2000 0.4314 0.3922 0.1961 13.3387 2.0000 
464 465 4 -1.0593 -0.6805 -3.4131 -1.0556 -0.6777 -3.6131 0.0574 0.2000 0.4314 0.3922 0.1961 13.4234 2.0000 
465 466 4 -1.0556 -0.6777 -3.6131 -1.0551 -0.6665 -3.8128 0.0574 0.2000 0.4314 0.3922 0.1961 13.5087 2.0000 
466 467 4 -1.0551 -0.6665 -3.8128 -1.0605 -0.6611 -4.0126 0.0574 0.2000 0.4314 0.3922 0.1961 13.5945 2.0000 
467 468 4 -1.0605 -0.6611 -4.0126 -1.0447 -0.6645 -4.2120 0.0574 0.2000 0.4314 0.3922 0.1961 13.6808 2.0000 
468 469 4 -1.0447 -0.6645 -4.2120 -1.0271 -0.6630 -4.4112 0.0574 0.2000 0.4314 0.3922 0.1961 13.7678 2.0000 
469 470 4 -1.0271 -0.6630 -4.4112 -1.0101 -0.6627 -4.6105 0.0574 0.2000 0.4314 0.3922 0.1961 13.8553 2.0000 
470 471 4 -1.0101 -0.6627 -4.6105 -0.9928 -0.6617 -4.8097 0.0574 0.2000 0.4314 0.3922 0.1961 13.9434 2.0000 
471 472 4 -0.9928 -0.6617 -4.8097 -0.9761 -0.6607 -5.0090 0.0574 0.2000 0.4314 0.3922 0.1961 14.0321 2.0000 
472 473 4 -0.9761 -0.6607 -5.0090 -0.9673 -0.6658 -5.2088 0.0574 0.2000 0.4314 0.3922 0.1961 14.1213 2.0000 
473 474 4 -0.9673 -0.6658 -5.2088 -0.9686 -0.6885 -5.4075 0.0574 0.2000 0.4314 0.3922 0.1961 14.2112 2.0000 
474 475 4 -0.9686 -0.6885 -5.4075 -0.9961 -0.6968 -5.6054 0.0574 0.2000 0.4314 0.3922 0.1961 14.3017 2.0000 
475 476 4 -0.9961 -0.6968 -5.6054 -1.0042 -0.7089 -5.8049 0.0574 0.2000 0.4314 0.3922 0.1961 14.3928 2.0000 
476 477 4 -1.0042 -0.7089 -5.8049 -1.0084 -0.6880 -6.0037 0.0574 0.2000 0.4314 0.3922 0.1961 14.4846 2.0000 
477 478 4 -1.0084 -0.6880 -6.0037 -1.0126 -0.6671 -6.2026 0.0574 0.2000 0.4314 0.3922 0.1961 14.5770 2.0000 
478 479 4 -1.0126 -0.6671 -6.2026 -1.0233 -0.6766 -6.4021 0.0574 0.2000 0.4314 0.3922 0.1961 14.6700 2.0000 
479 480 4 -1.0233 -0.6766 -6.4021 -1.0363 -0.6947 -6.6008 0.0574 0.2000 0.4314 0.3922 0.1961 14.7637 2.0000 
480 481 4 -1.0363 -0.6947 -6.6008 -1.0493 -0.7124 -6.7996 0.0574 0.2000 0.4314 0.3922 0.1961 14.8581 2.0000 
481 482 4 -1.0493 -0.7124 -6.7996 -1.0540 -0.7262 -6.9991 0.0574 0.2000 0.4314 0.3922 0.1961 14.9531 2.0000 
482 483 4 -1.0540 -0.7262 -6.9991 -1.0567 -0.7411 -7.1985 0.0574 0.2000 0.4314 0.3922 0.1961 15.0488 2.0000 
483 484 4 -1.0567 -0.7411 -7.1985 -1.0721 -0.7539 -7.3975 0.0574 0.2000 0.4314 0.3922 0.1961 15.1453 2.0000 
484 485 4 -1.0721 -0.7539 -7.3975 -1.0797 -0.7522 -7.5974 0.0574 0.2000 0.4314 0.3922 0.1961 15.2424 2.0000 
485 486 4 -1.0797 -0.7522 -7.5974 -1.0742 -0.7722 -7.7963 0.0574 0.2000 0.4314 0.3922 0.1961 15.3402 2.0000 
486 487 4 -1.0742 -0.7722 -7.7963 -1.0698 -0.7803 -7.9961 0.0574 0.2000 0.4314 0.3922 0.1961 15.4388 2.0000 
487 488 4 -1.0698 -0.7803 -7.9961 -1.0644 -0.7873 -8.1959 0.0574 0.2000 0.4314 0.3922 0.1961 15.5381 2.0000 
488 489 4 -1.0644 -0.7873 -8.1959 -1.0661 -0.7939 -8.3958 0.0574 0.2000 0.4314 0.3922 0.1961 15.6382 2.0000 
489 490 4 -1.0661 -0.7939 -8.3958 -1.0707 -0.7966 -8.5957 0.0574 0.2000 0.4314 0.3922 0.1961 15.7390 2.0000 
490 491 4 -1.0707 -0.7966 -8.5957 -1.0715 -0.8103 -8.7952 0.0574 0.2000 0.4314 0.3922 0.1961 15.8406 2.0000 
491 492 4 -1.0715 -0.8103 -8.7952 -1.0755 -0.8239 -8.9947 0.0574 0.2000 0.4314 0.3922 0.1961 15.9430 2.0000 
492 493 4 -1.0755 -0.8239 -8.9947 -1.0795 -0.8386 -9.1941 0.0574 0.2000 0.4314 0.3922 0.1961 16.0462 2.0000 
493 494 4 -1.0795 -0.8386 -9.1941 -1.0896 -0.8343 -9.3938 0.0574 0.2000 0.4314 0.3922 0.1961 16.1501 2.0000 
494 495 4 -1.0896 -0.8343 -9.3938 -1.0856 -0.8483 -9.5933 0.0574 0.2000 0.4314 0.3922 0.1961 16.2549 2.0000 
495 496 4 -1.0856 -0.8483 -9.5933 -1.0824 -0.8562 -9.7931 0.0574 0.2000 0.4314 0.3922 0.1961 16.3606 2.0000 
496 497 4 -1.0824 -0.8562 -9.7931 -1.0847 -0.8612 -9.9930 0.0574 0.2000 0.4314 0.3922 0.1961 16.4671 2.0000 
497 498 4 -1.0847 -0.8612 -9.9930 -1.0759 -0.8704 -10.1926 0.0574 0.2000 0.4314 0.3922 0.1961 16.5744 2.0000 
498 499 4 -1.0759 -0.8704 -10.1926 -1.0678 -0.8784 -10.3923 0.0574 0.2000 0.4314 0.3922 0.1961 16.6827 2.0000 
499 500 4 -1.0678 -0.8784 -10.3923 -1.0775 -0.8743 -10.5920 0.0574 0.2000 0.4314 0.3922 0.1961 16.7918 2.0000 
500 501 4 -1.0775 -0.8743 -10.5920 -1.0884 -0.8667 -10.7916 0.0574 0.2000 0.4314 0.3922 0.1961 16.9018 2.0000 
501 502 4 -1.0884 -0.8667 -10.7916 -1.1163 -0.8446 -10.9884 0.0574 0.2000 0.4314 0.3922 0.1961 17.0128 2.0000 
502 503 4 -1.1163 -0.8446 -10.9884 -1.1419 -0.7997 -11.1816 0.0574 0.2000 0.4314 0.3922 0.1961 17.1246 2.0000 
503 504 4 -1.1419 -0.7997 -11.1816 -1.1591 -0.7586 -11.3766 0.0574 0.2000 0.4314 0.3922 0.1961 17.2375 2.0000 
504 505 4 -1.1591 -0.7586 -11.3766 -1.1646 -0.7376 -11.5754 0.0574 0.2000 0.4314 0.3922 0.1961 17.3513 2.0000 
505 506 4 -1.1646 -0.7376 -11.5754 -1.1495 -0.7286 -11.7746 0.0574 0.2000 0.4314 0.3922 0.1961 17.4661 2.0000 
506 507 4 -1.1495 -0.7286 -11.7746 -1.1301 -0.7157 -11.9733 0.0574 0.2000 0.4314 0.3922 0.1961 17.5819 2.0000 
507 508 4 -1.1301 -0.7157 -11.9733 -1.1195 -0.6972 -12.1721 0.0574 0.2000 0.4314 0.3922 0.1961 17.6987 2.0000 
508 509 4 -1.1195 -0.6972 -12.1721 -1.0978 -0.6751 -12.3697 0.0574 0.2000 0.4314 0.3922 0.1961 17.8165 2.0000 
509 510 4 -1.0978 -0.6751 -12.3697 -1.0725 -0.6894 -12.5676 0.0574 0.2000 0.4314 0.3922 0.1961 17.9354 2.0000 
510 511 4 -1.0725 -0.6894 -12.5676 -1.0497 -0.7007 -12.7660 0.0574 0.2000 0.4314 0.3922 0.1961 18.0554 2.0000 
511 512 4 -1.0497 -0.7007 -12.7660 -1.0281 -0.7118 -12.9645 0.0574 0.2000 0.4314 0.3922 0.1961 18.1765 2.0000 
512 513 4 -1.0281 -0.7118 -12.9645 -1.0107 -0.7195 -13.1636 0.0574 0.2000 0.4314 0.3922 0.1961 18.2987 2.0000 
513 514 4 -1.0107 -0.7195 -13.1636 -0.9937 -0.7340 -13.3623 0.0574 0.2000 0.4314 0.3922 0.1961 18.4220 2.0000 
514 515 4 -0.9937 -0.7340 -13.3623 -0.9771 -0.7217 -13.5613 0.0574 0.2000 0.4314 0.3922 0.1961 18.5465 2.0000 
515 516 4 -0.9771 -0.7217 -13.5613 -0.9777 -0.7073 -13.7607 0.0574 0.2000 0.4314 0.3922 0.1961 18.6722 2.0000 
516 517 4 -0.9777 -0.7073 -13.7607 -0.9713 -0.7073 -13.9606 0.0574 0.2000 0.4314 0.3922 0.1961 18.7991 2.0000 
517 518 4 -0.9713 -0.7073 -13.9606 -0.9697 -0.7025 -14.1606 0.0574 0.2000 0.4314 0.3922 0.1961 18.9272 2.0000 
518 519 4 -0.9697 -0.7025 -14.1606 -0.9541 -0.7055 -14.3599 0.0574 0.2000 0.4314 0.3922 0.1961 19.0565 2.0000 
519 520 4 -0.9541 -0.7055 -14.3599 -0.9467 -0.6998 -14.5597 0.0574 0.2000 0.4314 0.3922 0.1961 19.1872 2.0000 
520 521 4 -0.9467 -0.6998 -14.5597 -0.9443 -0.6954 -14.7597 0.0574 0.2000 0.4314 0.3922 0.1961 19.3191 2.0000 
521 522 4 -0.9443 -0.6954 -14.7597 -0.9414 -0.6931 -14.9596 0.0574 0.2000 0.4314 0.3922 0.1961 19.4524 2.0000 
522 523 4 -0.9414 -0.6931 -14.9596 -0.9254 -0.6879 -15.1589 0.0574 0.2000 0.4314 0.3922 0.1961 19.5870 2.0000 
523 524 4 -0.9254 -0.6879 -15.1589 -0.9374 -0.6965 -15.3584 0.0574 0.2000 0.4314 0.3922 0.1961 19.7229 2.0000 
524 525 4 -0.9374 -0.6965 -15.3584 -0.9486 -0.6979 -15.5581 0.0574 0.2000 0.4314 0.3922 0.1961 19.8603 2.0000 
525 526 4 -0.9486 -0.6979 -15.5581 -0.9531 -0.6971 -15.7580 0.0574 0.2000 0.4314 0.3922 0.1961 19.9992 2.0000 
526 527 4 -0.9531 -0.6971 -15.7580 -0.9587 -0.6949 -15.9579 0.0574 0.2000 0.4314 0.3922 0.1961 20.1395 2.0000 
527 528 4 -0.9587 -0.6949 -15.9579 -0.9689 -0.6972 -16.1576 0.0574 0.2000 0.4314 0.3922 0.1961 20.2813 2.0000 
528 529 4 -0.9689 -0.6972 -16.1576 -0.9523 -0.6936 -16.3569 0.0574 0.2000 0.4314 0.3922 0.1961 20.4246 2.0000 
529 530 4 -0.9523 -0.6936 -16.3569 -0.9577 -0.7070 -16.5564 0.0574 0.2000 0.4314 0.3922 0.1961 20.5695 2.0000 
530 531 4 -0.9577 -0.7070 -16.5564 -0.9498 -0.7096 -16.7562 0.0574 0.2000 0.4314 0.3922 0.1961 20.7160 2.0000 
531 532 4 -0.9498 -0.7096 -16.7562 -0.9429 -0.7174 -16.9559 0.0574 0.2000 0.4314 0.3922 0.1961 20.8642 2.0000 
532 533 4 -0.9429 -0.7174 -16.9559 -0.9332 -0.7221 -17.1556 0.0574 0.2000 0.4314 0.3922 0.1961 21.0140 2.0000 
533 534 4 -0.9332 -0.7221 -17.1556 -0.9220 -0.7269 -17.3553 0.0574 0.2000 0.4314 0.3922 0.1961 21.1655 2.0000 
534 535 4 -0.9220 -0.7269 -17.3553 -0.9145 -0.7203 -17.5550 0.0574 0.2000 0.4314 0.3922 0.1961 21.3188 2.0000 
535 536 4 -0.9145 -0.7203 -17.5550 -0.9003 -0.7001 -17.7535 0.0574 0.2000 0.4314 0.3922 0.1961 21.4739 2.0000 
536 537 4 -0.9003 -0.7001 -17.7535 -0.8846 -0.6929 -17.9527 0.0574 0.2000 0.4314 0.3922 0.1961 21.6308 2.0000 
537 538 4 -0.8846 -0.6929 -17.9527 -0.8917 -0.6900 -18.1526 0.0574 0.2000 0.4314 0.3922 0.1961 21.7896 2.0000 
538 539 4 -0.8917 -0.6900 -18.1526 -0.8937 -0.6806 -18.3524 0.0574 0.2000 0.4314 0.3922 0.1961 21.9503 2.0000 
539 540 4 -0.8937 -0.6806 -18.3524 -0.9031 -0.6840 -18.5521 0.0574 0.2000 0.4314 0.3922 0.1961 22.1130 2.0000 
540 541 4 -0.9031 -0.6840 -18.5521 -0.9168 -0.7038 -18.7507 0.0574 0.2000 0.4314 0.3922 0.1961 22.2777 2.0000 
541 542 4 -0.9168 -0.7038 -18.7507 -0.9301 -0.7105 -18.9501 0.0574 0.2000 0.4314 0.3922 0.1961 22.4445 2.0000 
542 543 4 -0.9301 -0.7105 -18.9501 -0.9369 -0.7031 -19.1499 0.0574 0.2000 0.4314 0.3922 0.1961 22.6134 2.0000 
543 544 4 -0.9369 -0.7031 -19.1499 -0.9447 -0.6959 -19.3496 0.0574 0.2000 0.4314 0.3922 0.1961 22.7845 2.0000 
544 545 4 -0.9447 -0.6959 -19.3496 -0.9589 -0.7006 -19.5490 0.0574 0.2000 0.4314 0.3922 0.1961 22.9578 2.0000 
545 546 4 -0.9589 -0.7006 -19.5490 -0.9717 -0.6688 -19.7461 0.0574 0.2000 0.4314 0.3922 0.1961 23.1335 2.0000 
546 547 4 -0.9717 -0.6688 -19.7461 -0.9862 -0.6424 -19.9438 0.0574 0.2000 0.4314 0.3922 0.1961 23.3114 2.0000 
547 548 4 -0.9862 -0.6424 -19.9438 -0.9930 -0.6303 -20.1433 0.0574 0.2000 0.4314 0.3922 0.1961 23.4918 2.0000 
548 549 4 -0.9930 -0.6303 -20.1433 -1.0031 -0.6194 -20.3427 0.0574 0.2000 0.4314 0.3922 0.1961 23.6747 2.0000 
549 550 4 -1.0031 -0.6194 -20.3427 -1.0228 -0.6034 -20.5411 0.0574 0.2000 0.4314 0.3922 0.1961 23.8602 2.0000 
550 551 4 -1.0228 -0.6034 -20.5411 -1.0244 -0.5882 -20.7405 0.0574 0.2000 0.4314 0.3922 0.1961 24.0483 2.0000 
551 552 4 -1.0244 -0.5882 -20.7405 -1.0246 -0.5916 -20.9405 0.0574 0.2000 0.4314 0.3922 0.1961 24.2391 2.0000 
552 553 4 -1.0246 -0.5916 -20.9405 -1.0347 -0.5886 -21.1402 0.0574 0.2000 0.4314 0.3922 0.1961 24.4326 2.0000 
553 554 4 -1.0347 -0.5886 -21.1402 -1.0484 -0.5844 -21.3397 0.0574 0.2000 0.4314 0.3922 0.1961 24.6291 2.0000 
554 555 4 -1.0484 -0.5844 -21.3397 -1.0513 -0.5821 -21.5397 0.0574 0.2000 0.4314 0.3922 0.1961 24.8285 2.0000 
555 556 4 -1.0513 -0.5821 -21.5397 -1.0470 -0.5801 -21.7396 0.0574 0.2000 0.4314 0.3922 0.1961 25.0309 2.0000 
556 557 4 -1.0470 -0.5801 -21.7396 -1.0391 -0.5842 -21.9394 0.0574 0.2000 0.4314 0.3922 0.1961 25.2365 2.0000 
557 558 4 -1.0391 -0.5842 -21.9394 -1.0472 -0.5788 -22.1392 0.0574 0.2000 0.4314 0.3922 0.1961 25.4453 2.0000 
558 559 4 -1.0472 -0.5788 -22.1392 -1.0415 -0.5883 -22.3389 0.0574 0.2000 0.4314 0.3922 0.1961 25.6575 2.0000 
559 560 4 -1.0415 -0.5883 -22.3389 -1.0432 -0.5748 -22.5384 0.0574 0.2000 0.4314 0.3922 0.1961 25.8731 2.0000 
560 561 4 -1.0432 -0.5748 -22.5384 -1.0624 -0.6156 -22.7333 0.0574 0.2000 0.4314 0.3922 0.1961 26.0923 2.0000 
561 562 4 -1.0624 -0.6156 -22.7333 -1.0713 -0.6225 -22.9329 0.0574 0.2000 0.4314 0.3922 0.1961 26.3152 2.0000 
562 563 4 -1.0713 -0.6225 -22.9329 -1.0729 -0.6290 -23.1328 0.0574 0.2000 0.4314 0.3922 0.1961 26.5418 2.0000 
563 564 4 -1.0729 -0.6290 -23.1328 -1.0642 -0.6420 -23.3322 0.0574 0.2000 0.4314 0.3922 0.1961 26.7725 2.0000 
564 565 4 -1.0642 -0.6420 -23.3322 -1.0706 -0.6527 -23.5318 0.0574 0.2000 0.4314 0.3922 0.1961 27.0072 2.0000 
565 566 4 -1.0706 -0.6527 -23.5318 -1.0810 -0.6569 -23.7315 0.0574 0.2000 0.4314 0.3922 0.1961 27.2461 2.0000 
566 567 4 -1.0810 -0.6569 -23.7315 -1.0852 -0.6648 -23.9313 0.0574 0.2000 0.4314 0.3922 0.1961 27.4894 2.0000 
567 568 4 -1.0852 -0.6648 -23.9313 -1.0930 -0.6708 -24.1311 0.0574 0.2000 0.4314 0.3922 0.1961 27.7373 2.0000 
568 569 4 -1.0930 -0.6708 -24.1311 -1.0836 -0.6786 -24.3307 0.0574 0.2000 0.4314 0.3922 0.1961 27.9899 2.0000 
569 570 4 -1.0836 -0.6786 -24.3307 -1.0693 -0.6866 -24.5300 0.0574 0.2000 0.4314 0.3922 0.1961 28.2474 2.0000 
570 571 4 -1.0693 -0.6866 -24.5300 -1.0544 -0.6922 -24.7294 0.0574 0.2000 0.4314 0.3922 0.1961 28.5100 2.0000 
571 572 4 -1.0544 -0.6922 -24.7294 -1.0441 -0.7072 -24.9286 0.0574 0.2000 0.4314 0.3922 0.1961 28.7779 2.0000 
572 573 4 -1.0441 -0.7072 -24.9286 -1.0332 -0.7204 -25.1278 0.0574 0.2000 0.4314 0.3922 0.1961 29.0513 2.0000 
573 574 4 -1.0332 -0.7204 -25.1278 -1.0294 -0.7217 -25.3278 0.0574 0.2000 0.4314 0.3922 0.1961 29.3305 2.0000 
574 575 4 -1.0294 -0.7217 -25.3278 -1.0264 -0.7017 -25.5268 0.0574 0.2000 0.4314 0.3922 0.1961 29.6157 2.0000 
575 576 4 -1.0264 -0.7017 -25.5268 -1.0125 -0.6826 -25.7254 0.0574 0.2000 0.4314 0.3922 0.1961 29.9072 2.0000 
576 577 4 -1.0125 -0.6826 -25.7254 -1.0114 -0.6739 -25.7875 0.0574 0.0628 0.4314 0.3922 0.1961 30.0000 2.0000 
6 578 5 0.0172 -0.0633 -0.7147 0.2049 -0.0906 -0.7782 0.0945 0.2000 0.4314 0.3922 0.1961 12.3271 2.0000 
578 579 5 0.2049 -0.0906 -0.7782 0.3814 -0.1181 -0.8683 0.0945 0.2000 0.4314 0.3922 0.1961 12.4374 2.0000 
579 580 5 0.3814 -0.1181 -0.8683 0.5612 -0.1382 -0.9534 0.0945 0.2000 0.4314 0.3922 0.1961 12.5485 2.0000 
580 581 5 0.5612 -0.1382 -0.9534 0.7397 -0.1390 -1.0437 0.0945 0.2000 0.4314 0.3922 0.1961 12.6603 2.0000 
581 582 5 0.7397 -0.1390 -1.0437 0.9104 -0.1094 -1.1437 0.0945 0.2000 0.4314 0.3922 0.1961 12.7728 2.0000 
582 583 5 0.9104 -0.1094 -1.1437 1.0899 -0.0920 -1.2301 0.0945 0.2000 0.4314 0.3922 0.1961 12.8861 2.0000 
583 584 5 1.0899 -0.0920 -1.2301 1.2649 -0.0641 -1.3229 0.0945 0.2000 0.4314 0.3922 0.1961 13.0002 2.0000 
584 585 5 1.2649 -0.0641 -1.3229 1.4342 -0.0708 -1.4290 0.0945 0.2000 0.4314 0.3922 0.1961 13.1150 2.0000 
585 586 5 1.4342 -0.0708 -1.4290 1.5739 -0.0654 -1.5721 0.0945 0.2000 0.4314 0.3922 0.1961 13.2306 2.0000 
586 587 5 1.5739 -0.0654 -1.5721 1.7110 -0.0402 -1.7155 0.0945 0.2000 0.4314 0.3922 0.1961 13.3471 2.0000 
587 588 5 1.7110 -0.0402 -1.7155 1.8334 -0.0221 -1.8726 0.0945 0.2000 0.4314 0.3922 0.1961 13.4643 2.0000 
588 589 5 1.8334 -0.0221 -1.8726 1.9372 -0.0330 -2.0432 0.0945 0.2000 0.4314 0.3922 0.1961 13.5824 2.0000 
589 590 5 1.9372 -0.0330 -2.0432 2.0125 -0.0291 -2.2285 0.0945 0.2000 0.4314 0.3922 0.1961 13.7012 2.0000 
590 591 5 2.0125 -0.0291 -2.2285 2.0870 -0.0241 -2.4140 0.0945 0.2000 0.4314 0.3922 0.1961 13.8210 2.0000 
591 592 5 2.0870 -0.0241 -2.4140 2.1569 -0.0216 -2.6014 0.0945 0.2000 0.4314 0.3922 0.1961 13.9416 2.0000 
592 593 5 2.1569 -0.0216 -2.6014 2.1895 0.0093 -2.7963 0.0945 0.2000 0.4314 0.3922 0.1961 14.0630 2.0000 
593 594 5 2.1895 0.0093 -2.7963 2.2184 0.0448 -2.9910 0.0945 0.2000 0.4314 0.3922 0.1961 14.1854 2.0000 
594 595 5 2.2184 0.0448 -2.9910 2.2445 0.0481 -3.1892 0.0945 0.2000 0.4314 0.3922 0.1961 14.3086 2.0000 
595 596 5 2.2445 0.0481 -3.1892 2.2665 0.0674 -3.3871 0.0945 0.2000 0.4314 0.3922 0.1961 14.4328 2.0000 
596 597 5 2.2665 0.0674 -3.3871 2.3000 0.0791 -3.5839 0.0945 0.2000 0.4314 0.3922 0.1961 14.5579 2.0000 
597 598 5 2.3000 0.0791 -3.5839 2.3354 0.0901 -3.7804 0.0945 0.2000 0.4314 0.3922 0.1961 14.6839 2.0000 
598 599 5 2.3354 0.0901 -3.7804 2.3573 0.0916 -3.9792 0.0945 0.2000 0.4314 0.3922 0.1961 14.8108 2.0000 
599 600 5 2.3573 0.0916 -3.9792 2.3823 0.1078 -4.1770 0.0945 0.2000 0.4314 0.3922 0.1961 14.9387 2.0000 
600 601 5 2.3823 0.1078 -4.1770 2.3691 0.1253 -4.3758 0.0945 0.2000 0.4314 0.3922 0.1961 15.0676 2.0000 
601 602 5 2.3691 0.1253 -4.3758 2.3661 0.1174 -4.5756 0.0945 0.2000 0.4314 0.3922 0.1961 15.1975 2.0000 
602 603 5 2.3661 0.1174 -4.5756 2.3730 0.1138 -4.7755 0.0945 0.2000 0.4314 0.3922 0.1961 15.3284 2.0000 
603 604 5 2.3730 0.1138 -4.7755 2.3766 0.1127 -4.9754 0.0945 0.2000 0.4314 0.3922 0.1961 15.4604 2.0000 
604 605 5 2.3766 0.1127 -4.9754 2.3833 0.1141 -5.1753 0.0945 0.2000 0.4314 0.3922 0.1961 15.5933 2.0000 
605 606 5 2.3833 0.1141 -5.1753 2.3745 0.1048 -5.3749 0.0945 0.2000 0.4314 0.3922 0.1961 15.7274 2.0000 
606 607 5 2.3745 0.1048 -5.3749 2.3775 0.1106 -5.5748 0.0945 0.2000 0.4314 0.3922 0.1961 15.8625 2.0000 
607 608 5 2.3775 0.1106 -5.5748 2.3762 0.1002 -5.7745 0.0945 0.2000 0.4314 0.3922 0.1961 15.9987 2.0000 
608 609 5 2.3762 0.1002 -5.7745 2.3792 0.1133 -5.9741 0.0945 0.2000 0.4314 0.3922 0.1961 16.1360 2.0000 
609 610 5 2.3792 0.1133 -5.9741 2.3888 0.1470 -6.1710 0.0945 0.2000 0.4314 0.3922 0.1961 16.2744 2.0000 
610 611 5 2.3888 0.1470 -6.1710 2.3914 0.1852 -6.3673 0.0945 0.2000 0.4314 0.3922 0.1961 16.4140 2.0000 
611 612 5 2.3914 0.1852 -6.3673 2.3887 0.2175 -6.5646 0.0945 0.2000 0.4314 0.3922 0.1961 16.5548 2.0000 
612 613 5 2.3887 0.2175 -6.5646 2.3633 0.2384 -6.7619 0.0945 0.2000 0.4314 0.3922 0.1961 16.6967 2.0000 
613 614 5 2.3633 0.2384 -6.7619 2.3412 0.2495 -6.9604 0.0945 0.2000 0.4314 0.3922 0.1961 16.8398 2.0000 
614 615 5 2.3412 0.2495 -6.9604 2.3442 0.2387 -7.1601 0.0945 0.2000 0.4314 0.3922 0.1961 16.9842 2.0000 
615 616 5 2.3442 0.2387 -7.1601 2.3548 0.2409 -7.3598 0.0945 0.2000 0.4314 0.3922 0.1961 17.1298 2.0000 
616 617 5 2.3548 0.2409 -7.3598 2.3623 0.2481 -7.5595 0.0945 0.2000 0.4314 0.3922 0.1961 17.2767 2.0000 
617 618 5 2.3623 0.2481 -7.5595 2.3542 0.2639 -7.7587 0.0945 0.2000 0.4314 0.3922 0.1961 17.4249 2.0000 
618 619 5 2.3542 0.2639 -7.7587 2.3470 0.2798 -7.9579 0.0945 0.2000 0.4314 0.3922 0.1961 17.5744 2.0000 
619 620 5 2.3470 0.2798 -7.9579 2.3452 0.2857 -8.1579 0.0945 0.2000 0.4314 0.3922 0.1961 17.7252 2.0000 
620 621 5 2.3452 0.2857 -8.1579 2.3439 0.2914 -8.3578 0.0945 0.2000 0.4314 0.3922 0.1961 17.8774 2.0000 
621 622 5 2.3439 0.2914 -8.3578 2.3359 0.2834 -8.5574 0.0945 0.2000 0.4314 0.3922 0.1961 18.0310 2.0000 
622 623 5 2.3359 0.2834 -8.5574 2.3315 0.2792 -8.7574 0.0945 0.2000 0.4314 0.3922 0.1961 18.1860 2.0000 
623 624 5 2.3315 0.2792 -8.7574 2.3295 0.2698 -8.9571 0.0945 0.2000 0.4314 0.3922 0.1961 18.3425 2.0000 
624 625 5 2.3295 0.2698 -8.9571 2.3286 0.2629 -9.1570 0.0945 0.2000 0.4314 0.3922 0.1961 18.5004 2.0000 
625 626 5 2.3286 0.2629 -9.1570 2.3297 0.2519 -9.3567 0.0945 0.2000 0.4314 0.3922 0.1961 18.6598 2.0000 
626 627 5 2.3297 0.2519 -9.3567 2.3279 0.2494 -9.5567 0.0945 0.2000 0.4314 0.3922 0.1961 18.8207 2.0000 
627 628 5 2.3279 0.2494 -9.5567 2.3243 0.2616 -9.7563 0.0945 0.2000 0.4314 0.3922 0.1961 18.9832 2.0000 
628 629 5 2.3243 0.2616 -9.7563 2.3273 0.2702 -9.9561 0.0945 0.2000 0.4314 0.3922 0.1961 19.1472 2.0000 
629 630 5 2.3273 0.2702 -9.9561 2.3312 0.2783 -10.1559 0.0945 0.2000 0.4314 0.3922 0.1961 19.3129 2.0000 
630 631 5 2.3312 0.2783 -10.1559 2.3295 0.2956 -10.3551 0.0945 0.2000 0.4314 0.3922 0.1961 19.4802 2.0000 
631 632 5 2.3295 0.2956 -10.3551 2.3286 0.3093 -10.5546 0.0945 0.2000 0.4314 0.3922 0.1961 19.6492 2.0000 
632 633 5 2.3286 0.3093 -10.5546 2.3452 0.3233 -10.7534 0.0945 0.2000 0.4314 0.3922 0.1961 19.8199 2.0000 
633 634 5 2.3452 0.3233 -10.7534 2.3639 0.3184 -10.9525 0.0945 0.2000 0.4314 0.3922 0.1961 19.9924 2.0000 
634 635 5 2.3639 0.3184 -10.9525 2.3401 0.3349 -11.1504 0.0945 0.2000 0.4314 0.3922 0.1961 20.1666 2.0000 
635 636 5 2.3401 0.3349 -11.1504 2.3168 0.3464 -11.3487 0.0945 0.2000 0.4314 0.3922 0.1961 20.3427 2.0000 
636 637 5 2.3168 0.3464 -11.3487 2.3091 0.3442 -11.5485 0.0945 0.2000 0.4314 0.3922 0.1961 20.5206 2.0000 
637 638 5 2.3091 0.3442 -11.5485 2.3180 0.3333 -11.7480 0.0945 0.2000 0.4314 0.3922 0.1961 20.7005 2.0000 
638 639 5 2.3180 0.3333 -11.7480 2.3231 0.3249 -11.9478 0.0945 0.2000 0.4314 0.3922 0.1961 20.8822 2.0000 
639 640 5 2.3231 0.3249 -11.9478 2.3182 0.3208 -12.1477 0.0945 0.2000 0.4314 0.3922 0.1961 21.0660 2.0000 
640 641 5 2.3182 0.3208 -12.1477 2.3239 0.3170 -12.3476 0.0945 0.2000 0.4314 0.3922 0.1961 21.2518 2.0000 
641 642 5 2.3239 0.3170 -12.3476 2.3216 0.3067 -12.5473 0.0945 0.2000 0.4314 0.3922 0.1961 21.4396 2.0000 
642 643 5 2.3216 0.3067 -12.5473 2.3113 0.2950 -12.7467 0.0945 0.2000 0.4314 0.3922 0.1961 21.6296 2.0000 
643 644 5 2.3113 0.2950 -12.7467 2.3040 0.2897 -12.9465 0.0945 0.2000 0.4314 0.3922 0.1961 21.8217 2.0000 
644 645 5 2.3040 0.2897 -12.9465 2.3015 0.3049 -13.1459 0.0945 0.2000 0.4314 0.3922 0.1961 22.0161 2.0000 
645 646 5 2.3015 0.3049 -13.1459 2.3065 0.3060 -13.3458 0.0945 0.2000 0.4314 0.3922 0.1961 22.2127 2.0000 
646 647 5 2.3065 0.3060 -13.3458 2.3103 0.3023 -13.5457 0.0945 0.2000 0.4314 0.3922 0.1961 22.4116 2.0000 
647 648 5 2.3103 0.3023 -13.5457 2.3125 0.3008 -13.7457 0.0945 0.2000 0.4314 0.3922 0.1961 22.6129 2.0000 
648 649 5 2.3125 0.3008 -13.7457 2.2548 0.2612 -13.9331 0.0945 0.2000 0.4314 0.3922 0.1961 22.8167 2.0000 
649 650 5 2.2548 0.2612 -13.9331 2.2001 0.2287 -14.1227 0.0945 0.2000 0.4314 0.3922 0.1961 23.0230 2.0000 
650 651 5 2.2001 0.2287 -14.1227 2.1630 0.1866 -14.3147 0.0945 0.2000 0.4314 0.3922 0.1961 23.2318 2.0000 
651 652 5 2.1630 0.1866 -14.3147 2.1359 0.1444 -14.5083 0.0945 0.2000 0.4314 0.3922 0.1961 23.4432 2.0000 
652 653 5 2.1359 0.1444 -14.5083 2.0970 0.0982 -14.6989 0.0945 0.2000 0.4314 0.3922 0.1961 23.6573 2.0000 
653 654 5 2.0970 0.0982 -14.6989 2.0489 0.0427 -14.8850 0.0945 0.2000 0.4314 0.3922 0.1961 23.8742 2.0000 
654 655 5 2.0489 0.0427 -14.8850 2.0250 0.0265 -15.0829 0.0945 0.2000 0.4314 0.3922 0.1961 24.0939 2.0000 
655 656 5 2.0250 0.0265 -15.0829 2.0369 0.0091 -15.2817 0.0945 0.2000 0.4314 0.3922 0.1961 24.3165 2.0000 
656 657 5 2.0369 0.0091 -15.2817 2.0455 -0.0031 -15.4812 0.0945 0.2000 0.4314 0.3922 0.1961 24.5421 2.0000 
657 658 5 2.0455 -0.0031 -15.4812 2.0552 -0.0087 -15.6809 0.0945 0.2000 0.4314 0.3922 0.1961 24.7708 2.0000 
658 659 5 2.0552 -0.0087 -15.6809 2.0485 -0.0272 -15.8799 0.0945 0.2000 0.4314 0.3922 0.1961 25.0026 2.0000 
659 660 5 2.0485 -0.0272 -15.8799 2.0378 -0.0473 -16.0786 0.0945 0.2000 0.4314 0.3922 0.1961 25.2376 2.0000 
660 661 5 2.0378 -0.0473 -16.0786 2.0327 -0.0674 -16.2775 0.0945 0.2000 0.4314 0.3922 0.1961 25.4760 2.0000 
661 662 5 2.0327 -0.0674 -16.2775 2.0120 -0.0643 -16.4764 0.0945 0.2000 0.4314 0.3922 0.1961 25.7177 2.0000 
662 663 5 2.0120 -0.0643 -16.4764 1.9999 -0.0585 -16.6760 0.0945 0.2000 0.4314 0.3922 0.1961 25.9631 2.0000 
663 664 5 1.9999 -0.0585 -16.6760 1.9853 -0.0528 -16.8754 0.0945 0.2000 0.4314 0.3922 0.1961 26.2120 2.0000 
664 665 5 1.9853 -0.0528 -16.8754 1.9808 -0.0574 -17.0753 0.0945 0.2000 0.4314 0.3922 0.1961 26.4647 2.0000 
665 666 5 1.9808 -0.0574 -17.0753 1.9658 -0.0539 -17.2747 0.0945 0.2000 0.4314 0.3922 0.1961 26.7212 2.0000 
666 667 5 1.9658 -0.0539 -17.2747 1.9610 -0.0571 -17.4746 0.0945 0.2000 0.4314 0.3922 0.1961 26.9817 2.0000 
667 668 5 1.9610 -0.0571 -17.4746 1.9511 -0.0604 -17.6743 0.0945 0.2000 0.4314 0.3922 0.1961 27.2462 2.0000 
668 669 5 1.9511 -0.0604 -17.6743 1.9620 -0.0788 -17.8732 0.0945 0.2000 0.4314 0.3922 0.1961 27.5150 2.0000 
669 670 5 1.9620 -0.0788 -17.8732 1.9757 -0.0839 -18.0726 0.0945 0.2000 0.4314 0.3922 0.1961 27.7882 2.0000 
670 671 5 1.9757 -0.0839 -18.0726 1.9659 -0.0942 -18.2721 0.0945 0.2000 0.4314 0.3922 0.1961 28.0659 2.0000 
671 672 5 1.9659 -0.0942 -18.2721 1.9459 -0.1031 -18.4709 0.0945 0.2000 0.4314 0.3922 0.1961 28.3482 2.0000 
672 673 5 1.9459 -0.1031 -18.4709 1.9350 -0.1025 -18.6706 0.0945 0.2000 0.4314 0.3922 0.1961 28.6353 2.0000 
673 674 5 1.9350 -0.1025 -18.6706 1.9334 -0.1169 -18.8701 0.0945 0.2000 0.4314 0.3922 0.1961 28.9274 2.0000 
674 675 5 1.9334 -0.1169 -18.8701 1.9554 -0.1314 -19.0684 0.0945 0.2000 0.4314 0.3922 0.1961 29.2247 2.0000 
675 676 5 1.9554 -0.1314 -19.0684 1.9763 -0.1467 -19.2667 0.0945 0.2000 0.4314 0.3922 0.1961 29.5273 2.0000 
676 677 5 1.9763 -0.1467 -19.2667 1.9967 -0.1610 -19.4651 0.0945 0.2000 0.4314 0.3922 0.1961 29.8354 2.0000 
677 678 5 1.9967 -0.1610 -19.4651 2.0012 -0.1673 -19.5701 0.0945 0.1053 0.4314 0.3922 0.1961 30.0000 2.0000 
8 679 6 0.0390 -0.0918 -1.0765 -0.0519 -0.2304 -1.1884 0.0570 0.2000 0.4314 0.3922 0.1961 12.7527 2.0000 
679 680 6 -0.0519 -0.2304 -1.1884 -0.1758 -0.3257 -1.3132 0.0570 0.2000 0.4314 0.3922 0.1961 12.8477 2.0000 
680 681 6 -0.1758 -0.3257 -1.3132 -0.3003 -0.4207 -1.4375 0.0570 0.2000 0.4314 0.3922 0.1961 12.9435 2.0000 
681 682 6 -0.3003 -0.4207 -1.4375 -0.4320 -0.5193 -1.5513 0.0570 0.2000 0.4314 0.3922 0.1961 13.0399 2.0000 
682 683 6 -0.4320 -0.5193 -1.5513 -0.5380 -0.6411 -1.6693 0.0570 0.2000 0.4314 0.3922 0.1961 13.1371 2.0000 
683 684 6 -0.5380 -0.6411 -1.6693 -0.6282 -0.7700 -1.7928 0.0570 0.2000 0.4314 0.3922 0.1961 13.2351 2.0000 
684 685 6 -0.6282 -0.7700 -1.7928 -0.7308 -0.8918 -1.9138 0.0570 0.2000 0.4314 0.3922 0.1961 13.3338 2.0000 
685 686 6 -0.7308 -0.8918 -1.9138 -0.8335 -1.0036 -2.0440 0.0570 0.2000 0.4314 0.3922 0.1961 13.4333 2.0000 
686 687 6 -0.8335 -1.0036 -2.0440 -0.9084 -1.1175 -2.1904 0.0570 0.2000 0.4314 0.3922 0.1961 13.5336 2.0000 
687 688 6 -0.9084 -1.1175 -2.1904 -0.9549 -1.2416 -2.3401 0.0570 0.2000 0.4314 0.3922 0.1961 13.6347 2.0000 
688 689 6 -0.9549 -1.2416 -2.3401 -0.9556 -1.3590 -2.5021 0.0570 0.2000 0.4314 0.3922 0.1961 13.7367 2.0000 
689 690 6 -0.9556 -1.3590 -2.5021 -0.9412 -1.4642 -2.6716 0.0570 0.2000 0.4314 0.3922 0.1961 13.8394 2.0000 
690 691 6 -0.9412 -1.4642 -2.6716 -0.9264 -1.5696 -2.8409 0.0570 0.2000 0.4314 0.3922 0.1961 13.9430 2.0000 
691 692 6 -0.9264 -1.5696 -2.8409 -0.9122 -1.6744 -3.0107 0.0570 0.2000 0.4314 0.3922 0.1961 14.0475 2.0000 
692 693 6 -0.9122 -1.6744 -3.0107 -0.8807 -1.7365 -3.1981 0.0570 0.2000 0.4314 0.3922 0.1961 14.1528 2.0000 
693 694 6 -0.8807 -1.7365 -3.1981 -0.8500 -1.7992 -3.3855 0.0570 0.2000 0.4314 0.3922 0.1961 14.2590 2.0000 
694 695 6 -0.8500 -1.7992 -3.3855 -0.8242 -1.8435 -3.5789 0.0570 0.2000 0.4314 0.3922 0.1961 14.3661 2.0000 
695 696 6 -0.8242 -1.8435 -3.5789 -0.8233 -1.8717 -3.7769 0.0570 0.2000 0.4314 0.3922 0.1961 14.4741 2.0000 
696 697 6 -0.8233 -1.8717 -3.7769 -0.8242 -1.8889 -3.9761 0.0570 0.2000 0.4314 0.3922 0.1961 14.5831 2.0000 
697 698 6 -0.8242 -1.8889 -3.9761 -0.8369 -1.9005 -4.1754 0.0570 0.2000 0.4314 0.3922 0.1961 14.6930 2.0000 
698 699 6 -0.8369 -1.9005 -4.1754 -0.8436 -1.8950 -4.3752 0.0570 0.2000 0.4314 0.3922 0.1961 14.8038 2.0000 
699 700 6 -0.8436 -1.8950 -4.3752 -0.8477 -1.8890 -4.5751 0.0570 0.2000 0.4314 0.3922 0.1961 14.9157 2.0000 
700 701 6 -0.8477 -1.8890 -4.5751 -0.8522 -1.8916 -4.7750 0.0570 0.2000 0.4314 0.3922 0.1961 15.0285 2.0000 
701 702 6 -0.8522 -1.8916 -4.7750 -0.8564 -1.8992 -4.9748 0.0570 0.2000 0.4314 0.3922 0.1961 15.1424 2.0000 
702 703 6 -0.8564 -1.8992 -4.9748 -0.8589 -1.9320 -5.1721 0.0570 0.2000 0.4314 0.3922 0.1961 15.2573 2.0000 
703 704 6 -0.8589 -1.9320 -5.1721 -0.8620 -1.9542 -5.3708 0.0570 0.2000 0.4314 0.3922 0.1961 15.3732 2.0000 
704 705 6 -0.8620 -1.9542 -5.3708 -0.8675 -1.9846 -5.5684 0.0570 0.2000 0.4314 0.3922 0.1961 15.4903 2.0000 
705 706 6 -0.8675 -1.9846 -5.5684 -0.8680 -2.0102 -5.7668 0.0570 0.2000 0.4314 0.3922 0.1961 15.6084 2.0000 
706 707 6 -0.8680 -2.0102 -5.7668 -0.8756 -2.0391 -5.9645 0.0570 0.2000 0.4314 0.3922 0.1961 15.7276 2.0000 
707 708 6 -0.8756 -2.0391 -5.9645 -0.8825 -2.0684 -6.1622 0.0570 0.2000 0.4314 0.3922 0.1961 15.8480 2.0000 
708 709 6 -0.8825 -2.0684 -6.1622 -0.9054 -2.1053 -6.3575 0.0570 0.2000 0.4314 0.3922 0.1961 15.9696 2.0000 
709 710 6 -0.9054 -2.1053 -6.3575 -0.9450 -2.1113 -6.5534 0.0570 0.2000 0.4314 0.3922 0.1961 16.0923 2.0000 
710 711 6 -0.9450 -2.1113 -6.5534 -0.9794 -2.1158 -6.7504 0.0570 0.2000 0.4314 0.3922 0.1961 16.2162 2.0000 
711 712 6 -0.9794 -2.1158 -6.7504 -0.9984 -2.1347 -6.9486 0.0570 0.2000 0.4314 0.3922 0.1961 16.3413 2.0000 
712 713 6 -0.9984 -2.1347 -6.9486 -1.0153 -2.1477 -7.1474 0.0570 0.2000 0.4314 0.3922 0.1961 16.4678 2.0000 
713 714 6 -1.0153 -2.1477 -7.1474 -1.0350 -2.1942 -7.3409 0.0570 0.2000 0.4314 0.3922 0.1961 16.5954 2.0000 
714 715 6 -1.0350 -2.1942 -7.3409 -1.0531 -2.2623 -7.5281 0.0570 0.2000 0.4314 0.3922 0.1961 16.7244 2.0000 
715 716 6 -1.0531 -2.2623 -7.5281 -1.0890 -2.3115 -7.7186 0.0570 0.2000 0.4314 0.3922 0.1961 16.8547 2.0000 
716 717 6 -1.0890 -2.3115 -7.7186 -1.1341 -2.3479 -7.9101 0.0570 0.2000 0.4314 0.3922 0.1961 16.9864 2.0000 
717 718 6 -1.1341 -2.3479 -7.9101 -1.1374 -2.3696 -8.1088 0.0570 0.2000 0.4314 0.3922 0.1961 17.1195 2.0000 
718 719 6 -1.1374 -2.3696 -8.1088 -1.1401 -2.3912 -8.3077 0.0570 0.2000 0.4314 0.3922 0.1961 17.2539 2.0000 
719 720 6 -1.1401 -2.3912 -8.3077 -1.1352 -2.4010 -8.5074 0.0570 0.2000 0.4314 0.3922 0.1961 17.3899 2.0000 
720 721 6 -1.1352 -2.4010 -8.5074 -1.1303 -2.4107 -8.7071 0.0570 0.2000 0.4314 0.3922 0.1961 17.5273 2.0000 
721 722 6 -1.1303 -2.4107 -8.7071 -1.1168 -2.4168 -8.9065 0.0570 0.2000 0.4314 0.3922 0.1961 17.6662 2.0000 
722 723 6 -1.1168 -2.4168 -8.9065 -1.1088 -2.4177 -9.1064 0.0570 0.2000 0.4314 0.3922 0.1961 17.8066 2.0000 
723 724 6 -1.1088 -2.4177 -9.1064 -1.1051 -2.4279 -9.3061 0.0570 0.2000 0.4314 0.3922 0.1961 17.9487 2.0000 
724 725 6 -1.1051 -2.4279 -9.3061 -1.1123 -2.4122 -9.5053 0.0570 0.2000 0.4314 0.3922 0.1961 18.0923 2.0000 
725 726 6 -1.1123 -2.4122 -9.5053 -1.1249 -2.3962 -9.7043 0.0570 0.2000 0.4314 0.3922 0.1961 18.2377 2.0000 
726 727 6 -1.1249 -2.3962 -9.7043 -1.1417 -2.3810 -9.9030 0.0570 0.2000 0.4314 0.3922 0.1961 18.3847 2.0000 
727 728 6 -1.1417 -2.3810 -9.9030 -1.1583 -2.3821 -10.1023 0.0570 0.2000 0.4314 0.3922 0.1961 18.5334 2.0000 
728 729 6 -1.1583 -2.3821 -10.1023 -1.1820 -2.3807 -10.3009 0.0570 0.2000 0.4314 0.3922 0.1961 18.6839 2.0000 
729 730 6 -1.1820 -2.3807 -10.3009 -1.2063 -2.3876 -10.4993 0.0570 0.2000 0.4314 0.3922 0.1961 18.8362 2.0000 
730 731 6 -1.2063 -2.3876 -10.4993 -1.2149 -2.3783 -10.6989 0.0570 0.2000 0.4314 0.3922 0.1961 18.9904 2.0000 
731 732 6 -1.2149 -2.3783 -10.6989 -1.2242 -2.3703 -10.8985 0.0570 0.2000 0.4314 0.3922 0.1961 19.1465 2.0000 
732 733 6 -1.2242 -2.3703 -10.8985 -1.2340 -2.3658 -11.0982 0.0570 0.2000 0.4314 0.3922 0.1961 19.3045 2.0000 
733 734 6 -1.2340 -2.3658 -11.0982 -1.2416 -2.3686 -11.2980 0.0570 0.2000 0.4314 0.3922 0.1961 19.4645 2.0000 
734 735 6 -1.2416 -2.3686 -11.2980 -1.2551 -2.3748 -11.4975 0.0570 0.2000 0.4314 0.3922 0.1961 19.6266 2.0000 
735 736 6 -1.2551 -2.3748 -11.4975 -1.2534 -2.3524 -11.6962 0.0570 0.2000 0.4314 0.3922 0.1961 19.7908 2.0000 
736 737 6 -1.2534 -2.3524 -11.6962 -1.2505 -2.3301 -11.8950 0.0570 0.2000 0.4314 0.3922 0.1961 19.9572 2.0000 
737 738 6 -1.2505 -2.3301 -11.8950 -1.2347 -2.3238 -12.0942 0.0570 0.2000 0.4314 0.3922 0.1961 20.1258 2.0000 
738 739 6 -1.2347 -2.3238 -12.0942 -1.2067 -2.3358 -12.2919 0.0570 0.2000 0.4314 0.3922 0.1961 20.2967 2.0000 
739 740 6 -1.2067 -2.3358 -12.2919 -1.2090 -2.3560 -12.4909 0.0570 0.2000 0.4314 0.3922 0.1961 20.4699 2.0000 
740 741 6 -1.2090 -2.3560 -12.4909 -1.2008 -2.3510 -12.6906 0.0570 0.2000 0.4314 0.3922 0.1961 20.6455 2.0000 
741 742 6 -1.2008 -2.3510 -12.6906 -1.2177 -2.3509 -12.8899 0.0570 0.2000 0.4314 0.3922 0.1961 20.8236 2.0000 
742 743 6 -1.2177 -2.3509 -12.8899 -1.2160 -2.3391 -13.0896 0.0570 0.2000 0.4314 0.3922 0.1961 21.0042 2.0000 
743 744 6 -1.2160 -2.3391 -13.0896 -1.1929 -2.3401 -13.2882 0.0570 0.2000 0.4314 0.3922 0.1961 21.1875 2.0000 
744 745 6 -1.1929 -2.3401 -13.2882 -1.1650 -2.3387 -13.4863 0.0570 0.2000 0.4314 0.3922 0.1961 21.3735 2.0000 
745 746 6 -1.1650 -2.3387 -13.4863 -1.1371 -2.3559 -13.6836 0.0570 0.2000 0.4314 0.3922 0.1961 21.5622 2.0000 
746 747 6 -1.1371 -2.3559 -13.6836 -1.1227 -2.3678 -13.8827 0.0570 0.2000 0.4314 0.3922 0.1961 21.7538 2.0000 
747 748 6 -1.1227 -2.3678 -13.8827 -1.1118 -2.3684 -14.0824 0.0570 0.2000 0.4314 0.3922 0.1961 21.9484 2.0000 
748 749 6 -1.1118 -2.3684 -14.0824 -1.0749 -2.3513 -14.2782 0.0570 0.2000 0.4314 0.3922 0.1961 22.1460 2.0000 
749 750 6 -1.0749 -2.3513 -14.2782 -1.0397 -2.3336 -14.4743 0.0570 0.2000 0.4314 0.3922 0.1961 22.3467 2.0000 
750 751 6 -1.0397 -2.3336 -14.4743 -1.0190 -2.2881 -14.6680 0.0570 0.2000 0.4314 0.3922 0.1961 22.5507 2.0000 
751 752 6 -1.0190 -2.2881 -14.6680 -0.9919 -2.2504 -14.8625 0.0570 0.2000 0.4314 0.3922 0.1961 22.7580 2.0000 
752 753 6 -0.9919 -2.2504 -14.8625 -0.9745 -2.2269 -15.0603 0.0570 0.2000 0.4314 0.3922 0.1961 22.9688 2.0000 
753 754 6 -0.9745 -2.2269 -15.0603 -0.9554 -2.2074 -15.2585 0.0570 0.2000 0.4314 0.3922 0.1961 23.1832 2.0000 
754 755 6 -0.9554 -2.2074 -15.2585 -0.9408 -2.1813 -15.4562 0.0570 0.2000 0.4314 0.3922 0.1961 23.4013 2.0000 
755 756 6 -0.9408 -2.1813 -15.4562 -0.9390 -2.1623 -15.6553 0.0570 0.2000 0.4314 0.3922 0.1961 23.6232 2.0000 
756 757 6 -0.9390 -2.1623 -15.6553 -0.9463 -2.1649 -15.8552 0.0570 0.2000 0.4314 0.3922 0.1961 23.8491 2.0000 
757 758 6 -0.9463 -2.1649 -15.8552 -0.9449 -2.1621 -16.0551 0.0570 0.2000 0.4314 0.3922 0.1961 24.0791 2.0000 
758 759 6 -0.9449 -2.1621 -16.0551 -0.9383 -2.1675 -16.2549 0.0570 0.2000 0.4314 0.3922 0.1961 24.3133 2.0000 
759 760 6 -0.9383 -2.1675 -16.2549 -0.9388 -2.1687 -16.4549 0.0570 0.2000 0.4314 0.3922 0.1961 24.5520 2.0000 
760 761 6 -0.9388 -2.1687 -16.4549 -0.9399 -2.1664 -16.6549 0.0570 0.2000 0.4314 0.3922 0.1961 24.7953 2.0000 
761 762 6 -0.9399 -2.1664 -16.6549 -0.9361 -2.1687 -16.8549 0.0570 0.2000 0.4314 0.3922 0.1961 25.0434 2.0000 
762 763 6 -0.9361 -2.1687 -16.8549 -0.9439 -2.1692 -17.0547 0.0570 0.2000 0.4314 0.3922 0.1961 25.2964 2.0000 
763 764 6 -0.9439 -2.1692 -17.0547 -0.9591 -2.1646 -17.2541 0.0570 0.2000 0.4314 0.3922 0.1961 25.5546 2.0000 
764 765 6 -0.9591 -2.1646 -17.2541 -0.9733 -2.1587 -17.4535 0.0570 0.2000 0.4314 0.3922 0.1961 25.8182 2.0000 
765 766 6 -0.9733 -2.1587 -17.4535 -0.9800 -2.1527 -17.6533 0.0570 0.2000 0.4314 0.3922 0.1961 26.0874 2.0000 
766 767 6 -0.9800 -2.1527 -17.6533 -0.9811 -2.1437 -17.8531 0.0570 0.2000 0.4314 0.3922 0.1961 26.3625 2.0000 
767 768 6 -0.9811 -2.1437 -17.8531 -0.9669 -2.1572 -18.0521 0.0570 0.2000 0.4314 0.3922 0.1961 26.6437 2.0000 
768 769 6 -0.9669 -2.1572 -18.0521 -0.9570 -2.1386 -18.2510 0.0570 0.2000 0.4314 0.3922 0.1961 26.9313 2.0000 
769 770 6 -0.9570 -2.1386 -18.2510 -0.9520 -2.1240 -18.4504 0.0570 0.2000 0.4314 0.3922 0.1961 27.2256 2.0000 
770 771 6 -0.9520 -2.1240 -18.4504 -0.9541 -2.1263 -18.6504 0.0570 0.2000 0.4314 0.3922 0.1961 27.5269 2.0000 
771 772 6 -0.9541 -2.1263 -18.6504 -0.9636 -2.1315 -18.8501 0.0570 0.2000 0.4314 0.3922 0.1961 27.8356 2.0000 
772 773 6 -0.9636 -2.1315 -18.8501 -0.9827 -2.1363 -19.0491 0.0570 0.2000 0.4314 0.3922 0.1961 28.1521 2.0000 
773 774 6 -0.9827 -2.1363 -19.0491 -0.9782 -2.1454 -19.2489 0.0570 0.2000 0.4314 0.3922 0.1961 28.4766 2.0000 
774 775 6 -0.9782 -2.1454 -19.2489 -0.9479 -2.1855 -19.4425 0.0570 0.2000 0.4314 0.3922 0.1961 28.8098 2.0000 
775 776 6 -0.9479 -2.1855 -19.4425 -0.9426 -2.2031 -19.6416 0.0570 0.2000 0.4314 0.3922 0.1961 29.1519 2.0000 
776 777 6 -0.9426 -2.2031 -19.6416 -0.9321 -2.2214 -19.8405 0.0570 0.2000 0.4314 0.3922 0.1961 29.5036 2.0000 
777 778 6 -0.9321 -2.2214 -19.8405 -0.9218 -2.2303 -20.0400 0.0570 0.2000 0.4314 0.3922 0.1961 29.8654 2.0000 
778 779 6 -0.9218 -2.2303 -20.0400 -0.9186 -2.2366 -20.1127 0.0570 0.0730 0.4314 0.3922 0.1961 30.0000 2.0000 
10 780 7 0.0441 -0.0910 -1.2852 0.1543 0.0689 -1.3328 0.0672 0.2000 0.4314 0.3922 0.1961 12.9996 2.0000 
780 781 7 0.1543 0.0689 -1.3328 0.2628 0.2299 -1.3810 0.0672 0.2000 0.4314 0.3922 0.1961 13.0866 2.0000 
781 782 7 0.2628 0.2299 -1.3810 0.3661 0.3951 -1.4262 0.0672 0.2000 0.4314 0.3922 0.1961 13.1740 2.0000 
782 783 7 0.3661 0.3951 -1.4262 0.4296 0.5784 -1.4745 0.0672 0.2000 0.4314 0.3922 0.1961 13.2620 2.0000 
783 784 7 0.4296 0.5784 -1.4745 0.5034 0.7557 -1.5306 0.0672 0.2000 0.4314 0.3922 0.1961 13.3505 2.0000 
784 785 7 0.5034 0.7557 -1.5306 0.5550 0.9394 -1.5906 0.0672 0.2000 0.4314 0.3922 0.1961 13.4396 2.0000 
785 786 7 0.5550 0.9394 -1.5906 0.6274 1.1064 -1.6733 0.0672 0.2000 0.4314 0.3922 0.1961 13.5292 2.0000 
786 787 7 0.6274 1.1064 -1.6733 0.6941 1.2656 -1.7744 0.0672 0.2000 0.4314 0.3922 0.1961 13.6193 2.0000 
787 788 7 0.6941 1.2656 -1.7744 0.7581 1.4211 -1.8827 0.0672 0.2000 0.4314 0.3922 0.1961 13.7100 2.0000 
788 789 7 0.7581 1.4211 -1.8827 0.8146 1.5570 -2.0181 0.0672 0.2000 0.4314 0.3922 0.1961 13.8012 2.0000 
789 790 7 0.8146 1.5570 -2.0181 0.8776 1.6901 -2.1535 0.0672 0.2000 0.4314 0.3922 0.1961 13.8930 2.0000 
790 791 7 0.8776 1.6901 -2.1535 0.9225 1.8141 -2.3038 0.0672 0.2000 0.4314 0.3922 0.1961 13.9854 2.0000 
791 792 7 0.9225 1.8141 -2.3038 0.9679 1.9378 -2.4543 0.0672 0.2000 0.4314 0.3922 0.1961 14.0783 2.0000 
792 793 7 0.9679 1.9378 -2.4543 1.0095 2.0673 -2.6009 0.0672 0.2000 0.4314 0.3922 0.1961 14.1718 2.0000 
793 794 7 1.0095 2.0673 -2.6009 1.0343 2.1720 -2.7695 0.0672 0.2000 0.4314 0.3922 0.1961 14.2660 2.0000 
794 795 7 1.0343 2.1720 -2.7695 1.0686 2.2751 -2.9374 0.0672 0.2000 0.4314 0.3922 0.1961 14.3607 2.0000 
795 796 7 1.0686 2.2751 -2.9374 1.0613 2.3539 -3.1211 0.0672 0.2000 0.4314 0.3922 0.1961 14.4560 2.0000 
796 797 7 1.0613 2.3539 -3.1211 1.0573 2.4142 -3.3117 0.0672 0.2000 0.4314 0.3922 0.1961 14.5520 2.0000 
797 798 7 1.0573 2.4142 -3.3117 1.0482 2.4346 -3.5105 0.0672 0.2000 0.4314 0.3922 0.1961 14.6485 2.0000 
798 799 7 1.0482 2.4346 -3.5105 1.0685 2.4451 -3.7092 0.0672 0.2000 0.4314 0.3922 0.1961 14.7458 2.0000 
799 800 7 1.0685 2.4451 -3.7092 1.0911 2.4549 -3.9077 0.0672 0.2000 0.4314 0.3922 0.1961 14.8436 2.0000 
800 801 7 1.0911 2.4549 -3.9077 1.1137 2.4647 -4.1061 0.0672 0.2000 0.4314 0.3922 0.1961 14.9421 2.0000 
801 802 7 1.1137 2.4647 -4.1061 1.1257 2.4673 -4.3058 0.0672 0.2000 0.4314 0.3922 0.1961 15.0413 2.0000 
802 803 7 1.1257 2.4673 -4.3058 1.1283 2.4736 -4.5056 0.0672 0.2000 0.4314 0.3922 0.1961 15.1411 2.0000 
803 804 7 1.1283 2.4736 -4.5056 1.1174 2.4620 -4.7050 0.0672 0.2000 0.4314 0.3922 0.1961 15.2416 2.0000 
804 805 7 1.1174 2.4620 -4.7050 1.1067 2.4593 -4.9047 0.0672 0.2000 0.4314 0.3922 0.1961 15.3428 2.0000 
805 806 7 1.1067 2.4593 -4.9047 1.0872 2.4502 -5.1035 0.0672 0.2000 0.4314 0.3922 0.1961 15.4446 2.0000 
806 807 7 1.0872 2.4502 -5.1035 1.0641 2.4520 -5.3022 0.0672 0.2000 0.4314 0.3922 0.1961 15.5472 2.0000 
807 808 7 1.0641 2.4520 -5.3022 1.0389 2.4502 -5.5006 0.0672 0.2000 0.4314 0.3922 0.1961 15.6505 2.0000 
808 809 7 1.0389 2.4502 -5.5006 1.0166 2.4458 -5.6993 0.0672 0.2000 0.4314 0.3922 0.1961 15.7545 2.0000 
809 810 7 1.0166 2.4458 -5.6993 1.0000 2.4528 -5.8985 0.0672 0.2000 0.4314 0.3922 0.1961 15.8593 2.0000 
810 811 7 1.0000 2.4528 -5.8985 0.9870 2.4621 -6.0978 0.0672 0.2000 0.4314 0.3922 0.1961 15.9648 2.0000 
811 812 7 0.9870 2.4621 -6.0978 0.9770 2.4672 -6.2975 0.0672 0.2000 0.4314 0.3922 0.1961 16.0711 2.0000 
812 813 7 0.9770 2.4672 -6.2975 0.9698 2.4537 -6.4969 0.0672 0.2000 0.4314 0.3922 0.1961 16.1781 2.0000 
813 814 7 0.9698 2.4537 -6.4969 0.9723 2.4632 -6.6967 0.0672 0.2000 0.4314 0.3922 0.1961 16.2859 2.0000 
814 815 7 0.9723 2.4632 -6.6967 0.9715 2.4948 -6.8942 0.0672 0.2000 0.4314 0.3922 0.1961 16.3945 2.0000 
815 816 7 0.9715 2.4948 -6.8942 0.9900 2.4852 -7.0931 0.0672 0.2000 0.4314 0.3922 0.1961 16.5039 2.0000 
816 817 7 0.9900 2.4852 -7.0931 0.9913 2.4514 -7.2902 0.0672 0.2000 0.4314 0.3922 0.1961 16.6141 2.0000 
817 818 7 0.9913 2.4514 -7.2902 1.0259 2.4283 -7.4859 0.0672 0.2000 0.4314 0.3922 0.1961 16.7251 2.0000 
818 819 7 1.0259 2.4283 -7.4859 1.0278 2.4301 -7.6858 0.0672 0.2000 0.4314 0.3922 0.1961 16.8370 2.0000 
819 820 7 1.0278 2.4301 -7.6858 1.0281 2.4231 -7.8857 0.0672 0.2000 0.4314 0.3922 0.1961 16.9497 2.0000 
820 821 7 1.0281 2.4231 -7.8857 1.0277 2.4226 -8.0857 0.0672 0.2000 0.4314 0.3922 0.1961 17.0633 2.0000 
821 822 7 1.0277 2.4226 -8.0857 1.0237 2.4195 -8.2856 0.0672 0.2000 0.4314 0.3922 0.1961 17.1777 2.0000 
822 823 7 1.0237 2.4195 -8.2856 1.0229 2.4118 -8.4855 0.0672 0.2000 0.4314 0.3922 0.1961 17.2931 2.0000 
823 824 7 1.0229 2.4118 -8.4855 1.0252 2.4057 -8.6854 0.0672 0.2000 0.4314 0.3922 0.1961 17.4093 2.0000 
824 825 7 1.0252 2.4057 -8.6854 1.0056 2.4204 -8.8839 0.0672 0.2000 0.4314 0.3922 0.1961 17.5265 2.0000 
825 826 7 1.0056 2.4204 -8.8839 0.9812 2.4217 -9.0824 0.0672 0.2000 0.4314 0.3922 0.1961 17.6446 2.0000 
826 827 7 0.9812 2.4217 -9.0824 0.9730 2.4179 -9.2822 0.0672 0.2000 0.4314 0.3922 0.1961 17.7636 2.0000 
827 828 7 0.9730 2.4179 -9.2822 0.9813 2.4217 -9.4820 0.0672 0.2000 0.4314 0.3922 0.1961 17.8836 2.0000 
828 829 7 0.9813 2.4217 -9.4820 0.9903 2.4244 -9.6818 0.0672 0.2000 0.4314 0.3922 0.1961 18.0046 2.0000 
829 830 7 0.9903 2.4244 -9.6818 0.9989 2.4234 -9.8816 0.0672 0.2000 0.4314 0.3922 0.1961 18.1266 2.0000 
830 831 7 0.9989 2.4234 -9.8816 1.0063 2.4262 -10.0814 0.0672 0.2000 0.4314 0.3922 0.1961 18.2496 2.0000 
831 832 7 1.0063 2.4262 -10.0814 0.9855 2.4556 -10.2781 0.0672 0.2000 0.4314 0.3922 0.1961 18.3736 2.0000 
832 833 7 0.9855 2.4556 -10.2781 0.9846 2.4514 -10.4781 0.0672 0.2000 0.4314 0.3922 0.1961 18.4987 2.0000 
833 834 7 0.9846 2.4514 -10.4781 1.0078 2.4524 -10.6767 0.0672 0.2000 0.4314 0.3922 0.1961 18.6248 2.0000 
834 835 7 1.0078 2.4524 -10.6767 1.0343 2.4498 -10.8750 0.0672 0.2000 0.4314 0.3922 0.1961 18.7520 2.0000 
835 836 7 1.0343 2.4498 -10.8750 1.0421 2.4420 -11.0747 0.0672 0.2000 0.4314 0.3922 0.1961 18.8803 2.0000 
836 837 7 1.0421 2.4420 -11.0747 1.0504 2.4495 -11.2743 0.0672 0.2000 0.4314 0.3922 0.1961 19.0097 2.0000 
837 838 7 1.0504 2.4495 -11.2743 1.0529 2.4543 -11.4743 0.0672 0.2000 0.4314 0.3922 0.1961 19.1403 2.0000 
838 839 7 1.0529 2.4543 -11.4743 1.0555 2.4590 -11.6742 0.0672 0.2000 0.4314 0.3922 0.1961 19.2720 2.0000 
839 840 7 1.0555 2.4590 -11.6742 1.0773 2.4731 -11.8725 0.0672 0.2000 0.4314 0.3922 0.1961 19.4049 2.0000 
840 841 7 1.0773 2.4731 -11.8725 1.1044 2.4856 -12.0703 0.0672 0.2000 0.4314 0.3922 0.1961 19.5390 2.0000 
841 842 7 1.1044 2.4856 -12.0703 1.1404 2.4830 -12.2670 0.0672 0.2000 0.4314 0.3922 0.1961 19.6744 2.0000 
842 843 7 1.1404 2.4830 -12.2670 1.1672 2.4763 -12.4651 0.0672 0.2000 0.4314 0.3922 0.1961 19.8109 2.0000 
843 844 7 1.1672 2.4763 -12.4651 1.1691 2.4722 -12.6650 0.0672 0.2000 0.4314 0.3922 0.1961 19.9488 2.0000 
844 845 7 1.1691 2.4722 -12.6650 1.1692 2.4559 -12.8644 0.0672 0.2000 0.4314 0.3922 0.1961 20.0879 2.0000 
845 846 7 1.1692 2.4559 -12.8644 1.1687 2.4392 -13.0636 0.0672 0.2000 0.4314 0.3922 0.1961 20.2284 2.0000 
846 847 7 1.1687 2.4392 -13.0636 1.1706 2.4202 -13.2627 0.0672 0.2000 0.4314 0.3922 0.1961 20.3702 2.0000 
847 848 7 1.1706 2.4202 -13.2627 1.1494 2.4122 -13.4615 0.0672 0.2000 0.4314 0.3922 0.1961 20.5133 2.0000 
848 849 7 1.1494 2.4122 -13.4615 1.1547 2.4232 -13.6611 0.0672 0.2000 0.4314 0.3922 0.1961 20.6579 2.0000 
849 850 7 1.1547 2.4232 -13.6611 1.1625 2.4308 -13.8608 0.0672 0.2000 0.4314 0.3922 0.1961 20.8039 2.0000 
850 851 7 1.1625 2.4308 -13.8608 1.1775 2.4408 -14.0600 0.0672 0.2000 0.4314 0.3922 0.1961 20.9513 2.0000 
851 852 7 1.1775 2.4408 -14.0600 1.1760 2.4357 -14.2599 0.0672 0.2000 0.4314 0.3922 0.1961 21.1002 2.0000 
852 853 7 1.1760 2.4357 -14.2599 1.1852 2.4387 -14.4597 0.0672 0.2000 0.4314 0.3922 0.1961 21.2507 2.0000 
853 854 7 1.1852 2.4387 -14.4597 1.1956 2.4590 -14.6584 0.0672 0.2000 0.4314 0.3922 0.1961 21.4026 2.0000 
854 855 7 1.1956 2.4590 -14.6584 1.2044 2.4749 -14.8575 0.0672 0.2000 0.4314 0.3922 0.1961 21.5562 2.0000 
855 856 7 1.2044 2.4749 -14.8575 1.2131 2.4907 -15.0567 0.0672 0.2000 0.4314 0.3922 0.1961 21.7113 2.0000 
856 857 7 1.2131 2.4907 -15.0567 1.2160 2.4925 -15.2567 0.0672 0.2000 0.4314 0.3922 0.1961 21.8681 2.0000 
857 858 7 1.2160 2.4925 -15.2567 1.2138 2.4969 -15.4566 0.0672 0.2000 0.4314 0.3922 0.1961 22.0265 2.0000 
858 859 7 1.2138 2.4969 -15.4566 1.2173 2.5082 -15.6563 0.0672 0.2000 0.4314 0.3922 0.1961 22.1867 2.0000 
859 860 7 1.2173 2.5082 -15.6563 1.2232 2.5090 -15.8562 0.0672 0.2000 0.4314 0.3922 0.1961 22.3486 2.0000 
860 861 7 1.2232 2.5090 -15.8562 1.2279 2.5108 -16.0561 0.0672 0.2000 0.4314 0.3922 0.1961 22.5123 2.0000 
861 862 7 1.2279 2.5108 -16.0561 1.2208 2.5166 -16.2559 0.0672 0.2000 0.4314 0.3922 0.1961 22.6778 2.0000 
862 863 7 1.2208 2.5166 -16.2559 1.2222 2.5156 -16.4559 0.0672 0.2000 0.4314 0.3922 0.1961 22.8452 2.0000 
863 864 7 1.2222 2.5156 -16.4559 1.2133 2.5177 -16.6557 0.0672 0.2000 0.4314 0.3922 0.1961 23.0145 2.0000 
864 865 7 1.2133 2.5177 -16.6557 1.2018 2.5207 -16.8553 0.0672 0.2000 0.4314 0.3922 0.1961 23.1858 2.0000 
865 866 7 1.2018 2.5207 -16.8553 1.1894 2.5128 -17.0548 0.0672 0.2000 0.4314 0.3922 0.1961 23.3590 2.0000 
866 867 7 1.1894 2.5128 -17.0548 1.1735 2.5050 -17.2540 0.0672 0.2000 0.4314 0.3922 0.1961 23.5343 2.0000 
867 868 7 1.1735 2.5050 -17.2540 1.1564 2.5001 -17.4532 0.0672 0.2000 0.4314 0.3922 0.1961 23.7117 2.0000 
868 869 7 1.1564 2.5001 -17.4532 1.1523 2.4870 -17.6528 0.0672 0.2000 0.4314 0.3922 0.1961 23.8913 2.0000 
869 870 7 1.1523 2.4870 -17.6528 1.1427 2.4784 -17.8523 0.0672 0.2000 0.4314 0.3922 0.1961 24.0730 2.0000 
870 871 7 1.1427 2.4784 -17.8523 1.1473 2.4867 -18.0521 0.0672 0.2000 0.4314 0.3922 0.1961 24.2570 2.0000 
871 872 7 1.1473 2.4867 -18.0521 1.1366 2.4672 -18.2509 0.0672 0.2000 0.4314 0.3922 0.1961 24.4433 2.0000 
872 873 7 1.1366 2.4672 -18.2509 1.1264 2.4477 -18.4497 0.0672 0.2000 0.4314 0.3922 0.1961 24.6320 2.0000 
873 874 7 1.1264 2.4477 -18.4497 1.1122 2.4341 -18.6487 0.0672 0.2000 0.4314 0.3922 0.1961 24.8231 2.0000 
874 875 7 1.1122 2.4341 -18.6487 1.0921 2.4288 -18.8476 0.0672 0.2000 0.4314 0.3922 0.1961 25.0167 2.0000 
875 876 7 1.0921 2.4288 -18.8476 1.0658 2.4172 -19.0455 0.0672 0.2000 0.4314 0.3922 0.1961 25.2128 2.0000 
876 877 7 1.0658 2.4172 -19.0455 1.0375 2.4050 -19.2431 0.0672 0.2000 0.4314 0.3922 0.1961 25.4116 2.0000 
877 878 7 1.0375 2.4050 -19.2431 1.0310 2.3665 -19.4393 0.0672 0.2000 0.4314 0.3922 0.1961 25.6131 2.0000 
878 879 7 1.0310 2.3665 -19.4393 1.0198 2.3314 -19.6359 0.0672 0.2000 0.4314 0.3922 0.1961 25.8174 2.0000 
879 880 7 1.0198 2.3314 -19.6359 1.0004 2.3304 -19.8349 0.0672 0.2000 0.4314 0.3922 0.1961 26.0245 2.0000 
880 881 7 1.0004 2.3304 -19.8349 1.0110 2.3489 -20.0338 0.0672 0.2000 0.4314 0.3922 0.1961 26.2345 2.0000 
881 882 7 1.0110 2.3489 -20.0338 1.0294 2.3607 -20.2326 0.0672 0.2000 0.4314 0.3922 0.1961 26.4476 2.0000 
882 883 7 1.0294 2.3607 -20.2326 1.0456 2.3659 -20.4319 0.0672 0.2000 0.4314 0.3922 0.1961 26.6637 2.0000 
883 884 7 1.0456 2.3659 -20.4319 1.0658 2.3715 -20.6308 0.0672 0.2000 0.4314 0.3922 0.1961 26.8831 2.0000 
884 885 7 1.0658 2.3715 -20.6308 1.0881 2.3780 -20.8294 0.0672 0.2000 0.4314 0.3922 0.1961 27.1058 2.0000 
885 886 7 1.0881 2.3780 -20.8294 1.0918 2.3764 -21.0294 0.0672 0.2000 0.4314 0.3922 0.1961 27.3318 2.0000 
886 887 7 1.0918 2.3764 -21.0294 1.0948 2.3742 -21.2293 0.0672 0.2000 0.4314 0.3922 0.1961 27.5613 2.0000 
887 888 7 1.0948 2.3742 -21.2293 1.0862 2.3810 -21.4290 0.0672 0.2000 0.4314 0.3922 0.1961 27.7945 2.0000 
888 889 7 1.0862 2.3810 -21.4290 1.0791 2.3846 -21.6289 0.0672 0.2000 0.4314 0.3922 0.1961 28.0313 2.0000 
889 890 7 1.0791 2.3846 -21.6289 1.0697 2.3897 -21.8286 0.0672 0.2000 0.4314 0.3922 0.1961 28.2721 2.0000 
890 891 7 1.0697 2.3897 -21.8286 1.0624 2.3930 -22.0284 0.0672 0.2000 0.4314 0.3922 0.1961 28.5167 2.0000 
891 892 7 1.0624 2.3930 -22.0284 1.0676 2.3944 -22.2284 0.0672 0.2000 0.4314 0.3922 0.1961 28.7655 2.0000 
892 893 7 1.0676 2.3944 -22.2284 1.0804 2.3926 -22.4279 0.0672 0.2000 0.4314 0.3922 0.1961 29.0185 2.0000 
893 894 7 1.0804 2.3926 -22.4279 1.0930 2.3907 -22.6275 0.0672 0.2000 0.4314 0.3922 0.1961 29.2759 2.0000 
894 895 7 1.0930 2.3907 -22.6275 1.1014 2.3897 -22.8273 0.0672 0.2000 0.4314 0.3922 0.1961 29.5379 2.0000 
895 896 7 1.1014 2.3897 -22.8273 1.1039 2.3913 -23.0273 0.0672 0.2000 0.4314 0.3922 0.1961 29.8046 2.0000 
896 897 7 1.1039 2.3913 -23.0273 1.1031 2.3972 -23.1715 0.0672 0.1443 0.4314 0.3922 0.1961 30.0000 2.0000 
12 898 8 0.0497 -0.0938 -1.6221 0.1955 -0.1849 -1.7242 0.0613 0.2000 0.4314 0.3922 0.1961 13.4599 2.0000 
898 899 8 0.1955 -0.1849 -1.7242 0.3363 -0.2528 -1.8490 0.0613 0.2000 0.4314 0.3922 0.1961 13.5916 2.0000 
899 900 8 0.3363 -0.2528 -1.8490 0.4844 -0.3229 -1.9638 0.0613 0.2000 0.4314 0.3922 0.1961 13.7242 2.0000 
900 901 8 0.4844 -0.3229 -1.9638 0.6220 -0.3822 -2.0962 0.0613 0.2000 0.4314 0.3922 0.1961 13.8576 2.0000 
901 902 8 0.6220 -0.3822 -2.0962 0.7645 -0.4075 -2.2343 0.0613 0.2000 0.4314 0.3922 0.1961 13.9920 2.0000 
902 903 8 0.7645 -0.4075 -2.2343 0.8872 -0.4263 -2.3910 0.0613 0.2000 0.4314 0.3922 0.1961 14.1273 2.0000 
903 904 8 0.8872 -0.4263 -2.3910 0.9976 -0.4597 -2.5545 0.0613 0.2000 0.4314 0.3922 0.1961 14.2635 2.0000 
904 905 8 0.9976 -0.4597 -2.5545 1.0690 -0.4753 -2.7406 0.0613 0.2000 0.4314 0.3922 0.1961 14.4006 2.0000 
905 906 8 1.0690 -0.4753 -2.7406 1.1451 -0.4635 -2.9252 0.0613 0.2000 0.4314 0.3922 0.1961 14.5387 2.0000 
906 907 8 1.1451 -0.4635 -2.9252 1.2275 -0.4556 -3.1073 0.0613 0.2000 0.4314 0.3922 0.1961 14.6777 2.0000 
907 908 8 1.2275 -0.4556 -3.1073 1.3032 -0.4409 -3.2918 0.0613 0.2000 0.4314 0.3922 0.1961 14.8178 2.0000 
908 909 8 1.3032 -0.4409 -3.2918 1.3681 -0.4152 -3.4792 0.0613 0.2000 0.4314 0.3922 0.1961 14.9588 2.0000 
909 910 8 1.3681 -0.4152 -3.4792 1.4133 -0.3716 -3.6691 0.0613 0.2000 0.4314 0.3922 0.1961 15.1008 2.0000 
910 911 8 1.4133 -0.3716 -3.6691 1.4246 -0.3011 -3.8559 0.0613 0.2000 0.4314 0.3922 0.1961 15.2439 2.0000 
911 912 8 1.4246 -0.3011 -3.8559 1.4484 -0.2850 -4.0539 0.0613 0.2000 0.4314 0.3922 0.1961 15.3880 2.0000 
912 913 8 1.4484 -0.2850 -4.0539 1.4688 -0.2649 -4.2518 0.0613 0.2000 0.4314 0.3922 0.1961 15.5331 2.0000 
913 914 8 1.4688 -0.2649 -4.2518 1.4773 -0.2678 -4.4516 0.0613 0.2000 0.4314 0.3922 0.1961 15.6793 2.0000 
914 915 8 1.4773 -0.2678 -4.4516 1.4869 -0.2717 -4.6513 0.0613 0.2000 0.4314 0.3922 0.1961 15.8265 2.0000 
915 916 8 1.4869 -0.2717 -4.6513 1.5004 -0.2719 -4.8509 0.0613 0.2000 0.4314 0.3922 0.1961 15.9749 2.0000 
916 917 8 1.5004 -0.2719 -4.8509 1.5139 -0.2626 -5.0502 0.0613 0.2000 0.4314 0.3922 0.1961 16.1244 2.0000 
917 918 8 1.5139 -0.2626 -5.0502 1.5163 -0.2558 -5.2501 0.0613 0.2000 0.4314 0.3922 0.1961 16.2750 2.0000 
918 919 8 1.5163 -0.2558 -5.2501 1.5298 -0.2419 -5.4491 0.0613 0.2000 0.4314 0.3922 0.1961 16.4268 2.0000 
919 920 8 1.5298 -0.2419 -5.4491 1.5391 -0.2505 -5.6487 0.0613 0.2000 0.4314 0.3922 0.1961 16.5797 2.0000 
920 921 8 1.5391 -0.2505 -5.6487 1.5453 -0.2580 -5.8485 0.0613 0.2000 0.4314 0.3922 0.1961 16.7338 2.0000 
921 922 8 1.5453 -0.2580 -5.8485 1.5482 -0.2370 -6.0473 0.0613 0.2000 0.4314 0.3922 0.1961 16.8891 2.0000 
922 923 8 1.5482 -0.2370 -6.0473 1.5324 -0.2243 -6.2463 0.0613 0.2000 0.4314 0.3922 0.1961 17.0457 2.0000 
923 924 8 1.5324 -0.2243 -6.2463 1.5151 -0.2121 -6.4452 0.0613 0.2000 0.4314 0.3922 0.1961 17.2034 2.0000 
924 925 8 1.5151 -0.2121 -6.4452 1.4983 -0.2002 -6.6441 0.0613 0.2000 0.4314 0.3922 0.1961 17.3625 2.0000 
925 926 8 1.4983 -0.2002 -6.6441 1.4820 -0.1900 -6.8432 0.0613 0.2000 0.4314 0.3922 0.1961 17.5228 2.0000 
926 927 8 1.4820 -0.1900 -6.8432 1.4670 -0.1810 -7.0424 0.0613 0.2000 0.4314 0.3922 0.1961 17.6844 2.0000 
927 928 8 1.4670 -0.1810 -7.0424 1.4496 -0.1643 -7.2410 0.0613 0.2000 0.4314 0.3922 0.1961 17.8473 2.0000 
928 929 8 1.4496 -0.1643 -7.2410 1.4371 -0.1481 -7.4399 0.0613 0.2000 0.4314 0.3922 0.1961 18.0116 2.0000 
929 930 8 1.4371 -0.1481 -7.4399 1.4602 -0.1850 -7.6351 0.0613 0.2000 0.4314 0.3922 0.1961 18.1772 2.0000 
930 931 8 1.4602 -0.1850 -7.6351 1.4694 -0.2171 -7.8323 0.0613 0.2000 0.4314 0.3922 0.1961 18.3443 2.0000 
931 932 8 1.4694 -0.2171 -7.8323 1.4621 -0.2051 -8.0318 0.0613 0.2000 0.4314 0.3922 0.1961 18.5127 2.0000 
932 933 8 1.4621 -0.2051 -8.0318 1.4496 -0.1880 -8.2307 0.0613 0.2000 0.4314 0.3922 0.1961 18.6826 2.0000 
933 934 8 1.4496 -0.1880 -8.2307 1.4477 -0.1720 -8.4300 0.0613 0.2000 0.4314 0.3922 0.1961 18.8539 2.0000 
934 935 8 1.4477 -0.1720 -8.4300 1.4535 -0.1597 -8.6296 0.0613 0.2000 0.4314 0.3922 0.1961 19.0267 2.0000 
935 936 8 1.4535 -0.1597 -8.6296 1.4606 -0.1632 -8.8294 0.0613 0.2000 0.4314 0.3922 0.1961 19.2011 2.0000 
936 937 8 1.4606 -0.1632 -8.8294 1.4658 -0.1722 -9.0291 0.0613 0.2000 0.4314 0.3922 0.1961 19.3769 2.0000 
937 938 8 1.4658 -0.1722 -9.0291 1.4808 -0.1764 -9.2285 0.0613 0.2000 0.4314 0.3922 0.1961 19.5544 2.0000 
938 939 8 1.4808 -0.1764 -9.2285 1.4948 -0.1809 -9.4280 0.0613 0.2000 0.4314 0.3922 0.1961 19.7334 2.0000 
939 940 8 1.4948 -0.1809 -9.4280 1.4929 -0.1728 -9.6278 0.0613 0.2000 0.4314 0.3922 0.1961 19.9141 2.0000 
940 941 8 1.4929 -0.1728 -9.6278 1.4905 -0.1654 -9.8277 0.0613 0.2000 0.4314 0.3922 0.1961 20.0964 2.0000 
941 942 8 1.4905 -0.1654 -9.8277 1.5035 -0.1674 -10.0272 0.0613 0.2000 0.4314 0.3922 0.1961 20.2804 2.0000 
942 943 8 1.5035 -0.1674 -10.0272 1.4954 -0.1794 -10.2267 0.0613 0.2000 0.4314 0.3922 0.1961 20.4661 2.0000 
943 944 8 1.4954 -0.1794 -10.2267 1.4973 -0.1838 -10.4267 0.0613 0.2000 0.4314 0.3922 0.1961 20.6535 2.0000 
944 945 8 1.4973 -0.1838 -10.4267 1.4986 -0.1882 -10.6266 0.0613 0.2000 0.4314 0.3922 0.1961 20.8428 2.0000 
945 946 8 1.4986 -0.1882 -10.6266 1.5041 -0.1919 -10.8265 0.0613 0.2000 0.4314 0.3922 0.1961 21.0338 2.0000 
946 947 8 1.5041 -0.1919 -10.8265 1.5059 -0.1933 -11.0265 0.0613 0.2000 0.4314 0.3922 0.1961 21.2267 2.0000 
947 948 8 1.5059 -0.1933 -11.0265 1.5003 -0.1929 -11.2264 0.0613 0.2000 0.4314 0.3922 0.1961 21.4215 2.0000 
948 949 8 1.5003 -0.1929 -11.2264 1.4846 -0.1895 -11.4258 0.0613 0.2000 0.4314 0.3922 0.1961 21.6182 2.0000 
949 950 8 1.4846 -0.1895 -11.4258 1.4873 -0.1852 -11.6257 0.0613 0.2000 0.4314 0.3922 0.1961 21.8169 2.0000 
950 951 8 1.4873 -0.1852 -11.6257 1.4891 -0.1971 -11.8253 0.0613 0.2000 0.4314 0.3922 0.1961 22.0176 2.0000 
951 952 8 1.4891 -0.1971 -11.8253 1.4730 -0.2483 -12.0180 0.0613 0.2000 0.4314 0.3922 0.1961 22.2203 2.0000 
952 953 8 1.4730 -0.2483 -12.0180 1.4706 -0.2663 -12.2172 0.0613 0.2000 0.4314 0.3922 0.1961 22.4251 2.0000 
953 954 8 1.4706 -0.2663 -12.2172 1.4602 -0.2920 -12.4152 0.0613 0.2000 0.4314 0.3922 0.1961 22.6320 2.0000 
954 955 8 1.4602 -0.2920 -12.4152 1.4604 -0.3217 -12.6130 0.0613 0.2000 0.4314 0.3922 0.1961 22.8411 2.0000 
955 956 8 1.4604 -0.3217 -12.6130 1.4606 -0.3509 -12.8109 0.0613 0.2000 0.4314 0.3922 0.1961 23.0524 2.0000 
956 957 8 1.4606 -0.3509 -12.8109 1.4509 -0.3645 -13.0102 0.0613 0.2000 0.4314 0.3922 0.1961 23.2660 2.0000 
957 958 8 1.4509 -0.3645 -13.0102 1.4409 -0.3782 -13.2095 0.0613 0.2000 0.4314 0.3922 0.1961 23.4819 2.0000 
958 959 8 1.4409 -0.3782 -13.2095 1.4353 -0.3878 -13.4092 0.0613 0.2000 0.4314 0.3922 0.1961 23.7001 2.0000 
959 960 8 1.4353 -0.3878 -13.4092 1.4265 -0.4136 -13.6073 0.0613 0.2000 0.4314 0.3922 0.1961 23.9208 2.0000 
960 961 8 1.4265 -0.4136 -13.6073 1.4351 -0.4101 -13.8071 0.0613 0.2000 0.4314 0.3922 0.1961 24.1440 2.0000 
961 962 8 1.4351 -0.4101 -13.8071 1.4493 -0.4231 -14.0061 0.0613 0.2000 0.4314 0.3922 0.1961 24.3696 2.0000 
962 963 8 1.4493 -0.4231 -14.0061 1.4628 -0.4508 -14.2038 0.0613 0.2000 0.4314 0.3922 0.1961 24.5979 2.0000 
963 964 8 1.4628 -0.4508 -14.2038 1.4582 -0.4637 -14.4033 0.0613 0.2000 0.4314 0.3922 0.1961 24.8288 2.0000 
964 965 8 1.4582 -0.4637 -14.4033 1.4526 -0.4887 -14.6016 0.0613 0.2000 0.4314 0.3922 0.1961 25.0624 2.0000 
965 966 8 1.4526 -0.4887 -14.6016 1.4399 -0.5146 -14.7996 0.0613 0.2000 0.4314 0.3922 0.1961 25.2988 2.0000 
966 967 8 1.4399 -0.5146 -14.7996 1.4284 -0.5406 -14.9975 0.0613 0.2000 0.4314 0.3922 0.1961 25.5380 2.0000 
967 968 8 1.4284 -0.5406 -14.9975 1.4217 -0.5478 -15.1973 0.0613 0.2000 0.4314 0.3922 0.1961 25.7801 2.0000 
968 969 8 1.4217 -0.5478 -15.1973 1.4193 -0.5394 -15.3971 0.0613 0.2000 0.4314 0.3922 0.1961 26.0252 2.0000 
969 970 8 1.4193 -0.5394 -15.3971 1.4154 -0.5315 -15.5969 0.0613 0.2000 0.4314 0.3922 0.1961 26.2734 2.0000 
970 971 8 1.4154 -0.5315 -15.5969 1.4128 -0.5283 -15.7968 0.0613 0.2000 0.4314 0.3922 0.1961 26.5247 2.0000 
971 972 8 1.4128 -0.5283 -15.7968 1.4083 -0.5287 -15.9968 0.0613 0.2000 0.4314 0.3922 0.1961 26.7792 2.0000 
972 973 8 1.4083 -0.5287 -15.9968 1.4031 -0.5396 -16.1964 0.0613 0.2000 0.4314 0.3922 0.1961 27.0370 2.0000 
973 974 8 1.4031 -0.5396 -16.1964 1.3986 -0.5551 -16.3958 0.0613 0.2000 0.4314 0.3922 0.1961 27.2982 2.0000 
974 975 8 1.3986 -0.5551 -16.3958 1.3954 -0.5700 -16.5952 0.0613 0.2000 0.4314 0.3922 0.1961 27.5628 2.0000 
975 976 8 1.3954 -0.5700 -16.5952 1.3907 -0.5787 -16.7950 0.0613 0.2000 0.4314 0.3922 0.1961 27.8310 2.0000 
976 977 8 1.3907 -0.5787 -16.7950 1.3934 -0.5789 -16.9949 0.0613 0.2000 0.4314 0.3922 0.1961 28.1029 2.0000 
977 978 8 1.3934 -0.5789 -16.9949 1.4136 -0.5807 -17.1939 0.0613 0.2000 0.4314 0.3922 0.1961 28.3785 2.0000 
978 979 8 1.4136 -0.5807 -17.1939 1.4536 -0.5697 -17.3896 0.0613 0.2000 0.4314 0.3922 0.1961 28.6580 2.0000 
979 980 8 1.4536 -0.5697 -17.3896 1.4820 -0.5547 -17.5870 0.0613 0.2000 0.4314 0.3922 0.1961 28.9414 2.0000 
980 981 8 1.4820 -0.5547 -17.5870 1.4933 -0.5427 -17.7863 0.0613 0.2000 0.4314 0.3922 0.1961 29.2290 2.0000 
981 982 8 1.4933 -0.5427 -17.7863 1.5004 -0.5399 -17.9861 0.0613 0.2000 0.4314 0.3922 0.1961 29.5207 2.0000 
982 983 8 1.5004 -0.5399 -17.9861 1.5096 -0.5342 -18.1858 0.0613 0.2000 0.4314 0.3922 0.1961 29.8168 2.0000 
983 984 8 1.5096 -0.5342 -18.1858 1.5046 -0.5327 -18.3080 0.0613 0.1222 0.4314 0.3922 0.1961 30.0000 2.0000 
13 985 9 0.0317 -0.0860 -1.7954 0.1988 -0.1500 -1.8847 0.0672 0.2000 0.4314 0.3922 0.1961 13.6298 2.0000 
985 986 9 0.1988 -0.1500 -1.8847 0.3477 -0.2352 -1.9875 0.0672 0.2000 0.4314 0.3922 0.1961 13.7151 2.0000 
986 987 9 0.3477 -0.2352 -1.9875 0.4972 -0.3144 -2.0941 0.0672 0.2000 0.4314 0.3922 0.1961 13.8009 2.0000 
987 988 9 0.4972 -0.3144 -2.0941 0.6483 -0.3953 -2.1973 0.0672 0.2000 0.4314 0.3922 0.1961 13.8873 2.0000 
988 989 9 0.6483 -0.3953 -2.1973 0.7971 -0.4746 -2.3048 0.0672 0.2000 0.4314 0.3922 0.1961 13.9742 2.0000 
989 990 9 0.7971 -0.4746 -2.3048 0.9536 -0.5625 -2.3930 0.0672 0.2000 0.4314 0.3922 0.1961 14.0616 2.0000 
990 991 9 0.9536 -0.5625 -2.3930 1.1093 -0.6542 -2.4788 0.0672 0.2000 0.4314 0.3922 0.1961 14.1496 2.0000 
991 992 9 1.1093 -0.6542 -2.4788 1.2780 -0.7251 -2.5594 0.0672 0.2000 0.4314 0.3922 0.1961 14.2382 2.0000 
992 993 9 1.2780 -0.7251 -2.5594 1.4334 -0.7801 -2.6727 0.0672 0.2000 0.4314 0.3922 0.1961 14.3273 2.0000 
993 994 9 1.4334 -0.7801 -2.6727 1.5471 -0.8505 -2.8214 0.0672 0.2000 0.4314 0.3922 0.1961 14.4169 2.0000 
994 995 9 1.5471 -0.8505 -2.8214 1.6550 -0.9199 -2.9748 0.0672 0.2000 0.4314 0.3922 0.1961 14.5072 2.0000 
995 996 9 1.6550 -0.9199 -2.9748 1.7200 -0.9606 -3.1596 0.0672 0.2000 0.4314 0.3922 0.1961 14.5980 2.0000 
996 997 9 1.7200 -0.9606 -3.1596 1.7699 -0.9680 -3.3531 0.0672 0.2000 0.4314 0.3922 0.1961 14.6894 2.0000 
997 998 9 1.7699 -0.9680 -3.3531 1.8149 -0.9891 -3.5468 0.0672 0.2000 0.4314 0.3922 0.1961 14.7814 2.0000 
998 999 9 1.8149 -0.9891 -3.5468 1.8216 -1.0161 -3.7449 0.0672 0.2000 0.4314 0.3922 0.1961 14.8740 2.0000 
999 1000 9 1.8216 -1.0161 -3.7449 1.8286 -1.0417 -3.9431 0.0672 0.2000 0.4314 0.3922 0.1961 14.9673 2.0000 
1000 1001 9 1.8286 -1.0417 -3.9431 1.8157 -1.0693 -4.1408 0.0672 0.2000 0.4314 0.3922 0.1961 15.0611 2.0000 
1001 1002 9 1.8157 -1.0693 -4.1408 1.8077 -1.0892 -4.3396 0.0672 0.2000 0.4314 0.3922 0.1961 15.1556 2.0000 
1002 1003 9 1.8077 -1.0892 -4.3396 1.8078 -1.1081 -4.5387 0.0672 0.2000 0.4314 0.3922 0.1961 15.2507 2.0000 
1003 1004 9 1.8078 -1.1081 -4.5387 1.8083 -1.1274 -4.7378 0.0672 0.2000 0.4314 0.3922 0.1961 15.3465 2.0000 
1004 1005 9 1.8083 -1.1274 -4.7378 1.8099 -1.1283 -4.9378 0.0672 0.2000 0.4314 0.3922 0.1961 15.4429 2.0000 
1005 1006 9 1.8099 -1.1283 -4.9378 1.7997 -1.1463 -5.1367 0.0672 0.2000 0.4314 0.3922 0.1961 15.5400 2.0000 
1006 1007 9 1.7997 -1.1463 -5.1367 1.8077 -1.1654 -5.3356 0.0672 0.2000 0.4314 0.3922 0.1961 15.6377 2.0000 
1007 1008 9 1.8077 -1.1654 -5.3356 1.7894 -1.1631 -5.5348 0.0672 0.2000 0.4314 0.3922 0.1961 15.7361 2.0000 
1008 1009 9 1.7894 -1.1631 -5.5348 1.7773 -1.1855 -5.7332 0.0672 0.2000 0.4314 0.3922 0.1961 15.8353 2.0000 
1009 1010 9 1.7773 -1.1855 -5.7332 1.8113 -1.1667 -5.9294 0.0672 0.2000 0.4314 0.3922 0.1961 15.9351 2.0000 
1010 1011 9 1.8113 -1.1667 -5.9294 1.8282 -1.1677 -6.1286 0.0672 0.2000 0.4314 0.3922 0.1961 16.0357 2.0000 
1011 1012 9 1.8282 -1.1677 -6.1286 1.8231 -1.1387 -6.3265 0.0672 0.2000 0.4314 0.3922 0.1961 16.1369 2.0000 
1012 1013 9 1.8231 -1.1387 -6.3265 1.8286 -1.1143 -6.5249 0.0672 0.2000 0.4314 0.3922 0.1961 16.2389 2.0000 
1013 1014 9 1.8286 -1.1143 -6.5249 1.8339 -1.0900 -6.7233 0.0672 0.2000 0.4314 0.3922 0.1961 16.3417 2.0000 
1014 1015 9 1.8339 -1.0900 -6.7233 1.8207 -1.1026 -6.9225 0.0672 0.2000 0.4314 0.3922 0.1961 16.4452 2.0000 
1015 1016 9 1.8207 -1.1026 -6.9225 1.7995 -1.1130 -7.1211 0.0672 0.2000 0.4314 0.3922 0.1961 16.5494 2.0000 
1016 1017 9 1.7995 -1.1130 -7.1211 1.7683 -1.1391 -7.3169 0.0672 0.2000 0.4314 0.3922 0.1961 16.6545 2.0000 
1017 1018 9 1.7683 -1.1391 -7.3169 1.7798 -1.1731 -7.5137 0.0672 0.2000 0.4314 0.3922 0.1961 16.7603 2.0000 
1018 1019 9 1.7798 -1.1731 -7.5137 1.7880 -1.1943 -7.7124 0.0672 0.2000 0.4314 0.3922 0.1961 16.8669 2.0000 
1019 1020 9 1.7880 -1.1943 -7.7124 1.7958 -1.2154 -7.9111 0.0672 0.2000 0.4314 0.3922 0.1961 16.9744 2.0000 
1020 1021 9 1.7958 -1.2154 -7.9111 1.8033 -1.2379 -8.1097 0.0672 0.2000 0.4314 0.3922 0.1961 17.0826 2.0000 
1021 1022 9 1.8033 -1.2379 -8.1097 1.8275 -1.2358 -8.3082 0.0672 0.2000 0.4314 0.3922 0.1961 17.1917 2.0000 
1022 1023 9 1.8275 -1.2358 -8.3082 1.8305 -1.2276 -8.5080 0.0672 0.2000 0.4314 0.3922 0.1961 17.3017 2.0000 
1023 1024 9 1.8305 -1.2276 -8.5080 1.8318 -1.2371 -8.7078 0.0672 0.2000 0.4314 0.3922 0.1961 17.4125 2.0000 
1024 1025 9 1.8318 -1.2371 -8.7078 1.8331 -1.2327 -8.9078 0.0672 0.2000 0.4314 0.3922 0.1961 17.5242 2.0000 
1025 1026 9 1.8331 -1.2327 -8.9078 1.8384 -1.2428 -9.1074 0.0672 0.2000 0.4314 0.3922 0.1961 17.6368 2.0000 
1026 1027 9 1.8384 -1.2428 -9.1074 1.8491 -1.2471 -9.3071 0.0672 0.2000 0.4314 0.3922 0.1961 17.7503 2.0000 
1027 1028 9 1.8491 -1.2471 -9.3071 1.8903 -1.2738 -9.5010 0.0672 0.2000 0.4314 0.3922 0.1961 17.8647 2.0000 
1028 1029 9 1.8903 -1.2738 -9.5010 1.9319 -1.3055 -9.6940 0.0672 0.2000 0.4314 0.3922 0.1961 17.9801 2.0000 
1029 1030 9 1.9319 -1.3055 -9.6940 1.9795 -1.2849 -9.8872 0.0672 0.2000 0.4314 0.3922 0.1961 18.0964 2.0000 
1030 1031 9 1.9795 -1.2849 -9.8872 1.9727 -1.2481 -10.0836 0.0672 0.2000 0.4314 0.3922 0.1961 18.2137 2.0000 
1031 1032 9 1.9727 -1.2481 -10.0836 1.9689 -1.2113 -10.2802 0.0672 0.2000 0.4314 0.3922 0.1961 18.3319 2.0000 
1032 1033 9 1.9689 -1.2113 -10.2802 1.9653 -1.1764 -10.4771 0.0672 0.2000 0.4314 0.3922 0.1961 18.4512 2.0000 
1033 1034 9 1.9653 -1.1764 -10.4771 1.9574 -1.1392 -10.6734 0.0672 0.2000 0.4314 0.3922 0.1961 18.5715 2.0000 
1034 1035 9 1.9574 -1.1392 -10.6734 1.9443 -1.1239 -10.8724 0.0672 0.2000 0.4314 0.3922 0.1961 18.6928 2.0000 
1035 1036 9 1.9443 -1.1239 -10.8724 1.9344 -1.1106 -11.0717 0.0672 0.2000 0.4314 0.3922 0.1961 18.8152 2.0000 
1036 1037 9 1.9344 -1.1106 -11.0717 1.9272 -1.0961 -11.2711 0.0672 0.2000 0.4314 0.3922 0.1961 18.9386 2.0000 
1037 1038 9 1.9272 -1.0961 -11.2711 1.9058 -1.0740 -11.4687 0.0672 0.2000 0.4314 0.3922 0.1961 19.0631 2.0000 
1038 1039 9 1.9058 -1.0740 -11.4687 1.9102 -1.0493 -11.6671 0.0672 0.2000 0.4314 0.3922 0.1961 19.1888 2.0000 
1039 1040 9 1.9102 -1.0493 -11.6671 1.9139 -1.0278 -11.8659 0.0672 0.2000 0.4314 0.3922 0.1961 19.3156 2.0000 
1040 1041 9 1.9139 -1.0278 -11.8659 1.9287 -1.0133 -12.0648 0.0672 0.2000 0.4314 0.3922 0.1961 19.4435 2.0000 
1041 1042 9 1.9287 -1.0133 -12.0648 1.9590 -1.0000 -12.2621 0.0672 0.2000 0.4314 0.3922 0.1961 19.5726 2.0000 
1042 1043 9 1.9590 -1.0000 -12.2621 1.9872 -0.9858 -12.4596 0.0672 0.2000 0.4314 0.3922 0.1961 19.7029 2.0000 
1043 1044 9 1.9872 -0.9858 -12.4596 2.0159 -0.9712 -12.6570 0.0672 0.2000 0.4314 0.3922 0.1961 19.8344 2.0000 
1044 1045 9 2.0159 -0.9712 -12.6570 2.0178 -0.9469 -12.8555 0.0672 0.2000 0.4314 0.3922 0.1961 19.9671 2.0000 
1045 1046 9 2.0178 -0.9469 -12.8555 2.0219 -0.9392 -13.0553 0.0672 0.2000 0.4314 0.3922 0.1961 20.1011 2.0000 
1046 1047 9 2.0219 -0.9392 -13.0553 2.0155 -0.9342 -13.2551 0.0672 0.2000 0.4314 0.3922 0.1961 20.2364 2.0000 
1047 1048 9 2.0155 -0.9342 -13.2551 2.0112 -0.9356 -13.4551 0.0672 0.2000 0.4314 0.3922 0.1961 20.3730 2.0000 
1048 1049 9 2.0112 -0.9356 -13.4551 2.0077 -0.9372 -13.6550 0.0672 0.2000 0.4314 0.3922 0.1961 20.5110 2.0000 
1049 1050 9 2.0077 -0.9372 -13.6550 2.0394 -0.9504 -13.8521 0.0672 0.2000 0.4314 0.3922 0.1961 20.6503 2.0000 
1050 1051 9 2.0394 -0.9504 -13.8521 2.0216 -0.9521 -14.0513 0.0672 0.2000 0.4314 0.3922 0.1961 20.7910 2.0000 
1051 1052 9 2.0216 -0.9521 -14.0513 2.0031 -0.9583 -14.2503 0.0672 0.2000 0.4314 0.3922 0.1961 20.9331 2.0000 
1052 1053 9 2.0031 -0.9583 -14.2503 2.0047 -0.9677 -14.4501 0.0672 0.2000 0.4314 0.3922 0.1961 21.0767 2.0000 
1053 1054 9 2.0047 -0.9677 -14.4501 1.9970 -0.9769 -14.6497 0.0672 0.2000 0.4314 0.3922 0.1961 21.2217 2.0000 
1054 1055 9 1.9970 -0.9769 -14.6497 2.0056 -0.9648 -14.8492 0.0672 0.2000 0.4314 0.3922 0.1961 21.3683 2.0000 
1055 1056 9 2.0056 -0.9648 -14.8492 2.0198 -0.9356 -15.0465 0.0672 0.2000 0.4314 0.3922 0.1961 21.5163 2.0000 
1056 1057 9 2.0198 -0.9356 -15.0465 2.0215 -0.9251 -15.2462 0.0672 0.2000 0.4314 0.3922 0.1961 21.6660 2.0000 
1057 1058 9 2.0215 -0.9251 -15.2462 1.9799 -0.9278 -15.4418 0.0672 0.2000 0.4314 0.3922 0.1961 21.8173 2.0000 
1058 1059 9 1.9799 -0.9278 -15.4418 1.9395 -0.9303 -15.6377 0.0672 0.2000 0.4314 0.3922 0.1961 21.9702 2.0000 
1059 1060 9 1.9395 -0.9303 -15.6377 1.8980 -0.9343 -15.8333 0.0672 0.2000 0.4314 0.3922 0.1961 22.1248 2.0000 
1060 1061 9 1.8980 -0.9343 -15.8333 1.8665 -0.9158 -16.0299 0.0672 0.2000 0.4314 0.3922 0.1961 22.2811 2.0000 
1061 1062 9 1.8665 -0.9158 -16.0299 1.8397 -0.8729 -16.2234 0.0672 0.2000 0.4314 0.3922 0.1961 22.4391 2.0000 
1062 1063 9 1.8397 -0.8729 -16.2234 1.8130 -0.8748 -16.4216 0.0672 0.2000 0.4314 0.3922 0.1961 22.5990 2.0000 
1063 1064 9 1.8130 -0.8748 -16.4216 1.7862 -0.8779 -16.6198 0.0672 0.2000 0.4314 0.3922 0.1961 22.7607 2.0000 
1064 1065 9 1.7862 -0.8779 -16.6198 1.7580 -0.8860 -16.8177 0.0672 0.2000 0.4314 0.3922 0.1961 22.9242 2.0000 
1065 1066 9 1.7580 -0.8860 -16.8177 1.7298 -0.8922 -17.0156 0.0672 0.2000 0.4314 0.3922 0.1961 23.0897 2.0000 
1066 1067 9 1.7298 -0.8922 -17.0156 1.7003 -0.8875 -17.2133 0.0672 0.2000 0.4314 0.3922 0.1961 23.2572 2.0000 
1067 1068 9 1.7003 -0.8875 -17.2133 1.6830 -0.8677 -17.4116 0.0672 0.2000 0.4314 0.3922 0.1961 23.4266 2.0000 
1068 1069 9 1.6830 -0.8677 -17.4116 1.6540 -0.8713 -17.6094 0.0672 0.2000 0.4314 0.3922 0.1961 23.5982 2.0000 
1069 1070 9 1.6540 -0.8713 -17.6094 1.6313 -0.9023 -17.8057 0.0672 0.2000 0.4314 0.3922 0.1961 23.7718 2.0000 
1070 1071 9 1.6313 -0.9023 -17.8057 1.5945 -0.9223 -18.0012 0.0672 0.2000 0.4314 0.3922 0.1961 23.9476 2.0000 
1071 1072 9 1.5945 -0.9223 -18.0012 1.5709 -0.9633 -18.1956 0.0672 0.2000 0.4314 0.3922 0.1961 24.1256 2.0000 
1072 1073 9 1.5709 -0.9633 -18.1956 1.5545 -0.9943 -18.3925 0.0672 0.2000 0.4314 0.3922 0.1961 24.3059 2.0000 
1073 1074 9 1.5545 -0.9943 -18.3925 1.5545 -1.0178 -18.5911 0.0672 0.2000 0.4314 0.3922 0.1961 24.4886 2.0000 
1074 1075 9 1.5545 -1.0178 -18.5911 1.5274 -1.0264 -18.7890 0.0672 0.2000 0.4314 0.3922 0.1961 24.6736 2.0000 
1075 1076 9 1.5274 -1.0264 -18.7890 1.5421 -1.0296 -18.9885 0.0672 0.2000 0.4314 0.3922 0.1961 24.8611 2.0000 
1076 1077 9 1.5421 -1.0296 -18.9885 1.5369 -1.0317 -19.1884 0.0672 0.2000 0.4314 0.3922 0.1961 25.0511 2.0000 
1077 1078 9 1.5369 -1.0317 -19.1884 1.5302 -1.0333 -19.3883 0.0672 0.2000 0.4314 0.3922 0.1961 25.2438 2.0000 
1078 1079 9 1.5302 -1.0333 -19.3883 1.5262 -1.0357 -19.5882 0.0672 0.2000 0.4314 0.3922 0.1961 25.4391 2.0000 
1079 1080 9 1.5262 -1.0357 -19.5882 1.5234 -1.0359 -19.7882 0.0672 0.2000 0.4314 0.3922 0.1961 25.6371 2.0000 
1080 1081 9 1.5234 -1.0359 -19.7882 1.5200 -1.0369 -19.9882 0.0672 0.2000 0.4314 0.3922 0.1961 25.8380 2.0000 
1081 1082 9 1.5200 -1.0369 -19.9882 1.5186 -1.0383 -20.1882 0.0672 0.2000 0.4314 0.3922 0.1961 26.0417 2.0000 
1082 1083 9 1.5186 -1.0383 -20.1882 1.5158 -1.0390 -20.3881 0.0672 0.2000 0.4314 0.3922 0.1961 26.2485 2.0000 
1083 1084 9 1.5158 -1.0390 -20.3881 1.5063 -1.0436 -20.5879 0.0672 0.2000 0.4314 0.3922 0.1961 26.4583 2.0000 
1084 1085 9 1.5063 -1.0436 -20.5879 1.4813 -1.0462 -20.7863 0.0672 0.2000 0.4314 0.3922 0.1961 26.6713 2.0000 
1085 1086 9 1.4813 -1.0462 -20.7863 1.4561 -1.0478 -20.9847 0.0672 0.2000 0.4314 0.3922 0.1961 26.8876 2.0000 
1086 1087 9 1.4561 -1.0478 -20.9847 1.4794 -1.0281 -21.1823 0.0672 0.2000 0.4314 0.3922 0.1961 27.1073 2.0000 
1087 1088 9 1.4794 -1.0281 -21.1823 1.5056 -1.0224 -21.3805 0.0672 0.2000 0.4314 0.3922 0.1961 27.3304 2.0000 
1088 1089 9 1.5056 -1.0224 -21.3805 1.5251 -0.9983 -21.5781 0.0672 0.2000 0.4314 0.3922 0.1961 27.5571 2.0000 
1089 1090 9 1.5251 -0.9983 -21.5781 1.5448 -0.9674 -21.7747 0.0672 0.2000 0.4314 0.3922 0.1961 27.7875 2.0000 
1090 1091 9 1.5448 -0.9674 -21.7747 1.5562 -0.9349 -21.9717 0.0672 0.2000 0.4314 0.3922 0.1961 28.0218 2.0000 
1091 1092 9 1.5562 -0.9349 -21.9717 1.5466 -0.9044 -22.1692 0.0672 0.2000 0.4314 0.3922 0.1961 28.2600 2.0000 
1092 1093 9 1.5466 -0.9044 -22.1692 1.5372 -0.8770 -22.3671 0.0672 0.2000 0.4314 0.3922 0.1961 28.5023 2.0000 
1093 1094 9 1.5372 -0.8770 -22.3671 1.5448 -0.8471 -22.5647 0.0672 0.2000 0.4314 0.3922 0.1961 28.7489 2.0000 
1094 1095 9 1.5448 -0.8471 -22.5647 1.5545 -0.8168 -22.7621 0.0672 0.2000 0.4314 0.3922 0.1961 28.9998 2.0000 
1095 1096 9 1.5545 -0.8168 -22.7621 1.5703 -0.7961 -22.9604 0.0672 0.2000 0.4314 0.3922 0.1961 29.2553 2.0000 
1096 1097 9 1.5703 -0.7961 -22.9604 1.5870 -0.7985 -23.1597 0.0672 0.2000 0.4314 0.3922 0.1961 29.5155 2.0000 
1097 1098 9 1.5870 -0.7985 -23.1597 1.6023 -0.7996 -23.3591 0.0672 0.2000 0.4314 0.3922 0.1961 29.7806 2.0000 
1098 1099 9 1.6023 -0.7996 -23.3591 1.5957 -0.8078 -23.5215 0.0672 0.1627 0.4314 0.3922 0.1961 30.0000 2.0000 
14 1100 10 0.0243 -0.0813 -1.8614 0.1496 0.0311 -1.9695 0.0649 0.2000 0.4314 0.3922 0.1961 13.7410 2.0000 
1100 1101 10 0.1496 0.0311 -1.9695 0.2739 0.1453 -2.0767 0.0649 0.2000 0.4314 0.3922 0.1961 13.8551 2.0000 
1101 1102 10 0.2739 0.1453 -2.0767 0.3950 0.2282 -2.2125 0.0649 0.2000 0.4314 0.3922 0.1961 13.9700 2.0000 
1102 1103 10 0.3950 0.2282 -2.2125 0.5150 0.3129 -2.3484 0.0649 0.2000 0.4314 0.3922 0.1961 14.0857 2.0000 
1103 1104 10 0.5150 0.3129 -2.3484 0.6147 0.4165 -2.4873 0.0649 0.2000 0.4314 0.3922 0.1961 14.2023 2.0000 
1104 1105 10 0.6147 0.4165 -2.4873 0.7052 0.5128 -2.6375 0.0649 0.2000 0.4314 0.3922 0.1961 14.3196 2.0000 
1105 1106 10 0.7052 0.5128 -2.6375 0.8117 0.5993 -2.7830 0.0649 0.2000 0.4314 0.3922 0.1961 14.4378 2.0000 
1106 1107 10 0.8117 0.5993 -2.7830 0.8979 0.7020 -2.9314 0.0649 0.2000 0.4314 0.3922 0.1961 14.5569 2.0000 
1107 1108 10 0.8979 0.7020 -2.9314 0.9795 0.7972 -3.0872 0.0649 0.2000 0.4314 0.3922 0.1961 14.6769 2.0000 
1108 1109 10 0.9795 0.7972 -3.0872 1.0477 0.8848 -3.2535 0.0649 0.2000 0.4314 0.3922 0.1961 14.7977 2.0000 
1109 1110 10 1.0477 0.8848 -3.2535 1.1171 0.9610 -3.4250 0.0649 0.2000 0.4314 0.3922 0.1961 14.9194 2.0000 
1110 1111 10 1.1171 0.9610 -3.4250 1.1894 1.0391 -3.5943 0.0649 0.2000 0.4314 0.3922 0.1961 15.0421 2.0000 
1111 1112 10 1.1894 1.0391 -3.5943 1.2359 1.1297 -3.7664 0.0649 0.2000 0.4314 0.3922 0.1961 15.1657 2.0000 
1112 1113 10 1.2359 1.1297 -3.7664 1.2661 1.1966 -3.9525 0.0649 0.2000 0.4314 0.3922 0.1961 15.2902 2.0000 
1113 1114 10 1.2661 1.1966 -3.9525 1.3153 1.2678 -4.1328 0.0649 0.2000 0.4314 0.3922 0.1961 15.4157 2.0000 
1114 1115 10 1.3153 1.2678 -4.1328 1.3480 1.3301 -4.3200 0.0649 0.2000 0.4314 0.3922 0.1961 15.5421 2.0000 
1115 1116 10 1.3480 1.3301 -4.3200 1.3737 1.3861 -4.5103 0.0649 0.2000 0.4314 0.3922 0.1961 15.6695 2.0000 
1116 1117 10 1.3737 1.3861 -4.5103 1.4023 1.4287 -4.7036 0.0649 0.2000 0.4314 0.3922 0.1961 15.7980 2.0000 
1117 1118 10 1.4023 1.4287 -4.7036 1.4383 1.4662 -4.8967 0.0649 0.2000 0.4314 0.3922 0.1961 15.9274 2.0000 
1118 1119 10 1.4383 1.4662 -4.8967 1.4447 1.5090 -5.0920 0.0649 0.2000 0.4314 0.3922 0.1961 16.0579 2.0000 
1119 1120 10 1.4447 1.5090 -5.0920 1.4343 1.5244 -5.2911 0.0649 0.2000 0.4314 0.3922 0.1961 16.1894 2.0000 
1120 1121 10 1.4343 1.5244 -5.2911 1.4257 1.5371 -5.4905 0.0649 0.2000 0.4314 0.3922 0.1961 16.3220 2.0000 
1121 1122 10 1.4257 1.5371 -5.4905 1.4318 1.5335 -5.6904 0.0649 0.2000 0.4314 0.3922 0.1961 16.4557 2.0000 
1122 1123 10 1.4318 1.5335 -5.6904 1.4362 1.5238 -5.8901 0.0649 0.2000 0.4314 0.3922 0.1961 16.5905 2.0000 
1123 1124 10 1.4362 1.5238 -5.8901 1.4444 1.5275 -6.0899 0.0649 0.2000 0.4314 0.3922 0.1961 16.7264 2.0000 
1124 1125 10 1.4444 1.5275 -6.0899 1.4494 1.5396 -6.2895 0.0649 0.2000 0.4314 0.3922 0.1961 16.8634 2.0000 
1125 1126 10 1.4494 1.5396 -6.2895 1.4545 1.5274 -6.4890 0.0649 0.2000 0.4314 0.3922 0.1961 17.0016 2.0000 
1126 1127 10 1.4545 1.5274 -6.4890 1.4609 1.5170 -6.6886 0.0649 0.2000 0.4314 0.3922 0.1961 17.1410 2.0000 
1127 1128 10 1.4609 1.5170 -6.6886 1.4569 1.5154 -6.8886 0.0649 0.2000 0.4314 0.3922 0.1961 17.2816 2.0000 
1128 1129 10 1.4569 1.5154 -6.8886 1.4527 1.5062 -7.0883 0.0649 0.2000 0.4314 0.3922 0.1961 17.4234 2.0000 
1129 1130 10 1.4527 1.5062 -7.0883 1.4464 1.5163 -7.2880 0.0649 0.2000 0.4314 0.3922 0.1961 17.5664 2.0000 
1130 1131 10 1.4464 1.5163 -7.2880 1.4470 1.5112 -7.4879 0.0649 0.2000 0.4314 0.3922 0.1961 17.7107 2.0000 
1131 1132 10 1.4470 1.5112 -7.4879 1.4414 1.4985 -7.6874 0.0649 0.2000 0.4314 0.3922 0.1961 17.8563 2.0000 
1132 1133 10 1.4414 1.4985 -7.6874 1.4361 1.4796 -7.8865 0.0649 0.2000 0.4314 0.3922 0.1961 18.0032 2.0000 
1133 1134 10 1.4361 1.4796 -7.8865 1.4218 1.4628 -8.0852 0.0649 0.2000 0.4314 0.3922 0.1961 18.1514 2.0000 
1134 1135 10 1.4218 1.4628 -8.0852 1.4104 1.4378 -8.2834 0.0649 0.2000 0.4314 0.3922 0.1961 18.3010 2.0000 
1135 1136 10 1.4104 1.4378 -8.2834 1.4000 1.4193 -8.4822 0.0649 0.2000 0.4314 0.3922 0.1961 18.4519 2.0000 
1136 1137 10 1.4000 1.4193 -8.4822 1.3859 1.4042 -8.6811 0.0649 0.2000 0.4314 0.3922 0.1961 18.6043 2.0000 
1137 1138 10 1.3859 1.4042 -8.6811 1.3744 1.3769 -8.8789 0.0649 0.2000 0.4314 0.3922 0.1961 18.7581 2.0000 
1138 1139 10 1.3744 1.3769 -8.8789 1.3750 1.3453 -9.0764 0.0649 0.2000 0.4314 0.3922 0.1961 18.9134 2.0000 
1139 1140 10 1.3750 1.3453 -9.0764 1.3753 1.3083 -9.2730 0.0649 0.2000 0.4314 0.3922 0.1961 19.0701 2.0000 
1140 1141 10 1.3753 1.3083 -9.2730 1.3549 1.2812 -9.4701 0.0649 0.2000 0.4314 0.3922 0.1961 19.2284 2.0000 
1141 1142 10 1.3549 1.2812 -9.4701 1.3815 1.2601 -9.6672 0.0649 0.2000 0.4314 0.3922 0.1961 19.3882 2.0000 
1142 1143 10 1.3815 1.2601 -9.6672 1.3932 1.2362 -9.8654 0.0649 0.2000 0.4314 0.3922 0.1961 19.5496 2.0000 
1143 1144 10 1.3932 1.2362 -9.8654 1.4011 1.2400 -10.0652 0.0649 0.2000 0.4314 0.3922 0.1961 19.7126 2.0000 
1144 1145 10 1.4011 1.2400 -10.0652 1.4087 1.2355 -10.2650 0.0649 0.2000 0.4314 0.3922 0.1961 19.8773 2.0000 
1145 1146 10 1.4087 1.2355 -10.2650 1.4292 1.2042 -10.4615 0.0649 0.2000 0.4314 0.3922 0.1961 20.0436 2.0000 
1146 1147 10 1.4292 1.2042 -10.4615 1.4528 1.1974 -10.6600 0.0649 0.2000 0.4314 0.3922 0.1961 20.2116 2.0000 
1147 1148 10 1.4528 1.1974 -10.6600 1.4671 1.1926 -10.8594 0.0649 0.2000 0.4314 0.3922 0.1961 20.3814 2.0000 
1148 1149 10 1.4671 1.1926 -10.8594 1.4778 1.2134 -11.0580 0.0649 0.2000 0.4314 0.3922 0.1961 20.5529 2.0000 
1149 1150 10 1.4778 1.2134 -11.0580 1.4961 1.2353 -11.2560 0.0649 0.2000 0.4314 0.3922 0.1961 20.7263 2.0000 
1150 1151 10 1.4961 1.2353 -11.2560 1.5196 1.2414 -11.4545 0.0649 0.2000 0.4314 0.3922 0.1961 20.9015 2.0000 
1151 1152 10 1.5196 1.2414 -11.4545 1.5239 1.2514 -11.6542 0.0649 0.2000 0.4314 0.3922 0.1961 21.0787 2.0000 
1152 1153 10 1.5239 1.2514 -11.6542 1.5226 1.2606 -11.8540 0.0649 0.2000 0.4314 0.3922 0.1961 21.2577 2.0000 
1153 1154 10 1.5226 1.2606 -11.8540 1.5213 1.2698 -12.0538 0.0649 0.2000 0.4314 0.3922 0.1961 21.4388 2.0000 
1154 1155 10 1.5213 1.2698 -12.0538 1.5199 1.2809 -12.2535 0.0649 0.2000 0.4314 0.3922 0.1961 21.6219 2.0000 
1155 1156 10 1.5199 1.2809 -12.2535 1.5194 1.2917 -12.4532 0.0649 0.2000 0.4314 0.3922 0.1961 21.8070 2.0000 
1156 1157 10 1.5194 1.2917 -12.4532 1.5179 1.3044 -12.6528 0.0649 0.2000 0.4314 0.3922 0.1961 21.9943 2.0000 
1157 1158 10 1.5179 1.3044 -12.6528 1.5159 1.3168 -12.8524 0.0649 0.2000 0.4314 0.3922 0.1961 22.1838 2.0000 
1158 1159 10 1.5159 1.3168 -12.8524 1.5105 1.3166 -13.0523 0.0649 0.2000 0.4314 0.3922 0.1961 22.3754 2.0000 
1159 1160 10 1.5105 1.3166 -13.0523 1.5061 1.3275 -13.2519 0.0649 0.2000 0.4314 0.3922 0.1961 22.5694 2.0000 
1160 1161 10 1.5061 1.3275 -13.2519 1.4960 1.3311 -13.4517 0.0649 0.2000 0.4314 0.3922 0.1961 22.7656 2.0000 
1161 1162 10 1.4960 1.3311 -13.4517 1.4718 1.3325 -13.6502 0.0649 0.2000 0.4314 0.3922 0.1961 22.9643 2.0000 
1162 1163 10 1.4718 1.3325 -13.6502 1.4485 1.3343 -13.8488 0.0649 0.2000 0.4314 0.3922 0.1961 23.1654 2.0000 
1163 1164 10 1.4485 1.3343 -13.8488 1.4312 1.3401 -14.0480 0.0649 0.2000 0.4314 0.3922 0.1961 23.3690 2.0000 
1164 1165 10 1.4312 1.3401 -14.0480 1.4149 1.3444 -14.2473 0.0649 0.2000 0.4314 0.3922 0.1961 23.5752 2.0000 
1165 1166 10 1.4149 1.3444 -14.2473 1.4417 1.3395 -14.4454 0.0649 0.2000 0.4314 0.3922 0.1961 23.7840 2.0000 
1166 1167 10 1.4417 1.3395 -14.4454 1.4550 1.3304 -14.6447 0.0649 0.2000 0.4314 0.3922 0.1961 23.9955 2.0000 
1167 1168 10 1.4550 1.3304 -14.6447 1.4731 1.3263 -14.8439 0.0649 0.2000 0.4314 0.3922 0.1961 24.2097 2.0000 
1168 1169 10 1.4731 1.3263 -14.8439 1.4822 1.3111 -15.0431 0.0649 0.2000 0.4314 0.3922 0.1961 24.4269 2.0000 
1169 1170 10 1.4822 1.3111 -15.0431 1.4833 1.3183 -15.2430 0.0649 0.2000 0.4314 0.3922 0.1961 24.6469 2.0000 
1170 1171 10 1.4833 1.3183 -15.2430 1.4737 1.3441 -15.4411 0.0649 0.2000 0.4314 0.3922 0.1961 24.8700 2.0000 
1171 1172 10 1.4737 1.3441 -15.4411 1.4725 1.3717 -15.6391 0.0649 0.2000 0.4314 0.3922 0.1961 25.0961 2.0000 
1172 1173 10 1.4725 1.3717 -15.6391 1.4690 1.4022 -15.8368 0.0649 0.2000 0.4314 0.3922 0.1961 25.3254 2.0000 
1173 1174 10 1.4690 1.4022 -15.8368 1.4632 1.4268 -16.0352 0.0649 0.2000 0.4314 0.3922 0.1961 25.5580 2.0000 
1174 1175 10 1.4632 1.4268 -16.0352 1.4546 1.4420 -16.2344 0.0649 0.2000 0.4314 0.3922 0.1961 25.7939 2.0000 
1175 1176 10 1.4546 1.4420 -16.2344 1.4445 1.4575 -16.4336 0.0649 0.2000 0.4314 0.3922 0.1961 26.0332 2.0000 
1176 1177 10 1.4445 1.4575 -16.4336 1.4332 1.4496 -16.6331 0.0649 0.2000 0.4314 0.3922 0.1961 26.2762 2.0000 
1177 1178 10 1.4332 1.4496 -16.6331 1.4247 1.4418 -16.8327 0.0649 0.2000 0.4314 0.3922 0.1961 26.5228 2.0000 
1178 1179 10 1.4247 1.4418 -16.8327 1.4195 1.4350 -17.0326 0.0649 0.2000 0.4314 0.3922 0.1961 26.7732 2.0000 
1179 1180 10 1.4195 1.4350 -17.0326 1.4146 1.4287 -17.2324 0.0649 0.2000 0.4314 0.3922 0.1961 27.0274 2.0000 
1180 1181 10 1.4146 1.4287 -17.2324 1.4077 1.4221 -17.4322 0.0649 0.2000 0.4314 0.3922 0.1961 27.2857 2.0000 
1181 1182 10 1.4077 1.4221 -17.4322 1.3888 1.4102 -17.6309 0.0649 0.2000 0.4314 0.3922 0.1961 27.5481 2.0000 
1182 1183 10 1.3888 1.4102 -17.6309 1.3968 1.4118 -17.8308 0.0649 0.2000 0.4314 0.3922 0.1961 27.8148 2.0000 
1183 1184 10 1.3968 1.4118 -17.8308 1.4101 1.4084 -18.0303 0.0649 0.2000 0.4314 0.3922 0.1961 28.0860 2.0000 
1184 1185 10 1.4101 1.4084 -18.0303 1.4172 1.3858 -18.2289 0.0649 0.2000 0.4314 0.3922 0.1961 28.3617 2.0000 
1185 1186 10 1.4172 1.3858 -18.2289 1.4186 1.4021 -18.4282 0.0649 0.2000 0.4314 0.3922 0.1961 28.6421 2.0000 
1186 1187 10 1.4186 1.4021 -18.4282 1.4198 1.4181 -18.6276 0.0649 0.2000 0.4314 0.3922 0.1961 28.9275 2.0000 
1187 1188 10 1.4198 1.4181 -18.6276 1.4204 1.4311 -18.8272 0.0649 0.2000 0.4314 0.3922 0.1961 29.2179 2.0000 
1188 1189 10 1.4204 1.4311 -18.8272 1.4194 1.4359 -19.0271 0.0649 0.2000 0.4314 0.3922 0.1961 29.5135 2.0000 
1189 1190 10 1.4194 1.4359 -19.0271 1.4182 1.4403 -19.2270 0.0649 0.2000 0.4314 0.3922 0.1961 29.8146 2.0000 
1190 1191 10 1.4182 1.4403 -19.2270 1.4160 1.4424 -19.3483 0.0649 0.1213 0.4314 0.3922 0.1961 30.0000 2.0000 
16 1192 11 0.0139 -0.0550 -2.0942 -0.1653 -0.0725 -2.1813 0.0485 0.2000 0.4314 0.3922 0.1961 14.0008 2.0000 
1192 1193 11 -0.1653 -0.0725 -2.1813 -0.3444 -0.0812 -2.2698 0.0485 0.2000 0.4314 0.3922 0.1961 14.0819 2.0000 
1193 1194 11 -0.3444 -0.0812 -2.2698 -0.4788 -0.1102 -2.4150 0.0485 0.2000 0.4314 0.3922 0.1961 14.1635 2.0000 
1194 1195 11 -0.4788 -0.1102 -2.4150 -0.5724 -0.1493 -2.5874 0.0485 0.2000 0.4314 0.3922 0.1961 14.2457 2.0000 
1195 1196 11 -0.5724 -0.1493 -2.5874 -0.6667 -0.1889 -2.7593 0.0485 0.2000 0.4314 0.3922 0.1961 14.3285 2.0000 
1196 1197 11 -0.6667 -0.1889 -2.7593 -0.7337 -0.2504 -2.9374 0.0485 0.2000 0.4314 0.3922 0.1961 14.4119 2.0000 
1197 1198 11 -0.7337 -0.2504 -2.9374 -0.8102 -0.2559 -3.1221 0.0485 0.2000 0.4314 0.3922 0.1961 14.4959 2.0000 
1198 1199 11 -0.8102 -0.2559 -3.1221 -0.8685 -0.2856 -3.3111 0.0485 0.2000 0.4314 0.3922 0.1961 14.5806 2.0000 
1199 1200 11 -0.8685 -0.2856 -3.3111 -0.9071 -0.2770 -3.5071 0.0485 0.2000 0.4314 0.3922 0.1961 14.6658 2.0000 
1200 1201 11 -0.9071 -0.2770 -3.5071 -0.9444 -0.2590 -3.7028 0.0485 0.2000 0.4314 0.3922 0.1961 14.7518 2.0000 
1201 1202 11 -0.9444 -0.2590 -3.7028 -0.9809 -0.2409 -3.8986 0.0485 0.2000 0.4314 0.3922 0.1961 14.8383 2.0000 
1202 1203 11 -0.9809 -0.2409 -3.8986 -1.0041 -0.2302 -4.0970 0.0485 0.2000 0.4314 0.3922 0.1961 14.9256 2.0000 
1203 1204 11 -1.0041 -0.2302 -4.0970 -1.0235 -0.2244 -4.2960 0.0485 0.2000 0.4314 0.3922 0.1961 15.0135 2.0000 
1204 1205 11 -1.0235 -0.2244 -4.2960 -1.0179 -0.2373 -4.4955 0.0485 0.2000 0.4314 0.3922 0.1961 15.1021 2.0000 
1205 1206 11 -1.0179 -0.2373 -4.4955 -1.0161 -0.2559 -4.6946 0.0485 0.2000 0.4314 0.3922 0.1961 15.1913 2.0000 
1206 1207 11 -1.0161 -0.2559 -4.6946 -1.0222 -0.2790 -4.8932 0.0485 0.2000 0.4314 0.3922 0.1961 15.2813 2.0000 
1207 1208 11 -1.0222 -0.2790 -4.8932 -1.0132 -0.2820 -5.0929 0.0485 0.2000 0.4314 0.3922 0.1961 15.3720 2.0000 
1208 1209 11 -1.0132 -0.2820 -5.0929 -1.0009 -0.2849 -5.2925 0.0485 0.2000 0.4314 0.3922 0.1961 15.4634 2.0000 
1209 1210 11 -1.0009 -0.2849 -5.2925 -0.9826 -0.2924 -5.4915 0.0485 0.2000 0.4314 0.3922 0.1961 15.5556 2.0000 
1210 1211 11 -0.9826 -0.2924 -5.4915 -0.9613 -0.2960 -5.6904 0.0485 0.2000 0.4314 0.3922 0.1961 15.6485 2.0000 
1211 1212 11 -0.9613 -0.2960 -5.6904 -0.9320 -0.2939 -5.8882 0.0485 0.2000 0.4314 0.3922 0.1961 15.7422 2.0000 
1212 1213 11 -0.9320 -0.2939 -5.8882 -0.9030 -0.2835 -6.0858 0.0485 0.2000 0.4314 0.3922 0.1961 15.8366 2.0000 
1213 1214 11 -0.9030 -0.2835 -6.0858 -0.8948 -0.2661 -6.2849 0.0485 0.2000 0.4314 0.3922 0.1961 15.9319 2.0000 
1214 1215 11 -0.8948 -0.2661 -6.2849 -0.8867 -0.2625 -6.4847 0.0485 0.2000 0.4314 0.3922 0.1961 16.0279 2.0000 
1215 1216 11 -0.8867 -0.2625 -6.4847 -0.8789 -0.2457 -6.6838 0.0485 0.2000 0.4314 0.3922 0.1961 16.1248 2.0000 
1216 1217 11 -0.8789 -0.2457 -6.6838 -0.8790 -0.2460 -6.8838 0.0485 0.2000 0.4314 0.3922 0.1961 16.2225 2.0000 
1217 1218 11 -0.8790 -0.2460 -6.8838 -0.8829 -0.2467 -7.0838 0.0485 0.2000 0.4314 0.3922 0.1961 16.3210 2.0000 
1218 1219 11 -0.8829 -0.2467 -7.0838 -0.8882 -0.2524 -7.2836 0.0485 0.2000 0.4314 0.3922 0.1961 16.4204 2.0000 
1219 1220 11 -0.8882 -0.2524 -7.2836 -0.9235 -0.2912 -7.4767 0.0485 0.2000 0.4314 0.3922 0.1961 16.5206 2.0000 
1220 1221 11 -0.9235 -0.2912 -7.4767 -0.9258 -0.3236 -7.6740 0.0485 0.2000 0.4314 0.3922 0.1961 16.6218 2.0000 
1221 1222 11 -0.9258 -0.3236 -7.6740 -0.9221 -0.3519 -7.8720 0.0485 0.2000 0.4314 0.3922 0.1961 16.7238 2.0000 
1222 1223 11 -0.9221 -0.3519 -7.8720 -0.9277 -0.3617 -8.0716 0.0485 0.2000 0.4314 0.3922 0.1961 16.8268 2.0000 
1223 1224 11 -0.9277 -0.3617 -8.0716 -0.9382 -0.3726 -8.2711 0.0485 0.2000 0.4314 0.3922 0.1961 16.9307 2.0000 
1224 1225 11 -0.9382 -0.3726 -8.2711 -0.9460 -0.3846 -8.4705 0.0485 0.2000 0.4314 0.3922 0.1961 17.0356 2.0000 
1225 1226 11 -0.9460 -0.3846 -8.4705 -0.9549 -0.3858 -8.6703 0.0485 0.2000 0.4314 0.3922 0.1961 17.1414 2.0000 
1226 1227 11 -0.9549 -0.3858 -8.6703 -0.9605 -0.4010 -8.8697 0.0485 0.2000 0.4314 0.3922 0.1961 17.2482 2.0000 
1227 1228 11 -0.9605 -0.4010 -8.8697 -0.9451 -0.4255 -9.0676 0.0485 0.2000 0.4314 0.3922 0.1961 17.3560 2.0000 
1228 1229 11 -0.9451 -0.4255 -9.0676 -0.9290 -0.4499 -9.2654 0.0485 0.2000 0.4314 0.3922 0.1961 17.4649 2.0000 
1229 1230 11 -0.9290 -0.4499 -9.2654 -0.9181 -0.4491 -9.4651 0.0485 0.2000 0.4314 0.3922 0.1961 17.5748 2.0000 
1230 1231 11 -0.9181 -0.4491 -9.4651 -0.9091 -0.4442 -9.6649 0.0485 0.2000 0.4314 0.3922 0.1961 17.6858 2.0000 
1231 1232 11 -0.9091 -0.4442 -9.6649 -0.8998 -0.4364 -9.8645 0.0485 0.2000 0.4314 0.3922 0.1961 17.7979 2.0000 
1232 1233 11 -0.8998 -0.4364 -9.8645 -0.8904 -0.4276 -10.0641 0.0485 0.2000 0.4314 0.3922 0.1961 17.9110 2.0000 
1233 1234 11 -0.8904 -0.4276 -10.0641 -0.8839 -0.4207 -10.2639 0.0485 0.2000 0.4314 0.3922 0.1961 18.0254 2.0000 
1234 1235 11 -0.8839 -0.4207 -10.2639 -0.8849 -0.4099 -10.4636 0.0485 0.2000 0.4314 0.3922 0.1961 18.1408 2.0000 
1235 1236 11 -0.8849 -0.4099 -10.4636 -0.8959 -0.4242 -10.6628 0.0485 0.2000 0.4314 0.3922 0.1961 18.2575 2.0000 
1236 1237 11 -0.8959 -0.4242 -10.6628 -0.8909 -0.4289 -10.8626 0.0485 0.2000 0.4314 0.3922 0.1961 18.3753 2.0000 
1237 1238 11 -0.8909 -0.4289 -10.8626 -0.8842 -0.4402 -11.0622 0.0485 0.2000 0.4314 0.3922 0.1961 18.4944 2.0000 
1238 1239 11 -0.8842 -0.4402 -11.0622 -0.8623 -0.4370 -11.2610 0.0485 0.2000 0.4314 0.3922 0.1961 18.6148 2.0000 
1239 1240 11 -0.8623 -0.4370 -11.2610 -0.8316 -0.4503 -11.4582 0.0485 0.2000 0.4314 0.3922 0.1961 18.7364 2.0000 
1240 1241 11 -0.8316 -0.4503 -11.4582 -0.7939 -0.4471 -11.6545 0.0485 0.2000 0.4314 0.3922 0.1961 18.8593 2.0000 
1241 1242 11 -0.7939 -0.4471 -11.6545 -0.7554 -0.4299 -11.8501 0.0485 0.2000 0.4314 0.3922 0.1961 18.9836 2.0000 
1242 1243 11 -0.7554 -0.4299 -11.8501 -0.7480 -0.4030 -12.0481 0.0485 0.2000 0.4314 0.3922 0.1961 19.1092 2.0000 
1243 1244 11 -0.7480 -0.4030 -12.0481 -0.7731 -0.4025 -12.2465 0.0485 0.2000 0.4314 0.3922 0.1961 19.2362 2.0000 
1244 1245 11 -0.7731 -0.4025 -12.2465 -0.7808 -0.4063 -12.4463 0.0485 0.2000 0.4314 0.3922 0.1961 19.3647 2.0000 
1245 1246 11 -0.7808 -0.4063 -12.4463 -0.7834 -0.4292 -12.6450 0.0485 0.2000 0.4314 0.3922 0.1961 19.4946 2.0000 
1246 1247 11 -0.7834 -0.4292 -12.6450 -0.7843 -0.4058 -12.8436 0.0485 0.2000 0.4314 0.3922 0.1961 19.6261 2.0000 
1247 1248 11 -0.7843 -0.4058 -12.8436 -0.7999 -0.3885 -13.0423 0.0485 0.2000 0.4314 0.3922 0.1961 19.7590 2.0000 
1248 1249 11 -0.7999 -0.3885 -13.0423 -0.8184 -0.3816 -13.2413 0.0485 0.2000 0.4314 0.3922 0.1961 19.8935 2.0000 
1249 1250 11 -0.8184 -0.3816 -13.2413 -0.8490 -0.3727 -13.4388 0.0485 0.2000 0.4314 0.3922 0.1961 20.0297 2.0000 
1250 1251 11 -0.8490 -0.3727 -13.4388 -0.8659 -0.3617 -13.6377 0.0485 0.2000 0.4314 0.3922 0.1961 20.1674 2.0000 
1251 1252 11 -0.8659 -0.3617 -13.6377 -0.8696 -0.3647 -13.8377 0.0485 0.2000 0.4314 0.3922 0.1961 20.3069 2.0000 
1252 1253 11 -0.8696 -0.3647 -13.8377 -0.8613 -0.3787 -14.0370 0.0485 0.2000 0.4314 0.3922 0.1961 20.4480 2.0000 
1253 1254 11 -0.8613 -0.3787 -14.0370 -0.8521 -0.3934 -14.2363 0.0485 0.2000 0.4314 0.3922 0.1961 20.5910 2.0000 
1254 1255 11 -0.8521 -0.3934 -14.2363 -0.8427 -0.3968 -14.4360 0.0485 0.2000 0.4314 0.3922 0.1961 20.7357 2.0000 
1255 1256 11 -0.8427 -0.3968 -14.4360 -0.8278 -0.4019 -14.6354 0.0485 0.2000 0.4314 0.3922 0.1961 20.8824 2.0000 
1256 1257 11 -0.8278 -0.4019 -14.6354 -0.8340 -0.3852 -14.8346 0.0485 0.2000 0.4314 0.3922 0.1961 21.0309 2.0000 
1257 1258 11 -0.8340 -0.3852 -14.8346 -0.8088 -0.3632 -15.0318 0.0485 0.2000 0.4314 0.3922 0.1961 21.1814 2.0000 
1258 1259 11 -0.8088 -0.3632 -15.0318 -0.7801 -0.3363 -15.2279 0.0485 0.2000 0.4314 0.3922 0.1961 21.3338 2.0000 
1259 1260 11 -0.7801 -0.3363 -15.2279 -0.7666 -0.3183 -15.4266 0.0485 0.2000 0.4314 0.3922 0.1961 21.4884 2.0000 
1260 1261 11 -0.7666 -0.3183 -15.4266 -0.7660 -0.2762 -15.6221 0.0485 0.2000 0.4314 0.3922 0.1961 21.6451 2.0000 
1261 1262 11 -0.7660 -0.2762 -15.6221 -0.7394 -0.2575 -15.8195 0.0485 0.2000 0.4314 0.3922 0.1961 21.8039 2.0000 
1262 1263 11 -0.7394 -0.2575 -15.8195 -0.7116 -0.2415 -16.0169 0.0485 0.2000 0.4314 0.3922 0.1961 21.9650 2.0000 
1263 1264 11 -0.7116 -0.2415 -16.0169 -0.7156 -0.2109 -16.2145 0.0485 0.2000 0.4314 0.3922 0.1961 22.1284 2.0000 
1264 1265 11 -0.7156 -0.2109 -16.2145 -0.6877 -0.2114 -16.4125 0.0485 0.2000 0.4314 0.3922 0.1961 22.2942 2.0000 
1265 1266 11 -0.6877 -0.2114 -16.4125 -0.6653 -0.2046 -16.6112 0.0485 0.2000 0.4314 0.3922 0.1961 22.4624 2.0000 
1266 1267 11 -0.6653 -0.2046 -16.6112 -0.6670 -0.2167 -16.8108 0.0485 0.2000 0.4314 0.3922 0.1961 22.6332 2.0000 
1267 1268 11 -0.6670 -0.2167 -16.8108 -0.6689 -0.2136 -17.0108 0.0485 0.2000 0.4314 0.3922 0.1961 22.8065 2.0000 
1268 1269 11 -0.6689 -0.2136 -17.0108 -0.6598 -0.1976 -17.2099 0.0485 0.2000 0.4314 0.3922 0.1961 22.9825 2.0000 
1269 1270 11 -0.6598 -0.1976 -17.2099 -0.6567 -0.1885 -17.4097 0.0485 0.2000 0.4314 0.3922 0.1961 23.1612 2.0000 
1270 1271 11 -0.6567 -0.1885 -17.4097 -0.6720 -0.1774 -17.6088 0.0485 0.2000 0.4314 0.3922 0.1961 23.3428 2.0000 
1271 1272 11 -0.6720 -0.1774 -17.6088 -0.6914 -0.1719 -17.8078 0.0485 0.2000 0.4314 0.3922 0.1961 23.5274 2.0000 
1272 1273 11 -0.6914 -0.1719 -17.8078 -0.6986 -0.1712 -18.0076 0.0485 0.2000 0.4314 0.3922 0.1961 23.7150 2.0000 
1273 1274 11 -0.6986 -0.1712 -18.0076 -0.7058 -0.1705 -18.2075 0.0485 0.2000 0.4314 0.3922 0.1961 23.9057 2.0000 
1274 1275 11 -0.7058 -0.1705 -18.2075 -0.7144 -0.1730 -18.4073 0.0485 0.2000 0.4314 0.3922 0.1961 24.0996 2.0000 
1275 1276 11 -0.7144 -0.1730 -18.4073 -0.7315 -0.1606 -18.6062 0.0485 0.2000 0.4314 0.3922 0.1961 24.2969 2.0000 
1276 1277 11 -0.7315 -0.1606 -18.6062 -0.7317 -0.1402 -18.8051 0.0485 0.2000 0.4314 0.3922 0.1961 24.4977 2.0000 
1277 1278 11 -0.7317 -0.1402 -18.8051 -0.7318 -0.1141 -19.0034 0.0485 0.2000 0.4314 0.3922 0.1961 24.7020 2.0000 
1278 1279 11 -0.7318 -0.1141 -19.0034 -0.7242 -0.0961 -19.2025 0.0485 0.2000 0.4314 0.3922 0.1961 24.9101 2.0000 
1279 1280 11 -0.7242 -0.0961 -19.2025 -0.7425 -0.1005 -19.4016 0.0485 0.2000 0.4314 0.3922 0.1961 25.1220 2.0000 
1280 1281 11 -0.7425 -0.1005 -19.4016 -0.7431 -0.1153 -19.6010 0.0485 0.2000 0.4314 0.3922 0.1961 25.3380 2.0000 
1281 1282 11 -0.7431 -0.1153 -19.6010 -0.7284 -0.1078 -19.8004 0.0485 0.2000 0.4314 0.3922 0.1961 25.5581 2.0000 
1282 1283 11 -0.7284 -0.1078 -19.8004 -0.7132 -0.1003 -19.9996 0.0485 0.2000 0.4314 0.3922 0.1961 25.7826 2.0000 
1283 1284 11 -0.7132 -0.1003 -19.9996 -0.7046 -0.1021 -20.1994 0.0485 0.2000 0.4314 0.3922 0.1961 26.0115 2.0000 
1284 1285 11 -0.7046 -0.1021 -20.1994 -0.7124 -0.0998 -20.3993 0.0485 0.2000 0.4314 0.3922 0.1961 26.2452 2.0000 
1285 1286 11 -0.7124 -0.0998 -20.3993 -0.7186 -0.1178 -20.5984 0.0485 0.2000 0.4314 0.3922 0.1961 26.4837 2.0000 
1286 1287 11 -0.7186 -0.1178 -20.5984 -0.7301 -0.1239 -20.7979 0.0485 0.2000 0.4314 0.3922 0.1961 26.7273 2.0000 
1287 1288 11 -0.7301 -0.1239 -20.7979 -0.7441 -0.1019 -20.9962 0.0485 0.2000 0.4314 0.3922 0.1961 26.9762 2.0000 
1288 1289 11 -0.7441 -0.1019 -20.9962 -0.7692 -0.0745 -21.1928 0.0485 0.2000 0.4314 0.3922 0.1961 27.2307 2.0000 
1289 1290 11 -0.7692 -0.0745 -21.1928 -0.7984 -0.0983 -21.3892 0.0485 0.2000 0.4314 0.3922 0.1961 27.4910 2.0000 
1290 1291 11 -0.7984 -0.0983 -21.3892 -0.8420 -0.0891 -21.5841 0.0485 0.2000 0.4314 0.3922 0.1961 27.7573 2.0000 
1291 1292 11 -0.8420 -0.0891 -21.5841 -0.8668 -0.0679 -21.7815 0.0485 0.2000 0.4314 0.3922 0.1961 28.0300 2.0000 
1292 1293 11 -0.8668 -0.0679 -21.7815 -0.8874 -0.0588 -21.9802 0.0485 0.2000 0.4314 0.3922 0.1961 28.3094 2.0000 
1293 1294 11 -0.8874 -0.0588 -21.9802 -0.9113 -0.0458 -22.1783 0.0485 0.2000 0.4314 0.3922 0.1961 28.5958 2.0000 
1294 1295 11 -0.9113 -0.0458 -22.1783 -0.9101 -0.0426 -22.3783 0.0485 0.2000 0.4314 0.3922 0.1961 28.8896 2.0000 
1295 1296 11 -0.9101 -0.0426 -22.3783 -0.9288 -0.0464 -22.5774 0.0485 0.2000 0.4314 0.3922 0.1961 29.1911 2.0000 
1296 1297 11 -0.9288 -0.0464 -22.5774 -0.9424 -0.0649 -22.7761 0.0485 0.2000 0.4314 0.3922 0.1961 29.5008 2.0000 
1297 1298 11 -0.9424 -0.0649 -22.7761 -0.9680 -0.0494 -22.9738 0.0485 0.2000 0.4314 0.3922 0.1961 29.8191 2.0000 
1298 1299 11 -0.9680 -0.0494 -22.9738 -0.9805 -0.0346 -23.0833 0.0485 0.1112 0.4314 0.3922 0.1961 30.0000 2.0000 
18 1300 12 0.0324 -0.0468 -2.3989 -0.0697 0.1091 -2.4713 0.0576 0.2000 0.4314 0.3922 0.1961 14.3906 2.0000 
1300 1301 12 -0.0697 0.1091 -2.4713 -0.0987 0.2711 -2.5850 0.0576 0.2000 0.4314 0.3922 0.1961 14.4774 2.0000 
1301 1302 12 -0.0987 0.2711 -2.5850 -0.1271 0.4292 -2.7042 0.0576 0.2000 0.4314 0.3922 0.1961 14.5649 2.0000 
1302 1303 12 -0.1271 0.4292 -2.7042 -0.1555 0.5895 -2.8203 0.0576 0.2000 0.4314 0.3922 0.1961 14.6528 2.0000 
1303 1304 12 -0.1555 0.5895 -2.8203 -0.2022 0.7291 -2.9557 0.0576 0.2000 0.4314 0.3922 0.1961 14.7414 2.0000 
1304 1305 12 -0.2022 0.7291 -2.9557 -0.2093 0.8442 -3.1191 0.0576 0.2000 0.4314 0.3922 0.1961 14.8305 2.0000 
1305 1306 12 -0.2093 0.8442 -3.1191 -0.1940 0.9493 -3.2886 0.0576 0.2000 0.4314 0.3922 0.1961 14.9202 2.0000 
1306 1307 12 -0.1940 0.9493 -3.2886 -0.1632 1.0661 -3.4480 0.0576 0.2000 0.4314 0.3922 0.1961 15.0106 2.0000 
1307 1308 12 -0.1632 1.0661 -3.4480 -0.1123 1.1550 -3.6197 0.0576 0.2000 0.4314 0.3922 0.1961 15.1015 2.0000 
1308 1309 12 -0.1123 1.1550 -3.6197 -0.0668 1.2424 -3.7938 0.0576 0.2000 0.4314 0.3922 0.1961 15.1930 2.0000 
1309 1310 12 -0.0668 1.2424 -3.7938 -0.0233 1.3291 -3.9687 0.0576 0.2000 0.4314 0.3922 0.1961 15.2851 2.0000 
1310 1311 12 -0.0233 1.3291 -3.9687 0.0227 1.4003 -4.1499 0.0576 0.2000 0.4314 0.3922 0.1961 15.3779 2.0000 
1311 1312 12 0.0227 1.4003 -4.1499 0.0353 1.4646 -4.3388 0.0576 0.2000 0.4314 0.3922 0.1961 15.4713 2.0000 
1312 1313 12 0.0353 1.4646 -4.3388 0.0200 1.5170 -4.5312 0.0576 0.2000 0.4314 0.3922 0.1961 15.5653 2.0000 
1313 1314 12 0.0200 1.5170 -4.5312 -0.0205 1.5623 -4.7218 0.0576 0.2000 0.4314 0.3922 0.1961 15.6600 2.0000 
1314 1315 12 -0.0205 1.5623 -4.7218 -0.0596 1.6226 -4.9084 0.0576 0.2000 0.4314 0.3922 0.1961 15.7553 2.0000 
1315 1316 12 -0.0596 1.6226 -4.9084 -0.1009 1.6469 -5.1026 0.0576 0.2000 0.4314 0.3922 0.1961 15.8514 2.0000 
1316 1317 12 -0.1009 1.6469 -5.1026 -0.1263 1.6784 -5.2985 0.0576 0.2000 0.4314 0.3922 0.1961 15.9481 2.0000 
1317 1318 12 -0.1263 1.6784 -5.2985 -0.1294 1.7062 -5.4965 0.0576 0.2000 0.4314 0.3922 0.1961 16.0454 2.0000 
1318 1319 12 -0.1294 1.7062 -5.4965 -0.1341 1.7433 -5.6930 0.0576 0.2000 0.4314 0.3922 0.1961 16.1435 2.0000 
1319 1320 12 -0.1341 1.7433 -5.6930 -0.1297 1.7719 -5.8909 0.0576 0.2000 0.4314 0.3922 0.1961 16.2423 2.0000 
1320 1321 12 -0.1297 1.7719 -5.8909 -0.1207 1.8335 -6.0809 0.0576 0.2000 0.4314 0.3922 0.1961 16.3418 2.0000 
1321 1322 12 -0.1207 1.8335 -6.0809 -0.1282 1.8904 -6.2725 0.0576 0.2000 0.4314 0.3922 0.1961 16.4421 2.0000 
1322 1323 12 -0.1282 1.8904 -6.2725 -0.1441 1.9254 -6.4688 0.0576 0.2000 0.4314 0.3922 0.1961 16.5431 2.0000 
1323 1324 12 -0.1441 1.9254 -6.4688 -0.1497 1.9543 -6.6666 0.0576 0.2000 0.4314 0.3922 0.1961 16.6448 2.0000 
1324 1325 12 -0.1497 1.9543 -6.6666 -0.1622 1.9578 -6.8662 0.0576 0.2000 0.4314 0.3922 0.1961 16.7473 2.0000 
1325 1326 12 -0.1622 1.9578 -6.8662 -0.1784 1.9559 -7.0655 0.0576 0.2000 0.4314 0.3922 0.1961 16.8506 2.0000 
1326 1327 12 -0.1784 1.9559 -7.0655 -0.1859 1.9433 -7.2650 0.0576 0.2000 0.4314 0.3922 0.1961 16.9547 2.0000 
1327 1328 12 -0.1859 1.9433 -7.2650 -0.1950 1.9336 -7.4645 0.0576 0.2000 0.4314 0.3922 0.1961 17.0595 2.0000 
1328 1329 12 -0.1950 1.9336 -7.4645 -0.1974 1.9238 -7.6643 0.0576 0.2000 0.4314 0.3922 0.1961 17.1652 2.0000 
1329 1330 12 -0.1974 1.9238 -7.6643 -0.1810 1.8997 -7.8621 0.0576 0.2000 0.4314 0.3922 0.1961 17.2717 2.0000 
1330 1331 12 -0.1810 1.8997 -7.8621 -0.1864 1.8747 -8.0605 0.0576 0.2000 0.4314 0.3922 0.1961 17.3790 2.0000 
1331 1332 12 -0.1864 1.8747 -8.0605 -0.1767 1.8926 -8.2595 0.0576 0.2000 0.4314 0.3922 0.1961 17.4872 2.0000 
1332 1333 12 -0.1767 1.8926 -8.2595 -0.1899 1.8578 -8.4560 0.0576 0.2000 0.4314 0.3922 0.1961 17.5963 2.0000 
1333 1334 12 -0.1899 1.8578 -8.4560 -0.1812 1.8631 -8.6557 0.0576 0.2000 0.4314 0.3922 0.1961 17.7062 2.0000 
1334 1335 12 -0.1812 1.8631 -8.6557 -0.1714 1.8850 -8.8542 0.0576 0.2000 0.4314 0.3922 0.1961 17.8170 2.0000 
1335 1336 12 -0.1714 1.8850 -8.8542 -0.1699 1.8948 -9.0540 0.0576 0.2000 0.4314 0.3922 0.1961 17.9287 2.0000 
1336 1337 12 -0.1699 1.8948 -9.0540 -0.1750 1.9000 -9.2539 0.0576 0.2000 0.4314 0.3922 0.1961 18.0414 2.0000 
1337 1338 12 -0.1750 1.9000 -9.2539 -0.1487 1.9193 -9.4512 0.0576 0.2000 0.4314 0.3922 0.1961 18.1549 2.0000 
1338 1339 12 -0.1487 1.9193 -9.4512 -0.1327 1.9336 -9.6500 0.0576 0.2000 0.4314 0.3922 0.1961 18.2695 2.0000 
1339 1340 12 -0.1327 1.9336 -9.6500 -0.1227 1.9376 -9.8497 0.0576 0.2000 0.4314 0.3922 0.1961 18.3850 2.0000 
1340 1341 12 -0.1227 1.9376 -9.8497 -0.1221 1.9405 -10.0497 0.0576 0.2000 0.4314 0.3922 0.1961 18.5014 2.0000 
1341 1342 12 -0.1221 1.9405 -10.0497 -0.1316 1.9411 -10.2495 0.0576 0.2000 0.4314 0.3922 0.1961 18.6189 2.0000 
1342 1343 12 -0.1316 1.9411 -10.2495 -0.1403 1.9558 -10.4488 0.0576 0.2000 0.4314 0.3922 0.1961 18.7374 2.0000 
1343 1344 12 -0.1403 1.9558 -10.4488 -0.1203 1.9777 -10.6466 0.0576 0.2000 0.4314 0.3922 0.1961 18.8570 2.0000 
1344 1345 12 -0.1203 1.9777 -10.6466 -0.1099 1.9546 -10.8449 0.0576 0.2000 0.4314 0.3922 0.1961 18.9776 2.0000 
1345 1346 12 -0.1099 1.9546 -10.8449 -0.1058 1.9279 -11.0431 0.0576 0.2000 0.4314 0.3922 0.1961 19.0992 2.0000 
1346 1347 12 -0.1058 1.9279 -11.0431 -0.1132 1.8997 -11.2410 0.0576 0.2000 0.4314 0.3922 0.1961 19.2220 2.0000 
1347 1348 12 -0.1132 1.8997 -11.2410 -0.1524 1.8828 -11.4364 0.0576 0.2000 0.4314 0.3922 0.1961 19.3459 2.0000 
1348 1349 12 -0.1524 1.8828 -11.4364 -0.1835 1.8729 -11.6337 0.0576 0.2000 0.4314 0.3922 0.1961 19.4709 2.0000 
1349 1350 12 -0.1835 1.8729 -11.6337 -0.2151 1.8602 -11.8308 0.0576 0.2000 0.4314 0.3922 0.1961 19.5970 2.0000 
1350 1351 12 -0.2151 1.8602 -11.8308 -0.2107 1.8530 -12.0306 0.0576 0.2000 0.4314 0.3922 0.1961 19.7244 2.0000 
1351 1352 12 -0.2107 1.8530 -12.0306 -0.1926 1.8419 -12.2295 0.0576 0.2000 0.4314 0.3922 0.1961 19.8529 2.0000 
1352 1353 12 -0.1926 1.8419 -12.2295 -0.1620 1.8352 -12.4270 0.0576 0.2000 0.4314 0.3922 0.1961 19.9827 2.0000 
1353 1354 12 -0.1620 1.8352 -12.4270 -0.1347 1.8273 -12.6250 0.0576 0.2000 0.4314 0.3922 0.1961 20.1137 2.0000 
1354 1355 12 -0.1347 1.8273 -12.6250 -0.1076 1.8221 -12.8230 0.0576 0.2000 0.4314 0.3922 0.1961 20.2459 2.0000 
1355 1356 12 -0.1076 1.8221 -12.8230 -0.0905 1.8261 -13.0223 0.0576 0.2000 0.4314 0.3922 0.1961 20.3795 2.0000 
1356 1357 12 -0.0905 1.8261 -13.0223 -0.0987 1.8680 -13.2177 0.0576 0.2000 0.4314 0.3922 0.1961 20.5144 2.0000 
1357 1358 12 -0.0987 1.8680 -13.2177 -0.1306 1.9059 -13.4114 0.0576 0.2000 0.4314 0.3922 0.1961 20.6506 2.0000 
1358 1359 12 -0.1306 1.9059 -13.4114 -0.1573 1.9369 -13.6072 0.0576 0.2000 0.4314 0.3922 0.1961 20.7882 2.0000 
1359 1360 12 -0.1573 1.9369 -13.6072 -0.1757 1.9632 -13.8046 0.0576 0.2000 0.4314 0.3922 0.1961 20.9272 2.0000 
1360 1361 12 -0.1757 1.9632 -13.8046 -0.1685 1.9561 -14.0044 0.0576 0.2000 0.4314 0.3922 0.1961 21.0676 2.0000 
1361 1362 12 -0.1685 1.9561 -14.0044 -0.1649 1.9436 -14.2039 0.0576 0.2000 0.4314 0.3922 0.1961 21.2095 2.0000 
1362 1363 12 -0.1649 1.9436 -14.2039 -0.1609 1.9315 -14.4035 0.0576 0.2000 0.4314 0.3922 0.1961 21.3529 2.0000 
1363 1364 12 -0.1609 1.9315 -14.4035 -0.1761 1.9208 -14.6027 0.0576 0.2000 0.4314 0.3922 0.1961 21.4978 2.0000 
1364 1365 12 -0.1761 1.9208 -14.6027 -0.2024 1.9368 -14.8003 0.0576 0.2000 0.4314 0.3922 0.1961 21.6442 2.0000 
1365 1366 12 -0.2024 1.9368 -14.8003 -0.2284 1.9518 -14.9980 0.0576 0.2000 0.4314 0.3922 0.1961 21.7922 2.0000 
1366 1367 12 -0.2284 1.9518 -14.9980 -0.2560 1.9639 -15.1957 0.0576 0.2000 0.4314 0.3922 0.1961 21.9419 2.0000 
1367 1368 12 -0.2560 1.9639 -15.1957 -0.2716 1.9705 -15.3950 0.0576 0.2000 0.4314 0.3922 0.1961 22.0932 2.0000 
1368 1369 12 -0.2716 1.9705 -15.3950 -0.2618 1.9727 -15.5948 0.0576 0.2000 0.4314 0.3922 0.1961 22.2462 2.0000 
1369 1370 12 -0.2618 1.9727 -15.5948 -0.2793 1.9890 -15.7933 0.0576 0.2000 0.4314 0.3922 0.1961 22.4009 2.0000 
1370 1371 12 -0.2793 1.9890 -15.7933 -0.2733 2.0065 -15.9925 0.0576 0.2000 0.4314 0.3922 0.1961 22.5574 2.0000 
1371 1372 12 -0.2733 2.0065 -15.9925 -0.2649 2.0203 -16.1918 0.0576 0.2000 0.4314 0.3922 0.1961 22.7158 2.0000 
1372 1373 12 -0.2649 2.0203 -16.1918 -0.2617 2.0425 -16.3906 0.0576 0.2000 0.4314 0.3922 0.1961 22.8759 2.0000 
1373 1374 12 -0.2617 2.0425 -16.3906 -0.2753 2.0436 -16.5901 0.0576 0.2000 0.4314 0.3922 0.1961 23.0380 2.0000 
1374 1375 12 -0.2753 2.0436 -16.5901 -0.2755 2.0346 -16.7899 0.0576 0.2000 0.4314 0.3922 0.1961 23.2020 2.0000 
1375 1376 12 -0.2755 2.0346 -16.7899 -0.2790 2.0398 -16.9898 0.0576 0.2000 0.4314 0.3922 0.1961 23.3680 2.0000 
1376 1377 12 -0.2790 2.0398 -16.9898 -0.2870 2.0480 -17.1895 0.0576 0.2000 0.4314 0.3922 0.1961 23.5361 2.0000 
1377 1378 12 -0.2870 2.0480 -17.1895 -0.2958 2.0525 -17.3892 0.0576 0.2000 0.4314 0.3922 0.1961 23.7063 2.0000 
1378 1379 12 -0.2958 2.0525 -17.3892 -0.2988 2.0483 -17.5892 0.0576 0.2000 0.4314 0.3922 0.1961 23.8786 2.0000 
1379 1380 12 -0.2988 2.0483 -17.5892 -0.2911 2.0407 -17.7889 0.0576 0.2000 0.4314 0.3922 0.1961 24.0530 2.0000 
1380 1381 12 -0.2911 2.0407 -17.7889 -0.2834 2.0415 -17.9887 0.0576 0.2000 0.4314 0.3922 0.1961 24.2298 2.0000 
1381 1382 12 -0.2834 2.0415 -17.9887 -0.2904 2.0699 -18.1866 0.0576 0.2000 0.4314 0.3922 0.1961 24.4089 2.0000 
1382 1383 12 -0.2904 2.0699 -18.1866 -0.2958 2.0947 -18.3850 0.0576 0.2000 0.4314 0.3922 0.1961 24.5903 2.0000 
1383 1384 12 -0.2958 2.0947 -18.3850 -0.2955 2.1220 -18.5831 0.0576 0.2000 0.4314 0.3922 0.1961 24.7742 2.0000 
1384 1385 12 -0.2955 2.1220 -18.5831 -0.3185 2.1237 -18.7817 0.0576 0.2000 0.4314 0.3922 0.1961 24.9606 2.0000 
1385 1386 12 -0.3185 2.1237 -18.7817 -0.3217 2.1040 -18.9807 0.0576 0.2000 0.4314 0.3922 0.1961 25.1496 2.0000 
1386 1387 12 -0.3217 2.1040 -18.9807 -0.3367 2.1190 -19.1796 0.0576 0.2000 0.4314 0.3922 0.1961 25.3412 2.0000 
1387 1388 12 -0.3367 2.1190 -19.1796 -0.3505 2.1337 -19.3786 0.0576 0.2000 0.4314 0.3922 0.1961 25.5356 2.0000 
1388 1389 12 -0.3505 2.1337 -19.3786 -0.3606 2.1438 -19.5781 0.0576 0.2000 0.4314 0.3922 0.1961 25.7327 2.0000 
1389 1390 12 -0.3606 2.1438 -19.5781 -0.3758 2.1598 -19.7769 0.0576 0.2000 0.4314 0.3922 0.1961 25.9328 2.0000 
1390 1391 12 -0.3758 2.1598 -19.7769 -0.3907 2.1767 -19.9756 0.0576 0.2000 0.4314 0.3922 0.1961 26.1358 2.0000 
1391 1392 12 -0.3907 2.1767 -19.9756 -0.3866 2.1967 -20.1745 0.0576 0.2000 0.4314 0.3922 0.1961 26.3418 2.0000 
1392 1393 12 -0.3866 2.1967 -20.1745 -0.3981 2.1944 -20.3742 0.0576 0.2000 0.4314 0.3922 0.1961 26.5511 2.0000 
1393 1394 12 -0.3981 2.1944 -20.3742 -0.4094 2.1917 -20.5739 0.0576 0.2000 0.4314 0.3922 0.1961 26.7636 2.0000 
1394 1395 12 -0.4094 2.1917 -20.5739 -0.4129 2.1946 -20.7738 0.0576 0.2000 0.4314 0.3922 0.1961 26.9794 2.0000 
1395 1396 12 -0.4129 2.1946 -20.7738 -0.4222 2.1710 -20.9722 0.0576 0.2000 0.4314 0.3922 0.1961 27.1987 2.0000 
1396 1397 12 -0.4222 2.1710 -20.9722 -0.4326 2.1418 -21.1698 0.0576 0.2000 0.4314 0.3922 0.1961 27.4216 2.0000 
1397 1398 12 -0.4326 2.1418 -21.1698 -0.4321 2.1209 -21.3687 0.0576 0.2000 0.4314 0.3922 0.1961 27.6482 2.0000 
1398 1399 12 -0.4321 2.1209 -21.3687 -0.4243 2.1350 -21.5680 0.0576 0.2000 0.4314 0.3922 0.1961 27.8786 2.0000 
1399 1400 12 -0.4243 2.1350 -21.5680 -0.4383 2.1742 -21.7637 0.0576 0.2000 0.4314 0.3922 0.1961 28.1129 2.0000 
1400 1401 12 -0.4383 2.1742 -21.7637 -0.4623 2.2008 -21.9604 0.0576 0.2000 0.4314 0.3922 0.1961 28.3514 2.0000 
1401 1402 12 -0.4623 2.2008 -21.9604 -0.4797 2.1991 -22.1597 0.0576 0.2000 0.4314 0.3922 0.1961 28.5940 2.0000 
1402 1403 12 -0.4797 2.1991 -22.1597 -0.4816 2.1948 -22.3596 0.0576 0.2000 0.4314 0.3922 0.1961 28.8411 2.0000 
1403 1404 12 -0.4816 2.1948 -22.3596 -0.5055 2.2041 -22.5579 0.0576 0.2000 0.4314 0.3922 0.1961 29.0927 2.0000 
1404 1405 12 -0.5055 2.2041 -22.5579 -0.4919 2.1797 -22.7560 0.0576 0.2000 0.4314 0.3922 0.1961 29.3490 2.0000 
1405 1406 12 -0.4919 2.1797 -22.7560 -0.4990 2.1595 -22.9548 0.0576 0.2000 0.4314 0.3922 0.1961 29.6103 2.0000 
1406 1407 12 -0.4990 2.1595 -22.9548 -0.5112 2.1564 -23.1544 0.0576 0.2000 0.4314 0.3922 0.1961 29.8766 2.0000 
1407 1408 12 -0.5112 2.1564 -23.1544 -0.5153 2.1570 -23.2457 0.0576 0.0913 0.4314 0.3922 0.1961 30.0000 2.0000 
20 1409 13 0.0327 -0.0552 -2.6408 0.0283 -0.2331 -2.7320 0.0602 0.2000 0.4314 0.3922 0.1961 14.7307 2.0000 
1409 1410 13 0.0283 -0.2331 -2.7320 0.0220 -0.4119 -2.8215 0.0602 0.2000 0.4314 0.3922 0.1961 14.8511 2.0000 
1410 1411 13 0.0220 -0.4119 -2.8215 0.0605 -0.5769 -2.9277 0.0602 0.2000 0.4314 0.3922 0.1961 14.9723 2.0000 
1411 1412 13 0.0605 -0.5769 -2.9277 0.0951 -0.7428 -3.0340 0.0602 0.2000 0.4314 0.3922 0.1961 15.0943 2.0000 
1412 1413 13 0.0951 -0.7428 -3.0340 0.1401 -0.8889 -3.1629 0.0602 0.2000 0.4314 0.3922 0.1961 15.2171 2.0000 
1413 1414 13 0.1401 -0.8889 -3.1629 0.1820 -1.0256 -3.3028 0.0602 0.2000 0.4314 0.3922 0.1961 15.3407 2.0000 
1414 1415 13 0.1820 -1.0256 -3.3028 0.1899 -1.1540 -3.4559 0.0602 0.2000 0.4314 0.3922 0.1961 15.4650 2.0000 
1415 1416 13 0.1899 -1.1540 -3.4559 0.2055 -1.2677 -3.6197 0.0602 0.2000 0.4314 0.3922 0.1961 15.5902 2.0000 
1416 1417 13 0.2055 -1.2677 -3.6197 0.2223 -1.3671 -3.7924 0.0602 0.2000 0.4314 0.3922 0.1961 15.7163 2.0000 
1417 1418 13 0.2223 -1.3671 -3.7924 0.2466 -1.4465 -3.9744 0.0602 0.2000 0.4314 0.3922 0.1961 15.8431 2.0000 
1418 1419 13 0.2466 -1.4465 -3.9744 0.2751 -1.5128 -4.1609 0.0602 0.2000 0.4314 0.3922 0.1961 15.9709 2.0000 
1419 1420 13 0.2751 -1.5128 -4.1609 0.3022 -1.5641 -4.3523 0.0602 0.2000 0.4314 0.3922 0.1961 16.0995 2.0000 
1420 1421 13 0.3022 -1.5641 -4.3523 0.3359 -1.5953 -4.5469 0.0602 0.2000 0.4314 0.3922 0.1961 16.2289 2.0000 
1421 1422 13 0.3359 -1.5953 -4.5469 0.3703 -1.6229 -4.7420 0.0602 0.2000 0.4314 0.3922 0.1961 16.3593 2.0000 
1422 1423 13 0.3703 -1.6229 -4.7420 0.4198 -1.6261 -4.9358 0.0602 0.2000 0.4314 0.3922 0.1961 16.4905 2.0000 
1423 1424 13 0.4198 -1.6261 -4.9358 0.4645 -1.5999 -5.1289 0.0602 0.2000 0.4314 0.3922 0.1961 16.6227 2.0000 
1424 1425 13 0.4645 -1.5999 -5.1289 0.4751 -1.5817 -5.3278 0.0602 0.2000 0.4314 0.3922 0.1961 16.7558 2.0000 
1425 1426 13 0.4751 -1.5817 -5.3278 0.4848 -1.5589 -5.5263 0.0602 0.2000 0.4314 0.3922 0.1961 16.8898 2.0000 
1426 1427 13 0.4848 -1.5589 -5.5263 0.4891 -1.5313 -5.7243 0.0602 0.2000 0.4314 0.3922 0.1961 17.0248 2.0000 
1427 1428 13 0.4891 -1.5313 -5.7243 0.4875 -1.5005 -5.9219 0.0602 0.2000 0.4314 0.3922 0.1961 17.1607 2.0000 
1428 1429 13 0.4875 -1.5005 -5.9219 0.4819 -1.4755 -6.1203 0.0602 0.2000 0.4314 0.3922 0.1961 17.2976 2.0000 
1429 1430 13 0.4819 -1.4755 -6.1203 0.4697 -1.4465 -6.3178 0.0602 0.2000 0.4314 0.3922 0.1961 17.4356 2.0000 
1430 1431 13 0.4697 -1.4465 -6.3178 0.4314 -1.4135 -6.5113 0.0602 0.2000 0.4314 0.3922 0.1961 17.5745 2.0000 
1431 1432 13 0.4314 -1.4135 -6.5113 0.3966 -1.3905 -6.7069 0.0602 0.2000 0.4314 0.3922 0.1961 17.7144 2.0000 
1432 1433 13 0.3966 -1.3905 -6.7069 0.3704 -1.3728 -6.9044 0.0602 0.2000 0.4314 0.3922 0.1961 17.8554 2.0000 
1433 1434 13 0.3704 -1.3728 -6.9044 0.3650 -1.3527 -7.1033 0.0602 0.2000 0.4314 0.3922 0.1961 17.9975 2.0000 
1434 1435 13 0.3650 -1.3527 -7.1033 0.3451 -1.3481 -7.3022 0.0602 0.2000 0.4314 0.3922 0.1961 18.1406 2.0000 
1435 1436 13 0.3451 -1.3481 -7.3022 0.3291 -1.3425 -7.5015 0.0602 0.2000 0.4314 0.3922 0.1961 18.2848 2.0000 
1436 1437 13 0.3291 -1.3425 -7.5015 0.3269 -1.3418 -7.7015 0.0602 0.2000 0.4314 0.3922 0.1961 18.4301 2.0000 
1437 1438 13 0.3269 -1.3418 -7.7015 0.3156 -1.3403 -7.9012 0.0602 0.2000 0.4314 0.3922 0.1961 18.5765 2.0000 
1438 1439 13 0.3156 -1.3403 -7.9012 0.3068 -1.3405 -8.1010 0.0602 0.2000 0.4314 0.3922 0.1961 18.7240 2.0000 
1439 1440 13 0.3068 -1.3405 -8.1010 0.2978 -1.3410 -8.3008 0.0602 0.2000 0.4314 0.3922 0.1961 18.8728 2.0000 
1440 1441 13 0.2978 -1.3410 -8.3008 0.2726 -1.3646 -8.4978 0.0602 0.2000 0.4314 0.3922 0.1961 19.0226 2.0000 
1441 1442 13 0.2726 -1.3646 -8.4978 0.2647 -1.3844 -8.6967 0.0602 0.2000 0.4314 0.3922 0.1961 19.1737 2.0000 
1442 1443 13 0.2647 -1.3844 -8.6967 0.2743 -1.3853 -8.8964 0.0602 0.2000 0.4314 0.3922 0.1961 19.3260 2.0000 
1443 1444 13 0.2743 -1.3853 -8.8964 0.2860 -1.3811 -9.0960 0.0602 0.2000 0.4314 0.3922 0.1961 19.4795 2.0000 
1444 1445 13 0.2860 -1.3811 -9.0960 0.2904 -1.3840 -9.2960 0.0602 0.2000 0.4314 0.3922 0.1961 19.6343 2.0000 
1445 1446 13 0.2904 -1.3840 -9.2960 0.2948 -1.3859 -9.4959 0.0602 0.2000 0.4314 0.3922 0.1961 19.7903 2.0000 
1446 1447 13 0.2948 -1.3859 -9.4959 0.2861 -1.4022 -9.6951 0.0602 0.2000 0.4314 0.3922 0.1961 19.9476 2.0000 
1447 1448 13 0.2861 -1.4022 -9.6951 0.3035 -1.4037 -9.8943 0.0602 0.2000 0.4314 0.3922 0.1961 20.1063 2.0000 
1448 1449 13 0.3035 -1.4037 -9.8943 0.3145 -1.4259 -10.0927 0.0602 0.2000 0.4314 0.3922 0.1961 20.2662 2.0000 
1449 1450 13 0.3145 -1.4259 -10.0927 0.3282 -1.4463 -10.2912 0.0602 0.2000 0.4314 0.3922 0.1961 20.4276 2.0000 
1450 1451 13 0.3282 -1.4463 -10.2912 0.3369 -1.4756 -10.4889 0.0602 0.2000 0.4314 0.3922 0.1961 20.5903 2.0000 
1451 1452 13 0.3369 -1.4756 -10.4889 0.3465 -1.5062 -10.6863 0.0602 0.2000 0.4314 0.3922 0.1961 20.7544 2.0000 
1452 1453 13 0.3465 -1.5062 -10.6863 0.3464 -1.5364 -10.8840 0.0602 0.2000 0.4314 0.3922 0.1961 20.9199 2.0000 
1453 1454 13 0.3464 -1.5364 -10.8840 0.3431 -1.5312 -11.0839 0.0602 0.2000 0.4314 0.3922 0.1961 21.0870 2.0000 
1454 1455 13 0.3431 -1.5312 -11.0839 0.3188 -1.5449 -11.2819 0.0602 0.2000 0.4314 0.3922 0.1961 21.2554 2.0000 
1455 1456 13 0.3188 -1.5449 -11.2819 0.2993 -1.5471 -11.4810 0.0602 0.2000 0.4314 0.3922 0.1961 21.4254 2.0000 
1456 1457 13 0.2993 -1.5471 -11.4810 0.2877 -1.5512 -11.6806 0.0602 0.2000 0.4314 0.3922 0.1961 21.5969 2.0000 
1457 1458 13 0.2877 -1.5512 -11.6806 0.2783 -1.5554 -11.8803 0.0602 0.2000 0.4314 0.3922 0.1961 21.7700 2.0000 
1458 1459 13 0.2783 -1.5554 -11.8803 0.2434 -1.5701 -12.0767 0.0602 0.2000 0.4314 0.3922 0.1961 21.9447 2.0000 
1459 1460 13 0.2434 -1.5701 -12.0767 0.2164 -1.5993 -12.2727 0.0602 0.2000 0.4314 0.3922 0.1961 22.1210 2.0000 
1460 1461 13 0.2164 -1.5993 -12.2727 0.2174 -1.6253 -12.4710 0.0602 0.2000 0.4314 0.3922 0.1961 22.2990 2.0000 
1461 1462 13 0.2174 -1.6253 -12.4710 0.2064 -1.6512 -12.6690 0.0602 0.2000 0.4314 0.3922 0.1961 22.4786 2.0000 
1462 1463 13 0.2064 -1.6512 -12.6690 0.1934 -1.6851 -12.8657 0.0602 0.2000 0.4314 0.3922 0.1961 22.6599 2.0000 
1463 1464 13 0.1934 -1.6851 -12.8657 0.1822 -1.7200 -13.0623 0.0602 0.2000 0.4314 0.3922 0.1961 22.8430 2.0000 
1464 1465 13 0.1822 -1.7200 -13.0623 0.1728 -1.7504 -13.2598 0.0602 0.2000 0.4314 0.3922 0.1961 23.0279 2.0000 
1465 1466 13 0.1728 -1.7504 -13.2598 0.1668 -1.7931 -13.4551 0.0602 0.2000 0.4314 0.3922 0.1961 23.2146 2.0000 
1466 1467 13 0.1668 -1.7931 -13.4551 0.1617 -1.8341 -13.6508 0.0602 0.2000 0.4314 0.3922 0.1961 23.4031 2.0000 
1467 1468 13 0.1617 -1.8341 -13.6508 0.1548 -1.8645 -13.8483 0.0602 0.2000 0.4314 0.3922 0.1961 23.5935 2.0000 
1468 1469 13 0.1548 -1.8645 -13.8483 0.1518 -1.8774 -14.0479 0.0602 0.2000 0.4314 0.3922 0.1961 23.7859 2.0000 
1469 1470 13 0.1518 -1.8774 -14.0479 0.1743 -1.8749 -14.2466 0.0602 0.2000 0.4314 0.3922 0.1961 23.9802 2.0000 
1470 1471 13 0.1743 -1.8749 -14.2466 0.1819 -1.8577 -14.4457 0.0602 0.2000 0.4314 0.3922 0.1961 24.1765 2.0000 
1471 1472 13 0.1819 -1.8577 -14.4457 0.1905 -1.8408 -14.6448 0.0602 0.2000 0.4314 0.3922 0.1961 24.3749 2.0000 
1472 1473 13 0.1905 -1.8408 -14.6448 0.1833 -1.8129 -14.8427 0.0602 0.2000 0.4314 0.3922 0.1961 24.5754 2.0000 
1473 1474 13 0.1833 -1.8129 -14.8427 0.1649 -1.7977 -15.0413 0.0602 0.2000 0.4314 0.3922 0.1961 24.7780 2.0000 
1474 1475 13 0.1649 -1.7977 -15.0413 0.1638 -1.8116 -15.2408 0.0602 0.2000 0.4314 0.3922 0.1961 24.9828 2.0000 
1475 1476 13 0.1638 -1.8116 -15.2408 0.1444 -1.8101 -15.4399 0.0602 0.2000 0.4314 0.3922 0.1961 25.1898 2.0000 
1476 1477 13 0.1444 -1.8101 -15.4399 0.1250 -1.8100 -15.6389 0.0602 0.2000 0.4314 0.3922 0.1961 25.3991 2.0000 
1477 1478 13 0.1250 -1.8100 -15.6389 0.1014 -1.8141 -15.8375 0.0602 0.2000 0.4314 0.3922 0.1961 25.6107 2.0000 
1478 1479 13 0.1014 -1.8141 -15.8375 0.0926 -1.8453 -16.0348 0.0602 0.2000 0.4314 0.3922 0.1961 25.8247 2.0000 
1479 1480 13 0.0926 -1.8453 -16.0348 0.0832 -1.8767 -16.2321 0.0602 0.2000 0.4314 0.3922 0.1961 26.0412 2.0000 
1480 1481 13 0.0832 -1.8767 -16.2321 0.0715 -1.9061 -16.4296 0.0602 0.2000 0.4314 0.3922 0.1961 26.2601 2.0000 
1481 1482 13 0.0715 -1.9061 -16.4296 0.0514 -1.9444 -16.6249 0.0602 0.2000 0.4314 0.3922 0.1961 26.4816 2.0000 
1482 1483 13 0.0514 -1.9444 -16.6249 0.0328 -1.9930 -16.8180 0.0602 0.2000 0.4314 0.3922 0.1961 26.7057 2.0000 
1483 1484 13 0.0328 -1.9930 -16.8180 0.0227 -2.0311 -17.0141 0.0602 0.2000 0.4314 0.3922 0.1961 26.9325 2.0000 
1484 1485 13 0.0227 -2.0311 -17.0141 0.0019 -2.0512 -17.2120 0.0602 0.2000 0.4314 0.3922 0.1961 27.1620 2.0000 
1485 1486 13 0.0019 -2.0512 -17.2120 -0.0177 -2.0812 -17.4087 0.0602 0.2000 0.4314 0.3922 0.1961 27.3944 2.0000 
1486 1487 13 -0.0177 -2.0812 -17.4087 -0.0290 -2.0777 -17.6084 0.0602 0.2000 0.4314 0.3922 0.1961 27.6296 2.0000 
1487 1488 13 -0.0290 -2.0777 -17.6084 -0.0411 -2.0861 -17.8079 0.0602 0.2000 0.4314 0.3922 0.1961 27.8677 2.0000 
1488 1489 13 -0.0411 -2.0861 -17.8079 -0.0449 -2.0780 -18.0077 0.0602 0.2000 0.4314 0.3922 0.1961 28.1089 2.0000 
1489 1490 13 -0.0449 -2.0780 -18.0077 -0.0261 -2.0401 -18.2031 0.0602 0.2000 0.4314 0.3922 0.1961 28.3532 2.0000 
1490 1491 13 -0.0261 -2.0401 -18.2031 -0.0023 -2.0040 -18.3984 0.0602 0.2000 0.4314 0.3922 0.1961 28.6006 2.0000 
1491 1492 13 -0.0023 -2.0040 -18.3984 0.0121 -2.0109 -18.5978 0.0602 0.2000 0.4314 0.3922 0.1961 28.8513 2.0000 
1492 1493 13 0.0121 -2.0109 -18.5978 0.0162 -2.0116 -18.7977 0.0602 0.2000 0.4314 0.3922 0.1961 29.1054 2.0000 
1493 1494 13 0.0162 -2.0116 -18.7977 0.0038 -1.9967 -18.9968 0.0602 0.2000 0.4314 0.3922 0.1961 29.3629 2.0000 
1494 1495 13 0.0038 -1.9967 -18.9968 -0.0019 -1.9900 -19.1966 0.0602 0.2000 0.4314 0.3922 0.1961 29.6239 2.0000 
1495 1496 13 -0.0019 -1.9900 -19.1966 0.0093 -1.9833 -19.3962 0.0602 0.2000 0.4314 0.3922 0.1961 29.8886 2.0000 
1496 1497 13 0.0093 -1.9833 -19.3962 0.0139 -1.9767 -19.4791 0.0602 0.0833 0.4314 0.3922 0.1961 30.0000 2.0000 
21 1498 14 0.0322 -0.0544 -2.7420 0.1196 0.0821 -2.8591 0.0672 0.2000 0.4314 0.3922 0.1961 14.7909 2.0000 
1498 1499 14 0.1196 0.0821 -2.8591 0.1924 0.2054 -2.9988 0.0672 0.2000 0.4314 0.3922 0.1961 14.8424 2.0000 
1499 1500 14 0.1924 0.2054 -2.9988 0.2646 0.3251 -3.1418 0.0672 0.2000 0.4314 0.3922 0.1961 14.8943 2.0000 
1500 1501 14 0.2646 0.3251 -3.1418 0.3363 0.4429 -3.2867 0.0672 0.2000 0.4314 0.3922 0.1961 14.9467 2.0000 
1501 1502 14 0.3363 0.4429 -3.2867 0.4012 0.5563 -3.4381 0.0672 0.2000 0.4314 0.3922 0.1961 14.9995 2.0000 
1502 1503 14 0.4012 0.5563 -3.4381 0.4644 0.6314 -3.6123 0.0672 0.2000 0.4314 0.3922 0.1961 15.0527 2.0000 
1503 1504 14 0.4644 0.6314 -3.6123 0.5284 0.7054 -3.7868 0.0672 0.2000 0.4314 0.3922 0.1961 15.1063 2.0000 
1504 1505 14 0.5284 0.7054 -3.7868 0.5889 0.7620 -3.9688 0.0672 0.2000 0.4314 0.3922 0.1961 15.1604 2.0000 
1505 1506 14 0.5889 0.7620 -3.9688 0.5949 0.8118 -4.1624 0.0672 0.2000 0.4314 0.3922 0.1961 15.2150 2.0000 
1506 1507 14 0.5949 0.8118 -4.1624 0.6199 0.8435 -4.3583 0.0672 0.2000 0.4314 0.3922 0.1961 15.2700 2.0000 
1507 1508 14 0.6199 0.8435 -4.3583 0.6424 0.8732 -4.5548 0.0672 0.2000 0.4314 0.3922 0.1961 15.3255 2.0000 
1508 1509 14 0.6424 0.8732 -4.5548 0.6515 0.8907 -4.7538 0.0672 0.2000 0.4314 0.3922 0.1961 15.3815 2.0000 
1509 1510 14 0.6515 0.8907 -4.7538 0.6850 0.8720 -4.9501 0.0672 0.2000 0.4314 0.3922 0.1961 15.4380 2.0000 
1510 1511 14 0.6850 0.8720 -4.9501 0.7079 0.8499 -5.1475 0.0672 0.2000 0.4314 0.3922 0.1961 15.4949 2.0000 
1511 1512 14 0.7079 0.8499 -5.1475 0.7081 0.8175 -5.3449 0.0672 0.2000 0.4314 0.3922 0.1961 15.5524 2.0000 
1512 1513 14 0.7081 0.8175 -5.3449 0.6943 0.7916 -5.5427 0.0672 0.2000 0.4314 0.3922 0.1961 15.6104 2.0000 
1513 1514 14 0.6943 0.7916 -5.5427 0.7019 0.7801 -5.7423 0.0672 0.2000 0.4314 0.3922 0.1961 15.6689 2.0000 
1514 1515 14 0.7019 0.7801 -5.7423 0.7008 0.7668 -5.9418 0.0672 0.2000 0.4314 0.3922 0.1961 15.7280 2.0000 
1515 1516 14 0.7008 0.7668 -5.9418 0.6985 0.7513 -6.1412 0.0672 0.2000 0.4314 0.3922 0.1961 15.7876 2.0000 
1516 1517 14 0.6985 0.7513 -6.1412 0.7002 0.7368 -6.3407 0.0672 0.2000 0.4314 0.3922 0.1961 15.8477 2.0000 
1517 1518 14 0.7002 0.7368 -6.3407 0.6912 0.7369 -6.5405 0.0672 0.2000 0.4314 0.3922 0.1961 15.9085 2.0000 
1518 1519 14 0.6912 0.7369 -6.5405 0.6833 0.7528 -6.7397 0.0672 0.2000 0.4314 0.3922 0.1961 15.9698 2.0000 
1519 1520 14 0.6833 0.7528 -6.7397 0.6758 0.7660 -6.9391 0.0672 0.2000 0.4314 0.3922 0.1961 16.0317 2.0000 
1520 1521 14 0.6758 0.7660 -6.9391 0.6909 0.7454 -7.1375 0.0672 0.2000 0.4314 0.3922 0.1961 16.0942 2.0000 
1521 1522 14 0.6909 0.7454 -7.1375 0.6988 0.7349 -7.3370 0.0672 0.2000 0.4314 0.3922 0.1961 16.1573 2.0000 
1522 1523 14 0.6988 0.7349 -7.3370 0.6887 0.7393 -7.5367 0.0672 0.2000 0.4314 0.3922 0.1961 16.2210 2.0000 
1523 1524 14 0.6887 0.7393 -7.5367 0.6580 0.7421 -7.7343 0.0672 0.2000 0.4314 0.3922 0.1961 16.2853 2.0000 
1524 1525 14 0.6580 0.7421 -7.7343 0.6352 0.7478 -7.9330 0.0672 0.2000 0.4314 0.3922 0.1961 16.3503 2.0000 
1525 1526 14 0.6352 0.7478 -7.9330 0.6405 0.7534 -8.1328 0.0672 0.2000 0.4314 0.3922 0.1961 16.4160 2.0000 
1526 1527 14 0.6405 0.7534 -8.1328 0.6346 0.7516 -8.3327 0.0672 0.2000 0.4314 0.3922 0.1961 16.4824 2.0000 
1527 1528 14 0.6346 0.7516 -8.3327 0.6298 0.7455 -8.5326 0.0672 0.2000 0.4314 0.3922 0.1961 16.5494 2.0000 
1528 1529 14 0.6298 0.7455 -8.5326 0.6442 0.7526 -8.7319 0.0672 0.2000 0.4314 0.3922 0.1961 16.6171 2.0000 
1529 1530 14 0.6442 0.7526 -8.7319 0.6493 0.7488 -8.9318 0.0672 0.2000 0.4314 0.3922 0.1961 16.6856 2.0000 
1530 1531 14 0.6493 0.7488 -8.9318 0.6562 0.7463 -9.1317 0.0672 0.2000 0.4314 0.3922 0.1961 16.7548 2.0000 
1531 1532 14 0.6562 0.7463 -9.1317 0.6513 0.7457 -9.3316 0.0672 0.2000 0.4314 0.3922 0.1961 16.8247 2.0000 
1532 1533 14 0.6513 0.7457 -9.3316 0.6624 0.7537 -9.5312 0.0672 0.2000 0.4314 0.3922 0.1961 16.8954 2.0000 
1533 1534 14 0.6624 0.7537 -9.5312 0.6590 0.7688 -9.7306 0.0672 0.2000 0.4314 0.3922 0.1961 16.9669 2.0000 
1534 1535 14 0.6590 0.7688 -9.7306 0.6627 0.7782 -9.9303 0.0672 0.2000 0.4314 0.3922 0.1961 17.0392 2.0000 
1535 1536 14 0.6627 0.7782 -9.9303 0.6596 0.7680 -10.1300 0.0672 0.2000 0.4314 0.3922 0.1961 17.1123 2.0000 
1536 1537 14 0.6596 0.7680 -10.1300 0.6700 0.7580 -10.3295 0.0672 0.2000 0.4314 0.3922 0.1961 17.1863 2.0000 
1537 1538 14 0.6700 0.7580 -10.3295 0.6769 0.7512 -10.5293 0.0672 0.2000 0.4314 0.3922 0.1961 17.2611 2.0000 
1538 1539 14 0.6769 0.7512 -10.5293 0.6831 0.7419 -10.7289 0.0672 0.2000 0.4314 0.3922 0.1961 17.3368 2.0000 
1539 1540 14 0.6831 0.7419 -10.7289 0.6811 0.7417 -10.9289 0.0672 0.2000 0.4314 0.3922 0.1961 17.4134 2.0000 
1540 1541 14 0.6811 0.7417 -10.9289 0.6791 0.7412 -11.1289 0.0672 0.2000 0.4314 0.3922 0.1961 17.4909 2.0000 
1541 1542 14 0.6791 0.7412 -11.1289 0.6772 0.7385 -11.3289 0.0672 0.2000 0.4314 0.3922 0.1961 17.5693 2.0000 
1542 1543 14 0.6772 0.7385 -11.3289 0.6740 0.7311 -11.5287 0.0672 0.2000 0.4314 0.3922 0.1961 17.6487 2.0000 
1543 1544 14 0.6740 0.7311 -11.5287 0.6694 0.7322 -11.7287 0.0672 0.2000 0.4314 0.3922 0.1961 17.7291 2.0000 
1544 1545 14 0.6694 0.7322 -11.7287 0.6553 0.7426 -11.9279 0.0672 0.2000 0.4314 0.3922 0.1961 17.8106 2.0000 
1545 1546 14 0.6553 0.7426 -11.9279 0.6494 0.7270 -12.1272 0.0672 0.2000 0.4314 0.3922 0.1961 17.8930 2.0000 
1546 1547 14 0.6494 0.7270 -12.1272 0.6426 0.7112 -12.3265 0.0672 0.2000 0.4314 0.3922 0.1961 17.9765 2.0000 
1547 1548 14 0.6426 0.7112 -12.3265 0.6262 0.7326 -12.5246 0.0672 0.2000 0.4314 0.3922 0.1961 18.0612 2.0000 
1548 1549 14 0.6262 0.7326 -12.5246 0.6173 0.7576 -12.7229 0.0672 0.2000 0.4314 0.3922 0.1961 18.1469 2.0000 
1549 1550 14 0.6173 0.7576 -12.7229 0.6201 0.7986 -12.9186 0.0672 0.2000 0.4314 0.3922 0.1961 18.2338 2.0000 
1550 1551 14 0.6201 0.7986 -12.9186 0.6302 0.8391 -13.1142 0.0672 0.2000 0.4314 0.3922 0.1961 18.3219 2.0000 
1551 1552 14 0.6302 0.8391 -13.1142 0.6342 0.8787 -13.3102 0.0672 0.2000 0.4314 0.3922 0.1961 18.4112 2.0000 
1552 1553 14 0.6342 0.8787 -13.3102 0.6567 0.8950 -13.5083 0.0672 0.2000 0.4314 0.3922 0.1961 18.5018 2.0000 
1553 1554 14 0.6567 0.8950 -13.5083 0.6722 0.9121 -13.7069 0.0672 0.2000 0.4314 0.3922 0.1961 18.5936 2.0000 
1554 1555 14 0.6722 0.9121 -13.7069 0.6495 0.9320 -13.9046 0.0672 0.2000 0.4314 0.3922 0.1961 18.6868 2.0000 
1555 1556 14 0.6495 0.9320 -13.9046 0.6259 0.9501 -14.1024 0.0672 0.2000 0.4314 0.3922 0.1961 18.7814 2.0000 
1556 1557 14 0.6259 0.9501 -14.1024 0.6017 0.9687 -14.3001 0.0672 0.2000 0.4314 0.3922 0.1961 18.8773 2.0000 
1557 1558 14 0.6017 0.9687 -14.3001 0.6037 0.9601 -14.4999 0.0672 0.2000 0.4314 0.3922 0.1961 18.9747 2.0000 
1558 1559 14 0.6037 0.9601 -14.4999 0.6026 0.9717 -14.6995 0.0672 0.2000 0.4314 0.3922 0.1961 19.0736 2.0000 
1559 1560 14 0.6026 0.9717 -14.6995 0.6017 0.9822 -14.8992 0.0672 0.2000 0.4314 0.3922 0.1961 19.1741 2.0000 
1560 1561 14 0.6017 0.9822 -14.8992 0.6007 0.9932 -15.0989 0.0672 0.2000 0.4314 0.3922 0.1961 19.2761 2.0000 
1561 1562 14 0.6007 0.9932 -15.0989 0.5970 0.9883 -15.2988 0.0672 0.2000 0.4314 0.3922 0.1961 19.3798 2.0000 
1562 1563 14 0.5970 0.9883 -15.2988 0.5949 0.9806 -15.4987 0.0672 0.2000 0.4314 0.3922 0.1961 19.4851 2.0000 
1563 1564 14 0.5949 0.9806 -15.4987 0.5963 0.9720 -15.6985 0.0672 0.2000 0.4314 0.3922 0.1961 19.5922 2.0000 
1564 1565 14 0.5963 0.9720 -15.6985 0.6120 0.9646 -15.8977 0.0672 0.2000 0.4314 0.3922 0.1961 19.7011 2.0000 
1565 1566 14 0.6120 0.9646 -15.8977 0.6044 0.9541 -16.0973 0.0672 0.2000 0.4314 0.3922 0.1961 19.8119 2.0000 
1566 1567 14 0.6044 0.9541 -16.0973 0.6155 0.9722 -16.2962 0.0672 0.2000 0.4314 0.3922 0.1961 19.9246 2.0000 
1567 1568 14 0.6155 0.9722 -16.2962 0.6196 0.9720 -16.4961 0.0672 0.2000 0.4314 0.3922 0.1961 20.0394 2.0000 
1568 1569 14 0.6196 0.9720 -16.4961 0.6274 0.9671 -16.6959 0.0672 0.2000 0.4314 0.3922 0.1961 20.1562 2.0000 
1569 1570 14 0.6274 0.9671 -16.6959 0.6313 0.9321 -16.8928 0.0672 0.2000 0.4314 0.3922 0.1961 20.2751 2.0000 
1570 1571 14 0.6313 0.9321 -16.8928 0.6411 0.8995 -17.0899 0.0672 0.2000 0.4314 0.3922 0.1961 20.3963 2.0000 
1571 1572 14 0.6411 0.8995 -17.0899 0.6455 0.8552 -17.2849 0.0672 0.2000 0.4314 0.3922 0.1961 20.5198 2.0000 
1572 1573 14 0.6455 0.8552 -17.2849 0.6646 0.8403 -17.4834 0.0672 0.2000 0.4314 0.3922 0.1961 20.6458 2.0000 
1573 1574 14 0.6646 0.8403 -17.4834 0.6781 0.8312 -17.6827 0.0672 0.2000 0.4314 0.3922 0.1961 20.7742 2.0000 
1574 1575 14 0.6781 0.8312 -17.6827 0.6876 0.8200 -17.8822 0.0672 0.2000 0.4314 0.3922 0.1961 20.9052 2.0000 
1575 1576 14 0.6876 0.8200 -17.8822 0.6912 0.8062 -18.0817 0.0672 0.2000 0.4314 0.3922 0.1961 21.0390 2.0000 
1576 1577 14 0.6912 0.8062 -18.0817 0.7085 0.8116 -18.2809 0.0672 0.2000 0.4314 0.3922 0.1961 21.1756 2.0000 
1577 1578 14 0.7085 0.8116 -18.2809 0.7272 0.8159 -18.4800 0.0672 0.2000 0.4314 0.3922 0.1961 21.3151 2.0000 
1578 1579 14 0.7272 0.8159 -18.4800 0.7442 0.8208 -18.6792 0.0672 0.2000 0.4314 0.3922 0.1961 21.4578 2.0000 
1579 1580 14 0.7442 0.8208 -18.6792 0.7366 0.8272 -18.8789 0.0672 0.2000 0.4314 0.3922 0.1961 21.6036 2.0000 
1580 1581 14 0.7366 0.8272 -18.8789 0.7323 0.8365 -19.0787 0.0672 0.2000 0.4314 0.3922 0.1961 21.7529 2.0000 
1581 1582 14 0.7323 0.8365 -19.0787 0.7292 0.8466 -19.2784 0.0672 0.2000 0.4314 0.3922 0.1961 21.9056 2.0000 
1582 1583 14 0.7292 0.8466 -19.2784 0.7248 0.8623 -19.4777 0.0672 0.2000 0.4314 0.3922 0.1961 22.0621 2.0000 
1583 1584 14 0.7248 0.8623 -19.4777 0.7173 0.8634 -19.6776 0.0672 0.2000 0.4314 0.3922 0.1961 22.2225 2.0000 
1584 1585 14 0.7173 0.8634 -19.6776 0.7097 0.8599 -19.8774 0.0672 0.2000 0.4314 0.3922 0.1961 22.3869 2.0000 
1585 1586 14 0.7097 0.8599 -19.8774 0.6815 0.8538 -20.0753 0.0672 0.2000 0.4314 0.3922 0.1961 22.5557 2.0000 
1586 1587 14 0.6815 0.8538 -20.0753 0.6570 0.8580 -20.2737 0.0672 0.2000 0.4314 0.3922 0.1961 22.7290 2.0000 
1587 1588 14 0.6570 0.8580 -20.2737 0.6419 0.8537 -20.4731 0.0672 0.2000 0.4314 0.3922 0.1961 22.9071 2.0000 
1588 1589 14 0.6419 0.8537 -20.4731 0.6347 0.8485 -20.6729 0.0672 0.2000 0.4314 0.3922 0.1961 23.0902 2.0000 
1589 1590 14 0.6347 0.8485 -20.6729 0.6302 0.8387 -20.8726 0.0672 0.2000 0.4314 0.3922 0.1961 23.2787 2.0000 
1590 1591 14 0.6302 0.8387 -20.8726 0.6295 0.8334 -21.0726 0.0672 0.2000 0.4314 0.3922 0.1961 23.4728 2.0000 
1591 1592 14 0.6295 0.8334 -21.0726 0.6246 0.8339 -21.2725 0.0672 0.2000 0.4314 0.3922 0.1961 23.6730 2.0000 
1592 1593 14 0.6246 0.8339 -21.2725 0.6214 0.8182 -21.4719 0.0672 0.2000 0.4314 0.3922 0.1961 23.8796 2.0000 
1593 1594 14 0.6214 0.8182 -21.4719 0.6165 0.7960 -21.6706 0.0672 0.2000 0.4314 0.3922 0.1961 24.0931 2.0000 
1594 1595 14 0.6165 0.7960 -21.6706 0.5901 0.7685 -21.8669 0.0672 0.2000 0.4314 0.3922 0.1961 24.3138 2.0000 
1595 1596 14 0.5901 0.7685 -21.8669 0.5910 0.7464 -22.0657 0.0672 0.2000 0.4314 0.3922 0.1961 24.5423 2.0000 
1596 1597 14 0.5910 0.7464 -22.0657 0.6002 0.7564 -22.2652 0.0672 0.2000 0.4314 0.3922 0.1961 24.7793 2.0000 
1597 1598 14 0.6002 0.7564 -22.2652 0.6003 0.7685 -22.4649 0.0672 0.2000 0.4314 0.3922 0.1961 25.0253 2.0000 
1598 1599 14 0.6003 0.7685 -22.4649 0.5924 0.7577 -22.6644 0.0672 0.2000 0.4314 0.3922 0.1961 25.2810 2.0000 
1599 1600 14 0.5924 0.7577 -22.6644 0.5677 0.7758 -22.8620 0.0672 0.2000 0.4314 0.3922 0.1961 25.5474 2.0000 
1600 1601 14 0.5677 0.7758 -22.8620 0.5563 0.7997 -23.0603 0.0672 0.2000 0.4314 0.3922 0.1961 25.8251 2.0000 
1601 1602 14 0.5563 0.7997 -23.0603 0.5393 0.8004 -23.2596 0.0672 0.2000 0.4314 0.3922 0.1961 26.1154 2.0000 
1602 1603 14 0.5393 0.8004 -23.2596 0.5196 0.8041 -23.4586 0.0672 0.2000 0.4314 0.3922 0.1961 26.4194 2.0000 
1603 1604 14 0.5196 0.8041 -23.4586 0.5160 0.8108 -23.6584 0.0672 0.2000 0.4314 0.3922 0.1961 26.7384 2.0000 
1604 1605 14 0.5160 0.8108 -23.6584 0.5043 0.8234 -23.8577 0.0672 0.2000 0.4314 0.3922 0.1961 27.0740 2.0000 
1605 1606 14 0.5043 0.8234 -23.8577 0.4800 0.8292 -24.0561 0.0672 0.2000 0.4314 0.3922 0.1961 27.4280 2.0000 
1606 1607 14 0.4800 0.8292 -24.0561 0.4782 0.8057 -24.2547 0.0672 0.2000 0.4314 0.3922 0.1961 27.8026 2.0000 
1607 1608 14 0.4782 0.8057 -24.2547 0.4767 0.7815 -24.4532 0.0672 0.2000 0.4314 0.3922 0.1961 28.2003 2.0000 
1608 1609 14 0.4767 0.7815 -24.4532 0.4324 0.7576 -24.6468 0.0672 0.2000 0.4314 0.3922 0.1961 28.6241 2.0000 
1609 1610 14 0.4324 0.7576 -24.6468 0.4105 0.7258 -24.8430 0.0672 0.2000 0.4314 0.3922 0.1961 29.0778 2.0000 
1610 1611 14 0.4105 0.7258 -24.8430 0.4110 0.6753 -25.0365 0.0672 0.2000 0.4314 0.3922 0.1961 29.5657 2.0000 
1611 1612 14 0.4110 0.6753 -25.0365 0.4034 0.6425 -25.1988 0.0672 0.1657 0.4314 0.3922 0.1961 30.0000 2.0000 
23 1613 15 0.0134 -0.0613 -3.0639 -0.1102 -0.2042 -3.1294 0.0493 0.2000 0.4314 0.3922 0.1961 15.3084 2.0000 
1613 1614 15 -0.1102 -0.2042 -3.1294 -0.2319 -0.3498 -3.1927 0.0493 0.2000 0.4314 0.3922 0.1961 15.4648 2.0000 
1614 1615 15 -0.2319 -0.3498 -3.1927 -0.3137 -0.5047 -3.2892 0.0493 0.2000 0.4314 0.3922 0.1961 15.6223 2.0000 
1615 1616 15 -0.3137 -0.5047 -3.2892 -0.3600 -0.6282 -3.4395 0.0493 0.2000 0.4314 0.3922 0.1961 15.7810 2.0000 
1616 1617 15 -0.3600 -0.6282 -3.4395 -0.4025 -0.7332 -3.6043 0.0493 0.2000 0.4314 0.3922 0.1961 15.9408 2.0000 
1617 1618 15 -0.4025 -0.7332 -3.6043 -0.4104 -0.8234 -3.7827 0.0493 0.2000 0.4314 0.3922 0.1961 16.1017 2.0000 
1618 1619 15 -0.4104 -0.8234 -3.7827 -0.4152 -0.9108 -3.9625 0.0493 0.2000 0.4314 0.3922 0.1961 16.2638 2.0000 
1619 1620 15 -0.4152 -0.9108 -3.9625 -0.4191 -0.9951 -4.1438 0.0493 0.2000 0.4314 0.3922 0.1961 16.4271 2.0000 
1620 1621 15 -0.4191 -0.9951 -4.1438 -0.4247 -1.0284 -4.3410 0.0493 0.2000 0.4314 0.3922 0.1961 16.5915 2.0000 
1621 1622 15 -0.4247 -1.0284 -4.3410 -0.4295 -1.0534 -4.5393 0.0493 0.2000 0.4314 0.3922 0.1961 16.7572 2.0000 
1622 1623 15 -0.4295 -1.0534 -4.5393 -0.4107 -1.0509 -4.7384 0.0493 0.2000 0.4314 0.3922 0.1961 16.9241 2.0000 
1623 1624 15 -0.4107 -1.0509 -4.7384 -0.4098 -1.0692 -4.9376 0.0493 0.2000 0.4314 0.3922 0.1961 17.0923 2.0000 
1624 1625 15 -0.4098 -1.0692 -4.9376 -0.4107 -1.0824 -5.1372 0.0493 0.2000 0.4314 0.3922 0.1961 17.2618 2.0000 
1625 1626 15 -0.4107 -1.0824 -5.1372 -0.4055 -1.0974 -5.3365 0.0493 0.2000 0.4314 0.3922 0.1961 17.4325 2.0000 
1626 1627 15 -0.4055 -1.0974 -5.3365 -0.4112 -1.1329 -5.5333 0.0493 0.2000 0.4314 0.3922 0.1961 17.6046 2.0000 
1627 1628 15 -0.4112 -1.1329 -5.5333 -0.4163 -1.1669 -5.7303 0.0493 0.2000 0.4314 0.3922 0.1961 17.7780 2.0000 
1628 1629 15 -0.4163 -1.1669 -5.7303 -0.4195 -1.1838 -5.9295 0.0493 0.2000 0.4314 0.3922 0.1961 17.9527 2.0000 
1629 1630 15 -0.4195 -1.1838 -5.9295 -0.4218 -1.1965 -6.1291 0.0493 0.2000 0.4314 0.3922 0.1961 18.1288 2.0000 
1630 1631 15 -0.4218 -1.1965 -6.1291 -0.4244 -1.2103 -6.3286 0.0493 0.2000 0.4314 0.3922 0.1961 18.3063 2.0000 
1631 1632 15 -0.4244 -1.2103 -6.3286 -0.4344 -1.2027 -6.5282 0.0493 0.2000 0.4314 0.3922 0.1961 18.4853 2.0000 
1632 1633 15 -0.4344 -1.2027 -6.5282 -0.4341 -1.2107 -6.7281 0.0493 0.2000 0.4314 0.3922 0.1961 18.6656 2.0000 
1633 1634 15 -0.4341 -1.2107 -6.7281 -0.4210 -1.2309 -6.9266 0.0493 0.2000 0.4314 0.3922 0.1961 18.8475 2.0000 
1634 1635 15 -0.4210 -1.2309 -6.9266 -0.4167 -1.2298 -7.1266 0.0493 0.2000 0.4314 0.3922 0.1961 19.0308 2.0000 
1635 1636 15 -0.4167 -1.2298 -7.1266 -0.4111 -1.2254 -7.3264 0.0493 0.2000 0.4314 0.3922 0.1961 19.2156 2.0000 
1636 1637 15 -0.4111 -1.2254 -7.3264 -0.4079 -1.2189 -7.5263 0.0493 0.2000 0.4314 0.3922 0.1961 19.4020 2.0000 
1637 1638 15 -0.4079 -1.2189 -7.5263 -0.4095 -1.2238 -7.7262 0.0493 0.2000 0.4314 0.3922 0.1961 19.5899 2.0000 
1638 1639 15 -0.4095 -1.2238 -7.7262 -0.4111 -1.2273 -7.9262 0.0493 0.2000 0.4314 0.3922 0.1961 19.7794 2.0000 
1639 1640 15 -0.4111 -1.2273 -7.9262 -0.4101 -1.2314 -8.1262 0.0493 0.2000 0.4314 0.3922 0.1961 19.9706 2.0000 
1640 1641 15 -0.4101 -1.2314 -8.1262 -0.4120 -1.2249 -8.3261 0.0493 0.2000 0.4314 0.3922 0.1961 20.1634 2.0000 
1641 1642 15 -0.4120 -1.2249 -8.3261 -0.4135 -1.2177 -8.5259 0.0493 0.2000 0.4314 0.3922 0.1961 20.3578 2.0000 
1642 1643 15 -0.4135 -1.2177 -8.5259 -0.4148 -1.2106 -8.7258 0.0493 0.2000 0.4314 0.3922 0.1961 20.5540 2.0000 
1643 1644 15 -0.4148 -1.2106 -8.7258 -0.4036 -1.2117 -8.9255 0.0493 0.2000 0.4314 0.3922 0.1961 20.7519 2.0000 
1644 1645 15 -0.4036 -1.2117 -8.9255 -0.3956 -1.2180 -9.1252 0.0493 0.2000 0.4314 0.3922 0.1961 20.9515 2.0000 
1645 1646 15 -0.3956 -1.2180 -9.1252 -0.3791 -1.2406 -9.3232 0.0493 0.2000 0.4314 0.3922 0.1961 21.1530 2.0000 
1646 1647 15 -0.3791 -1.2406 -9.3232 -0.3824 -1.2865 -9.5179 0.0493 0.2000 0.4314 0.3922 0.1961 21.3563 2.0000 
1647 1648 15 -0.3824 -1.2865 -9.5179 -0.3767 -1.3201 -9.7150 0.0493 0.2000 0.4314 0.3922 0.1961 21.5614 2.0000 
1648 1649 15 -0.3767 -1.3201 -9.7150 -0.3720 -1.3505 -9.9126 0.0493 0.2000 0.4314 0.3922 0.1961 21.7685 2.0000 
1649 1650 15 -0.3720 -1.3505 -9.9126 -0.3705 -1.3587 -10.1124 0.0493 0.2000 0.4314 0.3922 0.1961 21.9775 2.0000 
1650 1651 15 -0.3705 -1.3587 -10.1124 -0.3680 -1.3676 -10.3122 0.0493 0.2000 0.4314 0.3922 0.1961 22.1884 2.0000 
1651 1652 15 -0.3680 -1.3676 -10.3122 -0.3664 -1.3783 -10.5119 0.0493 0.2000 0.4314 0.3922 0.1961 22.4013 2.0000 
1652 1653 15 -0.3664 -1.3783 -10.5119 -0.3719 -1.3763 -10.7118 0.0493 0.2000 0.4314 0.3922 0.1961 22.6163 2.0000 
1653 1654 15 -0.3719 -1.3763 -10.7118 -0.3869 -1.3755 -10.9113 0.0493 0.2000 0.4314 0.3922 0.1961 22.8334 2.0000 
1654 1655 15 -0.3869 -1.3755 -10.9113 -0.3794 -1.3794 -11.1111 0.0493 0.2000 0.4314 0.3922 0.1961 23.0526 2.0000 
1655 1656 15 -0.3794 -1.3794 -11.1111 -0.3825 -1.3812 -11.3111 0.0493 0.2000 0.4314 0.3922 0.1961 23.2740 2.0000 
1656 1657 15 -0.3825 -1.3812 -11.3111 -0.4006 -1.3799 -11.5102 0.0493 0.2000 0.4314 0.3922 0.1961 23.4976 2.0000 
1657 1658 15 -0.4006 -1.3799 -11.5102 -0.3979 -1.3754 -11.7102 0.0493 0.2000 0.4314 0.3922 0.1961 23.7234 2.0000 
1658 1659 15 -0.3979 -1.3754 -11.7102 -0.3949 -1.3751 -11.9101 0.0493 0.2000 0.4314 0.3922 0.1961 23.9515 2.0000 
1659 1660 15 -0.3949 -1.3751 -11.9101 -0.3837 -1.3777 -12.1098 0.0493 0.2000 0.4314 0.3922 0.1961 24.1820 2.0000 
1660 1661 15 -0.3837 -1.3777 -12.1098 -0.3616 -1.3895 -12.3082 0.0493 0.2000 0.4314 0.3922 0.1961 24.4149 2.0000 
1661 1662 15 -0.3616 -1.3895 -12.3082 -0.3548 -1.3895 -12.5081 0.0493 0.2000 0.4314 0.3922 0.1961 24.6502 2.0000 
1662 1663 15 -0.3548 -1.3895 -12.5081 -0.3230 -1.3668 -12.7043 0.0493 0.2000 0.4314 0.3922 0.1961 24.8880 2.0000 
1663 1664 15 -0.3230 -1.3668 -12.7043 -0.2913 -1.3442 -12.9004 0.0493 0.2000 0.4314 0.3922 0.1961 25.1284 2.0000 
1664 1665 15 -0.2913 -1.3442 -12.9004 -0.2768 -1.3480 -13.0999 0.0493 0.2000 0.4314 0.3922 0.1961 25.3714 2.0000 
1665 1666 15 -0.2768 -1.3480 -13.0999 -0.2620 -1.3589 -13.2990 0.0493 0.2000 0.4314 0.3922 0.1961 25.6170 2.0000 
1666 1667 15 -0.2620 -1.3589 -13.2990 -0.2465 -1.3699 -13.4981 0.0493 0.2000 0.4314 0.3922 0.1961 25.8654 2.0000 
1667 1668 15 -0.2465 -1.3699 -13.4981 -0.2655 -1.3598 -13.6970 0.0493 0.2000 0.4314 0.3922 0.1961 26.1165 2.0000 
1668 1669 15 -0.2655 -1.3598 -13.6970 -0.2821 -1.3573 -13.8963 0.0493 0.2000 0.4314 0.3922 0.1961 26.3705 2.0000 
1669 1670 15 -0.2821 -1.3573 -13.8963 -0.3005 -1.3612 -14.0954 0.0493 0.2000 0.4314 0.3922 0.1961 26.6274 2.0000 
1670 1671 15 -0.3005 -1.3612 -14.0954 -0.3344 -1.3446 -14.2918 0.0493 0.2000 0.4314 0.3922 0.1961 26.8873 2.0000 
1671 1672 15 -0.3344 -1.3446 -14.2918 -0.3522 -1.3219 -14.4897 0.0493 0.2000 0.4314 0.3922 0.1961 27.1503 2.0000 
1672 1673 15 -0.3522 -1.3219 -14.4897 -0.3323 -1.3026 -14.6877 0.0493 0.2000 0.4314 0.3922 0.1961 27.4164 2.0000 
1673 1674 15 -0.3323 -1.3026 -14.6877 -0.3056 -1.2805 -14.8847 0.0493 0.2000 0.4314 0.3922 0.1961 27.6856 2.0000 
1674 1675 15 -0.3056 -1.2805 -14.8847 -0.2788 -1.2592 -15.0818 0.0493 0.2000 0.4314 0.3922 0.1961 27.9582 2.0000 
1675 1676 15 -0.2788 -1.2592 -15.0818 -0.2591 -1.2404 -15.2799 0.0493 0.2000 0.4314 0.3922 0.1961 28.2341 2.0000 
1676 1677 15 -0.2591 -1.2404 -15.2799 -0.2562 -1.2350 -15.4798 0.0493 0.2000 0.4314 0.3922 0.1961 28.5134 2.0000 
1677 1678 15 -0.2562 -1.2350 -15.4798 -0.2508 -1.2347 -15.6797 0.0493 0.2000 0.4314 0.3922 0.1961 28.7963 2.0000 
1678 1679 15 -0.2508 -1.2347 -15.6797 -0.2447 -1.2330 -15.8796 0.0493 0.2000 0.4314 0.3922 0.1961 29.0828 2.0000 
1679 1680 15 -0.2447 -1.2330 -15.8796 -0.2119 -1.2348 -16.0769 0.0493 0.2000 0.4314 0.3922 0.1961 29.3730 2.0000 
1680 1681 15 -0.2119 -1.2348 -16.0769 -0.2184 -1.2233 -16.2765 0.0493 0.2000 0.4314 0.3922 0.1961 29.6670 2.0000 
1681 1682 15 -0.2184 -1.2233 -16.2765 -0.2372 -1.1921 -16.4731 0.0493 0.2000 0.4314 0.3922 0.1961 29.9649 2.0000 
1682 1683 15 -0.2372 -1.1921 -16.4731 -0.2390 -1.1877 -16.4960 0.0493 0.0234 0.4314 0.3922 0.1961 30.0000 2.0000 
25 1684 16 -0.0074 -0.0798 -3.2823 -0.1925 -0.0890 -3.3576 0.0668 0.2000 0.4314 0.3922 0.1961 15.5019 2.0000 
1684 1685 16 -0.1925 -0.0890 -3.3576 -0.3757 -0.1053 -3.4361 0.0668 0.2000 0.4314 0.3922 0.1961 15.5671 2.0000 
1685 1686 16 -0.3757 -0.1053 -3.4361 -0.5571 -0.0920 -3.5193 0.0668 0.2000 0.4314 0.3922 0.1961 15.6327 2.0000 
1686 1687 16 -0.5571 -0.0920 -3.5193 -0.7353 -0.0749 -3.6084 0.0668 0.2000 0.4314 0.3922 0.1961 15.6986 2.0000 
1687 1688 16 -0.7353 -0.0749 -3.6084 -0.9049 -0.0741 -3.7143 0.0668 0.2000 0.4314 0.3922 0.1961 15.7649 2.0000 
1688 1689 16 -0.9049 -0.0741 -3.7143 -1.0672 -0.0889 -3.8303 0.0668 0.2000 0.4314 0.3922 0.1961 15.8316 2.0000 
1689 1690 16 -1.0672 -0.0889 -3.8303 -1.2319 -0.1008 -3.9432 0.0668 0.2000 0.4314 0.3922 0.1961 15.8987 2.0000 
1690 1691 16 -1.2319 -0.1008 -3.9432 -1.3911 -0.1292 -4.0608 0.0668 0.2000 0.4314 0.3922 0.1961 15.9663 2.0000 
1691 1692 16 -1.3911 -0.1292 -4.0608 -1.5370 -0.1938 -4.1814 0.0668 0.2000 0.4314 0.3922 0.1961 16.0342 2.0000 
1692 1693 16 -1.5370 -0.1938 -4.1814 -1.6760 -0.2425 -4.3167 0.0668 0.2000 0.4314 0.3922 0.1961 16.1025 2.0000 
1693 1694 16 -1.6760 -0.2425 -4.3167 -1.7925 -0.2690 -4.4771 0.0668 0.2000 0.4314 0.3922 0.1961 16.1712 2.0000 
1694 1695 16 -1.7925 -0.2690 -4.4771 -1.9033 -0.2982 -4.6410 0.0668 0.2000 0.4314 0.3922 0.1961 16.2404 2.0000 
1695 1696 16 -1.9033 -0.2982 -4.6410 -1.9961 -0.3319 -4.8150 0.0668 0.2000 0.4314 0.3922 0.1961 16.3100 2.0000 
1696 1697 16 -1.9961 -0.3319 -4.8150 -2.0869 -0.3628 -4.9905 0.0668 0.2000 0.4314 0.3922 0.1961 16.3800 2.0000 
1697 1698 16 -2.0869 -0.3628 -4.9905 -2.1624 -0.3647 -5.1757 0.0668 0.2000 0.4314 0.3922 0.1961 16.4504 2.0000 
1698 1699 16 -2.1624 -0.3647 -5.1757 -2.2208 -0.3411 -5.3655 0.0668 0.2000 0.4314 0.3922 0.1961 16.5213 2.0000 
1699 1700 16 -2.2208 -0.3411 -5.3655 -2.2764 -0.3195 -5.5564 0.0668 0.2000 0.4314 0.3922 0.1961 16.5927 2.0000 
1700 1701 16 -2.2764 -0.3195 -5.5564 -2.3036 -0.2907 -5.7524 0.0668 0.2000 0.4314 0.3922 0.1961 16.6645 2.0000 
1701 1702 16 -2.3036 -0.2907 -5.7524 -2.3315 -0.2629 -5.9485 0.0668 0.2000 0.4314 0.3922 0.1961 16.7367 2.0000 
1702 1703 16 -2.3315 -0.2629 -5.9485 -2.3571 -0.2417 -6.1457 0.0668 0.2000 0.4314 0.3922 0.1961 16.8095 2.0000 
1703 1704 16 -2.3571 -0.2417 -6.1457 -2.3715 -0.2156 -6.3435 0.0668 0.2000 0.4314 0.3922 0.1961 16.8827 2.0000 
1704 1705 16 -2.3715 -0.2156 -6.3435 -2.3617 -0.1990 -6.5425 0.0668 0.2000 0.4314 0.3922 0.1961 16.9563 2.0000 
1705 1706 16 -2.3617 -0.1990 -6.5425 -2.3405 -0.1867 -6.7410 0.0668 0.2000 0.4314 0.3922 0.1961 17.0305 2.0000 
1706 1707 16 -2.3405 -0.1867 -6.7410 -2.3070 -0.1625 -6.9367 0.0668 0.2000 0.4314 0.3922 0.1961 17.1051 2.0000 
1707 1708 16 -2.3070 -0.1625 -6.9367 -2.2739 -0.1316 -7.1315 0.0668 0.2000 0.4314 0.3922 0.1961 17.1802 2.0000 
1708 1709 16 -2.2739 -0.1316 -7.1315 -2.2680 -0.1147 -7.3307 0.0668 0.2000 0.4314 0.3922 0.1961 17.2559 2.0000 
1709 1710 16 -2.2680 -0.1147 -7.3307 -2.2550 -0.1124 -7.5303 0.0668 0.2000 0.4314 0.3922 0.1961 17.3320 2.0000 
1710 1711 16 -2.2550 -0.1124 -7.5303 -2.2471 -0.0993 -7.7297 0.0668 0.2000 0.4314 0.3922 0.1961 17.4087 2.0000 
1711 1712 16 -2.2471 -0.0993 -7.7297 -2.2411 -0.0855 -7.9291 0.0668 0.2000 0.4314 0.3922 0.1961 17.4859 2.0000 
1712 1713 16 -2.2411 -0.0855 -7.9291 -2.2317 -0.0687 -8.1282 0.0668 0.2000 0.4314 0.3922 0.1961 17.5636 2.0000 
1713 1714 16 -2.2317 -0.0687 -8.1282 -2.2372 -0.0850 -8.3275 0.0668 0.2000 0.4314 0.3922 0.1961 17.6419 2.0000 
1714 1715 16 -2.2372 -0.0850 -8.3275 -2.2321 -0.0750 -8.5271 0.0668 0.2000 0.4314 0.3922 0.1961 17.7207 2.0000 
1715 1716 16 -2.2321 -0.0750 -8.5271 -2.2182 -0.0676 -8.7265 0.0668 0.2000 0.4314 0.3922 0.1961 17.8000 2.0000 
1716 1717 16 -2.2182 -0.0676 -8.7265 -2.2021 -0.0524 -8.9253 0.0668 0.2000 0.4314 0.3922 0.1961 17.8800 2.0000 
1717 1718 16 -2.2021 -0.0524 -8.9253 -2.2042 -0.0369 -9.1247 0.0668 0.2000 0.4314 0.3922 0.1961 17.9604 2.0000 
1718 1719 16 -2.2042 -0.0369 -9.1247 -2.1852 -0.0274 -9.3235 0.0668 0.2000 0.4314 0.3922 0.1961 18.0415 2.0000 
1719 1720 16 -2.1852 -0.0274 -9.3235 -2.1684 -0.0282 -9.5228 0.0668 0.2000 0.4314 0.3922 0.1961 18.1232 2.0000 
1720 1721 16 -2.1684 -0.0282 -9.5228 -2.1494 -0.0336 -9.7219 0.0668 0.2000 0.4314 0.3922 0.1961 18.2054 2.0000 
1721 1722 16 -2.1494 -0.0336 -9.7219 -2.1447 -0.0243 -9.9216 0.0668 0.2000 0.4314 0.3922 0.1961 18.2882 2.0000 
1722 1723 16 -2.1447 -0.0243 -9.9216 -2.1631 -0.0219 -10.1207 0.0668 0.2000 0.4314 0.3922 0.1961 18.3717 2.0000 
1723 1724 16 -2.1631 -0.0219 -10.1207 -2.1503 -0.0139 -10.3201 0.0668 0.2000 0.4314 0.3922 0.1961 18.4558 2.0000 
1724 1725 16 -2.1503 -0.0139 -10.3201 -2.1196 -0.0208 -10.5177 0.0668 0.2000 0.4314 0.3922 0.1961 18.5405 2.0000 
1725 1726 16 -2.1196 -0.0208 -10.5177 -2.0921 -0.0202 -10.7158 0.0668 0.2000 0.4314 0.3922 0.1961 18.6258 2.0000 
1726 1727 16 -2.0921 -0.0202 -10.7158 -2.0759 0.0012 -10.9139 0.0668 0.2000 0.4314 0.3922 0.1961 18.7118 2.0000 
1727 1728 16 -2.0759 0.0012 -10.9139 -2.0581 0.0217 -11.1121 0.0668 0.2000 0.4314 0.3922 0.1961 18.7985 2.0000 
1728 1729 16 -2.0581 0.0217 -11.1121 -2.0444 0.0436 -11.3104 0.0668 0.2000 0.4314 0.3922 0.1961 18.8858 2.0000 
1729 1730 16 -2.0444 0.0436 -11.3104 -2.0442 0.0592 -11.5098 0.0668 0.2000 0.4314 0.3922 0.1961 18.9738 2.0000 
1730 1731 16 -2.0442 0.0592 -11.5098 -2.0445 0.0753 -11.7092 0.0668 0.2000 0.4314 0.3922 0.1961 19.0625 2.0000 
1731 1732 16 -2.0445 0.0753 -11.7092 -2.0410 0.0943 -11.9082 0.0668 0.2000 0.4314 0.3922 0.1961 19.1519 2.0000 
1732 1733 16 -2.0410 0.0943 -11.9082 -2.0468 0.0808 -12.1077 0.0668 0.2000 0.4314 0.3922 0.1961 19.2421 2.0000 
1733 1734 16 -2.0468 0.0808 -12.1077 -2.0598 0.0758 -12.3072 0.0668 0.2000 0.4314 0.3922 0.1961 19.3329 2.0000 
1734 1735 16 -2.0598 0.0758 -12.3072 -2.0662 0.0539 -12.5059 0.0668 0.2000 0.4314 0.3922 0.1961 19.4245 2.0000 
1735 1736 16 -2.0662 0.0539 -12.5059 -2.0484 0.0463 -12.7050 0.0668 0.2000 0.4314 0.3922 0.1961 19.5168 2.0000 
1736 1737 16 -2.0484 0.0463 -12.7050 -2.0440 0.0378 -12.9047 0.0668 0.2000 0.4314 0.3922 0.1961 19.6099 2.0000 
1737 1738 16 -2.0440 0.0378 -12.9047 -2.0524 0.0404 -13.1045 0.0668 0.2000 0.4314 0.3922 0.1961 19.7037 2.0000 
1738 1739 16 -2.0524 0.0404 -13.1045 -2.0472 0.0484 -13.3043 0.0668 0.2000 0.4314 0.3922 0.1961 19.7984 2.0000 
1739 1740 16 -2.0472 0.0484 -13.3043 -2.0426 0.0518 -13.5042 0.0668 0.2000 0.4314 0.3922 0.1961 19.8938 2.0000 
1740 1741 16 -2.0426 0.0518 -13.5042 -2.0582 0.0603 -13.7034 0.0668 0.2000 0.4314 0.3922 0.1961 19.9900 2.0000 
1741 1742 16 -2.0582 0.0603 -13.7034 -2.0757 0.0593 -13.9027 0.0668 0.2000 0.4314 0.3922 0.1961 20.0871 2.0000 
1742 1743 16 -2.0757 0.0593 -13.9027 -2.0894 0.0520 -14.1021 0.0668 0.2000 0.4314 0.3922 0.1961 20.1850 2.0000 
1743 1744 16 -2.0894 0.0520 -14.1021 -2.0884 0.0406 -14.3017 0.0668 0.2000 0.4314 0.3922 0.1961 20.2838 2.0000 
1744 1745 16 -2.0884 0.0406 -14.3017 -2.1017 0.0297 -14.5010 0.0668 0.2000 0.4314 0.3922 0.1961 20.3835 2.0000 
1745 1746 16 -2.1017 0.0297 -14.5010 -2.1091 0.0324 -14.7008 0.0668 0.2000 0.4314 0.3922 0.1961 20.4840 2.0000 
1746 1747 16 -2.1091 0.0324 -14.7008 -2.1182 0.0304 -14.9006 0.0668 0.2000 0.4314 0.3922 0.1961 20.5854 2.0000 
1747 1748 16 -2.1182 0.0304 -14.9006 -2.1302 0.0406 -15.1000 0.0668 0.2000 0.4314 0.3922 0.1961 20.6878 2.0000 
1748 1749 16 -2.1302 0.0406 -15.1000 -2.1405 0.0424 -15.2997 0.0668 0.2000 0.4314 0.3922 0.1961 20.7911 2.0000 
1749 1750 16 -2.1405 0.0424 -15.2997 -2.1649 0.0482 -15.4981 0.0668 0.2000 0.4314 0.3922 0.1961 20.8953 2.0000 
1750 1751 16 -2.1649 0.0482 -15.4981 -2.1881 0.0482 -15.6968 0.0668 0.2000 0.4314 0.3922 0.1961 21.0005 2.0000 
1751 1752 16 -2.1881 0.0482 -15.6968 -2.2118 0.0481 -15.8954 0.0668 0.2000 0.4314 0.3922 0.1961 21.1067 2.0000 
1752 1753 16 -2.2118 0.0481 -15.8954 -2.2391 0.0477 -16.0935 0.0668 0.2000 0.4314 0.3922 0.1961 21.2139 2.0000 
1753 1754 16 -2.2391 0.0477 -16.0935 -2.2384 0.0397 -16.2933 0.0668 0.2000 0.4314 0.3922 0.1961 21.3222 2.0000 
1754 1755 16 -2.2384 0.0397 -16.2933 -2.2355 0.0185 -16.4922 0.0668 0.2000 0.4314 0.3922 0.1961 21.4314 2.0000 
1755 1756 16 -2.2355 0.0185 -16.4922 -2.2125 0.0029 -16.6903 0.0668 0.2000 0.4314 0.3922 0.1961 21.5418 2.0000 
1756 1757 16 -2.2125 0.0029 -16.6903 -2.1976 -0.0096 -16.8893 0.0668 0.2000 0.4314 0.3922 0.1961 21.6532 2.0000 
1757 1758 16 -2.1976 -0.0096 -16.8893 -2.1759 -0.0078 -17.0881 0.0668 0.2000 0.4314 0.3922 0.1961 21.7658 2.0000 
1758 1759 16 -2.1759 -0.0078 -17.0881 -2.1542 -0.0064 -17.2869 0.0668 0.2000 0.4314 0.3922 0.1961 21.8794 2.0000 
1759 1760 16 -2.1542 -0.0064 -17.2869 -2.1370 0.0302 -17.4828 0.0668 0.2000 0.4314 0.3922 0.1961 21.9943 2.0000 
1760 1761 16 -2.1370 0.0302 -17.4828 -2.1401 0.0767 -17.6773 0.0668 0.2000 0.4314 0.3922 0.1961 22.1103 2.0000 
1761 1762 16 -2.1401 0.0767 -17.6773 -2.1604 0.1150 -17.8726 0.0668 0.2000 0.4314 0.3922 0.1961 22.2275 2.0000 
1762 1763 16 -2.1604 0.1150 -17.8726 -2.1625 0.1366 -18.0714 0.0668 0.2000 0.4314 0.3922 0.1961 22.3459 2.0000 
1763 1764 16 -2.1625 0.1366 -18.0714 -2.1658 0.1580 -18.2702 0.0668 0.2000 0.4314 0.3922 0.1961 22.4656 2.0000 
1764 1765 16 -2.1658 0.1580 -18.2702 -2.1616 0.1928 -18.4671 0.0668 0.2000 0.4314 0.3922 0.1961 22.5866 2.0000 
1765 1766 16 -2.1616 0.1928 -18.4671 -2.1394 0.2318 -18.6620 0.0668 0.2000 0.4314 0.3922 0.1961 22.7089 2.0000 
1766 1767 16 -2.1394 0.2318 -18.6620 -2.1149 0.2713 -18.8565 0.0668 0.2000 0.4314 0.3922 0.1961 22.8325 2.0000 
1767 1768 16 -2.1149 0.2713 -18.8565 -2.0477 0.3249 -19.0371 0.0668 0.2000 0.4314 0.3922 0.1961 22.9575 2.0000 
1768 1769 16 -2.0477 0.3249 -19.0371 -1.9883 0.3863 -19.2180 0.0668 0.2000 0.4314 0.3922 0.1961 23.0839 2.0000 
1769 1770 16 -1.9883 0.3863 -19.2180 -1.9573 0.4462 -19.4063 0.0668 0.2000 0.4314 0.3922 0.1961 23.2117 2.0000 
1770 1771 16 -1.9573 0.4462 -19.4063 -1.9267 0.5120 -19.5926 0.0668 0.2000 0.4314 0.3922 0.1961 23.3410 2.0000 
1771 1772 16 -1.9267 0.5120 -19.5926 -1.9112 0.5735 -19.7823 0.0668 0.2000 0.4314 0.3922 0.1961 23.4717 2.0000 
1772 1773 16 -1.9112 0.5735 -19.7823 -1.8903 0.6104 -19.9777 0.0668 0.2000 0.4314 0.3922 0.1961 23.6040 2.0000 
1773 1774 16 -1.8903 0.6104 -19.9777 -1.8568 0.6448 -20.1719 0.0668 0.2000 0.4314 0.3922 0.1961 23.7379 2.0000 
1774 1775 16 -1.8568 0.6448 -20.1719 -1.8371 0.6703 -20.3693 0.0668 0.2000 0.4314 0.3922 0.1961 23.8734 2.0000 
1775 1776 16 -1.8371 0.6703 -20.3693 -1.8209 0.6930 -20.5673 0.0668 0.2000 0.4314 0.3922 0.1961 24.0105 2.0000 
1776 1777 16 -1.8209 0.6930 -20.5673 -1.8211 0.6836 -20.7671 0.0668 0.2000 0.4314 0.3922 0.1961 24.1493 2.0000 
1777 1778 16 -1.8211 0.6836 -20.7671 -1.8267 0.6683 -20.9664 0.0668 0.2000 0.4314 0.3922 0.1961 24.2898 2.0000 
1778 1779 16 -1.8267 0.6683 -20.9664 -1.8166 0.6658 -21.1662 0.0668 0.2000 0.4314 0.3922 0.1961 24.4321 2.0000 
1779 1780 16 -1.8166 0.6658 -21.1662 -1.7977 0.6716 -21.3652 0.0668 0.2000 0.4314 0.3922 0.1961 24.5762 2.0000 
1780 1781 16 -1.7977 0.6716 -21.3652 -1.7748 0.6725 -21.5639 0.0668 0.2000 0.4314 0.3922 0.1961 24.7222 2.0000 
1781 1782 16 -1.7748 0.6725 -21.5639 -1.7600 0.6770 -21.7633 0.0668 0.2000 0.4314 0.3922 0.1961 24.8701 2.0000 
1782 1783 16 -1.7600 0.6770 -21.7633 -1.7431 0.6627 -21.9620 0.0668 0.2000 0.4314 0.3922 0.1961 25.0199 2.0000 
1783 1784 16 -1.7431 0.6627 -21.9620 -1.7242 0.6592 -22.1611 0.0668 0.2000 0.4314 0.3922 0.1961 25.1718 2.0000 
1784 1785 16 -1.7242 0.6592 -22.1611 -1.7070 0.6622 -22.3604 0.0668 0.2000 0.4314 0.3922 0.1961 25.3257 2.0000 
1785 1786 16 -1.7070 0.6622 -22.3604 -1.6959 0.6667 -22.5600 0.0668 0.2000 0.4314 0.3922 0.1961 25.4817 2.0000 
1786 1787 16 -1.6959 0.6667 -22.5600 -1.6701 0.6646 -22.7583 0.0668 0.2000 0.4314 0.3922 0.1961 25.6400 2.0000 
1787 1788 16 -1.6701 0.6646 -22.7583 -1.6572 0.6451 -22.9569 0.0668 0.2000 0.4314 0.3922 0.1961 25.8004 2.0000 
1788 1789 16 -1.6572 0.6451 -22.9569 -1.6386 0.6477 -23.1561 0.0668 0.2000 0.4314 0.3922 0.1961 25.9632 2.0000 
1789 1790 16 -1.6386 0.6477 -23.1561 -1.6533 0.6750 -23.3536 0.0668 0.2000 0.4314 0.3922 0.1961 26.1284 2.0000 
1790 1791 16 -1.6533 0.6750 -23.3536 -1.6458 0.7048 -23.5513 0.0668 0.2000 0.4314 0.3922 0.1961 26.2960 2.0000 
1791 1792 16 -1.6458 0.7048 -23.5513 -1.6492 0.7416 -23.7478 0.0668 0.2000 0.4314 0.3922 0.1961 26.4662 2.0000 
1792 1793 16 -1.6492 0.7416 -23.7478 -1.6525 0.7732 -23.9453 0.0668 0.2000 0.4314 0.3922 0.1961 26.6389 2.0000 
1793 1794 16 -1.6525 0.7732 -23.9453 -1.6741 0.7923 -24.1432 0.0668 0.2000 0.4314 0.3922 0.1961 26.8143 2.0000 
1794 1795 16 -1.6741 0.7923 -24.1432 -1.6935 0.7852 -24.3421 0.0668 0.2000 0.4314 0.3922 0.1961 26.9925 2.0000 
1795 1796 16 -1.6935 0.7852 -24.3421 -1.6958 0.7872 -24.5421 0.0668 0.2000 0.4314 0.3922 0.1961 27.1736 2.0000 
1796 1797 16 -1.6958 0.7872 -24.5421 -1.6882 0.7739 -24.7415 0.0668 0.2000 0.4314 0.3922 0.1961 27.3575 2.0000 
1797 1798 16 -1.6882 0.7739 -24.7415 -1.6898 0.7738 -24.9415 0.0668 0.2000 0.4314 0.3922 0.1961 27.5446 2.0000 
1798 1799 16 -1.6898 0.7738 -24.9415 -1.6866 0.7603 -25.1410 0.0668 0.2000 0.4314 0.3922 0.1961 27.7348 2.0000 
1799 1800 16 -1.6866 0.7603 -25.1410 -1.6803 0.7642 -25.3409 0.0668 0.2000 0.4314 0.3922 0.1961 27.9282 2.0000 
1800 1801 16 -1.6803 0.7642 -25.3409 -1.6755 0.7705 -25.5407 0.0668 0.2000 0.4314 0.3922 0.1961 28.1250 2.0000 
1801 1802 16 -1.6755 0.7705 -25.5407 -1.6697 0.7722 -25.7406 0.0668 0.2000 0.4314 0.3922 0.1961 28.3253 2.0000 
1802 1803 16 -1.6697 0.7722 -25.7406 -1.6640 0.7739 -25.9405 0.0668 0.2000 0.4314 0.3922 0.1961 28.5292 2.0000 
1803 1804 16 -1.6640 0.7739 -25.9405 -1.6586 0.8146 -26.1363 0.0668 0.2000 0.4314 0.3922 0.1961 28.7368 2.0000 
1804 1805 16 -1.6586 0.8146 -26.1363 -1.6481 0.8446 -26.3337 0.0668 0.2000 0.4314 0.3922 0.1961 28.9484 2.0000 
1805 1806 16 -1.6481 0.8446 -26.3337 -1.6267 0.8477 -26.5326 0.0668 0.2000 0.4314 0.3922 0.1961 29.1639 2.0000 
1806 1807 16 -1.6267 0.8477 -26.5326 -1.6009 0.8301 -26.7301 0.0668 0.2000 0.4314 0.3922 0.1961 29.3837 2.0000 
1807 1808 16 -1.6009 0.8301 -26.7301 -1.5704 0.8107 -26.9268 0.0668 0.2000 0.4314 0.3922 0.1961 29.6078 2.0000 
1808 1809 16 -1.5704 0.8107 -26.9268 -1.5475 0.7944 -27.1248 0.0668 0.2000 0.4314 0.3922 0.1961 29.8365 2.0000 
1809 1810 16 -1.5475 0.7944 -27.1248 -1.5359 0.7812 -27.2643 0.0668 0.1406 0.4314 0.3922 0.1961 30.0000 2.0000 
28 1811 17 -0.0219 -0.0947 -3.7431 -0.0359 -0.2835 -3.8075 0.0640 0.2000 0.4314 0.3922 0.1961 16.1390 2.0000 
1811 1812 17 -0.0359 -0.2835 -3.8075 -0.0208 -0.4655 -3.8891 0.0640 0.2000 0.4314 0.3922 0.1961 16.2401 2.0000 
1812 1813 17 -0.0208 -0.4655 -3.8891 -0.0007 -0.6465 -3.9719 0.0640 0.2000 0.4314 0.3922 0.1961 16.3419 2.0000 
1813 1814 17 -0.0007 -0.6465 -3.9719 0.0168 -0.8176 -4.0740 0.0640 0.2000 0.4314 0.3922 0.1961 16.4444 2.0000 
1814 1815 17 0.0168 -0.8176 -4.0740 0.0137 -0.9846 -4.1840 0.0640 0.2000 0.4314 0.3922 0.1961 16.5476 2.0000 
1815 1816 17 0.0137 -0.9846 -4.1840 0.0400 -1.1166 -4.3319 0.0640 0.2000 0.4314 0.3922 0.1961 16.6516 2.0000 
1816 1817 17 0.0400 -1.1166 -4.3319 0.0936 -1.2497 -4.4712 0.0640 0.2000 0.4314 0.3922 0.1961 16.7563 2.0000 
1817 1818 17 0.0936 -1.2497 -4.4712 0.1693 -1.3619 -4.6184 0.0640 0.2000 0.4314 0.3922 0.1961 16.8617 2.0000 
1818 1819 17 0.1693 -1.3619 -4.6184 0.2474 -1.4702 -4.7673 0.0640 0.2000 0.4314 0.3922 0.1961 16.9679 2.0000 
1819 1820 17 0.2474 -1.4702 -4.7673 0.2912 -1.5531 -4.9440 0.0640 0.2000 0.4314 0.3922 0.1961 17.0749 2.0000 
1820 1821 17 0.2912 -1.5531 -4.9440 0.3475 -1.6152 -5.1256 0.0640 0.2000 0.4314 0.3922 0.1961 17.1826 2.0000 
1821 1822 17 0.3475 -1.6152 -5.1256 0.3894 -1.6946 -5.3043 0.0640 0.2000 0.4314 0.3922 0.1961 17.2912 2.0000 
1822 1823 17 0.3894 -1.6946 -5.3043 0.4300 -1.7663 -5.4865 0.0640 0.2000 0.4314 0.3922 0.1961 17.4005 2.0000 
1823 1824 17 0.4300 -1.7663 -5.4865 0.4617 -1.8337 -5.6722 0.0640 0.2000 0.4314 0.3922 0.1961 17.5107 2.0000 
1824 1825 17 0.4617 -1.8337 -5.6722 0.4830 -1.8821 -5.8651 0.0640 0.2000 0.4314 0.3922 0.1961 17.6217 2.0000 
1825 1826 17 0.4830 -1.8821 -5.8651 0.4628 -1.9000 -6.0632 0.0640 0.2000 0.4314 0.3922 0.1961 17.7335 2.0000 
1826 1827 17 0.4628 -1.9000 -6.0632 0.4369 -1.9237 -6.2601 0.0640 0.2000 0.4314 0.3922 0.1961 17.8462 2.0000 
1827 1828 17 0.4369 -1.9237 -6.2601 0.4218 -1.9124 -6.4592 0.0640 0.2000 0.4314 0.3922 0.1961 17.9598 2.0000 
1828 1829 17 0.4218 -1.9124 -6.4592 0.4139 -1.9050 -6.6589 0.0640 0.2000 0.4314 0.3922 0.1961 18.0743 2.0000 
1829 1830 17 0.4139 -1.9050 -6.6589 0.4078 -1.9133 -6.8587 0.0640 0.2000 0.4314 0.3922 0.1961 18.1896 2.0000 
1830 1831 17 0.4078 -1.9133 -6.8587 0.3886 -1.9498 -7.0544 0.0640 0.2000 0.4314 0.3922 0.1961 18.3059 2.0000 
1831 1832 17 0.3886 -1.9498 -7.0544 0.3702 -1.9800 -7.2512 0.0640 0.2000 0.4314 0.3922 0.1961 18.4231 2.0000 
1832 1833 17 0.3702 -1.9800 -7.2512 0.3507 -1.9876 -7.4501 0.0640 0.2000 0.4314 0.3922 0.1961 18.5412 2.0000 
1833 1834 17 0.3507 -1.9876 -7.4501 0.3398 -2.0034 -7.6492 0.0640 0.2000 0.4314 0.3922 0.1961 18.6603 2.0000 
1834 1835 17 0.3398 -2.0034 -7.6492 0.3385 -2.0006 -7.8492 0.0640 0.2000 0.4314 0.3922 0.1961 18.7803 2.0000 
1835 1836 17 0.3385 -2.0006 -7.8492 0.3097 -1.9972 -8.0470 0.0640 0.2000 0.4314 0.3922 0.1961 18.9014 2.0000 
1836 1837 17 0.3097 -1.9972 -8.0470 0.2744 -2.0018 -8.2439 0.0640 0.2000 0.4314 0.3922 0.1961 19.0234 2.0000 
1837 1838 17 0.2744 -2.0018 -8.2439 0.2620 -1.9710 -8.4411 0.0640 0.2000 0.4314 0.3922 0.1961 19.1465 2.0000 
1838 1839 17 0.2620 -1.9710 -8.4411 0.2454 -1.9714 -8.6404 0.0640 0.2000 0.4314 0.3922 0.1961 19.2706 2.0000 
1839 1840 17 0.2454 -1.9714 -8.6404 0.2269 -1.9720 -8.8395 0.0640 0.2000 0.4314 0.3922 0.1961 19.3958 2.0000 
1840 1841 17 0.2269 -1.9720 -8.8395 0.2345 -1.9569 -9.0388 0.0640 0.2000 0.4314 0.3922 0.1961 19.5220 2.0000 
1841 1842 17 0.2345 -1.9569 -9.0388 0.2347 -1.9473 -9.2386 0.0640 0.2000 0.4314 0.3922 0.1961 19.6493 2.0000 
1842 1843 17 0.2347 -1.9473 -9.2386 0.2377 -1.9593 -9.4382 0.0640 0.2000 0.4314 0.3922 0.1961 19.7778 2.0000 
1843 1844 17 0.2377 -1.9593 -9.4382 0.2198 -1.9484 -9.6371 0.0640 0.2000 0.4314 0.3922 0.1961 19.9074 2.0000 
1844 1845 17 0.2198 -1.9484 -9.6371 0.1877 -1.9265 -9.8333 0.0640 0.2000 0.4314 0.3922 0.1961 20.0381 2.0000 
1845 1846 17 0.1877 -1.9265 -9.8333 0.1491 -1.8875 -10.0256 0.0640 0.2000 0.4314 0.3922 0.1961 20.1700 2.0000 
1846 1847 17 0.1491 -1.8875 -10.0256 0.1321 -1.8730 -10.2244 0.0640 0.2000 0.4314 0.3922 0.1961 20.3031 2.0000 
1847 1848 17 0.1321 -1.8730 -10.2244 0.1203 -1.8710 -10.4240 0.0640 0.2000 0.4314 0.3922 0.1961 20.4374 2.0000 
1848 1849 17 0.1203 -1.8710 -10.4240 0.1072 -1.8676 -10.6235 0.0640 0.2000 0.4314 0.3922 0.1961 20.5729 2.0000 
1849 1850 17 0.1072 -1.8676 -10.6235 0.1132 -1.8586 -10.8232 0.0640 0.2000 0.4314 0.3922 0.1961 20.7097 2.0000 
1850 1851 17 0.1132 -1.8586 -10.8232 0.0915 -1.8512 -11.0219 0.0640 0.2000 0.4314 0.3922 0.1961 20.8478 2.0000 
1851 1852 17 0.0915 -1.8512 -11.0219 0.0770 -1.8401 -11.2211 0.0640 0.2000 0.4314 0.3922 0.1961 20.9872 2.0000 
1852 1853 17 0.0770 -1.8401 -11.2211 0.0643 -1.8312 -11.4205 0.0640 0.2000 0.4314 0.3922 0.1961 21.1279 2.0000 
1853 1854 17 0.0643 -1.8312 -11.4205 0.0677 -1.8578 -11.6187 0.0640 0.2000 0.4314 0.3922 0.1961 21.2700 2.0000 
1854 1855 17 0.0677 -1.8578 -11.6187 0.0582 -1.8765 -11.8176 0.0640 0.2000 0.4314 0.3922 0.1961 21.4135 2.0000 
1855 1856 17 0.0582 -1.8765 -11.8176 0.0495 -1.8953 -12.0165 0.0640 0.2000 0.4314 0.3922 0.1961 21.5583 2.0000 
1856 1857 17 0.0495 -1.8953 -12.0165 0.0478 -1.9159 -12.2154 0.0640 0.2000 0.4314 0.3922 0.1961 21.7047 2.0000 
1857 1858 17 0.0478 -1.9159 -12.2154 0.0416 -1.9333 -12.4146 0.0640 0.2000 0.4314 0.3922 0.1961 21.8524 2.0000 
1858 1859 17 0.0416 -1.9333 -12.4146 0.0273 -1.9366 -12.6141 0.0640 0.2000 0.4314 0.3922 0.1961 22.0017 2.0000 
1859 1860 17 0.0273 -1.9366 -12.6141 0.0180 -1.9352 -12.8138 0.0640 0.2000 0.4314 0.3922 0.1961 22.1526 2.0000 
1860 1861 17 0.0180 -1.9352 -12.8138 0.0095 -1.9462 -13.0133 0.0640 0.2000 0.4314 0.3922 0.1961 22.3049 2.0000 
1861 1862 17 0.0095 -1.9462 -13.0133 0.0197 -1.9312 -13.2125 0.0640 0.2000 0.4314 0.3922 0.1961 22.4589 2.0000 
1862 1863 17 0.0197 -1.9312 -13.2125 0.0329 -1.9207 -13.4118 0.0640 0.2000 0.4314 0.3922 0.1961 22.6145 2.0000 
1863 1864 17 0.0329 -1.9207 -13.4118 0.0187 -1.8959 -13.6098 0.0640 0.2000 0.4314 0.3922 0.1961 22.7718 2.0000 
1864 1865 17 0.0187 -1.8959 -13.6098 0.0010 -1.8779 -13.8082 0.0640 0.2000 0.4314 0.3922 0.1961 22.9308 2.0000 
1865 1866 17 0.0010 -1.8779 -13.8082 -0.0176 -1.8954 -14.0065 0.0640 0.2000 0.4314 0.3922 0.1961 23.0915 2.0000 
1866 1867 17 -0.0176 -1.8954 -14.0065 -0.0398 -1.9158 -14.2042 0.0640 0.2000 0.4314 0.3922 0.1961 23.2539 2.0000 
1867 1868 17 -0.0398 -1.9158 -14.2042 -0.0637 -1.9144 -14.4028 0.0640 0.2000 0.4314 0.3922 0.1961 23.4182 2.0000 
1868 1869 17 -0.0637 -1.9144 -14.4028 -0.0898 -1.9121 -14.6011 0.0640 0.2000 0.4314 0.3922 0.1961 23.5844 2.0000 
1869 1870 17 -0.0898 -1.9121 -14.6011 -0.1036 -1.9049 -14.8005 0.0640 0.2000 0.4314 0.3922 0.1961 23.7524 2.0000 
1870 1871 17 -0.1036 -1.9049 -14.8005 -0.1157 -1.8981 -15.0000 0.0640 0.2000 0.4314 0.3922 0.1961 23.9224 2.0000 
1871 1872 17 -0.1157 -1.8981 -15.0000 -0.1150 -1.9025 -15.1999 0.0640 0.2000 0.4314 0.3922 0.1961 24.0944 2.0000 
1872 1873 17 -0.1150 -1.9025 -15.1999 -0.1182 -1.9002 -15.3999 0.0640 0.2000 0.4314 0.3922 0.1961 24.2684 2.0000 
1873 1874 17 -0.1182 -1.9002 -15.3999 -0.1019 -1.8889 -15.5989 0.0640 0.2000 0.4314 0.3922 0.1961 24.4445 2.0000 
1874 1875 17 -0.1019 -1.8889 -15.5989 -0.1028 -1.8681 -15.7978 0.0640 0.2000 0.4314 0.3922 0.1961 24.6227 2.0000 
1875 1876 17 -0.1028 -1.8681 -15.7978 -0.1051 -1.8476 -15.9967 0.0640 0.2000 0.4314 0.3922 0.1961 24.8031 2.0000 
1876 1877 17 -0.1051 -1.8476 -15.9967 -0.0975 -1.8357 -16.1962 0.0640 0.2000 0.4314 0.3922 0.1961 24.9857 2.0000 
1877 1878 17 -0.0975 -1.8357 -16.1962 -0.0835 -1.8154 -16.3947 0.0640 0.2000 0.4314 0.3922 0.1961 25.1707 2.0000 
1878 1879 17 -0.0835 -1.8154 -16.3947 -0.0837 -1.8439 -16.5927 0.0640 0.2000 0.4314 0.3922 0.1961 25.3580 2.0000 
1879 1880 17 -0.0837 -1.8439 -16.5927 -0.0837 -1.8723 -16.7907 0.0640 0.2000 0.4314 0.3922 0.1961 25.5477 2.0000 
1880 1881 17 -0.0837 -1.8723 -16.7907 -0.0734 -1.8856 -16.9899 0.0640 0.2000 0.4314 0.3922 0.1961 25.7399 2.0000 
1881 1882 17 -0.0734 -1.8856 -16.9899 -0.0642 -1.8970 -17.1894 0.0640 0.2000 0.4314 0.3922 0.1961 25.9346 2.0000 
1882 1883 17 -0.0642 -1.8970 -17.1894 -0.0568 -1.9258 -17.3872 0.0640 0.2000 0.4314 0.3922 0.1961 26.1319 2.0000 
1883 1884 17 -0.0568 -1.9258 -17.3872 -0.0517 -1.9611 -17.5840 0.0640 0.2000 0.4314 0.3922 0.1961 26.3320 2.0000 
1884 1885 17 -0.0517 -1.9611 -17.5840 -0.0445 -1.9812 -17.7828 0.0640 0.2000 0.4314 0.3922 0.1961 26.5347 2.0000 
1885 1886 17 -0.0445 -1.9812 -17.7828 -0.0464 -1.9890 -17.9827 0.0640 0.2000 0.4314 0.3922 0.1961 26.7404 2.0000 
1886 1887 17 -0.0464 -1.9890 -17.9827 -0.0401 -1.9862 -18.1826 0.0640 0.2000 0.4314 0.3922 0.1961 26.9489 2.0000 
1887 1888 17 -0.0401 -1.9862 -18.1826 -0.0348 -1.9836 -18.3825 0.0640 0.2000 0.4314 0.3922 0.1961 27.1604 2.0000 
1888 1889 17 -0.0348 -1.9836 -18.3825 -0.0310 -1.9905 -18.5823 0.0640 0.2000 0.4314 0.3922 0.1961 27.3750 2.0000 
1889 1890 17 -0.0310 -1.9905 -18.5823 -0.0292 -1.9943 -18.7823 0.0640 0.2000 0.4314 0.3922 0.1961 27.5928 2.0000 
1890 1891 17 -0.0292 -1.9943 -18.7823 -0.0297 -1.9970 -18.9822 0.0640 0.2000 0.4314 0.3922 0.1961 27.8139 2.0000 
1891 1892 17 -0.0297 -1.9970 -18.9822 -0.0301 -1.9988 -19.1822 0.0640 0.2000 0.4314 0.3922 0.1961 28.0383 2.0000 
1892 1893 17 -0.0301 -1.9988 -19.1822 -0.0217 -2.0035 -19.3820 0.0640 0.2000 0.4314 0.3922 0.1961 28.2662 2.0000 
1893 1894 17 -0.0217 -2.0035 -19.3820 -0.0084 -2.0075 -19.5815 0.0640 0.2000 0.4314 0.3922 0.1961 28.4977 2.0000 
1894 1895 17 -0.0084 -2.0075 -19.5815 -0.0127 -1.9890 -19.7806 0.0640 0.2000 0.4314 0.3922 0.1961 28.7329 2.0000 
1895 1896 17 -0.0127 -1.9890 -19.7806 -0.0128 -1.9775 -19.9803 0.0640 0.2000 0.4314 0.3922 0.1961 28.9719 2.0000 
1896 1897 17 -0.0128 -1.9775 -19.9803 -0.0170 -1.9757 -20.1802 0.0640 0.2000 0.4314 0.3922 0.1961 29.2148 2.0000 
1897 1898 17 -0.0170 -1.9757 -20.1802 -0.0213 -1.9738 -20.3802 0.0640 0.2000 0.4314 0.3922 0.1961 29.4619 2.0000 
1898 1899 17 -0.0213 -1.9738 -20.3802 -0.0324 -1.9568 -20.5791 0.0640 0.2000 0.4314 0.3922 0.1961 29.7131 2.0000 
1899 1900 17 -0.0324 -1.9568 -20.5791 -0.0430 -1.9389 -20.7781 0.0640 0.2000 0.4314 0.3922 0.1961 29.9687 2.0000 
1900 1901 17 -0.0430 -1.9389 -20.7781 -0.0447 -1.9376 -20.8022 0.0640 0.0242 0.4314 0.3922 0.1961 30.0000 2.0000 
29 1902 18 -0.0274 -0.0859 -3.9396 0.1543 -0.1002 -4.0220 0.0592 0.2000 0.4314 0.3922 0.1961 16.3853 2.0000 
1902 1903 18 0.1543 -0.1002 -4.0220 0.3355 -0.1139 -4.1054 0.0592 0.2000 0.4314 0.3922 0.1961 16.4735 2.0000 
1903 1904 18 0.3355 -0.1139 -4.1054 0.5034 -0.1204 -4.2140 0.0592 0.2000 0.4314 0.3922 0.1961 16.5623 2.0000 
1904 1905 18 0.5034 -0.1204 -4.2140 0.6677 -0.1159 -4.3278 0.0592 0.2000 0.4314 0.3922 0.1961 16.6517 2.0000 
1905 1906 18 0.6677 -0.1159 -4.3278 0.8125 -0.0828 -4.4618 0.0592 0.2000 0.4314 0.3922 0.1961 16.7416 2.0000 
1906 1907 18 0.8125 -0.0828 -4.4618 0.9553 -0.0705 -4.6013 0.0592 0.2000 0.4314 0.3922 0.1961 16.8321 2.0000 
1907 1908 18 0.9553 -0.0705 -4.6013 1.0853 -0.0507 -4.7520 0.0592 0.2000 0.4314 0.3922 0.1961 16.9231 2.0000 
1908 1909 18 1.0853 -0.0507 -4.7520 1.2156 -0.0343 -4.9029 0.0592 0.2000 0.4314 0.3922 0.1961 17.0147 2.0000 
1909 1910 18 1.2156 -0.0343 -4.9029 1.3182 -0.0204 -5.0739 0.0592 0.2000 0.4314 0.3922 0.1961 17.1070 2.0000 
1910 1911 18 1.3182 -0.0204 -5.0739 1.3943 0.0217 -5.2540 0.0592 0.2000 0.4314 0.3922 0.1961 17.1998 2.0000 
1911 1912 18 1.3943 0.0217 -5.2540 1.4708 0.0648 -5.4337 0.0592 0.2000 0.4314 0.3922 0.1961 17.2932 2.0000 
1912 1913 18 1.4708 0.0648 -5.4337 1.5536 0.0851 -5.6147 0.0592 0.2000 0.4314 0.3922 0.1961 17.3872 2.0000 
1913 1914 18 1.5536 0.0851 -5.6147 1.6276 0.0787 -5.8004 0.0592 0.2000 0.4314 0.3922 0.1961 17.4818 2.0000 
1914 1915 18 1.6276 0.0787 -5.8004 1.6670 0.0782 -5.9965 0.0592 0.2000 0.4314 0.3922 0.1961 17.5771 2.0000 
1915 1916 18 1.6670 0.0782 -5.9965 1.7027 0.0699 -6.1931 0.0592 0.2000 0.4314 0.3922 0.1961 17.6730 2.0000 
1916 1917 18 1.7027 0.0699 -6.1931 1.7244 0.0593 -6.3916 0.0592 0.2000 0.4314 0.3922 0.1961 17.7695 2.0000 
1917 1918 18 1.7244 0.0593 -6.3916 1.7499 0.0448 -6.5894 0.0592 0.2000 0.4314 0.3922 0.1961 17.8667 2.0000 
1918 1919 18 1.7499 0.0448 -6.5894 1.7765 0.0348 -6.7874 0.0592 0.2000 0.4314 0.3922 0.1961 17.9645 2.0000 
1919 1920 18 1.7765 0.0348 -6.7874 1.8133 0.0534 -6.9831 0.0592 0.2000 0.4314 0.3922 0.1961 18.0630 2.0000 
1920 1921 18 1.8133 0.0534 -6.9831 1.8283 0.0719 -7.1817 0.0592 0.2000 0.4314 0.3922 0.1961 18.1622 2.0000 
1921 1922 18 1.8283 0.0719 -7.1817 1.8436 0.0684 -7.3811 0.0592 0.2000 0.4314 0.3922 0.1961 18.2621 2.0000 
1922 1923 18 1.8436 0.0684 -7.3811 1.8519 0.0488 -7.5799 0.0592 0.2000 0.4314 0.3922 0.1961 18.3627 2.0000 
1923 1924 18 1.8519 0.0488 -7.5799 1.8580 0.0746 -7.7782 0.0592 0.2000 0.4314 0.3922 0.1961 18.4640 2.0000 
1924 1925 18 1.8580 0.0746 -7.7782 1.8625 0.0571 -7.9773 0.0592 0.2000 0.4314 0.3922 0.1961 18.5660 2.0000 
1925 1926 18 1.8625 0.0571 -7.9773 1.8912 0.0548 -8.1752 0.0592 0.2000 0.4314 0.3922 0.1961 18.6687 2.0000 
1926 1927 18 1.8912 0.0548 -8.1752 1.9270 0.0592 -8.3720 0.0592 0.2000 0.4314 0.3922 0.1961 18.7722 2.0000 
1927 1928 18 1.9270 0.0592 -8.3720 1.9618 0.0629 -8.5689 0.0592 0.2000 0.4314 0.3922 0.1961 18.8764 2.0000 
1928 1929 18 1.9618 0.0629 -8.5689 2.0114 0.0578 -8.7626 0.0592 0.2000 0.4314 0.3922 0.1961 18.9814 2.0000 
1929 1930 18 2.0114 0.0578 -8.7626 2.0546 0.0464 -8.9575 0.0592 0.2000 0.4314 0.3922 0.1961 19.0871 2.0000 
1930 1931 18 2.0546 0.0464 -8.9575 2.0749 0.0416 -9.1564 0.0592 0.2000 0.4314 0.3922 0.1961 19.1936 2.0000 
1931 1932 18 2.0749 0.0416 -9.1564 2.0899 0.0530 -9.3555 0.0592 0.2000 0.4314 0.3922 0.1961 19.3009 2.0000 
1932 1933 18 2.0899 0.0530 -9.3555 2.1268 0.0681 -9.5515 0.0592 0.2000 0.4314 0.3922 0.1961 19.4091 2.0000 
1933 1934 18 2.1268 0.0681 -9.5515 2.1629 0.0811 -9.7478 0.0592 0.2000 0.4314 0.3922 0.1961 19.5180 2.0000 
1934 1935 18 2.1629 0.0811 -9.7478 2.1773 0.1212 -9.9432 0.0592 0.2000 0.4314 0.3922 0.1961 19.6278 2.0000 
1935 1936 18 2.1773 0.1212 -9.9432 2.2076 0.1312 -10.1406 0.0592 0.2000 0.4314 0.3922 0.1961 19.7384 2.0000 
1936 1937 18 2.2076 0.1312 -10.1406 2.2137 0.1207 -10.3403 0.0592 0.2000 0.4314 0.3922 0.1961 19.8499 2.0000 
1937 1938 18 2.2137 0.1207 -10.3403 2.2159 0.1052 -10.5397 0.0592 0.2000 0.4314 0.3922 0.1961 19.9622 2.0000 
1938 1939 18 2.2159 0.1052 -10.5397 2.2381 0.1221 -10.7377 0.0592 0.2000 0.4314 0.3922 0.1961 20.0754 2.0000 
1939 1940 18 2.2381 0.1221 -10.7377 2.2617 0.1612 -10.9324 0.0592 0.2000 0.4314 0.3922 0.1961 20.1895 2.0000 
1940 1941 18 2.2617 0.1612 -10.9324 2.2485 0.1934 -11.1294 0.0592 0.2000 0.4314 0.3922 0.1961 20.3046 2.0000 
1941 1942 18 2.2485 0.1934 -11.1294 2.2388 0.2241 -11.3268 0.0592 0.2000 0.4314 0.3922 0.1961 20.4205 2.0000 
1942 1943 18 2.2388 0.2241 -11.3268 2.2173 0.2510 -11.5238 0.0592 0.2000 0.4314 0.3922 0.1961 20.5374 2.0000 
1943 1944 18 2.2173 0.2510 -11.5238 2.1976 0.2703 -11.7219 0.0592 0.2000 0.4314 0.3922 0.1961 20.6553 2.0000 
1944 1945 18 2.1976 0.2703 -11.7219 2.1752 0.2681 -11.9206 0.0592 0.2000 0.4314 0.3922 0.1961 20.7741 2.0000 
1945 1946 18 2.1752 0.2681 -11.9206 2.1468 0.2734 -12.1185 0.0592 0.2000 0.4314 0.3922 0.1961 20.8939 2.0000 
1946 1947 18 2.1468 0.2734 -12.1185 2.1415 0.2953 -12.3172 0.0592 0.2000 0.4314 0.3922 0.1961 21.0147 2.0000 
1947 1948 18 2.1415 0.2953 -12.3172 2.1373 0.3110 -12.5166 0.0592 0.2000 0.4314 0.3922 0.1961 21.1366 2.0000 
1948 1949 18 2.1373 0.3110 -12.5166 2.1300 0.3170 -12.7163 0.0592 0.2000 0.4314 0.3922 0.1961 21.2594 2.0000 
1949 1950 18 2.1300 0.3170 -12.7163 2.1040 0.2867 -12.9123 0.0592 0.2000 0.4314 0.3922 0.1961 21.3834 2.0000 
1950 1951 18 2.1040 0.2867 -12.9123 2.0768 0.2647 -13.1092 0.0592 0.2000 0.4314 0.3922 0.1961 21.5084 2.0000 
1951 1952 18 2.0768 0.2647 -13.1092 2.1003 0.2655 -13.3078 0.0592 0.2000 0.4314 0.3922 0.1961 21.6345 2.0000 
1952 1953 18 2.1003 0.2655 -13.3078 2.1044 0.2691 -13.5078 0.0592 0.2000 0.4314 0.3922 0.1961 21.7617 2.0000 
1953 1954 18 2.1044 0.2691 -13.5078 2.1254 0.2483 -13.7056 0.0592 0.2000 0.4314 0.3922 0.1961 21.8900 2.0000 
1954 1955 18 2.1254 0.2483 -13.7056 2.1321 0.2143 -13.9026 0.0592 0.2000 0.4314 0.3922 0.1961 22.0195 2.0000 
1955 1956 18 2.1321 0.2143 -13.9026 2.1444 0.2320 -14.1014 0.0592 0.2000 0.4314 0.3922 0.1961 22.1502 2.0000 
1956 1957 18 2.1444 0.2320 -14.1014 2.1533 0.2407 -14.3010 0.0592 0.2000 0.4314 0.3922 0.1961 22.2821 2.0000 
1957 1958 18 2.1533 0.2407 -14.3010 2.1589 0.2535 -14.5005 0.0592 0.2000 0.4314 0.3922 0.1961 22.4152 2.0000 
1958 1959 18 2.1589 0.2535 -14.5005 2.1551 0.2470 -14.7004 0.0592 0.2000 0.4314 0.3922 0.1961 22.5495 2.0000 
1959 1960 18 2.1551 0.2470 -14.7004 2.1570 0.2311 -14.8997 0.0592 0.2000 0.4314 0.3922 0.1961 22.6851 2.0000 
1960 1961 18 2.1570 0.2311 -14.8997 2.1592 0.2161 -15.0992 0.0592 0.2000 0.4314 0.3922 0.1961 22.8220 2.0000 
1961 1962 18 2.1592 0.2161 -15.0992 2.1617 0.1964 -15.2982 0.0592 0.2000 0.4314 0.3922 0.1961 22.9602 2.0000 
1962 1963 18 2.1617 0.1964 -15.2982 2.1733 0.1762 -15.4968 0.0592 0.2000 0.4314 0.3922 0.1961 23.0997 2.0000 
1963 1964 18 2.1733 0.1762 -15.4968 2.1680 0.1736 -15.6967 0.0592 0.2000 0.4314 0.3922 0.1961 23.2406 2.0000 
1964 1965 18 2.1680 0.1736 -15.6967 2.1636 0.1714 -15.8967 0.0592 0.2000 0.4314 0.3922 0.1961 23.3829 2.0000 
1965 1966 18 2.1636 0.1714 -15.8967 2.1578 0.1690 -16.0966 0.0592 0.2000 0.4314 0.3922 0.1961 23.5266 2.0000 
1966 1967 18 2.1578 0.1690 -16.0966 2.1678 0.1700 -16.2963 0.0592 0.2000 0.4314 0.3922 0.1961 23.6718 2.0000 
1967 1968 18 2.1678 0.1700 -16.2963 2.1777 0.1710 -16.4961 0.0592 0.2000 0.4314 0.3922 0.1961 23.8184 2.0000 
1968 1969 18 2.1777 0.1710 -16.4961 2.1843 0.1766 -16.6959 0.0592 0.2000 0.4314 0.3922 0.1961 23.9665 2.0000 
1969 1970 18 2.1843 0.1766 -16.6959 2.1981 0.1823 -16.8953 0.0592 0.2000 0.4314 0.3922 0.1961 24.1162 2.0000 
1970 1971 18 2.1981 0.1823 -16.8953 2.1975 0.1876 -17.0952 0.0592 0.2000 0.4314 0.3922 0.1961 24.2675 2.0000 
1971 1972 18 2.1975 0.1876 -17.0952 2.1894 0.1816 -17.2950 0.0592 0.2000 0.4314 0.3922 0.1961 24.4203 2.0000 
1972 1973 18 2.1894 0.1816 -17.2950 2.1708 0.1921 -17.4938 0.0592 0.2000 0.4314 0.3922 0.1961 24.5748 2.0000 
1973 1974 18 2.1708 0.1921 -17.4938 2.1698 0.2111 -17.6929 0.0592 0.2000 0.4314 0.3922 0.1961 24.7310 2.0000 
1974 1975 18 2.1698 0.2111 -17.6929 2.1516 0.2293 -17.8913 0.0592 0.2000 0.4314 0.3922 0.1961 24.8889 2.0000 
1975 1976 18 2.1516 0.2293 -17.8913 2.1495 0.2627 -18.0885 0.0592 0.2000 0.4314 0.3922 0.1961 25.0485 2.0000 
1976 1977 18 2.1495 0.2627 -18.0885 2.1675 0.3261 -18.2773 0.0592 0.2000 0.4314 0.3922 0.1961 25.2099 2.0000 
1977 1978 18 2.1675 0.3261 -18.2773 2.2152 0.3619 -18.4682 0.0592 0.2000 0.4314 0.3922 0.1961 25.3731 2.0000 
1978 1979 18 2.2152 0.3619 -18.4682 2.2640 0.3963 -18.6591 0.0592 0.2000 0.4314 0.3922 0.1961 25.5383 2.0000 
1979 1980 18 2.2640 0.3963 -18.6591 2.2747 0.4409 -18.8537 0.0592 0.2000 0.4314 0.3922 0.1961 25.7053 2.0000 
1980 1981 18 2.2747 0.4409 -18.8537 2.2488 0.4796 -19.0482 0.0592 0.2000 0.4314 0.3922 0.1961 25.8743 2.0000 
1981 1982 18 2.2488 0.4796 -19.0482 2.2540 0.4912 -19.2478 0.0592 0.2000 0.4314 0.3922 0.1961 26.0453 2.0000 
1982 1983 18 2.2540 0.4912 -19.2478 2.2592 0.5027 -19.4474 0.0592 0.2000 0.4314 0.3922 0.1961 26.2183 2.0000 
1983 1984 18 2.2592 0.5027 -19.4474 2.2671 0.4995 -19.6473 0.0592 0.2000 0.4314 0.3922 0.1961 26.3935 2.0000 
1984 1985 18 2.2671 0.4995 -19.6473 2.2756 0.5008 -19.8471 0.0592 0.2000 0.4314 0.3922 0.1961 26.5708 2.0000 
1985 1986 18 2.2756 0.5008 -19.8471 2.2902 0.4664 -20.0435 0.0592 0.2000 0.4314 0.3922 0.1961 26.7503 2.0000 
1986 1987 18 2.2902 0.4664 -20.0435 2.2761 0.4384 -20.2411 0.0592 0.2000 0.4314 0.3922 0.1961 26.9321 2.0000 
1987 1988 18 2.2761 0.4384 -20.2411 2.3028 0.4143 -20.4378 0.0592 0.2000 0.4314 0.3922 0.1961 27.1162 2.0000 
1988 1989 18 2.3028 0.4143 -20.4378 2.3040 0.3945 -20.6368 0.0592 0.2000 0.4314 0.3922 0.1961 27.3026 2.0000 
1989 1990 18 2.3040 0.3945 -20.6368 2.3144 0.3953 -20.8366 0.0592 0.2000 0.4314 0.3922 0.1961 27.4916 2.0000 
1990 1991 18 2.3144 0.3953 -20.8366 2.3288 0.4002 -21.0360 0.0592 0.2000 0.4314 0.3922 0.1961 27.6830 2.0000 
1991 1992 18 2.3288 0.4002 -21.0360 2.3463 0.3808 -21.2343 0.0592 0.2000 0.4314 0.3922 0.1961 27.8770 2.0000 
1992 1993 18 2.3463 0.3808 -21.2343 2.3481 0.3745 -21.4342 0.0592 0.2000 0.4314 0.3922 0.1961 28.0737 2.0000 
1993 1994 18 2.3481 0.3745 -21.4342 2.3485 0.3685 -21.6341 0.0592 0.2000 0.4314 0.3922 0.1961 28.2731 2.0000 
1994 1995 18 2.3485 0.3685 -21.6341 2.3464 0.3658 -21.8340 0.0592 0.2000 0.4314 0.3922 0.1961 28.4752 2.0000 
1995 1996 18 2.3464 0.3658 -21.8340 2.3437 0.3633 -22.0340 0.0592 0.2000 0.4314 0.3922 0.1961 28.6803 2.0000 
1996 1997 18 2.3437 0.3633 -22.0340 2.3502 0.3798 -22.2332 0.0592 0.2000 0.4314 0.3922 0.1961 28.8883 2.0000 
1997 1998 18 2.3502 0.3798 -22.2332 2.3562 0.3959 -22.4325 0.0592 0.2000 0.4314 0.3922 0.1961 29.0994 2.0000 
1998 1999 18 2.3562 0.3959 -22.4325 2.3580 0.3992 -22.6324 0.0592 0.2000 0.4314 0.3922 0.1961 29.3136 2.0000 
1999 2000 18 2.3580 0.3992 -22.6324 2.3648 0.4034 -22.8323 0.0592 0.2000 0.4314 0.3922 0.1961 29.5310 2.0000 
2000 2001 18 2.3648 0.4034 -22.8323 2.3755 0.3987 -23.0319 0.0592 0.2000 0.4314 0.3922 0.1961 29.7518 2.0000 
2001 2002 18 2.3755 0.3987 -23.0319 2.3505 0.4155 -23.2297 0.0592 0.2000 0.4314 0.3922 0.1961 29.9760 2.0000 
2002 2003 18 2.3505 0.4155 -23.2297 2.3478 0.4173 -23.2506 0.0592 0.0212 0.4314 0.3922 0.1961 30.0000 2.0000 
30 2004 19 -0.0288 -0.0861 -4.0754 0.0803 -0.2358 -4.1507 0.0588 0.2000 0.4314 0.3922 0.1961 16.5456 2.0000 
2004 2005 19 0.0803 -0.2358 -4.1507 0.1212 -0.4100 -4.2401 0.0588 0.2000 0.4314 0.3922 0.1961 16.6146 2.0000 
2005 2006 19 0.1212 -0.4100 -4.2401 0.2227 -0.5430 -4.3497 0.0588 0.2000 0.4314 0.3922 0.1961 16.6840 2.0000 
2006 2007 19 0.2227 -0.5430 -4.3497 0.3312 -0.6464 -4.4821 0.0588 0.2000 0.4314 0.3922 0.1961 16.7539 2.0000 
2007 2008 19 0.3312 -0.6464 -4.4821 0.3988 -0.7493 -4.6397 0.0588 0.2000 0.4314 0.3922 0.1961 16.8243 2.0000 
2008 2009 19 0.3988 -0.7493 -4.6397 0.4589 -0.8225 -4.8158 0.0588 0.2000 0.4314 0.3922 0.1961 16.8951 2.0000 
2009 2010 19 0.4589 -0.8225 -4.8158 0.5180 -0.8936 -4.9932 0.0588 0.2000 0.4314 0.3922 0.1961 16.9665 2.0000 
2010 2011 19 0.5180 -0.8936 -4.9932 0.5948 -0.9059 -5.1774 0.0588 0.2000 0.4314 0.3922 0.1961 17.0383 2.0000 
2011 2012 19 0.5948 -0.9059 -5.1774 0.6386 -0.9046 -5.3726 0.0588 0.2000 0.4314 0.3922 0.1961 17.1107 2.0000 
2012 2013 19 0.6386 -0.9046 -5.3726 0.6283 -0.9094 -5.5723 0.0588 0.2000 0.4314 0.3922 0.1961 17.1835 2.0000 
2013 2014 19 0.6283 -0.9094 -5.5723 0.6180 -0.9130 -5.7720 0.0588 0.2000 0.4314 0.3922 0.1961 17.2569 2.0000 
2014 2015 19 0.6180 -0.9130 -5.7720 0.6232 -0.9087 -5.9719 0.0588 0.2000 0.4314 0.3922 0.1961 17.3308 2.0000 
2015 2016 19 0.6232 -0.9087 -5.9719 0.6229 -0.9053 -6.1718 0.0588 0.2000 0.4314 0.3922 0.1961 17.4052 2.0000 
2016 2017 19 0.6229 -0.9053 -6.1718 0.6255 -0.9015 -6.3718 0.0588 0.2000 0.4314 0.3922 0.1961 17.4801 2.0000 
2017 2018 19 0.6255 -0.9015 -6.3718 0.6191 -0.9033 -6.5717 0.0588 0.2000 0.4314 0.3922 0.1961 17.5556 2.0000 
2018 2019 19 0.6191 -0.9033 -6.5717 0.6080 -0.8974 -6.7713 0.0588 0.2000 0.4314 0.3922 0.1961 17.6317 2.0000 
2019 2020 19 0.6080 -0.8974 -6.7713 0.6164 -0.8908 -6.9710 0.0588 0.2000 0.4314 0.3922 0.1961 17.7083 2.0000 
2020 2021 19 0.6164 -0.8908 -6.9710 0.6237 -0.8869 -7.1708 0.0588 0.2000 0.4314 0.3922 0.1961 17.7855 2.0000 
2021 2022 19 0.6237 -0.8869 -7.1708 0.6145 -0.8794 -7.3705 0.0588 0.2000 0.4314 0.3922 0.1961 17.8633 2.0000 
2022 2023 19 0.6145 -0.8794 -7.3705 0.6117 -0.8692 -7.5702 0.0588 0.2000 0.4314 0.3922 0.1961 17.9416 2.0000 
2023 2024 19 0.6117 -0.8692 -7.5702 0.6042 -0.8679 -7.7700 0.0588 0.2000 0.4314 0.3922 0.1961 18.0206 2.0000 
2024 2025 19 0.6042 -0.8679 -7.7700 0.6045 -0.8612 -7.9699 0.0588 0.2000 0.4314 0.3922 0.1961 18.1001 2.0000 
2025 2026 19 0.6045 -0.8612 -7.9699 0.6045 -0.8535 -8.1698 0.0588 0.2000 0.4314 0.3922 0.1961 18.1803 2.0000 
2026 2027 19 0.6045 -0.8535 -8.1698 0.6190 -0.8769 -8.3679 0.0588 0.2000 0.4314 0.3922 0.1961 18.2611 2.0000 
2027 2028 19 0.6190 -0.8769 -8.3679 0.6241 -0.8805 -8.5678 0.0588 0.2000 0.4314 0.3922 0.1961 18.3425 2.0000 
2028 2029 19 0.6241 -0.8805 -8.5678 0.6124 -0.8872 -8.7673 0.0588 0.2000 0.4314 0.3922 0.1961 18.4246 2.0000 
2029 2030 19 0.6124 -0.8872 -8.7673 0.6072 -0.8928 -8.9672 0.0588 0.2000 0.4314 0.3922 0.1961 18.5073 2.0000 
2030 2031 19 0.6072 -0.8928 -8.9672 0.6034 -0.9092 -9.1665 0.0588 0.2000 0.4314 0.3922 0.1961 18.5907 2.0000 
2031 2032 19 0.6034 -0.9092 -9.1665 0.6088 -0.9146 -9.3663 0.0588 0.2000 0.4314 0.3922 0.1961 18.6748 2.0000 
2032 2033 19 0.6088 -0.9146 -9.3663 0.6198 -0.9180 -9.5660 0.0588 0.2000 0.4314 0.3922 0.1961 18.7596 2.0000 
2033 2034 19 0.6198 -0.9180 -9.5660 0.6225 -0.9344 -9.7653 0.0588 0.2000 0.4314 0.3922 0.1961 18.8450 2.0000 
2034 2035 19 0.6225 -0.9344 -9.7653 0.6281 -0.9476 -9.9648 0.0588 0.2000 0.4314 0.3922 0.1961 18.9312 2.0000 
2035 2036 19 0.6281 -0.9476 -9.9648 0.6410 -0.9792 -10.1618 0.0588 0.2000 0.4314 0.3922 0.1961 19.0181 2.0000 
2036 2037 19 0.6410 -0.9792 -10.1618 0.6591 -1.0107 -10.3585 0.0588 0.2000 0.4314 0.3922 0.1961 19.1057 2.0000 
2037 2038 19 0.6591 -1.0107 -10.3585 0.6762 -1.0322 -10.5566 0.0588 0.2000 0.4314 0.3922 0.1961 19.1941 2.0000 
2038 2039 19 0.6762 -1.0322 -10.5566 0.7024 -1.0313 -10.7549 0.0588 0.2000 0.4314 0.3922 0.1961 19.2832 2.0000 
2039 2040 19 0.7024 -1.0313 -10.7549 0.7360 -1.0236 -10.9519 0.0588 0.2000 0.4314 0.3922 0.1961 19.3731 2.0000 
2040 2041 19 0.7360 -1.0236 -10.9519 0.7548 -1.0091 -11.1505 0.0588 0.2000 0.4314 0.3922 0.1961 19.4638 2.0000 
2041 2042 19 0.7548 -1.0091 -11.1505 0.7267 -1.0197 -11.3482 0.0588 0.2000 0.4314 0.3922 0.1961 19.5553 2.0000 
2042 2043 19 0.7267 -1.0197 -11.3482 0.7061 -1.0234 -11.5471 0.0588 0.2000 0.4314 0.3922 0.1961 19.6476 2.0000 
2043 2044 19 0.7061 -1.0234 -11.5471 0.6826 -1.0222 -11.7457 0.0588 0.2000 0.4314 0.3922 0.1961 19.7408 2.0000 
2044 2045 19 0.6826 -1.0222 -11.7457 0.6645 -1.0159 -11.9448 0.0588 0.2000 0.4314 0.3922 0.1961 19.8348 2.0000 
2045 2046 19 0.6645 -1.0159 -11.9448 0.6446 -1.0148 -12.1438 0.0588 0.2000 0.4314 0.3922 0.1961 19.9296 2.0000 
2046 2047 19 0.6446 -1.0148 -12.1438 0.6371 -1.0202 -12.3436 0.0588 0.2000 0.4314 0.3922 0.1961 20.0253 2.0000 
2047 2048 19 0.6371 -1.0202 -12.3436 0.6278 -1.0281 -12.5432 0.0588 0.2000 0.4314 0.3922 0.1961 20.1219 2.0000 
2048 2049 19 0.6278 -1.0281 -12.5432 0.6170 -1.0476 -12.7420 0.0588 0.2000 0.4314 0.3922 0.1961 20.2195 2.0000 
2049 2050 19 0.6170 -1.0476 -12.7420 0.6114 -1.0447 -12.9419 0.0588 0.2000 0.4314 0.3922 0.1961 20.3179 2.0000 
2050 2051 19 0.6114 -1.0447 -12.9419 0.6044 -1.0419 -13.1418 0.0588 0.2000 0.4314 0.3922 0.1961 20.4173 2.0000 
2051 2052 19 0.6044 -1.0419 -13.1418 0.5985 -1.0354 -13.3416 0.0588 0.2000 0.4314 0.3922 0.1961 20.5176 2.0000 
2052 2053 19 0.5985 -1.0354 -13.3416 0.6010 -1.0290 -13.5414 0.0588 0.2000 0.4314 0.3922 0.1961 20.6190 2.0000 
2053 2054 19 0.6010 -1.0290 -13.5414 0.5747 -1.0185 -13.7394 0.0588 0.2000 0.4314 0.3922 0.1961 20.7213 2.0000 
2054 2055 19 0.5747 -1.0185 -13.7394 0.5504 -1.0201 -13.9379 0.0588 0.2000 0.4314 0.3922 0.1961 20.8247 2.0000 
2055 2056 19 0.5504 -1.0201 -13.9379 0.5393 -1.0374 -14.1369 0.0588 0.2000 0.4314 0.3922 0.1961 20.9291 2.0000 
2056 2057 19 0.5393 -1.0374 -14.1369 0.5302 -1.0549 -14.3359 0.0588 0.2000 0.4314 0.3922 0.1961 21.0345 2.0000 
2057 2058 19 0.5302 -1.0549 -14.3359 0.5264 -1.0502 -14.5358 0.0588 0.2000 0.4314 0.3922 0.1961 21.1411 2.0000 
2058 2059 19 0.5264 -1.0502 -14.5358 0.5312 -1.0502 -14.7358 0.0588 0.2000 0.4314 0.3922 0.1961 21.2487 2.0000 
2059 2060 19 0.5312 -1.0502 -14.7358 0.5564 -1.0540 -14.9341 0.0588 0.2000 0.4314 0.3922 0.1961 21.3575 2.0000 
2060 2061 19 0.5564 -1.0540 -14.9341 0.5835 -1.0545 -15.1323 0.0588 0.2000 0.4314 0.3922 0.1961 21.4674 2.0000 
2061 2062 19 0.5835 -1.0545 -15.1323 0.5974 -1.0705 -15.3312 0.0588 0.2000 0.4314 0.3922 0.1961 21.5786 2.0000 
2062 2063 19 0.5974 -1.0705 -15.3312 0.6119 -1.1035 -15.5279 0.0588 0.2000 0.4314 0.3922 0.1961 21.6909 2.0000 
2063 2064 19 0.6119 -1.1035 -15.5279 0.6148 -1.1289 -15.7262 0.0588 0.2000 0.4314 0.3922 0.1961 21.8044 2.0000 
2064 2065 19 0.6148 -1.1289 -15.7262 0.6155 -1.1332 -15.9262 0.0588 0.2000 0.4314 0.3922 0.1961 21.9192 2.0000 
2065 2066 19 0.6155 -1.1332 -15.9262 0.6193 -1.1324 -16.1262 0.0588 0.2000 0.4314 0.3922 0.1961 22.0353 2.0000 
2066 2067 19 0.6193 -1.1324 -16.1262 0.6232 -1.1316 -16.3261 0.0588 0.2000 0.4314 0.3922 0.1961 22.1527 2.0000 
2067 2068 19 0.6232 -1.1316 -16.3261 0.6258 -1.1452 -16.5256 0.0588 0.2000 0.4314 0.3922 0.1961 22.2715 2.0000 
2068 2069 19 0.6258 -1.1452 -16.5256 0.6248 -1.1571 -16.7253 0.0588 0.2000 0.4314 0.3922 0.1961 22.3916 2.0000 
2069 2070 19 0.6248 -1.1571 -16.7253 0.6203 -1.1666 -16.9250 0.0588 0.2000 0.4314 0.3922 0.1961 22.5132 2.0000 
2070 2071 19 0.6203 -1.1666 -16.9250 0.6156 -1.1734 -17.1248 0.0588 0.2000 0.4314 0.3922 0.1961 22.6361 2.0000 
2071 2072 19 0.6156 -1.1734 -17.1248 0.6161 -1.1806 -17.3247 0.0588 0.2000 0.4314 0.3922 0.1961 22.7606 2.0000 
2072 2073 19 0.6161 -1.1806 -17.3247 0.6225 -1.1860 -17.5245 0.0588 0.2000 0.4314 0.3922 0.1961 22.8866 2.0000 
2073 2074 19 0.6225 -1.1860 -17.5245 0.6319 -1.1932 -17.7242 0.0588 0.2000 0.4314 0.3922 0.1961 23.0141 2.0000 
2074 2075 19 0.6319 -1.1932 -17.7242 0.6543 -1.2064 -17.9225 0.0588 0.2000 0.4314 0.3922 0.1961 23.1432 2.0000 
2075 2076 19 0.6543 -1.2064 -17.9225 0.6522 -1.2032 -18.1224 0.0588 0.2000 0.4314 0.3922 0.1961 23.2739 2.0000 
2076 2077 19 0.6522 -1.2032 -18.1224 0.6324 -1.1848 -18.3206 0.0588 0.2000 0.4314 0.3922 0.1961 23.4063 2.0000 
2077 2078 19 0.6324 -1.1848 -18.3206 0.6132 -1.1696 -18.5191 0.0588 0.2000 0.4314 0.3922 0.1961 23.5404 2.0000 
2078 2079 19 0.6132 -1.1696 -18.5191 0.5848 -1.1697 -18.7171 0.0588 0.2000 0.4314 0.3922 0.1961 23.6763 2.0000 
2079 2080 19 0.5848 -1.1697 -18.7171 0.5568 -1.1678 -18.9151 0.0588 0.2000 0.4314 0.3922 0.1961 23.8140 2.0000 
2080 2081 19 0.5568 -1.1678 -18.9151 0.5204 -1.1735 -19.1117 0.0588 0.2000 0.4314 0.3922 0.1961 23.9535 2.0000 
2081 2082 19 0.5204 -1.1735 -19.1117 0.4838 -1.1794 -19.3082 0.0588 0.2000 0.4314 0.3922 0.1961 24.0950 2.0000 
2082 2083 19 0.4838 -1.1794 -19.3082 0.4597 -1.1900 -19.5065 0.0588 0.2000 0.4314 0.3922 0.1961 24.2384 2.0000 
2083 2084 19 0.4597 -1.1900 -19.5065 0.4454 -1.2100 -19.7050 0.0588 0.2000 0.4314 0.3922 0.1961 24.3838 2.0000 
2084 2085 19 0.4454 -1.2100 -19.7050 0.4224 -1.2403 -19.9013 0.0588 0.2000 0.4314 0.3922 0.1961 24.5313 2.0000 
2085 2086 19 0.4224 -1.2403 -19.9013 0.4026 -1.1912 -20.0942 0.0588 0.2000 0.4314 0.3922 0.1961 24.6809 2.0000 
2086 2087 19 0.4026 -1.1912 -20.0942 0.3817 -1.1457 -20.2878 0.0588 0.2000 0.4314 0.3922 0.1961 24.8327 2.0000 
2087 2088 19 0.3817 -1.1457 -20.2878 0.3675 -1.1136 -20.4847 0.0588 0.2000 0.4314 0.3922 0.1961 24.9867 2.0000 
2088 2089 19 0.3675 -1.1136 -20.4847 0.3732 -1.0994 -20.6841 0.0588 0.2000 0.4314 0.3922 0.1961 25.1431 2.0000 
2089 2090 19 0.3732 -1.0994 -20.6841 0.3785 -1.0869 -20.8837 0.0588 0.2000 0.4314 0.3922 0.1961 25.3019 2.0000 
2090 2091 19 0.3785 -1.0869 -20.8837 0.3886 -1.1041 -21.0827 0.0588 0.2000 0.4314 0.3922 0.1961 25.4631 2.0000 
2091 2092 19 0.3886 -1.1041 -21.0827 0.3744 -1.0960 -21.2820 0.0588 0.2000 0.4314 0.3922 0.1961 25.6269 2.0000 
2092 2093 19 0.3744 -1.0960 -21.2820 0.3541 -1.0973 -21.4810 0.0588 0.2000 0.4314 0.3922 0.1961 25.7933 2.0000 
2093 2094 19 0.3541 -1.0973 -21.4810 0.3425 -1.1138 -21.6799 0.0588 0.2000 0.4314 0.3922 0.1961 25.9625 2.0000 
2094 2095 19 0.3425 -1.1138 -21.6799 0.3388 -1.1325 -21.8790 0.0588 0.2000 0.4314 0.3922 0.1961 26.1344 2.0000 
2095 2096 19 0.3388 -1.1325 -21.8790 0.3141 -1.1212 -22.0772 0.0588 0.2000 0.4314 0.3922 0.1961 26.3093 2.0000 
2096 2097 19 0.3141 -1.1212 -22.0772 0.2920 -1.1230 -22.2759 0.0588 0.2000 0.4314 0.3922 0.1961 26.4871 2.0000 
2097 2098 19 0.2920 -1.1230 -22.2759 0.2906 -1.1209 -22.4759 0.0588 0.2000 0.4314 0.3922 0.1961 26.6680 2.0000 
2098 2099 19 0.2906 -1.1209 -22.4759 0.2813 -1.1143 -22.6756 0.0588 0.2000 0.4314 0.3922 0.1961 26.8522 2.0000 
2099 2100 19 0.2813 -1.1143 -22.6756 0.3029 -1.1173 -22.8744 0.0588 0.2000 0.4314 0.3922 0.1961 27.0397 2.0000 
2100 2101 19 0.3029 -1.1173 -22.8744 0.3076 -1.1369 -23.0734 0.0588 0.2000 0.4314 0.3922 0.1961 27.2307 2.0000 
2101 2102 19 0.3076 -1.1369 -23.0734 0.3099 -1.1608 -23.2719 0.0588 0.2000 0.4314 0.3922 0.1961 27.4252 2.0000 
2102 2103 19 0.3099 -1.1608 -23.2719 0.2894 -1.1570 -23.4709 0.0588 0.2000 0.4314 0.3922 0.1961 27.6235 2.0000 
2103 2104 19 0.2894 -1.1570 -23.4709 0.2727 -1.1667 -23.6699 0.0588 0.2000 0.4314 0.3922 0.1961 27.8256 2.0000 
2104 2105 19 0.2727 -1.1667 -23.6699 0.2472 -1.1782 -23.8680 0.0588 0.2000 0.4314 0.3922 0.1961 28.0317 2.0000 
2105 2106 19 0.2472 -1.1782 -23.8680 0.2253 -1.1998 -24.0656 0.0588 0.2000 0.4314 0.3922 0.1961 28.2420 2.0000 
2106 2107 19 0.2253 -1.1998 -24.0656 0.1997 -1.2295 -24.2617 0.0588 0.2000 0.4314 0.3922 0.1961 28.4567 2.0000 
2107 2108 19 0.1997 -1.2295 -24.2617 0.1814 -1.2525 -24.4595 0.0588 0.2000 0.4314 0.3922 0.1961 28.6760 2.0000 
2108 2109 19 0.1814 -1.2525 -24.4595 0.1833 -1.2535 -24.6595 0.0588 0.2000 0.4314 0.3922 0.1961 28.8999 2.0000 
2109 2110 19 0.1833 -1.2535 -24.6595 0.1904 -1.2446 -24.8592 0.0588 0.2000 0.4314 0.3922 0.1961 29.1288 2.0000 
2110 2111 19 0.1904 -1.2446 -24.8592 0.2016 -1.2378 -25.0588 0.0588 0.2000 0.4314 0.3922 0.1961 29.3629 2.0000 
2111 2112 19 0.2016 -1.2378 -25.0588 0.1994 -1.2210 -25.2580 0.0588 0.2000 0.4314 0.3922 0.1961 29.6024 2.0000 
2112 2113 19 0.1994 -1.2210 -25.2580 0.1963 -1.2146 -25.4579 0.0588 0.2000 0.4314 0.3922 0.1961 29.8475 2.0000 
2113 2114 19 0.1963 -1.2146 -25.4579 0.2084 -1.2070 -25.5791 0.0588 0.1220 0.4314 0.3922 0.1961 30.0000 2.0000 
32 2115 20 -0.0301 -0.0876 -4.3791 -0.0345 -0.2764 -4.4449 0.0456 0.2000 0.4314 0.3922 0.1961 16.9436 2.0000 
2115 2116 20 -0.0345 -0.2764 -4.4449 -0.0176 -0.4556 -4.5321 0.0456 0.2000 0.4314 0.3922 0.1961 17.0062 2.0000 
2116 2117 20 -0.0176 -0.4556 -4.5321 0.0066 -0.6207 -4.6423 0.0456 0.2000 0.4314 0.3922 0.1961 17.0692 2.0000 
2117 2118 20 0.0066 -0.6207 -4.6423 0.0356 -0.7737 -4.7679 0.0456 0.2000 0.4314 0.3922 0.1961 17.1326 2.0000 
2118 2119 20 0.0356 -0.7737 -4.7679 0.0675 -0.8994 -4.9201 0.0456 0.2000 0.4314 0.3922 0.1961 17.1963 2.0000 
2119 2120 20 0.0675 -0.8994 -4.9201 0.0604 -1.0113 -5.0858 0.0456 0.2000 0.4314 0.3922 0.1961 17.2604 2.0000 
2120 2121 20 0.0604 -1.0113 -5.0858 0.0536 -1.1251 -5.2501 0.0456 0.2000 0.4314 0.3922 0.1961 17.3248 2.0000 
2121 2122 20 0.0536 -1.1251 -5.2501 0.0886 -1.2050 -5.4301 0.0456 0.2000 0.4314 0.3922 0.1961 17.3897 2.0000 
2122 2123 20 0.0886 -1.2050 -5.4301 0.1277 -1.2523 -5.6204 0.0456 0.2000 0.4314 0.3922 0.1961 17.4549 2.0000 
2123 2124 20 0.1277 -1.2523 -5.6204 0.1623 -1.3122 -5.8081 0.0456 0.2000 0.4314 0.3922 0.1961 17.5205 2.0000 
2124 2125 20 0.1623 -1.3122 -5.8081 0.1909 -1.3625 -5.9995 0.0456 0.2000 0.4314 0.3922 0.1961 17.5865 2.0000 
2125 2126 20 0.1909 -1.3625 -5.9995 0.2284 -1.3932 -6.1935 0.0456 0.2000 0.4314 0.3922 0.1961 17.6529 2.0000 
2126 2127 20 0.2284 -1.3932 -6.1935 0.2509 -1.4083 -6.3917 0.0456 0.2000 0.4314 0.3922 0.1961 17.7197 2.0000 
2127 2128 20 0.2509 -1.4083 -6.3917 0.2341 -1.4429 -6.5880 0.0456 0.2000 0.4314 0.3922 0.1961 17.7869 2.0000 
2128 2129 20 0.2341 -1.4429 -6.5880 0.2493 -1.4748 -6.7848 0.0456 0.2000 0.4314 0.3922 0.1961 17.8545 2.0000 
2129 2130 20 0.2493 -1.4748 -6.7848 0.2664 -1.5041 -6.9819 0.0456 0.2000 0.4314 0.3922 0.1961 17.9226 2.0000 
2130 2131 20 0.2664 -1.5041 -6.9819 0.2756 -1.5351 -7.1793 0.0456 0.2000 0.4314 0.3922 0.1961 17.9910 2.0000 
2131 2132 20 0.2756 -1.5351 -7.1793 0.2877 -1.5465 -7.3786 0.0456 0.2000 0.4314 0.3922 0.1961 18.0599 2.0000 
2132 2133 20 0.2877 -1.5465 -7.3786 0.2703 -1.5553 -7.5777 0.0456 0.2000 0.4314 0.3922 0.1961 18.1292 2.0000 
2133 2134 20 0.2703 -1.5553 -7.5777 0.2551 -1.5410 -7.7766 0.0456 0.2000 0.4314 0.3922 0.1961 18.1989 2.0000 
2134 2135 20 0.2551 -1.5410 -7.7766 0.2340 -1.5235 -7.9747 0.0456 0.2000 0.4314 0.3922 0.1961 18.2691 2.0000 
2135 2136 20 0.2340 -1.5235 -7.9747 0.2068 -1.5094 -8.1723 0.0456 0.2000 0.4314 0.3922 0.1961 18.3398 2.0000 
2136 2137 20 0.2068 -1.5094 -8.1723 0.1747 -1.4901 -8.3688 0.0456 0.2000 0.4314 0.3922 0.1961 18.4108 2.0000 
2137 2138 20 0.1747 -1.4901 -8.3688 0.1699 -1.4937 -8.5687 0.0456 0.2000 0.4314 0.3922 0.1961 18.4824 2.0000 
2138 2139 20 0.1699 -1.4937 -8.5687 0.1698 -1.4967 -8.7687 0.0456 0.2000 0.4314 0.3922 0.1961 18.5544 2.0000 
2139 2140 20 0.1698 -1.4967 -8.7687 0.1609 -1.5074 -8.9682 0.0456 0.2000 0.4314 0.3922 0.1961 18.6269 2.0000 
2140 2141 20 0.1609 -1.5074 -8.9682 0.1706 -1.5286 -9.1668 0.0456 0.2000 0.4314 0.3922 0.1961 18.6998 2.0000 
2141 2142 20 0.1706 -1.5286 -9.1668 0.1795 -1.5578 -9.3645 0.0456 0.2000 0.4314 0.3922 0.1961 18.7733 2.0000 
2142 2143 20 0.1795 -1.5578 -9.3645 0.1519 -1.5633 -9.5625 0.0456 0.2000 0.4314 0.3922 0.1961 18.8472 2.0000 
2143 2144 20 0.1519 -1.5633 -9.5625 0.1184 -1.5808 -9.7589 0.0456 0.2000 0.4314 0.3922 0.1961 18.9217 2.0000 
2144 2145 20 0.1184 -1.5808 -9.7589 0.0884 -1.5970 -9.9560 0.0456 0.2000 0.4314 0.3922 0.1961 18.9966 2.0000 
2145 2146 20 0.0884 -1.5970 -9.9560 0.0570 -1.6130 -10.1528 0.0456 0.2000 0.4314 0.3922 0.1961 19.0720 2.0000 
2146 2147 20 0.0570 -1.6130 -10.1528 0.0196 -1.6112 -10.3493 0.0456 0.2000 0.4314 0.3922 0.1961 19.1480 2.0000 
2147 2148 20 0.0196 -1.6112 -10.3493 -0.0059 -1.6043 -10.5475 0.0456 0.2000 0.4314 0.3922 0.1961 19.2245 2.0000 
2148 2149 20 -0.0059 -1.6043 -10.5475 -0.0300 -1.5905 -10.7456 0.0456 0.2000 0.4314 0.3922 0.1961 19.3015 2.0000 
2149 2150 20 -0.0300 -1.5905 -10.7456 -0.0629 -1.5799 -10.9426 0.0456 0.2000 0.4314 0.3922 0.1961 19.3791 2.0000 
2150 2151 20 -0.0629 -1.5799 -10.9426 -0.0987 -1.5607 -11.1384 0.0456 0.2000 0.4314 0.3922 0.1961 19.4572 2.0000 
2151 2152 20 -0.0987 -1.5607 -11.1384 -0.1101 -1.5458 -11.3375 0.0456 0.2000 0.4314 0.3922 0.1961 19.5358 2.0000 
2152 2153 20 -0.1101 -1.5458 -11.3375 -0.1169 -1.5152 -11.5351 0.0456 0.2000 0.4314 0.3922 0.1961 19.6150 2.0000 
2153 2154 20 -0.1169 -1.5152 -11.5351 -0.1226 -1.5136 -11.7350 0.0456 0.2000 0.4314 0.3922 0.1961 19.6948 2.0000 
2154 2155 20 -0.1226 -1.5136 -11.7350 -0.1195 -1.5092 -11.9349 0.0456 0.2000 0.4314 0.3922 0.1961 19.7752 2.0000 
2155 2156 20 -0.1195 -1.5092 -11.9349 -0.1141 -1.5045 -12.1348 0.0456 0.2000 0.4314 0.3922 0.1961 19.8562 2.0000 
2156 2157 20 -0.1141 -1.5045 -12.1348 -0.1092 -1.5017 -12.3347 0.0456 0.2000 0.4314 0.3922 0.1961 19.9377 2.0000 
2157 2158 20 -0.1092 -1.5017 -12.3347 -0.0907 -1.5134 -12.5335 0.0456 0.2000 0.4314 0.3922 0.1961 20.0199 2.0000 
2158 2159 20 -0.0907 -1.5134 -12.5335 -0.0715 -1.5184 -12.7325 0.0456 0.2000 0.4314 0.3922 0.1961 20.1027 2.0000 
2159 2160 20 -0.0715 -1.5184 -12.7325 -0.0551 -1.5125 -12.9317 0.0456 0.2000 0.4314 0.3922 0.1961 20.1861 2.0000 
2160 2161 20 -0.0551 -1.5125 -12.9317 -0.0388 -1.4891 -13.1297 0.0456 0.2000 0.4314 0.3922 0.1961 20.2701 2.0000 
2161 2162 20 -0.0388 -1.4891 -13.1297 0.0024 -1.4890 -13.3254 0.0456 0.2000 0.4314 0.3922 0.1961 20.3548 2.0000 
2162 2163 20 0.0024 -1.4890 -13.3254 0.0437 -1.4923 -13.5211 0.0456 0.2000 0.4314 0.3922 0.1961 20.4401 2.0000 
2163 2164 20 0.0437 -1.4923 -13.5211 0.0648 -1.4862 -13.7199 0.0456 0.2000 0.4314 0.3922 0.1961 20.5261 2.0000 
2164 2165 20 0.0648 -1.4862 -13.7199 0.0731 -1.5074 -13.9186 0.0456 0.2000 0.4314 0.3922 0.1961 20.6128 2.0000 
2165 2166 20 0.0731 -1.5074 -13.9186 0.0803 -1.5213 -14.1180 0.0456 0.2000 0.4314 0.3922 0.1961 20.7001 2.0000 
2166 2167 20 0.0803 -1.5213 -14.1180 0.0795 -1.5343 -14.3175 0.0456 0.2000 0.4314 0.3922 0.1961 20.7881 2.0000 
2167 2168 20 0.0795 -1.5343 -14.3175 0.0804 -1.5451 -14.5172 0.0456 0.2000 0.4314 0.3922 0.1961 20.8769 2.0000 
2168 2169 20 0.0804 -1.5451 -14.5172 0.0840 -1.5424 -14.7172 0.0456 0.2000 0.4314 0.3922 0.1961 20.9663 2.0000 
2169 2170 20 0.0840 -1.5424 -14.7172 0.0881 -1.5244 -14.9163 0.0456 0.2000 0.4314 0.3922 0.1961 21.0565 2.0000 
2170 2171 20 0.0881 -1.5244 -14.9163 0.0971 -1.5430 -15.1153 0.0456 0.2000 0.4314 0.3922 0.1961 21.1475 2.0000 
2171 2172 20 0.0971 -1.5430 -15.1153 0.1093 -1.5521 -15.3147 0.0456 0.2000 0.4314 0.3922 0.1961 21.2392 2.0000 
2172 2173 20 0.1093 -1.5521 -15.3147 0.1228 -1.5590 -15.5141 0.0456 0.2000 0.4314 0.3922 0.1961 21.3316 2.0000 
2173 2174 20 0.1228 -1.5590 -15.5141 0.1317 -1.5453 -15.7135 0.0456 0.2000 0.4314 0.3922 0.1961 21.4248 2.0000 
2174 2175 20 0.1317 -1.5453 -15.7135 0.1390 -1.5353 -15.9131 0.0456 0.2000 0.4314 0.3922 0.1961 21.5189 2.0000 
2175 2176 20 0.1390 -1.5353 -15.9131 0.1554 -1.5252 -16.1121 0.0456 0.2000 0.4314 0.3922 0.1961 21.6137 2.0000 
2176 2177 20 0.1554 -1.5252 -16.1121 0.1711 -1.5417 -16.3108 0.0456 0.2000 0.4314 0.3922 0.1961 21.7093 2.0000 
2177 2178 20 0.1711 -1.5417 -16.3108 0.1710 -1.5552 -16.5104 0.0456 0.2000 0.4314 0.3922 0.1961 21.8058 2.0000 
2178 2179 20 0.1710 -1.5552 -16.5104 0.1677 -1.5609 -16.7103 0.0456 0.2000 0.4314 0.3922 0.1961 21.9031 2.0000 
2179 2180 20 0.1677 -1.5609 -16.7103 0.1701 -1.5774 -16.9096 0.0456 0.2000 0.4314 0.3922 0.1961 22.0013 2.0000 
2180 2181 20 0.1701 -1.5774 -16.9096 0.1566 -1.5941 -17.1084 0.0456 0.2000 0.4314 0.3922 0.1961 22.1004 2.0000 
2181 2182 20 0.1566 -1.5941 -17.1084 0.1358 -1.6000 -17.3072 0.0456 0.2000 0.4314 0.3922 0.1961 22.2004 2.0000 
2182 2183 20 0.1358 -1.6000 -17.3072 0.1165 -1.6051 -17.5062 0.0456 0.2000 0.4314 0.3922 0.1961 22.3012 2.0000 
2183 2184 20 0.1165 -1.6051 -17.5062 0.1010 -1.6084 -17.7056 0.0456 0.2000 0.4314 0.3922 0.1961 22.4030 2.0000 
2184 2185 20 0.1010 -1.6084 -17.7056 0.0916 -1.6042 -17.9054 0.0456 0.2000 0.4314 0.3922 0.1961 22.5058 2.0000 
2185 2186 20 0.0916 -1.6042 -17.9054 0.0930 -1.6002 -18.1053 0.0456 0.2000 0.4314 0.3922 0.1961 22.6095 2.0000 
2186 2187 20 0.0930 -1.6002 -18.1053 0.0927 -1.6045 -18.3053 0.0456 0.2000 0.4314 0.3922 0.1961 22.7142 2.0000 
2187 2188 20 0.0927 -1.6045 -18.3053 0.1094 -1.6029 -18.5046 0.0456 0.2000 0.4314 0.3922 0.1961 22.8198 2.0000 
2188 2189 20 0.1094 -1.6029 -18.5046 0.1197 -1.5968 -18.7042 0.0456 0.2000 0.4314 0.3922 0.1961 22.9265 2.0000 
2189 2190 20 0.1197 -1.5968 -18.7042 0.1312 -1.5931 -18.9038 0.0456 0.2000 0.4314 0.3922 0.1961 23.0343 2.0000 
2190 2191 20 0.1312 -1.5931 -18.9038 0.1163 -1.5986 -19.1032 0.0456 0.2000 0.4314 0.3922 0.1961 23.1431 2.0000 
2191 2192 20 0.1163 -1.5986 -19.1032 0.1056 -1.5975 -19.3029 0.0456 0.2000 0.4314 0.3922 0.1961 23.2530 2.0000 
2192 2193 20 0.1056 -1.5975 -19.3029 0.0983 -1.5948 -19.5028 0.0456 0.2000 0.4314 0.3922 0.1961 23.3640 2.0000 
2193 2194 20 0.0983 -1.5948 -19.5028 0.0893 -1.5937 -19.7026 0.0456 0.2000 0.4314 0.3922 0.1961 23.4761 2.0000 
2194 2195 20 0.0893 -1.5937 -19.7026 0.0807 -1.6026 -19.9022 0.0456 0.2000 0.4314 0.3922 0.1961 23.5893 2.0000 
2195 2196 20 0.0807 -1.6026 -19.9022 0.0736 -1.6105 -20.1019 0.0456 0.2000 0.4314 0.3922 0.1961 23.7037 2.0000 
2196 2197 20 0.0736 -1.6105 -20.1019 0.0826 -1.6014 -20.3015 0.0456 0.2000 0.4314 0.3922 0.1961 23.8193 2.0000 
2197 2198 20 0.0826 -1.6014 -20.3015 0.0809 -1.5868 -20.5009 0.0456 0.2000 0.4314 0.3922 0.1961 23.9362 2.0000 
2198 2199 20 0.0809 -1.5868 -20.5009 0.0789 -1.5712 -20.7003 0.0456 0.2000 0.4314 0.3922 0.1961 24.0543 2.0000 
2199 2200 20 0.0789 -1.5712 -20.7003 0.0712 -1.5656 -20.9001 0.0456 0.2000 0.4314 0.3922 0.1961 24.1736 2.0000 
2200 2201 20 0.0712 -1.5656 -20.9001 0.0620 -1.5599 -21.0998 0.0456 0.2000 0.4314 0.3922 0.1961 24.2943 2.0000 
2201 2202 20 0.0620 -1.5599 -21.0998 0.0511 -1.5573 -21.2995 0.0456 0.2000 0.4314 0.3922 0.1961 24.4163 2.0000 
2202 2203 20 0.0511 -1.5573 -21.2995 0.0431 -1.5480 -21.4991 0.0456 0.2000 0.4314 0.3922 0.1961 24.5396 2.0000 
2203 2204 20 0.0431 -1.5480 -21.4991 0.0467 -1.5463 -21.6991 0.0456 0.2000 0.4314 0.3922 0.1961 24.6643 2.0000 
2204 2205 20 0.0467 -1.5463 -21.6991 0.0412 -1.5575 -21.8987 0.0456 0.2000 0.4314 0.3922 0.1961 24.7905 2.0000 
2205 2206 20 0.0412 -1.5575 -21.8987 0.0358 -1.5651 -22.0985 0.0456 0.2000 0.4314 0.3922 0.1961 24.9181 2.0000 
2206 2207 20 0.0358 -1.5651 -22.0985 0.0312 -1.5731 -22.2983 0.0456 0.2000 0.4314 0.3922 0.1961 25.0472 2.0000 
2207 2208 20 0.0312 -1.5731 -22.2983 0.0284 -1.5754 -22.4982 0.0456 0.2000 0.4314 0.3922 0.1961 25.1778 2.0000 
2208 2209 20 0.0284 -1.5754 -22.4982 0.0447 -1.5945 -22.6966 0.0456 0.2000 0.4314 0.3922 0.1961 25.3100 2.0000 
2209 2210 20 0.0447 -1.5945 -22.6966 0.0524 -1.5981 -22.8965 0.0456 0.2000 0.4314 0.3922 0.1961 25.4437 2.0000 
2210 2211 20 0.0524 -1.5981 -22.8965 0.0587 -1.6070 -23.0962 0.0456 0.2000 0.4314 0.3922 0.1961 25.5792 2.0000 
2211 2212 20 0.0587 -1.6070 -23.0962 0.0587 -1.6161 -23.2960 0.0456 0.2000 0.4314 0.3922 0.1961 25.7162 2.0000 
2212 2213 20 0.0587 -1.6161 -23.2960 0.0553 -1.6232 -23.4958 0.0456 0.2000 0.4314 0.3922 0.1961 25.8550 2.0000 
2213 2214 20 0.0553 -1.6232 -23.4958 0.0474 -1.6300 -23.6955 0.0456 0.2000 0.4314 0.3922 0.1961 25.9956 2.0000 
2214 2215 20 0.0474 -1.6300 -23.6955 0.0395 -1.6378 -23.8952 0.0456 0.2000 0.4314 0.3922 0.1961 26.1380 2.0000 
2215 2216 20 0.0395 -1.6378 -23.8952 0.0311 -1.6488 -24.0947 0.0456 0.2000 0.4314 0.3922 0.1961 26.2822 2.0000 
2216 2217 20 0.0311 -1.6488 -24.0947 0.0374 -1.6559 -24.2945 0.0456 0.2000 0.4314 0.3922 0.1961 26.4283 2.0000 
2217 2218 20 0.0374 -1.6559 -24.2945 0.0408 -1.6640 -24.4943 0.0456 0.2000 0.4314 0.3922 0.1961 26.5764 2.0000 
2218 2219 20 0.0408 -1.6640 -24.4943 0.0338 -1.6614 -24.6942 0.0456 0.2000 0.4314 0.3922 0.1961 26.7265 2.0000 
2219 2220 20 0.0338 -1.6614 -24.6942 0.0231 -1.6585 -24.8939 0.0456 0.2000 0.4314 0.3922 0.1961 26.8787 2.0000 
2220 2221 20 0.0231 -1.6585 -24.8939 0.0249 -1.6524 -25.0938 0.0456 0.2000 0.4314 0.3922 0.1961 27.0329 2.0000 
2221 2222 20 0.0249 -1.6524 -25.0938 0.0449 -1.6401 -25.2924 0.0456 0.2000 0.4314 0.3922 0.1961 27.1894 2.0000 
2222 2223 20 0.0449 -1.6401 -25.2924 0.0647 -1.6290 -25.4911 0.0456 0.2000 0.4314 0.3922 0.1961 27.3481 2.0000 
2223 2224 20 0.0647 -1.6290 -25.4911 0.0974 -1.6112 -25.6876 0.0456 0.2000 0.4314 0.3922 0.1961 27.5091 2.0000 
2224 2225 20 0.0974 -1.6112 -25.6876 0.1111 -1.6001 -25.8868 0.0456 0.2000 0.4314 0.3922 0.1961 27.6724 2.0000 
2225 2226 20 0.1111 -1.6001 -25.8868 0.1314 -1.5925 -26.0856 0.0456 0.2000 0.4314 0.3922 0.1961 27.8383 2.0000 
2226 2227 20 0.1314 -1.5925 -26.0856 0.1432 -1.5964 -26.2853 0.0456 0.2000 0.4314 0.3922 0.1961 28.0066 2.0000 
2227 2228 20 0.1432 -1.5964 -26.2853 0.1499 -1.6009 -26.4851 0.0456 0.2000 0.4314 0.3922 0.1961 28.1776 2.0000 
2228 2229 20 0.1499 -1.6009 -26.4851 0.1558 -1.6051 -26.6850 0.0456 0.2000 0.4314 0.3922 0.1961 28.3512 2.0000 
2229 2230 20 0.1558 -1.6051 -26.6850 0.1623 -1.6149 -26.8846 0.0456 0.2000 0.4314 0.3922 0.1961 28.5276 2.0000 
2230 2231 20 0.1623 -1.6149 -26.8846 0.1715 -1.6269 -27.0840 0.0456 0.2000 0.4314 0.3922 0.1961 28.7068 2.0000 
2231 2232 20 0.1715 -1.6269 -27.0840 0.1637 -1.6326 -27.2838 0.0456 0.2000 0.4314 0.3922 0.1961 28.8890 2.0000 
2232 2233 20 0.1637 -1.6326 -27.2838 0.1587 -1.6406 -27.4836 0.0456 0.2000 0.4314 0.3922 0.1961 29.0742 2.0000 
2233 2234 20 0.1587 -1.6406 -27.4836 0.1336 -1.6553 -27.6814 0.0456 0.2000 0.4314 0.3922 0.1961 29.2626 2.0000 
2234 2235 20 0.1336 -1.6553 -27.6814 0.1203 -1.6736 -27.8802 0.0456 0.2000 0.4314 0.3922 0.1961 29.4543 2.0000 
2235 2236 20 0.1203 -1.6736 -27.8802 0.1075 -1.7064 -28.0770 0.0456 0.2000 0.4314 0.3922 0.1961 29.6493 2.0000 
2236 2237 20 0.1075 -1.7064 -28.0770 0.0998 -1.7297 -28.2755 0.0456 0.2000 0.4314 0.3922 0.1961 29.8478 2.0000 
2237 2238 20 0.0998 -1.7297 -28.2755 0.0982 -1.7348 -28.4263 0.0456 0.1509 0.4314 0.3922 0.1961 30.0000 2.0000 
33 2239 21 -0.0295 -0.0874 -4.5324 -0.0680 -0.2727 -4.5971 0.0474 0.2000 0.4314 0.3922 0.1961 17.3115 2.0000 
2239 2240 21 -0.0680 -0.2727 -4.5971 -0.1101 -0.4568 -4.6629 0.0474 0.2000 0.4314 0.3922 0.1961 17.5378 2.0000 
2240 2241 21 -0.1101 -0.4568 -4.6629 -0.1395 -0.6165 -4.7796 0.0474 0.2000 0.4314 0.3922 0.1961 17.7655 2.0000 
2241 2242 21 -0.1395 -0.6165 -4.7796 -0.1314 -0.7826 -4.8908 0.0474 0.2000 0.4314 0.3922 0.1961 17.9947 2.0000 
2242 2243 21 -0.1314 -0.7826 -4.8908 -0.1302 -0.9540 -4.9938 0.0474 0.2000 0.4314 0.3922 0.1961 18.2254 2.0000 
2243 2244 21 -0.1302 -0.9540 -4.9938 -0.1568 -1.1187 -5.1040 0.0474 0.2000 0.4314 0.3922 0.1961 18.4576 2.0000 
2244 2245 21 -0.1568 -1.1187 -5.1040 -0.2020 -1.2560 -5.2423 0.0474 0.2000 0.4314 0.3922 0.1961 18.6914 2.0000 
2245 2246 21 -0.2020 -1.2560 -5.2423 -0.2280 -1.4031 -5.3752 0.0474 0.2000 0.4314 0.3922 0.1961 18.9267 2.0000 
2246 2247 21 -0.2280 -1.4031 -5.3752 -0.2564 -1.5318 -5.5257 0.0474 0.2000 0.4314 0.3922 0.1961 19.1635 2.0000 
2247 2248 21 -0.2564 -1.5318 -5.5257 -0.2721 -1.6546 -5.6828 0.0474 0.2000 0.4314 0.3922 0.1961 19.4020 2.0000 
2248 2249 21 -0.2721 -1.6546 -5.6828 -0.2894 -1.7630 -5.8499 0.0474 0.2000 0.4314 0.3922 0.1961 19.6421 2.0000 
2249 2250 21 -0.2894 -1.7630 -5.8499 -0.3063 -1.8706 -6.0177 0.0474 0.2000 0.4314 0.3922 0.1961 19.8838 2.0000 
2250 2251 21 -0.3063 -1.8706 -6.0177 -0.3130 -1.9727 -6.1896 0.0474 0.2000 0.4314 0.3922 0.1961 20.1271 2.0000 
2251 2252 21 -0.3130 -1.9727 -6.1896 -0.3174 -2.0776 -6.3598 0.0474 0.2000 0.4314 0.3922 0.1961 20.3722 2.0000 
2252 2253 21 -0.3174 -2.0776 -6.3598 -0.3328 -2.1733 -6.5347 0.0474 0.2000 0.4314 0.3922 0.1961 20.6190 2.0000 
2253 2254 21 -0.3328 -2.1733 -6.5347 -0.3467 -2.2254 -6.7273 0.0474 0.2000 0.4314 0.3922 0.1961 20.8674 2.0000 
2254 2255 21 -0.3467 -2.2254 -6.7273 -0.3772 -2.2505 -6.9233 0.0474 0.2000 0.4314 0.3922 0.1961 21.1177 2.0000 
2255 2256 21 -0.3772 -2.2505 -6.9233 -0.4102 -2.2382 -7.1202 0.0474 0.2000 0.4314 0.3922 0.1961 21.3697 2.0000 
2256 2257 21 -0.4102 -2.2382 -7.1202 -0.4530 -2.2279 -7.3153 0.0474 0.2000 0.4314 0.3922 0.1961 21.6235 2.0000 
2257 2258 21 -0.4530 -2.2279 -7.3153 -0.4868 -2.2193 -7.5123 0.0474 0.2000 0.4314 0.3922 0.1961 21.8792 2.0000 
2258 2259 21 -0.4868 -2.2193 -7.5123 -0.5198 -2.2135 -7.7094 0.0474 0.2000 0.4314 0.3922 0.1961 22.1367 2.0000 
2259 2260 21 -0.5198 -2.2135 -7.7094 -0.5470 -2.2048 -7.9074 0.0474 0.2000 0.4314 0.3922 0.1961 22.3961 2.0000 
2260 2261 21 -0.5470 -2.2048 -7.9074 -0.5696 -2.2044 -8.1061 0.0474 0.2000 0.4314 0.3922 0.1961 22.6574 2.0000 
2261 2262 21 -0.5696 -2.2044 -8.1061 -0.5873 -2.2098 -8.3052 0.0474 0.2000 0.4314 0.3922 0.1961 22.9206 2.0000 
2262 2263 21 -0.5873 -2.2098 -8.3052 -0.6083 -2.2234 -8.5037 0.0474 0.2000 0.4314 0.3922 0.1961 23.1859 2.0000 
2263 2264 21 -0.6083 -2.2234 -8.5037 -0.6273 -2.2368 -8.7023 0.0474 0.2000 0.4314 0.3922 0.1961 23.4531 2.0000 
2264 2265 21 -0.6273 -2.2368 -8.7023 -0.6279 -2.2537 -8.9016 0.0474 0.2000 0.4314 0.3922 0.1961 23.7223 2.0000 
2265 2266 21 -0.6279 -2.2537 -8.9016 -0.6475 -2.2314 -9.0994 0.0474 0.2000 0.4314 0.3922 0.1961 23.9936 2.0000 
2266 2267 21 -0.6475 -2.2314 -9.0994 -0.6794 -2.2098 -9.2956 0.0474 0.2000 0.4314 0.3922 0.1961 24.2670 2.0000 
2267 2268 21 -0.6794 -2.2098 -9.2956 -0.7104 -2.2013 -9.4930 0.0474 0.2000 0.4314 0.3922 0.1961 24.5426 2.0000 
2268 2269 21 -0.7104 -2.2013 -9.4930 -0.7100 -2.2108 -9.6928 0.0474 0.2000 0.4314 0.3922 0.1961 24.8202 2.0000 
2269 2270 21 -0.7100 -2.2108 -9.6928 -0.7146 -2.2040 -9.8926 0.0474 0.2000 0.4314 0.3922 0.1961 25.1001 2.0000 
2270 2271 21 -0.7146 -2.2040 -9.8926 -0.7101 -2.1799 -10.0911 0.0474 0.2000 0.4314 0.3922 0.1961 25.3822 2.0000 
2271 2272 21 -0.7101 -2.1799 -10.0911 -0.6908 -2.1517 -10.2882 0.0474 0.2000 0.4314 0.3922 0.1961 25.6666 2.0000 
2272 2273 21 -0.6908 -2.1517 -10.2882 -0.6981 -2.1425 -10.4878 0.0474 0.2000 0.4314 0.3922 0.1961 25.9532 2.0000 
2273 2274 21 -0.6981 -2.1425 -10.4878 -0.7024 -2.1427 -10.6878 0.0474 0.2000 0.4314 0.3922 0.1961 26.2422 2.0000 
2274 2275 21 -0.7024 -2.1427 -10.6878 -0.7159 -2.1346 -10.8872 0.0474 0.2000 0.4314 0.3922 0.1961 26.5336 2.0000 
2275 2276 21 -0.7159 -2.1346 -10.8872 -0.7241 -2.1163 -11.0862 0.0474 0.2000 0.4314 0.3922 0.1961 26.8274 2.0000 
2276 2277 21 -0.7241 -2.1163 -11.0862 -0.7372 -2.1007 -11.2851 0.0474 0.2000 0.4314 0.3922 0.1961 27.1236 2.0000 
2277 2278 21 -0.7372 -2.1007 -11.2851 -0.7523 -2.0905 -11.4843 0.0474 0.2000 0.4314 0.3922 0.1961 27.4224 2.0000 
2278 2279 21 -0.7523 -2.0905 -11.4843 -0.7540 -2.0802 -11.6840 0.0474 0.2000 0.4314 0.3922 0.1961 27.7237 2.0000 
2279 2280 21 -0.7540 -2.0802 -11.6840 -0.7344 -2.0893 -11.8829 0.0474 0.2000 0.4314 0.3922 0.1961 28.0275 2.0000 
2280 2281 21 -0.7344 -2.0893 -11.8829 -0.7428 -2.1096 -12.0816 0.0474 0.2000 0.4314 0.3922 0.1961 28.3340 2.0000 
2281 2282 21 -0.7428 -2.1096 -12.0816 -0.7464 -2.1292 -12.2807 0.0474 0.2000 0.4314 0.3922 0.1961 28.6432 2.0000 
2282 2283 21 -0.7464 -2.1292 -12.2807 -0.7466 -2.1454 -12.4800 0.0474 0.2000 0.4314 0.3922 0.1961 28.9551 2.0000 
2283 2284 21 -0.7466 -2.1454 -12.4800 -0.7261 -2.1421 -12.6789 0.0474 0.2000 0.4314 0.3922 0.1961 29.2697 2.0000 
2284 2285 21 -0.7261 -2.1421 -12.6789 -0.7233 -2.1703 -12.8769 0.0474 0.2000 0.4314 0.3922 0.1961 29.5872 2.0000 
2285 2286 21 -0.7233 -2.1703 -12.8769 -0.7155 -2.1838 -13.0763 0.0474 0.2000 0.4314 0.3922 0.1961 29.9075 2.0000 
2286 2287 21 -0.7155 -2.1838 -13.0763 -0.7143 -2.1818 -13.1336 0.0474 0.0574 0.4314 0.3922 0.1961 30.0000 2.0000 
35 2288 22 -0.0206 -0.0821 -4.7908 -0.1898 -0.0549 -4.8939 0.0746 0.2000 0.4314 0.3922 0.1961 17.5011 2.0000 
2288 2289 22 -0.1898 -0.0549 -4.8939 -0.3622 -0.0693 -4.9942 0.0746 0.2000 0.4314 0.3922 0.1961 17.5675 2.0000 
2289 2290 22 -0.3622 -0.0693 -4.9942 -0.5277 -0.0743 -5.1065 0.0746 0.2000 0.4314 0.3922 0.1961 17.6344 2.0000 
2290 2291 22 -0.5277 -0.0743 -5.1065 -0.6808 -0.0803 -5.2350 0.0746 0.2000 0.4314 0.3922 0.1961 17.7019 2.0000 
2291 2292 22 -0.6808 -0.0803 -5.2350 -0.7963 -0.1155 -5.3944 0.0746 0.2000 0.4314 0.3922 0.1961 17.7698 2.0000 
2292 2293 22 -0.7963 -0.1155 -5.3944 -0.8999 -0.1233 -5.5653 0.0746 0.2000 0.4314 0.3922 0.1961 17.8383 2.0000 
2293 2294 22 -0.8999 -0.1233 -5.5653 -0.9314 -0.1639 -5.7586 0.0746 0.2000 0.4314 0.3922 0.1961 17.9073 2.0000 
2294 2295 22 -0.9314 -0.1639 -5.7586 -0.9268 -0.1984 -5.9555 0.0746 0.2000 0.4314 0.3922 0.1961 17.9769 2.0000 
2295 2296 22 -0.9268 -0.1984 -5.9555 -0.9294 -0.2254 -6.1537 0.0746 0.2000 0.4314 0.3922 0.1961 18.0471 2.0000 
2296 2297 22 -0.9294 -0.2254 -6.1537 -0.9313 -0.2529 -6.3518 0.0746 0.2000 0.4314 0.3922 0.1961 18.1178 2.0000 
2297 2298 22 -0.9313 -0.2529 -6.3518 -0.9292 -0.2844 -6.5493 0.0746 0.2000 0.4314 0.3922 0.1961 18.1891 2.0000 
2298 2299 22 -0.9292 -0.2844 -6.5493 -0.9308 -0.3139 -6.7471 0.0746 0.2000 0.4314 0.3922 0.1961 18.2610 2.0000 
2299 2300 22 -0.9308 -0.3139 -6.7471 -0.9404 -0.3465 -6.9442 0.0746 0.2000 0.4314 0.3922 0.1961 18.3335 2.0000 
2300 2301 22 -0.9404 -0.3465 -6.9442 -0.9750 -0.3622 -7.1405 0.0746 0.2000 0.4314 0.3922 0.1961 18.4066 2.0000 
2301 2302 22 -0.9750 -0.3622 -7.1405 -1.0019 -0.3910 -7.3366 0.0746 0.2000 0.4314 0.3922 0.1961 18.4804 2.0000 
2302 2303 22 -1.0019 -0.3910 -7.3366 -1.0307 -0.4151 -7.5330 0.0746 0.2000 0.4314 0.3922 0.1961 18.5548 2.0000 
2303 2304 22 -1.0307 -0.4151 -7.5330 -1.0377 -0.4374 -7.7317 0.0746 0.2000 0.4314 0.3922 0.1961 18.6298 2.0000 
2304 2305 22 -1.0377 -0.4374 -7.7317 -1.0342 -0.4310 -7.9315 0.0746 0.2000 0.4314 0.3922 0.1961 18.7054 2.0000 
2305 2306 22 -1.0342 -0.4310 -7.9315 -1.0306 -0.4254 -8.1314 0.0746 0.2000 0.4314 0.3922 0.1961 18.7818 2.0000 
2306 2307 22 -1.0306 -0.4254 -8.1314 -1.0307 -0.4152 -8.3312 0.0746 0.2000 0.4314 0.3922 0.1961 18.8588 2.0000 
2307 2308 22 -1.0307 -0.4152 -8.3312 -1.0294 -0.4131 -8.5311 0.0746 0.2000 0.4314 0.3922 0.1961 18.9365 2.0000 
2308 2309 22 -1.0294 -0.4131 -8.5311 -1.0444 -0.4098 -8.7306 0.0746 0.2000 0.4314 0.3922 0.1961 19.0149 2.0000 
2309 2310 22 -1.0444 -0.4098 -8.7306 -1.0575 -0.4084 -8.9301 0.0746 0.2000 0.4314 0.3922 0.1961 19.0940 2.0000 
2310 2311 22 -1.0575 -0.4084 -8.9301 -1.0403 -0.4037 -9.1293 0.0746 0.2000 0.4314 0.3922 0.1961 19.1739 2.0000 
2311 2312 22 -1.0403 -0.4037 -9.1293 -1.0423 -0.4218 -9.3285 0.0746 0.2000 0.4314 0.3922 0.1961 19.2545 2.0000 
2312 2313 22 -1.0423 -0.4218 -9.3285 -1.0442 -0.4360 -9.5280 0.0746 0.2000 0.4314 0.3922 0.1961 19.3358 2.0000 
2313 2314 22 -1.0442 -0.4360 -9.5280 -1.0470 -0.4510 -9.7274 0.0746 0.2000 0.4314 0.3922 0.1961 19.4180 2.0000 
2314 2315 22 -1.0470 -0.4510 -9.7274 -1.0566 -0.4612 -9.9269 0.0746 0.2000 0.4314 0.3922 0.1961 19.5009 2.0000 
2315 2316 22 -1.0566 -0.4612 -9.9269 -1.0676 -0.4644 -10.1266 0.0746 0.2000 0.4314 0.3922 0.1961 19.5846 2.0000 
2316 2317 22 -1.0676 -0.4644 -10.1266 -1.0891 -0.4544 -10.3252 0.0746 0.2000 0.4314 0.3922 0.1961 19.6691 2.0000 
2317 2318 22 -1.0891 -0.4544 -10.3252 -1.1192 -0.4433 -10.5226 0.0746 0.2000 0.4314 0.3922 0.1961 19.7545 2.0000 
2318 2319 22 -1.1192 -0.4433 -10.5226 -1.1312 -0.4248 -10.7214 0.0746 0.2000 0.4314 0.3922 0.1961 19.8407 2.0000 
2319 2320 22 -1.1312 -0.4248 -10.7214 -1.1597 -0.4072 -10.9185 0.0746 0.2000 0.4314 0.3922 0.1961 19.9278 2.0000 
2320 2321 22 -1.1597 -0.4072 -10.9185 -1.1714 -0.3934 -11.1177 0.0746 0.2000 0.4314 0.3922 0.1961 20.0157 2.0000 
2321 2322 22 -1.1714 -0.3934 -11.1177 -1.1806 -0.3803 -11.3171 0.0746 0.2000 0.4314 0.3922 0.1961 20.1046 2.0000 
2322 2323 22 -1.1806 -0.3803 -11.3171 -1.1828 -0.3645 -11.5164 0.0746 0.2000 0.4314 0.3922 0.1961 20.1944 2.0000 
2323 2324 22 -1.1828 -0.3645 -11.5164 -1.1776 -0.3451 -11.7154 0.0746 0.2000 0.4314 0.3922 0.1961 20.2851 2.0000 
2324 2325 22 -1.1776 -0.3451 -11.7154 -1.1715 -0.3291 -11.9147 0.0746 0.2000 0.4314 0.3922 0.1961 20.3768 2.0000 
2325 2326 22 -1.1715 -0.3291 -11.9147 -1.1709 -0.3135 -12.1141 0.0746 0.2000 0.4314 0.3922 0.1961 20.4694 2.0000 
2326 2327 22 -1.1709 -0.3135 -12.1141 -1.1768 -0.3013 -12.3136 0.0746 0.2000 0.4314 0.3922 0.1961 20.5631 2.0000 
2327 2328 22 -1.1768 -0.3013 -12.3136 -1.1627 -0.2869 -12.5126 0.0746 0.2000 0.4314 0.3922 0.1961 20.6578 2.0000 
2328 2329 22 -1.1627 -0.2869 -12.5126 -1.1453 -0.2394 -12.7061 0.0746 0.2000 0.4314 0.3922 0.1961 20.7535 2.0000 
2329 2330 22 -1.1453 -0.2394 -12.7061 -1.1264 -0.2277 -12.9048 0.0746 0.2000 0.4314 0.3922 0.1961 20.8503 2.0000 
2330 2331 22 -1.1264 -0.2277 -12.9048 -1.1305 -0.1906 -13.1013 0.0746 0.2000 0.4314 0.3922 0.1961 20.9482 2.0000 
2331 2332 22 -1.1305 -0.1906 -13.1013 -1.1414 -0.1774 -13.3006 0.0746 0.2000 0.4314 0.3922 0.1961 21.0472 2.0000 
2332 2333 22 -1.1414 -0.1774 -13.3006 -1.1555 -0.1726 -13.5000 0.0746 0.2000 0.4314 0.3922 0.1961 21.1474 2.0000 
2333 2334 22 -1.1555 -0.1726 -13.5000 -1.1661 -0.1720 -13.6998 0.0746 0.2000 0.4314 0.3922 0.1961 21.2487 2.0000 
2334 2335 22 -1.1661 -0.1720 -13.6998 -1.1596 -0.1641 -13.8995 0.0746 0.2000 0.4314 0.3922 0.1961 21.3513 2.0000 
2335 2336 22 -1.1596 -0.1641 -13.8995 -1.1585 -0.1433 -14.0984 0.0746 0.2000 0.4314 0.3922 0.1961 21.4550 2.0000 
2336 2337 22 -1.1585 -0.1433 -14.0984 -1.1556 -0.1261 -14.2976 0.0746 0.2000 0.4314 0.3922 0.1961 21.5600 2.0000 
2337 2338 22 -1.1556 -0.1261 -14.2976 -1.1518 -0.1081 -14.4968 0.0746 0.2000 0.4314 0.3922 0.1961 21.6663 2.0000 
2338 2339 22 -1.1518 -0.1081 -14.4968 -1.1298 -0.1209 -14.6952 0.0746 0.2000 0.4314 0.3922 0.1961 21.7740 2.0000 
2339 2340 22 -1.1298 -0.1209 -14.6952 -1.1033 -0.1375 -14.8927 0.0746 0.2000 0.4314 0.3922 0.1961 21.8829 2.0000 
2340 2341 22 -1.1033 -0.1375 -14.8927 -1.0738 -0.1472 -15.0903 0.0746 0.2000 0.4314 0.3922 0.1961 21.9933 2.0000 
2341 2342 22 -1.0738 -0.1472 -15.0903 -1.0504 -0.1538 -15.2888 0.0746 0.2000 0.4314 0.3922 0.1961 22.1051 2.0000 
2342 2343 22 -1.0504 -0.1538 -15.2888 -1.0413 -0.1389 -15.4880 0.0746 0.2000 0.4314 0.3922 0.1961 22.2184 2.0000 
2343 2344 22 -1.0413 -0.1389 -15.4880 -1.0327 -0.1232 -15.6872 0.0746 0.2000 0.4314 0.3922 0.1961 22.3331 2.0000 
2344 2345 22 -1.0327 -0.1232 -15.6872 -1.0345 -0.1086 -15.8867 0.0746 0.2000 0.4314 0.3922 0.1961 22.4494 2.0000 
2345 2346 22 -1.0345 -0.1086 -15.8867 -1.0489 -0.1056 -16.0861 0.0746 0.2000 0.4314 0.3922 0.1961 22.5673 2.0000 
2346 2347 22 -1.0489 -0.1056 -16.0861 -1.0478 -0.1341 -16.2841 0.0746 0.2000 0.4314 0.3922 0.1961 22.6868 2.0000 
2347 2348 22 -1.0478 -0.1341 -16.2841 -1.0522 -0.1123 -16.4829 0.0746 0.2000 0.4314 0.3922 0.1961 22.8079 2.0000 
2348 2349 22 -1.0522 -0.1123 -16.4829 -1.0525 -0.0945 -16.6821 0.0746 0.2000 0.4314 0.3922 0.1961 22.9308 2.0000 
2349 2350 22 -1.0525 -0.0945 -16.6821 -1.0241 -0.0682 -16.8783 0.0746 0.2000 0.4314 0.3922 0.1961 23.0555 2.0000 
2350 2351 22 -1.0241 -0.0682 -16.8783 -0.9517 -0.0552 -17.0643 0.0746 0.2000 0.4314 0.3922 0.1961 23.1820 2.0000 
2351 2352 22 -0.9517 -0.0552 -17.0643 -0.9112 -0.0214 -17.2572 0.0746 0.2000 0.4314 0.3922 0.1961 23.3103 2.0000 
2352 2353 22 -0.9112 -0.0214 -17.2572 -0.8664 -0.0137 -17.4520 0.0746 0.2000 0.4314 0.3922 0.1961 23.4406 2.0000 
2353 2354 22 -0.8664 -0.0137 -17.4520 -0.8208 0.0016 -17.6461 0.0746 0.2000 0.4314 0.3922 0.1961 23.5729 2.0000 
2354 2355 22 -0.8208 0.0016 -17.6461 -0.7964 0.0100 -17.8444 0.0746 0.2000 0.4314 0.3922 0.1961 23.7072 2.0000 
2355 2356 22 -0.7964 0.0100 -17.8444 -0.7740 0.0181 -18.0430 0.0746 0.2000 0.4314 0.3922 0.1961 23.8436 2.0000 
2356 2357 22 -0.7740 0.0181 -18.0430 -0.7627 0.0312 -18.2422 0.0746 0.2000 0.4314 0.3922 0.1961 23.9822 2.0000 
2357 2358 22 -0.7627 0.0312 -18.2422 -0.7547 0.0492 -18.4413 0.0746 0.2000 0.4314 0.3922 0.1961 24.1231 2.0000 
2358 2359 22 -0.7547 0.0492 -18.4413 -0.7559 0.0687 -18.6403 0.0746 0.2000 0.4314 0.3922 0.1961 24.2663 2.0000 
2359 2360 22 -0.7559 0.0687 -18.6403 -0.7535 0.0843 -18.8397 0.0746 0.2000 0.4314 0.3922 0.1961 24.4119 2.0000 
2360 2361 22 -0.7535 0.0843 -18.8397 -0.7650 0.0843 -19.0394 0.0746 0.2000 0.4314 0.3922 0.1961 24.5600 2.0000 
2361 2362 22 -0.7650 0.0843 -19.0394 -0.7761 0.0830 -19.2390 0.0746 0.2000 0.4314 0.3922 0.1961 24.7107 2.0000 
2362 2363 22 -0.7761 0.0830 -19.2390 -0.7791 0.0695 -19.4386 0.0746 0.2000 0.4314 0.3922 0.1961 24.8640 2.0000 
2363 2364 22 -0.7791 0.0695 -19.4386 -0.7645 0.0635 -19.6379 0.0746 0.2000 0.4314 0.3922 0.1961 25.0201 2.0000 
2364 2365 22 -0.7645 0.0635 -19.6379 -0.7550 0.0621 -19.8377 0.0746 0.2000 0.4314 0.3922 0.1961 25.1791 2.0000 
2365 2366 22 -0.7550 0.0621 -19.8377 -0.7466 0.0635 -20.0375 0.0746 0.2000 0.4314 0.3922 0.1961 25.3410 2.0000 
2366 2367 22 -0.7466 0.0635 -20.0375 -0.7467 0.0656 -20.2375 0.0746 0.2000 0.4314 0.3922 0.1961 25.5060 2.0000 
2367 2368 22 -0.7467 0.0656 -20.2375 -0.7456 0.0605 -20.4374 0.0746 0.2000 0.4314 0.3922 0.1961 25.6742 2.0000 
2368 2369 22 -0.7456 0.0605 -20.4374 -0.7834 0.0502 -20.6336 0.0746 0.2000 0.4314 0.3922 0.1961 25.8458 2.0000 
2369 2370 22 -0.7834 0.0502 -20.6336 -0.8060 0.0263 -20.8308 0.0746 0.2000 0.4314 0.3922 0.1961 26.0208 2.0000 
2370 2371 22 -0.8060 0.0263 -20.8308 -0.8034 0.0292 -21.0308 0.0746 0.2000 0.4314 0.3922 0.1961 26.1994 2.0000 
2371 2372 22 -0.8034 0.0292 -21.0308 -0.7889 0.0295 -21.2303 0.0746 0.2000 0.4314 0.3922 0.1961 26.3818 2.0000 
2372 2373 22 -0.7889 0.0295 -21.2303 -0.7742 0.0299 -21.4297 0.0746 0.2000 0.4314 0.3922 0.1961 26.5681 2.0000 
2373 2374 22 -0.7742 0.0299 -21.4297 -0.7679 0.0133 -21.6289 0.0746 0.2000 0.4314 0.3922 0.1961 26.7585 2.0000 
2374 2375 22 -0.7679 0.0133 -21.6289 -0.7509 -0.0023 -21.8276 0.0746 0.2000 0.4314 0.3922 0.1961 26.9532 2.0000 
2375 2376 22 -0.7509 -0.0023 -21.8276 -0.7327 -0.0102 -22.0266 0.0746 0.2000 0.4314 0.3922 0.1961 27.1523 2.0000 
2376 2377 22 -0.7327 -0.0102 -22.0266 -0.7281 0.0018 -22.2262 0.0746 0.2000 0.4314 0.3922 0.1961 27.3561 2.0000 
2377 2378 22 -0.7281 0.0018 -22.2262 -0.7207 0.0139 -22.4257 0.0746 0.2000 0.4314 0.3922 0.1961 27.5649 2.0000 
2378 2379 22 -0.7207 0.0139 -22.4257 -0.7195 0.0198 -22.6256 0.0746 0.2000 0.4314 0.3922 0.1961 27.7788 2.0000 
2379 2380 22 -0.7195 0.0198 -22.6256 -0.7403 0.0320 -22.8241 0.0746 0.2000 0.4314 0.3922 0.1961 27.9981 2.0000 
2380 2381 22 -0.7403 0.0320 -22.8241 -0.7491 0.0422 -23.0237 0.0746 0.2000 0.4314 0.3922 0.1961 28.2231 2.0000 
2381 2382 22 -0.7491 0.0422 -23.0237 -0.7598 0.0528 -23.2231 0.0746 0.2000 0.4314 0.3922 0.1961 28.4541 2.0000 
2382 2383 22 -0.7598 0.0528 -23.2231 -0.7689 0.0658 -23.4225 0.0746 0.2000 0.4314 0.3922 0.1961 28.6914 2.0000 
2383 2384 22 -0.7689 0.0658 -23.4225 -0.7633 0.0795 -23.6219 0.0746 0.2000 0.4314 0.3922 0.1961 28.9354 2.0000 
2384 2385 22 -0.7633 0.0795 -23.6219 -0.7686 0.0928 -23.8214 0.0746 0.2000 0.4314 0.3922 0.1961 29.1865 2.0000 
2385 2386 22 -0.7686 0.0928 -23.8214 -0.7720 0.1123 -24.0204 0.0746 0.2000 0.4314 0.3922 0.1961 29.4451 2.0000 
2386 2387 22 -0.7720 0.1123 -24.0204 -0.7399 0.1193 -24.2177 0.0746 0.2000 0.4314 0.3922 0.1961 29.7117 2.0000 
2387 2388 22 -0.7399 0.1193 -24.2177 -0.7168 0.1245 -24.4163 0.0746 0.2000 0.4314 0.3922 0.1961 29.9866 2.0000 
2388 2389 22 -0.7168 0.1245 -24.4163 -0.7155 0.1246 -24.4258 0.0746 0.0096 0.4314 0.3922 0.1961 30.0000 2.0000 
37 2390 23 -0.0460 -0.0833 -5.0188 0.0001 0.0927 -5.1018 0.0722 0.2000 0.4314 0.3922 0.1961 17.8667 2.0000 
2390 2391 23 0.0001 0.0927 -5.1018 0.0337 0.2628 -5.2015 0.0722 0.2000 0.4314 0.3922 0.1961 17.9874 2.0000 
2391 2392 23 0.0337 0.2628 -5.2015 0.0701 0.4332 -5.2997 0.0722 0.2000 0.4314 0.3922 0.1961 18.1089 2.0000 
2392 2393 23 0.0701 0.4332 -5.2997 0.1032 0.6035 -5.3992 0.0722 0.2000 0.4314 0.3922 0.1961 18.2312 2.0000 
2393 2394 23 0.1032 0.6035 -5.3992 0.1502 0.7562 -5.5196 0.0722 0.2000 0.4314 0.3922 0.1961 18.3544 2.0000 
2394 2395 23 0.1502 0.7562 -5.5196 0.1923 0.9062 -5.6450 0.0722 0.2000 0.4314 0.3922 0.1961 18.4784 2.0000 
2395 2396 23 0.1923 0.9062 -5.6450 0.2185 1.0585 -5.7719 0.0722 0.2000 0.4314 0.3922 0.1961 18.6032 2.0000 
2396 2397 23 0.2185 1.0585 -5.7719 0.2423 1.1922 -5.9188 0.0722 0.2000 0.4314 0.3922 0.1961 18.7288 2.0000 
2397 2398 23 0.2423 1.1922 -5.9188 0.2792 1.3190 -6.0689 0.0722 0.2000 0.4314 0.3922 0.1961 18.8553 2.0000 
2398 2399 23 0.2792 1.3190 -6.0689 0.3157 1.4322 -6.2297 0.0722 0.2000 0.4314 0.3922 0.1961 18.9827 2.0000 
2399 2400 23 0.3157 1.4322 -6.2297 0.3612 1.5293 -6.3985 0.0722 0.2000 0.4314 0.3922 0.1961 19.1109 2.0000 
2400 2401 23 0.3612 1.5293 -6.3985 0.4043 1.6020 -6.5798 0.0722 0.2000 0.4314 0.3922 0.1961 19.2401 2.0000 
2401 2402 23 0.4043 1.6020 -6.5798 0.4249 1.6928 -6.7568 0.0722 0.2000 0.4314 0.3922 0.1961 19.3702 2.0000 
2402 2403 23 0.4249 1.6928 -6.7568 0.4461 1.7862 -6.9324 0.0722 0.2000 0.4314 0.3922 0.1961 19.5011 2.0000 
2403 2404 23 0.4461 1.7862 -6.9324 0.4695 1.8784 -7.1083 0.0722 0.2000 0.4314 0.3922 0.1961 19.6330 2.0000 
2404 2405 23 0.4695 1.8784 -7.1083 0.4895 1.9708 -7.2846 0.0722 0.2000 0.4314 0.3922 0.1961 19.7659 2.0000 
2405 2406 23 0.4895 1.9708 -7.2846 0.5010 2.0629 -7.4618 0.0722 0.2000 0.4314 0.3922 0.1961 19.8997 2.0000 
2406 2407 23 0.5010 2.0629 -7.4618 0.5273 2.1426 -7.6433 0.0722 0.2000 0.4314 0.3922 0.1961 20.0345 2.0000 
2407 2408 23 0.5273 2.1426 -7.6433 0.5543 2.2173 -7.8268 0.0722 0.2000 0.4314 0.3922 0.1961 20.1703 2.0000 
2408 2409 23 0.5543 2.2173 -7.8268 0.5864 2.2663 -8.0181 0.0722 0.2000 0.4314 0.3922 0.1961 20.3071 2.0000 
2409 2410 23 0.5864 2.2663 -8.0181 0.6202 2.3108 -8.2101 0.0722 0.2000 0.4314 0.3922 0.1961 20.4449 2.0000 
2410 2411 23 0.6202 2.3108 -8.2101 0.6530 2.3493 -8.4036 0.0722 0.2000 0.4314 0.3922 0.1961 20.5837 2.0000 
2411 2412 23 0.6530 2.3493 -8.4036 0.6895 2.3694 -8.5992 0.0722 0.2000 0.4314 0.3922 0.1961 20.7236 2.0000 
2412 2413 23 0.6895 2.3694 -8.5992 0.7140 2.4117 -8.7931 0.0722 0.2000 0.4314 0.3922 0.1961 20.8646 2.0000 
2413 2414 23 0.7140 2.4117 -8.7931 0.6923 2.4385 -8.9901 0.0722 0.2000 0.4314 0.3922 0.1961 21.0066 2.0000 
2414 2415 23 0.6923 2.4385 -8.9901 0.6816 2.4402 -9.1898 0.0722 0.2000 0.4314 0.3922 0.1961 21.1497 2.0000 
2415 2416 23 0.6816 2.4402 -9.1898 0.6804 2.4452 -9.3898 0.0722 0.2000 0.4314 0.3922 0.1961 21.2940 2.0000 
2416 2417 23 0.6804 2.4452 -9.3898 0.6758 2.4288 -9.5890 0.0722 0.2000 0.4314 0.3922 0.1961 21.4394 2.0000 
2417 2418 23 0.6758 2.4288 -9.5890 0.6636 2.4136 -9.7881 0.0722 0.2000 0.4314 0.3922 0.1961 21.5859 2.0000 
2418 2419 23 0.6636 2.4136 -9.7881 0.6592 2.4165 -9.9880 0.0722 0.2000 0.4314 0.3922 0.1961 21.7336 2.0000 
2419 2420 23 0.6592 2.4165 -9.9880 0.6405 2.4016 -10.1866 0.0722 0.2000 0.4314 0.3922 0.1961 21.8825 2.0000 
2420 2421 23 0.6405 2.4016 -10.1866 0.6219 2.3889 -10.3853 0.0722 0.2000 0.4314 0.3922 0.1961 22.0326 2.0000 
2421 2422 23 0.6219 2.3889 -10.3853 0.6150 2.3787 -10.5849 0.0722 0.2000 0.4314 0.3922 0.1961 22.1839 2.0000 
2422 2423 23 0.6150 2.3787 -10.5849 0.6093 2.3668 -10.7845 0.0722 0.2000 0.4314 0.3922 0.1961 22.3364 2.0000 
2423 2424 23 0.6093 2.3668 -10.7845 0.6195 2.3865 -10.9832 0.0722 0.2000 0.4314 0.3922 0.1961 22.4903 2.0000 
2424 2425 23 0.6195 2.3865 -10.9832 0.6144 2.3986 -11.1828 0.0722 0.2000 0.4314 0.3922 0.1961 22.6454 2.0000 
2425 2426 23 0.6144 2.3986 -11.1828 0.6218 2.4050 -11.3826 0.0722 0.2000 0.4314 0.3922 0.1961 22.8018 2.0000 
2426 2427 23 0.6218 2.4050 -11.3826 0.6210 2.4093 -11.5825 0.0722 0.2000 0.4314 0.3922 0.1961 22.9596 2.0000 
2427 2428 23 0.6210 2.4093 -11.5825 0.6400 2.4165 -11.7815 0.0722 0.2000 0.4314 0.3922 0.1961 23.1187 2.0000 
2428 2429 23 0.6400 2.4165 -11.7815 0.6592 2.4265 -11.9803 0.0722 0.2000 0.4314 0.3922 0.1961 23.2792 2.0000 
2429 2430 23 0.6592 2.4265 -11.9803 0.6592 2.4267 -12.1803 0.0722 0.2000 0.4314 0.3922 0.1961 23.4411 2.0000 
2430 2431 23 0.6592 2.4267 -12.1803 0.6505 2.4423 -12.3795 0.0722 0.2000 0.4314 0.3922 0.1961 23.6045 2.0000 
2431 2432 23 0.6505 2.4423 -12.3795 0.6362 2.4576 -12.5784 0.0722 0.2000 0.4314 0.3922 0.1961 23.7692 2.0000 
2432 2433 23 0.6362 2.4576 -12.5784 0.6372 2.4387 -12.7775 0.0722 0.2000 0.4314 0.3922 0.1961 23.9355 2.0000 
2433 2434 23 0.6372 2.4387 -12.7775 0.6093 2.4339 -12.9755 0.0722 0.2000 0.4314 0.3922 0.1961 24.1033 2.0000 
2434 2435 23 0.6093 2.4339 -12.9755 0.5994 2.4294 -13.1752 0.0722 0.2000 0.4314 0.3922 0.1961 24.2726 2.0000 
2435 2436 23 0.5994 2.4294 -13.1752 0.5895 2.4329 -13.3749 0.0722 0.2000 0.4314 0.3922 0.1961 24.4434 2.0000 
2436 2437 23 0.5895 2.4329 -13.3749 0.5825 2.4341 -13.5748 0.0722 0.2000 0.4314 0.3922 0.1961 24.6159 2.0000 
2437 2438 23 0.5825 2.4341 -13.5748 0.5714 2.4363 -13.7745 0.0722 0.2000 0.4314 0.3922 0.1961 24.7900 2.0000 
2438 2439 23 0.5714 2.4363 -13.7745 0.5612 2.4370 -13.9742 0.0722 0.2000 0.4314 0.3922 0.1961 24.9657 2.0000 
2439 2440 23 0.5612 2.4370 -13.9742 0.5584 2.4463 -14.1740 0.0722 0.2000 0.4314 0.3922 0.1961 25.1431 2.0000 
2440 2441 23 0.5584 2.4463 -14.1740 0.5519 2.4541 -14.3737 0.0722 0.2000 0.4314 0.3922 0.1961 25.3223 2.0000 
2441 2442 23 0.5519 2.4541 -14.3737 0.5388 2.4513 -14.5733 0.0722 0.2000 0.4314 0.3922 0.1961 25.5031 2.0000 
2442 2443 23 0.5388 2.4513 -14.5733 0.5309 2.4445 -14.7730 0.0722 0.2000 0.4314 0.3922 0.1961 25.6858 2.0000 
2443 2444 23 0.5309 2.4445 -14.7730 0.5358 2.4537 -14.9727 0.0722 0.2000 0.4314 0.3922 0.1961 25.8703 2.0000 
2444 2445 23 0.5358 2.4537 -14.9727 0.5295 2.4480 -15.1726 0.0722 0.2000 0.4314 0.3922 0.1961 26.0566 2.0000 
2445 2446 23 0.5295 2.4480 -15.1726 0.5345 2.4527 -15.3724 0.0722 0.2000 0.4314 0.3922 0.1961 26.2449 2.0000 
2446 2447 23 0.5345 2.4527 -15.3724 0.5391 2.4509 -15.5724 0.0722 0.2000 0.4314 0.3922 0.1961 26.4351 2.0000 
2447 2448 23 0.5391 2.4509 -15.5724 0.5315 2.4649 -15.7717 0.0722 0.2000 0.4314 0.3922 0.1961 26.6272 2.0000 
2448 2449 23 0.5315 2.4649 -15.7717 0.5234 2.4565 -15.9714 0.0722 0.2000 0.4314 0.3922 0.1961 26.8214 2.0000 
2449 2450 23 0.5234 2.4565 -15.9714 0.5207 2.4542 -16.1714 0.0722 0.2000 0.4314 0.3922 0.1961 27.0176 2.0000 
2450 2451 23 0.5207 2.4542 -16.1714 0.5031 2.4496 -16.3706 0.0722 0.2000 0.4314 0.3922 0.1961 27.2159 2.0000 
2451 2452 23 0.5031 2.4496 -16.3706 0.4603 2.4039 -16.5605 0.0722 0.2000 0.4314 0.3922 0.1961 27.4164 2.0000 
2452 2453 23 0.4603 2.4039 -16.5605 0.4166 2.3649 -16.7517 0.0722 0.2000 0.4314 0.3922 0.1961 27.6190 2.0000 
2453 2454 23 0.4166 2.3649 -16.7517 0.3780 2.3336 -16.9454 0.0722 0.2000 0.4314 0.3922 0.1961 27.8239 2.0000 
2454 2455 23 0.3780 2.3336 -16.9454 0.3362 2.3446 -17.1407 0.0722 0.2000 0.4314 0.3922 0.1961 28.0311 2.0000 
2455 2456 23 0.3362 2.3446 -17.1407 0.2957 2.3921 -17.3307 0.0722 0.2000 0.4314 0.3922 0.1961 28.2407 2.0000 
2456 2457 23 0.2957 2.3921 -17.3307 0.2488 2.4343 -17.5205 0.0722 0.2000 0.4314 0.3922 0.1961 28.4526 2.0000 
2457 2458 23 0.2488 2.4343 -17.5205 0.2061 2.4813 -17.7102 0.0722 0.2000 0.4314 0.3922 0.1961 28.6670 2.0000 
2458 2459 23 0.2061 2.4813 -17.7102 0.1347 2.4725 -17.8968 0.0722 0.2000 0.4314 0.3922 0.1961 28.8839 2.0000 
2459 2460 23 0.1347 2.4725 -17.8968 0.0651 2.4647 -18.0842 0.0722 0.2000 0.4314 0.3922 0.1961 29.1034 2.0000 
2460 2461 23 0.0651 2.4647 -18.0842 0.0285 2.4311 -18.2779 0.0722 0.2000 0.4314 0.3922 0.1961 29.3255 2.0000 
2461 2462 23 0.0285 2.4311 -18.2779 -0.0025 2.4166 -18.4749 0.0722 0.2000 0.4314 0.3922 0.1961 29.5503 2.0000 
2462 2463 23 -0.0025 2.4166 -18.4749 0.0124 2.4100 -18.6743 0.0722 0.2000 0.4314 0.3922 0.1961 29.7779 2.0000 
2463 2464 23 0.0124 2.4100 -18.6743 0.0090 2.3637 -18.8615 0.0722 0.1929 0.4314 0.3922 0.1961 30.0000 2.0000 
39 2465 24 -0.0697 -0.0875 -5.2704 0.0801 -0.1368 -5.3933 0.0721 0.2000 0.4314 0.3922 0.1961 18.4225 2.0000 
2465 2466 24 0.0801 -0.1368 -5.3933 0.2204 -0.1891 -5.5259 0.0721 0.2000 0.4314 0.3922 0.1961 18.7557 2.0000 
2466 2467 24 0.2204 -0.1891 -5.5259 0.3658 -0.2322 -5.6563 0.0721 0.2000 0.4314 0.3922 0.1961 19.0919 2.0000 
2467 2468 24 0.3658 -0.2322 -5.6563 0.5080 -0.2732 -5.7909 0.0721 0.2000 0.4314 0.3922 0.1961 19.4312 2.0000 
2468 2469 24 0.5080 -0.2732 -5.7909 0.6373 -0.3250 -5.9343 0.0721 0.2000 0.4314 0.3922 0.1961 19.7737 2.0000 
2469 2470 24 0.6373 -0.3250 -5.9343 0.7430 -0.3796 -6.0951 0.0721 0.2000 0.4314 0.3922 0.1961 20.1193 2.0000 
2470 2471 24 0.7430 -0.3796 -6.0951 0.8424 -0.4409 -6.2575 0.0721 0.2000 0.4314 0.3922 0.1961 20.4683 2.0000 
2471 2472 24 0.8424 -0.4409 -6.2575 0.9404 -0.4970 -6.4225 0.0721 0.2000 0.4314 0.3922 0.1961 20.8206 2.0000 
2472 2473 24 0.9404 -0.4970 -6.4225 1.0330 -0.5523 -6.5909 0.0721 0.2000 0.4314 0.3922 0.1961 21.1763 2.0000 
2473 2474 24 1.0330 -0.5523 -6.5909 1.1277 -0.5856 -6.7640 0.0721 0.2000 0.4314 0.3922 0.1961 21.5354 2.0000 
2474 2475 24 1.1277 -0.5856 -6.7640 1.2072 -0.6259 -6.9430 0.0721 0.2000 0.4314 0.3922 0.1961 21.8981 2.0000 
2475 2476 24 1.2072 -0.6259 -6.9430 1.2711 -0.6568 -7.1300 0.0721 0.2000 0.4314 0.3922 0.1961 22.2645 2.0000 
2476 2477 24 1.2711 -0.6568 -7.1300 1.3366 -0.6819 -7.3173 0.0721 0.2000 0.4314 0.3922 0.1961 22.6344 2.0000 
2477 2478 24 1.3366 -0.6819 -7.3173 1.4027 -0.7081 -7.5042 0.0721 0.2000 0.4314 0.3922 0.1961 23.0082 2.0000 
2478 2479 24 1.4027 -0.7081 -7.5042 1.4573 -0.7328 -7.6950 0.0721 0.2000 0.4314 0.3922 0.1961 23.3858 2.0000 
2479 2480 24 1.4573 -0.7328 -7.6950 1.4590 -0.7792 -7.8895 0.0721 0.2000 0.4314 0.3922 0.1961 23.7672 2.0000 
2480 2481 24 1.4590 -0.7792 -7.8895 1.4610 -0.8208 -8.0852 0.0721 0.2000 0.4314 0.3922 0.1961 24.1527 2.0000 
2481 2482 24 1.4610 -0.8208 -8.0852 1.4553 -0.8650 -8.2801 0.0721 0.2000 0.4314 0.3922 0.1961 24.5423 2.0000 
2482 2483 24 1.4553 -0.8650 -8.2801 1.4599 -0.8925 -8.4782 0.0721 0.2000 0.4314 0.3922 0.1961 24.9360 2.0000 
2483 2484 24 1.4599 -0.8925 -8.4782 1.4630 -0.9194 -8.6763 0.0721 0.2000 0.4314 0.3922 0.1961 25.3340 2.0000 
2484 2485 24 1.4630 -0.9194 -8.6763 1.4594 -0.9457 -8.8746 0.0721 0.2000 0.4314 0.3922 0.1961 25.7363 2.0000 
2485 2486 24 1.4594 -0.9457 -8.8746 1.4571 -0.9664 -9.0735 0.0721 0.2000 0.4314 0.3922 0.1961 26.1431 2.0000 
2486 2487 24 1.4571 -0.9664 -9.0735 1.4603 -0.9885 -9.2722 0.0721 0.2000 0.4314 0.3922 0.1961 26.5544 2.0000 
2487 2488 24 1.4603 -0.9885 -9.2722 1.4958 -1.0240 -9.4658 0.0721 0.2000 0.4314 0.3922 0.1961 26.9704 2.0000 
2488 2489 24 1.4958 -1.0240 -9.4658 1.5296 -1.0338 -9.6627 0.0721 0.2000 0.4314 0.3922 0.1961 27.3911 2.0000 
2489 2490 24 1.5296 -1.0338 -9.6627 1.5329 -1.0560 -9.8615 0.0721 0.2000 0.4314 0.3922 0.1961 27.8167 2.0000 
2490 2491 24 1.5329 -1.0560 -9.8615 1.5154 -1.0693 -10.0602 0.0721 0.2000 0.4314 0.3922 0.1961 28.2472 2.0000 
2491 2492 24 1.5154 -1.0693 -10.0602 1.5141 -1.0668 -10.2602 0.0721 0.2000 0.4314 0.3922 0.1961 28.6828 2.0000 
2492 2493 24 1.5141 -1.0668 -10.2602 1.5304 -1.0821 -10.4590 0.0721 0.2000 0.4314 0.3922 0.1961 29.1237 2.0000 
2493 2494 24 1.5304 -1.0821 -10.4590 1.5477 -1.1002 -10.6574 0.0721 0.2000 0.4314 0.3922 0.1961 29.5699 2.0000 
2494 2495 24 1.5477 -1.1002 -10.6574 1.5500 -1.1075 -10.8477 0.0721 0.1905 0.4314 0.3922 0.1961 30.0000 2.0000 
41 2496 25 -0.0746 -0.0674 -5.5142 0.0973 -0.0407 -5.6127 0.0447 0.2000 0.4314 0.3922 0.1961 18.5494 2.0000 
2496 2497 25 0.0973 -0.0407 -5.6127 0.2665 -0.0749 -5.7137 0.0447 0.2000 0.4314 0.3922 0.1961 18.6703 2.0000 
2497 2498 25 0.2665 -0.0749 -5.7137 0.4077 -0.1325 -5.8432 0.0447 0.2000 0.4314 0.3922 0.1961 18.7920 2.0000 
2498 2499 25 0.4077 -0.1325 -5.8432 0.5300 -0.1883 -5.9912 0.0447 0.2000 0.4314 0.3922 0.1961 18.9148 2.0000 
2499 2500 25 0.5300 -0.1883 -5.9912 0.6236 -0.2288 -6.1633 0.0447 0.2000 0.4314 0.3922 0.1961 19.0385 2.0000 
2500 2501 25 0.6236 -0.2288 -6.1633 0.7049 -0.2818 -6.3381 0.0447 0.2000 0.4314 0.3922 0.1961 19.1632 2.0000 
2501 2502 25 0.7049 -0.2818 -6.3381 0.7642 -0.3349 -6.5216 0.0447 0.2000 0.4314 0.3922 0.1961 19.2888 2.0000 
2502 2503 25 0.7642 -0.3349 -6.5216 0.7819 -0.3005 -6.7178 0.0447 0.2000 0.4314 0.3922 0.1961 19.4155 2.0000 
2503 2504 25 0.7819 -0.3005 -6.7178 0.8045 -0.2738 -6.9147 0.0447 0.2000 0.4314 0.3922 0.1961 19.5433 2.0000 
2504 2505 25 0.8045 -0.2738 -6.9147 0.8035 -0.2920 -7.1139 0.0447 0.2000 0.4314 0.3922 0.1961 19.6721 2.0000 
2505 2506 25 0.8035 -0.2920 -7.1139 0.8048 -0.2905 -7.3139 0.0447 0.2000 0.4314 0.3922 0.1961 19.8019 2.0000 
2506 2507 25 0.8048 -0.2905 -7.3139 0.8047 -0.2741 -7.5132 0.0447 0.2000 0.4314 0.3922 0.1961 19.9329 2.0000 
2507 2508 25 0.8047 -0.2741 -7.5132 0.8078 -0.2745 -7.7132 0.0447 0.2000 0.4314 0.3922 0.1961 20.0649 2.0000 
2508 2509 25 0.8078 -0.2745 -7.7132 0.8003 -0.2855 -7.9127 0.0447 0.2000 0.4314 0.3922 0.1961 20.1981 2.0000 
2509 2510 25 0.8003 -0.2855 -7.9127 0.8018 -0.3066 -8.1116 0.0447 0.2000 0.4314 0.3922 0.1961 20.3324 2.0000 
2510 2511 25 0.8018 -0.3066 -8.1116 0.7983 -0.2983 -8.3114 0.0447 0.2000 0.4314 0.3922 0.1961 20.4679 2.0000 
2511 2512 25 0.7983 -0.2983 -8.3114 0.7767 -0.2820 -8.5096 0.0447 0.2000 0.4314 0.3922 0.1961 20.6045 2.0000 
2512 2513 25 0.7767 -0.2820 -8.5096 0.7752 -0.2710 -8.7093 0.0447 0.2000 0.4314 0.3922 0.1961 20.7424 2.0000 
2513 2514 25 0.7752 -0.2710 -8.7093 0.7670 -0.2548 -8.9084 0.0447 0.2000 0.4314 0.3922 0.1961 20.8815 2.0000 
2514 2515 25 0.7670 -0.2548 -8.9084 0.7487 -0.2604 -9.1075 0.0447 0.2000 0.4314 0.3922 0.1961 21.0218 2.0000 
2515 2516 25 0.7487 -0.2604 -9.1075 0.7409 -0.2616 -9.3074 0.0447 0.2000 0.4314 0.3922 0.1961 21.1634 2.0000 
2516 2517 25 0.7409 -0.2616 -9.3074 0.7309 -0.2640 -9.5071 0.0447 0.2000 0.4314 0.3922 0.1961 21.3063 2.0000 
2517 2518 25 0.7309 -0.2640 -9.5071 0.7172 -0.2678 -9.7066 0.0447 0.2000 0.4314 0.3922 0.1961 21.4505 2.0000 
2518 2519 25 0.7172 -0.2678 -9.7066 0.7028 -0.2701 -9.9061 0.0447 0.2000 0.4314 0.3922 0.1961 21.5961 2.0000 
2519 2520 25 0.7028 -0.2701 -9.9061 0.6898 -0.2773 -10.1055 0.0447 0.2000 0.4314 0.3922 0.1961 21.7430 2.0000 
2520 2521 25 0.6898 -0.2773 -10.1055 0.6763 -0.2845 -10.3049 0.0447 0.2000 0.4314 0.3922 0.1961 21.8913 2.0000 
2521 2522 25 0.6763 -0.2845 -10.3049 0.7016 -0.3019 -10.5026 0.0447 0.2000 0.4314 0.3922 0.1961 22.0411 2.0000 
2522 2523 25 0.7016 -0.3019 -10.5026 0.7141 -0.3239 -10.7009 0.0447 0.2000 0.4314 0.3922 0.1961 22.1922 2.0000 
2523 2524 25 0.7141 -0.3239 -10.7009 0.7265 -0.3459 -10.8993 0.0447 0.2000 0.4314 0.3922 0.1961 22.3449 2.0000 
2524 2525 25 0.7265 -0.3459 -10.8993 0.7307 -0.3617 -11.0987 0.0447 0.2000 0.4314 0.3922 0.1961 22.4990 2.0000 
2525 2526 25 0.7307 -0.3617 -11.0987 0.7351 -0.3784 -11.2979 0.0447 0.2000 0.4314 0.3922 0.1961 22.6547 2.0000 
2526 2527 25 0.7351 -0.3784 -11.2979 0.7344 -0.3932 -11.4974 0.0447 0.2000 0.4314 0.3922 0.1961 22.8120 2.0000 
2527 2528 25 0.7344 -0.3932 -11.4974 0.7344 -0.4068 -11.6969 0.0447 0.2000 0.4314 0.3922 0.1961 22.9708 2.0000 
2528 2529 25 0.7344 -0.4068 -11.6969 0.7349 -0.4211 -11.8964 0.0447 0.2000 0.4314 0.3922 0.1961 23.1313 2.0000 
2529 2530 25 0.7349 -0.4211 -11.8964 0.7481 -0.4488 -12.0940 0.0447 0.2000 0.4314 0.3922 0.1961 23.2935 2.0000 
2530 2531 25 0.7481 -0.4488 -12.0940 0.7440 -0.4288 -12.2930 0.0447 0.2000 0.4314 0.3922 0.1961 23.4573 2.0000 
2531 2532 25 0.7440 -0.4288 -12.2930 0.7350 -0.4099 -12.4919 0.0447 0.2000 0.4314 0.3922 0.1961 23.6229 2.0000 
2532 2533 25 0.7350 -0.4099 -12.4919 0.7154 -0.3998 -12.6907 0.0447 0.2000 0.4314 0.3922 0.1961 23.7902 2.0000 
2533 2534 25 0.7154 -0.3998 -12.6907 0.7103 -0.3787 -12.8895 0.0447 0.2000 0.4314 0.3922 0.1961 23.9594 2.0000 
2534 2535 25 0.7103 -0.3787 -12.8895 0.6991 -0.3597 -13.0883 0.0447 0.2000 0.4314 0.3922 0.1961 24.1303 2.0000 
2535 2536 25 0.6991 -0.3597 -13.0883 0.6939 -0.3530 -13.2881 0.0447 0.2000 0.4314 0.3922 0.1961 24.3032 2.0000 
2536 2537 25 0.6939 -0.3530 -13.2881 0.7139 -0.3733 -13.4861 0.0447 0.2000 0.4314 0.3922 0.1961 24.4780 2.0000 
2537 2538 25 0.7139 -0.3733 -13.4861 0.7357 -0.3931 -13.6839 0.0447 0.2000 0.4314 0.3922 0.1961 24.6548 2.0000 
2538 2539 25 0.7357 -0.3931 -13.6839 0.7535 -0.3823 -13.8828 0.0447 0.2000 0.4314 0.3922 0.1961 24.8336 2.0000 
2539 2540 25 0.7535 -0.3823 -13.8828 0.7793 -0.3830 -14.0811 0.0447 0.2000 0.4314 0.3922 0.1961 25.0145 2.0000 
2540 2541 25 0.7793 -0.3830 -14.0811 0.7890 -0.3835 -14.2809 0.0447 0.2000 0.4314 0.3922 0.1961 25.1975 2.0000 
2541 2542 25 0.7890 -0.3835 -14.2809 0.7988 -0.3845 -14.4806 0.0447 0.2000 0.4314 0.3922 0.1961 25.3827 2.0000 
2542 2543 25 0.7988 -0.3845 -14.4806 0.8040 -0.3710 -14.6801 0.0447 0.2000 0.4314 0.3922 0.1961 25.5700 2.0000 
2543 2544 25 0.8040 -0.3710 -14.6801 0.8044 -0.3531 -14.8793 0.0447 0.2000 0.4314 0.3922 0.1961 25.7597 2.0000 
2544 2545 25 0.8044 -0.3531 -14.8793 0.8008 -0.3471 -15.0792 0.0447 0.2000 0.4314 0.3922 0.1961 25.9517 2.0000 
2545 2546 25 0.8008 -0.3471 -15.0792 0.7983 -0.3445 -15.2791 0.0447 0.2000 0.4314 0.3922 0.1961 26.1460 2.0000 
2546 2547 25 0.7983 -0.3445 -15.2791 0.8159 -0.3225 -15.4772 0.0447 0.2000 0.4314 0.3922 0.1961 26.3428 2.0000 
2547 2548 25 0.8159 -0.3225 -15.4772 0.8368 -0.3086 -15.6756 0.0447 0.2000 0.4314 0.3922 0.1961 26.5421 2.0000 
2548 2549 25 0.8368 -0.3086 -15.6756 0.8225 -0.2846 -15.8736 0.0447 0.2000 0.4314 0.3922 0.1961 26.7440 2.0000 
2549 2550 25 0.8225 -0.2846 -15.8736 0.8214 -0.2584 -16.0719 0.0447 0.2000 0.4314 0.3922 0.1961 26.9485 2.0000 
2550 2551 25 0.8214 -0.2584 -16.0719 0.8332 -0.2481 -16.2713 0.0447 0.2000 0.4314 0.3922 0.1961 27.1557 2.0000 
2551 2552 25 0.8332 -0.2481 -16.2713 0.8368 -0.2369 -16.4709 0.0447 0.2000 0.4314 0.3922 0.1961 27.3657 2.0000 
2552 2553 25 0.8368 -0.2369 -16.4709 0.8338 -0.2300 -16.6708 0.0447 0.2000 0.4314 0.3922 0.1961 27.5785 2.0000 
2553 2554 25 0.8338 -0.2300 -16.6708 0.8415 -0.2044 -16.8690 0.0447 0.2000 0.4314 0.3922 0.1961 27.7943 2.0000 
2554 2555 25 0.8415 -0.2044 -16.8690 0.8874 -0.1894 -17.0631 0.0447 0.2000 0.4314 0.3922 0.1961 28.0131 2.0000 
2555 2556 25 0.8874 -0.1894 -17.0631 0.9074 -0.1494 -17.2580 0.0447 0.2000 0.4314 0.3922 0.1961 28.2350 2.0000 
2556 2557 25 0.9074 -0.1494 -17.2580 0.9310 -0.1092 -17.4525 0.0447 0.2000 0.4314 0.3922 0.1961 28.4601 2.0000 
2557 2558 25 0.9310 -0.1092 -17.4525 0.9617 -0.0872 -17.6489 0.0447 0.2000 0.4314 0.3922 0.1961 28.6885 2.0000 
2558 2559 25 0.9617 -0.0872 -17.6489 0.9982 -0.0660 -17.8444 0.0447 0.2000 0.4314 0.3922 0.1961 28.9203 2.0000 
2559 2560 25 0.9982 -0.0660 -17.8444 1.0080 -0.0319 -18.0413 0.0447 0.2000 0.4314 0.3922 0.1961 29.1555 2.0000 
2560 2561 25 1.0080 -0.0319 -18.0413 0.9997 0.0061 -18.2374 0.0447 0.2000 0.4314 0.3922 0.1961 29.3943 2.0000 
2561 2562 25 0.9997 0.0061 -18.2374 0.9855 0.0458 -18.4330 0.0447 0.2000 0.4314 0.3922 0.1961 29.6369 2.0000 
2562 2563 25 0.9855 0.0458 -18.4330 0.9388 0.0752 -18.6252 0.0447 0.2000 0.4314 0.3922 0.1961 29.8832 2.0000 
2563 2564 25 0.9388 0.0752 -18.6252 0.9160 0.0868 -18.7153 0.0447 0.0937 0.4314 0.3922 0.1961 30.0000 2.0000 
42 2565 26 -0.0799 -0.0617 -5.6189 -0.2635 -0.0712 -5.6976 0.0805 0.2000 0.4314 0.3922 0.1961 18.6626 2.0000 
2565 2566 26 -0.2635 -0.0712 -5.6976 -0.4326 -0.1233 -5.7909 0.0805 0.2000 0.4314 0.3922 0.1961 18.7508 2.0000 
2566 2567 26 -0.4326 -0.1233 -5.7909 -0.5776 -0.1444 -5.9270 0.0805 0.2000 0.4314 0.3922 0.1961 18.8396 2.0000 
2567 2568 26 -0.5776 -0.1444 -5.9270 -0.7064 -0.1813 -6.0755 0.0805 0.2000 0.4314 0.3922 0.1961 18.9290 2.0000 
2568 2569 26 -0.7064 -0.1813 -6.0755 -0.8239 -0.2109 -6.2346 0.0805 0.2000 0.4314 0.3922 0.1961 19.0191 2.0000 
2569 2570 26 -0.8239 -0.2109 -6.2346 -0.8704 -0.2070 -6.4291 0.0805 0.2000 0.4314 0.3922 0.1961 19.1099 2.0000 
2570 2571 26 -0.8704 -0.2070 -6.4291 -0.9114 -0.2066 -6.6248 0.0805 0.2000 0.4314 0.3922 0.1961 19.2013 2.0000 
2571 2572 26 -0.9114 -0.2066 -6.6248 -0.9557 -0.2073 -6.8199 0.0805 0.2000 0.4314 0.3922 0.1961 19.2933 2.0000 
2572 2573 26 -0.9557 -0.2073 -6.8199 -0.9926 -0.2025 -7.0164 0.0805 0.2000 0.4314 0.3922 0.1961 19.3861 2.0000 
2573 2574 26 -0.9926 -0.2025 -7.0164 -1.0180 -0.1950 -7.2146 0.0805 0.2000 0.4314 0.3922 0.1961 19.4796 2.0000 
2574 2575 26 -1.0180 -0.1950 -7.2146 -1.0450 -0.2120 -7.4121 0.0805 0.2000 0.4314 0.3922 0.1961 19.5737 2.0000 
2575 2576 26 -1.0450 -0.2120 -7.4121 -1.0651 -0.2068 -7.6110 0.0805 0.2000 0.4314 0.3922 0.1961 19.6686 2.0000 
2576 2577 26 -1.0651 -0.2068 -7.6110 -1.0947 -0.2013 -7.8087 0.0805 0.2000 0.4314 0.3922 0.1961 19.7642 2.0000 
2577 2578 26 -1.0947 -0.2013 -7.8087 -1.1220 -0.2202 -8.0059 0.0805 0.2000 0.4314 0.3922 0.1961 19.8606 2.0000 
2578 2579 26 -1.1220 -0.2202 -8.0059 -1.1077 -0.2163 -8.2054 0.0805 0.2000 0.4314 0.3922 0.1961 19.9577 2.0000 
2579 2580 26 -1.1077 -0.2163 -8.2054 -1.1055 -0.2077 -8.4052 0.0805 0.2000 0.4314 0.3922 0.1961 20.0556 2.0000 
2580 2581 26 -1.1055 -0.2077 -8.4052 -1.1039 -0.2007 -8.6051 0.0805 0.2000 0.4314 0.3922 0.1961 20.1542 2.0000 
2581 2582 26 -1.1039 -0.2007 -8.6051 -1.1105 -0.2033 -8.8049 0.0805 0.2000 0.4314 0.3922 0.1961 20.2536 2.0000 
2582 2583 26 -1.1105 -0.2033 -8.8049 -1.1171 -0.2052 -9.0048 0.0805 0.2000 0.4314 0.3922 0.1961 20.3539 2.0000 
2583 2584 26 -1.1171 -0.2052 -9.0048 -1.1192 -0.2052 -9.2048 0.0805 0.2000 0.4314 0.3922 0.1961 20.4549 2.0000 
2584 2585 26 -1.1192 -0.2052 -9.2048 -1.1313 -0.1753 -9.4022 0.0805 0.2000 0.4314 0.3922 0.1961 20.5568 2.0000 
2585 2586 26 -1.1313 -0.1753 -9.4022 -1.1500 -0.1476 -9.5994 0.0805 0.2000 0.4314 0.3922 0.1961 20.6595 2.0000 
2586 2587 26 -1.1500 -0.1476 -9.5994 -1.1725 -0.1373 -9.7978 0.0805 0.2000 0.4314 0.3922 0.1961 20.7631 2.0000 
2587 2588 26 -1.1725 -0.1373 -9.7978 -1.1860 -0.1260 -9.9971 0.0805 0.2000 0.4314 0.3922 0.1961 20.8675 2.0000 
2588 2589 26 -1.1860 -0.1260 -9.9971 -1.1968 -0.1167 -10.1965 0.0805 0.2000 0.4314 0.3922 0.1961 20.9728 2.0000 
2589 2590 26 -1.1968 -0.1167 -10.1965 -1.2025 -0.1163 -10.3965 0.0805 0.2000 0.4314 0.3922 0.1961 21.0790 2.0000 
2590 2591 26 -1.2025 -0.1163 -10.3965 -1.2102 -0.1061 -10.5961 0.0805 0.2000 0.4314 0.3922 0.1961 21.1862 2.0000 
2591 2592 26 -1.2102 -0.1061 -10.5961 -1.2174 -0.0971 -10.7957 0.0805 0.2000 0.4314 0.3922 0.1961 21.2942 2.0000 
2592 2593 26 -1.2174 -0.0971 -10.7957 -1.2294 -0.1042 -10.9952 0.0805 0.2000 0.4314 0.3922 0.1961 21.4032 2.0000 
2593 2594 26 -1.2294 -0.1042 -10.9952 -1.2460 -0.1136 -11.1943 0.0805 0.2000 0.4314 0.3922 0.1961 21.5132 2.0000 
2594 2595 26 -1.2460 -0.1136 -11.1943 -1.2637 -0.1230 -11.3933 0.0805 0.2000 0.4314 0.3922 0.1961 21.6241 2.0000 
2595 2596 26 -1.2637 -0.1230 -11.3933 -1.2893 -0.1188 -11.5916 0.0805 0.2000 0.4314 0.3922 0.1961 21.7361 2.0000 
2596 2597 26 -1.2893 -0.1188 -11.5916 -1.3095 -0.1021 -11.7899 0.0805 0.2000 0.4314 0.3922 0.1961 21.8490 2.0000 
2597 2598 26 -1.3095 -0.1021 -11.7899 -1.3102 -0.0936 -11.9897 0.0805 0.2000 0.4314 0.3922 0.1961 21.9630 2.0000 
2598 2599 26 -1.3102 -0.0936 -11.9897 -1.3231 -0.0899 -12.1893 0.0805 0.2000 0.4314 0.3922 0.1961 22.0781 2.0000 
2599 2600 26 -1.3231 -0.0899 -12.1893 -1.3395 -0.0762 -12.3881 0.0805 0.2000 0.4314 0.3922 0.1961 22.1942 2.0000 
2600 2601 26 -1.3395 -0.0762 -12.3881 -1.3534 -0.0586 -12.5869 0.0805 0.2000 0.4314 0.3922 0.1961 22.3114 2.0000 
2601 2602 26 -1.3534 -0.0586 -12.5869 -1.3774 -0.0328 -12.7837 0.0805 0.2000 0.4314 0.3922 0.1961 22.4297 2.0000 
2602 2603 26 -1.3774 -0.0328 -12.7837 -1.3783 -0.0089 -12.9823 0.0805 0.2000 0.4314 0.3922 0.1961 22.5492 2.0000 
2603 2604 26 -1.3783 -0.0089 -12.9823 -1.3676 -0.0077 -13.1820 0.0805 0.2000 0.4314 0.3922 0.1961 22.6698 2.0000 
2604 2605 26 -1.3676 -0.0077 -13.1820 -1.3728 -0.0011 -13.3818 0.0805 0.2000 0.4314 0.3922 0.1961 22.7916 2.0000 
2605 2606 26 -1.3728 -0.0011 -13.3818 -1.3802 0.0011 -13.5817 0.0805 0.2000 0.4314 0.3922 0.1961 22.9146 2.0000 
2606 2607 26 -1.3802 0.0011 -13.5817 -1.3871 0.0051 -13.7815 0.0805 0.2000 0.4314 0.3922 0.1961 23.0389 2.0000 
2607 2608 26 -1.3871 0.0051 -13.7815 -1.3940 0.0122 -13.9813 0.0805 0.2000 0.4314 0.3922 0.1961 23.1643 2.0000 
2608 2609 26 -1.3940 0.0122 -13.9813 -1.3845 0.0184 -14.1810 0.0805 0.2000 0.4314 0.3922 0.1961 23.2911 2.0000 
2609 2610 26 -1.3845 0.0184 -14.1810 -1.3787 0.0156 -14.3809 0.0805 0.2000 0.4314 0.3922 0.1961 23.4191 2.0000 
2610 2611 26 -1.3787 0.0156 -14.3809 -1.3799 0.0107 -14.5808 0.0805 0.2000 0.4314 0.3922 0.1961 23.5485 2.0000 
2611 2612 26 -1.3799 0.0107 -14.5808 -1.3789 0.0057 -14.7807 0.0805 0.2000 0.4314 0.3922 0.1961 23.6793 2.0000 
2612 2613 26 -1.3789 0.0057 -14.7807 -1.3613 0.0280 -14.9787 0.0805 0.2000 0.4314 0.3922 0.1961 23.8114 2.0000 
2613 2614 26 -1.3613 0.0280 -14.9787 -1.3472 0.0484 -15.1772 0.0805 0.2000 0.4314 0.3922 0.1961 23.9450 2.0000 
2614 2615 26 -1.3472 0.0484 -15.1772 -1.3436 0.0596 -15.3768 0.0805 0.2000 0.4314 0.3922 0.1961 24.0800 2.0000 
2615 2616 26 -1.3436 0.0596 -15.3768 -1.3449 0.0699 -15.5765 0.0805 0.2000 0.4314 0.3922 0.1961 24.2165 2.0000 
2616 2617 26 -1.3449 0.0699 -15.5765 -1.3345 0.0694 -15.7763 0.0805 0.2000 0.4314 0.3922 0.1961 24.3544 2.0000 
2617 2618 26 -1.3345 0.0694 -15.7763 -1.3294 0.0575 -15.9759 0.0805 0.2000 0.4314 0.3922 0.1961 24.4940 2.0000 
2618 2619 26 -1.3294 0.0575 -15.9759 -1.3341 0.0487 -16.1756 0.0805 0.2000 0.4314 0.3922 0.1961 24.6351 2.0000 
2619 2620 26 -1.3341 0.0487 -16.1756 -1.3417 0.0323 -16.3748 0.0805 0.2000 0.4314 0.3922 0.1961 24.7778 2.0000 
2620 2621 26 -1.3417 0.0323 -16.3748 -1.3373 0.0167 -16.5741 0.0805 0.2000 0.4314 0.3922 0.1961 24.9222 2.0000 
2621 2622 26 -1.3373 0.0167 -16.5741 -1.3436 -0.0004 -16.7733 0.0805 0.2000 0.4314 0.3922 0.1961 25.0683 2.0000 
2622 2623 26 -1.3436 -0.0004 -16.7733 -1.3398 -0.0087 -16.9731 0.0805 0.2000 0.4314 0.3922 0.1961 25.2161 2.0000 
2623 2624 26 -1.3398 -0.0087 -16.9731 -1.3409 -0.0181 -17.1729 0.0805 0.2000 0.4314 0.3922 0.1961 25.3657 2.0000 
2624 2625 26 -1.3409 -0.0181 -17.1729 -1.3473 0.0007 -17.3719 0.0805 0.2000 0.4314 0.3922 0.1961 25.5172 2.0000 
2625 2626 26 -1.3473 0.0007 -17.3719 -1.3517 0.0112 -17.5715 0.0805 0.2000 0.4314 0.3922 0.1961 25.6704 2.0000 
2626 2627 26 -1.3517 0.0112 -17.5715 -1.3502 0.0259 -17.7710 0.0805 0.2000 0.4314 0.3922 0.1961 25.8256 2.0000 
2627 2628 26 -1.3502 0.0259 -17.7710 -1.3768 0.0262 -17.9692 0.0805 0.2000 0.4314 0.3922 0.1961 25.9828 2.0000 
2628 2629 26 -1.3768 0.0262 -17.9692 -1.4064 0.0267 -18.1670 0.0805 0.2000 0.4314 0.3922 0.1961 26.1419 2.0000 
2629 2630 26 -1.4064 0.0267 -18.1670 -1.4150 0.0379 -18.3665 0.0805 0.2000 0.4314 0.3922 0.1961 26.3031 2.0000 
2630 2631 26 -1.4150 0.0379 -18.3665 -1.3945 0.0761 -18.5618 0.0805 0.2000 0.4314 0.3922 0.1961 26.4665 2.0000 
2631 2632 26 -1.3945 0.0761 -18.5618 -1.3908 0.0998 -18.7603 0.0805 0.2000 0.4314 0.3922 0.1961 26.6320 2.0000 
2632 2633 26 -1.3908 0.0998 -18.7603 -1.3900 0.1217 -18.9591 0.0805 0.2000 0.4314 0.3922 0.1961 26.7997 2.0000 
2633 2634 26 -1.3900 0.1217 -18.9591 -1.3785 0.1394 -19.1580 0.0805 0.2000 0.4314 0.3922 0.1961 26.9697 2.0000 
2634 2635 26 -1.3785 0.1394 -19.1580 -1.3696 0.1550 -19.3572 0.0805 0.2000 0.4314 0.3922 0.1961 27.1421 2.0000 
2635 2636 26 -1.3696 0.1550 -19.3572 -1.3612 0.1712 -19.5564 0.0805 0.2000 0.4314 0.3922 0.1961 27.3169 2.0000 
2636 2637 26 -1.3612 0.1712 -19.5564 -1.3645 0.1539 -19.7556 0.0805 0.2000 0.4314 0.3922 0.1961 27.4942 2.0000 
2637 2638 26 -1.3645 0.1539 -19.7556 -1.3539 0.1436 -19.9551 0.0805 0.2000 0.4314 0.3922 0.1961 27.6740 2.0000 
2638 2639 26 -1.3539 0.1436 -19.9551 -1.3363 0.1326 -20.1540 0.0805 0.2000 0.4314 0.3922 0.1961 27.8565 2.0000 
2639 2640 26 -1.3363 0.1326 -20.1540 -1.3223 0.1214 -20.3532 0.0805 0.2000 0.4314 0.3922 0.1961 28.0417 2.0000 
2640 2641 26 -1.3223 0.1214 -20.3532 -1.3042 0.1144 -20.5522 0.0805 0.2000 0.4314 0.3922 0.1961 28.2296 2.0000 
2641 2642 26 -1.3042 0.1144 -20.5522 -1.2962 0.1144 -20.7521 0.0805 0.2000 0.4314 0.3922 0.1961 28.4205 2.0000 
2642 2643 26 -1.2962 0.1144 -20.7521 -1.2888 0.1206 -20.9518 0.0805 0.2000 0.4314 0.3922 0.1961 28.6143 2.0000 
2643 2644 26 -1.2888 0.1206 -20.9518 -1.2875 0.1307 -21.1516 0.0805 0.2000 0.4314 0.3922 0.1961 28.8112 2.0000 
2644 2645 26 -1.2875 0.1307 -21.1516 -1.2939 0.1424 -21.3511 0.0805 0.2000 0.4314 0.3922 0.1961 29.0113 2.0000 
2645 2646 26 -1.2939 0.1424 -21.3511 -1.2958 0.1298 -21.5507 0.0805 0.2000 0.4314 0.3922 0.1961 29.2146 2.0000 
2646 2647 26 -1.2958 0.1298 -21.5507 -1.2924 0.1389 -21.7505 0.0805 0.2000 0.4314 0.3922 0.1961 29.4213 2.0000 
2647 2648 26 -1.2924 0.1389 -21.7505 -1.2747 0.1210 -21.9489 0.0805 0.2000 0.4314 0.3922 0.1961 29.6315 2.0000 
2648 2649 26 -1.2747 0.1210 -21.9489 -1.2642 0.1047 -22.1479 0.0805 0.2000 0.4314 0.3922 0.1961 29.8453 2.0000 
2649 2650 26 -1.2642 0.1047 -22.1479 -1.2571 0.0927 -22.2898 0.0805 0.1426 0.4314 0.3922 0.1961 30.0000 2.0000 
43 2651 27 -0.0864 -0.0548 -5.7406 -0.0743 -0.2324 -5.8319 0.0389 0.2000 0.4314 0.3922 0.1961 18.8910 2.0000 
2651 2652 27 -0.0743 -0.2324 -5.8319 -0.0092 -0.4024 -5.9147 0.0389 0.2000 0.4314 0.3922 0.1961 19.0381 2.0000 
2652 2653 27 -0.0092 -0.4024 -5.9147 0.0622 -0.5641 -6.0082 0.0389 0.2000 0.4314 0.3922 0.1961 19.1862 2.0000 
2653 2654 27 0.0622 -0.5641 -6.0082 0.1352 -0.7260 -6.1003 0.0389 0.2000 0.4314 0.3922 0.1961 19.3353 2.0000 
2654 2655 27 0.1352 -0.7260 -6.1003 0.1971 -0.8760 -6.2172 0.0389 0.2000 0.4314 0.3922 0.1961 19.4853 2.0000 
2655 2656 27 0.1971 -0.8760 -6.2172 0.2556 -1.0220 -6.3407 0.0389 0.2000 0.4314 0.3922 0.1961 19.6364 2.0000 
2656 2657 27 0.2556 -1.0220 -6.3407 0.3093 -1.1514 -6.4835 0.0389 0.2000 0.4314 0.3922 0.1961 19.7884 2.0000 
2657 2658 27 0.3093 -1.1514 -6.4835 0.3614 -1.2811 -6.6265 0.0389 0.2000 0.4314 0.3922 0.1961 19.9415 2.0000 
2658 2659 27 0.3614 -1.2811 -6.6265 0.4113 -1.3945 -6.7835 0.0389 0.2000 0.4314 0.3922 0.1961 20.0956 2.0000 
2659 2660 27 0.4113 -1.3945 -6.7835 0.4849 -1.4917 -6.9420 0.0389 0.2000 0.4314 0.3922 0.1961 20.2507 2.0000 
2660 2661 27 0.4849 -1.4917 -6.9420 0.5047 -1.6243 -7.0905 0.0389 0.2000 0.4314 0.3922 0.1961 20.4069 2.0000 
2661 2662 27 0.5047 -1.6243 -7.0905 0.4972 -1.7399 -7.2535 0.0389 0.2000 0.4314 0.3922 0.1961 20.5642 2.0000 
2662 2663 27 0.4972 -1.7399 -7.2535 0.5013 -1.8417 -7.4256 0.0389 0.2000 0.4314 0.3922 0.1961 20.7226 2.0000 
2663 2664 27 0.5013 -1.8417 -7.4256 0.5018 -1.9417 -7.5988 0.0389 0.2000 0.4314 0.3922 0.1961 20.8821 2.0000 
2664 2665 27 0.5018 -1.9417 -7.5988 0.4932 -2.0098 -7.7867 0.0389 0.2000 0.4314 0.3922 0.1961 21.0427 2.0000 
2665 2666 27 0.4932 -2.0098 -7.7867 0.4904 -2.0856 -7.9717 0.0389 0.2000 0.4314 0.3922 0.1961 21.2045 2.0000 
2666 2667 27 0.4904 -2.0856 -7.9717 0.4804 -2.1398 -8.1639 0.0389 0.2000 0.4314 0.3922 0.1961 21.3674 2.0000 
2667 2668 27 0.4804 -2.1398 -8.1639 0.4651 -2.1884 -8.3574 0.0389 0.2000 0.4314 0.3922 0.1961 21.5315 2.0000 
2668 2669 27 0.4651 -2.1884 -8.3574 0.4679 -2.2193 -8.5549 0.0389 0.2000 0.4314 0.3922 0.1961 21.6968 2.0000 
2669 2670 27 0.4679 -2.2193 -8.5549 0.4703 -2.2433 -8.7535 0.0389 0.2000 0.4314 0.3922 0.1961 21.8632 2.0000 
2670 2671 27 0.4703 -2.2433 -8.7535 0.4592 -2.2608 -8.9524 0.0389 0.2000 0.4314 0.3922 0.1961 22.0309 2.0000 
2671 2672 27 0.4592 -2.2608 -8.9524 0.4579 -2.2862 -9.1508 0.0389 0.2000 0.4314 0.3922 0.1961 22.1999 2.0000 
2672 2673 27 0.4579 -2.2862 -9.1508 0.4553 -2.3079 -9.3496 0.0389 0.2000 0.4314 0.3922 0.1961 22.3701 2.0000 
2673 2674 27 0.4553 -2.3079 -9.3496 0.4560 -2.3232 -9.5490 0.0389 0.2000 0.4314 0.3922 0.1961 22.5416 2.0000 
2674 2675 27 0.4560 -2.3232 -9.5490 0.4547 -2.3211 -9.7490 0.0389 0.2000 0.4314 0.3922 0.1961 22.7144 2.0000 
2675 2676 27 0.4547 -2.3211 -9.7490 0.4273 -2.3026 -9.9462 0.0389 0.2000 0.4314 0.3922 0.1961 22.8885 2.0000 
2676 2677 27 0.4273 -2.3026 -9.9462 0.4008 -2.2877 -10.1439 0.0389 0.2000 0.4314 0.3922 0.1961 23.0639 2.0000 
2677 2678 27 0.4008 -2.2877 -10.1439 0.4125 -2.2756 -10.3432 0.0389 0.2000 0.4314 0.3922 0.1961 23.2407 2.0000 
2678 2679 27 0.4125 -2.2756 -10.3432 0.4141 -2.2910 -10.5426 0.0389 0.2000 0.4314 0.3922 0.1961 23.4189 2.0000 
2679 2680 27 0.4141 -2.2910 -10.5426 0.4152 -2.3063 -10.7420 0.0389 0.2000 0.4314 0.3922 0.1961 23.5985 2.0000 
2680 2681 27 0.4152 -2.3063 -10.7420 0.4173 -2.3178 -10.9417 0.0389 0.2000 0.4314 0.3922 0.1961 23.7795 2.0000 
2681 2682 27 0.4173 -2.3178 -10.9417 0.4148 -2.3499 -11.1391 0.0389 0.2000 0.4314 0.3922 0.1961 23.9620 2.0000 
2682 2683 27 0.4148 -2.3499 -11.1391 0.4272 -2.3586 -11.3385 0.0389 0.2000 0.4314 0.3922 0.1961 24.1459 2.0000 
2683 2684 27 0.4272 -2.3586 -11.3385 0.4411 -2.3730 -11.5375 0.0389 0.2000 0.4314 0.3922 0.1961 24.3314 2.0000 
2684 2685 27 0.4411 -2.3730 -11.5375 0.4526 -2.3877 -11.7366 0.0389 0.2000 0.4314 0.3922 0.1961 24.5183 2.0000 
2685 2686 27 0.4526 -2.3877 -11.7366 0.4626 -2.3992 -11.9360 0.0389 0.2000 0.4314 0.3922 0.1961 24.7068 2.0000 
2686 2687 27 0.4626 -2.3992 -11.9360 0.4743 -2.4086 -12.1355 0.0389 0.2000 0.4314 0.3922 0.1961 24.8969 2.0000 
2687 2688 27 0.4743 -2.4086 -12.1355 0.4867 -2.4196 -12.3348 0.0389 0.2000 0.4314 0.3922 0.1961 25.0886 2.0000 
2688 2689 27 0.4867 -2.4196 -12.3348 0.5068 -2.4256 -12.5337 0.0389 0.2000 0.4314 0.3922 0.1961 25.2819 2.0000 
2689 2690 27 0.5068 -2.4256 -12.5337 0.5117 -2.4297 -12.7336 0.0389 0.2000 0.4314 0.3922 0.1961 25.4768 2.0000 
2690 2691 27 0.5117 -2.4297 -12.7336 0.5121 -2.4331 -12.9335 0.0389 0.2000 0.4314 0.3922 0.1961 25.6734 2.0000 
2691 2692 27 0.5121 -2.4331 -12.9335 0.5174 -2.4257 -13.1333 0.0389 0.2000 0.4314 0.3922 0.1961 25.8718 2.0000 
2692 2693 27 0.5174 -2.4257 -13.1333 0.5259 -2.3932 -13.3305 0.0389 0.2000 0.4314 0.3922 0.1961 26.0719 2.0000 
2693 2694 27 0.5259 -2.3932 -13.3305 0.5452 -2.3586 -13.5265 0.0389 0.2000 0.4314 0.3922 0.1961 26.2737 2.0000 
2694 2695 27 0.5452 -2.3586 -13.5265 0.5555 -2.3214 -13.7228 0.0389 0.2000 0.4314 0.3922 0.1961 26.4774 2.0000 
2695 2696 27 0.5555 -2.3214 -13.7228 0.5650 -2.2909 -13.9202 0.0389 0.2000 0.4314 0.3922 0.1961 26.6829 2.0000 
2696 2697 27 0.5650 -2.2909 -13.9202 0.5678 -2.2825 -14.1200 0.0389 0.2000 0.4314 0.3922 0.1961 26.8902 2.0000 
2697 2698 27 0.5678 -2.2825 -14.1200 0.5735 -2.2845 -14.3199 0.0389 0.2000 0.4314 0.3922 0.1961 27.0995 2.0000 
2698 2699 27 0.5735 -2.2845 -14.3199 0.5802 -2.2885 -14.5198 0.0389 0.2000 0.4314 0.3922 0.1961 27.3107 2.0000 
2699 2700 27 0.5802 -2.2885 -14.5198 0.5694 -2.3028 -14.7190 0.0389 0.2000 0.4314 0.3922 0.1961 27.5238 2.0000 
2700 2701 27 0.5694 -2.3028 -14.7190 0.5611 -2.3246 -14.9176 0.0389 0.2000 0.4314 0.3922 0.1961 27.7390 2.0000 
2701 2702 27 0.5611 -2.3246 -14.9176 0.5390 -2.3237 -15.1164 0.0389 0.2000 0.4314 0.3922 0.1961 27.9563 2.0000 
2702 2703 27 0.5390 -2.3237 -15.1164 0.5301 -2.3230 -15.3162 0.0389 0.2000 0.4314 0.3922 0.1961 28.1756 2.0000 
2703 2704 27 0.5301 -2.3230 -15.3162 0.5629 -2.3104 -15.5131 0.0389 0.2000 0.4314 0.3922 0.1961 28.3970 2.0000 
2704 2705 27 0.5629 -2.3104 -15.5131 0.5631 -2.3175 -15.7129 0.0389 0.2000 0.4314 0.3922 0.1961 28.6207 2.0000 
2705 2706 27 0.5631 -2.3175 -15.7129 0.5430 -2.3365 -15.9110 0.0389 0.2000 0.4314 0.3922 0.1961 28.8465 2.0000 
2706 2707 27 0.5430 -2.3365 -15.9110 0.5359 -2.3463 -16.1106 0.0389 0.2000 0.4314 0.3922 0.1961 29.0746 2.0000 
2707 2708 27 0.5359 -2.3463 -16.1106 0.5325 -2.3574 -16.3103 0.0389 0.2000 0.4314 0.3922 0.1961 29.3050 2.0000 
2708 2709 27 0.5325 -2.3574 -16.3103 0.5277 -2.3604 -16.5102 0.0389 0.2000 0.4314 0.3922 0.1961 29.5378 2.0000 
2709 2710 27 0.5277 -2.3604 -16.5102 0.5185 -2.3805 -16.7090 0.0389 0.2000 0.4314 0.3922 0.1961 29.7729 2.0000 
2710 2711 27 0.5185 -2.3805 -16.7090 0.5206 -2.3633 -16.8994 0.0389 0.1912 0.4314 0.3922 0.1961 30.0000 2.0000 
44 2712 28 -0.1007 -0.0440 -5.8464 0.0453 -0.1150 -5.9632 0.0699 0.2000 0.4314 0.3922 0.1961 18.9894 2.0000 
2712 2713 28 0.0453 -0.1150 -5.9632 0.1765 -0.1893 -6.0945 0.0699 0.2000 0.4314 0.3922 0.1961 19.0851 2.0000 
2713 2714 28 0.1765 -0.1893 -6.0945 0.2934 -0.2770 -6.2311 0.0699 0.2000 0.4314 0.3922 0.1961 19.1813 2.0000 
2714 2715 28 0.2934 -0.2770 -6.2311 0.4016 -0.3666 -6.3734 0.0699 0.2000 0.4314 0.3922 0.1961 19.2783 2.0000 
2715 2716 28 0.4016 -0.3666 -6.3734 0.5077 -0.4343 -6.5289 0.0699 0.2000 0.4314 0.3922 0.1961 19.3758 2.0000 
2716 2717 28 0.5077 -0.4343 -6.5289 0.5503 -0.5280 -6.7003 0.0699 0.2000 0.4314 0.3922 0.1961 19.4741 2.0000 
2717 2718 28 0.5503 -0.5280 -6.7003 0.5824 -0.5893 -6.8880 0.0699 0.2000 0.4314 0.3922 0.1961 19.5731 2.0000 
2718 2719 28 0.5824 -0.5893 -6.8880 0.5805 -0.6312 -7.0836 0.0699 0.2000 0.4314 0.3922 0.1961 19.6727 2.0000 
2719 2720 28 0.5805 -0.6312 -7.0836 0.5893 -0.6786 -7.2777 0.0699 0.2000 0.4314 0.3922 0.1961 19.7731 2.0000 
2720 2721 28 0.5893 -0.6786 -7.2777 0.5798 -0.6795 -7.4774 0.0699 0.2000 0.4314 0.3922 0.1961 19.8742 2.0000 
2721 2722 28 0.5798 -0.6795 -7.4774 0.6136 -0.6825 -7.6745 0.0699 0.2000 0.4314 0.3922 0.1961 19.9760 2.0000 
2722 2723 28 0.6136 -0.6825 -7.6745 0.6438 -0.6855 -7.8722 0.0699 0.2000 0.4314 0.3922 0.1961 20.0785 2.0000 
2723 2724 28 0.6438 -0.6855 -7.8722 0.6635 -0.6938 -8.0711 0.0699 0.2000 0.4314 0.3922 0.1961 20.1818 2.0000 
2724 2725 28 0.6635 -0.6938 -8.0711 0.6830 -0.6917 -8.2701 0.0699 0.2000 0.4314 0.3922 0.1961 20.2858 2.0000 
2725 2726 28 0.6830 -0.6917 -8.2701 0.7135 -0.6967 -8.4677 0.0699 0.2000 0.4314 0.3922 0.1961 20.3906 2.0000 
2726 2727 28 0.7135 -0.6967 -8.4677 0.7075 -0.6941 -8.6676 0.0699 0.2000 0.4314 0.3922 0.1961 20.4962 2.0000 
2727 2728 28 0.7075 -0.6941 -8.6676 0.7088 -0.6945 -8.8676 0.0699 0.2000 0.4314 0.3922 0.1961 20.6026 2.0000 
2728 2729 28 0.7088 -0.6945 -8.8676 0.7095 -0.6918 -9.0676 0.0699 0.2000 0.4314 0.3922 0.1961 20.7098 2.0000 
2729 2730 28 0.7095 -0.6918 -9.0676 0.7036 -0.6983 -9.2674 0.0699 0.2000 0.4314 0.3922 0.1961 20.8178 2.0000 
2730 2731 28 0.7036 -0.6983 -9.2674 0.6930 -0.6957 -9.4671 0.0699 0.2000 0.4314 0.3922 0.1961 20.9266 2.0000 
2731 2732 28 0.6930 -0.6957 -9.4671 0.6834 -0.6923 -9.6668 0.0699 0.2000 0.4314 0.3922 0.1961 21.0363 2.0000 
2732 2733 28 0.6834 -0.6923 -9.6668 0.6739 -0.6889 -9.8666 0.0699 0.2000 0.4314 0.3922 0.1961 21.1468 2.0000 
2733 2734 28 0.6739 -0.6889 -9.8666 0.6651 -0.6913 -10.0664 0.0699 0.2000 0.4314 0.3922 0.1961 21.2582 2.0000 
2734 2735 28 0.6651 -0.6913 -10.0664 0.6645 -0.7159 -10.2648 0.0699 0.2000 0.4314 0.3922 0.1961 21.3705 2.0000 
2735 2736 28 0.6645 -0.7159 -10.2648 0.6532 -0.7397 -10.4631 0.0699 0.2000 0.4314 0.3922 0.1961 21.4836 2.0000 
2736 2737 28 0.6532 -0.7397 -10.4631 0.6683 -0.7574 -10.6618 0.0699 0.2000 0.4314 0.3922 0.1961 21.5977 2.0000 
2737 2738 28 0.6683 -0.7574 -10.6618 0.6710 -0.7548 -10.8617 0.0699 0.2000 0.4314 0.3922 0.1961 21.7127 2.0000 
2738 2739 28 0.6710 -0.7548 -10.8617 0.6593 -0.7471 -11.0612 0.0699 0.2000 0.4314 0.3922 0.1961 21.8287 2.0000 
2739 2740 28 0.6593 -0.7471 -11.0612 0.6480 -0.7345 -11.2605 0.0699 0.2000 0.4314 0.3922 0.1961 21.9456 2.0000 
2740 2741 28 0.6480 -0.7345 -11.2605 0.6324 -0.7279 -11.4598 0.0699 0.2000 0.4314 0.3922 0.1961 22.0634 2.0000 
2741 2742 28 0.6324 -0.7279 -11.4598 0.5999 -0.7092 -11.6563 0.0699 0.2000 0.4314 0.3922 0.1961 22.1823 2.0000 
2742 2743 28 0.5999 -0.7092 -11.6563 0.5722 -0.6936 -11.8537 0.0699 0.2000 0.4314 0.3922 0.1961 22.3022 2.0000 
2743 2744 28 0.5722 -0.6936 -11.8537 0.5430 -0.6752 -12.0507 0.0699 0.2000 0.4314 0.3922 0.1961 22.4231 2.0000 
2744 2745 28 0.5430 -0.6752 -12.0507 0.5167 -0.6602 -12.2484 0.0699 0.2000 0.4314 0.3922 0.1961 22.5450 2.0000 
2745 2746 28 0.5167 -0.6602 -12.2484 0.4823 -0.6405 -12.4444 0.0699 0.2000 0.4314 0.3922 0.1961 22.6680 2.0000 
2746 2747 28 0.4823 -0.6405 -12.4444 0.4660 -0.6286 -12.6434 0.0699 0.2000 0.4314 0.3922 0.1961 22.7920 2.0000 
2747 2748 28 0.4660 -0.6286 -12.6434 0.4440 -0.6147 -12.8417 0.0699 0.2000 0.4314 0.3922 0.1961 22.9172 2.0000 
2748 2749 28 0.4440 -0.6147 -12.8417 0.4136 -0.6049 -13.0391 0.0699 0.2000 0.4314 0.3922 0.1961 23.0435 2.0000 
2749 2750 28 0.4136 -0.6049 -13.0391 0.3867 -0.5937 -13.2370 0.0699 0.2000 0.4314 0.3922 0.1961 23.1709 2.0000 
2750 2751 28 0.3867 -0.5937 -13.2370 0.3661 -0.5956 -13.4359 0.0699 0.2000 0.4314 0.3922 0.1961 23.2994 2.0000 
2751 2752 28 0.3661 -0.5956 -13.4359 0.3548 -0.5926 -13.6356 0.0699 0.2000 0.4314 0.3922 0.1961 23.4292 2.0000 
2752 2753 28 0.3548 -0.5926 -13.6356 0.3530 -0.6119 -13.8347 0.0699 0.2000 0.4314 0.3922 0.1961 23.5601 2.0000 
2753 2754 28 0.3530 -0.6119 -13.8347 0.3544 -0.6308 -14.0338 0.0699 0.2000 0.4314 0.3922 0.1961 23.6922 2.0000 
2754 2755 28 0.3544 -0.6308 -14.0338 0.3472 -0.6558 -14.2321 0.0699 0.2000 0.4314 0.3922 0.1961 23.8256 2.0000 
2755 2756 28 0.3472 -0.6558 -14.2321 0.3440 -0.6797 -14.4306 0.0699 0.2000 0.4314 0.3922 0.1961 23.9603 2.0000 
2756 2757 28 0.3440 -0.6797 -14.4306 0.3407 -0.7036 -14.6291 0.0699 0.2000 0.4314 0.3922 0.1961 24.0963 2.0000 
2757 2758 28 0.3407 -0.7036 -14.6291 0.3267 -0.7342 -14.8263 0.0699 0.2000 0.4314 0.3922 0.1961 24.2335 2.0000 
2758 2759 28 0.3267 -0.7342 -14.8263 0.3267 -0.7572 -15.0250 0.0699 0.2000 0.4314 0.3922 0.1961 24.3721 2.0000 
2759 2760 28 0.3267 -0.7572 -15.0250 0.3270 -0.7807 -15.2236 0.0699 0.2000 0.4314 0.3922 0.1961 24.5121 2.0000 
2760 2761 28 0.3270 -0.7807 -15.2236 0.3281 -0.8037 -15.4222 0.0699 0.2000 0.4314 0.3922 0.1961 24.6535 2.0000 
2761 2762 28 0.3281 -0.8037 -15.4222 0.3267 -0.8307 -15.6204 0.0699 0.2000 0.4314 0.3922 0.1961 24.7963 2.0000 
2762 2763 28 0.3267 -0.8307 -15.6204 0.3372 -0.8422 -15.8198 0.0699 0.2000 0.4314 0.3922 0.1961 24.9406 2.0000 
2763 2764 28 0.3372 -0.8422 -15.8198 0.3464 -0.8511 -16.0194 0.0699 0.2000 0.4314 0.3922 0.1961 25.0863 2.0000 
2764 2765 28 0.3464 -0.8511 -16.0194 0.3536 -0.8624 -16.2189 0.0699 0.2000 0.4314 0.3922 0.1961 25.2335 2.0000 
2765 2766 28 0.3536 -0.8624 -16.2189 0.3562 -0.8641 -16.4189 0.0699 0.2000 0.4314 0.3922 0.1961 25.3823 2.0000 
2766 2767 28 0.3562 -0.8641 -16.4189 0.3597 -0.8743 -16.6186 0.0699 0.2000 0.4314 0.3922 0.1961 25.5327 2.0000 
2767 2768 28 0.3597 -0.8743 -16.6186 0.3566 -0.8816 -16.8185 0.0699 0.2000 0.4314 0.3922 0.1961 25.6847 2.0000 
2768 2769 28 0.3566 -0.8816 -16.8185 0.3522 -0.8882 -17.0183 0.0699 0.2000 0.4314 0.3922 0.1961 25.8383 2.0000 
2769 2770 28 0.3522 -0.8882 -17.0183 0.3477 -0.8924 -17.2182 0.0699 0.2000 0.4314 0.3922 0.1961 25.9936 2.0000 
2770 2771 28 0.3477 -0.8924 -17.2182 0.3375 -0.9045 -17.4176 0.0699 0.2000 0.4314 0.3922 0.1961 26.1507 2.0000 
2771 2772 28 0.3375 -0.9045 -17.4176 0.3347 -0.9214 -17.6169 0.0699 0.2000 0.4314 0.3922 0.1961 26.3094 2.0000 
2772 2773 28 0.3347 -0.9214 -17.6169 0.3243 -0.9353 -17.8161 0.0699 0.2000 0.4314 0.3922 0.1961 26.4700 2.0000 
2773 2774 28 0.3243 -0.9353 -17.8161 0.2949 -0.9339 -18.0139 0.0699 0.2000 0.4314 0.3922 0.1961 26.6325 2.0000 
2774 2775 28 0.2949 -0.9339 -18.0139 0.3095 -0.9339 -18.2134 0.0699 0.2000 0.4314 0.3922 0.1961 26.7968 2.0000 
2775 2776 28 0.3095 -0.9339 -18.2134 0.3251 -0.9371 -18.4128 0.0699 0.2000 0.4314 0.3922 0.1961 26.9630 2.0000 
2776 2777 28 0.3251 -0.9371 -18.4128 0.3396 -0.9372 -18.6122 0.0699 0.2000 0.4314 0.3922 0.1961 27.1312 2.0000 
2777 2778 28 0.3396 -0.9372 -18.6122 0.3225 -0.9128 -18.8100 0.0699 0.2000 0.4314 0.3922 0.1961 27.3014 2.0000 
2778 2779 28 0.3225 -0.9128 -18.8100 0.3055 -0.8881 -19.0077 0.0699 0.2000 0.4314 0.3922 0.1961 27.4737 2.0000 
2779 2780 28 0.3055 -0.8881 -19.0077 0.2874 -0.8687 -19.2060 0.0699 0.2000 0.4314 0.3922 0.1961 27.6481 2.0000 
2780 2781 28 0.2874 -0.8687 -19.2060 0.2665 -0.8527 -19.4042 0.0699 0.2000 0.4314 0.3922 0.1961 27.8247 2.0000 
2781 2782 28 0.2665 -0.8527 -19.4042 0.2479 -0.8281 -19.6018 0.0699 0.2000 0.4314 0.3922 0.1961 28.0035 2.0000 
2782 2783 28 0.2479 -0.8281 -19.6018 0.2403 -0.7964 -19.7992 0.0699 0.2000 0.4314 0.3922 0.1961 28.1846 2.0000 
2783 2784 28 0.2403 -0.7964 -19.7992 0.2209 -0.7872 -19.9980 0.0699 0.2000 0.4314 0.3922 0.1961 28.3681 2.0000 
2784 2785 28 0.2209 -0.7872 -19.9980 0.2300 -0.7912 -20.1978 0.0699 0.2000 0.4314 0.3922 0.1961 28.5539 2.0000 
2785 2786 28 0.2300 -0.7912 -20.1978 0.2403 -0.7936 -20.3975 0.0699 0.2000 0.4314 0.3922 0.1961 28.7422 2.0000 
2786 2787 28 0.2403 -0.7936 -20.3975 0.2423 -0.7889 -20.5974 0.0699 0.2000 0.4314 0.3922 0.1961 28.9331 2.0000 
2787 2788 28 0.2423 -0.7889 -20.5974 0.2433 -0.7877 -20.7974 0.0699 0.2000 0.4314 0.3922 0.1961 29.1265 2.0000 
2788 2789 28 0.2433 -0.7877 -20.7974 0.2857 -0.8125 -20.9913 0.0699 0.2000 0.4314 0.3922 0.1961 29.3226 2.0000 
2789 2790 28 0.2857 -0.8125 -20.9913 0.3268 -0.8335 -21.1859 0.0699 0.2000 0.4314 0.3922 0.1961 29.5215 2.0000 
2790 2791 28 0.3268 -0.8335 -21.1859 0.3453 -0.8476 -21.3845 0.0699 0.2000 0.4314 0.3922 0.1961 29.7232 2.0000 
2791 2792 28 0.3453 -0.8476 -21.3845 0.3667 -0.8628 -21.5828 0.0699 0.2000 0.4314 0.3922 0.1961 29.9278 2.0000 
2792 2793 28 0.3667 -0.8628 -21.5828 0.3767 -0.8652 -21.6519 0.0699 0.0699 0.4314 0.3922 0.1961 30.0000 2.0000 
45 2794 29 -0.1055 -0.0431 -5.8772 -0.2818 0.0272 -5.9403 0.0575 0.2000 0.4314 0.3922 0.1961 19.0429 2.0000 
2794 2795 29 -0.2818 0.0272 -5.9403 -0.4238 0.1171 -6.0488 0.0575 0.2000 0.4314 0.3922 0.1961 19.1486 2.0000 
2795 2796 29 -0.4238 0.1171 -6.0488 -0.5538 0.2041 -6.1733 0.0575 0.2000 0.4314 0.3922 0.1961 19.2551 2.0000 
2796 2797 29 -0.5538 0.2041 -6.1733 -0.6741 0.3017 -6.2998 0.0575 0.2000 0.4314 0.3922 0.1961 19.3624 2.0000 
2797 2798 29 -0.6741 0.3017 -6.2998 -0.7949 0.3964 -6.4280 0.0575 0.2000 0.4314 0.3922 0.1961 19.4704 2.0000 
2798 2799 29 -0.7949 0.3964 -6.4280 -0.9199 0.4887 -6.5540 0.0575 0.2000 0.4314 0.3922 0.1961 19.5793 2.0000 
2799 2800 29 -0.9199 0.4887 -6.5540 -1.0539 0.5761 -6.6740 0.0575 0.2000 0.4314 0.3922 0.1961 19.6891 2.0000 
2800 2801 29 -1.0539 0.5761 -6.6740 -1.1884 0.6603 -6.7958 0.0575 0.2000 0.4314 0.3922 0.1961 19.7996 2.0000 
2801 2802 29 -1.1884 0.6603 -6.7958 -1.3167 0.7536 -6.9175 0.0575 0.2000 0.4314 0.3922 0.1961 19.9110 2.0000 
2802 2803 29 -1.3167 0.7536 -6.9175 -1.4537 0.8083 -7.0526 0.0575 0.2000 0.4314 0.3922 0.1961 20.0233 2.0000 
2803 2804 29 -1.4537 0.8083 -7.0526 -1.5877 0.8448 -7.1965 0.0575 0.2000 0.4314 0.3922 0.1961 20.1364 2.0000 
2804 2805 29 -1.5877 0.8448 -7.1965 -1.7370 0.8750 -7.3261 0.0575 0.2000 0.4314 0.3922 0.1961 20.2505 2.0000 
2805 2806 29 -1.7370 0.8750 -7.3261 -1.8707 0.9024 -7.4723 0.0575 0.2000 0.4314 0.3922 0.1961 20.3654 2.0000 
2806 2807 29 -1.8707 0.9024 -7.4723 -1.9954 0.9362 -7.6250 0.0575 0.2000 0.4314 0.3922 0.1961 20.4813 2.0000 
2807 2808 29 -1.9954 0.9362 -7.6250 -2.1142 0.9864 -7.7778 0.0575 0.2000 0.4314 0.3922 0.1961 20.5981 2.0000 
2808 2809 29 -2.1142 0.9864 -7.7778 -2.2242 1.0292 -7.9393 0.0575 0.2000 0.4314 0.3922 0.1961 20.7159 2.0000 
2809 2810 29 -2.2242 1.0292 -7.9393 -2.3018 1.0257 -8.1235 0.0575 0.2000 0.4314 0.3922 0.1961 20.8346 2.0000 
2810 2811 29 -2.3018 1.0257 -8.1235 -2.3357 1.0048 -8.3195 0.0575 0.2000 0.4314 0.3922 0.1961 20.9543 2.0000 
2811 2812 29 -2.3357 1.0048 -8.3195 -2.3600 0.9947 -8.5178 0.0575 0.2000 0.4314 0.3922 0.1961 21.0750 2.0000 
2812 2813 29 -2.3600 0.9947 -8.5178 -2.3813 0.9771 -8.7159 0.0575 0.2000 0.4314 0.3922 0.1961 21.1967 2.0000 
2813 2814 29 -2.3813 0.9771 -8.7159 -2.3952 0.9690 -8.9152 0.0575 0.2000 0.4314 0.3922 0.1961 21.3195 2.0000 
2814 2815 29 -2.3952 0.9690 -8.9152 -2.4064 0.9604 -9.1147 0.0575 0.2000 0.4314 0.3922 0.1961 21.4433 2.0000 
2815 2816 29 -2.4064 0.9604 -9.1147 -2.4197 0.9492 -9.3140 0.0575 0.2000 0.4314 0.3922 0.1961 21.5682 2.0000 
2816 2817 29 -2.4197 0.9492 -9.3140 -2.4404 0.9358 -9.5125 0.0575 0.2000 0.4314 0.3922 0.1961 21.6942 2.0000 
2817 2818 29 -2.4404 0.9358 -9.5125 -2.4616 0.9241 -9.7110 0.0575 0.2000 0.4314 0.3922 0.1961 21.8212 2.0000 
2818 2819 29 -2.4616 0.9241 -9.7110 -2.4385 0.8717 -9.9026 0.0575 0.2000 0.4314 0.3922 0.1961 21.9494 2.0000 
2819 2820 29 -2.4385 0.8717 -9.9026 -2.4355 0.8130 -10.0938 0.0575 0.2000 0.4314 0.3922 0.1961 22.0788 2.0000 
2820 2821 29 -2.4355 0.8130 -10.0938 -2.4366 0.7651 -10.2880 0.0575 0.2000 0.4314 0.3922 0.1961 22.2093 2.0000 
2821 2822 29 -2.4366 0.7651 -10.2880 -2.4399 0.7466 -10.4871 0.0575 0.2000 0.4314 0.3922 0.1961 22.3410 2.0000 
2822 2823 29 -2.4399 0.7466 -10.4871 -2.4622 0.7301 -10.6851 0.0575 0.2000 0.4314 0.3922 0.1961 22.4739 2.0000 
2823 2824 29 -2.4622 0.7301 -10.6851 -2.4732 0.7151 -10.8843 0.0575 0.2000 0.4314 0.3922 0.1961 22.6081 2.0000 
2824 2825 29 -2.4732 0.7151 -10.8843 -2.4661 0.6912 -11.0827 0.0575 0.2000 0.4314 0.3922 0.1961 22.7435 2.0000 
2825 2826 29 -2.4661 0.6912 -11.0827 -2.4798 0.6963 -11.2822 0.0575 0.2000 0.4314 0.3922 0.1961 22.8802 2.0000 
2826 2827 29 -2.4798 0.6963 -11.2822 -2.4859 0.7023 -11.4820 0.0575 0.2000 0.4314 0.3922 0.1961 23.0182 2.0000 
2827 2828 29 -2.4859 0.7023 -11.4820 -2.4720 0.6882 -11.6810 0.0575 0.2000 0.4314 0.3922 0.1961 23.1575 2.0000 
2828 2829 29 -2.4720 0.6882 -11.6810 -2.4775 0.6872 -11.8809 0.0575 0.2000 0.4314 0.3922 0.1961 23.2982 2.0000 
2829 2830 29 -2.4775 0.6872 -11.8809 -2.4877 0.6852 -12.0807 0.0575 0.2000 0.4314 0.3922 0.1961 23.4403 2.0000 
2830 2831 29 -2.4877 0.6852 -12.0807 -2.4972 0.6819 -12.2804 0.0575 0.2000 0.4314 0.3922 0.1961 23.5837 2.0000 
2831 2832 29 -2.4972 0.6819 -12.2804 -2.4855 0.6788 -12.4800 0.0575 0.2000 0.4314 0.3922 0.1961 23.7286 2.0000 
2832 2833 29 -2.4855 0.6788 -12.4800 -2.4695 0.6706 -12.6792 0.0575 0.2000 0.4314 0.3922 0.1961 23.8750 2.0000 
2833 2834 29 -2.4695 0.6706 -12.6792 -2.4537 0.6605 -12.8783 0.0575 0.2000 0.4314 0.3922 0.1961 24.0229 2.0000 
2834 2835 29 -2.4537 0.6605 -12.8783 -2.4501 0.6513 -13.0781 0.0575 0.2000 0.4314 0.3922 0.1961 24.1723 2.0000 
2835 2836 29 -2.4501 0.6513 -13.0781 -2.4503 0.6496 -13.2781 0.0575 0.2000 0.4314 0.3922 0.1961 24.3233 2.0000 
2836 2837 29 -2.4503 0.6496 -13.2781 -2.4486 0.6485 -13.4781 0.0575 0.2000 0.4314 0.3922 0.1961 24.4758 2.0000 
2837 2838 29 -2.4486 0.6485 -13.4781 -2.4584 0.6388 -13.6776 0.0575 0.2000 0.4314 0.3922 0.1961 24.6300 2.0000 
2838 2839 29 -2.4584 0.6388 -13.6776 -2.4582 0.6309 -13.8775 0.0575 0.2000 0.4314 0.3922 0.1961 24.7859 2.0000 
2839 2840 29 -2.4582 0.6309 -13.8775 -2.4400 0.6245 -14.0765 0.0575 0.2000 0.4314 0.3922 0.1961 24.9434 2.0000 
2840 2841 29 -2.4400 0.6245 -14.0765 -2.4210 0.6085 -14.2750 0.0575 0.2000 0.4314 0.3922 0.1961 25.1027 2.0000 
2841 2842 29 -2.4210 0.6085 -14.2750 -2.4118 0.6031 -14.4747 0.0575 0.2000 0.4314 0.3922 0.1961 25.2638 2.0000 
2842 2843 29 -2.4118 0.6031 -14.4747 -2.4085 0.5981 -14.6746 0.0575 0.2000 0.4314 0.3922 0.1961 25.4266 2.0000 
2843 2844 29 -2.4085 0.5981 -14.6746 -2.4099 0.5931 -14.8745 0.0575 0.2000 0.4314 0.3922 0.1961 25.5914 2.0000 
2844 2845 29 -2.4099 0.5931 -14.8745 -2.3970 0.5897 -15.0741 0.0575 0.2000 0.4314 0.3922 0.1961 25.7580 2.0000 
2845 2846 29 -2.3970 0.5897 -15.0741 -2.3929 0.5863 -15.2740 0.0575 0.2000 0.4314 0.3922 0.1961 25.9266 2.0000 
2846 2847 29 -2.3929 0.5863 -15.2740 -2.3923 0.5812 -15.4740 0.0575 0.2000 0.4314 0.3922 0.1961 26.0971 2.0000 
2847 2848 29 -2.3923 0.5812 -15.4740 -2.3900 0.5817 -15.6739 0.0575 0.2000 0.4314 0.3922 0.1961 26.2697 2.0000 
2848 2849 29 -2.3900 0.5817 -15.6739 -2.3939 0.5765 -15.8738 0.0575 0.2000 0.4314 0.3922 0.1961 26.4444 2.0000 
2849 2850 29 -2.3939 0.5765 -15.8738 -2.3975 0.5754 -16.0738 0.0575 0.2000 0.4314 0.3922 0.1961 26.6212 2.0000 
2850 2851 29 -2.3975 0.5754 -16.0738 -2.4010 0.5744 -16.2738 0.0575 0.2000 0.4314 0.3922 0.1961 26.8002 2.0000 
2851 2852 29 -2.4010 0.5744 -16.2738 -2.4020 0.5753 -16.4738 0.0575 0.2000 0.4314 0.3922 0.1961 26.9815 2.0000 
2852 2853 29 -2.4020 0.5753 -16.4738 -2.4041 0.5802 -16.6737 0.0575 0.2000 0.4314 0.3922 0.1961 27.1650 2.0000 
2853 2854 29 -2.4041 0.5802 -16.6737 -2.4012 0.5795 -16.8737 0.0575 0.2000 0.4314 0.3922 0.1961 27.3510 2.0000 
2854 2855 29 -2.4012 0.5795 -16.8737 -2.3963 0.5985 -17.0727 0.0575 0.2000 0.4314 0.3922 0.1961 27.5393 2.0000 
2855 2856 29 -2.3963 0.5985 -17.0727 -2.3961 0.6147 -17.2720 0.0575 0.2000 0.4314 0.3922 0.1961 27.7301 2.0000 
2856 2857 29 -2.3961 0.6147 -17.2720 -2.4127 0.6227 -17.4712 0.0575 0.2000 0.4314 0.3922 0.1961 27.9235 2.0000 
2857 2858 29 -2.4127 0.6227 -17.4712 -2.4305 0.6418 -17.6695 0.0575 0.2000 0.4314 0.3922 0.1961 28.1195 2.0000 
2858 2859 29 -2.4305 0.6418 -17.6695 -2.4660 0.6592 -17.8655 0.0575 0.2000 0.4314 0.3922 0.1961 28.3182 2.0000 
2859 2860 29 -2.4660 0.6592 -17.8655 -2.4718 0.6616 -18.0654 0.0575 0.2000 0.4314 0.3922 0.1961 28.5196 2.0000 
2860 2861 29 -2.4718 0.6616 -18.0654 -2.4758 0.6610 -18.2654 0.0575 0.2000 0.4314 0.3922 0.1961 28.7240 2.0000 
2861 2862 29 -2.4758 0.6610 -18.2654 -2.4939 0.6668 -18.4645 0.0575 0.2000 0.4314 0.3922 0.1961 28.9312 2.0000 
2862 2863 29 -2.4939 0.6668 -18.4645 -2.4926 0.6738 -18.6644 0.0575 0.2000 0.4314 0.3922 0.1961 29.1414 2.0000 
2863 2864 29 -2.4926 0.6738 -18.6644 -2.4850 0.6778 -18.8642 0.0575 0.2000 0.4314 0.3922 0.1961 29.3548 2.0000 
2864 2865 29 -2.4850 0.6778 -18.8642 -2.4732 0.6749 -19.0638 0.0575 0.2000 0.4314 0.3922 0.1961 29.5714 2.0000 
2865 2866 29 -2.4732 0.6749 -19.0638 -2.4629 0.6748 -19.2635 0.0575 0.2000 0.4314 0.3922 0.1961 29.7912 2.0000 
2866 2867 29 -2.4629 0.6748 -19.2635 -2.4424 0.6809 -19.4495 0.0575 0.1871 0.4314 0.3922 0.1961 30.0000 2.0000 
46 2868 30 -0.1303 -0.0382 -6.0383 0.0034 0.0287 -6.1711 0.0516 0.2000 0.4314 0.3922 0.1961 19.3427 2.0000 
2868 2869 30 0.0034 0.0287 -6.1711 0.1374 0.0956 -6.3038 0.0516 0.2000 0.4314 0.3922 0.1961 19.5197 2.0000 
2869 2870 30 0.1374 0.0956 -6.3038 0.2598 0.1489 -6.4527 0.0516 0.2000 0.4314 0.3922 0.1961 19.6979 2.0000 
2870 2871 30 0.2598 0.1489 -6.4527 0.3611 0.2085 -6.6145 0.0516 0.2000 0.4314 0.3922 0.1961 19.8771 2.0000 
2871 2872 30 0.3611 0.2085 -6.6145 0.4503 0.2496 -6.7887 0.0516 0.2000 0.4314 0.3922 0.1961 20.0573 2.0000 
2872 2873 30 0.4503 0.2496 -6.7887 0.5271 0.2715 -6.9721 0.0516 0.2000 0.4314 0.3922 0.1961 20.2387 2.0000 
2873 2874 30 0.5271 0.2715 -6.9721 0.5706 0.2952 -7.1658 0.0516 0.2000 0.4314 0.3922 0.1961 20.4212 2.0000 
2874 2875 30 0.5706 0.2952 -7.1658 0.5662 0.3002 -7.3657 0.0516 0.2000 0.4314 0.3922 0.1961 20.6049 2.0000 
2875 2876 30 0.5662 0.3002 -7.3657 0.5560 0.3020 -7.5654 0.0516 0.2000 0.4314 0.3922 0.1961 20.7897 2.0000 
2876 2877 30 0.5560 0.3020 -7.5654 0.5391 0.2981 -7.7647 0.0516 0.2000 0.4314 0.3922 0.1961 20.9756 2.0000 
2877 2878 30 0.5391 0.2981 -7.7647 0.5344 0.2966 -7.9646 0.0516 0.2000 0.4314 0.3922 0.1961 21.1627 2.0000 
2878 2879 30 0.5344 0.2966 -7.9646 0.5300 0.2958 -8.1646 0.0516 0.2000 0.4314 0.3922 0.1961 21.3510 2.0000 
2879 2880 30 0.5300 0.2958 -8.1646 0.5243 0.3000 -8.3645 0.0516 0.2000 0.4314 0.3922 0.1961 21.5405 2.0000 
2880 2881 30 0.5243 0.3000 -8.3645 0.5241 0.2904 -8.5642 0.0516 0.2000 0.4314 0.3922 0.1961 21.7313 2.0000 
2881 2882 30 0.5241 0.2904 -8.5642 0.5127 0.2918 -8.7639 0.0516 0.2000 0.4314 0.3922 0.1961 21.9232 2.0000 
2882 2883 30 0.5127 0.2918 -8.7639 0.5049 0.2912 -8.9637 0.0516 0.2000 0.4314 0.3922 0.1961 22.1164 2.0000 
2883 2884 30 0.5049 0.2912 -8.9637 0.4965 0.2945 -9.1635 0.0516 0.2000 0.4314 0.3922 0.1961 22.3109 2.0000 
2884 2885 30 0.4965 0.2945 -9.1635 0.4830 0.2860 -9.3629 0.0516 0.2000 0.4314 0.3922 0.1961 22.5067 2.0000 
2885 2886 30 0.4830 0.2860 -9.3629 0.4759 0.2976 -9.5624 0.0516 0.2000 0.4314 0.3922 0.1961 22.7038 2.0000 
2886 2887 30 0.4759 0.2976 -9.5624 0.4660 0.2935 -9.7622 0.0516 0.2000 0.4314 0.3922 0.1961 22.9022 2.0000 
2887 2888 30 0.4660 0.2935 -9.7622 0.4565 0.2873 -9.9618 0.0516 0.2000 0.4314 0.3922 0.1961 23.1019 2.0000 
2888 2889 30 0.4565 0.2873 -9.9618 0.4304 0.3021 -10.1596 0.0516 0.2000 0.4314 0.3922 0.1961 23.3030 2.0000 
2889 2890 30 0.4304 0.3021 -10.1596 0.4219 0.2855 -10.3587 0.0516 0.2000 0.4314 0.3922 0.1961 23.5054 2.0000 
2890 2891 30 0.4219 0.2855 -10.3587 0.4246 0.2865 -10.5587 0.0516 0.2000 0.4314 0.3922 0.1961 23.7093 2.0000 
2891 2892 30 0.4246 0.2865 -10.5587 0.4221 0.2778 -10.7585 0.0516 0.2000 0.4314 0.3922 0.1961 23.9145 2.0000 
2892 2893 30 0.4221 0.2778 -10.7585 0.4224 0.2972 -10.9575 0.0516 0.2000 0.4314 0.3922 0.1961 24.1212 2.0000 
2893 2894 30 0.4224 0.2972 -10.9575 0.4452 0.2963 -11.1562 0.0516 0.2000 0.4314 0.3922 0.1961 24.3294 2.0000 
2894 2895 30 0.4452 0.2963 -11.1562 0.4525 0.3023 -11.3560 0.0516 0.2000 0.4314 0.3922 0.1961 24.5390 2.0000 
2895 2896 30 0.4525 0.3023 -11.3560 0.4655 0.3113 -11.5554 0.0516 0.2000 0.4314 0.3922 0.1961 24.7501 2.0000 
2896 2897 30 0.4655 0.3113 -11.5554 0.4819 0.3174 -11.7546 0.0516 0.2000 0.4314 0.3922 0.1961 24.9628 2.0000 
2897 2898 30 0.4819 0.3174 -11.7546 0.4969 0.3137 -11.9540 0.0516 0.2000 0.4314 0.3922 0.1961 25.1769 2.0000 
2898 2899 30 0.4969 0.3137 -11.9540 0.5003 0.3115 -12.1540 0.0516 0.2000 0.4314 0.3922 0.1961 25.3926 2.0000 
2899 2900 30 0.5003 0.3115 -12.1540 0.4840 0.3175 -12.3532 0.0516 0.2000 0.4314 0.3922 0.1961 25.6100 2.0000 
2900 2901 30 0.4840 0.3175 -12.3532 0.4677 0.3225 -12.5525 0.0516 0.2000 0.4314 0.3922 0.1961 25.8289 2.0000 
2901 2902 30 0.4677 0.3225 -12.5525 0.4524 0.3125 -12.7516 0.0516 0.2000 0.4314 0.3922 0.1961 26.0494 2.0000 
2902 2903 30 0.4524 0.3125 -12.7516 0.4680 0.3108 -12.9510 0.0516 0.2000 0.4314 0.3922 0.1961 26.2716 2.0000 
2903 2904 30 0.4680 0.3108 -12.9510 0.4848 0.3224 -13.1500 0.0516 0.2000 0.4314 0.3922 0.1961 26.4955 2.0000 
2904 2905 30 0.4848 0.3224 -13.1500 0.5015 0.3435 -13.3481 0.0516 0.2000 0.4314 0.3922 0.1961 26.7211 2.0000 
2905 2906 30 0.5015 0.3435 -13.3481 0.4850 0.3545 -13.5472 0.0516 0.2000 0.4314 0.3922 0.1961 26.9484 2.0000 
2906 2907 30 0.4850 0.3545 -13.5472 0.4808 0.3665 -13.7468 0.0516 0.2000 0.4314 0.3922 0.1961 27.1774 2.0000 
2907 2908 30 0.4808 0.3665 -13.7468 0.4888 0.3783 -13.9463 0.0516 0.2000 0.4314 0.3922 0.1961 27.4083 2.0000 
2908 2909 30 0.4888 0.3783 -13.9463 0.5067 0.3760 -14.1454 0.0516 0.2000 0.4314 0.3922 0.1961 27.6410 2.0000 
2909 2910 30 0.5067 0.3760 -14.1454 0.5028 0.3587 -14.3446 0.0516 0.2000 0.4314 0.3922 0.1961 27.8755 2.0000 
2910 2911 30 0.5028 0.3587 -14.3446 0.4811 0.3222 -14.5401 0.0516 0.2000 0.4314 0.3922 0.1961 28.1119 2.0000 
2911 2912 30 0.4811 0.3222 -14.5401 0.4536 0.3028 -14.7372 0.0516 0.2000 0.4314 0.3922 0.1961 28.3501 2.0000 
2912 2913 30 0.4536 0.3028 -14.7372 0.4430 0.2969 -14.9369 0.0516 0.2000 0.4314 0.3922 0.1961 28.5903 2.0000 
2913 2914 30 0.4430 0.2969 -14.9369 0.4327 0.2846 -15.1362 0.0516 0.2000 0.4314 0.3922 0.1961 28.8325 2.0000 
2914 2915 30 0.4327 0.2846 -15.1362 0.4217 0.2747 -15.3357 0.0516 0.2000 0.4314 0.3922 0.1961 29.0767 2.0000 
2915 2916 30 0.4217 0.2747 -15.3357 0.4264 0.2603 -15.5351 0.0516 0.2000 0.4314 0.3922 0.1961 29.3229 2.0000 
2916 2917 30 0.4264 0.2603 -15.5351 0.4324 0.2390 -15.7339 0.0516 0.2000 0.4314 0.3922 0.1961 29.5712 2.0000 
2917 2918 30 0.4324 0.2390 -15.7339 0.4383 0.2198 -15.9329 0.0516 0.2000 0.4314 0.3922 0.1961 29.8215 2.0000 
2918 2919 30 0.4383 0.2198 -15.9329 0.4418 0.2208 -16.0744 0.0516 0.1416 0.4314 0.3922 0.1961 30.0000 2.0000 
47 2920 31 -0.1458 -0.0381 -6.1940 -0.2615 0.1131 -6.2551 0.0424 0.2000 0.4314 0.3922 0.1961 19.5045 2.0000 
2920 2921 31 -0.2615 0.1131 -6.2551 -0.3489 0.2722 -6.3392 0.0424 0.2000 0.4314 0.3922 0.1961 19.6225 2.0000 
2921 2922 31 -0.3489 0.2722 -6.3392 -0.4244 0.4303 -6.4357 0.0424 0.2000 0.4314 0.3922 0.1961 19.7413 2.0000 
2922 2923 31 -0.4244 0.4303 -6.4357 -0.4965 0.5883 -6.5349 0.0424 0.2000 0.4314 0.3922 0.1961 19.8610 2.0000 
2923 2924 31 -0.4965 0.5883 -6.5349 -0.5741 0.7383 -6.6420 0.0424 0.2000 0.4314 0.3922 0.1961 19.9815 2.0000 
2924 2925 31 -0.5741 0.7383 -6.6420 -0.6294 0.8874 -6.7632 0.0424 0.2000 0.4314 0.3922 0.1961 20.1029 2.0000 
2925 2926 31 -0.6294 0.8874 -6.7632 -0.6696 1.0474 -6.8763 0.0424 0.2000 0.4314 0.3922 0.1961 20.2252 2.0000 
2926 2927 31 -0.6696 1.0474 -6.8763 -0.7069 1.1970 -7.0038 0.0424 0.2000 0.4314 0.3922 0.1961 20.3483 2.0000 
2927 2928 31 -0.7069 1.1970 -7.0038 -0.7267 1.3311 -7.1508 0.0424 0.2000 0.4314 0.3922 0.1961 20.4723 2.0000 
2928 2929 31 -0.7267 1.3311 -7.1508 -0.7873 1.4508 -7.2991 0.0424 0.2000 0.4314 0.3922 0.1961 20.5972 2.0000 
2929 2930 31 -0.7873 1.4508 -7.2991 -0.8547 1.5561 -7.4552 0.0424 0.2000 0.4314 0.3922 0.1961 20.7231 2.0000 
2930 2931 31 -0.8547 1.5561 -7.4552 -0.8429 1.6307 -7.6404 0.0424 0.2000 0.4314 0.3922 0.1961 20.8499 2.0000 
2931 2932 31 -0.8429 1.6307 -7.6404 -0.7923 1.6748 -7.8288 0.0424 0.2000 0.4314 0.3922 0.1961 20.9776 2.0000 
2932 2933 31 -0.7923 1.6748 -7.8288 -0.7429 1.6998 -8.0210 0.0424 0.2000 0.4314 0.3922 0.1961 21.1063 2.0000 
2933 2934 31 -0.7429 1.6998 -8.0210 -0.6936 1.7252 -8.2131 0.0424 0.2000 0.4314 0.3922 0.1961 21.2360 2.0000 
2934 2935 31 -0.6936 1.7252 -8.2131 -0.6380 1.7518 -8.4034 0.0424 0.2000 0.4314 0.3922 0.1961 21.3667 2.0000 
2935 2936 31 -0.6380 1.7518 -8.4034 -0.5914 1.7389 -8.5975 0.0424 0.2000 0.4314 0.3922 0.1961 21.4983 2.0000 
2936 2937 31 -0.5914 1.7389 -8.5975 -0.5482 1.7225 -8.7921 0.0424 0.2000 0.4314 0.3922 0.1961 21.6310 2.0000 
2937 2938 31 -0.5482 1.7225 -8.7921 -0.5017 1.7378 -8.9860 0.0424 0.2000 0.4314 0.3922 0.1961 21.7648 2.0000 
2938 2939 31 -0.5017 1.7378 -8.9860 -0.4760 1.7582 -9.1833 0.0424 0.2000 0.4314 0.3922 0.1961 21.8996 2.0000 
2939 2940 31 -0.4760 1.7582 -9.1833 -0.4478 1.7674 -9.3811 0.0424 0.2000 0.4314 0.3922 0.1961 22.0354 2.0000 
2940 2941 31 -0.4478 1.7674 -9.3811 -0.4107 1.7773 -9.5773 0.0424 0.2000 0.4314 0.3922 0.1961 22.1724 2.0000 
2941 2942 31 -0.4107 1.7773 -9.5773 -0.3916 1.8161 -9.7726 0.0424 0.2000 0.4314 0.3922 0.1961 22.3105 2.0000 
2942 2943 31 -0.3916 1.8161 -9.7726 -0.3553 1.8480 -9.9667 0.0424 0.2000 0.4314 0.3922 0.1961 22.4497 2.0000 
2943 2944 31 -0.3553 1.8480 -9.9667 -0.3356 1.8507 -10.1657 0.0424 0.2000 0.4314 0.3922 0.1961 22.5900 2.0000 
2944 2945 31 -0.3356 1.8507 -10.1657 -0.3266 1.8503 -10.3655 0.0424 0.2000 0.4314 0.3922 0.1961 22.7315 2.0000 
2945 2946 31 -0.3266 1.8503 -10.3655 -0.3224 1.8471 -10.5654 0.0424 0.2000 0.4314 0.3922 0.1961 22.8742 2.0000 
2946 2947 31 -0.3224 1.8471 -10.5654 -0.3173 1.8631 -10.7647 0.0424 0.2000 0.4314 0.3922 0.1961 23.0181 2.0000 
2947 2948 31 -0.3173 1.8631 -10.7647 -0.3241 1.8713 -10.9644 0.0424 0.2000 0.4314 0.3922 0.1961 23.1632 2.0000 
2948 2949 31 -0.3241 1.8713 -10.9644 -0.3152 1.8643 -11.1641 0.0424 0.2000 0.4314 0.3922 0.1961 23.3095 2.0000 
2949 2950 31 -0.3152 1.8643 -11.1641 -0.3045 1.8586 -11.3637 0.0424 0.2000 0.4314 0.3922 0.1961 23.4571 2.0000 
2950 2951 31 -0.3045 1.8586 -11.3637 -0.2835 1.8462 -11.5622 0.0424 0.2000 0.4314 0.3922 0.1961 23.6060 2.0000 
2951 2952 31 -0.2835 1.8462 -11.5622 -0.2669 1.8174 -11.7595 0.0424 0.2000 0.4314 0.3922 0.1961 23.7562 2.0000 
2952 2953 31 -0.2669 1.8174 -11.7595 -0.2905 1.7896 -11.9561 0.0424 0.2000 0.4314 0.3922 0.1961 23.9078 2.0000 
2953 2954 31 -0.2905 1.7896 -11.9561 -0.3010 1.7710 -12.1550 0.0424 0.2000 0.4314 0.3922 0.1961 24.0607 2.0000 
2954 2955 31 -0.3010 1.7710 -12.1550 -0.3085 1.7485 -12.3536 0.0424 0.2000 0.4314 0.3922 0.1961 24.2150 2.0000 
2955 2956 31 -0.3085 1.7485 -12.3536 -0.3124 1.7217 -12.5517 0.0424 0.2000 0.4314 0.3922 0.1961 24.3707 2.0000 
2956 2957 31 -0.3124 1.7217 -12.5517 -0.3158 1.6923 -12.7495 0.0424 0.2000 0.4314 0.3922 0.1961 24.5278 2.0000 
2957 2958 31 -0.3158 1.6923 -12.7495 -0.3053 1.7001 -12.9491 0.0424 0.2000 0.4314 0.3922 0.1961 24.6864 2.0000 
2958 2959 31 -0.3053 1.7001 -12.9491 -0.2917 1.7090 -13.1484 0.0424 0.2000 0.4314 0.3922 0.1961 24.8464 2.0000 
2959 2960 31 -0.2917 1.7090 -13.1484 -0.2908 1.7154 -13.3483 0.0424 0.2000 0.4314 0.3922 0.1961 25.0080 2.0000 
2960 2961 31 -0.2908 1.7154 -13.3483 -0.2901 1.7205 -13.5483 0.0424 0.2000 0.4314 0.3922 0.1961 25.1711 2.0000 
2961 2962 31 -0.2901 1.7205 -13.5483 -0.2940 1.7085 -13.7479 0.0424 0.2000 0.4314 0.3922 0.1961 25.3358 2.0000 
2962 2963 31 -0.2940 1.7085 -13.7479 -0.3166 1.6952 -13.9461 0.0424 0.2000 0.4314 0.3922 0.1961 25.5021 2.0000 
2963 2964 31 -0.3166 1.6952 -13.9461 -0.3109 1.7016 -14.1460 0.0424 0.2000 0.4314 0.3922 0.1961 25.6701 2.0000 
2964 2965 31 -0.3109 1.7016 -14.1460 -0.3145 1.7158 -14.3454 0.0424 0.2000 0.4314 0.3922 0.1961 25.8397 2.0000 
2965 2966 31 -0.3145 1.7158 -14.3454 -0.3205 1.7102 -14.5453 0.0424 0.2000 0.4314 0.3922 0.1961 26.0110 2.0000 
2966 2967 31 -0.3205 1.7102 -14.5453 -0.3127 1.7033 -14.7450 0.0424 0.2000 0.4314 0.3922 0.1961 26.1841 2.0000 
2967 2968 31 -0.3127 1.7033 -14.7450 -0.3034 1.6938 -14.9445 0.0424 0.2000 0.4314 0.3922 0.1961 26.3589 2.0000 
2968 2969 31 -0.3034 1.6938 -14.9445 -0.2991 1.7314 -15.1409 0.0424 0.2000 0.4314 0.3922 0.1961 26.5355 2.0000 
2969 2970 31 -0.2991 1.7314 -15.1409 -0.2876 1.7364 -15.3405 0.0424 0.2000 0.4314 0.3922 0.1961 26.7140 2.0000 
2970 2971 31 -0.2876 1.7364 -15.3405 -0.3049 1.7512 -15.5392 0.0424 0.2000 0.4314 0.3922 0.1961 26.8943 2.0000 
2971 2972 31 -0.3049 1.7512 -15.5392 -0.3034 1.7461 -15.7392 0.0424 0.2000 0.4314 0.3922 0.1961 27.0766 2.0000 
2972 2973 31 -0.3034 1.7461 -15.7392 -0.2998 1.7441 -15.9391 0.0424 0.2000 0.4314 0.3922 0.1961 27.2609 2.0000 
2973 2974 31 -0.2998 1.7441 -15.9391 -0.3067 1.7644 -16.1380 0.0424 0.2000 0.4314 0.3922 0.1961 27.4471 2.0000 
2974 2975 31 -0.3067 1.7644 -16.1380 -0.3029 1.7712 -16.3378 0.0424 0.2000 0.4314 0.3922 0.1961 27.6355 2.0000 
2975 2976 31 -0.3029 1.7712 -16.3378 -0.3041 1.7687 -16.5378 0.0424 0.2000 0.4314 0.3922 0.1961 27.8259 2.0000 
2976 2977 31 -0.3041 1.7687 -16.5378 -0.3052 1.7703 -16.7378 0.0424 0.2000 0.4314 0.3922 0.1961 28.0184 2.0000 
2977 2978 31 -0.3052 1.7703 -16.7378 -0.3100 1.7666 -16.9377 0.0424 0.2000 0.4314 0.3922 0.1961 28.2132 2.0000 
2978 2979 31 -0.3100 1.7666 -16.9377 -0.2709 1.7892 -17.1325 0.0424 0.2000 0.4314 0.3922 0.1961 28.4102 2.0000 
2979 2980 31 -0.2709 1.7892 -17.1325 -0.2310 1.7843 -17.3284 0.0424 0.2000 0.4314 0.3922 0.1961 28.6095 2.0000 
2980 2981 31 -0.2310 1.7843 -17.3284 -0.2072 1.8042 -17.5260 0.0424 0.2000 0.4314 0.3922 0.1961 28.8112 2.0000 
2981 2982 31 -0.2072 1.8042 -17.5260 -0.1853 1.8300 -17.7231 0.0424 0.2000 0.4314 0.3922 0.1961 29.0152 2.0000 
2982 2983 31 -0.1853 1.8300 -17.7231 -0.1771 1.8509 -17.9219 0.0424 0.2000 0.4314 0.3922 0.1961 29.2218 2.0000 
2983 2984 31 -0.1771 1.8509 -17.9219 -0.1718 1.8599 -18.1216 0.0424 0.2000 0.4314 0.3922 0.1961 29.4309 2.0000 
2984 2985 31 -0.1718 1.8599 -18.1216 -0.1839 1.8489 -18.3209 0.0424 0.2000 0.4314 0.3922 0.1961 29.6425 2.0000 
2985 2986 31 -0.1839 1.8489 -18.3209 -0.1879 1.8292 -18.5199 0.0424 0.2000 0.4314 0.3922 0.1961 29.8568 2.0000 
2986 2987 31 -0.1879 1.8292 -18.5199 -0.1910 1.8065 -18.6501 0.0424 0.1322 0.4314 0.3922 0.1961 30.0000 2.0000 
48 2988 32 -0.1474 -0.0371 -6.2140 -0.0168 0.0620 -6.3286 0.0627 0.2000 0.4314 0.3922 0.1961 19.4811 2.0000 
2988 2989 32 -0.0168 0.0620 -6.3286 0.1177 0.1610 -6.4387 0.0627 0.2000 0.4314 0.3922 0.1961 19.5471 2.0000 
2989 2990 32 0.1177 0.1610 -6.4387 0.2540 0.2600 -6.5464 0.0627 0.2000 0.4314 0.3922 0.1961 19.6137 2.0000 
2990 2991 32 0.2540 0.2600 -6.5464 0.3850 0.3682 -6.6519 0.0627 0.2000 0.4314 0.3922 0.1961 19.6807 2.0000 
2991 2992 32 0.3850 0.3682 -6.6519 0.5242 0.4632 -6.7596 0.0627 0.2000 0.4314 0.3922 0.1961 19.7482 2.0000 
2992 2993 32 0.5242 0.4632 -6.7596 0.6539 0.5492 -6.8852 0.0627 0.2000 0.4314 0.3922 0.1961 19.8163 2.0000 
2993 2994 32 0.6539 0.5492 -6.8852 0.7713 0.6460 -7.0150 0.0627 0.2000 0.4314 0.3922 0.1961 19.8848 2.0000 
2994 2995 32 0.7713 0.6460 -7.0150 0.8839 0.7402 -7.1509 0.0627 0.2000 0.4314 0.3922 0.1961 19.9539 2.0000 
2995 2996 32 0.8839 0.7402 -7.1509 0.9879 0.7936 -7.3131 0.0627 0.2000 0.4314 0.3922 0.1961 20.0235 2.0000 
2996 2997 32 0.9879 0.7936 -7.3131 1.0742 0.8702 -7.4765 0.0627 0.2000 0.4314 0.3922 0.1961 20.0937 2.0000 
2997 2998 32 1.0742 0.8702 -7.4765 1.1346 0.9259 -7.6588 0.0627 0.2000 0.4314 0.3922 0.1961 20.1644 2.0000 
2998 2999 32 1.1346 0.9259 -7.6588 1.1742 0.9869 -7.8451 0.0627 0.2000 0.4314 0.3922 0.1961 20.2357 2.0000 
2999 3000 32 1.1742 0.9869 -7.8451 1.2357 0.9789 -8.0352 0.0627 0.2000 0.4314 0.3922 0.1961 20.3075 2.0000 
3000 3001 32 1.2357 0.9789 -8.0352 1.3033 0.9890 -8.2232 0.0627 0.2000 0.4314 0.3922 0.1961 20.3799 2.0000 
3001 3002 32 1.3033 0.9890 -8.2232 1.3808 0.9886 -8.4076 0.0627 0.2000 0.4314 0.3922 0.1961 20.4530 2.0000 
3002 3003 32 1.3808 0.9886 -8.4076 1.4231 0.9719 -8.6024 0.0627 0.2000 0.4314 0.3922 0.1961 20.5266 2.0000 
3003 3004 32 1.4231 0.9719 -8.6024 1.4665 0.9511 -8.7965 0.0627 0.2000 0.4314 0.3922 0.1961 20.6008 2.0000 
3004 3005 32 1.4665 0.9511 -8.7965 1.4692 0.9222 -8.9944 0.0627 0.2000 0.4314 0.3922 0.1961 20.6756 2.0000 
3005 3006 32 1.4692 0.9222 -8.9944 1.4659 0.8948 -9.1924 0.0627 0.2000 0.4314 0.3922 0.1961 20.7511 2.0000 
3006 3007 32 1.4659 0.8948 -9.1924 1.4792 0.8903 -9.3919 0.0627 0.2000 0.4314 0.3922 0.1961 20.8272 2.0000 
3007 3008 32 1.4792 0.8903 -9.3919 1.4686 0.8739 -9.5910 0.0627 0.2000 0.4314 0.3922 0.1961 20.9039 2.0000 
3008 3009 32 1.4686 0.8739 -9.5910 1.4702 0.8549 -9.7901 0.0627 0.2000 0.4314 0.3922 0.1961 20.9813 2.0000 
3009 3010 32 1.4702 0.8549 -9.7901 1.4809 0.8337 -9.9887 0.0627 0.2000 0.4314 0.3922 0.1961 21.0594 2.0000 
3010 3011 32 1.4809 0.8337 -9.9887 1.4780 0.8241 -10.1884 0.0627 0.2000 0.4314 0.3922 0.1961 21.1382 2.0000 
3011 3012 32 1.4780 0.8241 -10.1884 1.4853 0.8211 -10.3883 0.0627 0.2000 0.4314 0.3922 0.1961 21.2176 2.0000 
3012 3013 32 1.4853 0.8211 -10.3883 1.4869 0.8271 -10.5882 0.0627 0.2000 0.4314 0.3922 0.1961 21.2978 2.0000 
3013 3014 32 1.4869 0.8271 -10.5882 1.4850 0.8310 -10.7881 0.0627 0.2000 0.4314 0.3922 0.1961 21.3787 2.0000 
3014 3015 32 1.4850 0.8310 -10.7881 1.4930 0.8582 -10.9861 0.0627 0.2000 0.4314 0.3922 0.1961 21.4603 2.0000 
3015 3016 32 1.4930 0.8582 -10.9861 1.5043 0.8524 -11.1857 0.0627 0.2000 0.4314 0.3922 0.1961 21.5427 2.0000 
3016 3017 32 1.5043 0.8524 -11.1857 1.5072 0.8456 -11.3856 0.0627 0.2000 0.4314 0.3922 0.1961 21.6259 2.0000 
3017 3018 32 1.5072 0.8456 -11.3856 1.5187 0.8334 -11.5848 0.0627 0.2000 0.4314 0.3922 0.1961 21.7098 2.0000 
3018 3019 32 1.5187 0.8334 -11.5848 1.5267 0.8072 -11.7830 0.0627 0.2000 0.4314 0.3922 0.1961 21.7945 2.0000 
3019 3020 32 1.5267 0.8072 -11.7830 1.5309 0.7924 -11.9824 0.0627 0.2000 0.4314 0.3922 0.1961 21.8800 2.0000 
3020 3021 32 1.5309 0.7924 -11.9824 1.5374 0.7834 -12.1821 0.0627 0.2000 0.4314 0.3922 0.1961 21.9663 2.0000 
3021 3022 32 1.5374 0.7834 -12.1821 1.5428 0.7962 -12.3816 0.0627 0.2000 0.4314 0.3922 0.1961 22.0535 2.0000 
3022 3023 32 1.5428 0.7962 -12.3816 1.5560 0.8127 -12.5805 0.0627 0.2000 0.4314 0.3922 0.1961 22.1415 2.0000 
3023 3024 32 1.5560 0.8127 -12.5805 1.5591 0.8137 -12.7804 0.0627 0.2000 0.4314 0.3922 0.1961 22.2304 2.0000 
3024 3025 32 1.5591 0.8137 -12.7804 1.5315 0.8161 -12.9785 0.0627 0.2000 0.4314 0.3922 0.1961 22.3202 2.0000 
3025 3026 32 1.5315 0.8161 -12.9785 1.5024 0.8162 -13.1764 0.0627 0.2000 0.4314 0.3922 0.1961 22.4108 2.0000 
3026 3027 32 1.5024 0.8162 -13.1764 1.4859 0.8137 -13.3757 0.0627 0.2000 0.4314 0.3922 0.1961 22.5025 2.0000 
3027 3028 32 1.4859 0.8137 -13.3757 1.4816 0.7993 -13.5751 0.0627 0.2000 0.4314 0.3922 0.1961 22.5950 2.0000 
3028 3029 32 1.4816 0.7993 -13.5751 1.4654 0.8064 -13.7743 0.0627 0.2000 0.4314 0.3922 0.1961 22.6885 2.0000 
3029 3030 32 1.4654 0.8064 -13.7743 1.4523 0.8078 -13.9739 0.0627 0.2000 0.4314 0.3922 0.1961 22.7830 2.0000 
3030 3031 32 1.4523 0.8078 -13.9739 1.4594 0.8210 -14.1733 0.0627 0.2000 0.4314 0.3922 0.1961 22.8785 2.0000 
3031 3032 32 1.4594 0.8210 -14.1733 1.4490 0.8458 -14.3715 0.0627 0.2000 0.4314 0.3922 0.1961 22.9750 2.0000 
3032 3033 32 1.4490 0.8458 -14.3715 1.4241 0.8652 -14.5690 0.0627 0.2000 0.4314 0.3922 0.1961 23.0726 2.0000 
3033 3034 32 1.4241 0.8652 -14.5690 1.4078 0.8851 -14.7674 0.0627 0.2000 0.4314 0.3922 0.1961 23.1712 2.0000 
3034 3035 32 1.4078 0.8851 -14.7674 1.4047 0.8946 -14.9671 0.0627 0.2000 0.4314 0.3922 0.1961 23.2710 2.0000 
3035 3036 32 1.4047 0.8946 -14.9671 1.3851 0.8913 -15.1661 0.0627 0.2000 0.4314 0.3922 0.1961 23.3718 2.0000 
3036 3037 32 1.3851 0.8913 -15.1661 1.3805 0.8910 -15.3661 0.0627 0.2000 0.4314 0.3922 0.1961 23.4738 2.0000 
3037 3038 32 1.3805 0.8910 -15.3661 1.3716 0.8925 -15.5659 0.0627 0.2000 0.4314 0.3922 0.1961 23.5770 2.0000 
3038 3039 32 1.3716 0.8925 -15.5659 1.3635 0.8649 -15.7638 0.0627 0.2000 0.4314 0.3922 0.1961 23.6814 2.0000 
3039 3040 32 1.3635 0.8649 -15.7638 1.3534 0.8432 -15.9623 0.0627 0.2000 0.4314 0.3922 0.1961 23.7870 2.0000 
3040 3041 32 1.3534 0.8432 -15.9623 1.3495 0.8286 -16.1618 0.0627 0.2000 0.4314 0.3922 0.1961 23.8938 2.0000 
3041 3042 32 1.3495 0.8286 -16.1618 1.3441 0.8162 -16.3613 0.0627 0.2000 0.4314 0.3922 0.1961 24.0019 2.0000 
3042 3043 32 1.3441 0.8162 -16.3613 1.3503 0.8253 -16.5610 0.0627 0.2000 0.4314 0.3922 0.1961 24.1114 2.0000 
3043 3044 32 1.3503 0.8253 -16.5610 1.3573 0.8419 -16.7602 0.0627 0.2000 0.4314 0.3922 0.1961 24.2222 2.0000 
3044 3045 32 1.3573 0.8419 -16.7602 1.3636 0.8591 -16.9593 0.0627 0.2000 0.4314 0.3922 0.1961 24.3344 2.0000 
3045 3046 32 1.3636 0.8591 -16.9593 1.3930 0.8952 -17.1539 0.0627 0.2000 0.4314 0.3922 0.1961 24.4480 2.0000 
3046 3047 32 1.3930 0.8952 -17.1539 1.4234 0.9152 -17.3505 0.0627 0.2000 0.4314 0.3922 0.1961 24.5630 2.0000 
3047 3048 32 1.4234 0.9152 -17.3505 1.4569 0.9232 -17.5475 0.0627 0.2000 0.4314 0.3922 0.1961 24.6796 2.0000 
3048 3049 32 1.4569 0.9232 -17.5475 1.4479 0.9147 -17.7472 0.0627 0.2000 0.4314 0.3922 0.1961 24.7976 2.0000 
3049 3050 32 1.4479 0.9147 -17.7472 1.4385 0.9063 -17.9468 0.0627 0.2000 0.4314 0.3922 0.1961 24.9173 2.0000 
3050 3051 32 1.4385 0.9063 -17.9468 1.4301 0.9011 -18.1465 0.0627 0.2000 0.4314 0.3922 0.1961 25.0385 2.0000 
3051 3052 32 1.4301 0.9011 -18.1465 1.4255 0.9040 -18.3464 0.0627 0.2000 0.4314 0.3922 0.1961 25.1615 2.0000 
3052 3053 32 1.4255 0.9040 -18.3464 1.4243 0.9191 -18.5459 0.0627 0.2000 0.4314 0.3922 0.1961 25.2861 2.0000 
3053 3054 32 1.4243 0.9191 -18.5459 1.4234 0.9344 -18.7453 0.0627 0.2000 0.4314 0.3922 0.1961 25.4124 2.0000 
3054 3055 32 1.4234 0.9344 -18.7453 1.4375 0.9316 -18.9448 0.0627 0.2000 0.4314 0.3922 0.1961 25.5406 2.0000 
3055 3056 32 1.4375 0.9316 -18.9448 1.4391 0.9112 -19.1437 0.0627 0.2000 0.4314 0.3922 0.1961 25.6706 2.0000 
3056 3057 32 1.4391 0.9112 -19.1437 1.4563 0.8860 -19.3414 0.0627 0.2000 0.4314 0.3922 0.1961 25.8026 2.0000 
3057 3058 32 1.4563 0.8860 -19.3414 1.4750 0.8695 -19.5398 0.0627 0.2000 0.4314 0.3922 0.1961 25.9365 2.0000 
3058 3059 32 1.4750 0.8695 -19.5398 1.4894 0.8801 -19.7390 0.0627 0.2000 0.4314 0.3922 0.1961 26.0724 2.0000 
3059 3060 32 1.4894 0.8801 -19.7390 1.4941 0.9060 -19.9373 0.0627 0.2000 0.4314 0.3922 0.1961 26.2104 2.0000 
3060 3061 32 1.4941 0.9060 -19.9373 1.4965 0.8982 -20.1371 0.0627 0.2000 0.4314 0.3922 0.1961 26.3506 2.0000 
3061 3062 32 1.4965 0.8982 -20.1371 1.4889 0.8960 -20.3369 0.0627 0.2000 0.4314 0.3922 0.1961 26.4929 2.0000 
3062 3063 32 1.4889 0.8960 -20.3369 1.4796 0.9206 -20.5352 0.0627 0.2000 0.4314 0.3922 0.1961 26.6376 2.0000 
3063 3064 32 1.4796 0.9206 -20.5352 1.4896 0.9459 -20.7333 0.0627 0.2000 0.4314 0.3922 0.1961 26.7846 2.0000 
3064 3065 32 1.4896 0.9459 -20.7333 1.4825 0.9674 -20.9321 0.0627 0.2000 0.4314 0.3922 0.1961 26.9341 2.0000 
3065 3066 32 1.4825 0.9674 -20.9321 1.4914 0.9819 -21.1313 0.0627 0.2000 0.4314 0.3922 0.1961 27.0861 2.0000 
3066 3067 32 1.4914 0.9819 -21.1313 1.4990 0.9989 -21.3305 0.0627 0.2000 0.4314 0.3922 0.1961 27.2407 2.0000 
3067 3068 32 1.4990 0.9989 -21.3305 1.5063 1.0159 -21.5296 0.0627 0.2000 0.4314 0.3922 0.1961 27.3981 2.0000 
3068 3069 32 1.5063 1.0159 -21.5296 1.5072 0.9940 -21.7284 0.0627 0.2000 0.4314 0.3922 0.1961 27.5582 2.0000 
3069 3070 32 1.5072 0.9940 -21.7284 1.5183 0.9897 -21.9280 0.0627 0.2000 0.4314 0.3922 0.1961 27.7212 2.0000 
3070 3071 32 1.5183 0.9897 -21.9280 1.5297 0.9862 -22.1277 0.0627 0.2000 0.4314 0.3922 0.1961 27.8873 2.0000 
3071 3072 32 1.5297 0.9862 -22.1277 1.5338 0.9819 -22.3276 0.0627 0.2000 0.4314 0.3922 0.1961 28.0564 2.0000 
3072 3073 32 1.5338 0.9819 -22.3276 1.5536 0.9793 -22.5266 0.0627 0.2000 0.4314 0.3922 0.1961 28.2288 2.0000 
3073 3074 32 1.5536 0.9793 -22.5266 1.5513 0.9661 -22.7261 0.0627 0.2000 0.4314 0.3922 0.1961 28.4046 2.0000 
3074 3075 32 1.5513 0.9661 -22.7261 1.5520 0.9541 -22.9258 0.0627 0.2000 0.4314 0.3922 0.1961 28.5839 2.0000 
3075 3076 32 1.5520 0.9541 -22.9258 1.5588 0.9450 -23.1255 0.0627 0.2000 0.4314 0.3922 0.1961 28.7668 2.0000 
3076 3077 32 1.5588 0.9450 -23.1255 1.5663 0.9365 -23.3251 0.0627 0.2000 0.4314 0.3922 0.1961 28.9536 2.0000 
3077 3078 32 1.5663 0.9365 -23.3251 1.5786 0.9068 -23.5225 0.0627 0.2000 0.4314 0.3922 0.1961 29.1443 2.0000 
3078 3079 32 1.5786 0.9068 -23.5225 1.5906 0.8621 -23.7171 0.0627 0.2000 0.4314 0.3922 0.1961 29.3391 2.0000 
3079 3080 32 1.5906 0.8621 -23.7171 1.5817 0.8216 -23.9128 0.0627 0.2000 0.4314 0.3922 0.1961 29.5382 2.0000 
3080 3081 32 1.5817 0.8216 -23.9128 1.5569 0.8054 -24.1106 0.0627 0.2000 0.4314 0.3922 0.1961 29.7419 2.0000 
3081 3082 32 1.5569 0.8054 -24.1106 1.5622 0.8124 -24.3104 0.0627 0.2000 0.4314 0.3922 0.1961 29.9503 2.0000 
3082 3083 32 1.5622 0.8124 -24.3104 1.5646 0.8152 -24.3573 0.0627 0.0471 0.4314 0.3922 0.1961 30.0000 2.0000 
49 3084 33 -0.1515 -0.0317 -6.2750 -0.0050 -0.1137 -6.3837 0.0718 0.2000 0.4314 0.3922 0.1961 19.5859 2.0000 
3084 3085 33 -0.0050 -0.1137 -6.3837 0.1391 -0.1895 -6.4999 0.0718 0.2000 0.4314 0.3922 0.1961 19.6701 2.0000 
3085 3086 33 0.1391 -0.1895 -6.4999 0.2676 -0.2720 -6.6290 0.0718 0.2000 0.4314 0.3922 0.1961 19.7550 2.0000 
3086 3087 33 0.2676 -0.2720 -6.6290 0.3888 -0.3530 -6.7659 0.0718 0.2000 0.4314 0.3922 0.1961 19.8407 2.0000 
3087 3088 33 0.3888 -0.3530 -6.7659 0.5116 -0.4409 -6.8970 0.0718 0.2000 0.4314 0.3922 0.1961 19.9271 2.0000 
3088 3089 33 0.5116 -0.4409 -6.8970 0.6257 -0.5226 -7.0395 0.0718 0.2000 0.4314 0.3922 0.1961 20.0142 2.0000 
3089 3090 33 0.6257 -0.5226 -7.0395 0.7384 -0.5985 -7.1863 0.0718 0.2000 0.4314 0.3922 0.1961 20.1020 2.0000 
3090 3091 33 0.7384 -0.5985 -7.1863 0.8552 -0.6453 -7.3418 0.0718 0.2000 0.4314 0.3922 0.1961 20.1907 2.0000 
3091 3092 33 0.8552 -0.6453 -7.3418 0.9581 -0.6748 -7.5107 0.0718 0.2000 0.4314 0.3922 0.1961 20.2801 2.0000 
3092 3093 33 0.9581 -0.6748 -7.5107 1.0538 -0.6921 -7.6855 0.0718 0.2000 0.4314 0.3922 0.1961 20.3703 2.0000 
3093 3094 33 1.0538 -0.6921 -7.6855 1.1343 -0.7101 -7.8677 0.0718 0.2000 0.4314 0.3922 0.1961 20.4613 2.0000 
3094 3095 33 1.1343 -0.7101 -7.8677 1.2032 -0.7603 -8.0486 0.0718 0.2000 0.4314 0.3922 0.1961 20.5532 2.0000 
3095 3096 33 1.2032 -0.7603 -8.0486 1.2653 -0.8077 -8.2327 0.0718 0.2000 0.4314 0.3922 0.1961 20.6458 2.0000 
3096 3097 33 1.2653 -0.8077 -8.2327 1.2889 -0.8528 -8.4261 0.0718 0.2000 0.4314 0.3922 0.1961 20.7394 2.0000 
3097 3098 33 1.2889 -0.8528 -8.4261 1.2959 -0.8992 -8.6205 0.0718 0.2000 0.4314 0.3922 0.1961 20.8338 2.0000 
3098 3099 33 1.2959 -0.8992 -8.6205 1.3028 -0.9456 -8.8149 0.0718 0.2000 0.4314 0.3922 0.1961 20.9291 2.0000 
3099 3100 33 1.3028 -0.9456 -8.8149 1.3079 -0.9571 -9.0145 0.0718 0.2000 0.4314 0.3922 0.1961 21.0253 2.0000 
3100 3101 33 1.3079 -0.9571 -9.0145 1.3011 -0.9717 -9.2139 0.0718 0.2000 0.4314 0.3922 0.1961 21.1224 2.0000 
3101 3102 33 1.3011 -0.9717 -9.2139 1.2809 -0.9886 -9.4121 0.0718 0.2000 0.4314 0.3922 0.1961 21.2205 2.0000 
3102 3103 33 1.2809 -0.9886 -9.4121 1.2590 -1.0270 -9.6072 0.0718 0.2000 0.4314 0.3922 0.1961 21.3195 2.0000 
3103 3104 33 1.2590 -1.0270 -9.6072 1.2263 -1.0161 -9.8042 0.0718 0.2000 0.4314 0.3922 0.1961 21.4195 2.0000 
3104 3105 33 1.2263 -1.0161 -9.8042 1.1923 -1.0048 -10.0010 0.0718 0.2000 0.4314 0.3922 0.1961 21.5205 2.0000 
3105 3106 33 1.1923 -1.0048 -10.0010 1.1742 -1.0287 -10.1987 0.0718 0.2000 0.4314 0.3922 0.1961 21.6225 2.0000 
3106 3107 33 1.1742 -1.0287 -10.1987 1.1720 -1.0379 -10.3985 0.0718 0.2000 0.4314 0.3922 0.1961 21.7255 2.0000 
3107 3108 33 1.1720 -1.0379 -10.3985 1.1941 -1.0544 -10.5966 0.0718 0.2000 0.4314 0.3922 0.1961 21.8296 2.0000 
3108 3109 33 1.1941 -1.0544 -10.5966 1.1987 -1.0598 -10.7964 0.0718 0.2000 0.4314 0.3922 0.1961 21.9348 2.0000 
3109 3110 33 1.1987 -1.0598 -10.7964 1.2037 -1.0633 -10.9964 0.0718 0.2000 0.4314 0.3922 0.1961 22.0411 2.0000 
3110 3111 33 1.2037 -1.0633 -10.9964 1.2120 -1.0595 -11.1961 0.0718 0.2000 0.4314 0.3922 0.1961 22.1485 2.0000 
3111 3112 33 1.2120 -1.0595 -11.1961 1.2289 -1.0715 -11.3951 0.0718 0.2000 0.4314 0.3922 0.1961 22.2570 2.0000 
3112 3113 33 1.2289 -1.0715 -11.3951 1.2477 -1.0661 -11.5941 0.0718 0.2000 0.4314 0.3922 0.1961 22.3667 2.0000 
3113 3114 33 1.2477 -1.0661 -11.5941 1.2542 -1.0663 -11.7940 0.0718 0.2000 0.4314 0.3922 0.1961 22.4777 2.0000 
3114 3115 33 1.2542 -1.0663 -11.7940 1.2482 -1.0758 -11.9937 0.0718 0.2000 0.4314 0.3922 0.1961 22.5898 2.0000 
3115 3116 33 1.2482 -1.0758 -11.9937 1.2298 -1.0867 -12.1925 0.0718 0.2000 0.4314 0.3922 0.1961 22.7032 2.0000 
3116 3117 33 1.2298 -1.0867 -12.1925 1.2224 -1.0985 -12.3921 0.0718 0.2000 0.4314 0.3922 0.1961 22.8179 2.0000 
3117 3118 33 1.2224 -1.0985 -12.3921 1.2240 -1.1156 -12.5913 0.0718 0.2000 0.4314 0.3922 0.1961 22.9339 2.0000 
3118 3119 33 1.2240 -1.1156 -12.5913 1.2194 -1.1273 -12.7909 0.0718 0.2000 0.4314 0.3922 0.1961 23.0512 2.0000 
3119 3120 33 1.2194 -1.1273 -12.7909 1.2116 -1.1384 -12.9905 0.0718 0.2000 0.4314 0.3922 0.1961 23.1699 2.0000 
3120 3121 33 1.2116 -1.1384 -12.9905 1.2106 -1.1401 -13.1904 0.0718 0.2000 0.4314 0.3922 0.1961 23.2901 2.0000 
3121 3122 33 1.2106 -1.1401 -13.1904 1.2153 -1.1488 -13.3902 0.0718 0.2000 0.4314 0.3922 0.1961 23.4116 2.0000 
3122 3123 33 1.2153 -1.1488 -13.3902 1.2220 -1.1649 -13.5894 0.0718 0.2000 0.4314 0.3922 0.1961 23.5346 2.0000 
3123 3124 33 1.2220 -1.1649 -13.5894 1.2347 -1.1562 -13.7888 0.0718 0.2000 0.4314 0.3922 0.1961 23.6592 2.0000 
3124 3125 33 1.2347 -1.1562 -13.7888 1.2583 -1.1680 -13.9871 0.0718 0.2000 0.4314 0.3922 0.1961 23.7853 2.0000 
3125 3126 33 1.2583 -1.1680 -13.9871 1.2400 -1.1780 -14.1860 0.0718 0.2000 0.4314 0.3922 0.1961 23.9129 2.0000 
3126 3127 33 1.2400 -1.1780 -14.1860 1.2402 -1.1827 -14.3860 0.0718 0.2000 0.4314 0.3922 0.1961 24.0422 2.0000 
3127 3128 33 1.2402 -1.1827 -14.3860 1.2336 -1.2072 -14.5843 0.0718 0.2000 0.4314 0.3922 0.1961 24.1732 2.0000 
3128 3129 33 1.2336 -1.2072 -14.5843 1.2525 -1.2148 -14.7833 0.0718 0.2000 0.4314 0.3922 0.1961 24.3059 2.0000 
3129 3130 33 1.2525 -1.2148 -14.7833 1.2402 -1.2120 -14.9829 0.0718 0.2000 0.4314 0.3922 0.1961 24.4403 2.0000 
3130 3131 33 1.2402 -1.2120 -14.9829 1.2602 -1.2371 -15.1803 0.0718 0.2000 0.4314 0.3922 0.1961 24.5766 2.0000 
3131 3132 33 1.2602 -1.2371 -15.1803 1.2764 -1.2554 -15.3788 0.0718 0.2000 0.4314 0.3922 0.1961 24.7147 2.0000 
3132 3133 33 1.2764 -1.2554 -15.3788 1.2864 -1.2621 -15.5784 0.0718 0.2000 0.4314 0.3922 0.1961 24.8547 2.0000 
3133 3134 33 1.2864 -1.2621 -15.5784 1.2958 -1.2677 -15.7781 0.0718 0.2000 0.4314 0.3922 0.1961 24.9967 2.0000 
3134 3135 33 1.2958 -1.2677 -15.7781 1.2947 -1.2638 -15.9781 0.0718 0.2000 0.4314 0.3922 0.1961 25.1406 2.0000 
3135 3136 33 1.2947 -1.2638 -15.9781 1.2780 -1.2759 -16.1770 0.0718 0.2000 0.4314 0.3922 0.1961 25.2867 2.0000 
3136 3137 33 1.2780 -1.2759 -16.1770 1.2746 -1.2785 -16.3770 0.0718 0.2000 0.4314 0.3922 0.1961 25.4349 2.0000 
3137 3138 33 1.2746 -1.2785 -16.3770 1.2800 -1.2780 -16.5769 0.0718 0.2000 0.4314 0.3922 0.1961 25.5853 2.0000 
3138 3139 33 1.2800 -1.2780 -16.5769 1.2842 -1.2774 -16.7769 0.0718 0.2000 0.4314 0.3922 0.1961 25.7379 2.0000 
3139 3140 33 1.2842 -1.2774 -16.7769 1.2722 -1.2794 -16.9765 0.0718 0.2000 0.4314 0.3922 0.1961 25.8929 2.0000 
3140 3141 33 1.2722 -1.2794 -16.9765 1.2475 -1.2955 -17.1743 0.0718 0.2000 0.4314 0.3922 0.1961 26.0503 2.0000 
3141 3142 33 1.2475 -1.2955 -17.1743 1.2265 -1.3130 -17.3724 0.0718 0.2000 0.4314 0.3922 0.1961 26.2101 2.0000 
3142 3143 33 1.2265 -1.3130 -17.3724 1.2003 -1.3159 -17.5707 0.0718 0.2000 0.4314 0.3922 0.1961 26.3725 2.0000 
3143 3144 33 1.2003 -1.3159 -17.5707 1.1658 -1.3337 -17.7669 0.0718 0.2000 0.4314 0.3922 0.1961 26.5376 2.0000 
3144 3145 33 1.1658 -1.3337 -17.7669 1.1589 -1.3114 -17.9655 0.0718 0.2000 0.4314 0.3922 0.1961 26.7054 2.0000 
3145 3146 33 1.1589 -1.3114 -17.9655 1.1403 -1.3051 -18.1645 0.0718 0.2000 0.4314 0.3922 0.1961 26.8760 2.0000 
3146 3147 33 1.1403 -1.3051 -18.1645 1.1209 -1.2941 -18.3633 0.0718 0.2000 0.4314 0.3922 0.1961 27.0495 2.0000 
3147 3148 33 1.1209 -1.2941 -18.3633 1.0894 -1.3032 -18.5606 0.0718 0.2000 0.4314 0.3922 0.1961 27.2261 2.0000 
3148 3149 33 1.0894 -1.3032 -18.5606 1.0879 -1.3143 -18.7603 0.0718 0.2000 0.4314 0.3922 0.1961 27.4058 2.0000 
3149 3150 33 1.0879 -1.3143 -18.7603 1.0631 -1.3265 -18.9584 0.0718 0.2000 0.4314 0.3922 0.1961 27.5887 2.0000 
3150 3151 33 1.0631 -1.3265 -18.9584 1.0308 -1.3446 -19.1549 0.0718 0.2000 0.4314 0.3922 0.1961 27.7750 2.0000 
3151 3152 33 1.0308 -1.3446 -19.1549 0.9970 -1.3609 -19.3513 0.0718 0.2000 0.4314 0.3922 0.1961 27.9647 2.0000 
3152 3153 33 0.9970 -1.3609 -19.3513 0.9712 -1.3744 -19.5492 0.0718 0.2000 0.4314 0.3922 0.1961 28.1581 2.0000 
3153 3154 33 0.9712 -1.3744 -19.5492 0.9533 -1.3819 -19.7483 0.0718 0.2000 0.4314 0.3922 0.1961 28.3552 2.0000 
3154 3155 33 0.9533 -1.3819 -19.7483 0.9327 -1.3830 -19.9472 0.0718 0.2000 0.4314 0.3922 0.1961 28.5563 2.0000 
3155 3156 33 0.9327 -1.3830 -19.9472 0.9277 -1.3801 -20.1471 0.0718 0.2000 0.4314 0.3922 0.1961 28.7614 2.0000 
3156 3157 33 0.9277 -1.3801 -20.1471 0.9240 -1.3790 -20.3471 0.0718 0.2000 0.4314 0.3922 0.1961 28.9707 2.0000 
3157 3158 33 0.9240 -1.3790 -20.3471 0.9250 -1.3794 -20.5471 0.0718 0.2000 0.4314 0.3922 0.1961 29.1845 2.0000 
3158 3159 33 0.9250 -1.3794 -20.5471 0.9256 -1.3796 -20.7471 0.0718 0.2000 0.4314 0.3922 0.1961 29.4028 2.0000 
3159 3160 33 0.9256 -1.3796 -20.7471 0.9277 -1.3767 -20.9470 0.0718 0.2000 0.4314 0.3922 0.1961 29.6260 2.0000 
3160 3161 33 0.9277 -1.3767 -20.9470 0.9269 -1.3747 -21.1470 0.0718 0.2000 0.4314 0.3922 0.1961 29.8541 2.0000 
3161 3162 33 0.9269 -1.3747 -21.1470 0.9187 -1.3673 -21.2721 0.0718 0.1255 0.4314 0.3922 0.1961 30.0000 2.0000 
51 3163 34 -0.1615 -0.0166 -6.5733 0.0188 -0.0790 -6.6333 0.0604 0.2000 0.4314 0.3922 0.1961 20.0527 2.0000 
3163 3164 34 0.0188 -0.0790 -6.6333 0.1877 -0.1380 -6.7227 0.0604 0.2000 0.4314 0.3922 0.1961 20.1752 2.0000 
3164 3165 34 0.1877 -0.1380 -6.7227 0.3361 -0.2159 -6.8319 0.0604 0.2000 0.4314 0.3922 0.1961 20.2982 2.0000 
3165 3166 34 0.3361 -0.2159 -6.8319 0.4855 -0.2923 -6.9407 0.0604 0.2000 0.4314 0.3922 0.1961 20.4220 2.0000 
3166 3167 34 0.4855 -0.2923 -6.9407 0.6197 -0.3575 -7.0739 0.0604 0.2000 0.4314 0.3922 0.1961 20.5464 2.0000 
3167 3168 34 0.6197 -0.3575 -7.0739 0.7501 -0.4344 -7.2045 0.0604 0.2000 0.4314 0.3922 0.1961 20.6716 2.0000 
3168 3169 34 0.7501 -0.4344 -7.2045 0.8447 -0.5269 -7.3545 0.0604 0.2000 0.4314 0.3922 0.1961 20.7974 2.0000 
3169 3170 34 0.8447 -0.5269 -7.3545 0.9371 -0.6256 -7.5019 0.0604 0.2000 0.4314 0.3922 0.1961 20.9240 2.0000 
3170 3171 34 0.9371 -0.6256 -7.5019 1.0392 -0.6843 -7.6636 0.0604 0.2000 0.4314 0.3922 0.1961 21.0512 2.0000 
3171 3172 34 1.0392 -0.6843 -7.6636 1.1410 -0.7262 -7.8306 0.0604 0.2000 0.4314 0.3922 0.1961 21.1792 2.0000 
3172 3173 34 1.1410 -0.7262 -7.8306 1.2443 -0.7683 -7.9966 0.0604 0.2000 0.4314 0.3922 0.1961 21.3079 2.0000 
3173 3174 34 1.2443 -0.7683 -7.9966 1.3512 -0.7833 -8.1649 0.0604 0.2000 0.4314 0.3922 0.1961 21.4373 2.0000 
3174 3175 34 1.3512 -0.7833 -8.1649 1.4167 -0.7705 -8.3535 0.0604 0.2000 0.4314 0.3922 0.1961 21.5675 2.0000 
3175 3176 34 1.4167 -0.7705 -8.3535 1.4577 -0.7540 -8.5485 0.0604 0.2000 0.4314 0.3922 0.1961 21.6985 2.0000 
3176 3177 34 1.4577 -0.7540 -8.5485 1.4934 -0.7386 -8.7447 0.0604 0.2000 0.4314 0.3922 0.1961 21.8302 2.0000 
3177 3178 34 1.4934 -0.7386 -8.7447 1.5181 -0.7357 -8.9432 0.0604 0.2000 0.4314 0.3922 0.1961 21.9626 2.0000 
3178 3179 34 1.5181 -0.7357 -8.9432 1.5147 -0.7273 -9.1430 0.0604 0.2000 0.4314 0.3922 0.1961 22.0959 2.0000 
3179 3180 34 1.5147 -0.7273 -9.1430 1.5099 -0.7271 -9.3429 0.0604 0.2000 0.4314 0.3922 0.1961 22.2300 2.0000 
3180 3181 34 1.5099 -0.7271 -9.3429 1.5055 -0.7267 -9.5429 0.0604 0.2000 0.4314 0.3922 0.1961 22.3648 2.0000 
3181 3182 34 1.5055 -0.7267 -9.5429 1.5053 -0.7247 -9.7428 0.0604 0.2000 0.4314 0.3922 0.1961 22.5005 2.0000 
3182 3183 34 1.5053 -0.7247 -9.7428 1.4822 -0.7437 -9.9406 0.0604 0.2000 0.4314 0.3922 0.1961 22.6370 2.0000 
3183 3184 34 1.4822 -0.7437 -9.9406 1.4663 -0.7618 -10.1391 0.0604 0.2000 0.4314 0.3922 0.1961 22.7743 2.0000 
3184 3185 34 1.4663 -0.7618 -10.1391 1.4563 -0.7781 -10.3382 0.0604 0.2000 0.4314 0.3922 0.1961 22.9124 2.0000 
3185 3186 34 1.4563 -0.7781 -10.3382 1.4500 -0.7890 -10.5378 0.0604 0.2000 0.4314 0.3922 0.1961 23.0515 2.0000 
3186 3187 34 1.4500 -0.7890 -10.5378 1.4393 -0.7873 -10.7375 0.0604 0.2000 0.4314 0.3922 0.1961 23.1913 2.0000 
3187 3188 34 1.4393 -0.7873 -10.7375 1.4297 -0.7840 -10.9373 0.0604 0.2000 0.4314 0.3922 0.1961 23.3321 2.0000 
3188 3189 34 1.4297 -0.7840 -10.9373 1.4313 -0.7792 -11.1372 0.0604 0.2000 0.4314 0.3922 0.1961 23.4737 2.0000 
3189 3190 34 1.4313 -0.7792 -11.1372 1.4350 -0.7796 -11.3372 0.0604 0.2000 0.4314 0.3922 0.1961 23.6162 2.0000 
3190 3191 34 1.4350 -0.7796 -11.3372 1.4411 -0.7758 -11.5370 0.0604 0.2000 0.4314 0.3922 0.1961 23.7596 2.0000 
3191 3192 34 1.4411 -0.7758 -11.5370 1.4848 -0.7684 -11.7321 0.0604 0.2000 0.4314 0.3922 0.1961 23.9040 2.0000 
3192 3193 34 1.4848 -0.7684 -11.7321 1.5086 -0.7191 -11.9245 0.0604 0.2000 0.4314 0.3922 0.1961 24.0492 2.0000 
3193 3194 34 1.5086 -0.7191 -11.9245 1.5276 -0.6883 -12.1212 0.0604 0.2000 0.4314 0.3922 0.1961 24.1955 2.0000 
3194 3195 34 1.5276 -0.6883 -12.1212 1.5664 -0.6494 -12.3134 0.0604 0.2000 0.4314 0.3922 0.1961 24.3426 2.0000 
3195 3196 34 1.5664 -0.6494 -12.3134 1.5953 -0.5963 -12.5041 0.0604 0.2000 0.4314 0.3922 0.1961 24.4907 2.0000 
3196 3197 34 1.5953 -0.5963 -12.5041 1.6228 -0.5461 -12.6957 0.0604 0.2000 0.4314 0.3922 0.1961 24.6399 2.0000 
3197 3198 34 1.6228 -0.5461 -12.6957 1.6524 -0.5035 -12.8889 0.0604 0.2000 0.4314 0.3922 0.1961 24.7900 2.0000 
3198 3199 34 1.6524 -0.5035 -12.8889 1.6887 -0.4733 -13.0832 0.0604 0.2000 0.4314 0.3922 0.1961 24.9411 2.0000 
3199 3200 34 1.6887 -0.4733 -13.0832 1.7271 -0.4405 -13.2767 0.0604 0.2000 0.4314 0.3922 0.1961 25.0932 2.0000 
3200 3201 34 1.7271 -0.4405 -13.2767 1.7655 -0.4192 -13.4719 0.0604 0.2000 0.4314 0.3922 0.1961 25.2463 2.0000 
3201 3202 34 1.7655 -0.4192 -13.4719 1.7881 -0.3890 -13.6683 0.0604 0.2000 0.4314 0.3922 0.1961 25.4005 2.0000 
3202 3203 34 1.7881 -0.3890 -13.6683 1.7902 -0.3584 -13.8659 0.0604 0.2000 0.4314 0.3922 0.1961 25.5558 2.0000 
3203 3204 34 1.7902 -0.3584 -13.8659 1.7856 -0.3449 -14.0654 0.0604 0.2000 0.4314 0.3922 0.1961 25.7121 2.0000 
3204 3205 34 1.7856 -0.3449 -14.0654 1.7810 -0.3313 -14.2649 0.0604 0.2000 0.4314 0.3922 0.1961 25.8696 2.0000 
3205 3206 34 1.7810 -0.3313 -14.2649 1.7748 -0.3169 -14.4643 0.0604 0.2000 0.4314 0.3922 0.1961 26.0281 2.0000 
3206 3207 34 1.7748 -0.3169 -14.4643 1.7654 -0.2839 -14.6613 0.0604 0.2000 0.4314 0.3922 0.1961 26.1878 2.0000 
3207 3208 34 1.7654 -0.2839 -14.6613 1.7673 -0.2640 -14.8603 0.0604 0.2000 0.4314 0.3922 0.1961 26.3486 2.0000 
3208 3209 34 1.7673 -0.2640 -14.8603 1.7639 -0.2441 -15.0593 0.0604 0.2000 0.4314 0.3922 0.1961 26.5105 2.0000 
3209 3210 34 1.7639 -0.2441 -15.0593 1.7379 -0.1952 -15.2515 0.0604 0.2000 0.4314 0.3922 0.1961 26.6736 2.0000 
3210 3211 34 1.7379 -0.1952 -15.2515 1.7206 -0.1515 -15.4459 0.0604 0.2000 0.4314 0.3922 0.1961 26.8379 2.0000 
3211 3212 34 1.7206 -0.1515 -15.4459 1.6980 -0.1068 -15.6395 0.0604 0.2000 0.4314 0.3922 0.1961 27.0034 2.0000 
3212 3213 34 1.6980 -0.1068 -15.6395 1.7011 -0.0810 -15.8378 0.0604 0.2000 0.4314 0.3922 0.1961 27.1702 2.0000 
3213 3214 34 1.7011 -0.0810 -15.8378 1.7049 -0.0559 -16.0362 0.0604 0.2000 0.4314 0.3922 0.1961 27.3381 2.0000 
3214 3215 34 1.7049 -0.0559 -16.0362 1.6936 -0.0292 -16.2340 0.0604 0.2000 0.4314 0.3922 0.1961 27.5074 2.0000 
3215 3216 34 1.6936 -0.0292 -16.2340 1.7173 -0.0306 -16.4326 0.0604 0.2000 0.4314 0.3922 0.1961 27.6779 2.0000 
3216 3217 34 1.7173 -0.0306 -16.4326 1.7389 -0.0321 -16.6314 0.0604 0.2000 0.4314 0.3922 0.1961 27.8497 2.0000 
3217 3218 34 1.7389 -0.0321 -16.6314 1.7590 -0.0315 -16.8304 0.0604 0.2000 0.4314 0.3922 0.1961 28.0228 2.0000 
3218 3219 34 1.7590 -0.0315 -16.8304 1.7753 -0.0272 -17.0297 0.0604 0.2000 0.4314 0.3922 0.1961 28.1973 2.0000 
3219 3220 34 1.7753 -0.0272 -17.0297 1.7634 -0.0316 -17.2293 0.0604 0.2000 0.4314 0.3922 0.1961 28.3731 2.0000 
3220 3221 34 1.7634 -0.0316 -17.2293 1.7548 -0.0291 -17.4291 0.0604 0.2000 0.4314 0.3922 0.1961 28.5503 2.0000 
3221 3222 34 1.7548 -0.0291 -17.4291 1.7574 -0.0404 -17.6288 0.0604 0.2000 0.4314 0.3922 0.1961 28.7289 2.0000 
3222 3223 34 1.7574 -0.0404 -17.6288 1.7738 -0.0769 -17.8247 0.0604 0.2000 0.4314 0.3922 0.1961 28.9090 2.0000 
3223 3224 34 1.7738 -0.0769 -17.8247 1.7804 -0.1155 -18.0209 0.0604 0.2000 0.4314 0.3922 0.1961 29.0904 2.0000 
3224 3225 34 1.7804 -0.1155 -18.0209 1.7884 -0.1319 -18.2200 0.0604 0.2000 0.4314 0.3922 0.1961 29.2734 2.0000 
3225 3226 34 1.7884 -0.1319 -18.2200 1.7805 -0.1193 -18.4195 0.0604 0.2000 0.4314 0.3922 0.1961 29.4578 2.0000 
3226 3227 34 1.7805 -0.1193 -18.4195 1.7691 -0.1095 -18.6189 0.0604 0.2000 0.4314 0.3922 0.1961 29.6438 2.0000 
3227 3228 34 1.7691 -0.1095 -18.6189 1.7698 -0.1023 -18.8188 0.0604 0.2000 0.4314 0.3922 0.1961 29.8313 2.0000 
3228 3229 34 1.7698 -0.1023 -18.8188 1.7470 -0.0907 -18.9955 0.0604 0.1785 0.4314 0.3922 0.1961 30.0000 2.0000 
52 3230 35 -0.1583 -0.0312 -6.6622 0.0010 0.0288 -6.7672 0.0739 0.2000 0.4314 0.3922 0.1961 20.1488 2.0000 
3230 3231 35 0.0010 0.0288 -6.7672 0.1649 0.0810 -6.8693 0.0739 0.2000 0.4314 0.3922 0.1961 20.2382 2.0000 
3231 3232 35 0.1649 0.0810 -6.8693 0.3064 0.1720 -6.9774 0.0739 0.2000 0.4314 0.3922 0.1961 20.3281 2.0000 
3232 3233 35 0.3064 0.1720 -6.9774 0.4356 0.2277 -7.1195 0.0739 0.2000 0.4314 0.3922 0.1961 20.4186 2.0000 
3233 3234 35 0.4356 0.2277 -7.1195 0.5626 0.2877 -7.2619 0.0739 0.2000 0.4314 0.3922 0.1961 20.5096 2.0000 
3234 3235 35 0.5626 0.2877 -7.2619 0.6375 0.3698 -7.4282 0.0739 0.2000 0.4314 0.3922 0.1961 20.6012 2.0000 
3235 3236 35 0.6375 0.3698 -7.4282 0.7047 0.4712 -7.5869 0.0739 0.2000 0.4314 0.3922 0.1961 20.6934 2.0000 
3236 3237 35 0.7047 0.4712 -7.5869 0.7580 0.5809 -7.7454 0.0739 0.2000 0.4314 0.3922 0.1961 20.7862 2.0000 
3237 3238 35 0.7580 0.5809 -7.7454 0.8019 0.7055 -7.8956 0.0739 0.2000 0.4314 0.3922 0.1961 20.8795 2.0000 
3238 3239 35 0.8019 0.7055 -7.8956 0.7970 0.7744 -8.0833 0.0739 0.2000 0.4314 0.3922 0.1961 20.9735 2.0000 
3239 3240 35 0.7970 0.7744 -8.0833 0.7903 0.8296 -8.2754 0.0739 0.2000 0.4314 0.3922 0.1961 21.0680 2.0000 
3240 3241 35 0.7903 0.8296 -8.2754 0.7903 0.8793 -8.4691 0.0739 0.2000 0.4314 0.3922 0.1961 21.1632 2.0000 
3241 3242 35 0.7903 0.8793 -8.4691 0.7938 0.9169 -8.6655 0.0739 0.2000 0.4314 0.3922 0.1961 21.2590 2.0000 
3242 3243 35 0.7938 0.9169 -8.6655 0.8022 0.9207 -8.8653 0.0739 0.2000 0.4314 0.3922 0.1961 21.3554 2.0000 
3243 3244 35 0.8022 0.9207 -8.8653 0.8096 0.9257 -9.0651 0.0739 0.2000 0.4314 0.3922 0.1961 21.4524 2.0000 
3244 3245 35 0.8096 0.9257 -9.0651 0.8262 0.9112 -9.2639 0.0739 0.2000 0.4314 0.3922 0.1961 21.5502 2.0000 
3245 3246 35 0.8262 0.9112 -9.2639 0.8418 0.9062 -9.4632 0.0739 0.2000 0.4314 0.3922 0.1961 21.6485 2.0000 
3246 3247 35 0.8418 0.9062 -9.4632 0.8536 0.9015 -9.6628 0.0739 0.2000 0.4314 0.3922 0.1961 21.7475 2.0000 
3247 3248 35 0.8536 0.9015 -9.6628 0.8723 0.9072 -9.8619 0.0739 0.2000 0.4314 0.3922 0.1961 21.8472 2.0000 
3248 3249 35 0.8723 0.9072 -9.8619 0.8984 0.9216 -10.0596 0.0739 0.2000 0.4314 0.3922 0.1961 21.9476 2.0000 
3249 3250 35 0.8984 0.9216 -10.0596 0.8961 0.9517 -10.2574 0.0739 0.2000 0.4314 0.3922 0.1961 22.0487 2.0000 
3250 3251 35 0.8961 0.9517 -10.2574 0.8884 0.9723 -10.4561 0.0739 0.2000 0.4314 0.3922 0.1961 22.1504 2.0000 
3251 3252 35 0.8884 0.9723 -10.4561 0.9244 0.9889 -10.6522 0.0739 0.2000 0.4314 0.3922 0.1961 22.2529 2.0000 
3252 3253 35 0.9244 0.9889 -10.6522 0.9465 0.9990 -10.8507 0.0739 0.2000 0.4314 0.3922 0.1961 22.3561 2.0000 
3253 3254 35 0.9465 0.9990 -10.8507 0.9666 1.0067 -11.0495 0.0739 0.2000 0.4314 0.3922 0.1961 22.4600 2.0000 
3254 3255 35 0.9666 1.0067 -11.0495 0.9778 1.0057 -11.2492 0.0739 0.2000 0.4314 0.3922 0.1961 22.5647 2.0000 
3255 3256 35 0.9778 1.0057 -11.2492 0.9947 0.9956 -11.4482 0.0739 0.2000 0.4314 0.3922 0.1961 22.6701 2.0000 
3256 3257 35 0.9947 0.9956 -11.4482 1.0170 0.9943 -11.6470 0.0739 0.2000 0.4314 0.3922 0.1961 22.7763 2.0000 
3257 3258 35 1.0170 0.9943 -11.6470 1.0066 0.9987 -11.8467 0.0739 0.2000 0.4314 0.3922 0.1961 22.8833 2.0000 
3258 3259 35 1.0066 0.9987 -11.8467 0.9891 1.0247 -12.0442 0.0739 0.2000 0.4314 0.3922 0.1961 22.9910 2.0000 
3259 3260 35 0.9891 1.0247 -12.0442 0.9742 1.0426 -12.2428 0.0739 0.2000 0.4314 0.3922 0.1961 23.0996 2.0000 
3260 3261 35 0.9742 1.0426 -12.2428 0.9650 1.0615 -12.4417 0.0739 0.2000 0.4314 0.3922 0.1961 23.2089 2.0000 
3261 3262 35 0.9650 1.0615 -12.4417 0.9601 1.0670 -12.6416 0.0739 0.2000 0.4314 0.3922 0.1961 23.3191 2.0000 
3262 3263 35 0.9601 1.0670 -12.6416 0.9615 1.0699 -12.8416 0.0739 0.2000 0.4314 0.3922 0.1961 23.4301 2.0000 
3263 3264 35 0.9615 1.0699 -12.8416 0.9694 1.0725 -13.0414 0.0739 0.2000 0.4314 0.3922 0.1961 23.5420 2.0000 
3264 3265 35 0.9694 1.0725 -13.0414 0.9771 1.0728 -13.2412 0.0739 0.2000 0.4314 0.3922 0.1961 23.6547 2.0000 
3265 3266 35 0.9771 1.0728 -13.2412 0.9938 1.0700 -13.4405 0.0739 0.2000 0.4314 0.3922 0.1961 23.7683 2.0000 
3266 3267 35 0.9938 1.0700 -13.4405 1.0000 1.0686 -13.6404 0.0739 0.2000 0.4314 0.3922 0.1961 23.8827 2.0000 
3267 3268 35 1.0000 1.0686 -13.6404 1.0205 1.0592 -13.8392 0.0739 0.2000 0.4314 0.3922 0.1961 23.9981 2.0000 
3268 3269 35 1.0205 1.0592 -13.8392 1.0592 1.0269 -14.0327 0.0739 0.2000 0.4314 0.3922 0.1961 24.1144 2.0000 
3269 3270 35 1.0592 1.0269 -14.0327 1.0865 0.9912 -14.2276 0.0739 0.2000 0.4314 0.3922 0.1961 24.2316 2.0000 
3270 3271 35 1.0865 0.9912 -14.2276 1.1151 0.9560 -14.4224 0.0739 0.2000 0.4314 0.3922 0.1961 24.3498 2.0000 
3271 3272 35 1.1151 0.9560 -14.4224 1.1438 0.9210 -14.6172 0.0739 0.2000 0.4314 0.3922 0.1961 24.4689 2.0000 
3272 3273 35 1.1438 0.9210 -14.6172 1.1733 0.8865 -14.8120 0.0739 0.2000 0.4314 0.3922 0.1961 24.5890 2.0000 
3273 3274 35 1.1733 0.8865 -14.8120 1.1961 0.8422 -15.0057 0.0739 0.2000 0.4314 0.3922 0.1961 24.7101 2.0000 
3274 3275 35 1.1961 0.8422 -15.0057 1.2072 0.8223 -15.2044 0.0739 0.2000 0.4314 0.3922 0.1961 24.8322 2.0000 
3275 3276 35 1.2072 0.8223 -15.2044 1.2191 0.8044 -15.4032 0.0739 0.2000 0.4314 0.3922 0.1961 24.9553 2.0000 
3276 3277 35 1.2191 0.8044 -15.4032 1.2179 0.7819 -15.6019 0.0739 0.2000 0.4314 0.3922 0.1961 25.0795 2.0000 
3277 3278 35 1.2179 0.7819 -15.6019 1.2041 0.7678 -15.8010 0.0739 0.2000 0.4314 0.3922 0.1961 25.2047 2.0000 
3278 3279 35 1.2041 0.7678 -15.8010 1.2064 0.7526 -16.0004 0.0739 0.2000 0.4314 0.3922 0.1961 25.3310 2.0000 
3279 3280 35 1.2064 0.7526 -16.0004 1.2087 0.7357 -16.1997 0.0739 0.2000 0.4314 0.3922 0.1961 25.4584 2.0000 
3280 3281 35 1.2087 0.7357 -16.1997 1.2168 0.7409 -16.3994 0.0739 0.2000 0.4314 0.3922 0.1961 25.5869 2.0000 
3281 3282 35 1.2168 0.7409 -16.3994 1.2248 0.7461 -16.5992 0.0739 0.2000 0.4314 0.3922 0.1961 25.7166 2.0000 
3282 3283 35 1.2248 0.7461 -16.5992 1.2468 0.7417 -16.7979 0.0739 0.2000 0.4314 0.3922 0.1961 25.8474 2.0000 
3283 3284 35 1.2468 0.7417 -16.7979 1.2472 0.6933 -16.9920 0.0739 0.2000 0.4314 0.3922 0.1961 25.9793 2.0000 
3284 3285 35 1.2472 0.6933 -16.9920 1.2648 0.7215 -17.1892 0.0739 0.2000 0.4314 0.3922 0.1961 26.1125 2.0000 
3285 3286 35 1.2648 0.7215 -17.1892 1.2863 0.7422 -17.3870 0.0739 0.2000 0.4314 0.3922 0.1961 26.2469 2.0000 
3286 3287 35 1.2863 0.7422 -17.3870 1.3022 0.7473 -17.5863 0.0739 0.2000 0.4314 0.3922 0.1961 26.3826 2.0000 
3287 3288 35 1.3022 0.7473 -17.5863 1.3207 0.7349 -17.7850 0.0739 0.2000 0.4314 0.3922 0.1961 26.5195 2.0000 
3288 3289 35 1.3207 0.7349 -17.7850 1.3402 0.7275 -17.9839 0.0739 0.2000 0.4314 0.3922 0.1961 26.6577 2.0000 
3289 3290 35 1.3402 0.7275 -17.9839 1.3408 0.6955 -18.1814 0.0739 0.2000 0.4314 0.3922 0.1961 26.7972 2.0000 
3290 3291 35 1.3408 0.6955 -18.1814 1.3404 0.6659 -18.3792 0.0739 0.2000 0.4314 0.3922 0.1961 26.9380 2.0000 
3291 3292 35 1.3404 0.6659 -18.3792 1.3172 0.6471 -18.5769 0.0739 0.2000 0.4314 0.3922 0.1961 27.0803 2.0000 
3292 3293 35 1.3172 0.6471 -18.5769 1.3088 0.6384 -18.7765 0.0739 0.2000 0.4314 0.3922 0.1961 27.2239 2.0000 
3293 3294 35 1.3088 0.6384 -18.7765 1.3207 0.6239 -18.9757 0.0739 0.2000 0.4314 0.3922 0.1961 27.3689 2.0000 
3294 3295 35 1.3207 0.6239 -18.9757 1.3213 0.6088 -19.1751 0.0739 0.2000 0.4314 0.3922 0.1961 27.5154 2.0000 
3295 3296 35 1.3213 0.6088 -19.1751 1.3315 0.5986 -19.3746 0.0739 0.2000 0.4314 0.3922 0.1961 27.6633 2.0000 
3296 3297 35 1.3315 0.5986 -19.3746 1.3327 0.6023 -19.5745 0.0739 0.2000 0.4314 0.3922 0.1961 27.8128 2.0000 
3297 3298 35 1.3327 0.6023 -19.5745 1.3356 0.6118 -19.7743 0.0739 0.2000 0.4314 0.3922 0.1961 27.9638 2.0000 
3298 3299 35 1.3356 0.6118 -19.7743 1.3320 0.6236 -19.9739 0.0739 0.2000 0.4314 0.3922 0.1961 28.1164 2.0000 
3299 3300 35 1.3320 0.6236 -19.9739 1.3283 0.6501 -20.1721 0.0739 0.2000 0.4314 0.3922 0.1961 28.2705 2.0000 
3300 3301 35 1.3283 0.6501 -20.1721 1.3255 0.6412 -20.3719 0.0739 0.2000 0.4314 0.3922 0.1961 28.4264 2.0000 
3301 3302 35 1.3255 0.6412 -20.3719 1.3332 0.6393 -20.5717 0.0739 0.2000 0.4314 0.3922 0.1961 28.5838 2.0000 
3302 3303 35 1.3332 0.6393 -20.5717 1.3511 0.6287 -20.7707 0.0739 0.2000 0.4314 0.3922 0.1961 28.7430 2.0000 
3303 3304 35 1.3511 0.6287 -20.7707 1.3587 0.6240 -20.9705 0.0739 0.2000 0.4314 0.3922 0.1961 28.9040 2.0000 
3304 3305 35 1.3587 0.6240 -20.9705 1.3668 0.6127 -21.1700 0.0739 0.2000 0.4314 0.3922 0.1961 29.0667 2.0000 
3305 3306 35 1.3668 0.6127 -21.1700 1.3690 0.5961 -21.3693 0.0739 0.2000 0.4314 0.3922 0.1961 29.2313 2.0000 
3306 3307 35 1.3690 0.5961 -21.3693 1.3655 0.5845 -21.5689 0.0739 0.2000 0.4314 0.3922 0.1961 29.3977 2.0000 
3307 3308 35 1.3655 0.5845 -21.5689 1.3666 0.5757 -21.7687 0.0739 0.2000 0.4314 0.3922 0.1961 29.5660 2.0000 
3308 3309 35 1.3666 0.5757 -21.7687 1.3719 0.5677 -21.9685 0.0739 0.2000 0.4314 0.3922 0.1961 29.7363 2.0000 
3309 3310 35 1.3719 0.5677 -21.9685 1.3797 0.5609 -22.1682 0.0739 0.2000 0.4314 0.3922 0.1961 29.9086 2.0000 
3310 3311 35 1.3797 0.5609 -22.1682 1.3876 0.5609 -22.2731 0.0739 0.1052 0.4314 0.3922 0.1961 30.0000 2.0000 
53 3312 36 -0.1499 -0.0474 -6.7890 0.0237 0.0256 -6.8564 0.0619 0.2000 0.4314 0.3922 0.1961 20.3209 2.0000 
3312 3313 36 0.0237 0.0256 -6.8564 0.1971 0.0931 -6.9295 0.0619 0.2000 0.4314 0.3922 0.1961 20.3983 2.0000 
3313 3314 36 0.1971 0.0931 -6.9295 0.3735 0.1547 -7.0009 0.0619 0.2000 0.4314 0.3922 0.1961 20.4762 2.0000 
3314 3315 36 0.3735 0.1547 -7.0009 0.5502 0.2234 -7.0647 0.0619 0.2000 0.4314 0.3922 0.1961 20.5547 2.0000 
3315 3316 36 0.5502 0.2234 -7.0647 0.7264 0.2754 -7.1437 0.0619 0.2000 0.4314 0.3922 0.1961 20.6337 2.0000 
3316 3317 36 0.7264 0.2754 -7.1437 0.8953 0.3023 -7.2474 0.0619 0.2000 0.4314 0.3922 0.1961 20.7133 2.0000 
3317 3318 36 0.8953 0.3023 -7.2474 1.0475 0.3144 -7.3766 0.0619 0.2000 0.4314 0.3922 0.1961 20.7934 2.0000 
3318 3319 36 1.0475 0.3144 -7.3766 1.1866 0.3311 -7.5193 0.0619 0.2000 0.4314 0.3922 0.1961 20.8741 2.0000 
3319 3320 36 1.1866 0.3311 -7.5193 1.3145 0.3676 -7.6687 0.0619 0.2000 0.4314 0.3922 0.1961 20.9554 2.0000 
3320 3321 36 1.3145 0.3676 -7.6687 1.4458 0.4119 -7.8129 0.0619 0.2000 0.4314 0.3922 0.1961 21.0373 2.0000 
3321 3322 36 1.4458 0.4119 -7.8129 1.5765 0.4579 -7.9572 0.0619 0.2000 0.4314 0.3922 0.1961 21.1198 2.0000 
3322 3323 36 1.5765 0.4579 -7.9572 1.7117 0.4971 -8.0992 0.0619 0.2000 0.4314 0.3922 0.1961 21.2030 2.0000 
3323 3324 36 1.7117 0.4971 -8.0992 1.8471 0.5365 -8.2410 0.0619 0.2000 0.4314 0.3922 0.1961 21.2867 2.0000 
3324 3325 36 1.8471 0.5365 -8.2410 1.9570 0.5984 -8.3962 0.0619 0.2000 0.4314 0.3922 0.1961 21.3711 2.0000 
3325 3326 36 1.9570 0.5984 -8.3962 2.0647 0.6519 -8.5561 0.0619 0.2000 0.4314 0.3922 0.1961 21.4561 2.0000 
3326 3327 36 2.0647 0.6519 -8.5561 2.1715 0.7095 -8.7150 0.0619 0.2000 0.4314 0.3922 0.1961 21.5417 2.0000 
3327 3328 36 2.1715 0.7095 -8.7150 2.2671 0.7386 -8.8883 0.0619 0.2000 0.4314 0.3922 0.1961 21.6280 2.0000 
3328 3329 36 2.2671 0.7386 -8.8883 2.3593 0.7618 -9.0642 0.0619 0.2000 0.4314 0.3922 0.1961 21.7150 2.0000 
3329 3330 36 2.3593 0.7618 -9.0642 2.4410 0.8243 -9.2357 0.0619 0.2000 0.4314 0.3922 0.1961 21.8027 2.0000 
3330 3331 36 2.4410 0.8243 -9.2357 2.5200 0.8844 -9.4094 0.0619 0.2000 0.4314 0.3922 0.1961 21.8910 2.0000 
3331 3332 36 2.5200 0.8844 -9.4094 2.5860 0.9506 -9.5862 0.0619 0.2000 0.4314 0.3922 0.1961 21.9801 2.0000 
3332 3333 36 2.5860 0.9506 -9.5862 2.6068 1.0280 -9.7694 0.0619 0.2000 0.4314 0.3922 0.1961 22.0699 2.0000 
3333 3334 36 2.6068 1.0280 -9.7694 2.5850 1.0549 -9.9664 0.0619 0.2000 0.4314 0.3922 0.1961 22.1604 2.0000 
3334 3335 36 2.5850 1.0549 -9.9664 2.5597 1.0788 -10.1634 0.0619 0.2000 0.4314 0.3922 0.1961 22.2516 2.0000 
3335 3336 36 2.5597 1.0788 -10.1634 2.5397 1.1081 -10.3602 0.0619 0.2000 0.4314 0.3922 0.1961 22.3436 2.0000 
3336 3337 36 2.5397 1.1081 -10.3602 2.5438 1.1320 -10.5587 0.0619 0.2000 0.4314 0.3922 0.1961 22.4363 2.0000 
3337 3338 36 2.5438 1.1320 -10.5587 2.5478 1.1561 -10.7572 0.0619 0.2000 0.4314 0.3922 0.1961 22.5299 2.0000 
3338 3339 36 2.5478 1.1561 -10.7572 2.5502 1.1618 -10.9571 0.0619 0.2000 0.4314 0.3922 0.1961 22.6242 2.0000 
3339 3340 36 2.5502 1.1618 -10.9571 2.5553 1.1770 -11.1565 0.0619 0.2000 0.4314 0.3922 0.1961 22.7193 2.0000 
3340 3341 36 2.5553 1.1770 -11.1565 2.5481 1.1919 -11.3558 0.0619 0.2000 0.4314 0.3922 0.1961 22.8152 2.0000 
3341 3342 36 2.5481 1.1919 -11.3558 2.5417 1.1758 -11.5550 0.0619 0.2000 0.4314 0.3922 0.1961 22.9119 2.0000 
3342 3343 36 2.5417 1.1758 -11.5550 2.5312 1.1709 -11.7547 0.0619 0.2000 0.4314 0.3922 0.1961 23.0095 2.0000 
3343 3344 36 2.5312 1.1709 -11.7547 2.5259 1.1579 -11.9542 0.0619 0.2000 0.4314 0.3922 0.1961 23.1080 2.0000 
3344 3345 36 2.5259 1.1579 -11.9542 2.5412 1.1778 -12.1526 0.0619 0.2000 0.4314 0.3922 0.1961 23.2073 2.0000 
3345 3346 36 2.5412 1.1778 -12.1526 2.5415 1.2115 -12.3498 0.0619 0.2000 0.4314 0.3922 0.1961 23.3075 2.0000 
3346 3347 36 2.5415 1.2115 -12.3498 2.5418 1.2449 -12.5470 0.0619 0.2000 0.4314 0.3922 0.1961 23.4086 2.0000 
3347 3348 36 2.5418 1.2449 -12.5470 2.5689 1.2702 -12.7435 0.0619 0.2000 0.4314 0.3922 0.1961 23.5106 2.0000 
3348 3349 36 2.5689 1.2702 -12.7435 2.5901 1.2984 -12.9404 0.0619 0.2000 0.4314 0.3922 0.1961 23.6136 2.0000 
3349 3350 36 2.5901 1.2984 -12.9404 2.6051 1.3298 -13.1373 0.0619 0.2000 0.4314 0.3922 0.1961 23.7175 2.0000 
3350 3351 36 2.6051 1.3298 -13.1373 2.6054 1.3385 -13.3371 0.0619 0.2000 0.4314 0.3922 0.1961 23.8224 2.0000 
3351 3352 36 2.6054 1.3385 -13.3371 2.6034 1.3491 -13.5368 0.0619 0.2000 0.4314 0.3922 0.1961 23.9283 2.0000 
3352 3353 36 2.6034 1.3491 -13.5368 2.5996 1.3668 -13.7360 0.0619 0.2000 0.4314 0.3922 0.1961 24.0352 2.0000 
3353 3354 36 2.5996 1.3668 -13.7360 2.5957 1.3754 -13.9358 0.0619 0.2000 0.4314 0.3922 0.1961 24.1431 2.0000 
3354 3355 36 2.5957 1.3754 -13.9358 2.6155 1.4063 -14.1324 0.0619 0.2000 0.4314 0.3922 0.1961 24.2521 2.0000 
3355 3356 36 2.6155 1.4063 -14.1324 2.6439 1.4281 -14.3292 0.0619 0.2000 0.4314 0.3922 0.1961 24.3621 2.0000 
3356 3357 36 2.6439 1.4281 -14.3292 2.6768 1.4433 -14.5258 0.0619 0.2000 0.4314 0.3922 0.1961 24.4733 2.0000 
3357 3358 36 2.6768 1.4433 -14.5258 2.7089 1.4555 -14.7229 0.0619 0.2000 0.4314 0.3922 0.1961 24.5855 2.0000 
3358 3359 36 2.7089 1.4555 -14.7229 2.7165 1.4493 -14.9226 0.0619 0.2000 0.4314 0.3922 0.1961 24.6989 2.0000 
3359 3360 36 2.7165 1.4493 -14.9226 2.7187 1.4400 -15.1224 0.0619 0.2000 0.4314 0.3922 0.1961 24.8135 2.0000 
3360 3361 36 2.7187 1.4400 -15.1224 2.7184 1.4415 -15.3224 0.0619 0.2000 0.4314 0.3922 0.1961 24.9292 2.0000 
3361 3362 36 2.7184 1.4415 -15.3224 2.7163 1.4419 -15.5224 0.0619 0.2000 0.4314 0.3922 0.1961 25.0461 2.0000 
3362 3363 36 2.7163 1.4419 -15.5224 2.7090 1.4467 -15.7222 0.0619 0.2000 0.4314 0.3922 0.1961 25.1643 2.0000 
3363 3364 36 2.7090 1.4467 -15.7222 2.7267 1.4788 -15.9188 0.0619 0.2000 0.4314 0.3922 0.1961 25.2837 2.0000 
3364 3365 36 2.7267 1.4788 -15.9188 2.7585 1.4885 -16.1160 0.0619 0.2000 0.4314 0.3922 0.1961 25.4044 2.0000 
3365 3366 36 2.7585 1.4885 -16.1160 2.7667 1.4886 -16.3159 0.0619 0.2000 0.4314 0.3922 0.1961 25.5264 2.0000 
3366 3367 36 2.7667 1.4886 -16.3159 2.7794 1.4874 -16.5155 0.0619 0.2000 0.4314 0.3922 0.1961 25.6498 2.0000 
3367 3368 36 2.7794 1.4874 -16.5155 2.7986 1.4853 -16.7145 0.0619 0.2000 0.4314 0.3922 0.1961 25.7745 2.0000 
3368 3369 36 2.7986 1.4853 -16.7145 2.8115 1.4746 -16.9138 0.0619 0.2000 0.4314 0.3922 0.1961 25.9007 2.0000 
3369 3370 36 2.8115 1.4746 -16.9138 2.8247 1.4614 -17.1129 0.0619 0.2000 0.4314 0.3922 0.1961 26.0283 2.0000 
3370 3371 36 2.8247 1.4614 -17.1129 2.8225 1.4479 -17.3125 0.0619 0.2000 0.4314 0.3922 0.1961 26.1573 2.0000 
3371 3372 36 2.8225 1.4479 -17.3125 2.8034 1.4465 -17.5116 0.0619 0.2000 0.4314 0.3922 0.1961 26.2879 2.0000 
3372 3373 36 2.8034 1.4465 -17.5116 2.7867 1.4404 -17.7108 0.0619 0.2000 0.4314 0.3922 0.1961 26.4200 2.0000 
3373 3374 36 2.7867 1.4404 -17.7108 2.7724 1.4345 -17.9102 0.0619 0.2000 0.4314 0.3922 0.1961 26.5536 2.0000 
3374 3375 36 2.7724 1.4345 -17.9102 2.7713 1.4257 -18.1100 0.0619 0.2000 0.4314 0.3922 0.1961 26.6889 2.0000 
3375 3376 36 2.7713 1.4257 -18.1100 2.7670 1.4211 -18.3099 0.0619 0.2000 0.4314 0.3922 0.1961 26.8258 2.0000 
3376 3377 36 2.7670 1.4211 -18.3099 2.7739 1.4225 -18.5097 0.0619 0.2000 0.4314 0.3922 0.1961 26.9645 2.0000 
3377 3378 36 2.7739 1.4225 -18.5097 2.7780 1.4226 -18.7097 0.0619 0.2000 0.4314 0.3922 0.1961 27.1048 2.0000 
3378 3379 36 2.7780 1.4226 -18.7097 2.7719 1.4012 -18.9085 0.0619 0.2000 0.4314 0.3922 0.1961 27.2470 2.0000 
3379 3380 36 2.7719 1.4012 -18.9085 2.7753 1.3994 -19.1084 0.0619 0.2000 0.4314 0.3922 0.1961 27.3909 2.0000 
3380 3381 36 2.7753 1.3994 -19.1084 2.7787 1.3973 -19.3084 0.0619 0.2000 0.4314 0.3922 0.1961 27.5368 2.0000 
3381 3382 36 2.7787 1.3973 -19.3084 2.7853 1.4168 -19.5073 0.0619 0.2000 0.4314 0.3922 0.1961 27.6845 2.0000 
3382 3383 36 2.7853 1.4168 -19.5073 2.7933 1.4364 -19.7062 0.0619 0.2000 0.4314 0.3922 0.1961 27.8343 2.0000 
3383 3384 36 2.7933 1.4364 -19.7062 2.8005 1.4524 -19.9054 0.0619 0.2000 0.4314 0.3922 0.1961 27.9860 2.0000 
3384 3385 36 2.8005 1.4524 -19.9054 2.8034 1.4416 -20.1051 0.0619 0.2000 0.4314 0.3922 0.1961 28.1399 2.0000 
3385 3386 36 2.8034 1.4416 -20.1051 2.7991 1.4234 -20.3042 0.0619 0.2000 0.4314 0.3922 0.1961 28.2959 2.0000 
3386 3387 36 2.7991 1.4234 -20.3042 2.8045 1.4224 -20.5042 0.0619 0.2000 0.4314 0.3922 0.1961 28.4541 2.0000 
3387 3388 36 2.8045 1.4224 -20.5042 2.8128 1.4253 -20.7040 0.0619 0.2000 0.4314 0.3922 0.1961 28.6145 2.0000 
3388 3389 36 2.8128 1.4253 -20.7040 2.8179 1.4198 -20.9038 0.0619 0.2000 0.4314 0.3922 0.1961 28.7773 2.0000 
3389 3390 36 2.8179 1.4198 -20.9038 2.8281 1.4096 -21.1033 0.0619 0.2000 0.4314 0.3922 0.1961 28.9425 2.0000 
3390 3391 36 2.8281 1.4096 -21.1033 2.8369 1.4020 -21.3030 0.0619 0.2000 0.4314 0.3922 0.1961 29.1101 2.0000 
3391 3392 36 2.8369 1.4020 -21.3030 2.8424 1.3957 -21.5028 0.0619 0.2000 0.4314 0.3922 0.1961 29.2803 2.0000 
3392 3393 36 2.8424 1.3957 -21.5028 2.8534 1.3962 -21.7025 0.0619 0.2000 0.4314 0.3922 0.1961 29.4532 2.0000 
3393 3394 36 2.8534 1.3962 -21.7025 2.8709 1.4015 -21.9017 0.0619 0.2000 0.4314 0.3922 0.1961 29.6287 2.0000 
3394 3395 36 2.8709 1.4015 -21.9017 2.8782 1.4133 -22.1012 0.0619 0.2000 0.4314 0.3922 0.1961 29.8070 2.0000 
3395 3396 36 2.8782 1.4133 -22.1012 2.8824 1.4277 -22.3006 0.0619 0.2000 0.4314 0.3922 0.1961 29.9882 2.0000 
3396 3397 36 2.8824 1.4277 -22.3006 2.8827 1.4286 -22.3134 0.0619 0.0129 0.4314 0.3922 0.1961 30.0000 2.0000 
55 3398 37 -0.1346 -0.0778 -7.0389 -0.0819 -0.2585 -7.1064 0.0732 0.2000 0.4314 0.3922 0.1961 20.7285 2.0000 
3398 3399 37 -0.0819 -0.2585 -7.1064 -0.0520 -0.4450 -7.1722 0.0732 0.2000 0.4314 0.3922 0.1961 20.8492 2.0000 
3399 3400 37 -0.0520 -0.4450 -7.1722 0.0033 -0.6229 -7.2449 0.0732 0.2000 0.4314 0.3922 0.1961 20.9708 2.0000 
3400 3401 37 0.0033 -0.6229 -7.2449 0.0729 -0.7752 -7.3543 0.0732 0.2000 0.4314 0.3922 0.1961 21.0933 2.0000 
3401 3402 37 0.0729 -0.7752 -7.3543 0.1502 -0.8893 -7.4992 0.0732 0.2000 0.4314 0.3922 0.1961 21.2167 2.0000 
3402 3403 37 0.1502 -0.8893 -7.4992 0.2246 -0.9960 -7.6512 0.0732 0.2000 0.4314 0.3922 0.1961 21.3410 2.0000 
3403 3404 37 0.2246 -0.9960 -7.6512 0.2929 -1.0924 -7.8125 0.0732 0.2000 0.4314 0.3922 0.1961 21.4662 2.0000 
3404 3405 37 0.2929 -1.0924 -7.8125 0.3929 -1.1528 -7.9749 0.0732 0.2000 0.4314 0.3922 0.1961 21.5923 2.0000 
3405 3406 37 0.3929 -1.1528 -7.9749 0.4881 -1.2284 -8.1337 0.0732 0.2000 0.4314 0.3922 0.1961 21.7194 2.0000 
3406 3407 37 0.4881 -1.2284 -8.1337 0.5962 -1.2830 -8.2928 0.0732 0.2000 0.4314 0.3922 0.1961 21.8475 2.0000 
3407 3408 37 0.5962 -1.2830 -8.2928 0.7076 -1.3061 -8.4573 0.0732 0.2000 0.4314 0.3922 0.1961 21.9765 2.0000 
3408 3409 37 0.7076 -1.3061 -8.4573 0.8168 -1.3246 -8.6239 0.0732 0.2000 0.4314 0.3922 0.1961 22.1065 2.0000 
3409 3410 37 0.8168 -1.3246 -8.6239 0.9192 -1.3516 -8.7935 0.0732 0.2000 0.4314 0.3922 0.1961 22.2375 2.0000 
3410 3411 37 0.9192 -1.3516 -8.7935 1.0209 -1.3638 -8.9653 0.0732 0.2000 0.4314 0.3922 0.1961 22.3695 2.0000 
3411 3412 37 1.0209 -1.3638 -8.9653 1.1088 -1.3692 -9.1449 0.0732 0.2000 0.4314 0.3922 0.1961 22.5026 2.0000 
3412 3413 37 1.1088 -1.3692 -9.1449 1.1645 -1.3744 -9.3369 0.0732 0.2000 0.4314 0.3922 0.1961 22.6367 2.0000 
3413 3414 37 1.1645 -1.3744 -9.3369 1.2211 -1.3762 -9.5287 0.0732 0.2000 0.4314 0.3922 0.1961 22.7719 2.0000 
3414 3415 37 1.2211 -1.3762 -9.5287 1.2742 -1.3815 -9.7215 0.0732 0.2000 0.4314 0.3922 0.1961 22.9082 2.0000 
3415 3416 37 1.2742 -1.3815 -9.7215 1.2982 -1.3773 -9.9200 0.0732 0.2000 0.4314 0.3922 0.1961 23.0456 2.0000 
3416 3417 37 1.2982 -1.3773 -9.9200 1.3141 -1.3859 -10.1191 0.0732 0.2000 0.4314 0.3922 0.1961 23.1841 2.0000 
3417 3418 37 1.3141 -1.3859 -10.1191 1.3014 -1.3892 -10.3187 0.0732 0.2000 0.4314 0.3922 0.1961 23.3237 2.0000 
3418 3419 37 1.3014 -1.3892 -10.3187 1.2949 -1.3804 -10.5184 0.0732 0.2000 0.4314 0.3922 0.1961 23.4645 2.0000 
3419 3420 37 1.2949 -1.3804 -10.5184 1.2929 -1.3736 -10.7183 0.0732 0.2000 0.4314 0.3922 0.1961 23.6065 2.0000 
3420 3421 37 1.2929 -1.3736 -10.7183 1.2924 -1.3665 -10.9182 0.0732 0.2000 0.4314 0.3922 0.1961 23.7497 2.0000 
3421 3422 37 1.2924 -1.3665 -10.9182 1.2983 -1.3495 -11.1174 0.0732 0.2000 0.4314 0.3922 0.1961 23.8941 2.0000 
3422 3423 37 1.2983 -1.3495 -11.1174 1.3041 -1.3372 -11.3169 0.0732 0.2000 0.4314 0.3922 0.1961 24.0398 2.0000 
3423 3424 37 1.3041 -1.3372 -11.3169 1.2990 -1.3131 -11.5154 0.0732 0.2000 0.4314 0.3922 0.1961 24.1867 2.0000 
3424 3425 37 1.2990 -1.3131 -11.5154 1.2893 -1.3221 -11.7149 0.0732 0.2000 0.4314 0.3922 0.1961 24.3349 2.0000 
3425 3426 37 1.2893 -1.3221 -11.7149 1.2785 -1.3312 -11.9144 0.0732 0.2000 0.4314 0.3922 0.1961 24.4844 2.0000 
3426 3427 37 1.2785 -1.3312 -11.9144 1.2641 -1.3357 -12.1139 0.0732 0.2000 0.4314 0.3922 0.1961 24.6352 2.0000 
3427 3428 37 1.2641 -1.3357 -12.1139 1.2472 -1.3406 -12.3131 0.0732 0.2000 0.4314 0.3922 0.1961 24.7874 2.0000 
3428 3429 37 1.2472 -1.3406 -12.3131 1.2313 -1.3366 -12.5124 0.0732 0.2000 0.4314 0.3922 0.1961 24.9410 2.0000 
3429 3430 37 1.2313 -1.3366 -12.5124 1.2304 -1.3306 -12.7123 0.0732 0.2000 0.4314 0.3922 0.1961 25.0960 2.0000 
3430 3431 37 1.2304 -1.3306 -12.7123 1.2291 -1.3221 -12.9121 0.0732 0.2000 0.4314 0.3922 0.1961 25.2524 2.0000 
3431 3432 37 1.2291 -1.3221 -12.9121 1.2242 -1.3262 -13.1120 0.0732 0.2000 0.4314 0.3922 0.1961 25.4102 2.0000 
3432 3433 37 1.2242 -1.3262 -13.1120 1.2195 -1.3299 -13.3120 0.0732 0.2000 0.4314 0.3922 0.1961 25.5696 2.0000 
3433 3434 37 1.2195 -1.3299 -13.3120 1.2073 -1.3181 -13.5112 0.0732 0.2000 0.4314 0.3922 0.1961 25.7304 2.0000 
3434 3435 37 1.2073 -1.3181 -13.5112 1.1933 -1.3095 -13.7106 0.0732 0.2000 0.4314 0.3922 0.1961 25.8928 2.0000 
3435 3436 37 1.1933 -1.3095 -13.7106 1.1928 -1.2887 -13.9095 0.0732 0.2000 0.4314 0.3922 0.1961 26.0568 2.0000 
3436 3437 37 1.1928 -1.2887 -13.9095 1.1906 -1.2666 -14.1082 0.0732 0.2000 0.4314 0.3922 0.1961 26.2223 2.0000 
3437 3438 37 1.1906 -1.2666 -14.1082 1.1862 -1.2329 -14.3053 0.0732 0.2000 0.4314 0.3922 0.1961 26.3895 2.0000 
3438 3439 37 1.1862 -1.2329 -14.3053 1.1958 -1.2200 -14.5047 0.0732 0.2000 0.4314 0.3922 0.1961 26.5584 2.0000 
3439 3440 37 1.1958 -1.2200 -14.5047 1.2013 -1.2116 -14.7044 0.0732 0.2000 0.4314 0.3922 0.1961 26.7290 2.0000 
3440 3441 37 1.2013 -1.2116 -14.7044 1.2041 -1.2142 -14.9044 0.0732 0.2000 0.4314 0.3922 0.1961 26.9013 2.0000 
3441 3442 37 1.2041 -1.2142 -14.9044 1.2089 -1.2135 -15.1043 0.0732 0.2000 0.4314 0.3922 0.1961 27.0753 2.0000 
3442 3443 37 1.2089 -1.2135 -15.1043 1.2034 -1.2177 -15.3042 0.0732 0.2000 0.4314 0.3922 0.1961 27.2512 2.0000 
3443 3444 37 1.2034 -1.2177 -15.3042 1.2057 -1.2265 -15.5040 0.0732 0.2000 0.4314 0.3922 0.1961 27.4289 2.0000 
3444 3445 37 1.2057 -1.2265 -15.5040 1.1963 -1.2264 -15.7038 0.0732 0.2000 0.4314 0.3922 0.1961 27.6085 2.0000 
3445 3446 37 1.1963 -1.2264 -15.7038 1.1890 -1.2264 -15.9037 0.0732 0.2000 0.4314 0.3922 0.1961 27.7901 2.0000 
3446 3447 37 1.1890 -1.2264 -15.9037 1.1865 -1.2325 -16.1035 0.0732 0.2000 0.4314 0.3922 0.1961 27.9736 2.0000 
3447 3448 37 1.1865 -1.2325 -16.1035 1.1742 -1.2415 -16.3030 0.0732 0.2000 0.4314 0.3922 0.1961 28.1591 2.0000 
3448 3449 37 1.1742 -1.2415 -16.3030 1.1699 -1.2513 -16.5027 0.0732 0.2000 0.4314 0.3922 0.1961 28.3466 2.0000 
3449 3450 37 1.1699 -1.2513 -16.5027 1.1599 -1.2470 -16.7024 0.0732 0.2000 0.4314 0.3922 0.1961 28.5363 2.0000 
3450 3451 37 1.1599 -1.2470 -16.7024 1.1462 -1.2426 -16.9019 0.0732 0.2000 0.4314 0.3922 0.1961 28.7281 2.0000 
3451 3452 37 1.1462 -1.2426 -16.9019 1.1299 -1.2412 -17.1012 0.0732 0.2000 0.4314 0.3922 0.1961 28.9221 2.0000 
3452 3453 37 1.1299 -1.2412 -17.1012 1.1338 -1.2448 -17.3011 0.0732 0.2000 0.4314 0.3922 0.1961 29.1183 2.0000 
3453 3454 37 1.1338 -1.2448 -17.3011 1.1145 -1.2375 -17.5001 0.0732 0.2000 0.4314 0.3922 0.1961 29.3168 2.0000 
3454 3455 37 1.1145 -1.2375 -17.5001 1.1010 -1.2217 -17.6990 0.0732 0.2000 0.4314 0.3922 0.1961 29.5177 2.0000 
3455 3456 37 1.1010 -1.2217 -17.6990 1.1191 -1.2138 -17.8980 0.0732 0.2000 0.4314 0.3922 0.1961 29.7210 2.0000 
3456 3457 37 1.1191 -1.2138 -17.8980 1.1355 -1.2018 -18.0970 0.0732 0.2000 0.4314 0.3922 0.1961 29.9268 2.0000 
3457 3458 37 1.1355 -1.2018 -18.0970 1.1405 -1.2001 -18.1673 0.0732 0.0706 0.4314 0.3922 0.1961 30.0000 2.0000 
56 3459 38 -0.1381 -0.0827 -7.1409 0.0364 -0.0779 -7.2384 0.0732 0.2000 0.4314 0.3922 0.1961 20.9221 2.0000 
3459 3460 38 0.0364 -0.0779 -7.2384 0.1909 -0.0261 -7.3544 0.0732 0.2000 0.4314 0.3922 0.1961 21.0882 2.0000 
3460 3461 38 0.1909 -0.0261 -7.3544 0.3249 0.0144 -7.4973 0.0732 0.2000 0.4314 0.3922 0.1961 21.2555 2.0000 
3461 3462 38 0.3249 0.0144 -7.4973 0.4390 0.0787 -7.6484 0.0732 0.2000 0.4314 0.3922 0.1961 21.4240 2.0000 
3462 3463 38 0.4390 0.0787 -7.6484 0.5201 0.1697 -7.8070 0.0732 0.2000 0.4314 0.3922 0.1961 21.5938 2.0000 
3463 3464 38 0.5201 0.1697 -7.8070 0.5721 0.2840 -7.9627 0.0732 0.2000 0.4314 0.3922 0.1961 21.7649 2.0000 
3464 3465 38 0.5721 0.2840 -7.9627 0.5873 0.3953 -8.1281 0.0732 0.2000 0.4314 0.3922 0.1961 21.9372 2.0000 
3465 3466 38 0.5873 0.3953 -8.1281 0.6213 0.4685 -8.3111 0.0732 0.2000 0.4314 0.3922 0.1961 22.1109 2.0000 
3466 3467 38 0.6213 0.4685 -8.3111 0.6303 0.5411 -8.4973 0.0732 0.2000 0.4314 0.3922 0.1961 22.2859 2.0000 
3467 3468 38 0.6303 0.5411 -8.4973 0.6270 0.6106 -8.6848 0.0732 0.2000 0.4314 0.3922 0.1961 22.4622 2.0000 
3468 3469 38 0.6270 0.6106 -8.6848 0.6188 0.6724 -8.8748 0.0732 0.2000 0.4314 0.3922 0.1961 22.6400 2.0000 
3469 3470 38 0.6188 0.6724 -8.8748 0.6005 0.6835 -9.0736 0.0732 0.2000 0.4314 0.3922 0.1961 22.8191 2.0000 
3470 3471 38 0.6005 0.6835 -9.0736 0.5814 0.6959 -9.2723 0.0732 0.2000 0.4314 0.3922 0.1961 22.9996 2.0000 
3471 3472 38 0.5814 0.6959 -9.2723 0.5998 0.6961 -9.4715 0.0732 0.2000 0.4314 0.3922 0.1961 23.1816 2.0000 
3472 3473 38 0.5998 0.6961 -9.4715 0.6122 0.6968 -9.6711 0.0732 0.2000 0.4314 0.3922 0.1961 23.3651 2.0000 
3473 3474 38 0.6122 0.6968 -9.6711 0.6160 0.6829 -9.8706 0.0732 0.2000 0.4314 0.3922 0.1961 23.5500 2.0000 
3474 3475 38 0.6160 0.6829 -9.8706 0.6193 0.6572 -10.0689 0.0732 0.2000 0.4314 0.3922 0.1961 23.7365 2.0000 
3475 3476 38 0.6193 0.6572 -10.0689 0.6083 0.6296 -10.2667 0.0732 0.2000 0.4314 0.3922 0.1961 23.9245 2.0000 
3476 3477 38 0.6083 0.6296 -10.2667 0.6138 0.6157 -10.4661 0.0732 0.2000 0.4314 0.3922 0.1961 24.1140 2.0000 
3477 3478 38 0.6138 0.6157 -10.4661 0.6198 0.6041 -10.6657 0.0732 0.2000 0.4314 0.3922 0.1961 24.3052 2.0000 
3478 3479 38 0.6198 0.6041 -10.6657 0.6246 0.5941 -10.8654 0.0732 0.2000 0.4314 0.3922 0.1961 24.4979 2.0000 
3479 3480 38 0.6246 0.5941 -10.8654 0.6555 0.5801 -11.0625 0.0732 0.2000 0.4314 0.3922 0.1961 24.6923 2.0000 
3480 3481 38 0.6555 0.5801 -11.0625 0.6782 0.5573 -11.2599 0.0732 0.2000 0.4314 0.3922 0.1961 24.8884 2.0000 
3481 3482 38 0.6782 0.5573 -11.2599 0.6903 0.5534 -11.4595 0.0732 0.2000 0.4314 0.3922 0.1961 25.0862 2.0000 
3482 3483 38 0.6903 0.5534 -11.4595 0.7018 0.5568 -11.6591 0.0732 0.2000 0.4314 0.3922 0.1961 25.2857 2.0000 
3483 3484 38 0.7018 0.5568 -11.6591 0.7178 0.5637 -11.8584 0.0732 0.2000 0.4314 0.3922 0.1961 25.4869 2.0000 
3484 3485 38 0.7178 0.5637 -11.8584 0.7316 0.5711 -12.0577 0.0732 0.2000 0.4314 0.3922 0.1961 25.6900 2.0000 
3485 3486 38 0.7316 0.5711 -12.0577 0.7280 0.5871 -12.2571 0.0732 0.2000 0.4314 0.3922 0.1961 25.8949 2.0000 
3486 3487 38 0.7280 0.5871 -12.2571 0.7388 0.5914 -12.4567 0.0732 0.2000 0.4314 0.3922 0.1961 26.1016 2.0000 
3487 3488 38 0.7388 0.5914 -12.4567 0.7464 0.5957 -12.6565 0.0732 0.2000 0.4314 0.3922 0.1961 26.3103 2.0000 
3488 3489 38 0.7464 0.5957 -12.6565 0.7436 0.5792 -12.8558 0.0732 0.2000 0.4314 0.3922 0.1961 26.5208 2.0000 
3489 3490 38 0.7436 0.5792 -12.8558 0.7516 0.5649 -13.0552 0.0732 0.2000 0.4314 0.3922 0.1961 26.7334 2.0000 
3490 3491 38 0.7516 0.5649 -13.0552 0.7468 0.5605 -13.2551 0.0732 0.2000 0.4314 0.3922 0.1961 26.9479 2.0000 
3491 3492 38 0.7468 0.5605 -13.2551 0.7292 0.4981 -13.4443 0.0732 0.2000 0.4314 0.3922 0.1961 27.1645 2.0000 
3492 3493 38 0.7292 0.4981 -13.4443 0.6965 0.4527 -13.6363 0.0732 0.2000 0.4314 0.3922 0.1961 27.3831 2.0000 
3493 3494 38 0.6965 0.4527 -13.6363 0.6712 0.4360 -13.8340 0.0732 0.2000 0.4314 0.3922 0.1961 27.6039 2.0000 
3494 3495 38 0.6712 0.4360 -13.8340 0.6587 0.4208 -14.0330 0.0732 0.2000 0.4314 0.3922 0.1961 27.8268 2.0000 
3495 3496 38 0.6587 0.4208 -14.0330 0.6507 0.4250 -14.2328 0.0732 0.2000 0.4314 0.3922 0.1961 28.0519 2.0000 
3496 3497 38 0.6507 0.4250 -14.2328 0.6472 0.4657 -14.4286 0.0732 0.2000 0.4314 0.3922 0.1961 28.2793 2.0000 
3497 3498 38 0.6472 0.4657 -14.4286 0.6403 0.5065 -14.6242 0.0732 0.2000 0.4314 0.3922 0.1961 28.5089 2.0000 
3498 3499 38 0.6403 0.5065 -14.6242 0.6432 0.5423 -14.8210 0.0732 0.2000 0.4314 0.3922 0.1961 28.7409 2.0000 
3499 3500 38 0.6432 0.5423 -14.8210 0.6445 0.5242 -15.0202 0.0732 0.2000 0.4314 0.3922 0.1961 28.9753 2.0000 
3500 3501 38 0.6445 0.5242 -15.0202 0.6511 0.5330 -15.2199 0.0732 0.2000 0.4314 0.3922 0.1961 29.2121 2.0000 
3501 3502 38 0.6511 0.5330 -15.2199 0.6517 0.5234 -15.4196 0.0732 0.2000 0.4314 0.3922 0.1961 29.4514 2.0000 
3502 3503 38 0.6517 0.5234 -15.4196 0.6537 0.5312 -15.6195 0.0732 0.2000 0.4314 0.3922 0.1961 29.6933 2.0000 
3503 3504 38 0.6537 0.5312 -15.6195 0.6522 0.5408 -15.8192 0.0732 0.2000 0.4314 0.3922 0.1961 29.9377 2.0000 
3504 3505 38 0.6522 0.5408 -15.8192 0.6499 0.5448 -15.8697 0.0732 0.0506 0.4314 0.3922 0.1961 30.0000 2.0000 
57 3506 39 -0.1403 -0.0861 -7.2135 -0.1138 0.0902 -7.3039 0.0736 0.2000 0.4314 0.3922 0.1961 20.9475 2.0000 
3506 3507 39 -0.1138 0.0902 -7.3039 -0.0899 0.2682 -7.3921 0.0736 0.2000 0.4314 0.3922 0.1961 21.0324 2.0000 
3507 3508 39 -0.0899 0.2682 -7.3921 -0.0373 0.4377 -7.4842 0.0736 0.2000 0.4314 0.3922 0.1961 21.1179 2.0000 
3508 3509 39 -0.0373 0.4377 -7.4842 0.0233 0.5858 -7.6041 0.0736 0.2000 0.4314 0.3922 0.1961 21.2040 2.0000 
3509 3510 39 0.0233 0.5858 -7.6041 0.0945 0.7061 -7.7472 0.0736 0.2000 0.4314 0.3922 0.1961 21.2907 2.0000 
3510 3511 39 0.0945 0.7061 -7.7472 0.1429 0.7955 -7.9195 0.0736 0.2000 0.4314 0.3922 0.1961 21.3780 2.0000 
3511 3512 39 0.1429 0.7955 -7.9195 0.1422 0.8863 -8.0976 0.0736 0.2000 0.4314 0.3922 0.1961 21.4659 2.0000 
3512 3513 39 0.1422 0.8863 -8.0976 0.1798 0.9276 -8.2897 0.0736 0.2000 0.4314 0.3922 0.1961 21.5544 2.0000 
3513 3514 39 0.1798 0.9276 -8.2897 0.2061 0.9732 -8.4826 0.0736 0.2000 0.4314 0.3922 0.1961 21.6436 2.0000 
3514 3515 39 0.2061 0.9732 -8.4826 0.2362 1.0118 -8.6765 0.0736 0.2000 0.4314 0.3922 0.1961 21.7334 2.0000 
3515 3516 39 0.2362 1.0118 -8.6765 0.2540 1.0335 -8.8746 0.0736 0.2000 0.4314 0.3922 0.1961 21.8239 2.0000 
3516 3517 39 0.2540 1.0335 -8.8746 0.2780 1.0872 -9.0657 0.0736 0.2000 0.4314 0.3922 0.1961 21.9150 2.0000 
3517 3518 39 0.2780 1.0872 -9.0657 0.3129 1.1329 -9.2573 0.0736 0.2000 0.4314 0.3922 0.1961 22.0068 2.0000 
3518 3519 39 0.3129 1.1329 -9.2573 0.3103 1.1634 -9.4549 0.0736 0.2000 0.4314 0.3922 0.1961 22.0993 2.0000 
3519 3520 39 0.3103 1.1634 -9.4549 0.3118 1.1802 -9.6542 0.0736 0.2000 0.4314 0.3922 0.1961 22.1925 2.0000 
3520 3521 39 0.3118 1.1802 -9.6542 0.2989 1.1791 -9.8538 0.0736 0.2000 0.4314 0.3922 0.1961 22.2864 2.0000 
3521 3522 39 0.2989 1.1791 -9.8538 0.3152 1.1937 -10.0526 0.0736 0.2000 0.4314 0.3922 0.1961 22.3810 2.0000 
3522 3523 39 0.3152 1.1937 -10.0526 0.3322 1.2063 -10.2515 0.0736 0.2000 0.4314 0.3922 0.1961 22.4763 2.0000 
3523 3524 39 0.3322 1.2063 -10.2515 0.3474 1.1943 -10.4505 0.0736 0.2000 0.4314 0.3922 0.1961 22.5723 2.0000 
3524 3525 39 0.3474 1.1943 -10.4505 0.3616 1.1824 -10.6497 0.0736 0.2000 0.4314 0.3922 0.1961 22.6691 2.0000 
3525 3526 39 0.3616 1.1824 -10.6497 0.3705 1.2032 -10.8484 0.0736 0.2000 0.4314 0.3922 0.1961 22.7667 2.0000 
3526 3527 39 0.3705 1.2032 -10.8484 0.3857 1.2210 -11.0470 0.0736 0.2000 0.4314 0.3922 0.1961 22.8650 2.0000 
3527 3528 39 0.3857 1.2210 -11.0470 0.3936 1.2455 -11.2453 0.0736 0.2000 0.4314 0.3922 0.1961 22.9641 2.0000 
3528 3529 39 0.3936 1.2455 -11.2453 0.3975 1.2442 -11.4453 0.0736 0.2000 0.4314 0.3922 0.1961 23.0640 2.0000 
3529 3530 39 0.3975 1.2442 -11.4453 0.3979 1.2515 -11.6452 0.0736 0.2000 0.4314 0.3922 0.1961 23.1648 2.0000 
3530 3531 39 0.3979 1.2515 -11.6452 0.3867 1.2570 -11.8448 0.0736 0.2000 0.4314 0.3922 0.1961 23.2663 2.0000 
3531 3532 39 0.3867 1.2570 -11.8448 0.3776 1.2595 -12.0446 0.0736 0.2000 0.4314 0.3922 0.1961 23.3687 2.0000 
3532 3533 39 0.3776 1.2595 -12.0446 0.3686 1.2654 -12.2443 0.0736 0.2000 0.4314 0.3922 0.1961 23.4719 2.0000 
3533 3534 39 0.3686 1.2654 -12.2443 0.3756 1.2583 -12.4440 0.0736 0.2000 0.4314 0.3922 0.1961 23.5760 2.0000 
3534 3535 39 0.3756 1.2583 -12.4440 0.3801 1.2699 -12.6436 0.0736 0.2000 0.4314 0.3922 0.1961 23.6809 2.0000 
3535 3536 39 0.3801 1.2699 -12.6436 0.3546 1.2563 -12.8415 0.0736 0.2000 0.4314 0.3922 0.1961 23.7868 2.0000 
3536 3537 39 0.3546 1.2563 -12.8415 0.3314 1.2225 -13.0373 0.0736 0.2000 0.4314 0.3922 0.1961 23.8935 2.0000 
3537 3538 39 0.3314 1.2225 -13.0373 0.3540 1.1982 -13.2345 0.0736 0.2000 0.4314 0.3922 0.1961 24.0012 2.0000 
3538 3539 39 0.3540 1.1982 -13.2345 0.3686 1.1702 -13.4320 0.0736 0.2000 0.4314 0.3922 0.1961 24.1098 2.0000 
3539 3540 39 0.3686 1.1702 -13.4320 0.3808 1.1481 -13.6304 0.0736 0.2000 0.4314 0.3922 0.1961 24.2194 2.0000 
3540 3541 39 0.3808 1.1481 -13.6304 0.4035 1.1296 -13.8283 0.0736 0.2000 0.4314 0.3922 0.1961 24.3300 2.0000 
3541 3542 39 0.4035 1.1296 -13.8283 0.4059 1.1396 -14.0280 0.0736 0.2000 0.4314 0.3922 0.1961 24.4415 2.0000 
3542 3543 39 0.4059 1.1396 -14.0280 0.3679 1.1549 -14.2238 0.0736 0.2000 0.4314 0.3922 0.1961 24.5541 2.0000 
3543 3544 39 0.3679 1.1549 -14.2238 0.3395 1.1697 -14.4212 0.0736 0.2000 0.4314 0.3922 0.1961 24.6676 2.0000 
3544 3545 39 0.3395 1.1697 -14.4212 0.2806 1.1506 -14.6114 0.0736 0.2000 0.4314 0.3922 0.1961 24.7823 2.0000 
3545 3546 39 0.2806 1.1506 -14.6114 0.2182 1.1330 -14.8006 0.0736 0.2000 0.4314 0.3922 0.1961 24.8979 2.0000 
3546 3547 39 0.2182 1.1330 -14.8006 0.1679 1.1302 -14.9941 0.0736 0.2000 0.4314 0.3922 0.1961 25.0147 2.0000 
3547 3548 39 0.1679 1.1302 -14.9941 0.1266 1.1028 -15.1879 0.0736 0.2000 0.4314 0.3922 0.1961 25.1326 2.0000 
3548 3549 39 0.1266 1.1028 -15.1879 0.0829 1.0801 -15.3817 0.0736 0.2000 0.4314 0.3922 0.1961 25.2516 2.0000 
3549 3550 39 0.0829 1.0801 -15.3817 0.0507 1.0578 -15.5778 0.0736 0.2000 0.4314 0.3922 0.1961 25.3717 2.0000 
3550 3551 39 0.0507 1.0578 -15.5778 0.0274 1.0321 -15.7748 0.0736 0.2000 0.4314 0.3922 0.1961 25.4931 2.0000 
3551 3552 39 0.0274 1.0321 -15.7748 0.0088 1.0103 -15.9727 0.0736 0.2000 0.4314 0.3922 0.1961 25.6156 2.0000 
3552 3553 39 0.0088 1.0103 -15.9727 0.0093 1.0001 -16.1725 0.0736 0.2000 0.4314 0.3922 0.1961 25.7393 2.0000 
3553 3554 39 0.0093 1.0001 -16.1725 0.0247 0.9875 -16.3715 0.0736 0.2000 0.4314 0.3922 0.1961 25.8643 2.0000 
3554 3555 39 0.0247 0.9875 -16.3715 0.0557 0.9778 -16.5688 0.0736 0.2000 0.4314 0.3922 0.1961 25.9905 2.0000 
3555 3556 39 0.0557 0.9778 -16.5688 0.0899 0.9717 -16.7658 0.0736 0.2000 0.4314 0.3922 0.1961 26.1181 2.0000 
3556 3557 39 0.0899 0.9717 -16.7658 0.1021 0.9389 -16.9627 0.0736 0.2000 0.4314 0.3922 0.1961 26.2469 2.0000 
3557 3558 39 0.1021 0.9389 -16.9627 0.1066 0.8993 -17.1587 0.0736 0.2000 0.4314 0.3922 0.1961 26.3771 2.0000 
3558 3559 39 0.1066 0.8993 -17.1587 0.0965 0.8877 -17.3581 0.0736 0.2000 0.4314 0.3922 0.1961 26.5087 2.0000 
3559 3560 39 0.0965 0.8877 -17.3581 0.0700 0.8660 -17.5551 0.0736 0.2000 0.4314 0.3922 0.1961 26.6417 2.0000 
3560 3561 39 0.0700 0.8660 -17.5551 0.0587 0.8719 -17.7547 0.0736 0.2000 0.4314 0.3922 0.1961 26.7761 2.0000 
3561 3562 39 0.0587 0.8719 -17.7547 0.0488 0.8772 -17.9544 0.0736 0.2000 0.4314 0.3922 0.1961 26.9120 2.0000 
3562 3563 39 0.0488 0.8772 -17.9544 0.0301 0.8872 -18.1533 0.0736 0.2000 0.4314 0.3922 0.1961 27.0494 2.0000 
3563 3564 39 0.0301 0.8872 -18.1533 0.0219 0.9220 -18.3501 0.0736 0.2000 0.4314 0.3922 0.1961 27.1883 2.0000 
3564 3565 39 0.0219 0.9220 -18.3501 0.0130 0.9366 -18.5493 0.0736 0.2000 0.4314 0.3922 0.1961 27.3288 2.0000 
3565 3566 39 0.0130 0.9366 -18.5493 0.0017 0.9429 -18.7489 0.0736 0.2000 0.4314 0.3922 0.1961 27.4709 2.0000 
3566 3567 39 0.0017 0.9429 -18.7489 -0.0096 0.9497 -18.9485 0.0736 0.2000 0.4314 0.3922 0.1961 27.6146 2.0000 
3567 3568 39 -0.0096 0.9497 -18.9485 -0.0010 0.9311 -19.1474 0.0736 0.2000 0.4314 0.3922 0.1961 27.7601 2.0000 
3568 3569 39 -0.0010 0.9311 -19.1474 -0.0049 0.9377 -19.3473 0.0736 0.2000 0.4314 0.3922 0.1961 27.9072 2.0000 
3569 3570 39 -0.0049 0.9377 -19.3473 -0.0110 0.9555 -19.5464 0.0736 0.2000 0.4314 0.3922 0.1961 28.0561 2.0000 
3570 3571 39 -0.0110 0.9555 -19.5464 -0.0108 0.9416 -19.7459 0.0736 0.2000 0.4314 0.3922 0.1961 28.2068 2.0000 
3571 3572 39 -0.0108 0.9416 -19.7459 -0.0101 0.9285 -19.9455 0.0736 0.2000 0.4314 0.3922 0.1961 28.3593 2.0000 
3572 3573 39 -0.0101 0.9285 -19.9455 -0.0066 0.9096 -20.1445 0.0736 0.2000 0.4314 0.3922 0.1961 28.5137 2.0000 
3573 3574 39 -0.0066 0.9096 -20.1445 -0.0059 0.9064 -20.3445 0.0736 0.2000 0.4314 0.3922 0.1961 28.6701 2.0000 
3574 3575 39 -0.0059 0.9064 -20.3445 0.0014 0.9062 -20.5444 0.0736 0.2000 0.4314 0.3922 0.1961 28.8284 2.0000 
3575 3576 39 0.0014 0.9062 -20.5444 0.0043 0.9042 -20.7444 0.0736 0.2000 0.4314 0.3922 0.1961 28.9888 2.0000 
3576 3577 39 0.0043 0.9042 -20.7444 0.0060 0.9024 -20.9443 0.0736 0.2000 0.4314 0.3922 0.1961 29.1513 2.0000 
3577 3578 39 0.0060 0.9024 -20.9443 0.0252 0.8976 -21.1434 0.0736 0.2000 0.4314 0.3922 0.1961 29.3160 2.0000 
3578 3579 39 0.0252 0.8976 -21.1434 0.0441 0.8985 -21.3425 0.0736 0.2000 0.4314 0.3922 0.1961 29.4828 2.0000 
3579 3580 39 0.0441 0.8985 -21.3425 0.0626 0.9012 -21.5416 0.0736 0.2000 0.4314 0.3922 0.1961 29.6519 2.0000 
3580 3581 39 0.0626 0.9012 -21.5416 0.0784 0.9065 -21.7409 0.0736 0.2000 0.4314 0.3922 0.1961 29.8234 2.0000 
3581 3582 39 0.0784 0.9065 -21.7409 0.0951 0.9111 -21.9401 0.0736 0.2000 0.4314 0.3922 0.1961 29.9972 2.0000 
3582 3583 39 0.0951 0.9111 -21.9401 0.0954 0.9111 -21.9433 0.0736 0.0032 0.4314 0.3922 0.1961 30.0000 2.0000 
58 3584 40 -0.1604 -0.0900 -7.3642 -0.3406 -0.1629 -7.4112 0.0345 0.2000 0.4314 0.3922 0.1961 21.1804 2.0000 
3584 3585 40 -0.3406 -0.1629 -7.4112 -0.4919 -0.2449 -7.5131 0.0345 0.2000 0.4314 0.3922 0.1961 21.2760 2.0000 
3585 3586 40 -0.4919 -0.2449 -7.5131 -0.6338 -0.3166 -7.6344 0.0345 0.2000 0.4314 0.3922 0.1961 21.3723 2.0000 
3586 3587 40 -0.6338 -0.3166 -7.6344 -0.7742 -0.3899 -7.7565 0.0345 0.2000 0.4314 0.3922 0.1961 21.4693 2.0000 
3587 3588 40 -0.7742 -0.3899 -7.7565 -0.9118 -0.4666 -7.8797 0.0345 0.2000 0.4314 0.3922 0.1961 21.5671 2.0000 
3588 3589 40 -0.9118 -0.4666 -7.8797 -1.0477 -0.4753 -8.0263 0.0345 0.2000 0.4314 0.3922 0.1961 21.6656 2.0000 
3589 3590 40 -1.0477 -0.4753 -8.0263 -1.1796 -0.4963 -8.1751 0.0345 0.2000 0.4314 0.3922 0.1961 21.7649 2.0000 
3590 3591 40 -1.1796 -0.4963 -8.1751 -1.3013 -0.5090 -8.3333 0.0345 0.2000 0.4314 0.3922 0.1961 21.8651 2.0000 
3591 3592 40 -1.3013 -0.5090 -8.3333 -1.3960 -0.5068 -8.5095 0.0345 0.2000 0.4314 0.3922 0.1961 21.9660 2.0000 
3592 3593 40 -1.3960 -0.5068 -8.5095 -1.4876 -0.4976 -8.6870 0.0345 0.2000 0.4314 0.3922 0.1961 22.0678 2.0000 
3593 3594 40 -1.4876 -0.4976 -8.6870 -1.5706 -0.5224 -8.8673 0.0345 0.2000 0.4314 0.3922 0.1961 22.1704 2.0000 
3594 3595 40 -1.5706 -0.5224 -8.8673 -1.6511 -0.5537 -9.0476 0.0345 0.2000 0.4314 0.3922 0.1961 22.2738 2.0000 
3595 3596 40 -1.6511 -0.5537 -9.0476 -1.6835 -0.5822 -9.2429 0.0345 0.2000 0.4314 0.3922 0.1961 22.3781 2.0000 
3596 3597 40 -1.6835 -0.5822 -9.2429 -1.7162 -0.6037 -9.4391 0.0345 0.2000 0.4314 0.3922 0.1961 22.4833 2.0000 
3597 3598 40 -1.7162 -0.6037 -9.4391 -1.7563 -0.6250 -9.6338 0.0345 0.2000 0.4314 0.3922 0.1961 22.5894 2.0000 
3598 3599 40 -1.7563 -0.6250 -9.6338 -1.7874 -0.6419 -9.8307 0.0345 0.2000 0.4314 0.3922 0.1961 22.6963 2.0000 
3599 3600 40 -1.7874 -0.6419 -9.8307 -1.8104 -0.6345 -10.0292 0.0345 0.2000 0.4314 0.3922 0.1961 22.8042 2.0000 
3600 3601 40 -1.8104 -0.6345 -10.0292 -1.8215 -0.6316 -10.2289 0.0345 0.2000 0.4314 0.3922 0.1961 22.9131 2.0000 
3601 3602 40 -1.8215 -0.6316 -10.2289 -1.8197 -0.6124 -10.4280 0.0345 0.2000 0.4314 0.3922 0.1961 23.0229 2.0000 
3602 3603 40 -1.8197 -0.6124 -10.4280 -1.8128 -0.5960 -10.6272 0.0345 0.2000 0.4314 0.3922 0.1961 23.1337 2.0000 
3603 3604 40 -1.8128 -0.5960 -10.6272 -1.8041 -0.5767 -10.8261 0.0345 0.2000 0.4314 0.3922 0.1961 23.2454 2.0000 
3604 3605 40 -1.8041 -0.5767 -10.8261 -1.8193 -0.5626 -11.0250 0.0345 0.2000 0.4314 0.3922 0.1961 23.3582 2.0000 
3605 3606 40 -1.8193 -0.5626 -11.0250 -1.8276 -0.5767 -11.2243 0.0345 0.2000 0.4314 0.3922 0.1961 23.4720 2.0000 
3606 3607 40 -1.8276 -0.5767 -11.2243 -1.8321 -0.5740 -11.4242 0.0345 0.2000 0.4314 0.3922 0.1961 23.5868 2.0000 
3607 3608 40 -1.8321 -0.5740 -11.4242 -1.8238 -0.5443 -11.6219 0.0345 0.2000 0.4314 0.3922 0.1961 23.7028 2.0000 
3608 3609 40 -1.8238 -0.5443 -11.6219 -1.8233 -0.5314 -11.8214 0.0345 0.2000 0.4314 0.3922 0.1961 23.8198 2.0000 
3609 3610 40 -1.8233 -0.5314 -11.8214 -1.8697 -0.5278 -12.0160 0.0345 0.2000 0.4314 0.3922 0.1961 23.9379 2.0000 
3610 3611 40 -1.8697 -0.5278 -12.0160 -1.9031 -0.5340 -12.2131 0.0345 0.2000 0.4314 0.3922 0.1961 24.0571 2.0000 
3611 3612 40 -1.9031 -0.5340 -12.2131 -1.9342 -0.5312 -12.4106 0.0345 0.2000 0.4314 0.3922 0.1961 24.1775 2.0000 
3612 3613 40 -1.9342 -0.5312 -12.4106 -1.9273 -0.5275 -12.6104 0.0345 0.2000 0.4314 0.3922 0.1961 24.2990 2.0000 
3613 3614 40 -1.9273 -0.5275 -12.6104 -1.9190 -0.5311 -12.8102 0.0345 0.2000 0.4314 0.3922 0.1961 24.4217 2.0000 
3614 3615 40 -1.9190 -0.5311 -12.8102 -1.9107 -0.5254 -13.0100 0.0345 0.2000 0.4314 0.3922 0.1961 24.5457 2.0000 
3615 3616 40 -1.9107 -0.5254 -13.0100 -1.9096 -0.5224 -13.2100 0.0345 0.2000 0.4314 0.3922 0.1961 24.6709 2.0000 
3616 3617 40 -1.9096 -0.5224 -13.2100 -1.9445 -0.5169 -13.4068 0.0345 0.2000 0.4314 0.3922 0.1961 24.7973 2.0000 
3617 3618 40 -1.9445 -0.5169 -13.4068 -1.9444 -0.5208 -13.6068 0.0345 0.2000 0.4314 0.3922 0.1961 24.9251 2.0000 
3618 3619 40 -1.9444 -0.5208 -13.6068 -1.9480 -0.5059 -13.8062 0.0345 0.2000 0.4314 0.3922 0.1961 25.0542 2.0000 
3619 3620 40 -1.9480 -0.5059 -13.8062 -1.9612 -0.5278 -14.0045 0.0345 0.2000 0.4314 0.3922 0.1961 25.1846 2.0000 
3620 3621 40 -1.9612 -0.5278 -14.0045 -1.9809 -0.5398 -14.2032 0.0345 0.2000 0.4314 0.3922 0.1961 25.3164 2.0000 
3621 3622 40 -1.9809 -0.5398 -14.2032 -2.0003 -0.5307 -14.4021 0.0345 0.2000 0.4314 0.3922 0.1961 25.4496 2.0000 
3622 3623 40 -2.0003 -0.5307 -14.4021 -2.0314 -0.5367 -14.5995 0.0345 0.2000 0.4314 0.3922 0.1961 25.5842 2.0000 
3623 3624 40 -2.0314 -0.5367 -14.5995 -2.0264 -0.5238 -14.7990 0.0345 0.2000 0.4314 0.3922 0.1961 25.7203 2.0000 
3624 3625 40 -2.0264 -0.5238 -14.7990 -2.0032 -0.5147 -14.9975 0.0345 0.2000 0.4314 0.3922 0.1961 25.8579 2.0000 
3625 3626 40 -2.0032 -0.5147 -14.9975 -1.9802 -0.5276 -15.1957 0.0345 0.2000 0.4314 0.3922 0.1961 25.9970 2.0000 
3626 3627 40 -1.9802 -0.5276 -15.1957 -1.9638 -0.5421 -15.3945 0.0345 0.2000 0.4314 0.3922 0.1961 26.1377 2.0000 
3627 3628 40 -1.9638 -0.5421 -15.3945 -1.9573 -0.5362 -15.5944 0.0345 0.2000 0.4314 0.3922 0.1961 26.2800 2.0000 
3628 3629 40 -1.9573 -0.5362 -15.5944 -1.9545 -0.5417 -15.7943 0.0345 0.2000 0.4314 0.3922 0.1961 26.4240 2.0000 
3629 3630 40 -1.9545 -0.5417 -15.7943 -1.9547 -0.5371 -15.9942 0.0345 0.2000 0.4314 0.3922 0.1961 26.5696 2.0000 
3630 3631 40 -1.9547 -0.5371 -15.9942 -1.9369 -0.5220 -16.1928 0.0345 0.2000 0.4314 0.3922 0.1961 26.7169 2.0000 
3631 3632 40 -1.9369 -0.5220 -16.1928 -1.9247 -0.5216 -16.3925 0.0345 0.2000 0.4314 0.3922 0.1961 26.8660 2.0000 
3632 3633 40 -1.9247 -0.5216 -16.3925 -1.9136 -0.5138 -16.5920 0.0345 0.2000 0.4314 0.3922 0.1961 27.0168 2.0000 
3633 3634 40 -1.9136 -0.5138 -16.5920 -1.9021 -0.5029 -16.7914 0.0345 0.2000 0.4314 0.3922 0.1961 27.1696 2.0000 
3634 3635 40 -1.9021 -0.5029 -16.7914 -1.9018 -0.4939 -16.9912 0.0345 0.2000 0.4314 0.3922 0.1961 27.3242 2.0000 
3635 3636 40 -1.9018 -0.4939 -16.9912 -1.9035 -0.4955 -17.1912 0.0345 0.2000 0.4314 0.3922 0.1961 27.4807 2.0000 
3636 3637 40 -1.9035 -0.4955 -17.1912 -1.9093 -0.4943 -17.3911 0.0345 0.2000 0.4314 0.3922 0.1961 27.6393 2.0000 
3637 3638 40 -1.9093 -0.4943 -17.3911 -1.8943 -0.4921 -17.5905 0.0345 0.2000 0.4314 0.3922 0.1961 27.7998 2.0000 
3638 3639 40 -1.8943 -0.4921 -17.5905 -1.8793 -0.4895 -17.7899 0.0345 0.2000 0.4314 0.3922 0.1961 27.9625 2.0000 
3639 3640 40 -1.8793 -0.4895 -17.7899 -1.8669 -0.4980 -17.9894 0.0345 0.2000 0.4314 0.3922 0.1961 28.1273 2.0000 
3640 3641 40 -1.8669 -0.4980 -17.9894 -1.8704 -0.5065 -18.1891 0.0345 0.2000 0.4314 0.3922 0.1961 28.2943 2.0000 
3641 3642 40 -1.8704 -0.5065 -18.1891 -1.8673 -0.5069 -18.3891 0.0345 0.2000 0.4314 0.3922 0.1961 28.4636 2.0000 
3642 3643 40 -1.8673 -0.5069 -18.3891 -1.8664 -0.5090 -18.5891 0.0345 0.2000 0.4314 0.3922 0.1961 28.6352 2.0000 
3643 3644 40 -1.8664 -0.5090 -18.5891 -1.8718 -0.5044 -18.7890 0.0345 0.2000 0.4314 0.3922 0.1961 28.8091 2.0000 
3644 3645 40 -1.8718 -0.5044 -18.7890 -1.8576 -0.4935 -18.9882 0.0345 0.2000 0.4314 0.3922 0.1961 28.9856 2.0000 
3645 3646 40 -1.8576 -0.4935 -18.9882 -1.8636 -0.4935 -19.1881 0.0345 0.2000 0.4314 0.3922 0.1961 29.1645 2.0000 
3646 3647 40 -1.8636 -0.4935 -19.1881 -1.8639 -0.5106 -19.3874 0.0345 0.2000 0.4314 0.3922 0.1961 29.3461 2.0000 
3647 3648 40 -1.8639 -0.5106 -19.3874 -1.8552 -0.5143 -19.5871 0.0345 0.2000 0.4314 0.3922 0.1961 29.5303 2.0000 
3648 3649 40 -1.8552 -0.5143 -19.5871 -1.8455 -0.5101 -19.7868 0.0345 0.2000 0.4314 0.3922 0.1961 29.7173 2.0000 
3649 3650 40 -1.8455 -0.5101 -19.7868 -1.8443 -0.5059 -19.9868 0.0345 0.2000 0.4314 0.3922 0.1961 29.9071 2.0000 
3650 3651 40 -1.8443 -0.5059 -19.9868 -1.8435 -0.5013 -20.0834 0.0345 0.0968 0.4314 0.3922 0.1961 30.0000 2.0000 
59 3652 41 -0.1649 -0.0981 -7.5150 -0.3045 -0.2130 -7.6006 0.0787 0.2000 0.4314 0.3922 0.1961 21.4350 2.0000 
3652 3653 41 -0.3045 -0.2130 -7.6006 -0.4169 -0.3454 -7.6997 0.0787 0.2000 0.4314 0.3922 0.1961 21.5631 2.0000 
3653 3654 41 -0.4169 -0.3454 -7.6997 -0.5231 -0.4719 -7.8125 0.0787 0.2000 0.4314 0.3922 0.1961 21.6922 2.0000 
3654 3655 41 -0.5231 -0.4719 -7.8125 -0.6454 -0.5688 -7.9376 0.0787 0.2000 0.4314 0.3922 0.1961 21.8221 2.0000 
3655 3656 41 -0.6454 -0.5688 -7.9376 -0.7499 -0.6589 -8.0824 0.0787 0.2000 0.4314 0.3922 0.1961 21.9530 2.0000 
3656 3657 41 -0.7499 -0.6589 -8.0824 -0.8683 -0.7568 -8.2104 0.0787 0.2000 0.4314 0.3922 0.1961 22.0849 2.0000 
3657 3658 41 -0.8683 -0.7568 -8.2104 -0.9870 -0.8113 -8.3619 0.0787 0.2000 0.4314 0.3922 0.1961 22.2177 2.0000 
3658 3659 41 -0.9870 -0.8113 -8.3619 -1.0932 -0.8586 -8.5246 0.0787 0.2000 0.4314 0.3922 0.1961 22.3515 2.0000 
3659 3660 41 -1.0932 -0.8586 -8.5246 -1.1869 -0.8938 -8.6978 0.0787 0.2000 0.4314 0.3922 0.1961 22.4863 2.0000 
3660 3661 41 -1.1869 -0.8938 -8.6978 -1.2664 -0.9146 -8.8801 0.0787 0.2000 0.4314 0.3922 0.1961 22.6221 2.0000 
3661 3662 41 -1.2664 -0.9146 -8.8801 -1.3473 -0.9323 -9.0621 0.0787 0.2000 0.4314 0.3922 0.1961 22.7590 2.0000 
3662 3663 41 -1.3473 -0.9323 -9.0621 -1.4273 -0.9076 -9.2438 0.0787 0.2000 0.4314 0.3922 0.1961 22.8969 2.0000 
3663 3664 41 -1.4273 -0.9076 -9.2438 -1.4726 -0.9078 -9.4386 0.0787 0.2000 0.4314 0.3922 0.1961 23.0359 2.0000 
3664 3665 41 -1.4726 -0.9078 -9.4386 -1.5001 -0.9055 -9.6367 0.0787 0.2000 0.4314 0.3922 0.1961 23.1759 2.0000 
3665 3666 41 -1.5001 -0.9055 -9.6367 -1.5313 -0.8976 -9.8341 0.0787 0.2000 0.4314 0.3922 0.1961 23.3171 2.0000 
3666 3667 41 -1.5313 -0.8976 -9.8341 -1.5462 -0.8971 -10.0335 0.0787 0.2000 0.4314 0.3922 0.1961 23.4593 2.0000 
3667 3668 41 -1.5462 -0.8971 -10.0335 -1.5964 -0.9043 -10.2270 0.0787 0.2000 0.4314 0.3922 0.1961 23.6027 2.0000 
3668 3669 41 -1.5964 -0.9043 -10.2270 -1.6474 -0.9050 -10.4204 0.0787 0.2000 0.4314 0.3922 0.1961 23.7472 2.0000 
3669 3670 41 -1.6474 -0.9050 -10.4204 -1.6726 -0.8851 -10.6178 0.0787 0.2000 0.4314 0.3922 0.1961 23.8929 2.0000 
3670 3671 41 -1.6726 -0.8851 -10.6178 -1.7026 -0.8701 -10.8149 0.0787 0.2000 0.4314 0.3922 0.1961 24.0398 2.0000 
3671 3672 41 -1.7026 -0.8701 -10.8149 -1.7318 -0.8598 -11.0125 0.0787 0.2000 0.4314 0.3922 0.1961 24.1879 2.0000 
3672 3673 41 -1.7318 -0.8598 -11.0125 -1.7218 -0.8309 -11.2102 0.0787 0.2000 0.4314 0.3922 0.1961 24.3372 2.0000 
3673 3674 41 -1.7218 -0.8309 -11.2102 -1.7093 -0.8256 -11.4097 0.0787 0.2000 0.4314 0.3922 0.1961 24.4878 2.0000 
3674 3675 41 -1.7093 -0.8256 -11.4097 -1.7001 -0.8204 -11.6094 0.0787 0.2000 0.4314 0.3922 0.1961 24.6396 2.0000 
3675 3676 41 -1.7001 -0.8204 -11.6094 -1.6747 -0.8268 -11.8077 0.0787 0.2000 0.4314 0.3922 0.1961 24.7927 2.0000 
3676 3677 41 -1.6747 -0.8268 -11.8077 -1.6520 -0.8290 -12.0064 0.0787 0.2000 0.4314 0.3922 0.1961 24.9472 2.0000 
3677 3678 41 -1.6520 -0.8290 -12.0064 -1.6704 -0.8084 -12.2045 0.0787 0.2000 0.4314 0.3922 0.1961 25.1029 2.0000 
3678 3679 41 -1.6704 -0.8084 -12.2045 -1.6547 -0.7852 -12.4025 0.0787 0.2000 0.4314 0.3922 0.1961 25.2600 2.0000 
3679 3680 41 -1.6547 -0.7852 -12.4025 -1.6428 -0.7579 -12.6003 0.0787 0.2000 0.4314 0.3922 0.1961 25.4185 2.0000 
3680 3681 41 -1.6428 -0.7579 -12.6003 -1.6234 -0.7388 -12.7984 0.0787 0.2000 0.4314 0.3922 0.1961 25.5784 2.0000 
3681 3682 41 -1.6234 -0.7388 -12.7984 -1.6000 -0.7583 -12.9961 0.0787 0.2000 0.4314 0.3922 0.1961 25.7398 2.0000 
3682 3683 41 -1.6000 -0.7583 -12.9961 -1.5801 -0.7384 -13.1941 0.0787 0.2000 0.4314 0.3922 0.1961 25.9026 2.0000 
3683 3684 41 -1.5801 -0.7384 -13.1941 -1.5794 -0.7282 -13.3938 0.0787 0.2000 0.4314 0.3922 0.1961 26.0668 2.0000 
3684 3685 41 -1.5794 -0.7282 -13.3938 -1.5519 -0.6943 -13.5890 0.0787 0.2000 0.4314 0.3922 0.1961 26.2326 2.0000 
3685 3686 41 -1.5519 -0.6943 -13.5890 -1.5143 -0.6976 -13.7854 0.0787 0.2000 0.4314 0.3922 0.1961 26.3999 2.0000 
3686 3687 41 -1.5143 -0.6976 -13.7854 -1.5187 -0.7360 -13.9816 0.0787 0.2000 0.4314 0.3922 0.1961 26.5688 2.0000 
3687 3688 41 -1.5187 -0.7360 -13.9816 -1.4964 -0.7687 -14.1777 0.0787 0.2000 0.4314 0.3922 0.1961 26.7393 2.0000 
3688 3689 41 -1.4964 -0.7687 -14.1777 -1.4815 -0.7931 -14.3756 0.0787 0.2000 0.4314 0.3922 0.1961 26.9114 2.0000 
3689 3690 41 -1.4815 -0.7931 -14.3756 -1.4754 -0.7901 -14.5755 0.0787 0.2000 0.4314 0.3922 0.1961 27.0852 2.0000 
3690 3691 41 -1.4754 -0.7901 -14.5755 -1.4650 -0.7891 -14.7752 0.0787 0.2000 0.4314 0.3922 0.1961 27.2606 2.0000 
3691 3692 41 -1.4650 -0.7891 -14.7752 -1.4729 -0.7844 -14.9750 0.0787 0.2000 0.4314 0.3922 0.1961 27.4378 2.0000 
3692 3693 41 -1.4729 -0.7844 -14.9750 -1.4881 -0.7801 -15.1744 0.0787 0.2000 0.4314 0.3922 0.1961 27.6167 2.0000 
3693 3694 41 -1.4881 -0.7801 -15.1744 -1.5031 -0.7755 -15.3738 0.0787 0.2000 0.4314 0.3922 0.1961 27.7975 2.0000 
3694 3695 41 -1.5031 -0.7755 -15.3738 -1.5162 -0.7706 -15.5733 0.0787 0.2000 0.4314 0.3922 0.1961 27.9800 2.0000 
3695 3696 41 -1.5162 -0.7706 -15.5733 -1.5078 -0.7917 -15.7720 0.0787 0.2000 0.4314 0.3922 0.1961 28.1644 2.0000 
3696 3697 41 -1.5078 -0.7917 -15.7720 -1.5015 -0.7853 -15.9718 0.0787 0.2000 0.4314 0.3922 0.1961 28.3508 2.0000 
3697 3698 41 -1.5015 -0.7853 -15.9718 -1.4770 -0.7953 -16.1700 0.0787 0.2000 0.4314 0.3922 0.1961 28.5390 2.0000 
3698 3699 41 -1.4770 -0.7953 -16.1700 -1.4597 -0.8172 -16.3681 0.0787 0.2000 0.4314 0.3922 0.1961 28.7293 2.0000 
3699 3700 41 -1.4597 -0.8172 -16.3681 -1.4469 -0.8333 -16.5670 0.0787 0.2000 0.4314 0.3922 0.1961 28.9216 2.0000 
3700 3701 41 -1.4469 -0.8333 -16.5670 -1.4491 -0.8442 -16.7667 0.0787 0.2000 0.4314 0.3922 0.1961 29.1159 2.0000 
3701 3702 41 -1.4491 -0.8442 -16.7667 -1.4360 -0.8680 -16.9649 0.0787 0.2000 0.4314 0.3922 0.1961 29.3124 2.0000 
3702 3703 41 -1.4360 -0.8680 -16.9649 -1.4296 -0.8652 -17.1647 0.0787 0.2000 0.4314 0.3922 0.1961 29.5110 2.0000 
3703 3704 41 -1.4296 -0.8652 -17.1647 -1.4164 -0.8599 -17.3642 0.0787 0.2000 0.4314 0.3922 0.1961 29.7119 2.0000 
3704 3705 41 -1.4164 -0.8599 -17.3642 -1.4104 -0.8465 -17.5637 0.0787 0.2000 0.4314 0.3922 0.1961 29.9150 2.0000 
3705 3706 41 -1.4104 -0.8465 -17.5637 -1.4150 -0.8408 -17.6464 0.0787 0.0831 0.4314 0.3922 0.1961 30.0000 2.0000 
61 3707 42 -0.1763 -0.0960 -7.8192 0.0075 -0.0819 -7.8967 0.0575 0.2000 0.4314 0.3922 0.1961 21.8224 2.0000 
3707 3708 42 0.0075 -0.0819 -7.8967 0.1838 -0.1103 -7.9868 0.0575 0.2000 0.4314 0.3922 0.1961 21.8864 2.0000 
3708 3709 42 0.1838 -0.1103 -7.9868 0.3582 -0.1596 -8.0713 0.0575 0.2000 0.4314 0.3922 0.1961 21.9509 2.0000 
3709 3710 42 0.3582 -0.1596 -8.0713 0.5223 -0.2004 -8.1781 0.0575 0.2000 0.4314 0.3922 0.1961 22.0158 2.0000 
3710 3711 42 0.5223 -0.2004 -8.1781 0.6855 -0.2316 -8.2895 0.0575 0.2000 0.4314 0.3922 0.1961 22.0811 2.0000 
3711 3712 42 0.6855 -0.2316 -8.2895 0.8365 -0.2396 -8.4203 0.0575 0.2000 0.4314 0.3922 0.1961 22.1469 2.0000 
3712 3713 42 0.8365 -0.2396 -8.4203 0.9877 -0.2490 -8.5509 0.0575 0.2000 0.4314 0.3922 0.1961 22.2132 2.0000 
3713 3714 42 0.9877 -0.2490 -8.5509 1.1089 -0.2475 -8.7100 0.0575 0.2000 0.4314 0.3922 0.1961 22.2798 2.0000 
3714 3715 42 1.1089 -0.2475 -8.7100 1.2236 -0.2634 -8.8731 0.0575 0.2000 0.4314 0.3922 0.1961 22.3470 2.0000 
3715 3716 42 1.2236 -0.2634 -8.8731 1.3188 -0.2733 -9.0487 0.0575 0.2000 0.4314 0.3922 0.1961 22.4146 2.0000 
3716 3717 42 1.3188 -0.2733 -9.0487 1.4065 -0.2842 -9.2281 0.0575 0.2000 0.4314 0.3922 0.1961 22.4827 2.0000 
3717 3718 42 1.4065 -0.2842 -9.2281 1.4854 -0.3217 -9.4080 0.0575 0.2000 0.4314 0.3922 0.1961 22.5512 2.0000 
3718 3719 42 1.4854 -0.3217 -9.4080 1.5644 -0.3598 -9.5877 0.0575 0.2000 0.4314 0.3922 0.1961 22.6203 2.0000 
3719 3720 42 1.5644 -0.3598 -9.5877 1.6332 -0.3937 -9.7724 0.0575 0.2000 0.4314 0.3922 0.1961 22.6898 2.0000 
3720 3721 42 1.6332 -0.3937 -9.7724 1.6916 -0.4107 -9.9630 0.0575 0.2000 0.4314 0.3922 0.1961 22.7599 2.0000 
3721 3722 42 1.6916 -0.4107 -9.9630 1.7378 -0.4285 -10.1568 0.0575 0.2000 0.4314 0.3922 0.1961 22.8304 2.0000 
3722 3723 42 1.7378 -0.4285 -10.1568 1.7585 -0.4492 -10.3546 0.0575 0.2000 0.4314 0.3922 0.1961 22.9015 2.0000 
3723 3724 42 1.7585 -0.4492 -10.3546 1.7674 -0.4609 -10.5541 0.0575 0.2000 0.4314 0.3922 0.1961 22.9731 2.0000 
3724 3725 42 1.7674 -0.4609 -10.5541 1.7565 -0.4528 -10.7536 0.0575 0.2000 0.4314 0.3922 0.1961 23.0452 2.0000 
3725 3726 42 1.7565 -0.4528 -10.7536 1.7456 -0.4451 -10.9532 0.0575 0.2000 0.4314 0.3922 0.1961 23.1178 2.0000 
3726 3727 42 1.7456 -0.4451 -10.9532 1.7361 -0.4370 -11.1528 0.0575 0.2000 0.4314 0.3922 0.1961 23.1910 2.0000 
3727 3728 42 1.7361 -0.4370 -11.1528 1.7312 -0.4298 -11.3526 0.0575 0.2000 0.4314 0.3922 0.1961 23.2648 2.0000 
3728 3729 42 1.7312 -0.4298 -11.3526 1.7258 -0.4219 -11.5523 0.0575 0.2000 0.4314 0.3922 0.1961 23.3391 2.0000 
3729 3730 42 1.7258 -0.4219 -11.5523 1.7076 -0.4112 -11.7512 0.0575 0.2000 0.4314 0.3922 0.1961 23.4140 2.0000 
3730 3731 42 1.7076 -0.4112 -11.7512 1.6928 -0.3969 -11.9502 0.0575 0.2000 0.4314 0.3922 0.1961 23.4894 2.0000 
3731 3732 42 1.6928 -0.3969 -11.9502 1.6956 -0.4027 -12.1501 0.0575 0.2000 0.4314 0.3922 0.1961 23.5655 2.0000 
3732 3733 42 1.6956 -0.4027 -12.1501 1.6949 -0.4140 -12.3497 0.0575 0.2000 0.4314 0.3922 0.1961 23.6422 2.0000 
3733 3734 42 1.6949 -0.4140 -12.3497 1.6881 -0.4449 -12.5472 0.0575 0.2000 0.4314 0.3922 0.1961 23.7194 2.0000 
3734 3735 42 1.6881 -0.4449 -12.5472 1.6823 -0.4695 -12.7456 0.0575 0.2000 0.4314 0.3922 0.1961 23.7973 2.0000 
3735 3736 42 1.6823 -0.4695 -12.7456 1.6928 -0.4868 -12.9446 0.0575 0.2000 0.4314 0.3922 0.1961 23.8758 2.0000 
3736 3737 42 1.6928 -0.4868 -12.9446 1.6808 -0.5097 -13.1429 0.0575 0.2000 0.4314 0.3922 0.1961 23.9550 2.0000 
3737 3738 42 1.6808 -0.5097 -13.1429 1.6983 -0.5132 -13.3421 0.0575 0.2000 0.4314 0.3922 0.1961 24.0347 2.0000 
3738 3739 42 1.6983 -0.5132 -13.3421 1.7167 -0.5089 -13.5412 0.0575 0.2000 0.4314 0.3922 0.1961 24.1152 2.0000 
3739 3740 42 1.7167 -0.5089 -13.5412 1.7582 -0.5168 -13.7367 0.0575 0.2000 0.4314 0.3922 0.1961 24.1963 2.0000 
3740 3741 42 1.7582 -0.5168 -13.7367 1.7920 -0.5222 -13.9338 0.0575 0.2000 0.4314 0.3922 0.1961 24.2781 2.0000 
3741 3742 42 1.7920 -0.5222 -13.9338 1.7761 -0.5462 -14.1317 0.0575 0.2000 0.4314 0.3922 0.1961 24.3606 2.0000 
3742 3743 42 1.7761 -0.5462 -14.1317 1.7685 -0.5674 -14.3304 0.0575 0.2000 0.4314 0.3922 0.1961 24.4438 2.0000 
3743 3744 42 1.7685 -0.5674 -14.3304 1.7831 -0.5714 -14.5298 0.0575 0.2000 0.4314 0.3922 0.1961 24.5277 2.0000 
3744 3745 42 1.7831 -0.5714 -14.5298 1.7733 -0.5994 -14.7276 0.0575 0.2000 0.4314 0.3922 0.1961 24.6124 2.0000 
3745 3746 42 1.7733 -0.5994 -14.7276 1.7703 -0.6270 -14.9257 0.0575 0.2000 0.4314 0.3922 0.1961 24.6978 2.0000 
3746 3747 42 1.7703 -0.6270 -14.9257 1.7773 -0.6504 -15.1242 0.0575 0.2000 0.4314 0.3922 0.1961 24.7839 2.0000 
3747 3748 42 1.7773 -0.6504 -15.1242 1.7858 -0.6702 -15.3230 0.0575 0.2000 0.4314 0.3922 0.1961 24.8708 2.0000 
3748 3749 42 1.7858 -0.6702 -15.3230 1.7814 -0.6870 -15.5223 0.0575 0.2000 0.4314 0.3922 0.1961 24.9585 2.0000 
3749 3750 42 1.7814 -0.6870 -15.5223 1.7882 -0.6818 -15.7221 0.0575 0.2000 0.4314 0.3922 0.1961 25.0470 2.0000 
3750 3751 42 1.7882 -0.6818 -15.7221 1.7970 -0.6729 -15.9217 0.0575 0.2000 0.4314 0.3922 0.1961 25.1363 2.0000 
3751 3752 42 1.7970 -0.6729 -15.9217 1.7890 -0.6694 -16.1215 0.0575 0.2000 0.4314 0.3922 0.1961 25.2264 2.0000 
3752 3753 42 1.7890 -0.6694 -16.1215 1.7794 -0.6685 -16.3213 0.0575 0.2000 0.4314 0.3922 0.1961 25.3174 2.0000 
3753 3754 42 1.7794 -0.6685 -16.3213 1.7758 -0.6717 -16.5212 0.0575 0.2000 0.4314 0.3922 0.1961 25.4092 2.0000 
3754 3755 42 1.7758 -0.6717 -16.5212 1.7604 -0.6591 -16.7202 0.0575 0.2000 0.4314 0.3922 0.1961 25.5019 2.0000 
3755 3756 42 1.7604 -0.6591 -16.7202 1.7622 -0.6759 -16.9195 0.0575 0.2000 0.4314 0.3922 0.1961 25.5955 2.0000 
3756 3757 42 1.7622 -0.6759 -16.9195 1.7657 -0.6652 -17.1192 0.0575 0.2000 0.4314 0.3922 0.1961 25.6900 2.0000 
3757 3758 42 1.7657 -0.6652 -17.1192 1.7609 -0.6449 -17.3181 0.0575 0.2000 0.4314 0.3922 0.1961 25.7855 2.0000 
3758 3759 42 1.7609 -0.6449 -17.3181 1.7672 -0.6124 -17.5153 0.0575 0.2000 0.4314 0.3922 0.1961 25.8818 2.0000 
3759 3760 42 1.7672 -0.6124 -17.5153 1.7819 -0.5653 -17.7091 0.0575 0.2000 0.4314 0.3922 0.1961 25.9792 2.0000 
3760 3761 42 1.7819 -0.5653 -17.7091 1.7946 -0.5129 -17.9017 0.0575 0.2000 0.4314 0.3922 0.1961 26.0775 2.0000 
3761 3762 42 1.7946 -0.5129 -17.9017 1.8025 -0.5423 -18.0994 0.0575 0.2000 0.4314 0.3922 0.1961 26.1768 2.0000 
3762 3763 42 1.8025 -0.5423 -18.0994 1.7979 -0.5536 -18.2990 0.0575 0.2000 0.4314 0.3922 0.1961 26.2771 2.0000 
3763 3764 42 1.7979 -0.5536 -18.2990 1.7974 -0.5660 -18.4986 0.0575 0.2000 0.4314 0.3922 0.1961 26.3785 2.0000 
3764 3765 42 1.7974 -0.5660 -18.4986 1.8031 -0.5800 -18.6981 0.0575 0.2000 0.4314 0.3922 0.1961 26.4810 2.0000 
3765 3766 42 1.8031 -0.5800 -18.6981 1.8119 -0.5772 -18.8979 0.0575 0.2000 0.4314 0.3922 0.1961 26.5845 2.0000 
3766 3767 42 1.8119 -0.5772 -18.8979 1.8100 -0.5726 -19.0978 0.0575 0.2000 0.4314 0.3922 0.1961 26.6892 2.0000 
3767 3768 42 1.8100 -0.5726 -19.0978 1.8165 -0.5558 -19.2970 0.0575 0.2000 0.4314 0.3922 0.1961 26.7950 2.0000 
3768 3769 42 1.8165 -0.5558 -19.2970 1.8207 -0.5440 -19.4966 0.0575 0.2000 0.4314 0.3922 0.1961 26.9019 2.0000 
3769 3770 42 1.8207 -0.5440 -19.4966 1.8242 -0.5324 -19.6962 0.0575 0.2000 0.4314 0.3922 0.1961 27.0101 2.0000 
3770 3771 42 1.8242 -0.5324 -19.6962 1.8182 -0.5328 -19.8961 0.0575 0.2000 0.4314 0.3922 0.1961 27.1194 2.0000 
3771 3772 42 1.8182 -0.5328 -19.8961 1.8064 -0.5358 -20.0958 0.0575 0.2000 0.4314 0.3922 0.1961 27.2300 2.0000 
3772 3773 42 1.8064 -0.5358 -20.0958 1.7991 -0.5492 -20.2952 0.0575 0.2000 0.4314 0.3922 0.1961 27.3419 2.0000 
3773 3774 42 1.7991 -0.5492 -20.2952 1.7824 -0.5585 -20.4943 0.0575 0.2000 0.4314 0.3922 0.1961 27.4550 2.0000 
3774 3775 42 1.7824 -0.5585 -20.4943 1.7777 -0.5306 -20.6923 0.0575 0.2000 0.4314 0.3922 0.1961 27.5695 2.0000 
3775 3776 42 1.7777 -0.5306 -20.6923 1.8170 -0.5011 -20.8861 0.0575 0.2000 0.4314 0.3922 0.1961 27.6854 2.0000 
3776 3777 42 1.8170 -0.5011 -20.8861 1.8591 -0.4841 -21.0809 0.0575 0.2000 0.4314 0.3922 0.1961 27.8026 2.0000 
3777 3778 42 1.8591 -0.4841 -21.0809 1.8877 -0.4709 -21.2784 0.0575 0.2000 0.4314 0.3922 0.1961 27.9213 2.0000 
3778 3779 42 1.8877 -0.4709 -21.2784 1.8775 -0.4767 -21.4781 0.0575 0.2000 0.4314 0.3922 0.1961 28.0414 2.0000 
3779 3780 42 1.8775 -0.4767 -21.4781 1.8652 -0.4721 -21.6776 0.0575 0.2000 0.4314 0.3922 0.1961 28.1631 2.0000 
3780 3781 42 1.8652 -0.4721 -21.6776 1.8509 -0.4523 -21.8761 0.0575 0.2000 0.4314 0.3922 0.1961 28.2863 2.0000 
3781 3782 42 1.8509 -0.4523 -21.8761 1.8385 -0.4461 -22.0757 0.0575 0.2000 0.4314 0.3922 0.1961 28.4110 2.0000 
3782 3783 42 1.8385 -0.4461 -22.0757 1.8226 -0.4306 -22.2744 0.0575 0.2000 0.4314 0.3922 0.1961 28.5374 2.0000 
3783 3784 42 1.8226 -0.4306 -22.2744 1.8203 -0.4249 -22.4743 0.0575 0.2000 0.4314 0.3922 0.1961 28.6654 2.0000 
3784 3785 42 1.8203 -0.4249 -22.4743 1.8161 -0.4191 -22.6742 0.0575 0.2000 0.4314 0.3922 0.1961 28.7952 2.0000 
3785 3786 42 1.8161 -0.4191 -22.6742 1.8176 -0.4162 -22.8742 0.0575 0.2000 0.4314 0.3922 0.1961 28.9267 2.0000 
3786 3787 42 1.8176 -0.4162 -22.8742 1.8244 -0.3969 -23.0731 0.0575 0.2000 0.4314 0.3922 0.1961 29.0599 2.0000 
3787 3788 42 1.8244 -0.3969 -23.0731 1.8159 -0.3854 -23.2726 0.0575 0.2000 0.4314 0.3922 0.1961 29.1951 2.0000 
3788 3789 42 1.8159 -0.3854 -23.2726 1.8108 -0.3757 -23.4723 0.0575 0.2000 0.4314 0.3922 0.1961 29.3321 2.0000 
3789 3790 42 1.8108 -0.3757 -23.4723 1.8257 -0.3745 -23.6718 0.0575 0.2000 0.4314 0.3922 0.1961 29.4711 2.0000 
3790 3791 42 1.8257 -0.3745 -23.6718 1.8380 -0.3705 -23.8713 0.0575 0.2000 0.4314 0.3922 0.1961 29.6121 2.0000 
3791 3792 42 1.8380 -0.3705 -23.8713 1.8490 -0.3614 -24.0708 0.0575 0.2000 0.4314 0.3922 0.1961 29.7552 2.0000 
3792 3793 42 1.8490 -0.3614 -24.0708 1.8540 -0.3783 -24.2701 0.0575 0.2000 0.4314 0.3922 0.1961 29.9004 2.0000 
3793 3794 42 1.8540 -0.3783 -24.2701 1.8569 -0.3909 -24.4049 0.0575 0.1354 0.4314 0.3922 0.1961 30.0000 2.0000 
63 3795 43 -0.1876 -0.0906 -8.0680 -0.3393 -0.1784 -8.1642 0.0774 0.2000 0.4314 0.3922 0.1961 22.2293 2.0000 
3795 3796 43 -0.3393 -0.1784 -8.1642 -0.4595 -0.2911 -8.2777 0.0774 0.2000 0.4314 0.3922 0.1961 22.3281 2.0000 
3796 3797 43 -0.4595 -0.2911 -8.2777 -0.5638 -0.3898 -8.4168 0.0774 0.2000 0.4314 0.3922 0.1961 22.4275 2.0000 
3797 3798 43 -0.5638 -0.3898 -8.4168 -0.6426 -0.4829 -8.5753 0.0774 0.2000 0.4314 0.3922 0.1961 22.5276 2.0000 
3798 3799 43 -0.6426 -0.4829 -8.5753 -0.7225 -0.5762 -8.7332 0.0774 0.2000 0.4314 0.3922 0.1961 22.6283 2.0000 
3799 3800 43 -0.7225 -0.5762 -8.7332 -0.7657 -0.6451 -8.9159 0.0774 0.2000 0.4314 0.3922 0.1961 22.7296 2.0000 
3800 3801 43 -0.7657 -0.6451 -8.9159 -0.8199 -0.7003 -9.1003 0.0774 0.2000 0.4314 0.3922 0.1961 22.8315 2.0000 
3801 3802 43 -0.8199 -0.7003 -9.1003 -0.8758 -0.7412 -9.2880 0.0774 0.2000 0.4314 0.3922 0.1961 22.9341 2.0000 
3802 3803 43 -0.8758 -0.7412 -9.2880 -0.9222 -0.7552 -9.4820 0.0774 0.2000 0.4314 0.3922 0.1961 23.0374 2.0000 
3803 3804 43 -0.9222 -0.7552 -9.4820 -0.9112 -0.8062 -9.6751 0.0774 0.2000 0.4314 0.3922 0.1961 23.1413 2.0000 
3804 3805 43 -0.9112 -0.8062 -9.6751 -0.8964 -0.8589 -9.8674 0.0774 0.2000 0.4314 0.3922 0.1961 23.2460 2.0000 
3805 3806 43 -0.8964 -0.8589 -9.8674 -0.8814 -0.9125 -10.0595 0.0774 0.2000 0.4314 0.3922 0.1961 23.3513 2.0000 
3806 3807 43 -0.8814 -0.9125 -10.0595 -0.8665 -0.9662 -10.2516 0.0774 0.2000 0.4314 0.3922 0.1961 23.4573 2.0000 
3807 3808 43 -0.8665 -0.9662 -10.2516 -0.8595 -1.0078 -10.4471 0.0774 0.2000 0.4314 0.3922 0.1961 23.5640 2.0000 
3808 3809 43 -0.8595 -1.0078 -10.4471 -0.8733 -1.0288 -10.6455 0.0774 0.2000 0.4314 0.3922 0.1961 23.6714 2.0000 
3809 3810 43 -0.8733 -1.0288 -10.6455 -0.8644 -1.0253 -10.8453 0.0774 0.2000 0.4314 0.3922 0.1961 23.7796 2.0000 
3810 3811 43 -0.8644 -1.0253 -10.8453 -0.8525 -1.0232 -11.0450 0.0774 0.2000 0.4314 0.3922 0.1961 23.8885 2.0000 
3811 3812 43 -0.8525 -1.0232 -11.0450 -0.8508 -1.0250 -11.2449 0.0774 0.2000 0.4314 0.3922 0.1961 23.9981 2.0000 
3812 3813 43 -0.8508 -1.0250 -11.2449 -0.8444 -1.0229 -11.4448 0.0774 0.2000 0.4314 0.3922 0.1961 24.1085 2.0000 
3813 3814 43 -0.8444 -1.0229 -11.4448 -0.8384 -1.0035 -11.6438 0.0774 0.2000 0.4314 0.3922 0.1961 24.2197 2.0000 
3814 3815 43 -0.8384 -1.0035 -11.6438 -0.8541 -0.9757 -11.8412 0.0774 0.2000 0.4314 0.3922 0.1961 24.3316 2.0000 
3815 3816 43 -0.8541 -0.9757 -11.8412 -0.8685 -0.9467 -12.0386 0.0774 0.2000 0.4314 0.3922 0.1961 24.4444 2.0000 
3816 3817 43 -0.8685 -0.9467 -12.0386 -0.9070 -0.9589 -12.2345 0.0774 0.2000 0.4314 0.3922 0.1961 24.5579 2.0000 
3817 3818 43 -0.9070 -0.9589 -12.2345 -0.9386 -0.9681 -12.4317 0.0774 0.2000 0.4314 0.3922 0.1961 24.6722 2.0000 
3818 3819 43 -0.9386 -0.9681 -12.4317 -0.9702 -0.9773 -12.6290 0.0774 0.2000 0.4314 0.3922 0.1961 24.7874 2.0000 
3819 3820 43 -0.9702 -0.9773 -12.6290 -1.0064 -0.9814 -12.8257 0.0774 0.2000 0.4314 0.3922 0.1961 24.9034 2.0000 
3820 3821 43 -1.0064 -0.9814 -12.8257 -1.0042 -0.9847 -13.0256 0.0774 0.2000 0.4314 0.3922 0.1961 25.0202 2.0000 
3821 3822 43 -1.0042 -0.9847 -13.0256 -0.9985 -0.9940 -13.2253 0.0774 0.2000 0.4314 0.3922 0.1961 25.1379 2.0000 
3822 3823 43 -0.9985 -0.9940 -13.2253 -0.9937 -1.0005 -13.4252 0.0774 0.2000 0.4314 0.3922 0.1961 25.2565 2.0000 
3823 3824 43 -0.9937 -1.0005 -13.4252 -0.9881 -1.0007 -13.6251 0.0774 0.2000 0.4314 0.3922 0.1961 25.3760 2.0000 
3824 3825 43 -0.9881 -1.0007 -13.6251 -0.9843 -1.0010 -13.8250 0.0774 0.2000 0.4314 0.3922 0.1961 25.4963 2.0000 
3825 3826 43 -0.9843 -1.0010 -13.8250 -0.9872 -1.0121 -14.0247 0.0774 0.2000 0.4314 0.3922 0.1961 25.6176 2.0000 
3826 3827 43 -0.9872 -1.0121 -14.0247 -0.9839 -1.0241 -14.2243 0.0774 0.2000 0.4314 0.3922 0.1961 25.7398 2.0000 
3827 3828 43 -0.9839 -1.0241 -14.2243 -0.9788 -1.0380 -14.4238 0.0774 0.2000 0.4314 0.3922 0.1961 25.8630 2.0000 
3828 3829 43 -0.9788 -1.0380 -14.4238 -0.9827 -1.0474 -14.6235 0.0774 0.2000 0.4314 0.3922 0.1961 25.9871 2.0000 
3829 3830 43 -0.9827 -1.0474 -14.6235 -0.9876 -1.0609 -14.8230 0.0774 0.2000 0.4314 0.3922 0.1961 26.1121 2.0000 
3830 3831 43 -0.9876 -1.0609 -14.8230 -0.9891 -1.0653 -15.0230 0.0774 0.2000 0.4314 0.3922 0.1961 26.2382 2.0000 
3831 3832 43 -0.9891 -1.0653 -15.0230 -1.0068 -1.0614 -15.2221 0.0774 0.2000 0.4314 0.3922 0.1961 26.3652 2.0000 
3832 3833 43 -1.0068 -1.0614 -15.2221 -1.0088 -1.0778 -15.4214 0.0774 0.2000 0.4314 0.3922 0.1961 26.4933 2.0000 
3833 3834 43 -1.0088 -1.0778 -15.4214 -1.0174 -1.0841 -15.6212 0.0774 0.2000 0.4314 0.3922 0.1961 26.6224 2.0000 
3834 3835 43 -1.0174 -1.0841 -15.6212 -1.0295 -1.0781 -15.8207 0.0774 0.2000 0.4314 0.3922 0.1961 26.7526 2.0000 
3835 3836 43 -1.0295 -1.0781 -15.8207 -1.0263 -1.0687 -16.0205 0.0774 0.2000 0.4314 0.3922 0.1961 26.8838 2.0000 
3836 3837 43 -1.0263 -1.0687 -16.0205 -1.0214 -1.0527 -16.2198 0.0774 0.2000 0.4314 0.3922 0.1961 27.0161 2.0000 
3837 3838 43 -1.0214 -1.0527 -16.2198 -1.0239 -1.0483 -16.4197 0.0774 0.2000 0.4314 0.3922 0.1961 27.1495 2.0000 
3838 3839 43 -1.0239 -1.0483 -16.4197 -1.0235 -1.0468 -16.6197 0.0774 0.2000 0.4314 0.3922 0.1961 27.2840 2.0000 
3839 3840 43 -1.0235 -1.0468 -16.6197 -1.0236 -1.0483 -16.8197 0.0774 0.2000 0.4314 0.3922 0.1961 27.4197 2.0000 
3840 3841 43 -1.0236 -1.0483 -16.8197 -1.0219 -1.0516 -17.0196 0.0774 0.2000 0.4314 0.3922 0.1961 27.5565 2.0000 
3841 3842 43 -1.0219 -1.0516 -17.0196 -1.0400 -1.0671 -17.2182 0.0774 0.2000 0.4314 0.3922 0.1961 27.6946 2.0000 
3842 3843 43 -1.0400 -1.0671 -17.2182 -1.0358 -1.0521 -17.4176 0.0774 0.2000 0.4314 0.3922 0.1961 27.8338 2.0000 
3843 3844 43 -1.0358 -1.0521 -17.4176 -1.0311 -1.0384 -17.6171 0.0774 0.2000 0.4314 0.3922 0.1961 27.9742 2.0000 
3844 3845 43 -1.0311 -1.0384 -17.6171 -1.0120 -1.0457 -17.8160 0.0774 0.2000 0.4314 0.3922 0.1961 28.1159 2.0000 
3845 3846 43 -1.0120 -1.0457 -17.8160 -1.0218 -1.0331 -18.0154 0.0774 0.2000 0.4314 0.3922 0.1961 28.2588 2.0000 
3846 3847 43 -1.0218 -1.0331 -18.0154 -1.0252 -1.0300 -18.2154 0.0774 0.2000 0.4314 0.3922 0.1961 28.4031 2.0000 
3847 3848 43 -1.0252 -1.0300 -18.2154 -1.0230 -1.0220 -18.4152 0.0774 0.2000 0.4314 0.3922 0.1961 28.5486 2.0000 
3848 3849 43 -1.0230 -1.0220 -18.4152 -1.0159 -1.0278 -18.6150 0.0774 0.2000 0.4314 0.3922 0.1961 28.6955 2.0000 
3849 3850 43 -1.0159 -1.0278 -18.6150 -1.0130 -1.0357 -18.8148 0.0774 0.2000 0.4314 0.3922 0.1961 28.8437 2.0000 
3850 3851 43 -1.0130 -1.0357 -18.8148 -1.0116 -1.0371 -19.0148 0.0774 0.2000 0.4314 0.3922 0.1961 28.9934 2.0000 
3851 3852 43 -1.0116 -1.0371 -19.0148 -1.0299 -1.0774 -19.2098 0.0774 0.2000 0.4314 0.3922 0.1961 29.1444 2.0000 
3852 3853 43 -1.0299 -1.0774 -19.2098 -1.0568 -1.1188 -19.4036 0.0774 0.2000 0.4314 0.3922 0.1961 29.2969 2.0000 
3853 3854 43 -1.0568 -1.1188 -19.4036 -1.0659 -1.1362 -19.6027 0.0774 0.2000 0.4314 0.3922 0.1961 29.4509 2.0000 
3854 3855 43 -1.0659 -1.1362 -19.6027 -1.0802 -1.1696 -19.7993 0.0774 0.2000 0.4314 0.3922 0.1961 29.6063 2.0000 
3855 3856 43 -1.0802 -1.1696 -19.7993 -1.0938 -1.2028 -19.9961 0.0774 0.2000 0.4314 0.3922 0.1961 29.7633 2.0000 
3856 3857 43 -1.0938 -1.2028 -19.9961 -1.1296 -1.2369 -20.1899 0.0774 0.2000 0.4314 0.3922 0.1961 29.9218 2.0000 
3857 3858 43 -1.1296 -1.2369 -20.1899 -1.1469 -1.2526 -20.2850 0.0774 0.0979 0.4314 0.3922 0.1961 30.0000 2.0000 
64 3859 44 -0.1912 -0.0868 -8.1789 -0.3376 0.0356 -8.2387 0.0584 0.2000 0.4314 0.3922 0.1961 22.4389 2.0000 
3859 3860 44 -0.3376 0.0356 -8.2387 -0.4692 0.1737 -8.2989 0.0584 0.2000 0.4314 0.3922 0.1961 22.5806 2.0000 
3860 3861 44 -0.4692 0.1737 -8.2989 -0.5883 0.3271 -8.3466 0.0584 0.2000 0.4314 0.3922 0.1961 22.7233 2.0000 
3861 3862 44 -0.5883 0.3271 -8.3466 -0.7401 0.4409 -8.4098 0.0584 0.2000 0.4314 0.3922 0.1961 22.8668 2.0000 
3862 3863 44 -0.7401 0.4409 -8.4098 -0.8837 0.5536 -8.4916 0.0584 0.2000 0.4314 0.3922 0.1961 23.0113 2.0000 
3863 3864 44 -0.8837 0.5536 -8.4916 -1.0338 0.6527 -8.5789 0.0584 0.2000 0.4314 0.3922 0.1961 23.1568 2.0000 
3864 3865 44 -1.0338 0.6527 -8.5789 -1.1937 0.7246 -8.6752 0.0584 0.2000 0.4314 0.3922 0.1961 23.3033 2.0000 
3865 3866 44 -1.1937 0.7246 -8.6752 -1.3423 0.8124 -8.7762 0.0584 0.2000 0.4314 0.3922 0.1961 23.4508 2.0000 
3866 3867 44 -1.3423 0.8124 -8.7762 -1.4960 0.8960 -8.8732 0.0584 0.2000 0.4314 0.3922 0.1961 23.5992 2.0000 
3867 3868 44 -1.4960 0.8960 -8.8732 -1.6205 1.0029 -8.9875 0.0584 0.2000 0.4314 0.3922 0.1961 23.7487 2.0000 
3868 3869 44 -1.6205 1.0029 -8.9875 -1.7516 1.0962 -9.1062 0.0584 0.2000 0.4314 0.3922 0.1961 23.8992 2.0000 
3869 3870 44 -1.7516 1.0962 -9.1062 -1.8620 1.1939 -9.2414 0.0584 0.2000 0.4314 0.3922 0.1961 24.0507 2.0000 
3870 3871 44 -1.8620 1.1939 -9.2414 -1.9759 1.2943 -9.3716 0.0584 0.2000 0.4314 0.3922 0.1961 24.2034 2.0000 
3871 3872 44 -1.9759 1.2943 -9.3716 -2.0921 1.3904 -9.5030 0.0584 0.2000 0.4314 0.3922 0.1961 24.3570 2.0000 
3872 3873 44 -2.0921 1.3904 -9.5030 -2.2179 1.4442 -9.6488 0.0584 0.2000 0.4314 0.3922 0.1961 24.5118 2.0000 
3873 3874 44 -2.2179 1.4442 -9.6488 -2.3469 1.4953 -9.7928 0.0584 0.2000 0.4314 0.3922 0.1961 24.6677 2.0000 
3874 3875 44 -2.3469 1.4953 -9.7928 -2.4530 1.5795 -9.9401 0.0584 0.2000 0.4314 0.3922 0.1961 24.8247 2.0000 
3875 3876 44 -2.4530 1.5795 -9.9401 -2.5746 1.6347 -10.0889 0.0584 0.2000 0.4314 0.3922 0.1961 24.9829 2.0000 
3876 3877 44 -2.5746 1.6347 -10.0889 -2.6801 1.6918 -10.2489 0.0584 0.2000 0.4314 0.3922 0.1961 25.1422 2.0000 
3877 3878 44 -2.6801 1.6918 -10.2489 -2.7733 1.7205 -10.4236 0.0584 0.2000 0.4314 0.3922 0.1961 25.3026 2.0000 
3878 3879 44 -2.7733 1.7205 -10.4236 -2.8284 1.7646 -10.6107 0.0584 0.2000 0.4314 0.3922 0.1961 25.4643 2.0000 
3879 3880 44 -2.8284 1.7646 -10.6107 -2.8751 1.8112 -10.7995 0.0584 0.2000 0.4314 0.3922 0.1961 25.6272 2.0000 
3880 3881 44 -2.8751 1.8112 -10.7995 -2.9136 1.8694 -10.9869 0.0584 0.2000 0.4314 0.3922 0.1961 25.7913 2.0000 
3881 3882 44 -2.9136 1.8694 -10.9869 -2.9442 1.9329 -11.1741 0.0584 0.2000 0.4314 0.3922 0.1961 25.9566 2.0000 
3882 3883 44 -2.9442 1.9329 -11.1741 -2.9517 1.9578 -11.3724 0.0584 0.2000 0.4314 0.3922 0.1961 26.1232 2.0000 
3883 3884 44 -2.9517 1.9578 -11.3724 -2.9431 1.9636 -11.5722 0.0584 0.2000 0.4314 0.3922 0.1961 26.2911 2.0000 
3884 3885 44 -2.9431 1.9636 -11.5722 -2.9344 1.9696 -11.7719 0.0584 0.2000 0.4314 0.3922 0.1961 26.4603 2.0000 
3885 3886 44 -2.9344 1.9696 -11.7719 -2.9172 1.9787 -11.9709 0.0584 0.2000 0.4314 0.3922 0.1961 26.6308 2.0000 
3886 3887 44 -2.9172 1.9787 -11.9709 -2.8976 1.9643 -12.1694 0.0584 0.2000 0.4314 0.3922 0.1961 26.8026 2.0000 
3887 3888 44 -2.8976 1.9643 -12.1694 -2.8752 1.9592 -12.3681 0.0584 0.2000 0.4314 0.3922 0.1961 26.9758 2.0000 
3888 3889 44 -2.8752 1.9592 -12.3681 -2.8410 1.9555 -12.5651 0.0584 0.2000 0.4314 0.3922 0.1961 27.1504 2.0000 
3889 3890 44 -2.8410 1.9555 -12.5651 -2.8100 1.9657 -12.7625 0.0584 0.2000 0.4314 0.3922 0.1961 27.3265 2.0000 
3890 3891 44 -2.8100 1.9657 -12.7625 -2.7982 1.9826 -12.9614 0.0584 0.2000 0.4314 0.3922 0.1961 27.5039 2.0000 
3891 3892 44 -2.7982 1.9826 -12.9614 -2.7684 1.9794 -13.1591 0.0584 0.2000 0.4314 0.3922 0.1961 27.6828 2.0000 
3892 3893 44 -2.7684 1.9794 -13.1591 -2.7496 1.9745 -13.3582 0.0584 0.2000 0.4314 0.3922 0.1961 27.8632 2.0000 
3893 3894 44 -2.7496 1.9745 -13.3582 -2.7387 1.9647 -13.5577 0.0584 0.2000 0.4314 0.3922 0.1961 28.0451 2.0000 
3894 3895 44 -2.7387 1.9647 -13.5577 -2.7340 1.9514 -13.7572 0.0584 0.2000 0.4314 0.3922 0.1961 28.2285 2.0000 
3895 3896 44 -2.7340 1.9514 -13.7572 -2.7379 1.9574 -13.9570 0.0584 0.2000 0.4314 0.3922 0.1961 28.4135 2.0000 
3896 3897 44 -2.7379 1.9574 -13.9570 -2.7423 1.9640 -14.1569 0.0584 0.2000 0.4314 0.3922 0.1961 28.6000 2.0000 
3897 3898 44 -2.7423 1.9640 -14.1569 -2.7594 1.9949 -14.3537 0.0584 0.2000 0.4314 0.3922 0.1961 28.7882 2.0000 
3898 3899 44 -2.7594 1.9949 -14.3537 -2.7679 1.9876 -14.5534 0.0584 0.2000 0.4314 0.3922 0.1961 28.9780 2.0000 
3899 3900 44 -2.7679 1.9876 -14.5534 -2.7935 1.9537 -14.7489 0.0584 0.2000 0.4314 0.3922 0.1961 29.1694 2.0000 
3900 3901 44 -2.7935 1.9537 -14.7489 -2.8174 1.9095 -14.9424 0.0584 0.2000 0.4314 0.3922 0.1961 29.3626 2.0000 
3901 3902 44 -2.8174 1.9095 -14.9424 -2.8374 1.8636 -15.1361 0.0584 0.2000 0.4314 0.3922 0.1961 29.5575 2.0000 
3902 3903 44 -2.8374 1.8636 -15.1361 -2.8537 1.8193 -15.3304 0.0584 0.2000 0.4314 0.3922 0.1961 29.7541 2.0000 
3903 3904 44 -2.8537 1.8193 -15.3304 -2.8657 1.7814 -15.5264 0.0584 0.2000 0.4314 0.3922 0.1961 29.9526 2.0000 
3904 3905 44 -2.8657 1.7814 -15.5264 -2.8706 1.7769 -15.5735 0.0584 0.0475 0.4314 0.3922 0.1961 30.0000 2.0000 
66 3906 45 -0.1950 -0.0883 -8.4679 -0.1347 0.0855 -8.5464 0.0616 0.2000 0.4314 0.3922 0.1961 22.8143 2.0000 
3906 3907 45 -0.1347 0.0855 -8.5464 -0.0646 0.2533 -8.6296 0.0616 0.2000 0.4314 0.3922 0.1961 22.8932 2.0000 
3907 3908 45 -0.0646 0.2533 -8.6296 0.0102 0.4171 -8.7166 0.0616 0.2000 0.4314 0.3922 0.1961 22.9727 2.0000 
3908 3909 45 0.0102 0.4171 -8.7166 0.0656 0.5628 -8.8420 0.0616 0.2000 0.4314 0.3922 0.1961 23.0528 2.0000 
3909 3910 45 0.0656 0.5628 -8.8420 0.1184 0.7054 -8.9719 0.0616 0.2000 0.4314 0.3922 0.1961 23.1333 2.0000 
3910 3911 45 0.1184 0.7054 -8.9719 0.1353 0.8478 -9.1112 0.0616 0.2000 0.4314 0.3922 0.1961 23.2145 2.0000 
3911 3912 45 0.1353 0.8478 -9.1112 0.1297 0.9746 -9.2658 0.0616 0.2000 0.4314 0.3922 0.1961 23.2962 2.0000 
3912 3913 45 0.1297 0.9746 -9.2658 0.1138 1.0855 -9.4315 0.0616 0.2000 0.4314 0.3922 0.1961 23.3784 2.0000 
3913 3914 45 0.1138 1.0855 -9.4315 0.1015 1.1942 -9.5989 0.0616 0.2000 0.4314 0.3922 0.1961 23.4613 2.0000 
3914 3915 45 0.1015 1.1942 -9.5989 0.0955 1.2708 -9.7836 0.0616 0.2000 0.4314 0.3922 0.1961 23.5447 2.0000 
3915 3916 45 0.0955 1.2708 -9.7836 0.0894 1.3474 -9.9682 0.0616 0.2000 0.4314 0.3922 0.1961 23.6288 2.0000 
3916 3917 45 0.0894 1.3474 -9.9682 0.0870 1.4276 -10.1514 0.0616 0.2000 0.4314 0.3922 0.1961 23.7134 2.0000 
3917 3918 45 0.0870 1.4276 -10.1514 0.0877 1.5048 -10.3359 0.0616 0.2000 0.4314 0.3922 0.1961 23.7987 2.0000 
3918 3919 45 0.0877 1.5048 -10.3359 0.0852 1.5817 -10.5205 0.0616 0.2000 0.4314 0.3922 0.1961 23.8846 2.0000 
3919 3920 45 0.0852 1.5817 -10.5205 0.0535 1.6007 -10.7171 0.0616 0.2000 0.4314 0.3922 0.1961 23.9711 2.0000 
3920 3921 45 0.0535 1.6007 -10.7171 0.0401 1.6274 -10.9148 0.0616 0.2000 0.4314 0.3922 0.1961 24.0583 2.0000 
3921 3922 45 0.0401 1.6274 -10.9148 0.0350 1.6807 -11.1075 0.0616 0.2000 0.4314 0.3922 0.1961 24.1461 2.0000 
3922 3923 45 0.0350 1.6807 -11.1075 0.0316 1.7252 -11.3025 0.0616 0.2000 0.4314 0.3922 0.1961 24.2346 2.0000 
3923 3924 45 0.0316 1.7252 -11.3025 0.0149 1.7509 -11.5001 0.0616 0.2000 0.4314 0.3922 0.1961 24.3237 2.0000 
3924 3925 45 0.0149 1.7509 -11.5001 0.0245 1.7811 -11.6976 0.0616 0.2000 0.4314 0.3922 0.1961 24.4135 2.0000 
3925 3926 45 0.0245 1.7811 -11.6976 0.0335 1.8129 -11.8948 0.0616 0.2000 0.4314 0.3922 0.1961 24.5041 2.0000 
3926 3927 45 0.0335 1.8129 -11.8948 0.0423 1.8448 -12.0921 0.0616 0.2000 0.4314 0.3922 0.1961 24.5953 2.0000 
3927 3928 45 0.0423 1.8448 -12.0921 0.0379 1.8461 -12.2920 0.0616 0.2000 0.4314 0.3922 0.1961 24.6872 2.0000 
3928 3929 45 0.0379 1.8461 -12.2920 0.0223 1.8605 -12.4909 0.0616 0.2000 0.4314 0.3922 0.1961 24.7799 2.0000 
3929 3930 45 0.0223 1.8605 -12.4909 0.0073 1.8748 -12.6898 0.0616 0.2000 0.4314 0.3922 0.1961 24.8733 2.0000 
3930 3931 45 0.0073 1.8748 -12.6898 0.0215 1.9021 -12.8874 0.0616 0.2000 0.4314 0.3922 0.1961 24.9675 2.0000 
3931 3932 45 0.0215 1.9021 -12.8874 0.0353 1.9271 -13.0854 0.0616 0.2000 0.4314 0.3922 0.1961 25.0624 2.0000 
3932 3933 45 0.0353 1.9271 -13.0854 0.0414 1.9344 -13.2852 0.0616 0.2000 0.4314 0.3922 0.1961 25.1581 2.0000 
3933 3934 45 0.0414 1.9344 -13.2852 0.0426 1.9370 -13.4851 0.0616 0.2000 0.4314 0.3922 0.1961 25.2545 2.0000 
3934 3935 45 0.0426 1.9370 -13.4851 0.0449 1.9392 -13.6851 0.0616 0.2000 0.4314 0.3922 0.1961 25.3518 2.0000 
3935 3936 45 0.0449 1.9392 -13.6851 0.0443 1.9349 -13.8851 0.0616 0.2000 0.4314 0.3922 0.1961 25.4499 2.0000 
3936 3937 45 0.0443 1.9349 -13.8851 0.0442 1.9313 -14.0850 0.0616 0.2000 0.4314 0.3922 0.1961 25.5488 2.0000 
3937 3938 45 0.0442 1.9313 -14.0850 0.0350 1.9321 -14.2848 0.0616 0.2000 0.4314 0.3922 0.1961 25.6486 2.0000 
3938 3939 45 0.0350 1.9321 -14.2848 0.0265 1.9077 -14.4831 0.0616 0.2000 0.4314 0.3922 0.1961 25.7492 2.0000 
3939 3940 45 0.0265 1.9077 -14.4831 0.0276 1.8864 -14.6820 0.0616 0.2000 0.4314 0.3922 0.1961 25.8507 2.0000 
3940 3941 45 0.0276 1.8864 -14.6820 0.0455 1.8705 -14.8806 0.0616 0.2000 0.4314 0.3922 0.1961 25.9530 2.0000 
3941 3942 45 0.0455 1.8705 -14.8806 0.0407 1.8434 -15.0787 0.0616 0.2000 0.4314 0.3922 0.1961 26.0563 2.0000 
3942 3943 45 0.0407 1.8434 -15.0787 0.0519 1.7915 -15.2715 0.0616 0.2000 0.4314 0.3922 0.1961 26.1605 2.0000 
3943 3944 45 0.0519 1.7915 -15.2715 0.0860 1.7733 -15.4677 0.0616 0.2000 0.4314 0.3922 0.1961 26.2656 2.0000 
3944 3945 45 0.0860 1.7733 -15.4677 0.1139 1.7373 -15.6624 0.0616 0.2000 0.4314 0.3922 0.1961 26.3717 2.0000 
3945 3946 45 0.1139 1.7373 -15.6624 0.1458 1.7077 -15.8577 0.0616 0.2000 0.4314 0.3922 0.1961 26.4787 2.0000 
3946 3947 45 0.1458 1.7077 -15.8577 0.1800 1.6844 -16.0533 0.0616 0.2000 0.4314 0.3922 0.1961 26.5867 2.0000 
3947 3948 45 0.1800 1.6844 -16.0533 0.2060 1.6568 -16.2497 0.0616 0.2000 0.4314 0.3922 0.1961 26.6957 2.0000 
3948 3949 45 0.2060 1.6568 -16.2497 0.2254 1.6549 -16.4487 0.0616 0.2000 0.4314 0.3922 0.1961 26.8058 2.0000 
3949 3950 45 0.2254 1.6549 -16.4487 0.2415 1.6552 -16.6481 0.0616 0.2000 0.4314 0.3922 0.1961 26.9169 2.0000 
3950 3951 45 0.2415 1.6552 -16.6481 0.2448 1.6698 -16.8475 0.0616 0.2000 0.4314 0.3922 0.1961 27.0290 2.0000 
3951 3952 45 0.2448 1.6698 -16.8475 0.2549 1.6790 -17.0471 0.0616 0.2000 0.4314 0.3922 0.1961 27.1422 2.0000 
3952 3953 45 0.2549 1.6790 -17.0471 0.2369 1.7113 -17.2436 0.0616 0.2000 0.4314 0.3922 0.1961 27.2566 2.0000 
3953 3954 45 0.2369 1.7113 -17.2436 0.2180 1.7005 -17.4424 0.0616 0.2000 0.4314 0.3922 0.1961 27.3720 2.0000 
3954 3955 45 0.2180 1.7005 -17.4424 0.2109 1.7003 -17.6423 0.0616 0.2000 0.4314 0.3922 0.1961 27.4886 2.0000 
3955 3956 45 0.2109 1.7003 -17.6423 0.2046 1.7007 -17.8422 0.0616 0.2000 0.4314 0.3922 0.1961 27.6064 2.0000 
3956 3957 45 0.2046 1.7007 -17.8422 0.1980 1.7003 -18.0421 0.0616 0.2000 0.4314 0.3922 0.1961 27.7254 2.0000 
3957 3958 45 0.1980 1.7003 -18.0421 0.1918 1.6994 -18.2420 0.0616 0.2000 0.4314 0.3922 0.1961 27.8455 2.0000 
3958 3959 45 0.1918 1.6994 -18.2420 0.2003 1.7099 -18.4416 0.0616 0.2000 0.4314 0.3922 0.1961 27.9670 2.0000 
3959 3960 45 0.2003 1.7099 -18.4416 0.2079 1.7240 -18.6409 0.0616 0.2000 0.4314 0.3922 0.1961 28.0897 2.0000 
3960 3961 45 0.2079 1.7240 -18.6409 0.2153 1.7385 -18.8403 0.0616 0.2000 0.4314 0.3922 0.1961 28.2137 2.0000 
3961 3962 45 0.2153 1.7385 -18.8403 0.2183 1.7569 -19.0394 0.0616 0.2000 0.4314 0.3922 0.1961 28.3390 2.0000 
3962 3963 45 0.2183 1.7569 -19.0394 0.2227 1.7642 -19.2392 0.0616 0.2000 0.4314 0.3922 0.1961 28.4656 2.0000 
3963 3964 45 0.2227 1.7642 -19.2392 0.2315 1.7477 -19.4383 0.0616 0.2000 0.4314 0.3922 0.1961 28.5937 2.0000 
3964 3965 45 0.2315 1.7477 -19.4383 0.2388 1.7495 -19.6382 0.0616 0.2000 0.4314 0.3922 0.1961 28.7232 2.0000 
3965 3966 45 0.2388 1.7495 -19.6382 0.2655 1.7491 -19.8364 0.0616 0.2000 0.4314 0.3922 0.1961 28.8541 2.0000 
3966 3967 45 0.2655 1.7491 -19.8364 0.3113 1.7398 -20.0308 0.0616 0.2000 0.4314 0.3922 0.1961 28.9865 2.0000 
3967 3968 45 0.3113 1.7398 -20.0308 0.3369 1.7231 -20.2285 0.0616 0.2000 0.4314 0.3922 0.1961 29.1203 2.0000 
3968 3969 45 0.3369 1.7231 -20.2285 0.3590 1.7330 -20.4270 0.0616 0.2000 0.4314 0.3922 0.1961 29.2558 2.0000 
3969 3970 45 0.3590 1.7330 -20.4270 0.3650 1.7423 -20.6267 0.0616 0.2000 0.4314 0.3922 0.1961 29.3928 2.0000 
3970 3971 45 0.3650 1.7423 -20.6267 0.4086 1.7258 -20.8212 0.0616 0.2000 0.4314 0.3922 0.1961 29.5314 2.0000 
3971 3972 45 0.4086 1.7258 -20.8212 0.4187 1.7147 -21.0206 0.0616 0.2000 0.4314 0.3922 0.1961 29.6717 2.0000 
3972 3973 45 0.4187 1.7147 -21.0206 0.4163 1.7063 -21.2204 0.0616 0.2000 0.4314 0.3922 0.1961 29.8137 2.0000 
3973 3974 45 0.4163 1.7063 -21.2204 0.4153 1.6987 -21.4203 0.0616 0.2000 0.4314 0.3922 0.1961 29.9575 2.0000 
3974 3975 45 0.4153 1.6987 -21.4203 0.4156 1.6956 -21.4789 0.0616 0.0587 0.4314 0.3922 0.1961 30.0000 2.0000 
68 3976 46 -0.1925 -0.0971 -8.8479 -0.1165 -0.2600 -8.9354 0.0820 0.2000 0.4314 0.3922 0.1961 23.8519 2.0000 
3976 3977 46 -0.1165 -0.2600 -8.9354 -0.0271 -0.3982 -9.0491 0.0820 0.2000 0.4314 0.3922 0.1961 24.3892 2.0000 
3977 3978 46 -0.0271 -0.3982 -9.0491 0.0647 -0.5336 -9.1642 0.0820 0.2000 0.4314 0.3922 0.1961 24.9302 2.0000 
3978 3979 46 0.0647 -0.5336 -9.1642 0.1576 -0.6522 -9.2957 0.0820 0.2000 0.4314 0.3922 0.1961 25.4751 2.0000 
3979 3980 46 0.1576 -0.6522 -9.2957 0.2122 -0.7827 -9.4371 0.0820 0.2000 0.4314 0.3922 0.1961 26.0239 2.0000 
3980 3981 46 0.2122 -0.7827 -9.4371 0.2735 -0.9011 -9.5862 0.0820 0.2000 0.4314 0.3922 0.1961 26.5765 2.0000 
3981 3982 46 0.2735 -0.9011 -9.5862 0.3331 -1.0072 -9.7449 0.0820 0.2000 0.4314 0.3922 0.1961 27.1332 2.0000 
3982 3983 46 0.3331 -1.0072 -9.7449 0.4140 -1.1023 -9.9011 0.0820 0.2000 0.4314 0.3922 0.1961 27.6939 2.0000 
3983 3984 46 0.4140 -1.1023 -9.9011 0.4855 -1.1721 -10.0744 0.0820 0.2000 0.4314 0.3922 0.1961 28.2587 2.0000 
3984 3985 46 0.4855 -1.1721 -10.0744 0.5474 -1.2234 -10.2575 0.0820 0.2000 0.4314 0.3922 0.1961 28.8276 2.0000 
3985 3986 46 0.5474 -1.2234 -10.2575 0.6075 -1.2242 -10.4482 0.0820 0.2000 0.4314 0.3922 0.1961 29.4008 2.0000 
3986 3987 46 0.6075 -1.2242 -10.4482 0.6210 -1.2278 -10.6478 0.0820 0.2000 0.4314 0.3922 0.1961 29.9782 2.0000 
3987 3988 46 0.6210 -1.2278 -10.6478 0.6218 -1.2282 -10.6552 0.0820 0.0075 0.4314 0.3922 0.1961 30.0000 2.0000 
70 3989 47 -0.1863 -0.1047 -9.1145 -0.0645 0.0320 -9.1950 0.0867 0.2000 0.4314 0.3922 0.1961 23.8354 2.0000 
3989 3990 47 -0.0645 0.0320 -9.1950 0.0733 0.1511 -9.2774 0.0867 0.2000 0.4314 0.3922 0.1961 23.9400 2.0000 
3990 3991 47 0.0733 0.1511 -9.2774 0.2104 0.2532 -9.3812 0.0867 0.2000 0.4314 0.3922 0.1961 24.0453 2.0000 
3991 3992 47 0.2104 0.2532 -9.3812 0.3211 0.3432 -9.5214 0.0867 0.2000 0.4314 0.3922 0.1961 24.1511 2.0000 
3992 3993 47 0.3211 0.3432 -9.5214 0.3833 0.4286 -9.6913 0.0867 0.2000 0.4314 0.3922 0.1961 24.2575 2.0000 
3993 3994 47 0.3833 0.4286 -9.6913 0.4479 0.4824 -9.8727 0.0867 0.2000 0.4314 0.3922 0.1961 24.3645 2.0000 
3994 3995 47 0.4479 0.4824 -9.8727 0.5180 0.5419 -10.0503 0.0867 0.2000 0.4314 0.3922 0.1961 24.4721 2.0000 
3995 3996 47 0.5180 0.5419 -10.0503 0.5801 0.5757 -10.2374 0.0867 0.2000 0.4314 0.3922 0.1961 24.5803 2.0000 
3996 3997 47 0.5801 0.5757 -10.2374 0.6109 0.5650 -10.4347 0.0867 0.2000 0.4314 0.3922 0.1961 24.6891 2.0000 
3997 3998 47 0.6109 0.5650 -10.4347 0.6396 0.5543 -10.6324 0.0867 0.2000 0.4314 0.3922 0.1961 24.7985 2.0000 
3998 3999 47 0.6396 0.5543 -10.6324 0.6549 0.5527 -10.8318 0.0867 0.2000 0.4314 0.3922 0.1961 24.9085 2.0000 
3999 4000 47 0.6549 0.5527 -10.8318 0.6671 0.5653 -11.0310 0.0867 0.2000 0.4314 0.3922 0.1961 25.0192 2.0000 
4000 4001 47 0.6671 0.5653 -11.0310 0.6799 0.5774 -11.2302 0.0867 0.2000 0.4314 0.3922 0.1961 25.1304 2.0000 
4001 4002 47 0.6799 0.5774 -11.2302 0.6994 0.5954 -11.4285 0.0867 0.2000 0.4314 0.3922 0.1961 25.2424 2.0000 
4002 4003 47 0.6994 0.5954 -11.4285 0.7151 0.6148 -11.6269 0.0867 0.2000 0.4314 0.3922 0.1961 25.3549 2.0000 
4003 4004 47 0.7151 0.6148 -11.6269 0.7301 0.6365 -11.8252 0.0867 0.2000 0.4314 0.3922 0.1961 25.4682 2.0000 
4004 4005 47 0.7301 0.6365 -11.8252 0.7299 0.6632 -12.0234 0.0867 0.2000 0.4314 0.3922 0.1961 25.5820 2.0000 
4005 4006 47 0.7299 0.6632 -12.0234 0.7315 0.6824 -12.2224 0.0867 0.2000 0.4314 0.3922 0.1961 25.6966 2.0000 
4006 4007 47 0.7315 0.6824 -12.2224 0.7448 0.6925 -12.4217 0.0867 0.2000 0.4314 0.3922 0.1961 25.8118 2.0000 
4007 4008 47 0.7448 0.6925 -12.4217 0.7566 0.7020 -12.6212 0.0867 0.2000 0.4314 0.3922 0.1961 25.9278 2.0000 
4008 4009 47 0.7566 0.7020 -12.6212 0.7732 0.7012 -12.8205 0.0867 0.2000 0.4314 0.3922 0.1961 26.0444 2.0000 
4009 4010 47 0.7732 0.7012 -12.8205 0.7751 0.6799 -13.0193 0.0867 0.2000 0.4314 0.3922 0.1961 26.1617 2.0000 
4010 4011 47 0.7751 0.6799 -13.0193 0.7905 0.6945 -13.2182 0.0867 0.2000 0.4314 0.3922 0.1961 26.2798 2.0000 
4011 4012 47 0.7905 0.6945 -13.2182 0.8053 0.7026 -13.4175 0.0867 0.2000 0.4314 0.3922 0.1961 26.3985 2.0000 
4012 4013 47 0.8053 0.7026 -13.4175 0.8237 0.7053 -13.6166 0.0867 0.2000 0.4314 0.3922 0.1961 26.5180 2.0000 
4013 4014 47 0.8237 0.7053 -13.6166 0.8451 0.7100 -13.8154 0.0867 0.2000 0.4314 0.3922 0.1961 26.6382 2.0000 
4014 4015 47 0.8451 0.7100 -13.8154 0.8473 0.7116 -14.0154 0.0867 0.2000 0.4314 0.3922 0.1961 26.7592 2.0000 
4015 4016 47 0.8473 0.7116 -14.0154 0.8464 0.7062 -14.2153 0.0867 0.2000 0.4314 0.3922 0.1961 26.8810 2.0000 
4016 4017 47 0.8464 0.7062 -14.2153 0.8365 0.7128 -14.4150 0.0867 0.2000 0.4314 0.3922 0.1961 27.0035 2.0000 
4017 4018 47 0.8365 0.7128 -14.4150 0.8275 0.7183 -14.6147 0.0867 0.2000 0.4314 0.3922 0.1961 27.1267 2.0000 
4018 4019 47 0.8275 0.7183 -14.6147 0.8128 0.7012 -14.8134 0.0867 0.2000 0.4314 0.3922 0.1961 27.2508 2.0000 
4019 4020 47 0.8128 0.7012 -14.8134 0.7986 0.6840 -15.0122 0.0867 0.2000 0.4314 0.3922 0.1961 27.3757 2.0000 
4020 4021 47 0.7986 0.6840 -15.0122 0.7834 0.6681 -15.2109 0.0867 0.2000 0.4314 0.3922 0.1961 27.5013 2.0000 
4021 4022 47 0.7834 0.6681 -15.2109 0.7914 0.6634 -15.4107 0.0867 0.2000 0.4314 0.3922 0.1961 27.6278 2.0000 
4022 4023 47 0.7914 0.6634 -15.4107 0.8000 0.6626 -15.6105 0.0867 0.2000 0.4314 0.3922 0.1961 27.7552 2.0000 
4023 4024 47 0.8000 0.6626 -15.6105 0.8082 0.6525 -15.8101 0.0867 0.2000 0.4314 0.3922 0.1961 27.8833 2.0000 
4024 4025 47 0.8082 0.6525 -15.8101 0.8041 0.6562 -16.0100 0.0867 0.2000 0.4314 0.3922 0.1961 28.0123 2.0000 
4025 4026 47 0.8041 0.6562 -16.0100 0.7995 0.6597 -16.2100 0.0867 0.2000 0.4314 0.3922 0.1961 28.1422 2.0000 
4026 4027 47 0.7995 0.6597 -16.2100 0.7987 0.6521 -16.4098 0.0867 0.2000 0.4314 0.3922 0.1961 28.2729 2.0000 
4027 4028 47 0.7987 0.6521 -16.4098 0.7979 0.6418 -16.6095 0.0867 0.2000 0.4314 0.3922 0.1961 28.4046 2.0000 
4028 4029 47 0.7979 0.6418 -16.6095 0.7957 0.6311 -16.8092 0.0867 0.2000 0.4314 0.3922 0.1961 28.5371 2.0000 
4029 4030 47 0.7957 0.6311 -16.8092 0.7915 0.6222 -17.0090 0.0867 0.2000 0.4314 0.3922 0.1961 28.6705 2.0000 
4030 4031 47 0.7915 0.6222 -17.0090 0.8025 0.6178 -17.2087 0.0867 0.2000 0.4314 0.3922 0.1961 28.8049 2.0000 
4031 4032 47 0.8025 0.6178 -17.2087 0.8066 0.6061 -17.4083 0.0867 0.2000 0.4314 0.3922 0.1961 28.9402 2.0000 
4032 4033 47 0.8066 0.6061 -17.4083 0.8107 0.5935 -17.6078 0.0867 0.2000 0.4314 0.3922 0.1961 29.0764 2.0000 
4033 4034 47 0.8107 0.5935 -17.6078 0.8240 0.5853 -17.8072 0.0867 0.2000 0.4314 0.3922 0.1961 29.2136 2.0000 
4034 4035 47 0.8240 0.5853 -17.8072 0.7960 0.5908 -18.0052 0.0867 0.2000 0.4314 0.3922 0.1961 29.3518 2.0000 
4035 4036 47 0.7960 0.5908 -18.0052 0.7691 0.5940 -18.2033 0.0867 0.2000 0.4314 0.3922 0.1961 29.4910 2.0000 
4036 4037 47 0.7691 0.5940 -18.2033 0.7511 0.5925 -18.4025 0.0867 0.2000 0.4314 0.3922 0.1961 29.6312 2.0000 
4037 4038 47 0.7511 0.5925 -18.4025 0.7344 0.5919 -18.6018 0.0867 0.2000 0.4314 0.3922 0.1961 29.7724 2.0000 
4038 4039 47 0.7344 0.5919 -18.6018 0.7204 0.5862 -18.8013 0.0867 0.2000 0.4314 0.3922 0.1961 29.9146 2.0000 
4039 4040 47 0.7204 0.5862 -18.8013 0.7188 0.5844 -18.9206 0.0867 0.1194 0.4314 0.3922 0.1961 30.0000 2.0000 
72 4041 48 -0.1899 -0.0963 -9.3805 -0.3177 0.0440 -9.4435 0.0825 0.2000 0.4314 0.3922 0.1961 24.2616 2.0000 
4041 4042 48 -0.3177 0.0440 -9.4435 -0.4599 0.1546 -9.5304 0.0825 0.2000 0.4314 0.3922 0.1961 24.3769 2.0000 
4042 4043 48 -0.4599 0.1546 -9.5304 -0.5572 0.2846 -9.6472 0.0825 0.2000 0.4314 0.3922 0.1961 24.4929 2.0000 
4043 4044 48 -0.5572 0.2846 -9.6472 -0.6002 0.4201 -9.7878 0.0825 0.2000 0.4314 0.3922 0.1961 24.6096 2.0000 
4044 4045 48 -0.6002 0.4201 -9.7878 -0.6433 0.5548 -9.9292 0.0825 0.2000 0.4314 0.3922 0.1961 24.7272 2.0000 
4045 4046 48 -0.6433 0.5548 -9.9292 -0.6729 0.6774 -10.0844 0.0825 0.2000 0.4314 0.3922 0.1961 24.8454 2.0000 
4046 4047 48 -0.6729 0.6774 -10.0844 -0.6767 0.7686 -10.2624 0.0825 0.2000 0.4314 0.3922 0.1961 24.9645 2.0000 
4047 4048 48 -0.6767 0.7686 -10.2624 -0.6795 0.8596 -10.4405 0.0825 0.2000 0.4314 0.3922 0.1961 25.0844 2.0000 
4048 4049 48 -0.6795 0.8596 -10.4405 -0.6793 0.9481 -10.6198 0.0825 0.2000 0.4314 0.3922 0.1961 25.2050 2.0000 
4049 4050 48 -0.6793 0.9481 -10.6198 -0.7021 1.0157 -10.8067 0.0825 0.2000 0.4314 0.3922 0.1961 25.3265 2.0000 
4050 4051 48 -0.7021 1.0157 -10.8067 -0.7289 1.0544 -11.0010 0.0825 0.2000 0.4314 0.3922 0.1961 25.4488 2.0000 
4051 4052 48 -0.7289 1.0544 -11.0010 -0.6995 1.0872 -11.1961 0.0825 0.2000 0.4314 0.3922 0.1961 25.5719 2.0000 
4052 4053 48 -0.6995 1.0872 -11.1961 -0.6688 1.1183 -11.3913 0.0825 0.2000 0.4314 0.3922 0.1961 25.6959 2.0000 
4053 4054 48 -0.6688 1.1183 -11.3913 -0.6599 1.1607 -11.5866 0.0825 0.2000 0.4314 0.3922 0.1961 25.8207 2.0000 
4054 4055 48 -0.6599 1.1607 -11.5866 -0.6558 1.1939 -11.7837 0.0825 0.2000 0.4314 0.3922 0.1961 25.9464 2.0000 
4055 4056 48 -0.6558 1.1939 -11.7837 -0.6614 1.2174 -11.9823 0.0825 0.2000 0.4314 0.3922 0.1961 26.0730 2.0000 
4056 4057 48 -0.6614 1.2174 -11.9823 -0.6511 1.2354 -12.1812 0.0825 0.2000 0.4314 0.3922 0.1961 26.2005 2.0000 
4057 4058 48 -0.6511 1.2354 -12.1812 -0.6416 1.2402 -12.3809 0.0825 0.2000 0.4314 0.3922 0.1961 26.3289 2.0000 
4058 4059 48 -0.6416 1.2402 -12.3809 -0.6351 1.2409 -12.5808 0.0825 0.2000 0.4314 0.3922 0.1961 26.4582 2.0000 
4059 4060 48 -0.6351 1.2409 -12.5808 -0.6375 1.2554 -12.7803 0.0825 0.2000 0.4314 0.3922 0.1961 26.5885 2.0000 
4060 4061 48 -0.6375 1.2554 -12.7803 -0.6325 1.2711 -12.9796 0.0825 0.2000 0.4314 0.3922 0.1961 26.7197 2.0000 
4061 4062 48 -0.6325 1.2711 -12.9796 -0.6266 1.2905 -13.1785 0.0825 0.2000 0.4314 0.3922 0.1961 26.8518 2.0000 
4062 4063 48 -0.6266 1.2905 -13.1785 -0.6145 1.3368 -13.3728 0.0825 0.2000 0.4314 0.3922 0.1961 26.9850 2.0000 
4063 4064 48 -0.6145 1.3368 -13.3728 -0.5810 1.3500 -13.5695 0.0825 0.2000 0.4314 0.3922 0.1961 27.1191 2.0000 
4064 4065 48 -0.5810 1.3500 -13.5695 -0.5451 1.3461 -13.7662 0.0825 0.2000 0.4314 0.3922 0.1961 27.2543 2.0000 
4065 4066 48 -0.5451 1.3461 -13.7662 -0.5104 1.3619 -13.9625 0.0825 0.2000 0.4314 0.3922 0.1961 27.3904 2.0000 
4066 4067 48 -0.5104 1.3619 -13.9625 -0.5253 1.4009 -14.1581 0.0825 0.2000 0.4314 0.3922 0.1961 27.5276 2.0000 
4067 4068 48 -0.5253 1.4009 -14.1581 -0.5440 1.4367 -14.3540 0.0825 0.2000 0.4314 0.3922 0.1961 27.6658 2.0000 
4068 4069 48 -0.5440 1.4367 -14.3540 -0.5407 1.4673 -14.5516 0.0825 0.2000 0.4314 0.3922 0.1961 27.8052 2.0000 
4069 4070 48 -0.5407 1.4673 -14.5516 -0.5438 1.4786 -14.7513 0.0825 0.2000 0.4314 0.3922 0.1961 27.9456 2.0000 
4070 4071 48 -0.5438 1.4786 -14.7513 -0.5405 1.4759 -14.9512 0.0825 0.2000 0.4314 0.3922 0.1961 28.0871 2.0000 
4071 4072 48 -0.5405 1.4759 -14.9512 -0.5460 1.4733 -15.1511 0.0825 0.2000 0.4314 0.3922 0.1961 28.2297 2.0000 
4072 4073 48 -0.5460 1.4733 -15.1511 -0.5503 1.4705 -15.3511 0.0825 0.2000 0.4314 0.3922 0.1961 28.3734 2.0000 
4073 4074 48 -0.5503 1.4705 -15.3511 -0.5547 1.4717 -15.5510 0.0825 0.2000 0.4314 0.3922 0.1961 28.5184 2.0000 
4074 4075 48 -0.5547 1.4717 -15.5510 -0.5709 1.4776 -15.7503 0.0825 0.2000 0.4314 0.3922 0.1961 28.6644 2.0000 
4075 4076 48 -0.5709 1.4776 -15.7503 -0.5797 1.4512 -15.9483 0.0825 0.2000 0.4314 0.3922 0.1961 28.8117 2.0000 
4076 4077 48 -0.5797 1.4512 -15.9483 -0.5706 1.4378 -16.1477 0.0825 0.2000 0.4314 0.3922 0.1961 28.9602 2.0000 
4077 4078 48 -0.5706 1.4378 -16.1477 -0.5689 1.4305 -16.3475 0.0825 0.2000 0.4314 0.3922 0.1961 29.1100 2.0000 
4078 4079 48 -0.5689 1.4305 -16.3475 -0.5708 1.4362 -16.5474 0.0825 0.2000 0.4314 0.3922 0.1961 29.2609 2.0000 
4079 4080 48 -0.5708 1.4362 -16.5474 -0.5481 1.4179 -16.7453 0.0825 0.2000 0.4314 0.3922 0.1961 29.4132 2.0000 
4080 4081 48 -0.5481 1.4179 -16.7453 -0.5268 1.3902 -16.9422 0.0825 0.2000 0.4314 0.3922 0.1961 29.5668 2.0000 
4081 4082 48 -0.5268 1.3902 -16.9422 -0.5089 1.3791 -17.1411 0.0825 0.2000 0.4314 0.3922 0.1961 29.7216 2.0000 
4082 4083 48 -0.5089 1.3791 -17.1411 -0.4931 1.3821 -17.3405 0.0825 0.2000 0.4314 0.3922 0.1961 29.8779 2.0000 
4083 4084 48 -0.4931 1.3821 -17.3405 -0.4827 1.3802 -17.4953 0.0825 0.1552 0.4314 0.3922 0.1961 30.0000 2.0000 
74 4085 49 -0.1991 -0.0849 -9.6776 -0.0186 -0.1003 -9.7622 0.0616 0.2000 0.4314 0.3922 0.1961 24.6764 2.0000 
4085 4086 49 -0.0186 -0.1003 -9.7622 0.1677 -0.0879 -9.8340 0.0616 0.2000 0.4314 0.3922 0.1961 24.7366 2.0000 
4086 4087 49 0.1677 -0.0879 -9.8340 0.3454 -0.1214 -9.9193 0.0616 0.2000 0.4314 0.3922 0.1961 24.7973 2.0000 
4087 4088 49 0.3454 -0.1214 -9.9193 0.5060 -0.1244 -10.0386 0.0616 0.2000 0.4314 0.3922 0.1961 24.8583 2.0000 
4088 4089 49 0.5060 -0.1244 -10.0386 0.6676 -0.1447 -10.1546 0.0616 0.2000 0.4314 0.3922 0.1961 24.9197 2.0000 
4089 4090 49 0.6676 -0.1447 -10.1546 0.8293 -0.1685 -10.2699 0.0616 0.2000 0.4314 0.3922 0.1961 24.9815 2.0000 
4090 4091 49 0.8293 -0.1685 -10.2699 0.9714 -0.1900 -10.4090 0.0616 0.2000 0.4314 0.3922 0.1961 25.0437 2.0000 
4091 4092 49 0.9714 -0.1900 -10.4090 1.0994 -0.2417 -10.5537 0.0616 0.2000 0.4314 0.3922 0.1961 25.1062 2.0000 
4092 4093 49 1.0994 -0.2417 -10.5537 1.1912 -0.3162 -10.7150 0.0616 0.2000 0.4314 0.3922 0.1961 25.1692 2.0000 
4093 4094 49 1.1912 -0.3162 -10.7150 1.2878 -0.3789 -10.8785 0.0616 0.2000 0.4314 0.3922 0.1961 25.2325 2.0000 
4094 4095 49 1.2878 -0.3789 -10.8785 1.3273 -0.4289 -11.0681 0.0616 0.2000 0.4314 0.3922 0.1961 25.2963 2.0000 
4095 4096 49 1.3273 -0.4289 -11.0681 1.3720 -0.4528 -11.2616 0.0616 0.2000 0.4314 0.3922 0.1961 25.3605 2.0000 
4096 4097 49 1.3720 -0.4528 -11.2616 1.4155 -0.4535 -11.4568 0.0616 0.2000 0.4314 0.3922 0.1961 25.4251 2.0000 
4097 4098 49 1.4155 -0.4535 -11.4568 1.4542 -0.4734 -11.6520 0.0616 0.2000 0.4314 0.3922 0.1961 25.4901 2.0000 
4098 4099 49 1.4542 -0.4734 -11.6520 1.4927 -0.4932 -11.8473 0.0616 0.2000 0.4314 0.3922 0.1961 25.5556 2.0000 
4099 4100 49 1.4927 -0.4932 -11.8473 1.5318 -0.5080 -12.0429 0.0616 0.2000 0.4314 0.3922 0.1961 25.6214 2.0000 
4100 4101 49 1.5318 -0.5080 -12.0429 1.5614 -0.5177 -12.2404 0.0616 0.2000 0.4314 0.3922 0.1961 25.6878 2.0000 
4101 4102 49 1.5614 -0.5177 -12.2404 1.5809 -0.5200 -12.4394 0.0616 0.2000 0.4314 0.3922 0.1961 25.7545 2.0000 
4102 4103 49 1.5809 -0.5200 -12.4394 1.5799 -0.5257 -12.6394 0.0616 0.2000 0.4314 0.3922 0.1961 25.8218 2.0000 
4103 4104 49 1.5799 -0.5257 -12.6394 1.5813 -0.5311 -12.8393 0.0616 0.2000 0.4314 0.3922 0.1961 25.8894 2.0000 
4104 4105 49 1.5813 -0.5311 -12.8393 1.5818 -0.5168 -13.0388 0.0616 0.2000 0.4314 0.3922 0.1961 25.9576 2.0000 
4105 4106 49 1.5818 -0.5168 -13.0388 1.5816 -0.5076 -13.2386 0.0616 0.2000 0.4314 0.3922 0.1961 26.0262 2.0000 
4106 4107 49 1.5816 -0.5076 -13.2386 1.5631 -0.5143 -13.4376 0.0616 0.2000 0.4314 0.3922 0.1961 26.0953 2.0000 
4107 4108 49 1.5631 -0.5143 -13.4376 1.5330 -0.5072 -13.6352 0.0616 0.2000 0.4314 0.3922 0.1961 26.1649 2.0000 
4108 4109 49 1.5330 -0.5072 -13.6352 1.4837 -0.5328 -13.8273 0.0616 0.2000 0.4314 0.3922 0.1961 26.2350 2.0000 
4109 4110 49 1.4837 -0.5328 -13.8273 1.4348 -0.5684 -14.0180 0.0616 0.2000 0.4314 0.3922 0.1961 26.3055 2.0000 
4110 4111 49 1.4348 -0.5684 -14.0180 1.3884 -0.5722 -14.2125 0.0616 0.2000 0.4314 0.3922 0.1961 26.3766 2.0000 
4111 4112 49 1.3884 -0.5722 -14.2125 1.3410 -0.5756 -14.4067 0.0616 0.2000 0.4314 0.3922 0.1961 26.4482 2.0000 
4112 4113 49 1.3410 -0.5756 -14.4067 1.3119 -0.5489 -14.6028 0.0616 0.2000 0.4314 0.3922 0.1961 26.5203 2.0000 
4113 4114 49 1.3119 -0.5489 -14.6028 1.2968 -0.5580 -14.8020 0.0616 0.2000 0.4314 0.3922 0.1961 26.5929 2.0000 
4114 4115 49 1.2968 -0.5580 -14.8020 1.2977 -0.5589 -15.0020 0.0616 0.2000 0.4314 0.3922 0.1961 26.6661 2.0000 
4115 4116 49 1.2977 -0.5589 -15.0020 1.3023 -0.5617 -15.2019 0.0616 0.2000 0.4314 0.3922 0.1961 26.7398 2.0000 
4116 4117 49 1.3023 -0.5617 -15.2019 1.2977 -0.5646 -15.4019 0.0616 0.2000 0.4314 0.3922 0.1961 26.8141 2.0000 
4117 4118 49 1.2977 -0.5646 -15.4019 1.2940 -0.5562 -15.6017 0.0616 0.2000 0.4314 0.3922 0.1961 26.8889 2.0000 
4118 4119 49 1.2940 -0.5562 -15.6017 1.2927 -0.5393 -15.8009 0.0616 0.2000 0.4314 0.3922 0.1961 26.9643 2.0000 
4119 4120 49 1.2927 -0.5393 -15.8009 1.2711 -0.5510 -15.9994 0.0616 0.2000 0.4314 0.3922 0.1961 27.0403 2.0000 
4120 4121 49 1.2711 -0.5510 -15.9994 1.2453 -0.5230 -16.1958 0.0616 0.2000 0.4314 0.3922 0.1961 27.1169 2.0000 
4121 4122 49 1.2453 -0.5230 -16.1958 1.2134 -0.4923 -16.3908 0.0616 0.2000 0.4314 0.3922 0.1961 27.1940 2.0000 
4122 4123 49 1.2134 -0.4923 -16.3908 1.1963 -0.4959 -16.5900 0.0616 0.2000 0.4314 0.3922 0.1961 27.2718 2.0000 
4123 4124 49 1.1963 -0.4959 -16.5900 1.1627 -0.4558 -16.7831 0.0616 0.2000 0.4314 0.3922 0.1961 27.3502 2.0000 
4124 4125 49 1.1627 -0.4558 -16.7831 1.1399 -0.4260 -16.9795 0.0616 0.2000 0.4314 0.3922 0.1961 27.4292 2.0000 
4125 4126 49 1.1399 -0.4260 -16.9795 1.1064 -0.4139 -17.1763 0.0616 0.2000 0.4314 0.3922 0.1961 27.5088 2.0000 
4126 4127 49 1.1064 -0.4139 -17.1763 1.0865 -0.4258 -17.3750 0.0616 0.2000 0.4314 0.3922 0.1961 27.5891 2.0000 
4127 4128 49 1.0865 -0.4258 -17.3750 1.0677 -0.4396 -17.5736 0.0616 0.2000 0.4314 0.3922 0.1961 27.6700 2.0000 
4128 4129 49 1.0677 -0.4396 -17.5736 1.0433 -0.4527 -17.7717 0.0616 0.2000 0.4314 0.3922 0.1961 27.7516 2.0000 
4129 4130 49 1.0433 -0.4527 -17.7717 1.0196 -0.4586 -17.9702 0.0616 0.2000 0.4314 0.3922 0.1961 27.8339 2.0000 
4130 4131 49 1.0196 -0.4586 -17.9702 0.9971 -0.4598 -18.1689 0.0616 0.2000 0.4314 0.3922 0.1961 27.9169 2.0000 
4131 4132 49 0.9971 -0.4598 -18.1689 0.9826 -0.4553 -18.3683 0.0616 0.2000 0.4314 0.3922 0.1961 28.0005 2.0000 
4132 4133 49 0.9826 -0.4553 -18.3683 0.9830 -0.4652 -18.5681 0.0616 0.2000 0.4314 0.3922 0.1961 28.0849 2.0000 
4133 4134 49 0.9830 -0.4652 -18.5681 1.0040 -0.4538 -18.7667 0.0616 0.2000 0.4314 0.3922 0.1961 28.1700 2.0000 
4134 4135 49 1.0040 -0.4538 -18.7667 1.0142 -0.4476 -18.9663 0.0616 0.2000 0.4314 0.3922 0.1961 28.2558 2.0000 
4135 4136 49 1.0142 -0.4476 -18.9663 1.0227 -0.4523 -19.1661 0.0616 0.2000 0.4314 0.3922 0.1961 28.3424 2.0000 
4136 4137 49 1.0227 -0.4523 -19.1661 1.0310 -0.4569 -19.3658 0.0616 0.2000 0.4314 0.3922 0.1961 28.4298 2.0000 
4137 4138 49 1.0310 -0.4569 -19.3658 1.0328 -0.4652 -19.5657 0.0616 0.2000 0.4314 0.3922 0.1961 28.5179 2.0000 
4138 4139 49 1.0328 -0.4652 -19.5657 1.0315 -0.4717 -19.7655 0.0616 0.2000 0.4314 0.3922 0.1961 28.6068 2.0000 
4139 4140 49 1.0315 -0.4717 -19.7655 1.0303 -0.4793 -19.9654 0.0616 0.2000 0.4314 0.3922 0.1961 28.6965 2.0000 
4140 4141 49 1.0303 -0.4793 -19.9654 1.0367 -0.4826 -20.1653 0.0616 0.2000 0.4314 0.3922 0.1961 28.7870 2.0000 
4141 4142 49 1.0367 -0.4826 -20.1653 1.0416 -0.4627 -20.3642 0.0616 0.2000 0.4314 0.3922 0.1961 28.8784 2.0000 
4142 4143 49 1.0416 -0.4627 -20.3642 1.0479 -0.4407 -20.5629 0.0616 0.2000 0.4314 0.3922 0.1961 28.9706 2.0000 
4143 4144 49 1.0479 -0.4407 -20.5629 1.0407 -0.4370 -20.7627 0.0616 0.2000 0.4314 0.3922 0.1961 29.0637 2.0000 
4144 4145 49 1.0407 -0.4370 -20.7627 1.0306 -0.4221 -20.9619 0.0616 0.2000 0.4314 0.3922 0.1961 29.1577 2.0000 
4145 4146 49 1.0306 -0.4221 -20.9619 1.0214 -0.4078 -21.1612 0.0616 0.2000 0.4314 0.3922 0.1961 29.2526 2.0000 
4146 4147 49 1.0214 -0.4078 -21.1612 1.0158 -0.4008 -21.3610 0.0616 0.2000 0.4314 0.3922 0.1961 29.3483 2.0000 
4147 4148 49 1.0158 -0.4008 -21.3610 1.0047 -0.3949 -21.5606 0.0616 0.2000 0.4314 0.3922 0.1961 29.4450 2.0000 
4148 4149 49 1.0047 -0.3949 -21.5606 0.9968 -0.3859 -21.7603 0.0616 0.2000 0.4314 0.3922 0.1961 29.5427 2.0000 
4149 4150 49 0.9968 -0.3859 -21.7603 0.9713 -0.4059 -21.9576 0.0616 0.2000 0.4314 0.3922 0.1961 29.6413 2.0000 
4150 4151 49 0.9713 -0.4059 -21.9576 0.9546 -0.4143 -22.1567 0.0616 0.2000 0.4314 0.3922 0.1961 29.7410 2.0000 
4151 4152 49 0.9546 -0.4143 -22.1567 0.8948 -0.3930 -22.3464 0.0616 0.2000 0.4314 0.3922 0.1961 29.8416 2.0000 
4152 4153 49 0.8948 -0.3930 -22.3464 0.8535 -0.4297 -22.5386 0.0616 0.2000 0.4314 0.3922 0.1961 29.9433 2.0000 
4153 4154 49 0.8535 -0.4297 -22.5386 0.8306 -0.4499 -22.6450 0.0616 0.1107 0.4314 0.3922 0.1961 30.0000 2.0000 
76 4155 50 -0.1972 -0.0824 -9.8869 -0.1531 -0.2339 -10.0098 0.0533 0.2000 0.4314 0.3922 0.1961 25.0410 2.0000 
4155 4156 50 -0.1531 -0.2339 -10.0098 -0.1027 -0.3530 -10.1623 0.0533 0.2000 0.4314 0.3922 0.1961 25.1331 2.0000 
4156 4157 50 -0.1027 -0.3530 -10.1623 -0.0367 -0.4622 -10.3163 0.0533 0.2000 0.4314 0.3922 0.1961 25.2259 2.0000 
4157 4158 50 -0.0367 -0.4622 -10.3163 0.0280 -0.5677 -10.4735 0.0533 0.2000 0.4314 0.3922 0.1961 25.3193 2.0000 
4158 4159 50 0.0280 -0.5677 -10.4735 0.0904 -0.6427 -10.6480 0.0533 0.2000 0.4314 0.3922 0.1961 25.4133 2.0000 
4159 4160 50 0.0904 -0.6427 -10.6480 0.1534 -0.7103 -10.8254 0.0533 0.2000 0.4314 0.3922 0.1961 25.5081 2.0000 
4160 4161 50 0.1534 -0.7103 -10.8254 0.1596 -0.7954 -11.0063 0.0533 0.2000 0.4314 0.3922 0.1961 25.6035 2.0000 
4161 4162 50 0.1596 -0.7954 -11.0063 0.1816 -0.8373 -11.2006 0.0533 0.2000 0.4314 0.3922 0.1961 25.6996 2.0000 
4162 4163 50 0.1816 -0.8373 -11.2006 0.2246 -0.8450 -11.3958 0.0533 0.2000 0.4314 0.3922 0.1961 25.7963 2.0000 
4163 4164 50 0.2246 -0.8450 -11.3958 0.2576 -0.8530 -11.5929 0.0533 0.2000 0.4314 0.3922 0.1961 25.8938 2.0000 
4164 4165 50 0.2576 -0.8530 -11.5929 0.2354 -0.7920 -11.7821 0.0533 0.2000 0.4314 0.3922 0.1961 25.9920 2.0000 
4165 4166 50 0.2354 -0.7920 -11.7821 0.2218 -0.7420 -11.9752 0.0533 0.2000 0.4314 0.3922 0.1961 26.0909 2.0000 
4166 4167 50 0.2218 -0.7420 -11.9752 0.1965 -0.7082 -12.1707 0.0533 0.2000 0.4314 0.3922 0.1961 26.1906 2.0000 
4167 4168 50 0.1965 -0.7082 -12.1707 0.1655 -0.6867 -12.3671 0.0533 0.2000 0.4314 0.3922 0.1961 26.2910 2.0000 
4168 4169 50 0.1655 -0.6867 -12.3671 0.1467 -0.6959 -12.5660 0.0533 0.2000 0.4314 0.3922 0.1961 26.3922 2.0000 
4169 4170 50 0.1467 -0.6959 -12.5660 0.1192 -0.6941 -12.7641 0.0533 0.2000 0.4314 0.3922 0.1961 26.4941 2.0000 
4170 4171 50 0.1192 -0.6941 -12.7641 0.0877 -0.6918 -12.9616 0.0533 0.2000 0.4314 0.3922 0.1961 26.5969 2.0000 
4171 4172 50 0.0877 -0.6918 -12.9616 0.0708 -0.6981 -13.1608 0.0533 0.2000 0.4314 0.3922 0.1961 26.7004 2.0000 
4172 4173 50 0.0708 -0.6981 -13.1608 0.0624 -0.7272 -13.3585 0.0533 0.2000 0.4314 0.3922 0.1961 26.8047 2.0000 
4173 4174 50 0.0624 -0.7272 -13.3585 0.0571 -0.7556 -13.5564 0.0533 0.2000 0.4314 0.3922 0.1961 26.9098 2.0000 
4174 4175 50 0.0571 -0.7556 -13.5564 0.0457 -0.7880 -13.7534 0.0533 0.2000 0.4314 0.3922 0.1961 27.0158 2.0000 
4175 4176 50 0.0457 -0.7880 -13.7534 0.0436 -0.8125 -13.9519 0.0533 0.2000 0.4314 0.3922 0.1961 27.1226 2.0000 
4176 4177 50 0.0436 -0.8125 -13.9519 0.0151 -0.8001 -14.1495 0.0533 0.2000 0.4314 0.3922 0.1961 27.2303 2.0000 
4177 4178 50 0.0151 -0.8001 -14.1495 -0.0374 -0.7871 -14.3420 0.0533 0.2000 0.4314 0.3922 0.1961 27.3389 2.0000 
4178 4179 50 -0.0374 -0.7871 -14.3420 -0.0648 -0.7627 -14.5386 0.0533 0.2000 0.4314 0.3922 0.1961 27.4483 2.0000 
4179 4180 50 -0.0648 -0.7627 -14.5386 -0.0684 -0.7563 -14.7385 0.0533 0.2000 0.4314 0.3922 0.1961 27.5587 2.0000 
4180 4181 50 -0.0684 -0.7563 -14.7385 -0.0635 -0.7451 -14.9381 0.0533 0.2000 0.4314 0.3922 0.1961 27.6699 2.0000 
4181 4182 50 -0.0635 -0.7451 -14.9381 -0.0692 -0.7302 -15.1375 0.0533 0.2000 0.4314 0.3922 0.1961 27.7821 2.0000 
4182 4183 50 -0.0692 -0.7302 -15.1375 -0.0848 -0.7280 -15.3369 0.0533 0.2000 0.4314 0.3922 0.1961 27.8953 2.0000 
4183 4184 50 -0.0848 -0.7280 -15.3369 -0.1006 -0.7234 -15.5362 0.0533 0.2000 0.4314 0.3922 0.1961 28.0094 2.0000 
4184 4185 50 -0.1006 -0.7234 -15.5362 -0.1173 -0.7104 -15.7350 0.0533 0.2000 0.4314 0.3922 0.1961 28.1245 2.0000 
4185 4186 50 -0.1173 -0.7104 -15.7350 -0.1278 -0.6940 -15.9341 0.0533 0.2000 0.4314 0.3922 0.1961 28.2406 2.0000 
4186 4187 50 -0.1278 -0.6940 -15.9341 -0.1299 -0.6777 -16.1334 0.0533 0.2000 0.4314 0.3922 0.1961 28.3577 2.0000 
4187 4188 50 -0.1299 -0.6777 -16.1334 -0.1195 -0.6702 -16.3330 0.0533 0.2000 0.4314 0.3922 0.1961 28.4758 2.0000 
4188 4189 50 -0.1195 -0.6702 -16.3330 -0.1063 -0.6684 -16.5326 0.0533 0.2000 0.4314 0.3922 0.1961 28.5950 2.0000 
4189 4190 50 -0.1063 -0.6684 -16.5326 -0.1006 -0.6604 -16.7323 0.0533 0.2000 0.4314 0.3922 0.1961 28.7153 2.0000 
4190 4191 50 -0.1006 -0.6604 -16.7323 -0.1026 -0.6634 -16.9323 0.0533 0.2000 0.4314 0.3922 0.1961 28.8366 2.0000 
4191 4192 50 -0.1026 -0.6634 -16.9323 -0.0861 -0.6746 -17.1313 0.0533 0.2000 0.4314 0.3922 0.1961 28.9591 2.0000 
4192 4193 50 -0.0861 -0.6746 -17.1313 -0.0694 -0.6810 -17.3305 0.0533 0.2000 0.4314 0.3922 0.1961 29.0827 2.0000 
4193 4194 50 -0.0694 -0.6810 -17.3305 -0.0500 -0.6863 -17.5295 0.0533 0.2000 0.4314 0.3922 0.1961 29.2074 2.0000 
4194 4195 50 -0.0500 -0.6863 -17.5295 -0.0725 -0.6814 -17.7281 0.0533 0.2000 0.4314 0.3922 0.1961 29.3333 2.0000 
4195 4196 50 -0.0725 -0.6814 -17.7281 -0.0933 -0.6791 -17.9270 0.0533 0.2000 0.4314 0.3922 0.1961 29.4604 2.0000 
4196 4197 50 -0.0933 -0.6791 -17.9270 -0.1139 -0.6782 -18.1260 0.0533 0.2000 0.4314 0.3922 0.1961 29.5888 2.0000 
4197 4198 50 -0.1139 -0.6782 -18.1260 -0.1328 -0.6756 -18.3251 0.0533 0.2000 0.4314 0.3922 0.1961 29.7183 2.0000 
4198 4199 50 -0.1328 -0.6756 -18.3251 -0.1511 -0.6673 -18.5241 0.0533 0.2000 0.4314 0.3922 0.1961 29.8492 2.0000 
4199 4200 50 -0.1511 -0.6673 -18.5241 -0.1699 -0.6647 -18.7232 0.0533 0.2000 0.4314 0.3922 0.1961 29.9813 2.0000 
4200 4201 50 -0.1699 -0.6647 -18.7232 -0.1719 -0.6647 -18.7512 0.0533 0.0281 0.4314 0.3922 0.1961 30.0000 2.0000 
77 4202 51 -0.2030 -0.0643 -10.0073 -0.1112 0.0922 -10.0914 0.0359 0.2000 0.4314 0.3922 0.1961 25.2253 2.0000 
4202 4203 51 -0.1112 0.0922 -10.0914 -0.0283 0.2358 -10.2032 0.0359 0.2000 0.4314 0.3922 0.1961 25.3064 2.0000 
4203 4204 51 -0.0283 0.2358 -10.2032 0.0210 0.3662 -10.3466 0.0359 0.2000 0.4314 0.3922 0.1961 25.3881 2.0000 
4204 4205 51 0.0210 0.3662 -10.3466 0.0753 0.4851 -10.4980 0.0359 0.2000 0.4314 0.3922 0.1961 25.4702 2.0000 
4205 4206 51 0.0753 0.4851 -10.4980 0.1024 0.6030 -10.6572 0.0359 0.2000 0.4314 0.3922 0.1961 25.5529 2.0000 
4206 4207 51 0.1024 0.6030 -10.6572 0.1465 0.6503 -10.8465 0.0359 0.2000 0.4314 0.3922 0.1961 25.6360 2.0000 
4207 4208 51 0.1465 0.6503 -10.8465 0.1650 0.6943 -11.0407 0.0359 0.2000 0.4314 0.3922 0.1961 25.7197 2.0000 
4208 4209 51 0.1650 0.6943 -11.0407 0.1776 0.7374 -11.2356 0.0359 0.2000 0.4314 0.3922 0.1961 25.8039 2.0000 
4209 4210 51 0.1776 0.7374 -11.2356 0.1538 0.7548 -11.4334 0.0359 0.2000 0.4314 0.3922 0.1961 25.8887 2.0000 
4210 4211 51 0.1538 0.7548 -11.4334 0.1298 0.7658 -11.6317 0.0359 0.2000 0.4314 0.3922 0.1961 25.9740 2.0000 
4211 4212 51 0.1298 0.7658 -11.6317 0.1569 0.7742 -11.8297 0.0359 0.2000 0.4314 0.3922 0.1961 26.0598 2.0000 
4212 4213 51 0.1569 0.7742 -11.8297 0.1796 0.7670 -12.0282 0.0359 0.2000 0.4314 0.3922 0.1961 26.1462 2.0000 
4213 4214 51 0.1796 0.7670 -12.0282 0.2026 0.7592 -12.2268 0.0359 0.2000 0.4314 0.3922 0.1961 26.2332 2.0000 
4214 4215 51 0.2026 0.7592 -12.2268 0.2124 0.7601 -12.4265 0.0359 0.2000 0.4314 0.3922 0.1961 26.3208 2.0000 
4215 4216 51 0.2124 0.7601 -12.4265 0.2096 0.7536 -12.6264 0.0359 0.2000 0.4314 0.3922 0.1961 26.4089 2.0000 
4216 4217 51 0.2096 0.7536 -12.6264 0.2102 0.7431 -12.8261 0.0359 0.2000 0.4314 0.3922 0.1961 26.4976 2.0000 
4217 4218 51 0.2102 0.7431 -12.8261 0.2111 0.7492 -13.0260 0.0359 0.2000 0.4314 0.3922 0.1961 26.5869 2.0000 
4218 4219 51 0.2111 0.7492 -13.0260 0.2149 0.7490 -13.2260 0.0359 0.2000 0.4314 0.3922 0.1961 26.6768 2.0000 
4219 4220 51 0.2149 0.7490 -13.2260 0.2206 0.7477 -13.4259 0.0359 0.2000 0.4314 0.3922 0.1961 26.7673 2.0000 
4220 4221 51 0.2206 0.7477 -13.4259 0.2238 0.7417 -13.6258 0.0359 0.2000 0.4314 0.3922 0.1961 26.8585 2.0000 
4221 4222 51 0.2238 0.7417 -13.6258 0.2294 0.7413 -13.8257 0.0359 0.2000 0.4314 0.3922 0.1961 26.9502 2.0000 
4222 4223 51 0.2294 0.7413 -13.8257 0.2412 0.7281 -14.0249 0.0359 0.2000 0.4314 0.3922 0.1961 27.0426 2.0000 
4223 4224 51 0.2412 0.7281 -14.0249 0.2499 0.7145 -14.2243 0.0359 0.2000 0.4314 0.3922 0.1961 27.1357 2.0000 
4224 4225 51 0.2499 0.7145 -14.2243 0.2628 0.7021 -14.4235 0.0359 0.2000 0.4314 0.3922 0.1961 27.2294 2.0000 
4225 4226 51 0.2628 0.7021 -14.4235 0.2753 0.6875 -14.6225 0.0359 0.2000 0.4314 0.3922 0.1961 27.3237 2.0000 
4226 4227 51 0.2753 0.6875 -14.6225 0.2930 0.6837 -14.8217 0.0359 0.2000 0.4314 0.3922 0.1961 27.4188 2.0000 
4227 4228 51 0.2930 0.6837 -14.8217 0.3118 0.6802 -15.0208 0.0359 0.2000 0.4314 0.3922 0.1961 27.5145 2.0000 
4228 4229 51 0.3118 0.6802 -15.0208 0.3363 0.6799 -15.2193 0.0359 0.2000 0.4314 0.3922 0.1961 27.6109 2.0000 
4229 4230 51 0.3363 0.6799 -15.2193 0.3395 0.6930 -15.4188 0.0359 0.2000 0.4314 0.3922 0.1961 27.7080 2.0000 
4230 4231 51 0.3395 0.6930 -15.4188 0.3362 0.7050 -15.6184 0.0359 0.2000 0.4314 0.3922 0.1961 27.8059 2.0000 
4231 4232 51 0.3362 0.7050 -15.6184 0.3270 0.7090 -15.8182 0.0359 0.2000 0.4314 0.3922 0.1961 27.9044 2.0000 
4232 4233 51 0.3270 0.7090 -15.8182 0.3220 0.7165 -16.0180 0.0359 0.2000 0.4314 0.3922 0.1961 28.0037 2.0000 
4233 4234 51 0.3220 0.7165 -16.0180 0.2916 0.7243 -16.2155 0.0359 0.2000 0.4314 0.3922 0.1961 28.1037 2.0000 
4234 4235 51 0.2916 0.7243 -16.2155 0.2654 0.7359 -16.4134 0.0359 0.2000 0.4314 0.3922 0.1961 28.2045 2.0000 
4235 4236 51 0.2654 0.7359 -16.4134 0.2233 0.7583 -16.6077 0.0359 0.2000 0.4314 0.3922 0.1961 28.3061 2.0000 
4236 4237 51 0.2233 0.7583 -16.6077 0.2029 0.7803 -16.8054 0.0359 0.2000 0.4314 0.3922 0.1961 28.4084 2.0000 
4237 4238 51 0.2029 0.7803 -16.8054 0.1775 0.8110 -17.0014 0.0359 0.2000 0.4314 0.3922 0.1961 28.5116 2.0000 
4238 4239 51 0.1775 0.8110 -17.0014 0.1534 0.7944 -17.1993 0.0359 0.2000 0.4314 0.3922 0.1961 28.6155 2.0000 
4239 4240 51 0.1534 0.7944 -17.1993 0.1300 0.7829 -17.3976 0.0359 0.2000 0.4314 0.3922 0.1961 28.7203 2.0000 
4240 4241 51 0.1300 0.7829 -17.3976 0.1067 0.7794 -17.5962 0.0359 0.2000 0.4314 0.3922 0.1961 28.8259 2.0000 
4241 4242 51 0.1067 0.7794 -17.5962 0.1011 0.7777 -17.7961 0.0359 0.2000 0.4314 0.3922 0.1961 28.9323 2.0000 
4242 4243 51 0.1011 0.7777 -17.7961 0.0817 0.7744 -17.9951 0.0359 0.2000 0.4314 0.3922 0.1961 29.0396 2.0000 
4243 4244 51 0.0817 0.7744 -17.9951 0.0722 0.7774 -18.1949 0.0359 0.2000 0.4314 0.3922 0.1961 29.1478 2.0000 
4244 4245 51 0.0722 0.7774 -18.1949 0.0628 0.7804 -18.3946 0.0359 0.2000 0.4314 0.3922 0.1961 29.2568 2.0000 
4245 4246 51 0.0628 0.7804 -18.3946 0.0644 0.7605 -18.5936 0.0359 0.2000 0.4314 0.3922 0.1961 29.3668 2.0000 
4246 4247 51 0.0644 0.7605 -18.5936 0.0600 0.7501 -18.7933 0.0359 0.2000 0.4314 0.3922 0.1961 29.4776 2.0000 
4247 4248 51 0.0600 0.7501 -18.7933 0.0871 0.7526 -18.9914 0.0359 0.2000 0.4314 0.3922 0.1961 29.5894 2.0000 
4248 4249 51 0.0871 0.7526 -18.9914 0.0982 0.7478 -19.1911 0.0359 0.2000 0.4314 0.3922 0.1961 29.7021 2.0000 
4249 4250 51 0.0982 0.7478 -19.1911 0.1023 0.7539 -19.3909 0.0359 0.2000 0.4314 0.3922 0.1961 29.8158 2.0000 
4250 4251 51 0.1023 0.7539 -19.3909 0.1024 0.7573 -19.5909 0.0359 0.2000 0.4314 0.3922 0.1961 29.9305 2.0000 
4251 4252 51 0.1024 0.7573 -19.5909 0.1071 0.7538 -19.7111 0.0359 0.1203 0.4314 0.3922 0.1961 30.0000 2.0000 
79 4253 52 -0.2405 -0.0536 -10.2938 -0.3054 0.1168 -10.3759 0.0564 0.2000 0.4314 0.3922 0.1961 25.7363 2.0000 
4253 4254 52 -0.3054 0.1168 -10.3759 -0.3538 0.2933 -10.4565 0.0564 0.2000 0.4314 0.3922 0.1961 25.8622 2.0000 
4254 4255 52 -0.3538 0.2933 -10.4565 -0.4291 0.4576 -10.5422 0.0564 0.2000 0.4314 0.3922 0.1961 25.9890 2.0000 
4255 4256 52 -0.4291 0.4576 -10.5422 -0.4984 0.6229 -10.6308 0.0564 0.2000 0.4314 0.3922 0.1961 26.1165 2.0000 
4256 4257 52 -0.4984 0.6229 -10.6308 -0.5713 0.7550 -10.7622 0.0564 0.2000 0.4314 0.3922 0.1961 26.2450 2.0000 
4257 4258 52 -0.5713 0.7550 -10.7622 -0.5913 0.8483 -10.9379 0.0564 0.2000 0.4314 0.3922 0.1961 26.3742 2.0000 
4258 4259 52 -0.5913 0.8483 -10.9379 -0.6221 0.9447 -11.1105 0.0564 0.2000 0.4314 0.3922 0.1961 26.5044 2.0000 
4259 4260 52 -0.6221 0.9447 -11.1105 -0.6643 1.0287 -11.2870 0.0564 0.2000 0.4314 0.3922 0.1961 26.6353 2.0000 
4260 4261 52 -0.6643 1.0287 -11.2870 -0.7074 1.1104 -11.4644 0.0564 0.2000 0.4314 0.3922 0.1961 26.7672 2.0000 
4261 4262 52 -0.7074 1.1104 -11.4644 -0.7618 1.1755 -11.6455 0.0564 0.2000 0.4314 0.3922 0.1961 26.9000 2.0000 
4262 4263 52 -0.7618 1.1755 -11.6455 -0.8025 1.2342 -11.8323 0.0564 0.2000 0.4314 0.3922 0.1961 27.0337 2.0000 
4263 4264 52 -0.8025 1.2342 -11.8323 -0.8323 1.2387 -12.0300 0.0564 0.2000 0.4314 0.3922 0.1961 27.1683 2.0000 
4264 4265 52 -0.8323 1.2387 -12.0300 -0.7939 1.2755 -12.2228 0.0564 0.2000 0.4314 0.3922 0.1961 27.3038 2.0000 
4265 4266 52 -0.7939 1.2755 -12.2228 -0.7634 1.3118 -12.4171 0.0564 0.2000 0.4314 0.3922 0.1961 27.4402 2.0000 
4266 4267 52 -0.7634 1.3118 -12.4171 -0.7355 1.3446 -12.6124 0.0564 0.2000 0.4314 0.3922 0.1961 27.5777 2.0000 
4267 4268 52 -0.7355 1.3446 -12.6124 -0.7127 1.3603 -12.8105 0.0564 0.2000 0.4314 0.3922 0.1961 27.7161 2.0000 
4268 4269 52 -0.7127 1.3603 -12.8105 -0.6898 1.3766 -13.0085 0.0564 0.2000 0.4314 0.3922 0.1961 27.8554 2.0000 
4269 4270 52 -0.6898 1.3766 -13.0085 -0.7076 1.3806 -13.2077 0.0564 0.2000 0.4314 0.3922 0.1961 27.9958 2.0000 
4270 4271 52 -0.7076 1.3806 -13.2077 -0.7192 1.3814 -13.4073 0.0564 0.2000 0.4314 0.3922 0.1961 28.1372 2.0000 
4271 4272 52 -0.7192 1.3814 -13.4073 -0.7359 1.3773 -13.6066 0.0564 0.2000 0.4314 0.3922 0.1961 28.2796 2.0000 
4272 4273 52 -0.7359 1.3773 -13.6066 -0.7339 1.3708 -13.8065 0.0564 0.2000 0.4314 0.3922 0.1961 28.4231 2.0000 
4273 4274 52 -0.7339 1.3708 -13.8065 -0.7220 1.3509 -14.0051 0.0564 0.2000 0.4314 0.3922 0.1961 28.5676 2.0000 
4274 4275 52 -0.7220 1.3509 -14.0051 -0.7148 1.3366 -14.2045 0.0564 0.2000 0.4314 0.3922 0.1961 28.7132 2.0000 
4275 4276 52 -0.7148 1.3366 -14.2045 -0.7281 1.3357 -14.4040 0.0564 0.2000 0.4314 0.3922 0.1961 28.8599 2.0000 
4276 4277 52 -0.7281 1.3357 -14.4040 -0.7486 1.3097 -14.6013 0.0564 0.2000 0.4314 0.3922 0.1961 29.0077 2.0000 
4277 4278 52 -0.7486 1.3097 -14.6013 -0.7583 1.2972 -14.8007 0.0564 0.2000 0.4314 0.3922 0.1961 29.1566 2.0000 
4278 4279 52 -0.7583 1.2972 -14.8007 -0.7415 1.2878 -14.9997 0.0564 0.2000 0.4314 0.3922 0.1961 29.3067 2.0000 
4279 4280 52 -0.7415 1.2878 -14.9997 -0.7183 1.2671 -15.1973 0.0564 0.2000 0.4314 0.3922 0.1961 29.4579 2.0000 
4280 4281 52 -0.7183 1.2671 -15.1973 -0.6834 1.2494 -15.3934 0.0564 0.2000 0.4314 0.3922 0.1961 29.6103 2.0000 
4281 4282 52 -0.6834 1.2494 -15.3934 -0.6483 1.2363 -15.5899 0.0564 0.2000 0.4314 0.3922 0.1961 29.7639 2.0000 
4282 4283 52 -0.6483 1.2363 -15.5899 -0.6100 1.2359 -15.7862 0.0564 0.2000 0.4314 0.3922 0.1961 29.9187 2.0000 
4283 4284 52 -0.6100 1.2359 -15.7862 -0.5912 1.2325 -15.8889 0.0564 0.1045 0.4314 0.3922 0.1961 30.0000 2.0000 
80 4285 53 -0.2614 -0.0442 -10.4043 -0.4483 -0.0904 -10.4586 0.0491 0.2000 0.4314 0.3922 0.1961 25.9056 2.0000 
4285 4286 53 -0.4483 -0.0904 -10.4586 -0.6298 -0.1449 -10.5225 0.0491 0.2000 0.4314 0.3922 0.1961 26.0176 2.0000 
4286 4287 53 -0.6298 -0.1449 -10.5225 -0.8160 -0.1887 -10.5810 0.0491 0.2000 0.4314 0.3922 0.1961 26.1304 2.0000 
4287 4288 53 -0.8160 -0.1887 -10.5810 -0.9938 -0.2090 -10.6702 0.0491 0.2000 0.4314 0.3922 0.1961 26.2440 2.0000 
4288 4289 53 -0.9938 -0.2090 -10.6702 -1.1546 -0.2398 -10.7851 0.0491 0.2000 0.4314 0.3922 0.1961 26.3583 2.0000 
4289 4290 53 -1.1546 -0.2398 -10.7851 -1.3019 -0.2668 -10.9177 0.0491 0.2000 0.4314 0.3922 0.1961 26.4735 2.0000 
4290 4291 53 -1.3019 -0.2668 -10.9177 -1.4453 -0.2846 -11.0560 0.0491 0.2000 0.4314 0.3922 0.1961 26.5894 2.0000 
4291 4292 53 -1.4453 -0.2846 -11.0560 -1.5530 -0.2811 -11.2245 0.0491 0.2000 0.4314 0.3922 0.1961 26.7062 2.0000 
4292 4293 53 -1.5530 -0.2811 -11.2245 -1.6566 -0.2752 -11.3954 0.0491 0.2000 0.4314 0.3922 0.1961 26.8239 2.0000 
4293 4294 53 -1.6566 -0.2752 -11.3954 -1.7715 -0.3122 -11.5549 0.0491 0.2000 0.4314 0.3922 0.1961 26.9423 2.0000 
4294 4295 53 -1.7715 -0.3122 -11.5549 -1.8451 -0.3388 -11.7390 0.0491 0.2000 0.4314 0.3922 0.1961 27.0616 2.0000 
4295 4296 53 -1.8451 -0.3388 -11.7390 -1.9100 -0.3227 -11.9275 0.0491 0.2000 0.4314 0.3922 0.1961 27.1818 2.0000 
4296 4297 53 -1.9100 -0.3227 -11.9275 -1.9832 -0.3007 -12.1123 0.0491 0.2000 0.4314 0.3922 0.1961 27.3029 2.0000 
4297 4298 53 -1.9832 -0.3007 -12.1123 -2.0477 -0.2685 -12.2988 0.0491 0.2000 0.4314 0.3922 0.1961 27.4249 2.0000 
4298 4299 53 -2.0477 -0.2685 -12.2988 -2.0932 -0.2148 -12.4860 0.0491 0.2000 0.4314 0.3922 0.1961 27.5478 2.0000 
4299 4300 53 -2.0932 -0.2148 -12.4860 -2.1343 -0.1597 -12.6738 0.0491 0.2000 0.4314 0.3922 0.1961 27.6716 2.0000 
4300 4301 53 -2.1343 -0.1597 -12.6738 -2.1740 -0.1441 -12.8692 0.0491 0.2000 0.4314 0.3922 0.1961 27.7963 2.0000 
4301 4302 53 -2.1740 -0.1441 -12.8692 -2.2093 -0.1305 -13.0656 0.0491 0.2000 0.4314 0.3922 0.1961 27.9220 2.0000 
4302 4303 53 -2.2093 -0.1305 -13.0656 -2.2437 -0.1297 -13.2626 0.0491 0.2000 0.4314 0.3922 0.1961 28.0487 2.0000 
4303 4304 53 -2.2437 -0.1297 -13.2626 -2.2729 -0.1311 -13.4605 0.0491 0.2000 0.4314 0.3922 0.1961 28.1763 2.0000 
4304 4305 53 -2.2729 -0.1311 -13.4605 -2.2876 -0.1318 -13.6600 0.0491 0.2000 0.4314 0.3922 0.1961 28.3050 2.0000 
4305 4306 53 -2.2876 -0.1318 -13.6600 -2.2771 -0.1207 -13.8594 0.0491 0.2000 0.4314 0.3922 0.1961 28.4346 2.0000 
4306 4307 53 -2.2771 -0.1207 -13.8594 -2.2665 -0.1106 -14.0588 0.0491 0.2000 0.4314 0.3922 0.1961 28.5653 2.0000 
4307 4308 53 -2.2665 -0.1106 -14.0588 -2.2604 -0.0970 -14.2583 0.0491 0.2000 0.4314 0.3922 0.1961 28.6971 2.0000 
4308 4309 53 -2.2604 -0.0970 -14.2583 -2.2595 -0.0910 -14.4582 0.0491 0.2000 0.4314 0.3922 0.1961 28.8298 2.0000 
4309 4310 53 -2.2595 -0.0910 -14.4582 -2.2601 -0.0907 -14.6582 0.0491 0.2000 0.4314 0.3922 0.1961 28.9637 2.0000 
4310 4311 53 -2.2601 -0.0907 -14.6582 -2.2622 -0.0907 -14.8582 0.0491 0.2000 0.4314 0.3922 0.1961 29.0987 2.0000 
4311 4312 53 -2.2622 -0.0907 -14.8582 -2.2640 -0.0904 -15.0582 0.0491 0.2000 0.4314 0.3922 0.1961 29.2348 2.0000 
4312 4313 53 -2.2640 -0.0904 -15.0582 -2.2596 -0.0875 -15.2581 0.0491 0.2000 0.4314 0.3922 0.1961 29.3720 2.0000 
4313 4314 53 -2.2596 -0.0875 -15.2581 -2.2640 -0.0904 -15.4580 0.0491 0.2000 0.4314 0.3922 0.1961 29.5103 2.0000 
4314 4315 53 -2.2640 -0.0904 -15.4580 -2.2570 -0.0799 -15.6576 0.0491 0.2000 0.4314 0.3922 0.1961 29.6499 2.0000 
4315 4316 53 -2.2570 -0.0799 -15.6576 -2.2487 -0.0751 -15.8574 0.0491 0.2000 0.4314 0.3922 0.1961 29.7906 2.0000 
4316 4317 53 -2.2487 -0.0751 -15.8574 -2.2519 -0.0747 -16.0574 0.0491 0.2000 0.4314 0.3922 0.1961 29.9326 2.0000 
4317 4318 53 -2.2519 -0.0747 -16.0574 -2.2543 -0.0771 -16.1517 0.0491 0.0944 0.4314 0.3922 0.1961 30.0000 2.0000 
82 4319 54 -0.2890 -0.0573 -10.6140 -0.4650 -0.1497 -10.6359 0.0607 0.2000 0.4314 0.3922 0.1961 26.2720 2.0000 
4319 4320 54 -0.4650 -0.1497 -10.6359 -0.6398 -0.2366 -10.6796 0.0607 0.2000 0.4314 0.3922 0.1961 26.4041 2.0000 
4320 4321 54 -0.6398 -0.2366 -10.6796 -0.8305 -0.2947 -10.6958 0.0607 0.2000 0.4314 0.3922 0.1961 26.5371 2.0000 
4321 4322 54 -0.8305 -0.2947 -10.6958 -0.9973 -0.3912 -10.7492 0.0607 0.2000 0.4314 0.3922 0.1961 26.6709 2.0000 
4322 4323 54 -0.9973 -0.3912 -10.7492 -1.1730 -0.4539 -10.8213 0.0607 0.2000 0.4314 0.3922 0.1961 26.8056 2.0000 
4323 4324 54 -1.1730 -0.4539 -10.8213 -1.3484 -0.4919 -10.9095 0.0607 0.2000 0.4314 0.3922 0.1961 26.9411 2.0000 
4324 4325 54 -1.3484 -0.4919 -10.9095 -1.4972 -0.4910 -11.0433 0.0607 0.2000 0.4314 0.3922 0.1961 27.0775 2.0000 
4325 4326 54 -1.4972 -0.4910 -11.0433 -1.6270 -0.4942 -11.1954 0.0607 0.2000 0.4314 0.3922 0.1961 27.2148 2.0000 
4326 4327 54 -1.6270 -0.4942 -11.1954 -1.7514 -0.4907 -11.3519 0.0607 0.2000 0.4314 0.3922 0.1961 27.3529 2.0000 
4327 4328 54 -1.7514 -0.4907 -11.3519 -1.8736 -0.4958 -11.5102 0.0607 0.2000 0.4314 0.3922 0.1961 27.4920 2.0000 
4328 4329 54 -1.8736 -0.4958 -11.5102 -1.9678 -0.5043 -11.6864 0.0607 0.2000 0.4314 0.3922 0.1961 27.6320 2.0000 
4329 4330 54 -1.9678 -0.5043 -11.6864 -2.0504 -0.5183 -11.8680 0.0607 0.2000 0.4314 0.3922 0.1961 27.7729 2.0000 
4330 4331 54 -2.0504 -0.5183 -11.8680 -2.1313 -0.5284 -12.0506 0.0607 0.2000 0.4314 0.3922 0.1961 27.9148 2.0000 
4331 4332 54 -2.1313 -0.5284 -12.0506 -2.1937 -0.5352 -12.2405 0.0607 0.2000 0.4314 0.3922 0.1961 28.0576 2.0000 
4332 4333 54 -2.1937 -0.5352 -12.2405 -2.2576 -0.5242 -12.4297 0.0607 0.2000 0.4314 0.3922 0.1961 28.2013 2.0000 
4333 4334 54 -2.2576 -0.5242 -12.4297 -2.3191 -0.5146 -12.6198 0.0607 0.2000 0.4314 0.3922 0.1961 28.3461 2.0000 
4334 4335 54 -2.3191 -0.5146 -12.6198 -2.3269 -0.4776 -12.8162 0.0607 0.2000 0.4314 0.3922 0.1961 28.4918 2.0000 
4335 4336 54 -2.3269 -0.4776 -12.8162 -2.3413 -0.4804 -13.0156 0.0607 0.2000 0.4314 0.3922 0.1961 28.6386 2.0000 
4336 4337 54 -2.3413 -0.4804 -13.0156 -2.3515 -0.4774 -13.2153 0.0607 0.2000 0.4314 0.3922 0.1961 28.7863 2.0000 
4337 4338 54 -2.3515 -0.4774 -13.2153 -2.3582 -0.4951 -13.4145 0.0607 0.2000 0.4314 0.3922 0.1961 28.9352 2.0000 
4338 4339 54 -2.3582 -0.4951 -13.4145 -2.3761 -0.5143 -13.6127 0.0607 0.2000 0.4314 0.3922 0.1961 29.0850 2.0000 
4339 4340 54 -2.3761 -0.5143 -13.6127 -2.3830 -0.5345 -13.8116 0.0607 0.2000 0.4314 0.3922 0.1961 29.2359 2.0000 
4340 4341 54 -2.3830 -0.5345 -13.8116 -2.3913 -0.5502 -14.0108 0.0607 0.2000 0.4314 0.3922 0.1961 29.3879 2.0000 
4341 4342 54 -2.3913 -0.5502 -14.0108 -2.3947 -0.5147 -14.2076 0.0607 0.2000 0.4314 0.3922 0.1961 29.5410 2.0000 
4342 4343 54 -2.3947 -0.5147 -14.2076 -2.3901 -0.5028 -14.4072 0.0607 0.2000 0.4314 0.3922 0.1961 29.6952 2.0000 
4343 4344 54 -2.3901 -0.5028 -14.4072 -2.4102 -0.4807 -14.6049 0.0607 0.2000 0.4314 0.3922 0.1961 29.8505 2.0000 
4344 4345 54 -2.4102 -0.4807 -14.6049 -2.4503 -0.4522 -14.7896 0.0607 0.1911 0.4314 0.3922 0.1961 30.0000 2.0000 
83 4346 55 -0.3031 -0.0607 -10.7594 -0.4924 -0.0912 -10.8163 0.0616 0.2000 0.4314 0.3922 0.1961 26.4418 2.0000 
4346 4347 55 -0.4924 -0.0912 -10.8163 -0.6717 -0.1029 -10.9042 0.0616 0.2000 0.4314 0.3922 0.1961 26.5030 2.0000 
4347 4348 55 -0.6717 -0.1029 -10.9042 -0.8330 -0.1438 -11.0151 0.0616 0.2000 0.4314 0.3922 0.1961 26.5646 2.0000 
4348 4349 55 -0.8330 -0.1438 -11.0151 -1.0001 -0.1518 -11.1248 0.0616 0.2000 0.4314 0.3922 0.1961 26.6267 2.0000 
4349 4350 55 -1.0001 -0.1518 -11.1248 -1.1638 -0.1551 -11.2396 0.0616 0.2000 0.4314 0.3922 0.1961 26.6891 2.0000 
4350 4351 55 -1.1638 -0.1551 -11.2396 -1.3270 -0.1476 -11.3551 0.0616 0.2000 0.4314 0.3922 0.1961 26.7520 2.0000 
4351 4352 55 -1.3270 -0.1476 -11.3551 -1.4929 -0.1458 -11.4667 0.0616 0.2000 0.4314 0.3922 0.1961 26.8153 2.0000 
4352 4353 55 -1.4929 -0.1458 -11.4667 -1.6643 -0.1628 -11.5684 0.0616 0.2000 0.4314 0.3922 0.1961 26.8791 2.0000 
4353 4354 55 -1.6643 -0.1628 -11.5684 -1.8142 -0.1934 -11.6973 0.0616 0.2000 0.4314 0.3922 0.1961 26.9433 2.0000 
4354 4355 55 -1.8142 -0.1934 -11.6973 -1.9546 -0.2296 -11.8350 0.0616 0.2000 0.4314 0.3922 0.1961 27.0079 2.0000 
4355 4356 55 -1.9546 -0.2296 -11.8350 -2.0921 -0.2559 -11.9778 0.0616 0.2000 0.4314 0.3922 0.1961 27.0731 2.0000 
4356 4357 55 -2.0921 -0.2559 -11.9778 -2.2285 -0.2710 -12.1233 0.0616 0.2000 0.4314 0.3922 0.1961 27.1386 2.0000 
4357 4358 55 -2.2285 -0.2710 -12.1233 -2.3537 -0.3106 -12.2742 0.0616 0.2000 0.4314 0.3922 0.1961 27.2047 2.0000 
4358 4359 55 -2.3537 -0.3106 -12.2742 -2.4660 -0.3443 -12.4361 0.0616 0.2000 0.4314 0.3922 0.1961 27.2712 2.0000 
4359 4360 55 -2.4660 -0.3443 -12.4361 -2.5515 -0.3733 -12.6146 0.0616 0.2000 0.4314 0.3922 0.1961 27.3382 2.0000 
4360 4361 55 -2.5515 -0.3733 -12.6146 -2.6180 -0.3889 -12.8026 0.0616 0.2000 0.4314 0.3922 0.1961 27.4057 2.0000 
4361 4362 55 -2.6180 -0.3889 -12.8026 -2.6796 -0.4388 -12.9862 0.0616 0.2000 0.4314 0.3922 0.1961 27.4737 2.0000 
4362 4363 55 -2.6796 -0.4388 -12.9862 -2.7444 -0.4643 -13.1737 0.0616 0.2000 0.4314 0.3922 0.1961 27.5422 2.0000 
4363 4364 55 -2.7444 -0.4643 -13.1737 -2.7971 -0.4949 -13.3642 0.0616 0.2000 0.4314 0.3922 0.1961 27.6112 2.0000 
4364 4365 55 -2.7971 -0.4949 -13.3642 -2.8255 -0.5685 -13.5480 0.0616 0.2000 0.4314 0.3922 0.1961 27.6807 2.0000 
4365 4366 55 -2.8255 -0.5685 -13.5480 -2.8607 -0.6054 -13.7414 0.0616 0.2000 0.4314 0.3922 0.1961 27.7508 2.0000 
4366 4367 55 -2.8607 -0.6054 -13.7414 -2.8517 -0.6086 -13.9411 0.0616 0.2000 0.4314 0.3922 0.1961 27.8214 2.0000 
4367 4368 55 -2.8517 -0.6086 -13.9411 -2.8459 -0.6138 -14.1410 0.0616 0.2000 0.4314 0.3922 0.1961 27.8925 2.0000 
4368 4369 55 -2.8459 -0.6138 -14.1410 -2.8388 -0.6159 -14.3409 0.0616 0.2000 0.4314 0.3922 0.1961 27.9642 2.0000 
4369 4370 55 -2.8388 -0.6159 -14.3409 -2.8333 -0.6185 -14.5408 0.0616 0.2000 0.4314 0.3922 0.1961 28.0365 2.0000 
4370 4371 55 -2.8333 -0.6185 -14.5408 -2.8257 -0.6271 -14.7404 0.0616 0.2000 0.4314 0.3922 0.1961 28.1093 2.0000 
4371 4372 55 -2.8257 -0.6271 -14.7404 -2.8211 -0.6170 -14.9401 0.0616 0.2000 0.4314 0.3922 0.1961 28.1827 2.0000 
4372 4373 55 -2.8211 -0.6170 -14.9401 -2.8216 -0.6186 -15.1401 0.0616 0.2000 0.4314 0.3922 0.1961 28.2567 2.0000 
4373 4374 55 -2.8216 -0.6186 -15.1401 -2.8167 -0.6028 -15.3394 0.0616 0.2000 0.4314 0.3922 0.1961 28.3313 2.0000 
4374 4375 55 -2.8167 -0.6028 -15.3394 -2.8119 -0.5930 -15.5391 0.0616 0.2000 0.4314 0.3922 0.1961 28.4065 2.0000 
4375 4376 55 -2.8119 -0.5930 -15.5391 -2.8067 -0.5829 -15.7388 0.0616 0.2000 0.4314 0.3922 0.1961 28.4824 2.0000 
4376 4377 55 -2.8067 -0.5829 -15.7388 -2.8006 -0.5739 -15.9385 0.0616 0.2000 0.4314 0.3922 0.1961 28.5588 2.0000 
4377 4378 55 -2.8006 -0.5739 -15.9385 -2.7769 -0.5829 -16.1369 0.0616 0.2000 0.4314 0.3922 0.1961 28.6359 2.0000 
4378 4379 55 -2.7769 -0.5829 -16.1369 -2.7517 -0.5924 -16.3351 0.0616 0.2000 0.4314 0.3922 0.1961 28.7136 2.0000 
4379 4380 55 -2.7517 -0.5924 -16.3351 -2.7305 -0.6068 -16.5334 0.0616 0.2000 0.4314 0.3922 0.1961 28.7921 2.0000 
4380 4381 55 -2.7305 -0.6068 -16.5334 -2.7081 -0.6140 -16.7321 0.0616 0.2000 0.4314 0.3922 0.1961 28.8711 2.0000 
4381 4382 55 -2.7081 -0.6140 -16.7321 -2.7273 -0.6386 -16.9296 0.0616 0.2000 0.4314 0.3922 0.1961 28.9509 2.0000 
4382 4383 55 -2.7273 -0.6386 -16.9296 -2.7296 -0.6643 -17.1279 0.0616 0.2000 0.4314 0.3922 0.1961 29.0314 2.0000 
4383 4384 55 -2.7296 -0.6643 -17.1279 -2.7362 -0.6819 -17.3270 0.0616 0.2000 0.4314 0.3922 0.1961 29.1125 2.0000 
4384 4385 55 -2.7362 -0.6819 -17.3270 -2.7415 -0.6815 -17.5270 0.0616 0.2000 0.4314 0.3922 0.1961 29.1944 2.0000 
4385 4386 55 -2.7415 -0.6815 -17.5270 -2.7269 -0.6824 -17.7264 0.0616 0.2000 0.4314 0.3922 0.1961 29.2770 2.0000 
4386 4387 55 -2.7269 -0.6824 -17.7264 -2.7049 -0.6775 -17.9252 0.0616 0.2000 0.4314 0.3922 0.1961 29.3604 2.0000 
4387 4388 55 -2.7049 -0.6775 -17.9252 -2.7254 -0.7088 -18.1217 0.0616 0.2000 0.4314 0.3922 0.1961 29.4446 2.0000 
4388 4389 55 -2.7254 -0.7088 -18.1217 -2.7641 -0.7451 -18.3145 0.0616 0.2000 0.4314 0.3922 0.1961 29.5295 2.0000 
4389 4390 55 -2.7641 -0.7451 -18.3145 -2.8001 -0.7907 -18.5058 0.0616 0.2000 0.4314 0.3922 0.1961 29.6152 2.0000 
4390 4391 55 -2.8001 -0.7907 -18.5058 -2.8439 -0.8229 -18.6983 0.0616 0.2000 0.4314 0.3922 0.1961 29.7017 2.0000 
4391 4392 55 -2.8439 -0.8229 -18.6983 -2.8736 -0.8308 -18.8959 0.0616 0.2000 0.4314 0.3922 0.1961 29.7890 2.0000 
4392 4393 55 -2.8736 -0.8308 -18.8959 -2.9026 -0.8348 -19.0938 0.0616 0.2000 0.4314 0.3922 0.1961 29.8772 2.0000 
4393 4394 55 -2.9026 -0.8348 -19.0938 -2.9084 -0.8160 -19.2928 0.0616 0.2000 0.4314 0.3922 0.1961 29.9662 2.0000 
4394 4395 55 -2.9084 -0.8160 -19.2928 -2.9168 -0.8093 -19.3676 0.0616 0.0755 0.4314 0.3922 0.1961 30.0000 2.0000 
84 4396 56 -0.3097 -0.0621 -10.8421 -0.5007 -0.0563 -10.9011 0.0589 0.2000 0.4314 0.3922 0.1961 26.6403 2.0000 
4396 4397 56 -0.5007 -0.0563 -10.9011 -0.6896 -0.0493 -10.9665 0.0589 0.2000 0.4314 0.3922 0.1961 26.7634 2.0000 
4397 4398 56 -0.6896 -0.0493 -10.9665 -0.8731 -0.0428 -11.0456 0.0589 0.2000 0.4314 0.3922 0.1961 26.8874 2.0000 
4398 4399 56 -0.8731 -0.0428 -11.0456 -1.0551 -0.0298 -11.1277 0.0589 0.2000 0.4314 0.3922 0.1961 27.0121 2.0000 
4399 4400 56 -1.0551 -0.0298 -11.1277 -1.2216 -0.0046 -11.2355 0.0589 0.2000 0.4314 0.3922 0.1961 27.1376 2.0000 
4400 4401 56 -1.2216 -0.0046 -11.2355 -1.3885 0.0352 -11.3382 0.0589 0.2000 0.4314 0.3922 0.1961 27.2639 2.0000 
4401 4402 56 -1.3885 0.0352 -11.3382 -1.5520 0.0824 -11.4434 0.0589 0.2000 0.4314 0.3922 0.1961 27.3910 2.0000 
4402 4403 56 -1.5520 0.0824 -11.4434 -1.7158 0.1205 -11.5516 0.0589 0.2000 0.4314 0.3922 0.1961 27.5190 2.0000 
4403 4404 56 -1.7158 0.1205 -11.5516 -1.8780 0.1617 -11.6612 0.0589 0.2000 0.4314 0.3922 0.1961 27.6477 2.0000 
4404 4405 56 -1.8780 0.1617 -11.6612 -2.0301 0.2120 -11.7809 0.0589 0.2000 0.4314 0.3922 0.1961 27.7773 2.0000 
4405 4406 56 -2.0301 0.2120 -11.7809 -2.1699 0.2809 -11.9063 0.0589 0.2000 0.4314 0.3922 0.1961 27.9078 2.0000 
4406 4407 56 -2.1699 0.2809 -11.9063 -2.2784 0.3403 -12.0634 0.0589 0.2000 0.4314 0.3922 0.1961 28.0391 2.0000 
4407 4408 56 -2.2784 0.3403 -12.0634 -2.3739 0.4006 -12.2284 0.0589 0.2000 0.4314 0.3922 0.1961 28.1713 2.0000 
4408 4409 56 -2.3739 0.4006 -12.2284 -2.4642 0.4608 -12.3964 0.0589 0.2000 0.4314 0.3922 0.1961 28.3044 2.0000 
4409 4410 56 -2.4642 0.4608 -12.3964 -2.5438 0.5190 -12.5704 0.0589 0.2000 0.4314 0.3922 0.1961 28.4384 2.0000 
4410 4411 56 -2.5438 0.5190 -12.5704 -2.6163 0.5401 -12.7556 0.0589 0.2000 0.4314 0.3922 0.1961 28.5733 2.0000 
4411 4412 56 -2.6163 0.5401 -12.7556 -2.6816 0.5355 -12.9446 0.0589 0.2000 0.4314 0.3922 0.1961 28.7091 2.0000 
4412 4413 56 -2.6816 0.5355 -12.9446 -2.7479 0.5217 -13.1328 0.0589 0.2000 0.4314 0.3922 0.1961 28.8458 2.0000 
4413 4414 56 -2.7479 0.5217 -13.1328 -2.7962 0.4960 -13.3252 0.0589 0.2000 0.4314 0.3922 0.1961 28.9835 2.0000 
4414 4415 56 -2.7962 0.4960 -13.3252 -2.8308 0.4624 -13.5193 0.0589 0.2000 0.4314 0.3922 0.1961 29.1222 2.0000 
4415 4416 56 -2.8308 0.4624 -13.5193 -2.8655 0.4295 -13.7135 0.0589 0.2000 0.4314 0.3922 0.1961 29.2618 2.0000 
4416 4417 56 -2.8655 0.4295 -13.7135 -2.8999 0.3972 -13.9078 0.0589 0.2000 0.4314 0.3922 0.1961 29.4024 2.0000 
4417 4418 56 -2.8999 0.3972 -13.9078 -2.9148 0.3788 -14.1064 0.0589 0.2000 0.4314 0.3922 0.1961 29.5441 2.0000 
4418 4419 56 -2.9148 0.3788 -14.1064 -2.9309 0.3793 -14.3058 0.0589 0.2000 0.4314 0.3922 0.1961 29.6867 2.0000 
4419 4420 56 -2.9309 0.3793 -14.3058 -2.9275 0.3529 -14.5040 0.0589 0.2000 0.4314 0.3922 0.1961 29.8304 2.0000 
4420 4421 56 -2.9275 0.3529 -14.5040 -2.9408 0.3596 -14.7034 0.0589 0.2000 0.4314 0.3922 0.1961 29.9751 2.0000 
4421 4422 56 -2.9408 0.3596 -14.7034 -2.9428 0.3600 -14.7376 0.0589 0.0342 0.4314 0.3922 0.1961 30.0000 2.0000 
86 4423 57 -0.3261 -0.0656 -11.0501 -0.1619 -0.1332 -11.1421 0.0593 0.2000 0.4314 0.3922 0.1961 27.2185 2.0000 
4423 4424 57 -0.1619 -0.1332 -11.1421 0.0053 -0.1998 -11.2292 0.0593 0.2000 0.4314 0.3922 0.1961 27.5753 2.0000 
4424 4425 57 0.0053 -0.1998 -11.2292 0.1602 -0.2444 -11.3477 0.0593 0.2000 0.4314 0.3922 0.1961 27.9348 2.0000 
4425 4426 57 0.1602 -0.2444 -11.3477 0.2923 -0.2185 -11.4955 0.0593 0.2000 0.4314 0.3922 0.1961 28.2970 2.0000 
4426 4427 57 0.2923 -0.2185 -11.4955 0.4175 -0.1864 -11.6481 0.0593 0.2000 0.4314 0.3922 0.1961 28.6619 2.0000 
4427 4428 57 0.4175 -0.1864 -11.6481 0.5331 -0.1277 -11.8004 0.0593 0.2000 0.4314 0.3922 0.1961 29.0296 2.0000 
4428 4429 57 0.5331 -0.1277 -11.8004 0.6577 -0.0873 -11.9516 0.0593 0.2000 0.4314 0.3922 0.1961 29.4001 2.0000 
4429 4430 57 0.6577 -0.0873 -11.9516 0.7886 -0.0840 -12.1028 0.0593 0.2000 0.4314 0.3922 0.1961 29.7735 2.0000 
4430 4431 57 0.7886 -0.0840 -12.1028 0.8639 -0.0743 -12.1964 0.0593 0.1206 0.4314 0.3922 0.1961 30.0000 2.0000 
87 4432 58 -0.3372 -0.0675 -11.1817 -0.4783 -0.1882 -11.2559 0.0708 0.2000 0.4314 0.3922 0.1961 27.2493 2.0000 
4432 4433 58 -0.4783 -0.1882 -11.2559 -0.6246 -0.2838 -11.3531 0.0708 0.2000 0.4314 0.3922 0.1961 27.4145 2.0000 
4433 4434 58 -0.6246 -0.2838 -11.3531 -0.7530 -0.3657 -11.4827 0.0708 0.2000 0.4314 0.3922 0.1961 27.5807 2.0000 
4434 4435 58 -0.7530 -0.3657 -11.4827 -0.8808 -0.4385 -11.6183 0.0708 0.2000 0.4314 0.3922 0.1961 27.7478 2.0000 
4435 4436 58 -0.8808 -0.4385 -11.6183 -0.9950 -0.4918 -11.7736 0.0708 0.2000 0.4314 0.3922 0.1961 27.9160 2.0000 
4436 4437 58 -0.9950 -0.4918 -11.7736 -1.0578 -0.5899 -11.9361 0.0708 0.2000 0.4314 0.3922 0.1961 28.0852 2.0000 
4437 4438 58 -1.0578 -0.5899 -11.9361 -1.1533 -0.6630 -12.0960 0.0708 0.2000 0.4314 0.3922 0.1961 28.2554 2.0000 
4438 4439 58 -1.1533 -0.6630 -12.0960 -1.2344 -0.7402 -12.2617 0.0708 0.2000 0.4314 0.3922 0.1961 28.4267 2.0000 
4439 4440 58 -1.2344 -0.7402 -12.2617 -1.2675 -0.8205 -12.4419 0.0708 0.2000 0.4314 0.3922 0.1961 28.5990 2.0000 
4440 4441 58 -1.2675 -0.8205 -12.4419 -1.3138 -0.8849 -12.6255 0.0708 0.2000 0.4314 0.3922 0.1961 28.7724 2.0000 
4441 4442 58 -1.3138 -0.8849 -12.6255 -1.3192 -0.9448 -12.8162 0.0708 0.2000 0.4314 0.3922 0.1961 28.9469 2.0000 
4442 4443 58 -1.3192 -0.9448 -12.8162 -1.2922 -0.9679 -13.0130 0.0708 0.2000 0.4314 0.3922 0.1961 29.1225 2.0000 
4443 4444 58 -1.2922 -0.9679 -13.0130 -1.2980 -1.0007 -13.2102 0.0708 0.2000 0.4314 0.3922 0.1961 29.2992 2.0000 
4444 4445 58 -1.2980 -1.0007 -13.2102 -1.3086 -1.0157 -13.4094 0.0708 0.2000 0.4314 0.3922 0.1961 29.4770 2.0000 
4445 4446 58 -1.3086 -1.0157 -13.4094 -1.3066 -1.0090 -13.6093 0.0708 0.2000 0.4314 0.3922 0.1961 29.6559 2.0000 
4446 4447 58 -1.3066 -1.0090 -13.6093 -1.3052 -1.0144 -13.8092 0.0708 0.2000 0.4314 0.3922 0.1961 29.8360 2.0000 
4447 4448 58 -1.3052 -1.0144 -13.8092 -1.3026 -1.0145 -13.9901 0.0708 0.1809 0.4314 0.3922 0.1961 30.0000 2.0000 
88 4449 59 -0.3417 -0.0671 -11.2155 -0.2421 0.0887 -11.2917 0.0388 0.2000 0.4314 0.3922 0.1961 27.2200 2.0000 
4449 4450 59 -0.2421 0.0887 -11.2917 -0.1393 0.2426 -11.3674 0.0388 0.2000 0.4314 0.3922 0.1961 27.2984 2.0000 
4450 4451 59 -0.1393 0.2426 -11.3674 -0.0535 0.3991 -11.4577 0.0388 0.2000 0.4314 0.3922 0.1961 27.3774 2.0000 
4451 4452 59 -0.0535 0.3991 -11.4577 0.0378 0.5598 -11.5343 0.0388 0.2000 0.4314 0.3922 0.1961 27.4569 2.0000 
4452 4453 59 0.0378 0.5598 -11.5343 0.1296 0.7186 -11.6139 0.0388 0.2000 0.4314 0.3922 0.1961 27.5369 2.0000 
4453 4454 59 0.1296 0.7186 -11.6139 0.2186 0.8689 -11.7113 0.0388 0.2000 0.4314 0.3922 0.1961 27.6175 2.0000 
4454 4455 59 0.2186 0.8689 -11.7113 0.2847 1.0310 -11.8080 0.0388 0.2000 0.4314 0.3922 0.1961 27.6987 2.0000 
4455 4456 59 0.2847 1.0310 -11.8080 0.3433 1.2004 -11.8968 0.0388 0.2000 0.4314 0.3922 0.1961 27.7804 2.0000 
4456 4457 59 0.3433 1.2004 -11.8968 0.4120 1.3645 -11.9882 0.0388 0.2000 0.4314 0.3922 0.1961 27.8627 2.0000 
4457 4458 59 0.4120 1.3645 -11.9882 0.4953 1.5252 -12.0732 0.0388 0.2000 0.4314 0.3922 0.1961 27.9456 2.0000 
4458 4459 59 0.4953 1.5252 -12.0732 0.5960 1.6744 -12.1603 0.0388 0.2000 0.4314 0.3922 0.1961 28.0291 2.0000 
4459 4460 59 0.5960 1.6744 -12.1603 0.6976 1.8264 -12.2415 0.0388 0.2000 0.4314 0.3922 0.1961 28.1132 2.0000 
4460 4461 59 0.6976 1.8264 -12.2415 0.7916 1.9769 -12.3338 0.0388 0.2000 0.4314 0.3922 0.1961 28.1979 2.0000 
4461 4462 59 0.7916 1.9769 -12.3338 0.8829 2.0970 -12.4650 0.0388 0.2000 0.4314 0.3922 0.1961 28.2832 2.0000 
4462 4463 59 0.8829 2.0970 -12.4650 0.9768 2.1693 -12.6262 0.0388 0.2000 0.4314 0.3922 0.1961 28.3692 2.0000 
4463 4464 59 0.9768 2.1693 -12.6262 1.0487 2.2418 -12.7981 0.0388 0.2000 0.4314 0.3922 0.1961 28.4558 2.0000 
4464 4465 59 1.0487 2.2418 -12.7981 1.1385 2.3003 -12.9670 0.0388 0.2000 0.4314 0.3922 0.1961 28.5430 2.0000 
4465 4466 59 1.1385 2.3003 -12.9670 1.2244 2.3411 -13.1429 0.0388 0.2000 0.4314 0.3922 0.1961 28.6309 2.0000 
4466 4467 59 1.2244 2.3411 -13.1429 1.2817 2.4041 -13.3239 0.0388 0.2000 0.4314 0.3922 0.1961 28.7195 2.0000 
4467 4468 59 1.2817 2.4041 -13.3239 1.3314 2.4521 -13.5116 0.0388 0.2000 0.4314 0.3922 0.1961 28.8087 2.0000 
4468 4469 59 1.3314 2.4521 -13.5116 1.3763 2.4951 -13.7017 0.0388 0.2000 0.4314 0.3922 0.1961 28.8986 2.0000 
4469 4470 59 1.3763 2.4951 -13.7017 1.4087 2.4995 -13.8990 0.0388 0.2000 0.4314 0.3922 0.1961 28.9893 2.0000 
4470 4471 59 1.4087 2.4995 -13.8990 1.4130 2.5046 -14.0989 0.0388 0.2000 0.4314 0.3922 0.1961 29.0806 2.0000 
4471 4472 59 1.4130 2.5046 -14.0989 1.4153 2.5107 -14.2987 0.0388 0.2000 0.4314 0.3922 0.1961 29.1727 2.0000 
4472 4473 59 1.4153 2.5107 -14.2987 1.4236 2.5129 -14.4986 0.0388 0.2000 0.4314 0.3922 0.1961 29.2655 2.0000 
4473 4474 59 1.4236 2.5129 -14.4986 1.4319 2.5151 -14.6984 0.0388 0.2000 0.4314 0.3922 0.1961 29.3590 2.0000 
4474 4475 59 1.4319 2.5151 -14.6984 1.4570 2.5266 -14.8965 0.0388 0.2000 0.4314 0.3922 0.1961 29.4533 2.0000 
4475 4476 59 1.4570 2.5266 -14.8965 1.4703 2.5254 -15.0960 0.0388 0.2000 0.4314 0.3922 0.1961 29.5484 2.0000 
4476 4477 59 1.4703 2.5254 -15.0960 1.4824 2.5339 -15.2955 0.0388 0.2000 0.4314 0.3922 0.1961 29.6443 2.0000 
4477 4478 59 1.4824 2.5339 -15.2955 1.4901 2.5392 -15.4953 0.0388 0.2000 0.4314 0.3922 0.1961 29.7409 2.0000 
4478 4479 59 1.4901 2.5392 -15.4953 1.5065 2.5241 -15.6940 0.0388 0.2000 0.4314 0.3922 0.1961 29.8384 2.0000 
4479 4480 59 1.5065 2.5241 -15.6940 1.5275 2.5225 -15.8929 0.0388 0.2000 0.4314 0.3922 0.1961 29.9367 2.0000 
4480 4481 59 1.5275 2.5225 -15.8929 1.5333 2.5192 -16.0207 0.0388 0.1280 0.4314 0.3922 0.1961 30.0000 2.0000 
90 4482 60 -0.3732 -0.0532 -11.4440 -0.2171 -0.0487 -11.5690 0.0467 0.2000 0.4314 0.3922 0.1961 27.6235 2.0000 
4482 4483 60 -0.2171 -0.0487 -11.5690 -0.0713 -0.0581 -11.7056 0.0467 0.2000 0.4314 0.3922 0.1961 27.7163 2.0000 
4483 4484 60 -0.0713 -0.0581 -11.7056 0.0735 -0.0678 -11.8432 0.0467 0.2000 0.4314 0.3922 0.1961 27.8097 2.0000 
4484 4485 60 0.0735 -0.0678 -11.8432 0.2114 -0.0831 -11.9872 0.0467 0.2000 0.4314 0.3922 0.1961 27.9037 2.0000 
4485 4486 60 0.2114 -0.0831 -11.9872 0.3430 -0.1481 -12.1231 0.0467 0.2000 0.4314 0.3922 0.1961 27.9983 2.0000 
4486 4487 60 0.3430 -0.1481 -12.1231 0.4654 -0.2200 -12.2639 0.0467 0.2000 0.4314 0.3922 0.1961 28.0935 2.0000 
4487 4488 60 0.4654 -0.2200 -12.2639 0.5891 -0.2297 -12.4208 0.0467 0.2000 0.4314 0.3922 0.1961 28.1893 2.0000 
4488 4489 60 0.5891 -0.2297 -12.4208 0.6983 -0.1988 -12.5855 0.0467 0.2000 0.4314 0.3922 0.1961 28.2858 2.0000 
4489 4490 60 0.6983 -0.1988 -12.5855 0.8139 -0.1824 -12.7479 0.0467 0.2000 0.4314 0.3922 0.1961 28.3829 2.0000 
4490 4491 60 0.8139 -0.1824 -12.7479 0.9136 -0.1682 -12.9207 0.0467 0.2000 0.4314 0.3922 0.1961 28.4806 2.0000 
4491 4492 60 0.9136 -0.1682 -12.9207 1.0175 -0.1549 -13.0910 0.0467 0.2000 0.4314 0.3922 0.1961 28.5790 2.0000 
4492 4493 60 1.0175 -0.1549 -13.0910 1.1214 -0.1416 -13.2614 0.0467 0.2000 0.4314 0.3922 0.1961 28.6780 2.0000 
4493 4494 60 1.1214 -0.1416 -13.2614 1.2320 -0.1247 -13.4272 0.0467 0.2000 0.4314 0.3922 0.1961 28.7778 2.0000 
4494 4495 60 1.2320 -0.1247 -13.4272 1.3413 -0.1110 -13.5941 0.0467 0.2000 0.4314 0.3922 0.1961 28.8781 2.0000 
4495 4496 60 1.3413 -0.1110 -13.5941 1.4373 -0.0908 -13.7684 0.0467 0.2000 0.4314 0.3922 0.1961 28.9792 2.0000 
4496 4497 60 1.4373 -0.0908 -13.7684 1.5251 -0.0635 -13.9460 0.0467 0.2000 0.4314 0.3922 0.1961 29.0810 2.0000 
4497 4498 60 1.5251 -0.0635 -13.9460 1.6006 -0.0745 -14.1309 0.0467 0.2000 0.4314 0.3922 0.1961 29.1835 2.0000 
4498 4499 60 1.6006 -0.0745 -14.1309 1.6793 -0.0921 -14.3139 0.0467 0.2000 0.4314 0.3922 0.1961 29.2867 2.0000 
4499 4500 60 1.6793 -0.0921 -14.3139 1.7527 -0.1462 -14.4919 0.0467 0.2000 0.4314 0.3922 0.1961 29.3906 2.0000 
4500 4501 60 1.7527 -0.1462 -14.4919 1.8175 -0.1839 -14.6773 0.0467 0.2000 0.4314 0.3922 0.1961 29.4953 2.0000 
4501 4502 60 1.8175 -0.1839 -14.6773 1.8435 -0.2209 -14.8722 0.0467 0.2000 0.4314 0.3922 0.1961 29.6007 2.0000 
4502 4503 60 1.8435 -0.2209 -14.8722 1.8647 -0.2586 -15.0674 0.0467 0.2000 0.4314 0.3922 0.1961 29.7069 2.0000 
4503 4504 60 1.8647 -0.2586 -15.0674 1.8920 -0.2824 -15.2641 0.0467 0.2000 0.4314 0.3922 0.1961 29.8138 2.0000 
4504 4505 60 1.8920 -0.2824 -15.2641 1.9045 -0.2648 -15.4629 0.0467 0.2000 0.4314 0.3922 0.1961 29.9215 2.0000 
4505 4506 60 1.9045 -0.2648 -15.4629 1.9108 -0.2724 -15.6074 0.0467 0.1448 0.4314 0.3922 0.1961 30.0000 2.0000 
91 4507 61 -0.3750 -0.0692 -11.6076 -0.1921 -0.0365 -11.6815 0.0597 0.2000 0.4314 0.3922 0.1961 27.9554 2.0000 
4507 4508 61 -0.1921 -0.0365 -11.6815 -0.0179 -0.0140 -11.7772 0.0597 0.2000 0.4314 0.3922 0.1961 28.1017 2.0000 
4508 4509 61 -0.0179 -0.0140 -11.7772 0.1511 0.0186 -11.8790 0.0597 0.2000 0.4314 0.3922 0.1961 28.2490 2.0000 
4509 4510 61 0.1511 0.0186 -11.8790 0.2807 0.0272 -12.0311 0.0597 0.2000 0.4314 0.3922 0.1961 28.3973 2.0000 
4510 4511 61 0.2807 0.0272 -12.0311 0.4094 0.0450 -12.1831 0.0597 0.2000 0.4314 0.3922 0.1961 28.5467 2.0000 
4511 4512 61 0.4094 0.0450 -12.1831 0.4937 0.0504 -12.3644 0.0597 0.2000 0.4314 0.3922 0.1961 28.6972 2.0000 
4512 4513 61 0.4937 0.0504 -12.3644 0.5646 0.0386 -12.5511 0.0597 0.2000 0.4314 0.3922 0.1961 28.8488 2.0000 
4513 4514 61 0.5646 0.0386 -12.5511 0.6393 0.0317 -12.7365 0.0597 0.2000 0.4314 0.3922 0.1961 29.0015 2.0000 
4514 4515 61 0.6393 0.0317 -12.7365 0.6937 0.0449 -12.9285 0.0597 0.2000 0.4314 0.3922 0.1961 29.1553 2.0000 
4515 4516 61 0.6937 0.0449 -12.9285 0.7318 0.0756 -13.1224 0.0597 0.2000 0.4314 0.3922 0.1961 29.3102 2.0000 
4516 4517 61 0.7318 0.0756 -13.1224 0.7669 0.1090 -13.3164 0.0597 0.2000 0.4314 0.3922 0.1961 29.4663 2.0000 
4517 4518 61 0.7669 0.1090 -13.3164 0.8116 0.1250 -13.5107 0.0597 0.2000 0.4314 0.3922 0.1961 29.6236 2.0000 
4518 4519 61 0.8116 0.1250 -13.5107 0.8083 0.0965 -13.7086 0.0597 0.2000 0.4314 0.3922 0.1961 29.7821 2.0000 
4519 4520 61 0.8083 0.0965 -13.7086 0.7967 0.0724 -13.9069 0.0597 0.2000 0.4314 0.3922 0.1961 29.9418 2.0000 
4520 4521 61 0.7967 0.0724 -13.9069 0.7869 0.0669 -13.9785 0.0597 0.0725 0.4314 0.3922 0.1961 30.0000 2.0000 
92 4522 62 -0.3749 -0.0713 -11.7892 -0.5058 0.0553 -11.8721 0.0616 0.2000 0.4314 0.3922 0.1961 28.1892 2.0000 
4522 4523 62 -0.5058 0.0553 -11.8721 -0.6118 0.1880 -11.9776 0.0616 0.2000 0.4314 0.3922 0.1961 28.2585 2.0000 
4523 4524 62 -0.6118 0.1880 -11.9776 -0.6954 0.3312 -12.0895 0.0616 0.2000 0.4314 0.3922 0.1961 28.3283 2.0000 
4524 4525 62 -0.6954 0.3312 -12.0895 -0.7779 0.4709 -12.2064 0.0616 0.2000 0.4314 0.3922 0.1961 28.3987 2.0000 
4525 4526 62 -0.7779 0.4709 -12.2064 -0.8247 0.5837 -12.3648 0.0616 0.2000 0.4314 0.3922 0.1961 28.4696 2.0000 
4526 4527 62 -0.8247 0.5837 -12.3648 -0.8964 0.6581 -12.5361 0.0616 0.2000 0.4314 0.3922 0.1961 28.5411 2.0000 
4527 4528 62 -0.8964 0.6581 -12.5361 -0.9402 0.7296 -12.7176 0.0616 0.2000 0.4314 0.3922 0.1961 28.6131 2.0000 
4528 4529 62 -0.9402 0.7296 -12.7176 -0.9728 0.7804 -12.9083 0.0616 0.2000 0.4314 0.3922 0.1961 28.6857 2.0000 
4529 4530 62 -0.9728 0.7804 -12.9083 -0.9899 0.8340 -13.1002 0.0616 0.2000 0.4314 0.3922 0.1961 28.7588 2.0000 
4530 4531 62 -0.9899 0.8340 -13.1002 -0.9914 0.8645 -13.2979 0.0616 0.2000 0.4314 0.3922 0.1961 28.8326 2.0000 
4531 4532 62 -0.9914 0.8645 -13.2979 -1.0005 0.8430 -13.4965 0.0616 0.2000 0.4314 0.3922 0.1961 28.9069 2.0000 
4532 4533 62 -1.0005 0.8430 -13.4965 -1.0074 0.8214 -13.6952 0.0616 0.2000 0.4314 0.3922 0.1961 28.9819 2.0000 
4533 4534 62 -1.0074 0.8214 -13.6952 -1.0109 0.8265 -13.8951 0.0616 0.2000 0.4314 0.3922 0.1961 29.0574 2.0000 
4534 4535 62 -1.0109 0.8265 -13.8951 -0.9887 0.8233 -14.0939 0.0616 0.2000 0.4314 0.3922 0.1961 29.1336 2.0000 
4535 4536 62 -0.9887 0.8233 -14.0939 -1.0069 0.8317 -14.2929 0.0616 0.2000 0.4314 0.3922 0.1961 29.2104 2.0000 
4536 4537 62 -1.0069 0.8317 -14.2929 -1.0299 0.8284 -14.4915 0.0616 0.2000 0.4314 0.3922 0.1961 29.2879 2.0000 
4537 4538 62 -1.0299 0.8284 -14.4915 -1.0561 0.8269 -14.6898 0.0616 0.2000 0.4314 0.3922 0.1961 29.3660 2.0000 
4538 4539 62 -1.0561 0.8269 -14.6898 -1.0610 0.8268 -14.8897 0.0616 0.2000 0.4314 0.3922 0.1961 29.4447 2.0000 
4539 4540 62 -1.0610 0.8268 -14.8897 -1.0733 0.8444 -15.0886 0.0616 0.2000 0.4314 0.3922 0.1961 29.5242 2.0000 
4540 4541 62 -1.0733 0.8444 -15.0886 -1.0879 0.8526 -15.2879 0.0616 0.2000 0.4314 0.3922 0.1961 29.6043 2.0000 
4541 4542 62 -1.0879 0.8526 -15.2879 -1.1012 0.8642 -15.4871 0.0616 0.2000 0.4314 0.3922 0.1961 29.6852 2.0000 
4542 4543 62 -1.1012 0.8642 -15.4871 -1.1061 0.8548 -15.6868 0.0616 0.2000 0.4314 0.3922 0.1961 29.7667 2.0000 
4543 4544 62 -1.1061 0.8548 -15.6868 -1.1236 0.8458 -15.8858 0.0616 0.2000 0.4314 0.3922 0.1961 29.8490 2.0000 
4544 4545 62 -1.1236 0.8458 -15.8858 -1.1284 0.8146 -16.0833 0.0616 0.2000 0.4314 0.3922 0.1961 29.9320 2.0000 
4545 4546 62 -1.1284 0.8146 -16.0833 -1.1325 0.7894 -16.2438 0.0616 0.1625 0.4314 0.3922 0.1961 30.0000 2.0000 
94 4547 63 -0.3989 -0.0669 -12.0961 -0.4084 0.1113 -12.1863 0.0608 0.2000 0.4314 0.3922 0.1961 28.7173 2.0000 
4547 4548 63 -0.4084 0.1113 -12.1863 -0.3950 0.2773 -12.2971 0.0608 0.2000 0.4314 0.3922 0.1961 28.7841 2.0000 
4548 4549 63 -0.3950 0.2773 -12.2971 -0.3839 0.4433 -12.4080 0.0608 0.2000 0.4314 0.3922 0.1961 28.8514 2.0000 
4549 4550 63 -0.3839 0.4433 -12.4080 -0.3477 0.5880 -12.5413 0.0608 0.2000 0.4314 0.3922 0.1961 28.9192 2.0000 
4550 4551 63 -0.3477 0.5880 -12.5413 -0.3045 0.7422 -12.6611 0.0608 0.2000 0.4314 0.3922 0.1961 28.9875 2.0000 
4551 4552 63 -0.3045 0.7422 -12.6611 -0.2544 0.8747 -12.8023 0.0608 0.2000 0.4314 0.3922 0.1961 29.0562 2.0000 
4552 4553 63 -0.2544 0.8747 -12.8023 -0.2162 1.0101 -12.9444 0.0608 0.2000 0.4314 0.3922 0.1961 29.1255 2.0000 
4553 4554 63 -0.2162 1.0101 -12.9444 -0.1786 1.1389 -13.0927 0.0608 0.2000 0.4314 0.3922 0.1961 29.1952 2.0000 
4554 4555 63 -0.1786 1.1389 -13.0927 -0.1298 1.2567 -13.2468 0.0608 0.2000 0.4314 0.3922 0.1961 29.2655 2.0000 
4555 4556 63 -0.1298 1.2567 -13.2468 -0.0754 1.3561 -13.4117 0.0608 0.2000 0.4314 0.3922 0.1961 29.3363 2.0000 
4556 4557 63 -0.0754 1.3561 -13.4117 -0.0253 1.4555 -13.5778 0.0608 0.2000 0.4314 0.3922 0.1961 29.4076 2.0000 
4557 4558 63 -0.0253 1.4555 -13.5778 0.0270 1.5475 -13.7475 0.0608 0.2000 0.4314 0.3922 0.1961 29.4795 2.0000 
4558 4559 63 0.0270 1.5475 -13.7475 0.0994 1.5879 -13.9295 0.0608 0.2000 0.4314 0.3922 0.1961 29.5519 2.0000 
4559 4560 63 0.0994 1.5879 -13.9295 0.1280 1.5856 -14.1274 0.0608 0.2000 0.4314 0.3922 0.1961 29.6248 2.0000 
4560 4561 63 0.1280 1.5856 -14.1274 0.1542 1.5736 -14.3253 0.0608 0.2000 0.4314 0.3922 0.1961 29.6983 2.0000 
4561 4562 63 0.1542 1.5736 -14.3253 0.1859 1.5692 -14.5228 0.0608 0.2000 0.4314 0.3922 0.1961 29.7724 2.0000 
4562 4563 63 0.1859 1.5692 -14.5228 0.2034 1.5804 -14.7217 0.0608 0.2000 0.4314 0.3922 0.1961 29.8471 2.0000 
4563 4564 63 0.2034 1.5804 -14.7217 0.2097 1.5920 -14.9212 0.0608 0.2000 0.4314 0.3922 0.1961 29.9223 2.0000 
4564 4565 63 0.2097 1.5920 -14.9212 0.2157 1.6050 -15.1207 0.0608 0.2000 0.4314 0.3922 0.1961 29.9982 2.0000 
4565 4566 63 0.2157 1.6050 -15.1207 0.2158 1.6052 -15.1255 0.0608 0.0048 0.4314 0.3922 0.1961 30.0000 2.0000 
96 4567 64 -0.3955 -0.0554 -12.3965 -0.5183 0.0806 -12.4766 0.0617 0.2000 0.4314 0.3922 0.1961 29.3303 2.0000 
4567 4568 64 -0.5183 0.0806 -12.4766 -0.6461 0.2108 -12.5585 0.0617 0.2000 0.4314 0.3922 0.1961 29.4866 2.0000 
4568 4569 64 -0.6461 0.2108 -12.5585 -0.7964 0.3210 -12.6309 0.0617 0.2000 0.4314 0.3922 0.1961 29.6440 2.0000 
4569 4570 64 -0.7964 0.3210 -12.6309 -0.9505 0.4247 -12.7052 0.0617 0.2000 0.4314 0.3922 0.1961 29.8024 2.0000 
4570 4571 64 -0.9505 0.4247 -12.7052 -1.1033 0.5235 -12.7883 0.0617 0.2000 0.4314 0.3922 0.1961 29.9620 2.0000 
4571 4572 64 -1.1033 0.5235 -12.7883 -1.1404 0.5408 -12.8123 0.0617 0.0475 0.4314 0.3922 0.1961 30.0000 2.0000 
98 4573 65 -0.3881 -0.0632 -12.6693 -0.4426 0.1096 -12.7540 0.0522 0.2000 0.4314 0.3922 0.1961 29.7913 2.0000 
4573 4574 65 -0.4426 0.1096 -12.7540 -0.4985 0.2719 -12.8567 0.0522 0.2000 0.4314 0.3922 0.1961 29.9269 2.0000 
4574 4575 65 -0.4985 0.2719 -12.8567 -0.5170 0.3598 -12.9150 0.0522 0.1071 0.4314 0.3922 0.1961 30.0000 2.0000 
99 4576 66 -0.3796 -0.0737 -12.7803 -0.5479 -0.1401 -12.8655 0.0783 0.2000 0.4314 0.3922 0.1961 29.9204 2.0000 
4576 4577 66 -0.5479 -0.1401 -12.8655 -0.7347 -0.1545 -12.9355 0.0783 0.2000 0.4314 0.3922 0.1961 29.9860 2.0000 
4577 4578 66 -0.7347 -0.1545 -12.9355 -0.7735 -0.1583 -12.9521 0.0783 0.0424 0.4314 0.3922 0.1961 30.0000 2.0000 
