"root","x","Barrier","Kr","Kx","kAQP","perimeter","kr","radius"
"root1",1,"T2",4.4622763777432e-12,2.41108598515128e-11,1.15740740740741e-07,0.114120707319229,3.91013732964422e-08,0.181628746789987
"root1",1,"T3",3.16730565193778e-12,2.41108598515128e-11,1.15740740740741e-07,0.114120707319229,2.7753995977942e-08,0.181628746789987
"root1",1,"T1",4.59768247035884e-12,2.41108598515128e-11,1.15740740740741e-07,0.114120707319229,4.02878897122306e-08,0.181628746789987
"root1",1,"T2",5.51509743753593e-12,2.41108598515128e-11,2.31481481481481e-07,0.114120707319229,4.83268774536123e-08,0.181628746789987
"root1",1,"T3",3.54329046031167e-12,2.41108598515128e-11,2.31481481481481e-07,0.114120707319229,3.10486198652804e-08,0.181628746789987
"root1",1,"T1",5.72790997261714e-12,2.41108598515128e-11,2.31481481481481e-07,0.114120707319229,5.01916795572823e-08,0.181628746789987
"root1",1,"T2",6.26037009413999e-12,2.41108598515128e-11,3.47222222222222e-07,0.114120707319229,5.48574420996875e-08,0.181628746789987
"root1",1,"T3",3.746444629418e-12,2.41108598515128e-11,3.47222222222222e-07,0.114120707319229,3.28287890727675e-08,0.181628746789987
"root1",1,"T1",6.54603661367242e-12,2.41108598515128e-11,3.47222222222222e-07,0.114120707319229,5.73606382876794e-08,0.181628746789987
"root1",1,"T2",6.84723419026407e-12,2.41108598515128e-11,4.62962962962963e-07,0.114120707319229,5.99999277178536e-08,0.181628746789987
"root1",1,"T3",3.87815973098069e-12,2.41108598515128e-11,4.62962962962963e-07,0.114120707319229,3.39829626198543e-08,0.181628746789987
"root1",1,"T1",7.20349545243195e-12,2.41108598515128e-11,4.62962962962963e-07,0.114120707319229,6.31217210412275e-08,0.181628746789987
"root1",1,"T2",7.33558099239856e-12,2.41108598515128e-11,5.78703703703704e-07,0.114120707319229,6.42791406109918e-08,0.181628746789987
"root1",1,"T3",3.97273523333867e-12,2.41108598515128e-11,5.78703703703704e-07,0.114120707319229,3.48116947980858e-08,0.181628746789987
"root1",1,"T1",7.76078533603942e-12,2.41108598515128e-11,5.78703703703704e-07,0.114120707319229,6.80050581383993e-08,0.181628746789987
"root1",1,"T2",7.75615587880734e-12,2.41108598515128e-11,6.94444444444444e-07,0.114120707319229,6.796449181752e-08,0.181628746789987
"root1",1,"T3",4.04526919048545e-12,2.41108598515128e-11,6.94444444444444e-07,0.114120707319229,3.54472845946323e-08,0.181628746789987
"root1",1,"T1",8.24890153891672e-12,2.41108598515128e-11,6.94444444444444e-07,0.114120707319229,7.22822503705846e-08,0.181628746789987
"root1",1,"T2",8.12704831652610e-12,2.41108598515128e-11,8.10185185185185e-07,0.114120707319229,7.12144930349264e-08,0.181628746789987
"root1",1,"T3",4.10351498390809e-12,2.41108598515128e-11,8.10185185185185e-07,0.114120707319229,3.59576721902832e-08,0.181628746789987
"root1",1,"T1",8.68607835809104e-12,2.41108598515128e-11,8.10185185185185e-07,0.114120707319229,7.611307853003e-08,0.181628746789987
"root1",1,"T2",8.45986917033126e-12,2.41108598515128e-11,9.25925925925926e-07,0.114120707319229,7.41308862261652e-08,0.181628746789987
"root1",1,"T3",4.15188941540074e-12,2.41108598515128e-11,9.25925925925926e-07,0.114120707319229,3.63815604804016e-08,0.181628746789987
"root1",1,"T1",9.08403097664341e-12,2.41108598515128e-11,9.25925925925926e-07,0.114120707319229,7.96001986846499e-08,0.181628746789987
"root1",1,"T2",8.76253640413336e-12,2.41108598515128e-11,1.04166666666667e-06,0.114120707319229,7.67830537504642e-08,0.181628746789987
"root1",1,"T3",4.19310579574203e-12,2.41108598515128e-11,1.04166666666667e-06,0.114120707319229,3.67427252620568e-08,0.181628746789987
"root1",1,"T1",9.45076111740707e-12,2.41108598515128e-11,1.04166666666667e-06,0.114120707319229,8.28137271439312e-08,0.181628746789987
"root1",1,"T2",9.04069744321059e-12,2.41108598515128e-11,1.15740740740741e-06,0.114120707319229,7.92204820280435e-08,0.181628746789987
"root1",1,"T3",4.22893010169377e-12,2.41108598515128e-11,1.15740740740741e-06,0.114120707319229,3.70566411743683e-08,0.181628746789987
"root1",1,"T1",9.79198677351129e-12,2.41108598515128e-11,1.15740740740741e-06,0.114120707319229,8.5803768689588e-08,0.181628746789987
"root1",10,"T2",5.86487598661055e-12,1.4469218745936e-10,1.15740740740741e-07,0.11376397347013,5.15530163699006e-08,0.181060987235464
"root1",10,"T3",4.32108686784571e-12,1.4469218745936e-10,1.15740740740741e-07,0.11376397347013,3.79829108991192e-08,0.181060987235464
"root1",10,"T1",6.05807353286894e-12,1.4469218745936e-10,1.15740740740741e-07,0.11376397347013,5.32512477199959e-08,0.181060987235464
"root1",10,"T2",7.10115434286635e-12,1.4469218745936e-10,2.31481481481481e-07,0.11376397347013,6.2420062575705e-08,0.181060987235464
"root1",10,"T3",4.74736404414416e-12,1.4469218745936e-10,2.31481481481481e-07,0.11376397347013,4.1729942259714e-08,0.181060987235464
"root1",10,"T1",7.41475022826532e-12,1.4469218745936e-10,2.31481481481481e-07,0.11376397347013,6.51766108557394e-08,0.181060987235464
"root1",10,"T2",7.97147599573061e-12,1.4469218745936e-10,3.47222222222222e-07,0.11376397347013,7.00703021578586e-08,0.181060987235464
"root1",10,"T3",4.97646208436203e-12,1.4469218745936e-10,3.47222222222222e-07,0.11376397347013,4.37437435821337e-08,0.181060987235464
"root1",10,"T1",8.39396600343709e-12,1.4469218745936e-10,3.47222222222222e-07,0.11376397347013,7.37840438180635e-08,0.181060987235464
"root1",10,"T2",8.65036562649159e-12,1.4469218745936e-10,4.62962962962963e-07,0.11376397347013,7.60378295749562e-08,0.181060987235464
"root1",10,"T3",5.1241511420778e-12,1.4469218745936e-10,4.62962962962963e-07,0.11376397347013,4.50419494482865e-08,0.181060987235464
"root1",10,"T1",9.17684035704233e-12,1.4469218745936e-10,4.62962962962963e-07,0.11376397347013,8.0665610360839e-08,0.181060987235464
"root1",10,"T2",9.20898394576444e-12,1.4469218745936e-10,5.78703703703704e-07,0.11376397347013,8.09481566515639e-08,0.181060987235464
"root1",10,"T3",5.22932729422087e-12,1.4469218745936e-10,5.78703703703704e-07,0.11376397347013,4.59664613911705e-08,0.181060987235464
"root1",10,"T1",9.83647086382079e-12,1.4469218745936e-10,5.78703703703704e-07,0.11376397347013,8.64638475941021e-08,0.181060987235464
"root1",10,"T2",9.68438672605903e-12,1.4469218745936e-10,6.94444444444444e-07,0.11376397347013,8.51270084074707e-08,0.181060987235464
"root1",10,"T3",5.30918615846407e-12,1.4469218745936e-10,6.94444444444444e-07,0.11376397347013,4.66684311080086e-08,0.181060987235464
"root1",10,"T1",1.04105668993443e-11,1.4469218745936e-10,6.94444444444444e-07,0.11376397347013,9.15102257928579e-08,0.181060987235464
"root1",10,"T2",1.00985901299921e-11,1.4469218745936e-10,8.10185185185185e-07,0.11376397347013,8.87679097517071e-08,0.181060987235464
"root1",10,"T3",5.37260756131816e-12,1.4469218745936e-10,8.10185185185185e-07,0.11376397347013,4.72259134191441e-08,0.181060987235464
"root1",10,"T1",1.09213891735665e-11,1.4469218745936e-10,8.10185185185185e-07,0.11376397347013,9.60004194687704e-08,0.181060987235464
"root1",10,"T2",1.04658211886536e-11,1.4469218745936e-10,9.25925925925926e-07,0.11376397347013,9.19959181225462e-08,0.181060987235464
"root1",10,"T3",5.42467564801196e-12,1.4469218745936e-10,9.25925925925926e-07,0.11376397347013,4.76835986168878e-08,0.181060987235464
"root1",10,"T1",1.13832683959144e-11,1.4469218745936e-10,9.25925925925926e-07,0.11376397347013,1.00060397406066e-07,0.181060987235464
"root1",10,"T2",1.07958312066869e-11,1.4469218745936e-10,1.04166666666667e-06,0.11376397347013,9.48967487455199e-08,0.181060987235464
"root1",10,"T3",5.46852683939671e-12,1.4469218745936e-10,1.04166666666667e-06,0.11376397347013,4.80690562450558e-08,0.181060987235464
"root1",10,"T1",1.18060108641895e-11,1.4469218745936e-10,1.04166666666667e-06,0.11376397347013,1.03776358227232e-07,0.181060987235464
"root1",10,"T2",1.10956042139768e-11,1.4469218745936e-10,1.15740740740741e-06,0.11376397347013,9.75317921441103e-08,0.181060987235464
"root1",10,"T3",5.50620920786911e-12,1.4469218745936e-10,1.15740740740741e-06,0.11376397347013,4.84002891241736e-08,0.181060987235464
"root1",10,"T1",1.21966406231485e-11,1.4469218745936e-10,1.15740740740741e-06,0.11376397347013,1.07210044191634e-07,0.181060987235464
"root1",19,"T2",7.13842085226565e-12,5.65613428026086e-10,1.15740740740741e-07,0.157281054760234,4.53863999268556e-08,0.250320573197983
"root1",19,"T3",5.3149645875365e-12,5.65613428026086e-10,1.15740740740741e-07,0.157281054760234,3.37927832162549e-08,0.250320573197983
"root1",19,"T1",7.33771804181445e-12,5.65613428026086e-10,1.15740740740741e-07,0.157281054760234,4.66535403962059e-08,0.250320573197983
"root1",19,"T2",8.59723653670843e-12,5.65613428026086e-10,2.31481481481481e-07,0.157281054760234,5.46616154743775e-08,0.250320573197983
"root1",19,"T3",5.84378337237734e-12,5.65613428026086e-10,2.31481481481481e-07,0.157281054760234,3.71550367670528e-08,0.250320573197983
"root1",19,"T1",8.90128154163581e-12,5.65613428026086e-10,2.31481481481481e-07,0.157281054760234,5.65947472516973e-08,0.250320573197983
"root1",19,"T2",9.63068238193099e-12,5.65613428026086e-10,3.47222222222222e-07,0.157281054760234,6.12323105068974e-08,0.250320573197983
"root1",19,"T3",6.13172781419995e-12,5.65613428026086e-10,3.47222222222222e-07,0.157281054760234,3.89858004420648e-08,0.250320573197983
"root1",19,"T1",1.00353695001816e-11,5.65613428026086e-10,3.47222222222222e-07,0.157281054760234,6.38053293543836e-08,0.250320573197983
"root1",19,"T2",1.04513692838586e-11,5.65613428026086e-10,4.62962962962963e-07,0.157281054760234,6.64502746360082e-08,0.250320573197983
"root1",19,"T3",6.32204012794562e-12,5.65613428026086e-10,4.62962962962963e-07,0.157281054760234,4.01958146680998e-08,0.250320573197983
"root1",19,"T1",1.09565101642566e-11,5.65613428026086e-10,4.62962962962963e-07,0.157281054760234,6.96619830084378e-08,0.250320573197983
"root1",19,"T2",1.11411496290135e-11,5.65613428026086e-10,5.78703703703704e-07,0.157281054760234,7.08359290061826e-08,0.250320573197983
"root1",19,"T3",6.46166862373569e-12,5.65613428026086e-10,5.78703703703704e-07,0.157281054760234,4.1083578906475e-08,0.250320573197983
"root1",19,"T1",1.17471196997683e-11,5.65613428026086e-10,5.78703703703704e-07,0.157281054760234,7.46887138929488e-08,0.250320573197983
"root1",19,"T2",1.17408808242086e-11,5.65613428026086e-10,6.94444444444444e-07,0.157281054760234,7.46490468423353e-08,0.250320573197983
"root1",19,"T3",6.57096046482391e-12,5.65613428026086e-10,6.94444444444444e-07,0.157281054760234,4.17784613336995e-08,0.250320573197983
"root1",19,"T1",1.24479730126917e-11,5.65613428026086e-10,6.94444444444444e-07,0.157281054760234,7.91447706888024e-08,0.250320573197983
"root1",19,"T2",1.22741648193719e-11,5.65613428026086e-10,8.10185185185185e-07,0.157281054760234,7.80396904006219e-08,0.250320573197983
"root1",19,"T3",6.660306063827e-12,5.65613428026086e-10,8.10185185185185e-07,0.157281054760234,4.23465246591858e-08,0.250320573197983
"root1",19,"T1",1.30824535729524e-11,5.65613428026086e-10,8.10185185185185e-07,0.157281054760234,8.31788265465023e-08,0.250320573197983
"root1",19,"T2",1.27559901414141e-11,5.65613428026086e-10,9.25925925925926e-07,0.157281054760234,8.11031574073549e-08,0.250320573197983
"root1",19,"T3",6.73563285017428e-12,5.65613428026086e-10,9.25925925925926e-07,0.157281054760234,4.28254557450824e-08,0.250320573197983
"root1",19,"T1",1.36653223861731e-11,5.65613428026086e-10,9.25925925925926e-07,0.157281054760234,8.68847326018073e-08,0.250320573197983
"root1",19,"T2",1.3196533040086e-11,5.65613428026086e-10,1.04166666666667e-06,0.157281054760234,8.39041489148416e-08,0.250320573197983
"root1",19,"T3",6.80060602150727e-12,5.65613428026086e-10,1.04166666666667e-06,0.157281054760234,4.3238558082373e-08,0.250320573197983
"root1",19,"T1",1.4206553190756e-11,5.65613428026086e-10,1.04166666666667e-06,0.157281054760234,9.03259023307869e-08,0.250320573197983
"root1",19,"T2",1.3603055873126e-11,5.65613428026086e-10,1.15740740740741e-06,0.157281054760234,8.64888393192879e-08,0.250320573197983
"root1",19,"T3",6.85763556481943e-12,5.65613428026086e-10,1.15740740740741e-06,0.157281054760234,4.36011544764466e-08,0.250320573197983
"root1",19,"T1",1.47132379885569e-11,5.65613428026086e-10,1.15740740740741e-06,0.157281054760234,9.35474269993062e-08,0.250320573197983
"root1",30,"T2",1.1093881371814e-11,6.1924278064875e-09,1.15740740740741e-07,0.263178350723938,4.21534725075125e-08,0.418861354324872
"root1",30,"T3",9.66146014309773e-12,6.1924278064875e-09,1.15740740740741e-07,0.263178350723938,3.67106949204654e-08,0.418861354324872
"root1",30,"T1",1.1335867494035e-11,6.1924278064875e-09,1.15740740740741e-07,0.263178350723938,4.30729482985696e-08,0.418861354324872
"root1",30,"T2",1.2644398597797e-11,6.1924278064875e-09,2.31481481481481e-07,0.263178350723938,4.80449800031627e-08,0.418861354324872
"root1",30,"T3",1.0558309980438e-11,6.1924278064875e-09,2.31481481481481e-07,0.263178350723938,4.01184594074503e-08,0.418861354324872
"root1",30,"T1",1.29782467245206e-11,6.1924278064875e-09,2.31481481481481e-07,0.263178350723938,4.93135042788311e-08,0.418861354324872
"root1",30,"T2",1.37692734922617e-11,6.1924278064875e-09,3.47222222222222e-07,0.263178350723938,5.2319172357399e-08,0.418861354324872
"root1",30,"T3",1.11468960696836e-11,6.1924278064875e-09,3.47222222222222e-07,0.263178350723938,4.23549127009165e-08,0.418861354324872
"root1",30,"T1",1.41887665125477e-11,6.1924278064875e-09,3.47222222222222e-07,0.263178350723938,5.39131219324002e-08,0.418861354324872
"root1",30,"T2",1.47013406294379e-11,6.1924278064875e-09,4.62962962962963e-07,0.263178350723938,5.5860752181926e-08,0.418861354324872
"root1",30,"T3",1.16068966796105e-11,6.1924278064875e-09,4.62962962962963e-07,0.263178350723938,4.41027791521713e-08,0.418861354324872
"root1",30,"T1",1.52058406939181e-11,6.1924278064875e-09,4.62962962962963e-07,0.263178350723938,5.77777034170579e-08,0.418861354324872
"root1",30,"T2",1.55204652658554e-11,6.1924278064875e-09,5.78703703703704e-07,0.263178350723938,5.89731838624356e-08,0.418861354324872
"root1",30,"T3",1.19956007188472e-11,6.1924278064875e-09,5.78703703703704e-07,0.263178350723938,4.55797396930648e-08,0.418861354324872
"root1",30,"T1",1.61106142352815e-11,6.1924278064875e-09,5.78703703703704e-07,0.263178350723938,6.12155756389735e-08,0.418861354324872
"root1",30,"T2",1.62634046240124e-11,6.1924278064875e-09,6.94444444444444e-07,0.263178350723938,6.17961339877531e-08,0.418861354324872
"root1",30,"T3",1.23379447693952e-11,6.1924278064875e-09,6.94444444444444e-07,0.263178350723938,4.68805459698969e-08,0.418861354324872
"root1",30,"T1",1.69401641788267e-11,6.1924278064875e-09,6.94444444444444e-07,0.263178350723938,6.43676204073341e-08,0.418861354324872
"root1",30,"T2",1.69501764132429e-11,6.1924278064875e-09,8.10185185185185e-07,0.263178350723938,6.4405663940887e-08,0.418861354324872
"root1",30,"T3",1.26469612322628e-11,6.1924278064875e-09,8.10185185185185e-07,0.263178350723938,4.80547172572293e-08,0.418861354324872
"root1",30,"T1",1.77145328200353e-11,6.1924278064875e-09,8.10185185185185e-07,0.263178350723938,6.73099925252476e-08,0.418861354324872
"root1",30,"T2",1.75929692569907e-11,6.1924278064875e-09,9.25925925925926e-07,0.263178350723938,6.68480868908738e-08,0.418861354324872
"root1",30,"T3",1.29303602383592e-11,6.1924278064875e-09,9.25925925925926e-07,0.263178350723938,4.91315497752417e-08,0.418861354324872
"root1",30,"T1",1.84458290607481e-11,6.1924278064875e-09,9.25925925925926e-07,0.263178350723938,7.00887022432058e-08,0.418861354324872
"root1",30,"T2",1.81998249030221e-11,6.1924278064875e-09,1.04166666666667e-06,0.263178350723938,6.91539591040027e-08,0.418861354324872
"root1",30,"T3",1.31931334898899e-11,6.1924278064875e-09,1.04166666666667e-06,0.263178350723938,5.01300105179583e-08,0.418861354324872
"root1",30,"T1",1.9141978301539e-11,6.1924278064875e-09,1.04166666666667e-06,0.263178350723938,7.27338637425311e-08,0.418861354324872
"root1",30,"T2",1.87763812022446e-11,6.1924278064875e-09,1.15740740740741e-06,0.263178350723938,7.13447027485182e-08,0.418861354324872
"root1",30,"T3",1.34387403669501e-11,6.1924278064875e-09,1.15740740740741e-06,0.263178350723938,5.10632441079727e-08,0.418861354324872
"root1",30,"T1",1.98084925936899e-11,6.1924278064875e-09,1.15740740740741e-06,0.263178350723938,7.52664211900473e-08,0.418861354324872
"root1",6,"T2",4.72746229816455e-12,7.00540368168251e-11,1.15740740740741e-07,0.108187678425972,4.36968642542722e-08,0.172186038031298
"root1",6,"T3",3.41523445010011e-12,7.00540368168251e-11,1.15740740740741e-07,0.108187678425972,3.15676840448795e-08,0.172186038031298
"root1",6,"T1",4.89054658291403e-12,7.00540368168251e-11,1.15740740740741e-07,0.108187678425972,4.52042843886368e-08,0.172186038031298
"root1",6,"T2",5.84041489257845e-12,7.00540368168251e-11,2.31481481481481e-07,0.108187678425972,5.39841040823774e-08,0.172186038031298
"root1",6,"T3",3.79510142556556e-12,7.00540368168251e-11,2.31481481481481e-07,0.108187678425972,3.50788692463013e-08,0.172186038031298
"root1",6,"T1",6.10111204164822e-12,7.00540368168251e-11,2.31481481481481e-07,0.108187678425972,5.63937791291356e-08,0.172186038031298
"root1",6,"T2",6.63124873517247e-12,7.00540368168251e-11,3.47222222222222e-07,0.108187678425972,6.12939369034519e-08,0.172186038031298
"root1",6,"T3",3.99542345534916e-12,7.00540368168251e-11,3.47222222222222e-07,0.108187678425972,3.69304851853628e-08,0.172186038031298
"root1",6,"T1",6.98299054448662e-12,7.00540368168251e-11,3.47222222222222e-07,0.108187678425972,6.45451556598912e-08,0.172186038031298
"root1",6,"T2",7.25258956464089e-12,7.00540368168251e-11,4.62962962962963e-07,0.108187678425972,6.70371124527227e-08,0.172186038031298
"root1",6,"T3",4.12269614298083e-12,7.00540368168251e-11,4.62962962962963e-07,0.108187678425972,3.81068916808471e-08,0.172186038031298
"root1",6,"T1",7.69215119662761e-12,7.00540368168251e-11,4.62962962962963e-07,0.108187678425972,7.11000671106091e-08,0.172186038031298
"root1",6,"T2",7.76687470689024e-12,7.00540368168251e-11,5.78703703703704e-07,0.108187678425972,7.17907512194632e-08,0.172186038031298
"root1",6,"T3",4.21248714270242e-12,7.00540368168251e-11,5.78703703703704e-07,0.108187678425972,3.89368475596307e-08,0.172186038031298
"root1",6,"T1",8.29181677286967e-12,7.00540368168251e-11,5.78703703703704e-07,0.108187678425972,7.66428940292252e-08,0.172186038031298
"root1",6,"T2",8.20674621355058e-12,7.00540368168251e-11,6.94444444444444e-07,0.108187678425972,7.58565701099325e-08,0.172186038031298
"root1",6,"T3",4.28028844827814e-12,7.00540368168251e-11,6.94444444444444e-07,0.108187678425972,3.95635483684674e-08,0.172186038031298
"root1",6,"T1",8.81490816525645e-12,7.00540368168251e-11,6.94444444444444e-07,0.108187678425972,8.14779306988096e-08,0.172186038031298
"root1",6,"T2",8.59170369810263e-12,7.00540368168251e-11,8.10185185185185e-07,0.108187678425972,7.94148078885116e-08,0.172186038031298
"root1",6,"T3",4.33398294635154e-12,7.00540368168251e-11,8.10185185185185e-07,0.108187678425972,4.00598571797351e-08,0.172186038031298
"root1",6,"T1",9.28108154022478e-12,7.00540368168251e-11,8.10185185185185e-07,0.108187678425972,8.57868629335216e-08,0.172186038031298
"root1",6,"T2",8.93441549018132e-12,7.00540368168251e-11,9.25925925925926e-07,0.108187678425972,8.25825604187888e-08,0.172186038031298
"root1",6,"T3",4.37802492746757e-12,7.00540368168251e-11,9.25925925925926e-07,0.108187678425972,4.04669458774204e-08,0.172186038031298
"root1",6,"T1",9.70312683068539e-12,7.00540368168251e-11,9.25925925925926e-07,0.108187678425972,8.96879105999562e-08,0.172186038031298
"root1",6,"T2",9.2436028976772e-12,7.00540368168251e-11,1.04166666666667e-06,0.108187678425972,8.54404404657059e-08,0.172186038031298
"root1",6,"T3",4.41513090012358e-12,7.00540368168251e-11,1.04166666666667e-06,0.108187678425972,4.08099236840973e-08,0.172186038031298
"root1",6,"T1",1.00898731891135e-11,7.00540368168251e-11,1.04166666666667e-06,0.108187678425972,9.32626832917724e-08,0.172186038031298
"root1",6,"T2",9.52553233315702e-12,7.00540368168251e-11,1.15740740740741e-06,0.108187678425972,8.80463697136723e-08,0.172186038031298
"root1",6,"T3",4.44705721817578e-12,7.00540368168251e-11,1.15740740740741e-06,0.108187678425972,4.11050249240601e-08,0.172186038031298
"root1",6,"T1",1.04476860893801e-11,7.00540368168251e-11,1.15740740740741e-06,0.108187678425972,9.65700183365061e-08,0.172186038031298
"root1",9,"T2",6.08130290052706e-12,1.93830073140037e-10,1.15740740740741e-07,0.145028258448384,4.19318480797411e-08,0.230819642200692
"root1",9,"T3",4.57536130884519e-12,1.93830073140037e-10,1.15740740740741e-07,0.145028258448384,3.15480676510611e-08,0.230819642200692
"root1",9,"T1",6.25115907538096e-12,1.93830073140037e-10,1.15740740740741e-07,0.145028258448384,4.31030417262148e-08,0.230819642200692
"root1",9,"T2",7.26564764806921e-12,1.93830073140037e-10,2.31481481481481e-07,0.145028258448384,5.00981513934064e-08,0.230819642200692
"root1",9,"T3",5.03790169594334e-12,1.93830073140037e-10,2.31481481481481e-07,0.145028258448384,3.47373798033736e-08,0.230819642200692
"root1",9,"T1",7.52243751807427e-12,1.93830073140037e-10,2.31481481481481e-07,0.145028258448384,5.18687709454329e-08,0.230819642200692
"root1",9,"T2",8.07995104713594e-12,1.93830073140037e-10,3.47222222222222e-07,0.145028258448384,5.57129426608375e-08,0.230819642200692
"root1",9,"T3",5.28731349279979e-12,1.93830073140037e-10,3.47222222222222e-07,0.145028258448384,3.64571260068021e-08,0.230819642200692
"root1",9,"T1",8.41691970922284e-12,1.93830073140037e-10,3.47222222222222e-07,0.145028258448384,5.80364116571009e-08,0.230819642200692
"root1",9,"T2",8.7138141410675e-12,1.93830073140037e-10,4.62962962962963e-07,0.145028258448384,6.00835605025815e-08,0.230819642200692
"root1",9,"T3",5.45093765330698e-12,1.93830073140037e-10,4.62962962962963e-07,0.145028258448384,3.75853486184348e-08,0.230819642200692
"root1",9,"T1",9.12849146577626e-12,1.93830073140037e-10,4.62962962962963e-07,0.145028258448384,6.29428468868025e-08,0.230819642200692
"root1",9,"T2",9.23949505573791e-12,1.93830073140037e-10,5.78703703703704e-07,0.145028258448384,6.3708239722304e-08,0.230819642200692
"root1",9,"T3",5.57045254744066e-12,1.93830073140037e-10,5.78703703703704e-07,0.145028258448384,3.84094286660913e-08,0.230819642200692
"root1",9,"T1",9.73048772597184e-12,1.93830073140037e-10,5.78703703703704e-07,0.145028258448384,6.70937362833668e-08,0.230819642200692
"root1",9,"T2",9.69256677729077e-12,1.93830073140037e-10,6.94444444444444e-07,0.145028258448384,6.68322634567138e-08,0.230819642200692
"root1",9,"T3",5.66384437729878e-12,1.93830073140037e-10,6.94444444444444e-07,0.145028258448384,3.90533847533897e-08,0.230819642200692
"root1",9,"T1",1.02588378890053e-11,1.93830073140037e-10,6.94444444444444e-07,0.145028258448384,7.07368205256116e-08,0.230819642200692
"root1",9,"T2",1.00932572453653e-11,1.93830073140037e-10,8.10185185185185e-07,0.145028258448384,6.95951075559353e-08,0.230819642200692
"root1",9,"T3",5.74024050041363e-12,1.93830073140037e-10,8.10185185185185e-07,0.145028258448384,3.95801519085096e-08,0.230819642200692
"root1",9,"T1",1.07339070949472e-11,1.93830073140037e-10,8.10185185185185e-07,0.145028258448384,7.40125214891652e-08,0.230819642200692
"root1",9,"T2",1.04541988267938e-11,1.93830073140037e-10,9.25925925925926e-07,0.145028258448384,7.20838748161241e-08,0.230819642200692
"root1",9,"T3",5.80480821651925e-12,1.93830073140037e-10,9.25925925925926e-07,0.145028258448384,4.00253597376348e-08,0.230819642200692
"root1",9,"T1",1.11683856125219e-11,1.93830073140037e-10,9.25925925925926e-07,0.145028258448384,7.70083412157687e-08,0.230819642200692
"root1",9,"T2",1.07838221670287e-11,1.93830073140037e-10,1.04166666666667e-06,0.145028258448384,7.43566962907898e-08,0.230819642200692
"root1",9,"T3",5.86071576409671e-12,1.93830073140037e-10,1.04166666666667e-06,0.145028258448384,4.04108539039139e-08,0.230819642200692
"root1",9,"T1",1.15707304740589e-11,1.93830073140037e-10,1.04166666666667e-06,0.145028258448384,7.97825927019385e-08,0.230819642200692
"root1",9,"T2",1.10880415722535e-11,1.93830073140037e-10,1.15740740740741e-06,0.145028258448384,7.64543523509235e-08,0.230819642200692
"root1",9,"T3",5.9100279897094e-12,1.93830073140037e-10,1.15740740740741e-06,0.145028258448384,4.07508719537772e-08,0.230819642200692
"root1",9,"T1",1.19468694685187e-11,1.93830073140037e-10,1.15740740740741e-06,0.145028258448384,8.23761492852139e-08,0.230819642200692
"root10",0,"T2",5.15245095398574e-12,1.91055203085665e-11,1.15740740740741e-07,0.117266406555543,4.39379964418479e-08,0.186635282619385
"root10",0,"T3",3.76194815555053e-12,1.91055203085665e-11,1.15740740740741e-07,0.117266406555543,3.2080356736852e-08,0.186635282619385
"root10",0,"T1",5.31996124413265e-12,1.91055203085665e-11,1.15740740740741e-07,0.117266406555543,4.5366455751442e-08,0.186635282619385
"root10",0,"T2",6.28555008303252e-12,1.91055203085665e-11,2.31481481481481e-07,0.117266406555543,5.36006028295528e-08,0.186635282619385
"root10",0,"T3",4.18112966575534e-12,1.91055203085665e-11,2.31481481481481e-07,0.117266406555543,3.56549653781278e-08,0.186635282619385
"root10",0,"T1",6.54780511828092e-12,1.91055203085665e-11,2.31481481481481e-07,0.117266406555543,5.58370066126275e-08,0.186635282619385
"root10",0,"T2",7.07421244287892e-12,1.91055203085665e-11,3.47222222222222e-07,0.117266406555543,6.03259931865332e-08,0.186635282619385
"root10",0,"T3",4.40622666607154e-12,1.91055203085665e-11,3.47222222222222e-07,0.117266406555543,3.75745006220903e-08,0.186635282619385
"root10",0,"T1",7.42324777255204e-12,1.91055203085665e-11,3.47222222222222e-07,0.117266406555543,6.33024238619952e-08,0.186635282619385
"root10",0,"T2",7.68810849055756e-12,1.91055203085665e-11,4.62962962962963e-07,0.117266406555543,6.55610478429396e-08,0.186635282619385
"root10",0,"T3",4.55163435530442e-12,1.91055203085665e-11,4.62962962962963e-07,0.117266406555543,3.8814477982222e-08,0.186635282619385
"root10",0,"T1",8.1201715665987e-12,1.91055203085665e-11,4.62962962962963e-07,0.117266406555543,6.92455052142542e-08,0.186635282619385
"root10",0,"T2",8.19496913720262e-12,1.91055203085665e-11,5.78703703703704e-07,0.117266406555543,6.98833483340439e-08,0.186635282619385
"root10",0,"T3",4.65583402378511e-12,1.91055203085665e-11,5.78703703703704e-07,0.117266406555543,3.97030501789947e-08,0.186635282619385
"root10",0,"T1",8.70753263426389e-12,1.91055203085665e-11,5.78703703703704e-07,0.117266406555543,7.42542804033104e-08,0.186635282619385
"root10",0,"T2",8.629202888541e-12,1.91055203085665e-11,6.94444444444444e-07,0.117266406555543,7.35863163373544e-08,0.186635282619385
"root10",0,"T3",4.73568371678644e-12,1.91055203085665e-11,6.94444444444444e-07,0.117266406555543,4.038397573429e-08,0.186635282619385
"root10",0,"T1",9.22026358122258e-12,1.91055203085665e-11,6.94444444444444e-07,0.117266406555543,7.86266404168821e-08,0.186635282619385
"root10",0,"T2",9.01080698543371e-12,1.91055203085665e-11,8.10185185185185e-07,0.117266406555543,7.68404801520524e-08,0.186635282619385
"root10",0,"T3",4.79980259390552e-12,1.91055203085665e-11,8.10185185185185e-07,0.117266406555543,4.093075531936e-08,0.186635282619385
"root10",0,"T1",9.6786558702921e-12,1.91055203085665e-11,8.10185185185185e-07,0.117266406555543,8.25356225587745e-08,0.186635282619385
"root10",0,"T2",9.35245788241375e-12,1.91055203085665e-11,9.25925925925926e-07,0.117266406555543,7.97539394027903e-08,0.186635282619385
"root10",0,"T3",4.85308162450449e-12,1.91055203085665e-11,9.25925925925926e-07,0.117266406555543,4.13850971224725e-08,0.186635282619385
"root10",0,"T1",1.00955819924725e-11,1.91055203085665e-11,9.25925925925926e-07,0.117266406555543,8.60909981725309e-08,0.186635282619385
"root10",0,"T2",9.66269899455847e-12,1.91055203085665e-11,1.04166666666667e-06,0.117266406555543,8.23995488425046e-08,0.186635282619385
"root10",0,"T3",4.89851544330484e-12,1.91055203085665e-11,1.04166666666667e-06,0.117266406555543,4.17725381649234e-08,0.186635282619385
"root10",0,"T1",1.04797295155703e-11,1.91055203085665e-11,1.04166666666667e-06,0.117266406555543,8.93668512866608e-08,0.186635282619385
"root10",0,"T2",9.94755887735191e-12,1.91055203085665e-11,1.15740740740741e-06,0.117266406555543,8.48287175290928e-08,0.186635282619385
"root10",0,"T3",4.93804770512282e-12,1.91055203085665e-11,1.15740740740741e-06,0.117266406555543,4.21096531408074e-08,0.186635282619385
"root10",0,"T1",1.08372391199074e-11,1.91055203085665e-11,1.15740740740741e-06,0.117266406555543,9.24155471138646e-08,0.186635282619385
"root10",1,"T2",4.99597848347774e-12,9.04220309997034e-12,1.15740740740741e-07,0.131188255256025,3.80825133601149e-08,0.208792592995977
"root10",1,"T3",3.60147320451204e-12,9.04220309997034e-12,1.15740740740741e-07,0.131188255256025,2.74527105912299e-08,0.208792592995977
"root10",1,"T1",5.13047626480026e-12,9.04220309997034e-12,1.15740740740741e-07,0.131188255256025,3.91077406646479e-08,0.208792592995977
"root10",1,"T2",6.10812339049177e-12,9.04220309997034e-12,2.31481481481481e-07,0.131188255256025,4.65599864757043e-08,0.208792592995977
"root10",1,"T3",3.98945243263218e-12,9.04220309997034e-12,2.31481481481481e-07,0.131188255256025,3.04101340843845e-08,0.208792592995977
"root10",1,"T1",6.31587644528523e-12,9.04220309997034e-12,2.31481481481481e-07,0.131188255256025,4.81436118878116e-08,0.208792592995977
"root10",1,"T2",6.89973515183288e-12,9.04220309997034e-12,3.47222222222222e-07,0.131188255256025,5.25941528711352e-08,0.208792592995977
"root10",1,"T3",4.19994537400221e-12,9.04220309997034e-12,3.47222222222222e-07,0.131188255256025,3.20146446479196e-08,0.208792592995977
"root10",1,"T1",7.17757537284774e-12,9.04220309997034e-12,3.47222222222222e-07,0.131188255256025,5.47120270701069e-08,0.208792592995977
"root10",1,"T2",7.52785724849640e-12,9.04220309997034e-12,4.62962962962963e-07,0.131188255256025,5.73820974583826e-08,0.208792592995977
"root10",1,"T3",4.33811636611051e-12,9.04220309997034e-12,4.62962962962963e-07,0.131188255256025,3.30678714923398e-08,0.208792592995977
"root10",1,"T1",7.87470025726786e-12,9.04220309997034e-12,4.62962962962963e-07,0.131188255256025,6.00259546245182e-08,0.208792592995977
"root10",1,"T2",8.05447892061031e-12,9.04220309997034e-12,5.78703703703704e-07,0.131188255256025,6.13963415009317e-08,0.208792592995977
"root10",1,"T3",4.43875479366826e-12,9.04220309997034e-12,5.78703703703704e-07,0.131188255256025,3.38350013498209e-08,0.208792592995977
"root10",1,"T1",8.46966828871613e-12,9.04220309997034e-12,5.78703703703704e-07,0.131188255256025,6.45611779208958e-08,0.208792592995977
"root10",1,"T2",8.51114132339843e-12,9.04220309997034e-12,6.94444444444444e-07,0.131188255256025,6.48773116677877e-08,0.208792592995977
"root10",1,"T3",4.51701812271137e-12,9.04220309997034e-12,6.94444444444444e-07,0.131188255256025,3.44315740299772e-08,0.208792592995977
"root10",1,"T1",8.99411682535223e-12,9.04220309997034e-12,6.94444444444444e-07,0.131188255256025,6.85588569479749e-08,0.208792592995977
"root10",1,"T2",8.9163067289187e-12,9.04220309997034e-12,8.10185185185185e-07,0.131188255256025,6.79657390939286e-08,0.208792592995977
"root10",1,"T3",4.5806602750217e-12,9.04220309997034e-12,8.10185185185185e-07,0.131188255256025,3.49166948373706e-08,0.208792592995977
"root10",1,"T1",9.46651888255979e-12,9.04220309997034e-12,8.10185185185185e-07,0.131188255256025,7.21598047331682e-08,0.208792592995977
"root10",1,"T2",9.2817923821245e-12,9.04220309997034e-12,9.25925925925926e-07,0.131188255256025,7.07517023075755e-08,0.208792592995977
"root10",1,"T3",4.63409927830601e-12,9.04220309997034e-12,9.25925925925926e-07,0.131188255256025,3.53240407783622e-08,0.208792592995977
"root10",1,"T1",9.898679406533e-12,9.04220309997034e-12,9.25925925925926e-07,0.131188255256025,7.54540060557623e-08,0.208792592995977
"root10",1,"T2",9.61564950166774e-12,9.04220309997034e-12,1.04166666666667e-06,0.131188255256025,7.32965727983956e-08,0.208792592995977
"root10",1,"T3",4.68005750868599e-12,9.04220309997034e-12,1.04166666666667e-06,0.131188255256025,3.56743635285984e-08,0.208792592995977
"root10",1,"T1",1.02986327251462e-11,9.04220309997034e-12,1.04166666666667e-06,0.131188255256025,7.8502703653216e-08,0.208792592995977
"root10",1,"T2",9.9236241729427e-12,9.04220309997034e-12,1.15740740740741e-06,0.131188255256025,7.56441508698771e-08,0.208792592995977
"root10",1,"T3",4.72031598605766e-12,9.04220309997034e-12,1.15740740740741e-06,0.131188255256025,3.59812391501477e-08,0.208792592995977
"root10",1,"T1",1.06721092053487e-11,9.04220309997034e-12,1.15740740740741e-06,0.131188255256025,8.13495780130715e-08,0.208792592995977
"root10",12,"T2",5.51697479471628e-12,1.46318011299356e-10,1.15740740740741e-07,0.146758041213076,3.75923169123405e-08,0.233572676975451
"root10",12,"T3",4.07607617612061e-12,1.46318011299356e-10,1.15740740740741e-07,0.146758041213076,2.7774124963978e-08,0.233572676975451
"root10",12,"T1",5.66304231930997e-12,1.46318011299356e-10,1.15740740740741e-07,0.146758041213076,3.858761177582e-08,0.233572676975451
"root10",12,"T2",6.65815710386167e-12,1.46318011299356e-10,2.31481481481481e-07,0.146758041213076,4.53682609063634e-08,0.233572676975451
"root10",12,"T3",4.49026490394419e-12,1.46318011299356e-10,2.31481481481481e-07,0.146758041213076,3.05963807286365e-08,0.233572676975451
"root10",12,"T1",6.87873280750551e-12,1.46318011299356e-10,2.31481481481481e-07,0.146758041213076,4.68712497839786e-08,0.233572676975451
"root10",12,"T2",7.45731551746378e-12,1.46318011299356e-10,3.47222222222222e-07,0.146758041213076,5.08136757333562e-08,0.233572676975451
"root10",12,"T3",4.71104157466442e-12,1.46318011299356e-10,3.47222222222222e-07,0.146758041213076,3.21007389831847e-08,0.233572676975451
"root10",12,"T1",7.74833526855327e-12,1.46318011299356e-10,3.47222222222222e-07,0.146758041213076,5.27966658896978e-08,0.233572676975451
"root10",12,"T2",8.08678801338919e-12,1.46318011299356e-10,4.62962962962963e-07,0.146758041213076,5.51028614619358e-08,0.233572676975451
"root10",12,"T3",4.85518210481755e-12,1.46318011299356e-10,4.62962962962963e-07,0.146758041213076,3.30829034285649e-08,0.233572676975451
"root10",12,"T1",8.446712057868e-12,1.46318011299356e-10,4.62962962962963e-07,0.146758041213076,5.75553611103621e-08,0.233572676975451
"root10",12,"T2",8.61286168219608e-12,1.46318011299356e-10,5.78703703703704e-07,0.146758041213076,5.86874941298186e-08,0.233572676975451
"root10",12,"T3",4.960282491776e-12,1.46318011299356e-10,5.78703703703704e-07,0.146758041213076,3.37990508102669e-08,0.233572676975451
"root10",12,"T1",9.04074648359267e-12,1.46318011299356e-10,5.78703703703704e-07,0.146758041213076,6.16030740725582e-08,0.233572676975451
"root10",12,"T2",9.06867109572346e-12,1.46318011299356e-10,6.94444444444444e-07,0.146758041213076,6.17933506114106e-08,0.233572676975451
"root10",12,"T3",5.04239701393313e-12,1.46318011299356e-10,6.94444444444444e-07,0.146758041213076,3.43585739646943e-08,0.233572676975451
"root10",12,"T1",9.56376833800772e-12,1.46318011299356e-10,6.94444444444444e-07,0.146758041213076,6.51669118704182e-08,0.233572676975451
"root10",12,"T2",9.47334319619085e-12,1.46318011299356e-10,8.10185185185185e-07,0.146758041213076,6.45507606798638e-08,0.233572676975451
"root10",12,"T3",5.10961334060998e-12,1.46318011299356e-10,8.10185185185185e-07,0.146758041213076,3.48165817584837e-08,0.233572676975451
"root10",12,"T1",1.00349838431978e-11,1.46318011299356e-10,8.10185185185185e-07,0.146758041213076,6.83777444850751e-08,0.233572676975451
"root10",12,"T2",9.83897686992402e-12,1.46318011299356e-10,9.25925925925926e-07,0.146758041213076,6.70421653804914e-08,0.233572676975451
"root10",12,"T3",5.16648508417945e-12,1.46318011299356e-10,9.25925925925926e-07,0.146758041213076,3.52041022180059e-08,0.233572676975451
"root10",12,"T1",1.04665302670633e-11,1.46318011299356e-10,9.25925925925926e-07,0.146758041213076,7.13182744914609e-08,0.233572676975451
"root10",12,"T2",1.01737294661496e-11,1.46318011299356e-10,1.04166666666667e-06,0.146758041213076,6.93231483743946e-08,0.233572676975451
"root10",12,"T3",5.21579211022119e-12,1.46318011299356e-10,1.04166666666667e-06,0.146758041213076,3.55400771712976e-08,0.233572676975451
"root10",12,"T1",1.08665867343084e-11,1.46318011299356e-10,1.04166666666667e-06,0.146758041213076,7.40442339274029e-08,0.233572676975451
"root10",12,"T2",1.04833680742613e-11,1.46318011299356e-10,1.15740740740741e-06,0.146758041213076,7.14330062435259e-08,0.233572676975451
"root10",12,"T3",5.25933981726728e-12,1.46318011299356e-10,1.15740740740741e-06,0.146758041213076,3.58368084896372e-08,0.233572676975451
"root10",12,"T1",1.12409346086721e-11,1.46318011299356e-10,1.15740740740741e-06,0.146758041213076,7.65950166393371e-08,0.233572676975451
"root10",14,"T2",6.74378141288726e-12,2.08962516931802e-10,1.15740740740741e-07,0.166539323274233,4.0493628053133e-08,0.265055565182733
"root10",14,"T3",5.11721771910069e-12,2.08962516931802e-10,1.15740740740741e-07,0.166539323274233,3.07267834316487e-08,0.265055565182733
"root10",14,"T1",6.93303574671079e-12,2.08962516931802e-10,1.15740740740741e-07,0.166539323274233,4.16300223298882e-08,0.265055565182733
"root10",14,"T2",8.04090417158856e-12,2.08962516931802e-10,2.31481481481481e-07,0.166539323274233,4.82823156327347e-08,0.265055565182733
"root10",14,"T3",5.64053159670329e-12,2.08962516931802e-10,2.31481481481481e-07,0.166539323274233,3.38690675920141e-08,0.265055565182733
"root10",14,"T1",8.32120357697608e-12,2.08962516931802e-10,2.31481481481481e-07,0.166539323274233,4.9965398041602e-08,0.265055565182733
"root10",14,"T2",8.92503870439799e-12,2.08962516931802e-10,3.47222222222222e-07,0.166539323274233,5.35911791217112e-08,0.265055565182733
"root10",14,"T3",5.9222891104688e-12,2.08962516931802e-10,3.47222222222222e-07,0.166539323274233,3.55609053407574e-08,0.265055565182733
"root10",14,"T1",9.28860851849093e-12,2.08962516931802e-10,3.47222222222222e-07,0.166539323274233,5.57742660164157e-08,0.265055565182733
"root10",14,"T2",9.61042445835182e-12,2.08962516931802e-10,4.62962962962963e-07,0.166539323274233,5.77066381044839e-08,0.265055565182733
"root10",14,"T3",6.10775204305432e-12,2.08962516931802e-10,4.62962962962963e-07,0.166539323274233,3.6674533815638e-08,0.265055565182733
"root10",14,"T1",1.00536887958901e-11,2.08962516931802e-10,4.62962962962963e-07,0.166539323274233,6.03682577677775e-08,0.265055565182733
"root10",14,"T2",1.01777659319091e-11,2.08962516931802e-10,5.78703703703704e-07,0.166539323274233,6.11132898333553e-08,0.265055565182733
"root10",14,"T3",6.2439518298629e-12,2.08962516931802e-10,5.78703703703704e-07,0.166539323274233,3.74923574030697e-08,0.265055565182733
"root10",14,"T1",1.06984323440506e-11,2.08962516931802e-10,5.78703703703704e-07,0.166539323274233,6.42396770547333e-08,0.265055565182733
"root10",14,"T2",1.06664810396509e-11,2.08962516931802e-10,6.94444444444444e-07,0.166539323274233,6.40478226399832e-08,0.265055565182733
"root10",14,"T3",6.35104560779703e-12,2.08962516931802e-10,6.94444444444444e-07,0.166539323274233,3.81354114027414e-08,0.265055565182733
"root10",14,"T1",1.12628223497949e-11,2.08962516931802e-10,6.94444444444444e-07,0.166539323274233,6.76286064357841e-08,0.265055565182733
"root10",14,"T2",1.10988369266596e-11,2.08962516931802e-10,8.10185185185185e-07,0.166539323274233,6.6643941553573e-08,0.265055565182733
"root10",14,"T3",6.43921562604098e-12,2.08962516931802e-10,8.10185185185185e-07,0.166539323274233,3.86648360245694e-08,0.265055565182733
"root10",14,"T1",1.17694328448237e-11,2.08962516931802e-10,8.10185185185185e-07,0.166539323274233,7.06705936678e-08,0.265055565182733
"root10",14,"T2",1.14886552672374e-11,2.08962516931802e-10,9.25925925925926e-07,0.166539323274233,6.89846400319495e-08,0.265055565182733
"root10",14,"T3",6.5142077125535e-12,2.08962516931802e-10,9.25925925925926e-07,0.166539323274233,3.91151325974037e-08,0.265055565182733
"root10",14,"T1",1.22322752308793e-11,2.08962516931802e-10,9.25925925925926e-07,0.166539323274233,7.34497714436907e-08,0.265055565182733
"root10",14,"T2",1.1845107305779e-11,2.08962516931802e-10,1.04166666666667e-06,0.166539323274233,7.11249876179341e-08,0.265055565182733
"root10",14,"T3",6.57953657983796e-12,2.08962516931802e-10,1.04166666666667e-06,0.166539323274233,3.95074055212998e-08,0.265055565182733
"root10",14,"T1",1.26606486139778e-11,2.08962516931802e-10,1.04166666666667e-06,0.166539323274233,7.60219770626186e-08,0.265055565182733
"root10",14,"T2",1.21745915927217e-11,2.08962516931802e-10,1.15740740740741e-06,0.166539323274233,7.31034049698538e-08,0.265055565182733
"root10",14,"T3",6.63748915176314e-12,2.08962516931802e-10,1.15740740740741e-06,0.166539323274233,3.98553868315742e-08,0.265055565182733
"root10",14,"T1",1.30610431891862e-11,2.08962516931802e-10,1.15740740740741e-06,0.166539323274233,7.84261814711422e-08,0.265055565182733
"root10",15,"T2",6.45409118746186e-12,3.35757199682326e-10,1.15740740740741e-07,0.132970246436438,4.85378598628605e-08,0.211628720045066
"root10",15,"T3",4.79646660158881e-12,3.35757199682326e-10,1.15740740740741e-07,0.132970246436438,3.60717283011249e-08,0.211628720045066
"root10",15,"T1",6.67324411848442e-12,3.35757199682326e-10,1.15740740740741e-07,0.132970246436438,5.01859949674858e-08,0.211628720045066
"root10",15,"T2",7.78508214650178e-12,3.35757199682326e-10,2.31481481481481e-07,0.132970246436438,5.85475499605333e-08,0.211628720045066
"root10",15,"T3",5.30207828335252e-12,3.35757199682326e-10,2.31481481481481e-07,0.132970246436438,3.98741705415053e-08,0.211628720045066
"root10",15,"T1",8.12124096977088e-12,3.35757199682326e-10,2.31481481481481e-07,0.132970246436438,6.10756254682356e-08,0.211628720045066
"root10",15,"T2",8.7022631427135e-12,3.35757199682326e-10,3.47222222222222e-07,0.132970246436438,6.54451907545597e-08,0.211628720045066
"root10",15,"T3",5.5732864270531e-12,3.35757199682326e-10,3.47222222222222e-07,0.132970246436438,4.19137858010756e-08,0.211628720045066
"root10",15,"T1",9.14420412177275e-12,3.35757199682326e-10,3.47222222222222e-07,0.132970246436438,6.87687987864551e-08,0.211628720045066
"root10",15,"T2",9.41225098561697e-12,3.35757199682326e-10,4.62962962962963e-07,0.132970246436438,7.07846397059675e-08,0.211628720045066
"root10",15,"T3",5.74876285317136e-12,3.35757199682326e-10,4.62962962962963e-07,0.132970246436438,4.3233452650021e-08,0.211628720045066
"root10",15,"T1",9.95466881708842e-12,3.35757199682326e-10,4.62962962962963e-07,0.132970246436438,7.48638818372568e-08,0.211628720045066
"root10",15,"T2",9.99637993312667e-12,3.35757199682326e-10,5.78703703703704e-07,0.132970246436438,7.51775694264439e-08,0.211628720045066
"root10",15,"T3",5.8748678754248e-12,3.35757199682326e-10,5.78703703703704e-07,0.132970246436438,4.41818228729318e-08,0.211628720045066
"root10",15,"T1",1.06357531148005e-11,3.35757199682326e-10,5.78703703703704e-07,0.132970246436438,7.99859622722784e-08,0.211628720045066
"root10",15,"T2",1.04955465931965e-11,3.35757199682326e-10,6.94444444444444e-07,0.132970246436438,7.8931542013901e-08,0.211628720045066
"root10",15,"T3",5.97182189869749e-12,3.35757199682326e-10,6.94444444444444e-07,0.132970246436438,4.49109636083296e-08,0.211628720045066
"root10",15,"T1",1.12291299075479e-11,3.35757199682326e-10,6.94444444444444e-07,0.132970246436438,8.44484402224197e-08,0.211628720045066
"root10",15,"T2",1.09333379908083e-11,3.35757199682326e-10,8.10185185185185e-07,0.132970246436438,8.22239432039756e-08,0.211628720045066
"root10",15,"T3",6.04993397576791e-12,3.35757199682326e-10,8.10185185185185e-07,0.132970246436438,4.54984038753352e-08,0.211628720045066
"root10",15,"T1",1.17588164844889e-11,3.35757199682326e-10,8.10185185185185e-07,0.132970246436438,8.84319372161936e-08,0.211628720045066
"root10",15,"T2",1.13246218907937e-11,3.35757199682326e-10,9.25925925925926e-07,0.132970246436438,8.51665857159035e-08,0.211628720045066
"root10",15,"T3",6.11504486928656e-12,3.35757199682326e-10,9.25925925925926e-07,0.132970246436438,4.59880690091799e-08,0.211628720045066
"root10",15,"T1",1.22399588978827e-11,3.35757199682326e-10,9.25925925925926e-07,0.132970246436438,9.20503588277066e-08,0.211628720045066
"root10",15,"T2",1.16793777208028e-11,3.35757199682326e-10,1.04166666666667e-06,0.132970246436438,8.78345196298162e-08,0.211628720045066
"root10",15,"T3",6.1707287078936e-12,3.35757199682326e-10,1.04166666666667e-06,0.132970246436438,4.64068381706979e-08,0.211628720045066
"root10",15,"T1",1.26827348577118e-11,3.35757199682326e-10,1.04166666666667e-06,0.132970246436438,9.53802463152867e-08,0.211628720045066
"root10",15,"T2",1.20046275302573e-11,3.35757199682326e-10,1.15740740740741e-06,0.132970246436438,9.02805541237808e-08,0.211628720045066
"root10",15,"T3",6.21930572696997e-12,3.35757199682326e-10,1.15740740740741e-06,0.132970246436438,4.677216064229e-08,0.211628720045066
"root10",15,"T1",1.30943167728613e-11,3.35757199682326e-10,1.15740740740741e-06,0.132970246436438,9.84755396322486e-08,0.211628720045066
"root10",16,"T2",6.97070749608229e-12,4.60158426603757e-10,1.15740740740741e-07,0.162182558767745,4.2980623496419e-08,0.258121559111784
"root10",16,"T3",5.28528377023361e-12,4.60158426603757e-10,1.15740740740741e-07,0.162182558767745,3.25884843005988e-08,0.258121559111784
"root10",16,"T1",7.15988603380278e-12,4.60158426603757e-10,1.15740740740741e-07,0.162182558767745,4.41470777634984e-08,0.258121559111784
"root10",16,"T2",8.31805243667989e-12,4.60158426603757e-10,2.31481481481481e-07,0.162182558767745,5.1288205710158e-08,0.258121559111784
"root10",16,"T3",5.80388134833329e-12,4.60158426603757e-10,2.31481481481481e-07,0.162182558767745,3.57861005056949e-08,0.258121559111784
"root10",16,"T1",8.60137607137386e-12,4.60158426603757e-10,2.31481481481481e-07,0.162182558767745,5.30351483952817e-08,0.258121559111784
"root10",16,"T2",9.25615964745211e-12,4.60158426603757e-10,3.47222222222222e-07,0.162182558767745,5.7072472636885e-08,0.258121559111784
"root10",16,"T3",6.08606208889535e-12,4.60158426603757e-10,3.47222222222222e-07,0.162182558767745,3.75259962300321e-08,0.258121559111784
"root10",16,"T1",9.62773936846778e-12,4.60158426603757e-10,3.47222222222222e-07,0.162182558767745,5.93635927415307e-08,0.258121559111784
"root10",16,"T2",9.99382502591380e-12,4.60158426603757e-10,4.62962962962963e-07,0.162182558767745,6.16208370483632e-08,0.258121559111784
"root10",16,"T3",6.27333976351054e-12,4.60158426603757e-10,4.62962962962963e-07,0.162182558767745,3.86807299821575e-08,0.258121559111784
"root10",16,"T1",1.04521297388788e-11,4.60158426603757e-10,4.62962962962963e-07,0.162182558767745,6.44466940113263e-08,0.258121559111784
"root10",16,"T2",1.06101816154884e-11,4.60158426603757e-10,5.78703703703704e-07,0.162182558767745,6.54212246748602e-08,0.258121559111784
"root10",16,"T3",6.4116248784009e-12,4.60158426603757e-10,5.78703703703704e-07,0.162182558767745,3.95333809450049e-08,0.258121559111784
"root10",16,"T1",1.11545665772913e-11,4.60158426603757e-10,5.78703703703704e-07,0.162182558767745,6.87778430803109e-08,0.258121559111784
"root10",16,"T2",1.1144242429775e-11,4.60158426603757e-10,6.94444444444444e-07,0.162182558767745,6.87141855107506e-08,0.258121559111784
"root10",16,"T3",6.52068128703984e-12,4.60158426603757e-10,6.94444444444444e-07,0.162182558767745,4.02058108873337e-08,0.258121559111784
"root10",16,"T1",1.17742327653338e-11,4.60158426603757e-10,6.94444444444444e-07,0.162182558767745,7.25986373306342e-08,0.258121559111784
"root10",16,"T2",1.16183014772552e-11,4.60158426603757e-10,8.10185185185185e-07,0.162182558767745,7.16371819851066e-08,0.258121559111784
"root10",16,"T3",6.61055282958161e-12,4.60158426603757e-10,8.10185185185185e-07,0.162182558767745,4.07599490340285e-08,0.258121559111784
"root10",16,"T1",1.23334053079848e-11,4.60158426603757e-10,8.10185185185185e-07,0.162182558767745,7.60464343496208e-08,0.258121559111784
"root10",16,"T2",1.20463775876351e-11,4.60158426603757e-10,9.25925925925926e-07,0.162182558767745,7.42766526756201e-08,0.258121559111784
"root10",16,"T3",6.6869483306522e-12,4.60158426603757e-10,9.25925925925926e-07,0.162182558767745,4.1230995376194e-08,0.258121559111784
"root10",16,"T1",1.28460380887015e-11,4.60158426603757e-10,9.25925925925926e-07,0.162182558767745,7.92072722634606e-08,0.258121559111784
"root10",16,"T2",1.24379013668479e-11,4.60158426603757e-10,1.04166666666667e-06,0.162182558767745,7.66907456717323e-08,0.258121559111784
"root10",16,"T3",6.75338786511973e-12,4.60158426603757e-10,1.04166666666667e-06,0.162182558767745,4.16406543122247e-08,0.258121559111784
"root10",16,"T1",1.3321491333677e-11,4.60158426603757e-10,1.04166666666667e-06,0.162182558767745,8.21388652077821e-08,0.258121559111784
"root10",16,"T2",1.27995447721402e-11,4.60158426603757e-10,1.15740740740741e-06,0.162182558767745,7.89205995354279e-08,0.258121559111784
"root10",16,"T3",6.81218094394704e-12,4.60158426603757e-10,1.15740740740741e-06,0.162182558767745,4.20031660352731e-08,0.258121559111784
"root10",16,"T1",1.37663745836473e-11,4.60158426603757e-10,1.15740740740741e-06,0.162182558767745,8.48819668911598e-08,0.258121559111784
"root10",17,"T2",6.48990053547883e-12,1.98669580875084e-10,1.15740740740741e-07,0.15667300606864,4.14232208746639e-08,0.249352833648906
"root10",17,"T3",4.88406987969076e-12,1.98669580875084e-10,1.15740740740741e-07,0.15667300606864,3.11736527066507e-08,0.249352833648906
"root10",17,"T1",6.65056885829531e-12,1.98669580875084e-10,1.15740740740741e-07,0.15667300606864,4.24487218645797e-08,0.249352833648906
"root10",17,"T2",7.76529277495362e-12,1.98669580875084e-10,2.31481481481481e-07,0.15667300606864,4.95636930049811e-08,0.249352833648906
"root10",17,"T3",5.36313658543625e-12,1.98669580875084e-10,2.31481481481481e-07,0.15667300606864,3.42314015669464e-08,0.249352833648906
"root10",17,"T1",8.00855159190367e-12,1.98669580875084e-10,2.31481481481481e-07,0.15667300606864,5.11163460308858e-08,0.249352833648906
"root10",17,"T2",8.66737768809225e-12,1.98669580875084e-10,3.47222222222222e-07,0.15667300606864,5.53214488288748e-08,0.249352833648906
"root10",17,"T3",5.62699595901924e-12,1.98669580875084e-10,3.47222222222222e-07,0.15667300606864,3.59155421869802e-08,0.249352833648906
"root10",17,"T1",8.99046734644345e-12,1.98669580875084e-10,3.47222222222222e-07,0.15667300606864,5.73836397988345e-08,0.249352833648906
"root10",17,"T2",9.3848241167831e-12,1.98669580875084e-10,4.62962962962963e-07,0.15667300606864,5.99007088219876e-08,0.249352833648906
"root10",17,"T3",5.80360656745977e-12,1.98669580875084e-10,4.62962962962963e-07,0.15667300606864,3.7042798329389e-08,0.249352833648906
"root10",17,"T1",9.78798587209524e-12,1.98669580875084e-10,4.62962962962963e-07,0.15667300606864,6.24739776027979e-08,0.249352833648906
"root10",17,"T2",9.98899479827807e-12,1.98669580875084e-10,5.78703703703704e-07,0.15667300606864,6.37569613868377e-08,0.249352833648906
"root10",17,"T3",5.93466710103342e-12,1.98669580875084e-10,5.78703703703704e-07,0.15667300606864,3.7879321077387e-08,0.249352833648906
"root10",17,"T1",1.04727947546437e-11,1.98669580875084e-10,5.78703703703704e-07,0.15667300606864,6.68449212626676e-08,0.249352833648906
"root10",17,"T2",1.05152010540912e-11,1.98669580875084e-10,6.94444444444444e-07,0.15667300606864,6.71155888174148e-08,0.249352833648906
"root10",17,"T3",6.03825934652174e-12,1.98669580875084e-10,6.94444444444444e-07,0.15667300606864,3.85405214212608e-08,0.249352833648906
"root10",17,"T1",1.10800469592462e-11,1.98669580875084e-10,6.94444444444444e-07,0.15667300606864,7.07208423280777e-08,0.249352833648906
"root10",17,"T2",1.09837705508028e-11,1.98669580875084e-10,8.10185185185185e-07,0.15667300606864,7.01063369269286e-08,0.249352833648906
"root10",17,"T3",6.12365078690476e-12,1.98669580875084e-10,8.10185185185185e-07,0.15667300606864,3.90855511141589e-08,0.249352833648906
"root10",17,"T1",1.16298286970554e-11,1.98669580875084e-10,8.10185185185185e-07,0.15667300606864,7.42299454697404e-08,0.249352833648906
"root10",17,"T2",1.14076092597968e-11,1.98669580875084e-10,9.25925925925926e-07,0.15667300606864,7.28115809228745e-08,0.249352833648906
"root10",17,"T3",6.19615620567237e-12,1.98669580875084e-10,9.25925925925926e-07,0.15667300606864,3.95483329333566e-08,0.249352833648906
"root10",17,"T1",1.21348163144447e-11,1.98669580875084e-10,9.25925925925926e-07,0.15667300606864,7.74531402629008e-08,0.249352833648906
"root10",17,"T2",1.17954940174868e-11,1.98669580875084e-10,1.04166666666667e-06,0.15667300606864,7.52873408985277e-08,0.249352833648906
"root10",17,"T3",6.25908177132073e-12,1.98669580875084e-10,1.04166666666667e-06,0.15667300606864,3.99499692281296e-08,0.249352833648906
"root10",17,"T1",1.26035913114478e-11,1.98669580875084e-10,1.04166666666667e-06,0.15667300606864,8.04452000233275e-08,0.249352833648906
"root10",17,"T2",1.2153705393737e-11,1.98669580875084e-10,1.15740740740741e-06,0.15667300606864,7.75737039756057e-08,0.249352833648906
"root10",17,"T3",6.31461489999784e-12,1.98669580875084e-10,1.15740740740741e-06,0.15667300606864,4.03044216642613e-08,0.249352833648906
"root10",17,"T1",1.30422753634806e-11,1.98669580875084e-10,1.15740740740741e-06,0.15667300606864,8.3245197693894e-08,0.249352833648906
"root10",18,"T2",6.97889857246912e-12,4.64182538478659e-10,1.15740740740741e-07,0.131722173011462,5.29819575012768e-08,0.2096423494958
"root10",18,"T3",5.18635981659308e-12,4.64182538478659e-10,1.15740740740741e-07,0.131722173011462,3.93734759913336e-08,0.2096423494958
"root10",18,"T1",7.19718540243093e-12,4.64182538478659e-10,1.15740740740741e-07,0.131722173011462,5.4639133548189e-08,0.2096423494958
"root10",18,"T2",8.41409023485047e-12,4.64182538478659e-10,2.31481481481481e-07,0.131722173011462,6.38775541162558e-08,0.2096423494958
"root10",18,"T3",5.68495604238724e-12,4.64182538478659e-10,2.31481481481481e-07,0.131722173011462,4.31586870487823e-08,0.2096423494958
"root10",18,"T1",8.76429646715605e-12,4.64182538478659e-10,2.31481481481481e-07,0.131722173011462,6.65362274762458e-08,0.2096423494958
"root10",18,"T2",9.42784128249631e-12,4.64182538478659e-10,3.47222222222222e-07,0.131722173011462,7.15736847256227e-08,0.2096423494958
"root10",18,"T3",5.95180895478757e-12,4.64182538478659e-10,3.47222222222222e-07,0.131722173011462,4.51845639858193e-08,0.2096423494958
"root10",18,"T1",9.89943258729205e-12,4.64182538478659e-10,3.47222222222222e-07,0.131722173011462,7.51538815445341e-08,0.2096423494958
"root10",18,"T2",1.02257003090367e-11,4.64182538478659e-10,4.62962962962963e-07,0.131722173011462,7.76308200453612e-08,0.2096423494958
"root10",18,"T3",6.1240541760804e-12,4.64182538478659e-10,4.62962962962963e-07,0.131722173011462,4.64922042817157e-08,0.2096423494958
"root10",18,"T1",1.0815361552365e-11,4.64182538478659e-10,4.62962962962963e-07,0.131722173011462,8.21073727004479e-08,0.2096423494958
"root10",18,"T2",1.08890322787862e-11,4.64182538478659e-10,5.78703703703704e-07,0.131722173011462,8.26666614271441e-08,0.2096423494958
"root10",18,"T3",6.24710918321925e-12,4.64182538478659e-10,5.78703703703704e-07,0.131722173011462,4.74264054440983e-08,0.2096423494958
"root10",18,"T1",1.15952448697369e-11,4.64182538478659e-10,5.78703703703704e-07,0.131722173011462,8.80280411766962e-08,0.2096423494958
"root10",18,"T2",1.14593161294385e-11,4.64182538478659e-10,6.94444444444444e-07,0.131722173011462,8.69961060272013e-08,0.2096423494958
"root10",18,"T3",6.34087929233006e-12,4.64182538478659e-10,6.94444444444444e-07,0.131722173011462,4.81382833836054e-08,0.2096423494958
"root10",18,"T1",1.22809737800158e-11,4.64182538478659e-10,6.94444444444444e-07,0.131722173011462,9.3233914224503e-08,0.2096423494958
"root10",18,"T2",1.19608626793787e-11,4.64182538478659e-10,8.10185185185185e-07,0.131722173011462,9.08037151675135e-08,0.2096423494958
"root10",18,"T3",6.4155963316198e-12,4.64182538478659e-10,8.10185185185185e-07,0.131722173011462,4.87055154416678e-08,0.2096423494958
"root10",18,"T1",1.28968687820068e-11,4.64182538478659e-10,8.10185185185185e-07,0.131722173011462,9.79096266570443e-08,0.2096423494958
"root10",18,"T2",1.24092644319853e-11,4.64182538478659e-10,9.25925925925926e-07,0.131722173011462,9.42078630217064e-08,0.2096423494958
"root10",18,"T3",6.47710826612395e-12,4.64182538478659e-10,9.25925925925926e-07,0.131722173011462,4.91724978266213e-08,0.2096423494958
"root10",18,"T1",1.34584184947834e-11,4.64182538478659e-10,9.25925925925926e-07,0.131722173011462,1.02172763985698e-07,0.2096423494958
"root10",18,"T2",1.28151786589666e-11,4.64182538478659e-10,1.04166666666667e-06,0.131722173011462,9.72894567860758e-08,0.2096423494958
"root10",18,"T3",6.52902361417388e-12,4.64182538478659e-10,1.04166666666667e-06,0.131722173011462,4.95666254580066e-08,0.2096423494958
"root10",18,"T1",1.39761573773158e-11,4.64182538478659e-10,1.04166666666667e-06,0.131722173011462,1.06103301044841e-07,0.2096423494958
"root10",18,"T2",1.31862436195681e-11,4.64182538478659e-10,1.15740740740741e-06,0.131722173011462,1.00106484110467e-07,0.2096423494958
"root10",18,"T3",6.57370259570338e-12,4.64182538478659e-10,1.15740740740741e-06,0.131722173011462,4.99058165031286e-08,0.2096423494958
"root10",18,"T1",1.44576134125478e-11,4.64182538478659e-10,1.15740740740741e-06,0.131722173011462,1.09758388295718e-07,0.2096423494958
"root10",21,"T2",7.19602272657098e-12,2.69375882498134e-10,1.15740740740741e-07,0.163085254916861,4.41243000799762e-08,0.259558244654203
"root10",21,"T3",5.51046544799607e-12,2.69375882498134e-10,1.15740740740741e-07,0.163085254916861,3.37888636885367e-08,0.259558244654203
"root10",21,"T1",7.40250275059835e-12,2.69375882498134e-10,1.15740740740741e-07,0.163085254916861,4.53903864844928e-08,0.259558244654203
"root10",21,"T2",8.54292174717506e-12,2.69375882498134e-10,2.31481481481481e-07,0.163085254916861,5.23831645695384e-08,0.259558244654203
"root10",21,"T3",6.04912052960125e-12,2.69375882498134e-10,2.31481481481481e-07,0.163085254916861,3.70917685518843e-08,0.259558244654203
"root10",21,"T1",8.84990328887968e-12,2.69375882498134e-10,2.31481481481481e-07,0.163085254916861,5.42655023802811e-08,0.259558244654203
"root10",21,"T2",9.45920875892644e-12,2.69375882498134e-10,3.47222222222222e-07,0.163085254916861,5.80016186242505e-08,0.259558244654203
"root10",21,"T3",6.33884208389645e-12,2.69375882498134e-10,3.47222222222222e-07,0.163085254916861,3.88682722244137e-08,0.259558244654203
"root10",21,"T1",9.85728613268226e-12,2.69375882498134e-10,3.47222222222222e-07,0.163085254916861,6.04425344137175e-08,0.259558244654203
"root10",21,"T2",1.01659782503861e-11,2.69375882498134e-10,4.62962962962963e-07,0.163085254916861,6.23353610696966e-08,0.259558244654203
"root10",21,"T3",6.52867038165618e-12,2.69375882498134e-10,4.62962962962963e-07,0.163085254916861,4.00322542033884e-08,0.259558244654203
"root10",21,"T1",1.06512509229661e-11,2.69375882498134e-10,4.62962962962963e-07,0.163085254916861,6.53109376957221e-08,0.259558244654203
"root10",21,"T2",1.07473457896496e-11,2.69375882498134e-10,5.78703703703704e-07,0.163085254916861,6.59001685659964e-08,0.259558244654203
"root10",21,"T3",6.6672393508095e-12,2.69375882498134e-10,5.78703703703704e-07,0.163085254916861,4.08819261692811e-08,0.259558244654203
"root10",21,"T1",1.13173688937183e-11,2.69375882498134e-10,5.78703703703704e-07,0.163085254916861,6.93954146834902e-08,0.259558244654203
"root10",21,"T2",1.12446921634611e-11,2.69375882498134e-10,6.94444444444444e-07,0.163085254916861,6.89497782567378e-08,0.259558244654203
"root10",21,"T3",6.77548954293888e-12,2.69375882498134e-10,6.94444444444444e-07,0.163085254916861,4.15456906045427e-08,0.259558244654203
"root10",21,"T1",1.18975549784752e-11,2.69375882498134e-10,6.94444444444444e-07,0.163085254916861,7.29529777817159e-08,0.259558244654203
"root10",21,"T2",1.1681544064304e-11,2.69375882498134e-10,8.10185185185185e-07,0.163085254916861,7.16284502253692e-08,0.259558244654203
"root10",21,"T3",6.86403161410644e-12,2.69375882498134e-10,8.10185185185185e-07,0.163085254916861,4.2088609528836e-08,0.259558244654203
"root10",21,"T1",1.2415581369465e-11,2.69375882498134e-10,8.10185185185185e-07,0.163085254916861,7.61293924198993e-08,0.259558244654203
"root10",21,"T2",1.2072596017341e-11,2.69375882498134e-10,9.25925925925926e-07,0.163085254916861,7.40262878056966e-08,0.259558244654203
"root10",21,"T3",6.93886697443007e-12,2.69375882498134e-10,9.25925925925926e-07,0.163085254916861,4.25474821618142e-08,0.259558244654203
"root10",21,"T1",1.28862781811649e-11,2.69375882498134e-10,9.25925925925926e-07,0.163085254916861,7.90155933332796e-08,0.259558244654203
"root10",21,"T2",1.24276577234595e-11,2.69375882498134e-10,1.04166666666667e-06,0.163085254916861,7.6203441750727e-08,0.259558244654203
"root10",21,"T3",7.00367328145735e-12,2.69375882498134e-10,1.04166666666667e-06,0.163085254916861,4.29448590249789e-08,0.259558244654203
"root10",21,"T1",1.33195430299469e-11,2.69375882498134e-10,1.04166666666667e-06,0.163085254916861,8.16722703517068e-08,0.259558244654203
"root10",21,"T2",1.27536131190561e-11,2.69375882498134e-10,1.15740740740741e-06,0.163085254916861,7.82021227213813e-08,0.259558244654203
"root10",21,"T3",7.06084671686944e-12,2.69375882498134e-10,1.15740740740741e-06,0.163085254916861,4.32954329345653e-08,0.259558244654203
"root10",21,"T1",1.37223250535186e-11,2.69375882498134e-10,1.15740740740741e-06,0.163085254916861,8.41420339350363e-08,0.259558244654203
"root10",26,"T2",8.72620991108464e-12,6.93178428587793e-10,1.15740740740741e-07,0.167686993227579,5.2038680777356e-08,0.266882138643864
"root10",26,"T3",6.84740340983091e-12,6.93178428587793e-10,1.15740740740741e-07,0.167686993227579,4.08344337150697e-08,0.266882138643864
"root10",26,"T1",9.00326667645038e-12,6.93178428587793e-10,1.15740740740741e-07,0.167686993227579,5.3690906510748e-08,0.266882138643864
"root10",26,"T2",1.02554114110753e-11,6.93178428587793e-10,2.31481481481481e-07,0.167686993227579,6.11580613003001e-08,0.266882138643864
"root10",26,"T3",7.45794821238486e-12,6.93178428587793e-10,2.31481481481481e-07,0.167686993227579,4.44754126055751e-08,0.266882138643864
"root10",26,"T1",1.06823044265573e-11,6.93178428587793e-10,2.31481481481481e-07,0.167686993227579,6.37038342744903e-08,0.266882138643864
"root10",26,"T2",1.12868222171317e-11,6.93178428587793e-10,3.47222222222222e-07,0.167686993227579,6.73088711288039e-08,0.266882138643864
"root10",26,"T3",7.78450447354691e-12,6.93178428587793e-10,3.47222222222222e-07,0.167686993227579,4.64228281735725e-08,0.266882138643864
"root10",26,"T1",1.18423364576674e-11,6.93178428587793e-10,3.47222222222222e-07,0.167686993227579,7.06216757169439e-08,0.266882138643864
"root10",26,"T2",1.207500473181e-11,6.93178428587793e-10,4.62962962962963e-07,0.167686993227579,7.20091910493153e-08,0.266882138643864
"root10",26,"T3",7.99772072412782e-12,6.93178428587793e-10,4.62962962962963e-07,0.167686993227579,4.7694341523994e-08,0.266882138643864
"root10",26,"T1",1.27493648676543e-11,6.93178428587793e-10,4.62962962962963e-07,0.167686993227579,7.60307321531572e-08,0.266882138643864
"root10",26,"T2",1.27178542927989e-11,6.93178428587793e-10,5.78703703703704e-07,0.167686993227579,7.58428191000999e-08,0.266882138643864
"root10",26,"T3",8.15287365774336e-12,6.93178428587793e-10,5.78703703703704e-07,0.167686993227579,4.86195947629556e-08,0.266882138643864
"root10",26,"T1",1.35050818288641e-11,6.93178428587793e-10,5.78703703703704e-07,0.167686993227579,8.05374440135345e-08,0.266882138643864
"root10",26,"T2",1.32639115345901e-11,6.93178428587793e-10,6.94444444444444e-07,0.167686993227579,7.90992269542859e-08,0.266882138643864
"root10",26,"T3",8.27380058019086e-12,6.93178428587793e-10,6.94444444444444e-07,0.167686993227579,4.93407414668229e-08,0.266882138643864
"root10",26,"T1",1.41596735619169e-11,6.93178428587793e-10,6.94444444444444e-07,0.167686993227579,8.44410964105e-08,0.266882138643864
"root10",26,"T2",1.37408432012906e-11,6.93178428587793e-10,8.10185185185185e-07,0.167686993227579,8.19434050119918e-08,0.266882138643864
"root10",26,"T3",8.37259724407218e-12,6.93178428587793e-10,8.10185185185185e-07,0.167686993227579,4.99299145563972e-08,0.266882138643864
"root10",26,"T1",1.47416730337708e-11,6.93178428587793e-10,8.10185185185185e-07,0.167686993227579,8.79118454569932e-08,0.266882138643864
"root10",26,"T2",1.41659065120946e-11,6.93178428587793e-10,9.25925925925926e-07,0.167686993227579,8.44782665574372e-08,0.266882138643864
"root10",26,"T3",8.45610292236124e-12,6.93178428587793e-10,9.25925925925926e-07,0.167686993227579,5.04278999796061e-08,0.266882138643864
"root10",26,"T1",1.5268863578716e-11,6.93178428587793e-10,9.25925925925926e-07,0.167686993227579,9.10557419202672e-08,0.266882138643864
"root10",26,"T2",1.45505777736397e-11,6.93178428587793e-10,1.04166666666667e-06,0.167686993227579,8.67722504505292e-08,0.266882138643864
"root10",26,"T3",8.52849956575373e-12,6.93178428587793e-10,1.04166666666667e-06,0.167686993227579,5.08596367649049e-08,0.266882138643864
"root10",26,"T1",1.57530765683398e-11,6.93178428587793e-10,1.04166666666667e-06,0.167686993227579,9.39433420871244e-08,0.266882138643864
"root10",26,"T2",1.49028667829673e-11,6.93178428587793e-10,1.15740740740741e-06,0.167686993227579,8.88731230498098e-08,0.266882138643864
"root10",26,"T3",8.59250153563709e-12,6.93178428587793e-10,1.15740740740741e-06,0.167686993227579,5.12413119840228e-08,0.266882138643864
"root10",26,"T1",1.62025807344649e-11,6.93178428587793e-10,1.15740740740741e-06,0.167686993227579,9.66239564715392e-08,0.266882138643864
"root10",27,"T2",9.0254035861358e-12,8.25915670139546e-10,1.15740740740741e-07,0.186129725497751,4.84898559969394e-08,0.296234658693047
"root10",27,"T3",7.21676199728176e-12,8.25915670139546e-10,1.15740740740741e-07,0.186129725497751,3.87727536694237e-08,0.296234658693047
"root10",27,"T1",9.27369748526358e-12,8.25915670139546e-10,1.15740740740741e-07,0.186129725497751,4.98238390480817e-08,0.296234658693047
"root10",27,"T2",1.04436755419273e-11,8.25915670139546e-10,2.31481481481481e-07,0.186129725497751,5.6109659615081e-08,0.296234658693047
"root10",27,"T3",7.83003925570095e-12,8.25915670139546e-10,2.31481481481481e-07,0.186129725497751,4.20676452122934e-08,0.296234658693047
"root10",27,"T1",1.08114705994205e-11,8.25915670139546e-10,2.31481481481481e-07,0.186129725497751,5.80856742280594e-08,0.296234658693047
"root10",27,"T2",1.13858465848177e-11,8.25915670139546e-10,3.47222222222222e-07,0.186129725497751,6.11715649092027e-08,0.296234658693047
"root10",27,"T3",8.1664989594542e-12,8.25915670139546e-10,3.47222222222222e-07,0.186129725497751,4.3875307598586e-08,0.296234658693047
"root10",27,"T1",1.18544495849301e-11,8.25915670139546e-10,3.47222222222222e-07,0.186129725497751,6.36891799696625e-08,0.296234658693047
"root10",27,"T2",1.21020308041288e-11,8.25915670139546e-10,4.62962962962963e-07,0.186129725497751,6.50193340787741e-08,0.296234658693047
"root10",27,"T3",8.39171334598271e-12,8.25915670139546e-10,4.62962962962963e-07,0.186129725497751,4.50852937301737e-08,0.296234658693047
"root10",27,"T1",1.26636708305829e-11,8.25915670139546e-10,4.62962962962963e-07,0.186129725497751,6.80367995854373e-08,0.296234658693047
"root10",27,"T2",1.26860291106982e-11,8.25915670139546e-10,5.78703703703704e-07,0.186129725497751,6.81569216135304e-08,0.296234658693047
"root10",27,"T3",8.55952636727726e-12,8.25915670139546e-10,5.78703703703704e-07,0.186129725497751,4.59868854605961e-08,0.296234658693047
"root10",27,"T1",1.33362874416273e-11,8.25915670139546e-10,5.78703703703704e-07,0.186129725497751,7.16504975546662e-08,0.296234658693047
"root10",27,"T2",1.31833653630788e-11,8.25915670139546e-10,6.94444444444444e-07,0.186129725497751,7.08289088581831e-08,0.296234658693047
"root10",27,"T3",8.69325624175732e-12,8.25915670139546e-10,6.94444444444444e-07,0.186129725497751,4.67053621795749e-08,0.296234658693047
"root10",27,"T1",1.39191696970461e-11,8.25915670139546e-10,6.94444444444444e-07,0.186129725497751,7.47820889963882e-08,0.296234658693047
"root10",27,"T2",1.36195397082597e-11,8.25915670139546e-10,8.10185185185185e-07,0.186129725497751,7.31722978252836e-08,0.296234658693047
"root10",27,"T3",8.804783164569e-12,8.25915670139546e-10,8.10185185185185e-07,0.186129725497751,4.7304551387604e-08,0.296234658693047
"root10",27,"T1",1.44384782763735e-11,8.25915670139546e-10,8.10185185185185e-07,0.186129725497751,7.75721246983087e-08,0.296234658693047
"root10",27,"T2",1.40102365159104e-11,8.25915670139546e-10,9.25925925925926e-07,0.186129725497751,7.52713543118597e-08,0.296234658693047
"root10",27,"T3",8.90085028482459e-12,8.25915670139546e-10,9.25925925925926e-07,0.186129725497751,4.78206813072001e-08,0.296234658693047
"root10",27,"T1",1.49102769624161e-11,8.25915670139546e-10,9.25925925925926e-07,0.186129725497751,8.01069088913275e-08,0.296234658693047
"root10",27,"T2",1.43657675200819e-11,8.25915670139546e-10,1.04166666666667e-06,0.186129725497751,7.71814791090714e-08,0.296234658693047
"root10",27,"T3",8.98559594065376e-12,8.25915670139546e-10,1.04166666666667e-06,0.186129725497751,4.82759855612764e-08,0.296234658693047
"root10",27,"T1",1.53451244840725e-11,8.25915670139546e-10,1.04166666666667e-06,0.186129725497751,8.24431693703748e-08,0.296234658693047
"root10",27,"T2",1.46932616861923e-11,8.25915670139546e-10,1.15740740740741e-06,0.186129725497751,7.8940973274953e-08,0.296234658693047
"root10",27,"T3",9.06171577995732e-12,8.25915670139546e-10,1.15740740740741e-06,0.186129725497751,4.8684946779588e-08,0.296234658693047
"root10",27,"T1",1.57503268723104e-11,8.25915670139546e-10,1.15740740740741e-06,0.186129725497751,8.46201584953214e-08,0.296234658693047
"root10",28,"T2",1.184715006552e-11,5.85671515020126e-09,1.15740740740741e-07,0.233053746351866,5.08344115937663e-08,0.370916557379842
"root10",28,"T3",9.57286641905087e-12,5.85671515020126e-09,1.15740740740741e-07,0.233053746351866,4.10757886062801e-08,0.370916557379842
"root10",28,"T1",1.21688410642874e-11,5.85671515020126e-09,1.15740740740741e-07,0.233053746351866,5.22147412550701e-08,0.370916557379842
"root10",28,"T2",1.37041501668307e-11,5.85671515020126e-09,2.31481481481481e-07,0.233053746351866,5.88025310957244e-08,0.370916557379842
"root10",28,"T3",1.03764266148528e-11,5.85671515020126e-09,2.31481481481481e-07,0.233053746351866,4.45237494667277e-08,0.370916557379842
"root10",28,"T1",1.4182760680376e-11,5.85671515020126e-09,2.31481481481481e-07,0.233053746351866,6.08561797541876e-08,0.370916557379842
"root10",28,"T2",1.49559181588849e-11,5.85671515020126e-09,3.47222222222222e-07,0.233053746351866,6.41736869413134e-08,0.370916557379842
"root10",28,"T3",1.08250849964052e-11,5.85671515020126e-09,3.47222222222222e-07,0.233053746351866,4.64488778483802e-08,0.370916557379842
"root10",28,"T1",1.55718278407218e-11,5.85671515020126e-09,3.47222222222222e-07,0.233053746351866,6.68164665210375e-08,0.370916557379842
"root10",28,"T2",1.59203761702439e-11,5.85671515020126e-09,4.62962962962963e-07,0.233053746351866,6.83120371135646e-08,0.370916557379842
"root10",28,"T3",1.11320337283075e-11,5.85671515020126e-09,4.62962962962963e-07,0.233053746351866,4.77659505696179e-08,0.370916557379842
"root10",28,"T1",1.66663067171817e-11,5.85671515020126e-09,4.62962962962963e-07,0.233053746351866,7.15127174656904e-08,0.370916557379842
"root10",28,"T2",1.67158003383949e-11,5.85671515020126e-09,5.78703703703704e-07,0.233053746351866,7.17250874532491e-08,0.370916557379842
"root10",28,"T3",1.13655994197875e-11,5.85671515020126e-09,5.78703703703704e-07,0.233053746351866,4.87681472522979e-08,0.370916557379842
"root10",28,"T1",1.75878471371818e-11,5.85671515020126e-09,5.78703703703704e-07,0.233053746351866,7.54669144456813e-08,0.370916557379842
"root10",28,"T2",1.73995257752743e-11,5.85671515020126e-09,6.94444444444444e-07,0.233053746351866,7.46588546532281e-08,0.370916557379842
"root10",28,"T3",1.1555195859137e-11,5.85671515020126e-09,6.94444444444444e-07,0.233053746351866,4.95816782180831e-08,0.370916557379842
"root10",28,"T1",1.83949664943465e-11,5.85671515020126e-09,6.94444444444444e-07,0.233053746351866,7.89301471540117e-08,0.370916557379842
"root10",28,"T2",1.80037236364874e-11,5.85671515020126e-09,8.10185185185185e-07,0.233053746351866,7.72513805004672e-08,0.370916557379842
"root10",28,"T3",1.17157924887717e-11,5.85671515020126e-09,8.10185185185185e-07,0.233053746351866,5.02707751845494e-08,0.370916557379842
"root10",28,"T1",1.91203328058577e-11,5.85671515020126e-09,8.10185185185185e-07,0.233053746351866,8.20425893389831e-08,0.370916557379842
"root10",28,"T2",1.85482431573995e-11,5.85671515020126e-09,9.25925925925926e-07,0.233053746351866,7.95878352000199e-08,0.370916557379842
"root10",28,"T3",1.18559040290229e-11,5.85671515020126e-09,9.25925925925926e-07,0.233053746351866,5.08719735881128e-08,0.370916557379842
"root10",28,"T1",1.9784041197189e-11,5.85671515020126e-09,9.25925925925926e-07,0.233053746351866,8.48904662846266e-08,0.370916557379842
"root10",28,"T2",1.90461852485233e-11,5.85671515020126e-09,1.04166666666667e-06,0.233053746351866,8.17244328686621e-08,0.370916557379842
"root10",28,"T3",1.19807794623546e-11,5.85671515020126e-09,1.04166666666667e-06,0.233053746351866,5.14077960551896e-08,0.370916557379842
"root10",28,"T1",2.03993359858012e-11,5.85671515020126e-09,1.04166666666667e-06,0.233053746351866,8.75306074462418e-08,0.370916557379842
"root10",28,"T2",1.95066470366254e-11,5.85671515020126e-09,1.15740740740741e-06,0.233053746351866,8.37002079647935e-08,0.370916557379842
"root10",28,"T3",1.20938594178242e-11,5.85671515020126e-09,1.15740740740741e-06,0.233053746351866,5.1893005828642e-08,0.370916557379842
"root10",28,"T1",2.09754121611289e-11,5.85671515020126e-09,1.15740740740741e-06,0.233053746351866,9.00024671968162e-08,0.370916557379842
"root10",3,"T2",4.75470573536365e-12,2.54357282091743e-11,1.15740740740741e-07,0.131028588805759,3.62875444107253e-08,0.208538475947919
"root10",3,"T3",3.41155320961256e-12,2.54357282091743e-11,1.15740740740741e-07,0.131028588805759,2.60367087878047e-08,0.208538475947919
"root10",3,"T1",4.8741176902191e-12,2.54357282091743e-11,1.15740740740741e-07,0.131028588805759,3.71988871638132e-08,0.208538475947919
"root10",3,"T2",5.80263452307133e-12,2.54357282091743e-11,2.31481481481481e-07,0.131028588805759,4.42852554237102e-08,0.208538475947919
"root10",3,"T3",3.7823161149574e-12,2.54357282091743e-11,2.31481481481481e-07,0.131028588805759,2.88663424480929e-08,0.208538475947919
"root10",3,"T1",5.98588440018933e-12,2.54357282091743e-11,2.31481481481481e-07,0.131028588805759,4.56838042349903e-08,0.208538475947919
"root10",3,"T2",6.55032632059019e-12,2.54357282091743e-11,3.47222222222222e-07,0.131028588805759,4.99915810762536e-08,0.208538475947919
"root10",3,"T3",3.9836110930748e-12,2.54357282091743e-11,3.47222222222222e-07,0.131028588805759,3.04026100668781e-08,0.208538475947919
"root10",3,"T1",6.79474584726212e-12,2.54357282091743e-11,3.47222222222222e-07,0.131028588805759,5.18569718959186e-08,0.208538475947919
"root10",3,"T2",7.14728099610944e-12,2.54357282091743e-11,4.62962962962963e-07,0.131028588805759,5.45474927361448e-08,0.208538475947919
"root10",3,"T3",4.11627829375199e-12,2.54357282091743e-11,4.62962962962963e-07,0.131028588805759,3.14151158252501e-08,0.208538475947919
"root10",3,"T1",7.45226060310812e-12,2.54357282091743e-11,4.62962962962963e-07,0.131028588805759,5.68750733792576e-08,0.208538475947919
"root10",3,"T2",7.6515181449662e-12,2.54357282091743e-11,5.78703703703704e-07,0.131028588805759,5.8395791442958e-08,0.208538475947919
"root10",3,"T3",4.2134208302159e-12,2.54357282091743e-11,5.78703703703704e-07,0.131028588805759,3.21565001090106e-08,0.208538475947919
"root10",3,"T1",8.01689324977893e-12,2.54357282091743e-11,5.78703703703704e-07,0.131028588805759,6.11843058285809e-08,0.208538475947919
"root10",3,"T2",8.09219520133202e-12,2.54357282091743e-11,6.94444444444444e-07,0.131028588805759,6.17590044667897e-08,0.208538475947919
"root10",3,"T3",4.28939226927756e-12,2.54357282091743e-11,6.94444444444444e-07,0.131028588805759,3.27363082238205e-08,0.208538475947919
"root10",3,"T1",8.5179033955851e-12,2.54357282091743e-11,6.94444444444444e-07,0.131028588805759,6.50079762990679e-08,0.208538475947919
"root10",3,"T2",8.48621905683601e-12,2.54357282091743e-11,8.10185185185185e-07,0.131028588805759,6.47661638897466e-08,0.208538475947919
"root10",3,"T3",4.35151362404348e-12,2.54357282091743e-11,8.10185185185185e-07,0.131028588805759,3.32104135723716e-08,0.208538475947919
"root10",3,"T1",8.97220378915562e-12,2.54357282091743e-11,8.10185185185185e-07,0.131028588805759,6.84751615729931e-08,0.208538475947919
"root10",3,"T2",8.84433291529864e-12,2.54357282091743e-11,9.25925925925926e-07,0.131028588805759,6.74992610079146e-08,0.208538475947919
"root10",3,"T3",4.40394955200854e-12,2.54357282091743e-11,9.25925925925926e-07,0.131028588805759,3.361060049679e-08,0.208538475947919
"root10",3,"T1",9.39051370016965e-12,2.54357282091743e-11,9.25925925925926e-07,0.131028588805759,7.16676702829369e-08,0.208538475947919
"root10",3,"T2",9.17381490108574e-12,2.54357282091743e-11,1.04166666666667e-06,0.131028588805759,7.0013841900452e-08,0.208538475947919
"root10",3,"T3",4.44926478061103e-12,2.54357282091743e-11,1.04166666666667e-06,0.131028588805759,3.39564427974323e-08,0.208538475947919
"root10",3,"T1",9.78007900203606e-12,2.54357282091743e-11,1.04166666666667e-06,0.131028588805759,7.46408023712624e-08,0.208538475947919
"root10",3,"T2",9.47983647936429e-12,2.54357282091743e-11,1.15740740740741e-06,0.131028588805759,7.23493747873413e-08,0.208538475947919
"root10",3,"T3",4.48913750179555e-12,2.54357282091743e-11,1.15740740740741e-06,0.131028588805759,3.42607483047108e-08,0.208538475947919
"root10",3,"T1",1.01460382189823e-11,2.54357282091743e-11,1.15740740740741e-06,0.131028588805759,7.74337746552635e-08,0.208538475947919
"root10",7,"T2",4.91417101035403e-12,6.4217064678374e-11,1.15740740740741e-07,0.115697310295451,4.24743755736839e-08,0.184137988359579
"root10",7,"T3",3.52504453015989e-12,6.4217064678374e-11,1.15740740740741e-07,0.115697310295451,3.04678174553769e-08,0.184137988359579
"root10",7,"T1",5.06730123617877e-12,6.4217064678374e-11,1.15740740740741e-07,0.115697310295451,4.37979173693721e-08,0.184137988359579
"root10",7,"T2",6.03873692393768e-12,6.4217064678374e-11,2.31481481481481e-07,0.115697310295451,5.21942723518536e-08,0.184137988359579
"root10",7,"T3",3.91739201111576e-12,6.4217064678374e-11,2.31481481481481e-07,0.115697310295451,3.38589721845053e-08,0.184137988359579
"root10",7,"T1",6.28005017494343e-12,6.4217064678374e-11,2.31481481481481e-07,0.115697310295451,5.42800014875571e-08,0.184137988359579
"root10",7,"T2",6.83706971510541e-12,6.4217064678374e-11,3.47222222222222e-07,0.115697310295451,5.90944568862137e-08,0.184137988359579
"root10",7,"T3",4.12980804365896e-12,6.4217064678374e-11,3.47222222222222e-07,0.115697310295451,3.56949356308531e-08,0.184137988359579
"root10",7,"T1",7.16132175131792e-12,6.4217064678374e-11,3.47222222222222e-07,0.115697310295451,6.18970461200038e-08,0.184137988359579
"root10",7,"T2",7.46593505310154e-12,6.4217064678374e-11,4.62962962962963e-07,0.115697310295451,6.45298929943671e-08,0.184137988359579
"root10",7,"T3",4.26764824727724e-12,6.4217064678374e-11,4.62962962962963e-07,0.115697310295451,3.68863220448179e-08,0.184137988359579
"root10",7,"T1",7.87117033724207e-12,6.4217064678374e-11,4.62962962962963e-07,0.115697310295451,6.80324401417961e-08,0.184137988359579
"root10",7,"T2",7.98882421931399e-12,6.4217064678374e-11,5.78703703703704e-07,0.115697310295451,6.90493512676595e-08,0.184137988359579
"root10",7,"T3",4.36662749536861e-12,6.4217064678374e-11,5.78703703703704e-07,0.115697310295451,3.77418237659782e-08,0.184137988359579
"root10",7,"T1",8.47380123144751e-12,6.4217064678374e-11,5.78703703703704e-07,0.115697310295451,7.32411255698888e-08,0.184137988359579
"root10",7,"T2",8.4385035762359e-12,6.4217064678374e-11,6.94444444444444e-07,0.115697310295451,7.29360393485974e-08,0.184137988359579
"root10",7,"T3",4.44249596994037e-12,6.4217064678374e-11,6.94444444444444e-07,0.115697310295451,3.83975734491646e-08,0.184137988359579
"root10",7,"T1",9.00216039139401e-12,6.4217064678374e-11,6.94444444444444e-07,0.115697310295451,7.78078623297776e-08,0.184137988359579
"root10",7,"T2",8.83432046668265e-12,6.4217064678374e-11,8.10185185185185e-07,0.115697310295451,7.63571810280018e-08,0.184137988359579
"root10",7,"T3",4.50335387452851e-12,6.4217064678374e-11,8.10185185185185e-07,0.115697310295451,3.89235831241755e-08,0.184137988359579
"root10",7,"T1",9.47563964716838e-12,6.4217064678374e-11,8.10185185185185e-07,0.115697310295451,8.19002587265933e-08,0.184137988359579
"root10",7,"T2",9.1887286290861e-12,6.4217064678374e-11,9.25925925925926e-07,0.115697310295451,7.94204169969142e-08,0.184137988359579
"root10",7,"T3",4.55382229996606e-12,6.4217064678374e-11,9.25925925925926e-07,0.115697310295451,3.93597940033106e-08,0.184137988359579
"root10",7,"T1",9.90670218855032e-12,6.4217064678374e-11,9.25925925925926e-07,0.115697310295451,8.56260371416762e-08,0.184137988359579
"root10",7,"T2",9.51024325161521e-12,6.4217064678374e-11,1.04166666666667e-06,0.115697310295451,8.21993460982743e-08,0.184137988359579
"root10",7,"T3",4.59674457450412e-12,6.4217064678374e-11,1.04166666666667e-06,0.115697310295451,3.97307816643759e-08,0.184137988359579
"root10",7,"T1",1.03038658396221e-11,6.4217064678374e-11,1.04166666666667e-06,0.115697310295451,8.90588192008059e-08,0.184137988359579
"root10",7,"T2",9.80495378008949e-12,6.4217064678374e-11,1.15740740740741e-06,0.115697310295451,8.47466008937547e-08,0.184137988359579
"root10",7,"T3",4.63397454525223e-12,6.4217064678374e-11,1.15740740740741e-06,0.115697310295451,4.00525693589476e-08,0.184137988359579
"root10",7,"T1",1.06732238880015e-11,6.4217064678374e-11,1.15740740740741e-06,0.115697310295451,9.22512706712524e-08,0.184137988359579
"root11",0,"T2",5.16877047842345e-12,2.00353298323231e-11,1.15740740740741e-07,0.124696427636439,4.14508304399333e-08,0.198460528442401
"root11",0,"T3",3.76937361633287e-12,2.00353298323231e-11,1.15740740740741e-07,0.124696427636439,3.02284009877391e-08,0.198460528442401
"root11",0,"T1",5.33629682327366e-12,2.00353298323231e-11,1.15740740740741e-07,0.124696427636439,4.27943039301174e-08,0.198460528442401
"root11",0,"T2",6.32978507508674e-12,2.00353298323231e-11,2.31481481481481e-07,0.124696427636439,5.07615590523705e-08,0.198460528442401
"root11",0,"T3",4.1934518112735e-12,2.00353298323231e-11,2.31481481481481e-07,0.124696427636439,3.36292858645462e-08,0.198460528442401
"root11",0,"T1",6.58943304047084e-12,2.00353298323231e-11,2.31481481481481e-07,0.124696427636439,5.28437996610679e-08,0.198460528442401
"root11",0,"T2",7.13917084014117e-12,2.00353298323231e-11,3.47222222222222e-07,0.124696427636439,5.72524087133909e-08,0.198460528442401
"root11",0,"T3",4.41878087882743e-12,2.00353298323231e-11,3.47222222222222e-07,0.124696427636439,3.5436306898147e-08,0.198460528442401
"root11",0,"T1",7.48403156798268e-12,2.00353298323231e-11,3.47222222222222e-07,0.124696427636439,6.00180110195529e-08,0.198460528442401
"root11",0,"T2",7.76961521586040e-12,2.00353298323231e-11,4.62962962962963e-07,0.124696427636439,6.23082422097388e-08,0.198460528442401
"root11",0,"T3",4.56364429892081e-12,2.00353298323231e-11,4.62962962962963e-07,0.124696427636439,3.6598035608738e-08,0.198460528442401
"root11",0,"T1",8.19591272173539e-12,2.00353298323231e-11,4.62962962962963e-07,0.124696427636439,6.57269247971653e-08,0.198460528442401
"root11",0,"T2",8.28983622993982e-12,2.00353298323231e-11,5.78703703703704e-07,0.124696427636439,6.64801421104814e-08,0.198460528442401
"root11",0,"T3",4.6672370098037e-12,2.00353298323231e-11,5.78703703703704e-07,0.124696427636439,3.74287948601972e-08,0.198460528442401
"root11",0,"T1",8.79474475319596e-12,2.00353298323231e-11,5.78703703703704e-07,0.124696427636439,7.05292438596368e-08,0.198460528442401
"root11",0,"T2",8.73489554742343e-12,2.00353298323231e-11,6.94444444444444e-07,0.124696427636439,7.00492845945083e-08,0.198460528442401
"root11",0,"T3",4.74656686391606e-12,2.00353298323231e-11,6.94444444444444e-07,0.124696427636439,3.80649787157897e-08,0.198460528442401
"root11",0,"T1",9.31605503919172e-12,2.00353298323231e-11,6.94444444444444e-07,0.124696427636439,7.47098791502939e-08,0.198460528442401
"root11",0,"T2",9.12530373369772e-12,2.00353298323231e-11,8.10185185185185e-07,0.124696427636439,7.31801536472494e-08,0.198460528442401
"root11",0,"T3",4.81027663233851e-12,2.00353298323231e-11,8.10185185185185e-07,0.124696427636439,3.85758976701659e-08,0.198460528442401
"root11",0,"T1",9.78065840748788e-12,2.00353298323231e-11,8.10185185185185e-07,0.124696427636439,7.84357546793888e-08,0.198460528442401
"root11",0,"T2",9.4741479127281e-12,2.00353298323231e-11,9.25925925925926e-07,0.124696427636439,7.59777011443393e-08,0.198460528442401
"root11",0,"T3",4.86325010575731e-12,2.00353298323231e-11,9.25925925925926e-07,0.124696427636439,3.90007171651817e-08,0.198460528442401
"root11",0,"T1",1.02018708792122e-11,2.00353298323231e-11,9.25925925925926e-07,0.124696427636439,8.181365795784e-08,0.198460528442401
"root11",0,"T2",9.79029898255898e-12,2.00353298323231e-11,1.04166666666667e-06,0.124696427636439,7.85130670391237e-08,0.198460528442401
"root11",0,"T3",4.90846824631822e-12,2.00353298323231e-11,1.04166666666667e-06,0.124696427636439,3.93633429550139e-08,0.198460528442401
"root11",0,"T1",1.05887467587427e-11,2.00353298323231e-11,1.04166666666667e-06,0.124696427636439,8.49161997616719e-08,0.198460528442401
"root11",0,"T2",1.00800460263688e-11,2.00353298323231e-11,1.15740740740741e-06,0.124696427636439,8.08366864827747e-08,0.198460528442401
"root11",0,"T3",4.94786111007274e-12,2.00353298323231e-11,1.15740740740741e-06,0.124696427636439,3.9679253077711e-08,0.198460528442401
"root11",0,"T1",1.09477264515872e-11,2.00353298323231e-11,1.15740740740741e-06,0.124696427636439,8.77950287678331e-08,0.198460528442401
"root11",11,"T2",5.91541732271481e-12,7.01377933354986e-11,1.15740740740741e-07,0.15803670804419,3.74306539026411e-08,0.251523232752035
"root11",11,"T3",4.44301150751186e-12,7.01377933354986e-11,1.15740740740741e-07,0.15803670804419,2.81137943361204e-08,0.251523232752035
"root11",11,"T1",6.06218316848885e-12,7.01377933354986e-11,1.15740740740741e-07,0.15803670804419,3.83593359005792e-08,0.251523232752035
"root11",11,"T2",7.07420071319606e-12,7.01377933354986e-11,2.31481481481481e-07,0.15803670804419,4.47630224695517e-08,0.251523232752035
"root11",11,"T3",4.87743165865649e-12,7.01377933354986e-11,2.31481481481481e-07,0.15803670804419,3.08626503235734e-08,0.251523232752035
"root11",11,"T1",7.29199712020795e-12,7.01377933354986e-11,2.31481481481481e-07,0.15803670804419,4.6141160559792e-08,0.251523232752035
"root11",11,"T2",7.89105299421134e-12,7.01377933354986e-11,3.47222222222222e-07,0.15803670804419,4.99317727625968e-08,0.251523232752035
"root11",11,"T3",5.11513895618488e-12,7.01377933354986e-11,3.47222222222222e-07,0.15803670804419,3.23667774372685e-08,0.251523232752035
"root11",11,"T1",8.17559704596255e-12,7.01377933354986e-11,3.47222222222222e-07,0.15803670804419,5.17322661749984e-08,0.251523232752035
"root11",11,"T2",8.54042150444705e-12,7.01377933354986e-11,4.62962962962963e-07,0.15803670804419,5.40407454074466e-08,0.251523232752035
"root11",11,"T3",5.27394042792326e-12,7.01377933354986e-11,4.62962962962963e-07,0.15803670804419,3.33716165895367e-08,0.251523232752035
"root11",11,"T1",8.89033632165949e-12,7.01377933354986e-11,4.62962962962963e-07,0.15803670804419,5.62548817403459e-08,0.251523232752035
"root11",11,"T2",9.08804659954017e-12,7.01377933354986e-11,5.78703703703704e-07,0.15803670804419,5.75059219595929e-08,0.251523232752035
"root11",11,"T3",5.39188670551587e-12,7.01377933354986e-11,5.78703703703704e-07,0.15803670804419,3.41179386247921e-08,0.251523232752035
"root11",11,"T1",9.50268577282214e-12,7.01377933354986e-11,5.78703703703704e-07,0.15803670804419,6.01296109645932e-08,0.251523232752035
"root11",11,"T2",9.56627341816324e-12,7.01377933354986e-11,6.94444444444444e-07,0.15803670804419,6.05319709360709e-08,0.251523232752035
"root11",11,"T3",5.48534511411928e-12,7.01377933354986e-11,6.94444444444444e-07,0.15803670804419,3.47093101470164e-08,0.251523232752035
"root11",11,"T1",1.00452104113384e-11,7.01377933354986e-11,6.94444444444444e-07,0.15803670804419,6.3562513644169e-08,0.251523232752035
"root11",11,"T2",9.9935813303011e-12,7.01377933354986e-11,8.10185185185185e-07,0.15803670804419,6.32358232082809e-08,0.251523232752035
"root11",11,"T3",5.56264296465104e-12,7.01377933354986e-11,8.10185185185185e-07,0.15803670804419,3.51984234137275e-08,0.251523232752035
"root11",11,"T1",1.05364468190099e-11,7.01377933354986e-11,8.10185185185185e-07,0.15803670804419,6.66708826664735e-08,0.251523232752035
"root11",11,"T2",1.03816017961913e-11,7.01377933354986e-11,9.25925925925926e-07,0.15803670804419,6.56910785137868e-08,0.251523232752035
"root11",11,"T3",5.62852448971958e-12,7.01377933354986e-11,9.25925925925926e-07,0.15803670804419,3.56152982391012e-08,0.251523232752035
"root11",11,"T1",1.09880245921273e-11,7.01377933354986e-11,9.25925925925926e-07,0.15803670804419,6.95283059746781e-08,0.251523232752035
"root11",11,"T2",1.07381747841831e-11,7.01377933354986e-11,1.04166666666667e-06,0.15803670804419,6.79473453799135e-08,0.251523232752035
"root11",11,"T3",5.68592424026903e-12,7.01377933354986e-11,1.04166666666667e-06,0.15803670804419,3.59785034163021e-08,0.251523232752035
"root11",11,"T1",1.1407760287919e-11,7.01377933354986e-11,1.04166666666667e-06,0.15803670804419,7.21842439588728e-08,0.251523232752035
"root11",11,"T2",1.10688625255553e-11,7.01377933354986e-11,1.15740740740741e-06,0.15803670804419,7.00398196250727e-08,0.251523232752035
"root11",11,"T3",5.73677480201695e-12,7.01377933354986e-11,1.15740740740741e-06,0.15803670804419,3.63002676594152e-08,0.251523232752035
"root11",11,"T1",1.1801186398204e-11,7.01377933354986e-11,1.15740740740741e-06,0.15803670804419,7.46737042567616e-08,0.251523232752035
"root11",16,"T2",5.53781751495214e-12,2.39892289960119e-10,1.15740740740741e-07,0.120869726479233,4.58164147157528e-08,0.192370144393353
"root11",16,"T3",3.98451854881704e-12,2.39892289960119e-10,1.15740740740741e-07,0.120869726479233,3.29653972494231e-08,0.192370144393353
"root11",16,"T1",5.72540288880665e-12,2.39892289960119e-10,1.15740740740741e-07,0.120869726479233,4.73683779684101e-08,0.192370144393353
"root11",16,"T2",6.84128893416689e-12,2.39892289960119e-10,2.31481481481481e-07,0.120869726479233,5.66005163860639e-08,0.192370144393353
"root11",16,"T3",4.42426045555284e-12,2.39892289960119e-10,2.31481481481481e-07,0.120869726479233,3.66035448612766e-08,0.192370144393353
"root11",16,"T1",7.1419919945099e-12,2.39892289960119e-10,2.31481481481481e-07,0.120869726479233,5.90883441416324e-08,0.192370144393353
"root11",16,"T2",7.77455348768922e-12,2.39892289960119e-10,3.47222222222222e-07,0.120869726479233,6.43217595848948e-08,0.192370144393353
"root11",16,"T3",4.65980414620836e-12,2.39892289960119e-10,3.47222222222222e-07,0.120869726479233,3.85522850257213e-08,0.192370144393353
"root11",16,"T1",8.18309570962468e-12,2.39892289960119e-10,3.47222222222222e-07,0.120869726479233,6.77017806524998e-08,0.192370144393353
"root11",16,"T2",8.51200135524177e-12,2.39892289960119e-10,4.62962962962963e-07,0.120869726479233,7.04229388382396e-08,0.192370144393353
"root11",16,"T3",4.81117986474214e-12,2.39892289960119e-10,4.62962962962963e-07,0.120869726479233,3.98046723930393e-08,0.192370144393353
"root11",16,"T1",9.02638341105583e-12,2.39892289960119e-10,4.62962962962963e-07,0.120869726479233,7.46786120394397e-08,0.192370144393353
"root11",16,"T2",9.12510736824402e-12,2.39892289960119e-10,5.78703703703704e-07,0.120869726479233,7.54953918904734e-08,0.192370144393353
"root11",16,"T3",4.91893594548727e-12,2.39892289960119e-10,5.78703703703704e-07,0.120869726479233,4.06961783464647e-08,0.192370144393353
"root11",16,"T1",9.74385198548161e-12,2.39892289960119e-10,5.78703703703704e-07,0.120869726479233,8.06144952032777e-08,0.192370144393353
"root11",16,"T2",9.65127120747163e-12,2.39892289960119e-10,6.94444444444444e-07,0.120869726479233,7.98485401481391e-08,0.192370144393353
"root11",16,"T3",5.00088074763842e-12,2.39892289960119e-10,6.94444444444444e-07,0.120869726479233,4.13741380352808e-08,0.192370144393353
"root11",16,"T1",1.03729251466153e-11,2.39892289960119e-10,6.94444444444444e-07,0.120869726479233,8.58190503839477e-08,0.192370144393353
"root11",16,"T2",1.01128725949604e-11,2.39892289960119e-10,8.10185185185185e-07,0.120869726479233,8.36675393378827e-08,0.192370144393353
"root11",16,"T3",5.06613673897099e-12,2.39892289960119e-10,8.10185185185185e-07,0.120869726479233,4.19140250130492e-08,0.192370144393353
"root11",16,"T1",1.09359224480533e-11,2.39892289960119e-10,8.10185185185185e-07,0.120869726479233,9.04769355123197e-08,0.192370144393353
"root11",16,"T2",1.05244903849515e-11,2.39892289960119e-10,9.25925925925926e-07,0.120869726479233,8.70730057187623e-08,0.192370144393353
"root11",16,"T3",5.1198892630051e-12,2.39892289960119e-10,9.25925925925926e-07,0.120869726479233,4.23587395466206e-08,0.192370144393353
"root11",16,"T1",1.14473667246458e-11,2.39892289960119e-10,9.25925925925926e-07,0.120869726479233,9.47083033782876e-08,0.192370144393353
"root11",16,"T2",1.08961966792686e-11,2.39892289960119e-10,1.04166666666667e-06,0.120869726479233,9.01482695184285e-08,0.192370144393353
"root11",16,"T3",5.16531825955188e-12,2.39892289960119e-10,1.04166666666667e-06,0.120869726479233,4.27345904554466e-08,0.192370144393353
"root11",16,"T1",1.19172944744726e-11,2.39892289960119e-10,1.04166666666667e-06,0.120869726479233,9.85961896465458e-08,0.192370144393353
"root11",16,"T2",1.12352585061948e-11,2.39892289960119e-10,1.15740740740741e-06,0.120869726479233,9.29534535525337e-08,0.192370144393353
"root11",16,"T3",5.20449078912291e-12,2.39892289960119e-10,1.15740740740741e-06,0.120869726479233,4.3058679296483e-08,0.192370144393353
"root11",16,"T1",1.23529567649667e-11,2.39892289960119e-10,1.15740740740741e-06,0.120869726479233,1.02200585082726e-07,0.192370144393353
"root11",20,"T2",6.92701702409019e-12,5.07846962154145e-10,1.15740740740741e-07,0.143056483765784,4.84215523948659e-08,0.2276814653267
"root11",20,"T3",5.20745163065063e-12,5.07846962154145e-10,1.15740740740741e-07,0.143056483765784,3.64013674429214e-08,0.2276814653267
"root11",20,"T1",7.16579994697288e-12,5.07846962154145e-10,1.15740740740741e-07,0.143056483765784,5.00907037440185e-08,0.2276814653267
"root11",20,"T2",8.3853519469636e-12,5.07846962154145e-10,2.31481481481481e-07,0.143056483765784,5.8615672119359e-08,0.2276814653267
"root11",20,"T3",5.75945972275153e-12,5.07846962154145e-10,2.31481481481481e-07,0.143056483765784,4.02600397489223e-08,0.2276814653267
"root11",20,"T1",8.75256233543273e-12,5.07846962154145e-10,2.31481481481481e-07,0.143056483765784,6.11825630340716e-08,0.2276814653267
"root11",20,"T2",9.3944508332468e-12,5.07846962154145e-10,3.47222222222222e-07,0.143056483765784,6.56695214781572e-08,0.2276814653267
"root11",20,"T3",6.05491469058664e-12,5.07846962154145e-10,3.47222222222222e-07,0.143056483765784,4.23253426283e-08,0.2276814653267
"root11",20,"T1",9.87800363883307e-12,5.07846962154145e-10,3.47222222222222e-07,0.143056483765784,6.90496744978411e-08,0.2276814653267
"root11",20,"T2",1.01760926883251e-11,5.07846962154145e-10,4.62962962962963e-07,0.143056483765784,7.11333902557376e-08,0.2276814653267
"root11",20,"T3",6.2459071482799e-12,5.07846962154145e-10,4.62962962962963e-07,0.143056483765784,4.36604268738065e-08,0.2276814653267
"root11",20,"T1",1.0770232433963e-11,5.07846962154145e-10,4.62962962962963e-07,0.143056483765784,7.52865731803971e-08,0.2276814653267
"root11",20,"T2",1.08181074740719e-11,5.07846962154145e-10,5.78703703703704e-07,0.143056483765784,7.56212314835281e-08,0.2276814653267
"root11",20,"T3",6.38309532875752e-12,5.07846962154145e-10,5.78703703703704e-07,0.143056483765784,4.461940599077e-08,0.2276814653267
"root11",20,"T1",1.1518904664071e-11,5.07846962154145e-10,5.78703703703704e-07,0.143056483765784,8.05199761719999e-08,0.2276814653267
"root11",20,"T2",1.13650210211697e-11,5.07846962154145e-10,6.94444444444444e-07,0.143056483765784,7.94442916671771e-08,0.2276814653267
"root11",20,"T3",6.48851972783566e-12,5.07846962154145e-10,6.94444444444444e-07,0.143056483765784,4.53563484648403e-08,0.2276814653267
"root11",20,"T1",1.2169305203391e-11,5.07846962154145e-10,6.94444444444444e-07,0.143056483765784,8.50664358793753e-08,0.2276814653267
"root11",20,"T2",1.18427394917473e-11,5.07846962154145e-10,8.10185185185185e-07,0.143056483765784,8.27836612504513e-08,0.2276814653267
"root11",20,"T3",6.57340269405645e-12,5.07846962154145e-10,8.10185185185185e-07,0.143056483765784,4.59497012719718e-08,0.2276814653267
"root11",20,"T1",1.27477504725181e-11,5.07846962154145e-10,8.10185185185185e-07,0.143056483765784,8.91099105538553e-08,0.2276814653267
"root11",20,"T2",1.22677335183335e-11,5.07846962154145e-10,9.25925925925926e-07,0.143056483765784,8.57544740049573e-08,0.2276814653267
"root11",20,"T3",6.64409976020732e-12,5.07846962154145e-10,9.25925925925926e-07,0.143056483765784,4.64438911492137e-08,0.2276814653267
"root11",20,"T1",1.32709771220795e-11,5.07846962154145e-10,9.25925925925926e-07,0.143056483765784,9.27673934989699e-08,0.2276814653267
"root11",20,"T2",1.26511484660092e-11,5.07846962154145e-10,1.04166666666667e-06,0.143056483765784,8.84346387733256e-08,0.2276814653267
"root11",20,"T3",6.70450095635278e-12,5.07846962154145e-10,1.04166666666667e-06,0.143056483765784,4.68661103632994e-08,0.2276814653267
"root11",20,"T1",1.37503247670125e-11,5.07846962154145e-10,1.04166666666667e-06,0.143056483765784,9.61181514116123e-08,0.2276814653267
"root11",20,"T2",1.30008857532662e-11,5.07846962154145e-10,1.15740740740741e-06,0.143056483765784,9.08793884138215e-08,0.2276814653267
"root11",20,"T3",6.75713335898728e-12,5.07846962154145e-10,1.15740740740741e-06,0.143056483765784,4.7234023800349e-08,0.2276814653267
"root11",20,"T1",1.41938478258663e-11,5.07846962154145e-10,1.15740740740741e-06,0.143056483765784,9.92184866580734e-08,0.2276814653267
"root11",21,"T2",5.98004102951753e-12,3.36284923532404e-11,1.15740740740741e-07,0.148842469775866,4.01769806596367e-08,0.236890148068351
"root11",21,"T3",4.6448496619539e-12,3.36284923532404e-11,1.15740740740741e-07,0.148842469775866,3.12064807104339e-08,0.236890148068351
"root11",21,"T1",6.14402217052688e-12,3.36284923532404e-11,1.15740740740741e-07,0.148842469775866,4.1278690012191e-08,0.236890148068351
"root11",21,"T2",7.02989030109401e-12,3.36284923532404e-11,2.31481481481481e-07,0.148842469775866,4.72304061581345e-08,0.236890148068351
"root11",21,"T3",5.08322025998971e-12,3.36284923532404e-11,2.31481481481481e-07,0.148842469775866,3.41516790714657e-08,0.236890148068351
"root11",21,"T1",7.26741163688993e-12,3.36284923532404e-11,2.31481481481481e-07,0.148842469775866,4.88261962317176e-08,0.236890148068351
"root11",21,"T2",7.73351574698563e-12,3.36284923532404e-11,3.47222222222222e-07,0.148842469775866,5.19577225413628e-08,0.236890148068351
"root11",21,"T3",5.31907686137306e-12,3.36284923532404e-11,3.47222222222222e-07,0.148842469775866,3.57362846060185e-08,0.236890148068351
"root11",21,"T1",8.0354172993409e-12,3.36284923532404e-11,3.47222222222222e-07,0.148842469775866,5.3986051907369e-08,0.236890148068351
"root11",21,"T2",8.27165704785274e-12,3.36284923532404e-11,4.62962962962963e-07,0.148842469775866,5.55732316207101e-08,0.236890148068351
"root11",21,"T3",5.47423022161402e-12,3.36284923532404e-11,4.62962962962963e-07,0.148842469775866,3.67786844027606e-08,0.236890148068351
"root11",21,"T1",8.63385103410174e-12,3.36284923532404e-11,4.62962962962963e-07,0.148842469775866,5.80066364600306e-08,0.236890148068351
"root11",21,"T2",8.71225543553585e-12,3.36284923532404e-11,5.78703703703704e-07,0.148842469775866,5.85333974144287e-08,0.236890148068351
"root11",21,"T3",5.58820235301605e-12,3.36284923532404e-11,5.78703703703704e-07,0.148842469775866,3.75444075970456e-08,0.236890148068351
"root11",21,"T1",9.13217359024496e-12,3.36284923532404e-11,5.78703703703704e-07,0.148842469775866,6.1354622803536e-08,0.236890148068351
"root11",21,"T2",9.08838712732843e-12,3.36284923532404e-11,6.94444444444444e-07,0.148842469775866,6.1060442903253e-08,0.236890148068351
"root11",21,"T3",5.67793908999467e-12,3.36284923532404e-11,6.94444444444444e-07,0.148842469775866,3.81473049899318e-08,0.236890148068351
"root11",21,"T1",9.56412000709592e-12,3.36284923532404e-11,6.94444444444444e-07,0.148842469775866,6.4256660222704e-08,0.236890148068351
"root11",21,"T2",9.41867467623726e-12,3.36284923532404e-11,8.10185185185185e-07,0.148842469775866,6.32794839431268e-08,0.236890148068351
"root11",21,"T3",5.75199316039336e-12,3.36284923532404e-11,8.10185185185185e-07,0.148842469775866,3.86448381907058e-08,0.236890148068351
"root11",21,"T1",9.94867177443255e-12,3.36284923532404e-11,8.10185185185185e-07,0.148842469775866,6.68402760946773e-08,0.236890148068351
"root11",21,"T2",9.71464171449913e-12,3.36284923532404e-11,9.25925925925926e-07,0.148842469775866,6.52679422017647e-08,0.236890148068351
"root11",21,"T3",5.81518260782643e-12,3.36284923532404e-11,9.25925925925926e-07,0.148842469775866,3.90693772858191e-08,0.236890148068351
"root11",21,"T1",1.02975791738293e-11,3.36284923532404e-11,9.25925925925926e-07,0.148842469775866,6.91844148335877e-08,0.236890148068351
"root11",21,"T2",9.983912391831e-12,3.36284923532404e-11,1.04166666666667e-06,0.148842469775866,6.70770406246634e-08,0.236890148068351
"root11",21,"T3",5.87044766973913e-12,3.36284923532404e-11,1.04166666666667e-06,0.148842469775866,3.94406762974245e-08,0.236890148068351
"root11",21,"T1",1.06186243194176e-11,3.36284923532404e-11,1.04166666666667e-06,0.148842469775866,7.13413606708329e-08,0.236890148068351
"root11",21,"T2",1.0231790604763e-11,3.36284923532404e-11,1.15740740740741e-06,0.148842469775866,6.8742413507183e-08,0.236890148068351
"root11",21,"T3",5.9196959081357e-12,3.36284923532404e-11,1.15740740740741e-06,0.148842469775866,3.97715512047728e-08,0.236890148068351
"root11",21,"T1",1.09172290133079e-11,3.36284923532404e-11,1.15740740740741e-06,0.148842469775866,7.33475400518921e-08,0.236890148068351
"root11",26,"T2",7.36936288250086e-12,5.94505696325352e-10,1.15740740740741e-07,0.175331351733232,4.20310618132541e-08,0.279048513073276
"root11",26,"T3",6.0071011939767e-12,5.94505696325352e-10,1.15740740740741e-07,0.175331351733232,3.42614206449315e-08,0.279048513073276
"root11",26,"T1",7.56573315088389e-12,5.94505696325352e-10,1.15740740740741e-07,0.175331351733232,4.31510569906243e-08,0.279048513073276
"root11",26,"T2",8.50918845039673e-12,5.94505696325352e-10,2.31481481481481e-07,0.175331351733232,4.85320415674632e-08,0.279048513073276
"root11",26,"T3",6.53432629892041e-12,5.94505696325352e-10,2.31481481481481e-07,0.175331351733232,3.72684419205439e-08,0.279048513073276
"root11",26,"T1",8.79414350091158e-12,5.94505696325352e-10,2.31481481481481e-07,0.175331351733232,5.01572788550215e-08,0.279048513073276
"root11",26,"T2",9.29048534312993e-12,5.94505696325352e-10,3.47222222222222e-07,0.175331351733232,5.29881578581877e-08,0.279048513073276
"root11",26,"T3",6.8421293119087e-12,5.94505696325352e-10,3.47222222222222e-07,0.175331351733232,3.90239922539299e-08,0.279048513073276
"root11",26,"T1",9.65019674997988e-12,5.94505696325352e-10,3.47222222222222e-07,0.175331351733232,5.50397670158999e-08,0.279048513073276
"root11",26,"T2",9.90487767103219e-12,5.94505696325352e-10,4.62962962962963e-07,0.175331351733232,5.64923362143613e-08,0.279048513073276
"root11",26,"T3",7.06126984459726e-12,5.94505696325352e-10,4.62962962962963e-07,0.175331351733232,4.0273857326675e-08,0.279048513073276
"root11",26,"T1",1.03344645796645e-11,5.94505696325352e-10,4.62962962962963e-07,0.175331351733232,5.89424793541118e-08,0.279048513073276
"root11",26,"T2",1.04225442855816e-11,5.94505696325352e-10,5.78703703703704e-07,0.175331351733232,5.94448407689208e-08,0.279048513073276
"root11",26,"T3",7.23390848503651e-12,5.94505696325352e-10,5.78703703703704e-07,0.175331351733232,4.12584994841251e-08,0.279048513073276
"root11",26,"T1",1.09198285614977e-11,5.94505696325352e-10,5.78703703703704e-07,0.175331351733232,6.22810949299719e-08,0.279048513073276
"root11",26,"T2",1.08769566876713e-11,5.94505696325352e-10,6.94444444444444e-07,0.175331351733232,6.20365757757957e-08,0.279048513073276
"root11",26,"T3",7.37826116400155e-12,5.94505696325352e-10,6.94444444444444e-07,0.175331351733232,4.20818130417863e-08,0.279048513073276
"root11",26,"T1",1.1440812837241e-11,5.94505696325352e-10,6.94444444444444e-07,0.175331351733232,6.52525217204066e-08,0.279048513073276
"root11",26,"T2",1.12866097394776e-11,5.94505696325352e-10,8.10185185185185e-07,0.175331351733232,6.43730264319768e-08,0.279048513073276
"root11",26,"T3",7.50362879664082e-12,5.94505696325352e-10,8.10185185185185e-07,0.175331351733232,4.27968456437708e-08,0.279048513073276
"root11",26,"T1",1.19163937650307e-11,5.94505696325352e-10,8.10185185185185e-07,0.175331351733232,6.79649911281218e-08,0.279048513073276
"root11",26,"T2",1.16627553079005e-11,5.94505696325352e-10,9.25925925925926e-07,0.175331351733232,6.65183676085806e-08,0.279048513073276
"root11",26,"T3",7.61532252205239e-12,5.94505696325352e-10,9.25925925925926e-07,0.175331351733232,4.34338893002956e-08,0.279048513073276
"root11",26,"T1",1.23580676266112e-11,5.94505696325352e-10,9.25925925925926e-07,0.175331351733232,7.0484072041001e-08,0.279048513073276
"root11",26,"T2",1.20127267232787e-11,5.94505696325352e-10,1.04166666666667e-06,0.175331351733232,6.85144248562927e-08,0.279048513073276
"root11",26,"T3",7.71663318783214e-12,5.94505696325352e-10,1.04166666666667e-06,0.175331351733232,4.40117133162417e-08,0.279048513073276
"root11",26,"T1",1.27733002006798e-11,5.94505696325352e-10,1.04166666666667e-06,0.175331351733232,7.28523454271569e-08,0.279048513073276
"root11",26,"T2",1.23415597517825e-11,5.94505696325352e-10,1.15740740740741e-06,0.175331351733232,7.03899195995494e-08,0.279048513073276
"root11",26,"T3",7.80973213186506e-12,5.94505696325352e-10,1.15740740740741e-06,0.175331351733232,4.45427018879523e-08,0.279048513073276
"root11",26,"T1",1.31672015617946e-11,5.94505696325352e-10,1.15740740740741e-06,0.175331351733232,7.50989565279152e-08,0.279048513073276
"root11",28,"T2",1.00131931012806e-11,3.23573546927294e-09,1.15740740740741e-07,0.219475755015822,4.56232311425867e-08,0.349306512995939
"root11",28,"T3",8.25770567566601e-12,3.23573546927294e-09,1.15740740740741e-07,0.219475755015822,3.76246828496875e-08,0.349306512995939
"root11",28,"T1",1.02711773817084e-11,3.23573546927294e-09,1.15740740740741e-07,0.219475755015822,4.67986879961659e-08,0.349306512995939
"root11",28,"T2",1.14468842007908e-11,3.23573546927294e-09,2.31481481481481e-07,0.219475755015822,5.21555749971818e-08,0.349306512995939
"root11",28,"T3",8.92943496411977e-12,3.23573546927294e-09,2.31481481481481e-07,0.219475755015822,4.06852910175707e-08,0.349306512995939
"root11",28,"T1",1.18177125232204e-11,3.23573546927294e-09,2.31481481481481e-07,0.219475755015822,5.38451845050878e-08,0.349306512995939
"root11",28,"T2",1.24409611171743e-11,3.23573546927294e-09,3.47222222222222e-07,0.219475755015822,5.66848995064507e-08,0.349306512995939
"root11",28,"T3",9.33253560210894e-12,3.23573546927294e-09,3.47222222222222e-07,0.219475755015822,4.25219432617337e-08,0.349306512995939
"root11",28,"T1",1.29096701607183e-11,3.23573546927294e-09,3.47222222222222e-07,0.219475755015822,5.88204841112751e-08,0.349306512995939
"root11",28,"T2",1.32312348477123e-11,3.23573546927294e-09,4.62962962962963e-07,0.219475755015822,6.02856331295383e-08,0.349306512995939
"root11",28,"T3",9.62656364967809e-12,3.23573546927294e-09,4.62962962962963e-07,0.219475755015822,4.38616267613892e-08,0.349306512995939
"root11",28,"T1",1.37932212935981e-11,3.23573546927294e-09,4.62962962962963e-07,0.219475755015822,6.28462186750595e-08,0.349306512995939
"root11",28,"T2",1.39034333751345e-11,3.23573546927294e-09,5.78703703703704e-07,0.219475755015822,6.33483792965295e-08,0.349306512995939
"root11",28,"T3",9.862849999611e-12,3.23573546927294e-09,5.78703703703704e-07,0.219475755015822,4.49382210754896e-08,0.349306512995939
"root11",28,"T1",1.45569792700247e-11,3.23573546927294e-09,5.78703703703704e-07,0.219475755015822,6.63261382514677e-08,0.349306512995939
"root11",28,"T2",1.44982495994055e-11,3.23573546927294e-09,6.94444444444444e-07,0.219475755015822,6.6058547552828e-08,0.349306512995939
"root11",28,"T3",1.006358395031e-11,3.23573546927294e-09,6.94444444444444e-07,0.219475755015822,4.58528275689702e-08,0.349306512995939
"root11",28,"T1",1.52426696335671e-11,3.23573546927294e-09,6.94444444444444e-07,0.219475755015822,6.94503574322744e-08,0.349306512995939
"root11",28,"T2",1.50380937320636e-11,3.23573546927294e-09,8.10185185185185e-07,0.219475755015822,6.85182458125248e-08,0.349306512995939
"root11",28,"T3",1.02401226364307e-11,3.23573546927294e-09,8.10185185185185e-07,0.219475755015822,4.66571928899046e-08,0.349306512995939
"root11",28,"T1",1.58731279572803e-11,3.23573546927294e-09,8.10185185185185e-07,0.219475755015822,7.23229222113214e-08,0.349306512995939
"root11",28,"T2",1.55365686324124e-11,3.23573546927294e-09,9.25925925925926e-07,0.219475755015822,7.07894529456904e-08,0.349306512995939
"root11",28,"T3",1.03989777740786e-11,3.23573546927294e-09,9.25925925925926e-07,0.219475755015822,4.73809864480426e-08,0.349306512995939
"root11",28,"T1",1.64621439756245e-11,3.23573546927294e-09,9.25925925925926e-07,0.219475755015822,7.50066629201836e-08,0.349306512995939
"root11",28,"T2",1.60025277679527e-11,3.23573546927294e-09,1.04166666666667e-06,0.219475755015822,7.29125081118829e-08,0.349306512995939
"root11",28,"T3",1.05442065228686e-11,3.23573546927294e-09,1.04166666666667e-06,0.219475755015822,4.8042693928122e-08,0.349306512995939
"root11",28,"T1",1.70186520184549e-11,3.23573546927294e-09,1.04166666666667e-06,0.219475755015822,7.75422871525288e-08,0.349306512995939
"root11",28,"T2",1.64420475963977e-11,3.23573546927294e-09,1.15740740740741e-06,0.219475755015822,7.49150975478473e-08,0.349306512995939
"root11",28,"T3",1.06785042545121e-11,3.23573546927294e-09,1.15740740740741e-06,0.219475755015822,4.86545962844154e-08,0.349306512995939
"root11",28,"T1",1.75487580230206e-11,3.23573546927294e-09,1.15740740740741e-06,0.219475755015822,7.99576154630633e-08,0.349306512995939
"root11",7,"T2",5.50224441765855e-12,6.72327642224586e-11,1.15740740740741e-07,0.131345284315946,4.18914500533046e-08,0.209042512506932
"root11",7,"T3",4.07217843305148e-12,6.72327642224586e-11,1.15740740740741e-07,0.131345284315946,3.10036135233909e-08,0.209042512506932
"root11",7,"T1",5.66515620410003e-12,6.72327642224586e-11,1.15740740740741e-07,0.131345284315946,4.31317822608135e-08,0.209042512506932
"root11",7,"T2",6.65794535064237e-12,6.72327642224586e-11,2.31481481481481e-07,0.131345284315946,5.0690402668945e-08,0.209042512506932
"root11",7,"T3",4.49990124614002e-12,6.72327642224586e-11,2.31481481481481e-07,0.131345284315946,3.426008988123e-08,0.209042512506932
"root11",7,"T1",6.90775420315586e-12,6.72327642224586e-11,2.31481481481481e-07,0.131345284315946,5.25923274606458e-08,0.209042512506932
"root11",7,"T2",7.46579267364748e-12,6.72327642224586e-11,3.47222222222222e-07,0.131345284315946,5.68409647329919e-08,0.209042512506932
"root11",7,"T3",4.72857801330686e-12,6.72327642224586e-11,3.47222222222222e-07,0.131345284315946,3.60011251103043e-08,0.209042512506932
"root11",7,"T1",7.79575776343217e-12,6.72327642224586e-11,3.47222222222222e-07,0.131345284315946,5.9353160671378e-08,0.209042512506932
"root11",7,"T2",8.1008832492942e-12,6.72327642224586e-11,4.62962962962963e-07,0.131345284315946,6.16762397788705e-08,0.209042512506932
"root11",7,"T3",4.87727019768552e-12,6.72327642224586e-11,4.62962962962963e-07,0.131345284315946,3.71331960875994e-08,0.209042512506932
"root11",7,"T1",8.50854822943696e-12,6.72327642224586e-11,4.62962962962963e-07,0.131345284315946,6.47800054166389e-08,0.209042512506932
"root11",7,"T2",8.63104678545027e-12,6.72327642224586e-11,5.78703703703704e-07,0.131345284315946,6.57126506703402e-08,0.209042512506932
"root11",7,"T3",4.98494666248719e-12,6.72327642224586e-11,5.78703703703704e-07,0.131345284315946,3.79529930476689e-08,0.209042512506932
"root11",7,"T1",9.11508532320346e-12,6.72327642224586e-11,5.78703703703704e-07,0.131345284315946,6.93978879460756e-08,0.209042512506932
"root11",7,"T2",9.09012627939341e-12,6.72327642224586e-11,6.94444444444444e-07,0.131345284315946,6.92078617571641e-08,0.209042512506932
"root11",7,"T3",5.06841438046965e-12,6.72327642224586e-11,6.94444444444444e-07,0.131345284315946,3.85884762202637e-08,0.209042512506932
"root11",7,"T1",9.64961157292028e-12,6.72327642224586e-11,6.94444444444444e-07,0.131345284315946,7.34675144461868e-08,0.209042512506932
"root11",7,"T2",9.49756866864999e-12,6.72327642224586e-11,8.10185185185185e-07,0.131345284315946,7.23099326946825e-08,0.209042512506932
"root11",7,"T3",5.13619215881387e-12,6.72327642224586e-11,8.10185185185185e-07,0.131345284315946,3.9104503717537e-08,0.209042512506932
"root11",7,"T1",1.01317419283585e-11,6.72327642224586e-11,8.10185185185185e-07,0.131345284315946,7.71382237369635e-08,0.209042512506932
"root11",7,"T2",9.86561688540097e-12,6.72327642224586e-11,9.25925925925926e-07,0.131345284315946,7.51120752966632e-08,0.209042512506932
"root11",7,"T3",5.19309437921264e-12,6.72327642224586e-11,9.25925925925926e-07,0.131345284315946,3.95377299326625e-08,0.209042512506932
"root11",7,"T1",1.05737976225924e-11,6.72327642224586e-11,9.25925925925926e-07,0.131345284315946,8.05038237776204e-08,0.209042512506932
"root11",7,"T2",1.02024921145908e-11,6.72327642224586e-11,1.04166666666667e-06,0.131345284315946,7.7676881722294e-08,0.209042512506932
"root11",7,"T3",5.24206641154785e-12,6.72327642224586e-11,1.04166666666667e-06,0.131345284315946,3.99105794992858e-08,0.209042512506932
"root11",7,"T1",1.0984038348325e-11,6.72327642224586e-11,1.04166666666667e-06,0.131345284315946,8.36271999069512e-08,0.209042512506932
"root11",7,"T2",1.05139887927125e-11,6.72327642224586e-11,1.15740740740741e-06,0.131345284315946,8.00484680319506e-08,0.209042512506932
"root11",7,"T3",5.28502298209071e-12,6.72327642224586e-11,1.15740740740741e-06,0.131345284315946,4.02376302249101e-08,0.209042512506932
"root11",7,"T1",1.13682777621419e-11,6.72327642224586e-11,1.15740740740741e-06,0.131345284315946,8.65526145178992e-08,0.209042512506932
"root11",9,"T2",5.61092759350782e-12,8.88816169080906e-11,1.15740740740741e-07,0.136818384512193,4.10100412566104e-08,0.217753222009631
"root11",9,"T3",4.16135824507334e-12,8.88816169080906e-11,1.15740740740741e-07,0.136818384512193,3.04151979276037e-08,0.217753222009631
"root11",9,"T1",5.7608417826678e-12,8.88816169080906e-11,1.15740740740741e-07,0.136818384512193,4.21057579594094e-08,0.217753222009631
"root11",9,"T2",6.74544067924018e-12,8.88816169080906e-11,2.31481481481481e-07,0.136818384512193,4.9302151193278e-08,0.217753222009631
"root11",9,"T3",4.57244067253357e-12,8.88816169080906e-11,2.31481481481481e-07,0.136818384512193,3.34197826471638e-08,0.217753222009631
"root11",9,"T1",6.97324393079106e-12,8.88816169080906e-11,2.31481481481481e-07,0.136818384512193,5.09671558807919e-08,0.217753222009631
"root11",9,"T2",7.54283280916225e-12,8.88816169080906e-11,3.47222222222222e-07,0.136818384512193,5.51302577943393e-08,0.217753222009631
"root11",9,"T3",4.79343673082926e-12,8.88816169080906e-11,3.47222222222222e-07,0.136818384512193,3.50350338364219e-08,0.217753222009631
"root11",9,"T1",7.84413222345055e-12,8.88816169080906e-11,3.47222222222222e-07,0.136818384512193,5.73324429419169e-08,0.217753222009631
"root11",9,"T2",8.17246083087028e-12,8.88816169080906e-11,4.62962962962963e-07,0.136818384512193,5.97321833612351e-08,0.217753222009631
"root11",9,"T3",4.93826677534529e-12,8.88816169080906e-11,4.62962962962963e-07,0.136818384512193,3.60935907330875e-08,0.217753222009631
"root11",9,"T1",8.54619617625818e-12,8.88816169080906e-11,4.62962962962963e-07,0.136818384512193,6.2463799779017e-08,0.217753222009631
"root11",9,"T2",8.69946312078469e-12,8.88816169080906e-11,5.78703703703704e-07,0.136818384512193,6.35840216342374e-08,0.217753222009631
"root11",9,"T3",5.04394858675288e-12,8.88816169080906e-11,5.78703703703704e-07,0.136818384512193,3.68660147884101e-08,0.217753222009631
"root11",9,"T1",9.14521803652141e-12,8.88816169080906e-11,5.78703703703704e-07,0.136818384512193,6.68420261584539e-08,0.217753222009631
"root11",9,"T2",9.15635744800945e-12,8.88816169080906e-11,6.94444444444444e-07,0.136818384512193,6.69234436633292e-08,0.217753222009631
"root11",9,"T3",5.12641436320604e-12,8.88816169080906e-11,6.94444444444444e-07,0.136818384512193,3.74687537898036e-08,0.217753222009631
"root11",9,"T1",9.67381719584811e-12,8.88816169080906e-11,6.94444444444444e-07,0.136818384512193,7.07055358849527e-08,0.217753222009631
"root11",9,"T2",9.56191226024514e-12,8.88816169080906e-11,8.10185185185185e-07,0.136818384512193,6.98876272683442e-08,0.217753222009631
"root11",9,"T3",5.19374601315709e-12,8.88816169080906e-11,8.10185185185185e-07,0.136818384512193,3.79608780769826e-08,0.217753222009631
"root11",9,"T1",1.01507291548281e-11,8.88816169080906e-11,8.10185185185185e-07,0.136818384512193,7.41912659692565e-08,0.217753222009631
"root11",9,"T2",9.92802005007124e-12,8.88816169080906e-11,9.25925925925926e-07,0.136818384512193,7.25634941931833e-08,0.217753222009631
"root11",9,"T3",5.25052329589934e-12,8.88816169080906e-11,9.25925925925926e-07,0.136818384512193,3.83758609240955e-08,0.217753222009631
"root11",9,"T1",1.05877827935144e-11,8.88816169080906e-11,9.25925925925926e-07,0.136818384512193,7.7385673213901e-08,0.217753222009631
"root11",9,"T2",1.02627266461549e-11,8.88816169080906e-11,1.04166666666667e-06,0.136818384512193,7.50098510718804e-08,0.217753222009631
"root11",9,"T3",5.29955907151412e-12,8.88816169080906e-11,1.04166666666667e-06,0.136818384512193,3.87342614109132e-08,0.217753222009631
"root11",9,"T1",1.09929600511194e-11,8.88816169080906e-11,1.04166666666667e-06,0.136818384512193,8.03470972874975e-08,0.217753222009631
"root11",9,"T2",1.05717476919889e-11,8.88816169080906e-11,1.15740740740741e-06,0.136818384512193,7.72684733099359e-08,0.217753222009631
"root11",9,"T3",5.34269053991343e-12,8.88816169080906e-11,1.15740740740741e-06,0.136818384512193,3.90495075567662e-08,0.217753222009631
"root11",9,"T1",1.13719212542176e-11,8.88816169080906e-11,1.15740740740741e-06,0.136818384512193,8.31169092864427e-08,0.217753222009631
"root12",11,"T2",6.10511974752383e-12,1.46114012642814e-10,1.15740740740741e-07,0.130749704666185,4.66931819319265e-08,0.208094618054288
"root12",11,"T3",4.57615672215046e-12,1.46114012642814e-10,1.15740740740741e-07,0.130749704666185,3.49993656493051e-08,0.208094618054288
"root12",11,"T1",6.28442096281785e-12,1.46114012642814e-10,1.15740740740741e-07,0.130749704666185,4.80645136359008e-08,0.208094618054288
"root12",11,"T2",7.33291352497321e-12,1.46114012642814e-10,2.31481481481481e-07,0.130749704666185,5.60835953220296e-08,0.208094618054288
"root12",11,"T3",5.00521066571949e-12,1.46114012642814e-10,2.31481481481481e-07,0.130749704666185,3.82808563774443e-08,0.208094618054288
"root12",11,"T1",7.61866529849081e-12,1.46114012642814e-10,2.31481481481481e-07,0.130749704666185,5.82690822739669e-08,0.208094618054288
"root12",11,"T2",8.19511115719706e-12,1.46114012642814e-10,3.47222222222222e-07,0.130749704666185,6.26778559700756e-08,0.208094618054288
"root12",11,"T3",5.23445769137985e-12,1.46114012642814e-10,3.47222222222222e-07,0.130749704666185,4.0034183669813e-08,0.208094618054288
"root12",11,"T1",8.57851825538696e-12,1.46114012642814e-10,3.47222222222222e-07,0.130749704666185,6.5610230457412e-08,0.208094618054288
"root12",11,"T2",8.86984892673663e-12,1.46114012642814e-10,4.62962962962963e-07,0.130749704666185,6.78383859403897e-08,0.208094618054288
"root12",11,"T3",5.38284244005451e-12,1.46114012642814e-10,4.62962962962963e-07,0.130749704666185,4.11690600280693e-08,0.208094618054288
"root12",11,"T1",9.34798911422786e-12,1.46114012642814e-10,4.62962962962963e-07,0.130749704666185,7.14952981201301e-08,0.208094618054288
"root12",11,"T2",9.42781875631786e-12,1.46114012642814e-10,5.78703703703704e-07,0.130749704666185,7.2105851255174e-08,0.208094618054288
"root12",11,"T3",5.48938153659315e-12,1.46114012642814e-10,5.78703703703704e-07,0.130749704666185,4.19838924348472e-08,0.208094618054288
"root12",11,"T1",9.99916701174991e-12,1.46114012642814e-10,5.78703703703704e-07,0.130749704666185,7.64756374576801e-08,0.208094618054288
"root12",11,"T2",9.90521841385281e-12,1.46114012642814e-10,6.94444444444444e-07,0.130749704666185,7.57570997130867e-08,0.208094618054288
"root12",11,"T3",5.5710708455957e-12,1.46114012642814e-10,6.94444444444444e-07,0.130749704666185,4.26086686759187e-08,0.208094618054288
"root12",11,"T1",1.05685544296508e-11,1.46114012642814e-10,6.94444444444444e-07,0.130749704666185,8.08304267809493e-08,0.208094618054288
"root12",11,"T2",1.03233357176578e-11,1.46114012642814e-10,8.10185185185185e-07,0.130749704666185,7.89549448238841e-08,0.208094618054288
"root12",11,"T3",5.63661075132985e-12,1.46114012642814e-10,8.10185185185185e-07,0.130749704666185,4.3109931037478e-08,0.208094618054288
"root12",11,"T1",1.10774462087827e-11,1.46114012642814e-10,8.10185185185185e-07,0.130749704666185,8.47225333094587e-08,0.208094618054288
"root12",11,"T2",1.06958474686985e-11,1.46114012642814e-10,9.25925925925926e-07,0.130749704666185,8.18039895080899e-08,0.208094618054288
"root12",11,"T3",5.69095966300472e-12,1.46114012642814e-10,9.25925925925926e-07,0.130749704666185,4.35256024289632e-08,0.208094618054288
"root12",11,"T1",1.15394523973357e-11,1.46114012642814e-10,9.25925925925926e-07,0.130749704666185,8.82560494250972e-08,0.208094618054288
"root12",11,"T2",1.10321021346813e-11,1.46114012642814e-10,1.04166666666667e-06,0.130749704666185,8.43757327241937e-08,0.208094618054288
"root12",11,"T3",5.73717105158788e-12,1.46114012642814e-10,1.04166666666667e-06,0.130749704666185,4.38790364095686e-08,0.208094618054288
"root12",11,"T1",1.19638494715167e-11,1.46114012642814e-10,1.04166666666667e-06,0.130749704666185,9.15019234809093e-08,0.208094618054288
"root12",11,"T2",1.13387912296548e-11,1.46114012642814e-10,1.15740740740741e-06,0.130749704666185,8.67213525155078e-08,0.208094618054288
"root12",11,"T3",5.77723937168296e-12,1.46114012642814e-10,1.15740740740741e-06,0.130749704666185,4.41854869686531e-08,0.208094618054288
"root12",11,"T1",1.23572718684217e-11,1.46114012642814e-10,1.15740740740741e-06,0.130749704666185,9.45108969842101e-08,0.208094618054288
"root12",14,"T2",5.81491811414909e-12,1.51400944862013e-10,1.15740740740741e-07,0.137734152613646,4.2218418626064e-08,0.219210712210353
"root12",14,"T3",4.29376073133764e-12,1.51400944862013e-10,1.15740740740741e-07,0.137734152613646,3.11742632445124e-08,0.219210712210353
"root12",14,"T1",5.98004843929298e-12,1.51400944862013e-10,1.15740740740741e-07,0.137734152613646,4.341732479429e-08,0.219210712210353
"root12",14,"T2",7.00634152652457e-12,1.51400944862013e-10,2.31481481481481e-07,0.137734152613646,5.08685855582809e-08,0.219210712210353
"root12",14,"T3",4.73980128834637e-12,1.51400944862013e-10,2.31481481481481e-07,0.137734152613646,3.44126797777008e-08,0.219210712210353
"root12",14,"T1",7.2580541868794e-12,1.51400944862013e-10,2.31481481481481e-07,0.137734152613646,5.26961109438031e-08,0.219210712210353
"root12",14,"T2",7.8360324166288e-12,1.51400944862013e-10,3.47222222222222e-07,0.137734152613646,5.68924429266968e-08,0.219210712210353
"root12",14,"T3",4.98216131022561e-12,1.51400944862013e-10,3.47222222222222e-07,0.137734152613646,3.61723016091799e-08,0.219210712210353
"root12",14,"T1",8.16824859225214e-12,1.51400944862013e-10,3.47222222222222e-07,0.137734152613646,5.93044530877149e-08,0.219210712210353
"root12",14,"T2",8.48570473542668e-12,1.51400944862013e-10,4.62962962962963e-07,0.137734152613646,6.16093000494197e-08,0.219210712210353
"root12",14,"T3",5.14132211615587e-12,1.51400944862013e-10,4.62962962962963e-07,0.137734152613646,3.73278668986162e-08,0.219210712210353
"root12",14,"T1",8.8963198788052e-12,1.51400944862013e-10,4.62962962962963e-07,0.137734152613646,6.45905152062031e-08,0.219210712210353
"root12",14,"T2",9.02599970346261e-12,1.51400944862013e-10,5.78703703703704e-07,0.137734152613646,6.55320378583311e-08,0.219210712210353
"root12",14,"T3",5.25734229123542e-12,1.51400944862013e-10,5.78703703703704e-07,0.137734152613646,3.81702155309485e-08,0.219210712210353
"root12",14,"T1",9.51385709179363e-12,1.51400944862013e-10,5.78703703703704e-07,0.137734152613646,6.9074059782984e-08,0.219210712210353
"root12",14,"T2",9.49219983758062e-12,1.51400944862013e-10,6.94444444444444e-07,0.137734152613646,6.89168202472404e-08,0.219210712210353
"root12",14,"T3",5.34768957687192e-12,1.51400944862013e-10,6.94444444444444e-07,0.137734152613646,3.88261696565017e-08,0.219210712210353
"root12",14,"T1",1.00564271821728e-11,1.51400944862013e-10,6.94444444444444e-07,0.137734152613646,7.30133158068773e-08,0.219210712210353
"root12",14,"T2",9.9045936940595e-12,1.51400944862013e-10,8.10185185185185e-07,0.137734152613646,7.19109495075095e-08,0.219210712210353
"root12",14,"T3",5.42129124103923e-12,1.51400944862013e-10,8.10185185185185e-07,0.137734152613646,3.93605444848986e-08,0.219210712210353
"root12",14,"T1",1.05444105980514e-11,1.51400944862013e-10,8.10185185185185e-07,0.137734152613646,7.65562527373236e-08,0.219210712210353
"root12",14,"T2",1.02759647671201e-11,1.51400944862013e-10,9.25925925925926e-07,0.137734152613646,7.46072384526508e-08,0.219210712210353
"root12",14,"T3",5.48322612768883e-12,1.51400944862013e-10,9.25925925925926e-07,0.137734152613646,3.9810214268858e-08,0.219210712210353
"root12",14,"T1",1.09906181887856e-11,1.51400944862013e-10,9.25925925925926e-07,0.137734152613646,7.97958819960583e-08,0.219210712210353
"root12",14,"T2",1.06149056246662e-11,1.51400944862013e-10,1.04166666666667e-06,0.137734152613646,7.70680722481503e-08,0.219210712210353
"root12",14,"T3",5.53661874459703e-12,1.51400944862013e-10,1.04166666666667e-06,0.137734152613646,4.0197864070269e-08,0.219210712210353
"root12",14,"T1",1.14036472732312e-11,1.51400944862013e-10,1.04166666666667e-06,0.137734152613646,8.2794623242205e-08,0.219210712210353
"root12",14,"T2",1.09274786986643e-11,1.51400944862013e-10,1.15740740740741e-06,0.137734152613646,7.93374663531464e-08,0.219210712210353
"root12",14,"T3",5.58351002093788e-12,1.51400944862013e-10,1.15740740740741e-06,0.137734152613646,4.05383117766007e-08,0.219210712210353
"root12",14,"T1",1.17895578195857e-11,1.51400944862013e-10,1.15740740740741e-06,0.137734152613646,8.55964740470448e-08,0.219210712210353
"root12",15,"T2",6.34217880605881e-12,1.94925318724008e-10,1.15740740740741e-07,0.125748969192481,5.04352349509203e-08,0.200135700356938
"root12",15,"T3",4.79329046614188e-12,1.94925318724008e-10,1.15740740740741e-07,0.125748969192481,3.81179304842245e-08,0.200135700356938
"root12",15,"T1",6.55677747075978e-12,1.94925318724008e-10,1.15740740740741e-07,0.125748969192481,5.21417989576e-08,0.200135700356938
"root12",15,"T2",7.62465908520667e-12,1.94925318724008e-10,2.31481481481481e-07,0.125748969192481,6.06339688839579e-08,0.200135700356938
"root12",15,"T3",5.269930819856e-12,1.94925318724008e-10,2.31481481481481e-07,0.125748969192481,4.19083421017109e-08,0.200135700356938
"root12",15,"T1",7.97196640358091e-12,1.94925318724008e-10,2.31481481481481e-07,0.125748969192481,6.33958787477487e-08,0.200135700356938
"root12",15,"T2",8.50987756402165e-12,1.94925318724008e-10,3.47222222222222e-07,0.125748969192481,6.76735373551713e-08,0.200135700356938
"root12",15,"T3",5.52445231110697e-12,1.94925318724008e-10,3.47222222222222e-07,0.125748969192481,4.39323864567893e-08,0.200135700356938
"root12",15,"T1",8.9751092676191e-12,1.94925318724008e-10,3.47222222222222e-07,0.125748969192481,7.13732233771325e-08,0.200135700356938
"root12",15,"T2",9.19283523027076e-12,1.94925318724008e-10,4.62962962962963e-07,0.125748969192481,7.31046567562674e-08,0.200135700356938
"root12",15,"T3",5.68848472029219e-12,1.94925318724008e-10,4.62962962962963e-07,0.125748969192481,4.52368298270896e-08,0.200135700356938
"root12",15,"T1",9.76875168419247e-12,1.94925318724008e-10,4.62962962962963e-07,0.125748969192481,7.76845468151685e-08,0.200135700356938
"root12",15,"T2",9.7514634825446e-12,1.94925318724008e-10,5.78703703703704e-07,0.125748969192481,7.75470649593816e-08,0.200135700356938
"root12",15,"T3",5.80570784045429e-12,1.94925318724008e-10,5.78703703703704e-07,0.125748969192481,4.61690292790204e-08,0.200135700356938
"root12",15,"T1",1.04333791149985e-11,1.94925318724008e-10,5.78703703703704e-07,0.125748969192481,8.29698977414946e-08,0.200135700356938
"root12",15,"T2",1.02255832947504e-11,1.94925318724008e-10,6.94444444444444e-07,0.125748969192481,8.13174323448991e-08,0.200135700356938
"root12",15,"T3",5.89523509994309e-12,1.94925318724008e-10,6.94444444444444e-07,0.125748969192481,4.68809815126149e-08,0.200135700356938
"root12",15,"T1",1.1009918431989e-11,1.94925318724008e-10,6.94444444444444e-07,0.125748969192481,8.75547410264361e-08,0.200135700356938
"root12",15,"T2",1.06384445346891e-11,1.94925318724008e-10,8.10185185185185e-07,0.125748969192481,8.46006500332032e-08,0.200135700356938
"root12",15,"T3",5.96685585549123e-12,1.94925318724008e-10,8.10185185185185e-07,0.125748969192481,4.74505349332757e-08,0.200135700356938
"root12",15,"T1",1.15222034348937e-11,1.94925318724008e-10,8.10185185185185e-07,0.125748969192481,9.16286114223084e-08,0.200135700356938
"root12",15,"T2",1.10048345333325e-11,1.94925318724008e-10,9.25925925925926e-07,0.125748969192481,8.75143120774825e-08,0.200135700356938
"root12",15,"T3",6.02613815903006e-12,1.94925318724008e-10,9.25925925925926e-07,0.125748969192481,4.79219686469635e-08,0.200135700356938
"root12",15,"T1",1.19853813921071e-11,1.94925318724008e-10,9.25925925925926e-07,0.125748969192481,9.53119653311934e-08,0.200135700356938
"root12",15,"T2",1.13347441030424e-11,1.94925318724008e-10,1.04166666666667e-06,0.125748969192481,9.0137868929109e-08,0.200135700356938
"root12",15,"T3",6.07649883738254e-12,1.94925318724008e-10,1.04166666666667e-06,0.125748969192481,4.83224544614866e-08,0.200135700356938
"root12",15,"T1",1.24096922083903e-11,1.94925318724008e-10,1.04166666666667e-06,0.125748969192481,9.86862340747704e-08,0.200135700356938
"root12",15,"T2",1.16352371161864e-11,1.94925318724008e-10,1.15740740740741e-06,0.125748969192481,9.25274949838878e-08,0.200135700356938
"root12",15,"T3",6.12015969914252e-12,1.94925318724008e-10,1.15740740740741e-06,0.125748969192481,4.86696609796819e-08,0.200135700356938
"root12",15,"T1",1.28023871226013e-11,1.94925318724008e-10,1.15740740740741e-06,0.125748969192481,1.0180908205303e-07,0.200135700356938
"root12",16,"T2",7.07541862736354e-12,1.24649100865285e-09,1.15740740740741e-07,0.16092155581938,4.39681221781441e-08,0.256114610586927
"root12",16,"T3",5.23731375720356e-12,1.24649100865285e-09,1.15740740740741e-07,0.16092155581938,3.25457564124098e-08,0.256114610586927
"root12",16,"T1",7.28416957795985e-12,1.24649100865285e-09,1.15740740740741e-07,0.16092155581938,4.52653439799928e-08,0.256114610586927
"root12",16,"T2",8.57505159535271e-12,1.24649100865285e-09,2.31481481481481e-07,0.16092155581938,5.32871531827435e-08,0.256114610586927
"root12",16,"T3",5.81750660168435e-12,1.24649100865285e-09,2.31481481481481e-07,0.16092155581938,3.6151195357656e-08,0.256114610586927
"root12",16,"T1",8.89361566881493e-12,1.24649100865285e-09,2.31481481481481e-07,0.16092155581938,5.52667765578728e-08,0.256114610586927
"root12",16,"T2",9.62344886356141e-12,1.24649100865285e-09,3.47222222222222e-07,0.16092155581938,5.98021117466877e-08,0.256114610586927
"root12",16,"T3",6.13190649873184e-12,1.24649100865285e-09,3.47222222222222e-07,0.16092155581938,3.81049416749013e-08,0.256114610586927
"root12",16,"T1",1.00452964913228e-11,1.24649100865285e-09,3.47222222222222e-07,0.16092155581938,6.24235605986664e-08,0.256114610586927
"root12",16,"T2",1.04505346960065e-11,1.24649100865285e-09,4.62962962962963e-07,0.16092155581938,6.49417950428985e-08,0.256114610586927
"root12",16,"T3",6.33949432911838e-12,1.24649100865285e-09,4.62962962962963e-07,0.16092155581938,3.93949356059787e-08,0.256114610586927
"root12",16,"T1",1.09734009474831e-11,1.24649100865285e-09,4.62962962962963e-07,0.16092155581938,6.8190994622248e-08,0.256114610586927
"root12",16,"T2",1.11437996373416e-11,1.24649100865285e-09,5.78703703703704e-07,0.16092155581938,6.92498875032597e-08,0.256114610586927
"root12",16,"T3",6.49201874217492e-12,1.24649100865285e-09,5.78703703703704e-07,0.16092155581938,4.03427540152646e-08,0.256114610586927
"root12",16,"T1",1.17665409009392e-11,1.24649100865285e-09,5.78703703703704e-07,0.16092155581938,7.3119731169801e-08,0.256114610586927
"root12",16,"T2",1.17464601239448e-11,1.24649100865285e-09,6.94444444444444e-07,0.16092155581938,7.29949450471951e-08,0.256114610586927
"root12",16,"T3",6.61177631542834e-12,1.24649100865285e-09,6.94444444444444e-07,0.16092155581938,4.10869524704911e-08,0.256114610586927
"root12",16,"T1",1.24683150914433e-11,1.24649100865285e-09,6.94444444444444e-07,0.16092155581938,7.74807018733886e-08,0.256114610586927
"root12",16,"T2",1.2283208652153e-11,1.24649100865285e-09,8.10185185185185e-07,0.16092155581938,7.63304119799823e-08,0.256114610586927
"root12",16,"T3",6.71008915502691e-12,1.24649100865285e-09,8.10185185185185e-07,0.16092155581938,4.16978888928863e-08,0.256114610586927
"root12",16,"T1",1.31035579386722e-11,1.24649100865285e-09,8.10185185185185e-07,0.16092155581938,8.1428232979426e-08,0.256114610586927
"root12",16,"T2",1.27695418214069e-11,1.24649100865285e-09,9.25925925925926e-07,0.16092155581938,7.93525873919559e-08,0.256114610586927
"root12",16,"T3",6.79337970527083e-12,1.24649100865285e-09,9.25925925925926e-07,0.16092155581938,4.22154736864201e-08,0.256114610586927
"root12",16,"T1",1.36878141025362e-11,1.24649100865285e-09,9.25925925925926e-07,0.16092155581938,8.50589222359964e-08,0.256114610586927
"root12",16,"T2",1.32158497265332e-11,1.24649100865285e-09,1.04166666666667e-06,0.16092155581938,8.21260374922476e-08,0.256114610586927
"root12",16,"T3",6.86559703195519e-12,1.24649100865285e-09,1.04166666666667e-06,0.16092155581938,4.26642471668693e-08,0.256114610586927
"root12",16,"T1",1.42314810728179e-11,1.24649100865285e-09,1.04166666666667e-06,0.16092155581938,8.84373818060242e-08,0.256114610586927
"root12",16,"T2",1.36294522723472e-11,1.24649100865285e-09,1.15740740740741e-06,0.16092155581938,8.46962496910298e-08,0.256114610586927
"root12",16,"T3",6.92932395431828e-12,1.24649100865285e-09,1.15740740740741e-06,0.16092155581938,4.30602595098933e-08,0.256114610586927
"root12",16,"T1",1.47418677806555e-11,1.24649100865285e-09,1.15740740740741e-06,0.16092155581938,9.16090309069715e-08,0.256114610586927
"root12",17,"T2",7.07943218725915e-12,3.18308449304335e-10,1.15740740740741e-07,0.143917822159588,4.91907956987348e-08,0.229052327957187
"root12",17,"T3",5.416795321385e-12,3.18308449304335e-10,1.15740740740741e-07,0.143917822159588,3.76381134740797e-08,0.229052327957187
"root12",17,"T1",7.29678876285527e-12,3.18308449304335e-10,1.15740740740741e-07,0.143917822159588,5.07010782498083e-08,0.229052327957187
"root12",17,"T2",8.4231497831867e-12,3.18308449304335e-10,2.31481481481481e-07,0.143917822159588,5.85274961557326e-08,0.229052327957187
"root12",17,"T3",5.92943091369232e-12,3.18308449304335e-10,2.31481481481481e-07,0.143917822159588,4.12001156265224e-08,0.229052327957187
"root12",17,"T1",8.76466027874465e-12,3.18308449304335e-10,2.31481481481481e-07,0.143917822159588,6.09004510158976e-08,0.229052327957187
"root12",17,"T2",9.34558262669726e-12,3.18308449304335e-10,3.47222222222222e-07,0.143917822159588,6.49369375276823e-08,0.229052327957187
"root12",17,"T3",6.20584108168441e-12,3.18308449304335e-10,3.47222222222222e-07,0.143917822159588,4.31207267353091e-08,0.229052327957187
"root12",17,"T1",9.79680103644484e-12,3.18308449304335e-10,3.47222222222222e-07,0.143917822159588,6.80721879294514e-08,0.229052327957187
"root12",17,"T2",1.00574371527453e-11,3.18308449304335e-10,4.62962962962963e-07,0.143917822159588,6.98831944635237e-08,0.229052327957187
"root12",17,"T3",6.38637357059481e-12,3.18308449304335e-10,4.62962962962963e-07,0.143917822159588,4.43751404430861e-08,0.229052327957187
"root12",17,"T1",1.06122408607789e-11,3.18308449304335e-10,4.62962962962963e-07,0.143917822159588,7.37381979628012e-08,0.229052327957187
"root12",17,"T2",1.06412560160494e-11,3.18308449304335e-10,5.78703703703704e-07,0.143917822159588,7.39398071508443e-08,0.229052327957187
"root12",17,"T3",6.51723527652057e-12,3.18308449304335e-10,5.78703703703704e-07,0.143917822159588,4.52844211976312e-08,0.229052327957187
"root12",17,"T1",1.12960528414052e-11,3.18308449304335e-10,5.78703703703704e-07,0.143917822159588,7.84896038023643e-08,0.229052327957187
"root12",17,"T2",1.11385991361628e-11,3.18308449304335e-10,6.94444444444444e-07,0.143917822159588,7.73955509402538e-08,0.229052327957187
"root12",17,"T3",6.61858700924998e-12,3.18308449304335e-10,6.94444444444444e-07,0.143917822159588,4.59886545664285e-08,0.229052327957187
"root12",17,"T1",1.18907535758133e-11,3.18308449304335e-10,6.94444444444444e-07,0.143917822159588,8.26218281890608e-08,0.229052327957187
"root12",17,"T2",1.15734753354647e-11,3.18308449304335e-10,8.10185185185185e-07,0.143917822159588,8.04172489674773e-08,0.229052327957187
"root12",17,"T3",6.70075255191004e-12,3.18308449304335e-10,8.10185185185185e-07,0.143917822159588,4.65595744249082e-08,0.229052327957187
"root12",17,"T1",1.24207827731037e-11,3.18308449304335e-10,8.10185185185185e-07,0.143917822159588,8.6304688236114e-08,0.229052327957187
"root12",17,"T2",1.19610406265263e-11,3.18308449304335e-10,9.25925925925926e-07,0.143917822159588,8.31102114181725e-08,0.229052327957187
"root12",17,"T3",6.76961273260307e-12,3.18308449304335e-10,9.25925925925926e-07,0.143917822159588,4.7038043176448e-08,0.229052327957187
"root12",17,"T1",1.2901524419326e-11,3.18308449304335e-10,9.25925925925926e-07,0.143917822159588,8.96450781823236e-08,0.229052327957187
"root12",17,"T2",1.23114822056639e-11,3.18308449304335e-10,1.04166666666667e-06,0.143917822159588,8.55452231066416e-08,0.229052327957187
"root12",17,"T3",6.82878581404976e-12,3.18308449304335e-10,1.04166666666667e-06,0.143917822159588,4.74492019930473e-08,0.229052327957187
"root12",17,"T1",1.33433066637919e-11,3.18308449304335e-10,1.04166666666667e-06,0.143917822159588,9.27147622411611e-08,0.229052327957187
"root12",17,"T2",1.26319781394723e-11,3.18308449304335e-10,1.15740740740741e-06,0.143917822159588,8.77721601808628e-08,0.229052327957187
"root12",17,"T3",6.88063260782819e-12,3.18308449304335e-10,1.15740740740741e-06,0.143917822159588,4.78094547609147e-08,0.229052327957187
"root12",17,"T1",1.37534078991327e-11,3.18308449304335e-10,1.15740740740741e-06,0.143917822159588,9.55643136670163e-08,0.229052327957187
"root12",18,"T2",6.05347599118884e-12,1.31097729922128e-10,1.15740740740741e-07,0.116399208283519,5.20061612141219e-08,0.185255093703051
"root12",18,"T3",4.57620452079575e-12,1.31097729922128e-10,1.15740740740741e-07,0.116399208283519,3.93147392347315e-08,0.185255093703051
"root12",18,"T1",6.27003143444634e-12,1.31097729922128e-10,1.15740740740741e-07,0.116399208283519,5.38666158207376e-08,0.185255093703051
"root12",18,"T2",7.28503062840604e-12,1.31097729922128e-10,2.31481481481481e-07,0.116399208283519,6.25865994780785e-08,0.185255093703051
"root12",18,"T3",5.03080253225958e-12,1.31097729922128e-10,2.31481481481481e-07,0.116399208283519,4.32202469969196e-08,0.185255093703051
"root12",18,"T1",7.63347011420021e-12,1.31097729922128e-10,2.31481481481481e-07,0.116399208283519,6.55800862116434e-08,0.185255093703051
"root12",18,"T2",8.13420910276316e-12,1.31097729922128e-10,3.47222222222222e-07,0.116399208283519,6.98819968169396e-08,0.185255093703051
"root12",18,"T3",5.27365299456368e-12,1.31097729922128e-10,3.47222222222222e-07,0.116399208283519,4.53066053655485e-08,0.185255093703051
"root12",18,"T1",8.59722539400303e-12,1.31097729922128e-10,3.47222222222222e-07,0.116399208283519,7.38598270622457e-08,0.185255093703051
"root12",18,"T2",8.7866473956934e-12,1.31097729922128e-10,4.62962962962963e-07,0.116399208283519,7.54871749152396e-08,0.185255093703051
"root12",18,"T3",5.42977588107774e-12,1.31097729922128e-10,4.62962962962963e-07,0.116399208283519,4.66478764000884e-08,0.185255093703051
"root12",18,"T1",9.35509926907597e-12,1.31097729922128e-10,4.62962962962963e-07,0.116399208283519,8.03708152918817e-08,0.185255093703051
"root12",18,"T2",9.31759913400682e-12,1.31097729922128e-10,5.78703703703704e-07,0.116399208283519,8.0048646991752e-08,0.185255093703051
"root12",18,"T3",5.54095679253691e-12,1.31097729922128e-10,5.78703703703704e-07,0.116399208283519,4.76030453664302e-08,0.185255093703051
"root12",18,"T1",9.98536028556464e-12,1.31097729922128e-10,5.78703703703704e-07,0.116399208283519,8.57854656643611e-08,0.185255093703051
"root12",18,"T2",9.76590395243847e-12,1.31097729922128e-10,6.94444444444444e-07,0.116399208283519,8.39000891539675e-08,0.185255093703051
"root12",18,"T3",5.62556216577792e-12,1.31097729922128e-10,6.94444444444444e-07,0.116399208283519,4.83299005958484e-08,0.185255093703051
"root12",18,"T1",1.05282904479771e-11,1.31097729922128e-10,6.94444444444444e-07,0.116399208283519,9.04498458643538e-08,0.185255093703051
"root12",18,"T2",1.01543871785778e-11,1.31097729922128e-10,8.10185185185185e-07,0.116399208283519,8.72375966152988e-08,0.185255093703051
"root12",18,"T3",5.6930210124512e-12,1.31097729922128e-10,8.10185185185185e-07,0.116399208283519,4.89094478940479e-08,0.185255093703051
"root12",18,"T1",1.10075531659594e-11,1.31097729922128e-10,8.10185185185185e-07,0.116399208283519,9.45672511719133e-08,0.185255093703051
"root12",18,"T2",1.04976227647753e-11,1.31097729922128e-10,9.25925925925926e-07,0.116399208283519,9.01863760035701e-08,0.185255093703051
"root12",18,"T3",5.74870073017927e-12,1.31097729922128e-10,9.25925925925926e-07,0.116399208283519,4.93877992380918e-08,0.185255093703051
"root12",18,"T1",1.14382790350372e-11,1.31097729922128e-10,9.25925925925926e-07,0.116399208283519,9.8267670405253e-08,0.185255093703051
"root12",18,"T2",1.08054762050305e-11,1.31097729922128e-10,1.04166666666667e-06,0.116399208283519,9.2831182998351e-08,0.185255093703051
"root12",18,"T3",5.79589379668887e-12,1.31097729922128e-10,1.04166666666667e-06,0.116399208283519,4.97932407114964e-08,0.185255093703051
"root12",18,"T1",1.18307372783374e-11,1.31097729922128e-10,1.04166666666667e-06,0.116399208283519,1.01639327730827e-07,0.185255093703051
"root12",18,"T2",1.10849255890851e-11,1.31097729922128e-10,1.15740740740741e-06,0.116399208283519,9.52319672319851e-08,0.185255093703051
"root12",18,"T3",5.83673846334995e-12,1.31097729922128e-10,1.15740740740741e-06,0.116399208283519,5.01441422963388e-08,0.185255093703051
"root12",18,"T1",1.21922161923962e-11,1.31097729922128e-10,1.15740740740741e-06,0.116399208283519,1.04744837805933e-07,0.185255093703051
"root12",19,"T2",6.6468525142785e-12,3.43488382192758e-10,1.15740740740741e-07,0.17267352173369,3.84937565849255e-08,0.274818445250026
"root12",19,"T3",5.0736261330294e-12,3.43488382192758e-10,1.15740740740741e-07,0.17267352173369,2.93827686033666e-08,0.274818445250026
"root12",19,"T1",6.81538806809623e-12,3.43488382192758e-10,1.15740740740741e-07,0.17267352173369,3.94697924711782e-08,0.274818445250026
"root12",19,"T2",7.91601347255372e-12,3.43488382192758e-10,2.31481481481481e-07,0.17267352173369,4.58438178191697e-08,0.274818445250026
"root12",19,"T3",5.55684935778843e-12,3.43488382192758e-10,2.31481481481481e-07,0.17267352173369,3.2181247605285e-08,0.274818445250026
"root12",19,"T1",8.16476451070262e-12,3.43488382192758e-10,2.31481481481481e-07,0.17267352173369,4.72844037043208e-08,0.274818445250026
"root12",19,"T2",8.81139305492776e-12,3.43488382192758e-10,3.47222222222222e-07,0.17267352173369,5.10292079900782e-08,0.274818445250026
"root12",19,"T3",5.82056903192003e-12,3.43488382192758e-10,3.47222222222222e-07,0.17267352173369,3.37085209908265e-08,0.274818445250026
"root12",19,"T1",9.13603764619022e-12,3.43488382192758e-10,3.47222222222222e-07,0.17267352173369,5.29093143781506e-08,0.274818445250026
"root12",19,"T2",9.52548896169642e-12,3.43488382192758e-10,4.62962962962963e-07,0.17267352173369,5.51647343846229e-08,0.274818445250026
"root12",19,"T3",5.99798689558166e-12,3.43488382192758e-10,4.62962962962963e-07,0.17267352173369,3.47359967837582e-08,0.274818445250026
"root12",19,"T1",9.92493350774699e-12,3.43488382192758e-10,4.62962962962963e-07,0.17267352173369,5.74780279460215e-08,0.274818445250026
"root12",19,"T2",1.01296585670488e-11,3.43488382192758e-10,5.78703703703704e-07,0.17267352173369,5.86636472421724e-08,0.274818445250026
"root12",19,"T3",6.13104247074285e-12,3.43488382192758e-10,5.78703703703704e-07,0.17267352173369,3.5506558325709e-08,0.274818445250026
"root12",19,"T1",1.06035387123595e-11,3.43488382192758e-10,5.78703703703704e-07,0.17267352173369,6.14080178935196e-08,0.274818445250026
"root12",19,"T2",1.0658803852653e-11,3.43488382192758e-10,6.94444444444444e-07,0.17267352173369,6.17280735670161e-08,0.274818445250026
"root12",19,"T3",6.2375267726715e-12,3.43488382192758e-10,6.94444444444444e-07,0.17267352173369,3.61232382941229e-08,0.274818445250026
"root12",19,"T1",1.12069317880512e-11,3.43488382192758e-10,6.94444444444444e-07,0.17267352173369,6.49024336535822e-08,0.274818445250026
"root12",19,"T2",1.11328259031749e-11,3.43488382192758e-10,8.10185185185185e-07,0.17267352173369,6.4473266030589e-08,0.274818445250026
"root12",19,"T3",6.32642401070713e-12,3.43488382192758e-10,8.10185185185185e-07,0.17267352173369,3.66380667237691e-08,0.274818445250026
"root12",19,"T1",1.17550260638117e-11,3.43488382192758e-10,8.10185185185185e-07,0.17267352173369,6.80765988079003e-08,0.274818445250026
"root12",19,"T2",1.15642466193146e-11,3.43488382192758e-10,9.25925925925926e-07,0.17267352173369,6.6971742414276e-08,0.274818445250026
"root12",19,"T3",6.40283515857546e-12,3.43488382192758e-10,9.25925925925926e-07,0.17267352173369,3.70805847607046e-08,0.274818445250026
"root12",19,"T1",1.22603020715969e-11,3.43488382192758e-10,9.25925925925926e-07,0.17267352173369,7.10027915600499e-08,0.274818445250026
"root12",19,"T2",1.19615089714456e-11,3.43488382192758e-10,1.04166666666667e-06,0.17267352173369,6.92723982886823e-08,0.274818445250026
"root12",19,"T3",6.4699132621245e-12,3.43488382192758e-10,1.04166666666667e-06,0.17267352173369,3.74690525632696e-08,0.274818445250026
"root12",19,"T1",1.27311459967948e-11,3.43488382192758e-10,1.04166666666667e-06,0.17267352173369,7.37295786231179e-08,0.274818445250026
"root12",19,"T2",1.23306067893779e-11,3.43488382192758e-10,1.15740740740741e-06,0.17267352173369,7.14099455757616e-08,0.274818445250026
"root12",19,"T3",6.52973733243416e-12,3.43488382192758e-10,1.15740740740741e-06,0.17267352173369,3.78155102581669e-08,0.274818445250026
"root12",19,"T1",1.31734939984314e-11,3.43488382192758e-10,1.15740740740741e-06,0.17267352173369,7.62913379316404e-08,0.274818445250026
"root12",2,"T2",5.02345700046023e-12,5.44874071284199e-11,1.15740740740741e-07,0.112877701246096,4.45035374126559e-08,0.179650441181664
"root12",2,"T3",3.68602652800770e-12,5.44874071284199e-11,1.15740740740741e-07,0.112877701246096,3.26550460127765e-08,0.179650441181664
"root12",2,"T1",5.20532043930050e-12,5.44874071284199e-11,1.15740740740741e-07,0.112877701246096,4.61146921122345e-08,0.179650441181664
"root12",2,"T2",6.15569834593291e-12,5.44874071284199e-11,2.31481481481481e-07,0.112877701246096,5.45342284435103e-08,0.179650441181664
"root12",2,"T3",4.10461590299409e-12,5.44874071284199e-11,2.31481481481481e-07,0.112877701246096,3.63633902682444e-08,0.179650441181664
"root12",2,"T1",6.44419389892320e-12,5.44874071284199e-11,2.31481481481481e-07,0.112877701246096,5.70900525771124e-08,0.179650441181664
"root12",2,"T2",6.94250748114861e-12,5.44874071284199e-11,3.47222222222222e-07,0.112877701246096,6.15046851991834e-08,0.179650441181664
"root12",2,"T3",4.32601084777235e-12,5.44874071284199e-11,3.47222222222222e-07,0.112877701246096,3.83247603381006e-08,0.179650441181664
"root12",2,"T1",7.32799217953815e-12,5.44874071284199e-11,3.47222222222222e-07,0.112877701246096,6.49197503018037e-08,0.179650441181664
"root12",2,"T2",7.5523112910658e-12,5.44874071284199e-11,4.62962962962963e-07,0.112877701246096,6.69070259909018e-08,0.179650441181664
"root12",2,"T3",4.46706639831224e-12,5.44874071284199e-11,4.62962962962963e-07,0.112877701246096,3.95743920101025e-08,0.179650441181664
"root12",2,"T1",8.02949638088945e-12,5.44874071284199e-11,4.62962962962963e-07,0.112877701246096,7.11344782206677e-08,0.179650441181664
"root12",2,"T2",8.05287622920549e-12,5.44874071284199e-11,5.78703703703704e-07,0.112877701246096,7.13416037030078e-08,0.179650441181664
"root12",2,"T3",4.56686831400388e-12,5.44874071284199e-11,5.78703703703704e-07,0.112877701246096,4.04585517209213e-08,0.179650441181664
"root12",2,"T1",8.61784061968908e-12,5.44874071284199e-11,5.78703703703704e-07,0.112877701246096,7.63467055455042e-08,0.179650441181664
"root12",2,"T2",8.47893910935127e-12,5.44874071284199e-11,6.94444444444444e-07,0.112877701246096,7.51161568294653e-08,0.179650441181664
"root12",2,"T3",4.64245202162042e-12,5.44874071284199e-11,6.94444444444444e-07,0.112877701246096,4.11281587981575e-08,0.179650441181664
"root12",2,"T1",9.12842837600727e-12,5.44874071284199e-11,6.94444444444444e-07,0.112877701246096,8.08700768640341e-08,0.179650441181664
"root12",2,"T2",8.85085449359252e-12,5.44874071284199e-11,8.10185185185185e-07,0.112877701246096,7.84110094011915e-08,0.179650441181664
"root12",2,"T3",4.70248986888111e-12,5.44874071284199e-11,8.10185185185185e-07,0.112877701246096,4.16600428336926e-08,0.179650441181664
"root12",2,"T1",9.58204517501413e-12,5.44874071284199e-11,8.10185185185185e-07,0.112877701246096,8.48887341718924e-08,0.179650441181664
"root12",2,"T2",9.18161512744611e-12,5.44874071284199e-11,9.25925925925926e-07,0.112877701246096,8.13412660435771e-08,0.179650441181664
"root12",2,"T3",4.75188424143727e-12,5.44874071284199e-11,9.25925925925926e-07,0.112877701246096,4.20976347762186e-08,0.179650441181664
"root12",2,"T1",9.9920057483406e-12,5.44874071284199e-11,9.25925925925926e-07,0.112877701246096,8.85206346163626e-08,0.179650441181664
"root12",2,"T2",9.48002692562395e-12,5.44874071284199e-11,1.04166666666667e-06,0.112877701246096,8.39849396379502e-08,0.179650441181664
"root12",2,"T3",4.79362599108235e-12,5.44874071284199e-11,1.04166666666667e-06,0.112877701246096,4.24674310174981e-08,0.179650441181664
"root12",2,"T1",1.03673731684855e-11,5.44874071284199e-11,1.04166666666667e-06,0.112877701246096,9.18460692770709e-08,0.179650441181664
"root12",2,"T2",9.752331165121e-12,5.44874071284199e-11,1.15740740740741e-06,0.112877701246096,8.63973225664736e-08,0.179650441181664
"root12",2,"T3",4.82964942718683e-12,5.44874071284199e-11,1.15740740740741e-06,0.112877701246096,4.27865678860454e-08,0.179650441181664
"root12",2,"T1",1.07146006867952e-11,5.44874071284199e-11,1.15740740740741e-06,0.112877701246096,9.49222084478427e-08,0.179650441181664
"root12",20,"T2",6.93379903365517e-12,3.50083301924029e-10,1.15740740740741e-07,0.153410974769327,4.51975423797484e-08,0.244161149590844
"root12",20,"T3",5.18272188194315e-12,3.50083301924029e-10,1.15740740740741e-07,0.153410974769327,3.37832537061708e-08,0.244161149590844
"root12",20,"T1",7.12576960106677e-12,3.50083301924029e-10,1.15740740740741e-07,0.153410974769327,4.64488907119016e-08,0.244161149590844
"root12",20,"T2",8.27991330755896e-12,3.50083301924029e-10,2.31481481481481e-07,0.153410974769327,5.39721054507924e-08,0.244161149590844
"root12",20,"T3",5.67608413137479e-12,3.50083301924029e-10,2.31481481481481e-07,0.153410974769327,3.69992051736162e-08,0.244161149590844
"root12",20,"T1",8.56869898889514e-12,3.50083301924029e-10,2.31481481481481e-07,0.153410974769327,5.58545371462457e-08,0.244161149590844
"root12",20,"T2",9.22092612103169e-12,3.50083301924029e-10,3.47222222222222e-07,0.153410974769327,6.01060395770024e-08,0.244161149590844
"root12",20,"T3",5.94311515911549e-12,3.50083301924029e-10,3.47222222222222e-07,0.153410974769327,3.87398304981226e-08,0.244161149590844
"root12",20,"T1",9.60130185163926e-12,3.50083301924029e-10,3.47222222222222e-07,0.153410974769327,6.25854953733007e-08,0.244161149590844
"root12",20,"T2",9.96037278273995e-12,3.50083301924029e-10,4.62962962962963e-07,0.153410974769327,6.49260771448499e-08,0.244161149590844
"root12",20,"T3",6.11888654802374e-12,3.50083301924029e-10,4.62962962962963e-07,0.153410974769327,3.98855854819009e-08,0.244161149590844
"root12",20,"T1",1.04309859909352e-11,3.50083301924029e-10,4.62962962962963e-07,0.153410974769327,6.79937403866935e-08,0.244161149590844
"root12",20,"T2",1.05766195825314e-11,3.50083301924029e-10,5.78703703703704e-07,0.153410974769327,6.89430439930045e-08,0.244161149590844
"root12",20,"T3",6.24753816679429e-12,3.50083301924029e-10,5.78703703703704e-07,0.153410974769327,4.07241931432106e-08,0.244161149590844
"root12",20,"T1",1.11367895962815e-11,3.50083301924029e-10,5.78703703703704e-07,0.153410974769327,7.25944777616277e-08,0.244161149590844
"root12",20,"T2",1.11087680724875e-11,3.50083301924029e-10,6.94444444444444e-07,0.153410974769327,7.24118211828779e-08,0.244161149590844
"root12",20,"T3",6.34813686661497e-12,3.50083301924029e-10,6.94444444444444e-07,0.153410974769327,4.13799395783789e-08,0.244161149590844
"root12",20,"T1",1.17578750435055e-11,3.50083301924029e-10,6.94444444444444e-07,0.153410974769327,7.664298503536e-08,0.244161149590844
"root12",20,"T2",1.15793714881378e-11,3.50083301924029e-10,8.10185185185185e-07,0.153410974769327,7.54794205926199e-08,0.244161149590844
"root12",20,"T3",6.43038479502812e-12,3.50083301924029e-10,8.10185185185185e-07,0.153410974769327,4.19160676392091e-08,0.244161149590844
"root12",20,"T1",1.23167200550163e-11,3.50083301924029e-10,8.10185185185185e-07,0.153410974769327,8.02857818584102e-08,0.244161149590844
"root12",20,"T2",1.20027134284364e-11,3.50083301924029e-10,9.25925925925926e-07,0.153410974769327,7.82389489831743e-08,0.244161149590844
"root12",20,"T3",6.49979594131398e-12,3.50083301924029e-10,9.25925925925926e-07,0.153410974769327,4.23685199255611e-08,0.244161149590844
"root12",20,"T1",1.28275119886201e-11,3.50083301924029e-10,9.25925925925926e-07,0.153410974769327,8.36153476497226e-08,0.244161149590844
"root12",20,"T2",1.23884550843858e-11,3.50083301924029e-10,1.04166666666667e-06,0.153410974769327,8.07533822336597e-08,0.244161149590844
"root12",20,"T3",6.55976653430741e-12,3.50083301924029e-10,1.04166666666667e-06,0.153410974769327,4.27594345461324e-08,0.244161149590844
"root12",20,"T1",1.32998260841113e-11,3.50083301924029e-10,1.04166666666667e-06,0.153410974769327,8.6694098020753e-08,0.244161149590844
"root12",20,"T2",1.27434596352965e-11,3.50083301924029e-10,1.15740740740741e-06,0.153410974769327,8.30674575561356e-08,0.244161149590844
"root12",20,"T3",6.61252085663272e-12,3.50083301924029e-10,1.15740740740741e-06,0.153410974769327,4.31033103503546e-08,0.244161149590844
"root12",20,"T1",1.37404570345039e-11,3.50083301924029e-10,1.15740740740741e-06,0.153410974769327,8.95663237598513e-08,0.244161149590844
"root12",23,"T2",6.80723815437524e-12,5.2309818710552e-10,1.15740740740741e-07,0.126043828795929,5.40069134633833e-08,0.200604983991007
"root12",23,"T3",5.11516197679446e-12,5.2309818710552e-10,1.15740740740741e-07,0.126043828795929,4.05824071329676e-08,0.200604983991007
"root12",23,"T1",7.04500156951198e-12,5.2309818710552e-10,1.15740740740741e-07,0.126043828795929,5.58932685305694e-08,0.200604983991007
"root12",23,"T2",8.20781823775602e-12,5.2309818710552e-10,2.31481481481481e-07,0.126043828795929,6.51187631807414e-08,0.200604983991007
"root12",23,"T3",5.62305723796692e-12,5.2309818710552e-10,2.31481481481481e-07,0.126043828795929,4.46119202477649e-08,0.200604983991007
"root12",23,"T1",8.5889728523437e-12,5.2309818710552e-10,2.31481481481481e-07,0.126043828795929,6.81427479186597e-08,0.200604983991007
"root12",23,"T2",9.18356450175376e-12,5.2309818710552e-10,3.47222222222222e-07,0.126043828795929,7.28600883477e-08,0.200604983991007
"root12",23,"T3",5.89673357249584e-12,5.2309818710552e-10,3.47222222222222e-07,0.126043828795929,4.67831993745837e-08,0.200604983991007
"root12",23,"T1",9.69161631019205e-12,5.2309818710552e-10,3.47222222222222e-07,0.126043828795929,7.6890843469086e-08,0.200604983991007
"root12",23,"T2",9.94003910809639e-12,5.2309818710552e-10,4.62962962962963e-07,0.126043828795929,7.88617673951319e-08,0.200604983991007
"root12",23,"T3",6.07374866017987e-12,5.2309818710552e-10,4.62962962962963e-07,0.126043828795929,4.81875925081073e-08,0.200604983991007
"root12",23,"T1",1.05673223450688e-11,5.2309818710552e-10,4.62962962962963e-07,0.126043828795929,8.38384746481936e-08,0.200604983991007
"root12",23,"T2",1.05603489906041e-11,5.2309818710552e-10,5.78703703703704e-07,0.126043828795929,8.37831498097527e-08,0.200604983991007
"root12",23,"T3",6.20032384959302e-12,5.2309818710552e-10,5.78703703703704e-07,0.126043828795929,4.91918081894485e-08,0.200604983991007
"root12",23,"T1",1.13020833076717e-11,5.2309818710552e-10,5.78703703703704e-07,0.126043828795929,8.96678831136616e-08,0.200604983991007
"root12",23,"T2",1.10873382069808e-11,5.2309818710552e-10,6.94444444444444e-07,0.126043828795929,8.79641495573076e-08,0.200604983991007
"root12",23,"T3",6.29687859320582e-12,5.2309818710552e-10,6.94444444444444e-07,0.126043828795929,4.99578492129176e-08,0.200604983991007
"root12",23,"T1",1.19399170614983e-11,5.2309818710552e-10,6.94444444444444e-07,0.126043828795929,9.47282955108384e-08,0.200604983991007
"root12",23,"T2",1.15462137576655e-11,5.2309818710552e-10,8.10185185185185e-07,0.126043828795929,9.16047526321921e-08,0.200604983991007
"root12",23,"T3",6.37394694493935e-12,5.2309818710552e-10,8.10185185185185e-07,0.126043828795929,5.05692901098639e-08,0.200604983991007
"root12",23,"T1",1.2506603590597e-11,5.2309818710552e-10,8.10185185185185e-07,0.126043828795929,9.92242437418e-08,0.200604983991007
"root12",23,"T2",1.19531202175428e-11,5.2309818710552e-10,9.25925925925926e-07,0.126043828795929,9.48330460263587e-08,0.200604983991007
"root12",23,"T3",6.43755396558509e-12,5.2309818710552e-10,9.25925925925926e-07,0.126043828795929,5.10739321955047e-08,0.200604983991007
"root12",23,"T1",1.3018615239551e-11,5.2309818710552e-10,9.25925925925926e-07,0.126043828795929,1.03286415240755e-07,0.200604983991007
"root12",23,"T2",1.2319036693809e-11,5.2309818710552e-10,1.04166666666667e-06,0.126043828795929,9.77361352117774e-08,0.200604983991007
"root12",23,"T3",6.49141301765885e-12,5.2309818710552e-10,1.04166666666667e-06,0.126043828795929,5.15012363530209e-08,0.200604983991007
"root12",23,"T1",1.34871461454302e-11,5.2309818710552e-10,1.04166666666667e-06,0.126043828795929,1.07003621472548e-07,0.200604983991007
"root12",23,"T2",1.26517731670106e-11,5.2309818710552e-10,1.15740740740741e-06,0.126043828795929,1.00375982607561e-07,0.200604983991007
"root12",23,"T3",6.53794695908347e-12,5.2309818710552e-10,1.15740740740741e-06,0.126043828795929,5.18704249270999e-08,0.200604983991007
"root12",23,"T1",1.39201639877899e-11,5.2309818710552e-10,1.15740740740741e-06,0.126043828795929,1.10439076000518e-07,0.200604983991007
"root12",25,"T2",6.28289768773375e-12,3.086101377699e-10,1.15740740740741e-07,0.121063644004773,5.18974770616193e-08,0.192678773720771
"root12",25,"T3",4.72921177355135e-12,3.086101377699e-10,1.15740740740741e-07,0.121063644004773,3.90638478828946e-08,0.192678773720771
"root12",25,"T1",6.5013649962449e-12,3.086101377699e-10,1.15740740740741e-07,0.121063644004773,5.37020428361514e-08,0.192678773720771
"root12",25,"T2",7.55208065928564e-12,3.086101377699e-10,2.31481481481481e-07,0.121063644004773,6.23810783275935e-08,0.192678773720771
"root12",25,"T3",5.18542895647111e-12,3.086101377699e-10,2.31481481481481e-07,0.121063644004773,4.28322557040053e-08,0.192678773720771
"root12",25,"T1",7.90395517042144e-12,3.086101377699e-10,2.31481481481481e-07,0.121063644004773,6.52876033543962e-08,0.192678773720771
"root12",25,"T2",8.43137489792041e-12,3.086101377699e-10,3.47222222222222e-07,0.121063644004773,6.96441526044598e-08,0.192678773720771
"root12",25,"T3",5.42881193874918e-12,3.086101377699e-10,3.47222222222222e-07,0.121063644004773,4.4842627886991e-08,0.192678773720771
"root12",25,"T1",8.9009180749723e-12,3.086101377699e-10,3.47222222222222e-07,0.121063644004773,7.35226347112216e-08,0.192678773720771
"root12",25,"T2",9.10926940903183e-12,3.086101377699e-10,4.62962962962963e-07,0.121063644004773,7.52436413418441e-08,0.192678773720771
"root12",25,"T3",5.58526876383097e-12,3.086101377699e-10,4.62962962962963e-07,0.121063644004773,4.61349797434708e-08,0.192678773720771
"root12",25,"T1",9.68856422933989e-12,3.086101377699e-10,4.62962962962963e-07,0.121063644004773,8.00286849862037e-08,0.192678773720771
"root12",25,"T2",9.66217926900062e-12,3.086101377699e-10,5.78703703703704e-07,0.121063644004773,7.98107420971046e-08,0.192678773720771
"root12",25,"T3",5.69671224326493e-12,3.086101377699e-10,5.78703703703704e-07,0.121063644004773,4.70555160477438e-08,0.192678773720771
"root12",25,"T1",1.03459884885257e-11,3.086101377699e-10,5.78703703703704e-07,0.121063644004773,8.54590870246547e-08,0.192678773720771
"root12",25,"T2",1.01296455048279e-11,3.086101377699e-10,6.94444444444444e-07,0.121063644004773,8.36720684240146e-08,0.192678773720771
"root12",25,"T3",5.78153030977037e-12,3.086101377699e-10,6.94444444444444e-07,0.121063644004773,4.77561232961271e-08,0.192678773720771
"root12",25,"T1",1.0913914406865e-11,3.086101377699e-10,6.94444444444444e-07,0.121063644004773,9.01502221958125e-08,0.192678773720771
"root12",25,"T2",1.05349896075857e-11,3.086101377699e-10,8.10185185185185e-07,0.121063644004773,8.70202585936566e-08,0.192678773720771
"root12",25,"T3",5.8491561560514e-12,3.086101377699e-10,8.10185185185185e-07,0.121063644004773,4.83147207746431e-08,0.192678773720771
"root12",25,"T1",1.14163058284142e-11,3.086101377699e-10,8.10185185185185e-07,0.121063644004773,9.43000346822879e-08,0.192678773720771
"root12",25,"T2",1.0893161006457e-11,3.086101377699e-10,9.25925925925926e-07,0.121063644004773,8.99787966569681e-08,0.192678773720771
"root12",25,"T3",5.90495934615999e-12,3.086101377699e-10,9.25925925925926e-07,0.121063644004773,4.87756617166354e-08,0.192678773720771
"root12",25,"T1",1.18685217907214e-11,3.086101377699e-10,9.25925925925926e-07,0.121063644004773,9.80353919484987e-08,0.192678773720771
"root12",25,"T2",1.12143192824172e-11,3.086101377699e-10,1.04166666666667e-06,0.121063644004773,9.26316019528961e-08,0.192678773720771
"root12",25,"T3",5.95223503198321e-12,3.086101377699e-10,1.04166666666667e-06,0.121063644004773,4.91661644659279e-08,0.192678773720771
"root12",25,"T1",1.22810149169288e-11,3.086101377699e-10,1.04166666666667e-06,0.121063644004773,1.01442633896305e-07,0.192678773720771
"root12",25,"T2",1.15056778462025e-11,3.086101377699e-10,1.15740740740741e-06,0.121063644004773,9.50382581061985e-08,0.192678773720771
"root12",25,"T3",5.99312472667599e-12,3.086101377699e-10,1.15740740740741e-06,0.121063644004773,4.95039181741441e-08,0.192678773720771
"root12",25,"T1",1.26612253007211e-11,3.086101377699e-10,1.15740740740741e-06,0.121063644004773,1.04583216578397e-07,0.192678773720771
"root12",27,"T2",9.67205789140541e-12,3.16132834780946e-09,1.15740740740741e-07,0.189183564115907,5.11252546520354e-08,0.301094993807891
"root12",27,"T3",7.43446502566208e-12,3.16132834780946e-09,1.15740740740741e-07,0.189183564115907,3.92976264106495e-08,0.301094993807891
"root12",27,"T1",9.98002091982508e-12,3.16132834780946e-09,1.15740740740741e-07,0.189183564115907,5.2753107631013e-08,0.301094993807891
"root12",27,"T2",1.1444320719845e-11,3.16132834780946e-09,2.31481481481481e-07,0.189183564115907,6.04932081353189e-08,0.301094993807891
"root12",27,"T3",8.14074672292661e-12,3.16132834780946e-09,2.31481481481481e-07,0.189183564115907,4.30309406684981e-08,0.301094993807891
"root12",27,"T1",1.19002604913291e-11,3.16132834780946e-09,2.31481481481481e-07,0.189183564115907,6.29032471554354e-08,0.301094993807891
"root12",27,"T2",1.26507500377525e-11,3.16132834780946e-09,3.47222222222222e-07,0.189183564115907,6.68702384209324e-08,0.301094993807891
"root12",27,"T3",8.52430319209246e-12,3.16132834780946e-09,3.47222222222222e-07,0.189183564115907,4.50583708575756e-08,0.301094993807891
"root12",27,"T1",1.32411091905171e-11,3.16132834780946e-09,3.47222222222222e-07,0.189183564115907,6.99908010106243e-08,0.301094993807891
"root12",27,"T2",1.35798335447123e-11,3.16132834780946e-09,4.62962962962963e-07,0.189183564115907,7.17812544032226e-08,0.301094993807891
"root12",27,"T3",8.77780821850233e-12,3.16132834780946e-09,4.62962962962963e-07,0.189183564115907,4.63983658386118e-08,0.301094993807891
"root12",27,"T1",1.42986342596191e-11,3.16132834780946e-09,4.62962962962963e-07,0.189183564115907,7.5580742578984e-08,0.301094993807891
"root12",27,"T2",1.43426168173059e-11,3.16132834780946e-09,5.78703703703704e-07,0.189183564115907,7.58132287248729e-08,0.301094993807891
"root12",27,"T3",8.96448055516258e-12,3.16132834780946e-09,5.78703703703704e-07,0.189183564115907,4.73850918131044e-08,0.301094993807891
"root12",27,"T1",1.51859405700013e-11,3.16132834780946e-09,5.78703703703704e-07,0.189183564115907,8.02709296707053e-08,0.301094993807891
"root12",27,"T2",1.4994154208351e-11,3.16132834780946e-09,6.94444444444444e-07,0.189183564115907,7.92571716175332e-08,0.301094993807891
"root12",27,"T3",9.11161097286675e-12,3.16132834780946e-09,6.94444444444444e-07,0.189183564115907,4.81628042871861e-08,0.301094993807891
"root12",27,"T1",1.59589017359952e-11,3.16132834780946e-09,6.94444444444444e-07,0.189183564115907,8.43567030284811e-08,0.301094993807891
"root12",27,"T2",1.55658840493823e-11,3.16132834780946e-09,8.10185185185185e-07,0.189183564115907,8.22792620602366e-08,0.301094993807891
"root12",27,"T3",9.2330385556515e-12,3.16132834780946e-09,8.10185185185185e-07,0.189183564115907,4.88046548800333e-08,0.301094993807891
"root12",27,"T1",1.66493807684665e-11,3.16132834780946e-09,8.10185185185185e-07,0.189183564115907,8.80064864316964e-08,0.301094993807891
"root12",27,"T2",1.60774734742688e-11,3.16132834780946e-09,9.25925925925926e-07,0.189183564115907,8.49834579943671e-08,0.301094993807891
"root12",27,"T3",9.33658656244388e-12,3.16132834780946e-09,9.25925925925926e-07,0.189183564115907,4.93519963326394e-08,0.301094993807891
"root12",27,"T1",1.727731070233e-11,3.16132834780946e-09,9.25925925925926e-07,0.189183564115907,9.13256433404794e-08,0.301094993807891
"root12",27,"T2",1.65420429903492e-11,3.16132834780946e-09,1.04166666666667e-06,0.189183564115907,8.74391127350491e-08,0.301094993807891
"root12",27,"T3",9.42704210099338e-12,3.16132834780946e-09,1.04166666666667e-06,0.189183564115907,4.98301326811758e-08,0.301094993807891
"root12",27,"T1",1.78560015821185e-11,3.16132834780946e-09,1.04166666666667e-06,0.189183564115907,9.4384528939198e-08,0.301094993807891
"root12",27,"T2",1.69687776292004e-11,3.16132834780946e-09,1.15740740740741e-06,0.189183564115907,8.96947771784452e-08,0.301094993807891
"root12",27,"T3",9.507517844278e-12,3.16132834780946e-09,1.15740740740741e-06,0.189183564115907,5.02555171148643e-08,0.301094993807891
"root12",27,"T1",1.83947856328081e-11,3.16132834780946e-09,1.15740740740741e-06,0.189183564115907,9.72324721694015e-08,0.301094993807891
"root12",28,"T2",1.03156901923166e-11,3.68335608585544e-09,1.15740740740741e-07,0.234111045489167,4.40632357638759e-08,0.372599301220125
"root12",28,"T3",8.78349327946684e-12,3.68335608585544e-09,1.15740740740741e-07,0.234111045489167,3.75184915394061e-08,0.372599301220125
"root12",28,"T1",1.05803973536541e-11,3.68335608585544e-09,1.15740740740741e-07,0.234111045489167,4.51939263760356e-08,0.372599301220125
"root12",28,"T2",1.17473602242149e-11,3.68335608585544e-09,2.31481481481481e-07,0.234111045489167,5.01785817054007e-08,0.372599301220125
"root12",28,"T3",9.52258020237908e-12,3.68335608585544e-09,2.31481481481481e-07,0.234111045489167,4.06754845013057e-08,0.372599301220125
"root12",28,"T1",1.21210036402269e-11,3.68335608585544e-09,2.31481481481481e-07,0.234111045489167,5.17745910488781e-08,0.372599301220125
"root12",28,"T2",1.27379273957552e-11,3.68335608585544e-09,3.47222222222222e-07,0.234111045489167,5.44097668230037e-08,0.372599301220125
"root12",28,"T3",9.9746462880774e-12,3.68335608585544e-09,3.47222222222222e-07,0.234111045489167,4.26064744926311e-08,0.372599301220125
"root12",28,"T1",1.32052448855261e-11,3.68335608585544e-09,3.47222222222222e-07,0.234111045489167,5.64059028395446e-08,0.372599301220125
"root12",28,"T2",1.35265113315491e-11,3.68335608585544e-09,4.62962962962963e-07,0.234111045489167,5.77781851483594e-08,0.372599301220125
"root12",28,"T3",1.03107754967421e-11,3.68335608585544e-09,4.62962962962963e-07,0.234111045489167,4.40422427536388e-08,0.372599301220125
"root12",28,"T1",1.40825780695112e-11,3.68335608585544e-09,4.62962962962963e-07,0.234111045489167,6.01534115576911e-08,0.372599301220125
"root12",28,"T2",1.41982894895932e-11,3.68335608585544e-09,5.78703703703704e-07,0.234111045489167,6.06476702537735e-08,0.372599301220125
"root12",28,"T3",1.05852610219866e-11,3.68335608585544e-09,5.78703703703704e-07,0.234111045489167,4.52147014245699e-08,0.372599301220125
"root12",28,"T1",1.48410931085488e-11,3.68335608585544e-09,5.78703703703704e-07,0.234111045489167,6.33933912752338e-08,0.372599301220125
"root12",28,"T2",1.47933157453422e-11,3.68335608585544e-09,6.94444444444444e-07,0.234111045489167,6.31893113562075e-08,0.372599301220125
"root12",28,"T3",1.08214739172373e-11,3.68335608585544e-09,6.94444444444444e-07,0.234111045489167,4.62236794279662e-08,0.372599301220125
"root12",28,"T1",1.55219019968063e-11,3.68335608585544e-09,6.94444444444444e-07,0.234111045489167,6.63014509391208e-08,0.372599301220125
"root12",28,"T2",1.53335679611252e-11,3.68335608585544e-09,8.10185185185185e-07,0.234111045489167,6.54969863941543e-08,0.372599301220125
"root12",28,"T3",1.10313848478613e-11,3.68335608585544e-09,8.10185185185185e-07,0.234111045489167,4.71203091883667e-08,0.372599301220125
"root12",28,"T1",1.61474270871055e-11,3.68335608585544e-09,8.10185185185185e-07,0.234111045489167,6.89733671188646e-08,0.372599301220125
"root12",28,"T2",1.58323853556042e-11,3.68335608585544e-09,9.25925925925926e-07,0.234111045489167,6.76276735363894e-08,0.372599301220125
"root12",28,"T3",1.12218837897618e-11,3.68335608585544e-09,9.25925925925926e-07,0.234111045489167,4.79340210809534e-08,0.372599301220125
"root12",28,"T1",1.67312090861691e-11,3.68335608585544e-09,9.25925925925926e-07,0.234111045489167,7.14669786349029e-08,0.372599301220125
"root12",28,"T2",1.62984698678778e-11,3.68335608585544e-09,1.04166666666667e-06,0.234111045489167,6.96185429176258e-08,0.372599301220125
"root12",28,"T3",1.139728918378e-11,3.68335608585544e-09,1.04166666666667e-06,0.234111045489167,4.86832612274475e-08,0.372599301220125
"root12",28,"T1",1.72820428033303e-11,3.68335608585544e-09,1.04166666666667e-06,0.234111045489167,7.38198523150414e-08,0.372599301220125
"root12",28,"T2",1.67378177206284e-11,3.68335608585544e-09,1.15740740740741e-06,0.234111045489167,7.14952072665147e-08,0.372599301220125
"root12",28,"T3",1.15604909890144e-11,3.68335608585544e-09,1.15740740740741e-06,0.234111045489167,4.93803740223327e-08,0.372599301220125
"root12",28,"T1",1.78059645958801e-11,3.68335608585544e-09,1.15740740740741e-06,0.234111045489167,7.60577723219984e-08,0.372599301220125
"root12",29,"T2",1.21474537146767e-11,3.91385576576891e-09,1.15740740740741e-07,0.221383004739235,5.48707599708708e-08,0.352341995207857
"root12",29,"T3",9.70462451814892e-12,3.91385576576891e-09,1.15740740740741e-07,0.221383004739235,4.38363574005146e-08,0.352341995207857
"root12",29,"T1",1.25264772391802e-11,3.91385576576891e-09,1.15740740740741e-07,0.221383004739235,5.65828314324988e-08,0.352341995207857
"root12",29,"T2",1.41153558990881e-11,3.91385576576891e-09,2.31481481481481e-07,0.221383004739235,6.37598894084684e-08,0.352341995207857
"root12",29,"T3",1.05320725379732e-11,3.91385576576891e-09,2.31481481481481e-07,0.221383004739235,4.75739885741402e-08,0.352341995207857
"root12",29,"T1",1.46870674437983e-11,3.91385576576891e-09,2.31481481481481e-07,0.221383004739235,6.63423439441434e-08,0.352341995207857
"root12",29,"T2",1.5416135924276e-11,3.91385576576891e-09,3.47222222222222e-07,0.221383004739235,6.96355889759223e-08,0.352341995207857
"root12",29,"T3",1.09760094316056e-11,3.91385576576891e-09,3.47222222222222e-07,0.221383004739235,4.95792775264486e-08,0.352341995207857
"root12",29,"T1",1.61496000489238e-11,3.91385576576891e-09,3.47222222222222e-07,0.221383004739235,7.29486893898936e-08,0.352341995207857
"root12",29,"T2",1.63955990490066e-11,3.91385576576891e-09,4.62962962962963e-07,0.221383004739235,7.40598812827518e-08,0.352341995207857
"root12",29,"T3",1.12666381034432e-11,3.91385576576891e-09,4.62962962962963e-07,0.221383004739235,5.08920642608229e-08,0.352341995207857
"root12",29,"T1",1.72764523465414e-11,3.91385576576891e-09,4.62962962962963e-07,0.221383004739235,7.80387472240302e-08,0.352341995207857
"root12",29,"T2",1.71854006157358e-11,3.91385576576891e-09,5.78703703703704e-07,0.221383004739235,7.76274612225915e-08,0.352341995207857
"root12",29,"T3",1.14786487976052e-11,3.91385576576891e-09,5.78703703703704e-07,0.221383004739235,5.1849728984959e-08,0.352341995207857
"root12",29,"T1",1.82047752698753e-11,3.91385576576891e-09,5.78703703703704e-07,0.221383004739235,8.2232036245594e-08,0.352341995207857
"root12",29,"T2",1.78502321466073e-11,3.91385576576891e-09,6.94444444444444e-07,0.221383004739235,8.06305441902954e-08,0.352341995207857
"root12",29,"T3",1.16443133956578e-11,3.91385576576891e-09,6.94444444444444e-07,0.221383004739235,5.25980456782286e-08,0.352341995207857
"root12",29,"T1",1.90016646990391e-11,3.91385576576891e-09,6.94444444444444e-07,0.221383004739235,8.58316324752255e-08,0.352341995207857
"root12",29,"T2",1.84266741413178e-11,3.91385576576891e-09,8.10185185185185e-07,0.221383004739235,8.32343664457101e-08,0.352341995207857
"root12",29,"T3",1.17800311644328e-11,3.91385576576891e-09,8.10185185185185e-07,0.221383004739235,5.32110907895046e-08,0.352341995207857
"root12",29,"T1",1.970498762669e-11,3.91385576576891e-09,8.10185185185185e-07,0.221383004739235,8.90085833368301e-08,0.352341995207857
"root12",29,"T2",1.8937384443142e-11,3.91385576576891e-09,9.25925925925926e-07,0.221383004739235,8.55412747940979e-08,0.352341995207857
"root12",29,"T3",1.18950827464829e-11,3.91385576576891e-09,9.25925925925926e-07,0.221383004739235,5.37307855248147e-08,0.352341995207857
"root12",29,"T1",2.0338199426693e-11,3.91385576576891e-09,9.25925925925926e-07,0.221383004739235,9.18688381280631e-08,0.352341995207857
"root12",29,"T2",1.93973361129165e-11,3.91385576576891e-09,1.04166666666667e-06,0.221383004739235,8.76189034283116e-08,0.352341995207857
"root12",29,"T3",1.19951448379035e-11,3.91385576576891e-09,1.04166666666667e-06,0.221383004739235,5.41827718529362e-08,0.352341995207857
"root12",29,"T1",2.09168231474226e-11,3.91385576576891e-09,1.04166666666667e-06,0.221383004739235,9.4482515367701e-08,0.352341995207857
"root12",29,"T2",1.98169189548741e-11,3.91385576576891e-09,1.15740740740741e-06,0.221383004739235,8.95141837026569e-08,0.352341995207857
"root12",29,"T3",1.20839015315585e-11,3.91385576576891e-09,1.15740740740741e-06,0.221383004739235,5.45836910371326e-08,0.352341995207857
"root12",29,"T1",2.14516578861899e-11,3.91385576576891e-09,1.15740740740741e-06,0.221383004739235,9.6898395210859e-08,0.352341995207857
"root12",30,"T2",1.15497276390936e-11,9.36129590118954e-09,1.15740740740741e-07,0.282047369240428,4.09496024380508e-08,0.448892330006791
"root12",30,"T3",9.59693130693387e-12,9.36129590118954e-09,1.15740740740741e-07,0.282047369240428,3.40259557562229e-08,0.448892330006791
"root12",30,"T1",1.17989999822313e-11,9.36129590118954e-09,1.15740740740741e-07,0.282047369240428,4.18333984607153e-08,0.448892330006791
"root12",30,"T2",1.32254154656471e-11,9.36129590118954e-09,2.31481481481481e-07,0.282047369240428,4.68907598793208e-08,0.448892330006791
"root12",30,"T3",1.04472597937766e-11,9.36129590118954e-09,2.31481481481481e-07,0.282047369240428,3.70407985790181e-08,0.448892330006791
"root12",30,"T1",1.35732815491283e-11,9.36129590118954e-09,2.31481481481481e-07,0.282047369240428,4.81241203762406e-08,0.448892330006791
"root12",30,"T2",1.44046537764364e-11,9.36129590118954e-09,3.47222222222222e-07,0.282047369240428,5.10717537101272e-08,0.448892330006791
"root12",30,"T3",1.09674106790428e-11,9.36129590118954e-09,3.47222222222222e-07,0.282047369240428,3.88849954834847e-08,0.448892330006791
"root12",30,"T1",1.48464020316113e-11,9.36129590118954e-09,3.47222222222222e-07,0.282047369240428,5.2637973797074e-08,0.448892330006791
"root12",30,"T2",1.53617310789158e-11,9.36129590118954e-09,4.62962962962963e-07,0.282047369240428,5.44650748570565e-08,0.448892330006791
"root12",30,"T3",1.13553363343248e-11,9.36129590118954e-09,4.62962962962963e-07,0.282047369240428,4.02603873416918e-08,0.448892330006791
"root12",30,"T1",1.58976726930253e-11,9.36129590118954e-09,4.62962962962963e-07,0.282047369240428,5.63652578495549e-08,0.448892330006791
"root12",30,"T2",1.61909215178486e-11,9.36129590118954e-09,5.78703703703704e-07,0.282047369240428,5.74049726521181e-08,0.448892330006791
"root12",30,"T3",1.16728191516716e-11,9.36129590118954e-09,5.78703703703704e-07,0.282047369240428,4.13860238551676e-08,0.448892330006791
"root12",30,"T1",1.6822291231474e-11,9.36129590118954e-09,5.78703703703704e-07,0.282047369240428,5.96434963275053e-08,0.448892330006791
"root12",30,"T2",1.69355715083805e-11,9.36129590118954e-09,6.94444444444444e-07,0.282047369240428,6.00451319719418e-08,0.448892330006791
"root12",30,"T3",1.19461433156073e-11,9.36129590118954e-09,6.94444444444444e-07,0.282047369240428,4.2355095698212e-08,0.448892330006791
"root12",30,"T1",1.76637338149066e-11,9.36129590118954e-09,6.94444444444444e-07,0.282047369240428,6.26268341466051e-08,0.448892330006791
"root12",30,"T2",1.7619179006307e-11,9.36129590118954e-09,8.10185185185185e-07,0.282047369240428,6.2468864906475e-08,0.448892330006791
"root12",30,"T3",1.21887186933733e-11,9.36129590118954e-09,8.10185185185185e-07,0.282047369240428,4.3215147605164e-08,0.448892330006791
"root12",30,"T1",1.84454196914103e-11,9.36129590118954e-09,8.10185185185185e-07,0.282047369240428,6.53983043383281e-08,0.448892330006791
"root12",30,"T2",1.8255935724286e-11,9.36129590118954e-09,9.25925925925926e-07,0.282047369240428,6.47264882258977e-08,0.448892330006791
"root12",30,"T3",1.24082827952345e-11,9.36129590118954e-09,9.25925925925926e-07,0.282047369240428,4.3993612947537e-08,0.448892330006791
"root12",30,"T1",1.91814042223493e-11,9.36129590118954e-09,9.25925925925926e-07,0.282047369240428,6.80077402388331e-08,0.448892330006791
"root12",30,"T2",1.88551010378371e-11,9.36129590118954e-09,1.04166666666667e-06,0.282047369240428,6.68508310806626e-08,0.448892330006791
"root12",30,"T3",1.26097200512404e-11,9.36129590118954e-09,1.04166666666667e-06,0.282047369240428,4.47078094902966e-08,0.448892330006791
"root12",30,"T1",1.98808000128494e-11,9.36129590118954e-09,1.04166666666667e-06,0.282047369240428,7.04874506235947e-08,0.448892330006791
"root12",30,"T2",1.94230794215057e-11,9.36129590118954e-09,1.15740740740741e-06,0.282047369240428,6.88646005591661e-08,0.448892330006791
"root12",30,"T3",1.27963328318597e-11,9.36129590118954e-09,1.15740740740741e-06,0.282047369240428,4.53694458002608e-08,0.448892330006791
"root12",30,"T1",2.05498704094986e-11,9.36129590118954e-09,1.15740740740741e-06,0.282047369240428,7.28596422113093e-08,0.448892330006791
"root12",4,"T2",5.40345779365173e-12,3.03644152061153e-11,1.15740740740741e-07,0.129144730404872,4.18403273343926e-08,0.205540222182056
"root12",4,"T3",3.98327210914248e-12,3.03644152061153e-11,1.15740740740741e-07,0.129144730404872,3.08434738038078e-08,0.205540222182056
"root12",4,"T1",5.57757720017029e-12,3.03644152061153e-11,1.15740740740741e-07,0.129144730404872,4.31885775182963e-08,0.205540222182056
"root12",4,"T2",6.58010913786268e-12,3.03644152061153e-11,2.31481481481481e-07,0.129144730404872,5.09514334594519e-08,0.205540222182056
"root12",4,"T3",4.40667641160955e-12,3.03644152061153e-11,2.31481481481481e-07,0.129144730404872,3.41219993862274e-08,0.205540222182056
"root12",4,"T1",6.84728076139948e-12,3.03644152061153e-11,2.31481481481481e-07,0.129144730404872,5.30202102705475e-08,0.205540222182056
"root12",4,"T2",7.40062743555384e-12,3.03644152061153e-11,3.47222222222222e-07,0.129144730404872,5.73049121892367e-08,0.205540222182056
"root12",4,"T3",4.62811397564963e-12,3.03644152061153e-11,3.47222222222222e-07,0.129144730404872,3.5836645917649e-08,0.205540222182056
"root12",4,"T1",7.7536902096599e-12,3.03644152061153e-11,3.47222222222222e-07,0.129144730404872,6.00387656960674e-08,0.205540222182056
"root12",4,"T2",8.0413267923373e-12,3.03644152061153e-11,4.62962962962963e-07,0.129144730404872,6.22660078125336e-08,0.205540222182056
"root12",4,"T3",4.76959446023655e-12,3.03644152061153e-11,4.62962962962963e-07,0.129144730404872,3.69321647525513e-08,0.205540222182056
"root12",4,"T1",8.47648758603731e-12,3.03644152061153e-11,4.62962962962963e-07,0.129144730404872,6.56355668517275e-08,0.205540222182056
"root12",4,"T2",8.57146181723637e-12,3.03644152061153e-11,5.78703703703704e-07,0.129144730404872,6.63709761162118e-08,0.205540222182056
"root12",4,"T3",4.87060649268156e-12,3.03644152061153e-11,5.78703703703704e-07,0.129144730404872,3.77143262246325e-08,0.205540222182056
"root12",4,"T1",9.08593623067859e-12,3.03644152061153e-11,5.78703703703704e-07,0.129144730404872,7.03546803821878e-08,0.205540222182056
"root12",4,"T2",9.02619127266739e-12,3.03644152061153e-11,6.94444444444444e-07,0.129144730404872,6.98920602053994e-08,0.205540222182056
"root12",4,"T3",4.94802258339487e-12,3.03644152061153e-11,6.94444444444444e-07,0.129144730404872,3.83137784087875e-08,0.205540222182056
"root12",4,"T1",9.61767870687227e-12,3.03644152061153e-11,6.94444444444444e-07,0.129144730404872,7.44720955839282e-08,0.205540222182056
"root12",4,"T2",9.42603974974272e-12,3.03644152061153e-11,8.10185185185185e-07,0.129144730404872,7.29881871307629e-08,0.205540222182056
"root12",4,"T3",5.01032479510421e-12,3.03644152061153e-11,8.10185185185185e-07,0.129144730404872,3.87962000415868e-08,0.205540222182056
"root12",4,"T1",1.00925479402178e-11,3.03644152061153e-11,8.10185185185185e-07,0.129144730404872,7.81491270187906e-08,0.205540222182056
"root12",4,"T2",9.78409208845101e-12,3.03644152061153e-11,9.25925925925926e-07,0.129144730404872,7.5760676086261e-08,0.205540222182056
"root12",4,"T3",5.06226903472957e-12,3.03644152061153e-11,9.25925925925926e-07,0.129144730404872,3.91984173017299e-08,0.205540222182056
"root12",4,"T1",1.05238558423492e-11,3.03644152061153e-11,9.25925925925926e-07,0.129144730404872,8.14888521533683e-08,0.205540222182056
"root12",4,"T2",1.01092154761654e-11,3.03644152061153e-11,1.04166666666667e-06,0.129144730404872,7.82781879250729e-08,0.205540222182056
"root12",4,"T3",5.10674181679427e-12,3.03644152061153e-11,1.04166666666667e-06,0.129144730404872,3.9542781194281e-08,0.205540222182056
"root12",4,"T1",1.09206485700544e-11,3.03644152061153e-11,1.04166666666667e-06,0.129144730404872,8.45613176458525e-08,0.205540222182056
"root12",4,"T2",1.04076972280506e-11,3.03644152061153e-11,1.15740740740741e-06,0.129144730404872,8.05894069035739e-08,0.205540222182056
"root12",4,"T3",5.14560437664459e-12,3.03644152061153e-11,1.15740740740741e-06,0.129144730404872,3.9843703730791e-08,0.205540222182056
"root12",4,"T1",1.12893592627393e-11,3.03644152061153e-11,1.15740740740741e-06,0.129144730404872,8.74163369062517e-08,0.205540222182056
"root12",5,"T2",4.93540389063429e-12,3.70192589387271e-11,1.15740740740741e-07,0.111917951638904,4.40984115448972e-08,0.178122952240513
"root12",5,"T3",3.59963926121598e-12,3.70192589387271e-11,1.15740740740741e-07,0.111917951638904,3.21631982046096e-08,0.178122952240513
"root12",5,"T1",5.10862541553376e-12,3.70192589387271e-11,1.15740740740741e-07,0.111917951638904,4.56461661487194e-08,0.178122952240513
"root12",5,"T2",6.04818028841178e-12,3.70192589387271e-11,2.31481481481481e-07,0.111917951638904,5.40411989304972e-08,0.178122952240513
"root12",5,"T3",4.00455070037961e-12,3.70192589387271e-11,2.31481481481481e-07,0.111917951638904,3.5781129316055e-08,0.178122952240513
"root12",5,"T1",6.32293636862902e-12,3.70192589387271e-11,2.31481481481481e-07,0.111917951638904,5.64961766726178e-08,0.178122952240513
"root12",5,"T2",6.82416166367905e-12,3.70192589387271e-11,3.47222222222222e-07,0.111917951638904,6.0974683361761e-08,0.178122952240513
"root12",5,"T3",4.21785555652176e-12,3.70192589387271e-11,3.47222222222222e-07,0.111917951638904,3.76870331770403e-08,0.178122952240513
"root12",5,"T1",7.19165423721275e-12,3.70192589387271e-11,3.47222222222222e-07,0.111917951638904,6.42582725282192e-08,0.178122952240513
"root12",5,"T2",7.4281916224043e-12,3.70192589387271e-11,4.62962962962963e-07,0.111917951638904,6.63717617560664e-08,0.178122952240513
"root12",5,"T3",4.35345260734781e-12,3.70192589387271e-11,4.62962962962963e-07,0.111917951638904,3.88986087003624e-08,0.178122952240513
"root12",5,"T1",7.88375062184034e-12,3.70192589387271e-11,4.62962962962963e-07,0.111917951638904,7.04422347477977e-08,0.178122952240513
"root12",5,"T2",7.92629571481051e-12,3.70192589387271e-11,5.78703703703704e-07,0.111917951638904,7.08223801341914e-08,0.178122952240513
"root12",5,"T3",4.44927079216978e-12,3.70192589387271e-11,5.78703703703704e-07,0.111917951638904,3.97547553990719e-08,0.178122952240513
"root12",5,"T1",8.4665377285212e-12,3.70192589387271e-11,5.78703703703704e-07,0.111917951638904,7.56495057722101e-08,0.178122952240513
"root12",5,"T2",8.35220461947426e-12,3.70192589387271e-11,6.94444444444444e-07,0.111917951638904,7.46279260580296e-08,0.178122952240513
"root12",5,"T3",4.52178891441916e-12,3.70192589387271e-11,6.94444444444444e-07,0.111917951638904,4.04027133109836e-08,0.178122952240513
"root12",5,"T1",8.97436097063504e-12,3.70192589387271e-11,6.94444444444444e-07,0.111917951638904,8.01869658907825e-08,0.178122952240513
"root12",5,"T2",8.72563029036739e-12,3.70192589387271e-11,8.10185185185185e-07,0.111917951638904,7.79645281439752e-08,0.178122952240513
"root12",5,"T3",4.57937503106416e-12,3.70192589387271e-11,8.10185185185185e-07,0.111917951638904,4.09172520047473e-08,0.178122952240513
"root12",5,"T1",9.4273186979819e-12,3.70192589387271e-11,8.10185185185185e-07,0.111917951638904,8.4234196211869e-08,0.178122952240513
"root12",5,"T2",9.05912828961918e-12,3.70192589387271e-11,9.25925925925926e-07,0.111917951638904,8.09443718095187e-08,0.178122952240513
"root12",5,"T3",4.62674987791881e-12,3.70192589387271e-11,9.25925925925926e-07,0.111917951638904,4.13405518075127e-08,0.178122952240513
"root12",5,"T1",9.83824734142331e-12,3.70192589387271e-11,9.25925925925926e-07,0.111917951638904,8.79058917479635e-08,0.178122952240513
"root12",5,"T2",9.36119417346335e-12,3.70192589387271e-11,1.04166666666667e-06,0.111917951638904,8.36433658441734e-08,0.178122952240513
"root12",5,"T3",4.66678864114782e-12,3.70192589387271e-11,1.04166666666667e-06,0.111917951638904,4.1698302844256e-08,0.178122952240513
"root12",5,"T1",1.02158615418241e-11,3.70192589387271e-11,1.04166666666667e-06,0.111917951638904,9.12799188354061e-08,0.178122952240513
"root12",5,"T2",9.6378421362526e-12,3.70192589387271e-11,1.15740740740741e-06,0.111917951638904,8.61152477785554e-08,0.178122952240513
"root12",5,"T3",4.70134825432626e-12,3.70192589387271e-11,1.15740740740741e-06,0.111917951638904,4.20070970338597e-08,0.178122952240513
"root12",5,"T1",1.056635255275e-11,3.70192589387271e-11,1.15740740740741e-06,0.111917951638904,9.44115970496104e-08,0.178122952240513
"root12",6,"T2",5.28413634314647e-12,3.35549870507266e-11,1.15740740740741e-07,0.131534255799641,4.01730812328882e-08,0.209343269964267
"root12",6,"T3",3.87759985343502e-12,3.35549870507266e-11,1.15740740740741e-07,0.131534255799641,2.94797718652208e-08,0.209343269964267
"root12",6,"T1",5.44272425766649e-12,3.35549870507266e-11,1.15740740740741e-07,0.131534255799641,4.13787588988005e-08,0.209343269964267
"root12",6,"T2",6.42948381170816e-12,3.35549870507266e-11,2.31481481481481e-07,0.131534255799641,4.88806795813088e-08,0.209343269964267
"root12",6,"T3",4.29341447564309e-12,3.35549870507266e-11,2.31481481481481e-07,0.131534255799641,3.2641036736339e-08,0.209343269964267
"root12",6,"T1",6.67184520367638e-12,3.35549870507266e-11,2.31481481481481e-07,0.131534255799641,5.07232520009027e-08,0.209343269964267
"root12",6,"T2",7.23115909331156e-12,3.35549870507266e-11,3.47222222222222e-07,0.131534255799641,5.49754818571855e-08,0.209343269964267
"root12",6,"T3",4.51441665168169e-12,3.35549870507266e-11,3.47222222222222e-07,0.131534255799641,3.43212239597741e-08,0.209343269964267
"root12",6,"T1",7.55133617700577e-12,3.35549870507266e-11,3.47222222222222e-07,0.131534255799641,5.74096544744079e-08,0.209343269964267
"root12",6,"T2",7.86003713955588e-12,3.35549870507266e-11,4.62962962962963e-07,0.131534255799641,5.97565789365825e-08,0.209343269964267
"root12",6,"T3",4.65759433251767e-12,3.35549870507266e-11,4.62962962962963e-07,0.131534255799641,3.54097440564253e-08,0.209343269964267
"root12",6,"T1",8.25516418928933e-12,3.35549870507266e-11,4.62962962962963e-07,0.131534255799641,6.27605648361593e-08,0.209343269964267
"root12",6,"T2",8.38294465755112e-12,3.35549870507266e-11,5.78703703703704e-07,0.131534255799641,6.37320263576083e-08,0.209343269964267
"root12",6,"T3",4.76104625325346e-12,3.35549870507266e-11,5.78703703703704e-07,0.131534255799641,3.61962457939907e-08,0.209343269964267
"root12",6,"T1",8.85104538775445e-12,3.35549870507266e-11,5.78703703703704e-07,0.131534255799641,6.72908006659251e-08,0.209343269964267
"root12",6,"T2",8.83365640368838e-12,3.35549870507266e-11,6.94444444444444e-07,0.131534255799641,6.71585994841086e-08,0.209343269964267
"root12",6,"T3",4.84114726962263e-12,3.35549870507266e-11,6.94444444444444e-07,0.131534255799641,3.68052203602147e-08,0.209343269964267
"root12",6,"T1",9.37314599534201e-12,3.35549870507266e-11,6.94444444444444e-07,0.131534255799641,7.12601134841985e-08,0.209343269964267
"root12",6,"T2",9.23181741856383e-12,3.35549870507266e-11,8.10185185185185e-07,0.131534255799641,7.01856513532577e-08,0.209343269964267
"root12",6,"T3",4.90617424535629e-12,3.35549870507266e-11,8.10185185185185e-07,0.131534255799641,3.7299593292485e-08,0.209343269964267
"root12",6,"T1",9.8413377058694e-12,3.35549870507266e-11,8.10185185185185e-07,0.131534255799641,7.48195794779132e-08,0.209343269964267
"root12",6,"T2",9.58991871139021e-12,3.35549870507266e-11,9.25925925925926e-07,0.131534255799641,7.29081458901323e-08,0.209343269964267
"root12",6,"T3",4.9607921360142e-12,3.35549870507266e-11,9.25925925925926e-07,0.131534255799641,3.77148302991937e-08,0.209343269964267
"root12",6,"T1",1.02682659722489e-11,3.35549870507266e-11,9.25925925925926e-07,0.131534255799641,7.80653367430764e-08,0.209343269964267
"root12",6,"T2",9.91641014837471e-12,3.35549870507266e-11,1.04166666666667e-06,0.131534255799641,7.5390323897676e-08,0.209343269964267
"root12",6,"T3",5.00784659862817e-12,3.35549870507266e-11,1.04166666666667e-06,0.131534255799641,3.8072565722015e-08,0.209343269964267
"root12",6,"T1",1.06624958336193e-11,3.35549870507266e-11,1.04166666666667e-06,0.131534255799641,8.10625016943182e-08,0.209343269964267
"root12",6,"T2",1.02172769327808e-11,3.35549870507266e-11,1.15740740740741e-06,0.131534255799641,7.76776883760552e-08,0.209343269964267
"root12",6,"T3",5.04918173859535e-12,3.35549870507266e-11,1.15740740740741e-06,0.131534255799641,3.83868195239307e-08,0.209343269964267
"root12",6,"T1",1.10301028098728e-11,3.35549870507266e-11,1.15740740740741e-06,0.131534255799641,8.38572639714049e-08,0.209343269964267
"root12",8,"T2",5.50671827172706e-12,1.17189740352263e-10,1.15740740740741e-07,0.126484444903965,4.35367232382457e-08,0.201306246307005
"root12",8,"T3",4.02973365708572e-12,1.17189740352263e-10,1.15740740740741e-07,0.126484444903965,3.18595196440586e-08,0.201306246307005
"root12",8,"T1",5.67445382616676e-12,1.17189740352263e-10,1.15740740740741e-07,0.126484444903965,4.48628590691541e-08,0.201306246307005
"root12",8,"T2",6.6933081791824e-12,1.17189740352263e-10,2.31481481481481e-07,0.126484444903965,5.291803418408e-08,0.201306246307005
"root12",8,"T3",4.45751707052908e-12,1.17189740352263e-10,2.31481481481481e-07,0.126484444903965,3.52416225877697e-08,0.201306246307005
"root12",8,"T1",6.95504836853195e-12,1.17189740352263e-10,2.31481481481481e-07,0.126484444903965,5.49873810476273e-08,0.201306246307005
"root12",8,"T2",7.52446258335139e-12,1.17189740352263e-10,3.47222222222222e-07,0.126484444903965,5.94892327595258e-08,0.201306246307005
"root12",8,"T3",4.68758437817549e-12,1.17189740352263e-10,3.47222222222222e-07,0.126484444903965,3.70605601482032e-08,0.201306246307005
"root12",8,"T1",7.87392697386433e-12,1.17189740352263e-10,3.47222222222222e-07,0.126484444903965,6.22521368524226e-08,0.201306246307005
"root12",8,"T2",8.17500828355076e-12,1.17189740352263e-10,4.62962962962963e-07,0.126484444903965,6.46325189611873e-08,0.201306246307005
"root12",8,"T3",4.83662496747282e-12,1.17189740352263e-10,4.62962962962963e-07,0.126484444903965,3.82388915185981e-08,0.201306246307005
"root12",8,"T1",8.60965982979963e-12,1.17189740352263e-10,4.62962962962963e-07,0.126484444903965,6.80689221218991e-08,0.201306246307005
"root12",8,"T2",8.71440345331652e-12,1.17189740352263e-10,5.78703703703704e-07,0.126484444903965,6.88970367852984e-08,0.201306246307005
"root12",8,"T3",4.94374511396106e-12,1.17189740352263e-10,5.78703703703704e-07,0.126484444903965,3.90857952352534e-08,0.201306246307005
"root12",8,"T1",9.23262713679221e-12,1.17189740352263e-10,5.78703703703704e-07,0.126484444903965,7.29941704990065e-08,0.201306246307005
"root12",8,"T2",9.17789127818005e-12,1.17189740352263e-10,6.94444444444444e-07,0.126484444903965,7.25614227516157e-08,0.201306246307005
"root12",8,"T3",5.02603707703189e-12,1.17189740352263e-10,6.94444444444444e-07,0.126484444903965,3.97364045898922e-08,0.201306246307005
"root12",8,"T1",9.77837163997788e-12,1.17189740352263e-10,6.94444444444444e-07,0.126484444903965,7.73088868548401e-08,0.201306246307005
"root12",8,"T2",9.58597901032292e-12,1.17189740352263e-10,8.10185185185185e-07,0.126484444903965,7.57878094622719e-08,0.201306246307005
"root12",8,"T3",5.09223333715287e-12,1.17189740352263e-10,8.10185185185185e-07,0.126484444903965,4.02597595381726e-08,0.201306246307005
"root12",8,"T1",1.02675189988407e-11,1.17189740352263e-10,8.10185185185185e-07,0.126484444903965,8.11761399327516e-08,0.201306246307005
"root12",8,"T2",9.95170428127036e-12,1.17189740352263e-10,9.25925925925926e-07,0.126484444903965,7.86792738729757e-08,0.201306246307005
"root12",8,"T3",5.14729249710227e-12,1.17189740352263e-10,9.25925925925926e-07,0.126484444903965,4.06950633416656e-08,0.201306246307005
"root12",8,"T1",1.07131628997111e-11,1.17189740352263e-10,9.25925925925926e-07,0.126484444903965,8.46994498639352e-08,0.201306246307005
"root12",8,"T2",1.02838902871786e-11,1.17189740352263e-10,1.04166666666667e-06,0.126484444903965,8.13055731476451e-08,0.201306246307005
"root12",8,"T3",5.19425616619544e-12,1.17189740352263e-10,1.04166666666667e-06,0.126484444903965,4.10663632997659e-08,0.201306246307005
"root12",8,"T1",1.11241587633551e-11,1.17189740352263e-10,1.04166666666667e-06,0.126484444903965,8.79488285836358e-08,0.201306246307005
"root12",8,"T2",1.05887943276507e-11,1.17189740352263e-10,1.15740740740741e-06,0.126484444903965,8.37161781884748e-08,0.201306246307005
"root12",8,"T3",5.23510390058171e-12,1.17189740352263e-10,1.15740740740741e-06,0.126484444903965,4.1389310002163e-08,0.201306246307005
"root12",8,"T1",1.15067864853718e-11,1.17189740352263e-10,1.15740740740741e-06,0.126484444903965,9.09739256404889e-08,0.201306246307005
"root13",1,"T2",4.8186233606202e-12,5.86088896431095e-12,1.15740740740741e-07,0.106660751886265,4.51770991241316e-08,0.169755858965973
"root13",1,"T3",3.51928924725155e-12,5.86088896431095e-12,1.15740740740741e-07,0.106660751886265,3.29951663101368e-08,0.169755858965973
"root13",1,"T1",4.99582176342632e-12,5.86088896431095e-12,1.15740740740741e-07,0.106660751886265,4.68384262728008e-08,0.169755858965973
"root13",1,"T2",5.93961384793769e-12,5.86088896431095e-12,2.31481481481481e-07,0.106660751886265,5.56869677261534e-08,0.169755858965973
"root13",1,"T3",3.91111121185439e-12,5.86088896431095e-12,2.31481481481481e-07,0.106660751886265,3.66687009297e-08,0.169755858965973
"root13",1,"T1",6.22220994953262e-12,5.86088896431095e-12,2.31481481481481e-07,0.106660751886265,5.83364530953946e-08,0.169755858965973
"root13",1,"T2",6.73178757205329e-12,5.86088896431095e-12,3.47222222222222e-07,0.106660751886265,6.31140082270521e-08,0.169755858965973
"root13",1,"T3",4.11873194382073e-12,5.86088896431095e-12,3.47222222222222e-07,0.106660751886265,3.86152532302851e-08,0.169755858965973
"root13",1,"T1",7.11111592016313e-12,5.86088896431095e-12,3.47222222222222e-07,0.106660751886265,6.667040869678e-08,0.169755858965973
"root13",1,"T2",7.35089433375124e-12,5.86088896431095e-12,4.62962962962963e-07,0.106660751886265,6.89184559807874e-08,0.169755858965973
"root13",1,"T3",4.25088993903993e-12,5.86088896431095e-12,4.62962962962963e-07,0.106660751886265,3.98543031421038e-08,0.169755858965973
"root13",1,"T1",7.82235335754774e-12,5.86088896431095e-12,4.62962962962963e-07,0.106660751886265,7.33386294322105e-08,0.169755858965973
"root13",1,"T2",7.86088656813049e-12,5.86088896431095e-12,5.78703703703704e-07,0.106660751886265,7.36998983141685e-08,0.169755858965973
"root13",1,"T3",4.34416816201143e-12,5.86088896431095e-12,5.78703703703704e-07,0.106660751886265,4.07288349761844e-08,0.169755858965973
"root13",1,"T1",8.42099731653652e-12,5.86088896431095e-12,5.78703703703704e-07,0.106660751886265,7.89512277722928e-08,0.169755858965973
"root13",1,"T2",8.29521816823981e-12,5.86088896431095e-12,6.94444444444444e-07,0.106660751886265,7.77719828666237e-08,0.169755858965973
"root13",1,"T3",4.41458171119017e-12,5.86088896431095e-12,6.94444444444444e-07,0.106660751886265,4.13889986065123e-08,0.169755858965973
"root13",1,"T1",8.94098476366904e-12,5.86088896431095e-12,6.94444444444444e-07,0.106660751886265,8.38263804215728e-08,0.169755858965973
"root13",1,"T2",8.67385843289602e-12,5.86088896431095e-12,8.10185185185185e-07,0.106660751886265,8.13219321962513e-08,0.169755858965973
"root13",1,"T3",4.4703083765153e-12,5.86088896431095e-12,8.10185185185185e-07,0.106660751886265,4.19114650652575e-08,0.169755858965973
"root13",1,"T1",9.40258523768188e-12,5.86088896431095e-12,8.10185185185185e-07,0.106660751886265,8.81541248434859e-08,0.169755858965973
"root13",1,"T2",9.00976412027992e-12,5.86088896431095e-12,9.25925925925926e-07,0.106660751886265,8.44712226469888e-08,0.169755858965973
"root13",1,"T3",4.51598047695534e-12,5.86088896431095e-12,9.25925925925926e-07,0.106660751886265,4.2339664751012e-08,0.169755858965973
"root13",1,"T1",9.81898646432669e-12,5.86088896431095e-12,9.25925925925926e-07,0.106660751886265,9.20581028230227e-08,0.169755858965973
"root13",1,"T2",9.31184214734401e-12,5.86088896431095e-12,1.04166666666667e-06,0.106660751886265,8.7303361195817e-08,0.169755858965973
"root13",1,"T3",4.55442791588708e-12,5.86088896431095e-12,1.04166666666667e-06,0.106660751886265,4.27001294791507e-08,0.169755858965973
"root13",1,"T1",1.019929005613e-11,5.86088896431095e-12,1.04166666666667e-06,0.106660751886265,9.56236467093889e-08,0.169755858965973
"root13",1,"T2",9.58648289049813e-12,5.86088896431095e-12,1.15740740740741e-06,0.106660751886265,8.98782609438234e-08,0.169755858965973
"root13",1,"T3",4.58748245107698e-12,5.86088896431095e-12,1.15740740740741e-06,0.106660751886265,4.30100329310329e-08,0.169755858965973
"root13",1,"T1",1.0550056165454e-11,5.86088896431095e-12,1.15740740740741e-06,0.106660751886265,9.89122613414895e-08,0.169755858965973
"root13",10,"T2",6.51067726437875e-12,3.40940537022722e-10,1.15740740740741e-07,0.146648387057081,4.43965146500013e-08,0.23339815696588
"root13",10,"T3",4.80204250529292e-12,3.40940537022722e-10,1.15740740740741e-07,0.146648387057081,3.27452800651928e-08,0.23339815696588
"root13",10,"T1",6.69798538124671e-12,3.40940537022722e-10,1.15740740740741e-07,0.146648387057081,4.56737746364684e-08,0.23339815696588
"root13",10,"T2",7.87789036772364e-12,3.40940537022722e-10,2.31481481481481e-07,0.146648387057081,5.37195841414694e-08,0.23339815696588
"root13",10,"T3",5.29720524025116e-12,3.40940537022722e-10,2.31481481481481e-07,0.146648387057081,3.61218104512073e-08,0.23339815696588
"root13",10,"T1",8.16722532807003e-12,3.40940537022722e-10,2.31481481481481e-07,0.146648387057081,5.56925684078001e-08,0.23339815696588
"root13",10,"T2",8.8395486356057e-12,3.40940537022722e-10,3.47222222222222e-07,0.146648387057081,6.02771623540941e-08,0.23339815696588
"root13",10,"T3",5.56499605117977e-12,3.40940537022722e-10,3.47222222222222e-07,0.146648387057081,3.79478844797227e-08,0.23339815696588
"root13",10,"T1",9.22593718607667e-12,3.40940537022722e-10,3.47222222222222e-07,0.146648387057081,6.29119581280194e-08,0.23339815696588
"root13",10,"T2",9.59659932825055e-12,3.40940537022722e-10,4.62962962962963e-07,0.146648387057081,6.54395150252501e-08,0.23339815696588
"root13",10,"T3",5.74016510331753e-12,3.40940537022722e-10,4.62962962962963e-07,0.146648387057081,3.91423677989942e-08,0.23339815696588
"root13",10,"T1",1.00788262861268e-11,3.40940537022722e-10,4.62962962962963e-07,0.146648387057081,6.87278359372872e-08,0.23339815696588
"root13",10,"T2",1.0227655407787e-11,3.40940537022722e-10,5.78703703703704e-07,0.146648387057081,6.97427064356736e-08,0.23339815696588
"root13",10,"T3",5.86735464617865e-12,3.40940537022722e-10,5.78703703703704e-07,0.146648387057081,4.00096773235893e-08,0.23339815696588
"root13",10,"T1",1.08051526754258e-11,3.40940537022722e-10,5.78703703703704e-07,0.146648387057081,7.3680678609987e-08,0.23339815696588
"root13",10,"T2",1.07723143349222e-11,3.40940537022722e-10,6.94444444444444e-07,0.146648387057081,7.3456752925139e-08,0.23339815696588
"root13",10,"T3",5.96598460800789e-12,3.40940537022722e-10,6.94444444444444e-07,0.146648387057081,4.06822381598081e-08,0.23339815696588
"root13",10,"T1",1.14445533258303e-11,3.40940537022722e-10,6.94444444444444e-07,0.146648387057081,7.80407719136772e-08,0.23339815696588
"root13",10,"T2",1.12535580225325e-11,3.40940537022722e-10,8.10185185185185e-07,0.146648387057081,7.67383688860638e-08,0.23339815696588
"root13",10,"T3",6.04596976217557e-12,3.40940537022722e-10,8.10185185185185e-07,0.146648387057081,4.12276594615545e-08,0.23339815696588
"root13",10,"T1",1.20199142268597e-11,3.40940537022722e-10,8.10185185185185e-07,0.146648387057081,8.196417613636e-08,0.23339815696588
"root13",10,"T2",1.16860039751711e-11,3.40940537022722e-10,9.25925925925926e-07,0.146648387057081,7.96872315453596e-08,0.23339815696588
"root13",10,"T3",6.11295102525798e-12,3.40940537022722e-10,9.25925925925926e-07,0.146648387057081,4.16844068177756e-08,0.23339815696588
"root13",10,"T1",1.25457375043805e-11,3.40940537022722e-10,9.25925925925926e-07,0.146648387057081,8.55497817340278e-08,0.23339815696588
"root13",10,"T2",1.20795687429345e-11,3.40940537022722e-10,1.04166666666667e-06,0.146648387057081,8.23709621724831e-08,0.23339815696588
"root13",10,"T3",6.17040158242864e-12,3.40940537022722e-10,1.04166666666667e-06,0.146648387057081,4.20761639882674e-08,0.23339815696588
"root13",10,"T1",1.30318359842083e-11,3.40940537022722e-10,1.04166666666667e-06,0.146648387057081,8.8864502676977e-08,0.23339815696588
"root13",10,"T2",1.24413115778593e-11,3.40940537022722e-10,1.15740740740741e-06,0.146648387057081,8.48376980308464e-08,0.23339815696588
"root13",10,"T3",6.22059323156891e-12,3.40940537022722e-10,1.15740740740741e-06,0.146648387057081,4.24184224347972e-08,0.23339815696588
"root13",10,"T1",1.34851839975989e-11,3.40940537022722e-10,1.15740740740741e-06,0.146648387057081,9.19558971511224e-08,0.23339815696588
"root13",12,"T2",5.42011214942129e-12,1.10005048240342e-10,1.15740740740741e-07,0.126145069795003,4.29672928020846e-08,0.200766114045469
"root13",12,"T3",3.97471507231399e-12,1.10005048240342e-10,1.15740740740741e-07,0.126145069795003,3.15090798140051e-08,0.200766114045469
"root13",12,"T1",5.58655073038227e-12,1.10005048240342e-10,1.15740740740741e-07,0.126145069795003,4.42867148074904e-08,0.200766114045469
"root13",12,"T2",6.58305367611687e-12,1.10005048240342e-10,2.31481481481481e-07,0.126145069795003,5.2186373092622e-08,0.200766114045469
"root13",12,"T3",4.40387258602572e-12,1.10005048240342e-10,2.31481481481481e-07,0.126145069795003,3.49111748337244e-08,0.200766114045469
"root13",12,"T1",6.84081869516212e-12,1.10005048240342e-10,2.31481481481481e-07,0.126145069795003,5.42297745467109e-08,0.200766114045469
"root13",12,"T2",7.39493802274008e-12,1.10005048240342e-10,3.47222222222222e-07,0.126145069795003,5.86224894461394e-08,0.200766114045469
"root13",12,"T3",4.6344285521049e-12,1.10005048240342e-10,3.47222222222222e-07,0.126145069795003,3.6738879764673e-08,0.200766114045469
"root13",12,"T1",7.73674432752754e-12,1.10005048240342e-10,3.47222222222222e-07,0.126145069795003,6.13321181723586e-08,0.200766114045469
"root13",12,"T2",8.0306613973374e-12,1.10005048240342e-10,4.62962962962963e-07,0.126145069795003,6.36621106983249e-08,0.200766114045469
"root13",12,"T3",4.78393491784688e-12,1.10005048240342e-10,4.62962962962963e-07,0.126145069795003,3.79240736528285e-08,0.200766114045469
"root13",12,"T1",8.45355023378488e-12,1.10005048240342e-10,4.62962962962963e-07,0.126145069795003,6.70145115264723e-08,0.200766114045469
"root13",12,"T2",8.55895067556247e-12,1.10005048240342e-10,5.78703703703704e-07,0.126145069795003,6.78500609613323e-08,0.200766114045469
"root13",12,"T3",4.8915853015261e-12,1.10005048240342e-10,5.78703703703704e-07,0.126145069795003,3.87774592338437e-08,0.200766114045469
"root13",12,"T1",9.06115150684353e-12,1.10005048240342e-10,5.78703703703704e-07,0.126145069795003,7.18311981718248e-08,0.200766114045469
"root13",12,"T2",9.01435419508188e-12,1.10005048240342e-10,6.94444444444444e-07,0.126145069795003,7.14602180626719e-08,0.200766114045469
"root13",12,"T3",4.97446893300912e-12,1.10005048240342e-10,6.94444444444444e-07,0.126145069795003,3.94345093398662e-08,0.200766114045469
"root13",12,"T1",9.59454363568504e-12,1.10005048240342e-10,6.94444444444444e-07,0.126145069795003,7.605960067466e-08,0.200766114045469
"root13",12,"T2",9.41680979319849e-12,1.10005048240342e-10,8.10185185185185e-07,0.126145069795003,7.46506368302911e-08,0.200766114045469
"root13",12,"T3",5.04130353319021e-12,1.10005048240342e-10,8.10185185185185e-07,0.126145069795003,3.99643326638352e-08,0.200766114045469
"root13",12,"T1",1.00738721272462e-11,1.10005048240342e-10,8.10185185185185e-07,0.126145069795003,7.98594201391873e-08,0.200766114045469
"root13",12,"T2",9.77890180593536e-12,1.10005048240342e-10,9.25925925925926e-07,0.126145069795003,7.75210780875301e-08,0.200766114045469
"root13",12,"T3",5.09703384383707e-12,1.10005048240342e-10,9.25925925925926e-07,0.126145069795003,4.04061280565321e-08,0.200766114045469
"root13",12,"T1",1.05118332590391e-11,1.10005048240342e-10,9.25925925925926e-07,0.126145069795003,8.33313047915528e-08,0.200766114045469
"root13",12,"T2",1.01090935386278e-11,1.10005048240342e-10,1.04166666666667e-06,0.126145069795003,8.01386336783196e-08,0.200766114045469
"root13",12,"T3",5.14469034979571e-12,1.10005048240342e-10,1.04166666666667e-06,0.126145069795003,4.07839193252363e-08,0.200766114045469
"root13",12,"T1",1.09169576516595e-11,1.10005048240342e-10,1.04166666666667e-06,0.126145069795003,8.65428801093892e-08,0.200766114045469
"root13",12,"T2",1.04133550312404e-11,1.10005048240342e-10,1.15740740740741e-06,0.126145069795003,8.25506303826464e-08,0.200766114045469
"root13",12,"T3",5.18624401921579e-12,1.10005048240342e-10,1.15740740740741e-06,0.126145069795003,4.11133310849477e-08,0.200766114045469
"root13",12,"T1",1.1295259398887e-11,1.10005048240342e-10,1.15740740740741e-06,0.126145069795003,8.95418221040493e-08,0.200766114045469
"root13",13,"T2",6.34450283158755e-12,5.19412237436215e-11,1.15740740740741e-07,0.164492953388824,3.85700584789829e-08,0.261798666356161
"root13",13,"T3",4.8420321857183e-12,5.19412237436215e-11,1.15740740740741e-07,0.164492953388824,2.94361070548282e-08,0.261798666356161
"root13",13,"T1",6.50785806630637e-12,5.19412237436215e-11,1.15740740740741e-07,0.164492953388824,3.95631419597852e-08,0.261798666356161
"root13",13,"T2",7.49913249291444e-12,5.19412237436215e-11,2.31481481481481e-07,0.164492953388824,4.55893844594558e-08,0.261798666356161
"root13",13,"T3",5.30821615522641e-12,5.19412237436215e-11,2.31481481481481e-07,0.164492953388824,3.22701735598302e-08,0.261798666356161
"root13",13,"T1",7.73571302924088e-12,5.19412237436215e-11,2.31481481481481e-07,0.164492953388824,4.70276256208703e-08,0.261798666356161
"root13",13,"T2",8.28424167744664e-12,5.19412237436215e-11,3.47222222222222e-07,0.164492953388824,5.03622891241096e-08,0.261798666356161
"root13",13,"T3",5.56192372630698e-12,5.19412237436215e-11,3.47222222222222e-07,0.164492953388824,3.38125348941839e-08,0.261798666356161
"root13",13,"T1",8.58760529972602e-12,5.19412237436215e-11,3.47222222222222e-07,0.164492953388824,5.22065238832868e-08,0.261798666356161
"root13",13,"T2",8.89214191164889e-12,5.19412237436215e-11,4.62962962962963e-07,0.164492953388824,5.40578895840595e-08,0.261798666356161
"root13",13,"T3",5.73075546963399e-12,5.19412237436215e-11,4.62962962962963e-07,0.164492953388824,3.48389116467973e-08,0.261798666356161
"root13",13,"T1",9.25938145054562e-12,5.19412237436215e-11,4.62962962962963e-07,0.164492953388824,5.62904444220084e-08,0.261798666356161
"root13",13,"T2",9.39506362024828e-12,5.19412237436215e-11,5.78703703703704e-07,0.164492953388824,5.71152953770639e-08,0.261798666356161
"root13",13,"T3",5.85600965065433e-12,5.19412237436215e-11,5.78703703703704e-07,0.164492953388824,3.56003678577772e-08,0.261798666356161
"root13",13,"T1",9.82433120788967e-12,5.19412237436215e-11,5.78703703703704e-07,0.164492953388824,5.97249365732231e-08,0.261798666356161
"root13",13,"T2",9.82821987977219e-12,5.19412237436215e-11,6.94444444444444e-07,0.164492953388824,5.97485769286451e-08,0.261798666356161
"root13",13,"T3",5.95541401419304e-12,5.19412237436215e-11,6.94444444444444e-07,0.164492953388824,3.62046755894509e-08,0.261798666356161
"root13",13,"T1",1.03181254749706e-11,5.19412237436215e-11,6.94444444444444e-07,0.164492953388824,6.27268540226211e-08,0.261798666356161
"root13",13,"T2",1.02114749684908e-11,5.19412237436215e-11,8.10185185185185e-07,0.164492953388824,6.20784949027765e-08,0.261798666356161
"root13",13,"T3",6.03794251949552e-12,5.19412237436215e-11,8.10185185185185e-07,0.164492953388824,3.67063901225191e-08,0.261798666356161
"root13",13,"T1",1.07608731641265e-11,5.19412237436215e-11,8.10185185185185e-07,0.164492953388824,6.54184446350736e-08,0.261798666356161
"root13",13,"T2",1.05571460139401e-11,5.19412237436215e-11,9.25925925925926e-07,0.164492953388824,6.41799286622653e-08,0.261798666356161
"root13",13,"T3",6.10867096850767e-12,5.19412237436215e-11,9.25925925925926e-07,0.164492953388824,3.71363687176809e-08,0.261798666356161
"root13",13,"T1",1.11650414557273e-11,5.19412237436215e-11,9.25925925925926e-07,0.164492953388824,6.78754999877454e-08,0.261798666356161
"root13",13,"T2",1.0873399072919e-11,5.19412237436215e-11,1.04166666666667e-06,0.164492953388824,6.61025220163491e-08,0.261798666356161
"root13",13,"T3",6.17071181549319e-12,5.19412237436215e-11,1.04166666666667e-06,0.164492953388824,3.75135328800804e-08,0.261798666356161
"root13",13,"T1",1.15388977701895e-11,5.19412237436215e-11,1.04166666666667e-06,0.164492953388824,7.01482801084746e-08,0.261798666356161
"root13",13,"T2",1.11659273132912e-11,5.19412237436215e-11,1.15740740740741e-06,0.164492953388824,6.78808853708006e-08,0.261798666356161
"root13",13,"T3",6.2260953210257e-12,5.19412237436215e-11,1.15740740740741e-06,0.164492953388824,3.78502251479954e-08,0.261798666356161
"root13",13,"T1",1.18882088181244e-11,5.19412237436215e-11,1.15740740740741e-06,0.164492953388824,7.22718424905615e-08,0.261798666356161
"root13",15,"T2",6.03144839181313e-12,1.12109038322159e-10,1.15740740740741e-07,0.137334836216223,4.39178329256321e-08,0.218575180425277
"root13",15,"T3",4.54034152271423e-12,1.12109038322159e-10,1.15740740740741e-07,0.137334836216223,3.30603774527084e-08,0.218575180425277
"root13",15,"T1",6.21438088433453e-12,1.12109038322159e-10,1.15740740740741e-07,0.137334836216223,4.52498510614632e-08,0.218575180425277
"root13",15,"T2",7.21589373862471e-12,1.12109038322159e-10,2.31481481481481e-07,0.137334836216223,5.25423405847577e-08,0.218575180425277
"root13",15,"T3",4.98838338303334e-12,1.12109038322159e-10,2.31481481481481e-07,0.137334836216223,3.63227824816387e-08,0.218575180425277
"root13",15,"T1",7.49158639023545e-12,1.12109038322159e-10,2.31481481481481e-07,0.137334836216223,5.4549789380755e-08,0.218575180425277
"root13",15,"T2",8.02926016138557e-12,1.12109038322159e-10,3.47222222222222e-07,0.137334836216223,5.84648468123858e-08,0.218575180425277
"root13",15,"T3",5.22709785272807e-12,1.12109038322159e-10,3.47222222222222e-07,0.137334836216223,3.80609756180028e-08,0.218575180425277
"root13",15,"T1",8.38906002655532e-12,1.12109038322159e-10,3.47222222222222e-07,0.137334836216223,6.10847200731168e-08,0.218575180425277
"root13",15,"T2",8.65835260204389e-12,1.12109038322159e-10,4.62962962962963e-07,0.137334836216223,6.30455668830594e-08,0.218575180425277
"root13",15,"T3",5.3819517852718e-12,1.12109038322159e-10,4.62962962962963e-07,0.137334836216223,3.91885404574141e-08,0.218575180425277
"root13",15,"T1",9.09838802025883e-12,1.12109038322159e-10,4.62962962962963e-07,0.137334836216223,6.6249673214261e-08,0.218575180425277
"root13",15,"T2",9.17578993155092e-12,1.12109038322159e-10,5.78703703703704e-07,0.137334836216223,6.681327319679e-08,0.218575180425277
"root13",15,"T3",5.49398724698356e-12,1.12109038322159e-10,5.78703703703704e-07,0.137334836216223,4.00043237269654e-08,0.218575180425277
"root13",15,"T1",9.6935039427934e-12,1.12109038322159e-10,5.78703703703704e-07,0.137334836216223,7.05829941613046e-08,0.218575180425277
"root13",15,"T2",9.61793262008018e-12,1.12109038322159e-10,6.94444444444444e-07,0.137334836216223,7.00327235613948e-08,0.218575180425277
"root13",15,"T3",5.58087007949853e-12,1.12109038322159e-10,6.94444444444444e-07,0.137334836216223,4.06369587881685e-08,0.218575180425277
"root13",15,"T1",1.02112990502852e-11,1.12109038322159e-10,6.94444444444444e-07,0.137334836216223,7.43533056260267e-08,0.218575180425277
"root13",15,"T2",1.00057302822090e-11,1.12109038322159e-10,8.10185185185185e-07,0.137334836216223,7.28564620447488e-08,0.218575180425277
"root13",15,"T3",5.65153006681402e-12,1.12109038322159e-10,8.10185185185185e-07,0.137334836216223,4.11514676284765e-08,0.218575180425277
"root13",15,"T1",1.06730045574966e-11,1.12109038322159e-10,8.10185185185185e-07,0.137334836216223,7.77152021406481e-08,0.218575180425277
"root13",15,"T2",1.03523916197909e-11,1.12109038322159e-10,9.25925925925926e-07,0.137334836216223,7.53806674622003e-08,0.218575180425277
"root13",15,"T3",5.71099785009929e-12,1.12109038322159e-10,9.25925925925926e-07,0.137334836216223,4.15844807293306e-08,0.218575180425277
"root13",15,"T1",1.1092009679068e-11,1.12109038322159e-10,9.25925925925926e-07,0.137334836216223,8.07661769196308e-08,0.218575180425277
"root13",15,"T2",1.06667886276679e-11,1.12109038322159e-10,1.04166666666667e-06,0.137334836216223,7.76699410109894e-08,0.218575180425277
"root13",15,"T3",5.76234038751326e-12,1.12109038322159e-10,1.04166666666667e-06,0.137334836216223,4.19583300659485e-08,0.218575180425277
"root13",15,"T1",1.14773172817532e-11,1.12109038322159e-10,1.04166666666667e-06,0.137334836216223,8.3571784100598e-08,0.218575180425277
"root13",15,"T2",1.0955168729873e-11,1.12109038322159e-10,1.15740740740741e-06,0.137334836216223,7.97697731449938e-08,0.218575180425277
"root13",15,"T3",5.807544082401e-12,1.12109038322159e-10,1.15740740740741e-06,0.137334836216223,4.2287479582074e-08,0.218575180425277
"root13",15,"T1",1.18352773381013e-11,1.12109038322159e-10,1.15740740740741e-06,0.137334836216223,8.61782608417548e-08,0.218575180425277
"root13",16,"T2",5.89450095472047e-12,9.30332010994628e-11,1.15740740740741e-07,0.136063907387847,4.33215616682118e-08,0.216552434371737
"root13",16,"T3",4.42637420940514e-12,9.30332010994628e-11,1.15740740740741e-07,0.136063907387847,3.25315823599558e-08,0.216552434371737
"root13",16,"T1",6.06379565056731e-12,9.30332010994628e-11,1.15740740740741e-07,0.136063907387847,4.45657909358917e-08,0.216552434371737
"root13",16,"T2",7.01534898182344e-12,9.30332010994628e-11,2.31481481481481e-07,0.136063907387847,5.15592203436165e-08,0.216552434371737
"root13",16,"T3",4.8433137361066e-12,9.30332010994628e-11,2.31481481481481e-07,0.136063907387847,3.55958742409245e-08,0.216552434371737
"root13",16,"T1",7.26739688077652e-12,9.30332010994628e-11,2.31481481481481e-07,0.136063907387847,5.3411643251292e-08,0.216552434371737
"root13",16,"T2",7.78599430302197e-12,9.30332010994628e-11,3.47222222222222e-07,0.136063907387847,5.7223068574888e-08,0.216552434371737
"root13",16,"T3",5.06668696152654e-12,9.30332010994628e-11,3.47222222222222e-07,0.136063907387847,3.72375529910667e-08,0.216552434371737
"root13",16,"T1",8.11339879265935e-12,9.30332010994628e-11,3.47222222222222e-07,0.136063907387847,5.96293238112904e-08,0.216552434371737
"root13",16,"T2",8.38265775547724e-12,9.30332010994628e-11,4.62962962962963e-07,0.136063907387847,6.16082392194035e-08,0.216552434371737
"root13",16,"T3",5.21216904064849e-12,9.30332010994628e-11,4.62962962962963e-07,0.136063907387847,3.83067717274304e-08,0.216552434371737
"root13",16,"T1",8.78221247067606e-12,9.30332010994628e-11,4.62962962962963e-07,0.136063907387847,6.4544761643825e-08,0.216552434371737
"root13",16,"T2",8.87393214293087e-12,9.30332010994628e-11,5.78703703703704e-07,0.136063907387847,6.52188542376336e-08,0.216552434371737
"root13",16,"T3",5.31774272309483e-12,9.30332010994628e-11,5.78703703703704e-07,0.136063907387847,3.90826841973362e-08,0.216552434371737
"root13",16,"T1",9.34353017332678e-12,9.30332010994628e-11,5.78703703703704e-07,0.136063907387847,6.86701591384794e-08,0.216552434371737
"root13",16,"T2",9.29416361781822e-12,9.30332010994628e-11,6.94444444444444e-07,0.136063907387847,6.83073402509706e-08,0.216552434371737
"root13",16,"T3",5.39980790533459e-12,9.30332010994628e-11,6.94444444444444e-07,0.136063907387847,3.96858212365059e-08,0.216552434371737
"root13",16,"T1",9.83212216737941e-12,9.30332010994628e-11,6.94444444444444e-07,0.136063907387847,7.22610599396736e-08,0.216552434371737
"root13",16,"T2",9.66313390526887e-12,9.30332010994628e-11,8.10185185185185e-07,0.136063907387847,7.10190828029385e-08,0.216552434371737
"root13",16,"T3",5.46667625565408e-12,9.30332010994628e-11,8.10185185185185e-07,0.136063907387847,4.01772693479355e-08,0.216552434371737
"root13",16,"T1",1.02679871498076e-11,9.30332010994628e-11,8.10185185185185e-07,0.136063907387847,7.54644442228089e-08,0.216552434371737
"root13",16,"T2",9.99330978635984e-12,9.30332010994628e-11,9.25925925925926e-07,0.136063907387847,7.34457063464607e-08,0.216552434371737
"root13",16,"T3",5.52304096521567e-12,9.30332010994628e-11,9.25925925925926e-07,0.136063907387847,4.0591521081872e-08,0.216552434371737
"root13",16,"T1",1.06637284001665e-11,9.30332010994628e-11,9.25925925925926e-07,0.136063907387847,7.83729396346805e-08,0.216552434371737
"root13",16,"T2",1.02930616241889e-11,9.30332010994628e-11,1.04166666666667e-06,0.136063907387847,7.5648728761322e-08,0.216552434371737
"root13",16,"T3",5.57176913114003e-12,9.30332010994628e-11,1.04166666666667e-06,0.136063907387847,4.09496481330485e-08,0.216552434371737
"root13",16,"T1",1.10278150954344e-11,9.30332010994628e-11,1.04166666666667e-06,0.136063907387847,8.10487902864635e-08,0.216552434371737
"root13",16,"T2",1.05682818403707e-11,9.30332010994628e-11,1.15740740740741e-06,0.136063907387847,7.76714563271073e-08,0.216552434371737
"root13",16,"T3",5.61472112768379e-12,9.30332010994628e-11,1.15740740740741e-06,0.136063907387847,4.12653232989933e-08,0.216552434371737
"root13",16,"T1",1.13662178880215e-11,9.30332010994628e-11,1.15740740740741e-06,0.136063907387847,8.35358774140037e-08,0.216552434371737
"root13",18,"T2",6.52161831592837e-12,3.66398777167448e-10,1.15740740740741e-07,0.167224744465281,3.89991226285436e-08,0.266146446889285
"root13",18,"T3",4.89299689791073e-12,3.66398777167448e-10,1.15740740740741e-07,0.167224744465281,2.92600052316218e-08,0.266146446889285
"root13",18,"T1",6.68218208203604e-12,3.66398777167448e-10,1.15740740740741e-07,0.167224744465281,3.99592901361759e-08,0.266146446889285
"root13",18,"T2",7.7960929673457e-12,3.66398777167448e-10,2.31481481481481e-07,0.167224744465281,4.66204507728479e-08,0.266146446889285
"root13",18,"T3",5.37623637743961e-12,3.66398777167448e-10,2.31481481481481e-07,0.167224744465281,3.21497658413574e-08,0.266146446889285
"root13",18,"T1",8.03462030633424e-12,3.66398777167448e-10,2.31481481481481e-07,0.167224744465281,4.80468385945262e-08,0.266146446889285
"root13",18,"T2",8.69504242478737e-12,3.66398777167448e-10,3.47222222222222e-07,0.167224744465281,5.19961471766078e-08,0.266146446889285
"root13",18,"T3",5.64091949502035e-12,3.66398777167448e-10,3.47222222222222e-07,0.167224744465281,3.37325645977681e-08,0.266146446889285
"root13",18,"T1",9.00797021131112e-12,3.66398777167448e-10,3.47222222222222e-07,0.167224744465281,5.38674479073959e-08,0.266146446889285
"root13",18,"T2",9.41156314387161e-12,3.66398777167448e-10,4.62962962962963e-07,0.167224744465281,5.6280924058016e-08,0.266146446889285
"root13",18,"T3",5.81851624102911e-12,3.66398777167448e-10,4.62962962962963e-07,0.167224744465281,3.47945889206435e-08,0.266146446889285
"root13",18,"T1",9.79825891417096e-12,3.66398777167448e-10,4.62962962962963e-07,0.167224744465281,5.85933555796538e-08,0.266146446889285
"root13",18,"T2",1.00177205413296e-11,3.66398777167448e-10,5.78703703703704e-07,0.167224744465281,5.99057308974358e-08,0.266146446889285
"root13",18,"T3",5.95109803585192e-12,3.66398777167448e-10,5.78703703703704e-07,0.167224744465281,3.55874249046168e-08,0.266146446889285
"root13",18,"T1",1.0478171861787e-11,3.66398777167448e-10,5.78703703703704e-07,0.167224744465281,6.26592188571855e-08,0.266146446889285
"root13",18,"T2",1.05487809339593e-11,3.66398777167448e-10,6.94444444444444e-07,0.167224744465281,6.3081459431678e-08,0.266146446889285
"root13",18,"T3",6.05667576977146e-12,3.66398777167448e-10,6.94444444444444e-07,0.167224744465281,3.62187772457858e-08,0.266146446889285
"root13",18,"T1",1.10830895261454e-11,3.66398777167448e-10,6.94444444444444e-07,0.167224744465281,6.62766121221161e-08,0.266146446889285
"root13",18,"T2",1.10248188943189e-11,3.66398777167448e-10,8.10185185185185e-07,0.167224744465281,6.59281551278306e-08,0.266146446889285
"root13",18,"T3",6.14439213242604e-12,3.66398777167448e-10,8.10185185185185e-07,0.167224744465281,3.67433190110315e-08,0.266146446889285
"root13",18,"T1",1.16330558546776e-11,3.66398777167448e-10,8.10185185185185e-07,0.167224744465281,6.95653977040035e-08,0.266146446889285
"root13",18,"T2",1.14584332904548e-11,3.66398777167448e-10,9.25925925925926e-07,0.167224744465281,6.85211589175653e-08,0.266146446889285
"root13",18,"T3",6.21945217930497e-12,3.66398777167448e-10,9.25925925925926e-07,0.167224744465281,3.71921763085501e-08,0.266146446889285
"root13",18,"T1",1.21405962778177e-11,3.66398777167448e-10,9.25925925925926e-07,0.167224744465281,7.26004773793412e-08,0.266146446889285
"root13",18,"T2",1.1858094764396e-11,3.66398777167448e-10,1.04166666666667e-06,0.167224744465281,7.0911125039022e-08,0.266146446889285
"root13",18,"T3",6.28507662814489e-12,3.66398777167448e-10,1.04166666666667e-06,0.167224744465281,3.75846089539087e-08,0.266146446889285
"root13",18,"T1",1.26140994715365e-11,3.66398777167448e-10,1.04166666666667e-06,0.167224744465281,7.54320152311873e-08,0.266146446889285
"root13",18,"T2",1.22297993385213e-11,3.66398777167448e-10,1.15740740740741e-06,0.167224744465281,7.31339095636079e-08,0.266146446889285
"root13",18,"T3",6.34338885485199e-12,3.66398777167448e-10,1.15740740740741e-06,0.167224744465281,3.7933314684592e-08,0.266146446889285
"root13",18,"T1",1.30594833415055e-11,3.66398777167448e-10,1.15740740740741e-06,0.167224744465281,7.8095400194897e-08,0.266146446889285
"root13",19,"T2",7.08818196783518e-12,3.04672497649344e-10,1.15740740740741e-07,0.158438971832837,4.47376165462223e-08,0.252163455455936
"root13",19,"T3",5.45023963670958e-12,3.04672497649344e-10,1.15740740740741e-07,0.158438971832837,3.43996150294381e-08,0.252163455455936
"root13",19,"T1",7.28942552930588e-12,3.04672497649344e-10,1.15740740740741e-07,0.158438971832837,4.60077810716714e-08,0.252163455455936
"root13",19,"T2",8.40173506345661e-12,3.04672497649344e-10,2.31481481481481e-07,0.158438971832837,5.30282099553193e-08,0.252163455455936
"root13",19,"T3",5.96579210733495e-12,3.04672497649344e-10,2.31481481481481e-07,0.158438971832837,3.76535648920345e-08,0.252163455455936
"root13",19,"T1",8.69901034928109e-12,3.04672497649344e-10,2.31481481481481e-07,0.158438971832837,5.49044862425583e-08,0.252163455455936
"root13",19,"T2",9.30439651791009e-12,3.04672497649344e-10,3.47222222222222e-07,0.158438971832837,5.87254285374107e-08,0.252163455455936
"root13",19,"T3",6.24346615233763e-12,3.04672497649344e-10,3.47222222222222e-07,0.158438971832837,3.94061264101415e-08,0.252163455455936
"root13",19,"T1",9.68940038417356e-12,3.04672497649344e-10,3.47222222222222e-07,0.158438971832837,6.11554106422533e-08,0.252163455455936
"root13",19,"T2",1.0006807084297e-11,3.04672497649344e-10,4.62962962962963e-07,0.158438971832837,6.31587479301168e-08,0.252163455455936
"root13",19,"T3",6.42657922881113e-12,3.04672497649344e-10,4.62962962962963e-07,0.158438971832837,4.05618589572241e-08,0.252163455455936
"root13",19,"T1",1.04764161544777e-11,3.04672497649344e-10,4.62962962962963e-07,0.158438971832837,6.61227224166221e-08,0.252163455455936
"root13",19,"T2",1.05886167465308e-11,3.04672497649344e-10,5.78703703703704e-07,0.158438971832837,6.68308852553175e-08,0.252163455455936
"root13",19,"T3",6.56127107848709e-12,3.04672497649344e-10,5.78703703703704e-07,0.158438971832837,4.14119771328082e-08,0.252163455455936
"root13",19,"T1",1.11409735531097e-11,3.04672497649344e-10,5.78703703703704e-07,0.158438971832837,7.03171285715239e-08,0.252163455455936
"root13",19,"T2",1.10890558899442e-11,3.04672497649344e-10,6.94444444444444e-07,0.158438971832837,6.99894461675997e-08,0.252163455455936
"root13",19,"T3",6.66728389345682e-12,3.04672497649344e-10,6.94444444444444e-07,0.158438971832837,4.20810853310208e-08,0.252163455455936
"root13",19,"T1",1.17227158050871e-11,3.04672497649344e-10,6.94444444444444e-07,0.158438971832837,7.39888404316034e-08,0.252163455455936
"root13",19,"T2",1.15305184384624e-11,3.04672497649344e-10,8.10185185185185e-07,0.158438971832837,7.27757716745841e-08,0.252163455455936
"root13",19,"T3",6.75459617409299e-12,3.04672497649344e-10,8.10185185185185e-07,0.158438971832837,4.2632163639761e-08,0.252163455455936
"root13",19,"T1",1.22441974900763e-11,3.04672497649344e-10,8.10185185185185e-07,0.158438971832837,7.72802129957944e-08,0.252163455455936
"root13",19,"T2",1.19270637325415e-11,3.04672497649344e-10,9.25925925925926e-07,0.158438971832837,7.52785984064914e-08,0.252163455455936
"root13",19,"T3",6.82885048077443e-12,3.04672497649344e-10,9.25925925925926e-07,0.158438971832837,4.31008255215093e-08,0.252163455455936
"root13",19,"T1",1.27195508894524e-11,3.04672497649344e-10,9.25925925925926e-07,0.158438971832837,8.02804432666498e-08,0.252163455455936
"root13",19,"T2",1.22881295050115e-11,3.04672497649344e-10,1.04166666666667e-06,0.158438971832837,7.75574933544524e-08,0.252163455455936
"root13",19,"T3",6.89350868866965e-12,3.04672497649344e-10,1.04166666666667e-06,0.158438971832837,4.35089208729701e-08,0.252163455455936
"root13",19,"T1",1.31582538178957e-11,3.04672497649344e-10,1.04166666666667e-06,0.158438971832837,8.30493512150439e-08,0.252163455455936
"root13",19,"T2",1.26203752973315e-11,3.04672497649344e-10,1.15740740740741e-06,0.158438971832837,7.96544887368165e-08,0.252163455455936
"root13",19,"T3",6.95083108672784e-12,3.04672497649344e-10,1.15740740740741e-06,0.158438971832837,4.38707156851624e-08,0.252163455455936
"root13",19,"T1",1.35669936571641e-11,3.04672497649344e-10,1.15740740740741e-06,0.158438971832837,8.56291447755549e-08,0.252163455455936
"root13",2,"T2",5.44779299648619e-12,6.32387606635168e-11,1.15740740740741e-07,0.130001375602181,4.19056565459512e-08,0.206903615358332
"root13",2,"T3",3.96757460208768e-12,6.32387606635168e-11,1.15740740740741e-07,0.130001375602181,3.05194816878624e-08,0.206903615358332
"root13",2,"T1",5.60178110880756e-12,6.32387606635168e-11,1.15740740740741e-07,0.130001375602181,4.30901679529119e-08,0.206903615358332
"root13",2,"T2",6.59224643793076e-12,6.32387606635168e-11,2.31481481481481e-07,0.130001375602181,5.07090514034543e-08,0.206903615358332
"root13",2,"T3",4.37348831986469e-12,6.32387606635168e-11,2.31481481481481e-07,0.130001375602181,3.36418618618934e-08,0.206903615358332
"root13",2,"T1",6.82824331812722e-12,6.32387606635168e-11,2.31481481481481e-07,0.130001375602181,5.25243928112147e-08,0.206903615358332
"root13",2,"T2",7.39800406161586e-12,6.32387606635168e-11,3.47222222222222e-07,0.130001375602181,5.69071213850428e-08,0.206903615358332
"root13",2,"T3",4.59191382243212e-12,6.32387606635168e-11,3.47222222222222e-07,0.130001375602181,3.53220402565885e-08,0.206903615358332
"root13",2,"T1",7.71114278405514e-12,6.32387606635168e-11,3.47222222222222e-07,0.130001375602181,5.93158553002709e-08,0.206903615358332
"root13",2,"T2",8.03335119666559e-12,6.32387606635168e-11,4.62962962962963e-07,0.130001375602181,6.17943553247356e-08,0.206903615358332
"root13",2,"T3",4.73434298568464e-12,6.32387606635168e-11,4.62962962962963e-07,0.130001375602181,3.64176376115609e-08,0.206903615358332
"root13",2,"T1",8.42223102354192e-12,6.32387606635168e-11,4.62962962962963e-07,0.130001375602181,6.47857069552472e-08,0.206903615358332
"root13",2,"T2",8.56428705610906e-12,6.32387606635168e-11,5.78703703703704e-07,0.130001375602181,6.58784341045494e-08,0.206903615358332
"root13",2,"T3",4.83757581389682e-12,6.32387606635168e-11,5.78703703703704e-07,0.130001375602181,3.7211727887406e-08,0.206903615358332
"root13",2,"T1",9.02825240615136e-12,6.32387606635168e-11,5.78703703703704e-07,0.130001375602181,6.94473605708515e-08,0.206903615358332
"root13",2,"T2",9.02406212607958e-12,6.32387606635168e-11,6.94444444444444e-07,0.130001375602181,6.94151279882933e-08,0.206903615358332
"root13",2,"T3",4.91758536969128e-12,6.32387606635168e-11,6.94444444444444e-07,0.130001375602181,3.78271794964667e-08,0.206903615358332
"root13",2,"T1",9.56263546282073e-12,6.32387606635168e-11,6.94444444444444e-07,0.130001375602181,7.35579559718159e-08,0.206903615358332
"root13",2,"T2",9.43193296659954e-12,6.32387606635168e-11,8.10185185185185e-07,0.130001375602181,7.25525627933532e-08,0.206903615358332
"root13",2,"T3",4.98250690240717e-12,6.32387606635168e-11,8.10185185185185e-07,0.130001375602181,3.83265706176388e-08,0.206903615358332
"root13",2,"T1",1.0044663260752e-11,6.32387606635168e-11,8.10185185185185e-07,0.130001375602181,7.72658228747502e-08,0.206903615358332
"root13",2,"T2",9.80010010747906e-12,6.32387606635168e-11,9.25925925925926e-07,0.130001375602181,7.53845877559671e-08,0.206903615358332
"root13",2,"T3",5.03695487283978e-12,6.32387606635168e-11,9.25925925925926e-07,0.130001375602181,3.87453967275964e-08,0.206903615358332
"root13",2,"T1",1.04865190837087e-11,6.32387606635168e-11,9.25925925925926e-07,0.130001375602181,8.0664677855399e-08,0.206903615358332
"root13",2,"T2",1.01367987540512e-11,6.32387606635168e-11,1.04166666666667e-06,0.130001375602181,7.79745499391553e-08,0.206903615358332
"root13",2,"T3",5.08376014811622e-12,6.32387606635168e-11,1.04166666666667e-06,0.130001375602181,3.9105433496897e-08,0.206903615358332
"root13",2,"T1",1.08964100633381e-11,6.32387606635168e-11,1.04166666666667e-06,0.130001375602181,8.38176520276393e-08,0.206903615358332
"root13",2,"T2",1.04478574679011e-11,6.32387606635168e-11,1.15740740740741e-06,0.130001375602181,8.03672839576153e-08,0.206903615358332
"root13",2,"T3",5.12476679959016e-12,6.32387606635168e-11,1.15740740740741e-06,0.130001375602181,3.94208659397e-08,0.206903615358332
"root13",2,"T1",1.12801366948027e-11,6.32387606635168e-11,1.15740740740741e-06,0.130001375602181,8.67693641128939e-08,0.206903615358332
"root13",20,"T2",6.58909395029173e-12,2.28205911339617e-10,1.15740740740741e-07,0.160344077063724,4.10934664438718e-08,0.255195524601995
"root13",20,"T3",5.05722894224717e-12,2.28205911339617e-10,1.15740740740741e-07,0.160344077063724,3.15398550096573e-08,0.255195524601995
"root13",20,"T1",6.75590760232604e-12,2.28205911339617e-10,1.15740740740741e-07,0.160344077063724,4.21338145196414e-08,0.255195524601995
"root13",20,"T2",7.80524297427729e-12,2.28205911339617e-10,2.31481481481481e-07,0.160344077063724,4.86780872559161e-08,0.255195524601995
"root13",20,"T3",5.52610164190874e-12,2.28205911339617e-10,2.31481481481481e-07,0.160344077063724,3.44640210172064e-08,0.255195524601995
"root13",20,"T1",8.05171810383342e-12,2.28205911339617e-10,2.31481481481481e-07,0.160344077063724,5.02152511728481e-08,0.255195524601995
"root13",20,"T2",8.65224118096956e-12,2.28205911339617e-10,3.47222222222222e-07,0.160344077063724,5.39604663883593e-08,0.255195524601995
"root13",20,"T3",5.77987497468982e-12,2.28205911339617e-10,3.47222222222222e-07,0.160344077063724,3.60467008232102e-08,0.255195524601995
"root13",20,"T1",8.97337442702795e-12,2.28205911339617e-10,3.47222222222222e-07,0.160344077063724,5.59632422435021e-08,0.255195524601995
"root13",20,"T2",9.32017011309965e-12,2.28205911339617e-10,4.62962962962963e-07,0.160344077063724,5.81260641725832e-08,0.255195524601995
"root13",20,"T3",5.94867300488294e-12,2.28205911339617e-10,4.62962962962963e-07,0.160344077063724,3.70994246486499e-08,0.255195524601995
"root13",20,"T1",9.71478163938222e-12,2.28205911339617e-10,4.62962962962963e-07,0.160344077063724,6.05870938127722e-08,0.255195524601995
"root13",20,"T2",9.87984010119587e-12,2.28205911339617e-10,5.78703703703704e-07,0.160344077063724,6.16164954896926e-08,0.255195524601995
"root13",20,"T3",6.07386463374726e-12,2.28205911339617e-10,5.78703703703704e-07,0.160344077063724,3.78801933003948e-08,0.255195524601995
"root13",20,"T1",1.03474902244605e-11,2.28205911339617e-10,5.78703703703704e-07,0.160344077063724,6.45330367915507e-08,0.255195524601995
"root13",20,"T2",1.03659221815265e-11,2.28205911339617e-10,6.94444444444444e-07,0.160344077063724,6.46479893199104e-08,0.255195524601995
"root13",20,"T3",6.17307507414085e-12,2.28205911339617e-10,6.94444444444444e-07,0.160344077063724,3.84989279752912e-08,0.255195524601995
"root13",20,"T1",1.0906288673753e-11,2.28205911339617e-10,6.94444444444444e-07,0.160344077063724,6.80180326799263e-08,0.255195524601995
"root13",20,"T2",1.07981904828129e-11,2.28205911339617e-10,8.10185185185185e-07,0.160344077063724,6.73438687636807e-08,0.255195524601995
"root13",20,"T3",6.25521569463456e-12,2.28205911339617e-10,8.10185185185185e-07,0.160344077063724,3.90112052105836e-08,0.255195524601995
"root13",20,"T1",1.14109111650796e-11,2.28205911339617e-10,8.10185185185185e-07,0.160344077063724,7.11651554210182e-08,0.255195524601995
"root13",20,"T2",1.11890881353611e-11,2.28205911339617e-10,9.25925925925926e-07,0.160344077063724,6.97817365022738e-08,0.255195524601995
"root13",20,"T3",6.32534154890114e-12,2.28205911339617e-10,9.25925925925926e-07,0.160344077063724,3.94485512950212e-08,0.255195524601995
"root13",20,"T1",1.18737244652452e-11,2.28205911339617e-10,9.25925925925926e-07,0.160344077063724,7.40515314483764e-08,0.255195524601995
"root13",20,"T2",1.1547004368978e-11,2.28205911339617e-10,1.04166666666667e-06,0.160344077063724,7.20139127084124e-08,0.255195524601995
"root13",20,"T3",6.38656934797424e-12,2.28205911339617e-10,1.04166666666667e-06,0.160344077063724,3.98304038722683e-08,0.255195524601995
"root13",20,"T1",1.23030414406419e-11,2.28205911339617e-10,1.04166666666667e-06,0.160344077063724,7.67290046875412e-08,0.255195524601995
"root13",20,"T2",1.18778925187032e-11,2.28205911339617e-10,1.15740740740741e-06,0.160344077063724,7.40775258819363e-08,0.255195524601995
"root13",20,"T3",6.44094617410821e-12,2.28205911339617e-10,1.15740740740741e-06,0.160344077063724,4.01695297516256e-08,0.255195524601995
"root13",20,"T1",1.27047499819812e-11,2.28205911339617e-10,1.15740740740741e-06,0.160344077063724,7.92342954890192e-08,0.255195524601995
"root13",22,"T2",7.06417773505253e-12,7.7035261446608e-10,1.15740740740741e-07,0.156404339063745,4.5166123761908e-08,0.248925236830158
"root13",22,"T3",5.26403107225727e-12,7.7035261446608e-10,1.15740740740741e-07,0.156404339063745,3.3656553927905e-08,0.248925236830158
"root13",22,"T1",7.26346614589837e-12,7.7035261446608e-10,1.15740740740741e-07,0.156404339063745,4.64403109873955e-08,0.248925236830158
"root13",22,"T2",8.48283261707734e-12,7.7035261446608e-10,2.31481481481481e-07,0.156404339063745,5.42365555064302e-08,0.248925236830158
"root13",22,"T3",5.79267954166408e-12,7.7035261446608e-10,2.31481481481481e-07,0.156404339063745,3.70365654580925e-08,0.248925236830158
"root13",22,"T1",8.78580419733186e-12,7.7035261446608e-10,2.31481481481481e-07,0.156404339063745,5.61736602061345e-08,0.248925236830158
"root13",22,"T2",9.47630659016168e-12,7.7035261446608e-10,3.47222222222222e-07,0.156404339063745,6.05885146594268e-08,0.248925236830158
"root13",22,"T3",6.07943365613487e-12,7.7035261446608e-10,3.47222222222222e-07,0.156404339063745,3.88699807980206e-08,0.248925236830158
"root13",22,"T1",9.87752343523214e-12,7.7035261446608e-10,3.47222222222222e-07,0.156404339063745,6.31537685869853e-08,0.248925236830158
"root13",22,"T2",1.025953558554e-11,7.7035261446608e-10,4.62962962962963e-07,0.156404339063745,6.55962337551171e-08,0.248925236830158
"root13",22,"T3",6.2683249166956e-12,7.7035261446608e-10,4.62962962962963e-07,0.156404339063745,4.007769192478e-08,0.248925236830158
"root13",22,"T1",1.07578649101415e-11,7.7035261446608e-10,4.62962962962963e-07,0.156404339063745,6.87823942388001e-08,0.248925236830158
"root13",22,"T2",1.09149125364238e-11,7.7035261446608e-10,5.78703703703704e-07,0.156404339063745,6.97865072143255e-08,0.248925236830158
"root13",22,"T3",6.4065853354133e-12,7.7035261446608e-10,5.78703703703704e-07,0.156404339063745,4.09616854223091e-08,0.248925236830158
"root13",22,"T1",1.15100364003234e-11,7.7035261446608e-10,5.78703703703704e-07,0.156404339063745,7.35915414445906e-08,0.248925236830158
"root13",22,"T2",1.14832933088607e-11,7.7035261446608e-10,6.94444444444444e-07,0.156404339063745,7.3420554554951e-08,0.248925236830158
"root13",22,"T3",6.51466032285632e-12,7.7035261446608e-10,6.94444444444444e-07,0.156404339063745,4.16526827954637e-08,0.248925236830158
"root13",22,"T1",1.21749949721705e-11,7.7035261446608e-10,6.94444444444444e-07,0.156404339063745,7.78430767653341e-08,0.248925236830158
"root13",22,"T2",1.1988097582815e-11,7.7035261446608e-10,8.10185185185185e-07,0.156404339063745,7.66481138220154e-08,0.248925236830158
"root13",22,"T3",6.60296690607233e-12,7.7035261446608e-10,8.10185185185185e-07,0.156404339063745,4.22172872287206e-08,0.248925236830158
"root13",22,"T1",1.27760830744161e-11,7.7035261446608e-10,8.10185185185185e-07,0.156404339063745,8.16862444539279e-08,0.248925236830158
"root13",22,"T2",1.2444076889205e-11,7.7035261446608e-10,9.25925925925926e-07,0.156404339063745,7.95635016502528e-08,0.248925236830158
"root13",22,"T3",6.67743047274247e-12,7.7035261446608e-10,9.25925925925926e-07,0.156404339063745,4.26933837815138e-08,0.248925236830158
"root13",22,"T1",1.33279355187109e-11,7.7035261446608e-10,9.25925925925926e-07,0.156404339063745,8.52146148789319e-08,0.248925236830158
"root13",22,"T2",1.28611639646489e-11,7.7035261446608e-10,1.04166666666667e-06,0.156404339063745,8.22302248239235e-08,0.248925236830158
"root13",22,"T3",6.7417030454835e-12,7.7035261446608e-10,1.04166666666667e-06,0.156404339063745,4.31043223342788e-08,0.248925236830158
"root13",22,"T1",1.38403702152849e-11,7.7035261446608e-10,1.04166666666667e-06,0.156404339063745,8.84909606609065e-08,0.248925236830158
"root13",22,"T2",1.32463899588479e-11,7.7035261446608e-10,1.15740740740741e-06,0.156404339063745,8.46932382959603e-08,0.248925236830158
"root13",22,"T3",6.79817781250817e-12,7.7035261446608e-10,1.15740740740741e-06,0.156404339063745,4.34654041774216e-08,0.248925236830158
"root13",22,"T1",1.43203176166336e-11,7.7035261446608e-10,1.15740740740741e-06,0.156404339063745,9.15595929266204e-08,0.248925236830158
"root13",23,"T2",7.5662639603345e-12,7.60030937637839e-10,1.15740740740741e-07,0.165521982052327,4.57115355103865e-08,0.263436416339958
"root13",23,"T3",5.70193826314363e-12,7.60030937637839e-10,1.15740740740741e-07,0.165521982052327,3.44482236887488e-08,0.263436416339958
"root13",23,"T1",7.77557328104116e-12,7.60030937637839e-10,1.15740740740741e-07,0.165521982052327,4.69760764378899e-08,0.263436416339958
"root13",23,"T2",9.02879199741802e-12,7.60030937637839e-10,2.31481481481481e-07,0.165521982052327,5.45473893284079e-08,0.263436416339958
"root13",23,"T3",6.25847635614774e-12,7.60030937637839e-10,2.31481481481481e-07,0.165521982052327,3.78105450318329e-08,0.263436416339958
"root13",23,"T1",9.34683447521003e-12,7.60030937637839e-10,2.31481481481481e-07,0.165521982052327,5.64688409316847e-08,0.263436416339958
"root13",23,"T2",1.00486640449518e-11,7.60030937637839e-10,3.47222222222222e-07,0.165521982052327,6.07089398058025e-08,0.263436416339958
"root13",23,"T3",6.56011479727395e-12,7.60030937637839e-10,3.47222222222222e-07,0.165521982052327,3.96328917521063e-08,0.263436416339958
"root13",23,"T1",1.04702322260036e-11,7.60030937637839e-10,3.47222222222222e-07,0.165521982052327,6.32558412857433e-08,0.263436416339958
"root13",23,"T2",1.08521864364491e-11,7.60030937637839e-10,4.62962962962963e-07,0.165521982052327,6.55634152146532e-08,0.263436416339958
"root13",23,"T3",6.75929004187536e-12,7.60030937637839e-10,4.62962962962963e-07,0.165521982052327,4.08362077233858e-08,0.263436416339958
"root13",23,"T1",1.13763871022483e-11,7.60030937637839e-10,4.62962962962963e-07,0.165521982052327,6.87303701973064e-08,0.263436416339958
"root13",23,"T2",1.15249318314813e-11,7.60030937637839e-10,5.78703703703704e-07,0.165521982052327,6.96278022325634e-08,0.263436416339958
"root13",23,"T3",6.90556865413347e-12,7.60030937637839e-10,5.78703703703704e-07,0.165521982052327,4.17199490273768e-08,0.263436416339958
"root13",23,"T1",1.21516337302096e-11,7.60030937637839e-10,5.78703703703704e-07,0.165521982052327,7.34140177609044e-08,0.263436416339958
"root13",23,"T2",1.21089412586807e-11,7.60030937637839e-10,6.94444444444444e-07,0.165521982052327,7.31560914661638e-08,0.263436416339958
"root13",23,"T3",7.02030516387521e-12,7.60030937637839e-10,6.94444444444444e-07,0.165521982052327,4.24131289199755e-08,0.263436416339958
"root13",23,"T1",1.28380601913328e-11,7.60030937637839e-10,6.94444444444444e-07,0.165521982052327,7.75610588524388e-08,0.263436416339958
"root13",23,"T2",1.26281614638994e-11,7.60030937637839e-10,8.10185185185185e-07,0.165521982052327,7.62929570279507e-08,0.263436416339958
"root13",23,"T3",7.11435468654941e-12,7.60030937637839e-10,8.10185185185185e-07,0.165521982052327,4.29813285120059e-08,0.263436416339958
"root13",23,"T1",1.34594888940121e-11,7.60030937637839e-10,8.10185185185185e-07,0.165521982052327,8.13154164004462e-08,0.263436416339958
"root13",23,"T2",1.30976125727976e-11,7.60030937637839e-10,9.25925925925926e-07,0.165521982052327,7.91291429114047e-08,0.263436416339958
"root13",23,"T3",7.19388737353569e-12,7.60030937637839e-10,9.25925925925926e-07,0.165521982052327,4.3461824733717e-08,0.263436416339958
"root13",23,"T1",1.40307841876691e-11,7.60030937637839e-10,9.25925925925926e-07,0.165521982052327,8.47668932772539e-08,0.263436416339958
"root13",23,"T2",1.35273818281702e-11,7.60030937637839e-10,1.04166666666667e-06,0.165521982052327,8.17255911296044e-08,0.263436416339958
"root13",23,"T3",7.26270742359674e-12,7.60030937637839e-10,1.04166666666667e-06,0.165521982052327,4.38776006276964e-08,0.263436416339958
"root13",23,"T1",1.45618867940187e-11,7.60030937637839e-10,1.04166666666667e-06,0.165521982052327,8.79755462897686e-08,0.263436416339958
"root13",23,"T2",1.39245998203828e-11,7.60030937637839e-10,1.15740740740741e-06,0.165521982052327,8.41253810988127e-08,0.263436416339958
"root13",23,"T3",7.32331037785216e-12,7.60030937637839e-10,1.15740740740741e-06,0.165521982052327,4.42437329897186e-08,0.263436416339958
"root13",23,"T1",1.50598011948545e-11,7.60030937637839e-10,1.15740740740741e-06,0.165521982052327,9.09836929701191e-08,0.263436416339958
"root13",24,"T2",7.72075836919902e-12,1.07889819892563e-09,1.15740740740741e-07,0.150414370113422,5.13299252151046e-08,0.23939190515605
"root13",24,"T3",5.91681792798668e-12,1.07889819892563e-09,1.15740740740741e-07,0.150414370113422,3.93367862626757e-08,0.23939190515605
"root13",24,"T1",7.95344390159453e-12,1.07889819892563e-09,1.15740740740741e-07,0.150414370113422,5.28768886616161e-08,0.23939190515605
"root13",24,"T2",9.18597935571971e-12,1.07889819892563e-09,2.31481481481481e-07,0.150414370113422,6.10711552944902e-08,0.23939190515605
"root13",24,"T3",6.44805324923242e-12,1.07889819892563e-09,2.31481481481481e-07,0.150414370113422,4.28685985545808e-08,0.23939190515605
"root13",24,"T1",9.54910985395974e-12,1.07889819892563e-09,2.31481481481481e-07,0.150414370113422,6.34853561315923e-08,0.23939190515605
"root13",24,"T2",1.02050903791309e-11,1.07889819892563e-09,3.47222222222222e-07,0.150414370113422,6.78465120814957e-08,0.23939190515605
"root13",24,"T3",6.73223884109218e-12,1.07889819892563e-09,3.47222222222222e-07,0.150414370113422,4.47579498954498e-08,0.23939190515605
"root13",24,"T1",1.06864409659162e-11,1.07889819892563e-09,3.47222222222222e-07,0.150414370113422,7.10466756458037e-08,0.23939190515605
"root13",24,"T2",1.09990146936113e-11,1.07889819892563e-09,4.62962962962963e-07,0.150414370113422,7.31247598571686e-08,0.23939190515605
"root13",24,"T3",6.91729936251854e-12,1.07889819892563e-09,4.62962962962963e-07,0.150414370113422,4.59882879362022e-08,0.23939190515605
"root13",24,"T1",1.15943215074393e-11,1.07889819892563e-09,4.62962962962963e-07,0.150414370113422,7.70825387141963e-08,0.23939190515605
"root13",24,"T2",1.16541644806928e-11,1.07889819892563e-09,5.78703703703704e-07,0.150414370113422,7.74803928102405e-08,0.23939190515605
"root13",24,"T3",7.05125464241313e-12,1.07889819892563e-09,5.78703703703704e-07,0.150414370113422,4.68788629510334e-08,0.23939190515605
"root13",24,"T1",1.23611259621805e-11,1.07889819892563e-09,5.78703703703704e-07,0.150414370113422,8.21804855005505e-08,0.23939190515605
"root13",24,"T2",1.22143017025093e-11,1.07889819892563e-09,6.94444444444444e-07,0.150414370113422,8.12043536352206e-08,0.23939190515605
"root13",24,"T3",7.15489638413689e-12,1.07889819892563e-09,6.94444444444444e-07,0.150414370113422,4.7567904441189e-08,0.23939190515605
"root13",24,"T1",1.30311304095443e-11,1.07889819892563e-09,6.94444444444444e-07,0.150414370113422,8.66348767057165e-08,0.23939190515605
"root13",24,"T2",1.27049359099953e-11,1.07889819892563e-09,8.10185185185185e-07,0.150414370113422,8.44662375038703e-08,0.23939190515605
"root13",24,"T3",7.23882885215953e-12,1.07889819892563e-09,8.10185185185185e-07,0.150414370113422,4.81259127482367e-08,0.23939190515605
"root13",24,"T1",1.36299498018392e-11,1.07889819892563e-09,8.10185185185185e-07,0.150414370113422,9.06160082415089e-08,0.23939190515605
"root13",24,"T2",1.31423382540423e-11,1.07889819892563e-09,9.25925925925926e-07,0.150414370113422,8.7374219924148e-08,0.23939190515605
"root13",24,"T3",7.30908203612599e-12,1.07889819892563e-09,9.25925925925926e-07,0.150414370113422,4.85929770580728e-08,0.23939190515605
"root13",24,"T1",1.41738447012394e-11,1.07889819892563e-09,9.25925925925926e-07,0.150414370113422,9.42319852189083e-08,0.23939190515605
"root13",24,"T2",1.35375644336023e-11,1.07889819892563e-09,1.04166666666667e-06,0.150414370113422,9.00018025099206e-08,0.23939190515605
"root13",24,"T3",7.36936474619947e-12,1.07889819892563e-09,1.04166666666667e-06,0.150414370113422,4.89937546568356e-08,0.23939190515605
"root13",24,"T1",1.46738363392959e-11,1.07889819892563e-09,1.04166666666667e-06,0.150414370113422,9.75560801021264e-08,0.23939190515605
"root13",24,"T2",1.3898488820871e-11,1.07889819892563e-09,1.15740740740741e-06,0.150414370113422,9.24013364573523e-08,0.23939190515605
"root13",24,"T3",7.42209827108526e-12,1.07889819892563e-09,1.15740740740741e-06,0.150414370113422,4.93443430005293e-08,0.23939190515605
"root13",24,"T1",1.5137770193662e-11,1.07889819892563e-09,1.15740740740741e-06,0.150414370113422,1.00640451987714e-07,0.23939190515605
"root13",4,"T2",5.9664091796676e-12,7.41204074297207e-11,1.15740740740741e-07,0.142782626621955,4.17866607501544e-08,0.227245608145286
"root13",4,"T3",4.40989999958548e-12,7.41204074297207e-11,1.15740740740741e-07,0.142782626621955,3.0885410248556e-08,0.227245608145286
"root13",4,"T1",6.1503847828893e-12,7.41204074297207e-11,1.15740740740741e-07,0.142782626621955,4.30751620725794e-08,0.227245608145286
"root13",4,"T2",7.23908648674387e-12,7.41204074297207e-11,2.31481481481481e-07,0.142782626621955,5.07000512458058e-08,0.227245608145286
"root13",4,"T3",4.87750439131626e-12,7.41204074297207e-11,2.31481481481481e-07,0.142782626621955,3.41603492435421e-08,0.227245608145286
"root13",4,"T1",7.52073677967272e-12,7.41204074297207e-11,2.31481481481481e-07,0.142782626621955,5.26726322214631e-08,0.227245608145286
"root13",4,"T2",8.12174901073081e-12,7.41204074297207e-11,3.47222222222222e-07,0.142782626621955,5.68819134574036e-08,0.227245608145286
"root13",4,"T3",5.12480660987032e-12,7.41204074297207e-11,3.47222222222222e-07,0.142782626621955,3.58923682181534e-08,0.227245608145286
"root13",4,"T1",8.49428195768395e-12,7.41204074297207e-11,3.47222222222222e-07,0.142782626621955,5.94910050238411e-08,0.227245608145286
"root13",4,"T2",8.80870203018743e-12,7.41204074297207e-11,4.62962962962963e-07,0.142782626621955,6.1693094171115e-08,0.227245608145286
"root13",4,"T3",5.2841696357332e-12,7.41204074297207e-11,4.62962962962963e-07,0.142782626621955,3.70084915843723e-08,0.227245608145286
"root13",4,"T1",9.26859533466636e-12,7.41204074297207e-11,4.62962962962963e-07,0.142782626621955,6.49140273851859e-08,0.227245608145286
"root13",4,"T2",9.37604691283884e-12,7.41204074297207e-11,5.78703703703704e-07,0.142782626621955,6.5666580974615e-08,0.227245608145286
"root13",4,"T3",5.39872293419201e-12,7.41204074297207e-11,5.78703703703704e-07,0.142782626621955,3.78107831598181e-08,0.227245608145286
"root13",4,"T1",9.92071578540353e-12,7.41204074297207e-11,5.78703703703704e-07,0.142782626621955,6.94812528674834e-08,0.227245608145286
"root13",4,"T2",9.86221505292212e-12,7.41204074297207e-11,6.94444444444444e-07,0.142782626621955,6.90715340251743e-08,0.227245608145286
"root13",4,"T3",5.48699676568702e-12,7.41204074297207e-11,6.94444444444444e-07,0.142782626621955,3.84290224623401e-08,0.227245608145286
"root13",4,"T1",1.04895074662265e-11,7.41204074297207e-11,6.94444444444444e-07,0.142782626621955,7.34648725436287e-08,0.227245608145286
"root13",4,"T2",1.02895217248114e-11,7.41204074297207e-11,8.10185185185185e-07,0.142782626621955,7.20642417655964e-08,0.227245608145286
"root13",4,"T3",5.55835053435822e-12,7.41204074297207e-11,8.10185185185185e-07,0.142782626621955,3.89287595127035e-08,0.227245608145286
"root13",4,"T1",1.09975541459289e-11,7.41204074297207e-11,8.10185185185185e-07,0.142782626621955,7.70230552982264e-08,0.227245608145286
"root13",4,"T2",1.06721261266715e-11,7.41204074297207e-11,9.25925925925926e-07,0.142782626621955,7.47438703094323e-08,0.227245608145286
"root13",4,"T3",5.61805410175753e-12,7.41204074297207e-11,9.25925925925926e-07,0.142782626621955,3.93469025936358e-08,0.227245608145286
"root13",4,"T1",1.14592099031276e-11,7.41204074297207e-11,9.25925925925926e-07,0.142782626621955,8.02563321199303e-08,0.227245608145286
"root13",4,"T2",1.10195852239102e-11,7.41204074297207e-11,1.04166666666667e-06,0.142782626621955,7.71773533280538e-08,0.227245608145286
"root13",4,"T3",5.66931823623966e-12,7.41204074297207e-11,1.04166666666667e-06,0.142782626621955,3.97059388132023e-08,0.227245608145286
"root13",4,"T1",1.18841844252873e-11,7.41204074297207e-11,1.04166666666667e-06,0.142782626621955,8.32327062924329e-08,0.227245608145286
"root13",4,"T2",1.13386530072095e-11,7.41204074297207e-11,1.15740740740741e-06,0.142782626621955,7.9411993429921e-08,0.227245608145286
"root13",4,"T3",5.71422071324359e-12,7.41204074297207e-11,1.15740740740741e-06,0.142782626621955,4.00204201900075e-08,0.227245608145286
"root13",4,"T1",1.22793561257703e-11,7.41204074297207e-11,1.15740740740741e-06,0.142782626621955,8.60003518374987e-08,0.227245608145286
"root13",5,"T2",5.65381415315269e-12,1.94631973271462e-11,1.15740740740741e-07,0.14179308725505,3.98736938633891e-08,0.225670707329016
"root13",5,"T3",4.18849243770684e-12,1.94631973271462e-11,1.15740740740741e-07,0.14179308725505,2.95394685226988e-08,0.225670707329016
"root13",5,"T1",5.79609950165264e-12,1.94631973271462e-11,1.15740740740741e-07,0.14179308725505,4.08771655505809e-08,0.225670707329016
"root13",5,"T2",6.81883515929278e-12,1.94631973271462e-11,2.31481481481481e-07,0.14179308725505,4.80900394461926e-08,0.225670707329016
"root13",5,"T3",4.59023206617347e-12,1.94631973271462e-11,2.31481481481481e-07,0.14179308725505,3.23727492999486e-08,0.225670707329016
"root13",5,"T1",7.03617821637253e-12,1.94631973271462e-11,2.31481481481481e-07,0.14179308725505,4.96228578739965e-08,0.225670707329016
"root13",5,"T2",7.65591018941098e-12,1.94631973271462e-11,3.47222222222222e-07,0.14179308725505,5.3993536198559e-08,0.225670707329016
"root13",5,"T3",4.80616766258666e-12,1.94631973271462e-11,3.47222222222222e-07,0.14179308725505,3.38956415691942e-08,0.225670707329016
"root13",5,"T1",7.94616564507861e-12,1.94631973271462e-11,3.47222222222222e-07,0.14179308725505,5.60405715039229e-08,0.225670707329016
"root13",5,"T2",8.32876287283134e-12,1.94631973271462e-11,4.62962962962963e-07,0.14179308725505,5.87388499260898e-08,0.225670707329016
"root13",5,"T3",4.94830413354045e-12,1.94631973271462e-11,4.62962962962963e-07,0.14179308725505,3.48980632930271e-08,0.225670707329016
"root13",5,"T1",8.6925197559952e-12,1.94631973271462e-11,4.62962962962963e-07,0.14179308725505,6.13042562530538e-08,0.225670707329016
"root13",5,"T2",8.8997548992757e-12,1.94631973271462e-11,5.78703703703704e-07,0.14179308725505,6.27657883156693e-08,0.225670707329016
"root13",5,"T3",5.05247528461057e-12,1.94631973271462e-11,5.78703703703704e-07,0.14179308725505,3.56327334598649e-08,0.225670707329016
"root13",5,"T1",9.337906564481e-12,1.94631973271462e-11,5.78703703703704e-07,0.14179308725505,6.58558660739537e-08,0.225670707329016
"root13",5,"T2",9.40002327776986e-12,1.94631973271462e-11,6.94444444444444e-07,0.14179308725505,6.6293946057198e-08,0.225670707329016
"root13",5,"T3",5.13401433540510e-12,1.94631973271462e-11,6.94444444444444e-07,0.14179308725505,3.6207790060811e-08,0.225670707329016
"root13",5,"T1",9.91331778295951e-12,1.94631973271462e-11,6.94444444444444e-07,0.14179308725505,6.99139709478781e-08,0.225670707329016
"root13",5,"T2",9.84763543566909e-12,1.94631973271462e-11,8.10185185185185e-07,0.14179308725505,6.94507442239104e-08,0.225670707329016
"root13",5,"T3",5.20069702895001e-12,1.94631973271462e-11,8.10185185185185e-07,0.14179308725505,3.66780717567371e-08,0.225670707329016
"root13",5,"T1",1.04365915365238e-11,1.94631973271462e-11,8.10185185185185e-07,0.14179308725505,7.36043747869812e-08,0.225670707329016
"root13",5,"T2",1.02541362822077e-11,1.94631973271462e-11,9.25925925925926e-07,0.14179308725505,7.23176036343935e-08,0.225670707329016
"root13",5,"T3",5.25694293621827e-12,1.94631973271462e-11,9.25925925925926e-07,0.14179308725505,3.70747477044657e-08,0.225670707329016
"root13",5,"T1",1.09190481598674e-11,1.94631973271462e-11,9.25925925925926e-07,0.14179308725505,7.70069145911662e-08,0.225670707329016
"root13",5,"T2",1.06274176048667e-11,1.94631973271462e-11,1.04166666666667e-06,0.14179308725505,7.49501813565191e-08,0.225670707329016
"root13",5,"T3",5.30548016162062e-12,1.94631973271462e-11,1.04166666666667e-06,0.14179308725505,3.74170579421647e-08,0.225670707329016
"root13",5,"T1",1.13683820887443e-11,1.94631973271462e-11,1.04166666666667e-06,0.14179308725505,8.01758555993314e-08,0.225670707329016
"root13",5,"T2",1.0973150477911e-11,1.94631973271462e-11,1.15740740740741e-06,0.14179308725505,7.73884728116051e-08,0.225670707329016
"root13",5,"T3",5.34810151169553e-12,1.94631973271462e-11,1.15740740740741e-06,0.14179308725505,3.77176462917098e-08,0.225670707329016
"root13",5,"T1",1.17900978491386e-11,1.94631973271462e-11,1.15740740740741e-06,0.14179308725505,8.31500186460515e-08,0.225670707329016
"root13",8,"T2",5.70799959568949e-12,4.97298606175424e-11,1.15740740740741e-07,0.140923015441758,4.05043816142903e-08,0.224285945029713
"root13",8,"T3",4.29841024407558e-12,4.97298606175424e-11,1.15740740740741e-07,0.140923015441758,3.05018327247764e-08,0.224285945029713
"root13",8,"T1",5.86484776046212e-12,4.97298606175424e-11,1.15740740740741e-07,0.140923015441758,4.16173876359182e-08,0.224285945029713
"root13",8,"T2",6.82549253029346e-12,4.97298606175424e-11,2.31481481481481e-07,0.140923015441758,4.84341930159333e-08,0.224285945029713
"root13",8,"T3",4.72893838798903e-12,4.97298606175424e-11,2.31481481481481e-07,0.140923015441758,3.35568918474034e-08,0.224285945029713
"root13",8,"T1",7.06090258134506e-12,4.97298606175424e-11,2.31481481481481e-07,0.140923015441758,5.01046799148522e-08,0.224285945029713
"root13",8,"T2",7.5959838889201e-12,4.97298606175424e-11,3.47222222222222e-07,0.140923015441758,5.39016559155267e-08,0.224285945029713
"root13",8,"T3",4.96192440639342e-12,4.97298606175424e-11,3.47222222222222e-07,0.140923015441758,3.52101776337885e-08,0.224285945029713
"root13",8,"T1",7.90327529641172e-12,4.97298606175424e-11,3.47222222222222e-07,0.140923015441758,5.60822181645557e-08,0.224285945029713
"root13",8,"T2",8.19508315219713e-12,4.97298606175424e-11,4.62962962962963e-07,0.140923015441758,5.81529080009225e-08,0.224285945029713
"root13",8,"T3",5.11501026324136e-12,4.97298606175424e-11,4.62962962962963e-07,0.140923015441758,3.62964860438666e-08,0.224285945029713
"root13",8,"T1",8.57164804238857e-12,4.97298606175424e-11,4.62962962962963e-07,0.140923015441758,6.08250399377179e-08,0.224285945029713
"root13",8,"T2",8.69034904710081e-12,4.97298606175424e-11,5.78703703703704e-07,0.140923015441758,6.16673509281558e-08,0.224285945029713
"root13",8,"T3",5.22685139317164e-12,4.97298606175424e-11,5.78703703703704e-07,0.140923015441758,3.7090118862322e-08,0.224285945029713
"root13",8,"T1",9.13458841350713e-12,4.97298606175424e-11,5.78703703703704e-07,0.140923015441758,6.48197058860294e-08,0.224285945029713
"root13",8,"T2",9.1153660487341e-12,4.97298606175424e-11,6.94444444444444e-07,0.140923015441758,6.46833025830432e-08,0.224285945029713
"root13",8,"T3",5.31418998152845e-12,4.97298606175424e-11,6.94444444444444e-07,0.140923015441758,3.7709879857948e-08,0.224285945029713
"root13",8,"T1",9.62601501404506e-12,4.97298606175424e-11,6.94444444444444e-07,0.140923015441758,6.83069049003098e-08,0.224285945029713
"root13",8,"T2",9.48941200375642e-12,4.97298606175424e-11,8.10185185185185e-07,0.140923015441758,6.73375599720848e-08,0.224285945029713
"root13",8,"T3",5.38555026608514e-12,4.97298606175424e-11,8.10185185185185e-07,0.140923015441758,3.8216257643954e-08,0.224285945029713
"root13",8,"T1",1.00653403391102e-11,4.97298606175424e-11,8.10185185185185e-07,0.140923015441758,7.14243894622742e-08,0.224285945029713
"root13",8,"T2",9.82463210859794e-12,4.97298606175424e-11,9.25925925925926e-07,0.140923015441758,6.97163062953216e-08,0.224285945029713
"root13",8,"T3",5.44577277055465e-12,4.97298606175424e-11,9.25925925925926e-07,0.140923015441758,3.86436009297951e-08,0.224285945029713
"root13",8,"T1",1.0464774678749e-11,4.97298606175424e-11,9.25925925925926e-07,0.140923015441758,7.42588046810139e-08,0.224285945029713
"root13",8,"T2",1.0129196776583e-11,4.97298606175424e-11,1.04166666666667e-06,0.140923015441758,7.18775194018557e-08,0.224285945029713
"root13",8,"T3",5.4978335707306e-12,4.97298606175424e-11,1.04166666666667e-06,0.140923015441758,3.90130281664516e-08,0.224285945029713
"root13",8,"T1",1.08325271008974e-11,4.97298606175424e-11,1.04166666666667e-06,0.140923015441758,7.68684027015753e-08,0.224285945029713
"root13",8,"T2",1.04088785251687e-11,4.97298606175424e-11,1.15740740740741e-06,0.140923015441758,7.38621614967542e-08,0.224285945029713
"root13",8,"T3",5.54367704480277e-12,4.97298606175424e-11,1.15740740740741e-06,0.140923015441758,3.93383368034295e-08,0.224285945029713
"root13",8,"T1",1.11743984959527e-11,4.97298606175424e-11,1.15740740740741e-06,0.140923015441758,7.92943470654797e-08,0.224285945029713
"root13",9,"T2",5.23195795703276e-12,7.95619726744407e-11,1.15740740740741e-07,0.146233103967527,3.57782049008177e-08,0.23273721340103
"root13",9,"T3",3.8296773158353e-12,7.95619726744407e-11,1.15740740740741e-07,0.146233103967527,2.61888533576209e-08,0.23273721340103
"root13",9,"T1",5.3658583787636e-12,7.95619726744407e-11,1.15740740740741e-07,0.146233103967527,3.66938691252506e-08,0.23273721340103
"root13",9,"T2",6.35332110372626e-12,7.95619726744407e-11,2.31481481481481e-07,0.146233103967527,4.34465311297577e-08,0.23273721340103
"root13",9,"T3",4.23976588527439e-12,7.95619726744407e-11,2.31481481481481e-07,0.146233103967527,2.89932017460006e-08,0.23273721340103
"root13",9,"T1",6.55751715892018e-12,7.95619726744407e-11,2.31481481481481e-07,0.146233103967527,4.48429047938171e-08,0.23273721340103
"root13",9,"T2",7.147588592114e-12,7.95619726744407e-11,3.47222222222222e-07,0.146233103967527,4.88780474337823e-08,0.23273721340103
"root13",9,"T3",4.46117550003889e-12,7.95619726744407e-11,3.47222222222222e-07,0.146233103967527,3.05072885618947e-08,0.23273721340103
"root13",9,"T1",7.41850033642715e-12,7.95619726744407e-11,3.47222222222222e-07,0.146233103967527,5.07306494572838e-08,0.23273721340103
"root13",9,"T2",7.78040063204857e-12,7.95619726744407e-11,4.62962962962963e-07,0.146233103967527,5.32054673049703e-08,0.23273721340103
"root13",9,"T3",4.60699715053149e-12,7.95619726744407e-11,4.62962962962963e-07,0.146233103967527,3.15044748797409e-08,0.23273721340103
"root13",9,"T1",8.11703646228466e-12,7.95619726744407e-11,4.62962962962963e-07,0.146233103967527,5.55075167117231e-08,0.23273721340103
"root13",9,"T2",8.31497696304355e-12,7.95619726744407e-11,5.78703703703704e-07,0.146233103967527,5.68611124119338e-08,0.23273721340103
"root13",9,"T3",4.71391806144731e-12,7.95619726744407e-11,5.78703703703704e-07,0.146233103967527,3.22356425019475e-08,0.23273721340103
"root13",9,"T1",8.71698295345512e-12,7.95619726744407e-11,5.78703703703704e-07,0.146233103967527,5.96101889172156e-08,0.23273721340103
"root13",9,"T2",8.78265579560979e-12,7.95619726744407e-11,6.94444444444444e-07,0.146233103967527,6.00592858752427e-08,0.23273721340103
"root13",9,"T3",4.79771064535567e-12,7.95619726744407e-11,6.94444444444444e-07,0.146233103967527,3.28086494452109e-08,0.23273721340103
"root13",9,"T1",9.24986922966315e-12,7.95619726744407e-11,6.94444444444444e-07,0.146233103967527,6.32542767588193e-08,0.23273721340103
"root13",9,"T2",9.20140523529659e-12,7.95619726744407e-11,8.10185185185185e-07,0.146233103967527,6.29228607315884e-08,0.23273721340103
"root13",9,"T3",4.86637346392727e-12,7.95619726744407e-11,8.10185185185185e-07,0.146233103967527,3.32781930485994e-08,0.23273721340103
"root13",9,"T1",9.73371413647222e-12,7.95619726744407e-11,8.10185185185185e-07,0.146233103967527,6.65630002535795e-08,0.23273721340103
"root13",9,"T2",9.58253989747548e-12,7.95619726744407e-11,9.25925925925926e-07,0.146233103967527,6.55292108112771e-08,0.23273721340103
"root13",9,"T3",4.92444074003659e-12,7.95619726744407e-11,9.25925925925926e-07,0.146233103967527,3.36752801276113e-08,0.23273721340103
"root13",9,"T1",1.01798309070766e-11,7.95619726744407e-11,9.25925925925926e-07,0.146233103967527,6.96137237799258e-08,0.23273721340103
"root13",9,"T2",9.93367112551134e-12,7.95619726744407e-11,1.04166666666667e-06,0.146233103967527,6.79303855009277e-08,0.23273721340103
"root13",9,"T3",4.9747000590705e-12,7.95619726744407e-11,1.04166666666667e-06,0.146233103967527,3.40189732974224e-08,0.23273721340103
"root13",9,"T1",1.05958088397322e-11,7.95619726744407e-11,1.04166666666667e-06,0.146233103967527,7.24583459712727e-08,0.23273721340103
"root13",9,"T2",1.02601788494359e-11,7.95619726744407e-11,1.15740740740741e-06,0.146233103967527,7.01631748972126e-08,0.23273721340103
"root13",9,"T3",5.01897491206825e-12,7.95619726744407e-11,1.15740740740741e-06,0.146233103967527,3.43217423134421e-08,0.23273721340103
"root13",9,"T1",1.09869980189307e-11,7.95619726744407e-11,1.15740740740741e-06,0.146233103967527,7.5133452828646e-08,0.23273721340103
"root14",1,"T2",5.09331769351072e-12,2.02121818788885e-11,1.15740740740741e-07,0.124957390920694,4.07604356651722e-08,0.198875864408948
"root14",1,"T3",3.70799236766965e-12,2.02121818788885e-11,1.15740740740741e-07,0.124957390920694,2.96740540143238e-08,0.198875864408948
"root14",1,"T1",5.23754767950741e-12,2.02121818788885e-11,1.15740740740741e-07,0.124957390920694,4.19146689997032e-08,0.198875864408948
"root14",1,"T2",6.21818296128068e-12,2.02121818788885e-11,2.31481481481481e-07,0.124957390920694,4.97624263396083e-08,0.198875864408948
"root14",1,"T3",4.11034955988148e-12,2.02121818788885e-11,2.31481481481481e-07,0.124957390920694,3.28940091466072e-08,0.198875864408948
"root14",1,"T1",6.44347972288008e-12,2.02121818788885e-11,2.31481481481481e-07,0.124957390920694,5.15654150219056e-08,0.198875864408948
"root14",1,"T2",7.0189811185067e-12,2.02121818788885e-11,3.47222222222222e-07,0.124957390920694,5.6170996103475e-08,0.198875864408948
"root14",1,"T3",4.33005780774418e-12,2.02121818788885e-11,3.47222222222222e-07,0.124957390920694,3.46522744740431e-08,0.198875864408948
"root14",1,"T1",7.32097074584884e-12,2.02121818788885e-11,3.47222222222222e-07,0.124957390920694,5.8587736923022e-08,0.198875864408948
"root14",1,"T2",7.65487119124978e-12,2.02121818788885e-11,4.62962962962963e-07,0.124957390920694,6.12598513369094e-08,0.198875864408948
"root14",1,"T3",4.47454948749062e-12,2.02121818788885e-11,4.62962962962963e-07,0.124957390920694,3.58086020724493e-08,0.198875864408948
"root14",1,"T1",8.03243631020168e-12,2.02121818788885e-11,4.62962962962963e-07,0.124957390920694,6.42814022525452e-08,0.198875864408948
"root14",1,"T2",8.18847726497883e-12,2.02121818788885e-11,5.78703703703704e-07,0.124957390920694,6.5530155556591e-08,0.198875864408948
"root14",1,"T3",4.57971815247978e-12,2.02121818788885e-11,5.78703703703704e-07,0.124957390920694,3.66502382831149e-08,0.198875864408948
"root14",1,"T1",8.64116919564702e-12,2.02121818788885e-11,5.78703703703704e-07,0.124957390920694,6.91529259052093e-08,0.198875864408948
"root14",1,"T2",8.65149908970828e-12,2.02121818788885e-11,6.94444444444444e-07,0.124957390920694,6.92355932367304e-08,0.198875864408948
"root14",1,"T3",4.66131729309248e-12,2.02121818788885e-11,6.94444444444444e-07,0.124957390920694,3.73032540032054e-08,0.198875864408948
"root14",1,"T1",9.17898696520063e-12,2.02121818788885e-11,6.94444444444444e-07,0.124957390920694,7.34569351806185e-08,0.198875864408948
"root14",1,"T2",9.06241803871037e-12,2.02121818788885e-11,8.10185185185185e-07,0.124957390920694,7.25240657790459e-08,0.198875864408948
"root14",1,"T3",4.72745322093173e-12,2.02121818788885e-11,8.10185185185185e-07,0.124957390920694,3.78325218388408e-08,0.198875864408948
"root14",1,"T1",9.664344295773e-12,2.02121818788885e-11,8.10185185185185e-07,0.124957390920694,7.73411178367722e-08,0.198875864408948
"root14",1,"T2",9.43304066871762e-12,2.02121818788885e-11,9.25925925925926e-07,0.124957390920694,7.54900578446331e-08,0.198875864408948
"root14",1,"T3",4.78276849954649e-12,2.02121818788885e-11,9.25925925925926e-07,0.124957390920694,3.8275194962913e-08,0.198875864408948
"root14",1,"T1",1.01089840460477e-11,2.02121818788885e-11,9.25925925925926e-07,0.124957390920694,8.08994487766115e-08,0.198875864408948
"root14",1,"T2",9.77141110287169e-12,2.02121818788885e-11,1.04166666666667e-06,0.124957390920694,7.81979443622767e-08,0.198875864408948
"root14",1,"T3",4.83013710125335e-12,2.02121818788885e-11,1.04166666666667e-06,0.124957390920694,3.86542729938949e-08,0.198875864408948
"root14",1,"T1",1.05208826274733e-11,2.02121818788885e-11,1.04166666666667e-06,0.124957390920694,8.41957610506648e-08,0.198875864408948
"root14",1,"T2",1.00832796930192e-11,2.02121818788885e-11,1.15740740740741e-06,0.124957390920694,8.06937438331971e-08,0.198875864408948
"root14",1,"T3",4.87144701552248e-12,2.02121818788885e-11,1.15740740740741e-06,0.124957390920694,3.89848649978153e-08,0.198875864408948
"root14",1,"T1",1.09057291832277e-11,2.02121818788885e-11,1.15740740740741e-06,0.124957390920694,8.72755833238319e-08,0.198875864408948
"root14",10,"T2",5.76783418518248e-12,3.24330751869778e-10,1.15740740740741e-07,0.124440921146309,4.63499798301964e-08,0.198053877233438
"root14",10,"T3",4.15522245191986e-12,3.24330751869778e-10,1.15740740740741e-07,0.124440921146309,3.33911257940178e-08,0.198053877233438
"root14",10,"T1",5.96285642929955e-12,3.24330751869778e-10,1.15740740740741e-07,0.124440921146309,4.79171672338301e-08,0.198053877233438
"root14",10,"T2",7.1190725593198e-12,3.24330751869778e-10,2.31481481481481e-07,0.124440921146309,5.72084527641007e-08,0.198053877233438
"root14",10,"T3",4.62814639296506e-12,3.24330751869778e-10,2.31481481481481e-07,0.124440921146309,3.71915150605773e-08,0.198053877233438
"root14",10,"T1",7.43027646052861e-12,3.24330751869778e-10,2.31481481481481e-07,0.124440921146309,5.97092692024724e-08,0.198053877233438
"root14",10,"T2",8.08163190642569e-12,3.24330751869778e-10,3.47222222222222e-07,0.124440921146309,6.49435236574942e-08,0.198053877233438
"root14",10,"T3",4.88730119800042e-12,3.24330751869778e-10,3.47222222222222e-07,0.124440921146309,3.92740679913022e-08,0.198053877233438
"root14",10,"T1",8.50262217226031e-12,3.24330751869778e-10,3.47222222222222e-07,0.124440921146309,6.83265769325471e-08,0.198053877233438
"root14",10,"T2",8.83954181719489e-12,3.24330751869778e-10,4.62962962962963e-07,0.124440921146309,7.10340435908697e-08,0.198053877233438
"root14",10,"T3",5.05622737615363e-12,3.24330751869778e-10,4.62962962962963e-07,0.124440921146309,4.06315489276141e-08,0.198053877233438
"root14",10,"T1",9.367709043992e-12,3.24330751869778e-10,4.62962962962963e-07,0.124440921146309,7.52783646866299e-08,0.198053877233438
"root14",10,"T2",9.46847530290867e-12,3.24330751869778e-10,5.78703703703704e-07,0.124440921146309,7.60881164787932e-08,0.198053877233438
"root14",10,"T3",5.17764100100435e-12,3.24330751869778e-10,5.78703703703704e-07,0.124440921146309,4.16072217507683e-08,0.198053877233438
"root14",10,"T1",1.01019942867659e-11,3.24330751869778e-10,5.78703703703704e-07,0.124440921146309,8.1179038162926e-08,0.198053877233438
"root14",10,"T2",1.00078093933687e-11,3.24330751869778e-10,6.94444444444444e-07,0.124440921146309,8.04221738410485e-08,0.198053877233438
"root14",10,"T3",5.27060468155097e-12,3.24330751869778e-10,6.94444444444444e-07,0.124440921146309,4.23542724772517e-08,0.198053877233438
"root14",10,"T1",1.0745026591999e-11,3.24330751869778e-10,6.94444444444444e-07,0.124440921146309,8.63464083439705e-08,0.198053877233438
"root14",10,"T2",1.04809253949081e-11,3.24330751869778e-10,8.10185185185185e-07,0.124440921146309,8.42241064945615e-08,0.198053877233438
"root14",10,"T3",5.3450001629765e-12,3.24330751869778e-10,8.10185185185185e-07,0.124440921146309,4.29521102362479e-08,0.198053877233438
"root14",10,"T1",1.13202139588825e-11,3.24330751869778e-10,8.10185185185185e-07,0.124440921146309,9.09685805489417e-08,0.198053877233438
"root14",10,"T2",1.09029409527166e-11,3.24330751869778e-10,9.25925925925926e-07,0.124440921146309,8.76153989562461e-08,0.198053877233438
"root14",10,"T3",5.40649763135239e-12,3.24330751869778e-10,9.25925925925926e-07,0.124440921146309,4.34463003130281e-08,0.198053877233438
"root14",10,"T1",1.18426699667128e-11,3.24330751869778e-10,9.25925925925926e-07,0.124440921146309,9.51670066214718e-08,0.198053877233438
"root14",10,"T2",1.12842333783496e-11,3.24330751869778e-10,1.04166666666667e-06,0.124440921146309,9.06794426978116e-08,0.198053877233438
"root14",10,"T3",5.45860179852455e-12,3.24330751869778e-10,1.04166666666667e-06,0.124440921146309,4.38650063680154e-08,0.198053877233438
"root14",10,"T1",1.23227672840774e-11,3.24330751869778e-10,1.04166666666667e-06,0.124440921146309,9.90250407226502e-08,0.198053877233438
"root14",10,"T2",1.16322510132153e-11,3.24330751869778e-10,1.15740740740741e-06,0.124440921146309,9.34760921573292e-08,0.198053877233438
"root14",10,"T3",5.50360632334535e-12,3.24330751869778e-10,1.15740740740741e-06,0.124440921146309,4.4226660110259e-08,0.198053877233438
"root14",10,"T1",1.27679562936542e-11,3.24330751869778e-10,1.15740740740741e-06,0.124440921146309,1.02602553694074e-07,0.198053877233438
"root14",11,"T2",4.83957363137883e-12,3.69015798111301e-12,1.15740740740741e-07,0.120689727296048,4.00993004111072e-08,0.192083666795789
"root14",11,"T3",3.65741527372136e-12,3.69015798111301e-12,1.15740740740741e-07,0.120689727296048,3.03042798725515e-08,0.192083666795789
"root14",11,"T1",4.98146879554862e-12,3.69015798111301e-12,1.15740740740741e-07,0.120689727296048,4.12750024973479e-08,0.192083666795789
"root14",11,"T2",5.77167772771331e-12,3.69015798111301e-12,2.31481481481481e-07,0.120689727296048,4.78224440225602e-08,0.192083666795789
"root14",11,"T3",4.01723810664131e-12,3.69015798111301e-12,2.31481481481481e-07,0.120689727296048,3.32856672779378e-08,0.192083666795789
"root14",11,"T1",5.98259454028076e-12,3.69015798111301e-12,2.31481481481481e-07,0.120689727296048,4.95700394251919e-08,0.192083666795789
"root14",11,"T2",6.40487037345249e-12,3.69015798111301e-12,3.47222222222222e-07,0.120689727296048,5.30688942377138e-08,0.192083666795789
"root14",11,"T3",4.20884099877481e-12,3.69015798111301e-12,3.47222222222222e-07,0.120689727296048,3.48732331497499e-08,0.192083666795789
"root14",11,"T1",6.67666287607786e-12,3.69015798111301e-12,3.47222222222222e-07,0.120689727296048,5.53208879136848e-08,0.192083666795789
"root14",11,"T2",6.88973253431357e-12,3.69015798111301e-12,4.62962962962963e-07,0.120689727296048,5.70863211697652e-08,0.192083666795789
"root14",11,"T3",4.33280292633686e-12,3.69015798111301e-12,4.62962962962963e-07,0.120689727296048,3.59003456500373e-08,0.192083666795789
"root14",11,"T1",7.21845998522082e-12,3.69015798111301e-12,4.62962962962963e-07,0.120689727296048,5.98100612781581e-08,0.192083666795789
"root14",11,"T2",7.2849954907059e-12,3.69015798111301e-12,5.78703703703704e-07,0.120689727296048,6.03613551370121e-08,0.192083666795789
"root14",11,"T3",4.42220249512285e-12,3.69015798111301e-12,5.78703703703704e-07,0.120689727296048,3.66410844916016e-08,0.192083666795789
"root14",11,"T1",7.66798753889819e-12,3.69015798111301e-12,5.78703703703704e-07,0.120689727296048,6.35347159256468e-08,0.192083666795789
"root14",11,"T2",7.62010089304977e-12,3.69015798111301e-12,6.94444444444444e-07,0.120689727296048,6.31379410971566e-08,0.192083666795789
"root14",11,"T3",4.49132426231231e-12,3.69015798111301e-12,6.94444444444444e-07,0.120689727296048,3.72138073632003e-08,0.192083666795789
"root14",11,"T1",8.05526003239672e-12,3.69015798111301e-12,6.94444444444444e-07,0.120689727296048,6.67435432399099e-08,0.192083666795789
"root14",11,"T2",7.91201115626421e-12,3.69015798111301e-12,8.10185185185185e-07,0.120689727296048,6.55566246898238e-08,0.192083666795789
"root14",11,"T3",4.54740060277055e-12,3.69015798111301e-12,8.10185185185185e-07,0.120689727296048,3.76784396207634e-08,0.192083666795789
"root14",11,"T1",8.39757419408039e-12,3.69015798111301e-12,8.10185185185185e-07,0.120689727296048,6.95798588846043e-08,0.192083666795789
"root14",11,"T2",8.17141175143796e-12,3.69015798111301e-12,9.25925925925926e-07,0.120689727296048,6.77059426225544e-08,0.192083666795789
"root14",11,"T3",4.59450762859727e-12,3.69015798111301e-12,9.25925925925926e-07,0.120689727296048,3.80687547443627e-08,0.192083666795789
"root14",11,"T1",8.7058435516277e-12,3.69015798111301e-12,9.25925925925926e-07,0.120689727296048,7.21340891778846e-08,0.192083666795789
"root14",11,"T2",8.40546914703641e-12,3.69015798111301e-12,1.04166666666667e-06,0.120689727296048,6.96452741700051e-08,0.192083666795789
"root14",11,"T3",4.63512909694054e-12,3.69015798111301e-12,1.04166666666667e-06,0.120689727296048,3.84053324237838e-08,0.192083666795789
"root14",11,"T1",8.98740504966714e-12,3.69015798111301e-12,1.04166666666667e-06,0.120689727296048,7.44670259103439e-08,0.192083666795789
"root14",11,"T2",8.61921966931183e-12,3.69015798111301e-12,1.15740740740741e-06,0.120689727296048,7.14163488676146e-08,0.192083666795789
"root14",11,"T3",4.67087167843519e-12,3.69015798111301e-12,1.15740740740741e-06,0.120689727296048,3.87014850649028e-08,0.192083666795789
"root14",11,"T1",9.24742965098014e-12,3.69015798111301e-12,1.15740740740741e-06,0.120689727296048,7.66215141765669e-08,0.192083666795789
"root14",12,"T2",6.20255663628223e-12,1.34689652273801e-10,1.15740740740741e-07,0.149376562313152,4.15229574187096e-08,0.237740182742127
"root14",12,"T3",4.663430020834e-12,1.34689652273801e-10,1.15740740740741e-07,0.149376562313152,3.121928867969e-08,0.237740182742127
"root14",12,"T1",6.36940791974705e-12,1.34689652273801e-10,1.15740740740741e-07,0.149376562313152,4.26399417761018e-08,0.237740182742127
"root14",12,"T2",7.41864687454859e-12,1.34689652273801e-10,2.31481481481481e-07,0.149376562313152,4.96640621505012e-08,0.237740182742127
"root14",12,"T3",5.14137985278084e-12,1.34689652273801e-10,2.31481481481481e-07,0.149376562313152,3.44189193616766e-08,0.237740182742127
"root14",12,"T1",7.66944939402216e-12,1.34689652273801e-10,2.31481481481481e-07,0.149376562313152,5.13430572725591e-08,0.237740182742127
"root14",12,"T2",8.25959216217715e-12,1.34689652273801e-10,3.47222222222222e-07,0.149376562313152,5.52937625171866e-08,0.237740182742127
"root14",12,"T3",5.40327681955866e-12,1.34689652273801e-10,3.47222222222222e-07,0.149376562313152,3.61721861574995e-08,0.237740182742127
"root14",12,"T1",8.5881164991215e-12,1.34689652273801e-10,3.47222222222222e-07,0.149376562313152,5.74930656197418e-08,0.237740182742127
"root14",12,"T2",8.91659037493335e-12,1.34689652273801e-10,4.62962962962963e-07,0.149376562313152,5.96920309107172e-08,0.237740182742127
"root14",12,"T3",5.57699608497328e-12,1.34689652273801e-10,4.62962962962963e-07,0.149376562313152,3.73351481558513e-08,0.237740182742127
"root14",12,"T1",9.32077854124744e-12,1.34689652273801e-10,4.62962962962963e-07,0.149376562313152,6.23978648116659e-08,0.237740182742127
"root14",12,"T2",9.46260237219215e-12,1.34689652273801e-10,5.78703703703704e-07,0.149376562313152,6.33473031221244e-08,0.237740182742127
"root14",12,"T3",5.70481811354421e-12,1.34689652273801e-10,5.78703703703704e-07,0.149376562313152,3.81908515312105e-08,0.237740182742127
"root14",12,"T1",9.9413626449026e-12,1.34689652273801e-10,5.78703703703704e-07,0.149376562313152,6.65523592922268e-08,0.237740182742127
"root14",12,"T2",9.93362652369502e-12,1.34689652273801e-10,6.94444444444444e-07,0.149376562313152,6.65005699011216e-08,0.237740182742127
"root14",12,"T3",5.80516346461809e-12,1.34689652273801e-10,6.94444444444444e-07,0.149376562313152,3.8862612545924e-08,0.237740182742127
"root14",12,"T1",1.04861335650349e-11,1.34689652273801e-10,6.94444444444444e-07,0.149376562313152,7.01993231244125e-08,0.237740182742127
"root14",12,"T2",1.0350206654302e-11,1.34689652273801e-10,8.10185185185185e-07,0.149376562313152,6.92893616911865e-08,0.237740182742127
"root14",12,"T3",5.88746452434926e-12,1.34689652273801e-10,8.10185185185185e-07,0.149376562313152,3.94135762209256e-08,0.237740182742127
"root14",12,"T1",1.09757014417258e-11,1.34689652273801e-10,8.10185185185185e-07,0.149376562313152,7.34767306983301e-08,0.237740182742127
"root14",12,"T2",1.07252336462595e-11,1.34689652273801e-10,9.25925925925926e-07,0.149376562313152,7.17999763830101e-08,0.237740182742127
"root14",12,"T3",5.95710731144521e-12,1.34689652273801e-10,9.25925925925926e-07,0.149376562313152,3.98797992081031e-08,0.237740182742127
"root14",12,"T1",1.14229601955611e-11,1.34689652273801e-10,9.25925925925926e-07,0.149376562313152,7.64709002448058e-08,0.237740182742127
"root14",12,"T2",1.10673582702586e-11,1.34689652273801e-10,1.04166666666667e-06,0.149376562313152,7.40903264801147e-08,0.237740182742127
"root14",12,"T3",6.01742115552659e-12,1.34689652273801e-10,1.04166666666667e-06,0.149376562313152,4.02835696734787e-08,0.237740182742127
"root14",12,"T1",1.18365450718897e-11,1.34689652273801e-10,1.04166666666667e-06,0.149376562313152,7.92396403331045e-08,0.237740182742127
"root14",12,"T2",1.13826851767547e-11,1.34689652273801e-10,1.15740740740741e-06,0.149376562313152,7.62012795079062e-08,0.237740182742127
"root14",12,"T3",6.0705925197314e-12,1.34689652273801e-10,1.15740740740741e-06,0.149376562313152,4.063952487409e-08,0.237740182742127
"root14",12,"T1",1.22225425821199e-11,1.34689652273801e-10,1.15740740740741e-06,0.149376562313152,8.18236970569499e-08,0.237740182742127
"root14",13,"T2",5.98787410894652e-12,1.72009136630959e-10,1.15740740740741e-07,0.134497071596496,4.4520479426576e-08,0.214058737759669
"root14",13,"T3",4.47611913749304e-12,1.72009136630959e-10,1.15740740740741e-07,0.134497071596496,3.32804207880587e-08,0.214058737759669
"root14",13,"T1",6.17819023642805e-12,1.72009136630959e-10,1.15740740740741e-07,0.134497071596496,4.59355000305375e-08,0.214058737759669
"root14",13,"T2",7.2199381150875e-12,1.72009136630959e-10,2.31481481481481e-07,0.134497071596496,5.36810060574999e-08,0.214058737759669
"root14",13,"T3",4.94019755916779e-12,1.72009136630959e-10,2.31481481481481e-07,0.134497071596496,3.67308931006978e-08,0.214058737759669
"root14",13,"T1",7.51176591421919e-12,1.72009136630959e-10,2.31481481481481e-07,0.134497071596496,5.58507767124863e-08,0.214058737759669
"root14",13,"T2",8.0702085935121e-12,1.72009136630959e-10,3.47222222222222e-07,0.134497071596496,6.00028572943469e-08,0.214058737759669
"root14",13,"T3",5.18710589161802e-12,1.72009136630959e-10,3.47222222222222e-07,0.134497071596496,3.85666827541036e-08,0.214058737759669
"root14",13,"T1",8.45441593206787e-12,1.72009136630959e-10,3.47222222222222e-07,0.134497071596496,6.28594796281656e-08,0.214058737759669
"root14",13,"T2",8.72969314709242e-12,1.72009136630959e-10,4.62962962962963e-07,0.134497071596496,6.49061949339859e-08,0.214058737759669
"root14",13,"T3",5.3466338187458e-12,1.72009136630959e-10,4.62962962962963e-07,0.134497071596496,3.97527898212253e-08,0.214058737759669
"root14",13,"T1",9.20210565857981e-12,1.72009136630959e-10,4.62962962962963e-07,0.134497071596496,6.84186320887863e-08,0.214058737759669
"root14",13,"T2",9.27316544178295e-12,1.72009136630959e-10,5.78703703703704e-07,0.134497071596496,6.8946969117687e-08,0.214058737759669
"root14",13,"T3",5.46147536532789e-12,1.72009136630959e-10,5.78703703703704e-07,0.134497071596496,4.06066489069207e-08,0.214058737759669
"root14",13,"T1",9.8310154938344e-12,1.72009136630959e-10,5.78703703703704e-07,0.134497071596496,7.30946434531183e-08,0.214058737759669
"root14",13,"T2",9.73822044118294e-12,1.72009136630959e-10,6.94444444444444e-07,0.134497071596496,7.24047023893466e-08,0.214058737759669
"root14",13,"T3",5.55006380071611e-12,1.72009136630959e-10,6.94444444444444e-07,0.134497071596496,4.12653133249387e-08,0.214058737759669
"root14",13,"T1",1.03793256602373e-11,1.72009136630959e-10,6.94444444444444e-07,0.134497071596496,7.71713877263903e-08,0.214058737759669
"root14",13,"T2",1.01465762142906e-11,1.72009136630959e-10,8.10185185185185e-07,0.134497071596496,7.54408708966639e-08,0.214058737759669
"root14",13,"T3",5.62173232571314e-12,1.72009136630959e-10,8.10185185185185e-07,0.134497071596496,4.17981764136759e-08,0.214058737759669
"root14",13,"T1",1.08690722794766e-11,1.72009136630959e-10,8.10185185185185e-07,0.134497071596496,8.08127058118026e-08,0.214058737759669
"root14",13,"T2",1.05119494107351e-11,1.72009136630959e-10,9.25925925925926e-07,0.134497071596496,7.81574593852267e-08,0.214058737759669
"root14",13,"T3",5.68174283812451e-12,1.72009136630959e-10,9.25925925925926e-07,0.134497071596496,4.22443609417035e-08,0.214058737759669
"root14",13,"T1",1.1314178133994e-11,1.72009136630959e-10,9.25925925925926e-07,0.134497071596496,8.4122115074279e-08,0.214058737759669
"root14",13,"T2",1.08435633651155e-11,1.72009136630959e-10,1.04166666666667e-06,0.134497071596496,8.06230443265501e-08,0.214058737759669
"root14",13,"T3",5.73330370773292e-12,1.72009136630959e-10,1.04166666666667e-06,0.134497071596496,4.26277214788243e-08,0.214058737759669
"root14",13,"T1",1.1724015582622e-11,1.72009136630959e-10,1.04166666666667e-06,0.134497071596496,8.71692999963236e-08,0.214058737759669
"root14",13,"T2",1.1147917437087e-11,1.72009136630959e-10,1.15740740740741e-06,0.134497071596496,8.28859491493749e-08,0.214058737759669
"root14",13,"T3",5.77849227084976e-12,1.72009136630959e-10,1.15740740740741e-06,0.134497071596496,4.29637032409582e-08,0.214058737759669
"root14",13,"T1",1.21051992219733e-11,1.72009136630959e-10,1.15740740740741e-06,0.134497071596496,9.0003440805686e-08,0.214058737759669
"root14",15,"T2",6.75724551440227e-12,2.47740091108311e-10,1.15740740740741e-07,0.1424971240696,4.74202238011612e-08,0.226791216720559
"root14",15,"T3",5.08447720822581e-12,2.47740091108311e-10,1.15740740740741e-07,0.1424971240696,3.56812619301874e-08,0.226791216720559
"root14",15,"T1",6.97914016732326e-12,2.47740091108311e-10,1.15740740740741e-07,0.1424971240696,4.89774106873514e-08,0.226791216720559
"root14",15,"T2",8.13237487296159e-12,2.47740091108311e-10,2.31481481481481e-07,0.1424971240696,5.70704491480788e-08,0.226791216720559
"root14",15,"T3",5.59438709750602e-12,2.47740091108311e-10,2.31481481481481e-07,0.1424971240696,3.92596491615757e-08,0.226791216720559
"root14",15,"T1",8.47107357822592e-12,2.47740091108311e-10,2.31481481481481e-07,0.1424971240696,5.94473301376131e-08,0.226791216720559
"root14",15,"T2",9.08107386455806e-12,2.47740091108311e-10,3.47222222222222e-07,0.1424971240696,6.37281202961162e-08,0.226791216720559
"root14",15,"T3",5.86372497507485e-12,2.47740091108311e-10,3.47222222222222e-07,0.1424971240696,4.11497776769925e-08,0.226791216720559
"root14",15,"T1",9.52620142019898e-12,2.47740091108311e-10,3.47222222222222e-07,0.1424971240696,6.68518854846929e-08,0.226791216720559
"root14",15,"T2",9.81500837161145e-12,2.47740091108311e-10,4.62962962962963e-07,0.1424971240696,6.88786418371327e-08,0.226791216720559
"root14",15,"T3",6.03672146453797e-12,2.47740091108311e-10,4.62962962962963e-07,0.1424971240696,4.23638126309795e-08,0.226791216720559
"root14",15,"T1",1.03617015700883e-11,2.47740091108311e-10,4.62962962962963e-07,0.1424971240696,7.27151627637575e-08,0.226791216720559
"root14",15,"T2",1.04174248009912e-11,2.47740091108311e-10,5.78703703703704e-07,0.1424971240696,7.310621087274e-08,0.226791216720559
"root14",15,"T3",6.160623117963e-12,2.47740091108311e-10,5.78703703703704e-07,0.1424971240696,4.32333154664508e-08,0.226791216720559
"root14",15,"T1",1.10623130059315e-11,2.47740091108311e-10,5.78703703703704e-07,0.1424971240696,7.76318334714482e-08,0.226791216720559
"root14",15,"T2",1.09304370771286e-11,2.47740091108311e-10,6.94444444444444e-07,0.1424971240696,7.67063696793619e-08,0.226791216720559
"root14",15,"T3",6.25575874394028e-12,2.47740091108311e-10,6.94444444444444e-07,0.1424971240696,4.3900947368487e-08,0.226791216720559
"root14",15,"T1",1.16707469995564e-11,2.47740091108311e-10,6.94444444444444e-07,0.1424971240696,8.19016318803463e-08,0.226791216720559
"root14",15,"T2",1.13785278070714e-11,2.47740091108311e-10,8.10185185185185e-07,0.1424971240696,7.98509294932419e-08,0.226791216720559
"root14",15,"T3",6.33239481398264e-12,2.47740091108311e-10,8.10185185185185e-07,0.1424971240696,4.44387552052609e-08,0.226791216720559
"root14",15,"T1",1.22118073475645e-11,2.47740091108311e-10,8.10185185185185e-07,0.1424971240696,8.56986232339667e-08,0.226791216720559
"root14",15,"T2",1.1777251727076e-11,2.47740091108311e-10,9.25925925925926e-07,0.1424971240696,8.26490485613145e-08,0.226791216720559
"root14",15,"T3",6.39630847956884e-12,2.47740091108311e-10,9.25925925925926e-07,0.1424971240696,4.48872812088803e-08,0.226791216720559
"root14",15,"T1",1.27012613514335e-11,2.47740091108311e-10,9.25925925925926e-07,0.1424971240696,8.9133457495113e-08,0.226791216720559
"root14",15,"T2",1.21371249553322e-11,2.47740091108311e-10,1.04166666666667e-06,0.1424971240696,8.51745256936137e-08,0.226791216720559
"root14",15,"T3",6.45101745972832e-12,2.47740091108311e-10,1.04166666666667e-06,0.1424971240696,4.52712116251374e-08,0.226791216720559
"root14",15,"T1",1.31497853346978e-11,2.47740091108311e-10,1.04166666666667e-06,0.1424971240696,9.2281057744541e-08,0.226791216720559
"root14",15,"T2",1.2465594105878e-11,2.47740091108311e-10,1.15740740740741e-06,0.1424971240696,8.74796188854272e-08,0.226791216720559
"root14",15,"T3",6.49879712247331e-12,2.47740091108311e-10,1.15740740740741e-06,0.1424971240696,4.56065142711168e-08,0.226791216720559
"root14",15,"T1",1.35649562419806e-11,2.47740091108311e-10,1.15740740740741e-06,0.1424971240696,9.51945965965955e-08,0.226791216720559
"root14",2,"T2",5.22923705636963e-12,3.53237043425867e-11,1.15740740740741e-07,0.119425005118693,4.37867852814613e-08,0.190070798934149
"root14",2,"T3",3.81714153219487e-12,3.53237043425867e-11,1.15740740740741e-07,0.119425005118693,3.19626658454075e-08,0.190070798934149
"root14",2,"T1",5.39732529729821e-12,3.53237043425867e-11,1.15740740740741e-07,0.119425005118693,4.51942647348766e-08,0.190070798934149
"root14",2,"T2",6.3783975525009e-12,3.53237043425867e-11,2.31481481481481e-07,0.119425005118693,5.34092298858317e-08,0.190070798934149
"root14",2,"T3",4.23538700717768e-12,3.53237043425867e-11,2.31481481481481e-07,0.119425005118693,3.54648258375058e-08,0.190070798934149
"root14",2,"T1",6.6412588304008e-12,3.53237043425867e-11,2.31481481481481e-07,0.119425005118693,5.56102871739486e-08,0.190070798934149
"root14",2,"T2",7.18109742706498e-12,3.53237043425867e-11,3.47222222222222e-07,0.119425005118693,6.01306017942214e-08,0.190070798934149
"root14",2,"T3",4.45922096381365e-12,3.53237043425867e-11,3.47222222222222e-07,0.119425005118693,3.73390895766072e-08,0.190070798934149
"root14",2,"T1",7.53112940270445e-12,3.53237043425867e-11,3.47222222222222e-07,0.119425005118693,6.30615790656193e-08,0.190070798934149
"root14",2,"T2",7.80746184374973e-12,3.53237043425867e-11,4.62962962962963e-07,0.119425005118693,6.53754365427083e-08,0.190070798934149
"root14",2,"T3",4.60360579989325e-12,3.53237043425867e-11,4.62962962962963e-07,0.119425005118693,3.85480896175626e-08,0.190070798934149
"root14",2,"T1",8.24120086502175e-12,3.53237043425867e-11,4.62962962962963e-07,0.119425005118693,6.9007331059614e-08,0.190070798934149
"root14",2,"T2",8.32541350464014e-12,3.53237043425867e-11,5.78703703703704e-07,0.119425005118693,6.97124818740075e-08,0.190070798934149
"root14",2,"T3",4.70700977186812e-12,3.53237043425867e-11,5.78703703703704e-07,0.119425005118693,3.94139382049007e-08,0.190070798934149
"root14",2,"T1",8.84054795547112e-12,3.53237043425867e-11,5.78703703703704e-07,0.119425005118693,7.40259374214367e-08,0.190070798934149
"root14",2,"T2",8.76954295134782e-12,3.53237043425867e-11,6.94444444444444e-07,0.119425005118693,7.34313801588874e-08,0.190070798934149
"root14",2,"T3",4.78623140850768e-12,3.53237043425867e-11,6.94444444444444e-07,0.119425005118693,4.00772970765275e-08,0.190070798934149
"root14",2,"T1",9.3642285678307e-12,3.53237043425867e-11,6.94444444444444e-07,0.119425005118693,7.84109538745581e-08,0.190070798934149
"root14",2,"T2",9.16001544623047e-12,3.53237043425867e-11,8.10185185185185e-07,0.119425005118693,7.67009843300957e-08,0.190070798934149
"root14",2,"T3",4.84984208140166e-12,3.53237043425867e-11,8.10185185185185e-07,0.119425005118693,4.06099382334675e-08,0.190070798934149
"root14",2,"T1",9.83265905053009e-12,3.53237043425867e-11,8.10185185185185e-07,0.119425005118693,8.23333358098473e-08,0.190070798934149
"root14",2,"T2",9.50965419126748e-12,3.53237043425867e-11,9.25925925925926e-07,0.119425005118693,7.96286689024305e-08,0.190070798934149
"root14",2,"T3",4.90269937552195e-12,3.53237043425867e-11,9.25925925925926e-07,0.119425005118693,4.10525364487052e-08,0.190070798934149
"root14",2,"T1",1.02588258379182e-11,3.53237043425867e-11,9.25925925925926e-07,0.119425005118693,8.59018245611311e-08,0.190070798934149
"root14",2,"T2",9.827127299836e-12,3.53237043425867e-11,1.04166666666667e-06,0.119425005118693,8.22870159399961e-08,0.190070798934149
"root14",2,"T3",4.94777510459275e-12,3.53237043425867e-11,1.04166666666667e-06,0.119425005118693,4.14299760730619e-08,0.190070798934149
"root14",2,"T1",1.06515161821897e-11,3.53237043425867e-11,1.04166666666667e-06,0.119425005118693,8.91899997961356e-08,0.190070798934149
"root14",2,"T2",1.01185681268713e-11,3.53237043425867e-11,1.15740740740741e-06,0.119425005118693,8.47273828191568e-08,0.190070798934149
"root14",2,"T3",4.98699721792062e-12,3.53237043425867e-11,1.15740740740741e-06,0.119425005118693,4.17584007048121e-08,0.190070798934149
"root14",2,"T1",1.10169564459649e-11,3.53237043425867e-11,1.15740740740741e-06,0.119425005118693,9.22499976869625e-08,0.190070798934149
"root14",3,"T2",4.49141225890372e-12,1.89755397306652e-11,1.15740740740741e-07,0.0992547726226908,4.52513480231068e-08,0.157968876883634
"root14",3,"T3",3.25815034773073e-12,1.89755397306652e-11,1.15740740740741e-07,0.0992547726226908,3.28261328058887e-08,0.157968876883634
"root14",3,"T1",4.66321747552935e-12,1.89755397306652e-11,1.15740740740741e-07,0.0992547726226908,4.69822997152611e-08,0.157968876883634
"root14",3,"T2",5.56209647998695e-12,1.89755397306652e-11,2.31481481481481e-07,0.0992547726226908,5.6038579637181e-08,0.157968876883634
"root14",3,"T3",3.63039375970314e-12,1.89755397306652e-11,2.31481481481481e-07,0.0992547726226908,3.65765158064871e-08,0.157968876883634
"root14",3,"T1",5.83863540193984e-12,1.89755397306652e-11,2.31481481481481e-07,0.0992547726226908,5.88247320270931e-08,0.157968876883634
"root14",3,"T2",6.31950207516938e-12,1.89755397306652e-11,3.47222222222222e-07,0.0992547726226908,6.3669503321442e-08,0.157968876883634
"root14",3,"T3",3.8255688585748e-12,1.89755397306652e-11,3.47222222222222e-07,0.0992547726226908,3.85429209849425e-08,0.157968876883634
"root14",3,"T1",6.69238509119831e-12,1.89755397306652e-11,3.47222222222222e-07,0.0992547726226908,6.7426330385531e-08,0.157968876883634
"root14",3,"T2",6.9112674704008e-12,1.89755397306652e-11,4.62962962962963e-07,0.0992547726226908,6.96315883637499e-08,0.157968876883634
"root14",3,"T3",3.94863679837344e-12,1.89755397306652e-11,4.62962962962963e-07,0.0992547726226908,3.97828406033821e-08,0.157968876883634
"root14",3,"T1",7.37571648872089e-12,1.89755397306652e-11,4.62962962962963e-07,0.0992547726226908,7.43109504341831e-08,0.157968876883634
"root14",3,"T2",7.39821598650768e-12,1.89755397306652e-11,5.78703703703704e-07,0.0992547726226908,7.45376347254495e-08,0.157968876883634
"root14",3,"T3",4.03477975301522e-12,1.89755397306652e-11,5.78703703703704e-07,0.0992547726226908,4.06507379584971e-08,0.157968876883634
"root14",3,"T1",7.95045151944972e-12,1.89755397306652e-11,5.78703703703704e-07,0.0992547726226908,8.0101453153016e-08,0.157968876883634
"root14",3,"T2",7.81231977040839e-12,1.89755397306652e-11,6.94444444444444e-07,0.0992547726226908,7.8709764417136e-08,0.157968876883634
"root14",3,"T3",4.09933440361795e-12,1.89755397306652e-11,6.94444444444444e-07,0.0992547726226908,4.13011313743193e-08,0.157968876883634
"root14",3,"T1",8.4490233368015e-12,1.89755397306652e-11,6.94444444444444e-07,0.0992547726226908,8.51246052310229e-08,0.157968876883634
"root14",3,"T2",8.1727543721665e-12,1.89755397306652e-11,8.10185185185185e-07,0.0992547726226908,8.23411726832984e-08,0.157968876883634
"root14",3,"T3",4.15010075050883e-12,1.89755397306652e-11,8.10185185185185e-07,0.0992547726226908,4.1812606495862e-08,0.157968876883634
"root14",3,"T1",8.89092506376532e-12,1.89755397306652e-11,8.10185185185185e-07,0.0992547726226908,8.95768014860451e-08,0.157968876883634
"root14",3,"T2",8.49201034648163e-12,1.89755397306652e-11,9.25925925925926e-07,0.0992547726226908,8.55577028901506e-08,0.157968876883634
"root14",3,"T3",4.1914802515606e-12,1.89755397306652e-11,9.25925925925926e-07,0.0992547726226908,4.22295083733069e-08,0.157968876883634
"root14",3,"T1",9.28891098155143e-12,1.89755397306652e-11,9.25925925925926e-07,0.0992547726226908,9.3586542350588e-08,0.157968876883634
"root14",3,"T2",8.77869913910942e-12,1.89755397306652e-11,1.04166666666667e-06,0.0992547726226908,8.8446116062156e-08,0.157968876883634
"root14",3,"T3",4.22615172920759e-12,1.89755397306652e-11,1.04166666666667e-06,0.0992547726226908,4.25788263630705e-08,0.157968876883634
"root14",3,"T1",9.65182474704663e-12,1.89755397306652e-11,1.04166666666667e-06,0.0992547726226908,9.72429283953657e-08,0.157968876883634
"root14",3,"T2",9.03901111512712e-12,1.89755397306652e-11,1.15740740740741e-06,0.0992547726226908,9.1068780636758e-08,0.157968876883634
"root14",3,"T3",4.2558426661288e-12,1.89755397306652e-11,1.15740740740741e-06,0.0992547726226908,4.28779649952657e-08,0.157968876883634
"root14",3,"T1",9.98606378149923e-12,1.89755397306652e-11,1.15740740740741e-06,0.0992547726226908,1.0061041416578e-07,0.157968876883634
"root14",5,"T2",5.96268364536307e-12,5.61881837370001e-11,1.15740740740741e-07,0.152515550401115,3.90955783176289e-08,0.242736037447186
"root14",5,"T3",4.42467805764809e-12,5.61881837370001e-11,1.15740740740741e-07,0.152515550401115,2.90113240650623e-08,0.242736037447186
"root14",5,"T1",6.11834498477079e-12,5.61881837370001e-11,1.15740740740741e-07,0.152515550401115,4.01162043390302e-08,0.242736037447186
"root14",5,"T2",7.18432574612886e-12,5.61881837370001e-11,2.31481481481481e-07,0.152515550401115,4.71055294180437e-08,0.242736037447186
"root14",5,"T3",4.86802575532016e-12,5.61881837370001e-11,2.31481481481481e-07,0.152515550401115,3.19182256662831e-08,0.242736037447186
"root14",5,"T1",7.41901437289867e-12,5.61881837370001e-11,2.31481481481481e-07,0.152515550401115,4.8644314323272e-08,0.242736037447186
"root14",5,"T2",8.045705824916e-12,5.61881837370001e-11,3.47222222222222e-07,0.152515550401115,5.27533474701815e-08,0.242736037447186
"root14",5,"T3",5.10748806407414e-12,5.61881837370001e-11,3.47222222222222e-07,0.152515550401115,3.34883102125749e-08,0.242736037447186
"root14",5,"T1",8.35561665554976e-12,5.61881837370001e-11,3.47222222222222e-07,0.152515550401115,5.47853424360633e-08,0.242736037447186
"root14",5,"T2",8.72834730520161e-12,5.61881837370001e-11,4.62962962962963e-07,0.152515550401115,5.72292286409229e-08,0.242736037447186
"root14",5,"T3",5.2657591622903e-12,5.61881837370001e-11,4.62962962962963e-07,0.152515550401115,3.4526047661641e-08,0.242736037447186
"root14",5,"T1",9.11233409407676e-12,5.61881837370001e-11,4.62962962962963e-07,0.152515550401115,5.97469180690846e-08,0.242736037447186
"root14",5,"T2",9.30177343045735e-12,5.61881837370001e-11,5.78703703703704e-07,0.152515550401115,6.09890165690891e-08,0.242736037447186
"root14",5,"T3",5.38231338294744e-12,5.61881837370001e-11,5.78703703703704e-07,0.152515550401115,3.52902597065807e-08,0.242736037447186
"root14",5,"T1",9.75927060875205e-12,5.61881837370001e-11,5.78703703703704e-07,0.152515550401115,6.39886921896503e-08,0.242736037447186
"root14",5,"T2",9.80065304052758e-12,5.61881837370001e-11,6.94444444444444e-07,0.152515550401115,6.42600247302778e-08,0.242736037447186
"root14",5,"T3",5.47406573761223e-12,5.61881837370001e-11,6.94444444444444e-07,0.152515550401115,3.58918531468789e-08,0.242736037447186
"root14",5,"T1",1.03312395290793e-11,5.61881837370001e-11,6.94444444444444e-07,0.152515550401115,6.77389256499302e-08,0.242736037447186
"root14",5,"T2",1.02449798420741e-11,5.61881837370001e-11,8.10185185185185e-07,0.152515550401115,6.71733460301582e-08,0.242736037447186
"root14",5,"T3",5.54958344098101e-12,5.61881837370001e-11,8.10185185185185e-07,0.152515550401115,3.63870007116366e-08,0.242736037447186
"root14",5,"T1",1.08482562316905e-11,5.61881837370001e-11,8.10185185185185e-07,0.152515550401115,7.11288534392698e-08,0.242736037447186
"root14",5,"T2",1.064740729435e-11,5.61881837370001e-11,9.25925925925926e-07,0.152515550401115,6.98119455120962e-08,0.242736037447186
"root14",5,"T3",5.61372131202819e-12,5.61881837370001e-11,9.25925925925926e-07,0.152515550401115,3.68075340335076e-08,0.242736037447186
"root14",5,"T1",1.13229574352169e-11,5.61881837370001e-11,9.25925925925926e-07,0.152515550401115,7.42413308376591e-08,0.242736037447186
"root14",5,"T2",1.10164821731569e-11,5.61881837370001e-11,1.04166666666667e-06,0.152515550401115,7.22318618933191e-08,0.242736037447186
"root14",5,"T3",5.66946421002178e-12,5.61881837370001e-11,1.04166666666667e-06,0.152515550401115,3.71730239645146e-08,0.242736037447186
"root14",5,"T1",1.17638622034971e-11,5.61881837370001e-11,1.04166666666667e-06,0.152515550401115,7.7132214863063e-08,0.242736037447186
"root14",5,"T2",1.13582646788932e-11,5.61881837370001e-11,1.15740740740741e-06,0.152515550401115,7.44728301410647e-08,0.242736037447186
"root14",5,"T3",5.7187651920951e-12,5.61881837370001e-11,1.15740740740741e-06,0.152515550401115,3.74962761308914e-08,0.242736037447186
"root14",5,"T1",1.21770019152782e-11,5.61881837370001e-11,1.15740740740741e-06,0.152515550401115,7.98410515075527e-08,0.242736037447186
"root14",7,"T2",5.29588114479247e-12,7.73606221284186e-11,1.15740740740741e-07,0.151957670470193,3.4851028766141e-08,0.241848143960606
"root14",7,"T3",3.88818821530773e-12,7.73606221284186e-11,1.15740740740741e-07,0.151957670470193,2.5587311277389e-08,0.241848143960606
"root14",7,"T1",5.41716500993991e-12,7.73606221284186e-11,1.15740740740741e-07,0.151957670470193,3.56491712012821e-08,0.241848143960606
"root14",7,"T2",6.40696297551817e-12,7.73606221284186e-11,2.31481481481481e-07,0.151957670470193,4.21628138658188e-08,0.241848143960606
"root14",7,"T3",4.27829428379945e-12,7.73606221284186e-11,2.31481481481481e-07,0.151957670470193,2.81545134941948e-08,0.241848143960606
"root14",7,"T1",6.59340686543208e-12,7.73606221284186e-11,2.31481481481481e-07,0.151957670470193,4.33897600893098e-08,0.241848143960606
"root14",7,"T2",7.20417175478761e-12,7.73606221284186e-11,3.47222222222222e-07,0.151957670470193,4.74090694632012e-08,0.241848143960606
"root14",7,"T3",4.49098023085341e-12,7.73606221284186e-11,3.47222222222222e-07,0.151957670470193,2.95541529227005e-08,0.241848143960606
"root14",7,"T1",7.45487944571421e-12,7.73606221284186e-11,3.47222222222222e-07,0.151957670470193,4.90589216236801e-08,0.241848143960606
"root14",7,"T2",7.84500917787954e-12,7.73606221284186e-11,4.62962962962963e-07,0.151957670470193,5.16262795659161e-08,0.241848143960606
"root14",7,"T3",4.63275547720658e-12,7.73606221284186e-11,4.62962962962963e-07,0.151957670470193,3.0487144629631e-08,0.241848143960606
"root14",7,"T1",8.1606590935324e-12,7.73606221284186e-11,4.62962962962963e-07,0.151957670470193,5.37035022205947e-08,0.241848143960606
"root14",7,"T2",8.38959539323397e-12,7.73606221284186e-11,5.78703703703704e-07,0.151957670470193,5.52100816449382e-08,0.241848143960606
"root14",7,"T3",4.73786892671659e-12,7.73606221284186e-11,5.78703703703704e-07,0.151957670470193,3.11788731168127e-08,0.241848143960606
"root14",7,"T1",8.77100670989171e-12,7.73606221284186e-11,5.78703703703704e-07,0.151957670470193,5.77200656126942e-08,0.241848143960606
"root14",7,"T2",8.86791334063763e-12,7.73606221284186e-11,6.94444444444444e-07,0.151957670470193,5.83577868310182e-08,0.241848143960606
"root14",7,"T3",4.82102670693332e-12,7.73606221284186e-11,6.94444444444444e-07,0.151957670470193,3.17261161744315e-08,0.241848143960606
"root14",7,"T1",9.31578744624101e-12,7.73606221284186e-11,6.94444444444444e-07,0.151957670470193,6.13051477915906e-08,0.241848143960606
"root14",7,"T2",9.29729332585907e-12,7.73606221284186e-11,8.10185185185185e-07,0.151957670470193,6.11834420539025e-08,0.241848143960606
"root14",7,"T3",4.88970437468935e-12,7.73606221284186e-11,8.10185185185185e-07,0.151957670470193,3.2178068797445e-08,0.241848143960606
"root14",7,"T1",9.81216870165842e-12,7.73606221284186e-11,8.10185185185185e-07,0.151957670470193,6.45717236339387e-08,0.241848143960606
"root14",7,"T2",9.68874359474691e-12,7.73606221284186e-11,9.25925925925926e-07,0.151957670470193,6.37594901578028e-08,0.241848143960606
"root14",7,"T3",4.94815810445118e-12,7.73606221284186e-11,9.25925925925926e-07,0.151957670470193,3.25627399336961e-08,0.241848143960606
"root14",7,"T1",1.02710018364592e-11,7.73606221284186e-11,9.25925925925926e-07,0.151957670470193,6.75912035547679e-08,0.241848143960606
"root14",7,"T2",1.00497341934458e-11,7.73606221284186e-11,1.04166666666667e-06,0.151957670470193,6.6135089873052e-08,0.241848143960606
"root14",7,"T3",4.99901886746363e-12,7.73606221284186e-11,1.04166666666667e-06,0.151957670470193,3.2897443426156e-08,0.241848143960606
"root14",7,"T1",1.06996184437394e-11,7.73606221284186e-11,1.04166666666667e-06,0.151957670470193,7.0411835155358e-08,0.241848143960606
"root14",7,"T2",1.03855898574272e-11,7.73606221284186e-11,1.15740740740741e-06,0.151957670470193,6.83452821123914e-08,0.241848143960606
"root14",7,"T3",5.0440181709409e-12,7.73606221284186e-11,1.15740740740741e-06,0.151957670470193,3.3193573942885e-08,0.241848143960606
"root14",7,"T1",1.11032247610008e-11,7.73606221284186e-11,1.15740740740741e-06,0.151957670470193,7.30678795393793e-08,0.241848143960606
"root14",8,"T2",5.90231689254569e-12,1.11239812517232e-10,1.15740740740741e-07,0.132155617047928,4.46618692749559e-08,0.210332197105373
"root14",8,"T3",4.38699800980865e-12,1.11239812517232e-10,1.15740740740741e-07,0.132155617047928,3.31956984334434e-08,0.210332197105373
"root14",8,"T1",6.09754999019717e-12,1.11239812517232e-10,1.15740740740741e-07,0.132155617047928,4.6139166282927e-08,0.210332197105373
"root14",8,"T2",7.15297440670594e-12,1.11239812517232e-10,2.31481481481481e-07,0.132155617047928,5.41253907059571e-08,0.210332197105373
"root14",8,"T3",4.85815830488113e-12,1.11239812517232e-10,2.31481481481481e-07,0.132155617047928,3.67608915413656e-08,0.210332197105373
"root14",8,"T1",7.4548158831972e-12,1.11239812517232e-10,2.31481481481481e-07,0.132155617047928,5.64093759290883e-08,0.210332197105373
"root14",8,"T2",8.01674840410049e-12,1.11239812517232e-10,3.47222222222222e-07,0.132155617047928,6.06614276651829e-08,0.210332197105373
"root14",8,"T3",5.11015163533853e-12,1.11239812517232e-10,3.47222222222222e-07,0.132155617047928,3.86676839735481e-08,0.210332197105373
"root14",8,"T1",8.41513386052872e-12,1.11239812517232e-10,3.47222222222222e-07,0.132155617047928,6.36759454384513e-08,0.210332197105373
"root14",8,"T2",8.68515113770644e-12,1.11239812517232e-10,4.62962962962963e-07,0.132155617047928,6.57191221358125e-08,0.210332197105373
"root14",8,"T3",5.27264118309002e-12,1.11239812517232e-10,4.62962962962963e-07,0.132155617047928,3.9897215879805e-08,0.210332197105373
"root14",8,"T1",9.17516638089473e-12,1.11239812517232e-10,4.62962962962963e-07,0.132155617047928,6.94269875609391e-08,0.210332197105373
"root14",8,"T2",9.23416523664651e-12,1.11239812517232e-10,5.78703703703704e-07,0.132155617047928,6.98734222798689e-08,0.210332197105373
"root14",8,"T3",5.38900585208831e-12,1.11239812517232e-10,5.78703703703704e-07,0.132155617047928,4.07777283513716e-08,0.210332197105373
"root14",8,"T1",9.81243319693117e-12,1.11239812517232e-10,5.78703703703704e-07,0.132155617047928,7.4249081621499e-08,0.210332197105373
"root14",8,"T2",9.70225689708069e-12,1.11239812517232e-10,6.94444444444444e-07,0.132155617047928,7.34153955299685e-08,0.210332197105373
"root14",8,"T3",5.47816632548428e-12,1.11239812517232e-10,6.94444444444444e-07,0.132155617047928,4.14523911117418e-08,0.210332197105373
"root14",8,"T1",1.03660742615231e-11,1.11239812517232e-10,6.94444444444444e-07,0.132155617047928,7.84383932599983e-08,0.210332197105373
"root14",8,"T2",1.01117399591339e-11,1.11239812517232e-10,8.10185185185185e-07,0.132155617047928,7.65138870750133e-08,0.210332197105373
"root14",8,"T3",5.54976653803649e-12,1.11239812517232e-10,8.10185185185185e-07,0.132155617047928,4.19941782423353e-08,0.210332197105373
"root14",8,"T1",1.08587874022992e-11,1.11239812517232e-10,8.10185185185185e-07,0.132155617047928,8.21666732361525e-08,0.210332197105373
"root14",8,"T2",1.04767478492495e-11,1.11239812517232e-10,9.25925925925926e-07,0.132155617047928,7.92758422477797e-08,0.210332197105373
"root14",8,"T3",5.60926815334075e-12,1.11239812517232e-10,9.25925925925926e-07,0.132155617047928,4.24444172608e-08,0.210332197105373
"root14",8,"T1",1.13049641737889e-11,1.11239812517232e-10,9.25925925925926e-07,0.132155617047928,8.55428200958645e-08,0.210332197105373
"root14",8,"T2",1.08068050259178e-11,1.11239812517232e-10,1.04166666666667e-06,0.132155617047928,8.17733310722506e-08,0.210332197105373
"root14",8,"T3",5.66001157959033e-12,1.11239812517232e-10,1.04166666666667e-06,0.132155617047928,4.28283844911235e-08,0.210332197105373
"root14",8,"T1",1.17143204116797e-11,1.11239812517232e-10,1.04166666666667e-06,0.132155617047928,8.86403519831571e-08,0.210332197105373
"root14",8,"T2",1.11086351345576e-11,1.11239812517232e-10,1.15740740740741e-06,0.132155617047928,8.40572302767037e-08,0.210332197105373
"root14",8,"T3",5.70416401403451e-12,1.11239812517232e-10,1.15740740740741e-06,0.132155617047928,4.31624787614273e-08,0.210332197105373
"root14",8,"T1",1.20937302184733e-11,1.11239812517232e-10,1.15740740740741e-06,0.132155617047928,9.15112841105146e-08,0.210332197105373
"root15",10,"T2",6.24805139992157e-12,4.07631969117122e-10,1.15740740740741e-07,0.169898814290678,3.67751324575571e-08,0.270402361198133
"root15",10,"T3",4.61447841426861e-12,4.07631969117122e-10,1.15740740740741e-07,0.169898814290678,2.71601566705095e-08,0.270402361198133
"root15",10,"T1",6.3880931198768e-12,4.07631969117122e-10,1.15740740740741e-07,0.169898814290678,3.75993978918975e-08,0.270402361198133
"root15",10,"T2",7.52330860296013e-12,4.07631969117122e-10,2.31481481481481e-07,0.169898814290678,4.42811130517285e-08,0.270402361198133
"root15",10,"T3",5.09563320604527e-12,4.07631969117122e-10,2.31481481481481e-07,0.169898814290678,2.99921646146818e-08,0.270402361198133
"root15",10,"T1",7.73585263753915e-12,4.07631969117122e-10,2.31481481481481e-07,0.169898814290678,4.55321166886072e-08,0.270402361198133
"root15",10,"T2",8.43704713836022e-12,4.07631969117122e-10,3.47222222222222e-07,0.169898814290678,4.96592467321483e-08,0.270402361198133
"root15",10,"T3",5.36525577651384e-12,4.07631969117122e-10,3.47222222222222e-07,0.169898814290678,3.15791243094521e-08,0.270402361198133
"root15",10,"T1",8.72078232162044e-12,4.07631969117122e-10,3.47222222222222e-07,0.169898814290678,5.13292712372915e-08,0.270402361198133
"root15",10,"T2",9.17447743400582e-12,4.07631969117122e-10,4.62962962962963e-07,0.169898814290678,5.39996554555661e-08,0.270402361198133
"root15",10,"T3",5.54872184991143e-12,4.07631969117122e-10,4.62962962962963e-07,0.169898814290678,3.26589792464248e-08,0.270402361198133
"root15",10,"T1",9.53028490698168e-12,4.07631969117122e-10,4.62962962962963e-07,0.169898814290678,5.60938870984492e-08,0.270402361198133
"root15",10,"T2",9.80473044482445e-12,4.07631969117122e-10,5.78703703703704e-07,0.169898814290678,5.77092340859404e-08,0.270402361198133
"root15",10,"T3",5.68683234225241e-12,4.07631969117122e-10,5.78703703703704e-07,0.169898814290678,3.34718777526185e-08,0.270402361198133
"root15",10,"T1",1.02338073284278e-11,4.07631969117122e-10,5.78703703703704e-07,0.169898814290678,6.02347189481787e-08,0.270402361198133
"root15",10,"T2",1.03615921360498e-11,4.07631969117122e-10,6.94444444444444e-07,0.169898814290678,6.09868419583097e-08,0.270402361198133
"root15",10,"T3",5.79731613956311e-12,4.07631969117122e-10,6.94444444444444e-07,0.169898814290678,3.41221695028698e-08,0.270402361198133
"root15",10,"T1",1.08650571828498e-11,4.07631969117122e-10,6.94444444444444e-07,0.169898814290678,6.39501648567182e-08,0.270402361198133
"root15",10,"T2",1.08642844750095e-11,4.07631969117122e-10,8.10185185185185e-07,0.169898814290678,6.39456168094374e-08,0.270402361198133
"root15",10,"T3",5.88929403791168e-12,4.07631969117122e-10,8.10185185185185e-07,0.169898814290678,3.46635381918308e-08,0.270402361198133
"root15",10,"T1",1.14430813417214e-11,4.07631969117122e-10,8.10185185185185e-07,0.169898814290678,6.73523319718029e-08,0.270402361198133
"root15",10,"T2",1.13248810918923e-11,4.07631969117122e-10,9.25925925925926e-07,0.169898814290678,6.66566222911757e-08,0.270402361198133
"root15",10,"T3",5.9680224222875e-12,4.07631969117122e-10,9.25925925925926e-07,0.169898814290678,3.51269221460067e-08,0.270402361198133
"root15",10,"T1",1.19797638432022e-11,4.07631969117122e-10,9.25925925925926e-07,0.169898814290678,7.05111680338517e-08,0.270402361198133
"root15",10,"T2",1.17515165241637e-11,4.07631969117122e-10,1.04166666666667e-06,0.169898814290678,6.91677371218035e-08,0.270402361198133
"root15",10,"T3",6.03679026119041e-12,4.07631969117122e-10,1.04166666666667e-06,0.169898814290678,3.5531679761238e-08,0.270402361198133
"root15",10,"T1",1.24830607733894e-11,4.07631969117122e-10,1.04166666666667e-06,0.169898814290678,7.34735014220421e-08,0.270402361198133
"root15",10,"T2",1.21499670325412e-11,4.07631969117122e-10,1.15740740740741e-06,0.169898814290678,7.15129595416361e-08,0.270402361198133
"root15",10,"T3",6.09778799859066e-12,4.07631969117122e-10,1.15740740740741e-06,0.169898814290678,3.58907036758833e-08,0.270402361198133
"root15",10,"T1",1.29585886284167e-11,4.07631969117122e-10,1.15740740740741e-06,0.169898814290678,7.62723900253124e-08,0.270402361198133
"root15",11,"T2",6.64977173471384e-12,2.23648166319829e-10,1.15740740740741e-07,0.132343330076878,5.02463685238311e-08,0.210630951669774
"root15",11,"T3",5.01284681568667e-12,2.23648166319829e-10,1.15740740740741e-07,0.132343330076878,3.78775931720527e-08,0.210630951669774
"root15",11,"T1",6.85488738256677e-12,2.23648166319829e-10,1.15740740740741e-07,0.132343330076878,5.17962437440918e-08,0.210630951669774
"root15",11,"T2",7.9914071732668e-12,2.23648166319829e-10,2.31481481481481e-07,0.132343330076878,6.0383905774659e-08,0.210630951669774
"root15",11,"T3",5.4850327334824e-12,2.23648166319829e-10,2.31481481481481e-07,0.132343330076878,4.14454791963913e-08,0.210630951669774
"root15",11,"T1",8.31824488908743e-12,2.23648166319829e-10,2.31481481481481e-07,0.132343330076878,6.28535256310641e-08,0.210630951669774
"root15",11,"T2",8.93222190278639e-12,2.23648166319829e-10,3.47222222222222e-07,0.132343330076878,6.74927999589981e-08,0.210630951669774
"root15",11,"T3",5.73446002778426e-12,2.23648166319829e-10,3.47222222222222e-07,0.132343330076878,4.33301778370933e-08,0.210630951669774
"root15",11,"T1",9.36998606087825e-12,2.23648166319829e-10,3.47222222222222e-07,0.132343330076878,7.08005915782476e-08,0.210630951669774
"root15",11,"T2",9.66891332034618e-12,2.23648166319829e-10,4.62962962962963e-07,0.132343330076878,7.30593171165447e-08,0.210630951669774
"root15",11,"T3",5.89468813992663e-12,2.23648166319829e-10,4.62962962962963e-07,0.132343330076878,4.45408781576103e-08,0.210630951669774
"root15",11,"T1",1.02137703101327e-11,2.23648166319829e-10,4.62962962962963e-07,0.132343330076878,7.71763133374352e-08,0.210630951669774
"root15",11,"T2",1.02788301928279e-11,2.23648166319829e-10,5.78703703703704e-07,0.132343330076878,7.76679125941366e-08,0.210630951669774
"root15",11,"T3",6.00909754169737e-12,2.23648166319829e-10,5.78703703703704e-07,0.132343330076878,4.54053675255617e-08,0.210630951669774
"root15",11,"T1",1.09287316222634e-11,2.23648166319829e-10,5.78703703703704e-07,0.132343330076878,8.25786355528071e-08,0.210630951669774
"root15",11,"T2",1.08013516868723e-11,2.23648166319829e-10,6.94444444444444e-07,0.132343330076878,8.16161394805297e-08,0.210630951669774
"root15",11,"T3",6.09644762790061e-12,2.23648166319829e-10,6.94444444444444e-07,0.132343330076878,4.60653938839169e-08,0.210630951669774
"root15",11,"T1",1.15547291595882e-11,2.23648166319829e-10,6.94444444444444e-07,0.132343330076878,8.73087382105021e-08,0.210630951669774
"root15",11,"T2",1.1259551641942e-11,2.23648166319829e-10,8.10185185185185e-07,0.132343330076878,8.50783461123527e-08,0.210630951669774
"root15",11,"T3",6.16628798788851e-12,2.23648166319829e-10,8.10185185185185e-07,0.132343330076878,4.65931149254483e-08,0.210630951669774
"root15",11,"T1",1.21149338599801e-11,2.23648166319829e-10,8.10185185185185e-07,0.132343330076878,9.15417033328586e-08,0.210630951669774
"root15",11,"T2",1.16682211525962e-11,2.23648166319829e-10,9.25925925925926e-07,0.132343330076878,8.81662955421943e-08,0.210630951669774
"root15",11,"T3",6.22403673294407e-12,2.23648166319829e-10,9.25925925925926e-07,0.132343330076878,4.70294704638953e-08,0.210630951669774
"root15",11,"T1",1.26241194064754e-11,2.23648166319829e-10,9.25925925925926e-07,0.132343330076878,9.53891624091824e-08,0.210630951669774
"root15",11,"T2",1.20374582120172e-11,2.23648166319829e-10,1.04166666666667e-06,0.132343330076878,9.09562892593425e-08,0.210630951669774
"root15",11,"T3",6.27301814583509e-12,2.23648166319829e-10,1.04166666666667e-06,0.132343330076878,4.73995791264366e-08,0.210630951669774
"root15",11,"T1",1.30923395210941e-11,2.23648166319829e-10,1.04166666666667e-06,0.132343330076878,9.89270824112462e-08,0.210630951669774
"root15",11,"T2",1.23744876883957e-11,2.23648166319829e-10,1.15740740740741e-06,0.132343330076878,9.35029191211022e-08,0.210630951669774
"root15",11,"T3",6.31539681396423e-12,2.23648166319829e-10,1.15740740740741e-06,0.132343330076878,4.77197967611638e-08,0.210630951669774
"root15",11,"T1",1.35267775479545e-11,2.23648166319829e-10,1.15740740740741e-06,0.132343330076878,1.02209741436133e-07,0.210630951669774
"root15",12,"T2",5.82995815834368e-12,1.20042066651097e-10,1.15740740740741e-07,0.126508486092368,4.60835343020944e-08,0.201344509046727
"root15",12,"T3",4.31636419566824e-12,1.20042066651097e-10,1.15740740740741e-07,0.126508486092368,3.41191672510943e-08,0.201344509046727
"root15",12,"T1",6.02345822683426e-12,1.20042066651097e-10,1.15740740740741e-07,0.126508486092368,4.76130765048942e-08,0.201344509046727
"root15",12,"T2",7.05834697335857e-12,1.20042066651097e-10,2.31481481481481e-07,0.126508486092368,5.57934664414926e-08,0.201344509046727
"root15",12,"T3",4.7575538776186e-12,1.20042066651097e-10,2.31481481481481e-07,0.126508486092368,3.76065987711287e-08,0.201344509046727
"root15",12,"T1",7.35623003385194e-12,1.20042066651097e-10,2.31481481481481e-07,0.126508486092368,5.81481152851748e-08,0.201344509046727
"root15",12,"T2",7.91215449325743e-12,1.20042066651097e-10,3.47222222222222e-07,0.126508486092368,6.25424802529097e-08,0.201344509046727
"root15",12,"T3",4.99081700106781e-12,1.20042066651097e-10,3.47222222222222e-07,0.126508486092368,3.94504523390142e-08,0.201344509046727
"root15",12,"T1",8.30544077216569e-12,1.20042066651097e-10,3.47222222222222e-07,0.126508486092368,6.56512541467109e-08,0.201344509046727
"root15",12,"T2",8.57501824532338e-12,1.20042066651097e-10,4.62962962962963e-07,0.126508486092368,6.77821584163332e-08,0.201344509046727
"root15",12,"T3",5.14029885606862e-12,1.20042066651097e-10,4.62962962962963e-07,0.126508486092368,4.06320478162668e-08,0.201344509046727
"root15",12,"T1",9.05934653907984e-12,1.20042066651097e-10,4.62962962962963e-07,0.126508486092368,7.16105837553484e-08,0.201344509046727
"root15",12,"T2",9.12015840540629e-12,1.20042066651097e-10,5.78703703703704e-07,0.126508486092368,7.20912777246213e-08,0.201344509046727
"root15",12,"T3",5.2469937269097e-12,1.20042066651097e-10,5.78703703703704e-07,0.126508486092368,4.14754289532696e-08,0.201344509046727
"root15",12,"T1",9.69244906514293e-12,1.20042066651097e-10,5.78703703703704e-07,0.126508486092368,7.66150110915575e-08,0.201344509046727
"root15",12,"T2",9.58498631126418e-12,1.20042066651097e-10,6.94444444444444e-07,0.126508486092368,7.5765560140099e-08,0.201344509046727
"root15",12,"T3",5.32862603899238e-12,1.20042066651097e-10,6.94444444444444e-07,0.126508486092368,4.21207003860735e-08,0.201344509046727
"root15",12,"T1",1.02427007100891e-11,1.20042066651097e-10,6.94444444444444e-07,0.126508486092368,8.09645346843416e-08,0.201344509046727
"root15",12,"T2",9.99140567321745e-12,1.20042066651097e-10,8.10185185185185e-07,0.126508486092368,7.89781459081124e-08,0.201344509046727
"root15",12,"T3",5.39417033716557e-12,1.20042066651097e-10,8.10185185185185e-07,0.126508486092368,4.26388023743096e-08,0.201344509046727
"root15",12,"T1",1.07323159405455e-11,1.20042066651097e-10,8.10185185185185e-07,0.126508486092368,8.48347511858571e-08,0.201344509046727
"root15",12,"T2",1.03534010869893e-11,1.20042066651097e-10,9.25925925925926e-07,0.126508486092368,8.18395777768612e-08,0.201344509046727
"root15",12,"T3",5.44868158713839e-12,1.20042066651097e-10,9.25925925925926e-07,0.126508486092368,4.3069692440712e-08,0.201344509046727
"root15",12,"T1",1.11754960561159e-11,1.20042066651097e-10,9.25925925925926e-07,0.126508486092368,8.83379163035455e-08,0.201344509046727
"root15",12,"T2",1.06804570605307e-11,1.20042066651097e-10,1.04166666666667e-06,0.126508486092368,8.44248270644272e-08,0.201344509046727
"root15",12,"T3",5.49523683123098e-12,1.20042066651097e-10,1.04166666666667e-06,0.126508486092368,4.34376933988344e-08,0.201344509046727
"root15",12,"T1",1.15818936388913e-11,1.20042066651097e-10,1.04166666666667e-06,0.126508486092368,9.15503299156943e-08,0.201344509046727
"root15",12,"T2",1.09793016625872e-11,1.20042066651097e-10,1.15740740740741e-06,0.126508486092368,8.67870765173087e-08,0.201344509046727
"root15",12,"T3",5.53582387042322e-12,1.20042066651097e-10,1.15740740740741e-06,0.126508486092368,4.37585180363421e-08,0.201344509046727
"root15",12,"T1",1.19583746325305e-11,1.20042066651097e-10,1.15740740740741e-06,0.126508486092368,9.45262646159509e-08,0.201344509046727
"root15",14,"T2",5.9897865914575e-12,2.16563096052654e-10,1.15740740740741e-07,0.122959225175863,4.87136006500576e-08,0.19569568485488
"root15",14,"T3",4.44777432438467e-12,2.16563096052654e-10,1.15740740740741e-07,0.122959225175863,3.61727582295938e-08,0.19569568485488
"root15",14,"T1",6.21620987850606e-12,2.16563096052654e-10,1.15740740740741e-07,0.122959225175863,5.05550508277463e-08,0.19569568485488
"root15",14,"T2",7.29423474393639e-12,2.16563096052654e-10,2.31481481481481e-07,0.122959225175863,5.93223870230458e-08,0.19569568485488
"root15",14,"T3",4.93791681998888e-12,2.16563096052654e-10,2.31481481481481e-07,0.122959225175863,4.01589780102014e-08,0.19569568485488
"root15",14,"T1",7.64788646584065e-12,2.16563096052654e-10,2.31481481481481e-07,0.122959225175863,6.21985577324697e-08,0.19569568485488
"root15",14,"T2",8.19269960797556e-12,2.16563096052654e-10,3.47222222222222e-07,0.122959225175863,6.66294017082323e-08,0.19569568485488
"root15",14,"T3",5.19782334414128e-12,2.16563096052654e-10,3.47222222222222e-07,0.122959225175863,4.22727398998088e-08,0.19569568485488
"root15",14,"T1",8.66011079065679e-12,2.16563096052654e-10,3.47222222222222e-07,0.122959225175863,7.04307527822384e-08,0.19569568485488
"root15",14,"T2",8.88373879253779e-12,2.16563096052654e-10,4.62962962962963e-07,0.122959225175863,7.22494695280633e-08,0.19569568485488
"root15",14,"T3",5.36351642734312e-12,2.16563096052654e-10,4.62962962962963e-07,0.122959225175863,4.36202848519249e-08,0.19569568485488
"root15",14,"T1",9.45746468432345e-12,2.16563096052654e-10,4.62962962962963e-07,0.122959225175863,7.69154544589628e-08,0.19569568485488
"root15",14,"T2",9.44737425084162e-12,2.16563096052654e-10,5.78703703703704e-07,0.122959225175863,7.68333912102119e-08,0.19569568485488
"root15",14,"T3",5.48077231855808e-12,2.16563096052654e-10,5.78703703703704e-07,0.122959225175863,4.4573900906737e-08,0.19569568485488
"root15",14,"T1",1.01219988386556e-11,2.16563096052654e-10,5.78703703703704e-07,0.122959225175863,8.23199627695972e-08,0.19569568485488
"root15",14,"T2",9.92456475170245e-12,2.16563096052654e-10,6.94444444444444e-07,0.122959225175863,8.07142753014896e-08,0.19569568485488
"root15",14,"T3",5.56960110520839e-12,2.16563096052654e-10,6.94444444444444e-07,0.122959225175863,4.52963256497627e-08,0.19569568485488
"root15",14,"T1",1.06956958023208e-11,2.16563096052654e-10,6.94444444444444e-07,0.122959225175863,8.69857124345345e-08,0.19569568485488
"root15",14,"T2",1.03392460630807e-11,2.16563096052654e-10,8.10185185185185e-07,0.122959225175863,8.40867860731307e-08,0.19569568485488
"root15",14,"T3",5.64020132405522e-12,2.16563096052654e-10,8.10185185185185e-07,0.122959225175863,4.58705015096532e-08,0.19569568485488
"root15",14,"T1",1.1203149568999e-11,2.16563096052654e-10,8.10185185185185e-07,0.122959225175863,9.11127209282233e-08,0.19569568485488
"root15",14,"T2",1.07066484289942e-11,2.16563096052654e-10,9.25925925925926e-07,0.122959225175863,8.70747877085348e-08,0.19569568485488
"root15",14,"T3",5.69833882644835e-12,2.16563096052654e-10,9.25925925925926e-07,0.122959225175863,4.63433208716001e-08,0.19569568485488
"root15",14,"T1",1.16600709165018e-11,2.16563096052654e-10,9.25925925925926e-07,0.122959225175863,9.48287605084118e-08,0.19569568485488
"root15",14,"T2",1.10370599184554e-11,2.16563096052654e-10,1.04166666666667e-06,0.122959225175863,8.9761950782217e-08,0.19569568485488
"root15",14,"T3",5.7475294269868e-12,2.16563096052654e-10,1.04166666666667e-06,0.122959225175863,4.67433770728985e-08,0.19569568485488
"root15",14,"T1",1.20771221114058e-11,2.16563096052654e-10,1.04166666666667e-06,0.122959225175863,9.82205450150846e-08,0.19569568485488
"root15",14,"T2",1.13377480259872e-11,2.16563096052654e-10,1.15740740740741e-06,0.122959225175863,9.22073802089378e-08,0.19569568485488
"root15",14,"T3",5.79004483806916e-12,2.16563096052654e-10,1.15740740740741e-06,0.122959225175863,4.7089145444662e-08,0.19569568485488
"root15",14,"T1",1.24618723923332e-11,2.16563096052654e-10,1.15740740740741e-06,0.122959225175863,1.01349633380574e-07,0.19569568485488
"root15",16,"T2",6.85869884477082e-12,6.75029579480954e-10,1.15740740740741e-07,0.142806088813854,4.80280560985817e-08,0.227282949383451
"root15",16,"T3",5.09169545630917e-12,6.75029579480954e-10,1.15740740740741e-07,0.142806088813854,3.56546103783161e-08,0.227282949383451
"root15",16,"T1",7.09327764108521e-12,6.75029579480954e-10,1.15740740740741e-07,0.142806088813854,4.9670694716184e-08,0.227282949383451
"root15",16,"T2",8.34297343662005e-12,6.75029579480954e-10,2.31481481481481e-07,0.142806088813854,5.84216927017377e-08,0.227282949383451
"root15",16,"T3",5.65160527367822e-12,6.75029579480954e-10,2.31481481481481e-07,0.142806088813854,3.95753802979999e-08,0.227282949383451
"root15",16,"T1",8.70871061188694e-12,6.75029579480954e-10,2.31481481481481e-07,0.142806088813854,6.0982768201422e-08,0.227282949383451
"root15",16,"T2",9.37311409281529e-12,6.75029579480954e-10,3.47222222222222e-07,0.142806088813854,6.56352552658523e-08,0.227282949383451
"root15",16,"T3",5.95305233581259e-12,6.75029579480954e-10,3.47222222222222e-07,0.142806088813854,4.16862641170176e-08,0.227282949383451
"root15",16,"T1",9.85915716583653e-12,6.75029579480954e-10,3.47222222222222e-07,0.142806088813854,6.90387731204362e-08,0.227282949383451
"root15",16,"T2",1.01729049661641e-11,6.75029579480954e-10,4.62962962962963e-07,0.142806088813854,7.12357928899263e-08,0.227282949383451
"root15",16,"T3",6.14837976402916e-12,6.75029579480954e-10,4.62962962962963e-07,0.142806088813854,4.30540449297193e-08,0.227282949383451
"root15",16,"T1",1.07741809018057e-11,6.75029579480954e-10,4.62962962962963e-07,0.142806088813854,7.54462291579858e-08,0.227282949383451
"root15",16,"T2",1.08313474513641e-11,6.75029579480954e-10,5.78703703703704e-07,0.142806088813854,7.5846538066613e-08,0.227282949383451
"root15",16,"T3",6.28876463524906e-12,6.75029579480954e-10,5.78703703703704e-07,0.142806088813854,4.40370903473618e-08,0.227282949383451
"root15",16,"T1",1.15443995941136e-11,6.75029579480954e-10,5.78703703703704e-07,0.142806088813854,8.0839687509134e-08,0.227282949383451
"root15",16,"T2",1.13936055051096e-11,6.75029579480954e-10,6.94444444444444e-07,0.142806088813854,7.97837515174934e-08,0.227282949383451
"root15",16,"T3",6.39660683738842e-12,6.75029579480954e-10,6.94444444444444e-07,0.142806088813854,4.47922556420288e-08,0.227282949383451
"root15",16,"T1",1.22156275584761e-11,6.75029579480954e-10,6.94444444444444e-07,0.142806088813854,8.55399630361633e-08,0.227282949383451
"root15",16,"T2",1.18859449365552e-11,6.75029579480954e-10,8.10185185185185e-07,0.142806088813854,8.32313596379522e-08,0.227282949383451
"root15",16,"T3",6.48335910367758e-12,6.75029579480954e-10,8.10185185185185e-07,0.142806088813854,4.53997386072841e-08,0.227282949383451
"root15",16,"T1",1.28144739811816e-11,6.75029579480954e-10,8.10185185185185e-07,0.142806088813854,8.97333866337108e-08,0.227282949383451
"root15",16,"T2",1.23250464245099e-11,6.75029579480954e-10,9.25925925925926e-07,0.142806088813854,8.63061689237597e-08,0.227282949383451
"root15",16,"T3",6.55552634758749e-12,6.75029579480954e-10,9.25925925925926e-07,0.142806088813854,4.59050899162468e-08,0.227282949383451
"root15",16,"T1",1.33578394605325e-11,6.75029579480954e-10,9.25925925925926e-07,0.142806088813854,9.35383047843586e-08,0.227282949383451
"root15",16,"T2",1.27221810022079e-11,6.75029579480954e-10,1.04166666666667e-06,0.142806088813854,8.90871048137948e-08,0.227282949383451
"root15",16,"T3",6.61709823701329e-12,6.75029579480954e-10,1.04166666666667e-06,0.142806088813854,4.6336247228496e-08,0.227282949383451
"root15",16,"T1",1.38571547394745e-11,6.75029579480954e-10,1.04166666666667e-06,0.142806088813854,9.7034761294647e-08,0.227282949383451
"root15",16,"T2",1.30853261333883e-11,6.75029579480954e-10,1.15740740740741e-06,0.142806088813854,9.16300295181731e-08,0.227282949383451
"root15",16,"T3",6.670670356439e-12,6.75029579480954e-10,1.15740740740741e-06,0.142806088813854,4.67113861309803e-08,0.227282949383451
"root15",16,"T1",1.43205227088712e-11,6.75029579480954e-10,1.15740740740741e-06,0.142806088813854,1.00279496678449e-07,0.227282949383451
"root15",18,"T2",7.03631018619151e-12,3.3939167229575e-10,1.15740740740741e-07,0.174710357604748,4.02741444906772e-08,0.278060170221484
"root15",18,"T3",5.40580582266016e-12,3.3939167229575e-10,1.15740740740741e-07,0.174710357604748,3.09415302949002e-08,0.278060170221484
"root15",18,"T1",7.20867660466667e-12,3.3939167229575e-10,1.15740740740741e-07,0.174710357604748,4.12607283477437e-08,0.278060170221484
"root15",18,"T2",8.31556336431892e-12,3.3939167229575e-10,2.31481481481481e-07,0.174710357604748,4.75962815160132e-08,0.278060170221484
"root15",18,"T3",5.91953461487219e-12,3.3939167229575e-10,2.31481481481481e-07,0.174710357604748,3.38819901465951e-08,0.278060170221484
"root15",18,"T1",8.57030426736169e-12,3.3939167229575e-10,2.31481481481481e-07,0.174710357604748,4.90543570791065e-08,0.278060170221484
"root15",18,"T2",9.19997407596974e-12,3.3939167229575e-10,3.47222222222222e-07,0.174710357604748,5.26584353789894e-08,0.278060170221484
"root15",18,"T3",6.20165149309614e-12,3.3939167229575e-10,3.47222222222222e-07,0.174710357604748,3.54967591968778e-08,0.278060170221484
"root15",18,"T1",9.53191323182464e-12,3.3939167229575e-10,3.47222222222222e-07,0.174710357604748,5.45583751444716e-08,0.278060170221484
"root15",18,"T2",9.89538402699413e-12,3.3939167229575e-10,4.62962962962963e-07,0.174710357604748,5.66387944175624e-08,0.278060170221484
"root15",18,"T3",6.39072283090503e-12,3.3939167229575e-10,4.62962962962963e-07,0.174710357604748,3.65789579880715e-08,0.278060170221484
"root15",18,"T1",1.03033065603766e-11,3.3939167229575e-10,4.62962962962963e-07,0.174710357604748,5.8973644731963e-08,0.278060170221484
"root15",18,"T2",1.04782019516913e-11,3.3939167229575e-10,5.78703703703704e-07,0.174710357604748,5.9974703820345e-08,0.278060170221484
"root15",18,"T3",6.5316063165256e-12,3.3939167229575e-10,5.78703703703704e-07,0.174710357604748,3.73853411215735e-08,0.278060170221484
"root15",18,"T1",1.09617062597027e-11,3.3939167229575e-10,5.78703703703704e-07,0.174710357604748,6.2742166005416e-08,0.278060170221484
"root15",18,"T2",1.09854137773434e-11,3.3939167229575e-10,6.94444444444444e-07,0.174710357604748,6.28778621253583e-08,0.278060170221484
"root15",18,"T3",6.64361426738843e-12,3.3939167229575e-10,6.94444444444444e-07,0.174710357604748,3.80264476501071e-08,0.278060170221484
"root15",18,"T1",1.15442579426398e-11,3.3939167229575e-10,6.94444444444444e-07,0.174710357604748,6.60765515045001e-08,0.278060170221484
"root15",18,"T2",1.14378360963005e-11,3.3939167229575e-10,8.10185185185185e-07,0.174710357604748,6.54674184925922e-08,0.278060170221484
"root15",18,"T3",6.73657539618618e-12,3.3939167229575e-10,8.10185185185185e-07,0.174710357604748,3.85585347574328e-08,0.278060170221484
"root15",18,"T1",1.20717634196777e-11,3.3939167229575e-10,8.10185185185185e-07,0.174710357604748,6.90958657813977e-08,0.278060170221484
"root15",18,"T2",1.18484006719323e-11,3.3939167229575e-10,9.25925925925926e-07,0.174710357604748,6.7817391220372e-08,0.278060170221484
"root15",18,"T3",6.81608954863397e-12,3.3939167229575e-10,9.25925925925926e-07,0.174710357604748,3.90136546114466e-08,0.278060170221484
"root15",18,"T1",1.25570926093337e-11,3.3939167229575e-10,9.25925925925926e-07,0.174710357604748,7.18737731493969e-08,0.278060170221484
"root15",18,"T2",1.2225725370545e-11,3.3939167229575e-10,1.04166666666667e-06,0.174710357604748,6.99771068994295e-08,0.278060170221484
"root15",18,"T3",6.88561991550469e-12,3.3939167229575e-10,1.04166666666667e-06,0.174710357604748,3.94116296818659e-08,0.278060170221484
"root15",18,"T1",1.3008794400456e-11,3.3939167229575e-10,1.04166666666667e-06,0.174710357604748,7.44592053888764e-08,0.278060170221484
"root15",18,"T2",1.25758642518317e-11,3.3939167229575e-10,1.15740740740741e-06,0.174710357604748,7.19812175090523e-08,0.278060170221484
"root15",18,"T3",6.94744631769392e-12,3.3939167229575e-10,1.15740740740741e-06,0.174710357604748,3.97655091142983e-08,0.278060170221484
"root15",18,"T1",1.34328598531641e-11,3.3939167229575e-10,1.15740740740741e-06,0.174710357604748,7.68864538847411e-08,0.278060170221484
"root15",20,"T2",6.30673979772555e-12,4.05385571134367e-10,1.15740740740741e-07,0.127820978899962,4.93404122860103e-08,0.203433406227738
"root15",20,"T3",4.64036740029333e-12,4.05385571134367e-10,1.15740740740741e-07,0.127820978899962,3.63036446773348e-08,0.203433406227738
"root15",20,"T1",6.53684012420713e-12,4.05385571134367e-10,1.15740740740741e-07,0.127820978899962,5.11405888177647e-08,0.203433406227738
"root15",20,"T2",7.69754658651638e-12,4.05385571134367e-10,2.31481481481481e-07,0.127820978899962,6.02213083702074e-08,0.203433406227738
"root15",20,"T3",5.15814839500529e-12,4.05385571134367e-10,2.31481481481481e-07,0.127820978899962,4.03544741981852e-08,0.203433406227738
"root15",20,"T1",8.05895025819748e-12,4.05385571134367e-10,2.31481481481481e-07,0.127820978899962,6.30487289923257e-08,0.203433406227738
"root15",20,"T2",8.66174801824877e-12,4.05385571134367e-10,3.47222222222222e-07,0.127820978899962,6.77646822359874e-08,0.203433406227738
"root15",20,"T3",5.43573759812233e-12,4.05385571134367e-10,3.47222222222222e-07,0.127820978899962,4.2526177196441e-08,0.203433406227738
"root15",20,"T1",9.14252580734918e-12,4.05385571134367e-10,3.47222222222222e-07,0.127820978899962,7.15260193282082e-08,0.203433406227738
"root15",20,"T2",9.40775268191256e-12,4.05385571134367e-10,4.62962962962963e-07,0.127820978899962,7.36010063674716e-08,0.203433406227738
"root15",20,"T3",5.61410857807645e-12,4.05385571134367e-10,4.62962962962963e-07,0.127820978899962,4.39216521919323e-08,0.203433406227738
"root15",20,"T1",1.00016372015452e-11,4.05385571134367e-10,4.62962962962963e-07,0.127820978899962,7.82472273927183e-08,0.203433406227738
"root15",20,"T2",1.00195861024462e-11,4.05385571134367e-10,5.78703703703704e-07,0.127820978899962,7.83876495758022e-08,0.203433406227738
"root15",20,"T3",5.74109946838496e-12,4.05385571134367e-10,5.78703703703704e-07,0.127820978899962,4.49151580420784e-08,0.203433406227738
"root15",20,"T1",1.07220969681732e-11,4.05385571134367e-10,5.78703703703704e-07,0.127820978899962,8.38837025068068e-08,0.203433406227738
"root15",20,"T2",1.05402024175439e-11,4.05385571134367e-10,6.94444444444444e-07,0.127820978899962,8.24606610609128e-08,0.203433406227738
"root15",20,"T3",5.8377481448053e-12,4.05385571134367e-10,6.94444444444444e-07,0.127820978899962,4.56712833452337e-08,0.203433406227738
"root15",20,"T1",1.13476993470388e-11,4.05385571134367e-10,6.94444444444444e-07,0.127820978899962,8.87780663604527e-08,0.203433406227738
"root15",20,"T2",1.09946741034353e-11,4.05385571134367e-10,8.10185185185185e-07,0.127820978899962,8.60161938834797e-08,0.203433406227738
"root15",20,"T3",5.91482857769441e-12,4.05385571134367e-10,8.10185185185185e-07,0.127820978899962,4.62743176323473e-08,0.203433406227738
"root15",20,"T1",1.19040280082333e-11,4.05385571134367e-10,8.10185185185185e-07,0.127820978899962,9.31304713097985e-08,0.203433406227738
"root15",20,"T2",1.13989446590624e-11,4.05385571134367e-10,9.25925925925926e-07,0.127820978899962,8.91789810809045e-08,0.203433406227738
"root15",20,"T3",5.97845742853914e-12,4.05385571134367e-10,9.25925925925926e-07,0.127820978899962,4.67721142490868e-08,0.203433406227738
"root15",20,"T1",1.2407386847907e-11,4.05385571134367e-10,9.25925925925926e-07,0.127820978899962,9.70684699388633e-08,0.203433406227738
"root15",20,"T2",1.17637838565579e-11,4.05385571134367e-10,1.04166666666667e-06,0.127820978899962,9.2033279339573e-08,0.203433406227738
"root15",20,"T3",6.03237891519633e-12,4.05385571134367e-10,1.04166666666667e-06,0.127820978899962,4.71939658662567e-08,0.203433406227738
"root15",20,"T1",1.28688206860966e-11,4.05385571134367e-10,1.04166666666667e-06,0.127820978899962,1.00678470755323e-07,0.203433406227738
"root15",20,"T2",1.20968038508273e-11,4.05385571134367e-10,1.15740740740741e-06,0.127820978899962,9.46386419110024e-08,0.203433406227738
"root15",20,"T3",6.07902144715125e-12,4.05385571134367e-10,1.15740740740741e-06,0.127820978899962,4.7558871004336e-08,0.203433406227738
"root15",20,"T1",1.3296161070888e-11,4.05385571134367e-10,1.15740740740741e-06,0.127820978899962,1.04021743420492e-07,0.203433406227738
"root15",21,"T2",6.62672424174218e-12,1.72272247189277e-10,1.15740740740741e-07,0.16144850164327,4.10454366209252e-08,0.256953270913064
"root15",21,"T3",5.15543164148877e-12,1.72272247189277e-10,1.15740740740741e-07,0.16144850164327,3.1932359786652e-08,0.256953270913064
"root15",21,"T1",6.79936403785107e-12,1.72272247189277e-10,1.15740740740741e-07,0.16144850164327,4.21147546656993e-08,0.256953270913064
"root15",21,"T2",7.78073840383171e-12,1.72272247189277e-10,2.31481481481481e-07,0.16144850164327,4.81933144292891e-08,0.256953270913064
"root15",21,"T3",5.62444079346424e-12,1.72272247189277e-10,2.31481481481481e-07,0.16144850164327,3.48373675581814e-08,0.256953270913064
"root15",21,"T1",8.03239314703435e-12,1.72272247189277e-10,2.31481481481481e-07,0.16144850164327,4.97520451740234e-08,0.256953270913064
"root15",21,"T2",8.56971711423165e-12,1.72272247189277e-10,3.47222222222222e-07,0.16144850164327,5.3080189825279e-08,0.256953270913064
"root15",21,"T3",5.8793294532009e-12,1.72272247189277e-10,3.47222222222222e-07,0.16144850164327,3.64161289411755e-08,0.256953270913064
"root15",21,"T1",8.89344022108876e-12,1.72272247189277e-10,3.47222222222222e-07,0.16144850164327,5.50853066492951e-08,0.256953270913064
"root15",21,"T2",9.18462098974525e-12,1.72272247189277e-10,4.62962962962963e-07,0.16144850164327,5.68888586531402e-08,0.256953270913064
"root15",21,"T3",6.04977723621145e-12,1.72272247189277e-10,4.62962962962963e-07,0.16144850164327,3.74718698200049e-08,0.256953270913064
"root15",21,"T1",9.57794070686098e-12,1.72272247189277e-10,4.62962962962963e-07,0.16144850164327,5.93250516999161e-08,0.256953270913064
"root15",21,"T2",9.69628760595189e-12,1.72272247189277e-10,5.78703703703704e-07,0.16144850164327,6.00580835824442e-08,0.256953270913064
"root15",21,"T3",6.17710089120634e-12,1.72272247189277e-10,5.78703703703704e-07,0.16144850164327,3.82605030603196e-08,0.256953270913064
"root15",21,"T1",1.01578445433204e-11,1.72272247189277e-10,5.78703703703704e-07,0.16144850164327,6.29169328914846e-08,0.256953270913064
"root15",21,"T2",1.0139091417457e-11,1.72272247189277e-10,6.94444444444444e-07,0.16144850164327,6.28007774259803e-08,0.256953270913064
"root15",21,"T3",6.27887832747659e-12,1.72272247189277e-10,6.94444444444444e-07,0.16144850164327,3.8890904923665e-08,0.256953270913064
"root15",21,"T1",1.0667903800399e-11,1.72272247189277e-10,6.94444444444444e-07,0.16144850164327,6.6076201958011e-08,0.256953270913064
"root15",21,"T2",1.0532411612931e-11,1.72272247189277e-10,8.10185185185185e-07,0.16144850164327,6.52369734356715e-08,0.256953270913064
"root15",21,"T3",6.36396286823484e-12,1.72272247189277e-10,8.10185185185185e-07,0.16144850164327,3.94179122349267e-08,0.256953270913064
"root15",21,"T1",1.11276527048474e-11,1.72272247189277e-10,8.10185185185185e-07,0.16144850164327,6.89238524457455e-08,0.256953270913064
"root15",21,"T2",1.08882854909427e-11,1.72272247189277e-10,9.25925925925926e-07,0.16144850164327,6.74412297427265e-08,0.256953270913064
"root15",21,"T3",6.43734978256709e-12,1.72272247189277e-10,9.25925925925926e-07,0.16144850164327,3.98724653189461e-08,0.256953270913064
"root15",21,"T1",1.15492024258375e-11,1.72272247189277e-10,9.25925925925926e-07,0.16144850164327,7.15349000349113e-08,0.256953270913064
"root15",21,"T2",1.12147186406867e-11,1.72272247189277e-10,1.04166666666667e-06,0.16144850164327,6.94631323706322e-08,0.256953270913064
"root15",21,"T3",6.50209993599067e-12,1.72272247189277e-10,1.04166666666667e-06,0.16144850164327,4.02735229488685e-08,0.256953270913064
"root15",21,"T1",1.19405994010311e-11,1.72272247189277e-10,1.04166666666667e-06,0.16144850164327,7.39591837613615e-08,0.256953270913064
"root15",21,"T2",1.15173140987793e-11,1.72272247189277e-10,1.15740740740741e-06,0.16144850164327,7.13373861110677e-08,0.256953270913064
"root15",21,"T3",6.56021076289854e-12,1.72272247189277e-10,1.15740740740741e-06,0.16144850164327,4.06334570846233e-08,0.256953270913064
"root15",21,"T1",1.23074732259104e-11,1.72272247189277e-10,1.15740740740741e-06,0.16144850164327,7.62315729204134e-08,0.256953270913064
"root15",28,"T2",1.02941179072304e-11,4.11642551888906e-09,1.15740740740741e-07,0.197173730223214,5.22083641445376e-08,0.313811738128923
"root15",28,"T3",8.20121175325263e-12,4.11642551888906e-09,1.15740740740741e-07,0.197173730223214,4.15938357709635e-08,0.313811738128923
"root15",28,"T1",1.06292934725795e-11,4.11642551888906e-09,1.15740740740741e-07,0.197173730223214,5.39082638470472e-08,0.313811738128923
"root15",28,"T2",1.21103908264794e-11,4.11642551888906e-09,2.31481481481481e-07,0.197173730223214,6.14199001701172e-08,0.313811738128923
"root15",28,"T3",9.00063647922516e-12,4.11642551888906e-09,2.31481481481481e-07,0.197173730223214,4.56482537964659e-08,0.313811738128923
"root15",28,"T1",1.26285918221448e-11,4.11642551888906e-09,2.31481481481481e-07,0.197173730223214,6.40480443710652e-08,0.313811738128923
"root15",28,"T2",1.33434530569066e-11,4.11642551888906e-09,3.47222222222222e-07,0.197173730223214,6.76735843147104e-08,0.313811738128923
"root15",28,"T3",9.45609261356335e-12,4.11642551888906e-09,3.47222222222222e-07,0.197173730223214,4.79581767959576e-08,0.313811738128923
"root15",28,"T1",1.40169485196394e-11,4.11642551888906e-09,3.47222222222222e-07,0.197173730223214,7.1089330732706e-08,0.313811738128923
"root15",28,"T2",1.42929212029975e-11,4.11642551888906e-09,4.62962962962963e-07,0.197173730223214,7.24889729824403e-08,0.313811738128923
"root15",28,"T3",9.76931145644864e-12,4.11642551888906e-09,4.62962962962963e-07,0.197173730223214,4.9546719258134e-08,0.313811738128923
"root15",28,"T1",1.51088407695663e-11,4.11642551888906e-09,4.62962962962963e-07,0.197173730223214,7.66270473884229e-08,0.313811738128923
"root15",28,"T2",1.50740562000304e-11,4.11642551888906e-09,5.78703703703704e-07,0.197173730223214,7.64506315469385e-08,0.313811738128923
"root15",28,"T3",1.00074657161697e-11,4.11642551888906e-09,5.78703703703704e-07,0.197173730223214,5.07545589609762e-08,0.313811738128923
"root15",28,"T1",1.60248445525135e-11,4.11642551888906e-09,5.78703703703704e-07,0.197173730223214,8.12727158652031e-08,0.313811738128923
"root15",28,"T2",1.57437148880902e-11,4.11642551888906e-09,6.94444444444444e-07,0.197173730223214,7.98469191117256e-08,0.313811738128923
"root15",28,"T3",1.02001603475375e-11,4.11642551888906e-09,6.94444444444444e-07,0.197173730223214,5.17318424517822e-08,0.313811738128923
"root15",28,"T1",1.68242265332044e-11,4.11642551888906e-09,6.94444444444444e-07,0.197173730223214,8.53269171007629e-08,0.313811738128923
"root15",28,"T2",1.63340805603132e-11,4.11642551888906e-09,8.10185185185185e-07,0.197173730223214,8.28410587040265e-08,0.313811738128923
"root15",28,"T3",1.03626880303278e-11,4.11642551888906e-09,8.10185185185185e-07,0.197173730223214,5.2556129148627e-08,0.313811738128923
"root15",28,"T1",1.75404586623151e-11,4.11642551888906e-09,8.10185185185185e-07,0.197173730223214,8.89594097675087e-08,0.313811738128923
"root15",28,"T2",1.68650803810168e-11,4.11642551888906e-09,9.25925925925926e-07,0.197173730223214,8.55341143159606e-08,0.313811738128923
"root15",28,"T3",1.0503830247056e-11,4.11642551888906e-09,9.25925925925926e-07,0.197173730223214,5.32719558288263e-08,0.313811738128923
"root15",28,"T1",1.81942415639226e-11,4.11642551888906e-09,9.25925925925926e-07,0.197173730223214,9.22751805898557e-08,0.313811738128923
"root15",28,"T2",1.73498700376867e-11,4.11642551888906e-09,1.04166666666667e-06,0.197173730223214,8.7992807246916e-08,0.313811738128923
"root15",28,"T3",1.06290331052829e-11,4.11642551888906e-09,1.04166666666667e-06,0.197173730223214,5.39069433501619e-08,0.313811738128923
"root15",28,"T1",1.87992348899987e-11,4.11642551888906e-09,1.04166666666667e-06,0.197173730223214,9.53435068085221e-08,0.313811738128923
"root15",28,"T2",1.77975679270665e-11,4.11642551888906e-09,1.15740740740741e-06,0.197173730223214,9.02633829918339e-08,0.313811738128923
"root15",28,"T3",1.0741880010789e-11,4.11642551888906e-09,1.15740740740741e-06,0.197173730223214,5.44792655625498e-08,0.313811738128923
"root15",28,"T1",1.93649056118913e-11,4.11642551888906e-09,1.15740740740741e-06,0.197173730223214,9.82124017736487e-08,0.313811738128923
"root15",4,"T2",4.75132478741385e-12,8.9877930592384e-12,1.15740740740741e-07,0.135546322136145,3.50531442870249e-08,0.215728671858939
"root15",4,"T3",3.43187494036557e-12,8.9877930592384e-12,1.15740740740741e-07,0.135546322136145,2.53188348180966e-08,0.215728671858939
"root15",4,"T1",4.86498503620531e-12,8.9877930592384e-12,1.15740740740741e-07,0.135546322136145,3.58916786493022e-08,0.215728671858939
"root15",4,"T2",5.77813168148793e-12,8.9877930592384e-12,2.31481481481481e-07,0.135546322136145,4.26284652392433e-08,0.215728671858939
"root15",4,"T3",3.78650891051463e-12,8.9877930592384e-12,2.31481481481481e-07,0.135546322136145,2.79351652692678e-08,0.215728671858939
"root15",4,"T1",5.95241911791435e-12,8.9877930592384e-12,2.31481481481481e-07,0.135546322136145,4.39142798130343e-08,0.215728671858939
"root15",4,"T2",6.51032735974531e-12,8.9877930592384e-12,3.47222222222222e-07,0.135546322136145,4.80302767138619e-08,0.215728671858939
"root15",4,"T3",3.97518987827415e-12,8.9877930592384e-12,3.47222222222222e-07,0.135546322136145,2.93271688646882e-08,0.215728671858939
"root15",4,"T1",6.74321160103314e-12,8.9877930592384e-12,3.47222222222222e-07,0.135546322136145,4.97483922452735e-08,0.215728671858939
"root15",4,"T2",7.09555885446238e-12,8.9877930592384e-12,4.62962962962963e-07,0.135546322136145,5.23478523256093e-08,0.215728671858939
"root15",4,"T3",4.09823319605205e-12,8.9877930592384e-12,4.62962962962963e-07,0.135546322136145,3.02349273035657e-08,0.215728671858939
"root15",4,"T1",7.38678967167606e-12,8.9877930592384e-12,4.62962962962963e-07,0.135546322136145,5.44964227377312e-08,0.215728671858939
"root15",4,"T2",7.59058687566517e-12,8.9877930592384e-12,5.78703703703704e-07,0.135546322136145,5.59999471475225e-08,0.215728671858939
"root15",4,"T3",4.18782096378565e-12,8.9877930592384e-12,5.78703703703704e-07,0.135546322136145,3.08958656921678e-08,0.215728671858939
"root15",4,"T1",7.94024047577575e-12,8.9877930592384e-12,5.78703703703704e-07,0.135546322136145,5.85795346612241e-08,0.215728671858939
"root15",4,"T2",8.02382592415819e-12,8.9877930592384e-12,6.94444444444444e-07,0.135546322136145,5.91961906284623e-08,0.215728671858939
"root15",4,"T3",4.25768113725247e-12,8.9877930592384e-12,6.94444444444444e-07,0.135546322136145,3.14112627340488e-08,0.215728671858939
"root15",4,"T1",8.43201685593281e-12,8.9877930592384e-12,6.94444444444444e-07,0.135546322136145,6.22076403331958e-08,0.215728671858939
"root15",4,"T2",8.41171922117529e-12,8.9877930592384e-12,8.10185185185185e-07,0.135546322136145,6.20578934832803e-08,0.215728671858939
"root15",4,"T3",4.31473124362895e-12,8.9877930592384e-12,8.10185185185185e-07,0.135546322136145,3.18321528436247e-08,0.215728671858939
"root15",4,"T1",8.87852827442798e-12,8.9877930592384e-12,8.10185185185185e-07,0.135546322136145,6.55018014100761e-08,0.215728671858939
"root15",4,"T2",8.76470171014246e-12,8.9877930592384e-12,9.25925925925926e-07,0.135546322136145,6.46620400466421e-08,0.215728671858939
"root15",4,"T3",4.36287008933021e-12,8.9877930592384e-12,9.25925925925926e-07,0.135546322136145,3.21872996668111e-08,0.215728671858939
"root15",4,"T1",9.29015879086575e-12,8.9877930592384e-12,9.25925925925926e-07,0.135546322136145,6.85386268285064e-08,0.215728671858939
"root15",4,"T2",9.08983583754841e-12,8.9877930592384e-12,1.04166666666667e-06,0.135546322136145,6.70607338826828e-08,0.215728671858939
"root15",4,"T3",4.40448140348668e-12,8.9877930592384e-12,1.04166666666667e-06,0.135546322136145,3.2494289288519e-08,0.215728671858939
"root15",4,"T1",9.67391911041646e-12,8.9877930592384e-12,1.04166666666667e-06,0.135546322136145,7.136983842837e-08,0.215728671858939
"root15",4,"T2",9.39213617340249e-12,8.9877930592384e-12,1.15740740740741e-06,0.135546322136145,6.92909702409252e-08,0.215728671858939
"root15",4,"T3",4.44111611527774e-12,8.9877930592384e-12,1.15740740740741e-06,0.135546322136145,3.27645637689602e-08,0.215728671858939
"root15",4,"T1",1.00347761640591e-11,8.9877930592384e-12,1.15740740740741e-06,0.135546322136145,7.40320799997802e-08,0.215728671858939
"root15",5,"T2",5.74532265344721e-12,2.25911219320269e-11,1.15740740740741e-07,0.138627597428705,4.14442921901029e-08,0.220632673797317
"root15",5,"T3",4.27464948186926e-12,2.25911219320269e-11,1.15740740740741e-07,0.138627597428705,3.08354870253571e-08,0.220632673797317
"root15",5,"T1",5.89998659120646e-12,2.25911219320269e-11,1.15740740740741e-07,0.138627597428705,4.25599714677359e-08,0.220632673797317
"root15",5,"T2",6.93345092146019e-12,2.25911219320269e-11,2.31481481481481e-07,0.138627597428705,5.00149396661513e-08,0.220632673797317
"root15",5,"T3",4.70674641688104e-12,2.25911219320269e-11,2.31481481481481e-07,0.138627597428705,3.39524488931699e-08,0.220632673797317
"root15",5,"T1",7.17038357941538e-12,2.25911219320269e-11,2.31481481481481e-07,0.138627597428705,5.17240701881388e-08,0.220632673797317
"root15",5,"T2",7.77534990796053e-12,2.25911219320269e-11,3.47222222222222e-07,0.138627597428705,5.6088037679217e-08,0.220632673797317
"root15",5,"T3",4.94134194703041e-12,2.25911219320269e-11,3.47222222222222e-07,0.138627597428705,3.56447203780741e-08,0.220632673797317
"root15",5,"T1",8.09056531286101e-12,2.25911219320269e-11,3.47222222222222e-07,0.138627597428705,5.83618663449889e-08,0.220632673797317
"root15",5,"T2",8.44428655181526e-12,2.25911219320269e-11,4.62962962962963e-07,0.138627597428705,6.09134595740079e-08,0.220632673797317
"root15",5,"T3",5.0963175529563e-12,2.25911219320269e-11,4.62962962962963e-07,0.138627597428705,3.67626478961182e-08,0.220632673797317
"root15",5,"T1",8.83714982616423e-12,2.25911219320269e-11,4.62962962962963e-07,0.138627597428705,6.37474066497409e-08,0.220632673797317
"root15",5,"T2",9.00687035575568e-12,2.25911219320269e-11,5.78703703703704e-07,0.138627597428705,6.49716977197692e-08,0.220632673797317
"root15",5,"T3",5.2100686361889e-12,2.25911219320269e-11,5.78703703703704e-07,0.138627597428705,3.7583199397713e-08,0.220632673797317
"root15",5,"T1",9.47734196439579e-12,2.25911219320269e-11,5.78703703703704e-07,0.138627597428705,6.83654780158035e-08,0.220632673797317
"root15",5,"T2",9.49638127807472e-12,2.25911219320269e-11,6.94444444444444e-07,0.138627597428705,6.85028194545363e-08,0.220632673797317
"root15",5,"T3",5.29919119563784e-12,2.25911219320269e-11,6.94444444444444e-07,0.138627597428705,3.82260912973203e-08,0.220632673797317
"root15",5,"T1",1.00444645031757e-11,2.25911219320269e-11,6.94444444444444e-07,0.138627597428705,7.2456456647036e-08,0.220632673797317
"root15",5,"T2",9.93206546100253e-12,2.25911219320269e-11,8.10185185185185e-07,0.138627597428705,7.16456581894561e-08,0.220632673797317
"root15",5,"T3",5.37214761416518e-12,2.25911219320269e-11,8.10185185185185e-07,0.138627597428705,3.87523675935308e-08,0.220632673797317
"root15",5,"T1",1.05576743423741e-11,2.25911219320269e-11,8.10185185185185e-07,0.138627597428705,7.61585321984952e-08,0.220632673797317
"root15",5,"T2",1.03261532212444e-11,2.25911219320269e-11,9.25925925925926e-07,0.138627597428705,7.44884381809694e-08,0.220632673797317
"root15",5,"T3",5.43376000150343e-12,2.25911219320269e-11,9.25925925925926e-07,0.138627597428705,3.91968129166919e-08,0.220632673797317
"root15",5,"T1",1.10290877249187e-11,2.25911219320269e-11,9.25925925925926e-07,0.138627597428705,7.95591060473432e-08,0.220632673797317
"root15",5,"T2",1.06869483718099e-11,2.25911219320269e-11,1.04166666666667e-06,0.138627597428705,7.70910595727959e-08,0.220632673797317
"root15",5,"T3",5.48700680557736e-12,2.25911219320269e-11,1.04166666666667e-06,0.138627597428705,3.95809125120219e-08,0.220632673797317
"root15",5,"T1",1.14669005406305e-11,2.25911219320269e-11,1.04166666666667e-06,0.138627597428705,8.27172998257282e-08,0.220632673797317
"root15",5,"T2",1.10203734871319e-11,2.25911219320269e-11,1.15740740740741e-06,0.138627597428705,7.9496245275401e-08,0.220632673797317
"root15",5,"T3",5.5338441282624e-12,2.25911219320269e-11,1.15740740740741e-06,0.138627597428705,3.99187768590479e-08,0.220632673797317
"root15",5,"T1",1.18769421219687e-11,2.25911219320269e-11,1.15740740740741e-06,0.138627597428705,8.56751638365293e-08,0.220632673797317
"root15",6,"T2",5.43614915805199e-12,5.33703247898034e-11,1.15740740740741e-07,0.134547466245256,4.04032072082492e-08,0.214138943334224
"root15",6,"T3",4.02162441582487e-12,5.33703247898034e-11,1.15740740740741e-07,0.134547466245256,2.98900048291817e-08,0.214138943334224
"root15",6,"T1",5.60119482027049e-12,5.33703247898034e-11,1.15740740740741e-07,0.134547466245256,4.1629879599966e-08,0.214138943334224
"root15",6,"T2",6.61533288551121e-12,5.33703247898034e-11,2.31481481481481e-07,0.134547466245256,4.91672795491566e-08,0.214138943334224
"root15",6,"T3",4.43419729150379e-12,5.33703247898034e-11,2.31481481481481e-07,0.134547466245256,3.29563790032362e-08,0.214138943334224
"root15",6,"T1",6.86751211614951e-12,5.33703247898034e-11,2.31481481481481e-07,0.134547466245256,5.10415566178799e-08,0.214138943334224
"root15",6,"T2",7.45097831069336e-12,5.33703247898034e-11,3.47222222222222e-07,0.134547466245256,5.53780648467326e-08,0.214138943334224
"root15",6,"T3",4.65166708086571e-12,5.33703247898034e-11,3.47222222222222e-07,0.134547466245256,3.45726843520528e-08,0.214138943334224
"root15",6,"T1",7.78490428870477e-12,5.33703247898034e-11,3.47222222222222e-07,0.134547466245256,5.78599100076272e-08,0.214138943334224
"root15",6,"T2",8.11265711428797e-12,5.33703247898034e-11,4.62962962962963e-07,0.134547466245256,6.02958743162064e-08,0.214138943334224
"root15",6,"T3",4.79222434840964e-12,5.33703247898034e-11,4.62962962962963e-07,0.134547466245256,3.56173511262878e-08,0.214138943334224
"root15",6,"T1",8.52597057338416e-12,5.33703247898034e-11,4.62962962962963e-07,0.134547466245256,6.33677527441716e-08,0.214138943334224
"root15",6,"T2",8.6664446631335e-12,5.33703247898034e-11,5.78703703703704e-07,0.134547466245256,6.44118013143118e-08,0.214138943334224
"root15",6,"T3",4.89374470668219e-12,5.33703247898034e-11,5.78703703703704e-07,0.134547466245256,3.63718830480373e-08,0.214138943334224
"root15",6,"T1",9.15754425068133e-12,5.33703247898034e-11,5.78703703703704e-07,0.134547466245256,6.80618112420546e-08,0.214138943334224
"root15",6,"T2",9.1458605303128e-12,5.33703247898034e-11,6.94444444444444e-07,0.134547466245256,6.797497407823e-08,0.214138943334224
"root15",6,"T3",4.97235606392375e-12,5.33703247898034e-11,6.94444444444444e-07,0.134547466245256,3.69561479133322e-08,0.214138943334224
"root15",6,"T1",9.71342365332533e-12,5.33703247898034e-11,6.94444444444444e-07,0.134547466245256,7.21932855697148e-08,0.214138943334224
"root15",6,"T2",9.57052575288198e-12,5.33703247898034e-11,8.10185185185185e-07,0.134547466245256,7.11312224597126e-08,0.214138943334224
"root15",6,"T3",5.03616744862266e-12,5.33703247898034e-11,8.10185185185185e-07,0.134547466245256,3.74304146273749e-08,0.214138943334224
"root15",6,"T1",1.02133666506201e-11,5.33703247898034e-11,8.10185185185185e-07,0.134547466245256,7.59090225601351e-08,0.214138943334224
"root15",6,"T2",9.95300863822161e-12,5.33703247898034e-11,9.25925925925926e-07,0.134547466245256,7.39739581574807e-08,0.214138943334224
"root15",6,"T3",5.08973740206729e-12,5.33703247898034e-11,9.25925925925926e-07,0.134547466245256,3.78285637337058e-08,0.214138943334224
"root15",6,"T1",1.06700249248433e-11,5.33703247898034e-11,9.25925925925926e-07,0.134547466245256,7.93030535810591e-08,0.214138943334224
"root15",6,"T2",1.03018783115729e-11,5.33703247898034e-11,1.04166666666667e-06,0.134547466245256,7.65668696636357e-08,0.214138943334224
"root15",6,"T3",5.13584482884511e-12,5.33703247898034e-11,1.04166666666667e-06,0.134547466245256,3.81712489440966e-08,0.214138943334224
"root15",6,"T1",1.10920263427243e-11,5.33703247898034e-11,1.04166666666667e-06,0.134547466245256,8.24395037102035e-08,0.214138943334224
"root15",6,"T2",1.06232536485776e-11,5.33703247898034e-11,1.15740740740741e-06,0.134547466245256,7.89554344279756e-08,0.214138943334224
"root15",6,"T3",5.17629193260334e-12,5.33703247898034e-11,1.15740740740741e-06,0.134547466245256,3.8471864815112e-08,0.214138943334224
"root15",6,"T1",1.14855351013333e-11,5.33703247898034e-11,1.15740740740741e-06,0.134547466245256,8.53641872407858e-08,0.214138943334224
"root16",12,"T2",5.45329462234391e-12,2.03100607296639e-10,1.15740740740741e-07,0.104421013422739,5.22241112549515e-08,0.166191204488941
"root16",12,"T3",4.0278505865431e-12,2.03100607296639e-10,1.15740740740741e-07,0.104421013422739,3.85731803831161e-08,0.166191204488941
"root16",12,"T1",5.64994378230551e-12,2.03100607296639e-10,1.15740740740741e-07,0.104421013422739,5.41073448447797e-08,0.166191204488941
"root16",12,"T2",6.6587276807983e-12,2.03100607296639e-10,2.31481481481481e-07,0.104421013422739,6.37680813711417e-08,0.166191204488941
"root16",12,"T3",4.4198715463001e-12,2.03100607296639e-10,2.31481481481481e-07,0.104421013422739,4.23274147743295e-08,0.166191204488941
"root16",12,"T1",6.98403902600619e-12,2.03100607296639e-10,2.31481481481481e-07,0.104421013422739,6.68834633670135e-08,0.166191204488941
"root16",12,"T2",7.52189203692401e-12,2.03100607296639e-10,3.47222222222222e-07,0.104421013422739,7.20342753854755e-08,0.166191204488941
"root16",12,"T3",4.6282569903666e-12,2.03100607296639e-10,3.47222222222222e-07,0.104421013422739,4.43230422561551e-08,0.166191204488941
"root16",12,"T1",7.96464913263031e-12,2.03100607296639e-10,3.47222222222222e-07,0.104421013422739,7.62743902933229e-08,0.166191204488941
"root16",12,"T2",8.20128168694521e-12,2.03100607296639e-10,4.62962962962963e-07,0.104421013422739,7.85405295172061e-08,0.166191204488941
"root16",12,"T3",4.76160349011988e-12,2.03100607296639e-10,4.62962962962963e-07,0.104421013422739,4.56000505457935e-08,0.166191204488941
"root16",12,"T1",8.75616262966711e-12,2.03100607296639e-10,4.62962962962963e-07,0.104421013422739,8.3854411508329e-08,0.166191204488941
"root16",12,"T2",8.76268887342103e-12,2.03100607296639e-10,5.78703703703704e-07,0.104421013422739,8.39169108419402e-08,0.166191204488941
"root16",12,"T3",4.85597708367629e-12,2.03100607296639e-10,5.78703703703704e-07,0.104421013422739,4.65038302589279e-08,0.166191204488941
"root16",12,"T1",9.4261298150677e-12,2.03100607296639e-10,5.78703703703704e-07,0.104421013422739,9.02704303099116e-08,0.166191204488941
"root16",12,"T2",9.24112981116018e-12,2.03100607296639e-10,6.94444444444444e-07,0.104421013422739,8.84987562201518e-08,0.166191204488941
"root16",12,"T3",4.92723276028907e-12,2.03100607296639e-10,6.94444444444444e-07,0.104421013422739,4.71862185472345e-08,0.166191204488941
"root16",12,"T1",1.0010195069277e-11,2.03100607296639e-10,6.94444444444444e-07,0.104421013422739,9.58637992599404e-08,0.166191204488941
"root16",12,"T2",9.65782237738536e-12,2.03100607296639e-10,8.10185185185185e-07,0.104421013422739,9.24892611249284e-08,0.166191204488941
"root16",12,"T3",4.98352931374885e-12,2.03100607296639e-10,8.10185185185185e-07,0.104421013422739,4.77253490499415e-08,0.166191204488941
"root16",12,"T1",1.05298479678631e-11,2.03100607296639e-10,8.10185185185185e-07,0.104421013422739,1.00840315782361e-07,0.166191204488941
"root16",12,"T2",1.00267057361413e-11,2.03100607296639e-10,9.25925925925926e-07,0.104421013422739,9.60219155846443e-08,0.166191204488941
"root16",12,"T3",5.02952560856894e-12,2.03100607296639e-10,9.25925925925926e-07,0.104421013422739,4.81658379258145e-08,0.166191204488941
"root16",12,"T1",1.09991759024754e-11,2.03100607296639e-10,9.25925925925926e-07,0.104421013422739,1.05334889424471e-07,0.166191204488941
"root16",12,"T2",1.03574637367793e-11,2.03100607296639e-10,1.04166666666667e-06,0.104421013422739,9.91894581107738e-08,0.166191204488941
"root16",12,"T3",5.0680890674387e-12,2.03100607296639e-10,1.04166666666667e-06,0.104421013422739,4.853514538229e-08,0.166191204488941
"root16",12,"T1",1.14279658142164e-11,2.03100607296639e-10,1.04166666666667e-06,0.104421013422739,1.0944124596791e-07,0.166191204488941
"root16",12,"T2",1.06571086140421e-11,2.03100607296639e-10,1.15740740740741e-06,0.104421013422739,1.02059042186248e-07,0.166191204488941
"root16",12,"T3",5.10108807117989e-12,2.03100607296639e-10,1.15740740740741e-06,0.104421013422739,4.88511641859728e-08,0.166191204488941
"root16",12,"T1",1.18233160101536e-11,2.03100607296639e-10,1.15740740740741e-06,0.104421013422739,1.13227363177256e-07,0.166191204488941
"root16",15,"T2",6.26131036359458e-12,8.85080105678639e-11,1.15740740740741e-07,0.148558389248663,4.21471341690044e-08,0.236438019866946
"root16",15,"T3",4.713183244864e-12,8.85080105678639e-11,1.15740740740741e-07,0.148558389248663,3.17261331971962e-08,0.236438019866946
"root16",15,"T1",6.42435320977186e-12,8.85080105678639e-11,1.15740740740741e-07,0.148558389248663,4.32446342630877e-08,0.236438019866946
"root16",15,"T2",7.43460339262625e-12,8.85080105678639e-11,2.31481481481481e-07,0.148558389248663,5.00449919403873e-08,0.236438019866946
"root16",15,"T3",5.14602456255249e-12,8.85080105678639e-11,2.31481481481481e-07,0.148558389248663,3.46397439321913e-08,0.236438019866946
"root16",15,"T1",7.67667761043242e-12,8.85080105678639e-11,2.31481481481481e-07,0.148558389248663,5.16744806487023e-08,0.236438019866946
"root16",15,"T2",8.25038563397705e-12,8.85080105678639e-11,3.47222222222222e-07,0.148558389248663,5.55363158937273e-08,0.236438019866946
"root16",15,"T3",5.379778253398e-12,8.85080105678639e-11,3.47222222222222e-07,0.148558389248663,3.62132241780914e-08,0.236438019866946
"root16",15,"T1",8.56683948860553e-12,8.85080105678639e-11,3.47222222222222e-07,0.148558389248663,5.76664807146368e-08,0.236438019866946
"root16",15,"T2",8.88900944207274e-12,8.85080105678639e-11,4.62962962962963e-07,0.148558389248663,5.98351226546618e-08,0.236438019866946
"root16",15,"T3",5.53379214352686e-12,8.85080105678639e-11,4.62962962962963e-07,0.148558389248663,3.72499471185311e-08,0.236438019866946
"root16",15,"T1",9.27851881740307e-12,8.85080105678639e-11,4.62962962962963e-07,0.148558389248663,6.24570504858686e-08,0.236438019866946
"root16",15,"T2",9.41964738665772e-12,8.85080105678639e-11,5.78703703703704e-07,0.148558389248663,6.34070376927064e-08,0.236438019866946
"root16",15,"T3",5.64679415189869e-12,8.85080105678639e-11,5.78703703703704e-07,0.148558389248663,3.80106043183253e-08,0.236438019866946
"root16",15,"T1",9.8814590542314e-12,8.85080105678639e-11,5.78703703703704e-07,0.148558389248663,6.65156582822893e-08,0.236438019866946
"root16",15,"T2",9.87677079782012e-12,8.85080105678639e-11,6.94444444444444e-07,0.148558389248663,6.64840999405829e-08,0.236438019866946
"root16",15,"T3",5.73544134995804e-12,8.85080105678639e-11,6.94444444444444e-07,0.148558389248663,3.86073205220193e-08,0.236438019866946
"root16",15,"T1",1.04101915100238e-11,8.85080105678639e-11,6.94444444444444e-07,0.148558389248663,7.0074746789283e-08,0.236438019866946
"root16",15,"T2",1.02802517509669e-11,8.85080105678639e-11,8.10185185185185e-07,0.148558389248663,6.92000754919293e-08,0.236438019866946
"root16",15,"T3",5.80818433343224e-12,8.85080105678639e-11,8.10185185185185e-07,0.148558389248663,3.9096979731722e-08,0.236438019866946
"root16",15,"T1",1.08845392545895e-11,8.85080105678639e-11,8.10185185185185e-07,0.148558389248663,7.32677522261668e-08,0.236438019866946
"root16",15,"T2",1.06426698122446e-11,8.85080105678639e-11,9.25925925925926e-07,0.148558389248663,7.16396419352023e-08,0.236438019866946
"root16",15,"T3",5.86981505667587e-12,8.85080105678639e-11,9.25925925925926e-07,0.148558389248663,3.95118383173281e-08,0.236438019866946
"root16",15,"T1",1.13170188155726e-11,8.85080105678639e-11,9.25925925925926e-07,0.148558389248663,7.61789278465432e-08,0.236438019866946
"root16",15,"T2",1.09725279348508e-11,8.85080105678639e-11,1.04166666666667e-06,0.148558389248663,7.38600357094918e-08,0.236438019866946
"root16",15,"T3",5.92327981479965e-12,8.85080105678639e-11,1.04166666666667e-06,0.148558389248663,3.98717288519131e-08,0.236438019866946
"root16",15,"T1",1.17160802018202e-11,8.85080105678639e-11,1.04166666666667e-06,0.148558389248663,7.88651537020189e-08,0.236438019866946
"root16",15,"T2",1.12758608462587e-11,8.85080105678639e-11,1.15740740740741e-06,0.148558389248663,7.59018787379602e-08,0.236438019866946
"root16",15,"T3",5.97050542022647e-12,8.85080105678639e-11,1.15740740740741e-06,0.148558389248663,4.01896214035601e-08,0.236438019866946
"root16",15,"T1",1.2087720038051e-11,8.85080105678639e-11,1.15740740740741e-06,0.148558389248663,8.13667952323993e-08,0.236438019866946
"root16",17,"T2",7.01970102010074e-12,2.47186860119909e-10,1.15740740740741e-07,0.156002997669021,4.49972188034096e-08,0.248286482161781
"root16",17,"T3",5.30383996824572e-12,2.47186860119909e-10,1.15740740740741e-07,0.156002997669021,3.39983208495676e-08,0.248286482161781
"root16",17,"T1",7.22311852059947e-12,2.47186860119909e-10,1.15740740740741e-07,0.156002997669021,4.63011520837836e-08,0.248286482161781
"root16",17,"T2",8.33635532312854e-12,2.47186860119909e-10,2.31481481481481e-07,0.156002997669021,5.34371483092595e-08,0.248286482161781
"root16",17,"T3",5.82013638322408e-12,2.47186860119909e-10,2.31481481481481e-07,0.156002997669021,3.73078496579418e-08,0.248286482161781
"root16",17,"T1",8.63821191658502e-12,2.47186860119909e-10,2.31481481481481e-07,0.156002997669021,5.53720892909508e-08,0.248286482161781
"root16",17,"T2",9.23529569570155e-12,2.47186860119909e-10,3.47222222222222e-07,0.156002997669021,5.91994758670941e-08,0.248286482161781
"root16",17,"T3",6.09985672051701e-12,2.47186860119909e-10,3.47222222222222e-07,0.156002997669021,3.91008942883174e-08,0.248286482161781
"root16",17,"T1",9.62699030103268e-12,2.47186860119909e-10,3.47222222222222e-07,0.156002997669021,6.17102904744016e-08,0.248286482161781
"root16",17,"T2",9.93005787435729e-12,2.47186860119909e-10,4.62962962962963e-07,0.156002997669021,6.36529939983915e-08,0.248286482161781
"root16",17,"T3",6.28381419123371e-12,2.47186860119909e-10,4.62962962962963e-07,0.156002997669021,4.02800861850461e-08,0.248286482161781
"root16",17,"T1",1.04081483656774e-11,2.47186860119909e-10,4.62962962962963e-07,0.156002997669021,6.67176177457793e-08,0.248286482161781
"root16",17,"T2",1.0502579825654e-11,2.47186860119909e-10,5.78703703703704e-07,0.156002997669021,6.73229359857331e-08,0.248286482161781
"root16",17,"T3",6.41842323498874e-12,2.47186860119909e-10,5.78703703703704e-07,0.156002997669021,4.11429480900501e-08,0.248286482161781
"root16",17,"T1",1.10649501182124e-11,2.47186860119909e-10,5.78703703703704e-07,0.156002997669021,7.0927804488014e-08,0.248286482161781
"root16",17,"T2",1.09933325890778e-11,2.47186860119909e-10,6.94444444444444e-07,0.156002997669021,7.04687265843539e-08,0.248286482161781
"root16",17,"T3",6.52379163208999e-12,2.47186860119909e-10,6.94444444444444e-07,0.156002997669021,4.18183735541479e-08,0.248286482161781
"root16",17,"T1",1.16383423883833e-11,2.47186860119909e-10,6.94444444444444e-07,0.156002997669021,7.46033253352951e-08,0.248286482161781
"root16",17,"T2",1.14253566469207e-11,2.47186860119909e-10,8.10185185185185e-07,0.156002997669021,7.32380583555257e-08,0.248286482161781
"root16",17,"T3",6.61014413812621e-12,2.47186860119909e-10,8.10185185185185e-07,0.156002997669021,4.2371904622951e-08,0.248286482161781
"root16",17,"T1",1.21515812855092e-11,2.47186860119909e-10,8.10185185185185e-07,0.156002997669021,7.78932550468691e-08,0.248286482161781
"root16",17,"T2",1.18130372698733e-11,2.47186860119909e-10,9.25925925925926e-07,0.156002997669021,7.57231428009868e-08,0.248286482161781
"root16",17,"T3",6.6832740395688e-12,2.47186860119909e-10,9.25925925925926e-07,0.156002997669021,4.28406770346052e-08,0.248286482161781
"root16",17,"T1",1.26191704508154e-11,2.47186860119909e-10,9.25925925925926e-07,0.156002997669021,8.08905638953711e-08,0.248286482161781
"root16",17,"T2",1.21659625386443e-11,2.47186860119909e-10,1.04166666666667e-06,0.156002997669021,7.79854407955404e-08,0.248286482161781
"root16",17,"T3",6.74673326204581e-12,2.47186860119909e-10,1.04166666666667e-06,0.156002997669021,4.32474591056244e-08,0.248286482161781
"root16",17,"T1",1.30507745161058e-11,2.47186860119909e-10,1.04166666666667e-06,0.156002997669021,8.36572034583243e-08,0.248286482161781
"root16",17,"T2",1.24908447139802e-11,2.47186860119909e-10,1.15740740740741e-06,0.156002997669021,8.00679788248749e-08,0.248286482161781
"root16",17,"T3",6.80283525864565e-12,2.47186860119909e-10,1.15740740740741e-06,0.156002997669021,4.36070803785366e-08,0.248286482161781
"root16",17,"T1",1.34531622565365e-11,2.47186860119909e-10,1.15740740740741e-06,0.156002997669021,8.62365624863117e-08,0.248286482161781
"root16",2,"T2",3.4744824744167e-12,1.95172398290155e-11,1.15740740740741e-07,0.0883298816491635,3.9335300914553e-08,0.140581372871865
"root16",2,"T3",2.39969470230592e-12,1.95172398290155e-11,1.15740740740741e-07,0.0883298816491635,2.71674167054501e-08,0.140581372871865
"root16",2,"T1",3.58332610702784e-12,1.95172398290155e-11,1.15740740740741e-07,0.0883298816491635,4.05675411324609e-08,0.140581372871865
"root16",2,"T2",4.37282471813545e-12,1.95172398290155e-11,2.31481481481481e-07,0.0883298816491635,4.95056105192558e-08,0.140581372871865
"root16",2,"T3",2.69218910029886e-12,1.95172398290155e-11,2.31481481481481e-07,0.0883298816491635,3.0478803435874e-08,0.140581372871865
"root16",2,"T1",4.55194108496585e-12,1.95172398290155e-11,2.31481481481481e-07,0.0883298816491635,5.15334222120398e-08,0.140581372871865
"root16",2,"T2",5.02740625116885e-12,1.95172398290155e-11,3.47222222222222e-07,0.0883298816491635,5.69162570729705e-08,0.140581372871865
"root16",2,"T3",2.84942671982193e-12,1.95172398290155e-11,3.47222222222222e-07,0.0883298816491635,3.22589215180831e-08,0.140581372871865
"root16",2,"T1",5.27371503716664e-12,1.95172398290155e-11,3.47222222222222e-07,0.0883298816491635,5.97047673867972e-08,0.140581372871865
"root16",2,"T2",5.55053681393161e-12,1.95172398290155e-11,4.62962962962963e-07,0.0883298816491635,6.28387212832201e-08,0.140581372871865
"root16",2,"T3",2.95015163395672e-12,1.95172398290155e-11,4.62962962962963e-07,0.0883298816491635,3.33992481239179e-08,0.140581372871865
"root16",2,"T1",5.86289671471161e-12,1.95172398290155e-11,4.62962962962963e-07,0.0883298816491635,6.63750092861936e-08,0.140581372871865
"root16",2,"T2",5.98901386819715e-12,1.95172398290155e-11,5.78703703703704e-07,0.0883298816491635,6.78028064385374e-08,0.140581372871865
"root16",2,"T3",3.02138238298207e-12,1.95172398290155e-11,5.78703703703704e-07,0.0883298816491635,3.42056654732389e-08,0.140581372871865
"root16",2,"T1",6.36658728684325e-12,1.95172398290155e-11,5.78703703703704e-07,0.0883298816491635,7.20773895308796e-08,0.140581372871865
"root16",2,"T2",6.36765857108888e-12,1.95172398290155e-11,6.94444444444444e-07,0.0883298816491635,7.20895177509749e-08,0.140581372871865
"root16",2,"T3",3.07510980520812e-12,1.95172398290155e-11,6.94444444444444e-07,0.0883298816491635,3.48139242099532e-08,0.140581372871865
"root16",2,"T1",6.80961329789688e-12,1.95172398290155e-11,6.94444444444444e-07,0.0883298816491635,7.70929743225957e-08,0.140581372871865
"root16",2,"T2",6.70149573921885e-12,1.95172398290155e-11,8.10185185185185e-07,0.0883298816491635,7.5868954130794e-08,0.140581372871865
"root16",2,"T3",3.11751894267664e-12,1.95172398290155e-11,8.10185185185185e-07,0.0883298816491635,3.52940464140898e-08,0.140581372871865
"root16",2,"T1",7.20695972194591e-12,1.95172398290155e-11,8.10185185185185e-07,0.0883298816491635,8.15914115063706e-08,0.140581372871865
"root16",2,"T2",7.00041050105493e-12,1.95172398290155e-11,9.25925925925926e-07,0.0883298816491635,7.92530270657419e-08,0.140581372871865
"root16",2,"T3",3.15214093978344e-12,1.95172398290155e-11,9.25925925925926e-07,0.0883298816491635,3.56860088673434e-08,0.140581372871865
"root16",2,"T1",7.56847896021002e-12,1.95172398290155e-11,9.25925925925926e-07,0.0883298816491635,8.56842420583238e-08,0.140581372871865
"root16",2,"T2",7.27129068419121e-12,1.95172398290155e-11,1.04166666666667e-06,0.0883298816491635,8.23197150096042e-08,0.140581372871865
"root16",2,"T3",3.18114669814471e-12,1.95172398290155e-11,1.04166666666667e-06,0.0883298816491635,3.60143887747962e-08,0.140581372871865
"root16",2,"T1",7.90104109960179e-12,1.95172398290155e-11,1.04166666666667e-06,0.0883298816491635,8.94492435864892e-08,0.140581372871865
"root16",2,"T2",7.51914226489971e-12,1.95172398290155e-11,1.15740740740741e-06,0.0883298816491635,8.51256916064363e-08,0.140581372871865
"root16",2,"T3",3.20594880551651e-12,1.95172398290155e-11,1.15740740740741e-06,0.0883298816491635,3.62951783208561e-08,0.140581372871865
"root16",2,"T1",8.20964731749755e-12,1.95172398290155e-11,1.15740740740741e-06,0.0883298816491635,9.2943035405678e-08,0.140581372871865
"root16",24,"T2",7.0130821534504e-12,1.40822576519905e-10,1.15740740740741e-07,0.145897114054293,4.80686831875277e-08,0.232202468845828
"root16",24,"T3",5.40440384557244e-12,1.40822576519905e-10,1.15740740740741e-07,0.145897114054293,3.70425685292259e-08,0.232202468845828
"root16",24,"T1",7.21664424094445e-12,1.40822576519905e-10,1.15740740740741e-07,0.145897114054293,4.94639272868612e-08,0.232202468845828
"root16",24,"T2",8.25698360312853e-12,1.40822576519905e-10,2.31481481481481e-07,0.145897114054293,5.65945643041016e-08,0.232202468845828
"root16",24,"T3",5.89319608147918e-12,1.40822576519905e-10,2.31481481481481e-07,0.145897114054293,4.0392821473399e-08,0.232202468845828
"root16",24,"T1",8.57017319702632e-12,1.40822576519905e-10,2.31481481481481e-07,0.145897114054293,5.87412112472429e-08,0.232202468845828
"root16",24,"T2",9.0983451971311e-12,1.40822576519905e-10,3.47222222222222e-07,0.145897114054293,6.23613788120943e-08,0.232202468845828
"root16",24,"T3",6.15818367354643e-12,1.40822576519905e-10,3.47222222222222e-07,0.145897114054293,4.2209084898381e-08,0.232202468845828
"root16",24,"T1",9.50677286547837e-12,1.40822576519905e-10,3.47222222222222e-07,0.145897114054293,6.51608013434769e-08,0.232202468845828
"root16",24,"T2",9.74150978364383e-12,1.40822576519905e-10,4.62962962962963e-07,0.145897114054293,6.67697222579653e-08,0.232202468845828
"root16",24,"T3",6.33196440796377e-12,1.40822576519905e-10,4.62962962962963e-07,0.145897114054293,4.34002032802886e-08,0.232202468845828
"root16",24,"T1",1.02387522763583e-11,1.40822576519905e-10,4.62962962962963e-07,0.145897114054293,7.01778944890447e-08,0.232202468845828
"root16",24,"T2",1.02659743754097e-11,1.40822576519905e-10,5.78703703703704e-07,0.145897114054293,7.03644787078477e-08,0.232202468845828
"root16",24,"T3",6.45851216719254e-12,1.40822576519905e-10,5.78703703703704e-07,0.145897114054293,4.42675799933172e-08,0.232202468845828
"root16",24,"T1",1.08481363407642e-11,1.40822576519905e-10,5.78703703703704e-07,0.145897114054293,7.43547013323872e-08,0.232202468845828
"root16",24,"T2",1.0711320478203e-11,1.40822576519905e-10,6.94444444444444e-07,0.145897114054293,7.34169455484702e-08,0.232202468845828
"root16",24,"T3",6.55704575050593e-12,1.40822576519905e-10,6.94444444444444e-07,0.145897114054293,4.49429434777294e-08,0.232202468845828
"root16",24,"T1",1.13755483209322e-11,1.40822576519905e-10,6.94444444444444e-07,0.145897114054293,7.79696596102579e-08,0.232202468845828
"root16",24,"T2",1.11001526271779e-11,1.40822576519905e-10,8.10185185185185e-07,0.145897114054293,7.60820575453407e-08,0.232202468845828
"root16",24,"T3",6.6374020561595e-12,1.40822576519905e-10,8.10185185185185e-07,0.145897114054293,4.54937172622175e-08,0.232202468845828
"root16",24,"T1",1.18441173689651e-11,1.40822576519905e-10,8.10185185185185e-07,0.145897114054293,8.11812998888896e-08,0.232202468845828
"root16",24,"T2",1.14465871125796e-11,1.40822576519905e-10,9.25925925925926e-07,0.145897114054293,7.84565698010996e-08,0.232202468845828
"root16",24,"T3",6.705176301455e-12,1.40822576519905e-10,9.25925925925926e-07,0.145897114054293,4.59582517784402e-08,0.232202468845828
"root16",24,"T1",1.22682696657141e-11,1.40822576519905e-10,9.25925925925926e-07,0.145897114054293,8.40885013061237e-08,0.232202468845828
"root16",24,"T2",1.17600192113512e-11,1.40822576519905e-10,1.04166666666667e-06,0.145897114054293,8.06048789078512e-08,0.232202468845828
"root16",24,"T3",6.76380413007309e-12,1.40822576519905e-10,1.04166666666667e-06,0.145897114054293,4.63600954269463e-08,0.232202468845828
"root16",24,"T1",1.26576080313891e-11,1.40822576519905e-10,1.04166666666667e-06,0.145897114054293,8.67570829857458e-08,0.232202468845828
"root16",24,"T2",1.20470102260326e-11,1.40822576519905e-10,1.15740740740741e-06,0.145897114054293,8.25719569857258e-08,0.232202468845828
"root16",24,"T3",6.81552211978033e-12,1.40822576519905e-10,1.15740740740741e-06,0.145897114054293,4.67145780364377e-08,0.232202468845828
"root16",24,"T1",1.30188466211224e-11,1.40822576519905e-10,1.15740740740741e-06,0.145897114054293,8.92330647217439e-08,0.232202468845828
"root16",3,"T2",4.11672918594165e-12,7.50595196178709e-12,1.15740740740741e-07,0.116011754456143,3.54854489119715e-08,0.184638441784584
"root16",3,"T3",2.94646466360768e-12,7.50595196178709e-12,1.15740740740741e-07,0.116011754456143,2.53979838286263e-08,0.184638441784584
"root16",3,"T1",4.2196681034511e-12,7.50595196178709e-12,1.15740740740741e-07,0.116011754456143,3.63727634603294e-08,0.184638441784584
"root16",3,"T2",5.03774123192665e-12,7.50595196178709e-12,2.31481481481481e-07,0.116011754456143,4.34244034627639e-08,0.184638441784584
"root16",3,"T3",3.26654653402978e-12,7.50595196178709e-12,2.31481481481481e-07,0.116011754456143,2.81570307193713e-08,0.184638441784584
"root16",3,"T1",5.19824373421544e-12,7.50595196178709e-12,2.31481481481481e-07,0.116011754456143,4.48079055315087e-08,0.184638441784584
"root16",3,"T2",5.70156812220671e-12,7.50595196178709e-12,3.47222222222222e-07,0.116011754456143,4.91464692430121e-08,0.184638441784584
"root16",3,"T3",3.44082504777575e-12,7.50595196178709e-12,3.47222222222222e-07,0.116011754456143,2.96592794747925e-08,0.184638441784584
"root16",3,"T1",5.91741274452132e-12,7.50595196178709e-12,3.47222222222222e-07,0.116011754456143,5.10070102142825e-08,0.184638441784584
"root16",3,"T2",6.23484830931937e-12,7.50595196178709e-12,4.62962962962963e-07,0.116011754456143,5.37432464369495e-08,0.184638441784584
"root16",3,"T3",3.55491363064508e-12,7.50595196178709e-12,4.62962962962963e-07,0.116011754456143,3.06427020892006e-08,0.184638441784584
"root16",3,"T1",6.50607333952949e-12,7.50595196178709e-12,4.62962962962963e-07,0.116011754456143,5.60811563451447e-08,0.184638441784584
"root16",3,"T2",6.68714148892641e-12,7.50595196178709e-12,5.78703703703704e-07,0.116011754456143,5.76419305119156e-08,0.184638441784584
"root16",3,"T3",3.63751977236944e-12,7.50595196178709e-12,5.78703703703704e-07,0.116011754456143,3.13547518475343e-08,0.184638441784584
"root16",3,"T1",7.01416984966061e-12,7.50595196178709e-12,5.78703703703704e-07,0.116011754456143,6.0460854872359e-08,0.184638441784584
"root16",3,"T2",7.08343203194066e-12,7.50595196178709e-12,6.94444444444444e-07,0.116011754456143,6.10578821529544e-08,0.184638441784584
"root16",3,"T3",3.70127327096982e-12,7.50595196178709e-12,6.94444444444444e-07,0.116011754456143,3.19042952873284e-08,0.184638441784584
"root16",3,"T1",7.46668681241594e-12,7.50595196178709e-12,6.94444444444444e-07,0.116011754456143,6.43614679169311e-08,0.184638441784584
"root16",3,"T2",7.43824635952229e-12,7.50595196178709e-12,8.10185185185185e-07,0.116011754456143,6.41163164404538e-08,0.184638441784584
"root16",3,"T3",3.75268099250026e-12,7.50595196178709e-12,8.10185185185185e-07,0.116011754456143,3.23474203979815e-08,0.184638441784584
"root16",3,"T1",7.87805866348107e-12,7.50595196178709e-12,8.10185185185185e-07,0.116011754456143,6.79074176613654e-08,0.184638441784584
"root16",3,"T2",7.76085012697655e-12,7.50595196178709e-12,9.25925925925926e-07,0.116011754456143,6.68971016200816e-08,0.184638441784584
"root16",3,"T3",3.79547045882551e-12,7.50595196178709e-12,9.25925925925926e-07,0.116011754456143,3.27162577328347e-08,0.184638441784584
"root16",3,"T1",8.25744245555822e-12,7.50595196178709e-12,9.25925925925926e-07,0.116011754456143,7.1177636216853e-08,0.184638441784584
"root16",3,"T2",8.05755267682144e-12,7.50595196178709e-12,1.04166666666667e-06,0.116011754456143,6.94546230646612e-08,0.184638441784584
"root16",3,"T3",3.83194807299456e-12,7.50595196178709e-12,1.04166666666667e-06,0.116011754456143,3.30306880622444e-08,0.184638441784584
"root16",3,"T1",8.6110443435089e-12,7.50595196178709e-12,1.04166666666667e-06,0.116011754456143,7.42256194975847e-08,0.184638441784584
"root16",3,"T2",8.33286521472728e-12,7.50595196178709e-12,1.15740740740741e-06,0.116011754456143,7.18277665378936e-08,0.184638441784584
"root16",3,"T3",3.86362738355379e-12,7.50595196178709e-12,1.15740740740741e-06,0.116011754456143,3.33037578964845e-08,0.184638441784584
"root16",3,"T1",8.94328391589986e-12,7.50595196178709e-12,1.15740740740741e-06,0.116011754456143,7.70894635446684e-08,0.184638441784584
"root16",5,"T2",5.64367745709852e-12,2.71845613621958e-11,1.15740740740741e-07,0.158852649471945,3.55277515097112e-08,0.252821843867042
"root16",5,"T3",4.17476111329582e-12,2.71845613621958e-11,1.15740740740741e-07,0.158852649471945,2.62807144052899e-08,0.252821843867042
"root16",5,"T1",5.77283320831975e-12,2.71845613621958e-11,1.15740740740741e-07,0.158852649471945,3.63408053155531e-08,0.252821843867042
"root16",5,"T2",6.79965431885301e-12,2.71845613621958e-11,2.31481481481481e-07,0.158852649471945,4.28047901086718e-08,0.252821843867042
"root16",5,"T3",4.60011504643095e-12,2.71845613621958e-11,2.31481481481481e-07,0.158852649471945,2.89583778534545e-08,0.252821843867042
"root16",5,"T1",6.99441469672819e-12,2.71845613621958e-11,2.31481481481481e-07,0.158852649471945,4.40308343611447e-08,0.252821843867042
"root16",5,"T2",7.62638006548665e-12,2.71845613621958e-11,3.47222222222222e-07,0.158852649471945,4.80091461542387e-08,0.252821843867042
"root16",5,"T3",4.83577977909393e-12,2.71845613621958e-11,3.47222222222222e-07,0.158852649471945,3.04419208314683e-08,0.252821843867042
"root16",5,"T1",7.88475931116458e-12,2.71845613621958e-11,3.47222222222222e-07,0.158852649471945,4.96356802192154e-08,0.252821843867042
"root16",5,"T2",8.29116215825537e-12,2.71845613621958e-11,4.62962962962963e-07,0.158852649471945,5.21940438879471e-08,0.252821843867042
"root16",5,"T3",4.99490241740733e-12,2.71845613621958e-11,4.62962962962963e-07,0.158852649471945,3.14436204495883e-08,0.252821843867042
"root16",5,"T1",8.61332684918164e-12,2.71845613621958e-11,4.62962962962963e-07,0.158852649471945,5.42221163941168e-08,0.252821843867042
"root16",5,"T2",8.85706617269726e-12,2.71845613621958e-11,5.78703703703704e-07,0.158852649471945,5.57564900688767e-08,0.252821843867042
"root16",5,"T3",5.11404447412239e-12,2.71845613621958e-11,5.78703703703704e-07,0.158852649471945,3.21936366256553e-08,0.252821843867042
"root16",5,"T1",9.24356863071537e-12,2.71845613621958e-11,5.78703703703704e-07,0.158852649471945,5.81895779607244e-08,0.252821843867042
"root16",5,"T2",9.35518901649237e-12,2.71845613621958e-11,6.94444444444444e-07,0.158852649471945,5.88922441494726e-08,0.252821843867042
"root16",5,"T3",5.20900514844423e-12,2.71845613621958e-11,6.94444444444444e-07,0.158852649471945,3.27914275635938e-08,0.252821843867042
"root16",5,"T1",9.80659012761394e-12,2.71845613621958e-11,6.94444444444444e-07,0.158852649471945,6.17338782841383e-08,0.252821843867042
"root16",5,"T2",9.80334240001697e-12,2.71845613621958e-11,8.10185185185185e-07,0.158852649471945,6.17134333774417e-08,0.252821843867042
"root16",5,"T3",5.28787156530335e-12,2.71845613621958e-11,8.10185185185185e-07,0.158852649471945,3.32879028639509e-08,0.252821843867042
"root16",5,"T1",1.03201112500749e-11,2.71845613621958e-11,8.10185185185185e-07,0.158852649471945,6.49665667168968e-08,0.252821843867042
"root16",5,"T2",1.02127654779244e-11,2.71845613621958e-11,9.25925925925926e-07,0.158852649471945,6.42908098283124e-08,0.252821843867042
"root16",5,"T3",5.35528131780507e-12,2.71845613621958e-11,9.25925925925926e-07,0.158852649471945,3.37122568342863e-08,0.252821843867042
"root16",5,"T1",1.07952560953419e-11,2.71845613621958e-11,9.25925925925926e-07,0.158852649471945,6.7957671031785e-08,0.252821843867042
"root16",5,"T2",1.05910511588005e-11,2.71845613621958e-11,1.04166666666667e-06,0.158852649471945,6.66721719405192e-08,0.252821843867042
"root16",5,"T3",5.41412187971455e-12,2.71845613621958e-11,1.04166666666667e-06,0.158852649471945,3.40826665322365e-08,0.252821843867042
"root16",5,"T1",1.12395042556966e-11,2.71845613621958e-11,1.04166666666667e-06,0.158852649471945,7.07542763250014e-08,0.252821843867042
"root16",5,"T2",1.09435975700325e-11,2.71845613621958e-11,1.15740740740741e-06,0.158852649471945,6.88915016929906e-08,0.252821843867042
"root16",5,"T3",5.46630696579195e-12,2.71845613621958e-11,1.15740740740741e-06,0.158852649471945,3.44111790641387e-08,0.252821843867042
"root16",5,"T1",1.16581505459858e-11,2.71845613621958e-11,1.15740740740741e-06,0.158852649471945,7.33897142083534e-08,0.252821843867042
"root16",6,"T2",4.82777097340144e-12,4.25877848087762e-11,1.15740740740741e-07,0.109947026660029,4.39099730120903e-08,0.174986127712
"root16",6,"T3",3.46955412884925e-12,4.25877848087762e-11,1.15740740740741e-07,0.109947026660029,3.15565980658811e-08,0.174986127712
"root16",6,"T1",4.98926472468535e-12,4.25877848087762e-11,1.15740740740741e-07,0.109947026660029,4.53788053779101e-08,0.174986127712
"root16",6,"T2",5.93397404974804e-12,4.25877848087762e-11,2.31481481481481e-07,0.109947026660029,5.39712098636072e-08,0.174986127712
"root16",6,"T3",3.8213100215301e-12,4.25877848087762e-11,2.31481481481481e-07,0.109947026660029,3.47559196243306e-08,0.174986127712
"root16",6,"T1",6.18715759472423e-12,4.25877848087762e-11,2.31481481481481e-07,0.109947026660029,5.62739874162832e-08,0.174986127712
"root16",6,"T2",6.72561911012952e-12,4.25877848087762e-11,3.47222222222222e-07,0.109947026660029,6.11714506016251e-08,0.174986127712
"root16",6,"T3",4.00291210242834e-12,4.25877848087762e-11,3.47222222222222e-07,0.109947026660029,3.64076430625622e-08,0.174986127712
"root16",6,"T1",7.0666028111722e-12,4.25877848087762e-11,3.47222222222222e-07,0.109947026660029,6.42727959622145e-08,0.174986127712
"root16",6,"T2",7.35094875441965e-12,4.25877848087762e-11,4.62962962962963e-07,0.109947026660029,6.68590045381561e-08,0.174986127712
"root16",6,"T3",4.1171640606021e-12,4.25877848087762e-11,4.62962962962963e-07,0.109947026660029,3.74467976595031e-08,0.174986127712
"root16",6,"T1",7.77748317960117e-12,4.25877848087762e-11,4.62962962962963e-07,0.109947026660029,7.07384584728262e-08,0.174986127712
"root16",6,"T2",7.87012088333072e-12,4.25877848087762e-11,5.78703703703704e-07,0.109947026660029,7.15810251755711e-08,0.174986127712
"root16",6,"T3",4.19740311688155e-12,4.25877848087762e-11,5.78703703703704e-07,0.109947026660029,3.81765950784689e-08,0.174986127712
"root16",6,"T1",8.38012623835684e-12,4.25877848087762e-11,5.78703703703704e-07,0.109947026660029,7.62196713538177e-08,0.174986127712
"root16",6,"T2",8.31479021493638e-12,4.25877848087762e-11,6.94444444444444e-07,0.109947026660029,7.56254213280986e-08,0.174986127712
"root16",6,"T3",4.25789073107797e-12,4.25877848087762e-11,6.94444444444444e-07,0.109947026660029,3.87267474203185e-08,0.174986127712
"root16",6,"T1",8.90620255770174e-12,4.25877848087762e-11,6.94444444444444e-07,0.109947026660029,8.10044875996594e-08,0.174986127712
"root16",6,"T2",8.70406766868053e-12,4.25877848087762e-11,8.10185185185185e-07,0.109947026660029,7.91660123342369e-08,0.174986127712
"root16",6,"T3",4.30579910712925e-12,4.25877848087762e-11,8.10185185185185e-07,0.109947026660029,3.91624879537976e-08,0.174986127712
"root16",6,"T1",9.37485691417822e-12,4.25877848087762e-11,8.10185185185185e-07,0.109947026660029,8.52670344889502e-08,0.174986127712
"root16",6,"T2",9.05050269622351e-12,4.25877848087762e-11,9.25925925925926e-07,0.109947026660029,8.23169390856642e-08,0.174986127712
"root16",6,"T3",4.34514754189419e-12,4.25877848087762e-11,9.25925925925926e-07,0.109947026660029,3.95203733460657e-08,0.174986127712
"root16",6,"T1",9.79870269993152e-12,4.25877848087762e-11,9.25925925925926e-07,0.109947026660029,8.91220344705676e-08,0.174986127712
"root16",6,"T2",9.36281736464178e-12,4.25877848087762e-11,1.04166666666667e-06,0.109947026660029,8.51575313045333e-08,0.174986127712
"root16",6,"T3",4.37837184438069e-12,4.25877848087762e-11,1.04166666666667e-06,0.109947026660029,3.98225579843938e-08,0.174986127712
"root16",6,"T1",1.01865452509418e-11,4.25877848087762e-11,1.04166666666667e-06,0.109947026660029,9.26495746214213e-08,0.174986127712
"root16",6,"T2",9.64732896092460e-12,4.25877848087762e-11,1.15740740740741e-06,0.109947026660029,8.77452465427323e-08,0.174986127712
"root16",6,"T3",4.40703883874641e-12,4.25877848087762e-11,1.15740740740741e-06,0.109947026660029,4.00832925875619e-08,0.174986127712
"root16",6,"T1",1.05447940249454e-11,4.25877848087762e-11,1.15740740740741e-06,0.109947026660029,9.59079508129979e-08,0.174986127712
"root16",7,"T2",5.11056640444571e-12,1.14395053273554e-10,1.15740740740741e-07,0.107712638173857,4.74463024125065e-08,0.171429987988381
"root16",7,"T3",3.70088155256365e-12,1.14395053273554e-10,1.15740740740741e-07,0.107712638173857,3.43588423355682e-08,0.171429987988381
"root16",7,"T1",5.29646002472714e-12,1.14395053273554e-10,1.15740740740741e-07,0.107712638173857,4.91721316506817e-08,0.171429987988381
"root16",7,"T2",6.28252854270563e-12,1.14395053273554e-10,2.31481481481481e-07,0.107712638173857,5.83267539373153e-08,0.171429987988381
"root16",7,"T3",4.11527336938062e-12,1.14395053273554e-10,2.31481481481481e-07,0.107712638173857,3.82060400631747e-08,0.171429987988381
"root16",7,"T1",6.57798412297783e-12,1.14395053273554e-10,2.31481481481481e-07,0.107712638173857,6.10697522082824e-08,0.171429987988381
"root16",7,"T2",7.10548640949156e-12,1.14395053273554e-10,3.47222222222222e-07,0.107712638173857,6.59670631966392e-08,0.171429987988381
"root16",7,"T3",4.33649022861958e-12,1.14395053273554e-10,3.47222222222222e-07,0.107712638173857,4.02598088965208e-08,0.171429987988381
"root16",7,"T1",7.50149878573481e-12,1.14395053273554e-10,3.47222222222222e-07,0.107712638173857,6.96436269031567e-08,0.171429987988381
"root16",7,"T2",7.74588934156876e-12,1.14395053273554e-10,4.62962962962963e-07,0.107712638173857,7.19125394465435e-08,0.171429987988381
"root16",7,"T3",4.47785954054174e-12,1.14395053273554e-10,4.62962962962963e-07,0.107712638173857,4.15722761642334e-08,0.171429987988381
"root16",7,"T1",8.23763500558914e-12,1.14395053273554e-10,4.62962962962963e-07,0.107712638173857,7.64778873236112e-08,0.171429987988381
"root16",7,"T2",8.27208716002455e-12,1.14395053273554e-10,5.78703703703704e-07,0.107712638173857,7.67977398035013e-08,0.171429987988381
"root16",7,"T3",4.57788659883798e-12,1.14395053273554e-10,5.78703703703704e-07,0.107712638173857,4.25009235355362e-08,0.171429987988381
"root16",7,"T1",8.85594427411626e-12,1.14395053273554e-10,5.78703703703704e-07,0.107712638173857,8.22182468488242e-08,0.171429987988381
"root16",7,"T2",8.71966128286284e-12,1.14395053273554e-10,6.94444444444444e-07,0.107712638173857,8.09530007870441e-08,0.171429987988381
"root16",7,"T3",4.65352850742854e-12,1.14395053273554e-10,6.94444444444444e-07,0.107712638173857,4.32031801126008e-08,0.171429987988381
"root16",7,"T1",9.39254987396432e-12,1.14395053273554e-10,6.94444444444444e-07,0.107712638173857,8.72000726488936e-08,0.171429987988381
"root16",7,"T2",9.10971975096978e-12,1.14395053273554e-10,8.10185185185185e-07,0.107712638173857,8.45742886388684e-08,0.171429987988381
"root16",7,"T3",4.71347786715871e-12,1.14395053273554e-10,8.10185185185185e-07,0.107712638173857,4.37597476681499e-08,0.171429987988381
"root16",7,"T1",9.86890220576878e-12,1.14395053273554e-10,8.10185185185185e-07,0.107712638173857,9.16225094202926e-08,0.171429987988381
"root16",7,"T2",9.45587179440761e-12,1.14395053273554e-10,9.25925925925926e-07,0.107712638173857,8.77879509287022e-08,0.171429987988381
"root16",7,"T3",4.76267161196047e-12,1.14395053273554e-10,9.25925925925926e-07,0.107712638173857,4.42164605073838e-08,0.171429987988381
"root16",7,"T1",1.02988707280768e-11,1.14395053273554e-10,9.25925925925926e-07,0.107712638173857,9.56143206840183e-08,0.171429987988381
"root16",7,"T2",9.76741664429754e-12,1.14395053273554e-10,1.04166666666667e-06,0.107712638173857,9.06803213614742e-08,0.171429987988381
"root16",7,"T3",4.80413113563039e-12,1.14395053273554e-10,1.04166666666667e-06,0.107712638173857,4.46013691343826e-08,0.171429987988381
"root16",7,"T1",1.06919691514332e-11,1.14395053273554e-10,1.04166666666667e-06,0.107712638173857,9.92638313637395e-08,0.171429987988381
"root16",7,"T2",1.00509889545182e-11,1.14395053273554e-10,1.15740740740741e-06,0.107712638173857,9.33129958092295e-08,0.171429987988381
"root16",7,"T3",4.83981446865476e-12,1.14395053273554e-10,1.15740740740741e-06,0.107712638173857,4.49326518290537e-08,0.171429987988381
"root16",7,"T1",1.1055014852496e-11,1.14395053273554e-10,1.15740740740741e-06,0.107712638173857,1.02634333722774e-07,0.171429987988381
"root17",0,"T2",4.9557387794075e-12,2.35152660079314e-11,1.15740740740741e-07,0.132249647488275,3.74726048313049e-08,0.210481851199196
"root17",0,"T3",3.59371453586042e-12,2.35152660079314e-11,1.15740740740741e-07,0.132249647488275,2.71737173150426e-08,0.210481851199196
"root17",0,"T1",5.08801218695249e-12,2.35152660079314e-11,1.15740740740741e-07,0.132249647488275,3.84727844919479e-08,0.210481851199196
"root17",0,"T2",6.04394929533921e-12,2.35152660079314e-11,2.31481481481481e-07,0.132249647488275,4.57010616672914e-08,0.210481851199196
"root17",0,"T3",3.97863790685462e-12,2.35152660079314e-11,2.31481481481481e-07,0.132249647488275,3.00842987669012e-08,0.210481851199196
"root17",0,"T1",6.24717656968604e-12,2.35152660079314e-11,2.31481481481481e-07,0.132249647488275,4.72377559285359e-08,0.210481851199196
"root17",0,"T2",6.81628650542063e-12,2.35152660079314e-11,3.47222222222222e-07,0.132249647488275,5.15410561379754e-08,0.210481851199196
"root17",0,"T3",4.18587786057819e-12,2.35152660079314e-11,3.47222222222222e-07,0.132249647488275,3.16513347300174e-08,0.210481851199196
"root17",0,"T1",7.08698907224757e-12,2.35152660079314e-11,3.47222222222222e-07,0.132249647488275,5.35879619102644e-08,0.210481851199196
"root17",0,"T2",7.4292511663005e-12,2.35152660079314e-11,4.62962962962963e-07,0.132249647488275,5.61759619583044e-08,0.210481851199196
"root17",0,"T3",4.3216010702752e-12,2.35152660079314e-11,4.62962962962963e-07,0.132249647488275,3.2677599920698e-08,0.210481851199196
"root17",0,"T1",7.76620149072938e-12,2.35152660079314e-11,4.62962962962963e-07,0.132249647488275,5.87237972896519e-08,0.210481851199196
"root17",0,"T2",7.943914056372e-12,2.35152660079314e-11,5.78703703703704e-07,0.132249647488275,6.00675631825506e-08,0.210481851199196
"root17",0,"T3",4.42050491054142e-12,2.35152660079314e-11,5.78703703703704e-07,0.132249647488275,3.34254570389939e-08,0.210481851199196
"root17",0,"T1",8.34640209582322e-12,2.35152660079314e-11,5.78703703703704e-07,0.132249647488275,6.31109591166449e-08,0.210481851199196
"root17",0,"T2",8.39112662733655e-12,2.35152660079314e-11,6.94444444444444e-07,0.132249647488275,6.34491417308352e-08,0.210481851199196
"root17",0,"T3",4.49757301437728e-12,2.35152660079314e-11,6.94444444444444e-07,0.132249647488275,3.40082041789641e-08,0.210481851199196
"root17",0,"T1",8.85859655681161e-12,2.35152660079314e-11,6.94444444444444e-07,0.132249647488275,6.69838954209462e-08,0.210481851199196
"root17",0,"T2",8.78885409596898e-12,2.35152660079314e-11,8.10185185185185e-07,0.132249647488275,6.64565408142066e-08,0.210481851199196
"root17",0,"T3",4.56041953614418e-12,2.35152660079314e-11,8.10185185185185e-07,0.132249647488275,3.44834154400941e-08,0.210481851199196
"root17",0,"T1",9.32080102884995e-12,2.35152660079314e-11,8.10185185185185e-07,0.132249647488275,7.04788345819698e-08,0.210481851199196
"root17",0,"T2",9.1485480584725e-12,2.35152660079314e-11,9.25925925925926e-07,0.132249647488275,6.9176351182967e-08,0.210481851199196
"root17",0,"T3",4.61336095473088e-12,2.35152660079314e-11,9.25925925925926e-07,0.132249647488275,3.48837296911501e-08,0.210481851199196
"root17",0,"T1",9.74448337221876e-12,2.35152660079314e-11,9.25925925925926e-07,0.132249647488275,7.36824903301363e-08,0.210481851199196
"root17",0,"T2",9.47798319174492e-12,2.35152660079314e-11,1.04166666666667e-06,0.132249647488275,7.16673607208308e-08,0.210481851199196
"root17",0,"T3",4.65904677314216e-12,2.35152660079314e-11,1.04166666666667e-06,0.132249647488275,3.52291810347186e-08,0.210481851199196
"root17",0,"T1",1.01374218172695e-11,2.35152660079314e-11,1.04166666666667e-06,0.132249647488275,7.66536774184465e-08,0.210481851199196
"root17",0,"T2",9.78269101041568e-12,2.35152660079314e-11,1.15740740740741e-06,0.132249647488275,7.39713957368619e-08,0.210481851199196
"root17",0,"T3",4.69920520302503e-12,2.35152660079314e-11,1.15740740740741e-06,0.132249647488275,3.5532837268558e-08,0.210481851199196
"root17",0,"T1",1.05051467274417e-11,2.35152660079314e-11,1.15740740740741e-06,0.132249647488275,7.94342134512914e-08,0.210481851199196
"root17",1,"T2",3.87951262726309e-12,2.09732680910753e-11,1.15740740740741e-07,0.10419515258267,3.72331392689792e-08,0.165831735797462
"root17",1,"T3",2.71532469308835e-12,2.09732680910753e-11,1.15740740740741e-07,0.10419515258267,2.60599905637066e-08,0.165831735797462
"root17",1,"T1",3.99764202712489e-12,2.09732680910753e-11,1.15740740740741e-07,0.10419515258267,3.83668714718096e-08,0.165831735797462
"root17",1,"T2",4.85420805162927e-12,2.09732680910753e-11,2.31481481481481e-07,0.10419515258267,4.65876572115758e-08,0.165831735797462
"root17",1,"T3",3.03993650685762e-12,2.09732680910753e-11,2.31481481481481e-07,0.10419515258267,2.91754120178066e-08,0.165831735797462
"root17",1,"T1",5.04489396217036e-12,2.09732680910753e-11,2.31481481481481e-07,0.10419515258267,4.8417741489151e-08,0.165831735797462
"root17",1,"T2",5.55676807547308e-12,2.09732680910753e-11,3.47222222222222e-07,0.10419515258267,5.33303895405715e-08,0.165831735797462
"root17",1,"T3",3.21205816227046e-12,2.09732680910753e-11,3.47222222222222e-07,0.10419515258267,3.08273281688605e-08,0.165831735797462
"root17",1,"T1",5.81741542833039e-12,2.09732680910753e-11,3.47222222222222e-07,0.10419515258267,5.58319200474779e-08,0.165831735797462
"root17",1,"T2",6.11527888781423e-12,2.09732680910753e-11,4.62962962962963e-07,0.10419515258267,5.86906275026785e-08,0.165831735797462
"root17",1,"T3",3.32192003647154e-12,2.09732680910753e-11,4.62962962962963e-07,0.10419515258267,3.18817138238353e-08,0.165831735797462
"root17",1,"T1",6.4445993188023e-12,2.09732680910753e-11,4.62962962962963e-07,0.10419515258267,6.18512393241044e-08,0.165831735797462
"root17",1,"T2",6.58196407245016e-12,2.09732680910753e-11,5.78703703703704e-07,0.10419515258267,6.31695804392429e-08,0.165831735797462
"root17",1,"T3",3.39973560351678e-12,2.09732680910753e-11,5.78703703703704e-07,0.10419515258267,3.26285390370668e-08,0.165831735797462
"root17",1,"T1",6.97880261696983e-12,2.09732680910753e-11,5.78703703703704e-07,0.10419515258267,6.69781889462924e-08,0.165831735797462
"root17",1,"T2",6.98420840635299e-12,2.09732680910753e-11,6.94444444444444e-07,0.10419515258267,6.70300703366369e-08,0.165831735797462
"root17",1,"T3",3.45869650673871e-12,2.09732680910753e-11,6.94444444444444e-07,0.10419515258267,3.31944089624949e-08,0.165831735797462
"root17",1,"T1",7.44739341307812e-12,2.09732680910753e-11,6.94444444444444e-07,0.10419515258267,7.14754307516297e-08,0.165831735797462
"root17",1,"T2",7.33847815967643e-12,2.09732680910753e-11,8.10185185185185e-07,0.10419515258267,7.04301301718808e-08,0.165831735797462
"root17",1,"T3",3.5055317411628e-12,2.09732680910753e-11,8.10185185185185e-07,0.10419515258267,3.36439042918187e-08,0.165831735797462
"root17",1,"T1",7.86682449652218e-12,2.09732680910753e-11,8.10185185185185e-07,0.10419515258267,7.5500868337234e-08,0.165831735797462
"root17",1,"T2",7.65555579710576e-12,2.09732680910753e-11,9.25925925925926e-07,0.10419515258267,7.34732433068969e-08,0.165831735797462
"root17",1,"T3",3.54405228830361e-12,2.09732680910753e-11,9.25925925925926e-07,0.10419515258267,3.40136004454882e-08,0.165831735797462
"root17",1,"T1",8.24788687838094e-12,2.09732680910753e-11,9.25925925925926e-07,0.10419515258267,7.91580670879765e-08,0.165831735797462
"root17",1,"T2",7.94292463288141e-12,2.09732680910753e-11,1.04166666666667e-06,0.10419515258267,7.62312299181037e-08,0.165831735797462
"root17",1,"T3",3.57658697900895e-12,2.09732680910753e-11,1.04166666666667e-06,0.10419515258267,3.43258480875224e-08,0.165831735797462
"root17",1,"T1",8.59808988790169e-12,2.09732680910753e-11,1.04166666666667e-06,0.10419515258267,8.25190968560638e-08,0.165831735797462
"root17",1,"T2",8.2060031631912e-12,2.09732680910753e-11,1.15740740740741e-06,0.10419515258267,7.87560933478209e-08,0.165831735797462
"root17",1,"T3",3.60464407722797e-12,2.09732680910753e-11,1.15740740740741e-06,0.10419515258267,3.45951225933279e-08,0.165831735797462
"root17",1,"T1",8.92288867100833e-12,2.09732680910753e-11,1.15740740740741e-06,0.10419515258267,8.56363127250932e-08,0.165831735797462
"root17",11,"T2",6.54630641378577e-12,1.47006713340375e-10,1.15740740740741e-07,0.171057902730135,3.8269535106562e-08,0.272247107744336
"root17",11,"T3",4.98703453747265e-12,1.47006713340375e-10,1.15740740740741e-07,0.171057902730135,2.91540727313856e-08,0.272247107744336
"root17",11,"T1",6.7125764330169e-12,1.47006713340375e-10,1.15740740740741e-07,0.171057902730135,3.92415452655632e-08,0.272247107744336
"root17",11,"T2",7.78897827498479e-12,1.47006713340375e-10,2.31481481481481e-07,0.171057902730135,4.55341621209566e-08,0.272247107744336
"root17",11,"T3",5.47369252797403e-12,1.47006713340375e-10,2.31481481481481e-07,0.171057902730135,3.19990625432223e-08,0.272247107744336
"root17",11,"T1",8.03663948348926e-12,1.47006713340375e-10,2.31481481481481e-07,0.171057902730135,4.69819830316057e-08,0.272247107744336
"root17",11,"T2",8.65004418445056e-12,1.47006713340375e-10,3.47222222222222e-07,0.171057902730135,5.05679307789543e-08,0.272247107744336
"root17",11,"T3",5.73802222980081e-12,1.47006713340375e-10,3.47222222222222e-07,0.171057902730135,3.35443270273999e-08,0.272247107744336
"root17",11,"T1",8.97438187011361e-12,1.47006713340375e-10,3.47222222222222e-07,0.171057902730135,5.24640003582402e-08,0.272247107744336
"root17",11,"T2",9.32611654549293e-12,1.47006713340375e-10,4.62962962962963e-07,0.171057902730135,5.45202320187804e-08,0.272247107744336
"root17",11,"T3",5.91429508790521e-12,1.47006713340375e-10,4.62962962962963e-07,0.171057902730135,3.45748135193481e-08,0.272247107744336
"root17",11,"T1",9.72543289546493e-12,1.47006713340375e-10,4.62962962962963e-07,0.171057902730135,5.68546248974419e-08,0.272247107744336
"root17",11,"T2",9.89081277992623e-12,1.47006713340375e-10,5.78703703703704e-07,0.171057902730135,5.7821431351992e-08,0.272247107744336
"root17",11,"T3",6.04537238372708e-12,1.47006713340375e-10,5.78703703703704e-07,0.171057902730135,3.5341087942978e-08,0.272247107744336
"root17",11,"T1",1.0364120582421e-11,1.47006713340375e-10,5.78703703703704e-07,0.171057902730135,6.05883763158942e-08,0.272247107744336
"root17",11,"T2",1.03802318760774e-11,1.47006713340375e-10,6.94444444444444e-07,0.171057902730135,6.06825625148317e-08,0.272247107744336
"root17",11,"T3",6.14953416340841e-12,1.47006713340375e-10,6.94444444444444e-07,0.171057902730135,3.5950014967213e-08,0.272247107744336
"root17",11,"T1",1.09267531978066e-11,1.47006713340375e-10,6.94444444444444e-07,0.171057902730135,6.38775117864323e-08,0.272247107744336
"root17",11,"T2",1.08149350511916e-11,1.47006713340375e-10,8.10185185185185e-07,0.171057902730135,6.32238258424895e-08,0.272247107744336
"root17",11,"T3",6.23601766391429e-12,1.47006713340375e-10,8.10185185185185e-07,0.171057902730135,3.64555952363825e-08,0.272247107744336
"root17",11,"T1",1.14339533248721e-11,1.47006713340375e-10,8.10185185185185e-07,0.171057902730135,6.68425903882999e-08,0.272247107744336
"root17",11,"T2",1.12078162690005e-11,1.47006713340375e-10,9.25925925925926e-07,0.171057902730135,6.55205991077897e-08,0.272247107744336
"root17",11,"T3",6.31005504942552e-12,1.47006713340375e-10,9.25925925925926e-07,0.171057902730135,3.68884158446653e-08,0.272247107744336
"root17",11,"T1",1.18986267106568e-11,1.47006713340375e-10,9.25925925925926e-07,0.171057902730135,6.95590587792272e-08,0.272247107744336
"root17",11,"T2",1.15675265968818e-11,1.47006713340375e-10,1.04166666666667e-06,0.171057902730135,6.76234562230719e-08,0.272247107744336
"root17",11,"T3",6.37486627875426e-12,1.47006713340375e-10,1.04166666666667e-06,0.171057902730135,3.72673005865821e-08,0.272247107744336
"root17",11,"T1",1.2329419762295e-11,1.47006713340375e-10,1.04166666666667e-06,0.171057902730135,7.20774636278933e-08,0.272247107744336
"root17",11,"T2",1.19001704833169e-11,1.47006713340375e-10,1.15740740740741e-06,0.171057902730135,6.95680836335919e-08,0.272247107744336
"root17",11,"T3",6.43256244615243e-12,1.47006713340375e-10,1.15740740740741e-06,0.171057902730135,3.76045908636013e-08,0.272247107744336
"root17",11,"T1",1.27324282233234e-11,1.47006713340375e-10,1.15740740740741e-06,0.171057902730135,7.44334404906765e-08,0.272247107744336
"root17",14,"T2",6.60517945714197e-12,4.05825964204965e-10,1.15740740740741e-07,0.158046720415106,4.17925752574531e-08,0.251539167935269
"root17",14,"T3",4.92466601566676e-12,4.05825964204965e-10,1.15740740740741e-07,0.158046720415106,3.11595584060981e-08,0.251539167935269
"root17",14,"T1",6.79064744058578e-12,4.05825964204965e-10,1.15740740740741e-07,0.158046720415106,4.29660762510624e-08,0.251539167935269
"root17",14,"T2",7.93432579980335e-12,4.05825964204965e-10,2.31481481481481e-07,0.158046720415106,5.02024071044564e-08,0.251539167935269
"root17",14,"T3",5.42899717911716e-12,4.05825964204965e-10,2.31481481481481e-07,0.158046720415106,3.4350584212428e-08,0.251539167935269
"root17",14,"T1",8.21244021474399e-12,4.05825964204965e-10,2.31481481481481e-07,0.158046720415106,5.19621045800521e-08,0.251539167935269
"root17",14,"T2",8.85957114387169e-12,4.05825964204965e-10,3.47222222222222e-07,0.158046720415106,5.60566591992686e-08,0.251539167935269
"root17",14,"T3",5.70110814352632e-12,4.05825964204965e-10,3.47222222222222e-07,0.158046720415106,3.60722963978784e-08,0.251539167935269
"root17",14,"T1",9.2242359764196e-12,4.05825964204965e-10,3.47222222222222e-07,0.158046720415106,5.83639821958492e-08,0.251539167935269
"root17",14,"T2",9.58712187595657e-12,4.05825964204965e-10,4.62962962962963e-07,0.158046720415106,6.06600494510498e-08,0.251539167935269
"root17",14,"T3",5.88042059527685e-12,4.05825964204965e-10,4.62962962962963e-07,0.158046720415106,3.72068498468811e-08,0.251539167935269
"root17",14,"T1",1.00359423147517e-11,4.05825964204965e-10,4.62962962962963e-07,0.158046720415106,6.34998454152833e-08,0.251539167935269
"root17",14,"T2",1.0195392542528e-11,4.05825964204965e-10,5.78703703703704e-07,0.158046720415106,6.45087257473613e-08,0.251539167935269
"root17",14,"T3",6.01209365348245e-12,4.05825964204965e-10,5.78703703703704e-07,0.158046720415106,3.8039977278186e-08,0.251539167935269
"root17",14,"T1",1.07269803031347e-11,4.05825964204965e-10,5.78703703703704e-07,0.158046720415106,6.78722106663176e-08,0.251539167935269
"root17",14,"T2",1.07230899717805e-11,4.05825964204965e-10,6.94444444444444e-07,0.158046720415106,6.78475955946226e-08,0.251539167935269
"root17",14,"T3",6.11550937460349e-12,4.05825964204965e-10,6.94444444444444e-07,0.158046720415106,3.86943136721929e-08,0.251539167935269
"root17",14,"T1",1.13364317515647e-11,4.05825964204965e-10,6.94444444444444e-07,0.158046720415106,7.17283580563384e-08,0.251539167935269
"root17",14,"T2",1.11923082606638e-11,4.05825964204965e-10,8.10185185185185e-07,0.158046720415106,7.08164537123419e-08,0.251539167935269
"root17",14,"T3",6.20047880555379e-12,4.05825964204965e-10,8.10185185185185e-07,0.158046720415106,3.92319359064736e-08,0.251539167935269
"root17",14,"T1",1.18865559071172e-11,4.05825964204965e-10,8.10185185185185e-07,0.158046720415106,7.5209127249825e-08,0.251539167935269
"root17",14,"T2",1.16168971093087e-11,4.05825964204965e-10,9.25925925925926e-07,0.158046720415106,7.35029305182493e-08,0.251539167935269
"root17",14,"T3",6.27255260043278e-12,4.05825964204965e-10,9.25925925925926e-07,0.158046720415106,3.96879643181337e-08,0.251539167935269
"root17",14,"T1",1.2391282068883e-11,4.05825964204965e-10,9.25925925925926e-07,0.158046720415106,7.84026523064671e-08,0.251539167935269
"root17",14,"T2",1.20061311144164e-11,4.05825964204965e-10,1.04166666666667e-06,0.158046720415106,7.59657086390821e-08,0.251539167935269
"root17",14,"T3",6.33513616947032e-12,4.05825964204965e-10,1.04166666666667e-06,0.158046720415106,4.00839457650955e-08,0.251539167935269
"root17",14,"T1",1.28599247689365e-11,4.05825964204965e-10,1.04166666666667e-06,0.158046720415106,8.13678685338123e-08,0.251539167935269
"root17",14,"T2",1.2366536616886e-11,4.05825964204965e-10,1.15740740740741e-06,0.158046720415106,7.8246081819386e-08,0.251539167935269
"root17",14,"T3",6.39045251309005e-12,4.05825964204965e-10,1.15740740740741e-06,0.158046720415106,4.04339457111522e-08,0.251539167935269
"root17",14,"T1",1.32990304124872e-11,4.05825964204965e-10,1.15740740740741e-06,0.158046720415106,8.41461966281716e-08,0.251539167935269
"root17",15,"T2",6.58447124977488e-12,1.64356086755375e-10,1.15740740740741e-07,0.164658019199768,3.99887675181274e-08,0.262061376753633
"root17",15,"T3",5.05678162543782e-12,1.64356086755375e-10,1.15740740740741e-07,0.164658019199768,3.07108129322434e-08,0.262061376753633
"root17",15,"T1",6.7397155256904e-12,1.64356086755375e-10,1.15740740740741e-07,0.164658019199768,4.09315960342847e-08,0.262061376753633
"root17",15,"T2",7.75880308169684e-12,1.64356086755375e-10,2.31481481481481e-07,0.164658019199768,4.71207118815369e-08,0.262061376753633
"root17",15,"T3",5.52475556380715e-12,1.64356086755375e-10,2.31481481481481e-07,0.164658019199768,3.355290917902e-08,0.262061376753633
"root17",15,"T1",7.98634185022808e-12,1.64356086755375e-10,2.31481481481481e-07,0.164658019199768,4.85025988350972e-08,0.262061376753633
"root17",15,"T2",8.57360462337547e-12,1.64356086755375e-10,3.47222222222222e-07,0.164658019199768,5.20691592492299e-08,0.262061376753633
"root17",15,"T3",5.77971602394113e-12,1.64356086755375e-10,3.47222222222222e-07,0.164658019199768,3.51013333697948e-08,0.262061376753633
"root17",15,"T1",8.86920527364228e-12,1.64356086755375e-10,3.47222222222222e-07,0.164658019199768,5.38643991756143e-08,0.262061376753633
"root17",15,"T2",9.21746404910765e-12,1.64356086755375e-10,4.62962962962963e-07,0.164658019199768,5.59794420818627e-08,0.262061376753633
"root17",15,"T3",5.95050435123543e-12,1.64356086755375e-10,4.62962962962963e-07,0.164658019199768,3.61385639166235e-08,0.262061376753633
"root17",15,"T1",9.58040113878274e-12,1.64356086755375e-10,4.62962962962963e-07,0.164658019199768,5.81836292294972e-08,0.262061376753633
"root17",15,"T2",9.7593498030802e-12,1.64356086755375e-10,5.78703703703704e-07,0.164658019199768,5.92704190813802e-08,0.262061376753633
"root17",15,"T3",6.07800124450709e-12,1.64356086755375e-10,5.78703703703704e-07,0.164658019199768,3.69128772108759e-08,0.262061376753633
"root17",15,"T1",1.01895463056108e-11,1.64356086755375e-10,5.78703703703704e-07,0.164658019199768,6.18830856531109e-08,0.262061376753633
"root17",15,"T2",1.02324946377987e-11,1.64356086755375e-10,6.94444444444444e-07,0.164658019199768,6.21439191818795e-08,0.262061376753633
"root17",15,"T3",6.17961845744947e-12,1.64356086755375e-10,6.94444444444444e-07,0.164658019199768,3.75300182006451e-08,0.262061376753633
"root17",15,"T1",1.07299543927759e-11,1.64356086755375e-10,6.94444444444444e-07,0.164658019199768,6.51650884962851e-08,0.262061376753633
"root17",15,"T2",1.06556026575616e-11,1.64356086755375e-10,8.10185185185185e-07,0.164658019199768,6.47135360266537e-08,0.262061376753633
"root17",15,"T3",6.26416608130987e-12,1.64356086755375e-10,8.10185185185185e-07,0.164658019199768,3.80434922741904e-08,0.262061376753633
"root17",15,"T1",1.12202694903779e-11,1.64356086755375e-10,8.10185185185185e-07,0.164658019199768,6.81428669244778e-08,0.262061376753633
"root17",15,"T2",1.1040318532383e-11,1.64356086755375e-10,9.25925925925926e-07,0.164658019199768,6.70499899490991e-08,0.262061376753633
"root17",15,"T3",6.33664909794571e-12,1.64356086755375e-10,9.25925925925926e-07,0.164658019199768,3.84836956544333e-08,0.262061376753633
"root17",15,"T1",1.1672045255041e-11,1.64356086755375e-10,9.25925925925926e-07,0.164658019199768,7.08865885291628e-08,0.262061376753633
"root17",15,"T2",1.13944272896751e-11,1.64356086755375e-10,1.04166666666667e-06,0.164658019199768,6.92005609265287e-08,0.262061376753633
"root17",15,"T3",6.40015942338423e-12,1.64356086755375e-10,1.04166666666667e-06,0.164658019199768,3.88694061454691e-08,0.262061376753633
"root17",15,"T1",1.20929774427062e-11,1.64356086755375e-10,1.04166666666667e-06,0.164658019199768,7.34429911247425e-08,0.262061376753633
"root17",15,"T2",1.17234177917159e-11,1.64356086755375e-10,1.15740740740741e-06,0.164658019199768,7.11985838812547e-08,0.262061376753633
"root17",15,"T3",6.45673253194288e-12,1.64356086755375e-10,1.15740740740741e-06,0.164658019199768,3.92129855765444e-08,0.262061376753633
"root17",15,"T1",1.24884770367844e-11,1.64356086755375e-10,1.15740740740741e-06,0.164658019199768,7.58449366601028e-08,0.262061376753633
"root17",16,"T2",6.55873220400306e-12,4.44007727556039e-10,1.15740740740741e-07,0.14790834473056,4.43432195522903e-08,0.235403441884087
"root17",16,"T3",4.85542817816355e-12,4.44007727556039e-10,1.15740740740741e-07,0.14790834473056,3.28272768315306e-08,0.235403441884087
"root17",16,"T1",6.74015821057473e-12,4.44007727556039e-10,1.15740740740741e-07,0.14790834473056,4.55698305788836e-08,0.235403441884087
"root17",16,"T2",7.94932837832982e-12,4.44007727556039e-10,2.31481481481481e-07,0.14790834473056,5.37449620764187e-08,0.235403441884087
"root17",16,"T3",5.36177926727772e-12,4.44007727556039e-10,2.31481481481481e-07,0.14790834473056,3.62506880666206e-08,0.235403441884087
"root17",16,"T1",8.23044015567109e-12,4.44007727556039e-10,2.31481481481481e-07,0.14790834473056,5.56455429926163e-08,0.235403441884087
"root17",16,"T2",8.94059297806857e-12,4.44007727556039e-10,3.47222222222222e-07,0.14790834473056,6.04468462841321e-08,0.235403441884087
"root17",16,"T3",5.63592009858054e-12,4.44007727556039e-10,3.47222222222222e-07,0.14790834473056,3.8104138808715e-08,0.235403441884087
"root17",16,"T1",9.31755286466593e-12,4.44007727556039e-10,3.47222222222222e-07,0.14790834473056,6.29954508762803e-08,0.235403441884087
"root17",16,"T2",9.73303146997464e-12,4.44007727556039e-10,4.62962962962963e-07,0.14790834473056,6.58044783592501e-08,0.235403441884087
"root17",16,"T3",5.81653768218423e-12,4.44007727556039e-10,4.62962962962963e-07,0.14790834473056,3.93252841330896e-08,0.235403441884087
"root17",16,"T1",1.02058386714227e-11,4.44007727556039e-10,4.62962962962963e-07,0.14790834473056,6.90011012564192e-08,0.235403441884087
"root17",16,"T2",1.04029926522875e-11,4.44007727556039e-10,5.78703703703704e-07,0.14790834473056,7.03340482326292e-08,0.235403441884087
"root17",16,"T3",5.94870165203848e-12,4.44007727556039e-10,5.78703703703704e-07,0.14790834473056,4.02188373000525e-08,0.235403441884087
"root17",16,"T1",1.09722691372799e-11,4.44007727556039e-10,5.78703703703704e-07,0.14790834473056,7.41828945301749e-08,0.235403441884087
"root17",16,"T2",1.09883991742101e-11,4.44007727556039e-10,6.94444444444444e-07,0.14790834473056,7.42919488026675e-08,0.235403441884087
"root17",16,"T3",6.05187246422134e-12,4.44007727556039e-10,6.94444444444444e-07,0.14790834473056,4.09163693586447e-08,0.235403441884087
"root17",16,"T1",1.16547300642691e-11,4.44007727556039e-10,6.94444444444444e-07,0.14790834473056,7.87969744742948e-08,0.235403441884087
"root17",16,"T2",1.15111224090154e-11,4.44007727556039e-10,8.10185185185185e-07,0.14790834473056,7.78260511939663e-08,0.235403441884087
"root17",16,"T3",6.1359742679579e-12,4.44007727556039e-10,8.10185185185185e-07,0.14790834473056,4.14849769236185e-08,0.235403441884087
"root17",16,"T1",1.22748984886399e-11,4.44007727556039e-10,8.10185185185185e-07,0.14790834473056,8.29898983116921e-08,0.235403441884087
"root17",16,"T2",1.19850577801381e-11,4.44007727556039e-10,9.25925925925926e-07,0.14790834473056,8.10303015828548e-08,0.235403441884087
"root17",16,"T3",6.20666804120366e-12,4.44007727556039e-10,9.25925925925926e-07,0.14790834473056,4.19629335485442e-08,0.235403441884087
"root17",16,"T1",1.28464502851643e-11,4.44007727556039e-10,9.25925925925926e-07,0.14790834473056,8.68541278625374e-08,0.235403441884087
"root17",16,"T2",1.2419655676026e-11,4.44007727556039e-10,1.04166666666667e-06,0.14790834473056,8.39685935141154e-08,0.235403441884087
"root17",16,"T3",6.26745632942384e-12,4.44007727556039e-10,1.04166666666667e-06,0.14790834473056,4.23739197463204e-08,0.235403441884087
"root17",16,"T1",1.33786304941632e-11,4.44007727556039e-10,1.04166666666667e-06,0.14790834473056,9.04521683244756e-08,0.235403441884087
"root17",16,"T2",1.28216777130397e-11,4.44007727556039e-10,1.15740740740741e-06,0.14790834473056,8.6686641895672e-08,0.235403441884087
"root17",16,"T3",6.3206443108264e-12,4.44007727556039e-10,1.15740740740741e-06,0.14790834473056,4.27335206971623e-08,0.235403441884087
"root17",16,"T1",1.38780206630115e-11,4.44007727556039e-10,1.15740740740741e-06,0.14790834473056,9.38285171691474e-08,0.235403441884087
"root17",19,"T2",6.54961196138267e-12,1.82652147887311e-10,1.15740740740741e-07,0.168038110623873,3.89769436056262e-08,0.267440959336121
"root17",19,"T3",4.95894694935416e-12,1.82652147887311e-10,1.15740740740741e-07,0.168038110623873,2.95108468605315e-08,0.267440959336121
"root17",19,"T1",6.69928817371778e-12,1.82652147887311e-10,1.15740740740741e-07,0.168038110623873,3.98676713802924e-08,0.267440959336121
"root17",19,"T2",7.76630778652475e-12,1.82652147887311e-10,2.31481481481481e-07,0.168038110623873,4.62175381387643e-08,0.267440959336121
"root17",19,"T3",5.43557101261525e-12,1.82652147887311e-10,2.31481481481481e-07,0.168038110623873,3.23472514207323e-08,0.267440959336121
"root17",19,"T1",7.99038483100862e-12,1.82652147887311e-10,2.31481481481481e-07,0.168038110623873,4.75510275695366e-08,0.267440959336121
"root17",19,"T2",8.61500984909627e-12,1.82652147887311e-10,3.47222222222222e-07,0.168038110623873,5.12681903950921e-08,0.267440959336121
"root17",19,"T3",5.70049007514332e-12,1.82652147887311e-10,3.47222222222222e-07,0.168038110623873,3.39237929656503e-08,0.267440959336121
"root17",19,"T1",8.9105624874764e-12,1.82652147887311e-10,3.47222222222222e-07,0.168038110623873,5.30270332985432e-08,0.267440959336121
"root17",19,"T2",9.28531482636448e-12,1.82652147887311e-10,4.62962962962963e-07,0.168038110623873,5.52571960723137e-08,0.267440959336121
"root17",19,"T3",5.87911865836021e-12,1.82652147887311e-10,4.62962962962963e-07,0.168038110623873,3.49868171960091e-08,0.267440959336121
"root17",19,"T1",9.65222565432453e-12,1.82652147887311e-10,4.62962962962963e-07,0.168038110623873,5.74406937717214e-08,0.267440959336121
"root17",19,"T2",9.84820523823584e-12,1.82652147887311e-10,5.78703703703704e-07,0.168038110623873,5.86069743445253e-08,0.267440959336121
"root17",19,"T3",6.01254538573274e-12,1.82652147887311e-10,5.78703703703704e-07,0.168038110623873,3.57808437824612e-08,0.267440959336121
"root17",19,"T1",1.02867314627398e-11,1.82652147887311e-10,5.78703703703704e-07,0.168038110623873,6.12166574864973e-08,0.267440959336121
"root17",19,"T2",1.0338320042945e-11,1.82652147887311e-10,6.94444444444444e-07,0.168038110623873,6.15236627248545e-08,0.267440959336121
"root17",19,"T3",6.11865025162269e-12,1.82652147887311e-10,6.94444444444444e-07,0.168038110623873,3.64122771251477e-08,0.267440959336121
"root17",19,"T1",1.08486466100439e-11,1.82652147887311e-10,6.94444444444444e-07,0.168038110623873,6.45606319290684e-08,0.267440959336121
"root17",19,"T2",1.07753130891647e-11,1.82652147887311e-10,8.10185185185185e-07,0.168038110623873,6.41242218753788e-08,0.267440959336121
"root17",19,"T3",6.2066174908622e-12,1.82652147887311e-10,8.10185185185185e-07,0.168038110623873,3.6935772889965e-08,0.267440959336121
"root17",19,"T1",1.13574670170389e-11,1.82652147887311e-10,8.10185185185185e-07,0.168038110623873,6.75886379278613e-08,0.267440959336121
"root17",19,"T2",1.11714917107796e-11,1.82652147887311e-10,9.25925925925926e-07,0.168038110623873,6.64818931211696e-08,0.267440959336121
"root17",19,"T3",6.28172150291131e-12,1.82652147887311e-10,9.25925925925926e-07,0.168038110623873,3.73827191914337e-08,0.267440959336121
"root17",19,"T1",1.18253430600947e-11,1.82652147887311e-10,9.25925925925926e-07,0.168038110623873,7.03729827489187e-08,0.267440959336121
"root17",19,"T2",1.15351208574440e-11,1.82652147887311e-10,1.04166666666667e-06,0.168038110623873,6.86458614335626e-08,0.267440959336121
"root17",19,"T3",6.34724638546208e-12,1.82652147887311e-10,1.04166666666667e-06,0.168038110623873,3.77726597966184e-08,0.267440959336121
"root17",19,"T1",1.2260405153251e-11,1.82652147887311e-10,1.04166666666667e-06,0.168038110623873,7.2962050737966e-08,0.267440959336121
"root17",19,"T2",1.18720484343495e-11,1.82652147887311e-10,1.15740740740741e-06,0.168038110623873,7.06509278774458e-08,0.267440959336121
"root17",19,"T3",6.40536642038463e-12,1.82652147887311e-10,1.15740740740741e-06,0.168038110623873,3.81185339242598e-08,0.267440959336121
"root17",19,"T1",1.26683921948909e-11,1.82652147887311e-10,1.15740740740741e-06,0.168038110623873,7.5389994257e-08,0.267440959336121
"root17",2,"T2",4.92913669174369e-12,6.39729599649911e-11,1.15740740740741e-07,0.125088458325403,3.94052077844074e-08,0.199084464662324
"root17",2,"T3",3.54031478258690e-12,6.39729599649911e-11,1.15740740740741e-07,0.125088458325403,2.83024895340639e-08,0.199084464662324
"root17",2,"T1",5.0776323348798e-12,6.39729599649911e-11,1.15740740740741e-07,0.125088458325403,4.059233284074e-08,0.199084464662324
"root17",2,"T2",6.06957326584633e-12,6.39729599649911e-11,2.31481481481481e-07,0.125088458325403,4.85222485519571e-08,0.199084464662324
"root17",2,"T3",3.92945772307463e-12,6.39729599649911e-11,2.31481481481481e-07,0.125088458325403,3.14134315481977e-08,0.199084464662324
"root17",2,"T1",6.30292825348742e-12,6.39729599649911e-11,2.31481481481481e-07,0.125088458325403,5.03877682870716e-08,0.199084464662324
"root17",2,"T2",6.88128106459148e-12,6.39729599649911e-11,3.47222222222222e-07,0.125088458325403,5.50113188435869e-08,0.199084464662324
"root17",2,"T3",4.1369899365103e-12,6.39729599649911e-11,3.47222222222222e-07,0.125088458325403,3.30725151776066e-08,0.199084464662324
"root17",2,"T1",7.19593136527209e-12,6.39729599649911e-11,3.47222222222222e-07,0.125088458325403,5.75267411686594e-08,0.199084464662324
"root17",2,"T2",7.521902980377e-12,6.39729599649911e-11,4.62962962962963e-07,0.125088458325403,6.01326699607221e-08,0.199084464662324
"root17",2,"T3",4.27076794010553e-12,6.39729599649911e-11,4.62962962962963e-07,0.125088458325403,3.41419823801459e-08,0.199084464662324
"root17",2,"T1",7.91610434227597e-12,6.39729599649911e-11,4.62962962962963e-07,0.125088458325403,6.32840507289902e-08,0.199084464662324
"root17",2,"T2",8.0548884486512e-12,6.39729599649911e-11,5.78703703703704e-07,0.125088458325403,6.43935384325975e-08,0.199084464662324
"root17",2,"T3",4.36657992357107e-12,6.39729599649911e-11,5.78703703703704e-07,0.125088458325403,3.49079362079267e-08,0.199084464662324
"root17",2,"T1",8.5271914484959e-12,6.39729599649911e-11,5.78703703703704e-07,0.125088458325403,6.81692904577448e-08,0.199084464662324
"root17",2,"T2",8.51310762292698e-12,6.39729599649911e-11,6.94444444444444e-07,0.125088458325403,6.80566995300328e-08,0.199084464662324
"root17",2,"T3",4.43999131486802e-12,6.39729599649911e-11,6.94444444444444e-07,0.125088458325403,3.54948120258858e-08,0.199084464662324
"root17",2,"T1",9.06212208102452e-12,6.39729599649911e-11,6.94444444444444e-07,0.125088458325403,7.24457092392207e-08,0.199084464662324
"root17",2,"T2",8.91610268967516e-12,6.39729599649911e-11,8.10185185185185e-07,0.125088458325403,7.12783801882102e-08,0.199084464662324
"root17",2,"T3",4.49893267129905e-12,6.39729599649911e-11,8.10185185185185e-07,0.125088458325403,3.59660094266699e-08,0.199084464662324
"root17",2,"T1",9.54046546094419e-12,6.39729599649911e-11,8.10185185185185e-07,0.125088458325403,7.62697501325485e-08,0.199084464662324
"root17",2,"T2",9.27654113644822e-12,6.39729599649911e-11,9.25925925925926e-07,0.125088458325403,7.41598486434007e-08,0.199084464662324
"root17",2,"T3",4.54789763228802e-12,6.39729599649911e-11,9.25925925925926e-07,0.125088458325403,3.63574521036721e-08,0.199084464662324
"root17",2,"T1",9.9749197970699e-12,6.39729599649911e-11,9.25925925925926e-07,0.125088458325403,7.97429269702989e-08,0.199084464662324
"root17",2,"T2",9.60313734567731e-12,6.39729599649911e-11,1.04166666666667e-06,0.125088458325403,7.67707706549222e-08,0.199084464662324
"root17",2,"T3",4.58963664270832e-12,6.39729599649911e-11,1.04166666666667e-06,0.125088458325403,3.66911280557069e-08,0.199084464662324
"root17",2,"T1",1.03742373926477e-11,6.39729599649911e-11,1.04166666666667e-06,0.125088458325403,8.29352086637789e-08,0.199084464662324
"root17",2,"T2",9.90215402019873e-12,6.39729599649911e-11,1.15740740740741e-06,0.125088458325403,7.91612124152928e-08,0.199084464662324
"root17",2,"T3",4.62593542892315e-12,6.39729599649911e-11,1.15740740740741e-06,0.125088458325403,3.6981312991238e-08,0.199084464662324
"root17",2,"T1",1.0744723662785e-11,6.39729599649911e-11,1.15740740740741e-06,0.125088458325403,8.58970028620378e-08,0.199084464662324
"root17",20,"T2",7.09432213162643e-12,6.02955596385131e-10,1.15740740740741e-07,0.155774845418055,4.55421548491177e-08,0.247923366576593
"root17",20,"T3",5.24795970323575e-12,6.02955596385131e-10,1.15740740740741e-07,0.155774845418055,3.36893911796332e-08,0.247923366576593
"root17",20,"T1",7.29498885689727e-12,6.02955596385131e-10,1.15740740740741e-07,0.155774845418055,4.68303392458494e-08,0.247923366576593
"root17",20,"T2",8.5469608606162e-12,6.02955596385131e-10,2.31481481481481e-07,0.155774845418055,5.48674006876951e-08,0.247923366576593
"root17",20,"T3",5.76744060892923e-12,6.02955596385131e-10,2.31481481481481e-07,0.155774845418055,3.7024210124883e-08,0.247923366576593
"root17",20,"T1",8.85504528394713e-12,6.02955596385131e-10,2.31481481481481e-07,0.155774845418055,5.684515532776e-08,0.247923366576593
"root17",20,"T2",9.57463427686146e-12,6.02955596385131e-10,3.47222222222222e-07,0.155774845418055,6.14645724806588e-08,0.247923366576593
"root17",20,"T3",6.04932455030095e-12,6.02955596385131e-10,3.47222222222222e-07,0.155774845418055,3.883377020254e-08,0.247923366576593
"root17",20,"T1",9.98602473703105e-12,6.02955596385131e-10,3.47222222222222e-07,0.155774845418055,6.41055024656351e-08,0.247923366576593
"root17",20,"T2",1.03895983685177e-11,6.02955596385131e-10,4.62962962962963e-07,0.155774845418055,6.66962521492802e-08,0.247923366576593
"root17",20,"T3",6.23481637440449e-12,6.02955596385131e-10,4.62962962962963e-07,0.155774845418055,4.00245389919793e-08,0.247923366576593
"root17",20,"T1",1.09040050291891e-11,6.02955596385131e-10,4.62962962962963e-07,0.155774845418055,6.99984968685149e-08,0.247923366576593
"root17",20,"T2",1.10739818408358e-11,6.02955596385131e-10,5.78703703703704e-07,0.155774845418055,7.10896666988587e-08,0.247923366576593
"root17",20,"T3",6.37034927622967e-12,6.02955596385131e-10,5.78703703703704e-07,0.155774845418055,4.08945953958964e-08,0.247923366576593
"root17",20,"T1",1.16916869690311e-11,6.02955596385131e-10,5.78703703703704e-07,0.155774845418055,7.50550381716251e-08,0.247923366576593
"root17",20,"T2",1.16688276359666e-11,6.02955596385131e-10,6.94444444444444e-07,0.155774845418055,7.49082921870399e-08,0.247923366576593
"root17",20,"T3",6.47606253530911e-12,6.02955596385131e-10,6.94444444444444e-07,0.155774845418055,4.1573223956212e-08,0.247923366576593
"root17",20,"T1",1.23900564084789e-11,6.02955596385131e-10,6.94444444444444e-07,0.155774845418055,7.95382359406459e-08,0.247923366576593
"root17",20,"T2",1.21978204383316e-11,6.02955596385131e-10,8.10185185185185e-07,0.155774845418055,7.8304172959351e-08,0.247923366576593
"root17",20,"T3",6.56223246166338e-12,6.02955596385131e-10,8.10185185185185e-07,0.155774845418055,4.21263936680677e-08,0.247923366576593
"root17",20,"T1",1.30226058817927e-11,6.02955596385131e-10,8.10185185185185e-07,0.155774845418055,8.35989010089773e-08,0.247923366576593
"root17",20,"T2",1.26759666413615e-11,6.02955596385131e-10,9.25925925925926e-07,0.155774845418055,8.13736428840155e-08,0.247923366576593
"root17",20,"T3",6.63471119225847e-12,6.02955596385131e-10,9.25925925925926e-07,0.155774845418055,4.25916724516902e-08,0.247923366576593
"root17",20,"T1",1.36041372951836e-11,6.02955596385131e-10,9.25925925925926e-07,0.155774845418055,8.7332054534697e-08,0.247923366576593
"root17",20,"T2",1.31134238430173e-11,6.02955596385131e-10,1.04166666666667e-06,0.155774845418055,8.41819088815314e-08,0.247923366576593
"root17",20,"T3",6.69710894384608e-12,6.02955596385131e-10,1.04166666666667e-06,0.155774845418055,4.29922361718477e-08,0.247923366576593
"root17",20,"T1",1.41446244735198e-11,6.02955596385131e-10,1.04166666666667e-06,0.155774845418055,9.08017237029488e-08,0.247923366576593
"root17",20,"T2",1.35174166460315e-11,6.02955596385131e-10,1.15740740740741e-06,0.155774845418055,8.67753494458918e-08,0.247923366576593
"root17",20,"T3",6.75179327459434e-12,6.02955596385131e-10,1.15740740740741e-06,0.155774845418055,4.33432834195692e-08,0.247923366576593
"root17",20,"T1",1.46511361899977e-11,6.02955596385131e-10,1.15740740740741e-06,0.155774845418055,9.40532866566376e-08,0.247923366576593
"root17",22,"T2",7.79130004804623e-12,7.71855881406012e-10,1.15740740740741e-07,0.175249320399437,4.44583752466938e-08,0.278917956150657
"root17",22,"T3",5.90370430702135e-12,7.71855881406012e-10,1.15740740740741e-07,0.175249320399437,3.3687459064408e-08,0.278917956150657
"root17",22,"T1",7.98768359211111e-12,7.71855881406012e-10,1.15740740740741e-07,0.175249320399437,4.55789704285596e-08,0.278917956150657
"root17",22,"T2",9.22666748769033e-12,7.71855881406012e-10,2.31481481481481e-07,0.175249320399437,5.26488060932873e-08,0.278917956150657
"root17",22,"T3",6.43630649618332e-12,7.71855881406012e-10,2.31481481481481e-07,0.175249320399437,3.67265703599499e-08,0.278917956150657
"root17",22,"T1",9.5198527497053e-12,7.71855881406012e-10,2.31481481481481e-07,0.175249320399437,5.43217670003352e-08,0.278917956150657
"root17",22,"T2",1.02378375389002e-11,7.71855881406012e-10,3.47222222222222e-07,0.175249320399437,5.84187003725072e-08,0.278917956150657
"root17",22,"T3",6.72774136875877e-12,7.71855881406012e-10,3.47222222222222e-07,0.175249320399437,3.83895432714065e-08,0.278917956150657
"root17",22,"T1",1.06252127111827e-11,7.71855881406012e-10,3.47222222222222e-07,0.175249320399437,6.06291236220785e-08,0.278917956150657
"root17",22,"T2",1.10418363868432e-11,7.71855881406012e-10,4.62962962962963e-07,0.175249320399437,6.30064434011846e-08,0.278917956150657
"root17",22,"T3",6.92304730121007e-12,7.71855881406012e-10,4.62962962962963e-07,0.175249320399437,3.95039894330587e-08,0.278917956150657
"root17",22,"T1",1.15240403576565e-11,7.71855881406012e-10,4.62962962962963e-07,0.175249320399437,6.57579745895182e-08,0.278917956150657
"root17",22,"T2",1.17200081477431e-11,7.71855881406012e-10,5.78703703703704e-07,0.175249320399437,6.6876197414234e-08,0.278917956150657
"root17",22,"T3",7.06867259634999e-12,7.71855881406012e-10,5.78703703703704e-07,0.175249320399437,4.03349501170031e-08,0.278917956150657
"root17",22,"T1",1.2297933570317e-11,7.71855881406012e-10,5.78703703703704e-07,0.175249320399437,7.0173930160111e-08,0.278917956150657
"root17",22,"T2",1.23123234778199e-11,7.71855881406012e-10,6.94444444444444e-07,0.175249320399437,7.02560412203429e-08,0.278917956150657
"root17",22,"T3",7.18452007931132e-12,7.71855881406012e-10,6.94444444444444e-07,0.175249320399437,4.09959939527069e-08,0.278917956150657
"root17",22,"T1",1.29866313401663e-11,7.71855881406012e-10,6.94444444444444e-07,0.175249320399437,7.41037472246198e-08,0.278917956150657
"root17",22,"T2",1.28416286242942e-11,7.71855881406012e-10,8.10185185185185e-07,0.175249320399437,7.32763390752383e-08,0.278917956150657
"root17",22,"T3",7.28069963060657e-12,7.71855881406012e-10,8.10185185185185e-07,0.175249320399437,4.15448094977603e-08,0.278917956150657
"root17",22,"T1",1.36126866556046e-11,7.71855881406012e-10,8.10185185185185e-07,0.175249320399437,7.76761166581294e-08,0.278917956150657
"root17",22,"T2",1.33223197430329e-11,7.71855881406012e-10,9.25925925925926e-07,0.175249320399437,7.60192376932934e-08,0.278917956150657
"root17",22,"T3",7.36296902093635e-12,7.71855881406012e-10,9.25925925925926e-07,0.175249320399437,4.20142514912714e-08,0.278917956150657
"root17",22,"T1",1.41902310659106e-11,7.71855881406012e-10,9.25925925925926e-07,0.175249320399437,8.09716752884831e-08,0.278917956150657
"root17",22,"T2",1.37641119168531e-11,7.71855881406012e-10,1.04166666666667e-06,0.175249320399437,7.85401728547722e-08,0.278917956150657
"root17",22,"T3",7.43489082340615e-12,7.71855881406012e-10,1.04166666666667e-06,0.175249320399437,4.24246485319325e-08,0.278917956150657
"root17",22,"T1",1.47287601971529e-11,7.71855881406012e-10,1.04166666666667e-06,0.175249320399437,8.40446066414545e-08,0.278917956150657
"root17",22,"T2",1.41739043641905e-11,7.71855881406012e-10,1.15740740740741e-06,0.175249320399437,8.08785125778786e-08,0.278917956150657
"root17",22,"T3",7.49881261105915e-12,7.71855881406012e-10,1.15740740740741e-06,0.175249320399437,4.27893962382706e-08,0.278917956150657
"root17",22,"T1",1.52349968827619e-11,7.71855881406012e-10,1.15740740740741e-06,0.175249320399437,8.69332722548511e-08,0.278917956150657
"root17",23,"T2",7.3764898627785e-12,3.07371451160277e-10,1.15740740740741e-07,0.16233699945736,4.54393630992054e-08,0.258367359103452
"root17",23,"T3",5.76090671180943e-12,3.07371451160277e-10,1.15740740740741e-07,0.16233699945736,3.54873302516757e-08,0.258367359103452
"root17",23,"T1",7.56980220348981e-12,3.07371451160277e-10,1.15740740740741e-07,0.16233699945736,4.66301719804678e-08,0.258367359103452
"root17",23,"T2",8.63355508636894e-12,3.07371451160277e-10,2.31481481481481e-07,0.16233699945736,5.31829164961045e-08,0.258367359103452
"root17",23,"T3",6.27026060440438e-12,3.07371451160277e-10,2.31481481481481e-07,0.16233699945736,3.86249630420904e-08,0.258367359103452
"root17",23,"T1",8.92691652388238e-12,3.07371451160277e-10,2.31481481481481e-07,0.16233699945736,5.49900303302523e-08,0.258367359103452
"root17",23,"T2",9.48496323464877e-12,3.07371451160277e-10,3.47222222222222e-07,0.16233699945736,5.84276121053976e-08,0.258367359103452
"root17",23,"T3",6.54840979888283e-12,3.07371451160277e-10,3.47222222222222e-07,0.16233699945736,4.03383690765016e-08,0.258367359103452
"root17",23,"T1",9.86685787911151e-12,3.07371451160277e-10,3.47222222222222e-07,0.16233699945736,6.07800927212726e-08,0.258367359103452
"root17",23,"T2",1.01401778892185e-11,3.07371451160277e-10,4.62962962962963e-07,0.16233699945736,6.24637508584847e-08,0.258367359103452
"root17",23,"T3",6.73331822750959e-12,3.07371451160277e-10,4.62962962962963e-07,0.16233699945736,4.14774096479354e-08,0.258367359103452
"root17",23,"T1",1.06064363859325e-11,3.07371451160277e-10,4.62962962962963e-07,0.16233699945736,6.53359149262731e-08,0.258367359103452
"root17",23,"T2",1.06786179263682e-11,3.07371451160277e-10,5.78703703703704e-07,0.16233699945736,6.57805550309747e-08,0.258367359103452
"root17",23,"T3",6.86993432827151e-12,3.07371451160277e-10,5.78703703703704e-07,0.16233699945736,4.2318968265001e-08,0.258367359103452
"root17",23,"T1",1.12270092058944e-11,3.07371451160277e-10,5.78703703703704e-07,0.16233699945736,6.91586591068126e-08,0.258367359103452
"root17",23,"T2",1.11392793866174e-11,3.07371451160277e-10,6.94444444444444e-07,0.16233699945736,6.86182412133547e-08,0.258367359103452
"root17",23,"T3",6.9777708540562e-12,3.07371451160277e-10,6.94444444444444e-07,0.16233699945736,4.29832439763001e-08,0.258367359103452
"root17",23,"T1",1.17681921121635e-11,3.07371451160277e-10,6.94444444444444e-07,0.16233699945736,7.24923594220709e-08,0.258367359103452
"root17",23,"T2",1.15442687635642e-11,3.07371451160277e-10,8.10185185185185e-07,0.16233699945736,7.11129859622448e-08,0.258367359103452
"root17",23,"T3",7.0668012249858e-12,3.07371451160277e-10,8.10185185185185e-07,0.16233699945736,4.35316733006513e-08,0.258367359103452
"root17",23,"T1",1.22523174947255e-11,3.07371451160277e-10,8.10185185185185e-07,0.16233699945736,7.54745839560977e-08,0.258367359103452
"root17",23,"T2",1.19073455871282e-11,3.07371451160277e-10,9.25925925925926e-07,0.16233699945736,7.33495483280494e-08,0.258367359103452
"root17",23,"T3",7.14270784395034e-12,3.07371451160277e-10,9.25925925925926e-07,0.16233699945736,4.39992599827895e-08,0.258367359103452
"root17",23,"T1",1.26932399690262e-11,3.07371451160277e-10,9.25925925925926e-07,0.16233699945736,7.81906774885303e-08,0.258367359103452
"root17",23,"T2",1.22376613324531e-11,3.07371451160277e-10,1.04166666666667e-06,0.16233699945736,7.53843016278459e-08,0.258367359103452
"root17",23,"T3",7.20899239404262e-12,3.07371451160277e-10,1.04166666666667e-06,0.16233699945736,4.44075744786459e-08,0.258367359103452
"root17",23,"T1",1.3100161363166e-11,3.07371451160277e-10,1.04166666666667e-06,0.16233699945736,8.06973235119262e-08,0.258367359103452
"root17",23,"T2",1.25416135490756e-11,3.07371451160277e-10,1.15740740740741e-06,0.16233699945736,7.72566549277008e-08,0.258367359103452
"root17",23,"T3",7.26794533844653e-12,3.07371451160277e-10,1.15740740740741e-06,0.16233699945736,4.47707260990465e-08,0.258367359103452
"root17",23,"T1",1.34795152302123e-11,3.07371451160277e-10,1.15740740740741e-06,0.16233699945736,8.30341528750066e-08,0.258367359103452
"root17",25,"T2",7.45339666503643e-12,5.43929191690259e-10,1.15740740740741e-07,0.14089320915627,5.29010355408229e-08,0.224238506853007
"root17",25,"T3",5.66243475201646e-12,5.43929191690259e-10,1.15740740740741e-07,0.14089320915627,4.01895505533985e-08,0.224238506853007
"root17",25,"T1",7.70583889723002e-12,5.43929191690259e-10,1.15740740740741e-07,0.14089320915627,5.46927630038094e-08,0.224238506853007
"root17",25,"T2",8.92324153265545e-12,5.43929191690259e-10,2.31481481481481e-07,0.14089320915627,6.3333368485903e-08,0.224238506853007
"root17",25,"T3",6.21040920529444e-12,5.43929191690259e-10,2.31481481481481e-07,0.14089320915627,4.40788398708858e-08,0.224238506853007
"root17",25,"T1",9.32620352340813e-12,5.43929191690259e-10,2.31481481481481e-07,0.14089320915627,6.61934210971381e-08,0.224238506853007
"root17",25,"T2",9.93526169532929e-12,5.43929191690259e-10,3.47222222222222e-07,0.14089320915627,7.0516256637392e-08,0.224238506853007
"root17",25,"T3",6.50652146889483e-12,5.43929191690259e-10,3.47222222222222e-07,0.14089320915627,4.61805186201572e-08,0.224238506853007
"root17",25,"T1",1.0470108440051e-11,5.43929191690259e-10,3.47222222222222e-07,0.14089320915627,7.43123710699088e-08,0.224238506853007
"root17",25,"T2",1.07133265933484e-11,5.43929191690259e-10,4.62962962962963e-07,0.14089320915627,7.60386299489131e-08,0.224238506853007
"root17",25,"T3",6.69890746921707e-12,5.43929191690259e-10,4.62962962962963e-07,0.14089320915627,4.75459925239339e-08,0.224238506853007
"root17",25,"T1",1.13708696024223e-11,5.43929191690259e-10,4.62962962962963e-07,0.14089320915627,8.0705590216278e-08,0.224238506853007
"root17",25,"T2",1.13475812188852e-11,5.43929191690259e-10,5.78703703703704e-07,0.14089320915627,8.05402991871605e-08,0.224238506853007
"root17",25,"T3",6.83726194792012e-12,5.43929191690259e-10,5.78703703703704e-07,0.14089320915627,4.85279736962812e-08,0.224238506853007
"root17",25,"T1",1.2121889679308e-11,5.43929191690259e-10,5.78703703703704e-07,0.14089320915627,8.60360109042812e-08,0.224238506853007
"root17",25,"T2",1.18842309693241e-11,5.43929191690259e-10,6.94444444444444e-07,0.14089320915627,8.43492105864579e-08,0.224238506853007
"root17",25,"T3",6.94349313027244e-12,5.43929191690259e-10,6.94444444444444e-07,0.14089320915627,4.92819573906586e-08,0.224238506853007
"root17",25,"T1",1.2770811222826e-11,5.43929191690259e-10,6.94444444444444e-07,0.14089320915627,9.06417796805337e-08,0.224238506853007
"root17",25,"T2",1.23502838934724e-11,5.43929191690259e-10,8.10185185185185e-07,0.14089320915627,8.76570557760115e-08,0.224238506853007
"root17",25,"T3",7.02888155619095e-12,5.43929191690259e-10,8.10185185185185e-07,0.14089320915627,4.98880080756408e-08,0.224238506853007
"root17",25,"T1",1.33454136609101e-11,5.43929191690259e-10,8.10185185185185e-07,0.14089320915627,9.47200630947953e-08,0.224238506853007
"root17",25,"T2",1.27629193800061e-11,5.43929191690259e-10,9.25925925925926e-07,0.14089320915627,9.05857667408955e-08,0.224238506853007
"root17",25,"T3",7.09986857736708e-12,5.43929191690259e-10,9.25925925925926e-07,0.14089320915627,5.039184372252e-08,0.224238506853007
"root17",25,"T1",1.3863357947105e-11,5.43929191690259e-10,9.25925925925926e-07,0.14089320915627,9.8396211074507e-08,0.224238506853007
"root17",25,"T2",1.31337384128854e-11,5.43929191690259e-10,1.04166666666667e-06,0.14089320915627,9.32176823250461e-08,0.224238506853007
"root17",25,"T3",7.16041859068141e-12,5.43929191690259e-10,1.04166666666667e-06,0.14089320915627,5.0821601932138e-08,0.224238506853007
"root17",25,"T1",1.43365811813752e-11,5.43929191690259e-10,1.04166666666667e-06,0.14089320915627,1.01754948071869e-07,0.224238506853007
"root17",25,"T2",1.34709356179746e-11,5.43929191690259e-10,1.15740740740741e-06,0.14089320915627,9.56109644932108e-08,0.224238506853007
"root17",25,"T3",7.21311531378046e-12,5.43929191690259e-10,1.15740740740741e-06,0.14089320915627,5.1195620832088e-08,0.224238506853007
"root17",25,"T1",1.47735319619618e-11,5.43929191690259e-10,1.15740740740741e-06,0.14089320915627,1.04856238639408e-07,0.224238506853007
"root17",28,"T2",1.10311754307304e-11,4.70691877328886e-09,1.15740740740741e-07,0.169044951196748,6.52558704216576e-08,0.269043395876907
"root17",28,"T3",8.73656427865391e-12,4.70691877328886e-09,1.15740740740741e-07,0.169044951196748,5.16819000910924e-08,0.269043395876907
"root17",28,"T1",1.1339917691794e-11,4.70691877328886e-09,1.15740740740741e-07,0.169044951196748,6.70822619162147e-08,0.269043395876907
"root17",28,"T2",1.28500412454737e-11,4.70691877328886e-09,2.31481481481481e-07,0.169044951196748,7.60155281450422e-08,0.269043395876907
"root17",28,"T3",9.35423242006665e-12,4.70691877328886e-09,2.31481481481481e-07,0.169044951196748,5.53357692959398e-08,0.269043395876907
"root17",28,"T1",1.33955438808733e-11,4.70691877328886e-09,2.31481481481481e-07,0.169044951196748,7.92424960700687e-08,0.269043395876907
"root17",28,"T2",1.40986230014511e-11,4.70691877328886e-09,3.47222222222222e-07,0.169044951196748,8.34016212944567e-08,0.269043395876907
"root17",28,"T3",9.66269486817863e-12,4.70691877328886e-09,3.47222222222222e-07,0.169044951196748,5.71605055328296e-08,0.269043395876907
"root17",28,"T1",1.48551613202453e-11,4.70691877328886e-09,3.47222222222222e-07,0.169044951196748,8.787698902025e-08,0.269043395876907
"root17",28,"T2",1.50632778247226e-11,4.70691877328886e-09,4.62962962962963e-07,0.169044951196748,8.91081201661609e-08,0.269043395876907
"root17",28,"T3",9.85806287673542e-12,4.70691877328886e-09,4.62962962962963e-07,0.169044951196748,5.83162218507302e-08,0.269043395876907
"root17",28,"T1",1.60140394767207e-11,4.70691877328886e-09,4.62962962962963e-07,0.169044951196748,9.4732432784001e-08,0.269043395876907
"root17",28,"T2",1.58530696326509e-11,4.70691877328886e-09,5.78703703703704e-07,0.169044951196748,9.37802017772176e-08,0.269043395876907
"root17",28,"T3",9.99819251435861e-12,4.70691877328886e-09,5.78703703703704e-07,0.169044951196748,5.91451708174468e-08,0.269043395876907
"root17",28,"T1",1.69861796191056e-11,4.70691877328886e-09,5.78703703703704e-07,0.169044951196748,1.00483211707019e-07,0.269043395876907
"root17",28,"T2",1.65233910628012e-11,4.70691877328886e-09,6.94444444444444e-07,0.169044951196748,9.77455460563856e-08,0.269043395876907
"root17",28,"T3",1.01067021963693e-11,4.70691877328886e-09,6.94444444444444e-07,0.169044951196748,5.97870692074457e-08,0.269043395876907
"root17",28,"T1",1.78297884043156e-11,4.70691877328886e-09,6.94444444444444e-07,0.169044951196748,1.05473652292424e-07,0.269043395876907
"root17",28,"T2",1.71067519663906e-11,4.70691877328886e-09,8.10185185185185e-07,0.169044951196748,1.01196467834644e-07,0.269043395876907
"root17",28,"T3",1.01951606959623e-11,4.70691877328886e-09,8.10185185185185e-07,0.169044951196748,6.03103530971262e-08,0.269043395876907
"root17",28,"T1",1.85791056942233e-11,4.70691877328886e-09,8.10185185185185e-07,0.169044951196748,1.09906303398552e-07,0.269043395876907
"root17",28,"T2",1.76239805664729e-11,4.70691877328886e-09,9.25925925925926e-07,0.169044951196748,1.04256178263264e-07,0.269043395876907
"root17",28,"T3",1.02699505577311e-11,4.70691877328886e-09,9.25925925925926e-07,0.169044951196748,6.07527789799421e-08,0.269043395876907
"root17",28,"T1",1.92561026489018e-11,4.70691877328886e-09,9.25925925925926e-07,0.169044951196748,1.13911137319268e-07,0.269043395876907
"root17",28,"T2",1.808924283084e-11,4.70691877328886e-09,1.04166666666667e-06,0.169044951196748,1.07008477347462e-07,0.269043395876907
"root17",28,"T3",1.03349040624074e-11,4.70691877328886e-09,1.04166666666667e-06,0.169044951196748,6.11370170433471e-08,0.269043395876907
"root17",28,"T1",1.9875748745386e-11,4.70691877328886e-09,1.04166666666667e-06,0.169044951196748,1.17576707288069e-07,0.269043395876907
"root17",28,"T2",1.85126071979556e-11,4.70691877328886e-09,1.15740740740741e-06,0.169044951196748,1.09512925804031e-07,0.269043395876907
"root17",28,"T3",1.03924735969322e-11,4.70691877328886e-09,1.15740740740741e-06,0.169044951196748,6.14775745939708e-08,0.269043395876907
"root17",28,"T1",2.04487075525532e-11,4.70691877328886e-09,1.15740740740741e-06,0.169044951196748,1.2096609456708e-07,0.269043395876907
"root17",5,"T2",6.24630855748369e-12,5.15476799158084e-11,1.15740740740741e-07,0.145144614830224,4.30350692982307e-08,0.231004829133994
"root17",5,"T3",4.64620823299238e-12,5.15476799158084e-11,1.15740740740741e-07,0.145144614830224,3.20108895423165e-08,0.231004829133994
"root17",5,"T1",6.43761770527296e-12,5.15476799158084e-11,1.15740740740741e-07,0.145144614830224,4.43531281736016e-08,0.231004829133994
"root17",5,"T2",7.53610931712654e-12,5.15476799158084e-11,2.31481481481481e-07,0.145144614830224,5.19213842411001e-08,0.231004829133994
"root17",5,"T3",5.13193394285807e-12,5.15476799158084e-11,2.31481481481481e-07,0.145144614830224,3.53573844187117e-08,0.231004829133994
"root17",5,"T1",7.82481343239255e-12,5.15476799158084e-11,2.31481481481481e-07,0.145144614830224,5.39104633096119e-08,0.231004829133994
"root17",5,"T2",8.42659836301156e-12,5.15476799158084e-11,3.47222222222222e-07,0.145144614830224,5.80565691181045e-08,0.231004829133994
"root17",5,"T3",5.39072451831759e-12,5.15476799158084e-11,3.47222222222222e-07,0.145144614830224,3.71403687599649e-08,0.231004829133994
"root17",5,"T1",8.80482177202992e-12,5.15476799158084e-11,3.47222222222222e-07,0.145144614830224,6.06624075052935e-08,0.231004829133994
"root17",5,"T2",9.11948890397182e-12,5.15476799158084e-11,4.62962962962963e-07,0.145144614830224,6.2830363459498e-08,0.231004829133994
"root17",5,"T3",5.55872728777866e-12,5.15476799158084e-11,4.62962962962963e-07,0.145144614830224,3.82978541386514e-08,0.231004829133994
"root17",5,"T1",9.58336141019671e-12,5.15476799158084e-11,4.62962962962963e-07,0.145144614830224,6.60262967482906e-08,0.231004829133994
"root17",5,"T2",9.6928717370012e-12,5.15476799158084e-11,5.78703703703704e-07,0.145144614830224,6.67807878944663e-08,0.231004829133994
"root17",5,"T3",5.68030877383728e-12,5.15476799158084e-11,5.78703703703704e-07,0.145144614830224,3.91355117134834e-08,0.231004829133994
"root17",5,"T1",1.02397575049036e-11,5.15476799158084e-11,5.78703703703704e-07,0.145144614830224,7.05486560206253e-08,0.231004829133994
"root17",5,"T2",1.01857236480949e-11,5.15476799158084e-11,6.94444444444444e-07,0.145144614830224,7.01763800193978e-08,0.231004829133994
"root17",5,"T3",5.77455619354791e-12,5.15476799158084e-11,6.94444444444444e-07,0.145144614830224,3.97848463086448e-08,0.231004829133994
"root17",5,"T1",1.08135568547496e-11,5.15476799158084e-11,6.94444444444444e-07,0.145144614830224,7.45019501233185e-08,0.231004829133994
"root17",5,"T2",1.06204363786323e-11,5.15476799158084e-11,8.10185185185185e-07,0.145144614830224,7.3171411774767e-08,0.231004829133994
"root17",5,"T3",5.85112717408864e-12,5.15476799158084e-11,8.10185185185185e-07,0.145144614830224,4.03123958882851e-08,0.231004829133994
"root17",5,"T1",1.13274838177918e-11,5.15476799158084e-11,8.10185185185185e-07,0.145144614830224,7.80427426194325e-08,0.231004829133994
"root17",5,"T2",1.10110887836647e-11,5.15476799158084e-11,9.25925925925926e-07,0.145144614830224,7.58628819715038e-08,0.231004829133994
"root17",5,"T3",5.91547066452705e-12,5.15476799158084e-11,9.25925925925926e-07,0.145144614830224,4.07557019696969e-08,0.231004829133994
"root17",5,"T1",1.17958391151669e-11,5.15476799158084e-11,9.25925925925926e-07,0.145144614830224,8.12695609063042e-08,0.231004829133994
"root17",5,"T2",1.13671131643989e-11,5.15476799158084e-11,1.04166666666667e-06,0.145144614830224,7.83157761498425e-08,0.231004829133994
"root17",5,"T3",5.97091435069633e-12,5.15476799158084e-11,1.04166666666667e-06,0.145144614830224,4.113769124456e-08,0.231004829133994
"root17",5,"T1",1.22282149747176e-11,5.15476799158084e-11,1.04166666666667e-06,0.145144614830224,8.42484923675675e-08,0.231004829133994
"root17",5,"T2",1.16951366265313e-11,5.15476799158084e-11,1.15740740740741e-06,0.145144614830224,8.05757529496436e-08,0.231004829133994
"root17",5,"T3",6.0196173725323e-12,5.15476799158084e-11,1.15740740740741e-06,0.145144614830224,4.14732394968525e-08,0.231004829133994
"root17",5,"T1",1.26313594475982e-11,5.15476799158084e-11,1.15740740740741e-06,0.145144614830224,8.7026028918628e-08,0.231004829133994
"root17",6,"T2",4.76615161290605e-12,5.68179646214290e-11,1.15740740740741e-07,0.110235844857175,4.32359512378322e-08,0.175445796149307
"root17",6,"T3",3.44986710344312e-12,5.68179646214290e-11,1.15740740740741e-07,0.110235844857175,3.12953296444807e-08,0.175445796149307
"root17",6,"T1",4.92327955197501e-12,5.68179646214290e-11,1.15740740740741e-07,0.110235844857175,4.4661330970464e-08,0.175445796149307
"root17",6,"T2",5.84977806387936e-12,5.68179646214290e-11,2.31481481481481e-07,0.110235844857175,5.30660246806156e-08,0.175445796149307
"root17",6,"T3",3.8336862183619e-12,5.68179646214290e-11,2.31481481481481e-07,0.110235844857175,3.47771291935844e-08,0.175445796149307
"root17",6,"T1",6.09793315182214e-12,5.68179646214290e-11,2.31481481481481e-07,0.110235844857175,5.53171535059473e-08,0.175445796149307
"root17",6,"T2",6.61174720564895e-12,5.68179646214290e-11,3.47222222222222e-07,0.110235844857175,5.9978196876119e-08,0.175445796149307
"root17",6,"T3",4.037345694087e-12,5.68179646214290e-11,3.47222222222222e-07,0.110235844857175,3.66246178755913e-08,0.175445796149307
"root17",6,"T1",6.94377604973589e-12,5.68179646214290e-11,3.47222222222222e-07,0.110235844857175,6.29901830818502e-08,0.175445796149307
"root17",6,"T2",7.20831042917874e-12,5.68179646214290e-11,4.62962962962963e-07,0.110235844857175,6.53898959863559e-08,0.175445796149307
"root17",6,"T3",4.16754247144862e-12,5.68179646214290e-11,4.62962962962963e-07,0.110235844857175,3.78056926660127e-08,0.175445796149307
"root17",6,"T1",7.62081673850579e-12,5.68179646214290e-11,4.62962962962963e-07,0.110235844857175,6.91319302571641e-08,0.175445796149307
"root17",6,"T2",7.70238821108215e-12,5.68179646214290e-11,5.78703703703704e-07,0.110235844857175,6.98719025654641e-08,0.175445796149307
"root17",6,"T3",4.25995727123214e-12,5.68179646214290e-11,5.78703703703704e-07,0.110235844857175,3.86440297777141e-08,0.175445796149307
"root17",6,"T1",8.19302829033928e-12,5.68179646214290e-11,5.78703703703704e-07,0.110235844857175,7.43227241643081e-08,0.175445796149307
"root17",6,"T2",8.12627536176134e-12,5.68179646214290e-11,6.94444444444444e-07,0.110235844857175,7.37171776774605e-08,0.175445796149307
"root17",6,"T3",4.33015114090461e-12,5.68179646214290e-11,6.94444444444444e-07,0.110235844857175,3.9280790622278e-08,0.175445796149307
"root17",6,"T1",8.69314338734195e-12,5.68179646214290e-11,6.94444444444444e-07,0.110235844857175,7.88594980027146e-08,0.175445796149307
"root17",6,"T2",8.49892317972779e-12,5.68179646214290e-11,8.10185185185185e-07,0.110235844857175,7.70976372589084e-08,0.175445796149307
"root17",6,"T3",4.38605175223275e-12,5.68179646214290e-11,8.10185185185185e-07,0.110235844857175,3.97878907529167e-08,0.175445796149307
"root17",6,"T1",9.14035914563605e-12,5.68179646214290e-11,8.10185185185185e-07,0.110235844857175,8.29163976334429e-08,0.175445796149307
"root17",6,"T2",8.83244788122461e-12,5.68179646214290e-11,9.25925925925926e-07,0.110235844857175,8.01231930745231e-08,0.175445796149307
"root17",6,"T3",4.43214416430087e-12,5.68179646214290e-11,9.25925925925926e-07,0.110235844857175,4.02060162013844e-08,0.175445796149307
"root17",6,"T1",9.54695902461773e-12,5.68179646214290e-11,9.25925925925926e-07,0.110235844857175,8.66048519606946e-08,0.175445796149307
"root17",6,"T2",9.13507546132046e-12,5.68179646214290e-11,1.04166666666667e-06,0.110235844857175,8.28684669052625e-08,0.175445796149307
"root17",6,"T3",4.47116715003289e-12,5.68179646214290e-11,1.04166666666667e-06,0.110235844857175,4.05600116352887e-08,0.175445796149307
"root17",6,"T1",9.92129548301349e-12,5.68179646214290e-11,1.04166666666667e-06,0.110235844857175,9.00006299753753e-08,0.175445796149307
"root17",6,"T2",9.41264712075712e-12,5.68179646214290e-11,1.15740740740741e-06,0.110235844857175,8.53864469669774e-08,0.175445796149307
"root17",6,"T3",4.50489390528186e-12,5.68179646214290e-11,1.15740740740741e-06,0.110235844857175,4.08659625289627e-08,0.175445796149307
"root17",6,"T1",1.02693107855697e-11,5.68179646214290e-11,1.15740740740741e-06,0.110235844857175,9.31576366913589e-08,0.175445796149307
"root17",8,"T2",5.4796493105408e-12,1.19237272816001e-10,1.15740740740741e-07,0.115723260300447,4.7351321560715e-08,0.184179289075262
"root17",8,"T3",4.02054112091247e-12,1.19237272816001e-10,1.15740740740741e-07,0.115723260300447,3.47427225129514e-08,0.184179289075262
"root17",8,"T1",5.67635402238079e-12,1.19237272816001e-10,1.15740740740741e-07,0.115723260300447,4.9051106991313e-08,0.184179289075262
"root17",8,"T2",6.6881082303708e-12,1.19237272816001e-10,2.31481481481481e-07,0.115723260300447,5.77939837938093e-08,0.184179289075262
"root17",8,"T3",4.4597733038012e-12,1.19237272816001e-10,2.31481481481481e-07,0.115723260300447,3.85382618172223e-08,0.184179289075262
"root17",8,"T1",6.99743416479216e-12,1.19237272816001e-10,2.31481481481481e-07,0.115723260300447,6.04669635700294e-08,0.184179289075262
"root17",8,"T2",7.52544338606941e-12,1.19237272816001e-10,3.47222222222222e-07,0.115723260300447,6.50296523493327e-08,0.184179289075262
"root17",8,"T3",4.69316388171561e-12,1.19237272816001e-10,3.47222222222222e-07,0.115723260300447,4.05550610096101e-08,0.184179289075262
"root17",8,"T1",7.93696569906129e-12,1.19237272816001e-10,3.47222222222222e-07,0.115723260300447,6.85857422134056e-08,0.184179289075262
"root17",8,"T2",8.17047459314391e-12,1.19237272816001e-10,4.62962962962963e-07,0.115723260300447,7.06035638119016e-08,0.184179289075262
"root17",8,"T3",4.84185384105143e-12,1.19237272816001e-10,4.62962962962963e-07,0.115723260300447,4.18399363142789e-08,0.184179289075262
"root17",8,"T1",8.67832874067992e-12,1.19237272816001e-10,4.62962962962963e-07,0.115723260300447,7.49920864495934e-08,0.184179289075262
"root17",8,"T2",8.6961244169918e-12,1.19237272816001e-10,5.78703703703704e-07,0.115723260300447,7.51458643181539e-08,0.184179289075262
"root17",8,"T3",4.9468734399692e-12,1.19237272816001e-10,5.78703703703704e-07,0.115723260300447,4.27474427105308e-08,0.184179289075262
"root17",8,"T1",9.29585491825624e-12,1.19237272816001e-10,5.78703703703704e-07,0.115723260300447,8.03283185603468e-08,0.184179289075262
"root17",8,"T2",9.14012566857191e-12,1.19237272816001e-10,6.94444444444444e-07,0.115723260300447,7.89826146000538e-08,0.184179289075262
"root17",8,"T3",5.02622594308557e-12,1.19237272816001e-10,6.94444444444444e-07,0.115723260300447,4.34331519008038e-08,0.184179289075262
"root17",8,"T1",9.82796681862495e-12,1.19237272816001e-10,6.94444444444444e-07,0.115723260300447,8.49264598414273e-08,0.184179289075262
"root17",8,"T2",9.52474762039884e-12,1.19237272816001e-10,8.10185185185185e-07,0.115723260300447,8.2306250235866e-08,0.184179289075262
"root17",8,"T3",5.08910954360486e-12,1.19237272816001e-10,8.10185185185185e-07,0.115723260300447,4.39765482789911e-08,0.184179289075262
"root17",8,"T1",1.02973891594486e-11,1.19237272816001e-10,8.10185185185185e-07,0.115723260300447,8.89828815115817e-08,0.184179289075262
"root17",8,"T2",9.8642837818802e-12,1.19237272816001e-10,9.25925925925926e-07,0.115723260300447,8.52402858014025e-08,0.184179289075262
"root17",8,"T3",5.14073319119221e-12,1.19237272816001e-10,9.25925925925926e-07,0.115723260300447,4.44226439684257e-08,0.184179289075262
"root17",8,"T1",1.07187647681423e-11,1.19237272816001e-10,9.25925925925926e-07,0.115723260300447,9.26241167101036e-08,0.184179289075262
"root17",8,"T2",1.01684617909446e-11,1.19237272816001e-10,1.04166666666667e-06,0.115723260300447,8.78687807839557e-08,0.184179289075262
"root17",8,"T3",5.18427677005583e-12,1.19237272816001e-10,1.04166666666667e-06,0.115723260300447,4.47989173187493e-08,0.184179289075262
"root17",8,"T1",1.11021073762223e-11,1.19237272816001e-10,1.04166666666667e-06,0.115723260300447,9.5936697146264e-08,0.184179289075262
"root17",8,"T2",1.04441966146614e-11,1.19237272816001e-10,1.15740740740741e-06,0.115723260300447,9.02514895237626e-08,0.184179289075262
"root17",8,"T3",5.22179654118051e-12,1.19237272816001e-10,1.15740740740741e-06,0.115723260300447,4.51231371085069e-08,0.184179289075262
"root17",8,"T1",1.14545732074273e-11,1.19237272816001e-10,1.15740740740741e-06,0.115723260300447,9.89824619327899e-08,0.184179289075262
"root18",0,"T2",5.10445944036985e-12,3.50210551834103e-11,1.15740740740741e-07,0.119921435256429,4.25650295917068e-08,0.190860892037354
"root18",0,"T3",3.71708394911227e-12,3.50210551834103e-11,1.15740740740741e-07,0.119921435256429,3.09959928445153e-08,0.190860892037354
"root18",0,"T1",5.25773830894294e-12,3.50210551834103e-11,1.15740740740741e-07,0.119921435256429,4.38431903162289e-08,0.190860892037354
"root18",0,"T2",6.23494705779953e-12,3.50210551834103e-11,2.31481481481481e-07,0.119921435256429,5.19919315881043e-08,0.190860892037354
"root18",0,"T3",4.09819218115483e-12,3.50210551834103e-11,2.31481481481481e-07,0.119921435256429,3.41739754230896e-08,0.190860892037354
"root18",0,"T1",6.47420017408301e-12,3.50210551834103e-11,2.31481481481481e-07,0.119921435256429,5.39870137497869e-08,0.190860892037354
"root18",0,"T2",7.04250443012082e-12,3.50210551834103e-11,3.47222222222222e-07,0.119921435256429,5.87259851840647e-08,0.190860892037354
"root18",0,"T3",4.30075103344209e-12,3.50210551834103e-11,3.47222222222222e-07,0.119921435256429,3.58630717206291e-08,0.190860892037354
"root18",0,"T1",7.3631137284592e-12,3.50210551834103e-11,3.47222222222222e-07,0.119921435256429,6.13994796903038e-08,0.190860892037354
"root18",0,"T2",7.68332967106309e-12,3.50210551834103e-11,4.62962962962963e-07,0.119921435256429,6.40696940845793e-08,0.190860892037354
"root18",0,"T3",4.43135117427694e-12,3.50210551834103e-11,4.62962962962963e-07,0.119921435256429,3.69521192337412e-08,0.190860892037354
"root18",0,"T1",8.08392365618125e-12,3.50210551834103e-11,4.62962962962963e-07,0.119921435256429,6.74101643204597e-08,0.190860892037354
"root18",0,"T2",8.21959931915174e-12,3.50210551834103e-11,5.78703703703704e-07,0.119921435256429,6.85415355609755e-08,0.190860892037354
"root18",0,"T3",4.52499947769135e-12,3.50210551834103e-11,5.78703703703704e-07,0.119921435256429,3.77330330312968e-08,0.190860892037354
"root18",0,"T1",8.69942059885699e-12,3.50210551834103e-11,5.78703703703704e-07,0.119921435256429,7.25426657899395e-08,0.190860892037354
"root18",0,"T2",8.68322874172866e-12,3.50210551834103e-11,6.94444444444444e-07,0.119921435256429,7.24076452484182e-08,0.190860892037354
"root18",0,"T3",4.59683587285036e-12,3.50210551834103e-11,6.94444444444444e-07,0.119921435256429,3.83320618454984e-08,0.190860892037354
"root18",0,"T1",9.24161097345949e-12,3.50210551834103e-11,6.94444444444444e-07,0.119921435256429,7.70638789779164e-08,0.190860892037354
"root18",0,"T2",9.09305313418186e-12,3.50210551834103e-11,8.10185185185185e-07,0.119921435256429,7.58250859384572e-08,0.190860892037354
"root18",0,"T3",4.6545507639979e-12,3.50210551834103e-11,8.10185185185185e-07,0.119921435256429,3.88133343638278e-08,0.190860892037354
"root18",0,"T1",9.72929905477814e-12,3.50210551834103e-11,8.10185185185185e-07,0.119921435256429,8.11306088354755e-08,0.190860892037354
"root18",0,"T2",9.46121917652942e-12,3.50210551834103e-11,9.25925925925926e-07,0.119921435256429,7.88951462788818e-08,0.190860892037354
"root18",0,"T3",4.7024974028196e-12,3.50210551834103e-11,9.25925925925926e-07,0.119921435256429,3.92131514500657e-08,0.190860892037354
"root18",0,"T1",1.01745768207357e-11,3.50210551834103e-11,9.25925925925926e-07,0.119921435256429,8.48436878609676e-08,0.190860892037354
"root18",0,"T2",9.79605912043367e-12,3.50210551834103e-11,1.04166666666667e-06,0.119921435256429,8.16873071898003e-08,0.190860892037354
"root18",0,"T3",4.74334203016264e-12,3.50210551834103e-11,1.04166666666667e-06,0.119921435256429,3.95537463341721e-08,0.190860892037354
"root18",0,"T1",1.05857246496238e-11,3.50210551834103e-11,1.04166666666667e-06,0.119921435256429,8.82721644132113e-08,0.190860892037354
"root18",0,"T2",1.01035564976113e-11,3.50210551834103e-11,1.15740740740741e-06,0.119921435256429,8.42514641023668e-08,0.190860892037354
"root18",0,"T3",4.77881903023353e-12,3.50210551834103e-11,1.15740740740741e-06,0.119921435256429,3.98495816866679e-08,0.190860892037354
"root18",0,"T1",1.09686837405258e-11,3.50210551834103e-11,1.15740740740741e-06,0.119921435256429,9.14655809203032e-08,0.190860892037354
"root18",10,"T2",5.62966666281045e-12,3.90816005448772e-11,1.15740740740741e-07,0.131876060126443,4.26890722805391e-08,0.209887268446074
"root18",10,"T3",4.22350410848026e-12,3.90816005448772e-11,1.15740740740741e-07,0.131876060126443,3.2026313983226e-08,0.209887268446074
"root18",10,"T1",5.79794971988353e-12,3.90816005448772e-11,1.15740740740741e-07,0.131876060126443,4.39651420760102e-08,0.209887268446074
"root18",10,"T2",6.74932818127093e-12,3.90816005448772e-11,2.31481481481481e-07,0.131876060126443,5.11793283390455e-08,0.209887268446074
"root18",10,"T3",4.6546378229929e-12,3.90816005448772e-11,2.31481481481481e-07,0.131876060126443,3.52955480966752e-08,0.209887268446074
"root18",10,"T1",7.00176370846808e-12,3.90816005448772e-11,2.31481481481481e-07,0.131876060126443,5.30935160009692e-08,0.209887268446074
"root18",10,"T2",7.51649135748597e-12,3.90816005448772e-11,3.47222222222222e-07,0.131876060126443,5.69966326737328e-08,0.209887268446074
"root18",10,"T3",4.88833731563778e-12,3.90816005448772e-11,3.47222222222222e-07,0.131876060126443,3.70676627050492e-08,0.209887268446074
"root18",10,"T1",7.84435801205619e-12,3.90816005448772e-11,3.47222222222222e-07,0.131876060126443,5.94828053289961e-08,0.209887268446074
"root18",10,"T2",8.10767429951052e-12,3.90816005448772e-11,4.62962962962963e-07,0.131876060126443,6.14795004623043e-08,0.209887268446074
"root18",10,"T3",5.0410806980709e-12,3.90816005448772e-11,4.62962962962963e-07,0.131876060126443,3.82258970524104e-08,0.209887268446074
"root18",10,"T1",8.50694263862429e-12,3.90816005448772e-11,4.62962962962963e-07,0.131876060126443,6.45071033398163e-08,0.209887268446074
"root18",10,"T2",8.59223168224882e-12,3.90816005448772e-11,5.78703703703704e-07,0.131876060126443,6.51538397038141e-08,0.209887268446074
"root18",10,"T3",5.15190171418846e-12,3.90816005448772e-11,5.78703703703704e-07,0.131876060126443,3.90662392343903e-08,0.209887268446074
"root18",10,"T1",9.06023940472779e-12,3.90816005448772e-11,5.78703703703704e-07,0.131876060126443,6.87026849000556e-08,0.209887268446074
"root18",10,"T2",9.0049856385419e-12,3.90816005448772e-11,6.94444444444444e-07,0.131876060126443,6.8283702363476e-08,0.209887268446074
"root18",10,"T3",5.2378728941255e-12,3.90816005448772e-11,6.94444444444444e-07,0.131876060126443,3.97181481544369e-08,0.209887268446074
"root18",10,"T1",9.53964897438457e-12,3.90816005448772e-11,6.94444444444444e-07,0.131876060126443,7.23379889059314e-08,0.209887268446074
"root18",10,"T2",9.36600232574174e-12,3.90816005448772e-11,8.10185185185185e-07,0.131876060126443,7.10212476529978e-08,0.209887268446074
"root18",10,"T3",5.30772204035044e-12,3.90816005448772e-11,8.10185185185185e-07,0.131876060126443,4.0247805668909e-08,0.209887268446074
"root18",10,"T1",9.96555294627344e-12,3.90816005448772e-11,8.10185185185185e-07,0.131876060126443,7.55675665220697e-08,0.209887268446074
"root18",10,"T2",9.68792517745037e-12,3.90816005448772e-11,9.25925925925926e-07,0.131876060126443,7.34623491796887e-08,0.209887268446074
"root18",10,"T3",5.36640713028071e-12,3.90816005448772e-11,9.25925925925926e-07,0.131876060126443,4.06928075128677e-08,0.209887268446074
"root18",10,"T1",1.03507986931029e-11,3.90816005448772e-11,9.25925925925926e-07,0.131876060126443,7.84888378010273e-08,0.209887268446074
"root18",10,"T2",9.97923957086843e-12,3.90816005448772e-11,1.04166666666667e-06,0.131876060126443,7.56713505188153e-08,0.209887268446074
"root18",10,"T3",5.41696999914207e-12,3.90816005448772e-11,1.04166666666667e-06,0.131876060126443,4.10762195499947e-08,0.209887268446074
"root18",10,"T1",1.07040189360581e-11,3.90816005448772e-11,1.04166666666667e-06,0.131876060126443,8.11672636094456e-08,0.209887268446074
"root18",10,"T2",1.02459160226919e-11,3.90816005448772e-11,1.15740740740741e-06,0.131876060126443,7.76935253666822e-08,0.209887268446074
"root18",10,"T3",5.46139039004145e-12,3.90816005448772e-11,1.15740740740741e-06,0.131876060126443,4.14130539296143e-08,0.209887268446074
"root18",10,"T1",1.1031298606232e-11,3.90816005448772e-11,1.15740740740741e-06,0.131876060126443,8.36489852339779e-08,0.209887268446074
"root18",12,"T2",6.11494830738966e-12,1.27579728762723e-10,1.15740740740741e-07,0.158071457823835,3.86847087486506e-08,0.251578538744054
"root18",12,"T3",4.57984888594474e-12,1.27579728762723e-10,1.15740740740741e-07,0.158071457823835,2.89732817612704e-08,0.251578538744054
"root18",12,"T1",6.24881798844386e-12,1.27579728762723e-10,1.15740740740741e-07,0.158071457823835,3.95316021910037e-08,0.251578538744054
"root18",12,"T2",7.2842834273659e-12,1.27579728762723e-10,2.31481481481481e-07,0.158071457823835,4.60822183058751e-08,0.251578538744054
"root18",12,"T3",5.02234420332855e-12,1.27579728762723e-10,2.31481481481481e-07,0.158071457823835,3.17726189944156e-08,0.251578538744054
"root18",12,"T1",7.48626224413569e-12,1.27579728762723e-10,2.31481481481481e-07,0.158071457823835,4.73599873576093e-08,0.251578538744054
"root18",12,"T2",8.11441567366692e-12,1.27579728762723e-10,3.47222222222222e-07,0.158071457823835,5.13338447394478e-08,0.251578538744054
"root18",12,"T3",5.26880009251107e-12,1.27579728762723e-10,3.47222222222222e-07,0.158071457823835,3.33317612492887e-08,0.251578538744054
"root18",12,"T1",8.38331351354261e-12,1.27579728762723e-10,3.47222222222222e-07,0.158071457823835,5.30349604473536e-08,0.251578538744054
"root18",12,"T2",8.77894675144526e-12,1.27579728762723e-10,4.62962962962963e-07,0.158071457823835,5.55378363197553e-08,0.251578538744054
"root18",12,"T3",5.43550360453045e-12,1.27579728762723e-10,4.62962962962963e-07,0.158071457823835,3.43863698061678e-08,0.251578538744054
"root18",12,"T1",9.11577450346134e-12,1.27579728762723e-10,4.62962962962963e-07,0.158071457823835,5.76686938234007e-08,0.251578538744054
"root18",12,"T2",9.34258501172722e-12,1.27579728762723e-10,5.78703703703704e-07,0.158071457823835,5.91035544325731e-08,0.251578538744054
"root18",12,"T3",5.56030240856701e-12,1.27579728762723e-10,5.78703703703704e-07,0.158071457823835,3.51758785875421e-08,0.251578538744054
"root18",12,"T1",9.74846806063387e-12,1.27579728762723e-10,5.78703703703704e-07,0.158071457823835,6.16712732003661e-08,0.251578538744054
"root18",12,"T2",9.83700570523046e-12,1.27579728762723e-10,6.94444444444444e-07,0.158071457823835,6.22313847209118e-08,0.251578538744054
"root18",12,"T3",5.65965418967064e-12,1.27579728762723e-10,6.94444444444444e-07,0.158071457823835,3.58044030692633e-08,0.251578538744054
"root18",12,"T1",1.03128378670789e-11,1.27579728762723e-10,6.94444444444444e-07,0.158071457823835,6.52416192591337e-08,0.251578538744054
"root18",12,"T2",1.02802988970782e-11,1.27579728762723e-10,8.10185185185185e-07,0.158071457823835,6.50357695096053e-08,0.251578538744054
"root18",12,"T3",5.74203054662368e-12,1.27579728762723e-10,8.10185185185185e-07,0.158071457823835,3.6325536726706e-08,0.251578538744054
"root18",12,"T1",1.08267006434045e-11,1.27579728762723e-10,8.10185185185185e-07,0.158071457823835,6.84924450780384e-08,0.251578538744054
"root18",12,"T2",1.06838845700485e-11,1.27579728762723e-10,9.25925925925926e-07,0.158071457823835,6.75889544964868e-08,0.251578538744054
"root18",12,"T3",5.81231363119855e-12,1.27579728762723e-10,9.25925925925926e-07,0.158071457823835,3.67701652861086e-08,0.251578538744054
"root18",12,"T1",1.13012291000444e-11,1.27579728762723e-10,9.25925925925926e-07,0.158071457823835,7.14944320475565e-08,0.251578538744054
"root18",12,"T2",1.1055498336198e-11,1.27579728762723e-10,1.04166666666667e-06,0.158071457823835,6.99398771188597e-08,0.251578538744054
"root18",12,"T3",5.87355565059424e-12,1.27579728762723e-10,1.04166666666667e-06,0.158071457823835,3.71575977817583e-08,0.251578538744054
"root18",12,"T1",1.1743950910288e-11,1.27579728762723e-10,1.04166666666667e-06,0.158071457823835,7.42952021317867e-08,0.251578538744054
"root18",12,"T2",1.14006611861923e-11,1.27579728762723e-10,1.15740740740741e-06,0.158071457823835,7.21234645592874e-08,0.251578538744054
"root18",12,"T3",5.92778577030607e-12,1.27579728762723e-10,1.15740740740741e-06,0.158071457823835,3.75006712275177e-08,0.251578538744054
"root18",12,"T1",1.21602171318848e-11,1.27579728762723e-10,1.15740740740741e-06,0.158071457823835,7.69286074747086e-08,0.251578538744054
"root18",13,"T2",5.60889632895004e-12,1.96990424600751e-11,1.15740740740741e-07,0.137557079255866,4.07750466881977e-08,0.218928891208547
"root18",13,"T3",4.23252005044609e-12,1.96990424600751e-11,1.15740740740741e-07,0.137557079255866,3.07691910394034e-08,0.218928891208547
"root18",13,"T1",5.7615183838473e-12,1.96990424600751e-11,1.15740740740741e-07,0.137557079255866,4.18845646840935e-08,0.218928891208547
"root18",13,"T2",6.67556301762664e-12,1.96990424600751e-11,2.31481481481481e-07,0.137557079255866,4.85294036027736e-08,0.218928891208547
"root18",13,"T3",4.63673785309506e-12,1.96990424600751e-11,2.31481481481481e-07,0.137557079255866,3.37077370221738e-08,0.218928891208547
"root18",13,"T1",6.90290100594902e-12,1.96990424600751e-11,2.31481481481481e-07,0.137557079255866,5.01820847265093e-08,0.218928891208547
"root18",13,"T2",7.40629294468067e-12,1.96990424600751e-11,3.47222222222222e-07,0.137557079255866,5.38415978642905e-08,0.218928891208547
"root18",13,"T3",4.85180844792807e-12,1.96990424600751e-11,3.47222222222222e-07,0.137557079255866,3.52712377594421e-08,0.218928891208547
"root18",13,"T1",7.70168396698349e-12,1.96990424600751e-11,3.47222222222222e-07,0.137557079255866,5.59890047727591e-08,0.218928891208547
"root18",13,"T2",7.97156180193378e-12,1.96990424600751e-11,4.62962962962963e-07,0.137557079255866,5.79509382218425e-08,0.218928891208547
"root18",13,"T3",4.99157771689878e-12,1.96990424600751e-11,4.62962962962963e-07,0.137557079255866,3.62873197359337e-08,0.218928891208547
"root18",13,"T1",8.33220989071955e-12,1.96990424600751e-11,4.62962962962963e-07,0.137557079255866,6.05727450436851e-08,0.218928891208547
"root18",13,"T2",8.43689569081922e-12,1.96990424600751e-11,5.78703703703704e-07,0.137557079255866,6.13337803947261e-08,0.218928891208547
"root18",13,"T3",5.09296176218715e-12,1.96990424600751e-11,5.78703703703704e-07,0.137557079255866,3.7024352288797e-08,0.218928891208547
"root18",13,"T1",8.86098453157228e-12,1.96990424600751e-11,5.78703703703704e-07,0.137557079255866,6.44167830511304e-08,0.218928891208547
"root18",13,"T2",8.83488507520431e-12,1.96990424600751e-11,6.94444444444444e-07,0.137557079255866,6.4227047586339e-08,0.218928891208547
"root18",13,"T3",5.17178095303148e-12,1.96990424600751e-11,6.94444444444444e-07,0.137557079255866,3.75973449059034e-08,0.218928891208547
"root18",13,"T1",9.32095304183348e-12,1.96990424600751e-11,6.94444444444444e-07,0.137557079255866,6.77606204802869e-08,0.218928891208547
"root18",13,"T2",9.18423435352535e-12,1.96990424600751e-11,8.10185185185185e-07,0.137557079255866,6.67667153388886e-08,0.218928891208547
"root18",13,"T3",5.23601781478857e-12,1.96990424600751e-11,8.10185185185185e-07,0.137557079255866,3.80643282273332e-08,0.218928891208547
"root18",13,"T1",9.73098808891452e-12,1.96990424600751e-11,8.10185185185185e-07,0.137557079255866,7.07414561399213e-08,0.218928891208547
"root18",13,"T2",9.49671307692351e-12,1.96990424600751e-11,9.25925925925926e-07,0.137557079255866,6.90383448696155e-08,0.218928891208547
"root18",13,"T3",5.29016883829296e-12,1.96990424600751e-11,9.25925925925926e-07,0.137557079255866,3.84579904350315e-08,0.218928891208547
"root18",13,"T1",1.01029590555581e-11,1.96990424600751e-11,9.25925925925926e-07,0.137557079255866,7.34455769940121e-08,0.218928891208547
"root18",13,"T2",9.78022163997188e-12,1.96990424600751e-11,1.04166666666667e-06,0.137557079255866,7.10993697516648e-08,0.218928891208547
"root18",13,"T3",5.33697819086357e-12,1.96990424600751e-11,1.04166666666667e-06,0.137557079255866,3.87982808281093e-08,0.218928891208547
"root18",13,"T1",1.04448368318403e-11,1.96990424600751e-11,1.04166666666667e-06,0.137557079255866,7.59309290975289e-08,0.218928891208547
"root18",13,"T2",1.00403254211147e-11,1.96990424600751e-11,1.15740740740741e-06,0.137557079255866,7.29902486693471e-08,0.218928891208547
"root18",13,"T3",5.37822646495135e-12,1.96990424600751e-11,1.15740740740741e-06,0.137557079255866,3.9098143796347e-08,0.218928891208547
"root18",13,"T1",1.07622429556285e-11,1.96990424600751e-11,1.15740740740741e-06,0.137557079255866,7.82383793974718e-08,0.218928891208547
"root18",14,"T2",5.49427630283942e-12,2.06467501546142e-10,1.15740740740741e-07,0.14358857004738,3.82640226936341e-08,0.228528306945374
"root18",14,"T3",3.92080526563569e-12,2.06467501546142e-10,1.15740740740741e-07,0.14358857004738,2.7305831267363e-08,0.228528306945374
"root18",14,"T1",5.6352595609613e-12,2.06467501546142e-10,1.15740740740741e-07,0.14358857004738,3.9245878408719e-08,0.228528306945374
"root18",14,"T2",6.74876178615501e-12,2.06467501546142e-10,2.31481481481481e-07,0.14358857004738,4.70006894276343e-08,0.228528306945374
"root18",14,"T3",4.3742069588093e-12,2.06467501546142e-10,2.31481481481481e-07,0.14358857004738,3.04634760090301e-08,0.228528306945374
"root18",14,"T1",6.96887749781383e-12,2.06467501546142e-10,2.31481481481481e-07,0.14358857004738,4.85336506625444e-08,0.228528306945374
"root18",14,"T2",7.64938473620141e-12,2.06467501546142e-10,3.47222222222222e-07,0.14358857004738,5.32729362349478e-08,0.228528306945374
"root18",14,"T3",4.62365221860763e-12,2.06467501546142e-10,3.47222222222222e-07,0.14358857004738,3.22006982664565e-08,0.228528306945374
"root18",14,"T1",7.94625489777663e-12,2.06467501546142e-10,3.47222222222222e-07,0.14358857004738,5.53404417576873e-08,0.228528306945374
"root18",14,"T2",8.37263400982369e-12,2.06467501546142e-10,4.62962962962963e-07,0.14358857004738,5.83098919855596e-08,0.228528306945374
"root18",14,"T3",4.78916829647008e-12,2.06467501546142e-10,4.62962962962963e-07,0.14358857004738,3.33534089439696e-08,0.228528306945374
"root18",14,"T1",8.74624496764201e-12,2.06467501546142e-10,4.62962962962963e-07,0.14358857004738,6.09118467072693e-08,0.228528306945374
"root18",14,"T2",8.98685871596111e-12,2.06467501546142e-10,5.78703703703704e-07,0.14358857004738,6.25875632927866e-08,0.228528306945374
"root18",14,"T3",4.91077820653499e-12,2.06467501546142e-10,5.78703703703704e-07,0.14358857004738,3.42003420252362e-08,0.228528306945374
"root18",14,"T1",9.43767956589124e-12,2.06467501546142e-10,5.78703703703704e-07,0.14358857004738,6.57272341578238e-08,0.228528306945374
"root18",14,"T2",9.52620574503991e-12,2.06467501546142e-10,6.94444444444444e-07,0.14358857004738,6.63437608014102e-08,0.228528306945374
"root18",14,"T3",5.00599612747985e-12,2.06467501546142e-10,6.94444444444444e-07,0.14358857004738,3.48634722515031e-08,0.228528306945374
"root18",14,"T1",1.00547651462913e-11,2.06467501546142e-10,6.94444444444444e-07,0.14358857004738,7.00248295736461e-08,0.228528306945374
"root18",14,"T2",1.00103673797159e-11,2.06467501546142e-10,8.10185185185185e-07,0.14358857004738,6.97156283150722e-08,0.228528306945374
"root18",14,"T3",5.08381722322771e-12,2.06467501546142e-10,8.10185185185185e-07,0.14358857004738,3.54054450263708e-08,0.228528306945374
"root18",14,"T1",1.06171316369926e-11,2.06467501546142e-10,8.10185185185185e-07,0.14358857004738,7.39413425002372e-08,0.228528306945374
"root18",14,"T2",1.04518083405748e-11,2.06467501546142e-10,9.25925925925926e-07,0.14358857004738,7.27899744187579e-08,0.228528306945374
"root18",14,"T3",5.14939015957962e-12,2.06467501546142e-10,9.25925925925926e-07,0.14358857004738,3.58621174225809e-08,0.228528306945374
"root18",14,"T1",1.11371454791533e-11,2.06467501546142e-10,9.25925925925926e-07,0.14358857004738,7.75628970709742e-08,0.228528306945374
"root18",14,"T2",1.08589555528164e-11,2.06467501546142e-10,1.04166666666667e-06,0.14358857004738,7.56254871069003e-08,0.228528306945374
"root18",14,"T3",5.20590455379211e-12,2.06467501546142e-10,1.04166666666667e-06,0.14358857004738,3.6255703027576e-08,0.228528306945374
"root18",14,"T1",1.16231285333424e-11,2.06467501546142e-10,1.04166666666667e-06,0.14358857004738,8.09474495742044e-08,0.228528306945374
"root18",14,"T2",1.1237794688324e-11,2.06467501546142e-10,1.15740740740741e-06,0.14358857004738,7.82638526493845e-08,0.228528306945374
"root18",14,"T3",5.2554598021771e-12,2.06467501546142e-10,1.15740740740741e-06,0.14358857004738,3.66008227565951e-08,0.228528306945374
"root18",14,"T1",1.20809653299462e-11,2.06467501546142e-10,1.15740740740741e-06,0.14358857004738,8.41359818957721e-08,0.228528306945374
"root18",15,"T2",6.10428220019235e-12,1.92517705432537e-10,1.15740740740741e-07,0.140379829167388,4.34840406659396e-08,0.223421437223856
"root18",15,"T3",4.50033878506811e-12,1.92517705432537e-10,1.15740740740741e-07,0.140379829167388,3.20583007669993e-08,0.223421437223856
"root18",15,"T1",6.28166932292392e-12,1.92517705432537e-10,1.15740740740741e-07,0.140379829167388,4.47476632517745e-08,0.223421437223856
"root18",15,"T2",7.38224386668872e-12,1.92517705432537e-10,2.31481481481481e-07,0.140379829167388,5.25876396236825e-08,0.223421437223856
"root18",15,"T3",4.95899157253789e-12,1.92517705432537e-10,2.31481481481481e-07,0.140379829167388,3.53255279049016e-08,0.223421437223856
"root18",15,"T1",7.65455035732044e-12,1.92517705432537e-10,2.31481481481481e-07,0.140379829167388,5.45274232254066e-08,0.223421437223856
"root18",15,"T2",8.2789461837838e-12,1.92517705432537e-10,3.47222222222222e-07,0.140379829167388,5.89753259630487e-08,0.223421437223856
"root18",15,"T3",5.20700702335406e-12,1.92517705432537e-10,3.47222222222222e-07,0.140379829167388,3.70922735426986e-08,0.223421437223856
"root18",15,"T1",8.64084381701333e-12,1.92517705432537e-10,3.47222222222222e-07,0.140379829167388,6.15533148050069e-08,0.223421437223856
"root18",15,"T2",8.9814147188006e-12,1.92517705432537e-10,4.62962962962963e-07,0.140379829167388,6.39793820242595e-08,0.223421437223856
"root18",15,"T3",5.3688804632551e-12,1.92517705432537e-10,4.62962962962963e-07,0.140379829167388,3.82453839351328e-08,0.223421437223856
"root18",15,"T1",9.43115462752006e-12,1.92517705432537e-10,4.62962962962963e-07,0.140379829167388,6.7183117998202e-08,0.223421437223856
"root18",15,"T2",9.56374812745765e-12,1.92517705432537e-10,5.78703703703704e-07,0.140379829167388,6.81276518441542e-08,0.223421437223856
"root18",15,"T3",5.48612491829167e-12,1.92517705432537e-10,5.78703703703704e-07,0.140379829167388,3.90805783910027e-08,0.223421437223856
"root18",15,"T1",1.01002306147832e-11,1.92517705432537e-10,5.78703703703704e-07,0.140379829167388,7.19493012257459e-08,0.223421437223856
"root18",15,"T2",1.00636163041581e-11,1.92517705432537e-10,6.94444444444444e-07,0.140379829167388,7.1688478065879e-08,0.223421437223856
"root18",15,"T3",5.57685390117919e-12,1.92517705432537e-10,6.94444444444444e-07,0.140379829167388,3.97268890712881e-08,0.223421437223856
"root18",15,"T1",1.06858284418339e-11,1.92517705432537e-10,6.94444444444444e-07,0.140379829167388,7.61208252297572e-08,0.223421437223856
"root18",15,"T2",1.05030276311912e-11,1.92517705432537e-10,8.10185185185185e-07,0.140379829167388,7.48186380727637e-08,0.223421437223856
"root18",15,"T3",5.65032386313962e-12,1.92517705432537e-10,8.10185185185185e-07,0.140379829167388,4.02502545889425e-08,0.223421437223856
"root18",15,"T1",1.12099200209902e-11,1.92517705432537e-10,8.10185185185185e-07,0.140379829167388,7.98542075986113e-08,0.223421437223856
"root18",15,"T2",1.08960432771442e-11,1.92517705432537e-10,9.25925925925926e-07,0.140379829167388,7.76182970286407e-08,0.223421437223856
"root18",15,"T3",5.71179862459396e-12,1.92517705432537e-10,9.25925925925926e-07,0.140379829167388,4.06881719294817e-08,0.223421437223856
"root18",15,"T1",1.16865116481228e-11,1.92517705432537e-10,9.25925925925926e-07,0.140379829167388,8.32492226086691e-08,0.223421437223856
"root18",15,"T2",1.12522283405221e-11,1.92517705432537e-10,1.04166666666667e-06,0.140379829167388,8.01555922048106e-08,0.223421437223856
"root18",15,"T3",5.76451436976012e-12,1.92517705432537e-10,1.04166666666667e-06,0.140379829167388,4.10636941500089e-08,0.223421437223856
"root18",15,"T1",1.21251219759459e-11,1.92517705432537e-10,1.04166666666667e-06,0.140379829167388,8.63736766732202e-08,0.223421437223856
"root18",15,"T2",1.15784005509066e-11,1.92517705432537e-10,1.15740740740741e-06,0.140379829167388,8.24790899061471e-08,0.223421437223856
"root18",15,"T3",5.81058323160603e-12,1.92517705432537e-10,1.15740740740741e-06,0.140379829167388,4.13918670942214e-08,0.223421437223856
"root18",15,"T1",1.25325362637344e-11,1.92517705432537e-10,1.15740740740741e-06,0.140379829167388,8.92759047939197e-08,0.223421437223856
"root18",17,"T2",7.19816551243331e-12,4.24574073723371e-10,1.15740740740741e-07,0.161278313257486,4.46319493740067e-08,0.256682407684521
"root18",17,"T3",5.41843913476256e-12,4.24574073723371e-10,1.15740740740741e-07,0.161278313257486,3.35968241812639e-08,0.256682407684521
"root18",17,"T1",7.41360650546711e-12,4.24574073723371e-10,1.15740740740741e-07,0.161278313257486,4.59677829940536e-08,0.256682407684521
"root18",17,"T2",8.65838798206135e-12,4.24574073723371e-10,2.31481481481481e-07,0.161278313257486,5.36860028306345e-08,0.256682407684521
"root18",17,"T3",5.97643317669472e-12,4.24574073723371e-10,2.31481481481481e-07,0.161278313257486,3.70566448518912e-08,0.256682407684521
"root18",17,"T1",8.98691041462444e-12,4.24574073723371e-10,2.31481481481481e-07,0.161278313257486,5.5722993582383e-08,0.256682407684521
"root18",17,"T2",9.67418498087624e-12,4.24574073723371e-10,3.47222222222222e-07,0.161278313257486,5.99844131890882e-08,0.256682407684521
"root18",17,"T3",6.27765332841762e-12,4.24574073723371e-10,3.47222222222222e-07,0.161278313257486,3.89243488577112e-08,0.256682407684521
"root18",17,"T1",1.01078207049781e-11,4.24574073723371e-10,3.47222222222222e-07,0.161278313257486,6.26731548763199e-08,0.256682407684521
"root18",17,"T2",1.04700803601218e-11,4.24574073723371e-10,4.62962962962963e-07,0.161278313257486,6.4919331983625e-08,0.256682407684521
"root18",17,"T3",6.47511016677241e-12,4.24574073723371e-10,4.62962962962963e-07,0.161278313257486,4.01486724159539e-08,0.256682407684521
"root18",17,"T1",1.10061113689494e-11,4.24574073723371e-10,4.62962962962963e-07,0.161278313257486,6.82429717092701e-08,0.256682407684521
"root18",17,"T2",1.11323688715369e-11,4.24574073723371e-10,5.78703703703704e-07,0.161278313257486,6.90258265149621e-08,0.256682407684521
"root18",17,"T3",6.61900841300581e-12,4.24574073723371e-10,5.78703703703704e-07,0.161278313257486,4.10409079765012e-08,0.256682407684521
"root18",17,"T1",1.17693113606014e-11,4.24574073723371e-10,5.78703703703704e-07,0.161278313257486,7.29751640061571e-08,0.256682407684521
"root18",17,"T2",1.17038906127331e-11,4.24574073723371e-10,6.94444444444444e-07,0.161278313257486,7.25695251663963e-08,0.256682407684521
"root18",17,"T3",6.73105967691288e-12,4.24574073723371e-10,6.94444444444444e-07,0.161278313257486,4.1735677543741e-08,0.256682407684521
"root18",17,"T1",1.24406053531081e-11,4.24574073723371e-10,6.94444444444444e-07,0.161278313257486,7.71374966778472e-08,0.256682407684521
"root18",17,"T2",1.22092133280432e-11,4.24574073723371e-10,8.10185185185185e-07,0.161278313257486,7.57027592950507e-08,0.256682407684521
"root18",17,"T3",6.82231071040009e-12,4.24574073723371e-10,8.10185185185185e-07,0.161278313257486,4.23014760794779e-08,0.256682407684521
"root18",17,"T1",1.30446476658905e-11,4.24574073723371e-10,8.10185185185185e-07,0.161278313257486,8.0882837886978e-08,0.256682407684521
"root18",17,"T2",1.26638113788506e-11,4.24574073723371e-10,9.25925925925926e-07,0.161278313257486,7.85214770855917e-08,0.256682407684521
"root18",17,"T3",6.89903511732428e-12,4.24574073723371e-10,9.25925925925926e-07,0.161278313257486,4.27772028239764e-08,0.256682407684521
"root18",17,"T1",1.35969154093041e-11,4.24574073723371e-10,9.25925925925926e-07,0.161278313257486,8.4307152863114e-08,0.256682407684521
"root18",17,"T2",1.30781007254222e-11,4.24574073723371e-10,1.04166666666667e-06,0.161278313257486,8.10902623004405e-08,0.256682407684521
"root18",17,"T3",6.96509299799637e-12,4.24574073723371e-10,1.04166666666667e-06,0.161278313257486,4.31867921812672e-08,0.256682407684521
"root18",17,"T1",1.41078010992245e-11,4.24574073723371e-10,1.04166666666667e-06,0.161278313257486,8.74748800026259e-08,0.256682407684521
"root18",17,"T2",1.34594504201606e-11,4.24574073723371e-10,1.15740740740741e-06,0.161278313257486,8.34548064665843e-08,0.256682407684521
"root18",17,"T3",7.02300948539183e-12,4.24574073723371e-10,1.15740740740741e-06,0.161278313257486,4.35459011415836e-08,0.256682407684521
"root18",17,"T1",1.45846452447658e-11,4.24574073723371e-10,1.15740740740741e-06,0.161278313257486,9.04315338509332e-08,0.256682407684521
"root18",2,"T2",3.97742544182587e-12,8.24893368376497e-12,1.15740740740741e-07,0.0998327324166413,3.98408953210507e-08,0.15888872846479
"root18",2,"T3",2.80568642052347e-12,8.24893368376497e-12,1.15740740740741e-07,0.0998327324166413,2.81038728742216e-08,0.15888872846479
"root18",2,"T1",4.11133598422706e-12,8.24893368376497e-12,1.15740740740741e-07,0.0998327324166413,4.118224438723e-08,0.15888872846479
"root18",2,"T2",4.97800340215934e-12,8.24893368376497e-12,2.31481481481481e-07,0.0998327324166413,4.98634393916433e-08,0.15888872846479
"root18",2,"T3",3.14178481009416e-12,8.24893368376497e-12,2.31481481481481e-07,0.0998327324166413,3.14704880257334e-08,0.15888872846479
"root18",2,"T1",5.19430067286678e-12,8.24893368376497e-12,2.31481481481481e-07,0.0998327324166413,5.20300361126942e-08,0.15888872846479
"root18",2,"T2",5.69764975693542e-12,8.24893368376497e-12,3.47222222222222e-07,0.0998327324166413,5.70719604583884e-08,0.15888872846479
"root18",2,"T3",3.32029201154346e-12,8.24893368376497e-12,3.47222222222222e-07,0.0998327324166413,3.32585508897681e-08,0.15888872846479
"root18",2,"T1",5.99257960443846e-12,8.24893368376497e-12,3.47222222222222e-07,0.0998327324166413,6.00262004192079e-08,0.15888872846479
"root18",2,"T2",6.26751112493411e-12,8.24893368376497e-12,4.62962962962963e-07,0.0998327324166413,6.27801220423109e-08,0.15888872846479
"root18",2,"T3",3.43404179189642e-12,8.24893368376497e-12,4.62962962962963e-07,0.0998327324166413,3.43979545462586e-08,0.15888872846479
"root18",2,"T1",6.6388680790738e-12,8.24893368376497e-12,4.62962962962963e-07,0.0998327324166413,6.64999135891341e-08,0.15888872846479
"root18",2,"T2",6.74154232251243e-12,8.24893368376497e-12,5.78703703703704e-07,0.0998327324166413,6.75283763082565e-08,0.15888872846479
"root18",2,"T3",3.51435684753083e-12,8.24893368376497e-12,5.78703703703704e-07,0.0998327324166413,3.52024507639843e-08,0.15888872846479
"root18",2,"T1",7.18734596099098e-12,8.24893368376497e-12,5.78703703703704e-07,0.0998327324166413,7.19938820365584e-08,0.15888872846479
"root18",2,"T2",7.14820461859492e-12,8.24893368376497e-12,6.94444444444444e-07,0.0998327324166413,7.1601812807874e-08,0.15888872846479
"root18",2,"T3",3.57497700796611e-12,8.24893368376497e-12,6.94444444444444e-07,0.0998327324166413,3.58096680460104e-08,0.15888872846479
"root18",2,"T1",7.66652594695539e-12,8.24893368376497e-12,6.94444444444444e-07,0.0998327324166413,7.67937104532005e-08,0.15888872846479
"root18",2,"T2",7.50468398554486e-12,8.24893368376497e-12,8.10185185185185e-07,0.0998327324166413,7.5172579212045e-08,0.15888872846479
"root18",2,"T3",3.62293218339759e-12,8.24893368376497e-12,8.10185185185185e-07,0.0998327324166413,3.62900232789148e-08,0.15888872846479
"root18",2,"T1",8.09364472712952e-12,8.24893368376497e-12,8.10185185185185e-07,0.0998327324166413,8.10720545376996e-08,0.15888872846479
"root18",2,"T2",7.82226893885221e-12,8.24893368376497e-12,9.25925925925926e-07,0.0998327324166413,7.8353749812304e-08,0.15888872846479
"root18",2,"T3",3.66221146701886e-12,8.24893368376497e-12,9.25925925925926e-07,0.0998327324166413,3.66834742310269e-08,0.15888872846479
"root18",2,"T1",8.48006124426929e-12,8.24893368376497e-12,9.25925925925926e-07,0.0998327324166413,8.49426940342438e-08,0.15888872846479
"root18",2,"T2",8.10881175337734e-12,8.24893368376497e-12,1.04166666666667e-06,0.0998327324166413,8.12239789204214e-08,0.15888872846479
"root18",2,"T3",3.69525521973539e-12,8.24893368376497e-12,1.04166666666667e-06,0.0998327324166413,3.70144653991201e-08,0.15888872846479
"root18",2,"T1",8.83371225905002e-12,8.24893368376497e-12,1.04166666666667e-06,0.0998327324166413,8.8485129528294e-08,0.15888872846479
"root18",2,"T2",8.37000736190382e-12,8.24893368376497e-12,1.15740740740741e-06,0.0998327324166413,8.38403112815993e-08,0.15888872846479
"root18",2,"T3",3.72364464665802e-12,8.24893368376497e-12,1.15740740740741e-06,0.0998327324166413,3.72988353270527e-08,0.15888872846479
"root18",2,"T1",9.16038347823259e-12,8.24893368376497e-12,1.15740740740741e-06,0.0998327324166413,9.17573150257243e-08,0.15888872846479
"root18",20,"T2",7.11250363085786e-12,3.95021359108394e-10,1.15740740740741e-07,0.135794235498619,5.23770659685344e-08,0.216123238229901
"root18",20,"T3",5.35654001382069e-12,3.95021359108394e-10,1.15740740740741e-07,0.135794235498619,3.94460044209694e-08,0.216123238229901
"root18",20,"T1",7.33520136935691e-12,3.95021359108394e-10,1.15740740740741e-07,0.135794235498619,5.40170305640957e-08,0.216123238229901
"root18",20,"T2",8.55196223828751e-12,3.95021359108394e-10,2.31481481481481e-07,0.135794235498619,6.29773584046907e-08,0.216123238229901
"root18",20,"T3",5.85519227726514e-12,3.95021359108394e-10,2.31481481481481e-07,0.135794235498619,4.3118120999508e-08,0.216123238229901
"root18",20,"T1",8.90839046015872e-12,3.95021359108394e-10,2.31481481481481e-07,0.135794235498619,6.56021253586226e-08,0.216123238229901
"root18",20,"T2",9.56594737011625e-12,3.95021359108394e-10,3.47222222222222e-07,0.135794235498619,7.04444289184391e-08,0.216123238229901
"root18",20,"T3",6.11853262898552e-12,3.95021359108394e-10,3.47222222222222e-07,0.135794235498619,4.50573811658429e-08,0.216123238229901
"root18",20,"T1",1.00450723358172e-11,3.95021359108394e-10,3.47222222222222e-07,0.135794235498619,7.39727448586679e-08,0.216123238229901
"root18",20,"T2",1.03629016399449e-11,3.95021359108394e-10,4.62962962962963e-07,0.135794235498619,7.63132661846332e-08,0.216123238229901
"root18",20,"T3",6.28767526944705e-12,3.95021359108394e-10,4.62962962962963e-07,0.135794235498619,4.63029615827175e-08,0.216123238229901
"root18",20,"T1",1.09609215509324e-11,3.95021359108394e-10,4.62962962962963e-07,0.135794235498619,8.07171343517296e-08,0.216123238229901
"root18",20,"T2",1.10246893044781e-11,3.95021359108394e-10,5.78703703703704e-07,0.135794235498619,8.1186725371639e-08,0.216123238229901
"root18",20,"T3",6.4083944083137e-12,3.95021359108394e-10,5.78703703703704e-07,0.135794235498619,4.71919473222328e-08,0.216123238229901
"root18",20,"T1",1.17396224471514e-11,3.95021359108394e-10,5.78703703703704e-07,0.135794235498619,8.64515522624731e-08,0.216123238229901
"root18",20,"T2",1.15929796720762e-11,3.95021359108394e-10,6.94444444444444e-07,0.135794235498619,8.53716627182902e-08,0.216123238229901
"root18",20,"T3",6.50048574312656e-12,3.95021359108394e-10,6.94444444444444e-07,0.135794235498619,4.78701155410435e-08,0.216123238229901
"root18",20,"T1",1.24233050903703e-11,3.95021359108394e-10,6.94444444444444e-07,0.135794235498619,9.14862478863959e-08,0.216123238229901
"root18",20,"T2",1.20922074193116e-11,3.95021359108394e-10,8.10185185185185e-07,0.135794235498619,8.90480172071412e-08,0.216123238229901
"root18",20,"T3",6.57403291089441e-12,3.95021359108394e-10,8.10185185185185e-07,0.135794235498619,4.84117229774549e-08,0.216123238229901
"root18",20,"T1",1.30364683515452e-11,3.95021359108394e-10,8.10185185185185e-07,0.135794235498619,9.60016329388131e-08,0.216123238229901
"root18",20,"T2",1.25380608516628e-11,3.95021359108394e-10,9.25925925925926e-07,0.135794235498619,9.23313188194234e-08,0.216123238229901
"root18",20,"T3",6.63476230013661e-12,3.95021359108394e-10,9.25925925925926e-07,0.135794235498619,4.88589392309226e-08,0.216123238229901
"root18",20,"T1",1.35947487309979e-11,3.95021359108394e-10,9.25925925925926e-07,0.135794235498619,1.00112855903491e-07,0.216123238229901
"root18",20,"T2",1.29412738049348e-11,3.95021359108394e-10,1.04166666666667e-06,0.135794235498619,9.53006124112422e-08,0.216123238229901
"root18",20,"T3",6.68619096010257e-12,3.95021359108394e-10,1.04166666666667e-06,0.135794235498619,4.92376641434869e-08,0.216123238229901
"root18",20,"T1",1.41088040780576e-11,3.95021359108394e-10,1.04166666666667e-06,0.135794235498619,1.03898402065831e-07,0.216123238229901
"root18",20,"T2",1.33095457287467e-11,3.95021359108394e-10,1.15740740740741e-06,0.135794235498619,9.80125973674491e-08,0.216123238229901
"root18",20,"T3",6.730611382589e-12,3.95021359108394e-10,1.15740740740741e-06,0.135794235498619,4.9564779814659e-08,0.216123238229901
"root18",20,"T1",1.4586264628234e-11,3.95021359108394e-10,1.15740740740741e-06,0.135794235498619,1.07414461112249e-07,0.216123238229901
"root18",24,"T2",7.87295623879238e-12,1.05711498386976e-09,1.15740740740741e-07,0.166664340358616,4.72383967791307e-08,0.265254536052238
"root18",24,"T3",6.00284023286108e-12,1.05711498386976e-09,1.15740740740741e-07,0.166664340358616,3.60175441245837e-08,0.265254536052238
"root18",24,"T1",8.10154031513409e-12,1.05711498386976e-09,1.15740740740741e-07,0.166664340358616,4.86099203806993e-08,0.265254536052238
"root18",24,"T2",9.33956819268596e-12,1.05711498386976e-09,2.31481481481481e-07,0.166664340358616,5.60381913286896e-08,0.265254536052238
"root18",24,"T3",6.56907298377327e-12,1.05711498386976e-09,2.31481481481481e-07,0.166664340358616,3.94149880510638e-08,0.265254536052238
"root18",24,"T1",9.68019611755838e-12,1.05711498386976e-09,2.31481481481481e-07,0.166664340358616,5.80819874049197e-08,0.265254536052238
"root18",24,"T2",1.03515416157769e-11,1.05711498386976e-09,3.47222222222222e-07,0.166664340358616,6.21101166182476e-08,0.265254536052238
"root18",24,"T3",6.87581026162155e-12,1.05711498386976e-09,3.47222222222222e-07,0.166664340358616,4.12554374068663e-08,0.265254536052238
"root18",24,"T1",1.07961917295924e-11,1.05711498386976e-09,3.47222222222222e-07,0.166664340358616,6.47780545398131e-08,0.265254536052238
"root18",24,"T2",1.11406396940837e-11,1.05711498386976e-09,4.62962962962963e-07,0.166664340358616,6.68447711736782e-08,0.265254536052238
"root18",24,"T3",7.07850022243427e-12,1.05711498386976e-09,4.62962962962963e-07,0.166664340358616,4.2471594146674e-08,0.265254536052238
"root18",24,"T1",1.16865264993122e-11,1.05711498386976e-09,4.62962962962963e-07,0.166664340358616,7.01201377221185e-08,0.265254536052238
"root18",24,"T2",1.1795194238589e-11,1.05711498386976e-09,5.78703703703704e-07,0.166664340358616,7.07721532585132e-08,0.265254536052238
"root18",24,"T3",7.22767432947108e-12,1.05711498386976e-09,5.78703703703704e-07,0.166664340358616,4.33666512819666e-08,0.265254536052238
"root18",24,"T1",1.24406956734042e-11,1.05711498386976e-09,5.78703703703704e-07,0.166664340358616,7.46452159270256e-08,0.265254536052238
"root18",24,"T2",1.23588786327722e-11,1.05711498386976e-09,6.94444444444444e-07,0.166664340358616,7.41543068311992e-08,0.265254536052238
"root18",24,"T3",7.34507322223577e-12,1.05711498386976e-09,6.94444444444444e-07,0.166664340358616,4.40710544705075e-08,0.265254536052238
"root18",24,"T1",1.31026899144721e-11,1.05711498386976e-09,6.94444444444444e-07,0.166664340358616,7.86172368142981e-08,0.265254536052238
"root18",24,"T2",1.28566694718982e-11,1.05711498386976e-09,8.10185185185185e-07,0.166664340358616,7.71410935550713e-08,0.265254536052238
"root18",24,"T3",7.44172218907672e-12,1.05711498386976e-09,8.10185185185185e-07,0.166664340358616,4.46509563657359e-08,0.265254536052238
"root18",24,"T1",1.36975725068797e-11,1.05711498386976e-09,8.10185185185185e-07,0.166664340358616,8.21865821891248e-08,0.265254536052238
"root18",24,"T2",1.3304259092318e-11,1.05711498386976e-09,9.25925925925926e-07,0.166664340358616,7.98266687624413e-08,0.265254536052238
"root18",24,"T3",7.52386852454096e-12,1.05711498386976e-09,9.25925925925926e-07,0.166664340358616,4.51438412581339e-08,0.265254536052238
"root18",24,"T1",1.42410531433095e-11,1.05711498386976e-09,9.25925925925926e-07,0.166664340358616,8.54475115232609e-08,0.265254536052238
"root18",24,"T2",1.37121819029964e-11,1.05711498386976e-09,1.04166666666667e-06,0.166664340358616,8.22742397893365e-08,0.265254536052238
"root18",24,"T3",7.59534994159322e-12,1.05711498386976e-09,1.04166666666667e-06,0.166664340358616,4.55727357468917e-08,0.265254536052238
"root18",24,"T1",1.47436645021753e-11,1.05711498386976e-09,1.04166666666667e-06,0.166664340358616,8.84632217692819e-08,0.265254536052238
"root18",24,"T2",1.40878685012083e-11,1.05711498386976e-09,1.15740740740741e-06,0.166664340358616,8.45283908417064e-08,0.265254536052238
"root18",24,"T3",7.65867401533288e-12,1.05711498386976e-09,1.15740740740741e-06,0.166664340358616,4.59526854926105e-08,0.265254536052238
"root18",24,"T1",1.52128333014284e-11,1.05711498386976e-09,1.15740740740741e-06,0.166664340358616,9.12782738568701e-08,0.265254536052238
"root18",25,"T2",6.65166851819877e-12,2.68218994563801e-10,1.15740740740741e-07,0.117071584502202,5.68171050770536e-08,0.18632521369126
"root18",25,"T3",4.98670499493316e-12,2.68218994563801e-10,1.15740740740741e-07,0.117071584502202,4.25953489579648e-08,0.18632521369126
"root18",25,"T1",6.90286411887013e-12,2.68218994563801e-10,1.15740740740741e-07,0.117071584502202,5.89627632377376e-08,0.18632521369126
"root18",25,"T2",8.01584601063932e-12,2.68218994563801e-10,2.31481481481481e-07,0.117071584502202,6.84696123719804e-08,0.18632521369126
"root18",25,"T3",5.46954022351107e-12,2.68218994563801e-10,2.31481481481481e-07,0.117071584502202,4.67196224153624e-08,0.18632521369126
"root18",25,"T1",8.42333359084223e-12,2.68218994563801e-10,2.31481481481481e-07,0.117071584502202,7.19502826126334e-08,0.18632521369126
"root18",25,"T2",8.97020149137579e-12,2.68218994563801e-10,3.47222222222222e-07,0.117071584502202,7.66215092203443e-08,0.18632521369126
"root18",25,"T3",5.73152249642639e-12,2.68218994563801e-10,3.47222222222222e-07,0.117071584502202,4.89574179831707e-08,0.18632521369126
"root18",25,"T1",9.51609867867067e-12,2.68218994563801e-10,3.47222222222222e-07,0.117071584502202,8.12844442067979e-08,0.18632521369126
"root18",25,"T2",9.70875178344655e-12,2.68218994563801e-10,4.62962962962963e-07,0.117071584502202,8.29300451064104e-08,0.18632521369126
"root18",25,"T3",5.90147860825912e-12,2.68218994563801e-10,4.62962962962963e-07,0.117071584502202,5.04091461079363e-08,0.18632521369126
"root18",25,"T1",1.03834287545678e-11,2.68218994563801e-10,4.62962962962963e-07,0.117071584502202,8.86929889837828e-08,0.18632521369126
"root18",25,"T2",1.03118566755267e-11,2.68218994563801e-10,5.78703703703704e-07,0.117071584502202,8.80816358587228e-08,0.18632521369126
"root18",25,"T3",6.02321568489467e-12,2.68218994563801e-10,5.78703703703704e-07,0.117071584502202,5.14489977265267e-08,0.18632521369126
"root18",25,"T1",1.11086494654863e-11,2.68218994563801e-10,5.78703703703704e-07,0.117071584502202,9.48876664881682e-08,0.18632521369126
"root18",25,"T2",1.08217040600267e-11,2.68218994563801e-10,6.94444444444444e-07,0.117071584502202,9.24366412741531e-08,0.18632521369126
"root18",25,"T3",6.11621112575111e-12,2.68218994563801e-10,6.94444444444444e-07,0.117071584502202,5.22433445464819e-08,0.18632521369126
"root18",25,"T1",1.17353457466478e-11,2.68218994563801e-10,6.94444444444444e-07,0.117071584502202,1.00240769752519e-07,0.18632521369126
"root18",25,"T2",1.126343676417e-11,2.68218994563801e-10,8.10185185185185e-07,0.117071584502202,9.62098259117533e-08,0.18632521369126
"root18",25,"T3",6.19054782280996e-12,2.68218994563801e-10,8.10185185185185e-07,0.117071584502202,5.28783124370672e-08,0.18632521369126
"root18",25,"T1",1.22894747038529e-11,2.68218994563801e-10,8.10185185185185e-07,0.117071584502202,1.04974018726309e-07,0.18632521369126
"root18",25,"T2",1.16532958686111e-11,2.68218994563801e-10,9.25925925925926e-07,0.117071584502202,9.95399175484118e-08,0.18632521369126
"root18",25,"T3",6.25200205485259e-12,2.68218994563801e-10,9.25925925925926e-07,0.117071584502202,5.3403241114713e-08,0.18632521369126
"root18",25,"T1",1.27878283954041e-11,2.68218994563801e-10,9.25925925925926e-07,0.117071584502202,1.09230847517602e-07,0.18632521369126
"root18",25,"T2",1.20023817206373e-11,2.68218994563801e-10,1.04166666666667e-06,0.117071584502202,1.02521732935216e-07,0.18632521369126
"root18",25,"T3",6.30413514651665e-12,2.68218994563801e-10,1.04166666666667e-06,0.117071584502202,5.38485506395284e-08,0.18632521369126
"root18",25,"T1",1.32419175309374e-11,2.68218994563801e-10,1.04166666666667e-06,0.117071584502202,1.13109578103372e-07,0.18632521369126
"root18",25,"T2",1.23186087309571e-11,2.68218994563801e-10,1.15740740740741e-06,0.117071584502202,1.05222875246259e-07,0.18632521369126
"root18",25,"T3",6.34926964028626e-12,2.68218994563801e-10,1.15740740740741e-06,0.117071584502202,5.42340796640267e-08,0.18632521369126
"root18",25,"T1",1.36599809438434e-11,2.68218994563801e-10,1.15740740740741e-06,0.117071584502202,1.1668058480567e-07,0.18632521369126
"root18",26,"T2",9.51115133646292e-12,2.17046140482709e-09,1.15740740740741e-07,0.18958310784266,5.0168770016981e-08,0.301730887398832
"root18",26,"T3",7.53241640043769e-12,2.17046140482709e-09,1.15740740740741e-07,0.18958310784266,3.97314744238133e-08,0.301730887398832
"root18",26,"T1",9.76831339424697e-12,2.17046140482709e-09,1.15740740740741e-07,0.18958310784266,5.15252308362513e-08,0.301730887398832
"root18",26,"T2",1.10626913537068e-11,2.17046140482709e-09,2.31481481481481e-07,0.18958310784266,5.83527270946948e-08,0.301730887398832
"root18",26,"T3",8.15336100476471e-12,2.17046140482709e-09,2.31481481481481e-07,0.18958310784266,4.30067905181267e-08,0.301730887398832
"root18",26,"T1",1.14475366509531e-11,2.17046140482709e-09,2.31481481481481e-07,0.18958310784266,6.03826827253706e-08,0.301730887398832
"root18",26,"T2",1.21199713607479e-11,2.17046140482709e-09,3.47222222222222e-07,0.18958310784266,6.39295953034304e-08,0.301730887398832
"root18",26,"T3",8.49320293800961e-12,2.17046140482709e-09,3.47222222222222e-07,0.18958310784266,4.47993654849162e-08,0.301730887398832
"root18",26,"T1",1.26189072261093e-11,2.17046140482709e-09,3.47222222222222e-07,0.18958310784266,6.65613480531295e-08,0.301730887398832
"root18",26,"T2",1.29381453854869e-11,2.17046140482709e-09,4.62962962962963e-07,0.18958310784266,6.82452436438833e-08,0.301730887398832
"root18",26,"T3",8.72102365677292e-12,2.17046140482709e-09,4.62962962962963e-07,0.18958310784266,4.60010586175786e-08,0.301730887398832
"root18",26,"T1",1.35466078884586e-11,2.17046140482709e-09,4.62962962962963e-07,0.18958310784266,7.1454720004386e-08,0.301730887398832
"root18",26,"T2",1.36133292861144e-11,2.17046140482709e-09,5.78703703703704e-07,0.18958310784266,7.1806657465561e-08,0.301730887398832
"root18",26,"T3",8.89104487330367e-12,2.17046140482709e-09,5.78703703703704e-07,0.18958310784266,4.68978748923273e-08,0.301730887398832
"root18",26,"T1",1.43289233033915e-11,2.17046140482709e-09,5.78703703703704e-07,0.18958310784266,7.55812238044088e-08,0.301730887398832
"root18",26,"T2",1.41927428999498e-11,2.17046140482709e-09,6.94444444444444e-07,0.18958310784266,7.48629087340879e-08,0.301730887398832
"root18",26,"T3",9.02660819250854e-12,2.17046140482709e-09,6.94444444444444e-07,0.18958310784266,4.76129350089564e-08,0.301730887398832
"root18",26,"T1",1.50136806340995e-11,2.17046140482709e-09,6.94444444444444e-07,0.18958310784266,7.919313489976e-08,0.301730887398832
"root18",26,"T2",1.47032388895728e-11,2.17046140482709e-09,8.10185185185185e-07,0.18958310784266,7.75556380359344e-08,0.301730887398832
"root18",26,"T3",9.13959194726151e-12,2.17046140482709e-09,8.10185185185185e-07,0.18958310784266,4.82088939846197e-08,0.301730887398832
"root18",26,"T1",1.56279075149914e-11,2.17046140482709e-09,8.10185185185185e-07,0.18958310784266,8.24330168063362e-08,0.301730887398832
"root18",26,"T2",1.51615991507187e-11,2.17046140482709e-09,9.25925925925926e-07,0.18958310784266,7.99733653659782e-08,0.301730887398832
"root18",26,"T3",9.23675091164549e-12,2.17046140482709e-09,9.25925925925926e-07,0.18958310784266,4.87213814392752e-08,0.301730887398832
"root18",26,"T1",1.61884340269954e-11,2.17046140482709e-09,9.25925925925926e-07,0.18958310784266,8.53896436829733e-08,0.301730887398832
"root18",26,"T2",1.55790334696529e-11,2.17046140482709e-09,1.04166666666667e-06,0.18958310784266,8.21752193374863e-08,0.301730887398832
"root18",26,"T3",9.32224639811755e-12,2.17046140482709e-09,1.04166666666667e-06,0.18958310784266,4.91723471790236e-08,0.301730887398832
"root18",26,"T1",1.67064852959088e-11,2.17046140482709e-09,1.04166666666667e-06,0.18958310784266,8.81222250548501e-08,0.301730887398832
"root18",26,"T2",1.59634113501504e-11,2.17046140482709e-09,1.15740740740741e-06,0.18958310784266,8.42027094702912e-08,0.301730887398832
"root18",26,"T3",9.39880265794577e-12,2.17046140482709e-09,1.15740740740741e-06,0.18958310784266,4.95761608979745e-08,0.301730887398832
"root18",26,"T1",1.71899432663073e-11,2.17046140482709e-09,1.15740740740741e-06,0.18958310784266,9.0672336063684e-08,0.301730887398832
"root18",4,"T2",4.84163031346095e-12,3.56173719452594e-11,1.15740740740741e-07,0.113170099085444,4.27818863161505e-08,0.18011580679648
"root18",4,"T3",3.49027070732346e-12,3.56173719452594e-11,1.15740740740741e-07,0.113170099085444,3.08409264949772e-08,0.18011580679648
"root18",4,"T1",5.00311492289506e-12,3.56173719452594e-11,1.15740740740741e-07,0.113170099085444,4.42088057121668e-08,0.18011580679648
"root18",4,"T2",5.96443892315767e-12,3.56173719452594e-11,2.31481481481481e-07,0.113170099085444,5.27033109572034e-08,0.18011580679648
"root18",4,"T3",3.88197028386681e-12,3.56173719452594e-11,2.31481481481481e-07,0.113170099085444,3.43020843424013e-08,0.18011580679648
"root18",4,"T1",6.22179629983748e-12,3.56173719452594e-11,2.31481481481481e-07,0.113170099085444,5.49773866959327e-08,0.18011580679648
"root18",4,"T2",6.75985068033097e-12,3.56173719452594e-11,3.47222222222222e-07,0.113170099085444,5.97317731004834e-08,0.18011580679648
"root18",4,"T3",4.09272032833079e-12,3.56173719452594e-11,3.47222222222222e-07,0.113170099085444,3.61643257486306e-08,0.18011580679648
"root18",4,"T1",7.10678565462013e-12,3.56173719452594e-11,3.47222222222222e-07,0.113170099085444,6.27973794496236e-08,0.18011580679648
"root18",4,"T2",7.3834093769091e-12,3.56173719452594e-11,4.62962962962963e-07,0.113170099085444,6.52416975559471e-08,0.18011580679648
"root18",4,"T3",4.22851257152919e-12,3.56173719452594e-11,4.62962962962963e-07,0.113170099085444,3.73642208118652e-08,0.18011580679648
"root18",4,"T1",7.81689797241154e-12,3.56173719452594e-11,4.62962962962963e-07,0.113170099085444,6.90721138850443e-08,0.18011580679648
"root18",4,"T2",7.8988253211847e-12,3.56173719452594e-11,5.78703703703704e-07,0.113170099085444,6.97960449360484e-08,0.18011580679648
"root18",4,"T3",4.32533210338829e-12,3.56173719452594e-11,5.78703703703704e-07,0.113170099085444,3.82197430093495e-08,0.18011580679648
"root18",4,"T1",8.41660547805215e-12,3.56173719452594e-11,5.78703703703704e-07,0.113170099085444,7.43712831045378e-08,0.18011580679648
"root18",4,"T2",8.33930745237164e-12,3.56173719452594e-11,6.94444444444444e-07,0.113170099085444,7.36882579388344e-08,0.18011580679648
"root18",4,"T3",4.3990534264596e-12,3.56173719452594e-11,6.94444444444444e-07,0.113170099085444,3.88711635141213e-08,0.18011580679648
"root18",4,"T1",8.93937571763018e-12,3.56173719452594e-11,6.94444444444444e-07,0.113170099085444,7.89906149227713e-08,0.18011580679648
"root18",4,"T2",8.72462365281607e-12,3.56173719452594e-11,8.10185185185185e-07,0.113170099085444,7.70930106390464e-08,0.18011580679648
"root18",4,"T3",4.45783581815966e-12,3.56173719452594e-11,8.10185185185185e-07,0.113170099085444,3.93905797925826e-08,0.18011580679648
"root18",4,"T1",9.40511226291002e-12,3.56173719452594e-11,8.10185185185185e-07,0.113170099085444,8.31059824009619e-08,0.18011580679648
"root18",4,"T2",9.06757737228068e-12,3.56173719452594e-11,9.25925925925926e-07,0.113170099085444,8.0123437600197e-08,0.18011580679648
"root18",4,"T3",4.50632775257285e-12,3.56173719452594e-11,9.25925925925926e-07,0.113170099085444,3.98190669531052e-08,0.18011580679648
"root18",4,"T1",9.82672014428819e-12,3.56173719452594e-11,9.25925925925926e-07,0.113170099085444,8.68314176951367e-08,0.18011580679648
"root18",4,"T2",9.37696211231354e-12,3.56173719452594e-11,1.04166666666667e-06,0.113170099085444,8.28572404556603e-08,0.18011580679648
"root18",4,"T3",4.54738367296878e-12,3.56173719452594e-11,1.04166666666667e-06,0.113170099085444,4.01818475879877e-08,0.18011580679648
"root18",4,"T1",1.02130827576952e-11,3.56173719452594e-11,1.04166666666667e-06,0.113170099085444,9.02454167684726e-08,0.18011580679648
"root18",4,"T2",9.6590850184543e-12,3.56173719452594e-11,1.15740740740741e-06,0.113170099085444,8.53501507598897e-08,0.18011580679648
"root18",4,"T3",4.58285991876248e-12,3.56173719452594e-11,1.15740740740741e-06,0.113170099085444,4.04953247880644e-08,0.18011580679648
"root18",4,"T1",1.0570590931648e-11,3.56173719452594e-11,1.15740740740741e-06,0.113170099085444,9.34044506196569e-08,0.18011580679648
"root18",5,"T2",5.68364613503513e-12,5.42021244633977e-11,1.15740740740741e-07,0.122347772126148,4.6454839644934e-08,0.194722527101573
"root18",5,"T3",4.19346083364309e-12,5.42021244633977e-11,1.15740740740741e-07,0.122347772126148,3.42749259816466e-08,0.194722527101573
"root18",5,"T1",5.85046321936416e-12,5.42021244633977e-11,1.15740740740741e-07,0.122347772126148,4.78183061096689e-08,0.194722527101573
"root18",5,"T2",6.86372724213888e-12,5.42021244633977e-11,2.31481481481481e-07,0.122347772126148,5.61001407942432e-08,0.194722527101573
"root18",5,"T3",4.61091526626925e-12,5.42021244633977e-11,2.31481481481481e-07,0.122347772126148,3.76869573196242e-08,0.194722527101573
"root18",5,"T1",7.13253515550551e-12,5.42021244633977e-11,2.31481481481481e-07,0.122347772126148,5.82972213678843e-08,0.194722527101573
"root18",5,"T2",7.69304107856867e-12,5.42021244633977e-11,3.47222222222222e-07,0.122347772126148,6.2878472937265e-08,0.194722527101573
"root18",5,"T3",4.83540035543363e-12,5.42021244633977e-11,3.47222222222222e-07,0.122347772126148,3.95217687368106e-08,0.194722527101573
"root18",5,"T1",8.05528279776198e-12,5.42021244633977e-11,3.47222222222222e-07,0.122347772126148,6.58392274561117e-08,0.194722527101573
"root18",5,"T2",8.34403703785311e-12,5.42021244633977e-11,4.62962962962963e-07,0.122347772126148,6.81993377799303e-08,0.194722527101573
"root18",5,"T3",4.98104696722405e-12,5.42021244633977e-11,4.62962962962963e-07,0.122347772126148,4.07121999907631e-08,0.194722527101573
"root18",5,"T1",8.79680421095928e-12,5.42021244633977e-11,4.62962962962963e-07,0.122347772126148,7.18999950558089e-08,0.194722527101573
"root18",5,"T2",8.88508559281661e-12,5.42021244633977e-11,5.78703703703704e-07,0.122347772126148,7.26215560644255e-08,0.194722527101573
"root18",5,"T3",5.08569400246888e-12,5.42021244633977e-11,5.78703703703704e-07,0.122347772126148,4.15675243945204e-08,0.194722527101573
"root18",5,"T1",9.42700254544811e-12,5.42021244633977e-11,5.78703703703704e-07,0.122347772126148,7.70508721297213e-08,0.194722527101573
"root18",5,"T2",9.35092066569144e-12,5.42021244633977e-11,6.94444444444444e-07,0.122347772126148,7.64290228027207e-08,0.194722527101573
"root18",5,"T3",5.16593187854515e-12,5.42021244633977e-11,6.94444444444444e-07,0.122347772126148,4.22233424342109e-08,0.194722527101573
"root18",5,"T1",9.98106026279267e-12,5.42021244633977e-11,6.94444444444444e-07,0.122347772126148,8.15794197911638e-08,0.194722527101573
"root18",5,"T2",9.76176264151684e-12,5.42021244633977e-11,8.10185185185185e-07,0.122347772126148,7.97870077393143e-08,0.194722527101573
"root18",5,"T3",5.23028660785155e-12,5.42021244633977e-11,8.10185185185185e-07,0.122347772126148,4.27493408090734e-08,0.194722527101573
"root18",5,"T1",1.0479310362825e-11,5.42021244633977e-11,8.10185185185185e-07,0.122347772126148,8.56518282328847e-08,0.194722527101573
"root18",5,"T2",1.01304677591912e-11,5.42021244633977e-11,9.25925925925926e-07,0.122347772126148,8.28005903429616e-08,0.194722527101573
"root18",5,"T3",5.28362792276619e-12,5.42021244633977e-11,9.25925925925926e-07,0.122347772126148,4.31853218979619e-08,0.194722527101573
"root18",5,"T1",1.09346104875456e-11,5.42021244633977e-11,9.25925925925926e-07,0.122347772126148,8.93731883917865e-08,0.194722527101573
"root18",5,"T2",1.04657378664775e-11,5.42021244633977e-11,1.04166666666667e-06,0.122347772126148,8.55408944895759e-08,0.194722527101573
"root18",5,"T3",5.32895795456659e-12,5.42021244633977e-11,1.04166666666667e-06,0.122347772126148,4.35558233873855e-08,0.194722527101573
"root18",5,"T1",1.13556292959564e-11,5.42021244633977e-11,1.04166666666667e-06,0.122347772126148,9.28143528780246e-08,0.194722527101573
"root18",5,"T2",1.07737471444345e-11,5.42021244633977e-11,1.15740740740741e-06,0.122347772126148,8.80583843678506e-08,0.194722527101573
"root18",5,"T3",5.36823837437122e-12,5.42021244633977e-11,1.15740740740741e-06,0.122347772126148,4.38768788436641e-08,0.194722527101573
"root18",5,"T1",1.17485011158306e-11,5.42021244633977e-11,1.15740740740741e-06,0.122347772126148,9.60254601425615e-08,0.194722527101573
"root18",8,"T2",5.33261249377157e-12,1.12415186142656e-11,1.15740740740741e-07,0.131097830373244,4.06765884575609e-08,0.208648677325246
"root18",8,"T3",4.08079988319676e-12,1.12415186142656e-11,1.15740740740741e-07,0.131097830373244,3.11278979337679e-08,0.208648677325246
"root18",8,"T1",5.48819137404243e-12,1.12415186142656e-11,1.15740740740741e-07,0.131097830373244,4.18633272451359e-08,0.208648677325246
"root18",8,"T2",6.32452298375375e-12,1.12415186142656e-11,2.31481481481481e-07,0.131097830373244,4.8242773856344e-08,0.208648677325246
"root18",8,"T3",4.48181539547622e-12,1.12415186142656e-11,2.31481481481481e-07,0.131097830373244,3.41868006718052e-08,0.208648677325246
"root18",8,"T1",6.55378172417149e-12,1.12415186142656e-11,2.31481481481481e-07,0.131097830373244,4.99915346082574e-08,0.208648677325246
"root18",8,"T2",6.99052301553865e-12,1.12415186142656e-11,3.47222222222222e-07,0.131097830373244,5.33229497058508e-08,0.208648677325246
"root18",8,"T3",4.6959516125874e-12,1.12415186142656e-11,3.47222222222222e-07,0.131097830373244,3.5820208459726e-08,0.208648677325246
"root18",8,"T1",7.28398795901696e-12,1.12415186142656e-11,3.47222222222222e-07,0.131097830373244,5.5561468395617e-08,0.208648677325246
"root18",8,"T2",7.49762089788221e-12,1.12415186142656e-11,4.62962962962963e-07,0.131097830373244,5.71910372317833e-08,0.208648677325246
"root18",8,"T3",4.83503223561443e-12,1.12415186142656e-11,4.62962962962963e-07,0.131097830373244,3.68811003343745e-08,0.208648677325246
"root18",8,"T1",7.85068429495188e-12,1.12415186142656e-11,4.62962962962963e-07,0.131097830373244,5.98841664473049e-08,0.208648677325246
"root18",8,"T2",7.91003970940742e-12,1.12415186142656e-11,5.78703703703704e-07,0.131097830373244,6.033692309695e-08,0.208648677325246
"root18",8,"T3",4.93576716869395e-12,1.12415186142656e-11,5.78703703703704e-07,0.131097830373244,3.76494954542078e-08,0.208648677325246
"root18",8,"T1",8.31963297343482e-12,1.12415186142656e-11,5.78703703703704e-07,0.131097830373244,6.34612559929351e-08,0.208648677325246
"root18",8,"T2",8.25954429978269e-12,1.12415186142656e-11,6.94444444444444e-07,0.131097830373244,6.30029061218422e-08,0.208648677325246
"root18",8,"T3",5.01399235689948e-12,1.12415186142656e-11,6.94444444444444e-07,0.131097830373244,3.8246188686909e-08,0.208648677325246
"root18",8,"T1",8.72331482428117e-12,1.12415186142656e-11,6.94444444444444e-07,0.131097830373244,6.65404972717346e-08,0.208648677325246
"root18",8,"T2",8.56422009024508e-12,1.12415186142656e-11,8.10185185185185e-07,0.131097830373244,6.53269399338051e-08,0.208648677325246
"root18",8,"T3",5.0777215913509e-12,1.12415186142656e-11,8.10185185185185e-07,0.131097830373244,3.87323083600567e-08,0.208648677325246
"root18",8,"T1",9.08023551155293e-12,1.12415186142656e-11,8.10185185185185e-07,0.131097830373244,6.92630494776375e-08,0.208648677325246
"root18",8,"T2",8.83534560693224e-12,1.12415186142656e-11,9.25925925925926e-07,0.131097830373244,6.7395055904262e-08,0.208648677325246
"root18",8,"T3",5.13147094414743e-12,1.12415186142656e-11,9.25925925925926e-07,0.131097830373244,3.91423025807353e-08,0.208648677325246
"root18",8,"T1",9.40195659147189e-12,1.12415186142656e-11,9.25925925925926e-07,0.131097830373244,7.17171029047843e-08,0.208648677325246
"root18",8,"T2",9.08042144648243e-12,1.12415186142656e-11,1.04166666666667e-06,0.131097830373244,6.9264467769069e-08,0.208648677325246
"root18",8,"T3",5.17799286070477e-12,1.12415186142656e-11,1.04166666666667e-06,0.131097830373244,3.949716670339e-08,0.208648677325246
"root18",8,"T1",9.69618570653765e-12,1.12415186142656e-11,1.04166666666667e-06,0.131097830373244,7.39614506123555e-08,0.208648677325246
"root18",8,"T2",9.30468201990436e-12,1.12415186142656e-11,1.15740740740741e-06,0.131097830373244,7.09751030464297e-08,0.208648677325246
"root18",8,"T3",5.2190686481627e-12,1.12415186142656e-11,1.15740740740741e-06,0.131097830373244,3.98104883452584e-08,0.208648677325246
"root18",8,"T1",9.96831688295561e-12,1.12415186142656e-11,1.15740740740741e-06,0.131097830373244,7.60372376459257e-08,0.208648677325246
"root19",0,"T2",4.90731917373431e-12,2.18763200754159e-11,1.15740740740741e-07,0.13118636590286,3.74072346616267e-08,0.208789585997022
"root19",0,"T3",3.55493608952576e-12,2.18763200754159e-11,1.15740740740741e-07,0.13118636590286,2.70983654822644e-08,0.208789585997022
"root19",0,"T1",5.03796892301516e-12,2.18763200754159e-11,1.15740740740741e-07,0.13118636590286,3.84031441708329e-08,0.208789585997022
"root19",0,"T2",5.96625748467091e-12,2.18763200754159e-11,2.31481481481481e-07,0.13118636590286,4.5479249643128e-08,0.208789585997022
"root19",0,"T3",3.94131026488479e-12,2.18763200754159e-11,2.31481481481481e-07,0.13118636590286,3.00435966631108e-08,0.208789585997022
"root19",0,"T1",6.16507892339196e-12,2.18763200754159e-11,2.31481481481481e-07,0.13118636590286,4.69948144455579e-08,0.208789585997022
"root19",0,"T2",6.71451599793783e-12,2.18763200754159e-11,3.47222222222222e-07,0.13118636590286,5.11830322589296e-08,0.208789585997022
"root19",0,"T3",4.15040253223413e-12,2.18763200754159e-11,3.47222222222222e-07,0.13118636590286,3.16374533562992e-08,0.208789585997022
"root19",0,"T1",6.97715857363766e-12,2.18763200754159e-11,3.47222222222222e-07,0.13118636590286,5.31850892096825e-08,0.208789585997022
"root19",0,"T2",7.309024974273e-12,2.18763200754159e-11,4.62962962962963e-07,0.13118636590286,5.57148216125229e-08,0.208789585997022
"root19",0,"T3",4.28781999008028e-12,2.18763200754159e-11,4.62962962962963e-07,0.13118636590286,3.26849513710541e-08,0.208789585997022
"root19",0,"T1",7.63390269065053e-12,2.18763200754159e-11,4.62962962962963e-07,0.13118636590286,5.81912810688211e-08,0.208789585997022
"root19",0,"T2",7.81020553340587e-12,2.18763200754159e-11,5.78703703703704e-07,0.13118636590286,5.95351923933095e-08,0.208789585997022
"root19",0,"T3",4.38821732191259e-12,2.18763200754159e-11,5.78703703703704e-07,0.13118636590286,3.345025446594e-08,0.208789585997022
"root19",0,"T1",8.19652090824275e-12,2.18763200754159e-11,5.78703703703704e-07,0.13118636590286,6.2479975352866e-08,0.208789585997022
"root19",0,"T2",8.24808730776561e-12,2.18763200754159e-11,6.94444444444444e-07,0.13118636590286,6.28730527825818e-08,0.208789585997022
"root19",0,"T3",4.46659930079766e-12,2.18763200754159e-11,6.94444444444444e-07,0.13118636590286,3.40477401752638e-08,0.208789585997022
"root19",0,"T1",8.69534926195418e-12,2.18763200754159e-11,6.94444444444444e-07,0.13118636590286,6.6282415875388e-08,0.208789585997022
"root19",0,"T2",8.63988094619879e-12,2.18763200754159e-11,8.10185185185185e-07,0.13118636590286,6.58595951396076e-08,0.208789585997022
"root19",0,"T3",4.53060603247233e-12,2.18763200754159e-11,8.10185185185185e-07,0.13118636590286,3.45356470643231e-08,0.208789585997022
"root19",0,"T1",9.14773733061651e-12,2.18763200754159e-11,8.10185185185185e-07,0.13118636590286,6.97308540232769e-08,0.208789585997022
"root19",0,"T2",8.99640204296906e-12,2.18763200754159e-11,9.25925925925926e-07,0.13118636590286,6.8577263963777e-08,0.208789585997022
"root19",0,"T3",4.58457620113064e-12,2.18763200754159e-11,9.25925925925926e-07,0.13118636590286,3.49470478092624e-08,0.208789585997022
"root19",0,"T1",9.56456761981361e-12,2.18763200754159e-11,9.25925925925926e-07,0.13118636590286,7.29082443437447e-08,0.208789585997022
"root19",0,"T2",9.32490484401636e-12,2.18763200754159e-11,1.04166666666667e-06,0.13118636590286,7.10813565101818e-08,0.208789585997022
"root19",0,"T3",4.63117732990336e-12,2.18763200754159e-11,1.04166666666667e-06,0.13118636590286,3.53022762543222e-08,0.208789585997022
"root19",0,"T1",9.95312576961606e-12,2.18763200754159e-11,1.04166666666667e-06,0.13118636590286,7.58701234012846e-08,0.208789585997022
"root19",0,"T2",9.63049911450731e-12,2.18763200754159e-11,1.15740740740741e-06,0.13118636590286,7.34108232073326e-08,0.208789585997022
"root19",0,"T3",4.67215225251607e-12,2.18763200754159e-11,1.15740740740741e-06,0.13118636590286,3.5614617573717e-08,0.208789585997022
"root19",0,"T1",1.03185338611204e-11,2.18763200754159e-11,1.15740740740741e-06,0.13118636590286,7.865553550558e-08,0.208789585997022
"root19",13,"T2",6.68242968252981e-12,2.82485772250413e-10,1.15740740740741e-07,0.15109136716396,4.42277398633784e-08,0.240469379426567
"root19",13,"T3",5.04609547261325e-12,2.82485772250413e-10,1.15740740740741e-07,0.15109136716396,3.33976425478854e-08,0.240469379426567
"root19",13,"T1",6.87643994281391e-12,2.82485772250413e-10,1.15740740740741e-07,0.15109136716396,4.55117990649446e-08,0.240469379426567
"root19",13,"T2",7.99955771207384e-12,2.82485772250413e-10,2.31481481481481e-07,0.15109136716396,5.29451672999487e-08,0.240469379426567
"root19",13,"T3",5.54962646607534e-12,2.82485772250413e-10,2.31481481481481e-07,0.15109136716396,3.67302683816015e-08,0.240469379426567
"root19",13,"T1",8.2919008156607e-12,2.82485772250413e-10,2.31481481481481e-07,0.15109136716396,5.48800435875503e-08,0.240469379426567
"root19",13,"T2",8.9135448737694e-12,2.82485772250413e-10,3.47222222222222e-07,0.15109136716396,5.89944021361371e-08,0.240469379426567
"root19",13,"T3",5.82148776903837e-12,2.82485772250413e-10,3.47222222222222e-07,0.15109136716396,3.85295856296082e-08,0.240469379426567
"root19",13,"T1",9.29622137273928e-12,2.82485772250413e-10,3.47222222222222e-07,0.15109136716396,6.15271510691361e-08,0.240469379426567
"root19",13,"T2",9.6289234698023e-12,2.82485772250413e-10,4.62962962962963e-07,0.15109136716396,6.37291438322434e-08,0.240469379426567
"root19",13,"T3",5.99989902714195e-12,2.82485772250413e-10,4.62962962962963e-07,0.15109136716396,3.97104026508082e-08,0.240469379426567
"root19",13,"T1",1.0098973667853e-11,2.82485772250413e-10,4.62962962962963e-07,0.15109136716396,6.68401766256697e-08,0.240469379426567
"root19",13,"T2",1.02239996661742e-11,2.82485772250413e-10,5.78703703703704e-07,0.15109136716396,6.76676626738008e-08,0.240469379426567
"root19",13,"T3",6.13014274651873e-12,2.82485772250413e-10,5.78703703703704e-07,0.15109136716396,4.0572422247437e-08,0.240469379426567
"root19",13,"T1",1.07797498268926e-11,2.82485772250413e-10,5.78703703703704e-07,0.15109136716396,7.13459016834148e-08,0.240469379426567
"root19",13,"T2",1.07375430468061e-11,2.82485772250413e-10,6.94444444444444e-07,0.15109136716396,7.10665556103811e-08,0.240469379426567
"root19",13,"T3",6.23178405734768e-12,2.82485772250413e-10,6.94444444444444e-07,0.15109136716396,4.12451364649121e-08,0.240469379426567
"root19",13,"T1",1.13777431872391e-11,2.82485772250413e-10,6.94444444444444e-07,0.15109136716396,7.53037278092289e-08,0.240469379426567
"root19",13,"T2",1.1191742799657e-11,2.82485772250413e-10,8.10185185185185e-07,0.15109136716396,7.40726820448454e-08,0.240469379426567
"root19",13,"T3",6.31476862974696e-12,2.82485772250413e-10,8.10185185185185e-07,0.15109136716396,4.1794370838503e-08,0.240469379426567
"root19",13,"T1",1.19153000383563e-11,2.82485772250413e-10,8.10185185185185e-07,0.15109136716396,7.88615541841393e-08,0.240469379426567
"root19",13,"T2",1.16005542270484e-11,2.82485772250413e-10,9.25925925925926e-07,0.15109136716396,7.67784053106079e-08,0.240469379426567
"root19",13,"T3",6.38473919083669e-12,2.82485772250413e-10,9.25925925925926e-07,0.15109136716396,4.22574718243707e-08,0.240469379426567
"root19",13,"T1",1.24064360080543e-11,2.82485772250413e-10,9.25925925925926e-07,0.15109136716396,8.21121434065202e-08,0.240469379426567
"root19",13,"T2",1.19733598691462e-11,2.82485772250413e-10,1.04166666666667e-06,0.15109136716396,7.92458238606913e-08,0.240469379426567
"root19",13,"T3",6.44516394680304e-12,2.82485772250413e-10,1.04166666666667e-06,0.15109136716396,4.26573937861647e-08,0.240469379426567
"root19",13,"T1",1.28605562724591e-11,2.82485772250413e-10,1.04166666666667e-06,0.15109136716396,8.51177437457642e-08,0.240469379426567
"root19",13,"T2",1.23167912549118e-11,2.82485772250413e-10,1.15740740740741e-06,0.15109136716396,8.15188285479341e-08,0.240469379426567
"root19",13,"T3",6.49830907775829e-12,2.82485772250413e-10,1.15740740740741e-06,0.15109136716396,4.30091354637523e-08,0.240469379426567
"root19",13,"T1",1.32843005782915e-11,2.82485772250413e-10,1.15740740740741e-06,0.15109136716396,8.79223004440469e-08,0.240469379426567
"root19",14,"T2",6.1516112836313e-12,9.28832080379896e-11,1.15740740740741e-07,0.129586015721383,4.74712587572536e-08,0.206242549576422
"root19",14,"T3",4.64032957257763e-12,9.28832080379896e-11,1.15740740740741e-07,0.129586015721383,3.58088760330018e-08,0.206242549576422
"root19",14,"T1",6.33629933699321e-12,9.28832080379896e-11,1.15740740740741e-07,0.129586015721383,4.88964746830137e-08,0.206242549576422
"root19",14,"T2",7.33186553674874e-12,9.28832080379896e-11,2.31481481481481e-07,0.129586015721383,5.6579141629855e-08,0.206242549576422
"root19",14,"T3",5.07406054442181e-12,9.28832080379896e-11,2.31481481481481e-07,0.129586015721383,3.91559267886692e-08,0.206242549576422
"root19",14,"T1",7.62230805735049e-12,9.28832080379896e-11,2.31481481481481e-07,0.129586015721383,5.88204523066661e-08,0.206242549576422
"root19",14,"T2",8.14630634302150e-12,9.28832080379896e-11,3.47222222222222e-07,0.129586015721383,6.28640852770449e-08,0.206242549576422
"root19",14,"T3",5.30793987143908e-12,9.28832080379896e-11,3.47222222222222e-07,0.129586015721383,4.09607459716289e-08,0.206242549576422
"root19",14,"T1",8.53040458203607e-12,9.28832080379896e-11,3.47222222222222e-07,0.129586015721383,6.58281260871304e-08,0.206242549576422
"root19",14,"T2",8.77610675998119e-12,9.28832080379896e-11,4.62962962962963e-07,0.129586015721383,6.77241808163182e-08,0.206242549576422
"root19",14,"T3",5.46017711180136e-12,9.28832080379896e-11,4.62962962962963e-07,0.129586015721383,4.21355428007065e-08,0.206242549576422
"root19",14,"T1",9.24871988346492e-12,9.28832080379896e-11,4.62962962962963e-07,0.129586015721383,7.13712805504428e-08,0.206242549576422
"root19",14,"T2",9.29302215329563e-12,9.28832080379896e-11,5.78703703703704e-07,0.129586015721383,7.17131559417347e-08,0.206242549576422
"root19",14,"T3",5.57002062727821e-12,9.28832080379896e-11,5.78703703703704e-07,0.129586015721383,4.29831922547419e-08,0.206242549576422
"root19",14,"T1",9.85112105303311e-12,9.28832080379896e-11,5.78703703703704e-07,0.129586015721383,7.6019939329052e-08,0.206242549576422
"root19",14,"T2",9.73343471142171e-12,9.28832080379896e-11,6.94444444444444e-07,0.129586015721383,7.5111767710716e-08,0.206242549576422
"root19",14,"T3",5.65467707579318e-12,9.28832080379896e-11,6.94444444444444e-07,0.129586015721383,4.36364760835848e-08,0.206242549576422
"root19",14,"T1",1.03747844711333e-11,9.28832080379896e-11,6.94444444444444e-07,0.129586015721383,8.00609881658809e-08,0.206242549576422
"root19",14,"T2",1.01184632419862e-11,9.28832080379896e-11,8.10185185185185e-07,0.129586015721383,7.80829874709741e-08,0.206242549576422
"root19",14,"T3",5.72297954130931e-12,9.28832080379896e-11,8.10185185185185e-07,0.129586015721383,4.41635581544079e-08,0.206242549576422
"root19",14,"T1",1.08411843601874e-11,9.28832080379896e-11,8.10185185185185e-07,0.129586015721383,8.36601411026986e-08,0.206242549576422
"root19",14,"T2",1.04614854238364e-11,9.28832080379896e-11,9.25925925925926e-07,0.129586015721383,8.07300491924154e-08,0.206242549576422
"root19",14,"T3",5.77996491080783e-12,9.28832080379896e-11,9.25925925925926e-07,0.129586015721383,4.46033075299966e-08,0.206242549576422
"root19",14,"T1",1.12638855698271e-11,9.28832080379896e-11,9.25925925925926e-07,0.129586015721383,8.69220764842797e-08,0.206242549576422
"root19",14,"T2",1.07715160716627e-11,9.28832080379896e-11,1.04166666666667e-06,0.129586015721383,8.31225191368027e-08,0.206242549576422
"root19",14,"T3",5.82873236521748e-12,9.28832080379896e-11,1.04166666666667e-06,0.129586015721383,4.49796402240623e-08,0.206242549576422
"root19",14,"T1",1.1652018609835e-11,9.28832080379896e-11,1.04166666666667e-06,0.129586015721383,8.99172533777682e-08,0.206242549576422
"root19",14,"T2",1.1054919365479e-11,9.28832080379896e-11,1.15740740740741e-06,0.129586015721383,8.53095089307141e-08,0.206242549576422
"root19",14,"T3",5.87130275810197e-12,9.28832080379896e-11,1.15740740740741e-06,0.129586015721383,4.5308150925217e-08,0.206242549576422
"root19",14,"T1",1.20120303937757e-11,9.28832080379896e-11,1.15740740740741e-06,0.129586015721383,9.26954218547947e-08,0.206242549576422
"root19",17,"T2",6.90598880514801e-12,7.02999858775058e-10,1.15740740740741e-07,0.133275981292424,5.18172047069413e-08,0.212115312181122
"root19",17,"T3",5.06353906681504e-12,7.02999858775058e-10,1.15740740740741e-07,0.133275981292424,3.79928852724409e-08,0.212115312181122
"root19",17,"T1",7.16366876464128e-12,7.02999858775058e-10,1.15740740740741e-07,0.133275981292424,5.37506360498919e-08,0.212115312181122
"root19",17,"T2",8.44795322228915e-12,7.02999858775058e-10,2.31481481481481e-07,0.133275981292424,6.33869144339917e-08,0.212115312181122
"root19",17,"T3",5.62220571398129e-12,7.02999858775058e-10,2.31481481481481e-07,0.133275981292424,4.21846881895807e-08,0.212115312181122
"root19",17,"T1",8.85725489592501e-12,7.02999858775058e-10,2.31481481481481e-07,0.133275981292424,6.64579979830807e-08,0.212115312181122
"root19",17,"T2",9.52137101997116e-12,7.02999858775058e-10,3.47222222222222e-07,0.133275981292424,7.14410123087377e-08,0.212115312181122
"root19",17,"T3",5.92015724591315e-12,7.02999858775058e-10,3.47222222222222e-07,0.133275981292424,4.44202862999267e-08,0.212115312181122
"root19",17,"T1",1.00704179555196e-11,7.02999858775058e-10,3.47222222222222e-07,0.133275981292424,7.55606363416969e-08,0.212115312181122
"root19",17,"T2",1.03518179556049e-11,7.02999858775058e-10,4.62962962962963e-07,0.133275981292424,7.76720445441081e-08,0.212115312181122
"root19",17,"T3",6.11063820750127e-12,7.02999858775058e-10,4.62962962962963e-07,0.133275981292424,4.58495082778177e-08,0.212115312181122
"root19",17,"T1",1.10342211966466e-11,7.02999858775058e-10,4.62962962962963e-07,0.133275981292424,8.2792271267815e-08,0.212115312181122
"root19",17,"T2",1.10312242076617e-11,7.02999858775058e-10,5.78703703703704e-07,0.133275981292424,8.27697841778244e-08,0.212115312181122
"root19",17,"T3",6.24556002095623e-12,7.02999858775058e-10,5.78703703703704e-07,0.133275981292424,4.68618573308622e-08,0.212115312181122
"root19",17,"T1",1.18421408597262e-11,7.02999858775058e-10,5.78703703703704e-07,0.133275981292424,8.88542762535965e-08,0.212115312181122
"root19",17,"T2",1.16071280661841e-11,7.02999858775058e-10,6.94444444444444e-07,0.133275981292424,8.70909218122106e-08,0.212115312181122
"root19",17,"T3",6.34773189221074e-12,7.02999858775058e-10,6.94444444444444e-07,0.133275981292424,4.76284761189117e-08,0.212115312181122
"root19",17,"T1",1.25423988495452e-11,7.02999858775058e-10,6.94444444444444e-07,0.133275981292424,9.41084712182734e-08,0.212115312181122
"root19",17,"T2",1.21075726995226e-11,7.02999858775058e-10,8.10185185185185e-07,0.133275981292424,9.08458717175531e-08,0.212115312181122
"root19",17,"T3",6.42882634304181e-12,7.02999858775058e-10,8.10185185185185e-07,0.133275981292424,4.8236946227664e-08,0.212115312181122
"root19",17,"T1",1.31634630637596e-11,7.02999858775058e-10,8.10185185185185e-07,0.133275981292424,9.87684572727126e-08,0.212115312181122
"root19",17,"T2",1.25505550765531e-11,7.02999858775058e-10,9.25925925925926e-07,0.133275981292424,9.41696692445704e-08,0.212115312181122
"root19",17,"T3",6.49546493851823e-12,7.02999858775058e-10,9.25925925925926e-07,0.133275981292424,4.87369507658426e-08,0.212115312181122
"root19",17,"T1",1.37236503571119e-11,7.02999858775058e-10,9.25925925925926e-07,0.133275981292424,1.02971669944043e-07,0.212115312181122
"root19",17,"T2",1.29483262508304e-11,7.02999858775058e-10,1.04166666666667e-06,0.133275981292424,9.71542368344685e-08,0.212115312181122
"root19",17,"T3",6.5516972790889e-12,7.02999858775058e-10,1.04166666666667e-06,0.133275981292424,4.9158874806659e-08,0.212115312181122
"root19",17,"T1",1.4235474873203e-11,7.02999858775058e-10,1.04166666666667e-06,0.133275981292424,1.06812005697926e-07,0.212115312181122
"root19",17,"T2",1.33096003915028e-11,7.02999858775058e-10,1.15740740740741e-06,0.133275981292424,9.98649588803245e-08,0.212115312181122
"root19",17,"T3",6.60014707152743e-12,7.02999858775058e-10,1.15740740740741e-06,0.133275981292424,4.95224046187729e-08,0.212115312181122
"root19",17,"T1",1.47078755530836e-11,7.02999858775058e-10,1.15740740740741e-06,0.133275981292424,1.10356535442142e-07,0.212115312181122
"root19",19,"T2",7.24822146713055e-12,3.48391305833878e-10,1.15740740740741e-07,0.145932395096355,4.96683513098292e-08,0.232258620368244
"root19",19,"T3",5.55439611099604e-12,3.48391305833878e-10,1.15740740740741e-07,0.145932395096355,3.8061433222751e-08,0.232258620368244
"root19",19,"T1",7.5083778124432e-12,3.48391305833878e-10,1.15740740740741e-07,0.145932395096355,5.14510695687934e-08,0.232258620368244
"root19",19,"T2",8.67165876727167e-12,3.48391305833878e-10,2.31481481481481e-07,0.145932395096355,5.94224384623169e-08,0.232258620368244
"root19",19,"T3",6.12264379697623e-12,3.48391305833878e-10,2.31481481481481e-07,0.145932395096355,4.19553437256589e-08,0.232258620368244
"root19",19,"T1",9.06466899557928e-12,3.48391305833878e-10,2.31481481481481e-07,0.145932395096355,6.21155363728125e-08,0.232258620368244
"root19",19,"T2",9.63375066116128e-12,3.48391305833878e-10,3.47222222222222e-07,0.145932395096355,6.60151617110127e-08,0.232258620368244
"root19",19,"T3",6.42160172916945e-12,3.48391305833878e-10,3.47222222222222e-07,0.145932395096355,4.400394939677e-08,0.232258620368244
"root19",19,"T1",1.01433155533413e-11,3.48391305833878e-10,3.47222222222222e-07,0.145932395096355,6.95069490680528e-08,0.232258620368244
"root19",19,"T2",1.03689174006761e-11,3.48391305833878e-10,4.62962962962963e-07,0.145932395096355,7.10528830410123e-08,0.232258620368244
"root19",19,"T3",6.6132201679112e-12,3.48391305833878e-10,4.62962962962963e-07,0.145932395096355,4.5317012466935e-08,0.232258620368244
"root19",19,"T1",1.09866999266692e-11,3.48391305833878e-10,4.62962962962963e-07,0.145932395096355,7.52862304453718e-08,0.232258620368244
"root19",19,"T2",1.09679749195532e-11,3.48391305833878e-10,5.78703703703704e-07,0.145932395096355,7.51579175570399e-08,0.232258620368244
"root19",19,"T3",6.75038989754635e-12,3.48391305833878e-10,5.78703703703704e-07,0.145932395096355,4.6256966406186e-08,0.232258620368244
"root19",19,"T1",1.16882809320049e-11,3.48391305833878e-10,5.78703703703704e-07,0.145932395096355,8.00938059317635e-08,0.232258620368244
"root19",19,"T2",1.14761342990055e-11,3.48391305833878e-10,6.94444444444444e-07,0.145932395096355,7.86400736548462e-08,0.232258620368244
"root19",19,"T3",6.85580341156768e-12,3.48391305833878e-10,6.94444444444444e-07,0.145932395096355,4.69793112560168e-08,0.232258620368244
"root19",19,"T1",1.22945543700593e-11,3.48391305833878e-10,6.94444444444444e-07,0.145932395096355,8.42482874480445e-08,0.232258620368244
"root19",19,"T2",1.1919266454296e-11,3.48391305833878e-10,8.10185185185185e-07,0.145932395096355,8.1676631473266e-08,0.232258620368244
"root19",19,"T3",6.94088620731671e-12,3.48391305833878e-10,8.10185185185185e-07,0.145932395096355,4.7562340100934e-08,0.232258620368244
"root19",19,"T1",1.28321717926764e-11,3.48391305833878e-10,8.10185185185185e-07,0.145932395096355,8.79323044359252e-08,0.232258620368244
"root19",19,"T2",1.23135644845028e-11,3.48391305833878e-10,9.25925925925926e-07,0.145932395096355,8.43785540309436e-08,0.232258620368244
"root19",19,"T3",7.0120463785289e-12,3.48391305833878e-10,9.25925925925926e-07,0.145932395096355,4.80499643269683e-08,0.232258620368244
"root19",19,"T1",1.33178637495984e-11,3.48391305833878e-10,9.25925925925926e-07,0.145932395096355,9.12605027883287e-08,0.232258620368244
"root19",19,"T2",1.26698255891489e-11,3.48391305833878e-10,1.04166666666667e-06,0.145932395096355,8.6819829009065e-08,0.232258620368244
"root19",19,"T3",7.07317184475425e-12,3.48391305833878e-10,1.04166666666667e-06,0.145932395096355,4.84688258565484e-08,0.232258620368244
"root19",19,"T1",1.37628247690223e-11,3.48391305833878e-10,1.04166666666667e-06,0.145932395096355,9.43095928764486e-08,0.232258620368244
"root19",19,"T2",1.29955988858068e-11,3.48391305833878e-10,1.15740740740741e-06,0.145932395096355,8.90521866459204e-08,0.232258620368244
"root19",19,"T3",7.12676786992242e-12,3.48391305833878e-10,1.15740740740741e-06,0.145932395096355,4.88360919809259e-08,0.232258620368244
"root19",19,"T1",1.417491079423e-11,3.48391305833878e-10,1.15740740740741e-06,0.145932395096355,9.71334074580956e-08,0.232258620368244
"root19",22,"T2",7.52940831843812e-12,7.52569195520779e-10,1.15740740740741e-07,0.148585097374724,5.06740477441647e-08,0.236480527169779
"root19",22,"T3",5.65580042097029e-12,7.52569195520779e-10,1.15740740740741e-07,0.148585097374724,3.80643854659707e-08,0.236480527169779
"root19",22,"T1",7.75448759432856e-12,7.52569195520779e-10,1.15740740740741e-07,0.148585097374724,5.21888650432563e-08,0.236480527169779
"root19",22,"T2",8.99017262054936e-12,7.52569195520779e-10,2.31481481481481e-07,0.148585097374724,6.05052106798881e-08,0.236480527169779
"root19",22,"T3",6.18838212282047e-12,7.52569195520779e-10,2.31481481481481e-07,0.148585097374724,4.16487402314223e-08,0.236480527169779
"root19",22,"T1",9.34613401045707e-12,7.52569195520779e-10,2.31481481481481e-07,0.148585097374724,6.2900884244714e-08,0.236480527169779
"root19",22,"T2",1.00030863043154e-11,7.52569195520779e-10,3.47222222222222e-07,0.148585097374724,6.73222717557478e-08,0.236480527169779
"root19",22,"T3",6.47802237931265e-12,7.52569195520779e-10,3.47222222222222e-07,0.148585097374724,4.35980626171103e-08,0.236480527169779
"root19",22,"T1",1.04781304200118e-11,7.52569195520779e-10,3.47222222222222e-07,0.148585097374724,7.05193899330728e-08,0.236480527169779
"root19",22,"T2",1.07887002793823e-11,7.52569195520779e-10,4.62962962962963e-07,0.148585097374724,7.26095716865454e-08,0.236480527169779
"root19",22,"T3",6.66735513343973e-12,7.52569195520779e-10,4.62962962962963e-07,0.148585097374724,4.48723004610954e-08,0.236480527169779
"root19",22,"T1",1.13784470003886e-11,7.52569195520779e-10,4.62962962962963e-07,0.148585097374724,7.6578655608326e-08,0.236480527169779
"root19",22,"T2",1.14347395483484e-11,7.52569195520779e-10,5.78703703703704e-07,0.148585097374724,7.69575129025929e-08,0.236480527169779
"root19",22,"T3",6.80424111951755e-12,7.52569195520779e-10,5.78703703703704e-07,0.148585097374724,4.57935636866569e-08,0.236480527169779
"root19",22,"T1",1.21367291020603e-11,7.52569195520779e-10,5.78703703703704e-07,0.148585097374724,8.16820079301228e-08,0.236480527169779
"root19",22,"T2",1.19857688807836e-11,7.52569195520779e-10,6.94444444444444e-07,0.148585097374724,8.06660229898837e-08,0.236480527169779
"root19",22,"T3",6.90979647111307e-12,7.52569195520779e-10,6.94444444444444e-07,0.148585097374724,4.65039670411018e-08,0.236480527169779
"root19",22,"T1",1.27980847929194e-11,7.52569195520779e-10,6.94444444444444e-07,0.148585097374724,8.61330309636858e-08,0.236480527169779
"root19",22,"T2",1.24677086523453e-11,7.52569195520779e-10,8.10185185185185e-07,0.148585097374724,8.39095499658515e-08,0.236480527169779
"root19",22,"T3",6.99491476165894e-12,7.52569195520779e-10,8.10185185185185e-07,0.148585097374724,4.70768259081738e-08,0.236480527169779
"root19",22,"T1",1.33885768048894e-11,7.52569195520779e-10,8.10185185185185e-07,0.148585097374724,9.01071308054814e-08,0.236480527169779
"root19",22,"T2",1.2897018660274e-11,7.52569195520779e-10,9.25925925925926e-07,0.148585097374724,8.67988707356593e-08,0.236480527169779
"root19",22,"T3",7.06583456585236e-12,7.52569195520779e-10,9.25925925925926e-07,0.148585097374724,4.75541268316612e-08,0.236480527169779
"root19",22,"T1",1.39246871517007e-11,7.52569195520779e-10,9.25925925925926e-07,0.148585097374724,9.37152338809818e-08,0.236480527169779
"root19",22,"T2",1.32848228613847e-11,7.52569195520779e-10,1.04166666666667e-06,0.148585097374724,8.94088511977822e-08,0.236480527169779
"root19",22,"T3",7.12640957451968e-12,7.52569195520779e-10,1.04166666666667e-06,0.148585097374724,4.7961805729058e-08,0.236480527169779
"root19",22,"T1",1.44175319314798e-11,7.52569195520779e-10,1.04166666666667e-06,0.148585097374724,9.70321531985106e-08,0.236480527169779
"root19",22,"T2",1.36389996635792e-11,7.52569195520779e-10,1.15740740740741e-06,0.148585097374724,9.1792514219527e-08,0.236480527169779
"root19",22,"T3",7.17916184140675e-12,7.52569195520779e-10,1.15740740740741e-06,0.148585097374724,4.8316836400499e-08,0.236480527169779
"root19",22,"T1",1.48749813293756e-11,7.52569195520779e-10,1.15740740740741e-06,0.148585097374724,1.00110856285013e-07,0.236480527169779
"root19",25,"T2",8.24680859251273e-12,8.90870521084519e-10,1.15740740740741e-07,0.180371270965171,4.57212977897414e-08,0.287069793658746
"root19",25,"T3",6.27872803158598e-12,8.90870521084519e-10,1.15740740740741e-07,0.180371270965171,3.48100226715061e-08,0.287069793658746
"root19",25,"T1",8.46719530111229e-12,8.90870521084519e-10,1.15740740740741e-07,0.180371270965171,4.69431481843207e-08,0.287069793658746
"root19",25,"T2",9.81785182761584e-12,8.90870521084519e-10,2.31481481481481e-07,0.180371270965171,5.44313502648192e-08,0.287069793658746
"root19",25,"T3",6.88885050675856e-12,8.90870521084519e-10,2.31481481481481e-07,0.180371270965171,3.81926149873877e-08,0.287069793658746
"root19",25,"T1",1.01486592130589e-11,8.90870521084519e-10,2.31481481481481e-07,0.180371270965171,5.62653861601862e-08,0.287069793658746
"root19",25,"T2",1.09146352483195e-11,8.90870521084519e-10,3.47222222222222e-07,0.180371270965171,6.05120493408683e-08,0.287069793658746
"root19",25,"T3",7.22387342883759e-12,8.90870521084519e-10,3.47222222222222e-07,0.180371270965171,4.00500223244116e-08,0.287069793658746
"root19",25,"T1",1.13504896025094e-11,8.90870521084519e-10,3.47222222222222e-07,0.180371270965171,6.29284782536189e-08,0.287069793658746
"root19",25,"T2",1.17793951957305e-11,8.90870521084519e-10,4.62962962962963e-07,0.180371270965171,6.53063824005821e-08,0.287069793658746
"root19",25,"T3",7.44761691109601e-12,8.90870521084519e-10,4.62962962962963e-07,0.180371270965171,4.12904830755121e-08,0.287069793658746
"root19",25,"T1",1.23194616871786e-11,8.90870521084519e-10,4.62962962962963e-07,0.180371270965171,6.83005759246299e-08,0.287069793658746
"root19",25,"T2",1.25033817608101e-11,8.90870521084519e-10,5.78703703703704e-07,0.180371270965171,6.93202509130431e-08,0.287069793658746
"root19",25,"T3",7.61345422328066e-12,8.90870521084519e-10,5.78703703703704e-07,0.180371270965171,4.22099050616037e-08,0.287069793658746
"root19",25,"T1",1.31475602678873e-11,8.90870521084519e-10,5.78703703703704e-07,0.180371270965171,7.28916539620438e-08,0.287069793658746
"root19",25,"T2",1.31314085873991e-11,8.90870521084519e-10,6.94444444444444e-07,0.180371270965171,7.28021071045996e-08,0.287069793658746
"root19",25,"T3",7.74447504458403e-12,8.90870521084519e-10,6.94444444444444e-07,0.180371270965171,4.29363002386309e-08,0.287069793658746
"root19",25,"T1",1.38795862424262e-11,8.90870521084519e-10,6.94444444444444e-07,0.180371270965171,7.69500939265785e-08,0.287069793658746
"root19",25,"T2",1.36890568676657e-11,8.90870521084519e-10,8.10185185185185e-07,0.180371270965171,7.58937761785191e-08,0.287069793658746
"root19",25,"T3",7.85248006460217e-12,8.90870521084519e-10,8.10185185185185e-07,0.180371270965171,4.35350930477086e-08,0.287069793658746
"root19",25,"T1",1.45409409418926e-11,8.90870521084519e-10,8.10185185185185e-07,0.180371270965171,8.06167238501105e-08,0.287069793658746
"root19",25,"T2",1.41924339131937e-11,8.90870521084519e-10,9.25925925925926e-07,0.180371270965171,7.86845590057087e-08,0.287069793658746
"root19",25,"T3",7.9442179020798e-12,8.90870521084519e-10,9.25925925925926e-07,0.180371270965171,4.40436986420847e-08,0.287069793658746
"root19",25,"T1",1.51475320986843e-11,8.90870521084519e-10,9.25925925925926e-07,0.180371270965171,8.3979738112558e-08,0.287069793658746
"root19",25,"T2",1.46524097693513e-11,8.90870521084519e-10,1.04166666666667e-06,0.180371270965171,8.12347204238565e-08,0.287069793658746
"root19",25,"T3",8.02387595732425e-12,8.90870521084519e-10,1.04166666666667e-06,0.180371270965171,4.44853324722296e-08,0.287069793658746
"root19",25,"T1",1.57100514990469e-11,8.90870521084519e-10,1.04166666666667e-06,0.180371270965171,8.70984132616133e-08,0.287069793658746
"root19",25,"T2",1.5076709277215e-11,8.90870521084519e-10,1.15740740740741e-06,0.180371270965171,8.35870878801216e-08,0.287069793658746
"root19",25,"T3",8.09421854692303e-12,8.90870521084519e-10,1.15740740740741e-06,0.180371270965171,4.48753202414701e-08,0.287069793658746
"root19",25,"T1",1.62360766267808e-11,8.90870521084519e-10,1.15740740740741e-06,0.180371270965171,9.0014759777991e-08,0.287069793658746
"root19",27,"T2",9.23444234996649e-12,1.09567663786938e-09,1.15740740740741e-07,0.207150287116846,4.45784675391624e-08,0.329689921575514
"root19",27,"T3",7.3303700128028e-12,1.09567663786938e-09,1.15740740740741e-07,0.207150287116846,3.53867238845197e-08,0.329689921575514
"root19",27,"T1",9.47937210226133e-12,1.09567663786938e-09,1.15740740740741e-07,0.207150287116846,4.57608446225052e-08,0.329689921575514
"root19",27,"T2",1.07306051249204e-11,1.09567663786938e-09,2.31481481481481e-07,0.207150287116846,5.18010632486724e-08,0.329689921575514
"root19",27,"T3",7.9832989535574e-12,1.09567663786938e-09,2.31481481481481e-07,0.207150287116846,3.85386815759242e-08,0.329689921575514
"root19",27,"T1",1.10805025983041e-11,1.09567663786938e-09,2.31481481481481e-07,0.207150287116846,5.34901628789633e-08,0.329689921575514
"root19",27,"T2",1.17458309488796e-11,1.09567663786938e-09,3.47222222222222e-07,0.207150287116846,5.67019776431892e-08,0.329689921575514
"root19",27,"T3",8.34331372287575e-12,1.09567663786938e-09,3.47222222222222e-07,0.207150287116846,4.02766215726729e-08,0.329689921575514
"root19",27,"T1",1.21909076192146e-11,1.09567663786938e-09,3.47222222222222e-07,0.207150287116846,5.8850546571235e-08,0.329689921575514
"root19",27,"T2",1.25379776803882e-11,1.09567663786938e-09,4.62962962962963e-07,0.207150287116846,6.05259971149156e-08,0.329689921575514
"root19",27,"T3",8.58787093720839e-12,1.09567663786938e-09,4.62962962962963e-07,0.207150287116846,4.14572002613942e-08,0.329689921575514
"root19",27,"T1",1.3075001031574e-11,1.09567663786938e-09,4.62962962962963e-07,0.207150287116846,6.31184306502983e-08,0.329689921575514
"root19",27,"T2",1.32001980548611e-11,1.09567663786938e-09,5.78703703703704e-07,0.207150287116846,6.3722808394735e-08,0.329689921575514
"root19",27,"T3",8.77327726887595e-12,1.09567663786938e-09,5.78703703703704e-07,0.207150287116846,4.23522332070303e-08,0.329689921575514
"root19",27,"T1",1.38275823728903e-11,1.09567663786938e-09,5.78703703703704e-07,0.207150287116846,6.67514516409562e-08,0.329689921575514
"root19",27,"T2",1.37767053365168e-11,1.09567663786938e-09,6.94444444444444e-07,0.207150287116846,6.65058471714588e-08,0.329689921575514
"root19",27,"T3",8.92344802842239e-12,1.09567663786938e-09,6.94444444444444e-07,0.207150287116846,4.30771694918723e-08,0.329689921575514
"root19",27,"T1",1.4493421364745e-11,1.09567663786938e-09,6.94444444444444e-07,0.207150287116846,6.99657314815586e-08,0.329689921575514
"root19",27,"T2",1.4291985257626e-11,1.09567663786938e-09,8.10185185185185e-07,0.207150287116846,6.89933161886682e-08,0.329689921575514
"root19",27,"T3",9.05042974282557e-12,1.09567663786938e-09,8.10185185185185e-07,0.207150287116846,4.36901626774987e-08,0.329689921575514
"root19",27,"T1",1.50972219167846e-11,1.09567663786938e-09,8.10185185185185e-07,0.207150287116846,7.28805261479982e-08,0.329689921575514
"root19",27,"T2",1.47610360754571e-11,1.09567663786938e-09,9.25925925925926e-07,0.207150287116846,7.12576182292759e-08,0.329689921575514
"root19",27,"T3",9.16102935557753e-12,1.09567663786938e-09,9.25925925925926e-07,0.207150287116846,4.42240726917753e-08,0.329689921575514
"root19",27,"T1",1.56540743609797e-11,1.09567663786938e-09,9.25925925925926e-07,0.207150287116846,7.55686829058063e-08,0.329689921575514
"root19",27,"T2",1.51937266665897e-11,1.09567663786938e-09,1.04166666666667e-06,0.207150287116846,7.33463944369022e-08,0.329689921575514
"root19",27,"T3",9.25942850497388e-12,1.09567663786938e-09,1.04166666666667e-06,0.207150287116846,4.46990860299941e-08,0.329689921575514
"root19",27,"T1",1.61738876213054e-11,1.09567663786938e-09,1.04166666666667e-06,0.207150287116846,7.80780362239241e-08,0.329689921575514
"root19",27,"T2",1.55969096506386e-11,1.09567663786938e-09,1.15740740740741e-06,0.207150287116846,7.52927252369242e-08,0.329689921575514
"root19",27,"T3",9.34836538901855e-12,1.09567663786938e-09,1.15740740740741e-06,0.207150287116846,4.51284211049414e-08,0.329689921575514
"root19",27,"T1",1.66635319107355e-11,1.09567663786938e-09,1.15740740740741e-06,0.207150287116846,8.04417514581394e-08,0.329689921575514
"root19",3,"T2",5.10606046655868e-12,5.58012422433292e-11,1.15740740740741e-07,0.116785367428452,4.37217485288719e-08,0.185869685070414
"root19",3,"T3",3.70722137224588e-12,5.58012422433292e-11,1.15740740740741e-07,0.116785367428452,3.17438858469756e-08,0.185869685070414
"root19",3,"T1",5.27451504736256e-12,5.58012422433292e-11,1.15740740740741e-07,0.116785367428452,4.51641773580407e-08,0.185869685070414
"root19",3,"T2",6.26392408585948e-12,5.58012422433292e-11,2.31481481481481e-07,0.116785367428452,5.36362065195971e-08,0.185869685070414
"root19",3,"T3",4.10820285996046e-12,5.58012422433292e-11,2.31481481481481e-07,0.116785367428452,3.51773766733006e-08,0.185869685070414
"root19",3,"T1",6.53142378994675e-12,5.58012422433292e-11,2.31481481481481e-07,0.116785367428452,5.59267306663927e-08,0.185869685070414
"root19",3,"T2",7.08135345859767e-12,5.58012422433292e-11,3.47222222222222e-07,0.116785367428452,6.06356225486556e-08,0.185869685070414
"root19",3,"T3",4.32128132092569e-12,5.58012422433292e-11,3.47222222222222e-07,0.116785367428452,3.7001907140234e-08,0.185869685070414
"root19",3,"T1",7.44141169735997e-12,5.58012422433292e-11,3.47222222222222e-07,0.116785367428452,6.37186991933635e-08,0.185869685070414
"root19",3,"T2",7.72149586737146e-12,5.58012422433292e-11,4.62962962962963e-07,0.116785367428452,6.61169805549655e-08,0.185869685070414
"root19",3,"T3",4.45767228999011e-12,5.58012422433292e-11,4.62962962962963e-07,0.116785367428452,3.81697843500906e-08,0.185869685070414
"root19",3,"T1",8.17107927176614e-12,5.58012422433292e-11,4.62962962962963e-07,0.116785367428452,6.99666358182425e-08,0.185869685070414
"root19",3,"T2",8.25063152992412e-12,5.58012422433292e-11,5.78703703703704e-07,0.116785367428452,7.06478192567988e-08,0.185869685070414
"root19",3,"T3",4.55457699547453e-12,5.58012422433292e-11,5.78703703703704e-07,0.116785367428452,3.89995518767784e-08,0.185869685070414
"root19",3,"T1",8.78751727444676e-12,5.58012422433292e-11,5.78703703703704e-07,0.116785367428452,7.52450197138815e-08,0.185869685070414
"root19",3,"T2",8.70312197807761e-12,5.58012422433292e-11,6.94444444444444e-07,0.116785367428452,7.45223667118189e-08,0.185869685070414
"root19",3,"T3",4.62823124188518e-12,5.58012422433292e-11,6.94444444444444e-07,0.116785367428452,3.96302323124568e-08,0.185869685070414
"root19",3,"T1",9.32536299845893e-12,5.58012422433292e-11,6.94444444444444e-07,0.116785367428452,7.98504402032392e-08,0.185869685070414
"root19",3,"T2",9.09932898213236e-12,5.58012422433292e-11,8.10185185185185e-07,0.116785367428452,7.79149749878299e-08,0.185869685070414
"root19",3,"T3",4.68691394798982e-12,5.58012422433292e-11,8.10185185185185e-07,0.116785367428452,4.01327156919829e-08,0.185869685070414
"root19",3,"T1",9.8051182896383e-12,5.58012422433292e-11,8.10185185185185e-07,0.116785367428452,8.39584487812256e-08,0.185869685070414
"root19",3,"T2",9.45238734248794e-12,5.58012422433292e-11,9.25925925925926e-07,0.116785367428452,8.09381136577654e-08,0.185869685070414
"root19",3,"T3",4.73531350954107e-12,5.58012422433292e-11,9.25925925925926e-07,0.116785367428452,4.05471474193215e-08,0.185869685070414
"root19",3,"T1",1.02400173031856e-11,5.58012422433292e-11,9.25925925925926e-07,0.116785367428452,8.76823657677752e-08,0.185869685070414
"root19",3,"T2",9.77128552253536e-12,5.58012422433292e-11,1.04166666666667e-06,0.116785367428452,8.36687483859799e-08,0.185869685070414
"root19",3,"T3",4.77629574925821e-12,5.58012422433292e-11,1.04166666666667e-06,0.116785367428452,4.08980667221378e-08,0.185869685070414
"root19",3,"T1",1.06391325648393e-11,5.58012422433292e-11,1.04166666666667e-06,0.116785367428452,9.10998766292988e-08,0.185869685070414
"root19",3,"T2",1.0062450210554e-11,5.58012422433292e-11,1.15740740740741e-06,0.116785367428452,8.61619090826483e-08,0.185869685070414
"root19",3,"T3",4.81171795392347e-12,5.58012422433292e-11,1.15740740740741e-06,0.116785367428452,4.12013770207243e-08,0.185869685070414
"root19",3,"T1",1.10089667581346e-11,5.58012422433292e-11,1.15740740740741e-06,0.116785367428452,9.4266662001806e-08,0.185869685070414
"root19",4,"T2",5.0654917293967e-12,1.6967670598051e-11,1.15740740740741e-07,0.151131924169791,3.35170200288446e-08,0.240533927906117
"root19",4,"T3",3.67657869792326e-12,1.6967670598051e-11,1.15740740740741e-07,0.151131924169791,2.43269495715066e-08,0.240533927906117
"root19",4,"T1",5.1750632461037e-12,1.6967670598051e-11,1.15740740740741e-07,0.151131924169791,3.42420257965465e-08,0.240533927906117
"root19",4,"T2",6.14989088115377e-12,1.6967670598051e-11,2.31481481481481e-07,0.151131924169791,4.06922026232168e-08,0.240533927906117
"root19",4,"T3",4.06518244996352e-12,1.6967670598051e-11,2.31481481481481e-07,0.151131924169791,2.68982378957634e-08,0.240533927906117
"root19",4,"T1",6.31796047110371e-12,1.6967670598051e-11,2.31481481481481e-07,0.151131924169791,4.18042746812759e-08,0.240533927906117
"root19",4,"T2",6.93148933126758e-12,1.6967670598051e-11,3.47222222222222e-07,0.151131924169791,4.5863833001162e-08,0.240533927906117
"root19",4,"T3",4.28129226068065e-12,1.6967670598051e-11,3.47222222222222e-07,0.151131924169791,2.83281793982242e-08,0.240533927906117
"root19",4,"T1",7.15728236165847e-12,1.6967670598051e-11,3.47222222222222e-07,0.151131924169791,4.73578458090531e-08,0.240533927906117
"root19",4,"T2",7.56251437000551e-12,1.6967670598051e-11,4.62962962962963e-07,0.151131924169791,5.00391589106568e-08,0.240533927906117
"root19",4,"T3",4.42694823757571e-12,1.6967670598051e-11,4.62962962962963e-07,0.151131924169791,2.929194650233e-08,0.240533927906117
"root19",4,"T1",7.84680535423545e-12,1.6967670598051e-11,4.62962962962963e-07,0.151131924169791,5.19202372188411e-08,0.240533927906117
"root19",4,"T2",8.1010067062782e-12,1.6967670598051e-11,5.78703703703704e-07,0.151131924169791,5.3602220383147e-08,0.240533927906117
"root19",4,"T3",4.53559240678052e-12,1.6967670598051e-11,5.78703703703704e-07,0.151131924169791,3.00108162566961e-08,0.240533927906117
"root19",4,"T1",8.44474668186009e-12,1.6967670598051e-11,5.78703703703704e-07,0.151131924169791,5.58766569555002e-08,0.240533927906117
"root19",4,"T2",8.57578173893084e-12,1.6967670598051e-11,6.94444444444444e-07,0.151131924169791,5.67436812972505e-08,0.240533927906117
"root19",4,"T3",4.62180053246972e-12,1.6967670598051e-11,6.94444444444444e-07,0.151131924169791,3.05812326406782e-08,0.240533927906117
"root19",4,"T1",8.97982784137585e-12,1.6967670598051e-11,6.94444444444444e-07,0.151131924169791,5.94171475729201e-08,0.240533927906117
"root19",4,"T2",9.00342396547286e-12,1.6967670598051e-11,8.10185185185185e-07,0.151131924169791,5.95732768899168e-08,0.240533927906117
"root19",4,"T3",4.69307318006648e-12,1.6967670598051e-11,8.10185185185185e-07,0.151131924169791,3.10528249133782e-08,0.240533927906117
"root19",4,"T1",9.46848123808981e-12,1.6967670598051e-11,8.10185185185185e-07,0.151131924169791,6.26504379541435e-08,0.240533927906117
"root19",4,"T2",9.3944367161149e-12,1.6967670598051e-11,9.25925925925926e-07,0.151131924169791,6.21605049212542e-08,0.240533927906117
"root19",4,"T3",4.75372509089126e-12,1.6967670598051e-11,9.25925925925926e-07,0.151131924169791,3.14541425777828e-08,0.240533927906117
"root19",4,"T1",9.9210555055741e-12,1.6967670598051e-11,9.25925925925926e-07,0.151131924169791,6.56450022725058e-08,0.240533927906117
"root19",4,"T2",9.7559365554666e-12,1.6967670598051e-11,1.04166666666667e-06,0.151131924169791,6.45524538184677e-08,0.240533927906117
"root19",4,"T3",4.8064470898153e-12,1.6967670598051e-11,1.04166666666667e-06,0.151131924169791,3.18029901109142e-08,0.240533927906117
"root19",4,"T1",1.03445258136638e-11,1.6967670598051e-11,1.04166666666667e-06,0.151131924169791,6.84469933833579e-08,0.240533927906117
"root19",4,"T2",1.00929949724189e-11,1.6967670598051e-11,1.15740740740741e-06,0.151131924169791,6.67826802832196e-08,0.240533927906117
"root19",4,"T3",4.8530235320578e-12,1.6967670598051e-11,1.15740740740741e-06,0.151131924169791,3.21111741196758e-08,0.240533927906117
"root19",4,"T1",1.07438393351224e-11,1.6967670598051e-11,1.15740740740741e-06,0.151131924169791,7.10891454214008e-08,0.240533927906117
"root19",7,"T2",5.41333735311424e-12,1.07184835351093e-10,1.15740740740741e-07,0.120408325137375,4.49581650350016e-08,0.191635801350294
"root19",7,"T3",3.95956560408869e-12,1.07184835351093e-10,1.15740740740741e-07,0.120408325137375,3.28844836897381e-08,0.191635801350294
"root19",7,"T1",5.5945400862014e-12,1.07184835351093e-10,1.15740740740741e-07,0.120408325137375,4.64630670663223e-08,0.191635801350294
"root19",7,"T2",6.59629406097654e-12,1.07184835351093e-10,2.31481481481481e-07,0.120408325137375,5.47827075366323e-08,0.191635801350294
"root19",7,"T3",4.38639191869651e-12,1.07184835351093e-10,2.31481481481481e-07,0.120408325137375,3.64293076387537e-08,0.191635801350294
"root19",7,"T1",6.87869168132479e-12,1.07184835351093e-10,2.31481481481481e-07,0.120408325137375,5.71280405526514e-08,0.191635801350294
"root19",7,"T2",7.42028972251851e-12,1.07184835351093e-10,3.47222222222222e-07,0.120408325137375,6.16260521359518e-08,0.191635801350294
"root19",7,"T3",4.612199090364e-12,1.07184835351093e-10,3.47222222222222e-07,0.120408325137375,3.83046528145118e-08,0.191635801350294
"root19",7,"T1",7.79525917147817e-12,1.07184835351093e-10,3.47222222222222e-07,0.120408325137375,6.47402010000927e-08,0.191635801350294
"root19",7,"T2",8.06149915903876e-12,1.07184835351093e-10,4.62962962962963e-07,0.120408325137375,6.69513436869197e-08,0.191635801350294
"root19",7,"T3",4.75662621361376e-12,1.07184835351093e-10,4.62962962962963e-07,0.120408325137375,3.95041307001561e-08,0.191635801350294
"root19",7,"T1",8.52482138269734e-12,1.07184835351093e-10,4.62962962962963e-07,0.120408325137375,7.07992688459979e-08,0.191635801350294
"root19",7,"T2",8.59029848021459e-12,1.07184835351093e-10,5.78703703703704e-07,0.120408325137375,7.13430609587322e-08,0.191635801350294
"root19",7,"T3",4.85938710017666e-12,1.07184835351093e-10,5.78703703703704e-07,0.120408325137375,4.03575674242834e-08,0.191635801350294
"root19",7,"T1",9.13903957410418e-12,1.07184835351093e-10,5.78703703703704e-07,0.120408325137375,7.59003961202629e-08,0.191635801350294
"root19",7,"T2",9.04259066242904e-12,1.07184835351093e-10,6.94444444444444e-07,0.120408325137375,7.50993808120183e-08,0.191635801350294
"root19",7,"T3",4.93771562218757e-12,1.07184835351093e-10,6.94444444444444e-07,0.120408325137375,4.1008091563055e-08,0.191635801350294
"root19",7,"T1",9.6743836844712e-12,1.07184835351093e-10,6.94444444444444e-07,0.120408325137375,8.03464683478788e-08,0.191635801350294
"root19",7,"T2",9.43933856570518e-12,1.07184835351093e-10,8.10185185185185e-07,0.120408325137375,7.83944013417324e-08,0.191635801350294
"root19",7,"T3",5.00036006020736e-12,1.07184835351093e-10,8.10185185185185e-07,0.120408325137375,4.15283582302337e-08,0.191635801350294
"root19",7,"T1",1.01521487032405e-11,1.07184835351093e-10,8.10185185185185e-07,0.120408325137375,8.43143419830633e-08,0.191635801350294
"root19",7,"T2",9.7938852945969e-12,1.07184835351093e-10,9.25925925925926e-07,0.120408325137375,8.133893801299e-08,0.191635801350294
"root19",7,"T3",5.05225597809269e-12,1.07184835351093e-10,9.25925925925926e-07,0.120408325137375,4.19593576468116e-08,0.191635801350294
"root19",7,"T1",1.05859079529198e-11,1.07184835351093e-10,9.25925925925926e-07,0.120408325137375,8.79167444679779e-08,0.191635801350294
"root19",7,"T2",1.01152533329055e-11,1.07184835351093e-10,1.04166666666667e-06,0.120408325137375,8.40079232176419e-08,0.191635801350294
"root19",7,"T3",5.09641045664738e-12,1.07184835351093e-10,1.04166666666667e-06,0.120408325137375,4.23260638401277e-08,0.191635801350294
"root19",7,"T1",1.09848586118802e-11,1.07184835351093e-10,1.04166666666667e-06,0.120408325137375,9.12300590457299e-08,0.191635801350294
"root19",7,"T2",1.04098253500988e-11,1.07184835351093e-10,1.15740740740741e-06,0.120408325137375,8.6454365495261e-08,0.191635801350294
"root19",7,"T3",5.13476672009507e-12,1.07184835351093e-10,1.15740740740741e-06,0.120408325137375,4.26446154303431e-08,0.191635801350294
"root19",7,"T1",1.13555225257059e-11,1.07184835351093e-10,1.15740740740741e-06,0.120408325137375,9.43084501237792e-08,0.191635801350294
"root19",9,"T2",5.55495774763791e-12,3.56890055531024e-11,1.15740740740741e-07,0.134165307105875,4.14038313440767e-08,0.213530718173422
"root19",9,"T3",4.22855942858149e-12,3.56890055531024e-11,1.15740740740741e-07,0.134165307105875,3.15175325111772e-08,0.213530718173422
"root19",9,"T1",5.72056336303362e-12,3.56890055531024e-11,1.15740740740741e-07,0.134165307105875,4.26381714202712e-08,0.213530718173422
"root19",9,"T2",6.62189508364106e-12,3.56890055531024e-11,2.31481481481481e-07,0.134165307105875,4.93562398990036e-08,0.213530718173422
"root19",9,"T3",4.64032190039334e-12,3.56890055531024e-11,2.31481481481481e-07,0.134165307105875,3.45866006681704e-08,0.213530718173422
"root19",9,"T1",6.86819883482787e-12,3.56890055531024e-11,2.31481481481481e-07,0.134165307105875,5.11920628587531e-08,0.213530718173422
"root19",9,"T2",7.3502137231158e-12,3.56890055531024e-11,3.47222222222222e-07,0.134165307105875,5.47847568173154e-08,0.213530718173422
"root19",9,"T3",4.85882804213297e-12,3.56890055531024e-11,3.47222222222222e-07,0.134165307105875,3.62152343772349e-08,0.213530718173422
"root19",9,"T1",7.66841920756994e-12,3.56890055531024e-11,3.47222222222222e-07,0.134165307105875,5.71564987476121e-08,0.213530718173422
"root19",9,"T2",7.91174884415611e-12,3.56890055531024e-11,4.62962962962963e-07,0.134165307105875,5.89701541689361e-08,0.213530718173422
"root19",9,"T3",5.00055256068608e-12,3.56890055531024e-11,4.62962962962963e-07,0.134165307105875,3.72715768968498e-08,0.213530718173422
"root19",9,"T1",8.29777698482206e-12,3.56890055531024e-11,4.62962962962963e-07,0.134165307105875,6.18474117028925e-08,0.213530718173422
"root19",9,"T2",8.3727911342371e-12,3.56890055531024e-11,5.78703703703704e-07,0.134165307105875,6.24065290412954e-08,0.213530718173422
"root19",9,"T3",5.10326752503935e-12,3.56890055531024e-11,5.78703703703704e-07,0.134165307105875,3.80371620288706e-08,0.213530718173422
"root19",9,"T1",8.823951768893e-12,3.56890055531024e-11,5.78703703703704e-07,0.134165307105875,6.57692510771781e-08,0.213530718173422
"root19",9,"T2",8.7663670284659e-12,3.56890055531024e-11,6.94444444444444e-07,0.134165307105875,6.53400436936206e-08,0.213530718173422
"root19",9,"T3",5.18314068043002e-12,3.56890055531024e-11,6.94444444444444e-07,0.134165307105875,3.86324959278765e-08,0.213530718173422
"root19",9,"T1",9.28057657312664e-12,3.56890055531024e-11,6.94444444444444e-07,0.134165307105875,6.91727002555361e-08,0.213530718173422
"root19",9,"T2",9.11143114433833e-12,3.56890055531024e-11,8.10185185185185e-07,0.134165307105875,6.7911976209678e-08,0.213530718173422
"root19",9,"T3",5.24831264456302e-12,3.56890055531024e-11,8.10185185185185e-07,0.134165307105875,3.91182546201856e-08,0.213530718173422
"root19",9,"T1",9.68694778591279e-12,3.56890055531024e-11,8.10185185185185e-07,0.134165307105875,7.22015847082469e-08,0.213530718173422
"root19",9,"T2",9.41989509967922e-12,3.56890055531024e-11,9.25925925925926e-07,0.134165307105875,7.02111097337974e-08,0.213530718173422
"root19",9,"T3",5.30335631213947e-12,3.56890055531024e-11,9.25925925925926e-07,0.134165307105875,3.95285221383975e-08,0.213530718173422
"root19",9,"T1",1.00552028173307e-11,3.56890055531024e-11,9.25925925925926e-07,0.134165307105875,7.49463705203295e-08,0.213530718173422
"root19",9,"T2",9.69973669478186e-12,3.56890055531024e-11,1.04166666666667e-06,0.134165307105875,7.22969067340742e-08,0.213530718173422
"root19",9,"T3",5.35105349062251e-12,3.56890055531024e-11,1.04166666666667e-06,0.134165307105875,3.98840326612884e-08,0.213530718173422
"root19",9,"T1",1.03934839134465e-11,3.56890055531024e-11,1.04166666666667e-06,0.134165307105875,7.74677458550783e-08,0.213530718173422
"root19",9,"T2",9.95655929478241e-12,3.56890055531024e-11,1.15740740740741e-06,0.134165307105875,7.42111318459198e-08,0.213530718173422
"root19",9,"T3",5.39320283393297e-12,3.56890055531024e-11,1.15740740740741e-06,0.134165307105875,4.01981924408892e-08,0.213530718173422
"root19",9,"T1",1.07075217545672e-11,3.56890055531024e-11,1.15740740740741e-06,0.134165307105875,7.98084242904721e-08,0.213530718173422
"root2",0,"T2",5.39465438354634e-12,3.84779315662183e-11,1.15740740740741e-07,0.155451084000297,3.4703227823976e-08,0.247408084276407
"root2",0,"T3",3.98496788626571e-12,3.84779315662183e-11,1.15740740740741e-07,0.155451084000297,2.56348671473921e-08,0.247408084276407
"root2",0,"T1",5.52759393115498e-12,3.84779315662183e-11,1.15740740740741e-07,0.155451084000297,3.55584135466332e-08,0.247408084276407
"root2",0,"T2",6.5198181621543e-12,3.84779315662183e-11,2.31481481481481e-07,0.155451084000297,4.19412846432248e-08,0.247408084276407
"root2",0,"T3",4.3884307461918e-12,3.84779315662183e-11,2.31481481481481e-07,0.155451084000297,2.82303000613583e-08,0.247408084276407
"root2",0,"T1",6.72002017925779e-12,3.84779315662183e-11,2.31481481481481e-07,0.155451084000297,4.32291625527999e-08,0.247408084276407
"root2",0,"T2",7.31815538030382e-12,3.84779315662183e-11,3.47222222222222e-07,0.155451084000297,4.70769015691769e-08,0.247408084276407
"root2",0,"T3",4.60572905717593e-12,3.84779315662183e-11,3.47222222222222e-07,0.155451084000297,2.96281565792564e-08,0.247408084276407
"root2",0,"T1",7.58191468565472e-12,3.84779315662183e-11,3.47222222222222e-07,0.155451084000297,4.87736366356907e-08,0.247408084276407
"root2",0,"T2",7.95479919714066e-12,3.84779315662183e-11,4.62962962962963e-07,0.155451084000297,5.11723623434203e-08,0.247408084276407
"root2",0,"T3",4.74949166198437e-12,3.84779315662183e-11,4.62962962962963e-07,0.155451084000297,3.05529658575767e-08,0.247408084276407
"root2",0,"T1",8.28074223003591e-12,3.84779315662183e-11,4.62962962962963e-07,0.155451084000297,5.32691185995209e-08,0.247408084276407
"root2",0,"T2",8.49267339702403e-12,3.84779315662183e-11,5.78703703703704e-07,0.155451084000297,5.46324488609407e-08,0.247408084276407
"root2",0,"T3",4.85560761079532e-12,3.84779315662183e-11,5.78703703703704e-07,0.155451084000297,3.12355982720972e-08,0.247408084276407
"root2",0,"T1",8.88006249965574e-12,3.84779315662183e-11,5.78703703703704e-07,0.155451084000297,5.71244810337815e-08,0.247408084276407
"root2",0,"T2",8.96310400291567e-12,3.84779315662183e-11,6.94444444444444e-07,0.155451084000297,5.76586780372567e-08,0.247408084276407
"root2",0,"T3",4.93937356631016e-12,3.84779315662183e-11,6.94444444444444e-07,0.155451084000297,3.17744555985259e-08,0.247408084276407
"root2",0,"T1",9.41143433319231e-12,3.84779315662183e-11,6.94444444444444e-07,0.155451084000297,6.05427385322983e-08,0.247408084276407
"root2",0,"T2",9.38413743016218e-12,3.84779315662183e-11,8.10185185185185e-07,0.155451084000297,6.03671405092566e-08,0.247408084276407
"root2",0,"T3",5.00850990316333e-12,3.84779315662183e-11,8.10185185185185e-07,0.155451084000297,3.22192021713645e-08,0.247408084276407
"root2",0,"T1",9.89300272887705e-12,3.84779315662183e-11,8.10185185185185e-07,0.155451084000297,6.36406159049888e-08,0.247408084276407
"root2",0,"T2",9.76718234426607e-12,3.84779315662183e-11,9.25925925925926e-07,0.155451084000297,6.28312269874388e-08,0.247408084276407
"root2",0,"T3",5.06738096696077e-12,3.84779315662183e-11,9.25925925925926e-07,0.155451084000297,3.25979133535736e-08,0.247408084276407
"root2",0,"T1",1.03362200890364e-11,3.84779315662183e-11,9.25925925925926e-07,0.155451084000297,6.64917852166066e-08,0.247408084276407
"root2",0,"T2",1.01199359514718e-11,3.84779315662183e-11,1.04166666666667e-06,0.155451084000297,6.51004527665597e-08,0.247408084276407
"root2",0,"T3",5.11866575699194e-12,3.84779315662183e-11,1.04166666666667e-06,0.155451084000297,3.29278228576531e-08,0.247408084276407
"root2",0,"T1",1.07488017483958e-11,3.84779315662183e-11,1.04166666666667e-06,0.155451084000297,6.91458783804637e-08,0.247408084276407
"root2",0,"T2",1.0447849999131e-11,3.84779315662183e-11,1.15740740740741e-06,0.155451084000297,6.72098883473274e-08,0.247408084276407
"root2",0,"T3",5.16411561002895e-12,3.84779315662183e-11,1.15740740740741e-06,0.155451084000297,3.32201968435234e-08,0.247408084276407
"root2",0,"T1",1.11362046153327e-11,3.84779315662183e-11,1.15740740740741e-06,0.155451084000297,7.163799909759e-08,0.247408084276407
"root2",11,"T2",5.89072141175753e-12,7.54432038153204e-12,1.15740740740741e-07,0.154872797202937,3.80358689075567e-08,0.246487712253161
"root2",11,"T3",4.60652556863466e-12,7.54432038153204e-12,1.15740740740741e-07,0.154872797202937,2.9743929546249e-08,0.246487712253161
"root2",11,"T1",6.04032476014282e-12,7.54432038153204e-12,1.15740740740741e-07,0.154872797202937,3.90018445410262e-08,0.246487712253161
"root2",11,"T2",6.88101107282413e-12,7.54432038153204e-12,2.31481481481481e-07,0.154872797202937,4.44300819582126e-08,0.246487712253161
"root2",11,"T3",5.02910684819545e-12,7.54432038153204e-12,2.31481481481481e-07,0.154872797202937,3.24724996191912e-08,0.246487712253161
"root2",11,"T1",7.09556504400198e-12,7.54432038153204e-12,2.31481481481481e-07,0.154872797202937,4.58154380378649e-08,0.246487712253161
"root2",11,"T2",7.54064022093267e-12,7.54432038153204e-12,3.47222222222222e-07,0.154872797202937,4.86892492233598e-08,0.246487712253161
"root2",11,"T3",5.25706852831411e-12,7.54432038153204e-12,3.47222222222222e-07,0.154872797202937,3.39444280936279e-08,0.246487712253161
"root2",11,"T1",7.81226481233892e-12,7.54432038153204e-12,3.47222222222222e-07,0.154872797202937,5.04431052672352e-08,0.246487712253161
"root2",11,"T2",8.0438047166533e-12,7.54432038153204e-12,4.62962962962963e-07,0.154872797202937,5.19381380198947e-08,0.246487712253161
"root2",11,"T3",5.40770403399191e-12,7.54432038153204e-12,4.62962962962963e-07,0.154872797202937,3.49170682757537e-08,0.246487712253161
"root2",11,"T1",8.369084757017e-12,7.54432038153204e-12,4.62962962962963e-07,0.154872797202937,5.40384425681329e-08,0.246487712253161
"root2",11,"T2",8.45517488805091e-12,7.54432038153204e-12,5.78703703703704e-07,0.154872797202937,5.45943189556505e-08,0.246487712253161
"root2",11,"T3",5.51883893288181e-12,7.54432038153204e-12,5.78703703703704e-07,0.154872797202937,3.56346565217016e-08,0.246487712253161
"root2",11,"T1",8.83195888278594e-12,7.54432038153204e-12,5.78703703703704e-07,0.154872797202937,5.70271799973562e-08,0.246487712253161
"root2",11,"T2",8.80600020753505e-12,7.54432038153204e-12,6.94444444444444e-07,0.154872797202937,5.68595671194351e-08,0.246487712253161
"root2",11,"T3",5.60666154782214e-12,7.54432038153204e-12,6.94444444444444e-07,0.154872797202937,3.620171940509e-08,0.246487712253161
"root2",11,"T1",9.23265756708934e-12,7.54432038153204e-12,6.94444444444444e-07,0.154872797202937,5.9614456081602e-08,0.246487712253161
"root2",11,"T2",9.11379531048751e-12,7.54432038153204e-12,8.10185185185185e-07,0.154872797202937,5.88469729680499e-08,0.246487712253161
"root2",11,"T3",5.67934458262033e-12,7.54432038153204e-12,8.10185185185185e-07,0.154872797202937,3.6671027354006e-08,0.246487712253161
"root2",11,"T1",9.58896923750591e-12,7.54432038153204e-12,8.10185185185185e-07,0.154872797202937,6.19151291297531e-08,0.246487712253161
"root2",11,"T2",9.3893707099599e-12,7.54432038153204e-12,9.25925925925926e-07,0.154872797202937,6.06263390313573e-08,0.246487712253161
"root2",11,"T3",5.74149941531228e-12,7.54432038153204e-12,9.25925925925926e-07,0.154872797202937,3.70723556299492e-08,0.246487712253161
"root2",11,"T1",9.9118745500547e-12,7.54432038153204e-12,9.25925925925926e-07,0.154872797202937,6.4000100269815e-08,0.246487712253161
"root2",11,"T2",9.63987047671248e-12,7.54432038153204e-12,1.04166666666667e-06,0.154872797202937,6.22437939445293e-08,0.246487712253161
"root2",11,"T3",5.79594715445709e-12,7.54432038153204e-12,1.04166666666667e-06,0.154872797202937,3.7423919882214e-08,0.246487712253161
"root2",11,"T1",1.02086365264927e-11,7.54432038153204e-12,1.04166666666667e-06,0.154872797202937,6.59162661930607e-08,0.246487712253161
"root2",11,"T2",9.87026365259205e-12,7.54432038153204e-12,1.15740740740741e-06,0.154872797202937,6.37314223727656e-08,0.246487712253161
"root2",11,"T3",5.84452364578489e-12,7.54432038153204e-12,1.15740740740741e-06,0.154872797202937,3.7737574004856e-08,0.246487712253161
"root2",11,"T1",1.04843145801017e-11,7.54432038153204e-12,1.15740740740741e-06,0.154872797202937,6.76962950850797e-08,0.246487712253161
"root2",13,"T2",6.14378077608916e-12,1.33837273853219e-10,1.15740740740741e-07,0.127321110802101,4.82542190952027e-08,0.202637841441053
"root2",13,"T3",4.59114549466283e-12,1.33837273853219e-10,1.15740740740741e-07,0.127321110802101,3.60595777537551e-08,0.202637841441053
"root2",13,"T1",6.36085163337131e-12,1.33837273853219e-10,1.15740740740741e-07,0.127321110802101,4.99591276992405e-08,0.202637841441053
"root2",13,"T2",7.40545006369072e-12,1.33837273853219e-10,2.31481481481481e-07,0.127321110802101,5.81635678249873e-08,0.202637841441053
"root2",13,"T3",5.06591359441517e-12,1.33837273853219e-10,2.31481481481481e-07,0.127321110802101,3.97884809714649e-08,0.202637841441053
"root2",13,"T1",7.73600221999449e-12,1.33837273853219e-10,2.31481481481481e-07,0.127321110802101,6.07597763737609e-08,0.202637841441053
"root2",13,"T2",8.26969547797379e-12,1.33837273853219e-10,3.47222222222222e-07,0.127321110802101,6.4951487038372e-08,0.202637841441053
"root2",13,"T3",5.31749385855445e-12,1.33837273853219e-10,3.47222222222222e-07,0.127321110802101,4.17644318766554e-08,0.202637841441053
"root2",13,"T1",8.70116427294296e-12,1.33837273853219e-10,3.47222222222222e-07,0.127321110802101,6.83403107161659e-08,0.202637841441053
"root2",13,"T2",8.93306574419425e-12,1.33837273853219e-10,4.62962962962963e-07,0.127321110802101,7.01617012914628e-08,0.202637841441053
"root2",13,"T3",5.47857149270057e-12,1.33837273853219e-10,4.62962962962963e-07,0.127321110802101,4.3029560912456e-08,0.202637841441053
"root2",13,"T1",9.45890187453914e-12,1.33837273853219e-10,4.62962962962963e-07,0.127321110802101,7.42917008416726e-08,0.202637841441053
"root2",13,"T2",9.47378761018843e-12,1.33837273853219e-10,5.78703703703704e-07,0.127321110802101,7.44086157472646e-08,0.202637841441053
"root2",13,"T3",5.59331763549717e-12,1.33837273853219e-10,5.78703703703704e-07,0.127321110802101,4.39307951388441e-08,0.202637841441053
"root2",13,"T1",1.00893683231414e-11,1.33837273853219e-10,5.78703703703704e-07,0.127321110802101,7.92434833436507e-08,0.202637841441053
"root2",13,"T2",9.93160704292175e-12,1.33837273853219e-10,6.94444444444444e-07,0.127321110802101,7.80044014724215e-08,0.202637841441053
"root2",13,"T3",5.68091566711513e-12,1.33837273853219e-10,6.94444444444444e-07,0.127321110802101,4.46188038364286e-08,0.202637841441053
"root2",13,"T1",1.06332355209786e-11,1.33837273853219e-10,6.94444444444444e-07,0.127321110802101,8.35151017297216e-08,0.202637841441053
"root2",13,"T2",1.03296411359274e-11,1.33837273853219e-10,8.10185185185185e-07,0.127321110802101,8.11306237500794e-08,0.202637841441053
"root2",13,"T3",5.75110355367822e-12,1.33837273853219e-10,8.10185185185185e-07,0.127321110802101,4.51700705204915e-08,0.202637841441053
"root2",13,"T1",1.11141918239277e-11,1.33837273853219e-10,8.10185185185185e-07,0.127321110802101,8.72926080671948e-08,0.202637841441053
"root2",13,"T2",1.06825510614486e-11,1.33837273853219e-10,9.25925925925926e-07,0.127321110802101,8.39024337295704e-08,0.202637841441053
"root2",13,"T3",5.80937334686286e-12,1.33837273853219e-10,9.25925925925926e-07,0.127321110802101,4.56277306274255e-08,0.202637841441053
"root2",13,"T1",1.15473034699595e-11,1.33837273853219e-10,9.25925925925926e-07,0.127321110802101,9.06943349552437e-08,0.202637841441053
"root2",13,"T2",1.10002167935808e-11,1.33837273853219e-10,1.04166666666667e-06,0.127321110802101,8.63974302790899e-08,0.202637841441053
"root2",13,"T3",5.85906943041146e-12,1.33837273853219e-10,1.04166666666667e-06,0.127321110802101,4.60180514723782e-08,0.202637841441053
"root2",13,"T1",1.1942760120664e-11,1.33837273853219e-10,1.04166666666667e-06,0.127321110802101,9.38003135962815e-08,0.202637841441053
"root2",13,"T2",1.12896047922772e-11,1.33837273853219e-10,1.15740740740741e-06,0.127321110802101,8.8670329069191e-08,0.202637841441053
"root2",13,"T3",5.90235162172883e-12,1.33837273853219e-10,1.15740740740741e-06,0.127321110802101,4.63579966004462e-08,0.202637841441053
"root2",13,"T1",1.23077753576881e-11,1.33837273853219e-10,1.15740740740741e-06,0.127321110802101,9.66672005934545e-08,0.202637841441053
"root2",14,"T2",6.81992523784686e-12,4.32798020405852e-10,1.15740740740741e-07,0.148415769600619,4.59514865313774e-08,0.236211033647264
"root2",14,"T3",5.00491753837858e-12,4.32798020405852e-10,1.15740740740741e-07,0.148415769600619,3.37222759538735e-08,0.236211033647264
"root2",14,"T1",7.01824101553073e-12,4.32798020405852e-10,1.15740740740741e-07,0.148415769600619,4.72877042272296e-08,0.236211033647264
"root2",14,"T2",8.25115059450376e-12,4.32798020405852e-10,2.31481481481481e-07,0.148415769600619,5.55948375075457e-08,0.236211033647264
"root2",14,"T3",5.49378088465867e-12,4.32798020405852e-10,2.31481481481481e-07,0.148415769600619,3.70161533335859e-08,0.236211033647264
"root2",14,"T1",8.55871093909953e-12,4.32798020405852e-10,2.31481481481481e-07,0.148415769600619,5.76671263581403e-08,0.236211033647264
"root2",14,"T2",9.26888990376862e-12,4.32798020405852e-10,3.47222222222222e-07,0.148415769600619,6.24521904155524e-08,0.236211033647264
"root2",14,"T3",5.75393433414937e-12,4.32798020405852e-10,3.47222222222222e-07,0.148415769600619,3.87690226559683e-08,0.236211033647264
"root2",14,"T1",9.68242372646416e-12,4.32798020405852e-10,3.47222222222222e-07,0.148415769600619,6.52385103855148e-08,0.236211033647264
"root2",14,"T2",1.00766224718658e-11,4.32798020405852e-10,4.62962962962963e-07,0.148415769600619,6.78945539209314e-08,0.236211033647264
"root2",14,"T3",5.92274301109385e-12,4.32798020405852e-10,4.62962962962963e-07,0.148415769600619,3.99064265679565e-08,0.236211033647264
"root2",14,"T1",1.05961687566077e-11,4.32798020405852e-10,4.62962962962963e-07,0.148415769600619,7.13951676774076e-08,0.236211033647264
"root2",14,"T2",1.07538561960738e-11,4.32798020405852e-10,5.78703703703704e-07,0.148415769600619,7.24576385987281e-08,0.236211033647264
"root2",14,"T3",6.04479471415324e-12,4.32798020405852e-10,5.78703703703704e-07,0.148415769600619,4.07287900094413e-08,0.236211033647264
"root2",14,"T1",1.13797586532218e-11,4.32798020405852e-10,5.78703703703704e-07,0.148415769600619,7.66748620031705e-08,0.236211033647264
"root2",14,"T2",1.13408598402107e-11,4.32798020405852e-10,6.94444444444444e-07,0.148415769600619,7.64127684728413e-08,0.236211033647264
"root2",14,"T3",6.13923351560864e-12,4.32798020405852e-10,6.94444444444444e-07,0.148415769600619,4.13651024559524e-08,0.236211033647264
"root2",14,"T1",1.2073260194042e-11,4.32798020405852e-10,6.94444444444444e-07,0.148415769600619,8.13475564391216e-08,0.236211033647264
"root2",14,"T2",1.18611670507636e-11,4.32798020405852e-10,8.10185185185185e-07,0.148415769600619,7.99185092169219e-08,0.236211033647264
"root2",14,"T3",6.21574386488879e-12,4.32798020405852e-10,8.10185185185185e-07,0.148415769600619,4.18806160667098e-08,0.236211033647264
"root2",14,"T1",1.26999360256231e-11,4.32798020405852e-10,8.10185185185185e-07,0.148415769600619,8.55699907078481e-08,0.236211033647264
"root2",14,"T2",1.23298470874602e-11,4.32798020405852e-10,9.25925925925926e-07,0.148415769600619,8.30763949184058e-08,0.236211033647264
"root2",14,"T3",6.27979791312072e-12,4.32798020405852e-10,9.25925925925926e-07,0.148415769600619,4.231220125745e-08,0.236211033647264
"root2",14,"T1",1.32746094601879e-11,4.32798020405852e-10,9.25925925925926e-07,0.148415769600619,8.94420417446834e-08,0.236211033647264
"root2",14,"T2",1.27571852341346e-11,4.32798020405852e-10,1.04166666666667e-06,0.148415769600619,8.59557260556861e-08,0.236211033647264
"root2",14,"T3",6.33474700905678e-12,4.32798020405852e-10,1.04166666666667e-06,0.148415769600619,4.26824388412588e-08,0.236211033647264
"root2",14,"T1",1.38073624268691e-11,4.32798020405852e-10,1.04166666666667e-06,0.148415769600619,9.30316398589193e-08,0.236211033647264
"root2",14,"T2",1.31505426848054e-11,4.32798020405852e-10,1.15740740740741e-06,0.148415769600619,8.86061010915011e-08,0.236211033647264
"root2",14,"T3",6.38277398645202e-12,4.32798020405852e-10,1.15740740740741e-06,0.148415769600619,4.30060363775885e-08,0.236211033647264
"root2",14,"T1",1.43053937754257e-11,4.32798020405852e-10,1.15740740740741e-06,0.148415769600619,9.63872896655185e-08,0.236211033647264
"root2",16,"T2",6.81530722011915e-12,6.57236837873821e-10,1.15740740740741e-07,0.146548109239322,4.65055963908025e-08,0.233238559862092
"root2",16,"T3",5.04241472227001e-12,6.57236837873821e-10,1.15740740740741e-07,0.146548109239322,3.44079138819556e-08,0.233238559862092
"root2",16,"T1",7.01973745296037e-12,6.57236837873821e-10,1.15740740740741e-07,0.146548109239322,4.79005665060933e-08,0.233238559862092
"root2",16,"T2",8.2573830178379e-12,6.57236837873821e-10,2.31481481481481e-07,0.146548109239322,5.63458857347186e-08,0.233238559862092
"root2",16,"T3",5.56559190101216e-12,6.57236837873821e-10,2.31481481481481e-07,0.146548109239322,3.7977916807669e-08,0.233238559862092
"root2",16,"T1",8.57291396936361e-12,6.57236837873821e-10,2.31481481481481e-07,0.146548109239322,5.84989735716311e-08,0.233238559862092
"root2",16,"T2",9.27530364896535e-12,6.57236837873821e-10,3.47222222222222e-07,0.146548109239322,6.32918684322171e-08,0.233238559862092
"root2",16,"T3",5.84773035858042e-12,6.57236837873821e-10,3.47222222222222e-07,0.146548109239322,3.99031443594453e-08,0.233238559862092
"root2",16,"T1",9.6961477550944e-12,6.57236837873821e-10,3.47222222222222e-07,0.146548109239322,6.61635814028825e-08,0.233238559862092
"root2",16,"T2",1.00799641289618e-11,6.57236837873821e-10,4.62962962962963e-07,0.146548109239322,6.8782628321056e-08,0.233238559862092
"root2",16,"T3",6.03231756292178e-12,6.57236837873821e-10,4.62962962962963e-07,0.146548109239322,4.11627116462529e-08,0.233238559862092
"root2",16,"T1",1.06047904664644e-11,6.57236837873821e-10,4.62962962962963e-07,0.146548109239322,7.23638846076553e-08,0.233238559862092
"root2",16,"T2",1.07533237185798e-11,6.57236837873821e-10,5.78703703703704e-07,0.146548109239322,7.3377430622588e-08,0.233238559862092
"root2",16,"T3",6.16649569872094e-12,6.57236837873821e-10,5.78703703703704e-07,0.146548109239322,4.20783026865988e-08,0.233238559862092
"root2",16,"T1",1.13816512116037e-11,6.57236837873821e-10,5.78703703703704e-07,0.146548109239322,7.76649475089222e-08,0.233238559862092
"root2",16,"T2",1.13365429615405e-11,6.57236837873821e-10,6.94444444444444e-07,0.146548109239322,7.73571424454697e-08,0.233238559862092
"root2",16,"T3",6.27068933844838e-12,6.57236837873821e-10,6.94444444444444e-07,0.146548109239322,4.2789288589237e-08,0.233238559862092
"root2",16,"T1",1.2067998616313e-11,6.57236837873821e-10,6.94444444444444e-07,0.146548109239322,8.23483747347792e-08,0.233238559862092
"root2",16,"T2",1.18534777636783e-11,6.57236837873821e-10,8.10185185185185e-07,0.146548109239322,8.08845492801336e-08,0.233238559862092
"root2",16,"T3",6.3553043293758e-12,6.57236837873821e-10,8.10185185185185e-07,0.146548109239322,4.33666757105491e-08,0.233238559862092
"root2",16,"T1",1.26876121402816e-11,6.57236837873821e-10,8.10185185185185e-07,0.146548109239322,8.65764301302721e-08,0.233238559862092
"root2",16,"T2",1.2319294231552e-11,6.57236837873821e-10,9.25925925925926e-07,0.146548109239322,8.40631400534402e-08,0.233238559862092
"root2",16,"T3",6.4262549923846e-12,6.57236837873821e-10,9.25925925925926e-07,0.146548109239322,4.38508215884937e-08,0.233238559862092
"root2",16,"T1",1.32555409653814e-11,6.57236837873821e-10,9.25925925925926e-07,0.146548109239322,9.04518047635424e-08,0.233238559862092
"root2",16,"T2",1.27442823995666e-11,6.57236837873821e-10,1.04166666666667e-06,0.146548109239322,8.69631308497772e-08,0.233238559862092
"root2",16,"T3",6.48718157367577e-12,6.57236837873821e-10,1.04166666666667e-06,0.146548109239322,4.42665661628006e-08,0.233238559862092
"root2",16,"T1",1.37819602438687e-11,6.57236837873821e-10,1.04166666666667e-06,0.146548109239322,9.4043930797919e-08,0.233238559862092
"root2",16,"T2",1.3135771502559e-11,6.57236837873821e-10,1.15740740740741e-06,0.146548109239322,8.96345341522457e-08,0.233238559862092
"root2",16,"T3",6.54046530678296e-12,6.57236837873821e-10,1.15740740740741e-06,0.146548109239322,4.4630158251322e-08,0.233238559862092
"root2",16,"T1",1.42740988114583e-11,6.57236837873821e-10,1.15740740740741e-06,0.146548109239322,9.74021356232429e-08,0.233238559862092
"root2",18,"T2",6.84140999882263e-12,5.67226976487312e-10,1.15740740740741e-07,0.13327576614158,5.13327381030017e-08,0.212114969757919
"root2",18,"T3",5.04518004013758e-12,5.67226976487312e-10,1.15740740740741e-07,0.13327576614158,3.78551944303066e-08,0.212114969757919
"root2",18,"T1",7.09495773672149e-12,5.67226976487312e-10,1.15740740740741e-07,0.13327576614158,5.32351675186354e-08,0.212114969757919
"root2",18,"T2",8.35907559693693e-12,5.67226976487312e-10,2.31481481481481e-07,0.13327576614158,6.27201466473433e-08,0.212114969757919
"root2",18,"T3",5.59124491536291e-12,5.67226976487312e-10,2.31481481481481e-07,0.13327576614158,4.19524500007247e-08,0.212114969757919
"root2",18,"T1",8.76031133471463e-12,5.67226976487312e-10,2.31481481481481e-07,0.13327576614158,6.57307145052047e-08,0.212114969757919
"root2",18,"T2",9.41554370671519e-12,5.67226976487312e-10,3.47222222222222e-07,0.13327576614158,7.06470799553535e-08,0.212114969757919
"root2",18,"T3",5.87776786540181e-12,5.67226976487312e-10,3.47222222222222e-07,0.13327576614158,4.41023003323635e-08,0.212114969757919
"root2",18,"T1",9.9529818820295e-12,5.67226976487312e-10,3.47222222222222e-07,0.13327576614158,7.46796073297854e-08,0.212114969757919
"root2",18,"T2",1.02337589884926e-11,5.67226976487312e-10,4.62962962962963e-07,0.13327576614158,7.67863452206398e-08,0.212114969757919
"root2",18,"T3",6.05924534151286e-12,5.67226976487312e-10,4.62962962962963e-07,0.13327576614158,4.54639693091396e-08,0.212114969757919
"root2",18,"T1",1.09012640334485e-11,5.67226976487312e-10,4.62962962962963e-07,0.13327576614158,8.17947954759304e-08,0.212114969757919
"root2",18,"T2",1.09037740779815e-11,5.67226976487312e-10,5.78703703703704e-07,0.13327576614158,8.18136289413507e-08,0.212114969757919
"root2",18,"T3",6.18707469136452e-12,5.67226976487312e-10,5.78703703703704e-07,0.13327576614158,4.64231035430097e-08,0.212114969757919
"root2",18,"T1",1.16966560252504e-11,5.67226976487312e-10,5.78703703703704e-07,0.13327576614158,8.77628121291381e-08,0.212114969757919
"root2",18,"T2",1.14720584512387e-11,5.67226976487312e-10,6.94444444444444e-07,0.13327576614158,8.6077602728255e-08,0.212114969757919
"root2",18,"T3",6.2835443568492e-12,5.67226976487312e-10,6.94444444444444e-07,0.13327576614158,4.71469385527609e-08,0.212114969757919
"root2",18,"T1",1.2386251685031e-11,5.67226976487312e-10,6.94444444444444e-07,0.13327576614158,9.29370135593363e-08,0.212114969757919
"root2",18,"T2",1.19660399378334e-11,5.67226976487312e-10,8.10185185185185e-07,0.13327576614158,8.97840641570331e-08,0.212114969757919
"root2",18,"T3",6.35995146904516e-12,5.67226976487312e-10,8.10185185185185e-07,0.13327576614158,4.77202394191374e-08,0.212114969757919
"root2",18,"T1",1.29978687397313e-11,5.67226976487312e-10,8.10185185185185e-07,0.13327576614158,9.75261228355917e-08,0.212114969757919
"root2",18,"T2",1.24033467595504e-11,5.67226976487312e-10,9.25925925925926e-07,0.13327576614158,9.3065281998636e-08,0.212114969757919
"root2",18,"T3",6.42265860687769e-12,5.67226976487312e-10,9.25925925925926e-07,0.13327576614158,4.8190746095992e-08,0.212114969757919
"root2",18,"T1",1.35494344872505e-11,5.67226976487312e-10,9.25925925925926e-07,0.13327576614158,1.01664652768582e-07,0.212114969757919
"root2",18,"T2",1.27959998184072e-11,5.67226976487312e-10,1.04166666666667e-06,0.13327576614158,9.60114519605453e-08,0.212114969757919
"root2",18,"T3",6.47553542306454e-12,5.67226976487312e-10,1.04166666666667e-06,0.13327576614158,4.85874935146538e-08,0.212114969757919
"root2",18,"T1",1.4053220335081e-11,5.67226976487312e-10,1.04166666666667e-06,0.13327576614158,1.0544467866838e-07,0.212114969757919
"root2",18,"T2",1.31525643616214e-11,5.67226976487312e-10,1.15740740740741e-06,0.13327576614158,9.86868411444684e-08,0.212114969757919
"root2",18,"T3",6.52107812602343e-12,5.67226976487312e-10,1.15740740740741e-06,0.13327576614158,4.89292113248558e-08,0.212114969757919
"root2",18,"T1",1.45180086819842e-11,5.67226976487312e-10,1.15740740740741e-06,0.13327576614158,1.08932096976742e-07,0.212114969757919
"root2",19,"T2",7.16398752552018e-12,5.49097106797801e-10,1.15740740740741e-07,0.153918271059394,4.65441008153979e-08,0.244968536712608
"root2",19,"T3",5.38561256259948e-12,5.49097106797801e-10,1.15740740740741e-07,0.153918271059394,3.49900796411706e-08,0.244968536712608
"root2",19,"T1",7.3867392954653e-12,5.49097106797801e-10,1.15740740740741e-07,0.153918271059394,4.79913089240387e-08,0.244968536712608
"root2",19,"T2",8.57907737092314e-12,5.49097106797801e-10,2.31481481481481e-07,0.153918271059394,5.57378751195344e-08,0.244968536712608
"root2",19,"T3",5.9195257681839e-12,5.49097106797801e-10,2.31481481481481e-07,0.153918271059394,3.84588894316495e-08,0.244968536712608
"root2",19,"T1",8.91647409660097e-12,5.49097106797801e-10,2.31481481481481e-07,0.153918271059394,5.79299262864009e-08,0.244968536712608
"root2",19,"T2",9.55275879192401e-12,5.49097106797801e-10,3.47222222222222e-07,0.153918271059394,6.20638389852871e-08,0.244968536712608
"root2",19,"T3",6.20507080449455e-12,5.49097106797801e-10,3.47222222222222e-07,0.153918271059394,4.03140625332267e-08,0.244968536712608
"root2",19,"T1",9.99525301971331e-12,5.49097106797801e-10,3.47222222222222e-07,0.153918271059394,6.49387038388466e-08,0.244968536712608
"root2",19,"T2",1.03077332610405e-11,5.49097106797801e-10,4.62962962962963e-07,0.153918271059394,6.69688737412009e-08,0.244968536712608
"root2",19,"T3",6.39059268577336e-12,5.49097106797801e-10,4.62962962962963e-07,0.153918271059394,4.15193897500795e-08,0.244968536712608
"root2",19,"T1",1.08512347783798e-11,5.49097106797801e-10,4.62962962962963e-07,0.153918271059394,7.04999783566469e-08,0.244968536712608
"root2",19,"T2",1.09306042077773e-11,5.49097106797801e-10,5.78703703703704e-07,0.153918271059394,7.10156379261786e-08,0.244968536712608
"root2",19,"T3",6.52487202126516e-12,5.49097106797801e-10,5.78703703703704e-07,0.153918271059394,4.23917964797522e-08,0.244968536712608
"root2",19,"T1",1.1572489981279e-11,5.49097106797801e-10,5.78703703703704e-07,0.153918271059394,7.51859405750044e-08,0.244968536712608
"root2",19,"T2",1.14646009096681e-11,5.49097106797801e-10,6.94444444444444e-07,0.153918271059394,7.44849901883584e-08,0.244968536712608
"root2",19,"T3",6.62897517275473e-12,5.49097106797801e-10,6.94444444444444e-07,0.153918271059394,4.30681499157221e-08,0.244968536712608
"root2",19,"T1",1.22028157304872e-11,5.49097106797801e-10,6.94444444444444e-07,0.153918271059394,7.92811382722614e-08,0.244968536712608
"root2",19,"T2",1.19345285615233e-11,5.49097106797801e-10,8.10185185185185e-07,0.153918271059394,7.75380887491781e-08,0.244968536712608
"root2",19,"T3",6.71357562164885e-12,5.49097106797801e-10,8.10185185185185e-07,0.153918271059394,4.36177951807828e-08,0.244968536712608
"root2",19,"T1",1.27673008476364e-11,5.49097106797801e-10,8.10185185185185e-07,0.153918271059394,8.29485723804013e-08,0.244968536712608
"root2",19,"T2",1.23559622295731e-11,5.49097106797801e-10,9.25925925925926e-07,0.153918271059394,8.02761241048839e-08,0.244968536712608
"root2",19,"T3",6.78469703895281e-12,5.49097106797801e-10,9.25925925925926e-07,0.153918271059394,4.40798677912301e-08,0.244968536712608
"root2",19,"T1",1.32816906452442e-11,5.49097106797801e-10,9.25925925925926e-07,0.153918271059394,8.62905394780525e-08,0.244968536712608
"root2",19,"T2",1.27393242517483e-11,5.49097106797801e-10,1.04166666666667e-06,0.153918271059394,8.2766809710541e-08,0.244968536712608
"root2",19,"T3",6.8460171792413e-12,5.49097106797801e-10,1.04166666666667e-06,0.153918271059394,4.44782619511075e-08,0.244968536712608
"root2",19,"T1",1.3756523743766e-11,5.49097106797801e-10,1.04166666666667e-06,0.153918271059394,8.93755085025455e-08,0.244968536712608
"root2",19,"T2",1.30919305651307e-11,5.49097106797801e-10,1.15740740740741e-06,0.153918271059394,8.50576768763132e-08,0.244968536712608
"root2",19,"T3",6.89992112232263e-12,5.49097106797801e-10,1.15740740740741e-06,0.153918271059394,4.48284734153497e-08,0.244968536712608
"root2",19,"T1",1.41992029247595e-11,5.49097106797801e-10,1.15740740740741e-06,0.153918271059394,9.22515749886528e-08,0.244968536712608
"root2",23,"T2",7.14806621828025e-12,6.13904950648531e-10,1.15740740740741e-07,0.148520895298178,4.81283539526841e-08,0.236378346391389
"root2",23,"T3",5.3335476178484e-12,6.13904950648531e-10,1.15740740740741e-07,0.148520895298178,3.59110925579899e-08,0.236378346391389
"root2",23,"T1",7.38093262312307e-12,6.13904950648531e-10,1.15740740740741e-07,0.148520895298178,4.96962572727881e-08,0.236378346391389
"root2",23,"T2",8.60834070875298e-12,6.13904950648531e-10,2.31481481481481e-07,0.148520895298178,5.79604687372133e-08,0.236378346391389
"root2",23,"T3",5.87920069286164e-12,6.13904950648531e-10,2.31481481481481e-07,0.148520895298178,3.95850070864323e-08,0.236378346391389
"root2",23,"T1",8.96474958928017e-12,6.13904950648531e-10,2.31481481481481e-07,0.148520895298178,6.03601908760521e-08,0.236378346391389
"root2",23,"T2",9.6148503980075e-12,6.13904950648531e-10,3.47222222222222e-07,0.148520895298178,6.4737358192625e-08,0.236378346391389
"root2",23,"T3",6.17255535167579e-12,6.13904950648531e-10,3.47222222222222e-07,0.148520895298178,4.15601814093799e-08,0.236378346391389
"root2",23,"T1",1.00842241234161e-11,6.13904950648531e-10,3.47222222222222e-07,0.148520895298178,6.78976793344162e-08,0.236378346391389
"root2",23,"T2",1.03918937014649e-11,6.13904950648531e-10,4.62962962962963e-07,0.148520895298178,6.99692368578952e-08,0.236378346391389
"root2",23,"T3",6.36265580153983e-12,6.13904950648531e-10,4.62962962962963e-07,0.148520895298178,4.28401390172463e-08,0.236378346391389
"root2",23,"T1",1.09692071935465e-11,6.13904950648531e-10,4.62962962962963e-07,0.148520895298178,7.38563228529168e-08,0.236378346391389
"root2",23,"T2",1.10285626292219e-11,6.13904950648531e-10,5.78703703703704e-07,0.148520895298178,7.42559665229623e-08,0.236378346391389
"root2",23,"T3",6.49943751307857e-12,6.13904950648531e-10,5.78703703703704e-07,0.148520895298178,4.37610983964914e-08,0.236378346391389
"root2",23,"T1",1.17103044504431e-11,6.13904950648531e-10,5.78703703703704e-07,0.148520895298178,7.88461746539633e-08,0.236378346391389
"root2",23,"T2",1.15700162554217e-11,6.13904950648531e-10,6.94444444444444e-07,0.148520895298178,7.79016059133847e-08,0.236378346391389
"root2",23,"T3",6.60470508722724e-12,6.13904950648531e-10,6.94444444444444e-07,0.148520895298178,4.44698712189103e-08,0.236378346391389
"root2",23,"T1",1.23532827133029e-11,6.13904950648531e-10,6.94444444444444e-07,0.148520895298178,8.31753854466189e-08,0.236378346391389
"root2",23,"T2",1.20424878568704e-11,6.13904950648531e-10,8.10185185185185e-07,0.148520895298178,8.10827852383549e-08,0.236378346391389
"root2",23,"T3",6.6895852694191e-12,6.13904950648531e-10,8.10185185185185e-07,0.148520895298178,4.50413745216708e-08,0.236378346391389
"root2",23,"T1",1.29247027242823e-11,6.13904950648531e-10,8.10185185185185e-07,0.148520895298178,8.70227902837105e-08,0.236378346391389
"root2",23,"T2",1.24626170019156e-11,6.13904950648531e-10,9.25925925925926e-07,0.148520895298178,8.3911539698808e-08,0.236378346391389
"root2",23,"T3",6.76038731077568e-12,6.13904950648531e-10,9.25925925925926e-07,0.148520895298178,4.55180888669112e-08,0.236378346391389
"root2",23,"T1",1.34414214628195e-11,6.13904950648531e-10,9.25925925925926e-07,0.148520895298178,9.05018882079443e-08,0.236378346391389
"root2",23,"T2",1.28416318439674e-11,6.13904950648531e-10,1.04166666666667e-06,0.148520895298178,8.64634691178359e-08,0.236378346391389
"root2",23,"T3",6.82097509365558e-12,6.13904950648531e-10,1.04166666666667e-06,0.148520895298178,4.59260300038015e-08,0.236378346391389
"root2",23,"T1",1.39148316874147e-11,6.13904950648531e-10,1.04166666666667e-06,0.148520895298178,9.36893873382502e-08,0.236378346391389
"root2",23,"T2",1.3187467912294e-11,6.13904950648531e-10,1.15740740740741e-06,0.148520895298178,8.87920038848285e-08,0.236378346391389
"root2",23,"T3",6.87385888910804e-12,6.13904950648531e-10,1.15740740740741e-06,0.148520895298178,4.62820997362542e-08,0.236378346391389
"root2",23,"T1",1.43530035224863e-11,6.13904950648531e-10,1.15740740740741e-06,0.148520895298178,9.66396243011495e-08,0.236378346391389
"root2",3,"T2",5.13989696798255e-12,1.54732785844888e-11,1.15740740740741e-07,0.129330447015513,3.97423583277806e-08,0.205835799348034
"root2",3,"T3",3.76553747408461e-12,1.54732785844888e-11,1.15740740740741e-07,0.129330447015513,2.91156302400543e-08,0.205835799348034
"root2",3,"T1",5.29342474686966e-12,1.54732785844888e-11,1.15740740740741e-07,0.129330447015513,4.09294552754057e-08,0.205835799348034
"root2",3,"T2",6.2675215098032e-12,1.54732785844888e-11,2.31481481481481e-07,0.129330447015513,4.84612993648079e-08,0.205835799348034
"root2",3,"T3",4.15589069137431e-12,1.54732785844888e-11,2.31481481481481e-07,0.129330447015513,3.2133892577328e-08,0.205835799348034
"root2",3,"T1",6.50406738058962e-12,1.54732785844888e-11,2.31481481481481e-07,0.129330447015513,5.02903031009354e-08,0.205835799348034
"root2",3,"T2",7.06487307901212e-12,1.54732785844888e-11,3.47222222222222e-07,0.129330447015513,5.46265264061501e-08,0.205835799348034
"root2",3,"T3",4.36100155152107e-12,1.54732785844888e-11,3.47222222222222e-07,0.129330447015513,3.37198366831437e-08,0.205835799348034
"root2",3,"T1",7.37952898877061e-12,1.54732785844888e-11,3.47222222222222e-07,0.129330447015513,5.70594872210211e-08,0.205835799348034
"root2",3,"T2",7.69418151980898e-12,1.54732785844888e-11,4.62962962962963e-07,0.129330447015513,5.94924219111844e-08,0.205835799348034
"root2",3,"T3",4.49283215197193e-12,1.54732785844888e-11,4.62962962962963e-07,0.129330447015513,3.4739168197826e-08,0.205835799348034
"root2",3,"T1",8.08469662787291e-12,1.54732785844888e-11,4.62962962962963e-07,0.129330447015513,6.2511936009184e-08,0.205835799348034
"root2",3,"T2",8.21920548116481e-12,1.54732785844888e-11,5.78703703703704e-07,0.129330447015513,6.35519761265414e-08,0.205835799348034
"root2",3,"T3",4.58748524429764e-12,1.54732785844888e-11,5.78703703703704e-07,0.129330447015513,3.54710383375338e-08,0.205835799348034
"root2",3,"T1",8.68399525159359e-12,1.54732785844888e-11,5.78703703703704e-07,0.129330447015513,6.71457916676957e-08,0.205835799348034
"root2",3,"T2",8.67244833071723e-12,1.54732785844888e-11,6.94444444444444e-07,0.129330447015513,6.70565093591378e-08,0.205835799348034
"root2",3,"T3",4.66037623219706e-12,1.54732785844888e-11,6.94444444444444e-07,0.129330447015513,3.60346410280176e-08,0.205835799348034
"root2",3,"T1",9.21018130357014e-12,1.54732785844888e-11,6.94444444444444e-07,0.129330447015513,7.12143313203378e-08,0.205835799348034
"root2",3,"T2",9.07298837169502e-12,1.54732785844888e-11,8.10185185185185e-07,0.129330447015513,7.01535375549017e-08,0.205835799348034
"root2",3,"T3",4.71926133462222e-12,1.54732785844888e-11,8.10185185185185e-07,0.129330447015513,3.64899483727613e-08,0.205835799348034
"root2",3,"T1",9.68246628012741e-12,1.54732785844888e-11,8.10185185185185e-07,0.129330447015513,7.48661007795481e-08,0.205835799348034
"root2",3,"T2",9.4330608295479e-12,1.54732785844888e-11,9.25925925925926e-07,0.129330447015513,7.29376650837403e-08,0.205835799348034
"root2",3,"T3",4.76849768245982e-12,1.54732785844888e-11,9.25925925925926e-07,0.129330447015513,3.68706502799596e-08,0.205835799348034
"root2",3,"T1",1.01131736818273e-11,1.54732785844888e-11,9.25925925925926e-07,0.129330447015513,7.81963869699939e-08,0.205835799348034
"root2",3,"T2",9.76100774781129e-12,1.54732785844888e-11,1.04166666666667e-06,0.129330447015513,7.54733937217465e-08,0.205835799348034
"root2",3,"T3",4.81073679780258e-12,1.54732785844888e-11,1.04166666666667e-06,0.129330447015513,3.7197248666631e-08,0.205835799348034
"root2",3,"T1",1.05107124863234e-11,1.54732785844888e-11,1.04166666666667e-06,0.129330447015513,8.12702092111586e-08,0.205835799348034
"root2",3,"T2",1.00627802448979e-11,1.54732785844888e-11,1.15740740740741e-06,0.129330447015513,7.78067382979887e-08,0.205835799348034
"root2",3,"T3",4.84769397690987e-12,1.54732785844888e-11,1.15740740740741e-06,0.129330447015513,3.74830064287058e-08,0.205835799348034
"root2",3,"T1",1.08810882906798e-11,1.54732785844888e-11,1.15740740740741e-06,0.129330447015513,8.41340035681978e-08,0.205835799348034
"root2",30,"T2",1.1199894080017e-11,4.12601052500211e-09,1.15740740740741e-07,0.276560773662157,4.0497044941372e-08,0.440160141936511
"root2",30,"T3",9.49706715059674e-12,4.12601052500211e-09,1.15740740740741e-07,0.276560773662157,3.4339892186584e-08,0.440160141936511
"root2",30,"T1",1.14349727199298e-11,4.12601052500211e-09,1.15740740740741e-07,0.276560773662157,4.13470521090551e-08,0.440160141936511
"root2",30,"T2",1.26500178872663e-11,4.12601052500211e-09,2.31481481481481e-07,0.276560773662157,4.57404631891847e-08,0.440160141936511
"root2",30,"T3",1.02490638432055e-11,4.12601052500211e-09,2.31481481481481e-07,0.276560773662157,3.70589932458232e-08,0.440160141936511
"root2",30,"T1",1.29827371791831e-11,4.12601052500211e-09,2.31481481481481e-07,0.276560773662157,4.6943523505769e-08,0.440160141936511
"root2",30,"T2",1.36390342123832e-11,4.12601052500211e-09,3.47222222222222e-07,0.276560773662157,4.93165897382267e-08,0.440160141936511
"root2",30,"T3",1.07019395902428e-11,4.12601052500211e-09,3.47222222222222e-07,0.276560773662157,3.86965202929182e-08,0.440160141936511
"root2",30,"T1",1.40562441558872e-11,4.12601052500211e-09,3.47222222222222e-07,0.276560773662157,5.0825154882804e-08,0.440160141936511
"root2",30,"T2",1.4423999804146e-11,4.12601052500211e-09,4.62962962962963e-07,0.276560773662157,5.21549011204539e-08,0.440160141936511
"root2",30,"T3",1.10366955969782e-11,4.12601052500211e-09,4.62962962962963e-07,0.276560773662157,3.99069450480367e-08,0.440160141936511
"root2",30,"T1",1.49220347802192e-11,4.12601052500211e-09,4.62962962962963e-07,0.276560773662157,5.39557167946304e-08,0.440160141936511
"root2",30,"T2",1.50939749221076e-11,4.12601052500211e-09,5.78703703703704e-07,0.276560773662157,5.45774251432568e-08,0.440160141936511
"root2",30,"T3",1.13097812945049e-11,4.12601052500211e-09,5.78703703703704e-07,0.276560773662157,4.08943797225587e-08,0.440160141936511
"root2",30,"T1",1.56716258055342e-11,4.12601052500211e-09,5.78703703703704e-07,0.276560773662157,5.66661193415609e-08,0.440160141936511
"root2",30,"T2",1.56899079327963e-11,4.12601052500211e-09,6.94444444444444e-07,0.276560773662157,5.67322246211347e-08,0.440160141936511
"root2",30,"T3",1.15451471407736e-11,4.12601052500211e-09,6.94444444444444e-07,0.276560773662157,4.1745425382983e-08,0.440160141936511
"root2",30,"T1",1.63467857192381e-11,4.12601052500211e-09,6.94444444444444e-07,0.276560773662157,5.91073907654275e-08,0.440160141936511
"root2",30,"T2",1.62338497641154e-11,4.12601052500211e-09,8.10185185185185e-07,0.276560773662157,5.86990322204786e-08,0.440160141936511
"root2",30,"T3",1.17548999923988e-11,4.12601052500211e-09,8.10185185185185e-07,0.276560773662157,4.25038585072748e-08,0.440160141936511
"root2",30,"T1",1.6969880622453e-11,4.12601052500211e-09,8.10185185185185e-07,0.276560773662157,6.13604033491142e-08,0.440160141936511
"root2",30,"T2",1.67389687817093e-11,4.12601052500211e-09,9.25925925925926e-07,0.276560773662157,6.05254626679539e-08,0.440160141936511
"root2",30,"T3",1.19459203798558e-11,4.12601052500211e-09,9.25925925925926e-07,0.276560773662157,4.3194558004993e-08,0.440160141936511
"root2",30,"T1",1.75542076756316e-11,4.12601052500211e-09,9.25925925925926e-07,0.276560773662157,6.3473237520935e-08,0.440160141936511
"root2",30,"T2",1.72137322251974e-11,4.12601052500211e-09,1.04166666666667e-06,0.276560773662157,6.22421321623343e-08,0.440160141936511
"root2",30,"T3",1.21224674420595e-11,4.12601052500211e-09,1.04166666666667e-06,0.276560773662157,4.3832924248571e-08,0.440160141936511
"root2",30,"T1",1.81082852421195e-11,4.12601052500211e-09,1.04166666666667e-06,0.276560773662157,6.54766943349686e-08,0.440160141936511
"root2",30,"T2",1.76638979947694e-11,4.12601052500211e-09,1.15740740740741e-06,0.276560773662157,6.38698603596886e-08,0.440160141936511
"root2",30,"T3",1.22873569468159e-11,4.12601052500211e-09,1.15740740740741e-06,0.276560773662157,4.44291386088831e-08,0.440160141936511
"root2",30,"T1",1.86378871229259e-11,4.12601052500211e-09,1.15740740740741e-06,0.276560773662157,6.73916509421315e-08,0.440160141936511
"root2",6,"T2",4.94838067730209e-12,1.49510306310532e-11,1.15740740740741e-07,0.122777217359242,4.03037369940002e-08,0.195406010417914
"root2",6,"T3",3.56463080523318e-12,1.49510306310532e-11,1.15740740740741e-07,0.122777217359242,2.90333246012832e-08,0.195406010417914
"root2",6,"T1",5.08577144158675e-12,1.49510306310532e-11,1.15740740740741e-07,0.122777217359242,4.14227619013873e-08,0.195406010417914
"root2",6,"T2",6.04033940704763e-12,1.49510306310532e-11,2.31481481481481e-07,0.122777217359242,4.91975590990453e-08,0.195406010417914
"root2",6,"T3",3.94173732724372e-12,1.49510306310532e-11,2.31481481481481e-07,0.122777217359242,3.21047944563715e-08,0.195406010417914
"root2",6,"T1",6.25519399738939e-12,1.49510306310532e-11,2.31481481481481e-07,0.122777217359242,5.09475139763667e-08,0.195406010417914
"root2",6,"T2",6.81448605983914e-12,1.49510306310532e-11,3.47222222222222e-07,0.122777217359242,5.55028547348502e-08,0.195406010417914
"root2",6,"T3",4.14242988037873e-12,1.49510306310532e-11,3.47222222222222e-07,0.122777217359242,3.3739401897814e-08,0.195406010417914
"root2",6,"T1",7.10304421801566e-12,1.49510306310532e-11,3.47222222222222e-07,0.122777217359242,5.78531129047532e-08,0.195406010417914
"root2",6,"T2",7.42668679414054e-12,1.49510306310532e-11,4.62962962962963e-07,0.122777217359242,6.04891278192949e-08,0.195406010417914
"root2",6,"T3",4.27196348677447e-12,1.49510306310532e-11,4.62962962962963e-07,0.122777217359242,3.47944315619635e-08,0.195406010417914
"root2",6,"T1",7.78796830785446e-12,1.49510306310532e-11,4.62962962962963e-07,0.122777217359242,6.34317056157669e-08,0.195406010417914
"root2",6,"T2",7.93864321574932e-12,1.49510306310532e-11,5.78703703703704e-07,0.122777217359242,6.46589276618081e-08,0.195406010417914
"root2",6,"T3",4.36499655697174e-12,1.49510306310532e-11,5.78703703703704e-07,0.122777217359242,3.55521704340302e-08,0.195406010417914
"root2",6,"T1",8.37218513287757e-12,1.49510306310532e-11,5.78703703703704e-07,0.122777217359242,6.81900544168617e-08,0.195406010417914
"root2",6,"T2",8.38175891683501e-12,1.49510306310532e-11,6.94444444444444e-07,0.122777217359242,6.82680312937071e-08,0.195406010417914
"root2",6,"T3",4.43652223739697e-12,1.49510306310532e-11,6.94444444444444e-07,0.122777217359242,3.6134735196155e-08,0.195406010417914
"root2",6,"T1",8.88717473169549e-12,1.49510306310532e-11,6.94444444444444e-07,0.122777217359242,7.23845589828927e-08,0.195406010417914
"root2",6,"T2",8.77439427959111e-12,1.49510306310532e-11,8.10185185185185e-07,0.122777217359242,7.14659809720033e-08,0.195406010417914
"root2",6,"T3",4.49414991220923e-12,1.49510306310532e-11,8.10185185185185e-07,0.122777217359242,3.66041030157859e-08,0.195406010417914
"root2",6,"T1",9.3512727431427e-12,1.49510306310532e-11,8.10185185185185e-07,0.122777217359242,7.61645600403305e-08,0.195406010417914
"root2",6,"T2",9.12827778519047e-12,1.49510306310532e-11,9.25925925925926e-07,0.122777217359242,7.43483032237279e-08,0.195406010417914
"root2",6,"T3",4.54218049341357e-12,1.49510306310532e-11,9.25925925925926e-07,0.122777217359242,3.6995304105348e-08,0.195406010417914
"root2",6,"T1",9.77616324224371e-12,1.49510306310532e-11,9.25925925925926e-07,0.122777217359242,7.9625222435519e-08,0.195406010417914
"root2",6,"T2",9.45137998824899e-12,1.49510306310532e-11,1.04166666666667e-06,0.122777217359242,7.69799168895852e-08,0.195406010417914
"root2",6,"T3",4.58324314627285e-12,1.49510306310532e-11,1.04166666666667e-06,0.122777217359242,3.73297525783015e-08,0.195406010417914
"root2",6,"T1",1.01697742479107e-11,1.49510306310532e-11,1.04166666666667e-06,0.122777217359242,8.28311185629355e-08,0.195406010417914
"root2",6,"T2",9.74937314477541e-12,1.49510306310532e-11,1.15740740740741e-06,0.122777217359242,7.94070215506601e-08,0.195406010417914
"root2",6,"T3",4.6190444963358e-12,1.49510306310532e-11,1.15740740740741e-06,0.122777217359242,3.76213486156852e-08,0.195406010417914
"root2",6,"T1",1.05377425507624e-11,1.49510306310532e-11,1.15740740740741e-06,0.122777217359242,8.58281591439664e-08,0.195406010417914
"root2",8,"T2",6.21303099135258e-12,9.20474955999583e-11,1.15740740740741e-07,0.15440435615096,4.02387027557574e-08,0.245742165163468
"root2",8,"T3",4.71384470147187e-12,9.20474955999583e-11,1.15740740740741e-07,0.15440435615096,3.05292209299016e-08,0.245742165163468
"root2",8,"T1",6.3917497361177e-12,9.20474955999583e-11,1.15740740740741e-07,0.15440435615096,4.13961749231255e-08,0.245742165163468
"root2",8,"T2",7.41966423354747e-12,9.20474955999583e-11,2.31481481481481e-07,0.15440435615096,4.80534644132275e-08,0.245742165163468
"root2",8,"T3",5.18570919351633e-12,9.20474955999583e-11,2.31481481481481e-07,0.15440435615096,3.3585251885292e-08,0.245742165163468
"root2",8,"T1",7.68407840847045e-12,9.20474955999583e-11,2.31481481481481e-07,0.15440435615096,4.97659431380147e-08,0.245742165163468
"root2",8,"T2",8.24537990724404e-12,9.20474955999583e-11,3.47222222222222e-07,0.15440435615096,5.34012129760289e-08,0.245742165163468
"root2",8,"T3",5.43773403431807e-12,9.20474955999583e-11,3.47222222222222e-07,0.15440435615096,3.52174910726071e-08,0.245742165163468
"root2",8,"T1",8.58771147992649e-12,9.20474955999583e-11,3.47222222222222e-07,0.15440435615096,5.56183238219675e-08,0.245742165163468
"root2",8,"T2",8.88498574301897e-12,9.20474955999583e-11,4.62962962962963e-07,0.15440435615096,5.75436209476641e-08,0.245742165163468
"root2",8,"T3",5.60277456654655e-12,9.20474955999583e-11,4.62962962962963e-07,0.15440435615096,3.62863762798814e-08,0.245742165163468
"root2",8,"T1",9.30140085614159e-12,9.20474955999583e-11,4.62962962962963e-07,0.15440435615096,6.02405339331727e-08,0.245742165163468
"root2",8,"T2",9.41268662151127e-12,9.20474955999583e-11,5.78703703703704e-07,0.15440435615096,6.09612763276481e-08,0.245742165163468
"root2",8,"T3",5.72355787612126e-12,9.20474955999583e-11,5.78703703703704e-07,0.15440435615096,3.70686295309271e-08,0.245742165163468
"root2",8,"T1",9.90056811803445e-12,9.20474955999583e-11,5.78703703703704e-07,0.15440435615096,6.41210414319836e-08,0.245742165163468
"root2",8,"T2",9.86521890987396e-12,9.20474955999583e-11,6.94444444444444e-07,0.15440435615096,6.38921022424316e-08,0.245742165163468
"root2",8,"T3",5.81831172897056e-12,9.20474955999583e-11,6.94444444444444e-07,0.15440435615096,3.76823029739008e-08,0.245742165163468
"root2",8,"T1",1.04225111514761e-11,9.20474955999583e-11,6.94444444444444e-07,0.15440435615096,6.75014061215094e-08,0.245742165163468
"root2",8,"T2",1.02636004708231e-11,9.20474955999583e-11,8.10185185185185e-07,0.15440435615096,6.64722209054029e-08,0.245742165163468
"root2",8,"T3",5.89621058575199e-12,9.20474955999583e-11,8.10185185185185e-07,0.15440435615096,3.81868150143854e-08,0.245742165163468
"root2",8,"T1",1.08885756238437e-11,9.20474955999583e-11,8.10185185185185e-07,0.15440435615096,7.05198732424231e-08,0.245742165163468
"root2",8,"T2",1.06210206281749e-11,9.20474955999583e-11,9.25925925925926e-07,0.15440435615096,6.87870529882645e-08,0.245742165163468
"root2",8,"T3",5.96241553073919e-12,9.20474955999583e-11,9.25925925925926e-07,0.15440435615096,3.86155914209427e-08,0.245742165163468
"root2",8,"T1",1.13121707939432e-11,9.20474955999583e-11,9.25925925925926e-07,0.15440435615096,7.32632878756565e-08,0.245742165163468
"root2",8,"T2",1.09463093054616e-11,9.20474955999583e-11,1.04166666666667e-06,0.15440435615096,7.08937855014883e-08,0.245742165163468
"root2",8,"T3",6.02007459872774e-12,9.20474955999583e-11,1.04166666666667e-06,0.15440435615096,3.89890204447468e-08,0.245742165163468
"root2",8,"T1",1.1702287132867e-11,9.20474955999583e-11,1.04166666666667e-06,0.15440435615096,7.57898768181498e-08,0.245742165163468
"root2",8,"T2",1.12456700931668e-11,9.20474955999583e-11,1.15740740740741e-06,0.15440435615096,7.28325960063718e-08,0.245742165163468
"root2",8,"T3",6.07123055788765e-12,9.20474955999583e-11,1.15740740740741e-06,0.15440435615096,3.93203320763299e-08,0.245742165163468
"root2",8,"T1",1.20652519416374e-11,9.20474955999583e-11,1.15740740740741e-06,0.15440435615096,7.81406188426529e-08,0.245742165163468
"root2",9,"T2",5.49312396235115e-12,7.4685746784862e-11,1.15740740740741e-07,0.122716606805294,4.47626780543787e-08,0.195309545725271
"root2",9,"T3",4.04160105849081e-12,7.4685746784862e-11,1.15740740740741e-07,0.122716606805294,3.29344264293694e-08,0.195309545725271
"root2",9,"T1",5.66573122729669e-12,7.4685746784862e-11,1.15740740740741e-07,0.122716606805294,4.61692298605201e-08,0.195309545725271
"root2",9,"T2",6.66253261479759e-12,7.4685746784862e-11,2.31481481481481e-07,0.122716606805294,5.42920211717439e-08,0.195309545725271
"root2",9,"T3",4.46188566324009e-12,7.4685746784862e-11,2.31481481481481e-07,0.122716606805294,3.63592652974789e-08,0.195309545725271
"root2",9,"T1",6.92747776530621e-12,7.4685746784862e-11,2.31481481481481e-07,0.122716606805294,5.64510211425383e-08,0.195309545725271
"root2",9,"T2",7.48040142924727e-12,7.4685746784862e-11,3.47222222222222e-07,0.122716606805294,6.09567166497352e-08,0.195309545725271
"root2",9,"T3",4.6887047190671e-12,7.4685746784862e-11,3.47222222222222e-07,0.122716606805294,3.82075811997177e-08,0.195309545725271
"root2",9,"T1",7.83001419422823e-12,7.4685746784862e-11,3.47222222222222e-07,0.122716606805294,6.3805660847937e-08,0.195309545725271
"root2",9,"T2",8.1179544751596e-12,7.4685746784862e-11,4.62962962962963e-07,0.122716606805294,6.61520448331806e-08,0.195309545725271
"root2",9,"T3",4.8358553478907e-12,7.4685746784862e-11,4.62962962962963e-07,0.122716606805294,3.9406690535075e-08,0.195309545725271
"root2",9,"T1",8.54879401459975e-12,7.4685746784862e-11,4.62962962962963e-07,0.122716606805294,6.96628943478167e-08,0.195309545725271
"root2",9,"T2",8.64384982317071e-12,7.4685746784862e-11,5.78703703703704e-07,0.122716606805294,7.04374904766175e-08,0.195309545725271
"root2",9,"T3",4.94166673545481e-12,7.4685746784862e-11,5.78703703703704e-07,0.122716606805294,4.02689323319981e-08,0.195309545725271
"root2",9,"T1",9.15358716697374e-12,7.4685746784862e-11,5.78703703703704e-07,0.122716606805294,7.45912668649412e-08,0.195309545725271
"root2",9,"T2",9.09320962398093e-12,7.4685746784862e-11,6.94444444444444e-07,0.122716606805294,7.40992589406297e-08,0.195309545725271
"root2",9,"T3",5.02295271980179e-12,7.4685746784862e-11,6.94444444444444e-07,0.122716606805294,4.09313201413022e-08,0.195309545725271
"root2",9,"T1",9.67992852190646e-12,7.4685746784862e-11,6.94444444444444e-07,0.122716606805294,7.88803469547111e-08,0.195309545725271
"root2",9,"T2",9.48661447641807e-12,7.4685746784862e-11,8.10185185185185e-07,0.122716606805294,7.73050585685589e-08,0.195309545725271
"root2",9,"T3",5.0883264988633e-12,7.4685746784862e-11,8.10185185185185e-07,0.122716606805294,4.1464041675603e-08,0.195309545725271
"root2",9,"T1",1.01486006034421e-11,7.4685746784862e-11,8.10185185185185e-07,0.122716606805294,8.26994884200485e-08,0.195309545725271
"root2",9,"T2",9.83722576862898e-12,7.4685746784862e-11,9.25925925925926e-07,0.122716606805294,8.01621396217142e-08,0.195309545725271
"root2",9,"T3",5.14268852494524e-12,7.4685746784862e-11,9.25925925925926e-07,0.122716606805294,4.19070300167669e-08,0.195309545725271
"root2",9,"T1",1.05728886885966e-11,7.4685746784862e-11,9.25925925925926e-07,0.122716606805294,8.61569510748602e-08,0.195309545725271
"root2",9,"T2",1.01539932369832e-11,7.4685746784862e-11,1.04166666666667e-06,0.122716606805294,8.27434322160966e-08,0.195309545725271
"root2",9,"T3",5.18904895958915e-12,7.4685746784862e-11,1.04166666666667e-06,0.122716606805294,4.22848145387711e-08,0.195309545725271
"root2",9,"T1",1.09618322664969e-11,7.4685746784862e-11,1.04166666666667e-06,0.122716606805294,8.9326396417473e-08,0.195309545725271
"root2",9,"T2",1.04432879711527e-11,7.4685746784862e-11,1.15740740740741e-06,0.122716606805294,8.51008534462038e-08,0.195309545725271
"root2",9,"T3",5.22936875416812e-12,7.4685746784862e-11,1.15740740740741e-06,0.122716606805294,4.26133747526543e-08,0.195309545725271
"root2",9,"T1",1.13218748584901e-11,7.4685746784862e-11,1.15740740740741e-06,0.122716606805294,9.22603317777013e-08,0.195309545725271
"root20",0,"T2",4.45125540995243e-12,1.43436808988646e-11,1.15740740740741e-07,0.0991827215371043,4.48793433066587e-08,0.157854204019371
"root20",0,"T3",3.20059964413929e-12,1.43436808988646e-11,1.15740740740741e-07,0.0991827215371043,3.2269729994674e-08,0.157854204019371
"root20",0,"T1",4.61453529145054e-12,1.43436808988646e-11,1.15740740740741e-07,0.0991827215371043,4.65255965952118e-08,0.157854204019371
"root20",0,"T2",5.51817244309432e-12,1.43436808988646e-11,2.31481481481481e-07,0.0991827215371043,5.56364289825418e-08,0.157854204019371
"root20",0,"T3",3.57216848112906e-12,1.43436808988646e-11,2.31481481481481e-07,0.0991827215371043,3.60160361176691e-08,0.157854204019371
"root20",0,"T1",5.78266444079616e-12,1.43436808988646e-11,2.31481481481481e-07,0.0991827215371043,5.83031434425084e-08,0.157854204019371
"root20",0,"T2",6.27320690615167e-12,1.43436808988646e-11,3.47222222222222e-07,0.0991827215371043,6.32489894301284e-08,0.157854204019371
"root20",0,"T3",3.77041335800772e-12,1.43436808988646e-11,3.47222222222222e-07,0.0991827215371043,3.8014820520903e-08,0.157854204019371
"root20",0,"T1",6.63127037936209e-12,1.43436808988646e-11,3.47222222222222e-07,0.0991827215371043,6.68591290558742e-08,0.157854204019371
"root20",0,"T2",6.86296819818918e-12,1.43436808988646e-11,4.62962962962963e-07,0.0991827215371043,6.91951994443079e-08,0.157854204019371
"root20",0,"T3",3.89671213079565e-12,1.43436808988646e-11,4.62962962962963e-07,0.0991827215371043,3.92882154311312e-08,0.157854204019371
"root20",0,"T1",7.31029883254035e-12,1.43436808988646e-11,4.62962962962963e-07,0.0991827215371043,7.37053664110796e-08,0.157854204019371
"root20",0,"T2",7.3483285216893e-12,1.43436808988646e-11,5.78703703703704e-07,0.0991827215371043,7.40887969981777e-08,0.157854204019371
"root20",0,"T3",3.98567512294038e-12,1.43436808988646e-11,5.78703703703704e-07,0.0991827215371043,4.01851760182779e-08,0.157854204019371
"root20",0,"T1",7.88154029626061e-12,1.43436808988646e-11,5.78703703703704e-07,0.0991827215371043,7.94648520842627e-08,0.157854204019371
"root20",0,"T2",7.76128942579359e-12,1.43436808988646e-11,6.94444444444444e-07,0.0991827215371043,7.82524345522228e-08,0.157854204019371
"root20",0,"T3",4.05259635806776e-12,1.43436808988646e-11,6.94444444444444e-07,0.0991827215371043,4.08599027659437e-08,0.157854204019371
"root20",0,"T1",8.37740896211894e-12,1.43436808988646e-11,6.94444444444444e-07,0.0991827215371043,8.4464398962726e-08,0.157854204019371
"root20",0,"T2",8.12099523773562e-12,1.43436808988646e-11,8.10185185185185e-07,0.0991827215371043,8.1879132896122e-08,0.157854204019371
"root20",0,"T3",4.10533414692152e-12,1.43436808988646e-11,8.10185185185185e-07,0.0991827215371043,4.13916263165426e-08,0.157854204019371
"root20",0,"T1",8.81732547540085e-12,1.43436808988646e-11,8.10185185185185e-07,0.0991827215371043,8.88998137856329e-08,0.157854204019371
"root20",0,"T2",8.43987711076716e-12,1.43436808988646e-11,9.25925925925926e-07,0.0991827215371043,8.50942279055108e-08,0.157854204019371
"root20",0,"T3",4.14835839741806e-12,1.43436808988646e-11,9.25925925925926e-07,0.0991827215371043,4.18254140754361e-08,0.157854204019371
"root20",0,"T1",9.21394668843085e-12,1.43436808988646e-11,9.25925925925926e-07,0.0991827215371043,9.28987080172418e-08,0.157854204019371
"root20",0,"T2",8.72648044483491e-12,1.43436808988646e-11,1.04166666666667e-06,0.0991827215371043,8.79838777318722e-08,0.157854204019371
"root20",0,"T3",4.18440721255718e-12,1.43436808988646e-11,1.04166666666667e-06,0.0991827215371043,4.21888726958535e-08,0.157854204019371
"root20",0,"T1",9.57601517333437e-12,1.43436808988646e-11,1.04166666666667e-06,0.0991827215371043,9.6549227778066e-08,0.157854204019371
"root20",0,"T2",8.98693308322924e-12,1.43436808988646e-11,1.15740740740741e-06,0.0991827215371043,9.06098657503286e-08,0.157854204019371
"root20",0,"T3",4.2152558440397e-12,1.43436808988646e-11,1.15740740740741e-06,0.0991827215371043,4.24999009778409e-08,0.157854204019371
"root20",0,"T1",9.90983398459303e-12,1.43436808988646e-11,1.15740740740741e-06,0.0991827215371043,9.9914922992769e-08,0.157854204019371
"root20",12,"T2",5.90579134992317e-12,8.08933647670407e-11,1.15740740740741e-07,0.138535147332716,4.26302744367059e-08,0.220485534899657
"root20",12,"T3",4.37556764614333e-12,8.08933647670407e-11,1.15740740740741e-07,0.138535147332716,3.15845309323175e-08,0.220485534899657
"root20",12,"T1",6.07500478550029e-12,8.08933647670407e-11,1.15740740740741e-07,0.138535147332716,4.38517221258669e-08,0.220485534899657
"root20",12,"T2",7.0846381146992e-12,8.08933647670407e-11,2.31481481481481e-07,0.138535147332716,5.11396439900138e-08,0.220485534899657
"root20",12,"T3",4.81252700675415e-12,8.08933647670407e-11,2.31481481481481e-07,0.138535147332716,3.47386717335785e-08,0.220485534899657
"root20",12,"T1",7.34223324563136e-12,8.08933647670407e-11,2.31481481481481e-07,0.138535147332716,5.29990647643932e-08,0.220485534899657
"root20",12,"T2",7.89657619041657e-12,8.08933647670407e-11,3.47222222222222e-07,0.138535147332716,5.70005254439264e-08,0.220485534899657
"root20",12,"T3",5.04749675915115e-12,8.08933647670407e-11,3.47222222222222e-07,0.138535147332716,3.64347738197348e-08,0.220485534899657
"root20",12,"T1",8.23582509134631e-12,8.08933647670407e-11,3.47222222222222e-07,0.138535147332716,5.94493545494744e-08,0.220485534899657
"root20",12,"T2",8.52476172840315e-12,8.08933647670407e-11,4.62962962962963e-07,0.138535147332716,6.15350103748723e-08,0.220485534899657
"root20",12,"T3",5.20024659045622e-12,8.08933647670407e-11,4.62962962962963e-07,0.138535147332716,3.75373808782758e-08,0.220485534899657
"root20",12,"T1",8.94268596380412e-12,8.08933647670407e-11,4.62962962962963e-07,0.138535147332716,6.45517483178959e-08,0.220485534899657
"root20",12,"T2",9.04122688465461e-12,8.08933647670407e-11,5.78703703703704e-07,0.138535147332716,6.52630546018805e-08,0.220485534899657
"root20",12,"T3",5.31062661170019e-12,8.08933647670407e-11,5.78703703703704e-07,0.138535147332716,3.83341463444349e-08,0.220485534899657
"root20",12,"T1",9.53578258729981e-12,8.08933647670407e-11,5.78703703703704e-07,0.138535147332716,6.88329479622812e-08,0.220485534899657
"root20",12,"T2",9.48222507794687e-12,8.08933647670407e-11,6.94444444444444e-07,0.138535147332716,6.84463492515273e-08,0.220485534899657
"root20",12,"T3",5.39597710722581e-12,8.08933647670407e-11,6.94444444444444e-07,0.138535147332716,3.89502390629177e-08,0.220485534899657
"root20",12,"T1",1.0051708162725e-11,8.08933647670407e-11,6.94444444444444e-07,0.138535147332716,7.25570972872616e-08,0.220485534899657
"root20",12,"T2",9.86869934730291e-12,8.08933647670407e-11,8.10185185185185e-07,0.138535147332716,7.1236069238094e-08,0.220485534899657
"root20",12,"T3",5.46512949515574e-12,8.08933647670407e-11,8.10185185185185e-07,0.138535147332716,3.94494076079501e-08,0.220485534899657
"root20",12,"T1",1.05115742279114e-11,8.08933647670407e-11,8.10185185185185e-07,0.138535147332716,7.5876587496356e-08,0.220485534899657
"root20",12,"T2",1.02138743177609e-11,8.08933647670407e-11,9.25925925925926e-07,0.138535147332716,7.37276749937728e-08,0.220485534899657
"root20",12,"T3",5.52308615515886e-12,8.08933647670407e-11,9.25925925925926e-07,0.138535147332716,3.9867761080834e-08,0.220485534899657
"root20",12,"T1",1.09287127181924e-11,8.08933647670407e-11,9.25925925925926e-07,0.138535147332716,7.8887653628759e-08,0.220485534899657
"root20",12,"T2",1.05266413877173e-11,8.08933647670407e-11,1.04166666666667e-06,0.138535147332716,7.59853480534855e-08,0.220485534899657
"root20",12,"T3",5.57290912861019e-12,8.08933647670407e-11,1.04166666666667e-06,0.138535147332716,4.02274024744485e-08,0.220485534899657
"root20",12,"T1",1.13120960449739e-11,8.08933647670407e-11,1.04166666666667e-06,0.138535147332716,8.16550620024677e-08,0.220485534899657
"root20",12,"T2",1.0813266041116e-11,8.08933647670407e-11,1.15740740740741e-06,0.138535147332716,7.80543150912172e-08,0.220485534899657
"root20",12,"T3",5.61658760220238e-12,8.08933647670407e-11,1.15740740740741e-06,0.138535147332716,4.05426905037549e-08,0.220485534899657
"root20",12,"T1",1.1668057214295e-11,8.08933647670407e-11,1.15740740740741e-06,0.138535147332716,8.42245266919317e-08,0.220485534899657
"root20",13,"T2",6.88339787163182e-12,9.9970003904089e-11,1.15740740740741e-07,0.172734362637522,3.98496151346355e-08,0.274915276555896
"root20",13,"T3",5.32049823295087e-12,9.9970003904089e-11,1.15740740740741e-07,0.172734362637522,3.08016201971103e-08,0.274915276555896
"root20",13,"T1",7.04869681840691e-12,9.9970003904089e-11,1.15740740740741e-07,0.172734362637522,4.08065697570459e-08,0.274915276555896
"root20",13,"T2",8.07020608512252e-12,9.9970003904089e-11,2.31481481481481e-07,0.172734362637522,4.67203280337312e-08,0.274915276555896
"root20",13,"T3",5.8029861184019e-12,9.9970003904089e-11,2.31481481481481e-07,0.172734362637522,3.35948564593329e-08,0.274915276555896
"root20",13,"T1",8.31156161013941e-12,9.9970003904089e-11,2.31481481481481e-07,0.172734362637522,4.81175921410668e-08,0.274915276555896
"root20",13,"T2",8.87806450736446e-12,9.9970003904089e-11,3.47222222222222e-07,0.172734362637522,5.13972111385551e-08,0.274915276555896
"root20",13,"T3",6.06528934353396e-12,9.9970003904089e-11,3.47222222222222e-07,0.172734362637522,3.51133917474301e-08,0.274915276555896
"root20",13,"T1",9.19007080469624e-12,9.9970003904089e-11,3.47222222222222e-07,0.172734362637522,5.32034892442411e-08,0.274915276555896
"root20",13,"T2",9.50541785696155e-12,9.9970003904089e-11,4.62962962962963e-07,0.172734362637522,5.50291077688369e-08,0.274915276555896
"root20",13,"T3",6.24007313868622e-12,9.9970003904089e-11,4.62962962962963e-07,0.172734362637522,3.61252563960353e-08,0.274915276555896
"root20",13,"T1",9.88632248576379e-12,9.9970003904089e-11,4.62962962962963e-07,0.172734362637522,5.72342545791537e-08,0.274915276555896
"root20",13,"T2",1.00257737919728e-11,9.9970003904089e-11,5.78703703703704e-07,0.172734362637522,5.80415711088799e-08,0.274915276555896
"root20",13,"T3",6.36991723677048e-12,9.9970003904089e-11,5.78703703703704e-07,0.172734362637522,3.68769545301045e-08,0.274915276555896
"root20",13,"T1",1.04745752275336e-11,9.9970003904089e-11,5.78703703703704e-07,0.172734362637522,6.06397885608562e-08,0.274915276555896
"root20",13,"T2",1.04747072438823e-11,9.9970003904089e-11,6.94444444444444e-07,0.172734362637522,6.0640552834662e-08,0.274915276555896
"root20",13,"T3",6.47303383467403e-12,9.9970003904089e-11,6.94444444444444e-07,0.172734362637522,3.74739208564859e-08,0.274915276555896
"root20",13,"T1",1.09905817319879e-11,9.9970003904089e-11,6.94444444444444e-07,0.172734362637522,6.36270720207036e-08,0.274915276555896
"root20",13,"T2",1.08722346548893e-11,9.9970003904089e-11,8.10185185185185e-07,0.172734362637522,6.29419328550414e-08,0.274915276555896
"root20",13,"T3",6.55863774908061e-12,9.9970003904089e-11,8.10185185185185e-07,0.172734362637522,3.79695021241588e-08,0.274915276555896
"root20",13,"T1",1.14543899060926e-11,9.9970003904089e-11,8.10185185185185e-07,0.172734362637522,6.63121670245154e-08,0.274915276555896
"root20",13,"T2",1.12307783657045e-11,9.9970003904089e-11,9.25925925925926e-07,0.172734362637522,6.50176270327404e-08,0.274915276555896
"root20",13,"T3",6.63195005447315e-12,9.9970003904089e-11,9.25925925925926e-07,0.172734362637522,3.83939243657622e-08,0.274915276555896
"root20",13,"T1",1.18784153115624e-11,9.9970003904089e-11,9.25925925925926e-07,0.172734362637522,6.87669501898062e-08,0.274915276555896
"root20",13,"T2",1.15586018238236e-11,9.9970003904089e-11,1.04166666666667e-06,0.172734362637522,6.6915474415933e-08,0.274915276555896
"root20",13,"T3",6.69618253957487e-12,9.9970003904089e-11,1.04166666666667e-06,0.172734362637522,3.87657813843712e-08,0.274915276555896
"root20",13,"T1",1.22709083399237e-11,9.9970003904089e-11,1.04166666666667e-06,0.172734362637522,7.10391849806623e-08,0.274915276555896
"root20",13,"T2",1.18614951981202e-11,9.9970003904089e-11,1.15740740740741e-06,0.172734362637522,6.86689956590237e-08,0.274915276555896
"root20",13,"T3",6.75343876853303e-12,9.9970003904089e-11,1.15740740740741e-06,0.172734362637522,3.90972512093898e-08,0.274915276555896
"root20",13,"T1",1.26376495297476e-11,9.9970003904089e-11,1.15740740740741e-06,0.172734362637522,7.31623362993922e-08,0.274915276555896
"root20",14,"T2",6.46636000116614e-12,3.40505134563813e-10,1.15740740740741e-07,0.156603780256809,4.12912127061185e-08,0.249242657347481
"root20",14,"T3",4.8258435466227e-12,3.40505134563813e-10,1.15740740740741e-07,0.156603780256809,3.08156261535256e-08,0.249242657347481
"root20",14,"T1",6.63062202403504e-12,3.40505134563813e-10,1.15740740740741e-07,0.156603780256809,4.23401147351726e-08,0.249242657347481
"root20",14,"T2",7.80429505874833e-12,3.40505134563813e-10,2.31481481481481e-07,0.156603780256809,4.98346530712755e-08,0.249242657347481
"root20",14,"T3",5.33104164868032e-12,3.40505134563813e-10,2.31481481481481e-07,0.156603780256809,3.40415898003109e-08,0.249242657347481
"root20",14,"T1",8.05751005784529e-12,3.40505134563813e-10,2.31481481481481e-07,0.156603780256809,5.14515680568634e-08,0.249242657347481
"root20",14,"T2",8.75677940301574e-12,3.40505134563813e-10,3.47222222222222e-07,0.156603780256809,5.59167817574762e-08,0.249242657347481
"root20",14,"T3",5.60890185243387e-12,3.40505134563813e-10,3.47222222222222e-07,0.156603780256809,3.58158777727845e-08,0.249242657347481
"root20",14,"T1",9.09579538272857e-12,3.40505134563813e-10,3.47222222222222e-07,0.156603780256809,5.80815824995584e-08,0.249242657347481
"root20",14,"T2",9.51945867170664e-12,3.40505134563813e-10,4.62962962962963e-07,0.156603780256809,6.07869021813906e-08,0.249242657347481
"root20",14,"T3",5.79435052231875e-12,3.40505134563813e-10,4.62962962962963e-07,0.156603780256809,3.70000680240081e-08,0.249242657347481
"root20",14,"T1",9.94457985833698e-12,3.40505134563813e-10,4.62962962962963e-07,0.156603780256809,6.35015313297624e-08,0.249242657347481
"root20",14,"T2",1.01658893215716e-11,3.40505134563813e-10,5.78703703703704e-07,0.156603780256809,6.4914712179367e-08,0.249242657347481
"root20",14,"T3",5.93144722581157e-12,3.40505134563813e-10,5.78703703703704e-07,0.156603780256809,3.78755047680509e-08,0.249242657347481
"root20",14,"T1",1.06779621091785e-11,3.40505134563813e-10,5.78703703703704e-07,0.156603780256809,6.81845744187537e-08,0.249242657347481
"root20",14,"T2",1.07322390537427e-11,3.40505134563813e-10,6.94444444444444e-07,0.156603780256809,6.85311621222889e-08,0.249242657347481
"root20",14,"T3",6.03933160499023e-12,3.40505134563813e-10,6.94444444444444e-07,0.156603780256809,3.85644049912878e-08,0.249242657347481
"root20",14,"T1",1.13320469243303e-11,3.40505134563813e-10,6.94444444444444e-07,0.156603780256809,7.23612604098529e-08,0.249242657347481
"root20",14,"T2",1.12392215321729e-11,3.40505134563813e-10,8.10185185185185e-07,0.156603780256809,7.1768519979161e-08,0.249242657347481
"root20",14,"T3",6.12783092799519e-12,3.40505134563813e-10,8.10185185185185e-07,0.156603780256809,3.91295211261591e-08,0.249242657347481
"root20",14,"T1",1.1927339846234e-11,3.40505134563813e-10,8.10185185185185e-07,0.156603780256809,7.61625283034343e-08,0.249242657347481
"root20",14,"T2",1.16999407176316e-11,3.40505134563813e-10,9.25925925925926e-07,0.156603780256809,7.47104616404868e-08,0.249242657347481
"root20",14,"T3",6.20259125915552e-12,3.40505134563813e-10,9.25925925925926e-07,0.156603780256809,3.96069063529891e-08,0.249242657347481
"root20",14,"T1",1.24767152186983e-11,3.40505134563813e-10,9.25925925925926e-07,0.156603780256809,7.96705877612802e-08,0.249242657347481
"root20",14,"T2",1.21232899751215e-11,3.40505134563813e-10,1.04166666666667e-06,0.156603780256809,7.74137760610949e-08,0.249242657347481
"root20",14,"T3",6.26713114367523e-12,3.40505134563813e-10,1.04166666666667e-06,0.156603780256809,4.00190284895932e-08,0.249242657347481
"root20",14,"T1",1.29888528431306e-11,3.40505134563813e-10,1.04166666666667e-06,0.156603780256809,8.29408640189316e-08,0.249242657347481
"root20",14,"T2",1.25156290825924e-11,3.40505134563813e-10,1.15740740740741e-06,0.156603780256809,7.99190738695355e-08,0.249242657347481
"root20",14,"T3",6.32378248466175e-12,3.40505134563813e-10,1.15740740740741e-06,0.156603780256809,4.03807780009627e-08,0.249242657347481
"root20",14,"T1",1.34699256004272e-11,3.40505134563813e-10,1.15740740740741e-06,0.156603780256809,8.60127742659743e-08,0.249242657347481
"root20",2,"T2",5.64235783564795e-12,2.15150794686492e-11,1.15740740740741e-07,0.155562541277204,3.62706715210674e-08,0.24758547404204
"root20",2,"T3",4.17497609307529e-12,2.15150794686492e-11,1.15740740740741e-07,0.155562541277204,2.68379267836446e-08,0.24758547404204
"root20",2,"T1",5.77852284768036e-12,2.15150794686492e-11,1.15740740740741e-07,0.155562541277204,3.71459787185101e-08,0.24758547404204
"root20",2,"T2",6.81578052905625e-12,2.15150794686492e-11,2.31481481481481e-07,0.155562541277204,4.38137643747469e-08,0.24758547404204
"root20",2,"T3",4.60937187385273e-12,2.15150794686492e-11,2.31481481481481e-07,0.155562541277204,2.96303456861062e-08,0.24758547404204
"root20",2,"T1",7.02235326161336e-12,2.15150794686492e-11,2.31481481481481e-07,0.155562541277204,4.51416723072163e-08,0.24758547404204
"root20",2,"T2",7.65313840235854e-12,2.15150794686492e-11,3.47222222222222e-07,0.155562541277204,4.91965375438362e-08,0.24758547404204
"root20",2,"T3",4.85014509150788e-12,2.15150794686492e-11,3.47222222222222e-07,0.155562541277204,3.11781040068328e-08,0.24758547404204
"root20",2,"T1",7.92752128144538e-12,2.15150794686492e-11,3.47222222222222e-07,0.155562541277204,5.09603482712395e-08,0.24758547404204
"root20",2,"T2",8.32413953229225e-12,2.15150794686492e-11,4.62962962962963e-07,0.155562541277204,5.35099225298659e-08,0.24758547404204
"root20",2,"T3",5.0122213264033e-12,2.15150794686492e-11,4.62962962962963e-07,0.155562541277204,3.22199758711308e-08,0.24758547404204
"root20",2,"T1",8.66605613619565e-12,2.15150794686492e-11,4.62962962962963e-07,0.155562541277204,5.57078591352735e-08,0.24758547404204
"root20",2,"T2",8.89327458642854e-12,2.15150794686492e-11,5.78703703703704e-07,0.155562541277204,5.71684835784549e-08,0.24758547404204
"root20",2,"T3",5.13308990747383e-12,2.15150794686492e-11,5.78703703703704e-07,0.155562541277204,3.29969532853474e-08,0.24758547404204
"root20",2,"T1",9.30290923592986e-12,2.15150794686492e-11,5.78703703703704e-07,0.155562541277204,5.98017309279654e-08,0.24758547404204
"root20",2,"T2",9.39249657043648e-12,2.15150794686492e-11,6.94444444444444e-07,0.155562541277204,6.03776236446251e-08,0.24758547404204
"root20",2,"T3",5.22903925402575e-12,2.15150794686492e-11,6.94444444444444e-07,0.155562541277204,3.36137428142671e-08,0.24758547404204
"root20",2,"T1",9.87009024941575e-12,2.15150794686492e-11,6.94444444444444e-07,0.155562541277204,6.34477308507566e-08,0.24758547404204
"root20",2,"T2",9.84016780577181e-12,2.15150794686492e-11,8.10185185185185e-07,0.155562541277204,6.32553809225652e-08,0.24758547404204
"root20",2,"T3",5.30843085964015e-12,2.15150794686492e-11,8.10185185185185e-07,0.155562541277204,3.41240945028072e-08,0.24758547404204
"root20",2,"T1",1.03859055395251e-11,2.15150794686492e-11,8.10185185185185e-07,0.155562541277204,6.67635373802356e-08,0.24758547404204
"root20",2,"T2",1.02479023559321e-11,2.15150794686492e-11,9.25925925925926e-07,0.155562541277204,6.58764138962662e-08,0.24758547404204
"root20",2,"T3",5.37606490725474e-12,2.15150794686492e-11,9.25925925925926e-07,0.155562541277204,3.45588652841231e-08,0.24758547404204
"root20",2,"T1",1.08618826011509e-11,2.15150794686492e-11,9.25925925925926e-07,0.155562541277204,6.98232525129277e-08,0.24758547404204
"root20",2,"T2",1.06235598158316e-11,2.15150794686492e-11,1.04166666666667e-06,0.155562541277204,6.82912462641054e-08,0.24758547404204
"root20",2,"T3",5.43492964975089e-12,2.15150794686492e-11,1.04166666666667e-06,0.155562541277204,3.49372644926528e-08,0.24758547404204
"root20",2,"T1",1.13057911273122e-11,2.15150794686492e-11,1.04166666666667e-06,0.155562541277204,7.26768220324059e-08,0.24758547404204
"root20",2,"T2",1.09727345407152e-11,2.15150794686492e-11,1.15740740740741e-06,0.155562541277204,7.05358401233778e-08,0.24758547404204
"root20",2,"T3",5.48700358533708e-12,2.15150794686492e-11,1.15740740740741e-06,0.155562541277204,3.52720104742924e-08,0.24758547404204
"root20",2,"T1",1.17231418211277e-11,2.15150794686492e-11,1.15740740740741e-06,0.155562541277204,7.53596702964484e-08,0.24758547404204
"root20",25,"T2",7.55706881131821e-12,4.0037682468166e-10,1.15740740740741e-07,0.160024546621395,4.72244350686874e-08,0.254686976108345
"root20",25,"T3",5.98130011191411e-12,4.0037682468166e-10,1.15740740740741e-07,0.160024546621395,3.73773913952425e-08,0.254686976108345
"root20",25,"T1",7.77970852620052e-12,4.0037682468166e-10,1.15740740740741e-07,0.160024546621395,4.86157198408234e-08,0.254686976108345
"root20",25,"T2",8.82088316005447e-12,4.0037682468166e-10,2.31481481481481e-07,0.160024546621395,5.5122063122753e-08,0.254686976108345
"root20",25,"T3",6.51755536203417e-12,4.0037682468166e-10,2.31481481481481e-07,0.160024546621395,4.07284725977332e-08,0.254686976108345
"root20",25,"T1",9.15694464938278e-12,4.0037682468166e-10,2.31481481481481e-07,0.160024546621395,5.72221252471183e-08,0.254686976108345
"root20",25,"T2",9.66430636524729e-12,4.0037682468166e-10,3.47222222222222e-07,0.160024546621395,6.03926495608967e-08,0.254686976108345
"root20",25,"T3",6.80838697883792e-12,4.0037682468166e-10,3.47222222222222e-07,0.160024546621395,4.25458913809392e-08,0.254686976108345
"root20",25,"T1",1.00953983499483e-11,4.0037682468166e-10,3.47222222222222e-07,0.160024546621395,6.30865611751001e-08,0.254686976108345
"root20",25,"T2",1.03065174192723e-11,4.0037682468166e-10,4.62962962962963e-07,0.160024546621395,6.4405852957401e-08,0.254686976108345
"root20",25,"T3",7.00059981538053e-12,4.0037682468166e-10,4.62962962962963e-07,0.160024546621395,4.37470373338621e-08,0.254686976108345
"root20",25,"T1",1.08244876021219e-11,4.0037682468166e-10,4.62962962962963e-07,0.160024546621395,6.76426700194422e-08,0.254686976108345
"root20",25,"T2",1.08303853339138e-11,4.0037682468166e-10,5.78703703703704e-07,0.160024546621395,6.76795251889552e-08,0.254686976108345
"root20",25,"T3",7.14200803692697e-12,4.0037682468166e-10,5.78703703703704e-07,0.160024546621395,4.46307031497135e-08,0.254686976108345
"root20",25,"T1",1.14304819165344e-11,4.0037682468166e-10,5.78703703703704e-07,0.160024546621395,7.1429553514549e-08,0.254686976108345
"root20",25,"T2",1.12763537994761e-11,4.0037682468166e-10,6.94444444444444e-07,0.160024546621395,7.04664005463803e-08,0.254686976108345
"root20",25,"T3",7.25332732370433e-12,4.0037682468166e-10,6.94444444444444e-07,0.160024546621395,4.53263419696799e-08,0.254686976108345
"root20",25,"T1",1.19552863152823e-11,4.0037682468166e-10,6.94444444444444e-07,0.160024546621395,7.47090778739559e-08,0.254686976108345
"root20",25,"T2",1.16671642181735e-11,4.0037682468166e-10,8.10185185185185e-07,0.160024546621395,7.29085909912124e-08,0.254686976108345
"root20",25,"T3",7.34510976011642e-12,4.0037682468166e-10,8.10185185185185e-07,0.160024546621395,4.58998942049456e-08,0.254686976108345
"root20",25,"T1",1.24223976127606e-11,4.0037682468166e-10,8.10185185185185e-07,0.160024546621395,7.76280756611106e-08,0.254686976108345
"root20",25,"T2",1.20168431979941e-11,4.0037682468166e-10,9.25925925925926e-07,0.160024546621395,7.50937493759942e-08,0.254686976108345
"root20",25,"T3",7.42334106243817e-12,4.0037682468166e-10,9.25925925925926e-07,0.160024546621395,4.63887648436911e-08,0.254686976108345
"root20",25,"T1",1.28462897863967e-11,4.0037682468166e-10,9.25925925925926e-07,0.160024546621395,8.02769953586555e-08,0.254686976108345
"root20",25,"T2",1.23346332670243e-11,4.0037682468166e-10,1.04166666666667e-06,0.160024546621395,7.70796326404038e-08,0.254686976108345
"root20",25,"T3",7.49169153318736e-12,4.0037682468166e-10,1.04166666666667e-06,0.160024546621395,4.68158897579138e-08,0.254686976108345
"root20",25,"T1",1.32364987118135e-11,4.0037682468166e-10,1.04166666666667e-06,0.160024546621395,8.2715427047139e-08,0.254686976108345
"root20",25,"T2",1.26269370421649e-11,4.0037682468166e-10,1.15740740740741e-06,0.160024546621395,7.89062510018492e-08,0.254686976108345
"root20",25,"T3",7.55254939770597e-12,4.0037682468166e-10,1.15740740740741e-06,0.160024546621395,4.71961930663968e-08,0.254686976108345
"root20",25,"T1",1.35996347707916e-11,4.0037682468166e-10,1.15740740740741e-06,0.160024546621395,8.49846792752814e-08,0.254686976108345
"root20",6,"T2",5.22101210057361e-12,2.03781152391797e-11,1.15740740740741e-07,0.116909126172282,4.46587214489972e-08,0.186066653228728
"root20",6,"T3",3.81530647179324e-12,2.03781152391797e-11,1.15740740740741e-07,0.116909126172282,3.26348044563334e-08,0.186066653228728
"root20",6,"T1",5.38743747466912e-12,2.03781152391797e-11,1.15740740740741e-07,0.116909126172282,4.60822662101671e-08,0.186066653228728
"root20",6,"T2",6.33936028097217e-12,2.03781152391797e-11,2.31481481481481e-07,0.116909126172282,5.42246827816524e-08,0.186066653228728
"root20",6,"T3",4.20435476943355e-12,2.03781152391797e-11,2.31481481481481e-07,0.116909126172282,3.59625882690958e-08,0.186066653228728
"root20",6,"T1",6.59680418980266e-12,2.03781152391797e-11,2.31481481481481e-07,0.116909126172282,5.6426768429364e-08,0.186066653228728
"root20",6,"T2",7.12557786525211e-12,2.03781152391797e-11,3.47222222222222e-07,0.116909126172282,6.09497145222998e-08,0.186066653228728
"root20",6,"T3",4.41056006203489e-12,2.03781152391797e-11,3.47222222222222e-07,0.116909126172282,3.77263966162514e-08,0.186066653228728
"root20",6,"T1",7.4669742299292e-12,2.03781152391797e-11,3.47222222222222e-07,0.116909126172282,6.3869900275583e-08,0.186066653228728
"root20",6,"T2",7.74228913311167e-12,2.03781152391797e-11,4.62962962962963e-07,0.116909126172282,6.62248481927948e-08,0.186066653228728
"root20",6,"T3",4.54287688646176e-12,2.03781152391797e-11,4.62962962962963e-07,0.116909126172282,3.88581887077591e-08,0.186066653228728
"root20",6,"T1",8.16452406442003e-12,2.03781152391797e-11,4.62962962962963e-07,0.116909126172282,6.98364989264265e-08,0.186066653228728
"root20",6,"T2",8.25431486549766e-12,2.03781152391797e-11,5.78703703703704e-07,0.116909126172282,7.06045382063139e-08,0.186066653228728
"root20",6,"T3",4.63732260649791e-12,2.03781152391797e-11,5.78703703703704e-07,0.116909126172282,3.96660445452664e-08,0.186066653228728
"root20",6,"T1",8.75533097614493e-12,2.03781152391797e-11,5.78703703703704e-07,0.116909126172282,7.48900557450298e-08,0.186066653228728
"root20",6,"T2",8.69472971859975e-12,2.03781152391797e-11,6.94444444444444e-07,0.116909126172282,7.43716936673263e-08,0.186066653228728
"root20",6,"T3",4.70950620243257e-12,2.03781152391797e-11,6.94444444444444e-07,0.116909126172282,4.0283477916792e-08,0.186066653228728
"root20",6,"T1",9.27288186673068e-12,2.03781152391797e-11,6.94444444444444e-07,0.116909126172282,7.93170060399373e-08,0.186066653228728
"root20",6,"T2",9.08286992648051e-12,2.03781152391797e-11,8.10185185185185e-07,0.116909126172282,7.76917099961523e-08,0.186066653228728
"root20",6,"T3",4.76735235398692e-12,2.03781152391797e-11,8.10185185185185e-07,0.116909126172282,4.07782737761769e-08,0.186066653228728
"root20",6,"T1",9.7367266644843e-12,2.03781152391797e-11,8.10185185185185e-07,0.116909126172282,8.32845730977055e-08,0.186066653228728
"root20",6,"T2",9.43106798984506e-12,2.03781152391797e-11,9.25925925925926e-07,0.116909126172282,8.0670075114128e-08,0.186066653228728
"root20",6,"T3",4.81533710706145e-12,2.03781152391797e-11,9.25925925925926e-07,0.116909126172282,4.11887186631211e-08,0.186066653228728
"root20",6,"T1",1.01593329560295e-11,2.03781152391797e-11,9.25925925925926e-07,0.116909126172282,8.68994003176304e-08,0.186066653228728
"root20",6,"T2",9.7476846044277e-12,2.03781152391797e-11,1.04166666666667e-06,0.116909126172282,8.33783035044083e-08,0.186066653228728
"root20",6,"T3",4.85619270684323e-12,2.03781152391797e-11,1.04166666666667e-06,0.116909126172282,4.15381832525799e-08,0.186066653228728
"root20",6,"T1",1.05491581434587e-11,2.03781152391797e-11,1.04166666666667e-06,0.116909126172282,9.0233829375416e-08,0.186066653228728
"root20",6,"T2",1.00386524279079e-11,2.03781152391797e-11,1.15740740740741e-06,0.116909126172282,8.58671410571877e-08,0.186066653228728
"root20",6,"T3",4.89168908100057e-12,2.03781152391797e-11,1.15740740740741e-06,0.116909126172282,4.18418068901822e-08,0.186066653228728
"root20",6,"T1",1.09122094687804e-11,2.03781152391797e-11,1.15740740740741e-06,0.116909126172282,9.33392441296648e-08,0.186066653228728
"root20",7,"T2",5.63355619875346e-12,6.84365838505653e-11,1.15740740740741e-07,0.155401009048293,3.62517350000138e-08,0.247328387515042
"root20",7,"T3",4.16458757884249e-12,6.84365838505653e-11,1.15740740740741e-07,0.155401009048293,2.67989738570377e-08,0.247328387515042
"root20",7,"T1",5.77053557884286e-12,6.84365838505653e-11,1.15740740740741e-07,0.155401009048293,3.71331924688442e-08,0.247328387515042
"root20",7,"T2",6.79505831391153e-12,6.84365838505653e-11,2.31481481481481e-07,0.155401009048293,4.37259600534503e-08,0.247328387515042
"root20",7,"T3",4.59527766039683e-12,6.84365838505653e-11,2.31481481481481e-07,0.155401009048293,2.95704493074995e-08,0.247328387515042
"root20",7,"T1",7.00278551241827e-12,6.84365838505653e-11,2.31481481481481e-07,0.155401009048293,4.5062677232952e-08,0.247328387515042
"root20",7,"T2",7.61555602224037e-12,6.84365838505653e-11,3.47222222222222e-07,0.155401009048293,4.90058338030079e-08,0.247328387515042
"root20",7,"T3",4.83032226527333e-12,6.84365838505653e-11,3.47222222222222e-07,0.155401009048293,3.10829530313554e-08,0.247328387515042
"root20",7,"T1",7.89130333814875e-12,6.84365838505653e-11,3.47222222222222e-07,0.155401009048293,5.07802580335654e-08,0.247328387515042
"root20",7,"T2",8.26861059930418e-12,6.84365838505653e-11,4.62962962962963e-07,0.155401009048293,5.32082169217743e-08,0.247328387515042
"root20",7,"T3",4.98702757726621e-12,6.84365838505653e-11,4.62962962962963e-07,0.155401009048293,3.20913461746984e-08,0.247328387515042
"root20",7,"T1",8.61193255925299e-12,6.84365838505653e-11,4.62962962962963e-07,0.155401009048293,5.54174815980552e-08,0.247328387515042
"root20",7,"T2",8.8201170939904e-12,6.84365838505653e-11,5.78703703703704e-07,0.155401009048293,5.6757141720035e-08,0.247328387515042
"root20",7,"T3",5.10326501666482e-12,6.84365838505653e-11,5.78703703703704e-07,0.155401009048293,3.28393299883845e-08,0.247328387515042
"root20",7,"T1",9.23103841463861e-12,6.84365838505653e-11,5.78703703703704e-07,0.155401009048293,5.94014058928661e-08,0.247328387515042
"root20",7,"T2",9.30264728470357e-12,6.84365838505653e-11,6.94444444444444e-07,0.155401009048293,5.98622064404527e-08,0.247328387515042
"root20",7,"T3",5.1953164031321e-12,6.84365838505653e-11,6.94444444444444e-07,0.155401009048293,3.34316774064034e-08,0.247328387515042
"root20",7,"T1",9.78127979352419e-12,6.84365838505653e-11,6.94444444444444e-07,0.155401009048293,6.29421897156699e-08,0.247328387515042
"root20",7,"T2",9.73484124481176e-12,6.84365838505653e-11,8.10185185185185e-07,0.155401009048293,6.26433592962484e-08,0.247328387515042
"root20",7,"T3",5.27145513237472e-12,6.84365838505653e-11,8.10185185185185e-07,0.155401009048293,3.39216274376735e-08,0.247328387515042
"root20",7,"T1",1.02812772874566e-11,6.84365838505653e-11,8.10185185185185e-07,0.155401009048293,6.61596559148568e-08,0.247328387515042
"root20",7,"T2",1.01284204250437e-11,6.84365838505653e-11,9.25925925925926e-07,0.155401009048293,6.51760274085233e-08,0.247328387515042
"root20",7,"T3",5.3363849502458e-12,6.84365838505653e-11,9.25925925925926e-07,0.155401009048293,3.43394485204883e-08,0.247328387515042
"root20",7,"T1",1.07427016666063e-11,6.84365838505653e-11,9.25925925925926e-07,0.155401009048293,6.91289054839267e-08,0.247328387515042
"root20",7,"T2",1.0491261051477e-11,6.84365838505653e-11,1.04166666666667e-06,0.155401009048293,6.75108940136722e-08,0.247328387515042
"root20",7,"T3",5.39300746485419e-12,6.84365838505653e-11,1.04166666666667e-06,0.155401009048293,3.47038124004603e-08,0.247328387515042
"root20",7,"T1",1.11733718318695e-11,6.84365838505653e-11,1.04166666666667e-06,0.155401009048293,7.19002527737594e-08,0.247328387515042
"root20",7,"T2",1.08289247407162e-11,6.84365838505653e-11,1.15740740740741e-06,0.155401009048293,6.96837479179491e-08,0.247328387515042
"root20",7,"T3",5.44322761261027e-12,6.84365838505653e-11,1.15740740740741e-06,0.155401009048293,3.5026977276053e-08,0.247328387515042
"root20",7,"T1",1.15787940800636e-11,6.84365838505653e-11,1.15740740740741e-06,0.155401009048293,7.45091306097333e-08,0.247328387515042
"root3",1,"T2",4.56502009482348e-12,5.06214703231156e-11,1.15740740740741e-07,0.0965340026286675,4.72892449345907e-08,0.153638636947985
"root3",1,"T3",3.30132587212444e-12,5.06214703231156e-11,1.15740740740741e-07,0.0965340026286675,3.41985806268024e-08,0.153638636947985
"root3",1,"T1",4.74210914440122e-12,5.06214703231156e-11,1.15740740740741e-07,0.0965340026286675,4.91237182264414e-08,0.153638636947985
"root3",1,"T2",5.66142831053796e-12,5.06214703231156e-11,2.31481481481481e-07,0.0965340026286675,5.86469861020421e-08,0.153638636947985
"root3",1,"T3",3.69122511515071e-12,5.06214703231156e-11,2.31481481481481e-07,0.0965340026286675,3.82375641187236e-08,0.153638636947985
"root3",1,"T1",5.95029500542746e-12,5.06214703231156e-11,2.31481481481481e-07,0.0965340026286675,6.16393689622108e-08,0.153638636947985
"root3",1,"T2",6.43314588140917e-12,5.06214703231156e-11,3.47222222222222e-07,0.0965340026286675,6.66412425283476e-08,0.153638636947985
"root3",1,"T3",3.89833653705387e-12,5.06214703231156e-11,3.47222222222222e-07,0.0965340026286675,4.03830404924719e-08,0.153638636947985
"root3",1,"T1",6.82532245868699e-12,5.06214703231156e-11,3.47222222222222e-07,0.0965340026286675,7.0703817026438e-08,0.153638636947985
"root3",1,"T2",7.03285950357127e-12,5.06214703231156e-11,4.62962962962963e-07,0.0965340026286675,7.28537024474601e-08,0.153638636947985
"root3",1,"T3",4.02972669390535e-12,5.06214703231156e-11,4.62962962962963e-07,0.0965340026286675,4.17441169346961e-08,0.153638636947985
"root3",1,"T1",7.52325057596053e-12,5.06214703231156e-11,4.62962962962963e-07,0.0965340026286675,7.79336852414567e-08,0.153638636947985
"root3",1,"T2",7.52398830764165e-12,5.06214703231156e-11,5.78703703703704e-07,0.0965340026286675,7.7941327436549e-08,0.153638636947985
"root3",1,"T3",4.12192460710001e-12,5.06214703231156e-11,5.78703703703704e-07,0.0965340026286675,4.26991991925955e-08,0.153638636947985
"root3",1,"T1",8.10844321827238e-12,5.06214703231156e-11,5.78703703703704e-07,0.0965340026286675,8.39957216884782e-08,0.153638636947985
"root3",1,"T2",7.93990327834994e-12,5.06214703231156e-11,6.94444444444444e-07,0.0965340026286675,8.22498090014145e-08,0.153638636947985
"root3",1,"T3",4.19104841461883e-12,5.06214703231156e-11,6.94444444444444e-07,0.0965340026286675,4.34152557699314e-08,0.153638636947985
"root3",1,"T1",8.61472963160459e-12,5.06214703231156e-11,6.94444444444444e-07,0.0965340026286675,8.92403650218715e-08,0.153638636947985
"root3",1,"T2",8.30058772491298e-12,5.06214703231156e-11,8.10185185185185e-07,0.0965340026286675,8.59861551254891e-08,0.153638636947985
"root3",1,"T3",4.24536645621085e-12,5.06214703231156e-11,8.10185185185185e-07,0.0965340026286675,4.39779387636219e-08,0.153638636947985
"root3",1,"T1",9.06242718109905e-12,5.06214703231156e-11,8.10185185185185e-07,0.0965340026286675,9.38780837251619e-08,0.153638636947985
"root3",1,"T2",8.61902724234976e-12,5.06214703231156e-11,9.25925925925926e-07,0.0965340026286675,8.92848841615337e-08,0.153638636947985
"root3",1,"T3",4.2895740015981e-12,5.06214703231156e-11,9.25925925925926e-07,0.0965340026286675,4.44358866802466e-08,0.153638636947985
"root3",1,"T1",9.46480892384553e-12,5.06214703231156e-11,9.25925925925926e-07,0.0965340026286675,9.8046373983407e-08,0.153638636947985
"root3",1,"T2",8.90415162008216e-12,5.06214703231156e-11,1.04166666666667e-06,0.0965340026286675,9.22385001928627e-08,0.153638636947985
"root3",1,"T3",4.32654221534621e-12,5.06214703231156e-11,1.04166666666667e-06,0.0965340026286675,4.48188420404456e-08,0.153638636947985
"root3",1,"T1",9.83106251658101e-12,5.06214703231156e-11,1.04166666666667e-06,0.0965340026286675,1.01840411138836e-07,0.153638636947985
"root3",1,"T2",9.16236401819721e-12,5.06214703231156e-11,1.15740740740741e-06,0.0965340026286675,9.49133338378355e-08,0.153638636947985
"root3",1,"T3",4.35812924258628e-12,5.06214703231156e-11,1.15740740740741e-06,0.0965340026286675,4.51460534517612e-08,0.153638636947985
"root3",1,"T1",1.01678232866041e-11,5.06214703231156e-11,1.15740740740741e-06,0.0965340026286675,1.05328930840215e-07,0.153638636947985
"root3",10,"T2",6.23760636755214e-12,8.9474430998294e-11,1.15740740740741e-07,0.139950110969594,4.45702138021694e-08,0.222737519470702
"root3",10,"T3",4.71328966629253e-12,8.9474430998294e-11,1.15740740740741e-07,0.139950110969594,3.36783560487248e-08,0.222737519470702
"root3",10,"T1",6.42154050777169e-12,8.9474430998294e-11,1.15740740740741e-07,0.139950110969594,4.58844974347098e-08,0.222737519470702
"root3",10,"T2",7.42383675014886e-12,8.9474430998294e-11,2.31481481481481e-07,0.139950110969594,5.30463084217331e-08,0.222737519470702
"root3",10,"T3",5.15829220018282e-12,8.9474430998294e-11,2.31481481481481e-07,0.139950110969594,3.68580786713597e-08,0.222737519470702
"root3",10,"T1",7.69960594763284e-12,8.9474430998294e-11,2.31481481481481e-07,0.139950110969594,5.50167905855086e-08,0.222737519470702
"root3",10,"T2",8.23997625615459e-12,8.9474430998294e-11,3.47222222222222e-07,0.139950110969594,5.88779544300957e-08,0.222737519470702
"root3",10,"T3",5.39548552851417e-12,8.9474430998294e-11,3.47222222222222e-07,0.139950110969594,3.85529206881902e-08,0.222737519470702
"root3",10,"T1",8.59991736566825e-12,8.9474430998294e-11,3.47222222222222e-07,0.139950110969594,6.14498788610228e-08,0.222737519470702
"root3",10,"T2",8.87288135084631e-12,8.9474430998294e-11,4.62962962962963e-07,0.139950110969594,6.34003166512248e-08,0.222737519470702
"root3",10,"T3",5.54975331851331e-12,8.9474430998294e-11,4.62962962962963e-07,0.139950110969594,3.96552262807356e-08,0.222737519470702
"root3",10,"T1",9.3137868886119e-12,8.9474430998294e-11,4.62962962962963e-07,0.139950110969594,6.6550764583784e-08,0.222737519470702
"root3",10,"T2",9.3946453082176e-12,8.9474430998294e-11,5.78703703703704e-07,0.139950110969594,6.7128530610874e-08,0.222737519470702
"root3",10,"T3",5.66167599962779e-12,8.9474430998294e-11,5.78703703703704e-07,0.139950110969594,4.04549589879058e-08,0.222737519470702
"root3",10,"T1",9.91442403529462e-12,8.9474430998294e-11,5.78703703703704e-07,0.139950110969594,7.0842559299211e-08,0.222737519470702
"root3",10,"T2",9.84124589125435e-12,8.9474430998294e-11,6.94444444444444e-07,0.139950110969594,7.03196719393277e-08,0.222737519470702
"root3",10,"T3",5.74867137163404e-12,8.9474430998294e-11,6.94444444444444e-07,0.139950110969594,4.1076576015599e-08,0.222737519470702
"root3",10,"T1",1.04381997861665e-11,8.9474430998294e-11,6.94444444444444e-07,0.139950110969594,7.45851483349973e-08,0.222737519470702
"root3",10,"T2",1.02333936950155e-11,8.9474430998294e-11,8.10185185185185e-07,0.139950110969594,7.31217261931206e-08,0.222737519470702
"root3",10,"T3",5.8195392263562e-12,8.9474430998294e-11,8.10185185185185e-07,0.139950110969594,4.15829554263131e-08,0.222737519470702
"root3",10,"T1",1.0906004271219e-11,8.9474430998294e-11,8.10185185185185e-07,0.139950110969594,7.79278000971967e-08,0.222737519470702
"root3",10,"T2",1.05841560082072e-11,8.9474430998294e-11,9.25925925925926e-07,0.139950110969594,7.56280644215191e-08,0.222737519470702
"root3",10,"T3",5.87924192461159e-12,8.9474430998294e-11,9.25925925925926e-07,0.139950110969594,4.20095552899485e-08,0.222737519470702
"root3",10,"T1",1.13310076424297e-11,8.9474430998294e-11,9.25925925925926e-07,0.139950110969594,8.09646206346454e-08,0.222737519470702
"root3",10,"T2",1.09023260403077e-11,8.9474430998294e-11,1.04166666666667e-06,0.139950110969594,7.7901517653504e-08,0.222737519470702
"root3",10,"T3",5.93081095144293e-12,8.9474430998294e-11,1.04166666666667e-06,0.139950110969594,4.23780367900635e-08,0.222737519470702
"root3",10,"T1",1.1722074407956e-11,8.9474430998294e-11,1.04166666666667e-06,0.139950110969594,8.37589504341498e-08,0.222737519470702
"root3",10,"T2",1.119411219475e-11,8.9474430998294e-11,1.15740740740741e-06,0.139950110969594,7.99864474361303e-08,0.222737519470702
"root3",10,"T3",5.97621508435885e-12,8.9474430998294e-11,1.15740740740741e-06,0.139950110969594,4.27024676361797e-08,0.222737519470702
"root3",10,"T1",1.20854697422283e-11,8.9474430998294e-11,1.15740740740741e-06,0.139950110969594,8.63555566944426e-08,0.222737519470702
"root3",13,"T2",6.39010876103297e-12,2.6329117714872e-10,1.15740740740741e-07,0.134375604502883,4.75540838284815e-08,0.213865416875954
"root3",13,"T3",4.72183823601491e-12,2.6329117714872e-10,1.15740740740741e-07,0.134375604502883,3.51391032135867e-08,0.213865416875954
"root3",13,"T1",6.60426170019545e-12,2.6329117714872e-10,1.15740740740741e-07,0.134375604502883,4.91477729505117e-08,0.213865416875954
"root3",13,"T2",7.74503811967141e-12,2.6329117714872e-10,2.31481481481481e-07,0.134375604502883,5.7637233695237e-08,0.213865416875954
"root3",13,"T3",5.21745660233619e-12,2.6329117714872e-10,2.31481481481481e-07,0.134375604502883,3.88274093473883e-08,0.213865416875954
"root3",13,"T1",8.07651586744924e-12,2.6329117714872e-10,2.31481481481481e-07,0.134375604502883,6.01040337442795e-08,0.213865416875954
"root3",13,"T2",8.68512351721626e-12,2.6329117714872e-10,3.47222222222222e-07,0.134375604502883,6.46331865768829e-08,0.213865416875954
"root3",13,"T3",5.48186413931642e-12,2.6329117714872e-10,3.47222222222222e-07,0.134375604502883,4.07950844916854e-08,0.213865416875954
"root3",13,"T1",9.12411895844253e-12,2.6329117714872e-10,3.47222222222222e-07,0.134375604502883,6.79001146986228e-08,0.213865416875954
"root3",13,"T2",9.4142424918775e-12,2.6329117714872e-10,4.62962962962963e-07,0.134375604502883,7.00591638393375e-08,0.213865416875954
"root3",13,"T3",5.65197943453447e-12,2.6329117714872e-10,4.62962962962963e-07,0.134375604502883,4.20610530865609e-08,0.213865416875954
"root3",13,"T1",9.95602864027508e-12,2.6329117714872e-10,4.62962962962963e-07,0.134375604502883,7.409104261973e-08,0.213865416875954
"root3",13,"T2",1.0013744173504e-11,2.6329117714872e-10,5.78703703703704e-07,0.134375604502883,7.45205516324887e-08,0.213865416875954
"root3",13,"T3",5.77357644267591e-12,2.6329117714872e-10,5.78703703703704e-07,0.134375604502883,4.29659569833008e-08,0.213865416875954
"root3",13,"T1",1.06550194366995e-11,2.6329117714872e-10,5.78703703703704e-07,0.134375604502883,7.92928111923089e-08,0.213865416875954
"root3",13,"T2",1.05250430269144e-11,2.6329117714872e-10,6.94444444444444e-07,0.134375604502883,7.83255492382817e-08,0.213865416875954
"root3",13,"T3",5.8666012506931e-12,2.6329117714872e-10,6.94444444444444e-07,0.134375604502883,4.36582315100746e-08,0.213865416875954
"root3",13,"T1",1.12630996507313e-11,2.6329117714872e-10,6.94444444444444e-07,0.134375604502883,8.38180389394238e-08,0.213865416875954
"root3",13,"T2",1.09722820773137e-11,2.6329117714872e-10,8.10185185185185e-07,0.134375604502883,8.16538248732365e-08,0.213865416875954
"root3",13,"T3",5.94120999465999e-12,2.6329117714872e-10,8.10185185185185e-07,0.134375604502883,4.42134568744025e-08,0.213865416875954
"root3",13,"T1",1.18047426442556e-11,2.6329117714872e-10,8.10185185185185e-07,0.134375604502883,8.78488523860171e-08,0.213865416875954
"root3",13,"T2",1.13708162638229e-11,2.6329117714872e-10,9.25925925925926e-07,0.134375604502883,8.46196473376904e-08,0.213865416875954
"root3",13,"T3",6.00314826957321e-12,2.6329117714872e-10,9.25925925925926e-07,0.134375604502883,4.46743908001874e-08,0.213865416875954
"root3",13,"T1",1.22955257792718e-11,2.6329117714872e-10,9.25925925925926e-07,0.134375604502883,9.15011755650039e-08,0.213865416875954
"root3",13,"T2",1.17310274874527e-11,2.6329117714872e-10,1.04166666666667e-06,0.134375604502883,8.73002769427616e-08,0.213865416875954
"root3",13,"T3",6.05592626770866e-12,2.6329117714872e-10,1.04166666666667e-06,0.134375604502883,4.50671555310378e-08,0.213865416875954
"root3",13,"T1",1.27459986700715e-11,2.6329117714872e-10,1.04166666666667e-06,0.134375604502883,9.48535168807222e-08,0.213865416875954
"root3",13,"T2",1.20602637982642e-11,2.6329117714872e-10,1.15740740740741e-06,0.134375604502883,8.97503966056983e-08,0.213865416875954
"root3",13,"T3",6.10181878040802e-12,2.6329117714872e-10,1.15740740740741e-06,0.134375604502883,4.54086796705507e-08,0.213865416875954
"root3",13,"T1",1.31636443102085e-11,2.6329117714872e-10,1.15740740740741e-06,0.134375604502883,9.79615634765466e-08,0.213865416875954
"root3",15,"T2",6.10710505988946e-12,1.81545861455727e-10,1.15740740740741e-07,0.134341775245393,4.54594637351935e-08,0.213811575940447
"root3",15,"T3",4.56665897096473e-12,1.81545861455727e-10,1.15740740740741e-07,0.134341775245393,3.39928437198565e-08,0.213811575940447
"root3",15,"T1",6.30583422727438e-12,1.81545861455727e-10,1.15740740740741e-07,0.134341775245393,4.69387442272215e-08,0.213811575940447
"root3",15,"T2",7.3797100634272e-12,1.81545861455727e-10,2.31481481481481e-07,0.134341775245393,5.49323548088238e-08,0.213811575940447
"root3",15,"T3",5.05028797297371e-12,1.81545861455727e-10,2.31481481481481e-07,0.134341775245393,3.75928333814905e-08,0.213811575940447
"root3",15,"T1",7.68412773819551e-12,1.81545861455727e-10,2.31481481481481e-07,0.134341775245393,5.71983489436509e-08,0.213811575940447
"root3",15,"T2",8.25956840107419e-12,1.81545861455727e-10,3.47222222222222e-07,0.134341775245393,6.14817571525089e-08,0.213811575940447
"root3",15,"T3",5.30887539940387e-12,1.81545861455727e-10,3.47222222222222e-07,0.134341775245393,3.95176808532305e-08,0.213811575940447
"root3",15,"T1",8.65954083486944e-12,1.81545861455727e-10,3.47222222222222e-07,0.134341775245393,6.44590323378684e-08,0.213811575940447
"root3",15,"T2",8.94318813069708e-12,1.81545861455727e-10,4.62962962962963e-07,0.134341775245393,6.65704179832458e-08,0.213811575940447
"root3",15,"T3",5.47628877308791e-12,1.81545861455727e-10,4.62962962962963e-07,0.134341775245393,4.07638559419417e-08,0.213811575940447
"root3",15,"T1",9.43412249622213e-12,1.81545861455727e-10,4.62962962962963e-07,0.134341775245393,7.02247865862235e-08,0.213811575940447
"root3",15,"T2",9.50742036853639e-12,1.81545861455727e-10,5.78703703703704e-07,0.134341775245393,7.07703940279919e-08,0.213811575940447
"root3",15,"T3",5.5968388481474e-12,1.81545861455727e-10,5.78703703703704e-07,0.134341775245393,4.16611946501677e-08,0.213811575940447
"root3",15,"T1",1.00863515638468e-11,1.81545861455727e-10,5.78703703703704e-07,0.134341775245393,7.50797847164275e-08,0.213811575940447
"root3",15,"T2",9.99082345918164e-12,1.81545861455727e-10,6.94444444444444e-07,0.134341775245393,7.43687020729932e-08,0.213811575940447
"root3",15,"T3",5.68974208178719e-12,1.81545861455727e-10,6.94444444444444e-07,0.134341775245393,4.23527385386573e-08,0.213811575940447
"root3",15,"T1",1.06554645704484e-11,1.81545861455727e-10,6.94444444444444e-07,0.134341775245393,7.93160917442451e-08,0.213811575940447
"root3",15,"T2",1.04156358992332e-11,1.81545861455727e-10,8.10185185185185e-07,0.134341775245393,7.7530878836517e-08,0.213811575940447
"root3",15,"T3",5.76476405010432e-12,1.81545861455727e-10,8.10185185185185e-07,0.134341775245393,4.29111796354799e-08,0.213811575940447
"root3",15,"T1",1.11640575878581e-11,1.81545861455727e-10,8.10185185185185e-07,0.134341775245393,8.31019060710304e-08,0.213811575940447
"root3",15,"T2",1.07958933530444e-11,1.81545861455727e-10,9.25925925925926e-07,0.134341775245393,8.03614016066431e-08,0.213811575940447
"root3",15,"T3",5.82742887627447e-12,1.81545861455727e-10,9.25925925925926e-07,0.134341775245393,4.33776378615654e-08,0.213811575940447
"root3",15,"T1",1.16263874852087e-11,1.81545861455727e-10,9.25925925925926e-07,0.134341775245393,8.65433515670872e-08,0.213811575940447
"root3",15,"T2",1.11410363797389e-11,1.81545861455727e-10,1.04166666666667e-06,0.134341775245393,8.29305430822867e-08,0.213811575940447
"root3",15,"T3",5.88111558820332e-12,1.81545861455727e-10,1.04166666666667e-06,0.134341775245393,4.3777265690145e-08,0.213811575940447
"root3",15,"T1",1.20520472810927e-11,1.81545861455727e-10,1.04166666666667e-06,0.134341775245393,8.97118357940266e-08,0.213811575940447
"root3",15,"T2",1.14577251519073e-11,1.81545861455727e-10,1.15740740740741e-06,0.134341775245393,8.52878795964866e-08,0.213811575940447
"root3",15,"T3",5.92801878931743e-12,1.81545861455727e-10,1.15740740740741e-06,0.134341775245393,4.41263990928296e-08,0.213811575940447
"root3",15,"T1",1.24478103497159e-11,1.81545861455727e-10,1.15740740740741e-06,0.134341775245393,9.26577777238567e-08,0.213811575940447
"root3",17,"T2",6.33102797786325e-12,1.03750944187109e-10,1.15740740740741e-07,0.149151653138835,4.24469179162911e-08,0.237382228673734
"root3",17,"T3",4.74321466450273e-12,1.03750944187109e-10,1.15740740740741e-07,0.149151653138835,3.18012879152442e-08,0.237382228673734
"root3",17,"T1",6.50394513708942e-12,1.03750944187109e-10,1.15740740740741e-07,0.149151653138835,4.36062557820619e-08,0.237382228673734
"root3",17,"T2",7.55299117041698e-12,1.03750944187109e-10,2.31481481481481e-07,0.149151653138835,5.06396745290273e-08,0.237382228673734
"root3",17,"T3",5.20797799345769e-12,1.03750944187109e-10,2.31481481481481e-07,0.149151653138835,3.49173333574113e-08,0.237382228673734
"root3",17,"T1",7.81269908362565e-12,1.03750944187109e-10,2.31481481481481e-07,0.149151653138835,5.23809084191199e-08,0.237382228673734
"root3",17,"T2",8.39624229895403e-12,1.03750944187109e-10,3.47222222222222e-07,0.149151653138835,5.62933237564491e-08,0.237382228673734
"root3",17,"T3",5.46113076761858e-12,1.03750944187109e-10,3.47222222222222e-07,0.149151653138835,3.66146177577743e-08,0.237382228673734
"root3",17,"T1",8.73635285125488e-12,1.03750944187109e-10,3.47222222222222e-07,0.149151653138835,5.85736240088657e-08,0.237382228673734
"root3",17,"T2",9.05252301656932e-12,1.03750944187109e-10,4.62962962962963e-07,0.149151653138835,6.06934138915842e-08,0.237382228673734
"root3",17,"T3",5.62792492589729e-12,1.03750944187109e-10,4.62962962962963e-07,0.149151653138835,3.77329034406252e-08,0.237382228673734
"root3",17,"T1",9.47068887835449e-12,1.03750944187109e-10,4.62962962962963e-07,0.149151653138835,6.34970426344445e-08,0.237382228673734
"root3",17,"T2",9.59589162784324e-12,1.03750944187109e-10,5.78703703703704e-07,0.149151653138835,6.43364751640472e-08,0.237382228673734
"root3",17,"T3",5.74993662937957e-12,1.03750944187109e-10,5.78703703703704e-07,0.149151653138835,3.85509413296771e-08,0.237382228673734
"root3",17,"T1",1.00907142739146e-11,1.03750944187109e-10,5.78703703703704e-07,0.149151653138835,6.76540558656891e-08,0.237382228673734
"root3",17,"T2",1.00631156428818e-11,1.03750944187109e-10,6.94444444444444e-07,0.149151653138835,6.74690184862699e-08,0.237382228673734
"root3",17,"T3",5.84527813281831e-12,1.03750944187109e-10,6.94444444444444e-07,0.149151653138835,3.91901665841903e-08,0.237382228673734
"root3",17,"T1",1.06334807049836e-11,1.03750944187109e-10,6.94444444444444e-07,0.149151653138835,7.12930797695259e-08,0.237382228673734
"root3",17,"T2",1.04752321290703e-11,1.03750944187109e-10,8.10185185185185e-07,0.149151653138835,7.02320886736642e-08,0.237382228673734
"root3",17,"T3",5.92320346561542e-12,1.03750944187109e-10,8.10185185185185e-07,0.149151653138835,3.9712623634831e-08,0.237382228673734
"root3",17,"T1",1.11201199976564e-11,1.03750944187109e-10,8.10185185185185e-07,0.149151653138835,7.45557944792302e-08,0.237382228673734
"root3",17,"T2",1.08454446550636e-11,1.03750944187109e-10,9.25925925925926e-07,0.149151653138835,7.27142101802137e-08,0.237382228673734
"root3",17,"T3",5.98897871864621e-12,1.03750944187109e-10,9.25925925925926e-07,0.149151653138835,4.01536194377375e-08,0.237382228673734
"root3",17,"T1",1.15638689494089e-11,1.03750944187109e-10,9.25925925925926e-07,0.149151653138835,7.75309472342549e-08,0.237382228673734
"root3",17,"T2",1.11826025212967e-11,1.03750944187109e-10,1.04166666666667e-06,0.149151653138835,7.49747138966508e-08,0.237382228673734
"root3",17,"T3",6.0458457330677e-12,1.03750944187109e-10,1.04166666666667e-06,0.149151653138835,4.05348891938867e-08,0.237382228673734
"root3",17,"T1",1.1973589873676e-11,1.03750944187109e-10,1.04166666666667e-06,0.149151653138835,8.02779561721022e-08,0.237382228673734
"root3",17,"T2",1.14929365121937e-11,1.03750944187109e-10,1.15740740740741e-06,0.149151653138835,7.70553746494231e-08,0.237382228673734
"root3",17,"T3",6.09592407194291e-12,1.03750944187109e-10,1.15740740740741e-06,0.149151653138835,4.08706436949019e-08,0.237382228673734
"root3",17,"T1",1.23555211133569e-11,1.03750944187109e-10,1.15740740740741e-06,0.149151653138835,8.28386467956613e-08,0.237382228673734
"root3",18,"T2",6.36646733493445e-12,3.15763834335575e-10,1.15740740740741e-07,0.130861207883468,4.86505316426836e-08,0.2082720809363
"root3",18,"T3",4.64710610401406e-12,3.15763834335575e-10,1.15740740740741e-07,0.130861207883468,3.55117164144802e-08,0.2082720809363
"root3",18,"T1",6.57896434474455e-12,3.15763834335575e-10,1.15740740740741e-07,0.130861207883468,5.02743666450268e-08,0.2082720809363
"root3",18,"T2",7.7345676353449e-12,3.15763834335575e-10,2.31481481481481e-07,0.130861207883468,5.91051218343677e-08,0.2082720809363
"root3",18,"T3",5.13290487752042e-12,3.15763834335575e-10,2.31481481481481e-07,0.130861207883468,3.92240371347579e-08,0.2082720809363
"root3",18,"T1",8.06578335737088e-12,3.15763834335575e-10,2.31481481481481e-07,0.130861207883468,6.16361677217091e-08,0.2082720809363
"root3",18,"T2",8.69156153800731e-12,3.15763834335575e-10,3.47222222222222e-07,0.130861207883468,6.64181668393826e-08,0.2082720809363
"root3",18,"T3",5.39531106962835e-12,3.15763834335575e-10,3.47222222222222e-07,0.130861207883468,4.12292623374903e-08,0.2082720809363
"root3",18,"T1",9.13329427868204e-12,3.15763834335575e-10,3.47222222222222e-07,0.130861207883468,6.97937488611235e-08,0.2082720809363
"root3",18,"T2",9.43554311069971e-12,3.15763834335575e-10,4.62962962962963e-07,0.130861207883468,7.21034389282274e-08,0.2082720809363
"root3",18,"T3",5.56495326615469e-12,3.15763834335575e-10,4.62962962962963e-07,0.130861207883468,4.25256143983501e-08,0.2082720809363
"root3",18,"T1",9.98393499475269e-12,3.15763834335575e-10,4.62962962962963e-07,0.130861207883468,7.62940764205951e-08,0.2082720809363
"root3",18,"T2",1.00469669052378e-11,3.15763834335575e-10,5.78703703703704e-07,0.130861207883468,7.67757463631589e-08,0.2082720809363
"root3",18,"T3",5.68632723161533e-12,3.15763834335575e-10,5.78703703703704e-07,0.130861207883468,4.34531158896149e-08,0.2082720809363
"root3",18,"T1",1.06991750901462e-11,3.15763834335575e-10,5.78703703703704e-07,0.130861207883468,8.17597152219001e-08,0.2082720809363
"root3",18,"T2",1.05673415174736e-11,3.15763834335575e-10,6.94444444444444e-07,0.130861207883468,8.07522847174377e-08,0.2082720809363
"root3",18,"T3",5.77907213983548e-12,3.15763834335575e-10,6.94444444444444e-07,0.130861207883468,4.41618431719028e-08,0.2082720809363
"root3",18,"T1",1.13208621200217e-11,3.15763834335575e-10,6.94444444444444e-07,0.130861207883468,8.65104510582156e-08,0.2082720809363
"root3",18,"T2",1.1021136593629e-11,3.15763834335575e-10,8.10185185185185e-07,0.130861207883468,8.42200432953618e-08,0.2082720809363
"root3",18,"T3",5.85328031743127e-12,3.15763834335575e-10,8.10185185185185e-07,0.130861207883468,4.47289186161542e-08,0.2082720809363
"root3",18,"T1",1.18736315584777e-11,3.15763834335575e-10,8.10185185185185e-07,0.130861207883468,9.07345404380738e-08,0.2082720809363
"root3",18,"T2",1.142406591619e-11,3.15763834335575e-10,9.25925925925926e-07,0.130861207883468,8.72991018573139e-08,0.2082720809363
"root3",18,"T3",5.91470032408767e-12,3.15763834335575e-10,9.25925925925926e-07,0.130861207883468,4.51982708990025e-08,0.2082720809363
"root3",18,"T1",1.23733120680863e-11,3.15763834335575e-10,9.25925925925926e-07,0.130861207883468,9.45529409991749e-08,0.2082720809363
"root3",18,"T2",1.17868434218707e-11,3.15763834335575e-10,1.04166666666667e-06,0.130861207883468,9.00713329221817e-08,0.2082720809363
"root3",18,"T3",5.96686221336385e-12,3.15763834335575e-10,1.04166666666667e-06,0.130861207883468,4.55968755742905e-08,0.2082720809363
"root3",18,"T1",1.28307151741499e-11,3.15763834335575e-10,1.04166666666667e-06,0.130861207883468,9.80482710015611e-08,0.2082720809363
"root3",18,"T2",1.21171070339586e-11,3.15763834335575e-10,1.15740740740741e-06,0.130861207883468,9.25951030862325e-08,0.2082720809363
"root3",18,"T3",6.01206248901711e-12,3.15763834335575e-10,1.15740740740741e-06,0.130861207883468,4.59422817980624e-08,0.2082720809363
"root3",18,"T1",1.32535688092849e-11,3.15763834335575e-10,1.15740740740741e-06,0.130861207883468,1.01279584864349e-07,0.2082720809363
"root3",2,"T2",4.81642743104628e-12,3.86671942856597e-11,1.15740740740741e-07,0.106836684002984,4.50821501621274e-08,0.170035863626217
"root3",2,"T3",3.49693605056053e-12,3.86671942856597e-11,1.15740740740741e-07,0.106836684002984,3.27316041600735e-08,0.170035863626217
"root3",2,"T1",4.98435605805025e-12,3.86671942856597e-11,1.15740740740741e-07,0.106836684002984,4.66539756878924e-08,0.170035863626217
"root3",2,"T2",5.93521717753113e-12,3.86671942856597e-11,2.31481481481481e-07,0.106836684002984,5.55541126432317e-08,0.170035863626217
"root3",2,"T3",3.88315688431128e-12,3.86671942856597e-11,2.31481481481481e-07,0.106836684002984,3.6346662389885e-08,0.170035863626217
"root3",2,"T1",6.20301874662178e-12,3.86671942856597e-11,2.31481481481481e-07,0.106836684002984,5.80607569816425e-08,0.170035863626217
"root3",2,"T2",6.72834552877168e-12,3.86671942856597e-11,3.47222222222222e-07,0.106836684002984,6.29778581351678e-08,0.170035863626217
"root3",2,"T3",4.08833340334725e-12,3.86671942856597e-11,3.47222222222222e-07,0.106836684002984,3.82671311965566e-08,0.170035863626217
"root3",2,"T1",7.08885608830887e-12,3.86671942856597e-11,3.47222222222222e-07,0.106836684002984,6.63522661196679e-08,0.170035863626217
"root3",2,"T2",7.35027326074305e-12,3.86671942856597e-11,4.62962962962963e-07,0.106836684002984,6.87991519891964e-08,0.170035863626217
"root3",2,"T3",4.21933112768063e-12,3.86671942856597e-11,4.62962962962963e-07,0.106836684002984,3.94932804874661e-08,0.170035863626217
"root3",2,"T1",7.79992466175331e-12,3.86671942856597e-11,4.62962962962963e-07,0.106836684002984,7.30079254569101e-08,0.170035863626217
"root3",2,"T2",7.86423702858419e-12,3.86671942856597e-11,5.78703703703704e-07,0.106836684002984,7.36098944100936e-08,0.170035863626217
"root3",2,"T3",4.31207052744647e-12,3.86671942856597e-11,5.78703703703704e-07,0.106836684002984,4.03613287672428e-08,0.170035863626217
"root3",2,"T1",8.40035303691678e-12,3.86671942856597e-11,5.78703703703704e-07,0.106836684002984,7.86279835929965e-08,0.170035863626217
"root3",2,"T2",8.30325300436945e-12,3.86671942856597e-11,6.94444444444444e-07,0.106836684002984,7.77191194378285e-08,0.170035863626217
"root3",2,"T3",4.38227465755251e-12,3.86671942856597e-11,6.94444444444444e-07,0.106836684002984,4.10184451010302e-08,0.170035863626217
"root3",2,"T1",8.92349074799534e-12,3.86671942856597e-11,6.94444444444444e-07,0.106836684002984,8.35245948643081e-08,0.170035863626217
"root3",2,"T2",8.68700929601553e-12,3.86671942856597e-11,8.10185185185185e-07,0.106836684002984,8.13111093542823e-08,0.170035863626217
"root3",2,"T3",4.43797521154175e-12,3.86671942856597e-11,8.10185185185185e-07,0.106836684002984,4.15398067897521e-08,0.170035863626217
"root3",2,"T1",9.3892141732448e-12,3.86671942856597e-11,8.10185185185185e-07,0.106836684002984,8.78838037783216e-08,0.170035863626217
"root3",2,"T2",9.02827622275654e-12,3.86671942856597e-11,9.25925925925926e-07,0.106836684002984,8.45053953799649e-08,0.170035863626217
"root3",2,"T3",4.48372509275143e-12,3.86671942856597e-11,9.25925925925926e-07,0.106836684002984,4.19680293767466e-08,0.170035863626217
"root3",2,"T1",9.81043545044205e-12,3.86671942856597e-11,9.25925925925926e-07,0.106836684002984,9.18264689885736e-08,0.170035863626217
"root3",2,"T2",9.33583445776092e-12,3.86671942856597e-11,1.04166666666667e-06,0.106836684002984,8.73841653256494e-08,0.170035863626217
"root3",2,"T3",4.52230849435195e-12,3.86671942856597e-11,1.04166666666667e-06,0.106836684002984,4.23291731351905e-08,0.170035863626217
"root3",2,"T1",1.01960569749911e-11,3.86671942856597e-11,1.04166666666667e-06,0.106836684002984,9.54359176358032e-08,0.170035863626217
"root3",2,"T2",9.61598774839353e-12,3.86671942856597e-11,1.15740740740741e-06,0.106836684002984,9.00064227763279e-08,0.170035863626217
"root3",2,"T3",4.55552980111898e-12,3.86671942856597e-11,1.15740740740741e-06,0.106836684002984,4.26401272524683e-08,0.170035863626217
"root3",2,"T1",1.05524917303873e-11,3.86671942856597e-11,1.15740740740741e-06,0.106836684002984,9.87721757640155e-08,0.170035863626217
"root3",20,"T2",7.00027480313747e-12,4.61867093265731e-10,1.15740740740741e-07,0.130532288823414,5.36286834946068e-08,0.207748589993453
"root3",20,"T3",5.22792219288372e-12,4.61867093265731e-10,1.15740740740741e-07,0.130532288823414,4.00507969331338e-08,0.207748589993453
"root3",20,"T1",7.23762143674062e-12,4.61867093265731e-10,1.15740740740741e-07,0.130532288823414,5.54469817543135e-08,0.207748589993453
"root3",20,"T2",8.46935051999381e-12,4.61867093265731e-10,2.31481481481481e-07,0.130532288823414,6.48831840484409e-08,0.207748589993453
"root3",20,"T3",5.75567406239483e-12,4.61867093265731e-10,2.31481481481481e-07,0.130532288823414,4.40938722079806e-08,0.207748589993453
"root3",20,"T1",8.85434261658773e-12,4.61867093265731e-10,2.31481481481481e-07,0.130532288823414,6.78325853043611e-08,0.207748589993453
"root3",20,"T2",9.49726292198631e-12,4.61867093265731e-10,3.47222222222222e-07,0.130532288823414,7.27579590275502e-08,0.207748589993453
"root3",20,"T3",6.03881931642105e-12,4.61867093265731e-10,3.47222222222222e-07,0.130532288823414,4.62630309393444e-08,0.207748589993453
"root3",20,"T1",1.00151387797756e-11,4.61867093265731e-10,3.47222222222222e-07,0.130532288823414,7.67253747716338e-08,0.207748589993453
"root3",20,"T2",1.02984692484751e-11,4.61867093265731e-10,4.62962962962963e-07,0.130532288823414,7.88959524214505e-08,0.207748589993453
"root3",20,"T3",6.22138248310204e-12,4.61867093265731e-10,4.62962962962963e-07,0.130532288823414,4.76616363597088e-08,0.207748589993453
"root3",20,"T1",1.09428690057343e-11,4.61867093265731e-10,4.62962962962963e-07,0.130532288823414,8.38326601362055e-08,0.207748589993453
"root3",20,"T2",1.09590207248237e-11,4.61867093265731e-10,5.78703703703704e-07,0.130532288823414,8.39563974829952e-08,0.207748589993453
"root3",20,"T3",6.35154794083614e-12,4.61867093265731e-10,5.78703703703704e-07,0.130532288823414,4.86588260888354e-08,0.207748589993453
"root3",20,"T1",1.17261893829678e-11,4.61867093265731e-10,5.78703703703704e-07,0.130532288823414,8.98336303505042e-08,0.207748589993453
"root3",20,"T2",1.1523030362202e-11,4.61867093265731e-10,6.94444444444444e-07,0.130532288823414,8.8277241332913e-08,0.207748589993453
"root3",20,"T3",6.45054129893023e-12,4.61867093265731e-10,6.94444444444444e-07,0.130532288823414,4.94172082407642e-08,0.207748589993453
"root3",20,"T1",1.2410169787654e-11,4.61867093265731e-10,6.94444444444444e-07,0.130532288823414,9.50735630204315e-08,0.207748589993453
"root3",20,"T2",1.20163562506716e-11,4.61867093265731e-10,8.10185185185185e-07,0.130532288823414,9.20565812411942e-08,0.207748589993453
"root3",20,"T3",6.52929475889885e-12,4.61867093265731e-10,8.10185185185185e-07,0.130532288823414,5.00205337526241e-08,0.207748589993453
"root3",20,"T1",1.30210664940381e-11,4.61867093265731e-10,8.10185185185185e-07,0.130532288823414,9.97536058810183e-08,0.207748589993453
"root3",20,"T2",1.24555267238251e-11,4.61867093265731e-10,9.25925925925926e-07,0.130532288823414,9.54210397756458e-08,0.207748589993453
"root3",20,"T3",6.59405676178871e-12,4.61867093265731e-10,9.25925925925926e-07,0.130532288823414,5.05166715548001e-08,0.207748589993453
"root3",20,"T1",1.35755926799328e-11,4.61867093265731e-10,9.25925925925926e-07,0.130532288823414,1.04001797580506e-07,0.207748589993453
"root3",20,"T2",1.28517750641487e-11,4.61867093265731e-10,1.04166666666667e-06,0.130532288823414,9.84566744365815e-08,0.207748589993453
"root3",20,"T3",6.64867827993074e-12,4.61867093265731e-10,1.04166666666667e-06,0.130532288823414,5.09351237142955e-08,0.207748589993453
"root3",20,"T1",1.40850789563684e-11,4.61867093265731e-10,1.04166666666667e-06,0.130532288823414,1.07904941247317e-07,0.207748589993453
"root3",20,"T2",1.32130965176805e-11,4.61867093265731e-10,1.15740740740741e-06,0.130532288823414,1.01224736322179e-07,0.207748589993453
"root3",20,"T3",6.69567316127198e-12,4.61867093265731e-10,1.15740740740741e-06,0.130532288823414,5.12951486687711e-08,0.207748589993453
"root3",20,"T1",1.45575809085577e-11,4.61867093265731e-10,1.15740740740741e-06,0.130532288823414,1.11524750234415e-07,0.207748589993453
"root3",21,"T2",6.42547349260744e-12,1.80485021118376e-10,1.15740740740741e-07,0.156163678322479,4.11457616881871e-08,0.248542213364352
"root3",21,"T3",4.9180423769632e-12,1.80485021118376e-10,1.15740740740741e-07,0.156163678322479,3.14928697235692e-08,0.248542213364352
"root3",21,"T1",6.59330977956661e-12,1.80485021118376e-10,1.15740740740741e-07,0.156163678322479,4.22205076775368e-08,0.248542213364352
"root3",21,"T2",7.60159881740254e-12,1.80485021118376e-10,2.31481481481481e-07,0.156163678322479,4.8677124534075e-08,0.248542213364352
"root3",21,"T3",5.37959178323941e-12,1.80485021118376e-10,2.31481481481481e-07,0.156163678322479,3.44484187426126e-08,0.248542213364352
"root3",21,"T1",7.85259931182903e-12,1.80485021118376e-10,2.31481481481481e-07,0.156163678322479,5.02844156604288e-08,0.248542213364352
"root3",21,"T2",8.40609550660602e-12,1.80485021118376e-10,3.47222222222222e-07,0.156163678322479,5.38287494051426e-08,0.248542213364352
"root3",21,"T3",5.62778500479528e-12,1.80485021118376e-10,3.47222222222222e-07,0.156163678322479,3.60377333913323e-08,0.248542213364352
"root3",21,"T1",8.73421158278041e-12,1.80485021118376e-10,3.47222222222222e-07,0.156163678322479,5.59298530657315e-08,0.248542213364352
"root3",21,"T2",9.03016278695432e-12,1.80485021118376e-10,4.62962962962963e-07,0.156163678322479,5.78249877561604e-08,0.248542213364352
"root3",21,"T3",5.79094405020178e-12,1.80485021118376e-10,4.62962962962963e-07,0.156163678322479,3.70825284881126e-08,0.248542213364352
"root3",21,"T1",9.43319331099539e-12,1.80485021118376e-10,4.62962962962963e-07,0.156163678322479,6.04058089072146e-08,0.248542213364352
"root3",21,"T2",9.54601846517364e-12,1.80485021118376e-10,5.78703703703704e-07,0.156163678322479,6.11282890344133e-08,0.248542213364352
"root3",21,"T3",5.91055072067782e-12,1.80485021118376e-10,5.78703703703704e-07,0.156163678322479,3.78484343105219e-08,0.248542213364352
"root3",21,"T1",1.00226193426853e-11,1.80485021118376e-10,5.78703703703704e-07,0.156163678322479,6.4180220716808e-08,0.248542213364352
"root3",21,"T2",9.98911747715414e-12,1.80485021118376e-10,6.94444444444444e-07,0.156163678322479,6.39656902581825e-08,0.248542213364352
"root3",21,"T3",6.00438634431756e-12,1.80485021118376e-10,6.94444444444444e-07,0.156163678322479,3.84493142631955e-08,0.248542213364352
"root3",21,"T1",1.05381792108771e-11,1.80485021118376e-10,6.94444444444444e-07,0.156163678322479,6.74816277644006e-08,0.248542213364352
"root3",21,"T2",1.03796264182251e-11,1.80485021118376e-10,8.10185185185185e-07,0.156163678322479,6.64663289807447e-08,0.248542213364352
"root3",21,"T3",6.08144337599899e-12,1.80485021118376e-10,8.10185185185185e-07,0.156163678322479,3.89427518698731e-08,0.248542213364352
"root3",21,"T1",1.10001053273017e-11,1.80485021118376e-10,8.10185185185185e-07,0.156163678322479,7.04395890610774e-08,0.248542213364352
"root3",21,"T2",1.07301642969429e-11,1.80485021118376e-10,9.25925925925926e-07,0.156163678322479,6.87110114990057e-08,0.248542213364352
"root3",21,"T3",6.14680595326658e-12,1.80485021118376e-10,9.25925925925926e-07,0.156163678322479,3.93613035969439e-08,0.248542213364352
"root3",21,"T1",1.14210328515561e-11,1.80485021118376e-10,9.25925925925926e-07,0.156163678322479,7.31350143275418e-08,0.248542213364352
"root3",21,"T2",1.10491775604966e-11,1.80485021118376e-10,1.04166666666667e-06,0.156163678322479,7.07538249558898e-08,0.248542213364352
"root3",21,"T3",6.20359146770227e-12,1.80485021118376e-10,1.04166666666667e-06,0.156163678322479,3.97249317788981e-08,0.248542213364352
"root3",21,"T1",1.18094116887339e-11,1.80485021118376e-10,1.04166666666667e-06,0.156163678322479,7.56220128495396e-08,0.248542213364352
"root3",21,"T2",1.13426118510772e-11,1.80485021118376e-10,1.15740740740741e-06,0.156163678322479,7.26328424952609e-08,0.248542213364352
"root3",21,"T3",6.25383354307163e-12,1.80485021118376e-10,1.15740740740741e-06,0.156163678322479,4.00466588021667e-08,0.248542213364352
"root3",21,"T1",1.21711904922317e-11,1.80485021118376e-10,1.15740740740741e-06,0.156163678322479,7.79386770533039e-08,0.248542213364352
"root3",29,"T2",1.29257666952503e-11,1.15371234742212e-08,1.15740740740741e-07,0.241324858094637,5.35616877486421e-08,0.384080440567117
"root3",29,"T3",1.03475813566862e-11,1.15371234742212e-08,1.15740740740741e-07,0.241324858094637,4.28782241431104e-08,0.384080440567117
"root3",29,"T1",1.33214786160742e-11,1.15371234742212e-08,1.15740740740741e-07,0.241324858094637,5.52014356136081e-08,0.384080440567117
"root3",29,"T2",1.50525435994546e-11,1.15371234742212e-08,2.31481481481481e-07,0.241324858094637,6.23746087257687e-08,0.384080440567117
"root3",29,"T3",1.12697285251667e-11,1.15371234742212e-08,2.31481481481481e-07,0.241324858094637,4.66994101401157e-08,0.384080440567117
"root3",29,"T1",1.56437918727488e-11,1.15371234742212e-08,2.31481481481481e-07,0.241324858094637,6.48246185505431e-08,0.384080440567117
"root3",29,"T2",1.65001462717547e-11,1.15371234742212e-08,3.47222222222222e-07,0.241324858094637,6.83731730002057e-08,0.384080440567117
"root3",29,"T3",1.17917071572587e-11,1.15371234742212e-08,3.47222222222222e-07,0.241324858094637,4.88623809845336e-08,0.384080440567117
"root3",29,"T1",1.72614846060555e-11,1.15371234742212e-08,3.47222222222222e-07,0.241324858094637,7.15280006475186e-08,0.384080440567117
"root3",29,"T2",1.76232897980196e-11,1.15371234742212e-08,4.62962962962963e-07,0.241324858094637,7.30272460829895e-08,0.384080440567117
"root3",29,"T3",1.21515358931197e-11,1.15371234742212e-08,4.62962962962963e-07,0.241324858094637,5.03534363971505e-08,0.384080440567117
"root3",29,"T1",1.85447348677584e-11,1.15371234742212e-08,4.62962962962963e-07,0.241324858094637,7.68455227288935e-08,0.384080440567117
"root3",29,"T2",1.85550294179468e-11,1.15371234742212e-08,5.78703703703704e-07,0.241324858094637,7.68881812029093e-08,0.384080440567117
"root3",29,"T3",1.24265747020122e-11,1.15371234742212e-08,5.78703703703704e-07,0.241324858094637,5.14931399944678e-08,0.384080440567117
"root3",29,"T1",1.96312261643719e-11,1.15371234742212e-08,5.78703703703704e-07,0.241324858094637,8.13477165981527e-08,0.384080440567117
"root3",29,"T2",1.93599899913679e-11,1.15371234742212e-08,6.94444444444444e-07,0.241324858094637,8.0223770332751e-08,0.384080440567117
"root3",29,"T3",1.26503715312968e-11,1.15371234742212e-08,6.94444444444444e-07,0.241324858094637,5.24205074900981e-08,0.384080440567117
"root3",29,"T1",2.05873827858463e-11,1.15371234742212e-08,6.94444444444444e-07,0.241324858094637,8.53098306920907e-08,0.384080440567117
"root3",29,"T2",2.00744172223752e-11,1.15371234742212e-08,8.10185185185185e-07,0.241324858094637,8.31842081287079e-08,0.384080440567117
"root3",29,"T3",1.28400862682508e-11,1.15371234742212e-08,8.10185185185185e-07,0.241324858094637,5.32066458864981e-08,0.384080440567117
"root3",29,"T1",2.14502826881853e-11,1.15371234742212e-08,8.10185185185185e-07,0.241324858094637,8.88855083456568e-08,0.384080440567117
"root3",29,"T2",2.07206447586818e-11,1.15371234742212e-08,9.25925925925926e-07,0.241324858094637,8.5862040579989e-08,0.384080440567117
"root3",29,"T3",1.30055226109245e-11,1.15371234742212e-08,9.25925925925926e-07,0.241324858094637,5.38921796685539e-08,0.384080440567117
"root3",29,"T1",2.2242695946344e-11,1.15371234742212e-08,9.25925925925926e-07,0.241324858094637,9.21691040117443e-08,0.384080440567117
"root3",29,"T2",2.13133917956299e-11,1.15371234742212e-08,1.04166666666667e-06,0.241324858094637,8.83182609695007e-08,0.384080440567117
"root3",29,"T3",1.31527513737091e-11,1.15371234742212e-08,1.04166666666667e-06,0.241324858094637,5.45022650279613e-08,0.384080440567117
"root3",29,"T1",2.29795940991639e-11,1.15371234742212e-08,1.04166666666667e-06,0.241324858094637,9.5222656632216e-08,0.384080440567117
"root3",29,"T2",2.18628672818136e-11,1.15371234742212e-08,1.15740740740741e-06,0.241324858094637,9.05951730560636e-08,0.384080440567117
"root3",29,"T3",1.32857715946271e-11,1.15371234742212e-08,1.15740740740741e-06,0.241324858094637,5.50534731462146e-08,0.384080440567117
"root3",29,"T1",2.36713442789984e-11,1.15371234742212e-08,1.15740740740741e-06,0.241324858094637,9.80891254464781e-08,0.384080440567117
"root3",3,"T2",5.30006734129747e-12,3.22934216824005e-11,1.15740740740741e-07,0.138778843704079,3.81907443514871e-08,0.220873389720817
"root3",3,"T3",3.86816632401489e-12,3.22934216824005e-11,1.15740740740741e-07,0.138778843704079,2.78728819232927e-08,0.220873389720817
"root3",3,"T1",5.44228142243376e-12,3.22934216824005e-11,1.15740740740741e-07,0.138778843704079,3.92154976736832e-08,0.220873389720817
"root3",3,"T2",6.44469318344585e-12,3.22934216824005e-11,2.31481481481481e-07,0.138778843704079,4.64385853883319e-08,0.220873389720817
"root3",3,"T3",4.28714400968774e-12,3.22934216824005e-11,2.31481481481481e-07,0.138778843704079,3.0891913315183e-08,0.220873389720817
"root3",3,"T1",6.66238926142694e-12,3.22934216824005e-11,2.31481481481481e-07,0.138778843704079,4.80072400346071e-08,0.220873389720817
"root3",3,"T2",7.25167109529946e-12,3.22934216824005e-11,3.47222222222222e-07,0.138778843704079,5.2253433605214e-08,0.220873389720817
"root3",3,"T3",4.51501247612515e-12,3.22934216824005e-11,3.47222222222222e-07,0.138778843704079,3.25338672352149e-08,0.220873389720817
"root3",3,"T1",7.54073979387689e-12,3.22934216824005e-11,3.47222222222222e-07,0.138778843704079,5.43363786050572e-08,0.220873389720817
"root3",3,"T2",7.88977634705487e-12,3.22934216824005e-11,4.62962962962963e-07,0.138778843704079,5.68514345304562e-08,0.220873389720817
"root3",3,"T3",4.66538045681099e-12,3.22934216824005e-11,4.62962962962963e-07,0.138778843704079,3.36173751869491e-08,0.220873389720817
"root3",3,"T1",8.24869222696175e-12,3.22934216824005e-11,4.62962962962963e-07,0.138778843704079,5.94376780120074e-08,0.220873389720817
"root3",3,"T2",8.4245590430758e-12,3.22934216824005e-11,5.78703703703704e-07,0.138778843704079,6.07049231584582e-08,0.220873389720817
"root3",3,"T3",4.77560561672132e-12,3.22934216824005e-11,5.78703703703704e-07,0.138778843704079,3.44116256430587e-08,0.220873389720817
"root3",3,"T1",8.85244730173408e-12,3.22934216824005e-11,5.78703703703704e-07,0.138778843704079,6.37881615486748e-08,0.220873389720817
"root3",3,"T2",8.88890081923581e-12,3.22934216824005e-11,6.94444444444444e-07,0.138778843704079,6.40508349975145e-08,0.220873389720817
"root3",3,"T3",4.86190058249575e-12,3.22934216824005e-11,6.94444444444444e-07,0.138778843704079,3.50334420775466e-08,0.220873389720817
"root3",3,"T1",9.38510652426304e-12,3.22934216824005e-11,6.94444444444444e-07,0.138778843704079,6.76263490440596e-08,0.220873389720817
"root3",3,"T2",9.30181240269671e-12,3.22934216824005e-11,8.10185185185185e-07,0.138778843704079,6.70261558204877e-08,0.220873389720817
"root3",3,"T3",4.93253869937467e-12,3.22934216824005e-11,8.10185185185185e-07,0.138778843704079,3.55424398108722e-08,0.220873389720817
"root3",3,"T1",9.86576723392333e-12,3.22934216824005e-11,8.10185185185185e-07,0.138778843704079,7.10898503734496e-08,0.220873389720817
"root3",3,"T2",9.67533356504251e-12,3.22934216824005e-11,9.25925925925926e-07,0.138778843704079,6.97176407210412e-08,0.220873389720817
"root3",3,"T3",4.99222758469525e-12,3.22934216824005e-11,9.25925925925926e-07,0.138778843704079,3.59725405649025e-08,0.220873389720817
"root3",3,"T1",1.03065058647056e-11,3.22934216824005e-11,9.25925925925926e-07,0.138778843704079,7.42656848091515e-08,0.220873389720817
"root3",3,"T2",1.00175928706777e-11,3.22934216824005e-11,1.04166666666667e-06,0.138778843704079,7.21838617710237e-08,0.220873389720817
"root3",3,"T3",5.04386662201067e-12,3.22934216824005e-11,1.04166666666667e-06,0.138778843704079,3.63446364545723e-08,0.220873389720817
"root3",3,"T1",1.071546649527e-11,3.22934216824005e-11,1.04166666666667e-06,0.138778843704079,7.72125362142288e-08,0.220873389720817
"root3",3,"T2",1.03343466687973e-11,3.22934216824005e-11,1.15740740740741e-06,0.138778843704079,7.44662975491669e-08,0.220873389720817
"root3",3,"T3",5.08935297025441e-12,3.22934216824005e-11,1.15740740740741e-06,0.138778843704079,3.66723978555877e-08,0.220873389720817
"root3",3,"T1",1.10984113764687e-11,3.22934216824005e-11,1.15740740740741e-06,0.138778843704079,7.99719256930406e-08,0.220873389720817
"root3",4,"T2",4.69916059381571e-12,9.99824787646142e-11,1.15740740740741e-07,0.101043484267504,4.650631980757e-08,0.160815699884014
"root3",4,"T3",3.38254531121618e-12,9.99824787646142e-11,1.15740740740741e-07,0.101043484267504,3.34761349109971e-08,0.160815699884014
"root3",4,"T1",4.87902169162202e-12,9.99824787646142e-11,1.15740740740741e-07,0.101043484267504,4.82863563840022e-08,0.160815699884014
"root3",4,"T2",5.83815296309334e-12,9.99824787646142e-11,2.31481481481481e-07,0.101043484267504,5.77786188334255e-08,0.160815699884014
"root3",4,"T3",3.77750178976361e-12,9.99824787646142e-11,2.31481481481481e-07,0.101043484267504,3.73849122201981e-08,0.160815699884014
"root3",4,"T1",6.1310485597685e-12,9.99824787646142e-11,2.31481481481481e-07,0.101043484267504,6.06773272340557e-08,0.160815699884014
"root3",4,"T2",6.64666746764132e-12,9.99824787646142e-11,3.47222222222222e-07,0.101043484267504,6.57802679294475e-08,0.160815699884014
"root3",4,"T3",3.98878343965726e-12,9.99824787646142e-11,3.47222222222222e-07,0.101043484267504,3.9475909491574e-08,0.160815699884014
"root3",4,"T1",7.04502151090396e-12,9.99824787646142e-11,3.47222222222222e-07,0.101043484267504,6.97226700165333e-08,0.160815699884014
"root3",4,"T2",7.27823096164615e-12,9.99824787646142e-11,4.62962962962963e-07,0.101043484267504,7.20306807945939e-08,0.160815699884014
"root3",4,"T3",4.12351944906216e-12,9.99824787646142e-11,4.62962962962963e-07,0.101043484267504,4.08093552885161e-08,0.160815699884014
"root3",4,"T1",7.77761410157938e-12,9.99824787646142e-11,4.62962962962963e-07,0.101043484267504,7.69729404915295e-08,0.160815699884014
"root3",4,"T2",7.79705566802537e-12,9.99824787646142e-11,5.78703703703704e-07,0.101043484267504,7.71653484096345e-08,0.160815699884014
"root3",4,"T3",4.2184312588062e-12,9.99824787646142e-11,5.78703703703704e-07,0.101043484267504,4.17486717662889e-08,0.160815699884014
"root3",4,"T1",8.39377600096476e-12,9.99824787646142e-11,5.78703703703704e-07,0.101043484267504,8.30709279456651e-08,0.160815699884014
"root3",4,"T2",8.23717485736878e-12,9.99824787646142e-11,6.94444444444444e-07,0.101043484267504,8.1521088836976e-08,0.160815699884014
"root3",4,"T3",4.28979334361914e-12,9.99824787646142e-11,6.94444444444444e-07,0.101043484267504,4.24549229939684e-08,0.160815699884014
"root3",4,"T1",8.92784236501784e-12,9.99824787646142e-11,6.94444444444444e-07,0.101043484267504,8.83564381190789e-08,0.160815699884014
"root3",4,"T2",8.61911482192901e-12,9.99824787646142e-11,8.10185185185185e-07,0.101043484267504,8.53010452322749e-08,0.160815699884014
"root3",4,"T3",4.3459868084151e-12,9.99824787646142e-11,8.10185185185185e-07,0.101043484267504,4.30110544971853e-08,0.160815699884014
"root3",4,"T1",9.40055819748334e-12,9.99824787646142e-11,8.10185185185185e-07,0.101043484267504,9.30347786958352e-08,0.160815699884014
"root3",4,"T2",8.9563059200711e-12,9.99824787646142e-11,9.25925925925926e-07,0.101043484267504,8.86381342151667e-08,0.160815699884014
"root3",4,"T3",4.39178740730168e-12,9.99824787646142e-11,9.25925925925926e-07,0.101043484267504,4.34643306210106e-08,0.160815699884014
"root3",4,"T1",9.82555654302953e-12,9.99824787646142e-11,9.25925925925926e-07,0.101043484267504,9.72408722270227e-08,0.160815699884014
"root3",4,"T2",9.25804355080658e-12,9.99824787646142e-11,1.04166666666667e-06,0.101043484267504,9.16243498323623e-08,0.160815699884014
"root3",4,"T3",4.43012458630522e-12,9.99824787646142e-11,1.04166666666667e-06,0.101043484267504,4.38437432994377e-08,0.160815699884014
"root3",4,"T1",1.02123284282571e-11,9.99824787646142e-11,1.04166666666667e-06,0.101043484267504,1.01068648832624e-07,0.160815699884014
"root3",4,"T2",9.53103296216822e-12,9.99824787646142e-11,1.15740740740741e-06,0.101043484267504,9.43260521077799e-08,0.160815699884014
"root3",4,"T3",4.46289956987696e-12,9.99824787646142e-11,1.15740740740741e-06,0.101043484267504,4.4168108435986e-08,0.160815699884014
"root3",4,"T1",1.05677656707118e-11,9.99824787646142e-11,1.15740740740741e-06,0.101043484267504,1.04586314964501e-07,0.160815699884014
"root4",0,"T2",6.06438802614012e-12,9.65937198729958e-12,1.15740740740741e-07,0.138781759301448,4.36972989581985e-08,0.220878030038151
"root4",0,"T3",4.52892663299505e-12,9.65937198729958e-12,1.15740740740741e-07,0.138781759301448,3.26334430100267e-08,0.220878030038151
"root4",0,"T1",6.26463245388443e-12,9.65937198729958e-12,1.15740740740741e-07,0.138781759301448,4.51401717734174e-08,0.220878030038151
"root4",0,"T2",7.33120691793528e-12,9.65937198729958e-12,2.31481481481481e-07,0.138781759301448,5.28254358125779e-08,0.220878030038151
"root4",0,"T3",5.01806914674522e-12,9.65937198729958e-12,2.31481481481481e-07,0.138781759301448,3.61579877067668e-08,0.220878030038151
"root4",0,"T1",7.63466465404895e-12,9.65937198729958e-12,2.31481481481481e-07,0.138781759301448,5.50120180957332e-08,0.220878030038151
"root4",0,"T2",8.1979042528755e-12,9.65937198729958e-12,3.47222222222222e-07,0.138781759301448,5.90704736280855e-08,0.220878030038151
"root4",0,"T3",5.27785503065466e-12,9.65937198729958e-12,3.47222222222222e-07,0.138781759301448,3.80298899309284e-08,0.220878030038151
"root4",0,"T1",8.59453358979396e-12,9.65937198729958e-12,3.47222222222222e-07,0.138781759301448,6.19284092740586e-08,0.220878030038151
"root4",0,"T2",8.86636280529922e-12,9.65937198729958e-12,4.62962962962963e-07,0.138781759301448,6.38870904211596e-08,0.220878030038151
"root4",0,"T3",5.44551493712595e-12,9.65937198729958e-12,4.62962962962963e-07,0.138781759301448,3.92379730919662e-08,0.220878030038151
"root4",0,"T1",9.3507156101574e-12,9.65937198729958e-12,4.62962962962963e-07,0.138781759301448,6.73771225932271e-08,0.220878030038151
"root4",0,"T2",9.41520141882885e-12,9.65937198729958e-12,5.78703703703704e-07,0.138781759301448,6.78417788203569e-08,0.220878030038151
"root4",0,"T3",5.56607514244599e-12,9.65937198729958e-12,5.78703703703704e-07,0.138781759301448,4.01066766300023e-08,0.220878030038151
"root4",0,"T1",9.98340191831096e-12,9.65937198729958e-12,5.78703703703704e-07,0.138781759301448,7.19359804095436e-08,0.220878030038151
"root4",0,"T2",9.88374911266071e-12,9.65937198729958e-12,6.94444444444444e-07,0.138781759301448,7.12179263500487e-08,0.220878030038151
"root4",0,"T3",5.65897181812195e-12,9.65937198729958e-12,6.94444444444444e-07,0.138781759301448,4.07760490038903e-08,0.220878030038151
"root4",0,"T1",1.053272946395e-11,9.65937198729958e-12,6.94444444444444e-07,0.138781759301448,7.58941918373567e-08,0.220878030038151
"root4",0,"T2",1.02946102195546e-11,9.65937198729958e-12,8.10185185185185e-07,0.138781759301448,7.41784098383824e-08,0.220878030038151
"root4",0,"T3",5.73405144280326e-12,9.65937198729958e-12,8.10185185185185e-07,0.138781759301448,4.13170395855e-08,0.220878030038151
"root4",0,"T1",1.10218171885705e-11,9.65937198729958e-12,8.10185185185185e-07,0.138781759301448,7.94183417478514e-08,0.220878030038151
"root4",0,"T2",1.06619877538008e-11,9.65937198729958e-12,9.25925925925926e-07,0.138781759301448,7.68255699269661e-08,0.220878030038151
"root4",0,"T3",5.79686799413594e-12,9.65937198729958e-12,9.25925925925926e-07,0.138781759301448,4.17696678822507e-08,0.220878030038151
"root4",0,"T1",1.14652342172301e-11,9.65937198729958e-12,9.25925925925926e-07,0.138781759301448,8.26134088149617e-08,0.220878030038151
"root4",0,"T2",1.09953831416168e-11,9.65937198729958e-12,1.04166666666667e-06,0.138781759301448,7.92278696923977e-08,0.220878030038151
"root4",0,"T3",5.85080834187107e-12,9.65937198729958e-12,1.04166666666667e-06,0.138781759301448,4.21583381801821e-08,0.220878030038151
"root4",0,"T1",1.18727583288123e-11,9.65937198729958e-12,1.04166666666667e-06,0.138781759301448,8.55498473904161e-08,0.220878030038151
"root4",0,"T2",1.13014579689952e-11,9.65937198729958e-12,1.15740740740741e-06,0.138781759301448,8.14333095781507e-08,0.220878030038151
"root4",0,"T3",5.89806472720727e-12,9.65937198729958e-12,1.15740740740741e-06,0.138781759301448,4.24988468001481e-08,0.220878030038151
"root4",0,"T1",1.22512671115043e-11,9.65937198729958e-12,1.15740740740741e-06,0.138781759301448,8.82772143340054e-08,0.220878030038151
"root4",10,"T2",5.14575114277167e-12,1.98697514824373e-11,1.15740740740741e-07,0.121067953017524,4.25029994686278e-08,0.192685631727563
"root4",10,"T3",3.85925017386581e-12,1.98697514824373e-11,1.15740740740741e-07,0.121067953017524,3.18767277192437e-08,0.192685631727563
"root4",10,"T1",5.30922547611204e-12,1.98697514824373e-11,1.15740740740741e-07,0.121067953017524,4.38532687121881e-08,0.192685631727563
"root4",10,"T2",6.19098498234804e-12,1.98697514824373e-11,2.31481481481481e-07,0.121067953017524,5.11364471608099e-08,0.192685631727563
"root4",10,"T3",4.26801069104996e-12,1.98697514824373e-11,2.31481481481481e-07,0.121067953017524,3.52530177034726e-08,0.192685631727563
"root4",10,"T1",6.43842726064281e-12,1.98697514824373e-11,2.31481481481481e-07,0.121067953017524,5.31802768624566e-08,0.192685631727563
"root4",10,"T2",6.90419488474144e-12,1.98697514824373e-11,3.47222222222222e-07,0.121067953017524,5.70274355240985e-08,0.192685631727563
"root4",10,"T3",4.48783430883224e-12,1.98697514824373e-11,3.47222222222222e-07,0.121067953017524,3.70687221265123e-08,0.192685631727563
"root4",10,"T1",7.22590246241642e-12,1.98697514824373e-11,3.47222222222222e-07,0.121067953017524,5.96846835377691e-08,0.192685631727563
"root4",10,"T2",7.451519540313e-12,1.98697514824373e-11,4.62962962962963e-07,0.121067953017524,6.15482409224713e-08,0.192685631727563
"root4",10,"T3",4.63058294454869e-12,1.98697514824373e-11,4.62962962962963e-07,0.121067953017524,3.82478007526767e-08,0.192685631727563
"root4",10,"T1",7.84274241730843e-12,1.98697514824373e-11,4.62962962962963e-07,0.121067953017524,6.47796730830432e-08,0.192685631727563
"root4",10,"T2",7.89828690347879e-12,1.98697514824373e-11,5.78703703703704e-07,0.121067953017524,6.52384607703374e-08,0.192685631727563
"root4",10,"T3",4.73359703733994e-12,1.98697514824373e-11,5.78703703703704e-07,0.121067953017524,3.90986790422959e-08,0.192685631727563
"root4",10,"T1",8.3558086637084e-12,1.98697514824373e-11,5.78703703703704e-07,0.121067953017524,6.90175100466011e-08,0.192685631727563
"root4",10,"T2",8.27736896398662e-12,1.98697514824373e-11,6.94444444444444e-07,0.121067953017524,6.83696119218973e-08,0.192685631727563
"root4",10,"T3",4.81315712767871e-12,1.98697514824373e-11,6.94444444444444e-07,0.121067953017524,3.97558313964558e-08,0.192685631727563
"root4",10,"T1",8.79867041420153e-12,1.98697514824373e-11,6.94444444444444e-07,0.121067953017524,7.26754702206617e-08,0.192685631727563
"root4",10,"T2",8.60774731500012e-12,1.98697514824373e-11,8.10185185185185e-07,0.121067953017524,7.10984789984365e-08,0.192685631727563
"root4",10,"T3",4.87756204190615e-12,1.98697514824373e-11,8.10185185185185e-07,0.121067953017524,4.02878046612397e-08,0.192685631727563
"root4",10,"T1",9.19071653781065e-12,1.98697514824373e-11,8.10185185185185e-07,0.121067953017524,7.59137022534802e-08,0.192685631727563
"root4",10,"T2",8.90139895434552e-12,1.98697514824373e-11,9.25925925925926e-07,0.121067953017524,7.35239898956339e-08,0.192685631727563
"root4",10,"T3",4.93151248684707e-12,1.98697514824373e-11,9.25925925925926e-07,0.121067953017524,4.07334258483189e-08,0.192685631727563
"root4",10,"T1",9.54420107393159e-12,1.98697514824373e-11,9.25925925925926e-07,0.121067953017524,7.88334223553785e-08,0.192685631727563
"root4",10,"T2",9.16636701264701e-12,1.98697514824373e-11,1.04166666666667e-06,0.121067953017524,7.571257945792e-08,0.192685631727563
"root4",10,"T3",4.97788397425518e-12,1.98697514824373e-11,1.04166666666667e-06,0.121067953017524,4.11164461790698e-08,0.192685631727563
"root4",10,"T1",9.86737319121636e-12,1.98697514824373e-11,1.04166666666667e-06,0.121067953017524,8.1502767208661e-08,0.192685631727563
"root4",10,"T2",9.4083100514318e-12,1.98697514824373e-11,1.15740740740741e-06,0.121067953017524,7.7710986408352e-08,0.192685631727563
"root4",10,"T3",5.01854238736908e-12,1.98697514824373e-11,1.15740740740741e-06,0.121067953017524,4.1452277520895e-08,0.192685631727563
"root4",10,"T1",1.01660531041318e-11,1.98697514824373e-11,1.15740740740741e-06,0.121067953017524,8.3969810761237e-08,0.192685631727563
"root4",13,"T2",6.69327503414152e-12,5.64092852081352e-10,1.15740740740741e-07,0.137551558685072,4.86601176906032e-08,0.218920104947241
"root4",13,"T3",4.98428069153029e-12,5.64092852081352e-10,1.15740740740741e-07,0.137551558685072,3.6235726728055e-08,0.218920104947241
"root4",13,"T1",6.93773072796724e-12,5.64092852081352e-10,1.15740740740741e-07,0.137551558685072,5.04373108839236e-08,0.218920104947241
"root4",13,"T2",8.13702515879138e-12,5.64092852081352e-10,2.31481481481481e-07,0.137551558685072,5.91561828639203e-08,0.218920104947241
"root4",13,"T3",5.54421212357645e-12,5.64092852081352e-10,2.31481481481481e-07,0.137551558685072,4.03064289243721e-08,0.218920104947241
"root4",13,"T1",8.51695848458876e-12,5.64092852081352e-10,2.31481481481481e-07,0.137551558685072,6.19182986074957e-08,0.218920104947241
"root4",13,"T2",9.12947041521866e-12,5.64092852081352e-10,3.47222222222222e-07,0.137551558685072,6.63712610928737e-08,0.218920104947241
"root4",13,"T3",5.84674300845083e-12,5.64092852081352e-10,3.47222222222222e-07,0.137551558685072,4.25058288276987e-08,0.218920104947241
"root4",13,"T1",9.63094105734116e-12,5.64092852081352e-10,3.47222222222222e-07,0.137551558685072,7.00169532748913e-08,0.218920104947241
"root4",13,"T2",9.89299162477384e-12,5.64092852081352e-10,4.62962962962963e-07,0.137551558685072,7.192206122087e-08,0.218920104947241
"root4",13,"T3",6.04255721647681e-12,5.64092852081352e-10,4.62962962962963e-07,0.137551558685072,4.39293983597191e-08,0.218920104947241
"root4",13,"T1",1.05087574884223e-11,5.64092852081352e-10,4.62962962962963e-07,0.137551558685072,7.63986798032754e-08,0.218920104947241
"root4",13,"T2",1.05166787859843e-11,5.64092852081352e-10,5.78703703703704e-07,0.137551558685072,7.64562676462466e-08,0.218920104947241
"root4",13,"T3",6.18291452276762e-12,5.64092852081352e-10,5.78703703703704e-07,0.137551558685072,4.4949796148247e-08,0.218920104947241
"root4",13,"T1",1.12416672824471e-11,5.64092852081352e-10,5.78703703703704e-07,0.137551558685072,8.17269349028985e-08,0.218920104947241
"root4",13,"T2",1.10458023184097e-11,5.64092852081352e-10,6.94444444444444e-07,0.137551558685072,8.03029963746126e-08,0.218920104947241
"root4",13,"T3",6.29041065439028e-12,5.64092852081352e-10,6.94444444444444e-07,0.137551558685072,4.57312931567162e-08,0.218920104947241
"root4",13,"T1",1.18759657922321e-11,5.64092852081352e-10,6.94444444444444e-07,0.137551558685072,8.63382858454006e-08,0.218920104947241
"root4",13,"T2",1.15066526936272e-11,5.64092852081352e-10,8.10185185185185e-07,0.137551558685072,8.3653379166513e-08,0.218920104947241
"root4",13,"T3",6.37664345474313e-12,5.64092852081352e-10,8.10185185185185e-07,0.137551558685072,4.63582057208281e-08,0.218920104947241
"root4",13,"T1",1.24385601878873e-11,5.64092852081352e-10,8.10185185185185e-07,0.137551558685072,9.04283477904148e-08,0.218920104947241
"root4",13,"T2",1.19158782567333e-11,5.64092852081352e-10,9.25925925925926e-07,0.137551558685072,8.66284495111762e-08,0.218920104947241
"root4",13,"T3",6.44821183761685e-12,5.64092852081352e-10,9.25925925925926e-07,0.137551558685072,4.68785079519179e-08,0.218920104947241
"root4",13,"T1",1.29465266876796e-11,5.64092852081352e-10,9.25925925925926e-07,0.137551558685072,9.4121264865642e-08,0.218920104947241
"root4",13,"T2",1.22846863532292e-11,5.64092852081352e-10,1.04166666666667e-06,0.137551558685072,8.93096848241126e-08,0.218920104947241
"root4",13,"T3",6.50916406422302e-12,5.64092852081352e-10,1.04166666666667e-06,0.137551558685072,4.73216307139487e-08,0.218920104947241
"root4",13,"T1",1.34113945807622e-11,5.64092852081352e-10,1.04166666666667e-06,0.137551558685072,9.75008550173391e-08,0.218920104947241
"root4",13,"T2",1.26209757142213e-11,5.64092852081352e-10,1.15740740740741e-06,0.137551558685072,9.17545088901346e-08,0.218920104947241
"root4",13,"T3",6.56213146667016e-12,5.64092852081352e-10,1.15740740740741e-06,0.137551558685072,4.77067037945701e-08,0.218920104947241
"root4",13,"T1",1.38413166955066e-11,5.64092852081352e-10,1.15740740740741e-06,0.137551558685072,1.00626389317744e-07,0.218920104947241
"root4",14,"T2",6.03925601888397e-12,1.58092595728065e-10,1.15740740740741e-07,0.14390270988567,4.19676323238258e-08,0.229028276026233
"root4",14,"T3",4.45956372835451e-12,1.58092595728065e-10,1.15740740740741e-07,0.14390270988567,3.09901302893991e-08,0.229028276026233
"root4",14,"T1",6.21163289235032e-12,1.58092595728065e-10,1.15740740740741e-07,0.14390270988567,4.31655032576206e-08,0.229028276026233
"root4",14,"T2",7.2778271444178e-12,1.58092595728065e-10,2.31481481481481e-07,0.14390270988567,5.05746358091518e-08,0.229028276026233
"root4",14,"T3",4.91140623911186e-12,1.58092595728065e-10,2.31481481481481e-07,0.14390270988567,3.41300469116527e-08,0.229028276026233
"root4",14,"T1",7.53830088835823e-12,1.58092595728065e-10,2.31481481481481e-07,0.14390270988567,5.23847041820642e-08,0.229028276026233
"root4",14,"T2",8.14442123046005e-12,1.58092595728065e-10,3.47222222222222e-07,0.14390270988567,5.65967189702734e-08,0.229028276026233
"root4",14,"T3",5.15550764006457e-12,1.58092595728065e-10,3.47222222222222e-07,0.14390270988567,3.58263415898185e-08,0.229028276026233
"root4",14,"T1",8.48765256678121e-12,1.58092595728065e-10,3.47222222222222e-07,0.14390270988567,5.89818813942045e-08,0.229028276026233
"root4",14,"T2",8.824648530691e-12,1.58092595728065e-10,4.62962962962963e-07,0.14390270988567,6.13237133456495e-08,0.229028276026233
"root4",14,"T3",5.31577734278575e-12,1.58092595728065e-10,4.62962962962963e-07,0.14390270988567,3.69400781056111e-08,0.229028276026233
"root4",14,"T1",9.2482938248537e-12,1.58092595728065e-10,4.62962962962963e-07,0.14390270988567,6.4267683577338e-08,0.229028276026233
"root4",14,"T2",9.39073369892962e-12,1.58092595728065e-10,5.78703703703704e-07,0.14390270988567,6.52575181272855e-08,0.229028276026233
"root4",14,"T3",5.43285160744084e-12,1.58092595728065e-10,5.78703703703704e-07,0.14390270988567,3.77536434981469e-08,0.229028276026233
"root4",14,"T1",9.89321129499872e-12,1.58092595728065e-10,5.78703703703704e-07,0.14390270988567,6.87493050190565e-08,0.229028276026233
"root4",14,"T2",9.87900084278057e-12,1.58092595728065e-10,6.94444444444444e-07,0.14390270988567,6.865055460477e-08,0.229028276026233
"root4",14,"T3",5.52430163053035e-12,1.58092595728065e-10,6.94444444444444e-07,0.14390270988567,3.83891424624274e-08,0.229028276026233
"root4",14,"T1",1.0459008056604e-11,1.58092595728065e-10,6.94444444444444e-07,0.14390270988567,7.26811056227757e-08,0.229028276026233
"root4",14,"T2",1.03105035366249e-11,1.58092595728065e-10,8.10185185185185e-07,0.14390270988567,7.16491270026574e-08,0.229028276026233
"root4",14,"T3",5.59906001409782e-12,1.58092595728065e-10,8.10185185185185e-07,0.14390270988567,3.89086488958147e-08,0.229028276026233
"root4",14,"T1",1.09668697295835e-11,1.58092595728065e-10,8.10185185185185e-07,0.14390270988567,7.62103072158726e-08,0.229028276026233
"root4",14,"T2",1.06986029691449e-11,1.58092595728065e-10,9.25925925925926e-07,0.14390270988567,7.43460840844826e-08,0.229028276026233
"root4",14,"T3",5.66219081368338e-12,1.58092595728065e-10,9.25925925925926e-07,0.14390270988567,3.9347353626502e-08,0.229028276026233
"root4",14,"T1",1.1430234108882e-11,1.58092595728065e-10,9.25925925925926e-07,0.14390270988567,7.94302909094851e-08,0.229028276026233
"root4",14,"T2",1.10523340221604e-11,1.58092595728065e-10,1.04166666666667e-06,0.14390270988567,7.68042105040374e-08,0.229028276026233
"root4",14,"T3",5.71680209051916e-12,1.58092595728065e-10,1.04166666666667e-06,0.14390270988567,3.97268550054487e-08,0.229028276026233
"root4",14,"T1",1.18581881279344e-11,1.58092595728065e-10,1.04166666666667e-06,0.14390270988567,8.24042030713369e-08,0.229028276026233
"root4",14,"T2",1.13781018433767e-11,1.58092595728065e-10,1.15740740740741e-06,0.14390270988567,7.90680165260028e-08,0.229028276026233
"root4",14,"T3",5.76492091586456e-12,1.58092595728065e-10,1.15740740740741e-06,0.14390270988567,4.00612394335365e-08,0.229028276026233
"root4",14,"T1",1.22571766262895e-11,1.58092595728065e-10,1.15740740740741e-06,0.14390270988567,8.5176829790264e-08,0.229028276026233
"root4",15,"T2",6.73386576329585e-12,2.49131344554123e-10,1.15740740740741e-07,0.147078000613322,4.57843167245633e-08,0.23408190817683
"root4",15,"T3",5.07634638455192e-12,2.49131344554123e-10,1.15740740740741e-07,0.147078000613322,3.4514654560052e-08,0.23408190817683
"root4",15,"T1",6.93928854028011e-12,2.49131344554123e-10,1.15740740740741e-07,0.147078000613322,4.71810094734968e-08,0.23408190817683
"root4",15,"T2",8.03682211117062e-12,2.49131344554123e-10,2.31481481481481e-07,0.147078000613322,5.46432646463557e-08,0.23408190817683
"root4",15,"T3",5.56282615671375e-12,2.49131344554123e-10,2.31481481481481e-07,0.147078000613322,3.78222856818594e-08,0.23408190817683
"root4",15,"T1",8.34537780883657e-12,2.49131344554123e-10,2.31481481481481e-07,0.147078000613322,5.67411698149007e-08,0.23408190817683
"root4",15,"T2",8.93190540716059e-12,2.49131344554123e-10,3.47222222222222e-07,0.147078000613322,6.07290374489328e-08,0.23408190817683
"root4",15,"T3",5.82228148541233e-12,2.49131344554123e-10,3.47222222222222e-07,0.147078000613322,3.95863518754208e-08,0.23408190817683
"root4",15,"T1",9.33457524828234e-12,2.49131344554123e-10,3.47222222222222e-07,0.147078000613322,6.34668353482964e-08,0.23408190817683
"root4",15,"T2",9.62387592940467e-12,2.49131344554123e-10,4.62962962962963e-07,0.147078000613322,6.54338234764728e-08,0.23408190817683
"root4",15,"T3",5.9906995008629e-12,2.49131344554123e-10,4.62962962962963e-07,0.147078000613322,4.07314450555583e-08,0.23408190817683
"root4",15,"T1",1.01166220690324e-11,2.49131344554123e-10,4.62962962962963e-07,0.147078000613322,6.87840603410815e-08,0.23408190817683
"root4",15,"T2",1.01925905772988e-11,2.49131344554123e-10,5.78703703703704e-07,0.147078000613322,6.93005788411265e-08,0.23408190817683
"root4",15,"T3",6.11260230605131e-12,2.49131344554123e-10,5.78703703703704e-07,0.147078000613322,4.15602760478214e-08,0.23408190817683
"root4",15,"T1",1.07727039834667e-11,2.49131344554123e-10,5.78703703703704e-07,0.147078000613322,7.32448356555299e-08,0.23408190817683
"root4",15,"T2",1.06781098193443e-11,2.49131344554123e-10,6.94444444444444e-07,0.147078000613322,7.26016792097807e-08,0.23408190817683
"root4",15,"T3",6.20716373418626e-12,2.49131344554123e-10,6.94444444444444e-07,0.147078000613322,4.2203209917881e-08,0.23408190817683
"root4",15,"T1",1.13434011549118e-11,2.49131344554123e-10,6.94444444444444e-07,0.147078000613322,7.71250704225604e-08,0.23408190817683
"root4",15,"T2",1.11035430540849e-11,2.49131344554123e-10,8.10185185185185e-07,0.147078000613322,7.54942480029825e-08,0.23408190817683
"root4",15,"T3",6.28408050632357e-12,2.49131344554123e-10,8.10185185185185e-07,0.147078000613322,4.27261757714863e-08,0.23408190817683
"root4",15,"T1",1.18520920062555e-11,2.49131344554123e-10,8.10185185185185e-07,0.147078000613322,8.05837171897339e-08,0.23408190817683
"root4",15,"T2",1.14834731972716e-11,2.49131344554123e-10,9.25925925925926e-07,0.147078000613322,7.80774361181481e-08,0.23408190817683
"root4",15,"T3",6.34881798734125e-12,2.49131344554123e-10,9.25925925925926e-07,0.147078000613322,4.31663332440365e-08,0.23408190817683
"root4",15,"T1",1.23135305078851e-11,2.49131344554123e-10,9.25925925925926e-07,0.147078000613322,8.37210898743326e-08,0.23408190817683
"root4",15,"T2",1.18277019061742e-11,2.49131344554123e-10,1.04166666666667e-06,0.147078000613322,8.04178861342424e-08,0.23408190817683
"root4",15,"T3",6.40470981817001e-12,2.49131344554123e-10,1.04166666666667e-06,0.147078000613322,4.35463481381449e-08,0.23408190817683
"root4",15,"T1",1.27376433559261e-11,2.49131344554123e-10,1.04166666666667e-06,0.147078000613322,8.66046812086756e-08,0.23408190817683
"root4",15,"T2",1.21431353260016e-11,2.49131344554123e-10,1.15740740740741e-06,0.147078000613322,8.2562553715472e-08,0.23408190817683
"root4",15,"T3",6.45391619536279e-12,2.49131344554123e-10,1.15740740740741e-06,0.147078000613322,4.38809078750708e-08,0.23408190817683
"root4",15,"T1",1.31314365521616e-11,2.49131344554123e-10,1.15740740740741e-06,0.147078000613322,8.92821257931366e-08,0.23408190817683
"root4",18,"T2",6.94435125704808e-12,4.23756364567023e-10,1.15740740740741e-07,0.165185932235964,4.20396044811385e-08,0.262901576445965
"root4",18,"T3",5.24726352172528e-12,4.23756364567023e-10,1.15740740740741e-07,0.165185932235964,3.1765801425691e-08,0.262901576445965
"root4",18,"T1",7.10634949664053e-12,4.23756364567023e-10,1.15740740740741e-07,0.165185932235964,4.30203068775208e-08,0.262901576445965
"root4",18,"T2",8.26115098043022e-12,4.23756364567023e-10,2.31481481481481e-07,0.165185932235964,5.00112259476756e-08,0.262901576445965
"root4",18,"T3",5.7315832412265e-12,4.23756364567023e-10,2.31481481481481e-07,0.165185932235964,3.46977685305494e-08,0.262901576445965
"root4",18,"T1",8.50503197743488e-12,4.23756364567023e-10,2.31481481481481e-07,0.165185932235964,5.14876288937587e-08,0.262901576445965
"root4",18,"T2",9.20076832311871e-12,4.23756364567023e-10,3.47222222222222e-07,0.165185932235964,5.56994666469275e-08,0.262901576445965
"root4",18,"T3",5.99919806536604e-12,4.23756364567023e-10,3.47222222222222e-07,0.165185932235964,3.63178509462678e-08,0.262901576445965
"root4",18,"T1",9.52534543689427e-12,4.23756364567023e-10,3.47222222222222e-07,0.165185932235964,5.766438647625e-08,0.262901576445965
"root4",18,"T2",9.95473201177075e-12,4.23756364567023e-10,4.62962962962963e-07,0.165185932235964,6.02638001736774e-08,0.262901576445965
"root4",18,"T3",6.17983347965621e-12,4.23756364567023e-10,4.62962962962963e-07,0.165185932235964,3.7411378777876e-08,0.262901576445965
"root4",18,"T1",1.03613318945368e-11,4.23756364567023e-10,4.62962962962963e-07,0.165185932235964,6.27252681525927e-08,0.262901576445965
"root4",18,"T2",1.05945783316031e-11,4.23756364567023e-10,5.78703703703704e-07,0.165185932235964,6.41372917668862e-08,0.262901576445965
"root4",18,"T3",6.31508116168126e-12,4.23756364567023e-10,5.78703703703704e-07,0.165185932235964,3.82301390693508e-08,0.262901576445965
"root4",18,"T1",1.10845890175018e-11,4.23756364567023e-10,5.78703703703704e-07,0.165185932235964,6.71037107546647e-08,0.262901576445965
"root4",18,"T2",1.11555506486492e-11,4.23756364567023e-10,6.94444444444444e-07,0.165185932235964,6.7533297161854e-08,0.262901576445965
"root4",18,"T3",6.42285615540922e-12,4.23756364567023e-10,6.94444444444444e-07,0.165185932235964,3.88825856322579e-08,0.262901576445965
"root4",18,"T1",1.17300334890584e-11,4.23756364567023e-10,6.94444444444444e-07,0.165185932235964,7.10110923507838e-08,0.262901576445965
"root4",18,"T2",1.16579242575917e-11,4.23756364567023e-10,8.10185185185185e-07,0.165185932235964,7.05745586188214e-08,0.262901576445965
"root4",18,"T3",6.51232607632701e-12,4.23756364567023e-10,8.10185185185185e-07,0.165185932235964,3.94242172331256e-08,0.262901576445965
"root4",18,"T1",1.23175793734047e-11,4.23756364567023e-10,8.10185185185185e-07,0.165185932235964,7.45679683897618e-08,0.262901576445965
"root4",18,"T2",1.21145889645138e-11,4.23756364567023e-10,9.25925925925926e-07,0.165185932235964,7.33391082432397e-08,0.262901576445965
"root4",18,"T3",6.58875587166485e-12,4.23756364567023e-10,9.25925925925926e-07,0.165185932235964,3.98869067267361e-08,0.262901576445965
"root4",18,"T1",1.285979655419e-11,4.23756364567023e-10,9.25925925925926e-07,0.165185932235964,7.78504342356472e-08,0.262901576445965
"root4",18,"T2",1.2534332183396e-11,4.23756364567023e-10,1.04166666666667e-06,0.165185932235964,7.58801431437337e-08,0.262901576445965
"root4",18,"T3",6.65543106264889e-12,4.23756364567023e-10,1.04166666666667e-06,0.165185932235964,4.02905439498429e-08,0.262901576445965
"root4",18,"T1",1.33652066874738e-11,4.23756364567023e-10,1.04166666666667e-06,0.165185932235964,8.09100781559407e-08,0.262901576445965
"root4",18,"T2",1.29234615123146e-11,4.23756364567023e-10,1.15740740740741e-06,0.165185932235964,7.82358481583876e-08,0.262901576445965
"root4",18,"T3",6.71453437708743e-12,4.23756364567023e-10,1.15740740740741e-06,0.165185932235964,4.06483426657416e-08,0.262901576445965
"root4",18,"T1",1.38399022963955e-11,4.23756364567023e-10,1.15740740740741e-06,0.165185932235964,8.37837829714552e-08,0.262901576445965
"root4",2,"T2",5.10604097044977e-12,1.64301882663873e-11,1.15740740740741e-07,0.124373499571722,4.10540910083927e-08,0.197946572464773
"root4",2,"T3",3.72864530681141e-12,1.64301882663873e-11,1.15740740740741e-07,0.124373499571722,2.99794194072767e-08,0.197946572464773
"root4",2,"T1",5.26198680124927e-12,1.64301882663873e-11,1.15740740740741e-07,0.124373499571722,4.23079419600544e-08,0.197946572464773
"root4",2,"T2",6.2515602957802e-12,1.64301882663873e-11,2.31481481481481e-07,0.124373499571722,5.02644077501022e-08,0.197946572464773
"root4",2,"T3",4.13240047943925e-12,1.64301882663873e-11,2.31481481481481e-07,0.124373499571722,3.32257313147021e-08,0.197946572464773
"root4",2,"T1",6.49611670100165e-12,1.64301882663873e-11,2.31481481481481e-07,0.124373499571722,5.22307141261677e-08,0.197946572464773
"root4",2,"T2",7.06575854479743e-12,1.64301882663873e-11,3.47222222222222e-07,0.124373499571722,5.68108043041986e-08,0.197946572464773
"root4",2,"T3",4.350107255039e-12,1.64301882663873e-11,3.47222222222222e-07,0.124373499571722,3.49761586673891e-08,0.197946572464773
"root4",2,"T1",7.39343119569051e-12,1.64301882663873e-11,3.47222222222222e-07,0.124373499571722,5.94453900641991e-08,0.197946572464773
"root4",2,"T2",7.70976172698069e-12,1.64301882663873e-11,4.62962962962963e-07,0.124373499571722,6.19887818026278e-08,0.197946572464773
"root4",2,"T3",4.49174020319661e-12,1.64301882663873e-11,4.62962962962963e-07,0.124373499571722,3.61149297773549e-08,0.197946572464773
"root4",2,"T1",8.11864130838604e-12,1.64301882663873e-11,4.62962962962963e-07,0.124373499571722,6.52762954837038e-08,0.197946572464773
"root4",2,"T2",8.24771917170074e-12,1.64301882663873e-11,5.78703703703704e-07,0.124373499571722,6.63141199701031e-08,0.197946572464773
"root4",2,"T3",4.59391017424115e-12,1.64301882663873e-11,5.78703703703704e-07,0.124373499571722,3.69364067913197e-08,0.197946572464773
"root4",2,"T1",8.73669988404932e-12,1.64301882663873e-11,5.78703703703704e-07,0.124373499571722,7.02456706141903e-08,0.197946572464773
"root4",2,"T2",8.71240762080322e-12,1.64301882663873e-11,6.94444444444444e-07,0.124373499571722,7.00503535785698e-08,0.197946572464773
"root4",2,"T3",4.67260595235154e-12,1.64301882663873e-11,6.94444444444444e-07,0.124373499571722,3.7569144298758e-08,0.197946572464773
"root4",2,"T1",9.28059046618545e-12,1.64301882663873e-11,6.94444444444444e-07,0.124373499571722,7.46187129745726e-08,0.197946572464773
"root4",2,"T2",9.12306205853848e-12,1.64301882663873e-11,8.10185185185185e-07,0.124373499571722,7.33521376334476e-08,0.197946572464773
"root4",2,"T3",4.73601058804e-12,1.64301882663873e-11,8.10185185185185e-07,0.124373499571722,3.80789364643463e-08,0.197946572464773
"root4",2,"T1",9.76959345463709e-12,1.64301882663873e-11,8.10185185185185e-07,0.124373499571722,7.85504427251667e-08,0.197946572464773
"root4",2,"T2",9.4920206305129e-12,1.64301882663873e-11,9.25925925925926e-07,0.124373499571722,7.6318674502193e-08,0.197946572464773
"root4",2,"T3",4.78878479563194e-12,1.64301882663873e-11,9.25925925925926e-07,0.124373499571722,3.85032568201589e-08,0.197946572464773
"root4",2,"T1",1.02160450553149e-11,1.64301882663873e-11,9.25925925925926e-07,0.124373499571722,8.21400466376978e-08,0.197946572464773
"root4",2,"T2",9.82770706207238e-12,1.64301882663873e-11,1.04166666666667e-06,0.124373499571722,7.9017693446867e-08,0.197946572464773
"root4",2,"T3",4.83379804691458e-12,1.64301882663873e-11,1.04166666666667e-06,0.124373499571722,3.88651767744711e-08,0.197946572464773
"root4",2,"T1",1.062835466507e-11,1.64301882663873e-11,1.04166666666667e-06,0.124373499571722,8.5455138768858e-08,0.197946572464773
"root4",2,"T2",1.01361462579998e-11,1.64301882663873e-11,1.15740740740741e-06,0.124373499571722,8.14976364973523e-08,0.197946572464773
"root4",2,"T3",4.87292538837155e-12,1.64301882663873e-11,1.15740740740741e-06,0.124373499571722,3.91797722597771e-08,0.197946572464773
"root4",2,"T1",1.10125320661968e-11,1.64301882663873e-11,1.15740740740741e-06,0.124373499571722,8.85440395592172e-08,0.197946572464773
"root4",21,"T2",6.92792705881035e-12,6.4136400127873e-10,1.15740740740741e-07,0.155123244301145,4.46607927137017e-08,0.246886311189789
"root4",21,"T3",5.17015913414307e-12,6.4136400127873e-10,1.15740740740741e-07,0.155123244301145,3.33293643865912e-08,0.246886311189789
"root4",21,"T1",7.12630336240054e-12,6.4136400127873e-10,1.15740740740741e-07,0.155123244301145,4.5939623004313e-08,0.246886311189789
"root4",21,"T2",8.34571217712567e-12,6.4136400127873e-10,2.31481481481481e-07,0.155123244301145,5.38005262507527e-08,0.246886311189789
"root4",21,"T3",5.69101477547449e-12,6.4136400127873e-10,2.31481481481481e-07,0.155123244301145,3.66870535819014e-08,0.246886311189789
"root4",21,"T1",8.64977778409913e-12,6.4136400127873e-10,2.31481481481481e-07,0.155123244301145,5.57606812767987e-08,0.246886311189789
"root4",21,"T2",9.34318521732579e-12,6.4136400127873e-10,3.47222222222222e-07,0.155123244301145,6.02307233800991e-08,0.246886311189789
"root4",21,"T3",5.97324535637603e-12,6.4136400127873e-10,3.47222222222222e-07,0.155123244301145,3.85064493931032e-08,0.246886311189789
"root4",21,"T1",9.74771225189494e-12,6.4136400127873e-10,3.47222222222222e-07,0.155123244301145,6.2838501707529e-08,0.246886311189789
"root4",21,"T2",1.01307537284585e-11,6.4136400127873e-10,4.62962962962963e-07,0.155123244301145,6.53077736615115e-08,0.246886311189789
"root4",21,"T3",6.15894956725624e-12,6.4136400127873e-10,4.62962962962963e-07,0.155123244301145,3.97035892009821e-08,0.246886311189789
"root4",21,"T1",1.0634637352104e-11,6.4136400127873e-10,4.62962962962963e-07,0.155123244301145,6.85560529630149e-08,0.246886311189789
"root4",21,"T2",1.07896493185246e-11,6.4136400127873e-10,5.78703703703704e-07,0.155123244301145,6.95553356115885e-08,0.246886311189789
"root4",21,"T3",6.29473008421657e-12,6.4136400127873e-10,5.78703703703704e-07,0.155123244301145,4.05788965578649e-08,0.246886311189789
"root4",21,"T1",1.13925255135885e-11,6.4136400127873e-10,5.78703703703704e-07,0.155123244301145,7.34417692520138e-08,0.246886311189789
"root4",21,"T2",1.13604501954971e-11,6.4136400127873e-10,6.94444444444444e-07,0.155123244301145,7.32349961263237e-08,0.246886311189789
"root4",21,"T3",6.40076076634285e-12,6.4136400127873e-10,6.94444444444444e-07,0.155123244301145,4.12624219869775e-08,0.246886311189789
"root4",21,"T1",1.20620158277125e-11,6.4136400127873e-10,6.94444444444444e-07,0.155123244301145,7.77576299545168e-08,0.246886311189789
"root4",21,"T2",1.18665793023738e-11,6.4136400127873e-10,8.10185185185185e-07,0.155123244301145,7.64977509066076e-08,0.246886311189789
"root4",21,"T3",6.48731950998525e-12,6.4136400127873e-10,8.10185185185185e-07,0.155123244301145,4.18204218150005e-08,0.246886311189789
"root4",21,"T1",1.26664301603856e-11,6.4136400127873e-10,8.10185185185185e-07,0.155123244301145,8.16539791792641e-08,0.246886311189789
"root4",21,"T2",1.23228834085197e-11,6.4136400127873e-10,9.25925925925926e-07,0.155123244301145,7.943930946027e-08,0.246886311189789
"root4",21,"T3",6.56025150802693e-12,6.4136400127873e-10,9.25925925925926e-07,0.155123244301145,4.22905770027046e-08,0.246886311189789
"root4",21,"T1",1.32204844005304e-11,6.4136400127873e-10,9.25925925925926e-07,0.155123244301145,8.52256827149976e-08,0.246886311189789
"root4",21,"T2",1.27394151593616e-11,6.4136400127873e-10,1.04166666666667e-06,0.155123244301145,8.21244760368099e-08,0.246886311189789
"root4",21,"T3",6.62315840619909e-12,6.4136400127873e-10,1.04166666666667e-06,0.155123244301145,4.26961055129905e-08,0.246886311189789
"root4",21,"T1",1.37341084429037e-11,6.4136400127873e-10,1.04166666666667e-06,0.155123244301145,8.85367535005992e-08,0.246886311189789
"root4",21,"T2",1.31233250825669e-11,6.4136400127873e-10,1.15740740740741e-06,0.155123244301145,8.45993464209028e-08,0.246886311189789
"root4",21,"T3",6.67839960776059e-12,6.4136400127873e-10,1.15740740740741e-06,0.155123244301145,4.30522172086321e-08,0.246886311189789
"root4",21,"T1",1.42143484189767e-11,6.4136400127873e-10,1.15740740740741e-06,0.155123244301145,9.16326143320082e-08,0.246886311189789
"root4",22,"T2",7.32114821280035e-12,4.11563301020514e-10,1.15740740740741e-07,0.147511241552065,4.96311205557598e-08,0.234771432546337
"root4",22,"T3",5.54284532865276e-12,4.11563301020514e-10,1.15740740740741e-07,0.147511241552065,3.7575748602837e-08,0.234771432546337
"root4",22,"T1",7.57074727443581e-12,4.11563301020514e-10,1.15740740740741e-07,0.147511241552065,5.13231886246694e-08,0.234771432546337
"root4",22,"T2",8.75104524730671e-12,4.11563301020514e-10,2.31481481481481e-07,0.147511241552065,5.93245989609407e-08,0.234771432546337
"root4",22,"T3",6.09271296672824e-12,4.11563301020514e-10,2.31481481481481e-07,0.147511241552065,4.13033806957538e-08,0.234771432546337
"root4",22,"T1",9.1268230626162e-12,4.11563301020514e-10,2.31481481481481e-07,0.147511241552065,6.18720510151413e-08,0.234771432546337
"root4",22,"T2",9.72365202317864e-12,4.11563301020514e-10,3.47222222222222e-07,0.147511241552065,6.59180406921503e-08,0.234771432546337
"root4",22,"T3",6.38460472037176e-12,4.11563301020514e-10,3.47222222222222e-07,0.147511241552065,4.32821570288138e-08,0.234771432546337
"root4",22,"T1",1.02118359806011e-11,4.11563301020514e-10,3.47222222222222e-07,0.147511241552065,6.92275102097678e-08,0.234771432546337
"root4",22,"T2",1.04682881309991e-11,4.11563301020514e-10,4.62962962962963e-07,0.147511241552065,7.09660363566547e-08,0.234771432546337
"root4",22,"T3",6.57260827847737e-12,4.11563301020514e-10,4.62962962962963e-07,0.147511241552065,4.45566602878705e-08,0.234771432546337
"root4",22,"T1",1.10618885406921e-11,4.11563301020514e-10,4.62962962962963e-07,0.147511241552065,7.49901392212724e-08,0.234771432546337
"root4",22,"T2",1.10749490290307e-11,4.11563301020514e-10,5.78703703703704e-07,0.147511241552065,7.5078678157025e-08,0.234771432546337
"root4",22,"T3",6.7075609826e-12,4.11563301020514e-10,5.78703703703704e-07,0.147511241552065,4.54715241497884e-08,0.234771432546337
"root4",22,"T1",1.17690991058328e-11,4.11563301020514e-10,5.78703703703704e-07,0.147511241552065,7.9784421729505e-08,0.234771432546337
"root4",22,"T2",1.15888821993102e-11,4.11563301020514e-10,6.94444444444444e-07,0.147511241552065,7.85627053055464e-08,0.234771432546337
"root4",22,"T3",6.81142493304382e-12,4.11563301020514e-10,6.94444444444444e-07,0.147511241552065,4.61756328627991e-08,0.234771432546337
"root4",22,"T1",1.23797108190298e-11,4.11563301020514e-10,6.94444444444444e-07,0.147511241552065,8.39238466761891e-08,0.234771432546337
"root4",22,"T2",1.20361921365277e-11,4.11563301020514e-10,8.10185185185185e-07,0.147511241552065,8.15950839399551e-08,0.234771432546337
"root4",22,"T3",6.89531559082608e-12,4.11563301020514e-10,8.10185185185185e-07,0.147511241552065,4.67443397416755e-08,0.234771432546337
"root4",22,"T1",1.29204269190304e-11,4.11563301020514e-10,8.10185185185185e-07,0.147511241552065,8.7589439171455e-08,0.234771432546337
"root4",22,"T2",1.24333308648124e-11,4.11563301020514e-10,9.25925925925926e-07,0.147511241552065,8.42873447067017e-08,0.234771432546337
"root4",22,"T3",6.96549308858016e-12,4.11563301020514e-10,9.25925925925926e-07,0.147511241552065,4.7220083129201e-08,0.234771432546337
"root4",22,"T1",1.34081149235247e-11,4.11563301020514e-10,9.25925925925926e-07,0.147511241552065,9.0895546552581e-08,0.234771432546337
"root4",22,"T2",1.27913315282342e-11,4.11563301020514e-10,1.04166666666667e-06,0.147511241552065,8.67142828820909e-08,0.234771432546337
"root4",22,"T3",7.02576851196275e-12,4.11563301020514e-10,1.04166666666667e-06,0.147511241552065,4.76286989251796e-08,0.234771432546337
"root4",22,"T1",1.38541207716843e-11,4.11563301020514e-10,1.04166666666667e-06,0.147511241552065,9.39190845790175e-08,0.234771432546337
"root4",22,"T2",1.31179450373819e-11,4.11563301020514e-10,1.15740740740741e-06,0.147511241552065,8.89284430078627e-08,0.234771432546337
"root4",22,"T3",7.07860455909097e-12,4.11563301020514e-10,1.15740740740741e-06,0.147511241552065,4.79868821156422e-08,0.234771432546337
"root4",22,"T1",1.42664425885485e-11,4.11563301020514e-10,1.15740740740741e-06,0.147511241552065,9.67142736949511e-08,0.234771432546337
"root4",25,"T2",7.30127214036452e-12,5.39948043673741e-10,1.15740740740741e-07,0.139526439913144,5.23289503043983e-08,0.222063226041912
"root4",25,"T3",5.58970514901094e-12,5.39948043673741e-10,1.15740740740741e-07,0.139526439913144,4.00619778766703e-08,0.222063226041912
"root4",25,"T1",7.54918178233097e-12,5.39948043673741e-10,1.15740740740741e-07,0.139526439913144,5.41057435926149e-08,0.222063226041912
"root4",25,"T2",8.71319635196629e-12,5.39948043673741e-10,2.31481481481481e-07,0.139526439913144,6.24483528526228e-08,0.222063226041912
"root4",25,"T3",6.14417673187045e-12,5.39948043673741e-10,2.31481481481481e-07,0.139526439913144,4.40359313668093e-08,0.222063226041912
"root4",25,"T1",9.1063076853185e-12,5.39948043673741e-10,2.31481481481481e-07,0.139526439913144,6.52658212378043e-08,0.222063226041912
"root4",25,"T2",9.67362920974671e-12,5.39948043673741e-10,3.47222222222222e-07,0.139526439913144,6.93318715489953e-08,0.222063226041912
"root4",25,"T3",6.44582447293069e-12,5.39948043673741e-10,3.47222222222222e-07,0.139526439913144,4.61978710052608e-08,0.222063226041912
"root4",25,"T1",1.01915832976995e-11,5.39948043673741e-10,3.47222222222222e-07,0.139526439913144,7.30441004876482e-08,0.222063226041912
"root4",25,"T2",1.04065313621253e-11,5.39948043673741e-10,4.62962962962963e-07,0.139526439913144,7.45846548410711e-08,0.222063226041912
"root4",25,"T3",6.64277095054572e-12,5.39948043673741e-10,4.62962962962963e-07,0.139526439913144,4.76094061790789e-08,0.222063226041912
"root4",25,"T1",1.10391242808011e-11,5.39948043673741e-10,4.62962962962963e-07,0.139526439913144,7.91185117865331e-08,0.222063226041912
"root4",25,"T2",1.10012838590779e-11,5.39948043673741e-10,5.78703703703704e-07,0.139526439913144,7.88473056857626e-08,0.222063226041912
"root4",25,"T3",6.78498507347225e-12,5.39948043673741e-10,5.78703703703704e-07,0.139526439913144,4.86286690730154e-08,0.222063226041912
"root4",25,"T1",1.17420003994703e-11,5.39948043673741e-10,5.78703703703704e-07,0.139526439913144,8.4156095481113e-08,0.222063226041912
"root4",25,"T2",1.15032312276975e-11,5.39948043673741e-10,6.94444444444444e-07,0.139526439913144,8.24448128602605e-08,0.222063226041912
"root4",25,"T3",6.89458351059481e-12,5.39948043673741e-10,6.94444444444444e-07,0.139526439913144,4.94141720729543e-08,0.222063226041912
"root4",25,"T1",1.23472574716823e-11,5.39948043673741e-10,6.94444444444444e-07,0.139526439913144,8.84940336710991e-08,0.222063226041912
"root4",25,"T2",1.19386170710401e-11,5.39948043673741e-10,8.10185185185185e-07,0.139526439913144,8.55652669019001e-08,0.222063226041912
"root4",25,"T3",6.98298558940351e-12,5.39948043673741e-10,8.10185185185185e-07,0.139526439913144,5.00477586452464e-08,0.222063226041912
"root4",25,"T1",1.28820792919279e-11,5.39948043673741e-10,8.10185185185185e-07,0.139526439913144,9.23271553402141e-08,0.222063226041912
"root4",25,"T2",1.23239845755115e-11,5.39948043673741e-10,9.25925925925926e-07,0.139526439913144,8.83272344881962e-08,0.222063226041912
"root4",25,"T3",7.05672435996957e-12,5.39948043673741e-10,9.25925925925926e-07,0.139526439913144,5.05762518155155e-08,0.222063226041912
"root4",25,"T1",1.3363602105008e-11,5.39948043673741e-10,9.25925925925926e-07,0.139526439913144,9.57782776750196e-08,0.222063226041912
"root4",25,"T2",1.26704153649636e-11,5.39948043673741e-10,1.04166666666667e-06,0.139526439913144,9.08101387296272e-08,0.222063226041912
"root4",25,"T3",7.11982591614012e-12,5.39948043673741e-10,1.04166666666667e-06,0.139526439913144,5.10285070024882e-08,0.222063226041912
"root4",25,"T1",1.38033188965823e-11,5.39948043673741e-10,1.04166666666667e-06,0.139526439913144,9.89297720573602e-08,0.222063226041912
"root4",25,"T2",1.29856813343377e-11,5.39948043673741e-10,1.15740740740741e-06,0.139526439913144,9.30696815773509e-08,0.222063226041912
"root4",25,"T3",7.17491650538475e-12,5.39948043673741e-10,1.15740740740741e-06,0.139526439913144,5.14233467853919e-08,0.222063226041912
"root4",25,"T1",1.42093069172183e-11,5.39948043673741e-10,1.15740740740741e-06,0.139526439913144,1.01839528952818e-07,0.222063226041912
"root4",28,"T2",9.63639660799994e-12,2.61315442035781e-09,1.15740740740741e-07,0.229118617817566,4.20585489725363e-08,0.364653605800484
"root4",28,"T3",8.03890762049477e-12,2.61315442035781e-09,1.15740740740741e-07,0.229118617817566,3.50862260652065e-08,0.364653605800484
"root4",28,"T1",9.86155392188842e-12,2.61315442035781e-09,1.15740740740741e-07,0.229118617817566,4.3041259657653e-08,0.364653605800484
"root4",28,"T2",1.09614874284372e-11,2.61315442035781e-09,2.31481481481481e-07,0.229118617817566,4.78419760596027e-08,0.364653605800484
"root4",28,"T3",8.7046893424463e-12,2.61315442035781e-09,2.31481481481481e-07,0.229118617817566,3.79920646578679e-08,0.364653605800484
"root4",28,"T1",1.12826117319972e-11,2.61315442035781e-09,2.31481481481481e-07,0.229118617817566,4.92435396104774e-08,0.364653605800484
"root4",28,"T2",1.18849501223935e-11,2.61315442035781e-09,3.47222222222222e-07,0.229118617817566,5.18724765171934e-08,0.364653605800484
"root4",28,"T3",9.1156548985246e-12,2.61315442035781e-09,3.47222222222222e-07,0.229118617817566,3.97857449794101e-08,0.364653605800484
"root4",28,"T1",1.22892569468141e-11,2.61315442035781e-09,3.47222222222222e-07,0.229118617817566,5.36370944616963e-08,0.364653605800484
"root4",28,"T2",1.2626475843337e-11,2.61315442035781e-09,4.62962962962963e-07,0.229118617817566,5.51089036919326e-08,0.364653605800484
"root4",28,"T3",9.4225329887842e-12,2.61315442035781e-09,4.62962962962963e-07,0.229118617817566,4.11251301990955e-08,0.364653605800484
"root4",28,"T1",1.31103267668396e-11,2.61315442035781e-09,4.62962962962963e-07,0.229118617817566,5.72206959509443e-08,0.364653605800484
"root4",28,"T2",1.32640568411355e-11,2.61315442035781e-09,5.78703703703704e-07,0.229118617817566,5.78916587725617e-08,0.364653605800484
"root4",28,"T3",9.67378287132599e-12,2.61315442035781e-09,5.78703703703704e-07,0.229118617817566,4.22217232430612e-08,0.364653605800484
"root4",28,"T1",1.38263505164504e-11,2.61315442035781e-09,5.78703703703704e-07,0.229118617817566,6.0345818459238e-08,0.364653605800484
"root4",28,"T2",1.38340072809865e-11,2.61315442035781e-09,6.94444444444444e-07,0.229118617817566,6.03792368021429e-08,0.364653605800484
"root4",28,"T3",9.89036917606893e-12,2.61315442035781e-09,6.94444444444444e-07,0.229118617817566,4.31670253176198e-08,0.364653605800484
"root4",28,"T1",1.44745419197546e-11,2.61315442035781e-09,6.94444444444444e-07,0.229118617817566,6.3174883200805e-08,0.364653605800484
"root4",28,"T2",1.43560246467518e-11,2.61315442035781e-09,8.10185185185185e-07,0.229118617817566,6.26576084628035e-08,0.364653605800484
"root4",28,"T3",1.0083047188408e-11,2.61315442035781e-09,8.10185185185185e-07,0.229118617817566,4.40079784194426e-08,0.364653605800484
"root4",28,"T1",1.50749595713564e-11,2.61315442035781e-09,8.10185185185185e-07,0.229118617817566,6.57954369441934e-08,0.364653605800484
"root4",28,"T2",1.48419254624839e-11,2.61315442035781e-09,9.25925925925926e-07,0.229118617817566,6.47783475819572e-08,0.364653605800484
"root4",28,"T3",1.02580073689036e-11,2.61315442035781e-09,9.25925925925926e-07,0.229118617817566,4.47716011322635e-08,0.364653605800484
"root4",28,"T1",1.56395688915784e-11,2.61315442035781e-09,9.25925925925926e-07,0.229118617817566,6.82597033822513e-08,0.364653605800484
"root4",28,"T2",1.52993324120697e-11,2.61315442035781e-09,1.04166666666667e-06,0.229118617817566,6.67747237557606e-08,0.364653605800484
"root4",28,"T3",1.04191272728834e-11,2.61315442035781e-09,1.04166666666667e-06,0.229118617817566,4.54748172458843e-08,0.364653605800484
"root4",28,"T1",1.61760470098537e-11,2.61315442035781e-09,1.04166666666667e-06,0.229118617817566,7.06011897415241e-08,0.364653605800484
"root4",28,"T2",1.57334434038351e-11,2.61315442035781e-09,1.15740740740741e-06,0.229118617817566,6.86694235226346e-08,0.364653605800484
"root4",28,"T3",1.05690000770989e-11,2.61315442035781e-09,1.15740740740741e-06,0.229118617817566,4.61289448137051e-08,0.364653605800484
"root4",28,"T1",1.66896006957927e-11,2.61315442035781e-09,1.15740740740741e-06,0.229118617817566,7.28426212359645e-08,0.364653605800484
"root4",6,"T2",4.53178408099808e-12,5.56553468889116e-11,1.15740740740741e-07,0.109901378746163,4.12350066277608e-08,0.174913476800664
"root4",6,"T3",3.21721429269074e-12,5.56553468889116e-11,1.15740740740741e-07,0.109901378746163,2.92736481506885e-08,0.174913476800664
"root4",6,"T1",4.67176302453105e-12,5.56553468889116e-11,1.15740740740741e-07,0.109901378746163,4.25086844025981e-08,0.174913476800664
"root4",6,"T2",5.60033513598305e-12,5.56553468889116e-11,2.31481481481481e-07,0.109901378746163,5.09578241863374e-08,0.174913476800664
"root4",6,"T3",3.57927340644656e-12,5.56553468889116e-11,2.31481481481481e-07,0.109901378746163,3.25680482563693e-08,0.174913476800664
"root4",6,"T1",5.82422816901306e-12,5.56553468889116e-11,2.31481481481481e-07,0.109901378746163,5.2995041877183e-08,0.174913476800664
"root4",6,"T2",6.36288775200619e-12,5.56553468889116e-11,3.47222222222222e-07,0.109901378746163,5.78963414708602e-08,0.174913476800664
"root4",6,"T3",3.77344919634528e-12,5.56553468889116e-11,3.47222222222222e-07,0.109901378746163,3.43348667632345e-08,0.174913476800664
"root4",6,"T1",6.66644315698064e-12,5.56553468889116e-11,3.47222222222222e-07,0.109901378746163,6.06584124151708e-08,0.174913476800664
"root4",6,"T2",6.9646313400746e-12,5.56553468889116e-11,4.62962962962963e-07,0.109901378746163,6.33716466484071e-08,0.174913476800664
"root4",6,"T3",3.89833532386005e-12,5.56553468889116e-11,4.62962962962963e-07,0.109901378746163,3.54712139950852e-08,0.174913476800664
"root4",6,"T1",7.34619345444592e-12,5.56553468889116e-11,4.62962962962963e-07,0.109901378746163,6.68435058618625e-08,0.174913476800664
"root4",6,"T2",7.46497032759123e-12,5.56553468889116e-11,5.78703703703704e-07,0.109901378746163,6.79242645793637e-08,0.174913476800664
"root4",6,"T3",3.98729343852059e-12,5.56553468889116e-11,5.78703703703704e-07,0.109901378746163,3.62806498336109e-08,0.174913476800664
"root4",6,"T1",7.92336124403755e-12,5.56553468889116e-11,5.78703703703704e-07,0.109901378746163,7.20951942044147e-08,0.174913476800664
"root4",6,"T2",7.89487278860412e-12,5.56553468889116e-11,6.94444444444444e-07,0.109901378746163,7.18359758419296e-08,0.174913476800664
"root4",6,"T3",4.05499565340246e-12,5.56553468889116e-11,6.94444444444444e-07,0.109901378746163,3.68966768175693e-08,0.174913476800664
"root4",6,"T1",8.42899919496349e-12,5.56553468889116e-11,6.94444444444444e-07,0.109901378746163,7.66960277580483e-08,0.174913476800664
"root4",6,"T2",8.27278414034537e-12,5.56553468889116e-11,8.10185185185185e-07,0.109901378746163,7.52746165218987e-08,0.174913476800664
"root4",6,"T3",4.10896461859503e-12,5.56553468889116e-11,8.10185185185185e-07,0.109901378746163,3.73877440435522e-08,0.174913476800664
"root4",6,"T1",8.88156031028625e-12,5.56553468889116e-11,8.10185185185185e-07,0.109901378746163,8.08139116325357e-08,0.174913476800664
"root4",6,"T2",8.61066077966544e-12,5.56553468889116e-11,9.25925925925926e-07,0.109901378746163,7.83489786743559e-08,0.174913476800664
"root4",6,"T3",4.1534778887117e-12,5.56553468889116e-11,9.25925925925926e-07,0.109901378746163,3.77927732672481e-08,0.174913476800664
"root4",6,"T1",9.29300039078478e-12,5.56553468889116e-11,9.25925925925926e-07,0.109901378746163,8.45576324592672e-08,0.174913476800664
"root4",6,"T2",8.91672155396445e-12,5.56553468889116e-11,1.04166666666667e-06,0.109901378746163,8.11338461418143e-08,0.174913476800664
"root4",6,"T3",4.19115835611321e-12,5.56553468889116e-11,1.04166666666667e-06,0.109901378746163,3.81356303617759e-08,0.174913476800664
"root4",6,"T1",9.67154370240143e-12,5.56553468889116e-11,1.04166666666667e-06,0.109901378746163,8.80020233844345e-08,0.174913476800664
"root4",6,"T2",9.19686687886321e-12,5.56553468889116e-11,1.15740740740741e-06,0.109901378746163,8.36829072008735e-08,0.174913476800664
"root4",6,"T3",4.22371002671894e-12,5.56553468889116e-11,1.15740740740741e-06,0.109901378746163,3.8431820191031e-08,0.174913476800664
"root4",6,"T1",1.00231032198451e-11,5.56553468889116e-11,1.15740740740741e-06,0.109901378746163,9.12008869606197e-08,0.174913476800664
"root5",0,"T2",4.32488861661242e-12,4.21061264819374e-11,1.15740740740741e-07,0.0986338835265185,4.38478995450852e-08,0.156980701195957
"root5",0,"T3",3.07378196006624e-12,4.21061264819374e-11,1.15740740740741e-07,0.0986338835265185,3.11635499908085e-08,0.156980701195957
"root5",0,"T1",4.47874687281113e-12,4.21061264819374e-11,1.15740740740741e-07,0.0986338835265185,4.54077920556274e-08,0.156980701195957
"root5",0,"T2",5.3829788993653e-12,4.21061264819374e-11,2.31481481481481e-07,0.0986338835265185,5.45753518659543e-08,0.156980701195957
"root5",0,"T3",3.44850866136506e-12,4.21061264819374e-11,2.31481481481481e-07,0.0986338835265185,3.49627180647095e-08,0.156980701195957
"root5",0,"T1",5.63350769226531e-12,4.21061264819374e-11,2.31481481481481e-07,0.0986338835265185,5.71153389773069e-08,0.156980701195957
"root5",0,"T2",6.13280189552798e-12,4.21061264819374e-11,3.47222222222222e-07,0.0986338835265185,6.21774351395089e-08,0.156980701195957
"root5",0,"T3",3.65100960239154e-12,4.21061264819374e-11,3.47222222222222e-07,0.0986338835265185,3.70157746187692e-08,0.156980701195957
"root5",0,"T1",6.47344566267948e-12,4.21061264819374e-11,3.47222222222222e-07,0.0986338835265185,6.56310532570589e-08,0.156980701195957
"root5",0,"T2",6.71923879259211e-12,4.21061264819374e-11,4.62962962962963e-07,0.0986338835265185,6.81230278313597e-08,0.156980701195957
"root5",0,"T3",3.78113996799706e-12,4.21061264819374e-11,4.62962962962963e-07,0.0986338835265185,3.83351018210742e-08,0.156980701195957
"root5",0,"T1",7.14642401411895e-12,4.21061264819374e-11,4.62962962962963e-07,0.0986338835265185,7.24540468103699e-08,0.156980701195957
"root5",0,"T2",7.20248729882878e-12,4.21061264819374e-11,5.78703703703704e-07,0.0986338835265185,7.30224446337686e-08,0.156980701195957
"root5",0,"T3",3.87340489736279e-12,4.21061264819374e-11,5.78703703703704e-07,0.0986338835265185,3.9270530155303e-08,0.156980701195957
"root5",0,"T1",7.71339597724483e-12,4.21061264819374e-11,5.78703703703704e-07,0.0986338835265185,7.82022941961017e-08,0.156980701195957
"root5",0,"T2",7.61416124498024e-12,4.21061264819374e-11,6.94444444444444e-07,0.0986338835265185,7.71962024889054e-08,0.156980701195957
"root5",0,"T3",3.94317918030611e-12,4.21061264819374e-11,6.94444444444444e-07,0.0986338835265185,3.99779369859847e-08,0.156980701195957
"root5",0,"T1",8.20628217614685e-12,4.21061264819374e-11,6.94444444444444e-07,0.0986338835265185,8.3199422781934e-08,0.156980701195957
"root5",0,"T2",7.97315922441975e-12,4.21061264819374e-11,8.10185185185185e-07,0.0986338835265185,8.08359048569359e-08,0.156980701195957
"root5",0,"T3",3.99841173605424e-12,4.21061264819374e-11,8.10185185185185e-07,0.0986338835265185,4.05379124606731e-08,0.156980701195957
"root5",0,"T1",8.64417880763945e-12,4.21061264819374e-11,8.10185185185185e-07,0.0986338835265185,8.7639039431266e-08,0.156980701195957
"root5",0,"T2",8.29175146385925e-12,4.21061264819374e-11,9.25925925925926e-07,0.0986338835265185,8.40659534776398e-08,0.156980701195957
"root5",0,"T3",4.04364608226605e-12,4.21061264819374e-11,9.25925925925926e-07,0.0986338835265185,4.09965210502828e-08,0.156980701195957
"root5",0,"T1",9.03952035168505e-12,4.21061264819374e-11,9.25925925925926e-07,0.0986338835265185,9.16472111660766e-08,0.156980701195957
"root5",0,"T2",8.57837590078207e-12,4.21061264819374e-11,1.04166666666667e-06,0.0986338835265185,8.69718964120044e-08,0.156980701195957
"root5",0,"T3",4.08167646995813e-12,4.21061264819374e-11,1.04166666666667e-06,0.0986338835265185,4.13820922792799e-08,0.156980701195957
"root5",0,"T1",9.40089298470556e-12,4.21061264819374e-11,1.04166666666667e-06,0.0986338835265185,9.5310988968391e-08,0.156980701195957
"root5",0,"T2",8.83908735774029e-12,4.21061264819374e-11,1.15740740740741e-06,0.0986338835265185,8.96151205013015e-08,0.156980701195957
"root5",0,"T3",4.11432056746173e-12,4.21061264819374e-11,1.15740740740741e-06,0.0986338835265185,4.17130545848939e-08,0.156980701195957
"root5",0,"T1",9.73448734429299e-12,4.21061264819374e-11,1.15740740740741e-06,0.0986338835265185,9.86931366407751e-08,0.156980701195957
"root5",1,"T2",5.62215396520104e-12,3.18440593284229e-11,1.15740740740741e-07,0.141169867674995,3.98254532485963e-08,0.224678822561042
"root5",1,"T3",4.13339373708556e-12,3.18440593284229e-11,1.15740740740741e-07,0.141169867674995,2.92795750620208e-08,0.224678822561042
"root5",1,"T1",5.7894299341546e-12,3.18440593284229e-11,1.15740740740741e-07,0.141169867674995,4.10103801151332e-08,0.224678822561042
"root5",1,"T2",6.84699670044176e-12,3.18440593284229e-11,2.31481481481481e-07,0.141169867674995,4.85018284227984e-08,0.224678822561042
"root5",1,"T3",4.58937150938872e-12,3.18440593284229e-11,2.31481481481481e-07,0.141169867674995,3.25095686846891e-08,0.224678822561042
"root5",1,"T1",7.10360884117736e-12,3.18440593284229e-11,2.31481481481481e-07,0.141169867674995,5.03195827705348e-08,0.224678822561042
"root5",1,"T2",7.70392328255751e-12,3.18440593284229e-11,3.47222222222222e-07,0.141169867674995,5.4572008952319e-08,0.224678822561042
"root5",1,"T3",4.83630592992321e-12,3.18440593284229e-11,3.47222222222222e-07,0.141169867674995,3.42587693080331e-08,0.224678822561042
"root5",1,"T1",8.04395680451229e-12,3.18440593284229e-11,3.47222222222222e-07,0.141169867674995,5.69806923884869e-08,0.224678822561042
"root5",1,"T2",8.37566128070516e-12,3.18440593284229e-11,4.62962962962963e-07,0.141169867674995,5.93303756576993e-08,0.224678822561042
"root5",1,"T3",4.99817882727034e-12,3.18440593284229e-11,4.62962962962963e-07,0.141169867674995,3.54054226272796e-08,0.224678822561042
"root5",1,"T1",8.79634953958616e-12,3.18440593284229e-11,4.62962962962963e-07,0.141169867674995,6.2310390201947e-08,0.224678822561042
"root5",1,"T2",8.93386350950416e-12,3.18440593284229e-11,5.78703703703704e-07,0.141169867674995,6.32844930482752e-08,0.224678822561042
"root5",1,"T3",5.11601459978179e-12,3.18440593284229e-11,5.78703703703704e-07,0.141169867674995,3.62401317224439e-08,0.224678822561042
"root5",1,"T1",9.43331033344225e-12,3.18440593284229e-11,5.78703703703704e-07,0.141169867674995,6.68224068549803e-08,0.224678822561042
"root5",1,"T2",9.41469590237222e-12,3.18440593284229e-11,6.94444444444444e-07,0.141169867674995,6.66905484678003e-08,0.224678822561042
"root5",1,"T3",5.20766844038464e-12,3.18440593284229e-11,6.94444444444444e-07,0.141169867674995,3.68893767923185e-08,0.224678822561042
"root5",1,"T1",9.99136396127834e-12,3.18440593284229e-11,6.94444444444444e-07,0.141169867674995,7.07754716061697e-08,0.224678822561042
"root5",1,"T2",9.8391565763552e-12,3.18440593284229e-11,8.10185185185185e-07,0.141169867674995,6.96972855355164e-08,0.224678822561042
"root5",1,"T3",5.28226016949793e-12,3.18440593284229e-11,8.10185185185185e-07,0.141169867674995,3.74177595863367e-08,0.224678822561042
"root5",1,"T1",1.0491702523343e-11,3.18440593284229e-11,8.10185185185185e-07,0.141169867674995,7.4319702186711e-08,0.224678822561042
"root5",1,"T2",1.02205810314287e-11,3.18440593284229e-11,9.25925925925926e-07,0.141169867674995,7.23991684610682e-08,0.224678822561042
"root5",1,"T3",5.34497649474738e-12,3.18440593284229e-11,9.25925925925926e-07,0.141169867674995,3.7862021001909e-08,0.224678822561042
"root5",1,"T1",1.09477870597295e-11,3.18440593284229e-11,9.25925925925926e-07,0.141169867674995,7.75504520903413e-08,0.224678822561042
"root5",1,"T2",1.05679871569492e-11,3.18440593284229e-11,1.04166666666667e-06,0.141169867674995,7.48600769484255e-08,0.224678822561042
"root5",1,"T3",5.39900687562108e-12,3.18440593284229e-11,1.04166666666667e-06,0.141169867674995,3.82447541004346e-08,0.224678822561042
"root5",1,"T1",1.1368726348703e-11,3.18440593284229e-11,1.04166666666667e-06,0.141169867674995,8.05322448475788e-08,0.224678822561042
"root5",1,"T2",1.0887765061104e-11,3.18440593284229e-11,1.15740740740741e-06,0.141169867674995,7.71252763810058e-08,0.224678822561042
"root5",1,"T3",5.44643328990843e-12,3.18440593284229e-11,1.15740740740741e-06,0.141169867674995,3.85807069143633e-08,0.224678822561042
"root5",1,"T1",1.17609809854172e-11,3.18440593284229e-11,1.15740740740741e-06,0.141169867674995,8.33108451478724e-08,0.224678822561042
"root5",10,"T2",5.54002103186234e-12,7.10465297460192e-11,1.15740740740741e-07,0.126842969529766,4.36762167615626e-08,0.201876855971169
"root5",10,"T3",4.13822705797020e-12,7.10465297460192e-11,1.15740740740741e-07,0.126842969529766,3.2624804301819e-08,0.201876855971169
"root5",10,"T1",5.71082918789252e-12,7.10465297460192e-11,1.15740740740741e-07,0.126842969529766,4.50228279033815e-08,0.201876855971169
"root5",10,"T2",6.69656946817102e-12,7.10465297460192e-11,2.31481481481481e-07,0.126842969529766,5.2794171352158e-08,0.201876855971169
"root5",10,"T3",4.55829173056712e-12,7.10465297460192e-11,2.31481481481481e-07,0.126842969529766,3.59364949233346e-08,0.201876855971169
"root5",10,"T1",6.95817090223689e-12,7.10465297460192e-11,2.31481481481481e-07,0.126842969529766,5.48565752444326e-08,0.201876855971169
"root5",10,"T2",7.50432742846703e-12,7.10465297460192e-11,3.47222222222222e-07,0.126842969529766,5.91623442457014e-08,0.201876855971169
"root5",10,"T3",4.7821284456496e-12,7.10465297460192e-11,3.47222222222222e-07,0.126842969529766,3.77011706945838e-08,0.201876855971169
"root5",10,"T1",7.84948480821073e-12,7.10465297460192e-11,3.47222222222222e-07,0.126842969529766,6.18834834702345e-08,0.201876855971169
"root5",10,"T2",8.13489292179541e-12,7.10465297460192e-11,4.62962962962963e-07,0.126842969529766,6.41335735985463e-08,0.201876855971169
"root5",10,"T3",4.92696888441666e-12,7.10465297460192e-11,4.62962962962963e-07,0.126842969529766,3.88430584894219e-08,0.201876855971169
"root5",10,"T1",8.56051174739860e-12,7.10465297460192e-11,4.62962962962963e-07,0.126842969529766,6.74890518499705e-08,0.201876855971169
"root5",10,"T2",8.65591025163064e-12,7.10465297460192e-11,5.78703703703704e-07,0.126842969529766,6.82411511155876e-08,0.201876855971169
"root5",10,"T3",5.03131145999549e-12,7.10465297460192e-11,5.78703703703704e-07,0.126842969529766,3.96656707001392e-08,0.201876855971169
"root5",10,"T1",9.15990185518506e-12,7.10465297460192e-11,5.78703703703704e-07,0.126842969529766,7.22145018296463e-08,0.201876855971169
"root5",10,"T2",9.10176901253675e-12,7.10465297460192e-11,6.94444444444444e-07,0.126842969529766,7.17561962344382e-08,0.201876855971169
"root5",10,"T3",5.11178249102812e-12,7.10465297460192e-11,6.94444444444444e-07,0.126842969529766,4.03000852942705e-08,0.201876855971169
"root5",10,"T1",9.68238299787501e-12,7.10465297460192e-11,6.94444444444444e-07,0.126842969529766,7.63336197013494e-08,0.201876855971169
"root5",10,"T2",9.49258587232079e-12,7.10465297460192e-11,8.10185185185185e-07,0.126842969529766,7.48373040107136e-08,0.201876855971169
"root5",10,"T3",5.17681324130279e-12,7.10465297460192e-11,8.10185185185185e-07,0.126842969529766,4.08127723632957e-08,0.201876855971169
"root5",10,"T1",1.01482229576451e-11,7.10465297460192e-11,8.10185185185185e-07,0.126842969529766,8.00061918706785e-08,0.201876855971169
"root5",10,"T2",9.84122869957426e-12,7.10465297460192e-11,9.25925925925926e-07,0.126842969529766,7.75859216798361e-08,0.201876855971169
"root5",10,"T3",5.23116867143283e-12,7.10465297460192e-11,9.25925925925926e-07,0.126842969529766,4.1241297730776e-08,0.201876855971169
"root5",10,"T1",1.05703782578981e-11,7.10465297460192e-11,9.25925925925926e-07,0.126842969529766,8.33343645066396e-08,0.201876855971169
"root5",10,"T2",1.01564576637817e-11,7.10465297460192e-11,1.04166666666667e-06,0.126842969529766,8.0071112348078e-08,0.201876855971169
"root5",10,"T3",5.27776300471680e-12,7.10465297460192e-11,1.04166666666667e-06,0.126842969529766,4.16086364445944e-08,0.201876855971169
"root5",10,"T1",1.09576739613092e-11,7.10465297460192e-11,1.04166666666667e-06,0.126842969529766,8.63877123180864e-08,0.201876855971169
"root5",10,"T2",1.04445186190412e-11,7.10465297460192e-11,1.15740740740741e-06,0.126842969529766,8.23421168533131e-08,0.201876855971169
"root5",10,"T3",5.31848961130928e-12,7.10465297460192e-11,1.15740740740741e-06,0.126842969529766,4.19297153876645e-08,0.201876855971169
"root5",10,"T1",1.1316410598861e-11,7.10465297460192e-11,1.15740740740741e-06,0.126842969529766,8.92159072025306e-08,0.201876855971169
"root5",14,"T2",5.06960297399927e-12,6.65338306308668e-11,1.15740740740741e-07,0.107844458533583,4.70084698178589e-08,0.171639786606887
"root5",14,"T3",3.69618023788465e-12,6.65338306308668e-11,1.15740740740741e-07,0.107844458533583,3.42732513857785e-08,0.171639786606887
"root5",14,"T1",5.25029782250439e-12,6.65338306308668e-11,1.15740740740741e-07,0.107844458533583,4.86839833394818e-08,0.171639786606887
"root5",14,"T2",6.22065491183781e-12,6.65338306308668e-11,2.31481481481481e-07,0.107844458533583,5.7681729746927e-08,0.171639786606887
"root5",14,"T3",4.08453006249562e-12,6.65338306308668e-11,2.31481481481481e-07,0.107844458533583,3.78742692766517e-08,0.171639786606887
"root5",14,"T1",6.50563371187042e-12,6.65338306308668e-11,2.31481481481481e-07,0.107844458533583,6.03242280626273e-08,0.171639786606887
"root5",14,"T2",7.03687350769806e-12,6.65338306308668e-11,3.47222222222222e-07,0.107844458533583,6.52502094533375e-08,0.171639786606887
"root5",14,"T3",4.290118770087e-12,6.65338306308668e-11,3.47222222222222e-07,0.107844458533583,3.97806139362372e-08,0.171639786606887
"root5",14,"T1",7.41850068164913e-12,6.65338306308668e-11,3.47222222222222e-07,0.107844458533583,6.87888908018301e-08,0.171639786606887
"root5",14,"T2",7.67574922546544e-12,6.65338306308668e-11,4.62962962962963e-07,0.107844458533583,7.11742571647777e-08,0.171639786606887
"root5",14,"T3",4.42090515457825e-12,6.65338306308668e-11,4.62962962962963e-07,0.107844458533583,4.09933455523964e-08,0.171639786606887
"root5",14,"T1",8.15011265022034e-12,6.65338306308668e-11,4.62962962962963e-07,0.107844458533583,7.55728459398067e-08,0.171639786606887
"root5",14,"T2",8.2022245794772e-12,6.65338306308668e-11,5.78703703703704e-07,0.107844458533583,7.6056059727195e-08,0.171639786606887
"root5",14,"T3",4.51321072278501e-12,6.65338306308668e-11,5.78703703703704e-07,0.107844458533583,4.18492594255976e-08,0.171639786606887
"root5",14,"T1",8.76630515985471e-12,6.65338306308668e-11,5.78703703703704e-07,0.107844458533583,8.12865610255242e-08,0.171639786606887
"root5",14,"T2",8.65042100259405e-12,6.65338306308668e-11,6.94444444444444e-07,0.107844458533583,8.0212012005237e-08,0.171639786606887
"root5",14,"T3",4.58291510887374e-12,6.65338306308668e-11,6.94444444444444e-07,0.107844458533583,4.24956012686235e-08,0.171639786606887
"root5",14,"T1",9.30153027151074e-12,6.65338306308668e-11,6.94444444444444e-07,0.107844458533583,8.62494967102479e-08,0.171639786606887
"root5",14,"T2",9.04079490872755e-12,6.65338306308668e-11,8.10185185185185e-07,0.107844458533583,8.38317984220972e-08,0.171639786606887
"root5",14,"T3",4.63811507084892e-12,6.65338306308668e-11,8.10185185185185e-07,0.107844458533583,4.30074491903968e-08,0.171639786606887
"root5",14,"T1",9.77643729460258e-12,6.65338306308668e-11,8.10185185185185e-07,0.107844458533583,9.06531260626449e-08,0.171639786606887
"root5",14,"T2",9.38667292297834e-12,6.65338306308668e-11,9.25925925925926e-07,0.107844458533583,8.70389916238052e-08,0.171639786606887
"root5",14,"T3",4.68339109789484e-12,6.65338306308668e-11,9.25925925925926e-07,0.107844458533583,4.34272762975245e-08,0.171639786606887
"root5",14,"T1",1.02045053564101e-11,6.65338306308668e-11,9.25925925925926e-07,0.107844458533583,9.46224358225363e-08,0.171639786606887
"root5",14,"T2",9.6972498797419e-12,6.65338306308668e-11,1.04166666666667e-06,0.107844458533583,8.99188517574332e-08,0.171639786606887
"root5",14,"T3",4.7215384775661e-12,6.65338306308668e-11,1.04166666666667e-06,0.107844458533583,4.37810022115861e-08,0.171639786606887
"root5",14,"T1",1.05950654502897e-11,6.65338306308668e-11,1.04166666666667e-06,0.107844458533583,9.82439486864351e-08,0.171639786606887
"root5",14,"T2",9.97914447757536e-12,6.65338306308668e-11,1.15740740740741e-06,0.107844458533583,9.2532751457673e-08,0.171639786606887
"root5",14,"T3",4.75436507548763e-12,6.65338306308668e-11,1.15740740740741e-06,0.107844458533583,4.40853905720812e-08,0.171639786606887
"root5",14,"T1",1.09548619450201e-11,6.65338306308668e-11,1.15740740740741e-06,0.107844458533583,1.01580202580448e-07,0.171639786606887
"root5",15,"T2",7.14799767892369e-12,3.57159837839367e-10,1.15740740740741e-07,0.173281139821713,4.125086946149e-08,0.275785499472235
"root5",15,"T3",5.43786687373019e-12,3.57159837839367e-10,1.15740740740741e-07,0.173281139821713,3.1381758449449e-08,0.275785499472235
"root5",15,"T1",7.32473128682007e-12,3.57159837839367e-10,1.15740740740741e-07,0.173281139821713,4.22707935460051e-08,0.275785499472235
"root5",15,"T2",8.51820528083234e-12,3.57159837839367e-10,2.31481481481481e-07,0.173281139821713,4.91582943740826e-08,0.275785499472235
"root5",15,"T3",5.97062903030186e-12,3.57159837839367e-10,2.31481481481481e-07,0.173281139821713,3.44563120743837e-08,0.275785499472235
"root5",15,"T1",8.78388913443258e-12,3.57159837839367e-10,2.31481481481481e-07,0.173281139821713,5.06915475248502e-08,0.275785499472235
"root5",15,"T2",9.48266491940249e-12,3.57159837839367e-10,3.47222222222222e-07,0.173281139821713,5.47241605702681e-08,0.275785499472235
"root5",15,"T3",6.26327202548616e-12,3.57159837839367e-10,3.47222222222222e-07,0.173281139821713,3.61451455820891e-08,0.275785499472235
"root5",15,"T1",9.8336699348854e-12,3.57159837839367e-10,3.47222222222222e-07,0.173281139821713,5.6749799458863e-08,0.275785499472235
"root5",15,"T2",1.02504479645624e-11,3.57159837839367e-10,4.62962962962963e-07,0.173281139821713,5.91550123406905e-08,0.275785499472235
"root5",15,"T3",6.45947814796418e-12,3.57159837839367e-10,4.62962962962963e-07,0.173281139821713,3.72774449349206e-08,0.275785499472235
"root5",15,"T1",1.06868157479903e-11,3.57159837839367e-10,4.62962962962963e-07,0.173281139821713,6.16732770743884e-08,0.275785499472235
"root5",15,"T2",1.08990462705434e-11,3.57159837839367e-10,5.78703703703704e-07,0.173281139821713,6.28980527353257e-08,0.275785499472235
"root5",15,"T3",6.60551589468139e-12,3.57159837839367e-10,5.78703703703704e-07,0.173281139821713,3.81202241714115e-08,0.275785499472235
"root5",15,"T1",1.14213665295107e-11,3.57159837839367e-10,5.78703703703704e-07,0.173281139821713,6.59123464980782e-08,0.275785499472235
"root5",15,"T2",1.14661958480445e-11,3.57159837839367e-10,6.94444444444444e-07,0.173281139821713,6.61710550833282e-08,0.275785499472235
"root5",15,"T3",6.72131084976566e-12,3.57159837839367e-10,6.94444444444444e-07,0.173281139821713,3.87884732099589e-08,0.275785499472235
"root5",15,"T1",1.20749928576351e-11,3.57159837839367e-10,6.94444444444444e-07,0.173281139821713,6.96844034501329e-08,0.275785499472235
"root5",15,"T2",1.1973348266097e-11,3.57159837839367e-10,8.10185185185185e-07,0.173281139821713,6.90978157139103e-08,0.275785499472235
"root5",15,"T3",6.81703755185261e-12,3.57159837839367e-10,8.10185185185185e-07,0.173281139821713,3.93409089925573e-08,0.275785499472235
"root5",15,"T1",1.26689447854134e-11,3.57159837839367e-10,8.10185185185185e-07,0.173281139821713,7.31120813173799e-08,0.275785499472235
"root5",15,"T2",1.24339918239007e-11,3.57159837839367e-10,9.25925925925926e-07,0.173281139821713,7.17561751769058e-08,0.275785499472235
"root5",15,"T3",6.89852179087266e-12,3.57159837839367e-10,9.25925925925926e-07,0.173281139821713,3.98111519693977e-08,0.275785499472235
"root5",15,"T1",1.32164954837602e-11,3.57159837839367e-10,9.25925925925926e-07,0.173281139821713,7.62719791510979e-08,0.275785499472235
"root5",15,"T2",1.2857233498512e-11,3.57159837839367e-10,1.04166666666667e-06,0.173281139821713,7.41986895500612e-08,0.275785499472235
"root5",15,"T3",6.96938731334857e-12,3.57159837839367e-10,1.04166666666667e-06,0.173281139821713,4.02201146675241e-08,0.275785499472235
"root5",15,"T1",1.37265577671706e-11,3.57159837839367e-10,1.04166666666667e-06,0.173281139821713,7.92155325230066e-08,0.275785499472235
"root5",15,"T2",1.32495565869528e-11,3.57159837839367e-10,1.15740740740741e-06,0.173281139821713,7.64627737362824e-08,0.275785499472235
"root5",15,"T3",7.0320339148849e-12,3.57159837839367e-10,1.15740740740741e-06,0.173281139821713,4.05816462317831e-08,0.275785499472235
"root5",15,"T1",1.42054499628136e-11,3.57159837839367e-10,1.15740740740741e-06,0.173281139821713,8.19792043001876e-08,0.275785499472235
"root5",23,"T2",7.08141117933334e-12,6.26026553232177e-10,1.15740740740741e-07,0.134803737841208,5.25312672536935e-08,0.214546812246922
"root5",23,"T3",5.32231886233479e-12,6.26026553232177e-10,1.15740740740741e-07,0.134803737841208,3.94819828260565e-08,0.214546812246922
"root5",23,"T1",7.31827137102245e-12,6.26026553232177e-10,1.15740740740741e-07,0.134803737841208,5.42883416158905e-08,0.214546812246922
"root5",23,"T2",8.50620860328231e-12,6.26026553232177e-10,2.31481481481481e-07,0.134803737841208,6.3100688003935e-08,0.214546812246922
"root5",23,"T3",5.8332212937367e-12,6.26026553232177e-10,2.31481481481481e-07,0.134803737841208,4.32719551189889e-08,0.214546812246922
"root5",23,"T1",8.88462067894713e-12,6.26026553232177e-10,2.31481481481481e-07,0.134803737841208,6.590782140932e-08,0.214546812246922
"root5",23,"T2",9.4961524405311e-12,6.26026553232177e-10,3.47222222222222e-07,0.134803737841208,7.04442813871904e-08,0.214546812246922
"root5",23,"T3",6.10813350041720e-12,6.26026553232177e-10,3.47222222222222e-07,0.134803737841208,4.53113066316624e-08,0.214546812246922
"root5",23,"T1",1.00009082047104e-11,6.26026553232177e-10,3.47222222222222e-07,0.134803737841208,7.41886565229443e-08,0.214546812246922
"root5",23,"T2",1.02612772322039e-11,6.26026553232177e-10,4.62962962962963e-07,0.134803737841208,7.61201239411565e-08,0.214546812246922
"root5",23,"T3",6.28609865648674e-12,6.26026553232177e-10,4.62962962962963e-07,0.134803737841208,4.66314863159911e-08,0.214546812246922
"root5",23,"T1",1.08853938860173e-11,6.26026553232177e-10,4.62962962962963e-07,0.134803737841208,8.07499410649854e-08,0.214546812246922
"root5",23,"T2",1.08866581080209e-11,6.26026553232177e-10,5.78703703703704e-07,0.134803737841208,8.07593193064483e-08,0.214546812246922
"root5",23,"T3",6.4136170401062e-12,6.26026553232177e-10,5.78703703703704e-07,0.134803737841208,4.75774421601062e-08,0.214546812246922
"root5",23,"T1",1.1625679103856e-11,6.26026553232177e-10,5.78703703703704e-07,0.134803737841208,8.62415188928256e-08,0.214546812246922
"root5",23,"T2",1.14162862491802e-11,6.26026553232177e-10,6.94444444444444e-07,0.134803737841208,8.46882025083607e-08,0.214546812246922
"root5",23,"T3",6.51115539267595e-12,6.26026553232177e-10,6.94444444444444e-07,0.134803737841208,4.8301000379869e-08,0.214546812246922
"root5",23,"T1",1.22667244616485e-11,6.26026553232177e-10,6.94444444444444e-07,0.134803737841208,9.09969163918743e-08,0.214546812246922
"root5",23,"T2",1.18761154508426e-11,6.26026553232177e-10,8.10185185185185e-07,0.134803737841208,8.80993037806716e-08,0.214546812246922
"root5",23,"T3",6.58924441611186e-12,6.26026553232177e-10,8.10185185185185e-07,0.134803737841208,4.88802797432343e-08,0.214546812246922
"root5",23,"T1",1.28349388355376e-11,6.26026553232177e-10,8.10185185185185e-07,0.134803737841208,9.5212039673978e-08,0.214546812246922
"root5",23,"T2",1.22828009217094e-11,6.26026553232177e-10,9.25925925925926e-07,0.134803737841208,9.11161746581381e-08,0.214546812246922
"root5",23,"T3",6.65389637115124e-12,6.26026553232177e-10,9.25925925925926e-07,0.134803737841208,4.93598803542762e-08,0.214546812246922
"root5",23,"T1",1.33472375855324e-11,6.26026553232177e-10,9.25925925925926e-07,0.134803737841208,9.90123701262258e-08,0.214546812246922
"root5",23,"T2",1.26476802620192e-11,6.26026553232177e-10,1.04166666666667e-06,0.134803737841208,9.38229196353409e-08,0.214546812246922
"root5",23,"T3",6.70881234234544e-12,6.26026553232177e-10,1.04166666666667e-06,0.134803737841208,4.97672575685407e-08,0.214546812246922
"root5",23,"T1",1.38151360596413e-11,6.26026553232177e-10,1.04166666666667e-06,0.134803737841208,1.02483330810269e-07,0.214546812246922
"root5",23,"T2",1.29788193868613e-11,6.26026553232177e-10,1.15740740740741e-06,0.134803737841208,9.62793732184914e-08,0.214546812246922
"root5",23,"T3",6.75640547977640e-12,6.26026553232177e-10,1.15740740740741e-06,0.134803737841208,5.01203125964883e-08,0.214546812246922
"root5",23,"T1",1.42468393057427e-11,6.26026553232177e-10,1.15740740740741e-06,0.134803737841208,1.05685788346053e-07,0.214546812246922
"root5",29,"T2",1.02054843754125e-11,3.66662438334027e-09,1.15740740740741e-07,0.243693125471668,4.18784253994025e-08,0.387849655163294
"root5",29,"T3",8.35741223752916e-12,3.66662438334027e-09,1.15740740740741e-07,0.243693125471668,3.42948214946704e-08,0.387849655163294
"root5",29,"T1",1.04755125458333e-11,3.66662438334027e-09,1.15740740740741e-07,0.243693125471668,4.29864918247406e-08,0.387849655163294
"root5",29,"T2",1.17350847789296e-11,3.66662438334027e-09,2.31481481481481e-07,0.243693125471668,4.81551736685898e-08,0.387849655163294
"root5",29,"T3",9.12597905982839e-12,3.66662438334027e-09,2.31481481481481e-07,0.243693125471668,3.74486520379476e-08,0.387849655163294
"root5",29,"T1",1.21081931718246e-11,3.66662438334027e-09,2.31481481481481e-07,0.243693125471668,4.96862320116303e-08,0.387849655163294
"root5",29,"T2",1.27632346626525e-11,3.66662438334027e-09,3.47222222222222e-07,0.243693125471668,5.23742089069981e-08,0.387849655163294
"root5",29,"T3",9.57504289847218e-12,3.66662438334027e-09,3.47222222222222e-07,0.243693125471668,3.9291395191964e-08,0.387849655163294
"root5",29,"T1",1.32262668653741e-11,3.66662438334027e-09,3.47222222222222e-07,0.243693125471668,5.42742715444873e-08,0.387849655163294
"root5",29,"T2",1.35648901226675e-11,3.66662438334027e-09,4.62962962962963e-07,0.243693125471668,5.56638193892939e-08,0.387849655163294
"root5",29,"T3",9.89594088339591e-12,3.66662438334027e-09,4.62962962962963e-07,0.243693125471668,4.06082069990375e-08,0.387849655163294
"root5",29,"T1",1.41130645706966e-11,3.66662438334027e-09,4.62962962962963e-07,0.243693125471668,5.79132650680266e-08,0.387849655163294
"root5",29,"T2",1.42381633679126e-11,3.66662438334027e-09,5.78703703703704e-07,0.243693125471668,5.8426610682409e-08,0.387849655163294
"root5",29,"T3",1.01502563710582e-11,3.66662438334027e-09,5.78703703703704e-07,0.243693125471668,4.16517960915491e-08,0.387849655163294
"root5",29,"T1",1.48691098768519e-11,3.66662438334027e-09,5.78703703703704e-07,0.243693125471668,6.10157132995554e-08,0.387849655163294
"root5",29,"T2",1.48288244659297e-11,3.66662438334027e-09,6.94444444444444e-07,0.243693125471668,6.08504012463566e-08,0.387849655163294
"root5",29,"T3",1.03643635379053e-11,3.66662438334027e-09,6.94444444444444e-07,0.243693125471668,4.25303894717797e-08,0.387849655163294
"root5",29,"T1",1.55411608586082e-11,3.66662438334027e-09,6.94444444444444e-07,0.243693125471668,6.37734890080639e-08,0.387849655163294
"root5",29,"T2",1.53617298189063e-11,3.66662438334027e-09,8.10185185185185e-07,0.243693125471668,6.30371898639886e-08,0.387849655163294
"root5",29,"T3",1.05516058998388e-11,3.66662438334027e-09,8.10185185185185e-07,0.243693125471668,4.32987425452242e-08,0.387849655163294
"root5",29,"T1",1.61545673189584e-11,3.66662438334027e-09,8.10185185185185e-07,0.243693125471668,6.62906156572583e-08,0.387849655163294
"root5",29,"T2",1.58517923189816e-11,3.66662438334027e-09,9.25925925925926e-07,0.243693125471668,6.50481719100629e-08,0.387849655163294
"root5",29,"T3",1.0719539579039e-11,3.66662438334027e-09,9.25925925925926e-07,0.243693125471668,4.39878620223336e-08,0.387849655163294
"root5",29,"T1",1.6724519423885e-11,3.66662438334027e-09,9.25925925925926e-07,0.243693125471668,6.86294264210971e-08,0.387849655163294
"root5",29,"T2",1.63086189128312e-11,3.66662438334027e-09,1.04166666666667e-06,0.243693125471668,6.69227696976101e-08,0.387849655163294
"root5",29,"T3",1.08728123045643e-11,3.66662438334027e-09,1.04166666666667e-06,0.243693125471668,4.4616819959611e-08,0.387849655163294
"root5",29,"T1",1.72607915545648e-11,3.66662438334027e-09,1.04166666666667e-06,0.243693125471668,7.08300306836991e-08,0.387849655163294
"root5",29,"T2",1.67387409114598e-11,3.66662438334027e-09,1.15740740740741e-06,0.243693125471668,6.86877846023027e-08,0.387849655163294
"root5",29,"T3",1.10144717353348e-11,3.66662438334027e-09,1.15740740740741e-06,0.243693125471668,4.51981224912124e-08,0.387849655163294
"root5",29,"T1",1.77700205322677e-11,3.66662438334027e-09,1.15740740740741e-06,0.243693125471668,7.29196627843884e-08,0.387849655163294
"root5",4,"T2",5.10772946204162e-12,1.98609004371061e-11,1.15740740740741e-07,0.116073161042719,4.40043970213045e-08,0.184736173402503
"root5",4,"T3",3.73507385909804e-12,1.98609004371061e-11,1.15740740740741e-07,0.116073161042719,3.21786175679613e-08,0.184736173402503
"root5",4,"T1",5.27395413843772e-12,1.98609004371061e-11,1.15740740740741e-07,0.116073161042719,4.54364651661095e-08,0.184736173402503
"root5",4,"T2",6.24265509241882e-12,1.98609004371061e-11,2.31481481481481e-07,0.116073161042719,5.37820718962009e-08,0.184736173402503
"root5",4,"T3",4.13037457512155e-12,1.98609004371061e-11,2.31481481481481e-07,0.116073161042719,3.55842344433218e-08,0.184736173402503
"root5",4,"T1",6.5028953394647e-12,1.98609004371061e-11,2.31481481481481e-07,0.116073161042719,5.60241082524788e-08,0.184736173402503
"root5",4,"T2",7.04335178717493e-12,1.98609004371061e-11,3.47222222222222e-07,0.116073161042719,6.0680278919799e-08,0.184736173402503
"root5",4,"T3",4.33999218776764e-12,1.98609004371061e-11,3.47222222222222e-07,0.116073161042719,3.73901438435917e-08,0.184736173402503
"root5",4,"T1",7.39070315302651e-12,1.98609004371061e-11,3.47222222222222e-07,0.116073161042719,6.36727998672016e-08,0.184736173402503
"root5",4,"T2",7.67145691482665e-12,1.98609004371061e-11,4.62962962962963e-07,0.116073161042719,6.60915654050576e-08,0.184736173402503
"root5",4,"T3",4.47433065420125e-12,1.98609004371061e-11,4.62962962962963e-07,0.116073161042719,3.85475041259067e-08,0.184736173402503
"root5",4,"T1",8.10279226681723e-12,1.98609004371061e-11,4.62962962962963e-07,0.116073161042719,6.98076298950376e-08,0.184736173402503
"root5",4,"T2",8.19195103417084e-12,1.98609004371061e-11,5.78703703703704e-07,0.116073161042719,7.05757555026516e-08,0.184736173402503
"root5",4,"T3",4.57002195138362e-12,1.98609004371061e-11,5.78703703703704e-07,0.116073161042719,3.93719091504856e-08,0.184736173402503
"root5",4,"T1",8.70509325624359e-12,1.98609004371061e-11,5.78703703703704e-07,0.116073161042719,7.49966071229835e-08,0.184736173402503
"root5",4,"T2",8.63828476029165e-12,1.98609004371061e-11,6.94444444444444e-07,0.116073161042719,7.44210348257205e-08,0.184736173402503
"root5",4,"T3",4.64297850250142e-12,1.98609004371061e-11,6.94444444444444e-07,0.116073161042719,4.00004485170576e-08,0.184736173402503
"root5",4,"T1",9.23140312263455e-12,1.98609004371061e-11,6.94444444444444e-07,0.116073161042719,7.95309013703613e-08,0.184736173402503
"root5",4,"T2",9.03018206491002e-12,1.98609004371061e-11,8.10185185185185e-07,0.116073161042719,7.77973304404676e-08,0.184736173402503
"root5",4,"T3",4.701291688831e-12,1.98609004371061e-11,8.10185185185185e-07,0.116073161042719,4.05028315469134e-08,0.184736173402503
"root5",4,"T1",9.70162151841233e-12,1.98609004371061e-11,8.10185185185185e-07,0.116073161042719,8.35819532375947e-08,0.184736173402503
"root5",4,"T2",9.38032277921755e-12,1.98609004371061e-11,9.25925925925926e-07,0.116073161042719,8.08138823389609e-08,0.184736173402503
"root5",4,"T3",4.74953658840498e-12,1.98609004371061e-11,9.25925925925926e-07,0.116073161042719,4.09184737086378e-08,0.184736173402503
"root5",4,"T1",1.01285437571265e-11,1.98609004371061e-11,9.25925925925926e-07,0.116073161042719,8.72599976268314e-08,0.184736173402503
"root5",4,"T2",9.69736460676192e-12,1.98609004371061e-11,1.04166666666667e-06,0.116073161042719,8.3545278853851e-08,0.184736173402503
"root5",4,"T3",4.79050787092017e-12,1.98609004371061e-11,1.04166666666667e-06,0.116073161042719,4.12714517971738e-08,0.184736173402503
"root5",4,"T1",1.05209165918764e-11,1.98609004371061e-11,1.04166666666667e-06,0.116073161042719,9.0640390055409e-08,0.184736173402503
"root5",4,"T2",9.98748975059151e-12,1.98609004371061e-11,1.15740740740741e-06,0.116073161042719,8.60447812471977e-08,0.184736173402503
"root5",4,"T3",4.82601666955482e-12,1.98609004371061e-11,1.15740740740741e-06,0.116073161042719,4.15773691885472e-08,0.184736173402503
"root5",4,"T1",1.08849968273837e-11,1.98609004371061e-11,1.15740740740741e-06,0.116073161042719,9.37770344979025e-08,0.184736173402503
"root5",5,"T2",4.57742022603505e-12,2.32854315424262e-11,1.15740740740741e-07,0.120853926188223,3.78756435178281e-08,0.192344997449188
"root5",5,"T3",3.27609344911903e-12,2.32854315424262e-11,1.15740740740741e-07,0.120853926188223,2.71078776871237e-08,0.192344997449188
"root5",5,"T1",4.70230866679364e-12,2.32854315424262e-11,1.15740740740741e-07,0.120853926188223,3.89090269146082e-08,0.192344997449188
"root5",5,"T2",5.61727083693172e-12,2.32854315424262e-11,2.31481481481481e-07,0.120853926188223,4.64798373880146e-08,0.192344997449188
"root5",5,"T3",3.61833961250078e-12,2.32854315424262e-11,2.31481481481481e-07,0.120853926188223,2.99397771063344e-08,0.192344997449188
"root5",5,"T1",5.81131349038644e-12,2.32854315424262e-11,2.31481481481481e-07,0.120853926188223,4.80854339919057e-08,0.192344997449188
"root5",5,"T2",6.36654275095557e-12,2.32854315424262e-11,3.47222222222222e-07,0.120853926188223,5.26796518057679e-08,0.192344997449188
"root5",5,"T3",3.80017850790316e-12,2.32854315424262e-11,3.47222222222222e-07,0.120853926188223,3.14443943011384e-08,0.192344997449188
"root5",5,"T1",6.62727593586364e-12,2.32854315424262e-11,3.47222222222222e-07,0.120853926188223,5.4837076004813e-08,0.192344997449188
"root5",5,"T2",6.96594979897426e-12,2.32854315424262e-11,4.62962962962963e-07,0.120853926188223,5.76394165972332e-08,0.192344997449188
"root5",5,"T3",3.9178389010289e-12,2.32854315424262e-11,4.62962962962963e-07,0.120853926188223,3.24179695653999e-08,0.192344997449188
"root5",5,"T1",7.2926613612855e-12,2.32854315424262e-11,4.62962962962963e-07,0.120853926188223,6.03427757069936e-08,0.192344997449188
"root5",5,"T2",7.4711700853537e-12,2.32854315424262e-11,5.78703703703704e-07,0.120853926188223,6.18198375592514e-08,0.192344997449188
"root5",5,"T3",4.00264757094904e-12,2.32854315424262e-11,5.78703703703704e-07,0.120853926188223,3.31197148259391e-08,0.192344997449188
"root5",5,"T1",7.86342921579315e-12,2.32854315424262e-11,5.78703703703704e-07,0.120853926188223,6.50655668691005e-08,0.192344997449188
"root5",5,"T2",7.91078365396832e-12,2.32854315424262e-11,6.94444444444444e-07,0.120853926188223,6.54573988903574e-08,0.192344997449188
"root5",5,"T3",4.06808164343737e-12,2.32854315424262e-11,6.94444444444444e-07,0.120853926188223,3.3661145911814e-08,0.192344997449188
"root5",5,"T1",8.36817913141436e-12,2.32854315424262e-11,6.94444444444444e-07,0.120853926188223,6.92420957709012e-08,0.192344997449188
"root5",5,"T2",8.30168951098188e-12,2.32854315424262e-11,8.10185185185185e-07,0.120853926188223,6.86919306043271e-08,0.192344997449188
"root5",5,"T3",4.12096560460033e-12,2.32854315424262e-11,8.10185185185185e-07,0.120853926188223,3.40987317051013e-08,0.192344997449188
"root5",5,"T1",8.82377780613714e-12,2.32854315424262e-11,8.10185185185185e-07,0.120853926188223,7.30119250937252e-08,0.192344997449188
"root5",5,"T2",8.6548082758526e-12,2.32854315424262e-11,9.25925925925926e-07,0.120853926188223,7.16137948416606e-08,0.192344997449188
"root5",5,"T3",4.16515523997575e-12,2.32854315424262e-11,9.25925925925926e-07,0.120853926188223,3.4464376717797e-08,0.192344997449188
"root5",5,"T1",9.24110821444329e-12,2.32854315424262e-11,9.25925925925926e-07,0.120853926188223,7.64651054865259e-08,0.192344997449188
"root5",5,"T2",8.97764353185803e-12,2.32854315424262e-11,1.04166666666667e-06,0.120853926188223,7.42850796413174e-08,0.192344997449188
"root5",5,"T3",4.20300948801029e-12,2.32854315424262e-11,1.04166666666667e-06,0.120853926188223,3.47775998726293e-08,0.192344997449188
"root5",5,"T1",9.6276415283891e-12,2.32854315424262e-11,1.04166666666667e-06,0.120853926188223,7.96634568031708e-08,0.192344997449188
"root5",5,"T2",9.27558972659733e-12,2.32854315424262e-11,1.15740740740741e-06,0.120853926188223,7.67504211005205e-08,0.192344997449188
"root5",5,"T3",4.23606202401573e-12,2.32854315424262e-11,1.15740740740741e-06,0.120853926188223,3.50510914922061e-08,0.192344997449188
"root5",5,"T1",9.9887465891901e-12,2.32854315424262e-11,1.15740740740741e-06,0.120853926188223,8.26514032620935e-08,0.192344997449188
"root5",8,"T2",5.94513614558855e-12,1.02197796568992e-10,1.15740740740741e-07,0.135781107486549,4.37847080174795e-08,0.216102344349762
"root5",8,"T3",4.47919900248974e-12,1.02197796568992e-10,1.15740740740741e-07,0.135781107486549,3.29883817079152e-08,0.216102344349762
"root5",8,"T1",6.12487483915349e-12,1.02197796568992e-10,1.15740740740741e-07,0.135781107486549,4.51084466206777e-08,0.216102344349762
"root5",8,"T2",7.1235256903915e-12,1.02197796568992e-10,2.31481481481481e-07,0.135781107486549,5.24633052584078e-08,0.216102344349762
"root5",8,"T3",4.92288793136686e-12,1.02197796568992e-10,2.31481481481481e-07,0.135781107486549,3.62560596425725e-08,0.216102344349762
"root5",8,"T1",7.39380258998354e-12,1.02197796568992e-10,2.31481481481481e-07,0.135781107486549,5.44538391743196e-08,0.216102344349762
"root5",8,"T2",7.93582078232944e-12,1.02197796568992e-10,3.47222222222222e-07,0.135781107486549,5.84456919613473e-08,0.216102344349762
"root5",8,"T3",5.15913910473636e-12,1.02197796568992e-10,3.47222222222222e-07,0.135781107486549,3.79960010655197e-08,0.216102344349762
"root5",8,"T1",8.28792720053362e-12,1.02197796568992e-10,3.47222222222222e-07,0.135781107486549,6.10388834938222e-08,0.216102344349762
"root5",8,"T2",8.56602857971183e-12,1.02197796568992e-10,4.62962962962963e-07,0.135781107486549,6.30870430966282e-08,0.216102344349762
"root5",8,"T3",5.3122066125607e-12,1.02197796568992e-10,4.62962962962963e-07,0.135781107486549,3.91233118575568e-08,0.216102344349762
"root5",8,"T1",8.99613703105168e-12,1.02197796568992e-10,4.62962962962963e-07,0.135781107486549,6.62547036003729e-08,0.216102344349762
"root5",8,"T2",9.08562201005378e-12,1.02197796568992e-10,5.78703703703704e-07,0.135781107486549,6.69137421121258e-08,0.216102344349762
"root5",8,"T3",5.42274203713432e-12,1.02197796568992e-10,5.78703703703704e-07,0.135781107486549,3.99373825822677e-08,0.216102344349762
"root5",8,"T1",9.59125791388573e-12,1.02197796568992e-10,5.78703703703704e-07,0.135781107486549,7.06376468083815e-08,0.216102344349762
"root5",8,"T2",9.53037915210041e-12,1.02197796568992e-10,6.94444444444444e-07,0.135781107486549,7.01892872176236e-08,0.216102344349762
"root5",8,"T3",5.50825383317384e-12,1.02197796568992e-10,6.94444444444444e-07,0.135781107486549,4.05671594166332e-08,0.216102344349762
"root5",8,"T1",1.01096066173566e-11,1.02197796568992e-10,6.94444444444444e-07,0.135781107486549,7.445517866584e-08,0.216102344349762
"root5",8,"T2",9.92092352967332e-12,1.02197796568992e-10,8.10185185185185e-07,0.135781107486549,7.30655664349779e-08,0.216102344349762
"root5",8,"T3",5.577601077126e-12,1.02197796568992e-10,8.10185185185185e-07,0.135781107486549,4.10778876411693e-08,0.216102344349762
"root5",8,"T1",1.05720827241805e-11,1.02197796568992e-10,8.10185185185185e-07,0.135781107486549,7.78612203117273e-08,0.216102344349762
"root5",8,"T2",1.02702733052987e-11,1.02197796568992e-10,9.25925925925926e-07,0.135781107486549,7.56384558604082e-08,0.216102344349762
"root5",8,"T3",5.635781179251e-12,1.02197796568992e-10,9.25925925925926e-07,0.135781107486549,4.15063721571817e-08,0.216102344349762
"root5",8,"T1",1.09918738348433e-11,1.02197796568992e-10,9.25925925925926e-07,0.135781107486549,8.09528957180751e-08,0.216102344349762
"root5",8,"T2",1.05871880803762e-11,1.02197796568992e-10,1.04166666666667e-06,0.135781107486549,7.79724681611176e-08,0.216102344349762
"root5",8,"T3",5.68584560251116e-12,1.02197796568992e-10,1.04166666666667e-06,0.135781107486549,4.18750863633545e-08,0.216102344349762
"root5",8,"T1",1.13778575905872e-11,1.02197796568992e-10,1.04166666666667e-06,0.135781107486549,8.37955868913084e-08,0.216102344349762
"root5",8,"T2",1.08778503451418e-11,1.02197796568992e-10,1.15740740740741e-06,0.135781107486549,8.01131361093027e-08,0.216102344349762
"root5",8,"T3",5.72977410619386e-12,1.02197796568992e-10,1.15740740740741e-06,0.135781107486549,4.21986107806749e-08,0.216102344349762
"root5",8,"T1",1.1736306254627e-11,1.02197796568992e-10,1.15740740740741e-06,0.135781107486549,8.64354877631977e-08,0.216102344349762
"root6",0,"T2",4.75497722205994e-12,3.92693886600265e-12,1.15740740740741e-07,0.111242579934162,4.27442192088149e-08,0.177048064788172
"root6",0,"T3",3.44120711001344e-12,3.92693886600265e-12,1.15740740740741e-07,0.111242579934162,3.09342619710015e-08,0.177048064788172
"root6",0,"T1",4.9142364788537e-12,3.92693886600265e-12,1.15740740740741e-07,0.111242579934162,4.41758585764745e-08,0.177048064788172
"root6",0,"T2",5.86085143398677e-12,3.92693886600265e-12,2.31481481481481e-07,0.111242579934162,5.26853246073174e-08,0.177048064788172
"root6",0,"T3",3.82700327103299e-12,3.92693886600265e-12,2.31481481481481e-07,0.111242579934162,3.44023239419471e-08,0.177048064788172
"root6",0,"T1",6.11498706738845e-12,3.92693886600265e-12,2.31481481481481e-07,0.111242579934162,5.49698422223537e-08,0.177048064788172
"root6",0,"T2",6.6445938577472e-12,3.92693886600265e-12,3.47222222222222e-07,0.111242579934162,5.97306702314865e-08,0.177048064788172
"root6",0,"T3",4.03399769998685e-12,3.92693886600265e-12,3.47222222222222e-07,0.111242579934162,3.62630721291643e-08,0.177048064788172
"root6",0,"T1",6.98704673623154e-12,3.92693886600265e-12,3.47222222222222e-07,0.111242579934162,6.28091036756498e-08,0.177048064788172
"root6",0,"T2",7.25969093239634e-12,3.92693886600265e-12,4.62962962962963e-07,0.111242579934162,6.52600014912719e-08,0.177048064788172
"root6",0,"T3",4.16716878855783e-12,3.92693886600265e-12,4.62962962962963e-07,0.111242579934162,3.7460195466737e-08,0.177048064788172
"root6",0,"T1",7.68732213277131e-12,3.92693886600265e-12,4.62962962962963e-07,0.111242579934162,6.91041338426436e-08,0.177048064788172
"root6",0,"T2",7.76883053407152e-12,3.92693886600265e-12,5.78703703703704e-07,0.111242579934162,6.98368424992429e-08,0.177048064788172
"root6",0,"T3",4.26202058992565e-12,3.92693886600265e-12,5.78703703703704e-07,0.111242579934162,3.83128527983448e-08,0.177048064788172
"root6",0,"T1",8.27934863161366e-12,3.92693886600265e-12,5.78703703703704e-07,0.111242579934162,7.44260753077978e-08,0.177048064788172
"root6",0,"T2",8.20459687629689e-12,3.92693886600265e-12,6.94444444444444e-07,0.111242579934162,7.37541045987311e-08,0.177048064788172
"root6",0,"T3",4.33417334184523e-12,3.92693886600265e-12,6.94444444444444e-07,0.111242579934162,3.89614601208492e-08,0.177048064788172
"root6",0,"T1",8.79601577708779e-12,3.92693886600265e-12,6.94444444444444e-07,0.111242579934162,7.90705841440718e-08,0.177048064788172
"root6",0,"T2",8.58633435678057e-12,3.92693886600265e-12,8.10185185185185e-07,0.111242579934162,7.71856816145609e-08,0.177048064788172
"root6",0,"T3",4.39164137531779e-12,3.92693886600265e-12,8.10185185185185e-07,0.111242579934162,3.94780611697153e-08,0.177048064788172
"root6",0,"T1",9.25682808763946e-12,3.92693886600265e-12,8.10185185185185e-07,0.111242579934162,8.32129935598225e-08,0.177048064788172
"root6",0,"T2",8.92654337081763e-12,3.92693886600265e-12,9.25925925925926e-07,0.111242579934162,8.02439441453149e-08,0.177048064788172
"root6",0,"T3",4.43898591931758e-12,3.92693886600265e-12,9.25925925925926e-07,0.111242579934162,3.99036584907035e-08,0.177048064788172
"root6",0,"T1",9.67439866049898e-12,3.92693886600265e-12,9.25925925925926e-07,0.111242579934162,8.69666872723079e-08,0.177048064788172
"root6",0,"T2",9.2337939942893e-12,3.92693886600265e-12,1.04166666666667e-06,0.111242579934162,8.30059317192594e-08,0.177048064788172
"root6",0,"T3",4.47900676827065e-12,3.92693886600265e-12,1.04166666666667e-06,0.111242579934162,4.02634204539441e-08,0.177048064788172
"root6",0,"T1",1.00573905165149e-11,3.92693886600265e-12,1.04166666666667e-06,0.111242579934162,9.04095403259013e-08,0.177048064788172
"root6",0,"T2",9.514225787014e-12,3.92693886600265e-12,1.15740740740741e-06,0.111242579934162,8.55268350720103e-08,0.177048064788172
"root6",0,"T3",4.51352500593568e-12,3.92693886600265e-12,1.15740740740741e-06,0.111242579934162,4.05737174435093e-08,0.177048064788172
"root6",0,"T1",1.04120251034492e-11,3.92693886600265e-12,1.15740740740741e-06,0.111242579934162,9.35974795767182e-08,0.177048064788172
"root6",10,"T2",5.87895419563366e-12,1.44496052292552e-10,1.15740740740741e-07,0.124694361013603,4.71469130427824e-08,0.198457239310002
"root6",10,"T3",4.28273424258206e-12,1.44496052292552e-10,1.15740740740741e-07,0.124694361013603,3.43458533952057e-08,0.198457239310002
"root6",10,"T1",6.06806224165454e-12,1.44496052292552e-10,1.15740740740741e-07,0.124694361013603,4.86634856005443e-08,0.198457239310002
"root6",10,"T2",7.10620431275038e-12,1.44496052292552e-10,2.31481481481481e-07,0.124694361013603,5.69889789320558e-08,0.198457239310002
"root6",10,"T3",4.71008440763612e-12,1.44496052292552e-10,2.31481481481481e-07,0.124694361013603,3.77730345570502e-08,0.198457239310002
"root6",10,"T1",7.39719076390711e-12,1.44496052292552e-10,2.31481481481481e-07,0.124694361013603,5.93225764483459e-08,0.198457239310002
"root6",10,"T2",7.96948611887778e-12,1.44496052292552e-10,3.47222222222222e-07,0.124694361013603,6.39121613366973e-08,0.198457239310002
"root6",10,"T3",4.94022249427767e-12,1.44496052292552e-10,3.47222222222222e-07,0.124694361013603,3.96186519913177e-08,0.198457239310002
"root6",10,"T1",8.35522560634433e-12,1.44496052292552e-10,3.47222222222222e-07,0.124694361013603,6.70056411406836e-08,0.198457239310002
"root6",10,"T2",8.64543965003401e-12,1.44496052292552e-10,4.62962962962963e-07,0.124694361013603,6.93330442512222e-08,0.198457239310002
"root6",10,"T3",5.08924910559041e-12,1.44496052292552e-10,4.62962962962963e-07,0.124694361013603,4.08137871209366e-08,0.198457239310002
"root6",10,"T1",9.12287183168914e-12,1.44496052292552e-10,4.62962962962963e-07,0.124694361013603,7.31618635961727e-08,0.198457239310002
"root6",10,"T2",9.20505836923816e-12,1.44496052292552e-10,5.78703703703704e-07,0.124694361013603,7.3820967479307e-08,0.198457239310002
"root6",10,"T3",5.19623293700674e-12,1.44496052292552e-10,5.78703703703704e-07,0.124694361013603,4.16717556012006e-08,0.198457239310002
"root6",10,"T1",9.77208702713714e-12,1.44496052292552e-10,5.78703703703704e-07,0.124694361013603,7.83683155172598e-08,0.198457239310002
"root6",10,"T2",9.68476318053256e-12,1.44496052292552e-10,6.94444444444444e-07,0.124694361013603,7.76680124250049e-08,0.198457239310002
"root6",10,"T3",5.27830111886431e-12,1.44496052292552e-10,6.94444444444444e-07,0.124694361013603,4.23299103179854e-08,0.198457239310002
"root6",10,"T1",1.03396096557743e-11,1.44496052292552e-10,6.94444444444444e-07,0.124694361013603,8.29196250073114e-08,0.198457239310002
"root6",10,"T2",1.01059450782915e-11,1.44496052292552e-10,8.10185185185185e-07,0.124694361013603,8.1045726495916e-08,0.198457239310002
"root6",10,"T3",5.3442219254126e-12,1.44496052292552e-10,8.10185185185185e-07,0.124694361013603,4.28585694009819e-08,0.198457239310002
"root6",10,"T1",1.08469714444427e-11,1.44496052292552e-10,8.10185185185185e-07,0.124694361013603,8.69884680932713e-08,0.198457239310002
"root6",10,"T2",1.04823055912339e-11,1.44496052292552e-10,9.25925925925926e-07,0.124694361013603,8.40639905928896e-08,0.198457239310002
"root6",10,"T3",5.39898047719658e-12,1.44496052292552e-10,9.25925925925926e-07,0.124694361013603,4.32977115669858e-08,0.198457239310002
"root6",10,"T1",1.13079570947533e-11,1.44496052292552e-10,9.25925925925926e-07,0.124694361013603,9.06853926900487e-08,0.198457239310002
"root6",10,"T2",1.08231710582928e-11,1.44496052292552e-10,1.04166666666667e-06,0.124694361013603,8.67975983060859e-08,0.198457239310002
"root6",10,"T3",5.44563638330338e-12,1.44496052292552e-10,1.04166666666667e-06,0.124694361013603,4.36718736840819e-08,0.198457239310002
"root6",10,"T1",1.17319545234292e-11,1.44496052292552e-10,1.04166666666667e-06,0.124694361013603,9.40856862175941e-08,0.198457239310002
"root6",10,"T2",1.11351843776373e-11,1.44496052292552e-10,1.15740740740741e-06,0.124694361013603,8.92998230803924e-08,0.198457239310002
"root6",10,"T3",5.48618093949831e-12,1.44496052292552e-10,1.15740740740741e-06,0.124694361013603,4.39970251653948e-08,0.198457239310002
"root6",10,"T1",1.21256588057818e-11,1.44496052292552e-10,1.15740740740741e-06,0.124694361013603,9.7243040561064e-08,0.198457239310002
"root6",12,"T2",6.4859697584211e-12,1.36691043771812e-10,1.15740740740741e-07,0.162252497011014,3.99745450942479e-08,0.258232869283058
"root6",12,"T3",4.97374981476197e-12,1.36691043771812e-10,1.15740740740741e-07,0.162252497011014,3.06543807114682e-08,0.258232869283058
"root6",12,"T1",6.66239752728371e-12,1.36691043771812e-10,1.15740740740741e-07,0.162252497011014,4.10619106024079e-08,0.258232869283058
"root6",12,"T2",7.67640694054204e-12,1.36691043771812e-10,2.31481481481481e-07,0.162252497011014,4.73114872310468e-08,0.258232869283058
"root6",12,"T3",5.44586707921545e-12,1.36691043771812e-10,2.31481481481481e-07,0.162252497011014,3.35641495788245e-08,0.258232869283058
"root6",12,"T1",7.9320609144868e-12,1.36691043771812e-10,2.31481481481481e-07,0.162252497011014,4.88871423282216e-08,0.258232869283058
"root6",12,"T2",8.48930799234529e-12,1.36691043771812e-10,3.47222222222222e-07,0.162252497011014,5.23215861002683e-08,0.258232869283058
"root6",12,"T3",5.69836550553105e-12,1.36691043771812e-10,3.47222222222222e-07,0.162252497011014,3.51203562996274e-08,0.258232869283058
"root6",12,"T1",8.81690152692677e-12,1.36691043771812e-10,3.47222222222222e-07,0.162252497011014,5.43406214964338e-08,0.258232869283058
"root6",12,"T2",9.12099695395874e-12,1.36691043771812e-10,4.62962962962963e-07,0.162252497011014,5.62148325725896e-08,0.258232869283058
"root6",12,"T3",5.8650585310904e-12,1.36691043771812e-10,4.62962962962963e-07,0.162252497011014,3.61477243132491e-08,0.258232869283058
"root6",12,"T1",9.51724918249824e-12,1.36691043771812e-10,4.62962962962963e-07,0.162252497011014,5.86570275208288e-08,0.258232869283058
"root6",12,"T2",9.644840560188e-12,1.36691043771812e-10,5.78703703703704e-07,0.162252497011014,5.9443402954429e-08,0.258232869283058
"root6",12,"T3",5.98829532426062e-12,1.36691043771812e-10,5.78703703703704e-07,0.162252497011014,3.69072614263318e-08,0.258232869283058
"root6",12,"T1",1.0107667226819e-11,1.36691043771812e-10,5.78703703703704e-07,0.162252497011014,6.22959116994846e-08,0.258232869283058
"root6",12,"T2",1.00966906027594e-11,1.36691043771812e-10,6.94444444444444e-07,0.162252497011014,6.22282602040575e-08,0.258232869283058
"root6",12,"T3",6.08598309140395e-12,1.36691043771812e-10,6.94444444444444e-07,0.162252497011014,3.75093339302558e-08,0.258232869283058
"root6",12,"T1",1.06245314414768e-11,1.36691043771812e-10,6.94444444444444e-07,0.162252497011014,6.54814664624582e-08,0.258232869283058
"root6",12,"T2",1.04968583677517e-11,1.36691043771812e-10,8.10185185185185e-07,0.162252497011014,6.46945875171288e-08,0.258232869283058
"root6",12,"T3",6.16709004466757e-12,1.36691043771812e-10,8.10185185185185e-07,0.162252497011014,3.80092150091775e-08,0.258232869283058
"root6",12,"T1",1.10884391540271e-11,1.36691043771812e-10,8.10185185185185e-07,0.162252497011014,6.83406379457718e-08,0.258232869283058
"root6",12,"T2",1.08579930866624e-11,1.36691043771812e-10,9.25925925925926e-07,0.162252497011014,6.69203450590062e-08,0.258232869283058
"root6",12,"T3",6.23664853774847e-12,1.36691043771812e-10,9.25925925925926e-07,0.162252497011014,3.84379202332098e-08,0.258232869283058
"root6",12,"T1",1.15122186842818e-11,1.36691043771812e-10,9.25925925925926e-07,0.162252497011014,7.09524900778589e-08,0.258232869283058
"root6",12,"T2",1.1188513303917e-11,1.36691043771812e-10,1.04166666666667e-06,0.162252497011014,6.89574182834148e-08,0.258232869283058
"root6",12,"T3",6.29772569913321e-12,1.36691043771812e-10,1.04166666666667e-06,0.162252497011014,3.88143530309164e-08,0.258232869283058
"root6",12,"T1",1.19044112940824e-11,1.36691043771812e-10,1.04166666666667e-06,0.162252497011014,7.33696646485156e-08,0.258232869283058
"root6",12,"T2",1.14943070275167e-11,1.36691043771812e-10,1.15740740740741e-06,0.162252497011014,7.08420963576076e-08,0.258232869283058
"root6",12,"T3",6.35231282785278e-12,1.36691043771812e-10,1.15740740740741e-06,0.162252497011014,3.91507862428865e-08,0.258232869283058
"root6",12,"T1",1.22709945707385e-11,1.36691043771812e-10,1.15740740740741e-06,0.162252497011014,7.56290029231755e-08,0.258232869283058
"root6",15,"T2",6.0153448614264e-12,6.30748191912557e-11,1.15740740740741e-07,0.138913342569813,4.33028588193628e-08,0.221087451314036
"root6",15,"T3",4.54156574427983e-12,6.30748191912557e-11,1.15740740740741e-07,0.138913342569813,3.2693517125595e-08,0.221087451314036
"root6",15,"T1",6.19829829863495e-12,6.30748191912557e-11,1.15740740740741e-07,0.138913342569813,4.46198916818944e-08,0.221087451314036
"root6",15,"T2",7.20838766075745e-12,6.30748191912557e-11,2.31481481481481e-07,0.138913342569813,5.18912548456947e-08,0.221087451314036
"root6",15,"T3",5.0038821824968e-12,6.30748191912557e-11,2.31481481481481e-07,0.138913342569813,3.60216095151697e-08,0.221087451314036
"root6",15,"T1",7.48354631334745e-12,6.30748191912557e-11,2.31481481481481e-07,0.138913342569813,5.38720483929503e-08,0.221087451314036
"root6",15,"T2",8.02602153257055e-12,6.30748191912557e-11,3.47222222222222e-07,0.138913342569813,5.77771824080682e-08,0.221087451314036
"root6",15,"T3",5.25330650907404e-12,6.30748191912557e-11,3.47222222222222e-07,0.138913342569813,3.78171485322507e-08,0.221087451314036
"root6",15,"T1",8.38401970219534e-12,6.30748191912557e-11,3.47222222222222e-07,0.138913342569813,6.03543154825594e-08,0.221087451314036
"root6",15,"T2",8.65658789460134e-12,6.30748191912557e-11,4.62962962962963e-07,0.138913342569813,6.23164609997837e-08,0.221087451314036
"root6",15,"T3",5.4161229939263e-12,6.30748191912557e-11,4.62962962962963e-07,0.138913342569813,3.89892208605112e-08,0.221087451314036
"root6",15,"T1",9.09313919392741e-12,6.30748191912557e-11,4.62962962962963e-07,0.138913342569813,6.5459077045515e-08,0.221087451314036
"root6",15,"T2",9.17365998469425e-12,6.30748191912557e-11,5.78703703703704e-07,0.138913342569813,6.6038724682504e-08,0.221087451314036
"root6",15,"T3",5.53426419314186e-12,6.30748191912557e-11,5.78703703703704e-07,0.138913342569813,3.98396877561314e-08,0.221087451314036
"root6",15,"T1",9.68592473057139e-12,6.30748191912557e-11,5.78703703703704e-07,0.138913342569813,6.97263815799665e-08,0.221087451314036
"root6",15,"T2",9.61412342641084e-12,6.30748191912557e-11,6.94444444444444e-07,0.138913342569813,6.92095031949801e-08,0.221087451314036
"root6",15,"T3",5.62596726750435e-12,6.30748191912557e-11,6.94444444444444e-07,0.138913342569813,4.04998336619604e-08,0.221087451314036
"root6",15,"T1",1.0199857247749e-11,6.30748191912557e-11,6.94444444444444e-07,0.138913342569813,7.34260443169662e-08,0.221087451314036
"root6",15,"T2",9.99924371684304e-12,6.30748191912557e-11,8.10185185185185e-07,0.138913342569813,7.19818811631991e-08,0.221087451314036
"root6",15,"T3",5.70052351260703e-12,6.30748191912557e-11,8.10185185185185e-07,0.138913342569813,4.10365441299647e-08,0.221087451314036
"root6",15,"T1",1.06565192939224e-11,6.30748191912557e-11,8.10185185185185e-07,0.138913342569813,7.67134322505186e-08,0.221087451314036
"root6",15,"T2",1.03424393457542e-11,6.30748191912557e-11,9.25925925925926e-07,0.138913342569813,7.44524547061163e-08,0.221087451314036
"root6",15,"T3",5.76320064483489e-12,6.30748191912557e-11,9.25925925925926e-07,0.138913342569813,4.14877400415191e-08,0.221087451314036
"root6",15,"T1",1.10695317373077e-11,6.30748191912557e-11,9.25925925925926e-07,0.138913342569813,7.96865983679324e-08,0.221087451314036
"root6",15,"T2",1.06527333381481e-11,6.30748191912557e-11,1.04166666666667e-06,0.138913342569813,7.66861781674743e-08,0.221087451314036
"root6",15,"T3",5.81722745933295e-12,6.30748191912557e-11,1.04166666666667e-06,0.138913342569813,4.18766646293132e-08,0.221087451314036
"root6",15,"T1",1.14480635886312e-11,6.30748191912557e-11,1.04166666666667e-06,0.138913342569813,8.24115479251231e-08,0.221087451314036
"root6",15,"T2",1.09364884592285e-11,6.30748191912557e-11,1.15740740740741e-06,0.138913342569813,7.87288553922182e-08,0.221087451314036
"root6",15,"T3",5.86470490793345e-12,6.30748191912557e-11,1.15740740740741e-06,0.138913342569813,4.22184420836757e-08,0.221087451314036
"root6",15,"T1",1.17985917554186e-11,6.30748191912557e-11,1.15740740740741e-06,0.138913342569813,8.49349064470826e-08,0.221087451314036
"root6",16,"T2",6.17114494370014e-12,5.18754861184376e-11,1.15740740740741e-07,0.127744124165621,4.83086402917383e-08,0.203311088119034
"root6",16,"T3",4.69346476397040e-12,5.18754861184376e-11,1.15740740740741e-07,0.127744124165621,3.67411401082159e-08,0.203311088119034
"root6",16,"T1",6.36881860327167e-12,5.18754861184376e-11,1.15740740740741e-07,0.127744124165621,4.98560590936806e-08,0.203311088119034
"root6",16,"T2",7.34103819194202e-12,5.18754861184376e-11,2.31481481481481e-07,0.127744124165621,5.74667386065e-08,0.203311088119034
"root6",16,"T3",5.12885883654083e-12,5.18754861184376e-11,2.31481481481481e-07,0.127744124165621,4.01494696530326e-08,0.203311088119034
"root6",16,"T1",7.65218106993189e-12,5.18754861184376e-11,2.31481481481481e-07,0.127744124165621,5.99024113235204e-08,0.203311088119034
"root6",16,"T2",8.14116988542289e-12,5.18754861184376e-11,3.47222222222222e-07,0.127744124165621,6.37302884856591e-08,0.203311088119034
"root6",16,"T3",5.36247654772425e-12,5.18754861184376e-11,3.47222222222222e-07,0.127744124165621,4.19782638360083e-08,0.203311088119034
"root6",16,"T1",8.55078526984061e-12,5.18754861184376e-11,3.47222222222222e-07,0.127744124165621,6.69368186262287e-08,0.203311088119034
"root6",16,"T2",8.75426076750089e-12,5.18754861184376e-11,4.62962962962963e-07,0.127744124165621,6.85296550794848e-08,0.203311088119034
"root6",16,"T3",5.513772025713e-12,5.18754861184376e-11,4.62962962962963e-07,0.127744124165621,4.31626273359106e-08,0.203311088119034
"root6",16,"T1",9.25488769022927e-12,5.18754861184376e-11,4.62962962962963e-07,0.127744124165621,7.24486370757081e-08,0.203311088119034
"root6",16,"T2",9.25324005755284e-12,5.18754861184376e-11,5.78703703703704e-07,0.127744124165621,7.24357391621079e-08,0.203311088119034
"root6",16,"T3",5.62247763699431e-12,5.18754861184376e-11,5.78703703703704e-07,0.127744124165621,4.40135910259538e-08,0.203311088119034
"root6",16,"T1",9.84003277650919e-12,5.18754861184376e-11,5.78703703703704e-07,0.127744124165621,7.70292398243815e-08,0.203311088119034
"root6",16,"T2",9.67522870766824e-12,5.18754861184376e-11,6.94444444444444e-07,0.127744124165621,7.573912906651e-08,0.203311088119034
"root6",16,"T3",5.70599411121348e-12,5.18754861184376e-11,6.94444444444444e-07,0.127744124165621,4.46673704053552e-08,0.203311088119034
"root6",16,"T1",1.03445296278003e-11,5.18754861184376e-11,6.94444444444444e-07,0.127744124165621,8.09785161968665e-08,0.203311088119034
"root6",16,"T2",1.00417999967209e-11,5.18754861184376e-11,8.10185185185185e-07,0.127744124165621,7.86087036277432e-08,0.203311088119034
"root6",16,"T3",5.77323386918419e-12,5.18754861184376e-11,8.10185185185185e-07,0.127744124165621,4.51937332295547e-08,0.203311088119034
"root6",16,"T1",1.07906116155466e-11,5.18754861184376e-11,8.10185185185185e-07,0.127744124165621,8.44705123310131e-08,0.203311088119034
"root6",16,"T2",1.03666090755867e-11,5.18754861184376e-11,9.25925925925926e-07,0.127744124165621,8.11513573974353e-08,0.203311088119034
"root6",16,"T3",5.82926405545773e-12,5.18754861184376e-11,9.25925925925926e-07,0.127744124165621,4.56323458596034e-08,0.203311088119034
"root6",16,"T1",1.11923575102285e-11,5.18754861184376e-11,9.25925925925926e-07,0.127744124165621,8.76154389357082e-08,0.203311088119034
"root6",16,"T2",1.06588377073218e-11,5.18754861184376e-11,1.04166666666667e-06,0.127744124165621,8.3438966582154e-08,0.203311088119034
"root6",16,"T3",5.87719200180039e-12,5.18754861184376e-11,1.04166666666667e-06,0.127744124165621,4.60075329506395e-08,0.203311088119034
"root6",16,"T1",1.15592495157885e-11,5.18754861184376e-11,1.04166666666667e-06,0.127744124165621,9.04875241134528e-08,0.203311088119034
"root6",16,"T2",1.09249472296495e-11,5.18754861184376e-11,1.15740740740741e-06,0.127744124165621,8.55221114944219e-08,0.203311088119034
"root6",16,"T3",5.91903657891229e-12,5.18754861184376e-11,1.15740740740741e-06,0.127744124165621,4.63350985227174e-08,0.203311088119034
"root6",16,"T1",1.18979771275571e-11,5.18754861184376e-11,1.15740740740741e-06,0.127744124165621,9.31391342284462e-08,0.203311088119034
"root6",17,"T2",7.17952064530647e-12,4.82686300357536e-10,1.15740740740741e-07,0.171558070351227,4.184892398596e-08,0.273043149237049
"root6",17,"T3",5.48177123609492e-12,4.82686300357536e-10,1.15740740740741e-07,0.171558070351227,3.19528613540139e-08,0.273043149237049
"root6",17,"T1",7.3608231370308e-12,4.82686300357536e-10,1.15740740740741e-07,0.171558070351227,4.29057235369992e-08,0.273043149237049
"root6",17,"T2",8.5135433555562e-12,4.82686300357536e-10,2.31481481481481e-07,0.171558070351227,4.96248491145104e-08,0.273043149237049
"root6",17,"T3",6.01003033587124e-12,4.82686300357536e-10,2.31481481481481e-07,0.171558070351227,3.50320467207811e-08,0.273043149237049
"root6",17,"T1",8.78311015642899e-12,4.82686300357536e-10,2.31481481481481e-07,0.171558070351227,5.11961351538142e-08,0.273043149237049
"root6",17,"T2",9.44093184084073e-12,4.82686300357536e-10,3.47222222222222e-07,0.171558070351227,5.50305317698697e-08,0.273043149237049
"root6",17,"T3",6.30066494608118e-12,4.82686300357536e-10,3.47222222222222e-07,0.171558070351227,3.67261355480507e-08,0.273043149237049
"root6",17,"T1",9.79381550383179e-12,4.82686300357536e-10,3.47222222222222e-07,0.171558070351227,5.70874659745306e-08,0.273043149237049
"root6",17,"T2",1.01722153115164e-11,4.82686300357536e-10,4.62962962962963e-07,0.171558070351227,5.92931320030068e-08,0.273043149237049
"root6",17,"T3",6.49567734175457e-12,4.82686300357536e-10,4.62962962962963e-07,0.171558070351227,3.78628491708733e-08,0.273043149237049
"root6",17,"T1",1.06074501696485e-11,4.82686300357536e-10,4.62962962962963e-07,0.171558070351227,6.18300855677153e-08,0.273043149237049
"root6",17,"T2",1.07858791931797e-11,4.82686300357536e-10,5.78703703703704e-07,0.171558070351227,6.2870135873515e-08,0.273043149237049
"root6",17,"T3",6.64107345439897e-12,4.82686300357536e-10,5.78703703703704e-07,0.171558070351227,3.87103529481466e-08,0.273043149237049
"root6",17,"T1",1.13032593093807e-11,4.82686300357536e-10,5.78703703703704e-07,0.171558070351227,6.58859084054734e-08,0.273043149237049
"root6",17,"T2",1.1320122740381e-11,4.82686300357536e-10,6.94444444444444e-07,0.171558070351227,6.59842041660036e-08,0.273043149237049
"root6",17,"T3",6.75668954935312e-12,4.82686300357536e-10,6.94444444444444e-07,0.171558070351227,3.9384271083956e-08,0.273043149237049
"root6",17,"T1",1.19195474360137e-11,4.82686300357536e-10,6.94444444444444e-07,0.171558070351227,6.94782088164729e-08,0.273043149237049
"root6",17,"T2",1.17965663614294e-11,4.82686300357536e-10,8.10185185185185e-07,0.171558070351227,6.8761360729219e-08,0.273043149237049
"root6",17,"T3",6.85263639280392e-12,4.82686300357536e-10,8.10185185185185e-07,0.171558070351227,3.99435385276523e-08,0.273043149237049
"root6",17,"T1",1.24778746645114e-11,4.82686300357536e-10,8.10185185185185e-07,0.171558070351227,7.27326592037656e-08,0.273043149237049
"root6",17,"T2",1.2228712892303e-11,4.82686300357536e-10,9.25925925925926e-07,0.171558070351227,7.12803126502148e-08,0.273043149237049
"root6",17,"T3",6.93468257945880e-12,4.82686300357536e-10,9.25925925925926e-07,0.171558070351227,4.04217800145547e-08,0.273043149237049
"root6",17,"T1",1.29916457630853e-11,4.82686300357536e-10,9.25925925925926e-07,0.171558070351227,7.57273950242491e-08,0.273043149237049
"root6",17,"T2",1.2625604331391e-11,4.82686300357536e-10,1.04166666666667e-06,0.171558070351227,7.35937651055581e-08,0.273043149237049
"root6",17,"T3",7.00640001915039e-12,4.82686300357536e-10,1.04166666666667e-06,0.171558070351227,4.08398159573977e-08,0.273043149237049
"root6",17,"T1",1.34698054353315e-11,4.82686300357536e-10,1.04166666666667e-06,0.171558070351227,7.85145543299424e-08,0.273043149237049
"root6",17,"T2",1.29936196258931e-11,4.82686300357536e-10,1.15740740740741e-06,0.171558070351227,7.5738900532581e-08,0.273043149237049
"root6",17,"T3",7.07014253296531e-12,4.82686300357536e-10,1.15740740740741e-06,0.171558070351227,4.12113666147606e-08,0.273043149237049
"root6",17,"T1",1.39186476675692e-11,4.82686300357536e-10,1.15740740740741e-06,0.171558070351227,8.1130824327144e-08,0.273043149237049
"root6",26,"T2",8.70605416823747e-12,1.7875117136861e-09,1.15740740740741e-07,0.154794886874144,5.62425177216346e-08,0.246363714113708
"root6",26,"T3",6.62827608984608e-12,1.7875117136861e-09,1.15740740740741e-07,0.154794886874144,4.28197353523389e-08,0.246363714113708
"root6",26,"T1",9.02908559619288e-12,1.7875117136861e-09,1.15740740740741e-07,0.154794886874144,5.83293529813681e-08,0.246363714113708
"root6",26,"T2",1.04859470259839e-11,1.7875117136861e-09,2.31481481481481e-07,0.154794886874144,6.77409133966389e-08,0.246363714113708
"root6",26,"T3",7.31338900421406e-12,1.7875117136861e-09,2.31481481481481e-07,0.154794886874144,4.72456755639494e-08,0.246363714113708
"root6",26,"T1",1.10132520293041e-11,1.7875117136861e-09,2.31481481481481e-07,0.154794886874144,7.1147388984873e-08,0.246363714113708
"root6",26,"T2",1.17047897703684e-11,1.7875117136861e-09,3.47222222222222e-07,0.154794886874144,7.56148346158552e-08,0.246363714113708
"root6",26,"T3",7.68631987501366e-12,1.7875117136861e-09,3.47222222222222e-07,0.154794886874144,4.96548692933444e-08,0.246363714113708
"root6",26,"T1",1.24105564852694e-11,1.7875117136861e-09,3.47222222222222e-07,0.154794886874144,8.01742017186896e-08,0.246363714113708
"root6",26,"T2",1.26336395876561e-11,1.7875117136861e-09,4.62962962962963e-07,0.154794886874144,8.16153546333083e-08,0.246363714113708
"root6",26,"T3",7.92850280048444e-12,1.7875117136861e-09,4.62962962962963e-07,0.154794886874144,5.12194101535841e-08,0.246363714113708
"root6",26,"T1",1.35035030224537e-11,1.7875117136861e-09,4.62962962962963e-07,0.154794886874144,8.72348130816018e-08,0.246363714113708
"root6",26,"T2",1.33833109157598e-11,1.7875117136861e-09,5.78703703703704e-07,0.154794886874144,8.64583526369389e-08,0.246363714113708
"root6",26,"T3",8.10189366067387e-12,1.7875117136861e-09,5.78703703703704e-07,0.154794886874144,5.2339543148225e-08,0.246363714113708
"root6",26,"T1",1.44072967729946e-11,1.7875117136861e-09,5.78703703703704e-07,0.154794886874144,9.30734668562303e-08,0.246363714113708
"root6",26,"T2",1.40111641254315e-11,1.7875117136861e-09,6.94444444444444e-07,0.154794886874144,9.05143858971471e-08,0.246363714113708
"root6",26,"T3",8.23414510956434e-12,1.7875117136861e-09,6.94444444444444e-07,0.154794886874144,5.31939088935096e-08,0.246363714113708
"root6",26,"T1",1.51814521087563e-11,1.7875117136861e-09,6.94444444444444e-07,0.154794886874144,9.80746355084684e-08,0.246363714113708
"root6",26,"T2",1.45509508735165e-11,1.7875117136861e-09,8.10185185185185e-07,0.154794886874144,9.40014955748965e-08,0.246363714113708
"root6",26,"T3",8.3396216150495e-12,1.7875117136861e-09,8.10185185185185e-07,0.154794886874144,5.3875304174808e-08,0.246363714113708
"root6",26,"T1",1.58609994365109e-11,1.7875117136861e-09,8.10185185185185e-07,0.154794886874144,1.02464621130585e-07,0.246363714113708
"root6",26,"T2",1.50242366100141e-11,1.7875117136861e-09,9.25925925925926e-07,0.154794886874144,9.70589979643807e-08,0.246363714113708
"root6",26,"T3",8.42657823500876e-12,1.7875117136861e-09,9.25925925925926e-07,0.154794886874144,5.44370580008885e-08,0.246363714113708
"root6",26,"T1",1.64683714689587e-11,1.7875117136861e-09,9.25925925925926e-07,0.154794886874144,1.06388342674059e-07,0.246363714113708
"root6",26,"T2",1.54456263751906e-11,1.7875117136861e-09,1.04166666666667e-06,0.154794886874144,9.97812439873979e-08,0.246363714113708
"root6",26,"T3",8.50011933592640e-12,1.7875117136861e-09,1.04166666666667e-06,0.154794886874144,5.4912145404631e-08,0.246363714113708
"root6",26,"T1",1.70188154898036e-11,1.7875117136861e-09,1.04166666666667e-06,0.154794886874144,1.09944300057151e-07,0.246363714113708
"root6",26,"T2",1.58254537976535e-11,1.7875117136861e-09,1.15740740740741e-06,0.154794886874144,1.02234990555731e-07,0.246363714113708
"root6",26,"T3",8.56358262072086e-12,1.7875117136861e-09,1.15740740740741e-06,0.154794886874144,5.53221284866049e-08,0.246363714113708
"root6",26,"T1",1.75231687546428e-11,1.7875117136861e-09,1.15740740740741e-06,0.154794886874144,1.13202503703433e-07,0.246363714113708
"root6",28,"T2",1.05355739567497e-11,3.32364278085678e-09,1.15740740740741e-07,0.20602806069417,5.11365972249227e-08,0.327903842751142
"root6",28,"T3",8.70935154210723e-12,3.32364278085678e-09,1.15740740740741e-07,0.20602806069417,4.22726472926204e-08,0.327903842751142
"root6",28,"T1",1.08588545667363e-11,3.32364278085678e-09,1.15740740740741e-07,0.20602806069417,5.27057068350282e-08,0.327903842751142
"root6",28,"T2",1.2178709380076e-11,3.32364278085678e-09,2.31481481481481e-07,0.20602806069417,5.9111896404025e-08,0.327903842751142
"root6",28,"T3",9.48162075943446e-12,3.32364278085678e-09,2.31481481481481e-07,0.20602806069417,4.60210163969318e-08,0.327903842751142
"root6",28,"T1",1.26503006128001e-11,3.32364278085678e-09,2.31481481481481e-07,0.20602806069417,6.14008624367837e-08,0.327903842751142
"root6",28,"T2",1.32942177666137e-11,3.32364278085678e-09,3.47222222222222e-07,0.20602806069417,6.45262481325192e-08,0.327903842751142
"root6",28,"T3",9.92779073444263e-12,3.32364278085678e-09,3.47222222222222e-07,0.20602806069417,4.81865950734718e-08,0.327903842751142
"root6",28,"T1",1.38909773750902e-11,3.32364278085678e-09,3.47222222222222e-07,0.20602806069417,6.74227448838152e-08,0.327903842751142
"root6",28,"T2",1.41602307542375e-11,3.32364278085678e-09,4.62962962962963e-07,0.20602806069417,6.87296221035495e-08,0.327903842751142
"root6",28,"T3",1.02420279364422e-11,3.32364278085678e-09,4.62962962962963e-07,0.20602806069417,4.97118106239207e-08,0.327903842751142
"root6",28,"T1",1.48728046096888e-11,3.32364278085678e-09,4.62962962962963e-07,0.20602806069417,7.21882473658097e-08,0.327903842751142
"root6",28,"T2",1.48799976832858e-11,3.32364278085678e-09,5.78703703703704e-07,0.20602806069417,7.22231604430515e-08,0.327903842751142
"root6",28,"T3",1.04871782391347e-11,3.32364278085678e-09,5.78703703703704e-07,0.20602806069417,5.09016985540719e-08,0.327903842751142
"root6",28,"T1",1.57034181915944e-11,3.32364278085678e-09,5.78703703703704e-07,0.20602806069417,7.62198029660859e-08,0.327903842751142
"root6",28,"T2",1.55034038773434e-11,3.32364278085678e-09,6.94444444444444e-07,0.20602806069417,7.52489919339522e-08,0.327903842751142
"root6",28,"T3",1.06904822343084e-11,3.32364278085678e-09,6.94444444444444e-07,0.20602806069417,5.18884767360766e-08,0.327903842751142
"root6",28,"T1",1.64345068086205e-11,3.32364278085678e-09,6.94444444444444e-07,0.20602806069417,7.97682934705481e-08,0.327903842751142
"root6",28,"T2",1.60583239717539e-11,3.32364278085678e-09,8.10185185185185e-07,0.20602806069417,7.79424119105361e-08,0.327903842751142
"root6",28,"T3",1.08658731396727e-11,3.32364278085678e-09,8.10185185185185e-07,0.20602806069417,5.27397729370568e-08,0.327903842751142
"root6",28,"T1",1.70948261941155e-11,3.32364278085678e-09,8.10185185185185e-07,0.20602806069417,8.29732908057179e-08,0.327903842751142
"root6",28,"T2",1.65618771580753e-11,3.32364278085678e-09,9.25925925925926e-07,0.20602806069417,8.03865119259649e-08,0.327903842751142
"root6",28,"T3",1.10213097527303e-11,3.32364278085678e-09,9.25925925925926e-07,0.20602806069417,5.34942168343292e-08,0.327903842751142
"root6",28,"T1",1.77019822310058e-11,3.32364278085678e-09,9.25925925925926e-07,0.20602806069417,8.59202487824357e-08,0.327903842751142
"root6",28,"T2",1.70253092997094e-11,3.32364278085678e-09,1.04166666666667e-06,0.20602806069417,8.26358761148653e-08,0.327903842751142
"root6",28,"T3",1.11617186939587e-11,3.32364278085678e-09,1.04166666666667e-06,0.20602806069417,5.41757208040086e-08,0.327903842751142
"root6",28,"T1",1.82675151251337e-11,3.32364278085678e-09,1.04166666666667e-06,0.20602806069417,8.86651801875192e-08,0.327903842751142
"root6",28,"T2",1.74563940097015e-11,3.32364278085678e-09,1.15740740740741e-06,0.20602806069417,8.47282353233132e-08,0.327903842751142
"root6",28,"T3",1.12903439395318e-11,3.32364278085678e-09,1.15740740740741e-06,0.20602806069417,5.48000301584707e-08,0.327903842751142
"root6",28,"T1",1.87993892375073e-11,3.32364278085678e-09,1.15740740740741e-06,0.20602806069417,9.12467417019145e-08,0.327903842751142
"root6",3,"T2",5.2898072353667e-12,5.91754338281653e-11,1.15740740740741e-07,0.137983842648429,3.83364250033583e-08,0.219608106243118
"root6",3,"T3",3.86634847063046e-12,5.91754338281653e-11,1.15740740740741e-07,0.137983842648429,2.80202985829405e-08,0.219608106243118
"root6",3,"T1",5.43457549239406e-12,5.91754338281653e-11,1.15740740740741e-07,0.137983842648429,3.93855931831156e-08,0.219608106243118
"root6",3,"T2",6.43143832638074e-12,5.91754338281653e-11,2.31481481481481e-07,0.137983842648429,4.66100827672084e-08,0.219608106243118
"root6",3,"T3",4.27422244576342e-12,5.91754338281653e-11,2.31481481481481e-07,0.137983842648429,3.09762531882358e-08,0.219608106243118
"root6",3,"T1",6.65266919674073e-12,5.91754338281653e-11,2.31481481481481e-07,0.137983842648429,4.82133927353448e-08,0.219608106243118
"root6",3,"T2",7.23807440996135e-12,5.91754338281653e-11,3.47222222222222e-07,0.137983842648429,5.24559562267253e-08,0.219608106243118
"root6",3,"T3",4.49314377049553e-12,5.91754338281653e-11,3.47222222222222e-07,0.137983842648429,3.25628253587898e-08,0.219608106243118
"root6",3,"T1",7.5314987980781e-12,5.91754338281653e-11,3.47222222222222e-07,0.137983842648429,5.4582468885634e-08,0.219608106243118
"root6",3,"T2",7.87678906959928e-12,5.91754338281653e-11,4.62962962962963e-07,0.137983842648429,5.70848652886749e-08,0.219608106243118
"root6",3,"T3",4.63637560811833e-12,5.91754338281653e-11,4.62962962962963e-07,0.137983842648429,3.36008587609161e-08,0.219608106243118
"root6",3,"T1",8.24078741749546e-12,5.91754338281653e-11,4.62962962962963e-07,0.137983842648429,5.97228433367542e-08,0.219608106243118
"root6",3,"T2",8.41247211238596e-12,5.91754338281653e-11,5.78703703703704e-07,0.137983842648429,6.09670810068699e-08,0.219608106243118
"root6",3,"T3",4.74074761762721e-12,5.91754338281653e-11,5.78703703703704e-07,0.137983842648429,3.43572662322953e-08,0.219608106243118
"root6",3,"T1",8.84609047512671e-12,5.91754338281653e-11,5.78703703703704e-07,0.137983842648429,6.41096109902214e-08,0.219608106243118
"root6",3,"T2",8.87775212831293e-12,5.91754338281653e-11,6.94444444444444e-07,0.137983842648429,6.43390701252804e-08,0.219608106243118
"root6",3,"T3",4.8221106119921e-12,5.91754338281653e-11,6.94444444444444e-07,0.137983842648429,3.49469221862332e-08,0.219608106243118
"root6",3,"T1",9.38026630613852e-12,5.91754338281653e-11,6.94444444444444e-07,0.137983842648429,6.79809036050593e-08,0.219608106243118
"root6",3,"T2",9.29154336114538e-12,5.91754338281653e-11,8.10185185185185e-07,0.137983842648429,6.73379084304779e-08,0.219608106243118
"root6",3,"T3",4.88850032894463e-12,5.91754338281653e-11,8.10185185185185e-07,0.137983842648429,3.54280634247889e-08,0.219608106243118
"root6",3,"T1",9.86232492437198e-12,5.91754338281653e-11,8.10185185185185e-07,0.137983842648429,7.14744910351594e-08,0.219608106243118
"root6",3,"T2",9.66585175040237e-12,5.91754338281653e-11,9.25925925925926e-07,0.137983842648429,7.00506056714925e-08,0.219608106243118
"root6",3,"T3",4.94446458081986e-12,5.91754338281653e-11,9.25925925925926e-07,0.137983842648429,3.5833648968727e-08,0.219608106243118
"root6",3,"T1",1.03043173259707e-11,5.91754338281653e-11,9.25925925925926e-07,0.137983842648429,7.46777095650625e-08,0.219608106243118
"root6",3,"T2",1.00087977211249e-11,5.91754338281653e-11,1.04166666666667e-06,0.137983842648429,7.25360123983966e-08,0.219608106243118
"root6",3,"T3",4.99279160332771e-12,5.91754338281653e-11,1.04166666666667e-06,0.137983842648429,3.61838857905191e-08,0.219608106243118
"root6",3,"T1",1.07143868114926e-11,5.91754338281653e-11,1.04166666666667e-06,0.137983842648429,7.76495755288679e-08,0.219608106243118
"root6",3,"T2",1.03261399227843e-11,5.91754338281653e-11,1.15740740740741e-06,0.137983842648429,7.48358628415242e-08,0.219608106243118
"root6",3,"T3",5.03529870573204e-12,5.91754338281653e-11,1.15740740740741e-06,0.137983842648429,3.64919443399003e-08,0.219608106243118
"root6",3,"T1",1.10983041865247e-11,5.91754338281653e-11,1.15740740740741e-06,0.137983842648429,8.0431911255017e-08,0.219608106243118
"root6",30,"T2",1.14631381654187e-11,7.22762748770312e-09,1.15740740740741e-07,0.201353452168494,5.69304277724837e-08,0.320463972212333
"root6",30,"T3",8.8435517917624e-12,7.22762748770312e-09,1.15740740740741e-07,0.201353452168494,4.39205372270551e-08,0.320463972212333
"root6",30,"T1",1.18243960015933e-11,7.22762748770312e-09,1.15740740740741e-07,0.201353452168494,5.87245754877774e-08,0.320463972212333
"root6",30,"T2",1.36363294801352e-11,7.22762748770312e-09,2.31481481481481e-07,0.201353452168494,6.77233458541559e-08,0.320463972212333
"root6",30,"T3",9.69818998869825e-12,7.22762748770312e-09,2.31481481481481e-07,0.201353452168494,4.8165004792581e-08,0.320463972212333
"root6",30,"T1",1.42006210203466e-11,7.22762748770312e-09,2.31481481481481e-07,0.201353452168494,7.05258383574346e-08,0.320463972212333
"root6",30,"T2",1.51459800416842e-11,7.22762748770312e-09,3.47222222222222e-07,0.201353452168494,7.52208610210963e-08,0.320463972212333
"root6",30,"T3",1.01730827907325e-11,7.22762748770312e-09,3.47222222222222e-07,0.201353452168494,5.05235081950301e-08,0.320463972212333
"root6",30,"T1",1.58967640307926e-11,7.22762748770312e-09,3.47222222222222e-07,0.201353452168494,7.89495479694583e-08,0.320463972212333
"root6",30,"T2",1.63252952087305e-11,7.22762748770312e-09,4.62962962962963e-07,0.201353452168494,8.10778014129571e-08,0.320463972212333
"root6",30,"T3",1.04913701803389e-11,7.22762748770312e-09,4.62962962962963e-07,0.201353452168494,5.21042478653885e-08,0.320463972212333
"root6",30,"T1",1.72578066771009e-11,7.22762748770312e-09,4.62962962962963e-07,0.201353452168494,8.57090181034464e-08,0.320463972212333
"root6",30,"T2",1.73030181316654e-11,7.22762748770312e-09,5.78703703703704e-07,0.201353452168494,8.59335558706296e-08,0.320463972212333
"root6",30,"T3",1.07270481892379e-11,7.22762748770312e-09,5.78703703703704e-07,0.201353452168494,5.32747170396733e-08,0.320463972212333
"root6",30,"T1",1.84151805988636e-11,7.22762748770312e-09,5.78703703703704e-07,0.201353452168494,9.14569896892239e-08,0.320463972212333
"root6",30,"T2",1.8143398441403e-11,7.22762748770312e-09,6.94444444444444e-07,0.201353452168494,9.01072131915595e-08,0.320463972212333
"root6",30,"T3",1.09127057352184e-11,7.22762748770312e-09,6.94444444444444e-07,0.201353452168494,5.41967650303138e-08,0.320463972212333
"root6",30,"T1",1.94336694924801e-11,7.22762748770312e-09,6.94444444444444e-07,0.201353452168494,9.65152039023294e-08,0.320463972212333
"root6",30,"T2",1.88834195720572e-11,7.22762748770312e-09,8.10185185185185e-07,0.201353452168494,9.37824475751e-08,0.320463972212333
"root6",30,"T3",1.10652148201165e-11,7.22762748770312e-09,8.10185185185185e-07,0.201353452168494,5.49541847976713e-08,0.320463972212333
"root6",30,"T1",2.03502073718452e-11,7.22762748770312e-09,8.10185185185185e-07,0.201353452168494,1.01067089501977e-07,0.320463972212333
"root6",30,"T2",1.95464452124737e-11,7.22762748770312e-09,9.25925925925926e-07,0.201353452168494,9.70752922384322e-08,0.320463972212333
"root6",30,"T3",1.11943032558443e-11,7.22762748770312e-09,9.25925925925926e-07,0.201353452168494,5.55952884605961e-08,0.320463972212333
"root6",30,"T1",2.11879633544114e-11,7.22762748770312e-09,9.25925925925926e-07,0.201353452168494,1.05227713387706e-07,0.320463972212333
"root6",30,"T2",2.01482428512999e-11,7.22762748770312e-09,1.04166666666667e-06,0.201353452168494,1.00064054697407e-07,0.320463972212333
"root6",30,"T3",1.1306033392083e-11,7.22762748770312e-09,1.04166666666667e-06,0.201353452168494,5.61501840188069e-08,0.320463972212333
"root6",30,"T1",2.19625000473129e-11,7.22762748770312e-09,1.04166666666667e-06,0.201353452168494,1.09074365553636e-07,0.320463972212333
"root6",30,"T2",2.06999943793133e-11,7.22762748770312e-09,1.15740740740741e-06,0.201353452168494,1.02804268595263e-07,0.320463972212333
"root6",30,"T3",1.14044134729197e-11,7.22762748770312e-09,1.15740740740741e-06,0.201353452168494,5.66387779802079e-08,0.320463972212333
"root6",30,"T1",2.26848246891395e-11,7.22762748770312e-09,1.15740740740741e-06,0.201353452168494,1.1266171225193e-07,0.320463972212333
"root6",4,"T2",4.74927564034593e-12,3.21568805550291e-11,1.15740740740741e-07,0.101426183010338,4.68249469652412e-08,0.161424783850385
"root6",4,"T3",3.45962650073113e-12,3.21568805550291e-11,1.15740740740741e-07,0.101426183010338,3.41097968793571e-08,0.161424783850385
"root6",4,"T1",4.93326316568492e-12,3.21568805550291e-11,1.15740740740741e-07,0.101426183010338,4.86389511984503e-08,0.161424783850385
"root6",4,"T2",5.87466326005304e-12,3.21568805550291e-11,2.31481481481481e-07,0.101426183010338,5.79205791413274e-08,0.161424783850385
"root6",4,"T3",3.84766362308595e-12,3.21568805550291e-11,2.31481481481481e-07,0.101426183010338,3.79356050763911e-08,0.161424783850385
"root6",4,"T1",6.17107786661947e-12,3.21568805550291e-11,2.31481481481481e-07,0.101426183010338,6.0843045488466e-08,0.161424783850385
"root6",4,"T2",6.67246756398602e-12,3.21568805550291e-11,3.47222222222222e-07,0.101426183010338,6.5786440600904e-08,0.161424783850385
"root6",4,"T3",4.05238402741602e-12,3.21568805550291e-11,3.47222222222222e-07,0.101426183010338,3.99540227891941e-08,0.161424783850385
"root6",4,"T1",7.07297057267017e-12,3.21568805550291e-11,3.47222222222222e-07,0.101426183010338,6.97351547967574e-08,0.161424783850385
"root6",4,"T2",7.29556438528755e-12,3.21568805550291e-11,4.62962962962963e-07,0.101426183010338,7.19297933605955e-08,0.161424783850385
"root6",4,"T3",4.1819685702635e-12,3.21568805550291e-11,4.62962962962963e-07,0.101426183010338,4.12316469588257e-08,0.161424783850385
"root6",4,"T1",7.79535251349815e-12,3.21568805550291e-11,4.62962962962963e-07,0.101426183010338,7.68573979827634e-08,0.161424783850385
"root6",4,"T2",7.8073760703256e-12,3.21568805550291e-11,5.78703703703704e-07,0.101426183010338,7.69759428837998e-08,0.161424783850385
"root6",4,"T3",4.2728904173863e-12,3.21568805550291e-11,5.78703703703704e-07,0.101426183010338,4.21280806451208e-08,0.161424783850385
"root6",4,"T1",8.40251744219015e-12,3.21568805550291e-11,5.78703703703704e-07,0.101426183010338,8.28436720460407e-08,0.161424783850385
"root6",4,"T2",8.24145865010571e-12,3.21568805550291e-11,6.94444444444444e-07,0.101426183010338,8.12557310696163e-08,0.161424783850385
"root6",4,"T3",4.34112630614828e-12,3.21568805550291e-11,6.94444444444444e-07,0.101426183010338,4.28008446862859e-08,0.161424783850385
"root6",4,"T1",8.92839233380003e-12,3.21568805550291e-11,6.94444444444444e-07,0.101426183010338,8.80284761666521e-08,0.161424783850385
"root6",4,"T2",8.61805869207978e-12,3.21568805550291e-11,8.10185185185185e-07,0.101426183010338,8.49687766639249e-08,0.161424783850385
"root6",4,"T3",4.39483334857108e-12,3.21568805550291e-11,8.10185185185185e-07,0.101426183010338,4.33303632073301e-08,0.161424783850385
"root6",4,"T1",9.39348683966205e-12,3.21568805550291e-11,8.10185185185185e-07,0.101426183010338,9.26140229363123e-08,0.161424783850385
"root6",4,"T2",8.95043631465565e-12,3.21568805550291e-11,9.25925925925926e-07,0.101426183010338,8.82458163070513e-08,0.161424783850385
"root6",4,"T3",4.43862899900718e-12,3.21568805550291e-11,9.25925925925926e-07,0.101426183010338,4.37621614781142e-08,0.161424783850385
"root6",4,"T1",9.81129569023601e-12,3.21568805550291e-11,9.25925925925926e-07,0.101426183010338,9.67333621263848e-08,0.161424783850385
"root6",4,"T2",9.24777800085292e-12,3.21568805550291e-11,1.04166666666667e-06,0.101426183010338,9.11774230911394e-08,0.161424783850385
"root6",4,"T3",4.47533080717668e-12,3.21568805550291e-11,1.04166666666667e-06,0.101426183010338,4.41240188119918e-08,0.161424783850385
"root6",4,"T1",1.01912253521995e-11,3.21568805550291e-11,1.04166666666667e-06,0.101426183010338,1.00479235733053e-07,0.161424783850385
"root6",4,"T2",9.51671573655005e-12,3.21568805550291e-11,1.15740740740741e-06,0.101426183010338,9.38289843321822e-08,0.161424783850385
"root6",4,"T3",4.5067596247833e-12,3.21568805550291e-11,1.15740740740741e-06,0.101426183010338,4.44338876907547e-08,0.161424783850385
"root6",4,"T1",1.05401135708123e-11,3.21568805550291e-11,1.15740740740741e-06,0.101426183010338,1.03919059733698e-07,0.161424783850385
"root6",5,"T2",6.10639091888803e-12,7.36372822911801e-11,1.15740740740741e-07,0.140758023250826,4.33821872306821e-08,0.224023351802129
"root6",5,"T3",4.54337122644655e-12,7.36372822911801e-11,1.15740740740741e-07,0.140758023250826,3.22778845675491e-08,0.224023351802129
"root6",5,"T1",6.27987469778985e-12,7.36372822911801e-11,1.15740740740741e-07,0.140758023250826,4.46146837867943e-08,0.224023351802129
"root6",5,"T2",7.36471401465215e-12,7.36372822911801e-11,2.31481481481481e-07,0.140758023250826,5.23218062072986e-08,0.224023351802129
"root6",5,"T3",5.0066896022734e-12,7.36372822911801e-11,2.31481481481481e-07,0.140758023250826,3.55694793564389e-08,0.224023351802129
"root6",5,"T1",7.62992195526436e-12,7.36372822911801e-11,2.31481481481481e-07,0.140758023250826,5.42059470504789e-08,0.224023351802129
"root6",5,"T2",8.24736566408035e-12,7.36372822911801e-11,3.47222222222222e-07,0.140758023250826,5.85925084311807e-08,0.224023351802129
"root6",5,"T3",5.25768339122998e-12,7.36372822911801e-11,3.47222222222222e-07,0.140758023250826,3.73526373119134e-08,0.224023351802129
"root6",5,"T1",8.59848887799319e-12,7.36372822911801e-11,3.47222222222222e-07,0.140758023250826,6.10870249482758e-08,0.224023351802129
"root6",5,"T2",8.94232616814572e-12,7.36372822911801e-11,4.62962962962963e-07,0.140758023250826,6.35297794159186e-08,0.224023351802129
"root6",5,"T3",5.42267023204148e-12,7.36372822911801e-11,4.62962962962963e-07,0.140758023250826,3.85247682995552e-08,0.224023351802129
"root6",5,"T1",9.37759989088182e-12,7.36372822911801e-11,4.62962962962963e-07,0.140758023250826,6.6622134030479e-08,0.224023351802129
"root6",5,"T2",9.522464843897e-12,7.36372822911801e-11,5.78703703703704e-07,0.140758023250826,6.76513112643553e-08,0.224023351802129
"root6",5,"T3",5.54312398621563e-12,7.36372822911801e-11,5.78703703703704e-07,0.140758023250826,3.93805188379065e-08,0.224023351802129
"root6",5,"T1",1.00410094152314e-11,7.36372822911801e-11,5.78703703703704e-07,0.140758023250826,7.13352545264059e-08,0.224023351802129
"root6",5,"T2",1.00242518876725e-11,7.36372822911801e-11,6.94444444444444e-07,0.140758023250826,7.12162025024296e-08,0.224023351802129
"root6",5,"T3",5.63703363166382e-12,7.36372822911801e-11,6.94444444444444e-07,0.140758023250826,4.00476896554509e-08,0.224023351802129
"root6",5,"T1",1.06254005372709e-11,7.36372822911801e-11,6.94444444444444e-07,0.140758023250826,7.54869974149662e-08,0.224023351802129
"root6",5,"T2",1.04687423069879e-11,7.36372822911801e-11,8.10185185185185e-07,0.140758023250826,7.43740361310204e-08,0.224023351802129
"root6",5,"T3",5.71357928789975e-12,7.36372822911801e-11,8.10185185185185e-07,0.140758023250826,4.05914999084517e-08,0.224023351802129
"root6",5,"T1",1.11518570161339e-11,7.36372822911801e-11,8.10185185185185e-07,0.140758023250826,7.92271499597691e-08,0.224023351802129
"root6",5,"T2",1.08692674543076e-11,7.36372822911801e-11,9.25925925925926e-07,0.140758023250826,7.72195232874148e-08,0.224023351802129
"root6",5,"T3",5.77798747019796e-12,7.36372822911801e-11,9.25925925925926e-07,0.140758023250826,4.10490808037406e-08,0.224023351802129
"root6",5,"T1",1.16336848056373e-11,7.36372822911801e-11,9.25925925925926e-07,0.140758023250826,8.26502428561851e-08,0.224023351802129
"root6",5,"T2",1.12348361655088e-11,7.36372822911801e-11,1.04166666666667e-06,0.140758023250826,7.98166662619914e-08,0.224023351802129
"root6",5,"T3",5.83348010386548e-12,7.36372822911801e-11,1.04166666666667e-06,0.140758023250826,4.14433221577034e-08,0.224023351802129
"root6",5,"T1",1.20798542486161e-11,7.36372822911801e-11,1.04166666666667e-06,0.140758023250826,8.5820004924978e-08,0.224023351802129
"root6",5,"T2",1.15718399558941e-11,7.36372822911801e-11,1.15740740740741e-06,0.140758023250826,8.22108728770184e-08,0.224023351802129
"root6",5,"T3",5.88216765529706e-12,7.36372822911801e-11,1.15740740740741e-06,0.140758023250826,4.17892175482973e-08,0.224023351802129
"root6",5,"T1",1.24967192818883e-11,7.36372822911801e-11,1.15740740740741e-06,0.140758023250826,8.87815770161792e-08,0.224023351802129
"root6",8,"T2",5.45668703028345e-12,3.16077388466819e-11,1.15740740740741e-07,0.154343594641237,3.53541528105991e-08,0.245645460217246
"root6",8,"T3",4.13235849881342e-12,3.16077388466819e-11,1.15740740740741e-07,0.154343594641237,2.67737608963874e-08,0.245645460217246
"root6",8,"T1",5.58360334293305e-12,3.16077388466819e-11,1.15740740740741e-07,0.154343594641237,3.61764500555519e-08,0.245645460217246
"root6",8,"T2",6.47297679483667e-12,3.16077388466819e-11,2.31481481481481e-07,0.154343594641237,4.19387458862983e-08,0.245645460217246
"root6",8,"T3",4.51878515751446e-12,3.16077388466819e-11,2.31481481481481e-07,0.154343594641237,2.92774388727833e-08,0.245645460217246
"root6",8,"T1",6.65772521051693e-12,3.16077388466819e-11,2.31481481481481e-07,0.154343594641237,4.31357402682789e-08,0.245645460217246
"root6",8,"T2",7.18193600149587e-12,3.16077388466819e-11,3.47222222222222e-07,0.154343594641237,4.65321286457652e-08,0.245645460217246
"root6",8,"T3",4.7277568864501e-12,3.16077388466819e-11,3.47222222222222e-07,0.154343594641237,3.06313773334067e-08,0.245645460217246
"root6",8,"T1",7.42078159079197e-12,3.16077388466819e-11,3.47222222222222e-07,0.154343594641237,4.80796213671267e-08,0.245645460217246
"root6",8,"T2",7.74238904369821e-12,3.16077388466819e-11,4.62962962962963e-07,0.154343594641237,5.01633324123036e-08,0.245645460217246
"root6",8,"T3",4.86713085266973e-12,3.16077388466819e-11,4.62962962962963e-07,0.154343594641237,3.15343883494686e-08,0.245645460217246
"root6",8,"T1",8.03409005200971e-12,3.16077388466819e-11,4.62962962962963e-07,0.154343594641237,5.2053278081831e-08,0.245645460217246
"root6",8,"T2",8.21343246929304e-12,3.16077388466819e-11,5.78703703703704e-07,0.154343594641237,5.32152467252347e-08,0.245645460217246
"root6",8,"T3",4.97096813831126e-12,3.16077388466819e-11,5.78703703703704e-07,0.154343594641237,3.22071554045764e-08,0.245645460217246
"root6",8,"T1",8.55735516706377e-12,3.16077388466819e-11,5.78703703703704e-07,0.154343594641237,5.54435393769003e-08,0.245645460217246
"root6",8,"T2",8.6239860157891e-12,3.16077388466819e-11,6.94444444444444e-07,0.154343594641237,5.58752440348112e-08,0.245645460217246
"root6",8,"T3",5.0537034474575e-12,3.16077388466819e-11,6.94444444444444e-07,0.154343594641237,3.27432016806693e-08,0.245645460217246
"root6",8,"T1",9.01968733481974e-12,3.16077388466819e-11,6.94444444444444e-07,0.154343594641237,5.84390130072161e-08,0.245645460217246
"root6",8,"T2",8.99051349428267e-12,3.16077388466819e-11,8.10185185185185e-07,0.154343594641237,5.82499942105185e-08,0.245645460217246
"root6",8,"T3",5.12260073309724e-12,3.16077388466819e-11,8.10185185185185e-07,0.154343594641237,3.31895906986256e-08,0.245645460217246
"root6",8,"T1",9.43761291894695e-12,3.16077388466819e-11,8.10185185185185e-07,0.154343594641237,6.1146774123566e-08,0.245645460217246
"root6",8,"T2",9.32334112484752e-12,3.16077388466819e-11,9.25925925925926e-07,0.154343594641237,6.04064013574331e-08,0.245645460217246
"root6",8,"T3",5.18176288122404e-12,3.16077388466819e-11,9.25925925925926e-07,0.154343594641237,3.35729052654809e-08,0.245645460217246
"root6",8,"T1",9.82147481504181e-12,3.16077388466819e-11,9.25925925925926e-07,0.154343594641237,6.36338348725859e-08,0.245645460217246
"root6",8,"T2",9.62940067737346e-12,3.16077388466819e-11,1.04166666666667e-06,0.154343594641237,6.2389376765239e-08,0.245645460217246
"root6",8,"T3",5.23370996022326e-12,3.16077388466819e-11,1.04166666666667e-06,0.154343594641237,3.39094730324814e-08,0.245645460217246
"root6",8,"T1",1.01782042725089e-11,3.16077388466819e-11,1.04166666666667e-06,0.154343594641237,6.59451031717095e-08,0.245645460217246
"root6",8,"T2",9.91358675687402e-12,3.16077388466819e-11,1.15740740740741e-06,0.154343594641237,6.42306328287714e-08,0.245645460217246
"root6",8,"T3",5.28009195991252e-12,3.16077388466819e-11,1.15740740740741e-06,0.154343594641237,3.4209984367578e-08,0.245645460217246
"root6",8,"T1",1.05126894616379e-11,3.16077388466819e-11,1.15740740740741e-06,0.154343594641237,6.81122497248692e-08,0.245645460217246
"root6",9,"T2",5.98598979984347e-12,6.04514024803567e-11,1.15740740740741e-07,0.165092999740447,3.62582896261769e-08,0.262753669785611
"root6",9,"T3",4.62072520336529e-12,6.04514024803567e-11,1.15740740740741e-07,0.165092999740447,2.79886198120442e-08,0.262753669785611
"root6",9,"T1",6.13334311560455e-12,6.04514024803567e-11,1.15740740740741e-07,0.165092999740447,3.71508369540027e-08,0.262753669785611
"root6",9,"T2",7.04811273431047e-12,6.04514024803567e-11,2.31481481481481e-07,0.165092999740447,4.26917721853213e-08,0.262753669785611
"root6",9,"T3",5.06408217620595e-12,6.04514024803567e-11,2.31481481481481e-07,0.165092999740447,3.06741181283731e-08,0.262753669785611
"root6",9,"T1",7.26003537080219e-12,6.04514024803567e-11,2.31481481481481e-07,0.165092999740447,4.39754282871845e-08,0.262753669785611
"root6",9,"T2",7.7719900880336e-12,6.04514024803567e-11,3.47222222222222e-07,0.165092999740447,4.70764363131837e-08,0.262753669785611
"root6",9,"T3",5.30692124704127e-12,6.04514024803567e-11,3.47222222222222e-07,0.165092999740447,3.21450410095196e-08,0.262753669785611
"root6",9,"T1",8.04230116719195e-12,6.04514024803567e-11,3.47222222222222e-07,0.165092999740447,4.87137624238203e-08,0.262753669785611
"root6",9,"T2",8.33573540618668e-12,6.04514024803567e-11,4.62962962962963e-07,0.165092999740447,5.04911499536128e-08,0.262753669785611
"root6",9,"T3",5.47019581753152e-12,6.04514024803567e-11,4.62962962962963e-07,0.165092999740447,3.31340264343828e-08,0.262753669785611
"root6",9,"T1",8.6617926834321e-12,6.04514024803567e-11,4.62962962962963e-07,0.165092999740447,5.246614149025e-08,0.262753669785611
"root6",9,"T2",8.80495317581112e-12,6.04514024803567e-11,5.78703703703704e-07,0.165092999740447,5.33332920817596e-08,0.262753669785611
"root6",9,"T3",5.59257975609094e-12,6.04514024803567e-11,5.78703703703704e-07,0.165092999740447,3.38753294499669e-08,0.262753669785611
"root6",9,"T1",9.18517041737272e-12,6.04514024803567e-11,5.78703703703704e-07,0.165092999740447,5.5636340921864e-08,0.262753669785611
"root6",9,"T2",9.21129754086769e-12,6.04514024803567e-11,6.94444444444444e-07,0.165092999740447,5.57945979257106e-08,0.262753669785611
"root6",9,"T3",5.69059328655763e-12,6.04514024803567e-11,6.94444444444444e-07,0.165092999740447,3.4469016224214e-08,0.262753669785611
"root6",9,"T1",9.64453327440254e-12,6.04514024803567e-11,6.94444444444444e-07,0.165092999740447,5.84187899521198e-08,0.262753669785611
"root6",9,"T2",9.57253197726882e-12,6.04514024803567e-11,8.10185185185185e-07,0.165092999740447,5.79826642699472e-08,0.262753669785611
"root6",9,"T3",5.77259217530388e-12,6.04514024803567e-11,8.10185185185185e-07,0.165092999740447,3.49656992384858e-08,0.262753669785611
"root6",9,"T1",1.00578727134806e-11,6.04514024803567e-11,8.10185185185185e-07,0.165092999740447,6.09224663025884e-08,0.262753669785611
"root6",9,"T2",9.8996492498517e-12,6.04514024803567e-11,9.25925925925926e-07,0.165092999740447,5.99640764018799e-08,0.262753669785611
"root6",9,"T3",5.84331097821377e-12,6.04514024803567e-11,9.25925925925926e-07,0.165092999740447,3.53940566068846e-08,0.262753669785611
"root6",9,"T1",1.04363144827878e-11,6.04514024803567e-11,9.25925925925926e-07,0.165092999740447,6.32147607663277e-08,0.262753669785611
"root6",9,"T2",1.01999390012544e-11,6.04514024803567e-11,1.04166666666667e-06,0.165092999740447,6.17829890866985e-08,0.262753669785611
"root6",9,"T3",5.90566315245508e-12,6.04514024803567e-11,1.04166666666667e-06,0.165092999740447,3.57717356989075e-08,0.262753669785611
"root6",9,"T1",1.07872334632348e-11,6.04514024803567e-11,1.04166666666667e-06,0.165092999740447,6.5340344413113e-08,0.262753669785611
"root6",9,"T2",1.04784921615395e-11,6.04514024803567e-11,1.15740740740741e-06,0.165092999740447,6.34702390653353e-08,0.262753669785611
"root6",9,"T3",5.96155806071066e-12,6.04514024803567e-11,1.15740740740741e-06,0.165092999740447,3.61103018909536e-08,0.262753669785611
"root6",9,"T1",1.11157794458795e-11,6.04514024803567e-11,1.15740740740741e-06,0.165092999740447,6.73304105162258e-08,0.262753669785611
"root7",0,"T2",5.18123702849766e-12,9.63356299437866e-11,1.15740740740741e-07,0.118149953388573,4.38530602839727e-08,0.188041491078684
"root7",0,"T3",3.76816686090675e-12,9.63356299437866e-11,1.15740740740741e-07,0.118149953388573,3.18930880024469e-08,0.188041491078684
"root7",0,"T1",5.34527190718853e-12,9.63356299437866e-11,1.15740740740741e-07,0.118149953388573,4.52414220563332e-08,0.188041491078684
"root7",0,"T2",6.32595151033352e-12,9.63356299437866e-11,2.31481481481481e-07,0.118149953388573,5.35417182055811e-08,0.188041491078684
"root7",0,"T3",4.18308473011563e-12,9.63356299437866e-11,2.31481481481481e-07,0.118149953388573,3.54048783782271e-08,0.188041491078684
"root7",0,"T1",6.58163529230064e-12,9.63356299437866e-11,2.31481481481481e-07,0.118149953388573,5.57057798461831e-08,0.188041491078684
"root7",0,"T2",7.12978143013854e-12,9.63356299437866e-11,3.47222222222222e-07,0.118149953388573,6.03451903759118e-08,0.188041491078684
"root7",0,"T3",4.40730633616438e-12,9.63356299437866e-11,3.47222222222222e-07,0.118149953388573,3.73026498086679e-08,0.188041491078684
"root7",0,"T1",7.4699044135745e-12,9.63356299437866e-11,3.47222222222222e-07,0.118149953388573,6.32239302626501e-08,0.188041491078684
"root7",0,"T2",7.76025784375092e-12,9.63356299437866e-11,4.62962962962963e-07,0.118149953388573,6.56814295832084e-08,0.188041491078684
"root7",0,"T3",4.55304351410999e-12,9.63356299437866e-11,4.62962962962963e-07,0.118149953388573,3.85361431259807e-08,0.188041491078684
"root7",0,"T1",8.18180700937008e-12,9.63356299437866e-11,4.62962962962963e-07,0.118149953388573,6.92493460616244e-08,0.188041491078684
"root7",0,"T2",8.28409039052474e-12,9.63356299437866e-11,5.78703703703704e-07,0.118149953388573,7.01150542419591e-08,0.188041491078684
"root7",0,"T3",4.65799709069739e-12,9.63356299437866e-11,5.78703703703704e-07,0.118149953388573,3.94244513612131e-08,0.188041491078684
"root7",0,"T1",8.78519834931413e-12,9.63356299437866e-11,5.78703703703704e-07,0.118149953388573,7.43563420666046e-08,0.188041491078684
"root7",0,"T2",8.73515994908026e-12,9.63356299437866e-11,6.94444444444444e-07,0.118149953388573,7.39328260278865e-08,0.188041491078684
"root7",0,"T3",4.73871376526307e-12,9.63356299437866e-11,6.94444444444444e-07,0.118149953388573,4.0107622807758e-08,0.188041491078684
"root7",0,"T1",9.31439252818474e-12,9.63356299437866e-11,6.94444444444444e-07,0.118149953388573,7.88353466171201e-08,0.188041491078684
"root7",0,"T2",9.13317868942798e-12,9.63356299437866e-11,8.10185185185185e-07,0.118149953388573,7.73015852100311e-08,0.188041491078684
"root7",0,"T3",4.80367980810429e-12,9.63356299437866e-11,8.10185185185185e-07,0.118149953388573,4.06574837343007e-08,0.188041491078684
"root7",0,"T1",9.78930873015733e-12,9.63356299437866e-11,8.10185185185185e-07,0.118149953388573,8.28549521129486e-08,0.188041491078684
"root7",0,"T2",9.49066905456025e-12,9.63356299437866e-11,9.25925925925926e-07,0.118149953388573,8.03273194983601e-08,0.188041491078684
"root7",0,"T3",4.85772915342768e-12,9.63356299437866e-11,9.25925925925926e-07,0.118149953388573,4.11149476923747e-08,0.188041491078684
"root7",0,"T1",1.02225870271211e-11,9.63356299437866e-11,9.25925925925926e-07,0.118149953388573,8.65221418539282e-08,0.188041491078684
"root7",0,"T2",9.81609569112910e-12,9.63356299437866e-11,1.04166666666667e-06,0.118149953388573,8.30816721429065e-08,0.188041491078684
"root7",0,"T3",4.90383415960405e-12,9.63356299437866e-11,1.04166666666667e-06,0.118149953388573,4.15051721897533e-08,0.188041491078684
"root7",0,"T1",1.06227678561634e-11,9.63356299437866e-11,1.04166666666667e-06,0.118149953388573,8.99092005667337e-08,0.188041491078684
"root7",0,"T2",1.01154531963309e-11,9.63356299437866e-11,1.15740740740741e-06,0.118149953388573,8.56153803384334e-08,0.188041491078684
"root7",0,"T3",4.94393283755647e-12,9.63356299437866e-11,1.15740740740741e-06,0.118149953388573,4.18445602030566e-08,0.188041491078684
"root7",0,"T1",1.09958992648341e-11,9.63356299437866e-11,1.15740740740741e-06,0.118149953388573,9.30673178403267e-08,0.188041491078684
"root7",1,"T2",5.21385335070975e-12,1.88278105203178e-11,1.15740740740741e-07,0.131124763725306,3.97625376212862e-08,0.208691543086393
"root7",1,"T3",3.80900207321648e-12,1.88278105203178e-11,1.15740740740741e-07,0.131124763725306,2.90486858851161e-08,0.208691543086393
"root7",1,"T1",5.36929202751419e-12,1.88278105203178e-11,1.15740740740741e-07,0.131124763725306,4.09479634126346e-08,0.208691543086393
"root7",1,"T2",6.35617063818375e-12,1.88278105203178e-11,2.31481481481481e-07,0.131124763725306,4.84742199535957e-08,0.208691543086393
"root7",1,"T3",4.21155795535871e-12,1.88278105203178e-11,2.31481481481481e-07,0.131124763725306,3.21187076773807e-08,0.208691543086393
"root7",1,"T1",6.59523826324688e-12,1.88278105203178e-11,2.31481481481481e-07,0.131124763725306,5.02974272431353e-08,0.208691543086393
"root7",1,"T2",7.15863527358027e-12,1.88278105203178e-11,3.47222222222222e-07,0.131124763725306,5.45940756741948e-08,0.208691543086393
"root7",1,"T3",4.42354273012775e-12,1.88278105203178e-11,3.47222222222222e-07,0.131124763725306,3.37353723618115e-08,0.208691543086393
"root7",1,"T1",7.47601448030874e-12,1.88278105203178e-11,3.47222222222222e-07,0.131124763725306,5.70145124987244e-08,0.208691543086393
"root7",1,"T2",7.78901132236008e-12,1.88278105203178e-11,4.62962962962963e-07,0.131124763725306,5.94015279880871e-08,0.208691543086393
"root7",1,"T3",4.55974878535917e-12,1.88278105203178e-11,4.62962962962963e-07,0.131124763725306,3.47741239397877e-08,0.208691543086393
"root7",1,"T1",8.1821314964912e-12,1.88278105203178e-11,4.62962962962963e-07,0.131124763725306,6.2399590009039e-08,0.208691543086393
"root7",1,"T2",8.31325533552454e-12,1.88278105203178e-11,5.78703703703704e-07,0.131124763725306,6.3399582957038e-08,0.208691543086393
"root7",1,"T3",4.65743080137969e-12,1.88278105203178e-11,5.78703703703704e-07,0.131124763725306,3.55190786931488e-08,0.208691543086393
"root7",1,"T1",8.78028079876314e-12,1.88278105203178e-11,5.78703703703704e-07,0.131124763725306,6.69612706960296e-08,0.208691543086393
"root7",1,"T2",8.76487981239357e-12,1.88278105203178e-11,6.94444444444444e-07,0.131124763725306,6.68438177761385e-08,0.208691543086393
"root7",1,"T3",4.73255314509695e-12,1.88278105203178e-11,6.94444444444444e-07,0.131124763725306,3.60919860645942e-08,0.208691543086393
"root7",1,"T1",9.30428377895581e-12,1.88278105203178e-11,6.94444444444444e-07,0.131124763725306,7.0957487469319e-08,0.208691543086393
"root7",1,"T2",9.1634692677619e-12,1.88278105203178e-11,8.10185185185185e-07,0.131124763725306,6.9883590310664e-08,0.208691543086393
"root7",1,"T3",4.79316422803857e-12,1.88278105203178e-11,8.10185185185185e-07,0.131124763725306,3.65542258522562e-08,0.208691543086393
"root7",1,"T1",9.77390314613198e-12,1.88278105203178e-11,8.10185185185185e-07,0.131124763725306,7.45389571614969e-08,0.208691543086393
"root7",1,"T2",9.52152633313193e-12,1.88278105203178e-11,9.25925925925926e-07,0.131124763725306,7.26142496857316e-08,0.208691543086393
"root7",1,"T3",4.84378961506703e-12,1.88278105203178e-11,9.25925925925926e-07,0.131124763725306,3.69403114823856e-08,0.208691543086393
"root7",1,"T1",1.02017659044248e-11,1.88278105203178e-11,9.25925925925926e-07,0.131124763725306,7.78019774037235e-08,0.208691543086393
"root7",1,"T2",9.84753757653435e-12,1.88278105203178e-11,1.04166666666667e-06,0.131124763725306,7.5100517223154e-08,0.208691543086393
"root7",1,"T3",4.88718391280765e-12,1.88278105203178e-11,1.04166666666667e-06,0.131124763725306,3.72712504790159e-08,0.208691543086393
"root7",1,"T1",1.05964544987994e-11,1.88278105203178e-11,1.04166666666667e-06,0.131124763725306,8.08120007064264e-08,0.208691543086393
"root7",1,"T2",1.01475316915709e-11,1.88278105203178e-11,1.15740740740741e-06,0.131124763725306,7.73883696967345e-08,0.208691543086393
"root7",1,"T3",4.92512851097471e-12,1.88278105203178e-11,1.15740740740741e-06,0.131124763725306,3.75606282981939e-08,0.208691543086393
"root7",1,"T1",1.0964075347637e-11,1.88278105203178e-11,1.15740740740741e-06,0.131124763725306,8.36155965977996e-08,0.208691543086393
"root7",11,"T2",6.21747529757905e-12,5.14745669732628e-11,1.15740740740741e-07,0.127335968426799,4.88273295785492e-08,0.202661488085186
"root7",11,"T3",4.75022091129356e-12,5.14745669732628e-11,1.15740740740741e-07,0.127335968426799,3.73046278281089e-08,0.202661488085186
"root7",11,"T1",6.40532139058467e-12,5.14745669732628e-11,1.15740740740741e-07,0.127335968426799,5.03025301469856e-08,0.202661488085186
"root7",11,"T2",7.3825734272161e-12,5.14745669732628e-11,2.31481481481481e-07,0.127335968426799,5.7977125539828e-08,0.202661488085186
"root7",11,"T3",5.18325341169807e-12,5.14745669732628e-11,2.31481481481481e-07,0.127335968426799,4.07053362513023e-08,0.202661488085186
"root7",11,"T1",7.67476824517248e-12,5.14745669732628e-11,2.31481481481481e-07,0.127335968426799,6.0271801753991e-08,0.202661488085186
"root7",11,"T2",8.18340264396926e-12,5.14745669732628e-11,3.47222222222222e-07,0.127335968426799,6.42662300768036e-08,0.202661488085186
"root7",11,"T3",5.41219752574237e-12,5.14745669732628e-11,3.47222222222222e-07,0.127335968426799,4.25032894680787e-08,0.202661488085186
"root7",11,"T1",8.56709993936544e-12,5.14745669732628e-11,3.47222222222222e-07,0.127335968426799,6.72794972638887e-08,0.202661488085186
"root7",11,"T2",8.80290614851665e-12,5.14745669732628e-11,4.62962962962963e-07,0.127335968426799,6.91313401647166e-08,0.202661488085186
"root7",11,"T3",5.5598077968331e-12,5.14745669732628e-11,4.62962962962963e-07,0.127335968426799,4.36625084453591e-08,0.202661488085186
"root7",11,"T1",9.27275570705077e-12,5.14745669732628e-11,4.62962962962963e-07,0.127335968426799,7.28211818044275e-08,0.202661488085186
"root7",11,"T2",9.31202117250626e-12,5.14745669732628e-11,5.78703703703704e-07,0.127335968426799,7.31295429528179e-08,0.202661488085186
"root7",11,"T3",5.66576939142227e-12,5.14745669732628e-11,5.78703703703704e-07,0.127335968426799,4.44946503444494e-08,0.202661488085186
"root7",11,"T1",9.86492636047736e-12,5.14745669732628e-11,5.78703703703704e-07,0.127335968426799,7.74716404355802e-08,0.202661488085186
"root7",11,"T2",9.74634123885810e-12,5.14745669732628e-11,6.94444444444444e-07,0.127335968426799,7.65403629412135e-08,0.202661488085186
"root7",11,"T3",5.74719343565214e-12,5.14745669732628e-11,6.94444444444444e-07,0.127335968426799,4.51340929562726e-08,0.202661488085186
"root7",11,"T1",1.03800504523424e-11,5.14745669732628e-11,6.94444444444444e-07,0.127335968426799,8.15170338796263e-08,0.202661488085186
"root7",11,"T2",1.01264231237547e-11,5.14745669732628e-11,8.10185185185185e-07,0.127335968426799,7.95252374396947e-08,0.202661488085186
"root7",11,"T3",5.81276941359177e-12,5.14745669732628e-11,8.10185185185185e-07,0.127335968426799,4.56490768901116e-08,0.202661488085186
"root7",11,"T1",1.0839060108517e-11,5.14745669732628e-11,8.10185185185185e-07,0.127335968426799,8.51217471577797e-08,0.202661488085186
"root7",11,"T2",1.0465262934174e-11,5.14745669732628e-11,9.25925925925926e-07,0.127335968426799,8.21862280035204e-08,0.202661488085186
"root7",11,"T3",5.86741638880091e-12,5.14745669732628e-11,9.25925925925926e-07,0.127335968426799,4.60782327357402e-08,0.202661488085186
"root7",11,"T1",1.12551453985596e-11,5.14745669732628e-11,9.25925925925926e-07,0.127335968426799,8.83893650601151e-08,0.202661488085186
"root7",11,"T2",1.07716180469666e-11,5.14745669732628e-11,1.04166666666667e-06,0.127335968426799,8.45921084203226e-08,0.202661488085186
"root7",11,"T3",5.91414594929649e-12,5.14745669732628e-11,1.04166666666667e-06,0.127335968426799,4.64452112185123e-08,0.202661488085186
"root7",11,"T1",1.16371800771829e-11,5.14745669732628e-11,1.04166666666667e-06,0.127335968426799,9.13895753176187e-08,0.202661488085186
"root7",11,"T2",1.10516783998241e-11,5.14745669732628e-11,1.15740740740741e-06,0.127335968426799,8.67914897602344e-08,0.202661488085186
"root7",11,"T3",5.95491501223862e-12,5.14745669732628e-11,1.15740740740741e-06,0.127335968426799,4.67653804797652e-08,0.202661488085186
"root7",11,"T1",1.19914346929521e-11,5.14745669732628e-11,1.15740740740741e-06,0.127335968426799,9.41716220570118e-08,0.202661488085186
"root7",13,"T2",6.82534328656035e-12,2.81763122886282e-10,1.15740740740741e-07,0.156582621052168,4.35894050099365e-08,0.249208981427376
"root7",13,"T3",5.14887735209464e-12,2.81763122886282e-10,1.15740740740741e-07,0.156582621052168,3.28828149477662e-08,0.249208981427376
"root7",13,"T1",7.02993296433785e-12,2.81763122886282e-10,1.15740740740741e-07,0.156582621052168,4.48959975066181e-08,0.249208981427376
"root7",13,"T2",8.19328009650177e-12,2.81763122886282e-10,2.31481481481481e-07,0.156582621052168,5.23256031955937e-08,0.249208981427376
"root7",13,"T3",5.65413648951741e-12,2.81763122886282e-10,2.31481481481481e-07,0.156582621052168,3.61096043195856e-08,0.249208981427376
"root7",13,"T1",8.49921533364286e-12,2.81763122886282e-10,2.31481481481481e-07,0.156582621052168,5.42794294573164e-08,0.249208981427376
"root7",13,"T2",9.14423337303576e-12,2.81763122886282e-10,3.47222222222222e-07,0.156582621052168,5.83987757491249e-08,0.249208981427376
"root7",13,"T3",5.92075001485522e-12,2.81763122886282e-10,3.47222222222222e-07,0.156582621052168,3.78123062129777e-08,0.249208981427376
"root7",13,"T1",9.54441546533425e-12,2.81763122886282e-10,3.47222222222222e-07,0.156582621052168,6.09545005773941e-08,0.249208981427376
"root7",13,"T2",9.88833059309841e-12,2.81763122886282e-10,4.62962962962963e-07,0.156582621052168,6.31508817942443e-08,0.249208981427376
"root7",13,"T3",6.09386856581816e-12,2.81763122886282e-10,4.62962962962963e-07,0.156582621052168,3.89179113548488e-08,0.249208981427376
"root7",13,"T1",1.03795577607195e-11,2.81763122886282e-10,4.62962962962963e-07,0.156582621052168,6.62880573270091e-08,0.249208981427376
"root7",13,"T2",1.05060493302259e-11,2.81763122886282e-10,5.78703703703704e-07,0.156582621052168,6.70958836914962e-08,0.249208981427376
"root7",13,"T3",6.2196750605757e-12,2.81763122886282e-10,5.78703703703704e-07,0.156582621052168,3.9721362554683e-08,0.249208981427376
"root7",13,"T1",1.10861275772061e-11,2.81763122886282e-10,5.78703703703704e-07,0.156582621052168,7.08004981824424e-08,0.249208981427376
"root7",13,"T2",1.10376265641255e-11,2.81763122886282e-10,6.94444444444444e-07,0.156582621052168,7.04907510805308e-08,0.249208981427376
"root7",13,"T3",6.31773506620099e-12,2.81763122886282e-10,6.94444444444444e-07,0.156582621052168,4.03476134436154e-08,0.249208981427376
"root7",13,"T1",1.17047446952044e-11,2.81763122886282e-10,6.94444444444444e-07,0.156582621052168,7.47512375035844e-08,0.249208981427376
"root7",13,"T2",1.15063338714392e-11,2.81763122886282e-10,8.10185185185185e-07,0.156582621052168,7.34841056697194e-08,0.249208981427376
"root7",13,"T3",6.3978529100914e-12,2.81763122886282e-10,8.10185185185185e-07,0.156582621052168,4.08592784250294e-08,0.249208981427376
"root7",13,"T1",1.22588708630772e-11,2.81763122886282e-10,8.10185185185185e-07,0.156582621052168,7.82901115123942e-08,0.249208981427376
"root7",13,"T2",1.19269310588286e-11,2.81763122886282e-10,9.25925925925926e-07,0.156582621052168,7.61702095589201e-08,0.249208981427376
"root7",13,"T3",6.46552918217631e-12,2.81763122886282e-10,9.25925925925926e-07,0.156582621052168,4.12914864927585e-08,0.249208981427376
"root7",13,"T1",1.27633812113128e-11,2.81763122886282e-10,9.25925925925926e-07,0.156582621052168,8.15121188133676e-08,0.249208981427376
"root7",13,"T2",1.23093998737016e-11,2.81763122886282e-10,1.04166666666667e-06,0.156582621052168,7.8612810227519e-08,0.249208981427376
"root7",13,"T3",6.52411414053212e-12,2.81763122886282e-10,1.04166666666667e-06,0.156582621052168,4.16656337510056e-08,0.249208981427376
"root7",13,"T1",1.32283382266031e-11,2.81763122886282e-10,1.04166666666667e-06,0.156582621052168,8.44815225196408e-08,0.249208981427376
"root7",13,"T2",1.26608203828845e-11,2.81763122886282e-10,1.15740740740741e-06,0.156582621052168,8.08571238481593e-08,0.249208981427376
"root7",13,"T3",6.57578060917414e-12,2.81763122886282e-10,1.15740740740741e-06,0.156582621052168,4.19955967334543e-08,0.249208981427376
"root7",13,"T1",1.36608844425508e-11,2.81763122886282e-10,1.15740740740741e-06,0.156582621052168,8.72439377419763e-08,0.249208981427376
"root7",22,"T2",6.97041521006334e-12,3.62811085269436e-10,1.15740740740741e-07,0.157331571825433,4.43039825331266e-08,0.250400973604352
"root7",22,"T3",5.29187909719618e-12,3.62811085269436e-10,1.15740740740741e-07,0.157331571825433,3.36352013508628e-08,0.250400973604352
"root7",22,"T1",7.17061996594511e-12,3.62811085269436e-10,1.15740740740741e-07,0.157331571825433,4.55764846352725e-08,0.250400973604352
"root7",22,"T2",8.31157750559546e-12,3.62811085269436e-10,2.31481481481481e-07,0.157331571825433,5.28284145970242e-08,0.250400973604352
"root7",22,"T3",5.81951919166814e-12,3.62811085269436e-10,2.31481481481481e-07,0.157331571825433,3.6988883567026e-08,0.250400973604352
"root7",22,"T1",8.61571070182337e-12,3.62811085269436e-10,2.31481481481481e-07,0.157331571825433,5.47614862157668e-08,0.250400973604352
"root7",22,"T2",9.22755653319185e-12,3.62811085269436e-10,3.47222222222222e-07,0.157331571825433,5.8650380379027e-08,0.250400973604352
"root7",22,"T3",6.10286758116352e-12,3.62811085269436e-10,3.47222222222222e-07,0.157331571825433,3.87898468842284e-08,0.250400973604352
"root7",22,"T1",9.62745182495431e-12,3.62811085269436e-10,3.47222222222222e-07,0.157331571825433,6.11921161992612e-08,0.250400973604352
"root7",22,"T2",9.93556395493247e-12,3.62811085269436e-10,4.62962962962963e-07,0.157331571825433,6.3150477934311e-08,0.250400973604352
"root7",22,"T3",6.28785247719494e-12,3.62811085269436e-10,4.62962962962963e-07,0.157331571825433,3.9965611505945e-08,0.250400973604352
"root7",22,"T1",1.04279123468534e-11,3.62811085269436e-10,4.62962962962963e-07,0.157331571825433,6.62798459702907e-08,0.250400973604352
"root7",22,"T2",1.05186957756222e-11,3.62811085269436e-10,5.78703703703704e-07,0.157331571825433,6.68568657490639e-08,0.250400973604352
"root7",22,"T3",6.42230151008753e-12,3.62811085269436e-10,5.78703703703704e-07,0.157331571825433,4.08201700114799e-08,0.250400973604352
"root7",22,"T1",1.11014058249447e-11,3.62811085269436e-10,5.78703703703704e-07,0.157331571825433,7.05605727835876e-08,0.250400973604352
"root7",22,"T2",1.1017958307873e-11,3.62811085269436e-10,6.94444444444444e-07,0.157331571825433,7.00301800842485e-08,0.250400973604352
"root7",22,"T3",6.5268576993594e-12,3.62811085269436e-10,6.94444444444444e-07,0.157331571825433,4.14847295023612e-08,0.250400973604352
"root7",22,"T1",1.16893468439541e-11,3.62811085269436e-10,6.94444444444444e-07,0.157331571825433,7.42975278790454e-08,0.250400973604352
"root7",22,"T2",1.14567116303352e-11,3.62811085269436e-10,8.10185185185185e-07,0.157331571825433,7.28188976783821e-08,0.250400973604352
"root7",22,"T3",6.6119944351049e-12,3.62811085269436e-10,8.10185185185185e-07,0.157331571825433,4.20258588812755e-08,0.250400973604352
"root7",22,"T1",1.22152618364421e-11,3.62811085269436e-10,8.10185185185185e-07,0.157331571825433,7.76402453411928e-08,0.250400973604352
"root7",22,"T2",1.18495669622161e-11,3.62811085269436e-10,9.25925925925926e-07,0.157331571825433,7.53158874899168e-08,0.250400973604352
"root7",22,"T3",6.68363896987319e-12,3.62811085269436e-10,9.25925925925926e-07,0.157331571825433,4.24812317853724e-08,0.250400973604352
"root7",22,"T1",1.26938429368766e-11,3.62811085269436e-10,9.25925925925926e-07,0.157331571825433,8.06821084261527e-08,0.250400973604352
"root7",22,"T2",1.22062894807574e-11,3.62811085269436e-10,1.04166666666667e-06,0.157331571825433,7.75832170182656e-08,0.250400973604352
"root7",22,"T3",6.74542395467272e-12,3.62811085269436e-10,1.04166666666667e-06,0.157331571825433,4.2873937356687e-08,0.250400973604352
"root7",22,"T1",1.31349032643881e-11,3.62811085269436e-10,1.04166666666667e-06,0.157331571825433,8.34854893521429e-08,0.250400973604352
"root7",22,"T2",1.25337387421491e-11,3.62811085269436e-10,1.15740740740741e-06,0.157331571825433,7.96644856256559e-08,0.250400973604352
"root7",22,"T3",6.79971577661147e-12,3.62811085269436e-10,1.15740740740741e-06,0.157331571825433,4.32190163596413e-08,0.250400973604352
"root7",22,"T1",1.35453372564624e-11,3.62811085269436e-10,1.15740740740741e-06,0.157331571825433,8.60942091870258e-08,0.250400973604352
"root7",25,"T2",7.65974012463045e-12,3.78127302772627e-10,1.15740740740741e-07,0.17400201815154,4.40209843885805e-08,0.276932812967833
"root7",25,"T3",5.91934024766566e-12,3.78127302772627e-10,1.15740740740741e-07,0.17400201815154,3.40188022561351e-08,0.276932812967833
"root7",25,"T1",7.87378271181697e-12,3.78127302772627e-10,1.15740740740741e-07,0.17400201815154,4.52510999324135e-08,0.276932812967833
"root7",25,"T2",9.02766259967673e-12,3.78127302772627e-10,2.31481481481481e-07,0.17400201815154,5.18825166258385e-08,0.276932812967833
"root7",25,"T3",6.47539433989321e-12,3.78127302772627e-10,2.31481481481481e-07,0.17400201815154,3.7214478364577e-08,0.276932812967833
"root7",25,"T1",9.34174924155152e-12,3.78127302772627e-10,2.31481481481481e-07,0.17400201815154,5.3687591332508e-08,0.276932812967833
"root7",25,"T2",9.95217999262508e-12,3.78127302772627e-10,3.47222222222222e-07,0.17400201815154,5.71957733499253e-08,0.276932812967833
"root7",25,"T3",6.77373220532955e-12,3.78127302772627e-10,3.47222222222222e-07,0.17400201815154,3.89290439116071e-08,0.276932812967833
"root7",25,"T1",1.03567118601753e-11,3.78127302772627e-10,3.47222222222222e-07,0.17400201815154,5.95206421752854e-08,0.276932812967833
"root7",25,"T2",1.06639203443048e-11,3.78127302772627e-10,4.62962962962963e-07,0.17400201815154,6.12861876982225e-08,0.276932812967833
"root7",25,"T3",6.96968997375189e-12,3.78127302772627e-10,4.62962962962963e-07,0.17400201815154,4.00552249209082e-08,0.276932812967833
"root7",25,"T1",1.11549368906412e-11,3.78127302772627e-10,4.62962962962963e-07,0.17400201815154,6.41080891425426e-08,0.276932812967833
"root7",25,"T2",1.12495221102335e-11,3.78127302772627e-10,5.78703703703704e-07,0.17400201815154,6.46516760537583e-08,0.276932812967833
"root7",25,"T3",7.11341611022845e-12,3.78127302772627e-10,5.78703703703704e-07,0.17400201815154,4.08812276190573e-08,0.276932812967833
"root7",25,"T1",1.18245565390997e-11,3.78127302772627e-10,5.78703703703704e-07,0.17400201815154,6.79564332914896e-08,0.276932812967833
"root7",25,"T2",1.17512047021857e-11,3.78127302772627e-10,6.94444444444444e-07,0.17400201815154,6.75348758998388e-08,0.276932812967833
"root7",25,"T3",7.22635240541068e-12,3.78127302772627e-10,6.94444444444444e-07,0.17400201815154,4.15302792586991e-08,0.276932812967833
"root7",25,"T1",1.24083508422415e-11,3.78127302772627e-10,6.94444444444444e-07,0.17400201815154,7.13115340503406e-08,0.276932812967833
"root7",25,"T2",1.21927861591544e-11,3.78127302772627e-10,8.10185185185185e-07,0.17400201815154,7.00726709303771e-08,0.276932812967833
"root7",25,"T3",7.31930956449602e-12,3.78127302772627e-10,8.10185185185185e-07,0.17400201815154,4.20645096088573e-08,0.276932812967833
"root7",25,"T1",1.29304040511035e-11,3.78127302772627e-10,8.10185185185185e-07,0.17400201815154,7.43118050495385e-08,0.276932812967833
"root7",25,"T2",1.25890461172764e-11,3.78127302772627e-10,9.25925925925926e-07,0.17400201815154,7.23500005977662e-08,0.276932812967833
"root7",25,"T3",7.39837961205523e-12,3.78127302772627e-10,9.25925925925926e-07,0.17400201815154,4.2518929898916e-08,0.276932812967833
"root7",25,"T1",1.34056475214536e-11,3.78127302772627e-10,9.25925925925926e-07,0.17400201815154,7.70430576832648e-08,0.276932812967833
"root7",25,"T2",1.29497963753949e-11,3.78127302772627e-10,1.04166666666667e-06,0.17400201815154,7.44232538964969e-08,0.276932812967833
"root7",25,"T3",7.46728533290058e-12,3.78127302772627e-10,1.04166666666667e-06,0.17400201815154,4.29149351957358e-08,0.276932812967833
"root7",25,"T1",1.38439933698245e-11,3.78127302772627e-10,1.04166666666667e-06,0.17400201815154,7.95622574777701e-08,0.276932812967833
"root7",25,"T2",1.32818896805452e-11,3.78127302772627e-10,1.15740740740741e-06,0.17400201815154,7.63318139734326e-08,0.276932812967833
"root7",25,"T3",7.52844721960455e-12,3.78127302772627e-10,1.15740740740741e-06,0.17400201815154,4.32664362148257e-08,0.276932812967833
"root7",25,"T1",1.42523689540464e-11,3.78127302772627e-10,1.15740740740741e-06,0.17400201815154,8.19092163726161e-08,0.276932812967833
"root7",3,"T2",5.23458706470426e-12,1.75981434577066e-11,1.15740740740741e-07,0.117248118449745,4.46453822365424e-08,0.18660617619501
"root7",3,"T3",3.83682602320471e-12,1.75981434577066e-11,1.15740740740741e-07,0.117248118449745,3.27239880173366e-08,0.18660617619501
"root7",3,"T1",5.41386916179878e-12,1.75981434577066e-11,1.15740740740741e-07,0.117248118449745,4.61744651716461e-08,0.18660617619501
"root7",3,"T2",6.40847363363547e-12,1.75981434577066e-11,2.31481481481481e-07,0.117248118449745,5.46573686500758e-08,0.18660617619501
"root7",3,"T3",4.2592884566927e-12,1.75981434577066e-11,2.31481481481481e-07,0.117248118449745,3.63271369554499e-08,0.18660617619501
"root7",3,"T1",6.69118857207826e-12,1.75981434577066e-11,2.31481481481481e-07,0.117248118449745,5.70686221710777e-08,0.18660617619501
"root7",3,"T2",7.23066956588573e-12,1.75981434577066e-11,3.47222222222222e-07,0.117248118449745,6.16698132259149e-08,0.18660617619501
"root7",3,"T3",4.48424375707081e-12,1.75981434577066e-11,3.47222222222222e-07,0.117248118449745,3.82457630566826e-08,0.18660617619501
"root7",3,"T1",7.60813413371632e-12,1.75981434577066e-11,3.47222222222222e-07,0.117248118449745,6.48891788995089e-08,0.18660617619501
"root7",3,"T2",7.87165792751908e-12,1.75981434577066e-11,4.62962962962963e-07,0.117248118449745,6.71367526540994e-08,0.18660617619501
"root7",3,"T3",4.62843770324398e-12,1.75981434577066e-11,4.62962962962963e-07,0.117248118449745,3.94755819064834e-08,0.18660617619501
"root7",3,"T1",8.33959164864246e-12,1.75981434577066e-11,4.62962962962963e-07,0.117248118449745,7.11277226356258e-08,0.18660617619501
"root7",3,"T2",8.40020785059627e-12,1.75981434577066e-11,5.78703703703704e-07,0.117248118449745,7.16447134646069e-08,0.18660617619501
"root7",3,"T3",4.73099776819748e-12,1.75981434577066e-11,5.78703703703704e-07,0.117248118449745,4.03503086510108e-08,0.18660617619501
"root7",3,"T1",8.95558664680502e-12,1.75981434577066e-11,5.78703703703704e-07,0.117248118449745,7.63814956283803e-08,0.18660617619501
"root7",3,"T2",8.85167404961385e-12,1.75981434577066e-11,6.94444444444444e-07,0.117248118449745,7.54952332425518e-08,0.18660617619501
"root7",3,"T3",4.80902089745389e-12,1.75981434577066e-11,6.94444444444444e-07,0.117248118449745,4.10157617967672e-08,0.18660617619501
"root7",3,"T1",9.49200567355067e-12,1.75981434577066e-11,6.94444444444444e-07,0.117248118449745,8.09565714064669e-08,0.18660617619501
"root7",3,"T2",9.24683838200642e-12,1.75981434577066e-11,8.10185185185185e-07,0.117248118449745,7.8865558818923e-08,0.18660617619501
"root7",3,"T3",4.87123182540912e-12,1.75981434577066e-11,8.10185185185185e-07,0.117248118449745,4.15463539186518e-08,0.18660617619501
"root7",3,"T1",9.96993432351519e-12,1.75981434577066e-11,8.10185185185185e-07,0.117248118449745,8.5032787351624e-08,0.18660617619501
"root7",3,"T2",9.59901033495801e-12,1.75981434577066e-11,9.25925925925926e-07,0.117248118449745,8.18692057653134e-08,0.18660617619501
"root7",3,"T3",4.9225741884241e-12,1.75981434577066e-11,9.25925925925926e-07,0.117248118449745,4.1984248903184e-08,0.18660617619501
"root7",3,"T1",1.04028924084165e-11,1.75981434577066e-11,9.25925925925926e-07,0.117248118449745,8.87254528768864e-08,0.18660617619501
"root7",3,"T2",9.91724157970479e-12,1.75981434577066e-11,1.04166666666667e-06,0.117248118449745,8.45833750752728e-08,0.18660617619501
"root7",3,"T3",4.96607126219906e-12,1.75981434577066e-11,1.04166666666667e-06,0.117248118449745,4.23552320315282e-08,0.18660617619501
"root7",3,"T1",1.08000936248042e-11,1.75981434577066e-11,1.04166666666667e-06,0.117248118449745,9.21131508769872e-08,0.18660617619501
"root7",3,"T2",1.02079702664426e-11,1.75981434577066e-11,1.15740740740741e-06,0.117248118449745,8.70629772265212e-08,0.18660617619501
"root7",3,"T3",5.0036832644475e-12,1.75981434577066e-11,1.15740740740741e-06,0.117248118449745,4.26760218467146e-08,0.18660617619501
"root7",3,"T1",1.11681081670488e-11,1.75981434577066e-11,1.15740740740741e-06,0.117248118449745,9.52519180240461e-08,0.18660617619501
"root7",4,"T2",4.52939671595441e-12,4.70695134943277e-11,1.15740740740741e-07,0.0952022756579245,4.75765593275227e-08,0.151519127645559
"root7",4,"T3",3.23963340633482e-12,4.70695134943277e-11,1.15740740740741e-07,0.0952022756579245,3.40289492446094e-08,0.151519127645559
"root7",4,"T1",4.70247064191059e-12,4.70695134943277e-11,1.15740740740741e-07,0.0952022756579245,4.9394519294972e-08,0.151519127645559
"root7",4,"T2",5.62206474214973e-12,4.70695134943277e-11,2.31481481481481e-07,0.0952022756579245,5.90538902909277e-08,0.151519127645559
"root7",4,"T3",3.62757710862257e-12,4.70695134943277e-11,2.31481481481481e-07,0.0952022756579245,3.81038907269084e-08,0.151519127645559
"root7",4,"T1",5.90294684050494e-12,4.70695134943277e-11,2.31481481481481e-07,0.0952022756579245,6.20042619749456e-08,0.151519127645559
"root7",4,"T2",6.39173819552505e-12,4.70695134943277e-11,3.47222222222222e-07,0.0952022756579245,6.71385022191222e-08,0.151519127645559
"root7",4,"T3",3.83451221703865e-12,4.70695134943277e-11,3.47222222222222e-07,0.0952022756579245,4.02775268819897e-08,0.151519127645559
"root7",4,"T1",6.77186240985937e-12,4.70695134943277e-11,3.47222222222222e-07,0.0952022756579245,7.11313081862838e-08,0.151519127645559
"root7",4,"T2",6.99043167614748e-12,4.70695134943277e-11,4.62962962962963e-07,0.0952022756579245,7.34271489608622e-08,0.151519127645559
"root7",4,"T3",3.96608030192011e-12,4.70695134943277e-11,4.62962962962963e-07,0.0952022756579245,4.16595115454047e-08,0.151519127645559
"root7",4,"T1",7.46469720811474e-12,4.70695134943277e-11,4.62962962962963e-07,0.0952022756579245,7.84088106773463e-08,0.151519127645559
"root7",4,"T2",7.48133560390326e-12,4.70695134943277e-11,5.78703703703704e-07,0.0952022756579245,7.85835795646816e-08,0.151519127645559
"root7",4,"T3",4.05852199705009e-12,4.70695134943277e-11,5.78703703703704e-07,0.0952022756579245,4.2630514543927e-08,0.151519127645559
"root7",4,"T1",8.04565566769107e-12,4.70695134943277e-11,5.78703703703704e-07,0.0952022756579245,8.45111696342246e-08,0.151519127645559
"root7",4,"T2",7.89766365224747e-12,4.70695134943277e-11,6.94444444444444e-07,0.0952022756579245,8.29566688156165e-08,0.151519127645559
"root7",4,"T3",4.1278840083909e-12,4.70695134943277e-11,6.94444444444444e-07,0.0952022756579245,4.33590896841897e-08,0.151519127645559
"root7",4,"T1",8.54845234786624e-12,4.70695134943277e-11,6.94444444444444e-07,0.0952022756579245,8.97925211218906e-08,0.151519127645559
"root7",4,"T2",8.25927414566011e-12,4.70695134943277e-11,8.10185185185185e-07,0.0952022756579245,8.67550075728954e-08,0.151519127645559
"root7",4,"T3",4.1824180180967e-12,4.70695134943277e-11,8.10185185185185e-07,0.0952022756579245,4.39319122278624e-08,0.151519127645559
"root7",4,"T1",8.99330312700179e-12,4.70695134943277e-11,8.10185185185185e-07,0.0952022756579245,9.44652117278795e-08,0.151519127645559
"root7",4,"T2",8.57905208987828e-12,4.70695134943277e-11,9.25925925925926e-07,0.0952022756579245,9.01139393001912e-08,0.151519127645559
"root7",4,"T3",4.2268180701467e-12,4.70695134943277e-11,9.25925925925926e-07,0.0952022756579245,4.43982881809912e-08,0.151519127645559
"root7",4,"T1",9.39339168976768e-12,4.70695134943277e-11,9.25925925925926e-07,0.0952022756579245,9.86677222246188e-08,0.151519127645559
"root7",4,"T2",8.86584648930516e-12,4.70695134943277e-11,1.04166666666667e-06,0.0952022756579245,9.31264135025661e-08,0.151519127645559
"root7",4,"T3",4.26395827423426e-12,4.70695134943277e-11,1.04166666666667e-06,0.0952022756579245,4.47884070497986e-08,0.151519127645559
"root7",4,"T1",9.75782855454973e-12,4.70695134943277e-11,1.04166666666667e-06,0.0952022756579245,1.02495749047124e-07,0.151519127645559
"root7",4,"T2",9.12599563217726e-12,4.70695134943277e-11,1.15740740740741e-06,0.0952022756579245,9.58590072465103e-08,0.151519127645559
"root7",4,"T3",4.29570042221447e-12,4.70695134943277e-11,1.15740740740741e-06,0.0952022756579245,4.51218250039478e-08,0.151519127645559
"root7",4,"T1",1.00931832685328e-11,4.70695134943277e-11,1.15740740740741e-06,0.0952022756579245,1.06018298394453e-07,0.151519127645559
"root7",5,"T2",5.02254050236834e-12,5.3124092305269e-11,1.15740740740741e-07,0.117883888663389,4.2605826456149e-08,0.18761803591673
"root7",5,"T3",3.64797151771912e-12,5.3124092305269e-11,1.15740740740741e-07,0.117883888663389,3.09454630236682e-08,0.18761803591673
"root7",5,"T1",5.19578271846261e-12,5.3124092305269e-11,1.15740740740741e-07,0.117883888663389,4.40754269084123e-08,0.18761803591673
"root7",5,"T2",6.18864419591106e-12,5.3124092305269e-11,2.31481481481481e-07,0.117883888663389,5.24977947884159e-08,0.18761803591673
"root7",5,"T3",4.06664339375522e-12,5.3124092305269e-11,2.31481481481481e-07,0.117883888663389,3.44970244862493e-08,0.18761803591673
"root7",5,"T1",6.45996617470059e-12,5.3124092305269e-11,2.31481481481481e-07,0.117883888663389,5.47993983566887e-08,0.18761803591673
"root7",5,"T2",7.00544977110841e-12,5.3124092305269e-11,3.47222222222222e-07,0.117883888663389,5.94266939319595e-08,0.18761803591673
"root7",5,"T3",4.288060376161e-12,5.3124092305269e-11,3.47222222222222e-07,0.117883888663389,3.63752877919163e-08,0.18761803591673
"root7",5,"T1",7.36764349151914e-12,5.3124092305269e-11,3.47222222222222e-07,0.117883888663389,6.24991555254598e-08,0.18761803591673
"root7",5,"T2",7.64166856680898e-12,5.3124092305269e-11,4.62962962962963e-07,0.117883888663389,6.4823689254342e-08,0.18761803591673
"root7",5,"T3",4.42939882853357e-12,5.3124092305269e-11,4.62962962962963e-07,0.117883888663389,3.75742510597141e-08,0.18761803591673
"root7",5,"T1",8.09047806203853e-12,5.3124092305269e-11,4.62962962962963e-07,0.117883888663389,6.86309058326066e-08,0.18761803591673
"root7",5,"T2",8.16534727325112e-12,5.3124092305269e-11,5.78703703703704e-07,0.117883888663389,6.92660156178494e-08,0.18761803591673
"root7",5,"T3",4.52967196930939e-12,5.3124092305269e-11,5.78703703703704e-07,0.117883888663389,3.84248604340125e-08,0.18761803591673
"root7",5,"T1",8.69738667522285e-12,5.3124092305269e-11,5.78703703703704e-07,0.117883888663389,7.37792651212734e-08,0.18761803591673
"root7",5,"T2",8.61164478772661e-12,5.3124092305269e-11,6.94444444444444e-07,0.117883888663389,7.30519232557444e-08,0.18761803591673
"root7",5,"T3",4.60584581144108e-12,5.3124092305269e-11,6.94444444444444e-07,0.117883888663389,3.90710373034336e-08,0.18761803591673
"root7",5,"T1",9.22397455074584e-12,5.3124092305269e-11,6.94444444444444e-07,0.117883888663389,7.82462697433098e-08,0.18761803591673
"root7",5,"T2",9.00136047395265e-12,5.3124092305269e-11,8.10185185185185e-07,0.117883888663389,7.63578515776278e-08,0.18761803591673
"root7",5,"T3",4.66654939888835e-12,5.3124092305269e-11,8.10185185185185e-07,0.117883888663389,3.95859811870766e-08,0.18761803591673
"root7",5,"T1",9.69135955078447e-12,5.3124092305269e-11,8.10185185185185e-07,0.117883888663389,8.22110609063603e-08,0.18761803591673
"root7",5,"T2",9.34789393370869e-12,5.3124092305269e-11,9.25925925925926e-07,0.117883888663389,7.92974683792548e-08,0.18761803591673
"root7",5,"T3",4.71665870883085e-12,5.3124092305269e-11,9.25925925925926e-07,0.117883888663389,4.0011054625955e-08,0.18761803591673
"root7",5,"T1",1.01132014395217e-11,5.3124092305269e-11,9.25925925925926e-07,0.117883888663389,8.57895133439259e-08,0.18761803591673
"root7",5,"T2",9.66040112867609e-12,5.3124092305269e-11,1.04166666666667e-06,0.117883888663389,8.19484429824065e-08,0.18761803591673
"root7",5,"T3",4.75914784396969e-12,5.3124092305269e-11,1.04166666666667e-06,0.117883888663389,4.03714867055258e-08,0.18761803591673
"root7",5,"T1",1.0498878324081e-11,5.3124092305269e-11,1.04166666666667e-06,0.117883888663389,8.90611808205616e-08,0.18761803591673
"root7",5,"T2",9.94541606950488e-12,5.3124092305269e-11,1.15740740740741e-06,0.117883888663389,8.43662028990532e-08,0.18761803591673
"root7",5,"T3",4.79593995342048e-12,5.3124092305269e-11,1.15740740740741e-06,0.117883888663389,4.06835913524623e-08,0.18761803591673
"root7",5,"T1",1.08551164306943e-11,5.3124092305269e-11,1.15740740740741e-06,0.117883888663389,9.20831213982978e-08,0.18761803591673
"root7",6,"T2",5.02359384031833e-12,6.77486662479574e-11,1.15740740740741e-07,0.118554146531229,4.23738349716434e-08,0.18868478444486
"root7",6,"T3",3.62814227914277e-12,6.77486662479574e-11,1.15740740740741e-07,0.118554146531229,3.06032507955094e-08,0.18868478444486
"root7",6,"T1",5.17714126706574e-12,6.77486662479574e-11,1.15740740740741e-07,0.118554146531229,4.36690020428935e-08,0.18868478444486
"root7",6,"T2",6.15030304320537e-12,6.77486662479574e-11,2.31481481481481e-07,0.118554146531229,5.18775869352262e-08,0.18868478444486
"root7",6,"T3",4.0110958499456e-12,6.77486662479574e-11,2.31481481481481e-07,0.118554146531229,3.38334505144366e-08,0.18868478444486
"root7",6,"T1",6.39188607804104e-12,6.77486662479574e-11,2.31481481481481e-07,0.118554146531229,5.39153312225762e-08,0.18868478444486
"root7",6,"T2",6.95106509101896e-12,6.77486662479574e-11,3.47222222222222e-07,0.118554146531229,5.86319862645036e-08,0.18868478444486
"root7",6,"T3",4.21503472738865e-12,6.77486662479574e-11,3.47222222222222e-07,0.118554146531229,3.55536676760466e-08,0.18868478444486
"root7",6,"T1",7.2760360047317e-12,6.77486662479574e-11,3.47222222222222e-07,0.118554146531229,6.13731043377304e-08,0.18868478444486
"root7",6,"T2",7.58276125034342e-12,6.77486662479574e-11,4.62962962962963e-07,0.118554146531229,6.39603208509118e-08,0.18868478444486
"root7",6,"T3",4.34624152826591e-12,6.77486662479574e-11,4.62962962962963e-07,0.118554146531229,3.66603923644378e-08,0.18868478444486
"root7",6,"T1",7.98948205087455e-12,6.77486662479574e-11,4.62962962962963e-07,0.118554146531229,6.73909963053885e-08,0.18868478444486
"root7",6,"T2",8.10855707003045e-12,6.77486662479574e-11,5.78703703703704e-07,0.118554146531229,6.83953898474106e-08,0.18868478444486
"root7",6,"T3",4.440027878174e-12,6.77486662479574e-11,5.78703703703704e-07,0.118554146531229,3.74514768827965e-08,0.18868478444486
"root7",6,"T1",8.5959597269232e-12,6.77486662479574e-11,5.78703703703704e-07,0.118554146531229,7.25066138843055e-08,0.18868478444486
"root7",6,"T2",8.56105997239409e-12,6.77486662479574e-11,6.94444444444444e-07,0.118554146531229,7.2212235698892e-08,0.18868478444486
"root7",6,"T3",4.51175237835995e-12,6.77486662479574e-11,6.94444444444444e-07,0.118554146531229,3.80564704851676e-08,0.18868478444486
"root7",6,"T1",9.1281784191378e-12,6.77486662479574e-11,6.94444444444444e-07,0.118554146531229,7.69958595816241e-08,0.18868478444486
"root7",6,"T2",8.9595598968426e-12,6.77486662479574e-11,8.10185185185185e-07,0.118554146531229,7.55735683566539e-08,0.18868478444486
"root7",6,"T3",4.56923494955018e-12,6.77486662479574e-11,8.10185185185185e-07,0.118554146531229,3.85413339241287e-08,0.18868478444486
"root7",6,"T1",9.60542773775204e-12,6.77486662479574e-11,8.10185185185185e-07,0.118554146531229,8.10214405720665e-08,0.18868478444486
"root7",6,"T2",9.31649859055177e-12,6.77486662479574e-11,9.25925925925926e-07,0.118554146531229,7.85843335146245e-08,0.18868478444486
"root7",6,"T3",4.6169030655726e-12,6.77486662479574e-11,9.25925925925926e-07,0.118554146531229,3.89434127835962e-08,0.18868478444486
"root7",6,"T1",1.00401316917102e-11,6.77486662479574e-11,9.25925925925926e-07,0.118554146531229,8.46881529282103e-08,0.18868478444486
"root7",6,"T2",9.6403975482917e-12,6.77486662479574e-11,1.04166666666667e-06,0.118554146531229,8.13164096774318e-08,0.18868478444486
"root7",6,"T3",4.65746493386648e-12,6.77486662479574e-11,1.04166666666667e-06,0.118554146531229,3.92855506967833e-08,0.18868478444486
"root7",6,"T1",1.04407973751074e-11,6.77486662479574e-11,1.04166666666667e-06,0.118554146531229,8.80677536855039e-08,0.18868478444486
"root7",6,"T2",9.9373588857426e-12,6.77486662479574e-11,1.15740740740741e-06,0.118554146531229,8.38212679733217e-08,0.18868478444486
"root7",6,"T3",4.69267812341826e-12,6.77486662479574e-11,1.15740740740741e-06,0.118554146531229,3.95825726954404e-08,0.18868478444486
"root7",6,"T1",1.08135198771134e-11,6.77486662479574e-11,1.15740740740741e-06,0.118554146531229,9.1211654703827e-08,0.18868478444486
"root7",9,"T2",5.33125737420169e-12,4.03346208607435e-11,1.15740740740741e-07,0.126148757849669,4.22616715778917e-08,0.200771983766774
"root7",9,"T3",3.98882027203688e-12,4.03346208607435e-11,1.15740740740741e-07,0.126148757849669,3.16199726420639e-08,0.200771983766774
"root7",9,"T1",5.4980208573576e-12,4.03346208607435e-11,1.15740740740741e-07,0.126148757849669,4.35836305571044e-08,0.200771983766774
"root7",9,"T2",6.41663808000902e-12,4.03346208607435e-11,2.31481481481481e-07,0.126148757849669,5.08656461576554e-08,0.200771983766774
"root7",9,"T3",4.39060959461603e-12,4.03346208607435e-11,2.31481481481481e-07,0.126148757849669,3.48050164699069e-08,0.200771983766774
"root7",9,"T1",6.66969318418009e-12,4.03346208607435e-11,2.31481481481481e-07,0.126148757849669,5.28716516743537e-08,0.200771983766774
"root7",9,"T2",7.1645969874268e-12,4.03346208607435e-11,3.47222222222222e-07,0.126148757849669,5.67948278647723e-08,0.200771983766774
"root7",9,"T3",4.60201718232162e-12,4.03346208607435e-11,3.47222222222222e-07,0.126148757849669,3.64808759179843e-08,0.200771983766774
"root7",9,"T1",7.49534023052752e-12,4.03346208607435e-11,3.47222222222222e-07,0.126148757849669,5.94166788345208e-08,0.200771983766774
"root7",9,"T2",7.74336751039562e-12,4.03346208607435e-11,4.62962962962963e-07,0.126148757849669,6.13828280388093e-08,0.200771983766774
"root7",9,"T3",4.73756898427792e-12,4.03346208607435e-11,4.62962962962963e-07,0.126148757849669,3.7555415249698e-08,0.200771983766774
"root7",9,"T1",8.14770598231487e-12,4.03346208607435e-11,4.62962962962963e-07,0.126148757849669,6.45880793533017e-08,0.200771983766774
"root7",9,"T2",8.21889416321115e-12,4.03346208607435e-11,5.78703703703704e-07,0.126148757849669,6.51523986705091e-08,0.200771983766774
"root7",9,"T3",4.83459844816215e-12,4.03346208607435e-11,5.78703703703704e-07,0.126148757849669,3.83245822675759e-08,0.200771983766774
"root7",9,"T1",8.69403973386246e-12,4.03346208607435e-11,5.78703703703704e-07,0.126148757849669,6.89189484071109e-08,0.200771983766774
"root7",9,"T2",8.62446855434447e-12,4.03346208607435e-11,6.94444444444444e-07,0.126148757849669,6.8367447300767e-08,0.200771983766774
"root7",9,"T3",4.90912172608972e-12,4.03346208607435e-11,6.94444444444444e-07,0.126148757849669,3.89153393958892e-08,0.200771983766774
"root7",9,"T1",9.16819753984485e-12,4.03346208607435e-11,6.94444444444444e-07,0.126148757849669,7.26776679860023e-08,0.200771983766774
"root7",9,"T2",8.97940622667123e-12,4.03346208607435e-11,8.10185185185185e-07,0.126148757849669,7.11810911160295e-08,0.200771983766774
"root7",9,"T3",4.96920887790707e-12,4.03346208607435e-11,8.10185185185185e-07,0.126148757849669,3.93916592015029e-08,0.200771983766774
"root7",9,"T1",9.58981638841755e-12,4.03346208607435e-11,8.10185185185185e-07,0.126148757849669,7.60199034210523e-08,0.200771983766774
"root7",9,"T2",9.29595284471048e-12,4.03346208607435e-11,9.25925925925926e-07,0.126148757849669,7.3690403323578e-08,0.200771983766774
"root7",9,"T3",5.01939175059817e-12,4.03346208607435e-11,9.25925925925926e-07,0.126148757849669,3.97894663107168e-08,0.200771983766774
"root7",9,"T1",9.9713593498149e-12,4.03346208607435e-11,9.25925925925926e-07,0.126148757849669,7.90444513270414e-08,0.200771983766774
"root7",9,"T2",9.5823680503262e-12,4.03346208607435e-11,1.04166666666667e-06,0.126148757849669,7.59608593351785e-08,0.200771983766774
"root7",9,"T3",5.06242425183955e-12,4.03346208607435e-11,1.04166666666667e-06,0.126148757849669,4.01305913600229e-08,0.200771983766774
"root7",9,"T1",1.03212486426402e-11,4.03346208607435e-11,1.04166666666667e-06,0.126148757849669,8.18180758857727e-08,0.200771983766774
"root7",9,"T2",9.84448602312568e-12,4.03346208607435e-11,1.15740740740741e-06,0.126148757849669,7.80387075618875e-08,0.200771983766774
"root7",9,"T3",5.1000840901373e-12,4.03346208607435e-11,1.15740740740741e-06,0.126148757849669,4.04291265096328e-08,0.200771983766774
"root7",9,"T1",1.06454473790509e-11,4.03346208607435e-11,1.15740740740741e-06,0.126148757849669,8.43880475758396e-08,0.200771983766774
"root8",10,"T2",6.13678563157748e-12,4.48518631864848e-11,1.15740740740741e-07,0.143580173040509,4.2741177292258e-08,0.228514942693867
"root8",10,"T3",4.67469824487815e-12,4.48518631864848e-11,1.15740740740741e-07,0.143580173040509,3.25581042694471e-08,0.228514942693867
"root8",10,"T1",6.30950237269173e-12,4.48518631864848e-11,1.15740740740741e-07,0.143580173040509,4.3944106202683e-08,0.228514942693867
"root8",10,"T2",7.28645475501669e-12,4.48518631864848e-11,2.31481481481481e-07,0.143580173040509,5.07483352381873e-08,0.228514942693867
"root8",10,"T3",5.11105155771525e-12,4.48518631864848e-11,2.31481481481481e-07,0.143580173040509,3.55971959740795e-08,0.228514942693867
"root8",10,"T1",7.54172279827765e-12,4.48518631864848e-11,2.31481481481481e-07,0.143580173040509,5.25262133243833e-08,0.228514942693867
"root8",10,"T2",8.07839848027117e-12,4.48518631864848e-11,3.47222222222222e-07,0.143580173040509,5.62640252424823e-08,0.228514942693867
"root8",10,"T3",5.34305803876965e-12,4.48518631864848e-11,3.47222222222222e-07,0.143580173040509,3.72130630965473e-08,0.228514942693867
"root8",10,"T1",8.40876713494132e-12,4.48518631864848e-11,3.47222222222222e-07,0.143580173040509,5.85649603066638e-08,0.228514942693867
"root8",10,"T2",8.69533794092028e-12,4.48518631864848e-11,4.62962962962963e-07,0.143580173040509,6.05608543072797e-08,0.228514942693867
"root8",10,"T3",5.49444622877905e-12,4.48518631864848e-11,4.62962962962963e-07,0.143580173040509,3.82674439821777e-08,0.228514942693867
"root8",10,"T1",9.0978718972681e-12,4.48518631864848e-11,4.62962962962963e-07,0.143580173040509,6.33644026512022e-08,0.228514942693867
"root8",10,"T2",9.20663071968886e-12,4.48518631864848e-11,5.78703703703704e-07,0.143580173040509,6.41218806519432e-08,0.228514942693867
"root8",10,"T3",5.60483965887133e-12,4.48518631864848e-11,5.78703703703704e-07,0.143580173040509,3.90363066165829e-08,0.228514942693867
"root8",10,"T1",9.6795481249285e-12,4.48518631864848e-11,5.78703703703704e-07,0.143580173040509,6.74156321165427e-08,0.228514942693867
"root8",10,"T2",9.64655521942978e-12,4.48518631864848e-11,6.94444444444444e-07,0.143580173040509,6.71858447803106e-08,0.228514942693867
"root8",10,"T3",5.69110950913426e-12,4.48518631864848e-11,6.94444444444444e-07,0.143580173040509,3.96371545500826e-08,0.228514942693867
"root8",10,"T1",1.0188482239428e-11,4.48518631864848e-11,6.94444444444444e-07,0.143580173040509,7.09602309544057e-08,0.228514942693867
"root8",10,"T2",1.00347256835201e-11,4.48518631864848e-11,8.10185185185185e-07,0.143580173040509,6.98893549925512e-08,0.228514942693867
"root8",10,"T3",5.76174353630691e-12,4.48518631864848e-11,8.10185185185185e-07,0.143580173040509,4.01291028858234e-08,0.228514942693867
"root8",10,"T1",1.06444676668362e-11,4.48518631864848e-11,8.10185185185185e-07,0.143580173040509,7.41360554276041e-08,0.228514942693867
"root8",10,"T2",1.03834738937241e-11,4.48518631864848e-11,9.25925925925926e-07,0.143580173040509,7.23182990648339e-08,0.228514942693867
"root8",10,"T3",5.82151980501085e-12,4.48518631864848e-11,9.25925925925926e-07,0.143580173040509,4.05454296490394e-08,0.228514942693867
"root8",10,"T1",1.1059929955375e-11,4.48518631864848e-11,9.25925925925926e-07,0.143580173040509,7.70296463722368e-08,0.228514942693867
"root8",10,"T2",1.07010834782903e-11,4.48518631864848e-11,1.04166666666667e-06,0.143580173040509,7.45303703964134e-08,0.228514942693867
"root8",10,"T3",5.87335708710682e-12,4.48518631864848e-11,1.04166666666667e-06,0.143580173040509,4.09064633558405e-08,0.228514942693867
"root8",10,"T1",1.14432103727559e-11,4.48518631864848e-11,1.04166666666667e-06,0.143580173040509,7.96990986320052e-08,0.228514942693867
"root8",10,"T2",1.09934004629071e-11,4.48518631864848e-11,1.15740740740741e-06,0.143580173040509,7.65662850942902e-08,0.228514942693867
"root8",10,"T3",5.91915312933414e-12,4.48518631864848e-11,1.15740740740741e-06,0.143580173040509,4.1225421337695e-08,0.228514942693867
"root8",10,"T1",1.18001960021702e-11,4.48518631864848e-11,1.15740740740741e-06,0.143580173040509,8.2185414269148e-08,0.228514942693867
"root8",12,"T2",5.45432651340243e-12,1.76679661175294e-10,1.15740740740741e-07,0.127782873140173,4.26843314707694e-08,0.203372759027431
"root8",12,"T3",3.96327839270587e-12,1.76679661175294e-10,1.15740740740741e-07,0.127782873140173,3.10157245279522e-08,0.203372759027431
"root8",12,"T1",5.60818246699192e-12,1.76679661175294e-10,1.15740740740741e-07,0.127782873140173,4.38883735290562e-08,0.203372759027431
"root8",12,"T2",6.66051025512221e-12,1.76679661175294e-10,2.31481481481481e-07,0.127782873140173,5.21236539095179e-08,0.203372759027431
"root8",12,"T3",4.38470749906589e-12,1.76679661175294e-10,2.31481481481481e-07,0.127782873140173,3.43137338464446e-08,0.203372759027431
"root8",12,"T1",6.90077244114846e-12,1.76679661175294e-10,2.31481481481481e-07,0.127782873140173,5.40038916919529e-08,0.203372759027431
"root8",12,"T2",7.52489989791901e-12,1.76679661175294e-10,3.47222222222222e-07,0.127782873140173,5.88881726713444e-08,0.203372759027431
"root8",12,"T3",4.61522003855295e-12,1.76679661175294e-10,3.47222222222222e-07,0.127782873140173,3.61176730898062e-08,0.203372759027431
"root8",12,"T1",7.84781424290232e-12,1.76679661175294e-10,3.47222222222222e-07,0.127782873140173,6.14152276439547e-08,0.203372759027431
"root8",12,"T2",8.21409758821137e-12,1.76679661175294e-10,4.62962962962963e-07,0.127782873140173,6.42816786503213e-08,0.203372759027431
"root8",12,"T3",4.76685808018806e-12,1.76679661175294e-10,4.62962962962963e-07,0.127782873140173,3.7304358268412e-08,0.203372759027431
"root8",12,"T1",8.61908889357331e-12,1.76679661175294e-10,4.62962962962963e-07,0.127782873140173,6.7451049438515e-08,0.203372759027431
"root8",12,"T2",8.79385972323935e-12,1.76679661175294e-10,5.78703703703704e-07,0.127782873140173,6.88187666088304e-08,0.203372759027431
"root8",12,"T3",4.87719756627298e-12,1.76679661175294e-10,5.78703703703704e-07,0.127782873140173,3.81678502479974e-08,0.203372759027431
"root8",12,"T1",9.28089429975995e-12,1.76679661175294e-10,5.78703703703704e-07,0.127782873140173,7.2630189568356e-08,0.203372759027431
"root8",12,"T2",9.2975839255887e-12,1.76679661175294e-10,6.94444444444444e-07,0.127782873140173,7.27607988230911e-08,0.203372759027431
"root8",12,"T3",4.96275059823563e-12,1.76679661175294e-10,6.94444444444444e-07,0.127782873140173,3.88373690172992e-08,0.203372759027431
"root8",12,"T1",9.86662972266057e-12,1.76679661175294e-10,6.94444444444444e-07,0.127782873140173,7.72140231331099e-08,0.203372759027431
"root8",12,"T2",9.74482040768131e-12,1.76679661175294e-10,8.10185185185185e-07,0.127782873140173,7.62607708545699e-08,0.203372759027431
"root8",12,"T3",5.03201947086787e-12,1.76679661175294e-10,8.10185185185185e-07,0.127782873140173,3.93794516214073e-08,0.203372759027431
"root8",12,"T1",1.03957205572688e-11,1.76679661175294e-10,8.10185185185185e-07,0.127782873140173,8.13545689011476e-08,0.203372759027431
"root8",12,"T2",1.01481153800375e-11,1.76679661175294e-10,9.25925925925926e-07,0.127782873140173,7.9416866522522e-08,0.203372759027431
"root8",12,"T3",5.0898771675047e-12,1.76679661175294e-10,9.25925925925926e-07,0.127782873140173,3.98322329309444e-08,0.203372759027431
"root8",12,"T1",1.08805684757446e-11,1.76679661175294e-10,9.25925925925926e-07,0.127782873140173,8.51488795670529e-08,0.203372759027431
"root8",12,"T2",1.05160583486471e-11,1.76679661175294e-10,1.04166666666667e-06,0.127782873140173,8.2296305367241e-08,0.203372759027431
"root8",12,"T3",5.13934329900126e-12,1.76679661175294e-10,1.04166666666667e-06,0.127782873140173,4.02193437407186e-08,0.203372759027431
"root8",12,"T1",1.13296294118675e-11,1.76679661175294e-10,1.04166666666667e-06,0.127782873140173,8.86631293650701e-08,0.203372759027431
"root8",12,"T2",1.08548201832192e-11,1.76679661175294e-10,1.15740740740741e-06,0.127782873140173,8.49473792259456e-08,0.203372759027431
"root8",12,"T3",5.1824039678792e-12,1.76679661175294e-10,1.15740740740741e-06,0.127782873140173,4.05563268419728e-08,0.203372759027431
"root8",12,"T1",1.17489597332685e-11,1.76679661175294e-10,1.15740740740741e-06,0.127782873140173,9.19447140649307e-08,0.203372759027431
"root8",13,"T2",6.39708394992372e-12,2.22068257679609e-10,1.15740740740741e-07,0.155180855074047,4.1223409594381e-08,0.246978001582616
"root8",13,"T3",4.78040621790625e-12,2.22068257679609e-10,1.15740740740741e-07,0.155180855074047,3.08053864996762e-08,0.246978001582616
"root8",13,"T1",6.55745529067097e-12,2.22068257679609e-10,1.15740740740741e-07,0.155180855074047,4.22568575713929e-08,0.246978001582616
"root8",13,"T2",7.68198811449493e-12,2.22068257679609e-10,2.31481481481481e-07,0.155180855074047,4.9503452670301e-08,0.246978001582616
"root8",13,"T3",5.25973466763986e-12,2.22068257679609e-10,2.31481481481481e-07,0.155180855074047,3.38942240338223e-08,0.246978001582616
"root8",13,"T1",7.9270728426537e-12,2.22068257679609e-10,2.31481481481481e-07,0.155180855074047,5.10828016695176e-08,0.246978001582616
"root8",13,"T2",8.59007004442391e-12,2.22068257679609e-10,3.47222222222222e-07,0.155180855074047,5.5355217886414e-08,0.246978001582616
"root8",13,"T3",5.52250128978654e-12,2.22068257679609e-10,3.47222222222222e-07,0.155180855074047,3.55875168180469e-08,0.246978001582616
"root8",13,"T1",8.91678333071798e-12,2.22068257679609e-10,3.47222222222222e-07,0.155180855074047,5.74605889783453e-08,0.246978001582616
"root8",13,"T2",9.31141782034547e-12,2.22068257679609e-10,4.62962962962963e-07,0.155180855074047,6.00036506816668e-08,0.246978001582616
"root8",13,"T3",5.69733336468906e-12,2.22068257679609e-10,4.62962962962963e-07,0.155180855074047,3.67141511236711e-08,0.246978001582616
"root8",13,"T1",9.71976122293718e-12,2.22068257679609e-10,4.62962962962963e-07,0.155180855074047,6.26350539072571e-08,0.246978001582616
"root8",13,"T2",9.91823090421219e-12,2.22068257679609e-10,5.78703703703704e-07,0.155180855074047,6.39140111676763e-08,0.246978001582616
"root8",13,"T3",5.82629671974973e-12,2.22068257679609e-10,5.78703703703704e-07,0.155180855074047,3.75452030920285e-08,0.246978001582616
"root8",13,"T1",1.04086038977911e-11,2.22068257679609e-10,5.78703703703704e-07,0.155180855074047,6.70740207793316e-08,0.246978001582616
"root8",13,"T2",1.04462650583242e-11,2.22068257679609e-10,6.94444444444444e-07,0.155180855074047,6.73167128338067e-08,0.246978001582616
"root8",13,"T3",5.92764889743599e-12,2.22068257679609e-10,6.94444444444444e-07,0.155180855074047,3.81983260409766e-08,0.246978001582616
"root8",13,"T1",1.101895572171e-11,2.22068257679609e-10,6.94444444444444e-07,0.155180855074047,7.10071852384895e-08,0.246978001582616
"root8",13,"T2",1.09160931001793e-11,2.22068257679609e-10,8.10185185185185e-07,0.155180855074047,7.03443288475919e-08,0.246978001582616
"root8",13,"T3",6.01074489592606e-12,2.22068257679609e-10,8.10185185185185e-07,0.155180855074047,3.87338044571152e-08,0.246978001582616
"root8",13,"T1",1.157117795476e-11,2.22068257679609e-10,8.10185185185185e-07,0.155180855074047,7.45657571563107e-08,0.246978001582616
"root8",13,"T2",1.13407630124789e-11,2.22068257679609e-10,9.25925925925926e-07,0.155180855074047,7.30809416346332e-08,0.246978001582616
"root8",13,"T3",6.08094507351425e-12,2.22068257679609e-10,9.25925925925926e-07,0.155180855074047,3.91861809925756e-08,0.246978001582616
"root8",13,"T1",1.20781079113078e-11,2.22068257679609e-10,9.25925925925926e-07,0.155180855074047,7.78324613918676e-08,0.246978001582616
"root8",13,"T2",1.17291379684775e-11,2.22068257679609e-10,1.04166666666667e-06,0.155180855074047,7.55836663155439e-08,0.246978001582616
"root8",13,"T3",6.14158012498584e-12,2.22068257679609e-10,1.04166666666667e-06,0.155180855074047,3.95769189572727e-08,0.246978001582616
"root8",13,"T1",1.25484252387932e-11,2.22068257679609e-10,1.04166666666667e-06,0.155180855074047,8.08632304081939e-08,0.246978001582616
"root8",13,"T2",1.20875536076022e-11,2.22068257679609e-10,1.15740740740741e-06,0.155180855074047,7.78933303456436e-08,0.246978001582616
"root8",13,"T3",6.19485089440825e-12,2.22068257679609e-10,1.15740740740741e-06,0.155180855074047,3.99202007970138e-08,0.246978001582616
"root8",13,"T1",1.29883137733153e-11,2.22068257679609e-10,1.15740740740741e-06,0.155180855074047,8.36979134257105e-08,0.246978001582616
"root8",14,"T2",5.3874059250486e-12,5.23108425022562e-11,1.15740740740741e-07,0.122113280490372,4.41181000413249e-08,0.194349322072098
"root8",14,"T3",4.01297779534661e-12,5.23108425022562e-11,1.15740740740741e-07,0.122113280490372,3.28627466171708e-08,0.194349322072098
"root8",14,"T1",5.56097124707339e-12,5.23108425022562e-11,1.15740740740741e-07,0.122113280490372,4.55394468541187e-08,0.194349322072098
"root8",14,"T2",6.49717167321546e-12,5.23108425022562e-11,2.31481481481481e-07,0.122113280490372,5.3206102130126e-08,0.194349322072098
"root8",14,"T3",4.44615365847226e-12,5.23108425022562e-11,2.31481481481481e-07,0.122113280490372,3.6410074650503e-08,0.194349322072098
"root8",14,"T1",6.76143584256427e-12,5.23108425022562e-11,2.31481481481481e-07,0.122113280490372,5.53701924591025e-08,0.194349322072098
"root8",14,"T2",7.25612434995193e-12,5.23108425022562e-11,3.47222222222222e-07,0.122113280490372,5.94212547629006e-08,0.194349322072098
"root8",14,"T3",4.68026563114537e-12,5.23108425022562e-11,3.47222222222222e-07,0.122113280490372,3.83272450985737e-08,0.194349322072098
"root8",14,"T1",7.60081351704421e-12,5.23108425022562e-11,3.47222222222222e-07,0.122113280490372,6.22439548468563e-08,0.194349322072098
"root8",14,"T2",7.83919670908547e-12,5.23108425022562e-11,4.62962962962963e-07,0.122113280490372,6.41961028121224e-08,0.194349322072098
"root8",14,"T3",4.83223353347373e-12,5.23108425022562e-11,4.62962962962963e-07,0.122113280490372,3.9571728104174e-08,0.194349322072098
"root8",14,"T1",8.25928597936143e-12,5.23108425022562e-11,4.62962962962963e-07,0.122113280490372,6.76362631991745e-08,0.194349322072098
"root8",14,"T2",8.31545710138671e-12,5.23108425022562e-11,5.78703703703704e-07,0.122113280490372,6.80962551165132e-08,0.194349322072098
"root8",14,"T3",4.9415558165835e-12,5.23108425022562e-11,5.78703703703704e-07,0.122113280490372,4.04669811239172e-08,0.194349322072098
"root8",14,"T1",8.80755719959593e-12,5.23108425022562e-11,5.78703703703704e-07,0.122113280490372,7.21261206334586e-08,0.194349322072098
"root8",14,"T2",8.71968170648652e-12,5.23108425022562e-11,6.94444444444444e-07,0.122113280490372,7.14064978966315e-08,0.194349322072098
"root8",14,"T3",5.02559163455621e-12,5.23108425022562e-11,6.94444444444444e-07,0.122113280490372,4.11551603099587e-08,0.194349322072098
"root8",14,"T1",9.28113691412517e-12,5.23108425022562e-11,6.94444444444444e-07,0.122113280490372,7.60043205526441e-08,0.194349322072098
"root8",14,"T2",9.07195036390087e-12,5.23108425022562e-11,8.10185185185185e-07,0.122113280490372,7.42912673172853e-08,0.194349322072098
"root8",14,"T3",5.09324113607661e-12,5.23108425022562e-11,8.10185185185185e-07,0.122113280490372,4.17091500254814e-08,0.194349322072098
"root8",14,"T1",9.70052394347225e-12,5.23108425022562e-11,8.10185185185185e-07,0.122113280490372,7.94387302062292e-08,0.194349322072098
"root8",14,"T2",9.38493508216163e-12,5.23108425022562e-11,9.25925925925926e-07,0.122113280490372,7.68543359450701e-08,0.194349322072098
"root8",14,"T3",5.14956831291112e-12,5.23108425022562e-11,9.25925925925926e-07,0.122113280490372,4.21704198939863e-08,0.194349322072098
"root8",14,"T1",1.00786693847557e-11,5.23108425022562e-11,9.25925925925926e-07,0.122113280490372,8.25354076500335e-08,0.194349322072098
"root8",14,"T2",9.66715133823514e-12,5.23108425022562e-11,1.04166666666667e-06,0.122113280490372,7.91654380212752e-08,0.194349322072098
"root8",14,"T3",5.19768205767751e-12,5.23108425022562e-11,1.04166666666667e-06,0.122113280490372,4.25644290023583e-08,0.194349322072098
"root8",14,"T1",1.04242931943516e-11,5.23108425022562e-11,1.04166666666667e-06,0.122113280490372,8.5365761631254e-08,0.194349322072098
"root8",14,"T2",9.9245971273826e-12,5.23108425022562e-11,1.15740740740741e-06,0.122113280490372,8.12736918337486e-08,0.194349322072098
"root8",14,"T3",5.23960559659561e-12,5.23108425022562e-11,1.15740740740741e-06,0.122113280490372,4.29077457878034e-08,0.194349322072098
"root8",14,"T1",1.07435524500269e-11,5.23108425022562e-11,1.15740740740741e-06,0.122113280490372,8.79802131830696e-08,0.194349322072098
"root8",15,"T2",6.66641411684754e-12,1.69859457443887e-10,1.15740740740741e-07,0.165357086300612,4.03152611477943e-08,0.263173976600155
"root8",15,"T3",5.05251336098052e-12,1.69859457443887e-10,1.15740740740741e-07,0.165357086300612,3.05551668453765e-08,0.263173976600155
"root8",15,"T1",6.84494519627801e-12,1.69859457443887e-10,1.15740740740741e-07,0.165357086300612,4.1394931111898e-08,0.263173976600155
"root8",15,"T2",7.93521688743485e-12,1.69859457443887e-10,2.31481481481481e-07,0.165357086300612,4.79883690802883e-08,0.263173976600155
"root8",15,"T3",5.55658053566975e-12,1.69859457443887e-10,2.31481481481481e-07,0.165357086300612,3.36035222921631e-08,0.263173976600155
"root8",15,"T1",8.19812831037997e-12,1.69859457443887e-10,2.31481481481481e-07,0.165357086300612,4.95783307131823e-08,0.263173976600155
"root8",15,"T2",8.80373317553831e-12,1.69859457443887e-10,3.47222222222222e-07,0.165357086300612,5.32407371978816e-08,0.263173976600155
"root8",15,"T3",5.82938804959221e-12,1.69859457443887e-10,3.47222222222222e-07,0.165357086300612,3.52533307160156e-08,0.263173976600155
"root8",15,"T1",9.14442801210982e-12,1.69859457443887e-10,3.47222222222222e-07,0.165357086300612,5.53010954455598e-08,0.263173976600155
"root8",15,"T2",9.47817124872258e-12,1.69859457443887e-10,4.62962962962963e-07,0.165357086300612,5.73194137655018e-08,0.263173976600155
"root8",15,"T3",6.00986165755753e-12,1.69859457443887e-10,4.62962962962963e-07,0.165357086300612,3.63447481569182e-08,0.263173976600155
"root8",15,"T1",9.89372987684968e-12,1.69859457443887e-10,4.62962962962963e-07,0.165357086300612,5.98325121601581e-08,0.263173976600155
"root8",15,"T2",1.00364620299431e-11,1.69859457443887e-10,5.78703703703704e-07,0.165357086300612,6.06956874632954e-08,0.263173976600155
"root8",15,"T3",6.14295323068579e-12,1.69859457443887e-10,5.78703703703704e-07,0.165357086300612,3.71496218766105e-08,0.263173976600155
"root8",15,"T1",1.05249980118404e-11,1.69859457443887e-10,5.78703703703704e-07,0.165357086300612,6.36501177379624e-08,0.263173976600155
"root8",15,"T2",1.05168867356124e-11,1.69859457443887e-10,6.94444444444444e-07,0.165357086300612,6.3601064646804e-08,0.263173976600155
"root8",15,"T3",6.24795058275501e-12,1.69859457443887e-10,6.94444444444444e-07,0.165357086300612,3.77845952812479e-08,0.263173976600155
"root8",15,"T1",1.10769307521598e-11,1.69859457443887e-10,6.94444444444444e-07,0.165357086300612,6.69879410672634e-08,0.263173976600155
"root8",15,"T2",1.09412096886522e-11,1.69859457443887e-10,8.10185185185185e-07,0.165357086300612,6.61671654564691e-08,0.263173976600155
"root8",15,"T3",6.33461563494587e-12,1.69859457443887e-10,8.10185185185185e-07,0.165357086300612,3.83087037674927e-08,0.263173976600155
"root8",15,"T1",1.15715030687285e-11,1.69859457443887e-10,8.10185185185185e-07,0.165357086300612,6.99788761861226e-08,0.263173976600155
"root8",15,"T2",1.13230270931569e-11,1.69859457443887e-10,9.25925925925926e-07,0.165357086300612,6.84762131849138e-08,0.263173976600155
"root8",15,"T3",6.40847015825628e-12,1.69859457443887e-10,9.25925925925926e-07,0.165357086300612,3.87553403463215e-08,0.263173976600155
"root8",15,"T1",1.20224356730895e-11,1.69859457443887e-10,9.25925925925926e-07,0.165357086300612,7.27058993482337e-08,0.263173976600155
"root8",15,"T2",1.16714151342065e-11,1.69859457443887e-10,1.04166666666667e-06,0.165357086300612,7.0583096227206e-08,0.263173976600155
"root8",15,"T3",6.4729008120602e-12,1.69859457443887e-10,1.04166666666667e-06,0.165357086300612,3.9144985902163e-08,0.263173976600155
"root8",15,"T1",1.24388875754227e-11,1.69859457443887e-10,1.04166666666667e-06,0.165357086300612,7.52243998349686e-08,0.263173976600155
"root8",15,"T2",1.19927410110295e-11,1.69859457443887e-10,1.15740740740741e-06,0.165357086300612,7.25263203369902e-08,0.263173976600155
"root8",15,"T3",6.53011742608299e-12,1.69859457443887e-10,1.15740740740741e-06,0.165357086300612,3.94910044206483e-08,0.263173976600155
"root8",15,"T1",1.28272863595216e-11,1.69859457443887e-10,1.15740740740741e-06,0.165357086300612,7.75732485767329e-08,0.263173976600155
"root8",21,"T2",7.09962873111592e-12,8.70690877637573e-10,1.15740740740741e-07,0.150625602774004,4.71342759820725e-08,0.23972809237679
"root8",21,"T3",5.30599308951178e-12,8.70690877637573e-10,1.15740740740741e-07,0.150625602774004,3.52263691682801e-08,0.23972809237679
"root8",21,"T1",7.32725495007789e-12,8.70690877637573e-10,1.15740740740741e-07,0.150625602774004,4.86454813466976e-08,0.23972809237679
"root8",21,"T2",8.59848638346867e-12,8.70690877637573e-10,2.31481481481481e-07,0.150625602774004,5.70851583337375e-08,0.23972809237679
"root8",21,"T3",5.86360348654734e-12,8.70690877637573e-10,2.31481481481481e-07,0.150625602774004,3.89283320933493e-08,0.23972809237679
"root8",21,"T1",8.94939108011511e-12,8.70690877637573e-10,2.31481481481481e-07,0.150625602774004,5.94148067479778e-08,0.23972809237679
"root8",21,"T2",9.64825997510386e-12,8.70690877637573e-10,3.47222222222222e-07,0.150625602774004,6.4054581674139e-08,0.23972809237679
"root8",21,"T3",6.16233853434828e-12,8.70690877637573e-10,3.47222222222222e-07,0.150625602774004,4.09116273784752e-08,0.23972809237679
"root8",21,"T1",1.01138480935583e-11,8.70690877637573e-10,3.47222222222222e-07,0.150625602774004,6.71456107547194e-08,0.23972809237679
"root8",21,"T2",1.04731641072967e-11,8.70690877637573e-10,4.62962962962963e-07,0.150625602774004,6.95311017145636e-08,0.23972809237679
"root8",21,"T3",6.35690552950336e-12,8.70690877637573e-10,4.62962962962963e-07,0.150625602774004,4.22033532973883e-08,0.23972809237679
"root8",21,"T1",1.1050418790925e-11,8.70690877637573e-10,4.62962962962963e-07,0.150625602774004,7.3363482617924e-08,0.23972809237679
"root8",21,"T2",1.11603097366834e-11,8.70690877637573e-10,5.78703703703704e-07,0.150625602774004,7.40930461432118e-08,0.23972809237679
"root8",21,"T3",6.49793980684458e-12,8.70690877637573e-10,5.78703703703704e-07,0.150625602774004,4.31396767028642e-08,0.23972809237679
"root8",21,"T1",1.1847550692933e-11,8.70690877637573e-10,5.78703703703704e-07,0.150625602774004,7.86556234447663e-08,0.23972809237679
"root8",21,"T2",1.17533953980682e-11,8.70690877637573e-10,6.94444444444444e-07,0.150625602774004,7.80305285529895e-08,0.23972809237679
"root8",21,"T3",6.60729428278166e-12,8.70690877637573e-10,6.94444444444444e-07,0.150625602774004,4.38656786170352e-08,0.23972809237679
"root8",21,"T1",1.2549338383312e-11,8.70690877637573e-10,6.94444444444444e-07,0.150625602774004,8.33147761880883e-08,0.23972809237679
"root8",21,"T2",1.22776935840809e-11,8.70690877637573e-10,8.10185185185185e-07,0.150625602774004,8.15113324558915e-08,0.23972809237679
"root8",21,"T3",6.69605841517081e-12,8.70690877637573e-10,8.10185185185185e-07,0.150625602774004,4.44549817019983e-08,0.23972809237679
"root8",21,"T1",1.31811758347573e-11,8.70690877637573e-10,8.10185185185185e-07,0.150625602774004,8.75095308633164e-08,0.23972809237679
"root8",21,"T2",1.27492230729399e-11,8.70690877637573e-10,9.25925925925926e-07,0.150625602774004,8.46418061613911e-08,0.23972809237679
"root8",21,"T3",6.77050979045506e-12,8.70690877637573e-10,9.25925925925926e-07,0.150625602774004,4.49492627134141e-08,0.23972809237679
"root8",21,"T1",1.3759110970999e-11,8.70690877637573e-10,9.25925925925926e-07,0.150625602774004,9.13464292763222e-08,0.23972809237679
"root8",21,"T2",1.3178813558606e-11,8.70690877637573e-10,1.04166666666667e-06,0.150625602774004,8.74938477649064e-08,0.23972809237679
"root8",21,"T3",6.83449684705761e-12,8.70690877637573e-10,1.04166666666667e-06,0.150625602774004,4.53740713476976e-08,0.23972809237679
"root8",21,"T1",1.42939704174192e-11,8.70690877637573e-10,1.04166666666667e-06,0.150625602774004,9.48973491503008e-08,0.23972809237679
"root8",21,"T2",1.35741481228861e-11,8.70690877637573e-10,1.15740740740741e-06,0.150625602774004,9.01184650743107e-08,0.23972809237679
"root8",21,"T3",6.89052724986266e-12,8.70690877637573e-10,1.15740740740741e-06,0.150625602774004,4.57460559357965e-08,0.23972809237679
"root8",21,"T1",1.47934242673595e-11,8.70690877637573e-10,1.15740740740741e-06,0.150625602774004,9.82132120629939e-08,0.23972809237679
"root8",23,"T2",7.46305879278470e-12,6.18808059711994e-10,1.15740740740741e-07,0.140750928030482,5.30231586904241e-08,0.224012059408228
"root8",23,"T3",5.72378862911792e-12,6.18808059711994e-10,1.15740740740741e-07,0.140750928030482,4.06660809218845e-08,0.224012059408228
"root8",23,"T1",7.72138094690098e-12,6.18808059711994e-10,1.15740740740741e-07,0.140750928030482,5.48584727287111e-08,0.224012059408228
"root8",23,"T2",8.92110601095832e-12,6.18808059711994e-10,2.31481481481481e-07,0.140750928030482,6.33822180485112e-08,0.224012059408228
"root8",23,"T3",6.26307696005161e-12,6.18808059711994e-10,2.31481481481481e-07,0.140750928030482,4.44975890936594e-08,0.224012059408228
"root8",23,"T1",9.33060619991803e-12,6.18808059711994e-10,2.31481481481481e-07,0.140750928030482,6.62916140623764e-08,0.224012059408228
"root8",23,"T2",9.92533192541465e-12,6.18808059711994e-10,3.47222222222222e-07,0.140750928030482,7.05169910017584e-08,0.224012059408228
"root8",23,"T3",6.54863155401436e-12,6.18808059711994e-10,3.47222222222222e-07,0.140750928030482,4.65263827787774e-08,0.224012059408228
"root8",23,"T1",1.04671312854229e-11,6.18808059711994e-10,3.47222222222222e-07,0.140750928030482,7.43663394045693e-08,0.224012059408228
"root8",23,"T2",1.06995471547291e-11,6.18808059711994e-10,4.62962962962963e-07,0.140750928030482,7.60175957945509e-08,0.224012059408228
"root8",23,"T3",6.73227883346189e-12,6.18808059711994e-10,4.62962962962963e-07,0.140750928030482,4.78311505839869e-08,0.224012059408228
"root8",23,"T1",1.13646125320926e-11,6.18808059711994e-10,4.62962962962963e-07,0.140750928030482,8.07427182976118e-08,0.224012059408228
"root8",23,"T2",1.13324758082e-11,6.18808059711994e-10,5.78703703703704e-07,0.140750928030482,8.05143949441368e-08,0.224012059408228
"root8",23,"T3",6.86359098460765e-12,6.18808059711994e-10,5.78703703703704e-07,0.140750928030482,4.87640904443715e-08,0.224012059408228
"root8",23,"T1",1.21150474003885e-11,6.18808059711994e-10,5.78703703703704e-07,0.140750928030482,8.60743695968016e-08,0.224012059408228
"root8",23,"T2",1.1869324513053e-11,6.18808059711994e-10,6.94444444444444e-07,0.140750928030482,8.43285701852177e-08,0.224012059408228
"root8",23,"T3",6.96405809075396e-12,6.18808059711994e-10,6.94444444444444e-07,0.140750928030482,4.94778840054665e-08,0.224012059408228
"root8",23,"T1",1.27650482441706e-11,6.18808059711994e-10,6.94444444444444e-07,0.140750928030482,9.0692462371588e-08,0.224012059408228
"root8",23,"T2",1.23364670650767e-11,6.18808059711994e-10,8.10185185185185e-07,0.140750928030482,8.76475007142048e-08,0.224012059408228
"root8",23,"T3",7.04462299252804e-12,6.18808059711994e-10,8.10185185185185e-07,0.140750928030482,5.00502774020957e-08,0.224012059408228
"root8",23,"T1",1.3341726475319e-11,6.18808059711994e-10,8.10185185185185e-07,0.140750928030482,9.47896163954925e-08,0.224012059408228
"root8",23,"T2",1.27506816754333e-11,6.18808059711994e-10,9.25925925925926e-07,0.140750928030482,9.05903915082669e-08,0.224012059408228
"root8",23,"T3",7.11148663690363e-12,6.18808059711994e-10,9.25925925925926e-07,0.140750928030482,5.05253268054014e-08,0.224012059408228
"root8",23,"T1",1.38623122882952e-11,6.18808059711994e-10,9.25925925925926e-07,0.140750928030482,9.84882478735281e-08,0.224012059408228
"root8",23,"T2",1.31233134174887e-11,6.18808059711994e-10,1.04166666666667e-06,0.140750928030482,9.32378464648323e-08,0.224012059408228
"root8",23,"T3",7.16844509658935e-12,6.18808059711994e-10,1.04166666666667e-06,0.140750928030482,5.09300023587546e-08,0.224012059408228
"root8",23,"T1",1.4338461962749e-11,6.18808059711994e-10,1.04166666666667e-06,0.140750928030482,1.01871171745623e-07,0.224012059408228
"root8",23,"T2",1.34623927941633e-11,6.18808059711994e-10,1.15740740740741e-06,0.140750928030482,9.5646920290627e-08,0.224012059408228
"root8",23,"T3",7.21796308257793e-12,6.18808059711994e-10,1.15740740740741e-06,0.140750928030482,5.12818152148507e-08,0.224012059408228
"root8",23,"T1",1.47784392538031e-11,6.18808059711994e-10,1.15740740740741e-06,0.140750928030482,1.0499709991683e-07,0.224012059408228
"root8",5,"T2",4.74735278721597e-12,5.79812494643362e-11,1.15740740740741e-07,0.103256649472567,4.59762428033968e-08,0.164338061706662
"root8",5,"T3",3.41486310449972e-12,5.79812494643362e-11,1.15740740740741e-07,0.103256649472567,3.30716048016546e-08,0.164338061706662
"root8",5,"T1",4.92040503724921e-12,5.79812494643362e-11,1.15740740740741e-07,0.103256649472567,4.76521857176515e-08,0.164338061706662
"root8",5,"T2",5.87569121880632e-12,5.79812494643362e-11,2.31481481481481e-07,0.103256649472567,5.69037563083757e-08,0.164338061706662
"root8",5,"T3",3.81012105018967e-12,5.79812494643362e-11,2.31481481481481e-07,0.103256649472567,3.68995224002686e-08,0.164338061706662
"root8",5,"T1",6.15485844928067e-12,5.79812494643362e-11,2.31481481481481e-07,0.103256649472567,5.96073810327913e-08,0.164338061706662
"root8",5,"T2",6.67350616896221e-12,5.79812494643362e-11,3.47222222222222e-07,0.103256649472567,6.4630280016351e-08,0.164338061706662
"root8",5,"T3",4.02245914666601e-12,5.79812494643362e-11,3.47222222222222e-07,0.103256649472567,3.89559332712484e-08,0.164338061706662
"root8",5,"T1",7.05107514219212e-12,5.79812494643362e-11,3.47222222222222e-07,0.103256649472567,6.82868868804951e-08,0.164338061706662
"root8",5,"T2",7.29586423919559e-12,5.79812494643362e-11,4.62962962962963e-07,0.103256649472567,7.06575729162502e-08,0.164338061706662
"root8",5,"T3",4.15845025079092e-12,5.79812494643362e-11,4.62962962962963e-07,0.103256649472567,4.0272953577636e-08,0.164338061706662
"root8",5,"T1",7.7675357942689e-12,5.79812494643362e-11,4.62962962962963e-07,0.103256649472567,7.52255262391848e-08,0.164338061706662
"root8",5,"T2",7.80722503092636e-12,5.79812494643362e-11,5.78703703703704e-07,0.103256649472567,7.5609900871329e-08,0.164338061706662
"root8",5,"T3",4.25467183679722e-12,5.79812494643362e-11,5.78703703703704e-07,0.103256649472567,4.12048217575333e-08,0.164338061706662
"root8",5,"T1",8.36958203300125e-12,5.79812494643362e-11,5.78703703703704e-07,0.103256649472567,8.10561070473709e-08,0.164338061706662
"root8",5,"T2",8.2415174661888e-12,5.79812494643362e-11,6.94444444444444e-07,0.103256649472567,7.98158521343304e-08,0.164338061706662
"root8",5,"T3",4.32734820951054e-12,5.79812494643362e-11,6.94444444444444e-07,0.103256649472567,4.19086638159823e-08,0.164338061706662
"root8",5,"T1",8.89151656026212e-12,5.79812494643362e-11,6.94444444444444e-07,0.103256649472567,8.6110837468384e-08,0.164338061706662
"root8",5,"T2",8.61907384682439e-12,5.79812494643362e-11,8.10185185185185e-07,0.103256649472567,8.3472337044156e-08,0.164338061706662
"root8",5,"T3",4.38483982848226e-12,5.79812494643362e-11,8.10185185185185e-07,0.103256649472567,4.24654475123873e-08,0.164338061706662
"root8",5,"T1",9.35391970454494e-12,5.79812494643362e-11,8.10185185185185e-07,0.103256649472567,9.05890298816065e-08,0.164338061706662
"root8",5,"T2",8.95312326953426e-12,5.79812494643362e-11,9.25925925925926e-07,0.103256649472567,8.67074741943172e-08,0.164338061706662
"root8",5,"T3",4.43191319809689e-12,5.79812494643362e-11,9.25925925925926e-07,0.103256649472567,4.29213345652316e-08,0.164338061706662
"root8",5,"T1",9.7702281737097e-12,5.79812494643362e-11,9.25925925925926e-07,0.103256649472567,9.46208135128908e-08,0.164338061706662
"root8",5,"T2",9.25277823625887e-12,5.79812494643362e-11,1.04166666666667e-06,0.103256649472567,8.96095145786919e-08,0.164338061706662
"root8",5,"T3",4.47149355792307e-12,5.79812494643362e-11,1.04166666666667e-06,0.103256649472567,4.33046547681275e-08,0.164338061706662
"root8",5,"T1",1.01497414436727e-11,5.79812494643362e-11,1.04166666666667e-06,0.103256649472567,9.82962501254634e-08,0.164338061706662
"root8",5,"T2",9.52458560902436e-12,5.79812494643362e-11,1.15740740740741e-06,0.103256649472567,9.22418619786306e-08,0.164338061706662
"root8",5,"T3",4.50548038015533e-12,5.79812494643362e-11,1.15740740740741e-06,0.103256649472567,4.36338037614937e-08,0.164338061706662
"root8",5,"T1",1.04991770956534e-11,5.79812494643362e-11,1.15740740740741e-06,0.103256649472567,1.01680396848852e-07,0.164338061706662
"root8",9,"T2",5.74954784146455e-12,3.4906918131591e-11,1.15740740740741e-07,0.14852748848778,3.87103283035557e-08,0.236388839778548
"root8",9,"T3",4.32125666428791e-12,3.4906918131591e-11,1.15740740740741e-07,0.14852748848778,2.90939859569728e-08,0.236388839778548
"root8",9,"T1",5.90495328636289e-12,3.4906918131591e-11,1.15740740740741e-07,0.14852748848778,3.97566359364429e-08,0.236388839778548
"root8",9,"T2",6.86356126830409e-12,3.4906918131591e-11,2.31481481481481e-07,0.14852748848778,4.62107138428372e-08,0.236388839778548
"root8",9,"T3",4.76179524882726e-12,3.4906918131591e-11,2.31481481481481e-07,0.14852748848778,3.2060026714981e-08,0.236388839778548
"root8",9,"T1",7.09276652611788e-12,3.4906918131591e-11,2.31481481481481e-07,0.14852748848778,4.77538979372255e-08,0.236388839778548
"root8",9,"T2",7.62269444720596e-12,3.4906918131591e-11,3.47222222222222e-07,0.14852748848778,5.13217756848633e-08,0.236388839778548
"root8",9,"T3",4.99991561948474e-12,3.4906918131591e-11,3.47222222222222e-07,0.14852748848778,3.36632341285169e-08,0.236388839778548
"root8",9,"T1",7.91922285934005e-12,3.4906918131591e-11,3.47222222222222e-07,0.14852748848778,5.33182304499251e-08,0.236388839778548
"root8",9,"T2",8.20794604919129e-12,3.4906918131591e-11,4.62962962962963e-07,0.14852748848778,5.52621345231095e-08,0.236388839778548
"root8",9,"T3",5.15642632861771e-12,3.4906918131591e-11,4.62962962962963e-07,0.14852748848778,3.47169832407282e-08,0.236388839778548
"root8",9,"T1",8.56857395492345e-12,3.4906918131591e-11,4.62962962962963e-07,0.14852748848778,5.76901558234348e-08,0.236388839778548
"root8",9,"T2",8.68873610442791e-12,3.4906918131591e-11,5.78703703703704e-07,0.14852748848778,5.84991787910207e-08,0.236388839778548
"root8",9,"T3",5.27097771986542e-12,3.4906918131591e-11,5.78703703703704e-07,0.14852748848778,3.54882303170372e-08,0.236388839778548
"root8",9,"T1",9.11121985667041e-12,3.4906918131591e-11,5.78703703703704e-07,0.14852748848778,6.1343660688237e-08,0.236388839778548
"root8",9,"T2",9.09948776192206e-12,3.4906918131591e-11,6.94444444444444e-07,0.14852748848778,6.12646713047377e-08,0.236388839778548
"root8",9,"T3",5.36071228832414e-12,3.4906918131591e-11,6.94444444444444e-07,0.14852748848778,3.60923916704159e-08,0.236388839778548
"root8",9,"T1",9.5820294004652e-12,3.4906918131591e-11,6.94444444444444e-07,0.14852748848778,6.45135085634573e-08,0.236388839778548
"root8",9,"T2",9.45989884545311e-12,3.4906918131591e-11,8.10185185185185e-07,0.14852748848778,6.36912327931231e-08,0.236388839778548
"root8",9,"T3",5.43433629803191e-12,3.4906918131591e-11,8.10185185185185e-07,0.14852748848778,3.65880844910336e-08,0.236388839778548
"root8",9,"T1",1.00009604749759e-11,3.4906918131591e-11,8.10185185185185e-07,0.14852748848778,6.7334071132555e-08,0.236388839778548
"root8",9,"T2",9.78232758697771e-12,3.4906918131591e-11,9.25925925925926e-07,0.14852748848778,6.58620682715075e-08,0.236388839778548
"root8",9,"T3",5.49677723824515e-12,3.4906918131591e-11,9.25925925925926e-07,0.14852748848778,3.70084843836661e-08,0.236388839778548
"root8",9,"T1",1.03805480893525e-11,3.4906918131591e-11,9.25925925925926e-07,0.14852748848778,6.98897436093555e-08,0.236388839778548
"root8",9,"T2",1.00750443641411e-11,3.4906918131591e-11,1.04166666666667e-06,0.14852748848778,6.78328602113946e-08,0.236388839778548
"root8",9,"T3",5.55105253915527e-12,3.4906918131591e-11,1.04166666666667e-06,0.14852748848778,3.73739069829622e-08,0.236388839778548
"root8",9,"T1",1.07291945243843e-11,3.4906918131591e-11,1.04166666666667e-06,0.14852748848778,7.22370965376358e-08,0.236388839778548
"root8",9,"T2",1.03438565703685e-11,3.4906918131591e-11,1.15740740740741e-06,0.14852748848778,6.96427084015463e-08,0.236388839778548
"root8",9,"T3",5.59912483374366e-12,3.4906918131591e-11,1.15740740740741e-06,0.14852748848778,3.76975662266337e-08,0.236388839778548
"root8",9,"T1",1.10528115135094e-11,3.4906918131591e-11,1.15740740740741e-06,0.14852748848778,7.44159322024675e-08,0.236388839778548
"root9",13,"T2",6.39542145455179e-12,1.81457450187744e-10,1.15740740740741e-07,0.141775921746432,4.51093625474013e-08,0.225643387573544
"root9",13,"T3",4.7641629751536e-12,1.81457450187744e-10,1.15740740740741e-07,0.141775921746432,3.36034702964186e-08,0.225643387573544
"root9",13,"T1",6.57964432104317e-12,1.81457450187744e-10,1.15740740740741e-07,0.141775921746432,4.64087571429156e-08,0.225643387573544
"root9",13,"T2",7.64591228049127e-12,1.81457450187744e-10,2.31481481481481e-07,0.141775921746432,5.3929554372188e-08,0.225643387573544
"root9",13,"T3",5.23235165992687e-12,1.81457450187744e-10,2.31481481481481e-07,0.141775921746432,3.69057848150337e-08,0.225643387573544
"root9",13,"T1",7.92197859999143e-12,1.81457450187744e-10,2.31481481481481e-07,0.141775921746432,5.58767560979782e-08,0.225643387573544
"root9",13,"T2",8.51801846971025e-12,1.81457450187744e-10,3.47222222222222e-07,0.141775921746432,6.00808541026087e-08,0.225643387573544
"root9",13,"T3",5.48791868951589e-12,1.81457450187744e-10,3.47222222222222e-07,0.141775921746432,3.87083971799605e-08,0.225643387573544
"root9",13,"T1",8.87934984273228e-12,1.81457450187744e-10,3.47222222222222e-07,0.141775921746432,6.2629462981825e-08,0.225643387573544
"root9",13,"T2",9.20180406937128e-12,1.81457450187744e-10,4.62962962962963e-07,0.141775921746432,6.49038564237221e-08,0.225643387573544
"root9",13,"T3",5.6566976082609e-12,1.81457450187744e-10,4.62962962962963e-07,0.141775921746432,3.9898859683508e-08,0.225643387573544
"root9",13,"T1",9.64617197923155e-12,1.81457450187744e-10,4.62962962962963e-07,0.141775921746432,6.80381538727278e-08,0.225643387573544
"root9",13,"T2",9.77083880715943e-12,1.81457450187744e-10,5.78703703703704e-07,0.141775921746432,6.89174768663095e-08,0.225643387573544
"root9",13,"T3",5.78038566833916e-12,1.81457450187744e-10,5.78703703703704e-07,0.141775921746432,4.0771279051724e-08,0.225643387573544
"root9",13,"T1",1.02970034668943e-11,1.81457450187744e-10,5.78703703703704e-07,0.141775921746432,7.26287181917293e-08,0.225643387573544
"root9",13,"T2",1.02618610242111e-11,1.81457450187744e-10,6.94444444444444e-07,0.141775921746432,7.23808450532566e-08,0.225643387573544
"root9",13,"T3",5.87715198099049e-12,1.81457450187744e-10,6.94444444444444e-07,0.141775921746432,4.14538090008108e-08,0.225643387573544
"root9",13,"T1",1.08688564414015e-11,1.81457450187744e-10,6.94444444444444e-07,0.141775921746432,7.6662216739741e-08,0.225643387573544
"root9",13,"T2",1.06960342420889e-11,1.81457450187744e-10,8.10185185185185e-07,0.141775921746432,7.54432354262449e-08,0.225643387573544
"root9",13,"T3",5.95629148814623e-12,1.81457450187744e-10,8.10185185185185e-07,0.141775921746432,4.20120103242858e-08,0.225643387573544
"root9",13,"T1",1.13829685651306e-11,1.81457450187744e-10,8.10185185185185e-07,0.141775921746432,8.02884469020713e-08,0.225643387573544
"root9",13,"T2",1.10867306940361e-11,1.81457450187744e-10,9.25925925925926e-07,0.141775921746432,7.81989674795759e-08,0.225643387573544
"root9",13,"T3",6.02310321248914e-12,1.81457450187744e-10,9.25925925925926e-07,0.141775921746432,4.24832590632811e-08,0.225643387573544
"root9",13,"T1",1.18527239676066e-11,1.81457450187744e-10,9.25925925925926e-07,0.141775921746432,8.3601812082064e-08,0.225643387573544
"root9",13,"T2",1.14429686083748e-11,1.81457450187744e-10,1.04166666666667e-06,0.141775921746432,8.07116502394578e-08,0.225643387573544
"root9",13,"T3",6.08085605967212e-12,1.81457450187744e-10,1.04166666666667e-06,0.141775921746432,4.28906120642108e-08,0.225643387573544
"root9",13,"T1",1.22871343138218e-11,1.81457450187744e-10,1.04166666666667e-06,0.141775921746432,8.66658750122426e-08,0.225643387573544
"root9",13,"T2",1.17711333858408e-11,1.81457450187744e-10,1.15740740740741e-06,0.141775921746432,8.30263223884632e-08,0.225643387573544
"root9",13,"T3",6.1316919111078e-12,1.81457450187744e-10,1.15740740740741e-06,0.141775921746432,4.32491768388881e-08,0.225643387573544
"root9",13,"T1",1.26925752641692e-11,1.81457450187744e-10,1.15740740740741e-06,0.141775921746432,8.95256056728027e-08,0.225643387573544
"root9",14,"T2",5.34678611676459e-12,2.36703989098441e-11,1.15740740740741e-07,0.122142147533571,4.37751114151241e-08,0.194395265398274
"root9",14,"T3",4.01739809543851e-12,2.36703989098441e-11,1.15740740740741e-07,0.122142147533571,3.28911696458778e-08,0.194395265398274
"root9",14,"T1",5.5182170310929e-12,2.36703989098441e-11,1.15740740740741e-07,0.122142147533571,4.51786475227661e-08,0.194395265398274
"root9",14,"T2",6.40766542796883e-12,2.36703989098441e-11,2.31481481481481e-07,0.122142147533571,5.24607234878334e-08,0.194395265398274
"root9",14,"T3",4.4252639533137e-12,2.36703989098441e-11,2.31481481481481e-07,0.122142147533571,3.62304416835098e-08,0.194395265398274
"root9",14,"T1",6.66585460994073e-12,2.36703989098441e-11,2.31481481481481e-07,0.122142147533571,5.45745653285538e-08,0.194395265398274
"root9",14,"T2",7.13176861896224e-12,2.36703989098441e-11,3.47222222222222e-07,0.122142147533571,5.83890881483155e-08,0.194395265398274
"root9",14,"T3",4.64461903240835e-12,2.36703989098441e-11,3.47222222222222e-07,0.122142147533571,3.80263416535375e-08,0.194395265398274
"root9",14,"T1",7.46703679282925e-12,2.36703989098441e-11,3.47222222222222e-07,0.122142147533571,6.11339897292777e-08,0.194395265398274
"root9",14,"T2",7.68735631921426e-12,2.36703989098441e-11,4.62962962962963e-07,0.122142147533571,6.29377858048662e-08,0.194395265398274
"root9",14,"T3",4.78715971021216e-12,2.36703989098441e-11,4.62962962962963e-07,0.122142147533571,3.91933481347738e-08,0.194395265398274
"root9",14,"T1",8.09483645010651e-12,2.36703989098441e-11,4.62962962962963e-07,0.122142147533571,6.62738998254605e-08,0.194395265398274
"root9",14,"T2",8.14090242538481e-12,2.36703989098441e-11,5.78703703703704e-07,0.122142147533571,6.66510503521912e-08,0.194395265398274
"root9",14,"T3",4.89018740161245e-12,2.36703989098441e-11,5.78703703703704e-07,0.122142147533571,4.00368546022852e-08,0.194395265398274
"root9",14,"T1",8.61724162907575e-12,2.36703989098441e-11,5.78703703703704e-07,0.122142147533571,7.0550926138803e-08,0.194395265398274
"root9",14,"T2",8.52593547438618e-12,2.36703989098441e-11,6.94444444444444e-07,0.122142147533571,6.98033860264559e-08,0.194395265398274
"root9",14,"T3",4.96995525233528e-12,2.36703989098441e-11,6.94444444444444e-07,0.122142147533571,4.06899285193039e-08,0.194395265398274
"root9",14,"T1",9.06849779267817e-12,2.36703989098441e-11,6.94444444444444e-07,0.122142147533571,7.42454425093981e-08,0.194395265398274
"root9",14,"T2",8.86182768066657e-12,2.36703989098441e-11,8.10185185185185e-07,0.122142147533571,7.25533966744025e-08,0.194395265398274
"root9",14,"T3",5.03473652309824e-12,2.36703989098441e-11,8.10185185185185e-07,0.122142147533571,4.12203045776188e-08,0.194395265398274
"root9",14,"T1",9.46841322859231e-12,2.36703989098441e-11,8.10185185185185e-07,0.122142147533571,7.75196229949199e-08,0.194395265398274
"root9",14,"T2",9.16079388897011e-12,2.36703989098441e-11,9.25925925925926e-07,0.122142147533571,7.50010874538803e-08,0.194395265398274
"root9",14,"T3",5.08920827493764e-12,2.36703989098441e-11,9.25925925925926e-07,0.122142147533571,4.16662747274757e-08,0.194395265398274
"root9",14,"T1",9.82950806232043e-12,2.36703989098441e-11,9.25925925925926e-07,0.122142147533571,8.04759721423661e-08,0.194395265398274
"root9",14,"T2",9.43102355637193e-12,2.36703989098441e-11,1.04166666666667e-06,0.122142147533571,7.72135069409992e-08,0.194395265398274
"root9",14,"T3",5.13622476989669e-12,2.36703989098441e-11,1.04166666666667e-06,0.122142147533571,4.20512073318917e-08,0.194395265398274
"root9",14,"T1",1.01602025562128e-11,2.36703989098441e-11,1.04166666666667e-06,0.122142147533571,8.31834281726566e-08,0.194395265398274
"root9",14,"T2",9.67826497503043e-12,2.36703989098441e-11,1.15740740740741e-06,0.122142147533571,7.92377174502384e-08,0.194395265398274
"root9",14,"T3",5.17763314913471e-12,2.36703989098441e-11,1.15740740740741e-06,0.122142147533571,4.23902252718426e-08,0.194395265398274
"root9",14,"T1",1.04664273688616e-11,2.36703989098441e-11,1.15740740740741e-06,0.122142147533571,8.56905464674668e-08,0.194395265398274
"root9",15,"T2",6.36306342961390e-12,5.30317098965005e-10,1.15740740740741e-07,0.131112440373678,4.85313476850771e-08,0.208671929863122
"root9",15,"T3",4.67333188716814e-12,5.30317098965005e-10,1.15740740740741e-07,0.131112440373678,3.56436953949516e-08,0.208671929863122
"root9",15,"T1",6.60524955985771e-12,5.30317098965005e-10,1.15740740740741e-07,0.131112440373678,5.03785113070306e-08,0.208671929863122
"root9",15,"T2",7.82613401976924e-12,5.30317098965005e-10,2.31481481481481e-07,0.131112440373678,5.96902475269647e-08,0.208671929863122
"root9",15,"T3",5.21170648431235e-12,5.30317098965005e-10,2.31481481481481e-07,0.131112440373678,3.97499006917932e-08,0.208671929863122
"root9",15,"T1",8.21454878753226e-12,5.30317098965005e-10,2.31481481481481e-07,0.131112440373678,6.26527030091143e-08,0.208671929863122
"root9",15,"T2",8.84933770214162e-12,5.30317098965005e-10,3.47222222222222e-07,0.131112440373678,6.74942642888844e-08,0.208671929863122
"root9",15,"T3",5.50058441307758e-12,5.30317098965005e-10,3.47222222222222e-07,0.131112440373678,4.19531845902692e-08,0.208671929863122
"root9",15,"T1",9.37290637800034e-12,5.30317098965005e-10,3.47222222222222e-07,0.131112440373678,7.14875442123343e-08,0.208671929863122
"root9",15,"T2",9.64324785243699e-12,5.30317098965005e-10,4.62962962962963e-07,0.131112440373678,7.35494498077618e-08,0.208671929863122
"root9",15,"T3",5.68605805939176e-12,5.30317098965005e-10,4.62962962962963e-07,0.131112440373678,4.33677997540597e-08,0.208671929863122
"root9",15,"T1",1.02958125821646e-11,5.30317098965005e-10,4.62962962962963e-07,0.131112440373678,7.85265879638954e-08,0.208671929863122
"root9",15,"T2",1.02938707804583e-11,5.30317098965005e-10,5.78703703703704e-07,0.131112440373678,7.85117777620508e-08,0.208671929863122
"root9",15,"T3",5.81782775402484e-12,5.30317098965005e-10,5.78703703703704e-07,0.131112440373678,4.43728126594524e-08,0.208671929863122
"root9",15,"T1",1.10706346299168e-11,5.30317098965005e-10,5.78703703703704e-07,0.131112440373678,8.44361877359985e-08,0.208671929863122
"root9",15,"T2",1.08458425788743e-11,5.30317098965005e-10,6.94444444444444e-07,0.131112440373678,8.27216894747979e-08,0.208671929863122
"root9",15,"T3",5.91781219100084e-12,5.30317098965005e-10,6.94444444444444e-07,0.131112440373678,4.51353980913995e-08,0.208671929863122
"root9",15,"T1",1.17426162797389e-11,5.30317098965005e-10,6.94444444444444e-07,0.131112440373678,8.95614195439564e-08,0.208671929863122
"root9",15,"T2",1.13256111119115e-11,5.30317098965005e-10,8.10185185185185e-07,0.131112440373678,8.63809038992248e-08,0.208671929863122
"root9",15,"T3",5.99726815462028e-12,5.30317098965005e-10,8.10185185185185e-07,0.131112440373678,4.5741412008866e-08,0.208671929863122
"root9",15,"T1",1.23386002618233e-11,5.30317098965005e-10,8.10185185185185e-07,0.131112440373678,9.4107014000026e-08,0.208671929863122
"root9",15,"T2",1.17502286294325e-11,5.30317098965005e-10,9.25925925925926e-07,0.131112440373678,8.96194792495941e-08,0.208671929863122
"root9",15,"T3",6.06260325411025e-12,5.30317098965005e-10,9.25925925925926e-07,0.131112440373678,4.62397255121748e-08,0.208671929863122
"root9",15,"T1",1.28759516828472e-11,5.30317098965005e-10,9.25925925925926e-07,0.131112440373678,9.82054154903229e-08,0.208671929863122
"root9",15,"T2",1.21313554321743e-11,5.30317098965005e-10,1.04166666666667e-06,0.131112440373678,9.2526349121405e-08,0.208671929863122
"root9",15,"T3",6.11774891895196e-12,5.30317098965005e-10,1.04166666666667e-06,0.131112440373678,4.66603237764168e-08,0.208671929863122
"root9",15,"T1",1.33665987042645e-11,5.30317098965005e-10,1.04166666666667e-06,0.131112440373678,1.01947600595099e-07,0.208671929863122
"root9",15,"T2",1.24773198738362e-11,5.30317098965005e-10,1.15740740740741e-06,0.131112440373678,9.51650342124294e-08,0.208671929863122
"root9",15,"T3",6.16525990983028e-12,5.30317098965005e-10,1.15740740740741e-06,0.131112440373678,4.70226920668926e-08,0.208671929863122
"root9",15,"T1",1.38191051322945e-11,5.30317098965005e-10,1.15740740740741e-06,0.131112440373678,1.05398885818228e-07,0.208671929863122
"root9",16,"T2",6.18879933725257e-12,2.80889036885146e-10,1.15740740740741e-07,0.134029604359809,4.61748683569821e-08,0.213314740545147
"root9",16,"T3",4.61291209652138e-12,2.80889036885146e-10,1.15740740740741e-07,0.134029604359809,3.44171134321772e-08,0.213314740545147
"root9",16,"T1",6.38773741535807e-12,2.80889036885146e-10,1.15740740740741e-07,0.134029604359809,4.76591529600421e-08,0.213314740545147
"root9",16,"T2",7.46604196514066e-12,2.80889036885146e-10,2.31481481481481e-07,0.134029604359809,5.57044244128163e-08,0.213314740545147
"root9",16,"T3",5.08392737606503e-12,2.80889036885146e-10,2.31481481481481e-07,0.134029604359809,3.79313764324558e-08,0.213314740545147
"root9",16,"T1",7.77014356257741e-12,2.80889036885146e-10,2.31481481481481e-07,0.134029604359809,5.79733380523759e-08,0.213314740545147
"root9",16,"T2",8.35441691429049e-12,2.80889036885146e-10,3.47222222222222e-07,0.134029604359809,6.23326238572088e-08,0.213314740545147
"root9",16,"T3",5.33672590157627e-12,2.80889036885146e-10,3.47222222222222e-07,0.134029604359809,3.9817515891859e-08,0.213314740545147
"root9",16,"T1",8.7549066531954e-12,2.80889036885146e-10,3.47222222222222e-07,0.134029604359809,6.5320693103685e-08,0.213314740545147
"root9",16,"T2",9.04631094595977e-12,2.80889036885146e-10,4.62962962962963e-07,0.134029604359809,6.74948716678631e-08,0.213314740545147
"root9",16,"T3",5.50103116748078e-12,2.80889036885146e-10,4.62962962962963e-07,0.134029604359809,4.10434037596126e-08,0.213314740545147
"root9",16,"T1",9.53937671202272e-12,2.80889036885146e-10,4.62962962962963e-07,0.134029604359809,7.11736541907099e-08,0.213314740545147
"root9",16,"T2",9.61763548053078e-12,2.80889036885146e-10,5.78703703703704e-07,0.134029604359809,7.17575458531667e-08,0.213314740545147
"root9",16,"T3",5.6198007420056e-12,2.80889036885146e-10,5.78703703703704e-07,0.134029604359809,4.19295480938597e-08,0.213314740545147
"root9",16,"T1",1.02007730835554e-11,2.80889036885146e-10,5.78703703703704e-07,0.134029604359809,7.61083577936328e-08,0.213314740545147
"root9",16,"T2",1.01068444595741e-11,2.80889036885146e-10,6.94444444444444e-07,0.134029604359809,7.54075527406748e-08,0.213314740545147
"root9",16,"T3",5.71168278326368e-12,2.80889036885146e-10,6.94444444444444e-07,0.134029604359809,4.26150835149105e-08,0.213314740545147
"root9",16,"T1",1.07780398446631e-11,2.80889036885146e-10,6.94444444444444e-07,0.134029604359809,8.04153671582058e-08,0.213314740545147
"root9",16,"T2",1.05363096479488e-11,2.80889036885146e-10,8.10185185185185e-07,0.134029604359809,7.86118089229272e-08,0.213314740545147
"root9",16,"T3",5.78616240257396e-12,2.80889036885146e-10,8.10185185185185e-07,0.134029604359809,4.31707788007844e-08,0.213314740545147
"root9",16,"T1",1.12937897604473e-11,2.80889036885146e-10,8.10185185185185e-07,0.134029604359809,8.42633969889855e-08,0.213314740545147
"root9",16,"T2",1.09202542795148e-11,2.80889036885146e-10,9.25925925925926e-07,0.134029604359809,8.14764344912851e-08,0.213314740545147
"root9",16,"T3",5.84860843281539e-12,2.80889036885146e-10,9.25925925925926e-07,0.134029604359809,4.36366910187582e-08,0.213314740545147
"root9",16,"T1",1.17623928364968e-11,2.80889036885146e-10,9.25925925925926e-07,0.134029604359809,8.77596624468133e-08,0.213314740545147
"root9",16,"T2",1.12683011876926e-11,2.80889036885146e-10,1.04166666666667e-06,0.134029604359809,8.40732257736304e-08,0.213314740545147
"root9",16,"T3",5.90230612090151e-12,2.80889036885146e-10,1.04166666666667e-06,0.134029604359809,4.40373315215979e-08,0.213314740545147
"root9",16,"T1",1.21935762000109e-11,2.80889036885146e-10,1.04166666666667e-06,0.134029604359809,9.09767379994395e-08,0.213314740545147
"root9",16,"T2",1.15872696679689e-11,2.80889036885146e-10,1.15740740740741e-06,0.134029604359809,8.64530617941866e-08,0.213314740545147
"root9",16,"T3",5.94938947211347e-12,2.80889036885146e-10,1.15740740740741e-06,0.134029604359809,4.4388622204256e-08,0.213314740545147
"root9",16,"T1",1.25942411551859e-11,2.80889036885146e-10,1.15740740740741e-06,0.134029604359809,9.39661145412026e-08,0.213314740545147
"root9",2,"T2",3.90263363769876e-12,3.76498629248118e-11,1.15740740740741e-07,0.103460296193428,3.77210754394367e-08,0.164662175529357
"root9",2,"T3",2.71427051843497e-12,3.76498629248118e-11,1.15740740740741e-07,0.103460296193428,2.62348999403637e-08,0.164662175529357
"root9",2,"T1",4.02272862706435e-12,3.76498629248118e-11,1.15740740740741e-07,0.103460296193428,3.88818587909656e-08,0.164662175529357
"root9",2,"T2",4.878344942522e-12,3.76498629248118e-11,2.31481481481481e-07,0.103460296193428,4.71518555620749e-08,0.164662175529357
"root9",2,"T3",3.04538539943319e-12,3.76498629248118e-11,2.31481481481481e-07,0.103460296193428,2.94353052473345e-08,0.164662175529357
"root9",2,"T1",5.07159755848361e-12,3.76498629248118e-11,2.31481481481481e-07,0.103460296193428,4.90197471405052e-08,0.164662175529357
"root9",2,"T2",5.5750810065553e-12,3.76498629248118e-11,3.47222222222222e-07,0.103460296193428,5.38861883415856e-08,0.164662175529357
"root9",2,"T3",3.22140271142382e-12,3.76498629248118e-11,3.47222222222222e-07,0.103460296193428,3.11366082443948e-08,0.164662175529357
"root9",2,"T1",5.83811485749189e-12,3.76498629248118e-11,3.47222222222222e-07,0.103460296193428,5.6428553486615e-08,0.164662175529357
"root9",2,"T2",6.12506045523696e-12,3.76498629248118e-11,4.62962962962963e-07,0.103460296193428,5.92020386621127e-08,0.164662175529357
"root9",2,"T3",3.33368500327078e-12,3.76498629248118e-11,4.62962962962963e-07,0.103460296193428,3.22218776277053e-08,0.164662175529357
"root9",2,"T1",6.45595262850012e-12,3.76498629248118e-11,4.62962962962963e-07,0.103460296193428,6.24002913777683e-08,0.164662175529357
"root9",2,"T2",6.58233138157462e-12,3.76498629248118e-11,5.78703703703704e-07,0.103460296193428,6.36218107211715e-08,0.164662175529357
"root9",2,"T3",3.4130588553565e-12,3.76498629248118e-11,5.78703703703704e-07,0.103460296193428,3.29890690528808e-08,0.164662175529357
"root9",2,"T1",6.97944537642977e-12,3.76498629248118e-11,5.78703703703704e-07,0.103460296193428,6.74601333383107e-08,0.164662175529357
"root9",2,"T2",6.97513889311247e-12,3.76498629248118e-11,6.94444444444444e-07,0.103460296193428,6.74185088361998e-08,0.164662175529357
"root9",2,"T3",3.47304871161084e-12,3.76498629248118e-11,6.94444444444444e-07,0.103460296193428,3.35689036219042e-08,0.164662175529357
"root9",2,"T1",7.43694777802534e-12,3.76498629248118e-11,6.94444444444444e-07,0.103460296193428,7.18821427315588e-08,0.164662175529357
"root9",2,"T2",7.32036429130427e-12,3.76498629248118e-11,8.10185185185185e-07,0.103460296193428,7.07552999618154e-08,0.164662175529357
"root9",2,"T3",3.52057423120754e-12,3.76498629248118e-11,8.10185185185185e-07,0.103460296193428,3.40282636019669e-08,0.164662175529357
"root9",2,"T1",7.84542664742711e-12,3.76498629248118e-11,8.10185185185185e-07,0.103460296193428,7.58303130387274e-08,0.164662175529357
"root9",2,"T2",7.62898426483766e-12,3.76498629248118e-11,9.25925925925926e-07,0.103460296193428,7.37382797607172e-08,0.164662175529357
"root9",2,"T3",3.55956137198339e-12,3.76498629248118e-11,9.25925925925926e-07,0.103460296193428,3.44050955095709e-08,0.164662175529357
"root9",2,"T1",8.21594369952329e-12,3.76498629248118e-11,9.25925925925926e-07,0.103460296193428,7.94115617469611e-08,0.164662175529357
"root9",2,"T2",7.90856175625177e-12,3.76498629248118e-11,1.04166666666667e-06,0.103460296193428,7.64405481834889e-08,0.164662175529357
"root9",2,"T3",3.59241130955432e-12,3.76498629248118e-11,1.04166666666667e-06,0.103460296193428,3.47226080122368e-08,0.164662175529357
"root9",2,"T1",8.55614675967952e-12,3.76498629248118e-11,1.04166666666667e-06,0.103460296193428,8.26998092455009e-08,0.164662175529357
"root9",2,"T2",8.16453395862812e-12,3.76498629248118e-11,1.15740740740741e-06,0.103460296193428,7.89146586567258e-08,0.164662175529357
"root9",2,"T3",3.62067941969639e-12,3.76498629248118e-11,1.15740740740741e-06,0.103460296193428,3.49958346622865e-08,0.164662175529357
"root9",2,"T1",8.87155498406081e-12,3.76498629248118e-11,1.15740740740741e-06,0.103460296193428,8.57484011786963e-08,0.164662175529357
"root9",23,"T2",7.04509164083371e-12,6.3527514371841e-10,1.15740740740741e-07,0.160498302651048,4.38951161754713e-08,0.255440982247733
"root9",23,"T3",5.30272531344357e-12,6.3527514371841e-10,1.15740740740741e-07,0.160498302651048,3.30391364011659e-08,0.255440982247733
"root9",23,"T1",7.23126667746131e-12,6.3527514371841e-10,1.15740740740741e-07,0.160498302651048,4.50550975182795e-08,0.255440982247733
"root9",23,"T2",8.4410274291544e-12,6.3527514371841e-10,2.31481481481481e-07,0.160498302651048,5.2592627396856e-08,0.255440982247733
"root9",23,"T3",5.82650770183604e-12,6.3527514371841e-10,2.31481481481481e-07,0.160498302651048,3.63026125859032e-08,0.255440982247733
"root9",23,"T1",8.72351767481314e-12,6.3527514371841e-10,2.31481481481481e-07,0.160498302651048,5.43527098462818e-08,0.255440982247733
"root9",23,"T2",9.42770454141867e-12,6.3527514371841e-10,3.47222222222222e-07,0.160498302651048,5.87402133586184e-08,0.255440982247733
"root9",23,"T3",6.11233762281379e-12,6.3527514371841e-10,3.47222222222222e-07,0.160498302651048,3.80835032012962e-08,0.255440982247733
"root9",23,"T1",9.80233095906755e-12,6.3527514371841e-10,3.47222222222222e-07,0.160498302651048,6.10743590253385e-08,0.255440982247733
"root9",23,"T2",1.02130626683442e-11,6.3527514371841e-10,4.62962962962963e-07,0.160498302651048,6.36334621590933e-08,0.255440982247733
"root9",23,"T3",6.30244225832087e-12,6.3527514371841e-10,4.62962962962963e-07,0.160498302651048,3.92679682851444e-08,0.255440982247733
"root9",23,"T1",1.06796081169692e-11,6.3527514371841e-10,4.62962962962963e-07,0.160498302651048,6.65403181252865e-08,0.255440982247733
"root9",23,"T2",1.0875376494103e-11,6.3527514371841e-10,5.78703703703704e-07,0.160498302651048,6.77600716921477e-08,0.255440982247733
"root9",23,"T3",6.44285786742687e-12,6.3527514371841e-10,5.78703703703704e-07,0.160498302651048,4.0142841145397e-08,0.255440982247733
"root9",23,"T1",1.14342577048067e-11,6.3527514371841e-10,5.78703703703704e-07,0.160498302651048,7.12422344407396e-08,0.255440982247733
"root9",23,"T2",1.14532086289045e-11,6.3527514371841e-10,6.94444444444444e-07,0.160498302651048,7.13603099828774e-08,0.255440982247733
"root9",23,"T3",6.55344016735253e-12,6.3527514371841e-10,6.94444444444444e-07,0.160498302651048,4.08318347241396e-08,0.255440982247733
"root9",23,"T1",1.21048093751727e-11,6.3527514371841e-10,6.94444444444444e-07,0.160498302651048,7.54201706512169e-08,0.255440982247733
"root9",23,"T2",1.19686696115016e-11,6.3527514371841e-10,8.10185185185185e-07,0.160498302651048,7.45719388542295e-08,0.255440982247733
"root9",23,"T3",6.64432125896882e-12,6.3527514371841e-10,8.10185185185185e-07,0.160498302651048,4.13980780433221e-08,0.255440982247733
"root9",23,"T1",1.27131869654798e-11,6.3527514371841e-10,8.10185185185185e-07,0.160498302651048,7.92107253191367e-08,0.255440982247733
"root9",23,"T2",1.24357477378219e-11,6.3527514371841e-10,9.25925925925926e-07,0.160498302651048,7.74821137196659e-08,0.255440982247733
"root9",23,"T3",6.72129067005017e-12,6.3527514371841e-10,9.25925925925926e-07,0.160498302651048,4.18776433085617e-08,0.255440982247733
"root9",23,"T1",1.32731712608756e-11,6.3527514371841e-10,9.25925925925926e-07,0.160498302651048,8.26997609422316e-08,0.255440982247733
"root9",23,"T2",1.28639273322858e-11,6.3527514371841e-10,1.04166666666667e-06,0.160498302651048,8.01499275681083e-08,0.255440982247733
"root9",23,"T3",6.78793899919236e-12,6.3527514371841e-10,1.04166666666667e-06,0.160498302651048,4.2292902087261e-08,0.255440982247733
"root9",23,"T1",1.37940566398767e-11,6.3527514371841e-10,1.04166666666667e-06,0.160498302651048,8.59451870333322e-08,0.255440982247733
"root9",23,"T2",1.32599785497114e-11,6.3527514371841e-10,1.15740740740741e-06,0.160498302651048,8.26175624956045e-08,0.255440982247733
"root9",23,"T3",6.84663586195853e-12,6.3527514371841e-10,1.15740740740741e-06,0.160498302651048,4.26586184954513e-08,0.255440982247733
"root9",23,"T1",1.42824507466144e-11,6.3527514371841e-10,1.15740740740741e-06,0.160498302651048,8.89881731501361e-08,0.255440982247733
"root9",26,"T2",8.26881420280677e-12,1.24473894446453e-09,1.15740740740741e-07,0.157879726985209,5.23741354302028e-08,0.251273389636949
"root9",26,"T3",6.46020109183637e-12,1.24473894446453e-09,1.15740740740741e-07,0.157879726985209,4.09184967265721e-08,0.251273389636949
"root9",26,"T1",8.54435325122732e-12,1.24473894446453e-09,1.15740740740741e-07,0.157879726985209,5.41193819775721e-08,0.251273389636949
"root9",26,"T2",9.76527953969367e-12,1.24473894446453e-09,2.31481481481481e-07,0.157879726985209,6.18526502811126e-08,0.251273389636949
"root9",26,"T3",7.06452701608887e-12,1.24473894446453e-09,2.31481481481481e-07,0.157879726985209,4.47462581231263e-08,0.251273389636949
"root9",26,"T1",1.01925851841932e-11,1.24473894446453e-09,2.31481481481481e-07,0.157879726985209,6.45591766519087e-08,0.251273389636949
"root9",26,"T2",1.0778040356633e-11,1.24473894446453e-09,3.47222222222222e-07,0.157879726985209,6.82674119245391e-08,0.251273389636949
"root9",26,"T3",7.39440062661675e-12,1.24473894446453e-09,3.47222222222222e-07,0.157879726985209,4.68356562797293e-08,0.251273389636949
"root9",26,"T1",1.13344886906293e-11,1.24473894446453e-09,3.47222222222222e-07,0.157879726985209,7.17919197547836e-08,0.251273389636949
"root9",26,"T2",1.15511579841477e-11,1.24473894446453e-09,4.62962962962963e-07,0.157879726985209,7.3164289074492e-08,0.251273389636949
"root9",26,"T3",7.61248534097645e-12,1.24473894446453e-09,4.62962962962963e-07,0.157879726985209,4.82169907836845e-08,0.251273389636949
"root9",26,"T1",1.22256569162274e-11,1.24473894446453e-09,4.62962962962963e-07,0.157879726985209,7.74365217731391e-08,0.251273389636949
"root9",26,"T2",1.21803203178005e-11,1.24473894446453e-09,5.78703703703704e-07,0.157879726985209,7.71493626850624e-08,0.251273389636949
"root9",26,"T3",7.77260041709092e-12,1.24473894446453e-09,5.78703703703704e-07,0.157879726985209,4.92311493407833e-08,0.251273389636949
"root9",26,"T1",1.29658977878741e-11,1.24473894446453e-09,5.78703703703704e-07,0.157879726985209,8.21251596735332e-08,0.251273389636949
"root9",26,"T2",1.2713526330763e-11,1.24473894446453e-09,6.94444444444444e-07,0.157879726985209,8.05266551541102e-08,0.251273389636949
"root9",26,"T3",7.89827204124087e-12,1.24473894446453e-09,6.94444444444444e-07,0.157879726985209,5.00271452963737e-08,0.251273389636949
"root9",26,"T1",1.36051262991207e-11,1.24473894446453e-09,6.94444444444444e-07,0.157879726985209,8.61739918032373e-08,0.251273389636949
"root9",26,"T2",1.31783238444479e-11,1.24473894446453e-09,8.10185185185185e-07,0.157879726985209,8.34706526043238e-08,0.251273389636949
"root9",26,"T3",8.00154651720041e-12,1.24473894446453e-09,8.10185185185185e-07,0.157879726985209,5.06812791610036e-08,0.251273389636949
"root9",26,"T1",1.4171962971116e-11,1.24473894446453e-09,8.10185185185185e-07,0.157879726985209,8.97642986958276e-08,0.251273389636949
"root9",26,"T2",1.35919584689094e-11,1.24473894446453e-09,9.25925925925926e-07,0.157879726985209,8.60905876166275e-08,0.251273389636949
"root9",26,"T3",8.08927704962072e-12,1.24473894446453e-09,9.25925925925926e-07,0.157879726985209,5.1236958690577e-08,0.251273389636949
"root9",26,"T1",1.46843357587824e-11,1.24473894446453e-09,9.25925925925926e-07,0.157879726985209,9.30096348605801e-08,0.251273389636949
"root9",26,"T2",1.39659123817106e-11,1.24473894446453e-09,1.04166666666667e-06,0.157879726985209,8.84591875625613e-08,0.251273389636949
"root9",26,"T3",8.1656717303293e-12,1.24473894446453e-09,1.04166666666667e-06,0.157879726985209,5.17208376671079e-08,0.251273389636949
"root9",26,"T1",1.51542004873263e-11,1.24473894446453e-09,1.04166666666667e-06,0.157879726985209,9.59857277226355e-08,0.251273389636949
"root9",26,"T2",1.43081940248602e-11,1.24473894446453e-09,1.15740740740741e-06,0.157879726985209,9.06271773968843e-08,0.251273389636949
"root9",26,"T3",8.23346982251934e-12,1.24473894446453e-09,1.15740740740741e-06,0.157879726985209,5.21502664068497e-08,0.251273389636949
"root9",26,"T1",1.55899148649139e-11,1.24473894446453e-09,1.15740740740741e-06,0.157879726985209,9.87455144660492e-08,0.251273389636949
"root9",4,"T2",5.62890201946072e-12,7.13273274601347e-11,1.15740740740741e-07,0.130385423269534,4.31712524169561e-08,0.207514846204754
"root9",4,"T3",4.14356842760021e-12,7.13273274601347e-11,1.15740740740741e-07,0.130385423269534,3.1779383950264e-08,0.207514846204754
"root9",4,"T1",5.81839887133269e-12,7.13273274601347e-11,1.15740740740741e-07,0.130385423269534,4.46246115971479e-08,0.207514846204754
"root9",4,"T2",6.86923171767673e-12,7.13273274601347e-11,2.31481481481481e-07,0.130385423269534,5.26840466167494e-08,0.207514846204754
"root9",4,"T3",4.60134592365013e-12,7.13273274601347e-11,2.31481481481481e-07,0.130385423269534,3.52903400416025e-08,0.207514846204754
"root9",4,"T1",7.16125934080891e-12,7.13273274601347e-11,2.31481481481481e-07,0.130385423269534,5.49237726214616e-08,0.207514846204754
"root9",4,"T2",7.72746528821195e-12,7.13273274601347e-11,3.47222222222222e-07,0.130385423269534,5.92663282017167e-08,0.207514846204754
"root9",4,"T3",4.84210343321408e-12,7.13273274601347e-11,3.47222222222222e-07,0.130385423269534,3.71368463728068e-08,0.207514846204754
"root9",4,"T1",8.11353380371016e-12,7.13273274601347e-11,3.47222222222222e-07,0.130385423269534,6.22273073189921e-08,0.207514846204754
"root9",4,"T2",8.39240296230129e-12,7.13273274601347e-11,4.62962962962963e-07,0.130385423269534,6.4366113572009e-08,0.207514846204754
"root9",4,"T3",4.99586502186115e-12,7.13273274601347e-11,4.62962962962963e-07,0.130385423269534,3.83161314860608e-08,0.207514846204754
"root9",4,"T1",8.8676827436187e-12,7.13273274601347e-11,4.62962962962963e-07,0.130385423269534,6.80113046478158e-08,0.207514846204754
"root9",4,"T2",8.93878848090699e-12,7.13273274601347e-11,5.78703703703704e-07,0.130385423269534,6.8556655006048e-08,0.207514846204754
"root9",4,"T3",5.10531283798647e-12,7.13273274601347e-11,5.78703703703704e-07,0.130385423269534,3.91555490634311e-08,0.207514846204754
"root9",4,"T1",9.49963311076446e-12,7.13273274601347e-11,5.78703703703704e-07,0.130385423269534,7.28580915914713e-08,0.207514846204754
"root9",4,"T2",9.40463671668855e-12,7.13273274601347e-11,6.94444444444444e-07,0.130385423269534,7.21295101926171e-08,0.207514846204754
"root9",4,"T3",5.18884725021073e-12,7.13273274601347e-11,6.94444444444444e-07,0.130385423269534,3.97962220016289e-08,0.207514846204754
"root9",4,"T1",1.00480164583771e-11,7.13273274601347e-11,6.94444444444444e-07,0.130385423269534,7.70639555129241e-08,0.207514846204754
"root9",4,"T2",9.81212828106807e-12,7.13273274601347e-11,8.10185185185185e-07,0.130385423269534,7.5254794861419e-08,0.207514846204754
"root9",4,"T3",5.25577291353779e-12,7.13273274601347e-11,8.10185185185185e-07,0.130385423269534,4.03095129942018e-08,0.207514846204754
"root9",4,"T1",1.0535429412088e-11,7.13273274601347e-11,8.10185185185185e-07,0.130385423269534,8.08022027915576e-08,0.207514846204754
"root9",4,"T2",1.01753819244345e-11,7.13273274601347e-11,9.25925925925926e-07,0.130385423269534,7.80407937427162e-08,0.207514846204754
"root9",4,"T3",5.31132695430201e-12,7.13273274601347e-11,9.25925925925926e-07,0.130385423269534,4.07355885429185e-08,0.207514846204754
"root9",4,"T1",1.09763066169075e-11,7.13273274601347e-11,9.25925925925926e-07,0.130385423269534,8.41835409332315e-08,0.207514846204754
"root9",4,"T2",1.05039455498825e-11,7.13273274601347e-11,1.04166666666667e-06,0.130385423269534,8.05607351380732e-08,0.207514846204754
"root9",4,"T3",5.35869529982809e-12,7.13273274601347e-11,1.04166666666667e-06,0.130385423269534,4.10988833372159e-08,0.207514846204754
"root9",4,"T1",1.13804487587495e-11,7.13273274601347e-11,1.04166666666667e-06,0.130385423269534,8.72831369747808e-08,0.207514846204754
"root9",4,"T2",1.08045727769126e-11,7.13273274601347e-11,1.15740740740741e-06,0.130385423269534,8.28664163982293e-08,0.207514846204754
"root9",4,"T3",5.39993455453484e-12,7.13273274601347e-11,1.15740740740741e-06,0.130385423269534,4.1415170646584e-08,0.207514846204754
"root9",4,"T1",1.17548169374057e-11,7.13273274601347e-11,1.15740740740741e-06,0.130385423269534,9.01543795513552e-08,0.207514846204754
"root9",7,"T2",4.88239702375373e-12,7.22374409538657e-11,1.15740740740741e-07,0.116236485019705,4.20039974791567e-08,0.184996111585131
"root9",7,"T3",3.54807773150087e-12,7.22374409538657e-11,1.15740740740741e-07,0.116236485019705,3.05246474968628e-08,0.184996111585131
"root9",7,"T1",5.03105230330616e-12,7.22374409538657e-11,1.15740740740741e-07,0.116236485019705,4.32829012547418e-08,0.184996111585131
"root9",7,"T2",5.96963085758611e-12,7.22374409538657e-11,2.31481481481481e-07,0.116236485019705,5.13576340214874e-08,0.184996111585131
"root9",7,"T3",3.92921396029152e-12,7.22374409538657e-11,2.31481481481481e-07,0.116236485019705,3.38036199186978e-08,0.184996111585131
"root9",7,"T1",6.20218845145805e-12,7.22374409538657e-11,2.31481481481481e-07,0.116236485019705,5.33583620530733e-08,0.184996111585131
"root9",7,"T2",6.74036396576232e-12,7.22374409538657e-11,3.47222222222222e-07,0.116236485019705,5.79883671174301e-08,0.184996111585131
"root9",7,"T3",4.13185514552121e-12,7.22374409538657e-11,3.47222222222222e-07,0.116236485019705,3.55469725776787e-08,0.184996111585131
"root9",7,"T1",7.05126698184289e-12,7.22374409538657e-11,3.47222222222222e-07,0.116236485019705,6.06631126246421e-08,0.184996111585131
"root9",7,"T2",7.34960778534245e-12,7.22374409538657e-11,4.62962962962963e-07,0.116236485019705,6.322978352362e-08,0.184996111585131
"root9",7,"T3",4.26246901817381e-12,7.22374409538657e-11,4.62962962962963e-07,0.116236485019705,3.66706634104706e-08,0.184996111585131
"root9",7,"T1",7.73681865432401e-12,7.22374409538657e-11,4.62962962962963e-07,0.116236485019705,6.65610169905983e-08,0.184996111585131
"root9",7,"T2",7.85873520171138e-12,7.22374409538657e-11,5.78703703703704e-07,0.116236485019705,6.76098834232567e-08,0.184996111585131
"root9",7,"T3",4.35613431621972e-12,7.22374409538657e-11,5.78703703703704e-07,0.116236485019705,3.74764800869645e-08,0.184996111585131
"root9",7,"T1",8.32105924850052e-12,7.22374409538657e-11,5.78703703703704e-07,0.116236485019705,7.1587326880109e-08,0.184996111585131
"root9",7,"T2",8.29900707014098e-12,7.22374409538657e-11,6.94444444444444e-07,0.116236485019705,7.13976086659373e-08,0.184996111585131
"root9",7,"T3",4.42803288334582e-12,7.22374409538657e-11,6.94444444444444e-07,0.116236485019705,3.80950342966338e-08,0.184996111585131
"root9",7,"T1",8.8355114231962e-12,7.22374409538657e-11,6.94444444444444e-07,0.116236485019705,7.60132364781881e-08,0.184996111585131
"root9",7,"T2",8.68871992518507e-12,7.22374409538657e-11,8.10185185185185e-07,0.116236485019705,7.47503670961154e-08,0.184996111585131
"root9",7,"T3",4.48587161376018e-12,7.22374409538657e-11,8.10185185185185e-07,0.116236485019705,3.85926296119477e-08,0.184996111585131
"root9",7,"T1",9.29856865960168e-12,7.22374409538657e-11,8.10185185185185e-07,0.116236485019705,7.99969876758175e-08,0.184996111585131
"root9",7,"T2",9.0395757909621e-12,7.22374409538657e-11,9.25925925925926e-07,0.116236485019705,7.77688329910326e-08,0.184996111585131
"root9",7,"T3",4.53400683442731e-12,7.22374409538657e-11,9.25925925925926e-07,0.116236485019705,3.90067441703755e-08,0.184996111585131
"root9",7,"T1",9.72197471242505e-12,7.22374409538657e-11,9.25925925925926e-07,0.116236485019705,8.36396137647911e-08,0.184996111585131
"root9",7,"T2",9.35953757736089e-12,7.22374409538657e-11,1.04166666666667e-06,0.116236485019705,8.05215124646466e-08,0.184996111585131
"root9",7,"T3",4.57510147514111e-12,7.22374409538657e-11,1.04166666666667e-06,0.116236485019705,3.93602875582956e-08,0.184996111585131
"root9",7,"T1",1.01137135608305e-11,7.22374409538657e-11,1.04166666666667e-06,0.116236485019705,8.7009802121218e-08,0.184996111585131
"root9",7,"T2",9.65427958440029e-12,7.22374409538657e-11,1.15740740740741e-06,0.116236485019705,8.30572223752606e-08,0.184996111585131
"root9",7,"T3",4.61088385822943e-12,7.22374409538657e-11,1.15740740740741e-06,0.116236485019705,3.96681287931906e-08,0.184996111585131
"root9",7,"T1",1.04794722690696e-11,7.22374409538657e-11,1.15740740740741e-06,0.116236485019705,9.01564794160205e-08,0.184996111585131
"root9",8,"T2",6.62364305226151e-12,5.9998005467609e-11,1.15740740740741e-07,0.167718617087307,3.94925928158204e-08,0.266932469579817
"root9",8,"T3",5.10025074627052e-12,5.9998005467609e-11,1.15740740740741e-07,0.167718617087307,3.04095683284554e-08,0.266932469579817
"root9",8,"T1",6.77590331073786e-12,5.9998005467609e-11,1.15740740740741e-07,0.167718617087307,4.04004244037537e-08,0.266932469579817
"root9",8,"T2",7.78792577128598e-12,5.9998005467609e-11,2.31481481481481e-07,0.167718617087307,4.64344740407198e-08,0.266932469579817
"root9",8,"T3",5.55803068439942e-12,5.9998005467609e-11,2.31481481481481e-07,0.167718617087307,3.31390204672756e-08,0.266932469579817
"root9",8,"T1",8.01108258217981e-12,5.9998005467609e-11,2.31481481481481e-07,0.167718617087307,4.77650169152634e-08,0.266932469579817
"root9",8,"T2",8.59727879910611e-12,5.9998005467609e-11,3.47222222222222e-07,0.167718617087307,5.12601340770103e-08,0.266932469579817
"root9",8,"T3",5.8069117756007e-12,5.9998005467609e-11,3.47222222222222e-07,0.167718617087307,3.46229409498284e-08,0.266932469579817
"root9",8,"T1",8.88730406617831e-12,5.9998005467609e-11,3.47222222222222e-07,0.167718617087307,5.29893712488219e-08,0.266932469579817
"root9",8,"T2",9.23684150083361e-12,5.9998005467609e-11,4.62962962962963e-07,0.167718617087307,5.50734418232492e-08,0.266932469579817
"root9",8,"T3",5.97314605627201e-12,5.9998005467609e-11,4.62962962962963e-07,0.167718617087307,3.56140907909028e-08,0.266932469579817
"root9",8,"T1",9.59298137791432e-12,5.9998005467609e-11,4.62962962962963e-07,0.167718617087307,5.71968785845678e-08,0.266932469579817
"root9",8,"T2",9.77439301673788e-12,5.9998005467609e-11,5.78703703703704e-07,0.167718617087307,5.82785214097595e-08,0.266932469579817
"root9",8,"T3",6.09680706164832e-12,5.9998005467609e-11,5.78703703703704e-07,0.167718617087307,3.63514031270279e-08,0.266932469579817
"root9",8,"T1",1.0196467269728e-11,5.9998005467609e-11,5.78703703703704e-07,0.167718617087307,6.07950831386841e-08,0.266932469579817
"root9",8,"T2",1.02427030154079e-11,5.9998005467609e-11,6.94444444444444e-07,0.167718617087307,6.10707576373347e-08,0.266932469579817
"root9",8,"T3",6.19498837015508e-12,5.9998005467609e-11,6.94444444444444e-07,0.167718617087307,3.69367961514388e-08,0.266932469579817
"root9",8,"T1",1.07305730985024e-11,5.9998005467609e-11,6.94444444444444e-07,0.167718617087307,6.39796182728869e-08,0.266932469579817
"root9",8,"T2",1.0660307946669e-11,5.9998005467609e-11,8.10185185185185e-07,0.167718617087307,6.35606716284793e-08,0.266932469579817
"root9",8,"T3",6.27635621799944e-12,5.9998005467609e-11,8.10185185185185e-07,0.167718617087307,3.74219411476082e-08,0.266932469579817
"root9",8,"T1",1.12137511398876e-11,5.9998005467609e-11,8.10185185185185e-07,0.167718617087307,6.6860503232329e-08,0.266932469579817
"root9",8,"T2",1.10388187598339e-11,5.9998005467609e-11,9.25925925925926e-07,0.167718617087307,6.58174921278273e-08,0.266932469579817
"root9",8,"T3",6.34584418105645e-12,5.9998005467609e-11,9.25925925925926e-07,0.167718617087307,3.78362539070608e-08,0.266932469579817
"root9",8,"T1",1.16575065709522e-11,5.9998005467609e-11,9.25925925925926e-07,0.167718617087307,6.95063361086729e-08,0.266932469579817
"root9",8,"T2",1.13860496643712e-11,5.9998005467609e-11,1.04166666666667e-06,0.167718617087307,6.78878103224767e-08,0.266932469579817
"root9",8,"T3",6.40650604929631e-12,5.9998005467609e-11,1.04166666666667e-06,0.167718617087307,3.819794224729e-08,0.266932469579817
"root9",8,"T1",1.20695563799455e-11,5.9998005467609e-11,1.04166666666667e-06,0.167718617087307,7.19631284203985e-08,0.266932469579817
"root9",8,"T2",1.17075473697737e-11,5.9998005467609e-11,1.15740740740741e-06,0.167718617087307,6.98046977317925e-08,0.266932469579817
"root9",8,"T3",6.46035555545652e-12,5.9998005467609e-11,1.15740740740741e-06,0.167718617087307,3.85190127825436e-08,0.266932469579817
"root9",8,"T1",1.24553665542725e-11,5.9998005467609e-11,1.15740740740741e-06,0.167718617087307,7.42634703921316e-08,0.266932469579817
"root9",9,"T2",6.16084341153769e-12,6.3107768261949e-11,1.15740740740741e-07,0.145514751988307,4.23382737994341e-08,0.231593920717303
"root9",9,"T3",4.63202678980288e-12,6.3107768261949e-11,1.15740740740741e-07,0.145514751988307,3.18320082775875e-08,0.231593920717303
"root9",9,"T1",6.32781927785973e-12,6.3107768261949e-11,1.15740740740741e-07,0.145514751988307,4.34857579138657e-08,0.231593920717303
"root9",9,"T2",7.33757113661416e-12,6.3107768261949e-11,2.31481481481481e-07,0.145514751988307,5.04249296813823e-08,0.231593920717303
"root9",9,"T3",5.07675586431486e-12,6.3107768261949e-11,2.31481481481481e-07,0.145514751988307,3.48882556232017e-08,0.231593920717303
"root9",9,"T1",7.58654232002234e-12,6.3107768261949e-11,2.31481481481481e-07,0.145514751988307,5.21358983632942e-08,0.231593920717303
"root9",9,"T2",8.15054172776905e-12,6.3107768261949e-11,3.47222222222222e-07,0.145514751988307,5.60117899828053e-08,0.231593920717303
"root9",9,"T3",5.31543516442522e-12,6.3107768261949e-11,3.47222222222222e-07,0.145514751988307,3.65284968829301e-08,0.231593920717303
"root9",9,"T1",8.47535830077414e-12,6.3107768261949e-11,3.47222222222222e-07,0.145514751988307,5.82439799743134e-08,0.231593920717303
"root9",9,"T2",8.78489656458819e-12,6.3107768261949e-11,4.62962962962963e-07,0.145514751988307,6.03711750496205e-08,0.231593920717303
"root9",9,"T3",5.47163333177936e-12,6.3107768261949e-11,4.62962962962963e-07,0.145514751988307,3.76019149743597e-08,0.231593920717303
"root9",9,"T1",9.18343606128996e-12,6.3107768261949e-11,4.62962962962963e-07,0.145514751988307,6.31100004350618e-08,0.231593920717303
"root9",9,"T2",9.31130556577415e-12,6.3107768261949e-11,5.78703703703704e-07,0.145514751988307,6.39887395507664e-08,0.231593920717303
"root9",9,"T3",5.58551778231575e-12,6.3107768261949e-11,5.78703703703704e-07,0.145514751988307,3.83845466249675e-08,0.231593920717303
"root9",9,"T1",9.78235630183128e-12,6.3107768261949e-11,5.78703703703704e-07,0.145514751988307,6.72258734469572e-08,0.231593920717303
"root9",9,"T2",9.76473026422796e-12,6.3107768261949e-11,6.94444444444444e-07,0.145514751988307,6.71047445760868e-08,0.231593920717303
"root9",9,"T3",5.6743582418692e-12,6.3107768261949e-11,6.94444444444444e-07,0.145514751988307,3.8995072075752e-08,0.231593920717303
"root9",9,"T1",1.03073330972279e-11,6.3107768261949e-11,6.94444444444444e-07,0.145514751988307,7.08335956072424e-08,0.231593920717303
"root9",9,"T2",1.0165171184126e-11,6.3107768261949e-11,8.10185185185185e-07,0.145514751988307,6.98566368373623e-08,0.231593920717303
"root9",9,"T3",5.74690313159073e-12,6.3107768261949e-11,8.10185185185185e-07,0.145514751988307,3.94936118370495e-08,0.231593920717303
"root9",9,"T1",1.07784365085072e-11,6.3107768261949e-11,8.10185185185185e-07,0.145514751988307,7.40710914957493e-08,0.231593920717303
"root9",9,"T2",1.05251980245648e-11,6.3107768261949e-11,9.25925925925926e-07,0.145514751988307,7.23307972610955e-08,0.231593920717303
"root9",9,"T3",5.80810278532835e-12,6.3107768261949e-11,9.25925925925926e-07,0.145514751988307,3.99141853727316e-08,0.231593920717303
"root9",9,"T1",1.12082491053845e-11,6.3107768261949e-11,9.25925925925926e-07,0.145514751988307,7.70248304878751e-08,0.231593920717303
"root9",9,"T2",1.08532523446949e-11,6.3107768261949e-11,1.04166666666667e-06,0.145514751988307,7.45852375542446e-08,0.231593920717303
"root9",9,"T3",5.86099335566256e-12,6.3107768261949e-11,1.04166666666667e-06,0.145514751988307,4.02776575953861e-08,0.231593920717303
"root9",9,"T1",1.16052088266762e-11,6.3107768261949e-11,1.04166666666667e-06,0.145514751988307,7.97527994110782e-08,0.231593920717303
"root9",9,"T2",1.11552918532838e-11,6.3107768261949e-11,1.15740740740741e-06,0.145514751988307,7.66609000177535e-08,0.231593920717303
"root9",9,"T3",5.90755518297295e-12,6.3107768261949e-11,1.15740740740741e-06,0.145514751988307,4.05976377120009e-08,0.231593920717303
"root9",9,"T1",1.19752672328266e-11,6.3107768261949e-11,1.15740740740741e-06,0.145514751988307,8.22958983140688e-08,0.231593920717303
