node1ID node2ID branchID x1 y1 z1 x2 y2 z2 radius length R G B time type 
0 1 0 0.0000 0.0000 -3.0000 0.0006 0.0020 -3.2000 0.0603 0.2000 0.4314 0.3922 0.1961 0.1532 1.0000 
1 2 0 0.0006 0.0020 -3.2000 -0.0085 -0.0260 -3.3885 0.0603 0.1908 0.4314 0.3922 0.1961 0.3000 1.0000 
2 3 0 -0.0085 -0.0260 -3.3885 -0.0175 -0.0487 -3.5870 0.0603 0.2000 0.4314 0.3922 0.1961 0.4544 1.0000 
3 4 0 -0.0175 -0.0487 -3.5870 -0.0107 -0.0658 -3.7747 0.0603 0.1886 0.4314 0.3922 0.1961 0.6005 1.0000 
4 5 0 -0.0107 -0.0658 -3.7747 0.0071 -0.0850 -3.9730 0.0603 0.2000 0.4314 0.3922 0.1961 0.7560 1.0000 
5 6 0 0.0071 -0.0850 -3.9730 0.0275 -0.0937 -4.1709 0.0603 0.1992 0.4314 0.3922 0.1961 0.9116 1.0000 
6 7 0 0.0275 -0.0937 -4.1709 0.0549 -0.1082 -4.3685 0.0603 0.2000 0.4314 0.3922 0.1961 1.0683 1.0000 
7 8 0 0.0549 -0.1082 -4.3685 0.0735 -0.1087 -4.5525 0.0603 0.1849 0.4314 0.3922 0.1961 1.2138 1.0000 
8 9 0 0.0735 -0.1087 -4.5525 0.0940 -0.1099 -4.7515 0.0603 0.2000 0.4314 0.3922 0.1961 1.3717 1.0000 
9 10 0 0.0940 -0.1099 -4.7515 0.1100 -0.1227 -4.9504 0.0603 0.2000 0.4314 0.3922 0.1961 1.5303 1.0000 
10 11 0 0.1100 -0.1227 -4.9504 0.1102 -0.1228 -4.9530 0.0603 0.0026 0.4314 0.3922 0.1961 1.5323 1.0000 
11 12 0 0.1102 -0.1228 -4.9530 0.1404 -0.1552 -5.1480 0.0603 0.2000 0.4314 0.3922 0.1961 1.6915 1.0000 
12 13 0 0.1404 -0.1552 -5.1480 0.1647 -0.1881 -5.3414 0.0603 0.1976 0.4314 0.3922 0.1961 1.8494 1.0000 
13 14 0 0.1647 -0.1881 -5.3414 0.1790 -0.2184 -5.5386 0.0603 0.2000 0.4314 0.3922 0.1961 2.0098 1.0000 
14 15 0 0.1790 -0.2184 -5.5386 0.1722 -0.2451 -5.7367 0.0603 0.2000 0.4314 0.3922 0.1961 2.1709 1.0000 
15 16 0 0.1722 -0.2451 -5.7367 0.1716 -0.2487 -5.7580 0.0603 0.0217 0.4314 0.3922 0.1961 2.1884 1.0000 
16 17 0 0.1716 -0.2487 -5.7580 0.1907 -0.2728 -5.9556 0.0603 0.2000 0.4314 0.3922 0.1961 2.3502 1.0000 
17 18 0 0.1907 -0.2728 -5.9556 0.2249 -0.2503 -6.1477 0.0603 0.1964 0.4314 0.3922 0.1961 2.5096 1.0000 
18 19 0 0.2249 -0.2503 -6.1477 0.2577 -0.1940 -6.3368 0.0603 0.2000 0.4314 0.3922 0.1961 2.6727 1.0000 
19 20 0 0.2577 -0.1940 -6.3368 0.2770 -0.1876 -6.5262 0.0603 0.1905 0.4314 0.3922 0.1961 2.8286 1.0000 
20 21 0 0.2770 -0.1876 -6.5262 0.2938 -0.1971 -6.7252 0.0603 0.2000 0.4314 0.3922 0.1961 2.9930 1.0000 
21 22 0 0.2938 -0.1971 -6.7252 0.3068 -0.2057 -6.8980 0.0603 0.1735 0.4314 0.3922 0.1961 3.1361 1.0000 
22 23 0 0.3068 -0.2057 -6.8980 0.3104 -0.2151 -7.0978 0.0603 0.2000 0.4314 0.3922 0.1961 3.3017 1.0000 
23 24 0 0.3104 -0.2151 -7.0978 0.2914 -0.2036 -7.2966 0.0603 0.2000 0.4314 0.3922 0.1961 3.4680 1.0000 
24 25 0 0.2914 -0.2036 -7.2966 0.2910 -0.2030 -7.3093 0.0603 0.0127 0.4314 0.3922 0.1961 3.4787 1.0000 
25 26 0 0.2910 -0.2030 -7.3093 0.2777 -0.2024 -7.5088 0.0603 0.2000 0.4314 0.3922 0.1961 3.6457 1.0000 
26 27 0 0.2777 -0.2024 -7.5088 0.2654 -0.1868 -7.6879 0.0603 0.1801 0.4314 0.3922 0.1961 3.7967 1.0000 
27 28 0 0.2654 -0.1868 -7.6879 0.2718 -0.1672 -7.8868 0.0603 0.2000 0.4314 0.3922 0.1961 3.9651 1.0000 
28 29 0 0.2718 -0.1672 -7.8868 0.2740 -0.1522 -8.0862 0.0603 0.2000 0.4314 0.3922 0.1961 4.1341 1.0000 
29 30 0 0.2740 -0.1522 -8.0862 0.2740 -0.1521 -8.0873 0.0603 0.0011 0.4314 0.3922 0.1961 4.1351 1.0000 
30 31 0 0.2740 -0.1521 -8.0873 0.2620 -0.1398 -8.2866 0.0603 0.2000 0.4314 0.3922 0.1961 4.3048 1.0000 
31 32 0 0.2620 -0.1398 -8.2866 0.2577 -0.1420 -8.4751 0.0603 0.1885 0.4314 0.3922 0.1961 4.4655 1.0000 
32 33 0 0.2577 -0.1420 -8.4751 0.2451 -0.1392 -8.6746 0.0603 0.2000 0.4314 0.3922 0.1961 4.6367 1.0000 
33 34 0 0.2451 -0.1392 -8.6746 0.2251 -0.1625 -8.8723 0.0603 0.2000 0.4314 0.3922 0.1961 4.8086 1.0000 
34 35 0 0.2251 -0.1625 -8.8723 0.2248 -0.1628 -8.8744 0.0603 0.0022 0.4314 0.3922 0.1961 4.8105 1.0000 
35 36 0 0.2248 -0.1628 -8.8744 0.2539 -0.1827 -9.0713 0.0603 0.2000 0.4314 0.3922 0.1961 4.9831 1.0000 
36 37 0 0.2539 -0.1827 -9.0713 0.2590 -0.2010 -9.2669 0.0603 0.1965 0.4314 0.3922 0.1961 5.1534 1.0000 
37 38 0 0.2590 -0.2010 -9.2669 0.2325 -0.2054 -9.4651 0.0603 0.2000 0.4314 0.3922 0.1961 5.3275 1.0000 
38 39 0 0.2325 -0.2054 -9.4651 0.2332 -0.2039 -9.6389 0.0603 0.1738 0.4314 0.3922 0.1961 5.4794 1.0000 
39 40 0 0.2332 -0.2039 -9.6389 0.2313 -0.1967 -9.8387 0.0603 0.2000 0.4314 0.3922 0.1961 5.6550 1.0000 
40 41 0 0.2313 -0.1967 -9.8387 0.2231 -0.2062 -10.0383 0.0603 0.2000 0.4314 0.3922 0.1961 5.8312 1.0000 
41 42 0 0.2231 -0.2062 -10.0383 0.2231 -0.2068 -10.0481 0.0603 0.0098 0.4314 0.3922 0.1961 5.8399 1.0000 
42 43 0 0.2231 -0.2068 -10.0481 0.2219 -0.2067 -10.2481 0.0603 0.2000 0.4314 0.3922 0.1961 6.0170 1.0000 
43 44 0 0.2219 -0.2067 -10.2481 0.2226 -0.2167 -10.4479 0.0603 0.2000 0.4314 0.3922 0.1961 6.1949 1.0000 
44 45 0 0.2226 -0.2167 -10.4479 0.2227 -0.2172 -10.4546 0.0603 0.0068 0.4314 0.3922 0.1961 6.2009 1.0000 
45 46 0 0.2227 -0.2172 -10.4546 0.2072 -0.2512 -10.6511 0.0603 0.2000 0.4314 0.3922 0.1961 6.3796 1.0000 
46 47 0 0.2072 -0.2512 -10.6511 0.1968 -0.2724 -10.7905 0.0603 0.1414 0.4314 0.3922 0.1961 6.5064 1.0000 
47 48 0 0.1968 -0.2724 -10.7905 0.1966 -0.2925 -10.9895 0.0603 0.2000 0.4314 0.3922 0.1961 6.6864 1.0000 
48 49 0 0.1966 -0.2925 -10.9895 0.1848 -0.2851 -11.1885 0.0603 0.1995 0.4314 0.3922 0.1961 6.8668 1.0000 
49 50 0 0.1848 -0.2851 -11.1885 0.1821 -0.2797 -11.3884 0.0603 0.2000 0.4314 0.3922 0.1961 7.0484 1.0000 
50 51 0 0.1821 -0.2797 -11.3884 0.1803 -0.2741 -11.5555 0.0603 0.1671 0.4314 0.3922 0.1961 7.2009 1.0000 
51 52 0 0.1803 -0.2741 -11.5555 0.1625 -0.2666 -11.7545 0.0603 0.2000 0.4314 0.3922 0.1961 7.3840 1.0000 
52 53 0 0.1625 -0.2666 -11.7545 0.1843 -0.2761 -11.9499 0.0603 0.1968 0.4314 0.3922 0.1961 7.5651 1.0000 
53 54 0 0.1843 -0.2761 -11.9499 0.1992 -0.2774 -12.1493 0.0603 0.2000 0.4314 0.3922 0.1961 7.7499 1.0000 
54 55 0 0.1992 -0.2774 -12.1493 0.1882 -0.2739 -12.3313 0.0603 0.1824 0.4314 0.3922 0.1961 7.9192 1.0000 
55 56 0 0.1882 -0.2739 -12.3313 0.1722 -0.2605 -12.5303 0.0603 0.2000 0.4314 0.3922 0.1961 8.1056 1.0000 
56 57 0 0.1722 -0.2605 -12.5303 0.1778 -0.2566 -12.7248 0.0603 0.1947 0.4314 0.3922 0.1961 8.2879 1.0000 
57 58 0 0.1778 -0.2566 -12.7248 0.1706 -0.2513 -12.9246 0.0603 0.2000 0.4314 0.3922 0.1961 8.4761 1.0000 
58 59 0 0.1706 -0.2513 -12.9246 0.1462 -0.2539 -13.1231 0.0603 0.2000 0.4314 0.3922 0.1961 8.6651 1.0000 
59 60 0 0.1462 -0.2539 -13.1231 0.1450 -0.2538 -13.1326 0.0603 0.0096 0.4314 0.3922 0.1961 8.6742 1.0000 
60 61 0 0.1450 -0.2538 -13.1326 0.1266 -0.2459 -13.3316 0.0603 0.2000 0.4314 0.3922 0.1961 8.8642 1.0000 
61 62 0 0.1266 -0.2459 -13.3316 0.1108 -0.2376 -13.5308 0.0603 0.2000 0.4314 0.3922 0.1961 9.0550 1.0000 
62 63 0 0.1108 -0.2376 -13.5308 0.1085 -0.2362 -13.5602 0.0603 0.0295 0.4314 0.3922 0.1961 9.0832 1.0000 
63 64 0 0.1085 -0.2362 -13.5602 0.0944 -0.2300 -13.7596 0.0603 0.2000 0.4314 0.3922 0.1961 9.2751 1.0000 
64 65 0 0.0944 -0.2300 -13.7596 0.0806 -0.2249 -13.9521 0.0603 0.1931 0.4314 0.3922 0.1961 9.4612 1.0000 
65 66 0 0.0806 -0.2249 -13.9521 0.0774 -0.2345 -14.1518 0.0603 0.2000 0.4314 0.3922 0.1961 9.6549 1.0000 
66 67 0 0.0774 -0.2345 -14.1518 0.0784 -0.2231 -14.3423 0.0603 0.1908 0.4314 0.3922 0.1961 9.8406 1.0000 
67 68 0 0.0784 -0.2231 -14.3423 0.0724 -0.2220 -14.5422 0.0603 0.2000 0.4314 0.3922 0.1961 10.0361 1.0000 
68 69 0 0.0724 -0.2220 -14.5422 0.0664 -0.2228 -14.7275 0.0603 0.1854 0.4314 0.3922 0.1961 10.2182 1.0000 
69 70 0 0.0664 -0.2228 -14.7275 0.0551 -0.2243 -14.9272 0.0603 0.2000 0.4314 0.3922 0.1961 10.4156 1.0000 
70 71 0 0.0551 -0.2243 -14.9272 0.0414 -0.2280 -15.1267 0.0603 0.2000 0.4314 0.3922 0.1961 10.6139 1.0000 
71 72 0 0.0414 -0.2280 -15.1267 0.0391 -0.2277 -15.1557 0.0603 0.0291 0.4314 0.3922 0.1961 10.6428 1.0000 
72 73 0 0.0391 -0.2277 -15.1557 0.0287 -0.2130 -15.3548 0.0603 0.2000 0.4314 0.3922 0.1961 10.8423 1.0000 
73 74 0 0.0287 -0.2130 -15.3548 0.0318 -0.2182 -15.5548 0.0603 0.2000 0.4314 0.3922 0.1961 11.0427 1.0000 
74 75 0 0.0318 -0.2182 -15.5548 0.0318 -0.2183 -15.5598 0.0603 0.0050 0.4314 0.3922 0.1961 11.0478 1.0000 
75 76 0 0.0318 -0.2183 -15.5598 0.0401 -0.2191 -15.7596 0.0603 0.2000 0.4314 0.3922 0.1961 11.2492 1.0000 
76 77 0 0.0401 -0.2191 -15.7596 0.0646 -0.2146 -15.9580 0.0603 0.2000 0.4314 0.3922 0.1961 11.4517 1.0000 
77 78 0 0.0646 -0.2146 -15.9580 0.0686 -0.2126 -15.9837 0.0603 0.0260 0.4314 0.3922 0.1961 11.4781 1.0000 
78 79 0 0.0686 -0.2126 -15.9837 0.0851 -0.2268 -16.1825 0.0603 0.2000 0.4314 0.3922 0.1961 11.6817 1.0000 
79 80 0 0.0851 -0.2268 -16.1825 0.0952 -0.2400 -16.3595 0.0603 0.1778 0.4314 0.3922 0.1961 11.8636 1.0000 
80 81 0 0.0952 -0.2400 -16.3595 0.0782 -0.2531 -16.5583 0.0603 0.2000 0.4314 0.3922 0.1961 12.0692 1.0000 
81 82 0 0.0782 -0.2531 -16.5583 0.0651 -0.2574 -16.7579 0.0603 0.2000 0.4314 0.3922 0.1961 12.2758 1.0000 
82 83 0 0.0651 -0.2574 -16.7579 0.0645 -0.2576 -16.7652 0.0603 0.0074 0.4314 0.3922 0.1961 12.2834 1.0000 
83 84 0 0.0645 -0.2576 -16.7652 0.0546 -0.2542 -16.9649 0.0603 0.2000 0.4314 0.3922 0.1961 12.4912 1.0000 
84 85 0 0.0546 -0.2542 -16.9649 0.0266 -0.2398 -17.1560 0.0603 0.1937 0.4314 0.3922 0.1961 12.6934 1.0000 
85 86 0 0.0266 -0.2398 -17.1560 0.0107 -0.2358 -17.3554 0.0603 0.2000 0.4314 0.3922 0.1961 12.9032 1.0000 
86 87 0 0.0107 -0.2358 -17.3554 -0.0014 -0.2330 -17.5448 0.0603 0.1898 0.4314 0.3922 0.1961 13.1034 1.0000 
87 88 0 -0.0014 -0.2330 -17.5448 -0.0076 -0.2285 -17.7447 0.0603 0.2000 0.4314 0.3922 0.1961 13.3154 1.0000 
88 89 0 -0.0076 -0.2285 -17.7447 0.0071 -0.2317 -17.9362 0.0603 0.1921 0.4314 0.3922 0.1961 13.5201 1.0000 
89 90 0 0.0071 -0.2317 -17.9362 0.0045 -0.2393 -18.1360 0.0603 0.2000 0.4314 0.3922 0.1961 13.7343 1.0000 
90 91 0 0.0045 -0.2393 -18.1360 -0.0096 -0.2468 -18.3354 0.0603 0.2000 0.4314 0.3922 0.1961 13.9496 1.0000 
91 92 0 -0.0096 -0.2468 -18.3354 -0.0106 -0.2466 -18.3454 0.0603 0.0101 0.4314 0.3922 0.1961 13.9604 1.0000 
92 93 0 -0.0106 -0.2466 -18.3454 -0.0423 -0.2363 -18.5426 0.0603 0.2000 0.4314 0.3922 0.1961 14.1770 1.0000 
93 94 0 -0.0423 -0.2363 -18.5426 -0.0435 -0.2441 -18.6896 0.0603 0.1472 0.4314 0.3922 0.1961 14.3371 1.0000 
94 95 0 -0.0435 -0.2441 -18.6896 -0.0503 -0.2431 -18.8894 0.0603 0.2000 0.4314 0.3922 0.1961 14.5557 1.0000 
95 96 0 -0.0503 -0.2431 -18.8894 -0.0629 -0.2478 -19.0878 0.0603 0.1988 0.4314 0.3922 0.1961 14.7741 1.0000 
96 97 0 -0.0629 -0.2478 -19.0878 -0.0794 -0.2456 -19.2871 0.0603 0.2000 0.4314 0.3922 0.1961 14.9951 1.0000 
97 98 0 -0.0794 -0.2456 -19.2871 -0.0851 -0.2427 -19.4575 0.0603 0.1705 0.4314 0.3922 0.1961 15.1844 1.0000 
98 99 0 -0.0851 -0.2427 -19.4575 -0.0935 -0.2403 -19.6573 0.0603 0.2000 0.4314 0.3922 0.1961 15.4076 1.0000 
99 100 0 -0.0935 -0.2403 -19.6573 -0.1077 -0.2435 -19.8568 0.0603 0.2000 0.4314 0.3922 0.1961 15.6320 1.0000 
100 101 0 -0.1077 -0.2435 -19.8568 -0.1094 -0.2441 -19.8836 0.0603 0.0269 0.4314 0.3922 0.1961 15.6623 1.0000 
101 102 0 -0.1094 -0.2441 -19.8836 -0.1144 -0.2546 -20.0833 0.0603 0.2000 0.4314 0.3922 0.1961 15.8882 1.0000 
102 103 0 -0.1144 -0.2546 -20.0833 -0.1236 -0.2584 -20.2656 0.0603 0.1826 0.4314 0.3922 0.1961 16.0955 1.0000 
103 104 0 -0.1236 -0.2584 -20.2656 -0.0943 -0.2867 -20.4614 0.0603 0.2000 0.4314 0.3922 0.1961 16.3238 1.0000 
104 105 0 -0.0943 -0.2867 -20.4614 -0.0759 -0.2766 -20.6421 0.0603 0.1819 0.4314 0.3922 0.1961 16.5325 1.0000 
105 106 0 -0.0759 -0.2766 -20.6421 -0.0536 -0.2666 -20.8406 0.0603 0.2000 0.4314 0.3922 0.1961 16.7633 1.0000 
106 107 0 -0.0536 -0.2666 -20.8406 -0.0629 -0.2619 -21.0265 0.0603 0.1863 0.4314 0.3922 0.1961 16.9794 1.0000 
107 108 0 -0.0629 -0.2619 -21.0265 -0.0777 -0.2495 -21.2256 0.0603 0.2000 0.4314 0.3922 0.1961 17.2128 1.0000 
108 109 0 -0.0777 -0.2495 -21.2256 -0.0818 -0.2422 -21.4181 0.0603 0.1927 0.4314 0.3922 0.1961 17.4389 1.0000 
109 110 0 -0.0818 -0.2422 -21.4181 -0.1044 -0.2737 -21.6143 0.0603 0.2000 0.4314 0.3922 0.1961 17.6749 1.0000 
110 111 0 -0.1044 -0.2737 -21.6143 -0.1268 -0.3051 -21.8105 0.0603 0.2000 0.4314 0.3922 0.1961 17.9123 1.0000 
111 112 0 -0.1268 -0.3051 -21.8105 -0.1288 -0.3073 -21.8239 0.0603 0.0137 0.4314 0.3922 0.1961 17.9286 1.0000 
112 113 0 -0.1288 -0.3073 -21.8239 -0.1377 -0.3212 -22.0232 0.0603 0.2000 0.4314 0.3922 0.1961 18.1675 1.0000 
113 114 0 -0.1377 -0.3212 -22.0232 -0.1460 -0.3309 -22.1858 0.0603 0.1632 0.4314 0.3922 0.1961 18.3634 1.0000 
114 115 0 -0.1460 -0.3309 -22.1858 -0.1529 -0.3311 -22.3857 0.0603 0.2000 0.4314 0.3922 0.1961 18.6049 1.0000 
115 116 0 -0.1529 -0.3311 -22.3857 -0.1514 -0.3261 -22.5857 0.0603 0.2000 0.4314 0.3922 0.1961 18.8479 1.0000 
116 117 0 -0.1514 -0.3261 -22.5857 -0.1511 -0.3244 -22.6020 0.0603 0.0164 0.4314 0.3922 0.1961 18.8679 1.0000 
117 118 0 -0.1511 -0.3244 -22.6020 -0.1243 -0.2930 -22.7977 0.0603 0.2000 0.4314 0.3922 0.1961 19.1124 1.0000 
118 119 0 -0.1243 -0.2930 -22.7977 -0.0874 -0.2675 -22.9873 0.0603 0.1948 0.4314 0.3922 0.1961 19.3521 1.0000 
119 120 0 -0.0874 -0.2675 -22.9873 -0.0584 -0.2341 -23.1824 0.0603 0.2000 0.4314 0.3922 0.1961 19.5996 1.0000 
120 121 0 -0.0584 -0.2341 -23.1824 -0.0201 -0.2492 -23.3781 0.0603 0.2000 0.4314 0.3922 0.1961 19.8486 1.0000 
121 122 0 -0.0201 -0.2492 -23.3781 -0.0191 -0.2495 -23.3840 0.0603 0.0060 0.4314 0.3922 0.1961 19.8561 1.0000 
122 123 0 -0.0191 -0.2495 -23.3840 0.0026 -0.2337 -23.5822 0.0603 0.2000 0.4314 0.3922 0.1961 20.1067 1.0000 
123 124 0 0.0026 -0.2337 -23.5822 0.0223 -0.2205 -23.7808 0.0603 0.2000 0.4314 0.3922 0.1961 20.3588 1.0000 
124 125 0 0.0223 -0.2205 -23.7808 0.0227 -0.2202 -23.7850 0.0603 0.0043 0.4314 0.3922 0.1961 20.3642 1.0000 
125 126 0 0.0227 -0.2202 -23.7850 0.0255 -0.2434 -23.9836 0.0603 0.2000 0.4314 0.3922 0.1961 20.6180 1.0000 
126 127 0 0.0255 -0.2434 -23.9836 0.0223 -0.2725 -24.1752 0.0603 0.1938 0.4314 0.3922 0.1961 20.8654 1.0000 
127 128 0 0.0223 -0.2725 -24.1752 0.0126 -0.2997 -24.3731 0.0603 0.2000 0.4314 0.3922 0.1961 21.1224 1.0000 
128 129 0 0.0126 -0.2997 -24.3731 0.0136 -0.3136 -24.5726 0.0603 0.2000 0.4314 0.3922 0.1961 21.3810 1.0000 
129 130 0 0.0136 -0.3136 -24.5726 0.0136 -0.3152 -24.5878 0.0603 0.0152 0.4314 0.3922 0.1961 21.4007 1.0000 
130 131 0 0.0136 -0.3152 -24.5878 0.0373 -0.3122 -24.7863 0.0603 0.2000 0.4314 0.3922 0.1961 21.6611 1.0000 
131 132 0 0.0373 -0.3122 -24.7863 0.0406 -0.3019 -24.9787 0.0603 0.1927 0.4314 0.3922 0.1961 21.9135 1.0000 
132 133 0 0.0406 -0.3019 -24.9787 0.0386 -0.2993 -25.1787 0.0603 0.2000 0.4314 0.3922 0.1961 22.1772 1.0000 
133 134 0 0.0386 -0.2993 -25.1787 0.0329 -0.3054 -25.3664 0.0603 0.1879 0.4314 0.3922 0.1961 22.4265 1.0000 
134 135 0 0.0329 -0.3054 -25.3664 0.0370 -0.2879 -25.5655 0.0603 0.2000 0.4314 0.3922 0.1961 22.6936 1.0000 
135 136 0 0.0370 -0.2879 -25.5655 0.0265 -0.2708 -25.7420 0.0603 0.1776 0.4314 0.3922 0.1961 22.9323 1.0000 
136 137 0 0.0265 -0.2708 -25.7420 0.0073 -0.2872 -25.9404 0.0603 0.2000 0.4314 0.3922 0.1961 23.2027 1.0000 
137 138 0 0.0073 -0.2872 -25.9404 0.0016 -0.2947 -26.1402 0.0603 0.2000 0.4314 0.3922 0.1961 23.4750 1.0000 
138 139 0 0.0016 -0.2947 -26.1402 0.0014 -0.2957 -26.1628 0.0603 0.0226 0.4314 0.3922 0.1961 23.5059 1.0000 
139 140 0 0.0014 -0.2957 -26.1628 0.0003 -0.3222 -26.3610 0.0603 0.2000 0.4314 0.3922 0.1961 23.7802 1.0000 
140 141 0 0.0003 -0.3222 -26.3610 0.0130 -0.3399 -26.5598 0.0603 0.2000 0.4314 0.3922 0.1961 24.0564 1.0000 
141 142 0 0.0130 -0.3399 -26.5598 0.0144 -0.3412 -26.5744 0.0603 0.0147 0.4314 0.3922 0.1961 24.0768 1.0000 
142 143 0 0.0144 -0.3412 -26.5744 0.0342 -0.3599 -26.7725 0.0603 0.2000 0.4314 0.3922 0.1961 24.3550 1.0000 
143 144 0 0.0342 -0.3599 -26.7725 0.0484 -0.3832 -26.9706 0.0603 0.2000 0.4314 0.3922 0.1961 24.6352 1.0000 
144 145 0 0.0484 -0.3832 -26.9706 0.0502 -0.3857 -26.9933 0.0603 0.0229 0.4314 0.3922 0.1961 24.6674 1.0000 
145 146 0 0.0502 -0.3857 -26.9933 0.0361 -0.4175 -27.1903 0.0603 0.2000 0.4314 0.3922 0.1961 24.9497 1.0000 
146 147 0 0.0361 -0.4175 -27.1903 0.0046 -0.4352 -27.3870 0.0603 0.2000 0.4314 0.3922 0.1961 25.2340 1.0000 
147 148 0 0.0046 -0.4352 -27.3870 0.0016 -0.4356 -27.4024 0.0603 0.0156 0.4314 0.3922 0.1961 25.2563 1.0000 
148 149 0 0.0016 -0.4356 -27.4024 -0.0252 -0.4438 -27.6004 0.0603 0.2000 0.4314 0.3922 0.1961 25.5428 1.0000 
149 150 0 -0.0252 -0.4438 -27.6004 -0.0140 -0.4571 -27.7942 0.0603 0.1946 0.4314 0.3922 0.1961 25.8236 1.0000 
150 151 0 -0.0140 -0.4571 -27.7942 -0.0025 -0.4719 -27.9933 0.0603 0.2000 0.4314 0.3922 0.1961 26.1141 1.0000 
151 152 0 -0.0025 -0.4719 -27.9933 -0.0216 -0.4543 -28.1839 0.0603 0.1923 0.4314 0.3922 0.1961 26.3955 1.0000 
152 153 0 -0.0216 -0.4543 -28.1839 -0.0472 -0.4701 -28.3816 0.0603 0.2000 0.4314 0.3922 0.1961 26.6902 1.0000 
153 154 0 -0.0472 -0.4701 -28.3816 -0.0441 -0.4723 -28.5816 0.0603 0.2000 0.4314 0.3922 0.1961 26.9870 1.0000 
154 155 0 -0.0441 -0.4723 -28.5816 -0.0439 -0.4726 -28.5927 0.0603 0.0112 0.4314 0.3922 0.1961 27.0037 1.0000 
155 156 0 -0.0439 -0.4726 -28.5927 -0.0213 -0.4755 -28.7914 0.0603 0.2000 0.4314 0.3922 0.1961 27.3029 1.0000 
156 157 0 -0.0213 -0.4755 -28.7914 -0.0099 -0.4724 -28.9604 0.0603 0.1694 0.4314 0.3922 0.1961 27.5580 1.0000 
157 158 0 -0.0099 -0.4724 -28.9604 -0.0132 -0.4808 -29.1602 0.0603 0.2000 0.4314 0.3922 0.1961 27.8613 1.0000 
158 159 0 -0.0132 -0.4808 -29.1602 -0.0153 -0.4817 -29.3568 0.0603 0.1966 0.4314 0.3922 0.1961 28.1617 1.0000 
159 160 0 -0.0153 -0.4817 -29.3568 -0.0065 -0.4719 -29.5564 0.0603 0.2000 0.4314 0.3922 0.1961 28.4696 1.0000 
160 161 0 -0.0065 -0.4719 -29.5564 -0.0069 -0.4572 -29.7406 0.0603 0.1848 0.4314 0.3922 0.1961 28.7563 1.0000 
161 162 0 -0.0069 -0.4572 -29.7406 0.0008 -0.4495 -29.9403 0.0603 0.2000 0.4314 0.3922 0.1961 29.0687 1.0000 
162 163 0 0.0008 -0.4495 -29.9403 0.0218 -0.4328 -30.1263 0.0603 0.1879 0.4314 0.3922 0.1961 29.3645 1.0000 
163 164 0 0.0218 -0.4328 -30.1263 0.0446 -0.4163 -30.3243 0.0603 0.2000 0.4314 0.3922 0.1961 29.6817 1.0000 
164 165 0 0.0446 -0.4163 -30.3243 0.0557 -0.4179 -30.5144 0.0603 0.1905 0.4314 0.3922 0.1961 29.9862 1.0000 
165 166 0 0.0557 -0.4179 -30.5144 0.0554 -0.4177 -30.5231 0.0603 0.0086 0.4314 0.3922 0.1961 30.0000 1.0000 
167 168 1 0.0000 0.0000 -3.0000 -0.0762 -0.1593 -3.0939 0.0649 0.2000 0.4314 0.3922 0.1961 8.5943 2.0000 
168 169 1 -0.0762 -0.1593 -3.0939 -0.1592 -0.3143 -3.1893 0.0649 0.2000 0.4314 0.3922 0.1961 8.6938 2.0000 
169 170 1 -0.1592 -0.3143 -3.1893 -0.2314 -0.4780 -3.2786 0.0649 0.2000 0.4314 0.3922 0.1961 8.7941 2.0000 
170 171 1 -0.2314 -0.4780 -3.2786 -0.3235 -0.6332 -3.3649 0.0649 0.2000 0.4314 0.3922 0.1961 8.8949 2.0000 
171 172 1 -0.3235 -0.6332 -3.3649 -0.4156 -0.7935 -3.4410 0.0649 0.2000 0.4314 0.3922 0.1961 8.9965 2.0000 
172 173 1 -0.4156 -0.7935 -3.4410 -0.5023 -0.9578 -3.5152 0.0649 0.2000 0.4314 0.3922 0.1961 9.0987 2.0000 
173 174 1 -0.5023 -0.9578 -3.5152 -0.5843 -1.1241 -3.5902 0.0649 0.2000 0.4314 0.3922 0.1961 9.2016 2.0000 
174 175 1 -0.5843 -1.1241 -3.5902 -0.6613 -1.2932 -3.6642 0.0649 0.2000 0.4314 0.3922 0.1961 9.3052 2.0000 
175 176 1 -0.6613 -1.2932 -3.6642 -0.7355 -1.4543 -3.7565 0.0649 0.2000 0.4314 0.3922 0.1961 9.4095 2.0000 
176 177 1 -0.7355 -1.4543 -3.7565 -0.7940 -1.5830 -3.8980 0.0649 0.2000 0.4314 0.3922 0.1961 9.5146 2.0000 
177 178 1 -0.7940 -1.5830 -3.8980 -0.8129 -1.6805 -4.0716 0.0649 0.2000 0.4314 0.3922 0.1961 9.6203 2.0000 
178 179 1 -0.8129 -1.6805 -4.0716 -0.7954 -1.7681 -4.2506 0.0649 0.2000 0.4314 0.3922 0.1961 9.7269 2.0000 
179 180 1 -0.7954 -1.7681 -4.2506 -0.7738 -1.8128 -4.4443 0.0649 0.2000 0.4314 0.3922 0.1961 9.8341 2.0000 
180 181 1 -0.7738 -1.8128 -4.4443 -0.7609 -1.8617 -4.6378 0.0649 0.2000 0.4314 0.3922 0.1961 9.9421 2.0000 
181 182 1 -0.7609 -1.8617 -4.6378 -0.7403 -1.9017 -4.8327 0.0649 0.2000 0.4314 0.3922 0.1961 10.0509 2.0000 
182 183 1 -0.7403 -1.9017 -4.8327 -0.7226 -1.9352 -5.0290 0.0649 0.2000 0.4314 0.3922 0.1961 10.1605 2.0000 
183 184 1 -0.7226 -1.9352 -5.0290 -0.7208 -1.9390 -5.2290 0.0649 0.2000 0.4314 0.3922 0.1961 10.2708 2.0000 
184 185 1 -0.7208 -1.9390 -5.2290 -0.7290 -1.9603 -5.4277 0.0649 0.2000 0.4314 0.3922 0.1961 10.3820 2.0000 
185 186 1 -0.7290 -1.9603 -5.4277 -0.7406 -1.9792 -5.6265 0.0649 0.2000 0.4314 0.3922 0.1961 10.4940 2.0000 
186 187 1 -0.7406 -1.9792 -5.6265 -0.7031 -2.0361 -5.8145 0.0649 0.2000 0.4314 0.3922 0.1961 10.6068 2.0000 
187 188 1 -0.7031 -2.0361 -5.8145 -0.6559 -2.0763 -6.0046 0.0649 0.2000 0.4314 0.3922 0.1961 10.7205 2.0000 
188 189 1 -0.6559 -2.0763 -6.0046 -0.5914 -2.1112 -6.1907 0.0649 0.2000 0.4314 0.3922 0.1961 10.8350 2.0000 
189 190 1 -0.5914 -2.1112 -6.1907 -0.5610 -2.1006 -6.3881 0.0649 0.2000 0.4314 0.3922 0.1961 10.9504 2.0000 
190 191 1 -0.5610 -2.1006 -6.3881 -0.5610 -2.0659 -6.5851 0.0649 0.2000 0.4314 0.3922 0.1961 11.0666 2.0000 
191 192 1 -0.5610 -2.0659 -6.5851 -0.5690 -2.0346 -6.7824 0.0649 0.2000 0.4314 0.3922 0.1961 11.1838 2.0000 
192 193 1 -0.5690 -2.0346 -6.7824 -0.5814 -2.0032 -6.9796 0.0649 0.2000 0.4314 0.3922 0.1961 11.3018 2.0000 
193 194 1 -0.5814 -2.0032 -6.9796 -0.5975 -2.0025 -7.1789 0.0649 0.2000 0.4314 0.3922 0.1961 11.4208 2.0000 
194 195 1 -0.5975 -2.0025 -7.1789 -0.6066 -1.9689 -7.3759 0.0649 0.2000 0.4314 0.3922 0.1961 11.5407 2.0000 
195 196 1 -0.6066 -1.9689 -7.3759 -0.6188 -1.9121 -7.5672 0.0649 0.2000 0.4314 0.3922 0.1961 11.6616 2.0000 
196 197 1 -0.6188 -1.9121 -7.5672 -0.6521 -1.8881 -7.7630 0.0649 0.2000 0.4314 0.3922 0.1961 11.7834 2.0000 
197 198 1 -0.6521 -1.8881 -7.7630 -0.6520 -1.8939 -7.9629 0.0649 0.2000 0.4314 0.3922 0.1961 11.9062 2.0000 
198 199 1 -0.6520 -1.8939 -7.9629 -0.6711 -1.8832 -8.1617 0.0649 0.2000 0.4314 0.3922 0.1961 12.0300 2.0000 
199 200 1 -0.6711 -1.8832 -8.1617 -0.6700 -1.8878 -8.3616 0.0649 0.2000 0.4314 0.3922 0.1961 12.1548 2.0000 
200 201 1 -0.6700 -1.8878 -8.3616 -0.6905 -1.9083 -8.5595 0.0649 0.2000 0.4314 0.3922 0.1961 12.2807 2.0000 
201 202 1 -0.6905 -1.9083 -8.5595 -0.6993 -1.9035 -8.7593 0.0649 0.2000 0.4314 0.3922 0.1961 12.4076 2.0000 
202 203 1 -0.6993 -1.9035 -8.7593 -0.6915 -1.8607 -8.9545 0.0649 0.2000 0.4314 0.3922 0.1961 12.5355 2.0000 
203 204 1 -0.6915 -1.8607 -8.9545 -0.6737 -1.8294 -9.1512 0.0649 0.2000 0.4314 0.3922 0.1961 12.6646 2.0000 
204 205 1 -0.6737 -1.8294 -9.1512 -0.6586 -1.8050 -9.3491 0.0649 0.2000 0.4314 0.3922 0.1961 12.7947 2.0000 
205 206 1 -0.6586 -1.8050 -9.3491 -0.6423 -1.7816 -9.5471 0.0649 0.2000 0.4314 0.3922 0.1961 12.9260 2.0000 
206 207 1 -0.6423 -1.7816 -9.5471 -0.6182 -1.7733 -9.7455 0.0649 0.2000 0.4314 0.3922 0.1961 13.0584 2.0000 
207 208 1 -0.6182 -1.7733 -9.7455 -0.6028 -1.7516 -9.9437 0.0649 0.2000 0.4314 0.3922 0.1961 13.1920 2.0000 
208 209 1 -0.6028 -1.7516 -9.9437 -0.5918 -1.7138 -10.1398 0.0649 0.2000 0.4314 0.3922 0.1961 13.3267 2.0000 
209 210 1 -0.5918 -1.7138 -10.1398 -0.5927 -1.6716 -10.3353 0.0649 0.2000 0.4314 0.3922 0.1961 13.4627 2.0000 
210 211 1 -0.5927 -1.6716 -10.3353 -0.5666 -1.6447 -10.5317 0.0649 0.2000 0.4314 0.3922 0.1961 13.5999 2.0000 
211 212 1 -0.5666 -1.6447 -10.5317 -0.5511 -1.6162 -10.7291 0.0649 0.2000 0.4314 0.3922 0.1961 13.7383 2.0000 
212 213 1 -0.5511 -1.6162 -10.7291 -0.4974 -1.6225 -10.9216 0.0649 0.2000 0.4314 0.3922 0.1961 13.8780 2.0000 
213 214 1 -0.4974 -1.6225 -10.9216 -0.4553 -1.6495 -11.1153 0.0649 0.2000 0.4314 0.3922 0.1961 14.0189 2.0000 
214 215 1 -0.4553 -1.6495 -11.1153 -0.3931 -1.6507 -11.3054 0.0649 0.2000 0.4314 0.3922 0.1961 14.1612 2.0000 
215 216 1 -0.3931 -1.6507 -11.3054 -0.3286 -1.6386 -11.4943 0.0649 0.2000 0.4314 0.3922 0.1961 14.3049 2.0000 
216 217 1 -0.3286 -1.6386 -11.4943 -0.2735 -1.6566 -11.6857 0.0649 0.2000 0.4314 0.3922 0.1961 14.4499 2.0000 
217 218 1 -0.2735 -1.6566 -11.6857 -0.2414 -1.6793 -11.8818 0.0649 0.2000 0.4314 0.3922 0.1961 14.5963 2.0000 
218 219 1 -0.2414 -1.6793 -11.8818 -0.2712 -1.6857 -12.0795 0.0649 0.2000 0.4314 0.3922 0.1961 14.7441 2.0000 
219 220 1 -0.2712 -1.6857 -12.0795 -0.3400 -1.7025 -12.2665 0.0649 0.2000 0.4314 0.3922 0.1961 14.8934 2.0000 
220 221 1 -0.3400 -1.7025 -12.2665 -0.4017 -1.7199 -12.4559 0.0649 0.2000 0.4314 0.3922 0.1961 15.0441 2.0000 
221 222 1 -0.4017 -1.7199 -12.4559 -0.4639 -1.7159 -12.6460 0.0649 0.2000 0.4314 0.3922 0.1961 15.1963 2.0000 
222 223 1 -0.4639 -1.7159 -12.6460 -0.5271 -1.7058 -12.8355 0.0649 0.2000 0.4314 0.3922 0.1961 15.3501 2.0000 
223 224 1 -0.5271 -1.7058 -12.8355 -0.5917 -1.7077 -13.0248 0.0649 0.2000 0.4314 0.3922 0.1961 15.5055 2.0000 
224 225 1 -0.5917 -1.7077 -13.0248 -0.6584 -1.7338 -13.2115 0.0649 0.2000 0.4314 0.3922 0.1961 15.6624 2.0000 
225 226 1 -0.6584 -1.7338 -13.2115 -0.7214 -1.7607 -13.3994 0.0649 0.2000 0.4314 0.3922 0.1961 15.8210 2.0000 
226 227 1 -0.7214 -1.7607 -13.3994 -0.7809 -1.7739 -13.5899 0.0649 0.2000 0.4314 0.3922 0.1961 15.9812 2.0000 
227 228 1 -0.7809 -1.7739 -13.5899 -0.8275 -1.7862 -13.7840 0.0649 0.2000 0.4314 0.3922 0.1961 16.1432 2.0000 
228 229 1 -0.8275 -1.7862 -13.7840 -0.8451 -1.7548 -13.9807 0.0649 0.2000 0.4314 0.3922 0.1961 16.3069 2.0000 
229 230 1 -0.8451 -1.7548 -13.9807 -0.8511 -1.7409 -14.1801 0.0649 0.2000 0.4314 0.3922 0.1961 16.4723 2.0000 
230 231 1 -0.8511 -1.7409 -14.1801 -0.8447 -1.7271 -14.3796 0.0649 0.2000 0.4314 0.3922 0.1961 16.6396 2.0000 
231 232 1 -0.8447 -1.7271 -14.3796 -0.8349 -1.7034 -14.5779 0.0649 0.2000 0.4314 0.3922 0.1961 16.8087 2.0000 
232 233 1 -0.8349 -1.7034 -14.5779 -0.8257 -1.6790 -14.7762 0.0649 0.2000 0.4314 0.3922 0.1961 16.9798 2.0000 
233 234 1 -0.8257 -1.6790 -14.7762 -0.8113 -1.6738 -14.9756 0.0649 0.2000 0.4314 0.3922 0.1961 17.1527 2.0000 
234 235 1 -0.8113 -1.6738 -14.9756 -0.8084 -1.6633 -15.1753 0.0649 0.2000 0.4314 0.3922 0.1961 17.3277 2.0000 
235 236 1 -0.8084 -1.6633 -15.1753 -0.7933 -1.6752 -15.3744 0.0649 0.2000 0.4314 0.3922 0.1961 17.5047 2.0000 
236 237 1 -0.7933 -1.6752 -15.3744 -0.7767 -1.6743 -15.5737 0.0649 0.2000 0.4314 0.3922 0.1961 17.6838 2.0000 
237 238 1 -0.7767 -1.6743 -15.5737 -0.7512 -1.6546 -15.7711 0.0649 0.2000 0.4314 0.3922 0.1961 17.8649 2.0000 
238 239 1 -0.7512 -1.6546 -15.7711 -0.7533 -1.6191 -15.9679 0.0649 0.2000 0.4314 0.3922 0.1961 18.0483 2.0000 
239 240 1 -0.7533 -1.6191 -15.9679 -0.7395 -1.5750 -16.1625 0.0649 0.2000 0.4314 0.3922 0.1961 18.2339 2.0000 
240 241 1 -0.7395 -1.5750 -16.1625 -0.7232 -1.5461 -16.3597 0.0649 0.2000 0.4314 0.3922 0.1961 18.4218 2.0000 
241 242 1 -0.7232 -1.5461 -16.3597 -0.7071 -1.5174 -16.5570 0.0649 0.2000 0.4314 0.3922 0.1961 18.6121 2.0000 
242 243 1 -0.7071 -1.5174 -16.5570 -0.7117 -1.5227 -16.7569 0.0649 0.2000 0.4314 0.3922 0.1961 18.8047 2.0000 
243 244 1 -0.7117 -1.5227 -16.7569 -0.7347 -1.5353 -16.9551 0.0649 0.2000 0.4314 0.3922 0.1961 18.9998 2.0000 
244 245 1 -0.7347 -1.5353 -16.9551 -0.7897 -1.5300 -17.1473 0.0649 0.2000 0.4314 0.3922 0.1961 19.1975 2.0000 
245 246 1 -0.7897 -1.5300 -17.1473 -0.8305 -1.5045 -17.3415 0.0649 0.2000 0.4314 0.3922 0.1961 19.3977 2.0000 
246 247 1 -0.8305 -1.5045 -17.3415 -0.8602 -1.5075 -17.5392 0.0649 0.2000 0.4314 0.3922 0.1961 19.6006 2.0000 
247 248 1 -0.8602 -1.5075 -17.5392 -0.8794 -1.5825 -17.7236 0.0649 0.2000 0.4314 0.3922 0.1961 19.8062 2.0000 
248 249 1 -0.8794 -1.5825 -17.7236 -0.8951 -1.6654 -17.9050 0.0649 0.2000 0.4314 0.3922 0.1961 20.0147 2.0000 
249 250 1 -0.8951 -1.6654 -17.9050 -0.9261 -1.7584 -18.0793 0.0649 0.2000 0.4314 0.3922 0.1961 20.2260 2.0000 
250 251 1 -0.9261 -1.7584 -18.0793 -0.9423 -1.8585 -18.2517 0.0649 0.2000 0.4314 0.3922 0.1961 20.4403 2.0000 
251 252 1 -0.9423 -1.8585 -18.2517 -0.9205 -1.9772 -18.4111 0.0649 0.2000 0.4314 0.3922 0.1961 20.6577 2.0000 
252 253 1 -0.9205 -1.9772 -18.4111 -0.8851 -2.1188 -18.5479 0.0649 0.2000 0.4314 0.3922 0.1961 20.8782 2.0000 
253 254 1 -0.8851 -2.1188 -18.5479 -0.8419 -2.2604 -18.6824 0.0649 0.2000 0.4314 0.3922 0.1961 21.1019 2.0000 
254 255 1 -0.8419 -2.2604 -18.6824 -0.8050 -2.4066 -18.8138 0.0649 0.2000 0.4314 0.3922 0.1961 21.3290 2.0000 
255 256 1 -0.8050 -2.4066 -18.8138 -0.7395 -2.5559 -18.9297 0.0649 0.2000 0.4314 0.3922 0.1961 21.5595 2.0000 
256 257 1 -0.7395 -2.5559 -18.9297 -0.6745 -2.7034 -19.0481 0.0649 0.2000 0.4314 0.3922 0.1961 21.7936 2.0000 
257 258 1 -0.6745 -2.7034 -19.0481 -0.5957 -2.8358 -19.1755 0.0649 0.2000 0.4314 0.3922 0.1961 22.0313 2.0000 
258 259 1 -0.5957 -2.8358 -19.1755 -0.4971 -2.9801 -19.2727 0.0649 0.2000 0.4314 0.3922 0.1961 22.2727 2.0000 
259 260 1 -0.4971 -2.9801 -19.2727 -0.4058 -3.1307 -19.3675 0.0649 0.2000 0.4314 0.3922 0.1961 22.5181 2.0000 
260 261 1 -0.4058 -3.1307 -19.3675 -0.3717 -3.2568 -19.5191 0.0649 0.2000 0.4314 0.3922 0.1961 22.7674 2.0000 
261 262 1 -0.3717 -3.2568 -19.5191 -0.3377 -3.3819 -19.6713 0.0649 0.2000 0.4314 0.3922 0.1961 23.0209 2.0000 
262 263 1 -0.3377 -3.3819 -19.6713 -0.2887 -3.4703 -19.8439 0.0649 0.2000 0.4314 0.3922 0.1961 23.2787 2.0000 
263 264 1 -0.2887 -3.4703 -19.8439 -0.2763 -3.5741 -20.0144 0.0649 0.2000 0.4314 0.3922 0.1961 23.5410 2.0000 
264 265 1 -0.2763 -3.5741 -20.0144 -0.2560 -3.6725 -20.1874 0.0649 0.2000 0.4314 0.3922 0.1961 23.8078 2.0000 
265 266 1 -0.2560 -3.6725 -20.1874 -0.2738 -3.7652 -20.3637 0.0649 0.2000 0.4314 0.3922 0.1961 24.0793 2.0000 
266 267 1 -0.2738 -3.7652 -20.3637 -0.2940 -3.8671 -20.5345 0.0649 0.2000 0.4314 0.3922 0.1961 24.3558 2.0000 
267 268 1 -0.2940 -3.8671 -20.5345 -0.3211 -3.9541 -20.7126 0.0649 0.2000 0.4314 0.3922 0.1961 24.6374 2.0000 
268 269 1 -0.3211 -3.9541 -20.7126 -0.3408 -4.0601 -20.8810 0.0649 0.2000 0.4314 0.3922 0.1961 24.9244 2.0000 
269 270 1 -0.3408 -4.0601 -20.8810 -0.3666 -4.1950 -21.0264 0.0649 0.2000 0.4314 0.3922 0.1961 25.2168 2.0000 
270 271 1 -0.3666 -4.1950 -21.0264 -0.3905 -4.3304 -21.1717 0.0649 0.2000 0.4314 0.3922 0.1961 25.5149 2.0000 
271 272 1 -0.3905 -4.3304 -21.1717 -0.4293 -4.4773 -21.3017 0.0649 0.2000 0.4314 0.3922 0.1961 25.8190 2.0000 
272 273 1 -0.4293 -4.4773 -21.3017 -0.4656 -4.6161 -21.4410 0.0649 0.2000 0.4314 0.3922 0.1961 26.1292 2.0000 
273 274 1 -0.4656 -4.6161 -21.4410 -0.4896 -4.7630 -21.5746 0.0649 0.2000 0.4314 0.3922 0.1961 26.4459 2.0000 
274 275 1 -0.4896 -4.7630 -21.5746 -0.5215 -4.9152 -21.7005 0.0649 0.2000 0.4314 0.3922 0.1961 26.7693 2.0000 
275 276 1 -0.5215 -4.9152 -21.7005 -0.5538 -5.0671 -21.8265 0.0649 0.2000 0.4314 0.3922 0.1961 27.0998 2.0000 
276 277 1 -0.5538 -5.0671 -21.8265 -0.5756 -5.2094 -21.9653 0.0649 0.2000 0.4314 0.3922 0.1961 27.4375 2.0000 
277 278 1 -0.5756 -5.2094 -21.9653 -0.5967 -5.3532 -22.1027 0.0649 0.2000 0.4314 0.3922 0.1961 27.7829 2.0000 
278 279 1 -0.5967 -5.3532 -22.1027 -0.6114 -5.5022 -22.2353 0.0649 0.2000 0.4314 0.3922 0.1961 28.1364 2.0000 
279 280 1 -0.6114 -5.5022 -22.2353 -0.6570 -5.6481 -22.3643 0.0649 0.2000 0.4314 0.3922 0.1961 28.4982 2.0000 
280 281 1 -0.6570 -5.6481 -22.3643 -0.7151 -5.7679 -22.5135 0.0649 0.2000 0.4314 0.3922 0.1961 28.8688 2.0000 
281 282 1 -0.7151 -5.7679 -22.5135 -0.7469 -5.8879 -22.6703 0.0649 0.2000 0.4314 0.3922 0.1961 29.2486 2.0000 
282 283 1 -0.7469 -5.8879 -22.6703 -0.7744 -6.0069 -22.8287 0.0649 0.2000 0.4314 0.3922 0.1961 29.6381 2.0000 
283 284 1 -0.7744 -6.0069 -22.8287 -0.8023 -6.0956 -22.9843 0.0649 0.1813 0.4314 0.3922 0.1961 30.0000 2.0000 
2 285 2 -0.0085 -0.0260 -3.3885 -0.1897 0.0357 -3.4467 0.0406 0.2000 0.4314 0.3922 0.1961 8.9617 2.0000 
285 286 2 -0.1897 0.0357 -3.4467 -0.3655 0.1029 -3.5142 0.0406 0.2000 0.4314 0.3922 0.1961 9.0583 2.0000 
286 287 2 -0.3655 0.1029 -3.5142 -0.5454 0.1328 -3.5964 0.0406 0.2000 0.4314 0.3922 0.1961 9.1555 2.0000 
287 288 2 -0.5454 0.1328 -3.5964 -0.7213 0.1517 -3.6897 0.0406 0.2000 0.4314 0.3922 0.1961 9.2533 2.0000 
288 289 2 -0.7213 0.1517 -3.6897 -0.8980 0.1748 -3.7804 0.0406 0.2000 0.4314 0.3922 0.1961 9.3516 2.0000 
289 290 2 -0.8980 0.1748 -3.7804 -1.0600 0.2155 -3.8904 0.0406 0.2000 0.4314 0.3922 0.1961 9.4506 2.0000 
290 291 2 -1.0600 0.2155 -3.8904 -1.2164 0.2592 -4.0072 0.0406 0.2000 0.4314 0.3922 0.1961 9.5503 2.0000 
291 292 2 -1.2164 0.2592 -4.0072 -1.3434 0.3591 -4.1251 0.0406 0.2000 0.4314 0.3922 0.1961 9.6505 2.0000 
292 293 2 -1.3434 0.3591 -4.1251 -1.4664 0.4513 -4.2531 0.0406 0.2000 0.4314 0.3922 0.1961 9.7514 2.0000 
293 294 2 -1.4664 0.4513 -4.2531 -1.5857 0.5407 -4.3863 0.0406 0.2000 0.4314 0.3922 0.1961 9.8530 2.0000 
294 295 2 -1.5857 0.5407 -4.3863 -1.6936 0.6186 -4.5357 0.0406 0.2000 0.4314 0.3922 0.1961 9.9552 2.0000 
295 296 2 -1.6936 0.6186 -4.5357 -1.7675 0.6707 -4.7141 0.0406 0.2000 0.4314 0.3922 0.1961 10.0581 2.0000 
296 297 2 -1.7675 0.6707 -4.7141 -1.8537 0.6902 -4.8935 0.0406 0.2000 0.4314 0.3922 0.1961 10.1616 2.0000 
297 298 2 -1.8537 0.6902 -4.8935 -1.9383 0.7210 -5.0720 0.0406 0.2000 0.4314 0.3922 0.1961 10.2659 2.0000 
298 299 2 -1.9383 0.7210 -5.0720 -2.0282 0.7753 -5.2422 0.0406 0.2000 0.4314 0.3922 0.1961 10.3708 2.0000 
299 300 2 -2.0282 0.7753 -5.2422 -2.0908 0.8418 -5.4202 0.0406 0.2000 0.4314 0.3922 0.1961 10.4764 2.0000 
300 301 2 -2.0908 0.8418 -5.4202 -2.1691 0.8694 -5.6021 0.0406 0.2000 0.4314 0.3922 0.1961 10.5828 2.0000 
301 302 2 -2.1691 0.8694 -5.6021 -2.2024 0.9385 -5.7869 0.0406 0.2000 0.4314 0.3922 0.1961 10.6898 2.0000 
302 303 2 -2.2024 0.9385 -5.7869 -2.2057 0.9874 -5.9807 0.0406 0.2000 0.4314 0.3922 0.1961 10.7976 2.0000 
303 304 2 -2.2057 0.9874 -5.9807 -2.2277 1.0041 -6.1788 0.0406 0.2000 0.4314 0.3922 0.1961 10.9061 2.0000 
304 305 2 -2.2277 1.0041 -6.1788 -2.2397 1.0177 -6.3780 0.0406 0.2000 0.4314 0.3922 0.1961 11.0154 2.0000 
305 306 2 -2.2397 1.0177 -6.3780 -2.2277 1.0178 -6.5776 0.0406 0.2000 0.4314 0.3922 0.1961 11.1255 2.0000 
306 307 2 -2.2277 1.0178 -6.5776 -2.2253 1.0425 -6.7761 0.0406 0.2000 0.4314 0.3922 0.1961 11.2363 2.0000 
307 308 2 -2.2253 1.0425 -6.7761 -2.2189 1.0644 -6.9748 0.0406 0.2000 0.4314 0.3922 0.1961 11.3479 2.0000 
308 309 2 -2.2189 1.0644 -6.9748 -2.2358 1.0799 -7.1735 0.0406 0.2000 0.4314 0.3922 0.1961 11.4603 2.0000 
309 310 2 -2.2358 1.0799 -7.1735 -2.2553 1.0792 -7.3725 0.0406 0.2000 0.4314 0.3922 0.1961 11.5735 2.0000 
310 311 2 -2.2553 1.0792 -7.3725 -2.2744 1.0972 -7.5708 0.0406 0.2000 0.4314 0.3922 0.1961 11.6875 2.0000 
311 312 2 -2.2744 1.0972 -7.5708 -2.2963 1.1115 -7.7691 0.0406 0.2000 0.4314 0.3922 0.1961 11.8024 2.0000 
312 313 2 -2.2963 1.1115 -7.7691 -2.3582 1.1045 -7.9591 0.0406 0.2000 0.4314 0.3922 0.1961 11.9181 2.0000 
313 314 2 -2.3582 1.1045 -7.9591 -2.4087 1.0987 -8.1526 0.0406 0.2000 0.4314 0.3922 0.1961 12.0346 2.0000 
314 315 2 -2.4087 1.0987 -8.1526 -2.4518 1.0942 -8.3478 0.0406 0.2000 0.4314 0.3922 0.1961 12.1520 2.0000 
315 316 2 -2.4518 1.0942 -8.3478 -2.4925 1.0913 -8.5436 0.0406 0.2000 0.4314 0.3922 0.1961 12.2703 2.0000 
316 317 2 -2.4925 1.0913 -8.5436 -2.5320 1.0948 -8.7396 0.0406 0.2000 0.4314 0.3922 0.1961 12.3895 2.0000 
317 318 2 -2.5320 1.0948 -8.7396 -2.5710 1.0570 -8.9321 0.0406 0.2000 0.4314 0.3922 0.1961 12.5096 2.0000 
318 319 2 -2.5710 1.0570 -8.9321 -2.5679 0.9984 -9.1233 0.0406 0.2000 0.4314 0.3922 0.1961 12.6306 2.0000 
319 320 2 -2.5679 0.9984 -9.1233 -2.6009 0.9402 -9.3118 0.0406 0.2000 0.4314 0.3922 0.1961 12.7526 2.0000 
320 321 2 -2.6009 0.9402 -9.3118 -2.5914 0.9225 -9.5108 0.0406 0.2000 0.4314 0.3922 0.1961 12.8755 2.0000 
321 322 2 -2.5914 0.9225 -9.5108 -2.5749 0.9090 -9.7097 0.0406 0.2000 0.4314 0.3922 0.1961 12.9994 2.0000 
322 323 2 -2.5749 0.9090 -9.7097 -2.5653 0.9398 -9.9070 0.0406 0.2000 0.4314 0.3922 0.1961 13.1242 2.0000 
323 324 2 -2.5653 0.9398 -9.9070 -2.5447 0.9619 -10.1047 0.0406 0.2000 0.4314 0.3922 0.1961 13.2500 2.0000 
324 325 2 -2.5447 0.9619 -10.1047 -2.5346 1.0020 -10.3004 0.0406 0.2000 0.4314 0.3922 0.1961 13.3769 2.0000 
325 326 2 -2.5346 1.0020 -10.3004 -2.5610 1.0429 -10.4944 0.0406 0.2000 0.4314 0.3922 0.1961 13.5048 2.0000 
326 327 2 -2.5610 1.0429 -10.4944 -2.5991 1.0666 -10.6893 0.0406 0.2000 0.4314 0.3922 0.1961 13.6337 2.0000 
327 328 2 -2.5991 1.0666 -10.6893 -2.6213 1.1111 -10.8830 0.0406 0.2000 0.4314 0.3922 0.1961 13.7637 2.0000 
328 329 2 -2.6213 1.1111 -10.8830 -2.6646 1.1474 -11.0749 0.0406 0.2000 0.4314 0.3922 0.1961 13.8947 2.0000 
329 330 2 -2.6646 1.1474 -11.0749 -2.7049 1.1877 -11.2666 0.0406 0.2000 0.4314 0.3922 0.1961 14.0269 2.0000 
330 331 2 -2.7049 1.1877 -11.2666 -2.7491 1.2242 -11.4582 0.0406 0.2000 0.4314 0.3922 0.1961 14.1602 2.0000 
331 332 2 -2.7491 1.2242 -11.4582 -2.8185 1.2653 -11.6412 0.0406 0.2000 0.4314 0.3922 0.1961 14.2946 2.0000 
332 333 2 -2.8185 1.2653 -11.6412 -2.8675 1.3114 -11.8296 0.0406 0.2000 0.4314 0.3922 0.1961 14.4302 2.0000 
333 334 2 -2.8675 1.3114 -11.8296 -2.9140 1.3442 -12.0213 0.0406 0.2000 0.4314 0.3922 0.1961 14.5669 2.0000 
334 335 2 -2.9140 1.3442 -12.0213 -2.9440 1.3740 -12.2168 0.0406 0.2000 0.4314 0.3922 0.1961 14.7048 2.0000 
335 336 2 -2.9440 1.3740 -12.2168 -2.9268 1.3881 -12.4155 0.0406 0.2000 0.4314 0.3922 0.1961 14.8440 2.0000 
336 337 2 -2.9268 1.3881 -12.4155 -2.9617 1.4316 -12.6076 0.0406 0.2000 0.4314 0.3922 0.1961 14.9844 2.0000 
337 338 2 -2.9617 1.4316 -12.6076 -3.0050 1.4698 -12.7991 0.0406 0.2000 0.4314 0.3922 0.1961 15.1260 2.0000 
338 339 2 -3.0050 1.4698 -12.7991 -3.0614 1.5108 -12.9865 0.0406 0.2000 0.4314 0.3922 0.1961 15.2690 2.0000 
339 340 2 -3.0614 1.5108 -12.9865 -3.1124 1.5454 -13.1768 0.0406 0.2000 0.4314 0.3922 0.1961 15.4132 2.0000 
340 341 2 -3.1124 1.5454 -13.1768 -3.1651 1.5820 -13.3662 0.0406 0.2000 0.4314 0.3922 0.1961 15.5588 2.0000 
341 342 2 -3.1651 1.5820 -13.3662 -3.2482 1.5891 -13.5480 0.0406 0.2000 0.4314 0.3922 0.1961 15.7057 2.0000 
342 343 2 -3.2482 1.5891 -13.5480 -3.3215 1.5940 -13.7341 0.0406 0.2000 0.4314 0.3922 0.1961 15.8540 2.0000 
343 344 2 -3.3215 1.5940 -13.7341 -3.4070 1.5975 -13.9148 0.0406 0.2000 0.4314 0.3922 0.1961 16.0037 2.0000 
344 345 2 -3.4070 1.5975 -13.9148 -3.5143 1.6289 -14.0807 0.0406 0.2000 0.4314 0.3922 0.1961 16.1549 2.0000 
345 346 2 -3.5143 1.6289 -14.0807 -3.6142 1.6333 -14.2538 0.0406 0.2000 0.4314 0.3922 0.1961 16.3075 2.0000 
346 347 2 -3.6142 1.6333 -14.2538 -3.7020 1.6342 -14.4336 0.0406 0.2000 0.4314 0.3922 0.1961 16.4616 2.0000 
347 348 2 -3.7020 1.6342 -14.4336 -3.7625 1.6576 -14.6227 0.0406 0.2000 0.4314 0.3922 0.1961 16.6172 2.0000 
348 349 2 -3.7625 1.6576 -14.6227 -3.8230 1.6808 -14.8119 0.0406 0.2000 0.4314 0.3922 0.1961 16.7744 2.0000 
349 350 2 -3.8230 1.6808 -14.8119 -3.8433 1.7006 -15.0099 0.0406 0.2000 0.4314 0.3922 0.1961 16.9331 2.0000 
350 351 2 -3.8433 1.7006 -15.0099 -3.8341 1.7053 -15.2097 0.0406 0.2000 0.4314 0.3922 0.1961 17.0935 2.0000 
351 352 2 -3.8341 1.7053 -15.2097 -3.8059 1.7187 -15.4072 0.0406 0.2000 0.4314 0.3922 0.1961 17.2555 2.0000 
352 353 2 -3.8059 1.7187 -15.4072 -3.7689 1.7240 -15.6037 0.0406 0.2000 0.4314 0.3922 0.1961 17.4191 2.0000 
353 354 2 -3.7689 1.7240 -15.6037 -3.7338 1.7253 -15.8006 0.0406 0.2000 0.4314 0.3922 0.1961 17.5845 2.0000 
354 355 2 -3.7338 1.7253 -15.8006 -3.7005 1.6840 -15.9934 0.0406 0.2000 0.4314 0.3922 0.1961 17.7517 2.0000 
355 356 2 -3.7005 1.6840 -15.9934 -3.6567 1.6605 -16.1871 0.0406 0.2000 0.4314 0.3922 0.1961 17.9206 2.0000 
356 357 2 -3.6567 1.6605 -16.1871 -3.6161 1.6337 -16.3811 0.0406 0.2000 0.4314 0.3922 0.1961 18.0914 2.0000 
357 358 2 -3.6161 1.6337 -16.3811 -3.5641 1.5927 -16.5698 0.0406 0.2000 0.4314 0.3922 0.1961 18.2640 2.0000 
358 359 2 -3.5641 1.5927 -16.5698 -3.5152 1.5607 -16.7611 0.0406 0.2000 0.4314 0.3922 0.1961 18.4386 2.0000 
359 360 2 -3.5152 1.5607 -16.7611 -3.4756 1.5377 -16.9558 0.0406 0.2000 0.4314 0.3922 0.1961 18.6151 2.0000 
360 361 2 -3.4756 1.5377 -16.9558 -3.4285 1.5183 -17.1492 0.0406 0.2000 0.4314 0.3922 0.1961 18.7936 2.0000 
361 362 2 -3.4285 1.5183 -17.1492 -3.4066 1.4908 -17.3461 0.0406 0.2000 0.4314 0.3922 0.1961 18.9741 2.0000 
362 363 2 -3.4066 1.4908 -17.3461 -3.3947 1.4574 -17.5429 0.0406 0.2000 0.4314 0.3922 0.1961 19.1567 2.0000 
363 364 2 -3.3947 1.4574 -17.5429 -3.3771 1.4468 -17.7419 0.0406 0.2000 0.4314 0.3922 0.1961 19.3415 2.0000 
364 365 2 -3.3771 1.4468 -17.7419 -3.3912 1.4839 -17.9379 0.0406 0.2000 0.4314 0.3922 0.1961 19.5284 2.0000 
365 366 2 -3.3912 1.4839 -17.9379 -3.4107 1.5341 -18.1305 0.0406 0.2000 0.4314 0.3922 0.1961 19.7176 2.0000 
366 367 2 -3.4107 1.5341 -18.1305 -3.4169 1.5608 -18.3286 0.0406 0.2000 0.4314 0.3922 0.1961 19.9091 2.0000 
367 368 2 -3.4169 1.5608 -18.3286 -3.4451 1.5890 -18.5246 0.0406 0.2000 0.4314 0.3922 0.1961 20.1030 2.0000 
368 369 2 -3.4451 1.5890 -18.5246 -3.4492 1.6145 -18.7229 0.0406 0.2000 0.4314 0.3922 0.1961 20.2992 2.0000 
369 370 2 -3.4492 1.6145 -18.7229 -3.4360 1.6637 -18.9163 0.0406 0.2000 0.4314 0.3922 0.1961 20.4979 2.0000 
370 371 2 -3.4360 1.6637 -18.9163 -3.4429 1.7349 -19.1031 0.0406 0.2000 0.4314 0.3922 0.1961 20.6992 2.0000 
371 372 2 -3.4429 1.7349 -19.1031 -3.4561 1.8050 -19.2899 0.0406 0.2000 0.4314 0.3922 0.1961 20.9030 2.0000 
372 373 2 -3.4561 1.8050 -19.2899 -3.4562 1.8690 -19.4794 0.0406 0.2000 0.4314 0.3922 0.1961 21.1095 2.0000 
373 374 2 -3.4562 1.8690 -19.4794 -3.4466 1.9221 -19.6720 0.0406 0.2000 0.4314 0.3922 0.1961 21.3188 2.0000 
374 375 2 -3.4466 1.9221 -19.6720 -3.3967 1.9294 -19.8655 0.0406 0.2000 0.4314 0.3922 0.1961 21.5309 2.0000 
375 376 2 -3.3967 1.9294 -19.8655 -3.3387 1.9699 -20.0526 0.0406 0.2000 0.4314 0.3922 0.1961 21.7458 2.0000 
376 377 2 -3.3387 1.9699 -20.0526 -3.2836 2.0078 -20.2411 0.0406 0.2000 0.4314 0.3922 0.1961 21.9637 2.0000 
377 378 2 -3.2836 2.0078 -20.2411 -3.2075 2.0232 -20.4254 0.0406 0.2000 0.4314 0.3922 0.1961 22.1847 2.0000 
378 379 2 -3.2075 2.0232 -20.4254 -3.1201 2.0326 -20.6051 0.0406 0.2000 0.4314 0.3922 0.1961 22.4088 2.0000 
379 380 2 -3.1201 2.0326 -20.6051 -3.0360 2.0447 -20.7861 0.0406 0.2000 0.4314 0.3922 0.1961 22.6362 2.0000 
380 381 2 -3.0360 2.0447 -20.7861 -2.9503 2.0386 -20.9667 0.0406 0.2000 0.4314 0.3922 0.1961 22.8668 2.0000 
381 382 2 -2.9503 2.0386 -20.9667 -2.8521 2.0277 -21.1406 0.0406 0.2000 0.4314 0.3922 0.1961 23.1009 2.0000 
382 383 2 -2.8521 2.0277 -21.1406 -2.7830 1.9889 -21.3243 0.0406 0.2000 0.4314 0.3922 0.1961 23.3385 2.0000 
383 384 2 -2.7830 1.9889 -21.3243 -2.6732 1.8861 -21.4561 0.0406 0.2000 0.4314 0.3922 0.1961 23.5797 2.0000 
384 385 2 -2.6732 1.8861 -21.4561 -2.5543 1.7878 -21.5833 0.0406 0.2000 0.4314 0.3922 0.1961 23.8247 2.0000 
385 386 2 -2.5543 1.7878 -21.5833 -2.4239 1.6721 -21.6813 0.0406 0.2000 0.4314 0.3922 0.1961 24.0736 2.0000 
386 387 2 -2.4239 1.6721 -21.6813 -2.3195 1.5653 -21.8143 0.0406 0.2000 0.4314 0.3922 0.1961 24.3264 2.0000 
387 388 2 -2.3195 1.5653 -21.8143 -2.2084 1.4725 -21.9523 0.0406 0.2000 0.4314 0.3922 0.1961 24.5833 2.0000 
388 389 2 -2.2084 1.4725 -21.9523 -2.0966 1.3850 -22.0932 0.0406 0.2000 0.4314 0.3922 0.1961 24.8445 2.0000 
389 390 2 -2.0966 1.3850 -22.0932 -1.9848 1.2975 -22.2341 0.0406 0.2000 0.4314 0.3922 0.1961 25.1101 2.0000 
390 391 2 -1.9848 1.2975 -22.2341 -1.8642 1.2153 -22.3708 0.0406 0.2000 0.4314 0.3922 0.1961 25.3803 2.0000 
391 392 2 -1.8642 1.2153 -22.3708 -1.7404 1.1394 -22.5083 0.0406 0.2000 0.4314 0.3922 0.1961 25.6551 2.0000 
392 393 2 -1.7404 1.1394 -22.5083 -1.6165 1.0624 -22.6452 0.0406 0.2000 0.4314 0.3922 0.1961 25.9348 2.0000 
393 394 2 -1.6165 1.0624 -22.6452 -1.5023 0.9702 -22.7810 0.0406 0.2000 0.4314 0.3922 0.1961 26.2196 2.0000 
394 395 2 -1.5023 0.9702 -22.7810 -1.3747 0.8879 -22.9111 0.0406 0.2000 0.4314 0.3922 0.1961 26.5096 2.0000 
395 396 2 -1.3747 0.8879 -22.9111 -1.2474 0.7954 -23.0346 0.0406 0.2000 0.4314 0.3922 0.1961 26.8050 2.0000 
396 397 2 -1.2474 0.7954 -23.0346 -1.1381 0.6958 -23.1692 0.0406 0.2000 0.4314 0.3922 0.1961 27.1060 2.0000 
397 398 2 -1.1381 0.6958 -23.1692 -1.0347 0.5793 -23.2947 0.0406 0.2000 0.4314 0.3922 0.1961 27.4129 2.0000 
398 399 2 -1.0347 0.5793 -23.2947 -0.9123 0.4635 -23.4024 0.0406 0.2000 0.4314 0.3922 0.1961 27.7259 2.0000 
399 400 2 -0.9123 0.4635 -23.4024 -0.7695 0.3683 -23.5052 0.0406 0.2000 0.4314 0.3922 0.1961 28.0452 2.0000 
400 401 2 -0.7695 0.3683 -23.5052 -0.6127 0.2921 -23.6032 0.0406 0.2000 0.4314 0.3922 0.1961 28.3712 2.0000 
401 402 2 -0.6127 0.2921 -23.6032 -0.4720 0.2013 -23.7126 0.0406 0.2000 0.4314 0.3922 0.1961 28.7039 2.0000 
402 403 2 -0.4720 0.2013 -23.7126 -0.3684 0.0866 -23.8396 0.0406 0.2000 0.4314 0.3922 0.1961 29.0439 2.0000 
403 404 2 -0.3684 0.0866 -23.8396 -0.2836 -0.0167 -23.9883 0.0406 0.2000 0.4314 0.3922 0.1961 29.3913 2.0000 
404 405 2 -0.2836 -0.0167 -23.9883 -0.2335 -0.1333 -24.1429 0.0406 0.2000 0.4314 0.3922 0.1961 29.7466 2.0000 
405 406 2 -0.2335 -0.1333 -24.1429 -0.2010 -0.2170 -24.2502 0.0406 0.1399 0.4314 0.3922 0.1961 30.0000 2.0000 
4 407 3 -0.0107 -0.0658 -3.7747 -0.1265 -0.2090 -3.8525 0.0616 0.2000 0.4314 0.3922 0.1961 9.3325 2.0000 
407 408 3 -0.1265 -0.2090 -3.8525 -0.2442 -0.3475 -3.9359 0.0616 0.2000 0.4314 0.3922 0.1961 9.4282 2.0000 
408 409 3 -0.2442 -0.3475 -3.9359 -0.3830 -0.4770 -3.9990 0.0616 0.2000 0.4314 0.3922 0.1961 9.5246 2.0000 
409 410 3 -0.3830 -0.4770 -3.9990 -0.4998 -0.6157 -4.0835 0.0616 0.2000 0.4314 0.3922 0.1961 9.6216 2.0000 
410 411 3 -0.4998 -0.6157 -4.0835 -0.5512 -0.7787 -4.1874 0.0616 0.2000 0.4314 0.3922 0.1961 9.7192 2.0000 
411 412 3 -0.5512 -0.7787 -4.1874 -0.6097 -0.9374 -4.2941 0.0616 0.2000 0.4314 0.3922 0.1961 9.8176 2.0000 
412 413 3 -0.6097 -0.9374 -4.2941 -0.6477 -1.0976 -4.4076 0.0616 0.2000 0.4314 0.3922 0.1961 9.9166 2.0000 
413 414 3 -0.6477 -1.0976 -4.4076 -0.6937 -1.2613 -4.5129 0.0616 0.2000 0.4314 0.3922 0.1961 10.0163 2.0000 
414 415 3 -0.6937 -1.2613 -4.5129 -0.7226 -1.3822 -4.6695 0.0616 0.2000 0.4314 0.3922 0.1961 10.1167 2.0000 
415 416 3 -0.7226 -1.3822 -4.6695 -0.7200 -1.4823 -4.8426 0.0616 0.2000 0.4314 0.3922 0.1961 10.2178 2.0000 
416 417 3 -0.7200 -1.4823 -4.8426 -0.7193 -1.5788 -5.0178 0.0616 0.2000 0.4314 0.3922 0.1961 10.3197 2.0000 
417 418 3 -0.7193 -1.5788 -5.0178 -0.7296 -1.6671 -5.1970 0.0616 0.2000 0.4314 0.3922 0.1961 10.4222 2.0000 
418 419 3 -0.7296 -1.6671 -5.1970 -0.7365 -1.7617 -5.3730 0.0616 0.2000 0.4314 0.3922 0.1961 10.5255 2.0000 
419 420 3 -0.7365 -1.7617 -5.3730 -0.7422 -1.8459 -5.5544 0.0616 0.2000 0.4314 0.3922 0.1961 10.6296 2.0000 
420 421 3 -0.7422 -1.8459 -5.5544 -0.7297 -1.9647 -5.7148 0.0616 0.2000 0.4314 0.3922 0.1961 10.7344 2.0000 
421 422 3 -0.7297 -1.9647 -5.7148 -0.7395 -2.0925 -5.8684 0.0616 0.2000 0.4314 0.3922 0.1961 10.8400 2.0000 
422 423 3 -0.7395 -2.0925 -5.8684 -0.7196 -2.2305 -6.0117 0.0616 0.2000 0.4314 0.3922 0.1961 10.9464 2.0000 
423 424 3 -0.7196 -2.2305 -6.0117 -0.6637 -2.3681 -6.1456 0.0616 0.2000 0.4314 0.3922 0.1961 11.0535 2.0000 
424 425 3 -0.6637 -2.3681 -6.1456 -0.5763 -2.4872 -6.2805 0.0616 0.2000 0.4314 0.3922 0.1961 11.1615 2.0000 
425 426 3 -0.5763 -2.4872 -6.2805 -0.5111 -2.6022 -6.4305 0.0616 0.2000 0.4314 0.3922 0.1961 11.2703 2.0000 
426 427 3 -0.5111 -2.6022 -6.4305 -0.4378 -2.7246 -6.5707 0.0616 0.2000 0.4314 0.3922 0.1961 11.3800 2.0000 
427 428 3 -0.4378 -2.7246 -6.5707 -0.3878 -2.8011 -6.7486 0.0616 0.2000 0.4314 0.3922 0.1961 11.4904 2.0000 
428 429 3 -0.3878 -2.8011 -6.7486 -0.3159 -2.8464 -6.9297 0.0616 0.2000 0.4314 0.3922 0.1961 11.6018 2.0000 
429 430 3 -0.3159 -2.8464 -6.9297 -0.2443 -2.8912 -7.1110 0.0616 0.2000 0.4314 0.3922 0.1961 11.7140 2.0000 
430 431 3 -0.2443 -2.8912 -7.1110 -0.1615 -2.9313 -7.2886 0.0616 0.2000 0.4314 0.3922 0.1961 11.8271 2.0000 
431 432 3 -0.1615 -2.9313 -7.2886 -0.0805 -2.9713 -7.4670 0.0616 0.2000 0.4314 0.3922 0.1961 11.9411 2.0000 
432 433 3 -0.0805 -2.9713 -7.4670 0.0094 -3.0002 -7.6433 0.0616 0.2000 0.4314 0.3922 0.1961 12.0560 2.0000 
433 434 3 0.0094 -3.0002 -7.6433 0.1008 -3.0250 -7.8195 0.0616 0.2000 0.4314 0.3922 0.1961 12.1719 2.0000 
434 435 3 0.1008 -3.0250 -7.8195 0.1968 -3.0519 -7.9928 0.0616 0.2000 0.4314 0.3922 0.1961 12.2886 2.0000 
435 436 3 0.1968 -3.0519 -7.9928 0.2740 -3.0942 -8.1724 0.0616 0.2000 0.4314 0.3922 0.1961 12.4064 2.0000 
436 437 3 0.2740 -3.0942 -8.1724 0.3453 -3.1102 -8.3586 0.0616 0.2000 0.4314 0.3922 0.1961 12.5251 2.0000 
437 438 3 0.3453 -3.1102 -8.3586 0.4426 -3.1175 -8.5332 0.0616 0.2000 0.4314 0.3922 0.1961 12.6448 2.0000 
438 439 3 0.4426 -3.1175 -8.5332 0.4996 -3.1453 -8.7229 0.0616 0.2000 0.4314 0.3922 0.1961 12.7656 2.0000 
439 440 3 0.4996 -3.1453 -8.7229 0.5201 -3.1969 -8.9150 0.0616 0.2000 0.4314 0.3922 0.1961 12.8873 2.0000 
440 441 3 0.5201 -3.1969 -8.9150 0.5809 -3.2400 -9.1006 0.0616 0.2000 0.4314 0.3922 0.1961 13.0101 2.0000 
441 442 3 0.5809 -3.2400 -9.1006 0.6679 -3.2739 -9.2774 0.0616 0.2000 0.4314 0.3922 0.1961 13.1340 2.0000 
442 443 3 0.6679 -3.2739 -9.2774 0.7387 -3.2786 -9.4644 0.0616 0.2000 0.4314 0.3922 0.1961 13.2589 2.0000 
443 444 3 0.7387 -3.2786 -9.4644 0.8175 -3.3068 -9.6460 0.0616 0.2000 0.4314 0.3922 0.1961 13.3850 2.0000 
444 445 3 0.8175 -3.3068 -9.6460 0.8966 -3.3363 -9.8274 0.0616 0.2000 0.4314 0.3922 0.1961 13.5121 2.0000 
445 446 3 0.8966 -3.3363 -9.8274 0.9731 -3.3238 -10.0117 0.0616 0.2000 0.4314 0.3922 0.1961 13.6404 2.0000 
446 447 3 0.9731 -3.3238 -10.0117 1.0561 -3.3042 -10.1926 0.0616 0.2000 0.4314 0.3922 0.1961 13.7699 2.0000 
447 448 3 1.0561 -3.3042 -10.1926 1.1553 -3.2797 -10.3646 0.0616 0.2000 0.4314 0.3922 0.1961 13.9006 2.0000 
448 449 3 1.1553 -3.2797 -10.3646 1.2660 -3.2301 -10.5236 0.0616 0.2000 0.4314 0.3922 0.1961 14.0324 2.0000 
449 450 3 1.2660 -3.2301 -10.5236 1.3918 -3.2391 -10.6788 0.0616 0.2000 0.4314 0.3922 0.1961 14.1655 2.0000 
450 451 3 1.3918 -3.2391 -10.6788 1.5257 -3.2454 -10.8273 0.0616 0.2000 0.4314 0.3922 0.1961 14.2998 2.0000 
451 452 3 1.5257 -3.2454 -10.8273 1.6347 -3.2764 -10.9921 0.0616 0.2000 0.4314 0.3922 0.1961 14.4354 2.0000 
452 453 3 1.6347 -3.2764 -10.9921 1.7569 -3.2992 -11.1487 0.0616 0.2000 0.4314 0.3922 0.1961 14.5723 2.0000 
453 454 3 1.7569 -3.2992 -11.1487 1.8691 -3.3518 -11.3057 0.0616 0.2000 0.4314 0.3922 0.1961 14.7105 2.0000 
454 455 3 1.8691 -3.3518 -11.3057 1.9845 -3.3855 -11.4656 0.0616 0.2000 0.4314 0.3922 0.1961 14.8501 2.0000 
455 456 3 1.9845 -3.3855 -11.4656 2.0976 -3.4302 -11.6243 0.0616 0.2000 0.4314 0.3922 0.1961 14.9910 2.0000 
456 457 3 2.0976 -3.4302 -11.6243 2.2103 -3.4755 -11.7832 0.0616 0.2000 0.4314 0.3922 0.1961 15.1333 2.0000 
457 458 3 2.2103 -3.4755 -11.7832 2.3226 -3.4687 -11.9485 0.0616 0.2000 0.4314 0.3922 0.1961 15.2771 2.0000 
458 459 3 2.3226 -3.4687 -11.9485 2.4346 -3.4623 -12.1141 0.0616 0.2000 0.4314 0.3922 0.1961 15.4223 2.0000 
459 460 3 2.4346 -3.4623 -12.1141 2.5110 -3.4836 -12.2977 0.0616 0.2000 0.4314 0.3922 0.1961 15.5690 2.0000 
460 461 3 2.5110 -3.4836 -12.2977 2.5876 -3.5047 -12.4813 0.0616 0.2000 0.4314 0.3922 0.1961 15.7173 2.0000 
461 462 3 2.5876 -3.5047 -12.4813 2.6462 -3.5697 -12.6612 0.0616 0.2000 0.4314 0.3922 0.1961 15.8670 2.0000 
462 463 3 2.6462 -3.5697 -12.6612 2.7047 -3.6345 -12.8411 0.0616 0.2000 0.4314 0.3922 0.1961 16.0184 2.0000 
463 464 3 2.7047 -3.6345 -12.8411 2.7244 -3.7033 -13.0278 0.0616 0.2000 0.4314 0.3922 0.1961 16.1714 2.0000 
464 465 3 2.7244 -3.7033 -13.0278 2.7392 -3.7462 -13.2226 0.0616 0.2000 0.4314 0.3922 0.1961 16.3260 2.0000 
465 466 3 2.7392 -3.7462 -13.2226 2.7610 -3.7799 -13.4185 0.0616 0.2000 0.4314 0.3922 0.1961 16.4824 2.0000 
466 467 3 2.7610 -3.7799 -13.4185 2.7589 -3.7966 -13.6178 0.0616 0.2000 0.4314 0.3922 0.1961 16.6404 2.0000 
467 468 3 2.7589 -3.7966 -13.6178 2.7719 -3.8521 -13.8096 0.0616 0.2000 0.4314 0.3922 0.1961 16.8002 2.0000 
468 469 3 2.7719 -3.8521 -13.8096 2.7629 -3.8599 -14.0092 0.0616 0.2000 0.4314 0.3922 0.1961 16.9618 2.0000 
469 470 3 2.7629 -3.8599 -14.0092 2.7579 -3.8670 -14.2090 0.0616 0.2000 0.4314 0.3922 0.1961 17.1253 2.0000 
470 471 3 2.7579 -3.8670 -14.2090 2.7536 -3.8699 -14.4089 0.0616 0.2000 0.4314 0.3922 0.1961 17.2907 2.0000 
471 472 3 2.7536 -3.8699 -14.4089 2.7399 -3.8797 -14.6082 0.0616 0.2000 0.4314 0.3922 0.1961 17.4579 2.0000 
472 473 3 2.7399 -3.8797 -14.6082 2.6905 -3.8582 -14.8008 0.0616 0.2000 0.4314 0.3922 0.1961 17.6272 2.0000 
473 474 3 2.6905 -3.8582 -14.8008 2.6491 -3.8371 -14.9954 0.0616 0.2000 0.4314 0.3922 0.1961 17.7985 2.0000 
474 475 3 2.6491 -3.8371 -14.9954 2.6039 -3.8212 -15.1896 0.0616 0.2000 0.4314 0.3922 0.1961 17.9719 2.0000 
475 476 3 2.6039 -3.8212 -15.1896 2.5291 -3.8443 -15.3736 0.0616 0.2000 0.4314 0.3922 0.1961 18.1473 2.0000 
476 477 3 2.5291 -3.8443 -15.3736 2.4845 -3.8005 -15.5636 0.0616 0.2000 0.4314 0.3922 0.1961 18.3250 2.0000 
477 478 3 2.4845 -3.8005 -15.5636 2.4240 -3.7945 -15.7541 0.0616 0.2000 0.4314 0.3922 0.1961 18.5049 2.0000 
478 479 3 2.4240 -3.7945 -15.7541 2.3627 -3.7397 -15.9364 0.0616 0.2000 0.4314 0.3922 0.1961 18.6871 2.0000 
479 480 3 2.3627 -3.7397 -15.9364 2.2921 -3.6986 -16.1190 0.0616 0.2000 0.4314 0.3922 0.1961 18.8716 2.0000 
480 481 3 2.2921 -3.6986 -16.1190 2.2373 -3.6512 -16.3054 0.0616 0.2000 0.4314 0.3922 0.1961 19.0586 2.0000 
481 482 3 2.2373 -3.6512 -16.3054 2.1890 -3.6065 -16.4943 0.0616 0.2000 0.4314 0.3922 0.1961 19.2480 2.0000 
482 483 3 2.1890 -3.6065 -16.4943 2.1127 -3.5546 -16.6717 0.0616 0.2000 0.4314 0.3922 0.1961 19.4400 2.0000 
483 484 3 2.1127 -3.5546 -16.6717 2.0482 -3.5563 -16.8610 0.0616 0.2000 0.4314 0.3922 0.1961 19.6345 2.0000 
484 485 3 2.0482 -3.5563 -16.8610 1.9845 -3.5398 -17.0499 0.0616 0.2000 0.4314 0.3922 0.1961 19.8318 2.0000 
485 486 3 1.9845 -3.5398 -17.0499 1.9263 -3.5203 -17.2402 0.0616 0.2000 0.4314 0.3922 0.1961 20.0318 2.0000 
486 487 3 1.9263 -3.5203 -17.2402 1.8634 -3.5021 -17.4292 0.0616 0.2000 0.4314 0.3922 0.1961 20.2346 2.0000 
487 488 3 1.8634 -3.5021 -17.4292 1.8305 -3.4429 -17.6174 0.0616 0.2000 0.4314 0.3922 0.1961 20.4404 2.0000 
488 489 3 1.8305 -3.4429 -17.6174 1.8167 -3.4118 -17.8145 0.0616 0.2000 0.4314 0.3922 0.1961 20.6491 2.0000 
489 490 3 1.8167 -3.4118 -17.8145 1.7782 -3.3807 -18.0082 0.0616 0.2000 0.4314 0.3922 0.1961 20.8610 2.0000 
490 491 3 1.7782 -3.3807 -18.0082 1.7422 -3.3526 -18.2030 0.0616 0.2000 0.4314 0.3922 0.1961 21.0760 2.0000 
491 492 3 1.7422 -3.3526 -18.2030 1.7038 -3.3009 -18.3923 0.0616 0.2000 0.4314 0.3922 0.1961 21.2943 2.0000 
492 493 3 1.7038 -3.3009 -18.3923 1.6760 -3.2300 -18.5772 0.0616 0.2000 0.4314 0.3922 0.1961 21.5160 2.0000 
493 494 3 1.6760 -3.2300 -18.5772 1.6568 -3.1791 -18.7697 0.0616 0.2000 0.4314 0.3922 0.1961 21.7412 2.0000 
494 495 3 1.6568 -3.1791 -18.7697 1.6046 -3.1721 -18.9626 0.0616 0.2000 0.4314 0.3922 0.1961 21.9699 2.0000 
495 496 3 1.6046 -3.1721 -18.9626 1.5001 -3.1857 -19.1326 0.0616 0.2000 0.4314 0.3922 0.1961 22.2024 2.0000 
496 497 3 1.5001 -3.1857 -19.1326 1.4232 -3.2087 -19.3158 0.0616 0.2000 0.4314 0.3922 0.1961 22.4387 2.0000 
497 498 3 1.4232 -3.2087 -19.3158 1.3350 -3.2234 -19.4947 0.0616 0.2000 0.4314 0.3922 0.1961 22.6790 2.0000 
498 499 3 1.3350 -3.2234 -19.4947 1.2465 -3.2384 -19.6734 0.0616 0.2000 0.4314 0.3922 0.1961 22.9234 2.0000 
499 500 3 1.2465 -3.2384 -19.6734 1.1748 -3.2269 -19.8598 0.0616 0.2000 0.4314 0.3922 0.1961 23.1720 2.0000 
500 501 3 1.1748 -3.2269 -19.8598 1.1285 -3.2465 -20.0534 0.0616 0.2000 0.4314 0.3922 0.1961 23.4251 2.0000 
501 502 3 1.1285 -3.2465 -20.0534 1.0912 -3.2667 -20.2488 0.0616 0.2000 0.4314 0.3922 0.1961 23.6827 2.0000 
502 503 3 1.0912 -3.2667 -20.2488 1.0480 -3.2705 -20.4440 0.0616 0.2000 0.4314 0.3922 0.1961 23.9450 2.0000 
503 504 3 1.0480 -3.2705 -20.4440 1.0071 -3.2831 -20.6394 0.0616 0.2000 0.4314 0.3922 0.1961 24.2122 2.0000 
504 505 3 1.0071 -3.2831 -20.6394 0.9334 -3.2870 -20.8253 0.0616 0.2000 0.4314 0.3922 0.1961 24.4845 2.0000 
505 506 3 0.9334 -3.2870 -20.8253 0.8922 -3.2933 -21.0209 0.0616 0.2000 0.4314 0.3922 0.1961 24.7620 2.0000 
506 507 3 0.8922 -3.2933 -21.0209 0.8517 -3.3000 -21.2167 0.0616 0.2000 0.4314 0.3922 0.1961 25.0451 2.0000 
507 508 3 0.8517 -3.3000 -21.2167 0.8098 -3.3115 -21.4119 0.0616 0.2000 0.4314 0.3922 0.1961 25.3338 2.0000 
508 509 3 0.8098 -3.3115 -21.4119 0.7752 -3.3202 -21.6087 0.0616 0.2000 0.4314 0.3922 0.1961 25.6285 2.0000 
509 510 3 0.7752 -3.3202 -21.6087 0.7017 -3.3420 -21.7934 0.0616 0.2000 0.4314 0.3922 0.1961 25.9294 2.0000 
510 511 3 0.7017 -3.3420 -21.7934 0.6381 -3.3558 -21.9825 0.0616 0.2000 0.4314 0.3922 0.1961 26.2368 2.0000 
511 512 3 0.6381 -3.3558 -21.9825 0.5768 -3.3684 -22.1725 0.0616 0.2000 0.4314 0.3922 0.1961 26.5509 2.0000 
512 513 3 0.5768 -3.3684 -22.1725 0.5244 -3.3975 -22.3633 0.0616 0.2000 0.4314 0.3922 0.1961 26.8720 2.0000 
513 514 3 0.5244 -3.3975 -22.3633 0.4475 -3.4498 -22.5403 0.0616 0.2000 0.4314 0.3922 0.1961 27.2006 2.0000 
514 515 3 0.4475 -3.4498 -22.5403 0.3995 -3.5060 -22.7262 0.0616 0.2000 0.4314 0.3922 0.1961 27.5368 2.0000 
515 516 3 0.3995 -3.5060 -22.7262 0.3520 -3.5566 -22.9137 0.0616 0.2000 0.4314 0.3922 0.1961 27.8811 2.0000 
516 517 3 0.3520 -3.5566 -22.9137 0.3163 -3.6237 -23.0987 0.0616 0.2000 0.4314 0.3922 0.1961 28.2339 2.0000 
517 518 3 0.3163 -3.6237 -23.0987 0.2801 -3.6894 -23.2841 0.0616 0.2000 0.4314 0.3922 0.1961 28.5956 2.0000 
518 519 3 0.2801 -3.6894 -23.2841 0.3099 -3.7884 -23.4553 0.0616 0.2000 0.4314 0.3922 0.1961 28.9667 2.0000 
519 520 3 0.3099 -3.7884 -23.4553 0.3458 -3.8560 -23.6401 0.0616 0.2000 0.4314 0.3922 0.1961 29.3477 2.0000 
520 521 3 0.3458 -3.8560 -23.6401 0.4155 -3.9162 -23.8176 0.0616 0.2000 0.4314 0.3922 0.1961 29.7391 2.0000 
521 522 3 0.4155 -3.9162 -23.8176 0.4297 -3.9680 -23.9363 0.0616 0.1303 0.4314 0.3922 0.1961 30.0000 2.0000 
6 523 4 0.0275 -0.0937 -4.1709 0.1637 0.0526 -4.1771 0.0812 0.2000 0.4314 0.3922 0.1961 9.7213 2.0000 
523 524 4 0.1637 0.0526 -4.1771 0.2919 0.2015 -4.2144 0.0812 0.2000 0.4314 0.3922 0.1961 9.8203 2.0000 
524 525 4 0.2919 0.2015 -4.2144 0.4347 0.3227 -4.2846 0.0812 0.2000 0.4314 0.3922 0.1961 9.9201 2.0000 
525 526 4 0.4347 0.3227 -4.2846 0.5917 0.4331 -4.3408 0.0812 0.2000 0.4314 0.3922 0.1961 10.0205 2.0000 
526 527 4 0.5917 0.4331 -4.3408 0.7467 0.5488 -4.3917 0.0812 0.2000 0.4314 0.3922 0.1961 10.1215 2.0000 
527 528 4 0.7467 0.5488 -4.3917 0.9130 0.6516 -4.4337 0.0812 0.2000 0.4314 0.3922 0.1961 10.2232 2.0000 
528 529 4 0.9130 0.6516 -4.4337 1.0826 0.7469 -4.4802 0.0812 0.2000 0.4314 0.3922 0.1961 10.3257 2.0000 
529 530 4 1.0826 0.7469 -4.4802 1.2532 0.8419 -4.5235 0.0812 0.2000 0.4314 0.3922 0.1961 10.4288 2.0000 
530 531 4 1.2532 0.8419 -4.5235 1.4205 0.9301 -4.5885 0.0812 0.2000 0.4314 0.3922 0.1961 10.5326 2.0000 
531 532 4 1.4205 0.9301 -4.5885 1.5627 1.0267 -4.6907 0.0812 0.2000 0.4314 0.3922 0.1961 10.6371 2.0000 
532 533 4 1.5627 1.0267 -4.6907 1.7016 1.0897 -4.8201 0.0812 0.2000 0.4314 0.3922 0.1961 10.7424 2.0000 
533 534 4 1.7016 1.0897 -4.8201 1.8101 1.1791 -4.9624 0.0812 0.2000 0.4314 0.3922 0.1961 10.8483 2.0000 
534 535 4 1.8101 1.1791 -4.9624 1.9150 1.2687 -5.1071 0.0812 0.2000 0.4314 0.3922 0.1961 10.9551 2.0000 
535 536 4 1.9150 1.2687 -5.1071 2.0229 1.3543 -5.2522 0.0812 0.2000 0.4314 0.3922 0.1961 11.0626 2.0000 
536 537 4 2.0229 1.3543 -5.2522 2.1019 1.4327 -5.4183 0.0812 0.2000 0.4314 0.3922 0.1961 11.1708 2.0000 
537 538 4 2.1019 1.4327 -5.4183 2.1880 1.5179 -5.5775 0.0812 0.2000 0.4314 0.3922 0.1961 11.2798 2.0000 
538 539 4 2.1880 1.5179 -5.5775 2.2939 1.5660 -5.7402 0.0812 0.2000 0.4314 0.3922 0.1961 11.3896 2.0000 
539 540 4 2.2939 1.5660 -5.7402 2.4495 1.6140 -5.8563 0.0812 0.2000 0.4314 0.3922 0.1961 11.5003 2.0000 
540 541 4 2.4495 1.6140 -5.8563 2.6095 1.6692 -5.9628 0.0812 0.2000 0.4314 0.3922 0.1961 11.6117 2.0000 
541 542 4 2.6095 1.6692 -5.9628 2.7722 1.7152 -6.0696 0.0812 0.2000 0.4314 0.3922 0.1961 11.7239 2.0000 
542 543 4 2.7722 1.7152 -6.0696 2.9109 1.7609 -6.2064 0.0812 0.2000 0.4314 0.3922 0.1961 11.8370 2.0000 
543 544 4 2.9109 1.7609 -6.2064 3.0463 1.8181 -6.3419 0.0812 0.2000 0.4314 0.3922 0.1961 11.9509 2.0000 
544 545 4 3.0463 1.8181 -6.3419 3.1816 1.8759 -6.4775 0.0812 0.2000 0.4314 0.3922 0.1961 12.0657 2.0000 
545 546 4 3.1816 1.8759 -6.4775 3.3099 1.9346 -6.6192 0.0812 0.2000 0.4314 0.3922 0.1961 12.1814 2.0000 
546 547 4 3.3099 1.9346 -6.6192 3.4655 1.9776 -6.7372 0.0812 0.2000 0.4314 0.3922 0.1961 12.2979 2.0000 
547 548 4 3.4655 1.9776 -6.7372 3.5942 2.0622 -6.8648 0.0812 0.2000 0.4314 0.3922 0.1961 12.4154 2.0000 
548 549 4 3.5942 2.0622 -6.8648 3.7239 2.1467 -6.9915 0.0812 0.2000 0.4314 0.3922 0.1961 12.5338 2.0000 
549 550 4 3.7239 2.1467 -6.9915 3.8600 2.2505 -7.0949 0.0812 0.2000 0.4314 0.3922 0.1961 12.6531 2.0000 
550 551 4 3.8600 2.2505 -7.0949 3.9932 2.3475 -7.2083 0.0812 0.2000 0.4314 0.3922 0.1961 12.7733 2.0000 
551 552 4 3.9932 2.3475 -7.2083 4.1324 2.4168 -7.3340 0.0812 0.2000 0.4314 0.3922 0.1961 12.8945 2.0000 
552 553 4 4.1324 2.4168 -7.3340 4.2702 2.4690 -7.4692 0.0812 0.2000 0.4314 0.3922 0.1961 13.0167 2.0000 
553 554 4 4.2702 2.4690 -7.4692 4.4140 2.5197 -7.5987 0.0812 0.2000 0.4314 0.3922 0.1961 13.1398 2.0000 
554 555 4 4.4140 2.5197 -7.5987 4.5550 2.5381 -7.7393 0.0812 0.2000 0.4314 0.3922 0.1961 13.2640 2.0000 
555 556 4 4.5550 2.5381 -7.7393 4.6861 2.5525 -7.8897 0.0812 0.2000 0.4314 0.3922 0.1961 13.3892 2.0000 
556 557 4 4.6861 2.5525 -7.8897 4.7951 2.5539 -8.0573 0.0812 0.2000 0.4314 0.3922 0.1961 13.5154 2.0000 
557 558 4 4.7951 2.5539 -8.0573 4.9110 2.5388 -8.2196 0.0812 0.2000 0.4314 0.3922 0.1961 13.6427 2.0000 
558 559 4 4.9110 2.5388 -8.2196 5.0361 2.5189 -8.3744 0.0812 0.2000 0.4314 0.3922 0.1961 13.7711 2.0000 
559 560 4 5.0361 2.5189 -8.3744 5.1687 2.5061 -8.5236 0.0812 0.2000 0.4314 0.3922 0.1961 13.9005 2.0000 
560 561 4 5.1687 2.5061 -8.5236 5.2827 2.4532 -8.6791 0.0812 0.2000 0.4314 0.3922 0.1961 14.0311 2.0000 
561 562 4 5.2827 2.4532 -8.6791 5.3822 2.3895 -8.8405 0.0812 0.2000 0.4314 0.3922 0.1961 14.1628 2.0000 
562 563 4 5.3822 2.3895 -8.8405 5.5017 2.3793 -9.0006 0.0812 0.2000 0.4314 0.3922 0.1961 14.2956 2.0000 
563 564 4 5.5017 2.3793 -9.0006 5.6317 2.3728 -9.1524 0.0812 0.2000 0.4314 0.3922 0.1961 14.4297 2.0000 
564 565 4 5.6317 2.3728 -9.1524 5.7548 2.3804 -9.3098 0.0812 0.2000 0.4314 0.3922 0.1961 14.5649 2.0000 
565 566 4 5.7548 2.3804 -9.3098 5.8471 2.3710 -9.4870 0.0812 0.2000 0.4314 0.3922 0.1961 14.7013 2.0000 
566 567 4 5.8471 2.3710 -9.4870 5.9615 2.3513 -9.6499 0.0812 0.2000 0.4314 0.3922 0.1961 14.8390 2.0000 
567 568 4 5.9615 2.3513 -9.6499 6.0586 2.3265 -9.8230 0.0812 0.2000 0.4314 0.3922 0.1961 14.9779 2.0000 
568 569 4 6.0586 2.3265 -9.8230 6.1333 2.3251 -10.0085 0.0812 0.2000 0.4314 0.3922 0.1961 15.1181 2.0000 
569 570 4 6.1333 2.3251 -10.0085 6.2089 2.3247 -10.1937 0.0812 0.2000 0.4314 0.3922 0.1961 15.2596 2.0000 
570 571 4 6.2089 2.3247 -10.1937 6.2752 2.3139 -10.3821 0.0812 0.2000 0.4314 0.3922 0.1961 15.4024 2.0000 
571 572 4 6.2752 2.3139 -10.3821 6.3220 2.3337 -10.5755 0.0812 0.2000 0.4314 0.3922 0.1961 15.5466 2.0000 
572 573 4 6.3220 2.3337 -10.5755 6.3650 2.3495 -10.7702 0.0812 0.2000 0.4314 0.3922 0.1961 15.6922 2.0000 
573 574 4 6.3650 2.3495 -10.7702 6.4095 2.3598 -10.9649 0.0812 0.2000 0.4314 0.3922 0.1961 15.8392 2.0000 
574 575 4 6.4095 2.3598 -10.9649 6.4435 2.3881 -11.1599 0.0812 0.2000 0.4314 0.3922 0.1961 15.9876 2.0000 
575 576 4 6.4435 2.3881 -11.1599 6.4557 2.4337 -11.3543 0.0812 0.2000 0.4314 0.3922 0.1961 16.1375 2.0000 
576 577 4 6.4557 2.4337 -11.3543 6.4670 2.4843 -11.5474 0.0812 0.2000 0.4314 0.3922 0.1961 16.2888 2.0000 
577 578 4 6.4670 2.4843 -11.5474 6.4796 2.5262 -11.7426 0.0812 0.2000 0.4314 0.3922 0.1961 16.4417 2.0000 
578 579 4 6.4796 2.5262 -11.7426 6.4728 2.5833 -11.9341 0.0812 0.2000 0.4314 0.3922 0.1961 16.5962 2.0000 
579 580 4 6.4728 2.5833 -11.9341 6.4664 2.6379 -12.1264 0.0812 0.2000 0.4314 0.3922 0.1961 16.7522 2.0000 
580 581 4 6.4664 2.6379 -12.1264 6.4544 2.6858 -12.3202 0.0812 0.2000 0.4314 0.3922 0.1961 16.9099 2.0000 
581 582 4 6.4544 2.6858 -12.3202 6.4418 2.6883 -12.5198 0.0812 0.2000 0.4314 0.3922 0.1961 17.0692 2.0000 
582 583 4 6.4418 2.6883 -12.5198 6.4301 2.6894 -12.7195 0.0812 0.2000 0.4314 0.3922 0.1961 17.2302 2.0000 
583 584 4 6.4301 2.6894 -12.7195 6.3970 2.6644 -12.9151 0.0812 0.2000 0.4314 0.3922 0.1961 17.3929 2.0000 
584 585 4 6.3970 2.6644 -12.9151 6.3726 2.6240 -13.1095 0.0812 0.2000 0.4314 0.3922 0.1961 17.5574 2.0000 
585 586 4 6.3726 2.6240 -13.1095 6.3385 2.6091 -13.3060 0.0812 0.2000 0.4314 0.3922 0.1961 17.7237 2.0000 
586 587 4 6.3385 2.6091 -13.3060 6.3116 2.6019 -13.5040 0.0812 0.2000 0.4314 0.3922 0.1961 17.8918 2.0000 
587 588 4 6.3116 2.6019 -13.5040 6.3094 2.6076 -13.7040 0.0812 0.2000 0.4314 0.3922 0.1961 18.0618 2.0000 
588 589 4 6.3094 2.6076 -13.7040 6.2948 2.5902 -13.9027 0.0812 0.2000 0.4314 0.3922 0.1961 18.2337 2.0000 
589 590 4 6.2948 2.5902 -13.9027 6.2956 2.6138 -14.1013 0.0812 0.2000 0.4314 0.3922 0.1961 18.4076 2.0000 
590 591 4 6.2956 2.6138 -14.1013 6.2933 2.6374 -14.2999 0.0812 0.2000 0.4314 0.3922 0.1961 18.5835 2.0000 
591 592 4 6.2933 2.6374 -14.2999 6.2941 2.6435 -14.4998 0.0812 0.2000 0.4314 0.3922 0.1961 18.7614 2.0000 
592 593 4 6.2941 2.6435 -14.4998 6.2954 2.6484 -14.6997 0.0812 0.2000 0.4314 0.3922 0.1961 18.9415 2.0000 
593 594 4 6.2954 2.6484 -14.6997 6.2985 2.6324 -14.8990 0.0812 0.2000 0.4314 0.3922 0.1961 19.1237 2.0000 
594 595 4 6.2985 2.6324 -14.8990 6.2964 2.6268 -15.0989 0.0812 0.2000 0.4314 0.3922 0.1961 19.3082 2.0000 
595 596 4 6.2964 2.6268 -15.0989 6.2961 2.6086 -15.2981 0.0812 0.2000 0.4314 0.3922 0.1961 19.4949 2.0000 
596 597 4 6.2961 2.6086 -15.2981 6.2998 2.5913 -15.4973 0.0812 0.2000 0.4314 0.3922 0.1961 19.6839 2.0000 
597 598 4 6.2998 2.5913 -15.4973 6.3006 2.5693 -15.6961 0.0812 0.2000 0.4314 0.3922 0.1961 19.8753 2.0000 
598 599 4 6.3006 2.5693 -15.6961 6.3063 2.5410 -15.8940 0.0812 0.2000 0.4314 0.3922 0.1961 20.0692 2.0000 
599 600 4 6.3063 2.5410 -15.8940 6.2842 2.5221 -16.0919 0.0812 0.2000 0.4314 0.3922 0.1961 20.2655 2.0000 
600 601 4 6.2842 2.5221 -16.0919 6.2661 2.5216 -16.2911 0.0812 0.2000 0.4314 0.3922 0.1961 20.4644 2.0000 
601 602 4 6.2661 2.5216 -16.2911 6.2108 2.4918 -16.4810 0.0812 0.2000 0.4314 0.3922 0.1961 20.6660 2.0000 
602 603 4 6.2108 2.4918 -16.4810 6.1671 2.4591 -16.6734 0.0812 0.2000 0.4314 0.3922 0.1961 20.8703 2.0000 
603 604 4 6.1671 2.4591 -16.6734 6.1116 2.4463 -16.8651 0.0812 0.2000 0.4314 0.3922 0.1961 21.0773 2.0000 
604 605 4 6.1116 2.4463 -16.8651 6.0980 2.4271 -17.0637 0.0812 0.2000 0.4314 0.3922 0.1961 21.2872 2.0000 
605 606 4 6.0980 2.4271 -17.0637 6.0901 2.4143 -17.2631 0.0812 0.2000 0.4314 0.3922 0.1961 21.5001 2.0000 
606 607 4 6.0901 2.4143 -17.2631 6.0875 2.3809 -17.4603 0.0812 0.2000 0.4314 0.3922 0.1961 21.7159 2.0000 
607 608 4 6.0875 2.3809 -17.4603 6.0857 2.3869 -17.6602 0.0812 0.2000 0.4314 0.3922 0.1961 21.9349 2.0000 
608 609 4 6.0857 2.3869 -17.6602 6.0796 2.3929 -17.8600 0.0812 0.2000 0.4314 0.3922 0.1961 22.1571 2.0000 
609 610 4 6.0796 2.3929 -17.8600 6.0622 2.3952 -18.0593 0.0812 0.2000 0.4314 0.3922 0.1961 22.3826 2.0000 
610 611 4 6.0622 2.3952 -18.0593 5.9975 2.3949 -18.2485 0.0812 0.2000 0.4314 0.3922 0.1961 22.6115 2.0000 
611 612 4 5.9975 2.3949 -18.2485 5.9311 2.4054 -18.4369 0.0812 0.2000 0.4314 0.3922 0.1961 22.8438 2.0000 
612 613 4 5.9311 2.4054 -18.4369 5.8568 2.3824 -18.6211 0.0812 0.2000 0.4314 0.3922 0.1961 23.0798 2.0000 
613 614 4 5.8568 2.3824 -18.6211 5.7816 2.3617 -18.8053 0.0812 0.2000 0.4314 0.3922 0.1961 23.3195 2.0000 
614 615 4 5.7816 2.3617 -18.8053 5.7065 2.3345 -18.9886 0.0812 0.2000 0.4314 0.3922 0.1961 23.5631 2.0000 
615 616 4 5.7065 2.3345 -18.9886 5.6202 2.3230 -19.1687 0.0812 0.2000 0.4314 0.3922 0.1961 23.8106 2.0000 
616 617 4 5.6202 2.3230 -19.1687 5.5190 2.3196 -19.3411 0.0812 0.2000 0.4314 0.3922 0.1961 24.0622 2.0000 
617 618 4 5.5190 2.3196 -19.3411 5.3980 2.2578 -19.4880 0.0812 0.2000 0.4314 0.3922 0.1961 24.3180 2.0000 
618 619 4 5.3980 2.2578 -19.4880 5.2776 2.2290 -19.6450 0.0812 0.2000 0.4314 0.3922 0.1961 24.5783 2.0000 
619 620 4 5.2776 2.2290 -19.6450 5.1320 2.1825 -19.7740 0.0812 0.2000 0.4314 0.3922 0.1961 24.8430 2.0000 
620 621 4 5.1320 2.1825 -19.7740 4.9817 2.1184 -19.8893 0.0812 0.2000 0.4314 0.3922 0.1961 25.1125 2.0000 
621 622 4 4.9817 2.1184 -19.8893 4.8585 2.0336 -20.0221 0.0812 0.2000 0.4314 0.3922 0.1961 25.3868 2.0000 
622 623 4 4.8585 2.0336 -20.0221 4.7269 1.9539 -20.1500 0.0812 0.2000 0.4314 0.3922 0.1961 25.6662 2.0000 
623 624 4 4.7269 1.9539 -20.1500 4.6055 1.8756 -20.2883 0.0812 0.2000 0.4314 0.3922 0.1961 25.9507 2.0000 
624 625 4 4.6055 1.8756 -20.2883 4.4971 1.7851 -20.4298 0.0812 0.2000 0.4314 0.3922 0.1961 26.2408 2.0000 
625 626 4 4.4971 1.7851 -20.4298 4.3813 1.7131 -20.5761 0.0812 0.2000 0.4314 0.3922 0.1961 26.5364 2.0000 
626 627 4 4.3813 1.7131 -20.5761 4.2461 1.7014 -20.7230 0.0812 0.2000 0.4314 0.3922 0.1961 26.8380 2.0000 
627 628 4 4.2461 1.7014 -20.7230 4.1116 1.6913 -20.8707 0.0812 0.2000 0.4314 0.3922 0.1961 27.1456 2.0000 
628 629 4 4.1116 1.6913 -20.8707 3.9755 1.6868 -21.0172 0.0812 0.2000 0.4314 0.3922 0.1961 27.4596 2.0000 
629 630 4 3.9755 1.6868 -21.0172 3.8504 1.6849 -21.1732 0.0812 0.2000 0.4314 0.3922 0.1961 27.7802 2.0000 
630 631 4 3.8504 1.6849 -21.1732 3.7245 1.6490 -21.3244 0.0812 0.2000 0.4314 0.3922 0.1961 28.1077 2.0000 
631 632 4 3.7245 1.6490 -21.3244 3.6137 1.6083 -21.4859 0.0812 0.2000 0.4314 0.3922 0.1961 28.4424 2.0000 
632 633 4 3.6137 1.6083 -21.4859 3.5426 1.5849 -21.6714 0.0812 0.2000 0.4314 0.3922 0.1961 28.7847 2.0000 
633 634 4 3.5426 1.5849 -21.6714 3.4824 1.5851 -21.8621 0.0812 0.2000 0.4314 0.3922 0.1961 29.1348 2.0000 
634 635 4 3.4824 1.5851 -21.8621 3.4099 1.6099 -22.0468 0.0812 0.2000 0.4314 0.3922 0.1961 29.4933 2.0000 
635 636 4 3.4099 1.6099 -22.0468 3.3177 1.6097 -22.2243 0.0812 0.2000 0.4314 0.3922 0.1961 29.8603 2.0000 
636 637 4 3.3177 1.6097 -22.2243 3.2816 1.6053 -22.2897 0.0812 0.0748 0.4314 0.3922 0.1961 30.0000 2.0000 
8 638 5 0.0735 -0.1087 -4.5525 0.1765 0.0463 -4.6257 0.0578 0.2000 0.4314 0.3922 0.1961 10.1008 2.0000 
638 639 5 0.1765 0.0463 -4.6257 0.2864 0.2010 -4.6889 0.0578 0.2000 0.4314 0.3922 0.1961 10.2044 2.0000 
639 640 5 0.2864 0.2010 -4.6889 0.4023 0.3403 -4.7735 0.0578 0.2000 0.4314 0.3922 0.1961 10.3087 2.0000 
640 641 5 0.4023 0.3403 -4.7735 0.5181 0.4796 -4.8582 0.0578 0.2000 0.4314 0.3922 0.1961 10.4138 2.0000 
641 642 5 0.5181 0.4796 -4.8582 0.6509 0.6107 -4.9303 0.0578 0.2000 0.4314 0.3922 0.1961 10.5196 2.0000 
642 643 5 0.6509 0.6107 -4.9303 0.7814 0.7412 -5.0072 0.0578 0.2000 0.4314 0.3922 0.1961 10.6262 2.0000 
643 644 5 0.7814 0.7412 -5.0072 0.8469 0.9252 -5.0503 0.0578 0.2000 0.4314 0.3922 0.1961 10.7335 2.0000 
644 645 5 0.8469 0.9252 -5.0503 0.8853 1.1097 -5.1174 0.0578 0.2000 0.4314 0.3922 0.1961 10.8417 2.0000 
645 646 5 0.8853 1.1097 -5.1174 0.9020 1.2933 -5.1949 0.0578 0.2000 0.4314 0.3922 0.1961 10.9506 2.0000 
646 647 5 0.9020 1.2933 -5.1949 0.9247 1.4776 -5.2692 0.0578 0.2000 0.4314 0.3922 0.1961 11.0604 2.0000 
647 648 5 0.9247 1.4776 -5.2692 0.9438 1.6403 -5.3839 0.0578 0.2000 0.4314 0.3922 0.1961 11.1710 2.0000 
648 649 5 0.9438 1.6403 -5.3839 0.9566 1.7898 -5.5161 0.0578 0.2000 0.4314 0.3922 0.1961 11.2824 2.0000 
649 650 5 0.9566 1.7898 -5.5161 0.9344 1.9187 -5.6674 0.0578 0.2000 0.4314 0.3922 0.1961 11.3946 2.0000 
650 651 5 0.9344 1.9187 -5.6674 0.9405 2.0423 -5.8246 0.0578 0.2000 0.4314 0.3922 0.1961 11.5078 2.0000 
651 652 5 0.9405 2.0423 -5.8246 0.9468 2.1700 -5.9784 0.0578 0.2000 0.4314 0.3922 0.1961 11.6218 2.0000 
652 653 5 0.9468 2.1700 -5.9784 0.9822 2.2853 -6.1379 0.0578 0.2000 0.4314 0.3922 0.1961 11.7367 2.0000 
653 654 5 0.9822 2.2853 -6.1379 1.0449 2.3463 -6.3178 0.0578 0.2000 0.4314 0.3922 0.1961 11.8525 2.0000 
654 655 5 1.0449 2.3463 -6.3178 1.1048 2.4234 -6.4923 0.0578 0.2000 0.4314 0.3922 0.1961 11.9692 2.0000 
655 656 5 1.1048 2.4234 -6.4923 1.1596 2.4971 -6.6700 0.0578 0.2000 0.4314 0.3922 0.1961 12.0868 2.0000 
656 657 5 1.1596 2.4971 -6.6700 1.2001 2.5923 -6.8411 0.0578 0.2000 0.4314 0.3922 0.1961 12.2054 2.0000 
657 658 5 1.2001 2.5923 -6.8411 1.2654 2.6766 -7.0103 0.0578 0.2000 0.4314 0.3922 0.1961 12.3250 2.0000 
658 659 5 1.2654 2.6766 -7.0103 1.3199 2.7576 -7.1849 0.0578 0.2000 0.4314 0.3922 0.1961 12.4455 2.0000 
659 660 5 1.3199 2.7576 -7.1849 1.4045 2.8230 -7.3539 0.0578 0.2000 0.4314 0.3922 0.1961 12.5671 2.0000 
660 661 5 1.4045 2.8230 -7.3539 1.5096 2.8846 -7.5125 0.0578 0.2000 0.4314 0.3922 0.1961 12.6896 2.0000 
661 662 5 1.5096 2.8846 -7.5125 1.6017 2.9261 -7.6852 0.0578 0.2000 0.4314 0.3922 0.1961 12.8132 2.0000 
662 663 5 1.6017 2.9261 -7.6852 1.6805 2.9776 -7.8616 0.0578 0.2000 0.4314 0.3922 0.1961 12.9378 2.0000 
663 664 5 1.6805 2.9776 -7.8616 1.7677 3.0269 -8.0347 0.0578 0.2000 0.4314 0.3922 0.1961 13.0635 2.0000 
664 665 5 1.7677 3.0269 -8.0347 1.8031 3.0181 -8.2313 0.0578 0.2000 0.4314 0.3922 0.1961 13.1903 2.0000 
665 666 5 1.8031 3.0181 -8.2313 1.8793 3.0172 -8.4163 0.0578 0.2000 0.4314 0.3922 0.1961 13.3181 2.0000 
666 667 5 1.8793 3.0172 -8.4163 1.9636 3.0343 -8.5968 0.0578 0.2000 0.4314 0.3922 0.1961 13.4471 2.0000 
667 668 5 1.9636 3.0343 -8.5968 2.0412 3.0637 -8.7788 0.0578 0.2000 0.4314 0.3922 0.1961 13.5772 2.0000 
668 669 5 2.0412 3.0637 -8.7788 2.1118 3.1092 -8.9603 0.0578 0.2000 0.4314 0.3922 0.1961 13.7085 2.0000 
669 670 5 2.1118 3.1092 -8.9603 2.1836 3.1742 -9.1353 0.0578 0.2000 0.4314 0.3922 0.1961 13.8410 2.0000 
670 671 5 2.1836 3.1742 -9.1353 2.2395 3.2520 -9.3109 0.0578 0.2000 0.4314 0.3922 0.1961 13.9747 2.0000 
671 672 5 2.2395 3.2520 -9.3109 2.3007 3.2682 -9.5006 0.0578 0.2000 0.4314 0.3922 0.1961 14.1096 2.0000 
672 673 5 2.3007 3.2682 -9.5006 2.3474 3.2942 -9.6933 0.0578 0.2000 0.4314 0.3922 0.1961 14.2457 2.0000 
673 674 5 2.3474 3.2942 -9.6933 2.3879 3.3201 -9.8874 0.0578 0.2000 0.4314 0.3922 0.1961 14.3831 2.0000 
674 675 5 2.3879 3.3201 -9.8874 2.4183 3.3363 -10.0844 0.0578 0.2000 0.4314 0.3922 0.1961 14.5218 2.0000 
675 676 5 2.4183 3.3363 -10.0844 2.4507 3.3737 -10.2782 0.0578 0.2000 0.4314 0.3922 0.1961 14.6618 2.0000 
676 677 5 2.4507 3.3737 -10.2782 2.4916 3.3904 -10.4733 0.0578 0.2000 0.4314 0.3922 0.1961 14.8032 2.0000 
677 678 5 2.4916 3.3904 -10.4733 2.5503 3.4045 -10.6639 0.0578 0.2000 0.4314 0.3922 0.1961 14.9460 2.0000 
678 679 5 2.5503 3.4045 -10.6639 2.5761 3.4180 -10.8618 0.0578 0.2000 0.4314 0.3922 0.1961 15.0901 2.0000 
679 680 5 2.5761 3.4180 -10.8618 2.6123 3.4254 -11.0584 0.0578 0.2000 0.4314 0.3922 0.1961 15.2357 2.0000 
680 681 5 2.6123 3.4254 -11.0584 2.6587 3.4271 -11.2529 0.0578 0.2000 0.4314 0.3922 0.1961 15.3827 2.0000 
681 682 5 2.6587 3.4271 -11.2529 2.6594 3.4176 -11.4527 0.0578 0.2000 0.4314 0.3922 0.1961 15.5312 2.0000 
682 683 5 2.6594 3.4176 -11.4527 2.6537 3.4275 -11.6524 0.0578 0.2000 0.4314 0.3922 0.1961 15.6812 2.0000 
683 684 5 2.6537 3.4275 -11.6524 2.6571 3.4299 -11.8523 0.0578 0.2000 0.4314 0.3922 0.1961 15.8328 2.0000 
684 685 5 2.6571 3.4299 -11.8523 2.6759 3.4532 -12.0501 0.0578 0.2000 0.4314 0.3922 0.1961 15.9859 2.0000 
685 686 5 2.6759 3.4532 -12.0501 2.6897 3.4505 -12.2496 0.0578 0.2000 0.4314 0.3922 0.1961 16.1406 2.0000 
686 687 5 2.6897 3.4505 -12.2496 2.6872 3.4382 -12.4492 0.0578 0.2000 0.4314 0.3922 0.1961 16.2970 2.0000 
687 688 5 2.6872 3.4382 -12.4492 2.6932 3.4442 -12.6490 0.0578 0.2000 0.4314 0.3922 0.1961 16.4551 2.0000 
688 689 5 2.6932 3.4442 -12.6490 2.7011 3.4540 -12.8486 0.0578 0.2000 0.4314 0.3922 0.1961 16.6149 2.0000 
689 690 5 2.7011 3.4540 -12.8486 2.6811 3.4736 -13.0466 0.0578 0.2000 0.4314 0.3922 0.1961 16.7764 2.0000 
690 691 5 2.6811 3.4736 -13.0466 2.6618 3.4954 -13.2445 0.0578 0.2000 0.4314 0.3922 0.1961 16.9397 2.0000 
691 692 5 2.6618 3.4954 -13.2445 2.6751 3.5192 -13.4426 0.0578 0.2000 0.4314 0.3922 0.1961 17.1049 2.0000 
692 693 5 2.6751 3.5192 -13.4426 2.7076 3.5396 -13.6389 0.0578 0.2000 0.4314 0.3922 0.1961 17.2719 2.0000 
693 694 5 2.7076 3.5396 -13.6389 2.7278 3.5128 -13.8361 0.0578 0.2000 0.4314 0.3922 0.1961 17.4409 2.0000 
694 695 5 2.7278 3.5128 -13.8361 2.7501 3.4841 -14.0327 0.0578 0.2000 0.4314 0.3922 0.1961 17.6118 2.0000 
695 696 5 2.7501 3.4841 -14.0327 2.7515 3.4990 -14.2322 0.0578 0.2000 0.4314 0.3922 0.1961 17.7847 2.0000 
696 697 5 2.7515 3.4990 -14.2322 2.7527 3.4917 -14.4320 0.0578 0.2000 0.4314 0.3922 0.1961 17.9597 2.0000 
697 698 5 2.7527 3.4917 -14.4320 2.7552 3.4880 -14.6320 0.0578 0.2000 0.4314 0.3922 0.1961 18.1367 2.0000 
698 699 5 2.7552 3.4880 -14.6320 2.7609 3.4819 -14.8318 0.0578 0.2000 0.4314 0.3922 0.1961 18.3160 2.0000 
699 700 5 2.7609 3.4819 -14.8318 2.7616 3.5048 -15.0305 0.0578 0.2000 0.4314 0.3922 0.1961 18.4974 2.0000 
700 701 5 2.7616 3.5048 -15.0305 2.7161 3.5434 -15.2214 0.0578 0.2000 0.4314 0.3922 0.1961 18.6811 2.0000 
701 702 5 2.7161 3.5434 -15.2214 2.6703 3.5618 -15.4152 0.0578 0.2000 0.4314 0.3922 0.1961 18.8672 2.0000 
702 703 5 2.6703 3.5618 -15.4152 2.6180 3.5471 -15.6077 0.0578 0.2000 0.4314 0.3922 0.1961 19.0556 2.0000 
703 704 5 2.6180 3.5471 -15.6077 2.5659 3.5347 -15.8004 0.0578 0.2000 0.4314 0.3922 0.1961 19.2464 2.0000 
704 705 5 2.5659 3.5347 -15.8004 2.5109 3.5263 -15.9925 0.0578 0.2000 0.4314 0.3922 0.1961 19.4398 2.0000 
705 706 5 2.5109 3.5263 -15.9925 2.4688 3.4779 -16.1819 0.0578 0.2000 0.4314 0.3922 0.1961 19.6357 2.0000 
706 707 5 2.4688 3.4779 -16.1819 2.3814 3.4323 -16.3559 0.0578 0.2000 0.4314 0.3922 0.1961 19.8343 2.0000 
707 708 5 2.3814 3.4323 -16.3559 2.2995 3.3852 -16.5322 0.0578 0.2000 0.4314 0.3922 0.1961 20.0355 2.0000 
708 709 5 2.2995 3.3852 -16.5322 2.2162 3.3446 -16.7095 0.0578 0.2000 0.4314 0.3922 0.1961 20.2396 2.0000 
709 710 5 2.2162 3.3446 -16.7095 2.1538 3.3367 -16.8993 0.0578 0.2000 0.4314 0.3922 0.1961 20.4466 2.0000 
710 711 5 2.1538 3.3367 -16.8993 2.1041 3.3203 -17.0924 0.0578 0.2000 0.4314 0.3922 0.1961 20.6565 2.0000 
711 712 5 2.1041 3.3203 -17.0924 2.0978 3.2774 -17.2876 0.0578 0.2000 0.4314 0.3922 0.1961 20.8694 2.0000 
712 713 5 2.0978 3.2774 -17.2876 2.0992 3.2508 -17.4858 0.0578 0.2000 0.4314 0.3922 0.1961 21.0854 2.0000 
713 714 5 2.0992 3.2508 -17.4858 2.0942 3.2206 -17.6835 0.0578 0.2000 0.4314 0.3922 0.1961 21.3047 2.0000 
714 715 5 2.0942 3.2206 -17.6835 2.0889 3.1911 -17.8812 0.0578 0.2000 0.4314 0.3922 0.1961 21.5273 2.0000 
715 716 5 2.0889 3.1911 -17.8812 2.0806 3.1784 -18.0806 0.0578 0.2000 0.4314 0.3922 0.1961 21.7533 2.0000 
716 717 5 2.0806 3.1784 -18.0806 2.0413 3.1753 -18.2767 0.0578 0.2000 0.4314 0.3922 0.1961 21.9828 2.0000 
717 718 5 2.0413 3.1753 -18.2767 2.0247 3.1778 -18.4760 0.0578 0.2000 0.4314 0.3922 0.1961 22.2160 2.0000 
718 719 5 2.0247 3.1778 -18.4760 1.9851 3.1635 -18.6715 0.0578 0.2000 0.4314 0.3922 0.1961 22.4529 2.0000 
719 720 5 1.9851 3.1635 -18.6715 1.9515 3.1486 -18.8681 0.0578 0.2000 0.4314 0.3922 0.1961 22.6937 2.0000 
720 721 5 1.9515 3.1486 -18.8681 1.9570 3.1243 -19.0665 0.0578 0.2000 0.4314 0.3922 0.1961 22.9385 2.0000 
721 722 5 1.9570 3.1243 -19.0665 1.9633 3.1004 -19.2650 0.0578 0.2000 0.4314 0.3922 0.1961 23.1874 2.0000 
722 723 5 1.9633 3.1004 -19.2650 1.9589 3.0879 -19.4646 0.0578 0.2000 0.4314 0.3922 0.1961 23.4406 2.0000 
723 724 5 1.9589 3.0879 -19.4646 1.9599 3.0232 -19.6538 0.0578 0.2000 0.4314 0.3922 0.1961 23.6983 2.0000 
724 725 5 1.9599 3.0232 -19.6538 1.9593 2.9317 -19.8316 0.0578 0.2000 0.4314 0.3922 0.1961 23.9605 2.0000 
725 726 5 1.9593 2.9317 -19.8316 1.9539 2.8601 -20.0183 0.0578 0.2000 0.4314 0.3922 0.1961 24.2275 2.0000 
726 727 5 1.9539 2.8601 -20.0183 1.9473 2.7833 -20.2029 0.0578 0.2000 0.4314 0.3922 0.1961 24.4994 2.0000 
727 728 5 1.9473 2.7833 -20.2029 1.9364 2.7023 -20.3854 0.0578 0.2000 0.4314 0.3922 0.1961 24.7764 2.0000 
728 729 5 1.9364 2.7023 -20.3854 1.9177 2.6332 -20.5722 0.0578 0.2000 0.4314 0.3922 0.1961 25.0588 2.0000 
729 730 5 1.9177 2.6332 -20.5722 1.8954 2.5744 -20.7620 0.0578 0.2000 0.4314 0.3922 0.1961 25.3466 2.0000 
730 731 5 1.8954 2.5744 -20.7620 1.8891 2.5074 -20.9504 0.0578 0.2000 0.4314 0.3922 0.1961 25.6402 2.0000 
731 732 5 1.8891 2.5074 -20.9504 1.8666 2.4471 -21.1397 0.0578 0.2000 0.4314 0.3922 0.1961 25.9398 2.0000 
732 733 5 1.8666 2.4471 -21.1397 1.8346 2.4550 -21.3370 0.0578 0.2000 0.4314 0.3922 0.1961 26.2456 2.0000 
733 734 5 1.8346 2.4550 -21.3370 1.8018 2.4626 -21.5341 0.0578 0.2000 0.4314 0.3922 0.1961 26.5579 2.0000 
734 735 5 1.8018 2.4626 -21.5341 1.7778 2.4750 -21.7323 0.0578 0.2000 0.4314 0.3922 0.1961 26.8769 2.0000 
735 736 5 1.7778 2.4750 -21.7323 1.7528 2.4871 -21.9304 0.0578 0.2000 0.4314 0.3922 0.1961 27.2031 2.0000 
736 737 5 1.7528 2.4871 -21.9304 1.7292 2.4777 -22.1287 0.0578 0.2000 0.4314 0.3922 0.1961 27.5366 2.0000 
737 738 5 1.7292 2.4777 -22.1287 1.7074 2.4643 -22.3271 0.0578 0.2000 0.4314 0.3922 0.1961 27.8778 2.0000 
738 739 5 1.7074 2.4643 -22.3271 1.6700 2.4466 -22.5228 0.0578 0.2000 0.4314 0.3922 0.1961 28.2272 2.0000 
739 740 5 1.6700 2.4466 -22.5228 1.6659 2.4245 -22.7215 0.0578 0.2000 0.4314 0.3922 0.1961 28.5850 2.0000 
740 741 5 1.6659 2.4245 -22.7215 1.6646 2.4149 -22.9213 0.0578 0.2000 0.4314 0.3922 0.1961 28.9517 2.0000 
741 742 5 1.6646 2.4149 -22.9213 1.6315 2.4219 -23.1184 0.0578 0.2000 0.4314 0.3922 0.1961 29.3278 2.0000 
742 743 5 1.6315 2.4219 -23.1184 1.6383 2.4481 -23.3165 0.0578 0.2000 0.4314 0.3922 0.1961 29.7138 2.0000 
743 744 5 1.6383 2.4481 -23.3165 1.6467 2.4671 -23.4600 0.0578 0.1450 0.4314 0.3922 0.1961 30.0000 2.0000 
11 745 6 0.1102 -0.1228 -4.9530 -0.0091 -0.0031 -5.0599 0.0718 0.2000 0.4314 0.3922 0.1961 10.4958 2.0000 
745 746 6 -0.0091 -0.0031 -5.0599 -0.1267 0.1035 -5.1816 0.0718 0.2000 0.4314 0.3922 0.1961 10.5984 2.0000 
746 747 6 -0.1267 0.1035 -5.1816 -0.2112 0.2330 -5.3084 0.0718 0.2000 0.4314 0.3922 0.1961 10.7018 2.0000 
747 748 6 -0.2112 0.2330 -5.3084 -0.2784 0.3877 -5.4160 0.0718 0.2000 0.4314 0.3922 0.1961 10.8059 2.0000 
748 749 6 -0.2784 0.3877 -5.4160 -0.3370 0.5421 -5.5288 0.0718 0.2000 0.4314 0.3922 0.1961 10.9109 2.0000 
749 750 6 -0.3370 0.5421 -5.5288 -0.3833 0.6968 -5.6467 0.0718 0.2000 0.4314 0.3922 0.1961 11.0168 2.0000 
750 751 6 -0.3833 0.6968 -5.6467 -0.4095 0.8388 -5.7851 0.0718 0.2000 0.4314 0.3922 0.1961 11.1234 2.0000 
751 752 6 -0.4095 0.8388 -5.7851 -0.4443 0.9717 -5.9305 0.0718 0.2000 0.4314 0.3922 0.1961 11.2310 2.0000 
752 753 6 -0.4443 0.9717 -5.9305 -0.4332 1.0941 -6.0883 0.0718 0.2000 0.4314 0.3922 0.1961 11.3394 2.0000 
753 754 6 -0.4332 1.0941 -6.0883 -0.4222 1.2163 -6.2462 0.0718 0.2000 0.4314 0.3922 0.1961 11.4488 2.0000 
754 755 6 -0.4222 1.2163 -6.2462 -0.4107 1.3417 -6.4016 0.0718 0.2000 0.4314 0.3922 0.1961 11.5590 2.0000 
755 756 6 -0.4107 1.3417 -6.4016 -0.4138 1.4625 -6.5609 0.0718 0.2000 0.4314 0.3922 0.1961 11.6702 2.0000 
756 757 6 -0.4138 1.4625 -6.5609 -0.4152 1.5932 -6.7123 0.0718 0.2000 0.4314 0.3922 0.1961 11.7823 2.0000 
757 758 6 -0.4152 1.5932 -6.7123 -0.4039 1.7433 -6.8441 0.0718 0.2000 0.4314 0.3922 0.1961 11.8953 2.0000 
758 759 6 -0.4039 1.7433 -6.8441 -0.3927 1.8931 -6.9761 0.0718 0.2000 0.4314 0.3922 0.1961 12.0094 2.0000 
759 760 6 -0.3927 1.8931 -6.9761 -0.4055 2.0455 -7.1049 0.0718 0.2000 0.4314 0.3922 0.1961 12.1244 2.0000 
760 761 6 -0.4055 2.0455 -7.1049 -0.4455 2.1797 -7.2477 0.0718 0.2000 0.4314 0.3922 0.1961 12.2404 2.0000 
761 762 6 -0.4455 2.1797 -7.2477 -0.4806 2.3204 -7.3854 0.0718 0.2000 0.4314 0.3922 0.1961 12.3575 2.0000 
762 763 6 -0.4806 2.3204 -7.3854 -0.4753 2.4513 -7.5366 0.0718 0.2000 0.4314 0.3922 0.1961 12.4756 2.0000 
763 764 6 -0.4753 2.4513 -7.5366 -0.4721 2.6252 -7.6353 0.0718 0.2000 0.4314 0.3922 0.1961 12.5948 2.0000 
764 765 6 -0.4721 2.6252 -7.6353 -0.4721 2.7962 -7.7390 0.0718 0.2000 0.4314 0.3922 0.1961 12.7150 2.0000 
765 766 6 -0.4721 2.7962 -7.7390 -0.4811 2.9697 -7.8381 0.0718 0.2000 0.4314 0.3922 0.1961 12.8364 2.0000 
766 767 6 -0.4811 2.9697 -7.8381 -0.5057 3.1147 -7.9736 0.0718 0.2000 0.4314 0.3922 0.1961 12.9589 2.0000 
767 768 6 -0.5057 3.1147 -7.9736 -0.4795 3.2315 -8.1338 0.0718 0.2000 0.4314 0.3922 0.1961 13.0825 2.0000 
768 769 6 -0.4795 3.2315 -8.1338 -0.5402 3.3437 -8.2879 0.0718 0.2000 0.4314 0.3922 0.1961 13.2073 2.0000 
769 770 6 -0.5402 3.3437 -8.2879 -0.5985 3.4570 -8.4421 0.0718 0.2000 0.4314 0.3922 0.1961 13.3332 2.0000 
770 771 6 -0.5985 3.4570 -8.4421 -0.6566 3.5681 -8.5978 0.0718 0.2000 0.4314 0.3922 0.1961 13.4604 2.0000 
771 772 6 -0.6566 3.5681 -8.5978 -0.7018 3.6942 -8.7464 0.0718 0.2000 0.4314 0.3922 0.1961 13.5889 2.0000 
772 773 6 -0.7018 3.6942 -8.7464 -0.7302 3.8223 -8.8973 0.0718 0.2000 0.4314 0.3922 0.1961 13.7185 2.0000 
773 774 6 -0.7302 3.8223 -8.8973 -0.7641 3.9259 -9.0650 0.0718 0.2000 0.4314 0.3922 0.1961 13.8495 2.0000 
774 775 6 -0.7641 3.9259 -9.0650 -0.7888 4.0375 -9.2291 0.0718 0.2000 0.4314 0.3922 0.1961 13.9818 2.0000 
775 776 6 -0.7888 4.0375 -9.2291 -0.7688 4.1483 -9.3944 0.0718 0.2000 0.4314 0.3922 0.1961 14.1154 2.0000 
776 777 6 -0.7688 4.1483 -9.3944 -0.7334 4.2543 -9.5603 0.0718 0.2000 0.4314 0.3922 0.1961 14.2503 2.0000 
777 778 6 -0.7334 4.2543 -9.5603 -0.6894 4.3593 -9.7247 0.0718 0.2000 0.4314 0.3922 0.1961 14.3867 2.0000 
778 779 6 -0.6894 4.3593 -9.7247 -0.6767 4.4556 -9.8995 0.0718 0.2000 0.4314 0.3922 0.1961 14.5245 2.0000 
779 780 6 -0.6767 4.4556 -9.8995 -0.6647 4.5559 -10.0722 0.0718 0.2000 0.4314 0.3922 0.1961 14.6637 2.0000 
780 781 6 -0.6647 4.5559 -10.0722 -0.6543 4.6550 -10.2456 0.0718 0.2000 0.4314 0.3922 0.1961 14.8044 2.0000 
781 782 6 -0.6543 4.6550 -10.2456 -0.6497 4.7675 -10.4109 0.0718 0.2000 0.4314 0.3922 0.1961 14.9466 2.0000 
782 783 6 -0.6497 4.7675 -10.4109 -0.6468 4.8780 -10.5775 0.0718 0.2000 0.4314 0.3922 0.1961 15.0904 2.0000 
783 784 6 -0.6468 4.8780 -10.5775 -0.6445 4.9935 -10.7408 0.0718 0.2000 0.4314 0.3922 0.1961 15.2357 2.0000 
784 785 6 -0.6445 4.9935 -10.7408 -0.6360 5.1050 -10.9066 0.0718 0.2000 0.4314 0.3922 0.1961 15.3826 2.0000 
785 786 6 -0.6360 5.1050 -10.9066 -0.6411 5.2048 -11.0799 0.0718 0.2000 0.4314 0.3922 0.1961 15.5312 2.0000 
786 787 6 -0.6411 5.2048 -11.0799 -0.6181 5.2753 -11.2656 0.0718 0.2000 0.4314 0.3922 0.1961 15.6815 2.0000 
787 788 6 -0.6181 5.2753 -11.2656 -0.5841 5.3350 -11.4534 0.0718 0.2000 0.4314 0.3922 0.1961 15.8335 2.0000 
788 789 6 -0.5841 5.3350 -11.4534 -0.5385 5.4078 -11.6340 0.0718 0.2000 0.4314 0.3922 0.1961 15.9873 2.0000 
789 790 6 -0.5385 5.4078 -11.6340 -0.4869 5.4620 -11.8195 0.0718 0.2000 0.4314 0.3922 0.1961 16.1429 2.0000 
790 791 6 -0.4869 5.4620 -11.8195 -0.4611 5.5197 -12.0093 0.0718 0.2000 0.4314 0.3922 0.1961 16.3003 2.0000 
791 792 6 -0.4611 5.5197 -12.0093 -0.4915 5.5663 -12.2014 0.0718 0.2000 0.4314 0.3922 0.1961 16.4597 2.0000 
792 793 6 -0.4915 5.5663 -12.2014 -0.5100 5.5870 -12.3994 0.0718 0.2000 0.4314 0.3922 0.1961 16.6209 2.0000 
793 794 6 -0.5100 5.5870 -12.3994 -0.4982 5.5951 -12.5989 0.0718 0.2000 0.4314 0.3922 0.1961 16.7842 2.0000 
794 795 6 -0.4982 5.5951 -12.5989 -0.5216 5.6207 -12.7959 0.0718 0.2000 0.4314 0.3922 0.1961 16.9495 2.0000 
795 796 6 -0.5216 5.6207 -12.7959 -0.5629 5.6277 -12.9915 0.0718 0.2000 0.4314 0.3922 0.1961 17.1169 2.0000 
796 797 6 -0.5629 5.6277 -12.9915 -0.6026 5.6392 -13.1871 0.0718 0.2000 0.4314 0.3922 0.1961 17.2864 2.0000 
797 798 6 -0.6026 5.6392 -13.1871 -0.6333 5.6433 -13.3847 0.0718 0.2000 0.4314 0.3922 0.1961 17.4582 2.0000 
798 799 6 -0.6333 5.6433 -13.3847 -0.6645 5.6476 -13.5822 0.0718 0.2000 0.4314 0.3922 0.1961 17.6321 2.0000 
799 800 6 -0.6645 5.6476 -13.5822 -0.7076 5.6604 -13.7771 0.0718 0.2000 0.4314 0.3922 0.1961 17.8084 2.0000 
800 801 6 -0.7076 5.6604 -13.7771 -0.7837 5.6601 -13.9621 0.0718 0.2000 0.4314 0.3922 0.1961 17.9871 2.0000 
801 802 6 -0.7837 5.6601 -13.9621 -0.8495 5.6794 -14.1500 0.0718 0.2000 0.4314 0.3922 0.1961 18.1683 2.0000 
802 803 6 -0.8495 5.6794 -14.1500 -0.8511 5.7056 -14.3482 0.0718 0.2000 0.4314 0.3922 0.1961 18.3519 2.0000 
803 804 6 -0.8511 5.7056 -14.3482 -0.8501 5.6962 -14.5480 0.0718 0.2000 0.4314 0.3922 0.1961 18.5381 2.0000 
804 805 6 -0.8501 5.6962 -14.5480 -0.8628 5.6849 -14.7473 0.0718 0.2000 0.4314 0.3922 0.1961 18.7270 2.0000 
805 806 6 -0.8628 5.6849 -14.7473 -0.9126 5.6580 -14.9391 0.0718 0.2000 0.4314 0.3922 0.1961 18.9186 2.0000 
806 807 6 -0.9126 5.6580 -14.9391 -0.9486 5.6803 -15.1346 0.0718 0.2000 0.4314 0.3922 0.1961 19.1131 2.0000 
807 808 6 -0.9486 5.6803 -15.1346 -0.9668 5.7178 -15.3302 0.0718 0.2000 0.4314 0.3922 0.1961 19.3104 2.0000 
808 809 6 -0.9668 5.7178 -15.3302 -0.9681 5.8122 -15.5065 0.0718 0.2000 0.4314 0.3922 0.1961 19.5107 2.0000 
809 810 6 -0.9681 5.8122 -15.5065 -0.9701 5.9311 -15.6673 0.0718 0.2000 0.4314 0.3922 0.1961 19.7141 2.0000 
810 811 6 -0.9701 5.9311 -15.6673 -0.9667 6.0455 -15.8313 0.0718 0.2000 0.4314 0.3922 0.1961 19.9207 2.0000 
811 812 6 -0.9667 6.0455 -15.8313 -1.0289 6.1416 -15.9953 0.0718 0.2000 0.4314 0.3922 0.1961 20.1305 2.0000 
812 813 6 -1.0289 6.1416 -15.9953 -1.1002 6.2288 -16.1606 0.0718 0.2000 0.4314 0.3922 0.1961 20.3437 2.0000 
813 814 6 -1.1002 6.2288 -16.1606 -1.1784 6.3240 -16.3182 0.0718 0.2000 0.4314 0.3922 0.1961 20.5604 2.0000 
814 815 6 -1.1784 6.3240 -16.3182 -1.2818 6.3682 -16.4835 0.0718 0.2000 0.4314 0.3922 0.1961 20.7808 2.0000 
815 816 6 -1.2818 6.3682 -16.4835 -1.3970 6.4103 -16.6415 0.0718 0.2000 0.4314 0.3922 0.1961 21.0048 2.0000 
816 817 6 -1.3970 6.4103 -16.6415 -1.5151 6.4629 -16.7942 0.0718 0.2000 0.4314 0.3922 0.1961 21.2327 2.0000 
817 818 6 -1.5151 6.4629 -16.7942 -1.6491 6.5325 -16.9253 0.0718 0.2000 0.4314 0.3922 0.1961 21.4646 2.0000 
818 819 6 -1.6491 6.5325 -16.9253 -1.7885 6.5958 -17.0539 0.0718 0.2000 0.4314 0.3922 0.1961 21.7006 2.0000 
819 820 6 -1.7885 6.5958 -17.0539 -1.9276 6.6572 -17.1838 0.0718 0.2000 0.4314 0.3922 0.1961 21.9410 2.0000 
820 821 6 -1.9276 6.6572 -17.1838 -2.0439 6.6986 -17.3412 0.0718 0.2000 0.4314 0.3922 0.1961 22.1857 2.0000 
821 822 6 -2.0439 6.6986 -17.3412 -2.1349 6.7120 -17.5188 0.0718 0.2000 0.4314 0.3922 0.1961 22.4351 2.0000 
822 823 6 -2.1349 6.7120 -17.5188 -2.2254 6.7247 -17.6967 0.0718 0.2000 0.4314 0.3922 0.1961 22.6892 2.0000 
823 824 6 -2.2254 6.7247 -17.6967 -2.2964 6.7329 -17.8835 0.0718 0.2000 0.4314 0.3922 0.1961 22.9484 2.0000 
824 825 6 -2.2964 6.7329 -17.8835 -2.3766 6.7636 -18.0641 0.0718 0.2000 0.4314 0.3922 0.1961 23.2127 2.0000 
825 826 6 -2.3766 6.7636 -18.0641 -2.4575 6.7901 -18.2451 0.0718 0.2000 0.4314 0.3922 0.1961 23.4824 2.0000 
826 827 6 -2.4575 6.7901 -18.2451 -2.5414 6.8109 -18.4254 0.0718 0.2000 0.4314 0.3922 0.1961 23.7577 2.0000 
827 828 6 -2.5414 6.8109 -18.4254 -2.5979 6.8311 -18.6163 0.0718 0.2000 0.4314 0.3922 0.1961 24.0388 2.0000 
828 829 6 -2.5979 6.8311 -18.6163 -2.6504 6.8521 -18.8081 0.0718 0.2000 0.4314 0.3922 0.1961 24.3261 2.0000 
829 830 6 -2.6504 6.8521 -18.8081 -2.6623 6.8777 -19.0061 0.0718 0.2000 0.4314 0.3922 0.1961 24.6197 2.0000 
830 831 6 -2.6623 6.8777 -19.0061 -2.6489 6.9088 -19.2032 0.0718 0.2000 0.4314 0.3922 0.1961 24.9200 2.0000 
831 832 6 -2.6489 6.9088 -19.2032 -2.6364 6.9188 -19.4025 0.0718 0.2000 0.4314 0.3922 0.1961 25.2272 2.0000 
832 833 6 -2.6364 6.9188 -19.4025 -2.6295 6.9299 -19.6021 0.0718 0.2000 0.4314 0.3922 0.1961 25.5418 2.0000 
833 834 6 -2.6295 6.9299 -19.6021 -2.6406 6.9144 -19.8012 0.0718 0.2000 0.4314 0.3922 0.1961 25.8640 2.0000 
834 835 6 -2.6406 6.9144 -19.8012 -2.6454 6.8869 -19.9992 0.0718 0.2000 0.4314 0.3922 0.1961 26.1942 2.0000 
835 836 6 -2.6454 6.8869 -19.9992 -2.6416 6.8689 -20.1984 0.0718 0.2000 0.4314 0.3922 0.1961 26.5329 2.0000 
836 837 6 -2.6416 6.8689 -20.1984 -2.6379 6.8635 -20.3983 0.0718 0.2000 0.4314 0.3922 0.1961 26.8805 2.0000 
837 838 6 -2.6379 6.8635 -20.3983 -2.6217 6.8652 -20.5976 0.0718 0.2000 0.4314 0.3922 0.1961 27.2374 2.0000 
838 839 6 -2.6217 6.8652 -20.5976 -2.6051 6.8658 -20.7969 0.0718 0.2000 0.4314 0.3922 0.1961 27.6043 2.0000 
839 840 6 -2.6051 6.8658 -20.7969 -2.5946 6.8764 -20.9964 0.0718 0.2000 0.4314 0.3922 0.1961 27.9816 2.0000 
840 841 6 -2.5946 6.8764 -20.9964 -2.5857 6.8904 -21.1957 0.0718 0.2000 0.4314 0.3922 0.1961 28.3700 2.0000 
841 842 6 -2.5857 6.8904 -21.1957 -2.5778 6.9017 -21.3952 0.0718 0.2000 0.4314 0.3922 0.1961 28.7701 2.0000 
842 843 6 -2.5778 6.9017 -21.3952 -2.5535 6.9136 -21.5934 0.0718 0.2000 0.4314 0.3922 0.1961 29.1827 2.0000 
843 844 6 -2.5535 6.9136 -21.5934 -2.5240 6.9630 -21.7849 0.0718 0.2000 0.4314 0.3922 0.1961 29.6085 2.0000 
844 845 6 -2.5240 6.9630 -21.7849 -2.4962 7.0081 -21.9551 0.0718 0.1783 0.4314 0.3922 0.1961 30.0000 2.0000 
13 846 7 0.1647 -0.1881 -5.3414 0.3420 -0.2744 -5.3753 0.0726 0.2000 0.4314 0.3922 0.1961 10.8771 2.0000 
846 847 7 0.3420 -0.2744 -5.3753 0.5070 -0.3735 -5.4295 0.0726 0.2000 0.4314 0.3922 0.1961 10.9655 2.0000 
847 848 7 0.5070 -0.3735 -5.4295 0.6819 -0.4673 -5.4547 0.0726 0.2000 0.4314 0.3922 0.1961 11.0546 2.0000 
848 849 7 0.6819 -0.4673 -5.4547 0.8600 -0.5543 -5.4809 0.0726 0.2000 0.4314 0.3922 0.1961 11.1443 2.0000 
849 850 7 0.8600 -0.5543 -5.4809 1.0358 -0.6370 -5.5285 0.0726 0.2000 0.4314 0.3922 0.1961 11.2346 2.0000 
850 851 7 1.0358 -0.6370 -5.5285 1.2229 -0.6856 -5.5799 0.0726 0.2000 0.4314 0.3922 0.1961 11.3255 2.0000 
851 852 7 1.2229 -0.6856 -5.5799 1.4094 -0.7360 -5.6315 0.0726 0.2000 0.4314 0.3922 0.1961 11.4171 2.0000 
852 853 7 1.4094 -0.7360 -5.6315 1.5959 -0.7864 -5.6832 0.0726 0.2000 0.4314 0.3922 0.1961 11.5093 2.0000 
853 854 7 1.5959 -0.7864 -5.6832 1.7823 -0.8354 -5.7367 0.0726 0.2000 0.4314 0.3922 0.1961 11.6021 2.0000 
854 855 7 1.7823 -0.8354 -5.7367 1.9714 -0.8738 -5.7893 0.0726 0.2000 0.4314 0.3922 0.1961 11.6956 2.0000 
855 856 7 1.9714 -0.8738 -5.7893 2.1377 -0.9016 -5.8969 0.0726 0.2000 0.4314 0.3922 0.1961 11.7898 2.0000 
856 857 7 2.1377 -0.9016 -5.8969 2.2948 -0.9353 -6.0160 0.0726 0.2000 0.4314 0.3922 0.1961 11.8846 2.0000 
857 858 7 2.2948 -0.9353 -6.0160 2.4520 -0.9681 -6.1352 0.0726 0.2000 0.4314 0.3922 0.1961 11.9801 2.0000 
858 859 7 2.4520 -0.9681 -6.1352 2.6210 -1.0216 -6.2277 0.0726 0.2000 0.4314 0.3922 0.1961 12.0763 2.0000 
859 860 7 2.6210 -1.0216 -6.2277 2.7746 -1.0806 -6.3415 0.0726 0.2000 0.4314 0.3922 0.1961 12.1732 2.0000 
860 861 7 2.7746 -1.0806 -6.3415 2.9110 -1.1600 -6.4643 0.0726 0.2000 0.4314 0.3922 0.1961 12.2709 2.0000 
861 862 7 2.9110 -1.1600 -6.4643 3.0628 -1.2315 -6.5732 0.0726 0.2000 0.4314 0.3922 0.1961 12.3692 2.0000 
862 863 7 3.0628 -1.2315 -6.5732 3.1908 -1.3398 -6.6821 0.0726 0.2000 0.4314 0.3922 0.1961 12.4683 2.0000 
863 864 7 3.1908 -1.3398 -6.6821 3.3180 -1.4421 -6.7977 0.0726 0.2000 0.4314 0.3922 0.1961 12.5681 2.0000 
864 865 7 3.3180 -1.4421 -6.7977 3.4320 -1.5647 -6.9071 0.0726 0.2000 0.4314 0.3922 0.1961 12.6687 2.0000 
865 866 7 3.4320 -1.5647 -6.9071 3.5451 -1.6727 -7.0318 0.0726 0.2000 0.4314 0.3922 0.1961 12.7701 2.0000 
866 867 7 3.5451 -1.6727 -7.0318 3.7028 -1.7402 -7.1347 0.0726 0.2000 0.4314 0.3922 0.1961 12.8723 2.0000 
867 868 7 3.7028 -1.7402 -7.1347 3.8634 -1.8395 -7.2006 0.0726 0.2000 0.4314 0.3922 0.1961 12.9752 2.0000 
868 869 7 3.8634 -1.8395 -7.2006 4.0108 -1.9590 -7.2638 0.0726 0.2000 0.4314 0.3922 0.1961 13.0790 2.0000 
869 870 7 4.0108 -1.9590 -7.2638 4.1425 -2.0970 -7.3238 0.0726 0.2000 0.4314 0.3922 0.1961 13.1835 2.0000 
870 871 7 4.1425 -2.0970 -7.3238 4.2734 -2.2426 -7.3645 0.0726 0.2000 0.4314 0.3922 0.1961 13.2889 2.0000 
871 872 7 4.2734 -2.2426 -7.3645 4.3965 -2.3993 -7.3818 0.0726 0.2000 0.4314 0.3922 0.1961 13.3952 2.0000 
872 873 7 4.3965 -2.3993 -7.3818 4.5226 -2.5543 -7.3741 0.0726 0.2000 0.4314 0.3922 0.1961 13.5023 2.0000 
873 874 7 4.5226 -2.5543 -7.3741 4.6495 -2.7084 -7.3620 0.0726 0.2000 0.4314 0.3922 0.1961 13.6103 2.0000 
874 875 7 4.6495 -2.7084 -7.3620 4.7797 -2.8581 -7.3878 0.0726 0.2000 0.4314 0.3922 0.1961 13.7192 2.0000 
875 876 7 4.7797 -2.8581 -7.3878 4.9178 -3.0009 -7.4108 0.0726 0.2000 0.4314 0.3922 0.1961 13.8289 2.0000 
876 877 7 4.9178 -3.0009 -7.4108 5.0562 -3.1434 -7.4340 0.0726 0.2000 0.4314 0.3922 0.1961 13.9396 2.0000 
877 878 7 5.0562 -3.1434 -7.4340 5.1831 -3.2961 -7.4579 0.0726 0.2000 0.4314 0.3922 0.1961 14.0513 2.0000 
878 879 7 5.1831 -3.2961 -7.4579 5.3071 -3.4499 -7.4893 0.0726 0.2000 0.4314 0.3922 0.1961 14.1639 2.0000 
879 880 7 5.3071 -3.4499 -7.4893 5.4188 -3.6131 -7.5192 0.0726 0.2000 0.4314 0.3922 0.1961 14.2774 2.0000 
880 881 7 5.4188 -3.6131 -7.5192 5.4927 -3.7969 -7.5463 0.0726 0.2000 0.4314 0.3922 0.1961 14.3919 2.0000 
881 882 7 5.4927 -3.7969 -7.5463 5.5832 -3.9701 -7.5891 0.0726 0.2000 0.4314 0.3922 0.1961 14.5075 2.0000 
882 883 7 5.5832 -3.9701 -7.5891 5.6744 -4.1378 -7.6487 0.0726 0.2000 0.4314 0.3922 0.1961 14.6240 2.0000 
883 884 7 5.6744 -4.1378 -7.6487 5.7719 -4.2914 -7.7318 0.0726 0.2000 0.4314 0.3922 0.1961 14.7416 2.0000 
884 885 7 5.7719 -4.2914 -7.7318 5.8840 -4.4444 -7.7951 0.0726 0.2000 0.4314 0.3922 0.1961 14.8602 2.0000 
885 886 7 5.8840 -4.4444 -7.7951 6.0059 -4.5820 -7.8740 0.0726 0.2000 0.4314 0.3922 0.1961 14.9799 2.0000 
886 887 7 6.0059 -4.5820 -7.8740 6.1166 -4.7269 -7.9561 0.0726 0.2000 0.4314 0.3922 0.1961 15.1007 2.0000 
887 888 7 6.1166 -4.7269 -7.9561 6.2627 -4.8576 -7.9958 0.0726 0.2000 0.4314 0.3922 0.1961 15.2227 2.0000 
888 889 7 6.2627 -4.8576 -7.9958 6.4026 -5.0002 -8.0068 0.0726 0.2000 0.4314 0.3922 0.1961 15.3457 2.0000 
889 890 7 6.4026 -5.0002 -8.0068 6.5475 -5.1380 -8.0086 0.0726 0.2000 0.4314 0.3922 0.1961 15.4699 2.0000 
890 891 7 6.5475 -5.1380 -8.0086 6.6737 -5.2887 -7.9720 0.0726 0.2000 0.4314 0.3922 0.1961 15.5953 2.0000 
891 892 7 6.6737 -5.2887 -7.9720 6.8003 -5.4397 -7.9378 0.0726 0.2000 0.4314 0.3922 0.1961 15.7219 2.0000 
892 893 7 6.8003 -5.4397 -7.9378 6.9406 -5.5806 -7.9163 0.0726 0.2000 0.4314 0.3922 0.1961 15.8497 2.0000 
893 894 7 6.9406 -5.5806 -7.9163 7.0875 -5.7048 -7.9713 0.0726 0.2000 0.4314 0.3922 0.1961 15.9787 2.0000 
894 895 7 7.0875 -5.7048 -7.9713 7.2048 -5.8667 -7.9750 0.0726 0.2000 0.4314 0.3922 0.1961 16.1090 2.0000 
895 896 7 7.2048 -5.8667 -7.9750 7.3117 -6.0352 -7.9611 0.0726 0.2000 0.4314 0.3922 0.1961 16.2407 2.0000 
896 897 7 7.3117 -6.0352 -7.9611 7.4141 -6.1982 -7.9068 0.0726 0.2000 0.4314 0.3922 0.1961 16.3736 2.0000 
897 898 7 7.4141 -6.1982 -7.9068 7.4935 -6.3670 -7.8348 0.0726 0.2000 0.4314 0.3922 0.1961 16.5079 2.0000 
898 899 7 7.4935 -6.3670 -7.8348 7.5675 -6.5417 -7.7715 0.0726 0.2000 0.4314 0.3922 0.1961 16.6436 2.0000 
899 900 7 7.5675 -6.5417 -7.7715 7.6143 -6.7187 -7.6910 0.0726 0.2000 0.4314 0.3922 0.1961 16.7806 2.0000 
900 901 7 7.6143 -6.7187 -7.6910 7.6794 -6.8924 -7.6161 0.0726 0.2000 0.4314 0.3922 0.1961 16.9191 2.0000 
901 902 7 7.6794 -6.8924 -7.6161 7.7600 -7.0727 -7.5847 0.0726 0.2000 0.4314 0.3922 0.1961 17.0591 2.0000 
902 903 7 7.7600 -7.0727 -7.5847 7.8406 -7.2530 -7.5533 0.0726 0.2000 0.4314 0.3922 0.1961 17.2006 2.0000 
903 904 7 7.8406 -7.2530 -7.5533 7.9398 -7.4213 -7.5102 0.0726 0.2000 0.4314 0.3922 0.1961 17.3436 2.0000 
904 905 7 7.9398 -7.4213 -7.5102 8.0430 -7.5871 -7.4672 0.0726 0.2000 0.4314 0.3922 0.1961 17.4881 2.0000 
905 906 7 8.0430 -7.5871 -7.4672 8.1383 -7.7487 -7.3977 0.0726 0.2000 0.4314 0.3922 0.1961 17.6343 2.0000 
906 907 7 8.1383 -7.7487 -7.3977 8.2022 -7.9212 -7.3194 0.0726 0.2000 0.4314 0.3922 0.1961 17.7821 2.0000 
907 908 7 8.2022 -7.9212 -7.3194 8.2580 -8.1080 -7.2746 0.0726 0.2000 0.4314 0.3922 0.1961 17.9315 2.0000 
908 909 7 8.2580 -8.1080 -7.2746 8.3349 -8.2908 -7.2492 0.0726 0.2000 0.4314 0.3922 0.1961 18.0827 2.0000 
909 910 7 8.3349 -8.2908 -7.2492 8.4136 -8.4733 -7.2262 0.0726 0.2000 0.4314 0.3922 0.1961 18.2356 2.0000 
910 911 7 8.4136 -8.4733 -7.2262 8.4974 -8.6519 -7.1937 0.0726 0.2000 0.4314 0.3922 0.1961 18.3903 2.0000 
911 912 7 8.4974 -8.6519 -7.1937 8.6040 -8.8108 -7.1355 0.0726 0.2000 0.4314 0.3922 0.1961 18.5468 2.0000 
912 913 7 8.6040 -8.8108 -7.1355 8.7160 -8.9760 -7.1219 0.0726 0.2000 0.4314 0.3922 0.1961 18.7052 2.0000 
913 914 7 8.7160 -8.9760 -7.1219 8.8226 -9.1438 -7.1438 0.0726 0.2000 0.4314 0.3922 0.1961 18.8656 2.0000 
914 915 7 8.8226 -9.1438 -7.1438 8.9006 -9.3250 -7.1767 0.0726 0.2000 0.4314 0.3922 0.1961 19.0279 2.0000 
915 916 7 8.9006 -9.3250 -7.1767 9.0005 -9.4805 -7.2530 0.0726 0.2000 0.4314 0.3922 0.1961 19.1922 2.0000 
916 917 7 9.0005 -9.4805 -7.2530 9.1217 -9.6138 -7.3398 0.0726 0.2000 0.4314 0.3922 0.1961 19.3585 2.0000 
917 918 7 9.1217 -9.6138 -7.3398 9.2270 -9.7749 -7.3944 0.0726 0.2000 0.4314 0.3922 0.1961 19.5270 2.0000 
918 919 7 9.2270 -9.7749 -7.3944 9.3065 -9.9488 -7.4528 0.0726 0.2000 0.4314 0.3922 0.1961 19.6977 2.0000 
919 920 7 9.3065 -9.9488 -7.4528 9.4175 -10.1019 -7.5181 0.0726 0.2000 0.4314 0.3922 0.1961 19.8706 2.0000 
920 921 7 9.4175 -10.1019 -7.5181 9.5360 -10.2553 -7.5672 0.0726 0.2000 0.4314 0.3922 0.1961 20.0458 2.0000 
921 922 7 9.5360 -10.2553 -7.5672 9.6699 -10.4026 -7.5868 0.0726 0.2000 0.4314 0.3922 0.1961 20.2233 2.0000 
922 923 7 9.6699 -10.4026 -7.5868 9.8059 -10.5478 -7.6072 0.0726 0.2000 0.4314 0.3922 0.1961 20.4032 2.0000 
923 924 7 9.8059 -10.5478 -7.6072 9.9661 -10.6628 -7.6407 0.0726 0.2000 0.4314 0.3922 0.1961 20.5857 2.0000 
924 925 7 9.9661 -10.6628 -7.6407 10.1331 -10.7727 -7.6374 0.0726 0.2000 0.4314 0.3922 0.1961 20.7706 2.0000 
925 926 7 10.1331 -10.7727 -7.6374 10.3100 -10.8654 -7.6268 0.0726 0.2000 0.4314 0.3922 0.1961 20.9582 2.0000 
926 927 7 10.3100 -10.8654 -7.6268 10.4932 -10.9300 -7.5792 0.0726 0.2000 0.4314 0.3922 0.1961 21.1485 2.0000 
927 928 7 10.4932 -10.9300 -7.5792 10.6768 -11.0076 -7.5628 0.0726 0.2000 0.4314 0.3922 0.1961 21.3416 2.0000 
928 929 7 10.6768 -11.0076 -7.5628 10.8352 -11.1258 -7.5321 0.0726 0.2000 0.4314 0.3922 0.1961 21.5375 2.0000 
929 930 7 10.8352 -11.1258 -7.5321 11.0222 -11.1966 -7.5345 0.0726 0.2000 0.4314 0.3922 0.1961 21.7364 2.0000 
930 931 7 11.0222 -11.1966 -7.5345 11.2073 -11.2725 -7.5334 0.0726 0.2000 0.4314 0.3922 0.1961 21.9383 2.0000 
931 932 7 11.2073 -11.2725 -7.5334 11.3879 -11.3584 -7.5360 0.0726 0.2000 0.4314 0.3922 0.1961 22.1434 2.0000 
932 933 7 11.3879 -11.3584 -7.5360 11.5789 -11.4169 -7.5274 0.0726 0.2000 0.4314 0.3922 0.1961 22.3516 2.0000 
933 934 7 11.5789 -11.4169 -7.5274 11.7734 -11.4635 -7.5269 0.0726 0.2000 0.4314 0.3922 0.1961 22.5632 2.0000 
934 935 7 11.7734 -11.4635 -7.5269 11.9680 -11.5095 -7.5240 0.0726 0.2000 0.4314 0.3922 0.1961 22.7783 2.0000 
935 936 7 11.9680 -11.5095 -7.5240 12.1519 -11.5872 -7.5372 0.0726 0.2000 0.4314 0.3922 0.1961 22.9969 2.0000 
936 937 7 12.1519 -11.5872 -7.5372 12.3384 -11.6593 -7.5361 0.0726 0.2000 0.4314 0.3922 0.1961 23.2191 2.0000 
937 938 7 12.3384 -11.6593 -7.5361 12.5185 -11.7461 -7.5306 0.0726 0.2000 0.4314 0.3922 0.1961 23.4452 2.0000 
938 939 7 12.5185 -11.7461 -7.5306 12.7088 -11.8019 -7.5563 0.0726 0.2000 0.4314 0.3922 0.1961 23.6752 2.0000 
939 940 7 12.7088 -11.8019 -7.5563 12.8912 -11.8767 -7.5901 0.0726 0.2000 0.4314 0.3922 0.1961 23.9092 2.0000 
940 941 7 12.8912 -11.8767 -7.5901 13.0681 -11.9504 -7.6473 0.0726 0.2000 0.4314 0.3922 0.1961 24.1475 2.0000 
941 942 7 13.0681 -11.9504 -7.6473 13.2568 -12.0055 -7.6843 0.0726 0.2000 0.4314 0.3922 0.1961 24.3901 2.0000 
942 943 7 13.2568 -12.0055 -7.6843 13.4332 -12.0868 -7.7318 0.0726 0.2000 0.4314 0.3922 0.1961 24.6373 2.0000 
943 944 7 13.4332 -12.0868 -7.7318 13.6105 -12.1455 -7.8034 0.0726 0.2000 0.4314 0.3922 0.1961 24.8892 2.0000 
944 945 7 13.6105 -12.1455 -7.8034 13.7877 -12.2038 -7.8756 0.0726 0.2000 0.4314 0.3922 0.1961 25.1460 2.0000 
945 946 7 13.7877 -12.2038 -7.8756 13.9610 -12.2743 -7.9463 0.0726 0.2000 0.4314 0.3922 0.1961 25.4078 2.0000 
946 947 7 13.9610 -12.2743 -7.9463 14.1291 -12.3594 -8.0134 0.0726 0.2000 0.4314 0.3922 0.1961 25.6749 2.0000 
947 948 7 14.1291 -12.3594 -8.0134 14.2938 -12.4462 -8.0866 0.0726 0.2000 0.4314 0.3922 0.1961 25.9476 2.0000 
948 949 7 14.2938 -12.4462 -8.0866 14.4561 -12.5376 -8.1592 0.0726 0.2000 0.4314 0.3922 0.1961 26.2260 2.0000 
949 950 7 14.4561 -12.5376 -8.1592 14.6116 -12.6248 -8.2499 0.0726 0.2000 0.4314 0.3922 0.1961 26.5103 2.0000 
950 951 7 14.6116 -12.6248 -8.2499 14.7634 -12.7103 -8.3481 0.0726 0.2000 0.4314 0.3922 0.1961 26.8009 2.0000 
951 952 7 14.7634 -12.7103 -8.3481 14.8955 -12.8233 -8.4470 0.0726 0.2000 0.4314 0.3922 0.1961 27.0980 2.0000 
952 953 7 14.8955 -12.8233 -8.4470 15.0315 -12.9321 -8.5453 0.0726 0.2000 0.4314 0.3922 0.1961 27.4020 2.0000 
953 954 7 15.0315 -12.9321 -8.5453 15.1816 -13.0225 -8.6417 0.0726 0.2000 0.4314 0.3922 0.1961 27.7131 2.0000 
954 955 7 15.1816 -13.0225 -8.6417 15.3242 -13.1040 -8.7558 0.0726 0.2000 0.4314 0.3922 0.1961 28.0317 2.0000 
955 956 7 15.3242 -13.1040 -8.7558 15.4668 -13.1855 -8.8699 0.0726 0.2000 0.4314 0.3922 0.1961 28.3581 2.0000 
956 957 7 15.4668 -13.1855 -8.8699 15.5769 -13.2888 -9.0011 0.0726 0.2000 0.4314 0.3922 0.1961 28.6928 2.0000 
957 958 7 15.5769 -13.2888 -9.0011 15.6927 -13.3815 -9.1353 0.0726 0.2000 0.4314 0.3922 0.1961 29.0362 2.0000 
958 959 7 15.6927 -13.3815 -9.1353 15.7238 -13.4535 -9.3193 0.0726 0.2000 0.4314 0.3922 0.1961 29.3888 2.0000 
959 960 7 15.7238 -13.4535 -9.3193 15.7812 -13.5144 -9.5009 0.0726 0.2000 0.4314 0.3922 0.1961 29.7510 2.0000 
960 961 7 15.7812 -13.5144 -9.5009 15.8060 -13.5528 -9.6273 0.0726 0.1344 0.4314 0.3922 0.1961 30.0000 2.0000 
16 962 8 0.1716 -0.2487 -5.7580 0.0687 -0.1072 -5.8549 0.0620 0.2000 0.4314 0.3922 0.1961 11.3084 2.0000 
962 963 8 0.0687 -0.1072 -5.8549 -0.0174 0.0315 -5.9705 0.0620 0.2000 0.4314 0.3922 0.1961 11.4050 2.0000 
963 964 8 -0.0174 0.0315 -5.9705 -0.1080 0.1758 -6.0751 0.0620 0.2000 0.4314 0.3922 0.1961 11.5023 2.0000 
964 965 8 -0.1080 0.1758 -6.0751 -0.2032 0.3045 -6.1951 0.0620 0.2000 0.4314 0.3922 0.1961 11.6002 2.0000 
965 966 8 -0.2032 0.3045 -6.1951 -0.2975 0.4245 -6.3244 0.0620 0.2000 0.4314 0.3922 0.1961 11.6988 2.0000 
966 967 8 -0.2975 0.4245 -6.3244 -0.4329 0.4744 -6.4629 0.0620 0.2000 0.4314 0.3922 0.1961 11.7981 2.0000 
967 968 8 -0.4329 0.4744 -6.4629 -0.5959 0.5321 -6.5633 0.0620 0.2000 0.4314 0.3922 0.1961 11.8981 2.0000 
968 969 8 -0.5959 0.5321 -6.5633 -0.7577 0.5960 -6.6620 0.0620 0.2000 0.4314 0.3922 0.1961 11.9988 2.0000 
969 970 8 -0.7577 0.5960 -6.6620 -0.9240 0.6716 -6.7433 0.0620 0.2000 0.4314 0.3922 0.1961 12.1002 2.0000 
970 971 8 -0.9240 0.6716 -6.7433 -1.0899 0.7399 -6.8319 0.0620 0.2000 0.4314 0.3922 0.1961 12.2023 2.0000 
971 972 8 -1.0899 0.7399 -6.8319 -1.2556 0.7618 -6.9417 0.0620 0.2000 0.4314 0.3922 0.1961 12.3051 2.0000 
972 973 8 -1.2556 0.7618 -6.9417 -1.4193 0.7747 -7.0559 0.0620 0.2000 0.4314 0.3922 0.1961 12.4087 2.0000 
973 974 8 -1.4193 0.7747 -7.0559 -1.5660 0.7816 -7.1916 0.0620 0.2000 0.4314 0.3922 0.1961 12.5130 2.0000 
974 975 8 -1.5660 0.7816 -7.1916 -1.6791 0.7818 -7.3566 0.0620 0.2000 0.4314 0.3922 0.1961 12.6180 2.0000 
975 976 8 -1.6791 0.7818 -7.3566 -1.8025 0.7647 -7.5130 0.0620 0.2000 0.4314 0.3922 0.1961 12.7239 2.0000 
976 977 8 -1.8025 0.7647 -7.5130 -1.9251 0.7510 -7.6705 0.0620 0.2000 0.4314 0.3922 0.1961 12.8305 2.0000 
977 978 8 -1.9251 0.7510 -7.6705 -2.0281 0.7259 -7.8400 0.0620 0.2000 0.4314 0.3922 0.1961 12.9379 2.0000 
978 979 8 -2.0281 0.7259 -7.8400 -2.1256 0.7083 -8.0138 0.0620 0.2000 0.4314 0.3922 0.1961 13.0461 2.0000 
979 980 8 -2.1256 0.7083 -8.0138 -2.2012 0.6765 -8.1961 0.0620 0.2000 0.4314 0.3922 0.1961 13.1551 2.0000 
980 981 8 -2.2012 0.6765 -8.1961 -2.2948 0.6469 -8.3704 0.0620 0.2000 0.4314 0.3922 0.1961 13.2650 2.0000 
981 982 8 -2.2948 0.6469 -8.3704 -2.3853 0.6263 -8.5476 0.0620 0.2000 0.4314 0.3922 0.1961 13.3757 2.0000 
982 983 8 -2.3853 0.6263 -8.5476 -2.4677 0.5988 -8.7277 0.0620 0.2000 0.4314 0.3922 0.1961 13.4872 2.0000 
983 984 8 -2.4677 0.5988 -8.7277 -2.5536 0.5497 -8.9015 0.0620 0.2000 0.4314 0.3922 0.1961 13.5996 2.0000 
984 985 8 -2.5536 0.5497 -8.9015 -2.6333 0.4930 -9.0760 0.0620 0.2000 0.4314 0.3922 0.1961 13.7129 2.0000 
985 986 8 -2.6333 0.4930 -9.0760 -2.6920 0.4443 -9.2609 0.0620 0.2000 0.4314 0.3922 0.1961 13.8271 2.0000 
986 987 8 -2.6920 0.4443 -9.2609 -2.7295 0.4183 -9.4556 0.0620 0.2000 0.4314 0.3922 0.1961 13.9422 2.0000 
987 988 8 -2.7295 0.4183 -9.4556 -2.7667 0.3970 -9.6510 0.0620 0.2000 0.4314 0.3922 0.1961 14.0582 2.0000 
988 989 8 -2.7667 0.3970 -9.6510 -2.8333 0.4120 -9.8390 0.0620 0.2000 0.4314 0.3922 0.1961 14.1752 2.0000 
989 990 8 -2.8333 0.4120 -9.8390 -2.8998 0.4273 -10.0269 0.0620 0.2000 0.4314 0.3922 0.1961 14.2931 2.0000 
990 991 8 -2.8998 0.4273 -10.0269 -2.9845 0.4534 -10.2062 0.0620 0.2000 0.4314 0.3922 0.1961 14.4120 2.0000 
991 992 8 -2.9845 0.4534 -10.2062 -3.0640 0.4675 -10.3892 0.0620 0.2000 0.4314 0.3922 0.1961 14.5318 2.0000 
992 993 8 -3.0640 0.4675 -10.3892 -3.1259 0.5167 -10.5730 0.0620 0.2000 0.4314 0.3922 0.1961 14.6527 2.0000 
993 994 8 -3.1259 0.5167 -10.5730 -3.1861 0.5834 -10.7516 0.0620 0.2000 0.4314 0.3922 0.1961 14.7746 2.0000 
994 995 8 -3.1861 0.5834 -10.7516 -3.2269 0.6465 -10.9370 0.0620 0.2000 0.4314 0.3922 0.1961 14.8975 2.0000 
995 996 8 -3.2269 0.6465 -10.9370 -3.2655 0.7101 -11.1226 0.0620 0.2000 0.4314 0.3922 0.1961 15.0215 2.0000 
996 997 8 -3.2655 0.7101 -11.1226 -3.2995 0.7585 -11.3137 0.0620 0.2000 0.4314 0.3922 0.1961 15.1465 2.0000 
997 998 8 -3.2995 0.7585 -11.3137 -3.3259 0.7965 -11.5082 0.0620 0.2000 0.4314 0.3922 0.1961 15.2727 2.0000 
998 999 8 -3.3259 0.7965 -11.5082 -3.3384 0.8240 -11.7059 0.0620 0.2000 0.4314 0.3922 0.1961 15.3999 2.0000 
999 1000 8 -3.3384 0.8240 -11.7059 -3.3378 0.8707 -11.9004 0.0620 0.2000 0.4314 0.3922 0.1961 15.5283 2.0000 
1000 1001 8 -3.3378 0.8707 -11.9004 -3.3371 0.9168 -12.0950 0.0620 0.2000 0.4314 0.3922 0.1961 15.6578 2.0000 
1001 1002 8 -3.3371 0.9168 -12.0950 -3.3770 0.9857 -12.2785 0.0620 0.2000 0.4314 0.3922 0.1961 15.7885 2.0000 
1002 1003 8 -3.3770 0.9857 -12.2785 -3.3891 1.0547 -12.4658 0.0620 0.2000 0.4314 0.3922 0.1961 15.9204 2.0000 
1003 1004 8 -3.3891 1.0547 -12.4658 -3.4008 1.1234 -12.6533 0.0620 0.2000 0.4314 0.3922 0.1961 16.0535 2.0000 
1004 1005 8 -3.4008 1.1234 -12.6533 -3.4589 1.1876 -12.8336 0.0620 0.2000 0.4314 0.3922 0.1961 16.1878 2.0000 
1005 1006 8 -3.4589 1.1876 -12.8336 -3.5003 1.2407 -13.0219 0.0620 0.2000 0.4314 0.3922 0.1961 16.3234 2.0000 
1006 1007 8 -3.5003 1.2407 -13.0219 -3.5375 1.2873 -13.2128 0.0620 0.2000 0.4314 0.3922 0.1961 16.4603 2.0000 
1007 1008 8 -3.5375 1.2873 -13.2128 -3.5600 1.3050 -13.4107 0.0620 0.2000 0.4314 0.3922 0.1961 16.5985 2.0000 
1008 1009 8 -3.5600 1.3050 -13.4107 -3.5507 1.2831 -13.6093 0.0620 0.2000 0.4314 0.3922 0.1961 16.7380 2.0000 
1009 1010 8 -3.5507 1.2831 -13.6093 -3.5526 1.2779 -13.8092 0.0620 0.2000 0.4314 0.3922 0.1961 16.8789 2.0000 
1010 1011 8 -3.5526 1.2779 -13.8092 -3.5527 1.2638 -14.0087 0.0620 0.2000 0.4314 0.3922 0.1961 17.0212 2.0000 
1011 1012 8 -3.5527 1.2638 -14.0087 -3.5537 1.2469 -14.2080 0.0620 0.2000 0.4314 0.3922 0.1961 17.1649 2.0000 
1012 1013 8 -3.5537 1.2469 -14.2080 -3.5417 1.2433 -14.4076 0.0620 0.2000 0.4314 0.3922 0.1961 17.3100 2.0000 
1013 1014 8 -3.5417 1.2433 -14.4076 -3.5302 1.2392 -14.6073 0.0620 0.2000 0.4314 0.3922 0.1961 17.4566 2.0000 
1014 1015 8 -3.5302 1.2392 -14.6073 -3.5000 1.2320 -14.8048 0.0620 0.2000 0.4314 0.3922 0.1961 17.6047 2.0000 
1015 1016 8 -3.5000 1.2320 -14.8048 -3.4681 1.2245 -15.0021 0.0620 0.2000 0.4314 0.3922 0.1961 17.7543 2.0000 
1016 1017 8 -3.4681 1.2245 -15.0021 -3.4460 1.2197 -15.2009 0.0620 0.2000 0.4314 0.3922 0.1961 17.9055 2.0000 
1017 1018 8 -3.4460 1.2197 -15.2009 -3.3877 1.2198 -15.3922 0.0620 0.2000 0.4314 0.3922 0.1961 18.0583 2.0000 
1018 1019 8 -3.3877 1.2198 -15.3922 -3.3264 1.2266 -15.5824 0.0620 0.2000 0.4314 0.3922 0.1961 18.2127 2.0000 
1019 1020 8 -3.3264 1.2266 -15.5824 -3.2604 1.1944 -15.7685 0.0620 0.2000 0.4314 0.3922 0.1961 18.3688 2.0000 
1020 1021 8 -3.2604 1.1944 -15.7685 -3.2117 1.1247 -15.9495 0.0620 0.2000 0.4314 0.3922 0.1961 18.5266 2.0000 
1021 1022 8 -3.2117 1.1247 -15.9495 -3.1745 1.0530 -16.1325 0.0620 0.2000 0.4314 0.3922 0.1961 18.6861 2.0000 
1022 1023 8 -3.1745 1.0530 -16.1325 -3.0922 0.9498 -16.2827 0.0620 0.2000 0.4314 0.3922 0.1961 18.8474 2.0000 
1023 1024 8 -3.0922 0.9498 -16.2827 -3.0267 0.8432 -16.4388 0.0620 0.2000 0.4314 0.3922 0.1961 19.0105 2.0000 
1024 1025 8 -3.0267 0.8432 -16.4388 -2.9794 0.7392 -16.6029 0.0620 0.2000 0.4314 0.3922 0.1961 19.1755 2.0000 
1025 1026 8 -2.9794 0.7392 -16.6029 -2.9310 0.6355 -16.7669 0.0620 0.2000 0.4314 0.3922 0.1961 19.3424 2.0000 
1026 1027 8 -2.9310 0.6355 -16.7669 -2.8801 0.5228 -16.9241 0.0620 0.2000 0.4314 0.3922 0.1961 19.5113 2.0000 
1027 1028 8 -2.8801 0.5228 -16.9241 -2.8348 0.4200 -17.0896 0.0620 0.2000 0.4314 0.3922 0.1961 19.6821 2.0000 
1028 1029 8 -2.8348 0.4200 -17.0896 -2.7638 0.3408 -17.2589 0.0620 0.2000 0.4314 0.3922 0.1961 19.8550 2.0000 
1029 1030 8 -2.7638 0.3408 -17.2589 -2.6237 0.2547 -17.3728 0.0620 0.2000 0.4314 0.3922 0.1961 20.0299 2.0000 
1030 1031 8 -2.6237 0.2547 -17.3728 -2.4843 0.1839 -17.4975 0.0620 0.2000 0.4314 0.3922 0.1961 20.2071 2.0000 
1031 1032 8 -2.4843 0.1839 -17.4975 -2.3437 0.1090 -17.6185 0.0620 0.2000 0.4314 0.3922 0.1961 20.3864 2.0000 
1032 1033 8 -2.3437 0.1090 -17.6185 -2.2182 0.0305 -17.7530 0.0620 0.2000 0.4314 0.3922 0.1961 20.5679 2.0000 
1033 1034 8 -2.2182 0.0305 -17.7530 -2.1056 -0.0376 -17.9036 0.0620 0.2000 0.4314 0.3922 0.1961 20.7518 2.0000 
1034 1035 8 -2.1056 -0.0376 -17.9036 -1.9961 -0.1017 -18.0582 0.0620 0.2000 0.4314 0.3922 0.1961 20.9380 2.0000 
1035 1036 8 -1.9961 -0.1017 -18.0582 -1.9244 -0.1942 -18.2204 0.0620 0.2000 0.4314 0.3922 0.1961 21.1267 2.0000 
1036 1037 8 -1.9244 -0.1942 -18.2204 -1.8533 -0.2812 -18.3858 0.0620 0.2000 0.4314 0.3922 0.1961 21.3178 2.0000 
1037 1038 8 -1.8533 -0.2812 -18.3858 -1.7788 -0.3645 -18.5516 0.0620 0.2000 0.4314 0.3922 0.1961 21.5115 2.0000 
1038 1039 8 -1.7788 -0.3645 -18.5516 -1.7239 -0.4553 -18.7212 0.0620 0.2000 0.4314 0.3922 0.1961 21.7079 2.0000 
1039 1040 8 -1.7239 -0.4553 -18.7212 -1.6678 -0.5520 -18.8870 0.0620 0.2000 0.4314 0.3922 0.1961 21.9069 2.0000 
1040 1041 8 -1.6678 -0.5520 -18.8870 -1.6082 -0.6217 -19.0648 0.0620 0.2000 0.4314 0.3922 0.1961 22.1088 2.0000 
1041 1042 8 -1.6082 -0.6217 -19.0648 -1.5238 -0.6965 -19.2299 0.0620 0.2000 0.4314 0.3922 0.1961 22.3134 2.0000 
1042 1043 8 -1.5238 -0.6965 -19.2299 -1.4496 -0.7657 -19.4023 0.0620 0.2000 0.4314 0.3922 0.1961 22.5211 2.0000 
1043 1044 8 -1.4496 -0.7657 -19.4023 -1.3242 -0.8188 -19.5488 0.0620 0.2000 0.4314 0.3922 0.1961 22.7317 2.0000 
1044 1045 8 -1.3242 -0.8188 -19.5488 -1.1967 -0.8690 -19.6944 0.0620 0.2000 0.4314 0.3922 0.1961 22.9455 2.0000 
1045 1046 8 -1.1967 -0.8690 -19.6944 -1.0781 -0.9093 -19.8504 0.0620 0.2000 0.4314 0.3922 0.1961 23.1624 2.0000 
1046 1047 8 -1.0781 -0.9093 -19.8504 -0.9757 -0.9129 -20.0221 0.0620 0.2000 0.4314 0.3922 0.1961 23.3827 2.0000 
1047 1048 8 -0.9757 -0.9129 -20.0221 -0.8862 -0.9361 -20.1995 0.0620 0.2000 0.4314 0.3922 0.1961 23.6064 2.0000 
1048 1049 8 -0.8862 -0.9361 -20.1995 -0.7968 -0.9766 -20.3737 0.0620 0.2000 0.4314 0.3922 0.1961 23.8336 2.0000 
1049 1050 8 -0.7968 -0.9766 -20.3737 -0.6814 -0.9964 -20.5359 0.0620 0.2000 0.4314 0.3922 0.1961 24.0644 2.0000 
1050 1051 8 -0.6814 -0.9964 -20.5359 -0.5509 -1.0228 -20.6852 0.0620 0.2000 0.4314 0.3922 0.1961 24.2989 2.0000 
1051 1052 8 -0.5509 -1.0228 -20.6852 -0.4192 -1.0692 -20.8283 0.0620 0.2000 0.4314 0.3922 0.1961 24.5373 2.0000 
1052 1053 8 -0.4192 -1.0692 -20.8283 -0.2996 -1.1144 -20.9821 0.0620 0.2000 0.4314 0.3922 0.1961 24.7798 2.0000 
1053 1054 8 -0.2996 -1.1144 -20.9821 -0.1831 -1.1589 -21.1385 0.0620 0.2000 0.4314 0.3922 0.1961 25.0263 2.0000 
1054 1055 8 -0.1831 -1.1589 -21.1385 -0.1119 -1.1994 -21.3209 0.0620 0.2000 0.4314 0.3922 0.1961 25.2771 2.0000 
1055 1056 8 -0.1119 -1.1994 -21.3209 -0.0373 -1.2416 -21.5016 0.0620 0.2000 0.4314 0.3922 0.1961 25.5324 2.0000 
1056 1057 8 -0.0373 -1.2416 -21.5016 0.0496 -1.2599 -21.6808 0.0620 0.2000 0.4314 0.3922 0.1961 25.7922 2.0000 
1057 1058 8 0.0496 -1.2599 -21.6808 0.1401 -1.2889 -21.8568 0.0620 0.2000 0.4314 0.3922 0.1961 26.0568 2.0000 
1058 1059 8 0.1401 -1.2889 -21.8568 0.2263 -1.3253 -22.0335 0.0620 0.2000 0.4314 0.3922 0.1961 26.3264 2.0000 
1059 1060 8 0.2263 -1.3253 -22.0335 0.2987 -1.3590 -22.2169 0.0620 0.2000 0.4314 0.3922 0.1961 26.6010 2.0000 
1060 1061 8 0.2987 -1.3590 -22.2169 0.3574 -1.3909 -22.4054 0.0620 0.2000 0.4314 0.3922 0.1961 26.8810 2.0000 
1061 1062 8 0.3574 -1.3909 -22.4054 0.4122 -1.4357 -22.5925 0.0620 0.2000 0.4314 0.3922 0.1961 27.1664 2.0000 
1062 1063 8 0.4122 -1.4357 -22.5925 0.4640 -1.4875 -22.7786 0.0620 0.2000 0.4314 0.3922 0.1961 27.4577 2.0000 
1063 1064 8 0.4640 -1.4875 -22.7786 0.4869 -1.5198 -22.9746 0.0620 0.2000 0.4314 0.3922 0.1961 27.7549 2.0000 
1064 1065 8 0.4869 -1.5198 -22.9746 0.5116 -1.5512 -23.1706 0.0620 0.2000 0.4314 0.3922 0.1961 28.0583 2.0000 
1065 1066 8 0.5116 -1.5512 -23.1706 0.5367 -1.5829 -23.3665 0.0620 0.2000 0.4314 0.3922 0.1961 28.3683 2.0000 
1066 1067 8 0.5367 -1.5829 -23.3665 0.5530 -1.6299 -23.5602 0.0620 0.2000 0.4314 0.3922 0.1961 28.6850 2.0000 
1067 1068 8 0.5530 -1.6299 -23.5602 0.5902 -1.6530 -23.7553 0.0620 0.2000 0.4314 0.3922 0.1961 29.0089 2.0000 
1068 1069 8 0.5902 -1.6530 -23.7553 0.6228 -1.6628 -23.9524 0.0620 0.2000 0.4314 0.3922 0.1961 29.3401 2.0000 
1069 1070 8 0.6228 -1.6628 -23.9524 0.6513 -1.6786 -24.1497 0.0620 0.2000 0.4314 0.3922 0.1961 29.6792 2.0000 
1070 1071 8 0.6513 -1.6786 -24.1497 0.7115 -1.6773 -24.3247 0.0620 0.1850 0.4314 0.3922 0.1961 30.0000 2.0000 
18 1072 9 0.2249 -0.2503 -6.1477 0.1181 -0.0925 -6.2082 0.0635 0.2000 0.4314 0.3922 0.1961 11.7240 2.0000 
1072 1073 9 0.1181 -0.0925 -6.2082 0.0247 0.0752 -6.2646 0.0635 0.2000 0.4314 0.3922 0.1961 11.8345 2.0000 
1073 1074 9 0.0247 0.0752 -6.2646 -0.1018 0.2188 -6.3227 0.0635 0.2000 0.4314 0.3922 0.1961 11.9457 2.0000 
1074 1075 9 -0.1018 0.2188 -6.3227 -0.2030 0.3756 -6.3945 0.0635 0.2000 0.4314 0.3922 0.1961 12.0577 2.0000 
1075 1076 9 -0.2030 0.3756 -6.3945 -0.3122 0.5369 -6.4401 0.0635 0.2000 0.4314 0.3922 0.1961 12.1704 2.0000 
1076 1077 9 -0.3122 0.5369 -6.4401 -0.4273 0.6692 -6.5362 0.0635 0.2000 0.4314 0.3922 0.1961 12.2839 2.0000 
1077 1078 9 -0.4273 0.6692 -6.5362 -0.5044 0.8177 -6.6457 0.0635 0.2000 0.4314 0.3922 0.1961 12.3981 2.0000 
1078 1079 9 -0.5044 0.8177 -6.6457 -0.5560 0.9687 -6.7664 0.0635 0.2000 0.4314 0.3922 0.1961 12.5132 2.0000 
1079 1080 9 -0.5560 0.9687 -6.7664 -0.6218 1.1153 -6.8854 0.0635 0.2000 0.4314 0.3922 0.1961 12.6291 2.0000 
1080 1081 9 -0.6218 1.1153 -6.8854 -0.6844 1.2873 -6.9660 0.0635 0.2000 0.4314 0.3922 0.1961 12.7458 2.0000 
1081 1082 9 -0.6844 1.2873 -6.9660 -0.7502 1.4605 -7.0412 0.0635 0.2000 0.4314 0.3922 0.1961 12.8633 2.0000 
1082 1083 9 -0.7502 1.4605 -7.0412 -0.8282 1.6086 -7.1507 0.0635 0.2000 0.4314 0.3922 0.1961 12.9816 2.0000 
1083 1084 9 -0.8282 1.6086 -7.1507 -0.8444 1.7349 -7.3050 0.0635 0.2000 0.4314 0.3922 0.1961 13.1008 2.0000 
1084 1085 9 -0.8444 1.7349 -7.3050 -0.8545 1.8604 -7.4603 0.0635 0.2000 0.4314 0.3922 0.1961 13.2209 2.0000 
1085 1086 9 -0.8545 1.8604 -7.4603 -0.8538 1.9813 -7.6197 0.0635 0.2000 0.4314 0.3922 0.1961 13.3418 2.0000 
1086 1087 9 -0.8538 1.9813 -7.6197 -0.8508 2.0855 -7.7903 0.0635 0.2000 0.4314 0.3922 0.1961 13.4636 2.0000 
1087 1088 9 -0.8508 2.0855 -7.7903 -0.8493 2.1890 -7.9615 0.0635 0.2000 0.4314 0.3922 0.1961 13.5863 2.0000 
1088 1089 9 -0.8493 2.1890 -7.9615 -0.8479 2.2923 -8.1327 0.0635 0.2000 0.4314 0.3922 0.1961 13.7099 2.0000 
1089 1090 9 -0.8479 2.2923 -8.1327 -0.8215 2.3981 -8.3003 0.0635 0.2000 0.4314 0.3922 0.1961 13.8345 2.0000 
1090 1091 9 -0.8215 2.3981 -8.3003 -0.8099 2.5001 -8.4720 0.0635 0.2000 0.4314 0.3922 0.1961 13.9600 2.0000 
1091 1092 9 -0.8099 2.5001 -8.4720 -0.8005 2.6395 -8.6152 0.0635 0.2000 0.4314 0.3922 0.1961 14.0864 2.0000 
1092 1093 9 -0.8005 2.6395 -8.6152 -0.7895 2.7784 -8.7586 0.0635 0.2000 0.4314 0.3922 0.1961 14.2139 2.0000 
1093 1094 9 -0.7895 2.7784 -8.7586 -0.7779 2.9110 -8.9079 0.0635 0.2000 0.4314 0.3922 0.1961 14.3423 2.0000 
1094 1095 9 -0.7779 2.9110 -8.9079 -0.7667 3.0238 -9.0727 0.0635 0.2000 0.4314 0.3922 0.1961 14.4717 2.0000 
1095 1096 9 -0.7667 3.0238 -9.0727 -0.7356 3.1075 -9.2516 0.0635 0.2000 0.4314 0.3922 0.1961 14.6021 2.0000 
1096 1097 9 -0.7356 3.1075 -9.2516 -0.7114 3.2070 -9.4234 0.0635 0.2000 0.4314 0.3922 0.1961 14.7336 2.0000 
1097 1098 9 -0.7114 3.2070 -9.4234 -0.6805 3.2994 -9.5980 0.0635 0.2000 0.4314 0.3922 0.1961 14.8661 2.0000 
1098 1099 9 -0.6805 3.2994 -9.5980 -0.6373 3.3927 -9.7696 0.0635 0.2000 0.4314 0.3922 0.1961 14.9996 2.0000 
1099 1100 9 -0.6373 3.3927 -9.7696 -0.6207 3.4516 -9.9600 0.0635 0.2000 0.4314 0.3922 0.1961 15.1343 2.0000 
1100 1101 9 -0.6207 3.4516 -9.9600 -0.6082 3.4771 -10.1580 0.0635 0.2000 0.4314 0.3922 0.1961 15.2700 2.0000 
1101 1102 9 -0.6082 3.4771 -10.1580 -0.5936 3.4788 -10.3575 0.0635 0.2000 0.4314 0.3922 0.1961 15.4069 2.0000 
1102 1103 9 -0.5936 3.4788 -10.3575 -0.6030 3.5204 -10.5529 0.0635 0.2000 0.4314 0.3922 0.1961 15.5449 2.0000 
1103 1104 9 -0.6030 3.5204 -10.5529 -0.5895 3.5508 -10.7501 0.0635 0.2000 0.4314 0.3922 0.1961 15.6841 2.0000 
1104 1105 9 -0.5895 3.5508 -10.7501 -0.5829 3.5799 -10.9479 0.0635 0.2000 0.4314 0.3922 0.1961 15.8244 2.0000 
1105 1106 9 -0.5829 3.5799 -10.9479 -0.5544 3.5423 -11.1422 0.0635 0.2000 0.4314 0.3922 0.1961 15.9659 2.0000 
1106 1107 9 -0.5544 3.5423 -11.1422 -0.5271 3.5123 -11.3381 0.0635 0.2000 0.4314 0.3922 0.1961 16.1087 2.0000 
1107 1108 9 -0.5271 3.5123 -11.3381 -0.5191 3.4878 -11.5364 0.0635 0.2000 0.4314 0.3922 0.1961 16.2527 2.0000 
1108 1109 9 -0.5191 3.4878 -11.5364 -0.4947 3.4661 -11.7337 0.0635 0.2000 0.4314 0.3922 0.1961 16.3979 2.0000 
1109 1110 9 -0.4947 3.4661 -11.7337 -0.5064 3.4305 -11.9302 0.0635 0.2000 0.4314 0.3922 0.1961 16.5445 2.0000 
1110 1111 9 -0.5064 3.4305 -11.9302 -0.4880 3.3909 -12.1253 0.0635 0.2000 0.4314 0.3922 0.1961 16.6923 2.0000 
1111 1112 9 -0.4880 3.3909 -12.1253 -0.4532 3.3561 -12.3192 0.0635 0.2000 0.4314 0.3922 0.1961 16.8415 2.0000 
1112 1113 9 -0.4532 3.3561 -12.3192 -0.4273 3.3233 -12.5148 0.0635 0.2000 0.4314 0.3922 0.1961 16.9920 2.0000 
1113 1114 9 -0.4273 3.3233 -12.5148 -0.4207 3.2742 -12.7086 0.0635 0.2000 0.4314 0.3922 0.1961 17.1439 2.0000 
1114 1115 9 -0.4207 3.2742 -12.7086 -0.4068 3.2476 -12.9063 0.0635 0.2000 0.4314 0.3922 0.1961 17.2972 2.0000 
1115 1116 9 -0.4068 3.2476 -12.9063 -0.3933 3.2216 -13.1041 0.0635 0.2000 0.4314 0.3922 0.1961 17.4519 2.0000 
1116 1117 9 -0.3933 3.2216 -13.1041 -0.3831 3.1925 -13.3017 0.0635 0.2000 0.4314 0.3922 0.1961 17.6080 2.0000 
1117 1118 9 -0.3831 3.1925 -13.3017 -0.4035 3.1792 -13.5003 0.0635 0.2000 0.4314 0.3922 0.1961 17.7657 2.0000 
1118 1119 9 -0.4035 3.1792 -13.5003 -0.4226 3.1541 -13.6978 0.0635 0.2000 0.4314 0.3922 0.1961 17.9249 2.0000 
1119 1120 9 -0.4226 3.1541 -13.6978 -0.4144 3.1070 -13.8920 0.0635 0.2000 0.4314 0.3922 0.1961 18.0856 2.0000 
1120 1121 9 -0.4144 3.1070 -13.8920 -0.4162 3.0999 -14.0918 0.0635 0.2000 0.4314 0.3922 0.1961 18.2478 2.0000 
1121 1122 9 -0.4162 3.0999 -14.0918 -0.4157 3.0915 -14.2917 0.0635 0.2000 0.4314 0.3922 0.1961 18.4117 2.0000 
1122 1123 9 -0.4157 3.0915 -14.2917 -0.4272 3.0479 -14.4865 0.0635 0.2000 0.4314 0.3922 0.1961 18.5772 2.0000 
1123 1124 9 -0.4272 3.0479 -14.4865 -0.4432 3.0054 -14.6813 0.0635 0.2000 0.4314 0.3922 0.1961 18.7444 2.0000 
1124 1125 9 -0.4432 3.0054 -14.6813 -0.4457 2.9643 -14.8770 0.0635 0.2000 0.4314 0.3922 0.1961 18.9133 2.0000 
1125 1126 9 -0.4457 2.9643 -14.8770 -0.4559 2.9412 -15.0754 0.0635 0.2000 0.4314 0.3922 0.1961 19.0839 2.0000 
1126 1127 9 -0.4559 2.9412 -15.0754 -0.4481 2.9276 -15.2748 0.0635 0.2000 0.4314 0.3922 0.1961 19.2563 2.0000 
1127 1128 9 -0.4481 2.9276 -15.2748 -0.4451 2.9139 -15.4743 0.0635 0.2000 0.4314 0.3922 0.1961 19.4305 2.0000 
1128 1129 9 -0.4451 2.9139 -15.4743 -0.4388 2.9015 -15.6738 0.0635 0.2000 0.4314 0.3922 0.1961 19.6065 2.0000 
1129 1130 9 -0.4388 2.9015 -15.6738 -0.4686 2.9049 -15.8716 0.0635 0.2000 0.4314 0.3922 0.1961 19.7844 2.0000 
1130 1131 9 -0.4686 2.9049 -15.8716 -0.4910 2.9597 -16.0626 0.0635 0.2000 0.4314 0.3922 0.1961 19.9642 2.0000 
1131 1132 9 -0.4910 2.9597 -16.0626 -0.4913 3.0176 -16.2540 0.0635 0.2000 0.4314 0.3922 0.1961 20.1461 2.0000 
1132 1133 9 -0.4913 3.0176 -16.2540 -0.4749 3.0397 -16.4521 0.0635 0.2000 0.4314 0.3922 0.1961 20.3299 2.0000 
1133 1134 9 -0.4749 3.0397 -16.4521 -0.4655 3.0182 -16.6508 0.0635 0.2000 0.4314 0.3922 0.1961 20.5158 2.0000 
1134 1135 9 -0.4655 3.0182 -16.6508 -0.4562 2.9966 -16.8494 0.0635 0.2000 0.4314 0.3922 0.1961 20.7038 2.0000 
1135 1136 9 -0.4562 2.9966 -16.8494 -0.4392 2.9561 -17.0445 0.0635 0.2000 0.4314 0.3922 0.1961 20.8939 2.0000 
1136 1137 9 -0.4392 2.9561 -17.0445 -0.4495 2.8815 -17.2298 0.0635 0.2000 0.4314 0.3922 0.1961 21.0862 2.0000 
1137 1138 9 -0.4495 2.8815 -17.2298 -0.4288 2.8416 -17.4247 0.0635 0.2000 0.4314 0.3922 0.1961 21.2808 2.0000 
1138 1139 9 -0.4288 2.8416 -17.4247 -0.3881 2.7970 -17.6153 0.0635 0.2000 0.4314 0.3922 0.1961 21.4777 2.0000 
1139 1140 9 -0.3881 2.7970 -17.6153 -0.3678 2.7658 -17.8118 0.0635 0.2000 0.4314 0.3922 0.1961 21.6770 2.0000 
1140 1141 9 -0.3678 2.7658 -17.8118 -0.3599 2.7236 -18.0072 0.0635 0.2000 0.4314 0.3922 0.1961 21.8787 2.0000 
1141 1142 9 -0.3599 2.7236 -18.0072 -0.3509 2.6898 -18.2041 0.0635 0.2000 0.4314 0.3922 0.1961 22.0828 2.0000 
1142 1143 9 -0.3509 2.6898 -18.2041 -0.3421 2.6797 -18.4036 0.0635 0.2000 0.4314 0.3922 0.1961 22.2895 2.0000 
1143 1144 9 -0.3421 2.6797 -18.4036 -0.3472 2.6980 -18.6027 0.0635 0.2000 0.4314 0.3922 0.1961 22.4988 2.0000 
1144 1145 9 -0.3472 2.6980 -18.6027 -0.3713 2.6806 -18.8005 0.0635 0.2000 0.4314 0.3922 0.1961 22.7108 2.0000 
1145 1146 9 -0.3713 2.6806 -18.8005 -0.3955 2.6633 -18.9983 0.0635 0.2000 0.4314 0.3922 0.1961 22.9255 2.0000 
1146 1147 9 -0.3955 2.6633 -18.9983 -0.4145 2.7013 -19.1937 0.0635 0.2000 0.4314 0.3922 0.1961 23.1430 2.0000 
1147 1148 9 -0.4145 2.7013 -19.1937 -0.4578 2.7543 -19.3816 0.0635 0.2000 0.4314 0.3922 0.1961 23.3634 2.0000 
1148 1149 9 -0.4578 2.7543 -19.3816 -0.4678 2.8078 -19.5741 0.0635 0.2000 0.4314 0.3922 0.1961 23.5868 2.0000 
1149 1150 9 -0.4678 2.8078 -19.5741 -0.4857 2.9019 -19.7496 0.0635 0.2000 0.4314 0.3922 0.1961 23.8132 2.0000 
1150 1151 9 -0.4857 2.9019 -19.7496 -0.5668 2.9900 -19.9099 0.0635 0.2000 0.4314 0.3922 0.1961 24.0428 2.0000 
1151 1152 9 -0.5668 2.9900 -19.9099 -0.6488 3.0798 -20.0686 0.0635 0.2000 0.4314 0.3922 0.1961 24.2756 2.0000 
1152 1153 9 -0.6488 3.0798 -20.0686 -0.7334 3.1730 -20.2240 0.0635 0.2000 0.4314 0.3922 0.1961 24.5116 2.0000 
1153 1154 9 -0.7334 3.1730 -20.2240 -0.8233 3.2312 -20.3930 0.0635 0.2000 0.4314 0.3922 0.1961 24.7511 2.0000 
1154 1155 9 -0.8233 3.2312 -20.3930 -0.8859 3.2701 -20.5789 0.0635 0.2000 0.4314 0.3922 0.1961 24.9941 2.0000 
1155 1156 9 -0.8859 3.2701 -20.5789 -0.9291 3.2920 -20.7729 0.0635 0.2000 0.4314 0.3922 0.1961 25.2407 2.0000 
1156 1157 9 -0.9291 3.2920 -20.7729 -0.9707 3.3230 -20.9661 0.0635 0.2000 0.4314 0.3922 0.1961 25.4910 2.0000 
1157 1158 9 -0.9707 3.3230 -20.9661 -1.0127 3.3324 -21.1614 0.0635 0.2000 0.4314 0.3922 0.1961 25.7451 2.0000 
1158 1159 9 -1.0127 3.3324 -21.1614 -1.0778 3.3204 -21.3501 0.0635 0.2000 0.4314 0.3922 0.1961 26.0032 2.0000 
1159 1160 9 -1.0778 3.3204 -21.3501 -1.1360 3.3016 -21.5406 0.0635 0.2000 0.4314 0.3922 0.1961 26.2654 2.0000 
1160 1161 9 -1.1360 3.3016 -21.5406 -1.2112 3.2953 -21.7258 0.0635 0.2000 0.4314 0.3922 0.1961 26.5317 2.0000 
1161 1162 9 -1.2112 3.2953 -21.7258 -1.2911 3.2913 -21.9091 0.0635 0.2000 0.4314 0.3922 0.1961 26.8024 2.0000 
1162 1163 9 -1.2911 3.2913 -21.9091 -1.3332 3.2502 -22.1002 0.0635 0.2000 0.4314 0.3922 0.1961 27.0776 2.0000 
1163 1164 9 -1.3332 3.2502 -22.1002 -1.3724 3.2346 -22.2957 0.0635 0.2000 0.4314 0.3922 0.1961 27.3574 2.0000 
1164 1165 9 -1.3724 3.2346 -22.2957 -1.3442 3.2320 -22.4937 0.0635 0.2000 0.4314 0.3922 0.1961 27.6420 2.0000 
1165 1166 9 -1.3442 3.2320 -22.4937 -1.2691 3.2225 -22.6788 0.0635 0.2000 0.4314 0.3922 0.1961 27.9316 2.0000 
1166 1167 9 -1.2691 3.2225 -22.6788 -1.2069 3.2075 -22.8683 0.0635 0.2000 0.4314 0.3922 0.1961 28.2263 2.0000 
1167 1168 9 -1.2069 3.2075 -22.8683 -1.1472 3.2235 -23.0585 0.0635 0.2000 0.4314 0.3922 0.1961 28.5264 2.0000 
1168 1169 9 -1.1472 3.2235 -23.0585 -1.0874 3.2400 -23.2487 0.0635 0.2000 0.4314 0.3922 0.1961 28.8319 2.0000 
1169 1170 9 -1.0874 3.2400 -23.2487 -1.0223 3.2434 -23.4377 0.0635 0.2000 0.4314 0.3922 0.1961 29.1432 2.0000 
1170 1171 9 -1.0223 3.2434 -23.4377 -0.9405 3.2437 -23.6203 0.0635 0.2000 0.4314 0.3922 0.1961 29.4604 2.0000 
1171 1172 9 -0.9405 3.2437 -23.6203 -0.8887 3.2499 -23.8133 0.0635 0.2000 0.4314 0.3922 0.1961 29.7838 2.0000 
1172 1173 9 -0.8887 3.2499 -23.8133 -0.8481 3.2754 -23.9358 0.0635 0.1315 0.4314 0.3922 0.1961 30.0000 2.0000 
20 1174 10 0.2770 -0.1876 -6.5262 0.4697 -0.1639 -6.5744 0.0780 0.2000 0.4314 0.3922 0.1961 12.1057 2.0000 
1174 1175 10 0.4697 -0.1639 -6.5744 0.6445 -0.0953 -6.6432 0.0780 0.2000 0.4314 0.3922 0.1961 12.1979 2.0000 
1175 1176 10 0.6445 -0.0953 -6.6432 0.7959 -0.0239 -6.7526 0.0780 0.2000 0.4314 0.3922 0.1961 12.2907 2.0000 
1176 1177 10 0.7959 -0.0239 -6.7526 0.9480 0.0477 -6.8610 0.0780 0.2000 0.4314 0.3922 0.1961 12.3842 2.0000 
1177 1178 10 0.9480 0.0477 -6.8610 1.1084 0.1285 -6.9489 0.0780 0.2000 0.4314 0.3922 0.1961 12.4783 2.0000 
1178 1179 10 1.1084 0.1285 -6.9489 1.2706 0.2102 -7.0328 0.0780 0.2000 0.4314 0.3922 0.1961 12.5731 2.0000 
1179 1180 10 1.2706 0.2102 -7.0328 1.4222 0.3121 -7.1142 0.0780 0.2000 0.4314 0.3922 0.1961 12.6685 2.0000 
1180 1181 10 1.4222 0.3121 -7.1142 1.5809 0.4190 -7.1724 0.0780 0.2000 0.4314 0.3922 0.1961 12.7646 2.0000 
1181 1182 10 1.5809 0.4190 -7.1724 1.7538 0.4926 -7.2410 0.0780 0.2000 0.4314 0.3922 0.1961 12.8613 2.0000 
1182 1183 10 1.7538 0.4926 -7.2410 1.9266 0.5693 -7.3060 0.0780 0.2000 0.4314 0.3922 0.1961 12.9588 2.0000 
1183 1184 10 1.9266 0.5693 -7.3060 2.0811 0.6343 -7.4152 0.0780 0.2000 0.4314 0.3922 0.1961 13.0570 2.0000 
1184 1185 10 2.0811 0.6343 -7.4152 2.2351 0.7002 -7.5244 0.0780 0.2000 0.4314 0.3922 0.1961 13.1558 2.0000 
1185 1186 10 2.2351 0.7002 -7.5244 2.3978 0.7530 -7.6281 0.0780 0.2000 0.4314 0.3922 0.1961 13.2554 2.0000 
1186 1187 10 2.3978 0.7530 -7.6281 2.5811 0.7762 -7.7045 0.0780 0.2000 0.4314 0.3922 0.1961 13.3557 2.0000 
1187 1188 10 2.5811 0.7762 -7.7045 2.7640 0.8000 -7.7820 0.0780 0.2000 0.4314 0.3922 0.1961 13.4568 2.0000 
1188 1189 10 2.7640 0.8000 -7.7820 2.9473 0.8135 -7.8608 0.0780 0.2000 0.4314 0.3922 0.1961 13.5586 2.0000 
1189 1190 10 2.9473 0.8135 -7.8608 3.1199 0.8094 -7.9618 0.0780 0.2000 0.4314 0.3922 0.1961 13.6611 2.0000 
1190 1191 10 3.1199 0.8094 -7.9618 3.2892 0.8090 -8.0682 0.0780 0.2000 0.4314 0.3922 0.1961 13.7645 2.0000 
1191 1192 10 3.2892 0.8090 -8.0682 3.4587 0.8091 -8.1744 0.0780 0.2000 0.4314 0.3922 0.1961 13.8686 2.0000 
1192 1193 10 3.4587 0.8091 -8.1744 3.6461 0.7638 -8.2274 0.0780 0.2000 0.4314 0.3922 0.1961 13.9736 2.0000 
1193 1194 10 3.6461 0.7638 -8.2274 3.8298 0.7508 -8.3055 0.0780 0.2000 0.4314 0.3922 0.1961 14.0793 2.0000 
1194 1195 10 3.8298 0.7508 -8.3055 4.0106 0.7307 -8.3887 0.0780 0.2000 0.4314 0.3922 0.1961 14.1859 2.0000 
1195 1196 10 4.0106 0.7307 -8.3887 4.1943 0.7238 -8.4674 0.0780 0.2000 0.4314 0.3922 0.1961 14.2933 2.0000 
1196 1197 10 4.1943 0.7238 -8.4674 4.3722 0.7398 -8.5573 0.0780 0.2000 0.4314 0.3922 0.1961 14.4015 2.0000 
1197 1198 10 4.3722 0.7398 -8.5573 4.5381 0.7361 -8.6690 0.0780 0.2000 0.4314 0.3922 0.1961 14.5106 2.0000 
1198 1199 10 4.5381 0.7361 -8.6690 4.7033 0.7351 -8.7817 0.0780 0.2000 0.4314 0.3922 0.1961 14.6206 2.0000 
1199 1200 10 4.7033 0.7351 -8.7817 4.8692 0.7167 -8.8918 0.0780 0.2000 0.4314 0.3922 0.1961 14.7315 2.0000 
1200 1201 10 4.8692 0.7167 -8.8918 5.0334 0.6951 -9.0041 0.0780 0.2000 0.4314 0.3922 0.1961 14.8433 2.0000 
1201 1202 10 5.0334 0.6951 -9.0041 5.2049 0.6756 -9.1050 0.0780 0.2000 0.4314 0.3922 0.1961 14.9560 2.0000 
1202 1203 10 5.2049 0.6756 -9.1050 5.3689 0.6403 -9.2139 0.0780 0.2000 0.4314 0.3922 0.1961 15.0696 2.0000 
1203 1204 10 5.3689 0.6403 -9.2139 5.5131 0.5670 -9.3316 0.0780 0.2000 0.4314 0.3922 0.1961 15.1842 2.0000 
1204 1205 10 5.5131 0.5670 -9.3316 5.6683 0.4894 -9.4310 0.0780 0.2000 0.4314 0.3922 0.1961 15.2998 2.0000 
1205 1206 10 5.6683 0.4894 -9.4310 5.8285 0.4136 -9.5235 0.0780 0.2000 0.4314 0.3922 0.1961 15.4163 2.0000 
1206 1207 10 5.8285 0.4136 -9.5235 5.9840 0.3397 -9.6254 0.0780 0.2000 0.4314 0.3922 0.1961 15.5339 2.0000 
1207 1208 10 5.9840 0.3397 -9.6254 6.1380 0.2589 -9.7242 0.0780 0.2000 0.4314 0.3922 0.1961 15.6524 2.0000 
1208 1209 10 6.1380 0.2589 -9.7242 6.2959 0.1796 -9.8178 0.0780 0.2000 0.4314 0.3922 0.1961 15.7720 2.0000 
1209 1210 10 6.2959 0.1796 -9.8178 6.4559 0.0995 -9.9072 0.0780 0.2000 0.4314 0.3922 0.1961 15.8927 2.0000 
1210 1211 10 6.4559 0.0995 -9.9072 6.6120 0.0113 -9.9960 0.0780 0.2000 0.4314 0.3922 0.1961 16.0144 2.0000 
1211 1212 10 6.6120 0.0113 -9.9960 6.7599 -0.0806 -10.0943 0.0780 0.2000 0.4314 0.3922 0.1961 16.1373 2.0000 
1212 1213 10 6.7599 -0.0806 -10.0943 6.9230 -0.1582 -10.1802 0.0780 0.2000 0.4314 0.3922 0.1961 16.2612 2.0000 
1213 1214 10 6.9230 -0.1582 -10.1802 7.0858 -0.2430 -10.2595 0.0780 0.2000 0.4314 0.3922 0.1961 16.3863 2.0000 
1214 1215 10 7.0858 -0.2430 -10.2595 7.2641 -0.2916 -10.3361 0.0780 0.2000 0.4314 0.3922 0.1961 16.5125 2.0000 
1215 1216 10 7.2641 -0.2916 -10.3361 7.4275 -0.3698 -10.4208 0.0780 0.2000 0.4314 0.3922 0.1961 16.6399 2.0000 
1216 1217 10 7.4275 -0.3698 -10.4208 7.5921 -0.4443 -10.5065 0.0780 0.2000 0.4314 0.3922 0.1961 16.7685 2.0000 
1217 1218 10 7.5921 -0.4443 -10.5065 7.7476 -0.5038 -10.6173 0.0780 0.2000 0.4314 0.3922 0.1961 16.8983 2.0000 
1218 1219 10 7.7476 -0.5038 -10.6173 7.8796 -0.5867 -10.7426 0.0780 0.2000 0.4314 0.3922 0.1961 17.0293 2.0000 
1219 1220 10 7.8796 -0.5867 -10.7426 7.9883 -0.6481 -10.8989 0.0780 0.2000 0.4314 0.3922 0.1961 17.1616 2.0000 
1220 1221 10 7.9883 -0.6481 -10.8989 8.0228 -0.7038 -11.0879 0.0780 0.2000 0.4314 0.3922 0.1961 17.2953 2.0000 
1221 1222 10 8.0228 -0.7038 -11.0879 8.0530 -0.7463 -11.2810 0.0780 0.2000 0.4314 0.3922 0.1961 17.4302 2.0000 
1222 1223 10 8.0530 -0.7463 -11.2810 8.0673 -0.7728 -11.4787 0.0780 0.2000 0.4314 0.3922 0.1961 17.5665 2.0000 
1223 1224 10 8.0673 -0.7728 -11.4787 8.0745 -0.8122 -11.6746 0.0780 0.2000 0.4314 0.3922 0.1961 17.7041 2.0000 
1224 1225 10 8.0745 -0.8122 -11.6746 8.0896 -0.8574 -11.8689 0.0780 0.2000 0.4314 0.3922 0.1961 17.8432 2.0000 
1225 1226 10 8.0896 -0.8574 -11.8689 8.0862 -0.8672 -12.0686 0.0780 0.2000 0.4314 0.3922 0.1961 17.9836 2.0000 
1226 1227 10 8.0862 -0.8672 -12.0686 8.0788 -0.8748 -12.2683 0.0780 0.2000 0.4314 0.3922 0.1961 18.1256 2.0000 
1227 1228 10 8.0788 -0.8748 -12.2683 8.0618 -0.8579 -12.4669 0.0780 0.2000 0.4314 0.3922 0.1961 18.2690 2.0000 
1228 1229 10 8.0618 -0.8579 -12.4669 8.0448 -0.8368 -12.6650 0.0780 0.2000 0.4314 0.3922 0.1961 18.4139 2.0000 
1229 1230 10 8.0448 -0.8368 -12.6650 8.0051 -0.8206 -12.8604 0.0780 0.2000 0.4314 0.3922 0.1961 18.5604 2.0000 
1230 1231 10 8.0051 -0.8206 -12.8604 7.9691 -0.8148 -13.0570 0.0780 0.2000 0.4314 0.3922 0.1961 18.7085 2.0000 
1231 1232 10 7.9691 -0.8148 -13.0570 7.9524 -0.8299 -13.2558 0.0780 0.2000 0.4314 0.3922 0.1961 18.8581 2.0000 
1232 1233 10 7.9524 -0.8299 -13.2558 7.9395 -0.8164 -13.4549 0.0780 0.2000 0.4314 0.3922 0.1961 19.0095 2.0000 
1233 1234 10 7.9395 -0.8164 -13.4549 7.9213 -0.8067 -13.6538 0.0780 0.2000 0.4314 0.3922 0.1961 19.1625 2.0000 
1234 1235 10 7.9213 -0.8067 -13.6538 7.8957 -0.8025 -13.8521 0.0780 0.2000 0.4314 0.3922 0.1961 19.3173 2.0000 
1235 1236 10 7.8957 -0.8025 -13.8521 7.8470 -0.8132 -14.0458 0.0780 0.2000 0.4314 0.3922 0.1961 19.4738 2.0000 
1236 1237 10 7.8470 -0.8132 -14.0458 7.8317 -0.8674 -14.2377 0.0780 0.2000 0.4314 0.3922 0.1961 19.6322 2.0000 
1237 1238 10 7.8317 -0.8674 -14.2377 7.8040 -0.9220 -14.4281 0.0780 0.2000 0.4314 0.3922 0.1961 19.7924 2.0000 
1238 1239 10 7.8040 -0.9220 -14.4281 7.7835 -0.9627 -14.6229 0.0780 0.2000 0.4314 0.3922 0.1961 19.9545 2.0000 
1239 1240 10 7.7835 -0.9627 -14.6229 7.7811 -0.9994 -14.8194 0.0780 0.2000 0.4314 0.3922 0.1961 20.1185 2.0000 
1240 1241 10 7.7811 -0.9994 -14.8194 7.8259 -1.0295 -15.0120 0.0780 0.2000 0.4314 0.3922 0.1961 20.2846 2.0000 
1241 1242 10 7.8259 -1.0295 -15.0120 7.8635 -1.0561 -15.2066 0.0780 0.2000 0.4314 0.3922 0.1961 20.4526 2.0000 
1242 1243 10 7.8635 -1.0561 -15.2066 7.8911 -1.0631 -15.4046 0.0780 0.2000 0.4314 0.3922 0.1961 20.6228 2.0000 
1243 1244 10 7.8911 -1.0631 -15.4046 7.9347 -1.0710 -15.5996 0.0780 0.2000 0.4314 0.3922 0.1961 20.7951 2.0000 
1244 1245 10 7.9347 -1.0710 -15.5996 7.9821 -1.0928 -15.7927 0.0780 0.2000 0.4314 0.3922 0.1961 20.9696 2.0000 
1245 1246 10 7.9821 -1.0928 -15.7927 8.0271 -1.1191 -15.9858 0.0780 0.2000 0.4314 0.3922 0.1961 21.1464 2.0000 
1246 1247 10 8.0271 -1.1191 -15.9858 8.0857 -1.1400 -16.1759 0.0780 0.2000 0.4314 0.3922 0.1961 21.3254 2.0000 
1247 1248 10 8.0857 -1.1400 -16.1759 8.1423 -1.1466 -16.3676 0.0780 0.2000 0.4314 0.3922 0.1961 21.5069 2.0000 
1248 1249 10 8.1423 -1.1466 -16.3676 8.1919 -1.1483 -16.5613 0.0780 0.2000 0.4314 0.3922 0.1961 21.6908 2.0000 
1249 1250 10 8.1919 -1.1483 -16.5613 8.2261 -1.1838 -16.7552 0.0780 0.2000 0.4314 0.3922 0.1961 21.8771 2.0000 
1250 1251 10 8.2261 -1.1838 -16.7552 8.2410 -1.2226 -16.9508 0.0780 0.2000 0.4314 0.3922 0.1961 22.0661 2.0000 
1251 1252 10 8.2410 -1.2226 -16.9508 8.2444 -1.2692 -17.1453 0.0780 0.2000 0.4314 0.3922 0.1961 22.2577 2.0000 
1252 1253 10 8.2444 -1.2692 -17.1453 8.2572 -1.4052 -17.2913 0.0780 0.2000 0.4314 0.3922 0.1961 22.4520 2.0000 
1253 1254 10 8.2572 -1.4052 -17.2913 8.2463 -1.5507 -17.4281 0.0780 0.2000 0.4314 0.3922 0.1961 22.6491 2.0000 
1254 1255 10 8.2463 -1.5507 -17.4281 8.2414 -1.6938 -17.5678 0.0780 0.2000 0.4314 0.3922 0.1961 22.8491 2.0000 
1255 1256 10 8.2414 -1.6938 -17.5678 8.2643 -1.8399 -17.7024 0.0780 0.2000 0.4314 0.3922 0.1961 23.0521 2.0000 
1256 1257 10 8.2643 -1.8399 -17.7024 8.2784 -1.9930 -17.8303 0.0780 0.2000 0.4314 0.3922 0.1961 23.2581 2.0000 
1257 1258 10 8.2784 -1.9930 -17.8303 8.3036 -2.1381 -17.9656 0.0780 0.2000 0.4314 0.3922 0.1961 23.4673 2.0000 
1258 1259 10 8.3036 -2.1381 -17.9656 8.3261 -2.2996 -18.0815 0.0780 0.2000 0.4314 0.3922 0.1961 23.6797 2.0000 
1259 1260 10 8.3261 -2.2996 -18.0815 8.3296 -2.4670 -18.1908 0.0780 0.2000 0.4314 0.3922 0.1961 23.8955 2.0000 
1260 1261 10 8.3296 -2.4670 -18.1908 8.3181 -2.6355 -18.2979 0.0780 0.2000 0.4314 0.3922 0.1961 24.1147 2.0000 
1261 1262 10 8.3181 -2.6355 -18.2979 8.3381 -2.8027 -18.4059 0.0780 0.2000 0.4314 0.3922 0.1961 24.3375 2.0000 
1262 1263 10 8.3381 -2.8027 -18.4059 8.4124 -2.9609 -18.5031 0.0780 0.2000 0.4314 0.3922 0.1961 24.5640 2.0000 
1263 1264 10 8.4124 -2.9609 -18.5031 8.5426 -3.1035 -18.5552 0.0780 0.2000 0.4314 0.3922 0.1961 24.7943 2.0000 
1264 1265 10 8.5426 -3.1035 -18.5552 8.6799 -3.2331 -18.6210 0.0780 0.2000 0.4314 0.3922 0.1961 25.0285 2.0000 
1265 1266 10 8.6799 -3.2331 -18.6210 8.8115 -3.3590 -18.7037 0.0780 0.2000 0.4314 0.3922 0.1961 25.2669 2.0000 
1266 1267 10 8.8115 -3.3590 -18.7037 8.9413 -3.4819 -18.7935 0.0780 0.2000 0.4314 0.3922 0.1961 25.5094 2.0000 
1267 1268 10 8.9413 -3.4819 -18.7935 9.0622 -3.6023 -18.8978 0.0780 0.2000 0.4314 0.3922 0.1961 25.7563 2.0000 
1268 1269 10 9.0622 -3.6023 -18.8978 9.1734 -3.7255 -19.0093 0.0780 0.2000 0.4314 0.3922 0.1961 26.0078 2.0000 
1269 1270 10 9.1734 -3.7255 -19.0093 9.2914 -3.8256 -19.1361 0.0780 0.2000 0.4314 0.3922 0.1961 26.2639 2.0000 
1270 1271 10 9.2914 -3.8256 -19.1361 9.4415 -3.8745 -19.2589 0.0780 0.2000 0.4314 0.3922 0.1961 26.5250 2.0000 
1271 1272 10 9.4415 -3.8745 -19.2589 9.5694 -3.9128 -19.4078 0.0780 0.2000 0.4314 0.3922 0.1961 26.7911 2.0000 
1272 1273 10 9.5694 -3.9128 -19.4078 9.6962 -3.9527 -19.5572 0.0780 0.2000 0.4314 0.3922 0.1961 27.0625 2.0000 
1273 1274 10 9.6962 -3.9527 -19.5572 9.8293 -3.9577 -19.7064 0.0780 0.2000 0.4314 0.3922 0.1961 27.3394 2.0000 
1274 1275 10 9.8293 -3.9577 -19.7064 9.9560 -3.9536 -19.8612 0.0780 0.2000 0.4314 0.3922 0.1961 27.6220 2.0000 
1275 1276 10 9.9560 -3.9536 -19.8612 10.0776 -3.9506 -20.0199 0.0780 0.2000 0.4314 0.3922 0.1961 27.9105 2.0000 
1276 1277 10 10.0776 -3.9506 -20.0199 10.2041 -3.9412 -20.1745 0.0780 0.2000 0.4314 0.3922 0.1961 28.2053 2.0000 
1277 1278 10 10.2041 -3.9412 -20.1745 10.3319 -3.9274 -20.3278 0.0780 0.2000 0.4314 0.3922 0.1961 28.5066 2.0000 
1278 1279 10 10.3319 -3.9274 -20.3278 10.4600 -3.9407 -20.4808 0.0780 0.2000 0.4314 0.3922 0.1961 28.8146 2.0000 
1279 1280 10 10.4600 -3.9407 -20.4808 10.5708 -3.9512 -20.6469 0.0780 0.2000 0.4314 0.3922 0.1961 29.1298 2.0000 
1280 1281 10 10.5708 -3.9512 -20.6469 10.6378 -3.9857 -20.8322 0.0780 0.2000 0.4314 0.3922 0.1961 29.4524 2.0000 
1281 1282 10 10.6378 -3.9857 -20.8322 10.7014 -4.0366 -21.0149 0.0780 0.2000 0.4314 0.3922 0.1961 29.7827 2.0000 
1282 1283 10 10.7014 -4.0366 -21.0149 10.7491 -4.0744 -21.1285 0.0780 0.1289 0.4314 0.3922 0.1961 30.0000 2.0000 
22 1284 11 0.3068 -0.2057 -6.8980 0.2086 -0.0531 -6.9820 0.0682 0.2000 0.4314 0.3922 0.1961 12.4990 2.0000 
1284 1285 11 0.2086 -0.0531 -6.9820 0.0866 0.0724 -7.0787 0.0682 0.2000 0.4314 0.3922 0.1961 12.5984 2.0000 
1285 1286 11 0.0866 0.0724 -7.0787 -0.0557 0.1911 -7.1541 0.0682 0.2000 0.4314 0.3922 0.1961 12.6984 2.0000 
1286 1287 11 -0.0557 0.1911 -7.1541 -0.2003 0.3090 -7.2262 0.0682 0.2000 0.4314 0.3922 0.1961 12.7991 2.0000 
1287 1288 11 -0.2003 0.3090 -7.2262 -0.3450 0.4272 -7.2976 0.0682 0.2000 0.4314 0.3922 0.1961 12.9004 2.0000 
1288 1289 11 -0.3450 0.4272 -7.2976 -0.5054 0.4981 -7.3936 0.0682 0.2000 0.4314 0.3922 0.1961 13.0025 2.0000 
1289 1290 11 -0.5054 0.4981 -7.3936 -0.6577 0.5826 -7.4919 0.0682 0.2000 0.4314 0.3922 0.1961 13.1053 2.0000 
1290 1291 11 -0.6577 0.5826 -7.4919 -0.8102 0.6720 -7.5855 0.0682 0.2000 0.4314 0.3922 0.1961 13.2087 2.0000 
1291 1292 11 -0.8102 0.6720 -7.5855 -0.9366 0.7699 -7.7056 0.0682 0.2000 0.4314 0.3922 0.1961 13.3129 2.0000 
1292 1293 11 -0.9366 0.7699 -7.7056 -1.0731 0.8574 -7.8227 0.0682 0.2000 0.4314 0.3922 0.1961 13.4179 2.0000 
1293 1294 11 -1.0731 0.8574 -7.8227 -1.1885 0.9494 -7.9577 0.0682 0.2000 0.4314 0.3922 0.1961 13.5236 2.0000 
1294 1295 11 -1.1885 0.9494 -7.9577 -1.2732 1.0639 -8.0982 0.0682 0.2000 0.4314 0.3922 0.1961 13.6300 2.0000 
1295 1296 11 -1.2732 1.0639 -8.0982 -1.3666 1.1718 -8.2383 0.0682 0.2000 0.4314 0.3922 0.1961 13.7372 2.0000 
1296 1297 11 -1.3666 1.1718 -8.2383 -1.4351 1.2524 -8.4080 0.0682 0.2000 0.4314 0.3922 0.1961 13.8452 2.0000 
1297 1298 11 -1.4351 1.2524 -8.4080 -1.5279 1.3208 -8.5715 0.0682 0.2000 0.4314 0.3922 0.1961 13.9539 2.0000 
1298 1299 11 -1.5279 1.3208 -8.5715 -1.6319 1.3742 -8.7337 0.0682 0.2000 0.4314 0.3922 0.1961 14.0635 2.0000 
1299 1300 11 -1.6319 1.3742 -8.7337 -1.7348 1.4278 -8.8966 0.0682 0.2000 0.4314 0.3922 0.1961 14.1739 2.0000 
1300 1301 11 -1.7348 1.4278 -8.8966 -1.8315 1.4930 -9.0591 0.0682 0.2000 0.4314 0.3922 0.1961 14.2851 2.0000 
1301 1302 11 -1.8315 1.4930 -9.0591 -1.9135 1.5572 -9.2298 0.0682 0.2000 0.4314 0.3922 0.1961 14.3971 2.0000 
1302 1303 11 -1.9135 1.5572 -9.2298 -1.9795 1.6377 -9.4006 0.0682 0.2000 0.4314 0.3922 0.1961 14.5100 2.0000 
1303 1304 11 -1.9795 1.6377 -9.4006 -2.0722 1.7220 -9.5565 0.0682 0.2000 0.4314 0.3922 0.1961 14.6237 2.0000 
1304 1305 11 -2.0722 1.7220 -9.5565 -2.1614 1.8047 -9.7153 0.0682 0.2000 0.4314 0.3922 0.1961 14.7383 2.0000 
1305 1306 11 -2.1614 1.8047 -9.7153 -2.2196 1.8872 -9.8879 0.0682 0.2000 0.4314 0.3922 0.1961 14.8538 2.0000 
1306 1307 11 -2.2196 1.8872 -9.8879 -2.3168 1.9639 -10.0450 0.0682 0.2000 0.4314 0.3922 0.1961 14.9702 2.0000 
1307 1308 11 -2.3168 1.9639 -10.0450 -2.4201 2.0382 -10.1993 0.0682 0.2000 0.4314 0.3922 0.1961 15.0876 2.0000 
1308 1309 11 -2.4201 2.0382 -10.1993 -2.5233 2.1114 -10.3541 0.0682 0.2000 0.4314 0.3922 0.1961 15.2058 2.0000 
1309 1310 11 -2.5233 2.1114 -10.3541 -2.5670 2.1364 -10.5477 0.0682 0.2000 0.4314 0.3922 0.1961 15.3250 2.0000 
1310 1311 11 -2.5670 2.1364 -10.5477 -2.6091 2.1595 -10.7419 0.0682 0.2000 0.4314 0.3922 0.1961 15.4452 2.0000 
1311 1312 11 -2.6091 2.1595 -10.7419 -2.6379 2.1978 -10.9360 0.0682 0.2000 0.4314 0.3922 0.1961 15.5663 2.0000 
1312 1313 11 -2.6379 2.1978 -10.9360 -2.6479 2.2147 -11.1351 0.0682 0.2000 0.4314 0.3922 0.1961 15.6884 2.0000 
1313 1314 11 -2.6479 2.2147 -11.1351 -2.6459 2.2473 -11.3324 0.0682 0.2000 0.4314 0.3922 0.1961 15.8116 2.0000 
1314 1315 11 -2.6459 2.2473 -11.3324 -2.6512 2.2365 -11.5320 0.0682 0.2000 0.4314 0.3922 0.1961 15.9357 2.0000 
1315 1316 11 -2.6512 2.2365 -11.5320 -2.6554 2.2230 -11.7315 0.0682 0.2000 0.4314 0.3922 0.1961 16.0609 2.0000 
1316 1317 11 -2.6554 2.2230 -11.7315 -2.6722 2.1969 -11.9291 0.0682 0.2000 0.4314 0.3922 0.1961 16.1872 2.0000 
1317 1318 11 -2.6722 2.1969 -11.9291 -2.6727 2.1668 -12.1268 0.0682 0.2000 0.4314 0.3922 0.1961 16.3145 2.0000 
1318 1319 11 -2.6727 2.1668 -12.1268 -2.6686 2.1383 -12.3248 0.0682 0.2000 0.4314 0.3922 0.1961 16.4430 2.0000 
1319 1320 11 -2.6686 2.1383 -12.3248 -2.6953 2.1388 -12.5230 0.0682 0.2000 0.4314 0.3922 0.1961 16.5725 2.0000 
1320 1321 11 -2.6953 2.1388 -12.5230 -2.7246 2.1316 -12.7207 0.0682 0.2000 0.4314 0.3922 0.1961 16.7032 2.0000 
1321 1322 11 -2.7246 2.1316 -12.7207 -2.7464 2.1155 -12.9188 0.0682 0.2000 0.4314 0.3922 0.1961 16.8350 2.0000 
1322 1323 11 -2.7464 2.1155 -12.9188 -2.7536 2.1127 -13.1187 0.0682 0.2000 0.4314 0.3922 0.1961 16.9681 2.0000 
1323 1324 11 -2.7536 2.1127 -13.1187 -2.7920 2.1208 -13.3148 0.0682 0.2000 0.4314 0.3922 0.1961 17.1023 2.0000 
1324 1325 11 -2.7920 2.1208 -13.3148 -2.7854 2.1288 -13.5145 0.0682 0.2000 0.4314 0.3922 0.1961 17.2377 2.0000 
1325 1326 11 -2.7854 2.1288 -13.5145 -2.7709 2.1269 -13.7140 0.0682 0.2000 0.4314 0.3922 0.1961 17.3744 2.0000 
1326 1327 11 -2.7709 2.1269 -13.7140 -2.8009 2.1511 -13.9103 0.0682 0.2000 0.4314 0.3922 0.1961 17.5123 2.0000 
1327 1328 11 -2.8009 2.1511 -13.9103 -2.7977 2.1655 -14.1097 0.0682 0.2000 0.4314 0.3922 0.1961 17.6516 2.0000 
1328 1329 11 -2.7977 2.1655 -14.1097 -2.8021 2.1732 -14.3095 0.0682 0.2000 0.4314 0.3922 0.1961 17.7921 2.0000 
1329 1330 11 -2.8021 2.1732 -14.3095 -2.8005 2.1741 -14.5095 0.0682 0.2000 0.4314 0.3922 0.1961 17.9340 2.0000 
1330 1331 11 -2.8005 2.1741 -14.5095 -2.7781 2.1672 -14.7081 0.0682 0.2000 0.4314 0.3922 0.1961 18.0772 2.0000 
1331 1332 11 -2.7781 2.1672 -14.7081 -2.7581 2.1551 -14.9068 0.0682 0.2000 0.4314 0.3922 0.1961 18.2218 2.0000 
1332 1333 11 -2.7581 2.1551 -14.9068 -2.7547 2.1714 -15.1061 0.0682 0.2000 0.4314 0.3922 0.1961 18.3679 2.0000 
1333 1334 11 -2.7547 2.1714 -15.1061 -2.7763 2.1967 -15.3033 0.0682 0.2000 0.4314 0.3922 0.1961 18.5154 2.0000 
1334 1335 11 -2.7763 2.1967 -15.3033 -2.8369 2.2115 -15.4933 0.0682 0.2000 0.4314 0.3922 0.1961 18.6643 2.0000 
1335 1336 11 -2.8369 2.2115 -15.4933 -2.8738 2.1791 -15.6872 0.0682 0.2000 0.4314 0.3922 0.1961 18.8148 2.0000 
1336 1337 11 -2.8738 2.1791 -15.6872 -2.9303 2.1498 -15.8768 0.0682 0.2000 0.4314 0.3922 0.1961 18.9668 2.0000 
1337 1338 11 -2.9303 2.1498 -15.8768 -3.0016 2.1059 -16.0584 0.0682 0.2000 0.4314 0.3922 0.1961 19.1204 2.0000 
1338 1339 11 -3.0016 2.1059 -16.0584 -3.0827 2.0529 -16.2334 0.0682 0.2000 0.4314 0.3922 0.1961 19.2755 2.0000 
1339 1340 11 -3.0827 2.0529 -16.2334 -3.1384 1.9774 -16.4100 0.0682 0.2000 0.4314 0.3922 0.1961 19.4323 2.0000 
1340 1341 11 -3.1384 1.9774 -16.4100 -3.1943 1.9008 -16.5861 0.0682 0.2000 0.4314 0.3922 0.1961 19.5908 2.0000 
1341 1342 11 -3.1943 1.9008 -16.5861 -3.2431 1.8413 -16.7707 0.0682 0.2000 0.4314 0.3922 0.1961 19.7510 2.0000 
1342 1343 11 -3.2431 1.8413 -16.7707 -3.2648 1.7397 -16.9415 0.0682 0.2000 0.4314 0.3922 0.1961 19.9129 2.0000 
1343 1344 11 -3.2648 1.7397 -16.9415 -3.2637 1.6477 -17.1191 0.0682 0.2000 0.4314 0.3922 0.1961 20.0765 2.0000 
1344 1345 11 -3.2637 1.6477 -17.1191 -3.2549 1.5090 -17.2630 0.0682 0.2000 0.4314 0.3922 0.1961 20.2420 2.0000 
1345 1346 11 -3.2549 1.5090 -17.2630 -3.2081 1.3830 -17.4111 0.0682 0.2000 0.4314 0.3922 0.1961 20.4094 2.0000 
1346 1347 11 -3.2081 1.3830 -17.4111 -3.1666 1.2671 -17.5687 0.0682 0.2000 0.4314 0.3922 0.1961 20.5786 2.0000 
1347 1348 11 -3.1666 1.2671 -17.5687 -3.1252 1.1562 -17.7299 0.0682 0.2000 0.4314 0.3922 0.1961 20.7498 2.0000 
1348 1349 11 -3.1252 1.1562 -17.7299 -3.0685 1.0613 -17.8966 0.0682 0.2000 0.4314 0.3922 0.1961 20.9230 2.0000 
1349 1350 11 -3.0685 1.0613 -17.8966 -3.0311 0.9042 -18.0146 0.0682 0.2000 0.4314 0.3922 0.1961 21.0983 2.0000 
1350 1351 11 -3.0311 0.9042 -18.0146 -2.9533 0.7390 -18.0961 0.0682 0.2000 0.4314 0.3922 0.1961 21.2756 2.0000 
1351 1352 11 -2.9533 0.7390 -18.0961 -2.8586 0.5827 -18.1774 0.0682 0.2000 0.4314 0.3922 0.1961 21.4550 2.0000 
1352 1353 11 -2.8586 0.5827 -18.1774 -2.7720 0.4298 -18.2729 0.0682 0.2000 0.4314 0.3922 0.1961 21.6366 2.0000 
1353 1354 11 -2.7720 0.4298 -18.2729 -2.6992 0.2907 -18.3968 0.0682 0.2000 0.4314 0.3922 0.1961 21.8205 2.0000 
1354 1355 11 -2.6992 0.2907 -18.3968 -2.6618 0.1654 -18.5482 0.0682 0.2000 0.4314 0.3922 0.1961 22.0066 2.0000 
1355 1356 11 -2.6618 0.1654 -18.5482 -2.6278 0.0349 -18.6959 0.0682 0.2000 0.4314 0.3922 0.1961 22.1951 2.0000 
1356 1357 11 -2.6278 0.0349 -18.6959 -2.5937 -0.1054 -18.8342 0.0682 0.2000 0.4314 0.3922 0.1961 22.3861 2.0000 
1357 1358 11 -2.5937 -0.1054 -18.8342 -2.5525 -0.2484 -18.9678 0.0682 0.2000 0.4314 0.3922 0.1961 22.5795 2.0000 
1358 1359 11 -2.5525 -0.2484 -18.9678 -2.4818 -0.3909 -19.0890 0.0682 0.2000 0.4314 0.3922 0.1961 22.7754 2.0000 
1359 1360 11 -2.4818 -0.3909 -19.0890 -2.4102 -0.5330 -19.2102 0.0682 0.2000 0.4314 0.3922 0.1961 22.9740 2.0000 
1360 1361 11 -2.4102 -0.5330 -19.2102 -2.3436 -0.6759 -19.3333 0.0682 0.2000 0.4314 0.3922 0.1961 23.1752 2.0000 
1361 1362 11 -2.3436 -0.6759 -19.3333 -2.2818 -0.8203 -19.4571 0.0682 0.2000 0.4314 0.3922 0.1961 23.3792 2.0000 
1362 1363 11 -2.2818 -0.8203 -19.4571 -2.2079 -0.9631 -19.5760 0.0682 0.2000 0.4314 0.3922 0.1961 23.5860 2.0000 
1363 1364 11 -2.2079 -0.9631 -19.5760 -2.1511 -1.1116 -19.6974 0.0682 0.2000 0.4314 0.3922 0.1961 23.7957 2.0000 
1364 1365 11 -2.1511 -1.1116 -19.6974 -2.1030 -1.2497 -19.8338 0.0682 0.2000 0.4314 0.3922 0.1961 24.0084 2.0000 
1365 1366 11 -2.1030 -1.2497 -19.8338 -2.0474 -1.3691 -19.9843 0.0682 0.2000 0.4314 0.3922 0.1961 24.2242 2.0000 
1366 1367 11 -2.0474 -1.3691 -19.9843 -1.9849 -1.4971 -20.1247 0.0682 0.2000 0.4314 0.3922 0.1961 24.4431 2.0000 
1367 1368 11 -1.9849 -1.4971 -20.1247 -1.9218 -1.6255 -20.2645 0.0682 0.2000 0.4314 0.3922 0.1961 24.6654 2.0000 
1368 1369 11 -1.9218 -1.6255 -20.2645 -1.8986 -1.7655 -20.4054 0.0682 0.2000 0.4314 0.3922 0.1961 24.8910 2.0000 
1369 1370 11 -1.8986 -1.7655 -20.4054 -1.9086 -1.8899 -20.5617 0.0682 0.2000 0.4314 0.3922 0.1961 25.1200 2.0000 
1370 1371 11 -1.9086 -1.8899 -20.5617 -1.9287 -2.0273 -20.7056 0.0682 0.2000 0.4314 0.3922 0.1961 25.3526 2.0000 
1371 1372 11 -1.9287 -2.0273 -20.7056 -2.0092 -2.1116 -20.8681 0.0682 0.2000 0.4314 0.3922 0.1961 25.5889 2.0000 
1372 1373 11 -2.0092 -2.1116 -20.8681 -2.0609 -2.1362 -21.0598 0.0682 0.2000 0.4314 0.3922 0.1961 25.8290 2.0000 
1373 1374 11 -2.0609 -2.1362 -21.0598 -2.1050 -2.1680 -21.2522 0.0682 0.2000 0.4314 0.3922 0.1961 26.0731 2.0000 
1374 1375 11 -2.1050 -2.1680 -21.2522 -2.1556 -2.2089 -21.4414 0.0682 0.2000 0.4314 0.3922 0.1961 26.3212 2.0000 
1375 1376 11 -2.1556 -2.2089 -21.4414 -2.1965 -2.2460 -21.6336 0.0682 0.2000 0.4314 0.3922 0.1961 26.5735 2.0000 
1376 1377 11 -2.1965 -2.2460 -21.6336 -2.2361 -2.3004 -21.8219 0.0682 0.2000 0.4314 0.3922 0.1961 26.8301 2.0000 
1377 1378 11 -2.2361 -2.3004 -21.8219 -2.2794 -2.3682 -22.0050 0.0682 0.2000 0.4314 0.3922 0.1961 27.0913 2.0000 
1378 1379 11 -2.2794 -2.3682 -22.0050 -2.3159 -2.4406 -22.1879 0.0682 0.2000 0.4314 0.3922 0.1961 27.3570 2.0000 
1379 1380 11 -2.3159 -2.4406 -22.1879 -2.3467 -2.4893 -22.3794 0.0682 0.2000 0.4314 0.3922 0.1961 27.6277 2.0000 
1380 1381 11 -2.3467 -2.4893 -22.3794 -2.3794 -2.5211 -22.5741 0.0682 0.2000 0.4314 0.3922 0.1961 27.9033 2.0000 
1381 1382 11 -2.3794 -2.5211 -22.5741 -2.3481 -2.5443 -22.7703 0.0682 0.2000 0.4314 0.3922 0.1961 28.1841 2.0000 
1382 1383 11 -2.3481 -2.5443 -22.7703 -2.3114 -2.5606 -22.9662 0.0682 0.2000 0.4314 0.3922 0.1961 28.4703 2.0000 
1383 1384 11 -2.3114 -2.5606 -22.9662 -2.2819 -2.5741 -23.1635 0.0682 0.2000 0.4314 0.3922 0.1961 28.7621 2.0000 
1384 1385 11 -2.2819 -2.5741 -23.1635 -2.2383 -2.6127 -23.3549 0.0682 0.2000 0.4314 0.3922 0.1961 29.0597 2.0000 
1385 1386 11 -2.2383 -2.6127 -23.3549 -2.1960 -2.6498 -23.5468 0.0682 0.2000 0.4314 0.3922 0.1961 29.3634 2.0000 
1386 1387 11 -2.1960 -2.6498 -23.5468 -2.1540 -2.6865 -23.7389 0.0682 0.2000 0.4314 0.3922 0.1961 29.6734 2.0000 
1387 1388 11 -2.1540 -2.6865 -23.7389 -2.1107 -2.6973 -23.9338 0.0682 0.2000 0.4314 0.3922 0.1961 29.9899 2.0000 
1388 1389 11 -2.1107 -2.6973 -23.9338 -2.1094 -2.6976 -23.9400 0.0682 0.0063 0.4314 0.3922 0.1961 30.0000 2.0000 
25 1390 12 0.2910 -0.2030 -7.3093 0.4753 -0.2240 -7.3842 0.0651 0.2000 0.4314 0.3922 0.1961 12.9351 2.0000 
1390 1391 12 0.4753 -0.2240 -7.3842 0.6589 -0.2234 -7.4635 0.0651 0.2000 0.4314 0.3922 0.1961 13.0393 2.0000 
1391 1392 12 0.6589 -0.2234 -7.4635 0.8462 -0.2488 -7.5287 0.0651 0.2000 0.4314 0.3922 0.1961 13.1442 2.0000 
1392 1393 12 0.8462 -0.2488 -7.5287 1.0335 -0.2694 -7.5958 0.0651 0.2000 0.4314 0.3922 0.1961 13.2498 2.0000 
1393 1394 12 1.0335 -0.2694 -7.5958 1.2135 -0.2881 -7.6811 0.0651 0.2000 0.4314 0.3922 0.1961 13.3560 2.0000 
1394 1395 12 1.2135 -0.2881 -7.6811 1.3964 -0.3003 -7.7610 0.0651 0.2000 0.4314 0.3922 0.1961 13.4628 2.0000 
1395 1396 12 1.3964 -0.3003 -7.7610 1.5904 -0.2889 -7.8082 0.0651 0.2000 0.4314 0.3922 0.1961 13.5703 2.0000 
1396 1397 12 1.5904 -0.2889 -7.8082 1.7795 -0.2651 -7.8689 0.0651 0.2000 0.4314 0.3922 0.1961 13.6785 2.0000 
1397 1398 12 1.7795 -0.2651 -7.8689 1.9566 -0.2575 -7.9614 0.0651 0.2000 0.4314 0.3922 0.1961 13.7874 2.0000 
1398 1399 12 1.9566 -0.2575 -7.9614 2.1318 -0.2492 -8.0576 0.0651 0.2000 0.4314 0.3922 0.1961 13.8970 2.0000 
1399 1400 12 2.1318 -0.2492 -8.0576 2.2790 -0.2293 -8.1915 0.0651 0.2000 0.4314 0.3922 0.1961 14.0073 2.0000 
1400 1401 12 2.2790 -0.2293 -8.1915 2.4316 -0.2115 -8.3195 0.0651 0.2000 0.4314 0.3922 0.1961 14.1183 2.0000 
1401 1402 12 2.4316 -0.2115 -8.3195 2.5541 -0.1773 -8.4739 0.0651 0.2000 0.4314 0.3922 0.1961 14.2300 2.0000 
1402 1403 12 2.5541 -0.1773 -8.4739 2.6733 -0.1432 -8.6308 0.0651 0.2000 0.4314 0.3922 0.1961 14.3424 2.0000 
1403 1404 12 2.6733 -0.1432 -8.6308 2.7921 -0.1245 -8.7906 0.0651 0.2000 0.4314 0.3922 0.1961 14.4556 2.0000 
1404 1405 12 2.7921 -0.1245 -8.7906 2.8850 -0.0978 -8.9657 0.0651 0.2000 0.4314 0.3922 0.1961 14.5695 2.0000 
1405 1406 12 2.8850 -0.0978 -8.9657 2.9727 -0.0679 -9.1430 0.0651 0.2000 0.4314 0.3922 0.1961 14.6842 2.0000 
1406 1407 12 2.9727 -0.0679 -9.1430 3.0528 -0.0318 -9.3226 0.0651 0.2000 0.4314 0.3922 0.1961 14.7997 2.0000 
1407 1408 12 3.0528 -0.0318 -9.3226 3.1847 0.0307 -9.4594 0.0651 0.2000 0.4314 0.3922 0.1961 14.9159 2.0000 
1408 1409 12 3.1847 0.0307 -9.4594 3.3070 0.0705 -9.6125 0.0651 0.2000 0.4314 0.3922 0.1961 15.0329 2.0000 
1409 1410 12 3.3070 0.0705 -9.6125 3.4147 0.1075 -9.7770 0.0651 0.2000 0.4314 0.3922 0.1961 15.1508 2.0000 
1410 1411 12 3.4147 0.1075 -9.7770 3.5019 0.1488 -9.9521 0.0651 0.2000 0.4314 0.3922 0.1961 15.2694 2.0000 
1411 1412 12 3.5019 0.1488 -9.9521 3.5751 0.1950 -10.1324 0.0651 0.2000 0.4314 0.3922 0.1961 15.3889 2.0000 
1412 1413 12 3.5751 0.1950 -10.1324 3.6420 0.2363 -10.3163 0.0651 0.2000 0.4314 0.3922 0.1961 15.5092 2.0000 
1413 1414 12 3.6420 0.2363 -10.3163 3.7282 0.3215 -10.4755 0.0651 0.2000 0.4314 0.3922 0.1961 15.6303 2.0000 
1414 1415 12 3.7282 0.3215 -10.4755 3.7615 0.4231 -10.6445 0.0651 0.2000 0.4314 0.3922 0.1961 15.7524 2.0000 
1415 1416 12 3.7615 0.4231 -10.6445 3.7664 0.5431 -10.8044 0.0651 0.2000 0.4314 0.3922 0.1961 15.8752 2.0000 
1416 1417 12 3.7664 0.5431 -10.8044 3.7715 0.6628 -10.9645 0.0651 0.2000 0.4314 0.3922 0.1961 15.9990 2.0000 
1417 1418 12 3.7715 0.6628 -10.9645 3.7733 0.7811 -11.1258 0.0651 0.2000 0.4314 0.3922 0.1961 16.1237 2.0000 
1418 1419 12 3.7733 0.7811 -11.1258 3.7174 0.9193 -11.2591 0.0651 0.2000 0.4314 0.3922 0.1961 16.2493 2.0000 
1419 1420 12 3.7174 0.9193 -11.2591 3.6802 1.0796 -11.3727 0.0651 0.2000 0.4314 0.3922 0.1961 16.3758 2.0000 
1420 1421 12 3.6802 1.0796 -11.3727 3.6621 1.2091 -11.5241 0.0651 0.2000 0.4314 0.3922 0.1961 16.5032 2.0000 
1421 1422 12 3.6621 1.2091 -11.5241 3.6627 1.3189 -11.6912 0.0651 0.2000 0.4314 0.3922 0.1961 16.6316 2.0000 
1422 1423 12 3.6627 1.3189 -11.6912 3.6668 1.4278 -11.8589 0.0651 0.2000 0.4314 0.3922 0.1961 16.7609 2.0000 
1423 1424 12 3.6668 1.4278 -11.8589 3.6801 1.5234 -12.0341 0.0651 0.2000 0.4314 0.3922 0.1961 16.8913 2.0000 
1424 1425 12 3.6801 1.5234 -12.0341 3.7048 1.6309 -12.2009 0.0651 0.2000 0.4314 0.3922 0.1961 17.0226 2.0000 
1425 1426 12 3.7048 1.6309 -12.2009 3.7255 1.7249 -12.3762 0.0651 0.2000 0.4314 0.3922 0.1961 17.1549 2.0000 
1426 1427 12 3.7255 1.7249 -12.3762 3.7494 1.8183 -12.5514 0.0651 0.2000 0.4314 0.3922 0.1961 17.2883 2.0000 
1427 1428 12 3.7494 1.8183 -12.5514 3.7595 1.8660 -12.7454 0.0651 0.2000 0.4314 0.3922 0.1961 17.4227 2.0000 
1428 1429 12 3.7595 1.8660 -12.7454 3.7994 1.8702 -12.9413 0.0651 0.2000 0.4314 0.3922 0.1961 17.5582 2.0000 
1429 1430 12 3.7994 1.8702 -12.9413 3.8330 1.8701 -13.1385 0.0651 0.2000 0.4314 0.3922 0.1961 17.6947 2.0000 
1430 1431 12 3.8330 1.8701 -13.1385 3.8866 1.8748 -13.3311 0.0651 0.2000 0.4314 0.3922 0.1961 17.8324 2.0000 
1431 1432 12 3.8866 1.8748 -13.3311 3.9194 1.8970 -13.5272 0.0651 0.2000 0.4314 0.3922 0.1961 17.9711 2.0000 
1432 1433 12 3.9194 1.8970 -13.5272 3.9940 1.9200 -13.7113 0.0651 0.2000 0.4314 0.3922 0.1961 18.1110 2.0000 
1433 1434 12 3.9940 1.9200 -13.7113 4.0220 1.9686 -13.9033 0.0651 0.2000 0.4314 0.3922 0.1961 18.2520 2.0000 
1434 1435 12 4.0220 1.9686 -13.9033 4.0199 2.0115 -14.0986 0.0651 0.2000 0.4314 0.3922 0.1961 18.3942 2.0000 
1435 1436 12 4.0199 2.0115 -14.0986 4.0136 2.0548 -14.2938 0.0651 0.2000 0.4314 0.3922 0.1961 18.5375 2.0000 
1436 1437 12 4.0136 2.0548 -14.2938 4.0064 2.1019 -14.4880 0.0651 0.2000 0.4314 0.3922 0.1961 18.6821 2.0000 
1437 1438 12 4.0064 2.1019 -14.4880 4.0056 2.1706 -14.6759 0.0651 0.2000 0.4314 0.3922 0.1961 18.8279 2.0000 
1438 1439 12 4.0056 2.1706 -14.6759 4.0053 2.2388 -14.8639 0.0651 0.2000 0.4314 0.3922 0.1961 18.9750 2.0000 
1439 1440 12 4.0053 2.2388 -14.8639 4.0030 2.3176 -15.0477 0.0651 0.2000 0.4314 0.3922 0.1961 19.1233 2.0000 
1440 1441 12 4.0030 2.3176 -15.0477 4.0485 2.3379 -15.2414 0.0651 0.2000 0.4314 0.3922 0.1961 19.2729 2.0000 
1441 1442 12 4.0485 2.3379 -15.2414 4.0714 2.3393 -15.4400 0.0651 0.2000 0.4314 0.3922 0.1961 19.4238 2.0000 
1442 1443 12 4.0714 2.3393 -15.4400 4.0890 2.3680 -15.6372 0.0651 0.2000 0.4314 0.3922 0.1961 19.5761 2.0000 
1443 1444 12 4.0890 2.3680 -15.6372 4.0932 2.4037 -15.8339 0.0651 0.2000 0.4314 0.3922 0.1961 19.7297 2.0000 
1444 1445 12 4.0932 2.4037 -15.8339 4.0938 2.4524 -16.0279 0.0651 0.2000 0.4314 0.3922 0.1961 19.8847 2.0000 
1445 1446 12 4.0938 2.4524 -16.0279 4.1188 2.4890 -16.2229 0.0651 0.2000 0.4314 0.3922 0.1961 20.0411 2.0000 
1446 1447 12 4.1188 2.4890 -16.2229 4.1223 2.5364 -16.4172 0.0651 0.2000 0.4314 0.3922 0.1961 20.1989 2.0000 
1447 1448 12 4.1223 2.5364 -16.4172 4.1226 2.5798 -16.6124 0.0651 0.2000 0.4314 0.3922 0.1961 20.3583 2.0000 
1448 1449 12 4.1226 2.5798 -16.6124 4.1341 2.6239 -16.8072 0.0651 0.2000 0.4314 0.3922 0.1961 20.5190 2.0000 
1449 1450 12 4.1341 2.6239 -16.8072 4.1497 2.6368 -17.0062 0.0651 0.2000 0.4314 0.3922 0.1961 20.6814 2.0000 
1450 1451 12 4.1497 2.6368 -17.0062 4.1416 2.6459 -17.2058 0.0651 0.2000 0.4314 0.3922 0.1961 20.8452 2.0000 
1451 1452 12 4.1416 2.6459 -17.2058 4.1223 2.6448 -17.4048 0.0651 0.2000 0.4314 0.3922 0.1961 21.0107 2.0000 
1452 1453 12 4.1223 2.6448 -17.4048 4.1215 2.6571 -17.6045 0.0651 0.2000 0.4314 0.3922 0.1961 21.1777 2.0000 
1453 1454 12 4.1215 2.6571 -17.6045 4.1131 2.6651 -17.8041 0.0651 0.2000 0.4314 0.3922 0.1961 21.3464 2.0000 
1454 1455 12 4.1131 2.6651 -17.8041 4.1097 2.6656 -18.0041 0.0651 0.2000 0.4314 0.3922 0.1961 21.5167 2.0000 
1455 1456 12 4.1097 2.6656 -18.0041 4.1103 2.6638 -18.2041 0.0651 0.2000 0.4314 0.3922 0.1961 21.6888 2.0000 
1456 1457 12 4.1103 2.6638 -18.2041 4.1106 2.6672 -18.4041 0.0651 0.2000 0.4314 0.3922 0.1961 21.8626 2.0000 
1457 1458 12 4.1106 2.6672 -18.4041 4.1387 2.6284 -18.5982 0.0651 0.2000 0.4314 0.3922 0.1961 22.0382 2.0000 
1458 1459 12 4.1387 2.6284 -18.5982 4.1571 2.6151 -18.7969 0.0651 0.2000 0.4314 0.3922 0.1961 22.2155 2.0000 
1459 1460 12 4.1571 2.6151 -18.7969 4.1770 2.6036 -18.9956 0.0651 0.2000 0.4314 0.3922 0.1961 22.3948 2.0000 
1460 1461 12 4.1770 2.6036 -18.9956 4.2037 2.5979 -19.1937 0.0651 0.2000 0.4314 0.3922 0.1961 22.5759 2.0000 
1461 1462 12 4.2037 2.5979 -19.1937 4.2349 2.5906 -19.3912 0.0651 0.2000 0.4314 0.3922 0.1961 22.7589 2.0000 
1462 1463 12 4.2349 2.5906 -19.3912 4.2318 2.5863 -19.5911 0.0651 0.2000 0.4314 0.3922 0.1961 22.9439 2.0000 
1463 1464 12 4.2318 2.5863 -19.5911 4.2271 2.5814 -19.7910 0.0651 0.2000 0.4314 0.3922 0.1961 23.1310 2.0000 
1464 1465 12 4.2271 2.5814 -19.7910 4.2397 2.6107 -19.9884 0.0651 0.2000 0.4314 0.3922 0.1961 23.3200 2.0000 
1465 1466 12 4.2397 2.6107 -19.9884 4.2496 2.6423 -20.1857 0.0651 0.2000 0.4314 0.3922 0.1961 23.5112 2.0000 
1466 1467 12 4.2496 2.6423 -20.1857 4.2786 2.6736 -20.3811 0.0651 0.2000 0.4314 0.3922 0.1961 23.7046 2.0000 
1467 1468 12 4.2786 2.6736 -20.3811 4.2415 2.6826 -20.5774 0.0651 0.2000 0.4314 0.3922 0.1961 23.9001 2.0000 
1468 1469 12 4.2415 2.6826 -20.5774 4.2072 2.6839 -20.7744 0.0651 0.2000 0.4314 0.3922 0.1961 24.0979 2.0000 
1469 1470 12 4.2072 2.6839 -20.7744 4.1837 2.6648 -20.9721 0.0651 0.2000 0.4314 0.3922 0.1961 24.2979 2.0000 
1470 1471 12 4.1837 2.6648 -20.9721 4.1244 2.6505 -21.1626 0.0651 0.2000 0.4314 0.3922 0.1961 24.5004 2.0000 
1471 1472 12 4.1244 2.6505 -21.1626 4.0216 2.6609 -21.3338 0.0651 0.2000 0.4314 0.3922 0.1961 24.7052 2.0000 
1472 1473 12 4.0216 2.6609 -21.3338 3.9373 2.6698 -21.5150 0.0651 0.2000 0.4314 0.3922 0.1961 24.9125 2.0000 
1473 1474 12 3.9373 2.6698 -21.5150 3.8530 2.6784 -21.6961 0.0651 0.2000 0.4314 0.3922 0.1961 25.1224 2.0000 
1474 1475 12 3.8530 2.6784 -21.6961 3.7504 2.6759 -21.8677 0.0651 0.2000 0.4314 0.3922 0.1961 25.3348 2.0000 
1475 1476 12 3.7504 2.6759 -21.8677 3.6499 2.6811 -22.0406 0.0651 0.2000 0.4314 0.3922 0.1961 25.5499 2.0000 
1476 1477 12 3.6499 2.6811 -22.0406 3.5784 2.7041 -22.2260 0.0651 0.2000 0.4314 0.3922 0.1961 25.7677 2.0000 
1477 1478 12 3.5784 2.7041 -22.2260 3.5384 2.7570 -22.4147 0.0651 0.2000 0.4314 0.3922 0.1961 25.9883 2.0000 
1478 1479 12 3.5384 2.7570 -22.4147 3.4981 2.8100 -22.6032 0.0651 0.2000 0.4314 0.3922 0.1961 26.2118 2.0000 
1479 1480 12 3.4981 2.8100 -22.6032 3.4565 2.8609 -22.7921 0.0651 0.2000 0.4314 0.3922 0.1961 26.4382 2.0000 
1480 1481 12 3.4565 2.8609 -22.7921 3.4163 2.8910 -22.9857 0.0651 0.2000 0.4314 0.3922 0.1961 26.6676 2.0000 
1481 1482 12 3.4163 2.8910 -22.9857 3.4198 2.9472 -23.1776 0.0651 0.2000 0.4314 0.3922 0.1961 26.9002 2.0000 
1482 1483 12 3.4198 2.9472 -23.1776 3.4237 2.9814 -23.3746 0.0651 0.2000 0.4314 0.3922 0.1961 27.1359 2.0000 
1483 1484 12 3.4237 2.9814 -23.3746 3.3861 3.0162 -23.5679 0.0651 0.2000 0.4314 0.3922 0.1961 27.3749 2.0000 
1484 1485 12 3.3861 3.0162 -23.5679 3.3888 3.0798 -23.7576 0.0651 0.2000 0.4314 0.3922 0.1961 27.6173 2.0000 
1485 1486 12 3.3888 3.0798 -23.7576 3.3792 3.1482 -23.9453 0.0651 0.2000 0.4314 0.3922 0.1961 27.8631 2.0000 
1486 1487 12 3.3792 3.1482 -23.9453 3.3680 3.2163 -24.1330 0.0651 0.2000 0.4314 0.3922 0.1961 28.1125 2.0000 
1487 1488 12 3.3680 3.2163 -24.1330 3.3097 3.2559 -24.3201 0.0651 0.2000 0.4314 0.3922 0.1961 28.3656 2.0000 
1488 1489 12 3.3097 3.2559 -24.3201 3.2868 3.2667 -24.5185 0.0651 0.2000 0.4314 0.3922 0.1961 28.6224 2.0000 
1489 1490 12 3.2868 3.2667 -24.5185 3.2497 3.2728 -24.7150 0.0651 0.2000 0.4314 0.3922 0.1961 28.8832 2.0000 
1490 1491 12 3.2497 3.2728 -24.7150 3.1791 3.2349 -24.8982 0.0651 0.2000 0.4314 0.3922 0.1961 29.1479 2.0000 
1491 1492 12 3.1791 3.2349 -24.8982 3.0981 3.2071 -25.0789 0.0651 0.2000 0.4314 0.3922 0.1961 29.4168 2.0000 
1492 1493 12 3.0981 3.2071 -25.0789 3.0025 3.1887 -25.2537 0.0651 0.2000 0.4314 0.3922 0.1961 29.6900 2.0000 
1493 1494 12 3.0025 3.1887 -25.2537 2.9145 3.1651 -25.4317 0.0651 0.2000 0.4314 0.3922 0.1961 29.9676 2.0000 
1494 1495 12 2.9145 3.1651 -25.4317 2.9028 3.1633 -25.4516 0.0651 0.0231 0.4314 0.3922 0.1961 30.0000 2.0000 
27 1496 13 0.2654 -0.1868 -7.6879 0.4086 -0.3015 -7.7674 0.0716 0.2000 0.4314 0.3922 0.1961 13.3214 2.0000 
1496 1497 13 0.4086 -0.3015 -7.7674 0.5491 -0.4204 -7.8456 0.0716 0.2000 0.4314 0.3922 0.1961 13.4109 2.0000 
1497 1498 13 0.5491 -0.4204 -7.8456 0.6856 -0.5229 -7.9498 0.0716 0.2000 0.4314 0.3922 0.1961 13.5009 2.0000 
1498 1499 13 0.6856 -0.5229 -7.9498 0.8159 -0.6162 -8.0695 0.0716 0.2000 0.4314 0.3922 0.1961 13.5916 2.0000 
1499 1500 13 0.8159 -0.6162 -8.0695 0.9398 -0.7069 -8.1976 0.0716 0.2000 0.4314 0.3922 0.1961 13.6828 2.0000 
1500 1501 13 0.9398 -0.7069 -8.1976 1.0743 -0.7761 -8.3285 0.0716 0.2000 0.4314 0.3922 0.1961 13.7747 2.0000 
1501 1502 13 1.0743 -0.7761 -8.3285 1.2129 -0.8391 -8.4582 0.0716 0.2000 0.4314 0.3922 0.1961 13.8673 2.0000 
1502 1503 13 1.2129 -0.8391 -8.4582 1.3336 -0.8896 -8.6094 0.0716 0.2000 0.4314 0.3922 0.1961 13.9605 2.0000 
1503 1504 13 1.3336 -0.8896 -8.6094 1.4486 -0.9181 -8.7706 0.0716 0.2000 0.4314 0.3922 0.1961 14.0544 2.0000 
1504 1505 13 1.4486 -0.9181 -8.7706 1.5495 -0.9397 -8.9420 0.0716 0.2000 0.4314 0.3922 0.1961 14.1489 2.0000 
1505 1506 13 1.5495 -0.9397 -8.9420 1.6637 -0.9678 -9.1037 0.0716 0.2000 0.4314 0.3922 0.1961 14.2441 2.0000 
1506 1507 13 1.6637 -0.9678 -9.1037 1.7653 -1.0154 -9.2692 0.0716 0.2000 0.4314 0.3922 0.1961 14.3400 2.0000 
1507 1508 13 1.7653 -1.0154 -9.2692 1.8409 -1.0620 -9.4485 0.0716 0.2000 0.4314 0.3922 0.1961 14.4366 2.0000 
1508 1509 13 1.8409 -1.0620 -9.4485 1.9185 -1.0868 -9.6311 0.0716 0.2000 0.4314 0.3922 0.1961 14.5339 2.0000 
1509 1510 13 1.9185 -1.0868 -9.6311 2.0086 -1.0571 -9.8072 0.0716 0.2000 0.4314 0.3922 0.1961 14.6319 2.0000 
1510 1511 13 2.0086 -1.0571 -9.8072 2.0707 -1.0088 -9.9910 0.0716 0.2000 0.4314 0.3922 0.1961 14.7306 2.0000 
1511 1512 13 2.0707 -1.0088 -9.9910 2.1439 -0.9607 -10.1709 0.0716 0.2000 0.4314 0.3922 0.1961 14.8301 2.0000 
1512 1513 13 2.1439 -0.9607 -10.1709 2.2168 -0.9069 -10.3492 0.0716 0.2000 0.4314 0.3922 0.1961 14.9304 2.0000 
1513 1514 13 2.2168 -0.9069 -10.3492 2.2723 -0.8576 -10.5349 0.0716 0.2000 0.4314 0.3922 0.1961 15.0314 2.0000 
1514 1515 13 2.2723 -0.8576 -10.5349 2.3343 -0.8015 -10.7166 0.0716 0.2000 0.4314 0.3922 0.1961 15.1331 2.0000 
1515 1516 13 2.3343 -0.8015 -10.7166 2.3788 -0.7701 -10.9090 0.0716 0.2000 0.4314 0.3922 0.1961 15.2357 2.0000 
1516 1517 13 2.3788 -0.7701 -10.9090 2.4037 -0.7496 -11.1064 0.0716 0.2000 0.4314 0.3922 0.1961 15.3391 2.0000 
1517 1518 13 2.4037 -0.7496 -11.1064 2.4293 -0.7160 -11.3019 0.0716 0.2000 0.4314 0.3922 0.1961 15.4432 2.0000 
1518 1519 13 2.4293 -0.7160 -11.3019 2.4516 -0.6901 -11.4989 0.0716 0.2000 0.4314 0.3922 0.1961 15.5482 2.0000 
1519 1520 13 2.4516 -0.6901 -11.4989 2.4856 -0.6618 -11.6940 0.0716 0.2000 0.4314 0.3922 0.1961 15.6541 2.0000 
1520 1521 13 2.4856 -0.6618 -11.6940 2.5102 -0.6453 -11.8918 0.0716 0.2000 0.4314 0.3922 0.1961 15.7608 2.0000 
1521 1522 13 2.5102 -0.6453 -11.8918 2.5256 -0.6291 -12.0905 0.0716 0.2000 0.4314 0.3922 0.1961 15.8683 2.0000 
1522 1523 13 2.5256 -0.6291 -12.0905 2.5197 -0.6715 -12.2859 0.0716 0.2000 0.4314 0.3922 0.1961 15.9767 2.0000 
1523 1524 13 2.5197 -0.6715 -12.2859 2.4830 -0.7154 -12.4775 0.0716 0.2000 0.4314 0.3922 0.1961 16.0861 2.0000 
1524 1525 13 2.4830 -0.7154 -12.4775 2.4456 -0.7720 -12.6657 0.0716 0.2000 0.4314 0.3922 0.1961 16.1963 2.0000 
1525 1526 13 2.4456 -0.7720 -12.6657 2.4593 -0.8618 -12.8439 0.0716 0.2000 0.4314 0.3922 0.1961 16.3075 2.0000 
1526 1527 13 2.4593 -0.8618 -12.8439 2.4612 -0.9432 -13.0265 0.0716 0.2000 0.4314 0.3922 0.1961 16.4195 2.0000 
1527 1528 13 2.4612 -0.9432 -13.0265 2.4764 -1.0261 -13.2079 0.0716 0.2000 0.4314 0.3922 0.1961 16.5326 2.0000 
1528 1529 13 2.4764 -1.0261 -13.2079 2.4932 -1.1102 -13.3886 0.0716 0.2000 0.4314 0.3922 0.1961 16.6466 2.0000 
1529 1530 13 2.4932 -1.1102 -13.3886 2.4985 -1.1580 -13.5827 0.0716 0.2000 0.4314 0.3922 0.1961 16.7616 2.0000 
1530 1531 13 2.4985 -1.1580 -13.5827 2.5131 -1.2087 -13.7756 0.0716 0.2000 0.4314 0.3922 0.1961 16.8776 2.0000 
1531 1532 13 2.5131 -1.2087 -13.7756 2.5236 -1.2401 -13.9729 0.0716 0.2000 0.4314 0.3922 0.1961 16.9947 2.0000 
1532 1533 13 2.5236 -1.2401 -13.9729 2.5462 -1.2586 -14.1707 0.0716 0.2000 0.4314 0.3922 0.1961 17.1127 2.0000 
1533 1534 13 2.5462 -1.2586 -14.1707 2.5926 -1.3364 -14.3490 0.0716 0.2000 0.4314 0.3922 0.1961 17.2319 2.0000 
1534 1535 13 2.5926 -1.3364 -14.3490 2.6093 -1.3945 -14.5397 0.0716 0.2000 0.4314 0.3922 0.1961 17.3521 2.0000 
1535 1536 13 2.6093 -1.3945 -14.5397 2.6287 -1.4399 -14.7335 0.0716 0.2000 0.4314 0.3922 0.1961 17.4734 2.0000 
1536 1537 13 2.6287 -1.4399 -14.7335 2.6229 -1.4764 -14.9301 0.0716 0.2000 0.4314 0.3922 0.1961 17.5958 2.0000 
1537 1538 13 2.6229 -1.4764 -14.9301 2.6133 -1.4959 -15.1289 0.0716 0.2000 0.4314 0.3922 0.1961 17.7194 2.0000 
1538 1539 13 2.6133 -1.4959 -15.1289 2.5897 -1.5071 -15.3272 0.0716 0.2000 0.4314 0.3922 0.1961 17.8441 2.0000 
1539 1540 13 2.5897 -1.5071 -15.3272 2.5580 -1.5257 -15.5237 0.0716 0.2000 0.4314 0.3922 0.1961 17.9700 2.0000 
1540 1541 13 2.5580 -1.5257 -15.5237 2.5543 -1.5133 -15.7233 0.0716 0.2000 0.4314 0.3922 0.1961 18.0972 2.0000 
1541 1542 13 2.5543 -1.5133 -15.7233 2.5426 -1.4999 -15.9225 0.0716 0.2000 0.4314 0.3922 0.1961 18.2255 2.0000 
1542 1543 13 2.5426 -1.4999 -15.9225 2.5335 -1.5075 -16.1222 0.0716 0.2000 0.4314 0.3922 0.1961 18.3551 2.0000 
1543 1544 13 2.5335 -1.5075 -16.1222 2.5334 -1.5128 -16.3221 0.0716 0.2000 0.4314 0.3922 0.1961 18.4860 2.0000 
1544 1545 13 2.5334 -1.5128 -16.3221 2.5317 -1.5154 -16.5221 0.0716 0.2000 0.4314 0.3922 0.1961 18.6182 2.0000 
1545 1546 13 2.5317 -1.5154 -16.5221 2.5342 -1.5221 -16.7220 0.0716 0.2000 0.4314 0.3922 0.1961 18.7517 2.0000 
1546 1547 13 2.5342 -1.5221 -16.7220 2.5439 -1.5352 -16.9213 0.0716 0.2000 0.4314 0.3922 0.1961 18.8866 2.0000 
1547 1548 13 2.5439 -1.5352 -16.9213 2.5404 -1.5604 -17.1197 0.0716 0.2000 0.4314 0.3922 0.1961 19.0228 2.0000 
1548 1549 13 2.5404 -1.5604 -17.1197 2.5178 -1.5850 -17.3169 0.0716 0.2000 0.4314 0.3922 0.1961 19.1605 2.0000 
1549 1550 13 2.5178 -1.5850 -17.3169 2.4893 -1.5929 -17.5147 0.0716 0.2000 0.4314 0.3922 0.1961 19.2996 2.0000 
1550 1551 13 2.4893 -1.5929 -17.5147 2.4770 -1.6189 -17.7126 0.0716 0.2000 0.4314 0.3922 0.1961 19.4402 2.0000 
1551 1552 13 2.4770 -1.6189 -17.7126 2.4721 -1.6403 -17.9114 0.0716 0.2000 0.4314 0.3922 0.1961 19.5823 2.0000 
1552 1553 13 2.4721 -1.6403 -17.9114 2.4608 -1.6569 -18.1104 0.0716 0.2000 0.4314 0.3922 0.1961 19.7259 2.0000 
1553 1554 13 2.4608 -1.6569 -18.1104 2.4504 -1.6639 -18.3100 0.0716 0.2000 0.4314 0.3922 0.1961 19.8711 2.0000 
1554 1555 13 2.4504 -1.6639 -18.3100 2.4405 -1.6960 -18.5071 0.0716 0.2000 0.4314 0.3922 0.1961 20.0180 2.0000 
1555 1556 13 2.4405 -1.6960 -18.5071 2.4466 -1.7115 -18.7064 0.0716 0.2000 0.4314 0.3922 0.1961 20.1664 2.0000 
1556 1557 13 2.4466 -1.7115 -18.7064 2.4297 -1.7210 -18.9055 0.0716 0.2000 0.4314 0.3922 0.1961 20.3165 2.0000 
1557 1558 13 2.4297 -1.7210 -18.9055 2.4309 -1.7304 -19.1053 0.0716 0.2000 0.4314 0.3922 0.1961 20.4684 2.0000 
1558 1559 13 2.4309 -1.7304 -19.1053 2.4501 -1.7669 -19.3010 0.0716 0.2000 0.4314 0.3922 0.1961 20.6220 2.0000 
1559 1560 13 2.4501 -1.7669 -19.3010 2.4848 -1.8248 -19.4892 0.0716 0.2000 0.4314 0.3922 0.1961 20.7774 2.0000 
1560 1561 13 2.4848 -1.8248 -19.4892 2.5139 -1.8929 -19.6750 0.0716 0.2000 0.4314 0.3922 0.1961 20.9346 2.0000 
1561 1562 13 2.5139 -1.8929 -19.6750 2.5420 -1.9628 -19.8603 0.0716 0.2000 0.4314 0.3922 0.1961 21.0938 2.0000 
1562 1563 13 2.5420 -1.9628 -19.8603 2.6006 -2.0221 -20.0421 0.0716 0.2000 0.4314 0.3922 0.1961 21.2548 2.0000 
1563 1564 13 2.6006 -2.0221 -20.0421 2.6362 -2.0905 -20.2266 0.0716 0.2000 0.4314 0.3922 0.1961 21.4179 2.0000 
1564 1565 13 2.6362 -2.0905 -20.2266 2.6636 -2.1523 -20.4149 0.0716 0.2000 0.4314 0.3922 0.1961 21.5829 2.0000 
1565 1566 13 2.6636 -2.1523 -20.4149 2.6895 -2.2158 -20.6027 0.0716 0.2000 0.4314 0.3922 0.1961 21.7501 2.0000 
1566 1567 13 2.6895 -2.2158 -20.6027 2.7091 -2.2801 -20.7911 0.0716 0.2000 0.4314 0.3922 0.1961 21.9194 2.0000 
1567 1568 13 2.7091 -2.2801 -20.7911 2.7208 -2.3557 -20.9759 0.0716 0.2000 0.4314 0.3922 0.1961 22.0908 2.0000 
1568 1569 13 2.7208 -2.3557 -20.9759 2.7073 -2.4170 -21.1658 0.0716 0.2000 0.4314 0.3922 0.1961 22.2645 2.0000 
1569 1570 13 2.7073 -2.4170 -21.1658 2.7162 -2.4799 -21.3554 0.0716 0.2000 0.4314 0.3922 0.1961 22.4405 2.0000 
1570 1571 13 2.7162 -2.4799 -21.3554 2.6974 -2.5315 -21.5477 0.0716 0.2000 0.4314 0.3922 0.1961 22.6189 2.0000 
1571 1572 13 2.6974 -2.5315 -21.5477 2.6896 -2.5865 -21.7398 0.0716 0.2000 0.4314 0.3922 0.1961 22.7997 2.0000 
1572 1573 13 2.6896 -2.5865 -21.7398 2.6797 -2.6467 -21.9303 0.0716 0.2000 0.4314 0.3922 0.1961 22.9830 2.0000 
1573 1574 13 2.6797 -2.6467 -21.9303 2.6786 -2.6672 -22.1293 0.0716 0.2000 0.4314 0.3922 0.1961 23.1689 2.0000 
1574 1575 13 2.6786 -2.6672 -22.1293 2.6781 -2.6893 -22.3280 0.0716 0.2000 0.4314 0.3922 0.1961 23.3574 2.0000 
1575 1576 13 2.6781 -2.6893 -22.3280 2.6769 -2.7024 -22.5276 0.0716 0.2000 0.4314 0.3922 0.1961 23.5486 2.0000 
1576 1577 13 2.6769 -2.7024 -22.5276 2.6771 -2.7057 -22.7276 0.0716 0.2000 0.4314 0.3922 0.1961 23.7427 2.0000 
1577 1578 13 2.6771 -2.7057 -22.7276 2.6725 -2.7002 -22.9275 0.0716 0.2000 0.4314 0.3922 0.1961 23.9396 2.0000 
1578 1579 13 2.6725 -2.7002 -22.9275 2.6641 -2.7122 -23.1269 0.0716 0.2000 0.4314 0.3922 0.1961 24.1394 2.0000 
1579 1580 13 2.6641 -2.7122 -23.1269 2.6587 -2.7269 -23.3263 0.0716 0.2000 0.4314 0.3922 0.1961 24.3424 2.0000 
1580 1581 13 2.6587 -2.7269 -23.3263 2.6482 -2.7320 -23.5260 0.0716 0.2000 0.4314 0.3922 0.1961 24.5484 2.0000 
1581 1582 13 2.6482 -2.7320 -23.5260 2.6509 -2.7343 -23.7259 0.0716 0.2000 0.4314 0.3922 0.1961 24.7578 2.0000 
1582 1583 13 2.6509 -2.7343 -23.7259 2.6591 -2.7453 -23.9255 0.0716 0.2000 0.4314 0.3922 0.1961 24.9704 2.0000 
1583 1584 13 2.6591 -2.7453 -23.9255 2.7009 -2.7667 -24.1199 0.0716 0.2000 0.4314 0.3922 0.1961 25.1866 2.0000 
1584 1585 13 2.7009 -2.7667 -24.1199 2.7328 -2.7964 -24.3151 0.0716 0.2000 0.4314 0.3922 0.1961 25.4063 2.0000 
1585 1586 13 2.7328 -2.7964 -24.3151 2.7588 -2.8222 -24.5117 0.0716 0.2000 0.4314 0.3922 0.1961 25.6297 2.0000 
1586 1587 13 2.7588 -2.8222 -24.5117 2.7945 -2.8208 -24.7085 0.0716 0.2000 0.4314 0.3922 0.1961 25.8570 2.0000 
1587 1588 13 2.7945 -2.8208 -24.7085 2.8256 -2.8333 -24.9056 0.0716 0.2000 0.4314 0.3922 0.1961 26.0882 2.0000 
1588 1589 13 2.8256 -2.8333 -24.9056 2.8819 -2.8508 -25.0967 0.0716 0.2000 0.4314 0.3922 0.1961 26.3235 2.0000 
1589 1590 13 2.8819 -2.8508 -25.0967 2.9041 -2.9074 -25.2873 0.0716 0.2000 0.4314 0.3922 0.1961 26.5630 2.0000 
1590 1591 13 2.9041 -2.9074 -25.2873 2.9383 -2.9211 -25.4839 0.0716 0.2000 0.4314 0.3922 0.1961 26.8070 2.0000 
1591 1592 13 2.9383 -2.9211 -25.4839 2.9725 -2.9292 -25.6808 0.0716 0.2000 0.4314 0.3922 0.1961 27.0555 2.0000 
1592 1593 13 2.9725 -2.9292 -25.6808 2.9794 -2.9226 -25.8805 0.0716 0.2000 0.4314 0.3922 0.1961 27.3088 2.0000 
1593 1594 13 2.9794 -2.9226 -25.8805 3.0123 -2.9234 -26.0778 0.0716 0.2000 0.4314 0.3922 0.1961 27.5670 2.0000 
1594 1595 13 3.0123 -2.9234 -26.0778 3.0449 -2.9200 -26.2751 0.0716 0.2000 0.4314 0.3922 0.1961 27.8303 2.0000 
1595 1596 13 3.0449 -2.9200 -26.2751 3.0662 -2.9068 -26.4735 0.0716 0.2000 0.4314 0.3922 0.1961 28.0989 2.0000 
1596 1597 13 3.0662 -2.9068 -26.4735 3.0780 -2.9342 -26.6713 0.0716 0.2000 0.4314 0.3922 0.1961 28.3731 2.0000 
1597 1598 13 3.0780 -2.9342 -26.6713 3.1132 -2.9597 -26.8665 0.0716 0.2000 0.4314 0.3922 0.1961 28.6531 2.0000 
1598 1599 13 3.1132 -2.9597 -26.8665 3.1483 -2.9853 -27.0617 0.0716 0.2000 0.4314 0.3922 0.1961 28.9391 2.0000 
1599 1600 13 3.1483 -2.9853 -27.0617 3.1830 -3.0042 -27.2578 0.0716 0.2000 0.4314 0.3922 0.1961 29.2314 2.0000 
1600 1601 13 3.1830 -3.0042 -27.2578 3.2135 -3.0243 -27.4544 0.0716 0.2000 0.4314 0.3922 0.1961 29.5303 2.0000 
1601 1602 13 3.2135 -3.0243 -27.4544 3.2454 -3.0577 -27.6490 0.0716 0.2000 0.4314 0.3922 0.1961 29.8361 2.0000 
1602 1603 13 3.2454 -3.0577 -27.6490 3.2467 -3.0784 -27.7523 0.0716 0.1053 0.4314 0.3922 0.1961 30.0000 2.0000 
30 1604 14 0.2740 -0.1521 -8.0873 0.1507 -0.2719 -8.1895 0.0725 0.2000 0.4314 0.3922 0.1961 13.7636 2.0000 
1604 1605 14 0.1507 -0.2719 -8.1895 0.0521 -0.3667 -8.3355 0.0725 0.2000 0.4314 0.3922 0.1961 13.8676 2.0000 
1605 1606 14 0.0521 -0.3667 -8.3355 -0.0275 -0.4615 -8.4925 0.0725 0.2000 0.4314 0.3922 0.1961 13.9724 2.0000 
1606 1607 14 -0.0275 -0.4615 -8.4925 -0.1104 -0.5540 -8.6493 0.0725 0.2000 0.4314 0.3922 0.1961 14.0780 2.0000 
1607 1608 14 -0.1104 -0.5540 -8.6493 -0.1907 -0.6611 -8.7979 0.0725 0.2000 0.4314 0.3922 0.1961 14.1842 2.0000 
1608 1609 14 -0.1907 -0.6611 -8.7979 -0.2780 -0.7457 -8.9567 0.0725 0.2000 0.4314 0.3922 0.1961 14.2912 2.0000 
1609 1610 14 -0.2780 -0.7457 -8.9567 -0.3619 -0.8147 -9.1246 0.0725 0.2000 0.4314 0.3922 0.1961 14.3990 2.0000 
1610 1611 14 -0.3619 -0.8147 -9.1246 -0.4525 -0.8766 -9.2919 0.0725 0.2000 0.4314 0.3922 0.1961 14.5076 2.0000 
1611 1612 14 -0.4525 -0.8766 -9.2919 -0.5523 -0.9579 -9.4449 0.0725 0.2000 0.4314 0.3922 0.1961 14.6170 2.0000 
1612 1613 14 -0.5523 -0.9579 -9.4449 -0.6541 -1.0275 -9.6023 0.0725 0.2000 0.4314 0.3922 0.1961 14.7271 2.0000 
1613 1614 14 -0.6541 -1.0275 -9.6023 -0.7829 -1.0994 -9.7374 0.0725 0.2000 0.4314 0.3922 0.1961 14.8381 2.0000 
1614 1615 14 -0.7829 -1.0994 -9.7374 -0.9152 -1.1589 -9.8751 0.0725 0.2000 0.4314 0.3922 0.1961 14.9499 2.0000 
1615 1616 14 -0.9152 -1.1589 -9.8751 -1.0434 -1.2285 -10.0119 0.0725 0.2000 0.4314 0.3922 0.1961 15.0626 2.0000 
1616 1617 14 -1.0434 -1.2285 -10.0119 -1.1732 -1.2881 -10.1519 0.0725 0.2000 0.4314 0.3922 0.1961 15.1761 2.0000 
1617 1618 14 -1.1732 -1.2881 -10.1519 -1.2929 -1.3295 -10.3068 0.0725 0.2000 0.4314 0.3922 0.1961 15.2904 2.0000 
1618 1619 14 -1.2929 -1.3295 -10.3068 -1.4202 -1.3519 -10.4593 0.0725 0.2000 0.4314 0.3922 0.1961 15.4057 2.0000 
1619 1620 14 -1.4202 -1.3519 -10.4593 -1.5571 -1.3869 -10.6008 0.0725 0.2000 0.4314 0.3922 0.1961 15.5218 2.0000 
1620 1621 14 -1.5571 -1.3869 -10.6008 -1.6947 -1.4218 -10.7417 0.0725 0.2000 0.4314 0.3922 0.1961 15.6389 2.0000 
1621 1622 14 -1.6947 -1.4218 -10.7417 -1.8327 -1.4157 -10.8864 0.0725 0.2000 0.4314 0.3922 0.1961 15.7568 2.0000 
1622 1623 14 -1.8327 -1.4157 -10.8864 -1.9685 -1.4155 -11.0332 0.0725 0.2000 0.4314 0.3922 0.1961 15.8757 2.0000 
1623 1624 14 -1.9685 -1.4155 -11.0332 -2.1017 -1.4126 -11.1824 0.0725 0.2000 0.4314 0.3922 0.1961 15.9955 2.0000 
1624 1625 14 -2.1017 -1.4126 -11.1824 -2.2259 -1.4222 -11.3388 0.0725 0.2000 0.4314 0.3922 0.1961 16.1163 2.0000 
1625 1626 14 -2.2259 -1.4222 -11.3388 -2.3481 -1.4322 -11.4969 0.0725 0.2000 0.4314 0.3922 0.1961 16.2381 2.0000 
1626 1627 14 -2.3481 -1.4322 -11.4969 -2.4583 -1.4401 -11.6636 0.0725 0.2000 0.4314 0.3922 0.1961 16.3609 2.0000 
1627 1628 14 -2.4583 -1.4401 -11.6636 -2.5325 -1.4570 -11.8485 0.0725 0.2000 0.4314 0.3922 0.1961 16.4847 2.0000 
1628 1629 14 -2.5325 -1.4570 -11.8485 -2.5981 -1.4187 -12.0335 0.0725 0.2000 0.4314 0.3922 0.1961 16.6095 2.0000 
1629 1630 14 -2.5981 -1.4187 -12.0335 -2.6212 -1.3891 -12.2300 0.0725 0.2000 0.4314 0.3922 0.1961 16.7354 2.0000 
1630 1631 14 -2.6212 -1.3891 -12.2300 -2.6795 -1.3613 -12.4193 0.0725 0.2000 0.4314 0.3922 0.1961 16.8623 2.0000 
1631 1632 14 -2.6795 -1.3613 -12.4193 -2.7308 -1.3359 -12.6109 0.0725 0.2000 0.4314 0.3922 0.1961 16.9903 2.0000 
1632 1633 14 -2.7308 -1.3359 -12.6109 -2.7829 -1.3121 -12.8025 0.0725 0.2000 0.4314 0.3922 0.1961 17.1194 2.0000 
1633 1634 14 -2.7829 -1.3121 -12.8025 -2.8336 -1.3181 -12.9959 0.0725 0.2000 0.4314 0.3922 0.1961 17.2497 2.0000 
1634 1635 14 -2.8336 -1.3181 -12.9959 -2.8806 -1.3008 -13.1896 0.0725 0.2000 0.4314 0.3922 0.1961 17.3811 2.0000 
1635 1636 14 -2.8806 -1.3008 -13.1896 -2.9560 -1.2467 -13.3667 0.0725 0.2000 0.4314 0.3922 0.1961 17.5136 2.0000 
1636 1637 14 -2.9560 -1.2467 -13.3667 -3.0178 -1.1916 -13.5488 0.0725 0.2000 0.4314 0.3922 0.1961 17.6473 2.0000 
1637 1638 14 -3.0178 -1.1916 -13.5488 -3.0648 -1.1584 -13.7403 0.0725 0.2000 0.4314 0.3922 0.1961 17.7822 2.0000 
1638 1639 14 -3.0648 -1.1584 -13.7403 -3.1381 -1.0828 -13.9104 0.0725 0.2000 0.4314 0.3922 0.1961 17.9184 2.0000 
1639 1640 14 -3.1381 -1.0828 -13.9104 -3.2255 -1.0069 -14.0734 0.0725 0.2000 0.4314 0.3922 0.1961 18.0557 2.0000 
1640 1641 14 -3.2255 -1.0069 -14.0734 -3.3134 -0.9305 -14.2360 0.0725 0.2000 0.4314 0.3922 0.1961 18.1944 2.0000 
1641 1642 14 -3.3134 -0.9305 -14.2360 -3.4104 -0.8712 -14.4006 0.0725 0.2000 0.4314 0.3922 0.1961 18.3343 2.0000 
1642 1643 14 -3.4104 -0.8712 -14.4006 -3.5080 -0.8120 -14.5648 0.0725 0.2000 0.4314 0.3922 0.1961 18.4756 2.0000 
1643 1644 14 -3.5080 -0.8120 -14.5648 -3.6158 -0.7416 -14.7178 0.0725 0.2000 0.4314 0.3922 0.1961 18.6182 2.0000 
1644 1645 14 -3.6158 -0.7416 -14.7178 -3.7535 -0.7110 -14.8596 0.0725 0.2000 0.4314 0.3922 0.1961 18.7622 2.0000 
1645 1646 14 -3.7535 -0.7110 -14.8596 -3.8865 -0.6760 -15.0048 0.0725 0.2000 0.4314 0.3922 0.1961 18.9075 2.0000 
1646 1647 14 -3.8865 -0.6760 -15.0048 -4.0267 -0.6286 -15.1393 0.0725 0.2000 0.4314 0.3922 0.1961 19.0543 2.0000 
1647 1648 14 -4.0267 -0.6286 -15.1393 -4.1743 -0.6128 -15.2733 0.0725 0.2000 0.4314 0.3922 0.1961 19.2026 2.0000 
1648 1649 14 -4.1743 -0.6128 -15.2733 -4.3147 -0.5991 -15.4151 0.0725 0.2000 0.4314 0.3922 0.1961 19.3523 2.0000 
1649 1650 14 -4.3147 -0.5991 -15.4151 -4.4675 -0.6076 -15.5440 0.0725 0.2000 0.4314 0.3922 0.1961 19.5035 2.0000 
1650 1651 14 -4.4675 -0.6076 -15.5440 -4.6216 -0.6130 -15.6713 0.0725 0.2000 0.4314 0.3922 0.1961 19.6563 2.0000 
1651 1652 14 -4.6216 -0.6130 -15.6713 -4.7754 -0.5885 -15.7968 0.0725 0.2000 0.4314 0.3922 0.1961 19.8106 2.0000 
1652 1653 14 -4.7754 -0.5885 -15.7968 -4.9235 -0.5619 -15.9285 0.0725 0.2000 0.4314 0.3922 0.1961 19.9665 2.0000 
1653 1654 14 -4.9235 -0.5619 -15.9285 -5.0649 -0.5230 -16.0645 0.0725 0.2000 0.4314 0.3922 0.1961 20.1241 2.0000 
1654 1655 14 -5.0649 -0.5230 -16.0645 -5.1891 -0.5011 -16.2197 0.0725 0.2000 0.4314 0.3922 0.1961 20.2833 2.0000 
1655 1656 14 -5.1891 -0.5011 -16.2197 -5.2931 -0.4979 -16.3905 0.0725 0.2000 0.4314 0.3922 0.1961 20.4443 2.0000 
1656 1657 14 -5.2931 -0.4979 -16.3905 -5.3749 -0.5168 -16.5721 0.0725 0.2000 0.4314 0.3922 0.1961 20.6070 2.0000 
1657 1658 14 -5.3749 -0.5168 -16.5721 -5.4550 -0.5298 -16.7549 0.0725 0.2000 0.4314 0.3922 0.1961 20.7715 2.0000 
1658 1659 14 -5.4550 -0.5298 -16.7549 -5.5248 -0.5407 -16.9420 0.0725 0.2000 0.4314 0.3922 0.1961 20.9377 2.0000 
1659 1660 14 -5.5248 -0.5407 -16.9420 -5.5655 -0.5726 -17.1352 0.0725 0.2000 0.4314 0.3922 0.1961 21.1059 2.0000 
1660 1661 14 -5.5655 -0.5726 -17.1352 -5.6180 -0.6184 -17.3226 0.0725 0.2000 0.4314 0.3922 0.1961 21.2760 2.0000 
1661 1662 14 -5.6180 -0.6184 -17.3226 -5.6677 -0.6629 -17.5112 0.0725 0.2000 0.4314 0.3922 0.1961 21.4480 2.0000 
1662 1663 14 -5.6677 -0.6629 -17.5112 -5.7223 -0.6903 -17.7016 0.0725 0.2000 0.4314 0.3922 0.1961 21.6220 2.0000 
1663 1664 14 -5.7223 -0.6903 -17.7016 -5.7816 -0.7210 -17.8902 0.0725 0.2000 0.4314 0.3922 0.1961 21.7980 2.0000 
1664 1665 14 -5.7816 -0.7210 -17.8902 -5.8423 -0.7630 -18.0760 0.0725 0.2000 0.4314 0.3922 0.1961 21.9762 2.0000 
1665 1666 14 -5.8423 -0.7630 -18.0760 -5.8977 -0.7835 -18.2671 0.0725 0.2000 0.4314 0.3922 0.1961 22.1564 2.0000 
1666 1667 14 -5.8977 -0.7835 -18.2671 -5.9514 -0.8008 -18.4590 0.0725 0.2000 0.4314 0.3922 0.1961 22.3389 2.0000 
1667 1668 14 -5.9514 -0.8008 -18.4590 -6.0120 -0.8224 -18.6484 0.0725 0.2000 0.4314 0.3922 0.1961 22.5236 2.0000 
1668 1669 14 -6.0120 -0.8224 -18.6484 -6.0724 -0.8508 -18.8369 0.0725 0.2000 0.4314 0.3922 0.1961 22.7106 2.0000 
1669 1670 14 -6.0724 -0.8508 -18.8369 -6.1040 -0.8818 -19.0319 0.0725 0.2000 0.4314 0.3922 0.1961 22.9000 2.0000 
1670 1671 14 -6.1040 -0.8818 -19.0319 -6.1352 -0.9112 -19.2273 0.0725 0.2000 0.4314 0.3922 0.1961 23.0918 2.0000 
1671 1672 14 -6.1352 -0.9112 -19.2273 -6.1567 -0.8985 -19.4257 0.0725 0.2000 0.4314 0.3922 0.1961 23.2860 2.0000 
1672 1673 14 -6.1567 -0.8985 -19.4257 -6.1520 -0.9097 -19.6253 0.0725 0.2000 0.4314 0.3922 0.1961 23.4829 2.0000 
1673 1674 14 -6.1520 -0.9097 -19.6253 -6.1414 -0.9233 -19.8246 0.0725 0.2000 0.4314 0.3922 0.1961 23.6823 2.0000 
1674 1675 14 -6.1414 -0.9233 -19.8246 -6.0902 -0.9440 -20.0168 0.0725 0.2000 0.4314 0.3922 0.1961 23.8844 2.0000 
1675 1676 14 -6.0902 -0.9440 -20.0168 -6.0836 -0.8942 -20.2104 0.0725 0.2000 0.4314 0.3922 0.1961 24.0893 2.0000 
1676 1677 14 -6.0836 -0.8942 -20.2104 -6.0867 -0.8618 -20.4077 0.0725 0.2000 0.4314 0.3922 0.1961 24.2970 2.0000 
1677 1678 14 -6.0867 -0.8618 -20.4077 -6.1227 -0.8597 -20.6044 0.0725 0.2000 0.4314 0.3922 0.1961 24.5076 2.0000 
1678 1679 14 -6.1227 -0.8597 -20.6044 -6.1214 -0.8580 -20.8044 0.0725 0.2000 0.4314 0.3922 0.1961 24.7212 2.0000 
1679 1680 14 -6.1214 -0.8580 -20.8044 -6.1149 -0.8592 -21.0043 0.0725 0.2000 0.4314 0.3922 0.1961 24.9379 2.0000 
1680 1681 14 -6.1149 -0.8592 -21.0043 -6.1273 -0.8578 -21.2039 0.0725 0.2000 0.4314 0.3922 0.1961 25.1578 2.0000 
1681 1682 14 -6.1273 -0.8578 -21.2039 -6.1363 -0.8719 -21.4032 0.0725 0.2000 0.4314 0.3922 0.1961 25.3809 2.0000 
1682 1683 14 -6.1363 -0.8719 -21.4032 -6.1379 -0.8811 -21.6030 0.0725 0.2000 0.4314 0.3922 0.1961 25.6074 2.0000 
1683 1684 14 -6.1379 -0.8811 -21.6030 -6.1303 -0.8751 -21.8028 0.0725 0.2000 0.4314 0.3922 0.1961 25.8374 2.0000 
1684 1685 14 -6.1303 -0.8751 -21.8028 -6.1240 -0.8647 -22.0024 0.0725 0.2000 0.4314 0.3922 0.1961 26.0710 2.0000 
1685 1686 14 -6.1240 -0.8647 -22.0024 -6.1146 -0.8791 -22.2017 0.0725 0.2000 0.4314 0.3922 0.1961 26.3082 2.0000 
1686 1687 14 -6.1146 -0.8791 -22.2017 -6.1084 -0.8967 -22.4008 0.0725 0.2000 0.4314 0.3922 0.1961 26.5493 2.0000 
1687 1688 14 -6.1084 -0.8967 -22.4008 -6.1081 -0.9040 -22.6007 0.0725 0.2000 0.4314 0.3922 0.1961 26.7943 2.0000 
1688 1689 14 -6.1081 -0.9040 -22.6007 -6.1360 -0.9093 -22.7987 0.0725 0.2000 0.4314 0.3922 0.1961 27.0433 2.0000 
1689 1690 14 -6.1360 -0.9093 -22.7987 -6.1484 -0.8984 -22.9980 0.0725 0.2000 0.4314 0.3922 0.1961 27.2966 2.0000 
1690 1691 14 -6.1484 -0.8984 -22.9980 -6.1677 -0.8824 -23.1964 0.0725 0.2000 0.4314 0.3922 0.1961 27.5542 2.0000 
1691 1692 14 -6.1677 -0.8824 -23.1964 -6.1938 -0.8599 -23.3934 0.0725 0.2000 0.4314 0.3922 0.1961 27.8163 2.0000 
1692 1693 14 -6.1938 -0.8599 -23.3934 -6.2200 -0.8381 -23.5905 0.0725 0.2000 0.4314 0.3922 0.1961 28.0830 2.0000 
1693 1694 14 -6.2200 -0.8381 -23.5905 -6.2139 -0.8530 -23.7898 0.0725 0.2000 0.4314 0.3922 0.1961 28.3546 2.0000 
1694 1695 14 -6.2139 -0.8530 -23.7898 -6.2050 -0.9063 -23.9824 0.0725 0.2000 0.4314 0.3922 0.1961 28.6312 2.0000 
1695 1696 14 -6.2050 -0.9063 -23.9824 -6.1957 -0.9595 -24.1750 0.0725 0.2000 0.4314 0.3922 0.1961 28.9129 2.0000 
1696 1697 14 -6.1957 -0.9595 -24.1750 -6.1767 -1.0344 -24.3595 0.0725 0.2000 0.4314 0.3922 0.1961 29.2001 2.0000 
1697 1698 14 -6.1767 -1.0344 -24.3595 -6.1576 -1.0700 -24.5553 0.0725 0.2000 0.4314 0.3922 0.1961 29.4928 2.0000 
1698 1699 14 -6.1576 -1.0700 -24.5553 -6.1609 -1.1109 -24.7511 0.0725 0.2000 0.4314 0.3922 0.1961 29.7914 2.0000 
1699 1700 14 -6.1609 -1.1109 -24.7511 -6.1680 -1.1231 -24.8877 0.0725 0.1374 0.4314 0.3922 0.1961 30.0000 2.0000 
32 1701 15 0.2577 -0.1420 -8.4751 0.3036 -0.3233 -8.5459 0.0637 0.2000 0.4314 0.3922 0.1961 14.1743 2.0000 
1701 1702 15 0.3036 -0.3233 -8.5459 0.3462 -0.5048 -8.6184 0.0637 0.2000 0.4314 0.3922 0.1961 14.2703 2.0000 
1702 1703 15 0.3462 -0.5048 -8.6184 0.3887 -0.6864 -8.6905 0.0637 0.2000 0.4314 0.3922 0.1961 14.3670 2.0000 
1703 1704 15 0.3887 -0.6864 -8.6905 0.4440 -0.8428 -8.8022 0.0637 0.2000 0.4314 0.3922 0.1961 14.4644 2.0000 
1704 1705 15 0.4440 -0.8428 -8.8022 0.5217 -0.9883 -8.9153 0.0637 0.2000 0.4314 0.3922 0.1961 14.5624 2.0000 
1705 1706 15 0.5217 -0.9883 -8.9153 0.5948 -1.1354 -9.0295 0.0637 0.2000 0.4314 0.3922 0.1961 14.6611 2.0000 
1706 1707 15 0.5948 -1.1354 -9.0295 0.6713 -1.2677 -9.1585 0.0637 0.2000 0.4314 0.3922 0.1961 14.7604 2.0000 
1707 1708 15 0.6713 -1.2677 -9.1585 0.7405 -1.4015 -9.2900 0.0637 0.2000 0.4314 0.3922 0.1961 14.8605 2.0000 
1708 1709 15 0.7405 -1.4015 -9.2900 0.7799 -1.5302 -9.4380 0.0637 0.2000 0.4314 0.3922 0.1961 14.9612 2.0000 
1709 1710 15 0.7799 -1.5302 -9.4380 0.8135 -1.6258 -9.6104 0.0637 0.2000 0.4314 0.3922 0.1961 15.0627 2.0000 
1710 1711 15 0.8135 -1.6258 -9.6104 0.8392 -1.7225 -9.7835 0.0637 0.2000 0.4314 0.3922 0.1961 15.1649 2.0000 
1711 1712 15 0.8392 -1.7225 -9.7835 0.8653 -1.8165 -9.9581 0.0637 0.2000 0.4314 0.3922 0.1961 15.2678 2.0000 
1712 1713 15 0.8653 -1.8165 -9.9581 0.8686 -1.8686 -10.1512 0.0637 0.2000 0.4314 0.3922 0.1961 15.3714 2.0000 
1713 1714 15 0.8686 -1.8686 -10.1512 0.8574 -1.9168 -10.3450 0.0637 0.2000 0.4314 0.3922 0.1961 15.4758 2.0000 
1714 1715 15 0.8574 -1.9168 -10.3450 0.8552 -1.9612 -10.5400 0.0637 0.2000 0.4314 0.3922 0.1961 15.5809 2.0000 
1715 1716 15 0.8552 -1.9612 -10.5400 0.8460 -2.0145 -10.7326 0.0637 0.2000 0.4314 0.3922 0.1961 15.6869 2.0000 
1716 1717 15 0.8460 -2.0145 -10.7326 0.8125 -2.0892 -10.9150 0.0637 0.2000 0.4314 0.3922 0.1961 15.7936 2.0000 
1717 1718 15 0.8125 -2.0892 -10.9150 0.7675 -2.1525 -11.0993 0.0637 0.2000 0.4314 0.3922 0.1961 15.9011 2.0000 
1718 1719 15 0.7675 -2.1525 -11.0993 0.7336 -2.2183 -11.2851 0.0637 0.2000 0.4314 0.3922 0.1961 16.0094 2.0000 
1719 1720 15 0.7336 -2.2183 -11.2851 0.6987 -2.2755 -11.4736 0.0637 0.2000 0.4314 0.3922 0.1961 16.1185 2.0000 
1720 1721 15 0.6987 -2.2755 -11.4736 0.6648 -2.2839 -11.6705 0.0637 0.2000 0.4314 0.3922 0.1961 16.2284 2.0000 
1721 1722 15 0.6648 -2.2839 -11.6705 0.6723 -2.2949 -11.8701 0.0637 0.2000 0.4314 0.3922 0.1961 16.3392 2.0000 
1722 1723 15 0.6723 -2.2949 -11.8701 0.6876 -2.2810 -12.0690 0.0637 0.2000 0.4314 0.3922 0.1961 16.4509 2.0000 
1723 1724 15 0.6876 -2.2810 -12.0690 0.6983 -2.2583 -12.2674 0.0637 0.2000 0.4314 0.3922 0.1961 16.5634 2.0000 
1724 1725 15 0.6983 -2.2583 -12.2674 0.7265 -2.2636 -12.4653 0.0637 0.2000 0.4314 0.3922 0.1961 16.6768 2.0000 
1725 1726 15 0.7265 -2.2636 -12.4653 0.7987 -2.2566 -12.6517 0.0637 0.2000 0.4314 0.3922 0.1961 16.7911 2.0000 
1726 1727 15 0.7987 -2.2566 -12.6517 0.8431 -2.2589 -12.8467 0.0637 0.2000 0.4314 0.3922 0.1961 16.9063 2.0000 
1727 1728 15 0.8431 -2.2589 -12.8467 0.9467 -2.2578 -13.0178 0.0637 0.2000 0.4314 0.3922 0.1961 17.0225 2.0000 
1728 1729 15 0.9467 -2.2578 -13.0178 1.0491 -2.2596 -13.1896 0.0637 0.2000 0.4314 0.3922 0.1961 17.1396 2.0000 
1729 1730 15 1.0491 -2.2596 -13.1896 1.1798 -2.2742 -13.3402 0.0637 0.2000 0.4314 0.3922 0.1961 17.2576 2.0000 
1730 1731 15 1.1798 -2.2742 -13.3402 1.3103 -2.2446 -13.4889 0.0637 0.2000 0.4314 0.3922 0.1961 17.3766 2.0000 
1731 1732 15 1.3103 -2.2446 -13.4889 1.4133 -2.1800 -13.6477 0.0637 0.2000 0.4314 0.3922 0.1961 17.4966 2.0000 
1732 1733 15 1.4133 -2.1800 -13.6477 1.5202 -2.1196 -13.8056 0.0637 0.2000 0.4314 0.3922 0.1961 17.6176 2.0000 
1733 1734 15 1.5202 -2.1196 -13.8056 1.5735 -2.0841 -13.9950 0.0637 0.2000 0.4314 0.3922 0.1961 17.7396 2.0000 
1734 1735 15 1.5735 -2.0841 -13.9950 1.6154 -2.0580 -14.1889 0.0637 0.2000 0.4314 0.3922 0.1961 17.8627 2.0000 
1735 1736 15 1.6154 -2.0580 -14.1889 1.6452 -2.0428 -14.3860 0.0637 0.2000 0.4314 0.3922 0.1961 17.9868 2.0000 
1736 1737 15 1.6452 -2.0428 -14.3860 1.6612 -2.0328 -14.5851 0.0637 0.2000 0.4314 0.3922 0.1961 18.1120 2.0000 
1737 1738 15 1.6612 -2.0328 -14.5851 1.6768 -2.0291 -14.7845 0.0637 0.2000 0.4314 0.3922 0.1961 18.2383 2.0000 
1738 1739 15 1.6768 -2.0291 -14.7845 1.6554 -2.0471 -14.9825 0.0637 0.2000 0.4314 0.3922 0.1961 18.3657 2.0000 
1739 1740 15 1.6554 -2.0471 -14.9825 1.6438 -2.0730 -15.1805 0.0637 0.2000 0.4314 0.3922 0.1961 18.4943 2.0000 
1740 1741 15 1.6438 -2.0730 -15.1805 1.6315 -2.0678 -15.3801 0.0637 0.2000 0.4314 0.3922 0.1961 18.6240 2.0000 
1741 1742 15 1.6315 -2.0678 -15.3801 1.6325 -2.0555 -15.5797 0.0637 0.2000 0.4314 0.3922 0.1961 18.7549 2.0000 
1742 1743 15 1.6325 -2.0555 -15.5797 1.6395 -2.0429 -15.7792 0.0637 0.2000 0.4314 0.3922 0.1961 18.8869 2.0000 
1743 1744 15 1.6395 -2.0429 -15.7792 1.6414 -2.0550 -15.9788 0.0637 0.2000 0.4314 0.3922 0.1961 19.0202 2.0000 
1744 1745 15 1.6414 -2.0550 -15.9788 1.6390 -2.0721 -16.1780 0.0637 0.2000 0.4314 0.3922 0.1961 19.1548 2.0000 
1745 1746 15 1.6390 -2.0721 -16.1780 1.6392 -2.0732 -16.3780 0.0637 0.2000 0.4314 0.3922 0.1961 19.2906 2.0000 
1746 1747 15 1.6392 -2.0732 -16.3780 1.6226 -2.0536 -16.5764 0.0637 0.2000 0.4314 0.3922 0.1961 19.4276 2.0000 
1747 1748 15 1.6226 -2.0536 -16.5764 1.5945 -2.0327 -16.7733 0.0637 0.2000 0.4314 0.3922 0.1961 19.5660 2.0000 
1748 1749 15 1.5945 -2.0327 -16.7733 1.6066 -1.9859 -16.9674 0.0637 0.2000 0.4314 0.3922 0.1961 19.7058 2.0000 
1749 1750 15 1.6066 -1.9859 -16.9674 1.6290 -1.9719 -17.1656 0.0637 0.2000 0.4314 0.3922 0.1961 19.8469 2.0000 
1750 1751 15 1.6290 -1.9719 -17.1656 1.6419 -1.9624 -17.3650 0.0637 0.2000 0.4314 0.3922 0.1961 19.9894 2.0000 
1751 1752 15 1.6419 -1.9624 -17.3650 1.6449 -1.9409 -17.5638 0.0637 0.2000 0.4314 0.3922 0.1961 20.1333 2.0000 
1752 1753 15 1.6449 -1.9409 -17.5638 1.6526 -1.9182 -17.7624 0.0637 0.2000 0.4314 0.3922 0.1961 20.2787 2.0000 
1753 1754 15 1.6526 -1.9182 -17.7624 1.6610 -1.8916 -17.9604 0.0637 0.2000 0.4314 0.3922 0.1961 20.4255 2.0000 
1754 1755 15 1.6610 -1.8916 -17.9604 1.6660 -1.9019 -18.1601 0.0637 0.2000 0.4314 0.3922 0.1961 20.5738 2.0000 
1755 1756 15 1.6660 -1.9019 -18.1601 1.6952 -1.9291 -18.3560 0.0637 0.2000 0.4314 0.3922 0.1961 20.7237 2.0000 
1756 1757 15 1.6952 -1.9291 -18.3560 1.6994 -1.9450 -18.5554 0.0637 0.2000 0.4314 0.3922 0.1961 20.8752 2.0000 
1757 1758 15 1.6994 -1.9450 -18.5554 1.6953 -1.9362 -18.7551 0.0637 0.2000 0.4314 0.3922 0.1961 21.0283 2.0000 
1758 1759 15 1.6953 -1.9362 -18.7551 1.6788 -1.9424 -18.9544 0.0637 0.2000 0.4314 0.3922 0.1961 21.1830 2.0000 
1759 1760 15 1.6788 -1.9424 -18.9544 1.6770 -1.9140 -19.1523 0.0637 0.2000 0.4314 0.3922 0.1961 21.3394 2.0000 
1760 1761 15 1.6770 -1.9140 -19.1523 1.6489 -1.9363 -19.3491 0.0637 0.2000 0.4314 0.3922 0.1961 21.4975 2.0000 
1761 1762 15 1.6489 -1.9363 -19.3491 1.5977 -2.0054 -19.5297 0.0637 0.2000 0.4314 0.3922 0.1961 21.6573 2.0000 
1762 1763 15 1.5977 -2.0054 -19.5297 1.5683 -2.0639 -19.7187 0.0637 0.2000 0.4314 0.3922 0.1961 21.8189 2.0000 
1763 1764 15 1.5683 -2.0639 -19.7187 1.5762 -2.1038 -19.9145 0.0637 0.2000 0.4314 0.3922 0.1961 21.9824 2.0000 
1764 1765 15 1.5762 -2.1038 -19.9145 1.6133 -2.1045 -20.1110 0.0637 0.2000 0.4314 0.3922 0.1961 22.1477 2.0000 
1765 1766 15 1.6133 -2.1045 -20.1110 1.6428 -2.0837 -20.3077 0.0637 0.2000 0.4314 0.3922 0.1961 22.3150 2.0000 
1766 1767 15 1.6428 -2.0837 -20.3077 1.6183 -2.0077 -20.4911 0.0637 0.2000 0.4314 0.3922 0.1961 22.4842 2.0000 
1767 1768 15 1.6183 -2.0077 -20.4911 1.5885 -1.9224 -20.6695 0.0637 0.2000 0.4314 0.3922 0.1961 22.6554 2.0000 
1768 1769 15 1.5885 -1.9224 -20.6695 1.5538 -1.8445 -20.8504 0.0637 0.2000 0.4314 0.3922 0.1961 22.8287 2.0000 
1769 1770 15 1.5538 -1.8445 -20.8504 1.5217 -1.7645 -21.0309 0.0637 0.2000 0.4314 0.3922 0.1961 23.0040 2.0000 
1770 1771 15 1.5217 -1.7645 -21.0309 1.5185 -1.7038 -21.2214 0.0637 0.2000 0.4314 0.3922 0.1961 23.1816 2.0000 
1771 1772 15 1.5185 -1.7038 -21.2214 1.5548 -1.6579 -21.4127 0.0637 0.2000 0.4314 0.3922 0.1961 23.3613 2.0000 
1772 1773 15 1.5548 -1.6579 -21.4127 1.5878 -1.6091 -21.6038 0.0637 0.2000 0.4314 0.3922 0.1961 23.5433 2.0000 
1773 1774 15 1.5878 -1.6091 -21.6038 1.6162 -1.5705 -21.7980 0.0637 0.2000 0.4314 0.3922 0.1961 23.7276 2.0000 
1774 1775 15 1.6162 -1.5705 -21.7980 1.6410 -1.4792 -21.9742 0.0637 0.2000 0.4314 0.3922 0.1961 23.9143 2.0000 
1775 1776 15 1.6410 -1.4792 -21.9742 1.6457 -1.4319 -22.1685 0.0637 0.2000 0.4314 0.3922 0.1961 24.1035 2.0000 
1776 1777 15 1.6457 -1.4319 -22.1685 1.6421 -1.3920 -22.3644 0.0637 0.2000 0.4314 0.3922 0.1961 24.2951 2.0000 
1777 1778 15 1.6421 -1.3920 -22.3644 1.6970 -1.3740 -22.5559 0.0637 0.2000 0.4314 0.3922 0.1961 24.4894 2.0000 
1778 1779 15 1.6970 -1.3740 -22.5559 1.7460 -1.3587 -22.7492 0.0637 0.2000 0.4314 0.3922 0.1961 24.6863 2.0000 
1779 1780 15 1.7460 -1.3587 -22.7492 1.7718 -1.3297 -22.9454 0.0637 0.2000 0.4314 0.3922 0.1961 24.8859 2.0000 
1780 1781 15 1.7718 -1.3297 -22.9454 1.8151 -1.2890 -23.1363 0.0637 0.2000 0.4314 0.3922 0.1961 25.0883 2.0000 
1781 1782 15 1.8151 -1.2890 -23.1363 1.8574 -1.2470 -23.3272 0.0637 0.2000 0.4314 0.3922 0.1961 25.2936 2.0000 
1782 1783 15 1.8574 -1.2470 -23.3272 1.8980 -1.2030 -23.5181 0.0637 0.2000 0.4314 0.3922 0.1961 25.5018 2.0000 
1783 1784 15 1.8980 -1.2030 -23.5181 1.9395 -1.1855 -23.7129 0.0637 0.2000 0.4314 0.3922 0.1961 25.7131 2.0000 
1784 1785 15 1.9395 -1.1855 -23.7129 2.0232 -1.1533 -23.8917 0.0637 0.2000 0.4314 0.3922 0.1961 25.9275 2.0000 
1785 1786 15 2.0232 -1.1533 -23.8917 2.1075 -1.1221 -24.0703 0.0637 0.2000 0.4314 0.3922 0.1961 26.1452 2.0000 
1786 1787 15 2.1075 -1.1221 -24.0703 2.1938 -1.0959 -24.2489 0.0637 0.2000 0.4314 0.3922 0.1961 26.3662 2.0000 
1787 1788 15 2.1938 -1.0959 -24.2489 2.2596 -1.0431 -24.4302 0.0637 0.2000 0.4314 0.3922 0.1961 26.5906 2.0000 
1788 1789 15 2.2596 -1.0431 -24.4302 2.3186 -0.9664 -24.6052 0.0637 0.2000 0.4314 0.3922 0.1961 26.8185 2.0000 
1789 1790 15 2.3186 -0.9664 -24.6052 2.3271 -0.8832 -24.7869 0.0637 0.2000 0.4314 0.3922 0.1961 27.0502 2.0000 
1790 1791 15 2.3271 -0.8832 -24.7869 2.3557 -0.8178 -24.9737 0.0637 0.2000 0.4314 0.3922 0.1961 27.2856 2.0000 
1791 1792 15 2.3557 -0.8178 -24.9737 2.3676 -0.7269 -25.1515 0.0637 0.2000 0.4314 0.3922 0.1961 27.5249 2.0000 
1792 1793 15 2.3676 -0.7269 -25.1515 2.3768 -0.6729 -25.3439 0.0637 0.2000 0.4314 0.3922 0.1961 27.7682 2.0000 
1793 1794 15 2.3768 -0.6729 -25.3439 2.3897 -0.6483 -25.5419 0.0637 0.2000 0.4314 0.3922 0.1961 28.0157 2.0000 
1794 1795 15 2.3897 -0.6483 -25.5419 2.4183 -0.6308 -25.7391 0.0637 0.2000 0.4314 0.3922 0.1961 28.2675 2.0000 
1795 1796 15 2.4183 -0.6308 -25.7391 2.4555 -0.6089 -25.9344 0.0637 0.2000 0.4314 0.3922 0.1961 28.5238 2.0000 
1796 1797 15 2.4555 -0.6089 -25.9344 2.4966 -0.5945 -26.1296 0.0637 0.2000 0.4314 0.3922 0.1961 28.7847 2.0000 
1797 1798 15 2.4966 -0.5945 -26.1296 2.5449 -0.5734 -26.3225 0.0637 0.2000 0.4314 0.3922 0.1961 29.0504 2.0000 
1798 1799 15 2.5449 -0.5734 -26.3225 2.5966 -0.5613 -26.5153 0.0637 0.2000 0.4314 0.3922 0.1961 29.3211 2.0000 
1799 1800 15 2.5966 -0.5613 -26.5153 2.6596 -0.5532 -26.7050 0.0637 0.2000 0.4314 0.3922 0.1961 29.5970 2.0000 
1800 1801 15 2.6596 -0.5532 -26.7050 2.7017 -0.5804 -26.8986 0.0637 0.2000 0.4314 0.3922 0.1961 29.8782 2.0000 
1801 1802 15 2.7017 -0.5804 -26.8986 2.7254 -0.5909 -26.9800 0.0637 0.0854 0.4314 0.3922 0.1961 30.0000 2.0000 
35 1803 16 0.2248 -0.1628 -8.8744 0.0769 -0.2689 -8.9571 0.0626 0.2000 0.4314 0.3922 0.1961 14.6148 2.0000 
1803 1804 16 0.0769 -0.2689 -8.9571 -0.0605 -0.3729 -9.0586 0.0626 0.2000 0.4314 0.3922 0.1961 14.7135 2.0000 
1804 1805 16 -0.0605 -0.3729 -9.0586 -0.1970 -0.4696 -9.1683 0.0626 0.2000 0.4314 0.3922 0.1961 14.8129 2.0000 
1805 1806 16 -0.1970 -0.4696 -9.1683 -0.3331 -0.5653 -9.2794 0.0626 0.2000 0.4314 0.3922 0.1961 14.9130 2.0000 
1806 1807 16 -0.3331 -0.5653 -9.2794 -0.4199 -0.6750 -9.4223 0.0626 0.2000 0.4314 0.3922 0.1961 15.0138 2.0000 
1807 1808 16 -0.4199 -0.6750 -9.4223 -0.5038 -0.7932 -9.5601 0.0626 0.2000 0.4314 0.3922 0.1961 15.1152 2.0000 
1808 1809 16 -0.5038 -0.7932 -9.5601 -0.5842 -0.9116 -9.6998 0.0626 0.2000 0.4314 0.3922 0.1961 15.2174 2.0000 
1809 1810 16 -0.5842 -0.9116 -9.6998 -0.6438 -1.0589 -9.8213 0.0626 0.2000 0.4314 0.3922 0.1961 15.3204 2.0000 
1810 1811 16 -0.6438 -1.0589 -9.8213 -0.7150 -1.2322 -9.8913 0.0626 0.2000 0.4314 0.3922 0.1961 15.4240 2.0000 
1811 1812 16 -0.7150 -1.2322 -9.8913 -0.7865 -1.4083 -9.9532 0.0626 0.2000 0.4314 0.3922 0.1961 15.5284 2.0000 
1812 1813 16 -0.7865 -1.4083 -9.9532 -0.8598 -1.5859 -10.0089 0.0626 0.2000 0.4314 0.3922 0.1961 15.6336 2.0000 
1813 1814 16 -0.8598 -1.5859 -10.0089 -0.9294 -1.7656 -10.0626 0.0626 0.2000 0.4314 0.3922 0.1961 15.7396 2.0000 
1814 1815 16 -0.9294 -1.7656 -10.0626 -1.0049 -1.9405 -10.1233 0.0626 0.2000 0.4314 0.3922 0.1961 15.8463 2.0000 
1815 1816 16 -1.0049 -1.9405 -10.1233 -1.0810 -2.1151 -10.1843 0.0626 0.2000 0.4314 0.3922 0.1961 15.9538 2.0000 
1816 1817 16 -1.0810 -2.1151 -10.1843 -1.1572 -2.2923 -10.2373 0.0626 0.2000 0.4314 0.3922 0.1961 16.0621 2.0000 
1817 1818 16 -1.1572 -2.2923 -10.2373 -1.2143 -2.4639 -10.3227 0.0626 0.2000 0.4314 0.3922 0.1961 16.1713 2.0000 
1818 1819 16 -1.2143 -2.4639 -10.3227 -1.2691 -2.6137 -10.4433 0.0626 0.2000 0.4314 0.3922 0.1961 16.2813 2.0000 
1819 1820 16 -1.2691 -2.6137 -10.4433 -1.3082 -2.7764 -10.5529 0.0626 0.2000 0.4314 0.3922 0.1961 16.3921 2.0000 
1820 1821 16 -1.3082 -2.7764 -10.5529 -1.3595 -2.9339 -10.6650 0.0626 0.2000 0.4314 0.3922 0.1961 16.5037 2.0000 
1821 1822 16 -1.3595 -2.9339 -10.6650 -1.4126 -3.0879 -10.7810 0.0626 0.2000 0.4314 0.3922 0.1961 16.6163 2.0000 
1822 1823 16 -1.4126 -3.0879 -10.7810 -1.4523 -3.2433 -10.9005 0.0626 0.2000 0.4314 0.3922 0.1961 16.7297 2.0000 
1823 1824 16 -1.4523 -3.2433 -10.9005 -1.4877 -3.4034 -11.0150 0.0626 0.2000 0.4314 0.3922 0.1961 16.8440 2.0000 
1824 1825 16 -1.4877 -3.4034 -11.0150 -1.5230 -3.5595 -11.1350 0.0626 0.2000 0.4314 0.3922 0.1961 16.9592 2.0000 
1825 1826 16 -1.5230 -3.5595 -11.1350 -1.5574 -3.7141 -11.2570 0.0626 0.2000 0.4314 0.3922 0.1961 17.0754 2.0000 
1826 1827 16 -1.5574 -3.7141 -11.2570 -1.6011 -3.8413 -11.4051 0.0626 0.2000 0.4314 0.3922 0.1961 17.1925 2.0000 
1827 1828 16 -1.6011 -3.8413 -11.4051 -1.6698 -3.9623 -11.5488 0.0626 0.2000 0.4314 0.3922 0.1961 17.3106 2.0000 
1828 1829 16 -1.6698 -3.9623 -11.5488 -1.6898 -4.0795 -11.7096 0.0626 0.2000 0.4314 0.3922 0.1961 17.4296 2.0000 
1829 1830 16 -1.6898 -4.0795 -11.7096 -1.7081 -4.1785 -11.8824 0.0626 0.2000 0.4314 0.3922 0.1961 17.5496 2.0000 
1830 1831 16 -1.7081 -4.1785 -11.8824 -1.7244 -4.2056 -12.0799 0.0626 0.2000 0.4314 0.3922 0.1961 17.6706 2.0000 
1831 1832 16 -1.7244 -4.2056 -12.0799 -1.7474 -4.2367 -12.2761 0.0626 0.2000 0.4314 0.3922 0.1961 17.7926 2.0000 
1832 1833 16 -1.7474 -4.2367 -12.2761 -1.7430 -4.2271 -12.4758 0.0626 0.2000 0.4314 0.3922 0.1961 17.9157 2.0000 
1833 1834 16 -1.7430 -4.2271 -12.4758 -1.7442 -4.2128 -12.6753 0.0626 0.2000 0.4314 0.3922 0.1961 18.0398 2.0000 
1834 1835 16 -1.7442 -4.2128 -12.6753 -1.7418 -4.1938 -12.8744 0.0626 0.2000 0.4314 0.3922 0.1961 18.1651 2.0000 
1835 1836 16 -1.7418 -4.1938 -12.8744 -1.7421 -4.1843 -13.0742 0.0626 0.2000 0.4314 0.3922 0.1961 18.2914 2.0000 
1836 1837 16 -1.7421 -4.1843 -13.0742 -1.7599 -4.1737 -13.2731 0.0626 0.2000 0.4314 0.3922 0.1961 18.4188 2.0000 
1837 1838 16 -1.7599 -4.1737 -13.2731 -1.7831 -4.1626 -13.4715 0.0626 0.2000 0.4314 0.3922 0.1961 18.5473 2.0000 
1838 1839 16 -1.7831 -4.1626 -13.4715 -1.8317 -4.1386 -13.6640 0.0626 0.2000 0.4314 0.3922 0.1961 18.6770 2.0000 
1839 1840 16 -1.8317 -4.1386 -13.6640 -1.8671 -4.1252 -13.8603 0.0626 0.2000 0.4314 0.3922 0.1961 18.8079 2.0000 
1840 1841 16 -1.8671 -4.1252 -13.8603 -1.9048 -4.1107 -14.0562 0.0626 0.2000 0.4314 0.3922 0.1961 18.9399 2.0000 
1841 1842 16 -1.9048 -4.1107 -14.0562 -1.8857 -4.0618 -14.2492 0.0626 0.2000 0.4314 0.3922 0.1961 19.0732 2.0000 
1842 1843 16 -1.8857 -4.0618 -14.2492 -1.8992 -4.0358 -14.4471 0.0626 0.2000 0.4314 0.3922 0.1961 19.2078 2.0000 
1843 1844 16 -1.8992 -4.0358 -14.4471 -1.9118 -4.0124 -14.6453 0.0626 0.2000 0.4314 0.3922 0.1961 19.3435 2.0000 
1844 1845 16 -1.9118 -4.0124 -14.6453 -1.9194 -3.9909 -14.8440 0.0626 0.2000 0.4314 0.3922 0.1961 19.4806 2.0000 
1845 1846 16 -1.9194 -3.9909 -14.8440 -1.9789 -4.0232 -15.0322 0.0626 0.2000 0.4314 0.3922 0.1961 19.6190 2.0000 
1846 1847 16 -1.9789 -4.0232 -15.0322 -2.0266 -4.1071 -15.2074 0.0626 0.2000 0.4314 0.3922 0.1961 19.7587 2.0000 
1847 1848 16 -2.0266 -4.1071 -15.2074 -2.0797 -4.1895 -15.3817 0.0626 0.2000 0.4314 0.3922 0.1961 19.8998 2.0000 
1848 1849 16 -2.0797 -4.1895 -15.3817 -2.1037 -4.2638 -15.5658 0.0626 0.2000 0.4314 0.3922 0.1961 20.0423 2.0000 
1849 1850 16 -2.1037 -4.2638 -15.5658 -2.1649 -4.3315 -15.7438 0.0626 0.2000 0.4314 0.3922 0.1961 20.1862 2.0000 
1850 1851 16 -2.1649 -4.3315 -15.7438 -2.2294 -4.3895 -15.9240 0.0626 0.2000 0.4314 0.3922 0.1961 20.3315 2.0000 
1851 1852 16 -2.2294 -4.3895 -15.9240 -2.2876 -4.4440 -16.1075 0.0626 0.2000 0.4314 0.3922 0.1961 20.4783 2.0000 
1852 1853 16 -2.2876 -4.4440 -16.1075 -2.3278 -4.4909 -16.2977 0.0626 0.2000 0.4314 0.3922 0.1961 20.6266 2.0000 
1853 1854 16 -2.3278 -4.4909 -16.2977 -2.3668 -4.5378 -16.4881 0.0626 0.2000 0.4314 0.3922 0.1961 20.7765 2.0000 
1854 1855 16 -2.3668 -4.5378 -16.4881 -2.4024 -4.5902 -16.6779 0.0626 0.2000 0.4314 0.3922 0.1961 20.9279 2.0000 
1855 1856 16 -2.4024 -4.5902 -16.6779 -2.4495 -4.6336 -16.8673 0.0626 0.2000 0.4314 0.3922 0.1961 21.0810 2.0000 
1856 1857 16 -2.4495 -4.6336 -16.8673 -2.5217 -4.6163 -17.0531 0.0626 0.2000 0.4314 0.3922 0.1961 21.2356 2.0000 
1857 1858 16 -2.5217 -4.6163 -17.0531 -2.5656 -4.5460 -17.2351 0.0626 0.2000 0.4314 0.3922 0.1961 21.3920 2.0000 
1858 1859 16 -2.5656 -4.5460 -17.2351 -2.5881 -4.4783 -17.4219 0.0626 0.2000 0.4314 0.3922 0.1961 21.5500 2.0000 
1859 1860 16 -2.5881 -4.4783 -17.4219 -2.6167 -4.4147 -17.6093 0.0626 0.2000 0.4314 0.3922 0.1961 21.7098 2.0000 
1860 1861 16 -2.6167 -4.4147 -17.6093 -2.6463 -4.3466 -17.7951 0.0626 0.2000 0.4314 0.3922 0.1961 21.8714 2.0000 
1861 1862 16 -2.6463 -4.3466 -17.7951 -2.6627 -4.3072 -17.9904 0.0626 0.2000 0.4314 0.3922 0.1961 22.0348 2.0000 
1862 1863 16 -2.6627 -4.3072 -17.9904 -2.6776 -4.2675 -18.1859 0.0626 0.2000 0.4314 0.3922 0.1961 22.2000 2.0000 
1863 1864 16 -2.6776 -4.2675 -18.1859 -2.6929 -4.2193 -18.3794 0.0626 0.2000 0.4314 0.3922 0.1961 22.3672 2.0000 
1864 1865 16 -2.6929 -4.2193 -18.3794 -2.6673 -4.1530 -18.5664 0.0626 0.2000 0.4314 0.3922 0.1961 22.5364 2.0000 
1865 1866 16 -2.6673 -4.1530 -18.5664 -2.6915 -4.1078 -18.7597 0.0626 0.2000 0.4314 0.3922 0.1961 22.7075 2.0000 
1866 1867 16 -2.6915 -4.1078 -18.7597 -2.7025 -4.0760 -18.9568 0.0626 0.2000 0.4314 0.3922 0.1961 22.8807 2.0000 
1867 1868 16 -2.7025 -4.0760 -18.9568 -2.7015 -4.0429 -19.1541 0.0626 0.2000 0.4314 0.3922 0.1961 23.0560 2.0000 
1868 1869 16 -2.7015 -4.0429 -19.1541 -2.6866 -4.0339 -19.3533 0.0626 0.2000 0.4314 0.3922 0.1961 23.2334 2.0000 
1869 1870 16 -2.6866 -4.0339 -19.3533 -2.6723 -4.0308 -19.5528 0.0626 0.2000 0.4314 0.3922 0.1961 23.4130 2.0000 
1870 1871 16 -2.6723 -4.0308 -19.5528 -2.6589 -4.0298 -19.7523 0.0626 0.2000 0.4314 0.3922 0.1961 23.5949 2.0000 
1871 1872 16 -2.6589 -4.0298 -19.7523 -2.6603 -4.0298 -19.9523 0.0626 0.2000 0.4314 0.3922 0.1961 23.7792 2.0000 
1872 1873 16 -2.6603 -4.0298 -19.9523 -2.6636 -4.0351 -20.1522 0.0626 0.2000 0.4314 0.3922 0.1961 23.9658 2.0000 
1873 1874 16 -2.6636 -4.0351 -20.1522 -2.6757 -4.0425 -20.3517 0.0626 0.2000 0.4314 0.3922 0.1961 24.1548 2.0000 
1874 1875 16 -2.6757 -4.0425 -20.3517 -2.6658 -4.0731 -20.5491 0.0626 0.2000 0.4314 0.3922 0.1961 24.3463 2.0000 
1875 1876 16 -2.6658 -4.0731 -20.5491 -2.6582 -4.0671 -20.7489 0.0626 0.2000 0.4314 0.3922 0.1961 24.5404 2.0000 
1876 1877 16 -2.6582 -4.0671 -20.7489 -2.6483 -4.0593 -20.9485 0.0626 0.2000 0.4314 0.3922 0.1961 24.7372 2.0000 
1877 1878 16 -2.6483 -4.0593 -20.9485 -2.6377 -4.0575 -21.1482 0.0626 0.2000 0.4314 0.3922 0.1961 24.9366 2.0000 
1878 1879 16 -2.6377 -4.0575 -21.1482 -2.6106 -4.0572 -21.3464 0.0626 0.2000 0.4314 0.3922 0.1961 25.1389 2.0000 
1879 1880 16 -2.6106 -4.0572 -21.3464 -2.5632 -4.0750 -21.5399 0.0626 0.2000 0.4314 0.3922 0.1961 25.3440 2.0000 
1880 1881 16 -2.5632 -4.0750 -21.5399 -2.5545 -4.0671 -21.7395 0.0626 0.2000 0.4314 0.3922 0.1961 25.5521 2.0000 
1881 1882 16 -2.5545 -4.0671 -21.7395 -2.5324 -4.0311 -21.9350 0.0626 0.2000 0.4314 0.3922 0.1961 25.7632 2.0000 
1882 1883 16 -2.5324 -4.0311 -21.9350 -2.5185 -4.0115 -22.1335 0.0626 0.2000 0.4314 0.3922 0.1961 25.9774 2.0000 
1883 1884 16 -2.5185 -4.0115 -22.1335 -2.4990 -4.0029 -22.3324 0.0626 0.2000 0.4314 0.3922 0.1961 26.1949 2.0000 
1884 1885 16 -2.4990 -4.0029 -22.3324 -2.4895 -4.0034 -22.5322 0.0626 0.2000 0.4314 0.3922 0.1961 26.4157 2.0000 
1885 1886 16 -2.4895 -4.0034 -22.5322 -2.4400 -4.0054 -22.7260 0.0626 0.2000 0.4314 0.3922 0.1961 26.6399 2.0000 
1886 1887 16 -2.4400 -4.0054 -22.7260 -2.4467 -4.0077 -22.9258 0.0626 0.2000 0.4314 0.3922 0.1961 26.8676 2.0000 
1887 1888 16 -2.4467 -4.0077 -22.9258 -2.4311 -4.0169 -23.1250 0.0626 0.2000 0.4314 0.3922 0.1961 27.0990 2.0000 
1888 1889 16 -2.4311 -4.0169 -23.1250 -2.4096 -4.0259 -23.3236 0.0626 0.2000 0.4314 0.3922 0.1961 27.3341 2.0000 
1889 1890 16 -2.4096 -4.0259 -23.3236 -2.4127 -4.0466 -23.5225 0.0626 0.2000 0.4314 0.3922 0.1961 27.5731 2.0000 
1890 1891 16 -2.4127 -4.0466 -23.5225 -2.4493 -4.0606 -23.7187 0.0626 0.2000 0.4314 0.3922 0.1961 27.8162 2.0000 
1891 1892 16 -2.4493 -4.0606 -23.7187 -2.4613 -4.0714 -23.9180 0.0626 0.2000 0.4314 0.3922 0.1961 28.0634 2.0000 
1892 1893 16 -2.4613 -4.0714 -23.9180 -2.4803 -4.0852 -24.1166 0.0626 0.2000 0.4314 0.3922 0.1961 28.3149 2.0000 
1893 1894 16 -2.4803 -4.0852 -24.1166 -2.5088 -4.1180 -24.3119 0.0626 0.2000 0.4314 0.3922 0.1961 28.5708 2.0000 
1894 1895 16 -2.5088 -4.1180 -24.3119 -2.5477 -4.1534 -24.5048 0.0626 0.2000 0.4314 0.3922 0.1961 28.8314 2.0000 
1895 1896 16 -2.5477 -4.1534 -24.5048 -2.6074 -4.1478 -24.6956 0.0626 0.2000 0.4314 0.3922 0.1961 29.0967 2.0000 
1896 1897 16 -2.6074 -4.1478 -24.6956 -2.6655 -4.1362 -24.8867 0.0626 0.2000 0.4314 0.3922 0.1961 29.3670 2.0000 
1897 1898 16 -2.6655 -4.1362 -24.8867 -2.7178 -4.1357 -25.0797 0.0626 0.2000 0.4314 0.3922 0.1961 29.6424 2.0000 
1898 1899 16 -2.7178 -4.1357 -25.0797 -2.7674 -4.1292 -25.2733 0.0626 0.2000 0.4314 0.3922 0.1961 29.9232 2.0000 
1899 1900 16 -2.7674 -4.1292 -25.2733 -2.7787 -4.1237 -25.3259 0.0626 0.0540 0.4314 0.3922 0.1961 30.0000 2.0000 
37 1901 17 0.2590 -0.2010 -9.2669 0.2974 -0.0332 -9.3688 0.0500 0.2000 0.4314 0.3922 0.1961 15.0592 2.0000 
1901 1902 17 0.2974 -0.0332 -9.3688 0.3561 0.1494 -9.4253 0.0500 0.2000 0.4314 0.3922 0.1961 15.1660 2.0000 
1902 1903 17 0.3561 0.1494 -9.4253 0.4149 0.3331 -9.4784 0.0500 0.2000 0.4314 0.3922 0.1961 15.2735 2.0000 
1903 1904 17 0.4149 0.3331 -9.4784 0.4683 0.5157 -9.5399 0.0500 0.2000 0.4314 0.3922 0.1961 15.3816 2.0000 
1904 1905 17 0.4683 0.5157 -9.5399 0.4949 0.7007 -9.6111 0.0500 0.2000 0.4314 0.3922 0.1961 15.4905 2.0000 
1905 1906 17 0.4949 0.7007 -9.6111 0.5085 0.8857 -9.6859 0.0500 0.2000 0.4314 0.3922 0.1961 15.6001 2.0000 
1906 1907 17 0.5085 0.8857 -9.6859 0.4917 1.0584 -9.7854 0.0500 0.2000 0.4314 0.3922 0.1961 15.7104 2.0000 
1907 1908 17 0.4917 1.0584 -9.7854 0.4318 1.1877 -9.9257 0.0500 0.2000 0.4314 0.3922 0.1961 15.8215 2.0000 
1908 1909 17 0.4318 1.1877 -9.9257 0.3776 1.3226 -10.0631 0.0500 0.2000 0.4314 0.3922 0.1961 15.9333 2.0000 
1909 1910 17 0.3776 1.3226 -10.0631 0.2968 1.4177 -10.2193 0.0500 0.2000 0.4314 0.3922 0.1961 16.0458 2.0000 
1910 1911 17 0.2968 1.4177 -10.2193 0.2072 1.4903 -10.3827 0.0500 0.2000 0.4314 0.3922 0.1961 16.1592 2.0000 
1911 1912 17 0.2072 1.4903 -10.3827 0.1177 1.5630 -10.5461 0.0500 0.2000 0.4314 0.3922 0.1961 16.2733 2.0000 
1912 1913 17 0.1177 1.5630 -10.5461 0.0282 1.6358 -10.7095 0.0500 0.2000 0.4314 0.3922 0.1961 16.3882 2.0000 
1913 1914 17 0.0282 1.6358 -10.7095 -0.0478 1.7471 -10.8573 0.0500 0.2000 0.4314 0.3922 0.1961 16.5039 2.0000 
1914 1915 17 -0.0478 1.7471 -10.8573 -0.1291 1.7845 -11.0362 0.0500 0.2000 0.4314 0.3922 0.1961 16.6205 2.0000 
1915 1916 17 -0.1291 1.7845 -11.0362 -0.2299 1.8092 -11.2071 0.0500 0.2000 0.4314 0.3922 0.1961 16.7378 2.0000 
1916 1917 17 -0.2299 1.8092 -11.2071 -0.3181 1.7948 -11.3860 0.0500 0.2000 0.4314 0.3922 0.1961 16.8560 2.0000 
1917 1918 17 -0.3181 1.7948 -11.3860 -0.3792 1.7878 -11.5763 0.0500 0.2000 0.4314 0.3922 0.1961 16.9751 2.0000 
1918 1919 17 -0.3792 1.7878 -11.5763 -0.4443 1.7959 -11.7653 0.0500 0.2000 0.4314 0.3922 0.1961 17.0950 2.0000 
1919 1920 17 -0.4443 1.7959 -11.7653 -0.5229 1.8064 -11.9489 0.0500 0.2000 0.4314 0.3922 0.1961 17.2158 2.0000 
1920 1921 17 -0.5229 1.8064 -11.9489 -0.5633 1.8335 -12.1429 0.0500 0.2000 0.4314 0.3922 0.1961 17.3374 2.0000 
1921 1922 17 -0.5633 1.8335 -12.1429 -0.6179 1.8433 -12.3350 0.0500 0.2000 0.4314 0.3922 0.1961 17.4600 2.0000 
1922 1923 17 -0.6179 1.8433 -12.3350 -0.6683 1.8998 -12.5201 0.0500 0.2000 0.4314 0.3922 0.1961 17.5835 2.0000 
1923 1924 17 -0.6683 1.8998 -12.5201 -0.7298 1.9528 -12.7029 0.0500 0.2000 0.4314 0.3922 0.1961 17.7079 2.0000 
1924 1925 17 -0.7298 1.9528 -12.7029 -0.7974 2.0003 -12.8851 0.0500 0.2000 0.4314 0.3922 0.1961 17.8333 2.0000 
1925 1926 17 -0.7974 2.0003 -12.8851 -0.8447 2.0438 -13.0744 0.0500 0.2000 0.4314 0.3922 0.1961 17.9596 2.0000 
1926 1927 17 -0.8447 2.0438 -13.0744 -0.8651 2.0896 -13.2681 0.0500 0.2000 0.4314 0.3922 0.1961 18.0869 2.0000 
1927 1928 17 -0.8651 2.0896 -13.2681 -0.8909 2.1594 -13.4537 0.0500 0.2000 0.4314 0.3922 0.1961 18.2152 2.0000 
1928 1929 17 -0.8909 2.1594 -13.4537 -0.9010 2.2328 -13.6395 0.0500 0.2000 0.4314 0.3922 0.1961 18.3445 2.0000 
1929 1930 17 -0.9010 2.2328 -13.6395 -0.8425 2.3321 -13.8029 0.0500 0.2000 0.4314 0.3922 0.1961 18.4748 2.0000 
1930 1931 17 -0.8425 2.3321 -13.8029 -0.7895 2.4434 -13.9605 0.0500 0.2000 0.4314 0.3922 0.1961 18.6061 2.0000 
1931 1932 17 -0.7895 2.4434 -13.9605 -0.7469 2.5620 -14.1157 0.0500 0.2000 0.4314 0.3922 0.1961 18.7385 2.0000 
1932 1933 17 -0.7469 2.5620 -14.1157 -0.6934 2.6816 -14.2668 0.0500 0.2000 0.4314 0.3922 0.1961 18.8719 2.0000 
1933 1934 17 -0.6934 2.6816 -14.2668 -0.6520 2.7902 -14.4296 0.0500 0.2000 0.4314 0.3922 0.1961 19.0064 2.0000 
1934 1935 17 -0.6520 2.7902 -14.4296 -0.6437 2.9075 -14.5914 0.0500 0.2000 0.4314 0.3922 0.1961 19.1421 2.0000 
1935 1936 17 -0.6437 2.9075 -14.5914 -0.6378 3.0176 -14.7583 0.0500 0.2000 0.4314 0.3922 0.1961 19.2788 2.0000 
1936 1937 17 -0.6378 3.0176 -14.7583 -0.6215 3.1268 -14.9250 0.0500 0.2000 0.4314 0.3922 0.1961 19.4167 2.0000 
1937 1938 17 -0.6215 3.1268 -14.9250 -0.6053 3.2351 -15.0923 0.0500 0.2000 0.4314 0.3922 0.1961 19.5558 2.0000 
1938 1939 17 -0.6053 3.2351 -15.0923 -0.5621 3.3247 -15.2658 0.0500 0.2000 0.4314 0.3922 0.1961 19.6960 2.0000 
1939 1940 17 -0.5621 3.3247 -15.2658 -0.5230 3.4070 -15.4439 0.0500 0.2000 0.4314 0.3922 0.1961 19.8374 2.0000 
1940 1941 17 -0.5230 3.4070 -15.4439 -0.4804 3.4578 -15.6326 0.0500 0.2000 0.4314 0.3922 0.1961 19.9801 2.0000 
1941 1942 17 -0.4804 3.4578 -15.6326 -0.4393 3.5077 -15.8219 0.0500 0.2000 0.4314 0.3922 0.1961 20.1240 2.0000 
1942 1943 17 -0.4393 3.5077 -15.8219 -0.4139 3.5874 -16.0035 0.0500 0.2000 0.4314 0.3922 0.1961 20.2691 2.0000 
1943 1944 17 -0.4139 3.5874 -16.0035 -0.4045 3.6577 -16.1905 0.0500 0.2000 0.4314 0.3922 0.1961 20.4156 2.0000 
1944 1945 17 -0.4045 3.6577 -16.1905 -0.3977 3.7287 -16.3774 0.0500 0.2000 0.4314 0.3922 0.1961 20.5633 2.0000 
1945 1946 17 -0.3977 3.7287 -16.3774 -0.3712 3.7888 -16.5663 0.0500 0.2000 0.4314 0.3922 0.1961 20.7124 2.0000 
1946 1947 17 -0.3712 3.7888 -16.5663 -0.3399 3.8212 -16.7611 0.0500 0.2000 0.4314 0.3922 0.1961 20.8628 2.0000 
1947 1948 17 -0.3399 3.8212 -16.7611 -0.3003 3.8485 -16.9553 0.0500 0.2000 0.4314 0.3922 0.1961 21.0146 2.0000 
1948 1949 17 -0.3003 3.8485 -16.9553 -0.2595 3.8592 -17.1508 0.0500 0.2000 0.4314 0.3922 0.1961 21.1679 2.0000 
1949 1950 17 -0.2595 3.8592 -17.1508 -0.2161 3.8704 -17.3457 0.0500 0.2000 0.4314 0.3922 0.1961 21.3225 2.0000 
1950 1951 17 -0.2161 3.8704 -17.3457 -0.1320 3.8957 -17.5254 0.0500 0.2000 0.4314 0.3922 0.1961 21.4786 2.0000 
1951 1952 17 -0.1320 3.8957 -17.5254 -0.0390 3.9086 -17.7020 0.0500 0.2000 0.4314 0.3922 0.1961 21.6362 2.0000 
1952 1953 17 -0.0390 3.9086 -17.7020 0.0585 3.9052 -17.8766 0.0500 0.2000 0.4314 0.3922 0.1961 21.7953 2.0000 
1953 1954 17 0.0585 3.9052 -17.8766 0.1537 3.9020 -18.0524 0.0500 0.2000 0.4314 0.3922 0.1961 21.9560 2.0000 
1954 1955 17 0.1537 3.9020 -18.0524 0.2345 3.9108 -18.2351 0.0500 0.2000 0.4314 0.3922 0.1961 22.1182 2.0000 
1955 1956 17 0.2345 3.9108 -18.2351 0.3531 3.8894 -18.3948 0.0500 0.2000 0.4314 0.3922 0.1961 22.2820 2.0000 
1956 1957 17 0.3531 3.8894 -18.3948 0.4709 3.8678 -18.5549 0.0500 0.2000 0.4314 0.3922 0.1961 22.4475 2.0000 
1957 1958 17 0.4709 3.8678 -18.5549 0.5865 3.8588 -18.7179 0.0500 0.2000 0.4314 0.3922 0.1961 22.6146 2.0000 
1958 1959 17 0.5865 3.8588 -18.7179 0.6789 3.8720 -18.8948 0.0500 0.2000 0.4314 0.3922 0.1961 22.7835 2.0000 
1959 1960 17 0.6789 3.8720 -18.8948 0.7738 3.8841 -19.0704 0.0500 0.2000 0.4314 0.3922 0.1961 22.9541 2.0000 
1960 1961 17 0.7738 3.8841 -19.0704 0.8460 3.8811 -19.2569 0.0500 0.2000 0.4314 0.3922 0.1961 23.1264 2.0000 
1961 1962 17 0.8460 3.8811 -19.2569 0.9200 3.8432 -19.4388 0.0500 0.2000 0.4314 0.3922 0.1961 23.3006 2.0000 
1962 1963 17 0.9200 3.8432 -19.4388 0.9906 3.7590 -19.6059 0.0500 0.2000 0.4314 0.3922 0.1961 23.4766 2.0000 
1963 1964 17 0.9906 3.7590 -19.6059 1.0673 3.6764 -19.7711 0.0500 0.2000 0.4314 0.3922 0.1961 23.6546 2.0000 
1964 1965 17 1.0673 3.6764 -19.7711 1.1647 3.5934 -19.9248 0.0500 0.2000 0.4314 0.3922 0.1961 23.8344 2.0000 
1965 1966 17 1.1647 3.5934 -19.9248 1.2433 3.5308 -20.0977 0.0500 0.2000 0.4314 0.3922 0.1961 24.0163 2.0000 
1966 1967 17 1.2433 3.5308 -20.0977 1.3240 3.4754 -20.2722 0.0500 0.2000 0.4314 0.3922 0.1961 24.2001 2.0000 
1967 1968 17 1.3240 3.4754 -20.2722 1.4063 3.4300 -20.4487 0.0500 0.2000 0.4314 0.3922 0.1961 24.3860 2.0000 
1968 1969 17 1.4063 3.4300 -20.4487 1.5139 3.3579 -20.6011 0.0500 0.2000 0.4314 0.3922 0.1961 24.5741 2.0000 
1969 1970 17 1.5139 3.3579 -20.6011 1.6113 3.2694 -20.7517 0.0500 0.2000 0.4314 0.3922 0.1961 24.7643 2.0000 
1970 1971 17 1.6113 3.2694 -20.7517 1.7046 3.1813 -20.9051 0.0500 0.2000 0.4314 0.3922 0.1961 24.9567 2.0000 
1971 1972 17 1.7046 3.1813 -20.9051 1.8221 3.1611 -21.0657 0.0500 0.2000 0.4314 0.3922 0.1961 25.1513 2.0000 
1972 1973 17 1.8221 3.1611 -21.0657 1.9392 3.1444 -21.2269 0.0500 0.2000 0.4314 0.3922 0.1961 25.3483 2.0000 
1973 1974 17 1.9392 3.1444 -21.2269 2.0540 3.1264 -21.3897 0.0500 0.2000 0.4314 0.3922 0.1961 25.5477 2.0000 
1974 1975 17 2.0540 3.1264 -21.3897 2.1680 3.1040 -21.5525 0.0500 0.2000 0.4314 0.3922 0.1961 25.7495 2.0000 
1975 1976 17 2.1680 3.1040 -21.5525 2.2844 3.0940 -21.7149 0.0500 0.2000 0.4314 0.3922 0.1961 25.9537 2.0000 
1976 1977 17 2.2844 3.0940 -21.7149 2.4029 3.0879 -21.8758 0.0500 0.2000 0.4314 0.3922 0.1961 26.1606 2.0000 
1977 1978 17 2.4029 3.0879 -21.8758 2.5303 3.0471 -22.0245 0.0500 0.2000 0.4314 0.3922 0.1961 26.3700 2.0000 
1978 1979 17 2.5303 3.0471 -22.0245 2.6529 3.0074 -22.1775 0.0500 0.2000 0.4314 0.3922 0.1961 26.5822 2.0000 
1979 1980 17 2.6529 3.0074 -22.1775 2.7766 2.9659 -22.3290 0.0500 0.2000 0.4314 0.3922 0.1961 26.7971 2.0000 
1980 1981 17 2.7766 2.9659 -22.3290 2.9101 2.9106 -22.4674 0.0500 0.2000 0.4314 0.3922 0.1961 27.0148 2.0000 
1981 1982 17 2.9101 2.9106 -22.4674 3.0411 2.8510 -22.6062 0.0500 0.2000 0.4314 0.3922 0.1961 27.2354 2.0000 
1982 1983 17 3.0411 2.8510 -22.6062 3.1500 2.7482 -22.7389 0.0500 0.2000 0.4314 0.3922 0.1961 27.4590 2.0000 
1983 1984 17 3.1500 2.7482 -22.7389 3.2593 2.6461 -22.8715 0.0500 0.2000 0.4314 0.3922 0.1961 27.6856 2.0000 
1984 1985 17 3.2593 2.6461 -22.8715 3.3954 2.5641 -22.9930 0.0500 0.2000 0.4314 0.3922 0.1961 27.9155 2.0000 
1985 1986 17 3.3954 2.5641 -22.9930 3.5537 2.4882 -23.0889 0.0500 0.2000 0.4314 0.3922 0.1961 28.1485 2.0000 
1986 1987 17 3.5537 2.4882 -23.0889 3.7250 2.4268 -23.1719 0.0500 0.2000 0.4314 0.3922 0.1961 28.3849 2.0000 
1987 1988 17 3.7250 2.4268 -23.1719 3.9079 2.3813 -23.2387 0.0500 0.2000 0.4314 0.3922 0.1961 28.6247 2.0000 
1988 1989 17 3.9079 2.3813 -23.2387 4.0862 2.3647 -23.3279 0.0500 0.2000 0.4314 0.3922 0.1961 28.8680 2.0000 
1989 1990 17 4.0862 2.3647 -23.3279 4.2608 2.3678 -23.4252 0.0500 0.2000 0.4314 0.3922 0.1961 29.1150 2.0000 
1990 1991 17 4.2608 2.3678 -23.4252 4.4345 2.3649 -23.5244 0.0500 0.2000 0.4314 0.3922 0.1961 29.3657 2.0000 
1991 1992 17 4.4345 2.3649 -23.5244 4.6013 2.3321 -23.6297 0.0500 0.2000 0.4314 0.3922 0.1961 29.6202 2.0000 
1992 1993 17 4.6013 2.3321 -23.6297 4.7680 2.2559 -23.7097 0.0500 0.2000 0.4314 0.3922 0.1961 29.8787 2.0000 
1993 1994 17 4.7680 2.2559 -23.7097 4.8454 2.2312 -23.7545 0.0500 0.0927 0.4314 0.3922 0.1961 30.0000 2.0000 
39 1995 18 0.2332 -0.2039 -9.6389 0.3997 -0.2858 -9.7135 0.0749 0.2000 0.4314 0.3922 0.1961 15.4549 2.0000 
1995 1996 18 0.3997 -0.2858 -9.7135 0.5671 -0.3656 -9.7884 0.0749 0.2000 0.4314 0.3922 0.1961 15.5414 2.0000 
1996 1997 18 0.5671 -0.3656 -9.7884 0.7382 -0.4356 -9.8647 0.0749 0.2000 0.4314 0.3922 0.1961 15.6284 2.0000 
1997 1998 18 0.7382 -0.4356 -9.8647 0.9052 -0.5187 -9.9367 0.0749 0.2000 0.4314 0.3922 0.1961 15.7160 2.0000 
1998 1999 18 0.9052 -0.5187 -9.9367 1.0724 -0.6016 -10.0087 0.0749 0.2000 0.4314 0.3922 0.1961 15.8041 2.0000 
1999 2000 18 1.0724 -0.6016 -10.0087 1.2305 -0.6560 -10.1185 0.0749 0.2000 0.4314 0.3922 0.1961 15.8928 2.0000 
2000 2001 18 1.2305 -0.6560 -10.1185 1.3716 -0.6625 -10.2601 0.0749 0.2000 0.4314 0.3922 0.1961 15.9821 2.0000 
2001 2002 18 1.3716 -0.6625 -10.2601 1.5243 -0.6658 -10.3892 0.0749 0.2000 0.4314 0.3922 0.1961 16.0719 2.0000 
2002 2003 18 1.5243 -0.6658 -10.3892 1.6572 -0.6948 -10.5358 0.0749 0.2000 0.4314 0.3922 0.1961 16.1622 2.0000 
2003 2004 18 1.6572 -0.6948 -10.5358 1.7898 -0.7243 -10.6826 0.0749 0.2000 0.4314 0.3922 0.1961 16.2532 2.0000 
2004 2005 18 1.7898 -0.7243 -10.6826 1.9150 -0.7411 -10.8376 0.0749 0.2000 0.4314 0.3922 0.1961 16.3448 2.0000 
2005 2006 18 1.9150 -0.7411 -10.8376 2.0250 -0.7702 -11.0021 0.0749 0.2000 0.4314 0.3922 0.1961 16.4369 2.0000 
2006 2007 18 2.0250 -0.7702 -11.0021 2.1157 -0.8016 -11.1776 0.0749 0.2000 0.4314 0.3922 0.1961 16.5297 2.0000 
2007 2008 18 2.1157 -0.8016 -11.1776 2.1868 -0.8207 -11.3635 0.0749 0.2000 0.4314 0.3922 0.1961 16.6231 2.0000 
2008 2009 18 2.1868 -0.8207 -11.3635 2.2487 -0.8423 -11.5525 0.0749 0.2000 0.4314 0.3922 0.1961 16.7171 2.0000 
2009 2010 18 2.2487 -0.8423 -11.5525 2.3294 -0.8585 -11.7348 0.0749 0.2000 0.4314 0.3922 0.1961 16.8118 2.0000 
2010 2011 18 2.3294 -0.8585 -11.7348 2.4044 -0.8689 -11.9199 0.0749 0.2000 0.4314 0.3922 0.1961 16.9070 2.0000 
2011 2012 18 2.4044 -0.8689 -11.9199 2.4800 -0.8799 -12.1047 0.0749 0.2000 0.4314 0.3922 0.1961 17.0030 2.0000 
2012 2013 18 2.4800 -0.8799 -12.1047 2.5631 -0.8993 -12.2856 0.0749 0.2000 0.4314 0.3922 0.1961 17.0996 2.0000 
2013 2014 18 2.5631 -0.8993 -12.2856 2.6135 -0.9033 -12.4791 0.0749 0.2000 0.4314 0.3922 0.1961 17.1968 2.0000 
2014 2015 18 2.6135 -0.9033 -12.4791 2.6663 -0.8965 -12.6719 0.0749 0.2000 0.4314 0.3922 0.1961 17.2948 2.0000 
2015 2016 18 2.6663 -0.8965 -12.6719 2.7342 -0.8952 -12.8600 0.0749 0.2000 0.4314 0.3922 0.1961 17.3934 2.0000 
2016 2017 18 2.7342 -0.8952 -12.8600 2.7820 -0.8837 -13.0538 0.0749 0.2000 0.4314 0.3922 0.1961 17.4927 2.0000 
2017 2018 18 2.7820 -0.8837 -13.0538 2.8128 -0.8431 -13.2472 0.0749 0.2000 0.4314 0.3922 0.1961 17.5928 2.0000 
2018 2019 18 2.8128 -0.8431 -13.2472 2.8719 -0.8687 -13.4366 0.0749 0.2000 0.4314 0.3922 0.1961 17.6935 2.0000 
2019 2020 18 2.8719 -0.8687 -13.4366 2.9385 -0.9104 -13.6205 0.0749 0.2000 0.4314 0.3922 0.1961 17.7950 2.0000 
2020 2021 18 2.9385 -0.9104 -13.6205 3.0109 -0.9496 -13.8028 0.0749 0.2000 0.4314 0.3922 0.1961 17.8972 2.0000 
2021 2022 18 3.0109 -0.9496 -13.8028 3.0707 -0.9899 -13.9893 0.0749 0.2000 0.4314 0.3922 0.1961 18.0001 2.0000 
2022 2023 18 3.0707 -0.9899 -13.9893 3.1303 -1.0162 -14.1784 0.0749 0.2000 0.4314 0.3922 0.1961 18.1039 2.0000 
2023 2024 18 3.1303 -1.0162 -14.1784 3.2015 -1.0343 -14.3644 0.0749 0.2000 0.4314 0.3922 0.1961 18.2083 2.0000 
2024 2025 18 3.2015 -1.0343 -14.3644 3.2730 -1.0527 -14.5503 0.0749 0.2000 0.4314 0.3922 0.1961 18.3136 2.0000 
2025 2026 18 3.2730 -1.0527 -14.5503 3.3397 -1.0714 -14.7379 0.0749 0.2000 0.4314 0.3922 0.1961 18.4197 2.0000 
2026 2027 18 3.3397 -1.0714 -14.7379 3.4142 -1.0688 -14.9235 0.0749 0.2000 0.4314 0.3922 0.1961 18.5265 2.0000 
2027 2028 18 3.4142 -1.0688 -14.9235 3.4890 -1.0853 -15.1083 0.0749 0.2000 0.4314 0.3922 0.1961 18.6342 2.0000 
2028 2029 18 3.4890 -1.0853 -15.1083 3.5133 -1.1003 -15.3062 0.0749 0.2000 0.4314 0.3922 0.1961 18.7427 2.0000 
2029 2030 18 3.5133 -1.1003 -15.3062 3.5570 -1.0817 -15.5005 0.0749 0.2000 0.4314 0.3922 0.1961 18.8521 2.0000 
2030 2031 18 3.5570 -1.0817 -15.5005 3.5979 -1.0580 -15.6948 0.0749 0.2000 0.4314 0.3922 0.1961 18.9623 2.0000 
2031 2032 18 3.5979 -1.0580 -15.6948 3.6391 -1.0372 -15.8894 0.0749 0.2000 0.4314 0.3922 0.1961 19.0734 2.0000 
2032 2033 18 3.6391 -1.0372 -15.8894 3.6650 -1.0257 -16.0874 0.0749 0.2000 0.4314 0.3922 0.1961 19.1854 2.0000 
2033 2034 18 3.6650 -1.0257 -16.0874 3.6892 -1.0082 -16.2852 0.0749 0.2000 0.4314 0.3922 0.1961 19.2982 2.0000 
2034 2035 18 3.6892 -1.0082 -16.2852 3.6954 -1.0027 -16.4850 0.0749 0.2000 0.4314 0.3922 0.1961 19.4120 2.0000 
2035 2036 18 3.6954 -1.0027 -16.4850 3.7473 -1.0072 -16.6781 0.0749 0.2000 0.4314 0.3922 0.1961 19.5267 2.0000 
2036 2037 18 3.7473 -1.0072 -16.6781 3.7590 -1.0136 -16.8777 0.0749 0.2000 0.4314 0.3922 0.1961 19.6424 2.0000 
2037 2038 18 3.7590 -1.0136 -16.8777 3.7272 -1.0450 -17.0726 0.0749 0.2000 0.4314 0.3922 0.1961 19.7590 2.0000 
2038 2039 18 3.7272 -1.0450 -17.0726 3.6554 -1.1110 -17.2472 0.0749 0.2000 0.4314 0.3922 0.1961 19.8766 2.0000 
2039 2040 18 3.6554 -1.1110 -17.2472 3.5930 -1.1402 -17.4350 0.0749 0.2000 0.4314 0.3922 0.1961 19.9952 2.0000 
2040 2041 18 3.5930 -1.1402 -17.4350 3.5305 -1.1684 -17.6229 0.0749 0.2000 0.4314 0.3922 0.1961 20.1148 2.0000 
2041 2042 18 3.5305 -1.1684 -17.6229 3.4655 -1.1942 -17.8102 0.0749 0.2000 0.4314 0.3922 0.1961 20.2354 2.0000 
2042 2043 18 3.4655 -1.1942 -17.8102 3.3871 -1.2085 -17.9937 0.0749 0.2000 0.4314 0.3922 0.1961 20.3570 2.0000 
2043 2044 18 3.3871 -1.2085 -17.9937 3.3072 -1.2242 -18.1764 0.0749 0.2000 0.4314 0.3922 0.1961 20.4798 2.0000 
2044 2045 18 3.3072 -1.2242 -18.1764 3.2292 -1.2400 -18.3599 0.0749 0.2000 0.4314 0.3922 0.1961 20.6036 2.0000 
2045 2046 18 3.2292 -1.2400 -18.3599 3.1976 -1.2799 -18.5533 0.0749 0.2000 0.4314 0.3922 0.1961 20.7285 2.0000 
2046 2047 18 3.1976 -1.2799 -18.5533 3.1895 -1.3312 -18.7464 0.0749 0.2000 0.4314 0.3922 0.1961 20.8545 2.0000 
2047 2048 18 3.1895 -1.3312 -18.7464 3.1929 -1.3706 -18.9425 0.0749 0.2000 0.4314 0.3922 0.1961 20.9816 2.0000 
2048 2049 18 3.1929 -1.3706 -18.9425 3.2003 -1.4140 -19.1375 0.0749 0.2000 0.4314 0.3922 0.1961 21.1099 2.0000 
2049 2050 18 3.2003 -1.4140 -19.1375 3.2065 -1.4583 -19.3325 0.0749 0.2000 0.4314 0.3922 0.1961 21.2394 2.0000 
2050 2051 18 3.2065 -1.4583 -19.3325 3.2012 -1.5079 -19.5262 0.0749 0.2000 0.4314 0.3922 0.1961 21.3701 2.0000 
2051 2052 18 3.2012 -1.5079 -19.5262 3.2243 -1.5635 -19.7169 0.0749 0.2000 0.4314 0.3922 0.1961 21.5021 2.0000 
2052 2053 18 3.2243 -1.5635 -19.7169 3.1905 -1.6098 -19.9085 0.0749 0.2000 0.4314 0.3922 0.1961 21.6352 2.0000 
2053 2054 18 3.1905 -1.6098 -19.9085 3.1592 -1.6924 -20.0879 0.0749 0.2000 0.4314 0.3922 0.1961 21.7697 2.0000 
2054 2055 18 3.1592 -1.6924 -20.0879 3.1294 -1.7698 -20.2699 0.0749 0.2000 0.4314 0.3922 0.1961 21.9054 2.0000 
2055 2056 18 3.1294 -1.7698 -20.2699 3.0963 -1.8288 -20.4581 0.0749 0.2000 0.4314 0.3922 0.1961 22.0425 2.0000 
2056 2057 18 3.0963 -1.8288 -20.4581 3.0645 -1.8839 -20.6478 0.0749 0.2000 0.4314 0.3922 0.1961 22.1809 2.0000 
2057 2058 18 3.0645 -1.8839 -20.6478 3.0361 -1.8958 -20.8454 0.0749 0.2000 0.4314 0.3922 0.1961 22.3207 2.0000 
2058 2059 18 3.0361 -1.8958 -20.8454 3.0033 -1.9123 -21.0420 0.0749 0.2000 0.4314 0.3922 0.1961 22.4619 2.0000 
2059 2060 18 3.0033 -1.9123 -21.0420 2.9787 -1.9429 -21.2381 0.0749 0.2000 0.4314 0.3922 0.1961 22.6045 2.0000 
2060 2061 18 2.9787 -1.9429 -21.2381 2.9711 -1.9583 -21.4373 0.0749 0.2000 0.4314 0.3922 0.1961 22.7486 2.0000 
2061 2062 18 2.9711 -1.9583 -21.4373 2.9793 -1.9905 -21.6346 0.0749 0.2000 0.4314 0.3922 0.1961 22.8942 2.0000 
2062 2063 18 2.9793 -1.9905 -21.6346 2.9912 -2.0393 -21.8282 0.0749 0.2000 0.4314 0.3922 0.1961 23.0413 2.0000 
2063 2064 18 2.9912 -2.0393 -21.8282 3.0184 -2.0949 -22.0183 0.0749 0.2000 0.4314 0.3922 0.1961 23.1900 2.0000 
2064 2065 18 3.0184 -2.0949 -22.0183 3.0789 -2.1716 -22.1928 0.0749 0.2000 0.4314 0.3922 0.1961 23.3402 2.0000 
2065 2066 18 3.0789 -2.1716 -22.1928 3.1408 -2.2051 -22.3800 0.0749 0.2000 0.4314 0.3922 0.1961 23.4921 2.0000 
2066 2067 18 3.1408 -2.2051 -22.3800 3.2055 -2.2304 -22.5676 0.0749 0.2000 0.4314 0.3922 0.1961 23.6456 2.0000 
2067 2068 18 3.2055 -2.2304 -22.5676 3.2669 -2.2488 -22.7570 0.0749 0.2000 0.4314 0.3922 0.1961 23.8008 2.0000 
2068 2069 18 3.2669 -2.2488 -22.7570 3.2899 -2.2464 -22.9557 0.0749 0.2000 0.4314 0.3922 0.1961 23.9578 2.0000 
2069 2070 18 3.2899 -2.2464 -22.9557 3.3176 -2.2311 -23.1532 0.0749 0.2000 0.4314 0.3922 0.1961 24.1165 2.0000 
2070 2071 18 3.3176 -2.2311 -23.1532 3.3589 -2.1995 -23.3463 0.0749 0.2000 0.4314 0.3922 0.1961 24.2770 2.0000 
2071 2072 18 3.3589 -2.1995 -23.3463 3.3834 -2.1734 -23.5431 0.0749 0.2000 0.4314 0.3922 0.1961 24.4394 2.0000 
2072 2073 18 3.3834 -2.1734 -23.5431 3.3959 -2.1524 -23.7416 0.0749 0.2000 0.4314 0.3922 0.1961 24.6037 2.0000 
2073 2074 18 3.3959 -2.1524 -23.7416 3.4239 -2.1302 -23.9383 0.0749 0.2000 0.4314 0.3922 0.1961 24.7699 2.0000 
2074 2075 18 3.4239 -2.1302 -23.9383 3.4450 -2.1187 -24.1369 0.0749 0.2000 0.4314 0.3922 0.1961 24.9381 2.0000 
2075 2076 18 3.4450 -2.1187 -24.1369 3.4942 -2.1106 -24.3306 0.0749 0.2000 0.4314 0.3922 0.1961 25.1084 2.0000 
2076 2077 18 3.4942 -2.1106 -24.3306 3.5575 -2.1223 -24.5199 0.0749 0.2000 0.4314 0.3922 0.1961 25.2807 2.0000 
2077 2078 18 3.5575 -2.1223 -24.5199 3.5874 -2.1118 -24.7174 0.0749 0.2000 0.4314 0.3922 0.1961 25.4552 2.0000 
2078 2079 18 3.5874 -2.1118 -24.7174 3.5966 -2.1285 -24.9165 0.0749 0.2000 0.4314 0.3922 0.1961 25.6318 2.0000 
2079 2080 18 3.5966 -2.1285 -24.9165 3.5907 -2.1258 -25.1164 0.0749 0.2000 0.4314 0.3922 0.1961 25.8107 2.0000 
2080 2081 18 3.5907 -2.1258 -25.1164 3.6215 -2.1423 -25.3133 0.0749 0.2000 0.4314 0.3922 0.1961 25.9920 2.0000 
2081 2082 18 3.6215 -2.1423 -25.3133 3.6565 -2.1583 -25.5096 0.0749 0.2000 0.4314 0.3922 0.1961 26.1755 2.0000 
2082 2083 18 3.6565 -2.1583 -25.5096 3.6931 -2.1738 -25.7056 0.0749 0.2000 0.4314 0.3922 0.1961 26.3615 2.0000 
2083 2084 18 3.6931 -2.1738 -25.7056 3.7196 -2.1613 -25.9034 0.0749 0.2000 0.4314 0.3922 0.1961 26.5500 2.0000 
2084 2085 18 3.7196 -2.1613 -25.9034 3.7132 -2.1414 -26.1023 0.0749 0.2000 0.4314 0.3922 0.1961 26.7411 2.0000 
2085 2086 18 3.7132 -2.1414 -26.1023 3.7077 -2.1244 -26.3015 0.0749 0.2000 0.4314 0.3922 0.1961 26.9348 2.0000 
2086 2087 18 3.7077 -2.1244 -26.3015 3.6964 -2.1043 -26.5002 0.0749 0.2000 0.4314 0.3922 0.1961 27.1312 2.0000 
2087 2088 18 3.6964 -2.1043 -26.5002 3.6847 -2.0835 -26.6988 0.0749 0.2000 0.4314 0.3922 0.1961 27.3304 2.0000 
2088 2089 18 3.6847 -2.0835 -26.6988 3.6329 -2.0709 -26.8915 0.0749 0.2000 0.4314 0.3922 0.1961 27.5324 2.0000 
2089 2090 18 3.6329 -2.0709 -26.8915 3.6224 -2.0839 -27.0908 0.0749 0.2000 0.4314 0.3922 0.1961 27.7374 2.0000 
2090 2091 18 3.6224 -2.0839 -27.0908 3.6248 -2.0801 -27.2908 0.0749 0.2000 0.4314 0.3922 0.1961 27.9454 2.0000 
2091 2092 18 3.6248 -2.0801 -27.2908 3.6301 -2.0817 -27.4907 0.0749 0.2000 0.4314 0.3922 0.1961 28.1565 2.0000 
2092 2093 18 3.6301 -2.0817 -27.4907 3.6176 -2.1030 -27.6892 0.0749 0.2000 0.4314 0.3922 0.1961 28.3709 2.0000 
2093 2094 18 3.6176 -2.1030 -27.6892 3.5995 -2.1300 -27.8865 0.0749 0.2000 0.4314 0.3922 0.1961 28.5886 2.0000 
2094 2095 18 3.5995 -2.1300 -27.8865 3.5856 -2.1322 -28.0860 0.0749 0.2000 0.4314 0.3922 0.1961 28.8096 2.0000 
2095 2096 18 3.5856 -2.1322 -28.0860 3.5814 -2.1376 -28.2859 0.0749 0.2000 0.4314 0.3922 0.1961 29.0343 2.0000 
2096 2097 18 3.5814 -2.1376 -28.2859 3.5644 -2.1396 -28.4852 0.0749 0.2000 0.4314 0.3922 0.1961 29.2625 2.0000 
2097 2098 18 3.5644 -2.1396 -28.4852 3.5450 -2.1445 -28.6842 0.0749 0.2000 0.4314 0.3922 0.1961 29.4946 2.0000 
2098 2099 18 3.5450 -2.1445 -28.6842 3.5786 -2.1379 -28.8812 0.0749 0.2000 0.4314 0.3922 0.1961 29.7305 2.0000 
2099 2100 18 3.5786 -2.1379 -28.8812 3.6046 -2.1181 -29.0786 0.0749 0.2000 0.4314 0.3922 0.1961 29.9704 2.0000 
2100 2101 18 3.6046 -2.1181 -29.0786 3.6074 -2.1168 -29.1028 0.0749 0.0244 0.4314 0.3922 0.1961 30.0000 2.0000 
42 2102 19 0.2231 -0.2068 -10.0481 0.3350 -0.3306 -10.1583 0.0715 0.2000 0.4314 0.3922 0.1961 15.9259 2.0000 
2102 2103 19 0.3350 -0.3306 -10.1583 0.4472 -0.4548 -10.2677 0.0715 0.2000 0.4314 0.3922 0.1961 16.0227 2.0000 
2103 2104 19 0.4472 -0.4548 -10.2677 0.5579 -0.5791 -10.3786 0.0715 0.2000 0.4314 0.3922 0.1961 16.1201 2.0000 
2104 2105 19 0.5579 -0.5791 -10.3786 0.6565 -0.7134 -10.4893 0.0715 0.2000 0.4314 0.3922 0.1961 16.2182 2.0000 
2105 2106 19 0.6565 -0.7134 -10.4893 0.7571 -0.8410 -10.6059 0.0715 0.2000 0.4314 0.3922 0.1961 16.3170 2.0000 
2106 2107 19 0.7571 -0.8410 -10.6059 0.8503 -0.9831 -10.7114 0.0715 0.2000 0.4314 0.3922 0.1961 16.4165 2.0000 
2107 2108 19 0.8503 -0.9831 -10.7114 0.9242 -1.1318 -10.8229 0.0715 0.2000 0.4314 0.3922 0.1961 16.5167 2.0000 
2108 2109 19 0.9242 -1.1318 -10.8229 1.0000 -1.2804 -10.9332 0.0715 0.2000 0.4314 0.3922 0.1961 16.6176 2.0000 
2109 2110 19 1.0000 -1.2804 -10.9332 1.0859 -1.3923 -11.0749 0.0715 0.2000 0.4314 0.3922 0.1961 16.7192 2.0000 
2110 2111 19 1.0859 -1.3923 -11.0749 1.1635 -1.5024 -11.2228 0.0715 0.2000 0.4314 0.3922 0.1961 16.8215 2.0000 
2111 2112 19 1.1635 -1.5024 -11.2228 1.2286 -1.6013 -11.3840 0.0715 0.2000 0.4314 0.3922 0.1961 16.9246 2.0000 
2112 2113 19 1.2286 -1.6013 -11.3840 1.2876 -1.6648 -11.5642 0.0715 0.2000 0.4314 0.3922 0.1961 17.0284 2.0000 
2113 2114 19 1.2876 -1.6648 -11.5642 1.3665 -1.6951 -11.7454 0.0715 0.2000 0.4314 0.3922 0.1961 17.1330 2.0000 
2114 2115 19 1.3665 -1.6951 -11.7454 1.4493 -1.7398 -11.9219 0.0715 0.2000 0.4314 0.3922 0.1961 17.2384 2.0000 
2115 2116 19 1.4493 -1.7398 -11.9219 1.5536 -1.7522 -12.0922 0.0715 0.2000 0.4314 0.3922 0.1961 17.3445 2.0000 
2116 2117 19 1.5536 -1.7522 -12.0922 1.6872 -1.7769 -12.2389 0.0715 0.2000 0.4314 0.3922 0.1961 17.4515 2.0000 
2117 2118 19 1.6872 -1.7769 -12.2389 1.8224 -1.8024 -12.3841 0.0715 0.2000 0.4314 0.3922 0.1961 17.5593 2.0000 
2118 2119 19 1.8224 -1.8024 -12.3841 1.9530 -1.8315 -12.5328 0.0715 0.2000 0.4314 0.3922 0.1961 17.6678 2.0000 
2119 2120 19 1.9530 -1.8315 -12.5328 2.0932 -1.8515 -12.6740 0.0715 0.2000 0.4314 0.3922 0.1961 17.7772 2.0000 
2120 2121 19 2.0932 -1.8515 -12.6740 2.2230 -1.8765 -12.8241 0.0715 0.2000 0.4314 0.3922 0.1961 17.8875 2.0000 
2121 2122 19 2.2230 -1.8765 -12.8241 2.3460 -1.9045 -12.9792 0.0715 0.2000 0.4314 0.3922 0.1961 17.9986 2.0000 
2122 2123 19 2.3460 -1.9045 -12.9792 2.4428 -1.9027 -13.1543 0.0715 0.2000 0.4314 0.3922 0.1961 18.1106 2.0000 
2123 2124 19 2.4428 -1.9027 -13.1543 2.5272 -1.8813 -13.3343 0.0715 0.2000 0.4314 0.3922 0.1961 18.2235 2.0000 
2124 2125 19 2.5272 -1.8813 -13.3343 2.5951 -1.8524 -13.5202 0.0715 0.2000 0.4314 0.3922 0.1961 18.3373 2.0000 
2125 2126 19 2.5951 -1.8524 -13.5202 2.6796 -1.8645 -13.7011 0.0715 0.2000 0.4314 0.3922 0.1961 18.4520 2.0000 
2126 2127 19 2.6796 -1.8645 -13.7011 2.7608 -1.8755 -13.8835 0.0715 0.2000 0.4314 0.3922 0.1961 18.5676 2.0000 
2127 2128 19 2.7608 -1.8755 -13.8835 2.8679 -1.8669 -14.0522 0.0715 0.2000 0.4314 0.3922 0.1961 18.6842 2.0000 
2128 2129 19 2.8679 -1.8669 -14.0522 2.9636 -1.8868 -14.2267 0.0715 0.2000 0.4314 0.3922 0.1961 18.8017 2.0000 
2129 2130 19 2.9636 -1.8868 -14.2267 3.0540 -1.9315 -14.3994 0.0715 0.2000 0.4314 0.3922 0.1961 18.9202 2.0000 
2130 2131 19 3.0540 -1.9315 -14.3994 3.1304 -1.9444 -14.5838 0.0715 0.2000 0.4314 0.3922 0.1961 19.0397 2.0000 
2131 2132 19 3.1304 -1.9444 -14.5838 3.1932 -1.9590 -14.7731 0.0715 0.2000 0.4314 0.3922 0.1961 19.1602 2.0000 
2132 2133 19 3.1932 -1.9590 -14.7731 3.2476 -1.9771 -14.9647 0.0715 0.2000 0.4314 0.3922 0.1961 19.2818 2.0000 
2133 2134 19 3.2476 -1.9771 -14.9647 3.3091 -2.0143 -15.1513 0.0715 0.2000 0.4314 0.3922 0.1961 19.4044 2.0000 
2134 2135 19 3.3091 -2.0143 -15.1513 3.3381 -2.0398 -15.3476 0.0715 0.2000 0.4314 0.3922 0.1961 19.5280 2.0000 
2135 2136 19 3.3381 -2.0398 -15.3476 3.3417 -2.0677 -15.5456 0.0715 0.2000 0.4314 0.3922 0.1961 19.6527 2.0000 
2136 2137 19 3.3417 -2.0677 -15.5456 3.3568 -2.1151 -15.7393 0.0715 0.2000 0.4314 0.3922 0.1961 19.7786 2.0000 
2137 2138 19 3.3568 -2.1151 -15.7393 3.3707 -2.1621 -15.9332 0.0715 0.2000 0.4314 0.3922 0.1961 19.9055 2.0000 
2138 2139 19 3.3707 -2.1621 -15.9332 3.4083 -2.1613 -16.1296 0.0715 0.2000 0.4314 0.3922 0.1961 20.0336 2.0000 
2139 2140 19 3.4083 -2.1613 -16.1296 3.4445 -2.1611 -16.3263 0.0715 0.2000 0.4314 0.3922 0.1961 20.1629 2.0000 
2140 2141 19 3.4445 -2.1611 -16.3263 3.4805 -2.1607 -16.5231 0.0715 0.2000 0.4314 0.3922 0.1961 20.2933 2.0000 
2141 2142 19 3.4805 -2.1607 -16.5231 3.5164 -2.1605 -16.7198 0.0715 0.2000 0.4314 0.3922 0.1961 20.4250 2.0000 
2142 2143 19 3.5164 -2.1605 -16.7198 3.5432 -2.1759 -16.9174 0.0715 0.2000 0.4314 0.3922 0.1961 20.5579 2.0000 
2143 2144 19 3.5432 -2.1759 -16.9174 3.5346 -2.1622 -17.1167 0.0715 0.2000 0.4314 0.3922 0.1961 20.6920 2.0000 
2144 2145 19 3.5346 -2.1622 -17.1167 3.5291 -2.1494 -17.3163 0.0715 0.2000 0.4314 0.3922 0.1961 20.8274 2.0000 
2145 2146 19 3.5291 -2.1494 -17.3163 3.5214 -2.1643 -17.5156 0.0715 0.2000 0.4314 0.3922 0.1961 20.9641 2.0000 
2146 2147 19 3.5214 -2.1643 -17.5156 3.5099 -2.1664 -17.7152 0.0715 0.2000 0.4314 0.3922 0.1961 21.1021 2.0000 
2147 2148 19 3.5099 -2.1664 -17.7152 3.5034 -2.1784 -17.9147 0.0715 0.2000 0.4314 0.3922 0.1961 21.2415 2.0000 
2148 2149 19 3.5034 -2.1784 -17.9147 3.4964 -2.2198 -18.1103 0.0715 0.2000 0.4314 0.3922 0.1961 21.3822 2.0000 
2149 2150 19 3.4964 -2.2198 -18.1103 3.4978 -2.2754 -18.3024 0.0715 0.2000 0.4314 0.3922 0.1961 21.5244 2.0000 
2150 2151 19 3.4978 -2.2754 -18.3024 3.5398 -2.3046 -18.4957 0.0715 0.2000 0.4314 0.3922 0.1961 21.6680 2.0000 
2151 2152 19 3.5398 -2.3046 -18.4957 3.5439 -2.3269 -18.6945 0.0715 0.2000 0.4314 0.3922 0.1961 21.8130 2.0000 
2152 2153 19 3.5439 -2.3269 -18.6945 3.5123 -2.3376 -18.8917 0.0715 0.2000 0.4314 0.3922 0.1961 21.9595 2.0000 
2153 2154 19 3.5123 -2.3376 -18.8917 3.4585 -2.3531 -19.0836 0.0715 0.2000 0.4314 0.3922 0.1961 22.1076 2.0000 
2154 2155 19 3.4585 -2.3531 -19.0836 3.3931 -2.3569 -19.2726 0.0715 0.2000 0.4314 0.3922 0.1961 22.2572 2.0000 
2155 2156 19 3.3931 -2.3569 -19.2726 3.3319 -2.3756 -19.4621 0.0715 0.2000 0.4314 0.3922 0.1961 22.4084 2.0000 
2156 2157 19 3.3319 -2.3756 -19.4621 3.2710 -2.3942 -19.6517 0.0715 0.2000 0.4314 0.3922 0.1961 22.5612 2.0000 
2157 2158 19 3.2710 -2.3942 -19.6517 3.2135 -2.4187 -19.8417 0.0715 0.2000 0.4314 0.3922 0.1961 22.7157 2.0000 
2158 2159 19 3.2135 -2.4187 -19.8417 3.1362 -2.4027 -20.0255 0.0715 0.2000 0.4314 0.3922 0.1961 22.8719 2.0000 
2159 2160 19 3.1362 -2.4027 -20.0255 3.1063 -2.3574 -20.2179 0.0715 0.2000 0.4314 0.3922 0.1961 23.0298 2.0000 
2160 2161 19 3.1063 -2.3574 -20.2179 3.0556 -2.2928 -20.4003 0.0715 0.2000 0.4314 0.3922 0.1961 23.1895 2.0000 
2161 2162 19 3.0556 -2.2928 -20.4003 2.9812 -2.2729 -20.5849 0.0715 0.2000 0.4314 0.3922 0.1961 23.3509 2.0000 
2162 2163 19 2.9812 -2.2729 -20.5849 2.8783 -2.2488 -20.7547 0.0715 0.2000 0.4314 0.3922 0.1961 23.5143 2.0000 
2163 2164 19 2.8783 -2.2488 -20.7547 2.8347 -2.2165 -20.9472 0.0715 0.2000 0.4314 0.3922 0.1961 23.6795 2.0000 
2164 2165 19 2.8347 -2.2165 -20.9472 2.8108 -2.1665 -21.1393 0.0715 0.2000 0.4314 0.3922 0.1961 23.8467 2.0000 
2165 2166 19 2.8108 -2.1665 -21.1393 2.7776 -2.1285 -21.3329 0.0715 0.2000 0.4314 0.3922 0.1961 24.0158 2.0000 
2166 2167 19 2.7776 -2.1285 -21.3329 2.7759 -2.0873 -21.5286 0.0715 0.2000 0.4314 0.3922 0.1961 24.1870 2.0000 
2167 2168 19 2.7759 -2.0873 -21.5286 2.7893 -2.0234 -21.7176 0.0715 0.2000 0.4314 0.3922 0.1961 24.3602 2.0000 
2168 2169 19 2.7893 -2.0234 -21.7176 2.8561 -1.9985 -21.9045 0.0715 0.2000 0.4314 0.3922 0.1961 24.5356 2.0000 
2169 2170 19 2.8561 -1.9985 -21.9045 2.9159 -1.9591 -22.0912 0.0715 0.2000 0.4314 0.3922 0.1961 24.7132 2.0000 
2170 2171 19 2.9159 -1.9591 -22.0912 2.9675 -1.9486 -22.2842 0.0715 0.2000 0.4314 0.3922 0.1961 24.8930 2.0000 
2171 2172 19 2.9675 -1.9486 -22.2842 3.0199 -1.9570 -22.4770 0.0715 0.2000 0.4314 0.3922 0.1961 25.0751 2.0000 
2172 2173 19 3.0199 -1.9570 -22.4770 3.0834 -1.9715 -22.6661 0.0715 0.2000 0.4314 0.3922 0.1961 25.2596 2.0000 
2173 2174 19 3.0834 -1.9715 -22.6661 3.1420 -1.9988 -22.8553 0.0715 0.2000 0.4314 0.3922 0.1961 25.4465 2.0000 
2174 2175 19 3.1420 -1.9988 -22.8553 3.2014 -2.0069 -23.0461 0.0715 0.2000 0.4314 0.3922 0.1961 25.6359 2.0000 
2175 2176 19 3.2014 -2.0069 -23.0461 3.2642 -1.9844 -23.2347 0.0715 0.2000 0.4314 0.3922 0.1961 25.8278 2.0000 
2176 2177 19 3.2642 -1.9844 -23.2347 3.3038 -1.9332 -23.4239 0.0715 0.2000 0.4314 0.3922 0.1961 26.0224 2.0000 
2177 2178 19 3.3038 -1.9332 -23.4239 3.3457 -1.9714 -23.6157 0.0715 0.2000 0.4314 0.3922 0.1961 26.2196 2.0000 
2178 2179 19 3.3457 -1.9714 -23.6157 3.3863 -1.9686 -23.8115 0.0715 0.2000 0.4314 0.3922 0.1961 26.4196 2.0000 
2179 2180 19 3.3863 -1.9686 -23.8115 3.4302 -1.9594 -24.0064 0.0715 0.2000 0.4314 0.3922 0.1961 26.6225 2.0000 
2180 2181 19 3.4302 -1.9594 -24.0064 3.4731 -1.9664 -24.2017 0.0715 0.2000 0.4314 0.3922 0.1961 26.8282 2.0000 
2181 2182 19 3.4731 -1.9664 -24.2017 3.4593 -2.0265 -24.3919 0.0715 0.2000 0.4314 0.3922 0.1961 27.0370 2.0000 
2182 2183 19 3.4593 -2.0265 -24.3919 3.4717 -2.0668 -24.5874 0.0715 0.2000 0.4314 0.3922 0.1961 27.2489 2.0000 
2183 2184 19 3.4717 -2.0668 -24.5874 3.4766 -2.1145 -24.7816 0.0715 0.2000 0.4314 0.3922 0.1961 27.4640 2.0000 
2184 2185 19 3.4766 -2.1145 -24.7816 3.4972 -2.1360 -24.9794 0.0715 0.2000 0.4314 0.3922 0.1961 27.6824 2.0000 
2185 2186 19 3.4972 -2.1360 -24.9794 3.4985 -2.1739 -25.1758 0.0715 0.2000 0.4314 0.3922 0.1961 27.9042 2.0000 
2186 2187 19 3.4985 -2.1739 -25.1758 3.5097 -2.2129 -25.3716 0.0715 0.2000 0.4314 0.3922 0.1961 28.1295 2.0000 
2187 2188 19 3.5097 -2.2129 -25.3716 3.5334 -2.2268 -25.5697 0.0715 0.2000 0.4314 0.3922 0.1961 28.3584 2.0000 
2188 2189 19 3.5334 -2.2268 -25.5697 3.5323 -2.2438 -25.7690 0.0715 0.2000 0.4314 0.3922 0.1961 28.5911 2.0000 
2189 2190 19 3.5323 -2.2438 -25.7690 3.5569 -2.2409 -25.9674 0.0715 0.2000 0.4314 0.3922 0.1961 28.8276 2.0000 
2190 2191 19 3.5569 -2.2409 -25.9674 3.5814 -2.2382 -26.1659 0.0715 0.2000 0.4314 0.3922 0.1961 29.0681 2.0000 
2191 2192 19 3.5814 -2.2382 -26.1659 3.5922 -2.2648 -26.3638 0.0715 0.2000 0.4314 0.3922 0.1961 29.3128 2.0000 
2192 2193 19 3.5922 -2.2648 -26.3638 3.5876 -2.2600 -26.5637 0.0715 0.2000 0.4314 0.3922 0.1961 29.5617 2.0000 
2193 2194 19 3.5876 -2.2600 -26.5637 3.5812 -2.2730 -26.7632 0.0715 0.2000 0.4314 0.3922 0.1961 29.8150 2.0000 
2194 2195 19 3.5812 -2.2730 -26.7632 3.5681 -2.2804 -26.9062 0.0715 0.1438 0.4314 0.3922 0.1961 30.0000 2.0000 
45 2196 20 0.2227 -0.2172 -10.4546 0.2728 -0.4037 -10.5068 0.0368 0.2000 0.4314 0.3922 0.1961 16.3889 2.0000 
2196 2197 20 0.2728 -0.4037 -10.5068 0.3107 -0.5856 -10.5809 0.0368 0.2000 0.4314 0.3922 0.1961 16.4861 2.0000 
2197 2198 20 0.3107 -0.5856 -10.5809 0.2893 -0.7534 -10.6875 0.0368 0.2000 0.4314 0.3922 0.1961 16.5839 2.0000 
2198 2199 20 0.2893 -0.7534 -10.6875 0.2813 -0.9294 -10.7823 0.0368 0.2000 0.4314 0.3922 0.1961 16.6824 2.0000 
2199 2200 20 0.2813 -0.9294 -10.7823 0.2764 -1.0979 -10.8899 0.0368 0.2000 0.4314 0.3922 0.1961 16.7816 2.0000 
2200 2201 20 0.2764 -1.0979 -10.8899 0.2906 -1.2622 -11.0031 0.0368 0.2000 0.4314 0.3922 0.1961 16.8815 2.0000 
2201 2202 20 0.2906 -1.2622 -11.0031 0.2903 -1.4310 -11.1103 0.0368 0.2000 0.4314 0.3922 0.1961 16.9821 2.0000 
2202 2203 20 0.2903 -1.4310 -11.1103 0.3112 -1.5900 -11.2297 0.0368 0.2000 0.4314 0.3922 0.1961 17.0835 2.0000 
2203 2204 20 0.3112 -1.5900 -11.2297 0.3326 -1.7491 -11.3491 0.0368 0.2000 0.4314 0.3922 0.1961 17.1855 2.0000 
2204 2205 20 0.3326 -1.7491 -11.3491 0.3537 -1.9078 -11.4689 0.0368 0.2000 0.4314 0.3922 0.1961 17.2883 2.0000 
2205 2206 20 0.3537 -1.9078 -11.4689 0.3732 -2.0671 -11.5883 0.0368 0.2000 0.4314 0.3922 0.1961 17.3918 2.0000 
2206 2207 20 0.3732 -2.0671 -11.5883 0.3583 -2.1795 -11.7530 0.0368 0.2000 0.4314 0.3922 0.1961 17.4961 2.0000 
2207 2208 20 0.3583 -2.1795 -11.7530 0.3240 -2.2797 -11.9227 0.0368 0.2000 0.4314 0.3922 0.1961 17.6011 2.0000 
2208 2209 20 0.3240 -2.2797 -11.9227 0.2917 -2.3818 -12.0916 0.0368 0.2000 0.4314 0.3922 0.1961 17.7069 2.0000 
2209 2210 20 0.2917 -2.3818 -12.0916 0.2536 -2.4793 -12.2620 0.0368 0.2000 0.4314 0.3922 0.1961 17.8135 2.0000 
2210 2211 20 0.2536 -2.4793 -12.2620 0.2137 -2.5756 -12.4327 0.0368 0.2000 0.4314 0.3922 0.1961 17.9210 2.0000 
2211 2212 20 0.2137 -2.5756 -12.4327 0.1867 -2.6435 -12.6189 0.0368 0.2000 0.4314 0.3922 0.1961 18.0292 2.0000 
2212 2213 20 0.1867 -2.6435 -12.6189 0.1472 -2.7226 -12.7983 0.0368 0.2000 0.4314 0.3922 0.1961 18.1382 2.0000 
2213 2214 20 0.1472 -2.7226 -12.7983 0.0936 -2.7875 -12.9797 0.0368 0.2000 0.4314 0.3922 0.1961 18.2481 2.0000 
2214 2215 20 0.0936 -2.7875 -12.9797 0.0149 -2.8573 -13.1498 0.0368 0.2000 0.4314 0.3922 0.1961 18.3589 2.0000 
2215 2216 20 0.0149 -2.8573 -13.1498 -0.0532 -2.9256 -13.3250 0.0368 0.2000 0.4314 0.3922 0.1961 18.4705 2.0000 
2216 2217 20 -0.0532 -2.9256 -13.3250 -0.1261 -2.9961 -13.4974 0.0368 0.2000 0.4314 0.3922 0.1961 18.5830 2.0000 
2217 2218 20 -0.1261 -2.9961 -13.4974 -0.1960 -3.0649 -13.6717 0.0368 0.2000 0.4314 0.3922 0.1961 18.6964 2.0000 
2218 2219 20 -0.1960 -3.0649 -13.6717 -0.2504 -3.1420 -13.8480 0.0368 0.2000 0.4314 0.3922 0.1961 18.8106 2.0000 
2219 2220 20 -0.2504 -3.1420 -13.8480 -0.3045 -3.2205 -14.0239 0.0368 0.2000 0.4314 0.3922 0.1961 18.9259 2.0000 
2220 2221 20 -0.3045 -3.2205 -14.0239 -0.3701 -3.2864 -14.2009 0.0368 0.2000 0.4314 0.3922 0.1961 19.0420 2.0000 
2221 2222 20 -0.3701 -3.2864 -14.2009 -0.4290 -3.3857 -14.3643 0.0368 0.2000 0.4314 0.3922 0.1961 19.1591 2.0000 
2222 2223 20 -0.4290 -3.3857 -14.3643 -0.4990 -3.4899 -14.5200 0.0368 0.2000 0.4314 0.3922 0.1961 19.2772 2.0000 
2223 2224 20 -0.4990 -3.4899 -14.5200 -0.5790 -3.5986 -14.6675 0.0368 0.2000 0.4314 0.3922 0.1961 19.3962 2.0000 
2224 2225 20 -0.5790 -3.5986 -14.6675 -0.6617 -3.6810 -14.8299 0.0368 0.2000 0.4314 0.3922 0.1961 19.5163 2.0000 
2225 2226 20 -0.6617 -3.6810 -14.8299 -0.7315 -3.7624 -14.9987 0.0368 0.2000 0.4314 0.3922 0.1961 19.6374 2.0000 
2226 2227 20 -0.7315 -3.7624 -14.9987 -0.7811 -3.8169 -15.1847 0.0368 0.2000 0.4314 0.3922 0.1961 19.7595 2.0000 
2227 2228 20 -0.7811 -3.8169 -15.1847 -0.8342 -3.8711 -15.3697 0.0368 0.2000 0.4314 0.3922 0.1961 19.8827 2.0000 
2228 2229 20 -0.8342 -3.8711 -15.3697 -0.8251 -3.8819 -15.5692 0.0368 0.2000 0.4314 0.3922 0.1961 20.0069 2.0000 
2229 2230 20 -0.8251 -3.8819 -15.5692 -0.8179 -3.9021 -15.7681 0.0368 0.2000 0.4314 0.3922 0.1961 20.1322 2.0000 
2230 2231 20 -0.8179 -3.9021 -15.7681 -0.8393 -3.9132 -15.9666 0.0368 0.2000 0.4314 0.3922 0.1961 20.2586 2.0000 
2231 2232 20 -0.8393 -3.9132 -15.9666 -0.8652 -3.9136 -16.1649 0.0368 0.2000 0.4314 0.3922 0.1961 20.3862 2.0000 
2232 2233 20 -0.8652 -3.9136 -16.1649 -0.8964 -3.9193 -16.3624 0.0368 0.2000 0.4314 0.3922 0.1961 20.5149 2.0000 
2233 2234 20 -0.8964 -3.9193 -16.3624 -0.8975 -3.8837 -16.5592 0.0368 0.2000 0.4314 0.3922 0.1961 20.6448 2.0000 
2234 2235 20 -0.8975 -3.8837 -16.5592 -0.9227 -3.8661 -16.7568 0.0368 0.2000 0.4314 0.3922 0.1961 20.7759 2.0000 
2235 2236 20 -0.9227 -3.8661 -16.7568 -0.9476 -3.8662 -16.9553 0.0368 0.2000 0.4314 0.3922 0.1961 20.9082 2.0000 
2236 2237 20 -0.9476 -3.8662 -16.9553 -0.9938 -3.8540 -17.1495 0.0368 0.2000 0.4314 0.3922 0.1961 21.0417 2.0000 
2237 2238 20 -0.9938 -3.8540 -17.1495 -1.0423 -3.8364 -17.3427 0.0368 0.2000 0.4314 0.3922 0.1961 21.1765 2.0000 
2238 2239 20 -1.0423 -3.8364 -17.3427 -1.0958 -3.8216 -17.5348 0.0368 0.2000 0.4314 0.3922 0.1961 21.3126 2.0000 
2239 2240 20 -1.0958 -3.8216 -17.5348 -1.1773 -3.8136 -17.7173 0.0368 0.2000 0.4314 0.3922 0.1961 21.4500 2.0000 
2240 2241 20 -1.1773 -3.8136 -17.7173 -1.2587 -3.8056 -17.8998 0.0368 0.2000 0.4314 0.3922 0.1961 21.5887 2.0000 
2241 2242 20 -1.2587 -3.8056 -17.8998 -1.3258 -3.8043 -18.0882 0.0368 0.2000 0.4314 0.3922 0.1961 21.7288 2.0000 
2242 2243 20 -1.3258 -3.8043 -18.0882 -1.4008 -3.7945 -18.2734 0.0368 0.2000 0.4314 0.3922 0.1961 21.8702 2.0000 
2243 2244 20 -1.4008 -3.7945 -18.2734 -1.5088 -3.8159 -18.4403 0.0368 0.2000 0.4314 0.3922 0.1961 22.0131 2.0000 
2244 2245 20 -1.5088 -3.8159 -18.4403 -1.6187 -3.8368 -18.6062 0.0368 0.2000 0.4314 0.3922 0.1961 22.1575 2.0000 
2245 2246 20 -1.6187 -3.8368 -18.6062 -1.7324 -3.8597 -18.7691 0.0368 0.2000 0.4314 0.3922 0.1961 22.3033 2.0000 
2246 2247 20 -1.7324 -3.8597 -18.7691 -1.8439 -3.9126 -18.9264 0.0368 0.2000 0.4314 0.3922 0.1961 22.4506 2.0000 
2247 2248 20 -1.8439 -3.9126 -18.9264 -1.9395 -3.9611 -19.0953 0.0368 0.2000 0.4314 0.3922 0.1961 22.5994 2.0000 
2248 2249 20 -1.9395 -3.9611 -19.0953 -1.9820 -3.9990 -19.2870 0.0368 0.2000 0.4314 0.3922 0.1961 22.7498 2.0000 
2249 2250 20 -1.9820 -3.9990 -19.2870 -2.0193 -4.0459 -19.4778 0.0368 0.2000 0.4314 0.3922 0.1961 22.9018 2.0000 
2250 2251 20 -2.0193 -4.0459 -19.4778 -2.0589 -4.0859 -19.6697 0.0368 0.2000 0.4314 0.3922 0.1961 23.0555 2.0000 
2251 2252 20 -2.0589 -4.0859 -19.6697 -2.0721 -4.1286 -19.8647 0.0368 0.2000 0.4314 0.3922 0.1961 23.2108 2.0000 
2252 2253 20 -2.0721 -4.1286 -19.8647 -2.0857 -4.1933 -20.0534 0.0368 0.2000 0.4314 0.3922 0.1961 23.3678 2.0000 
2253 2254 20 -2.0857 -4.1933 -20.0534 -2.0903 -4.2198 -20.2516 0.0368 0.2000 0.4314 0.3922 0.1961 23.5266 2.0000 
2254 2255 20 -2.0903 -4.2198 -20.2516 -2.0890 -4.2406 -20.4505 0.0368 0.2000 0.4314 0.3922 0.1961 23.6872 2.0000 
2255 2256 20 -2.0890 -4.2406 -20.4505 -2.0970 -4.2596 -20.6495 0.0368 0.2000 0.4314 0.3922 0.1961 23.8496 2.0000 
2256 2257 20 -2.0970 -4.2596 -20.6495 -2.1049 -4.2786 -20.8484 0.0368 0.2000 0.4314 0.3922 0.1961 24.0138 2.0000 
2257 2258 20 -2.1049 -4.2786 -20.8484 -2.1082 -4.2963 -21.0476 0.0368 0.2000 0.4314 0.3922 0.1961 24.1800 2.0000 
2258 2259 20 -2.1082 -4.2963 -21.0476 -2.1091 -4.3076 -21.2473 0.0368 0.2000 0.4314 0.3922 0.1961 24.3481 2.0000 
2259 2260 20 -2.1091 -4.3076 -21.2473 -2.1137 -4.3134 -21.4471 0.0368 0.2000 0.4314 0.3922 0.1961 24.5182 2.0000 
2260 2261 20 -2.1137 -4.3134 -21.4471 -2.1167 -4.3196 -21.6470 0.0368 0.2000 0.4314 0.3922 0.1961 24.6904 2.0000 
2261 2262 20 -2.1167 -4.3196 -21.6470 -2.1179 -4.3191 -21.8470 0.0368 0.2000 0.4314 0.3922 0.1961 24.8647 2.0000 
2262 2263 20 -2.1179 -4.3191 -21.8470 -2.1281 -4.3111 -22.0466 0.0368 0.2000 0.4314 0.3922 0.1961 25.0411 2.0000 
2263 2264 20 -2.1281 -4.3111 -22.0466 -2.1441 -4.2934 -22.2452 0.0368 0.2000 0.4314 0.3922 0.1961 25.2197 2.0000 
2264 2265 20 -2.1441 -4.2934 -22.2452 -2.1943 -4.3260 -22.4360 0.0368 0.2000 0.4314 0.3922 0.1961 25.4007 2.0000 
2265 2266 20 -2.1943 -4.3260 -22.4360 -2.1916 -4.3279 -22.6360 0.0368 0.2000 0.4314 0.3922 0.1961 25.5839 2.0000 
2266 2267 20 -2.1916 -4.3279 -22.6360 -2.1702 -4.3516 -22.8334 0.0368 0.2000 0.4314 0.3922 0.1961 25.7695 2.0000 
2267 2268 20 -2.1702 -4.3516 -22.8334 -2.2029 -4.4189 -23.0189 0.0368 0.2000 0.4314 0.3922 0.1961 25.9575 2.0000 
2268 2269 20 -2.2029 -4.4189 -23.0189 -2.2441 -4.4922 -23.2004 0.0368 0.2000 0.4314 0.3922 0.1961 26.1481 2.0000 
2269 2270 20 -2.2441 -4.4922 -23.2004 -2.3079 -4.5496 -23.3810 0.0368 0.2000 0.4314 0.3922 0.1961 26.3412 2.0000 
2270 2271 20 -2.3079 -4.5496 -23.3810 -2.3759 -4.6073 -23.5600 0.0368 0.2000 0.4314 0.3922 0.1961 26.5370 2.0000 
2271 2272 20 -2.3759 -4.6073 -23.5600 -2.4148 -4.6011 -23.7561 0.0368 0.2000 0.4314 0.3922 0.1961 26.7355 2.0000 
2272 2273 20 -2.4148 -4.6011 -23.7561 -2.4539 -4.5844 -23.9515 0.0368 0.2000 0.4314 0.3922 0.1961 26.9368 2.0000 
2273 2274 20 -2.4539 -4.5844 -23.9515 -2.4932 -4.5679 -24.1469 0.0368 0.2000 0.4314 0.3922 0.1961 27.1410 2.0000 
2274 2275 20 -2.4932 -4.5679 -24.1469 -2.5349 -4.5495 -24.3417 0.0368 0.2000 0.4314 0.3922 0.1961 27.3482 2.0000 
2275 2276 20 -2.5349 -4.5495 -24.3417 -2.5448 -4.5466 -24.5414 0.0368 0.2000 0.4314 0.3922 0.1961 27.5584 2.0000 
2276 2277 20 -2.5448 -4.5466 -24.5414 -2.5630 -4.5219 -24.7390 0.0368 0.2000 0.4314 0.3922 0.1961 27.7717 2.0000 
2277 2278 20 -2.5630 -4.5219 -24.7390 -2.5767 -4.4906 -24.9361 0.0368 0.2000 0.4314 0.3922 0.1961 27.9883 2.0000 
2278 2279 20 -2.5767 -4.4906 -24.9361 -2.5879 -4.4540 -25.1324 0.0368 0.2000 0.4314 0.3922 0.1961 28.2082 2.0000 
2279 2280 20 -2.5879 -4.4540 -25.1324 -2.5994 -4.4212 -25.3294 0.0368 0.2000 0.4314 0.3922 0.1961 28.4315 2.0000 
2280 2281 20 -2.5994 -4.4212 -25.3294 -2.5939 -4.3896 -25.5268 0.0368 0.2000 0.4314 0.3922 0.1961 28.6584 2.0000 
2281 2282 20 -2.5939 -4.3896 -25.5268 -2.5936 -4.3689 -25.7257 0.0368 0.2000 0.4314 0.3922 0.1961 28.8890 2.0000 
2282 2283 20 -2.5936 -4.3689 -25.7257 -2.5797 -4.3634 -25.9251 0.0368 0.2000 0.4314 0.3922 0.1961 29.1234 2.0000 
2283 2284 20 -2.5797 -4.3634 -25.9251 -2.5593 -4.3351 -26.1221 0.0368 0.2000 0.4314 0.3922 0.1961 29.3616 2.0000 
2284 2285 20 -2.5593 -4.3351 -26.1221 -2.5319 -4.3207 -26.3197 0.0368 0.2000 0.4314 0.3922 0.1961 29.6039 2.0000 
2285 2286 20 -2.5319 -4.3207 -26.3197 -2.5540 -4.2927 -26.5164 0.0368 0.2000 0.4314 0.3922 0.1961 29.8504 2.0000 
2286 2287 20 -2.5540 -4.2927 -26.5164 -2.5638 -4.2782 -26.6348 0.0368 0.1197 0.4314 0.3922 0.1961 30.0000 2.0000 
47 2288 21 0.1968 -0.2724 -10.7905 0.0923 -0.4272 -10.8622 0.0813 0.2000 0.4314 0.3922 0.1961 16.7870 2.0000 
2288 2289 21 0.0923 -0.4272 -10.8622 -0.0169 -0.5795 -10.9321 0.0813 0.2000 0.4314 0.3922 0.1961 16.8899 2.0000 
2289 2290 21 -0.0169 -0.5795 -10.9321 -0.1146 -0.7476 -10.9789 0.0813 0.2000 0.4314 0.3922 0.1961 16.9934 2.0000 
2290 2291 21 -0.1146 -0.7476 -10.9789 -0.2029 -0.9126 -11.0495 0.0813 0.2000 0.4314 0.3922 0.1961 17.0977 2.0000 
2291 2292 21 -0.2029 -0.9126 -11.0495 -0.2833 -1.0791 -11.1257 0.0813 0.2000 0.4314 0.3922 0.1961 17.2026 2.0000 
2292 2293 21 -0.2833 -1.0791 -11.1257 -0.3581 -1.2447 -11.2091 0.0813 0.2000 0.4314 0.3922 0.1961 17.3082 2.0000 
2293 2294 21 -0.3581 -1.2447 -11.2091 -0.4134 -1.4142 -11.2998 0.0813 0.2000 0.4314 0.3922 0.1961 17.4145 2.0000 
2294 2295 21 -0.4134 -1.4142 -11.2998 -0.4786 -1.5765 -11.3967 0.0813 0.2000 0.4314 0.3922 0.1961 17.5216 2.0000 
2295 2296 21 -0.4786 -1.5765 -11.3967 -0.5356 -1.7481 -11.4822 0.0813 0.2000 0.4314 0.3922 0.1961 17.6293 2.0000 
2296 2297 21 -0.5356 -1.7481 -11.4822 -0.5818 -1.9128 -11.5858 0.0813 0.2000 0.4314 0.3922 0.1961 17.7378 2.0000 
2297 2298 21 -0.5818 -1.9128 -11.5858 -0.6425 -2.0754 -11.6853 0.0813 0.2000 0.4314 0.3922 0.1961 17.8470 2.0000 
2298 2299 21 -0.6425 -2.0754 -11.6853 -0.7077 -2.2180 -11.8094 0.0813 0.2000 0.4314 0.3922 0.1961 17.9570 2.0000 
2299 2300 21 -0.7077 -2.2180 -11.8094 -0.7713 -2.3570 -11.9383 0.0813 0.2000 0.4314 0.3922 0.1961 18.0678 2.0000 
2300 2301 21 -0.7713 -2.3570 -11.9383 -0.8533 -2.4859 -12.0675 0.0813 0.2000 0.4314 0.3922 0.1961 18.1793 2.0000 
2301 2302 21 -0.8533 -2.4859 -12.0675 -0.9409 -2.6139 -12.1937 0.0813 0.2000 0.4314 0.3922 0.1961 18.2916 2.0000 
2302 2303 21 -0.9409 -2.6139 -12.1937 -1.0245 -2.7409 -12.3237 0.0813 0.2000 0.4314 0.3922 0.1961 18.4048 2.0000 
2303 2304 21 -1.0245 -2.7409 -12.3237 -1.1146 -2.8652 -12.4518 0.0813 0.2000 0.4314 0.3922 0.1961 18.5187 2.0000 
2304 2305 21 -1.1146 -2.8652 -12.4518 -1.1938 -2.9739 -12.5998 0.0813 0.2000 0.4314 0.3922 0.1961 18.6334 2.0000 
2305 2306 21 -1.1938 -2.9739 -12.5998 -1.2689 -3.0884 -12.7456 0.0813 0.2000 0.4314 0.3922 0.1961 18.7490 2.0000 
2306 2307 21 -1.2689 -3.0884 -12.7456 -1.3400 -3.1647 -12.9163 0.0813 0.2000 0.4314 0.3922 0.1961 18.8654 2.0000 
2307 2308 21 -1.3400 -3.1647 -12.9163 -1.4159 -3.2397 -13.0855 0.0813 0.2000 0.4314 0.3922 0.1961 18.9827 2.0000 
2308 2309 21 -1.4159 -3.2397 -13.0855 -1.4945 -3.3056 -13.2571 0.0813 0.2000 0.4314 0.3922 0.1961 19.1009 2.0000 
2309 2310 21 -1.4945 -3.3056 -13.2571 -1.5723 -3.3785 -13.4263 0.0813 0.2000 0.4314 0.3922 0.1961 19.2199 2.0000 
2310 2311 21 -1.5723 -3.3785 -13.4263 -1.6686 -3.4478 -13.5874 0.0813 0.2000 0.4314 0.3922 0.1961 19.3399 2.0000 
2311 2312 21 -1.6686 -3.4478 -13.5874 -1.7568 -3.5151 -13.7538 0.0813 0.2000 0.4314 0.3922 0.1961 19.4607 2.0000 
2312 2313 21 -1.7568 -3.5151 -13.7538 -1.8723 -3.5677 -13.9083 0.0813 0.2000 0.4314 0.3922 0.1961 19.5825 2.0000 
2313 2314 21 -1.8723 -3.5677 -13.9083 -1.9989 -3.6173 -14.0550 0.0813 0.2000 0.4314 0.3922 0.1961 19.7052 2.0000 
2314 2315 21 -1.9989 -3.6173 -14.0550 -2.1271 -3.6620 -14.2018 0.0813 0.2000 0.4314 0.3922 0.1961 19.8289 2.0000 
2315 2316 21 -2.1271 -3.6620 -14.2018 -2.2351 -3.7146 -14.3618 0.0813 0.2000 0.4314 0.3922 0.1961 19.9535 2.0000 
2316 2317 21 -2.2351 -3.7146 -14.3618 -2.3454 -3.7952 -14.5078 0.0813 0.2000 0.4314 0.3922 0.1961 20.0791 2.0000 
2317 2318 21 -2.3454 -3.7952 -14.5078 -2.4611 -3.8334 -14.6665 0.0813 0.2000 0.4314 0.3922 0.1961 20.2057 2.0000 
2318 2319 21 -2.4611 -3.8334 -14.6665 -2.5833 -3.8665 -14.8213 0.0813 0.2000 0.4314 0.3922 0.1961 20.3334 2.0000 
2319 2320 21 -2.5833 -3.8665 -14.8213 -2.6950 -3.9115 -14.9809 0.0813 0.2000 0.4314 0.3922 0.1961 20.4620 2.0000 
2320 2321 21 -2.6950 -3.9115 -14.9809 -2.8051 -3.9532 -15.1426 0.0813 0.2000 0.4314 0.3922 0.1961 20.5918 2.0000 
2321 2322 21 -2.8051 -3.9532 -15.1426 -2.9329 -3.9657 -15.2960 0.0813 0.2000 0.4314 0.3922 0.1961 20.7225 2.0000 
2322 2323 21 -2.9329 -3.9657 -15.2960 -3.0563 -3.9815 -15.4525 0.0813 0.2000 0.4314 0.3922 0.1961 20.8544 2.0000 
2323 2324 21 -3.0563 -3.9815 -15.4525 -3.1809 -3.9922 -15.6086 0.0813 0.2000 0.4314 0.3922 0.1961 20.9874 2.0000 
2324 2325 21 -3.1809 -3.9922 -15.6086 -3.3042 -3.9990 -15.7660 0.0813 0.2000 0.4314 0.3922 0.1961 21.1215 2.0000 
2325 2326 21 -3.3042 -3.9990 -15.7660 -3.4481 -4.0301 -15.9013 0.0813 0.2000 0.4314 0.3922 0.1961 21.2567 2.0000 
2326 2327 21 -3.4481 -4.0301 -15.9013 -3.5756 -4.0788 -16.0475 0.0813 0.2000 0.4314 0.3922 0.1961 21.3931 2.0000 
2327 2328 21 -3.5756 -4.0788 -16.0475 -3.7017 -4.1458 -16.1876 0.0813 0.2000 0.4314 0.3922 0.1961 21.5306 2.0000 
2328 2329 21 -3.7017 -4.1458 -16.1876 -3.8032 -4.2063 -16.3489 0.0813 0.2000 0.4314 0.3922 0.1961 21.6694 2.0000 
2329 2330 21 -3.8032 -4.2063 -16.3489 -3.8917 -4.2503 -16.5228 0.0813 0.2000 0.4314 0.3922 0.1961 21.8094 2.0000 
2330 2331 21 -3.8917 -4.2503 -16.5228 -3.9522 -4.3095 -16.7040 0.0813 0.2000 0.4314 0.3922 0.1961 21.9506 2.0000 
2331 2332 21 -3.9522 -4.3095 -16.7040 -4.0122 -4.3667 -16.8860 0.0813 0.2000 0.4314 0.3922 0.1961 22.0931 2.0000 
2332 2333 21 -4.0122 -4.3667 -16.8860 -4.0698 -4.4215 -17.0695 0.0813 0.2000 0.4314 0.3922 0.1961 22.2369 2.0000 
2333 2334 21 -4.0698 -4.4215 -17.0695 -4.1599 -4.5070 -17.2263 0.0813 0.2000 0.4314 0.3922 0.1961 22.3819 2.0000 
2334 2335 21 -4.1599 -4.5070 -17.2263 -4.2379 -4.5834 -17.3939 0.0813 0.2000 0.4314 0.3922 0.1961 22.5284 2.0000 
2335 2336 21 -4.2379 -4.5834 -17.3939 -4.2806 -4.6558 -17.5753 0.0813 0.2000 0.4314 0.3922 0.1961 22.6762 2.0000 
2336 2337 21 -4.2806 -4.6558 -17.5753 -4.3578 -4.7283 -17.7450 0.0813 0.2000 0.4314 0.3922 0.1961 22.8253 2.0000 
2337 2338 21 -4.3578 -4.7283 -17.7450 -4.4336 -4.7686 -17.9256 0.0813 0.2000 0.4314 0.3922 0.1961 22.9759 2.0000 
2338 2339 21 -4.4336 -4.7686 -17.9256 -4.5075 -4.8000 -18.1088 0.0813 0.2000 0.4314 0.3922 0.1961 23.1279 2.0000 
2339 2340 21 -4.5075 -4.8000 -18.1088 -4.5806 -4.8395 -18.2908 0.0813 0.2000 0.4314 0.3922 0.1961 23.2814 2.0000 
2340 2341 21 -4.5806 -4.8395 -18.2908 -4.6655 -4.9067 -18.4589 0.0813 0.2000 0.4314 0.3922 0.1961 23.4364 2.0000 
2341 2342 21 -4.6655 -4.9067 -18.4589 -4.7782 -4.9742 -18.6097 0.0813 0.2000 0.4314 0.3922 0.1961 23.5929 2.0000 
2342 2343 21 -4.7782 -4.9742 -18.6097 -4.9022 -5.0059 -18.7634 0.0813 0.2000 0.4314 0.3922 0.1961 23.7509 2.0000 
2343 2344 21 -4.9022 -5.0059 -18.7634 -5.0342 -5.0334 -18.9111 0.0813 0.2000 0.4314 0.3922 0.1961 23.9106 2.0000 
2344 2345 21 -5.0342 -5.0334 -18.9111 -5.1553 -5.0438 -19.0699 0.0813 0.2000 0.4314 0.3922 0.1961 24.0718 2.0000 
2345 2346 21 -5.1553 -5.0438 -19.0699 -5.2939 -5.0724 -19.2112 0.0813 0.2000 0.4314 0.3922 0.1961 24.2347 2.0000 
2346 2347 21 -5.2939 -5.0724 -19.2112 -5.4211 -5.0824 -19.3653 0.0813 0.2000 0.4314 0.3922 0.1961 24.3993 2.0000 
2347 2348 21 -5.4211 -5.0824 -19.3653 -5.5385 -5.0864 -19.5271 0.0813 0.2000 0.4314 0.3922 0.1961 24.5656 2.0000 
2348 2349 21 -5.5385 -5.0864 -19.5271 -5.6547 -5.0852 -19.6899 0.0813 0.2000 0.4314 0.3922 0.1961 24.7337 2.0000 
2349 2350 21 -5.6547 -5.0852 -19.6899 -5.7422 -5.0762 -19.8695 0.0813 0.2000 0.4314 0.3922 0.1961 24.9036 2.0000 
2350 2351 21 -5.7422 -5.0762 -19.8695 -5.8488 -5.0636 -20.0383 0.0813 0.2000 0.4314 0.3922 0.1961 25.0753 2.0000 
2351 2352 21 -5.8488 -5.0636 -20.0383 -5.9505 -5.1023 -20.2061 0.0813 0.2000 0.4314 0.3922 0.1961 25.2489 2.0000 
2352 2353 21 -5.9505 -5.1023 -20.2061 -6.0776 -5.1636 -20.3478 0.0813 0.2000 0.4314 0.3922 0.1961 25.4243 2.0000 
2353 2354 21 -6.0776 -5.1636 -20.3478 -6.1454 -5.2510 -20.5145 0.0813 0.2000 0.4314 0.3922 0.1961 25.6018 2.0000 
2354 2355 21 -6.1454 -5.2510 -20.5145 -6.2159 -5.3268 -20.6856 0.0813 0.2000 0.4314 0.3922 0.1961 25.7812 2.0000 
2355 2356 21 -6.2159 -5.3268 -20.6856 -6.2789 -5.3944 -20.8630 0.0813 0.2000 0.4314 0.3922 0.1961 25.9627 2.0000 
2356 2357 21 -6.2789 -5.3944 -20.8630 -6.3213 -5.4673 -21.0443 0.0813 0.2000 0.4314 0.3922 0.1961 26.1463 2.0000 
2357 2358 21 -6.3213 -5.4673 -21.0443 -6.4079 -5.5458 -21.2066 0.0813 0.2000 0.4314 0.3922 0.1961 26.3320 2.0000 
2358 2359 21 -6.4079 -5.5458 -21.2066 -6.4926 -5.6227 -21.3707 0.0813 0.2000 0.4314 0.3922 0.1961 26.5199 2.0000 
2359 2360 21 -6.4926 -5.6227 -21.3707 -6.6134 -5.7044 -21.5075 0.0813 0.2000 0.4314 0.3922 0.1961 26.7101 2.0000 
2360 2361 21 -6.6134 -5.7044 -21.5075 -6.7519 -5.7624 -21.6396 0.0813 0.2000 0.4314 0.3922 0.1961 26.9025 2.0000 
2361 2362 21 -6.7519 -5.7624 -21.6396 -6.8960 -5.7986 -21.7734 0.0813 0.2000 0.4314 0.3922 0.1961 27.0974 2.0000 
2362 2363 21 -6.8960 -5.7986 -21.7734 -7.0386 -5.8392 -21.9078 0.0813 0.2000 0.4314 0.3922 0.1961 27.2946 2.0000 
2363 2364 21 -7.0386 -5.8392 -21.9078 -7.1598 -5.8851 -22.0601 0.0813 0.2000 0.4314 0.3922 0.1961 27.4943 2.0000 
2364 2365 21 -7.1598 -5.8851 -22.0601 -7.2845 -5.9293 -22.2101 0.0813 0.2000 0.4314 0.3922 0.1961 27.6965 2.0000 
2365 2366 21 -7.2845 -5.9293 -22.2101 -7.4058 -5.9751 -22.3624 0.0813 0.2000 0.4314 0.3922 0.1961 27.9014 2.0000 
2366 2367 21 -7.4058 -5.9751 -22.3624 -7.5264 -6.0229 -22.5145 0.0813 0.2000 0.4314 0.3922 0.1961 28.1089 2.0000 
2367 2368 21 -7.5264 -6.0229 -22.5145 -7.6435 -6.0731 -22.6687 0.0813 0.2000 0.4314 0.3922 0.1961 28.3192 2.0000 
2368 2369 21 -7.6435 -6.0731 -22.6687 -7.7861 -6.1174 -22.8017 0.0813 0.2000 0.4314 0.3922 0.1961 28.5322 2.0000 
2369 2370 21 -7.7861 -6.1174 -22.8017 -7.9417 -6.1637 -22.9186 0.0813 0.2000 0.4314 0.3922 0.1961 28.7482 2.0000 
2370 2371 21 -7.9417 -6.1637 -22.9186 -8.0794 -6.2115 -23.0555 0.0813 0.2000 0.4314 0.3922 0.1961 28.9672 2.0000 
2371 2372 21 -8.0794 -6.2115 -23.0555 -8.2259 -6.2504 -23.1860 0.0813 0.2000 0.4314 0.3922 0.1961 29.1891 2.0000 
2372 2373 21 -8.2259 -6.2504 -23.1860 -8.3689 -6.2669 -23.3249 0.0813 0.2000 0.4314 0.3922 0.1961 29.4143 2.0000 
2373 2374 21 -8.3689 -6.2669 -23.3249 -8.5299 -6.2915 -23.4409 0.0813 0.2000 0.4314 0.3922 0.1961 29.6426 2.0000 
2374 2375 21 -8.5299 -6.2915 -23.4409 -8.6990 -6.3219 -23.5432 0.0813 0.2000 0.4314 0.3922 0.1961 29.8743 2.0000 
2375 2376 21 -8.6990 -6.3219 -23.5432 -8.7814 -6.3201 -23.6120 0.0813 0.1073 0.4314 0.3922 0.1961 30.0000 2.0000 
49 2377 22 0.1848 -0.2851 -11.1885 0.0966 -0.1304 -11.2795 0.0781 0.2000 0.4314 0.3922 0.1961 17.2543 2.0000 
2377 2378 22 0.0966 -0.1304 -11.2795 0.0061 0.0214 -11.3731 0.0781 0.2000 0.4314 0.3922 0.1961 17.3604 2.0000 
2378 2379 22 0.0061 0.0214 -11.3731 -0.0723 0.1730 -11.4775 0.0781 0.2000 0.4314 0.3922 0.1961 17.4672 2.0000 
2379 2380 22 -0.0723 0.1730 -11.4775 -0.1489 0.3414 -11.5533 0.0781 0.2000 0.4314 0.3922 0.1961 17.5746 2.0000 
2380 2381 22 -0.1489 0.3414 -11.5533 -0.2285 0.5089 -11.6282 0.0781 0.2000 0.4314 0.3922 0.1961 17.6827 2.0000 
2381 2382 22 -0.2285 0.5089 -11.6282 -0.2880 0.6831 -11.7066 0.0781 0.2000 0.4314 0.3922 0.1961 17.7915 2.0000 
2382 2383 22 -0.2880 0.6831 -11.7066 -0.3561 0.8494 -11.7943 0.0781 0.2000 0.4314 0.3922 0.1961 17.9010 2.0000 
2383 2384 22 -0.3561 0.8494 -11.7943 -0.4461 0.9909 -11.9034 0.0781 0.2000 0.4314 0.3922 0.1961 18.0112 2.0000 
2384 2385 22 -0.4461 0.9909 -11.9034 -0.5259 1.1290 -12.0239 0.0781 0.2000 0.4314 0.3922 0.1961 18.1221 2.0000 
2385 2386 22 -0.5259 1.1290 -12.0239 -0.5927 1.2845 -12.1305 0.0781 0.2000 0.4314 0.3922 0.1961 18.2338 2.0000 
2386 2387 22 -0.5927 1.2845 -12.1305 -0.6402 1.4523 -12.2284 0.0781 0.2000 0.4314 0.3922 0.1961 18.3461 2.0000 
2387 2388 22 -0.6402 1.4523 -12.2284 -0.6559 1.6280 -12.3228 0.0781 0.2000 0.4314 0.3922 0.1961 18.4592 2.0000 
2388 2389 22 -0.6559 1.6280 -12.3228 -0.7116 1.7822 -12.4372 0.0781 0.2000 0.4314 0.3922 0.1961 18.5731 2.0000 
2389 2390 22 -0.7116 1.7822 -12.4372 -0.7676 1.9306 -12.5591 0.0781 0.2000 0.4314 0.3922 0.1961 18.6877 2.0000 
2390 2391 22 -0.7676 1.9306 -12.5591 -0.8205 2.0765 -12.6853 0.0781 0.2000 0.4314 0.3922 0.1961 18.8031 2.0000 
2391 2392 22 -0.8205 2.0765 -12.6853 -0.9142 2.1755 -12.8316 0.0781 0.2000 0.4314 0.3922 0.1961 18.9192 2.0000 
2392 2393 22 -0.9142 2.1755 -12.8316 -0.9561 2.2725 -13.0014 0.0781 0.2000 0.4314 0.3922 0.1961 19.0362 2.0000 
2393 2394 22 -0.9561 2.2725 -13.0014 -1.0152 2.3576 -13.1725 0.0781 0.2000 0.4314 0.3922 0.1961 19.1540 2.0000 
2394 2395 22 -1.0152 2.3576 -13.1725 -1.0728 2.4515 -13.3394 0.0781 0.2000 0.4314 0.3922 0.1961 19.2725 2.0000 
2395 2396 22 -1.0728 2.4515 -13.3394 -1.1517 2.5473 -13.4962 0.0781 0.2000 0.4314 0.3922 0.1961 19.3919 2.0000 
2396 2397 22 -1.1517 2.5473 -13.4962 -1.2779 2.6123 -13.6371 0.0781 0.2000 0.4314 0.3922 0.1961 19.5122 2.0000 
2397 2398 22 -1.2779 2.6123 -13.6371 -1.3810 2.6685 -13.7990 0.0781 0.2000 0.4314 0.3922 0.1961 19.6333 2.0000 
2398 2399 22 -1.3810 2.6685 -13.7990 -1.4875 2.7250 -13.9586 0.0781 0.2000 0.4314 0.3922 0.1961 19.7552 2.0000 
2399 2400 22 -1.4875 2.7250 -13.9586 -1.5904 2.7748 -14.1227 0.0781 0.2000 0.4314 0.3922 0.1961 19.8780 2.0000 
2400 2401 22 -1.5904 2.7748 -14.1227 -1.6922 2.8333 -14.2846 0.0781 0.2000 0.4314 0.3922 0.1961 20.0017 2.0000 
2401 2402 22 -1.6922 2.8333 -14.2846 -1.8177 2.8702 -14.4359 0.0781 0.2000 0.4314 0.3922 0.1961 20.1263 2.0000 
2402 2403 22 -1.8177 2.8702 -14.4359 -1.9077 2.8300 -14.6099 0.0781 0.2000 0.4314 0.3922 0.1961 20.2519 2.0000 
2403 2404 22 -1.9077 2.8300 -14.6099 -2.0114 2.7559 -14.7640 0.0781 0.2000 0.4314 0.3922 0.1961 20.3783 2.0000 
2404 2405 22 -2.0114 2.7559 -14.7640 -2.1307 2.6570 -14.8906 0.0781 0.2000 0.4314 0.3922 0.1961 20.5057 2.0000 
2405 2406 22 -2.1307 2.6570 -14.8906 -2.2192 2.5339 -15.0209 0.0781 0.2000 0.4314 0.3922 0.1961 20.6340 2.0000 
2406 2407 22 -2.2192 2.5339 -15.0209 -2.3046 2.4123 -15.1548 0.0781 0.2000 0.4314 0.3922 0.1961 20.7633 2.0000 
2407 2408 22 -2.3046 2.4123 -15.1548 -2.4097 2.3450 -15.3111 0.0781 0.2000 0.4314 0.3922 0.1961 20.8936 2.0000 
2408 2409 22 -2.4097 2.3450 -15.3111 -2.5080 2.2803 -15.4728 0.0781 0.2000 0.4314 0.3922 0.1961 21.0249 2.0000 
2409 2410 22 -2.5080 2.2803 -15.4728 -2.6277 2.2052 -15.6143 0.0781 0.2000 0.4314 0.3922 0.1961 21.1572 2.0000 
2410 2411 22 -2.6277 2.2052 -15.6143 -2.7579 2.1169 -15.7379 0.0781 0.2000 0.4314 0.3922 0.1961 21.2905 2.0000 
2411 2412 22 -2.7579 2.1169 -15.7379 -2.8671 1.9917 -15.8492 0.0781 0.2000 0.4314 0.3922 0.1961 21.4249 2.0000 
2412 2413 22 -2.8671 1.9917 -15.8492 -2.9553 1.8631 -15.9744 0.0781 0.2000 0.4314 0.3922 0.1961 21.5603 2.0000 
2413 2414 22 -2.9553 1.8631 -15.9744 -3.0403 1.7429 -16.1098 0.0781 0.2000 0.4314 0.3922 0.1961 21.6968 2.0000 
2414 2415 22 -3.0403 1.7429 -16.1098 -3.1253 1.6790 -16.2792 0.0781 0.2000 0.4314 0.3922 0.1961 21.8344 2.0000 
2415 2416 22 -3.1253 1.6790 -16.2792 -3.2266 1.6056 -16.4352 0.0781 0.2000 0.4314 0.3922 0.1961 21.9731 2.0000 
2416 2417 22 -3.2266 1.6056 -16.4352 -3.3487 1.5761 -16.5908 0.0781 0.2000 0.4314 0.3922 0.1961 22.1130 2.0000 
2417 2418 22 -3.3487 1.5761 -16.5908 -3.4433 1.5608 -16.7664 0.0781 0.2000 0.4314 0.3922 0.1961 22.2540 2.0000 
2418 2419 22 -3.4433 1.5608 -16.7664 -3.5325 1.5939 -16.9423 0.0781 0.2000 0.4314 0.3922 0.1961 22.3961 2.0000 
2419 2420 22 -3.5325 1.5939 -16.9423 -3.6306 1.6186 -17.1148 0.0781 0.2000 0.4314 0.3922 0.1961 22.5395 2.0000 
2420 2421 22 -3.6306 1.6186 -17.1148 -3.7183 1.6449 -17.2927 0.0781 0.2000 0.4314 0.3922 0.1961 22.6840 2.0000 
2421 2422 22 -3.7183 1.6449 -17.2927 -3.7876 1.6933 -17.4739 0.0781 0.2000 0.4314 0.3922 0.1961 22.8298 2.0000 
2422 2423 22 -3.7876 1.6933 -17.4739 -3.8573 1.7477 -17.6533 0.0781 0.2000 0.4314 0.3922 0.1961 22.9769 2.0000 
2423 2424 22 -3.8573 1.7477 -17.6533 -3.9329 1.7977 -17.8316 0.0781 0.2000 0.4314 0.3922 0.1961 23.1252 2.0000 
2424 2425 22 -3.9329 1.7977 -17.8316 -3.9927 1.8694 -18.0084 0.0781 0.2000 0.4314 0.3922 0.1961 23.2748 2.0000 
2425 2426 22 -3.9927 1.8694 -18.0084 -4.0507 1.9408 -18.1860 0.0781 0.2000 0.4314 0.3922 0.1961 23.4257 2.0000 
2426 2427 22 -4.0507 1.9408 -18.1860 -4.0731 1.9907 -18.3784 0.0781 0.2000 0.4314 0.3922 0.1961 23.5780 2.0000 
2427 2428 22 -4.0731 1.9907 -18.3784 -4.0622 2.0283 -18.5745 0.0781 0.2000 0.4314 0.3922 0.1961 23.7316 2.0000 
2428 2429 22 -4.0622 2.0283 -18.5745 -4.0527 2.0616 -18.7715 0.0781 0.2000 0.4314 0.3922 0.1961 23.8866 2.0000 
2429 2430 22 -4.0527 2.0616 -18.7715 -4.0260 2.0720 -18.9695 0.0781 0.2000 0.4314 0.3922 0.1961 24.0430 2.0000 
2430 2431 22 -4.0260 2.0720 -18.9695 -4.0114 2.0884 -19.1683 0.0781 0.2000 0.4314 0.3922 0.1961 24.2009 2.0000 
2431 2432 22 -4.0114 2.0884 -19.1683 -4.0075 2.1023 -19.3677 0.0781 0.2000 0.4314 0.3922 0.1961 24.3602 2.0000 
2432 2433 22 -4.0075 2.1023 -19.3677 -4.0137 2.1266 -19.5662 0.0781 0.2000 0.4314 0.3922 0.1961 24.5210 2.0000 
2433 2434 22 -4.0137 2.1266 -19.5662 -4.0236 2.1411 -19.7654 0.0781 0.2000 0.4314 0.3922 0.1961 24.6834 2.0000 
2434 2435 22 -4.0236 2.1411 -19.7654 -4.0370 2.1616 -19.9639 0.0781 0.2000 0.4314 0.3922 0.1961 24.8473 2.0000 
2435 2436 22 -4.0370 2.1616 -19.9639 -4.0424 2.1926 -20.1614 0.0781 0.2000 0.4314 0.3922 0.1961 25.0128 2.0000 
2436 2437 22 -4.0424 2.1926 -20.1614 -4.0509 2.2212 -20.3591 0.0781 0.2000 0.4314 0.3922 0.1961 25.1798 2.0000 
2437 2438 22 -4.0509 2.2212 -20.3591 -4.0356 2.2342 -20.5581 0.0781 0.2000 0.4314 0.3922 0.1961 25.3486 2.0000 
2438 2439 22 -4.0356 2.2342 -20.5581 -4.0214 2.2244 -20.7574 0.0781 0.2000 0.4314 0.3922 0.1961 25.5190 2.0000 
2439 2440 22 -4.0214 2.2244 -20.7574 -3.9919 2.2382 -20.9547 0.0781 0.2000 0.4314 0.3922 0.1961 25.6911 2.0000 
2440 2441 22 -3.9919 2.2382 -20.9547 -3.9644 2.2499 -21.1525 0.0781 0.2000 0.4314 0.3922 0.1961 25.8650 2.0000 
2441 2442 22 -3.9644 2.2499 -21.1525 -3.9559 2.2696 -21.3513 0.0781 0.2000 0.4314 0.3922 0.1961 26.0406 2.0000 
2442 2443 22 -3.9559 2.2696 -21.3513 -3.9502 2.2922 -21.5500 0.0781 0.2000 0.4314 0.3922 0.1961 26.2181 2.0000 
2443 2444 22 -3.9502 2.2922 -21.5500 -3.9457 2.3157 -21.7485 0.0781 0.2000 0.4314 0.3922 0.1961 26.3974 2.0000 
2444 2445 22 -3.9457 2.3157 -21.7485 -3.9052 2.3064 -21.9442 0.0781 0.2000 0.4314 0.3922 0.1961 26.5786 2.0000 
2445 2446 22 -3.9052 2.3064 -21.9442 -3.9236 2.3154 -22.1431 0.0781 0.2000 0.4314 0.3922 0.1961 26.7618 2.0000 
2446 2447 22 -3.9236 2.3154 -22.1431 -3.9224 2.3553 -22.3391 0.0781 0.2000 0.4314 0.3922 0.1961 26.9469 2.0000 
2447 2448 22 -3.9224 2.3553 -22.3391 -3.9213 2.4006 -22.5339 0.0781 0.2000 0.4314 0.3922 0.1961 27.1340 2.0000 
2448 2449 22 -3.9213 2.4006 -22.5339 -3.9272 2.4257 -22.7322 0.0781 0.2000 0.4314 0.3922 0.1961 27.3232 2.0000 
2449 2450 22 -3.9272 2.4257 -22.7322 -3.9319 2.4419 -22.9315 0.0781 0.2000 0.4314 0.3922 0.1961 27.5146 2.0000 
2450 2451 22 -3.9319 2.4419 -22.9315 -3.9343 2.4596 -23.1307 0.0781 0.2000 0.4314 0.3922 0.1961 27.7080 2.0000 
2451 2452 22 -3.9343 2.4596 -23.1307 -3.9599 2.4450 -23.3285 0.0781 0.2000 0.4314 0.3922 0.1961 27.9037 2.0000 
2452 2453 22 -3.9599 2.4450 -23.3285 -3.9812 2.4293 -23.5268 0.0781 0.2000 0.4314 0.3922 0.1961 28.1017 2.0000 
2453 2454 22 -3.9812 2.4293 -23.5268 -4.0072 2.4128 -23.7244 0.0781 0.2000 0.4314 0.3922 0.1961 28.3019 2.0000 
2454 2455 22 -4.0072 2.4128 -23.7244 -4.0439 2.3981 -23.9205 0.0781 0.2000 0.4314 0.3922 0.1961 28.5045 2.0000 
2455 2456 22 -4.0439 2.3981 -23.9205 -4.0747 2.3832 -24.1175 0.0781 0.2000 0.4314 0.3922 0.1961 28.7096 2.0000 
2456 2457 22 -4.0747 2.3832 -24.1175 -4.1078 2.3662 -24.3140 0.0781 0.2000 0.4314 0.3922 0.1961 28.9171 2.0000 
2457 2458 22 -4.1078 2.3662 -24.3140 -4.1301 2.3406 -24.5111 0.0781 0.2000 0.4314 0.3922 0.1961 29.1271 2.0000 
2458 2459 22 -4.1301 2.3406 -24.5111 -4.1455 2.3265 -24.7100 0.0781 0.2000 0.4314 0.3922 0.1961 29.3398 2.0000 
2459 2460 22 -4.1455 2.3265 -24.7100 -4.1806 2.3072 -24.9059 0.0781 0.2000 0.4314 0.3922 0.1961 29.5552 2.0000 
2460 2461 22 -4.1806 2.3072 -24.9059 -4.2211 2.2829 -25.1003 0.0781 0.2000 0.4314 0.3922 0.1961 29.7732 2.0000 
2461 2462 22 -4.2211 2.2829 -25.1003 -4.2464 2.2615 -25.2975 0.0781 0.2000 0.4314 0.3922 0.1961 29.9941 2.0000 
2462 2463 22 -4.2464 2.2615 -25.2975 -4.2468 2.2609 -25.3028 0.0781 0.0053 0.4314 0.3922 0.1961 30.0000 2.0000 
51 2464 23 0.1803 -0.2741 -11.5555 0.1834 -0.4507 -11.6493 0.0616 0.2000 0.4314 0.3922 0.1961 17.6786 2.0000 
2464 2465 23 0.1834 -0.4507 -11.6493 0.2025 -0.6222 -11.7504 0.0616 0.2000 0.4314 0.3922 0.1961 17.7778 2.0000 
2465 2466 23 0.2025 -0.6222 -11.7504 0.2418 -0.7891 -11.8535 0.0616 0.2000 0.4314 0.3922 0.1961 17.8778 2.0000 
2466 2467 23 0.2418 -0.7891 -11.8535 0.2379 -0.9308 -11.9946 0.0616 0.2000 0.4314 0.3922 0.1961 17.9784 2.0000 
2467 2468 23 0.2379 -0.9308 -11.9946 0.2178 -1.0563 -12.1490 0.0616 0.2000 0.4314 0.3922 0.1961 18.0798 2.0000 
2468 2469 23 0.2178 -1.0563 -12.1490 0.1941 -1.1807 -12.3037 0.0616 0.2000 0.4314 0.3922 0.1961 18.1819 2.0000 
2469 2470 23 0.1941 -1.1807 -12.3037 0.1701 -1.3056 -12.4581 0.0616 0.2000 0.4314 0.3922 0.1961 18.2847 2.0000 
2470 2471 23 0.1701 -1.3056 -12.4581 0.1450 -1.4298 -12.6128 0.0616 0.2000 0.4314 0.3922 0.1961 18.3882 2.0000 
2471 2472 23 0.1450 -1.4298 -12.6128 0.0912 -1.5326 -12.7757 0.0616 0.2000 0.4314 0.3922 0.1961 18.4926 2.0000 
2472 2473 23 0.0912 -1.5326 -12.7757 0.0494 -1.6247 -12.9483 0.0616 0.2000 0.4314 0.3922 0.1961 18.5977 2.0000 
2473 2474 23 0.0494 -1.6247 -12.9483 0.0328 -1.7260 -13.1199 0.0616 0.2000 0.4314 0.3922 0.1961 18.7035 2.0000 
2474 2475 23 0.0328 -1.7260 -13.1199 0.0375 -1.7865 -13.3105 0.0616 0.2000 0.4314 0.3922 0.1961 18.8102 2.0000 
2475 2476 23 0.0375 -1.7865 -13.3105 0.0148 -1.8564 -13.4965 0.0616 0.2000 0.4314 0.3922 0.1961 18.9177 2.0000 
2476 2477 23 0.0148 -1.8564 -13.4965 0.0018 -1.9117 -13.6883 0.0616 0.2000 0.4314 0.3922 0.1961 19.0259 2.0000 
2477 2478 23 0.0018 -1.9117 -13.6883 -0.0347 -1.9525 -13.8806 0.0616 0.2000 0.4314 0.3922 0.1961 19.1351 2.0000 
2478 2479 23 -0.0347 -1.9525 -13.8806 -0.0681 -1.9937 -14.0735 0.0616 0.2000 0.4314 0.3922 0.1961 19.2450 2.0000 
2479 2480 23 -0.0681 -1.9937 -14.0735 -0.0615 -2.0436 -14.2670 0.0616 0.2000 0.4314 0.3922 0.1961 19.3558 2.0000 
2480 2481 23 -0.0615 -2.0436 -14.2670 -0.0491 -2.0987 -14.4589 0.0616 0.2000 0.4314 0.3922 0.1961 19.4675 2.0000 
2481 2482 23 -0.0491 -2.0987 -14.4589 -0.0395 -2.1065 -14.6585 0.0616 0.2000 0.4314 0.3922 0.1961 19.5800 2.0000 
2482 2483 23 -0.0395 -2.1065 -14.6585 0.0032 -2.1122 -14.8538 0.0616 0.2000 0.4314 0.3922 0.1961 19.6935 2.0000 
2483 2484 23 0.0032 -2.1122 -14.8538 0.0471 -2.1229 -15.0487 0.0616 0.2000 0.4314 0.3922 0.1961 19.8079 2.0000 
2484 2485 23 0.0471 -2.1229 -15.0487 0.0306 -2.1056 -15.2472 0.0616 0.2000 0.4314 0.3922 0.1961 19.9231 2.0000 
2485 2486 23 0.0306 -2.1056 -15.2472 -0.0016 -2.0858 -15.4436 0.0616 0.2000 0.4314 0.3922 0.1961 20.0394 2.0000 
2486 2487 23 -0.0016 -2.0858 -15.4436 -0.0344 -2.0665 -15.6400 0.0616 0.2000 0.4314 0.3922 0.1961 20.1565 2.0000 
2487 2488 23 -0.0344 -2.0665 -15.6400 -0.0507 -2.0373 -15.8371 0.0616 0.2000 0.4314 0.3922 0.1961 20.2747 2.0000 
2488 2489 23 -0.0507 -2.0373 -15.8371 -0.0799 -2.0225 -16.0344 0.0616 0.2000 0.4314 0.3922 0.1961 20.3938 2.0000 
2489 2490 23 -0.0799 -2.0225 -16.0344 -0.1133 -1.9670 -16.2237 0.0616 0.2000 0.4314 0.3922 0.1961 20.5140 2.0000 
2490 2491 23 -0.1133 -1.9670 -16.2237 -0.1546 -1.9372 -16.4171 0.0616 0.2000 0.4314 0.3922 0.1961 20.6351 2.0000 
2491 2492 23 -0.1546 -1.9372 -16.4171 -0.2076 -1.9080 -16.6077 0.0616 0.2000 0.4314 0.3922 0.1961 20.7573 2.0000 
2492 2493 23 -0.2076 -1.9080 -16.6077 -0.2489 -1.8600 -16.7974 0.0616 0.2000 0.4314 0.3922 0.1961 20.8806 2.0000 
2493 2494 23 -0.2489 -1.8600 -16.7974 -0.3056 -1.8972 -16.9856 0.0616 0.2000 0.4314 0.3922 0.1961 21.0049 2.0000 
2494 2495 23 -0.3056 -1.8972 -16.9856 -0.3940 -1.9657 -17.1514 0.0616 0.2000 0.4314 0.3922 0.1961 21.1303 2.0000 
2495 2496 23 -0.3940 -1.9657 -17.1514 -0.4640 -2.0318 -17.3267 0.0616 0.2000 0.4314 0.3922 0.1961 21.2568 2.0000 
2496 2497 23 -0.4640 -2.0318 -17.3267 -0.5604 -2.0931 -17.4908 0.0616 0.2000 0.4314 0.3922 0.1961 21.3845 2.0000 
2497 2498 23 -0.5604 -2.0931 -17.4908 -0.6507 -2.1634 -17.6549 0.0616 0.2000 0.4314 0.3922 0.1961 21.5133 2.0000 
2498 2499 23 -0.6507 -2.1634 -17.6549 -0.7343 -2.2403 -17.8195 0.0616 0.2000 0.4314 0.3922 0.1961 21.6433 2.0000 
2499 2500 23 -0.7343 -2.2403 -17.8195 -0.8076 -2.2988 -17.9961 0.0616 0.2000 0.4314 0.3922 0.1961 21.7745 2.0000 
2500 2501 23 -0.8076 -2.2988 -17.9961 -0.8850 -2.3779 -18.1627 0.0616 0.2000 0.4314 0.3922 0.1961 21.9069 2.0000 
2501 2502 23 -0.8850 -2.3779 -18.1627 -0.9579 -2.4389 -18.3387 0.0616 0.2000 0.4314 0.3922 0.1961 22.0406 2.0000 
2502 2503 23 -0.9579 -2.4389 -18.3387 -1.0132 -2.4760 -18.5273 0.0616 0.2000 0.4314 0.3922 0.1961 22.1755 2.0000 
2503 2504 23 -1.0132 -2.4760 -18.5273 -1.0938 -2.4638 -18.7099 0.0616 0.2000 0.4314 0.3922 0.1961 22.3117 2.0000 
2504 2505 23 -1.0938 -2.4638 -18.7099 -1.1368 -2.4484 -18.9046 0.0616 0.2000 0.4314 0.3922 0.1961 22.4492 2.0000 
2505 2506 23 -1.1368 -2.4484 -18.9046 -1.1563 -2.4545 -19.1036 0.0616 0.2000 0.4314 0.3922 0.1961 22.5880 2.0000 
2506 2507 23 -1.1563 -2.4545 -19.1036 -1.1817 -2.4592 -19.3019 0.0616 0.2000 0.4314 0.3922 0.1961 22.7282 2.0000 
2507 2508 23 -1.1817 -2.4592 -19.3019 -1.1757 -2.4964 -19.4983 0.0616 0.2000 0.4314 0.3922 0.1961 22.8699 2.0000 
2508 2509 23 -1.1757 -2.4964 -19.4983 -1.1775 -2.5358 -19.6944 0.0616 0.2000 0.4314 0.3922 0.1961 23.0129 2.0000 
2509 2510 23 -1.1775 -2.5358 -19.6944 -1.1834 -2.5762 -19.8902 0.0616 0.2000 0.4314 0.3922 0.1961 23.1574 2.0000 
2510 2511 23 -1.1834 -2.5762 -19.8902 -1.1710 -2.6312 -20.0821 0.0616 0.2000 0.4314 0.3922 0.1961 23.3033 2.0000 
2511 2512 23 -1.1710 -2.6312 -20.0821 -1.1660 -2.6921 -20.2725 0.0616 0.2000 0.4314 0.3922 0.1961 23.4508 2.0000 
2512 2513 23 -1.1660 -2.6921 -20.2725 -1.1600 -2.7648 -20.4588 0.0616 0.2000 0.4314 0.3922 0.1961 23.5998 2.0000 
2513 2514 23 -1.1600 -2.7648 -20.4588 -1.1556 -2.8439 -20.6424 0.0616 0.2000 0.4314 0.3922 0.1961 23.7504 2.0000 
2514 2515 23 -1.1556 -2.8439 -20.6424 -1.1468 -2.9435 -20.8156 0.0616 0.2000 0.4314 0.3922 0.1961 23.9025 2.0000 
2515 2516 23 -1.1468 -2.9435 -20.8156 -1.1110 -3.0186 -20.9975 0.0616 0.2000 0.4314 0.3922 0.1961 24.0564 2.0000 
2516 2517 23 -1.1110 -3.0186 -20.9975 -1.0692 -3.1061 -21.1724 0.0616 0.2000 0.4314 0.3922 0.1961 24.2119 2.0000 
2517 2518 23 -1.0692 -3.1061 -21.1724 -1.0278 -3.2110 -21.3376 0.0616 0.2000 0.4314 0.3922 0.1961 24.3691 2.0000 
2518 2519 23 -1.0278 -3.2110 -21.3376 -0.9840 -3.3072 -21.5073 0.0616 0.2000 0.4314 0.3922 0.1961 24.5280 2.0000 
2519 2520 23 -0.9840 -3.3072 -21.5073 -0.9749 -3.3828 -21.6923 0.0616 0.2000 0.4314 0.3922 0.1961 24.6888 2.0000 
2520 2521 23 -0.9749 -3.3828 -21.6923 -0.9798 -3.4457 -21.8821 0.0616 0.2000 0.4314 0.3922 0.1961 24.8514 2.0000 
2521 2522 23 -0.9798 -3.4457 -21.8821 -0.9684 -3.5400 -22.0581 0.0616 0.2000 0.4314 0.3922 0.1961 25.0159 2.0000 
2522 2523 23 -0.9684 -3.5400 -22.0581 -0.9579 -3.6927 -22.1868 0.0616 0.2000 0.4314 0.3922 0.1961 25.1822 2.0000 
2523 2524 23 -0.9579 -3.6927 -22.1868 -0.9321 -3.8401 -22.3195 0.0616 0.2000 0.4314 0.3922 0.1961 25.3506 2.0000 
2524 2525 23 -0.9321 -3.8401 -22.3195 -0.8987 -4.0001 -22.4347 0.0616 0.2000 0.4314 0.3922 0.1961 25.5209 2.0000 
2525 2526 23 -0.8987 -4.0001 -22.4347 -0.8686 -4.1616 -22.5489 0.0616 0.2000 0.4314 0.3922 0.1961 25.6934 2.0000 
2526 2527 23 -0.8686 -4.1616 -22.5489 -0.8382 -4.3228 -22.6632 0.0616 0.2000 0.4314 0.3922 0.1961 25.8679 2.0000 
2527 2528 23 -0.8382 -4.3228 -22.6632 -0.8193 -4.4498 -22.8165 0.0616 0.2000 0.4314 0.3922 0.1961 26.0446 2.0000 
2528 2529 23 -0.8193 -4.4498 -22.8165 -0.8077 -4.5707 -22.9754 0.0616 0.2000 0.4314 0.3922 0.1961 26.2235 2.0000 
2529 2530 23 -0.8077 -4.5707 -22.9754 -0.7497 -4.6865 -23.1278 0.0616 0.2000 0.4314 0.3922 0.1961 26.4047 2.0000 
2530 2531 23 -0.7497 -4.6865 -23.1278 -0.6746 -4.7793 -23.2883 0.0616 0.2000 0.4314 0.3922 0.1961 26.5882 2.0000 
2531 2532 23 -0.6746 -4.7793 -23.2883 -0.5874 -4.8615 -23.4484 0.0616 0.2000 0.4314 0.3922 0.1961 26.7741 2.0000 
2532 2533 23 -0.5874 -4.8615 -23.4484 -0.5054 -4.9559 -23.6045 0.0616 0.2000 0.4314 0.3922 0.1961 26.9624 2.0000 
2533 2534 23 -0.5054 -4.9559 -23.6045 -0.4333 -5.0544 -23.7630 0.0616 0.2000 0.4314 0.3922 0.1961 27.1533 2.0000 
2534 2535 23 -0.4333 -5.0544 -23.7630 -0.3986 -5.1518 -23.9342 0.0616 0.2000 0.4314 0.3922 0.1961 27.3468 2.0000 
2535 2536 23 -0.3986 -5.1518 -23.9342 -0.3520 -5.2426 -24.1062 0.0616 0.2000 0.4314 0.3922 0.1961 27.5429 2.0000 
2536 2537 23 -0.3520 -5.2426 -24.1062 -0.2953 -5.3327 -24.2755 0.0616 0.2000 0.4314 0.3922 0.1961 27.7417 2.0000 
2537 2538 23 -0.2953 -5.3327 -24.2755 -0.2408 -5.4117 -24.4509 0.0616 0.2000 0.4314 0.3922 0.1961 27.9434 2.0000 
2538 2539 23 -0.2408 -5.4117 -24.4509 -0.1814 -5.4942 -24.6232 0.0616 0.2000 0.4314 0.3922 0.1961 28.1480 2.0000 
2539 2540 23 -0.1814 -5.4942 -24.6232 -0.1478 -5.5673 -24.8063 0.0616 0.2000 0.4314 0.3922 0.1961 28.3555 2.0000 
2540 2541 23 -0.1478 -5.5673 -24.8063 -0.1192 -5.6418 -24.9897 0.0616 0.2000 0.4314 0.3922 0.1961 28.5661 2.0000 
2541 2542 23 -0.1192 -5.6418 -24.9897 -0.1150 -5.7044 -25.1796 0.0616 0.2000 0.4314 0.3922 0.1961 28.7799 2.0000 
2542 2543 23 -0.1150 -5.7044 -25.1796 -0.1083 -5.7583 -25.3721 0.0616 0.2000 0.4314 0.3922 0.1961 28.9969 2.0000 
2543 2544 23 -0.1083 -5.7583 -25.3721 -0.1183 -5.8034 -25.5666 0.0616 0.2000 0.4314 0.3922 0.1961 29.2173 2.0000 
2544 2545 23 -0.1183 -5.8034 -25.5666 -0.1026 -5.8332 -25.7638 0.0616 0.2000 0.4314 0.3922 0.1961 29.4411 2.0000 
2545 2546 23 -0.1026 -5.8332 -25.7638 -0.0817 -5.8674 -25.9597 0.0616 0.2000 0.4314 0.3922 0.1961 29.6685 2.0000 
2546 2547 23 -0.0817 -5.8674 -25.9597 -0.0586 -5.8961 -26.1563 0.0616 0.2000 0.4314 0.3922 0.1961 29.8995 2.0000 
2547 2548 23 -0.0586 -5.8961 -26.1563 -0.0573 -5.9097 -26.2412 0.0616 0.0859 0.4314 0.3922 0.1961 30.0000 2.0000 
53 2549 24 0.1843 -0.2761 -11.9499 0.3302 -0.1507 -12.0048 0.0580 0.2000 0.4314 0.3922 0.1961 18.1449 2.0000 
2549 2550 24 0.3302 -0.1507 -12.0048 0.4628 -0.0186 -12.0752 0.0580 0.2000 0.4314 0.3922 0.1961 18.2390 2.0000 
2550 2551 24 0.4628 -0.0186 -12.0752 0.5705 0.1322 -12.1504 0.0580 0.2000 0.4314 0.3922 0.1961 18.3339 2.0000 
2551 2552 24 0.5705 0.1322 -12.1504 0.6528 0.3094 -12.1932 0.0580 0.2000 0.4314 0.3922 0.1961 18.4294 2.0000 
2552 2553 24 0.6528 0.3094 -12.1932 0.7424 0.4788 -12.2505 0.0580 0.2000 0.4314 0.3922 0.1961 18.5256 2.0000 
2553 2554 24 0.7424 0.4788 -12.2505 0.8270 0.6455 -12.3214 0.0580 0.2000 0.4314 0.3922 0.1961 18.6224 2.0000 
2554 2555 24 0.8270 0.6455 -12.3214 0.9314 0.7944 -12.4047 0.0580 0.2000 0.4314 0.3922 0.1961 18.7200 2.0000 
2555 2556 24 0.9314 0.7944 -12.4047 1.0192 0.9516 -12.4919 0.0580 0.2000 0.4314 0.3922 0.1961 18.8183 2.0000 
2556 2557 24 1.0192 0.9516 -12.4919 1.0953 1.1008 -12.6012 0.0580 0.2000 0.4314 0.3922 0.1961 18.9173 2.0000 
2557 2558 24 1.0953 1.1008 -12.6012 1.1850 1.2414 -12.7115 0.0580 0.2000 0.4314 0.3922 0.1961 19.0171 2.0000 
2558 2559 24 1.1850 1.2414 -12.7115 1.2592 1.3994 -12.8091 0.0580 0.2000 0.4314 0.3922 0.1961 19.1176 2.0000 
2559 2560 24 1.2592 1.3994 -12.8091 1.3135 1.5367 -12.9440 0.0580 0.2000 0.4314 0.3922 0.1961 19.2189 2.0000 
2560 2561 24 1.3135 1.5367 -12.9440 1.3571 1.6728 -13.0839 0.0580 0.2000 0.4314 0.3922 0.1961 19.3209 2.0000 
2561 2562 24 1.3571 1.6728 -13.0839 1.4130 1.8183 -13.2093 0.0580 0.2000 0.4314 0.3922 0.1961 19.4237 2.0000 
2562 2563 24 1.4130 1.8183 -13.2093 1.4686 1.9612 -13.3377 0.0580 0.2000 0.4314 0.3922 0.1961 19.5273 2.0000 
2563 2564 24 1.4686 1.9612 -13.3377 1.4969 2.1019 -13.4770 0.0580 0.2000 0.4314 0.3922 0.1961 19.6317 2.0000 
2564 2565 24 1.4969 2.1019 -13.4770 1.5048 2.2481 -13.6133 0.0580 0.2000 0.4314 0.3922 0.1961 19.7369 2.0000 
2565 2566 24 1.5048 2.2481 -13.6133 1.4617 2.3783 -13.7589 0.0580 0.2000 0.4314 0.3922 0.1961 19.8430 2.0000 
2566 2567 24 1.4617 2.3783 -13.7589 1.4321 2.4874 -13.9238 0.0580 0.2000 0.4314 0.3922 0.1961 19.9499 2.0000 
2567 2568 24 1.4321 2.4874 -13.9238 1.4025 2.5965 -14.0888 0.0580 0.2000 0.4314 0.3922 0.1961 20.0576 2.0000 
2568 2569 24 1.4025 2.5965 -14.0888 1.3697 2.7185 -14.2438 0.0580 0.2000 0.4314 0.3922 0.1961 20.1662 2.0000 
2569 2570 24 1.3697 2.7185 -14.2438 1.3440 2.8230 -14.4124 0.0580 0.2000 0.4314 0.3922 0.1961 20.2757 2.0000 
2570 2571 24 1.3440 2.8230 -14.4124 1.3474 2.9560 -14.5618 0.0580 0.2000 0.4314 0.3922 0.1961 20.3861 2.0000 
2571 2572 24 1.3474 2.9560 -14.5618 1.3517 3.0856 -14.7140 0.0580 0.2000 0.4314 0.3922 0.1961 20.4975 2.0000 
2572 2573 24 1.3517 3.0856 -14.7140 1.3169 3.2155 -14.8621 0.0580 0.2000 0.4314 0.3922 0.1961 20.6097 2.0000 
2573 2574 24 1.3169 3.2155 -14.8621 1.3016 3.3478 -15.0113 0.0580 0.2000 0.4314 0.3922 0.1961 20.7229 2.0000 
2574 2575 24 1.3016 3.3478 -15.0113 1.2911 3.4715 -15.1681 0.0580 0.2000 0.4314 0.3922 0.1961 20.8370 2.0000 
2575 2576 24 1.2911 3.4715 -15.1681 1.3369 3.5599 -15.3415 0.0580 0.2000 0.4314 0.3922 0.1961 20.9522 2.0000 
2576 2577 24 1.3369 3.5599 -15.3415 1.3788 3.6542 -15.5129 0.0580 0.2000 0.4314 0.3922 0.1961 21.0683 2.0000 
2577 2578 24 1.3788 3.6542 -15.5129 1.4167 3.7506 -15.6840 0.0580 0.2000 0.4314 0.3922 0.1961 21.1854 2.0000 
2578 2579 24 1.4167 3.7506 -15.6840 1.4358 3.8246 -15.8688 0.0580 0.2000 0.4314 0.3922 0.1961 21.3036 2.0000 
2579 2580 24 1.4358 3.8246 -15.8688 1.4855 3.8697 -16.0572 0.0580 0.2000 0.4314 0.3922 0.1961 21.4228 2.0000 
2580 2581 24 1.4855 3.8697 -16.0572 1.5728 3.9193 -16.2301 0.0580 0.2000 0.4314 0.3922 0.1961 21.5431 2.0000 
2581 2582 24 1.5728 3.9193 -16.2301 1.6479 3.9064 -16.4151 0.0580 0.2000 0.4314 0.3922 0.1961 21.6645 2.0000 
2582 2583 24 1.6479 3.9064 -16.4151 1.7237 3.9147 -16.6000 0.0580 0.2000 0.4314 0.3922 0.1961 21.7869 2.0000 
2583 2584 24 1.7237 3.9147 -16.6000 1.7834 3.9060 -16.7906 0.0580 0.2000 0.4314 0.3922 0.1961 21.9105 2.0000 
2584 2585 24 1.7834 3.9060 -16.7906 1.8271 3.8971 -16.9856 0.0580 0.2000 0.4314 0.3922 0.1961 22.0353 2.0000 
2585 2586 24 1.8271 3.8971 -16.9856 1.8498 3.8414 -17.1764 0.0580 0.2000 0.4314 0.3922 0.1961 22.1612 2.0000 
2586 2587 24 1.8498 3.8414 -17.1764 1.8851 3.8017 -17.3692 0.0580 0.2000 0.4314 0.3922 0.1961 22.2883 2.0000 
2587 2588 24 1.8851 3.8017 -17.3692 1.9039 3.7743 -17.5664 0.0580 0.2000 0.4314 0.3922 0.1961 22.4166 2.0000 
2588 2589 24 1.9039 3.7743 -17.5664 1.9378 3.7603 -17.7630 0.0580 0.2000 0.4314 0.3922 0.1961 22.5461 2.0000 
2589 2590 24 1.9378 3.7603 -17.7630 1.9770 3.7591 -17.9591 0.0580 0.2000 0.4314 0.3922 0.1961 22.6770 2.0000 
2590 2591 24 1.9770 3.7591 -17.9591 2.0157 3.7490 -18.1551 0.0580 0.2000 0.4314 0.3922 0.1961 22.8090 2.0000 
2591 2592 24 2.0157 3.7490 -18.1551 2.0435 3.7442 -18.3531 0.0580 0.2000 0.4314 0.3922 0.1961 22.9425 2.0000 
2592 2593 24 2.0435 3.7442 -18.3531 2.0785 3.7006 -18.5451 0.0580 0.2000 0.4314 0.3922 0.1961 23.0772 2.0000 
2593 2594 24 2.0785 3.7006 -18.5451 2.0816 3.6632 -18.7415 0.0580 0.2000 0.4314 0.3922 0.1961 23.2133 2.0000 
2594 2595 24 2.0816 3.6632 -18.7415 2.1042 3.6433 -18.9393 0.0580 0.2000 0.4314 0.3922 0.1961 23.3508 2.0000 
2595 2596 24 2.1042 3.6433 -18.9393 2.1374 3.6262 -19.1358 0.0580 0.2000 0.4314 0.3922 0.1961 23.4897 2.0000 
2596 2597 24 2.1374 3.6262 -19.1358 2.1238 3.6004 -19.3336 0.0580 0.2000 0.4314 0.3922 0.1961 23.6301 2.0000 
2597 2598 24 2.1238 3.6004 -19.3336 2.1359 3.5605 -19.5292 0.0580 0.2000 0.4314 0.3922 0.1961 23.7719 2.0000 
2598 2599 24 2.1359 3.5605 -19.5292 2.1454 3.5140 -19.7235 0.0580 0.2000 0.4314 0.3922 0.1961 23.9153 2.0000 
2599 2600 24 2.1454 3.5140 -19.7235 2.1428 3.4802 -19.9206 0.0580 0.2000 0.4314 0.3922 0.1961 24.0602 2.0000 
2600 2601 24 2.1428 3.4802 -19.9206 2.1335 3.4472 -20.1177 0.0580 0.2000 0.4314 0.3922 0.1961 24.2067 2.0000 
2601 2602 24 2.1335 3.4472 -20.1177 2.1255 3.4307 -20.3168 0.0580 0.2000 0.4314 0.3922 0.1961 24.3548 2.0000 
2602 2603 24 2.1255 3.4307 -20.3168 2.1028 3.4139 -20.5148 0.0580 0.2000 0.4314 0.3922 0.1961 24.5045 2.0000 
2603 2604 24 2.1028 3.4139 -20.5148 2.0635 3.4343 -20.7098 0.0580 0.2000 0.4314 0.3922 0.1961 24.6560 2.0000 
2604 2605 24 2.0635 3.4343 -20.7098 2.0305 3.4672 -20.9043 0.0580 0.2000 0.4314 0.3922 0.1961 24.8091 2.0000 
2605 2606 24 2.0305 3.4672 -20.9043 1.9430 3.4808 -21.0837 0.0580 0.2000 0.4314 0.3922 0.1961 24.9641 2.0000 
2606 2607 24 1.9430 3.4808 -21.0837 1.8508 3.4909 -21.2609 0.0580 0.2000 0.4314 0.3922 0.1961 25.1208 2.0000 
2607 2608 24 1.8508 3.4909 -21.2609 1.7709 3.4544 -21.4405 0.0580 0.2000 0.4314 0.3922 0.1961 25.2794 2.0000 
2608 2609 24 1.7709 3.4544 -21.4405 1.6491 3.4212 -21.5957 0.0580 0.2000 0.4314 0.3922 0.1961 25.4398 2.0000 
2609 2610 24 1.6491 3.4212 -21.5957 1.5806 3.3941 -21.7816 0.0580 0.2000 0.4314 0.3922 0.1961 25.6022 2.0000 
2610 2611 24 1.5806 3.3941 -21.7816 1.5108 3.3655 -21.9668 0.0580 0.2000 0.4314 0.3922 0.1961 25.7666 2.0000 
2611 2612 24 1.5108 3.3655 -21.9668 1.4716 3.3176 -22.1570 0.0580 0.2000 0.4314 0.3922 0.1961 25.9331 2.0000 
2612 2613 24 1.4716 3.3176 -22.1570 1.4376 3.2661 -22.3472 0.0580 0.2000 0.4314 0.3922 0.1961 26.1016 2.0000 
2613 2614 24 1.4376 3.2661 -22.3472 1.4249 3.2111 -22.5391 0.0580 0.2000 0.4314 0.3922 0.1961 26.2722 2.0000 
2614 2615 24 1.4249 3.2111 -22.5391 1.4151 3.2014 -22.7386 0.0580 0.2000 0.4314 0.3922 0.1961 26.4451 2.0000 
2615 2616 24 1.4151 3.2014 -22.7386 1.4612 3.1936 -22.9331 0.0580 0.2000 0.4314 0.3922 0.1961 26.6202 2.0000 
2616 2617 24 1.4612 3.1936 -22.9331 1.4954 3.1757 -23.1293 0.0580 0.2000 0.4314 0.3922 0.1961 26.7976 2.0000 
2617 2618 24 1.4954 3.1757 -23.1293 1.5239 3.1559 -23.3263 0.0580 0.2000 0.4314 0.3922 0.1961 26.9774 2.0000 
2618 2619 24 1.5239 3.1559 -23.3263 1.5558 3.1286 -23.5219 0.0580 0.2000 0.4314 0.3922 0.1961 27.1596 2.0000 
2619 2620 24 1.5558 3.1286 -23.5219 1.6135 3.1078 -23.7122 0.0580 0.2000 0.4314 0.3922 0.1961 27.3443 2.0000 
2620 2621 24 1.6135 3.1078 -23.7122 1.6733 3.0502 -23.8942 0.0580 0.2000 0.4314 0.3922 0.1961 27.5316 2.0000 
2621 2622 24 1.6733 3.0502 -23.8942 1.7168 2.9981 -24.0823 0.0580 0.2000 0.4314 0.3922 0.1961 27.7215 2.0000 
2622 2623 24 1.7168 2.9981 -24.0823 1.7588 2.9449 -24.2705 0.0580 0.2000 0.4314 0.3922 0.1961 27.9142 2.0000 
2623 2624 24 1.7588 2.9449 -24.2705 1.7968 2.8974 -24.4610 0.0580 0.2000 0.4314 0.3922 0.1961 28.1096 2.0000 
2624 2625 24 1.7968 2.8974 -24.4610 1.8327 2.8517 -24.6523 0.0580 0.2000 0.4314 0.3922 0.1961 28.3080 2.0000 
2625 2626 24 1.8327 2.8517 -24.6523 1.8689 2.8191 -24.8463 0.0580 0.2000 0.4314 0.3922 0.1961 28.5093 2.0000 
2626 2627 24 1.8689 2.8191 -24.8463 1.9068 2.7871 -25.0401 0.0580 0.2000 0.4314 0.3922 0.1961 28.7137 2.0000 
2627 2628 24 1.9068 2.7871 -25.0401 1.9141 2.7254 -25.2302 0.0580 0.2000 0.4314 0.3922 0.1961 28.9212 2.0000 
2628 2629 24 1.9141 2.7254 -25.2302 1.9532 2.6727 -25.4191 0.0580 0.2000 0.4314 0.3922 0.1961 29.1320 2.0000 
2629 2630 24 1.9532 2.6727 -25.4191 1.9933 2.6495 -25.6137 0.0580 0.2000 0.4314 0.3922 0.1961 29.3461 2.0000 
2630 2631 24 1.9933 2.6495 -25.6137 1.9723 2.6085 -25.8083 0.0580 0.2000 0.4314 0.3922 0.1961 29.5637 2.0000 
2631 2632 24 1.9723 2.6085 -25.8083 1.9512 2.5733 -26.0040 0.0580 0.2000 0.4314 0.3922 0.1961 29.7849 2.0000 
2632 2633 24 1.9512 2.5733 -26.0040 1.9341 2.5233 -26.1880 0.0580 0.1914 0.4314 0.3922 0.1961 30.0000 2.0000 
55 2634 25 0.1882 -0.2739 -12.3313 0.2274 -0.0927 -12.4064 0.0455 0.2000 0.4314 0.3922 0.1961 18.6160 2.0000 
2634 2635 25 0.2274 -0.0927 -12.4064 0.2724 0.1005 -12.4320 0.0455 0.2000 0.4314 0.3922 0.1961 18.7220 2.0000 
2635 2636 25 0.2724 0.1005 -12.4320 0.3003 0.2894 -12.4915 0.0455 0.2000 0.4314 0.3922 0.1961 18.8286 2.0000 
2636 2637 25 0.3003 0.2894 -12.4915 0.3302 0.4781 -12.5506 0.0455 0.2000 0.4314 0.3922 0.1961 18.9361 2.0000 
2637 2638 25 0.3302 0.4781 -12.5506 0.3399 0.6444 -12.6613 0.0455 0.2000 0.4314 0.3922 0.1961 19.0443 2.0000 
2638 2639 25 0.3399 0.6444 -12.6613 0.3310 0.7984 -12.7886 0.0455 0.2000 0.4314 0.3922 0.1961 19.1532 2.0000 
2639 2640 25 0.3310 0.7984 -12.7886 0.3587 0.9366 -12.9305 0.0455 0.2000 0.4314 0.3922 0.1961 19.2630 2.0000 
2640 2641 25 0.3587 0.9366 -12.9305 0.3960 1.0782 -13.0667 0.0455 0.2000 0.4314 0.3922 0.1961 19.3735 2.0000 
2641 2642 25 0.3960 1.0782 -13.0667 0.3859 1.2086 -13.2180 0.0455 0.2000 0.4314 0.3922 0.1961 19.4848 2.0000 
2642 2643 25 0.3859 1.2086 -13.2180 0.3791 1.3444 -13.3646 0.0455 0.2000 0.4314 0.3922 0.1961 19.5969 2.0000 
2643 2644 25 0.3791 1.3444 -13.3646 0.3663 1.4902 -13.5010 0.0455 0.2000 0.4314 0.3922 0.1961 19.7099 2.0000 
2644 2645 25 0.3663 1.4902 -13.5010 0.3431 1.6591 -13.6055 0.0455 0.2000 0.4314 0.3922 0.1961 19.8237 2.0000 
2645 2646 25 0.3431 1.6591 -13.6055 0.2946 1.8246 -13.7068 0.0455 0.2000 0.4314 0.3922 0.1961 19.9383 2.0000 
2646 2647 25 0.2946 1.8246 -13.7068 0.2454 1.9895 -13.8088 0.0455 0.2000 0.4314 0.3922 0.1961 20.0538 2.0000 
2647 2648 25 0.2454 1.9895 -13.8088 0.1524 2.1367 -13.9071 0.0455 0.2000 0.4314 0.3922 0.1961 20.1701 2.0000 
2648 2649 25 0.1524 2.1367 -13.9071 0.0675 2.2767 -14.0219 0.0455 0.2000 0.4314 0.3922 0.1961 20.2874 2.0000 
2649 2650 25 0.0675 2.2767 -14.0219 -0.0304 2.4139 -14.1296 0.0455 0.2000 0.4314 0.3922 0.1961 20.4055 2.0000 
2650 2651 25 -0.0304 2.4139 -14.1296 -0.1452 2.5466 -14.2257 0.0455 0.2000 0.4314 0.3922 0.1961 20.5245 2.0000 
2651 2652 25 -0.1452 2.5466 -14.2257 -0.2368 2.6771 -14.3464 0.0455 0.2000 0.4314 0.3922 0.1961 20.6445 2.0000 
2652 2653 25 -0.2368 2.6771 -14.3464 -0.3288 2.8078 -14.4666 0.0455 0.2000 0.4314 0.3922 0.1961 20.7654 2.0000 
2653 2654 25 -0.3288 2.8078 -14.4666 -0.4608 2.8979 -14.5868 0.0455 0.2000 0.4314 0.3922 0.1961 20.8873 2.0000 
2654 2655 25 -0.4608 2.8979 -14.5868 -0.5700 3.0084 -14.7128 0.0455 0.2000 0.4314 0.3922 0.1961 21.0101 2.0000 
2655 2656 25 -0.5700 3.0084 -14.7128 -0.6572 3.1151 -14.8578 0.0455 0.2000 0.4314 0.3922 0.1961 21.1339 2.0000 
2656 2657 25 -0.6572 3.1151 -14.8578 -0.7204 3.2148 -15.0192 0.0455 0.2000 0.4314 0.3922 0.1961 21.2588 2.0000 
2657 2658 25 -0.7204 3.2148 -15.0192 -0.7958 3.3250 -15.1681 0.0455 0.2000 0.4314 0.3922 0.1961 21.3846 2.0000 
2658 2659 25 -0.7958 3.3250 -15.1681 -0.8653 3.4498 -15.3080 0.0455 0.2000 0.4314 0.3922 0.1961 21.5115 2.0000 
2659 2660 25 -0.8653 3.4498 -15.3080 -0.9291 3.5390 -15.4753 0.0455 0.2000 0.4314 0.3922 0.1961 21.6394 2.0000 
2660 2661 25 -0.9291 3.5390 -15.4753 -1.0080 3.6286 -15.6357 0.0455 0.2000 0.4314 0.3922 0.1961 21.7684 2.0000 
2661 2662 25 -1.0080 3.6286 -15.6357 -1.0902 3.7189 -15.7941 0.0455 0.2000 0.4314 0.3922 0.1961 21.8985 2.0000 
2662 2663 25 -1.0902 3.7189 -15.7941 -1.1704 3.7793 -15.9671 0.0455 0.2000 0.4314 0.3922 0.1961 22.0297 2.0000 
2663 2664 25 -1.1704 3.7793 -15.9671 -1.2591 3.8055 -16.1444 0.0455 0.2000 0.4314 0.3922 0.1961 22.1620 2.0000 
2664 2665 25 -1.2591 3.8055 -16.1444 -1.3384 3.8220 -16.3273 0.0455 0.2000 0.4314 0.3922 0.1961 22.2955 2.0000 
2665 2666 25 -1.3384 3.8220 -16.3273 -1.4153 3.8277 -16.5119 0.0455 0.2000 0.4314 0.3922 0.1961 22.4301 2.0000 
2666 2667 25 -1.4153 3.8277 -16.5119 -1.4311 3.8277 -16.7112 0.0455 0.2000 0.4314 0.3922 0.1961 22.5659 2.0000 
2667 2668 25 -1.4311 3.8277 -16.7112 -1.4067 3.8277 -16.9097 0.0455 0.2000 0.4314 0.3922 0.1961 22.7029 2.0000 
2668 2669 25 -1.4067 3.8277 -16.9097 -1.3919 3.8775 -17.1029 0.0455 0.2000 0.4314 0.3922 0.1961 22.8412 2.0000 
2669 2670 25 -1.3919 3.8775 -17.1029 -1.4209 3.9579 -17.2837 0.0455 0.2000 0.4314 0.3922 0.1961 22.9807 2.0000 
2670 2671 25 -1.4209 3.9579 -17.2837 -1.4540 4.0361 -17.4648 0.0455 0.2000 0.4314 0.3922 0.1961 23.1214 2.0000 
2671 2672 25 -1.4540 4.0361 -17.4648 -1.4855 4.0880 -17.6553 0.0455 0.2000 0.4314 0.3922 0.1961 23.2635 2.0000 
2672 2673 25 -1.4855 4.0880 -17.6553 -1.5087 4.1437 -17.8460 0.0455 0.2000 0.4314 0.3922 0.1961 23.4069 2.0000 
2673 2674 25 -1.5087 4.1437 -17.8460 -1.5330 4.1629 -18.0436 0.0455 0.2000 0.4314 0.3922 0.1961 23.5516 2.0000 
2674 2675 25 -1.5330 4.1629 -18.0436 -1.5672 4.1764 -18.2402 0.0455 0.2000 0.4314 0.3922 0.1961 23.6977 2.0000 
2675 2676 25 -1.5672 4.1764 -18.2402 -1.6281 4.1663 -18.4304 0.0455 0.2000 0.4314 0.3922 0.1961 23.8452 2.0000 
2676 2677 25 -1.6281 4.1663 -18.4304 -1.6946 4.1745 -18.6188 0.0455 0.2000 0.4314 0.3922 0.1961 23.9941 2.0000 
2677 2678 25 -1.6946 4.1745 -18.6188 -1.7664 4.1787 -18.8055 0.0455 0.2000 0.4314 0.3922 0.1961 24.1445 2.0000 
2678 2679 25 -1.7664 4.1787 -18.8055 -1.8445 4.1878 -18.9894 0.0455 0.2000 0.4314 0.3922 0.1961 24.2963 2.0000 
2679 2680 25 -1.8445 4.1878 -18.9894 -1.8596 4.2062 -19.1879 0.0455 0.2000 0.4314 0.3922 0.1961 24.4497 2.0000 
2680 2681 25 -1.8596 4.2062 -19.1879 -1.8883 4.2356 -19.3837 0.0455 0.2000 0.4314 0.3922 0.1961 24.6046 2.0000 
2681 2682 25 -1.8883 4.2356 -19.3837 -1.9016 4.2789 -19.5785 0.0455 0.2000 0.4314 0.3922 0.1961 24.7611 2.0000 
2682 2683 25 -1.9016 4.2789 -19.5785 -1.9422 4.3125 -19.7714 0.0455 0.2000 0.4314 0.3922 0.1961 24.9191 2.0000 
2683 2684 25 -1.9422 4.3125 -19.7714 -1.9689 4.3641 -19.9628 0.0455 0.2000 0.4314 0.3922 0.1961 25.0788 2.0000 
2684 2685 25 -1.9689 4.3641 -19.9628 -1.9927 4.4129 -20.1553 0.0455 0.2000 0.4314 0.3922 0.1961 25.2402 2.0000 
2685 2686 25 -1.9927 4.4129 -20.1553 -2.0277 4.4552 -20.3476 0.0455 0.2000 0.4314 0.3922 0.1961 25.4033 2.0000 
2686 2687 25 -2.0277 4.4552 -20.3476 -2.0631 4.4973 -20.5399 0.0455 0.2000 0.4314 0.3922 0.1961 25.5681 2.0000 
2687 2688 25 -2.0631 4.4973 -20.5399 -2.0917 4.5515 -20.7303 0.0455 0.2000 0.4314 0.3922 0.1961 25.7347 2.0000 
2688 2689 25 -2.0917 4.5515 -20.7303 -2.1206 4.6051 -20.9208 0.0455 0.2000 0.4314 0.3922 0.1961 25.9032 2.0000 
2689 2690 25 -2.1206 4.6051 -20.9208 -2.1555 4.6511 -21.1122 0.0455 0.2000 0.4314 0.3922 0.1961 26.0734 2.0000 
2690 2691 25 -2.1555 4.6511 -21.1122 -2.1570 4.6965 -21.3070 0.0455 0.2000 0.4314 0.3922 0.1961 26.2456 2.0000 
2691 2692 25 -2.1570 4.6965 -21.3070 -2.1498 4.7369 -21.5028 0.0455 0.2000 0.4314 0.3922 0.1961 26.4197 2.0000 
2692 2693 25 -2.1498 4.7369 -21.5028 -2.1555 4.7767 -21.6987 0.0455 0.2000 0.4314 0.3922 0.1961 26.5959 2.0000 
2693 2694 25 -2.1555 4.7767 -21.6987 -2.1528 4.8101 -21.8959 0.0455 0.2000 0.4314 0.3922 0.1961 26.7740 2.0000 
2694 2695 25 -2.1528 4.8101 -21.8959 -2.1803 4.8362 -22.0922 0.0455 0.2000 0.4314 0.3922 0.1961 26.9542 2.0000 
2695 2696 25 -2.1803 4.8362 -22.0922 -2.1765 4.8646 -22.2901 0.0455 0.2000 0.4314 0.3922 0.1961 27.1366 2.0000 
2696 2697 25 -2.1765 4.8646 -22.2901 -2.1639 4.8906 -22.4881 0.0455 0.2000 0.4314 0.3922 0.1961 27.3211 2.0000 
2697 2698 25 -2.1639 4.8906 -22.4881 -2.1601 4.9172 -22.6862 0.0455 0.2000 0.4314 0.3922 0.1961 27.5079 2.0000 
2698 2699 25 -2.1601 4.9172 -22.6862 -2.1534 4.9284 -22.8858 0.0455 0.2000 0.4314 0.3922 0.1961 27.6970 2.0000 
2699 2700 25 -2.1534 4.9284 -22.8858 -2.1406 4.9540 -23.0838 0.0455 0.2000 0.4314 0.3922 0.1961 27.8884 2.0000 
2700 2701 25 -2.1406 4.9540 -23.0838 -2.1102 4.9649 -23.2811 0.0455 0.2000 0.4314 0.3922 0.1961 28.0822 2.0000 
2701 2702 25 -2.1102 4.9649 -23.2811 -2.0797 4.9776 -23.4784 0.0455 0.2000 0.4314 0.3922 0.1961 28.2785 2.0000 
2702 2703 25 -2.0797 4.9776 -23.4784 -2.0398 4.9930 -23.6738 0.0455 0.2000 0.4314 0.3922 0.1961 28.4773 2.0000 
2703 2704 25 -2.0398 4.9930 -23.6738 -2.0244 4.9753 -23.8724 0.0455 0.2000 0.4314 0.3922 0.1961 28.6787 2.0000 
2704 2705 25 -2.0244 4.9753 -23.8724 -2.0110 4.9827 -24.0718 0.0455 0.2000 0.4314 0.3922 0.1961 28.8827 2.0000 
2705 2706 25 -2.0110 4.9827 -24.0718 -1.9997 4.9879 -24.2714 0.0455 0.2000 0.4314 0.3922 0.1961 29.0895 2.0000 
2706 2707 25 -1.9997 4.9879 -24.2714 -1.9918 4.9937 -24.4712 0.0455 0.2000 0.4314 0.3922 0.1961 29.2991 2.0000 
2707 2708 25 -1.9918 4.9937 -24.4712 -1.9904 4.9716 -24.6699 0.0455 0.2000 0.4314 0.3922 0.1961 29.5116 2.0000 
2708 2709 25 -1.9904 4.9716 -24.6699 -1.9722 4.9296 -24.8646 0.0455 0.2000 0.4314 0.3922 0.1961 29.7271 2.0000 
2709 2710 25 -1.9722 4.9296 -24.8646 -1.9195 4.9088 -25.0564 0.0455 0.2000 0.4314 0.3922 0.1961 29.9456 2.0000 
2710 2711 25 -1.9195 4.9088 -25.0564 -1.9046 4.9035 -25.1032 0.0455 0.0493 0.4314 0.3922 0.1961 30.0000 2.0000 
57 2712 26 0.1778 -0.2566 -12.7248 0.1995 -0.0764 -12.8088 0.0566 0.2000 0.4314 0.3922 0.1961 19.0874 2.0000 
2712 2713 26 0.1995 -0.0764 -12.8088 0.2138 0.1114 -12.8761 0.0566 0.2000 0.4314 0.3922 0.1961 19.1850 2.0000 
2713 2714 26 0.2138 0.1114 -12.8761 0.2298 0.3008 -12.9384 0.0566 0.2000 0.4314 0.3922 0.1961 19.2833 2.0000 
2714 2715 26 0.2298 0.3008 -12.9384 0.2442 0.4921 -12.9949 0.0566 0.2000 0.4314 0.3922 0.1961 19.3823 2.0000 
2715 2716 26 0.2442 0.4921 -12.9949 0.2693 0.6861 -13.0367 0.0566 0.2000 0.4314 0.3922 0.1961 19.4820 2.0000 
2716 2717 26 0.2693 0.6861 -13.0367 0.2855 0.8827 -13.0693 0.0566 0.2000 0.4314 0.3922 0.1961 19.5824 2.0000 
2717 2718 26 0.2855 0.8827 -13.0693 0.3171 1.0784 -13.0961 0.0566 0.2000 0.4314 0.3922 0.1961 19.6836 2.0000 
2718 2719 26 0.3171 1.0784 -13.0961 0.3497 1.2738 -13.1235 0.0566 0.2000 0.4314 0.3922 0.1961 19.7855 2.0000 
2719 2720 26 0.3497 1.2738 -13.1235 0.3915 1.4593 -13.1854 0.0566 0.2000 0.4314 0.3922 0.1961 19.8882 2.0000 
2720 2721 26 0.3915 1.4593 -13.1854 0.4327 1.6361 -13.2693 0.0566 0.2000 0.4314 0.3922 0.1961 19.9916 2.0000 
2721 2722 26 0.4327 1.6361 -13.2693 0.4302 1.8118 -13.3649 0.0566 0.2000 0.4314 0.3922 0.1961 20.0958 2.0000 
2722 2723 26 0.4302 1.8118 -13.3649 0.4298 1.9894 -13.4569 0.0566 0.2000 0.4314 0.3922 0.1961 20.2008 2.0000 
2723 2724 26 0.4298 1.9894 -13.4569 0.4293 2.1655 -13.5517 0.0566 0.2000 0.4314 0.3922 0.1961 20.3066 2.0000 
2724 2725 26 0.4293 2.1655 -13.5517 0.4263 2.3407 -13.6481 0.0566 0.2000 0.4314 0.3922 0.1961 20.4132 2.0000 
2725 2726 26 0.4263 2.3407 -13.6481 0.4352 2.4740 -13.7969 0.0566 0.2000 0.4314 0.3922 0.1961 20.5206 2.0000 
2726 2727 26 0.4352 2.4740 -13.7969 0.4375 2.5951 -13.9561 0.0566 0.2000 0.4314 0.3922 0.1961 20.6289 2.0000 
2727 2728 26 0.4375 2.5951 -13.9561 0.4384 2.7270 -14.1064 0.0566 0.2000 0.4314 0.3922 0.1961 20.7380 2.0000 
2728 2729 26 0.4384 2.7270 -14.1064 0.4375 2.8650 -14.2512 0.0566 0.2000 0.4314 0.3922 0.1961 20.8480 2.0000 
2729 2730 26 0.4375 2.8650 -14.2512 0.4326 2.9936 -14.4043 0.0566 0.2000 0.4314 0.3922 0.1961 20.9588 2.0000 
2730 2731 26 0.4326 2.9936 -14.4043 0.4326 3.1248 -14.5552 0.0566 0.2000 0.4314 0.3922 0.1961 21.0706 2.0000 
2731 2732 26 0.4326 3.1248 -14.5552 0.4687 3.2860 -14.6679 0.0566 0.2000 0.4314 0.3922 0.1961 21.1833 2.0000 
2732 2733 26 0.4687 3.2860 -14.6679 0.5175 3.4581 -14.7573 0.0566 0.2000 0.4314 0.3922 0.1961 21.2969 2.0000 
2733 2734 26 0.5175 3.4581 -14.7573 0.5529 3.6316 -14.8505 0.0566 0.2000 0.4314 0.3922 0.1961 21.4114 2.0000 
2734 2735 26 0.5529 3.6316 -14.8505 0.5853 3.8114 -14.9318 0.0566 0.2000 0.4314 0.3922 0.1961 21.5269 2.0000 
2735 2736 26 0.5853 3.8114 -14.9318 0.6114 3.9825 -15.0319 0.0566 0.2000 0.4314 0.3922 0.1961 21.6433 2.0000 
2736 2737 26 0.6114 3.9825 -15.0319 0.6415 4.1488 -15.1390 0.0566 0.2000 0.4314 0.3922 0.1961 21.7607 2.0000 
2737 2738 26 0.6415 4.1488 -15.1390 0.6737 4.3135 -15.2477 0.0566 0.2000 0.4314 0.3922 0.1961 21.8792 2.0000 
2738 2739 26 0.6737 4.3135 -15.2477 0.7413 4.4879 -15.3185 0.0566 0.2000 0.4314 0.3922 0.1961 21.9986 2.0000 
2739 2740 26 0.7413 4.4879 -15.3185 0.8255 4.6376 -15.4210 0.0566 0.2000 0.4314 0.3922 0.1961 22.1191 2.0000 
2740 2741 26 0.8255 4.6376 -15.4210 0.8905 4.7799 -15.5456 0.0566 0.2000 0.4314 0.3922 0.1961 22.2407 2.0000 
2741 2742 26 0.8905 4.7799 -15.5456 0.9392 4.9179 -15.6819 0.0566 0.2000 0.4314 0.3922 0.1961 22.3633 2.0000 
2742 2743 26 0.9392 4.9179 -15.6819 0.9776 5.0516 -15.8257 0.0566 0.2000 0.4314 0.3922 0.1961 22.4870 2.0000 
2743 2744 26 0.9776 5.0516 -15.8257 1.0068 5.2285 -15.9141 0.0566 0.2000 0.4314 0.3922 0.1961 22.6119 2.0000 
2744 2745 26 1.0068 5.2285 -15.9141 1.0065 5.4001 -16.0169 0.0566 0.2000 0.4314 0.3922 0.1961 22.7378 2.0000 
2745 2746 26 1.0065 5.4001 -16.0169 0.9533 5.5618 -16.1220 0.0566 0.2000 0.4314 0.3922 0.1961 22.8649 2.0000 
2746 2747 26 0.9533 5.5618 -16.1220 0.9085 5.7247 -16.2290 0.0566 0.2000 0.4314 0.3922 0.1961 22.9932 2.0000 
2747 2748 26 0.9085 5.7247 -16.2290 0.8951 5.8902 -16.3405 0.0566 0.2000 0.4314 0.3922 0.1961 23.1227 2.0000 
2748 2749 26 0.8951 5.8902 -16.3405 0.8731 6.0484 -16.4608 0.0566 0.2000 0.4314 0.3922 0.1961 23.2534 2.0000 
2749 2750 26 0.8731 6.0484 -16.4608 0.8538 6.2219 -16.5584 0.0566 0.2000 0.4314 0.3922 0.1961 23.3854 2.0000 
2750 2751 26 0.8538 6.2219 -16.5584 0.8852 6.3915 -16.6597 0.0566 0.2000 0.4314 0.3922 0.1961 23.5186 2.0000 
2751 2752 26 0.8852 6.3915 -16.6597 0.9226 6.5614 -16.7583 0.0566 0.2000 0.4314 0.3922 0.1961 23.6531 2.0000 
2752 2753 26 0.9226 6.5614 -16.7583 0.9648 6.7379 -16.8424 0.0566 0.2000 0.4314 0.3922 0.1961 23.7890 2.0000 
2753 2754 26 0.9648 6.7379 -16.8424 1.0304 6.8901 -16.9544 0.0566 0.2000 0.4314 0.3922 0.1961 23.9262 2.0000 
2754 2755 26 1.0304 6.8901 -16.9544 1.0833 7.0422 -17.0729 0.0566 0.2000 0.4314 0.3922 0.1961 24.0647 2.0000 
2755 2756 26 1.0833 7.0422 -17.0729 1.0962 7.2274 -17.1474 0.0566 0.2000 0.4314 0.3922 0.1961 24.2046 2.0000 
2756 2757 26 1.0962 7.2274 -17.1474 1.1132 7.4119 -17.2226 0.0566 0.2000 0.4314 0.3922 0.1961 24.3460 2.0000 
2757 2758 26 1.1132 7.4119 -17.2226 1.1226 7.6015 -17.2857 0.0566 0.2000 0.4314 0.3922 0.1961 24.4888 2.0000 
2758 2759 26 1.1226 7.6015 -17.2857 1.1194 7.7863 -17.3620 0.0566 0.2000 0.4314 0.3922 0.1961 24.6331 2.0000 
2759 2760 26 1.1194 7.7863 -17.3620 1.1134 7.9656 -17.4505 0.0566 0.2000 0.4314 0.3922 0.1961 24.7790 2.0000 
2760 2761 26 1.1134 7.9656 -17.4505 1.1415 8.1495 -17.5240 0.0566 0.2000 0.4314 0.3922 0.1961 24.9263 2.0000 
2761 2762 26 1.1415 8.1495 -17.5240 1.1865 8.3262 -17.6061 0.0566 0.2000 0.4314 0.3922 0.1961 25.0753 2.0000 
2762 2763 26 1.1865 8.3262 -17.6061 1.2757 8.4856 -17.6875 0.0566 0.2000 0.4314 0.3922 0.1961 25.2259 2.0000 
2763 2764 26 1.2757 8.4856 -17.6875 1.3381 8.6509 -17.7813 0.0566 0.2000 0.4314 0.3922 0.1961 25.3781 2.0000 
2764 2765 26 1.3381 8.6509 -17.7813 1.4182 8.8140 -17.8649 0.0566 0.2000 0.4314 0.3922 0.1961 25.5320 2.0000 
2765 2766 26 1.4182 8.8140 -17.8649 1.4816 8.9879 -17.9407 0.0566 0.2000 0.4314 0.3922 0.1961 25.6877 2.0000 
2766 2767 26 1.4816 8.9879 -17.9407 1.5196 9.1834 -17.9587 0.0566 0.2000 0.4314 0.3922 0.1961 25.8451 2.0000 
2767 2768 26 1.5196 9.1834 -17.9587 1.5461 9.3813 -17.9704 0.0566 0.2000 0.4314 0.3922 0.1961 26.0043 2.0000 
2768 2769 26 1.5461 9.3813 -17.9704 1.5966 9.5664 -18.0268 0.0566 0.2000 0.4314 0.3922 0.1961 26.1654 2.0000 
2769 2770 26 1.5966 9.5664 -18.0268 1.6582 9.7513 -18.0717 0.0566 0.2000 0.4314 0.3922 0.1961 26.3283 2.0000 
2770 2771 26 1.6582 9.7513 -18.0717 1.7220 9.9394 -18.0955 0.0566 0.2000 0.4314 0.3922 0.1961 26.4932 2.0000 
2771 2772 26 1.7220 9.9394 -18.0955 1.7904 10.1256 -18.1205 0.0566 0.2000 0.4314 0.3922 0.1961 26.6601 2.0000 
2772 2773 26 1.7904 10.1256 -18.1205 1.8672 10.3085 -18.1461 0.0566 0.2000 0.4314 0.3922 0.1961 26.8290 2.0000 
2773 2774 26 1.8672 10.3085 -18.1461 1.9215 10.4966 -18.1870 0.0566 0.2000 0.4314 0.3922 0.1961 27.0000 2.0000 
2774 2775 26 1.9215 10.4966 -18.1870 1.9783 10.6835 -18.2300 0.0566 0.2000 0.4314 0.3922 0.1961 27.1731 2.0000 
2775 2776 26 1.9783 10.6835 -18.2300 2.0456 10.8650 -18.2803 0.0566 0.2000 0.4314 0.3922 0.1961 27.3484 2.0000 
2776 2777 26 2.0456 10.8650 -18.2803 2.1028 11.0490 -18.3337 0.0566 0.2000 0.4314 0.3922 0.1961 27.5260 2.0000 
2777 2778 26 2.1028 11.0490 -18.3337 2.1454 11.2188 -18.4305 0.0566 0.2000 0.4314 0.3922 0.1961 27.7059 2.0000 
2778 2779 26 2.1454 11.2188 -18.4305 2.2611 11.3605 -18.5113 0.0566 0.2000 0.4314 0.3922 0.1961 27.8881 2.0000 
2779 2780 26 2.2611 11.3605 -18.5113 2.3687 11.4824 -18.6277 0.0566 0.2000 0.4314 0.3922 0.1961 28.0727 2.0000 
2780 2781 26 2.3687 11.4824 -18.6277 2.4902 11.5980 -18.7367 0.0566 0.2000 0.4314 0.3922 0.1961 28.2599 2.0000 
2781 2782 26 2.4902 11.5980 -18.7367 2.6172 11.7075 -18.8457 0.0566 0.2000 0.4314 0.3922 0.1961 28.4496 2.0000 
2782 2783 26 2.6172 11.7075 -18.8457 2.7307 11.7822 -18.9925 0.0566 0.2000 0.4314 0.3922 0.1961 28.6419 2.0000 
2783 2784 26 2.7307 11.7822 -18.9925 2.8584 11.8570 -19.1270 0.0566 0.2000 0.4314 0.3922 0.1961 28.8369 2.0000 
2784 2785 26 2.8584 11.8570 -19.1270 2.9967 11.9188 -19.2575 0.0566 0.2000 0.4314 0.3922 0.1961 29.0347 2.0000 
2785 2786 26 2.9967 11.9188 -19.2575 3.1333 11.9795 -19.3905 0.0566 0.2000 0.4314 0.3922 0.1961 29.2354 2.0000 
2786 2787 26 3.1333 11.9795 -19.3905 3.2602 12.0348 -19.5348 0.0566 0.2000 0.4314 0.3922 0.1961 29.4390 2.0000 
2787 2788 26 3.2602 12.0348 -19.5348 3.4089 12.0934 -19.6550 0.0566 0.2000 0.4314 0.3922 0.1961 29.6457 2.0000 
2788 2789 26 3.4089 12.0934 -19.6550 3.5655 12.1528 -19.7643 0.0566 0.2000 0.4314 0.3922 0.1961 29.8555 2.0000 
2789 2790 26 3.5655 12.1528 -19.7643 3.6757 12.1895 -19.8352 0.0566 0.1360 0.4314 0.3922 0.1961 30.0000 2.0000 
60 2791 27 0.1450 -0.2538 -13.1326 -0.0044 -0.3800 -13.1742 0.0494 0.2000 0.4314 0.3922 0.1961 19.5899 2.0000 
2791 2792 27 -0.0044 -0.3800 -13.1742 -0.1383 -0.5199 -13.2244 0.0494 0.2000 0.4314 0.3922 0.1961 19.6861 2.0000 
2792 2793 27 -0.1383 -0.5199 -13.2244 -0.2652 -0.6571 -13.2957 0.0494 0.2000 0.4314 0.3922 0.1961 19.7829 2.0000 
2793 2794 27 -0.2652 -0.6571 -13.2957 -0.4081 -0.7801 -13.3624 0.0494 0.2000 0.4314 0.3922 0.1961 19.8803 2.0000 
2794 2795 27 -0.4081 -0.7801 -13.3624 -0.5659 -0.8871 -13.4230 0.0494 0.2000 0.4314 0.3922 0.1961 19.9784 2.0000 
2795 2796 27 -0.5659 -0.8871 -13.4230 -0.7143 -1.0084 -13.4800 0.0494 0.2000 0.4314 0.3922 0.1961 20.0771 2.0000 
2796 2797 27 -0.7143 -1.0084 -13.4800 -0.8775 -1.0933 -13.5584 0.0494 0.2000 0.4314 0.3922 0.1961 20.1764 2.0000 
2797 2798 27 -0.8775 -1.0933 -13.5584 -1.0389 -1.1816 -13.6368 0.0494 0.2000 0.4314 0.3922 0.1961 20.2765 2.0000 
2798 2799 27 -1.0389 -1.1816 -13.6368 -1.2007 -1.2558 -13.7281 0.0494 0.2000 0.4314 0.3922 0.1961 20.3772 2.0000 
2799 2800 27 -1.2007 -1.2558 -13.7281 -1.3529 -1.3272 -13.8365 0.0494 0.2000 0.4314 0.3922 0.1961 20.4786 2.0000 
2800 2801 27 -1.3529 -1.3272 -13.8365 -1.5019 -1.3669 -13.9637 0.0494 0.2000 0.4314 0.3922 0.1961 20.5807 2.0000 
2801 2802 27 -1.5019 -1.3669 -13.9637 -1.6470 -1.4013 -14.0971 0.0494 0.2000 0.4314 0.3922 0.1961 20.6834 2.0000 
2802 2803 27 -1.6470 -1.4013 -14.0971 -1.7502 -1.4098 -14.2682 0.0494 0.2000 0.4314 0.3922 0.1961 20.7870 2.0000 
2803 2804 27 -1.7502 -1.4098 -14.2682 -1.8437 -1.4062 -14.4450 0.0494 0.2000 0.4314 0.3922 0.1961 20.8912 2.0000 
2804 2805 27 -1.8437 -1.4062 -14.4450 -1.9549 -1.4178 -14.6107 0.0494 0.2000 0.4314 0.3922 0.1961 20.9962 2.0000 
2805 2806 27 -1.9549 -1.4178 -14.6107 -2.0675 -1.4380 -14.7748 0.0494 0.2000 0.4314 0.3922 0.1961 21.1019 2.0000 
2806 2807 27 -2.0675 -1.4380 -14.7748 -2.1852 -1.4601 -14.9350 0.0494 0.2000 0.4314 0.3922 0.1961 21.2083 2.0000 
2807 2808 27 -2.1852 -1.4601 -14.9350 -2.2925 -1.4787 -15.1028 0.0494 0.2000 0.4314 0.3922 0.1961 21.3156 2.0000 
2808 2809 27 -2.2925 -1.4787 -15.1028 -2.3992 -1.5017 -15.2704 0.0494 0.2000 0.4314 0.3922 0.1961 21.4236 2.0000 
2809 2810 27 -2.3992 -1.5017 -15.2704 -2.4890 -1.5018 -15.4491 0.0494 0.2000 0.4314 0.3922 0.1961 21.5324 2.0000 
2810 2811 27 -2.4890 -1.5018 -15.4491 -2.6047 -1.5250 -15.6106 0.0494 0.2000 0.4314 0.3922 0.1961 21.6420 2.0000 
2811 2812 27 -2.6047 -1.5250 -15.6106 -2.7047 -1.5493 -15.7820 0.0494 0.2000 0.4314 0.3922 0.1961 21.7524 2.0000 
2812 2813 27 -2.7047 -1.5493 -15.7820 -2.8009 -1.5694 -15.9562 0.0494 0.2000 0.4314 0.3922 0.1961 21.8636 2.0000 
2813 2814 27 -2.8009 -1.5694 -15.9562 -2.9013 -1.6213 -16.1212 0.0494 0.2000 0.4314 0.3922 0.1961 21.9757 2.0000 
2814 2815 27 -2.9013 -1.6213 -16.1212 -2.9863 -1.7084 -16.2799 0.0494 0.2000 0.4314 0.3922 0.1961 22.0886 2.0000 
2815 2816 27 -2.9863 -1.7084 -16.2799 -3.0792 -1.7936 -16.4352 0.0494 0.2000 0.4314 0.3922 0.1961 22.2024 2.0000 
2816 2817 27 -3.0792 -1.7936 -16.4352 -3.1698 -1.8764 -16.5931 0.0494 0.2000 0.4314 0.3922 0.1961 22.3171 2.0000 
2817 2818 27 -3.1698 -1.8764 -16.5931 -3.2356 -1.9495 -16.7673 0.0494 0.2000 0.4314 0.3922 0.1961 22.4326 2.0000 
2818 2819 27 -3.2356 -1.9495 -16.7673 -3.2522 -2.0007 -16.9599 0.0494 0.2000 0.4314 0.3922 0.1961 22.5491 2.0000 
2819 2820 27 -3.2522 -2.0007 -16.9599 -3.2652 -2.0649 -17.1489 0.0494 0.2000 0.4314 0.3922 0.1961 22.6665 2.0000 
2820 2821 27 -3.2652 -2.0649 -17.1489 -3.2976 -2.1487 -17.3275 0.0494 0.2000 0.4314 0.3922 0.1961 22.7848 2.0000 
2821 2822 27 -3.2976 -2.1487 -17.3275 -3.3470 -2.2298 -17.5035 0.0494 0.2000 0.4314 0.3922 0.1961 22.9040 2.0000 
2822 2823 27 -3.3470 -2.2298 -17.5035 -3.3911 -2.2910 -17.6888 0.0494 0.2000 0.4314 0.3922 0.1961 23.0242 2.0000 
2823 2824 27 -3.3911 -2.2910 -17.6888 -3.4235 -2.3226 -17.8836 0.0494 0.2000 0.4314 0.3922 0.1961 23.1454 2.0000 
2824 2825 27 -3.4235 -2.3226 -17.8836 -3.4659 -2.3260 -18.0790 0.0494 0.2000 0.4314 0.3922 0.1961 23.2676 2.0000 
2825 2826 27 -3.4659 -2.3260 -18.0790 -3.5418 -2.3662 -18.2596 0.0494 0.2000 0.4314 0.3922 0.1961 23.3908 2.0000 
2826 2827 27 -3.5418 -2.3662 -18.2596 -3.6177 -2.4065 -18.4402 0.0494 0.2000 0.4314 0.3922 0.1961 23.5150 2.0000 
2827 2828 27 -3.6177 -2.4065 -18.4402 -3.6729 -2.4220 -18.6318 0.0494 0.2000 0.4314 0.3922 0.1961 23.6403 2.0000 
2828 2829 27 -3.6729 -2.4220 -18.6318 -3.7074 -2.4451 -18.8275 0.0494 0.2000 0.4314 0.3922 0.1961 23.7666 2.0000 
2829 2830 27 -3.7074 -2.4451 -18.8275 -3.7305 -2.4474 -19.0261 0.0494 0.2000 0.4314 0.3922 0.1961 23.8940 2.0000 
2830 2831 27 -3.7305 -2.4474 -19.0261 -3.7430 -2.4605 -19.2253 0.0494 0.2000 0.4314 0.3922 0.1961 24.0225 2.0000 
2831 2832 27 -3.7430 -2.4605 -19.2253 -3.7460 -2.4833 -19.4240 0.0494 0.2000 0.4314 0.3922 0.1961 24.1522 2.0000 
2832 2833 27 -3.7460 -2.4833 -19.4240 -3.7402 -2.4726 -19.6236 0.0494 0.2000 0.4314 0.3922 0.1961 24.2829 2.0000 
2833 2834 27 -3.7402 -2.4726 -19.6236 -3.7836 -2.4524 -19.8178 0.0494 0.2000 0.4314 0.3922 0.1961 24.4148 2.0000 
2834 2835 27 -3.7836 -2.4524 -19.8178 -3.8281 -2.4319 -20.0117 0.0494 0.2000 0.4314 0.3922 0.1961 24.5479 2.0000 
2835 2836 27 -3.8281 -2.4319 -20.0117 -3.8322 -2.4124 -20.2107 0.0494 0.2000 0.4314 0.3922 0.1961 24.6823 2.0000 
2836 2837 27 -3.8322 -2.4124 -20.2107 -3.8422 -2.3947 -20.4097 0.0494 0.2000 0.4314 0.3922 0.1961 24.8178 2.0000 
2837 2838 27 -3.8422 -2.3947 -20.4097 -3.8620 -2.3641 -20.6063 0.0494 0.2000 0.4314 0.3922 0.1961 24.9545 2.0000 
2838 2839 27 -3.8620 -2.3641 -20.6063 -3.8938 -2.3332 -20.8014 0.0494 0.2000 0.4314 0.3922 0.1961 25.0926 2.0000 
2839 2840 27 -3.8938 -2.3332 -20.8014 -3.9155 -2.2641 -20.9878 0.0494 0.2000 0.4314 0.3922 0.1961 25.2319 2.0000 
2840 2841 27 -3.9155 -2.2641 -20.9878 -3.9392 -2.2248 -21.1824 0.0494 0.2000 0.4314 0.3922 0.1961 25.3725 2.0000 
2841 2842 27 -3.9392 -2.2248 -21.1824 -3.9316 -2.1821 -21.3777 0.0494 0.2000 0.4314 0.3922 0.1961 25.5145 2.0000 
2842 2843 27 -3.9316 -2.1821 -21.3777 -3.9673 -2.1620 -21.5734 0.0494 0.2000 0.4314 0.3922 0.1961 25.6579 2.0000 
2843 2844 27 -3.9673 -2.1620 -21.5734 -3.9944 -2.1349 -21.7697 0.0494 0.2000 0.4314 0.3922 0.1961 25.8026 2.0000 
2844 2845 27 -3.9944 -2.1349 -21.7697 -4.0097 -2.0987 -21.9658 0.0494 0.2000 0.4314 0.3922 0.1961 25.9488 2.0000 
2845 2846 27 -4.0097 -2.0987 -21.9658 -4.0082 -2.0261 -22.1522 0.0494 0.2000 0.4314 0.3922 0.1961 26.0964 2.0000 
2846 2847 27 -4.0082 -2.0261 -22.1522 -4.0474 -1.9607 -22.3371 0.0494 0.2000 0.4314 0.3922 0.1961 26.2455 2.0000 
2847 2848 27 -4.0474 -1.9607 -22.3371 -4.1006 -1.9267 -22.5269 0.0494 0.2000 0.4314 0.3922 0.1961 26.3961 2.0000 
2848 2849 27 -4.1006 -1.9267 -22.5269 -4.1436 -1.8868 -22.7181 0.0494 0.2000 0.4314 0.3922 0.1961 26.5482 2.0000 
2849 2850 27 -4.1436 -1.8868 -22.7181 -4.1640 -1.8593 -22.9151 0.0494 0.2000 0.4314 0.3922 0.1961 26.7019 2.0000 
2850 2851 27 -4.1640 -1.8593 -22.9151 -4.2212 -1.8636 -23.1067 0.0494 0.2000 0.4314 0.3922 0.1961 26.8572 2.0000 
2851 2852 27 -4.2212 -1.8636 -23.1067 -4.2758 -1.8644 -23.2991 0.0494 0.2000 0.4314 0.3922 0.1961 27.0141 2.0000 
2852 2853 27 -4.2758 -1.8644 -23.2991 -4.3163 -1.8660 -23.4950 0.0494 0.2000 0.4314 0.3922 0.1961 27.1728 2.0000 
2853 2854 27 -4.3163 -1.8660 -23.4950 -4.3527 -1.8909 -23.6901 0.0494 0.2000 0.4314 0.3922 0.1961 27.3331 2.0000 
2854 2855 27 -4.3527 -1.8909 -23.6901 -4.3870 -1.9200 -23.8849 0.0494 0.2000 0.4314 0.3922 0.1961 27.4951 2.0000 
2855 2856 27 -4.3870 -1.9200 -23.8849 -4.4223 -1.9486 -24.0797 0.0494 0.2000 0.4314 0.3922 0.1961 27.6590 2.0000 
2856 2857 27 -4.4223 -1.9486 -24.0797 -4.4502 -1.9442 -24.2777 0.0494 0.2000 0.4314 0.3922 0.1961 27.8246 2.0000 
2857 2858 27 -4.4502 -1.9442 -24.2777 -4.4888 -1.9358 -24.4738 0.0494 0.2000 0.4314 0.3922 0.1961 27.9922 2.0000 
2858 2859 27 -4.4888 -1.9358 -24.4738 -4.5263 -1.9256 -24.6699 0.0494 0.2000 0.4314 0.3922 0.1961 28.1616 2.0000 
2859 2860 27 -4.5263 -1.9256 -24.6699 -4.5553 -1.9191 -24.8677 0.0494 0.2000 0.4314 0.3922 0.1961 28.3330 2.0000 
2860 2861 27 -4.5553 -1.9191 -24.8677 -4.5806 -1.9166 -25.0661 0.0494 0.2000 0.4314 0.3922 0.1961 28.5064 2.0000 
2861 2862 27 -4.5806 -1.9166 -25.0661 -4.5979 -1.9151 -25.2653 0.0494 0.2000 0.4314 0.3922 0.1961 28.6818 2.0000 
2862 2863 27 -4.5979 -1.9151 -25.2653 -4.6463 -1.9336 -25.4585 0.0494 0.2000 0.4314 0.3922 0.1961 28.8593 2.0000 
2863 2864 27 -4.6463 -1.9336 -25.4585 -4.6443 -1.9382 -25.6584 0.0494 0.2000 0.4314 0.3922 0.1961 29.0390 2.0000 
2864 2865 27 -4.6443 -1.9382 -25.6584 -4.6338 -1.9180 -25.8572 0.0494 0.2000 0.4314 0.3922 0.1961 29.2208 2.0000 
2865 2866 27 -4.6338 -1.9180 -25.8572 -4.6202 -1.8860 -26.0541 0.0494 0.2000 0.4314 0.3922 0.1961 29.4049 2.0000 
2866 2867 27 -4.6202 -1.8860 -26.0541 -4.6052 -1.8560 -26.2513 0.0494 0.2000 0.4314 0.3922 0.1961 29.5913 2.0000 
2867 2868 27 -4.6052 -1.8560 -26.2513 -4.5829 -1.8413 -26.4495 0.0494 0.2000 0.4314 0.3922 0.1961 29.7800 2.0000 
2868 2869 27 -4.5829 -1.8413 -26.4495 -4.5779 -1.8137 -26.6475 0.0494 0.2000 0.4314 0.3922 0.1961 29.9712 2.0000 
2869 2870 27 -4.5779 -1.8137 -26.6475 -4.5763 -1.8108 -26.6772 0.0494 0.0299 0.4314 0.3922 0.1961 30.0000 2.0000 
63 2871 28 0.1085 -0.2362 -13.5602 -0.0819 -0.2162 -13.6179 0.0542 0.2000 0.4314 0.3922 0.1961 20.1176 2.0000 
2871 2872 28 -0.0819 -0.2162 -13.6179 -0.2795 -0.2002 -13.6442 0.0542 0.2000 0.4314 0.3922 0.1961 20.2063 2.0000 
2872 2873 28 -0.2795 -0.2002 -13.6442 -0.4790 -0.2124 -13.6514 0.0542 0.2000 0.4314 0.3922 0.1961 20.2955 2.0000 
2873 2874 28 -0.4790 -0.2124 -13.6514 -0.6777 -0.1923 -13.6411 0.0542 0.2000 0.4314 0.3922 0.1961 20.3854 2.0000 
2874 2875 28 -0.6777 -0.1923 -13.6411 -0.8769 -0.1893 -13.6229 0.0542 0.2000 0.4314 0.3922 0.1961 20.4759 2.0000 
2875 2876 28 -0.8769 -0.1893 -13.6229 -1.0729 -0.2147 -13.5920 0.0542 0.2000 0.4314 0.3922 0.1961 20.5670 2.0000 
2876 2877 28 -1.0729 -0.2147 -13.5920 -1.2693 -0.2447 -13.5698 0.0542 0.2000 0.4314 0.3922 0.1961 20.6587 2.0000 
2877 2878 28 -1.2693 -0.2447 -13.5698 -1.4635 -0.2817 -13.5395 0.0542 0.2000 0.4314 0.3922 0.1961 20.7511 2.0000 
2878 2879 28 -1.4635 -0.2817 -13.5395 -1.6580 -0.3176 -13.5093 0.0542 0.2000 0.4314 0.3922 0.1961 20.8441 2.0000 
2879 2880 28 -1.6580 -0.3176 -13.5093 -1.8513 -0.3582 -13.4779 0.0542 0.2000 0.4314 0.3922 0.1961 20.9378 2.0000 
2880 2881 28 -1.8513 -0.3582 -13.4779 -2.0406 -0.3523 -13.4137 0.0542 0.2000 0.4314 0.3922 0.1961 21.0321 2.0000 
2881 2882 28 -2.0406 -0.3523 -13.4137 -2.2287 -0.3505 -13.3458 0.0542 0.2000 0.4314 0.3922 0.1961 21.1271 2.0000 
2882 2883 28 -2.2287 -0.3505 -13.3458 -2.4247 -0.3770 -13.3160 0.0542 0.2000 0.4314 0.3922 0.1961 21.2229 2.0000 
2883 2884 28 -2.4247 -0.3770 -13.3160 -2.6226 -0.3971 -13.2957 0.0542 0.2000 0.4314 0.3922 0.1961 21.3193 2.0000 
2884 2885 28 -2.6226 -0.3971 -13.2957 -2.8205 -0.3996 -13.2665 0.0542 0.2000 0.4314 0.3922 0.1961 21.4164 2.0000 
2885 2886 28 -2.8205 -0.3996 -13.2665 -3.0166 -0.4239 -13.2356 0.0542 0.2000 0.4314 0.3922 0.1961 21.5142 2.0000 
2886 2887 28 -3.0166 -0.4239 -13.2356 -3.2123 -0.4235 -13.1945 0.0542 0.2000 0.4314 0.3922 0.1961 21.6128 2.0000 
2887 2888 28 -3.2123 -0.4235 -13.1945 -3.4090 -0.4199 -13.1583 0.0542 0.2000 0.4314 0.3922 0.1961 21.7121 2.0000 
2888 2889 28 -3.4090 -0.4199 -13.1583 -3.6057 -0.3862 -13.1716 0.0542 0.2000 0.4314 0.3922 0.1961 21.8122 2.0000 
2889 2890 28 -3.6057 -0.3862 -13.1716 -3.8045 -0.3647 -13.1758 0.0542 0.2000 0.4314 0.3922 0.1961 21.9130 2.0000 
2890 2891 28 -3.8045 -0.3647 -13.1758 -3.9981 -0.3606 -13.1258 0.0542 0.2000 0.4314 0.3922 0.1961 22.0146 2.0000 
2891 2892 28 -3.9981 -0.3606 -13.1258 -4.1824 -0.3534 -13.0486 0.0542 0.2000 0.4314 0.3922 0.1961 22.1170 2.0000 
2892 2893 28 -4.1824 -0.3534 -13.0486 -4.3586 -0.3482 -12.9540 0.0542 0.2000 0.4314 0.3922 0.1961 22.2202 2.0000 
2893 2894 28 -4.3586 -0.3482 -12.9540 -4.5358 -0.3427 -12.8614 0.0542 0.2000 0.4314 0.3922 0.1961 22.3242 2.0000 
2894 2895 28 -4.5358 -0.3427 -12.8614 -4.7169 -0.3525 -12.7771 0.0542 0.2000 0.4314 0.3922 0.1961 22.4291 2.0000 
2895 2896 28 -4.7169 -0.3525 -12.7771 -4.9022 -0.3539 -12.7020 0.0542 0.2000 0.4314 0.3922 0.1961 22.5347 2.0000 
2896 2897 28 -4.9022 -0.3539 -12.7020 -5.0906 -0.3505 -12.6350 0.0542 0.2000 0.4314 0.3922 0.1961 22.6413 2.0000 
2897 2898 28 -5.0906 -0.3505 -12.6350 -5.2826 -0.3919 -12.5973 0.0542 0.2000 0.4314 0.3922 0.1961 22.7487 2.0000 
2898 2899 28 -5.2826 -0.3919 -12.5973 -5.4693 -0.4230 -12.5324 0.0542 0.2000 0.4314 0.3922 0.1961 22.8569 2.0000 
2899 2900 28 -5.4693 -0.4230 -12.5324 -5.6591 -0.4623 -12.4831 0.0542 0.2000 0.4314 0.3922 0.1961 22.9661 2.0000 
2900 2901 28 -5.6591 -0.4623 -12.4831 -5.8504 -0.5070 -12.4459 0.0542 0.2000 0.4314 0.3922 0.1961 23.0762 2.0000 
2901 2902 28 -5.8504 -0.5070 -12.4459 -6.0463 -0.5286 -12.4121 0.0542 0.2000 0.4314 0.3922 0.1961 23.1872 2.0000 
2902 2903 28 -6.0463 -0.5286 -12.4121 -6.2430 -0.5451 -12.3794 0.0542 0.2000 0.4314 0.3922 0.1961 23.2991 2.0000 
2903 2904 28 -6.2430 -0.5451 -12.3794 -6.4400 -0.5545 -12.3463 0.0542 0.2000 0.4314 0.3922 0.1961 23.4120 2.0000 
2904 2905 28 -6.4400 -0.5545 -12.3463 -6.6385 -0.5594 -12.3222 0.0542 0.2000 0.4314 0.3922 0.1961 23.5259 2.0000 
2905 2906 28 -6.6385 -0.5594 -12.3222 -6.8309 -0.5805 -12.3725 0.0542 0.2000 0.4314 0.3922 0.1961 23.6407 2.0000 
2906 2907 28 -6.8309 -0.5805 -12.3725 -7.0248 -0.5910 -12.4202 0.0542 0.2000 0.4314 0.3922 0.1961 23.7566 2.0000 
2907 2908 28 -7.0248 -0.5910 -12.4202 -7.2136 -0.6153 -12.4816 0.0542 0.2000 0.4314 0.3922 0.1961 23.8735 2.0000 
2908 2909 28 -7.2136 -0.6153 -12.4816 -7.4034 -0.6390 -12.5401 0.0542 0.2000 0.4314 0.3922 0.1961 23.9914 2.0000 
2909 2910 28 -7.4034 -0.6390 -12.5401 -7.5932 -0.6634 -12.5980 0.0542 0.2000 0.4314 0.3922 0.1961 24.1104 2.0000 
2910 2911 28 -7.5932 -0.6634 -12.5980 -7.7832 -0.6867 -12.6560 0.0542 0.2000 0.4314 0.3922 0.1961 24.2305 2.0000 
2911 2912 28 -7.7832 -0.6867 -12.6560 -7.9569 -0.7031 -12.7539 0.0542 0.2000 0.4314 0.3922 0.1961 24.3517 2.0000 
2912 2913 28 -7.9569 -0.7031 -12.7539 -8.1330 -0.7090 -12.8484 0.0542 0.2000 0.4314 0.3922 0.1961 24.4740 2.0000 
2913 2914 28 -8.1330 -0.7090 -12.8484 -8.3156 -0.6844 -12.9262 0.0542 0.2000 0.4314 0.3922 0.1961 24.5975 2.0000 
2914 2915 28 -8.3156 -0.6844 -12.9262 -8.4986 -0.6955 -13.0062 0.0542 0.2000 0.4314 0.3922 0.1961 24.7221 2.0000 
2915 2916 28 -8.4986 -0.6955 -13.0062 -8.6818 -0.7017 -13.0861 0.0542 0.2000 0.4314 0.3922 0.1961 24.8479 2.0000 
2916 2917 28 -8.6818 -0.7017 -13.0861 -8.8613 -0.7135 -13.1736 0.0542 0.2000 0.4314 0.3922 0.1961 24.9749 2.0000 
2917 2918 28 -8.8613 -0.7135 -13.1736 -9.0422 -0.7310 -13.2572 0.0542 0.2000 0.4314 0.3922 0.1961 25.1031 2.0000 
2918 2919 28 -9.0422 -0.7310 -13.2572 -9.2189 -0.7414 -13.3501 0.0542 0.2000 0.4314 0.3922 0.1961 25.2326 2.0000 
2919 2920 28 -9.2189 -0.7414 -13.3501 -9.4117 -0.7276 -13.4016 0.0542 0.2000 0.4314 0.3922 0.1961 25.3634 2.0000 
2920 2921 28 -9.4117 -0.7276 -13.4016 -9.6018 -0.7153 -13.4624 0.0542 0.2000 0.4314 0.3922 0.1961 25.4955 2.0000 
2921 2922 28 -9.6018 -0.7153 -13.4624 -9.7911 -0.6996 -13.5251 0.0542 0.2000 0.4314 0.3922 0.1961 25.6289 2.0000 
2922 2923 28 -9.7911 -0.6996 -13.5251 -9.9806 -0.6832 -13.5869 0.0542 0.2000 0.4314 0.3922 0.1961 25.7637 2.0000 
2923 2924 28 -9.9806 -0.6832 -13.5869 -10.1734 -0.6672 -13.6375 0.0542 0.2000 0.4314 0.3922 0.1961 25.8999 2.0000 
2924 2925 28 -10.1734 -0.6672 -13.6375 -10.3594 -0.6784 -13.7103 0.0542 0.2000 0.4314 0.3922 0.1961 26.0375 2.0000 
2925 2926 28 -10.3594 -0.6784 -13.7103 -10.5503 -0.7027 -13.7648 0.0542 0.2000 0.4314 0.3922 0.1961 26.1765 2.0000 
2926 2927 28 -10.5503 -0.7027 -13.7648 -10.7351 -0.7448 -13.8286 0.0542 0.2000 0.4314 0.3922 0.1961 26.3171 2.0000 
2927 2928 28 -10.7351 -0.7448 -13.8286 -10.9201 -0.7790 -13.8965 0.0542 0.2000 0.4314 0.3922 0.1961 26.4591 2.0000 
2928 2929 28 -10.9201 -0.7790 -13.8965 -11.1051 -0.7945 -13.9708 0.0542 0.2000 0.4314 0.3922 0.1961 26.6027 2.0000 
2929 2930 28 -11.1051 -0.7945 -13.9708 -11.2828 -0.8294 -14.0557 0.0542 0.2000 0.4314 0.3922 0.1961 26.7478 2.0000 
2930 2931 28 -11.2828 -0.8294 -14.0557 -11.4572 -0.9148 -14.1035 0.0542 0.2000 0.4314 0.3922 0.1961 26.8946 2.0000 
2931 2932 28 -11.4572 -0.9148 -14.1035 -11.6302 -1.0022 -14.1529 0.0542 0.2000 0.4314 0.3922 0.1961 27.0430 2.0000 
2932 2933 28 -11.6302 -1.0022 -14.1529 -11.7950 -1.0681 -14.2451 0.0542 0.2000 0.4314 0.3922 0.1961 27.1931 2.0000 
2933 2934 28 -11.7950 -1.0681 -14.2451 -11.9652 -1.1340 -14.3268 0.0542 0.2000 0.4314 0.3922 0.1961 27.3449 2.0000 
2934 2935 28 -11.9652 -1.1340 -14.3268 -12.1509 -1.1681 -14.3929 0.0542 0.2000 0.4314 0.3922 0.1961 27.4985 2.0000 
2935 2936 28 -12.1509 -1.1681 -14.3929 -12.3286 -1.2242 -14.4655 0.0542 0.2000 0.4314 0.3922 0.1961 27.6539 2.0000 
2936 2937 28 -12.3286 -1.2242 -14.4655 -12.5070 -1.3120 -14.4864 0.0542 0.2000 0.4314 0.3922 0.1961 27.8112 2.0000 
2937 2938 28 -12.5070 -1.3120 -14.4864 -12.6788 -1.4098 -14.5172 0.0542 0.2000 0.4314 0.3922 0.1961 27.9703 2.0000 
2938 2939 28 -12.6788 -1.4098 -14.5172 -12.8617 -1.4886 -14.5356 0.0542 0.2000 0.4314 0.3922 0.1961 28.1314 2.0000 
2939 2940 28 -12.8617 -1.4886 -14.5356 -13.0439 -1.5679 -14.5583 0.0542 0.2000 0.4314 0.3922 0.1961 28.2945 2.0000 
2940 2941 28 -13.0439 -1.5679 -14.5583 -13.2266 -1.6344 -14.6053 0.0542 0.2000 0.4314 0.3922 0.1961 28.4596 2.0000 
2941 2942 28 -13.2266 -1.6344 -14.6053 -13.4080 -1.7039 -14.6525 0.0542 0.2000 0.4314 0.3922 0.1961 28.6268 2.0000 
2942 2943 28 -13.4080 -1.7039 -14.6525 -13.5885 -1.7754 -14.7009 0.0542 0.2000 0.4314 0.3922 0.1961 28.7962 2.0000 
2943 2944 28 -13.5885 -1.7754 -14.7009 -13.7667 -1.8401 -14.7644 0.0542 0.2000 0.4314 0.3922 0.1961 28.9677 2.0000 
2944 2945 28 -13.7667 -1.8401 -14.7644 -13.9443 -1.9273 -14.7936 0.0542 0.2000 0.4314 0.3922 0.1961 29.1415 2.0000 
2945 2946 28 -13.9443 -1.9273 -14.7936 -14.1190 -2.0180 -14.8291 0.0542 0.2000 0.4314 0.3922 0.1961 29.3177 2.0000 
2946 2947 28 -14.1190 -2.0180 -14.8291 -14.2776 -2.1320 -14.8721 0.0542 0.2000 0.4314 0.3922 0.1961 29.4962 2.0000 
2947 2948 28 -14.2776 -2.1320 -14.8721 -14.4359 -2.2381 -14.9327 0.0542 0.2000 0.4314 0.3922 0.1961 29.6771 2.0000 
2948 2949 28 -14.4359 -2.2381 -14.9327 -14.5942 -2.3442 -14.9935 0.0542 0.2000 0.4314 0.3922 0.1961 29.8606 2.0000 
2949 2950 28 -14.5942 -2.3442 -14.9935 -14.7009 -2.4377 -15.0426 0.0542 0.1501 0.4314 0.3922 0.1961 30.0000 2.0000 
65 2951 29 0.0806 -0.2249 -13.9521 -0.0907 -0.1502 -14.0233 0.0620 0.2000 0.4314 0.3922 0.1961 20.6299 2.0000 
2951 2952 29 -0.0907 -0.1502 -14.0233 -0.2577 -0.0728 -14.1015 0.0620 0.2000 0.4314 0.3922 0.1961 20.7348 2.0000 
2952 2953 29 -0.2577 -0.0728 -14.1015 -0.4157 0.0036 -14.1974 0.0620 0.2000 0.4314 0.3922 0.1961 20.8404 2.0000 
2953 2954 29 -0.4157 0.0036 -14.1974 -0.5756 0.0788 -14.2912 0.0620 0.2000 0.4314 0.3922 0.1961 20.9466 2.0000 
2954 2955 29 -0.5756 0.0788 -14.2912 -0.7213 0.1603 -14.4013 0.0620 0.2000 0.4314 0.3922 0.1961 21.0536 2.0000 
2955 2956 29 -0.7213 0.1603 -14.4013 -0.8701 0.2556 -14.4950 0.0620 0.2000 0.4314 0.3922 0.1961 21.1613 2.0000 
2956 2957 29 -0.8701 0.2556 -14.4950 -1.0256 0.3354 -14.5922 0.0620 0.2000 0.4314 0.3922 0.1961 21.2698 2.0000 
2957 2958 29 -1.0256 0.3354 -14.5922 -1.1764 0.4273 -14.6861 0.0620 0.2000 0.4314 0.3922 0.1961 21.3790 2.0000 
2958 2959 29 -1.1764 0.4273 -14.6861 -1.3211 0.5108 -14.7960 0.0620 0.2000 0.4314 0.3922 0.1961 21.4889 2.0000 
2959 2960 29 -1.3211 0.5108 -14.7960 -1.4705 0.6011 -14.8935 0.0620 0.2000 0.4314 0.3922 0.1961 21.5996 2.0000 
2960 2961 29 -1.4705 0.6011 -14.8935 -1.6111 0.7049 -14.9909 0.0620 0.2000 0.4314 0.3922 0.1961 21.7111 2.0000 
2961 2962 29 -1.6111 0.7049 -14.9909 -1.7540 0.7991 -15.0944 0.0620 0.2000 0.4314 0.3922 0.1961 21.8233 2.0000 
2962 2963 29 -1.7540 0.7991 -15.0944 -1.8968 0.8932 -15.1980 0.0620 0.2000 0.4314 0.3922 0.1961 21.9363 2.0000 
2963 2964 29 -1.8968 0.8932 -15.1980 -2.0375 0.9942 -15.2981 0.0620 0.2000 0.4314 0.3922 0.1961 22.0502 2.0000 
2964 2965 29 -2.0375 0.9942 -15.2981 -2.1814 1.0914 -15.3972 0.0620 0.2000 0.4314 0.3922 0.1961 22.1649 2.0000 
2965 2966 29 -2.1814 1.0914 -15.3972 -2.3320 1.1840 -15.4909 0.0620 0.2000 0.4314 0.3922 0.1961 22.2803 2.0000 
2966 2967 29 -2.3320 1.1840 -15.4909 -2.4826 1.2732 -15.5876 0.0620 0.2000 0.4314 0.3922 0.1961 22.3967 2.0000 
2967 2968 29 -2.4826 1.2732 -15.5876 -2.6444 1.3310 -15.6899 0.0620 0.2000 0.4314 0.3922 0.1961 22.5139 2.0000 
2968 2969 29 -2.6444 1.3310 -15.6899 -2.7752 1.4010 -15.8241 0.0620 0.2000 0.4314 0.3922 0.1961 22.6319 2.0000 
2969 2970 29 -2.7752 1.4010 -15.8241 -2.9083 1.4590 -15.9616 0.0620 0.2000 0.4314 0.3922 0.1961 22.7508 2.0000 
2970 2971 29 -2.9083 1.4590 -15.9616 -3.0378 1.5138 -16.1038 0.0620 0.2000 0.4314 0.3922 0.1961 22.8706 2.0000 
2971 2972 29 -3.0378 1.5138 -16.1038 -3.1449 1.5764 -16.2607 0.0620 0.2000 0.4314 0.3922 0.1961 22.9914 2.0000 
2972 2973 29 -3.1449 1.5764 -16.2607 -3.2641 1.6157 -16.4165 0.0620 0.2000 0.4314 0.3922 0.1961 23.1130 2.0000 
2973 2974 29 -3.2641 1.6157 -16.4165 -3.3972 1.6011 -16.5650 0.0620 0.2000 0.4314 0.3922 0.1961 23.2356 2.0000 
2974 2975 29 -3.3972 1.6011 -16.5650 -3.5342 1.5797 -16.7092 0.0620 0.2000 0.4314 0.3922 0.1961 23.3591 2.0000 
2975 2976 29 -3.5342 1.5797 -16.7092 -3.6362 1.5925 -16.8807 0.0620 0.2000 0.4314 0.3922 0.1961 23.4836 2.0000 
2976 2977 29 -3.6362 1.5925 -16.8807 -3.7216 1.6244 -17.0587 0.0620 0.2000 0.4314 0.3922 0.1961 23.6090 2.0000 
2977 2978 29 -3.7216 1.6244 -17.0587 -3.7796 1.6468 -17.2488 0.0620 0.2000 0.4314 0.3922 0.1961 23.7354 2.0000 
2978 2979 29 -3.7796 1.6468 -17.2488 -3.8300 1.6681 -17.4412 0.0620 0.2000 0.4314 0.3922 0.1961 23.8629 2.0000 
2979 2980 29 -3.8300 1.6681 -17.4412 -3.9277 1.7170 -17.6087 0.0620 0.2000 0.4314 0.3922 0.1961 23.9914 2.0000 
2980 2981 29 -3.9277 1.7170 -17.6087 -4.0391 1.7988 -17.7533 0.0620 0.2000 0.4314 0.3922 0.1961 24.1209 2.0000 
2981 2982 29 -4.0391 1.7988 -17.7533 -4.1429 1.8833 -17.9019 0.0620 0.2000 0.4314 0.3922 0.1961 24.2515 2.0000 
2982 2983 29 -4.1429 1.8833 -17.9019 -4.2136 1.9826 -18.0605 0.0620 0.2000 0.4314 0.3922 0.1961 24.3831 2.0000 
2983 2984 29 -4.2136 1.9826 -18.0605 -4.2915 2.0758 -18.2193 0.0620 0.2000 0.4314 0.3922 0.1961 24.5159 2.0000 
2984 2985 29 -4.2915 2.0758 -18.2193 -4.3787 2.1726 -18.3711 0.0620 0.2000 0.4314 0.3922 0.1961 24.6497 2.0000 
2985 2986 29 -4.3787 2.1726 -18.3711 -4.4710 2.2486 -18.5315 0.0620 0.2000 0.4314 0.3922 0.1961 24.7847 2.0000 
2986 2987 29 -4.4710 2.2486 -18.5315 -4.5358 2.2943 -18.7150 0.0620 0.2000 0.4314 0.3922 0.1961 24.9208 2.0000 
2987 2988 29 -4.5358 2.2943 -18.7150 -4.5997 2.3395 -18.8991 0.0620 0.2000 0.4314 0.3922 0.1961 25.0581 2.0000 
2988 2989 29 -4.5997 2.3395 -18.8991 -4.6449 2.3639 -19.0924 0.0620 0.2000 0.4314 0.3922 0.1961 25.1966 2.0000 
2989 2990 29 -4.6449 2.3639 -19.0924 -4.6969 2.4008 -19.2819 0.0620 0.2000 0.4314 0.3922 0.1961 25.3363 2.0000 
2990 2991 29 -4.6969 2.4008 -19.2819 -4.7855 2.4913 -19.4367 0.0620 0.2000 0.4314 0.3922 0.1961 25.4772 2.0000 
2991 2992 29 -4.7855 2.4913 -19.4367 -4.8629 2.6131 -19.5752 0.0620 0.2000 0.4314 0.3922 0.1961 25.6194 2.0000 
2992 2993 29 -4.8629 2.6131 -19.5752 -4.9398 2.7349 -19.7140 0.0620 0.2000 0.4314 0.3922 0.1961 25.7629 2.0000 
2993 2994 29 -4.9398 2.7349 -19.7140 -5.0425 2.8290 -19.8574 0.0620 0.2000 0.4314 0.3922 0.1961 25.9076 2.0000 
2994 2995 29 -5.0425 2.8290 -19.8574 -5.1323 2.9194 -20.0116 0.0620 0.2000 0.4314 0.3922 0.1961 26.0537 2.0000 
2995 2996 29 -5.1323 2.9194 -20.0116 -5.1825 3.0212 -20.1763 0.0620 0.2000 0.4314 0.3922 0.1961 26.2011 2.0000 
2996 2997 29 -5.1825 3.0212 -20.1763 -5.2313 3.1233 -20.3412 0.0620 0.2000 0.4314 0.3922 0.1961 26.3499 2.0000 
2997 2998 29 -5.2313 3.1233 -20.3412 -5.2886 3.2144 -20.5098 0.0620 0.2000 0.4314 0.3922 0.1961 26.5001 2.0000 
2998 2999 29 -5.2886 3.2144 -20.5098 -5.3411 3.3011 -20.6822 0.0620 0.2000 0.4314 0.3922 0.1961 26.6517 2.0000 
2999 3000 29 -5.3411 3.3011 -20.6822 -5.3998 3.4060 -20.8420 0.0620 0.2000 0.4314 0.3922 0.1961 26.8048 2.0000 
3000 3001 29 -5.3998 3.4060 -20.8420 -5.4501 3.5083 -21.0064 0.0620 0.2000 0.4314 0.3922 0.1961 26.9593 2.0000 
3001 3002 29 -5.4501 3.5083 -21.0064 -5.5022 3.6085 -21.1715 0.0620 0.2000 0.4314 0.3922 0.1961 27.1154 2.0000 
3002 3003 29 -5.5022 3.6085 -21.1715 -5.5704 3.7078 -21.3311 0.0620 0.2000 0.4314 0.3922 0.1961 27.2730 2.0000 
3003 3004 29 -5.5704 3.7078 -21.3311 -5.6400 3.8165 -21.4838 0.0620 0.2000 0.4314 0.3922 0.1961 27.4321 2.0000 
3004 3005 29 -5.6400 3.8165 -21.4838 -5.6818 3.9233 -21.6477 0.0620 0.2000 0.4314 0.3922 0.1961 27.5929 2.0000 
3005 3006 29 -5.6818 3.9233 -21.6477 -5.6804 4.0361 -21.8128 0.0620 0.2000 0.4314 0.3922 0.1961 27.7553 2.0000 
3006 3007 29 -5.6804 4.0361 -21.8128 -5.6426 4.1865 -21.9392 0.0620 0.2000 0.4314 0.3922 0.1961 27.9193 2.0000 
3007 3008 29 -5.6426 4.1865 -21.9392 -5.6060 4.3370 -22.0657 0.0620 0.2000 0.4314 0.3922 0.1961 28.0851 2.0000 
3008 3009 29 -5.6060 4.3370 -22.0657 -5.6010 4.4877 -22.1971 0.0620 0.2000 0.4314 0.3922 0.1961 28.2526 2.0000 
3009 3010 29 -5.6010 4.4877 -22.1971 -5.6013 4.6236 -22.3439 0.0620 0.2000 0.4314 0.3922 0.1961 28.4219 2.0000 
3010 3011 29 -5.6013 4.6236 -22.3439 -5.5928 4.7619 -22.4881 0.0620 0.2000 0.4314 0.3922 0.1961 28.5929 2.0000 
3011 3012 29 -5.5928 4.7619 -22.4881 -5.5650 4.8525 -22.6642 0.0620 0.2000 0.4314 0.3922 0.1961 28.7659 2.0000 
3012 3013 29 -5.5650 4.8525 -22.6642 -5.5660 4.9379 -22.8451 0.0620 0.2000 0.4314 0.3922 0.1961 28.9407 2.0000 
3013 3014 29 -5.5660 4.9379 -22.8451 -5.5625 5.0131 -23.0303 0.0620 0.2000 0.4314 0.3922 0.1961 29.1174 2.0000 
3014 3015 29 -5.5625 5.0131 -23.0303 -5.5611 5.0830 -23.2177 0.0620 0.2000 0.4314 0.3922 0.1961 29.2962 2.0000 
3015 3016 29 -5.5611 5.0830 -23.2177 -5.5648 5.1532 -23.4049 0.0620 0.2000 0.4314 0.3922 0.1961 29.4769 2.0000 
3016 3017 29 -5.5648 5.1532 -23.4049 -5.6008 5.2426 -23.5802 0.0620 0.2000 0.4314 0.3922 0.1961 29.6597 2.0000 
3017 3018 29 -5.6008 5.2426 -23.5802 -5.6294 5.3399 -23.7526 0.0620 0.2000 0.4314 0.3922 0.1961 29.8446 2.0000 
3018 3019 29 -5.6294 5.3399 -23.7526 -5.6458 5.4127 -23.9012 0.0620 0.1663 0.4314 0.3922 0.1961 30.0000 2.0000 
67 3020 30 0.0784 -0.2231 -14.3423 -0.0990 -0.2860 -14.4098 0.0511 0.2000 0.4314 0.3922 0.1961 21.1163 2.0000 
3020 3021 30 -0.0990 -0.2860 -14.4098 -0.2791 -0.3567 -14.4605 0.0511 0.2000 0.4314 0.3922 0.1961 21.2081 2.0000 
3021 3022 30 -0.2791 -0.3567 -14.4605 -0.4619 -0.4205 -14.5106 0.0511 0.2000 0.4314 0.3922 0.1961 21.3005 2.0000 
3022 3023 30 -0.4619 -0.4205 -14.5106 -0.6422 -0.4890 -14.5634 0.0511 0.2000 0.4314 0.3922 0.1961 21.3935 2.0000 
3023 3024 30 -0.6422 -0.4890 -14.5634 -0.8223 -0.5558 -14.6191 0.0511 0.2000 0.4314 0.3922 0.1961 21.4871 2.0000 
3024 3025 30 -0.8223 -0.5558 -14.6191 -0.9875 -0.6246 -14.7085 0.0511 0.2000 0.4314 0.3922 0.1961 21.5814 2.0000 
3025 3026 30 -0.9875 -0.6246 -14.7085 -1.1395 -0.6953 -14.8175 0.0511 0.2000 0.4314 0.3922 0.1961 21.6763 2.0000 
3026 3027 30 -1.1395 -0.6953 -14.8175 -1.2860 -0.7588 -14.9380 0.0511 0.2000 0.4314 0.3922 0.1961 21.7718 2.0000 
3027 3028 30 -1.2860 -0.7588 -14.9380 -1.4555 -0.8417 -15.0044 0.0511 0.2000 0.4314 0.3922 0.1961 21.8679 2.0000 
3028 3029 30 -1.4555 -0.8417 -15.0044 -1.6351 -0.9101 -15.0595 0.0511 0.2000 0.4314 0.3922 0.1961 21.9648 2.0000 
3029 3030 30 -1.6351 -0.9101 -15.0595 -1.8123 -0.9630 -15.1357 0.0511 0.2000 0.4314 0.3922 0.1961 22.0623 2.0000 
3030 3031 30 -1.8123 -0.9630 -15.1357 -1.9814 -1.0441 -15.2052 0.0511 0.2000 0.4314 0.3922 0.1961 22.1604 2.0000 
3031 3032 30 -1.9814 -1.0441 -15.2052 -2.1517 -1.1181 -15.2795 0.0511 0.2000 0.4314 0.3922 0.1961 22.2593 2.0000 
3032 3033 30 -2.1517 -1.1181 -15.2795 -2.3224 -1.1696 -15.3701 0.0511 0.2000 0.4314 0.3922 0.1961 22.3588 2.0000 
3033 3034 30 -2.3224 -1.1696 -15.3701 -2.4968 -1.2360 -15.4420 0.0511 0.2000 0.4314 0.3922 0.1961 22.4591 2.0000 
3034 3035 30 -2.4968 -1.2360 -15.4420 -2.6570 -1.3183 -15.5291 0.0511 0.2000 0.4314 0.3922 0.1961 22.5601 2.0000 
3035 3036 30 -2.6570 -1.3183 -15.5291 -2.8284 -1.3774 -15.6135 0.0511 0.2000 0.4314 0.3922 0.1961 22.6617 2.0000 
3036 3037 30 -2.8284 -1.3774 -15.6135 -2.9825 -1.4568 -15.7132 0.0511 0.2000 0.4314 0.3922 0.1961 22.7642 2.0000 
3037 3038 30 -2.9825 -1.4568 -15.7132 -3.1417 -1.5311 -15.8087 0.0511 0.2000 0.4314 0.3922 0.1961 22.8674 2.0000 
3038 3039 30 -3.1417 -1.5311 -15.8087 -3.2889 -1.5967 -15.9272 0.0511 0.2000 0.4314 0.3922 0.1961 22.9713 2.0000 
3039 3040 30 -3.2889 -1.5967 -15.9272 -3.4360 -1.6533 -16.0503 0.0511 0.2000 0.4314 0.3922 0.1961 23.0760 2.0000 
3040 3041 30 -3.4360 -1.6533 -16.0503 -3.5810 -1.7072 -16.1771 0.0511 0.2000 0.4314 0.3922 0.1961 23.1815 2.0000 
3041 3042 30 -3.5810 -1.7072 -16.1771 -3.7104 -1.7711 -16.3155 0.0511 0.2000 0.4314 0.3922 0.1961 23.2877 2.0000 
3042 3043 30 -3.7104 -1.7711 -16.3155 -3.8324 -1.8551 -16.4499 0.0511 0.2000 0.4314 0.3922 0.1961 23.3948 2.0000 
3043 3044 30 -3.8324 -1.8551 -16.4499 -3.9532 -1.9277 -16.5918 0.0511 0.2000 0.4314 0.3922 0.1961 23.5027 2.0000 
3044 3045 30 -3.9532 -1.9277 -16.5918 -4.0561 -2.0169 -16.7383 0.0511 0.2000 0.4314 0.3922 0.1961 23.6114 2.0000 
3045 3046 30 -4.0561 -2.0169 -16.7383 -4.1730 -2.0938 -16.8812 0.0511 0.2000 0.4314 0.3922 0.1961 23.7210 2.0000 
3046 3047 30 -4.1730 -2.0938 -16.8812 -4.2682 -2.2009 -17.0207 0.0511 0.2000 0.4314 0.3922 0.1961 23.8314 2.0000 
3047 3048 30 -4.2682 -2.2009 -17.0207 -4.3630 -2.3013 -17.1654 0.0511 0.2000 0.4314 0.3922 0.1961 23.9427 2.0000 
3048 3049 30 -4.3630 -2.3013 -17.1654 -4.4791 -2.4007 -17.2944 0.0511 0.2000 0.4314 0.3922 0.1961 24.0549 2.0000 
3049 3050 30 -4.4791 -2.4007 -17.2944 -4.5581 -2.4656 -17.4663 0.0511 0.2000 0.4314 0.3922 0.1961 24.1679 2.0000 
3050 3051 30 -4.5581 -2.4656 -17.4663 -4.5741 -2.5389 -17.6517 0.0511 0.2000 0.4314 0.3922 0.1961 24.2819 2.0000 
3051 3052 30 -4.5741 -2.5389 -17.6517 -4.6005 -2.6034 -17.8391 0.0511 0.2000 0.4314 0.3922 0.1961 24.3968 2.0000 
3052 3053 30 -4.6005 -2.6034 -17.8391 -4.6211 -2.6824 -18.0218 0.0511 0.2000 0.4314 0.3922 0.1961 24.5127 2.0000 
3053 3054 30 -4.6211 -2.6824 -18.0218 -4.6196 -2.7484 -18.2105 0.0511 0.2000 0.4314 0.3922 0.1961 24.6295 2.0000 
3054 3055 30 -4.6196 -2.7484 -18.2105 -4.6187 -2.8111 -18.4005 0.0511 0.2000 0.4314 0.3922 0.1961 24.7472 2.0000 
3055 3056 30 -4.6187 -2.8111 -18.4005 -4.6336 -2.8604 -18.5937 0.0511 0.2000 0.4314 0.3922 0.1961 24.8660 2.0000 
3056 3057 30 -4.6336 -2.8604 -18.5937 -4.6889 -2.9174 -18.7773 0.0511 0.2000 0.4314 0.3922 0.1961 24.9857 2.0000 
3057 3058 30 -4.6889 -2.9174 -18.7773 -4.7479 -2.9692 -18.9612 0.0511 0.2000 0.4314 0.3922 0.1961 25.1065 2.0000 
3058 3059 30 -4.7479 -2.9692 -18.9612 -4.8004 -3.0189 -19.1477 0.0511 0.2000 0.4314 0.3922 0.1961 25.2284 2.0000 
3059 3060 30 -4.8004 -3.0189 -19.1477 -4.8344 -3.0638 -19.3396 0.0511 0.2000 0.4314 0.3922 0.1961 25.3512 2.0000 
3060 3061 30 -4.8344 -3.0638 -19.3396 -4.8704 -3.0936 -19.5341 0.0511 0.2000 0.4314 0.3922 0.1961 25.4752 2.0000 
3061 3062 30 -4.8704 -3.0936 -19.5341 -4.8599 -3.1491 -19.7259 0.0511 0.2000 0.4314 0.3922 0.1961 25.6002 2.0000 
3062 3063 30 -4.8599 -3.1491 -19.7259 -4.8217 -3.1978 -19.9161 0.0511 0.2000 0.4314 0.3922 0.1961 25.7264 2.0000 
3063 3064 30 -4.8217 -3.1978 -19.9161 -4.7993 -3.2274 -20.1126 0.0511 0.2000 0.4314 0.3922 0.1961 25.8537 2.0000 
3064 3065 30 -4.7993 -3.2274 -20.1126 -4.7703 -3.2616 -20.3076 0.0511 0.2000 0.4314 0.3922 0.1961 25.9822 2.0000 
3065 3066 30 -4.7703 -3.2616 -20.3076 -4.7757 -3.2823 -20.5064 0.0511 0.2000 0.4314 0.3922 0.1961 26.1118 2.0000 
3066 3067 30 -4.7757 -3.2823 -20.5064 -4.7826 -3.2982 -20.7057 0.0511 0.2000 0.4314 0.3922 0.1961 26.2426 2.0000 
3067 3068 30 -4.7826 -3.2982 -20.7057 -4.7817 -3.3058 -20.9055 0.0511 0.2000 0.4314 0.3922 0.1961 26.3747 2.0000 
3068 3069 30 -4.7817 -3.3058 -20.9055 -4.7815 -3.3126 -21.1054 0.0511 0.2000 0.4314 0.3922 0.1961 26.5080 2.0000 
3069 3070 30 -4.7815 -3.3126 -21.1054 -4.7809 -3.3182 -21.3053 0.0511 0.2000 0.4314 0.3922 0.1961 26.6425 2.0000 
3070 3071 30 -4.7809 -3.3182 -21.3053 -4.7690 -3.3163 -21.5050 0.0511 0.2000 0.4314 0.3922 0.1961 26.7784 2.0000 
3071 3072 30 -4.7690 -3.3163 -21.5050 -4.7114 -3.3670 -21.6897 0.0511 0.2000 0.4314 0.3922 0.1961 26.9155 2.0000 
3072 3073 30 -4.7114 -3.3670 -21.6897 -4.6537 -3.3928 -21.8794 0.0511 0.2000 0.4314 0.3922 0.1961 27.0541 2.0000 
3073 3074 30 -4.6537 -3.3928 -21.8794 -4.6080 -3.4157 -22.0727 0.0511 0.2000 0.4314 0.3922 0.1961 27.1939 2.0000 
3074 3075 30 -4.6080 -3.4157 -22.0727 -4.5643 -3.4378 -22.2667 0.0511 0.2000 0.4314 0.3922 0.1961 27.3352 2.0000 
3075 3076 30 -4.5643 -3.4378 -22.2667 -4.5554 -3.4557 -22.4657 0.0511 0.2000 0.4314 0.3922 0.1961 27.4779 2.0000 
3076 3077 30 -4.5554 -3.4557 -22.4657 -4.5803 -3.4408 -22.6636 0.0511 0.2000 0.4314 0.3922 0.1961 27.6221 2.0000 
3077 3078 30 -4.5803 -3.4408 -22.6636 -4.6127 -3.4019 -22.8570 0.0511 0.2000 0.4314 0.3922 0.1961 27.7677 2.0000 
3078 3079 30 -4.6127 -3.4019 -22.8570 -4.6770 -3.3518 -23.0397 0.0511 0.2000 0.4314 0.3922 0.1961 27.9148 2.0000 
3079 3080 30 -4.6770 -3.3518 -23.0397 -4.7467 -3.3131 -23.2231 0.0511 0.2000 0.4314 0.3922 0.1961 28.0635 2.0000 
3080 3081 30 -4.7467 -3.3131 -23.2231 -4.8257 -3.2707 -23.4019 0.0511 0.2000 0.4314 0.3922 0.1961 28.2138 2.0000 
3081 3082 30 -4.8257 -3.2707 -23.4019 -4.9072 -3.1884 -23.5649 0.0511 0.2000 0.4314 0.3922 0.1961 28.3657 2.0000 
3082 3083 30 -4.9072 -3.1884 -23.5649 -4.9726 -3.1094 -23.7366 0.0511 0.2000 0.4314 0.3922 0.1961 28.5192 2.0000 
3083 3084 30 -4.9726 -3.1094 -23.7366 -5.0488 -3.0307 -23.9039 0.0511 0.2000 0.4314 0.3922 0.1961 28.6744 2.0000 
3084 3085 30 -5.0488 -3.0307 -23.9039 -5.1364 -2.9344 -24.0558 0.0511 0.2000 0.4314 0.3922 0.1961 28.8314 2.0000 
3085 3086 30 -5.1364 -2.9344 -24.0558 -5.2092 -2.8240 -24.2059 0.0511 0.2000 0.4314 0.3922 0.1961 28.9901 2.0000 
3086 3087 30 -5.2092 -2.8240 -24.2059 -5.2407 -2.7486 -24.3884 0.0511 0.2000 0.4314 0.3922 0.1961 29.1506 2.0000 
3087 3088 30 -5.2407 -2.7486 -24.3884 -5.2561 -2.6894 -24.5788 0.0511 0.2000 0.4314 0.3922 0.1961 29.3129 2.0000 
3088 3089 30 -5.2561 -2.6894 -24.5788 -5.2649 -2.6383 -24.7720 0.0511 0.2000 0.4314 0.3922 0.1961 29.4771 2.0000 
3089 3090 30 -5.2649 -2.6383 -24.7720 -5.2804 -2.6134 -24.9698 0.0511 0.2000 0.4314 0.3922 0.1961 29.6433 2.0000 
3090 3091 30 -5.2804 -2.6134 -24.9698 -5.3333 -2.5750 -25.1588 0.0511 0.2000 0.4314 0.3922 0.1961 29.8114 2.0000 
3091 3092 30 -5.3333 -2.5750 -25.1588 -5.3802 -2.5319 -25.3484 0.0511 0.2000 0.4314 0.3922 0.1961 29.9815 2.0000 
3092 3093 30 -5.3802 -2.5319 -25.3484 -5.3850 -2.5267 -25.3688 0.0511 0.0216 0.4314 0.3922 0.1961 30.0000 2.0000 
69 3094 31 0.0664 -0.2228 -14.7275 0.2150 -0.3435 -14.7854 0.0472 0.2000 0.4314 0.3922 0.1961 21.6165 2.0000 
3094 3095 31 0.2150 -0.3435 -14.7854 0.3693 -0.4382 -14.8703 0.0472 0.2000 0.4314 0.3922 0.1961 21.7099 2.0000 
3095 3096 31 0.3693 -0.4382 -14.8703 0.5205 -0.5356 -14.9577 0.0472 0.2000 0.4314 0.3922 0.1961 21.8040 2.0000 
3096 3097 31 0.5205 -0.5356 -14.9577 0.6702 -0.6343 -15.0464 0.0472 0.2000 0.4314 0.3922 0.1961 21.8988 2.0000 
3097 3098 31 0.6702 -0.6343 -15.0464 0.8193 -0.7354 -15.1333 0.0472 0.2000 0.4314 0.3922 0.1961 21.9942 2.0000 
3098 3099 31 0.8193 -0.7354 -15.1333 0.9594 -0.8268 -15.2430 0.0472 0.2000 0.4314 0.3922 0.1961 22.0904 2.0000 
3099 3100 31 0.9594 -0.8268 -15.2430 1.0830 -0.9431 -15.3487 0.0472 0.2000 0.4314 0.3922 0.1961 22.1872 2.0000 
3100 3101 31 1.0830 -0.9431 -15.3487 1.2022 -1.0607 -15.4581 0.0472 0.2000 0.4314 0.3922 0.1961 22.2847 2.0000 
3101 3102 31 1.2022 -1.0607 -15.4581 1.3374 -1.1801 -15.5445 0.0472 0.2000 0.4314 0.3922 0.1961 22.3829 2.0000 
3102 3103 31 1.3374 -1.1801 -15.5445 1.4651 -1.2977 -15.6438 0.0472 0.2000 0.4314 0.3922 0.1961 22.4819 2.0000 
3103 3104 31 1.4651 -1.2977 -15.6438 1.6030 -1.3985 -15.7479 0.0472 0.2000 0.4314 0.3922 0.1961 22.5815 2.0000 
3104 3105 31 1.6030 -1.3985 -15.7479 1.7156 -1.5207 -15.8592 0.0472 0.2000 0.4314 0.3922 0.1961 22.6819 2.0000 
3105 3106 31 1.7156 -1.5207 -15.8592 1.8367 -1.6364 -15.9685 0.0472 0.2000 0.4314 0.3922 0.1961 22.7831 2.0000 
3106 3107 31 1.8367 -1.6364 -15.9685 1.9694 -1.7337 -16.0822 0.0472 0.2000 0.4314 0.3922 0.1961 22.8851 2.0000 
3107 3108 31 1.9694 -1.7337 -16.0822 2.1220 -1.7748 -16.2048 0.0472 0.2000 0.4314 0.3922 0.1961 22.9878 2.0000 
3108 3109 31 2.1220 -1.7748 -16.2048 2.2733 -1.8378 -16.3193 0.0472 0.2000 0.4314 0.3922 0.1961 23.0913 2.0000 
3109 3110 31 2.2733 -1.8378 -16.3193 2.4305 -1.8868 -16.4328 0.0472 0.2000 0.4314 0.3922 0.1961 23.1956 2.0000 
3110 3111 31 2.4305 -1.8868 -16.4328 2.5581 -1.9568 -16.5700 0.0472 0.2000 0.4314 0.3922 0.1961 23.3007 2.0000 
3111 3112 31 2.5581 -1.9568 -16.5700 2.6777 -2.0216 -16.7166 0.0472 0.2000 0.4314 0.3922 0.1961 23.4067 2.0000 
3112 3113 31 2.6777 -2.0216 -16.7166 2.7852 -2.0837 -16.8734 0.0472 0.2000 0.4314 0.3922 0.1961 23.5135 2.0000 
3113 3114 31 2.7852 -2.0837 -16.8734 2.9109 -2.1097 -17.0268 0.0472 0.2000 0.4314 0.3922 0.1961 23.6211 2.0000 
3114 3115 31 2.9109 -2.1097 -17.0268 3.0370 -2.1222 -17.1816 0.0472 0.2000 0.4314 0.3922 0.1961 23.7296 2.0000 
3115 3116 31 3.0370 -2.1222 -17.1816 3.1621 -2.1369 -17.3369 0.0472 0.2000 0.4314 0.3922 0.1961 23.8390 2.0000 
3116 3117 31 3.1621 -2.1369 -17.3369 3.2590 -2.1391 -17.5119 0.0472 0.2000 0.4314 0.3922 0.1961 23.9493 2.0000 
3117 3118 31 3.2590 -2.1391 -17.5119 3.3216 -2.0734 -17.6901 0.0472 0.2000 0.4314 0.3922 0.1961 24.0605 2.0000 
3118 3119 31 3.3216 -2.0734 -17.6901 3.3931 -2.0131 -17.8669 0.0472 0.2000 0.4314 0.3922 0.1961 24.1727 2.0000 
3119 3120 31 3.3931 -2.0131 -17.8669 3.4574 -1.9512 -18.0459 0.0472 0.2000 0.4314 0.3922 0.1961 24.2857 2.0000 
3120 3121 31 3.4574 -1.9512 -18.0459 3.4755 -1.8807 -18.2322 0.0472 0.2000 0.4314 0.3922 0.1961 24.3998 2.0000 
3121 3122 31 3.4755 -1.8807 -18.2322 3.4908 -1.7978 -18.4135 0.0472 0.2000 0.4314 0.3922 0.1961 24.5148 2.0000 
3122 3123 31 3.4908 -1.7978 -18.4135 3.5067 -1.7147 -18.5948 0.0472 0.2000 0.4314 0.3922 0.1961 24.6308 2.0000 
3123 3124 31 3.5067 -1.7147 -18.5948 3.5219 -1.6322 -18.7763 0.0472 0.2000 0.4314 0.3922 0.1961 24.7478 2.0000 
3124 3125 31 3.5219 -1.6322 -18.7763 3.5450 -1.5515 -18.9579 0.0472 0.2000 0.4314 0.3922 0.1961 24.8658 2.0000 
3125 3126 31 3.5450 -1.5515 -18.9579 3.5921 -1.4796 -19.1384 0.0472 0.2000 0.4314 0.3922 0.1961 24.9849 2.0000 
3126 3127 31 3.5921 -1.4796 -19.1384 3.6500 -1.3869 -19.3059 0.0472 0.2000 0.4314 0.3922 0.1961 25.1050 2.0000 
3127 3128 31 3.6500 -1.3869 -19.3059 3.6809 -1.2914 -19.4789 0.0472 0.2000 0.4314 0.3922 0.1961 25.2262 2.0000 
3128 3129 31 3.6809 -1.2914 -19.4789 3.6617 -1.1799 -19.6438 0.0472 0.2000 0.4314 0.3922 0.1961 25.3486 2.0000 
3129 3130 31 3.6617 -1.1799 -19.6438 3.6440 -1.0677 -19.8084 0.0472 0.2000 0.4314 0.3922 0.1961 25.4720 2.0000 
3130 3131 31 3.6440 -1.0677 -19.8084 3.6243 -0.9724 -19.9831 0.0472 0.2000 0.4314 0.3922 0.1961 25.5966 2.0000 
3131 3132 31 3.6243 -0.9724 -19.9831 3.6201 -0.8644 -20.1514 0.0472 0.2000 0.4314 0.3922 0.1961 25.7223 2.0000 
3132 3133 31 3.6201 -0.8644 -20.1514 3.5952 -0.7758 -20.3290 0.0472 0.2000 0.4314 0.3922 0.1961 25.8493 2.0000 
3133 3134 31 3.5952 -0.7758 -20.3290 3.5697 -0.6885 -20.5071 0.0472 0.2000 0.4314 0.3922 0.1961 25.9774 2.0000 
3134 3135 31 3.5697 -0.6885 -20.5071 3.5436 -0.6257 -20.6952 0.0472 0.2000 0.4314 0.3922 0.1961 26.1068 2.0000 
3135 3136 31 3.5436 -0.6257 -20.6952 3.4964 -0.5635 -20.8793 0.0472 0.2000 0.4314 0.3922 0.1961 26.2374 2.0000 
3136 3137 31 3.4964 -0.5635 -20.8793 3.4705 -0.4789 -21.0587 0.0472 0.2000 0.4314 0.3922 0.1961 26.3693 2.0000 
3137 3138 31 3.4705 -0.4789 -21.0587 3.4482 -0.4187 -21.2481 0.0472 0.2000 0.4314 0.3922 0.1961 26.5026 2.0000 
3138 3139 31 3.4482 -0.4187 -21.2481 3.4241 -0.3955 -21.4453 0.0472 0.2000 0.4314 0.3922 0.1961 26.6371 2.0000 
3139 3140 31 3.4241 -0.3955 -21.4453 3.3997 -0.3623 -21.6410 0.0472 0.2000 0.4314 0.3922 0.1961 26.7730 2.0000 
3140 3141 31 3.3997 -0.3623 -21.6410 3.3788 -0.3171 -21.8347 0.0472 0.2000 0.4314 0.3922 0.1961 26.9103 2.0000 
3141 3142 31 3.3788 -0.3171 -21.8347 3.3637 -0.2713 -22.0288 0.0472 0.2000 0.4314 0.3922 0.1961 27.0490 2.0000 
3142 3143 31 3.3637 -0.2713 -22.0288 3.3393 -0.2333 -22.2236 0.0472 0.2000 0.4314 0.3922 0.1961 27.1891 2.0000 
3143 3144 31 3.3393 -0.2333 -22.2236 3.3140 -0.1950 -22.4183 0.0472 0.2000 0.4314 0.3922 0.1961 27.3308 2.0000 
3144 3145 31 3.3140 -0.1950 -22.4183 3.3252 -0.1234 -22.6047 0.0472 0.2000 0.4314 0.3922 0.1961 27.4739 2.0000 
3145 3146 31 3.3252 -0.1234 -22.6047 3.3199 -0.0130 -22.7714 0.0472 0.2000 0.4314 0.3922 0.1961 27.6186 2.0000 
3146 3147 31 3.3199 -0.0130 -22.7714 3.3397 0.1076 -22.9297 0.0472 0.2000 0.4314 0.3922 0.1961 27.7648 2.0000 
3147 3148 31 3.3397 0.1076 -22.9297 3.3652 0.2309 -23.0851 0.0472 0.2000 0.4314 0.3922 0.1961 27.9127 2.0000 
3148 3149 31 3.3652 0.2309 -23.0851 3.3718 0.3155 -23.2662 0.0472 0.2000 0.4314 0.3922 0.1961 28.0621 2.0000 
3149 3150 31 3.3718 0.3155 -23.2662 3.3761 0.3898 -23.4518 0.0472 0.2000 0.4314 0.3922 0.1961 28.2133 2.0000 
3150 3151 31 3.3761 0.3898 -23.4518 3.4012 0.4692 -23.6337 0.0472 0.2000 0.4314 0.3922 0.1961 28.3662 2.0000 
3151 3152 31 3.4012 0.4692 -23.6337 3.4013 0.5507 -23.8163 0.0472 0.2000 0.4314 0.3922 0.1961 28.5208 2.0000 
3152 3153 31 3.4013 0.5507 -23.8163 3.4199 0.6630 -23.9807 0.0472 0.2000 0.4314 0.3922 0.1961 28.6773 2.0000 
3153 3154 31 3.4199 0.6630 -23.9807 3.4163 0.7607 -24.1552 0.0472 0.2000 0.4314 0.3922 0.1961 28.8355 2.0000 
3154 3155 31 3.4163 0.7607 -24.1552 3.3916 0.8528 -24.3310 0.0472 0.2000 0.4314 0.3922 0.1961 28.9957 2.0000 
3155 3156 31 3.3916 0.8528 -24.3310 3.3671 0.9926 -24.4720 0.0472 0.2000 0.4314 0.3922 0.1961 29.1578 2.0000 
3156 3157 31 3.3671 0.9926 -24.4720 3.3423 1.1346 -24.6106 0.0472 0.2000 0.4314 0.3922 0.1961 29.3218 2.0000 
3157 3158 31 3.3423 1.1346 -24.6106 3.3100 1.2730 -24.7513 0.0472 0.2000 0.4314 0.3922 0.1961 29.4879 2.0000 
3158 3159 31 3.3100 1.2730 -24.7513 3.2853 1.3935 -24.9090 0.0472 0.2000 0.4314 0.3922 0.1961 29.6561 2.0000 
3159 3160 31 3.2853 1.3935 -24.9090 3.2561 1.5259 -25.0560 0.0472 0.2000 0.4314 0.3922 0.1961 29.8264 2.0000 
3160 3161 31 3.2561 1.5259 -25.0560 3.2270 1.6584 -25.2030 0.0472 0.2000 0.4314 0.3922 0.1961 29.9989 2.0000 
3161 3162 31 3.2270 1.6584 -25.2030 3.2268 1.6593 -25.2039 0.0472 0.0013 0.4314 0.3922 0.1961 30.0000 2.0000 
72 3163 32 0.0391 -0.2277 -15.1557 0.2087 -0.2986 -15.2343 0.0564 0.2000 0.4314 0.3922 0.1961 22.1866 2.0000 
3163 3164 32 0.2087 -0.2986 -15.2343 0.3596 -0.3609 -15.3499 0.0564 0.2000 0.4314 0.3922 0.1961 22.2878 2.0000 
3164 3165 32 0.3596 -0.3609 -15.3499 0.5161 -0.4274 -15.4551 0.0564 0.2000 0.4314 0.3922 0.1961 22.3896 2.0000 
3165 3166 32 0.5161 -0.4274 -15.4551 0.6427 -0.5272 -15.5735 0.0564 0.2000 0.4314 0.3922 0.1961 22.4920 2.0000 
3166 3167 32 0.6427 -0.5272 -15.5735 0.7548 -0.6393 -15.6954 0.0564 0.2000 0.4314 0.3922 0.1961 22.5951 2.0000 
3167 3168 32 0.7548 -0.6393 -15.6954 0.8867 -0.7372 -15.8095 0.0564 0.2000 0.4314 0.3922 0.1961 22.6989 2.0000 
3168 3169 32 0.8867 -0.7372 -15.8095 1.0196 -0.8344 -15.9231 0.0564 0.2000 0.4314 0.3922 0.1961 22.8033 2.0000 
3169 3170 32 1.0196 -0.8344 -15.9231 1.1682 -0.9182 -16.0275 0.0564 0.2000 0.4314 0.3922 0.1961 22.9084 2.0000 
3170 3171 32 1.1682 -0.9182 -16.0275 1.3121 -0.9971 -16.1418 0.0564 0.2000 0.4314 0.3922 0.1961 23.0142 2.0000 
3171 3172 32 1.3121 -0.9971 -16.1418 1.4516 -1.0750 -16.2621 0.0564 0.2000 0.4314 0.3922 0.1961 23.1206 2.0000 
3172 3173 32 1.4516 -1.0750 -16.2621 1.5952 -1.1371 -16.3866 0.0564 0.2000 0.4314 0.3922 0.1961 23.2278 2.0000 
3173 3174 32 1.5952 -1.1371 -16.3866 1.7397 -1.1960 -16.5117 0.0564 0.2000 0.4314 0.3922 0.1961 23.3357 2.0000 
3174 3175 32 1.7397 -1.1960 -16.5117 1.8865 -1.2429 -16.6392 0.0564 0.2000 0.4314 0.3922 0.1961 23.4443 2.0000 
3175 3176 32 1.8865 -1.2429 -16.6392 2.0195 -1.2852 -16.7825 0.0564 0.2000 0.4314 0.3922 0.1961 23.5536 2.0000 
3176 3177 32 2.0195 -1.2852 -16.7825 2.1478 -1.3322 -16.9285 0.0564 0.2000 0.4314 0.3922 0.1961 23.6637 2.0000 
3177 3178 32 2.1478 -1.3322 -16.9285 2.2904 -1.3869 -17.0577 0.0564 0.2000 0.4314 0.3922 0.1961 23.7745 2.0000 
3178 3179 32 2.2904 -1.3869 -17.0577 2.4016 -1.4651 -17.2044 0.0564 0.2000 0.4314 0.3922 0.1961 23.8861 2.0000 
3179 3180 32 2.4016 -1.4651 -17.2044 2.5095 -1.5445 -17.3528 0.0564 0.2000 0.4314 0.3922 0.1961 23.9984 2.0000 
3180 3181 32 2.5095 -1.5445 -17.3528 2.5929 -1.6373 -17.5092 0.0564 0.2000 0.4314 0.3922 0.1961 24.1116 2.0000 
3181 3182 32 2.5929 -1.6373 -17.5092 2.6757 -1.7311 -17.6652 0.0564 0.2000 0.4314 0.3922 0.1961 24.2255 2.0000 
3182 3183 32 2.6757 -1.7311 -17.6652 2.7531 -1.8214 -17.8260 0.0564 0.2000 0.4314 0.3922 0.1961 24.3402 2.0000 
3183 3184 32 2.7531 -1.8214 -17.8260 2.8350 -1.9103 -17.9853 0.0564 0.2000 0.4314 0.3922 0.1961 24.4558 2.0000 
3184 3185 32 2.8350 -1.9103 -17.9853 2.9178 -2.0230 -18.1283 0.0564 0.2000 0.4314 0.3922 0.1961 24.5722 2.0000 
3185 3186 32 2.9178 -2.0230 -18.1283 2.9789 -2.1689 -18.2507 0.0564 0.2000 0.4314 0.3922 0.1961 24.6894 2.0000 
3186 3187 32 2.9789 -2.1689 -18.2507 3.0385 -2.3122 -18.3769 0.0564 0.2000 0.4314 0.3922 0.1961 24.8074 2.0000 
3187 3188 32 3.0385 -2.3122 -18.3769 3.1167 -2.4265 -18.5211 0.0564 0.2000 0.4314 0.3922 0.1961 24.9264 2.0000 
3188 3189 32 3.1167 -2.4265 -18.5211 3.2126 -2.5353 -18.6589 0.0564 0.2000 0.4314 0.3922 0.1961 25.0462 2.0000 
3189 3190 32 3.2126 -2.5353 -18.6589 3.3223 -2.6125 -18.8072 0.0564 0.2000 0.4314 0.3922 0.1961 25.1669 2.0000 
3190 3191 32 3.3223 -2.6125 -18.8072 3.4315 -2.6899 -18.9558 0.0564 0.2000 0.4314 0.3922 0.1961 25.2884 2.0000 
3191 3192 32 3.4315 -2.6899 -18.9558 3.5020 -2.7390 -19.1364 0.0564 0.2000 0.4314 0.3922 0.1961 25.4110 2.0000 
3192 3193 32 3.5020 -2.7390 -19.1364 3.5717 -2.7866 -19.3177 0.0564 0.2000 0.4314 0.3922 0.1961 25.5344 2.0000 
3193 3194 32 3.5717 -2.7866 -19.3177 3.6478 -2.8327 -19.4969 0.0564 0.2000 0.4314 0.3922 0.1961 25.6588 2.0000 
3194 3195 32 3.6478 -2.8327 -19.4969 3.7511 -2.8719 -19.6636 0.0564 0.2000 0.4314 0.3922 0.1961 25.7841 2.0000 
3195 3196 32 3.7511 -2.8719 -19.6636 3.8468 -2.9058 -19.8359 0.0564 0.2000 0.4314 0.3922 0.1961 25.9105 2.0000 
3196 3197 32 3.8468 -2.9058 -19.8359 3.9407 -2.9129 -20.0123 0.0564 0.2000 0.4314 0.3922 0.1961 26.0378 2.0000 
3197 3198 32 3.9407 -2.9129 -20.0123 4.0042 -2.9396 -20.2001 0.0564 0.2000 0.4314 0.3922 0.1961 26.1661 2.0000 
3198 3199 32 4.0042 -2.9396 -20.2001 4.0618 -2.9649 -20.3899 0.0564 0.2000 0.4314 0.3922 0.1961 26.2954 2.0000 
3199 3200 32 4.0618 -2.9649 -20.3899 4.0855 -3.0243 -20.5794 0.0564 0.2000 0.4314 0.3922 0.1961 26.4258 2.0000 
3200 3201 32 4.0855 -3.0243 -20.5794 4.1001 -3.0724 -20.7730 0.0564 0.2000 0.4314 0.3922 0.1961 26.5572 2.0000 
3201 3202 32 4.1001 -3.0724 -20.7730 4.1040 -3.1127 -20.9689 0.0564 0.2000 0.4314 0.3922 0.1961 26.6897 2.0000 
3202 3203 32 4.1040 -3.1127 -20.9689 4.1071 -3.1401 -21.1670 0.0564 0.2000 0.4314 0.3922 0.1961 26.8233 2.0000 
3203 3204 32 4.1071 -3.1401 -21.1670 4.1072 -3.1547 -21.3664 0.0564 0.2000 0.4314 0.3922 0.1961 26.9580 2.0000 
3204 3205 32 4.1072 -3.1547 -21.3664 4.1057 -3.1785 -21.5650 0.0564 0.2000 0.4314 0.3922 0.1961 27.0938 2.0000 
3205 3206 32 4.1057 -3.1785 -21.5650 4.1174 -3.1916 -21.7642 0.0564 0.2000 0.4314 0.3922 0.1961 27.2307 2.0000 
3206 3207 32 4.1174 -3.1916 -21.7642 4.1202 -3.1902 -21.9642 0.0564 0.2000 0.4314 0.3922 0.1961 27.3689 2.0000 
3207 3208 32 4.1202 -3.1902 -21.9642 4.1295 -3.1810 -22.1638 0.0564 0.2000 0.4314 0.3922 0.1961 27.5082 2.0000 
3208 3209 32 4.1295 -3.1810 -22.1638 4.1206 -3.2053 -22.3621 0.0564 0.2000 0.4314 0.3922 0.1961 27.6487 2.0000 
3209 3210 32 4.1206 -3.2053 -22.3621 4.1127 -3.2299 -22.5604 0.0564 0.2000 0.4314 0.3922 0.1961 27.7904 2.0000 
3210 3211 32 4.1127 -3.2299 -22.5604 4.1273 -3.2757 -22.7546 0.0564 0.2000 0.4314 0.3922 0.1961 27.9334 2.0000 
3211 3212 32 4.1273 -3.2757 -22.7546 4.1443 -3.3207 -22.9487 0.0564 0.2000 0.4314 0.3922 0.1961 28.0776 2.0000 
3212 3213 32 4.1443 -3.3207 -22.9487 4.1585 -3.3399 -23.1473 0.0564 0.2000 0.4314 0.3922 0.1961 28.2232 2.0000 
3213 3214 32 4.1585 -3.3399 -23.1473 4.2442 -3.3941 -23.3196 0.0564 0.2000 0.4314 0.3922 0.1961 28.3700 2.0000 
3214 3215 32 4.2442 -3.3941 -23.3196 4.3198 -3.4113 -23.5040 0.0564 0.2000 0.4314 0.3922 0.1961 28.5182 2.0000 
3215 3216 32 4.3198 -3.4113 -23.5040 4.4293 -3.4198 -23.6711 0.0564 0.2000 0.4314 0.3922 0.1961 28.6678 2.0000 
3216 3217 32 4.4293 -3.4198 -23.6711 4.5289 -3.4541 -23.8411 0.0564 0.2000 0.4314 0.3922 0.1961 28.8187 2.0000 
3217 3218 32 4.5289 -3.4541 -23.8411 4.6306 -3.4981 -24.0076 0.0564 0.2000 0.4314 0.3922 0.1961 28.9711 2.0000 
3218 3219 32 4.6306 -3.4981 -24.0076 4.7150 -3.5404 -24.1839 0.0564 0.2000 0.4314 0.3922 0.1961 29.1249 2.0000 
3219 3220 32 4.7150 -3.5404 -24.1839 4.8001 -3.5822 -24.3600 0.0564 0.2000 0.4314 0.3922 0.1961 29.2801 2.0000 
3220 3221 32 4.8001 -3.5822 -24.3600 4.8816 -3.6282 -24.5368 0.0564 0.2000 0.4314 0.3922 0.1961 29.4369 2.0000 
3221 3222 32 4.8816 -3.6282 -24.5368 4.9639 -3.6470 -24.7181 0.0564 0.2000 0.4314 0.3922 0.1961 29.5952 2.0000 
3222 3223 32 4.9639 -3.6470 -24.7181 5.0391 -3.6996 -24.8958 0.0564 0.2000 0.4314 0.3922 0.1961 29.7550 2.0000 
3223 3224 32 5.0391 -3.6996 -24.8958 5.0986 -3.7560 -25.0782 0.0564 0.2000 0.4314 0.3922 0.1961 29.9164 2.0000 
3224 3225 32 5.0986 -3.7560 -25.0782 5.1217 -3.7845 -25.1742 0.0564 0.1027 0.4314 0.3922 0.1961 30.0000 2.0000 
75 3226 33 0.0318 -0.2183 -15.5598 0.2102 -0.2373 -15.6480 0.0752 0.2000 0.4314 0.3922 0.1961 22.7146 2.0000 
3226 3227 33 0.2102 -0.2373 -15.6480 0.3903 -0.2599 -15.7321 0.0752 0.2000 0.4314 0.3922 0.1961 22.8057 2.0000 
3227 3228 33 0.3903 -0.2599 -15.7321 0.5782 -0.2826 -15.7966 0.0752 0.2000 0.4314 0.3922 0.1961 22.8973 2.0000 
3228 3229 33 0.5782 -0.2826 -15.7966 0.7678 -0.2978 -15.8584 0.0752 0.2000 0.4314 0.3922 0.1961 22.9895 2.0000 
3229 3230 33 0.7678 -0.2978 -15.8584 0.9337 -0.3579 -15.9527 0.0752 0.2000 0.4314 0.3922 0.1961 23.0824 2.0000 
3230 3231 33 0.9337 -0.3579 -15.9527 1.1113 -0.4215 -16.0190 0.0752 0.2000 0.4314 0.3922 0.1961 23.1758 2.0000 
3231 3232 33 1.1113 -0.4215 -16.0190 1.2871 -0.4884 -16.0871 0.0752 0.2000 0.4314 0.3922 0.1961 23.2698 2.0000 
3232 3233 33 1.2871 -0.4884 -16.0871 1.4493 -0.5603 -16.1794 0.0752 0.2000 0.4314 0.3922 0.1961 23.3645 2.0000 
3233 3234 33 1.4493 -0.5603 -16.1794 1.6193 -0.6010 -16.2765 0.0752 0.2000 0.4314 0.3922 0.1961 23.4598 2.0000 
3234 3235 33 1.6193 -0.6010 -16.2765 1.8006 -0.6640 -16.3327 0.0752 0.2000 0.4314 0.3922 0.1961 23.5557 2.0000 
3235 3236 33 1.8006 -0.6640 -16.3327 1.9818 -0.7301 -16.3856 0.0752 0.2000 0.4314 0.3922 0.1961 23.6523 2.0000 
3236 3237 33 1.9818 -0.7301 -16.3856 2.1656 -0.7492 -16.4623 0.0752 0.2000 0.4314 0.3922 0.1961 23.7495 2.0000 
3237 3238 33 2.1656 -0.7492 -16.4623 2.3450 -0.7810 -16.5446 0.0752 0.2000 0.4314 0.3922 0.1961 23.8475 2.0000 
3238 3239 33 2.3450 -0.7810 -16.5446 2.5195 -0.8141 -16.6367 0.0752 0.2000 0.4314 0.3922 0.1961 23.9460 2.0000 
3239 3240 33 2.5195 -0.8141 -16.6367 2.6864 -0.8356 -16.7448 0.0752 0.2000 0.4314 0.3922 0.1961 24.0453 2.0000 
3240 3241 33 2.6864 -0.8356 -16.7448 2.8525 -0.8573 -16.8540 0.0752 0.2000 0.4314 0.3922 0.1961 24.1453 2.0000 
3241 3242 33 2.8525 -0.8573 -16.8540 3.0284 -0.8465 -16.9485 0.0752 0.2000 0.4314 0.3922 0.1961 24.2459 2.0000 
3242 3243 33 3.0284 -0.8465 -16.9485 3.2111 -0.8580 -17.0291 0.0752 0.2000 0.4314 0.3922 0.1961 24.3473 2.0000 
3243 3244 33 3.2111 -0.8580 -17.0291 3.4022 -0.8592 -17.0880 0.0752 0.2000 0.4314 0.3922 0.1961 24.4494 2.0000 
3244 3245 33 3.4022 -0.8592 -17.0880 3.5915 -0.8719 -17.1513 0.0752 0.2000 0.4314 0.3922 0.1961 24.5522 2.0000 
3245 3246 33 3.5915 -0.8719 -17.1513 3.7568 -0.8434 -17.2603 0.0752 0.2000 0.4314 0.3922 0.1961 24.6558 2.0000 
3246 3247 33 3.7568 -0.8434 -17.2603 3.9203 -0.8107 -17.3707 0.0752 0.2000 0.4314 0.3922 0.1961 24.7602 2.0000 
3247 3248 33 3.9203 -0.8107 -17.3707 4.0636 -0.7552 -17.4987 0.0752 0.2000 0.4314 0.3922 0.1961 24.8653 2.0000 
3248 3249 33 4.0636 -0.7552 -17.4987 4.1749 -0.6720 -17.6425 0.0752 0.2000 0.4314 0.3922 0.1961 24.9712 2.0000 
3249 3250 33 4.1749 -0.6720 -17.6425 4.2829 -0.5956 -17.7925 0.0752 0.2000 0.4314 0.3922 0.1961 25.0778 2.0000 
3250 3251 33 4.2829 -0.5956 -17.7925 4.4052 -0.5419 -17.9414 0.0752 0.2000 0.4314 0.3922 0.1961 25.1853 2.0000 
3251 3252 33 4.4052 -0.5419 -17.9414 4.5023 -0.5078 -18.1129 0.0752 0.2000 0.4314 0.3922 0.1961 25.2936 2.0000 
3252 3253 33 4.5023 -0.5078 -18.1129 4.5913 -0.4739 -18.2887 0.0752 0.2000 0.4314 0.3922 0.1961 25.4027 2.0000 
3253 3254 33 4.5913 -0.4739 -18.2887 4.6838 -0.4482 -18.4642 0.0752 0.2000 0.4314 0.3922 0.1961 25.5127 2.0000 
3254 3255 33 4.6838 -0.4482 -18.4642 4.8088 -0.4362 -18.6199 0.0752 0.2000 0.4314 0.3922 0.1961 25.6235 2.0000 
3255 3256 33 4.8088 -0.4362 -18.6199 4.9437 -0.4218 -18.7668 0.0752 0.2000 0.4314 0.3922 0.1961 25.7352 2.0000 
3256 3257 33 4.9437 -0.4218 -18.7668 5.0852 -0.4185 -18.9081 0.0752 0.2000 0.4314 0.3922 0.1961 25.8477 2.0000 
3257 3258 33 5.0852 -0.4185 -18.9081 5.2449 -0.4419 -19.0262 0.0752 0.2000 0.4314 0.3922 0.1961 25.9612 2.0000 
3258 3259 33 5.2449 -0.4419 -19.0262 5.4038 -0.4644 -19.1456 0.0752 0.2000 0.4314 0.3922 0.1961 26.0756 2.0000 
3259 3260 33 5.4038 -0.4644 -19.1456 5.5635 -0.4893 -19.2634 0.0752 0.2000 0.4314 0.3922 0.1961 26.1908 2.0000 
3260 3261 33 5.5635 -0.4893 -19.2634 5.7252 -0.5065 -19.3798 0.0752 0.2000 0.4314 0.3922 0.1961 26.3071 2.0000 
3261 3262 33 5.7252 -0.5065 -19.3798 5.8899 -0.5023 -19.4931 0.0752 0.2000 0.4314 0.3922 0.1961 26.4242 2.0000 
3262 3263 33 5.8899 -0.5023 -19.4931 6.0474 -0.5062 -19.6164 0.0752 0.2000 0.4314 0.3922 0.1961 26.5424 2.0000 
3263 3264 33 6.0474 -0.5062 -19.6164 6.1861 -0.4800 -19.7581 0.0752 0.2000 0.4314 0.3922 0.1961 26.6615 2.0000 
3264 3265 33 6.1861 -0.4800 -19.7581 6.3165 -0.4465 -19.9060 0.0752 0.2000 0.4314 0.3922 0.1961 26.7816 2.0000 
3265 3266 33 6.3165 -0.4465 -19.9060 6.4530 -0.4120 -20.0480 0.0752 0.2000 0.4314 0.3922 0.1961 26.9028 2.0000 
3266 3267 33 6.4530 -0.4120 -20.0480 6.5928 -0.3758 -20.1864 0.0752 0.2000 0.4314 0.3922 0.1961 27.0249 2.0000 
3267 3268 33 6.5928 -0.3758 -20.1864 6.7187 -0.3422 -20.3381 0.0752 0.2000 0.4314 0.3922 0.1961 27.1482 2.0000 
3268 3269 33 6.7187 -0.3422 -20.3381 6.8412 -0.3101 -20.4929 0.0752 0.2000 0.4314 0.3922 0.1961 27.2725 2.0000 
3269 3270 33 6.8412 -0.3101 -20.4929 6.9397 -0.2553 -20.6582 0.0752 0.2000 0.4314 0.3922 0.1961 27.3979 2.0000 
3270 3271 33 6.9397 -0.2553 -20.6582 7.0146 -0.1954 -20.8337 0.0752 0.2000 0.4314 0.3922 0.1961 27.5244 2.0000 
3271 3272 33 7.0146 -0.1954 -20.8337 7.1109 -0.1392 -20.9997 0.0752 0.2000 0.4314 0.3922 0.1961 27.6520 2.0000 
3272 3273 33 7.1109 -0.1392 -20.9997 7.2000 -0.0796 -21.1685 0.0752 0.2000 0.4314 0.3922 0.1961 27.7808 2.0000 
3273 3274 33 7.2000 -0.0796 -21.1685 7.2705 -0.0176 -21.3451 0.0752 0.2000 0.4314 0.3922 0.1961 27.9108 2.0000 
3274 3275 33 7.2705 -0.0176 -21.3451 7.3208 -0.0258 -21.5385 0.0752 0.2000 0.4314 0.3922 0.1961 28.0419 2.0000 
3275 3276 33 7.3208 -0.0258 -21.5385 7.3712 -0.0355 -21.7318 0.0752 0.2000 0.4314 0.3922 0.1961 28.1743 2.0000 
3276 3277 33 7.3712 -0.0355 -21.7318 7.4202 -0.0450 -21.9255 0.0752 0.2000 0.4314 0.3922 0.1961 28.3079 2.0000 
3277 3278 33 7.4202 -0.0450 -21.9255 7.4547 -0.0489 -22.1224 0.0752 0.2000 0.4314 0.3922 0.1961 28.4428 2.0000 
3278 3279 33 7.4547 -0.0489 -22.1224 7.4765 -0.0670 -22.3204 0.0752 0.2000 0.4314 0.3922 0.1961 28.5789 2.0000 
3279 3280 33 7.4765 -0.0670 -22.3204 7.5094 -0.0825 -22.5171 0.0752 0.2000 0.4314 0.3922 0.1961 28.7164 2.0000 
3280 3281 33 7.5094 -0.0825 -22.5171 7.5407 -0.0973 -22.7141 0.0752 0.2000 0.4314 0.3922 0.1961 28.8552 2.0000 
3281 3282 33 7.5407 -0.0973 -22.7141 7.5530 -0.1155 -22.9129 0.0752 0.2000 0.4314 0.3922 0.1961 28.9953 2.0000 
3282 3283 33 7.5530 -0.1155 -22.9129 7.5642 -0.1249 -23.1123 0.0752 0.2000 0.4314 0.3922 0.1961 29.1369 2.0000 
3283 3284 33 7.5642 -0.1249 -23.1123 7.5247 -0.1511 -23.3066 0.0752 0.2000 0.4314 0.3922 0.1961 29.2798 2.0000 
3284 3285 33 7.5247 -0.1511 -23.3066 7.5027 -0.1657 -23.5049 0.0752 0.2000 0.4314 0.3922 0.1961 29.4242 2.0000 
3285 3286 33 7.5027 -0.1657 -23.5049 7.4617 -0.1823 -23.6999 0.0752 0.2000 0.4314 0.3922 0.1961 29.5701 2.0000 
3286 3287 33 7.4617 -0.1823 -23.6999 7.4207 -0.2085 -23.8939 0.0752 0.2000 0.4314 0.3922 0.1961 29.7175 2.0000 
3287 3288 33 7.4207 -0.2085 -23.8939 7.3561 -0.2317 -24.0818 0.0752 0.2000 0.4314 0.3922 0.1961 29.8664 2.0000 
3288 3289 33 7.3561 -0.2317 -24.0818 7.3010 -0.2819 -24.2430 0.0752 0.1777 0.4314 0.3922 0.1961 30.0000 2.0000 
78 3290 34 0.0686 -0.2126 -15.9837 0.0523 -0.4038 -16.0400 0.0645 0.2000 0.4314 0.3922 0.1961 23.3018 2.0000 
3290 3291 34 0.0523 -0.4038 -16.0400 -0.0002 -0.5689 -16.1400 0.0645 0.2000 0.4314 0.3922 0.1961 23.4063 2.0000 
3291 3292 34 -0.0002 -0.5689 -16.1400 -0.0378 -0.7456 -16.2258 0.0645 0.2000 0.4314 0.3922 0.1961 23.5115 2.0000 
3292 3293 34 -0.0378 -0.7456 -16.2258 -0.0863 -0.9021 -16.3405 0.0645 0.2000 0.4314 0.3922 0.1961 23.6175 2.0000 
3293 3294 34 -0.0863 -0.9021 -16.3405 -0.1360 -1.0567 -16.4572 0.0645 0.2000 0.4314 0.3922 0.1961 23.7243 2.0000 
3294 3295 34 -0.1360 -1.0567 -16.4572 -0.2158 -1.2025 -16.5686 0.0645 0.2000 0.4314 0.3922 0.1961 23.8318 2.0000 
3295 3296 34 -0.2158 -1.2025 -16.5686 -0.2961 -1.3504 -16.6765 0.0645 0.2000 0.4314 0.3922 0.1961 23.9401 2.0000 
3296 3297 34 -0.2961 -1.3504 -16.6765 -0.3753 -1.4980 -16.7858 0.0645 0.2000 0.4314 0.3922 0.1961 24.0493 2.0000 
3297 3298 34 -0.3753 -1.4980 -16.7858 -0.4289 -1.6549 -16.8977 0.0645 0.2000 0.4314 0.3922 0.1961 24.1592 2.0000 
3298 3299 34 -0.4289 -1.6549 -16.8977 -0.4793 -1.8140 -17.0079 0.0645 0.2000 0.4314 0.3922 0.1961 24.2699 2.0000 
3299 3300 34 -0.4793 -1.8140 -17.0079 -0.5293 -1.9730 -17.1184 0.0645 0.2000 0.4314 0.3922 0.1961 24.3815 2.0000 
3300 3301 34 -0.5293 -1.9730 -17.1184 -0.5219 -2.1409 -17.2269 0.0645 0.2000 0.4314 0.3922 0.1961 24.4940 2.0000 
3301 3302 34 -0.5219 -2.1409 -17.2269 -0.5161 -2.3087 -17.3355 0.0645 0.2000 0.4314 0.3922 0.1961 24.6073 2.0000 
3302 3303 34 -0.5161 -2.3087 -17.3355 -0.5270 -2.4689 -17.4547 0.0645 0.2000 0.4314 0.3922 0.1961 24.7214 2.0000 
3303 3304 34 -0.5270 -2.4689 -17.4547 -0.4790 -2.6037 -17.5944 0.0645 0.2000 0.4314 0.3922 0.1961 24.8365 2.0000 
3304 3305 34 -0.4790 -2.6037 -17.5944 -0.4384 -2.7286 -17.7452 0.0645 0.2000 0.4314 0.3922 0.1961 24.9524 2.0000 
3305 3306 34 -0.4384 -2.7286 -17.7452 -0.3905 -2.8418 -17.9030 0.0645 0.2000 0.4314 0.3922 0.1961 25.0693 2.0000 
3306 3307 34 -0.3905 -2.8418 -17.9030 -0.3487 -2.9392 -18.0726 0.0645 0.2000 0.4314 0.3922 0.1961 25.1871 2.0000 
3307 3308 34 -0.3487 -2.9392 -18.0726 -0.3191 -3.0417 -18.2418 0.0645 0.2000 0.4314 0.3922 0.1961 25.3058 2.0000 
3308 3309 34 -0.3191 -3.0417 -18.2418 -0.2831 -3.1338 -18.4157 0.0645 0.2000 0.4314 0.3922 0.1961 25.4255 2.0000 
3309 3310 34 -0.2831 -3.1338 -18.4157 -0.2492 -3.2427 -18.5799 0.0645 0.2000 0.4314 0.3922 0.1961 25.5462 2.0000 
3310 3311 34 -0.2492 -3.2427 -18.5799 -0.2416 -3.3268 -18.7612 0.0645 0.2000 0.4314 0.3922 0.1961 25.6679 2.0000 
3311 3312 34 -0.2416 -3.3268 -18.7612 -0.2196 -3.4152 -18.9393 0.0645 0.2000 0.4314 0.3922 0.1961 25.7906 2.0000 
3312 3313 34 -0.2196 -3.4152 -18.9393 -0.2229 -3.4898 -19.1248 0.0645 0.2000 0.4314 0.3922 0.1961 25.9143 2.0000 
3313 3314 34 -0.2229 -3.4898 -19.1248 -0.1984 -3.5629 -19.3093 0.0645 0.2000 0.4314 0.3922 0.1961 26.0390 2.0000 
3314 3315 34 -0.1984 -3.5629 -19.3093 -0.1762 -3.6720 -19.4755 0.0645 0.2000 0.4314 0.3922 0.1961 26.1648 2.0000 
3315 3316 34 -0.1762 -3.6720 -19.4755 -0.1403 -3.7600 -19.6515 0.0645 0.2000 0.4314 0.3922 0.1961 26.2917 2.0000 
3316 3317 34 -0.1403 -3.7600 -19.6515 -0.1075 -3.8404 -19.8316 0.0645 0.2000 0.4314 0.3922 0.1961 26.4197 2.0000 
3317 3318 34 -0.1075 -3.8404 -19.8316 -0.0738 -3.9230 -20.0106 0.0645 0.2000 0.4314 0.3922 0.1961 26.5488 2.0000 
3318 3319 34 -0.0738 -3.9230 -20.0106 -0.0306 -3.9909 -20.1937 0.0645 0.2000 0.4314 0.3922 0.1961 26.6790 2.0000 
3319 3320 34 -0.0306 -3.9909 -20.1937 0.0015 -4.0641 -20.3770 0.0645 0.2000 0.4314 0.3922 0.1961 26.8104 2.0000 
3320 3321 34 0.0015 -4.0641 -20.3770 0.0303 -4.1222 -20.5663 0.0645 0.2000 0.4314 0.3922 0.1961 26.9430 2.0000 
3321 3322 34 0.0303 -4.1222 -20.5663 0.0480 -4.1758 -20.7581 0.0645 0.2000 0.4314 0.3922 0.1961 27.0767 2.0000 
3322 3323 34 0.0480 -4.1758 -20.7581 0.0708 -4.2120 -20.9535 0.0645 0.2000 0.4314 0.3922 0.1961 27.2117 2.0000 
3323 3324 34 0.0708 -4.2120 -20.9535 0.0696 -4.2238 -21.1531 0.0645 0.2000 0.4314 0.3922 0.1961 27.3479 2.0000 
3324 3325 34 0.0696 -4.2238 -21.1531 0.0647 -4.2305 -21.3530 0.0645 0.2000 0.4314 0.3922 0.1961 27.4854 2.0000 
3325 3326 34 0.0647 -4.2305 -21.3530 0.0253 -4.1841 -21.5435 0.0645 0.2000 0.4314 0.3922 0.1961 27.6242 2.0000 
3326 3327 34 0.0253 -4.1841 -21.5435 0.0059 -4.1430 -21.7383 0.0645 0.2000 0.4314 0.3922 0.1961 27.7643 2.0000 
3327 3328 34 0.0059 -4.1430 -21.7383 -0.0283 -4.1161 -21.9335 0.0645 0.2000 0.4314 0.3922 0.1961 27.9057 2.0000 
3328 3329 34 -0.0283 -4.1161 -21.9335 -0.0506 -4.0936 -22.1310 0.0645 0.2000 0.4314 0.3922 0.1961 28.0485 2.0000 
3329 3330 34 -0.0506 -4.0936 -22.1310 -0.0600 -4.0592 -22.3278 0.0645 0.2000 0.4314 0.3922 0.1961 28.1927 2.0000 
3330 3331 34 -0.0600 -4.0592 -22.3278 -0.0705 -4.0218 -22.5239 0.0645 0.2000 0.4314 0.3922 0.1961 28.3383 2.0000 
3331 3332 34 -0.0705 -4.0218 -22.5239 -0.0959 -4.0074 -22.7218 0.0645 0.2000 0.4314 0.3922 0.1961 28.4853 2.0000 
3332 3333 34 -0.0959 -4.0074 -22.7218 -0.1404 -4.0000 -22.9166 0.0645 0.2000 0.4314 0.3922 0.1961 28.6339 2.0000 
3333 3334 34 -0.1404 -4.0000 -22.9166 -0.2051 -4.0126 -23.1055 0.0645 0.2000 0.4314 0.3922 0.1961 28.7839 2.0000 
3334 3335 34 -0.2051 -4.0126 -23.1055 -0.2694 -4.0274 -23.2943 0.0645 0.2000 0.4314 0.3922 0.1961 28.9354 2.0000 
3335 3336 34 -0.2694 -4.0274 -23.2943 -0.3584 -4.0793 -23.4657 0.0645 0.2000 0.4314 0.3922 0.1961 29.0886 2.0000 
3336 3337 34 -0.3584 -4.0793 -23.4657 -0.4448 -4.1377 -23.6364 0.0645 0.2000 0.4314 0.3922 0.1961 29.2433 2.0000 
3337 3338 34 -0.4448 -4.1377 -23.6364 -0.5318 -4.1951 -23.8071 0.0645 0.2000 0.4314 0.3922 0.1961 29.3997 2.0000 
3338 3339 34 -0.5318 -4.1951 -23.8071 -0.6184 -4.2525 -23.9779 0.0645 0.2000 0.4314 0.3922 0.1961 29.5577 2.0000 
3339 3340 34 -0.6184 -4.2525 -23.9779 -0.7018 -4.3111 -24.1500 0.0645 0.2000 0.4314 0.3922 0.1961 29.7174 2.0000 
3340 3341 34 -0.7018 -4.3111 -24.1500 -0.7912 -4.3557 -24.3233 0.0645 0.2000 0.4314 0.3922 0.1961 29.8789 2.0000 
3341 3342 34 -0.7912 -4.3557 -24.3233 -0.8515 -4.4070 -24.4490 0.0645 0.1486 0.4314 0.3922 0.1961 30.0000 2.0000 
80 3343 35 0.0952 -0.2400 -16.3595 0.0330 -0.4249 -16.4037 0.0970 0.2000 0.4314 0.3922 0.1961 23.8025 2.0000 
3343 3344 35 0.0330 -0.4249 -16.4037 -0.0186 -0.6109 -16.4559 0.0970 0.2000 0.4314 0.3922 0.1961 23.8918 2.0000 
3344 3345 35 -0.0186 -0.6109 -16.4559 -0.0936 -0.7908 -16.5008 0.0970 0.2000 0.4314 0.3922 0.1961 23.9816 2.0000 
3345 3346 35 -0.0936 -0.7908 -16.5008 -0.1682 -0.9709 -16.5455 0.0970 0.2000 0.4314 0.3922 0.1961 24.0720 2.0000 
3346 3347 35 -0.1682 -0.9709 -16.5455 -0.2474 -1.1520 -16.5763 0.0970 0.2000 0.4314 0.3922 0.1961 24.1629 2.0000 
3347 3348 35 -0.2474 -1.1520 -16.5763 -0.3546 -1.3154 -16.6186 0.0970 0.2000 0.4314 0.3922 0.1961 24.2545 2.0000 
3348 3349 35 -0.3546 -1.3154 -16.6186 -0.4500 -1.4896 -16.6426 0.0970 0.2000 0.4314 0.3922 0.1961 24.3466 2.0000 
3349 3350 35 -0.4500 -1.4896 -16.6426 -0.5881 -1.6332 -16.6603 0.0970 0.2000 0.4314 0.3922 0.1961 24.4393 2.0000 
3350 3351 35 -0.5881 -1.6332 -16.6603 -0.7270 -1.7763 -16.6750 0.0970 0.2000 0.4314 0.3922 0.1961 24.5327 2.0000 
3351 3352 35 -0.7270 -1.7763 -16.6750 -0.8658 -1.9200 -16.6847 0.0970 0.2000 0.4314 0.3922 0.1961 24.6266 2.0000 
3352 3353 35 -0.8658 -1.9200 -16.6847 -1.0082 -2.0557 -16.7208 0.0970 0.2000 0.4314 0.3922 0.1961 24.7212 2.0000 
3353 3354 35 -1.0082 -2.0557 -16.7208 -1.1365 -2.2008 -16.7708 0.0970 0.2000 0.4314 0.3922 0.1961 24.8164 2.0000 
3354 3355 35 -1.1365 -2.2008 -16.7708 -1.2612 -2.3473 -16.8255 0.0970 0.2000 0.4314 0.3922 0.1961 24.9123 2.0000 
3355 3356 35 -1.2612 -2.3473 -16.8255 -1.4045 -2.4682 -16.8950 0.0970 0.2000 0.4314 0.3922 0.1961 25.0088 2.0000 
3356 3357 35 -1.4045 -2.4682 -16.8950 -1.5395 -2.5944 -16.9715 0.0970 0.2000 0.4314 0.3922 0.1961 25.1059 2.0000 
3357 3358 35 -1.5395 -2.5944 -16.9715 -1.6757 -2.7221 -17.0430 0.0970 0.2000 0.4314 0.3922 0.1961 25.2038 2.0000 
3358 3359 35 -1.6757 -2.7221 -17.0430 -1.7958 -2.8595 -17.1250 0.0970 0.2000 0.4314 0.3922 0.1961 25.3023 2.0000 
3359 3360 35 -1.7958 -2.8595 -17.1250 -1.9187 -2.9826 -17.2238 0.0970 0.2000 0.4314 0.3922 0.1961 25.4015 2.0000 
3360 3361 35 -1.9187 -2.9826 -17.2238 -2.0225 -3.1087 -17.3392 0.0970 0.2000 0.4314 0.3922 0.1961 25.5013 2.0000 
3361 3362 35 -2.0225 -3.1087 -17.3392 -2.1213 -3.2281 -17.4655 0.0970 0.2000 0.4314 0.3922 0.1961 25.6019 2.0000 
3362 3363 35 -2.1213 -3.2281 -17.4655 -2.2772 -3.2929 -17.5729 0.0970 0.2000 0.4314 0.3922 0.1961 25.7032 2.0000 
3363 3364 35 -2.2772 -3.2929 -17.5729 -2.4563 -3.3106 -17.6601 0.0970 0.2000 0.4314 0.3922 0.1961 25.8053 2.0000 
3364 3365 35 -2.4563 -3.3106 -17.6601 -2.5975 -3.4215 -17.7481 0.0970 0.2000 0.4314 0.3922 0.1961 25.9080 2.0000 
3365 3366 35 -2.5975 -3.4215 -17.7481 -2.7351 -3.5410 -17.8307 0.0970 0.2000 0.4314 0.3922 0.1961 26.0115 2.0000 
3366 3367 35 -2.7351 -3.5410 -17.8307 -2.8748 -3.6619 -17.9072 0.0970 0.2000 0.4314 0.3922 0.1961 26.1158 2.0000 
3367 3368 35 -2.8748 -3.6619 -17.9072 -3.0081 -3.7916 -17.9808 0.0970 0.2000 0.4314 0.3922 0.1961 26.2209 2.0000 
3368 3369 35 -3.0081 -3.7916 -17.9808 -3.1056 -3.9290 -18.0885 0.0970 0.2000 0.4314 0.3922 0.1961 26.3267 2.0000 
3369 3370 35 -3.1056 -3.9290 -18.0885 -3.2030 -4.0661 -18.1968 0.0970 0.2000 0.4314 0.3922 0.1961 26.4333 2.0000 
3370 3371 35 -3.2030 -4.0661 -18.1968 -3.3138 -4.1899 -18.3081 0.0970 0.2000 0.4314 0.3922 0.1961 26.5407 2.0000 
3371 3372 35 -3.3138 -4.1899 -18.3081 -3.4303 -4.3134 -18.4138 0.0970 0.2000 0.4314 0.3922 0.1961 26.6489 2.0000 
3372 3373 35 -3.4303 -4.3134 -18.4138 -3.5328 -4.4450 -18.5242 0.0970 0.2000 0.4314 0.3922 0.1961 26.7580 2.0000 
3373 3374 35 -3.5328 -4.4450 -18.5242 -3.6356 -4.5781 -18.6324 0.0970 0.2000 0.4314 0.3922 0.1961 26.8679 2.0000 
3374 3375 35 -3.6356 -4.5781 -18.6324 -3.7407 -4.7184 -18.7287 0.0970 0.2000 0.4314 0.3922 0.1961 26.9787 2.0000 
3375 3376 35 -3.7407 -4.7184 -18.7287 -3.8628 -4.8443 -18.8247 0.0970 0.2000 0.4314 0.3922 0.1961 27.0903 2.0000 
3376 3377 35 -3.8628 -4.8443 -18.8247 -3.9851 -4.9705 -18.9203 0.0970 0.2000 0.4314 0.3922 0.1961 27.2028 2.0000 
3377 3378 35 -3.9851 -4.9705 -18.9203 -4.0848 -5.1035 -19.0314 0.0970 0.2000 0.4314 0.3922 0.1961 27.3162 2.0000 
3378 3379 35 -4.0848 -5.1035 -19.0314 -4.1725 -5.2587 -19.1222 0.0970 0.2000 0.4314 0.3922 0.1961 27.4305 2.0000 
3379 3380 35 -4.1725 -5.2587 -19.1222 -4.2591 -5.4143 -19.2132 0.0970 0.2000 0.4314 0.3922 0.1961 27.5457 2.0000 
3380 3381 35 -4.2591 -5.4143 -19.2132 -4.3633 -5.5597 -19.3027 0.0970 0.2000 0.4314 0.3922 0.1961 27.6619 2.0000 
3381 3382 35 -4.3633 -5.5597 -19.3027 -4.4819 -5.6899 -19.3974 0.0970 0.2000 0.4314 0.3922 0.1961 27.7790 2.0000 
3382 3383 35 -4.4819 -5.6899 -19.3974 -4.5867 -5.8411 -19.4759 0.0970 0.2000 0.4314 0.3922 0.1961 27.8972 2.0000 
3383 3384 35 -4.5867 -5.8411 -19.4759 -4.6847 -5.9863 -19.5724 0.0970 0.2000 0.4314 0.3922 0.1961 28.0162 2.0000 
3384 3385 35 -4.6847 -5.9863 -19.5724 -4.7807 -6.1460 -19.6451 0.0970 0.2000 0.4314 0.3922 0.1961 28.1363 2.0000 
3385 3386 35 -4.7807 -6.1460 -19.6451 -4.8921 -6.3037 -19.6974 0.0970 0.2000 0.4314 0.3922 0.1961 28.2574 2.0000 
3386 3387 35 -4.8921 -6.3037 -19.6974 -5.0186 -6.4553 -19.7292 0.0970 0.2000 0.4314 0.3922 0.1961 28.3796 2.0000 
3387 3388 35 -5.0186 -6.4553 -19.7292 -5.1383 -6.5672 -19.8438 0.0970 0.2000 0.4314 0.3922 0.1961 28.5028 2.0000 
3388 3389 35 -5.1383 -6.5672 -19.8438 -5.2403 -6.7045 -19.9475 0.0970 0.2000 0.4314 0.3922 0.1961 28.6271 2.0000 
3389 3390 35 -5.2403 -6.7045 -19.9475 -5.3468 -6.8368 -20.0531 0.0970 0.2000 0.4314 0.3922 0.1961 28.7525 2.0000 
3390 3391 35 -5.3468 -6.8368 -20.0531 -5.4449 -6.9788 -20.1542 0.0970 0.2000 0.4314 0.3922 0.1961 28.8790 2.0000 
3391 3392 35 -5.4449 -6.9788 -20.1542 -5.5468 -7.1020 -20.2744 0.0970 0.2000 0.4314 0.3922 0.1961 29.0066 2.0000 
3392 3393 35 -5.5468 -7.1020 -20.2744 -5.6676 -7.1872 -20.4090 0.0970 0.2000 0.4314 0.3922 0.1961 29.1354 2.0000 
3393 3394 35 -5.6676 -7.1872 -20.4090 -5.7911 -7.2651 -20.5457 0.0970 0.2000 0.4314 0.3922 0.1961 29.2653 2.0000 
3394 3395 35 -5.7911 -7.2651 -20.5457 -5.9085 -7.3409 -20.6889 0.0970 0.2000 0.4314 0.3922 0.1961 29.3965 2.0000 
3395 3396 35 -5.9085 -7.3409 -20.6889 -6.0510 -7.3739 -20.8252 0.0970 0.2000 0.4314 0.3922 0.1961 29.5288 2.0000 
3396 3397 35 -6.0510 -7.3739 -20.8252 -6.1996 -7.4097 -20.9542 0.0970 0.2000 0.4314 0.3922 0.1961 29.6624 2.0000 
3397 3398 35 -6.1996 -7.4097 -20.9542 -6.3232 -7.4151 -21.1113 0.0970 0.2000 0.4314 0.3922 0.1961 29.7973 2.0000 
3398 3399 35 -6.3232 -7.4151 -21.1113 -6.4451 -7.4168 -21.2699 0.0970 0.2000 0.4314 0.3922 0.1961 29.9335 2.0000 
3399 3400 35 -6.4451 -7.4168 -21.2699 -6.5056 -7.4187 -21.3457 0.0970 0.0970 0.4314 0.3922 0.1961 30.0000 2.0000 
83 3401 36 0.0645 -0.2576 -16.7652 0.0724 -0.0743 -16.8447 0.0747 0.2000 0.4314 0.3922 0.1961 24.3722 2.0000 
3401 3402 36 0.0724 -0.0743 -16.8447 0.0706 0.1054 -16.9325 0.0747 0.2000 0.4314 0.3922 0.1961 24.4677 2.0000 
3402 3403 36 0.0706 0.1054 -16.9325 -0.0125 0.2857 -16.9569 0.0747 0.2000 0.4314 0.3922 0.1961 24.5638 2.0000 
3403 3404 36 -0.0125 0.2857 -16.9569 -0.1159 0.4567 -16.9646 0.0747 0.2000 0.4314 0.3922 0.1961 24.6605 2.0000 
3404 3405 36 -0.1159 0.4567 -16.9646 -0.1851 0.6425 -16.9381 0.0747 0.2000 0.4314 0.3922 0.1961 24.7580 2.0000 
3405 3406 36 -0.1851 0.6425 -16.9381 -0.2954 0.7917 -16.8634 0.0747 0.2000 0.4314 0.3922 0.1961 24.8561 2.0000 
3406 3407 36 -0.2954 0.7917 -16.8634 -0.4015 0.9488 -16.7997 0.0747 0.2000 0.4314 0.3922 0.1961 24.9550 2.0000 
3407 3408 36 -0.4015 0.9488 -16.7997 -0.5072 1.1132 -16.7573 0.0747 0.2000 0.4314 0.3922 0.1961 25.0546 2.0000 
3408 3409 36 -0.5072 1.1132 -16.7573 -0.6079 1.2818 -16.7194 0.0747 0.2000 0.4314 0.3922 0.1961 25.1549 2.0000 
3409 3410 36 -0.6079 1.2818 -16.7194 -0.6610 1.4707 -16.6806 0.0747 0.2000 0.4314 0.3922 0.1961 25.2559 2.0000 
3410 3411 36 -0.6610 1.4707 -16.6806 -0.7178 1.6496 -16.6117 0.0747 0.2000 0.4314 0.3922 0.1961 25.3577 2.0000 
3411 3412 36 -0.7178 1.6496 -16.6117 -0.7696 1.8341 -16.5543 0.0747 0.2000 0.4314 0.3922 0.1961 25.4603 2.0000 
3412 3413 36 -0.7696 1.8341 -16.5543 -0.7803 2.0337 -16.5472 0.0747 0.2000 0.4314 0.3922 0.1961 25.5636 2.0000 
3413 3414 36 -0.7803 2.0337 -16.5472 -0.7947 2.2326 -16.5619 0.0747 0.2000 0.4314 0.3922 0.1961 25.6677 2.0000 
3414 3415 36 -0.7947 2.2326 -16.5619 -0.7723 2.4230 -16.6189 0.0747 0.2000 0.4314 0.3922 0.1961 25.7726 2.0000 
3415 3416 36 -0.7723 2.4230 -16.6189 -0.6785 2.5787 -16.7022 0.0747 0.2000 0.4314 0.3922 0.1961 25.8783 2.0000 
3416 3417 36 -0.6785 2.5787 -16.7022 -0.5897 2.7119 -16.8222 0.0747 0.2000 0.4314 0.3922 0.1961 25.9848 2.0000 
3417 3418 36 -0.5897 2.7119 -16.8222 -0.5035 2.8367 -16.9525 0.0747 0.2000 0.4314 0.3922 0.1961 26.0922 2.0000 
3418 3419 36 -0.5035 2.8367 -16.9525 -0.4029 2.9216 -17.1031 0.0747 0.2000 0.4314 0.3922 0.1961 26.2004 2.0000 
3419 3420 36 -0.4029 2.9216 -17.1031 -0.2892 2.9630 -17.2624 0.0747 0.2000 0.4314 0.3922 0.1961 26.3094 2.0000 
3420 3421 36 -0.2892 2.9630 -17.2624 -0.1758 3.0012 -17.4226 0.0747 0.2000 0.4314 0.3922 0.1961 26.4194 2.0000 
3421 3422 36 -0.1758 3.0012 -17.4226 -0.0619 3.0439 -17.5814 0.0747 0.2000 0.4314 0.3922 0.1961 26.5302 2.0000 
3422 3423 36 -0.0619 3.0439 -17.5814 0.0498 3.0904 -17.7406 0.0747 0.2000 0.4314 0.3922 0.1961 26.6419 2.0000 
3423 3424 36 0.0498 3.0904 -17.7406 0.1593 3.1446 -17.8989 0.0747 0.2000 0.4314 0.3922 0.1961 26.7545 2.0000 
3424 3425 36 0.1593 3.1446 -17.8989 0.2762 3.1856 -18.0559 0.0747 0.2000 0.4314 0.3922 0.1961 26.8681 2.0000 
3425 3426 36 0.2762 3.1856 -18.0559 0.3714 3.2431 -18.2222 0.0747 0.2000 0.4314 0.3922 0.1961 26.9826 2.0000 
3426 3427 36 0.3714 3.2431 -18.2222 0.4660 3.3006 -18.3887 0.0747 0.2000 0.4314 0.3922 0.1961 27.0981 2.0000 
3427 3428 36 0.4660 3.3006 -18.3887 0.5584 3.3578 -18.5566 0.0747 0.2000 0.4314 0.3922 0.1961 27.2145 2.0000 
3428 3429 36 0.5584 3.3578 -18.5566 0.6830 3.3859 -18.7106 0.0747 0.2000 0.4314 0.3922 0.1961 27.3320 2.0000 
3429 3430 36 0.6830 3.3859 -18.7106 0.8147 3.4260 -18.8556 0.0747 0.2000 0.4314 0.3922 0.1961 27.4504 2.0000 
3430 3431 36 0.8147 3.4260 -18.8556 0.9684 3.4360 -18.9832 0.0747 0.2000 0.4314 0.3922 0.1961 27.5699 2.0000 
3431 3432 36 0.9684 3.4360 -18.9832 1.1202 3.4052 -19.1098 0.0747 0.2000 0.4314 0.3922 0.1961 27.6904 2.0000 
3432 3433 36 1.1202 3.4052 -19.1098 1.2766 3.3747 -19.2306 0.0747 0.2000 0.4314 0.3922 0.1961 27.8120 2.0000 
3433 3434 36 1.2766 3.3747 -19.2306 1.4466 3.3713 -19.3360 0.0747 0.2000 0.4314 0.3922 0.1961 27.9347 2.0000 
3434 3435 36 1.4466 3.3713 -19.3360 1.5881 3.3499 -19.4757 0.0747 0.2000 0.4314 0.3922 0.1961 28.0585 2.0000 
3435 3436 36 1.5881 3.3499 -19.4757 1.7253 3.3120 -19.6161 0.0747 0.2000 0.4314 0.3922 0.1961 28.1834 2.0000 
3436 3437 36 1.7253 3.3120 -19.6161 1.8506 3.2815 -19.7690 0.0747 0.2000 0.4314 0.3922 0.1961 28.3095 2.0000 
3437 3438 36 1.8506 3.2815 -19.7690 1.9749 3.2526 -19.9230 0.0747 0.2000 0.4314 0.3922 0.1961 28.4367 2.0000 
3438 3439 36 1.9749 3.2526 -19.9230 2.1025 3.2893 -20.0726 0.0747 0.2000 0.4314 0.3922 0.1961 28.5651 2.0000 
3439 3440 36 2.1025 3.2893 -20.0726 2.2287 3.3463 -20.2169 0.0747 0.2000 0.4314 0.3922 0.1961 28.6948 2.0000 
3440 3441 36 2.2287 3.3463 -20.2169 2.3553 3.3663 -20.3704 0.0747 0.2000 0.4314 0.3922 0.1961 28.8256 2.0000 
3441 3442 36 2.3553 3.3663 -20.3704 2.4803 3.3622 -20.5265 0.0747 0.2000 0.4314 0.3922 0.1961 28.9577 2.0000 
3442 3443 36 2.4803 3.3622 -20.5265 2.6168 3.3842 -20.6711 0.0747 0.2000 0.4314 0.3922 0.1961 29.0911 2.0000 
3443 3444 36 2.6168 3.3842 -20.6711 2.7539 3.4095 -20.8145 0.0747 0.2000 0.4314 0.3922 0.1961 29.2259 2.0000 
3444 3445 36 2.7539 3.4095 -20.8145 2.8652 3.4651 -20.9710 0.0747 0.2000 0.4314 0.3922 0.1961 29.3619 2.0000 
3445 3446 36 2.8652 3.4651 -20.9710 2.9782 3.4921 -21.1338 0.0747 0.2000 0.4314 0.3922 0.1961 29.4993 2.0000 
3446 3447 36 2.9782 3.4921 -21.1338 3.0732 3.5527 -21.2990 0.0747 0.2000 0.4314 0.3922 0.1961 29.6381 2.0000 
3447 3448 36 3.0732 3.5527 -21.2990 3.1690 3.6125 -21.4641 0.0747 0.2000 0.4314 0.3922 0.1961 29.7783 2.0000 
3448 3449 36 3.1690 3.6125 -21.4641 3.2687 3.6602 -21.6308 0.0747 0.2000 0.4314 0.3922 0.1961 29.9199 2.0000 
3449 3450 36 3.2687 3.6602 -21.6308 3.3290 3.6810 -21.7230 0.0747 0.1121 0.4314 0.3922 0.1961 30.0000 2.0000 
85 3451 37 0.0266 -0.2398 -17.1560 0.0982 -0.0614 -17.2111 0.0671 0.2000 0.4314 0.3922 0.1961 24.9416 2.0000 
3451 3452 37 0.0982 -0.0614 -17.2111 0.1756 0.1119 -17.2742 0.0671 0.2000 0.4314 0.3922 0.1961 25.0543 2.0000 
3452 3453 37 0.1756 0.1119 -17.2742 0.2994 0.2563 -17.3360 0.0671 0.2000 0.4314 0.3922 0.1961 25.1677 2.0000 
3453 3454 37 0.2994 0.2563 -17.3360 0.4262 0.3874 -17.4182 0.0671 0.2000 0.4314 0.3922 0.1961 25.2820 2.0000 
3454 3455 37 0.4262 0.3874 -17.4182 0.5578 0.5132 -17.5009 0.0671 0.2000 0.4314 0.3922 0.1961 25.3970 2.0000 
3455 3456 37 0.5578 0.5132 -17.5009 0.6797 0.6460 -17.5876 0.0671 0.2000 0.4314 0.3922 0.1961 25.5129 2.0000 
3456 3457 37 0.6797 0.6460 -17.5876 0.8070 0.7835 -17.6575 0.0671 0.2000 0.4314 0.3922 0.1961 25.6297 2.0000 
3457 3458 37 0.8070 0.7835 -17.6575 0.9231 0.9263 -17.7357 0.0671 0.2000 0.4314 0.3922 0.1961 25.7473 2.0000 
3458 3459 37 0.9231 0.9263 -17.7357 1.0480 1.0612 -17.8144 0.0671 0.2000 0.4314 0.3922 0.1961 25.8657 2.0000 
3459 3460 37 1.0480 1.0612 -17.8144 1.1619 1.2079 -17.8886 0.0671 0.2000 0.4314 0.3922 0.1961 25.9851 2.0000 
3460 3461 37 1.1619 1.2079 -17.8886 1.2412 1.3757 -17.9631 0.0671 0.2000 0.4314 0.3922 0.1961 26.1053 2.0000 
3461 3462 37 1.2412 1.3757 -17.9631 1.3115 1.5467 -18.0393 0.0671 0.2000 0.4314 0.3922 0.1961 26.2265 2.0000 
3462 3463 37 1.3115 1.5467 -18.0393 1.3796 1.7118 -18.1295 0.0671 0.2000 0.4314 0.3922 0.1961 26.3486 2.0000 
3463 3464 37 1.3796 1.7118 -18.1295 1.4614 1.8816 -18.1964 0.0671 0.2000 0.4314 0.3922 0.1961 26.4716 2.0000 
3464 3465 37 1.4614 1.8816 -18.1964 1.5315 2.0607 -18.2512 0.0671 0.2000 0.4314 0.3922 0.1961 26.5955 2.0000 
3465 3466 37 1.5315 2.0607 -18.2512 1.5876 2.2491 -18.2882 0.0671 0.2000 0.4314 0.3922 0.1961 26.7205 2.0000 
3466 3467 37 1.5876 2.2491 -18.2882 1.6362 2.4426 -18.3013 0.0671 0.2000 0.4314 0.3922 0.1961 26.8464 2.0000 
3467 3468 37 1.6362 2.4426 -18.3013 1.6965 2.6331 -18.2919 0.0671 0.2000 0.4314 0.3922 0.1961 26.9733 2.0000 
3468 3469 37 1.6965 2.6331 -18.2919 1.7465 2.8227 -18.2525 0.0671 0.2000 0.4314 0.3922 0.1961 27.1012 2.0000 
3469 3470 37 1.7465 2.8227 -18.2525 1.7774 3.0174 -18.2185 0.0671 0.2000 0.4314 0.3922 0.1961 27.2302 2.0000 
3470 3471 37 1.7774 3.0174 -18.2185 1.8163 3.2135 -18.2238 0.0671 0.2000 0.4314 0.3922 0.1961 27.3602 2.0000 
3471 3472 37 1.8163 3.2135 -18.2238 1.8508 3.4105 -18.2222 0.0671 0.2000 0.4314 0.3922 0.1961 27.4912 2.0000 
3472 3473 37 1.8508 3.4105 -18.2222 1.8825 3.5941 -18.1495 0.0671 0.2000 0.4314 0.3922 0.1961 27.6234 2.0000 
3473 3474 37 1.8825 3.5941 -18.1495 1.9201 3.7773 -18.0787 0.0671 0.2000 0.4314 0.3922 0.1961 27.7566 2.0000 
3474 3475 37 1.9201 3.7773 -18.0787 1.9851 3.9526 -18.0075 0.0671 0.2000 0.4314 0.3922 0.1961 27.8910 2.0000 
3475 3476 37 1.9851 3.9526 -18.0075 2.0435 4.1288 -17.9331 0.0671 0.2000 0.4314 0.3922 0.1961 28.0265 2.0000 
3476 3477 37 2.0435 4.1288 -17.9331 2.0983 4.3077 -17.8624 0.0671 0.2000 0.4314 0.3922 0.1961 28.1631 2.0000 
3477 3478 37 2.0983 4.3077 -17.8624 2.1460 4.4878 -17.7897 0.0671 0.2000 0.4314 0.3922 0.1961 28.3009 2.0000 
3478 3479 37 2.1460 4.4878 -17.7897 2.1940 4.6643 -17.7090 0.0671 0.2000 0.4314 0.3922 0.1961 28.4400 2.0000 
3479 3480 37 2.1940 4.6643 -17.7090 2.2589 4.8377 -17.6332 0.0671 0.2000 0.4314 0.3922 0.1961 28.5802 2.0000 
3480 3481 37 2.2589 4.8377 -17.6332 2.3347 5.0163 -17.5846 0.0671 0.2000 0.4314 0.3922 0.1961 28.7217 2.0000 
3481 3482 37 2.3347 5.0163 -17.5846 2.3812 5.2106 -17.5921 0.0671 0.2000 0.4314 0.3922 0.1961 28.8644 2.0000 
3482 3483 37 2.3812 5.2106 -17.5921 2.4241 5.4060 -17.5949 0.0671 0.2000 0.4314 0.3922 0.1961 29.0084 2.0000 
3483 3484 37 2.4241 5.4060 -17.5949 2.4754 5.5993 -17.5968 0.0671 0.2000 0.4314 0.3922 0.1961 29.1537 2.0000 
3484 3485 37 2.4754 5.5993 -17.5968 2.5688 5.7759 -17.5882 0.0671 0.2000 0.4314 0.3922 0.1961 29.3004 2.0000 
3485 3486 37 2.5688 5.7759 -17.5882 2.6948 5.9297 -17.5669 0.0671 0.2000 0.4314 0.3922 0.1961 29.4484 2.0000 
3486 3487 37 2.6948 5.9297 -17.5669 2.8378 6.0592 -17.5141 0.0671 0.2000 0.4314 0.3922 0.1961 29.5978 2.0000 
3487 3488 37 2.8378 6.0592 -17.5141 2.9922 6.1751 -17.4619 0.0671 0.2000 0.4314 0.3922 0.1961 29.7486 2.0000 
3488 3489 37 2.9922 6.1751 -17.4619 3.1525 6.2831 -17.4105 0.0671 0.2000 0.4314 0.3922 0.1961 29.9008 2.0000 
3489 3490 37 3.1525 6.2831 -17.4105 3.2559 6.3495 -17.3700 0.0671 0.1293 0.4314 0.3922 0.1961 30.0000 2.0000 
87 3491 38 -0.0014 -0.2330 -17.5448 -0.0451 -0.4140 -17.6177 0.0701 0.2000 0.4314 0.3922 0.1961 25.4771 2.0000 
3491 3492 38 -0.0451 -0.4140 -17.6177 -0.0884 -0.6006 -17.6752 0.0701 0.2000 0.4314 0.3922 0.1961 25.5707 2.0000 
3492 3493 38 -0.0884 -0.6006 -17.6752 -0.1322 -0.7844 -17.7407 0.0701 0.2000 0.4314 0.3922 0.1961 25.6649 2.0000 
3493 3494 38 -0.1322 -0.7844 -17.7407 -0.1354 -0.9565 -17.8425 0.0701 0.2000 0.4314 0.3922 0.1961 25.7598 2.0000 
3494 3495 38 -0.1354 -0.9565 -17.8425 -0.1832 -1.1147 -17.9551 0.0701 0.2000 0.4314 0.3922 0.1961 25.8553 2.0000 
3495 3496 38 -0.1832 -1.1147 -17.9551 -0.2334 -1.2702 -18.0705 0.0701 0.2000 0.4314 0.3922 0.1961 25.9514 2.0000 
3496 3497 38 -0.2334 -1.2702 -18.0705 -0.2967 -1.4443 -18.1459 0.0701 0.2000 0.4314 0.3922 0.1961 26.0483 2.0000 
3497 3498 38 -0.2967 -1.4443 -18.1459 -0.4028 -1.6015 -18.2092 0.0701 0.2000 0.4314 0.3922 0.1961 26.1458 2.0000 
3498 3499 38 -0.4028 -1.6015 -18.2092 -0.5086 -1.7558 -18.2800 0.0701 0.2000 0.4314 0.3922 0.1961 26.2439 2.0000 
3499 3500 38 -0.5086 -1.7558 -18.2800 -0.6206 -1.8897 -18.3775 0.0701 0.2000 0.4314 0.3922 0.1961 26.3428 2.0000 
3500 3501 38 -0.6206 -1.8897 -18.3775 -0.7081 -2.0285 -18.4920 0.0701 0.2000 0.4314 0.3922 0.1961 26.4424 2.0000 
3501 3502 38 -0.7081 -2.0285 -18.4920 -0.7935 -2.1718 -18.6022 0.0701 0.2000 0.4314 0.3922 0.1961 26.5427 2.0000 
3502 3503 38 -0.7935 -2.1718 -18.6022 -0.9283 -2.2969 -18.6810 0.0701 0.2000 0.4314 0.3922 0.1961 26.6437 2.0000 
3503 3504 38 -0.9283 -2.2969 -18.6810 -1.0681 -2.4225 -18.7493 0.0701 0.2000 0.4314 0.3922 0.1961 26.7455 2.0000 
3504 3505 38 -1.0681 -2.4225 -18.7493 -1.2004 -2.5572 -18.8152 0.0701 0.2000 0.4314 0.3922 0.1961 26.8480 2.0000 
3505 3506 38 -1.2004 -2.5572 -18.8152 -1.3528 -2.6707 -18.8776 0.0701 0.2000 0.4314 0.3922 0.1961 26.9512 2.0000 
3506 3507 38 -1.3528 -2.6707 -18.8776 -1.5252 -2.7418 -18.9500 0.0701 0.2000 0.4314 0.3922 0.1961 27.0552 2.0000 
3507 3508 38 -1.5252 -2.7418 -18.9500 -1.6909 -2.7801 -19.0552 0.0701 0.2000 0.4314 0.3922 0.1961 27.1600 2.0000 
3508 3509 38 -1.6909 -2.7801 -19.0552 -1.8753 -2.8368 -19.1078 0.0701 0.2000 0.4314 0.3922 0.1961 27.2656 2.0000 
3509 3510 38 -1.8753 -2.8368 -19.1078 -2.0500 -2.8992 -19.1827 0.0701 0.2000 0.4314 0.3922 0.1961 27.3720 2.0000 
3510 3511 38 -2.0500 -2.8992 -19.1827 -2.2179 -2.9549 -19.2760 0.0701 0.2000 0.4314 0.3922 0.1961 27.4792 2.0000 
3511 3512 38 -2.2179 -2.9549 -19.2760 -2.3857 -3.0123 -19.3684 0.0701 0.2000 0.4314 0.3922 0.1961 27.5873 2.0000 
3512 3513 38 -2.3857 -3.0123 -19.3684 -2.5615 -3.0571 -19.4526 0.0701 0.2000 0.4314 0.3922 0.1961 27.6962 2.0000 
3513 3514 38 -2.5615 -3.0571 -19.4526 -2.7365 -3.1063 -19.5359 0.0701 0.2000 0.4314 0.3922 0.1961 27.8059 2.0000 
3514 3515 38 -2.7365 -3.1063 -19.5359 -2.9144 -3.1070 -19.6273 0.0701 0.2000 0.4314 0.3922 0.1961 27.9165 2.0000 
3515 3516 38 -2.9144 -3.1070 -19.6273 -3.0901 -3.1240 -19.7213 0.0701 0.2000 0.4314 0.3922 0.1961 28.0280 2.0000 
3516 3517 38 -3.0901 -3.1240 -19.7213 -3.2661 -3.1416 -19.8147 0.0701 0.2000 0.4314 0.3922 0.1961 28.1404 2.0000 
3517 3518 38 -3.2661 -3.1416 -19.8147 -3.4435 -3.1265 -19.9058 0.0701 0.2000 0.4314 0.3922 0.1961 28.2537 2.0000 
3518 3519 38 -3.4435 -3.1265 -19.9058 -3.6071 -3.1022 -20.0183 0.0701 0.2000 0.4314 0.3922 0.1961 28.3679 2.0000 
3519 3520 38 -3.6071 -3.1022 -20.0183 -3.7770 -3.0785 -20.1212 0.0701 0.2000 0.4314 0.3922 0.1961 28.4830 2.0000 
3520 3521 38 -3.7770 -3.0785 -20.1212 -3.9480 -3.0533 -20.2217 0.0701 0.2000 0.4314 0.3922 0.1961 28.5991 2.0000 
3521 3522 38 -3.9480 -3.0533 -20.2217 -4.0911 -3.0906 -20.3563 0.0701 0.2000 0.4314 0.3922 0.1961 28.7162 2.0000 
3522 3523 38 -4.0911 -3.0906 -20.3563 -4.2207 -3.1264 -20.5044 0.0701 0.2000 0.4314 0.3922 0.1961 28.8343 2.0000 
3523 3524 38 -4.2207 -3.1264 -20.5044 -4.3509 -3.1763 -20.6478 0.0701 0.2000 0.4314 0.3922 0.1961 28.9534 2.0000 
3524 3525 38 -4.3509 -3.1763 -20.6478 -4.4854 -3.2079 -20.7924 0.0701 0.2000 0.4314 0.3922 0.1961 29.0735 2.0000 
3525 3526 38 -4.4854 -3.2079 -20.7924 -4.6184 -3.2471 -20.9365 0.0701 0.2000 0.4314 0.3922 0.1961 29.1946 2.0000 
3526 3527 38 -4.6184 -3.2471 -20.9365 -4.7416 -3.2997 -21.0851 0.0701 0.2000 0.4314 0.3922 0.1961 29.3168 2.0000 
3527 3528 38 -4.7416 -3.2997 -21.0851 -4.8870 -3.2703 -21.2192 0.0701 0.2000 0.4314 0.3922 0.1961 29.4401 2.0000 
3528 3529 38 -4.8870 -3.2703 -21.2192 -5.0251 -3.2487 -21.3622 0.0701 0.2000 0.4314 0.3922 0.1961 29.5645 2.0000 
3529 3530 38 -5.0251 -3.2487 -21.3622 -5.1860 -3.2446 -21.4809 0.0701 0.2000 0.4314 0.3922 0.1961 29.6900 2.0000 
3530 3531 38 -5.1860 -3.2446 -21.4809 -5.3512 -3.2546 -21.5933 0.0701 0.2000 0.4314 0.3922 0.1961 29.8166 2.0000 
3531 3532 38 -5.3512 -3.2546 -21.5933 -5.4964 -3.2901 -21.7261 0.0701 0.2000 0.4314 0.3922 0.1961 29.9444 2.0000 
3532 3533 38 -5.4964 -3.2901 -21.7261 -5.5592 -3.3055 -21.7835 0.0701 0.0865 0.4314 0.3922 0.1961 30.0000 2.0000 
89 3534 39 0.0071 -0.2317 -17.9362 0.1953 -0.2734 -17.9893 0.0628 0.2000 0.4314 0.3922 0.1961 26.0343 2.0000 
3534 3535 39 0.1953 -0.2734 -17.9893 0.3809 -0.3248 -18.0434 0.0628 0.2000 0.4314 0.3922 0.1961 26.1196 2.0000 
3535 3536 39 0.3809 -0.3248 -18.0434 0.5676 -0.3790 -18.0905 0.0628 0.2000 0.4314 0.3922 0.1961 26.2055 2.0000 
3536 3537 39 0.5676 -0.3790 -18.0905 0.7576 -0.4124 -18.1430 0.0628 0.2000 0.4314 0.3922 0.1961 26.2920 2.0000 
3537 3538 39 0.7576 -0.4124 -18.1430 0.9315 -0.4749 -18.2197 0.0628 0.2000 0.4314 0.3922 0.1961 26.3790 2.0000 
3538 3539 39 0.9315 -0.4749 -18.2197 1.0630 -0.6147 -18.2757 0.0628 0.2000 0.4314 0.3922 0.1961 26.4667 2.0000 
3539 3540 39 1.0630 -0.6147 -18.2757 1.1843 -0.7602 -18.3400 0.0628 0.2000 0.4314 0.3922 0.1961 26.5549 2.0000 
3540 3541 39 1.1843 -0.7602 -18.3400 1.3007 -0.9121 -18.3983 0.0628 0.2000 0.4314 0.3922 0.1961 26.6438 2.0000 
3541 3542 39 1.3007 -0.9121 -18.3983 1.4198 -1.0618 -18.4564 0.0628 0.2000 0.4314 0.3922 0.1961 26.7332 2.0000 
3542 3543 39 1.4198 -1.0618 -18.4564 1.5676 -1.1611 -18.5475 0.0628 0.2000 0.4314 0.3922 0.1961 26.8233 2.0000 
3543 3544 39 1.5676 -1.1611 -18.5475 1.7083 -1.2647 -18.6448 0.0628 0.2000 0.4314 0.3922 0.1961 26.9140 2.0000 
3544 3545 39 1.7083 -1.2647 -18.6448 1.8648 -1.3526 -18.7330 0.0628 0.2000 0.4314 0.3922 0.1961 27.0054 2.0000 
3545 3546 39 1.8648 -1.3526 -18.7330 1.9898 -1.4609 -18.8454 0.0628 0.2000 0.4314 0.3922 0.1961 27.0974 2.0000 
3546 3547 39 1.9898 -1.4609 -18.8454 2.1112 -1.5342 -18.9865 0.0628 0.2000 0.4314 0.3922 0.1961 27.1900 2.0000 
3547 3548 39 2.1112 -1.5342 -18.9865 2.2289 -1.5983 -19.1349 0.0628 0.2000 0.4314 0.3922 0.1961 27.2834 2.0000 
3548 3549 39 2.2289 -1.5983 -19.1349 2.3391 -1.6638 -19.2884 0.0628 0.2000 0.4314 0.3922 0.1961 27.3774 2.0000 
3549 3550 39 2.3391 -1.6638 -19.2884 2.4616 -1.6782 -19.4459 0.0628 0.2000 0.4314 0.3922 0.1961 27.4721 2.0000 
3550 3551 39 2.4616 -1.6782 -19.4459 2.5838 -1.6811 -19.6042 0.0628 0.2000 0.4314 0.3922 0.1961 27.5675 2.0000 
3551 3552 39 2.5838 -1.6811 -19.6042 2.7054 -1.6887 -19.7628 0.0628 0.2000 0.4314 0.3922 0.1961 27.6636 2.0000 
3552 3553 39 2.7054 -1.6887 -19.7628 2.8114 -1.6524 -19.9284 0.0628 0.2000 0.4314 0.3922 0.1961 27.7604 2.0000 
3553 3554 39 2.8114 -1.6524 -19.9284 2.9019 -1.6326 -20.1057 0.0628 0.2000 0.4314 0.3922 0.1961 27.8580 2.0000 
3554 3555 39 2.9019 -1.6326 -20.1057 2.9659 -1.5927 -20.2909 0.0628 0.2000 0.4314 0.3922 0.1961 27.9563 2.0000 
3555 3556 39 2.9659 -1.5927 -20.2909 3.0078 -1.5629 -20.4842 0.0628 0.2000 0.4314 0.3922 0.1961 28.0554 2.0000 
3556 3557 39 3.0078 -1.5629 -20.4842 3.0352 -1.5329 -20.6800 0.0628 0.2000 0.4314 0.3922 0.1961 28.1552 2.0000 
3557 3558 39 3.0352 -1.5329 -20.6800 3.0745 -1.5047 -20.8741 0.0628 0.2000 0.4314 0.3922 0.1961 28.2558 2.0000 
3558 3559 39 3.0745 -1.5047 -20.8741 3.1084 -1.4715 -21.0684 0.0628 0.2000 0.4314 0.3922 0.1961 28.3572 2.0000 
3559 3560 39 3.1084 -1.4715 -21.0684 3.1454 -1.4362 -21.2617 0.0628 0.2000 0.4314 0.3922 0.1961 28.4594 2.0000 
3560 3561 39 3.1454 -1.4362 -21.2617 3.1886 -1.4096 -21.4552 0.0628 0.2000 0.4314 0.3922 0.1961 28.5624 2.0000 
3561 3562 39 3.1886 -1.4096 -21.4552 3.1925 -1.3779 -21.6526 0.0628 0.2000 0.4314 0.3922 0.1961 28.6662 2.0000 
3562 3563 39 3.1925 -1.3779 -21.6526 3.2088 -1.3572 -21.8509 0.0628 0.2000 0.4314 0.3922 0.1961 28.7709 2.0000 
3563 3564 39 3.2088 -1.3572 -21.8509 3.2431 -1.3522 -22.0478 0.0628 0.2000 0.4314 0.3922 0.1961 28.8764 2.0000 
3564 3565 39 3.2431 -1.3522 -22.0478 3.2909 -1.3398 -22.2417 0.0628 0.2000 0.4314 0.3922 0.1961 28.9828 2.0000 
3565 3566 39 3.2909 -1.3398 -22.2417 3.3557 -1.3708 -22.4283 0.0628 0.2000 0.4314 0.3922 0.1961 29.0901 2.0000 
3566 3567 39 3.3557 -1.3708 -22.4283 3.4206 -1.4099 -22.6134 0.0628 0.2000 0.4314 0.3922 0.1961 29.1983 2.0000 
3567 3568 39 3.4206 -1.4099 -22.6134 3.4809 -1.4277 -22.8033 0.0628 0.2000 0.4314 0.3922 0.1961 29.3074 2.0000 
3568 3569 39 3.4809 -1.4277 -22.8033 3.5618 -1.4930 -22.9741 0.0628 0.2000 0.4314 0.3922 0.1961 29.4174 2.0000 
3569 3570 39 3.5618 -1.4930 -22.9741 3.6480 -1.5506 -23.1452 0.0628 0.2000 0.4314 0.3922 0.1961 29.5284 2.0000 
3570 3571 39 3.6480 -1.5506 -23.1452 3.7346 -1.6000 -23.3185 0.0628 0.2000 0.4314 0.3922 0.1961 29.6403 2.0000 
3571 3572 39 3.7346 -1.6000 -23.3185 3.7236 -1.6518 -23.5114 0.0628 0.2000 0.4314 0.3922 0.1961 29.7532 2.0000 
3572 3573 39 3.7236 -1.6518 -23.5114 3.7165 -1.7020 -23.7049 0.0628 0.2000 0.4314 0.3922 0.1961 29.8671 2.0000 
3573 3574 39 3.7165 -1.7020 -23.7049 3.7477 -1.7349 -23.8997 0.0628 0.2000 0.4314 0.3922 0.1961 29.9820 2.0000 
3574 3575 39 3.7477 -1.7349 -23.8997 3.7537 -1.7401 -23.9297 0.0628 0.0311 0.4314 0.3922 0.1961 30.0000 2.0000 
92 3576 40 -0.0106 -0.2466 -18.3454 0.0787 -0.0801 -18.4107 0.0657 0.2000 0.4314 0.3922 0.1961 26.6447 2.0000 
3576 3577 40 0.0787 -0.0801 -18.4107 0.1683 0.0854 -18.4785 0.0657 0.2000 0.4314 0.3922 0.1961 26.7407 2.0000 
3577 3578 40 0.1683 0.0854 -18.4785 0.2194 0.2681 -18.5420 0.0657 0.2000 0.4314 0.3922 0.1961 26.8373 2.0000 
3578 3579 40 0.2194 0.2681 -18.5420 0.2593 0.4220 -18.6633 0.0657 0.2000 0.4314 0.3922 0.1961 26.9345 2.0000 
3579 3580 40 0.2593 0.4220 -18.6633 0.2981 0.5752 -18.7858 0.0657 0.2000 0.4314 0.3922 0.1961 27.0323 2.0000 
3580 3581 40 0.2981 0.5752 -18.7858 0.3338 0.7187 -18.9205 0.0657 0.2000 0.4314 0.3922 0.1961 27.1308 2.0000 
3581 3582 40 0.3338 0.7187 -18.9205 0.3812 0.8540 -19.0600 0.0657 0.2000 0.4314 0.3922 0.1961 27.2300 2.0000 
3582 3583 40 0.3812 0.8540 -19.0600 0.4121 0.9771 -19.2145 0.0657 0.2000 0.4314 0.3922 0.1961 27.3298 2.0000 
3583 3584 40 0.4121 0.9771 -19.2145 0.4463 1.1012 -19.3676 0.0657 0.2000 0.4314 0.3922 0.1961 27.4304 2.0000 
3584 3585 40 0.4463 1.1012 -19.3676 0.4820 1.2133 -19.5293 0.0657 0.2000 0.4314 0.3922 0.1961 27.5316 2.0000 
3585 3586 40 0.4820 1.2133 -19.5293 0.5468 1.3372 -19.6724 0.0657 0.2000 0.4314 0.3922 0.1961 27.6335 2.0000 
3586 3587 40 0.5468 1.3372 -19.6724 0.6400 1.4560 -19.8035 0.0657 0.2000 0.4314 0.3922 0.1961 27.7361 2.0000 
3587 3588 40 0.6400 1.4560 -19.8035 0.7367 1.5597 -19.9445 0.0657 0.2000 0.4314 0.3922 0.1961 27.8394 2.0000 
3588 3589 40 0.7367 1.5597 -19.9445 0.8767 1.6509 -20.0545 0.0657 0.2000 0.4314 0.3922 0.1961 27.9434 2.0000 
3589 3590 40 0.8767 1.6509 -20.0545 1.0163 1.7377 -20.1684 0.0657 0.2000 0.4314 0.3922 0.1961 28.0482 2.0000 
3590 3591 40 1.0163 1.7377 -20.1684 1.1007 1.8231 -20.3283 0.0657 0.2000 0.4314 0.3922 0.1961 28.1538 2.0000 
3591 3592 40 1.1007 1.8231 -20.3283 1.1937 1.9037 -20.4860 0.0657 0.2000 0.4314 0.3922 0.1961 28.2601 2.0000 
3592 3593 40 1.1937 1.9037 -20.4860 1.2857 1.9868 -20.6429 0.0657 0.2000 0.4314 0.3922 0.1961 28.3671 2.0000 
3593 3594 40 1.2857 1.9868 -20.6429 1.3850 2.0487 -20.8051 0.0657 0.2000 0.4314 0.3922 0.1961 28.4749 2.0000 
3594 3595 40 1.3850 2.0487 -20.8051 1.4789 2.1087 -20.9712 0.0657 0.2000 0.4314 0.3922 0.1961 28.5836 2.0000 
3595 3596 40 1.4789 2.1087 -20.9712 1.5147 2.1945 -21.1483 0.0657 0.2000 0.4314 0.3922 0.1961 28.6930 2.0000 
3596 3597 40 1.5147 2.1945 -21.1483 1.5527 2.2753 -21.3272 0.0657 0.2000 0.4314 0.3922 0.1961 28.8033 2.0000 
3597 3598 40 1.5527 2.2753 -21.3272 1.5803 2.2931 -21.5245 0.0657 0.2000 0.4314 0.3922 0.1961 28.9143 2.0000 
3598 3599 40 1.5803 2.2931 -21.5245 1.5864 2.3520 -21.7156 0.0657 0.2000 0.4314 0.3922 0.1961 29.0263 2.0000 
3599 3600 40 1.5864 2.3520 -21.7156 1.6009 2.3955 -21.9102 0.0657 0.2000 0.4314 0.3922 0.1961 29.1390 2.0000 
3600 3601 40 1.6009 2.3955 -21.9102 1.6039 2.4351 -22.1062 0.0657 0.2000 0.4314 0.3922 0.1961 29.2527 2.0000 
3601 3602 40 1.6039 2.4351 -22.1062 1.6034 2.4810 -22.3009 0.0657 0.2000 0.4314 0.3922 0.1961 29.3672 2.0000 
3602 3603 40 1.6034 2.4810 -22.3009 1.5887 2.5223 -22.4960 0.0657 0.2000 0.4314 0.3922 0.1961 29.4826 2.0000 
3603 3604 40 1.5887 2.5223 -22.4960 1.5944 2.5555 -22.6932 0.0657 0.2000 0.4314 0.3922 0.1961 29.5989 2.0000 
3604 3605 40 1.5944 2.5555 -22.6932 1.5965 2.5849 -22.8910 0.0657 0.2000 0.4314 0.3922 0.1961 29.7161 2.0000 
3605 3606 40 1.5965 2.5849 -22.8910 1.6143 2.6147 -23.0880 0.0657 0.2000 0.4314 0.3922 0.1961 29.8343 2.0000 
3606 3607 40 1.6143 2.6147 -23.0880 1.6259 2.6310 -23.2870 0.0657 0.2000 0.4314 0.3922 0.1961 29.9534 2.0000 
3607 3608 40 1.6259 2.6310 -23.2870 1.6250 2.6342 -23.3646 0.0657 0.0778 0.4314 0.3922 0.1961 30.0000 2.0000 
94 3609 41 -0.0435 -0.2441 -18.6896 -0.2071 -0.2935 -18.7935 0.0718 0.2000 0.4314 0.3922 0.1961 27.1694 2.0000 
3609 3610 41 -0.2071 -0.2935 -18.7935 -0.3609 -0.3415 -18.9119 0.0718 0.2000 0.4314 0.3922 0.1961 27.2752 2.0000 
3610 3611 41 -0.3609 -0.3415 -18.9119 -0.5127 -0.3879 -19.0336 0.0718 0.2000 0.4314 0.3922 0.1961 27.3817 2.0000 
3611 3612 41 -0.5127 -0.3879 -19.0336 -0.6066 -0.4593 -19.1951 0.0718 0.2000 0.4314 0.3922 0.1961 27.4889 2.0000 
3612 3613 41 -0.6066 -0.4593 -19.1951 -0.6928 -0.5623 -19.3433 0.0718 0.2000 0.4314 0.3922 0.1961 27.5969 2.0000 
3613 3614 41 -0.6928 -0.5623 -19.3433 -0.7700 -0.6786 -19.4865 0.0718 0.2000 0.4314 0.3922 0.1961 27.7056 2.0000 
3614 3615 41 -0.7700 -0.6786 -19.4865 -0.8440 -0.7990 -19.6281 0.0718 0.2000 0.4314 0.3922 0.1961 27.8151 2.0000 
3615 3616 41 -0.8440 -0.7990 -19.6281 -0.9180 -0.9195 -19.7695 0.0718 0.2000 0.4314 0.3922 0.1961 27.9254 2.0000 
3616 3617 41 -0.9180 -0.9195 -19.7695 -0.9884 -1.0201 -19.9274 0.0718 0.2000 0.4314 0.3922 0.1961 28.0364 2.0000 
3617 3618 41 -0.9884 -1.0201 -19.9274 -1.0337 -1.1197 -20.0948 0.0718 0.2000 0.4314 0.3922 0.1961 28.1482 2.0000 
3618 3619 41 -1.0337 -1.1197 -20.0948 -1.0704 -1.2520 -20.2402 0.0718 0.2000 0.4314 0.3922 0.1961 28.2609 2.0000 
3619 3620 41 -1.0704 -1.2520 -20.2402 -1.0606 -1.3707 -20.4009 0.0718 0.2000 0.4314 0.3922 0.1961 28.3744 2.0000 
3620 3621 41 -1.0606 -1.3707 -20.4009 -1.0270 -1.5297 -20.5174 0.0718 0.2000 0.4314 0.3922 0.1961 28.4886 2.0000 
3621 3622 41 -1.0270 -1.5297 -20.5174 -1.0083 -1.6733 -20.6554 0.0718 0.2000 0.4314 0.3922 0.1961 28.6038 2.0000 
3622 3623 41 -1.0083 -1.6733 -20.6554 -0.9886 -1.8058 -20.8039 0.0718 0.2000 0.4314 0.3922 0.1961 28.7198 2.0000 
3623 3624 41 -0.9886 -1.8058 -20.8039 -0.9940 -1.9225 -20.9662 0.0718 0.2000 0.4314 0.3922 0.1961 28.8366 2.0000 
3624 3625 41 -0.9940 -1.9225 -20.9662 -1.0220 -2.0616 -21.1072 0.0718 0.2000 0.4314 0.3922 0.1961 28.9544 2.0000 
3625 3626 41 -1.0220 -2.0616 -21.1072 -1.0997 -2.1792 -21.2491 0.0718 0.2000 0.4314 0.3922 0.1961 29.0730 2.0000 
3626 3627 41 -1.0997 -2.1792 -21.2491 -1.1565 -2.3275 -21.3706 0.0718 0.2000 0.4314 0.3922 0.1961 29.1926 2.0000 
3627 3628 41 -1.1565 -2.3275 -21.3706 -1.2306 -2.4946 -21.4518 0.0718 0.2000 0.4314 0.3922 0.1961 29.3130 2.0000 
3628 3629 41 -1.2306 -2.4946 -21.4518 -1.3025 -2.6584 -21.5414 0.0718 0.2000 0.4314 0.3922 0.1961 29.4344 2.0000 
3629 3630 41 -1.3025 -2.6584 -21.5414 -1.3290 -2.8339 -21.6335 0.0718 0.2000 0.4314 0.3922 0.1961 29.5568 2.0000 
3630 3631 41 -1.3290 -2.8339 -21.6335 -1.3571 -3.0111 -21.7219 0.0718 0.2000 0.4314 0.3922 0.1961 29.6801 2.0000 
3631 3632 41 -1.3571 -3.0111 -21.7219 -1.3869 -3.1856 -21.8149 0.0718 0.2000 0.4314 0.3922 0.1961 29.8044 2.0000 
3632 3633 41 -1.3869 -3.1856 -21.8149 -1.4452 -3.3697 -21.8670 0.0718 0.2000 0.4314 0.3922 0.1961 29.9297 2.0000 
3633 3634 41 -1.4452 -3.3697 -21.8670 -1.4847 -3.4698 -21.8960 0.0718 0.1115 0.4314 0.3922 0.1961 30.0000 2.0000 
96 3635 42 -0.0629 -0.2478 -19.0878 0.0339 -0.0832 -19.1473 0.0750 0.2000 0.4314 0.3922 0.1961 27.7661 2.0000 
3635 3636 42 0.0339 -0.0832 -19.1473 0.1362 0.0778 -19.2074 0.0750 0.2000 0.4314 0.3922 0.1961 27.8688 2.0000 
3636 3637 42 0.1362 0.0778 -19.2074 0.1992 0.2467 -19.2941 0.0750 0.2000 0.4314 0.3922 0.1961 27.9721 2.0000 
3637 3638 42 0.1992 0.2467 -19.2941 0.2793 0.3862 -19.4129 0.0750 0.2000 0.4314 0.3922 0.1961 28.0761 2.0000 
3638 3639 42 0.2793 0.3862 -19.4129 0.3436 0.5301 -19.5361 0.0750 0.2000 0.4314 0.3922 0.1961 28.1808 2.0000 
3639 3640 42 0.3436 0.5301 -19.5361 0.4065 0.6733 -19.6606 0.0750 0.2000 0.4314 0.3922 0.1961 28.2862 2.0000 
3640 3641 42 0.4065 0.6733 -19.6606 0.4584 0.8109 -19.7961 0.0750 0.2000 0.4314 0.3922 0.1961 28.3922 2.0000 
3641 3642 42 0.4584 0.8109 -19.7961 0.4923 0.9083 -19.9675 0.0750 0.2000 0.4314 0.3922 0.1961 28.4990 2.0000 
3642 3643 42 0.4923 0.9083 -19.9675 0.5321 1.0255 -20.1246 0.0750 0.2000 0.4314 0.3922 0.1961 28.6064 2.0000 
3643 3644 42 0.5321 1.0255 -20.1246 0.5749 1.1424 -20.2811 0.0750 0.2000 0.4314 0.3922 0.1961 28.7145 2.0000 
3644 3645 42 0.5749 1.1424 -20.2811 0.6197 1.2236 -20.4584 0.0750 0.2000 0.4314 0.3922 0.1961 28.8234 2.0000 
3645 3646 42 0.6197 1.2236 -20.4584 0.6989 1.2692 -20.6363 0.0750 0.2000 0.4314 0.3922 0.1961 28.9330 2.0000 
3646 3647 42 0.6989 1.2692 -20.6363 0.7464 1.3407 -20.8169 0.0750 0.2000 0.4314 0.3922 0.1961 29.0434 2.0000 
3647 3648 42 0.7464 1.3407 -20.8169 0.7763 1.3882 -21.0089 0.0750 0.2000 0.4314 0.3922 0.1961 29.1545 2.0000 
3648 3649 42 0.7763 1.3882 -21.0089 0.7959 1.4504 -21.1979 0.0750 0.2000 0.4314 0.3922 0.1961 29.2663 2.0000 
3649 3650 42 0.7959 1.4504 -21.1979 0.8189 1.5358 -21.3773 0.0750 0.2000 0.4314 0.3922 0.1961 29.3790 2.0000 
3650 3651 42 0.8189 1.5358 -21.3773 0.8461 1.5978 -21.5655 0.0750 0.2000 0.4314 0.3922 0.1961 29.4924 2.0000 
3651 3652 42 0.8461 1.5978 -21.5655 0.8737 1.6682 -21.7507 0.0750 0.2000 0.4314 0.3922 0.1961 29.6066 2.0000 
3652 3653 42 0.8737 1.6682 -21.7507 0.9106 1.7174 -21.9410 0.0750 0.2000 0.4314 0.3922 0.1961 29.7216 2.0000 
3653 3654 42 0.9106 1.7174 -21.9410 0.9057 1.7512 -22.1380 0.0750 0.2000 0.4314 0.3922 0.1961 29.8375 2.0000 
3654 3655 42 0.9057 1.7512 -22.1380 0.8901 1.7905 -22.3335 0.0750 0.2000 0.4314 0.3922 0.1961 29.9541 2.0000 
3655 3656 42 0.8901 1.7905 -22.3335 0.8900 1.8031 -22.4107 0.0750 0.0783 0.4314 0.3922 0.1961 30.0000 2.0000 
98 3657 43 -0.0851 -0.2427 -19.4575 0.0206 -0.3785 -19.5595 0.0404 0.2000 0.4314 0.3922 0.1961 28.3427 2.0000 
3657 3658 43 0.0206 -0.3785 -19.5595 0.1058 -0.5177 -19.6751 0.0404 0.2000 0.4314 0.3922 0.1961 28.4569 2.0000 
3658 3659 43 0.1058 -0.5177 -19.6751 0.2035 -0.6481 -19.7910 0.0404 0.2000 0.4314 0.3922 0.1961 28.5719 2.0000 
3659 3660 43 0.2035 -0.6481 -19.7910 0.2737 -0.7878 -19.9157 0.0404 0.2000 0.4314 0.3922 0.1961 28.6876 2.0000 
3660 3661 43 0.2737 -0.7878 -19.9157 0.3419 -0.9286 -20.0403 0.0404 0.2000 0.4314 0.3922 0.1961 28.8041 2.0000 
3661 3662 43 0.3419 -0.9286 -20.0403 0.4035 -1.0666 -20.1714 0.0404 0.2000 0.4314 0.3922 0.1961 28.9213 2.0000 
3662 3663 43 0.4035 -1.0666 -20.1714 0.4339 -1.2047 -20.3128 0.0404 0.2000 0.4314 0.3922 0.1961 29.0394 2.0000 
3663 3664 43 0.4339 -1.2047 -20.3128 0.4569 -1.3446 -20.4539 0.0404 0.2000 0.4314 0.3922 0.1961 29.1583 2.0000 
3664 3665 43 0.4569 -1.3446 -20.4539 0.4227 -1.4661 -20.6090 0.0404 0.2000 0.4314 0.3922 0.1961 29.2780 2.0000 
3665 3666 43 0.4227 -1.4661 -20.6090 0.3502 -1.5669 -20.7658 0.0404 0.2000 0.4314 0.3922 0.1961 29.3985 2.0000 
3666 3667 43 0.3502 -1.5669 -20.7658 0.2761 -1.6593 -20.9270 0.0404 0.2000 0.4314 0.3922 0.1961 29.5199 2.0000 
3667 3668 43 0.2761 -1.6593 -20.9270 0.2020 -1.7516 -21.0881 0.0404 0.2000 0.4314 0.3922 0.1961 29.6422 2.0000 
3668 3669 43 0.2020 -1.7516 -21.0881 0.1414 -1.8345 -21.2598 0.0404 0.2000 0.4314 0.3922 0.1961 29.7653 2.0000 
3669 3670 43 0.1414 -1.8345 -21.2598 0.0734 -1.8957 -21.4376 0.0404 0.2000 0.4314 0.3922 0.1961 29.8892 2.0000 
3670 3671 43 0.0734 -1.8957 -21.4376 0.0053 -1.9452 -21.5939 0.0404 0.1775 0.4314 0.3922 0.1961 30.0000 2.0000 
101 3672 44 -0.1094 -0.2441 -19.8836 -0.0745 -0.4134 -19.9841 0.0441 0.2000 0.4314 0.3922 0.1961 28.9858 2.0000 
3672 3673 44 -0.0745 -0.4134 -19.9841 -0.0393 -0.5705 -20.1028 0.0441 0.2000 0.4314 0.3922 0.1961 29.0819 2.0000 
3673 3674 44 -0.0393 -0.5705 -20.1028 -0.0162 -0.7313 -20.2195 0.0441 0.2000 0.4314 0.3922 0.1961 29.1787 2.0000 
3674 3675 44 -0.0162 -0.7313 -20.2195 0.0716 -0.8326 -20.3679 0.0441 0.2000 0.4314 0.3922 0.1961 29.2761 2.0000 
3675 3676 44 0.0716 -0.8326 -20.3679 0.1583 -0.9374 -20.5145 0.0441 0.2000 0.4314 0.3922 0.1961 29.3743 2.0000 
3676 3677 44 0.1583 -0.9374 -20.5145 0.2470 -1.0147 -20.6762 0.0441 0.2000 0.4314 0.3922 0.1961 29.4731 2.0000 
3677 3678 44 0.2470 -1.0147 -20.6762 0.3258 -1.0633 -20.8535 0.0441 0.2000 0.4314 0.3922 0.1961 29.5727 2.0000 
3678 3679 44 0.3258 -1.0633 -20.8535 0.4059 -1.1255 -21.0259 0.0441 0.2000 0.4314 0.3922 0.1961 29.6730 2.0000 
3679 3680 44 0.4059 -1.1255 -21.0259 0.4778 -1.1815 -21.2039 0.0441 0.2000 0.4314 0.3922 0.1961 29.7740 2.0000 
3680 3681 44 0.4778 -1.1815 -21.2039 0.5282 -1.2613 -21.3803 0.0441 0.2000 0.4314 0.3922 0.1961 29.8758 2.0000 
3681 3682 44 0.5282 -1.2613 -21.3803 0.5560 -1.3311 -21.5656 0.0441 0.2000 0.4314 0.3922 0.1961 29.9784 2.0000 
3682 3683 44 0.5560 -1.3311 -21.5656 0.5618 -1.3458 -21.6045 0.0441 0.0420 0.4314 0.3922 0.1961 30.0000 2.0000 
103 3684 45 -0.1236 -0.2584 -20.2656 0.0527 -0.2765 -20.3582 0.0764 0.2000 0.4314 0.3922 0.1961 29.5853 2.0000 
3684 3685 45 0.0527 -0.2765 -20.3582 0.2211 -0.3020 -20.4631 0.0764 0.2000 0.4314 0.3922 0.1961 29.6789 2.0000 
3685 3686 45 0.2211 -0.3020 -20.4631 0.3965 -0.3335 -20.5538 0.0764 0.2000 0.4314 0.3922 0.1961 29.7732 2.0000 
3686 3687 45 0.3965 -0.3335 -20.5538 0.5654 -0.3400 -20.6607 0.0764 0.2000 0.4314 0.3922 0.1961 29.8680 2.0000 
3687 3688 45 0.5654 -0.3400 -20.6607 0.7389 -0.3466 -20.7600 0.0764 0.2000 0.4314 0.3922 0.1961 29.9634 2.0000 
3688 3689 45 0.7389 -0.3466 -20.7600 0.8046 -0.3447 -20.7987 0.0764 0.0763 0.4314 0.3922 0.1961 30.0000 2.0000 
