Entity;Tag;ID;Label;Area
Cell;B05_C_T_C01_Z20;0;epidermis;1678.5
Cell;B05_C_T_C01_Z20;1;epidermis;2778
Cell;B05_C_T_C01_Z20;2;epidermis;2068.5
Cell;B05_C_T_C01_Z20;3;epidermis;2617.5
Cell;B05_C_T_C01_Z20;4;epidermis;1225.5
Cell;B05_C_T_C01_Z20;5;epidermis;1161.5
Cell;B05_C_T_C01_Z20;6;general;6002
Cell;B05_C_T_C01_Z20;7;epidermis;1718.5
Cell;B05_C_T_C01_Z20;8;epidermis;1457.5
Cell;B05_C_T_C01_Z20;9;general;5298
Cell;B05_C_T_C01_Z20;10;epidermis;2285
Cell;B05_C_T_C01_Z20;11;general;4601
Cell;B05_C_T_C01_Z20;12;epidermis;1542.5
Cell;B05_C_T_C01_Z20;13;epidermis;1076
Cell;B05_C_T_C01_Z20;14;epidermis;1946
Cell;B05_C_T_C01_Z20;15;epidermis;2620
Cell;B05_C_T_C01_Z20;16;general;6662.5
Cell;B05_C_T_C01_Z20;17;epidermis;2175.5
Cell;B05_C_T_C01_Z20;18;general;3574.5
Cell;B05_C_T_C01_Z20;19;general;5969
Cell;B05_C_T_C01_Z20;20;epidermis;522
Cell;B05_C_T_C01_Z20;21;general;5086.5
Cell;B05_C_T_C01_Z20;22;general;8304
Cell;B05_C_T_C01_Z20;23;epidermis;625.5
Cell;B05_C_T_C01_Z20;24;general;6375.5
Cell;B05_C_T_C01_Z20;25;cortex;12310.5
Cell;B05_C_T_C01_Z20;26;epidermis;1714
Cell;B05_C_T_C01_Z20;27;cortex;7689
Cell;B05_C_T_C01_Z20;28;cortex;5375.5
Cell;B05_C_T_C01_Z20;29;epidermis;1219.5
Cell;B05_C_T_C01_Z20;30;cortex;3540.5
Cell;B05_C_T_C01_Z20;31;cortex;5246.5
Cell;B05_C_T_C01_Z20;32;epidermis;3467
Cell;B05_C_T_C01_Z20;33;cortex;6844.5
Cell;B05_C_T_C01_Z20;34;general;5842.5
Cell;B05_C_T_C01_Z20;35;epidermis;884
Cell;B05_C_T_C01_Z20;36;rootcapl2;688.5
Cell;B05_C_T_C01_Z20;37;epidermis;1627
Cell;B05_C_T_C01_Z20;38;cortex;9011
Cell;B05_C_T_C01_Z20;39;general;6995.5
Cell;B05_C_T_C01_Z20;40;cortex;5983.5
Cell;B05_C_T_C01_Z20;41;cortex;10851.5
Cell;B05_C_T_C01_Z20;42;cortex;9544.5
Cell;B05_C_T_C01_Z20;43;cortex;3669
Cell;B05_C_T_C01_Z20;44;epidermis;4440
Cell;B05_C_T_C01_Z20;45;cortex;3945.5
Cell;B05_C_T_C01_Z20;46;epidermis;1645.5
Cell;B05_C_T_C01_Z20;47;general;3911
Cell;B05_C_T_C01_Z20;48;rootcapl2;986
Cell;B05_C_T_C01_Z20;49;cortex;5741.5
Cell;B05_C_T_C01_Z20;50;epidermis;1481.5
Cell;B05_C_T_C01_Z20;51;cortex;4817.5
Cell;B05_C_T_C01_Z20;52;cortex;7421.5
Cell;B05_C_T_C01_Z20;53;cortex;11318
Cell;B05_C_T_C01_Z20;54;rootcapl2;483.5
Cell;B05_C_T_C01_Z20;55;rootcapl2;883
Cell;B05_C_T_C01_Z20;56;epidermis;1862
Cell;B05_C_T_C01_Z20;57;general;5838.5
Cell;B05_C_T_C01_Z20;58;rootcapl2;398.5
Cell;B05_C_T_C01_Z20;59;cortex;4384
Cell;B05_C_T_C01_Z20;60;cortex;3919.5
Cell;B05_C_T_C01_Z20;61;rootcapl2;833.5
Cell;B05_C_T_C01_Z20;62;general;8272.5
Cell;B05_C_T_C01_Z20;63;cortex;6466
Cell;B05_C_T_C01_Z20;64;cortex;7625
Cell;B05_C_T_C01_Z20;65;rootcapl2;821.5
Cell;B05_C_T_C01_Z20;66;epidermis;1125.5
Cell;B05_C_T_C01_Z20;67;epidermis;1825.5
Cell;B05_C_T_C01_Z20;68;cortex;4950
Cell;B05_C_T_C01_Z20;69;rootcapl2;517
Cell;B05_C_T_C01_Z20;70;cortex;6943.5
Cell;B05_C_T_C01_Z20;71;epidermis;820
Cell;B05_C_T_C01_Z20;72;rootcapl2;188.5
Cell;B05_C_T_C01_Z20;73;cortex;8708
Cell;B05_C_T_C01_Z20;74;cortex;6898
Cell;B05_C_T_C01_Z20;75;cortex;5153
Cell;B05_C_T_C01_Z20;76;cortex;4702
Cell;B05_C_T_C01_Z20;77;general;6461.5
Cell;B05_C_T_C01_Z20;78;endodermis;2484.5
Cell;B05_C_T_C01_Z20;79;rootcapl2;354.5
Cell;B05_C_T_C01_Z20;80;rootcapl2;163
Cell;B05_C_T_C01_Z20;81;epidermis;2194.5
Cell;B05_C_T_C01_Z20;82;endodermis;2017
Cell;B05_C_T_C01_Z20;83;endodermis;2381
Cell;B05_C_T_C01_Z20;84;rootcapl2;918
Cell;B05_C_T_C01_Z20;85;endodermis;1974
Cell;B05_C_T_C01_Z20;86;epidermis;1627.5
Cell;B05_C_T_C01_Z20;87;rootcapl2;472
Cell;B05_C_T_C01_Z20;88;endodermis;2353.5
Cell;B05_C_T_C01_Z20;89;pericycle;1528.5
Cell;B05_C_T_C01_Z20;90;cortex;5427
Cell;B05_C_T_C01_Z20;91;rootcapl2;562
Cell;B05_C_T_C01_Z20;92;pericycle;1772
Cell;B05_C_T_C01_Z20;93;cortex;5176.5
Cell;B05_C_T_C01_Z20;94;cortex;6101
Cell;B05_C_T_C01_Z20;95;endodermis;2575
Cell;B05_C_T_C01_Z20;96;pericycle;1716
Cell;B05_C_T_C01_Z20;97;endodermis;2764
Cell;B05_C_T_C01_Z20;98;general;4465
Cell;B05_C_T_C01_Z20;99;general;6398
Cell;B05_C_T_C01_Z20;100;epidermis;1027.5
Cell;B05_C_T_C01_Z20;101;epidermis;1090.5
Cell;B05_C_T_C01_Z20;102;rootcapl2;124
Cell;B05_C_T_C01_Z20;103;pericycle;1049.5
Cell;B05_C_T_C01_Z20;104;pericycle;2236.5
Cell;B05_C_T_C01_Z20;105;stele;972
Cell;B05_C_T_C01_Z20;106;rootcapl2;319.5
Cell;B05_C_T_C01_Z20;107;stele;670.5
Cell;B05_C_T_C01_Z20;108;cortex;1352
Cell;B05_C_T_C01_Z20;109;cortex;6043
Cell;B05_C_T_C01_Z20;110;pericycle;2414
Cell;B05_C_T_C01_Z20;111;cortex;9577.5
Cell;B05_C_T_C01_Z20;112;rootcapl2;821
Cell;B05_C_T_C01_Z20;113;stele;558
Cell;B05_C_T_C01_Z20;114;stele;510.5
Cell;B05_C_T_C01_Z20;115;cortex;5061.5
Cell;B05_C_T_C01_Z20;116;epidermis;1482
Cell;B05_C_T_C01_Z20;117;stele;509
Cell;B05_C_T_C01_Z20;118;endodermis;2738.5
Cell;B05_C_T_C01_Z20;119;stele;721.5
Cell;B05_C_T_C01_Z20;120;stele;677.5
Cell;B05_C_T_C01_Z20;121;epidermis;1723.5
Cell;B05_C_T_C01_Z20;122;pericycle;2022.5
Cell;B05_C_T_C01_Z20;123;pericycle;2334.5
Cell;B05_C_T_C01_Z20;124;columella3;656
Cell;B05_C_T_C01_Z20;125;stele;276.5
Cell;B05_C_T_C01_Z20;126;stele;552.5
Cell;B05_C_T_C01_Z20;127;endodermis;2859.5
Cell;B05_C_T_C01_Z20;128;cortex;5832.5
Cell;B05_C_T_C01_Z20;129;stele;406
Cell;B05_C_T_C01_Z20;130;stele;592
Cell;B05_C_T_C01_Z20;131;cortex;5091
Cell;B05_C_T_C01_Z20;132;stele;369
Cell;B05_C_T_C01_Z20;133;epidermis;1509.5
Cell;B05_C_T_C01_Z20;134;stele;494.5
Cell;B05_C_T_C01_Z20;135;cortex;5226.5
Cell;B05_C_T_C01_Z20;136;general;5554
Cell;B05_C_T_C01_Z20;137;stele;902.5
Cell;B05_C_T_C01_Z20;138;columella3;872
Cell;B05_C_T_C01_Z20;139;stele;473.5
Cell;B05_C_T_C01_Z20;140;stele;356.5
Cell;B05_C_T_C01_Z20;141;rootcapl2;366
Cell;B05_C_T_C01_Z20;142;stele;498
Cell;B05_C_T_C01_Z20;143;stele;703.5
Cell;B05_C_T_C01_Z20;144;stele;439
Cell;B05_C_T_C01_Z20;145;stele;330.5
Cell;B05_C_T_C01_Z20;146;rootcapl2;229
Cell;B05_C_T_C01_Z20;147;epidermis;1138
Cell;B05_C_T_C01_Z20;148;pericycle;1075.5
Cell;B05_C_T_C01_Z20;149;stele;395.5
Cell;B05_C_T_C01_Z20;150;stele;826
Cell;B05_C_T_C01_Z20;151;general;5986.5
Cell;B05_C_T_C01_Z20;152;endodermis;4211
Cell;B05_C_T_C01_Z20;153;stele;455.5
Cell;B05_C_T_C01_Z20;154;stele;672.5
Cell;B05_C_T_C01_Z20;155;stele;861
Cell;B05_C_T_C01_Z20;156;pericycle;1941.5
Cell;B05_C_T_C01_Z20;157;epidermis;2206.5
Cell;B05_C_T_C01_Z20;158;stele;639.5
Cell;B05_C_T_C01_Z20;159;endodermis;4092.5
Cell;B05_C_T_C01_Z20;160;columella3;691
Cell;B05_C_T_C01_Z20;161;stele;582.5
Cell;B05_C_T_C01_Z20;162;rootcapl2;629
Cell;B05_C_T_C01_Z20;163;stele;704
Cell;B05_C_T_C01_Z20;164;columella3;2241.5
Cell;B05_C_T_C01_Z20;165;stele;1074
Cell;B05_C_T_C01_Z20;166;pericycle;2298
Cell;B05_C_T_C01_Z20;167;cortex;5610.5
Cell;B05_C_T_C01_Z20;168;stele;209
Cell;B05_C_T_C01_Z20;169;stele;1277.5
Cell;B05_C_T_C01_Z20;170;stele;1085
Cell;B05_C_T_C01_Z20;171;epidermis;1543
Cell;B05_C_T_C01_Z20;172;cortex;5874
Cell;B05_C_T_C01_Z20;173;stele;459.5
Cell;B05_C_T_C01_Z20;174;stele;575
Cell;B05_C_T_C01_Z20;175;stele;650.5
Cell;B05_C_T_C01_Z20;176;stele;806
Cell;B05_C_T_C01_Z20;177;general;1178.5
Cell;B05_C_T_C01_Z20;178;cortex;10093
Cell;B05_C_T_C01_Z20;179;stele;907.5
Cell;B05_C_T_C01_Z20;180;pericycle;1804.5
Cell;B05_C_T_C01_Z20;181;stele;574.5
Cell;B05_C_T_C01_Z20;182;stele;1352.5
Cell;B05_C_T_C01_Z20;183;stele;337
Cell;B05_C_T_C01_Z20;184;general;5219.5
Cell;B05_C_T_C01_Z20;185;epidermis;1156
Cell;B05_C_T_C01_Z20;186;stele;414
Cell;B05_C_T_C01_Z20;187;rootcapl2;232.5
Cell;B05_C_T_C01_Z20;188;pericycle;2647
Cell;B05_C_T_C01_Z20;189;cortex;1993.5
Cell;B05_C_T_C01_Z20;190;stele;322.5
Cell;B05_C_T_C01_Z20;191;cortex;5897.5
Cell;B05_C_T_C01_Z20;192;stele;838
Cell;B05_C_T_C01_Z20;193;stele;659
Cell;B05_C_T_C01_Z20;194;stele;232
Cell;B05_C_T_C01_Z20;195;stele;869
Cell;B05_C_T_C01_Z20;196;endodermis;3481
Cell;B05_C_T_C01_Z20;197;stele;791
Cell;B05_C_T_C01_Z20;198;stele;576.5
Cell;B05_C_T_C01_Z20;199;stele;453.5
Cell;B05_C_T_C01_Z20;200;stele;161.5
Cell;B05_C_T_C01_Z20;201;stele;440
Cell;B05_C_T_C01_Z20;202;epidermis;1271.5
Cell;B05_C_T_C01_Z20;203;stele;750.5
Cell;B05_C_T_C01_Z20;204;stele;771
Cell;B05_C_T_C01_Z20;205;stele;918
Cell;B05_C_T_C01_Z20;206;columella3;3454.5
Cell;B05_C_T_C01_Z20;207;pericycle;2191.5
Cell;B05_C_T_C01_Z20;208;stele;463.5
Cell;B05_C_T_C01_Z20;209;stele;591
Cell;B05_C_T_C01_Z20;210;endodermis;3208.5
Cell;B05_C_T_C01_Z20;211;cortex;3882
Cell;B05_C_T_C01_Z20;212;stele;341
Cell;B05_C_T_C01_Z20;213;general;3899
Cell;B05_C_T_C01_Z20;214;stele;1221
Cell;B05_C_T_C01_Z20;215;epidermis;857.5
Cell;B05_C_T_C01_Z20;216;stele;288
Cell;B05_C_T_C01_Z20;217;stele;1001
Cell;B05_C_T_C01_Z20;218;stele;318
Cell;B05_C_T_C01_Z20;219;stele;667.5
Cell;B05_C_T_C01_Z20;220;stele;1141.5
Cell;B05_C_T_C01_Z20;221;stele;453
Cell;B05_C_T_C01_Z20;222;stele;592.5
Cell;B05_C_T_C01_Z20;223;cortex;5568.5
Cell;B05_C_T_C01_Z20;224;stele;1423
Cell;B05_C_T_C01_Z20;225;pericycle;3378
Cell;B05_C_T_C01_Z20;226;stele;461.5
Cell;B05_C_T_C01_Z20;227;stele;944.5
Cell;B05_C_T_C01_Z20;228;stele;461.5
Cell;B05_C_T_C01_Z20;229;epidermis;1275.5
Cell;B05_C_T_C01_Z20;230;columella3;5381
Cell;B05_C_T_C01_Z20;231;general;7863.5
Cell;B05_C_T_C01_Z20;232;rootcapl2;626
Cell;B05_C_T_C01_Z20;233;cortex;8716.5
Cell;B05_C_T_C01_Z20;234;stele;551.5
Cell;B05_C_T_C01_Z20;235;stele;1228.5
Cell;B05_C_T_C01_Z20;236;cortex;6235
Cell;B05_C_T_C01_Z20;237;epidermis;1520
Cell;B05_C_T_C01_Z20;238;stele;339.5
Cell;B05_C_T_C01_Z20;239;stele;539.5
Cell;B05_C_T_C01_Z20;240;pericycle;3151.5
Cell;B05_C_T_C01_Z20;241;endodermis;3284.5
Cell;B05_C_T_C01_Z20;242;stele;473.5
Cell;B05_C_T_C01_Z20;243;stele;1006.5
Cell;B05_C_T_C01_Z20;244;cortex;2906
Cell;B05_C_T_C01_Z20;245;stele;723.5
Cell;B05_C_T_C01_Z20;246;stele;937
Cell;B05_C_T_C01_Z20;247;stele;918
Cell;B05_C_T_C01_Z20;248;columella3;2354.5
Cell;B05_C_T_C01_Z20;249;stele;765
Cell;B05_C_T_C01_Z20;250;rootcapl2;672
Cell;B05_C_T_C01_Z20;251;stele;286
Cell;B05_C_T_C01_Z20;252;stele;676.5
Cell;B05_C_T_C01_Z20;253;columella3;2519
Cell;B05_C_T_C01_Z20;254;stele;106.5
Cell;B05_C_T_C01_Z20;255;endodermis;3756.5
Cell;B05_C_T_C01_Z20;256;cortex;6825
Cell;B05_C_T_C01_Z20;257;stele;300.5
Cell;B05_C_T_C01_Z20;258;stele;363.5
Cell;B05_C_T_C01_Z20;259;general;8493.5
Cell;B05_C_T_C01_Z20;260;stele;361.5
Cell;B05_C_T_C01_Z20;261;stele;631
Cell;B05_C_T_C01_Z20;262;cortex;4670
Cell;B05_C_T_C01_Z20;263;stele;273.5
Cell;B05_C_T_C01_Z20;264;epidermis;1099.5
Cell;B05_C_T_C01_Z20;265;stele;247.5
Cell;B05_C_T_C01_Z20;266;stele;483
Cell;B05_C_T_C01_Z20;267;stele;464.5
Cell;B05_C_T_C01_Z20;268;stele;467
Cell;B05_C_T_C01_Z20;269;stele;505.5
Cell;B05_C_T_C01_Z20;270;stele;654
Cell;B05_C_T_C01_Z20;271;epidermis;946.5
Cell;B05_C_T_C01_Z20;272;stele;453
Cell;B05_C_T_C01_Z20;273;stele;551.5
Cell;B05_C_T_C01_Z20;274;pericycle;3006
Cell;B05_C_T_C01_Z20;275;stele;386
Cell;B05_C_T_C01_Z20;276;stele;356.5
Cell;B05_C_T_C01_Z20;277;stele;930
Cell;B05_C_T_C01_Z20;278;general;7086.5
Cell;B05_C_T_C01_Z20;279;stele;225
Cell;B05_C_T_C01_Z20;280;stele;1318.5
Cell;B05_C_T_C01_Z20;281;stele;247.5
Cell;B05_C_T_C01_Z20;282;stele;993
Cell;B05_C_T_C01_Z20;283;stele;553.5
Cell;B05_C_T_C01_Z20;284;cortex;6090
Cell;B05_C_T_C01_Z20;285;stele;385.5
Cell;B05_C_T_C01_Z20;286;stele;529.5
Cell;B05_C_T_C01_Z20;287;pericycle;2766.5
Cell;B05_C_T_C01_Z20;288;stele;905
Cell;B05_C_T_C01_Z20;289;columella3;3115
Cell;B05_C_T_C01_Z20;290;stele;637
Cell;B05_C_T_C01_Z20;291;cortex;3559
Cell;B05_C_T_C01_Z20;292;stele;1056
Cell;B05_C_T_C01_Z20;293;cortex;6028
Cell;B05_C_T_C01_Z20;294;stele;414.5
Cell;B05_C_T_C01_Z20;295;epidermis;2370
Cell;B05_C_T_C01_Z20;296;stele;491
Cell;B05_C_T_C01_Z20;297;stele;169.5
Cell;B05_C_T_C01_Z20;298;epidermis;1893.5
Cell;B05_C_T_C01_Z20;299;stele;1194.5
Cell;B05_C_T_C01_Z20;300;stele;794.5
Cell;B05_C_T_C01_Z20;301;cortex;4390.5
Cell;B05_C_T_C01_Z20;302;endodermis;2293.5
Cell;B05_C_T_C01_Z20;303;stele;428.5
Cell;B05_C_T_C01_Z20;304;cortex;4118.5
Cell;B05_C_T_C01_Z20;305;rootcapl2;771.5
Cell;B05_C_T_C01_Z20;306;pericycle;2207.5
Cell;B05_C_T_C01_Z20;307;stele;449
Cell;B05_C_T_C01_Z20;308;stele;249.5
Cell;B05_C_T_C01_Z20;309;stele;681.5
Cell;B05_C_T_C01_Z20;310;stele;365.5
Cell;B05_C_T_C01_Z20;311;stele;437.5
Cell;B05_C_T_C01_Z20;312;stele;1047
Cell;B05_C_T_C01_Z20;313;endodermis;2605.5
Cell;B05_C_T_C01_Z20;314;stele;795.5
Cell;B05_C_T_C01_Z20;315;stele;173
Cell;B05_C_T_C01_Z20;316;general;2938
Cell;B05_C_T_C01_Z20;317;stele;261.5
Cell;B05_C_T_C01_Z20;318;epidermis;967
Cell;B05_C_T_C01_Z20;319;stele;637.5
Cell;B05_C_T_C01_Z20;320;rootcapl2;613.5
Cell;B05_C_T_C01_Z20;321;stele;678.5
Cell;B05_C_T_C01_Z20;322;stele;391.5
Cell;B05_C_T_C01_Z20;323;pericycle;2197
Cell;B05_C_T_C01_Z20;324;stele;569
Cell;B05_C_T_C01_Z20;325;stele;819
Cell;B05_C_T_C01_Z20;326;stele;204.5
Cell;B05_C_T_C01_Z20;327;stele;608.5
Cell;B05_C_T_C01_Z20;328;stele;166.5
Cell;B05_C_T_C01_Z20;329;stele;309
Cell;B05_C_T_C01_Z20;330;pericycle;2399
Cell;B05_C_T_C01_Z20;331;epidermis;3281
Cell;B05_C_T_C01_Z20;332;cortex;3021.5
Cell;B05_C_T_C01_Z20;333;columella3;1557.5
Cell;B05_C_T_C01_Z20;334;cortex;4709.5
Cell;B05_C_T_C01_Z20;335;stele;726
Cell;B05_C_T_C01_Z20;336;stele;304.5
Cell;B05_C_T_C01_Z20;337;epidermis;1837.5
Cell;B05_C_T_C01_Z20;338;endodermis;3145.5
Cell;B05_C_T_C01_Z20;339;stele;451
Cell;B05_C_T_C01_Z20;340;stele;561.5
Cell;B05_C_T_C01_Z20;341;general;9125.5
Cell;B05_C_T_C01_Z20;342;stele;578.5
Cell;B05_C_T_C01_Z20;343;stele;400.5
Cell;B05_C_T_C01_Z20;344;stele;783
Cell;B05_C_T_C01_Z20;345;stele;234
Cell;B05_C_T_C01_Z20;346;stele;311
Cell;B05_C_T_C01_Z20;347;cortex;2824
Cell;B05_C_T_C01_Z20;348;stele;674
Cell;B05_C_T_C01_Z20;349;cortex;4059.5
Cell;B05_C_T_C01_Z20;350;pericycle;2669.5
Cell;B05_C_T_C01_Z20;351;endodermis;2522.5
Cell;B05_C_T_C01_Z20;352;cortex;6801.5
Cell;B05_C_T_C01_Z20;353;stele;312
Cell;B05_C_T_C01_Z20;354;stele;595
Cell;B05_C_T_C01_Z20;355;stele;753.5
Cell;B05_C_T_C01_Z20;356;epidermis;1370
Cell;B05_C_T_C01_Z20;357;stele;385
Cell;B05_C_T_C01_Z20;358;pericycle;2000
Cell;B05_C_T_C01_Z20;359;cortex;6077.5
Cell;B05_C_T_C01_Z20;360;cortex;4237.5
Cell;B05_C_T_C01_Z20;361;stele;516.5
Cell;B05_C_T_C01_Z20;362;stele;717
Cell;B05_C_T_C01_Z20;363;stele;372.5
Cell;B05_C_T_C01_Z20;364;endodermis;2484
Cell;B05_C_T_C01_Z20;365;stele;285.5
Cell;B05_C_T_C01_Z20;366;rootcapl2;695
Cell;B05_C_T_C01_Z20;367;stele;704
Cell;B05_C_T_C01_Z20;368;rootcapl2;683.5
Cell;B05_C_T_C01_Z20;369;stele;324
Cell;B05_C_T_C01_Z20;370;stele;294
Cell;B05_C_T_C01_Z20;371;pericycle;1647
Cell;B05_C_T_C01_Z20;372;rootcapl2;531
Cell;B05_C_T_C01_Z20;373;epidermis;1269
Cell;B05_C_T_C01_Z20;374;pericycle;1635
Cell;B05_C_T_C01_Z20;375;epidermis;1747
Cell;B05_C_T_C01_Z20;376;general;12193
Cell;B05_C_T_C01_Z20;377;stele;610.5
Cell;B05_C_T_C01_Z20;378;cortex;6253
Cell;B05_C_T_C01_Z20;379;stele;327.5
Cell;B05_C_T_C01_Z20;380;stele;301
Cell;B05_C_T_C01_Z20;381;stele;509.5
Cell;B05_C_T_C01_Z20;382;stele;222.5
Cell;B05_C_T_C01_Z20;383;endodermis;2308.5
Cell;B05_C_T_C01_Z20;384;pericycle;738.5
Cell;B05_C_T_C01_Z20;385;endodermis;2434
Cell;B05_C_T_C01_Z20;386;cortex;4163
Cell;B05_C_T_C01_Z20;387;cortex;3243
Cell;B05_C_T_C01_Z20;388;pericycle;1897
Cell;B05_C_T_C01_Z20;389;pericycle;1707
Cell;B05_C_T_C01_Z20;390;rootcapl2;437
Cell;B05_C_T_C01_Z20;391;general;8320.5
Cell;B05_C_T_C01_Z20;392;general;5721.5
Cell;B05_C_T_C01_Z20;393;endodermis;2615.5
Cell;B05_C_T_C01_Z20;394;cortex;5029
Cell;B05_C_T_C01_Z20;395;epidermis;1714.5
Cell;B05_C_T_C01_Z20;396;endodermis;2392
Cell;B05_C_T_C01_Z20;397;cortex;4060.5
Cell;B05_C_T_C01_Z20;398;cortex;4108.5
Cell;B05_C_T_C01_Z20;399;epidermis;1615
Cell;B05_C_T_C01_Z20;400;endodermis;2084.5
Cell;B05_C_T_C01_Z20;401;rootcapl2;544
Cell;B05_C_T_C01_Z20;402;cortex;4610.5
Cell;B05_C_T_C01_Z20;403;endodermis;2192.5
Cell;B05_C_T_C01_Z20;404;rootcapl2;405.5
Cell;B05_C_T_C01_Z20;405;rootcapl2;331
Cell;B05_C_T_C01_Z20;406;cortex;7245.5
Cell;B05_C_T_C01_Z20;407;cortex;4215.5
Cell;B05_C_T_C01_Z20;408;rootcapl2;635.5
Cell;B05_C_T_C01_Z20;409;cortex;3829.5
Cell;B05_C_T_C01_Z20;410;general;5817.5
Cell;B05_C_T_C01_Z20;411;cortex;4029.5
Cell;B05_C_T_C01_Z20;412;epidermis;943.5
Cell;B05_C_T_C01_Z20;413;rootcapl2;184
Cell;B05_C_T_C01_Z20;414;rootcapl2;421.5
Cell;B05_C_T_C01_Z20;415;cortex;2941.5
Cell;B05_C_T_C01_Z20;416;rootcapl2;598
Cell;B05_C_T_C01_Z20;417;cortex;6128.5
Cell;B05_C_T_C01_Z20;418;epidermis;930
Cell;B05_C_T_C01_Z20;419;cortex;4509
Cell;B05_C_T_C01_Z20;420;rootcapl2;555
Cell;B05_C_T_C01_Z20;421;epidermis;2612
Cell;B05_C_T_C01_Z20;422;epidermis;2533.5
Cell;B05_C_T_C01_Z20;423;general;12905
Cell;B05_C_T_C01_Z20;424;cortex;7141
Cell;B05_C_T_C01_Z20;425;rootcapl2;287.5
Cell;B05_C_T_C01_Z20;426;cortex;7693
Cell;B05_C_T_C01_Z20;427;rootcapl2;781.5
Cell;B05_C_T_C01_Z20;428;cortex;5868
Cell;B05_C_T_C01_Z20;429;rootcapl2;595
Cell;B05_C_T_C01_Z20;430;general;15854
Cell;B05_C_T_C01_Z20;431;rootcapl2;543
Cell;B05_C_T_C01_Z20;432;epidermis;1359
Cell;B05_C_T_C01_Z20;433;epidermis;1306.5
Cell;B05_C_T_C01_Z20;434;cortex;4686.5
Cell;B05_C_T_C01_Z20;435;rootcapl2;461
Cell;B05_C_T_C01_Z20;436;cortex;5666
Cell;B05_C_T_C01_Z20;437;cortex;6386.5
Cell;B05_C_T_C01_Z20;438;epidermis;2320
Cell;B05_C_T_C01_Z20;439;cortex;8099.5
Cell;B05_C_T_C01_Z20;440;cortex;3214.5
Cell;B05_C_T_C01_Z20;441;general;6316.5
Cell;B05_C_T_C01_Z20;442;epidermis;2212.5
Cell;B05_C_T_C01_Z20;443;cortex;7620
Cell;B05_C_T_C01_Z20;444;cortex;5909
Cell;B05_C_T_C01_Z20;445;cortex;8058
Cell;B05_C_T_C01_Z20;446;general;7974
Cell;B05_C_T_C01_Z20;447;epidermis;2040
Cell;B05_C_T_C01_Z20;448;general;7980
Cell;B05_C_T_C01_Z20;449;epidermis;820
Cell;B05_C_T_C01_Z20;450;epidermis;2905.5
Cell;B05_C_T_C01_Z20;451;epidermis;978.5
Cell;B05_C_T_C01_Z20;452;general;4157.5
Cell;B05_C_T_C01_Z20;453;general;5745
Cell;B05_C_T_C01_Z20;454;epidermis;2155.5
Cell;B05_C_T_C01_Z20;455;epidermis;2324
Cell;B05_C_T_C01_Z20;456;general;6008
Cell;B05_C_T_C01_Z20;457;epidermis;701
Cell;B05_C_T_C01_Z20;458;general;5388.5
Cell;B05_C_T_C01_Z20;459;general;2438.5
Cell;B05_C_T_C01_Z20;460;epidermis;1804
Cell;B05_C_T_C01_Z20;461;epidermis;1422
Cell;B05_C_T_C01_Z20;462;general;2939.5
Cell;B05_C_T_C01_Z20;463;epidermis;2264.5
Cell;B05_C_T_C01_Z20;464;epidermis;1163
Cell;B05_C_T_C01_Z20;465;epidermis;1012
Cell;B05_C_T_C01_Z20;466;epidermis;2715.5
Cell;B05_C_T_C01_Z20;467;epidermis;1613
Cell;B05_C_T_C01_Z20;468;epidermis;1557.5
Cell;B05_C_T_C01_Z20;469;epidermis;2073.5
Cell;B05_C_T_C01_Z20;470;epidermis;1838.5
Cell;B05_C_T_C01_Z20;471;epidermis;2034.5
Cell;B05_C_T_C01_Z20;472;epidermis;562.5
Cell;P04_D_T_C01_Z20;0;general;6625.5
Cell;P04_D_T_C01_Z20;1;general;5131
Cell;P04_D_T_C01_Z20;2;general;5068.5
Cell;P04_D_T_C01_Z20;3;general;17093
Cell;P04_D_T_C01_Z20;4;epidermis;2210.5
Cell;P04_D_T_C01_Z20;5;general;11933
Cell;P04_D_T_C01_Z20;6;general;11933
Cell;P04_D_T_C01_Z20;7;general;16001
Cell;P04_D_T_C01_Z20;8;epidermis;1565.5
Cell;P04_D_T_C01_Z20;9;general;20871.5
Cell;P04_D_T_C01_Z20;10;epidermis;2442.5
Cell;P04_D_T_C01_Z20;11;cortex;10429.5
Cell;P04_D_T_C01_Z20;12;cortex;12394.5
Cell;P04_D_T_C01_Z20;13;general;17225.5
Cell;P04_D_T_C01_Z20;14;cortex;4791.5
Cell;P04_D_T_C01_Z20;15;epidermis;3336
Cell;P04_D_T_C01_Z20;16;cortex;9124.5
Cell;P04_D_T_C01_Z20;17;cortex;9734.5
Cell;P04_D_T_C01_Z20;18;cortex;9370
Cell;P04_D_T_C01_Z20;19;rootcapl2;133
Cell;P04_D_T_C01_Z20;20;epidermis;2721
Cell;P04_D_T_C01_Z20;21;general;18254
Cell;P04_D_T_C01_Z20;22;cortex;7444.5
Cell;P04_D_T_C01_Z20;23;rootcapl2;1293.5
Cell;P04_D_T_C01_Z20;24;general;16566.5
Cell;P04_D_T_C01_Z20;25;cortex;8885.5
Cell;P04_D_T_C01_Z20;26;rootcapl2;394
Cell;P04_D_T_C01_Z20;27;cortex;12174
Cell;P04_D_T_C01_Z20;28;cortex;4320
Cell;P04_D_T_C01_Z20;29;cortex;7696.5
Cell;P04_D_T_C01_Z20;30;rootcapl2;225.5
Cell;P04_D_T_C01_Z20;31;cortex;11152.5
Cell;P04_D_T_C01_Z20;32;cortex;7920.5
Cell;P04_D_T_C01_Z20;33;cortex;8502
Cell;P04_D_T_C01_Z20;34;epidermis;2659.5
Cell;P04_D_T_C01_Z20;35;rootcapl2;879
Cell;P04_D_T_C01_Z20;36;rootcapl2;1339
Cell;P04_D_T_C01_Z20;37;general;22119
Cell;P04_D_T_C01_Z20;38;rootcapl2;1472
Cell;P04_D_T_C01_Z20;39;rootcapl2;1112
Cell;P04_D_T_C01_Z20;40;general;13230
Cell;P04_D_T_C01_Z20;41;cortex;9601.5
Cell;P04_D_T_C01_Z20;42;epidermis;2373
Cell;P04_D_T_C01_Z20;43;endodermis;8570.5
Cell;P04_D_T_C01_Z20;44;rootcapl2;343.5
Cell;P04_D_T_C01_Z20;45;endodermis;10428.5
Cell;P04_D_T_C01_Z20;46;cortex;9685
Cell;P04_D_T_C01_Z20;47;cortex;8438
Cell;P04_D_T_C01_Z20;48;cortex;7009
Cell;P04_D_T_C01_Z20;49;rootcapl2;1170
Cell;P04_D_T_C01_Z20;50;cortex;3375.5
Cell;P04_D_T_C01_Z20;51;endodermis;3927.5
Cell;P04_D_T_C01_Z20;52;rootcapl2;1200
Cell;P04_D_T_C01_Z20;53;epidermis;1882
Cell;P04_D_T_C01_Z20;54;rootcapl2;371.5
Cell;P04_D_T_C01_Z20;55;cortex;3896.5
Cell;P04_D_T_C01_Z20;56;endodermis;3640.5
Cell;P04_D_T_C01_Z20;57;rootcapl2;684.5
Cell;P04_D_T_C01_Z20;58;epidermis;1610
Cell;P04_D_T_C01_Z20;59;pericycle;4144.5
Cell;P04_D_T_C01_Z20;60;cortex;7821.5
Cell;P04_D_T_C01_Z20;61;endodermis;5689.5
Cell;P04_D_T_C01_Z20;62;epidermis;1404
Cell;P04_D_T_C01_Z20;63;general;11910.5
Cell;P04_D_T_C01_Z20;64;pericycle;3567
Cell;P04_D_T_C01_Z20;65;cortex;10245.5
Cell;P04_D_T_C01_Z20;66;rootcapl2;771.5
Cell;P04_D_T_C01_Z20;67;endodermis;2984
Cell;P04_D_T_C01_Z20;68;cortex;7985
Cell;P04_D_T_C01_Z20;69;cortex;7602
Cell;P04_D_T_C01_Z20;70;pericycle;5074
Cell;P04_D_T_C01_Z20;71;general;14033.5
Cell;P04_D_T_C01_Z20;72;pericycle;2761
Cell;P04_D_T_C01_Z20;73;rootcapl2;1598
Cell;P04_D_T_C01_Z20;74;rootcapl2;635
Cell;P04_D_T_C01_Z20;75;cortex;3710.5
Cell;P04_D_T_C01_Z20;76;stele;477
Cell;P04_D_T_C01_Z20;77;epidermis;1190
Cell;P04_D_T_C01_Z20;78;rootcapl2;1379.5
Cell;P04_D_T_C01_Z20;79;stele;1403
Cell;P04_D_T_C01_Z20;80;pericycle;3844
Cell;P04_D_T_C01_Z20;81;stele;1358.5
Cell;P04_D_T_C01_Z20;82;epidermis;1930
Cell;P04_D_T_C01_Z20;83;endodermis;5069
Cell;P04_D_T_C01_Z20;84;stele;253.5
Cell;P04_D_T_C01_Z20;85;endodermis;4611.5
Cell;P04_D_T_C01_Z20;86;cortex;17413.5
Cell;P04_D_T_C01_Z20;87;stele;765.5
Cell;P04_D_T_C01_Z20;88;pericycle;2878.5
Cell;P04_D_T_C01_Z20;89;stele;1003
Cell;P04_D_T_C01_Z20;90;rootcapl2;1087.5
Cell;P04_D_T_C01_Z20;91;stele;426
Cell;P04_D_T_C01_Z20;92;epidermis;1193.5
Cell;P04_D_T_C01_Z20;93;stele;267
Cell;P04_D_T_C01_Z20;94;stele;254
Cell;P04_D_T_C01_Z20;95;stele;1234.5
Cell;P04_D_T_C01_Z20;96;general;12967.5
Cell;P04_D_T_C01_Z20;97;cortex;14614.5
Cell;P04_D_T_C01_Z20;98;stele;721.5
Cell;P04_D_T_C01_Z20;99;pericycle;3719.5
Cell;P04_D_T_C01_Z20;100;stele;469
Cell;P04_D_T_C01_Z20;101;stele;261.5
Cell;P04_D_T_C01_Z20;102;stele;333.5
Cell;P04_D_T_C01_Z20;103;cortex;7116.5
Cell;P04_D_T_C01_Z20;104;stele;622.5
Cell;P04_D_T_C01_Z20;105;stele;458.5
Cell;P04_D_T_C01_Z20;106;stele;587.5
Cell;P04_D_T_C01_Z20;107;epidermis;1327
Cell;P04_D_T_C01_Z20;108;stele;279.5
Cell;P04_D_T_C01_Z20;109;stele;799
Cell;P04_D_T_C01_Z20;110;stele;413
Cell;P04_D_T_C01_Z20;111;cortex;9190
Cell;P04_D_T_C01_Z20;112;rootcapl2;711.5
Cell;P04_D_T_C01_Z20;113;stele;1096.5
Cell;P04_D_T_C01_Z20;114;stele;1332
Cell;P04_D_T_C01_Z20;115;endodermis;7937.5
Cell;P04_D_T_C01_Z20;116;stele;1218
Cell;P04_D_T_C01_Z20;117;stele;860
Cell;P04_D_T_C01_Z20;118;pericycle;3723.5
Cell;P04_D_T_C01_Z20;119;stele;482
Cell;P04_D_T_C01_Z20;120;general;16426
Cell;P04_D_T_C01_Z20;121;stele;437
Cell;P04_D_T_C01_Z20;122;stele;530.5
Cell;P04_D_T_C01_Z20;123;stele;468
Cell;P04_D_T_C01_Z20;124;stele;794
Cell;P04_D_T_C01_Z20;125;stele;1216
Cell;P04_D_T_C01_Z20;126;stele;310.5
Cell;P04_D_T_C01_Z20;127;stele;647
Cell;P04_D_T_C01_Z20;128;stele;509.5
Cell;P04_D_T_C01_Z20;129;stele;598
Cell;P04_D_T_C01_Z20;130;epidermis;2490.5
Cell;P04_D_T_C01_Z20;131;endodermis;5462
Cell;P04_D_T_C01_Z20;132;stele;1360
Cell;P04_D_T_C01_Z20;133;columella3;3180
Cell;P04_D_T_C01_Z20;134;stele;552.5
Cell;P04_D_T_C01_Z20;135;pericycle;3121.5
Cell;P04_D_T_C01_Z20;136;stele;620.5
Cell;P04_D_T_C01_Z20;137;stele;1420
Cell;P04_D_T_C01_Z20;138;columella3;1340.5
Cell;P04_D_T_C01_Z20;139;stele;1129
Cell;P04_D_T_C01_Z20;140;stele;649
Cell;P04_D_T_C01_Z20;141;stele;1025.5
Cell;P04_D_T_C01_Z20;142;stele;508
Cell;P04_D_T_C01_Z20;143;stele;447
Cell;P04_D_T_C01_Z20;144;stele;439.5
Cell;P04_D_T_C01_Z20;145;rootcapl2;1080
Cell;P04_D_T_C01_Z20;146;stele;482
Cell;P04_D_T_C01_Z20;147;rootcapl2;1173.5
Cell;P04_D_T_C01_Z20;148;rootcapl2;879
Cell;P04_D_T_C01_Z20;149;stele;603
Cell;P04_D_T_C01_Z20;150;cortex;11303.5
Cell;P04_D_T_C01_Z20;151;stele;310
Cell;P04_D_T_C01_Z20;152;pericycle;2383.5
Cell;P04_D_T_C01_Z20;153;cortex;9382.5
Cell;P04_D_T_C01_Z20;154;stele;1296.5
Cell;P04_D_T_C01_Z20;155;columella3;1233.5
Cell;P04_D_T_C01_Z20;156;stele;895.5
Cell;P04_D_T_C01_Z20;157;stele;1799.5
Cell;P04_D_T_C01_Z20;158;pericycle;3787
Cell;P04_D_T_C01_Z20;159;stele;800.5
Cell;P04_D_T_C01_Z20;160;stele;1315.5
Cell;P04_D_T_C01_Z20;161;stele;779
Cell;P04_D_T_C01_Z20;162;cortex;20590.5
Cell;P04_D_T_C01_Z20;163;general;9796.5
Cell;P04_D_T_C01_Z20;164;columella3;3710.5
Cell;P04_D_T_C01_Z20;165;cortex;11455.5
Cell;P04_D_T_C01_Z20;166;stele;515
Cell;P04_D_T_C01_Z20;167;endodermis;4844
Cell;P04_D_T_C01_Z20;168;stele;1382
Cell;P04_D_T_C01_Z20;169;stele;1085.5
Cell;P04_D_T_C01_Z20;170;columella3;2482
Cell;P04_D_T_C01_Z20;171;stele;516.5
Cell;P04_D_T_C01_Z20;172;stele;701
Cell;P04_D_T_C01_Z20;173;stele;1579.5
Cell;P04_D_T_C01_Z20;174;endodermis;6139
Cell;P04_D_T_C01_Z20;175;stele;577
Cell;P04_D_T_C01_Z20;176;pericycle;2098.5
Cell;P04_D_T_C01_Z20;177;stele;1430
Cell;P04_D_T_C01_Z20;178;stele;1752.5
Cell;P04_D_T_C01_Z20;179;general;17575.5
Cell;P04_D_T_C01_Z20;180;stele;649.5
Cell;P04_D_T_C01_Z20;181;stele;732.5
Cell;P04_D_T_C01_Z20;182;stele;1573.5
Cell;P04_D_T_C01_Z20;183;stele;1285
Cell;P04_D_T_C01_Z20;184;columella3;6309.5
Cell;P04_D_T_C01_Z20;185;stele;942
Cell;P04_D_T_C01_Z20;186;stele;985.5
Cell;P04_D_T_C01_Z20;187;stele;1026
Cell;P04_D_T_C01_Z20;189;general;14834.5
Cell;P04_D_T_C01_Z20;190;pericycle;1750.5
Cell;P04_D_T_C01_Z20;191;stele;481
Cell;P04_D_T_C01_Z20;192;stele;525.5
Cell;P04_D_T_C01_Z20;193;endodermis;4350
Cell;P04_D_T_C01_Z20;194;stele;667.5
Cell;P04_D_T_C01_Z20;195;stele;242.5
Cell;P04_D_T_C01_Z20;196;pericycle;1813
Cell;P04_D_T_C01_Z20;197;stele;1372
Cell;P04_D_T_C01_Z20;198;cortex;8761
Cell;P04_D_T_C01_Z20;199;stele;853
Cell;P04_D_T_C01_Z20;200;pericycle;2672.5
Cell;P04_D_T_C01_Z20;201;stele;1743
Cell;P04_D_T_C01_Z20;202;stele;932.5
Cell;P04_D_T_C01_Z20;204;cortex;12323.5
Cell;P04_D_T_C01_Z20;205;stele;1564
Cell;P04_D_T_C01_Z20;206;stele;925.5
Cell;P04_D_T_C01_Z20;207;stele;798.5
Cell;P04_D_T_C01_Z20;208;stele;995.5
Cell;P04_D_T_C01_Z20;209;endodermis;4035
Cell;P04_D_T_C01_Z20;210;columella3;9799
Cell;P04_D_T_C01_Z20;211;stele;1314
Cell;P04_D_T_C01_Z20;212;stele;957.5
Cell;P04_D_T_C01_Z20;213;rootcapl2;1063.5
Cell;P04_D_T_C01_Z20;214;stele;467
Cell;P04_D_T_C01_Z20;216;pericycle;2742.5
Cell;P04_D_T_C01_Z20;217;pericycle;1488
Cell;P04_D_T_C01_Z20;218;pericycle;3288.5
Cell;P04_D_T_C01_Z20;219;rootcapl2;244
Cell;P04_D_T_C01_Z20;220;cortex;6198
Cell;P04_D_T_C01_Z20;221;endodermis;5861
Cell;P04_D_T_C01_Z20;222;stele;967
Cell;P04_D_T_C01_Z20;223;stele;1906
Cell;P04_D_T_C01_Z20;224;stele;920
Cell;P04_D_T_C01_Z20;225;rootcapl2;1711
Cell;P04_D_T_C01_Z20;226;stele;285
Cell;P04_D_T_C01_Z20;227;stele;582.5
Cell;P04_D_T_C01_Z20;228;cortex;17058.5
Cell;P04_D_T_C01_Z20;229;stele;1075.5
Cell;P04_D_T_C01_Z20;230;stele;937
Cell;P04_D_T_C01_Z20;231;stele;963
Cell;P04_D_T_C01_Z20;232;stele;405
Cell;P04_D_T_C01_Z20;233;stele;1163
Cell;P04_D_T_C01_Z20;234;stele;296.5
Cell;P04_D_T_C01_Z20;235;endodermis;8928.5
Cell;P04_D_T_C01_Z20;236;general;15139.5
Cell;P04_D_T_C01_Z20;237;stele;716.5
Cell;P04_D_T_C01_Z20;238;stele;797.5
Cell;P04_D_T_C01_Z20;239;pericycle;4327
Cell;P04_D_T_C01_Z20;240;stele;438.5
Cell;P04_D_T_C01_Z20;241;general;21228
Cell;P04_D_T_C01_Z20;242;stele;886
Cell;P04_D_T_C01_Z20;243;cortex;8728
Cell;P04_D_T_C01_Z20;244;stele;483.5
Cell;P04_D_T_C01_Z20;245;stele;301.5
Cell;P04_D_T_C01_Z20;246;rootcapl2;590.5
Cell;P04_D_T_C01_Z20;247;stele;930
Cell;P04_D_T_C01_Z20;248;stele;284.5
Cell;P04_D_T_C01_Z20;249;stele;1134
Cell;P04_D_T_C01_Z20;250;stele;439.5
Cell;P04_D_T_C01_Z20;251;stele;241
Cell;P04_D_T_C01_Z20;252;stele;536.5
Cell;P04_D_T_C01_Z20;253;stele;359.5
Cell;P04_D_T_C01_Z20;254;stele;344
Cell;P04_D_T_C01_Z20;255;cortex;15701
Cell;P04_D_T_C01_Z20;256;stele;430
Cell;P04_D_T_C01_Z20;257;stele;410
Cell;P04_D_T_C01_Z20;258;pericycle;3736.5
Cell;P04_D_T_C01_Z20;259;stele;236
Cell;P04_D_T_C01_Z20;260;stele;724.5
Cell;P04_D_T_C01_Z20;261;endodermis;7624
Cell;P04_D_T_C01_Z20;262;cortex;11318.5
Cell;P04_D_T_C01_Z20;263;stele;206
Cell;P04_D_T_C01_Z20;264;stele;423
Cell;P04_D_T_C01_Z20;265;stele;895.5
Cell;P04_D_T_C01_Z20;266;stele;431.5
Cell;P04_D_T_C01_Z20;267;stele;691.5
Cell;P04_D_T_C01_Z20;268;stele;436.5
Cell;P04_D_T_C01_Z20;269;stele;598
Cell;P04_D_T_C01_Z20;270;stele;434.5
Cell;P04_D_T_C01_Z20;271;stele;261.5
Cell;P04_D_T_C01_Z20;272;stele;483.5
Cell;P04_D_T_C01_Z20;273;stele;1075
Cell;P04_D_T_C01_Z20;274;stele;620.5
Cell;P04_D_T_C01_Z20;275;rootcapl2;551.5
Cell;P04_D_T_C01_Z20;276;stele;592
Cell;P04_D_T_C01_Z20;277;stele;282.5
Cell;P04_D_T_C01_Z20;278;endodermis;3027.5
Cell;P04_D_T_C01_Z20;279;stele;480.5
Cell;P04_D_T_C01_Z20;280;stele;395.5
Cell;P04_D_T_C01_Z20;281;pericycle;3093
Cell;P04_D_T_C01_Z20;282;stele;1111.5
Cell;P04_D_T_C01_Z20;283;stele;1080.5
Cell;P04_D_T_C01_Z20;284;pericycle;2728.5
Cell;P04_D_T_C01_Z20;285;stele;406
Cell;P04_D_T_C01_Z20;286;stele;1261
Cell;P04_D_T_C01_Z20;287;cortex;18158.5
Cell;P04_D_T_C01_Z20;288;cortex;8240.5
Cell;P04_D_T_C01_Z20;289;stele;762
Cell;P04_D_T_C01_Z20;290;general;18004.5
Cell;P04_D_T_C01_Z20;291;pericycle;2024
Cell;P04_D_T_C01_Z20;292;pericycle;1117.5
Cell;P04_D_T_C01_Z20;293;endodermis;6989
Cell;P04_D_T_C01_Z20;294;general;11744.5
Cell;P04_D_T_C01_Z20;295;cortex;3519.5
Cell;P04_D_T_C01_Z20;296;pericycle;2556
Cell;P04_D_T_C01_Z20;297;cortex;13807
Cell;P04_D_T_C01_Z20;298;endodermis;2163
Cell;P04_D_T_C01_Z20;299;rootcapl2;1351
Cell;P04_D_T_C01_Z20;300;endodermis;4505.5
Cell;P04_D_T_C01_Z20;301;cortex;13557.5
Cell;P04_D_T_C01_Z20;302;rootcapl2;875.5
Cell;P04_D_T_C01_Z20;303;rootcapl2;343
Cell;P04_D_T_C01_Z20;304;cortex;2219.5
Cell;P04_D_T_C01_Z20;305;endodermis;3483.5
Cell;P04_D_T_C01_Z20;306;cortex;8124
Cell;P04_D_T_C01_Z20;307;general;9965
Cell;P04_D_T_C01_Z20;308;rootcapl2;1021.5
Cell;P04_D_T_C01_Z20;309;cortex;7823.5
Cell;P04_D_T_C01_Z20;310;cortex;1324
Cell;P04_D_T_C01_Z20;311;general;8601.5
Cell;P04_D_T_C01_Z20;312;cortex;4215
Cell;P04_D_T_C01_Z20;313;rootcapl2;583.5
Cell;P04_D_T_C01_Z20;314;cortex;2112.5
Cell;P04_D_T_C01_Z20;315;cortex;20404.5
Cell;P04_D_T_C01_Z20;317;cortex;9199
Cell;P04_D_T_C01_Z20;318;rootcapl2;852.5
Cell;P04_D_T_C01_Z20;319;rootcapl2;648
Cell;P04_D_T_C01_Z20;320;cortex;13575
Cell;P04_D_T_C01_Z20;321;general;15573.5
Cell;P04_D_T_C01_Z20;322;general;16354.5
Cell;P04_D_T_C01_Z20;323;cortex;7285
Cell;P04_D_T_C01_Z20;324;cortex;11104
Cell;P04_D_T_C01_Z20;325;rootcapl2;1102.5
Cell;P04_D_T_C01_Z20;326;rootcapl2;785.5
Cell;P04_D_T_C01_Z20;327;cortex;7763
Cell;P04_D_T_C01_Z20;328;general;15397.5
Cell;P04_D_T_C01_Z20;329;rootcapl2;1918.5
Cell;P04_D_T_C01_Z20;330;cortex;13848.5
Cell;P04_D_T_C01_Z20;331;general;12145
Cell;P04_D_T_C01_Z20;332;cortex;7361.5
Cell;P04_D_T_C01_Z20;333;epidermis;1765
Cell;P04_D_T_C01_Z20;334;general;11933
Cell;P04_D_T_C01_Z20;335;general;13455.5
Cell;P04_D_T_C01_Z20;336;epidermis;2184
Cell;P04_D_T_C01_Z20;337;epidermis;1761.5
Cell;P04_D_T_C01_Z20;338;general;11868
Cell;P04_D_T_C01_Z20;339;epidermis;2305.5
Cell;P04_D_T_C01_Z20;340;general;11581.5
Cell;P04_D_T_C01_Z20;341;general;8033
Cell;P04_D_T_C01_Z20;342;epidermis;1539
Cell;P04_D_T_C01_Z20;343;epidermis;1078.5
Cell;P04_D_T_C01_Z20;344;epidermis;1822.5
Cell;P04_D_T_C01_Z20;345;epidermis;3764.5
Cell;P04_D_T_C01_Z20;346;epidermis;2591.5
Cell;P04_D_T_C01_Z20;347;epidermis;856
Cell;P04_D_T_C01_Z20;348;epidermis;1232.5
Cell;P04_D_T_C01_Z20;349;epidermis;1740.5
Cell;P04_D_T_C01_Z20;350;epidermis;1735.5
Cell;P04_D_T_C01_Z20;351;epidermis;703
Cell;P04_D_T_C01_Z20;352;epidermis;894
Cell;P04_D_T_C01_Z20;353;epidermis;2194.5
Cell;P04_D_T_C01_Z20;354;epidermis;1515
Cell;P04_D_T_C01_Z20;355;epidermis;2221
Cell;P04_D_T_C01_Z20;356;epidermis;1131.5
Cell;B11_F_T_C02_Z10;0;epidermis;908
Cell;B11_F_T_C02_Z10;1;epidermis;558.5
Cell;B11_F_T_C02_Z10;2;general;4344
Cell;B11_F_T_C02_Z10;3;epidermis;798
Cell;B11_F_T_C02_Z10;4;epidermis;782.5
Cell;B11_F_T_C02_Z10;5;general;1282.5
Cell;B11_F_T_C02_Z10;6;general;1154
Cell;B11_F_T_C02_Z10;7;epidermis;1134.5
Cell;B11_F_T_C02_Z10;8;general;1414
Cell;B11_F_T_C02_Z10;9;general;3271
Cell;B11_F_T_C02_Z10;10;general;886.5
Cell;B11_F_T_C02_Z10;11;cortex;830.5
Cell;B11_F_T_C02_Z10;12;general;1711.5
Cell;B11_F_T_C02_Z10;13;epidermis;1276
Cell;B11_F_T_C02_Z10;14;cortex;1149.5
Cell;B11_F_T_C02_Z10;15;cortex;3821.5
Cell;B11_F_T_C02_Z10;16;cortex;840.5
Cell;B11_F_T_C02_Z10;17;cortex;4255
Cell;B11_F_T_C02_Z10;18;cortex;2505
Cell;B11_F_T_C02_Z10;19;epidermis;1938
Cell;B11_F_T_C02_Z10;20;cortex;5628.5
Cell;B11_F_T_C02_Z10;21;general;2658.5
Cell;B11_F_T_C02_Z10;22;general;1108.5
Cell;B11_F_T_C02_Z10;23;cortex;622
Cell;B11_F_T_C02_Z10;24;cortex;2113
Cell;B11_F_T_C02_Z10;25;general;1158.5
Cell;B11_F_T_C02_Z10;26;cortex;6850.5
Cell;B11_F_T_C02_Z10;27;general;1145
Cell;B11_F_T_C02_Z10;28;general;474.5
Cell;B11_F_T_C02_Z10;29;cortex;2317
Cell;B11_F_T_C02_Z10;30;epidermis;1066
Cell;B11_F_T_C02_Z10;31;epidermis;1214.5
Cell;B11_F_T_C02_Z10;32;general;3580
Cell;B11_F_T_C02_Z10;33;cortex;4291.5
Cell;B11_F_T_C02_Z10;34;general;1661
Cell;B11_F_T_C02_Z10;35;cortex;2623.5
Cell;B11_F_T_C02_Z10;36;cortex;5596.5
Cell;B11_F_T_C02_Z10;37;cortex;5424
Cell;B11_F_T_C02_Z10;38;cortex;2438.5
Cell;B11_F_T_C02_Z10;39;cortex;2051.5
Cell;B11_F_T_C02_Z10;40;cortex;456
Cell;B11_F_T_C02_Z10;41;rootcapl2;258.5
Cell;B11_F_T_C02_Z10;42;epidermis;986
Cell;B11_F_T_C02_Z10;43;endodermis;2791.5
Cell;B11_F_T_C02_Z10;44;endodermis;2400
Cell;B11_F_T_C02_Z10;45;cortex;3598
Cell;B11_F_T_C02_Z10;46;epidermis;1533.5
Cell;B11_F_T_C02_Z10;47;general;1414
Cell;B11_F_T_C02_Z10;48;endodermis;2120.5
Cell;B11_F_T_C02_Z10;49;endodermis;2695
Cell;B11_F_T_C02_Z10;50;endodermis;6431
Cell;B11_F_T_C02_Z10;51;epidermis;1218.5
Cell;B11_F_T_C02_Z10;52;general;797.5
Cell;B11_F_T_C02_Z10;53;endodermis;4285.5
Cell;B11_F_T_C02_Z10;54;cortex;4258
Cell;B11_F_T_C02_Z10;55;cortex;2188
Cell;B11_F_T_C02_Z10;56;cortex;1351
Cell;B11_F_T_C02_Z10;57;pericycle;2443
Cell;B11_F_T_C02_Z10;58;endodermis;2448
Cell;B11_F_T_C02_Z10;59;general;1449
Cell;B11_F_T_C02_Z10;60;general;765
Cell;B11_F_T_C02_Z10;61;cortex;5928.5
Cell;B11_F_T_C02_Z10;62;pericycle;992.5
Cell;B11_F_T_C02_Z10;63;pericycle;1049
Cell;B11_F_T_C02_Z10;64;endodermis;5691.5
Cell;B11_F_T_C02_Z10;65;pericycle;1193
Cell;B11_F_T_C02_Z10;66;general;2039.5
Cell;B11_F_T_C02_Z10;67;pericycle;2211
Cell;B11_F_T_C02_Z10;68;endodermis;3408.5
Cell;B11_F_T_C02_Z10;69;epidermis;1048.5
Cell;B11_F_T_C02_Z10;70;pericycle;770.5
Cell;B11_F_T_C02_Z10;71;stele;126.5
Cell;B11_F_T_C02_Z10;72;stele;233.5
Cell;B11_F_T_C02_Z10;73;stele;296.5
Cell;B11_F_T_C02_Z10;74;cortex;3730.5
Cell;B11_F_T_C02_Z10;75;stele;1201.5
Cell;B11_F_T_C02_Z10;76;stele;397.5
Cell;B11_F_T_C02_Z10;77;stele;184.5
Cell;B11_F_T_C02_Z10;78;stele;194.5
Cell;B11_F_T_C02_Z10;79;stele;180
Cell;B11_F_T_C02_Z10;80;general;4467.5
Cell;B11_F_T_C02_Z10;81;stele;171.5
Cell;B11_F_T_C02_Z10;82;rootcapl2;243.5
Cell;B11_F_T_C02_Z10;83;stele;350.5
Cell;B11_F_T_C02_Z10;84;stele;393.5
Cell;B11_F_T_C02_Z10;85;stele;431.5
Cell;B11_F_T_C02_Z10;86;stele;336.5
Cell;B11_F_T_C02_Z10;87;stele;356
Cell;B11_F_T_C02_Z10;88;stele;634
Cell;B11_F_T_C02_Z10;89;stele;393.5
Cell;B11_F_T_C02_Z10;90;stele;589
Cell;B11_F_T_C02_Z10;91;pericycle;1485.5
Cell;B11_F_T_C02_Z10;92;stele;145
Cell;B11_F_T_C02_Z10;93;stele;238.5
Cell;B11_F_T_C02_Z10;94;stele;113.5
Cell;B11_F_T_C02_Z10;95;pericycle;2176.5
Cell;B11_F_T_C02_Z10;96;stele;197
Cell;B11_F_T_C02_Z10;97;stele;341
Cell;B11_F_T_C02_Z10;98;stele;179
Cell;B11_F_T_C02_Z10;99;epidermis;931.5
Cell;B11_F_T_C02_Z10;100;cortex;1743.5
Cell;B11_F_T_C02_Z10;101;stele;935.5
Cell;B11_F_T_C02_Z10;102;stele;329
Cell;B11_F_T_C02_Z10;103;stele;122
Cell;B11_F_T_C02_Z10;104;stele;357.5
Cell;B11_F_T_C02_Z10;105;stele;177
Cell;B11_F_T_C02_Z10;106;stele;234
Cell;B11_F_T_C02_Z10;107;stele;278
Cell;B11_F_T_C02_Z10;108;stele;176
Cell;B11_F_T_C02_Z10;109;stele;236.5
Cell;B11_F_T_C02_Z10;110;stele;64.5
Cell;B11_F_T_C02_Z10;111;stele;347
Cell;B11_F_T_C02_Z10;112;stele;130
Cell;B11_F_T_C02_Z10;113;stele;253.5
Cell;B11_F_T_C02_Z10;114;general;1331.5
Cell;B11_F_T_C02_Z10;115;stele;413.5
Cell;B11_F_T_C02_Z10;116;cortex;1296
Cell;B11_F_T_C02_Z10;117;stele;385
Cell;B11_F_T_C02_Z10;118;stele;219
Cell;B11_F_T_C02_Z10;119;stele;398
Cell;B11_F_T_C02_Z10;120;stele;385
Cell;B11_F_T_C02_Z10;121;endodermis;2160
Cell;B11_F_T_C02_Z10;122;stele;218.5
Cell;B11_F_T_C02_Z10;123;stele;87.5
Cell;B11_F_T_C02_Z10;124;stele;273
Cell;B11_F_T_C02_Z10;125;stele;250
Cell;B11_F_T_C02_Z10;126;stele;113
Cell;B11_F_T_C02_Z10;127;stele;213
Cell;B11_F_T_C02_Z10;128;stele;346.5
Cell;B11_F_T_C02_Z10;129;stele;344
Cell;B11_F_T_C02_Z10;130;stele;198.5
Cell;B11_F_T_C02_Z10;131;stele;276.5
Cell;B11_F_T_C02_Z10;132;stele;226.5
Cell;B11_F_T_C02_Z10;133;stele;137
Cell;B11_F_T_C02_Z10;134;stele;393.5
Cell;B11_F_T_C02_Z10;135;stele;212
Cell;B11_F_T_C02_Z10;136;pericycle;1481.5
Cell;B11_F_T_C02_Z10;137;cortex;3215.5
Cell;B11_F_T_C02_Z10;138;pericycle;842.5
Cell;B11_F_T_C02_Z10;139;stele;234
Cell;B11_F_T_C02_Z10;140;stele;218.5
Cell;B11_F_T_C02_Z10;141;stele;675.5
Cell;B11_F_T_C02_Z10;142;stele;146.5
Cell;B11_F_T_C02_Z10;143;stele;195
Cell;B11_F_T_C02_Z10;144;stele;518.5
Cell;B11_F_T_C02_Z10;145;stele;637
Cell;B11_F_T_C02_Z10;146;stele;388.5
Cell;B11_F_T_C02_Z10;147;stele;227.5
Cell;B11_F_T_C02_Z10;148;stele;264
Cell;B11_F_T_C02_Z10;149;stele;245.5
Cell;B11_F_T_C02_Z10;150;stele;391
Cell;B11_F_T_C02_Z10;151;stele;160.5
Cell;B11_F_T_C02_Z10;152;endodermis;2041.5
Cell;B11_F_T_C02_Z10;153;cortex;971
Cell;B11_F_T_C02_Z10;154;stele;272.5
Cell;B11_F_T_C02_Z10;155;stele;113.5
Cell;B11_F_T_C02_Z10;156;stele;195.5
Cell;B11_F_T_C02_Z10;157;stele;208
Cell;B11_F_T_C02_Z10;158;stele;225.5
Cell;B11_F_T_C02_Z10;159;stele;100.5
Cell;B11_F_T_C02_Z10;160;stele;202
Cell;B11_F_T_C02_Z10;161;stele;142
Cell;B11_F_T_C02_Z10;162;stele;114
Cell;B11_F_T_C02_Z10;163;stele;130.5
Cell;B11_F_T_C02_Z10;164;stele;219
Cell;B11_F_T_C02_Z10;165;stele;250
Cell;B11_F_T_C02_Z10;166;stele;319
Cell;B11_F_T_C02_Z10;167;stele;300.5
Cell;B11_F_T_C02_Z10;168;stele;143.5
Cell;B11_F_T_C02_Z10;169;pericycle;1636.5
Cell;B11_F_T_C02_Z10;170;stele;132
Cell;B11_F_T_C02_Z10;171;stele;129
Cell;B11_F_T_C02_Z10;172;stele;437
Cell;B11_F_T_C02_Z10;173;stele;118
Cell;B11_F_T_C02_Z10;174;stele;201
Cell;B11_F_T_C02_Z10;175;stele;386
Cell;B11_F_T_C02_Z10;176;cortex;2119
Cell;B11_F_T_C02_Z10;177;stele;169
Cell;B11_F_T_C02_Z10;178;stele;143
Cell;B11_F_T_C02_Z10;179;stele;283.5
Cell;B11_F_T_C02_Z10;180;stele;322.5
Cell;B11_F_T_C02_Z10;181;stele;276
Cell;B11_F_T_C02_Z10;182;stele;156
Cell;B11_F_T_C02_Z10;183;stele;192
Cell;B11_F_T_C02_Z10;184;stele;76.5
Cell;B11_F_T_C02_Z10;185;stele;92.5
Cell;B11_F_T_C02_Z10;186;stele;210
Cell;B11_F_T_C02_Z10;187;stele;216.5
Cell;B11_F_T_C02_Z10;188;stele;180.5
Cell;B11_F_T_C02_Z10;189;stele;221.5
Cell;B11_F_T_C02_Z10;190;stele;147.5
Cell;B11_F_T_C02_Z10;191;stele;125.5
Cell;B11_F_T_C02_Z10;192;stele;112.5
Cell;B11_F_T_C02_Z10;193;stele;106
Cell;B11_F_T_C02_Z10;194;stele;131.5
Cell;B11_F_T_C02_Z10;195;stele;524
Cell;B11_F_T_C02_Z10;196;stele;164
Cell;B11_F_T_C02_Z10;197;stele;283
Cell;B11_F_T_C02_Z10;198;stele;244.5
Cell;B11_F_T_C02_Z10;199;stele;515.5
Cell;B11_F_T_C02_Z10;200;stele;307
Cell;B11_F_T_C02_Z10;201;cortex;5827
Cell;B11_F_T_C02_Z10;202;stele;100
Cell;B11_F_T_C02_Z10;203;general;1329.5
Cell;B11_F_T_C02_Z10;204;stele;196.5
Cell;B11_F_T_C02_Z10;205;stele;147.5
Cell;B11_F_T_C02_Z10;206;stele;215
Cell;B11_F_T_C02_Z10;207;stele;126
Cell;B11_F_T_C02_Z10;208;stele;217
Cell;B11_F_T_C02_Z10;209;stele;381
Cell;B11_F_T_C02_Z10;210;stele;122.5
Cell;B11_F_T_C02_Z10;211;stele;85.5
Cell;B11_F_T_C02_Z10;212;stele;104.5
Cell;B11_F_T_C02_Z10;213;stele;444
Cell;B11_F_T_C02_Z10;214;cortex;3018
Cell;B11_F_T_C02_Z10;215;stele;91.5
Cell;B11_F_T_C02_Z10;216;stele;260
Cell;B11_F_T_C02_Z10;217;stele;384.5
Cell;B11_F_T_C02_Z10;218;stele;225.5
Cell;B11_F_T_C02_Z10;219;stele;150.5
Cell;B11_F_T_C02_Z10;220;stele;401.5
Cell;B11_F_T_C02_Z10;221;stele;466
Cell;B11_F_T_C02_Z10;222;endodermis;1633
Cell;B11_F_T_C02_Z10;223;stele;168
Cell;B11_F_T_C02_Z10;224;stele;303.5
Cell;B11_F_T_C02_Z10;225;stele;124.5
Cell;B11_F_T_C02_Z10;226;stele;209
Cell;B11_F_T_C02_Z10;227;stele;200.5
Cell;B11_F_T_C02_Z10;228;pericycle;1042.5
Cell;B11_F_T_C02_Z10;229;stele;232.5
Cell;B11_F_T_C02_Z10;230;stele;94
Cell;B11_F_T_C02_Z10;231;stele;236.5
Cell;B11_F_T_C02_Z10;232;stele;101.5
Cell;B11_F_T_C02_Z10;233;stele;28
Cell;B11_F_T_C02_Z10;234;stele;538
Cell;B11_F_T_C02_Z10;235;stele;307.5
Cell;B11_F_T_C02_Z10;236;stele;436
Cell;B11_F_T_C02_Z10;237;stele;484.5
Cell;B11_F_T_C02_Z10;238;stele;100.5
Cell;B11_F_T_C02_Z10;239;stele;133.5
Cell;B11_F_T_C02_Z10;240;stele;112.5
Cell;B11_F_T_C02_Z10;241;stele;70
Cell;B11_F_T_C02_Z10;242;stele;228.5
Cell;B11_F_T_C02_Z10;243;stele;248
Cell;B11_F_T_C02_Z10;244;general;1909.5
Cell;B11_F_T_C02_Z10;245;stele;301.5
Cell;B11_F_T_C02_Z10;246;stele;340.5
Cell;B11_F_T_C02_Z10;247;endodermis;1663.5
Cell;B11_F_T_C02_Z10;248;stele;465
Cell;B11_F_T_C02_Z10;249;stele;309
Cell;B11_F_T_C02_Z10;250;stele;197
Cell;B11_F_T_C02_Z10;251;stele;236.5
Cell;B11_F_T_C02_Z10;252;stele;297.5
Cell;B11_F_T_C02_Z10;253;stele;616
Cell;B11_F_T_C02_Z10;254;stele;258
Cell;B11_F_T_C02_Z10;255;stele;469.5
Cell;B11_F_T_C02_Z10;256;stele;647
Cell;B11_F_T_C02_Z10;257;stele;236
Cell;B11_F_T_C02_Z10;258;stele;177
Cell;B11_F_T_C02_Z10;259;stele;608.5
Cell;B11_F_T_C02_Z10;260;stele;1099.5
Cell;B11_F_T_C02_Z10;261;stele;216
Cell;B11_F_T_C02_Z10;262;stele;349.5
Cell;B11_F_T_C02_Z10;263;stele;464
Cell;B11_F_T_C02_Z10;264;stele;228.5
Cell;B11_F_T_C02_Z10;265;stele;103
Cell;B11_F_T_C02_Z10;266;stele;649.5
Cell;B11_F_T_C02_Z10;267;stele;706
Cell;B11_F_T_C02_Z10;268;stele;211
Cell;B11_F_T_C02_Z10;269;pericycle;1588.5
Cell;B11_F_T_C02_Z10;270;stele;303
Cell;B11_F_T_C02_Z10;271;stele;1075.5
Cell;B11_F_T_C02_Z10;272;general;1685.5
Cell;B11_F_T_C02_Z10;273;stele;351.5
Cell;B11_F_T_C02_Z10;274;stele;363
Cell;B11_F_T_C02_Z10;275;stele;393.5
Cell;B11_F_T_C02_Z10;276;cortex;1374.5
Cell;B11_F_T_C02_Z10;277;pericycle;955.5
Cell;B11_F_T_C02_Z10;278;stele;505
Cell;B11_F_T_C02_Z10;279;stele;494.5
Cell;B11_F_T_C02_Z10;280;stele;411.5
Cell;B11_F_T_C02_Z10;281;stele;271
Cell;B11_F_T_C02_Z10;282;stele;271.5
Cell;B11_F_T_C02_Z10;283;stele;316.5
Cell;B11_F_T_C02_Z10;284;stele;189.5
Cell;B11_F_T_C02_Z10;285;stele;240.5
Cell;B11_F_T_C02_Z10;286;stele;318
Cell;B11_F_T_C02_Z10;287;stele;557
Cell;B11_F_T_C02_Z10;288;columella3;9177
Cell;B11_F_T_C02_Z10;290;endodermis;3165.5
Cell;B11_F_T_C02_Z10;291;stele;559
Cell;B11_F_T_C02_Z10;292;stele;601.5
Cell;B11_F_T_C02_Z10;293;stele;246.5
Cell;B11_F_T_C02_Z10;294;cortex;6476.5
Cell;B11_F_T_C02_Z10;295;stele;924
Cell;B11_F_T_C02_Z10;296;stele;239
Cell;B11_F_T_C02_Z10;297;stele;408
Cell;B11_F_T_C02_Z10;298;columella3;8596
Cell;B11_F_T_C02_Z10;299;stele;278
Cell;B11_F_T_C02_Z10;300;stele;164
Cell;B11_F_T_C02_Z10;301;cortex;920.5
Cell;B11_F_T_C02_Z10;302;stele;730
Cell;B11_F_T_C02_Z10;303;stele;731
Cell;B11_F_T_C02_Z10;304;stele;225
Cell;B11_F_T_C02_Z10;305;stele;372.5
Cell;B11_F_T_C02_Z10;306;general;1215
Cell;B11_F_T_C02_Z10;307;stele;350.5
Cell;B11_F_T_C02_Z10;308;stele;775
Cell;B11_F_T_C02_Z10;309;stele;239
Cell;B11_F_T_C02_Z10;310;stele;359.5
Cell;B11_F_T_C02_Z10;311;general;2052.5
Cell;B11_F_T_C02_Z10;312;stele;441.5
Cell;B11_F_T_C02_Z10;313;stele;213
Cell;B11_F_T_C02_Z10;314;pericycle;1135.5
Cell;B11_F_T_C02_Z10;315;stele;454.5
Cell;B11_F_T_C02_Z10;316;stele;435.5
Cell;B11_F_T_C02_Z10;317;stele;471.5
Cell;B11_F_T_C02_Z10;318;pericycle;2021.5
Cell;B11_F_T_C02_Z10;319;stele;179
Cell;B11_F_T_C02_Z10;320;stele;841
Cell;B11_F_T_C02_Z10;321;cortex;1291.5
Cell;B11_F_T_C02_Z10;322;stele;722
Cell;B11_F_T_C02_Z10;323;stele;430
Cell;B11_F_T_C02_Z10;324;stele;420
Cell;B11_F_T_C02_Z10;325;general;1410.5
Cell;B11_F_T_C02_Z10;326;cortex;1723
Cell;B11_F_T_C02_Z10;327;stele;313
Cell;B11_F_T_C02_Z10;328;stele;536.5
Cell;B11_F_T_C02_Z10;329;stele;402.5
Cell;B11_F_T_C02_Z10;330;stele;254.5
Cell;B11_F_T_C02_Z10;331;stele;405
Cell;B11_F_T_C02_Z10;332;stele;271
Cell;B11_F_T_C02_Z10;333;stele;898.5
Cell;B11_F_T_C02_Z10;334;cortex;3348
Cell;B11_F_T_C02_Z10;335;endodermis;2252.5
Cell;B11_F_T_C02_Z10;337;stele;254.5
Cell;B11_F_T_C02_Z10;338;columella3;10413.5
Cell;B11_F_T_C02_Z10;339;stele;253.5
Cell;B11_F_T_C02_Z10;340;stele;187.5
Cell;B11_F_T_C02_Z10;341;stele;386.5
Cell;B11_F_T_C02_Z10;342;stele;237.5
Cell;B11_F_T_C02_Z10;343;cortex;1076
Cell;B11_F_T_C02_Z10;344;general;6968.5
Cell;B11_F_T_C02_Z10;345;stele;131.5
Cell;B11_F_T_C02_Z10;346;stele;414.5
Cell;B11_F_T_C02_Z10;348;stele;375
Cell;B11_F_T_C02_Z10;349;stele;244
Cell;B11_F_T_C02_Z10;351;stele;563
Cell;B11_F_T_C02_Z10;353;stele;439
Cell;B11_F_T_C02_Z10;354;stele;437
Cell;B11_F_T_C02_Z10;355;stele;149.5
Cell;B11_F_T_C02_Z10;356;stele;83.5
Cell;B11_F_T_C02_Z10;357;pericycle;1847.5
Cell;B11_F_T_C02_Z10;358;stele;833
Cell;B11_F_T_C02_Z10;359;stele;412.5
Cell;B11_F_T_C02_Z10;360;stele;224
Cell;B11_F_T_C02_Z10;361;stele;463.5
Cell;B11_F_T_C02_Z10;362;stele;339
Cell;B11_F_T_C02_Z10;363;stele;294.5
Cell;B11_F_T_C02_Z10;364;stele;230.5
Cell;B11_F_T_C02_Z10;365;stele;223
Cell;B11_F_T_C02_Z10;366;stele;216.5
Cell;B11_F_T_C02_Z10;367;stele;239
Cell;B11_F_T_C02_Z10;368;cortex;3274
Cell;B11_F_T_C02_Z10;369;stele;642
Cell;B11_F_T_C02_Z10;371;stele;159.5
Cell;B11_F_T_C02_Z10;372;stele;289.5
Cell;B11_F_T_C02_Z10;373;endodermis;1850
Cell;B11_F_T_C02_Z10;374;pericycle;1771.5
Cell;B11_F_T_C02_Z10;375;stele;299
Cell;B11_F_T_C02_Z10;376;cortex;1031
Cell;B11_F_T_C02_Z10;377;columella3;5173.5
Cell;B11_F_T_C02_Z10;378;stele;287.5
Cell;B11_F_T_C02_Z10;379;stele;217.5
Cell;B11_F_T_C02_Z10;380;stele;688
Cell;B11_F_T_C02_Z10;381;stele;317
Cell;B11_F_T_C02_Z10;382;endodermis;4023.5
Cell;B11_F_T_C02_Z10;383;stele;461
Cell;B11_F_T_C02_Z10;384;stele;346
Cell;B11_F_T_C02_Z10;385;stele;336
Cell;B11_F_T_C02_Z10;386;stele;235
Cell;B11_F_T_C02_Z10;387;stele;335.5
Cell;B11_F_T_C02_Z10;388;stele;294
Cell;B11_F_T_C02_Z10;389;stele;401
Cell;B11_F_T_C02_Z10;390;stele;255.5
Cell;B11_F_T_C02_Z10;391;stele;328
Cell;B11_F_T_C02_Z10;392;stele;132
Cell;B11_F_T_C02_Z10;393;stele;73.5
Cell;B11_F_T_C02_Z10;394;stele;83.5
Cell;B11_F_T_C02_Z10;395;stele;141
Cell;B11_F_T_C02_Z10;396;stele;195.5
Cell;B11_F_T_C02_Z10;397;stele;390
Cell;B11_F_T_C02_Z10;399;stele;252
Cell;B11_F_T_C02_Z10;400;general;1659
Cell;B11_F_T_C02_Z10;401;stele;94
Cell;B11_F_T_C02_Z10;402;stele;327
Cell;B11_F_T_C02_Z10;403;stele;475.5
Cell;B11_F_T_C02_Z10;404;stele;286.5
Cell;B11_F_T_C02_Z10;405;stele;202
Cell;B11_F_T_C02_Z10;406;stele;321.5
Cell;B11_F_T_C02_Z10;407;stele;336.5
Cell;B11_F_T_C02_Z10;408;stele;177
Cell;B11_F_T_C02_Z10;409;stele;328.5
Cell;B11_F_T_C02_Z10;410;stele;352
Cell;B11_F_T_C02_Z10;411;cortex;2879
Cell;B11_F_T_C02_Z10;412;stele;215
Cell;B11_F_T_C02_Z10;413;stele;334
Cell;B11_F_T_C02_Z10;414;stele;160
Cell;B11_F_T_C02_Z10;415;stele;219
Cell;B11_F_T_C02_Z10;416;cortex;4684.5
Cell;B11_F_T_C02_Z10;417;stele;161
Cell;B11_F_T_C02_Z10;418;stele;125
Cell;B11_F_T_C02_Z10;419;stele;173.5
Cell;B11_F_T_C02_Z10;420;stele;331.5
Cell;B11_F_T_C02_Z10;421;stele;286
Cell;B11_F_T_C02_Z10;423;stele;343
Cell;B11_F_T_C02_Z10;424;endodermis;1876
Cell;B11_F_T_C02_Z10;425;columella3;7849
Cell;B11_F_T_C02_Z10;427;stele;277.5
Cell;B11_F_T_C02_Z10;428;cortex;2707
Cell;B11_F_T_C02_Z10;429;stele;200.5
Cell;B11_F_T_C02_Z10;430;stele;278.5
Cell;B11_F_T_C02_Z10;431;stele;270.5
Cell;B11_F_T_C02_Z10;432;stele;820.5
Cell;B11_F_T_C02_Z10;433;stele;454.5
Cell;B11_F_T_C02_Z10;434;cortex;6114
Cell;B11_F_T_C02_Z10;435;stele;176
Cell;B11_F_T_C02_Z10;436;general;1624.5
Cell;B11_F_T_C02_Z10;437;stele;188
Cell;B11_F_T_C02_Z10;438;stele;431
Cell;B11_F_T_C02_Z10;439;stele;515.5
Cell;B11_F_T_C02_Z10;440;columella3;1335.5
Cell;B11_F_T_C02_Z10;441;stele;249.5
Cell;B11_F_T_C02_Z10;442;stele;364.5
Cell;B11_F_T_C02_Z10;443;stele;561
Cell;B11_F_T_C02_Z10;444;stele;255
Cell;B11_F_T_C02_Z10;445;cortex;1013
Cell;B11_F_T_C02_Z10;446;stele;341
Cell;B11_F_T_C02_Z10;447;stele;305.5
Cell;B11_F_T_C02_Z10;448;pericycle;1166
Cell;B11_F_T_C02_Z10;449;stele;319
Cell;B11_F_T_C02_Z10;450;pericycle;928.5
Cell;B11_F_T_C02_Z10;451;general;1912.5
Cell;B11_F_T_C02_Z10;452;stele;291.5
Cell;B11_F_T_C02_Z10;453;stele;120
Cell;B11_F_T_C02_Z10;454;stele;185
Cell;B11_F_T_C02_Z10;455;stele;248
Cell;B11_F_T_C02_Z10;456;stele;246.5
Cell;B11_F_T_C02_Z10;457;stele;193.5
Cell;B11_F_T_C02_Z10;458;stele;767.5
Cell;B11_F_T_C02_Z10;460;stele;498.5
Cell;B11_F_T_C02_Z10;461;stele;647.5
Cell;B11_F_T_C02_Z10;462;stele;458.5
Cell;B11_F_T_C02_Z10;463;stele;343.5
Cell;B11_F_T_C02_Z10;464;stele;224
Cell;B11_F_T_C02_Z10;465;stele;318.5
Cell;B11_F_T_C02_Z10;466;stele;568
Cell;B11_F_T_C02_Z10;467;stele;324
Cell;B11_F_T_C02_Z10;468;stele;387
Cell;B11_F_T_C02_Z10;469;stele;243
Cell;B11_F_T_C02_Z10;470;stele;218
Cell;B11_F_T_C02_Z10;471;stele;486
Cell;B11_F_T_C02_Z10;472;stele;633
Cell;B11_F_T_C02_Z10;473;stele;382
Cell;B11_F_T_C02_Z10;474;stele;363
Cell;B11_F_T_C02_Z10;475;stele;189
Cell;B11_F_T_C02_Z10;476;stele;190
Cell;B11_F_T_C02_Z10;477;stele;282.5
Cell;B11_F_T_C02_Z10;478;columella3;2003
Cell;B11_F_T_C02_Z10;480;pericycle;1384
Cell;B11_F_T_C02_Z10;481;stele;187.5
Cell;B11_F_T_C02_Z10;482;stele;458
Cell;B11_F_T_C02_Z10;483;stele;315.5
Cell;B11_F_T_C02_Z10;484;stele;267
Cell;B11_F_T_C02_Z10;485;stele;210.5
Cell;B11_F_T_C02_Z10;486;endodermis;2140.5
Cell;B11_F_T_C02_Z10;487;stele;174
Cell;B11_F_T_C02_Z10;488;endodermis;3440.5
Cell;B11_F_T_C02_Z10;489;stele;209
Cell;B11_F_T_C02_Z10;490;stele;146.5
Cell;B11_F_T_C02_Z10;491;general;5689.5
Cell;B11_F_T_C02_Z10;492;stele;460
Cell;B11_F_T_C02_Z10;493;stele;191.5
Cell;B11_F_T_C02_Z10;494;stele;186.5
Cell;B11_F_T_C02_Z10;495;stele;107
Cell;B11_F_T_C02_Z10;496;stele;253
Cell;B11_F_T_C02_Z10;497;stele;336.5
Cell;B11_F_T_C02_Z10;498;cortex;1583.5
Cell;B11_F_T_C02_Z10;499;stele;428.5
Cell;B11_F_T_C02_Z10;500;stele;294
Cell;B11_F_T_C02_Z10;501;stele;210.5
Cell;B11_F_T_C02_Z10;502;general;2136.5
Cell;B11_F_T_C02_Z10;503;stele;293.5
Cell;B11_F_T_C02_Z10;504;stele;112.5
Cell;B11_F_T_C02_Z10;505;stele;300
Cell;B11_F_T_C02_Z10;506;columella3;3259
Cell;B11_F_T_C02_Z10;508;stele;344
Cell;B11_F_T_C02_Z10;509;stele;248
Cell;B11_F_T_C02_Z10;510;columella3;5150.5
Cell;B11_F_T_C02_Z10;512;stele;400.5
Cell;B11_F_T_C02_Z10;513;stele;280.5
Cell;B11_F_T_C02_Z10;514;stele;301
Cell;B11_F_T_C02_Z10;515;stele;65.5
Cell;B11_F_T_C02_Z10;516;stele;221.5
Cell;B11_F_T_C02_Z10;517;stele;149.5
Cell;B11_F_T_C02_Z10;518;pericycle;339.5
Cell;B11_F_T_C02_Z10;519;stele;274
Cell;B11_F_T_C02_Z10;520;stele;852.5
Cell;B11_F_T_C02_Z10;521;stele;382.5
Cell;B11_F_T_C02_Z10;522;cortex;2382
Cell;B11_F_T_C02_Z10;523;stele;708.5
Cell;B11_F_T_C02_Z10;524;stele;433
Cell;B11_F_T_C02_Z10;525;stele;313
Cell;B11_F_T_C02_Z10;526;stele;254.5
Cell;B11_F_T_C02_Z10;527;stele;287.5
Cell;B11_F_T_C02_Z10;528;stele;246
Cell;B11_F_T_C02_Z10;529;stele;118
Cell;B11_F_T_C02_Z10;530;stele;184.5
Cell;B11_F_T_C02_Z10;531;stele;275
Cell;B11_F_T_C02_Z10;532;stele;248
Cell;B11_F_T_C02_Z10;533;pericycle;2242
Cell;B11_F_T_C02_Z10;534;stele;92
Cell;B11_F_T_C02_Z10;535;stele;430
Cell;B11_F_T_C02_Z10;536;stele;380
Cell;B11_F_T_C02_Z10;537;cortex;4468
Cell;B11_F_T_C02_Z10;538;stele;135.5
Cell;B11_F_T_C02_Z10;539;stele;190
Cell;B11_F_T_C02_Z10;540;stele;516.5
Cell;B11_F_T_C02_Z10;541;stele;92.5
Cell;B11_F_T_C02_Z10;542;stele;460.5
Cell;B11_F_T_C02_Z10;543;stele;311.5
Cell;B11_F_T_C02_Z10;544;stele;226.5
Cell;B11_F_T_C02_Z10;545;stele;156
Cell;B11_F_T_C02_Z10;546;general;2937
Cell;B11_F_T_C02_Z10;547;stele;327.5
Cell;B11_F_T_C02_Z10;548;stele;447
Cell;B11_F_T_C02_Z10;549;stele;271
Cell;B11_F_T_C02_Z10;550;stele;273.5
Cell;B11_F_T_C02_Z10;551;stele;232
Cell;B11_F_T_C02_Z10;552;stele;180
Cell;B11_F_T_C02_Z10;553;pericycle;972.5
Cell;B11_F_T_C02_Z10;554;stele;241
Cell;B11_F_T_C02_Z10;555;stele;210.5
Cell;B11_F_T_C02_Z10;556;stele;86.5
Cell;B11_F_T_C02_Z10;557;cortex;1332
Cell;B11_F_T_C02_Z10;558;stele;501.5
Cell;B11_F_T_C02_Z10;559;stele;189.5
Cell;B11_F_T_C02_Z10;560;stele;138.5
Cell;B11_F_T_C02_Z10;561;stele;108.5
Cell;B11_F_T_C02_Z10;562;stele;135.5
Cell;B11_F_T_C02_Z10;563;endodermis;1109
Cell;B11_F_T_C02_Z10;564;cortex;1723
Cell;B11_F_T_C02_Z10;565;stele;277
Cell;B11_F_T_C02_Z10;566;cortex;3474
Cell;B11_F_T_C02_Z10;567;stele;235.5
Cell;B11_F_T_C02_Z10;568;stele;154
Cell;B11_F_T_C02_Z10;569;stele;344
Cell;B11_F_T_C02_Z10;570;stele;337.5
Cell;B11_F_T_C02_Z10;571;stele;130.5
Cell;B11_F_T_C02_Z10;572;stele;279.5
Cell;B11_F_T_C02_Z10;573;stele;179.5
Cell;B11_F_T_C02_Z10;574;stele;335
Cell;B11_F_T_C02_Z10;575;stele;144
Cell;B11_F_T_C02_Z10;576;stele;265
Cell;B11_F_T_C02_Z10;577;stele;343
Cell;B11_F_T_C02_Z10;578;cortex;2709.5
Cell;B11_F_T_C02_Z10;579;stele;173.5
Cell;B11_F_T_C02_Z10;580;stele;309.5
Cell;B11_F_T_C02_Z10;581;stele;257
Cell;B11_F_T_C02_Z10;582;endodermis;2279
Cell;B11_F_T_C02_Z10;583;stele;131
Cell;B11_F_T_C02_Z10;584;stele;227
Cell;B11_F_T_C02_Z10;585;stele;178
Cell;B11_F_T_C02_Z10;586;stele;467
Cell;B11_F_T_C02_Z10;587;stele;243
Cell;B11_F_T_C02_Z10;588;stele;148
Cell;B11_F_T_C02_Z10;589;stele;182.5
Cell;B11_F_T_C02_Z10;590;stele;327
Cell;B11_F_T_C02_Z10;591;stele;368.5
Cell;B11_F_T_C02_Z10;592;pericycle;1272.5
Cell;B11_F_T_C02_Z10;593;stele;510
Cell;B11_F_T_C02_Z10;594;stele;439
Cell;B11_F_T_C02_Z10;595;stele;220.5
Cell;B11_F_T_C02_Z10;596;stele;284.5
Cell;B11_F_T_C02_Z10;597;stele;97
Cell;B11_F_T_C02_Z10;598;stele;365.5
Cell;B11_F_T_C02_Z10;599;stele;500.5
Cell;B11_F_T_C02_Z10;600;stele;243
Cell;B11_F_T_C02_Z10;601;stele;88.5
Cell;B11_F_T_C02_Z10;602;stele;87.5
Cell;B11_F_T_C02_Z10;603;general;1259.5
Cell;B11_F_T_C02_Z10;604;stele;64.5
Cell;B11_F_T_C02_Z10;605;stele;288.5
Cell;B11_F_T_C02_Z10;606;endodermis;1668
Cell;B11_F_T_C02_Z10;607;stele;224
Cell;B11_F_T_C02_Z10;608;stele;186
Cell;B11_F_T_C02_Z10;609;stele;192.5
Cell;B11_F_T_C02_Z10;610;stele;206
Cell;B11_F_T_C02_Z10;611;stele;227.5
Cell;B11_F_T_C02_Z10;612;stele;191
Cell;B11_F_T_C02_Z10;613;stele;271.5
Cell;B11_F_T_C02_Z10;614;stele;225.5
Cell;B11_F_T_C02_Z10;615;pericycle;744.5
Cell;B11_F_T_C02_Z10;616;stele;175.5
Cell;B11_F_T_C02_Z10;617;stele;289
Cell;B11_F_T_C02_Z10;618;stele;283.5
Cell;B11_F_T_C02_Z10;619;stele;282
Cell;B11_F_T_C02_Z10;620;stele;327.5
Cell;B11_F_T_C02_Z10;621;stele;415
Cell;B11_F_T_C02_Z10;622;stele;506
Cell;B11_F_T_C02_Z10;623;stele;184.5
Cell;B11_F_T_C02_Z10;624;stele;221.5
Cell;B11_F_T_C02_Z10;625;stele;202.5
Cell;B11_F_T_C02_Z10;626;stele;443.5
Cell;B11_F_T_C02_Z10;627;stele;336.5
Cell;B11_F_T_C02_Z10;628;stele;91
Cell;B11_F_T_C02_Z10;629;general;972.5
Cell;B11_F_T_C02_Z10;630;stele;318
Cell;B11_F_T_C02_Z10;631;stele;290
Cell;B11_F_T_C02_Z10;632;stele;315.5
Cell;B11_F_T_C02_Z10;633;stele;159.5
Cell;B11_F_T_C02_Z10;634;stele;220.5
Cell;B11_F_T_C02_Z10;635;stele;416
Cell;B11_F_T_C02_Z10;636;stele;169
Cell;B11_F_T_C02_Z10;637;stele;401.5
Cell;B11_F_T_C02_Z10;638;stele;163.5
Cell;B11_F_T_C02_Z10;639;cortex;6081.5
Cell;B11_F_T_C02_Z10;640;stele;258
Cell;B11_F_T_C02_Z10;641;stele;430.5
Cell;B11_F_T_C02_Z10;642;endodermis;2980
Cell;B11_F_T_C02_Z10;643;stele;205
Cell;B11_F_T_C02_Z10;644;stele;142.5
Cell;B11_F_T_C02_Z10;645;stele;227.5
Cell;B11_F_T_C02_Z10;646;pericycle;976
Cell;B11_F_T_C02_Z10;647;stele;371.5
Cell;B11_F_T_C02_Z10;648;stele;304
Cell;B11_F_T_C02_Z10;649;stele;107
Cell;B11_F_T_C02_Z10;650;stele;211.5
Cell;B11_F_T_C02_Z10;651;stele;519
Cell;B11_F_T_C02_Z10;652;general;902
Cell;B11_F_T_C02_Z10;653;general;2491
Cell;B11_F_T_C02_Z10;654;stele;422.5
Cell;B11_F_T_C02_Z10;655;stele;100
Cell;B11_F_T_C02_Z10;656;epidermis;1568.5
Cell;B11_F_T_C02_Z10;657;stele;287.5
Cell;B11_F_T_C02_Z10;658;stele;262.5
Cell;B11_F_T_C02_Z10;659;stele;249
Cell;B11_F_T_C02_Z10;660;pericycle;1227.5
Cell;B11_F_T_C02_Z10;661;stele;330.5
Cell;B11_F_T_C02_Z10;662;stele;223
Cell;B11_F_T_C02_Z10;663;stele;167
Cell;B11_F_T_C02_Z10;664;stele;133.5
Cell;B11_F_T_C02_Z10;665;cortex;1209.5
Cell;B11_F_T_C02_Z10;666;stele;150
Cell;B11_F_T_C02_Z10;667;stele;237
Cell;B11_F_T_C02_Z10;668;stele;142.5
Cell;B11_F_T_C02_Z10;669;stele;438.5
Cell;B11_F_T_C02_Z10;670;cortex;2119.5
Cell;B11_F_T_C02_Z10;671;stele;378.5
Cell;B11_F_T_C02_Z10;672;stele;255.5
Cell;B11_F_T_C02_Z10;673;stele;175.5
Cell;B11_F_T_C02_Z10;674;stele;279
Cell;B11_F_T_C02_Z10;675;stele;167
Cell;B11_F_T_C02_Z10;676;endodermis;1984.5
Cell;B11_F_T_C02_Z10;677;stele;414.5
Cell;B11_F_T_C02_Z10;678;stele;463.5
Cell;B11_F_T_C02_Z10;679;stele;148
Cell;B11_F_T_C02_Z10;680;stele;297
Cell;B11_F_T_C02_Z10;681;stele;306.5
Cell;B11_F_T_C02_Z10;682;stele;302.5
Cell;B11_F_T_C02_Z10;683;stele;303
Cell;B11_F_T_C02_Z10;684;pericycle;1787
Cell;B11_F_T_C02_Z10;685;stele;87.5
Cell;B11_F_T_C02_Z10;686;stele;140
Cell;B11_F_T_C02_Z10;687;stele;82.5
Cell;B11_F_T_C02_Z10;688;stele;257.5
Cell;B11_F_T_C02_Z10;689;stele;124.5
Cell;B11_F_T_C02_Z10;690;general;978.5
Cell;B11_F_T_C02_Z10;691;stele;442
Cell;B11_F_T_C02_Z10;692;stele;104
Cell;B11_F_T_C02_Z10;693;stele;97.5
Cell;B11_F_T_C02_Z10;694;stele;287
Cell;B11_F_T_C02_Z10;695;stele;231.5
Cell;B11_F_T_C02_Z10;696;stele;90.5
Cell;B11_F_T_C02_Z10;697;stele;340
Cell;B11_F_T_C02_Z10;698;stele;262
Cell;B11_F_T_C02_Z10;699;stele;337
Cell;B11_F_T_C02_Z10;700;pericycle;1887
Cell;B11_F_T_C02_Z10;701;stele;193
Cell;B11_F_T_C02_Z10;702;stele;206.5
Cell;B11_F_T_C02_Z10;703;cortex;1638.5
Cell;B11_F_T_C02_Z10;704;epidermis;408.5
Cell;B11_F_T_C02_Z10;705;stele;223.5
Cell;B11_F_T_C02_Z10;706;stele;181.5
Cell;B11_F_T_C02_Z10;707;stele;729.5
Cell;B11_F_T_C02_Z10;708;stele;141
Cell;B11_F_T_C02_Z10;709;stele;98
Cell;B11_F_T_C02_Z10;710;stele;145
Cell;B11_F_T_C02_Z10;711;endodermis;1408.5
Cell;B11_F_T_C02_Z10;712;stele;180.5
Cell;B11_F_T_C02_Z10;713;stele;130.5
Cell;B11_F_T_C02_Z10;714;stele;172
Cell;B11_F_T_C02_Z10;715;stele;127.5
Cell;B11_F_T_C02_Z10;716;stele;334
Cell;B11_F_T_C02_Z10;717;stele;106
Cell;B11_F_T_C02_Z10;718;endodermis;3646
Cell;B11_F_T_C02_Z10;719;stele;258
Cell;B11_F_T_C02_Z10;720;general;730
Cell;B11_F_T_C02_Z10;721;stele;183
Cell;B11_F_T_C02_Z10;722;cortex;1010
Cell;B11_F_T_C02_Z10;723;stele;150
Cell;B11_F_T_C02_Z10;724;stele;114
Cell;B11_F_T_C02_Z10;725;stele;443
Cell;B11_F_T_C02_Z10;726;general;406
Cell;B11_F_T_C02_Z10;727;stele;278
Cell;B11_F_T_C02_Z10;728;stele;298
Cell;B11_F_T_C02_Z10;729;epidermis;573.5
Cell;B11_F_T_C02_Z10;730;stele;92.5
Cell;B11_F_T_C02_Z10;731;stele;93.5
Cell;B11_F_T_C02_Z10;732;pericycle;1572
Cell;B11_F_T_C02_Z10;733;stele;556.5
Cell;B11_F_T_C02_Z10;734;cortex;798
Cell;B11_F_T_C02_Z10;735;stele;147
Cell;B11_F_T_C02_Z10;736;stele;167.5
Cell;B11_F_T_C02_Z10;737;general;1103.5
Cell;B11_F_T_C02_Z10;738;pericycle;869
Cell;B11_F_T_C02_Z10;739;stele;126.5
Cell;B11_F_T_C02_Z10;740;cortex;3480.5
Cell;B11_F_T_C02_Z10;741;stele;283.5
Cell;B11_F_T_C02_Z10;742;stele;135
Cell;B11_F_T_C02_Z10;743;stele;207.5
Cell;B11_F_T_C02_Z10;744;endodermis;2594.5
Cell;B11_F_T_C02_Z10;745;cortex;1881.5
Cell;B11_F_T_C02_Z10;746;stele;230
Cell;B11_F_T_C02_Z10;747;cortex;6133
Cell;B11_F_T_C02_Z10;748;stele;97
Cell;B11_F_T_C02_Z10;749;pericycle;1207.5
Cell;B11_F_T_C02_Z10;750;endodermis;3100.5
Cell;B11_F_T_C02_Z10;751;pericycle;1057.5
Cell;B11_F_T_C02_Z10;752;epidermis;1275.5
Cell;B11_F_T_C02_Z10;753;cortex;5531.5
Cell;B11_F_T_C02_Z10;754;endodermis;1673
Cell;B11_F_T_C02_Z10;755;endodermis;1819.5
Cell;B11_F_T_C02_Z10;756;rootcapl2;181
Cell;B11_F_T_C02_Z10;757;general;1129.5
Cell;B11_F_T_C02_Z10;758;endodermis;1696
Cell;B11_F_T_C02_Z10;759;cortex;584
Cell;B11_F_T_C02_Z10;760;cortex;1482.5
Cell;B11_F_T_C02_Z10;761;endodermis;2042.5
Cell;B11_F_T_C02_Z10;762;general;951
Cell;B11_F_T_C02_Z10;763;rootcapl2;275
Cell;B11_F_T_C02_Z10;764;cortex;1382
Cell;B11_F_T_C02_Z10;765;cortex;1720.5
Cell;B11_F_T_C02_Z10;766;cortex;360
Cell;B11_F_T_C02_Z10;767;epidermis;309.5
Cell;B11_F_T_C02_Z10;768;cortex;3082
Cell;B11_F_T_C02_Z10;769;cortex;2355
Cell;B11_F_T_C02_Z10;770;cortex;4044
Cell;B11_F_T_C02_Z10;771;cortex;2902.5
Cell;B11_F_T_C02_Z10;772;general;10772
Cell;B11_F_T_C02_Z10;773;epidermis;418.5
Cell;B11_F_T_C02_Z10;774;cortex;1422.5
Cell;B11_F_T_C02_Z10;775;cortex;2002.5
Cell;B11_F_T_C02_Z10;776;cortex;795
Cell;B11_F_T_C02_Z10;777;cortex;411.5
Cell;B11_F_T_C02_Z10;778;cortex;1245.5
Cell;B11_F_T_C02_Z10;779;cortex;1084.5
Cell;B11_F_T_C02_Z10;780;cortex;727
Cell;B11_F_T_C02_Z10;781;general;1211
Cell;B11_F_T_C02_Z10;782;general;1278
Cell;B11_F_T_C02_Z10;783;general;2061
Cell;B11_F_T_C02_Z10;784;cortex;1494.5
Cell;B11_F_T_C02_Z10;785;general;1368.5
Cell;B11_F_T_C02_Z10;786;cortex;2892
Cell;B11_F_T_C02_Z10;787;general;953
Cell;B11_F_T_C02_Z10;788;general;889.5
Cell;B11_F_T_C02_Z10;789;general;4052
Cell;B11_F_T_C02_Z10;790;general;2363
Cell;B11_F_T_C02_Z10;791;epidermis;487.5
Cell;B11_F_T_C02_Z10;792;general;1167
Cell;B11_F_T_C02_Z10;793;epidermis;1324
Cell;B11_F_T_C02_Z10;794;epidermis;1664.5
Cell;B11_F_T_C01_Z10;0;epidermis;2101.5
Cell;B11_F_T_C01_Z10;1;epidermis;972
Cell;B11_F_T_C01_Z10;2;epidermis;1580
Cell;B11_F_T_C01_Z10;3;epidermis;2019
Cell;B11_F_T_C01_Z10;4;general;5782
Cell;B11_F_T_C01_Z10;5;general;1215.5
Cell;B11_F_T_C01_Z10;6;epidermis;2313.5
Cell;B11_F_T_C01_Z10;7;general;1693.5
Cell;B11_F_T_C01_Z10;8;general;2786
Cell;B11_F_T_C01_Z10;9;general;3438.5
Cell;B11_F_T_C01_Z10;10;epidermis;2809
Cell;B11_F_T_C01_Z10;11;epidermis;1208.5
Cell;B11_F_T_C01_Z10;12;epidermis;1030.5
Cell;B11_F_T_C01_Z10;13;epidermis;1314
Cell;B11_F_T_C01_Z10;14;epidermis;3347
Cell;B11_F_T_C01_Z10;15;general;4761.5
Cell;B11_F_T_C01_Z10;16;epidermis;836
Cell;B11_F_T_C01_Z10;17;epidermis;836
Cell;B11_F_T_C01_Z10;18;cortex;5138
Cell;B11_F_T_C01_Z10;19;general;974.5
Cell;B11_F_T_C01_Z10;20;general;3107
Cell;B11_F_T_C01_Z10;21;general;1110
Cell;B11_F_T_C01_Z10;22;general;686.5
Cell;B11_F_T_C01_Z10;23;general;1498
Cell;B11_F_T_C01_Z10;24;epidermis;591.5
Cell;B11_F_T_C01_Z10;25;general;1662
Cell;B11_F_T_C01_Z10;26;epidermis;1327.5
Cell;B11_F_T_C01_Z10;27;cortex;2119.5
Cell;B11_F_T_C01_Z10;28;cortex;1939
Cell;B11_F_T_C01_Z10;29;cortex;2171
Cell;B11_F_T_C01_Z10;30;general;1087
Cell;B11_F_T_C01_Z10;31;cortex;1028
Cell;B11_F_T_C01_Z10;32;general;2024
Cell;B11_F_T_C01_Z10;33;epidermis;1717
Cell;B11_F_T_C01_Z10;34;cortex;1626.5
Cell;B11_F_T_C01_Z10;35;general;3223.5
Cell;B11_F_T_C01_Z10;36;general;1804
Cell;B11_F_T_C01_Z10;37;cortex;533
Cell;B11_F_T_C01_Z10;38;cortex;883.5
Cell;B11_F_T_C01_Z10;39;cortex;1356.5
Cell;B11_F_T_C01_Z10;40;cortex;5865
Cell;B11_F_T_C01_Z10;41;cortex;3431.5
Cell;B11_F_T_C01_Z10;42;cortex;2972.5
Cell;B11_F_T_C01_Z10;43;cortex;3131
Cell;B11_F_T_C01_Z10;44;epidermis;1129.5
Cell;B11_F_T_C01_Z10;45;cortex;3128
Cell;B11_F_T_C01_Z10;46;cortex;4643.5
Cell;B11_F_T_C01_Z10;47;cortex;3249
Cell;B11_F_T_C01_Z10;48;epidermis;1855.5
Cell;B11_F_T_C01_Z10;49;cortex;1521
Cell;B11_F_T_C01_Z10;50;cortex;5970
Cell;B11_F_T_C01_Z10;51;general;759
Cell;B11_F_T_C01_Z10;52;cortex;2872.5
Cell;B11_F_T_C01_Z10;53;cortex;759
Cell;B11_F_T_C01_Z10;54;general;2630
Cell;B11_F_T_C01_Z10;55;cortex;681.5
Cell;B11_F_T_C01_Z10;56;cortex;1139
Cell;B11_F_T_C01_Z10;57;epidermis;875
Cell;B11_F_T_C01_Z10;58;cortex;411
Cell;B11_F_T_C01_Z10;59;epidermis;1149.5
Cell;B11_F_T_C01_Z10;60;cortex;1891
Cell;B11_F_T_C01_Z10;61;endodermis;3296.5
Cell;B11_F_T_C01_Z10;62;cortex;845.5
Cell;B11_F_T_C01_Z10;63;endodermis;1791.5
Cell;B11_F_T_C01_Z10;64;endodermis;2504.5
Cell;B11_F_T_C01_Z10;65;endodermis;2026.5
Cell;B11_F_T_C01_Z10;66;cortex;1027.5
Cell;B11_F_T_C01_Z10;67;cortex;3186.5
Cell;B11_F_T_C01_Z10;68;general;4962.5
Cell;B11_F_T_C01_Z10;69;endodermis;1108.5
Cell;B11_F_T_C01_Z10;70;endodermis;991.5
Cell;B11_F_T_C01_Z10;71;cortex;2772
Cell;B11_F_T_C01_Z10;72;epidermis;1001
Cell;B11_F_T_C01_Z10;73;epidermis;726
Cell;B11_F_T_C01_Z10;74;cortex;1087.5
Cell;B11_F_T_C01_Z10;75;endodermis;2643
Cell;B11_F_T_C01_Z10;76;general;4287.5
Cell;B11_F_T_C01_Z10;77;cortex;4305.5
Cell;B11_F_T_C01_Z10;78;cortex;279
Cell;B11_F_T_C01_Z10;79;general;1105.5
Cell;B11_F_T_C01_Z10;80;general;519.5
Cell;B11_F_T_C01_Z10;81;endodermis;2429.5
Cell;B11_F_T_C01_Z10;82;endodermis;2934.5
Cell;B11_F_T_C01_Z10;83;cortex;799.5
Cell;B11_F_T_C01_Z10;84;endodermis;3429
Cell;B11_F_T_C01_Z10;85;cortex;1345.5
Cell;B11_F_T_C01_Z10;86;pericycle;2704
Cell;B11_F_T_C01_Z10;87;cortex;4056.5
Cell;B11_F_T_C01_Z10;88;cortex;1933
Cell;B11_F_T_C01_Z10;89;epidermis;909
Cell;B11_F_T_C01_Z10;90;pericycle;904
Cell;B11_F_T_C01_Z10;91;pericycle;1330
Cell;B11_F_T_C01_Z10;92;pericycle;2066
Cell;B11_F_T_C01_Z10;93;general;1697
Cell;B11_F_T_C01_Z10;94;cortex;2215.5
Cell;B11_F_T_C01_Z10;96;cortex;2299
Cell;B11_F_T_C01_Z10;97;pericycle;2228.5
Cell;B11_F_T_C01_Z10;98;endodermis;4419.5
Cell;B11_F_T_C01_Z10;99;epidermis;523.5
Cell;B11_F_T_C01_Z10;100;cortex;4022
Cell;B11_F_T_C01_Z10;101;pericycle;1259
Cell;B11_F_T_C01_Z10;102;stele;257
Cell;B11_F_T_C01_Z10;103;stele;100.5
Cell;B11_F_T_C01_Z10;104;epidermis;1482
Cell;B11_F_T_C01_Z10;105;stele;786
Cell;B11_F_T_C01_Z10;106;cortex;3982
Cell;B11_F_T_C01_Z10;107;endodermis;1329.5
Cell;B11_F_T_C01_Z10;108;pericycle;1736
Cell;B11_F_T_C01_Z10;109;general;2238.5
Cell;B11_F_T_C01_Z10;110;stele;405
Cell;B11_F_T_C01_Z10;111;general;1852.5
Cell;B11_F_T_C01_Z10;112;stele;271.5
Cell;B11_F_T_C01_Z10;113;stele;279
Cell;B11_F_T_C01_Z10;114;stele;138
Cell;B11_F_T_C01_Z10;115;pericycle;629.5
Cell;B11_F_T_C01_Z10;116;cortex;1365.5
Cell;B11_F_T_C01_Z10;117;stele;137.5
Cell;B11_F_T_C01_Z10;118;stele;349
Cell;B11_F_T_C01_Z10;119;stele;449.5
Cell;B11_F_T_C01_Z10;120;stele;153.5
Cell;B11_F_T_C01_Z10;121;endodermis;3094.5
Cell;B11_F_T_C01_Z10;122;stele;384
Cell;B11_F_T_C01_Z10;123;cortex;1290
Cell;B11_F_T_C01_Z10;124;cortex;2618
Cell;B11_F_T_C01_Z10;125;stele;329
Cell;B11_F_T_C01_Z10;126;stele;473
Cell;B11_F_T_C01_Z10;127;pericycle;2373.5
Cell;B11_F_T_C01_Z10;128;stele;249.5
Cell;B11_F_T_C01_Z10;129;stele;318
Cell;B11_F_T_C01_Z10;130;endodermis;2440
Cell;B11_F_T_C01_Z10;131;stele;243
Cell;B11_F_T_C01_Z10;132;stele;169.5
Cell;B11_F_T_C01_Z10;133;cortex;564.5
Cell;B11_F_T_C01_Z10;134;stele;217
Cell;B11_F_T_C01_Z10;135;stele;671
Cell;B11_F_T_C01_Z10;136;stele;434
Cell;B11_F_T_C01_Z10;137;stele;81
Cell;B11_F_T_C01_Z10;138;stele;510
Cell;B11_F_T_C01_Z10;139;stele;150
Cell;B11_F_T_C01_Z10;140;epidermis;455
Cell;B11_F_T_C01_Z10;141;cortex;1188
Cell;B11_F_T_C01_Z10;142;stele;186.5
Cell;B11_F_T_C01_Z10;143;stele;286.5
Cell;B11_F_T_C01_Z10;144;pericycle;928.5
Cell;B11_F_T_C01_Z10;145;endodermis;1639
Cell;B11_F_T_C01_Z10;146;epidermis;1243
Cell;B11_F_T_C01_Z10;147;stele;377.5
Cell;B11_F_T_C01_Z10;148;stele;241
Cell;B11_F_T_C01_Z10;149;stele;524.5
Cell;B11_F_T_C01_Z10;150;stele;395.5
Cell;B11_F_T_C01_Z10;151;stele;150
Cell;B11_F_T_C01_Z10;152;stele;209
Cell;B11_F_T_C01_Z10;153;stele;451.5
Cell;B11_F_T_C01_Z10;154;stele;455.5
Cell;B11_F_T_C01_Z10;155;stele;536.5
Cell;B11_F_T_C01_Z10;156;general;2954.5
Cell;B11_F_T_C01_Z10;157;stele;378
Cell;B11_F_T_C01_Z10;158;stele;586.5
Cell;B11_F_T_C01_Z10;159;stele;310.5
Cell;B11_F_T_C01_Z10;160;stele;861
Cell;B11_F_T_C01_Z10;161;cortex;720
Cell;B11_F_T_C01_Z10;162;stele;455.5
Cell;B11_F_T_C01_Z10;163;stele;474.5
Cell;B11_F_T_C01_Z10;164;stele;170
Cell;B11_F_T_C01_Z10;165;pericycle;1416.5
Cell;B11_F_T_C01_Z10;166;stele;219
Cell;B11_F_T_C01_Z10;167;stele;204.5
Cell;B11_F_T_C01_Z10;168;cortex;631
Cell;B11_F_T_C01_Z10;169;pericycle;730.5
Cell;B11_F_T_C01_Z10;170;stele;479
Cell;B11_F_T_C01_Z10;171;cortex;2051
Cell;B11_F_T_C01_Z10;172;stele;346
Cell;B11_F_T_C01_Z10;173;epidermis;436
Cell;B11_F_T_C01_Z10;174;stele;494
Cell;B11_F_T_C01_Z10;175;stele;178
Cell;B11_F_T_C01_Z10;176;stele;439.5
Cell;B11_F_T_C01_Z10;177;general;7411
Cell;B11_F_T_C01_Z10;179;stele;385
Cell;B11_F_T_C01_Z10;180;stele;652.5
Cell;B11_F_T_C01_Z10;181;stele;171
Cell;B11_F_T_C01_Z10;182;cortex;747.5
Cell;B11_F_T_C01_Z10;183;stele;644
Cell;B11_F_T_C01_Z10;184;stele;325
Cell;B11_F_T_C01_Z10;185;stele;313.5
Cell;B11_F_T_C01_Z10;186;stele;326
Cell;B11_F_T_C01_Z10;187;stele;319
Cell;B11_F_T_C01_Z10;188;stele;344.5
Cell;B11_F_T_C01_Z10;189;stele;414.5
Cell;B11_F_T_C01_Z10;190;stele;510.5
Cell;B11_F_T_C01_Z10;191;stele;366
Cell;B11_F_T_C01_Z10;192;stele;508.5
Cell;B11_F_T_C01_Z10;193;stele;578.5
Cell;B11_F_T_C01_Z10;194;stele;170
Cell;B11_F_T_C01_Z10;195;stele;277.5
Cell;B11_F_T_C01_Z10;196;stele;468
Cell;B11_F_T_C01_Z10;197;stele;800
Cell;B11_F_T_C01_Z10;198;stele;293.5
Cell;B11_F_T_C01_Z10;199;cortex;1032
Cell;B11_F_T_C01_Z10;200;stele;420
Cell;B11_F_T_C01_Z10;201;pericycle;1642.5
Cell;B11_F_T_C01_Z10;202;cortex;5922.5
Cell;B11_F_T_C01_Z10;203;pericycle;2145
Cell;B11_F_T_C01_Z10;204;stele;335
Cell;B11_F_T_C01_Z10;205;stele;941
Cell;B11_F_T_C01_Z10;206;stele;718.5
Cell;B11_F_T_C01_Z10;207;stele;211
Cell;B11_F_T_C01_Z10;208;stele;566.5
Cell;B11_F_T_C01_Z10;209;epidermis;2135.5
Cell;B11_F_T_C01_Z10;210;stele;182.5
Cell;B11_F_T_C01_Z10;211;cortex;4132
Cell;B11_F_T_C01_Z10;212;stele;332.5
Cell;B11_F_T_C01_Z10;213;stele;356
Cell;B11_F_T_C01_Z10;214;stele;1065.5
Cell;B11_F_T_C01_Z10;215;endodermis;1535.5
Cell;B11_F_T_C01_Z10;216;stele;485
Cell;B11_F_T_C01_Z10;217;endodermis;4164
Cell;B11_F_T_C01_Z10;218;stele;1193
Cell;B11_F_T_C01_Z10;219;stele;203
Cell;B11_F_T_C01_Z10;220;stele;1042
Cell;B11_F_T_C01_Z10;221;stele;321
Cell;B11_F_T_C01_Z10;222;stele;1071.5
Cell;B11_F_T_C01_Z10;223;stele;423.5
Cell;B11_F_T_C01_Z10;224;stele;409.5
Cell;B11_F_T_C01_Z10;225;endodermis;2513.5
Cell;B11_F_T_C01_Z10;226;cortex;1084
Cell;B11_F_T_C01_Z10;227;stele;225
Cell;B11_F_T_C01_Z10;228;stele;245
Cell;B11_F_T_C01_Z10;229;stele;209.5
Cell;B11_F_T_C01_Z10;230;stele;196.5
Cell;B11_F_T_C01_Z10;231;stele;536.5
Cell;B11_F_T_C01_Z10;232;stele;796.5
Cell;B11_F_T_C01_Z10;233;stele;184.5
Cell;B11_F_T_C01_Z10;234;stele;252.5
Cell;B11_F_T_C01_Z10;235;stele;300
Cell;B11_F_T_C01_Z10;236;stele;344.5
Cell;B11_F_T_C01_Z10;237;stele;317.5
Cell;B11_F_T_C01_Z10;238;stele;308.5
Cell;B11_F_T_C01_Z10;239;stele;426.5
Cell;B11_F_T_C01_Z10;240;stele;938.5
Cell;B11_F_T_C01_Z10;241;stele;244
Cell;B11_F_T_C01_Z10;242;stele;350.5
Cell;B11_F_T_C01_Z10;243;stele;271
Cell;B11_F_T_C01_Z10;244;stele;201.5
Cell;B11_F_T_C01_Z10;245;stele;305
Cell;B11_F_T_C01_Z10;246;stele;486
Cell;B11_F_T_C01_Z10;247;stele;336
Cell;B11_F_T_C01_Z10;248;epidermis;1817
Cell;B11_F_T_C01_Z10;249;cortex;566.5
Cell;B11_F_T_C01_Z10;250;stele;282
Cell;B11_F_T_C01_Z10;251;stele;977.5
Cell;B11_F_T_C01_Z10;252;stele;261
Cell;B11_F_T_C01_Z10;253;stele;244.5
Cell;B11_F_T_C01_Z10;254;stele;351.5
Cell;B11_F_T_C01_Z10;255;general;2854
Cell;B11_F_T_C01_Z10;256;stele;930
Cell;B11_F_T_C01_Z10;257;stele;273.5
Cell;B11_F_T_C01_Z10;258;stele;333
Cell;B11_F_T_C01_Z10;259;stele;273
Cell;B11_F_T_C01_Z10;260;stele;710.5
Cell;B11_F_T_C01_Z10;261;endodermis;2263
Cell;B11_F_T_C01_Z10;262;cortex;1964
Cell;B11_F_T_C01_Z10;263;stele;507.5
Cell;B11_F_T_C01_Z10;264;stele;391
Cell;B11_F_T_C01_Z10;265;stele;144
Cell;B11_F_T_C01_Z10;266;columella3;6796
Cell;B11_F_T_C01_Z10;267;stele;332
Cell;B11_F_T_C01_Z10;268;cortex;1348
Cell;B11_F_T_C01_Z10;269;stele;531.5
Cell;B11_F_T_C01_Z10;270;stele;568.5
Cell;B11_F_T_C01_Z10;272;stele;540
Cell;B11_F_T_C01_Z10;273;stele;399
Cell;B11_F_T_C01_Z10;274;pericycle;1257
Cell;B11_F_T_C01_Z10;275;pericycle;2773.5
Cell;B11_F_T_C01_Z10;276;stele;398.5
Cell;B11_F_T_C01_Z10;277;columella3;7083
Cell;B11_F_T_C01_Z10;278;stele;710
Cell;B11_F_T_C01_Z10;279;stele;402.5
Cell;B11_F_T_C01_Z10;280;stele;571.5
Cell;B11_F_T_C01_Z10;281;stele;220.5
Cell;B11_F_T_C01_Z10;282;stele;257.5
Cell;B11_F_T_C01_Z10;283;stele;337.5
Cell;B11_F_T_C01_Z10;284;cortex;466.5
Cell;B11_F_T_C01_Z10;285;stele;256.5
Cell;B11_F_T_C01_Z10;286;general;1148
Cell;B11_F_T_C01_Z10;287;stele;321.5
Cell;B11_F_T_C01_Z10;288;stele;298.5
Cell;B11_F_T_C01_Z10;289;stele;380
Cell;B11_F_T_C01_Z10;291;stele;701.5
Cell;B11_F_T_C01_Z10;292;stele;591
Cell;B11_F_T_C01_Z10;293;stele;395.5
Cell;B11_F_T_C01_Z10;294;stele;346
Cell;B11_F_T_C01_Z10;295;cortex;462.5
Cell;B11_F_T_C01_Z10;296;stele;493
Cell;B11_F_T_C01_Z10;297;stele;242
Cell;B11_F_T_C01_Z10;298;stele;270.5
Cell;B11_F_T_C01_Z10;299;stele;533.5
Cell;B11_F_T_C01_Z10;300;stele;418.5
Cell;B11_F_T_C01_Z10;301;stele;405.5
Cell;B11_F_T_C01_Z10;302;stele;1089.5
Cell;B11_F_T_C01_Z10;303;stele;567.5
Cell;B11_F_T_C01_Z10;304;cortex;1795.5
Cell;B11_F_T_C01_Z10;305;cortex;1151
Cell;B11_F_T_C01_Z10;306;cortex;1044
Cell;B11_F_T_C01_Z10;307;stele;321
Cell;B11_F_T_C01_Z10;308;stele;729
Cell;B11_F_T_C01_Z10;309;stele;553.5
Cell;B11_F_T_C01_Z10;310;stele;468
Cell;B11_F_T_C01_Z10;311;endodermis;2131.5
Cell;B11_F_T_C01_Z10;312;pericycle;3657.5
Cell;B11_F_T_C01_Z10;313;epidermis;1660.5
Cell;B11_F_T_C01_Z10;314;stele;899.5
Cell;B11_F_T_C01_Z10;315;stele;771
Cell;B11_F_T_C01_Z10;316;stele;371
Cell;B11_F_T_C01_Z10;317;stele;672.5
Cell;B11_F_T_C01_Z10;318;stele;244.5
Cell;B11_F_T_C01_Z10;319;stele;1077
Cell;B11_F_T_C01_Z10;320;stele;1041.5
Cell;B11_F_T_C01_Z10;321;stele;262.5
Cell;B11_F_T_C01_Z10;322;general;301
Cell;B11_F_T_C01_Z10;323;stele;757
Cell;B11_F_T_C01_Z10;324;stele;347.5
Cell;B11_F_T_C01_Z10;325;pericycle;2651
Cell;B11_F_T_C01_Z10;326;cortex;1877
Cell;B11_F_T_C01_Z10;327;stele;948
Cell;B11_F_T_C01_Z10;328;stele;1435.5
Cell;B11_F_T_C01_Z10;329;endodermis;986
Cell;B11_F_T_C01_Z10;330;stele;229
Cell;B11_F_T_C01_Z10;331;stele;385
Cell;B11_F_T_C01_Z10;332;stele;374.5
Cell;B11_F_T_C01_Z10;333;stele;820
Cell;B11_F_T_C01_Z10;334;stele;703.5
Cell;B11_F_T_C01_Z10;335;cortex;745.5
Cell;B11_F_T_C01_Z10;336;general;2257.5
Cell;B11_F_T_C01_Z10;337;stele;78.5
Cell;B11_F_T_C01_Z10;338;stele;371.5
Cell;B11_F_T_C01_Z10;339;stele;143.5
Cell;B11_F_T_C01_Z10;340;stele;1097.5
Cell;B11_F_T_C01_Z10;341;stele;535.5
Cell;B11_F_T_C01_Z10;342;stele;364
Cell;B11_F_T_C01_Z10;343;stele;900.5
Cell;B11_F_T_C01_Z10;344;stele;1273
Cell;B11_F_T_C01_Z10;345;stele;414
Cell;B11_F_T_C01_Z10;346;stele;864
Cell;B11_F_T_C01_Z10;347;cortex;979.5
Cell;B11_F_T_C01_Z10;348;cortex;456
Cell;B11_F_T_C01_Z10;349;general;7787.5
Cell;B11_F_T_C01_Z10;350;stele;152.5
Cell;B11_F_T_C01_Z10;351;stele;383
Cell;B11_F_T_C01_Z10;352;epidermis;578
Cell;B11_F_T_C01_Z10;353;stele;181.5
Cell;B11_F_T_C01_Z10;354;stele;177
Cell;B11_F_T_C01_Z10;355;columella3;4263
Cell;B11_F_T_C01_Z10;356;stele;244
Cell;B11_F_T_C01_Z10;357;stele;515.5
Cell;B11_F_T_C01_Z10;358;stele;434.5
Cell;B11_F_T_C01_Z10;359;stele;670
Cell;B11_F_T_C01_Z10;360;general;1545
Cell;B11_F_T_C01_Z10;361;stele;162
Cell;B11_F_T_C01_Z10;362;stele;208.5
Cell;B11_F_T_C01_Z10;363;stele;814.5
Cell;B11_F_T_C01_Z10;364;stele;1086.5
Cell;B11_F_T_C01_Z10;365;cortex;6656.5
Cell;B11_F_T_C01_Z10;366;stele;523.5
Cell;B11_F_T_C01_Z10;367;columella3;2848
Cell;B11_F_T_C01_Z10;368;stele;114.5
Cell;B11_F_T_C01_Z10;369;stele;695
Cell;B11_F_T_C01_Z10;370;cortex;2686
Cell;B11_F_T_C01_Z10;371;columella3;5828.5
Cell;B11_F_T_C01_Z10;372;stele;117.5
Cell;B11_F_T_C01_Z10;373;stele;522.5
Cell;B11_F_T_C01_Z10;374;stele;276
Cell;B11_F_T_C01_Z10;375;stele;259.5
Cell;B11_F_T_C01_Z10;376;stele;395.5
Cell;B11_F_T_C01_Z10;377;cortex;1320.5
Cell;B11_F_T_C01_Z10;378;cortex;3538
Cell;B11_F_T_C01_Z10;379;stele;520
Cell;B11_F_T_C01_Z10;381;stele;151
Cell;B11_F_T_C01_Z10;382;stele;1148.5
Cell;B11_F_T_C01_Z10;383;stele;352.5
Cell;B11_F_T_C01_Z10;384;stele;245.5
Cell;B11_F_T_C01_Z10;385;stele;257
Cell;B11_F_T_C01_Z10;386;cortex;2673
Cell;B11_F_T_C01_Z10;387;general;1572.5
Cell;B11_F_T_C01_Z10;388;stele;209.5
Cell;B11_F_T_C01_Z10;389;endodermis;2874
Cell;B11_F_T_C01_Z10;390;stele;812.5
Cell;B11_F_T_C01_Z10;391;endodermis;4924.5
Cell;B11_F_T_C01_Z10;392;stele;160.5
Cell;B11_F_T_C01_Z10;393;stele;577
Cell;B11_F_T_C01_Z10;394;cortex;1491.5
Cell;B11_F_T_C01_Z10;395;stele;836
Cell;B11_F_T_C01_Z10;396;stele;511.5
Cell;B11_F_T_C01_Z10;397;stele;448.5
Cell;B11_F_T_C01_Z10;398;stele;348
Cell;B11_F_T_C01_Z10;399;stele;865.5
Cell;B11_F_T_C01_Z10;400;stele;219
Cell;B11_F_T_C01_Z10;401;stele;154.5
Cell;B11_F_T_C01_Z10;402;stele;329
Cell;B11_F_T_C01_Z10;403;stele;497
Cell;B11_F_T_C01_Z10;404;stele;553.5
Cell;B11_F_T_C01_Z10;405;stele;312.5
Cell;B11_F_T_C01_Z10;406;stele;121.5
Cell;B11_F_T_C01_Z10;407;stele;708.5
Cell;B11_F_T_C01_Z10;408;columella3;10292
Cell;B11_F_T_C01_Z10;409;stele;167
Cell;B11_F_T_C01_Z10;410;stele;443
Cell;B11_F_T_C01_Z10;411;stele;1312.5
Cell;B11_F_T_C01_Z10;412;stele;448
Cell;B11_F_T_C01_Z10;413;epidermis;520.5
Cell;B11_F_T_C01_Z10;414;stele;173
Cell;B11_F_T_C01_Z10;415;stele;212
Cell;B11_F_T_C01_Z10;416;stele;269.5
Cell;B11_F_T_C01_Z10;417;stele;424
Cell;B11_F_T_C01_Z10;418;stele;423
Cell;B11_F_T_C01_Z10;419;stele;866
Cell;B11_F_T_C01_Z10;420;stele;385.5
Cell;B11_F_T_C01_Z10;421;stele;376.5
Cell;B11_F_T_C01_Z10;422;stele;980.5
Cell;B11_F_T_C01_Z10;424;stele;557.5
Cell;B11_F_T_C01_Z10;425;stele;151
Cell;B11_F_T_C01_Z10;426;pericycle;955
Cell;B11_F_T_C01_Z10;427;stele;341
Cell;B11_F_T_C01_Z10;428;stele;341
Cell;B11_F_T_C01_Z10;429;stele;541
Cell;B11_F_T_C01_Z10;430;pericycle;776
Cell;B11_F_T_C01_Z10;431;stele;84
Cell;B11_F_T_C01_Z10;432;stele;492
Cell;B11_F_T_C01_Z10;433;stele;1123.5
Cell;B11_F_T_C01_Z10;434;cortex;2449
Cell;B11_F_T_C01_Z10;435;stele;297
Cell;B11_F_T_C01_Z10;436;stele;399.5
Cell;B11_F_T_C01_Z10;437;stele;165.5
Cell;B11_F_T_C01_Z10;438;stele;173
Cell;B11_F_T_C01_Z10;439;stele;400.5
Cell;B11_F_T_C01_Z10;441;stele;390.5
Cell;B11_F_T_C01_Z10;442;stele;409.5
Cell;B11_F_T_C01_Z10;443;stele;166
Cell;B11_F_T_C01_Z10;444;stele;655
Cell;B11_F_T_C01_Z10;445;stele;248.5
Cell;B11_F_T_C01_Z10;446;stele;325
Cell;B11_F_T_C01_Z10;447;stele;733
Cell;B11_F_T_C01_Z10;448;stele;351
Cell;B11_F_T_C01_Z10;449;stele;307
Cell;B11_F_T_C01_Z10;450;stele;624
Cell;B11_F_T_C01_Z10;451;stele;210.5
Cell;B11_F_T_C01_Z10;452;stele;457.5
Cell;B11_F_T_C01_Z10;453;stele;181
Cell;B11_F_T_C01_Z10;454;stele;478.5
Cell;B11_F_T_C01_Z10;455;stele;688
Cell;B11_F_T_C01_Z10;456;stele;303
Cell;B11_F_T_C01_Z10;457;cortex;2564.5
Cell;B11_F_T_C01_Z10;458;stele;203.5
Cell;B11_F_T_C01_Z10;459;stele;152.5
Cell;B11_F_T_C01_Z10;460;stele;386.5
Cell;B11_F_T_C01_Z10;461;general;2790
Cell;B11_F_T_C01_Z10;462;stele;248.5
Cell;B11_F_T_C01_Z10;463;stele;412
Cell;B11_F_T_C01_Z10;464;stele;510
Cell;B11_F_T_C01_Z10;465;cortex;4151
Cell;B11_F_T_C01_Z10;466;stele;1047.5
Cell;B11_F_T_C01_Z10;467;stele;1544.5
Cell;B11_F_T_C01_Z10;468;stele;146.5
Cell;B11_F_T_C01_Z10;469;stele;425
Cell;B11_F_T_C01_Z10;470;stele;668.5
Cell;B11_F_T_C01_Z10;471;stele;271
Cell;B11_F_T_C01_Z10;472;stele;612
Cell;B11_F_T_C01_Z10;473;stele;373
Cell;B11_F_T_C01_Z10;474;pericycle;999
Cell;B11_F_T_C01_Z10;475;stele;428.5
Cell;B11_F_T_C01_Z10;476;general;2826.5
Cell;B11_F_T_C01_Z10;477;stele;271
Cell;B11_F_T_C01_Z10;478;stele;296
Cell;B11_F_T_C01_Z10;479;stele;908.5
Cell;B11_F_T_C01_Z10;480;stele;754
Cell;B11_F_T_C01_Z10;481;stele;185
Cell;B11_F_T_C01_Z10;482;stele;385
Cell;B11_F_T_C01_Z10;483;stele;90
Cell;B11_F_T_C01_Z10;484;endodermis;1732
Cell;B11_F_T_C01_Z10;485;stele;272
Cell;B11_F_T_C01_Z10;486;columella3;3367
Cell;B11_F_T_C01_Z10;487;stele;603.5
Cell;B11_F_T_C01_Z10;488;stele;457
Cell;B11_F_T_C01_Z10;489;stele;253.5
Cell;B11_F_T_C01_Z10;490;stele;389.5
Cell;B11_F_T_C01_Z10;491;stele;775.5
Cell;B11_F_T_C01_Z10;492;stele;186.5
Cell;B11_F_T_C01_Z10;493;stele;174
Cell;B11_F_T_C01_Z10;494;stele;203
Cell;B11_F_T_C01_Z10;495;columella3;9803.5
Cell;B11_F_T_C01_Z10;496;stele;489
Cell;B11_F_T_C01_Z10;497;stele;228.5
Cell;B11_F_T_C01_Z10;498;pericycle;2370.5
Cell;B11_F_T_C01_Z10;499;stele;1357.5
Cell;B11_F_T_C01_Z10;500;stele;502.5
Cell;B11_F_T_C01_Z10;501;stele;147.5
Cell;B11_F_T_C01_Z10;502;stele;300
Cell;B11_F_T_C01_Z10;503;stele;433
Cell;B11_F_T_C01_Z10;504;stele;537
Cell;B11_F_T_C01_Z10;505;epidermis;1192
Cell;B11_F_T_C01_Z10;506;cortex;4814
Cell;B11_F_T_C01_Z10;507;stele;145
Cell;B11_F_T_C01_Z10;508;stele;430
Cell;B11_F_T_C01_Z10;509;columella3;2175.5
Cell;B11_F_T_C01_Z10;510;stele;358.5
Cell;B11_F_T_C01_Z10;511;stele;632
Cell;B11_F_T_C01_Z10;512;stele;518.5
Cell;B11_F_T_C01_Z10;514;columella3;2070
Cell;B11_F_T_C01_Z10;515;stele;439
Cell;B11_F_T_C01_Z10;516;stele;941.5
Cell;B11_F_T_C01_Z10;517;stele;605
Cell;B11_F_T_C01_Z10;518;stele;208.5
Cell;B11_F_T_C01_Z10;519;stele;426.5
Cell;B11_F_T_C01_Z10;520;endodermis;5010.5
Cell;B11_F_T_C01_Z10;521;cortex;2093
Cell;B11_F_T_C01_Z10;522;endodermis;1390
Cell;B11_F_T_C01_Z10;523;stele;971
Cell;B11_F_T_C01_Z10;524;stele;346.5
Cell;B11_F_T_C01_Z10;525;stele;357.5
Cell;B11_F_T_C01_Z10;526;stele;184
Cell;B11_F_T_C01_Z10;527;general;1890.5
Cell;B11_F_T_C01_Z10;528;stele;429.5
Cell;B11_F_T_C01_Z10;529;stele;403
Cell;B11_F_T_C01_Z10;530;columella3;5062.5
Cell;B11_F_T_C01_Z10;531;stele;363
Cell;B11_F_T_C01_Z10;532;stele;391
Cell;B11_F_T_C01_Z10;533;stele;791
Cell;B11_F_T_C01_Z10;534;stele;385
Cell;B11_F_T_C01_Z10;535;stele;642.5
Cell;B11_F_T_C01_Z10;536;stele;375
Cell;B11_F_T_C01_Z10;537;stele;419
Cell;B11_F_T_C01_Z10;538;stele;421.5
Cell;B11_F_T_C01_Z10;539;stele;207.5
Cell;B11_F_T_C01_Z10;540;stele;1412
Cell;B11_F_T_C01_Z10;541;general;3064.5
Cell;B11_F_T_C01_Z10;542;pericycle;1608
Cell;B11_F_T_C01_Z10;543;stele;171.5
Cell;B11_F_T_C01_Z10;544;stele;687
Cell;B11_F_T_C01_Z10;545;stele;476.5
Cell;B11_F_T_C01_Z10;546;stele;1229
Cell;B11_F_T_C01_Z10;547;stele;357
Cell;B11_F_T_C01_Z10;548;stele;439
Cell;B11_F_T_C01_Z10;549;stele;1026.5
Cell;B11_F_T_C01_Z10;550;stele;566
Cell;B11_F_T_C01_Z10;551;stele;95.5
Cell;B11_F_T_C01_Z10;552;stele;142.5
Cell;B11_F_T_C01_Z10;553;stele;491.5
Cell;B11_F_T_C01_Z10;555;stele;658
Cell;B11_F_T_C01_Z10;556;stele;561
Cell;B11_F_T_C01_Z10;557;stele;544.5
Cell;B11_F_T_C01_Z10;558;stele;380
Cell;B11_F_T_C01_Z10;559;stele;278.5
Cell;B11_F_T_C01_Z10;560;stele;374
Cell;B11_F_T_C01_Z10;561;cortex;4737
Cell;B11_F_T_C01_Z10;562;stele;516
Cell;B11_F_T_C01_Z10;563;stele;553.5
Cell;B11_F_T_C01_Z10;564;stele;560.5
Cell;B11_F_T_C01_Z10;565;stele;510.5
Cell;B11_F_T_C01_Z10;566;stele;333.5
Cell;B11_F_T_C01_Z10;567;stele;875.5
Cell;B11_F_T_C01_Z10;568;endodermis;3783.5
Cell;B11_F_T_C01_Z10;569;stele;880
Cell;B11_F_T_C01_Z10;570;stele;133.5
Cell;B11_F_T_C01_Z10;571;stele;513
Cell;B11_F_T_C01_Z10;573;pericycle;1478
Cell;B11_F_T_C01_Z10;574;stele;404.5
Cell;B11_F_T_C01_Z10;576;stele;198
Cell;B11_F_T_C01_Z10;577;stele;949
Cell;B11_F_T_C01_Z10;578;stele;880.5
Cell;B11_F_T_C01_Z10;579;stele;192.5
Cell;B11_F_T_C01_Z10;580;columella3;11591
Cell;B11_F_T_C01_Z10;581;cortex;1461
Cell;B11_F_T_C01_Z10;582;stele;361
Cell;B11_F_T_C01_Z10;583;stele;629
Cell;B11_F_T_C01_Z10;584;stele;316
Cell;B11_F_T_C01_Z10;585;stele;466.5
Cell;B11_F_T_C01_Z10;586;stele;209.5
Cell;B11_F_T_C01_Z10;587;stele;470
Cell;B11_F_T_C01_Z10;588;stele;435.5
Cell;B11_F_T_C01_Z10;589;general;4060.5
Cell;B11_F_T_C01_Z10;590;cortex;2416.5
Cell;B11_F_T_C01_Z10;591;stele;408.5
Cell;B11_F_T_C01_Z10;592;stele;256.5
Cell;B11_F_T_C01_Z10;593;stele;480.5
Cell;B11_F_T_C01_Z10;594;stele;404
Cell;B11_F_T_C01_Z10;595;stele;279
Cell;B11_F_T_C01_Z10;596;stele;1248
Cell;B11_F_T_C01_Z10;597;stele;857
Cell;B11_F_T_C01_Z10;598;cortex;2038
Cell;B11_F_T_C01_Z10;599;stele;95.5
Cell;B11_F_T_C01_Z10;600;stele;249
Cell;B11_F_T_C01_Z10;601;cortex;1910.5
Cell;B11_F_T_C01_Z10;602;stele;278
Cell;B11_F_T_C01_Z10;603;stele;106.5
Cell;B11_F_T_C01_Z10;604;stele;796.5
Cell;B11_F_T_C01_Z10;605;stele;327.5
Cell;B11_F_T_C01_Z10;606;stele;577.5
Cell;B11_F_T_C01_Z10;607;stele;816
Cell;B11_F_T_C01_Z10;608;stele;662
Cell;B11_F_T_C01_Z10;609;cortex;1298.5
Cell;B11_F_T_C01_Z10;610;general;908.5
Cell;B11_F_T_C01_Z10;611;pericycle;1130.5
Cell;B11_F_T_C01_Z10;612;stele;165
Cell;B11_F_T_C01_Z10;613;columella3;6529
Cell;B11_F_T_C01_Z10;614;stele;961
Cell;B11_F_T_C01_Z10;615;stele;131.5
Cell;B11_F_T_C01_Z10;616;stele;424.5
Cell;B11_F_T_C01_Z10;617;endodermis;2378.5
Cell;B11_F_T_C01_Z10;618;stele;863
Cell;B11_F_T_C01_Z10;619;stele;222.5
Cell;B11_F_T_C01_Z10;620;stele;496
Cell;B11_F_T_C01_Z10;621;stele;460.5
Cell;B11_F_T_C01_Z10;622;cortex;2858.5
Cell;B11_F_T_C01_Z10;623;stele;385.5
Cell;B11_F_T_C01_Z10;624;stele;264
Cell;B11_F_T_C01_Z10;625;stele;658.5
Cell;B11_F_T_C01_Z10;626;stele;58
Cell;B11_F_T_C01_Z10;628;stele;354
Cell;B11_F_T_C01_Z10;629;stele;619.5
Cell;B11_F_T_C01_Z10;630;stele;773
Cell;B11_F_T_C01_Z10;631;pericycle;948.5
Cell;B11_F_T_C01_Z10;632;stele;362.5
Cell;B11_F_T_C01_Z10;633;stele;1372
Cell;B11_F_T_C01_Z10;634;stele;424.5
Cell;B11_F_T_C01_Z10;635;stele;174
Cell;B11_F_T_C01_Z10;636;stele;412.5
Cell;B11_F_T_C01_Z10;637;cortex;2951.5
Cell;B11_F_T_C01_Z10;638;stele;779
Cell;B11_F_T_C01_Z10;639;stele;1276.5
Cell;B11_F_T_C01_Z10;640;stele;166.5
Cell;B11_F_T_C01_Z10;641;stele;690
Cell;B11_F_T_C01_Z10;642;stele;352.5
Cell;B11_F_T_C01_Z10;643;stele;156
Cell;B11_F_T_C01_Z10;644;stele;551
Cell;B11_F_T_C01_Z10;645;stele;629
Cell;B11_F_T_C01_Z10;646;stele;763
Cell;B11_F_T_C01_Z10;647;stele;584.5
Cell;B11_F_T_C01_Z10;648;stele;115.5
Cell;B11_F_T_C01_Z10;649;stele;758
Cell;B11_F_T_C01_Z10;650;stele;1300
Cell;B11_F_T_C01_Z10;651;stele;293.5
Cell;B11_F_T_C01_Z10;652;stele;307.5
Cell;B11_F_T_C01_Z10;653;general;2452.5
Cell;B11_F_T_C01_Z10;654;stele;330.5
Cell;B11_F_T_C01_Z10;655;stele;263.5
Cell;B11_F_T_C01_Z10;656;stele;692.5
Cell;B11_F_T_C01_Z10;657;stele;972
Cell;B11_F_T_C01_Z10;658;stele;191
Cell;B11_F_T_C01_Z10;659;stele;126
Cell;B11_F_T_C01_Z10;660;pericycle;2918.5
Cell;B11_F_T_C01_Z10;661;columella3;10299
Cell;B11_F_T_C01_Z10;662;stele;889
Cell;B11_F_T_C01_Z10;663;stele;241
Cell;B11_F_T_C01_Z10;664;stele;1163
Cell;B11_F_T_C01_Z10;665;stele;456
Cell;B11_F_T_C01_Z10;666;stele;220.5
Cell;B11_F_T_C01_Z10;667;stele;207
Cell;B11_F_T_C01_Z10;668;endodermis;1024.5
Cell;B11_F_T_C01_Z10;669;stele;249.5
Cell;B11_F_T_C01_Z10;670;stele;741.5
Cell;B11_F_T_C01_Z10;671;stele;962.5
Cell;B11_F_T_C01_Z10;672;stele;221
Cell;B11_F_T_C01_Z10;673;general;2709
Cell;B11_F_T_C01_Z10;674;endodermis;3084.5
Cell;B11_F_T_C01_Z10;675;cortex;2058.5
Cell;B11_F_T_C01_Z10;677;stele;179.5
Cell;B11_F_T_C01_Z10;678;stele;640
Cell;B11_F_T_C01_Z10;679;stele;341.5
Cell;B11_F_T_C01_Z10;680;cortex;427
Cell;B11_F_T_C01_Z10;681;stele;788.5
Cell;B11_F_T_C01_Z10;682;stele;176.5
Cell;B11_F_T_C01_Z10;683;stele;382.5
Cell;B11_F_T_C01_Z10;684;stele;470.5
Cell;B11_F_T_C01_Z10;685;stele;465
Cell;B11_F_T_C01_Z10;686;stele;555.5
Cell;B11_F_T_C01_Z10;687;stele;90
Cell;B11_F_T_C01_Z10;688;cortex;2663
Cell;B11_F_T_C01_Z10;689;stele;249.5
Cell;B11_F_T_C01_Z10;690;stele;447.5
Cell;B11_F_T_C01_Z10;691;stele;197
Cell;B11_F_T_C01_Z10;692;columella3;4890
Cell;B11_F_T_C01_Z10;693;stele;1662
Cell;B11_F_T_C01_Z10;694;pericycle;1282
Cell;B11_F_T_C01_Z10;695;stele;572
Cell;B11_F_T_C01_Z10;696;stele;656.5
Cell;B11_F_T_C01_Z10;697;stele;222
Cell;B11_F_T_C01_Z10;698;stele;115.5
Cell;B11_F_T_C01_Z10;699;stele;423.5
Cell;B11_F_T_C01_Z10;700;stele;243
Cell;B11_F_T_C01_Z10;701;stele;209
Cell;B11_F_T_C01_Z10;702;cortex;1305
Cell;B11_F_T_C01_Z10;703;stele;993
Cell;B11_F_T_C01_Z10;704;stele;378
Cell;B11_F_T_C01_Z10;705;stele;1720
Cell;B11_F_T_C01_Z10;706;stele;89
Cell;B11_F_T_C01_Z10;707;general;3234
Cell;B11_F_T_C01_Z10;708;stele;1552.5
Cell;B11_F_T_C01_Z10;709;stele;2202.5
Cell;B11_F_T_C01_Z10;710;stele;365.5
Cell;B11_F_T_C01_Z10;711;stele;127
Cell;B11_F_T_C01_Z10;712;stele;296.5
Cell;B11_F_T_C01_Z10;713;stele;340.5
Cell;B11_F_T_C01_Z10;715;pericycle;1646.5
Cell;B11_F_T_C01_Z10;716;cortex;1747.5
Cell;B11_F_T_C01_Z10;717;stele;1082.5
Cell;B11_F_T_C01_Z10;718;endodermis;932
Cell;B11_F_T_C01_Z10;720;cortex;819
Cell;B11_F_T_C01_Z10;721;stele;102.5
Cell;B11_F_T_C01_Z10;722;stele;747.5
Cell;B11_F_T_C01_Z10;723;stele;158
Cell;B11_F_T_C01_Z10;724;cortex;2033.5
Cell;B11_F_T_C01_Z10;725;stele;203.5
Cell;B11_F_T_C01_Z10;726;stele;2257.5
Cell;B11_F_T_C01_Z10;727;stele;643
Cell;B11_F_T_C01_Z10;728;epidermis;1483
Cell;B11_F_T_C01_Z10;729;stele;815
Cell;B11_F_T_C01_Z10;730;stele;174
Cell;B11_F_T_C01_Z10;731;stele;171
Cell;B11_F_T_C01_Z10;732;stele;207.5
Cell;B11_F_T_C01_Z10;733;stele;163.5
Cell;B11_F_T_C01_Z10;734;stele;539
Cell;B11_F_T_C01_Z10;735;stele;117.5
Cell;B11_F_T_C01_Z10;736;stele;130
Cell;B11_F_T_C01_Z10;737;stele;245
Cell;B11_F_T_C01_Z10;738;stele;982
Cell;B11_F_T_C01_Z10;739;stele;813.5
Cell;B11_F_T_C01_Z10;740;stele;98.5
Cell;B11_F_T_C01_Z10;741;stele;647.5
Cell;B11_F_T_C01_Z10;742;stele;453
Cell;B11_F_T_C01_Z10;743;stele;178
Cell;B11_F_T_C01_Z10;744;pericycle;1355
Cell;B11_F_T_C01_Z10;745;stele;266.5
Cell;B11_F_T_C01_Z10;746;stele;211.5
Cell;B11_F_T_C01_Z10;747;stele;235.5
Cell;B11_F_T_C01_Z10;748;stele;251
Cell;B11_F_T_C01_Z10;749;endodermis;3751.5
Cell;B11_F_T_C01_Z10;750;stele;133
Cell;B11_F_T_C01_Z10;751;stele;483.5
Cell;B11_F_T_C01_Z10;752;stele;231
Cell;B11_F_T_C01_Z10;753;stele;257.5
Cell;B11_F_T_C01_Z10;754;stele;223
Cell;B11_F_T_C01_Z10;755;stele;1187
Cell;B11_F_T_C01_Z10;756;cortex;2207.5
Cell;B11_F_T_C01_Z10;757;stele;130
Cell;B11_F_T_C01_Z10;758;stele;133
Cell;B11_F_T_C01_Z10;759;stele;975
Cell;B11_F_T_C01_Z10;760;stele;219.5
Cell;B11_F_T_C01_Z10;761;stele;371
Cell;B11_F_T_C01_Z10;762;cortex;6505.5
Cell;B11_F_T_C01_Z10;763;endodermis;8922
Cell;B11_F_T_C01_Z10;764;stele;248
Cell;B11_F_T_C01_Z10;765;stele;1138
Cell;B11_F_T_C01_Z10;766;cortex;4384.5
Cell;B11_F_T_C01_Z10;767;stele;1966
Cell;B11_F_T_C01_Z10;768;cortex;1293
Cell;B11_F_T_C01_Z10;769;cortex;996
Cell;B11_F_T_C01_Z10;770;stele;636
Cell;B11_F_T_C01_Z10;771;stele;1246
Cell;B11_F_T_C01_Z10;772;stele;865.5
Cell;B11_F_T_C01_Z10;773;stele;152.5
Cell;B11_F_T_C01_Z10;774;stele;249.5
Cell;B11_F_T_C01_Z10;775;stele;335.5
Cell;B11_F_T_C01_Z10;776;general;3190
Cell;B11_F_T_C01_Z10;777;stele;2322.5
Cell;B11_F_T_C01_Z10;778;stele;2491.5
Cell;B11_F_T_C01_Z10;779;stele;1381
Cell;B11_F_T_C01_Z10;780;stele;263.5
Cell;B11_F_T_C01_Z10;781;stele;855.5
Cell;B11_F_T_C01_Z10;782;stele;286.5
Cell;B11_F_T_C01_Z10;783;stele;477
Cell;B11_F_T_C01_Z10;784;stele;416
Cell;B11_F_T_C01_Z10;785;stele;186.5
Cell;B11_F_T_C01_Z10;786;stele;309.5
Cell;B11_F_T_C01_Z10;787;stele;265
Cell;B11_F_T_C01_Z10;788;stele;502
Cell;B11_F_T_C01_Z10;789;stele;373.5
Cell;B11_F_T_C01_Z10;790;stele;48.5
Cell;B11_F_T_C01_Z10;791;stele;66.5
Cell;B11_F_T_C01_Z10;792;stele;245.5
Cell;B11_F_T_C01_Z10;793;stele;317.5
Cell;B11_F_T_C01_Z10;794;stele;225
Cell;B11_F_T_C01_Z10;795;stele;695
Cell;B11_F_T_C01_Z10;796;stele;303.5
Cell;B11_F_T_C01_Z10;797;stele;1186
Cell;B11_F_T_C01_Z10;798;stele;359
Cell;B11_F_T_C01_Z10;799;stele;1252
Cell;B11_F_T_C01_Z10;800;cortex;3007.5
Cell;B11_F_T_C01_Z10;801;stele;271.5
Cell;B11_F_T_C01_Z10;802;cortex;4119.5
Cell;B11_F_T_C01_Z10;803;stele;425
Cell;B11_F_T_C01_Z10;804;stele;1321
Cell;B11_F_T_C01_Z10;805;stele;170.5
Cell;B11_F_T_C01_Z10;806;stele;125.5
Cell;B11_F_T_C01_Z10;807;general;1700.5
Cell;B11_F_T_C01_Z10;808;stele;178.5
Cell;B11_F_T_C01_Z10;809;stele;495.5
Cell;B11_F_T_C01_Z10;810;stele;1170.5
Cell;B11_F_T_C01_Z10;811;pericycle;1707.5
Cell;B11_F_T_C01_Z10;812;stele;1942.5
Cell;B11_F_T_C01_Z10;813;stele;353.5
Cell;B11_F_T_C01_Z10;814;stele;129
Cell;B11_F_T_C01_Z10;815;stele;864
Cell;B11_F_T_C01_Z10;816;stele;441.5
Cell;B11_F_T_C01_Z10;817;stele;444
Cell;B11_F_T_C01_Z10;818;stele;214
Cell;B11_F_T_C01_Z10;819;stele;837
Cell;B11_F_T_C01_Z10;820;stele;67.5
Cell;B11_F_T_C01_Z10;822;stele;406
Cell;B11_F_T_C01_Z10;823;stele;855.5
Cell;B11_F_T_C01_Z10;824;stele;419
Cell;B11_F_T_C01_Z10;825;stele;892.5
Cell;B11_F_T_C01_Z10;826;stele;435.5
Cell;B11_F_T_C01_Z10;827;pericycle;810
Cell;B11_F_T_C01_Z10;828;general;1634
Cell;B11_F_T_C01_Z10;829;stele;1263
Cell;B11_F_T_C01_Z10;830;stele;211.5
Cell;B11_F_T_C01_Z10;831;stele;396
Cell;B11_F_T_C01_Z10;832;cortex;623
Cell;B11_F_T_C01_Z10;833;stele;1275.5
Cell;B11_F_T_C01_Z10;834;stele;96.5
Cell;B11_F_T_C01_Z10;835;stele;311
Cell;B11_F_T_C01_Z10;836;stele;1345
Cell;B11_F_T_C01_Z10;837;stele;909.5
Cell;B11_F_T_C01_Z10;838;stele;204.5
Cell;B11_F_T_C01_Z10;839;stele;693
Cell;B11_F_T_C01_Z10;840;stele;301
Cell;B11_F_T_C01_Z10;841;stele;723.5
Cell;B11_F_T_C01_Z10;842;stele;693
Cell;B11_F_T_C01_Z10;843;stele;165
Cell;B11_F_T_C01_Z10;844;endodermis;2287.5
Cell;B11_F_T_C01_Z10;845;stele;87.5
Cell;B11_F_T_C01_Z10;846;stele;212
Cell;B11_F_T_C01_Z10;847;stele;620
Cell;B11_F_T_C01_Z10;848;stele;415
Cell;B11_F_T_C01_Z10;849;stele;231.5
Cell;B11_F_T_C01_Z10;850;stele;129
Cell;B11_F_T_C01_Z10;851;stele;253
Cell;B11_F_T_C01_Z10;852;stele;122
Cell;B11_F_T_C01_Z10;853;stele;811
Cell;B11_F_T_C01_Z10;854;stele;107.5
Cell;B11_F_T_C01_Z10;855;stele;569
Cell;B11_F_T_C01_Z10;856;stele;237.5
Cell;B11_F_T_C01_Z10;857;stele;200.5
Cell;B11_F_T_C01_Z10;858;stele;159
Cell;B11_F_T_C01_Z10;859;stele;689
Cell;B11_F_T_C01_Z10;860;stele;1143
Cell;B11_F_T_C01_Z10;861;stele;72
Cell;B11_F_T_C01_Z10;862;stele;936
Cell;B11_F_T_C01_Z10;863;cortex;5541
Cell;B11_F_T_C01_Z10;864;pericycle;2396
Cell;B11_F_T_C01_Z10;865;stele;133
Cell;B11_F_T_C01_Z10;866;stele;167.5
Cell;B11_F_T_C01_Z10;867;general;3933.5
Cell;B11_F_T_C01_Z10;868;stele;506.5
Cell;B11_F_T_C01_Z10;869;stele;236.5
Cell;B11_F_T_C01_Z10;870;stele;272.5
Cell;B11_F_T_C01_Z10;871;epidermis;1292.5
Cell;B11_F_T_C01_Z10;872;stele;207.5
Cell;B11_F_T_C01_Z10;873;stele;1086.5
Cell;B11_F_T_C01_Z10;874;stele;762
Cell;B11_F_T_C01_Z10;875;stele;1244
Cell;B11_F_T_C01_Z10;876;stele;751.5
Cell;B11_F_T_C01_Z10;877;stele;179.5
Cell;B11_F_T_C01_Z10;878;stele;111
Cell;B11_F_T_C01_Z10;879;cortex;6768.5
Cell;B11_F_T_C01_Z10;880;stele;188
Cell;B11_F_T_C01_Z10;881;stele;184
Cell;B11_F_T_C01_Z10;882;stele;104
Cell;B11_F_T_C01_Z10;883;stele;217
Cell;B11_F_T_C01_Z10;884;stele;554
Cell;B11_F_T_C01_Z10;885;stele;1307
Cell;B11_F_T_C01_Z10;886;stele;472
Cell;B11_F_T_C01_Z10;887;stele;75
Cell;B11_F_T_C01_Z10;888;stele;84.5
Cell;B11_F_T_C01_Z10;889;stele;538.5
Cell;B11_F_T_C01_Z10;890;stele;78
Cell;B11_F_T_C01_Z10;891;stele;423
Cell;B11_F_T_C01_Z10;892;stele;589.5
Cell;B11_F_T_C01_Z10;893;stele;910.5
Cell;B11_F_T_C01_Z10;894;stele;970
Cell;B11_F_T_C01_Z10;895;stele;374.5
Cell;B11_F_T_C01_Z10;896;stele;341
Cell;B11_F_T_C01_Z10;897;pericycle;1039
Cell;B11_F_T_C01_Z10;898;endodermis;4933.5
Cell;B11_F_T_C01_Z10;899;stele;85
Cell;B11_F_T_C01_Z10;900;stele;1238.5
Cell;B11_F_T_C01_Z10;901;stele;277.5
Cell;B11_F_T_C01_Z10;902;stele;283
Cell;B11_F_T_C01_Z10;903;stele;144
Cell;B11_F_T_C01_Z10;904;stele;54.5
Cell;B11_F_T_C01_Z10;905;stele;102
Cell;B11_F_T_C01_Z10;906;stele;373.5
Cell;B11_F_T_C01_Z10;907;stele;257.5
Cell;B11_F_T_C01_Z10;908;stele;198.5
Cell;B11_F_T_C01_Z10;909;stele;189
Cell;B11_F_T_C01_Z10;910;stele;116.5
Cell;B11_F_T_C01_Z10;911;stele;194.5
Cell;B11_F_T_C01_Z10;912;epidermis;2219.5
Cell;B11_F_T_C01_Z10;913;stele;198.5
Cell;B11_F_T_C01_Z10;914;stele;216
Cell;B11_F_T_C01_Z10;915;general;5928
Cell;B11_F_T_C01_Z10;916;stele;247.5
Cell;B11_F_T_C01_Z10;917;stele;153.5
Cell;B11_F_T_C01_Z10;918;stele;933.5
Cell;B11_F_T_C01_Z10;919;stele;129.5
Cell;B11_F_T_C01_Z10;920;stele;582
Cell;B11_F_T_C01_Z10;921;stele;779.5
Cell;B11_F_T_C01_Z10;922;stele;325
Cell;B11_F_T_C01_Z10;923;stele;498
Cell;B11_F_T_C01_Z10;924;stele;496
Cell;B11_F_T_C01_Z10;925;stele;1137.5
Cell;B11_F_T_C01_Z10;926;endodermis;2306.5
Cell;B11_F_T_C01_Z10;927;cortex;3553.5
Cell;B11_F_T_C01_Z10;928;pericycle;1342.5
Cell;B11_F_T_C01_Z10;929;stele;908
Cell;B11_F_T_C01_Z10;930;stele;246
Cell;B11_F_T_C01_Z10;931;stele;331.5
Cell;B11_F_T_C01_Z10;932;stele;280.5
Cell;B11_F_T_C01_Z10;933;stele;565.5
Cell;B11_F_T_C01_Z10;934;stele;468
Cell;B11_F_T_C01_Z10;935;stele;221
Cell;B11_F_T_C01_Z10;936;stele;323
Cell;B11_F_T_C01_Z10;937;stele;970
Cell;B11_F_T_C01_Z10;938;stele;552.5
Cell;B11_F_T_C01_Z10;939;stele;1404
Cell;B11_F_T_C01_Z10;940;stele;209
Cell;B11_F_T_C01_Z10;941;stele;192.5
Cell;B11_F_T_C01_Z10;942;cortex;1605.5
Cell;B11_F_T_C01_Z10;943;stele;88
Cell;B11_F_T_C01_Z10;944;stele;471
Cell;B11_F_T_C01_Z10;945;stele;575
Cell;B11_F_T_C01_Z10;946;stele;2518.5
Cell;B11_F_T_C01_Z10;947;stele;327.5
Cell;B11_F_T_C01_Z10;948;stele;141
Cell;B11_F_T_C01_Z10;949;stele;236
Cell;B11_F_T_C01_Z10;950;stele;467.5
Cell;B11_F_T_C01_Z10;951;stele;222.5
Cell;B11_F_T_C01_Z10;952;cortex;2643.5
Cell;B11_F_T_C01_Z10;953;stele;489.5
Cell;B11_F_T_C01_Z10;954;stele;417.5
Cell;B11_F_T_C01_Z10;955;stele;413.5
Cell;B11_F_T_C01_Z10;956;stele;508
Cell;B11_F_T_C01_Z10;957;stele;217
Cell;B11_F_T_C01_Z10;958;stele;177.5
Cell;B11_F_T_C01_Z10;959;stele;250.5
Cell;B11_F_T_C01_Z10;960;stele;82
Cell;B11_F_T_C01_Z10;961;stele;328.5
Cell;B11_F_T_C01_Z10;962;stele;263
Cell;B11_F_T_C01_Z10;963;stele;456
Cell;B11_F_T_C01_Z10;964;stele;283
Cell;B11_F_T_C01_Z10;965;stele;230
Cell;B11_F_T_C01_Z10;966;stele;74
Cell;B11_F_T_C01_Z10;967;stele;533.5
Cell;B11_F_T_C01_Z10;968;pericycle;3906
Cell;B11_F_T_C01_Z10;969;stele;969
Cell;B11_F_T_C01_Z10;970;cortex;780.5
Cell;B11_F_T_C01_Z10;971;stele;1997.5
Cell;B11_F_T_C01_Z10;972;stele;275
Cell;B11_F_T_C01_Z10;973;stele;131.5
Cell;B11_F_T_C01_Z10;974;stele;465.5
Cell;B11_F_T_C01_Z10;975;stele;553
Cell;B11_F_T_C01_Z10;976;stele;214
Cell;B11_F_T_C01_Z10;977;cortex;1022.5
Cell;B11_F_T_C01_Z10;978;stele;172.5
Cell;B11_F_T_C01_Z10;979;endodermis;2473
Cell;B11_F_T_C01_Z10;980;stele;65.5
Cell;B11_F_T_C01_Z10;981;stele;185.5
Cell;B11_F_T_C01_Z10;982;stele;305
Cell;B11_F_T_C01_Z10;983;stele;337
Cell;B11_F_T_C01_Z10;984;general;3607.5
Cell;B11_F_T_C01_Z10;985;stele;227
Cell;B11_F_T_C01_Z10;986;stele;88
Cell;B11_F_T_C01_Z10;987;stele;352
Cell;B11_F_T_C01_Z10;988;stele;582
Cell;B11_F_T_C01_Z10;989;stele;84.5
Cell;B11_F_T_C01_Z10;990;stele;551
Cell;B11_F_T_C01_Z10;991;stele;327
Cell;B11_F_T_C01_Z10;992;stele;65
Cell;B11_F_T_C01_Z10;993;stele;516
Cell;B11_F_T_C01_Z10;994;stele;250
Cell;B11_F_T_C01_Z10;995;stele;307
Cell;B11_F_T_C01_Z10;996;stele;130
Cell;B11_F_T_C01_Z10;997;stele;187.5
Cell;B11_F_T_C01_Z10;998;stele;154
Cell;B11_F_T_C01_Z10;999;stele;158.5
Cell;B11_F_T_C01_Z10;1000;stele;168.5
Cell;B11_F_T_C01_Z10;1001;stele;165.5
Cell;B11_F_T_C01_Z10;1002;pericycle;540
Cell;B11_F_T_C01_Z10;1003;stele;53
Cell;B11_F_T_C01_Z10;1004;stele;161
Cell;B11_F_T_C01_Z10;1005;stele;158.5
Cell;B11_F_T_C01_Z10;1006;stele;395.5
Cell;B11_F_T_C01_Z10;1007;stele;123.5
Cell;B11_F_T_C01_Z10;1008;stele;155.5
Cell;B11_F_T_C01_Z10;1009;stele;96
Cell;B11_F_T_C01_Z10;1010;cortex;3121
Cell;B11_F_T_C01_Z10;1011;stele;331.5
Cell;B11_F_T_C01_Z10;1012;stele;420.5
Cell;B11_F_T_C01_Z10;1013;stele;362
Cell;B11_F_T_C01_Z10;1014;stele;390.5
Cell;B11_F_T_C01_Z10;1015;stele;218.5
Cell;B11_F_T_C01_Z10;1016;stele;214
Cell;B11_F_T_C01_Z10;1017;stele;625
Cell;B11_F_T_C01_Z10;1018;stele;448
Cell;B11_F_T_C01_Z10;1019;stele;910.5
Cell;B11_F_T_C01_Z10;1020;stele;188.5
Cell;B11_F_T_C01_Z10;1021;general;1976.5
Cell;B11_F_T_C01_Z10;1022;cortex;1787.5
Cell;B11_F_T_C01_Z10;1023;cortex;2363.5
Cell;B11_F_T_C01_Z10;1024;stele;492
Cell;B11_F_T_C01_Z10;1025;stele;536
Cell;B11_F_T_C01_Z10;1026;stele;101
Cell;B11_F_T_C01_Z10;1027;endodermis;4266
Cell;B11_F_T_C01_Z10;1028;stele;916
Cell;B11_F_T_C01_Z10;1029;stele;153.5
Cell;B11_F_T_C01_Z10;1030;stele;380
Cell;B11_F_T_C01_Z10;1031;stele;667
Cell;B11_F_T_C01_Z10;1032;stele;545.5
Cell;B11_F_T_C01_Z10;1033;stele;99
Cell;B11_F_T_C01_Z10;1034;stele;417
Cell;B11_F_T_C01_Z10;1035;stele;185.5
Cell;B11_F_T_C01_Z10;1036;epidermis;1573
Cell;B11_F_T_C01_Z10;1037;stele;370.5
Cell;B11_F_T_C01_Z10;1038;stele;108
Cell;B11_F_T_C01_Z10;1039;stele;145.5
Cell;B11_F_T_C01_Z10;1040;stele;359.5
Cell;B11_F_T_C01_Z10;1041;stele;217
Cell;B11_F_T_C01_Z10;1042;stele;256.5
Cell;B11_F_T_C01_Z10;1043;cortex;5090
Cell;B11_F_T_C01_Z10;1044;stele;405.5
Cell;B11_F_T_C01_Z10;1045;cortex;2181
Cell;B11_F_T_C01_Z10;1046;stele;99.5
Cell;B11_F_T_C01_Z10;1047;stele;314
Cell;B11_F_T_C01_Z10;1048;stele;271
Cell;B11_F_T_C01_Z10;1049;stele;163
Cell;B11_F_T_C01_Z10;1050;stele;1431.5
Cell;B11_F_T_C01_Z10;1051;stele;129.5
Cell;B11_F_T_C01_Z10;1052;endodermis;2944.5
Cell;B11_F_T_C01_Z10;1053;stele;559.5
Cell;B11_F_T_C01_Z10;1054;stele;108.5
Cell;B11_F_T_C01_Z10;1055;stele;523.5
Cell;B11_F_T_C01_Z10;1056;pericycle;2824
Cell;B11_F_T_C01_Z10;1057;stele;149.5
Cell;B11_F_T_C01_Z10;1058;stele;348.5
Cell;B11_F_T_C01_Z10;1059;stele;173
Cell;B11_F_T_C01_Z10;1060;stele;160
Cell;B11_F_T_C01_Z10;1061;stele;534
Cell;B11_F_T_C01_Z10;1062;stele;232
Cell;B11_F_T_C01_Z10;1063;stele;233.5
Cell;B11_F_T_C01_Z10;1064;stele;423.5
Cell;B11_F_T_C01_Z10;1065;stele;120.5
Cell;B11_F_T_C01_Z10;1066;stele;920
Cell;B11_F_T_C01_Z10;1067;stele;171
Cell;B11_F_T_C01_Z10;1068;stele;159.5
Cell;B11_F_T_C01_Z10;1069;stele;632.5
Cell;B11_F_T_C01_Z10;1070;stele;189.5
Cell;B11_F_T_C01_Z10;1071;pericycle;2513.5
Cell;B11_F_T_C01_Z10;1072;endodermis;1745.5
Cell;B11_F_T_C01_Z10;1073;stele;366.5
Cell;B11_F_T_C01_Z10;1074;stele;110.5
Cell;B11_F_T_C01_Z10;1075;stele;462
Cell;B11_F_T_C01_Z10;1076;stele;406
Cell;B11_F_T_C01_Z10;1077;pericycle;3015
Cell;B11_F_T_C01_Z10;1078;stele;242.5
Cell;B11_F_T_C01_Z10;1079;stele;875
Cell;B11_F_T_C01_Z10;1080;stele;128
Cell;B11_F_T_C01_Z10;1081;stele;449
Cell;B11_F_T_C01_Z10;1082;stele;381.5
Cell;B11_F_T_C01_Z10;1083;stele;531.5
Cell;B11_F_T_C01_Z10;1084;stele;1277
Cell;B11_F_T_C01_Z10;1085;general;2434.5
Cell;B11_F_T_C01_Z10;1087;endodermis;2633.5
Cell;B11_F_T_C01_Z10;1088;stele;287
Cell;B11_F_T_C01_Z10;1089;general;4311
Cell;B11_F_T_C01_Z10;1090;endodermis;2779.5
Cell;B11_F_T_C01_Z10;1091;pericycle;3518.5
Cell;B11_F_T_C01_Z10;1092;cortex;3645
Cell;B11_F_T_C01_Z10;1093;pericycle;5262.5
Cell;B11_F_T_C01_Z10;1094;cortex;1874
Cell;B11_F_T_C01_Z10;1096;cortex;3554.5
Cell;B11_F_T_C01_Z10;1097;epidermis;1683.5
Cell;B11_F_T_C01_Z10;1098;endodermis;1805.5
Cell;B11_F_T_C01_Z10;1099;endodermis;3611
Cell;B11_F_T_C01_Z10;1100;general;2225
Cell;B11_F_T_C01_Z10;1101;endodermis;2108
Cell;B11_F_T_C01_Z10;1102;epidermis;341
Cell;B11_F_T_C01_Z10;1103;cortex;4812
Cell;B11_F_T_C01_Z10;1104;endodermis;3643
Cell;B11_F_T_C01_Z10;1105;cortex;3027
Cell;B11_F_T_C01_Z10;1106;cortex;3483.5
Cell;B11_F_T_C01_Z10;1107;cortex;2436
Cell;B11_F_T_C01_Z10;1108;endodermis;2936
Cell;B11_F_T_C01_Z10;1109;epidermis;550
Cell;B11_F_T_C01_Z10;1110;endodermis;3374
Cell;B11_F_T_C01_Z10;1111;general;2681
Cell;B11_F_T_C01_Z10;1112;cortex;521
Cell;B11_F_T_C01_Z10;1113;endodermis;2836.5
Cell;B11_F_T_C01_Z10;1114;general;3104
Cell;B11_F_T_C01_Z10;1115;cortex;1716.5
Cell;B11_F_T_C01_Z10;1116;cortex;4052.5
Cell;B11_F_T_C01_Z10;1117;endodermis;2882.5
Cell;B11_F_T_C01_Z10;1118;cortex;2348
Cell;B11_F_T_C01_Z10;1119;general;2344.5
Cell;B11_F_T_C01_Z10;1120;cortex;2822.5
Cell;B11_F_T_C01_Z10;1121;epidermis;996.5
Cell;B11_F_T_C01_Z10;1122;cortex;4849
Cell;B11_F_T_C01_Z10;1123;cortex;1558
Cell;B11_F_T_C01_Z10;1124;cortex;2396.5
Cell;B11_F_T_C01_Z10;1125;cortex;4891.5
Cell;B11_F_T_C01_Z10;1126;general;4840.5
Cell;B11_F_T_C01_Z10;1127;cortex;3799
Cell;B11_F_T_C01_Z10;1128;cortex;2688
Cell;B11_F_T_C01_Z10;1129;cortex;2142.5
Cell;B11_F_T_C01_Z10;1130;cortex;2162
Cell;B11_F_T_C01_Z10;1131;cortex;927.5
Cell;B11_F_T_C01_Z10;1132;general;3104.5
Cell;B11_F_T_C01_Z10;1133;general;6375
Cell;B11_F_T_C01_Z10;1134;cortex;1513
Cell;B11_F_T_C01_Z10;1135;cortex;911.5
Cell;B11_F_T_C01_Z10;1136;general;4030
Cell;B11_F_T_C01_Z10;1137;general;6700
Cell;B11_F_T_C01_Z10;1138;general;869.5
Cell;B11_F_T_C01_Z10;1139;cortex;1887
Cell;B11_F_T_C01_Z10;1140;general;1613
Cell;B11_F_T_C01_Z10;1141;cortex;951.5
Cell;B11_F_T_C01_Z10;1142;general;3472.5
Cell;B11_F_T_C01_Z10;1143;general;4026.5
Cell;B11_F_T_C01_Z10;1144;general;904
Cell;B11_F_T_C01_Z10;1145;epidermis;1212
Cell;B11_F_T_C01_Z10;1146;epidermis;2062
Cell;B11_F_T_C01_Z10;1147;epidermis;1973
Cell;B04_T_01_Z20;0;epidermis;2185.5
Cell;B04_T_01_Z20;1;epidermis;1759
Cell;B04_T_01_Z20;2;epidermis;1195.5
Cell;B04_T_01_Z20;3;epidermis;1510.5
Cell;B04_T_01_Z20;4;epidermis;899
Cell;B04_T_01_Z20;5;epidermis;2053
Cell;B04_T_01_Z20;6;epidermis;1678.5
Cell;B04_T_01_Z20;7;epidermis;2691
Cell;B04_T_01_Z20;8;general;3359
Cell;B04_T_01_Z20;9;general;4593
Cell;B04_T_01_Z20;10;general;7318.5
Cell;B04_T_01_Z20;11;general;5668.5
Cell;B04_T_01_Z20;12;general;7491.5
Cell;B04_T_01_Z20;13;general;4596
Cell;B04_T_01_Z20;14;epidermis;2245.5
Cell;B04_T_01_Z20;15;epidermis;1246.5
Cell;B04_T_01_Z20;16;epidermis;2134
Cell;B04_T_01_Z20;17;cortex;5799
Cell;B04_T_01_Z20;18;general;2637
Cell;B04_T_01_Z20;19;cortex;7423
Cell;B04_T_01_Z20;20;epidermis;2870.5
Cell;B04_T_01_Z20;21;epidermis;3269.5
Cell;B04_T_01_Z20;22;general;3426.5
Cell;B04_T_01_Z20;23;cortex;6712.5
Cell;B04_T_01_Z20;24;cortex;4548.5
Cell;B04_T_01_Z20;25;general;5605.5
Cell;B04_T_01_Z20;26;cortex;4123
Cell;B04_T_01_Z20;27;epidermis;2402.5
Cell;B04_T_01_Z20;28;epidermis;2913
Cell;B04_T_01_Z20;29;cortex;7723.5
Cell;B04_T_01_Z20;30;cortex;7604
Cell;B04_T_01_Z20;31;rootcapl2;720
Cell;B04_T_01_Z20;32;general;5640.5
Cell;B04_T_01_Z20;33;rootcapl2;802
Cell;B04_T_01_Z20;34;general;2417.5
Cell;B04_T_01_Z20;35;cortex;4488
Cell;B04_T_01_Z20;36;cortex;2814
Cell;B04_T_01_Z20;37;cortex;9060
Cell;B04_T_01_Z20;38;epidermis;1724.5
Cell;B04_T_01_Z20;39;cortex;4360.5
Cell;B04_T_01_Z20;40;epidermis;1787
Cell;B04_T_01_Z20;41;cortex;5075.5
Cell;B04_T_01_Z20;42;general;3242
Cell;B04_T_01_Z20;43;epidermis;1601.5
Cell;B04_T_01_Z20;44;rootcapl2;947.5
Cell;B04_T_01_Z20;45;general;3741
Cell;B04_T_01_Z20;46;cortex;7453
Cell;B04_T_01_Z20;47;epidermis;1921
Cell;B04_T_01_Z20;48;general;2061
Cell;B04_T_01_Z20;49;rootcapl2;656
Cell;B04_T_01_Z20;50;epidermis;1218.5
Cell;B04_T_01_Z20;51;rootcapl2;1023
Cell;B04_T_01_Z20;52;cortex;8746.5
Cell;B04_T_01_Z20;53;cortex;6259
Cell;B04_T_01_Z20;54;cortex;5985.5
Cell;B04_T_01_Z20;55;cortex;1746.5
Cell;B04_T_01_Z20;56;cortex;4382.5
Cell;B04_T_01_Z20;57;general;1893
Cell;B04_T_01_Z20;58;general;3567
Cell;B04_T_01_Z20;59;general;2335
Cell;B04_T_01_Z20;60;cortex;4524.5
Cell;B04_T_01_Z20;61;epidermis;1413.5
Cell;B04_T_01_Z20;62;epidermis;2010.5
Cell;B04_T_01_Z20;63;cortex;6198
Cell;B04_T_01_Z20;64;epidermis;1095
Cell;B04_T_01_Z20;65;cortex;5163.5
Cell;B04_T_01_Z20;66;cortex;7174.5
Cell;B04_T_01_Z20;67;general;5417
Cell;B04_T_01_Z20;68;rootcapl2;616.5
Cell;B04_T_01_Z20;69;cortex;4161.5
Cell;B04_T_01_Z20;70;cortex;3338
Cell;B04_T_01_Z20;71;endodermis;3646
Cell;B04_T_01_Z20;72;cortex;6529
Cell;B04_T_01_Z20;73;endodermis;3515.5
Cell;B04_T_01_Z20;74;endodermis;2610
Cell;B04_T_01_Z20;75;cortex;2542.5
Cell;B04_T_01_Z20;76;cortex;2964.5
Cell;B04_T_01_Z20;77;general;3521.5
Cell;B04_T_01_Z20;78;epidermis;1839.5
Cell;B04_T_01_Z20;79;endodermis;2557
Cell;B04_T_01_Z20;80;endodermis;2950.5
Cell;B04_T_01_Z20;81;epidermis;1176.5
Cell;B04_T_01_Z20;82;cortex;2517.5
Cell;B04_T_01_Z20;83;endodermis;2026
Cell;B04_T_01_Z20;84;cortex;5679.5
Cell;B04_T_01_Z20;85;pericycle;1332.5
Cell;B04_T_01_Z20;86;pericycle;1474
Cell;B04_T_01_Z20;87;cortex;3998.5
Cell;B04_T_01_Z20;88;pericycle;1857.5
Cell;B04_T_01_Z20;89;cortex;10146
Cell;B04_T_01_Z20;90;cortex;2527.5
Cell;B04_T_01_Z20;91;pericycle;2609.5
Cell;B04_T_01_Z20;92;pericycle;1150.5
Cell;B04_T_01_Z20;93;pericycle;1107.5
Cell;B04_T_01_Z20;94;pericycle;1441.5
Cell;B04_T_01_Z20;95;cortex;5050.5
Cell;B04_T_01_Z20;96;general;6111
Cell;B04_T_01_Z20;97;epidermis;1047.5
Cell;B04_T_01_Z20;98;general;4272
Cell;B04_T_01_Z20;99;endodermis;1839
Cell;B04_T_01_Z20;100;pericycle;2157
Cell;B04_T_01_Z20;101;stele;516
Cell;B04_T_01_Z20;102;stele;484.5
Cell;B04_T_01_Z20;103;stele;769.5
Cell;B04_T_01_Z20;104;stele;973.5
Cell;B04_T_01_Z20;105;stele;227.5
Cell;B04_T_01_Z20;106;stele;320.5
Cell;B04_T_01_Z20;107;endodermis;2169.5
Cell;B04_T_01_Z20;108;stele;453.5
Cell;B04_T_01_Z20;109;pericycle;1154
Cell;B04_T_01_Z20;110;stele;278
Cell;B04_T_01_Z20;111;epidermis;1679
Cell;B04_T_01_Z20;112;cortex;4752
Cell;B04_T_01_Z20;113;cortex;9014.5
Cell;B04_T_01_Z20;114;stele;132
Cell;B04_T_01_Z20;115;stele;664.5
Cell;B04_T_01_Z20;116;stele;400.5
Cell;B04_T_01_Z20;117;stele;551.5
Cell;B04_T_01_Z20;118;stele;370.5
Cell;B04_T_01_Z20;119;stele;388.5
Cell;B04_T_01_Z20;120;stele;237.5
Cell;B04_T_01_Z20;121;cortex;3033.5
Cell;B04_T_01_Z20;122;stele;631.5
Cell;B04_T_01_Z20;123;endodermis;2559.5
Cell;B04_T_01_Z20;124;pericycle;1424
Cell;B04_T_01_Z20;125;columella3;833
Cell;B04_T_01_Z20;126;stele;372
Cell;B04_T_01_Z20;127;stele;311
Cell;B04_T_01_Z20;128;stele;489
Cell;B04_T_01_Z20;129;stele;569.5
Cell;B04_T_01_Z20;130;stele;405.5
Cell;B04_T_01_Z20;131;stele;867
Cell;B04_T_01_Z20;132;stele;419.5
Cell;B04_T_01_Z20;133;stele;309.5
Cell;B04_T_01_Z20;134;stele;760
Cell;B04_T_01_Z20;135;stele;722.5
Cell;B04_T_01_Z20;136;stele;292.5
Cell;B04_T_01_Z20;137;stele;184
Cell;B04_T_01_Z20;138;general;6774
Cell;B04_T_01_Z20;139;columella3;2947.5
Cell;B04_T_01_Z20;140;stele;520.5
Cell;B04_T_01_Z20;141;cortex;3820.5
Cell;B04_T_01_Z20;142;stele;372.5
Cell;B04_T_01_Z20;143;cortex;4293
Cell;B04_T_01_Z20;144;pericycle;1828.5
Cell;B04_T_01_Z20;145;stele;109
Cell;B04_T_01_Z20;146;stele;172
Cell;B04_T_01_Z20;147;stele;451
Cell;B04_T_01_Z20;148;cortex;9433.5
Cell;B04_T_01_Z20;149;stele;142
Cell;B04_T_01_Z20;150;endodermis;3045
Cell;B04_T_01_Z20;151;stele;207
Cell;B04_T_01_Z20;153;epidermis;1062
Cell;B04_T_01_Z20;154;stele;216.5
Cell;B04_T_01_Z20;155;stele;212.5
Cell;B04_T_01_Z20;156;stele;591.5
Cell;B04_T_01_Z20;157;epidermis;1839.5
Cell;B04_T_01_Z20;158;stele;278.5
Cell;B04_T_01_Z20;159;pericycle;1879.5
Cell;B04_T_01_Z20;160;stele;132.5
Cell;B04_T_01_Z20;161;stele;343.5
Cell;B04_T_01_Z20;162;stele;162
Cell;B04_T_01_Z20;163;stele;244
Cell;B04_T_01_Z20;164;stele;741
Cell;B04_T_01_Z20;165;stele;594
Cell;B04_T_01_Z20;166;stele;556
Cell;B04_T_01_Z20;167;stele;266
Cell;B04_T_01_Z20;168;stele;301
Cell;B04_T_01_Z20;169;cortex;4238.5
Cell;B04_T_01_Z20;170;cortex;5510.5
Cell;B04_T_01_Z20;171;endodermis;4224
Cell;B04_T_01_Z20;172;stele;56
Cell;B04_T_01_Z20;173;stele;368
Cell;B04_T_01_Z20;174;cortex;5080.5
Cell;B04_T_01_Z20;175;stele;109.5
Cell;B04_T_01_Z20;176;general;950.5
Cell;B04_T_01_Z20;177;stele;105.5
Cell;B04_T_01_Z20;178;stele;622.5
Cell;B04_T_01_Z20;179;stele;333.5
Cell;B04_T_01_Z20;180;stele;391.5
Cell;B04_T_01_Z20;181;stele;471
Cell;B04_T_01_Z20;182;stele;412.5
Cell;B04_T_01_Z20;183;stele;483
Cell;B04_T_01_Z20;184;pericycle;1148
Cell;B04_T_01_Z20;185;stele;481
Cell;B04_T_01_Z20;186;columella3;5667.5
Cell;B04_T_01_Z20;187;stele;492
Cell;B04_T_01_Z20;188;stele;503
Cell;B04_T_01_Z20;189;epidermis;1227
Cell;B04_T_01_Z20;190;stele;565.5
Cell;B04_T_01_Z20;191;stele;439
Cell;B04_T_01_Z20;192;stele;260
Cell;B04_T_01_Z20;193;stele;269
Cell;B04_T_01_Z20;194;stele;209
Cell;B04_T_01_Z20;195;stele;132
Cell;B04_T_01_Z20;196;cortex;5583.5
Cell;B04_T_01_Z20;197;stele;862
Cell;B04_T_01_Z20;198;stele;449.5
Cell;B04_T_01_Z20;199;pericycle;1229.5
Cell;B04_T_01_Z20;200;cortex;5352.5
Cell;B04_T_01_Z20;201;stele;501.5
Cell;B04_T_01_Z20;202;stele;263
Cell;B04_T_01_Z20;203;stele;257.5
Cell;B04_T_01_Z20;204;general;1899
Cell;B04_T_01_Z20;205;stele;974.5
Cell;B04_T_01_Z20;206;stele;291
Cell;B04_T_01_Z20;207;pericycle;1210.5
Cell;B04_T_01_Z20;208;epidermis;3850
Cell;B04_T_01_Z20;209;stele;237
Cell;B04_T_01_Z20;210;general;4798
Cell;B04_T_01_Z20;211;stele;431
Cell;B04_T_01_Z20;212;stele;326.5
Cell;B04_T_01_Z20;213;endodermis;2480.5
Cell;B04_T_01_Z20;214;stele;204.5
Cell;B04_T_01_Z20;215;stele;292
Cell;B04_T_01_Z20;216;stele;170
Cell;B04_T_01_Z20;217;stele;223
Cell;B04_T_01_Z20;218;stele;324.5
Cell;B04_T_01_Z20;219;stele;382.5
Cell;B04_T_01_Z20;220;stele;602.5
Cell;B04_T_01_Z20;221;cortex;8080.5
Cell;B04_T_01_Z20;222;stele;484
Cell;B04_T_01_Z20;223;stele;361
Cell;B04_T_01_Z20;224;pericycle;1276
Cell;B04_T_01_Z20;225;stele;114
Cell;B04_T_01_Z20;226;stele;240
Cell;B04_T_01_Z20;227;stele;637
Cell;B04_T_01_Z20;228;stele;164.5
Cell;B04_T_01_Z20;229;epidermis;2510.5
Cell;B04_T_01_Z20;230;stele;387.5
Cell;B04_T_01_Z20;231;cortex;5602
Cell;B04_T_01_Z20;232;cortex;2772.5
Cell;B04_T_01_Z20;233;stele;669.5
Cell;B04_T_01_Z20;234;stele;458.5
Cell;B04_T_01_Z20;235;columella3;2570
Cell;B04_T_01_Z20;236;pericycle;1125
Cell;B04_T_01_Z20;237;stele;265
Cell;B04_T_01_Z20;238;stele;794
Cell;B04_T_01_Z20;239;cortex;5216.5
Cell;B04_T_01_Z20;240;stele;354.5
Cell;B04_T_01_Z20;241;stele;586.5
Cell;B04_T_01_Z20;242;stele;358
Cell;B04_T_01_Z20;243;stele;782.5
Cell;B04_T_01_Z20;244;stele;418
Cell;B04_T_01_Z20;245;general;3062
Cell;B04_T_01_Z20;246;endodermis;1785
Cell;B04_T_01_Z20;247;stele;292.5
Cell;B04_T_01_Z20;248;stele;891
Cell;B04_T_01_Z20;249;stele;714.5
Cell;B04_T_01_Z20;250;stele;441
Cell;B04_T_01_Z20;251;cortex;7630.5
Cell;B04_T_01_Z20;252;pericycle;1607.5
Cell;B04_T_01_Z20;253;endodermis;3353
Cell;B04_T_01_Z20;254;stele;559
Cell;B04_T_01_Z20;255;stele;285
Cell;B04_T_01_Z20;256;stele;755.5
Cell;B04_T_01_Z20;257;stele;597
Cell;B04_T_01_Z20;258;cortex;7528
Cell;B04_T_01_Z20;259;pericycle;729.5
Cell;B04_T_01_Z20;260;stele;334.5
Cell;B04_T_01_Z20;261;cortex;5031.5
Cell;B04_T_01_Z20;262;stele;347.5
Cell;B04_T_01_Z20;263;stele;477.5
Cell;B04_T_01_Z20;264;stele;498
Cell;B04_T_01_Z20;265;stele;702
Cell;B04_T_01_Z20;266;columella3;1158
Cell;B04_T_01_Z20;267;stele;700.5
Cell;B04_T_01_Z20;268;general;4682
Cell;B04_T_01_Z20;269;stele;321.5
Cell;B04_T_01_Z20;270;stele;918
Cell;B04_T_01_Z20;271;stele;554.5
Cell;B04_T_01_Z20;272;epidermis;1556
Cell;B04_T_01_Z20;273;stele;743
Cell;B04_T_01_Z20;274;epidermis;952
Cell;B04_T_01_Z20;275;stele;361.5
Cell;B04_T_01_Z20;276;general;2312.5
Cell;B04_T_01_Z20;277;endodermis;4525.5
Cell;B04_T_01_Z20;278;stele;537.5
Cell;B04_T_01_Z20;279;pericycle;2364
Cell;B04_T_01_Z20;280;pericycle;1538
Cell;B04_T_01_Z20;281;stele;556.5
Cell;B04_T_01_Z20;282;stele;514
Cell;B04_T_01_Z20;283;stele;341.5
Cell;B04_T_01_Z20;284;stele;536
Cell;B04_T_01_Z20;285;stele;704
Cell;B04_T_01_Z20;286;stele;390
Cell;B04_T_01_Z20;287;cortex;6336
Cell;B04_T_01_Z20;288;stele;636.5
Cell;B04_T_01_Z20;289;columella3;673
Cell;B04_T_01_Z20;290;stele;383.5
Cell;B04_T_01_Z20;291;stele;274
Cell;B04_T_01_Z20;292;cortex;4460.5
Cell;B04_T_01_Z20;293;stele;939.5
Cell;B04_T_01_Z20;294;stele;327.5
Cell;B04_T_01_Z20;295;stele;499
Cell;B04_T_01_Z20;296;stele;187
Cell;B04_T_01_Z20;297;stele;604
Cell;B04_T_01_Z20;298;endodermis;1976.5
Cell;B04_T_01_Z20;299;stele;455.5
Cell;B04_T_01_Z20;300;stele;481
Cell;B04_T_01_Z20;301;cortex;3494
Cell;B04_T_01_Z20;302;general;3561
Cell;B04_T_01_Z20;303;pericycle;1560
Cell;B04_T_01_Z20;304;pericycle;1633.5
Cell;B04_T_01_Z20;305;stele;758.5
Cell;B04_T_01_Z20;306;stele;844.5
Cell;B04_T_01_Z20;307;stele;477.5
Cell;B04_T_01_Z20;308;stele;774.5
Cell;B04_T_01_Z20;309;cortex;5762.5
Cell;B04_T_01_Z20;310;stele;373.5
Cell;B04_T_01_Z20;311;cortex;9085.5
Cell;B04_T_01_Z20;312;general;5165.5
Cell;B04_T_01_Z20;313;pericycle;1980
Cell;B04_T_01_Z20;314;epidermis;1569.5
Cell;B04_T_01_Z20;315;stele;931
Cell;B04_T_01_Z20;316;pericycle;3147
Cell;B04_T_01_Z20;317;stele;837.5
Cell;B04_T_01_Z20;318;epidermis;912.5
Cell;B04_T_01_Z20;319;endodermis;4606.5
Cell;B04_T_01_Z20;320;stele;671.5
Cell;B04_T_01_Z20;321;pericycle;1087
Cell;B04_T_01_Z20;322;cortex;8811
Cell;B04_T_01_Z20;323;endodermis;999.5
Cell;B04_T_01_Z20;324;general;1904.5
Cell;B04_T_01_Z20;325;pericycle;1977
Cell;B04_T_01_Z20;326;cortex;2854
Cell;B04_T_01_Z20;327;cortex;6868
Cell;B04_T_01_Z20;328;cortex;5378
Cell;B04_T_01_Z20;329;pericycle;2088
Cell;B04_T_01_Z20;330;cortex;4605.5
Cell;B04_T_01_Z20;331;pericycle;1861.5
Cell;B04_T_01_Z20;332;endodermis;1319
Cell;B04_T_01_Z20;333;epidermis;1318
Cell;B04_T_01_Z20;334;endodermis;2821
Cell;B04_T_01_Z20;335;epidermis;1238
Cell;B04_T_01_Z20;336;rootcapl2;747.5
Cell;B04_T_01_Z20;337;general;2465
Cell;B04_T_01_Z20;338;endodermis;3054.5
Cell;B04_T_01_Z20;339;general;2132.5
Cell;B04_T_01_Z20;340;endodermis;1765
Cell;B04_T_01_Z20;341;endodermis;1790
Cell;B04_T_01_Z20;342;cortex;8075
Cell;B04_T_01_Z20;343;cortex;2936.5
Cell;B04_T_01_Z20;344;cortex;9095.5
Cell;B04_T_01_Z20;345;cortex;5379
Cell;B04_T_01_Z20;346;epidermis;2036
Cell;B04_T_01_Z20;347;cortex;3938.5
Cell;B04_T_01_Z20;348;cortex;4411
Cell;B04_T_01_Z20;349;cortex;6439
Cell;B04_T_01_Z20;350;general;3563.5
Cell;B04_T_01_Z20;351;epidermis;1151.5
Cell;B04_T_01_Z20;352;general;1577.5
Cell;B04_T_01_Z20;353;cortex;4185
Cell;B04_T_01_Z20;354;cortex;4063.5
Cell;B04_T_01_Z20;355;cortex;3151.5
Cell;B04_T_01_Z20;356;rootcapl2;660.5
Cell;B04_T_01_Z20;357;epidermis;2016.5
Cell;B04_T_01_Z20;358;general;2697.5
Cell;B04_T_01_Z20;359;cortex;3728
Cell;B04_T_01_Z20;360;cortex;6493.5
Cell;B04_T_01_Z20;361;general;4898.5
Cell;B04_T_01_Z20;362;rootcapl2;761
Cell;B04_T_01_Z20;363;rootcapl2;893
Cell;B04_T_01_Z20;364;epidermis;856.5
Cell;B04_T_01_Z20;365;cortex;7029
Cell;B04_T_01_Z20;366;rootcapl2;754
Cell;B04_T_01_Z20;367;general;2546
Cell;B04_T_01_Z20;368;cortex;6072
Cell;B04_T_01_Z20;369;cortex;8512.5
Cell;B04_T_01_Z20;370;rootcapl2;764
Cell;B04_T_01_Z20;371;cortex;2380.5
Cell;B04_T_01_Z20;372;general;1919.5
Cell;B04_T_01_Z20;373;general;6632
Cell;B04_T_01_Z20;374;cortex;5529
Cell;B04_T_01_Z20;375;epidermis;575
Cell;B04_T_01_Z20;376;cortex;3983
Cell;B04_T_01_Z20;377;epidermis;1340
Cell;B04_T_01_Z20;378;cortex;3974.5
Cell;B04_T_01_Z20;379;general;2250.5
Cell;B04_T_01_Z20;380;cortex;7148
Cell;B04_T_01_Z20;381;rootcapl2;478.5
Cell;B04_T_01_Z20;382;general;7518
Cell;B04_T_01_Z20;383;epidermis;905.5
Cell;B04_T_01_Z20;384;epidermis;1800.5
Cell;B04_T_01_Z20;385;cortex;4655
Cell;B04_T_01_Z20;386;cortex;4105
Cell;B04_T_01_Z20;387;epidermis;905
Cell;B04_T_01_Z20;388;cortex;3484
Cell;B04_T_01_Z20;389;cortex;2771
Cell;B04_T_01_Z20;390;cortex;2891
Cell;B04_T_01_Z20;391;general;6520
Cell;B04_T_01_Z20;392;epidermis;1149.5
Cell;B04_T_01_Z20;393;epidermis;1225.5
Cell;B04_T_01_Z20;394;general;6325.5
Cell;B04_T_01_Z20;395;epidermis;2186
Cell;B04_T_01_Z20;396;general;1856
Cell;B04_T_01_Z20;397;general;6606
Cell;B04_T_01_Z20;398;general;3363
Cell;B04_T_01_Z20;399;general;3607
Cell;B04_T_01_Z20;400;general;6390
Cell;B04_T_01_Z20;401;epidermis;426.5
Cell;B04_T_01_Z20;402;general;2831.5
Cell;B04_T_01_Z20;403;epidermis;1466.5
Cell;B04_T_01_Z20;404;epidermis;812.5
Cell;B04_T_01_Z20;405;epidermis;2068.5
Cell;B04_T_01_Z20;406;epidermis;751
Cell;B04_T_01_Z20;407;epidermis;1155
Cell;B04_T_01_Z20;408;general;309.5
Cell;B04_T_01_Z20;409;epidermis;1788.5
Cell;B04_T_01_Z20;410;epidermis;1667.5
Cell;B04_T_01_Z20;411;epidermis;1660
Cell;B04_T_01_Z20;412;epidermis;1219
Cell;B04_T_01_Z20;413;epidermis;576
Cell;B04_T_01_Z20;414;epidermis;842
Cell;B04_T_01_Z20;415;epidermis;802.5
Cell;B04_T_01_Z20;416;epidermis;650.5
Cell;B04_T_01_Z20;417;epidermis;1884.5
Cell;B04_T_04_Z20;0;epidermis;661.5
Cell;B04_T_04_Z20;1;epidermis;1596.5
Cell;B04_T_04_Z20;2;epidermis;1261.5
Cell;B04_T_04_Z20;3;epidermis;1326
Cell;B04_T_04_Z20;4;epidermis;1128.5
Cell;B04_T_04_Z20;5;epidermis;635.5
Cell;B04_T_04_Z20;6;epidermis;1691.5
Cell;B04_T_04_Z20;7;general;2474.5
Cell;B04_T_04_Z20;8;general;4380
Cell;B04_T_04_Z20;9;general;6276.5
Cell;B04_T_04_Z20;10;epidermis;1200.5
Cell;B04_T_04_Z20;11;epidermis;1032.5
Cell;B04_T_04_Z20;12;general;4662
Cell;B04_T_04_Z20;13;epidermis;1387.5
Cell;B04_T_04_Z20;14;epidermis;1512.5
Cell;B04_T_04_Z20;15;epidermis;777.5
Cell;B04_T_04_Z20;16;general;5496.5
Cell;B04_T_04_Z20;17;epidermis;1053
Cell;B04_T_04_Z20;18;general;7633.5
Cell;B04_T_04_Z20;19;epidermis;2446.5
Cell;B04_T_04_Z20;20;epidermis;1154
Cell;B04_T_04_Z20;21;cortex;6237.5
Cell;B04_T_04_Z20;22;general;6718
Cell;B04_T_04_Z20;23;cortex;4584.5
Cell;B04_T_04_Z20;24;cortex;936
Cell;B04_T_04_Z20;25;general;3666
Cell;B04_T_04_Z20;26;epidermis;884
Cell;B04_T_04_Z20;27;epidermis;892
Cell;B04_T_04_Z20;28;cortex;1291
Cell;B04_T_04_Z20;29;epidermis;2091
Cell;B04_T_04_Z20;30;general;4966.5
Cell;B04_T_04_Z20;31;cortex;4338
Cell;B04_T_04_Z20;32;epidermis;1801.5
Cell;B04_T_04_Z20;33;cortex;8271
Cell;B04_T_04_Z20;34;cortex;3039
Cell;B04_T_04_Z20;35;general;4768.5
Cell;B04_T_04_Z20;36;rootcapl2;165.5
Cell;B04_T_04_Z20;37;cortex;1161
Cell;B04_T_04_Z20;38;rootcapl2;754.5
Cell;B04_T_04_Z20;39;cortex;1822
Cell;B04_T_04_Z20;40;cortex;6429.5
Cell;B04_T_04_Z20;41;epidermis;1268
Cell;B04_T_04_Z20;42;rootcapl2;827.5
Cell;B04_T_04_Z20;43;rootcapl2;373.5
Cell;B04_T_04_Z20;44;cortex;1036
Cell;B04_T_04_Z20;45;cortex;8787.5
Cell;B04_T_04_Z20;46;cortex;2791.5
Cell;B04_T_04_Z20;47;rootcapl2;168
Cell;B04_T_04_Z20;48;cortex;1237
Cell;B04_T_04_Z20;49;general;3294
Cell;B04_T_04_Z20;50;cortex;4724.5
Cell;B04_T_04_Z20;51;cortex;6618.5
Cell;B04_T_04_Z20;52;epidermis;2581.5
Cell;B04_T_04_Z20;53;epidermis;954
Cell;B04_T_04_Z20;54;general;3291
Cell;B04_T_04_Z20;55;general;1239.5
Cell;B04_T_04_Z20;56;cortex;3285.5
Cell;B04_T_04_Z20;57;cortex;1785
Cell;B04_T_04_Z20;58;rootcapl2;442
Cell;B04_T_04_Z20;59;rootcapl2;1517
Cell;B04_T_04_Z20;60;cortex;2691
Cell;B04_T_04_Z20;61;cortex;7686
Cell;B04_T_04_Z20;62;cortex;4867
Cell;B04_T_04_Z20;63;epidermis;1387
Cell;B04_T_04_Z20;64;cortex;6217
Cell;B04_T_04_Z20;65;epidermis;1884
Cell;B04_T_04_Z20;66;cortex;4865.5
Cell;B04_T_04_Z20;67;cortex;4632
Cell;B04_T_04_Z20;68;general;3483
Cell;B04_T_04_Z20;69;cortex;3332
Cell;B04_T_04_Z20;70;general;5611
Cell;B04_T_04_Z20;71;cortex;6895
Cell;B04_T_04_Z20;72;cortex;5894
Cell;B04_T_04_Z20;73;rootcapl2;611.5
Cell;B04_T_04_Z20;74;rootcapl2;714.5
Cell;B04_T_04_Z20;75;endodermis;3540.5
Cell;B04_T_04_Z20;76;rootcapl2;107.5
Cell;B04_T_04_Z20;77;rootcapl2;360.5
Cell;B04_T_04_Z20;78;general;4036
Cell;B04_T_04_Z20;79;cortex;4558
Cell;B04_T_04_Z20;80;epidermis;625.5
Cell;B04_T_04_Z20;81;cortex;7974
Cell;B04_T_04_Z20;82;endodermis;3597
Cell;B04_T_04_Z20;83;cortex;5854
Cell;B04_T_04_Z20;84;endodermis;2871.5
Cell;B04_T_04_Z20;85;cortex;4780
Cell;B04_T_04_Z20;86;cortex;5565.5
Cell;B04_T_04_Z20;87;epidermis;1141
Cell;B04_T_04_Z20;88;rootcapl2;816.5
Cell;B04_T_04_Z20;89;epidermis;737.5
Cell;B04_T_04_Z20;90;endodermis;2001
Cell;B04_T_04_Z20;91;pericycle;2702.5
Cell;B04_T_04_Z20;92;rootcapl2;240.5
Cell;B04_T_04_Z20;93;general;5158.5
Cell;B04_T_04_Z20;94;pericycle;2255.5
Cell;B04_T_04_Z20;95;cortex;3214
Cell;B04_T_04_Z20;96;endodermis;3046
Cell;B04_T_04_Z20;97;cortex;6663.5
Cell;B04_T_04_Z20;98;endodermis;3737
Cell;B04_T_04_Z20;99;rootcapl2;690.5
Cell;B04_T_04_Z20;100;pericycle;1877
Cell;B04_T_04_Z20;101;epidermis;1224
Cell;B04_T_04_Z20;102;rootcapl2;554
Cell;B04_T_04_Z20;103;cortex;4222.5
Cell;B04_T_04_Z20;104;endodermis;2517.5
Cell;B04_T_04_Z20;105;general;1728.5
Cell;B04_T_04_Z20;106;cortex;4470.5
Cell;B04_T_04_Z20;107;pericycle;1659.5
Cell;B04_T_04_Z20;108;pericycle;1566
Cell;B04_T_04_Z20;109;stele;485
Cell;B04_T_04_Z20;110;cortex;7140.5
Cell;B04_T_04_Z20;111;rootcapl2;200.5
Cell;B04_T_04_Z20;112;epidermis;1797.5
Cell;B04_T_04_Z20;113;stele;558.5
Cell;B04_T_04_Z20;114;cortex;7967.5
Cell;B04_T_04_Z20;115;stele;1317
Cell;B04_T_04_Z20;116;rootcapl2;699.5
Cell;B04_T_04_Z20;117;endodermis;2441.5
Cell;B04_T_04_Z20;118;stele;256
Cell;B04_T_04_Z20;119;stele;415
Cell;B04_T_04_Z20;120;stele;252
Cell;B04_T_04_Z20;121;stele;357
Cell;B04_T_04_Z20;122;pericycle;1339
Cell;B04_T_04_Z20;123;general;2514.5
Cell;B04_T_04_Z20;124;cortex;3901.5
Cell;B04_T_04_Z20;125;stele;204.5
Cell;B04_T_04_Z20;126;endodermis;3083.5
Cell;B04_T_04_Z20;127;pericycle;701
Cell;B04_T_04_Z20;128;pericycle;1073.5
Cell;B04_T_04_Z20;129;rootcapl2;658.5
Cell;B04_T_04_Z20;130;epidermis;1669.5
Cell;B04_T_04_Z20;131;general;2503.5
Cell;B04_T_04_Z20;132;stele;496.5
Cell;B04_T_04_Z20;133;stele;806
Cell;B04_T_04_Z20;134;stele;512
Cell;B04_T_04_Z20;135;stele;307
Cell;B04_T_04_Z20;136;stele;712.5
Cell;B04_T_04_Z20;137;stele;557
Cell;B04_T_04_Z20;138;pericycle;1272
Cell;B04_T_04_Z20;139;pericycle;1622
Cell;B04_T_04_Z20;140;cortex;3306
Cell;B04_T_04_Z20;141;stele;503.5
Cell;B04_T_04_Z20;142;endodermis;2920
Cell;B04_T_04_Z20;143;epidermis;1561
Cell;B04_T_04_Z20;144;stele;575
Cell;B04_T_04_Z20;145;stele;654
Cell;B04_T_04_Z20;146;stele;377.5
Cell;B04_T_04_Z20;147;cortex;5417
Cell;B04_T_04_Z20;148;stele;298
Cell;B04_T_04_Z20;149;stele;521
Cell;B04_T_04_Z20;150;cortex;4726
Cell;B04_T_04_Z20;151;stele;466
Cell;B04_T_04_Z20;152;stele;605.5
Cell;B04_T_04_Z20;153;stele;431.5
Cell;B04_T_04_Z20;154;general;4029
Cell;B04_T_04_Z20;155;pericycle;1458
Cell;B04_T_04_Z20;156;stele;612
Cell;B04_T_04_Z20;157;stele;433
Cell;B04_T_04_Z20;158;rootcapl2;369
Cell;B04_T_04_Z20;159;stele;637
Cell;B04_T_04_Z20;160;stele;631
Cell;B04_T_04_Z20;161;stele;332.5
Cell;B04_T_04_Z20;162;stele;725.5
Cell;B04_T_04_Z20;163;stele;359.5
Cell;B04_T_04_Z20;164;rootcapl2;123
Cell;B04_T_04_Z20;165;stele;841.5
Cell;B04_T_04_Z20;166;stele;1014
Cell;B04_T_04_Z20;167;stele;233
Cell;B04_T_04_Z20;168;endodermis;3090.5
Cell;B04_T_04_Z20;169;general;2012
Cell;B04_T_04_Z20;170;stele;505
Cell;B04_T_04_Z20;171;stele;625
Cell;B04_T_04_Z20;172;pericycle;999.5
Cell;B04_T_04_Z20;173;cortex;5063.5
Cell;B04_T_04_Z20;174;stele;538.5
Cell;B04_T_04_Z20;175;stele;357.5
Cell;B04_T_04_Z20;176;stele;724.5
Cell;B04_T_04_Z20;177;rootcapl2;680.5
Cell;B04_T_04_Z20;178;epidermis;831.5
Cell;B04_T_04_Z20;179;stele;730.5
Cell;B04_T_04_Z20;180;stele;346
Cell;B04_T_04_Z20;181;stele;460.5
Cell;B04_T_04_Z20;182;cortex;4477
Cell;B04_T_04_Z20;183;stele;726
Cell;B04_T_04_Z20;184;stele;540.5
Cell;B04_T_04_Z20;185;stele;358
Cell;B04_T_04_Z20;186;stele;423
Cell;B04_T_04_Z20;187;stele;642
Cell;B04_T_04_Z20;188;rootcapl2;812.5
Cell;B04_T_04_Z20;189;stele;520
Cell;B04_T_04_Z20;190;stele;483.5
Cell;B04_T_04_Z20;191;pericycle;1182.5
Cell;B04_T_04_Z20;192;cortex;5895.5
Cell;B04_T_04_Z20;193;stele;1039
Cell;B04_T_04_Z20;194;stele;403.5
Cell;B04_T_04_Z20;195;endodermis;2464
Cell;B04_T_04_Z20;196;pericycle;750
Cell;B04_T_04_Z20;197;columella3;1457.5
Cell;B04_T_04_Z20;198;columella3;4602
Cell;B04_T_04_Z20;199;cortex;8880.5
Cell;B04_T_04_Z20;200;stele;537.5
Cell;B04_T_04_Z20;201;stele;361
Cell;B04_T_04_Z20;203;stele;586
Cell;B04_T_04_Z20;204;stele;356
Cell;B04_T_04_Z20;205;stele;111.5
Cell;B04_T_04_Z20;206;stele;408
Cell;B04_T_04_Z20;207;general;4658
Cell;B04_T_04_Z20;208;stele;244
Cell;B04_T_04_Z20;209;stele;834.5
Cell;B04_T_04_Z20;210;stele;474
Cell;B04_T_04_Z20;211;stele;478
Cell;B04_T_04_Z20;213;epidermis;1575
Cell;B04_T_04_Z20;214;endodermis;3182
Cell;B04_T_04_Z20;215;epidermis;1407
Cell;B04_T_04_Z20;216;general;5094
Cell;B04_T_04_Z20;217;pericycle;1255.5
Cell;B04_T_04_Z20;218;cortex;2939.5
Cell;B04_T_04_Z20;219;stele;478
Cell;B04_T_04_Z20;220;cortex;4202.5
Cell;B04_T_04_Z20;221;stele;581
Cell;B04_T_04_Z20;222;stele;612
Cell;B04_T_04_Z20;223;stele;294.5
Cell;B04_T_04_Z20;224;stele;445.5
Cell;B04_T_04_Z20;225;columella3;1832.5
Cell;B04_T_04_Z20;226;pericycle;1294
Cell;B04_T_04_Z20;227;stele;263
Cell;B04_T_04_Z20;228;stele;203.5
Cell;B04_T_04_Z20;229;stele;374.5
Cell;B04_T_04_Z20;230;stele;582.5
Cell;B04_T_04_Z20;231;stele;465
Cell;B04_T_04_Z20;232;stele;226
Cell;B04_T_04_Z20;233;stele;603
Cell;B04_T_04_Z20;234;stele;616.5
Cell;B04_T_04_Z20;235;cortex;3960
Cell;B04_T_04_Z20;236;stele;463
Cell;B04_T_04_Z20;237;columella3;1190.5
Cell;B04_T_04_Z20;238;stele;947.5
Cell;B04_T_04_Z20;239;stele;850.5
Cell;B04_T_04_Z20;240;rootcapl2;574.5
Cell;B04_T_04_Z20;241;stele;699.5
Cell;B04_T_04_Z20;242;stele;394
Cell;B04_T_04_Z20;243;endodermis;3446.5
Cell;B04_T_04_Z20;244;stele;280
Cell;B04_T_04_Z20;245;stele;525
Cell;B04_T_04_Z20;246;cortex;9518.5
Cell;B04_T_04_Z20;247;stele;544
Cell;B04_T_04_Z20;248;stele;654
Cell;B04_T_04_Z20;249;pericycle;1682.5
Cell;B04_T_04_Z20;250;pericycle;1153.5
Cell;B04_T_04_Z20;251;general;2189
Cell;B04_T_04_Z20;252;stele;494
Cell;B04_T_04_Z20;253;stele;827.5
Cell;B04_T_04_Z20;254;columella3;856
Cell;B04_T_04_Z20;255;cortex;5024.5
Cell;B04_T_04_Z20;256;stele;414
Cell;B04_T_04_Z20;257;stele;468
Cell;B04_T_04_Z20;258;stele;706.5
Cell;B04_T_04_Z20;259;rootcapl2;885
Cell;B04_T_04_Z20;260;epidermis;1448.5
Cell;B04_T_04_Z20;261;stele;448
Cell;B04_T_04_Z20;262;columella3;613
Cell;B04_T_04_Z20;263;stele;410
Cell;B04_T_04_Z20;264;stele;513
Cell;B04_T_04_Z20;265;rootcapl2;730.5
Cell;B04_T_04_Z20;266;general;5263
Cell;B04_T_04_Z20;267;endodermis;3080
Cell;B04_T_04_Z20;268;stele;619
Cell;B04_T_04_Z20;269;stele;644
Cell;B04_T_04_Z20;270;epidermis;2205.5
Cell;B04_T_04_Z20;271;general;2467.5
Cell;B04_T_04_Z20;272;pericycle;1276.5
Cell;B04_T_04_Z20;273;stele;638.5
Cell;B04_T_04_Z20;274;stele;728.5
Cell;B04_T_04_Z20;275;stele;655.5
Cell;B04_T_04_Z20;276;cortex;4281.5
Cell;B04_T_04_Z20;277;pericycle;1021
Cell;B04_T_04_Z20;278;stele;498.5
Cell;B04_T_04_Z20;279;stele;463
Cell;B04_T_04_Z20;280;cortex;7588.5
Cell;B04_T_04_Z20;281;stele;431.5
Cell;B04_T_04_Z20;282;cortex;3504.5
Cell;B04_T_04_Z20;283;stele;410
Cell;B04_T_04_Z20;284;stele;337.5
Cell;B04_T_04_Z20;285;stele;359
Cell;B04_T_04_Z20;286;endodermis;4428
Cell;B04_T_04_Z20;287;stele;439.5
Cell;B04_T_04_Z20;288;stele;764
Cell;B04_T_04_Z20;289;stele;712.5
Cell;B04_T_04_Z20;290;stele;344
Cell;B04_T_04_Z20;291;stele;644
Cell;B04_T_04_Z20;292;stele;320
Cell;B04_T_04_Z20;293;stele;484
Cell;B04_T_04_Z20;294;stele;705.5
Cell;B04_T_04_Z20;295;stele;249.5
Cell;B04_T_04_Z20;296;stele;797.5
Cell;B04_T_04_Z20;297;pericycle;1370.5
Cell;B04_T_04_Z20;298;stele;662.5
Cell;B04_T_04_Z20;299;epidermis;1179
Cell;B04_T_04_Z20;300;stele;499
Cell;B04_T_04_Z20;301;general;5903.5
Cell;B04_T_04_Z20;302;stele;649
Cell;B04_T_04_Z20;303;pericycle;924
Cell;B04_T_04_Z20;304;stele;379.5
Cell;B04_T_04_Z20;305;stele;540.5
Cell;B04_T_04_Z20;306;cortex;2371.5
Cell;B04_T_04_Z20;307;stele;516
Cell;B04_T_04_Z20;308;stele;551.5
Cell;B04_T_04_Z20;309;stele;607.5
Cell;B04_T_04_Z20;310;stele;549
Cell;B04_T_04_Z20;311;stele;321.5
Cell;B04_T_04_Z20;312;stele;858.5
Cell;B04_T_04_Z20;313;pericycle;1660.5
Cell;B04_T_04_Z20;314;epidermis;1615.5
Cell;B04_T_04_Z20;315;stele;336
Cell;B04_T_04_Z20;316;rootcapl2;709.5
Cell;B04_T_04_Z20;317;endodermis;1901
Cell;B04_T_04_Z20;318;pericycle;2128
Cell;B04_T_04_Z20;319;stele;380
Cell;B04_T_04_Z20;320;pericycle;990.5
Cell;B04_T_04_Z20;321;endodermis;2198
Cell;B04_T_04_Z20;322;cortex;2923
Cell;B04_T_04_Z20;323;stele;604
Cell;B04_T_04_Z20;324;stele;683.5
Cell;B04_T_04_Z20;325;stele;773
Cell;B04_T_04_Z20;326;epidermis;518.5
Cell;B04_T_04_Z20;327;rootcapl2;442
Cell;B04_T_04_Z20;328;general;3564.5
Cell;B04_T_04_Z20;329;cortex;2281.5
Cell;B04_T_04_Z20;330;cortex;4708
Cell;B04_T_04_Z20;331;pericycle;2235
Cell;B04_T_04_Z20;332;pericycle;1981.5
Cell;B04_T_04_Z20;333;cortex;9127.5
Cell;B04_T_04_Z20;334;general;2413
Cell;B04_T_04_Z20;335;epidermis;993.5
Cell;B04_T_04_Z20;336;cortex;3076
Cell;B04_T_04_Z20;337;pericycle;1699
Cell;B04_T_04_Z20;338;pericycle;1143.5
Cell;B04_T_04_Z20;339;endodermis;2380
Cell;B04_T_04_Z20;340;cortex;6719.5
Cell;B04_T_04_Z20;341;epidermis;983.5
Cell;B04_T_04_Z20;342;endodermis;2807.5
Cell;B04_T_04_Z20;343;cortex;5995.5
Cell;B04_T_04_Z20;344;rootcapl2;458.5
Cell;B04_T_04_Z20;345;endodermis;1881
Cell;B04_T_04_Z20;346;general;2587.5
Cell;B04_T_04_Z20;347;cortex;4587
Cell;B04_T_04_Z20;348;cortex;6038
Cell;B04_T_04_Z20;349;endodermis;4247.5
Cell;B04_T_04_Z20;350;endodermis;2216
Cell;B04_T_04_Z20;351;epidermis;1029
Cell;B04_T_04_Z20;352;rootcapl2;675.5
Cell;B04_T_04_Z20;353;cortex;3104.5
Cell;B04_T_04_Z20;354;general;3039.5
Cell;B04_T_04_Z20;355;rootcapl2;793
Cell;B04_T_04_Z20;356;epidermis;1159.5
Cell;B04_T_04_Z20;357;cortex;3526
Cell;B04_T_04_Z20;358;rootcapl2;438
Cell;B04_T_04_Z20;359;cortex;3021
Cell;B04_T_04_Z20;360;general;3767.5
Cell;B04_T_04_Z20;361;epidermis;729.5
Cell;B04_T_04_Z20;362;cortex;7520
Cell;B04_T_04_Z20;363;cortex;7444.5
Cell;B04_T_04_Z20;364;epidermis;2392
Cell;B04_T_04_Z20;365;cortex;4256.5
Cell;B04_T_04_Z20;366;rootcapl2;377
Cell;B04_T_04_Z20;367;rootcapl2;872
Cell;B04_T_04_Z20;368;general;4263
Cell;B04_T_04_Z20;369;cortex;5390
Cell;B04_T_04_Z20;370;cortex;6148.5
Cell;B04_T_04_Z20;371;cortex;3771.5
Cell;B04_T_04_Z20;372;cortex;5134.5
Cell;B04_T_04_Z20;373;epidermis;1756
Cell;B04_T_04_Z20;374;rootcapl2;575.5
Cell;B04_T_04_Z20;375;cortex;7411
Cell;B04_T_04_Z20;376;epidermis;1947.5
Cell;B04_T_04_Z20;377;cortex;7240.5
Cell;B04_T_04_Z20;378;rootcapl2;583.5
Cell;B04_T_04_Z20;379;rootcapl2;700
Cell;B04_T_04_Z20;380;general;2041.5
Cell;B04_T_04_Z20;381;cortex;2728.5
Cell;B04_T_04_Z20;382;general;2309.5
Cell;B04_T_04_Z20;383;epidermis;1491.5
Cell;B04_T_04_Z20;384;cortex;5742.5
Cell;B04_T_04_Z20;385;cortex;2188.5
Cell;B04_T_04_Z20;386;cortex;5551
Cell;B04_T_04_Z20;387;cortex;3586
Cell;B04_T_04_Z20;388;rootcapl2;861
Cell;B04_T_04_Z20;389;general;2942
Cell;B04_T_04_Z20;390;epidermis;1280
Cell;B04_T_04_Z20;391;general;821.5
Cell;B04_T_04_Z20;392;general;2970
Cell;B04_T_04_Z20;393;epidermis;1511
Cell;B04_T_04_Z20;394;cortex;4764
Cell;B04_T_04_Z20;395;general;4052.5
Cell;B04_T_04_Z20;396;cortex;3001
Cell;B04_T_04_Z20;397;rootcapl2;708.5
Cell;B04_T_04_Z20;398;epidermis;990
Cell;B04_T_04_Z20;399;cortex;3148
Cell;B04_T_04_Z20;400;cortex;4066
Cell;B04_T_04_Z20;401;general;3613
Cell;B04_T_04_Z20;402;cortex;2965
Cell;B04_T_04_Z20;403;cortex;4488.5
Cell;B04_T_04_Z20;404;cortex;4684
Cell;B04_T_04_Z20;405;epidermis;1180.5
Cell;B04_T_04_Z20;406;epidermis;1610.5
Cell;B04_T_04_Z20;407;cortex;2182
Cell;B04_T_04_Z20;408;epidermis;895.5
Cell;B04_T_04_Z20;409;general;3659.5
Cell;B04_T_04_Z20;410;general;1575.5
Cell;B04_T_04_Z20;411;cortex;4258
Cell;B04_T_04_Z20;412;general;1639.5
Cell;B04_T_04_Z20;413;epidermis;1550.5
Cell;B04_T_04_Z20;414;general;3277.5
Cell;B04_T_04_Z20;415;cortex;1805
Cell;B04_T_04_Z20;416;general;1750.5
Cell;B04_T_04_Z20;417;epidermis;784.5
Cell;B04_T_04_Z20;418;general;3913.5
Cell;B04_T_04_Z20;419;general;1899
Cell;B04_T_04_Z20;420;epidermis;2202
Cell;B04_T_04_Z20;421;epidermis;1146
Cell;B04_T_04_Z20;422;general;3525
Cell;B04_T_04_Z20;423;epidermis;1226.5
Cell;B04_T_04_Z20;424;general;1738.5
Cell;B04_T_04_Z20;425;epidermis;754
Cell;B04_T_04_Z20;426;epidermis;1799
Cell;B04_T_04_Z20;427;epidermis;866.5
Cell;B04_T_04_Z20;428;epidermis;1345.5
Cell;B04_T_04_Z20;429;epidermis;780
Cell;B04_T_04_Z20;430;epidermis;1201
Cell;B04_T_04_Z20;431;epidermis;840.5
Cell;B04_T_B05_Z20;0;epidermis;810.5
Cell;B04_T_B05_Z20;1;epidermis;940
Cell;B04_T_B05_Z20;2;epidermis;1204
Cell;B04_T_B05_Z20;3;general;4731
Cell;B04_T_B05_Z20;4;epidermis;1384
Cell;B04_T_B05_Z20;5;general;4174
Cell;B04_T_B05_Z20;6;epidermis;1634.5
Cell;B04_T_B05_Z20;7;epidermis;1873
Cell;B04_T_B05_Z20;8;epidermis;1133
Cell;B04_T_B05_Z20;9;epidermis;1916
Cell;B04_T_B05_Z20;10;epidermis;609.5
Cell;B04_T_B05_Z20;11;epidermis;1112
Cell;B04_T_B05_Z20;12;general;3386
Cell;B04_T_B05_Z20;13;general;5928.5
Cell;B04_T_B05_Z20;14;general;3463.5
Cell;B04_T_B05_Z20;15;epidermis;1712
Cell;B04_T_B05_Z20;16;epidermis;1201.5
Cell;B04_T_B05_Z20;17;general;5690.5
Cell;B04_T_B05_Z20;18;general;1873
Cell;B04_T_B05_Z20;19;cortex;2560.5
Cell;B04_T_B05_Z20;20;general;2845
Cell;B04_T_B05_Z20;21;general;3728
Cell;B04_T_B05_Z20;22;epidermis;841.5
Cell;B04_T_B05_Z20;23;epidermis;842
Cell;B04_T_B05_Z20;24;cortex;4144
Cell;B04_T_B05_Z20;25;cortex;8111.5
Cell;B04_T_B05_Z20;26;cortex;2105.5
Cell;B04_T_B05_Z20;27;general;3354
Cell;B04_T_B05_Z20;28;general;3372
Cell;B04_T_B05_Z20;29;epidermis;1148.5
Cell;B04_T_B05_Z20;30;cortex;7082.5
Cell;B04_T_B05_Z20;31;cortex;3960
Cell;B04_T_B05_Z20;32;epidermis;921.5
Cell;B04_T_B05_Z20;33;cortex;9539
Cell;B04_T_B05_Z20;34;epidermis;911.5
Cell;B04_T_B05_Z20;35;cortex;2824
Cell;B04_T_B05_Z20;36;cortex;7604
Cell;B04_T_B05_Z20;37;epidermis;1282
Cell;B04_T_B05_Z20;38;general;2716
Cell;B04_T_B05_Z20;39;general;2789.5
Cell;B04_T_B05_Z20;40;cortex;6358.5
Cell;B04_T_B05_Z20;41;epidermis;1162.5
Cell;B04_T_B05_Z20;42;cortex;3371.5
Cell;B04_T_B05_Z20;43;epidermis;904.5
Cell;B04_T_B05_Z20;44;rootcapl2;387.5
Cell;B04_T_B05_Z20;45;rootcapl2;1147.5
Cell;B04_T_B05_Z20;46;epidermis;1032
Cell;B04_T_B05_Z20;47;rootcapl2;607.5
Cell;B04_T_B05_Z20;48;rootcapl2;729
Cell;B04_T_B05_Z20;49;general;2873.5
Cell;B04_T_B05_Z20;50;general;2405.5
Cell;B04_T_B05_Z20;51;rootcapl2;927
Cell;B04_T_B05_Z20;52;cortex;4719
Cell;B04_T_B05_Z20;53;cortex;4739
Cell;B04_T_B05_Z20;54;epidermis;1037
Cell;B04_T_B05_Z20;55;cortex;8649.5
Cell;B04_T_B05_Z20;56;general;5447.5
Cell;B04_T_B05_Z20;57;cortex;5316
Cell;B04_T_B05_Z20;58;cortex;5606
Cell;B04_T_B05_Z20;59;epidermis;1061.5
Cell;B04_T_B05_Z20;60;cortex;5216.5
Cell;B04_T_B05_Z20;61;cortex;8030.5
Cell;B04_T_B05_Z20;62;cortex;3127.5
Cell;B04_T_B05_Z20;63;general;6532
Cell;B04_T_B05_Z20;64;rootcapl2;728.5
Cell;B04_T_B05_Z20;65;epidermis;841.5
Cell;B04_T_B05_Z20;66;rootcapl2;718
Cell;B04_T_B05_Z20;67;rootcapl2;493.5
Cell;B04_T_B05_Z20;68;rootcapl2;377.5
Cell;B04_T_B05_Z20;69;rootcapl2;361
Cell;B04_T_B05_Z20;70;rootcapl2;577.5
Cell;B04_T_B05_Z20;71;epidermis;912.5
Cell;B04_T_B05_Z20;72;endodermis;2262.5
Cell;B04_T_B05_Z20;73;cortex;3040
Cell;B04_T_B05_Z20;74;cortex;5137
Cell;B04_T_B05_Z20;75;cortex;5658
Cell;B04_T_B05_Z20;76;cortex;4523.5
Cell;B04_T_B05_Z20;77;endodermis;3528.5
Cell;B04_T_B05_Z20;78;endodermis;2461
Cell;B04_T_B05_Z20;79;rootcapl2;707.5
Cell;B04_T_B05_Z20;80;epidermis;1269.5
Cell;B04_T_B05_Z20;81;endodermis;2991.5
Cell;B04_T_B05_Z20;82;endodermis;2130
Cell;B04_T_B05_Z20;83;rootcapl2;482.5
Cell;B04_T_B05_Z20;84;general;3944
Cell;B04_T_B05_Z20;85;cortex;7076.5
Cell;B04_T_B05_Z20;86;cortex;5637
Cell;B04_T_B05_Z20;87;endodermis;3536
Cell;B04_T_B05_Z20;88;epidermis;854
Cell;B04_T_B05_Z20;89;pericycle;1991.5
Cell;B04_T_B05_Z20;90;general;5278.5
Cell;B04_T_B05_Z20;91;pericycle;1280
Cell;B04_T_B05_Z20;92;rootcapl2;1026.5
Cell;B04_T_B05_Z20;93;cortex;3392
Cell;B04_T_B05_Z20;94;rootcapl2;607
Cell;B04_T_B05_Z20;95;pericycle;1830
Cell;B04_T_B05_Z20;96;pericycle;1714.5
Cell;B04_T_B05_Z20;97;endodermis;2202
Cell;B04_T_B05_Z20;98;epidermis;1468
Cell;B04_T_B05_Z20;99;pericycle;1584.5
Cell;B04_T_B05_Z20;100;cortex;4401.5
Cell;B04_T_B05_Z20;101;cortex;5514
Cell;B04_T_B05_Z20;102;epidermis;1060.5
Cell;B04_T_B05_Z20;103;pericycle;1645.5
Cell;B04_T_B05_Z20;104;cortex;5576
Cell;B04_T_B05_Z20;105;rootcapl2;651
Cell;B04_T_B05_Z20;106;pericycle;1190
Cell;B04_T_B05_Z20;107;stele;446
Cell;B04_T_B05_Z20;108;rootcapl2;424.5
Cell;B04_T_B05_Z20;109;stele;803
Cell;B04_T_B05_Z20;110;stele;400.5
Cell;B04_T_B05_Z20;111;stele;234.5
Cell;B04_T_B05_Z20;112;general;5942
Cell;B04_T_B05_Z20;113;stele;629.5
Cell;B04_T_B05_Z20;114;pericycle;2340
Cell;B04_T_B05_Z20;115;cortex;4899
Cell;B04_T_B05_Z20;116;general;4035.5
Cell;B04_T_B05_Z20;117;endodermis;3448
Cell;B04_T_B05_Z20;118;stele;394
Cell;B04_T_B05_Z20;119;stele;489
Cell;B04_T_B05_Z20;120;stele;675.5
Cell;B04_T_B05_Z20;121;pericycle;1184
Cell;B04_T_B05_Z20;122;stele;612
Cell;B04_T_B05_Z20;123;stele;305
Cell;B04_T_B05_Z20;124;epidermis;1582
Cell;B04_T_B05_Z20;125;endodermis;1762
Cell;B04_T_B05_Z20;126;epidermis;1189.5
Cell;B04_T_B05_Z20;127;rootcapl2;999.5
Cell;B04_T_B05_Z20;128;stele;640.5
Cell;B04_T_B05_Z20;129;stele;199
Cell;B04_T_B05_Z20;130;stele;588.5
Cell;B04_T_B05_Z20;131;stele;588
Cell;B04_T_B05_Z20;132;stele;424
Cell;B04_T_B05_Z20;133;stele;515
Cell;B04_T_B05_Z20;134;stele;462
Cell;B04_T_B05_Z20;135;cortex;7023
Cell;B04_T_B05_Z20;136;cortex;5652.5
Cell;B04_T_B05_Z20;137;stele;458.5
Cell;B04_T_B05_Z20;138;stele;756
Cell;B04_T_B05_Z20;139;stele;198.5
Cell;B04_T_B05_Z20;140;stele;360
Cell;B04_T_B05_Z20;141;cortex;5065
Cell;B04_T_B05_Z20;142;stele;263
Cell;B04_T_B05_Z20;143;stele;603
Cell;B04_T_B05_Z20;144;stele;384
Cell;B04_T_B05_Z20;145;stele;655
Cell;B04_T_B05_Z20;146;cortex;5527
Cell;B04_T_B05_Z20;147;stele;545
Cell;B04_T_B05_Z20;148;pericycle;1440.5
Cell;B04_T_B05_Z20;149;stele;791.5
Cell;B04_T_B05_Z20;150;stele;598.5
Cell;B04_T_B05_Z20;151;columella3;2732.5
Cell;B04_T_B05_Z20;152;stele;347.5
Cell;B04_T_B05_Z20;153;stele;372
Cell;B04_T_B05_Z20;154;pericycle;1449.5
Cell;B04_T_B05_Z20;155;rootcapl2;188.5
Cell;B04_T_B05_Z20;156;rootcapl2;485
Cell;B04_T_B05_Z20;157;stele;369
Cell;B04_T_B05_Z20;158;stele;557
Cell;B04_T_B05_Z20;159;stele;639
Cell;B04_T_B05_Z20;160;endodermis;1416
Cell;B04_T_B05_Z20;161;stele;297.5
Cell;B04_T_B05_Z20;162;general;6633
Cell;B04_T_B05_Z20;163;stele;381
Cell;B04_T_B05_Z20;164;epidermis;832
Cell;B04_T_B05_Z20;165;endodermis;3348.5
Cell;B04_T_B05_Z20;166;general;6941.5
Cell;B04_T_B05_Z20;167;stele;650.5
Cell;B04_T_B05_Z20;168;stele;1049
Cell;B04_T_B05_Z20;169;stele;478
Cell;B04_T_B05_Z20;170;cortex;4164.5
Cell;B04_T_B05_Z20;171;cortex;9680
Cell;B04_T_B05_Z20;172;pericycle;2447.5
Cell;B04_T_B05_Z20;173;stele;779.5
Cell;B04_T_B05_Z20;174;stele;616
Cell;B04_T_B05_Z20;175;stele;569.5
Cell;B04_T_B05_Z20;176;stele;1226
Cell;B04_T_B05_Z20;177;rootcapl2;98
Cell;B04_T_B05_Z20;178;stele;695
Cell;B04_T_B05_Z20;179;stele;492
Cell;B04_T_B05_Z20;180;epidermis;785.5
Cell;B04_T_B05_Z20;181;pericycle;1141
Cell;B04_T_B05_Z20;182;stele;475
Cell;B04_T_B05_Z20;183;columella3;5379
Cell;B04_T_B05_Z20;184;endodermis;3155
Cell;B04_T_B05_Z20;185;cortex;3404.5
Cell;B04_T_B05_Z20;186;stele;591.5
Cell;B04_T_B05_Z20;187;stele;302
Cell;B04_T_B05_Z20;188;stele;598.5
Cell;B04_T_B05_Z20;189;stele;382
Cell;B04_T_B05_Z20;190;rootcapl2;652
Cell;B04_T_B05_Z20;191;stele;457
Cell;B04_T_B05_Z20;192;stele;341.5
Cell;B04_T_B05_Z20;193;rootcapl2;483.5
Cell;B04_T_B05_Z20;194;stele;387
Cell;B04_T_B05_Z20;195;stele;292.5
Cell;B04_T_B05_Z20;196;pericycle;1476.5
Cell;B04_T_B05_Z20;197;stele;347
Cell;B04_T_B05_Z20;198;stele;409.5
Cell;B04_T_B05_Z20;199;epidermis;1735.5
Cell;B04_T_B05_Z20;200;stele;441.5
Cell;B04_T_B05_Z20;201;cortex;6592
Cell;B04_T_B05_Z20;202;stele;269
Cell;B04_T_B05_Z20;203;stele;632
Cell;B04_T_B05_Z20;204;stele;527.5
Cell;B04_T_B05_Z20;205;cortex;3008
Cell;B04_T_B05_Z20;206;pericycle;2107.5
Cell;B04_T_B05_Z20;207;stele;300.5
Cell;B04_T_B05_Z20;208;stele;1084
Cell;B04_T_B05_Z20;209;cortex;4108
Cell;B04_T_B05_Z20;210;stele;1170.5
Cell;B04_T_B05_Z20;211;epidermis;1200
Cell;B04_T_B05_Z20;212;stele;945
Cell;B04_T_B05_Z20;213;general;7444.5
Cell;B04_T_B05_Z20;214;stele;514
Cell;B04_T_B05_Z20;215;endodermis;3150.5
Cell;B04_T_B05_Z20;216;pericycle;2061.5
Cell;B04_T_B05_Z20;217;rootcapl2;687.5
Cell;B04_T_B05_Z20;218;stele;875
Cell;B04_T_B05_Z20;219;rootcapl2;250
Cell;B04_T_B05_Z20;220;stele;541.5
Cell;B04_T_B05_Z20;221;stele;503
Cell;B04_T_B05_Z20;222;cortex;3926
Cell;B04_T_B05_Z20;223;general;5450
Cell;B04_T_B05_Z20;224;stele;611
Cell;B04_T_B05_Z20;225;stele;647
Cell;B04_T_B05_Z20;226;cortex;2857.5
Cell;B04_T_B05_Z20;227;endodermis;2507.5
Cell;B04_T_B05_Z20;228;stele;353
Cell;B04_T_B05_Z20;229;stele;567.5
Cell;B04_T_B05_Z20;230;stele;464.5
Cell;B04_T_B05_Z20;231;pericycle;1938.5
Cell;B04_T_B05_Z20;232;stele;439
Cell;B04_T_B05_Z20;233;rootcapl2;750.5
Cell;B04_T_B05_Z20;234;columella3;2821
Cell;B04_T_B05_Z20;235;cortex;5999.5
Cell;B04_T_B05_Z20;236;stele;631.5
Cell;B04_T_B05_Z20;237;epidermis;1645.5
Cell;B04_T_B05_Z20;238;stele;482
Cell;B04_T_B05_Z20;239;stele;973
Cell;B04_T_B05_Z20;240;stele;339
Cell;B04_T_B05_Z20;241;stele;1018
Cell;B04_T_B05_Z20;242;stele;793.5
Cell;B04_T_B05_Z20;243;stele;207.5
Cell;B04_T_B05_Z20;244;epidermis;567
Cell;B04_T_B05_Z20;245;cortex;4163.5
Cell;B04_T_B05_Z20;246;rootcapl2;1078
Cell;B04_T_B05_Z20;247;stele;799.5
Cell;B04_T_B05_Z20;248;stele;213
Cell;B04_T_B05_Z20;249;stele;597.5
Cell;B04_T_B05_Z20;250;stele;536.5
Cell;B04_T_B05_Z20;251;stele;194.5
Cell;B04_T_B05_Z20;252;pericycle;2244
Cell;B04_T_B05_Z20;253;endodermis;2322
Cell;B04_T_B05_Z20;254;stele;841.5
Cell;B04_T_B05_Z20;255;stele;633.5
Cell;B04_T_B05_Z20;256;general;10362
Cell;B04_T_B05_Z20;257;cortex;4079
Cell;B04_T_B05_Z20;258;stele;254.5
Cell;B04_T_B05_Z20;259;stele;521.5
Cell;B04_T_B05_Z20;260;cortex;2919
Cell;B04_T_B05_Z20;261;epidermis;1221
Cell;B04_T_B05_Z20;262;stele;181
Cell;B04_T_B05_Z20;263;stele;512
Cell;B04_T_B05_Z20;264;stele;208
Cell;B04_T_B05_Z20;265;rootcapl2;98
Cell;B04_T_B05_Z20;266;columella3;1381.5
Cell;B04_T_B05_Z20;267;endodermis;2292.5
Cell;B04_T_B05_Z20;268;pericycle;1514
Cell;B04_T_B05_Z20;269;stele;613.5
Cell;B04_T_B05_Z20;270;stele;478
Cell;B04_T_B05_Z20;271;cortex;6399.5
Cell;B04_T_B05_Z20;272;stele;558
Cell;B04_T_B05_Z20;273;cortex;3620
Cell;B04_T_B05_Z20;274;general;4878.5
Cell;B04_T_B05_Z20;275;stele;70
Cell;B04_T_B05_Z20;276;stele;366.5
Cell;B04_T_B05_Z20;277;stele;251
Cell;B04_T_B05_Z20;278;stele;577
Cell;B04_T_B05_Z20;279;stele;240.5
Cell;B04_T_B05_Z20;280;pericycle;2682
Cell;B04_T_B05_Z20;281;stele;181
Cell;B04_T_B05_Z20;282;stele;423.5
Cell;B04_T_B05_Z20;283;stele;332.5
Cell;B04_T_B05_Z20;284;stele;754
Cell;B04_T_B05_Z20;285;epidermis;2991.5
Cell;B04_T_B05_Z20;286;stele;536.5
Cell;B04_T_B05_Z20;287;stele;359
Cell;B04_T_B05_Z20;288;stele;377.5
Cell;B04_T_B05_Z20;289;endodermis;2255.5
Cell;B04_T_B05_Z20;290;columella3;532
Cell;B04_T_B05_Z20;291;stele;482.5
Cell;B04_T_B05_Z20;292;stele;488
Cell;B04_T_B05_Z20;293;pericycle;1129.5
Cell;B04_T_B05_Z20;294;stele;591
Cell;B04_T_B05_Z20;295;stele;476.5
Cell;B04_T_B05_Z20;296;cortex;2711.5
Cell;B04_T_B05_Z20;297;stele;305
Cell;B04_T_B05_Z20;298;rootcapl2;663.5
Cell;B04_T_B05_Z20;299;stele;483.5
Cell;B04_T_B05_Z20;300;cortex;3780
Cell;B04_T_B05_Z20;301;stele;576
Cell;B04_T_B05_Z20;302;stele;811
Cell;B04_T_B05_Z20;303;cortex;5480.5
Cell;B04_T_B05_Z20;304;stele;531.5
Cell;B04_T_B05_Z20;305;stele;537.5
Cell;B04_T_B05_Z20;306;pericycle;1498
Cell;B04_T_B05_Z20;307;stele;408.5
Cell;B04_T_B05_Z20;308;rootcapl2;706.5
Cell;B04_T_B05_Z20;309;pericycle;1351
Cell;B04_T_B05_Z20;310;epidermis;896
Cell;B04_T_B05_Z20;311;stele;56.5
Cell;B04_T_B05_Z20;312;stele;606.5
Cell;B04_T_B05_Z20;313;pericycle;772
Cell;B04_T_B05_Z20;314;endodermis;2554.5
Cell;B04_T_B05_Z20;315;cortex;4879
Cell;B04_T_B05_Z20;316;stele;470
Cell;B04_T_B05_Z20;317;cortex;4390.5
Cell;B04_T_B05_Z20;318;pericycle;1225
Cell;B04_T_B05_Z20;319;stele;237
Cell;B04_T_B05_Z20;320;pericycle;1368
Cell;B04_T_B05_Z20;321;general;3403
Cell;B04_T_B05_Z20;322;endodermis;2199.5
Cell;B04_T_B05_Z20;323;pericycle;1367
Cell;B04_T_B05_Z20;324;pericycle;1055
Cell;B04_T_B05_Z20;325;cortex;4775.5
Cell;B04_T_B05_Z20;326;pericycle;1108
Cell;B04_T_B05_Z20;327;cortex;7197
Cell;B04_T_B05_Z20;328;endodermis;3601
Cell;B04_T_B05_Z20;329;general;1764.5
Cell;B04_T_B05_Z20;330;cortex;7975.5
Cell;B04_T_B05_Z20;331;epidermis;852.5
Cell;B04_T_B05_Z20;332;cortex;4275.5
Cell;B04_T_B05_Z20;333;endodermis;2306
Cell;B04_T_B05_Z20;334;endodermis;2783.5
Cell;B04_T_B05_Z20;335;general;4868.5
Cell;B04_T_B05_Z20;336;epidermis;1607
Cell;B04_T_B05_Z20;337;endodermis;2163
Cell;B04_T_B05_Z20;338;cortex;4261
Cell;B04_T_B05_Z20;339;cortex;2185
Cell;B04_T_B05_Z20;340;general;3300
Cell;B04_T_B05_Z20;341;epidermis;1177.5
Cell;B04_T_B05_Z20;342;rootcapl2;111.5
Cell;B04_T_B05_Z20;343;cortex;6562
Cell;B04_T_B05_Z20;344;rootcapl2;115
Cell;B04_T_B05_Z20;345;cortex;3974.5
Cell;B04_T_B05_Z20;346;cortex;4978.5
Cell;B04_T_B05_Z20;347;cortex;4420
Cell;B04_T_B05_Z20;348;cortex;3394.5
Cell;B04_T_B05_Z20;349;general;4783.5
Cell;B04_T_B05_Z20;350;rootcapl2;241
Cell;B04_T_B05_Z20;351;general;3237
Cell;B04_T_B05_Z20;352;cortex;5781
Cell;B04_T_B05_Z20;353;epidermis;1640
Cell;B04_T_B05_Z20;354;rootcapl2;591
Cell;B04_T_B05_Z20;355;cortex;7873
Cell;B04_T_B05_Z20;356;rootcapl2;522
Cell;B04_T_B05_Z20;357;epidermis;778.5
Cell;B04_T_B05_Z20;358;rootcapl2;711.5
Cell;B04_T_B05_Z20;359;cortex;2129
Cell;B04_T_B05_Z20;360;cortex;7712
Cell;B04_T_B05_Z20;361;rootcapl2;687.5
Cell;B04_T_B05_Z20;362;rootcapl2;197
Cell;B04_T_B05_Z20;363;cortex;4382.5
Cell;B04_T_B05_Z20;364;epidermis;1083
Cell;B04_T_B05_Z20;365;general;3115
Cell;B04_T_B05_Z20;366;general;2705
Cell;B04_T_B05_Z20;367;cortex;7250.5
Cell;B04_T_B05_Z20;368;cortex;3930
Cell;B04_T_B05_Z20;369;epidermis;1568.5
Cell;B04_T_B05_Z20;370;cortex;3531.5
Cell;B04_T_B05_Z20;371;rootcapl2;373.5
Cell;B04_T_B05_Z20;372;general;5565.5
Cell;B04_T_B05_Z20;373;epidermis;662
Cell;B04_T_B05_Z20;374;cortex;6311
Cell;B04_T_B05_Z20;375;cortex;3366
Cell;B04_T_B05_Z20;376;rootcapl2;554
Cell;B04_T_B05_Z20;377;general;3425.5
Cell;B04_T_B05_Z20;378;epidermis;1641.5
Cell;B04_T_B05_Z20;379;epidermis;1140
Cell;B04_T_B05_Z20;380;cortex;2309.5
Cell;B04_T_B05_Z20;381;cortex;4318
Cell;B04_T_B05_Z20;382;general;6716
Cell;B04_T_B05_Z20;383;cortex;2579
Cell;B04_T_B05_Z20;384;general;5889
Cell;B04_T_B05_Z20;385;cortex;4894.5
Cell;B04_T_B05_Z20;386;epidermis;1096.5
Cell;B04_T_B05_Z20;387;general;6990
Cell;B04_T_B05_Z20;388;epidermis;658.5
Cell;B04_T_B05_Z20;389;epidermis;757.5
Cell;B04_T_B05_Z20;390;general;6109
Cell;B04_T_B05_Z20;391;general;4884
Cell;B04_T_B05_Z20;392;general;5184.5
Cell;B04_T_B05_Z20;393;general;2689.5
Cell;B04_T_B05_Z20;394;epidermis;685.5
Cell;B04_T_B05_Z20;395;general;3342
Cell;B04_T_B05_Z20;396;epidermis;701.5
Cell;B04_T_B05_Z20;397;epidermis;367.5
Cell;B04_T_B05_Z20;398;epidermis;460
Cell;B04_T_B05_Z20;399;epidermis;1110
Cell;B04_T_B05_Z20;400;epidermis;862
Cell;B04_T_B05_Z20;401;epidermis;1741
Cell;B04_T_B05_Z20;402;epidermis;1020.5
Cell;B04_T_B05_Z20;403;epidermis;1059
Cell;B04_T_B05_Z20;404;epidermis;1089.5
Cell;B04_T_B05_Z20;405;epidermis;491.5
Cell;B11_D_T_C01_Z20;0;epidermis;1063.5
Cell;B11_D_T_C01_Z20;1;epidermis;2251
Cell;B11_D_T_C01_Z20;2;epidermis;1244
Cell;B11_D_T_C01_Z20;3;epidermis;3753.5
Cell;B11_D_T_C01_Z20;4;epidermis;2917.5
Cell;B11_D_T_C01_Z20;5;epidermis;946
Cell;B11_D_T_C01_Z20;6;epidermis;1439
Cell;B11_D_T_C01_Z20;7;general;6363.5
Cell;B11_D_T_C01_Z20;8;general;10795.5
Cell;B11_D_T_C01_Z20;9;general;6539
Cell;B11_D_T_C01_Z20;10;epidermis;1359
Cell;B11_D_T_C01_Z20;11;general;5799
Cell;B11_D_T_C01_Z20;12;epidermis;1462.5
Cell;B11_D_T_C01_Z20;13;general;2314
Cell;B11_D_T_C01_Z20;14;general;10839.5
Cell;B11_D_T_C01_Z20;15;epidermis;1837.5
Cell;B11_D_T_C01_Z20;16;epidermis;1113.5
Cell;B11_D_T_C01_Z20;17;epidermis;1102
Cell;B11_D_T_C01_Z20;18;general;5772
Cell;B11_D_T_C01_Z20;19;epidermis;1382.5
Cell;B11_D_T_C01_Z20;20;cortex;8775.5
Cell;B11_D_T_C01_Z20;21;rootcapl2;1483.5
Cell;B11_D_T_C01_Z20;22;epidermis;1205
Cell;B11_D_T_C01_Z20;23;cortex;7570
Cell;B11_D_T_C01_Z20;24;cortex;7870.5
Cell;B11_D_T_C01_Z20;25;general;6343.5
Cell;B11_D_T_C01_Z20;26;epidermis;1849
Cell;B11_D_T_C01_Z20;27;cortex;6347.5
Cell;B11_D_T_C01_Z20;28;general;6105
Cell;B11_D_T_C01_Z20;29;epidermis;872.5
Cell;B11_D_T_C01_Z20;30;general;1901
Cell;B11_D_T_C01_Z20;31;epidermis;1557
Cell;B11_D_T_C01_Z20;32;epidermis;1680
Cell;B11_D_T_C01_Z20;33;cortex;4435
Cell;B11_D_T_C01_Z20;34;rootcapl2;1345
Cell;B11_D_T_C01_Z20;35;rootcapl2;1051.5
Cell;B11_D_T_C01_Z20;36;epidermis;2477.5
Cell;B11_D_T_C01_Z20;37;rootcapl2;1314
Cell;B11_D_T_C01_Z20;38;general;7659.5
Cell;B11_D_T_C01_Z20;39;epidermis;1752
Cell;B11_D_T_C01_Z20;40;cortex;7337.5
Cell;B11_D_T_C01_Z20;41;cortex;5310.5
Cell;B11_D_T_C01_Z20;42;cortex;7598.5
Cell;B11_D_T_C01_Z20;43;cortex;5404.5
Cell;B11_D_T_C01_Z20;44;general;3766.5
Cell;B11_D_T_C01_Z20;45;cortex;3963
Cell;B11_D_T_C01_Z20;46;epidermis;1871
Cell;B11_D_T_C01_Z20;47;cortex;2530
Cell;B11_D_T_C01_Z20;48;rootcapl2;210
Cell;B11_D_T_C01_Z20;49;cortex;5668
Cell;B11_D_T_C01_Z20;50;cortex;3781.5
Cell;B11_D_T_C01_Z20;51;cortex;7322.5
Cell;B11_D_T_C01_Z20;52;epidermis;1388
Cell;B11_D_T_C01_Z20;53;rootcapl2;910
Cell;B11_D_T_C01_Z20;54;rootcapl2;1029.5
Cell;B11_D_T_C01_Z20;55;general;5806.5
Cell;B11_D_T_C01_Z20;56;general;11311
Cell;B11_D_T_C01_Z20;57;rootcapl2;1539.5
Cell;B11_D_T_C01_Z20;58;cortex;2510.5
Cell;B11_D_T_C01_Z20;59;cortex;3962.5
Cell;B11_D_T_C01_Z20;60;rootcapl2;866
Cell;B11_D_T_C01_Z20;61;cortex;2266
Cell;B11_D_T_C01_Z20;62;epidermis;494.5
Cell;B11_D_T_C01_Z20;63;rootcapl2;1568.5
Cell;B11_D_T_C01_Z20;64;cortex;4993
Cell;B11_D_T_C01_Z20;65;cortex;5057.5
Cell;B11_D_T_C01_Z20;66;epidermis;1053
Cell;B11_D_T_C01_Z20;67;cortex;3828.5
Cell;B11_D_T_C01_Z20;68;rootcapl2;97
Cell;B11_D_T_C01_Z20;69;rootcapl2;313.5
Cell;B11_D_T_C01_Z20;70;endodermis;2761.5
Cell;B11_D_T_C01_Z20;71;epidermis;2287
Cell;B11_D_T_C01_Z20;72;endodermis;2377
Cell;B11_D_T_C01_Z20;73;cortex;4267
Cell;B11_D_T_C01_Z20;74;cortex;3400
Cell;B11_D_T_C01_Z20;75;endodermis;2164
Cell;B11_D_T_C01_Z20;76;rootcapl2;1789.5
Cell;B11_D_T_C01_Z20;77;cortex;4032
Cell;B11_D_T_C01_Z20;78;cortex;7681.5
Cell;B11_D_T_C01_Z20;79;endodermis;2644
Cell;B11_D_T_C01_Z20;80;general;6838
Cell;B11_D_T_C01_Z20;81;cortex;7943
Cell;B11_D_T_C01_Z20;82;rootcapl2;977
Cell;B11_D_T_C01_Z20;83;rootcapl2;271
Cell;B11_D_T_C01_Z20;84;epidermis;676
Cell;B11_D_T_C01_Z20;85;pericycle;1321
Cell;B11_D_T_C01_Z20;86;pericycle;2251.5
Cell;B11_D_T_C01_Z20;87;general;6153
Cell;B11_D_T_C01_Z20;88;endodermis;1700
Cell;B11_D_T_C01_Z20;89;rootcapl2;1320.5
Cell;B11_D_T_C01_Z20;90;pericycle;1922
Cell;B11_D_T_C01_Z20;91;cortex;7746
Cell;B11_D_T_C01_Z20;92;stele;608.5
Cell;B11_D_T_C01_Z20;93;epidermis;1003.5
Cell;B11_D_T_C01_Z20;94;pericycle;1987.5
Cell;B11_D_T_C01_Z20;95;endodermis;2123
Cell;B11_D_T_C01_Z20;96;endodermis;4469.5
Cell;B11_D_T_C01_Z20;97;epidermis;1855.5
Cell;B11_D_T_C01_Z20;98;endodermis;1660
Cell;B11_D_T_C01_Z20;99;cortex;4939
Cell;B11_D_T_C01_Z20;100;stele;890.5
Cell;B11_D_T_C01_Z20;101;stele;424
Cell;B11_D_T_C01_Z20;102;stele;697
Cell;B11_D_T_C01_Z20;103;pericycle;1104
Cell;B11_D_T_C01_Z20;104;cortex;6048
Cell;B11_D_T_C01_Z20;105;stele;447.5
Cell;B11_D_T_C01_Z20;106;stele;404.5
Cell;B11_D_T_C01_Z20;107;cortex;5874
Cell;B11_D_T_C01_Z20;108;stele;432
Cell;B11_D_T_C01_Z20;109;stele;1004.5
Cell;B11_D_T_C01_Z20;110;pericycle;2170.5
Cell;B11_D_T_C01_Z20;111;stele;229.5
Cell;B11_D_T_C01_Z20;112;epidermis;1857
Cell;B11_D_T_C01_Z20;113;stele;260.5
Cell;B11_D_T_C01_Z20;114;stele;585
Cell;B11_D_T_C01_Z20;115;stele;224.5
Cell;B11_D_T_C01_Z20;116;stele;269.5
Cell;B11_D_T_C01_Z20;117;general;2703
Cell;B11_D_T_C01_Z20;118;endodermis;2111.5
Cell;B11_D_T_C01_Z20;119;rootcapl2;788.5
Cell;B11_D_T_C01_Z20;120;stele;1000
Cell;B11_D_T_C01_Z20;121;stele;125.5
Cell;B11_D_T_C01_Z20;122;stele;260.5
Cell;B11_D_T_C01_Z20;123;stele;517
Cell;B11_D_T_C01_Z20;124;stele;175.5
Cell;B11_D_T_C01_Z20;125;stele;343.5
Cell;B11_D_T_C01_Z20;126;stele;989.5
Cell;B11_D_T_C01_Z20;127;stele;156
Cell;B11_D_T_C01_Z20;128;stele;212.5
Cell;B11_D_T_C01_Z20;129;stele;181
Cell;B11_D_T_C01_Z20;130;epidermis;862.5
Cell;B11_D_T_C01_Z20;131;rootcapl2;863
Cell;B11_D_T_C01_Z20;132;general;5690.5
Cell;B11_D_T_C01_Z20;133;pericycle;2511
Cell;B11_D_T_C01_Z20;134;cortex;5007.5
Cell;B11_D_T_C01_Z20;135;stele;606
Cell;B11_D_T_C01_Z20;136;stele;204
Cell;B11_D_T_C01_Z20;137;stele;130
Cell;B11_D_T_C01_Z20;138;stele;103.5
Cell;B11_D_T_C01_Z20;139;stele;120.5
Cell;B11_D_T_C01_Z20;140;stele;438.5
Cell;B11_D_T_C01_Z20;141;stele;329.5
Cell;B11_D_T_C01_Z20;142;stele;547
Cell;B11_D_T_C01_Z20;143;pericycle;1837
Cell;B11_D_T_C01_Z20;144;endodermis;7029
Cell;B11_D_T_C01_Z20;145;stele;229
Cell;B11_D_T_C01_Z20;146;stele;361
Cell;B11_D_T_C01_Z20;147;columella3;11285
Cell;B11_D_T_C01_Z20;148;stele;204.5
Cell;B11_D_T_C01_Z20;149;general;5288.5
Cell;B11_D_T_C01_Z20;150;cortex;8894
Cell;B11_D_T_C01_Z20;151;stele;385.5
Cell;B11_D_T_C01_Z20;152;stele;453
Cell;B11_D_T_C01_Z20;153;stele;519
Cell;B11_D_T_C01_Z20;154;stele;158
Cell;B11_D_T_C01_Z20;155;epidermis;1245.5
Cell;B11_D_T_C01_Z20;156;epidermis;607
Cell;B11_D_T_C01_Z20;157;stele;184.5
Cell;B11_D_T_C01_Z20;159;stele;730.5
Cell;B11_D_T_C01_Z20;160;stele;153
Cell;B11_D_T_C01_Z20;161;stele;498
Cell;B11_D_T_C01_Z20;162;stele;771
Cell;B11_D_T_C01_Z20;163;stele;756.5
Cell;B11_D_T_C01_Z20;164;stele;493
Cell;B11_D_T_C01_Z20;165;rootcapl2;892
Cell;B11_D_T_C01_Z20;166;cortex;4339
Cell;B11_D_T_C01_Z20;167;cortex;8468.5
Cell;B11_D_T_C01_Z20;168;stele;217.5
Cell;B11_D_T_C01_Z20;169;stele;1053
Cell;B11_D_T_C01_Z20;170;stele;269.5
Cell;B11_D_T_C01_Z20;171;epidermis;731.5
Cell;B11_D_T_C01_Z20;172;stele;463
Cell;B11_D_T_C01_Z20;173;stele;308.5
Cell;B11_D_T_C01_Z20;174;pericycle;1311
Cell;B11_D_T_C01_Z20;175;epidermis;2163
Cell;B11_D_T_C01_Z20;176;pericycle;1698.5
Cell;B11_D_T_C01_Z20;177;cortex;4827
Cell;B11_D_T_C01_Z20;178;stele;517.5
Cell;B11_D_T_C01_Z20;179;stele;638
Cell;B11_D_T_C01_Z20;180;endodermis;2809
Cell;B11_D_T_C01_Z20;181;stele;175.5
Cell;B11_D_T_C01_Z20;182;stele;537.5
Cell;B11_D_T_C01_Z20;183;stele;375
Cell;B11_D_T_C01_Z20;184;rootcapl2;1191.5
Cell;B11_D_T_C01_Z20;185;stele;807
Cell;B11_D_T_C01_Z20;186;stele;281
Cell;B11_D_T_C01_Z20;187;stele;303
Cell;B11_D_T_C01_Z20;189;stele;414
Cell;B11_D_T_C01_Z20;190;stele;666.5
Cell;B11_D_T_C01_Z20;191;stele;240
Cell;B11_D_T_C01_Z20;192;stele;619
Cell;B11_D_T_C01_Z20;193;stele;894.5
Cell;B11_D_T_C01_Z20;194;stele;168.5
Cell;B11_D_T_C01_Z20;195;stele;325
Cell;B11_D_T_C01_Z20;196;stele;125.5
Cell;B11_D_T_C01_Z20;197;stele;713
Cell;B11_D_T_C01_Z20;198;epidermis;487
Cell;B11_D_T_C01_Z20;199;general;6659.5
Cell;B11_D_T_C01_Z20;200;cortex;4349.5
Cell;B11_D_T_C01_Z20;201;stele;561
Cell;B11_D_T_C01_Z20;202;stele;542.5
Cell;B11_D_T_C01_Z20;203;pericycle;1368
Cell;B11_D_T_C01_Z20;204;general;4233
Cell;B11_D_T_C01_Z20;205;cortex;3492
Cell;B11_D_T_C01_Z20;206;columella3;1745.5
Cell;B11_D_T_C01_Z20;207;stele;575
Cell;B11_D_T_C01_Z20;208;stele;1142.5
Cell;B11_D_T_C01_Z20;209;stele;808.5
Cell;B11_D_T_C01_Z20;210;cortex;6106.5
Cell;B11_D_T_C01_Z20;211;stele;669
Cell;B11_D_T_C01_Z20;212;endodermis;4275
Cell;B11_D_T_C01_Z20;213;stele;311.5
Cell;B11_D_T_C01_Z20;214;stele;592
Cell;B11_D_T_C01_Z20;215;epidermis;1380.5
Cell;B11_D_T_C01_Z20;216;stele;901.5
Cell;B11_D_T_C01_Z20;217;pericycle;2653.5
Cell;B11_D_T_C01_Z20;218;epidermis;2324
Cell;B11_D_T_C01_Z20;219;stele;305.5
Cell;B11_D_T_C01_Z20;220;pericycle;1371.5
Cell;B11_D_T_C01_Z20;221;rootcapl2;982.5
Cell;B11_D_T_C01_Z20;222;cortex;5633
Cell;B11_D_T_C01_Z20;223;stele;1227
Cell;B11_D_T_C01_Z20;224;stele;758.5
Cell;B11_D_T_C01_Z20;225;stele;341
Cell;B11_D_T_C01_Z20;226;stele;249.5
Cell;B11_D_T_C01_Z20;227;cortex;6834
Cell;B11_D_T_C01_Z20;228;stele;259.5
Cell;B11_D_T_C01_Z20;229;stele;676
Cell;B11_D_T_C01_Z20;230;columella3;2450
Cell;B11_D_T_C01_Z20;231;rootcapl2;383
Cell;B11_D_T_C01_Z20;232;columella3;1655
Cell;B11_D_T_C01_Z20;233;stele;740.5
Cell;B11_D_T_C01_Z20;234;columella3;1694.5
Cell;B11_D_T_C01_Z20;235;stele;1377
Cell;B11_D_T_C01_Z20;236;stele;373
Cell;B11_D_T_C01_Z20;237;endodermis;2162.5
Cell;B11_D_T_C01_Z20;238;rootcapl2;951
Cell;B11_D_T_C01_Z20;239;stele;281.5
Cell;B11_D_T_C01_Z20;240;cortex;8320
Cell;B11_D_T_C01_Z20;241;stele;567
Cell;B11_D_T_C01_Z20;242;epidermis;1390.5
Cell;B11_D_T_C01_Z20;243;stele;634.5
Cell;B11_D_T_C01_Z20;244;stele;209.5
Cell;B11_D_T_C01_Z20;245;pericycle;1511.5
Cell;B11_D_T_C01_Z20;246;general;8382
Cell;B11_D_T_C01_Z20;247;columella3;6074
Cell;B11_D_T_C01_Z20;248;stele;565
Cell;B11_D_T_C01_Z20;249;epidermis;1110
Cell;B11_D_T_C01_Z20;250;stele;330.5
Cell;B11_D_T_C01_Z20;251;cortex;3572.5
Cell;B11_D_T_C01_Z20;252;stele;501.5
Cell;B11_D_T_C01_Z20;253;columella3;5342.5
Cell;B11_D_T_C01_Z20;254;stele;497
Cell;B11_D_T_C01_Z20;255;cortex;4793
Cell;B11_D_T_C01_Z20;256;stele;724.5
Cell;B11_D_T_C01_Z20;257;stele;570.5
Cell;B11_D_T_C01_Z20;258;stele;451
Cell;B11_D_T_C01_Z20;259;stele;677
Cell;B11_D_T_C01_Z20;260;rootcapl2;1128
Cell;B11_D_T_C01_Z20;261;pericycle;1812
Cell;B11_D_T_C01_Z20;262;columella3;1531
Cell;B11_D_T_C01_Z20;263;endodermis;3119.5
Cell;B11_D_T_C01_Z20;264;columella3;2462.5
Cell;B11_D_T_C01_Z20;265;stele;599
Cell;B11_D_T_C01_Z20;266;stele;410.5
Cell;B11_D_T_C01_Z20;267;columella3;1446
Cell;B11_D_T_C01_Z20;268;stele;583.5
Cell;B11_D_T_C01_Z20;269;stele;405.5
Cell;B11_D_T_C01_Z20;270;stele;466.5
Cell;B11_D_T_C01_Z20;271;cortex;8121
Cell;B11_D_T_C01_Z20;272;rootcapl2;215.5
Cell;B11_D_T_C01_Z20;273;endodermis;2146.5
Cell;B11_D_T_C01_Z20;274;pericycle;2133
Cell;B11_D_T_C01_Z20;275;stele;431
Cell;B11_D_T_C01_Z20;276;cortex;4427.5
Cell;B11_D_T_C01_Z20;277;stele;789.5
Cell;B11_D_T_C01_Z20;278;stele;586.5
Cell;B11_D_T_C01_Z20;279;stele;623
Cell;B11_D_T_C01_Z20;280;stele;763.5
Cell;B11_D_T_C01_Z20;281;stele;246
Cell;B11_D_T_C01_Z20;282;stele;979.5
Cell;B11_D_T_C01_Z20;283;stele;344.5
Cell;B11_D_T_C01_Z20;284;pericycle;2218.5
Cell;B11_D_T_C01_Z20;285;stele;1716
Cell;B11_D_T_C01_Z20;286;stele;579.5
Cell;B11_D_T_C01_Z20;287;stele;262.5
Cell;B11_D_T_C01_Z20;288;stele;526.5
Cell;B11_D_T_C01_Z20;289;cortex;6711
Cell;B11_D_T_C01_Z20;290;rootcapl2;952
Cell;B11_D_T_C01_Z20;291;stele;371
Cell;B11_D_T_C01_Z20;292;stele;1178
Cell;B11_D_T_C01_Z20;293;endodermis;2393
Cell;B11_D_T_C01_Z20;294;stele;301.5
Cell;B11_D_T_C01_Z20;295;cortex;5898.5
Cell;B11_D_T_C01_Z20;296;stele;553
Cell;B11_D_T_C01_Z20;297;stele;694.5
Cell;B11_D_T_C01_Z20;298;stele;311
Cell;B11_D_T_C01_Z20;299;stele;534
Cell;B11_D_T_C01_Z20;300;stele;316
Cell;B11_D_T_C01_Z20;301;stele;831.5
Cell;B11_D_T_C01_Z20;302;stele;410
Cell;B11_D_T_C01_Z20;303;cortex;1462.5
Cell;B11_D_T_C01_Z20;304;stele;613.5
Cell;B11_D_T_C01_Z20;305;epidermis;872.5
Cell;B11_D_T_C01_Z20;306;endodermis;3264.5
Cell;B11_D_T_C01_Z20;307;pericycle;1532.5
Cell;B11_D_T_C01_Z20;308;cortex;4938.5
Cell;B11_D_T_C01_Z20;309;stele;618
Cell;B11_D_T_C01_Z20;310;stele;426.5
Cell;B11_D_T_C01_Z20;311;stele;270.5
Cell;B11_D_T_C01_Z20;312;stele;1358.5
Cell;B11_D_T_C01_Z20;313;pericycle;2246
Cell;B11_D_T_C01_Z20;314;cortex;3376.5
Cell;B11_D_T_C01_Z20;315;stele;1617
Cell;B11_D_T_C01_Z20;316;stele;2921.5
Cell;B11_D_T_C01_Z20;317;stele;667.5
Cell;B11_D_T_C01_Z20;318;rootcapl2;711.5
Cell;B11_D_T_C01_Z20;319;rootcapl2;465.5
Cell;B11_D_T_C01_Z20;320;general;3278
Cell;B11_D_T_C01_Z20;321;stele;752
Cell;B11_D_T_C01_Z20;322;stele;1715
Cell;B11_D_T_C01_Z20;323;stele;1058
Cell;B11_D_T_C01_Z20;324;stele;204.5
Cell;B11_D_T_C01_Z20;325;stele;739.5
Cell;B11_D_T_C01_Z20;326;epidermis;691
Cell;B11_D_T_C01_Z20;327;pericycle;1216.5
Cell;B11_D_T_C01_Z20;328;stele;1600.5
Cell;B11_D_T_C01_Z20;329;stele;1223
Cell;B11_D_T_C01_Z20;330;stele;163.5
Cell;B11_D_T_C01_Z20;331;stele;624
Cell;B11_D_T_C01_Z20;332;endodermis;3234.5
Cell;B11_D_T_C01_Z20;333;cortex;6676
Cell;B11_D_T_C01_Z20;334;stele;469
Cell;B11_D_T_C01_Z20;335;stele;540.5
Cell;B11_D_T_C01_Z20;336;cortex;8626.5
Cell;B11_D_T_C01_Z20;337;stele;434.5
Cell;B11_D_T_C01_Z20;338;rootcapl2;543.5
Cell;B11_D_T_C01_Z20;339;stele;677
Cell;B11_D_T_C01_Z20;340;stele;617.5
Cell;B11_D_T_C01_Z20;341;stele;652
Cell;B11_D_T_C01_Z20;342;pericycle;1405
Cell;B11_D_T_C01_Z20;343;endodermis;3365.5
Cell;B11_D_T_C01_Z20;344;stele;801.5
Cell;B11_D_T_C01_Z20;345;cortex;2834.5
Cell;B11_D_T_C01_Z20;346;stele;330.5
Cell;B11_D_T_C01_Z20;347;general;2609.5
Cell;B11_D_T_C01_Z20;348;stele;199.5
Cell;B11_D_T_C01_Z20;349;stele;401
Cell;B11_D_T_C01_Z20;350;stele;261
Cell;B11_D_T_C01_Z20;351;rootcapl2;985
Cell;B11_D_T_C01_Z20;352;epidermis;754.5
Cell;B11_D_T_C01_Z20;353;stele;522
Cell;B11_D_T_C01_Z20;354;stele;361.5
Cell;B11_D_T_C01_Z20;355;stele;337.5
Cell;B11_D_T_C01_Z20;356;stele;355
Cell;B11_D_T_C01_Z20;357;stele;586
Cell;B11_D_T_C01_Z20;358;rootcapl2;525.5
Cell;B11_D_T_C01_Z20;359;stele;226
Cell;B11_D_T_C01_Z20;360;pericycle;2412.5
Cell;B11_D_T_C01_Z20;361;stele;209
Cell;B11_D_T_C01_Z20;362;stele;196.5
Cell;B11_D_T_C01_Z20;363;stele;579.5
Cell;B11_D_T_C01_Z20;364;stele;426.5
Cell;B11_D_T_C01_Z20;365;stele;209
Cell;B11_D_T_C01_Z20;366;stele;480
Cell;B11_D_T_C01_Z20;367;cortex;4061.5
Cell;B11_D_T_C01_Z20;368;stele;648.5
Cell;B11_D_T_C01_Z20;369;pericycle;1585
Cell;B11_D_T_C01_Z20;370;rootcapl2;453
Cell;B11_D_T_C01_Z20;371;stele;638
Cell;B11_D_T_C01_Z20;372;endodermis;5261.5
Cell;B11_D_T_C01_Z20;373;epidermis;1649.5
Cell;B11_D_T_C01_Z20;374;stele;255
Cell;B11_D_T_C01_Z20;375;stele;812
Cell;B11_D_T_C01_Z20;376;cortex;4142.5
Cell;B11_D_T_C01_Z20;377;stele;870
Cell;B11_D_T_C01_Z20;378;rootcapl2;612.5
Cell;B11_D_T_C01_Z20;379;cortex;5620.5
Cell;B11_D_T_C01_Z20;380;stele;847
Cell;B11_D_T_C01_Z20;381;stele;466
Cell;B11_D_T_C01_Z20;382;stele;377
Cell;B11_D_T_C01_Z20;383;stele;261
Cell;B11_D_T_C01_Z20;384;general;9019.5
Cell;B11_D_T_C01_Z20;385;stele;286
Cell;B11_D_T_C01_Z20;386;stele;192.5
Cell;B11_D_T_C01_Z20;387;stele;782
Cell;B11_D_T_C01_Z20;388;stele;251
Cell;B11_D_T_C01_Z20;389;pericycle;1906.5
Cell;B11_D_T_C01_Z20;390;pericycle;1234
Cell;B11_D_T_C01_Z20;391;stele;181
Cell;B11_D_T_C01_Z20;392;stele;208.5
Cell;B11_D_T_C01_Z20;393;stele;723
Cell;B11_D_T_C01_Z20;394;endodermis;2951.5
Cell;B11_D_T_C01_Z20;395;stele;281
Cell;B11_D_T_C01_Z20;396;stele;658
Cell;B11_D_T_C01_Z20;397;cortex;2674
Cell;B11_D_T_C01_Z20;398;stele;363.5
Cell;B11_D_T_C01_Z20;399;stele;826
Cell;B11_D_T_C01_Z20;400;rootcapl2;284.5
Cell;B11_D_T_C01_Z20;401;epidermis;1063
Cell;B11_D_T_C01_Z20;402;cortex;9838.5
Cell;B11_D_T_C01_Z20;403;pericycle;2096
Cell;B11_D_T_C01_Z20;404;pericycle;2537
Cell;B11_D_T_C01_Z20;405;cortex;6936.5
Cell;B11_D_T_C01_Z20;406;pericycle;2613
Cell;B11_D_T_C01_Z20;407;endodermis;3112
Cell;B11_D_T_C01_Z20;408;endodermis;2143.5
Cell;B11_D_T_C01_Z20;409;rootcapl2;519.5
Cell;B11_D_T_C01_Z20;410;cortex;4867
Cell;B11_D_T_C01_Z20;411;cortex;972.5
Cell;B11_D_T_C01_Z20;412;epidermis;944.5
Cell;B11_D_T_C01_Z20;413;cortex;1006.5
Cell;B11_D_T_C01_Z20;414;rootcapl2;346.5
Cell;B11_D_T_C01_Z20;415;cortex;4655
Cell;B11_D_T_C01_Z20;416;rootcapl2;1180.5
Cell;B11_D_T_C01_Z20;417;cortex;2795
Cell;B11_D_T_C01_Z20;418;cortex;4155.5
Cell;B11_D_T_C01_Z20;419;endodermis;2558
Cell;B11_D_T_C01_Z20;420;epidermis;1604.5
Cell;B11_D_T_C01_Z20;421;cortex;2095.5
Cell;B11_D_T_C01_Z20;422;rootcapl2;376.5
Cell;B11_D_T_C01_Z20;423;cortex;5905.5
Cell;B11_D_T_C01_Z20;424;general;6076.5
Cell;B11_D_T_C01_Z20;425;cortex;9900.5
Cell;B11_D_T_C01_Z20;426;cortex;2031.5
Cell;B11_D_T_C01_Z20;427;rootcapl2;471.5
Cell;B11_D_T_C01_Z20;428;rootcapl2;1026.5
Cell;B11_D_T_C01_Z20;429;cortex;2858
Cell;B11_D_T_C01_Z20;430;cortex;4697.5
Cell;B11_D_T_C01_Z20;431;cortex;2718.5
Cell;B11_D_T_C01_Z20;432;rootcapl2;918
Cell;B11_D_T_C01_Z20;433;cortex;2798.5
Cell;B11_D_T_C01_Z20;434;rootcapl2;1401
Cell;B11_D_T_C01_Z20;435;cortex;7815.5
Cell;B11_D_T_C01_Z20;436;rootcapl2;853.5
Cell;B11_D_T_C01_Z20;437;rootcapl2;673.5
Cell;B11_D_T_C01_Z20;438;general;4335
Cell;B11_D_T_C01_Z20;439;epidermis;1066.5
Cell;B11_D_T_C01_Z20;440;cortex;6542
Cell;B11_D_T_C01_Z20;441;cortex;7177.5
Cell;B11_D_T_C01_Z20;442;cortex;4326
Cell;B11_D_T_C01_Z20;443;cortex;2594
Cell;B11_D_T_C01_Z20;444;general;6271
Cell;B11_D_T_C01_Z20;445;rootcapl2;1175
Cell;B11_D_T_C01_Z20;446;general;4032
Cell;B11_D_T_C01_Z20;447;cortex;8648.5
Cell;B11_D_T_C01_Z20;448;cortex;4446
Cell;B11_D_T_C01_Z20;449;cortex;5868.5
Cell;B11_D_T_C01_Z20;450;rootcapl2;1056
Cell;B11_D_T_C01_Z20;451;cortex;5920
Cell;B11_D_T_C01_Z20;452;epidermis;1654
Cell;B11_D_T_C01_Z20;453;cortex;6069
Cell;B11_D_T_C01_Z20;454;general;6300
Cell;B11_D_T_C01_Z20;455;general;3879.5
Cell;B11_D_T_C01_Z20;456;general;4834
Cell;B11_D_T_C01_Z20;457;epidermis;1298
Cell;B11_D_T_C01_Z20;458;general;2790.5
Cell;B11_D_T_C01_Z20;459;general;5031
Cell;B11_D_T_C01_Z20;460;general;8109
Cell;B11_D_T_C01_Z20;461;general;5750
Cell;B11_D_T_C01_Z20;462;general;2137.5
Cell;B05_A_T_C03_Z20;0;epidermis;1092.5
Cell;B05_A_T_C03_Z20;1;epidermis;2908
Cell;B05_A_T_C03_Z20;2;epidermis;2661
Cell;B05_A_T_C03_Z20;3;epidermis;1138.5
Cell;B05_A_T_C03_Z20;4;epidermis;2943.5
Cell;B05_A_T_C03_Z20;5;epidermis;2460.5
Cell;B05_A_T_C03_Z20;6;epidermis;2371.5
Cell;B05_A_T_C03_Z20;7;epidermis;2631.5
Cell;B05_A_T_C03_Z20;8;general;6923
Cell;B05_A_T_C03_Z20;9;general;6523.5
Cell;B05_A_T_C03_Z20;10;general;1983
Cell;B05_A_T_C03_Z20;11;general;7994.5
Cell;B05_A_T_C03_Z20;12;epidermis;1753
Cell;B05_A_T_C03_Z20;13;general;4386
Cell;B05_A_T_C03_Z20;14;epidermis;1215.5
Cell;B05_A_T_C03_Z20;15;epidermis;2113
Cell;B05_A_T_C03_Z20;16;general;7498
Cell;B05_A_T_C03_Z20;17;general;5680.5
Cell;B05_A_T_C03_Z20;18;epidermis;2037.5
Cell;B05_A_T_C03_Z20;19;general;3514.5
Cell;B05_A_T_C03_Z20;20;epidermis;2402.5
Cell;B05_A_T_C03_Z20;21;cortex;5771.5
Cell;B05_A_T_C03_Z20;22;cortex;7758
Cell;B05_A_T_C03_Z20;23;epidermis;3194.5
Cell;B05_A_T_C03_Z20;24;cortex;5635
Cell;B05_A_T_C03_Z20;25;cortex;6508.5
Cell;B05_A_T_C03_Z20;26;cortex;7783
Cell;B05_A_T_C03_Z20;27;cortex;7871.5
Cell;B05_A_T_C03_Z20;28;general;4846
Cell;B05_A_T_C03_Z20;29;general;6425.5
Cell;B05_A_T_C03_Z20;30;epidermis;2187.5
Cell;B05_A_T_C03_Z20;31;cortex;5702.5
Cell;B05_A_T_C03_Z20;32;cortex;7815.5
Cell;B05_A_T_C03_Z20;33;rootcapl2;606.5
Cell;B05_A_T_C03_Z20;34;general;4589.5
Cell;B05_A_T_C03_Z20;35;cortex;10339
Cell;B05_A_T_C03_Z20;36;epidermis;1946
Cell;B05_A_T_C03_Z20;37;general;5475
Cell;B05_A_T_C03_Z20;38;cortex;9029.5
Cell;B05_A_T_C03_Z20;39;cortex;12165.5
Cell;B05_A_T_C03_Z20;40;cortex;6845.5
Cell;B05_A_T_C03_Z20;41;rootcapl2;633.5
Cell;B05_A_T_C03_Z20;42;epidermis;1674.5
Cell;B05_A_T_C03_Z20;43;epidermis;3129
Cell;B05_A_T_C03_Z20;44;epidermis;3404.5
Cell;B05_A_T_C03_Z20;45;cortex;11217
Cell;B05_A_T_C03_Z20;46;cortex;6742
Cell;B05_A_T_C03_Z20;47;general;2651.5
Cell;B05_A_T_C03_Z20;48;rootcapl2;871
Cell;B05_A_T_C03_Z20;49;rootcapl2;1183
Cell;B05_A_T_C03_Z20;50;rootcapl2;787.5
Cell;B05_A_T_C03_Z20;51;epidermis;2565.5
Cell;B05_A_T_C03_Z20;52;rootcapl2;1606
Cell;B05_A_T_C03_Z20;53;epidermis;2024
Cell;B05_A_T_C03_Z20;54;cortex;7364
Cell;B05_A_T_C03_Z20;55;general;2046.5
Cell;B05_A_T_C03_Z20;56;cortex;8214
Cell;B05_A_T_C03_Z20;57;rootcapl2;584.5
Cell;B05_A_T_C03_Z20;58;rootcapl2;860.5
Cell;B05_A_T_C03_Z20;59;cortex;4514.5
Cell;B05_A_T_C03_Z20;60;general;8723
Cell;B05_A_T_C03_Z20;61;cortex;8944.5
Cell;B05_A_T_C03_Z20;62;cortex;8891
Cell;B05_A_T_C03_Z20;63;cortex;5649
Cell;B05_A_T_C03_Z20;64;cortex;7210
Cell;B05_A_T_C03_Z20;65;cortex;11058.5
Cell;B05_A_T_C03_Z20;66;epidermis;2680
Cell;B05_A_T_C03_Z20;67;epidermis;2996.5
Cell;B05_A_T_C03_Z20;68;cortex;6550
Cell;B05_A_T_C03_Z20;69;general;7486
Cell;B05_A_T_C03_Z20;70;rootcapl2;737.5
Cell;B05_A_T_C03_Z20;71;cortex;7050
Cell;B05_A_T_C03_Z20;72;rootcapl2;914.5
Cell;B05_A_T_C03_Z20;73;general;5824.5
Cell;B05_A_T_C03_Z20;74;epidermis;2334
Cell;B05_A_T_C03_Z20;75;cortex;8415.5
Cell;B05_A_T_C03_Z20;76;rootcapl2;777.5
Cell;B05_A_T_C03_Z20;77;rootcapl2;632.5
Cell;B05_A_T_C03_Z20;78;cortex;10177
Cell;B05_A_T_C03_Z20;79;epidermis;1716.5
Cell;B05_A_T_C03_Z20;80;cortex;5619
Cell;B05_A_T_C03_Z20;81;endodermis;3945
Cell;B05_A_T_C03_Z20;82;endodermis;4022
Cell;B05_A_T_C03_Z20;83;endodermis;3844
Cell;B05_A_T_C03_Z20;84;cortex;3896
Cell;B05_A_T_C03_Z20;85;cortex;9356.5
Cell;B05_A_T_C03_Z20;86;endodermis;4856.5
Cell;B05_A_T_C03_Z20;87;rootcapl2;392.5
Cell;B05_A_T_C03_Z20;88;rootcapl2;580
Cell;B05_A_T_C03_Z20;89;epidermis;1941.5
Cell;B05_A_T_C03_Z20;90;epidermis;2957.5
Cell;B05_A_T_C03_Z20;91;rootcapl2;1129.5
Cell;B05_A_T_C03_Z20;92;general;5571.5
Cell;B05_A_T_C03_Z20;93;cortex;7087.5
Cell;B05_A_T_C03_Z20;94;endodermis;3176.5
Cell;B05_A_T_C03_Z20;95;cortex;3450.5
Cell;B05_A_T_C03_Z20;96;endodermis;3819.5
Cell;B05_A_T_C03_Z20;97;general;584
Cell;B05_A_T_C03_Z20;98;cortex;5294
Cell;B05_A_T_C03_Z20;99;pericycle;1914.5
Cell;B05_A_T_C03_Z20;100;pericycle;3245.5
Cell;B05_A_T_C03_Z20;101;pericycle;3258
Cell;B05_A_T_C03_Z20;102;epidermis;1780
Cell;B05_A_T_C03_Z20;103;general;4139
Cell;B05_A_T_C03_Z20;104;cortex;6644
Cell;B05_A_T_C03_Z20;105;epidermis;2174
Cell;B05_A_T_C03_Z20;106;endodermis;3572
Cell;B05_A_T_C03_Z20;107;pericycle;2593
Cell;B05_A_T_C03_Z20;108;pericycle;2175.5
Cell;B05_A_T_C03_Z20;109;cortex;9414.5
Cell;B05_A_T_C03_Z20;110;endodermis;3087.5
Cell;B05_A_T_C03_Z20;111;rootcapl2;896
Cell;B05_A_T_C03_Z20;112;rootcapl2;1043
Cell;B05_A_T_C03_Z20;113;epidermis;2567
Cell;B05_A_T_C03_Z20;114;pericycle;2917
Cell;B05_A_T_C03_Z20;115;cortex;9652.5
Cell;B05_A_T_C03_Z20;116;stele;273
Cell;B05_A_T_C03_Z20;117;cortex;4230
Cell;B05_A_T_C03_Z20;118;cortex;3178.5
Cell;B05_A_T_C03_Z20;119;stele;859
Cell;B05_A_T_C03_Z20;120;stele;196.5
Cell;B05_A_T_C03_Z20;121;epidermis;1947
Cell;B05_A_T_C03_Z20;122;stele;194.5
Cell;B05_A_T_C03_Z20;123;general;7118.5
Cell;B05_A_T_C03_Z20;124;stele;726
Cell;B05_A_T_C03_Z20;125;rootcapl2;972.5
Cell;B05_A_T_C03_Z20;126;stele;521
Cell;B05_A_T_C03_Z20;127;pericycle;1669.5
Cell;B05_A_T_C03_Z20;128;stele;864.5
Cell;B05_A_T_C03_Z20;129;cortex;5469.5
Cell;B05_A_T_C03_Z20;130;stele;625
Cell;B05_A_T_C03_Z20;131;stele;350
Cell;B05_A_T_C03_Z20;132;pericycle;2948
Cell;B05_A_T_C03_Z20;133;stele;1050.5
Cell;B05_A_T_C03_Z20;134;stele;391.5
Cell;B05_A_T_C03_Z20;135;endodermis;2743
Cell;B05_A_T_C03_Z20;136;stele;608.5
Cell;B05_A_T_C03_Z20;137;stele;528.5
Cell;B05_A_T_C03_Z20;138;stele;880.5
Cell;B05_A_T_C03_Z20;139;general;6925
Cell;B05_A_T_C03_Z20;140;stele;887.5
Cell;B05_A_T_C03_Z20;141;stele;300
Cell;B05_A_T_C03_Z20;142;epidermis;2743.5
Cell;B05_A_T_C03_Z20;143;stele;482
Cell;B05_A_T_C03_Z20;144;stele;647
Cell;B05_A_T_C03_Z20;145;stele;328
Cell;B05_A_T_C03_Z20;146;cortex;6509
Cell;B05_A_T_C03_Z20;147;stele;408.5
Cell;B05_A_T_C03_Z20;148;epidermis;1149.5
Cell;B05_A_T_C03_Z20;149;rootcapl2;738
Cell;B05_A_T_C03_Z20;150;stele;222
Cell;B05_A_T_C03_Z20;151;pericycle;2121
Cell;B05_A_T_C03_Z20;152;stele;330.5
Cell;B05_A_T_C03_Z20;153;endodermis;3307
Cell;B05_A_T_C03_Z20;154;stele;221.5
Cell;B05_A_T_C03_Z20;155;stele;314.5
Cell;B05_A_T_C03_Z20;156;stele;495.5
Cell;B05_A_T_C03_Z20;157;stele;371.5
Cell;B05_A_T_C03_Z20;158;stele;544.5
Cell;B05_A_T_C03_Z20;159;stele;329.5
Cell;B05_A_T_C03_Z20;160;stele;308
Cell;B05_A_T_C03_Z20;161;stele;206
Cell;B05_A_T_C03_Z20;162;stele;243.5
Cell;B05_A_T_C03_Z20;163;cortex;3076
Cell;B05_A_T_C03_Z20;164;stele;1475
Cell;B05_A_T_C03_Z20;165;stele;373
Cell;B05_A_T_C03_Z20;166;stele;347
Cell;B05_A_T_C03_Z20;167;stele;381
Cell;B05_A_T_C03_Z20;168;stele;503
Cell;B05_A_T_C03_Z20;169;columella3;597.5
Cell;B05_A_T_C03_Z20;170;pericycle;2522
Cell;B05_A_T_C03_Z20;171;rootcapl2;729
Cell;B05_A_T_C03_Z20;172;stele;760
Cell;B05_A_T_C03_Z20;173;epidermis;1333
Cell;B05_A_T_C03_Z20;174;stele;191
Cell;B05_A_T_C03_Z20;175;stele;357.5
Cell;B05_A_T_C03_Z20;176;cortex;7048
Cell;B05_A_T_C03_Z20;177;stele;401
Cell;B05_A_T_C03_Z20;178;stele;211
Cell;B05_A_T_C03_Z20;179;stele;394.5
Cell;B05_A_T_C03_Z20;180;stele;677
Cell;B05_A_T_C03_Z20;181;columella3;1846
Cell;B05_A_T_C03_Z20;182;endodermis;2523
Cell;B05_A_T_C03_Z20;183;stele;495.5
Cell;B05_A_T_C03_Z20;184;rootcapl2;966.5
Cell;B05_A_T_C03_Z20;185;stele;571
Cell;B05_A_T_C03_Z20;186;pericycle;2072.5
Cell;B05_A_T_C03_Z20;187;stele;913.5
Cell;B05_A_T_C03_Z20;188;stele;265.5
Cell;B05_A_T_C03_Z20;189;stele;310.5
Cell;B05_A_T_C03_Z20;190;cortex;6194
Cell;B05_A_T_C03_Z20;191;cortex;9067.5
Cell;B05_A_T_C03_Z20;192;stele;496.5
Cell;B05_A_T_C03_Z20;194;stele;778
Cell;B05_A_T_C03_Z20;195;stele;506
Cell;B05_A_T_C03_Z20;196;general;5823.5
Cell;B05_A_T_C03_Z20;197;stele;937
Cell;B05_A_T_C03_Z20;198;epidermis;2759.5
Cell;B05_A_T_C03_Z20;199;stele;325
Cell;B05_A_T_C03_Z20;200;stele;121.5
Cell;B05_A_T_C03_Z20;201;stele;190.5
Cell;B05_A_T_C03_Z20;202;stele;822
Cell;B05_A_T_C03_Z20;203;cortex;5594
Cell;B05_A_T_C03_Z20;204;columella3;2859
Cell;B05_A_T_C03_Z20;205;endodermis;6439.5
Cell;B05_A_T_C03_Z20;206;rootcapl2;972.5
Cell;B05_A_T_C03_Z20;207;pericycle;1983
Cell;B05_A_T_C03_Z20;208;stele;184
Cell;B05_A_T_C03_Z20;209;stele;425.5
Cell;B05_A_T_C03_Z20;210;stele;238
Cell;B05_A_T_C03_Z20;211;stele;126.5
Cell;B05_A_T_C03_Z20;212;stele;157
Cell;B05_A_T_C03_Z20;213;rootcapl2;802
Cell;B05_A_T_C03_Z20;214;stele;255
Cell;B05_A_T_C03_Z20;215;epidermis;2748.5
Cell;B05_A_T_C03_Z20;217;stele;599
Cell;B05_A_T_C03_Z20;218;stele;741
Cell;B05_A_T_C03_Z20;219;stele;147
Cell;B05_A_T_C03_Z20;220;general;6162.5
Cell;B05_A_T_C03_Z20;221;cortex;9181.5
Cell;B05_A_T_C03_Z20;222;stele;825.5
Cell;B05_A_T_C03_Z20;223;stele;431.5
Cell;B05_A_T_C03_Z20;224;stele;452.5
Cell;B05_A_T_C03_Z20;225;stele;295
Cell;B05_A_T_C03_Z20;226;stele;408
Cell;B05_A_T_C03_Z20;227;stele;796.5
Cell;B05_A_T_C03_Z20;228;stele;323.5
Cell;B05_A_T_C03_Z20;229;stele;496
Cell;B05_A_T_C03_Z20;230;endodermis;4782
Cell;B05_A_T_C03_Z20;231;stele;150.5
Cell;B05_A_T_C03_Z20;232;pericycle;2445
Cell;B05_A_T_C03_Z20;233;stele;198
Cell;B05_A_T_C03_Z20;234;stele;519.5
Cell;B05_A_T_C03_Z20;235;stele;141
Cell;B05_A_T_C03_Z20;236;stele;302.5
Cell;B05_A_T_C03_Z20;237;stele;330
Cell;B05_A_T_C03_Z20;238;stele;532
Cell;B05_A_T_C03_Z20;239;stele;383.5
Cell;B05_A_T_C03_Z20;240;stele;937
Cell;B05_A_T_C03_Z20;241;stele;91.5
Cell;B05_A_T_C03_Z20;242;stele;190
Cell;B05_A_T_C03_Z20;243;stele;203.5
Cell;B05_A_T_C03_Z20;244;stele;428
Cell;B05_A_T_C03_Z20;245;stele;528
Cell;B05_A_T_C03_Z20;246;stele;190.5
Cell;B05_A_T_C03_Z20;247;stele;611
Cell;B05_A_T_C03_Z20;248;stele;152.5
Cell;B05_A_T_C03_Z20;249;pericycle;1689.5
Cell;B05_A_T_C03_Z20;250;epidermis;1732.5
Cell;B05_A_T_C03_Z20;251;stele;1109
Cell;B05_A_T_C03_Z20;252;stele;470
Cell;B05_A_T_C03_Z20;253;stele;588.5
Cell;B05_A_T_C03_Z20;254;stele;433.5
Cell;B05_A_T_C03_Z20;255;stele;252
Cell;B05_A_T_C03_Z20;256;rootcapl2;673.5
Cell;B05_A_T_C03_Z20;257;stele;147.5
Cell;B05_A_T_C03_Z20;258;stele;490
Cell;B05_A_T_C03_Z20;259;stele;425.5
Cell;B05_A_T_C03_Z20;260;stele;238
Cell;B05_A_T_C03_Z20;261;stele;347.5
Cell;B05_A_T_C03_Z20;262;general;3343
Cell;B05_A_T_C03_Z20;263;stele;113
Cell;B05_A_T_C03_Z20;264;stele;564.5
Cell;B05_A_T_C03_Z20;265;endodermis;2899
Cell;B05_A_T_C03_Z20;266;rootcapl2;936
Cell;B05_A_T_C03_Z20;267;stele;493.5
Cell;B05_A_T_C03_Z20;268;cortex;5562.5
Cell;B05_A_T_C03_Z20;269;epidermis;1709.5
Cell;B05_A_T_C03_Z20;270;stele;486
Cell;B05_A_T_C03_Z20;271;cortex;4071.5
Cell;B05_A_T_C03_Z20;272;general;2806.5
Cell;B05_A_T_C03_Z20;273;stele;612.5
Cell;B05_A_T_C03_Z20;274;stele;105
Cell;B05_A_T_C03_Z20;275;stele;338
Cell;B05_A_T_C03_Z20;276;stele;444.5
Cell;B05_A_T_C03_Z20;277;epidermis;1659.5
Cell;B05_A_T_C03_Z20;278;stele;447.5
Cell;B05_A_T_C03_Z20;279;stele;530
Cell;B05_A_T_C03_Z20;280;cortex;5938.5
Cell;B05_A_T_C03_Z20;281;stele;294.5
Cell;B05_A_T_C03_Z20;282;stele;347
Cell;B05_A_T_C03_Z20;283;pericycle;1607
Cell;B05_A_T_C03_Z20;284;pericycle;1821
Cell;B05_A_T_C03_Z20;285;stele;496
Cell;B05_A_T_C03_Z20;286;stele;338.5
Cell;B05_A_T_C03_Z20;287;stele;414
Cell;B05_A_T_C03_Z20;288;stele;402.5
Cell;B05_A_T_C03_Z20;289;stele;349.5
Cell;B05_A_T_C03_Z20;290;stele;273.5
Cell;B05_A_T_C03_Z20;291;stele;128
Cell;B05_A_T_C03_Z20;292;cortex;6644.5
Cell;B05_A_T_C03_Z20;293;stele;412.5
Cell;B05_A_T_C03_Z20;294;stele;264
Cell;B05_A_T_C03_Z20;295;stele;184
Cell;B05_A_T_C03_Z20;296;stele;620.5
Cell;B05_A_T_C03_Z20;297;cortex;7719
Cell;B05_A_T_C03_Z20;298;stele;573.5
Cell;B05_A_T_C03_Z20;299;rootcapl2;738.5
Cell;B05_A_T_C03_Z20;300;stele;694.5
Cell;B05_A_T_C03_Z20;301;stele;271
Cell;B05_A_T_C03_Z20;302;stele;305
Cell;B05_A_T_C03_Z20;303;stele;221.5
Cell;B05_A_T_C03_Z20;304;stele;345
Cell;B05_A_T_C03_Z20;305;stele;405.5
Cell;B05_A_T_C03_Z20;306;epidermis;3317
Cell;B05_A_T_C03_Z20;307;stele;201
Cell;B05_A_T_C03_Z20;308;stele;223.5
Cell;B05_A_T_C03_Z20;309;columella3;2481.5
Cell;B05_A_T_C03_Z20;310;stele;578
Cell;B05_A_T_C03_Z20;311;stele;576
Cell;B05_A_T_C03_Z20;312;stele;998
Cell;B05_A_T_C03_Z20;314;stele;185.5
Cell;B05_A_T_C03_Z20;315;general;7638.5
Cell;B05_A_T_C03_Z20;316;stele;330
Cell;B05_A_T_C03_Z20;317;stele;418.5
Cell;B05_A_T_C03_Z20;318;stele;492.5
Cell;B05_A_T_C03_Z20;319;endodermis;2843.5
Cell;B05_A_T_C03_Z20;320;stele;353
Cell;B05_A_T_C03_Z20;321;epidermis;1277.5
Cell;B05_A_T_C03_Z20;322;stele;222
Cell;B05_A_T_C03_Z20;323;pericycle;1284.5
Cell;B05_A_T_C03_Z20;324;stele;654
Cell;B05_A_T_C03_Z20;325;endodermis;3328
Cell;B05_A_T_C03_Z20;326;stele;485.5
Cell;B05_A_T_C03_Z20;327;stele;459.5
Cell;B05_A_T_C03_Z20;328;pericycle;2037.5
Cell;B05_A_T_C03_Z20;329;stele;221
Cell;B05_A_T_C03_Z20;330;stele;1353.5
Cell;B05_A_T_C03_Z20;331;stele;587
Cell;B05_A_T_C03_Z20;332;stele;269
Cell;B05_A_T_C03_Z20;333;rootcapl2;544
Cell;B05_A_T_C03_Z20;334;rootcapl2;435
Cell;B05_A_T_C03_Z20;335;stele;423
Cell;B05_A_T_C03_Z20;336;stele;180.5
Cell;B05_A_T_C03_Z20;337;cortex;7197.5
Cell;B05_A_T_C03_Z20;338;stele;184
Cell;B05_A_T_C03_Z20;339;stele;278
Cell;B05_A_T_C03_Z20;340;stele;447
Cell;B05_A_T_C03_Z20;341;stele;239.5
Cell;B05_A_T_C03_Z20;342;columella3;638.5
Cell;B05_A_T_C03_Z20;343;stele;328.5
Cell;B05_A_T_C03_Z20;344;stele;250.5
Cell;B05_A_T_C03_Z20;345;stele;399.5
Cell;B05_A_T_C03_Z20;346;stele;276
Cell;B05_A_T_C03_Z20;347;general;4364.5
Cell;B05_A_T_C03_Z20;348;rootcapl2;985.5
Cell;B05_A_T_C03_Z20;349;stele;419
Cell;B05_A_T_C03_Z20;350;stele;340
Cell;B05_A_T_C03_Z20;351;pericycle;2249
Cell;B05_A_T_C03_Z20;352;stele;288.5
Cell;B05_A_T_C03_Z20;353;stele;1230
Cell;B05_A_T_C03_Z20;354;cortex;4156.5
Cell;B05_A_T_C03_Z20;355;endodermis;3139
Cell;B05_A_T_C03_Z20;356;stele;442.5
Cell;B05_A_T_C03_Z20;357;stele;163.5
Cell;B05_A_T_C03_Z20;358;cortex;6879
Cell;B05_A_T_C03_Z20;359;stele;127
Cell;B05_A_T_C03_Z20;360;stele;502
Cell;B05_A_T_C03_Z20;361;stele;99.5
Cell;B05_A_T_C03_Z20;362;stele;341.5
Cell;B05_A_T_C03_Z20;363;cortex;12092
Cell;B05_A_T_C03_Z20;364;stele;338.5
Cell;B05_A_T_C03_Z20;365;stele;309
Cell;B05_A_T_C03_Z20;366;stele;194.5
Cell;B05_A_T_C03_Z20;367;stele;1420
Cell;B05_A_T_C03_Z20;368;stele;538
Cell;B05_A_T_C03_Z20;369;stele;334.5
Cell;B05_A_T_C03_Z20;370;pericycle;1568
Cell;B05_A_T_C03_Z20;371;stele;312.5
Cell;B05_A_T_C03_Z20;372;stele;466.5
Cell;B05_A_T_C03_Z20;373;columella3;525
Cell;B05_A_T_C03_Z20;374;stele;201
Cell;B05_A_T_C03_Z20;375;cortex;9003.5
Cell;B05_A_T_C03_Z20;376;stele;338.5
Cell;B05_A_T_C03_Z20;377;stele;393
Cell;B05_A_T_C03_Z20;378;stele;177
Cell;B05_A_T_C03_Z20;379;stele;550
Cell;B05_A_T_C03_Z20;380;epidermis;1425
Cell;B05_A_T_C03_Z20;381;stele;129.5
Cell;B05_A_T_C03_Z20;382;stele;256
Cell;B05_A_T_C03_Z20;383;stele;388.5
Cell;B05_A_T_C03_Z20;384;epidermis;3856.5
Cell;B05_A_T_C03_Z20;385;stele;385
Cell;B05_A_T_C03_Z20;386;epidermis;2209
Cell;B05_A_T_C03_Z20;387;stele;135
Cell;B05_A_T_C03_Z20;388;stele;521.5
Cell;B05_A_T_C03_Z20;389;stele;280.5
Cell;B05_A_T_C03_Z20;390;stele;235.5
Cell;B05_A_T_C03_Z20;391;stele;125.5
Cell;B05_A_T_C03_Z20;392;stele;785.5
Cell;B05_A_T_C03_Z20;393;stele;126
Cell;B05_A_T_C03_Z20;394;stele;70
Cell;B05_A_T_C03_Z20;395;stele;353
Cell;B05_A_T_C03_Z20;396;stele;567.5
Cell;B05_A_T_C03_Z20;397;pericycle;2946.5
Cell;B05_A_T_C03_Z20;398;pericycle;1984.5
Cell;B05_A_T_C03_Z20;399;stele;369.5
Cell;B05_A_T_C03_Z20;400;endodermis;2436
Cell;B05_A_T_C03_Z20;401;stele;248.5
Cell;B05_A_T_C03_Z20;402;stele;248.5
Cell;B05_A_T_C03_Z20;403;stele;118.5
Cell;B05_A_T_C03_Z20;404;stele;432
Cell;B05_A_T_C03_Z20;405;stele;184.5
Cell;B05_A_T_C03_Z20;406;stele;201.5
Cell;B05_A_T_C03_Z20;407;cortex;8488.5
Cell;B05_A_T_C03_Z20;408;general;1791.5
Cell;B05_A_T_C03_Z20;409;stele;212.5
Cell;B05_A_T_C03_Z20;410;stele;349
Cell;B05_A_T_C03_Z20;411;stele;186.5
Cell;B05_A_T_C03_Z20;412;endodermis;2863.5
Cell;B05_A_T_C03_Z20;413;stele;354
Cell;B05_A_T_C03_Z20;414;stele;341
Cell;B05_A_T_C03_Z20;415;stele;668
Cell;B05_A_T_C03_Z20;416;stele;268.5
Cell;B05_A_T_C03_Z20;417;stele;399
Cell;B05_A_T_C03_Z20;418;pericycle;2112.5
Cell;B05_A_T_C03_Z20;419;stele;490
Cell;B05_A_T_C03_Z20;420;pericycle;1715
Cell;B05_A_T_C03_Z20;421;cortex;5043
Cell;B05_A_T_C03_Z20;422;stele;330.5
Cell;B05_A_T_C03_Z20;423;cortex;3372.5
Cell;B05_A_T_C03_Z20;424;cortex;6576.5
Cell;B05_A_T_C03_Z20;425;pericycle;2724.5
Cell;B05_A_T_C03_Z20;426;rootcapl2;1126.5
Cell;B05_A_T_C03_Z20;427;pericycle;2011.5
Cell;B05_A_T_C03_Z20;428;pericycle;1221.5
Cell;B05_A_T_C03_Z20;429;general;1709
Cell;B05_A_T_C03_Z20;430;pericycle;1452
Cell;B05_A_T_C03_Z20;431;pericycle;1857.5
Cell;B05_A_T_C03_Z20;432;general;2158.5
Cell;B05_A_T_C03_Z20;433;endodermis;3642
Cell;B05_A_T_C03_Z20;434;epidermis;2434
Cell;B05_A_T_C03_Z20;435;cortex;8050
Cell;B05_A_T_C03_Z20;436;endodermis;1863.5
Cell;B05_A_T_C03_Z20;437;epidermis;4692.5
Cell;B05_A_T_C03_Z20;438;cortex;8277.5
Cell;B05_A_T_C03_Z20;439;endodermis;2694.5
Cell;B05_A_T_C03_Z20;440;endodermis;1763
Cell;B05_A_T_C03_Z20;441;cortex;9599.5
Cell;B05_A_T_C03_Z20;442;endodermis;4021.5
Cell;B05_A_T_C03_Z20;443;cortex;4865
Cell;B05_A_T_C03_Z20;444;endodermis;3287
Cell;B05_A_T_C03_Z20;445;cortex;6145
Cell;B05_A_T_C03_Z20;446;rootcapl2;1021.5
Cell;B05_A_T_C03_Z20;447;general;1575
Cell;B05_A_T_C03_Z20;448;endodermis;4355
Cell;B05_A_T_C03_Z20;449;rootcapl2;917
Cell;B05_A_T_C03_Z20;450;general;4094.5
Cell;B05_A_T_C03_Z20;451;epidermis;3126
Cell;B05_A_T_C03_Z20;452;cortex;7553
Cell;B05_A_T_C03_Z20;453;rootcapl2;604
Cell;B05_A_T_C03_Z20;454;general;3564.5
Cell;B05_A_T_C03_Z20;455;cortex;9703.5
Cell;B05_A_T_C03_Z20;456;cortex;2669.5
Cell;B05_A_T_C03_Z20;457;cortex;6063
Cell;B05_A_T_C03_Z20;458;rootcapl2;725.5
Cell;B05_A_T_C03_Z20;459;epidermis;3155.5
Cell;B05_A_T_C03_Z20;460;cortex;5096.5
Cell;B05_A_T_C03_Z20;461;cortex;9510.5
Cell;B05_A_T_C03_Z20;462;rootcapl2;610
Cell;B05_A_T_C03_Z20;463;general;6717
Cell;B05_A_T_C03_Z20;464;cortex;7704.5
Cell;B05_A_T_C03_Z20;465;rootcapl2;1070.5
Cell;B05_A_T_C03_Z20;466;rootcapl2;858.5
Cell;B05_A_T_C03_Z20;467;epidermis;3395.5
Cell;B05_A_T_C03_Z20;468;general;9316.5
Cell;B05_A_T_C03_Z20;469;cortex;7142.5
Cell;B05_A_T_C03_Z20;470;cortex;6758
Cell;B05_A_T_C03_Z20;471;general;7664.5
Cell;B05_A_T_C03_Z20;472;rootcapl2;1156
Cell;B05_A_T_C03_Z20;473;cortex;5533.5
Cell;B05_A_T_C03_Z20;474;rootcapl2;741
Cell;B05_A_T_C03_Z20;475;cortex;10975.5
Cell;B05_A_T_C03_Z20;476;epidermis;3166.5
Cell;B05_A_T_C03_Z20;477;epidermis;2530
Cell;B05_A_T_C03_Z20;478;rootcapl2;790.5
Cell;B05_A_T_C03_Z20;479;cortex;5702.5
Cell;B05_A_T_C03_Z20;480;cortex;4541.5
Cell;B05_A_T_C03_Z20;481;cortex;8314
Cell;B05_A_T_C03_Z20;482;general;7386
Cell;B05_A_T_C03_Z20;483;rootcapl2;582
Cell;B05_A_T_C03_Z20;484;general;4103.5
Cell;B05_A_T_C03_Z20;485;epidermis;2434
Cell;B05_A_T_C03_Z20;486;rootcapl2;657.5
Cell;B05_A_T_C03_Z20;487;epidermis;2499
Cell;B05_A_T_C03_Z20;488;cortex;6680
Cell;B05_A_T_C03_Z20;489;general;5657
Cell;B05_A_T_C03_Z20;490;cortex;4846
Cell;B05_A_T_C03_Z20;491;rootcapl2;533.5
Cell;B05_A_T_C03_Z20;492;general;1691.5
Cell;B05_A_T_C03_Z20;493;cortex;4168.5
Cell;B05_A_T_C03_Z20;494;general;4979.5
Cell;B05_A_T_C03_Z20;495;cortex;5519
Cell;B05_A_T_C03_Z20;496;cortex;4019.5
Cell;B05_A_T_C03_Z20;497;epidermis;2451
Cell;B05_A_T_C03_Z20;498;general;6087
Cell;B05_A_T_C03_Z20;499;epidermis;3240
Cell;B05_A_T_C03_Z20;500;epidermis;2126
Cell;B05_A_T_C03_Z20;501;general;7255
Cell;B05_A_T_C03_Z20;502;general;4634.5
Cell;B05_A_T_C03_Z20;503;general;6918
Cell;B05_A_T_C03_Z20;504;epidermis;2099.5
Cell;B05_A_T_C03_Z20;505;epidermis;1815.5
Cell;B05_A_T_C03_Z20;506;general;7691.5
Cell;B05_A_T_C03_Z20;507;epidermis;2092.5
Cell;B05_A_T_C03_Z20;508;general;4321
Cell;B05_A_T_C03_Z20;509;epidermis;1692.5
Cell;B05_A_T_C03_Z20;510;general;4975.5
Cell;B05_B_T_C01_Z20;0;epidermis;1017.5
Cell;B05_B_T_C01_Z20;1;epidermis;1393.5
Cell;B05_B_T_C01_Z20;2;epidermis;2306.5
Cell;B05_B_T_C01_Z20;3;epidermis;1342.5
Cell;B05_B_T_C01_Z20;4;epidermis;2944.5
Cell;B05_B_T_C01_Z20;5;general;10654.5
Cell;B05_B_T_C01_Z20;6;epidermis;2636
Cell;B05_B_T_C01_Z20;7;epidermis;2620.5
Cell;B05_B_T_C01_Z20;8;epidermis;3106
Cell;B05_B_T_C01_Z20;9;epidermis;2530
Cell;B05_B_T_C01_Z20;10;general;8629.5
Cell;B05_B_T_C01_Z20;11;general;12144
Cell;B05_B_T_C01_Z20;12;general;7021.5
Cell;B05_B_T_C01_Z20;13;general;7704.5
Cell;B05_B_T_C01_Z20;14;epidermis;1558
Cell;B05_B_T_C01_Z20;15;epidermis;1754
Cell;B05_B_T_C01_Z20;16;epidermis;3548.5
Cell;B05_B_T_C01_Z20;17;general;3054
Cell;B05_B_T_C01_Z20;18;epidermis;1563
Cell;B05_B_T_C01_Z20;19;epidermis;3604
Cell;B05_B_T_C01_Z20;20;cortex;5753
Cell;B05_B_T_C01_Z20;21;cortex;6143
Cell;B05_B_T_C01_Z20;22;cortex;8830.5
Cell;B05_B_T_C01_Z20;23;general;5217
Cell;B05_B_T_C01_Z20;24;cortex;8220
Cell;B05_B_T_C01_Z20;25;epidermis;1851
Cell;B05_B_T_C01_Z20;26;cortex;9860
Cell;B05_B_T_C01_Z20;27;general;3220
Cell;B05_B_T_C01_Z20;28;epidermis;2335
Cell;B05_B_T_C01_Z20;29;general;9210.5
Cell;B05_B_T_C01_Z20;30;epidermis;2687.5
Cell;B05_B_T_C01_Z20;31;general;8497
Cell;B05_B_T_C01_Z20;32;cortex;9117.5
Cell;B05_B_T_C01_Z20;33;cortex;7055
Cell;B05_B_T_C01_Z20;34;cortex;12790
Cell;B05_B_T_C01_Z20;35;cortex;12567
Cell;B05_B_T_C01_Z20;36;cortex;6892.5
Cell;B05_B_T_C01_Z20;37;epidermis;1891
Cell;B05_B_T_C01_Z20;38;epidermis;3329.5
Cell;B05_B_T_C01_Z20;39;cortex;6511.5
Cell;B05_B_T_C01_Z20;40;cortex;7989
Cell;B05_B_T_C01_Z20;41;general;10285
Cell;B05_B_T_C01_Z20;42;epidermis;2495.5
Cell;B05_B_T_C01_Z20;43;cortex;13314
Cell;B05_B_T_C01_Z20;44;rootcapl2;728
Cell;B05_B_T_C01_Z20;45;epidermis;1079.5
Cell;B05_B_T_C01_Z20;46;general;7031
Cell;B05_B_T_C01_Z20;47;epidermis;1175
Cell;B05_B_T_C01_Z20;48;cortex;10788
Cell;B05_B_T_C01_Z20;49;rootcapl2;623
Cell;B05_B_T_C01_Z20;50;cortex;5518.5
Cell;B05_B_T_C01_Z20;51;cortex;6790.5
Cell;B05_B_T_C01_Z20;52;rootcapl2;1030
Cell;B05_B_T_C01_Z20;53;cortex;8394
Cell;B05_B_T_C01_Z20;54;epidermis;3269.5
Cell;B05_B_T_C01_Z20;55;general;8172.5
Cell;B05_B_T_C01_Z20;56;cortex;7848
Cell;B05_B_T_C01_Z20;57;cortex;7072.5
Cell;B05_B_T_C01_Z20;58;rootcapl2;639
Cell;B05_B_T_C01_Z20;59;rootcapl2;836.5
Cell;B05_B_T_C01_Z20;60;epidermis;2036
Cell;B05_B_T_C01_Z20;61;cortex;9040
Cell;B05_B_T_C01_Z20;62;epidermis;803
Cell;B05_B_T_C01_Z20;63;cortex;7759.5
Cell;B05_B_T_C01_Z20;64;cortex;7244.5
Cell;B05_B_T_C01_Z20;65;epidermis;3524.5
Cell;B05_B_T_C01_Z20;66;cortex;8955
Cell;B05_B_T_C01_Z20;67;cortex;5938
Cell;B05_B_T_C01_Z20;68;general;6854.5
Cell;B05_B_T_C01_Z20;69;epidermis;1065
Cell;B05_B_T_C01_Z20;70;rootcapl2;756.5
Cell;B05_B_T_C01_Z20;71;general;7402
Cell;B05_B_T_C01_Z20;72;cortex;10270
Cell;B05_B_T_C01_Z20;73;endodermis;3558
Cell;B05_B_T_C01_Z20;74;rootcapl2;315
Cell;B05_B_T_C01_Z20;75;endodermis;3256.5
Cell;B05_B_T_C01_Z20;76;cortex;4907.5
Cell;B05_B_T_C01_Z20;77;cortex;6920.5
Cell;B05_B_T_C01_Z20;78;endodermis;2838.5
Cell;B05_B_T_C01_Z20;79;endodermis;3973
Cell;B05_B_T_C01_Z20;80;cortex;9396
Cell;B05_B_T_C01_Z20;81;cortex;10728.5
Cell;B05_B_T_C01_Z20;82;general;5783.5
Cell;B05_B_T_C01_Z20;83;epidermis;2811
Cell;B05_B_T_C01_Z20;84;rootcapl2;341
Cell;B05_B_T_C01_Z20;85;epidermis;3250.5
Cell;B05_B_T_C01_Z20;86;endodermis;3825.5
Cell;B05_B_T_C01_Z20;87;endodermis;3221.5
Cell;B05_B_T_C01_Z20;88;rootcapl2;588
Cell;B05_B_T_C01_Z20;89;cortex;8986.5
Cell;B05_B_T_C01_Z20;90;pericycle;1671.5
Cell;B05_B_T_C01_Z20;91;pericycle;2060.5
Cell;B05_B_T_C01_Z20;92;endodermis;4398.5
Cell;B05_B_T_C01_Z20;93;cortex;6952
Cell;B05_B_T_C01_Z20;94;pericycle;2125.5
Cell;B05_B_T_C01_Z20;95;pericycle;2542.5
Cell;B05_B_T_C01_Z20;96;cortex;9528
Cell;B05_B_T_C01_Z20;97;cortex;13180.5
Cell;B05_B_T_C01_Z20;98;general;7839.5
Cell;B05_B_T_C01_Z20;99;epidermis;3762.5
Cell;B05_B_T_C01_Z20;100;endodermis;3100
Cell;B05_B_T_C01_Z20;101;pericycle;2616
Cell;B05_B_T_C01_Z20;102;epidermis;2211.5
Cell;B05_B_T_C01_Z20;103;rootcapl2;536.5
Cell;B05_B_T_C01_Z20;104;pericycle;1954
Cell;B05_B_T_C01_Z20;105;stele;531
Cell;B05_B_T_C01_Z20;106;stele;938
Cell;B05_B_T_C01_Z20;107;pericycle;3032
Cell;B05_B_T_C01_Z20;108;rootcapl2;1716
Cell;B05_B_T_C01_Z20;109;endodermis;5358
Cell;B05_B_T_C01_Z20;110;rootcapl2;483.5
Cell;B05_B_T_C01_Z20;111;general;6083
Cell;B05_B_T_C01_Z20;112;stele;380.5
Cell;B05_B_T_C01_Z20;113;stele;643.5
Cell;B05_B_T_C01_Z20;114;stele;556.5
Cell;B05_B_T_C01_Z20;115;stele;437
Cell;B05_B_T_C01_Z20;116;stele;554
Cell;B05_B_T_C01_Z20;117;stele;611.5
Cell;B05_B_T_C01_Z20;118;stele;470
Cell;B05_B_T_C01_Z20;119;stele;721
Cell;B05_B_T_C01_Z20;120;rootcapl2;156.5
Cell;B05_B_T_C01_Z20;121;endodermis;1811
Cell;B05_B_T_C01_Z20;122;stele;704.5
Cell;B05_B_T_C01_Z20;123;pericycle;3155
Cell;B05_B_T_C01_Z20;124;stele;650.5
Cell;B05_B_T_C01_Z20;125;stele;453.5
Cell;B05_B_T_C01_Z20;126;cortex;6479
Cell;B05_B_T_C01_Z20;127;cortex;5556
Cell;B05_B_T_C01_Z20;128;epidermis;4412
Cell;B05_B_T_C01_Z20;129;stele;1529
Cell;B05_B_T_C01_Z20;130;cortex;9212.5
Cell;B05_B_T_C01_Z20;131;cortex;8789.5
Cell;B05_B_T_C01_Z20;132;columella3;2165
Cell;B05_B_T_C01_Z20;133;stele;741
Cell;B05_B_T_C01_Z20;134;pericycle;1742.5
Cell;B05_B_T_C01_Z20;135;stele;553.5
Cell;B05_B_T_C01_Z20;136;stele;841
Cell;B05_B_T_C01_Z20;137;stele;714
Cell;B05_B_T_C01_Z20;138;stele;620
Cell;B05_B_T_C01_Z20;139;epidermis;842.5
Cell;B05_B_T_C01_Z20;140;stele;486
Cell;B05_B_T_C01_Z20;141;stele;801
Cell;B05_B_T_C01_Z20;142;stele;1848.5
Cell;B05_B_T_C01_Z20;143;cortex;4083
Cell;B05_B_T_C01_Z20;144;endodermis;3107.5
Cell;B05_B_T_C01_Z20;145;pericycle;4029
Cell;B05_B_T_C01_Z20;146;stele;298
Cell;B05_B_T_C01_Z20;147;stele;612.5
Cell;B05_B_T_C01_Z20;148;pericycle;1935.5
Cell;B05_B_T_C01_Z20;149;stele;465
Cell;B05_B_T_C01_Z20;150;stele;696.5
Cell;B05_B_T_C01_Z20;151;stele;411.5
Cell;B05_B_T_C01_Z20;152;stele;381.5
Cell;B05_B_T_C01_Z20;153;stele;946
Cell;B05_B_T_C01_Z20;154;rootcapl2;169
Cell;B05_B_T_C01_Z20;155;stele;874.5
Cell;B05_B_T_C01_Z20;156;stele;857
Cell;B05_B_T_C01_Z20;157;general;9453.5
Cell;B05_B_T_C01_Z20;158;stele;1599.5
Cell;B05_B_T_C01_Z20;159;stele;652.5
Cell;B05_B_T_C01_Z20;160;stele;735
Cell;B05_B_T_C01_Z20;161;general;4308.5
Cell;B05_B_T_C01_Z20;162;endodermis;2531.5
Cell;B05_B_T_C01_Z20;163;stele;281.5
Cell;B05_B_T_C01_Z20;164;rootcapl2;615
Cell;B05_B_T_C01_Z20;165;cortex;5704.5
Cell;B05_B_T_C01_Z20;166;epidermis;4107.5
Cell;B05_B_T_C01_Z20;167;stele;679.5
Cell;B05_B_T_C01_Z20;168;columella3;4445.5
Cell;B05_B_T_C01_Z20;169;stele;820
Cell;B05_B_T_C01_Z20;170;stele;711
Cell;B05_B_T_C01_Z20;171;cortex;12763
Cell;B05_B_T_C01_Z20;172;pericycle;3605
Cell;B05_B_T_C01_Z20;173;stele;587.5
Cell;B05_B_T_C01_Z20;174;stele;499
Cell;B05_B_T_C01_Z20;175;epidermis;1446.5
Cell;B05_B_T_C01_Z20;176;stele;364
Cell;B05_B_T_C01_Z20;177;stele;626.5
Cell;B05_B_T_C01_Z20;178;stele;615
Cell;B05_B_T_C01_Z20;179;stele;1333.5
Cell;B05_B_T_C01_Z20;180;stele;456
Cell;B05_B_T_C01_Z20;181;cortex;9553.5
Cell;B05_B_T_C01_Z20;182;stele;680
Cell;B05_B_T_C01_Z20;183;stele;451.5
Cell;B05_B_T_C01_Z20;184;endodermis;3065.5
Cell;B05_B_T_C01_Z20;185;stele;680.5
Cell;B05_B_T_C01_Z20;186;cortex;8227.5
Cell;B05_B_T_C01_Z20;187;stele;476.5
Cell;B05_B_T_C01_Z20;188;cortex;9831.5
Cell;B05_B_T_C01_Z20;189;stele;444.5
Cell;B05_B_T_C01_Z20;190;stele;1113.5
Cell;B05_B_T_C01_Z20;191;stele;562.5
Cell;B05_B_T_C01_Z20;192;stele;534.5
Cell;B05_B_T_C01_Z20;193;stele;529
Cell;B05_B_T_C01_Z20;194;epidermis;1481
Cell;B05_B_T_C01_Z20;195;pericycle;2774.5
Cell;B05_B_T_C01_Z20;196;epidermis;2452
Cell;B05_B_T_C01_Z20;197;stele;403
Cell;B05_B_T_C01_Z20;198;cortex;9544.5
Cell;B05_B_T_C01_Z20;199;columella3;2048.5
Cell;B05_B_T_C01_Z20;200;stele;617
Cell;B05_B_T_C01_Z20;201;stele;1114.5
Cell;B05_B_T_C01_Z20;202;stele;355
Cell;B05_B_T_C01_Z20;203;stele;1903.5
Cell;B05_B_T_C01_Z20;204;stele;1916.5
Cell;B05_B_T_C01_Z20;205;stele;938
Cell;B05_B_T_C01_Z20;206;stele;418
Cell;B05_B_T_C01_Z20;207;stele;917
Cell;B05_B_T_C01_Z20;208;stele;799
Cell;B05_B_T_C01_Z20;209;stele;469
Cell;B05_B_T_C01_Z20;210;columella3;6479
Cell;B05_B_T_C01_Z20;211;endodermis;4771
Cell;B05_B_T_C01_Z20;212;cortex;3808
Cell;B05_B_T_C01_Z20;213;rootcapl2;152
Cell;B05_B_T_C01_Z20;214;epidermis;1416
Cell;B05_B_T_C01_Z20;215;pericycle;2688
Cell;B05_B_T_C01_Z20;216;rootcapl2;141
Cell;B05_B_T_C01_Z20;217;general;4886.5
Cell;B05_B_T_C01_Z20;218;stele;1481
Cell;B05_B_T_C01_Z20;219;general;7841
Cell;B05_B_T_C01_Z20;220;stele;630
Cell;B05_B_T_C01_Z20;221;stele;540.5
Cell;B05_B_T_C01_Z20;222;endodermis;2903.5
Cell;B05_B_T_C01_Z20;223;cortex;5600.5
Cell;B05_B_T_C01_Z20;224;stele;883.5
Cell;B05_B_T_C01_Z20;225;stele;756
Cell;B05_B_T_C01_Z20;226;pericycle;1693.5
Cell;B05_B_T_C01_Z20;227;stele;1155.5
Cell;B05_B_T_C01_Z20;228;stele;520.5
Cell;B05_B_T_C01_Z20;229;stele;731
Cell;B05_B_T_C01_Z20;230;stele;1504
Cell;B05_B_T_C01_Z20;231;epidermis;1527
Cell;B05_B_T_C01_Z20;232;stele;809.5
Cell;B05_B_T_C01_Z20;233;stele;665.5
Cell;B05_B_T_C01_Z20;234;stele;575.5
Cell;B05_B_T_C01_Z20;235;stele;556.5
Cell;B05_B_T_C01_Z20;236;columella3;4357
Cell;B05_B_T_C01_Z20;237;epidermis;2398.5
Cell;B05_B_T_C01_Z20;238;stele;241
Cell;B05_B_T_C01_Z20;239;stele;966.5
Cell;B05_B_T_C01_Z20;240;pericycle;3141
Cell;B05_B_T_C01_Z20;241;cortex;7340
Cell;B05_B_T_C01_Z20;242;stele;485.5
Cell;B05_B_T_C01_Z20;243;cortex;8094.5
Cell;B05_B_T_C01_Z20;244;rootcapl2;1352
Cell;B05_B_T_C01_Z20;245;stele;439
Cell;B05_B_T_C01_Z20;246;stele;965
Cell;B05_B_T_C01_Z20;247;stele;514.5
Cell;B05_B_T_C01_Z20;248;pericycle;2931.5
Cell;B05_B_T_C01_Z20;249;endodermis;3329
Cell;B05_B_T_C01_Z20;250;stele;1168
Cell;B05_B_T_C01_Z20;251;stele;936
Cell;B05_B_T_C01_Z20;252;stele;808
Cell;B05_B_T_C01_Z20;253;stele;482
Cell;B05_B_T_C01_Z20;254;stele;661
Cell;B05_B_T_C01_Z20;255;stele;670
Cell;B05_B_T_C01_Z20;256;stele;465
Cell;B05_B_T_C01_Z20;257;rootcapl2;867.5
Cell;B05_B_T_C01_Z20;258;general;9249
Cell;B05_B_T_C01_Z20;259;cortex;11575
Cell;B05_B_T_C01_Z20;260;epidermis;2144.5
Cell;B05_B_T_C01_Z20;261;epidermis;3461.5
Cell;B05_B_T_C01_Z20;262;stele;781
Cell;B05_B_T_C01_Z20;263;stele;370
Cell;B05_B_T_C01_Z20;264;cortex;10025.5
Cell;B05_B_T_C01_Z20;265;stele;442
Cell;B05_B_T_C01_Z20;266;stele;748.5
Cell;B05_B_T_C01_Z20;267;stele;488
Cell;B05_B_T_C01_Z20;268;endodermis;6216
Cell;B05_B_T_C01_Z20;269;cortex;6453.5
Cell;B05_B_T_C01_Z20;270;stele;1445
Cell;B05_B_T_C01_Z20;271;stele;1102
Cell;B05_B_T_C01_Z20;272;stele;1897
Cell;B05_B_T_C01_Z20;273;rootcapl2;236
Cell;B05_B_T_C01_Z20;274;stele;555.5
Cell;B05_B_T_C01_Z20;275;stele;1217.5
Cell;B05_B_T_C01_Z20;276;cortex;9317.5
Cell;B05_B_T_C01_Z20;277;stele;725
Cell;B05_B_T_C01_Z20;278;stele;607.5
Cell;B05_B_T_C01_Z20;279;stele;902
Cell;B05_B_T_C01_Z20;280;pericycle;3796
Cell;B05_B_T_C01_Z20;281;stele;362
Cell;B05_B_T_C01_Z20;282;pericycle;3591.5
Cell;B05_B_T_C01_Z20;283;general;6279
Cell;B05_B_T_C01_Z20;284;stele;653.5
Cell;B05_B_T_C01_Z20;285;columella3;3689.5
Cell;B05_B_T_C01_Z20;286;stele;709
Cell;B05_B_T_C01_Z20;287;stele;839
Cell;B05_B_T_C01_Z20;288;stele;762.5
Cell;B05_B_T_C01_Z20;289;stele;1337
Cell;B05_B_T_C01_Z20;290;stele;451
Cell;B05_B_T_C01_Z20;291;stele;400.5
Cell;B05_B_T_C01_Z20;292;stele;1602.5
Cell;B05_B_T_C01_Z20;293;stele;217
Cell;B05_B_T_C01_Z20;294;stele;383.5
Cell;B05_B_T_C01_Z20;295;stele;740.5
Cell;B05_B_T_C01_Z20;296;stele;850.5
Cell;B05_B_T_C01_Z20;297;epidermis;3476.5
Cell;B05_B_T_C01_Z20;298;cortex;5922
Cell;B05_B_T_C01_Z20;299;stele;650.5
Cell;B05_B_T_C01_Z20;300;stele;1248.5
Cell;B05_B_T_C01_Z20;301;stele;351.5
Cell;B05_B_T_C01_Z20;302;stele;719
Cell;B05_B_T_C01_Z20;303;stele;1067.5
Cell;B05_B_T_C01_Z20;304;endodermis;4367.5
Cell;B05_B_T_C01_Z20;305;rootcapl2;524.5
Cell;B05_B_T_C01_Z20;306;epidermis;1718.5
Cell;B05_B_T_C01_Z20;307;pericycle;2846.5
Cell;B05_B_T_C01_Z20;308;stele;587
Cell;B05_B_T_C01_Z20;309;cortex;9989
Cell;B05_B_T_C01_Z20;310;stele;660
Cell;B05_B_T_C01_Z20;311;stele;440.5
Cell;B05_B_T_C01_Z20;312;stele;278.5
Cell;B05_B_T_C01_Z20;313;endodermis;3635
Cell;B05_B_T_C01_Z20;314;rootcapl2;1037.5
Cell;B05_B_T_C01_Z20;315;stele;840
Cell;B05_B_T_C01_Z20;316;general;12838
Cell;B05_B_T_C01_Z20;317;stele;301
Cell;B05_B_T_C01_Z20;318;stele;781
Cell;B05_B_T_C01_Z20;319;columella3;1071.5
Cell;B05_B_T_C01_Z20;320;pericycle;3328.5
Cell;B05_B_T_C01_Z20;321;stele;894.5
Cell;B05_B_T_C01_Z20;322;stele;1091.5
Cell;B05_B_T_C01_Z20;323;rootcapl2;749
Cell;B05_B_T_C01_Z20;324;stele;637.5
Cell;B05_B_T_C01_Z20;325;stele;398
Cell;B05_B_T_C01_Z20;326;stele;651.5
Cell;B05_B_T_C01_Z20;327;cortex;5671
Cell;B05_B_T_C01_Z20;328;stele;572.5
Cell;B05_B_T_C01_Z20;329;stele;980.5
Cell;B05_B_T_C01_Z20;330;stele;492.5
Cell;B05_B_T_C01_Z20;331;stele;1994
Cell;B05_B_T_C01_Z20;332;stele;458.5
Cell;B05_B_T_C01_Z20;333;cortex;7215.5
Cell;B05_B_T_C01_Z20;334;general;9355.5
Cell;B05_B_T_C01_Z20;335;stele;983.5
Cell;B05_B_T_C01_Z20;336;epidermis;1660
Cell;B05_B_T_C01_Z20;337;stele;837
Cell;B05_B_T_C01_Z20;338;stele;723.5
Cell;B05_B_T_C01_Z20;339;stele;1112.5
Cell;B05_B_T_C01_Z20;340;stele;427.5
Cell;B05_B_T_C01_Z20;341;cortex;8306
Cell;B05_B_T_C01_Z20;342;stele;368.5
Cell;B05_B_T_C01_Z20;343;pericycle;2653.5
Cell;B05_B_T_C01_Z20;344;stele;595.5
Cell;B05_B_T_C01_Z20;345;epidermis;2763
Cell;B05_B_T_C01_Z20;346;pericycle;2664
Cell;B05_B_T_C01_Z20;347;cortex;10980
Cell;B05_B_T_C01_Z20;348;pericycle;1720
Cell;B05_B_T_C01_Z20;349;stele;1200.5
Cell;B05_B_T_C01_Z20;350;cortex;9238
Cell;B05_B_T_C01_Z20;351;stele;872.5
Cell;B05_B_T_C01_Z20;352;stele;814.5
Cell;B05_B_T_C01_Z20;353;stele;461
Cell;B05_B_T_C01_Z20;354;stele;190.5
Cell;B05_B_T_C01_Z20;355;stele;769
Cell;B05_B_T_C01_Z20;356;stele;463.5
Cell;B05_B_T_C01_Z20;357;endodermis;3198
Cell;B05_B_T_C01_Z20;358;pericycle;3384.5
Cell;B05_B_T_C01_Z20;359;pericycle;1399
Cell;B05_B_T_C01_Z20;360;stele;558
Cell;B05_B_T_C01_Z20;361;stele;847
Cell;B05_B_T_C01_Z20;362;epidermis;3449.5
Cell;B05_B_T_C01_Z20;363;cortex;7566.5
Cell;B05_B_T_C01_Z20;364;endodermis;4149
Cell;B05_B_T_C01_Z20;365;stele;536
Cell;B05_B_T_C01_Z20;366;pericycle;1786
Cell;B05_B_T_C01_Z20;367;stele;682.5
Cell;B05_B_T_C01_Z20;368;pericycle;3092
Cell;B05_B_T_C01_Z20;369;epidermis;1407
Cell;B05_B_T_C01_Z20;370;general;9695
Cell;B05_B_T_C01_Z20;371;stele;1102
Cell;B05_B_T_C01_Z20;372;cortex;6928.5
Cell;B05_B_T_C01_Z20;373;endodermis;5035
Cell;B05_B_T_C01_Z20;374;pericycle;2583
Cell;B05_B_T_C01_Z20;375;epidermis;2890.5
Cell;B05_B_T_C01_Z20;376;cortex;6782
Cell;B05_B_T_C01_Z20;377;endodermis;2937.5
Cell;B05_B_T_C01_Z20;378;cortex;9101.5
Cell;B05_B_T_C01_Z20;379;cortex;8318
Cell;B05_B_T_C01_Z20;380;general;9916
Cell;B05_B_T_C01_Z20;381;pericycle;2350
Cell;B05_B_T_C01_Z20;382;cortex;5156.5
Cell;B05_B_T_C01_Z20;383;cortex;13619.5
Cell;B05_B_T_C01_Z20;384;endodermis;3729
Cell;B05_B_T_C01_Z20;385;endodermis;3016
Cell;B05_B_T_C01_Z20;386;cortex;8346
Cell;B05_B_T_C01_Z20;387;rootcapl2;324.5
Cell;B05_B_T_C01_Z20;388;endodermis;3456.5
Cell;B05_B_T_C01_Z20;389;endodermis;4545.5
Cell;B05_B_T_C01_Z20;390;epidermis;2120.5
Cell;B05_B_T_C01_Z20;391;rootcapl2;1083.5
Cell;B05_B_T_C01_Z20;392;rootcapl2;417
Cell;B05_B_T_C01_Z20;393;general;9783.5
Cell;B05_B_T_C01_Z20;394;epidermis;1478.5
Cell;B05_B_T_C01_Z20;395;cortex;6543
Cell;B05_B_T_C01_Z20;396;cortex;9576.5
Cell;B05_B_T_C01_Z20;397;general;8848
Cell;B05_B_T_C01_Z20;398;cortex;10035
Cell;B05_B_T_C01_Z20;399;rootcapl2;428.5
Cell;B05_B_T_C01_Z20;400;cortex;6052
Cell;B05_B_T_C01_Z20;401;cortex;5736.5
Cell;B05_B_T_C01_Z20;402;epidermis;6677
Cell;B05_B_T_C01_Z20;403;cortex;8532
Cell;B05_B_T_C01_Z20;404;cortex;7089.5
Cell;B05_B_T_C01_Z20;405;epidermis;3239
Cell;B05_B_T_C01_Z20;406;cortex;4628
Cell;B05_B_T_C01_Z20;407;cortex;10389
Cell;B05_B_T_C01_Z20;408;cortex;10357.5
Cell;B05_B_T_C01_Z20;409;rootcapl2;197
Cell;B05_B_T_C01_Z20;410;epidermis;2146
Cell;B05_B_T_C01_Z20;411;epidermis;3111.5
Cell;B05_B_T_C01_Z20;412;general;6102.5
Cell;B05_B_T_C01_Z20;413;cortex;7925
Cell;B05_B_T_C01_Z20;414;rootcapl2;1197
Cell;B05_B_T_C01_Z20;415;cortex;8897
Cell;B05_B_T_C01_Z20;416;cortex;8976.5
Cell;B05_B_T_C01_Z20;417;cortex;9354
Cell;B05_B_T_C01_Z20;418;general;10543
Cell;B05_B_T_C01_Z20;419;epidermis;4620.5
Cell;B05_B_T_C01_Z20;420;epidermis;2783
Cell;B05_B_T_C01_Z20;421;rootcapl2;189.5
Cell;B05_B_T_C01_Z20;422;cortex;7083
Cell;B05_B_T_C01_Z20;423;general;10544
Cell;B05_B_T_C01_Z20;424;cortex;9103.5
Cell;B05_B_T_C01_Z20;425;epidermis;1362
Cell;B05_B_T_C01_Z20;426;rootcapl2;1065.5
Cell;B05_B_T_C01_Z20;427;cortex;8895
Cell;B05_B_T_C01_Z20;428;cortex;6968.5
Cell;B05_B_T_C01_Z20;429;general;5913
Cell;B05_B_T_C01_Z20;430;cortex;14341
Cell;B05_B_T_C01_Z20;431;general;11170
Cell;B05_B_T_C01_Z20;432;epidermis;2193.5
Cell;B05_B_T_C01_Z20;433;epidermis;3137.5
Cell;B05_B_T_C01_Z20;434;cortex;9414.5
Cell;B05_B_T_C01_Z20;435;epidermis;2426.5
Cell;B05_B_T_C01_Z20;436;general;8762.5
Cell;B05_B_T_C01_Z20;437;epidermis;2377.5
Cell;B05_B_T_C01_Z20;438;general;12658
Cell;B05_B_T_C01_Z20;439;epidermis;3503
Cell;B05_B_T_C01_Z20;440;epidermis;2380.5
Cell;B05_B_T_C01_Z20;441;epidermis;3756
Cell;B05_B_T_C01_Z20;442;general;12218.5
Cell;B05_B_T_C01_Z20;443;general;12948.5
Cell;B05_B_T_C01_Z20;444;general;11885
Cell;B05_B_T_C01_Z20;445;epidermis;2246
Cell;B05_B_T_C01_Z20;446;epidermis;2449.5
Cell;B05_B_T_C01_Z20;447;epidermis;2919.5
Cell;B05_B_T_C01_Z20;448;general;8282.5
Cell;B05_B_T_C01_Z20;449;epidermis;2634.5
Cell;B05_B_T_C01_Z20;450;epidermis;679
Cell;B05_B_T_C01_Z20;451;epidermis;2225.5
Cell;B05_B_T_C01_Z20;452;epidermis;3701.5
Cell;B05_B_T_C01_Z20;453;epidermis;2208.5
Cell;B05_B_T_C01_Z20;454;epidermis;1101.5
Cell;B05_B_T_C01_Z20;455;epidermis;2018
Cell;B05_B_T_C01_Z20;456;epidermis;1185
Cell;B05_B_T_C01_Z20;457;epidermis;3129
Cell;B05_B_T_C01_Z20;458;epidermis;1819
Cell;B05_B_T_C01_Z20;459;epidermis;1647
Cell;B05_B_T_C01_Z20;460;epidermis;2003
Cell;B05_D_T_C03_Z20;0;epidermis;1816
Cell;B05_D_T_C03_Z20;1;epidermis;3228
Cell;B05_D_T_C03_Z20;2;epidermis;2575.5
Cell;B05_D_T_C03_Z20;3;epidermis;1119
Cell;B05_D_T_C03_Z20;4;epidermis;1950
Cell;B05_D_T_C03_Z20;5;epidermis;1384.5
Cell;B05_D_T_C03_Z20;6;epidermis;2223
Cell;B05_D_T_C03_Z20;7;epidermis;1495
Cell;B05_D_T_C03_Z20;8;epidermis;2050.5
Cell;B05_D_T_C03_Z20;9;general;8196.5
Cell;B05_D_T_C03_Z20;10;general;10434.5
Cell;B05_D_T_C03_Z20;11;epidermis;794
Cell;B05_D_T_C03_Z20;12;general;3988.5
Cell;B05_D_T_C03_Z20;13;epidermis;2475.5
Cell;B05_D_T_C03_Z20;14;general;7439.5
Cell;B05_D_T_C03_Z20;15;epidermis;1936
Cell;B05_D_T_C03_Z20;16;epidermis;1383.5
Cell;B05_D_T_C03_Z20;17;general;10894.5
Cell;B05_D_T_C03_Z20;18;general;5949.5
Cell;B05_D_T_C03_Z20;19;epidermis;1296
Cell;B05_D_T_C03_Z20;20;cortex;9022.5
Cell;B05_D_T_C03_Z20;21;epidermis;1622.5
Cell;B05_D_T_C03_Z20;22;epidermis;2612.5
Cell;B05_D_T_C03_Z20;23;general;8935
Cell;B05_D_T_C03_Z20;24;cortex;7661
Cell;B05_D_T_C03_Z20;25;epidermis;1421
Cell;B05_D_T_C03_Z20;26;general;3501.5
Cell;B05_D_T_C03_Z20;27;cortex;12871
Cell;B05_D_T_C03_Z20;28;epidermis;2626
Cell;B05_D_T_C03_Z20;29;cortex;6127.5
Cell;B05_D_T_C03_Z20;30;epidermis;1756.5
Cell;B05_D_T_C03_Z20;31;cortex;16768
Cell;B05_D_T_C03_Z20;32;epidermis;3249.5
Cell;B05_D_T_C03_Z20;33;cortex;8806.5
Cell;B05_D_T_C03_Z20;34;general;6413
Cell;B05_D_T_C03_Z20;35;rootcapl2;702.5
Cell;B05_D_T_C03_Z20;36;general;6777
Cell;B05_D_T_C03_Z20;37;epidermis;2475
Cell;B05_D_T_C03_Z20;38;cortex;4653.5
Cell;B05_D_T_C03_Z20;39;rootcapl2;389
Cell;B05_D_T_C03_Z20;40;cortex;6752
Cell;B05_D_T_C03_Z20;41;cortex;10334
Cell;B05_D_T_C03_Z20;42;cortex;5434
Cell;B05_D_T_C03_Z20;43;epidermis;1595.5
Cell;B05_D_T_C03_Z20;44;general;8530.5
Cell;B05_D_T_C03_Z20;45;epidermis;888.5
Cell;B05_D_T_C03_Z20;46;rootcapl2;1003.5
Cell;B05_D_T_C03_Z20;47;general;7809.5
Cell;B05_D_T_C03_Z20;48;cortex;4446
Cell;B05_D_T_C03_Z20;49;cortex;5095
Cell;B05_D_T_C03_Z20;50;rootcapl2;984
Cell;B05_D_T_C03_Z20;51;rootcapl2;738
Cell;B05_D_T_C03_Z20;52;cortex;10470.5
Cell;B05_D_T_C03_Z20;53;epidermis;1469
Cell;B05_D_T_C03_Z20;54;cortex;4661.5
Cell;B05_D_T_C03_Z20;55;cortex;6342.5
Cell;B05_D_T_C03_Z20;56;rootcapl2;581
Cell;B05_D_T_C03_Z20;57;rootcapl2;372
Cell;B05_D_T_C03_Z20;58;epidermis;719.5
Cell;B05_D_T_C03_Z20;59;cortex;6318
Cell;B05_D_T_C03_Z20;60;general;3162
Cell;B05_D_T_C03_Z20;61;cortex;9672.5
Cell;B05_D_T_C03_Z20;62;cortex;4877.5
Cell;B05_D_T_C03_Z20;63;epidermis;1394
Cell;B05_D_T_C03_Z20;64;epidermis;868.5
Cell;B05_D_T_C03_Z20;65;cortex;4059
Cell;B05_D_T_C03_Z20;66;cortex;3775
Cell;B05_D_T_C03_Z20;67;general;4856.5
Cell;B05_D_T_C03_Z20;68;rootcapl2;771
Cell;B05_D_T_C03_Z20;69;rootcapl2;848.5
Cell;B05_D_T_C03_Z20;70;rootcapl2;521
Cell;B05_D_T_C03_Z20;71;epidermis;738
Cell;B05_D_T_C03_Z20;72;cortex;8246.5
Cell;B05_D_T_C03_Z20;73;cortex;5402.5
Cell;B05_D_T_C03_Z20;74;endodermis;4262
Cell;B05_D_T_C03_Z20;75;endodermis;3540.5
Cell;B05_D_T_C03_Z20;76;epidermis;1457.5
Cell;B05_D_T_C03_Z20;77;endodermis;3048
Cell;B05_D_T_C03_Z20;78;rootcapl2;397.5
Cell;B05_D_T_C03_Z20;79;epidermis;3241
Cell;B05_D_T_C03_Z20;80;rootcapl2;964.5
Cell;B05_D_T_C03_Z20;81;cortex;4612
Cell;B05_D_T_C03_Z20;82;general;6485.5
Cell;B05_D_T_C03_Z20;83;cortex;9155.5
Cell;B05_D_T_C03_Z20;84;endodermis;1834
Cell;B05_D_T_C03_Z20;85;endodermis;3179
Cell;B05_D_T_C03_Z20;86;cortex;5726
Cell;B05_D_T_C03_Z20;87;pericycle;1698.5
Cell;B05_D_T_C03_Z20;88;rootcapl2;647
Cell;B05_D_T_C03_Z20;89;cortex;8714
Cell;B05_D_T_C03_Z20;90;rootcapl2;346
Cell;B05_D_T_C03_Z20;91;general;8157.5
Cell;B05_D_T_C03_Z20;92;pericycle;1934.5
Cell;B05_D_T_C03_Z20;93;pericycle;855.5
Cell;B05_D_T_C03_Z20;94;pericycle;656
Cell;B05_D_T_C03_Z20;95;rootcapl2;1132
Cell;B05_D_T_C03_Z20;96;cortex;5301.5
Cell;B05_D_T_C03_Z20;97;endodermis;3773.5
Cell;B05_D_T_C03_Z20;98;pericycle;1807
Cell;B05_D_T_C03_Z20;99;epidermis;943
Cell;B05_D_T_C03_Z20;100;pericycle;984
Cell;B05_D_T_C03_Z20;101;stele;1157.5
Cell;B05_D_T_C03_Z20;102;epidermis;3193
Cell;B05_D_T_C03_Z20;103;stele;855
Cell;B05_D_T_C03_Z20;104;stele;400
Cell;B05_D_T_C03_Z20;105;stele;256
Cell;B05_D_T_C03_Z20;106;stele;1154
Cell;B05_D_T_C03_Z20;107;epidermis;1398.5
Cell;B05_D_T_C03_Z20;108;stele;151
Cell;B05_D_T_C03_Z20;109;pericycle;1141.5
Cell;B05_D_T_C03_Z20;110;cortex;4784
Cell;B05_D_T_C03_Z20;111;stele;465
Cell;B05_D_T_C03_Z20;112;stele;223
Cell;B05_D_T_C03_Z20;113;stele;249
Cell;B05_D_T_C03_Z20;114;pericycle;1441
Cell;B05_D_T_C03_Z20;115;stele;502
Cell;B05_D_T_C03_Z20;116;stele;179.5
Cell;B05_D_T_C03_Z20;117;endodermis;3346.5
Cell;B05_D_T_C03_Z20;118;stele;154
Cell;B05_D_T_C03_Z20;119;stele;232
Cell;B05_D_T_C03_Z20;120;cortex;4885.5
Cell;B05_D_T_C03_Z20;121;stele;538.5
Cell;B05_D_T_C03_Z20;122;stele;225
Cell;B05_D_T_C03_Z20;123;stele;383
Cell;B05_D_T_C03_Z20;124;general;5732
Cell;B05_D_T_C03_Z20;125;stele;386
Cell;B05_D_T_C03_Z20;126;stele;816.5
Cell;B05_D_T_C03_Z20;127;stele;381.5
Cell;B05_D_T_C03_Z20;128;stele;375.5
Cell;B05_D_T_C03_Z20;129;rootcapl2;376.5
Cell;B05_D_T_C03_Z20;130;stele;211
Cell;B05_D_T_C03_Z20;131;rootcapl2;704
Cell;B05_D_T_C03_Z20;132;rootcapl2;927
Cell;B05_D_T_C03_Z20;133;stele;288
Cell;B05_D_T_C03_Z20;134;stele;963
Cell;B05_D_T_C03_Z20;135;stele;200.5
Cell;B05_D_T_C03_Z20;136;pericycle;2295
Cell;B05_D_T_C03_Z20;137;stele;221
Cell;B05_D_T_C03_Z20;138;stele;416.5
Cell;B05_D_T_C03_Z20;139;stele;797
Cell;B05_D_T_C03_Z20;140;stele;167.5
Cell;B05_D_T_C03_Z20;141;stele;504
Cell;B05_D_T_C03_Z20;142;stele;203.5
Cell;B05_D_T_C03_Z20;143;stele;441.5
Cell;B05_D_T_C03_Z20;144;columella3;28900.5
Cell;B05_D_T_C03_Z20;145;pericycle;830
Cell;B05_D_T_C03_Z20;146;stele;369
Cell;B05_D_T_C03_Z20;148;endodermis;3453.5
Cell;B05_D_T_C03_Z20;149;stele;547
Cell;B05_D_T_C03_Z20;150;stele;188
Cell;B05_D_T_C03_Z20;151;stele;209.5
Cell;B05_D_T_C03_Z20;152;stele;363
Cell;B05_D_T_C03_Z20;153;stele;530
Cell;B05_D_T_C03_Z20;154;cortex;6771
Cell;B05_D_T_C03_Z20;155;rootcapl2;762.5
Cell;B05_D_T_C03_Z20;156;pericycle;1969.5
Cell;B05_D_T_C03_Z20;157;cortex;6732
Cell;B05_D_T_C03_Z20;158;stele;268.5
Cell;B05_D_T_C03_Z20;159;cortex;7925
Cell;B05_D_T_C03_Z20;160;stele;521.5
Cell;B05_D_T_C03_Z20;161;stele;655
Cell;B05_D_T_C03_Z20;162;epidermis;1520.5
Cell;B05_D_T_C03_Z20;163;stele;506.5
Cell;B05_D_T_C03_Z20;164;rootcapl2;672.5
Cell;B05_D_T_C03_Z20;165;stele;493.5
Cell;B05_D_T_C03_Z20;166;stele;239.5
Cell;B05_D_T_C03_Z20;167;stele;307
Cell;B05_D_T_C03_Z20;168;stele;193
Cell;B05_D_T_C03_Z20;169;stele;649.5
Cell;B05_D_T_C03_Z20;170;cortex;5428.5
Cell;B05_D_T_C03_Z20;171;stele;304.5
Cell;B05_D_T_C03_Z20;173;pericycle;2705
Cell;B05_D_T_C03_Z20;174;epidermis;1418
Cell;B05_D_T_C03_Z20;175;stele;197
Cell;B05_D_T_C03_Z20;176;cortex;8119
Cell;B05_D_T_C03_Z20;177;stele;178.5
Cell;B05_D_T_C03_Z20;178;general;11171.5
Cell;B05_D_T_C03_Z20;179;stele;1112
Cell;B05_D_T_C03_Z20;180;stele;322.5
Cell;B05_D_T_C03_Z20;181;cortex;4536.5
Cell;B05_D_T_C03_Z20;182;stele;74
Cell;B05_D_T_C03_Z20;183;stele;350
Cell;B05_D_T_C03_Z20;184;stele;694
Cell;B05_D_T_C03_Z20;185;stele;121
Cell;B05_D_T_C03_Z20;186;stele;412
Cell;B05_D_T_C03_Z20;187;stele;370.5
Cell;B05_D_T_C03_Z20;188;stele;152.5
Cell;B05_D_T_C03_Z20;189;general;3099.5
Cell;B05_D_T_C03_Z20;190;endodermis;2728.5
Cell;B05_D_T_C03_Z20;191;pericycle;2156.5
Cell;B05_D_T_C03_Z20;192;stele;342.5
Cell;B05_D_T_C03_Z20;193;stele;330.5
Cell;B05_D_T_C03_Z20;194;stele;342.5
Cell;B05_D_T_C03_Z20;195;endodermis;1417.5
Cell;B05_D_T_C03_Z20;196;stele;312
Cell;B05_D_T_C03_Z20;197;stele;100.5
Cell;B05_D_T_C03_Z20;198;stele;186.5
Cell;B05_D_T_C03_Z20;199;stele;228.5
Cell;B05_D_T_C03_Z20;200;stele;208
Cell;B05_D_T_C03_Z20;201;stele;477.5
Cell;B05_D_T_C03_Z20;202;epidermis;1803.5
Cell;B05_D_T_C03_Z20;203;columella3;1840
Cell;B05_D_T_C03_Z20;204;stele;927
Cell;B05_D_T_C03_Z20;205;stele;124.5
Cell;B05_D_T_C03_Z20;206;stele;610.5
Cell;B05_D_T_C03_Z20;207;stele;177
Cell;B05_D_T_C03_Z20;208;stele;410.5
Cell;B05_D_T_C03_Z20;209;stele;457.5
Cell;B05_D_T_C03_Z20;210;rootcapl2;1171
Cell;B05_D_T_C03_Z20;211;stele;212.5
Cell;B05_D_T_C03_Z20;212;stele;273
Cell;B05_D_T_C03_Z20;213;epidermis;1344.5
Cell;B05_D_T_C03_Z20;214;stele;482.5
Cell;B05_D_T_C03_Z20;215;stele;335
Cell;B05_D_T_C03_Z20;216;stele;165.5
Cell;B05_D_T_C03_Z20;217;stele;1193
Cell;B05_D_T_C03_Z20;218;rootcapl2;594
Cell;B05_D_T_C03_Z20;219;rootcapl2;685.5
Cell;B05_D_T_C03_Z20;220;stele;583.5
Cell;B05_D_T_C03_Z20;221;pericycle;2744.5
Cell;B05_D_T_C03_Z20;222;pericycle;3079.5
Cell;B05_D_T_C03_Z20;223;stele;475
Cell;B05_D_T_C03_Z20;224;cortex;7840
Cell;B05_D_T_C03_Z20;225;stele;414.5
Cell;B05_D_T_C03_Z20;227;stele;514.5
Cell;B05_D_T_C03_Z20;228;general;6650
Cell;B05_D_T_C03_Z20;229;cortex;6580.5
Cell;B05_D_T_C03_Z20;230;stele;260
Cell;B05_D_T_C03_Z20;231;stele;431
Cell;B05_D_T_C03_Z20;232;rootcapl2;306
Cell;B05_D_T_C03_Z20;233;stele;520.5
Cell;B05_D_T_C03_Z20;234;columella3;3519
Cell;B05_D_T_C03_Z20;235;cortex;6967
Cell;B05_D_T_C03_Z20;236;stele;270
Cell;B05_D_T_C03_Z20;237;stele;301
Cell;B05_D_T_C03_Z20;238;stele;199.5
Cell;B05_D_T_C03_Z20;239;cortex;4289.5
Cell;B05_D_T_C03_Z20;240;stele;986.5
Cell;B05_D_T_C03_Z20;241;stele;229.5
Cell;B05_D_T_C03_Z20;242;cortex;4329
Cell;B05_D_T_C03_Z20;243;stele;277.5
Cell;B05_D_T_C03_Z20;244;stele;198
Cell;B05_D_T_C03_Z20;245;endodermis;2624.5
Cell;B05_D_T_C03_Z20;246;epidermis;1981
Cell;B05_D_T_C03_Z20;247;stele;177
Cell;B05_D_T_C03_Z20;248;stele;447
Cell;B05_D_T_C03_Z20;249;stele;123.5
Cell;B05_D_T_C03_Z20;250;stele;524
Cell;B05_D_T_C03_Z20;251;epidermis;1197
Cell;B05_D_T_C03_Z20;252;stele;305
Cell;B05_D_T_C03_Z20;253;endodermis;2129.5
Cell;B05_D_T_C03_Z20;254;stele;562.5
Cell;B05_D_T_C03_Z20;255;stele;187.5
Cell;B05_D_T_C03_Z20;256;stele;130.5
Cell;B05_D_T_C03_Z20;257;stele;211
Cell;B05_D_T_C03_Z20;258;stele;178
Cell;B05_D_T_C03_Z20;259;stele;355
Cell;B05_D_T_C03_Z20;260;stele;122
Cell;B05_D_T_C03_Z20;261;stele;170.5
Cell;B05_D_T_C03_Z20;262;cortex;8107.5
Cell;B05_D_T_C03_Z20;263;stele;1300.5
Cell;B05_D_T_C03_Z20;264;general;9318.5
Cell;B05_D_T_C03_Z20;265;stele;100.5
Cell;B05_D_T_C03_Z20;266;stele;469
Cell;B05_D_T_C03_Z20;267;stele;86.5
Cell;B05_D_T_C03_Z20;268;stele;268.5
Cell;B05_D_T_C03_Z20;269;columella3;3526
Cell;B05_D_T_C03_Z20;270;stele;536.5
Cell;B05_D_T_C03_Z20;271;stele;344.5
Cell;B05_D_T_C03_Z20;272;stele;173
Cell;B05_D_T_C03_Z20;273;stele;292.5
Cell;B05_D_T_C03_Z20;274;columella3;859
Cell;B05_D_T_C03_Z20;275;stele;237
Cell;B05_D_T_C03_Z20;276;stele;271
Cell;B05_D_T_C03_Z20;277;stele;109
Cell;B05_D_T_C03_Z20;278;stele;328.5
Cell;B05_D_T_C03_Z20;279;stele;566.5
Cell;B05_D_T_C03_Z20;280;stele;84
Cell;B05_D_T_C03_Z20;281;stele;118
Cell;B05_D_T_C03_Z20;282;stele;736.5
Cell;B05_D_T_C03_Z20;283;pericycle;2764
Cell;B05_D_T_C03_Z20;284;stele;202
Cell;B05_D_T_C03_Z20;285;stele;239.5
Cell;B05_D_T_C03_Z20;286;stele;580
Cell;B05_D_T_C03_Z20;287;stele;168
Cell;B05_D_T_C03_Z20;288;stele;229.5
Cell;B05_D_T_C03_Z20;289;stele;261.5
Cell;B05_D_T_C03_Z20;290;stele;239
Cell;B05_D_T_C03_Z20;291;pericycle;2604.5
Cell;B05_D_T_C03_Z20;292;stele;146
Cell;B05_D_T_C03_Z20;293;stele;258
Cell;B05_D_T_C03_Z20;294;stele;253.5
Cell;B05_D_T_C03_Z20;295;stele;253.5
Cell;B05_D_T_C03_Z20;296;epidermis;2501.5
Cell;B05_D_T_C03_Z20;297;stele;244
Cell;B05_D_T_C03_Z20;298;stele;156
Cell;B05_D_T_C03_Z20;299;stele;85.5
Cell;B05_D_T_C03_Z20;300;stele;243.5
Cell;B05_D_T_C03_Z20;301;stele;120
Cell;B05_D_T_C03_Z20;302;stele;254
Cell;B05_D_T_C03_Z20;303;stele;294
Cell;B05_D_T_C03_Z20;304;stele;109
Cell;B05_D_T_C03_Z20;305;columella3;7650.5
Cell;B05_D_T_C03_Z20;306;stele;1212.5
Cell;B05_D_T_C03_Z20;307;stele;261.5
Cell;B05_D_T_C03_Z20;309;stele;246.5
Cell;B05_D_T_C03_Z20;310;rootcapl2;882
Cell;B05_D_T_C03_Z20;311;epidermis;982.5
Cell;B05_D_T_C03_Z20;312;stele;206.5
Cell;B05_D_T_C03_Z20;313;stele;56
Cell;B05_D_T_C03_Z20;314;stele;243.5
Cell;B05_D_T_C03_Z20;315;stele;239
Cell;B05_D_T_C03_Z20;316;stele;425
Cell;B05_D_T_C03_Z20;317;rootcapl2;950.5
Cell;B05_D_T_C03_Z20;318;stele;278
Cell;B05_D_T_C03_Z20;319;stele;519
Cell;B05_D_T_C03_Z20;320;stele;301.5
Cell;B05_D_T_C03_Z20;321;rootcapl2;391.5
Cell;B05_D_T_C03_Z20;322;stele;855.5
Cell;B05_D_T_C03_Z20;323;stele;260.5
Cell;B05_D_T_C03_Z20;324;endodermis;2428
Cell;B05_D_T_C03_Z20;325;general;5417
Cell;B05_D_T_C03_Z20;326;endodermis;3430
Cell;B05_D_T_C03_Z20;327;stele;1061
Cell;B05_D_T_C03_Z20;328;stele;255
Cell;B05_D_T_C03_Z20;329;stele;156.5
Cell;B05_D_T_C03_Z20;330;stele;206.5
Cell;B05_D_T_C03_Z20;331;cortex;5551.5
Cell;B05_D_T_C03_Z20;332;stele;248.5
Cell;B05_D_T_C03_Z20;333;stele;254.5
Cell;B05_D_T_C03_Z20;334;stele;237
Cell;B05_D_T_C03_Z20;335;cortex;5289.5
Cell;B05_D_T_C03_Z20;336;stele;213
Cell;B05_D_T_C03_Z20;337;stele;169.5
Cell;B05_D_T_C03_Z20;338;stele;263.5
Cell;B05_D_T_C03_Z20;339;cortex;6474.5
Cell;B05_D_T_C03_Z20;340;cortex;8669
Cell;B05_D_T_C03_Z20;341;stele;642
Cell;B05_D_T_C03_Z20;342;stele;660
Cell;B05_D_T_C03_Z20;343;stele;421.5
Cell;B05_D_T_C03_Z20;344;stele;285
Cell;B05_D_T_C03_Z20;345;stele;1287.5
Cell;B05_D_T_C03_Z20;346;cortex;9992.5
Cell;B05_D_T_C03_Z20;347;stele;285.5
Cell;B05_D_T_C03_Z20;348;stele;260.5
Cell;B05_D_T_C03_Z20;349;stele;267
Cell;B05_D_T_C03_Z20;350;epidermis;2077
Cell;B05_D_T_C03_Z20;351;stele;132.5
Cell;B05_D_T_C03_Z20;352;stele;229
Cell;B05_D_T_C03_Z20;353;stele;179.5
Cell;B05_D_T_C03_Z20;354;stele;362.5
Cell;B05_D_T_C03_Z20;355;stele;889
Cell;B05_D_T_C03_Z20;356;epidermis;1866.5
Cell;B05_D_T_C03_Z20;357;pericycle;1079
Cell;B05_D_T_C03_Z20;358;stele;298.5
Cell;B05_D_T_C03_Z20;359;columella3;2265.5
Cell;B05_D_T_C03_Z20;360;stele;392
Cell;B05_D_T_C03_Z20;361;stele;485.5
Cell;B05_D_T_C03_Z20;362;pericycle;2421.5
Cell;B05_D_T_C03_Z20;363;stele;343
Cell;B05_D_T_C03_Z20;364;stele;282
Cell;B05_D_T_C03_Z20;365;stele;357.5
Cell;B05_D_T_C03_Z20;366;general;4229.5
Cell;B05_D_T_C03_Z20;367;stele;375.5
Cell;B05_D_T_C03_Z20;368;stele;951
Cell;B05_D_T_C03_Z20;369;stele;348.5
Cell;B05_D_T_C03_Z20;370;stele;1024.5
Cell;B05_D_T_C03_Z20;371;cortex;6599
Cell;B05_D_T_C03_Z20;372;stele;880
Cell;B05_D_T_C03_Z20;373;stele;183
Cell;B05_D_T_C03_Z20;374;stele;252
Cell;B05_D_T_C03_Z20;375;stele;931.5
Cell;B05_D_T_C03_Z20;376;stele;227
Cell;B05_D_T_C03_Z20;377;pericycle;2197.5
Cell;B05_D_T_C03_Z20;378;stele;306.5
Cell;B05_D_T_C03_Z20;379;stele;346
Cell;B05_D_T_C03_Z20;380;stele;397.5
Cell;B05_D_T_C03_Z20;381;stele;250
Cell;B05_D_T_C03_Z20;382;stele;139
Cell;B05_D_T_C03_Z20;383;epidermis;930
Cell;B05_D_T_C03_Z20;384;stele;417.5
Cell;B05_D_T_C03_Z20;385;endodermis;2393
Cell;B05_D_T_C03_Z20;386;cortex;472.5
Cell;B05_D_T_C03_Z20;387;stele;150.5
Cell;B05_D_T_C03_Z20;388;general;1755
Cell;B05_D_T_C03_Z20;389;stele;271
Cell;B05_D_T_C03_Z20;390;stele;263.5
Cell;B05_D_T_C03_Z20;391;stele;436.5
Cell;B05_D_T_C03_Z20;392;epidermis;1325
Cell;B05_D_T_C03_Z20;393;stele;238.5
Cell;B05_D_T_C03_Z20;394;stele;333.5
Cell;B05_D_T_C03_Z20;395;stele;119
Cell;B05_D_T_C03_Z20;396;rootcapl2;356.5
Cell;B05_D_T_C03_Z20;397;stele;500.5
Cell;B05_D_T_C03_Z20;398;stele;585
Cell;B05_D_T_C03_Z20;399;pericycle;1775.5
Cell;B05_D_T_C03_Z20;400;stele;774.5
Cell;B05_D_T_C03_Z20;401;stele;580.5
Cell;B05_D_T_C03_Z20;402;stele;732.5
Cell;B05_D_T_C03_Z20;403;stele;393.5
Cell;B05_D_T_C03_Z20;404;stele;195.5
Cell;B05_D_T_C03_Z20;405;cortex;3318.5
Cell;B05_D_T_C03_Z20;406;rootcapl2;599
Cell;B05_D_T_C03_Z20;407;stele;933
Cell;B05_D_T_C03_Z20;408;stele;221.5
Cell;B05_D_T_C03_Z20;409;cortex;4757
Cell;B05_D_T_C03_Z20;410;general;4845
Cell;B05_D_T_C03_Z20;411;stele;523
Cell;B05_D_T_C03_Z20;412;endodermis;1964.5
Cell;B05_D_T_C03_Z20;413;stele;274
Cell;B05_D_T_C03_Z20;414;stele;1110
Cell;B05_D_T_C03_Z20;415;stele;560
Cell;B05_D_T_C03_Z20;416;stele;347.5
Cell;B05_D_T_C03_Z20;417;stele;174
Cell;B05_D_T_C03_Z20;418;cortex;6427
Cell;B05_D_T_C03_Z20;419;cortex;6129
Cell;B05_D_T_C03_Z20;420;rootcapl2;822.5
Cell;B05_D_T_C03_Z20;421;stele;773.5
Cell;B05_D_T_C03_Z20;422;stele;388.5
Cell;B05_D_T_C03_Z20;423;stele;440
Cell;B05_D_T_C03_Z20;424;stele;459.5
Cell;B05_D_T_C03_Z20;425;stele;399
Cell;B05_D_T_C03_Z20;426;pericycle;3220.5
Cell;B05_D_T_C03_Z20;427;stele;858.5
Cell;B05_D_T_C03_Z20;428;stele;321.5
Cell;B05_D_T_C03_Z20;429;stele;436.5
Cell;B05_D_T_C03_Z20;430;stele;630
Cell;B05_D_T_C03_Z20;431;epidermis;1679
Cell;B05_D_T_C03_Z20;432;endodermis;2166
Cell;B05_D_T_C03_Z20;433;stele;902
Cell;B05_D_T_C03_Z20;434;stele;508.5
Cell;B05_D_T_C03_Z20;435;stele;733.5
Cell;B05_D_T_C03_Z20;436;epidermis;2884.5
Cell;B05_D_T_C03_Z20;437;pericycle;1812
Cell;B05_D_T_C03_Z20;438;general;1462.5
Cell;B05_D_T_C03_Z20;439;stele;695.5
Cell;B05_D_T_C03_Z20;440;stele;322
Cell;B05_D_T_C03_Z20;441;stele;552
Cell;B05_D_T_C03_Z20;442;stele;740
Cell;B05_D_T_C03_Z20;443;cortex;9903
Cell;B05_D_T_C03_Z20;444;stele;365
Cell;B05_D_T_C03_Z20;445;cortex;10983
Cell;B05_D_T_C03_Z20;446;rootcapl2;394
Cell;B05_D_T_C03_Z20;447;pericycle;2778
Cell;B05_D_T_C03_Z20;448;pericycle;2313.5
Cell;B05_D_T_C03_Z20;449;rootcapl2;861.5
Cell;B05_D_T_C03_Z20;450;stele;1010
Cell;B05_D_T_C03_Z20;451;stele;1270.5
Cell;B05_D_T_C03_Z20;452;stele;928
Cell;B05_D_T_C03_Z20;453;stele;680.5
Cell;B05_D_T_C03_Z20;454;cortex;4458.5
Cell;B05_D_T_C03_Z20;455;general;7036
Cell;B05_D_T_C03_Z20;456;pericycle;1721
Cell;B05_D_T_C03_Z20;457;stele;615.5
Cell;B05_D_T_C03_Z20;458;general;6026.5
Cell;B05_D_T_C03_Z20;459;endodermis;3518.5
Cell;B05_D_T_C03_Z20;460;endodermis;3570
Cell;B05_D_T_C03_Z20;461;epidermis;1493.5
Cell;B05_D_T_C03_Z20;462;epidermis;1935
Cell;B05_D_T_C03_Z20;463;pericycle;2364
Cell;B05_D_T_C03_Z20;464;cortex;4363
Cell;B05_D_T_C03_Z20;465;cortex;4251.5
Cell;B05_D_T_C03_Z20;466;pericycle;1487
Cell;B05_D_T_C03_Z20;467;pericycle;2382.5
Cell;B05_D_T_C03_Z20;468;rootcapl2;857.5
Cell;B05_D_T_C03_Z20;469;cortex;6232
Cell;B05_D_T_C03_Z20;470;endodermis;4084
Cell;B05_D_T_C03_Z20;471;endodermis;3690.5
Cell;B05_D_T_C03_Z20;472;rootcapl2;457
Cell;B05_D_T_C03_Z20;473;cortex;5532.5
Cell;B05_D_T_C03_Z20;474;endodermis;4936.5
Cell;B05_D_T_C03_Z20;475;cortex;3860.5
Cell;B05_D_T_C03_Z20;476;cortex;3926
Cell;B05_D_T_C03_Z20;477;general;3128
Cell;B05_D_T_C03_Z20;478;general;8219.5
Cell;B05_D_T_C03_Z20;479;epidermis;1963.5
Cell;B05_D_T_C03_Z20;480;epidermis;1548.5
Cell;B05_D_T_C03_Z20;481;endodermis;2710.5
Cell;B05_D_T_C03_Z20;482;cortex;8272.5
Cell;B05_D_T_C03_Z20;483;cortex;10453
Cell;B05_D_T_C03_Z20;484;cortex;4355.5
Cell;B05_D_T_C03_Z20;486;rootcapl2;693.5
Cell;B05_D_T_C03_Z20;487;rootcapl2;445
Cell;B05_D_T_C03_Z20;488;rootcapl2;318
Cell;B05_D_T_C03_Z20;489;cortex;2883
Cell;B05_D_T_C03_Z20;490;cortex;5461.5
Cell;B05_D_T_C03_Z20;491;epidermis;2394
Cell;B05_D_T_C03_Z20;492;cortex;4645.5
Cell;B05_D_T_C03_Z20;493;rootcapl2;1214
Cell;B05_D_T_C03_Z20;494;cortex;4936
Cell;B05_D_T_C03_Z20;495;rootcapl2;411
Cell;B05_D_T_C03_Z20;496;epidermis;1348.5
Cell;B05_D_T_C03_Z20;497;cortex;10275.5
Cell;B05_D_T_C03_Z20;498;general;5821
Cell;B05_D_T_C03_Z20;499;general;7562
Cell;B05_D_T_C03_Z20;500;cortex;6222
Cell;B05_D_T_C03_Z20;501;cortex;7607
Cell;B05_D_T_C03_Z20;502;cortex;5229
Cell;B05_D_T_C03_Z20;503;rootcapl2;715
Cell;B05_D_T_C03_Z20;504;epidermis;1449.5
Cell;B05_D_T_C03_Z20;505;rootcapl2;818
Cell;B05_D_T_C03_Z20;506;cortex;4658.5
Cell;B05_D_T_C03_Z20;507;cortex;6014.5
Cell;B05_D_T_C03_Z20;508;epidermis;1988
Cell;B05_D_T_C03_Z20;509;rootcapl2;492
Cell;B05_D_T_C03_Z20;510;general;8627
Cell;B05_D_T_C03_Z20;511;general;4154.5
Cell;B05_D_T_C03_Z20;512;cortex;4919.5
Cell;B05_D_T_C03_Z20;513;epidermis;1247
Cell;B05_D_T_C03_Z20;514;cortex;10790.5
Cell;B05_D_T_C03_Z20;515;cortex;5365.5
Cell;B05_D_T_C03_Z20;516;rootcapl2;983
Cell;B05_D_T_C03_Z20;517;cortex;8150
Cell;B05_D_T_C03_Z20;518;epidermis;1586
Cell;B05_D_T_C03_Z20;519;general;5036.5
Cell;B05_D_T_C03_Z20;520;cortex;7023
Cell;B05_D_T_C03_Z20;521;general;6872.5
Cell;B05_D_T_C03_Z20;522;epidermis;1189.5
Cell;B05_D_T_C03_Z20;523;general;9382
Cell;B05_D_T_C03_Z20;524;general;5815.5
Cell;B05_D_T_C03_Z20;525;epidermis;1560
Cell;B05_D_T_C03_Z20;526;epidermis;1306.5
Cell;B05_D_T_C03_Z20;527;general;6267
Cell;B05_D_T_C03_Z20;528;general;6461.5
Cell;B05_D_T_C03_Z20;529;general;8003.5
Cell;B05_D_T_C03_Z20;530;epidermis;1928
Cell;B05_D_T_C03_Z20;531;general;5995
Cell;B05_D_T_C03_Z20;532;general;5612.5
Cell;B05_D_T_C03_Z20;533;epidermis;2306.5
Cell;B05_D_T_C03_Z20;534;epidermis;2025.5
Cell;B05_D_T_C03_Z20;535;epidermis;1003.5
Cell;B05_D_T_C03_Z20;536;epidermis;1008
Cell;B05_D_T_C03_Z20;537;epidermis;1963.5
Cell;B05_D_T_C03_Z20;538;epidermis;3275
Cell;B05_D_T_C03_Z20;539;epidermis;1530
Cell;B05_D_T_C03_Z20;540;epidermis;2469
Cell;B05_D_T_C03_Z20;541;epidermis;3701
Cell;B05_D_T_C03_Z20;542;epidermis;1972
Cell;B05_D_T_C03_Z20;543;epidermis;1482
Cell;B05_D_T_C03_Z20;544;epidermis;2704.5
Cell;B05_D_T_C03_Z20;545;epidermis;1461.5
Cell;B05_D_T_C03_Z20;546;epidermis;866.5
Cell;B05_D_T_C03_Z20;547;epidermis;1355.5
Cell;P01_A_T_C04_Z20;0;epidermis;1010.5
Cell;P01_A_T_C04_Z20;1;epidermis;1047.5
Cell;P01_A_T_C04_Z20;2;epidermis;867.5
Cell;P01_A_T_C04_Z20;3;epidermis;1224.5
Cell;P01_A_T_C04_Z20;4;general;3857
Cell;P01_A_T_C04_Z20;5;epidermis;1396
Cell;P01_A_T_C04_Z20;6;epidermis;1278.5
Cell;P01_A_T_C04_Z20;7;epidermis;1156.5
Cell;P01_A_T_C04_Z20;8;general;5155
Cell;P01_A_T_C04_Z20;9;epidermis;1171
Cell;P01_A_T_C04_Z20;10;general;6269.5
Cell;P01_A_T_C04_Z20;11;epidermis;1395
Cell;P01_A_T_C04_Z20;12;epidermis;1049.5
Cell;P01_A_T_C04_Z20;13;epidermis;505
Cell;P01_A_T_C04_Z20;14;epidermis;2162.5
Cell;P01_A_T_C04_Z20;15;general;3481.5
Cell;P01_A_T_C04_Z20;16;epidermis;807.5
Cell;P01_A_T_C04_Z20;17;general;2949
Cell;P01_A_T_C04_Z20;18;general;8352.5
Cell;P01_A_T_C04_Z20;19;general;6408
Cell;P01_A_T_C04_Z20;20;cortex;5692
Cell;P01_A_T_C04_Z20;21;epidermis;1082.5
Cell;P01_A_T_C04_Z20;22;epidermis;1344
Cell;P01_A_T_C04_Z20;23;cortex;6114
Cell;P01_A_T_C04_Z20;24;cortex;4769
Cell;P01_A_T_C04_Z20;25;general;4978.5
Cell;P01_A_T_C04_Z20;26;epidermis;417
Cell;P01_A_T_C04_Z20;27;cortex;4672.5
Cell;P01_A_T_C04_Z20;28;epidermis;1474.5
Cell;P01_A_T_C04_Z20;29;epidermis;1201
Cell;P01_A_T_C04_Z20;30;general;2237
Cell;P01_A_T_C04_Z20;31;rootcapl2;650
Cell;P01_A_T_C04_Z20;32;cortex;6287.5
Cell;P01_A_T_C04_Z20;33;cortex;6857
Cell;P01_A_T_C04_Z20;34;cortex;5689
Cell;P01_A_T_C04_Z20;35;cortex;5212
Cell;P01_A_T_C04_Z20;36;epidermis;1321.5
Cell;P01_A_T_C04_Z20;37;epidermis;1175
Cell;P01_A_T_C04_Z20;38;rootcapl2;748
Cell;P01_A_T_C04_Z20;39;general;3215
Cell;P01_A_T_C04_Z20;40;general;7054.5
Cell;P01_A_T_C04_Z20;41;cortex;6793
Cell;P01_A_T_C04_Z20;42;rootcapl2;867.5
Cell;P01_A_T_C04_Z20;43;cortex;5563.5
Cell;P01_A_T_C04_Z20;44;epidermis;2928.5
Cell;P01_A_T_C04_Z20;45;epidermis;1923.5
Cell;P01_A_T_C04_Z20;46;cortex;6532.5
Cell;P01_A_T_C04_Z20;47;cortex;2112.5
Cell;P01_A_T_C04_Z20;48;endodermis;2337
Cell;P01_A_T_C04_Z20;49;cortex;9399.5
Cell;P01_A_T_C04_Z20;50;rootcapl2;337.5
Cell;P01_A_T_C04_Z20;51;rootcapl2;277
Cell;P01_A_T_C04_Z20;52;general;4448
Cell;P01_A_T_C04_Z20;53;endodermis;2575.5
Cell;P01_A_T_C04_Z20;54;endodermis;1070.5
Cell;P01_A_T_C04_Z20;55;epidermis;1872.5
Cell;P01_A_T_C04_Z20;56;rootcapl2;764.5
Cell;P01_A_T_C04_Z20;57;endodermis;3981.5
Cell;P01_A_T_C04_Z20;58;general;5232
Cell;P01_A_T_C04_Z20;59;cortex;8580
Cell;P01_A_T_C04_Z20;60;pericycle;1845
Cell;P01_A_T_C04_Z20;61;pericycle;1584
Cell;P01_A_T_C04_Z20;62;epidermis;1927
Cell;P01_A_T_C04_Z20;63;cortex;4056.5
Cell;P01_A_T_C04_Z20;64;cortex;3922.5
Cell;P01_A_T_C04_Z20;65;pericycle;971.5
Cell;P01_A_T_C04_Z20;66;epidermis;1675.5
Cell;P01_A_T_C04_Z20;67;pericycle;1255.5
Cell;P01_A_T_C04_Z20;68;stele;487.5
Cell;P01_A_T_C04_Z20;69;endodermis;1507
Cell;P01_A_T_C04_Z20;70;pericycle;1218.5
Cell;P01_A_T_C04_Z20;71;stele;819
Cell;P01_A_T_C04_Z20;72;rootcapl2;481.5
Cell;P01_A_T_C04_Z20;73;general;3302
Cell;P01_A_T_C04_Z20;74;stele;484
Cell;P01_A_T_C04_Z20;75;stele;518.5
Cell;P01_A_T_C04_Z20;76;stele;411
Cell;P01_A_T_C04_Z20;77;stele;250.5
Cell;P01_A_T_C04_Z20;78;stele;330.5
Cell;P01_A_T_C04_Z20;79;epidermis;1110
Cell;P01_A_T_C04_Z20;80;pericycle;827.5
Cell;P01_A_T_C04_Z20;81;endodermis;3312
Cell;P01_A_T_C04_Z20;82;stele;365.5
Cell;P01_A_T_C04_Z20;83;stele;498.5
Cell;P01_A_T_C04_Z20;84;stele;563.5
Cell;P01_A_T_C04_Z20;85;epidermis;1849
Cell;P01_A_T_C04_Z20;86;stele;232.5
Cell;P01_A_T_C04_Z20;87;pericycle;1453.5
Cell;P01_A_T_C04_Z20;88;stele;330.5
Cell;P01_A_T_C04_Z20;89;general;5266
Cell;P01_A_T_C04_Z20;90;stele;707
Cell;P01_A_T_C04_Z20;91;stele;548.5
Cell;P01_A_T_C04_Z20;92;rootcapl2;692
Cell;P01_A_T_C04_Z20;93;stele;326.5
Cell;P01_A_T_C04_Z20;94;cortex;2305
Cell;P01_A_T_C04_Z20;95;stele;144.5
Cell;P01_A_T_C04_Z20;96;pericycle;987.5
Cell;P01_A_T_C04_Z20;97;cortex;3960
Cell;P01_A_T_C04_Z20;98;stele;476.5
Cell;P01_A_T_C04_Z20;99;stele;466
Cell;P01_A_T_C04_Z20;100;stele;157.5
Cell;P01_A_T_C04_Z20;101;rootcapl2;468.5
Cell;P01_A_T_C04_Z20;102;stele;582.5
Cell;P01_A_T_C04_Z20;103;cortex;2416
Cell;P01_A_T_C04_Z20;104;stele;293
Cell;P01_A_T_C04_Z20;105;stele;626
Cell;P01_A_T_C04_Z20;106;cortex;8921
Cell;P01_A_T_C04_Z20;107;general;2244.5
Cell;P01_A_T_C04_Z20;108;endodermis;753.5
Cell;P01_A_T_C04_Z20;109;stele;574
Cell;P01_A_T_C04_Z20;110;stele;327
Cell;P01_A_T_C04_Z20;111;stele;549
Cell;P01_A_T_C04_Z20;112;epidermis;1283.5
Cell;P01_A_T_C04_Z20;113;stele;148.5
Cell;P01_A_T_C04_Z20;114;stele;383
Cell;P01_A_T_C04_Z20;115;epidermis;1505.5
Cell;P01_A_T_C04_Z20;116;cortex;3391.5
Cell;P01_A_T_C04_Z20;117;stele;211.5
Cell;P01_A_T_C04_Z20;118;columella3;4077.5
Cell;P01_A_T_C04_Z20;119;stele;380
Cell;P01_A_T_C04_Z20;121;rootcapl2;371
Cell;P01_A_T_C04_Z20;122;stele;464.5
Cell;P01_A_T_C04_Z20;123;pericycle;1432.5
Cell;P01_A_T_C04_Z20;124;pericycle;683
Cell;P01_A_T_C04_Z20;125;cortex;6645
Cell;P01_A_T_C04_Z20;126;stele;195
Cell;P01_A_T_C04_Z20;127;stele;227.5
Cell;P01_A_T_C04_Z20;128;stele;992
Cell;P01_A_T_C04_Z20;129;stele;344
Cell;P01_A_T_C04_Z20;130;stele;702.5
Cell;P01_A_T_C04_Z20;131;stele;407.5
Cell;P01_A_T_C04_Z20;132;general;3526
Cell;P01_A_T_C04_Z20;133;epidermis;768
Cell;P01_A_T_C04_Z20;134;stele;149
Cell;P01_A_T_C04_Z20;135;stele;348
Cell;P01_A_T_C04_Z20;136;stele;184.5
Cell;P01_A_T_C04_Z20;137;stele;423
Cell;P01_A_T_C04_Z20;138;epidermis;1621
Cell;P01_A_T_C04_Z20;139;pericycle;1377.5
Cell;P01_A_T_C04_Z20;140;general;4978
Cell;P01_A_T_C04_Z20;141;stele;211
Cell;P01_A_T_C04_Z20;142;endodermis;2114.5
Cell;P01_A_T_C04_Z20;143;stele;251.5
Cell;P01_A_T_C04_Z20;144;stele;550.5
Cell;P01_A_T_C04_Z20;145;stele;378.5
Cell;P01_A_T_C04_Z20;146;stele;223.5
Cell;P01_A_T_C04_Z20;147;endodermis;2664
Cell;P01_A_T_C04_Z20;148;stele;374.5
Cell;P01_A_T_C04_Z20;149;stele;442
Cell;P01_A_T_C04_Z20;150;stele;428.5
Cell;P01_A_T_C04_Z20;151;stele;436
Cell;P01_A_T_C04_Z20;152;cortex;3181.5
Cell;P01_A_T_C04_Z20;153;stele;535
Cell;P01_A_T_C04_Z20;154;stele;296
Cell;P01_A_T_C04_Z20;155;stele;157
Cell;P01_A_T_C04_Z20;156;pericycle;807.5
Cell;P01_A_T_C04_Z20;157;stele;150
Cell;P01_A_T_C04_Z20;158;epidermis;658.5
Cell;P01_A_T_C04_Z20;159;stele;194
Cell;P01_A_T_C04_Z20;160;stele;231.5
Cell;P01_A_T_C04_Z20;161;stele;390
Cell;P01_A_T_C04_Z20;162;stele;656.5
Cell;P01_A_T_C04_Z20;163;stele;200.5
Cell;P01_A_T_C04_Z20;164;stele;153
Cell;P01_A_T_C04_Z20;165;stele;397.5
Cell;P01_A_T_C04_Z20;166;epidermis;1564
Cell;P01_A_T_C04_Z20;167;cortex;9708.5
Cell;P01_A_T_C04_Z20;168;stele;339.5
Cell;P01_A_T_C04_Z20;169;pericycle;1429.5
Cell;P01_A_T_C04_Z20;170;stele;86.5
Cell;P01_A_T_C04_Z20;171;stele;168.5
Cell;P01_A_T_C04_Z20;172;columella3;4533.5
Cell;P01_A_T_C04_Z20;173;columella3;1524.5
Cell;P01_A_T_C04_Z20;174;stele;231
Cell;P01_A_T_C04_Z20;176;stele;284
Cell;P01_A_T_C04_Z20;177;general;4003.5
Cell;P01_A_T_C04_Z20;178;pericycle;1193
Cell;P01_A_T_C04_Z20;179;stele;363.5
Cell;P01_A_T_C04_Z20;180;stele;171.5
Cell;P01_A_T_C04_Z20;181;stele;517.5
Cell;P01_A_T_C04_Z20;182;rootcapl2;415.5
Cell;P01_A_T_C04_Z20;183;stele;429
Cell;P01_A_T_C04_Z20;184;endodermis;2060
Cell;P01_A_T_C04_Z20;185;stele;170.5
Cell;P01_A_T_C04_Z20;186;general;2371.5
Cell;P01_A_T_C04_Z20;187;rootcapl2;721.5
Cell;P01_A_T_C04_Z20;188;stele;598
Cell;P01_A_T_C04_Z20;189;stele;253
Cell;P01_A_T_C04_Z20;190;stele;659.5
Cell;P01_A_T_C04_Z20;191;cortex;6707
Cell;P01_A_T_C04_Z20;192;epidermis;1142.5
Cell;P01_A_T_C04_Z20;193;stele;406.5
Cell;P01_A_T_C04_Z20;194;endodermis;1043
Cell;P01_A_T_C04_Z20;195;columella3;2124
Cell;P01_A_T_C04_Z20;196;stele;257.5
Cell;P01_A_T_C04_Z20;197;stele;393
Cell;P01_A_T_C04_Z20;198;cortex;4492.5
Cell;P01_A_T_C04_Z20;199;stele;398.5
Cell;P01_A_T_C04_Z20;200;stele;515.5
Cell;P01_A_T_C04_Z20;201;cortex;7488.5
Cell;P01_A_T_C04_Z20;202;pericycle;2133.5
Cell;P01_A_T_C04_Z20;203;stele;390
Cell;P01_A_T_C04_Z20;204;stele;669.5
Cell;P01_A_T_C04_Z20;205;stele;742.5
Cell;P01_A_T_C04_Z20;206;stele;521.5
Cell;P01_A_T_C04_Z20;208;stele;1472.5
Cell;P01_A_T_C04_Z20;209;epidermis;598.5
Cell;P01_A_T_C04_Z20;210;epidermis;1423.5
Cell;P01_A_T_C04_Z20;211;columella3;6051.5
Cell;P01_A_T_C04_Z20;212;stele;991
Cell;P01_A_T_C04_Z20;213;pericycle;230.5
Cell;P01_A_T_C04_Z20;214;stele;268.5
Cell;P01_A_T_C04_Z20;215;stele;322.5
Cell;P01_A_T_C04_Z20;216;general;3611
Cell;P01_A_T_C04_Z20;217;general;1849.5
Cell;P01_A_T_C04_Z20;218;stele;462
Cell;P01_A_T_C04_Z20;219;stele;336
Cell;P01_A_T_C04_Z20;220;stele;633.5
Cell;P01_A_T_C04_Z20;221;endodermis;1516.5
Cell;P01_A_T_C04_Z20;222;rootcapl2;440.5
Cell;P01_A_T_C04_Z20;223;stele;755
Cell;P01_A_T_C04_Z20;224;stele;635
Cell;P01_A_T_C04_Z20;225;stele;644
Cell;P01_A_T_C04_Z20;226;pericycle;302
Cell;P01_A_T_C04_Z20;227;endodermis;2437.5
Cell;P01_A_T_C04_Z20;228;stele;260
Cell;P01_A_T_C04_Z20;229;epidermis;1792.5
Cell;P01_A_T_C04_Z20;230;rootcapl2;390.5
Cell;P01_A_T_C04_Z20;231;stele;337.5
Cell;P01_A_T_C04_Z20;232;general;6364.5
Cell;P01_A_T_C04_Z20;233;stele;335.5
Cell;P01_A_T_C04_Z20;234;cortex;5022.5
Cell;P01_A_T_C04_Z20;235;pericycle;287.5
Cell;P01_A_T_C04_Z20;236;columella3;4750.5
Cell;P01_A_T_C04_Z20;237;stele;697
Cell;P01_A_T_C04_Z20;238;pericycle;2089.5
Cell;P01_A_T_C04_Z20;239;epidermis;1660.5
Cell;P01_A_T_C04_Z20;241;rootcapl2;760
Cell;P01_A_T_C04_Z20;242;stele;540.5
Cell;P01_A_T_C04_Z20;243;stele;881
Cell;P01_A_T_C04_Z20;244;stele;214.5
Cell;P01_A_T_C04_Z20;245;cortex;4065.5
Cell;P01_A_T_C04_Z20;247;stele;304.5
Cell;P01_A_T_C04_Z20;248;cortex;4406
Cell;P01_A_T_C04_Z20;249;stele;368
Cell;P01_A_T_C04_Z20;250;stele;262
Cell;P01_A_T_C04_Z20;251;general;7371.5
Cell;P01_A_T_C04_Z20;252;stele;520
Cell;P01_A_T_C04_Z20;253;pericycle;423.5
Cell;P01_A_T_C04_Z20;254;stele;555
Cell;P01_A_T_C04_Z20;255;stele;180.5
Cell;P01_A_T_C04_Z20;256;stele;349
Cell;P01_A_T_C04_Z20;257;stele;203.5
Cell;P01_A_T_C04_Z20;258;stele;527.5
Cell;P01_A_T_C04_Z20;259;cortex;5452.5
Cell;P01_A_T_C04_Z20;260;stele;450
Cell;P01_A_T_C04_Z20;261;stele;755.5
Cell;P01_A_T_C04_Z20;262;stele;190
Cell;P01_A_T_C04_Z20;263;stele;287
Cell;P01_A_T_C04_Z20;264;stele;268.5
Cell;P01_A_T_C04_Z20;265;stele;531
Cell;P01_A_T_C04_Z20;266;epidermis;939.5
Cell;P01_A_T_C04_Z20;267;pericycle;180
Cell;P01_A_T_C04_Z20;268;stele;742.5
Cell;P01_A_T_C04_Z20;269;stele;224.5
Cell;P01_A_T_C04_Z20;270;stele;280
Cell;P01_A_T_C04_Z20;271;stele;177.5
Cell;P01_A_T_C04_Z20;272;pericycle;892.5
Cell;P01_A_T_C04_Z20;273;epidermis;335.5
Cell;P01_A_T_C04_Z20;274;stele;170.5
Cell;P01_A_T_C04_Z20;275;stele;775.5
Cell;P01_A_T_C04_Z20;276;endodermis;1722
Cell;P01_A_T_C04_Z20;277;stele;254
Cell;P01_A_T_C04_Z20;278;endodermis;2299.5
Cell;P01_A_T_C04_Z20;279;stele;561
Cell;P01_A_T_C04_Z20;280;stele;373
Cell;P01_A_T_C04_Z20;281;stele;297.5
Cell;P01_A_T_C04_Z20;282;stele;295
Cell;P01_A_T_C04_Z20;283;stele;164
Cell;P01_A_T_C04_Z20;284;cortex;2549.5
Cell;P01_A_T_C04_Z20;285;rootcapl2;620
Cell;P01_A_T_C04_Z20;286;rootcapl2;309
Cell;P01_A_T_C04_Z20;287;pericycle;2005
Cell;P01_A_T_C04_Z20;288;stele;148
Cell;P01_A_T_C04_Z20;289;stele;166.5
Cell;P01_A_T_C04_Z20;290;stele;217.5
Cell;P01_A_T_C04_Z20;291;stele;246.5
Cell;P01_A_T_C04_Z20;292;stele;462.5
Cell;P01_A_T_C04_Z20;293;stele;321
Cell;P01_A_T_C04_Z20;294;stele;396
Cell;P01_A_T_C04_Z20;295;stele;233.5
Cell;P01_A_T_C04_Z20;296;cortex;6341.5
Cell;P01_A_T_C04_Z20;297;epidermis;209
Cell;P01_A_T_C04_Z20;298;cortex;5299
Cell;P01_A_T_C04_Z20;299;stele;227.5
Cell;P01_A_T_C04_Z20;300;stele;939.5
Cell;P01_A_T_C04_Z20;301;stele;338.5
Cell;P01_A_T_C04_Z20;302;stele;249
Cell;P01_A_T_C04_Z20;303;epidermis;900.5
Cell;P01_A_T_C04_Z20;304;stele;239
Cell;P01_A_T_C04_Z20;305;rootcapl2;586
Cell;P01_A_T_C04_Z20;306;stele;226.5
Cell;P01_A_T_C04_Z20;307;cortex;7320
Cell;P01_A_T_C04_Z20;308;epidermis;718
Cell;P01_A_T_C04_Z20;309;pericycle;487.5
Cell;P01_A_T_C04_Z20;310;stele;152.5
Cell;P01_A_T_C04_Z20;311;stele;143
Cell;P01_A_T_C04_Z20;312;general;1483.5
Cell;P01_A_T_C04_Z20;313;stele;419
Cell;P01_A_T_C04_Z20;314;general;3532
Cell;P01_A_T_C04_Z20;315;pericycle;715.5
Cell;P01_A_T_C04_Z20;316;stele;229.5
Cell;P01_A_T_C04_Z20;317;stele;143
Cell;P01_A_T_C04_Z20;318;stele;289.5
Cell;P01_A_T_C04_Z20;319;cortex;5228.5
Cell;P01_A_T_C04_Z20;320;stele;400
Cell;P01_A_T_C04_Z20;321;stele;117.5
Cell;P01_A_T_C04_Z20;322;stele;375
Cell;P01_A_T_C04_Z20;323;stele;533
Cell;P01_A_T_C04_Z20;324;stele;483.5
Cell;P01_A_T_C04_Z20;325;stele;213
Cell;P01_A_T_C04_Z20;326;stele;188.5
Cell;P01_A_T_C04_Z20;327;pericycle;1218
Cell;P01_A_T_C04_Z20;328;stele;754
Cell;P01_A_T_C04_Z20;329;endodermis;3598
Cell;P01_A_T_C04_Z20;330;epidermis;801.5
Cell;P01_A_T_C04_Z20;331;stele;99.5
Cell;P01_A_T_C04_Z20;332;pericycle;224
Cell;P01_A_T_C04_Z20;333;endodermis;2155
Cell;P01_A_T_C04_Z20;334;stele;338
Cell;P01_A_T_C04_Z20;335;stele;284
Cell;P01_A_T_C04_Z20;336;stele;424.5
Cell;P01_A_T_C04_Z20;337;stele;404.5
Cell;P01_A_T_C04_Z20;338;stele;278
Cell;P01_A_T_C04_Z20;339;stele;158
Cell;P01_A_T_C04_Z20;340;pericycle;464.5
Cell;P01_A_T_C04_Z20;341;stele;832
Cell;P01_A_T_C04_Z20;342;general;4847.5
Cell;P01_A_T_C04_Z20;343;stele;416.5
Cell;P01_A_T_C04_Z20;344;epidermis;1071.5
Cell;P01_A_T_C04_Z20;345;stele;590.5
Cell;P01_A_T_C04_Z20;346;pericycle;1727
Cell;P01_A_T_C04_Z20;347;rootcapl2;311.5
Cell;P01_A_T_C04_Z20;348;stele;262.5
Cell;P01_A_T_C04_Z20;349;pericycle;563.5
Cell;P01_A_T_C04_Z20;350;pericycle;824
Cell;P01_A_T_C04_Z20;351;cortex;6408
Cell;P01_A_T_C04_Z20;352;cortex;5959.5
Cell;P01_A_T_C04_Z20;353;pericycle;722
Cell;P01_A_T_C04_Z20;354;epidermis;1543
Cell;P01_A_T_C04_Z20;355;general;2594
Cell;P01_A_T_C04_Z20;356;pericycle;881.5
Cell;P01_A_T_C04_Z20;357;cortex;5305.5
Cell;P01_A_T_C04_Z20;358;pericycle;1677.5
Cell;P01_A_T_C04_Z20;359;cortex;3272
Cell;P01_A_T_C04_Z20;360;endodermis;2291.5
Cell;P01_A_T_C04_Z20;361;epidermis;1443
Cell;P01_A_T_C04_Z20;362;cortex;5020
Cell;P01_A_T_C04_Z20;363;rootcapl2;583
Cell;P01_A_T_C04_Z20;364;endodermis;1462.5
Cell;P01_A_T_C04_Z20;365;general;6550
Cell;P01_A_T_C04_Z20;366;endodermis;2610
Cell;P01_A_T_C04_Z20;367;general;4504.5
Cell;P01_A_T_C04_Z20;368;epidermis;1892.5
Cell;P01_A_T_C04_Z20;369;rootcapl2;209
Cell;P01_A_T_C04_Z20;370;cortex;4345.5
Cell;P01_A_T_C04_Z20;371;cortex;6209
Cell;P01_A_T_C04_Z20;372;cortex;7736
Cell;P01_A_T_C04_Z20;373;rootcapl2;183
Cell;P01_A_T_C04_Z20;374;epidermis;2054
Cell;P01_A_T_C04_Z20;375;cortex;5417.5
Cell;P01_A_T_C04_Z20;376;general;8739
Cell;P01_A_T_C04_Z20;377;general;4248.5
Cell;P01_A_T_C04_Z20;378;rootcapl2;570
Cell;P01_A_T_C04_Z20;379;rootcapl2;611
Cell;P01_A_T_C04_Z20;380;epidermis;1128.5
Cell;P01_A_T_C04_Z20;381;epidermis;1188
Cell;P01_A_T_C04_Z20;382;cortex;8742
Cell;P01_A_T_C04_Z20;383;cortex;4360
Cell;P01_A_T_C04_Z20;384;epidermis;1959.5
Cell;P01_A_T_C04_Z20;385;rootcapl2;779.5
Cell;P01_A_T_C04_Z20;386;epidermis;2123.5
Cell;P01_A_T_C04_Z20;387;rootcapl2;737
Cell;P01_A_T_C04_Z20;388;general;2542
Cell;P01_A_T_C04_Z20;389;cortex;7862.5
Cell;P01_A_T_C04_Z20;390;general;5323
Cell;P01_A_T_C04_Z20;391;cortex;3459
Cell;P01_A_T_C04_Z20;392;epidermis;2973.5
Cell;P01_A_T_C04_Z20;393;general;4510
Cell;P01_A_T_C04_Z20;394;epidermis;1526.5
Cell;P01_A_T_C04_Z20;395;epidermis;2060.5
Cell;P01_A_T_C04_Z20;396;epidermis;1410
Cell;P01_A_T_C04_Z20;397;general;5599
Cell;P01_A_T_C04_Z20;398;general;2293
Cell;P01_A_T_C04_Z20;399;general;5276.5
Cell;P01_A_T_C04_Z20;400;epidermis;2208
Cell;P01_A_T_C04_Z20;401;general;4512.5
Cell;P01_A_T_C04_Z20;402;general;4736.5
Cell;P01_A_T_C04_Z20;403;epidermis;1557
Cell;P01_A_T_C04_Z20;404;epidermis;1099.5
Cell;P01_A_T_C04_Z20;405;epidermis;1125.5
Cell;P01_A_T_C04_Z20;406;epidermis;1763.5
Cell;P01_A_T_C04_Z20;407;epidermis;2772.5
Cell;P01_A_T_C04_Z20;408;epidermis;866
Cell;P01_A_T_C04_Z20;409;epidermis;2754
Cell;P01_A_T_C04_Z20;410;epidermis;2185
Cell;P01_A_T_C04_Z20;411;epidermis;1239
Cell;P04_B_BH_C01_Z20;0;general;5745.5
Cell;P04_B_BH_C01_Z20;1;general;12142
Cell;P04_B_BH_C01_Z20;2;epidermis;1754.5
Cell;P04_B_BH_C01_Z20;3;epidermis;1593.5
Cell;P04_B_BH_C01_Z20;4;general;6910
Cell;P04_B_BH_C01_Z20;5;epidermis;1255
Cell;P04_B_BH_C01_Z20;6;general;8986.5
Cell;P04_B_BH_C01_Z20;7;general;6436.5
Cell;P04_B_BH_C01_Z20;8;cortex;7512.5
Cell;P04_B_BH_C01_Z20;9;general;6123
Cell;P04_B_BH_C01_Z20;10;epidermis;2202.5
Cell;P04_B_BH_C01_Z20;11;general;5257
Cell;P04_B_BH_C01_Z20;12;cortex;3044
Cell;P04_B_BH_C01_Z20;13;general;1511
Cell;P04_B_BH_C01_Z20;14;cortex;6760
Cell;P04_B_BH_C01_Z20;15;rootcapl2;618
Cell;P04_B_BH_C01_Z20;16;cortex;14637
Cell;P04_B_BH_C01_Z20;17;general;10924.5
Cell;P04_B_BH_C01_Z20;18;epidermis;2225.5
Cell;P04_B_BH_C01_Z20;19;cortex;1385
Cell;P04_B_BH_C01_Z20;20;general;2648.5
Cell;P04_B_BH_C01_Z20;21;cortex;3662.5
Cell;P04_B_BH_C01_Z20;22;rootcapl2;533
Cell;P04_B_BH_C01_Z20;23;cortex;7318
Cell;P04_B_BH_C01_Z20;25;epidermis;1528.5
Cell;P04_B_BH_C01_Z20;26;rootcapl2;643
Cell;P04_B_BH_C01_Z20;27;cortex;10135.5
Cell;P04_B_BH_C01_Z20;28;general;8528.5
Cell;P04_B_BH_C01_Z20;29;cortex;10658
Cell;P04_B_BH_C01_Z20;30;general;7354.5
Cell;P04_B_BH_C01_Z20;31;epidermis;2094
Cell;P04_B_BH_C01_Z20;32;cortex;11670.5
Cell;P04_B_BH_C01_Z20;33;cortex;2827
Cell;P04_B_BH_C01_Z20;34;epidermis;655
Cell;P04_B_BH_C01_Z20;35;cortex;7981.5
Cell;P04_B_BH_C01_Z20;36;general;7693
Cell;P04_B_BH_C01_Z20;37;rootcapl2;661.5
Cell;P04_B_BH_C01_Z20;38;general;6025
Cell;P04_B_BH_C01_Z20;39;cortex;5248
Cell;P04_B_BH_C01_Z20;40;epidermis;922
Cell;P04_B_BH_C01_Z20;41;rootcapl2;320.5
Cell;P04_B_BH_C01_Z20;42;cortex;5447.5
Cell;P04_B_BH_C01_Z20;43;rootcapl2;331.5
Cell;P04_B_BH_C01_Z20;44;cortex;6670.5
Cell;P04_B_BH_C01_Z20;45;cortex;6986
Cell;P04_B_BH_C01_Z20;46;cortex;13593.5
Cell;P04_B_BH_C01_Z20;47;cortex;8328.5
Cell;P04_B_BH_C01_Z20;48;rootcapl2;785
Cell;P04_B_BH_C01_Z20;49;cortex;6557.5
Cell;P04_B_BH_C01_Z20;50;general;4079.5
Cell;P04_B_BH_C01_Z20;51;rootcapl2;822
Cell;P04_B_BH_C01_Z20;52;epidermis;1905
Cell;P04_B_BH_C01_Z20;53;rootcapl2;667.5
Cell;P04_B_BH_C01_Z20;54;cortex;7218.5
Cell;P04_B_BH_C01_Z20;55;general;13205.5
Cell;P04_B_BH_C01_Z20;56;cortex;5830
Cell;P04_B_BH_C01_Z20;57;cortex;8051
Cell;P04_B_BH_C01_Z20;58;cortex;7109
Cell;P04_B_BH_C01_Z20;59;rootcapl2;970
Cell;P04_B_BH_C01_Z20;60;cortex;3841
Cell;P04_B_BH_C01_Z20;61;rootcapl2;260.5
Cell;P04_B_BH_C01_Z20;62;rootcapl2;443.5
Cell;P04_B_BH_C01_Z20;63;rootcapl2;269
Cell;P04_B_BH_C01_Z20;64;cortex;15899.5
Cell;P04_B_BH_C01_Z20;65;epidermis;1446
Cell;P04_B_BH_C01_Z20;66;rootcapl2;326.5
Cell;P04_B_BH_C01_Z20;67;endodermis;2689
Cell;P04_B_BH_C01_Z20;68;endodermis;2705
Cell;P04_B_BH_C01_Z20;69;endodermis;2134.5
Cell;P04_B_BH_C01_Z20;70;general;3703
Cell;P04_B_BH_C01_Z20;71;cortex;4490
Cell;P04_B_BH_C01_Z20;72;cortex;5841.5
Cell;P04_B_BH_C01_Z20;73;endodermis;4035
Cell;P04_B_BH_C01_Z20;74;rootcapl2;259
Cell;P04_B_BH_C01_Z20;75;rootcapl2;604.5
Cell;P04_B_BH_C01_Z20;76;endodermis;1893
Cell;P04_B_BH_C01_Z20;77;endodermis;1825
Cell;P04_B_BH_C01_Z20;78;epidermis;2143.5
Cell;P04_B_BH_C01_Z20;79;cortex;4022
Cell;P04_B_BH_C01_Z20;80;pericycle;1390
Cell;P04_B_BH_C01_Z20;81;pericycle;2673
Cell;P04_B_BH_C01_Z20;82;cortex;6506
Cell;P04_B_BH_C01_Z20;83;rootcapl2;575
Cell;P04_B_BH_C01_Z20;84;pericycle;1351
Cell;P04_B_BH_C01_Z20;85;rootcapl2;1013.5
Cell;P04_B_BH_C01_Z20;86;pericycle;2263.5
Cell;P04_B_BH_C01_Z20;87;cortex;7560.5
Cell;P04_B_BH_C01_Z20;88;epidermis;1201
Cell;P04_B_BH_C01_Z20;89;endodermis;3740.5
Cell;P04_B_BH_C01_Z20;90;endodermis;2750.5
Cell;P04_B_BH_C01_Z20;91;pericycle;3086.5
Cell;P04_B_BH_C01_Z20;92;stele;728.5
Cell;P04_B_BH_C01_Z20;93;rootcapl2;524.5
Cell;P04_B_BH_C01_Z20;94;pericycle;1185.5
Cell;P04_B_BH_C01_Z20;95;rootcapl2;427
Cell;P04_B_BH_C01_Z20;96;epidermis;2636
Cell;P04_B_BH_C01_Z20;97;stele;579.5
Cell;P04_B_BH_C01_Z20;98;stele;959
Cell;P04_B_BH_C01_Z20;99;cortex;9013.5
Cell;P04_B_BH_C01_Z20;100;general;11443.5
Cell;P04_B_BH_C01_Z20;101;stele;419
Cell;P04_B_BH_C01_Z20;102;pericycle;2250.5
Cell;P04_B_BH_C01_Z20;103;general;9868.5
Cell;P04_B_BH_C01_Z20;104;cortex;5989.5
Cell;P04_B_BH_C01_Z20;105;cortex;7028
Cell;P04_B_BH_C01_Z20;106;epidermis;730
Cell;P04_B_BH_C01_Z20;107;rootcapl2;420
Cell;P04_B_BH_C01_Z20;108;stele;658.5
Cell;P04_B_BH_C01_Z20;109;stele;688.5
Cell;P04_B_BH_C01_Z20;110;stele;397
Cell;P04_B_BH_C01_Z20;111;stele;614
Cell;P04_B_BH_C01_Z20;112;stele;362.5
Cell;P04_B_BH_C01_Z20;113;stele;463.5
Cell;P04_B_BH_C01_Z20;114;stele;249
Cell;P04_B_BH_C01_Z20;115;epidermis;1061.5
Cell;P04_B_BH_C01_Z20;116;pericycle;2619
Cell;P04_B_BH_C01_Z20;117;pericycle;2567.5
Cell;P04_B_BH_C01_Z20;118;stele;909
Cell;P04_B_BH_C01_Z20;119;endodermis;4016.5
Cell;P04_B_BH_C01_Z20;120;stele;144.5
Cell;P04_B_BH_C01_Z20;121;stele;459.5
Cell;P04_B_BH_C01_Z20;122;stele;760
Cell;P04_B_BH_C01_Z20;123;columella3;916
Cell;P04_B_BH_C01_Z20;124;stele;320
Cell;P04_B_BH_C01_Z20;125;endodermis;4961
Cell;P04_B_BH_C01_Z20;126;stele;712.5
Cell;P04_B_BH_C01_Z20;127;rootcapl2;943.5
Cell;P04_B_BH_C01_Z20;128;stele;152
Cell;P04_B_BH_C01_Z20;129;stele;1447.5
Cell;P04_B_BH_C01_Z20;130;stele;801
Cell;P04_B_BH_C01_Z20;131;stele;542.5
Cell;P04_B_BH_C01_Z20;132;epidermis;1207.5
Cell;P04_B_BH_C01_Z20;133;stele;506.5
Cell;P04_B_BH_C01_Z20;134;stele;640.5
Cell;P04_B_BH_C01_Z20;135;stele;339
Cell;P04_B_BH_C01_Z20;136;stele;760.5
Cell;P04_B_BH_C01_Z20;137;stele;313.5
Cell;P04_B_BH_C01_Z20;138;cortex;7697
Cell;P04_B_BH_C01_Z20;139;rootcapl2;633.5
Cell;P04_B_BH_C01_Z20;140;stele;1123
Cell;P04_B_BH_C01_Z20;141;stele;289
Cell;P04_B_BH_C01_Z20;142;cortex;11770
Cell;P04_B_BH_C01_Z20;143;stele;209
Cell;P04_B_BH_C01_Z20;144;columella3;1382
Cell;P04_B_BH_C01_Z20;145;stele;491
Cell;P04_B_BH_C01_Z20;146;epidermis;2457.5
Cell;P04_B_BH_C01_Z20;147;stele;503.5
Cell;P04_B_BH_C01_Z20;148;stele;433.5
Cell;P04_B_BH_C01_Z20;149;cortex;7878
Cell;P04_B_BH_C01_Z20;150;pericycle;2272
Cell;P04_B_BH_C01_Z20;151;stele;372.5
Cell;P04_B_BH_C01_Z20;152;stele;660.5
Cell;P04_B_BH_C01_Z20;153;cortex;6181
Cell;P04_B_BH_C01_Z20;154;stele;662
Cell;P04_B_BH_C01_Z20;155;stele;787.5
Cell;P04_B_BH_C01_Z20;156;stele;379.5
Cell;P04_B_BH_C01_Z20;157;stele;236.5
Cell;P04_B_BH_C01_Z20;158;stele;293.5
Cell;P04_B_BH_C01_Z20;159;rootcapl2;719.5
Cell;P04_B_BH_C01_Z20;160;stele;1829.5
Cell;P04_B_BH_C01_Z20;161;rootcapl2;334.5
Cell;P04_B_BH_C01_Z20;162;cortex;5895.5
Cell;P04_B_BH_C01_Z20;163;stele;391
Cell;P04_B_BH_C01_Z20;164;stele;207
Cell;P04_B_BH_C01_Z20;165;stele;1226.5
Cell;P04_B_BH_C01_Z20;166;pericycle;4272
Cell;P04_B_BH_C01_Z20;167;stele;396
Cell;P04_B_BH_C01_Z20;168;epidermis;1363
Cell;P04_B_BH_C01_Z20;169;stele;517
Cell;P04_B_BH_C01_Z20;170;stele;250
Cell;P04_B_BH_C01_Z20;171;stele;180.5
Cell;P04_B_BH_C01_Z20;172;stele;419.5
Cell;P04_B_BH_C01_Z20;173;stele;321.5
Cell;P04_B_BH_C01_Z20;174;stele;367.5
Cell;P04_B_BH_C01_Z20;175;columella3;2475
Cell;P04_B_BH_C01_Z20;177;cortex;11110
Cell;P04_B_BH_C01_Z20;178;endodermis;2634
Cell;P04_B_BH_C01_Z20;179;stele;333.5
Cell;P04_B_BH_C01_Z20;180;stele;497.5
Cell;P04_B_BH_C01_Z20;181;stele;443
Cell;P04_B_BH_C01_Z20;182;general;10189
Cell;P04_B_BH_C01_Z20;183;stele;370
Cell;P04_B_BH_C01_Z20;184;stele;205
Cell;P04_B_BH_C01_Z20;185;stele;667
Cell;P04_B_BH_C01_Z20;186;stele;984
Cell;P04_B_BH_C01_Z20;187;endodermis;3426.5
Cell;P04_B_BH_C01_Z20;188;stele;551
Cell;P04_B_BH_C01_Z20;189;general;5474.5
Cell;P04_B_BH_C01_Z20;190;stele;1970
Cell;P04_B_BH_C01_Z20;191;stele;211.5
Cell;P04_B_BH_C01_Z20;192;stele;741
Cell;P04_B_BH_C01_Z20;193;stele;326.5
Cell;P04_B_BH_C01_Z20;194;epidermis;1024
Cell;P04_B_BH_C01_Z20;195;stele;695.5
Cell;P04_B_BH_C01_Z20;196;stele;325
Cell;P04_B_BH_C01_Z20;197;cortex;8511.5
Cell;P04_B_BH_C01_Z20;198;stele;914
Cell;P04_B_BH_C01_Z20;199;epidermis;1397.5
Cell;P04_B_BH_C01_Z20;200;stele;388.5
Cell;P04_B_BH_C01_Z20;201;stele;181
Cell;P04_B_BH_C01_Z20;202;stele;344
Cell;P04_B_BH_C01_Z20;203;stele;204
Cell;P04_B_BH_C01_Z20;204;pericycle;1349.5
Cell;P04_B_BH_C01_Z20;205;stele;916.5
Cell;P04_B_BH_C01_Z20;206;stele;1026.5
Cell;P04_B_BH_C01_Z20;207;stele;325.5
Cell;P04_B_BH_C01_Z20;208;stele;647.5
Cell;P04_B_BH_C01_Z20;209;stele;636
Cell;P04_B_BH_C01_Z20;210;pericycle;2410.5
Cell;P04_B_BH_C01_Z20;211;stele;737.5
Cell;P04_B_BH_C01_Z20;212;stele;688.5
Cell;P04_B_BH_C01_Z20;213;stele;458.5
Cell;P04_B_BH_C01_Z20;214;columella3;2648.5
Cell;P04_B_BH_C01_Z20;215;endodermis;3232
Cell;P04_B_BH_C01_Z20;216;rootcapl2;543
Cell;P04_B_BH_C01_Z20;217;epidermis;1132.5
Cell;P04_B_BH_C01_Z20;218;stele;809.5
Cell;P04_B_BH_C01_Z20;219;stele;187
Cell;P04_B_BH_C01_Z20;220;cortex;6545.5
Cell;P04_B_BH_C01_Z20;221;stele;448.5
Cell;P04_B_BH_C01_Z20;222;rootcapl2;729.5
Cell;P04_B_BH_C01_Z20;223;stele;140
Cell;P04_B_BH_C01_Z20;224;cortex;3672
Cell;P04_B_BH_C01_Z20;225;stele;446
Cell;P04_B_BH_C01_Z20;226;endodermis;3632
Cell;P04_B_BH_C01_Z20;227;stele;225.5
Cell;P04_B_BH_C01_Z20;228;stele;348.5
Cell;P04_B_BH_C01_Z20;229;stele;1117
Cell;P04_B_BH_C01_Z20;230;stele;876
Cell;P04_B_BH_C01_Z20;231;stele;490
Cell;P04_B_BH_C01_Z20;232;cortex;7896
Cell;P04_B_BH_C01_Z20;233;stele;1068.5
Cell;P04_B_BH_C01_Z20;234;stele;189.5
Cell;P04_B_BH_C01_Z20;235;epidermis;1684.5
Cell;P04_B_BH_C01_Z20;236;stele;393.5
Cell;P04_B_BH_C01_Z20;237;stele;111.5
Cell;P04_B_BH_C01_Z20;238;pericycle;3025.5
Cell;P04_B_BH_C01_Z20;239;cortex;9814.5
Cell;P04_B_BH_C01_Z20;240;pericycle;2793
Cell;P04_B_BH_C01_Z20;241;stele;620.5
Cell;P04_B_BH_C01_Z20;242;stele;643
Cell;P04_B_BH_C01_Z20;243;stele;959
Cell;P04_B_BH_C01_Z20;244;stele;399.5
Cell;P04_B_BH_C01_Z20;245;stele;364.5
Cell;P04_B_BH_C01_Z20;246;epidermis;1080
Cell;P04_B_BH_C01_Z20;247;stele;684
Cell;P04_B_BH_C01_Z20;248;stele;966.5
Cell;P04_B_BH_C01_Z20;249;general;8801
Cell;P04_B_BH_C01_Z20;250;stele;317.5
Cell;P04_B_BH_C01_Z20;251;stele;239.5
Cell;P04_B_BH_C01_Z20;252;columella3;1548
Cell;P04_B_BH_C01_Z20;253;general;7007
Cell;P04_B_BH_C01_Z20;254;stele;795
Cell;P04_B_BH_C01_Z20;255;stele;346.5
Cell;P04_B_BH_C01_Z20;256;stele;629
Cell;P04_B_BH_C01_Z20;257;stele;487.5
Cell;P04_B_BH_C01_Z20;258;stele;980.5
Cell;P04_B_BH_C01_Z20;259;stele;402.5
Cell;P04_B_BH_C01_Z20;260;stele;420
Cell;P04_B_BH_C01_Z20;261;pericycle;1984
Cell;P04_B_BH_C01_Z20;262;cortex;8816
Cell;P04_B_BH_C01_Z20;263;stele;225.5
Cell;P04_B_BH_C01_Z20;264;endodermis;6657.5
Cell;P04_B_BH_C01_Z20;265;stele;472.5
Cell;P04_B_BH_C01_Z20;266;stele;529
Cell;P04_B_BH_C01_Z20;267;pericycle;2017
Cell;P04_B_BH_C01_Z20;268;endodermis;3913.5
Cell;P04_B_BH_C01_Z20;269;rootcapl2;192.5
Cell;P04_B_BH_C01_Z20;270;epidermis;1692
Cell;P04_B_BH_C01_Z20;271;stele;248
Cell;P04_B_BH_C01_Z20;272;rootcapl2;436
Cell;P04_B_BH_C01_Z20;273;stele;165
Cell;P04_B_BH_C01_Z20;274;cortex;4998.5
Cell;P04_B_BH_C01_Z20;275;stele;561.5
Cell;P04_B_BH_C01_Z20;276;stele;614.5
Cell;P04_B_BH_C01_Z20;277;stele;520
Cell;P04_B_BH_C01_Z20;278;cortex;5200.5
Cell;P04_B_BH_C01_Z20;279;stele;767
Cell;P04_B_BH_C01_Z20;280;stele;436
Cell;P04_B_BH_C01_Z20;281;stele;487.5
Cell;P04_B_BH_C01_Z20;282;stele;278
Cell;P04_B_BH_C01_Z20;283;stele;287.5
Cell;P04_B_BH_C01_Z20;284;stele;588.5
Cell;P04_B_BH_C01_Z20;285;stele;498
Cell;P04_B_BH_C01_Z20;286;pericycle;2438
Cell;P04_B_BH_C01_Z20;287;columella3;881.5
Cell;P04_B_BH_C01_Z20;288;stele;561
Cell;P04_B_BH_C01_Z20;289;cortex;3304.5
Cell;P04_B_BH_C01_Z20;290;stele;271
Cell;P04_B_BH_C01_Z20;291;stele;364.5
Cell;P04_B_BH_C01_Z20;292;stele;224
Cell;P04_B_BH_C01_Z20;293;cortex;8783
Cell;P04_B_BH_C01_Z20;294;stele;276.5
Cell;P04_B_BH_C01_Z20;295;stele;263.5
Cell;P04_B_BH_C01_Z20;296;rootcapl2;1305.5
Cell;P04_B_BH_C01_Z20;297;stele;758
Cell;P04_B_BH_C01_Z20;298;stele;144.5
Cell;P04_B_BH_C01_Z20;299;pericycle;1873.5
Cell;P04_B_BH_C01_Z20;300;stele;476
Cell;P04_B_BH_C01_Z20;301;stele;250
Cell;P04_B_BH_C01_Z20;302;general;6569
Cell;P04_B_BH_C01_Z20;303;epidermis;1373.5
Cell;P04_B_BH_C01_Z20;304;stele;234
Cell;P04_B_BH_C01_Z20;305;pericycle;3696.5
Cell;P04_B_BH_C01_Z20;306;stele;566
Cell;P04_B_BH_C01_Z20;307;cortex;5163.5
Cell;P04_B_BH_C01_Z20;309;general;9867.5
Cell;P04_B_BH_C01_Z20;310;stele;1387
Cell;P04_B_BH_C01_Z20;311;stele;503.5
Cell;P04_B_BH_C01_Z20;312;cortex;7338
Cell;P04_B_BH_C01_Z20;313;endodermis;2155.5
Cell;P04_B_BH_C01_Z20;314;pericycle;1544
Cell;P04_B_BH_C01_Z20;315;rootcapl2;1274.5
Cell;P04_B_BH_C01_Z20;316;rootcapl2;366
Cell;P04_B_BH_C01_Z20;317;cortex;8721.5
Cell;P04_B_BH_C01_Z20;318;endodermis;3280
Cell;P04_B_BH_C01_Z20;319;pericycle;2000
Cell;P04_B_BH_C01_Z20;320;cortex;9800
Cell;P04_B_BH_C01_Z20;321;rootcapl2;444
Cell;P04_B_BH_C01_Z20;322;pericycle;2857
Cell;P04_B_BH_C01_Z20;323;cortex;8933.5
Cell;P04_B_BH_C01_Z20;324;cortex;7196
Cell;P04_B_BH_C01_Z20;325;endodermis;2482.5
Cell;P04_B_BH_C01_Z20;326;epidermis;537
Cell;P04_B_BH_C01_Z20;327;cortex;8307.5
Cell;P04_B_BH_C01_Z20;328;endodermis;4508
Cell;P04_B_BH_C01_Z20;329;endodermis;3094
Cell;P04_B_BH_C01_Z20;330;rootcapl2;302
Cell;P04_B_BH_C01_Z20;331;epidermis;942
Cell;P04_B_BH_C01_Z20;332;cortex;7564.5
Cell;P04_B_BH_C01_Z20;333;general;8833.5
Cell;P04_B_BH_C01_Z20;334;rootcapl2;629.5
Cell;P04_B_BH_C01_Z20;335;endodermis;3860
Cell;P04_B_BH_C01_Z20;336;cortex;9308.5
Cell;P04_B_BH_C01_Z20;337;rootcapl2;385.5
Cell;P04_B_BH_C01_Z20;338;cortex;8994
Cell;P04_B_BH_C01_Z20;339;cortex;10465
Cell;P04_B_BH_C01_Z20;340;cortex;9181.5
Cell;P04_B_BH_C01_Z20;341;cortex;7056
Cell;P04_B_BH_C01_Z20;342;rootcapl2;121.5
Cell;P04_B_BH_C01_Z20;343;rootcapl2;475.5
Cell;P04_B_BH_C01_Z20;344;rootcapl2;642.5
Cell;P04_B_BH_C01_Z20;345;general;4471
Cell;P04_B_BH_C01_Z20;346;cortex;6655
Cell;P04_B_BH_C01_Z20;347;cortex;8772.5
Cell;P04_B_BH_C01_Z20;348;rootcapl2;560
Cell;P04_B_BH_C01_Z20;349;cortex;7933
Cell;P04_B_BH_C01_Z20;350;cortex;11473.5
Cell;P04_B_BH_C01_Z20;351;general;10460.5
Cell;P04_B_BH_C01_Z20;352;general;5482.5
Cell;P04_B_BH_C01_Z20;353;rootcapl2;341
Cell;P04_B_BH_C01_Z20;354;rootcapl2;935.5
Cell;P04_B_BH_C01_Z20;355;cortex;4885.5
Cell;P04_B_BH_C01_Z20;356;cortex;8106.5
Cell;P04_B_BH_C01_Z20;357;cortex;7081.5
Cell;P04_B_BH_C01_Z20;358;cortex;5169
Cell;P04_B_BH_C01_Z20;359;general;8033
Cell;P04_B_BH_C01_Z20;360;cortex;2842.5
Cell;P04_B_BH_C01_Z20;361;cortex;5885.5
Cell;P04_B_BH_C01_Z20;362;general;7693.5
Cell;P04_B_BH_C01_Z20;363;rootcapl2;361
Cell;P04_B_BH_C01_Z20;364;cortex;9626
Cell;P04_B_BH_C01_Z20;365;cortex;6930.5
Cell;P04_B_BH_C01_Z20;366;cortex;5630.5
Cell;P04_B_BH_C01_Z20;367;general;10978.5
Cell;P04_B_BH_C01_Z20;368;cortex;5533.5
Cell;P04_B_BH_C01_Z20;369;general;7260
Cell;P04_B_BH_C01_Z20;370;general;9120
Cell;P04_B_BH_C01_Z20;371;general;8609.5
Cell;P04_B_BH_C01_Z20;372;general;4929.5
Cell;P04_B_BH_C01_Z20;373;general;2493
Cell;P04_B_BH_C01_Z20;374;general;4693
Cell;P04_B_BH_C01_Z20;375;general;5229.5
Cell;P04_B_BH_C01_Z20;376;general;3381.5
Cell;P04_B_BH_C01_Z20;377;epidermis;1907.5
Cell;P04_B_BH_C01_Z20;378;epidermis;1025.5
