"Root","X","Barrier","Kr","Kx","perimeter"
"root1",0,"b0",5.40598419367755e-05,0.00798064070274776,0.115645206459867
"root1",0,"b1",6.92699649046348e-05,0.00798064070274776,0.115645206459867
"root1",0,"b2",3.49551448809312e-05,0.00798064070274776,0.115645206459867
"root1",0,"b3",3.49551448809312e-05,0.00798064070274776,0.115645206459867
"root1",0,"b4",3.36951356339491e-05,0.00798064070274776,0.115645206459867
"root1",0,"b5",6.44851207637329e-05,0.00798064070274776,0.115645206459867
"root1",0,"b6",5.34401495522482e-05,0.00798064070274776,0.115645206459867
"root1",0,"b7",0.000118634726054076,0.00798064070274776,0.115645206459867
"root1",0,"b8",3.04132585296443e-05,0.00798064070274776,0.115645206459867
"root1",0,"b9",5.63031640067736e-05,5.63031640067736e-05,0.115645206459867
"root1",10,"b0",0.000183989145788585,0.0358849993500862,0.10824430685198
"root1",10,"b1",9.6829255237766e-05,0.0358849993500862,0.10824430685198
"root1",10,"b2",4.82639973013406e-05,0.0358849993500862,0.10824430685198
"root1",10,"b3",4.82639973013406e-05,0.0358849993500862,0.10824430685198
"root1",10,"b4",4.4986664507153e-05,0.0358849993500862,0.10824430685198
"root1",10,"b5",8.44711474900702e-05,0.0358849993500862,0.10824430685198
"root1",10,"b6",6.57972187261883e-05,0.0358849993500862,0.10824430685198
"root1",10,"b7",0.000122722872294525,0.0358849993500862,0.10824430685198
"root1",10,"b8",3.90836617684871e-05,0.0358849993500862,0.10824430685198
"root1",10,"b9",7.04488887007614e-05,7.04488887007614e-05,0.10824430685198
"root1",11,"b0",0.000162295337693982,0.197457888845825,0.123792152695948
"root1",11,"b1",9.71957729577167e-05,0.197457888845825,0.123792152695948
"root1",11,"b2",4.9667413929706e-05,0.197457888845825,0.123792152695948
"root1",11,"b3",4.9667413929706e-05,0.197457888845825,0.123792152695948
"root1",11,"b4",4.67815673954037e-05,0.197457888845825,0.123792152695948
"root1",11,"b5",8.6640465935732e-05,0.197457888845825,0.123792152695948
"root1",11,"b6",6.77933181227806e-05,0.197457888845825,0.123792152695948
"root1",11,"b7",0.000121361942666189,0.197457888845825,0.123792152695948
"root1",11,"b8",4.07050509468348e-05,0.197457888845825,0.123792152695948
"root1",11,"b9",7.21127545987382e-05,7.21127545987382e-05,0.123792152695948
"root1",12,"b0",0.000133369136727855,0.0787758891639336,0.128711119757379
"root1",12,"b1",7.81269024479839e-05,0.0787758891639336,0.128711119757379
"root1",12,"b2",3.98718765853526e-05,0.0787758891639336,0.128711119757379
"root1",12,"b3",3.98718765853526e-05,0.0787758891639336,0.128711119757379
"root1",12,"b4",3.81301112236459e-05,0.0787758891639336,0.128711119757379
"root1",12,"b5",7.1700152583089e-05,0.0787758891639336,0.128711119757379
"root1",12,"b6",5.83085476517605e-05,0.0787758891639336,0.128711119757379
"root1",12,"b7",0.000105866625375441,0.0787758891639336,0.128711119757379
"root1",12,"b8",3.39825475343647e-05,0.0787758891639336,0.128711119757379
"root1",12,"b9",6.15678082171245e-05,6.15678082171245e-05,0.128711119757379
"root1",13,"b0",0.000114377906000537,0.138743214295343,0.131520123493333
"root1",13,"b1",7.77412955551866e-05,0.138743214295343,0.131520123493333
"root1",13,"b2",4.07099743067173e-05,0.138743214295343,0.131520123493333
"root1",13,"b3",4.07099743067173e-05,0.138743214295343,0.131520123493333
"root1",13,"b4",3.87434317385995e-05,0.138743214295343,0.131520123493333
"root1",13,"b5",7.08665734809932e-05,0.138743214295343,0.131520123493333
"root1",13,"b6",5.78173151694283e-05,0.138743214295343,0.131520123493333
"root1",13,"b7",9.51303956308692e-05,0.138743214295343,0.131520123493333
"root1",13,"b8",3.44900127767525e-05,0.138743214295343,0.131520123493333
"root1",13,"b9",6.0922805984631e-05,6.0922805984631e-05,0.131520123493333
"root1",14,"b0",0.000136204106751725,0.253875641148877,0.136696794236609
"root1",14,"b1",8.23724247770776e-05,0.253875641148877,0.136696794236609
"root1",14,"b2",4.41137979002354e-05,0.253875641148877,0.136696794236609
"root1",14,"b3",4.41137979002354e-05,0.253875641148877,0.136696794236609
"root1",14,"b4",4.21920217105763e-05,0.253875641148877,0.136696794236609
"root1",14,"b5",7.58691621075397e-05,0.253875641148877,0.136696794236609
"root1",14,"b6",6.13564812327226e-05,0.253875641148877,0.136696794236609
"root1",14,"b7",0.000103834701640112,0.253875641148877,0.136696794236609
"root1",14,"b8",3.7308598468554e-05,0.253875641148877,0.136696794236609
"root1",14,"b9",6.48715781538666e-05,6.48715781538666e-05,0.136696794236609
"root1",15,"b0",0.000180400947150354,0.420995251805847,0.142150593889985
"root1",15,"b1",9.29341274484946e-05,0.420995251805847,0.142150593889985
"root1",15,"b2",4.90719977716532e-05,0.420995251805847,0.142150593889985
"root1",15,"b3",4.90719977716532e-05,0.420995251805847,0.142150593889985
"root1",15,"b4",4.6013042306834e-05,0.420995251805847,0.142150593889985
"root1",15,"b5",8.25241120170451e-05,0.420995251805847,0.142150593889985
"root1",15,"b6",6.51267081261912e-05,0.420995251805847,0.142150593889985
"root1",15,"b7",0.000114937594720393,0.420995251805847,0.142150593889985
"root1",15,"b8",4.00552255664021e-05,0.420995251805847,0.142150593889985
"root1",15,"b9",6.92450247445893e-05,6.92450247445893e-05,0.142150593889985
"root1",16,"b0",0.000133572066677981,0.185926299955453,0.134604173644569
"root1",16,"b1",8.32867541807338e-05,0.185926299955453,0.134604173644569
"root1",16,"b2",4.43702489469617e-05,0.185926299955453,0.134604173644569
"root1",16,"b3",4.43702489469617e-05,0.185926299955453,0.134604173644569
"root1",16,"b4",4.24062483742169e-05,0.185926299955453,0.134604173644569
"root1",16,"b5",7.65814991782343e-05,0.185926299955453,0.134604173644569
"root1",16,"b6",6.17074359922476e-05,0.185926299955453,0.134604173644569
"root1",16,"b7",0.000102045741157446,0.185926299955453,0.134604173644569
"root1",16,"b8",3.74318733459099e-05,0.185926299955453,0.134604173644569
"root1",16,"b9",6.51669989904502e-05,6.51669989904502e-05,0.134604173644569
"root1",17,"b0",0.000189704520213068,0.603682706980897,0.11757841903532
"root1",17,"b1",0.000112254871063763,0.603682706980897,0.11757841903532
"root1",17,"b2",5.25301858487705e-05,0.603682706980897,0.11757841903532
"root1",17,"b3",5.25301858487705e-05,0.603682706980897,0.11757841903532
"root1",17,"b4",4.95120490082392e-05,0.603682706980897,0.11757841903532
"root1",17,"b5",9.91886465595311e-05,0.603682706980897,0.11757841903532
"root1",17,"b6",7.50761821376781e-05,0.603682706980897,0.11757841903532
"root1",17,"b7",0.000159763752835753,0.603682706980897,0.11757841903532
"root1",17,"b8",4.27117437165164e-05,0.603682706980897,0.11757841903532
"root1",17,"b9",8.08764494860569e-05,8.08764494860569e-05,0.11757841903532
"root1",18,"b0",0.000170541072274032,0.572452068183201,0.12949426475399
"root1",18,"b1",0.000104416599115906,0.572452068183201,0.12949426475399
"root1",18,"b2",5.2511536355277e-05,0.572452068183201,0.12949426475399
"root1",18,"b3",5.2511536355277e-05,0.572452068183201,0.12949426475399
"root1",18,"b4",4.92302386614128e-05,0.572452068183201,0.12949426475399
"root1",18,"b5",9.20813506615163e-05,0.572452068183201,0.12949426475399
"root1",18,"b6",7.10072389367101e-05,0.572452068183201,0.12949426475399
"root1",18,"b7",0.000132670350090941,0.572452068183201,0.12949426475399
"root1",18,"b8",4.25262112913728e-05,0.572452068183201,0.12949426475399
"root1",18,"b9",7.59242036460773e-05,7.59242036460773e-05,0.12949426475399
"root1",19,"b0",0.000166500318864017,0.45399866472583,0.141091677159279
"root1",19,"b1",9.83685805991064e-05,0.45399866472583,0.141091677159279
"root1",19,"b2",5.06497921067564e-05,0.45399866472583,0.141091677159279
"root1",19,"b3",5.06497921067564e-05,0.45399866472583,0.141091677159279
"root1",19,"b4",4.80388918915699e-05,0.45399866472583,0.141091677159279
"root1",19,"b5",8.89074273756868e-05,0.45399866472583,0.141091677159279
"root1",19,"b6",6.95312922835119e-05,0.45399866472583,0.141091677159279
"root1",19,"b7",0.000127450384057731,0.45399866472583,0.141091677159279
"root1",19,"b8",4.17774073884576e-05,0.45399866472583,0.141091677159279
"root1",19,"b9",7.37828224940648e-05,7.37828224940648e-05,0.141091677159279
"root1",2,"b0",5.88962872954921e-05,0.016265106103225,0.112261118857557
"root1",2,"b1",7.41801902828513e-05,0.016265106103225,0.112261118857557
"root1",2,"b2",3.62470553010512e-05,0.016265106103225,0.112261118857557
"root1",2,"b3",3.62470553010512e-05,0.016265106103225,0.112261118857557
"root1",2,"b4",3.46434992160195e-05,0.016265106103225,0.112261118857557
"root1",2,"b5",6.77535261957857e-05,0.016265106103225,0.112261118857557
"root1",2,"b6",5.547612637789e-05,0.016265106103225,0.112261118857557
"root1",2,"b7",0.000116857154688505,0.016265106103225,0.112261118857557
"root1",2,"b8",3.11240118558769e-05,0.016265106103225,0.112261118857557
"root1",2,"b9",5.85021484335948e-05,5.85021484335948e-05,0.112261118857557
"root1",20,"b0",0.000177857206036697,0.474325989004693,0.141239399416286
"root1",20,"b1",9.06862279275349e-05,0.474325989004693,0.141239399416286
"root1",20,"b2",4.96940486745035e-05,0.474325989004693,0.141239399416286
"root1",20,"b3",4.96940486745035e-05,0.474325989004693,0.141239399416286
"root1",20,"b4",4.71638373689225e-05,0.474325989004693,0.141239399416286
"root1",20,"b5",8.25240147584751e-05,0.474325989004693,0.141239399416286
"root1",20,"b6",6.54172407317865e-05,0.474325989004693,0.141239399416286
"root1",20,"b7",0.000114380517573687,0.474325989004693,0.141239399416286
"root1",20,"b8",4.10624686890234e-05,0.474325989004693,0.141239399416286
"root1",20,"b9",6.9453586847376e-05,6.9453586847376e-05,0.141239399416286
"root1",22,"b0",0.000122523233703177,0.185862778308171,0.155006257884998
"root1",22,"b1",6.60277028920661e-05,0.185862778308171,0.155006257884998
"root1",22,"b2",3.85149542453805e-05,0.185862778308171,0.155006257884998
"root1",22,"b3",3.85149542453805e-05,0.185862778308171,0.155006257884998
"root1",22,"b4",3.70530786331365e-05,0.185862778308171,0.155006257884998
"root1",22,"b5",6.18284606091256e-05,0.185862778308171,0.155006257884998
"root1",22,"b6",5.18046494174048e-05,0.185862778308171,0.155006257884998
"root1",22,"b7",7.85658419770395e-05,0.185862778308171,0.155006257884998
"root1",22,"b8",3.32097616542931e-05,0.185862778308171,0.155006257884998
"root1",22,"b9",5.42113794239837e-05,5.42113794239837e-05,0.155006257884998
"root1",23,"b0",0.000155177261646925,0.714584123748387,0.142794402613454
"root1",23,"b1",9.78646353516131e-05,0.714584123748387,0.142794402613454
"root1",23,"b2",5.24687092230515e-05,0.714584123748387,0.142794402613454
"root1",23,"b3",5.24687092230515e-05,0.714584123748387,0.142794402613454
"root1",23,"b4",4.91264098364438e-05,0.714584123748387,0.142794402613454
"root1",23,"b5",8.67630886090103e-05,0.714584123748387,0.142794402613454
"root1",23,"b6",6.7875633423865e-05,0.714584123748387,0.142794402613454
"root1",23,"b7",0.000111874984026872,0.714584123748387,0.142794402613454
"root1",23,"b8",4.24688670570521e-05,0.714584123748387,0.142794402613454
"root1",23,"b9",7.21122632292119e-05,7.21122632292119e-05,0.142794402613454
"root1",24,"b0",0.000173403955550152,1.08918674388252,0.150068761684022
"root1",24,"b1",9.35319864145299e-05,1.08918674388252,0.150068761684022
"root1",24,"b2",5.03398178009865e-05,1.08918674388252,0.150068761684022
"root1",24,"b3",5.03398178009865e-05,1.08918674388252,0.150068761684022
"root1",24,"b4",4.72223237602284e-05,1.08918674388252,0.150068761684022
"root1",24,"b5",8.32834493772173e-05,1.08918674388252,0.150068761684022
"root1",24,"b6",6.56151473583281e-05,1.08918674388252,0.150068761684022
"root1",24,"b7",0.000113992621383335,1.08918674388252,0.150068761684022
"root1",24,"b8",4.09791771006583e-05,1.08918674388252,0.150068761684022
"root1",24,"b9",6.98470188604206e-05,6.98470188604206e-05,0.150068761684022
"root1",26,"b0",0.000179962945052124,2.11917214712348,0.198110554423136
"root1",26,"b1",9.09517676342008e-05,2.11917214712348,0.198110554423136
"root1",26,"b2",5.29008108145496e-05,2.11917214712348,0.198110554423136
"root1",26,"b3",5.29008108145496e-05,2.11917214712348,0.198110554423136
"root1",26,"b4",5.03251762819531e-05,2.11917214712348,0.198110554423136
"root1",26,"b5",8.35516865740086e-05,2.11917214712348,0.198110554423136
"root1",26,"b6",6.66390340326597e-05,2.11917214712348,0.198110554423136
"root1",26,"b7",0.000106456699711639,2.11917214712348,0.198110554423136
"root1",26,"b8",4.36743487712848e-05,2.11917214712348,0.198110554423136
"root1",26,"b9",7.04086442932249e-05,7.04086442932249e-05,0.198110554423136
"root1",27,"b0",0.0001458314758514,1.88286246633308,0.216448461004425
"root1",27,"b1",6.60578691999246e-05,1.88286246633308,0.216448461004425
"root1",27,"b2",4.37600855572602e-05,1.88286246633308,0.216448461004425
"root1",27,"b3",4.37600855572602e-05,1.88286246633308,0.216448461004425
"root1",27,"b4",4.19952773900594e-05,1.88286246633308,0.216448461004425
"root1",27,"b5",6.20958999357921e-05,1.88286246633308,0.216448461004425
"root1",27,"b6",5.23959777578427e-05,1.88286246633308,0.216448461004425
"root1",27,"b7",7.14035676049773e-05,1.88286246633308,0.216448461004425
"root1",27,"b8",3.73357284799732e-05,1.88286246633308,0.216448461004425
"root1",27,"b9",5.45580353838711e-05,5.45580353838711e-05,0.216448461004425
"root1",28,"b0",0.000150822652947004,6.45601111796429,0.286714473490561
"root1",28,"b1",6.09550504729798e-05,6.45601111796429,0.286714473490561
"root1",28,"b2",4.21121775309174e-05,6.45601111796429,0.286714473490561
"root1",28,"b3",4.21121775309174e-05,6.45601111796429,0.286714473490561
"root1",28,"b4",4.03987941591047e-05,6.45601111796429,0.286714473490561
"root1",28,"b5",5.74211652410075e-05,6.45601111796429,0.286714473490561
"root1",28,"b6",4.90123414746333e-05,6.45601111796429,0.286714473490561
"root1",28,"b7",6.63665623342522e-05,6.45601111796429,0.286714473490561
"root1",28,"b8",3.60559712346458e-05,6.45601111796429,0.286714473490561
"root1",28,"b9",5.10020582883888e-05,5.10020582883888e-05,0.286714473490561
"root1",29,"b0",0.00023979094642919,9.74181075631164,0.235447978942539
"root1",29,"b1",8.19687045274693e-05,9.74181075631164,0.235447978942539
"root1",29,"b2",5.43849936885085e-05,9.74181075631164,0.235447978942539
"root1",29,"b3",5.43849936885085e-05,9.74181075631164,0.235447978942539
"root1",29,"b4",5.17941259147137e-05,9.74181075631164,0.235447978942539
"root1",29,"b5",7.56552018495467e-05,9.74181075631164,0.235447978942539
"root1",29,"b6",6.16153837667468e-05,9.74181075631164,0.235447978942539
"root1",29,"b7",8.90159525560382e-05,9.74181075631164,0.235447978942539
"root1",29,"b8",4.51593204572786e-05,9.74181075631164,0.235447978942539
"root1",29,"b9",6.47252588824647e-05,6.47252588824647e-05,0.235447978942539
"root1",30,"b0",0.000182135269006122,12.6709173664667,0.344281293196947
"root1",30,"b1",5.3891980769454e-05,12.6709173664667,0.344281293196947
"root1",30,"b2",4.03434588057403e-05,12.6709173664667,0.344281293196947
"root1",30,"b3",4.03434588057403e-05,12.6709173664667,0.344281293196947
"root1",30,"b4",3.87421788343151e-05,12.6709173664667,0.344281293196947
"root1",30,"b5",5.10802392142595e-05,12.6709173664667,0.344281293196947
"root1",30,"b6",4.47537798981066e-05,12.6709173664667,0.344281293196947
"root1",30,"b7",5.71956841450198e-05,12.6709173664667,0.344281293196947
"root1",30,"b8",3.49765145042116e-05,12.6709173664667,0.344281293196947
"root1",30,"b9",4.62149029812084e-05,4.62149029812084e-05,0.344281293196947
"root1",4,"b0",4.09793122108333e-05,0.0219751415466842,0.130536428757925
"root1",4,"b1",5.81764431251918e-05,0.0219751415466842,0.130536428757925
"root1",4,"b2",2.87758166875142e-05,0.0219751415466842,0.130536428757925
"root1",4,"b3",2.87758166875142e-05,0.0219751415466842,0.130536428757925
"root1",4,"b4",2.78155393436789e-05,0.0219751415466842,0.130536428757925
"root1",4,"b5",5.43798839263825e-05,0.0219751415466842,0.130536428757925
"root1",4,"b6",4.63274710328114e-05,0.0219751415466842,0.130536428757925
"root1",4,"b7",9.16897378550658e-05,0.0219751415466842,0.130536428757925
"root1",4,"b8",2.55447273366656e-05,0.0219751415466842,0.130536428757925
"root1",4,"b9",4.82882754648942e-05,4.82882754648942e-05,0.130536428757925
"root1",7,"b0",4.86210772680475e-05,0.0568728945834013,0.130808015042848
"root1",7,"b1",7.02972910813511e-05,0.0568728945834013,0.130808015042848
"root1",7,"b2",3.56905573530133e-05,0.0568728945834013,0.130808015042848
"root1",7,"b3",3.56905573530133e-05,0.0568728945834013,0.130808015042848
"root1",7,"b4",3.41921543574912e-05,0.0568728945834013,0.130808015042848
"root1",7,"b5",6.47099437566402e-05,0.0568728945834013,0.130808015042848
"root1",7,"b6",5.35447427429679e-05,0.0568728945834013,0.130808015042848
"root1",7,"b7",9.67867136999174e-05,0.0568728945834013,0.130808015042848
"root1",7,"b8",3.07994452671476e-05,0.0568728945834013,0.130808015042848
"root1",7,"b9",5.63157983042555e-05,5.63157983042555e-05,0.130808015042848
"root1",8,"b0",0.000177244392737926,0.0335525209159503,0.123247452844223
"root1",8,"b1",9.26058360102882e-05,0.0335525209159503,0.123247452844223
"root1",8,"b2",4.80513028751853e-05,0.0335525209159503,0.123247452844223
"root1",8,"b3",4.80513028751853e-05,0.0335525209159503,0.123247452844223
"root1",8,"b4",4.47638106317145e-05,0.0335525209159503,0.123247452844223
"root1",8,"b5",8.11144364643349e-05,0.0335525209159503,0.123247452844223
"root1",8,"b6",6.39988792158742e-05,0.0335525209159503,0.123247452844223
"root1",8,"b7",0.00011087358677759,0.0335525209159503,0.123247452844223
"root1",8,"b8",3.90101420583338e-05,0.0335525209159503,0.123247452844223
"root1",8,"b9",6.8119956926298e-05,6.8119956926298e-05,0.123247452844223
"root1",9,"b0",0.000133048275932462,0.0722097472142885,0.147668276203098
"root1",9,"b1",7.4427056740665e-05,0.0722097472142885,0.147668276203098
"root1",9,"b2",4.16980641897675e-05,0.0722097472142885,0.147668276203098
"root1",9,"b3",4.16980641897675e-05,0.0722097472142885,0.147668276203098
"root1",9,"b4",3.95990960055133e-05,0.0722097472142885,0.147668276203098
"root1",9,"b5",6.79823229316031e-05,0.0722097472142885,0.147668276203098
"root1",9,"b6",5.58456939627707e-05,0.0722097472142885,0.147668276203098
"root1",9,"b7",8.86228131454379e-05,0.0722097472142885,0.147668276203098
"root1",9,"b8",3.51541251135954e-05,0.0722097472142885,0.147668276203098
"root1",9,"b9",5.88462040894104e-05,5.88462040894104e-05,0.147668276203098
"root10",0,"b0",4.32847690016415e-05,0.0141347576670105,0.117422265955701
"root10",0,"b1",7.67677004248692e-05,0.0141347576670105,0.117422265955701
"root10",0,"b2",3.79871448484174e-05,0.0141347576670105,0.117422265955701
"root10",0,"b3",3.79871448484174e-05,0.0141347576670105,0.117422265955701
"root10",0,"b4",3.61991962604336e-05,0.0141347576670105,0.117422265955701
"root10",0,"b5",6.97927899358197e-05,0.0141347576670105,0.117422265955701
"root10",0,"b6",5.68361181670281e-05,0.0141347576670105,0.117422265955701
"root10",0,"b7",0.000106742646760039,0.0141347576670105,0.117422265955701
"root10",0,"b8",3.23737388590961e-05,0.0141347576670105,0.117422265955701
"root10",0,"b9",6.00775124739068e-05,6.00775124739068e-05,0.117422265955701
"root10",10,"b0",0.000115552757715986,0.222513374203588,0.135913399025866
"root10",10,"b1",7.62464072165395e-05,0.222513374203588,0.135913399025866
"root10",10,"b2",3.83577892248634e-05,0.222513374203588,0.135913399025866
"root10",10,"b3",3.83577892248634e-05,0.222513374203588,0.135913399025866
"root10",10,"b4",3.67753410528881e-05,0.222513374203588,0.135913399025866
"root10",10,"b5",7.02295642449988e-05,0.222513374203588,0.135913399025866
"root10",10,"b6",5.75136193494613e-05,0.222513374203588,0.135913399025866
"root10",10,"b7",0.000104303492901934,0.222513374203588,0.135913399025866
"root10",10,"b8",3.29632509000654e-05,0.222513374203588,0.135913399025866
"root10",10,"b9",6.04251749353544e-05,6.04251749353544e-05,0.135913399025866
"root10",11,"b0",0.000129930012377345,0.0228452932323142,0.127474305001559
"root10",11,"b1",7.13491185363882e-05,0.0228452932323142,0.127474305001559
"root10",11,"b2",3.9783600965113e-05,0.0228452932323142,0.127474305001559
"root10",11,"b3",3.9783600965113e-05,0.0228452932323142,0.127474305001559
"root10",11,"b4",3.77731821062046e-05,0.0228452932323142,0.127474305001559
"root10",11,"b5",6.51250448392718e-05,0.0228452932323142,0.127474305001559
"root10",11,"b6",5.37463924251062e-05,0.0228452932323142,0.127474305001559
"root10",11,"b7",8.55787181690987e-05,0.0228452932323142,0.127474305001559
"root10",11,"b8",3.36444686493792e-05,0.0228452932323142,0.127474305001559
"root10",11,"b9",5.65520244588309e-05,5.65520244588309e-05,0.127474305001559
"root10",12,"b0",0.000125279826278411,0.112249648792697,0.130175541548748
"root10",12,"b1",7.6438511130955e-05,0.112249648792697,0.130175541548748
"root10",12,"b2",4.02946672954068e-05,0.112249648792697,0.130175541548748
"root10",12,"b3",4.02946672954068e-05,0.112249648792697,0.130175541548748
"root10",12,"b4",3.8399445023441e-05,0.112249648792697,0.130175541548748
"root10",12,"b5",6.98908444421323e-05,0.112249648792697,0.130175541548748
"root10",12,"b6",5.70392556606358e-05,0.112249648792697,0.130175541548748
"root10",12,"b7",9.77950229628418e-05,0.112249648792697,0.130175541548748
"root10",12,"b8",3.41710142122144e-05,0.112249648792697,0.130175541548748
"root10",12,"b9",6.01751399968841e-05,6.01751399968841e-05,0.130175541548748
"root10",13,"b0",0.000125883688207286,0.171681615782914,0.149549082995171
"root10",13,"b1",6.85938193946498e-05,0.171681615782914,0.149549082995171
"root10",13,"b2",3.72629091664891e-05,0.171681615782914,0.149549082995171
"root10",13,"b3",3.72629091664891e-05,0.171681615782914,0.149549082995171
"root10",13,"b4",3.58127122200507e-05,0.171681615782914,0.149549082995171
"root10",13,"b5",6.38274512549431e-05,0.171681615782914,0.149549082995171
"root10",13,"b6",5.31132525854684e-05,0.171681615782914,0.149549082995171
"root10",13,"b7",8.94053228105138e-05,0.171681615782914,0.149549082995171
"root10",13,"b8",3.21752964946382e-05,0.171681615782914,0.149549082995171
"root10",13,"b9",5.57359669058655e-05,5.57359669058655e-05,0.149549082995171
"root10",14,"b0",0.000175516417764374,0.559914114188618,0.132032597033818
"root10",14,"b1",0.000100571217607241,0.559914114188618,0.132032597033818
"root10",14,"b2",4.96925592072669e-05,0.559914114188618,0.132032597033818
"root10",14,"b3",4.96925592072669e-05,0.559914114188618,0.132032597033818
"root10",14,"b4",4.63202286747239e-05,0.559914114188618,0.132032597033818
"root10",14,"b5",8.76416960572442e-05,0.559914114188618,0.132032597033818
"root10",14,"b6",6.79930745098974e-05,0.559914114188618,0.132032597033818
"root10",14,"b7",0.000132217862892051,0.559914114188618,0.132032597033818
"root10",14,"b8",4.01884394480383e-05,0.559914114188618,0.132032597033818
"root10",14,"b9",7.26651551799047e-05,7.26651551799047e-05,0.132032597033818
"root10",15,"b0",0.000162170300217635,0.322352204304245,0.141645131401601
"root10",15,"b1",9.29175938283056e-05,0.322352204304245,0.141645131401601
"root10",15,"b2",4.99371711439944e-05,0.322352204304245,0.141645131401601
"root10",15,"b3",4.99371711439944e-05,0.322352204304245,0.141645131401601
"root10",15,"b4",4.73442447620014e-05,0.322352204304245,0.141645131401601
"root10",15,"b5",8.42615833882503e-05,0.322352204304245,0.141645131401601
"root10",15,"b6",6.65211361299397e-05,0.322352204304245,0.141645131401601
"root10",15,"b7",0.000111238748400436,0.322352204304245,0.141645131401601
"root10",15,"b8",4.12008216532391e-05,0.322352204304245,0.141645131401601
"root10",15,"b9",7.06849458822393e-05,7.06849458822393e-05,0.141645131401601
"root10",16,"b0",0.000141467160260836,0.307715277099555,0.13183794839588
"root10",16,"b1",8.92054886067662e-05,0.307715277099555,0.13183794839588
"root10",16,"b2",4.48937564068863e-05,0.307715277099555,0.13183794839588
"root10",16,"b3",4.48937564068863e-05,0.307715277099555,0.13183794839588
"root10",16,"b4",4.26869452513148e-05,0.307715277099555,0.13183794839588
"root10",16,"b5",8.08869900894596e-05,0.307715277099555,0.13183794839588
"root10",16,"b6",6.42350962064371e-05,0.307715277099555,0.13183794839588
"root10",16,"b7",0.000119050952742309,0.307715277099555,0.13183794839588
"root10",16,"b8",3.75523545154194e-05,0.307715277099555,0.13183794839588
"root10",16,"b9",6.84424856495332e-05,6.84424856495332e-05,0.13183794839588
"root10",17,"b0",0.000172249879319156,0.128679403457027,0.130064844417037
"root10",17,"b1",8.53711508066102e-05,0.128679403457027,0.130064844417037
"root10",17,"b2",4.67976891196448e-05,0.128679403457027,0.130064844417037
"root10",17,"b3",4.67976891196448e-05,0.128679403457027,0.130064844417037
"root10",17,"b4",4.44178273481305e-05,0.128679403457027,0.130064844417037
"root10",17,"b5",7.76906361996216e-05,0.128679403457027,0.130064844417037
"root10",17,"b6",6.21760660246697e-05,0.128679403457027,0.130064844417037
"root10",17,"b7",0.000104836008129194,0.128679403457027,0.130064844417037
"root10",17,"b8",3.89050470279842e-05,0.128679403457027,0.130064844417037
"root10",17,"b9",6.59241943448867e-05,6.59241943448867e-05,0.130064844417037
"root10",18,"b0",0.000139048599762346,0.272122947546549,0.132993515064863
"root10",18,"b1",8.86049328495313e-05,0.272122947546549,0.132993515064863
"root10",18,"b2",4.55082162566442e-05,0.272122947546549,0.132993515064863
"root10",18,"b3",4.55082162566442e-05,0.272122947546549,0.132993515064863
"root10",18,"b4",4.2678728664332e-05,0.272122947546549,0.132993515064863
"root10",18,"b5",7.84630349439055e-05,0.272122947546549,0.132993515064863
"root10",18,"b6",6.23779481972245e-05,0.272122947546549,0.132993515064863
"root10",18,"b7",0.000108472718639422,0.272122947546549,0.132993515064863
"root10",18,"b8",3.74324080863897e-05,0.272122947546549,0.132993515064863
"root10",18,"b9",6.61397418225654e-05,6.61397418225654e-05,0.132993515064863
"root10",19,"b0",0.00014240314373114,0.221975035342047,0.13895777040709
"root10",19,"b1",8.44129399520518e-05,0.221975035342047,0.13895777040709
"root10",19,"b2",4.42760902986738e-05,0.221975035342047,0.13895777040709
"root10",19,"b3",4.42760902986738e-05,0.221975035342047,0.13895777040709
"root10",19,"b4",4.23570628382142e-05,0.221975035342047,0.13895777040709
"root10",19,"b5",7.76916663019789e-05,0.221975035342047,0.13895777040709
"root10",19,"b6",6.23271702807102e-05,0.221975035342047,0.13895777040709
"root10",19,"b7",0.000108287231715721,0.221975035342047,0.13895777040709
"root10",19,"b8",3.73432924801334e-05,0.221975035342047,0.13895777040709
"root10",19,"b9",6.60774418537984e-05,6.60774418537984e-05,0.13895777040709
"root10",20,"b0",0.000115021172917847,0.652228248373662,0.158930551710709
"root10",20,"b1",7.54030633082781e-05,0.652228248373662,0.158930551710709
"root10",20,"b2",4.08010908550393e-05,0.652228248373662,0.158930551710709
"root10",20,"b3",4.08010908550393e-05,0.652228248373662,0.158930551710709
"root10",20,"b4",3.92451059917537e-05,0.652228248373662,0.158930551710709
"root10",20,"b5",7.0250629111227e-05,0.652228248373662,0.158930551710709
"root10",20,"b6",5.77309208739189e-05,0.652228248373662,0.158930551710709
"root10",20,"b7",9.49138760153235e-05,0.652228248373662,0.158930551710709
"root10",20,"b8",3.50064670983464e-05,0.652228248373662,0.158930551710709
"root10",20,"b9",6.06736736057844e-05,6.06736736057844e-05,0.158930551710709
"root10",23,"b0",0.000142942939917034,0.922911954953137,0.152157362306145
"root10",23,"b1",9.01362511359428e-05,0.922911954953137,0.152157362306145
"root10",23,"b2",4.92706560485375e-05,0.922911954953137,0.152157362306145
"root10",23,"b3",4.92706560485375e-05,0.922911954953137,0.152157362306145
"root10",23,"b4",4.6879753232118e-05,0.922911954953137,0.152157362306145
"root10",23,"b5",8.237605508799e-05,0.922911954953137,0.152157362306145
"root10",23,"b6",6.56217646812895e-05,0.922911954953137,0.152157362306145
"root10",23,"b7",0.00010745167732725,0.922911954953137,0.152157362306145
"root10",23,"b8",4.096482810586e-05,0.922911954953137,0.152157362306145
"root10",23,"b9",6.97371021983294e-05,6.97371021983294e-05,0.152157362306145
"root10",24,"b0",0.000177043910255885,0.671464979590778,0.155015633286294
"root10",24,"b1",8.86093320162312e-05,0.671464979590778,0.155015633286294
"root10",24,"b2",5.08065022547075e-05,0.671464979590778,0.155015633286294
"root10",24,"b3",5.08065022547075e-05,0.671464979590778,0.155015633286294
"root10",24,"b4",4.79916376507594e-05,0.671464979590778,0.155015633286294
"root10",24,"b5",8.03051112852495e-05,0.671464979590778,0.155015633286294
"root10",24,"b6",6.40386959224547e-05,0.671464979590778,0.155015633286294
"root10",24,"b7",0.000102946550110801,0.671464979590778,0.155015633286294
"root10",24,"b8",4.17052722197025e-05,0.671464979590778,0.155015633286294
"root10",24,"b9",6.78306629177072e-05,6.78306629177072e-05,0.155015633286294
"root10",26,"b0",0.000112515403121769,1.32358316442325,0.226707394831443
"root10",26,"b1",6.99957360002559e-05,1.32358316442325,0.226707394831443
"root10",26,"b2",4.27041081055482e-05,1.32358316442325,0.226707394831443
"root10",26,"b3",4.27041081055482e-05,1.32358316442325,0.226707394831443
"root10",26,"b4",4.10928947853892e-05,1.32358316442325,0.226707394831443
"root10",26,"b5",6.57671360779731e-05,1.32358316442325,0.226707394831443
"root10",26,"b6",5.49735564902213e-05,1.32358316442325,0.226707394831443
"root10",26,"b7",7.915542150334e-05,1.32358316442325,0.226707394831443
"root10",26,"b8",3.66035597293578e-05,1.32358316442325,0.226707394831443
"root10",26,"b9",5.72953521576982e-05,5.72953521576982e-05,0.226707394831443
"root10",27,"b0",0.000198908663586897,2.32395961791861,0.202758676141316
"root10",27,"b1",8.44985316615962e-05,2.32395961791861,0.202758676141316
"root10",27,"b2",5.32854489454812e-05,2.32395961791861,0.202758676141316
"root10",27,"b3",5.32854489454812e-05,2.32395961791861,0.202758676141316
"root10",27,"b4",5.12496777646723e-05,2.32395961791861,0.202758676141316
"root10",27,"b5",7.9156217840312e-05,2.32395961791861,0.202758676141316
"root10",27,"b6",6.41680962512648e-05,2.32395961791861,0.202758676141316
"root10",27,"b7",9.44973783943361e-05,2.32395961791861,0.202758676141316
"root10",27,"b8",4.47361282818038e-05,2.32395961791861,0.202758676141316
"root10",27,"b9",6.74511996638855e-05,6.74511996638855e-05,0.202758676141316
"root10",28,"b0",0.000171279936001246,4.61087131198025,0.210190494071603
"root10",28,"b1",8.25077308228354e-05,4.61087131198025,0.210190494071603
"root10",28,"b2",5.12604619051774e-05,4.61087131198025,0.210190494071603
"root10",28,"b3",5.12604619051774e-05,4.61087131198025,0.210190494071603
"root10",28,"b4",4.88223774670295e-05,4.61087131198025,0.210190494071603
"root10",28,"b5",7.63091346261771e-05,4.61087131198025,0.210190494071603
"root10",28,"b6",6.19994417583171e-05,4.61087131198025,0.210190494071603
"root10",28,"b7",9.21172463895969e-05,4.61087131198025,0.210190494071603
"root10",28,"b8",4.25759847418967e-05,4.61087131198025,0.210190494071603
"root10",28,"b9",6.53600171799307e-05,6.53600171799307e-05,0.210190494071603
"root10",3,"b0",2.73772925467829e-05,0.00966840293617765,0.120236899720673
"root10",3,"b1",5.68333359618239e-05,0.00966840293617765,0.120236899720673
"root10",3,"b2",2.75172209830375e-05,0.00966840293617765,0.120236899720673
"root10",3,"b3",2.75172209830375e-05,0.00966840293617765,0.120236899720673
"root10",3,"b4",2.65846808085236e-05,0.00966840293617765,0.120236899720673
"root10",3,"b5",5.29935541591614e-05,0.00966840293617765,0.120236899720673
"root10",3,"b6",4.5194511655006e-05,0.00966840293617765,0.120236899720673
"root10",3,"b7",8.31494863601869e-05,0.00966840293617765,0.120236899720673
"root10",3,"b8",2.44667971670095e-05,0.00966840293617765,0.120236899720673
"root10",3,"b9",4.72413261041623e-05,4.72413261041623e-05,0.120236899720673
"root10",6,"b0",4.41545637976139e-05,0.0465297702990238,0.140436412889679
"root10",6,"b1",5.63106822194375e-05,0.0465297702990238,0.140436412889679
"root10",6,"b2",2.8562473553667e-05,0.0465297702990238,0.140436412889679
"root10",6,"b3",2.8562473553667e-05,0.0465297702990238,0.140436412889679
"root10",6,"b4",2.76828383004048e-05,0.0465297702990238,0.140436412889679
"root10",6,"b5",5.29905366565286e-05,0.0465297702990238,0.140436412889679
"root10",6,"b6",4.54033560908407e-05,0.0465297702990238,0.140436412889679
"root10",6,"b7",8.05114371959212e-05,0.0465297702990238,0.140436412889679
"root10",6,"b8",2.54603203692227e-05,0.0465297702990238,0.140436412889679
"root10",6,"b9",4.72491685607497e-05,4.72491685607497e-05,0.140436412889679
"root10",8,"b0",0.000182083531112083,0.0546478615948694,0.120214728179363
"root10",8,"b1",8.70504283026221e-05,0.0546478615948694,0.120214728179363
"root10",8,"b2",4.50260348256669e-05,0.0546478615948694,0.120214728179363
"root10",8,"b3",4.50260348256669e-05,0.0546478615948694,0.120214728179363
"root10",8,"b4",4.24935681969779e-05,0.0546478615948694,0.120214728179363
"root10",8,"b5",7.80480099501738e-05,0.0546478615948694,0.120214728179363
"root10",8,"b6",6.22142172435872e-05,0.0546478615948694,0.120214728179363
"root10",8,"b7",0.000116769543300396,0.0546478615948694,0.120214728179363
"root10",8,"b8",3.73251807485434e-05,0.0546478615948694,0.120214728179363
"root10",8,"b9",6.60769224078178e-05,6.60769224078178e-05,0.120214728179363
"root10",9,"b0",0.000109219671670708,0.0696437787392065,0.156378435602559
"root10",9,"b1",6.55695587641547e-05,0.0696437787392065,0.156378435602559
"root10",9,"b2",3.71434098974994e-05,0.0696437787392065,0.156378435602559
"root10",9,"b3",3.71434098974994e-05,0.0696437787392065,0.156378435602559
"root10",9,"b4",3.56734397716024e-05,0.0696437787392065,0.156378435602559
"root10",9,"b5",6.11197229041008e-05,0.0696437787392065,0.156378435602559
"root10",9,"b6",5.1320359358481e-05,0.0696437787392065,0.156378435602559
"root10",9,"b7",7.99516204281639e-05,0.0696437787392065,0.156378435602559
"root10",9,"b8",3.20983006340236e-05,0.0696437787392065,0.156378435602559
"root10",9,"b9",5.35537550976638e-05,5.35537550976638e-05,0.156378435602559
"root11",1,"b0",5.61666361417639e-05,0.00738428356317289,0.105047174722111
"root11",1,"b1",8.50862926462913e-05,0.00738428356317289,0.105047174722111
"root11",1,"b2",4.00915245454875e-05,0.00738428356317289,0.105047174722111
"root11",1,"b3",4.00915245454875e-05,0.00738428356317289,0.105047174722111
"root11",1,"b4",3.78189935669243e-05,0.00738428356317289,0.105047174722111
"root11",1,"b5",7.54610930779343e-05,0.00738428356317289,0.105047174722111
"root11",1,"b6",6.0174948260693e-05,0.00738428356317289,0.105047174722111
"root11",1,"b7",0.000124276907291904,0.00738428356317289,0.105047174722111
"root11",1,"b8",3.35486815521307e-05,0.00738428356317289,0.105047174722111
"root11",1,"b9",6.41763435575244e-05,6.41763435575244e-05,0.105047174722111
"root11",11,"b0",0.000155525435124199,0.0629836165409672,0.12474738703048
"root11",11,"b1",8.730846141315e-05,0.0629836165409672,0.12474738703048
"root11",11,"b2",4.65371501790931e-05,0.0629836165409672,0.12474738703048
"root11",11,"b3",4.65371501790931e-05,0.0629836165409672,0.12474738703048
"root11",11,"b4",4.35670194447206e-05,0.0629836165409672,0.12474738703048
"root11",11,"b5",7.73979752453561e-05,0.0629836165409672,0.12474738703048
"root11",11,"b6",6.15882091730376e-05,0.0629836165409672,0.12474738703048
"root11",11,"b7",0.00010497565711564,0.0629836165409672,0.12474738703048
"root11",11,"b8",3.80703689291623e-05,0.0629836165409672,0.12474738703048
"root11",11,"b9",6.56227080969639e-05,6.56227080969639e-05,0.12474738703048
"root11",12,"b0",0.00016287990894281,0.0698630766373316,0.124525661244408
"root11",12,"b1",8.3679972079712e-05,0.0698630766373316,0.124525661244408
"root11",12,"b2",4.39069969937148e-05,0.0698630766373316,0.124525661244408
"root11",12,"b3",4.39069969937148e-05,0.0698630766373316,0.124525661244408
"root11",12,"b4",4.13413521179201e-05,0.0698630766373316,0.124525661244408
"root11",12,"b5",7.48208724332992e-05,0.0698630766373316,0.124525661244408
"root11",12,"b6",6.00791113928515e-05,0.0698630766373316,0.124525661244408
"root11",12,"b7",0.00010673255741293,0.0698630766373316,0.124525661244408
"root11",12,"b8",3.64081210827716e-05,0.0698630766373316,0.124525661244408
"root11",12,"b9",6.36296281112457e-05,6.36296281112457e-05,0.124525661244408
"root11",13,"b0",0.000142781866516963,0.0610939506285902,0.13713233691228
"root11",13,"b1",7.70105890732469e-05,0.0610939506285902,0.13713233691228
"root11",13,"b2",4.26206738429589e-05,0.0610939506285902,0.13713233691228
"root11",13,"b3",4.26206738429589e-05,0.0610939506285902,0.13713233691228
"root11",13,"b4",4.04411388964533e-05,0.0610939506285902,0.13713233691228
"root11",13,"b5",7.01708473569339e-05,0.0610939506285902,0.13713233691228
"root11",13,"b6",5.74358064975171e-05,0.0610939506285902,0.13713233691228
"root11",13,"b7",9.18886172677434e-05,0.0610939506285902,0.13713233691228
"root11",13,"b8",3.58609989585066e-05,0.0610939506285902,0.13713233691228
"root11",13,"b9",6.04897007381261e-05,6.04897007381261e-05,0.13713233691228
"root11",14,"b0",0.000120201776196914,0.249909029052061,0.16102937968215
"root11",14,"b1",7.33979413279261e-05,0.249909029052061,0.16102937968215
"root11",14,"b2",4.18557167496466e-05,0.249909029052061,0.16102937968215
"root11",14,"b3",4.18557167496466e-05,0.249909029052061,0.16102937968215
"root11",14,"b4",3.98606875260889e-05,0.249909029052061,0.16102937968215
"root11",14,"b5",6.74718021140621e-05,0.249909029052061,0.16102937968215
"root11",14,"b6",5.57322673700501e-05,0.249909029052061,0.16102937968215
"root11",14,"b7",8.67520296689418e-05,0.249909029052061,0.16102937968215
"root11",14,"b8",3.54509558983e-05,0.249909029052061,0.16102937968215
"root11",14,"b9",5.86339537698351e-05,5.86339537698351e-05,0.16102937968215
"root11",16,"b0",0.000155046396084748,0.0679129848411733,0.128962820030705
"root11",16,"b1",8.18443707167093e-05,0.0679129848411733,0.128962820030705
"root11",16,"b2",4.40761656551483e-05,0.0679129848411733,0.128962820030705
"root11",16,"b3",4.40761656551483e-05,0.0679129848411733,0.128962820030705
"root11",16,"b4",4.14958549635859e-05,0.0679129848411733,0.128962820030705
"root11",16,"b5",7.33622655095211e-05,0.0679129848411733,0.128962820030705
"root11",16,"b6",5.91348301612426e-05,0.0679129848411733,0.128962820030705
"root11",16,"b7",0.000102675330560443,0.0679129848411733,0.128962820030705
"root11",16,"b8",3.6529034986911e-05,0.0679129848411733,0.128962820030705
"root11",16,"b9",6.26344022153645e-05,6.26344022153645e-05,0.128962820030705
"root11",17,"b0",0.000106529800992178,0.391216353921832,0.157227322712
"root11",17,"b1",6.94759109324571e-05,0.391216353921832,0.157227322712
"root11",17,"b2",3.79048838980045e-05,0.391216353921832,0.157227322712
"root11",17,"b3",3.79048838980045e-05,0.391216353921832,0.157227322712
"root11",17,"b4",3.68262760805046e-05,0.391216353921832,0.157227322712
"root11",17,"b5",6.59324329382477e-05,0.391216353921832,0.157227322712
"root11",17,"b6",5.50290868086657e-05,0.391216353921832,0.157227322712
"root11",17,"b7",9.07968129858159e-05,0.391216353921832,0.157227322712
"root11",17,"b8",3.31585714457021e-05,0.391216353921832,0.157227322712
"root11",17,"b9",5.77755210243882e-05,5.77755210243882e-05,0.157227322712
"root11",18,"b0",0.000169347006358842,0.339070184511173,0.125318391867075
"root11",18,"b1",9.60366445274215e-05,0.339070184511173,0.125318391867075
"root11",18,"b2",4.82678174033971e-05,0.339070184511173,0.125318391867075
"root11",18,"b3",4.82678174033971e-05,0.339070184511173,0.125318391867075
"root11",18,"b4",4.57720109637867e-05,0.339070184511173,0.125318391867075
"root11",18,"b5",8.65501180727666e-05,0.339070184511173,0.125318391867075
"root11",18,"b6",6.77883586378352e-05,0.339070184511173,0.125318391867075
"root11",18,"b7",0.000128855644571808,0.339070184511173,0.125318391867075
"root11",18,"b8",3.99574695214202e-05,0.339070184511173,0.125318391867075
"root11",18,"b9",7.21299231553384e-05,7.21299231553384e-05,0.125318391867075
"root11",19,"b0",0.000158297893442916,0.476874642701794,0.152773985503792
"root11",19,"b1",8.59188770067681e-05,0.476874642701794,0.152773985503792
"root11",19,"b2",4.75119612183698e-05,0.476874642701794,0.152773985503792
"root11",19,"b3",4.75119612183698e-05,0.476874642701794,0.152773985503792
"root11",19,"b4",4.48467860841669e-05,0.476874642701794,0.152773985503792
"root11",19,"b5",7.75686922072079e-05,0.476874642701794,0.152773985503792
"root11",19,"b6",6.22621406421191e-05,0.476874642701794,0.152773985503792
"root11",19,"b7",0.000103349435704206,0.476874642701794,0.152773985503792
"root11",19,"b8",3.92705431553456e-05,0.476874642701794,0.152773985503792
"root11",19,"b9",6.58506638138683e-05,6.58506638138683e-05,0.152773985503792
"root11",20,"b0",0.000173520671359745,0.493016794110437,0.141128255087128
"root11",20,"b1",9.31180010002565e-05,0.493016794110437,0.141128255087128
"root11",20,"b2",4.97380111950201e-05,0.493016794110437,0.141128255087128
"root11",20,"b3",4.97380111950201e-05,0.493016794110437,0.141128255087128
"root11",20,"b4",4.70616596606809e-05,0.493016794110437,0.141128255087128
"root11",20,"b5",8.40868495317955e-05,0.493016794110437,0.141128255087128
"root11",20,"b6",6.64334928085085e-05,0.493016794110437,0.141128255087128
"root11",20,"b7",0.00011715811219902,0.493016794110437,0.141128255087128
"root11",20,"b8",4.09960689582318e-05,0.493016794110437,0.141128255087128
"root11",20,"b9",7.03334650665199e-05,7.03334650665199e-05,0.141128255087128
"root11",21,"b0",0.000127562702815996,0.93497016993422,0.150516097633296
"root11",21,"b1",8.8984239895615e-05,0.93497016993422,0.150516097633296
"root11",21,"b2",4.71009014965992e-05,0.93497016993422,0.150516097633296
"root11",21,"b3",4.71009014965992e-05,0.93497016993422,0.150516097633296
"root11",21,"b4",4.49731251593457e-05,0.93497016993422,0.150516097633296
"root11",21,"b5",8.1640556602387e-05,0.93497016993422,0.150516097633296
"root11",21,"b6",6.52277441464114e-05,0.93497016993422,0.150516097633296
"root11",21,"b7",0.000107757492313014,0.93497016993422,0.150516097633296
"root11",21,"b8",3.95151859139839e-05,0.93497016993422,0.150516097633296
"root11",21,"b9",6.88662826541347e-05,6.88662826541347e-05,0.150516097633296
"root11",22,"b0",0.000144643181091699,0.152477004386978,0.150197289271875
"root11",22,"b1",7.54824902481836e-05,0.152477004386978,0.150197289271875
"root11",22,"b2",4.43073633972906e-05,0.152477004386978,0.150197289271875
"root11",22,"b3",4.43073633972906e-05,0.152477004386978,0.150197289271875
"root11",22,"b4",4.23193760485791e-05,0.152477004386978,0.150197289271875
"root11",22,"b5",6.98449334874062e-05,0.152477004386978,0.150197289271875
"root11",22,"b6",5.74706897475042e-05,0.152477004386978,0.150197289271875
"root11",22,"b7",8.71881537098457e-05,0.152477004386978,0.150197289271875
"root11",22,"b8",3.74584756533283e-05,0.152477004386978,0.150197289271875
"root11",22,"b9",6.05642818198547e-05,6.05642818198547e-05,0.150197289271875
"root11",23,"b0",0.000175604383807435,1.1238895105166,0.153550110737228
"root11",23,"b1",0.000103179954806885,1.1238895105166,0.153550110737228
"root11",23,"b2",5.47273592228191e-05,1.1238895105166,0.153550110737228
"root11",23,"b3",5.47273592228191e-05,1.1238895105166,0.153550110737228
"root11",23,"b4",5.16602298788689e-05,1.1238895105166,0.153550110737228
"root11",23,"b5",9.27047493055644e-05,1.1238895105166,0.153550110737228
"root11",23,"b6",7.19327563832267e-05,1.1238895105166,0.153550110737228
"root11",23,"b7",0.000126506612646387,1.1238895105166,0.153550110737228
"root11",23,"b8",4.45376716303641e-05,1.1238895105166,0.153550110737228
"root11",23,"b9",7.71369088697273e-05,7.71369088697273e-05,0.153550110737228
"root11",25,"b0",0.000213122660412394,0.723416543152972,0.12569804716405
"root11",25,"b1",0.000127306305065806,0.723416543152972,0.12569804716405
"root11",25,"b2",6.31365717287709e-05,0.723416543152972,0.12569804716405
"root11",25,"b3",6.31365717287709e-05,0.723416543152972,0.12569804716405
"root11",25,"b4",5.91770073256684e-05,0.723416543152972,0.12569804716405
"root11",25,"b5",0.000110673224825402,0.723416543152972,0.12569804716405
"root11",25,"b6",8.2148054434406e-05,0.723416543152972,0.12569804716405
"root11",25,"b7",0.000151016453001666,0.723416543152972,0.12569804716405
"root11",25,"b8",5.03590509577075e-05,0.723416543152972,0.12569804716405
"root11",25,"b9",8.8114576475873e-05,8.8114576475873e-05,0.12569804716405
"root11",26,"b0",0.000154129565683814,1.2542639333084,0.214758040533044
"root11",26,"b1",6.42846938874803e-05,1.2542639333084,0.214758040533044
"root11",26,"b2",4.21152056017601e-05,1.2542639333084,0.214758040533044
"root11",26,"b3",4.21152056017601e-05,1.2542639333084,0.214758040533044
"root11",26,"b4",4.0214259754247e-05,1.2542639333084,0.214758040533044
"root11",26,"b5",5.99538886373448e-05,1.2542639333084,0.214758040533044
"root11",26,"b6",5.06340250781188e-05,1.2542639333084,0.214758040533044
"root11",26,"b7",7.1974505540608e-05,1.2542639333084,0.214758040533044
"root11",26,"b8",3.57981703008621e-05,1.2542639333084,0.214758040533044
"root11",26,"b9",5.28081359019368e-05,5.28081359019368e-05,0.214758040533044
"root11",28,"b0",0.000176121126385813,1.82962290821327,0.26652692220461
"root11",28,"b1",4.91671696748704e-05,1.82962290821327,0.26652692220461
"root11",28,"b2",3.66997142417145e-05,1.82962290821327,0.26652692220461
"root11",28,"b3",3.66997142417145e-05,1.82962290821327,0.26652692220461
"root11",28,"b4",3.53558004982129e-05,1.82962290821327,0.26652692220461
"root11",28,"b5",4.67639387130725e-05,1.82962290821327,0.26652692220461
"root11",28,"b6",4.09556672949913e-05,1.82962290821327,0.26652692220461
"root11",28,"b7",5.14209590620802e-05,1.82962290821327,0.26652692220461
"root11",28,"b8",3.19507638964005e-05,1.82962290821327,0.26652692220461
"root11",28,"b9",4.23084417573919e-05,4.23084417573919e-05,0.26652692220461
"root11",29,"b0",0.000183309266277508,8.51286819511035,0.250852515343094
"root11",29,"b1",8.02021274135296e-05,8.51286819511035,0.250852515343094
"root11",29,"b2",5.15904370778523e-05,8.51286819511035,0.250852515343094
"root11",29,"b3",5.15904370778523e-05,8.51286819511035,0.250852515343094
"root11",29,"b4",4.8870386685516e-05,8.51286819511035,0.250852515343094
"root11",29,"b5",7.37647076807038e-05,8.51286819511035,0.250852515343094
"root11",29,"b6",6.02585356521685e-05,8.51286819511035,0.250852515343094
"root11",29,"b7",8.75694786636547e-05,8.51286819511035,0.250852515343094
"root11",29,"b8",4.25783303607315e-05,8.51286819511035,0.250852515343094
"root11",29,"b9",6.32715154130276e-05,6.32715154130276e-05,0.250852515343094
"root11",4,"b0",5.20799031138389e-05,0.0149646753320217,0.12198930067594
"root11",4,"b1",7.20458365569358e-05,0.0149646753320217,0.12198930067594
"root11",4,"b2",3.65751008375458e-05,0.0149646753320217,0.12198930067594
"root11",4,"b3",3.65751008375458e-05,0.0149646753320217,0.12198930067594
"root11",4,"b4",3.49701698643863e-05,0.0149646753320217,0.12198930067594
"root11",4,"b5",6.60677589030233e-05,0.0149646753320217,0.12198930067594
"root11",4,"b6",5.44524286982955e-05,0.0149646753320217,0.12198930067594
"root11",4,"b7",9.53546319525895e-05,0.0149646753320217,0.12198930067594
"root11",4,"b8",3.14242440611552e-05,0.0149646753320217,0.12198930067594
"root11",4,"b9",5.75304862736049e-05,5.75304862736049e-05,0.12198930067594
"root11",5,"b0",3.66578527144331e-05,0.0493129614460031,0.156024347800646
"root11",5,"b1",6.06229598465685e-05,0.0493129614460031,0.156024347800646
"root11",5,"b2",3.28208457869487e-05,0.0493129614460031,0.156024347800646
"root11",5,"b3",3.28208457869487e-05,0.0493129614460031,0.156024347800646
"root11",5,"b4",3.15165298516397e-05,0.0493129614460031,0.156024347800646
"root11",5,"b5",5.63149604029315e-05,0.0493129614460031,0.156024347800646
"root11",5,"b6",4.77713851816637e-05,0.0493129614460031,0.156024347800646
"root11",5,"b7",7.70050866881199e-05,0.0493129614460031,0.156024347800646
"root11",5,"b8",2.86497106233477e-05,0.0493129614460031,0.156024347800646
"root11",5,"b9",4.97976007693062e-05,4.97976007693062e-05,0.156024347800646
"root11",6,"b0",4.12971703049682e-05,0.0570347840413752,0.142373017686517
"root11",6,"b1",6.78138528055916e-05,0.0570347840413752,0.142373017686517
"root11",6,"b2",3.51407681413148e-05,0.0570347840413752,0.142373017686517
"root11",6,"b3",3.51407681413148e-05,0.0570347840413752,0.142373017686517
"root11",6,"b4",3.36612739310453e-05,0.0570347840413752,0.142373017686517
"root11",6,"b5",6.25108112497156e-05,0.0570347840413752,0.142373017686517
"root11",6,"b6",5.20863529387405e-05,0.0570347840413752,0.142373017686517
"root11",6,"b7",9.10143562560132e-05,0.0570347840413752,0.142373017686517
"root11",6,"b8",3.03868744684279e-05,0.0570347840413752,0.142373017686517
"root11",6,"b9",5.45989886989543e-05,5.45989886989543e-05,0.142373017686517
"root11",7,"b0",5.68414540114541e-05,0.233619457867872,0.117261785827377
"root11",7,"b1",8.15709919867914e-05,0.233619457867872,0.117261785827377
"root11",7,"b2",4.01552474116815e-05,0.233619457867872,0.117261785827377
"root11",7,"b3",4.01552474116815e-05,0.233619457867872,0.117261785827377
"root11",7,"b4",3.8284016643042e-05,0.233619457867872,0.117261785827377
"root11",7,"b5",7.41950150149413e-05,0.233619457867872,0.117261785827377
"root11",7,"b6",5.98229198014051e-05,0.233619457867872,0.117261785827377
"root11",7,"b7",0.000113547074123902,0.233619457867872,0.117261785827377
"root11",7,"b8",3.40638549818929e-05,0.233619457867872,0.117261785827377
"root11",7,"b9",6.33977630757246e-05,6.33977630757246e-05,0.117261785827377
"root11",8,"b0",0.000159914225574592,0.0934783130120538,0.115697335120358
"root11",8,"b1",8.88848322167926e-05,0.0934783130120538,0.115697335120358
"root11",8,"b2",4.39044587059927e-05,0.0934783130120538,0.115697335120358
"root11",8,"b3",4.39044587059927e-05,0.0934783130120538,0.115697335120358
"root11",8,"b4",4.16888320196821e-05,0.0934783130120538,0.115697335120358
"root11",8,"b5",8.02404278393591e-05,0.0934783130120538,0.115697335120358
"root11",8,"b6",6.35768320179729e-05,0.0934783130120538,0.115697335120358
"root11",8,"b7",0.00012277694250495,0.0934783130120538,0.115697335120358
"root11",8,"b8",3.66954538578479e-05,0.0934783130120538,0.115697335120358
"root11",8,"b9",6.77393986166287e-05,6.77393986166287e-05,0.115697335120358
"root11",9,"b0",0.000134121619737748,0.0352600904289272,0.130218012024922
"root11",9,"b1",7.42440969564304e-05,0.0352600904289272,0.130218012024922
"root11",9,"b2",4.08054242158448e-05,0.0352600904289272,0.130218012024922
"root11",9,"b3",4.08054242158448e-05,0.0352600904289272,0.130218012024922
"root11",9,"b4",3.87389321848034e-05,0.0352600904289272,0.130218012024922
"root11",9,"b5",6.76709305473032e-05,0.0352600904289272,0.130218012024922
"root11",9,"b6",5.54921579328982e-05,0.0352600904289272,0.130218012024922
"root11",9,"b7",9.06336692356472e-05,0.0352600904289272,0.130218012024922
"root11",9,"b8",3.44175181451418e-05,0.0352600904289272,0.130218012024922
"root11",9,"b9",5.85569913601907e-05,5.85569913601907e-05,0.130218012024922
"root12",0,"b0",4.02212830202621e-05,0.0181253184844119,0.148457460431862
"root12",0,"b1",6.44943839847396e-05,0.0181253184844119,0.148457460431862
"root12",0,"b2",3.4295445418044e-05,0.0181253184844119,0.148457460431862
"root12",0,"b3",3.4295445418044e-05,0.0181253184844119,0.148457460431862
"root12",0,"b4",3.28003030989782e-05,0.0181253184844119,0.148457460431862
"root12",0,"b5",5.93993872414087e-05,0.0181253184844119,0.148457460431862
"root12",0,"b6",5.00699616954335e-05,0.0181253184844119,0.148457460431862
"root12",0,"b7",8.29941563860053e-05,0.0181253184844119,0.148457460431862
"root12",0,"b8",2.97410544113532e-05,0.0181253184844119,0.148457460431862
"root12",0,"b9",5.22397967014084e-05,5.22397967014084e-05,0.148457460431862
"root12",1,"b0",4.14731639372821e-05,0.0235462050470931,0.128818016178654
"root12",1,"b1",7.00534254682444e-05,0.0235462050470931,0.128818016178654
"root12",1,"b2",3.51050087617046e-05,0.0235462050470931,0.128818016178654
"root12",1,"b3",3.51050087617046e-05,0.0235462050470931,0.128818016178654
"root12",1,"b4",3.34554183401675e-05,0.0235462050470931,0.128818016178654
"root12",1,"b5",6.37765845961371e-05,0.0235462050470931,0.128818016178654
"root12",1,"b6",5.27737201133363e-05,0.0235462050470931,0.128818016178654
"root12",1,"b7",9.62036800044338e-05,0.0235462050470931,0.128818016178654
"root12",1,"b8",3.01575739514812e-05,0.0235462050470931,0.128818016178654
"root12",1,"b9",5.5472933185328e-05,5.5472933185328e-05,0.128818016178654
"root12",10,"b0",0.000109901676510541,0.0244699843269077,0.142541288095742
"root12",10,"b1",6.34075409048778e-05,0.0244699843269077,0.142541288095742
"root12",10,"b2",3.46401616016739e-05,0.0244699843269077,0.142541288095742
"root12",10,"b3",3.46401616016739e-05,0.0244699843269077,0.142541288095742
"root12",10,"b4",3.31073670296786e-05,0.0244699843269077,0.142541288095742
"root12",10,"b5",5.84502034566314e-05,0.0244699843269077,0.142541288095742
"root12",10,"b6",4.92279559271374e-05,0.0244699843269077,0.142541288095742
"root12",10,"b7",7.92687824042255e-05,0.0244699843269077,0.142541288095742
"root12",10,"b8",2.99326028907157e-05,0.0244699843269077,0.142541288095742
"root12",10,"b9",5.14409950481909e-05,5.14409950481909e-05,0.142541288095742
"root12",11,"b0",0.000130991939761594,0.192216424036728,0.145368113883399
"root12",11,"b1",7.77222881055223e-05,0.192216424036728,0.145368113883399
"root12",11,"b2",4.12821338126713e-05,0.192216424036728,0.145368113883399
"root12",11,"b3",4.12821338126713e-05,0.192216424036728,0.145368113883399
"root12",11,"b4",3.92780931736303e-05,0.192216424036728,0.145368113883399
"root12",11,"b5",7.0907005005542e-05,0.192216424036728,0.145368113883399
"root12",11,"b6",5.8011606539398e-05,0.192216424036728,0.145368113883399
"root12",11,"b7",9.90336935686749e-05,0.192216424036728,0.145368113883399
"root12",11,"b8",3.49731105110024e-05,0.192216424036728,0.145368113883399
"root12",11,"b9",6.09204731413744e-05,6.09204731413744e-05,0.145368113883399
"root12",12,"b0",0.000140997086706722,0.708320349539941,0.132355206493892
"root12",12,"b1",9.7405518103429e-05,0.708320349539941,0.132355206493892
"root12",12,"b2",4.90105261393875e-05,0.708320349539941,0.132355206493892
"root12",12,"b3",4.90105261393875e-05,0.708320349539941,0.132355206493892
"root12",12,"b4",4.63313878643012e-05,0.708320349539941,0.132355206493892
"root12",12,"b5",8.72987481935177e-05,0.708320349539941,0.132355206493892
"root12",12,"b6",6.83323428634201e-05,0.708320349539941,0.132355206493892
"root12",12,"b7",0.000121703491445703,0.708320349539941,0.132355206493892
"root12",12,"b8",4.04059091521734e-05,0.708320349539941,0.132355206493892
"root12",12,"b9",7.25544033772312e-05,7.25544033772312e-05,0.132355206493892
"root12",14,"b0",0.00014735450469855,0.551613677584186,0.13621713141049
"root12",14,"b1",9.24654211599747e-05,0.551613677584186,0.13621713141049
"root12",14,"b2",4.58610810359377e-05,0.551613677584186,0.13621713141049
"root12",14,"b3",4.58610810359377e-05,0.551613677584186,0.13621713141049
"root12",14,"b4",4.34040557372436e-05,0.551613677584186,0.13621713141049
"root12",14,"b5",8.29748335098216e-05,0.551613677584186,0.13621713141049
"root12",14,"b6",6.54772536550298e-05,0.551613677584186,0.13621713141049
"root12",14,"b7",0.000123668039370913,0.551613677584186,0.13621713141049
"root12",14,"b8",3.80871414267023e-05,0.551613677584186,0.13621713141049
"root12",14,"b9",6.96410732005673e-05,6.96410732005673e-05,0.13621713141049
"root12",15,"b0",0.00013822997390712,0.266424378263102,0.13882023060468
"root12",15,"b1",8.60150022444018e-05,0.266424378263102,0.13882023060468
"root12",15,"b2",4.47386769413986e-05,0.266424378263102,0.13882023060468
"root12",15,"b3",4.47386769413986e-05,0.266424378263102,0.13882023060468
"root12",15,"b4",4.22978213537566e-05,0.266424378263102,0.13882023060468
"root12",15,"b5",7.74170622051463e-05,0.266424378263102,0.13882023060468
"root12",15,"b6",6.20049806729206e-05,0.266424378263102,0.13882023060468
"root12",15,"b7",0.000108897607502584,0.266424378263102,0.13882023060468
"root12",15,"b8",3.72424616072451e-05,0.266424378263102,0.13882023060468
"root12",15,"b9",6.56108186142549e-05,6.56108186142549e-05,0.13882023060468
"root12",16,"b0",0.000169726019159012,0.221535153750435,0.128037280081115
"root12",16,"b1",9.80670293919639e-05,0.221535153750435,0.128037280081115
"root12",16,"b2",5.032236389199e-05,0.221535153750435,0.128037280081115
"root12",16,"b3",5.032236389199e-05,0.221535153750435,0.128037280081115
"root12",16,"b4",4.74665169744214e-05,0.221535153750435,0.128037280081115
"root12",16,"b5",8.76882704583063e-05,0.221535153750435,0.128037280081115
"root12",16,"b6",6.84260380167628e-05,0.221535153750435,0.128037280081115
"root12",16,"b7",0.000124441415344684,0.221535153750435,0.128037280081115
"root12",16,"b8",4.12226671978748e-05,0.221535153750435,0.128037280081115
"root12",16,"b9",7.30748545275007e-05,7.30748545275007e-05,0.128037280081115
"root12",17,"b0",0.000211197721839734,0.565221489546063,0.125546771254447
"root12",17,"b1",0.000113629634873465,0.565221489546063,0.125546771254447
"root12",17,"b2",5.54191730391871e-05,0.565221489546063,0.125546771254447
"root12",17,"b3",5.54191730391871e-05,0.565221489546063,0.125546771254447
"root12",17,"b4",5.19741294659792e-05,0.565221489546063,0.125546771254447
"root12",17,"b5",9.99062769982007e-05,0.565221489546063,0.125546771254447
"root12",17,"b6",7.5508251330602e-05,0.565221489546063,0.125546771254447
"root12",17,"b7",0.000151224364481232,0.565221489546063,0.125546771254447
"root12",17,"b8",4.4536408477124e-05,0.565221489546063,0.125546771254447
"root12",17,"b9",8.11908743437159e-05,8.11908743437159e-05,0.125546771254447
"root12",18,"b0",0.000154024762123224,0.0767455301339797,0.127677583098786
"root12",18,"b1",8.48561191338075e-05,0.0767455301339797,0.127677583098786
"root12",18,"b2",4.68723083055919e-05,0.0767455301339797,0.127677583098786
"root12",18,"b3",4.68723083055919e-05,0.0767455301339797,0.127677583098786
"root12",18,"b4",4.41001450773228e-05,0.0767455301339797,0.127677583098786
"root12",18,"b5",7.61156597531442e-05,0.0767455301339797,0.127677583098786
"root12",18,"b6",6.10507880979606e-05,0.0767455301339797,0.127677583098786
"root12",18,"b7",9.79085579845536e-05,0.0767455301339797,0.127677583098786
"root12",18,"b8",3.86116852533691e-05,0.0767455301339797,0.127677583098786
"root12",18,"b9",6.4630981406219e-05,6.4630981406219e-05,0.127677583098786
"root12",19,"b0",0.000139140744033807,0.320624233414503,0.160831000147912
"root12",19,"b1",7.8514599026475e-05,0.320624233414503,0.160831000147912
"root12",19,"b2",4.48047604738776e-05,0.320624233414503,0.160831000147912
"root12",19,"b3",4.48047604738776e-05,0.320624233414503,0.160831000147912
"root12",19,"b4",4.31294796128527e-05,0.320624233414503,0.160831000147912
"root12",19,"b5",7.34773295686231e-05,0.320624233414503,0.160831000147912
"root12",19,"b6",6.01317534614451e-05,0.320624233414503,0.160831000147912
"root12",19,"b7",9.50308215266041e-05,0.320624233414503,0.160831000147912
"root12",19,"b8",3.81771231001896e-05,0.320624233414503,0.160831000147912
"root12",19,"b9",6.33959669950866e-05,6.33959669950866e-05,0.160831000147912
"root12",20,"b0",0.000154994488549507,0.506420443591347,0.138397312346929
"root12",20,"b1",9.71135008325744e-05,0.506420443591347,0.138397312346929
"root12",20,"b2",4.97189826620351e-05,0.506420443591347,0.138397312346929
"root12",20,"b3",4.97189826620351e-05,0.506420443591347,0.138397312346929
"root12",20,"b4",4.7113538749418e-05,0.506420443591347,0.138397312346929
"root12",20,"b5",8.75749852422916e-05,0.506420443591347,0.138397312346929
"root12",20,"b6",6.86117976991055e-05,0.506420443591347,0.138397312346929
"root12",20,"b7",0.000122739157154776,0.506420443591347,0.138397312346929
"root12",20,"b8",4.10416808144992e-05,0.506420443591347,0.138397312346929
"root12",20,"b9",7.2875190519876e-05,7.2875190519876e-05,0.138397312346929
"root12",21,"b0",0.000174593714209311,0.40526075030236,0.130705986082589
"root12",21,"b1",9.07966736915531e-05,0.40526075030236,0.130705986082589
"root12",21,"b2",4.86995243397485e-05,0.40526075030236,0.130705986082589
"root12",21,"b3",4.86995243397485e-05,0.40526075030236,0.130705986082589
"root12",21,"b4",4.59714448323971e-05,0.40526075030236,0.130705986082589
"root12",21,"b5",8.16003781744786e-05,0.40526075030236,0.130705986082589
"root12",21,"b6",6.46412502352543e-05,0.40526075030236,0.130705986082589
"root12",21,"b7",0.000113010199441428,0.40526075030236,0.130705986082589
"root12",21,"b8",4.01055105670304e-05,0.40526075030236,0.130705986082589
"root12",21,"b9",6.87259103394566e-05,6.87259103394566e-05,0.130705986082589
"root12",22,"b0",0.000150090717190663,0.292458079009507,0.124781661834904
"root12",22,"b1",8.9684022358728e-05,0.292458079009507,0.124781661834904
"root12",22,"b2",4.66650986968651e-05,0.292458079009507,0.124781661834904
"root12",22,"b3",4.66650986968651e-05,0.292458079009507,0.124781661834904
"root12",22,"b4",4.43067652291306e-05,0.292458079009507,0.124781661834904
"root12",22,"b5",8.12809521127054e-05,0.292458079009507,0.124781661834904
"root12",22,"b6",6.44738284728331e-05,0.292458079009507,0.124781661834904
"root12",22,"b7",0.000114217996592499,0.292458079009507,0.124781661834904
"root12",22,"b8",3.88249887743121e-05,0.292458079009507,0.124781661834904
"root12",22,"b9",6.85959344004793e-05,6.85959344004793e-05,0.124781661834904
"root12",23,"b0",0.000170888761191095,1.05907531204354,0.130227706178724
"root12",23,"b1",0.000108810093060951,1.05907531204354,0.130227706178724
"root12",23,"b2",5.49397898234549e-05,1.05907531204354,0.130227706178724
"root12",23,"b3",5.49397898234549e-05,1.05907531204354,0.130227706178724
"root12",23,"b4",5.13626795831115e-05,1.05907531204354,0.130227706178724
"root12",23,"b5",9.55001828443317e-05,1.05907531204354,0.130227706178724
"root12",23,"b6",7.29631893295385e-05,1.05907531204354,0.130227706178724
"root12",23,"b7",0.000133489733774524,1.05907531204354,0.130227706178724
"root12",23,"b8",4.40856014156118e-05,1.05907531204354,0.130227706178724
"root12",23,"b9",7.83829567408115e-05,7.83829567408115e-05,0.130227706178724
"root12",26,"b0",0.000172110419981498,4.47914956671177,0.20673702755991
"root12",26,"b1",0.000112218373032548,4.47914956671177,0.20673702755991
"root12",26,"b2",6.07680930079732e-05,4.47914956671177,0.20673702755991
"root12",26,"b3",6.07680930079732e-05,4.47914956671177,0.20673702755991
"root12",26,"b4",5.71325518651133e-05,4.47914956671177,0.20673702755991
"root12",26,"b5",0.000100344701078551,4.47914956671177,0.20673702755991
"root12",26,"b6",7.66867455699911e-05,4.47914956671177,0.20673702755991
"root12",26,"b7",0.000128452836125042,4.47914956671177,0.20673702755991
"root12",26,"b8",4.86262020215986e-05,4.47914956671177,0.20673702755991
"root12",26,"b9",8.18298861942678e-05,8.18298861942678e-05,0.20673702755991
"root12",27,"b0",0.000166115096104888,2.24640442676819,0.218111851551202
"root12",27,"b1",7.7774037084266e-05,2.24640442676819,0.218111851551202
"root12",27,"b2",4.95877655411697e-05,2.24640442676819,0.218111851551202
"root12",27,"b3",4.95877655411697e-05,2.24640442676819,0.218111851551202
"root12",27,"b4",4.70909720272257e-05,2.24640442676819,0.218111851551202
"root12",27,"b5",7.17639200464062e-05,2.24640442676819,0.218111851551202
"root12",27,"b6",5.88772109030321e-05,2.24640442676819,0.218111851551202
"root12",27,"b7",8.45416495240087e-05,2.24640442676819,0.218111851551202
"root12",27,"b8",4.1197994096926e-05,2.24640442676819,0.218111851551202
"root12",27,"b9",6.18499528830967e-05,6.18499528830967e-05,0.218111851551202
"root12",29,"b0",0.000167926538595121,4.14810855988862,0.226783398742285
"root12",29,"b1",7.12041186442222e-05,4.14810855988862,0.226783398742285
"root12",29,"b2",4.90150535061166e-05,4.14810855988862,0.226783398742285
"root12",29,"b3",4.90150535061166e-05,4.14810855988862,0.226783398742285
"root12",29,"b4",4.66778265311042e-05,4.14810855988862,0.226783398742285
"root12",29,"b5",6.64098417593522e-05,4.14810855988862,0.226783398742285
"root12",29,"b6",5.53263095721529e-05,4.14810855988862,0.226783398742285
"root12",29,"b7",7.67310336829353e-05,4.14810855988862,0.226783398742285
"root12",29,"b8",4.09009233276035e-05,4.14810855988862,0.226783398742285
"root12",29,"b9",5.79285421389924e-05,5.79285421389924e-05,0.226783398742285
"root12",3,"b0",6.93286895708616e-05,0.0234188668782436,0.10409158210119
"root12",3,"b1",8.08735829417939e-05,0.0234188668782436,0.10409158210119
"root12",3,"b2",3.89042769762921e-05,0.0234188668782436,0.10409158210119
"root12",3,"b3",3.89042769762921e-05,0.0234188668782436,0.10409158210119
"root12",3,"b4",3.68186750945995e-05,0.0234188668782436,0.10409158210119
"root12",3,"b5",7.23419316649936e-05,0.0234188668782436,0.10409158210119
"root12",3,"b6",5.82382991470216e-05,0.0234188668782436,0.10409158210119
"root12",3,"b7",0.000111029885360188,0.0234188668782436,0.10409158210119
"root12",3,"b8",3.27813737463156e-05,0.0234188668782436,0.10409158210119
"root12",3,"b9",6.18266858414842e-05,6.18266858414842e-05,0.10409158210119
"root12",30,"b0",0.000200376146889587,5.70406905420127,0.284950859639369
"root12",30,"b1",6.0257516679114e-05,5.70406905420127,0.284950859639369
"root12",30,"b2",4.43939011393212e-05,5.70406905420127,0.284950859639369
"root12",30,"b3",4.43939011393212e-05,5.70406905420127,0.284950859639369
"root12",30,"b4",4.24110058466409e-05,5.70406905420127,0.284950859639369
"root12",30,"b5",5.66718820942397e-05,5.70406905420127,0.284950859639369
"root12",30,"b6",4.83877468932039e-05,5.70406905420127,0.284950859639369
"root12",30,"b7",6.37470619350344e-05,5.70406905420127,0.284950859639369
"root12",30,"b8",3.75836584927384e-05,5.70406905420127,0.284950859639369
"root12",30,"b9",5.04093876093886e-05,5.04093876093886e-05,0.284950859639369
"root12",5,"b0",4.84560538443652e-05,0.00533799065020214,0.105655045902846
"root12",5,"b1",7.30229806167976e-05,0.00533799065020214,0.105655045902846
"root12",5,"b2",3.4541053704265e-05,0.00533799065020214,0.105655045902846
"root12",5,"b3",3.4541053704265e-05,0.00533799065020214,0.105655045902846
"root12",5,"b4",3.32194726849331e-05,0.00533799065020214,0.105655045902846
"root12",5,"b5",6.73534903544244e-05,0.00533799065020214,0.105655045902846
"root12",5,"b6",5.51423747520362e-05,0.00533799065020214,0.105655045902846
"root12",5,"b7",0.000105897447930595,0.00533799065020214,0.105655045902846
"root12",5,"b8",2.99504217647739e-05,0.00533799065020214,0.105655045902846
"root12",5,"b9",5.83479118287693e-05,5.83479118287693e-05,0.105655045902846
"root12",7,"b0",5.55521510400791e-05,0.0704134227643519,0.129457383418628
"root12",7,"b1",7.45184130277141e-05,0.0704134227643519,0.129457383418628
"root12",7,"b2",3.8157118466191e-05,0.0704134227643519,0.129457383418628
"root12",7,"b3",3.8157118466191e-05,0.0704134227643519,0.129457383418628
"root12",7,"b4",3.65023134258524e-05,0.0704134227643519,0.129457383418628
"root12",7,"b5",6.8449424022766e-05,0.0704134227643519,0.129457383418628
"root12",7,"b6",5.61683770429077e-05,0.0704134227643519,0.129457383418628
"root12",7,"b7",9.85709869220461e-05,0.0704134227643519,0.129457383418628
"root12",7,"b8",3.26921738239671e-05,0.0704134227643519,0.129457383418628
"root12",7,"b9",5.92645801686809e-05,5.92645801686809e-05,0.129457383418628
"root12",8,"b0",0.000150820114032512,0.0301442437042516,0.112910571133871
"root12",8,"b1",8.72026694944186e-05,0.0301442437042516,0.112910571133871
"root12",8,"b2",4.59820741259042e-05,0.0301442437042516,0.112910571133871
"root12",8,"b3",4.59820741259042e-05,0.0301442437042516,0.112910571133871
"root12",8,"b4",4.3436311216141e-05,0.0301442437042516,0.112910571133871
"root12",8,"b5",7.84025930331965e-05,0.0301442437042516,0.112910571133871
"root12",8,"b6",6.23962578057852e-05,0.0301442437042516,0.112910571133871
"root12",8,"b7",0.000106159250447315,0.0301442437042516,0.112910571133871
"root12",8,"b8",3.80601401238558e-05,0.0301442437042516,0.112910571133871
"root12",8,"b9",6.63869200427002e-05,6.63869200427002e-05,0.112910571133871
"root12",9,"b0",0.000343530624953508,0.00585089617315896,0.0922689535431548
"root12",9,"b1",0.000123937529084471,0.00585089617315896,0.0922689535431548
"root12",9,"b2",6.17726457850555e-05,0.00585089617315896,0.0922689535431548
"root12",9,"b3",6.17726457850555e-05,0.00585089617315896,0.0922689535431548
"root12",9,"b4",5.7366248596258e-05,0.00585089617315896,0.0922689535431548
"root12",9,"b5",0.000105206524359135,0.00585089617315896,0.0922689535431548
"root12",9,"b6",7.86798188622432e-05,0.00585089617315896,0.0922689535431548
"root12",9,"b7",0.000157390670941882,0.00585089617315896,0.0922689535431548
"root12",9,"b8",4.90517683676658e-05,0.00585089617315896,0.0922689535431548
"root12",9,"b9",8.4751640771547e-05,8.4751640771547e-05,0.0922689535431548
"root13",0,"b0",5.54104179299156e-05,0.0105472518705992,0.109744305624429
"root13",0,"b1",8.04452684532044e-05,0.0105472518705992,0.109744305624429
"root13",0,"b2",3.92022145046105e-05,0.0105472518705992,0.109744305624429
"root13",0,"b3",3.92022145046105e-05,0.0105472518705992,0.109744305624429
"root13",0,"b4",3.73725384283376e-05,0.0105472518705992,0.109744305624429
"root13",0,"b5",7.3092373337141e-05,0.0105472518705992,0.109744305624429
"root13",0,"b6",5.89194335920838e-05,0.0105472518705992,0.109744305624429
"root13",0,"b7",0.000112689630751306,0.0105472518705992,0.109744305624429
"root13",0,"b8",3.32819792518457e-05,0.0105472518705992,0.109744305624429
"root13",0,"b9",6.24925979678284e-05,6.24925979678284e-05,0.109744305624429
"root13",10,"b0",0.000169878344209991,0.121394020996447,0.130028054200743
"root13",10,"b1",9.27079671976209e-05,0.121394020996447,0.130028054200743
"root13",10,"b2",4.77624369565409e-05,0.121394020996447,0.130028054200743
"root13",10,"b3",4.77624369565409e-05,0.121394020996447,0.130028054200743
"root13",10,"b4",4.49294300465627e-05,0.121394020996447,0.130028054200743
"root13",10,"b5",8.25888116721633e-05,0.121394020996447,0.130028054200743
"root13",10,"b6",6.51776745141909e-05,0.121394020996447,0.130028054200743
"root13",10,"b7",0.000117989076200069,0.121394020996447,0.130028054200743
"root13",10,"b8",3.92318661928805e-05,0.121394020996447,0.130028054200743
"root13",10,"b9",6.93767177116528e-05,6.93767177116528e-05,0.130028054200743
"root13",11,"b0",0.000150052909824466,0.247690526658794,0.130464469451299
"root13",11,"b1",9.28337254667548e-05,0.247690526658794,0.130464469451299
"root13",11,"b2",4.69103418652624e-05,0.247690526658794,0.130464469451299
"root13",11,"b3",4.69103418652624e-05,0.247690526658794,0.130464469451299
"root13",11,"b4",4.42282699904617e-05,0.247690526658794,0.130464469451299
"root13",11,"b5",8.28787348884862e-05,0.247690526658794,0.130464469451299
"root13",11,"b6",6.53378210117658e-05,0.247690526658794,0.130464469451299
"root13",11,"b7",0.000116075854090236,0.247690526658794,0.130464469451299
"root13",11,"b8",3.86884828976052e-05,0.247690526658794,0.130464469451299
"root13",11,"b9",6.95138138186916e-05,6.95138138186916e-05,0.130464469451299
"root13",12,"b0",0.000113200751969844,0.0681317446720217,0.150254674594828
"root13",12,"b1",6.78458998520353e-05,0.0681317446720217,0.150254674594828
"root13",12,"b2",3.80379521801943e-05,0.0681317446720217,0.150254674594828
"root13",12,"b3",3.80379521801943e-05,0.0681317446720217,0.150254674594828
"root13",12,"b4",3.61225201213657e-05,0.0681317446720217,0.150254674594828
"root13",12,"b5",6.19825038416872e-05,0.0681317446720217,0.150254674594828
"root13",12,"b6",5.16165254218725e-05,0.0681317446720217,0.150254674594828
"root13",12,"b7",8.12061792625684e-05,0.0681317446720217,0.150254674594828
"root13",12,"b8",3.23380787562818e-05,0.0681317446720217,0.150254674594828
"root13",12,"b9",5.41648370887748e-05,5.41648370887748e-05,0.150254674594828
"root13",13,"b0",0.000177405284870997,0.170089641609517,0.113072724545385
"root13",13,"b1",9.77747267403358e-05,0.170089641609517,0.113072724545385
"root13",13,"b2",4.65923516351656e-05,0.170089641609517,0.113072724545385
"root13",13,"b3",4.65923516351656e-05,0.170089641609517,0.113072724545385
"root13",13,"b4",4.38171945486087e-05,0.170089641609517,0.113072724545385
"root13",13,"b5",8.62912368259234e-05,0.170089641609517,0.113072724545385
"root13",13,"b6",6.71534423948948e-05,0.170089641609517,0.113072724545385
"root13",13,"b7",0.000135965941920985,0.170089641609517,0.113072724545385
"root13",13,"b8",3.82829439529557e-05,0.170089641609517,0.113072724545385
"root13",13,"b9",7.1825841151182e-05,7.1825841151182e-05,0.113072724545385
"root13",14,"b0",0.00013012016429432,0.113647421521483,0.143498399748894
"root13",14,"b1",7.21985709453803e-05,0.113647421521483,0.143498399748894
"root13",14,"b2",3.95683065608515e-05,0.113647421521483,0.143498399748894
"root13",14,"b3",3.95683065608515e-05,0.113647421521483,0.143498399748894
"root13",14,"b4",3.78326302769916e-05,0.113647421521483,0.143498399748894
"root13",14,"b5",6.66144131743534e-05,0.113647421521483,0.143498399748894
"root13",14,"b6",5.50033546833957e-05,0.113647421521483,0.143498399748894
"root13",14,"b7",9.2429744399438e-05,0.113647421521483,0.143498399748894
"root13",14,"b8",3.37853104806231e-05,0.113647421521483,0.143498399748894
"root13",14,"b9",5.78158716976381e-05,5.78158716976381e-05,0.143498399748894
"root13",15,"b0",0.000146512655623266,0.286803891428049,0.137820892851902
"root13",15,"b1",9.00602242652207e-05,0.286803891428049,0.137820892851902
"root13",15,"b2",4.79197754084262e-05,0.286803891428049,0.137820892851902
"root13",15,"b3",4.79197754084262e-05,0.286803891428049,0.137820892851902
"root13",15,"b4",4.4697627411129e-05,0.286803891428049,0.137820892851902
"root13",15,"b5",7.92906820789634e-05,0.286803891428049,0.137820892851902
"root13",15,"b6",6.28485141710176e-05,0.286803891428049,0.137820892851902
"root13",15,"b7",0.000104403040664822,0.286803891428049,0.137820892851902
"root13",15,"b8",3.89605697136372e-05,0.286803891428049,0.137820892851902
"root13",15,"b9",6.70022314809491e-05,6.70022314809491e-05,0.137820892851902
"root13",16,"b0",0.000141347079003804,0.85449874789597,0.157265331255954
"root13",16,"b1",8.74256623416228e-05,0.85449874789597,0.157265331255954
"root13",16,"b2",4.65532516276967e-05,0.85449874789597,0.157265331255954
"root13",16,"b3",4.65532516276967e-05,0.85449874789597,0.157265331255954
"root13",16,"b4",4.46303961906476e-05,0.85449874789597,0.157265331255954
"root13",16,"b5",8.08665666748139e-05,0.85449874789597,0.157265331255954
"root13",16,"b6",6.45267909930479e-05,0.85449874789597,0.157265331255954
"root13",16,"b7",0.00010965482709696,0.85449874789597,0.157265331255954
"root13",16,"b8",3.91641217216422e-05,0.85449874789597,0.157265331255954
"root13",16,"b9",6.87299716114827e-05,6.87299716114827e-05,0.157265331255954
"root13",17,"b0",0.000170618015139409,0.485128553432069,0.127028166434538
"root13",17,"b1",0.00010488356651002,0.485128553432069,0.127028166434538
"root13",17,"b2",5.20416797617129e-05,0.485128553432069,0.127028166434538
"root13",17,"b3",5.20416797617129e-05,0.485128553432069,0.127028166434538
"root13",17,"b4",4.84095923268904e-05,0.485128553432069,0.127028166434538
"root13",17,"b5",9.10902018895258e-05,0.485128553432069,0.127028166434538
"root13",17,"b6",7.000964182704e-05,0.485128553432069,0.127028166434538
"root13",17,"b7",0.000131328034387464,0.485128553432069,0.127028166434538
"root13",17,"b8",4.17367551053395e-05,0.485128553432069,0.127028166434538
"root13",17,"b9",7.51404069954799e-05,7.51404069954799e-05,0.127028166434538
"root13",18,"b0",0.000136092112320443,0.785980425866714,0.131240608029074
"root13",18,"b1",0.000101679949198522,0.785980425866714,0.131240608029074
"root13",18,"b2",5.06839199193045e-05,0.785980425866714,0.131240608029074
"root13",18,"b3",5.06839199193045e-05,0.785980425866714,0.131240608029074
"root13",18,"b4",4.76253821603174e-05,0.785980425866714,0.131240608029074
"root13",18,"b5",8.99836936236678e-05,0.785980425866714,0.131240608029074
"root13",18,"b6",6.98286056584254e-05,0.785980425866714,0.131240608029074
"root13",18,"b7",0.000124639485696453,0.785980425866714,0.131240608029074
"root13",18,"b8",4.13447222708827e-05,0.785980425866714,0.131240608029074
"root13",18,"b9",7.43942595956811e-05,7.43942595956811e-05,0.131240608029074
"root13",19,"b0",0.00015626396271632,0.234047210929733,0.142828377631348
"root13",19,"b1",8.55460055194656e-05,0.234047210929733,0.142828377631348
"root13",19,"b2",4.64238417863254e-05,0.234047210929733,0.142828377631348
"root13",19,"b3",4.64238417863254e-05,0.234047210929733,0.142828377631348
"root13",19,"b4",4.42610464183157e-05,0.234047210929733,0.142828377631348
"root13",19,"b5",7.84284984926771e-05,0.234047210929733,0.142828377631348
"root13",19,"b6",6.29827607343667e-05,0.234047210929733,0.142828377631348
"root13",19,"b7",0.000105670365676885,0.234047210929733,0.142828377631348
"root13",19,"b8",3.89023449825715e-05,0.234047210929733,0.142828377631348
"root13",19,"b9",6.65905971919144e-05,6.65905971919144e-05,0.142828377631348
"root13",21,"b0",0.000151194464258188,0.504995957084032,0.148921863368459
"root13",21,"b1",8.43181885579876e-05,0.504995957084032,0.148921863368459
"root13",21,"b2",4.65891571690461e-05,0.504995957084032,0.148921863368459
"root13",21,"b3",4.65891571690461e-05,0.504995957084032,0.148921863368459
"root13",21,"b4",4.45484413873812e-05,0.504995957084032,0.148921863368459
"root13",21,"b5",7.78035059894086e-05,0.504995957084032,0.148921863368459
"root13",21,"b6",6.26512207423801e-05,0.504995957084032,0.148921863368459
"root13",21,"b7",0.000102623208674486,0.504995957084032,0.148921863368459
"root13",21,"b8",3.91592277423134e-05,0.504995957084032,0.148921863368459
"root13",21,"b9",6.63531905524764e-05,6.63531905524764e-05,0.148921863368459
"root13",22,"b0",0.000125691213034329,0.212547179900797,0.174165107123776
"root13",22,"b1",6.56686170879422e-05,0.212547179900797,0.174165107123776
"root13",22,"b2",4.01344231217599e-05,0.212547179900797,0.174165107123776
"root13",22,"b3",4.01344231217599e-05,0.212547179900797,0.174165107123776
"root13",22,"b4",3.89954258716669e-05,0.212547179900797,0.174165107123776
"root13",22,"b5",6.26551584221518e-05,0.212547179900797,0.174165107123776
"root13",22,"b6",5.28304419970215e-05,0.212547179900797,0.174165107123776
"root13",22,"b7",7.67276034504984e-05,0.212547179900797,0.174165107123776
"root13",22,"b8",3.49640441690891e-05,0.212547179900797,0.174165107123776
"root13",22,"b9",5.51608764453517e-05,5.51608764453517e-05,0.174165107123776
"root13",23,"b0",0.000156888645908116,0.209317750972118,0.143206259194345
"root13",23,"b1",8.20798078249409e-05,0.209317750972118,0.143206259194345
"root13",23,"b2",4.57714227535685e-05,0.209317750972118,0.143206259194345
"root13",23,"b3",4.57714227535685e-05,0.209317750972118,0.143206259194345
"root13",23,"b4",4.39639680189727e-05,0.209317750972118,0.143206259194345
"root13",23,"b5",7.6394653446561e-05,0.209317750972118,0.143206259194345
"root13",23,"b6",6.16439327562529e-05,0.209317750972118,0.143206259194345
"root13",23,"b7",0.000102445500040429,0.209317750972118,0.143206259194345
"root13",23,"b8",3.86698209212962e-05,0.209317750972118,0.143206259194345
"root13",23,"b9",6.52670514233338e-05,6.52670514233338e-05,0.143206259194345
"root13",24,"b0",0.000140301430040227,1.02564411783437,0.1622513023832
"root13",24,"b1",8.55912766867134e-05,1.02564411783437,0.1622513023832
"root13",24,"b2",4.88501849043145e-05,1.02564411783437,0.1622513023832
"root13",24,"b3",4.88501849043145e-05,1.02564411783437,0.1622513023832
"root13",24,"b4",4.6327831628154e-05,1.02564411783437,0.1622513023832
"root13",24,"b5",7.80646713459338e-05,1.02564411783437,0.1622513023832
"root13",24,"b6",6.27786617010599e-05,1.02564411783437,0.1622513023832
"root13",24,"b7",9.91761647054521e-05,1.02564411783437,0.1622513023832
"root13",24,"b8",4.05177839886829e-05,1.02564411783437,0.1622513023832
"root13",24,"b9",6.64612110144527e-05,6.64612110144527e-05,0.1622513023832
"root13",25,"b0",0.0001542088163297,1.22398661123841,0.155111677510982
"root13",25,"b1",9.31871468736865e-05,1.22398661123841,0.155111677510982
"root13",25,"b2",4.97735713847631e-05,1.22398661123841,0.155111677510982
"root13",25,"b3",4.97735713847631e-05,1.22398661123841,0.155111677510982
"root13",25,"b4",4.74370000754834e-05,1.22398661123841,0.155111677510982
"root13",25,"b5",8.52648716361525e-05,1.22398661123841,0.155111677510982
"root13",25,"b6",6.74809883780972e-05,1.22398661123841,0.155111677510982
"root13",25,"b7",0.000116177909885525,1.22398661123841,0.155111677510982
"root13",25,"b8",4.13955076390557e-05,1.22398661123841,0.155111677510982
"root13",25,"b9",7.1395198782974e-05,7.1395198782974e-05,0.155111677510982
"root13",27,"b0",0.000280389925150658,3.41328106905263,0.219949327286811
"root13",27,"b1",7.27666229687621e-05,3.41328106905263,0.219949327286811
"root13",27,"b2",5.8111851647909e-05,3.41328106905263,0.219949327286811
"root13",27,"b3",5.8111851647909e-05,3.41328106905263,0.219949327286811
"root13",27,"b4",5.40607518671066e-05,3.41328106905263,0.219949327286811
"root13",27,"b5",6.67042771108401e-05,3.41328106905263,0.219949327286811
"root13",27,"b6",5.51733021182855e-05,3.41328106905263,0.219949327286811
"root13",27,"b7",7.84758852131174e-05,3.41328106905263,0.219949327286811
"root13",27,"b8",4.61259946463622e-05,3.41328106905263,0.219949327286811
"root13",27,"b9",5.78657332840532e-05,5.78657332840532e-05,0.219949327286811
"root13",29,"b0",0.000165269924084405,9.3183290719486,0.258248786620252
"root13",29,"b1",7.43044104954991e-05,9.3183290719486,0.258248786620252
"root13",29,"b2",4.8706555033184e-05,9.3183290719486,0.258248786620252
"root13",29,"b3",4.8706555033184e-05,9.3183290719486,0.258248786620252
"root13",29,"b4",4.65409211233077e-05,9.3183290719486,0.258248786620252
"root13",29,"b5",6.93420322607477e-05,9.3183290719486,0.258248786620252
"root13",29,"b6",5.74552078052046e-05,9.3183290719486,0.258248786620252
"root13",29,"b7",8.09076809527188e-05,9.3183290719486,0.258248786620252
"root13",29,"b8",4.08931290121417e-05,9.3183290719486,0.258248786620252
"root13",29,"b9",6.01055036155074e-05,6.01055036155074e-05,0.258248786620252
"root13",3,"b0",4.28996126188097e-05,0.102832335573231,0.139689822665169
"root13",3,"b1",6.82262069799667e-05,0.102832335573231,0.139689822665169
"root13",3,"b2",3.53539321275384e-05,0.102832335573231,0.139689822665169
"root13",3,"b3",3.53539321275384e-05,0.102832335573231,0.139689822665169
"root13",3,"b4",3.40375170009109e-05,0.102832335573231,0.139689822665169
"root13",3,"b5",6.34833905508058e-05,0.102832335573231,0.139689822665169
"root13",3,"b6",5.29432768400109e-05,0.102832335573231,0.139689822665169
"root13",3,"b7",8.8983644933028e-05,0.102832335573231,0.139689822665169
"root13",3,"b8",3.07559008167776e-05,0.102832335573231,0.139689822665169
"root13",3,"b9",5.5370310410627e-05,5.5370310410627e-05,0.139689822665169
"root13",30,"b0",0.000257536095291489,6.34318766534265,0.225678814714916
"root13",30,"b1",9.12533627920793e-05,6.34318766534265,0.225678814714916
"root13",30,"b2",5.8047559561334e-05,6.34318766534265,0.225678814714916
"root13",30,"b3",5.8047559561334e-05,6.34318766534265,0.225678814714916
"root13",30,"b4",5.45828418776769e-05,6.34318766534265,0.225678814714916
"root13",30,"b5",8.21596516365855e-05,6.34318766534265,0.225678814714916
"root13",30,"b6",6.58075076407172e-05,6.34318766534265,0.225678814714916
"root13",30,"b7",9.59880129824961e-05,6.34318766534265,0.225678814714916
"root13",30,"b8",4.72243048042068e-05,6.34318766534265,0.225678814714916
"root13",30,"b9",6.91634888602244e-05,6.91634888602244e-05,0.225678814714916
"root13",4,"b0",4.93772542527233e-05,0.114262381217162,0.141205968100879
"root13",4,"b1",7.12588742891745e-05,0.114262381217162,0.141205968100879
"root13",4,"b2",3.80021317151881e-05,0.114262381217162,0.141205968100879
"root13",4,"b3",3.80021317151881e-05,0.114262381217162,0.141205968100879
"root13",4,"b4",3.64733826620779e-05,0.114262381217162,0.141205968100879
"root13",4,"b5",6.60560624626425e-05,0.114262381217162,0.141205968100879
"root13",4,"b6",5.47744272223152e-05,0.114262381217162,0.141205968100879
"root13",4,"b7",8.91772342498961e-05,0.114262381217162,0.141205968100879
"root13",4,"b8",3.27512224149218e-05,0.114262381217162,0.141205968100879
"root13",4,"b9",5.76708668945639e-05,5.76708668945639e-05,0.141205968100879
"root13",8,"b0",0.000116196384361113,0.318617709104066,0.159823220386505
"root13",8,"b1",7.33797355082929e-05,0.318617709104066,0.159823220386505
"root13",8,"b2",4.00821605085523e-05,0.318617709104066,0.159823220386505
"root13",8,"b3",4.00821605085523e-05,0.318617709104066,0.159823220386505
"root13",8,"b4",3.8185953219948e-05,0.318617709104066,0.159823220386505
"root13",8,"b5",6.72630386964114e-05,0.318617709104066,0.159823220386505
"root13",8,"b6",5.54183837567954e-05,0.318617709104066,0.159823220386505
"root13",8,"b7",9.09740454234198e-05,0.318617709104066,0.159823220386505
"root13",8,"b8",3.40548375459998e-05,0.318617709104066,0.159823220386505
"root13",8,"b9",5.82132755715301e-05,5.82132755715301e-05,0.159823220386505
"root13",9,"b0",9.66003044846915e-05,0.110905759032588,0.147420832983176
"root13",9,"b1",6.6457737009345e-05,0.110905759032588,0.147420832983176
"root13",9,"b2",3.49417222187319e-05,0.110905759032588,0.147420832983176
"root13",9,"b3",3.49417222187319e-05,0.110905759032588,0.147420832983176
"root13",9,"b4",3.358064775118e-05,0.110905759032588,0.147420832983176
"root13",9,"b5",6.16993176993145e-05,0.110905759032588,0.147420832983176
"root13",9,"b6",5.16234910727595e-05,0.110905759032588,0.147420832983176
"root13",9,"b7",8.39115529942051e-05,0.110905759032588,0.147420832983176
"root13",9,"b8",3.0356623866795e-05,0.110905759032588,0.147420832983176
"root13",9,"b9",5.4038619191651e-05,5.4038619191651e-05,0.147420832983176
"root14",10,"b0",0.000175064155817368,0.0859537611397144,0.120609470372595
"root14",10,"b1",8.98254528530465e-05,0.0859537611397144,0.120609470372595
"root14",10,"b2",4.61815928091141e-05,0.0859537611397144,0.120609470372595
"root14",10,"b3",4.61815928091141e-05,0.0859537611397144,0.120609470372595
"root14",10,"b4",4.34456668559263e-05,0.0859537611397144,0.120609470372595
"root14",10,"b5",8.00075764013044e-05,0.0859537611397144,0.120609470372595
"root14",10,"b6",6.33160324396244e-05,0.0859537611397144,0.120609470372595
"root14",10,"b7",0.000119750415932106,0.0859537611397144,0.120609470372595
"root14",10,"b8",3.80104594072079e-05,0.0859537611397144,0.120609470372595
"root14",10,"b9",6.75154330692431e-05,6.75154330692431e-05,0.120609470372595
"root14",11,"b0",0.000125419338216799,0.0725927754623137,0.146075102890573
"root14",11,"b1",7.39918724047023e-05,0.0725927754623137,0.146075102890573
"root14",11,"b2",4.12982222395114e-05,0.0725927754623137,0.146075102890573
"root14",11,"b3",4.12982222395114e-05,0.0725927754623137,0.146075102890573
"root14",11,"b4",3.92697643652182e-05,0.0725927754623137,0.146075102890573
"root14",11,"b5",6.77201174495639e-05,0.0725927754623137,0.146075102890573
"root14",11,"b6",5.57753488621604e-05,0.0725927754623137,0.146075102890573
"root14",11,"b7",8.82972464300378e-05,0.0725927754623137,0.146075102890573
"root14",11,"b8",3.49331124673968e-05,0.0725927754623137,0.146075102890573
"root14",11,"b9",5.8554490766355e-05,5.8554490766355e-05,0.146075102890573
"root14",12,"b0",0.000173241092156417,0.152628585897189,0.116561788965554
"root14",12,"b1",9.84738966278088e-05,0.152628585897189,0.116561788965554
"root14",12,"b2",4.91283407810601e-05,0.152628585897189,0.116561788965554
"root14",12,"b3",4.91283407810601e-05,0.152628585897189,0.116561788965554
"root14",12,"b4",4.61495113217963e-05,0.152628585897189,0.116561788965554
"root14",12,"b5",8.70943936034649e-05,0.152628585897189,0.116561788965554
"root14",12,"b6",6.78332568300358e-05,0.152628585897189,0.116561788965554
"root14",12,"b7",0.000126923345694838,0.152628585897189,0.116561788965554
"root14",12,"b8",4.0146374623577e-05,0.152628585897189,0.116561788965554
"root14",12,"b9",7.24038297585576e-05,7.24038297585576e-05,0.116561788965554
"root14",13,"b0",0.000121824760694672,0.0827058107526812,0.159609108984631
"root14",13,"b1",6.77650247192744e-05,0.0827058107526812,0.159609108984631
"root14",13,"b2",3.93253328284306e-05,0.0827058107526812,0.159609108984631
"root14",13,"b3",3.93253328284306e-05,0.0827058107526812,0.159609108984631
"root14",13,"b4",3.77637849400604e-05,0.0827058107526812,0.159609108984631
"root14",13,"b5",6.3253757123233e-05,0.0827058107526812,0.159609108984631
"root14",13,"b6",5.2866711115274e-05,0.0827058107526812,0.159609108984631
"root14",13,"b7",8.20129967802658e-05,0.0827058107526812,0.159609108984631
"root14",13,"b8",3.38009901163857e-05,0.0827058107526812,0.159609108984631
"root14",13,"b9",5.54103458549908e-05,5.54103458549908e-05,0.159609108984631
"root14",14,"b0",0.000139377225724814,0.280213621015052,0.154147043158473
"root14",14,"b1",8.05134066934661e-05,0.280213621015052,0.154147043158473
"root14",14,"b2",4.42156999196072e-05,0.280213621015052,0.154147043158473
"root14",14,"b3",4.42156999196072e-05,0.280213621015052,0.154147043158473
"root14",14,"b4",4.21619673257633e-05,0.280213621015052,0.154147043158473
"root14",14,"b5",7.39479669911165e-05,0.280213621015052,0.154147043158473
"root14",14,"b6",5.99643482184541e-05,0.280213621015052,0.154147043158473
"root14",14,"b7",9.93370034759294e-05,0.280213621015052,0.154147043158473
"root14",14,"b8",3.72168222706934e-05,0.280213621015052,0.154147043158473
"root14",14,"b9",6.33582242890503e-05,6.33582242890503e-05,0.154147043158473
"root14",16,"b0",0.000142787418053864,0.389466649707101,0.140484028984208
"root14",16,"b1",7.80939365014868e-05,0.389466649707101,0.140484028984208
"root14",16,"b2",4.0895046095155e-05,0.389466649707101,0.140484028984208
"root14",16,"b3",4.0895046095155e-05,0.389466649707101,0.140484028984208
"root14",16,"b4",3.92659430827505e-05,0.389466649707101,0.140484028984208
"root14",16,"b5",7.23531252140246e-05,0.389466649707101,0.140484028984208
"root14",16,"b6",5.89317783075198e-05,0.389466649707101,0.140484028984208
"root14",16,"b7",0.000112738463500999,0.389466649707101,0.140484028984208
"root14",16,"b8",3.49502229208815e-05,0.389466649707101,0.140484028984208
"root14",16,"b9",6.2296721109407e-05,6.2296721109407e-05,0.140484028984208
"root14",17,"b0",0.000165249863313491,0.504490424142599,0.138758150329049
"root14",17,"b1",9.90900979598858e-05,0.504490424142599,0.138758150329049
"root14",17,"b2",5.08215308206181e-05,0.504490424142599,0.138758150329049
"root14",17,"b3",5.08215308206181e-05,0.504490424142599,0.138758150329049
"root14",17,"b4",4.79791256129565e-05,0.504490424142599,0.138758150329049
"root14",17,"b5",8.87451496072541e-05,0.504490424142599,0.138758150329049
"root14",17,"b6",6.92758306309635e-05,0.504490424142599,0.138758150329049
"root14",17,"b7",0.00012398094267114,0.504490424142599,0.138758150329049
"root14",17,"b8",4.16811369025713e-05,0.504490424142599,0.138758150329049
"root14",17,"b9",7.39535820684945e-05,7.39535820684945e-05,0.138758150329049
"root14",18,"b0",0.000104480113565482,0.154420589582252,0.162950866661094
"root14",18,"b1",6.13934303988981e-05,0.154420589582252,0.162950866661094
"root14",18,"b2",3.44551504473619e-05,0.154420589582252,0.162950866661094
"root14",18,"b3",3.44551504473619e-05,0.154420589582252,0.162950866661094
"root14",18,"b4",3.32649618732806e-05,0.154420589582252,0.162950866661094
"root14",18,"b5",5.77132517610632e-05,0.154420589582252,0.162950866661094
"root14",18,"b6",4.89211003936966e-05,0.154420589582252,0.162950866661094
"root14",18,"b7",7.86800913505144e-05,0.154420589582252,0.162950866661094
"root14",18,"b8",3.01430864146175e-05,0.154420589582252,0.162950866661094
"root14",18,"b9",5.1037406295605e-05,5.1037406295605e-05,0.162950866661094
"root14",19,"b0",0.000166612976946306,0.458834780167119,0.142099832392642
"root14",19,"b1",9.59563227369269e-05,0.458834780167119,0.142099832392642
"root14",19,"b2",5.16606563456826e-05,0.458834780167119,0.142099832392642
"root14",19,"b3",5.16606563456826e-05,0.458834780167119,0.142099832392642
"root14",19,"b4",4.88319139179474e-05,0.458834780167119,0.142099832392642
"root14",19,"b5",8.65528110258074e-05,0.458834780167119,0.142099832392642
"root14",19,"b6",6.78974425531561e-05,0.458834780167119,0.142099832392642
"root14",19,"b7",0.000116790933335307,0.458834780167119,0.142099832392642
"root14",19,"b8",4.23112137598717e-05,0.458834780167119,0.142099832392642
"root14",19,"b9",7.22438107443499e-05,7.22438107443499e-05,0.142099832392642
"root14",2,"b0",4.32807523139722e-05,0.0103773659805363,0.140597006276195
"root14",2,"b1",5.78047662526345e-05,0.0103773659805363,0.140597006276195
"root14",2,"b2",2.99643250393939e-05,0.0103773659805363,0.140597006276195
"root14",2,"b3",2.99643250393939e-05,0.0103773659805363,0.140597006276195
"root14",2,"b4",2.8967114792665e-05,0.0103773659805363,0.140597006276195
"root14",2,"b5",5.42042671353856e-05,0.0103773659805363,0.140597006276195
"root14",2,"b6",4.62785274837198e-05,0.0103773659805363,0.140597006276195
"root14",2,"b7",7.94852657697518e-05,0.0103773659805363,0.140597006276195
"root14",2,"b8",2.65384760720537e-05,0.0103773659805363,0.140597006276195
"root14",2,"b9",4.83221911071956e-05,4.83221911071956e-05,0.140597006276195
"root14",22,"b0",0.000124530633713287,0.655133412902533,0.169736109344665
"root14",22,"b1",7.31627257655104e-05,0.655133412902533,0.169736109344665
"root14",22,"b2",4.20571171964083e-05,0.655133412902533,0.169736109344665
"root14",22,"b3",4.20571171964083e-05,0.655133412902533,0.169736109344665
"root14",22,"b4",4.02675353512919e-05,0.655133412902533,0.169736109344665
"root14",22,"b5",6.78956136387061e-05,0.655133412902533,0.169736109344665
"root14",22,"b6",5.60945542587482e-05,0.655133412902533,0.169736109344665
"root14",22,"b7",8.71354936669389e-05,0.655133412902533,0.169736109344665
"root14",22,"b8",3.58090953840576e-05,0.655133412902533,0.169736109344665
"root14",22,"b9",5.88075264602959e-05,5.88075264602959e-05,0.169736109344665
"root14",23,"b0",0.000144940959550609,0.154989267327452,0.151167163178
"root14",23,"b1",6.80974125279017e-05,0.154989267327452,0.151167163178
"root14",23,"b2",4.01424291122154e-05,0.154989267327452,0.151167163178
"root14",23,"b3",4.01424291122154e-05,0.154989267327452,0.151167163178
"root14",23,"b4",3.8734402301087e-05,0.154989267327452,0.151167163178
"root14",23,"b5",6.41023878832321e-05,0.154989267327452,0.151167163178
"root14",23,"b6",5.35073147972638e-05,0.154989267327452,0.151167163178
"root14",23,"b7",8.25368254211613e-05,0.154989267327452,0.151167163178
"root14",23,"b8",3.46239574147314e-05,0.154989267327452,0.151167163178
"root14",23,"b9",5.58768633295264e-05,5.58768633295264e-05,0.151167163178
"root14",24,"b0",0.000136014482377889,0.416255811818342,0.173183231105851
"root14",24,"b1",6.64100514167132e-05,0.416255811818342,0.173183231105851
"root14",24,"b2",3.99265895925566e-05,0.416255811818342,0.173183231105851
"root14",24,"b3",3.99265895925566e-05,0.416255811818342,0.173183231105851
"root14",24,"b4",3.83855656523938e-05,0.416255811818342,0.173183231105851
"root14",24,"b5",6.22328443701604e-05,0.416255811818342,0.173183231105851
"root14",24,"b6",5.22960009045266e-05,0.416255811818342,0.173183231105851
"root14",24,"b7",7.93727631111432e-05,0.416255811818342,0.173183231105851
"root14",24,"b8",3.4369465273755e-05,0.416255811818342,0.173183231105851
"root14",24,"b9",5.4575612714918e-05,5.4575612714918e-05,0.173183231105851
"root14",25,"b0",0.000150371191417341,0.574273759123184,0.177995011058846
"root14",25,"b1",8.06408447243814e-05,0.574273759123184,0.177995011058846
"root14",25,"b2",4.73101206134687e-05,0.574273759123184,0.177995011058846
"root14",25,"b3",4.73101206134687e-05,0.574273759123184,0.177995011058846
"root14",25,"b4",4.4791219701521e-05,0.574273759123184,0.177995011058846
"root14",25,"b5",7.35713048592884e-05,0.574273759123184,0.177995011058846
"root14",25,"b6",5.96329634950714e-05,0.574273759123184,0.177995011058846
"root14",25,"b7",9.15340652651187e-05,0.574273759123184,0.177995011058846
"root14",25,"b8",3.92200153887872e-05,0.574273759123184,0.177995011058846
"root14",25,"b9",6.29523231571698e-05,6.29523231571698e-05,0.177995011058846
"root14",26,"b0",0.000217294120709806,2.10805060907823,0.158167665743963
"root14",26,"b1",0.000111728147518735,2.10805060907823,0.158167665743963
"root14",26,"b2",5.81783389037237e-05,2.10805060907823,0.158167665743963
"root14",26,"b3",5.81783389037237e-05,2.10805060907823,0.158167665743963
"root14",26,"b4",5.43296191428222e-05,2.10805060907823,0.158167665743963
"root14",26,"b5",9.82110018500284e-05,2.10805060907823,0.158167665743963
"root14",26,"b6",7.48445767514965e-05,2.10805060907823,0.158167665743963
"root14",26,"b7",0.000141650824283471,2.10805060907823,0.158167665743963
"root14",26,"b8",4.63749916126472e-05,2.10805060907823,0.158167665743963
"root14",26,"b9",8.01286171527347e-05,8.01286171527347e-05,0.158167665743963
"root14",27,"b0",0.000226892821845942,0.601089658252843,0.225470647348577
"root14",27,"b1",6.84367282996465e-05,0.601089658252843,0.225470647348577
"root14",27,"b2",4.65040213821254e-05,0.601089658252843,0.225470647348577
"root14",27,"b3",4.65040213821254e-05,0.601089658252843,0.225470647348577
"root14",27,"b4",4.38026790797938e-05,0.601089658252843,0.225470647348577
"root14",27,"b5",6.27016605815393e-05,0.601089658252843,0.225470647348577
"root14",27,"b6",5.24372851497766e-05,0.601089658252843,0.225470647348577
"root14",27,"b7",7.24070161986943e-05,0.601089658252843,0.225470647348577
"root14",27,"b8",3.85551018931703e-05,0.601089658252843,0.225470647348577
"root14",27,"b9",5.4822746495054e-05,5.4822746495054e-05,0.225470647348577
"root14",28,"b0",0.000168351852996722,1.30841814874412,0.194861717439039
"root14",28,"b1",6.49250352154321e-05,1.30841814874412,0.194861717439039
"root14",28,"b2",4.1705318794686e-05,1.30841814874412,0.194861717439039
"root14",28,"b3",4.1705318794686e-05,1.30841814874412,0.194861717439039
"root14",28,"b4",4.00689767697843e-05,1.30841814874412,0.194861717439039
"root14",28,"b5",6.10300676943075e-05,1.30841814874412,0.194861717439039
"root14",28,"b6",5.13743769140439e-05,1.30841814874412,0.194861717439039
"root14",28,"b7",7.68228174534092e-05,1.30841814874412,0.194861717439039
"root14",28,"b8",3.56763048688945e-05,1.30841814874412,0.194861717439039
"root14",28,"b9",5.37630264148055e-05,5.37630264148055e-05,0.194861717439039
"root14",29,"b0",0.000184977283359949,6.0969830328087,0.339145404179258
"root14",29,"b1",4.75235343580311e-05,6.0969830328087,0.339145404179258
"root14",29,"b2",3.62597390882294e-05,6.0969830328087,0.339145404179258
"root14",29,"b3",3.62597390882294e-05,6.0969830328087,0.339145404179258
"root14",29,"b4",3.51604977975906e-05,6.0969830328087,0.339145404179258
"root14",29,"b5",4.56427755404083e-05,6.0969830328087,0.339145404179258
"root14",29,"b6",4.02359427476577e-05,6.0969830328087,0.339145404179258
"root14",29,"b7",5.02444214644495e-05,6.0969830328087,0.339145404179258
"root14",29,"b8",3.18729021715544e-05,6.0969830328087,0.339145404179258
"root14",29,"b9",4.15089532330906e-05,4.15089532330906e-05,0.339145404179258
"root14",30,"b0",0.00020529261495283,13.4821607948991,0.2772587907803
"root14",30,"b1",8.86868708708801e-05,13.4821607948991,0.2772587907803
"root14",30,"b2",6.90515088603224e-05,13.4821607948991,0.2772587907803
"root14",30,"b3",6.90515088603224e-05,13.4821607948991,0.2772587907803
"root14",30,"b4",6.42040468377362e-05,13.4821607948991,0.2772587907803
"root14",30,"b5",8.09806959118929e-05,13.4821607948991,0.2772587907803
"root14",30,"b6",6.79043056045688e-05,13.4821607948991,0.2772587907803
"root14",30,"b7",9.39698040594519e-05,13.4821607948991,0.2772587907803
"root14",30,"b8",5.567813964806e-05,13.4821607948991,0.2772587907803
"root14",30,"b9",7.08840832886838e-05,7.08840832886838e-05,0.2772587907803
"root14",4,"b0",4.81169732323841e-05,0.0330982657054935,0.138977707797631
"root14",4,"b1",7.87864423963333e-05,0.0330982657054935,0.138977707797631
"root14",4,"b2",4.12501864213351e-05,0.0330982657054935,0.138977707797631
"root14",4,"b3",4.12501864213351e-05,0.0330982657054935,0.138977707797631
"root14",4,"b4",3.92537942702441e-05,0.0330982657054935,0.138977707797631
"root14",4,"b5",7.17979962606424e-05,0.0330982657054935,0.138977707797631
"root14",4,"b6",5.83933740955557e-05,0.0330982657054935,0.138977707797631
"root14",4,"b7",0.000106107043981422,0.0330982657054935,0.138977707797631
"root14",4,"b8",3.48806308383527e-05,0.0330982657054935,0.138977707797631
"root14",4,"b9",6.14905299396753e-05,6.14905299396753e-05,0.138977707797631
"root14",5,"b0",4.03944789365003e-05,0.090959772495302,0.150443496002826
"root14",5,"b1",5.94646805774993e-05,0.090959772495302,0.150443496002826
"root14",5,"b2",3.14561841169807e-05,0.090959772495302,0.150443496002826
"root14",5,"b3",3.14561841169807e-05,0.090959772495302,0.150443496002826
"root14",5,"b4",3.03925513562179e-05,0.090959772495302,0.150443496002826
"root14",5,"b5",5.57730616955792e-05,0.090959772495302,0.150443496002826
"root14",5,"b6",4.74694619617465e-05,0.090959772495302,0.150443496002826
"root14",5,"b7",7.91810695581324e-05,0.090959772495302,0.150443496002826
"root14",5,"b8",2.77480935897524e-05,0.090959772495302,0.150443496002826
"root14",5,"b9",4.94473773856457e-05,4.94473773856457e-05,0.150443496002826
"root14",6,"b0",4.85231454538183e-05,0.0883905001533871,0.134621185891356
"root14",6,"b1",7.25769389908004e-05,0.0883905001533871,0.134621185891356
"root14",6,"b2",3.78780973974742e-05,0.0883905001533871,0.134621185891356
"root14",6,"b3",3.78780973974742e-05,0.0883905001533871,0.134621185891356
"root14",6,"b4",3.6445852706852e-05,0.0883905001533871,0.134621185891356
"root14",6,"b5",6.74880971224778e-05,0.0883905001533871,0.134621185891356
"root14",6,"b6",5.56385429873656e-05,0.0883905001533871,0.134621185891356
"root14",6,"b7",9.7041261308966e-05,0.0883905001533871,0.134621185891356
"root14",6,"b8",3.26886391611791e-05,0.0883905001533871,0.134621185891356
"root14",6,"b9",5.85853119332509e-05,5.85853119332509e-05,0.134621185891356
"root14",8,"b0",0.000121823248860914,0.336575361391748,0.153220644565427
"root14",8,"b1",7.66155460790649e-05,0.336575361391748,0.153220644565427
"root14",8,"b2",4.14600610793127e-05,0.336575361391748,0.153220644565427
"root14",8,"b3",4.14600610793127e-05,0.336575361391748,0.153220644565427
"root14",8,"b4",3.93331603837214e-05,0.336575361391748,0.153220644565427
"root14",8,"b5",6.96504412852724e-05,0.336575361391748,0.153220644565427
"root14",8,"b6",5.70228222052888e-05,0.336575361391748,0.153220644565427
"root14",8,"b7",9.45801541353336e-05,0.336575361391748,0.153220644565427
"root14",8,"b8",3.49629664225469e-05,0.336575361391748,0.153220644565427
"root14",8,"b9",5.98037814015211e-05,5.98037814015211e-05,0.153220644565427
"root14",9,"b0",9.27012188051354e-05,0.0928880074255645,0.156436580799385
"root14",9,"b1",6.03163511547253e-05,0.0928880074255645,0.156436580799385
"root14",9,"b2",3.40881574354995e-05,0.0928880074255645,0.156436580799385
"root14",9,"b3",3.40881574354995e-05,0.0928880074255645,0.156436580799385
"root14",9,"b4",3.26369840552495e-05,0.0928880074255645,0.156436580799385
"root14",9,"b5",5.59148522259689e-05,0.0928880074255645,0.156436580799385
"root14",9,"b6",4.74314412097926e-05,0.0928880074255645,0.156436580799385
"root14",9,"b7",7.18047111155339e-05,0.0928880074255645,0.156436580799385
"root14",9,"b8",2.95529691902891e-05,0.0928880074255645,0.156436580799385
"root14",9,"b9",4.94451602381036e-05,4.94451602381036e-05,0.156436580799385
"root15",0,"b0",5.86603391243767e-05,0.0195784299025512,0.106338340240581
"root15",0,"b1",8.11453641660551e-05,0.0195784299025512,0.106338340240581
"root15",0,"b2",3.90009416610327e-05,0.0195784299025512,0.106338340240581
"root15",0,"b3",3.90009416610327e-05,0.0195784299025512,0.106338340240581
"root15",0,"b4",3.69414571945147e-05,0.0195784299025512,0.106338340240581
"root15",0,"b5",7.27035440077468e-05,0.0195784299025512,0.106338340240581
"root15",0,"b6",5.85279363634148e-05,0.0195784299025512,0.106338340240581
"root15",0,"b7",0.00010997739766352,0.0195784299025512,0.106338340240581
"root15",0,"b8",3.28956356104147e-05,0.0195784299025512,0.106338340240581
"root15",0,"b9",6.20359347614287e-05,6.20359347614287e-05,0.106338340240581
"root15",1,"b0",4.18019009894509e-05,0.0426643301949811,0.141445930768354
"root15",1,"b1",6.75086366627913e-05,0.0426643301949811,0.141445930768354
"root15",1,"b2",3.56016225147899e-05,0.0426643301949811,0.141445930768354
"root15",1,"b3",3.56016225147899e-05,0.0426643301949811,0.141445930768354
"root15",1,"b4",3.39835835511075e-05,0.0426643301949811,0.141445930768354
"root15",1,"b5",6.19174729758622e-05,0.0426643301949811,0.141445930768354
"root15",1,"b6",5.16290698622167e-05,0.0426643301949811,0.141445930768354
"root15",1,"b7",8.51992856085434e-05,0.0426643301949811,0.141445930768354
"root15",1,"b8",3.06335765148178e-05,0.0426643301949811,0.141445930768354
"root15",1,"b9",5.40918730578728e-05,5.40918730578728e-05,0.141445930768354
"root15",10,"b0",0.000123344176014182,0.205388455860836,0.146657552400706
"root15",10,"b1",7.69027807337156e-05,0.205388455860836,0.146657552400706
"root15",10,"b2",4.18619492474379e-05,0.205388455860836,0.146657552400706
"root15",10,"b3",4.18619492474379e-05,0.205388455860836,0.146657552400706
"root15",10,"b4",3.98174563850419e-05,0.205388455860836,0.146657552400706
"root15",10,"b5",7.02680275410016e-05,0.205388455860836,0.146657552400706
"root15",10,"b6",5.74813088372794e-05,0.205388455860836,0.146657552400706
"root15",10,"b7",9.57440292598365e-05,0.205388455860836,0.146657552400706
"root15",10,"b8",3.53623957938529e-05,0.205388455860836,0.146657552400706
"root15",10,"b9",6.05641410185258e-05,6.05641410185258e-05,0.146657552400706
"root15",11,"b0",0.000122432653059338,0.0992942617270184,0.119949374927063
"root15",11,"b1",8.00701432875603e-05,0.0992942617270184,0.119949374927063
"root15",11,"b2",3.94524731278804e-05,0.0992942617270184,0.119949374927063
"root15",11,"b3",3.94524731278804e-05,0.0992942617270184,0.119949374927063
"root15",11,"b4",3.76081383103712e-05,0.0992942617270184,0.119949374927063
"root15",11,"b5",7.28126861598829e-05,0.0992942617270184,0.119949374927063
"root15",11,"b6",5.8900394780342e-05,0.0992942617270184,0.119949374927063
"root15",11,"b7",0.000105767900706658,0.0992942617270184,0.119949374927063
"root15",11,"b8",3.35215933843834e-05,0.0992942617270184,0.119949374927063
"root15",11,"b9",6.23139103532894e-05,6.23139103532894e-05,0.119949374927063
"root15",12,"b0",0.000160672583671049,0.0803103249238143,0.1173912193808
"root15",12,"b1",8.94713780830393e-05,0.0803103249238143,0.1173912193808
"root15",12,"b2",4.5638953714766e-05,0.0803103249238143,0.1173912193808
"root15",12,"b3",4.5638953714766e-05,0.0803103249238143,0.1173912193808
"root15",12,"b4",4.3390180149347e-05,0.0803103249238143,0.1173912193808
"root15",12,"b5",8.11424712651508e-05,0.0803103249238143,0.1173912193808
"root15",12,"b6",6.42581902534535e-05,0.0803103249238143,0.1173912193808
"root15",12,"b7",0.00011820742977886,0.0803103249238143,0.1173912193808
"root15",12,"b8",3.80743821018503e-05,0.0803103249238143,0.1173912193808
"root15",12,"b9",6.84027552520124e-05,6.84027552520124e-05,0.1173912193808
"root15",13,"b0",0.000124022101852899,0.318568884841973,0.157145701697232
"root15",13,"b1",7.40033379805327e-05,0.318568884841973,0.157145701697232
"root15",13,"b2",4.0707899943103e-05,0.318568884841973,0.157145701697232
"root15",13,"b3",4.0707899943103e-05,0.318568884841973,0.157145701697232
"root15",13,"b4",3.87995390658316e-05,0.318568884841973,0.157145701697232
"root15",13,"b5",6.79273169942066e-05,0.318568884841973,0.157145701697232
"root15",13,"b6",5.59007191777922e-05,0.318568884841973,0.157145701697232
"root15",13,"b7",9.14819485663727e-05,0.318568884841973,0.157145701697232
"root15",13,"b8",3.45544426654722e-05,0.318568884841973,0.157145701697232
"root15",13,"b9",5.89358978305422e-05,5.89358978305422e-05,0.157145701697232
"root15",14,"b0",0.000140466093938089,0.442925248796692,0.154021968783858
"root15",14,"b1",8.50980914098782e-05,0.442925248796692,0.154021968783858
"root15",14,"b2",4.67146825651224e-05,0.442925248796692,0.154021968783858
"root15",14,"b3",4.67146825651224e-05,0.442925248796692,0.154021968783858
"root15",14,"b4",4.42484200885246e-05,0.442925248796692,0.154021968783858
"root15",14,"b5",7.7245579895623e-05,0.442925248796692,0.154021968783858
"root15",14,"b6",6.2094528472814e-05,0.442925248796692,0.154021968783858
"root15",14,"b7",0.000100401559365637,0.442925248796692,0.154021968783858
"root15",14,"b8",3.88263739223821e-05,0.442925248796692,0.154021968783858
"root15",14,"b9",6.56619400604277e-05,6.56619400604277e-05,0.154021968783858
"root15",15,"b0",0.000134452267122331,0.891734851996353,0.158266793617346
"root15",15,"b1",8.80536329194229e-05,0.891734851996353,0.158266793617346
"root15",15,"b2",4.65433204308975e-05,0.891734851996353,0.158266793617346
"root15",15,"b3",4.65433204308975e-05,0.891734851996353,0.158266793617346
"root15",15,"b4",4.41619826514919e-05,0.891734851996353,0.158266793617346
"root15",15,"b5",7.98936156032265e-05,0.891734851996353,0.158266793617346
"root15",15,"b6",6.38152961251232e-05,0.891734851996353,0.158266793617346
"root15",15,"b7",0.000109261199809578,0.891734851996353,0.158266793617346
"root15",15,"b8",3.8766572005002e-05,0.891734851996353,0.158266793617346
"root15",15,"b9",6.75029348873579e-05,6.75029348873579e-05,0.158266793617346
"root15",17,"b0",0.00014378909451831,0.325736294782861,0.128203301864112
"root15",17,"b1",9.17453140987976e-05,0.325736294782861,0.128203301864112
"root15",17,"b2",4.52378272205156e-05,0.325736294782861,0.128203301864112
"root15",17,"b3",4.52378272205156e-05,0.325736294782861,0.128203301864112
"root15",17,"b4",4.33265684264026e-05,0.325736294782861,0.128203301864112
"root15",17,"b5",8.41560048585153e-05,0.325736294782861,0.128203301864112
"root15",17,"b6",6.65781217028168e-05,0.325736294782861,0.128203301864112
"root15",17,"b7",0.00012551758173267,0.325736294782861,0.128203301864112
"root15",17,"b8",3.8163215819514e-05,0.325736294782861,0.128203301864112
"root15",17,"b9",7.06203014409759e-05,7.06203014409759e-05,0.128203301864112
"root15",18,"b0",0.000145901477806512,0.385830099945502,0.164627256949769
"root15",18,"b1",8.00563629997119e-05,0.385830099945502,0.164627256949769
"root15",18,"b2",4.51637752326591e-05,0.385830099945502,0.164627256949769
"root15",18,"b3",4.51637752326591e-05,0.385830099945502,0.164627256949769
"root15",18,"b4",4.29582582026894e-05,0.385830099945502,0.164627256949769
"root15",18,"b5",7.33636632313397e-05,0.385830099945502,0.164627256949769
"root15",18,"b6",5.96287662868701e-05,0.385830099945502,0.164627256949769
"root15",18,"b7",9.66288213410849e-05,0.385830099945502,0.164627256949769
"root15",18,"b8",3.7859153848625e-05,0.385830099945502,0.164627256949769
"root15",18,"b9",6.2900340021851e-05,6.2900340021851e-05,0.164627256949769
"root15",19,"b0",0.000188493836146882,0.55206215656451,0.129708555718694
"root15",19,"b1",0.000104080355314951,0.55206215656451,0.129708555718694
"root15",19,"b2",5.25285349049434e-05,0.55206215656451,0.129708555718694
"root15",19,"b3",5.25285349049434e-05,0.55206215656451,0.129708555718694
"root15",19,"b4",4.95706203791147e-05,0.55206215656451,0.129708555718694
"root15",19,"b5",9.294871601202e-05,0.55206215656451,0.129708555718694
"root15",19,"b6",7.15726839182342e-05,0.55206215656451,0.129708555718694
"root15",19,"b7",0.000138331381164699,0.55206215656451,0.129708555718694
"root15",19,"b8",4.28031891428215e-05,0.55206215656451,0.129708555718694
"root15",19,"b9",7.65059597083166e-05,7.65059597083166e-05,0.129708555718694
"root15",20,"b0",0.000126500169045048,0.267719302557077,0.152938656314306
"root15",20,"b1",7.28327118263932e-05,0.267719302557077,0.152938656314306
"root15",20,"b2",3.99962740633867e-05,0.267719302557077,0.152938656314306
"root15",20,"b3",3.99962740633867e-05,0.267719302557077,0.152938656314306
"root15",20,"b4",3.81924032739357e-05,0.267719302557077,0.152938656314306
"root15",20,"b5",6.70596706135112e-05,0.267719302557077,0.152938656314306
"root15",20,"b6",5.53050788793815e-05,0.267719302557077,0.152938656314306
"root15",20,"b7",8.85634040557557e-05,0.267719302557077,0.152938656314306
"root15",20,"b8",3.40702951349673e-05,0.267719302557077,0.152938656314306
"root15",20,"b9",5.81341770248456e-05,5.81341770248456e-05,0.152938656314306
"root15",21,"b0",0.000151760054404148,0.893192491340139,0.148476431630839
"root15",21,"b1",9.2149175174024e-05,0.893192491340139,0.148476431630839
"root15",21,"b2",5.04964049099183e-05,0.893192491340139,0.148476431630839
"root15",21,"b3",5.04964049099183e-05,0.893192491340139,0.148476431630839
"root15",21,"b4",4.75581761252948e-05,0.893192491340139,0.148476431630839
"root15",21,"b5",8.27538086561295e-05,0.893192491340139,0.148476431630839
"root15",21,"b6",6.55527882718837e-05,0.893192491340139,0.148476431630839
"root15",21,"b7",0.000106895852830915,0.893192491340139,0.148476431630839
"root15",21,"b8",4.13494299809334e-05,0.893192491340139,0.148476431630839
"root15",21,"b9",6.94119209451116e-05,6.94119209451116e-05,0.148476431630839
"root15",22,"b0",0.000175953786791165,0.622118955512895,0.136702979661136
"root15",22,"b1",0.000100110487468767,0.622118955512895,0.136702979661136
"root15",22,"b2",5.31221974846814e-05,0.622118955512895,0.136702979661136
"root15",22,"b3",5.31221974846814e-05,0.622118955512895,0.136702979661136
"root15",22,"b4",4.99396323498172e-05,0.622118955512895,0.136702979661136
"root15",22,"b5",8.92967391558436e-05,0.622118955512895,0.136702979661136
"root15",22,"b6",6.93106420472008e-05,0.622118955512895,0.136702979661136
"root15",22,"b7",0.000119655582274104,0.622118955512895,0.136702979661136
"root15",22,"b8",4.30371806663569e-05,0.622118955512895,0.136702979661136
"root15",22,"b9",7.42163956779282e-05,7.42163956779282e-05,0.136702979661136
"root15",24,"b0",0.000167991548885888,0.74154203452808,0.16594323849912
"root15",24,"b1",8.71357562157745e-05,0.74154203452808,0.16594323849912
"root15",24,"b2",4.96894966614882e-05,0.74154203452808,0.16594323849912
"root15",24,"b3",4.96894966614882e-05,0.74154203452808,0.16594323849912
"root15",24,"b4",4.71730468873626e-05,0.74154203452808,0.16594323849912
"root15",24,"b5",7.96128512918833e-05,0.74154203452808,0.16594323849912
"root15",24,"b6",6.38046793003142e-05,0.74154203452808,0.16594323849912
"root15",24,"b7",0.000104417518193219,0.74154203452808,0.16594323849912
"root15",24,"b8",4.11644911588818e-05,0.74154203452808,0.16594323849912
"root15",24,"b9",6.73527571028653e-05,6.73527571028653e-05,0.16594323849912
"root15",25,"b0",0.000164585524765317,0.947718357745543,0.146885886986384
"root15",25,"b1",9.97968703397086e-05,0.947718357745543,0.146885886986384
"root15",25,"b2",5.07542327591758e-05,0.947718357745543,0.146885886986384
"root15",25,"b3",5.07542327591758e-05,0.947718357745543,0.146885886986384
"root15",25,"b4",4.8321934602706e-05,0.947718357745543,0.146885886986384
"root15",25,"b5",9.07505212595774e-05,0.947718357745543,0.146885886986384
"root15",25,"b6",7.0831304708388e-05,0.947718357745543,0.146885886986384
"root15",25,"b7",0.000130779722118518,0.947718357745543,0.146885886986384
"root15",25,"b8",4.20523661192221e-05,0.947718357745543,0.146885886986384
"root15",25,"b9",7.51726473551859e-05,7.51726473551859e-05,0.146885886986384
"root15",26,"b0",0.000166515885723628,0.974987790601145,0.144016181472169
"root15",26,"b1",9.48232588365232e-05,0.974987790601145,0.144016181472169
"root15",26,"b2",5.08380185258875e-05,0.974987790601145,0.144016181472169
"root15",26,"b3",5.08380185258875e-05,0.974987790601145,0.144016181472169
"root15",26,"b4",4.7948485614973e-05,0.974987790601145,0.144016181472169
"root15",26,"b5",8.51560019548352e-05,0.974987790601145,0.144016181472169
"root15",26,"b6",6.70148678253464e-05,0.974987790601145,0.144016181472169
"root15",26,"b7",0.000115033051765131,0.974987790601145,0.144016181472169
"root15",26,"b8",4.16375571413922e-05,0.974987790601145,0.144016181472169
"root15",26,"b9",7.1259532472938e-05,7.1259532472938e-05,0.144016181472169
"root15",28,"b0",0.000142694375729209,1.95940227923728,0.317468580336815
"root15",28,"b1",4.13038850219083e-05,1.95940227923728,0.317468580336815
"root15",28,"b2",3.18544463407891e-05,1.95940227923728,0.317468580336815
"root15",28,"b3",3.18544463407891e-05,1.95940227923728,0.317468580336815
"root15",28,"b4",3.08651223797828e-05,1.95940227923728,0.317468580336815
"root15",28,"b5",3.96531472862435e-05,1.95940227923728,0.317468580336815
"root15",28,"b6",3.54465061014609e-05,1.95940227923728,0.317468580336815
"root15",28,"b7",4.35443918066541e-05,1.95940227923728,0.317468580336815
"root15",28,"b8",2.82580376889561e-05,1.95940227923728,0.317468580336815
"root15",28,"b9",3.64060149963834e-05,3.64060149963834e-05,0.317468580336815
"root15",29,"b0",0.000175622867887436,5.09880376935716,0.307230665252042
"root15",29,"b1",6.20630614051188e-05,5.09880376935716,0.307230665252042
"root15",29,"b2",4.3709612436746e-05,5.09880376935716,0.307230665252042
"root15",29,"b3",4.3709612436746e-05,5.09880376935716,0.307230665252042
"root15",29,"b4",4.22403279628483e-05,5.09880376935716,0.307230665252042
"root15",29,"b5",5.9121964510539e-05,5.09880376935716,0.307230665252042
"root15",29,"b6",5.05169886217255e-05,5.09880376935716,0.307230665252042
"root15",29,"b7",6.75966745689128e-05,5.09880376935716,0.307230665252042
"root15",29,"b8",3.76754501939151e-05,5.09880376935716,0.307230665252042
"root15",29,"b9",5.26416265284411e-05,5.26416265284411e-05,0.307230665252042
"root15",30,"b0",0.000173239369095115,9.88480425863004,0.397570552776985
"root15",30,"b1",3.71692812603809e-05,9.88480425863004,0.397570552776985
"root15",30,"b2",3.35407521130561e-05,9.88480425863004,0.397570552776985
"root15",30,"b3",3.35407521130561e-05,9.88480425863004,0.397570552776985
"root15",30,"b4",3.27040091812614e-05,9.88480425863004,0.397570552776985
"root15",30,"b5",3.61515795107359e-05,9.88480425863004,0.397570552776985
"root15",30,"b6",3.37246874339931e-05,9.88480425863004,0.397570552776985
"root15",30,"b7",3.81816410695482e-05,9.88480425863004,0.397570552776985
"root15",30,"b8",3.07031911484446e-05,9.88480425863004,0.397570552776985
"root15",30,"b9",3.42463696676945e-05,3.42463696676945e-05,0.397570552776985
"root15",5,"b0",4.29497494448119e-05,0.0432262165964982,0.137631799854592
"root15",5,"b1",6.64591875228088e-05,0.0432262165964982,0.137631799854592
"root15",5,"b2",3.44004525560439e-05,0.0432262165964982,0.137631799854592
"root15",5,"b3",3.44004525560439e-05,0.0432262165964982,0.137631799854592
"root15",5,"b4",3.31925126812986e-05,0.0432262165964982,0.137631799854592
"root15",5,"b5",6.20900517034674e-05,0.0432262165964982,0.137631799854592
"root15",5,"b6",5.19826656709907e-05,0.0432262165964982,0.137631799854592
"root15",5,"b7",8.83243152763815e-05,0.0432262165964982,0.137631799854592
"root15",5,"b8",3.0068260817719e-05,0.0432262165964982,0.137631799854592
"root15",5,"b9",5.43864675044013e-05,5.43864675044013e-05,0.137631799854592
"root15",6,"b0",5.63752375819668e-05,0.0407490186226323,0.118582135633092
"root15",6,"b1",8.1915530703628e-05,0.0407490186226323,0.118582135633092
"root15",6,"b2",4.17076467008112e-05,0.0407490186226323,0.118582135633092
"root15",6,"b3",4.17076467008112e-05,0.0407490186226323,0.118582135633092
"root15",6,"b4",3.95845471429236e-05,0.0407490186226323,0.118582135633092
"root15",6,"b5",7.41029887396407e-05,0.0407490186226323,0.118582135633092
"root15",6,"b6",5.95896717323355e-05,0.0407490186226323,0.118582135633092
"root15",6,"b7",0.000107860471818576,0.0407490186226323,0.118582135633092
"root15",6,"b8",3.50305400790764e-05,0.0407490186226323,0.118582135633092
"root15",6,"b9",6.32229429999949e-05,6.32229429999949e-05,0.118582135633092
"root15",8,"b0",0.000178881076304148,0.0567983793337367,0.121910485747729
"root15",8,"b1",9.01965936060915e-05,0.0567983793337367,0.121910485747729
"root15",8,"b2",4.66164474973596e-05,0.0567983793337367,0.121910485747729
"root15",8,"b3",4.66164474973596e-05,0.0567983793337367,0.121910485747729
"root15",8,"b4",4.36147683215956e-05,0.0567983793337367,0.121910485747729
"root15",8,"b5",7.95833700731515e-05,0.0567983793337367,0.121910485747729
"root15",8,"b6",6.29574586054311e-05,0.0567983793337367,0.121910485747729
"root15",8,"b7",0.00011587790840073,0.0567983793337367,0.121910485747729
"root15",8,"b8",3.81049466225739e-05,0.0567983793337367,0.121910485747729
"root15",8,"b9",6.70220231151927e-05,6.70220231151927e-05,0.121910485747729
"root15",9,"b0",0.000135779476163853,0.0236508199488969,0.131403328155086
"root15",9,"b1",7.28270366343096e-05,0.0236508199488969,0.131403328155086
"root15",9,"b2",4.0650239560095e-05,0.0236508199488969,0.131403328155086
"root15",9,"b3",4.0650239560095e-05,0.0236508199488969,0.131403328155086
"root15",9,"b4",3.85326162526749e-05,0.0236508199488969,0.131403328155086
"root15",9,"b5",6.62878317475525e-05,0.0236508199488969,0.131403328155086
"root15",9,"b6",5.45674647388311e-05,0.0236508199488969,0.131403328155086
"root15",9,"b7",8.81545556737121e-05,0.0236508199488969,0.131403328155086
"root15",9,"b8",3.42589566589366e-05,0.0236508199488969,0.131403328155086
"root15",9,"b9",5.75596563281973e-05,5.75596563281973e-05,0.131403328155086
"root16",0,"b0",4.93411074270082e-05,0.0348194700176315,0.121888876588132
"root16",0,"b1",6.60448073221029e-05,0.0348194700176315,0.121888876588132
"root16",0,"b2",3.24451940741497e-05,0.0348194700176315,0.121888876588132
"root16",0,"b3",3.24451940741497e-05,0.0348194700176315,0.121888876588132
"root16",0,"b4",3.11226913575467e-05,0.0348194700176315,0.121888876588132
"root16",0,"b5",6.07862905995007e-05,0.0348194700176315,0.121888876588132
"root16",0,"b6",5.07262591843548e-05,0.0348194700176315,0.121888876588132
"root16",0,"b7",9.33518495849009e-05,0.0348194700176315,0.121888876588132
"root16",0,"b8",2.8253983736826e-05,0.0348194700176315,0.121888876588132
"root16",0,"b9",5.32990178285538e-05,5.32990178285538e-05,0.121888876588132
"root16",10,"b0",0.000147930848340334,0.0581648525550271,0.142407440795575
"root16",10,"b1",7.54918192954591e-05,0.0581648525550271,0.142407440795575
"root16",10,"b2",4.13107618446952e-05,0.0581648525550271,0.142407440795575
"root16",10,"b3",4.13107618446952e-05,0.0581648525550271,0.142407440795575
"root16",10,"b4",3.94282549209309e-05,0.0581648525550271,0.142407440795575
"root16",10,"b5",6.94265860890715e-05,0.0581648525550271,0.142407440795575
"root16",10,"b6",5.69871248491616e-05,0.0581648525550271,0.142407440795575
"root16",10,"b7",9.38606345607762e-05,0.0581648525550271,0.142407440795575
"root16",10,"b8",3.50822676873561e-05,0.0581648525550271,0.142407440795575
"root16",10,"b9",5.9945374400054e-05,5.9945374400054e-05,0.142407440795575
"root16",11,"b0",0.000134767120631429,0.0344008553646542,0.161117742252277
"root16",11,"b1",7.09818733609855e-05,0.0344008553646542,0.161117742252277
"root16",11,"b2",4.14198308525558e-05,0.0344008553646542,0.161117742252277
"root16",11,"b3",4.14198308525558e-05,0.0344008553646542,0.161117742252277
"root16",11,"b4",3.97838533654345e-05,0.0344008553646542,0.161117742252277
"root16",11,"b5",6.63043019779405e-05,0.0344008553646542,0.161117742252277
"root16",11,"b6",5.49733873470634e-05,0.0344008553646542,0.161117742252277
"root16",11,"b7",8.50582718840615e-05,0.0344008553646542,0.161117742252277
"root16",11,"b8",3.54077433486112e-05,0.0344008553646542,0.161117742252277
"root16",11,"b9",5.76948287181229e-05,5.76948287181229e-05,0.161117742252277
"root16",12,"b0",0.000105839337129116,0.103836205025296,0.163947901900754
"root16",12,"b1",6.15366516665591e-05,0.103836205025296,0.163947901900754
"root16",12,"b2",3.56699089458772e-05,0.103836205025296,0.163947901900754
"root16",12,"b3",3.56699089458772e-05,0.103836205025296,0.163947901900754
"root16",12,"b4",3.44646910295849e-05,0.103836205025296,0.163947901900754
"root16",12,"b5",5.80326457848508e-05,0.103836205025296,0.163947901900754
"root16",12,"b6",4.93430283249668e-05,0.103836205025296,0.163947901900754
"root16",12,"b7",7.50528864755623e-05,0.103836205025296,0.163947901900754
"root16",12,"b8",3.12025859372152e-05,0.103836205025296,0.163947901900754
"root16",12,"b9",5.14527982692305e-05,5.14527982692305e-05,0.163947901900754
"root16",13,"b0",0.000133661869661059,0.0664634680951274,0.1265138136592
"root16",13,"b1",7.48892674239975e-05,0.0664634680951274,0.1265138136592
"root16",13,"b2",3.80665681467653e-05,0.0664634680951274,0.1265138136592
"root16",13,"b3",3.80665681467653e-05,0.0664634680951274,0.1265138136592
"root16",13,"b4",3.67065601851972e-05,0.0664634680951274,0.1265138136592
"root16",13,"b5",6.9790975766175e-05,0.0664634680951274,0.1265138136592
"root16",13,"b6",5.7154143889036e-05,0.0664634680951274,0.1265138136592
"root16",13,"b7",0.00010320034800987,0.0664634680951274,0.1265138136592
"root16",13,"b8",3.28872097540155e-05,0.0664634680951274,0.1265138136592
"root16",13,"b9",6.04516347320241e-05,6.04516347320241e-05,0.1265138136592
"root16",14,"b0",0.000116859277424706,0.18177009001105,0.164790192781486
"root16",14,"b1",7.11056658032905e-05,0.18177009001105,0.164790192781486
"root16",14,"b2",4.05134979055343e-05,0.18177009001105,0.164790192781486
"root16",14,"b3",4.05134979055343e-05,0.18177009001105,0.164790192781486
"root16",14,"b4",3.85380274973751e-05,0.18177009001105,0.164790192781486
"root16",14,"b5",6.52285168776408e-05,0.18177009001105,0.164790192781486
"root16",14,"b6",5.40587231065216e-05,0.18177009001105,0.164790192781486
"root16",14,"b7",8.30023297771655e-05,0.18177009001105,0.164790192781486
"root16",14,"b8",3.43486766835472e-05,0.18177009001105,0.164790192781486
"root16",14,"b9",5.65516484966176e-05,5.65516484966176e-05,0.164790192781486
"root16",15,"b0",0.000157538807112852,0.39785179075284,0.132232225972432
"root16",15,"b1",9.32945585639202e-05,0.39785179075284,0.132232225972432
"root16",15,"b2",4.76086169563675e-05,0.39785179075284,0.132232225972432
"root16",15,"b3",4.76086169563675e-05,0.39785179075284,0.132232225972432
"root16",15,"b4",4.49287871451328e-05,0.39785179075284,0.132232225972432
"root16",15,"b5",8.3514807103605e-05,0.39785179075284,0.132232225972432
"root16",15,"b6",6.57147593367771e-05,0.39785179075284,0.132232225972432
"root16",15,"b7",0.0001214903021698,0.39785179075284,0.132232225972432
"root16",15,"b8",3.92189535738309e-05,0.39785179075284,0.132232225972432
"root16",15,"b9",7.00633935530727e-05,7.00633935530727e-05,0.132232225972432
"root16",16,"b0",0.000107741435002631,0.193132739564195,0.163381436858608
"root16",16,"b1",6.46285936927833e-05,0.193132739564195,0.163381436858608
"root16",16,"b2",3.64916654383312e-05,0.193132739564195,0.163381436858608
"root16",16,"b3",3.64916654383312e-05,0.193132739564195,0.163381436858608
"root16",16,"b4",3.50924323479221e-05,0.193132739564195,0.163381436858608
"root16",16,"b5",6.03610570883442e-05,0.193132739564195,0.163381436858608
"root16",16,"b6",5.08311919923763e-05,0.193132739564195,0.163381436858608
"root16",16,"b7",7.87131644600475e-05,0.193132739564195,0.163381436858608
"root16",16,"b8",3.16456090924187e-05,0.193132739564195,0.163381436858608
"root16",16,"b9",5.29718905779295e-05,5.29718905779295e-05,0.163381436858608
"root16",17,"b0",0.000150054869805362,0.229441696628838,0.152677177305677
"root16",17,"b1",7.82800661666406e-05,0.229441696628838,0.152677177305677
"root16",17,"b2",4.44917038847887e-05,0.229441696628838,0.152677177305677
"root16",17,"b3",4.44917038847887e-05,0.229441696628838,0.152677177305677
"root16",17,"b4",4.2120123056915e-05,0.229441696628838,0.152677177305677
"root16",17,"b5",7.12095161994211e-05,0.229441696628838,0.152677177305677
"root16",17,"b6",5.80093179529762e-05,0.229441696628838,0.152677177305677
"root16",17,"b7",9.37931994932865e-05,0.229441696628838,0.152677177305677
"root16",17,"b8",3.71303602905823e-05,0.229441696628838,0.152677177305677
"root16",17,"b9",6.11079778817508e-05,6.11079778817508e-05,0.152677177305677
"root16",18,"b0",0.000168364511444303,0.117270265285775,0.124535838832505
"root16",18,"b1",9.14780329631761e-05,0.117270265285775,0.124535838832505
"root16",18,"b2",4.80716956349325e-05,0.117270265285775,0.124535838832505
"root16",18,"b3",4.80716956349325e-05,0.117270265285775,0.124535838832505
"root16",18,"b4",4.55045541005614e-05,0.117270265285775,0.124535838832505
"root16",18,"b5",8.25394577236525e-05,0.117270265285775,0.124535838832505
"root16",18,"b6",6.53510950481186e-05,0.117270265285775,0.124535838832505
"root16",18,"b7",0.000113345283074527,0.117270265285775,0.124535838832505
"root16",18,"b8",3.97680114496456e-05,0.117270265285775,0.124535838832505
"root16",18,"b9",6.93341092484519e-05,6.93341092484519e-05,0.124535838832505
"root16",19,"b0",0.000155801585961395,0.694284147450148,0.135846203033206
"root16",19,"b1",8.77594214253939e-05,0.694284147450148,0.135846203033206
"root16",19,"b2",4.53379258986908e-05,0.694284147450148,0.135846203033206
"root16",19,"b3",4.53379258986908e-05,0.694284147450148,0.135846203033206
"root16",19,"b4",4.35623056468114e-05,0.694284147450148,0.135846203033206
"root16",19,"b5",8.12836250824895e-05,0.694284147450148,0.135846203033206
"root16",19,"b6",6.49470157026758e-05,0.694284147450148,0.135846203033206
"root16",19,"b7",0.000130338792955218,0.694284147450148,0.135846203033206
"root16",19,"b8",3.8414252344009e-05,0.694284147450148,0.135846203033206
"root16",19,"b9",6.89238121755468e-05,6.89238121755468e-05,0.135846203033206
"root16",20,"b0",0.000132316851541631,0.566899139553355,0.149061504269517
"root16",20,"b1",8.42979252750648e-05,0.566899139553355,0.149061504269517
"root16",20,"b2",4.54278160668918e-05,0.566899139553355,0.149061504269517
"root16",20,"b3",4.54278160668918e-05,0.566899139553355,0.149061504269517
"root16",20,"b4",4.3637449875603e-05,0.566899139553355,0.149061504269517
"root16",20,"b5",7.82941595692895e-05,0.566899139553355,0.149061504269517
"root16",20,"b6",6.31793394757725e-05,0.566899139553355,0.149061504269517
"root16",20,"b7",0.000106699885069653,0.566899139553355,0.149061504269517
"root16",20,"b8",3.85213777462644e-05,0.566899139553355,0.149061504269517
"root16",20,"b9",6.66630584399081e-05,6.66630584399081e-05,0.149061504269517
"root16",21,"b0",0.000105498170880783,0.308110483222799,0.198055709016216
"root16",21,"b1",5.92097484521172e-05,0.308110483222799,0.198055709016216
"root16",21,"b2",3.68640409879035e-05,0.308110483222799,0.198055709016216
"root16",21,"b3",3.68640409879035e-05,0.308110483222799,0.198055709016216
"root16",21,"b4",3.56193362332028e-05,0.308110483222799,0.198055709016216
"root16",21,"b5",5.60496225150805e-05,0.308110483222799,0.198055709016216
"root16",21,"b6",4.7909846659619e-05,0.308110483222799,0.198055709016216
"root16",21,"b7",6.67004478230351e-05,0.308110483222799,0.198055709016216
"root16",21,"b8",3.21571204525298e-05,0.308110483222799,0.198055709016216
"root16",21,"b9",4.97131408954722e-05,4.97131408954722e-05,0.198055709016216
"root16",22,"b0",0.000132141900381775,0.272976246614134,0.159083686486329
"root16",22,"b1",7.40516587408463e-05,0.272976246614134,0.159083686486329
"root16",22,"b2",4.24160283989771e-05,0.272976246614134,0.159083686486329
"root16",22,"b3",4.24160283989771e-05,0.272976246614134,0.159083686486329
"root16",22,"b4",4.07434092334028e-05,0.272976246614134,0.159083686486329
"root16",22,"b5",6.90963797056262e-05,0.272976246614134,0.159083686486329
"root16",22,"b6",5.68984167045263e-05,0.272976246614134,0.159083686486329
"root16",22,"b7",8.91646075337232e-05,0.272976246614134,0.159083686486329
"root16",22,"b8",3.61725557890043e-05,0.272976246614134,0.159083686486329
"root16",22,"b9",5.98796259972248e-05,5.98796259972248e-05,0.159083686486329
"root16",23,"b0",0.00016890087888093,0.81989910771202,0.153466856972598
"root16",23,"b1",8.34889998437142e-05,0.81989910771202,0.153466856972598
"root16",23,"b2",4.66617586734376e-05,0.81989910771202,0.153466856972598
"root16",23,"b3",4.66617586734376e-05,0.81989910771202,0.153466856972598
"root16",23,"b4",4.41837826802297e-05,0.81989910771202,0.153466856972598
"root16",23,"b5",7.58470431093527e-05,0.81989910771202,0.153466856972598
"root16",23,"b6",6.1066515646423e-05,0.81989910771202,0.153466856972598
"root16",23,"b7",0.000103464931113731,0.81989910771202,0.153466856972598
"root16",23,"b8",3.87355877773752e-05,0.81989910771202,0.153466856972598
"root16",23,"b9",6.46533573309398e-05,6.46533573309398e-05,0.153466856972598
"root16",28,"b0",0.0001887410010812,3.21852388646817,0.204627711483081
"root16",28,"b1",8.90574474936749e-05,3.21852388646817,0.204627711483081
"root16",28,"b2",5.40675340539966e-05,3.21852388646817,0.204627711483081
"root16",28,"b3",5.40675340539966e-05,3.21852388646817,0.204627711483081
"root16",28,"b4",5.11945668606924e-05,3.21852388646817,0.204627711483081
"root16",28,"b5",8.14790760005241e-05,3.21852388646817,0.204627711483081
"root16",28,"b6",6.5945236300419e-05,3.21852388646817,0.204627711483081
"root16",28,"b7",9.86446604809266e-05,3.21852388646817,0.204627711483081
"root16",28,"b8",4.46048487446756e-05,3.21852388646817,0.204627711483081
"root16",28,"b9",6.95347919457307e-05,6.95347919457307e-05,0.204627711483081
"root16",29,"b0",0.000169485377936136,4.79175937955457,0.215936711149086
"root16",29,"b1",8.36005728400449e-05,4.79175937955457,0.215936711149086
"root16",29,"b2",5.08286139084456e-05,4.79175937955457,0.215936711149086
"root16",29,"b3",5.08286139084456e-05,4.79175937955457,0.215936711149086
"root16",29,"b4",4.87486195262508e-05,4.79175937955457,0.215936711149086
"root16",29,"b5",7.8082110651745e-05,4.79175937955457,0.215936711149086
"root16",29,"b6",6.33094944035157e-05,4.79175937955457,0.215936711149086
"root16",29,"b7",9.86443950517213e-05,4.79175937955457,0.215936711149086
"root16",29,"b8",4.25735214972936e-05,4.79175937955457,0.215936711149086
"root16",29,"b9",6.65899477385535e-05,6.65899477385535e-05,0.215936711149086
"root16",30,"b0",0.000131401415907292,9.11064571805801,0.378728712267466
"root16",30,"b1",4.59065023304209e-05,9.11064571805801,0.378728712267466
"root16",30,"b2",3.48493649651147e-05,9.11064571805801,0.378728712267466
"root16",30,"b3",3.48493649651147e-05,9.11064571805801,0.378728712267466
"root16",30,"b4",3.39380715684303e-05,9.11064571805801,0.378728712267466
"root16",30,"b5",4.43376353227484e-05,9.11064571805801,0.378728712267466
"root16",30,"b6",3.93292376519292e-05,9.11064571805801,0.378728712267466
"root16",30,"b7",4.83363684021752e-05,9.11064571805801,0.378728712267466
"root16",30,"b8",3.09246672033845e-05,9.11064571805801,0.378728712267466
"root16",30,"b9",4.04406757646505e-05,4.04406757646505e-05,0.378728712267466
"root16",7,"b0",5.04614634374678e-05,0.0337760230901322,0.129601755420481
"root16",7,"b1",6.83514934514441e-05,0.0337760230901322,0.129601755420481
"root16",7,"b2",3.65395790526871e-05,0.0337760230901322,0.129601755420481
"root16",7,"b3",3.65395790526871e-05,0.0337760230901322,0.129601755420481
"root16",7,"b4",3.49498128842273e-05,0.0337760230901322,0.129601755420481
"root16",7,"b5",6.29842543121634e-05,0.0337760230901322,0.129601755420481
"root16",7,"b6",5.2456058462514e-05,0.0337760230901322,0.129601755420481
"root16",7,"b7",0.000107127173674134,0.0337760230901322,0.129601755420481
"root16",7,"b8",3.14504912003458e-05,0.0337760230901322,0.129601755420481
"root16",7,"b9",5.51192570555532e-05,5.51192570555532e-05,0.129601755420481
"root16",8,"b0",0.000126404109861816,0.0358250083941494,0.113545467834986
"root16",8,"b1",7.44704903607062e-05,0.0358250083941494,0.113545467834986
"root16",8,"b2",3.73868899421806e-05,0.0358250083941494,0.113545467834986
"root16",8,"b3",3.73868899421806e-05,0.0358250083941494,0.113545467834986
"root16",8,"b4",3.55502982156297e-05,0.0358250083941494,0.113545467834986
"root16",8,"b5",6.75131995740626e-05,0.0358250083941494,0.113545467834986
"root16",8,"b6",5.52308161634461e-05,0.0358250083941494,0.113545467834986
"root16",8,"b7",0.000100818424850578,0.0358250083941494,0.113545467834986
"root16",8,"b8",3.18267396583204e-05,0.0358250083941494,0.113545467834986
"root16",8,"b9",5.8238990700286e-05,5.8238990700286e-05,0.113545467834986
"root16",9,"b0",0.000182877693028356,0.190510690543166,0.102187186066552
"root16",9,"b1",0.000110284944261791,0.190510690543166,0.102187186066552
"root16",9,"b2",5.07802769210887e-05,0.190510690543166,0.102187186066552
"root16",9,"b3",5.07802769210887e-05,0.190510690543166,0.102187186066552
"root16",9,"b4",4.76800828296477e-05,0.190510690543166,0.102187186066552
"root16",9,"b5",9.6510807880194e-05,0.190510690543166,0.102187186066552
"root16",9,"b6",7.31484286476802e-05,0.190510690543166,0.102187186066552
"root16",9,"b7",0.00015527238166721,0.190510690543166,0.102187186066552
"root16",9,"b8",4.12208880878823e-05,0.190510690543166,0.102187186066552
"root16",9,"b9",7.87593166290667e-05,7.87593166290667e-05,0.102187186066552
"root17",0,"b0",4.557915771151e-05,0.00661711209839255,0.129939789687213
"root17",0,"b1",6.22270789434092e-05,0.00661711209839255,0.129939789687213
"root17",0,"b2",3.14598948087916e-05,0.00661711209839255,0.129939789687213
"root17",0,"b3",3.14598948087916e-05,0.00661711209839255,0.129939789687213
"root17",0,"b4",3.05132548905611e-05,0.00661711209839255,0.129939789687213
"root17",0,"b5",5.86265300436348e-05,0.00661711209839255,0.129939789687213
"root17",0,"b6",4.95590392499562e-05,0.00661711209839255,0.129939789687213
"root17",0,"b7",8.80756017124893e-05,0.00661711209839255,0.129939789687213
"root17",0,"b8",2.78613200734106e-05,0.00661711209839255,0.129939789687213
"root17",0,"b9",5.18713375778354e-05,5.18713375778354e-05,0.129939789687213
"root17",10,"b0",0.000150999249736304,0.0732388256492087,0.112410958282439
"root17",10,"b1",9.07529470481681e-05,0.0732388256492087,0.112410958282439
"root17",10,"b2",4.51941474332138e-05,0.0732388256492087,0.112410958282439
"root17",10,"b3",4.51941474332138e-05,0.0732388256492087,0.112410958282439
"root17",10,"b4",4.23188319168329e-05,0.0732388256492087,0.112410958282439
"root17",10,"b5",7.98470521833671e-05,0.0732388256492087,0.112410958282439
"root17",10,"b6",6.30698644173894e-05,0.0732388256492087,0.112410958282439
"root17",10,"b7",0.000114375186966742,0.0732388256492087,0.112410958282439
"root17",10,"b8",3.70926391641363e-05,0.0732388256492087,0.112410958282439
"root17",10,"b9",6.72009633212541e-05,6.72009633212541e-05,0.112410958282439
"root17",12,"b0",0.000122554708726272,0.062630138757745,0.144070175180409
"root17",12,"b1",6.70057069690374e-05,0.062630138757745,0.144070175180409
"root17",12,"b2",3.85553535325911e-05,0.062630138757745,0.144070175180409
"root17",12,"b3",3.85553535325911e-05,0.062630138757745,0.144070175180409
"root17",12,"b4",3.670478741487e-05,0.062630138757745,0.144070175180409
"root17",12,"b5",6.1599508468931e-05,0.062630138757745,0.144070175180409
"root17",12,"b6",5.14396468087488e-05,0.062630138757745,0.144070175180409
"root17",12,"b7",7.97737136751247e-05,0.062630138757745,0.144070175180409
"root17",12,"b8",3.28436836700507e-05,0.062630138757745,0.144070175180409
"root17",12,"b9",5.38508498194648e-05,5.38508498194648e-05,0.144070175180409
"root17",13,"b0",0.000114244969331373,0.0559670417127346,0.147312439324702
"root17",13,"b1",6.709738762036e-05,0.0559670417127346,0.147312439324702
"root17",13,"b2",3.58848201925483e-05,0.0559670417127346,0.147312439324702
"root17",13,"b3",3.58848201925483e-05,0.0559670417127346,0.147312439324702
"root17",13,"b4",3.44316385226814e-05,0.0559670417127346,0.147312439324702
"root17",13,"b5",6.21874709332755e-05,0.0559670417127346,0.147312439324702
"root17",13,"b6",5.1937470779788e-05,0.0559670417127346,0.147312439324702
"root17",13,"b7",8.83307348076536e-05,0.0559670417127346,0.147312439324702
"root17",13,"b8",3.1040872403479e-05,0.0559670417127346,0.147312439324702
"root17",13,"b9",5.44202898301673e-05,5.44202898301673e-05,0.147312439324702
"root17",15,"b0",0.000158632991625191,0.40232627384543,0.138543444844494
"root17",15,"b1",9.39053354504153e-05,0.40232627384543,0.138543444844494
"root17",15,"b2",4.88530461415258e-05,0.40232627384543,0.138543444844494
"root17",15,"b3",4.88530461415258e-05,0.40232627384543,0.138543444844494
"root17",15,"b4",4.60521053685714e-05,0.40232627384543,0.138543444844494
"root17",15,"b5",8.40496442117506e-05,0.40232627384543,0.138543444844494
"root17",15,"b6",6.61068235835301e-05,0.40232627384543,0.138543444844494
"root17",15,"b7",0.000117272698644904,0.40232627384543,0.138543444844494
"root17",15,"b8",4.00989023033823e-05,0.40232627384543,0.138543444844494
"root17",15,"b9",7.04291433487501e-05,7.04291433487501e-05,0.138543444844494
"root17",16,"b0",8.32892706103644e-05,0.408677592425775,0.188292053793618
"root17",16,"b1",5.70895582350443e-05,0.408677592425775,0.188292053793618
"root17",16,"b2",3.27772654411864e-05,0.408677592425775,0.188292053793618
"root17",16,"b3",3.27772654411864e-05,0.408677592425775,0.188292053793618
"root17",16,"b4",3.17848622323026e-05,0.408677592425775,0.188292053793618
"root17",16,"b5",5.41449690619442e-05,0.408677592425775,0.188292053793618
"root17",16,"b6",4.65938207778931e-05,0.408677592425775,0.188292053793618
"root17",16,"b7",7.07385410789774e-05,0.408677592425775,0.188292053793618
"root17",16,"b8",2.90237255434392e-05,0.408677592425775,0.188292053793618
"root17",16,"b9",4.83947442958956e-05,4.83947442958956e-05,0.188292053793618
"root17",2,"b0",5.69345603905029e-05,0.0298740174284816,0.10438776464221
"root17",2,"b1",8.51732968443823e-05,0.0298740174284816,0.10438776464221
"root17",2,"b2",4.10529358134054e-05,0.0298740174284816,0.10438776464221
"root17",2,"b3",4.10529358134054e-05,0.0298740174284816,0.10438776464221
"root17",2,"b4",3.86296473097533e-05,0.0298740174284816,0.10438776464221
"root17",2,"b5",7.53538012551591e-05,0.0298740174284816,0.10438776464221
"root17",2,"b6",6.01113097546427e-05,0.0298740174284816,0.10438776464221
"root17",2,"b7",0.000111771428106495,0.0298740174284816,0.10438776464221
"root17",2,"b8",3.41887031031814e-05,0.0298740174284816,0.10438776464221
"root17",2,"b9",6.3918984415713e-05,6.3918984415713e-05,0.10438776464221
"root17",20,"b0",0.000134394136404558,0.206232905046956,0.154540714168269
"root17",20,"b1",7.69262729175889e-05,0.206232905046956,0.154540714168269
"root17",20,"b2",4.2768658259198e-05,0.206232905046956,0.154540714168269
"root17",20,"b3",4.2768658259198e-05,0.206232905046956,0.154540714168269
"root17",20,"b4",4.07671065758435e-05,0.206232905046956,0.154540714168269
"root17",20,"b5",7.06791006623046e-05,0.206232905046956,0.154540714168269
"root17",20,"b6",5.78014395995613e-05,0.206232905046956,0.154540714168269
"root17",20,"b7",9.42455547272301e-05,0.206232905046956,0.154540714168269
"root17",20,"b8",3.61271083304053e-05,0.206232905046956,0.154540714168269
"root17",20,"b9",6.08608751655405e-05,6.08608751655405e-05,0.154540714168269
"root17",21,"b0",0.000175128521639299,0.098478883846419,0.141046516079803
"root17",21,"b1",7.74499793505373e-05,0.098478883846419,0.141046516079803
"root17",21,"b2",4.45619248317968e-05,0.098478883846419,0.141046516079803
"root17",21,"b3",4.45619248317968e-05,0.098478883846419,0.141046516079803
"root17",21,"b4",4.20003066359548e-05,0.098478883846419,0.141046516079803
"root17",21,"b5",7.00101110894941e-05,0.098478883846419,0.141046516079803
"root17",21,"b6",5.69483364737572e-05,0.098478883846419,0.141046516079803
"root17",21,"b7",9.35607184169682e-05,0.098478883846419,0.141046516079803
"root17",21,"b8",3.69261960934325e-05,0.098478883846419,0.141046516079803
"root17",21,"b9",6.01740329626515e-05,6.01740329626515e-05,0.141046516079803
"root17",23,"b0",0.000146315582067546,0.378854170291474,0.160210263813613
"root17",23,"b1",8.18465361287052e-05,0.378854170291474,0.160210263813613
"root17",23,"b2",4.62459164348376e-05,0.378854170291474,0.160210263813613
"root17",23,"b3",4.62459164348376e-05,0.378854170291474,0.160210263813613
"root17",23,"b4",4.38370947421162e-05,0.378854170291474,0.160210263813613
"root17",23,"b5",7.45835587282349e-05,0.378854170291474,0.160210263813613
"root17",23,"b6",6.03356057006378e-05,0.378854170291474,0.160210263813613
"root17",23,"b7",9.58329936299945e-05,0.378854170291474,0.160210263813613
"root17",23,"b8",3.84975823902147e-05,0.378854170291474,0.160210263813613
"root17",23,"b9",6.3760992006543e-05,6.3760992006543e-05,0.160210263813613
"root17",24,"b0",0.000168114732007667,0.77786134207498,0.16383464859021
"root17",24,"b1",8.86693598799361e-05,0.77786134207498,0.16383464859021
"root17",24,"b2",5.10817390388341e-05,0.77786134207498,0.16383464859021
"root17",24,"b3",5.10817390388341e-05,0.77786134207498,0.16383464859021
"root17",24,"b4",4.82566864167444e-05,0.77786134207498,0.16383464859021
"root17",24,"b5",8.04238941201554e-05,0.77786134207498,0.16383464859021
"root17",24,"b6",6.41617562690853e-05,0.77786134207498,0.16383464859021
"root17",24,"b7",0.000101176238206482,0.77786134207498,0.16383464859021
"root17",24,"b8",4.19173423308067e-05,0.77786134207498,0.16383464859021
"root17",24,"b9",6.78192506643593e-05,6.78192506643593e-05,0.16383464859021
"root17",25,"b0",0.000180620933979215,0.912459537204877,0.16307982350136
"root17",25,"b1",8.81655021879965e-05,0.912459537204877,0.16307982350136
"root17",25,"b2",5.08434091928492e-05,0.912459537204877,0.16307982350136
"root17",25,"b3",5.08434091928492e-05,0.912459537204877,0.16307982350136
"root17",25,"b4",4.81060287251028e-05,0.912459537204877,0.16307982350136
"root17",25,"b5",8.01805437881857e-05,0.912459537204877,0.16307982350136
"root17",25,"b6",6.41383290157738e-05,0.912459537204877,0.16307982350136
"root17",25,"b7",0.000105403346566856,0.912459537204877,0.16307982350136
"root17",25,"b8",4.18599192739734e-05,0.912459537204877,0.16307982350136
"root17",25,"b9",6.78386409028194e-05,6.78386409028194e-05,0.16307982350136
"root17",26,"b0",0.000171784752707455,2.5320506451667,0.207967260615416
"root17",26,"b1",7.94985030644655e-05,2.5320506451667,0.207967260615416
"root17",26,"b2",5.00339408335964e-05,2.5320506451667,0.207967260615416
"root17",26,"b3",5.00339408335964e-05,2.5320506451667,0.207967260615416
"root17",26,"b4",4.75462921344293e-05,2.5320506451667,0.207967260615416
"root17",26,"b5",7.33548265121159e-05,2.5320506451667,0.207967260615416
"root17",26,"b6",5.99004334347664e-05,2.5320506451667,0.207967260615416
"root17",26,"b7",8.76882235759581e-05,2.5320506451667,0.207967260615416
"root17",26,"b8",4.15293953252071e-05,2.5320506451667,0.207967260615416
"root17",26,"b9",6.3192657805228e-05,6.3192657805228e-05,0.207967260615416
"root17",27,"b0",0.000185344918695284,5.31812803238948,0.233876895139288
"root17",27,"b1",8.32830246012727e-05,5.31812803238948,0.233876895139288
"root17",27,"b2",5.22130020347822e-05,5.31812803238948,0.233876895139288
"root17",27,"b3",5.22130020347822e-05,5.31812803238948,0.233876895139288
"root17",27,"b4",4.96746978883969e-05,5.31812803238948,0.233876895139288
"root17",27,"b5",7.6964130026551e-05,5.31812803238948,0.233876895139288
"root17",27,"b6",6.25638383092908e-05,5.31812803238948,0.233876895139288
"root17",27,"b7",9.44366025671197e-05,5.31812803238948,0.233876895139288
"root17",27,"b8",4.32749680614744e-05,5.31812803238948,0.233876895139288
"root17",27,"b9",6.58836708431779e-05,6.58836708431779e-05,0.233876895139288
"root17",29,"b0",0.000244380168087513,10.5291872090374,0.247877764175144
"root17",29,"b1",0.000106487416338518,10.5291872090374,0.247877764175144
"root17",29,"b2",6.1143515706595e-05,10.5291872090374,0.247877764175144
"root17",29,"b3",6.1143515706595e-05,10.5291872090374,0.247877764175144
"root17",29,"b4",5.71583273435979e-05,10.5291872090374,0.247877764175144
"root17",29,"b5",9.48437366895974e-05,10.5291872090374,0.247877764175144
"root17",29,"b6",7.3393172528364e-05,10.5291872090374,0.247877764175144
"root17",29,"b7",0.000124528284995787,10.5291872090374,0.247877764175144
"root17",29,"b8",4.86488656431276e-05,10.5291872090374,0.247877764175144
"root17",29,"b9",7.81063911158847e-05,7.81063911158847e-05,0.247877764175144
"root17",30,"b0",0.000193114690490396,7.48559387178014,0.456203178003858
"root17",30,"b1",3.52241632473871e-05,7.48559387178014,0.456203178003858
"root17",30,"b2",2.91426425935766e-05,7.48559387178014,0.456203178003858
"root17",30,"b3",2.91426425935766e-05,7.48559387178014,0.456203178003858
"root17",30,"b4",2.82060509793427e-05,7.48559387178014,0.456203178003858
"root17",30,"b5",3.38575973384446e-05,7.48559387178014,0.456203178003858
"root17",30,"b6",3.07306565687003e-05,7.48559387178014,0.456203178003858
"root17",30,"b7",3.58032928088701e-05,7.48559387178014,0.456203178003858
"root17",30,"b8",2.60091758520506e-05,7.48559387178014,0.456203178003858
"root17",30,"b9",3.14534234356676e-05,3.14534234356676e-05,0.456203178003858
"root17",8,"b0",0.000131743567479301,0.0921019058156201,0.131021457213904
"root17",8,"b1",7.9368384290758e-05,0.0921019058156201,0.131021457213904
"root17",8,"b2",4.16608090810975e-05,0.0921019058156201,0.131021457213904
"root17",8,"b3",4.16608090810975e-05,0.0921019058156201,0.131021457213904
"root17",8,"b4",3.9546342945927e-05,0.0921019058156201,0.131021457213904
"root17",8,"b5",7.20260933040018e-05,0.0921019058156201,0.131021457213904
"root17",8,"b6",5.85163028917171e-05,0.0921019058156201,0.131021457213904
"root17",8,"b7",0.000102360898530997,0.0921019058156201,0.131021457213904
"root17",8,"b8",3.509991129103e-05,0.0921019058156201,0.131021457213904
"root17",8,"b9",6.19451153665153e-05,6.19451153665153e-05,0.131021457213904
"root17",9,"b0",0.000121630424972096,0.135312600350162,0.134720577791319
"root17",9,"b1",7.42898432905084e-05,0.135312600350162,0.134720577791319
"root17",9,"b2",3.85022305259892e-05,0.135312600350162,0.134720577791319
"root17",9,"b3",3.85022305259892e-05,0.135312600350162,0.134720577791319
"root17",9,"b4",3.68386420069381e-05,0.135312600350162,0.134720577791319
"root17",9,"b5",6.83255804367526e-05,0.135312600350162,0.134720577791319
"root17",9,"b6",5.61406349048776e-05,0.135312600350162,0.134720577791319
"root17",9,"b7",9.80249650454536e-05,0.135312600350162,0.134720577791319
"root17",9,"b8",3.29831745727672e-05,0.135312600350162,0.134720577791319
"root17",9,"b9",5.91176928730232e-05,5.91176928730232e-05,0.134720577791319
"root18",1,"b0",4.70381079463576e-05,0.0204778134539349,0.137204602017038
"root18",1,"b1",6.67103424542856e-05,0.0204778134539349,0.137204602017038
"root18",1,"b2",3.4469113443731e-05,0.0204778134539349,0.137204602017038
"root18",1,"b3",3.4469113443731e-05,0.0204778134539349,0.137204602017038
"root18",1,"b4",3.30139276244478e-05,0.0204778134539349,0.137204602017038
"root18",1,"b5",6.1465089080658e-05,0.0204778134539349,0.137204602017038
"root18",1,"b6",5.12526850059088e-05,0.0204778134539349,0.137204602017038
"root18",1,"b7",9.0017114112538e-05,0.0204778134539349,0.137204602017038
"root18",1,"b8",2.98228776984645e-05,0.0204778134539349,0.137204602017038
"root18",1,"b9",5.39170894028065e-05,5.39170894028065e-05,0.137204602017038
"root18",10,"b0",0.000170923218899634,0.0230174489205934,0.131315608518074
"root18",10,"b1",8.00746723240043e-05,0.0230174489205934,0.131315608518074
"root18",10,"b2",4.60282542464866e-05,0.0230174489205934,0.131315608518074
"root18",10,"b3",4.60282542464866e-05,0.0230174489205934,0.131315608518074
"root18",10,"b4",4.34779073015398e-05,0.0230174489205934,0.131315608518074
"root18",10,"b5",7.25936195282153e-05,0.0230174489205934,0.131315608518074
"root18",10,"b6",5.88236229550772e-05,0.0230174489205934,0.131315608518074
"root18",10,"b7",9.37302890155417e-05,0.0230174489205934,0.131315608518074
"root18",10,"b8",3.8160632786301e-05,0.0230174489205934,0.131315608518074
"root18",10,"b9",6.22347746659368e-05,6.22347746659368e-05,0.131315608518074
"root18",11,"b0",0.000127028062403983,0.311757982489357,0.135479927578778
"root18",11,"b1",7.82318391720589e-05,0.311757982489357,0.135479927578778
"root18",11,"b2",3.96587768201846e-05,0.311757982489357,0.135479927578778
"root18",11,"b3",3.96587768201846e-05,0.311757982489357,0.135479927578778
"root18",11,"b4",3.78393889797903e-05,0.311757982489357,0.135479927578778
"root18",11,"b5",7.14448447568935e-05,0.311757982489357,0.135479927578778
"root18",11,"b6",5.81793670478062e-05,0.311757982489357,0.135479927578778
"root18",11,"b7",0.000107748908217226,0.311757982489357,0.135479927578778
"root18",11,"b8",3.37660779432852e-05,0.311757982489357,0.135479927578778
"root18",11,"b9",6.12609553117615e-05,6.12609553117615e-05,0.135479927578778
"root18",12,"b0",0.000124308324017958,0.18196997706451,0.149420548616548
"root18",12,"b1",7.4687716292924e-05,0.18196997706451,0.149420548616548
"root18",12,"b2",4.08251077315841e-05,0.18196997706451,0.149420548616548
"root18",12,"b3",4.08251077315841e-05,0.18196997706451,0.149420548616548
"root18",12,"b4",3.92054259445406e-05,0.18196997706451,0.149420548616548
"root18",12,"b5",6.94360973844926e-05,0.18196997706451,0.149420548616548
"root18",12,"b6",5.70702689785307e-05,0.18196997706451,0.149420548616548
"root18",12,"b7",9.4416499816404e-05,0.18196997706451,0.149420548616548
"root18",12,"b8",3.49335219384953e-05,0.18196997706451,0.149420548616548
"root18",12,"b9",6.00347549955247e-05,6.00347549955247e-05,0.149420548616548
"root18",14,"b0",0.000152949779530967,0.381580776010724,0.145373904485144
"root18",14,"b1",8.56581445894983e-05,0.381580776010724,0.145373904485144
"root18",14,"b2",4.58632241867616e-05,0.381580776010724,0.145373904485144
"root18",14,"b3",4.58632241867616e-05,0.381580776010724,0.145373904485144
"root18",14,"b4",4.35733529913627e-05,0.381580776010724,0.145373904485144
"root18",14,"b5",7.79956892692565e-05,0.381580776010724,0.145373904485144
"root18",14,"b6",6.25307093667513e-05,0.381580776010724,0.145373904485144
"root18",14,"b7",0.000109125207438663,0.381580776010724,0.145373904485144
"root18",14,"b8",3.82870866770061e-05,0.381580776010724,0.145373904485144
"root18",14,"b9",6.63250296553853e-05,6.63250296553853e-05,0.145373904485144
"root18",15,"b0",0.000149630749502462,0.35117831985235,0.139686760300654
"root18",15,"b1",8.84856476206096e-05,0.35117831985235,0.139686760300654
"root18",15,"b2",4.66773941214728e-05,0.35117831985235,0.139686760300654
"root18",15,"b3",4.66773941214728e-05,0.35117831985235,0.139686760300654
"root18",15,"b4",4.45710625487118e-05,0.35117831985235,0.139686760300654
"root18",15,"b5",8.1140863812731e-05,0.35117831985235,0.139686760300654
"root18",15,"b6",6.47276366364331e-05,0.35117831985235,0.139686760300654
"root18",15,"b7",0.000113804985786667,0.35117831985235,0.139686760300654
"root18",15,"b8",3.91503695251972e-05,0.35117831985235,0.139686760300654
"root18",15,"b9",6.84591561868153e-05,6.84591561868153e-05,0.139686760300654
"root18",16,"b0",0.000156974569958785,0.179643532752816,0.121248032459408
"root18",16,"b1",9.24155832898044e-05,0.179643532752816,0.121248032459408
"root18",16,"b2",4.5962989633493e-05,0.179643532752816,0.121248032459408
"root18",16,"b3",4.5962989633493e-05,0.179643532752816,0.121248032459408
"root18",16,"b4",4.32340800927258e-05,0.179643532752816,0.121248032459408
"root18",16,"b5",8.19985293525386e-05,0.179643532752816,0.121248032459408
"root18",16,"b6",6.4718551807793e-05,0.179643532752816,0.121248032459408
"root18",16,"b7",0.000121184949899082,0.179643532752816,0.121248032459408
"root18",16,"b8",3.79016559705755e-05,0.179643532752816,0.121248032459408
"root18",16,"b9",6.88211480979359e-05,6.88211480979359e-05,0.121248032459408
"root18",17,"b0",0.000153349173254232,0.0699425503530792,0.125607982250216
"root18",17,"b1",8.71485439614899e-05,0.0699425503530792,0.125607982250216
"root18",17,"b2",4.73216007238769e-05,0.0699425503530792,0.125607982250216
"root18",17,"b3",4.73216007238769e-05,0.0699425503530792,0.125607982250216
"root18",17,"b4",4.46467613050787e-05,0.0699425503530792,0.125607982250216
"root18",17,"b5",7.84272153514447e-05,0.0699425503530792,0.125607982250216
"root18",17,"b6",6.2606208314328e-05,0.0699425503530792,0.125607982250216
"root18",17,"b7",0.000101534452149955,0.0699425503530792,0.125607982250216
"root18",17,"b8",3.90547535581611e-05,0.0699425503530792,0.125607982250216
"root18",17,"b9",6.63323503362626e-05,6.63323503362626e-05,0.125607982250216
"root18",18,"b0",0.000132609964698064,0.472576849942371,0.138989362777281
"root18",18,"b1",8.87743678777669e-05,0.472576849942371,0.138989362777281
"root18",18,"b2",4.50242578801772e-05,0.472576849942371,0.138989362777281
"root18",18,"b3",4.50242578801772e-05,0.472576849942371,0.138989362777281
"root18",18,"b4",4.25246020902427e-05,0.472576849942371,0.138989362777281
"root18",18,"b5",7.95451388986107e-05,0.472576849942371,0.138989362777281
"root18",18,"b6",6.3285302203257e-05,0.472576849942371,0.138989362777281
"root18",18,"b7",0.000110014539828119,0.472576849942371,0.138989362777281
"root18",18,"b8",3.73920160645773e-05,0.472576849942371,0.138989362777281
"root18",18,"b9",6.71696992534409e-05,6.71696992534409e-05,0.138989362777281
"root18",19,"b0",0.000189653883999427,0.337036438502424,0.124612632171674
"root18",19,"b1",0.000102033979404442,0.337036438502424,0.124612632171674
"root18",19,"b2",5.29080712745024e-05,0.337036438502424,0.124612632171674
"root18",19,"b3",5.29080712745024e-05,0.337036438502424,0.124612632171674
"root18",19,"b4",4.95186330080068e-05,0.337036438502424,0.124612632171674
"root18",19,"b5",9.00132067897866e-05,0.337036438502424,0.124612632171674
"root18",19,"b6",6.9652139649678e-05,0.337036438502424,0.124612632171674
"root18",19,"b7",0.000123509893068491,0.337036438502424,0.124612632171674
"root18",19,"b8",4.27003200091888e-05,0.337036438502424,0.124612632171674
"root18",19,"b9",7.44510497962077e-05,7.44510497962077e-05,0.124612632171674
"root18",20,"b0",0.000141630828681398,0.437854078023922,0.138957037309254
"root18",20,"b1",8.56757314402382e-05,0.437854078023922,0.138957037309254
"root18",20,"b2",4.30169371201151e-05,0.437854078023922,0.138957037309254
"root18",20,"b3",4.30169371201151e-05,0.437854078023922,0.138957037309254
"root18",20,"b4",4.0615263146248e-05,0.437854078023922,0.138957037309254
"root18",20,"b5",7.66387419832332e-05,0.437854078023922,0.138957037309254
"root18",20,"b6",6.13727170176558e-05,0.437854078023922,0.138957037309254
"root18",20,"b7",0.000113123763515469,0.437854078023922,0.138957037309254
"root18",20,"b8",3.58878310402165e-05,0.437854078023922,0.138957037309254
"root18",20,"b9",6.50743436343232e-05,6.50743436343232e-05,0.138957037309254
"root18",21,"b0",0.000181655262123149,0.173954472027354,0.142725928477598
"root18",21,"b1",8.50085220856522e-05,0.173954472027354,0.142725928477598
"root18",21,"b2",4.89681862049984e-05,0.173954472027354,0.142725928477598
"root18",21,"b3",4.89681862049984e-05,0.173954472027354,0.142725928477598
"root18",21,"b4",4.61148709489222e-05,0.173954472027354,0.142725928477598
"root18",21,"b5",7.66882742228194e-05,0.173954472027354,0.142725928477598
"root18",21,"b6",6.15080539173684e-05,0.173954472027354,0.142725928477598
"root18",21,"b7",0.000100039925592333,0.173954472027354,0.142725928477598
"root18",21,"b8",4.01873517011559e-05,0.173954472027354,0.142725928477598
"root18",21,"b9",6.50915578150216e-05,6.50915578150216e-05,0.142725928477598
"root18",22,"b0",0.000163719511064281,0.271822444487386,0.144780626128487
"root18",22,"b1",8.95471834743409e-05,0.271822444487386,0.144780626128487
"root18",22,"b2",4.80029199485372e-05,0.271822444487386,0.144780626128487
"root18",22,"b3",4.80029199485372e-05,0.271822444487386,0.144780626128487
"root18",22,"b4",4.57955898478708e-05,0.271822444487386,0.144780626128487
"root18",22,"b5",8.21020532274636e-05,0.271822444487386,0.144780626128487
"root18",22,"b6",6.53183325421361e-05,0.271822444487386,0.144780626128487
"root18",22,"b7",0.000110374460508628,0.271822444487386,0.144780626128487
"root18",22,"b8",4.00795742075058e-05,0.271822444487386,0.144780626128487
"root18",22,"b9",6.91873131641169e-05,6.91873131641169e-05,0.144780626128487
"root18",24,"b0",0.000159580271520737,0.971748190492053,0.127364212468066
"root18",24,"b1",0.0001026733125176,0.971748190492053,0.127364212468066
"root18",24,"b2",5.21574062550413e-05,0.971748190492053,0.127364212468066
"root18",24,"b3",5.21574062550413e-05,0.971748190492053,0.127364212468066
"root18",24,"b4",4.91010330133997e-05,0.971748190492053,0.127364212468066
"root18",24,"b5",9.13178849287094e-05,0.971748190492053,0.127364212468066
"root18",24,"b6",7.05190934571255e-05,0.971748190492053,0.127364212468066
"root18",24,"b7",0.000128119311082136,0.971748190492053,0.127364212468066
"root18",24,"b8",4.24291398358099e-05,0.971748190492053,0.127364212468066
"root18",24,"b9",7.55372200808655e-05,7.55372200808655e-05,0.127364212468066
"root18",25,"b0",0.000161498422597488,0.852072093998231,0.15088394249732
"root18",25,"b1",9.72484766543525e-05,0.852072093998231,0.15088394249732
"root18",25,"b2",5.24457052807486e-05,0.852072093998231,0.15088394249732
"root18",25,"b3",5.24457052807486e-05,0.852072093998231,0.15088394249732
"root18",25,"b4",4.93973003686896e-05,0.852072093998231,0.15088394249732
"root18",25,"b5",8.71891698038221e-05,0.852072093998231,0.15088394249732
"root18",25,"b6",6.83876793593232e-05,0.852072093998231,0.15088394249732
"root18",25,"b7",0.000114094785563051,0.852072093998231,0.15088394249732
"root18",25,"b8",4.27642572673951e-05,0.852072093998231,0.15088394249732
"root18",25,"b9",7.26295052892018e-05,7.26295052892018e-05,0.15088394249732
"root18",26,"b0",0.000124223457975195,1.03976852500226,0.238395194318609
"root18",26,"b1",5.58512327098744e-05,1.03976852500226,0.238395194318609
"root18",26,"b2",3.82300638948926e-05,1.03976852500226,0.238395194318609
"root18",26,"b3",3.82300638948926e-05,1.03976852500226,0.238395194318609
"root18",26,"b4",3.69170156363911e-05,1.03976852500226,0.238395194318609
"root18",26,"b5",5.30869500547384e-05,1.03976852500226,0.238395194318609
"root18",26,"b6",4.58181077828267e-05,1.03976852500226,0.238395194318609
"root18",26,"b7",6.09876233872027e-05,1.03976852500226,0.238395194318609
"root18",26,"b8",3.32539849249424e-05,1.03976852500226,0.238395194318609
"root18",26,"b9",4.74820718438506e-05,4.74820718438506e-05,0.238395194318609
"root18",27,"b0",0.000141213066770327,1.43961056811325,0.215145741672017
"root18",27,"b1",6.93018818673393e-05,1.43961056811325,0.215145741672017
"root18",27,"b2",4.35910528189674e-05,1.43961056811325,0.215145741672017
"root18",27,"b3",4.35910528189674e-05,1.43961056811325,0.215145741672017
"root18",27,"b4",4.16835819205524e-05,1.43961056811325,0.215145741672017
"root18",27,"b5",6.45924327596903e-05,1.43961056811325,0.215145741672017
"root18",27,"b6",5.39546106317855e-05,1.43961056811325,0.215145741672017
"root18",27,"b7",7.8709503165521e-05,1.43961056811325,0.215145741672017
"root18",27,"b8",3.69829274970912e-05,1.43961056811325,0.215145741672017
"root18",27,"b9",5.63549843234906e-05,5.63549843234906e-05,0.215145741672017
"root18",29,"b0",0.000187091749622918,6.57670991494269,0.30553689355917
"root18",29,"b1",5.14330817284836e-05,6.57670991494269,0.30553689355917
"root18",29,"b2",4.03159224655359e-05,6.57670991494269,0.30553689355917
"root18",29,"b3",4.03159224655359e-05,6.57670991494269,0.30553689355917
"root18",29,"b4",3.88329058372975e-05,6.57670991494269,0.30553689355917
"root18",29,"b5",4.90511445357981e-05,6.57670991494269,0.30553689355917
"root18",29,"b6",4.28405406335472e-05,6.57670991494269,0.30553689355917
"root18",29,"b7",5.38378877191889e-05,6.57670991494269,0.30553689355917
"root18",29,"b8",3.4828719401621e-05,6.57670991494269,0.30553689355917
"root18",29,"b9",4.43041991181691e-05,4.43041991181691e-05,0.30553689355917
"root18",3,"b0",3.94364549775065e-05,0.0366685765777643,0.151013661913634
"root18",3,"b1",6.60703659288326e-05,0.0366685765777643,0.151013661913634
"root18",3,"b2",3.53164693854719e-05,0.0366685765777643,0.151013661913634
"root18",3,"b3",3.53164693854719e-05,0.0366685765777643,0.151013661913634
"root18",3,"b4",3.3816308778301e-05,0.0366685765777643,0.151013661913634
"root18",3,"b5",6.10050662976963e-05,0.0366685765777643,0.151013661913634
"root18",3,"b6",5.10752321870726e-05,0.0366685765777643,0.151013661913634
"root18",3,"b7",8.61835705458103e-05,0.0366685765777643,0.151013661913634
"root18",3,"b8",3.05273422568247e-05,0.0366685765777643,0.151013661913634
"root18",3,"b9",5.34749708384387e-05,5.34749708384387e-05,0.151013661913634
"root18",30,"b0",0.000167252104369646,5.1947491151186,0.275143180787343
"root18",30,"b1",5.88367716654874e-05,5.1947491151186,0.275143180787343
"root18",30,"b2",4.18185022456678e-05,5.1947491151186,0.275143180787343
"root18",30,"b3",4.18185022456678e-05,5.1947491151186,0.275143180787343
"root18",30,"b4",4.03009239570855e-05,5.1947491151186,0.275143180787343
"root18",30,"b5",5.58613521945183e-05,5.1947491151186,0.275143180787343
"root18",30,"b6",4.79302896184521e-05,5.1947491151186,0.275143180787343
"root18",30,"b7",6.28466002674134e-05,5.1947491151186,0.275143180787343
"root18",30,"b8",3.60145593950322e-05,5.1947491151186,0.275143180787343
"root18",30,"b9",4.96725166156178e-05,4.96725166156178e-05,0.275143180787343
"root18",5,"b0",7.72917147667974e-05,0.132437244597039,0.104471923228079
"root18",5,"b1",8.85053689832944e-05,0.132437244597039,0.104471923228079
"root18",5,"b2",4.22749015530538e-05,0.132437244597039,0.104471923228079
"root18",5,"b3",4.22749015530538e-05,0.132437244597039,0.104471923228079
"root18",5,"b4",3.99355044019309e-05,0.132437244597039,0.104471923228079
"root18",5,"b5",7.88224014942294e-05,0.132437244597039,0.104471923228079
"root18",5,"b6",6.23632723646405e-05,0.132437244597039,0.104471923228079
"root18",5,"b7",0.000140455682582582,0.132437244597039,0.104471923228079
"root18",5,"b8",3.52295353247798e-05,0.132437244597039,0.104471923228079
"root18",5,"b9",6.6605096399883e-05,6.6605096399883e-05,0.104471923228079
"root18",8,"b0",0.000127689382860311,0.0680579115696848,0.142637034168675
"root18",8,"b1",7.0867674064823e-05,0.0680579115696848,0.142637034168675
"root18",8,"b2",3.85096818574585e-05,0.0680579115696848,0.142637034168675
"root18",8,"b3",3.85096818574585e-05,0.0680579115696848,0.142637034168675
"root18",8,"b4",3.70650822799447e-05,0.0680579115696848,0.142637034168675
"root18",8,"b5",6.61204741055687e-05,0.0680579115696848,0.142637034168675
"root18",8,"b6",5.47640429236904e-05,0.0680579115696848,0.142637034168675
"root18",8,"b7",9.43559950434206e-05,0.0680579115696848,0.142637034168675
"root18",8,"b8",3.32071859571812e-05,0.0680579115696848,0.142637034168675
"root18",8,"b9",5.75653239582783e-05,5.75653239582783e-05,0.142637034168675
"root18",9,"b0",0.000112813955824505,0.0218259695476749,0.13448963959599
"root18",9,"b1",6.63795797813997e-05,0.0218259695476749,0.13448963959599
"root18",9,"b2",3.66359945913221e-05,0.0218259695476749,0.13448963959599
"root18",9,"b3",3.66359945913221e-05,0.0218259695476749,0.13448963959599
"root18",9,"b4",3.50005470768782e-05,0.0218259695476749,0.13448963959599
"root18",9,"b5",6.11950747219229e-05,0.0218259695476749,0.13448963959599
"root18",9,"b6",5.11501087950827e-05,0.0218259695476749,0.13448963959599
"root18",9,"b7",8.13874213212425e-05,0.0218259695476749,0.13448963959599
"root18",9,"b8",3.1467471787165e-05,0.0218259695476749,0.13448963959599
"root18",9,"b9",5.35541392186464e-05,5.35541392186464e-05,0.13448963959599
"root19",0,"b0",4.00927167036768e-05,0.0121769056802365,0.135598497037062
"root19",0,"b1",5.9400283977523e-05,0.0121769056802365,0.135598497037062
"root19",0,"b2",3.0751571831962e-05,0.0121769056802365,0.135598497037062
"root19",0,"b3",3.0751571831962e-05,0.0121769056802365,0.135598497037062
"root19",0,"b4",2.97427606243751e-05,0.0121769056802365,0.135598497037062
"root19",0,"b5",5.57471974040416e-05,0.0121769056802365,0.135598497037062
"root19",0,"b6",4.73713177023157e-05,0.0121769056802365,0.135598497037062
"root19",0,"b7",7.72091820222608e-05,0.0121769056802365,0.135598497037062
"root19",0,"b8",2.71790696901036e-05,0.0121769056802365,0.135598497037062
"root19",0,"b9",4.95120045984149e-05,4.95120045984149e-05,0.135598497037062
"root19",10,"b0",8.87773134256884e-05,0.0366064970493647,0.147828401263481
"root19",10,"b1",5.51411574520519e-05,0.0366064970493647,0.147828401263481
"root19",10,"b2",3.04567819844998e-05,0.0366064970493647,0.147828401263481
"root19",10,"b3",3.04567819844998e-05,0.0366064970493647,0.147828401263481
"root19",10,"b4",2.94075186150634e-05,0.0366064970493647,0.147828401263481
"root19",10,"b5",5.17934223128909e-05,0.0366064970493647,0.147828401263481
"root19",10,"b6",4.45010386076555e-05,0.0366064970493647,0.147828401263481
"root19",10,"b7",6.93702456335385e-05,0.0366064970493647,0.147828401263481
"root19",10,"b8",2.69054141468651e-05,0.0366064970493647,0.147828401263481
"root19",10,"b9",4.62808430334581e-05,4.62808430334581e-05,0.147828401263481
"root19",11,"b0",0.000159549859633885,0.175220426780099,0.125159823419797
"root19",11,"b1",9.10905912293543e-05,0.175220426780099,0.125159823419797
"root19",11,"b2",4.63487334950307e-05,0.175220426780099,0.125159823419797
"root19",11,"b3",4.63487334950307e-05,0.175220426780099,0.125159823419797
"root19",11,"b4",4.40222112010713e-05,0.175220426780099,0.125159823419797
"root19",11,"b5",8.24501205066828e-05,0.175220426780099,0.125159823419797
"root19",11,"b6",6.52918094214003e-05,0.175220426780099,0.125159823419797
"root19",11,"b7",0.000121081484535873,0.175220426780099,0.125159823419797
"root19",11,"b8",3.86303346751402e-05,0.175220426780099,0.125159823419797
"root19",11,"b9",6.92647956824724e-05,6.92647956824724e-05,0.125159823419797
"root19",12,"b0",0.000114030175220358,0.211277711837692,0.14112486716939
"root19",12,"b1",7.56454934689181e-05,0.211277711837692,0.14112486716939
"root19",12,"b2",4.02877091524892e-05,0.211277711837692,0.14112486716939
"root19",12,"b3",4.02877091524892e-05,0.211277711837692,0.14112486716939
"root19",12,"b4",3.82776854508536e-05,0.211277711837692,0.14112486716939
"root19",12,"b5",6.88499469857988e-05,0.211277711837692,0.14112486716939
"root19",12,"b6",5.63804354908131e-05,0.211277711837692,0.14112486716939
"root19",12,"b7",9.35659786440872e-05,0.211277711837692,0.14112486716939
"root19",12,"b8",3.40886164193028e-05,0.211277711837692,0.14112486716939
"root19",12,"b9",5.93369545578298e-05,5.93369545578298e-05,0.14112486716939
"root19",13,"b0",0.000165753994807422,0.143299763170331,0.124935338266073
"root19",13,"b1",9.50008456142788e-05,0.143299763170331,0.124935338266073
"root19",13,"b2",5.01658246097028e-05,0.143299763170331,0.124935338266073
"root19",13,"b3",5.01658246097028e-05,0.143299763170331,0.124935338266073
"root19",13,"b4",4.71057836692347e-05,0.143299763170331,0.124935338266073
"root19",13,"b5",8.45089490149895e-05,0.143299763170331,0.124935338266073
"root19",13,"b6",6.63093270949342e-05,0.143299763170331,0.124935338266073
"root19",13,"b7",0.000111907949870825,0.143299763170331,0.124935338266073
"root19",13,"b8",4.08865837330957e-05,0.143299763170331,0.124935338266073
"root19",13,"b9",7.06410290920478e-05,7.06410290920478e-05,0.124935338266073
"root19",14,"b0",0.000153749077115217,0.145666209844491,0.135495221571877
"root19",14,"b1",8.55201368187955e-05,0.145666209844491,0.135495221571877
"root19",14,"b2",4.50894219102953e-05,0.145666209844491,0.135495221571877
"root19",14,"b3",4.50894219102953e-05,0.145666209844491,0.135495221571877
"root19",14,"b4",4.2439718818087e-05,0.145666209844491,0.135495221571877
"root19",14,"b5",7.6455314086527e-05,0.145666209844491,0.135495221571877
"root19",14,"b6",6.13157013487152e-05,0.145666209844491,0.135495221571877
"root19",14,"b7",0.000106450386445743,0.145666209844491,0.135495221571877
"root19",14,"b8",3.73277909193453e-05,0.145666209844491,0.135495221571877
"root19",14,"b9",6.48148547328609e-05,6.48148547328609e-05,0.135495221571877
"root19",15,"b0",0.000134277815971752,0.22498716461506,0.140902358605755
"root19",15,"b1",7.70719764538282e-05,0.22498716461506,0.140902358605755
"root19",15,"b2",4.08992528291002e-05,0.22498716461506,0.140902358605755
"root19",15,"b3",4.08992528291002e-05,0.22498716461506,0.140902358605755
"root19",15,"b4",3.90164780016178e-05,0.22498716461506,0.140902358605755
"root19",15,"b5",7.06406205441364e-05,0.22498716461506,0.140902358605755
"root19",15,"b6",5.77572325466828e-05,0.22498716461506,0.140902358605755
"root19",15,"b7",0.000103433910487298,0.22498716461506,0.140902358605755
"root19",15,"b8",3.47396288033667e-05,0.22498716461506,0.140902358605755
"root19",15,"b9",6.09202741580881e-05,6.09202741580881e-05,0.140902358605755
"root19",16,"b0",8.58998019387821e-05,0.394324417209576,0.190942992145622
"root19",16,"b1",5.94702513170353e-05,0.394324417209576,0.190942992145622
"root19",16,"b2",3.46105940294158e-05,0.394324417209576,0.190942992145622
"root19",16,"b3",3.46105940294158e-05,0.394324417209576,0.190942992145622
"root19",16,"b4",3.36264390357662e-05,0.394324417209576,0.190942992145622
"root19",16,"b5",5.66205017518422e-05,0.394324417209576,0.190942992145622
"root19",16,"b6",4.84483773707071e-05,0.394324417209576,0.190942992145622
"root19",16,"b7",6.96931180357236e-05,0.394324417209576,0.190942992145622
"root19",16,"b8",3.05667373985444e-05,0.394324417209576,0.190942992145622
"root19",16,"b9",5.02766590425658e-05,5.02766590425658e-05,0.190942992145622
"root19",17,"b0",0.000137779695396653,0.228075345814932,0.150076660735147
"root19",17,"b1",8.52992510336963e-05,0.228075345814932,0.150076660735147
"root19",17,"b2",4.62407695421354e-05,0.228075345814932,0.150076660735147
"root19",17,"b3",4.62407695421354e-05,0.228075345814932,0.150076660735147
"root19",17,"b4",4.44111138344433e-05,0.228075345814932,0.150076660735147
"root19",17,"b5",7.92352318369361e-05,0.228075345814932,0.150076660735147
"root19",17,"b6",6.37066585573132e-05,0.228075345814932,0.150076660735147
"root19",17,"b7",0.000104845428403074,0.228075345814932,0.150076660735147
"root19",17,"b8",3.90917899295066e-05,0.228075345814932,0.150076660735147
"root19",17,"b9",6.72488408923815e-05,6.72488408923815e-05,0.150076660735147
"root19",18,"b0",0.000143305196355181,0.321767145291979,0.135760742089829
"root19",18,"b1",8.50921887075366e-05,0.321767145291979,0.135760742089829
"root19",18,"b2",4.40826090048363e-05,0.321767145291979,0.135760742089829
"root19",18,"b3",4.40826090048363e-05,0.321767145291979,0.135760742089829
"root19",18,"b4",4.20241007371063e-05,0.321767145291979,0.135760742089829
"root19",18,"b5",7.7729731492503e-05,0.321767145291979,0.135760742089829
"root19",18,"b6",6.23502429377448e-05,0.321767145291979,0.135760742089829
"root19",18,"b7",0.000112761862652926,0.321767145291979,0.135760742089829
"root19",18,"b8",3.70835419226488e-05,0.321767145291979,0.135760742089829
"root19",18,"b9",6.60175599729149e-05,6.60175599729149e-05,0.135760742089829
"root19",19,"b0",0.000189960251687993,0.391936850193412,0.135207944460542
"root19",19,"b1",9.57968186126352e-05,0.391936850193412,0.135207944460542
"root19",19,"b2",5.18227271323441e-05,0.391936850193412,0.135207944460542
"root19",19,"b3",5.18227271323441e-05,0.391936850193412,0.135207944460542
"root19",19,"b4",4.84867131596384e-05,0.391936850193412,0.135207944460542
"root19",19,"b5",8.48830779043801e-05,0.391936850193412,0.135207944460542
"root19",19,"b6",6.658375050045e-05,0.391936850193412,0.135207944460542
"root19",19,"b7",0.00011574169919566,0.391936850193412,0.135207944460542
"root19",19,"b8",4.19464788184046e-05,0.391936850193412,0.135207944460542
"root19",19,"b9",7.08657013686804e-05,7.08657013686804e-05,0.135207944460542
"root19",20,"b0",0.000123859772825999,0.389364740673503,0.167878725295476
"root19",20,"b1",7.38556420771893e-05,0.389364740673503,0.167878725295476
"root19",20,"b2",4.12610916510785e-05,0.389364740673503,0.167878725295476
"root19",20,"b3",4.12610916510785e-05,0.389364740673503,0.167878725295476
"root19",20,"b4",3.94087729467334e-05,0.389364740673503,0.167878725295476
"root19",20,"b5",6.81166984143226e-05,0.389364740673503,0.167878725295476
"root19",20,"b6",5.61680658209965e-05,0.389364740673503,0.167878725295476
"root19",20,"b7",8.93870816279144e-05,0.389364740673503,0.167878725295476
"root19",20,"b8",3.50930768392876e-05,0.389364740673503,0.167878725295476
"root19",20,"b9",5.88480015235757e-05,5.88480015235757e-05,0.167878725295476
"root19",21,"b0",0.000144569757010558,0.378479688878666,0.165463612863353
"root19",21,"b1",7.38815914207927e-05,0.378479688878666,0.165463612863353
"root19",21,"b2",4.42075878643196e-05,0.378479688878666,0.165463612863353
"root19",21,"b3",4.42075878643196e-05,0.378479688878666,0.165463612863353
"root19",21,"b4",4.24490873970369e-05,0.378479688878666,0.165463612863353
"root19",21,"b5",6.90664326141313e-05,0.378479688878666,0.165463612863353
"root19",21,"b6",5.71001418950995e-05,0.378479688878666,0.165463612863353
"root19",21,"b7",8.72081596199203e-05,0.378479688878666,0.165463612863353
"root19",21,"b8",3.76231848565908e-05,0.378479688878666,0.165463612863353
"root19",21,"b9",5.99162145766219e-05,5.99162145766219e-05,0.165463612863353
"root19",22,"b0",0.000205176402436566,0.317156793301243,0.136063280629504
"root19",22,"b1",9.61228380774371e-05,0.317156793301243,0.136063280629504
"root19",22,"b2",5.30556737420396e-05,0.317156793301243,0.136063280629504
"root19",22,"b3",5.30556737420396e-05,0.317156793301243,0.136063280629504
"root19",22,"b4",4.92673754348334e-05,0.317156793301243,0.136063280629504
"root19",22,"b5",8.42578221267582e-05,0.317156793301243,0.136063280629504
"root19",22,"b6",6.63348559379607e-05,0.317156793301243,0.136063280629504
"root19",22,"b7",0.000111425961958555,0.317156793301243,0.136063280629504
"root19",22,"b8",4.25821144870931e-05,0.317156793301243,0.136063280629504
"root19",22,"b9",7.04190146418788e-05,7.04190146418788e-05,0.136063280629504
"root19",23,"b0",0.000110046422665539,0.101588621349952,0.168266142485656
"root19",23,"b1",6.00010742272622e-05,0.101588621349952,0.168266142485656
"root19",23,"b2",3.61377468136179e-05,0.101588621349952,0.168266142485656
"root19",23,"b3",3.61377468136179e-05,0.101588621349952,0.168266142485656
"root19",23,"b4",3.48735653545455e-05,0.101588621349952,0.168266142485656
"root19",23,"b5",5.65928574921873e-05,0.101588621349952,0.168266142485656
"root19",23,"b6",4.82610825813553e-05,0.101588621349952,0.168266142485656
"root19",23,"b7",7.12621171712691e-05,0.101588621349952,0.168266142485656
"root19",23,"b8",3.15212171397674e-05,0.101588621349952,0.168266142485656
"root19",23,"b9",5.03141788237752e-05,5.03141788237752e-05,0.168266142485656
"root19",26,"b0",0.000136812413888272,2.1167132445632,0.214259614297892
"root19",26,"b1",6.77584221552886e-05,2.1167132445632,0.214259614297892
"root19",26,"b2",4.3544161977769e-05,2.1167132445632,0.214259614297892
"root19",26,"b3",4.3544161977769e-05,2.1167132445632,0.214259614297892
"root19",26,"b4",4.17777331123248e-05,2.1167132445632,0.214259614297892
"root19",26,"b5",6.35694917946855e-05,2.1167132445632,0.214259614297892
"root19",26,"b6",5.33128161073153e-05,2.1167132445632,0.214259614297892
"root19",26,"b7",7.53027050968911e-05,2.1167132445632,0.214259614297892
"root19",26,"b8",3.70911213159678e-05,2.1167132445632,0.214259614297892
"root19",26,"b9",5.57657094042162e-05,5.57657094042162e-05,0.214259614297892
"root19",27,"b0",0.000175340122306851,4.73087611402671,0.198536564541732
"root19",27,"b1",8.22207993595362e-05,4.73087611402671,0.198536564541732
"root19",27,"b2",5.06215461989008e-05,4.73087611402671,0.198536564541732
"root19",27,"b3",5.06215461989008e-05,4.73087611402671,0.198536564541732
"root19",27,"b4",4.81013542838697e-05,4.73087611402671,0.198536564541732
"root19",27,"b5",7.57010031449741e-05,4.73087611402671,0.198536564541732
"root19",27,"b6",6.15087334891157e-05,4.73087611402671,0.198536564541732
"root19",27,"b7",9.27953103927182e-05,4.73087611402671,0.198536564541732
"root19",27,"b8",4.19929510680927e-05,4.73087611402671,0.198536564541732
"root19",27,"b9",6.47467204538949e-05,6.47467204538949e-05,0.198536564541732
"root19",28,"b0",0.000198560505058047,2.40015711289525,0.307328404109622
"root19",28,"b1",4.45239218689027e-05,2.40015711289525,0.307328404109622
"root19",28,"b2",3.44806679545427e-05,2.40015711289525,0.307328404109622
"root19",28,"b3",3.44806679545427e-05,2.40015711289525,0.307328404109622
"root19",28,"b4",3.32430315817867e-05,2.40015711289525,0.307328404109622
"root19",28,"b5",4.24649621680027e-05,2.40015711289525,0.307328404109622
"root19",28,"b6",3.76187633627453e-05,2.40015711289525,0.307328404109622
"root19",28,"b7",4.66160785685257e-05,2.40015711289525,0.307328404109622
"root19",28,"b8",3.02123930882985e-05,2.40015711289525,0.307328404109622
"root19",28,"b9",3.8712469334367e-05,3.8712469334367e-05,0.307328404109622
"root19",30,"b0",0.000200680864002758,12.0544793608867,0.307720993490488
"root19",30,"b1",6.66159383376063e-05,12.0544793608867,0.307720993490488
"root19",30,"b2",4.64422299863188e-05,12.0544793608867,0.307720993490488
"root19",30,"b3",4.64422299863188e-05,12.0544793608867,0.307720993490488
"root19",30,"b4",4.43515436982472e-05,12.0544793608867,0.307720993490488
"root19",30,"b5",6.23680415447837e-05,12.0544793608867,0.307720993490488
"root19",30,"b6",5.26123613685399e-05,12.0544793608867,0.307720993490488
"root19",30,"b7",7.0990806624671e-05,12.0544793608867,0.307720993490488
"root19",30,"b8",3.92048501469093e-05,12.0544793608867,0.307720993490488
"root19",30,"b9",5.4790573320829e-05,5.4790573320829e-05,0.307720993490488
"root19",4,"b0",5.29013276730702e-05,0.0215093742784924,0.136973480919229
"root19",4,"b1",8.42691913970281e-05,0.0215093742784924,0.136973480919229
"root19",4,"b2",4.47348980612598e-05,0.0215093742784924,0.136973480919229
"root19",4,"b3",4.47348980612598e-05,0.0215093742784924,0.136973480919229
"root19",4,"b4",4.20202162469588e-05,0.0215093742784924,0.136973480919229
"root19",4,"b5",7.51092861920142e-05,0.0215093742784924,0.136973480919229
"root19",4,"b6",6.02868981274303e-05,0.0215093742784924,0.136973480919229
"root19",4,"b7",0.00010286297426111,0.0215093742784924,0.136973480919229
"root19",4,"b8",3.69443373824042e-05,0.0215093742784924,0.136973480919229
"root19",4,"b9",6.38524722058976e-05,6.38524722058976e-05,0.136973480919229
"root19",5,"b0",4.57816900470824e-05,0.0368346850415811,0.135877285903401
"root19",5,"b1",7.45359581526961e-05,0.0368346850415811,0.135877285903401
"root19",5,"b2",3.89333227119237e-05,0.0368346850415811,0.135877285903401
"root19",5,"b3",3.89333227119237e-05,0.0368346850415811,0.135877285903401
"root19",5,"b4",3.71056055319675e-05,0.0368346850415811,0.135877285903401
"root19",5,"b5",6.81065055649653e-05,0.0368346850415811,0.135877285903401
"root19",5,"b6",5.5990356013334e-05,0.0368346850415811,0.135877285903401
"root19",5,"b7",9.47810909797176e-05,0.0368346850415811,0.135877285903401
"root19",5,"b8",3.31946728373026e-05,0.0368346850415811,0.135877285903401
"root19",5,"b9",5.8999911472477e-05,5.8999911472477e-05,0.135877285903401
"root19",7,"b0",5.34117206772692e-05,0.106351975501505,0.122893465927904
"root19",7,"b1",7.45717062901001e-05,0.106351975501505,0.122893465927904
"root19",7,"b2",3.74754092628263e-05,0.106351975501505,0.122893465927904
"root19",7,"b3",3.74754092628263e-05,0.106351975501505,0.122893465927904
"root19",7,"b4",3.55572961332515e-05,0.106351975501505,0.122893465927904
"root19",7,"b5",6.73362187094326e-05,0.106351975501505,0.122893465927904
"root19",7,"b6",5.51666385176363e-05,0.106351975501505,0.122893465927904
"root19",7,"b7",9.79089611424793e-05,0.106351975501505,0.122893465927904
"root19",7,"b8",3.18493842131998e-05,0.106351975501505,0.122893465927904
"root19",7,"b9",5.81244206100425e-05,5.81244206100425e-05,0.122893465927904
"root19",8,"b0",0.000157545867519422,0.0317631496541176,0.132010589584964
"root19",8,"b1",8.04059196656269e-05,0.0317631496541176,0.132010589584964
"root19",8,"b2",4.47117591046554e-05,0.0317631496541176,0.132010589584964
"root19",8,"b3",4.47117591046554e-05,0.0317631496541176,0.132010589584964
"root19",8,"b4",4.20068388308146e-05,0.0317631496541176,0.132010589584964
"root19",8,"b5",7.20548796114701e-05,0.0317631496541176,0.132010589584964
"root19",8,"b6",5.83164031529006e-05,0.0317631496541176,0.132010589584964
"root19",8,"b7",9.47628640006341e-05,0.0317631496541176,0.132010589584964
"root19",8,"b8",3.69364957392132e-05,0.0317631496541176,0.132010589584964
"root19",8,"b9",6.16503696211164e-05,6.16503696211164e-05,0.132010589584964
"root19",9,"b0",0.00012506325521574,0.0523103772144701,0.134099329538421
"root19",9,"b1",7.03043236028104e-05,0.0523103772144701,0.134099329538421
"root19",9,"b2",3.70674107244648e-05,0.0523103772144701,0.134099329538421
"root19",9,"b3",3.70674107244648e-05,0.0523103772144701,0.134099329538421
"root19",9,"b4",3.56177810194788e-05,0.0523103772144701,0.134099329538421
"root19",9,"b5",6.52625402255468e-05,0.0523103772144701,0.134099329538421
"root19",9,"b6",5.41677872748236e-05,0.0523103772144701,0.134099329538421
"root19",9,"b7",9.46206099958235e-05,0.0523103772144701,0.134099329538421
"root19",9,"b8",3.20379627298129e-05,0.0523103772144701,0.134099329538421
"root19",9,"b9",5.6759035099609e-05,5.6759035099609e-05,0.134099329538421
"root2",10,"b0",0.000158396181215464,0.0433332674286976,0.126031379724283
"root2",10,"b1",8.30712554947043e-05,0.0433332674286976,0.126031379724283
"root2",10,"b2",4.53257947417182e-05,0.0433332674286976,0.126031379724283
"root2",10,"b3",4.53257947417182e-05,0.0433332674286976,0.126031379724283
"root2",10,"b4",4.23912368484645e-05,0.0433332674286976,0.126031379724283
"root2",10,"b5",7.36957705348285e-05,0.0433332674286976,0.126031379724283
"root2",10,"b6",5.92139801491795e-05,0.0433332674286976,0.126031379724283
"root2",10,"b7",9.81492605811074e-05,0.0433332674286976,0.126031379724283
"root2",10,"b8",3.71703878646645e-05,0.0433332674286976,0.126031379724283
"root2",10,"b9",6.29543336269285e-05,6.29543336269285e-05,0.126031379724283
"root2",11,"b0",0.000120001231462666,0.0721098718132183,0.139425072465941
"root2",11,"b1",7.07551984447467e-05,0.0721098718132183,0.139425072465941
"root2",11,"b2",3.91887951714637e-05,0.0721098718132183,0.139425072465941
"root2",11,"b3",3.91887951714637e-05,0.0721098718132183,0.139425072465941
"root2",11,"b4",3.75710367134313e-05,0.0721098718132183,0.139425072465941
"root2",11,"b5",6.56443040838127e-05,0.0721098718132183,0.139425072465941
"root2",11,"b6",5.43785154458467e-05,0.0721098718132183,0.139425072465941
"root2",11,"b7",8.7813489960719e-05,0.0721098718132183,0.139425072465941
"root2",11,"b8",3.35917383352702e-05,0.0721098718132183,0.139425072465941
"root2",11,"b9",5.73001090440637e-05,5.73001090440637e-05,0.139425072465941
"root2",12,"b0",0.000189400988847185,0.404290805516648,0.113227019633258
"root2",12,"b1",0.00011340696021963,0.404290805516648,0.113227019633258
"root2",12,"b2",5.29000583191617e-05,0.404290805516648,0.113227019633258
"root2",12,"b3",5.29000583191617e-05,0.404290805516648,0.113227019633258
"root2",12,"b4",4.9609275763225e-05,0.404290805516648,0.113227019633258
"root2",12,"b5",9.91538846245068e-05,0.404290805516648,0.113227019633258
"root2",12,"b6",7.5054718647607e-05,0.404290805516648,0.113227019633258
"root2",12,"b7",0.000154068854746275,0.404290805516648,0.113227019633258
"root2",12,"b8",4.27777307863287e-05,0.404290805516648,0.113227019633258
"root2",12,"b9",8.06472586373523e-05,8.06472586373523e-05,0.113227019633258
"root2",13,"b0",0.000162425074824449,0.0304836882640395,0.117037272058813
"root2",13,"b1",8.49970089201789e-05,0.0304836882640395,0.117037272058813
"root2",13,"b2",4.52122974501823e-05,0.0304836882640395,0.117037272058813
"root2",13,"b3",4.52122974501823e-05,0.0304836882640395,0.117037272058813
"root2",13,"b4",4.28437702204179e-05,0.0304836882640395,0.117037272058813
"root2",13,"b5",7.69164003433518e-05,0.0304836882640395,0.117037272058813
"root2",13,"b6",6.15693661235004e-05,0.0304836882640395,0.117037272058813
"root2",13,"b7",0.000107116073734981,0.0304836882640395,0.117037272058813
"root2",13,"b8",3.76502761149484e-05,0.0304836882640395,0.117037272058813
"root2",13,"b9",6.54006749088739e-05,6.54006749088739e-05,0.117037272058813
"root2",14,"b0",0.000158136872288046,0.142803920377217,0.150069584753235
"root2",14,"b1",7.50329329460887e-05,0.142803920377217,0.150069584753235
"root2",14,"b2",4.33205843662064e-05,0.142803920377217,0.150069584753235
"root2",14,"b3",4.33205843662064e-05,0.142803920377217,0.150069584753235
"root2",14,"b4",4.13172085906951e-05,0.142803920377217,0.150069584753235
"root2",14,"b5",6.92142881944404e-05,0.142803920377217,0.150069584753235
"root2",14,"b6",5.67669430846223e-05,0.142803920377217,0.150069584753235
"root2",14,"b7",9.19956869193284e-05,0.142803920377217,0.150069584753235
"root2",14,"b8",3.65391639298682e-05,0.142803920377217,0.150069584753235
"root2",14,"b9",5.99668342311317e-05,5.99668342311317e-05,0.150069584753235
"root2",15,"b0",0.000143846349464036,0.220373203604424,0.131711259024421
"root2",15,"b1",8.66979080942895e-05,0.220373203604424,0.131711259024421
"root2",15,"b2",4.42852695577131e-05,0.220373203604424,0.131711259024421
"root2",15,"b3",4.42852695577131e-05,0.220373203604424,0.131711259024421
"root2",15,"b4",4.2386889150149e-05,0.220373203604424,0.131711259024421
"root2",15,"b5",7.96530033049408e-05,0.220373203604424,0.131711259024421
"root2",15,"b6",6.37497475493974e-05,0.220373203604424,0.131711259024421
"root2",15,"b7",0.000115637308401906,0.220373203604424,0.131711259024421
"root2",15,"b8",3.74429742723769e-05,0.220373203604424,0.131711259024421
"root2",15,"b9",6.73376659135634e-05,6.73376659135634e-05,0.131711259024421
"root2",16,"b0",0.000164162205958583,0.265776835362346,0.126081432476241
"root2",16,"b1",9.72361155278419e-05,0.265776835362346,0.126081432476241
"root2",16,"b2",4.93339965654638e-05,0.265776835362346,0.126081432476241
"root2",16,"b3",4.93339965654638e-05,0.265776835362346,0.126081432476241
"root2",16,"b4",4.65861982043855e-05,0.265776835362346,0.126081432476241
"root2",16,"b5",8.70391095197969e-05,0.265776835362346,0.126081432476241
"root2",16,"b6",6.81050033170997e-05,0.265776835362346,0.126081432476241
"root2",16,"b7",0.000124669689516344,0.265776835362346,0.126081432476241
"root2",16,"b8",4.05770475732697e-05,0.265776835362346,0.126081432476241
"root2",16,"b9",7.23554528278203e-05,7.23554528278203e-05,0.126081432476241
"root2",17,"b0",0.00013186307695956,0.307642655683337,0.135380550020475
"root2",17,"b1",8.29322382251037e-05,0.307642655683337,0.135380550020475
"root2",17,"b2",4.27978860942591e-05,0.307642655683337,0.135380550020475
"root2",17,"b3",4.27978860942591e-05,0.307642655683337,0.135380550020475
"root2",17,"b4",4.11356917006841e-05,0.307642655683337,0.135380550020475
"root2",17,"b5",7.68834205582297e-05,0.307642655683337,0.135380550020475
"root2",17,"b6",6.17962354105258e-05,0.307642655683337,0.135380550020475
"root2",17,"b7",0.000110559930187914,0.307642655683337,0.135380550020475
"root2",17,"b8",3.63959642652021e-05,0.307642655683337,0.135380550020475
"root2",17,"b9",6.56199459137275e-05,6.56199459137275e-05,0.135380550020475
"root2",18,"b0",0.000137925760268791,0.638605649312205,0.154885539986007
"root2",18,"b1",8.49707132536096e-05,0.638605649312205,0.154885539986007
"root2",18,"b2",4.59585285667328e-05,0.638605649312205,0.154885539986007
"root2",18,"b3",4.59585285667328e-05,0.638605649312205,0.154885539986007
"root2",18,"b4",4.37021064535817e-05,0.638605649312205,0.154885539986007
"root2",18,"b5",7.75623248717725e-05,0.638605649312205,0.154885539986007
"root2",18,"b6",6.23501466539425e-05,0.638605649312205,0.154885539986007
"root2",18,"b7",0.000104415235978174,0.638605649312205,0.154885539986007
"root2",18,"b8",3.84224561092676e-05,0.638605649312205,0.154885539986007
"root2",18,"b9",6.58994685803186e-05,6.58994685803186e-05,0.154885539986007
"root2",19,"b0",0.000154073518494616,0.628755739570592,0.159953070656711
"root2",19,"b1",8.62813533302822e-05,0.628755739570592,0.159953070656711
"root2",19,"b2",4.88919238245979e-05,0.628755739570592,0.159953070656711
"root2",19,"b3",4.88919238245979e-05,0.628755739570592,0.159953070656711
"root2",19,"b4",4.59647655960079e-05,0.628755739570592,0.159953070656711
"root2",19,"b5",7.75569288810525e-05,0.628755739570592,0.159953070656711
"root2",19,"b6",6.21410792048679e-05,0.628755739570592,0.159953070656711
"root2",19,"b7",9.7933385148523e-05,0.628755739570592,0.159953070656711
"root2",19,"b8",4.00758691792883e-05,0.628755739570592,0.159953070656711
"root2",19,"b9",6.57774212144784e-05,6.57774212144784e-05,0.159953070656711
"root2",2,"b0",3.67981787472592e-05,0.00895881937751502,0.143932671854163
"root2",2,"b1",6.04613482452169e-05,0.00895881937751502,0.143932671854163
"root2",2,"b2",3.1613478191775e-05,0.00895881937751502,0.143932671854163
"root2",2,"b3",3.1613478191775e-05,0.00895881937751502,0.143932671854163
"root2",2,"b4",3.04600670741473e-05,0.00895881937751502,0.143932671854163
"root2",2,"b5",5.63776181223259e-05,0.00895881937751502,0.143932671854163
"root2",2,"b6",4.78493083407097e-05,0.00895881937751502,0.143932671854163
"root2",2,"b7",8.15599150162237e-05,0.00895881937751502,0.143932671854163
"root2",2,"b8",2.77848651567927e-05,0.00895881937751502,0.143932671854163
"root2",2,"b9",4.99995594238619e-05,4.99995594238619e-05,0.143932671854163
"root2",20,"b0",0.000100038938623933,0.465056559571909,0.175817674825168
"root2",20,"b1",6.61012249804803e-05,0.465056559571909,0.175817674825168
"root2",20,"b2",3.75177927459876e-05,0.465056559571909,0.175817674825168
"root2",20,"b3",3.75177927459876e-05,0.465056559571909,0.175817674825168
"root2",20,"b4",3.61550222863671e-05,0.465056559571909,0.175817674825168
"root2",20,"b5",6.19810735254726e-05,0.465056559571909,0.175817674825168
"root2",20,"b6",5.21323513502719e-05,0.465056559571909,0.175817674825168
"root2",20,"b7",7.94647378547683e-05,0.465056559571909,0.175817674825168
"root2",20,"b8",3.25689721036728e-05,0.465056559571909,0.175817674825168
"root2",20,"b9",5.42748990644576e-05,5.42748990644576e-05,0.175817674825168
"root2",21,"b0",0.000181640524902791,0.247265052026792,0.134924606848226
"root2",21,"b1",8.56066806817812e-05,0.247265052026792,0.134924606848226
"root2",21,"b2",4.7418176705142e-05,0.247265052026792,0.134924606848226
"root2",21,"b3",4.7418176705142e-05,0.247265052026792,0.134924606848226
"root2",21,"b4",4.45876537253564e-05,0.247265052026792,0.134924606848226
"root2",21,"b5",7.67352536276631e-05,0.247265052026792,0.134924606848226
"root2",21,"b6",6.12184652968625e-05,0.247265052026792,0.134924606848226
"root2",21,"b7",0.000103679528563442,0.247265052026792,0.134924606848226
"root2",21,"b8",3.88886143907881e-05,0.247265052026792,0.134924606848226
"root2",21,"b9",6.51248516903384e-05,6.51248516903384e-05,0.134924606848226
"root2",22,"b0",0.000118149718893692,0.194023470006917,0.147789625833375
"root2",22,"b1",7.06278415655108e-05,0.194023470006917,0.147789625833375
"root2",22,"b2",3.92525047735642e-05,0.194023470006917,0.147789625833375
"root2",22,"b3",3.92525047735642e-05,0.194023470006917,0.147789625833375
"root2",22,"b4",3.78001651459267e-05,0.194023470006917,0.147789625833375
"root2",22,"b5",6.60567974859579e-05,0.194023470006917,0.147789625833375
"root2",22,"b6",5.47826807854131e-05,0.194023470006917,0.147789625833375
"root2",22,"b7",8.66197498508592e-05,0.194023470006917,0.147789625833375
"root2",22,"b8",3.38203704334503e-05,0.194023470006917,0.147789625833375
"root2",22,"b9",5.75733511557e-05,5.75733511557e-05,0.147789625833375
"root2",23,"b0",0.000164234386523105,0.235139554398194,0.145705874333825
"root2",23,"b1",7.86543799656349e-05,0.235139554398194,0.145705874333825
"root2",23,"b2",4.56628494981796e-05,0.235139554398194,0.145705874333825
"root2",23,"b3",4.56628494981796e-05,0.235139554398194,0.145705874333825
"root2",23,"b4",4.35633847547252e-05,0.235139554398194,0.145705874333825
"root2",23,"b5",7.25686726130319e-05,0.235139554398194,0.145705874333825
"root2",23,"b6",5.91153041647952e-05,0.235139554398194,0.145705874333825
"root2",23,"b7",9.53884759572781e-05,0.235139554398194,0.145705874333825
"root2",23,"b8",3.8354526229198e-05,0.235139554398194,0.145705874333825
"root2",23,"b9",6.23092346084599e-05,6.23092346084599e-05,0.145705874333825
"root2",24,"b0",0.000151747428606133,0.498205520077845,0.166498233198666
"root2",24,"b1",7.64341734453628e-05,0.498205520077845,0.166498233198666
"root2",24,"b2",4.59370451699259e-05,0.498205520077845,0.166498233198666
"root2",24,"b3",4.59370451699259e-05,0.498205520077845,0.166498233198666
"root2",24,"b4",4.38043062880029e-05,0.498205520077845,0.166498233198666
"root2",24,"b5",7.06733089299756e-05,0.498205520077845,0.166498233198666
"root2",24,"b6",5.81045941432436e-05,0.498205520077845,0.166498233198666
"root2",24,"b7",8.56033688947217e-05,0.498205520077845,0.166498233198666
"root2",24,"b8",3.86415557547358e-05,0.498205520077845,0.166498233198666
"root2",24,"b9",6.08861611590236e-05,6.08861611590236e-05,0.166498233198666
"root2",25,"b0",0.000136542505835499,0.249133986786171,0.150714873553059
"root2",25,"b1",7.95215866254299e-05,0.249133986786171,0.150714873553059
"root2",25,"b2",4.3926375725812e-05,0.249133986786171,0.150714873553059
"root2",25,"b3",4.3926375725812e-05,0.249133986786171,0.150714873553059
"root2",25,"b4",4.21700793160113e-05,0.249133986786171,0.150714873553059
"root2",25,"b5",7.39073494987777e-05,0.249133986786171,0.150714873553059
"root2",25,"b6",6.02174347622003e-05,0.249133986786171,0.150714873553059
"root2",25,"b7",9.6098565447638e-05,0.249133986786171,0.150714873553059
"root2",25,"b8",3.73476901695641e-05,0.249133986786171,0.150714873553059
"root2",25,"b9",6.33674478758666e-05,6.33674478758666e-05,0.150714873553059
"root2",27,"b0",0.000150875524655313,1.09715041571492,0.24599857823733
"root2",27,"b1",6.12917278674789e-05,1.09715041571492,0.24599857823733
"root2",27,"b2",4.14311616332149e-05,1.09715041571492,0.24599857823733
"root2",27,"b3",4.14311616332149e-05,1.09715041571492,0.24599857823733
"root2",27,"b4",3.96574361441097e-05,1.09715041571492,0.24599857823733
"root2",27,"b5",5.7484555481616e-05,1.09715041571492,0.24599857823733
"root2",27,"b6",4.89018803467285e-05,1.09715041571492,0.24599857823733
"root2",27,"b7",6.71928967615016e-05,1.09715041571492,0.24599857823733
"root2",27,"b8",3.53779914702968e-05,1.09715041571492,0.24599857823733
"root2",27,"b9",5.08843344674532e-05,5.08843344674532e-05,0.24599857823733
"root2",28,"b0",0.000233193327863371,1.69774643304211,0.14876106070548
"root2",28,"b1",0.000118454488236691,1.69774643304211,0.14876106070548
"root2",28,"b2",6.32080951772003e-05,1.69774643304211,0.14876106070548
"root2",28,"b3",6.32080951772003e-05,1.69774643304211,0.14876106070548
"root2",28,"b4",5.94606998796689e-05,1.69774643304211,0.14876106070548
"root2",28,"b5",0.000104598851053101,1.69774643304211,0.14876106070548
"root2",28,"b6",7.88385474783193e-05,1.69774643304211,0.14876106070548
"root2",28,"b7",0.000141644201182116,1.69774643304211,0.14876106070548
"root2",28,"b8",5.06447645334593e-05,1.69774643304211,0.14876106070548
"root2",28,"b9",8.4595222642355e-05,8.4595222642355e-05,0.14876106070548
"root2",29,"b0",0.00014931672878909,8.25725233023271,0.238016611372699
"root2",29,"b1",8.641457976631e-05,8.25725233023271,0.238016611372699
"root2",29,"b2",5.17815933897688e-05,8.25725233023271,0.238016611372699
"root2",29,"b3",5.17815933897688e-05,8.25725233023271,0.238016611372699
"root2",29,"b4",4.99068118195255e-05,8.25725233023271,0.238016611372699
"root2",29,"b5",8.12730736776826e-05,8.25725233023271,0.238016611372699
"root2",29,"b6",6.57594464505164e-05,8.25725233023271,0.238016611372699
"root2",29,"b7",0.000101243835725026,8.25725233023271,0.238016611372699
"root2",29,"b8",4.36263998340661e-05,8.25725233023271,0.238016611372699
"root2",29,"b9",6.92056637883088e-05,6.92056637883088e-05,0.238016611372699
"root2",3,"b0",5.84390976982697e-05,0.0463635088210552,0.100837134614206
"root2",3,"b1",9.1877051329171e-05,0.0463635088210552,0.100837134614206
"root2",3,"b2",4.21173407256154e-05,0.0463635088210552,0.100837134614206
"root2",3,"b3",4.21173407256154e-05,0.0463635088210552,0.100837134614206
"root2",3,"b4",3.94795258182732e-05,0.0463635088210552,0.100837134614206
"root2",3,"b5",8.01856424313603e-05,0.0463635088210552,0.100837134614206
"root2",3,"b6",6.30657270387517e-05,0.0463635088210552,0.100837134614206
"root2",3,"b7",0.000140394486181393,0.0463635088210552,0.100837134614206
"root2",3,"b8",3.48257223474647e-05,0.0463635088210552,0.100837134614206
"root2",3,"b9",6.73816286175191e-05,6.73816286175191e-05,0.100837134614206
"root2",6,"b0",3.36127634427435e-05,0.112091512068285,0.170684134823143
"root2",6,"b1",5.30205080617639e-05,0.112091512068285,0.170684134823143
"root2",6,"b2",2.95062343716923e-05,0.112091512068285,0.170684134823143
"root2",6,"b3",2.95062343716923e-05,0.112091512068285,0.170684134823143
"root2",6,"b4",2.86462922884315e-05,0.112091512068285,0.170684134823143
"root2",6,"b5",5.0306351306321e-05,0.112091512068285,0.170684134823143
"root2",6,"b6",4.36262845275861e-05,0.112091512068285,0.170684134823143
"root2",6,"b7",6.57934452573856e-05,0.112091512068285,0.170684134823143
"root2",6,"b8",2.63492440223821e-05,0.112091512068285,0.170684134823143
"root2",6,"b9",4.52593733414187e-05,4.52593733414187e-05,0.170684134823143
"root2",8,"b0",0.000123532276114374,0.281804205842688,0.136490560325494
"root2",8,"b1",7.82669186200467e-05,0.281804205842688,0.136490560325494
"root2",8,"b2",4.07486651182505e-05,0.281804205842688,0.136490560325494
"root2",8,"b3",4.07486651182505e-05,0.281804205842688,0.136490560325494
"root2",8,"b4",3.87958645561409e-05,0.281804205842688,0.136490560325494
"root2",8,"b5",7.13625359548309e-05,0.281804205842688,0.136490560325494
"root2",8,"b6",5.82454526330543e-05,0.281804205842688,0.136490560325494
"root2",8,"b7",0.000100692268156485,0.281804205842688,0.136490560325494
"root2",8,"b8",3.45661157144317e-05,0.281804205842688,0.136490560325494
"root2",8,"b9",6.15960379062468e-05,6.15960379062468e-05,0.136490560325494
"root2",9,"b0",8.48694967977844e-05,0.0143708815570288,0.178074192483306
"root2",9,"b1",4.66784553655161e-05,0.0143708815570288,0.178074192483306
"root2",9,"b2",2.92642182523835e-05,0.0143708815570288,0.178074192483306
"root2",9,"b3",2.92642182523835e-05,0.0143708815570288,0.178074192483306
"root2",9,"b4",2.84441777740296e-05,0.0143708815570288,0.178074192483306
"root2",9,"b5",4.46248596648115e-05,0.0143708815570288,0.178074192483306
"root2",9,"b6",3.93051427194358e-05,0.0143708815570288,0.178074192483306
"root2",9,"b7",5.43641680567835e-05,0.0143708815570288,0.178074192483306
"root2",9,"b8",2.61864655482411e-05,0.0143708815570288,0.178074192483306
"root2",9,"b9",4.06219529252088e-05,4.06219529252088e-05,0.178074192483306
"root20",0,"b0",6.11929137265259e-05,0.00584950498695615,0.102786549496087
"root20",0,"b1",7.91556523775346e-05,0.00584950498695615,0.102786549496087
"root20",0,"b2",3.65383412474349e-05,0.00584950498695615,0.102786549496087
"root20",0,"b3",3.65383412474349e-05,0.00584950498695615,0.102786549496087
"root20",0,"b4",3.48018950819922e-05,0.00584950498695615,0.102786549496087
"root20",0,"b5",7.14321903192311e-05,0.00584950498695615,0.102786549496087
"root20",0,"b6",5.76089268760482e-05,0.00584950498695615,0.102786549496087
"root20",0,"b7",0.000120793371537385,0.00584950498695615,0.102786549496087
"root20",0,"b8",3.11596312822697e-05,0.00584950498695615,0.102786549496087
"root20",0,"b9",6.13330654555789e-05,6.13330654555789e-05,0.102786549496087
"root20",1,"b0",4.10348875523489e-05,0.0231333924695239,0.157379487884146
"root20",1,"b1",5.8407586145029e-05,0.0231333924695239,0.157379487884146
"root20",1,"b2",3.1436201890334e-05,0.0231333924695239,0.157379487884146
"root20",1,"b3",3.1436201890334e-05,0.0231333924695239,0.157379487884146
"root20",1,"b4",3.02365790396713e-05,0.0231333924695239,0.157379487884146
"root20",1,"b5",5.4395959115505e-05,0.0231333924695239,0.157379487884146
"root20",1,"b6",4.64202407936201e-05,0.0231333924695239,0.157379487884146
"root20",1,"b7",7.73146075852318e-05,0.0231333924695239,0.157379487884146
"root20",1,"b8",2.76009975750828e-05,0.0231333924695239,0.157379487884146
"root20",1,"b9",4.82907974389218e-05,4.82907974389218e-05,0.157379487884146
"root20",10,"b0",0.000138377516520769,0.0266607501873433,0.137690710548214
"root20",10,"b1",7.32951174119655e-05,0.0266607501873433,0.137690710548214
"root20",10,"b2",4.0387619834386e-05,0.0266607501873433,0.137690710548214
"root20",10,"b3",4.0387619834386e-05,0.0266607501873433,0.137690710548214
"root20",10,"b4",3.83146767695907e-05,0.0266607501873433,0.137690710548214
"root20",10,"b5",6.67383312265882e-05,0.0266607501873433,0.137690710548214
"root20",10,"b6",5.49252807636077e-05,0.0266607501873433,0.137690710548214
"root20",10,"b7",9.02313399311714e-05,0.0266607501873433,0.137690710548214
"root20",10,"b8",3.41057983492076e-05,0.0266607501873433,0.137690710548214
"root20",10,"b9",5.78286200887742e-05,5.78286200887742e-05,0.137690710548214
"root20",11,"b0",0.000139825544596636,0.0515052806851813,0.128519482716653
"root20",11,"b1",8.21262783439184e-05,0.0515052806851813,0.128519482716653
"root20",11,"b2",4.49820781347818e-05,0.0515052806851813,0.128519482716653
"root20",11,"b3",4.49820781347818e-05,0.0515052806851813,0.128519482716653
"root20",11,"b4",4.28304147019638e-05,0.0515052806851813,0.128519482716653
"root20",11,"b5",7.51706864186931e-05,0.0515052806851813,0.128519482716653
"root20",11,"b6",6.06189340140217e-05,0.0515052806851813,0.128519482716653
"root20",11,"b7",9.87836008926727e-05,0.0515052806851813,0.128519482716653
"root20",11,"b8",3.77024717519577e-05,0.0515052806851813,0.128519482716653
"root20",11,"b9",6.41883178247702e-05,6.41883178247702e-05,0.128519482716653
"root20",12,"b0",0.000127746329987189,0.0173959523631517,0.138825090852455
"root20",12,"b1",6.70357141098326e-05,0.0173959523631517,0.138825090852455
"root20",12,"b2",3.76978561013162e-05,0.0173959523631517,0.138825090852455
"root20",12,"b3",3.76978561013162e-05,0.0173959523631517,0.138825090852455
"root20",12,"b4",3.61034316452176e-05,0.0173959523631517,0.138825090852455
"root20",12,"b5",6.21489921199669e-05,0.0173959523631517,0.138825090852455
"root20",12,"b6",5.19720754844102e-05,0.0173959523631517,0.138825090852455
"root20",12,"b7",8.56706170680113e-05,0.0173959523631517,0.138825090852455
"root20",12,"b8",3.24186219422972e-05,0.0173959523631517,0.138825090852455
"root20",12,"b9",5.45547752743364e-05,5.45547752743364e-05,0.138825090852455
"root20",13,"b0",0.000121031354611454,0.121293575864745,0.144523023116165
"root20",13,"b1",7.39819185681394e-05,0.121293575864745,0.144523023116165
"root20",13,"b2",4.01750812816604e-05,0.121293575864745,0.144523023116165
"root20",13,"b3",4.01750812816604e-05,0.121293575864745,0.144523023116165
"root20",13,"b4",3.83693482183783e-05,0.121293575864745,0.144523023116165
"root20",13,"b5",6.80775605894024e-05,0.121293575864745,0.144523023116165
"root20",13,"b6",5.59980822570747e-05,0.121293575864745,0.144523023116165
"root20",13,"b7",9.03556870416222e-05,0.121293575864745,0.144523023116165
"root20",13,"b8",3.42123350982399e-05,0.121293575864745,0.144523023116165
"root20",13,"b9",5.89050067623951e-05,5.89050067623951e-05,0.144523023116165
"root20",14,"b0",0.000128824757095059,0.257085562218124,0.16098989413014
"root20",14,"b1",7.80985334522736e-05,0.257085562218124,0.16098989413014
"root20",14,"b2",4.40264728600254e-05,0.257085562218124,0.16098989413014
"root20",14,"b3",4.40264728600254e-05,0.257085562218124,0.16098989413014
"root20",14,"b4",4.1640457009084e-05,0.257085562218124,0.16098989413014
"root20",14,"b5",7.08852048506109e-05,0.257085562218124,0.16098989413014
"root20",14,"b6",5.78178247839002e-05,0.257085562218124,0.16098989413014
"root20",14,"b7",9.11056990124646e-05,0.257085562218124,0.16098989413014
"root20",14,"b8",3.67637574649075e-05,0.257085562218124,0.16098989413014
"root20",14,"b9",6.08227439386465e-05,6.08227439386465e-05,0.16098989413014
"root20",16,"b0",0.000121188151688552,0.131646483936431,0.161330045733564
"root20",16,"b1",6.87971714189203e-05,0.131646483936431,0.161330045733564
"root20",16,"b2",3.96820860052984e-05,0.131646483936431,0.161330045733564
"root20",16,"b3",3.96820860052984e-05,0.131646483936431,0.161330045733564
"root20",16,"b4",3.8294987803811e-05,0.131646483936431,0.161330045733564
"root20",16,"b5",6.47287294048084e-05,0.131646483936431,0.161330045733564
"root20",16,"b6",5.39900269315136e-05,0.131646483936431,0.161330045733564
"root20",16,"b7",8.4093640291105e-05,0.131646483936431,0.161330045733564
"root20",16,"b8",3.42651459783987e-05,0.131646483936431,0.161330045733564
"root20",16,"b9",5.66079017870912e-05,5.66079017870912e-05,0.161330045733564
"root20",17,"b0",0.000160611085225528,0.430323145234291,0.124691696783359
"root20",17,"b1",9.34813170596911e-05,0.430323145234291,0.124691696783359
"root20",17,"b2",4.71875009645893e-05,0.430323145234291,0.124691696783359
"root20",17,"b3",4.71875009645893e-05,0.430323145234291,0.124691696783359
"root20",17,"b4",4.50190325544076e-05,0.430323145234291,0.124691696783359
"root20",17,"b5",8.52494717840965e-05,0.430323145234291,0.124691696783359
"root20",17,"b6",6.7007496451756e-05,0.430323145234291,0.124691696783359
"root20",17,"b7",0.000131798886931539,0.430323145234291,0.124691696783359
"root20",17,"b8",3.93956156836768e-05,0.430323145234291,0.124691696783359
"root20",17,"b9",7.14385529829966e-05,7.14385529829966e-05,0.124691696783359
"root20",19,"b0",0.00015557048411103,0.748627470061721,0.134551027703284
"root20",19,"b1",0.00010179114222319,0.748627470061721,0.134551027703284
"root20",19,"b2",5.12358687396601e-05,0.748627470061721,0.134551027703284
"root20",19,"b3",5.12358687396601e-05,0.748627470061721,0.134551027703284
"root20",19,"b4",4.85518814145451e-05,0.748627470061721,0.134551027703284
"root20",19,"b5",9.16304228064953e-05,0.748627470061721,0.134551027703284
"root20",19,"b6",7.10468354984718e-05,0.748627470061721,0.134551027703284
"root20",19,"b7",0.000130439028474827,0.748627470061721,0.134551027703284
"root20",19,"b8",4.21243491829981e-05,0.748627470061721,0.134551027703284
"root20",19,"b9",7.57696112006052e-05,7.57696112006052e-05,0.134551027703284
"root20",20,"b0",0.000141044222484083,0.768908304180632,0.151685186818878
"root20",20,"b1",8.991970532575e-05,0.768908304180632,0.151685186818878
"root20",20,"b2",4.62860986964811e-05,0.768908304180632,0.151685186818878
"root20",20,"b3",4.62860986964811e-05,0.768908304180632,0.151685186818878
"root20",20,"b4",4.38487817884212e-05,0.768908304180632,0.151685186818878
"root20",20,"b5",8.11478673761272e-05,0.768908304180632,0.151685186818878
"root20",20,"b6",6.45242243111014e-05,0.768908304180632,0.151685186818878
"root20",20,"b7",0.00011430853834968,0.768908304180632,0.151685186818878
"root20",20,"b8",3.84935027915037e-05,0.768908304180632,0.151685186818878
"root20",20,"b9",6.8335328560931e-05,6.8335328560931e-05,0.151685186818878
"root20",21,"b0",0.000166774482090005,0.210175889106457,0.152837272113929
"root20",21,"b1",8.38521234628424e-05,0.210175889106457,0.152837272113929
"root20",21,"b2",4.87520220794817e-05,0.210175889106457,0.152837272113929
"root20",21,"b3",4.87520220794817e-05,0.210175889106457,0.152837272113929
"root20",21,"b4",4.62759755721805e-05,0.210175889106457,0.152837272113929
"root20",21,"b5",7.6727854074667e-05,0.210175889106457,0.152837272113929
"root20",21,"b6",6.18585370526671e-05,0.210175889106457,0.152837272113929
"root20",21,"b7",9.64791990672723e-05,0.210175889106457,0.152837272113929
"root20",21,"b8",4.0444746989323e-05,0.210175889106457,0.152837272113929
"root20",21,"b9",6.54254398118566e-05,6.54254398118566e-05,0.152837272113929
"root20",27,"b0",0.000190925328111314,0.991435337046898,0.186402374219981
"root20",27,"b1",7.8687106391896e-05,0.991435337046898,0.186402374219981
"root20",27,"b2",4.96305904823327e-05,0.991435337046898,0.186402374219981
"root20",27,"b3",4.96305904823327e-05,0.991435337046898,0.186402374219981
"root20",27,"b4",4.67174448002038e-05,0.991435337046898,0.186402374219981
"root20",27,"b5",7.15416940630605e-05,0.991435337046898,0.186402374219981
"root20",27,"b6",5.83542926593734e-05,0.991435337046898,0.186402374219981
"root20",27,"b7",8.57471327234632e-05,0.991435337046898,0.186402374219981
"root20",27,"b8",4.0741804085463e-05,0.991435337046898,0.186402374219981
"root20",27,"b9",6.14513834384123e-05,6.14513834384123e-05,0.186402374219981
"root20",28,"b0",0.000156545095721293,1.58560806298297,0.248279166609969
"root20",28,"b1",5.62163476296249e-05,1.58560806298297,0.248279166609969
"root20",28,"b2",3.98617897705518e-05,1.58560806298297,0.248279166609969
"root20",28,"b3",3.98617897705518e-05,1.58560806298297,0.248279166609969
"root20",28,"b4",3.84566405475586e-05,1.58560806298297,0.248279166609969
"root20",28,"b5",5.34456877301786e-05,1.58560806298297,0.248279166609969
"root20",28,"b6",4.61461808252101e-05,1.58560806298297,0.248279166609969
"root20",28,"b7",6.09294817566983e-05,1.58560806298297,0.248279166609969
"root20",28,"b8",3.45401190654831e-05,1.58560806298297,0.248279166609969
"root20",28,"b9",4.78237252293809e-05,4.78237252293809e-05,0.248279166609969
"root20",30,"b0",0.000193936746144255,1.27274111020345,0.33342286909501
"root20",30,"b1",3.71895335807271e-05,1.27274111020345,0.33342286909501
"root20",30,"b2",3.00316950404217e-05,1.27274111020345,0.33342286909501
"root20",30,"b3",3.00316950404217e-05,1.27274111020345,0.33342286909501
"root20",30,"b4",2.91625509909171e-05,1.27274111020345,0.33342286909501
"root20",30,"b5",3.58572879467358e-05,1.27274111020345,0.33342286909501
"root20",30,"b6",3.24069252938408e-05,1.27274111020345,0.33342286909501
"root20",30,"b7",3.86667452044253e-05,1.27274111020345,0.33342286909501
"root20",30,"b8",2.68478831746809e-05,1.27274111020345,0.33342286909501
"root20",30,"b9",3.32369343001516e-05,3.32369343001516e-05,0.33342286909501
"root20",4,"b0",4.88376343532284e-05,0.0438531438914137,0.129722032732172
"root20",4,"b1",6.48568657737046e-05,0.0438531438914137,0.129722032732172
"root20",4,"b2",3.30172682443955e-05,0.0438531438914137,0.129722032732172
"root20",4,"b3",3.30172682443955e-05,0.0438531438914137,0.129722032732172
"root20",4,"b4",3.18373418809945e-05,0.0438531438914137,0.129722032732172
"root20",4,"b5",6.04527390757331e-05,0.0438531438914137,0.129722032732172
"root20",4,"b6",5.0749178171191e-05,0.0438531438914137,0.129722032732172
"root20",4,"b7",8.85700897598854e-05,0.0438531438914137,0.129722032732172
"root20",4,"b8",2.89259074806171e-05,0.0438531438914137,0.129722032732172
"root20",4,"b9",5.31217846097302e-05,5.31217846097302e-05,0.129722032732172
"root20",5,"b0",4.07371729525342e-05,0.13485032971928,0.17173196926496
"root20",5,"b1",6.39028938470291e-05,0.13485032971928,0.17173196926496
"root20",5,"b2",3.50067799596134e-05,0.13485032971928,0.17173196926496
"root20",5,"b3",3.50067799596134e-05,0.13485032971928,0.17173196926496
"root20",5,"b4",3.39442275507084e-05,0.13485032971928,0.17173196926496
"root20",5,"b5",6.04459338636037e-05,0.13485032971928,0.17173196926496
"root20",5,"b6",5.11400685434073e-05,0.13485032971928,0.17173196926496
"root20",5,"b7",8.08651164189697e-05,0.13485032971928,0.17173196926496
"root20",5,"b8",3.07987009271669e-05,0.13485032971928,0.17173196926496
"root20",5,"b9",5.31683228177091e-05,5.31683228177091e-05,0.17173196926496
"root20",8,"b0",0.000100363021814604,0.0161794217956807,0.133094742375947
"root20",8,"b1",5.80364107976066e-05,0.0161794217956807,0.133094742375947
"root20",8,"b2",3.03620358404166e-05,0.0161794217956807,0.133094742375947
"root20",8,"b3",3.03620358404166e-05,0.0161794217956807,0.133094742375947
"root20",8,"b4",2.93864246543166e-05,0.0161794217956807,0.133094742375947
"root20",8,"b5",5.45729488737261e-05,0.0161794217956807,0.133094742375947
"root20",8,"b6",4.65189535299381e-05,0.0161794217956807,0.133094742375947
"root20",8,"b7",8.01403009463584e-05,0.0161794217956807,0.133094742375947
"root20",8,"b8",2.68808942996474e-05,0.0161794217956807,0.133094742375947
"root20",8,"b9",4.8628125125572e-05,4.8628125125572e-05,0.133094742375947
"root20",9,"b0",0.000156264639321984,0.144622291812384,0.123402765888952
"root20",9,"b1",9.08861307234652e-05,0.144622291812384,0.123402765888952
"root20",9,"b2",4.62684203948619e-05,0.144622291812384,0.123402765888952
"root20",9,"b3",4.62684203948619e-05,0.144622291812384,0.123402765888952
"root20",9,"b4",4.32695889659015e-05,0.144622291812384,0.123402765888952
"root20",9,"b5",7.9974873785338e-05,0.144622291812384,0.123402765888952
"root20",9,"b6",6.32127779208538e-05,0.144622291812384,0.123402765888952
"root20",9,"b7",0.000115848452243963,0.144622291812384,0.123402765888952
"root20",9,"b8",3.78464319401396e-05,0.144622291812384,0.123402765888952
"root20",9,"b9",6.72203013845892e-05,6.72203013845892e-05,0.123402765888952
"root21",0,"b0",4.91711784236391e-05,0.00714090492565124,0.127845300948748
"root21",0,"b1",6.61368564870517e-05,0.00714090492565124,0.127845300948748
"root21",0,"b2",3.32796660186019e-05,0.00714090492565124,0.127845300948748
"root21",0,"b3",3.32796660186019e-05,0.00714090492565124,0.127845300948748
"root21",0,"b4",3.19676496141596e-05,0.00714090492565124,0.127845300948748
"root21",0,"b5",6.1147771326131e-05,0.00714090492565124,0.127845300948748
"root21",0,"b6",5.1031364938146e-05,0.00714090492565124,0.127845300948748
"root21",0,"b7",9.30388624718863e-05,0.00714090492565124,0.127845300948748
"root21",0,"b8",2.89660781776757e-05,0.00714090492565124,0.127845300948748
"root21",0,"b9",5.36200226296467e-05,5.36200226296467e-05,0.127845300948748
"root3",0,"b0",5.89140989461309e-05,0.00659883262637774,0.103669489336545
"root3",0,"b1",8.65439349418345e-05,0.00659883262637774,0.103669489336545
"root3",0,"b2",4.05328199730839e-05,0.00659883262637774,0.103669489336545
"root3",0,"b3",4.05328199730839e-05,0.00659883262637774,0.103669489336545
"root3",0,"b4",3.8505070153766e-05,0.00659883262637774,0.103669489336545
"root3",0,"b5",7.77908078776169e-05,0.00659883262637774,0.103669489336545
"root3",0,"b6",6.16534552278869e-05,0.00659883262637774,0.103669489336545
"root3",0,"b7",0.00013193440190719,0.00659883262637774,0.103669489336545
"root3",0,"b8",3.4089308089618e-05,0.00659883262637774,0.103669489336545
"root3",0,"b9",6.59598201945102e-05,6.59598201945102e-05,0.103669489336545
"root3",1,"b0",3.72840917092499e-05,0.00554172991267245,0.1335585696999
"root3",1,"b1",5.89269576640304e-05,0.00554172991267245,0.1335585696999
"root3",1,"b2",2.95154633193521e-05,0.00554172991267245,0.1335585696999
"root3",1,"b3",2.95154633193521e-05,0.00554172991267245,0.1335585696999
"root3",1,"b4",2.8609954706992e-05,0.00554172991267245,0.1335585696999
"root3",1,"b5",5.54242457181898e-05,0.00554172991267245,0.1335585696999
"root3",1,"b6",4.71606207858128e-05,0.00554172991267245,0.1335585696999
"root3",1,"b7",8.36216800283185e-05,0.00554172991267245,0.1335585696999
"root3",1,"b8",2.62370486936186e-05,0.00554172991267245,0.1335585696999
"root3",1,"b9",4.92571998033788e-05,4.92571998033788e-05,0.1335585696999
"root3",10,"b0",0.000141242937749446,0.0158758055731559,0.129407331765394
"root3",10,"b1",7.59696397125935e-05,0.0158758055731559,0.129407331765394
"root3",10,"b2",4.3193743933457e-05,0.0158758055731559,0.129407331765394
"root3",10,"b3",4.3193743933457e-05,0.0158758055731559,0.129407331765394
"root3",10,"b4",4.11622354094838e-05,0.0158758055731559,0.129407331765394
"root3",10,"b5",6.98538435353299e-05,0.0158758055731559,0.129407331765394
"root3",10,"b6",5.71523843369315e-05,0.0158758055731559,0.129407331765394
"root3",10,"b7",9.07065093703042e-05,0.0158758055731559,0.129407331765394
"root3",10,"b8",3.6419602623771e-05,0.0158758055731559,0.129407331765394
"root3",10,"b9",6.02793986922214e-05,6.02793986922214e-05,0.129407331765394
"root3",11,"b0",0.000110551822151871,0.0718055248768965,0.146175995137379
"root3",11,"b1",6.95622359556805e-05,0.0718055248768965,0.146175995137379
"root3",11,"b2",3.79413735908673e-05,0.0718055248768965,0.146175995137379
"root3",11,"b3",3.79413735908673e-05,0.0718055248768965,0.146175995137379
"root3",11,"b4",3.62336907634808e-05,0.0718055248768965,0.146175995137379
"root3",11,"b5",6.40252459914009e-05,0.0718055248768965,0.146175995137379
"root3",11,"b6",5.33399028457937e-05,0.0718055248768965,0.146175995137379
"root3",11,"b7",8.4845027568877e-05,0.0718055248768965,0.146175995137379
"root3",11,"b8",3.25456674797075e-05,0.0718055248768965,0.146175995137379
"root3",11,"b9",5.57501748619322e-05,5.57501748619322e-05,0.146175995137379
"root3",12,"b0",0.000198815150708952,0.0776864144375373,0.101476654705192
"root3",12,"b1",0.000100791990615727,0.0776864144375373,0.101476654705192
"root3",12,"b2",4.72009888670619e-05,0.0776864144375373,0.101476654705192
"root3",12,"b3",4.72009888670619e-05,0.0776864144375373,0.101476654705192
"root3",12,"b4",4.44251659315074e-05,0.0776864144375373,0.101476654705192
"root3",12,"b5",8.87947104293879e-05,0.0776864144375373,0.101476654705192
"root3",12,"b6",6.85757014670028e-05,0.0776864144375373,0.101476654705192
"root3",12,"b7",0.00014827148794964,0.0776864144375373,0.101476654705192
"root3",12,"b8",3.8753228383791e-05,0.0776864144375373,0.101476654705192
"root3",12,"b9",7.34664204122806e-05,7.34664204122806e-05,0.101476654705192
"root3",13,"b0",0.000210015773814703,0.522415978815682,0.100646480718507
"root3",13,"b1",0.00013540199055142,0.522415978815682,0.100646480718507
"root3",13,"b2",6.0272431896022e-05,0.522415978815682,0.100646480718507
"root3",13,"b3",6.0272431896022e-05,0.522415978815682,0.100646480718507
"root3",13,"b4",5.4866166434008e-05,0.522415978815682,0.100646480718507
"root3",13,"b5",0.000110593422033534,0.522415978815682,0.100646480718507
"root3",13,"b6",8.08781784168669e-05,0.522415978815682,0.100646480718507
"root3",13,"b7",0.000172882792490958,0.522415978815682,0.100646480718507
"root3",13,"b8",4.64675622052584e-05,0.522415978815682,0.100646480718507
"root3",13,"b9",8.77124614749043e-05,8.77124614749043e-05,0.100646480718507
"root3",14,"b0",0.000135450586766987,0.192557288689654,0.146984268498975
"root3",14,"b1",8.00973204400624e-05,0.192557288689654,0.146984268498975
"root3",14,"b2",4.29291392917539e-05,0.192557288689654,0.146984268498975
"root3",14,"b3",4.29291392917539e-05,0.192557288689654,0.146984268498975
"root3",14,"b4",4.07682953722443e-05,0.192557288689654,0.146984268498975
"root3",14,"b5",7.28826792565433e-05,0.192557288689654,0.146984268498975
"root3",14,"b6",5.91765832459108e-05,0.192557288689654,0.146984268498975
"root3",14,"b7",9.88431763183336e-05,0.192557288689654,0.146984268498975
"root3",14,"b8",3.60949237846557e-05,0.192557288689654,0.146984268498975
"root3",14,"b9",6.25075733404658e-05,6.25075733404658e-05,0.146984268498975
"root3",16,"b0",0.000150995437741368,0.0183119646219047,0.134325966405832
"root3",16,"b1",6.80183661327047e-05,0.0183119646219047,0.134325966405832
"root3",16,"b2",3.83090560255545e-05,0.0183119646219047,0.134325966405832
"root3",16,"b3",3.83090560255545e-05,0.0183119646219047,0.134325966405832
"root3",16,"b4",3.65178663059126e-05,0.0183119646219047,0.134325966405832
"root3",16,"b5",6.25650869953918e-05,0.0183119646219047,0.134325966405832
"root3",16,"b6",5.20760234535258e-05,0.0183119646219047,0.134325966405832
"root3",16,"b7",8.4949064227542e-05,0.0183119646219047,0.134325966405832
"root3",16,"b8",3.26780994685453e-05,0.0183119646219047,0.134325966405832
"root3",16,"b9",5.4677668716118e-05,5.4677668716118e-05,0.134325966405832
"root3",17,"b0",0.000147350715109189,0.198142292503588,0.137765589475373
"root3",17,"b1",7.91671378461988e-05,0.198142292503588,0.137765589475373
"root3",17,"b2",4.20355591975307e-05,0.198142292503588,0.137765589475373
"root3",17,"b3",4.20355591975307e-05,0.198142292503588,0.137765589475373
"root3",17,"b4",4.00902358459889e-05,0.198142292503588,0.137765589475373
"root3",17,"b5",7.25320819523094e-05,0.198142292503588,0.137765589475373
"root3",17,"b6",5.89354049788253e-05,0.198142292503588,0.137765589475373
"root3",17,"b7",0.000103255022639471,0.198142292503588,0.137765589475373
"root3",17,"b8",3.55588117648622e-05,0.198142292503588,0.137765589475373
"root3",17,"b9",6.22507378382574e-05,6.22507378382574e-05,0.137765589475373
"root3",18,"b0",0.000150157705095745,0.782449217292153,0.154425760637446
"root3",18,"b1",8.79696249904448e-05,0.782449217292153,0.154425760637446
"root3",18,"b2",4.70992187282953e-05,0.782449217292153,0.154425760637446
"root3",18,"b3",4.70992187282953e-05,0.782449217292153,0.154425760637446
"root3",18,"b4",4.45745822281384e-05,0.782449217292153,0.154425760637446
"root3",18,"b5",7.95447682485748e-05,0.782449217292153,0.154425760637446
"root3",18,"b6",6.35325184587964e-05,0.782449217292153,0.154425760637446
"root3",18,"b7",0.000108151735817785,0.782449217292153,0.154425760637446
"root3",18,"b8",3.9061260433528e-05,0.782449217292153,0.154425760637446
"root3",18,"b9",6.72419310904991e-05,6.72419310904991e-05,0.154425760637446
"root3",19,"b0",0.000121165780966053,0.769471559639159,0.153769306291775
"root3",19,"b1",7.55995485261194e-05,0.769471559639159,0.153769306291775
"root3",19,"b2",4.06364495862327e-05,0.769471559639159,0.153769306291775
"root3",19,"b3",4.06364495862327e-05,0.769471559639159,0.153769306291775
"root3",19,"b4",3.89710189968256e-05,0.769471559639159,0.153769306291775
"root3",19,"b5",7.00278158120276e-05,0.769471559639159,0.153769306291775
"root3",19,"b6",5.75265121673883e-05,0.769471559639159,0.153769306291775
"root3",19,"b7",9.77328125247167e-05,0.769471559639159,0.153769306291775
"root3",19,"b8",3.47696230707287e-05,0.769471559639159,0.153769306291775
"root3",19,"b9",6.04758164063836e-05,6.04758164063836e-05,0.153769306291775
"root3",2,"b0",6.64547001003925e-05,0.0213657922001303,0.095292525100452
"root3",2,"b1",8.23593516733183e-05,0.0213657922001303,0.095292525100452
"root3",2,"b2",3.79912501563772e-05,0.0213657922001303,0.095292525100452
"root3",2,"b3",3.79912501563772e-05,0.0213657922001303,0.095292525100452
"root3",2,"b4",3.60433540458247e-05,0.0213657922001303,0.095292525100452
"root3",2,"b5",7.37132583475951e-05,0.0213657922001303,0.095292525100452
"root3",2,"b6",5.90422386800005e-05,0.0213657922001303,0.095292525100452
"root3",2,"b7",0.000121658794166194,0.0213657922001303,0.095292525100452
"root3",2,"b8",3.21411259953058e-05,0.0213657922001303,0.095292525100452
"root3",2,"b9",6.27800737482221e-05,6.27800737482221e-05,0.095292525100452
"root3",20,"b0",0.000185325697355772,0.656540599172981,0.142636421719419
"root3",20,"b1",9.46270440363772e-05,0.656540599172981,0.142636421719419
"root3",20,"b2",4.95816007253319e-05,0.656540599172981,0.142636421719419
"root3",20,"b3",4.95816007253319e-05,0.656540599172981,0.142636421719419
"root3",20,"b4",4.68357017557146e-05,0.656540599172981,0.142636421719419
"root3",20,"b5",8.50960669055298e-05,0.656540599172981,0.142636421719419
"root3",20,"b6",6.6931192274346e-05,0.656540599172981,0.142636421719419
"root3",20,"b7",0.000123658830823149,0.656540599172981,0.142636421719419
"root3",20,"b8",4.07526240283601e-05,0.656540599172981,0.142636421719419
"root3",20,"b9",7.12385311260013e-05,7.12385311260013e-05,0.142636421719419
"root3",21,"b0",0.000162152625522651,0.175700935500008,0.138829970958338
"root3",21,"b1",8.43679968401093e-05,0.175700935500008,0.138829970958338
"root3",21,"b2",4.60886568153794e-05,0.175700935500008,0.138829970958338
"root3",21,"b3",4.60886568153794e-05,0.175700935500008,0.138829970958338
"root3",21,"b4",4.34182143560446e-05,0.175700935500008,0.138829970958338
"root3",21,"b5",7.58201112812326e-05,0.175700935500008,0.138829970958338
"root3",21,"b6",6.07868023085472e-05,0.175700935500008,0.138829970958338
"root3",21,"b7",0.000103645380625598,0.175700935500008,0.138829970958338
"root3",21,"b8",3.8037036334221e-05,0.175700935500008,0.138829970958338
"root3",21,"b9",6.44476634593783e-05,6.44476634593783e-05,0.138829970958338
"root3",23,"b0",0.000180905124438642,0.471660452142319,0.151255714550374
"root3",23,"b1",9.33299293384408e-05,0.471660452142319,0.151255714550374
"root3",23,"b2",5.20762088253388e-05,0.471660452142319,0.151255714550374
"root3",23,"b3",5.20762088253388e-05,0.471660452142319,0.151255714550374
"root3",23,"b4",4.90848102774032e-05,0.471660452142319,0.151255714550374
"root3",23,"b5",8.40634163298727e-05,0.471660452142319,0.151255714550374
"root3",23,"b6",6.64032200705511e-05,0.471660452142319,0.151255714550374
"root3",23,"b7",0.000110213802129012,0.471660452142319,0.151255714550374
"root3",23,"b8",4.25181158113465e-05,0.471660452142319,0.151255714550374
"root3",23,"b9",7.04629481408445e-05,7.04629481408445e-05,0.151255714550374
"root3",25,"b0",0.000160483068487524,0.665889489547456,0.150342734027101
"root3",25,"b1",9.78891678174106e-05,0.665889489547456,0.150342734027101
"root3",25,"b2",5.27437976180964e-05,0.665889489547456,0.150342734027101
"root3",25,"b3",5.27437976180964e-05,0.665889489547456,0.150342734027101
"root3",25,"b4",4.97186734565524e-05,0.665889489547456,0.150342734027101
"root3",25,"b5",8.78868589783543e-05,0.665889489547456,0.150342734027101
"root3",25,"b6",6.89040317313789e-05,0.665889489547456,0.150342734027101
"root3",25,"b7",0.000112660098297529,0.665889489547456,0.150342734027101
"root3",25,"b8",4.30408515696642e-05,0.665889489547456,0.150342734027101
"root3",25,"b9",7.3173810311696e-05,7.3173810311696e-05,0.150342734027101
"root3",26,"b0",0.000172235900162365,1.31631185503819,0.277941963437678
"root3",26,"b1",5.43581083702789e-05,1.31631185503819,0.277941963437678
"root3",26,"b2",3.95937703572175e-05,1.31631185503819,0.277941963437678
"root3",26,"b3",3.95937703572175e-05,1.31631185503819,0.277941963437678
"root3",26,"b4",3.80930837016306e-05,1.31631185503819,0.277941963437678
"root3",26,"b5",5.15521959678939e-05,1.31631185503819,0.277941963437678
"root3",26,"b6",4.46821339079951e-05,1.31631185503819,0.277941963437678
"root3",26,"b7",5.73959871613165e-05,1.31631185503819,0.277941963437678
"root3",26,"b8",3.42195661291033e-05,1.31631185503819,0.277941963437678
"root3",26,"b9",4.62710895248899e-05,4.62710895248899e-05,0.277941963437678
"root3",27,"b0",0.000184770794835218,1.54043938823532,0.208992644495726
"root3",27,"b1",7.67012879517416e-05,1.54043938823532,0.208992644495726
"root3",27,"b2",4.86149315241424e-05,1.54043938823532,0.208992644495726
"root3",27,"b3",4.86149315241424e-05,1.54043938823532,0.208992644495726
"root3",27,"b4",4.60355780847249e-05,1.54043938823532,0.208992644495726
"root3",27,"b5",7.04327195709285e-05,1.54043938823532,0.208992644495726
"root3",27,"b6",5.78916496997126e-05,1.54043938823532,0.208992644495726
"root3",27,"b7",8.50463731245545e-05,1.54043938823532,0.208992644495726
"root3",27,"b8",4.03463972977363e-05,1.54043938823532,0.208992644495726
"root3",27,"b9",6.06762370690632e-05,6.06762370690632e-05,0.208992644495726
"root3",28,"b0",0.000131381857039327,2.34876209089931,0.213355993382319
"root3",28,"b1",7.13587715261326e-05,2.34876209089931,0.213355993382319
"root3",28,"b2",4.36316494650854e-05,2.34876209089931,0.213355993382319
"root3",28,"b3",4.36316494650854e-05,2.34876209089931,0.213355993382319
"root3",28,"b4",4.20162723116163e-05,2.34876209089931,0.213355993382319
"root3",28,"b5",6.71291850523198e-05,2.34876209089931,0.213355993382319
"root3",28,"b6",5.59173338062199e-05,2.34876209089931,0.213355993382319
"root3",28,"b7",8.41159015954691e-05,2.34876209089931,0.213355993382319
"root3",28,"b8",3.7337135569326e-05,2.34876209089931,0.213355993382319
"root3",28,"b9",5.84622189293893e-05,5.84622189293893e-05,0.213355993382319
"root3",29,"b0",0.000175152594000614,6.21703145608614,0.227164749716609
"root3",29,"b1",8.88014854244446e-05,6.21703145608614,0.227164749716609
"root3",29,"b2",5.34785477476057e-05,6.21703145608614,0.227164749716609
"root3",29,"b3",5.34785477476057e-05,6.21703145608614,0.227164749716609
"root3",29,"b4",5.06107048715574e-05,6.21703145608614,0.227164749716609
"root3",29,"b5",8.10996369069685e-05,6.21703145608614,0.227164749716609
"root3",29,"b6",6.50350297152559e-05,6.21703145608614,0.227164749716609
"root3",29,"b7",9.92130241565985e-05,6.21703145608614,0.227164749716609
"root3",29,"b8",4.38844255423409e-05,6.21703145608614,0.227164749716609
"root3",29,"b9",6.84117740388004e-05,6.84117740388004e-05,0.227164749716609
"root3",3,"b0",4.12836178493026e-05,0.0130054207105284,0.145390858519358
"root3",3,"b1",4.73184970965402e-05,0.0130054207105284,0.145390858519358
"root3",3,"b2",2.40978338213529e-05,0.0130054207105284,0.145390858519358
"root3",3,"b3",2.40978338213529e-05,0.0130054207105284,0.145390858519358
"root3",3,"b4",2.34502339713952e-05,0.0130054207105284,0.145390858519358
"root3",3,"b5",4.48843656317587e-05,0.0130054207105284,0.145390858519358
"root3",3,"b6",3.93354741984045e-05,0.0130054207105284,0.145390858519358
"root3",3,"b7",6.39455340082796e-05,0.0130054207105284,0.145390858519358
"root3",3,"b8",2.18406672327894e-05,0.0130054207105284,0.145390858519358
"root3",3,"b9",4.06862028814274e-05,4.06862028814274e-05,0.145390858519358
"root3",30,"b0",0.000192417053432838,3.02280742275912,0.235847572288359
"root3",30,"b1",6.01584813362421e-05,3.02280742275912,0.235847572288359
"root3",30,"b2",4.27839482182727e-05,3.02280742275912,0.235847572288359
"root3",30,"b3",4.27839482182727e-05,3.02280742275912,0.235847572288359
"root3",30,"b4",4.1573994910729e-05,3.02280742275912,0.235847572288359
"root3",30,"b5",5.75489088091208e-05,3.02280742275912,0.235847572288359
"root3",30,"b6",4.93308650062875e-05,3.02280742275912,0.235847572288359
"root3",30,"b7",6.49851201866542e-05,3.02280742275912,0.235847572288359
"root3",30,"b8",3.73165998745497e-05,3.02280742275912,0.235847572288359
"root3",30,"b9",5.11982422583876e-05,5.11982422583876e-05,0.235847572288359
"root3",4,"b0",5.85366177365531e-05,0.029465281922389,0.108082991877704
"root3",4,"b1",7.9121250466772e-05,0.029465281922389,0.108082991877704
"root3",4,"b2",3.75071162576203e-05,0.029465281922389,0.108082991877704
"root3",4,"b3",3.75071162576203e-05,0.029465281922389,0.108082991877704
"root3",4,"b4",3.57467772482623e-05,0.029465281922389,0.108082991877704
"root3",4,"b5",7.16647541753005e-05,0.029465281922389,0.108082991877704
"root3",4,"b6",5.81074136466132e-05,0.029465281922389,0.108082991877704
"root3",4,"b7",0.000116716411879504,0.029465281922389,0.108082991877704
"root3",4,"b8",3.20225469635009e-05,0.029465281922389,0.108082991877704
"root3",4,"b9",6.13850128013616e-05,6.13850128013616e-05,0.108082991877704
"root3",5,"b0",5.9008184053229e-05,0.0738779119087046,0.106820926159428
"root3",5,"b1",8.64770405203848e-05,0.0738779119087046,0.106820926159428
"root3",5,"b2",4.03683131068076e-05,0.0738779119087046,0.106820926159428
"root3",5,"b3",4.03683131068076e-05,0.0738779119087046,0.106820926159428
"root3",5,"b4",3.82385998759226e-05,0.0738779119087046,0.106820926159428
"root3",5,"b5",7.72578388615335e-05,0.0738779119087046,0.106820926159428
"root3",5,"b6",6.13860203568845e-05,0.0738779119087046,0.106820926159428
"root3",5,"b7",0.000136929879126162,0.0738779119087046,0.106820926159428
"root3",5,"b8",3.39009210208771e-05,0.0738779119087046,0.106820926159428
"root3",5,"b9",6.55246731466321e-05,6.55246731466321e-05,0.106820926159428
"root3",6,"b0",4.11014817972816e-05,0.062685851809377,0.149456291322098
"root3",6,"b1",6.48646181243156e-05,0.062685851809377,0.149456291322098
"root3",6,"b2",3.50029721078652e-05,0.062685851809377,0.149456291322098
"root3",6,"b3",3.50029721078652e-05,0.062685851809377,0.149456291322098
"root3",6,"b4",3.36957374181809e-05,0.062685851809377,0.149456291322098
"root3",6,"b5",6.05115932353111e-05,0.062685851809377,0.149456291322098
"root3",6,"b6",5.08962146944235e-05,0.062685851809377,0.149456291322098
"root3",6,"b7",8.00728329329533e-05,0.062685851809377,0.149456291322098
"root3",6,"b8",3.04895972230434e-05,0.062685851809377,0.149456291322098
"root3",6,"b9",5.3136224151113e-05,5.3136224151113e-05,0.149456291322098
"root3",7,"b0",5.43038820460694e-05,0.104070005234547,0.127002876178934
"root3",7,"b1",7.49066513686461e-05,0.104070005234547,0.127002876178934
"root3",7,"b2",3.79641954330188e-05,0.104070005234547,0.127002876178934
"root3",7,"b3",3.79641954330188e-05,0.104070005234547,0.127002876178934
"root3",7,"b4",3.60510910728334e-05,0.104070005234547,0.127002876178934
"root3",7,"b5",6.78048698369005e-05,0.104070005234547,0.127002876178934
"root3",7,"b6",5.54534814025607e-05,0.104070005234547,0.127002876178934
"root3",7,"b7",9.71888983995316e-05,0.104070005234547,0.127002876178934
"root3",7,"b8",3.22344612001248e-05,0.104070005234547,0.127002876178934
"root3",7,"b9",5.86318829475139e-05,5.86318829475139e-05,0.127002876178934
"root3",8,"b0",0.000126550645702144,0.0141403364697438,0.146352115677442
"root3",8,"b1",6.33162720186809e-05,0.0141403364697438,0.146352115677442
"root3",8,"b2",3.57267830964368e-05,0.0141403364697438,0.146352115677442
"root3",8,"b3",3.57267830964368e-05,0.0141403364697438,0.146352115677442
"root3",8,"b4",3.41724256149627e-05,0.0141403364697438,0.146352115677442
"root3",8,"b5",5.85930238560182e-05,0.0141403364697438,0.146352115677442
"root3",8,"b6",4.9312223881522e-05,0.0141403364697438,0.146352115677442
"root3",8,"b7",8.05206755962191e-05,0.0141403364697438,0.146352115677442
"root3",8,"b8",3.07927996869436e-05,0.0141403364697438,0.146352115677442
"root3",8,"b9",5.16015234439155e-05,5.16015234439155e-05,0.146352115677442
"root3",9,"b0",0.000117071076535587,0.0426774297345694,0.117230662496054
"root3",9,"b1",7.27669034781501e-05,0.0426774297345694,0.117230662496054
"root3",9,"b2",3.71556670165337e-05,0.0426774297345694,0.117230662496054
"root3",9,"b3",3.71556670165337e-05,0.0426774297345694,0.117230662496054
"root3",9,"b4",3.5351685298719e-05,0.0426774297345694,0.117230662496054
"root3",9,"b5",6.61486815672206e-05,0.0426774297345694,0.117230662496054
"root3",9,"b6",5.43255502527966e-05,0.0426774297345694,0.117230662496054
"root3",9,"b7",9.53863603519835e-05,0.0426774297345694,0.117230662496054
"root3",9,"b8",3.16706744648567e-05,0.0426774297345694,0.117230662496054
"root3",9,"b9",5.72290379698291e-05,5.72290379698291e-05,0.117230662496054
"root4",1,"b0",5.77679615873766e-05,0.0117721865082324,0.108698658249092
"root4",1,"b1",8.1996096953782e-05,0.0117721865082324,0.108698658249092
"root4",1,"b2",3.92419873589668e-05,0.0117721865082324,0.108698658249092
"root4",1,"b3",3.92419873589668e-05,0.0117721865082324,0.108698658249092
"root4",1,"b4",3.72440270940786e-05,0.0117721865082324,0.108698658249092
"root4",1,"b5",7.37223718850984e-05,0.0117721865082324,0.108698658249092
"root4",1,"b6",5.93228685193553e-05,0.0117721865082324,0.108698658249092
"root4",1,"b7",0.000116188191000095,0.0117721865082324,0.108698658249092
"root4",1,"b8",3.31780964973872e-05,0.0117721865082324,0.108698658249092
"root4",1,"b9",6.28386115936429e-05,6.28386115936429e-05,0.108698658249092
"root4",11,"b0",0.000152531569062626,0.18347588160857,0.141649042878297
"root4",11,"b1",8.41915155401397e-05,0.18347588160857,0.141649042878297
"root4",11,"b2",4.48736614936584e-05,0.18347588160857,0.141649042878297
"root4",11,"b3",4.48736614936584e-05,0.18347588160857,0.141649042878297
"root4",11,"b4",4.22710448896918e-05,0.18347588160857,0.141649042878297
"root4",11,"b5",7.54626481880997e-05,0.18347588160857,0.141649042878297
"root4",11,"b6",6.06178951904585e-05,0.18347588160857,0.141649042878297
"root4",11,"b7",0.000104994474169489,0.18347588160857,0.141649042878297
"root4",11,"b8",3.7175173909611e-05,0.18347588160857,0.141649042878297
"root4",11,"b9",6.40743836650214e-05,6.40743836650214e-05,0.141649042878297
"root4",12,"b0",0.00013338616621318,0.0318953506797723,0.154057837516993
"root4",12,"b1",6.40157719207549e-05,0.0318953506797723,0.154057837516993
"root4",12,"b2",3.75778892688154e-05,0.0318953506797723,0.154057837516993
"root4",12,"b3",3.75778892688154e-05,0.0318953506797723,0.154057837516993
"root4",12,"b4",3.60442680726515e-05,0.0318953506797723,0.154057837516993
"root4",12,"b5",5.96861024697388e-05,0.0318953506797723,0.154057837516993
"root4",12,"b6",5.02850929437631e-05,0.0318953506797723,0.154057837516993
"root4",12,"b7",7.92542277981053e-05,0.0318953506797723,0.154057837516993
"root4",12,"b8",3.23892490417249e-05,0.0318953506797723,0.154057837516993
"root4",12,"b9",5.24884861958675e-05,5.24884861958675e-05,0.154057837516993
"root4",13,"b0",0.000166763566232931,0.290079712151233,0.131153149622711
"root4",13,"b1",9.29454093952763e-05,0.290079712151233,0.131153149622711
"root4",13,"b2",4.94879982023016e-05,0.290079712151233,0.131153149622711
"root4",13,"b3",4.94879982023016e-05,0.290079712151233,0.131153149622711
"root4",13,"b4",4.70052387517591e-05,0.290079712151233,0.131153149622711
"root4",13,"b5",8.44814636334182e-05,0.290079712151233,0.131153149622711
"root4",13,"b6",6.65859410888107e-05,0.290079712151233,0.131153149622711
"root4",13,"b7",0.000119982058478962,0.290079712151233,0.131153149622711
"root4",13,"b8",4.09241666931969e-05,0.290079712151233,0.131153149622711
"root4",13,"b9",7.0940101371351e-05,7.0940101371351e-05,0.131153149622711
"root4",14,"b0",0.000141534782598255,0.0642868809920075,0.125971989747126
"root4",14,"b1",8.16369795029099e-05,0.0642868809920075,0.125971989747126
"root4",14,"b2",4.26181549030052e-05,0.0642868809920075,0.125971989747126
"root4",14,"b3",4.26181549030052e-05,0.0642868809920075,0.125971989747126
"root4",14,"b4",4.05316750528609e-05,0.0642868809920075,0.125971989747126
"root4",14,"b5",7.43031639449317e-05,0.0642868809920075,0.125971989747126
"root4",14,"b6",5.99204969029479e-05,0.0642868809920075,0.125971989747126
"root4",14,"b7",0.000104591335384708,0.0642868809920075,0.125971989747126
"root4",14,"b8",3.5841674635627e-05,0.0642868809920075,0.125971989747126
"root4",14,"b9",6.35439119603628e-05,6.35439119603628e-05,0.125971989747126
"root4",15,"b0",0.000132392338193927,0.369469088789471,0.160134890297142
"root4",15,"b1",7.50121538046327e-05,0.369469088789471,0.160134890297142
"root4",15,"b2",4.17667255803765e-05,0.369469088789471,0.160134890297142
"root4",15,"b3",4.17667255803765e-05,0.369469088789471,0.160134890297142
"root4",15,"b4",3.98242708507789e-05,0.369469088789471,0.160134890297142
"root4",15,"b5",6.89623671284687e-05,0.369469088789471,0.160134890297142
"root4",15,"b6",5.66547381782618e-05,0.369469088789471,0.160134890297142
"root4",15,"b7",9.36714844788771e-05,0.369469088789471,0.160134890297142
"root4",15,"b8",3.53887563120692e-05,0.369469088789471,0.160134890297142
"root4",15,"b9",5.95520882631164e-05,5.95520882631164e-05,0.160134890297142
"root4",16,"b0",0.000130250599686943,0.111194989826099,0.135068324532487
"root4",16,"b1",8.27427356121049e-05,0.111194989826099,0.135068324532487
"root4",16,"b2",4.36128262961636e-05,0.111194989826099,0.135068324532487
"root4",16,"b3",4.36128262961636e-05,0.111194989826099,0.135068324532487
"root4",16,"b4",4.17705375506e-05,0.111194989826099,0.135068324532487
"root4",16,"b5",7.63149295236855e-05,0.111194989826099,0.135068324532487
"root4",16,"b6",6.1641394070449e-05,0.111194989826099,0.135068324532487
"root4",16,"b7",0.000103289822419721,0.111194989826099,0.135068324532487
"root4",16,"b8",3.69721149091463e-05,0.111194989826099,0.135068324532487
"root4",16,"b9",6.49679719484396e-05,6.49679719484396e-05,0.135068324532487
"root4",17,"b0",0.000123340701208005,0.405644212733428,0.167387986466756
"root4",17,"b1",7.47414121287837e-05,0.405644212733428,0.167387986466756
"root4",17,"b2",4.31898047406805e-05,0.405644212733428,0.167387986466756
"root4",17,"b3",4.31898047406805e-05,0.405644212733428,0.167387986466756
"root4",17,"b4",4.12719627815493e-05,0.405644212733428,0.167387986466756
"root4",17,"b5",6.91617697969729e-05,0.405644212733428,0.167387986466756
"root4",17,"b6",5.68833121290976e-05,0.405644212733428,0.167387986466756
"root4",17,"b7",8.61511463627506e-05,0.405644212733428,0.167387986466756
"root4",17,"b8",3.65696796916848e-05,0.405644212733428,0.167387986466756
"root4",17,"b9",5.98813272945643e-05,5.98813272945643e-05,0.167387986466756
"root4",18,"b0",0.000209067095937558,0.467622726249958,0.140135328902419
"root4",18,"b1",0.000105760025964477,0.467622726249958,0.140135328902419
"root4",18,"b2",5.62321750241736e-05,0.467622726249958,0.140135328902419
"root4",18,"b3",5.62321750241736e-05,0.467622726249958,0.140135328902419
"root4",18,"b4",5.2277151139139e-05,0.467622726249958,0.140135328902419
"root4",18,"b5",9.24850209794443e-05,0.467622726249958,0.140135328902419
"root4",18,"b6",7.12214740793641e-05,0.467622726249958,0.140135328902419
"root4",18,"b7",0.000123767072475095,0.467622726249958,0.140135328902419
"root4",18,"b8",4.4764437677239e-05,0.467622726249958,0.140135328902419
"root4",18,"b9",7.61281855089073e-05,7.61281855089073e-05,0.140135328902419
"root4",19,"b0",0.000172192374137991,0.276017016200265,0.141429207268393
"root4",19,"b1",9.37493406346578e-05,0.276017016200265,0.141429207268393
"root4",19,"b2",5.08784347388915e-05,0.276017016200265,0.141429207268393
"root4",19,"b3",5.08784347388915e-05,0.276017016200265,0.141429207268393
"root4",19,"b4",4.79316604234055e-05,0.276017016200265,0.141429207268393
"root4",19,"b5",8.41422889752493e-05,0.276017016200265,0.141429207268393
"root4",19,"b6",6.63985561354421e-05,0.276017016200265,0.141429207268393
"root4",19,"b7",0.000111688875915829,0.276017016200265,0.141429207268393
"root4",19,"b8",4.16242305270279e-05,0.276017016200265,0.141429207268393
"root4",19,"b9",7.0400594291164e-05,7.0400594291164e-05,0.141429207268393
"root4",2,"b0",5.87836204814131e-05,0.0142612498487262,0.104881555139716
"root4",2,"b1",8.5637306011482e-05,0.0142612498487262,0.104881555139716
"root4",2,"b2",4.0928965379728e-05,0.0142612498487262,0.104881555139716
"root4",2,"b3",4.0928965379728e-05,0.0142612498487262,0.104881555139716
"root4",2,"b4",3.86510432422737e-05,0.0142612498487262,0.104881555139716
"root4",2,"b5",7.62191978483273e-05,0.0142612498487262,0.104881555139716
"root4",2,"b6",6.07265242102591e-05,0.0142612498487262,0.104881555139716
"root4",2,"b7",0.000121603109077842,0.0142612498487262,0.104881555139716
"root4",2,"b8",3.42266149443617e-05,0.0142612498487262,0.104881555139716
"root4",2,"b9",6.45563448770837e-05,6.45563448770837e-05,0.104881555139716
"root4",20,"b0",0.000152384504511919,0.402983985404555,0.149339419506105
"root4",20,"b1",8.358275669352e-05,0.402983985404555,0.149339419506105
"root4",20,"b2",4.61908750405182e-05,0.402983985404555,0.149339419506105
"root4",20,"b3",4.61908750405182e-05,0.402983985404555,0.149339419506105
"root4",20,"b4",4.3981127312957e-05,0.402983985404555,0.149339419506105
"root4",20,"b5",7.66092093838096e-05,0.402983985404555,0.149339419506105
"root4",20,"b6",6.16850023949711e-05,0.402983985404555,0.149339419506105
"root4",20,"b7",0.000103650021416151,0.402983985404555,0.149339419506105
"root4",20,"b8",3.86212252124888e-05,0.402983985404555,0.149339419506105
"root4",20,"b9",6.54601408842716e-05,6.54601408842716e-05,0.149339419506105
"root4",21,"b0",0.000160517125603252,0.576954547042431,0.147989680095008
"root4",21,"b1",9.02997770687319e-05,0.576954547042431,0.147989680095008
"root4",21,"b2",4.9094413502776e-05,0.576954547042431,0.147989680095008
"root4",21,"b3",4.9094413502776e-05,0.576954547042431,0.147989680095008
"root4",21,"b4",4.67644476366551e-05,0.576954547042431,0.147989680095008
"root4",21,"b5",8.2649411540288e-05,0.576954547042431,0.147989680095008
"root4",21,"b6",6.57221451852866e-05,0.576954547042431,0.147989680095008
"root4",21,"b7",0.000110391834935681,0.576954547042431,0.147989680095008
"root4",21,"b8",4.0848871815977e-05,0.576954547042431,0.147989680095008
"root4",21,"b9",6.98045703228517e-05,6.98045703228517e-05,0.147989680095008
"root4",22,"b0",0.000174721186416178,0.576628867801505,0.144573401232625
"root4",22,"b1",0.000102685341558082,0.576628867801505,0.144573401232625
"root4",22,"b2",5.41225152716119e-05,0.576628867801505,0.144573401232625
"root4",22,"b3",5.41225152716119e-05,0.576628867801505,0.144573401232625
"root4",22,"b4",5.0189739024477e-05,0.576628867801505,0.144573401232625
"root4",22,"b5",8.93164641964862e-05,0.576628867801505,0.144573401232625
"root4",22,"b6",6.93113171776228e-05,0.576628867801505,0.144573401232625
"root4",22,"b7",0.000116964631286669,0.576628867801505,0.144573401232625
"root4",22,"b8",4.32113440939803e-05,0.576628867801505,0.144573401232625
"root4",22,"b9",7.35126859589562e-05,7.35126859589562e-05,0.144573401232625
"root4",24,"b0",0.00010853842760074,0.808497498818348,0.176581903289545
"root4",24,"b1",7.17867841673732e-05,0.808497498818348,0.176581903289545
"root4",24,"b2",4.07825194974814e-05,0.808497498818348,0.176581903289545
"root4",24,"b3",4.07825194974814e-05,0.808497498818348,0.176581903289545
"root4",24,"b4",3.90936762811141e-05,0.808497498818348,0.176581903289545
"root4",24,"b5",6.67078370337234e-05,0.808497498818348,0.176581903289545
"root4",24,"b6",5.53553559706538e-05,0.808497498818348,0.176581903289545
"root4",24,"b7",8.47104081531646e-05,0.808497498818348,0.176581903289545
"root4",24,"b8",3.49019757032275e-05,0.808497498818348,0.176581903289545
"root4",24,"b9",5.790040135265e-05,5.790040135265e-05,0.176581903289545
"root4",26,"b0",0.000161360506332942,0.843061588950444,0.161679436851012
"root4",26,"b1",7.85254596026439e-05,0.843061588950444,0.161679436851012
"root4",26,"b2",4.67989227973364e-05,0.843061588950444,0.161679436851012
"root4",26,"b3",4.67989227973364e-05,0.843061588950444,0.161679436851012
"root4",26,"b4",4.4580381142811e-05,0.843061588950444,0.161679436851012
"root4",26,"b5",7.23999642690742e-05,0.843061588950444,0.161679436851012
"root4",26,"b6",5.9128316608366e-05,0.843061588950444,0.161679436851012
"root4",26,"b7",9.05245981853013e-05,0.843061588950444,0.161679436851012
"root4",26,"b8",3.92069561770225e-05,0.843061588950444,0.161679436851012
"root4",26,"b9",6.24231291048696e-05,6.24231291048696e-05,0.161679436851012
"root4",27,"b0",0.000236564695993382,1.49889564372105,0.223818672760548
"root4",27,"b1",7.50251576283593e-05,1.49889564372105,0.223818672760548
"root4",27,"b2",5.06796171770721e-05,1.49889564372105,0.223818672760548
"root4",27,"b3",5.06796171770721e-05,1.49889564372105,0.223818672760548
"root4",27,"b4",4.83172686657423e-05,1.49889564372105,0.223818672760548
"root4",27,"b5",6.94718956543977e-05,1.49889564372105,0.223818672760548
"root4",27,"b6",5.73966064793968e-05,1.49889564372105,0.223818672760548
"root4",27,"b7",8.00007270091987e-05,1.49889564372105,0.223818672760548
"root4",27,"b8",4.24378029045389e-05,1.49889564372105,0.223818672760548
"root4",27,"b9",5.99868019695781e-05,5.99868019695781e-05,0.223818672760548
"root4",28,"b0",0.000185462059006148,1.64270444949953,0.160100851090714
"root4",28,"b1",0.00011009593939613,1.64270444949953,0.160100851090714
"root4",28,"b2",5.98590535257145e-05,1.64270444949953,0.160100851090714
"root4",28,"b3",5.98590535257145e-05,1.64270444949953,0.160100851090714
"root4",28,"b4",5.69721713867751e-05,1.64270444949953,0.160100851090714
"root4",28,"b5",9.97910060282826e-05,1.64270444949953,0.160100851090714
"root4",28,"b6",7.67737139617708e-05,1.64270444949953,0.160100851090714
"root4",28,"b7",0.000127755396009492,1.64270444949953,0.160100851090714
"root4",28,"b8",4.90526803805899e-05,1.64270444949953,0.160100851090714
"root4",28,"b9",8.17788628105189e-05,8.17788628105189e-05,0.160100851090714
"root4",29,"b0",0.000163931269532806,4.31587246644399,0.283098299198423
"root4",29,"b1",5.81905715286527e-05,4.31587246644399,0.283098299198423
"root4",29,"b2",4.19926218562003e-05,4.31587246644399,0.283098299198423
"root4",29,"b3",4.19926218562003e-05,4.31587246644399,0.283098299198423
"root4",29,"b4",4.01392501039103e-05,4.31587246644399,0.283098299198423
"root4",29,"b5",5.47011772977127e-05,4.31587246644399,0.283098299198423
"root4",29,"b6",4.69029606478027e-05,4.31587246644399,0.283098299198423
"root4",29,"b7",6.20010632224294e-05,4.31587246644399,0.283098299198423
"root4",29,"b8",3.57705469788857e-05,4.31587246644399,0.283098299198423
"root4",29,"b9",4.88121601382753e-05,4.88121601382753e-05,0.283098299198423
"root4",3,"b0",4.12508793880293e-05,0.0238463370073095,0.132077092040654
"root4",3,"b1",6.20513958538925e-05,0.0238463370073095,0.132077092040654
"root4",3,"b2",3.20014064564885e-05,0.0238463370073095,0.132077092040654
"root4",3,"b3",3.20014064564885e-05,0.0238463370073095,0.132077092040654
"root4",3,"b4",3.08815046430373e-05,0.0238463370073095,0.132077092040654
"root4",3,"b5",5.79724907415117e-05,0.0238463370073095,0.132077092040654
"root4",3,"b6",4.89897745116895e-05,0.0238463370073095,0.132077092040654
"root4",3,"b7",8.22189509527468e-05,0.0238463370073095,0.132077092040654
"root4",3,"b8",2.81345947435923e-05,0.0238463370073095,0.132077092040654
"root4",3,"b9",5.12265078391857e-05,5.12265078391857e-05,0.132077092040654
"root4",30,"b0",0.000270827949858528,4.79731346854745,0.203400538380612
"root4",30,"b1",0.000106364275421646,4.79731346854745,0.203400538380612
"root4",30,"b2",6.2978866621816e-05,4.79731346854745,0.203400538380612
"root4",30,"b3",6.2978866621816e-05,4.79731346854745,0.203400538380612
"root4",30,"b4",5.8895658962545e-05,4.79731346854745,0.203400538380612
"root4",30,"b5",9.40487111018169e-05,4.79731346854745,0.203400538380612
"root4",30,"b6",7.29824054202581e-05,4.79731346854745,0.203400538380612
"root4",30,"b7",0.000117314594127718,4.79731346854745,0.203400538380612
"root4",30,"b8",5.03598237361993e-05,4.79731346854745,0.203400538380612
"root4",30,"b9",7.74016703047429e-05,7.74016703047429e-05,0.203400538380612
"root4",4,"b0",5.22181067700837e-05,0.0543328457531842,0.119648139226054
"root4",4,"b1",7.53972690565009e-05,0.0543328457531842,0.119648139226054
"root4",4,"b2",3.73865910104566e-05,0.0543328457531842,0.119648139226054
"root4",4,"b3",3.73865910104566e-05,0.0543328457531842,0.119648139226054
"root4",4,"b4",3.54664561012882e-05,0.0543328457531842,0.119648139226054
"root4",4,"b5",6.79733308740338e-05,0.0543328457531842,0.119648139226054
"root4",4,"b6",5.55553749715129e-05,0.0543328457531842,0.119648139226054
"root4",4,"b7",0.000105182791169652,0.0543328457531842,0.119648139226054
"root4",4,"b8",3.17626001263807e-05,0.0543328457531842,0.119648139226054
"root4",4,"b9",5.89465187152395e-05,5.89465187152395e-05,0.119648139226054
"root4",5,"b0",6.19313851539114e-05,0.0584127281720326,0.115343370154011
"root4",5,"b1",7.979229104665e-05,0.0584127281720326,0.115343370154011
"root4",5,"b2",3.93786541943437e-05,0.0584127281720326,0.115343370154011
"root4",5,"b3",3.93786541943437e-05,0.0584127281720326,0.115343370154011
"root4",5,"b4",3.73466161118536e-05,0.0584127281720326,0.115343370154011
"root4",5,"b5",7.18586094597832e-05,0.0584127281720326,0.115343370154011
"root4",5,"b6",5.81539077049151e-05,0.0584127281720326,0.115343370154011
"root4",5,"b7",0.000111321585724281,0.0584127281720326,0.115343370154011
"root4",5,"b8",3.32745794125483e-05,0.0584127281720326,0.115343370154011
"root4",5,"b9",6.14250644014572e-05,6.14250644014572e-05,0.115343370154011
"root4",7,"b0",4.76517781007969e-05,0.278898360582948,0.154777203558366
"root4",7,"b1",7.03848038926149e-05,0.278898360582948,0.154777203558366
"root4",7,"b2",3.83780552883952e-05,0.278898360582948,0.154777203558366
"root4",7,"b3",3.83780552883952e-05,0.278898360582948,0.154777203558366
"root4",7,"b4",3.69271475739292e-05,0.278898360582948,0.154777203558366
"root4",7,"b5",6.5648559198395e-05,0.278898360582948,0.154777203558366
"root4",7,"b6",5.4535446853563e-05,0.278898360582948,0.154777203558366
"root4",7,"b7",8.60916882627072e-05,0.278898360582948,0.154777203558366
"root4",7,"b8",3.31313813510347e-05,0.278898360582948,0.154777203558366
"root4",7,"b9",5.74897439211276e-05,5.74897439211276e-05,0.154777203558366
"root4",8,"b0",9.57646405341633e-05,0.0092075552570202,0.154372505675132
"root4",8,"b1",5.95388018657104e-05,0.0092075552570202,0.154372505675132
"root4",8,"b2",3.54159233324136e-05,0.0092075552570202,0.154372505675132
"root4",8,"b3",3.54159233324136e-05,0.0092075552570202,0.154372505675132
"root4",8,"b4",3.40586031184834e-05,0.0092075552570202,0.154372505675132
"root4",8,"b5",5.57985570301269e-05,0.0092075552570202,0.154372505675132
"root4",8,"b6",4.75039194703967e-05,0.0092075552570202,0.154372505675132
"root4",8,"b7",6.7984473770766e-05,0.0092075552570202,0.154372505675132
"root4",8,"b8",3.07792063064488e-05,0.0092075552570202,0.154372505675132
"root4",8,"b9",4.94982295588658e-05,4.94982295588658e-05,0.154372505675132
"root4",9,"b0",0.000138322245473163,0.0867910494924483,0.144473890540386
"root4",9,"b1",7.45884320503297e-05,0.0867910494924483,0.144473890540386
"root4",9,"b2",4.13727800989828e-05,0.0867910494924483,0.144473890540386
"root4",9,"b3",4.13727800989828e-05,0.0867910494924483,0.144473890540386
"root4",9,"b4",3.95598630987872e-05,0.0867910494924483,0.144473890540386
"root4",9,"b5",6.88924233920094e-05,0.0867910494924483,0.144473890540386
"root4",9,"b6",5.65782977803312e-05,0.0867910494924483,0.144473890540386
"root4",9,"b7",9.42095716083129e-05,0.0867910494924483,0.144473890540386
"root4",9,"b8",3.51667527263006e-05,0.0867910494924483,0.144473890540386
"root4",9,"b9",5.95848118610497e-05,5.95848118610497e-05,0.144473890540386
"root5",0,"b0",3.94480971138222e-05,0.0243653436043348,0.136770133970508
"root5",0,"b1",6.84861118380696e-05,0.0243653436043348,0.136770133970508
"root5",0,"b2",3.55103292522037e-05,0.0243653436043348,0.136770133970508
"root5",0,"b3",3.55103292522037e-05,0.0243653436043348,0.136770133970508
"root5",0,"b4",3.40414728004941e-05,0.0243653436043348,0.136770133970508
"root5",0,"b5",6.32219307710348e-05,0.0243653436043348,0.136770133970508
"root5",0,"b6",5.26211975207889e-05,0.0243653436043348,0.136770133970508
"root5",0,"b7",9.27646069001949e-05,0.0243653436043348,0.136770133970508
"root5",0,"b8",3.07110577596264e-05,0.0243653436043348,0.136770133970508
"root5",0,"b9",5.54227921665687e-05,5.54227921665687e-05,0.136770133970508
"root5",10,"b0",0.000140263665143227,0.170487426880114,0.150488659440313
"root5",10,"b1",7.1853761628597e-05,0.170487426880114,0.150488659440313
"root5",10,"b2",3.96412146649012e-05,0.170487426880114,0.150488659440313
"root5",10,"b3",3.96412146649012e-05,0.170487426880114,0.150488659440313
"root5",10,"b4",3.73879891160674e-05,0.170487426880114,0.150488659440313
"root5",10,"b5",6.47726997530824e-05,0.170487426880114,0.150488659440313
"root5",10,"b6",5.34220494215788e-05,0.170487426880114,0.150488659440313
"root5",10,"b7",8.93448933769595e-05,0.170487426880114,0.150488659440313
"root5",10,"b8",3.3305172798207e-05,0.170487426880114,0.150488659440313
"root5",10,"b9",5.60898925387422e-05,5.60898925387422e-05,0.150488659440313
"root5",11,"b0",0.000159671125721358,0.140398725680128,0.141404348846684
"root5",11,"b1",7.25205203940309e-05,0.140398725680128,0.141404348846684
"root5",11,"b2",4.0599698471015e-05,0.140398725680128,0.141404348846684
"root5",11,"b3",4.0599698471015e-05,0.140398725680128,0.141404348846684
"root5",11,"b4",3.87258130813907e-05,0.140398725680128,0.141404348846684
"root5",11,"b5",6.67426682886913e-05,0.140398725680128,0.141404348846684
"root5",11,"b6",5.50329499903688e-05,0.140398725680128,0.141404348846684
"root5",11,"b7",0.000102841342198892,0.140398725680128,0.141404348846684
"root5",11,"b8",3.44744701631918e-05,0.140398725680128,0.141404348846684
"root5",11,"b9",5.78753813572423e-05,5.78753813572423e-05,0.141404348846684
"root5",12,"b0",0.000156569305609038,0.14000356060069,0.121672415332265
"root5",12,"b1",9.26314790217917e-05,0.14000356060069,0.121672415332265
"root5",12,"b2",4.67637024299953e-05,0.14000356060069,0.121672415332265
"root5",12,"b3",4.67637024299953e-05,0.14000356060069,0.121672415332265
"root5",12,"b4",4.45408518167161e-05,0.14000356060069,0.121672415332265
"root5",12,"b5",8.42247311376811e-05,0.14000356060069,0.121672415332265
"root5",12,"b6",6.62963346316754e-05,0.14000356060069,0.121672415332265
"root5",12,"b7",0.000123853861978701,0.14000356060069,0.121672415332265
"root5",12,"b8",3.89963437465029e-05,0.14000356060069,0.121672415332265
"root5",12,"b9",7.06010545220245e-05,7.06010545220245e-05,0.121672415332265
"root5",13,"b0",0.000142302843612923,0.390022773408054,0.156145335200451
"root5",13,"b1",8.13782630926642e-05,0.390022773408054,0.156145335200451
"root5",13,"b2",4.37696649929984e-05,0.390022773408054,0.156145335200451
"root5",13,"b3",4.37696649929984e-05,0.390022773408054,0.156145335200451
"root5",13,"b4",4.18434355961039e-05,0.390022773408054,0.156145335200451
"root5",13,"b5",7.49570639818423e-05,0.390022773408054,0.156145335200451
"root5",13,"b6",6.07292730280498e-05,0.390022773408054,0.156145335200451
"root5",13,"b7",0.000105067587612843,0.390022773408054,0.156145335200451
"root5",13,"b8",3.70064334175163e-05,0.390022773408054,0.156145335200451
"root5",13,"b9",6.40533285691667e-05,6.40533285691667e-05,0.156145335200451
"root5",14,"b0",0.00013966561463679,0.238251522134487,0.142736468319181
"root5",14,"b1",8.68910742950844e-05,0.238251522134487,0.142736468319181
"root5",14,"b2",4.76243251891086e-05,0.238251522134487,0.142736468319181
"root5",14,"b3",4.76243251891086e-05,0.238251522134487,0.142736468319181
"root5",14,"b4",4.49901405112982e-05,0.238251522134487,0.142736468319181
"root5",14,"b5",7.84468899446512e-05,0.238251522134487,0.142736468319181
"root5",14,"b6",6.28236994943602e-05,0.238251522134487,0.142736468319181
"root5",14,"b7",0.00010062727589111,0.238251522134487,0.142736468319181
"root5",14,"b8",3.9397913346243e-05,0.238251522134487,0.142736468319181
"root5",14,"b9",6.6375332097887e-05,6.6375332097887e-05,0.142736468319181
"root5",15,"b0",0.000162606788845145,0.125973171202024,0.143808527226135
"root5",15,"b1",8.3575703901648e-05,0.125973171202024,0.143808527226135
"root5",15,"b2",4.56846623119968e-05,0.125973171202024,0.143808527226135
"root5",15,"b3",4.56846623119968e-05,0.125973171202024,0.143808527226135
"root5",15,"b4",4.35085970889244e-05,0.125973171202024,0.143808527226135
"root5",15,"b5",7.65164325331313e-05,0.125973171202024,0.143808527226135
"root5",15,"b6",6.17053991657414e-05,0.125973171202024,0.143808527226135
"root5",15,"b7",0.000104651208068419,0.125973171202024,0.143808527226135
"root5",15,"b8",3.83055069795329e-05,0.125973171202024,0.143808527226135
"root5",15,"b9",6.50378440411801e-05,6.50378440411801e-05,0.143808527226135
"root5",16,"b0",0.000144515471813379,0.102768912761127,0.143049877640265
"root5",16,"b1",7.97342701159691e-05,0.102768912761127,0.143049877640265
"root5",16,"b2",4.38009906814863e-05,0.102768912761127,0.143049877640265
"root5",16,"b3",4.38009906814863e-05,0.102768912761127,0.143049877640265
"root5",16,"b4",4.15286720068725e-05,0.102768912761127,0.143049877640265
"root5",16,"b5",7.2499684245997e-05,0.102768912761127,0.143049877640265
"root5",16,"b6",5.88168333758189e-05,0.102768912761127,0.143049877640265
"root5",16,"b7",9.61311427408023e-05,0.102768912761127,0.143049877640265
"root5",16,"b8",3.6649689178503e-05,0.102768912761127,0.143049877640265
"root5",16,"b9",6.20979995979209e-05,6.20979995979209e-05,0.143049877640265
"root5",17,"b0",0.000174213465667326,0.232789499573299,0.126337000068741
"root5",17,"b1",9.75097407450162e-05,0.232789499573299,0.126337000068741
"root5",17,"b2",4.91028363932919e-05,0.232789499573299,0.126337000068741
"root5",17,"b3",4.91028363932919e-05,0.232789499573299,0.126337000068741
"root5",17,"b4",4.65160496684601e-05,0.232789499573299,0.126337000068741
"root5",17,"b5",8.77353507773483e-05,0.232789499573299,0.126337000068741
"root5",17,"b6",6.85864379485742e-05,0.232789499573299,0.126337000068741
"root5",17,"b7",0.000127378564525509,0.232789499573299,0.126337000068741
"root5",17,"b8",4.05455961998381e-05,0.232789499573299,0.126337000068741
"root5",17,"b9",7.29484922775584e-05,7.29484922775584e-05,0.126337000068741
"root5",18,"b0",0.000153334524815114,0.103298178424279,0.137341927018649
"root5",18,"b1",7.84819887173723e-05,0.103298178424279,0.137341927018649
"root5",18,"b2",4.2609506156125e-05,0.103298178424279,0.137341927018649
"root5",18,"b3",4.2609506156125e-05,0.103298178424279,0.137341927018649
"root5",18,"b4",4.06772421305561e-05,0.103298178424279,0.137341927018649
"root5",18,"b5",7.21618524207773e-05,0.103298178424279,0.137341927018649
"root5",18,"b6",5.86499830976033e-05,0.103298178424279,0.137341927018649
"root5",18,"b7",0.00010194192156633,0.103298178424279,0.137341927018649
"root5",18,"b8",3.60040656970825e-05,0.103298178424279,0.137341927018649
"root5",18,"b9",6.20657541683808e-05,6.20657541683808e-05,0.137341927018649
"root5",19,"b0",0.000153655224064449,0.467797736482245,0.14012640236313
"root5",19,"b1",9.41932228854782e-05,0.467797736482245,0.14012640236313
"root5",19,"b2",4.95797850658053e-05,0.467797736482245,0.14012640236313
"root5",19,"b3",4.95797850658053e-05,0.467797736482245,0.14012640236313
"root5",19,"b4",4.70971173665668e-05,0.467797736482245,0.14012640236313
"root5",19,"b5",8.55436453858415e-05,0.467797736482245,0.14012640236313
"root5",19,"b6",6.74291626830422e-05,0.467797736482245,0.14012640236313
"root5",19,"b7",0.000116848000044298,0.467797736482245,0.14012640236313
"root5",19,"b8",4.1059138738608e-05,0.467797736482245,0.14012640236313
"root5",19,"b9",7.1790430066916e-05,7.1790430066916e-05,0.14012640236313
"root5",2,"b0",4.97812633282911e-05,0.00885097346828332,0.125467767033128
"root5",2,"b1",6.98326502285594e-05,0.00885097346828332,0.125467767033128
"root5",2,"b2",3.55680129219901e-05,0.00885097346828332,0.125467767033128
"root5",2,"b3",3.55680129219901e-05,0.00885097346828332,0.125467767033128
"root5",2,"b4",3.4145287378479e-05,0.00885097346828332,0.125467767033128
"root5",2,"b5",6.45449219911837e-05,0.00885097346828332,0.125467767033128
"root5",2,"b6",5.34862656596012e-05,0.00885097346828332,0.125467767033128
"root5",2,"b7",9.23090965825809e-05,0.00885097346828332,0.125467767033128
"root5",2,"b8",3.07799523500834e-05,0.00885097346828332,0.125467767033128
"root5",2,"b9",5.62177343427528e-05,5.62177343427528e-05,0.125467767033128
"root5",20,"b0",0.000156206678425192,0.429858198896904,0.138440495386583
"root5",20,"b1",9.10344996032254e-05,0.429858198896904,0.138440495386583
"root5",20,"b2",4.92581069849229e-05,0.429858198896904,0.138440495386583
"root5",20,"b3",4.92581069849229e-05,0.429858198896904,0.138440495386583
"root5",20,"b4",4.66756242099943e-05,0.429858198896904,0.138440495386583
"root5",20,"b5",8.24886981841312e-05,0.429858198896904,0.138440495386583
"root5",20,"b6",6.54190569138408e-05,0.429858198896904,0.138440495386583
"root5",20,"b7",0.000110455160587348,0.429858198896904,0.138440495386583
"root5",20,"b8",4.07104816155007e-05,0.429858198896904,0.138440495386583
"root5",20,"b9",6.94053700108498e-05,6.94053700108498e-05,0.138440495386583
"root5",21,"b0",0.000108790731771502,0.111937153983152,0.1454104986704
"root5",21,"b1",6.02785724537325e-05,0.111937153983152,0.1454104986704
"root5",21,"b2",3.33035768616445e-05,0.111937153983152,0.1454104986704
"root5",21,"b3",3.33035768616445e-05,0.111937153983152,0.1454104986704
"root5",21,"b4",3.22035953125466e-05,0.111937153983152,0.1454104986704
"root5",21,"b5",5.67525730384829e-05,0.111937153983152,0.1454104986704
"root5",21,"b6",4.82283682064351e-05,0.111937153983152,0.1454104986704
"root5",21,"b7",7.90116475827426e-05,0.111937153983152,0.1454104986704
"root5",21,"b8",2.92768294458007e-05,0.111937153983152,0.1454104986704
"root5",21,"b9",5.02606697072602e-05,5.02606697072602e-05,0.1454104986704
"root5",22,"b0",0.00013924943253344,0.389254486740131,0.148358353934208
"root5",22,"b1",8.13943953705126e-05,0.389254486740131,0.148358353934208
"root5",22,"b2",4.36979060482359e-05,0.389254486740131,0.148358353934208
"root5",22,"b3",4.36979060482359e-05,0.389254486740131,0.148358353934208
"root5",22,"b4",4.19510369666365e-05,0.389254486740131,0.148358353934208
"root5",22,"b5",7.54967702386638e-05,0.389254486740131,0.148358353934208
"root5",22,"b6",6.12713751780041e-05,0.389254486740131,0.148358353934208
"root5",22,"b7",0.000104660665450204,0.389254486740131,0.148358353934208
"root5",22,"b8",3.71741757403103e-05,0.389254486740131,0.148358353934208
"root5",22,"b9",6.44243309074887e-05,6.44243309074887e-05,0.148358353934208
"root5",23,"b0",0.000146217606819642,0.368093827066149,0.155286116552538
"root5",23,"b1",8.16132069060288e-05,0.368093827066149,0.155286116552538
"root5",23,"b2",4.60066647288166e-05,0.368093827066149,0.155286116552538
"root5",23,"b3",4.60066647288166e-05,0.368093827066149,0.155286116552538
"root5",23,"b4",4.36671363006926e-05,0.368093827066149,0.155286116552538
"root5",23,"b5",7.45209259787152e-05,0.368093827066149,0.155286116552538
"root5",23,"b6",6.03064699555197e-05,0.368093827066149,0.155286116552538
"root5",23,"b7",9.7151206425125e-05,0.368093827066149,0.155286116552538
"root5",23,"b8",3.83717864491765e-05,0.368093827066149,0.155286116552538
"root5",23,"b9",6.39040845390397e-05,6.39040845390397e-05,0.155286116552538
"root5",26,"b0",0.00012130725810888,0.627828391423703,0.156909475651037
"root5",26,"b1",8.36565703749795e-05,0.627828391423703,0.156909475651037
"root5",26,"b2",4.40163442570626e-05,0.627828391423703,0.156909475651037
"root5",26,"b3",4.40163442570626e-05,0.627828391423703,0.156909475651037
"root5",26,"b4",4.26029000418796e-05,0.627828391423703,0.156909475651037
"root5",26,"b5",7.86685063486085e-05,0.627828391423703,0.156909475651037
"root5",26,"b6",6.36055649599972e-05,0.627828391423703,0.156909475651037
"root5",26,"b7",0.000107022205260023,0.627828391423703,0.156909475651037
"root5",26,"b8",3.77750513024408e-05,0.627828391423703,0.156909475651037
"root5",26,"b9",6.70407758393553e-05,6.70407758393553e-05,0.156909475651037
"root5",28,"b0",0.000176996387143928,1.82825435351587,0.171312310190736
"root5",28,"b1",9.73749809447631e-05,1.82825435351587,0.171312310190736
"root5",28,"b2",5.53846983515065e-05,1.82825435351587,0.171312310190736
"root5",28,"b3",5.53846983515065e-05,1.82825435351587,0.171312310190736
"root5",28,"b4",5.15545332362238e-05,1.82825435351587,0.171312310190736
"root5",28,"b5",8.60428346633254e-05,1.82825435351587,0.171312310190736
"root5",28,"b6",6.75322071115276e-05,1.82825435351587,0.171312310190736
"root5",28,"b7",0.000106998677121848,1.82825435351587,0.171312310190736
"root5",28,"b8",4.43136144682072e-05,1.82825435351587,0.171312310190736
"root5",28,"b9",7.161943444919e-05,7.161943444919e-05,0.171312310190736
"root5",29,"b0",0.000145152927186922,4.20037726725449,0.212781866477317
"root5",29,"b1",8.1009370349393e-05,4.20037726725449,0.212781866477317
"root5",29,"b2",4.93041213724525e-05,4.20037726725449,0.212781866477317
"root5",29,"b3",4.93041213724525e-05,4.20037726725449,0.212781866477317
"root5",29,"b4",4.71648332772639e-05,4.20037726725449,0.212781866477317
"root5",29,"b5",7.53536215948992e-05,4.20037726725449,0.212781866477317
"root5",29,"b6",6.1537468239336e-05,4.20037726725449,0.212781866477317
"root5",29,"b7",9.11159583912115e-05,4.20037726725449,0.212781866477317
"root5",29,"b8",4.13750713361171e-05,4.20037726725449,0.212781866477317
"root5",29,"b9",6.45138590202941e-05,6.45138590202941e-05,0.212781866477317
"root5",30,"b0",0.000212328969203422,5.20210075621977,0.36198308093575
"root5",30,"b1",3.86746062920818e-05,5.20210075621977,0.36198308093575
"root5",30,"b2",3.2733621982815e-05,5.20210075621977,0.36198308093575
"root5",30,"b3",3.2733621982815e-05,5.20210075621977,0.36198308093575
"root5",30,"b4",3.15395268351292e-05,5.20210075621977,0.36198308093575
"root5",30,"b5",3.70364770163337e-05,5.20210075621977,0.36198308093575
"root5",30,"b6",3.34230466225329e-05,5.20210075621977,0.36198308093575
"root5",30,"b7",4.01663079020747e-05,5.20210075621977,0.36198308093575
"root5",30,"b8",2.88691250651128e-05,5.20210075621977,0.36198308093575
"root5",30,"b9",3.43225082689749e-05,3.43225082689749e-05,0.36198308093575
"root5",5,"b0",6.14310808884559e-05,0.0366388716933336,0.111386868016547
"root5",5,"b1",8.72376000010884e-05,0.0366388716933336,0.111386868016547
"root5",5,"b2",4.27152223586071e-05,0.0366388716933336,0.111386868016547
"root5",5,"b3",4.27152223586071e-05,0.0366388716933336,0.111386868016547
"root5",5,"b4",4.02708180258824e-05,0.0366388716933336,0.111386868016547
"root5",5,"b5",7.7602579670634e-05,0.0366388716933336,0.111386868016547
"root5",5,"b6",6.16891327694862e-05,0.0366388716933336,0.111386868016547
"root5",5,"b7",0.000118040776592091,0.0366388716933336,0.111386868016547
"root5",5,"b8",3.55196911386595e-05,0.0366388716933336,0.111386868016547
"root5",5,"b9",6.56746748292655e-05,6.56746748292655e-05,0.111386868016547
"root5",7,"b0",6.60140423938875e-05,0.0659022989907239,0.113517025784152
"root5",7,"b1",8.56042250334042e-05,0.0659022989907239,0.113517025784152
"root5",7,"b2",4.25733943306788e-05,0.0659022989907239,0.113517025784152
"root5",7,"b3",4.25733943306788e-05,0.0659022989907239,0.113517025784152
"root5",7,"b4",3.98738288567515e-05,0.0659022989907239,0.113517025784152
"root5",7,"b5",7.53349639093352e-05,0.0659022989907239,0.113517025784152
"root5",7,"b6",6.03396412302359e-05,0.0659022989907239,0.113517025784152
"root5",7,"b7",0.00010699641995,0.0659022989907239,0.113517025784152
"root5",7,"b8",3.52417655488649e-05,0.0659022989907239,0.113517025784152
"root5",7,"b9",6.38759044028297e-05,6.38759044028297e-05,0.113517025784152
"root5",8,"b0",0.000100446213875325,0.0230555154483188,0.157266173663681
"root5",8,"b1",5.67106614521057e-05,0.0230555154483188,0.157266173663681
"root5",8,"b2",3.36344705875423e-05,0.0230555154483188,0.157266173663681
"root5",8,"b3",3.36344705875423e-05,0.0230555154483188,0.157266173663681
"root5",8,"b4",3.22406723108876e-05,0.0230555154483188,0.157266173663681
"root5",8,"b5",5.28544132362056e-05,0.0230555154483188,0.157266173663681
"root5",8,"b6",4.52567208512275e-05,0.0230555154483188,0.157266173663681
"root5",8,"b7",6.63097021178691e-05,0.0230555154483188,0.157266173663681
"root5",8,"b8",2.92473829716591e-05,0.0230555154483188,0.157266173663681
"root5",8,"b9",4.71973969100133e-05,4.71973969100133e-05,0.157266173663681
"root5",9,"b0",0.000127002374894775,0.103324497679096,0.129022285600607
"root5",9,"b1",7.49674901119525e-05,0.103324497679096,0.129022285600607
"root5",9,"b2",3.79193290964868e-05,0.103324497679096,0.129022285600607
"root5",9,"b3",3.79193290964868e-05,0.103324497679096,0.129022285600607
"root5",9,"b4",3.62403383947903e-05,0.103324497679096,0.129022285600607
"root5",9,"b5",6.86762749204326e-05,0.103324497679096,0.129022285600607
"root5",9,"b6",5.61979760251384e-05,0.103324497679096,0.129022285600607
"root5",9,"b7",0.000101741444448476,0.103324497679096,0.129022285600607
"root5",9,"b8",3.2439688003618e-05,0.103324497679096,0.129022285600607
"root5",9,"b9",5.95243004137132e-05,5.95243004137132e-05,0.129022285600607
"root6",1,"b0",7.55001049160265e-05,0.0578313269957572,0.105280456807036
"root6",1,"b1",8.89944258675922e-05,0.0578313269957572,0.105280456807036
"root6",1,"b2",4.24374214009714e-05,0.0578313269957572,0.105280456807036
"root6",1,"b3",4.24374214009714e-05,0.0578313269957572,0.105280456807036
"root6",1,"b4",3.9861947056994e-05,0.0578313269957572,0.105280456807036
"root6",1,"b5",7.83709251443572e-05,0.0578313269957572,0.105280456807036
"root6",1,"b6",6.19508182626784e-05,0.0578313269957572,0.105280456807036
"root6",1,"b7",0.000124688070059359,0.0578313269957572,0.105280456807036
"root6",1,"b8",3.51270942822545e-05,0.0578313269957572,0.105280456807036
"root6",1,"b9",6.61874526807603e-05,6.61874526807603e-05,0.105280456807036
"root6",10,"b0",9.61184003347573e-05,0.0213676799658475,0.144071233653538
"root6",10,"b1",5.78558394989051e-05,0.0213676799658475,0.144071233653538
"root6",10,"b2",3.33912386517773e-05,0.0213676799658475,0.144071233653538
"root6",10,"b3",3.33912386517773e-05,0.0213676799658475,0.144071233653538
"root6",10,"b4",3.21697892932178e-05,0.0213676799658475,0.144071233653538
"root6",10,"b5",5.42812172430678e-05,0.0213676799658475,0.144071233653538
"root6",10,"b6",4.63599731881e-05,0.0213676799658475,0.144071233653538
"root6",10,"b7",6.93914677658345e-05,0.0213676799658475,0.144071233653538
"root6",10,"b8",2.92133005492125e-05,0.0213676799658475,0.144071233653538
"root6",10,"b9",4.82306574871935e-05,4.82306574871935e-05,0.144071233653538
"root6",11,"b0",0.000256958719928574,0.177745421516433,0.102755888081147
"root6",11,"b1",0.000123868949331,0.177745421516433,0.102755888081147
"root6",11,"b2",5.97666898681995e-05,0.177745421516433,0.102755888081147
"root6",11,"b3",5.97666898681995e-05,0.177745421516433,0.102755888081147
"root6",11,"b4",5.41730111821812e-05,0.177745421516433,0.102755888081147
"root6",11,"b5",0.000101784275149851,0.177745421516433,0.102755888081147
"root6",11,"b6",7.54229708406452e-05,0.177745421516433,0.102755888081147
"root6",11,"b7",0.000152903702801401,0.177745421516433,0.102755888081147
"root6",11,"b8",4.57405518164056e-05,0.177745421516433,0.102755888081147
"root6",11,"b9",8.16505834900895e-05,8.16505834900895e-05,0.102755888081147
"root6",12,"b0",0.000225459598191186,0.0352018613092179,0.113128841453366
"root6",12,"b1",9.55772190399397e-05,0.0352018613092179,0.113128841453366
"root6",12,"b2",5.10423507687805e-05,0.0352018613092179,0.113128841453366
"root6",12,"b3",5.10423507687805e-05,0.0352018613092179,0.113128841453366
"root6",12,"b4",4.74940658576607e-05,0.0352018613092179,0.113128841453366
"root6",12,"b5",8.37049217251195e-05,0.0352018613092179,0.113128841453366
"root6",12,"b6",6.54386689133155e-05,0.0352018613092179,0.113128841453366
"root6",12,"b7",0.000119423803445393,0.0352018613092179,0.113128841453366
"root6",12,"b8",4.10485703238877e-05,0.0352018613092179,0.113128841453366
"root6",12,"b9",6.98941951141932e-05,6.98941951141932e-05,0.113128841453366
"root6",13,"b0",0.00013867787415883,0.272135419199756,0.131583591055732
"root6",13,"b1",8.56469872672144e-05,0.272135419199756,0.131583591055732
"root6",13,"b2",4.38277042914343e-05,0.272135419199756,0.131583591055732
"root6",13,"b3",4.38277042914343e-05,0.272135419199756,0.131583591055732
"root6",13,"b4",4.17105875682987e-05,0.272135419199756,0.131583591055732
"root6",13,"b5",7.7910145362806e-05,0.272135419199756,0.131583591055732
"root6",13,"b6",6.23617898976228e-05,0.272135419199756,0.131583591055732
"root6",13,"b7",0.000113686819681051,0.272135419199756,0.131583591055732
"root6",13,"b8",3.68017113802681e-05,0.272135419199756,0.131583591055732
"root6",13,"b9",6.60888635475784e-05,6.60888635475784e-05,0.131583591055732
"root6",14,"b0",0.000140717977595799,0.256153256918361,0.145075139589201
"root6",14,"b1",7.74081297898573e-05,0.256153256918361,0.145075139589201
"root6",14,"b2",4.06753187758179e-05,0.256153256918361,0.145075139589201
"root6",14,"b3",4.06753187758179e-05,0.256153256918361,0.145075139589201
"root6",14,"b4",3.91424368096655e-05,0.256153256918361,0.145075139589201
"root6",14,"b5",7.20362124555761e-05,0.256153256918361,0.145075139589201
"root6",14,"b6",5.88115757407579e-05,0.256153256918361,0.145075139589201
"root6",14,"b7",0.000107794091052733,0.256153256918361,0.145075139589201
"root6",14,"b8",3.48821531408693e-05,0.256153256918361,0.145075139589201
"root6",14,"b9",6.19498554329886e-05,6.19498554329886e-05,0.145075139589201
"root6",15,"b0",0.000125803340159409,0.324821051719621,0.150366678337942
"root6",15,"b1",7.88117576748951e-05,0.324821051719621,0.150366678337942
"root6",15,"b2",4.2189572212079e-05,0.324821051719621,0.150366678337942
"root6",15,"b3",4.2189572212079e-05,0.324821051719621,0.150366678337942
"root6",15,"b4",4.03811842865328e-05,0.324821051719621,0.150366678337942
"root6",15,"b5",7.27237805247329e-05,0.324821051719621,0.150366678337942
"root6",15,"b6",5.92476805216278e-05,0.324821051719621,0.150366678337942
"root6",15,"b7",0.000101045937011448,0.324821051719621,0.150366678337942
"root6",15,"b8",3.58550086645643e-05,0.324821051719621,0.150366678337942
"root6",15,"b9",6.24034877143787e-05,6.24034877143787e-05,0.150366678337942
"root6",16,"b0",0.000145665232827714,0.152312584624163,0.122317797888088
"root6",16,"b1",9.04100811869032e-05,0.152312584624163,0.122317797888088
"root6",16,"b2",4.66563363332406e-05,0.152312584624163,0.122317797888088
"root6",16,"b3",4.66563363332406e-05,0.152312584624163,0.122317797888088
"root6",16,"b4",4.42195405673914e-05,0.152312584624163,0.122317797888088
"root6",16,"b5",8.16194134353753e-05,0.152312584624163,0.122317797888088
"root6",16,"b6",6.4625861998557e-05,0.152312584624163,0.122317797888088
"root6",16,"b7",0.000111280377692518,0.152312584624163,0.122317797888088
"root6",16,"b8",3.87311254266866e-05,0.152312584624163,0.122317797888088
"root6",16,"b9",6.87840531574622e-05,6.87840531574622e-05,0.122317797888088
"root6",17,"b0",0.000155346901346662,0.235477492130609,0.122450482623836
"root6",17,"b1",8.52791731061619e-05,0.235477492130609,0.122450482623836
"root6",17,"b2",4.33655726894358e-05,0.235477492130609,0.122450482623836
"root6",17,"b3",4.33655726894358e-05,0.235477492130609,0.122450482623836
"root6",17,"b4",4.10818263678842e-05,0.235477492130609,0.122450482623836
"root6",17,"b5",7.6862343496578e-05,0.235477492130609,0.122450482623836
"root6",17,"b6",6.14997442128556e-05,0.235477492130609,0.122450482623836
"root6",17,"b7",0.000120138580242679,0.235477492130609,0.122450482623836
"root6",17,"b8",3.62471393290865e-05,0.235477492130609,0.122450482623836
"root6",17,"b9",6.52901142375879e-05,6.52901142375879e-05,0.122450482623836
"root6",18,"b0",0.000165174199545352,0.145917121448403,0.132419144578383
"root6",18,"b1",8.41730048221124e-05,0.145917121448403,0.132419144578383
"root6",18,"b2",4.45884674939863e-05,0.145917121448403,0.132419144578383
"root6",18,"b3",4.45884674939863e-05,0.145917121448403,0.132419144578383
"root6",18,"b4",4.22228512378361e-05,0.145917121448403,0.132419144578383
"root6",18,"b5",7.61153824902654e-05,0.145917121448403,0.132419144578383
"root6",18,"b6",6.10916603357108e-05,0.145917121448403,0.132419144578383
"root6",18,"b7",0.000108553719612915,0.145917121448403,0.132419144578383
"root6",18,"b8",3.71568624995436e-05,0.145917121448403,0.132419144578383
"root6",18,"b9",6.47287854119129e-05,6.47287854119129e-05,0.132419144578383
"root6",19,"b0",0.000180761428122116,0.562336846044108,0.132248939387939
"root6",19,"b1",0.00010042968937692,0.562336846044108,0.132248939387939
"root6",19,"b2",5.01713833336249e-05,0.562336846044108,0.132248939387939
"root6",19,"b3",5.01713833336249e-05,0.562336846044108,0.132248939387939
"root6",19,"b4",4.76148840288483e-05,0.562336846044108,0.132248939387939
"root6",19,"b5",9.05717821102937e-05,0.562336846044108,0.132248939387939
"root6",19,"b6",7.02708613908071e-05,0.562336846044108,0.132248939387939
"root6",19,"b7",0.000136956420981444,0.562336846044108,0.132248939387939
"root6",19,"b8",4.1378140511783e-05,0.562336846044108,0.132248939387939
"root6",19,"b9",7.49637127975844e-05,7.49637127975844e-05,0.132248939387939
"root6",2,"b0",4.9949143569431e-05,0.0400717144380987,0.125570510300072
"root6",2,"b1",7.0802814966782e-05,0.0400717144380987,0.125570510300072
"root6",2,"b2",3.5673750837366e-05,0.0400717144380987,0.125570510300072
"root6",2,"b3",3.5673750837366e-05,0.0400717144380987,0.125570510300072
"root6",2,"b4",3.4072610395454e-05,0.0400717144380987,0.125570510300072
"root6",2,"b5",6.47607124716971e-05,0.0400717144380987,0.125570510300072
"root6",2,"b6",5.35109014459756e-05,0.0400717144380987,0.125570510300072
"root6",2,"b7",9.96831809403375e-05,0.0400717144380987,0.125570510300072
"root6",2,"b8",3.06797137627708e-05,0.0400717144380987,0.125570510300072
"root6",2,"b9",5.63008107702834e-05,5.63008107702834e-05,0.125570510300072
"root6",21,"b0",0.000162274754518217,0.16062691893307,0.126613225390546
"root6",21,"b1",8.40036022056497e-05,0.16062691893307,0.126613225390546
"root6",21,"b2",4.60125594727723e-05,0.16062691893307,0.126613225390546
"root6",21,"b3",4.60125594727723e-05,0.16062691893307,0.126613225390546
"root6",21,"b4",4.34999656436919e-05,0.16062691893307,0.126613225390546
"root6",21,"b5",7.59175486123695e-05,0.16062691893307,0.126613225390546
"root6",21,"b6",6.10010393156725e-05,0.16062691893307,0.126613225390546
"root6",21,"b7",0.00010171856149945,0.16062691893307,0.126613225390546
"root6",21,"b8",3.81812217345932e-05,0.16062691893307,0.126613225390546
"root6",21,"b9",6.44648325180473e-05,6.44648325180473e-05,0.126613225390546
"root6",22,"b0",0.000200877400468135,0.397011461884827,0.127776829497206
"root6",22,"b1",0.000101268928888177,0.397011461884827,0.127776829497206
"root6",22,"b2",5.28534736382697e-05,0.397011461884827,0.127776829497206
"root6",22,"b3",5.28534736382697e-05,0.397011461884827,0.127776829497206
"root6",22,"b4",4.94375018953651e-05,0.397011461884827,0.127776829497206
"root6",22,"b5",8.932282064512e-05,0.397011461884827,0.127776829497206
"root6",22,"b6",6.92929216065537e-05,0.397011461884827,0.127776829497206
"root6",22,"b7",0.000126601030555351,0.397011461884827,0.127776829497206
"root6",22,"b8",4.26557484064488e-05,0.397011461884827,0.127776829497206
"root6",22,"b9",7.39740687399848e-05,7.39740687399848e-05,0.127776829497206
"root6",23,"b0",0.000170180065111299,1.48804146042666,0.164596203471233
"root6",23,"b1",0.000102323972807554,1.48804146042666,0.164596203471233
"root6",23,"b2",5.62583977541161e-05,1.48804146042666,0.164596203471233
"root6",23,"b3",5.62583977541161e-05,1.48804146042666,0.164596203471233
"root6",23,"b4",5.41838924147303e-05,1.48804146042666,0.164596203471233
"root6",23,"b5",9.51065018308952e-05,1.48804146042666,0.164596203471233
"root6",23,"b6",7.40390859758784e-05,1.48804146042666,0.164596203471233
"root6",23,"b7",0.000121785064434364,1.48804146042666,0.164596203471233
"root6",23,"b8",4.69028727571889e-05,1.48804146042666,0.164596203471233
"root6",23,"b9",7.84823006895306e-05,7.84823006895306e-05,0.164596203471233
"root6",25,"b0",0.00014633044293144,0.80563627912645,0.157248662862452
"root6",25,"b1",8.71991732612101e-05,0.80563627912645,0.157248662862452
"root6",25,"b2",4.89573355775078e-05,0.80563627912645,0.157248662862452
"root6",25,"b3",4.89573355775078e-05,0.80563627912645,0.157248662862452
"root6",25,"b4",4.64036162213075e-05,0.80563627912645,0.157248662862452
"root6",25,"b5",7.93567789771433e-05,0.80563627912645,0.157248662862452
"root6",25,"b6",6.35774878652704e-05,0.80563627912645,0.157248662862452
"root6",25,"b7",0.000100880690869795,0.80563627912645,0.157248662862452
"root6",25,"b8",4.05462520088149e-05,0.80563627912645,0.157248662862452
"root6",25,"b9",6.71243285704506e-05,6.71243285704506e-05,0.157248662862452
"root6",26,"b0",0.000200028794699832,3.16065115157247,0.157875307350994
"root6",26,"b1",0.000118736734541091,3.16065115157247,0.157875307350994
"root6",26,"b2",6.12715747900951e-05,3.16065115157247,0.157875307350994
"root6",26,"b3",6.12715747900951e-05,3.16065115157247,0.157875307350994
"root6",26,"b4",5.69403559652473e-05,3.16065115157247,0.157875307350994
"root6",26,"b5",0.000103353681613292,3.16065115157247,0.157875307350994
"root6",26,"b6",7.76429696621162e-05,3.16065115157247,0.157875307350994
"root6",26,"b7",0.00014025855397526,3.16065115157247,0.157875307350994
"root6",26,"b8",4.82003102886422e-05,3.16065115157247,0.157875307350994
"root6",26,"b9",8.37202571882647e-05,8.37202571882647e-05,0.157875307350994
"root6",27,"b0",0.000209534376911007,0.872084038459444,0.189722315944931
"root6",27,"b1",8.57081960258752e-05,0.872084038459444,0.189722315944931
"root6",27,"b2",5.25746449974619e-05,0.872084038459444,0.189722315944931
"root6",27,"b3",5.25746449974619e-05,0.872084038459444,0.189722315944931
"root6",27,"b4",4.92807436190365e-05,0.872084038459444,0.189722315944931
"root6",27,"b5",7.72201904682647e-05,0.872084038459444,0.189722315944931
"root6",27,"b6",6.206369541123e-05,0.872084038459444,0.189722315944931
"root6",27,"b7",9.45227822047969e-05,0.872084038459444,0.189722315944931
"root6",27,"b8",4.26662728669922e-05,0.872084038459444,0.189722315944931
"root6",27,"b9",6.55650643996029e-05,6.55650643996029e-05,0.189722315944931
"root6",28,"b0",0.000243004078431617,4.20977468350492,0.263955913270091
"root6",28,"b1",5.93520392378936e-05,4.20977468350492,0.263955913270091
"root6",28,"b2",4.38242287563869e-05,4.20977468350492,0.263955913270091
"root6",28,"b3",4.38242287563869e-05,4.20977468350492,0.263955913270091
"root6",28,"b4",4.16126480773142e-05,4.20977468350492,0.263955913270091
"root6",28,"b5",5.53809077957221e-05,4.20977468350492,0.263955913270091
"root6",28,"b6",4.75025502499228e-05,4.20977468350492,0.263955913270091
"root6",28,"b7",6.30371611120391e-05,4.20977468350492,0.263955913270091
"root6",28,"b8",3.69914739034533e-05,4.20977468350492,0.263955913270091
"root6",28,"b9",4.94343609919086e-05,4.94343609919086e-05,0.263955913270091
"root6",29,"b0",0.00017448562035357,3.48879533471961,0.36048266723572
"root6",29,"b1",4.70168274794056e-05,3.48879533471961,0.36048266723572
"root6",29,"b2",3.61221234189793e-05,3.48879533471961,0.36048266723572
"root6",29,"b3",3.61221234189793e-05,3.48879533471961,0.36048266723572
"root6",29,"b4",3.49565515931817e-05,3.48879533471961,0.36048266723572
"root6",29,"b5",4.50528773621924e-05,3.48879533471961,0.36048266723572
"root6",29,"b6",3.97838838871574e-05,3.48879533471961,0.36048266723572
"root6",29,"b7",4.92591391869142e-05,3.48879533471961,0.36048266723572
"root6",29,"b8",3.17076254242449e-05,3.48879533471961,0.36048266723572
"root6",29,"b9",4.09217937921929e-05,4.09217937921929e-05,0.36048266723572
"root6",3,"b0",5.22114630448168e-05,0.0224486798418515,0.108257348135553
"root6",3,"b1",7.43151211960141e-05,0.0224486798418515,0.108257348135553
"root6",3,"b2",3.50855155718283e-05,0.0224486798418515,0.108257348135553
"root6",3,"b3",3.50855155718283e-05,0.0224486798418515,0.108257348135553
"root6",3,"b4",3.32082870809311e-05,0.0224486798418515,0.108257348135553
"root6",3,"b5",6.63667082408534e-05,0.0224486798418515,0.108257348135553
"root6",3,"b6",5.42270087670002e-05,0.0224486798418515,0.108257348135553
"root6",3,"b7",0.000104047638426597,0.0224486798418515,0.108257348135553
"root6",3,"b8",2.98634584752869e-05,0.0224486798418515,0.108257348135553
"root6",3,"b9",5.73954298901871e-05,5.73954298901871e-05,0.108257348135553
"root6",6,"b0",4.36978750033531e-05,0.0691271185823369,0.154585688910022
"root6",6,"b1",5.93835126634606e-05,0.0691271185823369,0.154585688910022
"root6",6,"b2",3.22739905061536e-05,0.0691271185823369,0.154585688910022
"root6",6,"b3",3.22739905061536e-05,0.0691271185823369,0.154585688910022
"root6",6,"b4",3.1316747622045e-05,0.0691271185823369,0.154585688910022
"root6",6,"b5",5.62203897240873e-05,0.0691271185823369,0.154585688910022
"root6",6,"b6",4.79016178936273e-05,0.0691271185823369,0.154585688910022
"root6",6,"b7",7.63035083865326e-05,0.0691271185823369,0.154585688910022
"root6",6,"b8",2.85549159682417e-05,0.0691271185823369,0.154585688910022
"root6",6,"b9",4.99768047317069e-05,4.99768047317069e-05,0.154585688910022
"root6",7,"b0",6.22649525836149e-05,0.0399045620053812,0.11360533491977
"root6",7,"b1",7.5733745337606e-05,0.0399045620053812,0.11360533491977
"root6",7,"b2",3.75555815505186e-05,0.0399045620053812,0.11360533491977
"root6",7,"b3",3.75555815505186e-05,0.0399045620053812,0.11360533491977
"root6",7,"b4",3.57025460531874e-05,0.0399045620053812,0.11360533491977
"root6",7,"b5",6.85508126174201e-05,0.0399045620053812,0.11360533491977
"root6",7,"b6",5.59260356466974e-05,0.0399045620053812,0.11360533491977
"root6",7,"b7",9.96340410104662e-05,0.0399045620053812,0.11360533491977
"root6",7,"b8",3.19486495895106e-05,0.0399045620053812,0.11360533491977
"root6",7,"b9",5.90343319709924e-05,5.90343319709924e-05,0.11360533491977
"root6",8,"b0",0.000162742295657226,0.068314250940855,0.120923546831313
"root6",8,"b1",8.37289673791749e-05,0.068314250940855,0.120923546831313
"root6",8,"b2",4.3848670655625e-05,0.068314250940855,0.120923546831313
"root6",8,"b3",4.3848670655625e-05,0.068314250940855,0.120923546831313
"root6",8,"b4",4.14194990538351e-05,0.068314250940855,0.120923546831313
"root6",8,"b5",7.52820772249021e-05,0.068314250940855,0.120923546831313
"root6",8,"b6",6.04922189522628e-05,0.068314250940855,0.120923546831313
"root6",8,"b7",0.000109063600986263,0.068314250940855,0.120923546831313
"root6",8,"b8",3.65135460255512e-05,0.068314250940855,0.120923546831313
"root6",8,"b9",6.45120754044614e-05,6.45120754044614e-05,0.120923546831313
"root6",9,"b0",0.000153912268699966,0.0488729366613054,0.12608530146197
"root6",9,"b1",7.94234074665243e-05,0.0488729366613054,0.12608530146197
"root6",9,"b2",4.25526830256056e-05,0.0488729366613054,0.12608530146197
"root6",9,"b3",4.25526830256056e-05,0.0488729366613054,0.12608530146197
"root6",9,"b4",4.03614219690491e-05,0.0488729366613054,0.12608530146197
"root6",9,"b5",7.21061846537543e-05,0.0488729366613054,0.12608530146197
"root6",9,"b6",5.84263888714052e-05,0.0488729366613054,0.12608530146197
"root6",9,"b7",0.00010190021656057,0.0488729366613054,0.12608530146197
"root6",9,"b8",3.56879926025764e-05,0.0488729366613054,0.12608530146197
"root6",9,"b9",6.19558461877779e-05,6.19558461877779e-05,0.12608530146197
"root7",0,"b0",5.21688582819054e-05,0.0241306571970431,0.122676414180977
"root7",0,"b1",7.24176492985493e-05,0.0241306571970431,0.122676414180977
"root7",0,"b2",3.54711447532744e-05,0.0241306571970431,0.122676414180977
"root7",0,"b3",3.54711447532744e-05,0.0241306571970431,0.122676414180977
"root7",0,"b4",3.35841007858822e-05,0.0241306571970431,0.122676414180977
"root7",0,"b5",6.49632218859216e-05,0.0241306571970431,0.122676414180977
"root7",0,"b6",5.33990928632391e-05,0.0241306571970431,0.122676414180977
"root7",0,"b7",0.000100149883333297,0.0241306571970431,0.122676414180977
"root7",0,"b8",3.02030114554299e-05,0.0241306571970431,0.122676414180977
"root7",0,"b9",5.62895073261648e-05,5.62895073261648e-05,0.122676414180977
"root7",1,"b0",5.68573480442761e-05,0.0250801963966398,0.117481593187728
"root7",1,"b1",7.02502417711021e-05,0.0250801963966398,0.117481593187728
"root7",1,"b2",3.44827851440729e-05,0.0250801963966398,0.117481593187728
"root7",1,"b3",3.44827851440729e-05,0.0250801963966398,0.117481593187728
"root7",1,"b4",3.28713217879302e-05,0.0250801963966398,0.117481593187728
"root7",1,"b5",6.38666405039183e-05,0.0250801963966398,0.117481593187728
"root7",1,"b6",5.27466890242658e-05,0.0250801963966398,0.117481593187728
"root7",1,"b7",9.8762331348226e-05,0.0250801963966398,0.117481593187728
"root7",1,"b8",2.96541981795316e-05,0.0250801963966398,0.117481593187728
"root7",1,"b9",5.55116641824612e-05,5.55116641824612e-05,0.117481593187728
"root7",10,"b0",0.000270652262987473,0.0148521383688111,0.10427014067819
"root7",10,"b1",0.000108539894259293,0.0148521383688111,0.10427014067819
"root7",10,"b2",5.74979661236561e-05,0.0148521383688111,0.10427014067819
"root7",10,"b3",5.74979661236561e-05,0.0148521383688111,0.10427014067819
"root7",10,"b4",5.39283388919657e-05,0.0148521383688111,0.10427014067819
"root7",10,"b5",9.49834134284186e-05,0.0148521383688111,0.10427014067819
"root7",10,"b6",7.26761990665303e-05,0.0148521383688111,0.10427014067819
"root7",10,"b7",0.000133342704559661,0.0148521383688111,0.10427014067819
"root7",10,"b8",4.64276083573682e-05,0.0148521383688111,0.10427014067819
"root7",10,"b9",7.77354283367364e-05,7.77354283367364e-05,0.10427014067819
"root7",11,"b0",0.000127807257772208,0.0532407188324137,0.134679831378482
"root7",11,"b1",7.24284748011178e-05,0.0532407188324137,0.134679831378482
"root7",11,"b2",3.87905742846644e-05,0.0532407188324137,0.134679831378482
"root7",11,"b3",3.87905742846644e-05,0.0532407188324137,0.134679831378482
"root7",11,"b4",3.73707125864776e-05,0.0532407188324137,0.134679831378482
"root7",11,"b5",6.76263923898517e-05,0.0532407188324137,0.134679831378482
"root7",11,"b6",5.57054984352821e-05,0.0532407188324137,0.134679831378482
"root7",11,"b7",9.45874684236176e-05,0.0532407188324137,0.134679831378482
"root7",11,"b8",3.3420680752783e-05,0.0532407188324137,0.134679831378482
"root7",11,"b9",5.86616003588128e-05,5.86616003588128e-05,0.134679831378482
"root7",12,"b0",0.000172981502606762,0.179820872529228,0.115635312983066
"root7",12,"b1",9.88919702140082e-05,0.179820872529228,0.115635312983066
"root7",12,"b2",4.90992875406962e-05,0.179820872529228,0.115635312983066
"root7",12,"b3",4.90992875406962e-05,0.179820872529228,0.115635312983066
"root7",12,"b4",4.5902732282699e-05,0.179820872529228,0.115635312983066
"root7",12,"b5",8.6703037335381e-05,0.179820872529228,0.115635312983066
"root7",12,"b6",6.72380247319188e-05,0.179820872529228,0.115635312983066
"root7",12,"b7",0.00012921053398955,0.179820872529228,0.115635312983066
"root7",12,"b8",3.98102203226142e-05,0.179820872529228,0.115635312983066
"root7",12,"b9",7.22647861482642e-05,7.22647861482642e-05,0.115635312983066
"root7",13,"b0",0.000174331811430408,0.0634194130587754,0.137183154607023
"root7",13,"b1",8.07241574895995e-05,0.0634194130587754,0.137183154607023
"root7",13,"b2",4.41867258212894e-05,0.0634194130587754,0.137183154607023
"root7",13,"b3",4.41867258212894e-05,0.0634194130587754,0.137183154607023
"root7",13,"b4",4.20987804491272e-05,0.0634194130587754,0.137183154607023
"root7",13,"b5",7.40117835767756e-05,0.0634194130587754,0.137183154607023
"root7",13,"b6",5.98719646936829e-05,0.0634194130587754,0.137183154607023
"root7",13,"b7",0.000105968633554848,0.0634194130587754,0.137183154607023
"root7",13,"b8",3.71161030172602e-05,0.0634194130587754,0.137183154607023
"root7",13,"b9",6.33981807126557e-05,6.33981807126557e-05,0.137183154607023
"root7",14,"b0",0.000145847537736063,0.334059200273921,0.149183542920215
"root7",14,"b1",8.44529008769857e-05,0.334059200273921,0.149183542920215
"root7",14,"b2",4.54604970198598e-05,0.334059200273921,0.149183542920215
"root7",14,"b3",4.54604970198598e-05,0.334059200273921,0.149183542920215
"root7",14,"b4",4.29335424968544e-05,0.334059200273921,0.149183542920215
"root7",14,"b5",7.61214069194171e-05,0.334059200273921,0.149183542920215
"root7",14,"b6",6.12000462569535e-05,0.334059200273921,0.149183542920215
"root7",14,"b7",0.000102696892380935,0.334059200273921,0.149183542920215
"root7",14,"b8",3.77459802895281e-05,0.334059200273921,0.149183542920215
"root7",14,"b9",6.46657590816124e-05,6.46657590816124e-05,0.149183542920215
"root7",17,"b0",0.000257935623627583,0.282020558774558,0.113541493168184
"root7",17,"b1",0.000117063634530693,0.282020558774558,0.113541493168184
"root7",17,"b2",5.76026846086059e-05,0.282020558774558,0.113541493168184
"root7",17,"b3",5.76026846086059e-05,0.282020558774558,0.113541493168184
"root7",17,"b4",5.33033049590493e-05,0.282020558774558,0.113541493168184
"root7",17,"b5",0.000100404650549416,0.282020558774558,0.113541493168184
"root7",17,"b6",7.54654706920397e-05,0.282020558774558,0.113541493168184
"root7",17,"b7",0.000155156003236299,0.282020558774558,0.113541493168184
"root7",17,"b8",4.54001860528957e-05,0.282020558774558,0.113541493168184
"root7",17,"b9",8.13744648708542e-05,8.13744648708542e-05,0.113541493168184
"root7",18,"b0",0.000195917232457843,0.322157403137283,0.123869197439228
"root7",18,"b1",0.000102611859040798,0.322157403137283,0.123869197439228
"root7",18,"b2",5.35439695480554e-05,0.322157403137283,0.123869197439228
"root7",18,"b3",5.35439695480554e-05,0.322157403137283,0.123869197439228
"root7",18,"b4",4.98526457782504e-05,0.322157403137283,0.123869197439228
"root7",18,"b5",8.97410216828442e-05,0.322157403137283,0.123869197439228
"root7",18,"b6",6.93823930142312e-05,0.322157403137283,0.123869197439228
"root7",18,"b7",0.00012424338932994,0.322157403137283,0.123869197439228
"root7",18,"b8",4.29091675017719e-05,0.322157403137283,0.123869197439228
"root7",18,"b9",7.41369816687824e-05,7.41369816687824e-05,0.123869197439228
"root7",19,"b0",0.000193433146886606,0.373721941824559,0.134957803780174
"root7",19,"b1",0.000102670548871142,0.373721941824559,0.134957803780174
"root7",19,"b2",5.29359894828849e-05,0.373721941824559,0.134957803780174
"root7",19,"b3",5.29359894828849e-05,0.373721941824559,0.134957803780174
"root7",19,"b4",4.9933749388071e-05,0.373721941824559,0.134957803780174
"root7",19,"b5",9.18516621937662e-05,0.373721941824559,0.134957803780174
"root7",19,"b6",7.0986520199097e-05,0.373721941824559,0.134957803780174
"root7",19,"b7",0.000133188674576058,0.373721941824559,0.134957803780174
"root7",19,"b8",4.30916603642532e-05,0.373721941824559,0.134957803780174
"root7",19,"b9",7.60260581043297e-05,7.60260581043297e-05,0.134957803780174
"root7",20,"b0",0.000167663502519127,0.56618066075616,0.130099680723977
"root7",20,"b1",9.91221145556142e-05,0.56618066075616,0.130099680723977
"root7",20,"b2",5.08439024318487e-05,0.56618066075616,0.130099680723977
"root7",20,"b3",5.08439024318487e-05,0.56618066075616,0.130099680723977
"root7",20,"b4",4.80161660881816e-05,0.56618066075616,0.130099680723977
"root7",20,"b5",8.88111191652509e-05,0.56618066075616,0.130099680723977
"root7",20,"b6",6.91742315595125e-05,0.56618066075616,0.130099680723977
"root7",20,"b7",0.000126150574185647,0.56618066075616,0.130099680723977
"root7",20,"b8",4.16659383160709e-05,0.56618066075616,0.130099680723977
"root7",20,"b9",7.39716543892402e-05,7.39716543892402e-05,0.130099680723977
"root7",21,"b0",0.000135054837880212,0.2328269638414,0.147387340309526
"root7",21,"b1",7.38394203312944e-05,0.2328269638414,0.147387340309526
"root7",21,"b2",4.08884267380162e-05,0.2328269638414,0.147387340309526
"root7",21,"b3",4.08884267380162e-05,0.2328269638414,0.147387340309526
"root7",21,"b4",3.90925853426883e-05,0.2328269638414,0.147387340309526
"root7",21,"b5",6.81751023210636e-05,0.2328269638414,0.147387340309526
"root7",21,"b6",5.60950903477334e-05,0.2328269638414,0.147387340309526
"root7",21,"b7",9.10991207340375e-05,0.2328269638414,0.147387340309526
"root7",21,"b8",3.47988430945824e-05,0.2328269638414,0.147387340309526
"root7",21,"b9",5.89973818979577e-05,5.89973818979577e-05,0.147387340309526
"root7",22,"b0",0.000160575994294394,0.607661414072714,0.137034882530668
"root7",22,"b1",9.49552913561476e-05,0.607661414072714,0.137034882530668
"root7",22,"b2",4.97339999196997e-05,0.607661414072714,0.137034882530668
"root7",22,"b3",4.97339999196997e-05,0.607661414072714,0.137034882530668
"root7",22,"b4",4.71421242446583e-05,0.607661414072714,0.137034882530668
"root7",22,"b5",8.58496049084422e-05,0.607661414072714,0.137034882530668
"root7",22,"b6",6.75804869567694e-05,0.607661414072714,0.137034882530668
"root7",22,"b7",0.000119246947251489,0.607661414072714,0.137034882530668
"root7",22,"b8",4.10812151030103e-05,0.607661414072714,0.137034882530668
"root7",22,"b9",7.17673985406037e-05,7.17673985406037e-05,0.137034882530668
"root7",23,"b0",0.000146083760197259,0.289053239786234,0.170307775594923
"root7",23,"b1",7.35510418728493e-05,0.289053239786234,0.170307775594923
"root7",23,"b2",4.39442805144955e-05,0.289053239786234,0.170307775594923
"root7",23,"b3",4.39442805144955e-05,0.289053239786234,0.170307775594923
"root7",23,"b4",4.24758235670209e-05,0.289053239786234,0.170307775594923
"root7",23,"b5",6.94967551364168e-05,0.289053239786234,0.170307775594923
"root7",23,"b6",5.75595866595013e-05,0.289053239786234,0.170307775594923
"root7",23,"b7",8.87023068422437e-05,0.289053239786234,0.170307775594923
"root7",23,"b8",3.77181861322696e-05,0.289053239786234,0.170307775594923
"root7",23,"b9",6.04178870613969e-05,6.04178870613969e-05,0.170307775594923
"root7",24,"b0",0.000144413594084329,0.437202553274457,0.161050386274448
"root7",24,"b1",7.75837542938772e-05,0.437202553274457,0.161050386274448
"root7",24,"b2",4.39971932761671e-05,0.437202553274457,0.161050386274448
"root7",24,"b3",4.39971932761671e-05,0.437202553274457,0.161050386274448
"root7",24,"b4",4.2171606435586e-05,0.437202553274457,0.161050386274448
"root7",24,"b5",7.20763590194359e-05,0.437202553274457,0.161050386274448
"root7",24,"b6",5.89360638158462e-05,0.437202553274457,0.161050386274448
"root7",24,"b7",9.5723367567968e-05,0.437202553274457,0.161050386274448
"root7",24,"b8",3.73072927927543e-05,0.437202553274457,0.161050386274448
"root7",24,"b9",6.21902147633183e-05,6.21902147633183e-05,0.161050386274448
"root7",25,"b0",0.000181296818002043,0.971997911910493,0.15321127997257
"root7",25,"b1",9.58691591264421e-05,0.971997911910493,0.15321127997257
"root7",25,"b2",5.1641325498531e-05,0.971997911910493,0.15321127997257
"root7",25,"b3",5.1641325498531e-05,0.971997911910493,0.15321127997257
"root7",25,"b4",4.89974885204759e-05,0.971997911910493,0.15321127997257
"root7",25,"b5",8.7044851678705e-05,0.971997911910493,0.15321127997257
"root7",25,"b6",6.836764739464e-05,0.971997911910493,0.15321127997257
"root7",25,"b7",0.000120320917963183,0.971997911910493,0.15321127997257
"root7",25,"b8",4.25066451844321e-05,0.971997911910493,0.15321127997257
"root7",25,"b9",7.2584875667457e-05,7.2584875667457e-05,0.15321127997257
"root7",26,"b0",0.000163782249967154,0.885049738151554,0.14289226824791
"root7",26,"b1",0.000100677265815952,0.885049738151554,0.14289226824791
"root7",26,"b2",5.22283839625935e-05,0.885049738151554,0.14289226824791
"root7",26,"b3",5.22283839625935e-05,0.885049738151554,0.14289226824791
"root7",26,"b4",4.94177430918899e-05,0.885049738151554,0.14289226824791
"root7",26,"b5",9.06483754031247e-05,0.885049738151554,0.14289226824791
"root7",26,"b6",7.05811414628401e-05,0.885049738151554,0.14289226824791
"root7",26,"b7",0.000126172043194223,0.885049738151554,0.14289226824791
"root7",26,"b8",4.28164421935724e-05,0.885049738151554,0.14289226824791
"root7",26,"b9",7.52371013571638e-05,7.52371013571638e-05,0.14289226824791
"root7",28,"b0",0.000143001854419015,2.81149353982583,0.190919019213512
"root7",28,"b1",9.24682986863708e-05,2.81149353982583,0.190919019213512
"root7",28,"b2",5.24377422733102e-05,2.81149353982583,0.190919019213512
"root7",28,"b3",5.24377422733102e-05,2.81149353982583,0.190919019213512
"root7",28,"b4",4.9930689940637e-05,2.81149353982583,0.190919019213512
"root7",28,"b5",8.48814150142767e-05,2.81149353982583,0.190919019213512
"root7",28,"b6",6.75304625709596e-05,2.81149353982583,0.190919019213512
"root7",28,"b7",0.00010491016575535,2.81149353982583,0.190919019213512
"root7",28,"b8",4.34079019248062e-05,2.81149353982583,0.190919019213512
"root7",28,"b9",7.13518367403893e-05,7.13518367403893e-05,0.190919019213512
"root7",29,"b0",0.000178215451116518,7.67375269302806,0.335541476818414
"root7",29,"b1",4.89237057672403e-05,7.67375269302806,0.335541476818414
"root7",29,"b2",3.72160443896877e-05,7.67375269302806,0.335541476818414
"root7",29,"b3",3.72160443896877e-05,7.67375269302806,0.335541476818414
"root7",29,"b4",3.58623413065905e-05,7.67375269302806,0.335541476818414
"root7",29,"b5",4.65987842115561e-05,7.67375269302806,0.335541476818414
"root7",29,"b6",4.09471983118587e-05,7.67375269302806,0.335541476818414
"root7",29,"b7",5.10385963295088e-05,7.67375269302806,0.335541476818414
"root7",29,"b8",3.24291357668101e-05,7.67375269302806,0.335541476818414
"root7",29,"b9",4.22253393326863e-05,4.22253393326863e-05,0.335541476818414
"root7",30,"b0",0.000177258513721502,7.35865201624441,0.358098506324333
"root7",30,"b1",4.27366097092452e-05,7.35865201624441,0.358098506324333
"root7",30,"b2",3.36589955296162e-05,7.35865201624441,0.358098506324333
"root7",30,"b3",3.36589955296162e-05,7.35865201624441,0.358098506324333
"root7",30,"b4",3.27367668151486e-05,7.35865201624441,0.358098506324333
"root7",30,"b5",4.12538085848115e-05,7.35865201624441,0.358098506324333
"root7",30,"b6",3.68483969871684e-05,7.35865201624441,0.358098506324333
"root7",30,"b7",4.4640264054401e-05,7.35865201624441,0.358098506324333
"root7",30,"b8",2.99085752413177e-05,7.35865201624441,0.358098506324333
"root7",30,"b9",3.7850011327643e-05,3.7850011327643e-05,0.358098506324333
"root7",5,"b0",5.43861825546332e-05,0.0603499982291231,0.127583088083926
"root7",5,"b1",6.91066264519217e-05,0.0603499982291231,0.127583088083926
"root7",5,"b2",3.49915153368703e-05,0.0603499982291231,0.127583088083926
"root7",5,"b3",3.49915153368703e-05,0.0603499982291231,0.127583088083926
"root7",5,"b4",3.35618905438462e-05,0.0603499982291231,0.127583088083926
"root7",5,"b5",6.3739635488806e-05,0.0603499982291231,0.127583088083926
"root7",5,"b6",5.29621580159934e-05,0.0603499982291231,0.127583088083926
"root7",5,"b7",9.26535588802867e-05,0.0603499982291231,0.127583088083926
"root7",5,"b8",3.03152009153369e-05,0.0603499982291231,0.127583088083926
"root7",5,"b9",5.55475687193029e-05,5.55475687193029e-05,0.127583088083926
"root7",7,"b0",4.10387090391327e-05,0.0391833901012999,0.134088421893447
"root7",7,"b1",6.15216775936475e-05,0.0391833901012999,0.134088421893447
"root7",7,"b2",3.10531286290151e-05,0.0391833901012999,0.134088421893447
"root7",7,"b3",3.10531286290151e-05,0.0391833901012999,0.134088421893447
"root7",7,"b4",2.98405837820435e-05,0.0391833901012999,0.134088421893447
"root7",7,"b5",5.69376951045743e-05,0.0391833901012999,0.134088421893447
"root7",7,"b6",4.80642910213882e-05,0.0391833901012999,0.134088421893447
"root7",7,"b7",8.61457712131504e-05,0.0391833901012999,0.134088421893447
"root7",7,"b8",2.72081927525837e-05,0.0391833901012999,0.134088421893447
"root7",7,"b9",5.03506064494656e-05,5.03506064494656e-05,0.134088421893447
"root7",8,"b0",0.00012117774728263,0.0583517488409366,0.14562712232873
"root7",8,"b1",6.93583248753641e-05,0.0583517488409366,0.14562712232873
"root7",8,"b2",3.79354776934525e-05,0.0583517488409366,0.14562712232873
"root7",8,"b3",3.79354776934525e-05,0.0583517488409366,0.14562712232873
"root7",8,"b4",3.61560501566107e-05,0.0583517488409366,0.14562712232873
"root7",8,"b5",6.36327841542008e-05,0.0583517488409366,0.14562712232873
"root7",8,"b6",5.29176476652182e-05,0.0583517488409366,0.14562712232873
"root7",8,"b7",8.52943090492024e-05,0.0583517488409366,0.14562712232873
"root7",8,"b8",3.24255935294206e-05,0.0583517488409366,0.14562712232873
"root7",8,"b9",5.54820207933262e-05,5.54820207933262e-05,0.14562712232873
"root7",9,"b0",0.000100368214098871,0.0982153768328148,0.151029440001792
"root7",9,"b1",6.62168929714557e-05,0.0982153768328148,0.151029440001792
"root7",9,"b2",3.7361047601209e-05,0.0982153768328148,0.151029440001792
"root7",9,"b3",3.7361047601209e-05,0.0982153768328148,0.151029440001792
"root7",9,"b4",3.55923578221015e-05,0.0982153768328148,0.151029440001792
"root7",9,"b5",6.08535533881544e-05,0.0982153768328148,0.151029440001792
"root7",9,"b6",5.08750101472257e-05,0.0982153768328148,0.151029440001792
"root7",9,"b7",7.78338496466825e-05,0.0982153768328148,0.151029440001792
"root7",9,"b8",3.19310716212638e-05,0.0982153768328148,0.151029440001792
"root7",9,"b9",5.31748311872701e-05,5.31748311872701e-05,0.151029440001792
"root8",0,"b0",4.23240158585966e-05,0.0109413715526517,0.120314513112388
"root8",0,"b1",6.64946852060931e-05,0.0109413715526517,0.120314513112388
"root8",0,"b2",3.27075320544021e-05,0.0109413715526517,0.120314513112388
"root8",0,"b3",3.27075320544021e-05,0.0109413715526517,0.120314513112388
"root8",0,"b4",3.14006770378708e-05,0.0109413715526517,0.120314513112388
"root8",0,"b5",6.13038720935602e-05,0.0109413715526517,0.120314513112388
"root8",0,"b6",5.11661620147633e-05,0.0109413715526517,0.120314513112388
"root8",0,"b7",9.24729369791243e-05,0.0109413715526517,0.120314513112388
"root8",0,"b8",2.85087215338947e-05,0.0109413715526517,0.120314513112388
"root8",0,"b9",5.36347032615424e-05,5.36347032615424e-05,0.120314513112388
"root8",10,"b0",0.000103986647543364,0.0428808031493333,0.136916944607519
"root8",10,"b1",6.56046743838415e-05,0.0428808031493333,0.136916944607519
"root8",10,"b2",3.46766038821443e-05,0.0428808031493333,0.136916944607519
"root8",10,"b3",3.46766038821443e-05,0.0428808031493333,0.136916944607519
"root8",10,"b4",3.34831478165697e-05,0.0428808031493333,0.136916944607519
"root8",10,"b5",6.14565110503218e-05,0.0428808031493333,0.136916944607519
"root8",10,"b6",5.15385008064651e-05,0.0428808031493333,0.136916944607519
"root8",10,"b7",8.4511686954971e-05,0.0428808031493333,0.136916944607519
"root8",10,"b8",3.03071611376076e-05,0.0428808031493333,0.136916944607519
"root8",10,"b9",5.3900898309091e-05,5.3900898309091e-05,0.136916944607519
"root8",11,"b0",0.000132114222181798,0.182541020949158,0.1315977080932
"root8",11,"b1",8.05251831687486e-05,0.182541020949158,0.1315977080932
"root8",11,"b2",4.19374386772052e-05,0.182541020949158,0.1315977080932
"root8",11,"b3",4.19374386772052e-05,0.182541020949158,0.1315977080932
"root8",11,"b4",3.98005125322336e-05,0.182541020949158,0.1315977080932
"root8",11,"b5",7.29909676725375e-05,0.182541020949158,0.1315977080932
"root8",11,"b6",5.9097411614692e-05,0.182541020949158,0.1315977080932
"root8",11,"b7",0.000104564282998602,0.182541020949158,0.1315977080932
"root8",11,"b8",3.52815721702587e-05,0.182541020949158,0.1315977080932
"root8",11,"b9",6.26221878383344e-05,6.26221878383344e-05,0.1315977080932
"root8",12,"b0",0.000114474738372699,0.153511390821842,0.136690052764162
"root8",12,"b1",7.49507871821572e-05,0.153511390821842,0.136690052764162
"root8",12,"b2",3.81897330197117e-05,0.153511390821842,0.136690052764162
"root8",12,"b3",3.81897330197117e-05,0.153511390821842,0.136690052764162
"root8",12,"b4",3.68025579008182e-05,0.153511390821842,0.136690052764162
"root8",12,"b5",6.9783850851819e-05,0.153511390821842,0.136690052764162
"root8",12,"b6",5.72426859628332e-05,0.153511390821842,0.136690052764162
"root8",12,"b7",0.000102203133919902,0.153511390821842,0.136690052764162
"root8",12,"b8",3.29932458695522e-05,0.153511390821842,0.136690052764162
"root8",12,"b9",6.04341715651589e-05,6.04341715651589e-05,0.136690052764162
"root8",13,"b0",0.00013432575500594,0.310796134474421,0.140237350983813
"root8",13,"b1",8.00599859589784e-05,0.310796134474421,0.140237350983813
"root8",13,"b2",4.17890360096453e-05,0.310796134474421,0.140237350983813
"root8",13,"b3",4.17890360096453e-05,0.310796134474421,0.140237350983813
"root8",13,"b4",3.98311736891498e-05,0.310796134474421,0.140237350983813
"root8",13,"b5",7.31652561366601e-05,0.310796134474421,0.140237350983813
"root8",13,"b6",5.94598668653355e-05,0.310796134474421,0.140237350983813
"root8",13,"b7",0.000104277709472742,0.310796134474421,0.140237350983813
"root8",13,"b8",3.53920973574822e-05,0.310796134474421,0.140237350983813
"root8",13,"b9",6.28058430052476e-05,6.28058430052476e-05,0.140237350983813
"root8",14,"b0",0.000121271621731895,0.154408234421947,0.145638767460163
"root8",14,"b1",7.55925997538011e-05,0.154408234421947,0.145638767460163
"root8",14,"b2",4.10402970703299e-05,0.154408234421947,0.145638767460163
"root8",14,"b3",4.10402970703299e-05,0.154408234421947,0.145638767460163
"root8",14,"b4",3.93611341886506e-05,0.154408234421947,0.145638767460163
"root8",14,"b5",7.00818961986074e-05,0.154408234421947,0.145638767460163
"root8",14,"b6",5.75662728431786e-05,0.154408234421947,0.145638767460163
"root8",14,"b7",9.39813830741038e-05,0.154408234421947,0.145638767460163
"root8",14,"b8",3.50798526020705e-05,0.154408234421947,0.145638767460163
"root8",14,"b9",6.08516989770126e-05,6.08516989770126e-05,0.145638767460163
"root8",15,"b0",0.000141639432408483,0.422003616012616,0.136701364185947
"root8",15,"b1",8.41484273363418e-05,0.422003616012616,0.136701364185947
"root8",15,"b2",4.30495054081436e-05,0.422003616012616,0.136701364185947
"root8",15,"b3",4.30495054081436e-05,0.422003616012616,0.136701364185947
"root8",15,"b4",4.08850243188389e-05,0.422003616012616,0.136701364185947
"root8",15,"b5",7.62519838868122e-05,0.422003616012616,0.136701364185947
"root8",15,"b6",6.1310491837493e-05,0.422003616012616,0.136701364185947
"root8",15,"b7",0.000110941120775148,0.422003616012616,0.136701364185947
"root8",15,"b8",3.61619149187069e-05,0.422003616012616,0.136701364185947
"root8",15,"b9",6.49058993136752e-05,6.49058993136752e-05,0.136701364185947
"root8",17,"b0",0.00013135847308913,0.147948461872757,0.135146778862938
"root8",17,"b1",8.14156367223236e-05,0.147948461872757,0.135146778862938
"root8",17,"b2",4.34082763575435e-05,0.147948461872757,0.135146778862938
"root8",17,"b3",4.34082763575435e-05,0.147948461872757,0.135146778862938
"root8",17,"b4",4.12603912546942e-05,0.147948461872757,0.135146778862938
"root8",17,"b5",7.41684122121052e-05,0.147948461872757,0.135146778862938
"root8",17,"b6",5.98724301856961e-05,0.147948461872757,0.135146778862938
"root8",17,"b7",0.000100829053245556,0.147948461872757,0.135146778862938
"root8",17,"b8",3.64243488054296e-05,0.147948461872757,0.135146778862938
"root8",17,"b9",6.33475306924266e-05,6.33475306924266e-05,0.135146778862938
"root8",18,"b0",0.000150117638656936,0.346398727466737,0.115478847408625
"root8",18,"b1",0.000102333335180412,0.346398727466737,0.115478847408625
"root8",18,"b2",4.91376449095564e-05,0.346398727466737,0.115478847408625
"root8",18,"b3",4.91376449095564e-05,0.346398727466737,0.115478847408625
"root8",18,"b4",4.64058041380774e-05,0.346398727466737,0.115478847408625
"root8",18,"b5",9.10708161857204e-05,0.346398727466737,0.115478847408625
"root8",18,"b6",7.03386078151908e-05,0.346398727466737,0.115478847408625
"root8",18,"b7",0.000132377250579166,0.346398727466737,0.115478847408625
"root8",18,"b8",4.03749864285315e-05,0.346398727466737,0.115478847408625
"root8",18,"b9",7.53150156169755e-05,7.53150156169755e-05,0.115478847408625
"root8",20,"b0",0.000106626638344181,0.346234044600932,0.15659008387615
"root8",20,"b1",7.35943048288382e-05,0.346234044600932,0.15659008387615
"root8",20,"b2",3.93084401378082e-05,0.346234044600932,0.15659008387615
"root8",20,"b3",3.93084401378082e-05,0.346234044600932,0.15659008387615
"root8",20,"b4",3.77334431017113e-05,0.346234044600932,0.15659008387615
"root8",20,"b5",6.82579422610077e-05,0.346234044600932,0.15659008387615
"root8",20,"b6",5.63530625861103e-05,0.346234044600932,0.15659008387615
"root8",20,"b7",8.91850330670808e-05,0.346234044600932,0.15659008387615
"root8",20,"b8",3.37884970775438e-05,0.346234044600932,0.15659008387615
"root8",20,"b9",5.9064026876692e-05,5.9064026876692e-05,0.15659008387615
"root8",21,"b0",0.000103485967344444,0.165859799672314,0.168970622749963
"root8",21,"b1",5.26451947893918e-05,0.165859799672314,0.168970622749963
"root8",21,"b2",3.19924301587921e-05,0.165859799672314,0.168970622749963
"root8",21,"b3",3.19924301587921e-05,0.165859799672314,0.168970622749963
"root8",21,"b4",3.09562463981627e-05,0.165859799672314,0.168970622749963
"root8",21,"b5",4.9895243171053e-05,0.165859799672314,0.168970622749963
"root8",21,"b6",4.32628372048049e-05,0.165859799672314,0.168970622749963
"root8",21,"b7",6.45321559838167e-05,0.165859799672314,0.168970622749963
"root8",21,"b8",2.82688044565648e-05,0.165859799672314,0.168970622749963
"root8",21,"b9",4.49396412670793e-05,4.49396412670793e-05,0.168970622749963
"root8",22,"b0",0.000151202255937275,0.843434609630221,0.165814263566267
"root8",22,"b1",8.55230776402868e-05,0.843434609630221,0.165814263566267
"root8",22,"b2",4.80731205590683e-05,0.843434609630221,0.165814263566267
"root8",22,"b3",4.80731205590683e-05,0.843434609630221,0.165814263566267
"root8",22,"b4",4.62110800144752e-05,0.843434609630221,0.165814263566267
"root8",22,"b5",7.97610655496759e-05,0.843434609630221,0.165814263566267
"root8",22,"b6",6.42173917585587e-05,0.843434609630221,0.165814263566267
"root8",22,"b7",0.000105144814168017,0.843434609630221,0.165814263566267
"root8",22,"b8",4.05515701920645e-05,0.843434609630221,0.165814263566267
"root8",22,"b9",6.79096625098884e-05,6.79096625098884e-05,0.165814263566267
"root8",23,"b0",0.000117796382892118,0.104141455889754,0.165709792321869
"root8",23,"b1",6.07011500559606e-05,0.104141455889754,0.165709792321869
"root8",23,"b2",3.74222838738682e-05,0.104141455889754,0.165709792321869
"root8",23,"b3",3.74222838738682e-05,0.104141455889754,0.165709792321869
"root8",23,"b4",3.60114098904876e-05,0.104141455889754,0.165709792321869
"root8",23,"b5",5.7071437576944e-05,0.104141455889754,0.165709792321869
"root8",23,"b6",4.85283804404908e-05,0.104141455889754,0.165709792321869
"root8",23,"b7",7.00523251111561e-05,0.104141455889754,0.165709792321869
"root8",23,"b8",3.2412963857188e-05,0.104141455889754,0.165709792321869
"root8",23,"b9",5.06404234619368e-05,5.06404234619368e-05,0.165709792321869
"root8",26,"b0",0.000181747502704148,1.57313843664977,0.20453884682054
"root8",26,"b1",7.52500072029892e-05,1.57313843664977,0.20453884682054
"root8",26,"b2",4.80667546138228e-05,1.57313843664977,0.20453884682054
"root8",26,"b3",4.80667546138228e-05,1.57313843664977,0.20453884682054
"root8",26,"b4",4.57272869745671e-05,1.57313843664977,0.20453884682054
"root8",26,"b5",6.96305711348831e-05,1.57313843664977,0.20453884682054
"root8",26,"b6",5.73259323649123e-05,1.57313843664977,0.20453884682054
"root8",26,"b7",8.38380712226832e-05,1.57313843664977,0.20453884682054
"root8",26,"b8",4.00996903070448e-05,1.57313843664977,0.20453884682054
"root8",26,"b9",6.0120621835436e-05,6.0120621835436e-05,0.20453884682054
"root8",29,"b0",0.00018771472934504,2.11888306650512,0.196715362668514
"root8",29,"b1",7.47631585045635e-05,2.11888306650512,0.196715362668514
"root8",29,"b2",5.07973056540908e-05,2.11888306650512,0.196715362668514
"root8",29,"b3",5.07973056540908e-05,2.11888306650512,0.196715362668514
"root8",29,"b4",4.79872859470463e-05,2.11888306650512,0.196715362668514
"root8",29,"b5",6.88854684657164e-05,2.11888306650512,0.196715362668514
"root8",29,"b6",5.79098757481967e-05,2.11888306650512,0.196715362668514
"root8",29,"b7",8.05573454885687e-05,2.11888306650512,0.196715362668514
"root8",29,"b8",4.23549591182942e-05,2.11888306650512,0.196715362668514
"root8",29,"b9",6.05404094354635e-05,6.05404094354635e-05,0.196715362668514
"root8",30,"b0",0.000188093900358169,4.34606729709456,0.315472315097534
"root8",30,"b1",4.40575491938625e-05,4.34606729709456,0.315472315097534
"root8",30,"b2",3.6285423466577e-05,4.34606729709456,0.315472315097534
"root8",30,"b3",3.6285423466577e-05,4.34606729709456,0.315472315097534
"root8",30,"b4",3.49808854087989e-05,4.34606729709456,0.315472315097534
"root8",30,"b5",4.21630179652702e-05,4.34606729709456,0.315472315097534
"root8",30,"b6",3.7627907449862e-05,4.34606729709456,0.315472315097534
"root8",30,"b7",4.52668026890707e-05,4.34606729709456,0.315472315097534
"root8",30,"b8",3.18017828554082e-05,4.34606729709456,0.315472315097534
"root8",30,"b9",3.87172083127985e-05,3.87172083127985e-05,0.315472315097534
"root8",4,"b0",6.95436758216276e-05,0.0474563758409074,0.103051787281279
"root8",4,"b1",9.44204629382639e-05,0.0474563758409074,0.103051787281279
"root8",4,"b2",4.46066968784641e-05,0.0474563758409074,0.103051787281279
"root8",4,"b3",4.46066968784641e-05,0.0474563758409074,0.103051787281279
"root8",4,"b4",4.18217181964209e-05,0.0474563758409074,0.103051787281279
"root8",4,"b5",8.27372059420153e-05,0.0474563758409074,0.103051787281279
"root8",4,"b6",6.46307972028833e-05,0.0474563758409074,0.103051787281279
"root8",4,"b7",0.000135282828441518,0.0474563758409074,0.103051787281279
"root8",4,"b8",3.66387118945364e-05,0.0474563758409074,0.103051787281279
"root8",4,"b9",6.92363738677617e-05,6.92363738677617e-05,0.103051787281279
"root8",7,"b0",6.69575986426012e-05,0.0696051623298008,0.10667535549726
"root8",7,"b1",8.37606761220925e-05,0.0696051623298008,0.10667535549726
"root8",7,"b2",4.0124680704605e-05,0.0696051623298008,0.10667535549726
"root8",7,"b3",4.0124680704605e-05,0.0696051623298008,0.10667535549726
"root8",7,"b4",3.75926476574271e-05,0.0696051623298008,0.10667535549726
"root8",7,"b5",7.34331519909254e-05,0.0696051623298008,0.10667535549726
"root8",7,"b6",5.87577992739951e-05,0.0696051623298008,0.10667535549726
"root8",7,"b7",0.000113591035570971,0.0696051623298008,0.10667535549726
"root8",7,"b8",3.33314017478981e-05,0.0696051623298008,0.10667535549726
"root8",7,"b9",6.25833424569857e-05,6.25833424569857e-05,0.10667535549726
"root8",8,"b0",0.000144209027522854,0.015293046608842,0.122846166919125
"root8",8,"b1",7.47779826753483e-05,0.015293046608842,0.122846166919125
"root8",8,"b2",4.02450356031634e-05,0.015293046608842,0.122846166919125
"root8",8,"b3",4.02450356031634e-05,0.015293046608842,0.122846166919125
"root8",8,"b4",3.82944709044576e-05,0.015293046608842,0.122846166919125
"root8",8,"b5",6.8306663260172e-05,0.015293046608842,0.122846166919125
"root8",8,"b6",5.59079897941312e-05,0.015293046608842,0.122846166919125
"root8",8,"b7",9.35605282694717e-05,0.015293046608842,0.122846166919125
"root8",8,"b8",3.40622623901879e-05,0.015293046608842,0.122846166919125
"root8",8,"b9",5.89947978328838e-05,5.89947978328838e-05,0.122846166919125
"root8",9,"b0",0.000142277670349958,0.0663164462572123,0.129325223070569
"root8",9,"b1",7.90470087249201e-05,0.0663164462572123,0.129325223070569
"root8",9,"b2",4.12423710435613e-05,0.0663164462572123,0.129325223070569
"root8",9,"b3",4.12423710435613e-05,0.0663164462572123,0.129325223070569
"root8",9,"b4",3.89573669948419e-05,0.0663164462572123,0.129325223070569
"root8",9,"b5",7.10532598809808e-05,0.0663164462572123,0.129325223070569
"root8",9,"b6",5.76687461098713e-05,0.0663164462572123,0.129325223070569
"root8",9,"b7",0.000100507544588302,0.0663164462572123,0.129325223070569
"root8",9,"b8",3.45612785470816e-05,0.0663164462572123,0.129325223070569
"root8",9,"b9",6.07772945958704e-05,6.07772945958704e-05,0.129325223070569
"root9",10,"b0",0.000129942556573031,0.0348298324534181,0.148771939192563
"root9",10,"b1",6.51344345911225e-05,0.0348298324534181,0.148771939192563
"root9",10,"b2",3.88392533891826e-05,0.0348298324534181,0.148771939192563
"root9",10,"b3",3.88392533891826e-05,0.0348298324534181,0.148771939192563
"root9",10,"b4",3.71561547541568e-05,0.0348298324534181,0.148771939192563
"root9",10,"b5",6.05321179118995e-05,0.0348298324534181,0.148771939192563
"root9",10,"b6",5.08176349431397e-05,0.0348298324534181,0.148771939192563
"root9",10,"b7",7.63904081733402e-05,0.0348298324534181,0.148771939192563
"root9",10,"b8",3.32557694416205e-05,0.0348298324534181,0.148771939192563
"root9",10,"b9",5.33356544742035e-05,5.33356544742035e-05,0.148771939192563
"root9",11,"b0",0.000123919904714025,0.0733688696722956,0.161196790986016
"root9",11,"b1",6.21373489235178e-05,0.0733688696722956,0.161196790986016
"root9",11,"b2",3.65181476615827e-05,0.0733688696722956,0.161196790986016
"root9",11,"b3",3.65181476615827e-05,0.0733688696722956,0.161196790986016
"root9",11,"b4",3.51617186242977e-05,0.0733688696722956,0.161196790986016
"root9",11,"b5",5.83073515654882e-05,0.0733688696722956,0.161196790986016
"root9",11,"b6",4.9387074124864e-05,0.0733688696722956,0.161196790986016
"root9",11,"b7",7.65415154861242e-05,0.0733688696722956,0.161196790986016
"root9",11,"b8",3.1709657899806e-05,0.0733688696722956,0.161196790986016
"root9",11,"b9",5.14961956147545e-05,5.14961956147545e-05,0.161196790986016
"root9",12,"b0",0.00013165426990185,0.202787408221949,0.133723447489129
"root9",12,"b1",8.06916494565953e-05,0.202787408221949,0.133723447489129
"root9",12,"b2",4.06967566677294e-05,0.202787408221949,0.133723447489129
"root9",12,"b3",4.06967566677294e-05,0.202787408221949,0.133723447489129
"root9",12,"b4",3.89549692042462e-05,0.202787408221949,0.133723447489129
"root9",12,"b5",7.41114549746319e-05,0.202787408221949,0.133723447489129
"root9",12,"b6",6.00191339589068e-05,0.202787408221949,0.133723447489129
"root9",12,"b7",0.000111370681248974,0.202787408221949,0.133723447489129
"root9",12,"b8",3.46783747354594e-05,0.202787408221949,0.133723447489129
"root9",12,"b9",6.33360514416644e-05,6.33360514416644e-05,0.133723447489129
"root9",13,"b0",0.000163825270930216,0.218915819862236,0.120419330565967
"root9",13,"b1",9.78521923430737e-05,0.218915819862236,0.120419330565967
"root9",13,"b2",4.92999242366936e-05,0.218915819862236,0.120419330565967
"root9",13,"b3",4.92999242366936e-05,0.218915819862236,0.120419330565967
"root9",13,"b4",4.65817190467045e-05,0.218915819862236,0.120419330565967
"root9",13,"b5",8.76039067390326e-05,0.218915819862236,0.120419330565967
"root9",13,"b6",6.83025592851259e-05,0.218915819862236,0.120419330565967
"root9",13,"b7",0.000126604131014794,0.218915819862236,0.120419330565967
"root9",13,"b8",4.0535073788997e-05,0.218915819862236,0.120419330565967
"root9",13,"b9",7.33443086390349e-05,7.33443086390349e-05,0.120419330565967
"root9",14,"b0",0.000157480495584574,0.179108550221055,0.137620968039776
"root9",14,"b1",8.32890057018358e-05,0.179108550221055,0.137620968039776
"root9",14,"b2",4.5559331942595e-05,0.179108550221055,0.137620968039776
"root9",14,"b3",4.5559331942595e-05,0.179108550221055,0.137620968039776
"root9",14,"b4",4.32054916903507e-05,0.179108550221055,0.137620968039776
"root9",14,"b5",7.57334470303093e-05,0.179108550221055,0.137620968039776
"root9",14,"b6",6.08852627373407e-05,0.179108550221055,0.137620968039776
"root9",14,"b7",0.000102854686698354,0.179108550221055,0.137620968039776
"root9",14,"b8",3.79331553658565e-05,0.179108550221055,0.137620968039776
"root9",14,"b9",6.46780557471239e-05,6.46780557471239e-05,0.137620968039776
"root9",15,"b0",0.000102110199821759,0.379024565505905,0.178434372924018
"root9",15,"b1",6.75819733582268e-05,0.379024565505905,0.178434372924018
"root9",15,"b2",3.90451294093847e-05,0.379024565505905,0.178434372924018
"root9",15,"b3",3.90451294093847e-05,0.379024565505905,0.178434372924018
"root9",15,"b4",3.77345588884115e-05,0.379024565505905,0.178434372924018
"root9",15,"b5",6.37434461563014e-05,0.379024565505905,0.178434372924018
"root9",15,"b6",5.35156917788893e-05,0.379024565505905,0.178434372924018
"root9",15,"b7",7.98921944123076e-05,0.379024565505905,0.178434372924018
"root9",15,"b8",3.39016122656293e-05,0.379024565505905,0.178434372924018
"root9",15,"b9",5.59493601735509e-05,5.59493601735509e-05,0.178434372924018
"root9",16,"b0",0.000173807294687978,0.353653086978639,0.132924564225446
"root9",16,"b1",0.000107047685010464,0.353653086978639,0.132924564225446
"root9",16,"b2",5.45639159051466e-05,0.353653086978639,0.132924564225446
"root9",16,"b3",5.45639159051466e-05,0.353653086978639,0.132924564225446
"root9",16,"b4",5.11871782129525e-05,0.353653086978639,0.132924564225446
"root9",16,"b5",9.46789067095078e-05,0.353653086978639,0.132924564225446
"root9",16,"b6",7.25960620311346e-05,0.353653086978639,0.132924564225446
"root9",16,"b7",0.000133607588249843,0.353653086978639,0.132924564225446
"root9",16,"b8",4.39947245208346e-05,0.353653086978639,0.132924564225446
"root9",16,"b9",7.7841968287073e-05,7.7841968287073e-05,0.132924564225446
"root9",17,"b0",0.000157001029843875,0.22397149506911,0.141469579624742
"root9",17,"b1",8.36750052143479e-05,0.22397149506911,0.141469579624742
"root9",17,"b2",4.6860712095876e-05,0.22397149506911,0.141469579624742
"root9",17,"b3",4.6860712095876e-05,0.22397149506911,0.141469579624742
"root9",17,"b4",4.46401874465505e-05,0.22397149506911,0.141469579624742
"root9",17,"b5",7.67899284853133e-05,0.22397149506911,0.141469579624742
"root9",17,"b6",6.19299065046958e-05,0.22397149506911,0.141469579624742
"root9",17,"b7",0.000100373503767942,0.22397149506911,0.141469579624742
"root9",17,"b8",3.92042886895683e-05,0.22397149506911,0.141469579624742
"root9",17,"b9",6.56304689542809e-05,6.56304689542809e-05,0.141469579624742
"root9",18,"b0",0.000134284914754223,1.25713974255198,0.164323676095954
"root9",18,"b1",8.89949838992251e-05,1.25713974255198,0.164323676095954
"root9",18,"b2",4.71003877943714e-05,1.25713974255198,0.164323676095954
"root9",18,"b3",4.71003877943714e-05,1.25713974255198,0.164323676095954
"root9",18,"b4",4.44894958024188e-05,1.25713974255198,0.164323676095954
"root9",18,"b5",8.01006483840699e-05,1.25713974255198,0.164323676095954
"root9",18,"b6",6.40724623063348e-05,1.25713974255198,0.164323676095954
"root9",18,"b7",0.00010894432198994,1.25713974255198,0.164323676095954
"root9",18,"b8",3.9066299796313e-05,1.25713974255198,0.164323676095954
"root9",18,"b9",6.75766326925648e-05,6.75766326925648e-05,0.164323676095954
"root9",19,"b0",0.000137832996423697,0.249488640234605,0.157166233741146
"root9",19,"b1",7.70779462937835e-05,0.249488640234605,0.157166233741146
"root9",19,"b2",4.39365954286371e-05,0.249488640234605,0.157166233741146
"root9",19,"b3",4.39365954286371e-05,0.249488640234605,0.157166233741146
"root9",19,"b4",4.2470580415242e-05,0.249488640234605,0.157166233741146
"root9",19,"b5",7.26501106993384e-05,0.249488640234605,0.157166233741146
"root9",19,"b6",5.95349439773443e-05,0.249488640234605,0.157166233741146
"root9",19,"b7",9.45295277537252e-05,0.249488640234605,0.157166233741146
"root9",19,"b8",3.76426560110695e-05,0.249488640234605,0.157166233741146
"root9",19,"b9",6.2602824846235e-05,6.2602824846235e-05,0.157166233741146
"root9",2,"b0",5.7266575315821e-05,0.0260021147515118,0.10604739396543
"root9",2,"b1",8.62972163646245e-05,0.0260021147515118,0.10604739396543
"root9",2,"b2",4.15049476283009e-05,0.0260021147515118,0.10604739396543
"root9",2,"b3",4.15049476283009e-05,0.0260021147515118,0.10604739396543
"root9",2,"b4",3.90857646748255e-05,0.0260021147515118,0.10604739396543
"root9",2,"b5",7.64460710663817e-05,0.0260021147515118,0.10604739396543
"root9",2,"b6",6.08409659719156e-05,0.0260021147515118,0.10604739396543
"root9",2,"b7",0.000120405320545618,0.0260021147515118,0.10604739396543
"root9",2,"b8",3.45574824741514e-05,0.0260021147515118,0.10604739396543
"root9",2,"b9",6.46750765973362e-05,6.46750765973362e-05,0.10604739396543
"root9",20,"b0",0.000138508445757155,0.220663100515126,0.156907682137506
"root9",20,"b1",7.88302102246272e-05,0.220663100515126,0.156907682137506
"root9",20,"b2",4.49536888266127e-05,0.220663100515126,0.156907682137506
"root9",20,"b3",4.49536888266127e-05,0.220663100515126,0.156907682137506
"root9",20,"b4",4.28906786720565e-05,0.220663100515126,0.156907682137506
"root9",20,"b5",7.26686883702725e-05,0.220663100515126,0.156907682137506
"root9",20,"b6",5.93414178324265e-05,0.220663100515126,0.156907682137506
"root9",20,"b7",9.23642819687832e-05,0.220663100515126,0.156907682137506
"root9",20,"b8",3.78845847998585e-05,0.220663100515126,0.156907682137506
"root9",20,"b9",6.21684739165486e-05,6.21684739165486e-05,0.156907682137506
"root9",22,"b0",0.000103983186127777,0.433198571113008,0.166343580049219
"root9",22,"b1",6.90950629687646e-05,0.433198571113008,0.166343580049219
"root9",22,"b2",3.84719653254736e-05,0.433198571113008,0.166343580049219
"root9",22,"b3",3.84719653254736e-05,0.433198571113008,0.166343580049219
"root9",22,"b4",3.713535967304e-05,0.433198571113008,0.166343580049219
"root9",22,"b5",6.48895958892912e-05,0.433198571113008,0.166343580049219
"root9",22,"b6",5.42473741176165e-05,0.433198571113008,0.166343580049219
"root9",22,"b7",8.44007162474358e-05,0.433198571113008,0.166343580049219
"root9",22,"b8",3.33932867557211e-05,0.433198571113008,0.166343580049219
"root9",22,"b9",5.68565086935698e-05,5.68565086935698e-05,0.166343580049219
"root9",24,"b0",0.000124310355885854,0.599091359637502,0.178627916249166
"root9",24,"b1",7.13439661092826e-05,0.599091359637502,0.178627916249166
"root9",24,"b2",4.17955927820375e-05,0.599091359637502,0.178627916249166
"root9",24,"b3",4.17955927820375e-05,0.599091359637502,0.178627916249166
"root9",24,"b4",4.01445741820406e-05,0.599091359637502,0.178627916249166
"root9",24,"b5",6.66522486290775e-05,0.599091359637502,0.178627916249166
"root9",24,"b6",5.53311514214858e-05,0.599091359637502,0.178627916249166
"root9",24,"b7",8.48125774774538e-05,0.599091359637502,0.178627916249166
"root9",24,"b8",3.57485531796735e-05,0.599091359637502,0.178627916249166
"root9",24,"b9",5.79665919477893e-05,5.79665919477893e-05,0.178627916249166
"root9",25,"b0",0.000191952248897914,0.538462442377963,0.140817460604387
"root9",25,"b1",0.000101920542518188,0.538462442377963,0.140817460604387
"root9",25,"b2",5.43447807941171e-05,0.538462442377963,0.140817460604387
"root9",25,"b3",5.43447807941171e-05,0.538462442377963,0.140817460604387
"root9",25,"b4",5.10294671492732e-05,0.538462442377963,0.140817460604387
"root9",25,"b5",9.07588310967092e-05,0.538462442377963,0.140817460604387
"root9",25,"b6",7.03319909101339e-05,0.538462442377963,0.140817460604387
"root9",25,"b7",0.000124738828098431,0.538462442377963,0.140817460604387
"root9",25,"b8",4.39013868637475e-05,0.538462442377963,0.140817460604387
"root9",25,"b9",7.51362441491201e-05,7.51362441491201e-05,0.140817460604387
"root9",26,"b0",0.000155710884509635,3.96967229113481,0.210964685434052
"root9",26,"b1",8.97398153389827e-05,3.96967229113481,0.210964685434052
"root9",26,"b2",5.15708818000748e-05,3.96967229113481,0.210964685434052
"root9",26,"b3",5.15708818000748e-05,3.96967229113481,0.210964685434052
"root9",26,"b4",4.90037478159128e-05,3.96967229113481,0.210964685434052
"root9",26,"b5",8.22286062092207e-05,3.96967229113481,0.210964685434052
"root9",26,"b6",6.5679477781993e-05,3.96967229113481,0.210964685434052
"root9",26,"b7",0.000105122392228447,3.96967229113481,0.210964685434052
"root9",26,"b8",4.26130351956193e-05,3.96967229113481,0.210964685434052
"root9",26,"b9",6.94203001061681e-05,6.94203001061681e-05,0.210964685434052
"root9",29,"b0",0.000182298269693655,3.41896408759413,0.260455972129498
"root9",29,"b1",5.50616545675165e-05,3.41896408759413,0.260455972129498
"root9",29,"b2",4.26292091038504e-05,3.41896408759413,0.260455972129498
"root9",29,"b3",4.26292091038504e-05,3.41896408759413,0.260455972129498
"root9",29,"b4",4.1249787954745e-05,3.41896408759413,0.260455972129498
"root9",29,"b5",5.28140235552861e-05,3.41896408759413,0.260455972129498
"root9",29,"b6",4.71591268939678e-05,3.41896408759413,0.260455972129498
"root9",29,"b7",5.9151029562175e-05,3.41896408759413,0.260455972129498
"root9",29,"b8",3.76850219835964e-05,3.41896408759413,0.260455972129498
"root9",29,"b9",4.84623270523832e-05,4.84623270523832e-05,0.260455972129498
"root9",30,"b0",0.000200662129938321,3.63708883205892,0.234245934180615
"root9",30,"b1",7.31372794395244e-05,3.63708883205892,0.234245934180615
"root9",30,"b2",4.86354024108344e-05,3.63708883205892,0.234245934180615
"root9",30,"b3",4.86354024108344e-05,3.63708883205892,0.234245934180615
"root9",30,"b4",4.62204452156537e-05,3.63708883205892,0.234245934180615
"root9",30,"b5",6.77808222568688e-05,3.63708883205892,0.234245934180615
"root9",30,"b6",5.67608274864542e-05,3.63708883205892,0.234245934180615
"root9",30,"b7",7.96353485737999e-05,3.63708883205892,0.234245934180615
"root9",30,"b8",4.08201920781967e-05,3.63708883205892,0.234245934180615
"root9",30,"b9",5.92793966576034e-05,5.92793966576034e-05,0.234245934180615
"root9",4,"b0",6.88242215980154e-05,0.109988754196399,0.107862056538696
"root9",4,"b1",9.12894476615687e-05,0.109988754196399,0.107862056538696
"root9",4,"b2",4.42627892340914e-05,0.109988754196399,0.107862056538696
"root9",4,"b3",4.42627892340914e-05,0.109988754196399,0.107862056538696
"root9",4,"b4",4.14030019144524e-05,0.109988754196399,0.107862056538696
"root9",4,"b5",7.98906153546143e-05,0.109988754196399,0.107862056538696
"root9",4,"b6",6.29309688012193e-05,0.109988754196399,0.107862056538696
"root9",4,"b7",0.000124200554864132,0.109988754196399,0.107862056538696
"root9",4,"b8",3.63332684738273e-05,0.109988754196399,0.107862056538696
"root9",4,"b9",6.72077910526179e-05,6.72077910526179e-05,0.107862056538696
"root9",8,"b0",0.000120975862469334,0.0811039607146902,0.145475729004786
"root9",8,"b1",7.41341386287748e-05,0.0811039607146902,0.145475729004786
"root9",8,"b2",3.99143193061732e-05,0.0811039607146902,0.145475729004786
"root9",8,"b3",3.99143193061732e-05,0.0811039607146902,0.145475729004786
"root9",8,"b4",3.79686267587883e-05,0.0811039607146902,0.145475729004786
"root9",8,"b5",6.76880502810766e-05,0.0811039607146902,0.145475729004786
"root9",8,"b6",5.56602035353652e-05,0.0811039607146902,0.145475729004786
"root9",8,"b7",9.04289910551308e-05,0.0811039607146902,0.145475729004786
"root9",8,"b8",3.38653349398069e-05,0.0811039607146902,0.145475729004786
"root9",8,"b9",5.84756107885855e-05,5.84756107885855e-05,0.145475729004786
"root9",9,"b0",0.000184403553129642,0.0842150284342622,0.132810004566151
"root9",9,"b1",8.27478373004744e-05,0.0842150284342622,0.132810004566151
"root9",9,"b2",4.65608484487913e-05,0.0842150284342622,0.132810004566151
"root9",9,"b3",4.65608484487913e-05,0.0842150284342622,0.132810004566151
"root9",9,"b4",4.36340409883115e-05,0.0842150284342622,0.132810004566151
"root9",9,"b5",7.39053747396881e-05,0.0842150284342622,0.132810004566151
"root9",9,"b6",5.9419766049095e-05,0.0842150284342622,0.132810004566151
"root9",9,"b7",9.87360651544298e-05,0.0842150284342622,0.132810004566151
"root9",9,"b8",3.81547414132581e-05,0.0842150284342622,0.132810004566151
"root9",9,"b9",6.30137087474113e-05,6.30137087474113e-05,0.132810004566151
