"root","x","Barrier","Kr","Kx","perimeter","Kr2","radius","conductance"
"root1",0,"M1",6.92699649046348e-05,0.00798064070274776,0.115645206459867,8.01735704914755e-08,0.184055062529706,9.27168911211138e-09
"root1",0,"M2",3.49551448809312e-05,0.00798064070274776,0.115645206459867,4.04573436121889e-08,0.184055062529706,4.67869785484937e-09
"root1",0,"M3",3.36951356339491e-05,0.00798064070274776,0.115645206459867,3.899899957633e-08,0.184055062529706,4.51004735773295e-09
"root1",11,"M1",9.71957729577167e-05,0.197457888845825,0.123792152695948,1.1249510758995e-07,0.197021330175468,1.39260115363222e-08
"root1",11,"M2",4.9667413929706e-05,0.197457888845825,0.123792152695948,5.74854327890116e-08,0.197021330175468,7.11624547360998e-09
"root1",11,"M3",4.67815673954037e-05,0.197457888845825,0.123792152695948,5.41453326335691e-08,0.197021330175468,6.70276728514768e-09
"root1",12,"M1",7.81269024479839e-05,0.0787758891639336,0.128711119757379,9.04246556110925e-08,0.204850109402798,1.16386586773791e-08
"root1",12,"M2",3.98718765853526e-05,0.0787758891639336,0.128711119757379,4.61480053071211e-08,0.204850109402798,5.93976143764902e-09
"root1",12,"M3",3.81301112236459e-05,0.0787758891639336,0.128711119757379,4.41320731755161e-08,0.204850109402798,5.68028855563526e-09
"root1",13,"M1",7.77412955551866e-05,0.138743214295343,0.131520123493333,8.99783513370215e-08,0.209320777700205,1.18339638795716e-08
"root1",13,"M2",4.07099743067173e-05,0.138743214295343,0.131520123493333,4.71180258179598e-08,0.209320777700205,6.19696857434013e-09
"root1",13,"M3",3.87434317385995e-05,0.138743214295343,0.131520123493333,4.48419348826383e-08,0.209320777700205,5.89761681344459e-09
"root1",14,"M1",8.23724247770776e-05,0.253875641148877,0.136696794236609,9.53384546030991e-08,0.21755970507572,1.30324611117161e-08
"root1",14,"M2",4.41137979002354e-05,0.253875641148877,0.136696794236609,5.10576364586058e-08,0.21755970507572,6.97941522518962e-09
"root1",14,"M3",4.21920217105763e-05,0.253875641148877,0.136696794236609,4.88333584613152e-08,0.21755970507572,6.67536355346897e-09
"root1",16,"M1",8.32867541807338e-05,0.185926299955453,0.134604173644569,9.63967062277011e-08,0.21422919596333,1.2975398983838e-08
"root1",16,"M2",4.43702489469617e-05,0.185926299955453,0.134604173644569,5.13544547997242e-08,0.21422919596333,6.91252395128425e-09
"root1",16,"M3",4.24062483742169e-05,0.185926299955453,0.134604173644569,4.9081305988677e-08,0.21422919596333,6.6065486340021e-09
"root1",17,"M1",0.000112254871063763,0.603682706980897,0.11757841903532,1.29924619286763e-07,0.187131865904014,1.52763313295034e-08
"root1",17,"M2",5.25301858487705e-05,0.603682706980897,0.11757841903532,6.07988262138547e-08,0.187131865904014,7.14862986542821e-09
"root1",17,"M3",4.95120490082392e-05,0.603682706980897,0.11757841903532,5.73056122780546e-08,0.187131865904014,6.73790329350469e-09
"root1",18,"M1",0.000104416599115906,0.572452068183201,0.12949426475399,1.20852545273039e-07,0.206096523376481,1.56497114937805e-08
"root1",18,"M2",5.2511536355277e-05,0.572452068183201,0.12949426475399,6.0777241151941e-08,0.206096523376481,7.87030415674654e-09
"root1",18,"M3",4.92302386614128e-05,0.572452068183201,0.12949426475399,5.69794428951537e-08,0.206096523376481,7.37851106379989e-09
"root1",19,"M1",9.83685805991064e-05,0.45399866472583,0.141091677159279,1.13852523841558e-07,0.224554378490251,1.60636435376223e-08
"root1",19,"M2",5.06497921067564e-05,0.45399866472583,0.141091677159279,5.86224445680051e-08,0.224554378490251,8.2711390232767e-09
"root1",19,"M3",4.80388918915699e-05,0.45399866472583,0.141091677159279,5.56005693189466e-08,0.224554378490251,7.84477757622093e-09
"root1",2,"M1",7.41801902828513e-05,0.016265106103225,0.112261118857557,8.58567017162631e-08,0.17866911983207,9.63836939608723e-09
"root1",2,"M2",3.62470553010512e-05,0.016265106103225,0.112261118857557,4.19526103021426e-08,0.17866911983207,4.7096469715136e-09
"root1",2,"M3",3.46434992160195e-05,0.016265106103225,0.112261118857557,4.00966426111337e-08,0.17866911983207,4.50129396195746e-09
"root1",22,"M1",6.60277028920661e-05,0.185862778308171,0.155006257884998,7.64209524213728e-08,0.246700121525745,1.18457258588445e-08
"root1",22,"M2",3.85149542453805e-05,0.185862778308171,0.155006257884998,4.45774933395608e-08,0.246700121525745,6.90979042845874e-09
"root1",22,"M3",3.70530786331365e-05,0.185862778308171,0.155006257884998,4.28855076772413e-08,0.246700121525745,6.64752206254753e-09
"root1",23,"M1",9.78646353516131e-05,0.714584123748387,0.142794402613454,1.13269253879182e-07,0.227264350217855,1.61742154421494e-08
"root1",23,"M2",5.24687092230515e-05,0.714584123748387,0.142794402613454,6.07276727118652e-08,0.227264350217855,8.67157174699614e-09
"root1",23,"M3",4.91264098364438e-05,0.714584123748387,0.142794402613454,5.68592706440322e-08,0.227264350217855,8.11918558465128e-09
"root1",26,"M1",9.09517676342008e-05,2.11917214712348,0.198110554423136,1.05268249576621e-07,0.31530274015118,2.08547512867775e-08
"root1",26,"M2",5.29008108145496e-05,2.11917214712348,0.198110554423136,6.12277902946176e-08,0.31530274015118,1.21298714813702e-08
"root1",26,"M3",5.03251762819531e-05,2.11917214712348,0.198110554423136,5.82467318078161e-08,0.31530274015118,1.15392923317822e-08
"root1",27,"M1",6.60578691999246e-05,1.88286246633308,0.216448461004425,7.64558671295423e-08,0.344488424934876,1.65487547749482e-08
"root1",27,"M2",4.37600855572602e-05,1.88286246633308,0.216448461004425,5.06482471727549e-08,0.344488424934876,1.09627351531145e-08
"root1",27,"M3",4.19952773900594e-05,1.88286246633308,0.216448461004425,4.86056451273836e-08,0.344488424934876,1.05206170839494e-08
"root1",28,"M1",6.09550504729798e-05,6.45601111796429,0.286714473490561,7.05498269363192e-08,0.45632025712013,2.0227656484897e-08
"root1",28,"M2",4.21121775309174e-05,6.45601111796429,0.286714473490561,4.87409462163396e-08,0.45632025712013,1.39747347318496e-08
"root1",28,"M3",4.03987941591047e-05,6.45601111796429,0.286714473490561,4.67578636100749e-08,0.45632025712013,1.34061562465061e-08
"root1",30,"M1",5.3891980769454e-05,12.6709173664667,0.344281293196947,6.23749777424236e-08,0.547940696263642,2.14745380002924e-08
"root1",30,"M2",4.03434588057403e-05,12.6709173664667,0.344281293196947,4.66938180621994e-08,0.547940696263642,1.6075808066757e-08
"root1",30,"M3",3.87421788343151e-05,12.6709173664667,0.344281293196947,4.48404847619388e-08,0.547940696263642,1.54377400814183e-08
"root1",4,"M1",5.81764431251918e-05,0.0219751415466842,0.130536428757925,6.73338462097127e-08,0.207755178903868,8.78951981875125e-09
"root1",4,"M2",2.87758166875142e-05,0.0219751415466842,0.130536428757925,3.33053433883266e-08,0.207755178903868,4.34756058446853e-09
"root1",4,"M3",2.78155393436789e-05,0.0219751415466842,0.130536428757925,3.21939112774061e-08,0.207755178903868,4.20247820590208e-09
"root1",7,"M1",7.02972910813511e-05,0.0568728945834013,0.130808015042848,8.13626054182304e-08,0.208187421901083,1.06428809134732e-08
"root1",7,"M2",3.56905573530133e-05,0.0568728945834013,0.130808015042848,4.13085154548765e-08,0.208187421901083,5.4034849110192e-09
"root1",7,"M3",3.41921543574912e-05,0.0568728945834013,0.130808015042848,3.95742527285778e-08,0.208187421901083,5.17662944622927e-09
"root1",9,"M1",7.4427056740665e-05,0.0722097472142885,0.147668276203098,8.61424267831771e-08,0.235021360955823,1.27205036710233e-08
"root1",9,"M2",4.16980641897675e-05,0.0722097472142885,0.147668276203098,4.82616483677865e-08,0.235021360955823,7.12671442119108e-09
"root1",9,"M3",3.95990960055133e-05,0.0722097472142885,0.147668276203098,4.58322870434182e-08,0.235021360955823,6.76797482214714e-09
"root10",0,"M1",7.67677004248692e-05,0.0141347576670105,0.117422265955701,8.88515051213764e-08,0.18688334055901,1.04331450649266e-08
"root10",0,"M2",3.79871448484174e-05,0.0141347576670105,0.117422265955701,4.39666028338164e-08,0.18688334055901,5.16265813112107e-09
"root10",0,"M3",3.61991962604336e-05,0.0141347576670105,0.117422265955701,4.18972178940204e-08,0.18688334055901,4.91966626235561e-09
"root10",10,"M1",7.62464072165395e-05,0.222513374203588,0.135913399025866,8.82481565006244e-08,0.216312892873878,1.19941069077664e-08
"root10",10,"M2",3.83577892248634e-05,0.222513374203588,0.135913399025866,4.43955893806289e-08,0.216312892873878,6.03395545447792e-09
"root10",10,"M3",3.67753410528881e-05,0.222513374203588,0.135913399025866,4.25640521445464e-08,0.216312892873878,5.7850250032795e-09
"root10",11,"M1",7.13491185363882e-05,0.0228452932323142,0.127474305001559,8.25799983060048e-08,0.20288165758202,1.05268278910879e-08
"root10",11,"M2",3.9783600965113e-05,0.0228452932323142,0.127474305001559,4.60458344503623e-08,0.20288165758202,5.86966074477677e-09
"root10",11,"M3",3.77731821062046e-05,0.0228452932323142,0.127474305001559,4.37189607710701e-08,0.20288165758202,5.57304413968259e-09
"root10",12,"M1",7.6438511130955e-05,0.112249648792697,0.130175541548748,8.84704989941609e-08,0.207180809071476,1.15166951176529e-08
"root10",12,"M2",4.02946672954068e-05,0.112249648792697,0.130175541548748,4.66373464067208e-08,0.207180809071476,6.07104182489144e-09
"root10",12,"M3",3.8399445023441e-05,0.112249648792697,0.130175541548748,4.44438021104641e-08,0.207180809071476,5.78549600821506e-09
"root10",13,"M1",6.85938193946498e-05,0.171681615782914,0.149549082995171,7.93909946697336e-08,0.238014757935416,1.18728504509332e-08
"root10",13,"M2",3.72629091664891e-05,0.171681615782914,0.149549082995171,4.31283670908439e-08,0.238014757935416,6.44980774951481e-09
"root10",13,"M3",3.58127122200507e-05,0.171681615782914,0.149549082995171,4.14498984028365e-08,0.238014757935416,6.19879429638719e-09
"root10",15,"M1",9.29175938283056e-05,0.322352204304245,0.141645131401601,1.07543511375354e-07,0.225435228274658,1.52330148001515e-08
"root10",15,"M2",4.99371711439944e-05,0.322352204304245,0.141645131401601,5.77976517870306e-08,0.225435228274658,8.18675598207792e-09
"root10",15,"M3",4.73442447620014e-05,0.322352204304245,0.141645131401601,5.47965795856498e-08,0.225435228274658,7.76166871576765e-09
"root10",16,"M1",8.92054886067662e-05,0.307715277099555,0.13183794839588,1.03247093294868e-07,0.209826611742985,1.36118849578335e-08
"root10",16,"M2",4.48937564068863e-05,0.307715277099555,0.13183794839588,5.1960366211674e-08,0.209826611742985,6.8503480792457e-09
"root10",16,"M3",4.26869452513148e-05,0.307715277099555,0.13183794839588,4.94061866334662e-08,0.209826611742985,6.51361028382013e-09
"root10",17,"M1",8.53711508066102e-05,0.128679403457027,0.130064844417037,9.88092023224655e-08,0.207004629114497,1.2851603527043e-08
"root10",17,"M2",4.67976891196448e-05,0.128679403457027,0.130064844417037,5.41639920366259e-08,0.207004629114497,7.04483119724938e-09
"root10",17,"M3",4.44178273481305e-05,0.128679403457027,0.130064844417037,5.14095223936696e-08,0.207004629114497,6.68657153168681e-09
"root10",18,"M1",8.86049328495313e-05,0.272122947546549,0.132993515064863,1.02552005612883e-07,0.211665753217394,1.36387517034089e-08
"root10",18,"M2",4.55082162566442e-05,0.272122947546549,0.132993515064863,5.26715465933382e-08,0.211665753217394,7.00497412535076e-09
"root10",18,"M3",4.2678728664332e-05,0.272122947546549,0.132993515064863,4.93966766948287e-08,0.211665753217394,6.56943766616787e-09
"root10",19,"M1",8.44129399520518e-05,0.221975035342047,0.13895777040709,9.77001619815414e-08,0.221158160413171,1.35761966773665e-08
"root10",19,"M2",4.42760902986738e-05,0.221975035342047,0.13895777040709,5.12454748827243e-08,0.221158160413171,7.1209569331559e-09
"root10",19,"M3",4.23570628382142e-05,0.221975035342047,0.13895777040709,4.90243782849701e-08,0.221158160413171,6.81231830207321e-09
"root10",20,"M1",7.54030633082781e-05,0.652228248373662,0.158930551710709,8.72720640142108e-08,0.252945829130814,1.38701972827108e-08
"root10",20,"M2",4.08010908550393e-05,0.652228248373662,0.158930551710709,4.72234847859251e-08,0.252945829130814,7.50525449072935e-09
"root10",20,"M3",3.92451059917537e-05,0.652228248373662,0.158930551710709,4.54225763793446e-08,0.252945829130814,7.21903512409105e-09
"root10",23,"M1",9.01362511359428e-05,0.922911954953137,0.152157362306145,1.04324364740675e-07,0.242165963388474,1.58737201632052e-08
"root10",23,"M2",4.92706560485375e-05,0.922911954953137,0.152157362306145,5.70262222783999e-08,0.242165963388474,8.67695956416525e-09
"root10",23,"M3",4.6879753232118e-05,0.922911954953137,0.152157362306145,5.42589736482847e-08,0.242165963388474,8.25590231176163e-09
"root10",26,"M1",6.99957360002559e-05,1.32358316442325,0.226707394831443,8.10135833336295e-08,0.360816025229102,1.83663784235272e-08
"root10",26,"M2",4.27041081055482e-05,1.32358316442325,0.226707394831443,4.94260510480882e-08,0.360816025229102,1.1205251269918e-08
"root10",26,"M3",4.10928947853892e-05,1.32358316442325,0.226707394831443,4.75612208164227e-08,0.360816025229102,1.07824804662942e-08
"root10",27,"M1",8.44985316615962e-05,2.32395961791861,0.202758676141316,9.77992264601808e-08,0.322700455626592,1.9829641684711e-08
"root10",27,"M2",5.32854489454812e-05,2.32395961791861,0.202758676141316,6.16729733165292e-08,0.322700455626592,1.25047304233582e-08
"root10",27,"M3",5.12496777646723e-05,2.32395961791861,0.202758676141316,5.93167566720744e-08,0.322700455626592,1.20269870558264e-08
"root10",28,"M1",8.25077308228354e-05,4.61087131198025,0.210190494071603,9.54950588227262e-08,0.334528561224233,2.00721535953456e-08
"root10",28,"M2",5.12604619051774e-05,4.61087131198025,0.210190494071603,5.93292383161775e-08,0.334528561224233,1.24704419145692e-08
"root10",28,"M3",4.88223774670295e-05,4.61087131198025,0.210190494071603,5.65073813275804e-08,0.334528561224233,1.18773143999366e-08
"root10",3,"M1",5.68333359618239e-05,0.00966840293617765,0.120236899720673,6.57793240298888e-08,0.191362969325896,7.90910198707539e-09
"root10",3,"M2",2.75172209830375e-05,0.00966840293617765,0.120236899720673,3.18486353970341e-08,0.191362969325896,3.82938118047347e-09
"root10",3,"M3",2.65846808085236e-05,0.00966840293617765,0.120236899720673,3.07693064913468e-08,0.191362969325896,3.69960601907471e-09
"root10",6,"M1",5.63106822194375e-05,0.0465297702990238,0.140436412889679,6.51744007169415e-08,0.223511493014868,9.15285904892179e-09
"root10",6,"M2",2.8562473553667e-05,0.0465297702990238,0.140436412889679,3.30584184648924e-08,0.223511493014868,4.64260570501541e-09
"root10",6,"M3",2.76828383004048e-05,0.0465297702990238,0.140436412889679,3.204032210695e-08,0.223511493014868,4.49962790452994e-09
"root10",9,"M1",6.55695587641547e-05,0.0696437787392065,0.156378435602559,7.58906930140679e-08,0.248884010191249,1.1867667850334e-08
"root10",9,"M2",3.71434098974994e-05,0.0696437787392065,0.156378435602559,4.29900577517354e-08,0.248884010191249,6.72271797768005e-09
"root10",9,"M3",3.56734397716024e-05,0.0696437787392065,0.156378435602559,4.12887034393546e-08,0.248884010191249,6.45666285190427e-09
"root11",11,"M1",8.730846141315e-05,0.0629836165409672,0.12474738703048,1.01051459968924e-07,0.198541632836987,1.26059055867384e-08
"root11",11,"M2",4.65371501790931e-05,0.0629836165409672,0.12474738703048,5.38624423369133e-08,0.198541632836987,6.71919894060984e-09
"root11",11,"M3",4.35670194447206e-05,0.0629836165409672,0.12474738703048,5.04247910239822e-08,0.198541632836987,6.29036092179978e-09
"root11",12,"M1",8.3679972079712e-05,0.0698630766373316,0.124525661244408,9.68518195367037e-08,0.198188745288344,1.20605368705321e-08
"root11",12,"M2",4.39069969937148e-05,0.0698630766373316,0.124525661244408,5.08182835575403e-08,0.198188745288344,6.32818036330853e-09
"root11",12,"M3",4.13413521179201e-05,0.0698630766373316,0.124525661244408,4.78487871735186e-08,0.198188745288344,5.95840186252536e-09
"root11",13,"M1",7.70105890732469e-05,0.0610939506285902,0.13713233691228,8.91326262421839e-08,0.218252892773325,1.22229653317195e-08
"root11",13,"M2",4.26206738429589e-05,0.0610939506285902,0.13713233691228,4.93294836145358e-08,0.218252892773325,6.76466736673731e-09
"root11",13,"M3",4.04411388964533e-05,0.0610939506285902,0.13713233691228,4.68068737227469e-08,0.218252892773325,6.41873597715827e-09
"root11",14,"M1",7.33979413279261e-05,0.249909029052061,0.16102937968215,8.49513209813959e-08,0.256286217594358,1.36796585208134e-08
"root11",14,"M2",4.18557167496466e-05,0.249909029052061,0.16102937968215,4.84441166083873e-08,0.256286217594358,7.80092604669834e-09
"root11",14,"M3",3.98606875260889e-05,0.249909029052061,0.16102937968215,4.61350550070473e-08,0.256286217594358,7.4290992893867e-09
"root11",16,"M1",8.18443707167093e-05,0.0679129848411733,0.128962820030705,9.47272809221172e-08,0.205250702829572,1.2216297281557e-08
"root11",16,"M2",4.40761656551483e-05,0.0679129848411733,0.128962820030705,5.10140806193846e-08,0.205250702829572,6.57891969794957e-09
"root11",16,"M3",4.14958549635859e-05,0.0679129848411733,0.128962820030705,4.80276099115577e-08,0.205250702829572,6.19377601352913e-09
"root11",17,"M1",6.94759109324571e-05,0.391216353921832,0.157227322712,8.04119339496031e-08,0.250235055987194,1.26429530889903e-08
"root11",17,"M2",3.79048838980045e-05,0.391216353921832,0.157227322712,4.38713934004682e-08,0.250235055987194,6.89778172800052e-09
"root11",17,"M3",3.68262760805046e-05,0.391216353921832,0.157227322712,4.26230047228062e-08,0.250235055987194,6.70150091850776e-09
"root11",18,"M1",9.60366445274215e-05,0.339070184511173,0.125318391867075,1.1115352375859e-07,0.199450415259722,1.39295808477852e-08
"root11",18,"M2",4.82678174033971e-05,0.339070184511173,0.125318391867075,5.586552940208e-08,0.199450415259722,7.00097830547146e-09
"root11",18,"M3",4.57720109637867e-05,0.339070184511173,0.125318391867075,5.29768645414198e-08,0.199450415259722,6.63897547049059e-09
"root11",19,"M1",8.59188770067681e-05,0.476874642701794,0.152773985503792,9.94431446837594e-08,0.243147349687781,1.51923255443681e-08
"root11",19,"M2",4.75119612183698e-05,0.476874642701794,0.152773985503792,5.49906958545947e-08,0.243147349687781,8.40114777133328e-09
"root11",19,"M3",4.48467860841669e-05,0.476874642701794,0.152773985503792,5.19060024122302e-08,0.243147349687781,7.92988686008585e-09
"root11",21,"M1",8.8984239895615e-05,0.93497016993422,0.150516097633296,1.02991018397703e-07,0.239553809532414,1.55018061805012e-08
"root11",21,"M2",4.71009014965992e-05,0.93497016993422,0.150516097633296,5.45149322877306e-08,0.239553809532414,8.20537487069257e-09
"root11",21,"M3",4.49731251593457e-05,0.93497016993422,0.150516097633296,5.20522281936872e-08,0.239553809532414,7.83469826083162e-09
"root11",22,"M1",7.54824902481836e-05,0.152477004386978,0.150197289271875,8.73639933428051e-08,0.239046410266222,1.31218349800555e-08
"root11",22,"M2",4.43073633972906e-05,0.152477004386978,0.150197289271875,5.1281670598716e-08,0.239046410266222,7.70236791326035e-09
"root11",22,"M3",4.23193760485791e-05,0.152477004386978,0.150197289271875,4.89807593154851e-08,0.239046410266222,7.356777275664e-09
"root11",23,"M1",0.000103179954806885,1.1238895105166,0.153550110737228,1.1942124398945e-07,0.244382591361377,1.83371452389576e-08
"root11",23,"M2",5.47273592228191e-05,1.1238895105166,0.153550110737228,6.33418509523369e-08,0.244382591361377,9.72614822803232e-09
"root11",23,"M3",5.16602298788689e-05,1.1238895105166,0.153550110737228,5.97919327301723e-08,0.244382591361377,9.18105789191085e-09
"root11",26,"M1",6.42846938874803e-05,1.2542639333084,0.214758040533044,7.44035808882874e-08,0.341798037195636,1.59787672402104e-08
"root11",26,"M2",4.21152056017601e-05,1.2542639333084,0.214758040533044,4.87444509279631e-08,0.341798037195636,1.04682627681485e-08
"root11",26,"M3",4.0214259754247e-05,1.2542639333084,0.214758040533044,4.65442821229711e-08,0.341798037195636,9.99575882674645e-09
"root11",28,"M1",4.91671696748704e-05,1.82962290821327,0.26652692220461,5.69064463829518e-08,0.424190771359327,1.51671000080498e-08
"root11",28,"M2",3.66997142417145e-05,1.82962290821327,0.26652692220461,4.24765211130955e-08,0.424190771359327,1.13211364382325e-08
"root11",28,"M3",3.53558004982129e-05,1.82962290821327,0.26652692220461,4.09210653914501e-08,0.424190771359327,1.09065656121168e-08
"root11",29,"M1",8.02021274135296e-05,8.51286819511035,0.250852515343094,9.28265363582518e-08,0.399244178038889,2.32857701360546e-08
"root11",29,"M2",5.15904370778523e-05,8.51286819511035,0.250852515343094,5.9711154025292e-08,0.399244178038889,1.49786931812834e-08
"root11",29,"M3",4.8870386685516e-05,8.51286819511035,0.250852515343094,5.65629475526806e-08,0.399244178038889,1.41889576688094e-08
"root11",4,"M1",7.20458365569358e-05,0.0149646753320217,0.12198930067594,8.33863849038609e-08,0.194152002068993,1.01722467803167e-08
"root11",4,"M2",3.65751008375458e-05,0.0149646753320217,0.12198930067594,4.23322926360484e-08,0.194152002068993,5.16408677468079e-09
"root11",4,"M3",3.49701698643863e-05,0.0149646753320217,0.12198930067594,4.0474733639336e-08,0.194152002068993,4.93748445170754e-09
"root11",5,"M1",6.06229598465685e-05,0.0493129614460031,0.156024347800646,7.01654627853802e-08,0.248320461951619,1.09475205692194e-08
"root11",5,"M2",3.28208457869487e-05,0.0493129614460031,0.156024347800646,3.79870900311906e-08,0.248320461951619,5.92691094696094e-09
"root11",5,"M3",3.15165298516397e-05,0.0493129614460031,0.156024347800646,3.64774651060645e-08,0.248320461951619,5.69137270259453e-09
"root11",6,"M1",6.78138528055916e-05,0.0570347840413752,0.142373017686517,7.84882555620273e-08,0.22659369527719,1.11746097973164e-08
"root11",6,"M2",3.51407681413148e-05,0.0570347840413752,0.142373017686517,4.0672185348744e-08,0.22659369527719,5.79062176400602e-09
"root11",6,"M3",3.36612739310453e-05,0.0570347840413752,0.142373017686517,3.89598077905617e-08,0.22659369527719,5.54682540362894e-09
"root11",7,"M1",8.15709919867914e-05,0.233619457867872,0.117261785827377,9.44108703550826e-08,0.186627928502102,1.1070787259354e-08
"root11",7,"M2",4.01552474116815e-05,0.233619457867872,0.117261785827377,4.64759808005573e-08,0.186627928502102,5.44985650675223e-09
"root11",7,"M3",3.8284016643042e-05,0.233619457867872,0.117261785827377,4.43102044479653e-08,0.186627928502102,5.19589370394459e-09
"root11",8,"M1",8.88848322167926e-05,0.0934783130120538,0.115697335120358,1.0287596321388e-07,0.184138027869645,1.19024747917859e-08
"root11",8,"M2",4.39044587059927e-05,0.0934783130120538,0.115697335120358,5.08153457245286e-08,0.184138027869645,5.87920008354764e-09
"root11",8,"M3",4.16888320196821e-05,0.0934783130120538,0.115697335120358,4.82509629857432e-08,0.184138027869645,5.58250783444152e-09
"root11",9,"M1",7.42440969564304e-05,0.0352600904289272,0.130218012024922,8.59306677736463e-08,0.207248402933662,1.11897207294583e-08
"root11",9,"M2",4.08054242158448e-05,0.0352600904289272,0.130218012024922,4.72285002498204e-08,0.207248402933662,6.15000141345014e-09
"root11",9,"M3",3.87389321848034e-05,0.0352600904289272,0.130218012024922,4.48367270657447e-08,0.207248402933662,5.83854946420529e-09
"root12",0,"M1",6.44943839847396e-05,0.0181253184844119,0.148457460431862,7.46462777601153e-08,0.236277386666003,1.10817968269581e-08
"root12",0,"M2",3.4295445418044e-05,0.0181253184844119,0.148457460431862,3.96938025671805e-08,0.236277386666003,5.89284112400735e-09
"root12",0,"M3",3.28003030989782e-05,0.0181253184844119,0.148457460431862,3.79633137719655e-08,0.236277386666003,5.63593715216393e-09
"root12",1,"M1",7.00534254682444e-05,0.0235462050470931,0.128818016178654,8.10803535512088e-08,0.205020240341245,1.04446102955306e-08
"root12",1,"M2",3.51050087617046e-05,0.0235462050470931,0.128818016178654,4.06307971778988e-08,0.205020240341245,5.23397868821418e-09
"root12",1,"M3",3.34554183401675e-05,0.0235462050470931,0.128818016178654,3.87215490048235e-08,0.205020240341245,4.98803312616590e-09
"root12",10,"M1",6.34075409048778e-05,0.0244699843269077,0.142541288095742,7.33883575287937e-08,0.226861505951233,1.04608710133851e-08
"root12",10,"M2",3.46401616016739e-05,0.0244699843269077,0.142541288095742,4.0092779631567e-08,0.226861505951233,5.71487645202229e-09
"root12",10,"M3",3.31073670296786e-05,0.0244699843269077,0.142541288095742,3.83187118399058e-08,0.226861505951233,5.46199854382973e-09
"root12",11,"M1",7.77222881055223e-05,0.192216424036728,0.145368113883399,8.99563519739841e-08,0.231360538924885,1.30767852182893e-08
"root12",11,"M2",4.12821338126713e-05,0.192216424036728,0.145368113883399,4.77802474683696e-08,0.231360538924885,6.94572445535893e-09
"root12",11,"M3",3.92780931736303e-05,0.192216424036728,0.145368113883399,4.5460755987998e-08,0.231360538924885,6.60854435368871e-09
"root12",14,"M1",9.24654211599747e-05,0.551613677584186,0.13621713141049,1.070201633796e-07,0.216796297977778,1.45779796586511e-08
"root12",14,"M2",4.58610810359377e-05,0.551613677584186,0.13621713141049,5.30799549027057e-08,0.216796297977778,7.23039919224474e-09
"root12",14,"M3",4.34040557372436e-05,0.551613677584186,0.13621713141049,5.02361756218097e-08,0.216796297977778,6.84302773623651e-09
"root12",15,"M1",8.60150022444018e-05,0.266424378263102,0.13882023060468,9.95544007458354e-08,0.220939259018916,1.38201648692476e-08
"root12",15,"M2",4.47386769413986e-05,0.266424378263102,0.13882023060468,5.17808760895817e-08,0.220939259018916,7.18823315966809e-09
"root12",15,"M3",4.22978213537566e-05,0.266424378263102,0.13882023060468,4.89558117520331e-08,0.220939259018916,6.79605707685654e-09
"root12",18,"M1",8.48561191338075e-05,0.0767455301339797,0.127677583098786,9.82131008493142e-08,0.20320518472198,1.25396113450778e-08
"root12",18,"M2",4.68723083055919e-05,0.0767455301339797,0.127677583098786,5.42503568351758e-08,0.20320518472198,6.92655444296195e-09
"root12",18,"M3",4.41001450773228e-05,0.0767455301339797,0.127677583098786,5.10418345802347e-08,0.20320518472198,6.51689807613241e-09
"root12",19,"M1",7.8514599026475e-05,0.320624233414503,0.160831000147912,9.08733785028646e-08,0.255970486759535,1.46152563514355e-08
"root12",19,"M2",4.48047604738776e-05,0.320624233414503,0.160831000147912,5.18573616595806e-08,0.255970486759535,8.34027134074233e-09
"root12",19,"M3",4.31294796128527e-05,0.320624233414503,0.160831000147912,4.99183791815425e-08,0.255970486759535,8.02842284953019e-09
"root12",20,"M1",9.71135008325744e-05,0.506420443591347,0.138397312346929,1.12399885222887e-07,0.220266163706468,1.55558420229509e-08
"root12",20,"M2",4.97189826620351e-05,0.506420443591347,0.138397312346929,5.75451188217999e-08,0.220266163706468,7.96408978362178e-09
"root12",20,"M3",4.7113538749418e-05,0.506420443591347,0.138397312346929,5.45295587377523e-08,0.220266163706468,7.54674437276892e-09
"root12",22,"M1",8.9684022358728e-05,0.292458079009507,0.124781661834904,1.03800951804083e-07,0.198596182882463,1.29524552661583e-08
"root12",22,"M2",4.66650986968651e-05,0.292458079009507,0.124781661834904,5.40105308991494e-08,0.198596182882463,6.7395238021813e-09
"root12",22,"M3",4.43067652291306e-05,0.292458079009507,0.124781661834904,5.12809782744567e-08,0.198596182882463,6.39892568960632e-09
"root12",23,"M1",0.000108810093060951,1.05907531204354,0.130227706178724,1.25937607709434e-07,0.207263831658629,1.64005657736356e-08
"root12",23,"M2",5.49397898234549e-05,1.05907531204354,0.130227706178724,6.35877197030728e-08,0.207263831658629,8.28088287806682e-09
"root12",23,"M3",5.13626795831115e-05,1.05907531204354,0.130227706178724,5.94475458137865e-08,0.207263831658629,7.74171752928402e-09
"root12",26,"M1",0.000112218373032548,4.47914956671177,0.20673702755991,1.29882376195079e-07,0.329032198562851,2.68514963869886e-08
"root12",26,"M2",6.07680930079732e-05,4.47914956671177,0.20673702755991,7.03334409814505e-08,0.329032198562851,1.45405265265654e-08
"root12",26,"M3",5.71325518651133e-05,4.47914956671177,0.20673702755991,6.612563873277e-08,0.329032198562851,1.36706179971133e-08
"root12",27,"M1",7.7774037084266e-05,2.24640442676819,0.218111851551202,9.00162466253079e-08,0.347135793212995,1.96336102211355e-08
"root12",27,"M2",4.95877655411697e-05,2.24640442676819,0.218111851551202,5.73932471541316e-08,0.347135793212995,1.25181474033234e-08
"root12",27,"M3",4.70909720272257e-05,2.24640442676819,0.218111851551202,5.4503439846326e-08,0.347135793212995,1.18878461807917e-08
"root12",29,"M1",7.12041186442222e-05,4.14810855988862,0.226783398742285,8.24121743567387e-08,0.36093698921015,1.8689712998363e-08
"root12",29,"M2",4.90150535061166e-05,4.14810855988862,0.226783398742285,5.67303860024498e-08,0.36093698921015,1.28655097495973e-08
"root12",29,"M3",4.66778265311042e-05,4.14810855988862,0.226783398742285,5.4025262188778e-08,0.36093698921015,1.22520325771141e-08
"root12",3,"M1",8.08735829417939e-05,0.0234188668782436,0.10409158210119,9.36036839604096e-08,0.165666898256602,9.74335555393882e-09
"root12",3,"M2",3.89042769762921e-05,0.0234188668782436,0.10409158210119,4.50280983521899e-08,0.165666898256602,4.68704599648744e-09
"root12",3,"M3",3.68186750945995e-05,0.0234188668782436,0.10409158210119,4.26142072854161e-08,0.165666898256602,4.43578025632702e-09
"root12",30,"M1",6.0257516679114e-05,5.70406905420127,0.284950859639369,6.97424961563819e-08,0.453513378498904,1.98731842331564e-08
"root12",30,"M2",4.43939011393212e-05,5.70406905420127,0.284950859639369,5.13818300223625e-08,0.453513378498904,1.46412966347161e-08
"root12",30,"M3",4.24110058466409e-05,5.70406905420127,0.284950859639369,4.9086812322501e-08,0.453513378498904,1.3987329368253e-08
"root12",5,"M1",7.30229806167976e-05,0.00533799065020214,0.105655045902846,8.45173386768491e-08,0.16815522818039,8.92968329748887e-09
"root12",5,"M2",3.4541053704265e-05,0.00533799065020214,0.105655045902846,3.99780714169734e-08,0.16815522818039,4.22388497066758e-09
"root12",5,"M3",3.32194726849331e-05,0.00533799065020214,0.105655045902846,3.84484637557096e-08,0.16815522818039,4.06227420300341e-09
"root12",7,"M1",7.45184130277141e-05,0.0704134227643519,0.129457383418628,8.6248163226521e-08,0.206037824908174,1.11654615359681e-08
"root12",7,"M2",3.8157118466191e-05,0.0704134227643519,0.129457383418628,4.41633315580914e-08,0.206037824908174,5.71726934655984e-09
"root12",7,"M3",3.65023134258524e-05,0.0704134227643519,0.129457383418628,4.22480479465884e-08,0.206037824908174,5.46932174171008e-09
"root12",8,"M1",8.72026694944186e-05,0.0301442437042516,0.112910571133871,1.0092901561854e-07,0.179702755232846,1.13959527974687e-08
"root12",8,"M2",4.59820741259042e-05,0.0301442437042516,0.112910571133871,5.3219993201278e-08,0.179702755232846,6.00909982809703e-09
"root12",8,"M3",4.3436311216141e-05,0.0301442437042516,0.112910571133871,5.0273508352015e-08,0.179702755232846,5.67641054092945e-09
"root13",0,"M1",8.04452684532044e-05,0.0105472518705992,0.109744305624429,9.31079495986162e-08,0.174663487163156,1.02180672768145e-08
"root13",0,"M2",3.92022145046105e-05,0.0105472518705992,0.109744305624429,4.53729334544103e-08,0.174663487163156,4.97942107609768e-09
"root13",0,"M3",3.73725384283376e-05,0.0105472518705992,0.109744305624429,4.32552528105759e-08,0.174663487163156,4.74701768430579e-09
"root13",10,"M1",9.27079671976209e-05,0.121394020996447,0.130028054200743,1.07300887960209e-07,0.206946075666691,1.3952125675478e-08
"root13",10,"M2",4.77624369565409e-05,0.121394020996447,0.130028054200743,5.52805983293297e-08,0.206946075666691,7.18802863581559e-09
"root13",10,"M3",4.49294300465627e-05,0.121394020996447,0.130028054200743,5.20016551464846e-08,0.206946075666691,6.76167403391545e-09
"root13",11,"M1",9.28337254667548e-05,0.247690526658794,0.130464469451299,1.07446441512448e-07,0.207640652110358,1.40179429863515e-08
"root13",11,"M2",4.69103418652624e-05,0.247690526658794,0.130464469451299,5.42943771588685e-08,0.207640652110358,7.08348711022051e-09
"root13",11,"M3",4.42282699904617e-05,0.247690526658794,0.130464469451299,5.11901273037751e-08,0.207640652110358,6.67849279983147e-09
"root13",12,"M1",6.78458998520353e-05,0.0681317446720217,0.150254674594828,7.85253470509668e-08,0.239137741844311,1.17988004685889e-08
"root13",12,"M2",3.80379521801943e-05,0.0681317446720217,0.150254674594828,4.40254076159656e-08,0.239137741844311,6.61502329524158e-09
"root13",12,"M3",3.61225201213657e-05,0.0681317446720217,0.150254674594828,4.18084723626918e-08,0.239137741844311,6.28191841016311e-09
"root13",14,"M1",7.21985709453803e-05,0.113647421521483,0.143498399748894,8.35631608164124e-08,0.228384796458133,1.19911798551147e-08
"root13",14,"M2",3.95683065608515e-05,0.113647421521483,0.143498399748894,4.57966511120966e-08,0.228384796458133,6.57174614844427e-09
"root13",14,"M3",3.78326302769916e-05,0.113647421521483,0.143498399748894,4.37877665242958e-08,0.228384796458133,6.28347442481464e-09
"root13",15,"M1",9.00602242652207e-05,0.286803891428049,0.137820892851902,1.04236370677339e-07,0.219348763587187,1.43659496743926e-08
"root13",15,"M2",4.79197754084262e-05,0.286803891428049,0.137820892851902,5.54627030190118e-08,0.219348763587187,7.64391925006009e-09
"root13",15,"M3",4.4697627411129e-05,0.286803891428049,0.137820892851902,5.17333650591771e-08,0.219348763587187,7.12993856268918e-09
"root13",17,"M1",0.00010488356651002,0.485128553432069,0.127028166434538,1.21393016794005e-07,0.202171605999567,1.54203323412995e-08
"root13",17,"M2",5.20416797617129e-05,0.485128553432069,0.127028166434538,6.02334256501307e-08,0.202171605999567,7.65134161840717e-09
"root13",17,"M3",4.84095923268904e-05,0.485128553432069,0.127028166434538,5.60296207487157e-08,0.202171605999567,7.11733998973191e-09
"root13",18,"M1",0.000101679949198522,0.785980425866714,0.131240608029074,1.17685126387178e-07,0.20887591502213,1.54450675430317e-08
"root13",18,"M2",5.06839199193045e-05,0.785980425866714,0.131240608029074,5.86619443510469e-08,0.20887591502213,7.69882924479909e-09
"root13",18,"M3",4.76253821603174e-05,0.785980425866714,0.131240608029074,5.512197009296e-08,0.20887591502213,7.2342408707605e-09
"root13",19,"M1",8.55460055194656e-05,0.234047210929733,0.142828377631348,9.90115804623444e-08,0.227318423138249,1.41416634041523e-08
"root13",19,"M2",4.64238417863254e-05,0.234047210929733,0.142828377631348,5.37312983638025e-08,0.227318423138249,7.67435417332782e-09
"root13",19,"M3",4.42610464183157e-05,0.234047210929733,0.142828377631348,5.12280629841617e-08,0.227318423138249,7.31682112522433e-09
"root13",21,"M1",8.43181885579876e-05,0.504995957084032,0.148921863368459,9.75904960161893e-08,0.237016506895461,1.45333585137831e-08
"root13",21,"M2",4.65891571690461e-05,0.504995957084032,0.148921863368459,5.39226356123219e-08,0.237016506895461,8.0302593731254e-09
"root13",21,"M3",4.45484413873812e-05,0.504995957084032,0.148921863368459,5.15606960502097e-08,0.237016506895461,7.67851493237198e-09
"root13",22,"M1",6.56686170879422e-05,0.212547179900797,0.174165107123776,7.60053438517849e-08,0.277192377128784,1.32374788539256e-08
"root13",22,"M2",4.01344231217599e-05,0.212547179900797,0.174165107123776,4.6451878613148e-08,0.277192377128784,8.09029641475957e-09
"root13",22,"M3",3.89954258716669e-05,0.212547179900797,0.174165107123776,4.51335947588737e-08,0.277192377128784,7.86069736606034e-09
"root13",23,"M1",8.20798078249409e-05,0.209317750972118,0.143206259194345,9.49997775751631e-08,0.227919840324792,1.36045627708339e-08
"root13",23,"M2",4.57714227535685e-05,0.209317750972118,0.143206259194345,5.29761837425561e-08,0.227919840324792,7.58652110016374e-09
"root13",23,"M3",4.39639680189727e-05,0.209317750972118,0.143206259194345,5.08842222441814e-08,0.227919840324792,7.28693911960289e-09
"root13",24,"M1",8.55912766867134e-05,1.02564411783437,0.1622513023832,9.9063977646659e-08,0.258230967973841,1.60732593924306e-08
"root13",24,"M2",4.88501849043145e-05,1.02564411783437,0.1622513023832,5.65395658614751e-08,0.258230967973841,9.17361819720505e-09
"root13",24,"M3",4.6327831628154e-05,1.02564411783437,0.1622513023832,5.36201754955486e-08,0.258230967973841,8.69994330816851e-09
"root13",25,"M1",9.31871468736865e-05,1.22398661123841,0.155111677510982,1.07855494066767e-07,0.246867902071488,1.6729646613472e-08
"root13",25,"M2",4.97735713847631e-05,1.22398661123841,0.155111677510982,5.76083002138462e-08,0.246867902071488,8.93572008472594e-09
"root13",25,"M3",4.74370000754834e-05,1.22398661123841,0.155111677510982,5.49039352725502e-08,0.246867902071488,8.51624150207964e-09
"root13",29,"M1",7.43044104954991e-05,9.3183290719486,0.258248786620252,8.60004751105314e-08,0.411015709380972,2.22095183460599e-08
"root13",29,"M2",4.8706555033184e-05,9.3183290719486,0.258248786620252,5.63733275847037e-08,0.411015709380972,1.45583434464957e-08
"root13",29,"M3",4.65409211233077e-05,9.3183290719486,0.258248786620252,5.38668068556802e-08,0.411015709380972,1.39110375095869e-08
"root13",3,"M1",6.82262069799667e-05,0.102832335573231,0.139689822665169,7.89655173379244e-08,0.222323257767919,1.1030679113598e-08
"root13",3,"M2",3.53539321275384e-05,0.102832335573231,0.139689822665169,4.09189029253917e-08,0.222323257767919,5.71595429330123e-09
"root13",3,"M3",3.40375170009109e-05,0.102832335573231,0.139689822665169,3.93952743066098e-08,0.222323257767919,5.50311888173602e-09
"root13",4,"M1",7.12588742891745e-05,0.114262381217162,0.141205968100879,8.24755489458038e-08,0.224736278173314,1.16460397335437e-08
"root13",4,"M2",3.80021317151881e-05,0.114262381217162,0.141205968100879,4.39839487444307e-08,0.224736278173314,6.21079606335677e-09
"root13",4,"M3",3.64733826620779e-05,0.114262381217162,0.141205968100879,4.22145632662939e-08,0.224736278173314,5.96094827397283e-09
"root13",8,"M1",7.33797355082929e-05,0.318617709104066,0.159823220386505,8.49302494308946e-08,0.254366555453777,1.35738259722747e-08
"root13",8,"M2",4.00821605085523e-05,0.318617709104066,0.159823220386505,4.63913894774911e-08,0.254366555453777,7.41442126449725e-09
"root13",8,"M3",3.8185953219948e-05,0.318617709104066,0.159823220386505,4.41967051156806e-08,0.254366555453777,7.06365974206079e-09
"root13",9,"M1",6.6457737009345e-05,0.110905759032588,0.147420832983176,7.69186770941493e-08,0.234627542839972,1.13394154491834e-08
"root13",9,"M2",3.49417222187319e-05,0.110905759032588,0.147420832983176,4.04418081235323e-08,0.234627542839972,5.9619650409169e-09
"root13",9,"M3",3.358064775118e-05,0.110905759032588,0.147420832983176,3.88664904527546e-08,0.234627542839972,5.72973039767774e-09
"root14",11,"M1",7.39918724047023e-05,0.0725927754623137,0.146075102890573,8.56387412091462e-08,0.232485746876919,1.25096879335452e-08
"root14",11,"M2",4.12982222395114e-05,0.0725927754623137,0.146075102890573,4.77988683327678e-08,0.232485746876919,6.98222460976201e-09
"root14",11,"M3",3.92697643652182e-05,0.0725927754623137,0.146075102890573,4.5451116163447e-08,0.232485746876919,6.6392764700669e-09
"root14",12,"M1",9.84738966278088e-05,0.152628585897189,0.116561788965554,1.13974417393297e-07,0.185513848895023,1.32850619876695e-08
"root14",12,"M2",4.91283407810601e-05,0.152628585897189,0.116561788965554,5.68615055336344e-08,0.185513848895023,6.62787880827517e-09
"root14",12,"M3",4.61495113217963e-05,0.152628585897189,0.116561788965554,5.3413786252079e-08,0.185513848895023,6.22600648096605e-09
"root14",13,"M1",6.77650247192744e-05,0.0827058107526812,0.159609108984631,7.84317415732343e-08,0.254025786573971,1.25184203886168e-08
"root14",13,"M2",3.93253328284306e-05,0.0827058107526812,0.159609108984631,4.55154315143873e-08,0.254025786573971,7.26467746906235e-09
"root14",13,"M3",3.77637849400604e-05,0.0827058107526812,0.159609108984631,4.37080844213662e-08,0.254025786573971,6.97620840991929e-09
"root14",14,"M1",8.05134066934661e-05,0.280213621015052,0.154147043158473,9.31868133026228e-08,0.245332638816707,1.436447173196e-08
"root14",14,"M2",4.42156999196072e-05,0.280213621015052,0.154147043158473,5.11755786106565e-08,0.245332638816707,7.88856412475669e-09
"root14",14,"M3",4.21619673257633e-05,0.280213621015052,0.154147043158473,4.87985732937075e-08,0.245332638816707,7.52215578357704e-09
"root14",16,"M1",7.80939365014868e-05,0.389466649707101,0.140484028984208,9.03865005804245e-08,0.223587276383018,1.26978597673215e-08
"root14",16,"M2",4.0895046095155e-05,0.389466649707101,0.140484028984208,4.73322292767998e-08,0.223587276383018,6.64942226960912e-09
"root14",16,"M3",3.92659430827505e-05,0.389466649707101,0.140484028984208,4.54466933828131e-08,0.223587276383018,6.38453459042753e-09
"root14",17,"M1",9.90900979598858e-05,0.504490424142599,0.138758150329049,1.14687613379497e-07,0.220840455191565,1.59138410981922e-08
"root14",17,"M2",5.08215308206181e-05,0.504490424142599,0.138758150329049,5.88212162275672e-08,0.220840455191565,8.16192316384227e-09
"root14",17,"M3",4.79791256129565e-05,0.504490424142599,0.138758150329049,5.55313953853663e-08,0.220840455191565,7.70543370886452e-09
"root14",18,"M1",6.13934303988981e-05,0.154420589582252,0.162950866661094,7.10572111098358e-08,0.259344359102214,1.15788341328681e-08
"root14",18,"M2",3.44551504473619e-05,0.154420589582252,0.162950866661094,3.98786463511133e-08,0.259344359102214,6.49825998418519e-09
"root14",18,"M3",3.32649618732806e-05,0.154420589582252,0.162950866661094,3.850111327926e-08,0.259344359102214,6.27378977627237e-09
"root14",19,"M1",9.59563227369269e-05,0.458834780167119,0.142099832392642,1.11060558723295e-07,0.226158907378188,1.57816867800134e-08
"root14",19,"M2",5.16606563456826e-05,0.458834780167119,0.142099832392642,5.97924263260215e-08,0.226158907378188,8.49649375927705e-09
"root14",19,"M3",4.88319139179474e-05,0.458834780167119,0.142099832392642,5.65184188865132e-08,0.226158907378188,8.03125785087066e-09
"root14",2,"M1",5.78047662526345e-05,0.0103773659805363,0.140597006276195,6.69036646442529e-08,0.223767085327787,9.40645495788847e-09
"root14",2,"M2",2.99643250393939e-05,0.0103773659805363,0.140597006276195,3.46809317585577e-08,0.223767085327787,4.87603518012223e-09
"root14",2,"M3",2.8967114792665e-05,0.0103773659805363,0.140597006276195,3.35267532322512e-08,0.223767085327787,4.71376113461526e-09
"root14",22,"M1",7.31627257655104e-05,0.655133412902533,0.169736109344665,8.46790807471185e-08,0.270143408233899,1.43730977088986e-08
"root14",22,"M2",4.20571171964083e-05,0.655133412902533,0.169736109344665,4.86772189773244e-08,0.270143408233899,8.26228176292934e-09
"root14",22,"M3",4.02675353512919e-05,0.655133412902533,0.169736109344665,4.66059436936249e-08,0.270143408233899,7.91071155489241e-09
"root14",23,"M1",6.80974125279017e-05,0.154989267327452,0.151167163178,7.88164496850714e-08,0.240590012529578,1.19144591106538e-08
"root14",23,"M2",4.01424291122154e-05,0.154989267327452,0.151167163178,4.64611448058049e-08,0.240590012529578,7.02339945829579e-09
"root14",23,"M3",3.8734402301087e-05,0.154989267327452,0.151167163178,4.48314841447766e-08,0.240590012529578,6.77704827922537e-09
"root14",24,"M1",6.64100514167132e-05,0.416255811818342,0.173183231105851,7.68634854360106e-08,0.275629672911223,1.33114667618658e-08
"root14",24,"M2",3.99265895925566e-05,0.416255811818342,0.173183231105851,4.62113305469405e-08,0.275629672911223,8.00302753781967e-09
"root14",24,"M3",3.83855656523938e-05,0.416255811818342,0.173183231105851,4.44277380236039e-08,0.275629672911223,7.694139221652e-09
"root14",25,"M1",8.06408447243814e-05,0.574273759123184,0.177995011058846,9.33343110235896e-08,0.283287858557119,1.66130417228136e-08
"root14",25,"M2",4.73101206134687e-05,0.574273759123184,0.177995011058846,5.47570840433666e-08,0.283287858557119,9.74648777984919e-09
"root14",25,"M3",4.4791219701521e-05,0.574273759123184,0.177995011058846,5.1841689469353e-08,0.283287858557119,9.22756209040675e-09
"root14",28,"M1",6.49250352154321e-05,1.30841814874412,0.194861717439039,7.51447166845279e-08,0.310132055497992,1.46428285496171e-08
"root14",28,"M2",4.1705318794686e-05,1.30841814874412,0.194861717439039,4.82700449012569e-08,0.310132055497992,9.40598385031846e-09
"root14",28,"M3",4.00689767697843e-05,1.30841814874412,0.194861717439039,4.63761305205837e-08,0.310132055497992,9.03693244141797e-09
"root14",29,"M1",4.75235343580311e-05,6.0969830328087,0.339145404179258,5.50040906921656e-08,0.539766675020276,1.86543845693071e-08
"root14",29,"M2",3.62597390882294e-05,6.0969830328087,0.339145404179258,4.19672906113766e-08,0.539766675020276,1.42330137367037e-08
"root14",29,"M3",3.51604977975906e-05,6.0969830328087,0.339145404179258,4.06950205990632e-08,0.539766675020276,1.38015292091525e-08
"root14",30,"M1",8.86868708708801e-05,13.4821607948991,0.2772587907803,1.02646841285741e-07,0.441271070683664,2.84597390923019e-08
"root14",30,"M2",6.90515088603224e-05,13.4821607948991,0.2772587907803,7.99207278475954e-08,0.441271070683664,2.21587243613057e-08
"root14",30,"M3",6.42040468377362e-05,13.4821607948991,0.2772587907803,7.4310239395528e-08,0.441271070683664,2.06031671173987e-08
"root14",4,"M1",7.87864423963333e-05,0.0330982657054935,0.138977707797631,9.11880120327932e-08,0.22118989175574,1.26731008909404e-08
"root14",4,"M2",4.12501864213351e-05,0.0330982657054935,0.138977707797631,4.77432713209897e-08,0.22118989175574,6.63525041095152e-09
"root14",4,"M3",3.92537942702441e-05,0.0330982657054935,0.138977707797631,4.5432632257227e-08,0.22118989175574,6.31412309032211e-09
"root14",5,"M1",5.94646805774993e-05,0.090959772495302,0.150443496002826,6.88248617795131e-08,0.239438260448756,1.03542528180212e-08
"root14",5,"M2",3.14561841169807e-05,0.090959772495302,0.150443496002826,3.64076205057647e-08,0.239438260448756,5.47728971003142e-09
"root14",5,"M3",3.03925513562179e-05,0.090959772495302,0.150443496002826,3.51765640696966e-08,0.239438260448756,5.29208527601256e-09
"root14",6,"M1",7.25769389908004e-05,0.0883905001533871,0.134621185891356,8.40010867949079e-08,0.214256271795022,1.13083259204932e-08
"root14",6,"M2",3.78780973974742e-05,0.0883905001533871,0.134621185891356,4.38403905063359e-08,0.214256271795022,5.90184535990308e-09
"root14",6,"M3",3.6445852706852e-05,0.0883905001533871,0.134621185891356,4.21826998921898e-08,0.214256271795022,5.67868508358577e-09
"root14",8,"M1",7.66155460790649e-05,0.336575361391748,0.153220644565427,8.86754005544733e-08,0.243858229663141,1.35869020300538e-08
"root14",8,"M2",4.14600610793127e-05,0.336575361391748,0.153220644565427,4.79861818047601e-08,0.243858229663141,7.3524737063591e-09
"root14",8,"M3",3.93331603837214e-05,0.336575361391748,0.153220644565427,4.55244911848627e-08,0.243858229663141,6.97529188285777e-09
"root14",9,"M1",6.03163511547253e-05,0.0928880074255645,0.156436580799385,6.98105916142654e-08,0.248976551146168,1.09209302557179e-08
"root14",9,"M2",3.40881574354995e-05,0.0928880074255645,0.156436580799385,3.9453885920717e-08,0.248976551146168,6.17203101268597e-09
"root14",9,"M3",3.26369840552495e-05,0.0928880074255645,0.156436580799385,3.77742871009832e-08,0.248976551146168,5.90928031621213e-09
"root15",0,"M1",8.11453641660551e-05,0.0195784299025512,0.106338340240581,9.39182455625638e-08,0.169242724894763,9.98711035143034e-09
"root15",0,"M2",3.90009416610327e-05,0.0195784299025512,0.106338340240581,4.51399787743434e-08,0.169242724894763,4.80011042135873e-09
"root15",0,"M3",3.69414571945147e-05,0.0195784299025512,0.106338340240581,4.2756316197355e-08,0.169242724894763,4.5466356992282e-09
"root15",1,"M1",6.75086366627913e-05,0.0426643301949811,0.141445930768354,7.81349961374899e-08,0.225118190620175,1.1051877254249e-08
"root15",1,"M2",3.56016225147899e-05,0.0426643301949811,0.141445930768354,4.12055816143402e-08,0.225118190620175,5.82836184429172e-09
"root15",1,"M3",3.39835835511075e-05,0.0426643301949811,0.141445930768354,3.93328513323003e-08,0.225118190620175,5.56347176647051e-09
"root15",10,"M1",7.69027807337156e-05,0.205388455860836,0.146657552400706,8.90078480714301e-08,0.23341274406331,1.30536731426098e-08
"root15",10,"M2",4.18619492474379e-05,0.205388455860836,0.146657552400706,4.84513301474976e-08,0.23341274406331,7.10575348999053e-09
"root15",10,"M3",3.98174563850419e-05,0.205388455860836,0.146657552400706,4.60850189641689e-08,0.23341274406331,6.75871608362513e-09
"root15",11,"M1",8.00701432875603e-05,0.0992942617270184,0.119949374927063,9.26737769531948e-08,0.190905359404251,1.11161616176658e-08
"root15",11,"M2",3.94524731278804e-05,0.0992942617270184,0.119949374927063,4.56625846387505e-08,0.190905359404251,5.47719848497223e-09
"root15",11,"M3",3.76081383103712e-05,0.0992942617270184,0.119949374927063,4.35279378592259e-08,0.190905359404251,5.22114893807819e-09
"root15",12,"M1",8.94713780830393e-05,0.0803103249238143,0.1173912193808,1.03554835744258e-07,0.186833928400394,1.2156428440797e-08
"root15",12,"M2",4.5638953714766e-05,0.0803103249238143,0.1173912193808,5.2822863095794e-08,0.186833928400394,6.20094031000032e-09
"root15",12,"M3",4.3390180149347e-05,0.0803103249238143,0.1173912193808,5.02201159135961e-08,0.186833928400394,5.89540064454216e-09
"root15",13,"M1",7.40033379805327e-05,0.318568884841973,0.157145701697232,8.56520115515425e-08,0.250105152107589,1.34598454570466e-08
"root15",13,"M2",4.0707899943103e-05,0.318568884841973,0.157145701697232,4.7115624934147e-08,0.250105152107589,7.40401794118013e-09
"root15",13,"M3",3.87995390658316e-05,0.318568884841973,0.157145701697232,4.49068739187866e-08,0.250105152107589,7.05692221299684e-09
"root15",14,"M1",8.50980914098782e-05,0.442925248796692,0.154021968783858,9.84931613540257e-08,0.245133576766966,1.51701106234932e-08
"root15",14,"M2",4.67146825651224e-05,0.442925248796692,0.154021968783858,5.40679196355583e-08,0.245133576766966,8.32764743031611e-09
"root15",14,"M3",4.42484200885246e-05,0.442925248796692,0.154021968783858,5.12134491765331e-08,0.245133576766966,7.88799627038168e-09
"root15",15,"M1",8.80536329194229e-05,0.891734851996353,0.158266793617346,1.01913926990073e-07,0.251889425315054,1.61295904496711e-08
"root15",15,"M2",4.65433204308975e-05,0.891734851996353,0.158266793617346,5.38695838320573e-08,0.251889425315054,8.52576630660053e-09
"root15",15,"M3",4.41619826514919e-05,0.891734851996353,0.158266793617346,5.11134058466341e-08,0.251889425315054,8.08955485420889e-09
"root15",17,"M1",9.17453140987976e-05,0.325736294782861,0.128203301864112,1.06186706132868e-07,0.204041892123758,1.36134863403078e-08
"root15",17,"M2",4.52378272205156e-05,0.325736294782861,0.128203301864112,5.23585963200412e-08,0.204041892123758,6.71254492919943e-09
"root15",17,"M3",4.33265684264026e-05,0.325736294782861,0.128203301864112,5.01464912342623e-08,0.204041892123758,6.42894575313217e-09
"root15",18,"M1",8.00563629997119e-05,0.385830099945502,0.164627256949769,9.26578275459628e-08,0.262012417112153,1.52540039838166e-08
"root15",18,"M2",4.51637752326591e-05,0.385830099945502,0.164627256949769,5.22728880007628e-08,0.262012417112153,8.60554216440808e-09
"root15",18,"M3",4.29582582026894e-05,0.385830099945502,0.164627256949769,4.97202062531127e-08,0.262012417112153,8.1853011704267e-09
"root15",19,"M1",0.000104080355314951,0.55206215656451,0.129708555718694,1.20463374207119e-07,0.206437578039407,1.5625130285406e-08
"root15",19,"M2",5.25285349049434e-05,0.55206215656451,0.129708555718694,6.079691539924e-08,0.206437578039407,7.88588008858705e-09
"root15",19,"M3",4.95706203791147e-05,0.55206215656451,0.129708555718694,5.73734032165679e-08,0.206437578039407,7.4418212678873e-09
"root15",20,"M1",7.28327118263932e-05,0.267719302557077,0.152938656314306,8.42971201694366e-08,0.243409431422543,1.28922882898792e-08
"root15",20,"M2",3.99962740633867e-05,0.267719302557077,0.152938656314306,4.62919838696605e-08,0.243409431422543,7.07983381114941e-09
"root15",20,"M3",3.81924032739357e-05,0.267719302557077,0.152938656314306,4.42041704559441e-08,0.243409431422543,6.76052643302063e-09
"root15",21,"M1",9.2149175174024e-05,0.893192491340139,0.148476431630839,1.06654137932898e-07,0.236307580266939,1.583562581894e-08
"root15",21,"M2",5.04964049099183e-05,0.893192491340139,0.148476431630839,5.84449130901832e-08,0.236307580266939,8.67769214260491e-09
"root15",21,"M3",4.75581761252948e-05,0.893192491340139,0.148476431630839,5.50441853302023e-08,0.236307580266939,8.17276421985502e-09
"root15",24,"M1",8.71357562157745e-05,0.74154203452808,0.16594323849912,1.00851569694183e-07,0.264106866798123,1.67356360827725e-08
"root15",24,"M2",4.96894966614882e-05,0.74154203452808,0.16594323849912,5.75109915063521e-08,0.264106866798123,9.54356017985945e-09
"root15",24,"M3",4.71730468873626e-05,0.74154203452808,0.16594323849912,5.45984338974104e-08,0.264106866798123,9.06024093791641e-09
"root15",25,"M1",9.97968703397086e-05,0.947718357745543,0.146885886986384,1.15505636967255e-07,0.233776149843205,1.69661479378626e-08
"root15",25,"M2",5.07542327591758e-05,0.947718357745543,0.146885886986384,5.87433249527498e-08,0.233776149843205,8.62856539021403e-09
"root15",25,"M3",4.8321934602706e-05,0.947718357745543,0.146885886986384,5.59281650494282e-08,0.233776149843205,8.21505813080615e-09
"root15",26,"M1",9.48232588365232e-05,0.974987790601145,0.144016181472169,1.09749142171902e-07,0.229208871665151,1.58056523754435e-08
"root15",26,"M2",5.08380185258875e-05,0.974987790601145,0.144016181472169,5.88402992197772e-08,0.229208871665151,8.47395521031216e-09
"root15",26,"M3",4.7948485614973e-05,0.974987790601145,0.144016181472169,5.54959324247373e-08,0.229208871665151,7.99231227504819e-09
"root15",28,"M1",4.13038850219083e-05,1.95940227923728,0.317468580336815,4.78054224790605e-08,0.505266938369706,1.5176719606829e-08
"root15",28,"M2",3.18544463407891e-05,1.95940227923728,0.317468580336815,3.68685721536911e-08,0.505266938369706,1.17046132606777e-08
"root15",28,"M3",3.08651223797828e-05,1.95940227923728,0.317468580336815,3.57235212728968e-08,0.505266938369706,1.13410955831385e-08
"root15",29,"M1",6.20630614051188e-05,5.09880376935716,0.307230665252042,7.18322469966653e-08,0.488972790442739,2.20690690313345e-08
"root15",29,"M2",4.3709612436746e-05,5.09880376935716,0.307230665252042,5.05898292091968e-08,0.488972790442739,1.55427468829287e-08
"root15",29,"M3",4.22403279628483e-05,5.09880376935716,0.307230665252042,4.88892684755189e-08,0.488972790442739,1.50202824774193e-08
"root15",30,"M1",3.71692812603809e-05,9.88480425863004,0.397570552776985,4.30200014587742e-08,0.632753187022344,1.71034857604316e-08
"root15",30,"M2",3.35407521130561e-05,9.88480425863004,0.397570552776985,3.88203149456668e-08,0.632753187022344,1.54338140719254e-08
"root15",30,"M3",3.27040091812614e-05,9.88480425863004,0.397570552776985,3.78518624783118e-08,0.632753187022344,1.50487858891408e-08
"root15",5,"M1",6.64591875228088e-05,0.0432262165964982,0.137631799854592,7.69203559291768e-08,0.219047812734927,1.05866870319884e-08
"root15",5,"M2",3.44004525560439e-05,0.0432262165964982,0.137631799854592,3.98153386065323e-08,0.219047812734927,5.47985671423706e-09
"root15",5,"M3",3.31925126812986e-05,0.0432262165964982,0.137631799854592,3.84172600477993e-08,0.219047812734927,5.28743664586053e-09
"root15",9,"M1",7.28270366343096e-05,0.0236508199488969,0.131403328155086,8.42905516600805e-08,0.209134892146084,1.10760590201628e-08
"root15",9,"M2",4.0650239560095e-05,0.0236508199488969,0.131403328155086,4.70488883797396e-08,0.209134892146084,6.18238051909493e-09
"root15",9,"M3",3.85326162526749e-05,0.0236508199488969,0.131403328155086,4.4597935477633e-08,0.209134892146084,5.86031715060676e-09
"root16",0,"M1",6.60448073221029e-05,0.0348194700176315,0.121888876588132,7.64407492153969e-08,0.193992172169192,9.31727704741985e-09
"root16",0,"M2",3.24451940741497e-05,0.0348194700176315,0.121888876588132,3.75523079561918e-08,0.193992172169192,4.57720863007179e-09
"root16",0,"M3",3.11226913575467e-05,0.0348194700176315,0.121888876588132,3.60216335156791e-08,0.193992172169192,4.39063644209552e-09
"root16",10,"M1",7.54918192954591e-05,0.0581648525550271,0.142407440795575,8.73747908512258e-08,0.226648481356822,1.24428203551717e-08
"root16",10,"M2",4.13107618446952e-05,0.0581648525550271,0.142407440795575,4.78133817646935e-08,0.226648481356822,6.80898133289182e-09
"root16",10,"M3",3.94282549209309e-05,0.0581648525550271,0.142407440795575,4.5634554306633e-08,0.226648481356822,6.49870009065429e-09
"root16",11,"M1",7.09818733609855e-05,0.0344008553646542,0.161117742252277,8.21549460196591e-08,0.256426850992558,1.32366194175452e-08
"root16",11,"M2",4.14198308525558e-05,0.0344008553646542,0.161117742252277,4.79396190423099e-08,0.256426850992558,7.72392318453124e-09
"root16",11,"M3",3.97838533654345e-05,0.0344008553646542,0.161117742252277,4.6046126580364e-08,0.256426850992558,7.41884795409081e-09
"root16",12,"M1",6.15366516665591e-05,0.103836205025296,0.163947901900754,7.12229764659249e-08,0.260931189970501,1.16768575587152e-08
"root16",12,"M2",3.56699089458772e-05,0.103836205025296,0.163947901900754,4.1284616835506e-08,0.260931189970501,6.76852631095776e-09
"root16",12,"M3",3.44646910295849e-05,0.103836205025296,0.163947901900754,3.98896886916492e-08,0.260931189970501,6.53983076847012e-09
"root16",13,"M1",7.48892674239975e-05,0.0664634680951274,0.1265138136592,8.6677392851849e-08,0.201352988132686,1.09658875277241e-08
"root16",13,"M2",3.80665681467653e-05,0.0664634680951274,0.1265138136592,4.4058527947645e-08,0.201352988132686,5.57401239486702e-09
"root16",13,"M3",3.67065601851972e-05,0.0664634680951274,0.1265138136592,4.24844446587931e-08,0.201352988132686,5.37486911497714e-09
"root16",14,"M1",7.11056658032905e-05,0.18177009001105,0.164790192781486,8.2298224309364e-08,0.262271737542399,1.35619402495141e-08
"root16",14,"M2",4.05134979055343e-05,0.18177009001105,0.164790192781486,4.68906225758499e-08,0.262271737542399,7.7271147339182e-09
"root16",14,"M3",3.85380274973751e-05,0.18177009001105,0.164790192781486,4.46041984923323e-08,0.262271737542399,7.3503344684151e-09
"root16",15,"M1",9.32945585639202e-05,0.39785179075284,0.132232225972432,1.07979813152685e-07,0.210454123995571,1.42784110532669e-08
"root16",15,"M2",4.76086169563675e-05,0.39785179075284,0.132232225972432,5.51025659217216e-08,0.210454123995571,7.28633494862193e-09
"root16",15,"M3",4.49287871451328e-05,0.39785179075284,0.132232225972432,5.20009110476074e-08,0.210454123995571,6.87619622041956e-09
"root16",16,"M1",6.46285936927833e-05,0.193132739564195,0.163381436858608,7.4801613070351e-08,0.260029632855038,1.22211950227756e-08
"root16",16,"M2",3.64916654383312e-05,0.193132739564195,0.163381436858608,4.22357238869574e-08,0.260029632855038,6.90053325541453e-09
"root16",16,"M3",3.50924323479221e-05,0.193132739564195,0.163381436858608,4.06162411434284e-08,0.260029632855038,6.63593983780904e-09
"root16",17,"M1",7.82800661666406e-05,0.229441696628838,0.152677177305677,9.06019284336118e-08,0.242993274655162,1.38328466916948e-08
"root16",17,"M2",4.44917038847887e-05,0.229441696628838,0.152677177305677,5.14950276444314e-08,0.242993274655162,7.86211546602959e-09
"root16",17,"M3",4.2120123056915e-05,0.229441696628838,0.152677177305677,4.8750142426985e-08,0.242993274655162,7.44303413900179e-09
"root16",18,"M1",9.14780329631761e-05,0.117270265285775,0.124535838832505,1.05877352966639e-07,0.198204943422888,1.31855249650656e-08
"root16",18,"M2",4.80716956349325e-05,0.117270265285775,0.124535838832505,5.56385366145052e-08,0.198204943422888,6.92899182870045e-09
"root16",18,"M3",4.55045541005614e-05,0.117270265285775,0.124535838832505,5.26673079867609e-08,0.198204943422888,6.55896737918116e-09
"root16",19,"M1",8.77594214253939e-05,0.694284147450148,0.135846203033206,1.01573404427539e-07,0.21620594713,1.37983613206374e-08
"root16",19,"M2",4.53379258986908e-05,0.694284147450148,0.135846203033206,5.24744512716329e-08,0.21620594713,7.12845496150231e-09
"root16",19,"M3",4.35623056468114e-05,0.694284147450148,0.135846203033206,5.0419335239365e-08,0.21620594713,6.84927525172606e-09
"root16",20,"M1",8.42979252750648e-05,0.566899139553355,0.149061504269517,9.75670431424361e-08,0.237238752292073,1.45434902179404e-08
"root16",20,"M2",4.54278160668918e-05,0.566899139553355,0.149061504269517,5.25784908181618e-08,0.237238752292073,7.83742893357619e-09
"root16",20,"M3",4.3637449875603e-05,0.566899139553355,0.149061504269517,5.05063077263924e-08,0.237238752292073,7.52854620479517e-09
"root16",21,"M1",5.92097484521172e-05,0.308110483222799,0.198055709016216,6.85298014492097e-08,0.315215450975008,1.35727184147637e-08
"root16",21,"M2",3.68640409879035e-05,0.308110483222799,0.198055709016216,4.26667141063698e-08,0.315215450975008,8.45038631372925e-09
"root16",21,"M3",3.56193362332028e-05,0.308110483222799,0.198055709016216,4.1226083603244e-08,0.315215450975008,8.16506121800228e-09
"root16",22,"M1",7.40516587408463e-05,0.272976246614134,0.159083686486329,8.5707938357461e-08,0.253189550695806,1.36347347950479e-08
"root16",22,"M2",4.24160283989771e-05,0.272976246614134,0.159083686486329,4.9092625461779e-08,0.253189550695806,7.80983583775243e-09
"root16",22,"M3",4.07434092334028e-05,0.272976246614134,0.159083686486329,4.71567236497718e-08,0.253189550695806,7.50186544082275e-09
"root16",23,"M1",8.34889998437142e-05,0.81989910771202,0.153466856972598,9.66307868561507e-08,0.244250088879659,1.48296231456025e-08
"root16",23,"M2",4.66617586734376e-05,0.81989910771202,0.153466856972598,5.40066651312935e-08,0.244250088879659,8.28823315327122e-09
"root16",23,"M3",4.41837826802297e-05,0.81989910771202,0.153466856972598,5.1138637361377e-08,0.244250088879659,7.84808594571200e-09
"root16",28,"M1",8.90574474936749e-05,3.21852388646817,0.204627711483081,1.03075749413976e-07,0.325675117761145,2.10921547119853e-08
"root16",28,"M2",5.40675340539966e-05,3.21852388646817,0.204627711483081,6.25781644143479e-08,0.325675117761145,1.280522657292e-08
"root16",28,"M3",5.11945668606924e-05,3.21852388646817,0.204627711483081,5.92529709035792e-08,0.325675117761145,1.2124799834573e-08
"root16",29,"M1",8.36005728400449e-05,4.79175937955457,0.215936711149086,9.67599222685705e-08,0.343673949743838,2.08940193857163e-08
"root16",29,"M2",5.08286139084456e-05,4.79175937955457,0.215936711149086,5.88294142458861e-08,0.343673949743838,1.27034302310838e-08
"root16",29,"M3",4.87486195262508e-05,4.79175937955457,0.215936711149086,5.6422013340568e-08,0.343673949743838,1.21835839971721e-08
"root16",30,"M1",4.59065023304209e-05,9.11064571805801,0.378728712267466,5.31325258453946e-08,0.602765466481954,2.01228130929441e-08
"root16",30,"M2",3.48493649651147e-05,9.11064571805801,0.378728712267466,4.03349131540679e-08,0.602765466481954,1.52759897182602e-08
"root16",30,"M3",3.39380715684303e-05,9.11064571805801,0.378728712267466,3.9280175426424e-08,0.602765466481954,1.48765302568897e-08
"root16",7,"M1",6.83514934514441e-05,0.0337760230901322,0.129601755420481,7.91105248280603e-08,0.206267600085564,1.02528628899522e-08
"root16",7,"M2",3.65395790526871e-05,0.0337760230901322,0.129601755420481,4.22911794591286e-08,0.206267600085564,5.48101109670565e-09
"root16",7,"M3",3.49498128842273e-05,0.0337760230901322,0.129601755420481,4.04511723197075e-08,0.206267600085564,5.24254294145046e-09
"root16",8,"M1",7.44704903607062e-05,0.0358250083941494,0.113545467834986,8.61926971767433e-08,0.180713224716198,9.78679012489259e-09
"root16",8,"M2",3.73868899421806e-05,0.0358250083941494,0.113545467834986,4.32718633590053e-08,0.180713224716198,4.91332396918985e-09
"root16",8,"M3",3.55502982156297e-05,0.0358250083941494,0.113545467834986,4.11461784903121e-08,0.180713224716198,4.67196208630433e-09
"root17",0,"M1",6.22270789434092e-05,0.00661711209839255,0.129939789687213,7.20220821104273e-08,0.206805598330412,9.35853420226411e-09
"root17",0,"M2",3.14598948087916e-05,0.00661711209839255,0.129939789687213,3.64119152879532e-08,0.206805598330412,4.73135661462526e-09
"root17",0,"M3",3.05132548905611e-05,0.00661711209839255,0.129939789687213,3.53162672344457e-08,0.206805598330412,4.58898833698129e-09
"root17",10,"M1",9.07529470481681e-05,0.0732388256492087,0.112410958282439,1.05038133157602e-07,0.17890759668347,1.18074372044445e-08
"root17",10,"M2",4.51941474332138e-05,0.0732388256492087,0.112410958282439,5.23080410106641e-08,0.17890759668347,5.87999701588587e-09
"root17",10,"M3",4.23188319168329e-05,0.0732388256492087,0.112410958282439,4.89801295333714e-08,0.17890759668347,5.50590329764427e-09
"root17",12,"M1",6.70057069690374e-05,0.062630138757745,0.144070175180409,7.7552901584534e-08,0.229294805320774,1.11730601170328e-08
"root17",12,"M2",3.85553535325911e-05,0.062630138757745,0.144070175180409,4.46242517738323e-08,0.229294805320774,6.42902377035069e-09
"root17",12,"M3",3.670478741487e-05,0.062630138757745,0.144070175180409,4.24823928412847e-08,0.229294805320774,6.12044577872684e-09
"root17",13,"M1",6.709738762036e-05,0.0559670417127346,0.147312439324702,7.76590134494907e-08,0.234455028974512,1.14401387067943e-08
"root17",13,"M2",3.58848201925483e-05,0.0559670417127346,0.147312439324702,4.15333567043383e-08,0.234455028974512,6.11838008945904e-09
"root17",13,"M3",3.44316385226814e-05,0.0559670417127346,0.147312439324702,3.98514334753257e-08,0.234455028974512,5.87061187583631e-09
"root17",15,"M1",9.39053354504153e-05,0.40232627384543,0.138543444844494,1.08686730845388e-07,0.220498740799806,1.50578341002064e-08
"root17",15,"M2",4.88530461415258e-05,0.40232627384543,0.138543444844494,5.65428774786178e-08,0.220498740799806,7.83364502730787e-09
"root17",15,"M3",4.60521053685714e-05,0.40232627384543,0.138543444844494,5.3301047880291e-08,0.220498740799806,7.38451078715682e-09
"root17",16,"M1",5.70895582350443e-05,0.408677592425775,0.188292053793618,6.60758775868568e-08,0.299676111061794,1.2441562697045e-08
"root17",16,"M2",3.27772654411864e-05,0.408677592425775,0.188292053793618,3.7936649816188e-08,0.299676111061794,7.14316970793931e-09
"root17",16,"M3",3.17848622323026e-05,0.408677592425775,0.188292053793618,3.6788034991091e-08,0.299676111061794,6.926894663504e-09
"root17",2,"M1",8.51732968443823e-05,0.0298740174284816,0.10438776464221,9.8580204680998e-08,0.166138287411211,1.02905672046209e-08
"root17",2,"M2",4.10529358134054e-05,0.0298740174284816,0.10438776464221,4.75149720062562e-08,0.166138287411211,4.95998171477027e-09
"root17",2,"M3",3.86296473097533e-05,0.0298740174284816,0.10438776464221,4.47102399418441e-08,0.166138287411211,4.66720200414596e-09
"root17",20,"M1",7.69262729175889e-05,0.206232905046956,0.154540714168269,8.90350380990612e-08,0.245959185688317,1.3759538373828e-08
"root17",20,"M2",4.2768658259198e-05,0.206232905046956,0.154540714168269,4.95007618740718e-08,0.245959185688317,7.64988309189247e-09
"root17",20,"M3",4.07671065758435e-05,0.206232905046956,0.154540714168269,4.71841511294485e-08,0.245959185688317,7.29187241296851e-09
"root17",23,"M1",8.18465361287052e-05,0.378854170291474,0.160210263813613,9.47297871860014e-08,0.254982554199931,1.51766841960767e-08
"root17",23,"M2",4.62459164348376e-05,0.378854170291474,0.160210263813613,5.3525366244025e-08,0.254982554199931,8.5753130466755e-09
"root17",23,"M3",4.38370947421162e-05,0.378854170291474,0.160210263813613,5.07373781737456e-08,0.254982554199931,8.12864874242683e-09
"root17",24,"M1",8.86693598799361e-05,0.77786134207498,0.16383464859021,1.02626573935111e-07,0.260750941728555,1.68137886766762e-08
"root17",24,"M2",5.10817390388341e-05,0.77786134207498,0.16383464859021,5.91223831467987e-08,0.260750941728555,9.68629486667152e-09
"root17",24,"M3",4.82566864167444e-05,0.77786134207498,0.16383464859021,5.58526463156764e-08,0.260750941728555,9.15059868196213e-09
"root17",25,"M1",8.81655021879965e-05,0.912459537204877,0.16307982350136,1.02043405310181e-07,0.259549600287953,1.66412205274621e-08
"root17",25,"M2",5.08434091928492e-05,0.912459537204877,0.16307982350136,5.88465384176495e-08,0.259549600287953,9.59668309881629e-09
"root17",25,"M3",4.81060287251028e-05,0.912459537204877,0.16307982350136,5.56782739873875e-08,0.259549600287953,9.08000309472352e-09
"root17",26,"M1",7.94985030644655e-05,2.5320506451667,0.207967260615416,9.20121563246128e-08,0.330990175282239,1.91355160941472e-08
"root17",26,"M2",5.00339408335964e-05,2.5320506451667,0.207967260615416,5.79096537425884e-08,0.330990175282239,1.20433120520334e-08
"root17",26,"M3",4.75462921344293e-05,2.5320506451667,0.207967260615416,5.5030430711145e-08,0.330990175282239,1.14445279254833e-08
"root17",27,"M1",8.32830246012727e-05,5.31812803238948,0.233876895139288,9.63923895848064e-08,0.372226639364026,2.25439527911512e-08
"root17",27,"M2",5.22130020347822e-05,5.31812803238948,0.233876895139288,6.0431715318035e-08,0.372226639364026,1.41335819465234e-08
"root17",27,"M3",4.96746978883969e-05,5.31812803238948,0.233876895139288,5.74938632967557e-08,0.372226639364026,1.34464862374079e-08
"root17",30,"M1",3.52241632473871e-05,7.48559387178014,0.456203178003858,4.07687074622536e-08,0.726069908335458,1.85988139073897e-08
"root17",30,"M2",2.91426425935766e-05,7.48559387178014,0.456203178003858,3.37299104092322e-08,0.726069908335458,1.53876923224771e-08
"root17",30,"M3",2.82060509793427e-05,7.48559387178014,0.456203178003858,3.26458923372022e-08,0.726069908335458,1.48931598330034e-08
"root17",8,"M1",7.9368384290758e-05,0.0921019058156201,0.131021457213904,9.1861555892081e-08,0.208527125666961,1.20358349149169e-08
"root17",8,"M2",4.16608090810975e-05,0.0921019058156201,0.131021457213904,4.8218529029048e-08,0.208527125666961,6.3176619380968e-09
"root17",8,"M3",3.9546342945927e-05,0.0921019058156201,0.131021457213904,4.57712302614896e-08,0.208527125666961,5.99701328733351e-09
"root17",9,"M1",7.42898432905084e-05,0.135312600350162,0.134720577791319,8.59836149195699e-08,0.214414458916846,1.15837622825507e-08
"root17",9,"M2",3.85022305259892e-05,0.135312600350162,0.134720577791319,4.45627668124875e-08,0.214414458916846,6.00352169295813e-09
"root17",9,"M3",3.68386420069381e-05,0.135312600350162,0.134720577791319,4.26373171376598e-08,0.214414458916846,5.74412400025724e-09
"root18",1,"M1",6.67103424542856e-05,0.0204778134539349,0.137204602017038,7.7211044507275e-08,0.218367906259678,1.05937106329405e-08
"root18",1,"M2",3.4469113443731e-05,0.0204778134539349,0.137204602017038,3.98948072265405e-08,0.218367906259678,5.47375114806394e-09
"root18",1,"M3",3.30139276244478e-05,0.0204778134539349,0.137204602017038,3.82105643801479e-08,0.218367906259678,5.2426652786246e-09
"root18",10,"M1",8.00746723240043e-05,0.0230174489205934,0.131315608518074,9.26790188935235e-08,0.208995282007717,1.21702017628611e-08
"root18",10,"M2",4.60282542464866e-05,0.0230174489205934,0.131315608518074,5.3273442414915e-08,0.208995282007717,6.99563450856714e-09
"root18",10,"M3",4.34779073015398e-05,0.0230174489205934,0.131315608518074,5.03216519693748e-08,0.208995282007717,6.60801834999318e-09
"root18",11,"M1",7.82318391720589e-05,0.311757982489357,0.135479927578778,9.05461101528459e-08,0.215623001638945,1.22671804460476e-08
"root18",11,"M2",3.96587768201846e-05,0.311757982489357,0.135479927578778,4.59013620603988e-08,0.215623001638945,6.2187132077101e-09
"root18",11,"M3",3.78393889797903e-05,0.311757982489357,0.135479927578778,4.37955890969795e-08,0.215623001638945,5.9334232391287e-09
"root18",12,"M1",7.4687716292924e-05,0.18196997706451,0.149420548616548,8.64441160797731e-08,0.237810189118265,1.29165272493123e-08
"root18",12,"M2",4.08251077315841e-05,0.18196997706451,0.149420548616548,4.72512820967409e-08,0.237810189118265,7.06031249373029e-09
"root18",12,"M3",3.92054259445406e-05,0.18196997706451,0.149420548616548,4.53766503987738e-08,0.237810189118265,6.78020399696609e-09
"root18",14,"M1",8.56581445894983e-05,0.381580776010724,0.145373904485144,9.91413710526601e-08,0.231369754953797,1.44125682059356e-08
"root18",14,"M2",4.58632241867616e-05,0.381580776010724,0.145373904485144,5.30824354013444e-08,0.231369754953797,7.71680089387387e-09
"root18",14,"M3",4.35733529913627e-05,0.381580776010724,0.145373904485144,5.04321215177809e-08,0.231369754953797,7.33151441650906e-09
"root18",15,"M1",8.84856476206096e-05,0.35117831985235,0.139686760300654,1.02413944005335e-07,0.222318383863418,1.43058720477179e-08
"root18",15,"M2",4.66773941214728e-05,0.35117831985235,0.139686760300654,5.40247617146676e-08,0.222318383863418,7.54654393993672e-09
"root18",15,"M3",4.45710625487118e-05,0.35117831985235,0.139686760300654,5.15868779498979e-08,0.222318383863418,7.20600385484648e-09
"root18",16,"M1",9.24155832898044e-05,0.179643532752816,0.121248032459408,1.06962480659496e-07,0.192972237060814,1.29689903269414e-08
"root18",16,"M2",4.5962989633493e-05,0.179643532752816,0.121248032459408,5.31979046683947e-08,0.192972237060814,6.45014127200601e-09
"root18",16,"M3",4.32340800927258e-05,0.179643532752816,0.121248032459408,5.0039444551766e-08,0.192972237060814,6.06718419726327e-09
"root18",17,"M1",8.71485439614899e-05,0.0699425503530792,0.125607982250216,1.00866370325798e-07,0.199911312669209,1.26696212535266e-08
"root18",17,"M2",4.73216007238769e-05,0.0699425503530792,0.125607982250216,5.47703712081909e-08,0.199911312669209,6.87959581455618e-09
"root18",17,"M3",4.46467613050787e-05,0.0699425503530792,0.125607982250216,5.16744922512485e-08,0.199911312669209,6.49072870548374e-09
"root18",18,"M1",8.87743678777669e-05,0.472576849942371,0.138989362777281,1.02748110969638e-07,0.22120844123197,1.42808944702393e-08
"root18",18,"M2",4.50242578801772e-05,0.472576849942371,0.138989362777281,5.21114095835384e-08,0.22120844123197,7.2429316114419e-09
"root18",18,"M3",4.25246020902427e-05,0.472576849942371,0.138989362777281,4.92182894562994e-08,0.22120844123197,6.84081868851882e-09
"root18",20,"M1",8.56757314402382e-05,0.437854078023922,0.138957037309254,9.91617262039794e-08,0.221156993651727,1.37792196877764e-08
"root18",20,"M2",4.30169371201151e-05,0.437854078023922,0.138957037309254,4.97881216667999e-08,0.221156993651727,6.91840988001119e-09
"root18",20,"M3",4.0615263146248e-05,0.437854078023922,0.138957037309254,4.70084064192685e-08,0.221156993651727,6.53214888465087e-09
"root18",22,"M1",8.95471834743409e-05,0.271822444487386,0.144780626128487,1.03642573465672e-07,0.230425523122883,1.50054366799278e-08
"root18",22,"M2",4.80029199485372e-05,0.271822444487386,0.144780626128487,5.55589351256218e-08,0.230425523122883,8.04385741451951e-09
"root18",22,"M3",4.57955898478708e-05,0.271822444487386,0.144780626128487,5.30041549165171e-08,0.230425523122883,7.67397473622467e-09
"root18",24,"M1",0.0001026733125176,0.971748190492053,0.127364212468066,1.18834852450926e-07,0.202706439872991,1.5135307396171e-08
"root18",24,"M2",5.21574062550413e-05,0.971748190492053,0.127364212468066,6.03673683507422e-08,0.202706439872991,7.68864232876194e-09
"root18",24,"M3",4.91010330133997e-05,0.971748190492053,0.127364212468066,5.68298993210645e-08,0.202706439872991,7.23809537166686e-09
"root18",25,"M1",9.72484766543525e-05,0.852072093998231,0.15088394249732,1.12556107238834e-07,0.240139252816418,1.69829092123464e-08
"root18",25,"M2",5.24457052807486e-05,0.852072093998231,0.15088394249732,6.07010477786442e-08,0.240139252816418,9.15881340256003e-09
"root18",25,"M3",4.93973003686896e-05,0.852072093998231,0.15088394249732,5.717280135265e-08,0.240139252816418,8.62645767170394e-09
"root18",26,"M1",5.58512327098744e-05,1.03976852500226,0.238395194318609,6.46426304512435e-08,0.379417735851595,1.54104924476902e-08
"root18",26,"M2",3.82300638948926e-05,1.03976852500226,0.238395194318609,4.42477591376072e-08,0.379417735851595,1.05484531377729e-08
"root18",26,"M3",3.69170156363911e-05,1.03976852500226,0.238395194318609,4.27280273569341e-08,0.379417735851595,1.01861563846072e-08
"root18",27,"M1",6.93018818673393e-05,1.43961056811325,0.215145741672017,8.02105114205316e-08,0.342415082722735,1.72569499694621e-08
"root18",27,"M2",4.35910528189674e-05,1.43961056811325,0.215145741672017,5.04526074293604e-08,0.342415082722735,1.08546636446769e-08
"root18",27,"M3",4.16835819205524e-05,1.43961056811325,0.215145741672017,4.82448864821208e-08,0.342415082722735,1.03796818840782e-08
"root18",29,"M1",5.14330817284836e-05,6.57670991494269,0.30553689355917,5.95290297783375e-08,0.486277069068842,1.81883148350646e-08
"root18",29,"M2",4.03159224655359e-05,6.57670991494269,0.30553689355917,4.6661947298074e-08,0.486277069068842,1.42569464248752e-08
"root18",29,"M3",3.88329058372975e-05,6.57670991494269,0.30553689355917,4.49454928672425e-08,0.486277069068842,1.37325062701431e-08
"root18",3,"M1",6.60703659288326e-05,0.0366685765777643,0.151013661913634,7.64703309361488e-08,0.240345707679631,1.15480647024153e-08
"root18",3,"M2",3.53164693854719e-05,0.0366685765777643,0.151013661913634,4.08755432702221e-08,0.240345707679631,6.17276547194544e-09
"root18",3,"M3",3.3816308778301e-05,0.0366685765777643,0.151013661913634,3.91392462711817e-08,0.240345707679631,5.91056090395069e-09
"root18",30,"M1",5.88367716654874e-05,5.1947491151186,0.275143180787343,6.80981153535734e-08,0.437903972803326,1.87367320640056e-08
"root18",30,"M2",4.18185022456678e-05,5.1947491151186,0.275143180787343,4.84010442658192e-08,0.437903972803326,1.33172172727265e-08
"root18",30,"M3",4.03009239570855e-05,5.1947491151186,0.275143180787343,4.66445879132934e-08,0.437903972803326,1.28339402849784e-08
"root18",8,"M1",7.0867674064823e-05,0.0680579115696848,0.142637034168675,8.202277090836e-08,0.227013890559122,1.16994847766651e-08
"root18",8,"M2",3.85096818574585e-05,0.0680579115696848,0.142637034168675,4.45713910387251e-08,0.227013890559122,6.35753102653601e-09
"root18",8,"M3",3.70650822799447e-05,0.0680579115696848,0.142637034168675,4.2899400786973e-08,0.227013890559122,6.11904329586715e-09
"root18",9,"M1",6.63795797813997e-05,0.0218259695476749,0.13448963959599,7.6828217339583e-08,0.214046909363493,1.03325992608029e-08
"root18",9,"M2",3.66359945913221e-05,0.0218259695476749,0.13448963959599,4.24027715177339e-08,0.214046909363493,5.70273345929114e-09
"root18",9,"M3",3.50005470768782e-05,0.0218259695476749,0.13448963959599,4.05098924500905e-08,0.214046909363493,5.44816083568499e-09
"root19",0,"M1",5.9400283977523e-05,0.0121769056802365,0.135598497037062,6.87503286776887e-08,0.215811710792801,9.3224412394986e-09
"root19",0,"M2",3.0751571831962e-05,0.0121769056802365,0.135598497037062,3.55920970277338e-08,0.215811710792801,4.82623486335799e-09
"root19",0,"M3",2.97427606243751e-05,0.0121769056802365,0.135598497037062,3.44244914633971e-08,0.215811710792801,4.66790930370182e-09
"root19",10,"M1",5.51411574520519e-05,0.0366064970493647,0.147828401263481,6.3820784088023e-08,0.235276207904552,9.43452447911425e-09
"root19",10,"M2",3.04567819844998e-05,0.0366064970493647,0.147828401263481,3.52509050746525e-08,0.235276207904552,5.21108494027662e-09
"root19",10,"M3",2.94075186150634e-05,0.0366064970493647,0.147828401263481,3.40364798785456e-08,0.235276207904552,5.03155840508204e-09
"root19",11,"M1",9.10905912293543e-05,0.175220426780099,0.125159823419797,1.05428925033975e-07,0.199198045737695,1.31954656405913e-08
"root19",11,"M2",4.63487334950307e-05,0.175220426780099,0.125159823419797,5.36443674711003e-08,0.199198045737695,6.71411956014962e-09
"root19",11,"M3",4.40222112010713e-05,0.175220426780099,0.125159823419797,5.09516333345733e-08,0.199198045737695,6.37709743110543e-09
"root19",12,"M1",7.56454934689181e-05,0.211277711837692,0.14112486716939,8.75526544779145e-08,0.224607202031956,1.23558567335232e-08
"root19",12,"M2",4.02877091524892e-05,0.211277711837692,0.14112486716939,4.66292930005662e-08,0.224607202031956,6.58055278090747e-09
"root19",12,"M3",3.82776854508536e-05,0.211277711837692,0.14112486716939,4.43028766792287e-08,0.224607202031956,6.25223758657802e-09
"root19",13,"M1",9.50008456142788e-05,0.143299763170331,0.124935338266073,1.09954682423934e-07,0.198840766519035,1.37372254425728e-08
"root19",13,"M2",5.01658246097028e-05,0.143299763170331,0.124935338266073,5.80622970019708e-08,0.198840766519035,7.25403271644642e-09
"root19",13,"M3",4.71057836692347e-05,0.143299763170331,0.124935338266073,5.45205829505031e-08,0.198840766519035,6.8115474733846e-09
"root19",14,"M1",8.55201368187955e-05,0.145666209844491,0.135495221571877,9.89816398365689e-08,0.215647342784958,1.34115392212036e-08
"root19",14,"M2",4.50894219102953e-05,0.145666209844491,0.135495221571877,5.21868309146936e-08,0.215647342784958,7.07106621792049e-09
"root19",14,"M3",4.2439718818087e-05,0.145666209844491,0.135495221571877,4.91200449283414e-08,0.215647342784958,6.65553137118617e-09
"root19",15,"M1",7.70719764538282e-05,0.22498716461506,0.140902358605755,8.920367645119e-08,0.224253068654128,1.25690084082773e-08
"root19",15,"M2",4.08992528291002e-05,0.22498716461506,0.140902358605755,4.73370981818289e-08,0.224253068654128,6.66990878337189e-09
"root19",15,"M3",3.90164780016178e-05,0.22498716461506,0.140902358605755,4.51579606500206e-08,0.224253068654128,6.36286316541378e-09
"root19",16,"M1",5.94702513170353e-05,0.394324417209576,0.190942992145622,6.88313093947168e-08,0.303895210487327,1.31428561691283e-08
"root19",16,"M2",3.46105940294158e-05,0.394324417209576,0.190942992145622,4.00585579044164e-08,0.303895210487327,7.64890090730793e-09
"root19",16,"M3",3.36264390357662e-05,0.394324417209576,0.190942992145622,3.89194896247294e-08,0.303895210487327,7.43140380172632e-09
"root19",17,"M1",8.52992510336963e-05,0.228075345814932,0.150076660735147,9.8725984992704e-08,0.23885442398724,1.48164661554933e-08
"root19",17,"M2",4.62407695421354e-05,0.228075345814932,0.150076660735147,5.35194091922863e-08,0.23885442398724,8.03201421609626e-09
"root19",17,"M3",4.44111138344433e-05,0.228075345814932,0.150076660735147,5.14017521231983e-08,0.23885442398724,7.71420331458535e-09
"root19",18,"M1",8.50921887075366e-05,0.321767145291979,0.135760742089829,9.84863295226118e-08,0.216069931814202,1.33705771816932e-08
"root19",18,"M2",4.40826090048363e-05,0.321767145291979,0.135760742089829,5.1021538200042e-08,0.216069931814202,6.92672188860226e-09
"root19",18,"M3",4.20241007371063e-05,0.321767145291979,0.135760742089829,4.86390054827619e-08,0.216069931814202,6.60326747885102e-09
"root19",20,"M1",7.38556420771893e-05,0.389364740673503,0.167878725295476,8.54810672189691e-08,0.267187289707414,1.43504526016174e-08
"root19",20,"M2",4.12610916510785e-05,0.389364740673503,0.167878725295476,4.77558931146742e-08,0.267187289707414,8.0171984614385e-09
"root19",20,"M3",3.94087729467334e-05,0.389364740673503,0.167878725295476,4.56120057253859e-08,0.267187289707414,7.65728537934773e-09
"root19",21,"M1",7.38815914207927e-05,0.378479688878666,0.165463612863353,8.5511101181473e-08,0.263343518890463,1.41489757414103e-08
"root19",21,"M2",4.42075878643196e-05,0.378479688878666,0.165463612863353,5.11661896577773e-08,0.263343518890463,8.46614259722736e-09
"root19",21,"M3",4.24490873970369e-05,0.378479688878666,0.165463612863353,4.91308881910149e-08,0.263343518890463,8.12937426327078e-09
"root19",23,"M1",6.00010742272622e-05,0.101588621349952,0.168266142485656,6.9445687763035e-08,0.267803883315973,1.16853579921492e-08
"root19",23,"M2",3.61377468136179e-05,0.101588621349952,0.168266142485656,4.18260958490948e-08,0.267803883315973,7.03791580376249e-09
"root19",23,"M3",3.48735653545455e-05,0.101588621349952,0.168266142485656,4.03629228640573e-08,0.267803883315973,6.79171332978101e-09
"root19",26,"M1",6.77584221552886e-05,2.1167132445632,0.214259614297892,7.84240997167692e-08,0.341004767204724,1.68031173569744e-08
"root19",26,"M2",4.3544161977769e-05,2.1167132445632,0.214259614297892,5.03983356224178e-08,0.341004767204724,1.0798327951715e-08
"root19",26,"M3",4.17777331123248e-05,2.1167132445632,0.214259614297892,4.83538577688944e-08,0.341004767204724,1.03602789153785e-08
"root19",27,"M1",8.22207993595362e-05,4.73087611402671,0.198536564541732,9.51629622216854e-08,0.315980756312998,1.8893327591108e-08
"root19",27,"M2",5.06215461989008e-05,4.73087611402671,0.198536564541732,5.85897525450241e-08,0.315980756312998,1.16322081876393e-08
"root19",27,"M3",4.81013542838697e-05,4.73087611402671,0.198536564541732,5.56728637544788e-08,0.315980756312998,1.10530991080141e-08
"root19",30,"M1",6.66159383376063e-05,12.0544793608867,0.307720993490488,7.71017804833406e-08,0.489753172071601,2.37258364902191e-08
"root19",30,"M2",4.64422299863188e-05,12.0544793608867,0.307720993490488,5.37525810026838e-08,0.489753172071601,1.65407976288238e-08
"root19",30,"M3",4.43515436982472e-05,12.0544793608867,0.307720993490488,5.13328052063046e-08,0.489753172071601,1.57961818167378e-08
"root19",4,"M1",8.42691913970281e-05,0.0215093742784924,0.136973480919229,9.75337863391529e-08,0.218000065607987,1.33595422221061e-08
"root19",4,"M2",4.47348980612598e-05,0.0215093742784924,0.136973480919229,5.17765023857174e-08,0.218000065607987,7.09200776159447e-09
"root19",4,"M3",4.20202162469588e-05,0.0215093742784924,0.136973480919229,4.86345095450912e-08,0.218000065607987,6.66163806519061e-09
"root19",5,"M1",7.45359581526961e-05,0.0368346850415811,0.135877285903401,8.6268470084139e-08,0.21625541705437,1.17219255740716e-08
"root19",5,"M2",3.89333227119237e-05,0.0368346850415811,0.135877285903401,4.50617161017635e-08,0.21625541705437,6.12286368205721e-09
"root19",5,"M3",3.71056055319675e-05,0.0368346850415811,0.135877285903401,4.29463026990365e-08,0.21625541705437,5.83542705033098e-09
"root19",7,"M1",7.45717062901001e-05,0.106351975501505,0.122893465927904,8.63098452431714e-08,0.195591025761213,1.06069160256344e-08
"root19",7,"M2",3.74754092628263e-05,0.106351975501505,0.122893465927904,4.33743162764193e-08,0.195591025761213,5.33042005946227e-09
"root19",7,"M3",3.55572961332515e-05,0.106351975501505,0.122893465927904,4.1154277932004e-08,0.195591025761213,5.05759185282423e-09
"root19",8,"M1",8.04059196656269e-05,0.0317631496541176,0.132010589584964,9.30624070204015e-08,0.210101378729225,1.22852232189591e-08
"root19",8,"M2",4.47117591046554e-05,0.0317631496541176,0.132010589584964,5.17497211859437e-08,0.210101378729225,6.83151120461394e-09
"root19",8,"M3",4.20068388308146e-05,0.0317631496541176,0.132010589584964,4.86190264245539e-08,0.210101378729225,6.41822634335231e-09
"root19",9,"M1",7.03043236028104e-05,0.0523103772144701,0.134099329538421,8.13707449106602e-08,0.213425711613487,1.09117623365614e-08
"root19",9,"M2",3.70674107244648e-05,0.0523103772144701,0.134099329538421,4.29020957459083e-08,0.213425711613487,5.75314227531945e-09
"root19",9,"M3",3.56177810194788e-05,0.0523103772144701,0.134099329538421,4.12242835873597e-08,0.213425711613487,5.52814878976667e-09
"root2",10,"M1",8.30712554947043e-05,0.0433332674286976,0.126031379724283,9.6147286452204e-08,0.200585170678113,1.21175751683171e-08
"root2",10,"M2",4.53257947417182e-05,0.0433332674286976,0.126031379724283,5.24604105806924e-08,0.200585170678113,6.61165792638703e-09
"root2",10,"M3",4.23912368484645e-05,0.0433332674286976,0.126031379724283,4.90639315375747e-08,0.200585170678113,6.18359498637829e-09
"root2",11,"M1",7.07551984447467e-05,0.0721098718132183,0.139425072465941,8.18925907925309e-08,0.221901894739002,1.14178804056723e-08
"root2",11,"M2",3.91887951714637e-05,0.0721098718132183,0.139425072465941,4.53574018188237e-08,0.221901894739002,6.3239590354563e-09
"root2",11,"M3",3.75710367134313e-05,0.0721098718132183,0.139425072465941,4.3484996196101e-08,0.221901894739002,6.06289874582256e-09
"root2",13,"M1",8.49970089201789e-05,0.0304836882640395,0.117037272058813,9.83761677316885e-08,0.186270603741511,1.15136783069171e-08
"root2",13,"M2",4.52122974501823e-05,0.0304836882640395,0.117037272058813,5.2329047974748e-08,0.186270603741511,6.12444902439926e-09
"root2",13,"M3",4.28437702204179e-05,0.0304836882640395,0.117037272058813,4.95876970143726e-08,0.186270603741511,5.80360878624111e-09
"root2",14,"M1",7.50329329460887e-05,0.142803920377217,0.150069584753235,8.68436723913064e-08,0.238843162212255,1.30325938542093e-08
"root2",14,"M2",4.33205843662064e-05,0.142803920377217,0.150069584753235,5.01395652386648e-08,0.238843162212255,7.52442373507416e-09
"root2",14,"M3",4.13172085906951e-05,0.142803920377217,0.150069584753235,4.78208432762675e-08,0.238843162212255,7.17645409301899e-09
"root2",15,"M1",8.66979080942895e-05,0.220373203604424,0.131711259024421,1.00344801035057e-07,0.209624979345936,1.32165400808824e-08
"root2",15,"M2",4.42852695577131e-05,0.220373203604424,0.131711259024421,5.12560990251309e-08,0.209624979345936,6.75100533528039e-09
"root2",15,"M3",4.2386889150149e-05,0.220373203604424,0.131711259024421,4.90588994793391e-08,0.209624979345936,6.46160941677627e-09
"root2",16,"M1",9.72361155278419e-05,0.265776835362346,0.126081432476241,1.12541800379447e-07,0.200664832107008,1.41894314052958e-08
"root2",16,"M2",4.93339965654638e-05,0.265776835362346,0.126081432476241,5.70995330618794e-08,0.200664832107008,7.19919092216624e-09
"root2",16,"M3",4.65861982043855e-05,0.265776835362346,0.126081432476241,5.39192108847054e-08,0.200664832107008,6.79821134633219e-09
"root2",17,"M1",8.29322382251037e-05,0.307642655683337,0.135380550020475,9.59863868346108e-08,0.215464837342582,1.29946898441477e-08
"root2",17,"M2",4.27978860942591e-05,0.307642655683337,0.135380550020475,4.9534590386874e-08,0.215464837342582,6.70602009161393e-09
"root2",17,"M3",4.11356917006841e-05,0.307642655683337,0.135380550020475,4.76107542831992e-08,0.215464837342582,6.44557010174919e-09
"root2",18,"M1",8.49707132536096e-05,0.638605649312205,0.154885539986007,9.83457329324185e-08,0.246507993022304,1.52323319505573e-08
"root2",18,"M2",4.59585285667328e-05,0.638605649312205,0.154885539986007,5.31927413966815e-08,0.246507993022304,8.23878647456104e-09
"root2",18,"M3",4.37021064535817e-05,0.638605649312205,0.154885539986007,5.05811417286825e-08,0.246507993022304,7.83428744975574e-09
"root2",19,"M1",8.62813533302822e-05,0.628755739570592,0.159953070656711,9.98626774656044e-08,0.254573218577427,1.59733419046242e-08
"root2",19,"M2",4.88919238245979e-05,0.628755739570592,0.159953070656711,5.65878747969883e-08,0.254573218577427,9.05140433571579e-09
"root2",19,"M3",4.59647655960079e-05,0.628755739570592,0.159953070656711,5.31999601805647e-08,0.254573218577427,8.50949698969608e-09
"root2",2,"M1",6.04613482452169e-05,0.00895881937751502,0.143932671854163,6.99784123208529e-08,0.229075961980138,1.00721798574526e-08
"root2",2,"M2",3.1613478191775e-05,0.00895881937751502,0.143932671854163,3.65896738330729e-08,0.229075961980138,5.26644951706654e-09
"root2",2,"M3",3.04600670741473e-05,0.00895881937751502,0.143932671854163,3.52547072617446e-08,0.229075961980138,5.07430421161926e-09
"root2",20,"M1",6.61012249804803e-05,0.465056559571909,0.175817674825168,7.65060474311115e-08,0.27982252031349,1.3451115369402e-08
"root2",20,"M2",3.75177927459876e-05,0.465056559571909,0.175817674825168,4.34233712337819e-08,0.27982252031349,7.63459616339363e-09
"root2",20,"M3",3.61550222863671e-05,0.465056559571909,0.175817674825168,4.18460906092212e-08,0.27982252031349,7.35728235143657e-09
"root2",22,"M1",7.06278415655108e-05,0.194023470006917,0.147789625833375,8.1745186997119e-08,0.235214494890833,1.20810905999835e-08
"root2",22,"M2",3.92525047735642e-05,0.194023470006917,0.147789625833375,4.54311397842178e-08,0.235214494890833,6.71425114989331e-09
"root2",22,"M3",3.78001651459267e-05,0.194023470006917,0.147789625833375,4.37501911411189e-08,0.235214494890833,6.46582437888459e-09
"root2",23,"M1",7.86543799656349e-05,0.235139554398194,0.145705874333825,9.10351619972626e-08,0.231898101377548,1.32643578739325e-08
"root2",23,"M2",4.56628494981796e-05,0.235139554398194,0.145705874333825,5.28505202525227e-08,0.231898101377548,7.70063126239134e-09
"root2",23,"M3",4.35633847547252e-05,0.235139554398194,0.145705874333825,5.04205842068579e-08,0.231898101377548,7.34657530628247e-09
"root2",24,"M1",7.64341734453628e-05,0.498205520077845,0.166498233198666,8.84654785247255e-08,0.264990168296348,1.47293458734413e-08
"root2",24,"M2",4.59370451699259e-05,0.498205520077845,0.166498233198666,5.31678763540809e-08,0.264990168296348,8.8523574758796e-09
"root2",24,"M3",4.38043062880029e-05,0.498205520077845,0.166498233198666,5.06994285740774e-08,0.264990168296348,8.44136528176585e-09
"root2",25,"M1",7.95215866254299e-05,0.249133986786171,0.150714873553059,9.20388734090624e-08,0.239870171234393,1.38716271678128e-08
"root2",25,"M2",4.3926375725812e-05,0.249133986786171,0.150714873553059,5.08407126456157e-08,0.239870171234393,7.66245157773138e-09
"root2",25,"M3",4.21700793160113e-05,0.249133986786171,0.150714873553059,4.88079621713094e-08,0.239870171234393,7.35608584703138e-09
"root2",27,"M1",6.12917278674789e-05,1.09715041571492,0.24599857823733,7.09394998466191e-08,0.391518897200494,1.74510161031356e-08
"root2",27,"M2",4.14311616332149e-05,1.09715041571492,0.24599857823733,4.79527333717765e-08,0.391518897200494,1.17963042320508e-08
"root2",27,"M3",3.96574361441097e-05,1.09715041571492,0.24599857823733,4.58998103519788e-08,0.391518897200494,1.12912880879499e-08
"root2",29,"M1",8.641457976631e-05,8.25725233023271,0.238016611372699,1.00016874729525e-07,0.378815202379477,2.38056776032094e-08
"root2",29,"M2",5.17815933897688e-05,8.25725233023271,0.238016611372699,5.99323997566768e-08,0.378815202379477,1.42649067015182e-08
"root2",29,"M3",4.99068118195255e-05,8.25725233023271,0.238016611372699,5.77625136800064e-08,0.378815202379477,1.37484377704843e-08
"root2",6,"M1",5.30205080617639e-05,0.112091512068285,0.170684134823143,6.13663287751897e-08,0.271652237644667,1.04742587342658e-08
"root2",6,"M2",2.95062343716923e-05,0.112091512068285,0.170684134823143,3.41507342264957e-08,0.271652237644667,5.82898852502452e-09
"root2",6,"M3",2.86462922884315e-05,0.112091512068285,0.170684134823143,3.31554308893883e-08,0.271652237644667,5.65910603604375e-09
"root2",8,"M1",7.82669186200467e-05,0.281804205842688,0.136490560325494,9.05867113657948e-08,0.217231473611849,1.23642309923611e-08
"root2",8,"M2",4.07486651182505e-05,0.281804205842688,0.136490560325494,4.7162806849827e-08,0.217231473611849,6.43727793345593e-09
"root2",8,"M3",3.87958645561409e-05,0.281804205842688,0.136490560325494,4.4902621014052e-08,0.217231473611849,6.12878390229126e-09
"root2",9,"M1",4.66784553655161e-05,0.0143708815570288,0.178074192483306,5.40259900063844e-08,0.283413879708158,9.62063454349806e-09
"root2",9,"M2",2.92642182523835e-05,0.0143708815570288,0.178074192483306,3.38706229772957e-08,0.283413879708158,6.03148383558844e-09
"root2",9,"M3",2.84441777740296e-05,0.0143708815570288,0.178074192483306,3.2921502053275e-08,0.283413879708158,5.86246989347445e-09
"root20",1,"M1",5.8407586145029e-05,0.0231333924695239,0.157379487884146,6.76013728530428e-08,0.250477234380329,1.06390694398771e-08
"root20",1,"M2",3.1436201890334e-05,0.0231333924695239,0.157379487884146,3.63844929286273e-08,0.250477234380329,5.7261728640317e-09
"root20",1,"M3",3.02365790396713e-05,0.0231333924695239,0.157379487884146,3.49960405551751e-08,0.250477234380329,5.50765894054626e-09
"root20",10,"M1",7.32951174119655e-05,0.0266607501873433,0.137690710548214,8.48323118194045e-08,0.219141572015836,1.16806212918615e-08
"root20",10,"M2",4.0387619834386e-05,0.0266607501873433,0.137690710548214,4.67449303638727e-08,0.219141572015836,6.43634267632841e-09
"root20",10,"M3",3.83146767695907e-05,0.0266607501873433,0.137690710548214,4.43456907055448e-08,0.219141572015836,6.10598966299779e-09
"root20",11,"M1",8.21262783439184e-05,0.0515052806851813,0.128519482716653,9.50535628980537e-08,0.204545109579687,1.22162347340327e-08
"root20",11,"M2",4.49820781347818e-05,0.0515052806851813,0.128519482716653,5.20625904337752e-08,0.204545109579687,6.69105719143776e-09
"root20",11,"M3",4.28304147019638e-05,0.0515052806851813,0.128519482716653,4.9572239238384e-08,0.204545109579687,6.37099854402328e-09
"root20",12,"M1",6.70357141098326e-05,0.0173959523631517,0.138825090852455,7.75876320715655e-08,0.220946994343497,1.07711100713619e-08
"root20",12,"M2",3.76978561013162e-05,0.0173959523631517,0.138825090852455,4.36317778950419e-08,0.220946994343497,6.05718553033333e-09
"root20",12,"M3",3.61034316452176e-05,0.0173959523631517,0.138825090852455,4.17863792190019e-08,0.220946994343497,5.80099789147307e-09
"root20",13,"M1",7.39819185681394e-05,0.121293575864745,0.144523023116165,8.56272205649761e-08,0.230015535195219,1.2375104777085e-08
"root20",13,"M2",4.01750812816604e-05,0.121293575864745,0.144523023116165,4.64989366685884e-08,0.230015535195219,6.7201668990315e-09
"root20",13,"M3",3.83693482183783e-05,0.121293575864745,0.144523023116165,4.44089678453453e-08,0.230015535195219,6.41811828647786e-09
"root20",14,"M1",7.80985334522736e-05,0.257085562218124,0.16098989413014,9.03918211253167e-08,0.256223374386527,1.45521697131953e-08
"root20",14,"M2",4.40264728600254e-05,0.257085562218124,0.16098989413014,5.09565658102146e-08,0.256223374386527,8.20349213502196e-09
"root20",14,"M3",4.1640457009084e-05,0.257085562218124,0.16098989413014,4.81949733901435e-08,0.256223374386527,7.75890366368412e-09
"root20",16,"M1",6.87971714189203e-05,0.131646483936431,0.161330045733564,7.96263558089355e-08,0.256764742477383,1.28461236242526e-08
"root20",16,"M2",3.96820860052984e-05,0.131646483936431,0.161330045733564,4.59283402839102e-08,0.256764742477383,7.40962123846992e-09
"root20",16,"M3",3.8294987803811e-05,0.131646483936431,0.161330045733564,4.43229025507072e-08,0.256764742477383,7.15061589554989e-09
"root20",17,"M1",9.34813170596911e-05,0.430323145234291,0.124691696783359,1.08195968819087e-07,0.198452999055874,1.34911389371714e-08
"root20",17,"M2",4.71875009645893e-05,0.430323145234291,0.124691696783359,5.46151631534598e-08,0.198452999055874,6.81005736370489e-09
"root20",17,"M3",4.50190325544076e-05,0.430323145234291,0.124691696783359,5.21053617527866e-08,0.198452999055874,6.49710596846569e-09
"root20",19,"M1",0.00010179114222319,0.748627470061721,0.134551027703284,1.17813822017581e-07,0.214144611570722,1.58519708301173e-08
"root20",19,"M2",5.12358687396601e-05,0.748627470061721,0.134551027703284,5.93007740042362e-08,0.214144611570722,7.97898008587017e-09
"root20",19,"M3",4.85518814145451e-05,0.748627470061721,0.134551027703284,5.61943071927605e-08,0.214144611570722,7.56100178385997e-09
"root20",20,"M1",8.991970532575e-05,0.768908304180632,0.151685186818878,1.04073733015914e-07,0.24141447276042,1.5786443635457e-08
"root20",20,"M2",4.62860986964811e-05,0.768908304180632,0.151685186818878,5.35718734912976e-08,0.24141447276042,8.12605963876477e-09
"root20",20,"M3",4.38487817884212e-05,0.768908304180632,0.151685186818878,5.07509048477097e-08,0.24141447276042,7.69816048305195e-09
"root20",21,"M1",8.38521234628424e-05,0.210175889106457,0.152837272113929,9.70510688227343e-08,0.243248073456129,1.48330206146079e-08
"root20",21,"M2",4.87520220794817e-05,0.210175889106457,0.152837272113929,5.64259514808816e-08,0.243248073456129,8.62398850077086e-09
"root20",21,"M3",4.62759755721805e-05,0.210175889106457,0.152837272113929,5.35601569122459e-08,0.243248073456129,8.18598827646167e-09
"root20",27,"M1",7.8687106391896e-05,0.991435337046898,0.186402374219981,9.10730398054352e-08,0.296668592611753,1.6976230847164e-08
"root20",27,"M2",4.96305904823327e-05,0.991435337046898,0.186402374219981,5.74428130582554e-08,0.296668592611753,1.07074767359333e-08
"root20",27,"M3",4.67174448002038e-05,0.991435337046898,0.186402374219981,5.40711166669025e-08,0.296668592611753,1.00789845234362e-08
"root20",28,"M1",5.62163476296249e-05,1.58560806298297,0.248279166609969,6.50652171639177e-08,0.395148566327128,1.61543378927541e-08
"root20",28,"M2",3.98617897705518e-05,1.58560806298297,0.248279166609969,4.61363307529535e-08,0.395148566327128,1.14546897497852e-08
"root20",28,"M3",3.84566405475586e-05,1.58560806298297,0.248279166609969,4.45100006337484e-08,0.395148566327128,1.10509058631562e-08
"root20",30,"M1",3.71895335807271e-05,1.27274111020345,0.33342286909501,4.30434416443601e-08,0.530658977563528,1.43516678087862e-08
"root20",30,"M2",3.00316950404217e-05,1.27274111020345,0.33342286909501,3.47589062967844e-08,0.530658977563528,1.15894142640785e-08
"root20",30,"M3",2.91625509909171e-05,1.27274111020345,0.33342286909501,3.37529525357837e-08,0.530658977563528,1.12540062749087e-08
"root20",4,"M1",6.48568657737046e-05,0.0438531438914137,0.129722032732172,7.50658168677137e-08,0.206459027372538,9.73769035278078e-09
"root20",4,"M2",3.30172682443955e-05,0.0438531438914137,0.129722032732172,3.82144308384207e-08,0.206459027372538,4.95725364806293e-09
"root20",4,"M3",3.18373418809945e-05,0.0438531438914137,0.129722032732172,3.68487753252251e-08,0.206459027372538,4.7800980388793e-09
"root20",5,"M1",6.39028938470291e-05,0.13485032971928,0.17173196926496,7.39616826933207e-08,0.273319917954238,1.27015854190741e-08
"root20",5,"M2",3.50067799596134e-05,0.13485032971928,0.17173196926496,4.05171064347377e-08,0.273319917954238,6.95808247695549e-09
"root20",5,"M3",3.39442275507084e-05,0.13485032971928,0.17173196926496,3.92873004059125e-08,0.273319917954238,6.74688546581142e-09
"root20",8,"M1",5.80364107976066e-05,0.0161794217956807,0.133094742375947,6.71717717564891e-08,0.211826861486743,8.94020965686583e-09
"root20",8,"M2",3.03620358404166e-05,0.0161794217956807,0.133094742375947,3.51412451856674e-08,0.211826861486743,4.67711497475639e-09
"root20",8,"M3",2.93864246543166e-05,0.0161794217956807,0.133094742375947,3.40120655721257e-08,0.211826861486743,4.52682710499589e-09
"root20",9,"M1",9.08861307234652e-05,0.144622291812384,0.123402765888952,1.05192280929937e-07,0.196401601824386,1.29810184169218e-08
"root20",9,"M2",4.62684203948619e-05,0.144622291812384,0.123402765888952,5.35514124940531e-08,0.196401601824386,6.60839241902634e-09
"root20",9,"M3",4.32695889659015e-05,0.144622291812384,0.123402765888952,5.00805427846082e-08,0.196401601824386,6.18007749684065e-09
"root21",0,"M1",6.61368564870517e-05,0.00714090492565124,0.127845300948748,7.65472876007543e-08,0.203472115970642,9.7862110201288e-09
"root21",0,"M2",3.32796660186019e-05,0.00714090492565124,0.127845300948748,3.85181319659744e-08,0.203472115970642,4.92436217317359e-09
"root21",0,"M3",3.19676496141596e-05,0.00714090492565124,0.127845300948748,3.69995944608329e-08,0.203472115970642,4.73022428882681e-09
"root3",1,"M1",5.89269576640304e-05,0.00554172991267245,0.1335585696999,6.82024972963315e-08,0.212565065600225,9.10902798885933e-09
"root3",1,"M2",2.95154633193521e-05,0.00554172991267245,0.1335585696999,3.41614158788797e-08,0.212565065600225,4.56254984370663e-09
"root3",1,"M3",2.8609954706992e-05,0.00554172991267245,0.1335585696999,3.3113373503463e-08,0.212565065600225,4.42257480306108e-09
"root3",10,"M1",7.59696397125935e-05,0.0158758055731559,0.129407331765394,8.79278237414277e-08,0.205958165227953,1.1378505058316e-08
"root3",10,"M2",4.3193743933457e-05,0.0158758055731559,0.129407331765394,4.99927591822419e-08,0.205958165227953,6.46942957336382e-09
"root3",10,"M3",4.11622354094838e-05,0.0158758055731559,0.129407331765394,4.7641476168384e-08,0.205958165227953,6.16515631231518e-09
"root3",11,"M1",6.95622359556805e-05,0.0718055248768965,0.146175995137379,8.05118471709265e-08,0.232646321874907,1.17688993805588e-08
"root3",11,"M2",3.79413735908673e-05,0.0718055248768965,0.146175995137379,4.39136268412816e-08,0.232646321874907,6.41911810361586e-09
"root3",11,"M3",3.62336907634808e-05,0.0718055248768965,0.146175995137379,4.1937142087362e-08,0.232646321874907,6.1302034778378e-09
"root3",14,"M1",8.00973204400624e-05,0.192557288689654,0.146984268498975,9.2705231990813e-08,0.233932728883582,1.36262107101974e-08
"root3",14,"M2",4.29291392917539e-05,0.192557288689654,0.146984268498975,4.96865038099003e-08,0.233932728883582,7.30313441676974e-09
"root3",14,"M3",4.07682953722443e-05,0.192557288689654,0.146984268498975,4.71855270512087e-08,0.233932728883582,6.9355301773605e-09
"root3",16,"M1",6.80183661327047e-05,0.0183119646219047,0.134325966405832,7.87249608017416e-08,0.21378641539084,1.05748064399552e-08
"root3",16,"M2",3.83090560255545e-05,0.0183119646219047,0.134325966405832,4.43391852147621e-08,0.21378641539084,5.9559039036201e-09
"root3",16,"M3",3.65178663059126e-05,0.0183119646219047,0.134325966405832,4.22660489651766e-08,0.21378641539084,5.67742787340357e-09
"root3",17,"M1",7.91671378461988e-05,0.198142292503588,0.137765589475373,9.16286317664338e-08,0.219260745529744,1.26232724681246e-08
"root3",17,"M2",4.20355591975307e-05,0.198142292503588,0.137765589475373,4.86522675897346e-08,0.219260745529744,6.70260832381337e-09
"root3",17,"M3",4.00902358459889e-05,0.198142292503588,0.137765589475373,4.64007359328575e-08,0.219260745529744,6.39242473788124e-09
"root3",18,"M1",8.79696249904448e-05,0.782449217292153,0.154425760637446,1.01816695590793e-07,0.245776231461754,1.57231206621994e-08
"root3",18,"M2",4.70992187282953e-05,0.782449217292153,0.154425760637446,5.45129846392307e-08,0.245776231461754,8.41820911753061e-09
"root3",18,"M3",4.45745822281384e-05,0.782449217292153,0.154425760637446,5.1590951652938e-08,0.245776231461754,7.96697195101465e-09
"root3",19,"M1",7.55995485261194e-05,0.769471559639159,0.153769306291775,8.74994774607863e-08,0.244731451921477,1.34547339500379e-08
"root3",19,"M2",4.06364495862327e-05,0.769471559639159,0.153769306291775,4.70329277618434e-08,0.244731451921477,7.23222067480982e-09
"root3",19,"M3",3.89710189968256e-05,0.769471559639159,0.153769306291775,4.51053460611407e-08,0.244731451921477,6.93581777387206e-09
"root3",2,"M1",8.23593516733183e-05,0.0213657922001303,0.095292525100452,9.53233236959703e-08,0.151662764094454,9.08360021595676e-09
"root3",2,"M2",3.79912501563772e-05,0.0213657922001303,0.095292525100452,4.39713543476588e-08,0.151662764094454,4.19014138787514e-09
"root3",2,"M3",3.60433540458247e-05,0.0213657922001303,0.095292525100452,4.17168449604453e-08,0.151662764094454,3.97530349550489e-09
"root3",21,"M1",8.43679968401093e-05,0.175700935500008,0.138829970958338,9.76481444908672e-08,0.220954761273238,1.35564890638027e-08
"root3",21,"M2",4.60886568153794e-05,0.175700935500008,0.138829970958338,5.3343352795578e-08,0.220954761273238,7.40565611943047e-09
"root3",21,"M3",4.34182143560446e-05,0.175700935500008,0.138829970958338,5.02525629120887e-08,0.220954761273238,6.97656184966732e-09
"root3",25,"M1",9.78891678174106e-05,0.665889489547456,0.150342734027101,1.13297647936818e-07,0.239277892783632,1.70334781496611e-08
"root3",25,"M2",5.27437976180964e-05,0.665889489547456,0.150342734027101,6.10460620579819e-08,0.239277892783632,9.17783187138508e-09
"root3",25,"M3",4.97186734565524e-05,0.665889489547456,0.150342734027101,5.75447609450838e-08,0.239277892783632,8.65143668941984e-09
"root3",26,"M1",5.43581083702789e-05,1.31631185503819,0.277941963437678,6.29144772804154e-08,0.442358373737733,1.74865733439738e-08
"root3",26,"M2",3.95937703572175e-05,1.31631185503819,0.277941963437678,4.58261230986314e-08,0.442358373737733,1.27370026307703e-08
"root3",26,"M3",3.80930837016306e-05,1.31631185503819,0.277941963437678,4.40892172472576e-08,0.442358373737733,1.22542436081331e-08
"root3",27,"M1",7.67012879517416e-05,1.54043938823532,0.208992644495726,8.87746388330343e-08,0.33262212441342,1.85532465338688e-08
"root3",27,"M2",4.86149315241424e-05,1.54043938823532,0.208992644495726,5.62672818566463e-08,0.33262212441342,1.17594480338069e-08
"root3",27,"M3",4.60355780847249e-05,1.54043938823532,0.208992644495726,5.32819190795427e-08,0.33262212441342,1.11355291722409e-08
"root3",28,"M1",7.13587715261326e-05,2.34876209089931,0.213355993382319,8.25911707478387e-08,0.339566609850778,1.76213212795138e-08
"root3",28,"M2",4.36316494650854e-05,2.34876209089931,0.213355993382319,5.04995942882933e-08,0.339566609850778,1.07743911047829e-08
"root3",28,"M3",4.20162723116163e-05,2.34876209089931,0.213355993382319,4.86299448051115e-08,0.339566609850778,1.03754901820219e-08
"root3",29,"M1",8.88014854244446e-05,6.21703145608614,0.227164749716609,1.02779497019033e-07,0.361543928136316,2.33478787163276e-08
"root3",29,"M2",5.34785477476057e-05,6.21703145608614,0.227164749716609,6.18964673004696e-08,0.361543928136316,1.40606955026534e-08
"root3",29,"M3",5.06107048715574e-05,6.21703145608614,0.227164749716609,5.85772047124507e-08,0.361543928136316,1.33066760476024e-08
"root3",3,"M1",4.73184970965402e-05,0.0130054207105284,0.145390858519358,5.47667790469215e-08,0.231396738137302,7.96258902397191e-09
"root3",3,"M2",2.40978338213529e-05,0.0130054207105284,0.145390858519358,2.78910113673066e-08,0.231396738137302,4.05509808766588e-09
"root3",3,"M3",2.34502339713952e-05,0.0130054207105284,0.145390858519358,2.71414745039296e-08,0.231396738137302,3.94612227960760e-09
"root3",30,"M1",6.01584813362421e-05,3.02280742275912,0.235847572288359,6.96278719169469e-08,0.375363069459155,1.64215645552167e-08
"root3",30,"M2",4.27839482182727e-05,3.02280742275912,0.235847572288359,4.95184585859638e-08,0.375363069459155,1.16788082409612e-08
"root3",30,"M3",4.1573994910729e-05,3.02280742275912,0.235847572288359,4.81180496651956e-08,0.375363069459155,1.13485251967871e-08
"root3",4,"M1",7.9121250466772e-05,0.029465281922389,0.108082991877704,9.15755213735787e-08,0.172019424214978,9.89775633281701e-09
"root3",4,"M2",3.75071162576203e-05,0.029465281922389,0.108082991877704,4.34110141870605e-08,0.172019424214978,4.69199229378296e-09
"root3",4,"M3",3.57467772482623e-05,0.029465281922389,0.108082991877704,4.13735847780814e-08,0.172019424214978,4.47178082752087e-09
"root3",6,"M1",6.48646181243156e-05,0.062685851809377,0.149456291322098,7.50747894957356e-08,0.237867075400942,1.12203996098199e-08
"root3",6,"M2",3.50029721078652e-05,0.062685851809377,0.149456291322098,4.05126991989181e-08,0.237867075400942,6.05487777371802e-09
"root3",6,"M3",3.36957374181809e-05,0.062685851809377,0.149456291322098,3.89996960858575e-08,0.237867075400942,5.82874993968121e-09
"root3",7,"M1",7.49066513686461e-05,0.104070005234547,0.127002876178934,8.66975131581552e-08,0.202131355307653,1.10108335286467e-08
"root3",7,"M2",3.79641954330188e-05,0.104070005234547,0.127002876178934,4.39400410104384e-08,0.202131355307653,5.58051158774599e-09
"root3",7,"M3",3.60510910728334e-05,0.104070005234547,0.127002876178934,4.17257998528164e-08,0.202131355307653,5.29929659217423e-09
"root3",8,"M1",6.33162720186809e-05,0.0141403364697438,0.146352115677442,7.32827222438436e-08,0.232926626420218,1.07250814429889e-08
"root3",8,"M2",3.57267830964368e-05,0.0141403364697438,0.146352115677442,4.13504433986537e-08,0.232926626420218,6.05172487559328e-09
"root3",8,"M3",3.41724256149627e-05,0.0141403364697438,0.146352115677442,3.95514185358365e-08,0.232926626420218,5.78843378076366e-09
"root3",9,"M1",7.27669034781501e-05,0.0426774297345694,0.117230662496054,8.42209530997108e-08,0.186578394181847,9.87327812792818e-09
"root3",9,"M2",3.71556670165337e-05,0.0426774297345694,0.117230662496054,4.30042442320992e-08,0.186578394181847,5.0414160414711e-09
"root3",9,"M3",3.5351685298719e-05,0.0426774297345694,0.117230662496054,4.09163024290729e-08,0.186578394181847,4.79664524064912e-09
"root4",1,"M1",8.1996096953782e-05,0.0117721865082324,0.108698658249092,9.49028899928032e-08,0.172999287677996,1.03158168061789e-08
"root4",1,"M2",3.92419873589668e-05,0.0117721865082324,0.108698658249092,4.5418966850656e-08,0.172999287677996,4.9369807557263e-09
"root4",1,"M3",3.72440270940786e-05,0.0117721865082324,0.108698658249092,4.31065128403687e-08,0.172999287677996,4.68562010754534e-09
"root4",11,"M1",8.41915155401397e-05,0.18347588160857,0.141649042878297,9.74438837270135e-08,0.225441453583168,1.38028328642755e-08
"root4",11,"M2",4.48736614936584e-05,0.18347588160857,0.141649042878297,5.19371082102528e-08,0.225441453583168,7.35684166784885e-09
"root4",11,"M3",4.22710448896918e-05,0.18347588160857,0.141649042878297,4.89248204741803e-08,0.225441453583168,6.93015399316015e-09
"root4",12,"M1",6.40157719207549e-05,0.0318953506797723,0.154057837516993,7.40923286119848e-08,0.245190663628775,1.14145039225608e-08
"root4",12,"M2",3.75778892688154e-05,0.0318953506797723,0.154057837516993,4.34929273944623e-08,0.245190663628775,6.70042634167444e-09
"root4",12,"M3",3.60442680726515e-05,0.0318953506797723,0.154057837516993,4.17179028618652e-08,0.245190663628775,6.42696990064292e-09
"root4",13,"M1",9.29454093952763e-05,0.290079712151233,0.131153149622711,1.07575705318607e-07,0.208736720645254,1.41088925754199e-08
"root4",13,"M2",4.94879982023016e-05,0.290079712151233,0.131153149622711,5.72777756971083e-08,0.208736720645254,7.51216068605893e-09
"root4",13,"M3",4.70052387517591e-05,0.290079712151233,0.131153149622711,5.44042115182397e-08,0.208736720645254,7.13528369335731e-09
"root4",14,"M1",8.16369795029099e-05,0.0642868809920075,0.125971989747126,9.44872447950346e-08,0.200490648593767,1.19027462325543e-08
"root4",14,"M2",4.26181549030052e-05,0.0642868809920075,0.125971989747126,4.93265681747745e-08,0.200490648593767,6.21376594037361e-09
"root4",14,"M3",4.05316750528609e-05,0.0642868809920075,0.125971989747126,4.69116609408112e-08,0.200490648593767,5.90955527105652e-09
"root4",15,"M1",7.50121538046327e-05,0.369469088789471,0.160134890297142,8.68196224590656e-08,0.254862593522685,1.39028507181218e-08
"root4",15,"M2",4.17667255803765e-05,0.369469088789471,0.160134890297142,4.83411175698802e-08,0.254862593522685,7.74109955889401e-09
"root4",15,"M3",3.98242708507789e-05,0.369469088789471,0.160134890297142,4.60929060772904e-08,0.254862593522685,7.38108245816337e-09
"root4",16,"M1",8.27427356121049e-05,0.111194989826099,0.135068324532487,9.57670551066029e-08,0.214967915044856,1.29350956786592e-08
"root4",16,"M2",4.36128262961636e-05,0.111194989826099,0.135068324532487,5.04778082131523e-08,0.214967915044856,6.81795298142269e-09
"root4",16,"M3",4.17705375506e-05,0.111194989826099,0.135068324532487,4.83455295724537e-08,0.214967915044856,6.52994967798712e-09
"root4",17,"M1",7.47414121287837e-05,0.405644212733428,0.167387986466756,8.65062640379441e-08,0.266406254603835,1.4480109354073e-08
"root4",17,"M2",4.31898047406805e-05,0.405644212733428,0.167387986466756,4.99881999313432e-08,0.266406254603835,8.36742413360516e-09
"root4",17,"M3",4.12719627815493e-05,0.405644212733428,0.167387986466756,4.7768475441608e-08,0.266406254603835,7.99586892075744e-09
"root4",19,"M1",9.37493406346578e-05,0.276017016200265,0.141429207268393,1.08506181290113e-07,0.22509157434333,1.53459432035812e-08
"root4",19,"M2",5.08784347388915e-05,0.276017016200265,0.141429207268393,5.88870772440874e-08,0.22509157434333,8.3283526529839e-09
"root4",19,"M3",4.79316604234055e-05,0.276017016200265,0.141429207268393,5.5476458823386e-08,0.22509157434333,7.84599159344913e-09
"root4",2,"M1",8.5637306011482e-05,0.0142612498487262,0.104881555139716,9.91172523281042e-08,0.16692417939651,1.03955715653472e-08
"root4",2,"M2",4.0928965379728e-05,0.0142612498487262,0.104881555139716,4.73714877080185e-08,0.16692417939651,4.96839530009892e-09
"root4",2,"M3",3.86510432422737e-05,0.0142612498487262,0.104881555139716,4.47350037526316e-08,0.16692417939651,4.69187676275703e-09
"root4",20,"M1",8.358275669352e-05,0.402983985404555,0.149339419506105,9.67393017286111e-08,0.237681068128708,1.44469911635767e-08
"root4",20,"M2",4.61908750405182e-05,0.402983985404555,0.149339419506105,5.34616609265257e-08,0.237681068128708,7.98393340859956e-09
"root4",20,"M3",4.3981127312957e-05,0.402983985404555,0.149339419506105,5.09040825381447e-08,0.237681068128708,7.60198613673738e-09
"root4",21,"M1",9.02997770687319e-05,0.576954547042431,0.147989680095008,1.04513630866588e-07,0.235532891137088,1.54669387975141e-08
"root4",21,"M2",4.9094413502776e-05,0.576954547042431,0.147989680095008,5.68222378504352e-08,0.235532891137088,8.40910480176836e-09
"root4",21,"M3",4.67644476366551e-05,0.576954547042431,0.147989680095008,5.41255180979804e-08,0.235532891137088,8.01001810829669e-09
"root4",22,"M1",0.000102685341558082,0.576628867801505,0.144573401232625,1.18848774951484e-07,0.230095714457802,1.71823716270668e-08
"root4",22,"M2",5.41225152716119e-05,0.576628867801505,0.144573401232625,6.26418000828841e-08,0.230095714457802,9.05633809731669e-09
"root4",22,"M3",5.0189739024477e-05,0.576628867801505,0.144573401232625,5.80899757227743e-08,0.230095714457802,8.39826536776209e-09
"root4",24,"M1",7.17867841673732e-05,0.808497498818348,0.176581903289545,8.30865557492745e-08,0.281038827691061,1.46715821519798e-08
"root4",24,"M2",4.07825194974814e-05,0.808497498818348,0.176581903289545,4.7201990159122e-08,0.281038827691061,8.33501726135213e-09
"root4",24,"M3",3.90936762811141e-05,0.808497498818348,0.176581903289545,4.52473105105487e-08,0.281038827691061,7.98985620868573e-09
"root4",26,"M1",7.85254596026439e-05,0.843061588950444,0.161679436851012,9.08859486141712e-08,0.257320815711525,1.46943889896092e-08
"root4",26,"M2",4.67989227973364e-05,0.843061588950444,0.161679436851012,5.41654199043245e-08,0.257320815711525,8.75743458692979e-09
"root4",26,"M3",4.4580381142811e-05,0.843061588950444,0.161679436851012,5.1597663359735e-08,0.257320815711525,8.34228115483004e-09
"root4",28,"M1",0.00011009593939613,1.64270444949953,0.160100851090714,1.27425855782558e-07,0.254808418443066,2.04009879617501e-08
"root4",28,"M2",5.98590535257145e-05,1.64270444949953,0.160100851090714,6.92813119510584e-08,0.254808418443066,1.10919970080457e-08
"root4",28,"M3",5.69721713867751e-05,1.64270444949953,0.160100851090714,6.59400131791378e-08,0.254808418443066,1.05570522309129e-08
"root4",29,"M1",5.81905715286527e-05,4.31587246644399,0.283098299198423,6.73501985285332e-08,0.450564936983374,1.90667266541039e-08
"root4",29,"M2",4.19926218562003e-05,4.31587246644399,0.283098299198423,4.86025715928244e-08,0.450564936983374,1.37593053545982e-08
"root4",29,"M3",4.01392501039103e-05,4.31587246644399,0.283098299198423,4.64574653980443e-08,0.450564936983374,1.31520294392559e-08
"root4",3,"M1",6.20513958538925e-05,0.0238463370073095,0.132077092040654,7.18187452012645e-08,0.210207220674733,9.48561102019168e-09
"root4",3,"M2",3.20014064564885e-05,0.0238463370073095,0.132077092040654,3.7038664880195e-08,0.210207220674733,4.89195915044446e-09
"root4",3,"M3",3.08815046430373e-05,0.0238463370073095,0.132077092040654,3.57424822257376e-08,0.210207220674733,4.72076311469019e-09
"root4",4,"M1",7.53972690565009e-05,0.0543328457531842,0.119648139226054,8.72653577042834e-08,0.190425927895738,1.04411376682135e-08
"root4",4,"M2",3.73865910104566e-05,0.0543328457531842,0.119648139226054,4.32715173732137e-08,0.190425927895738,5.17735653519288e-09
"root4",4,"M3",3.54664561012882e-05,0.0543328457531842,0.119648139226054,4.10491390061206e-08,0.190425927895738,4.91145309891396e-09
"root4",5,"M1",7.979229104665e-05,0.0584127281720326,0.115343370154011,9.23521887114004e-08,0.18357467512889,1.06522126870721e-08
"root4",5,"M2",3.93786541943437e-05,0.0584127281720326,0.115343370154011,4.55771460582682e-08,0.18357467512889,5.25702162836225e-09
"root4",5,"M3",3.73466161118536e-05,0.0584127281720326,0.115343370154011,4.32252501294602e-08,0.18357467512889,4.98574602568204e-09
"root4",7,"M1",7.03848038926149e-05,0.278898360582948,0.154777203558366,8.14638933942302e-08,0.246335570242544,1.26087536105358e-08
"root4",7,"M2",3.83780552883952e-05,0.278898360582948,0.154777203558366,4.44190454726796e-08,0.246335570242544,6.87505564299325e-09
"root4",7,"M3",3.69271475739292e-05,0.278898360582948,0.154777203558366,4.27397541364921e-08,0.246335570242544,6.61513962601836e-09
"root4",8,"M1",5.95388018657104e-05,0.0092075552570202,0.154372505675132,6.89106503075352e-08,0.245691473556789,1.0637909755677e-08
"root4",8,"M2",3.54159233324136e-05,0.0092075552570202,0.154372505675132,4.09906520051083e-08,0.245691473556789,6.32782965928595e-09
"root4",8,"M3",3.40586031184834e-05,0.0092075552570202,0.154372505675132,3.94196795352817e-08,0.245691473556789,6.08531470277216e-09
"root4",9,"M1",7.45884320503297e-05,0.0867910494924483,0.144473890540386,8.63292037619557e-08,0.229937338272199,1.24723159347435e-08
"root4",9,"M2",4.13727800989828e-05,0.0867910494924483,0.144473890540386,4.78851621516005e-08,0.229937338272199,6.91815567519896e-09
"root4",9,"M3",3.95598630987872e-05,0.0867910494924483,0.144473890540386,4.57868785865593e-08,0.229937338272199,6.61500848510051e-09
"root5",0,"M1",6.84861118380696e-05,0.0243653436043348,0.136770133970508,7.92663331459139e-08,0.217676428887471,1.08412670037176e-08
"root5",0,"M2",3.55103292522037e-05,0.0243653436043348,0.136770133970508,4.10999181159765e-08,0.217676428887471,5.62124130689902e-09
"root5",0,"M3",3.40414728004941e-05,0.0243653436043348,0.136770133970508,3.93998527783496e-08,0.217676428887471,5.38872314291317e-09
"root5",10,"M1",7.1853761628597e-05,0.170487426880114,0.150488659440313,8.31640759590243e-08,0.239510140291986,1.25152503046659e-08
"root5",10,"M2",3.96412146649012e-05,0.170487426880114,0.150488659440313,4.58810354917838e-08,0.239510140291986,6.90457552489197e-09
"root5",10,"M3",3.73879891160674e-05,0.170487426880114,0.150488659440313,4.32731355510039e-08,0.239510140291986,6.51211615884953e-09
"root5",11,"M1",7.25205203940309e-05,0.140398725680128,0.141404348846684,8.39357874930913e-08,0.225052010936405,1.18688853753942e-08
"root5",11,"M2",4.0599698471015e-05,0.140398725680128,0.141404348846684,4.699039174886e-08,0.225052010936405,6.64464574729814e-09
"root5",11,"M3",3.87258130813907e-05,0.140398725680128,0.141404348846684,4.48215429182763e-08,0.225052010936405,6.33796109066256e-09
"root5",12,"M1",9.26314790217917e-05,0.14000356060069,0.121672415332265,1.07212359978926e-07,0.193647663380601,1.30447867921081e-08
"root5",12,"M2",4.67637024299953e-05,0.14000356060069,0.121672415332265,5.41246555902723e-08,0.193647663380601,6.58547757469541e-09
"root5",12,"M3",4.45408518167161e-05,0.14000356060069,0.121672415332265,5.15519118249029e-08,0.193647663380601,6.27244562673189e-09
"root5",13,"M1",8.13782630926642e-05,0.390022773408054,0.156145335200451,9.41878045053984e-08,0.248513019378927,1.470698630629e-08
"root5",13,"M2",4.37696649929984e-05,0.390022773408054,0.156145335200451,5.0659334482637e-08,0.248513019378927,7.91021876382313e-09
"root5",13,"M3",4.18434355961039e-05,0.390022773408054,0.156145335200451,4.84299023103054e-08,0.248513019378927,7.56210332996774e-09
"root5",14,"M1",8.68910742950844e-05,0.238251522134487,0.142736468319181,1.00568373026718e-07,0.227172144924774,1.43547743904397e-08
"root5",14,"M2",4.76243251891086e-05,0.238251522134487,0.142736468319181,5.51207467466535e-08,0.227172144924774,7.8677407217333e-09
"root5",14,"M3",4.49901405112982e-05,0.238251522134487,0.142736468319181,5.20719218880766e-08,0.227172144924774,7.43256222889632e-09
"root5",15,"M1",8.3575703901648e-05,0.125973171202024,0.143808527226135,9.67311387750555e-08,0.228878379668048,1.39107626041476e-08
"root5",15,"M2",4.56846623119968e-05,0.125973171202024,0.143808527226135,5.28757665648111e-08,0.228878379668048,7.6039861156384e-09
"root5",15,"M3",4.35085970889244e-05,0.125973171202024,0.143808527226135,5.03571725566255e-08,0.228878379668048,7.24179082064065e-09
"root5",16,"M1",7.97342701159691e-05,0.102768912761127,0.143049877640265,9.22850348564457e-08,0.22767095135139,1.32013629442421e-08
"root5",16,"M2",4.38009906814863e-05,0.102768912761127,0.143049877640265,5.06955910665351e-08,0.22767095135139,7.25199809896875e-09
"root5",16,"M3",4.15286720068725e-05,0.102768912761127,0.143049877640265,4.80655926005469e-08,0.22767095135139,6.87577714021506e-09
"root5",17,"M1",9.75097407450162e-05,0.232789499573299,0.126337000068741,1.12858496232658e-07,0.201071580563412,1.42582038463033e-08
"root5",17,"M2",4.91028363932919e-05,0.232789499573299,0.126337000068741,5.68319865663101e-08,0.201071580563412,7.1799826907346e-09
"root5",17,"M3",4.65160496684601e-05,0.232789499573299,0.126337000068741,5.38380204496066e-08,0.201071580563412,6.80173399324283e-09
"root5",18,"M1",7.84819887173723e-05,0.103298178424279,0.137341927018649,9.08356350895513e-08,0.218586465787843,1.24755411651618e-08
"root5",18,"M2",4.2609506156125e-05,0.103298178424279,0.137341927018649,4.93165580510706e-08,0.218586465787843,6.7732311166611e-09
"root5",18,"M3",4.06772421305561e-05,0.103298178424279,0.137341927018649,4.70801413548103e-08,0.218586465787843,6.46607733798003e-09
"root5",19,"M1",9.41932228854782e-05,0.467797736482245,0.14012640236313,1.09019933895229e-07,0.22301809593776,1.52765711226048e-08
"root5",19,"M2",4.95797850658053e-05,0.467797736482245,0.14012640236313,5.73840104928302e-08,0.22301809593776,8.0410149435284e-09
"root5",19,"M3",4.70971173665668e-05,0.467797736482245,0.14012640236313,5.45105525076005e-08,0.22301809593776,7.63836761371655e-09
"root5",2,"M1",6.98326502285594e-05,0.00885097346828332,0.125467767033128,8.08248266534252e-08,0.199688153220247,1.01409105210449e-08
"root5",2,"M2",3.55680129219901e-05,0.00885097346828332,0.125467767033128,4.11666816226737e-08,0.199688153220247,5.16509161936058e-09
"root5",2,"M3",3.4145287378479e-05,0.00885097346828332,0.125467767033128,3.95200085399062e-08,0.199688153220247,4.95848722463219e-09
"root5",20,"M1",9.10344996032254e-05,0.429858198896904,0.138440495386583,1.053640041704e-07,0.220334891648654,1.45866449332641e-08
"root5",20,"M2",4.92581069849229e-05,0.429858198896904,0.138440495386583,5.70116978992163e-08,0.220334891648654,7.89272769999772e-09
"root5",20,"M3",4.66756242099943e-05,0.429858198896904,0.138440495386583,5.40227132060119e-08,0.220334891648654,7.47893117836759e-09
"root5",21,"M1",6.02785724537325e-05,0.111937153983152,0.1454104986704,6.97668662658941e-08,0.231427996408516,1.01448348143948e-08
"root5",21,"M2",3.33035768616445e-05,0.111937153983152,0.1454104986704,3.85458065528293e-08,0.231427996408516,5.60496495249968e-09
"root5",21,"M3",3.22035953125466e-05,0.111937153983152,0.1454104986704,3.72726797598919e-08,0.231427996408516,5.41983895066801e-09
"root5",22,"M1",8.13943953705126e-05,0.389254486740131,0.148358353934208,9.42064761232785e-08,0.236119653776061,1.39763177275919e-08
"root5",22,"M2",4.36979060482359e-05,0.389254486740131,0.148358353934208,5.05762801484212e-08,0.236119653776061,7.50341367093513e-09
"root5",22,"M3",4.19510369666365e-05,0.389254486740131,0.148358353934208,4.85544409336071e-08,0.236119653776061,7.20345693310567e-09
"root5",23,"M1",8.16132069060288e-05,0.368093827066149,0.155286116552538,9.44597302153111e-08,0.247145530428806,1.46682846757361e-08
"root5",23,"M2",4.60066647288166e-05,0.368093827066149,0.155286116552538,5.32484545472414e-08,0.247145530428806,8.26874571906545e-09
"root5",23,"M3",4.36671363006926e-05,0.368093827066149,0.155286116552538,5.05406670146905e-08,0.247145530428806,7.84826390868624e-09
"root5",26,"M1",8.36565703749795e-05,0.627828391423703,0.156909475651037,9.68247342303004e-08,0.249729186678199,1.51927182781274e-08
"root5",26,"M2",4.40163442570626e-05,0.627828391423703,0.156909475651037,5.09448428901187e-08,0.249729186678199,7.99372858501299e-09
"root5",26,"M3",4.26029000418796e-05,0.627828391423703,0.156909475651037,4.93089120855088e-08,0.249729186678199,7.73703554026026e-09
"root5",28,"M1",9.73749809447631e-05,1.82825435351587,0.171312310190736,1.12702524241624e-07,0.272652009793477,1.930732979216e-08
"root5",28,"M2",5.53846983515065e-05,1.82825435351587,0.171312310190736,6.41026601290585e-08,0.272652009793477,1.09815747960806e-08
"root5",28,"M3",5.15545332362238e-05,1.82825435351587,0.171312310190736,5.96695986530368e-08,0.272652009793477,1.02221367934058e-08
"root5",29,"M1",8.1009370349393e-05,4.20037726725449,0.212781866477317,9.37608453117974e-08,0.338652858501847,1.99506076679353e-08
"root5",29,"M2",4.93041213724525e-05,4.20037726725449,0.212781866477317,5.70649552921904e-08,0.338652858501847,1.21423876975169e-08
"root5",29,"M3",4.71648332772639e-05,4.20037726725449,0.212781866477317,5.45889274042406e-08,0.338652858501847,1.16155338620691e-08
"root5",5,"M1",8.72376000010884e-05,0.0366388716933336,0.111386868016547,1.00969444445704e-07,0.17727770640358,1.12466701821777e-08
"root5",5,"M2",4.27152223586071e-05,0.0366388716933336,0.111386868016547,4.94389147669064e-08,0.17727770640358,5.50684587402272e-09
"root5",5,"M3",4.02708180258824e-05,0.0366388716933336,0.111386868016547,4.6609743085512e-08,0.17727770640358,5.19171330135109e-09
"root5",7,"M1",8.56042250334042e-05,0.0659022989907239,0.113517025784152,9.90789641590326e-08,0.180667957786379,1.1247149329108e-08
"root5",7,"M2",4.25733943306788e-05,0.0659022989907239,0.113517025784152,4.92747619568042e-08,0.180667957786379,5.59352442355849e-09
"root5",7,"M3",3.98738288567515e-05,0.0659022989907239,0.113517025784152,4.61502648804994e-08,0.180667957786379,5.2388408083851e-09
"root5",8,"M1",5.67106614521057e-05,0.0230555154483188,0.157266173663681,6.56373396436408e-08,0.250296889197233,1.03225332552188e-08
"root5",8,"M2",3.36344705875423e-05,0.0230555154483188,0.157266173663681,3.8928785402248e-08,0.250296889197233,6.12218112558611e-09
"root5",8,"M3",3.22406723108876e-05,0.0230555154483188,0.157266173663681,3.73155929524162e-08,0.250296889197233,5.86848052161792e-09
"root5",9,"M1",7.49674901119525e-05,0.103324497679096,0.129022285600607,8.67679283703154e-08,0.205345345223509,1.11949964351678e-08
"root5",9,"M2",3.79193290964868e-05,0.103324497679096,0.129022285600607,4.38881123801931e-08,0.205345345223509,5.6625445699888e-09
"root5",9,"M3",3.62403383947903e-05,0.103324497679096,0.129022285600607,4.19448361050814e-08,0.205345345223509,5.41181862342046e-09
"root6",10,"M1",5.78558394989051e-05,0.0213676799658475,0.144071233653538,6.69627771978068e-08,0.22929648993308,9.64740991975503e-09
"root6",10,"M2",3.33912386517773e-05,0.0213676799658475,0.144071233653538,3.86472669580756e-08,0.22929648993308,5.56795942798757e-09
"root6",10,"M3",3.21697892932178e-05,0.0213676799658475,0.144071233653538,3.72335524227058e-08,0.22929648993308,5.3642838308429e-09
"root6",13,"M1",8.56469872672144e-05,0.272135419199756,0.131583591055732,9.91284574852018e-08,0.209421789463023,1.30436784117183e-08
"root6",13,"M2",4.38277042914343e-05,0.272135419199756,0.131583591055732,5.07265095965675e-08,0.209421789463023,6.6747762944394e-09
"root6",13,"M3",4.17105875682987e-05,0.272135419199756,0.131583591055732,4.82761430188642e-08,0.209421789463023,6.35234826074226e-09
"root6",14,"M1",7.74081297898573e-05,0.256153256918361,0.145075139589201,8.95927428123348e-08,0.230894255853681,1.29976796696789e-08
"root6",14,"M2",4.06753187758179e-05,0.256153256918361,0.145075139589201,4.70779152497892e-08,0.230894255853681,6.82983512643175e-09
"root6",14,"M3",3.91424368096655e-05,0.256153256918361,0.145075139589201,4.53037463074832e-08,0.230894255853681,6.57244731947188e-09
"root6",15,"M1",7.88117576748951e-05,0.324821051719621,0.150366678337942,9.12173121237212e-08,0.239316001337925,1.37160442309592e-08
"root6",15,"M2",4.2189572212079e-05,0.324821051719621,0.150366678337942,4.88305233936099e-08,0.239316001337925,7.3424836042003e-09
"root6",15,"M3",4.03811842865328e-05,0.324821051719621,0.150366678337942,4.67374818131167e-08,0.239316001337925,7.02775989411833e-09
"root6",16,"M1",9.04100811869032e-05,0.152312584624163,0.122317797888088,1.04641297670027e-07,0.194674821620046,1.27994930991496e-08
"root6",16,"M2",4.66563363332406e-05,0.152312584624163,0.122317797888088,5.4000389274584e-08,0.194674821620046,6.60520870116664e-09
"root6",16,"M3",4.42195405673914e-05,0.152312584624163,0.122317797888088,5.11800238048512e-08,0.194674821620046,6.26022780766932e-09
"root6",17,"M1",8.52791731061619e-05,0.235477492130609,0.122450482623836,9.87027466506503e-08,0.194885995935717,1.20861989636703e-08
"root6",17,"M2",4.33655726894358e-05,0.235477492130609,0.122450482623836,5.01916350572174e-08,0.194885995935717,6.14598993643571e-09
"root6",17,"M3",4.10818263678842e-05,0.235477492130609,0.122450482623836,4.75484101480141e-08,0.194885995935717,5.82232577062043e-09
"root6",18,"M1",8.41730048221124e-05,0.145917121448403,0.132419144578383,9.74224592848523e-08,0.2107516141965,1.29005987212225e-08
"root6",18,"M2",4.45884674939863e-05,0.145917121448403,0.132419144578383,5.16070225624841e-08,0.2107516141965,6.83375778196146e-09
"root6",18,"M3",4.22228512378361e-05,0.145917121448403,0.132419144578383,4.88690407845325e-08,0.2107516141965,6.47119657705391e-09
"root6",19,"M1",0.00010042968937692,0.562336846044108,0.132248939387939,1.16238066408472e-07,0.210480724222509,1.53723609990253e-08
"root6",19,"M2",5.01713833336249e-05,0.562336846044108,0.132248939387939,5.8068730710214e-08,0.210480724222509,7.67952804802964e-09
"root6",19,"M3",4.76148840288483e-05,0.562336846044108,0.132248939387939,5.51098194778337e-08,0.210480724222509,7.28821517580429e-09
"root6",2,"M1",7.0802814966782e-05,0.0400717144380987,0.125570510300072,8.19477025078495e-08,0.199851674208282,1.02902148218292e-08
"root6",2,"M2",3.5673750837366e-05,0.0400717144380987,0.125570510300072,4.12890634691736e-08,0.199851674208282,5.18468876963619e-09
"root6",2,"M3",3.4072610395454e-05,0.0400717144380987,0.125570510300072,3.94358916614051e-08,0.199851674208282,4.95198504006099e-09
"root6",21,"M1",8.40036022056497e-05,0.16062691893307,0.126613225390546,9.72263914417242e-08,0.201511206817137,1.23101470135205e-08
"root6",21,"M2",4.60125594727723e-05,0.16062691893307,0.126613225390546,5.32552771675605e-08,0.201511206817137,6.74282241125234e-09
"root6",21,"M3",4.34999656436919e-05,0.16062691893307,0.126613225390546,5.03471824579767e-08,0.201511206817137,6.37461916033075e-09
"root6",23,"M1",0.000102323972807554,1.48804146042666,0.164596203471233,1.18430524082817e-07,0.261962993966061,1.94932146391401e-08
"root6",23,"M2",5.62583977541161e-05,1.48804146042666,0.164596203471233,6.51138862894862e-08,0.261962993966061,1.0717498476507e-08
"root6",23,"M3",5.41838924147303e-05,1.48804146042666,0.164596203471233,6.27128384429749e-08,0.261962993966061,1.03222951166185e-08
"root6",25,"M1",8.71991732612101e-05,0.80563627912645,0.157248662862452,1.00924969052326e-07,0.250269019891502,1.58703164329127e-08
"root6",25,"M2",4.89573355775078e-05,0.80563627912645,0.157248662862452,5.66635828443377e-08,0.250269019891502,8.91027263526788e-09
"root6",25,"M3",4.64036162213075e-05,0.80563627912645,0.157248662862452,5.37078891450318e-08,0.250269019891502,8.44549375322105e-09
"root6",29,"M1",4.70168274794056e-05,3.48879533471961,0.36048266723572,5.44176243974602e-08,0.573725983895157,1.9616610387428e-08
"root6",29,"M2",3.61221234189793e-05,3.48879533471961,0.36048266723572,4.18080132164112e-08,0.573725983895157,1.50710641160781e-08
"root6",29,"M3",3.49565515931817e-05,3.48879533471961,0.36048266723572,4.04589717513677e-08,0.573725983895157,1.45847580505477e-08
"root6",3,"M1",7.43151211960141e-05,0.0224486798418515,0.108257348135553,8.6012871754646e-08,0.172296920817934,9.31152540168138e-09
"root6",3,"M2",3.50855155718283e-05,0.0224486798418515,0.108257348135553,4.0608235615542e-08,0.172296920817934,4.39613990020229e-09
"root6",3,"M3",3.32082870809311e-05,0.0224486798418515,0.108257348135553,3.84355174547814e-08,0.172296920817934,4.16092719387239e-09
"root6",6,"M1",5.93835126634606e-05,0.0691271185823369,0.154585688910022,6.87309174345609e-08,0.24603076521296,1.06248162210394e-08
"root6",6,"M2",3.22739905061536e-05,0.0691271185823369,0.154585688910022,3.73541556784185e-08,0.24603076521296,5.77441788920054e-09
"root6",6,"M3",3.1316747622045e-05,0.0691271185823369,0.154585688910022,3.62462356736632e-08,0.24603076521296,5.60314931200824e-09
"root6",7,"M1",7.5733745337606e-05,0.0399045620053812,0.11360533491977,8.76547978444514e-08,0.180808506140917,9.95805266644363e-09
"root6",7,"M2",3.75555815505186e-05,0.0399045620053812,0.11360533491977,4.34671082760632e-08,0.180808506140917,4.93809539369607e-09
"root6",7,"M3",3.57025460531874e-05,0.0399045620053812,0.11360533491977,4.13223912652632e-08,0.180808506140917,4.694444099376e-09
"root6",9,"M1",7.94234074665243e-05,0.0488729366613054,0.12608530146197,9.1925240123292e-08,0.200670989789043,1.15904216129093e-08
"root6",9,"M2",4.25526830256056e-05,0.0488729366613054,0.12608530146197,4.92507905388954e-08,0.200670989789043,6.20980077233696e-09
"root6",9,"M3",4.03614219690491e-05,0.0488729366613054,0.12608530146197,4.67146087604735e-08,0.200670989789043,5.89002552824228e-09
"root7",0,"M1",7.24176492985493e-05,0.0241306571970431,0.122676414180977,8.38167237251728e-08,0.195245577176912,1.02823351150018e-08
"root7",0,"M2",3.54711447532744e-05,0.0241306571970431,0.122676414180977,4.10545656866602e-08,0.195245577176912,5.03642690419685e-09
"root7",0,"M3",3.35841007858822e-05,0.0241306571970431,0.122676414180977,3.8870487020697e-08,0.195245577176912,4.76849196516731e-09
"root7",1,"M1",7.02502417711021e-05,0.0250801963966398,0.117481593187728,8.13081501980348e-08,0.18697776278138,9.55221102441221e-09
"root7",1,"M2",3.44827851440729e-05,0.0250801963966398,0.117481593187728,3.99106309537881e-08,0.18697776278138,4.68876450957848e-09
"root7",1,"M3",3.28713217879302e-05,0.0250801963966398,0.117481593187728,3.80455113286229e-08,0.18697776278138,4.46964728452837e-09
"root7",11,"M1",7.24284748011178e-05,0.0532407188324137,0.134679831378482,8.38292532420345e-08,0.214349608986684,1.12901096912213e-08
"root7",11,"M2",3.87905742846644e-05,0.0532407188324137,0.134679831378482,4.48964980146579e-08,0.214349608986684,6.04665278209847e-09
"root7",11,"M3",3.73707125864776e-05,0.0532407188324137,0.134679831378482,4.32531395676824e-08,0.214349608986684,5.82532554356541e-09
"root7",12,"M1",9.88919702140082e-05,0.179820872529228,0.115635312983066,1.14458298858806e-07,0.184039316572334,1.32354212120473e-08
"root7",12,"M2",4.90992875406962e-05,0.179820872529228,0.115635312983066,5.6827879098028e-08,0.184039316572334,6.5713095856643e-09
"root7",12,"M3",4.5902732282699e-05,0.179820872529228,0.115635312983066,5.3128162364235e-08,0.184039316572334,6.14349168320346e-09
"root7",13,"M1",8.07241574895995e-05,0.0634194130587754,0.137183154607023,9.34307378351846e-08,0.218333771646474,1.28171233534924e-08
"root7",13,"M2",4.41867258212894e-05,0.0634194130587754,0.137183154607023,5.11420437746405e-08,0.218333771646474,7.01582689805565e-09
"root7",13,"M3",4.20987804491272e-05,0.0634194130587754,0.137183154607023,4.8725440334638e-08,0.218333771646474,6.68430961472191e-09
"root7",14,"M1",8.44529008769857e-05,0.334059200273921,0.149183542920215,9.77464130520668e-08,0.237432982837141,1.45821562068501e-08
"root7",14,"M2",4.54604970198598e-05,0.334059200273921,0.149183542920215,5.26163159952081e-08,0.237432982837141,7.84948843557472e-09
"root7",14,"M3",4.29335424968544e-05,0.334059200273921,0.149183542920215,4.96916001121e-08,0.237432982837141,7.41316895809763e-09
"root7",20,"M1",9.91221145556142e-05,0.56618066075616,0.130099680723977,1.14724669624553e-07,0.207060072818983,1.49256428893181e-08
"root7",20,"M2",5.08439024318487e-05,0.56618066075616,0.130099680723977,5.88471092961212e-08,0.207060072818983,7.65599013095434e-09
"root7",20,"M3",4.80161660881816e-05,0.56618066075616,0.130099680723977,5.55742663057657e-08,0.207060072818983,7.2301943028494e-09
"root7",21,"M1",7.38394203312944e-05,0.2328269638414,0.147387340309526,8.54622920501093e-08,0.234574237594284,1.25960599220215e-08
"root7",21,"M2",4.08884267380162e-05,0.2328269638414,0.147387340309526,4.7324567983815e-08,0.234574237594284,6.97504220643185e-09
"root7",21,"M3",3.90925853426883e-05,0.2328269638414,0.147387340309526,4.52460478503337e-08,0.234574237594284,6.66869465217823e-09
"root7",22,"M1",9.49552913561476e-05,0.607661414072714,0.137034882530668,1.09901957588134e-07,0.21809778930773,1.50604018479804e-08
"root7",22,"M2",4.97339999196997e-05,0.607661414072714,0.137034882530668,5.75624999070598e-08,0.21809778930773,7.88807041293553e-09
"root7",22,"M3",4.71421242446583e-05,0.607661414072714,0.137034882530668,5.45626438016878e-08,0.21809778930773,7.47698548392697e-09
"root7",23,"M1",7.35510418728493e-05,0.289053239786234,0.170307775594923,8.51285206861682e-08,0.271053243329173,1.44980489977477e-08
"root7",23,"M2",4.39442805144955e-05,0.289053239786234,0.170307775594923,5.08614357806661e-08,0.271053243329173,8.66209799136927e-09
"root7",23,"M3",4.24758235670209e-05,0.289053239786234,0.170307775594923,4.91618328322001e-08,0.271053243329173,8.37264239382145e-09
"root7",24,"M1",7.75837542938772e-05,0.437202553274457,0.161050386274448,8.97960119142097e-08,0.256319650624375,1.44616824046884e-08
"root7",24,"M2",4.39971932761671e-05,0.437202553274457,0.161050386274448,5.09226774029712e-08,0.256319650624375,8.20111686587761e-09
"root7",24,"M3",4.2171606435586e-05,0.437202553274457,0.161050386274448,4.88097296708171e-08,0.256319650624375,7.86082581743649e-09
"root7",25,"M1",9.58691591264421e-05,0.971997911910493,0.15321127997257,1.10959674914864e-07,0.243843325450708,1.70002738190465e-08
"root7",25,"M2",5.1641325498531e-05,0.971997911910493,0.15321127997257,5.97700526603368e-08,0.243843325450708,9.15744627211811e-09
"root7",25,"M3",4.89974885204759e-05,0.971997911910493,0.15321127997257,5.67100561579582e-08,0.243843325450708,8.6886202912771e-09
"root7",26,"M1",0.000100677265815952,0.885049738151554,0.14289226824791,1.16524613212907e-07,0.22742010821268,1.66504662887027e-08
"root7",26,"M2",5.22283839625935e-05,0.885049738151554,0.14289226824791,6.0449518475224e-08,0.22742010821268,8.63776880941869e-09
"root7",26,"M3",4.94177430918899e-05,0.885049738151554,0.14289226824791,5.71964619119096e-08,0.22742010821268,8.17293217834795e-09
"root7",28,"M1",9.24682986863708e-05,2.81149353982583,0.190919019213512,1.07023493849966e-07,0.30385705638087,2.04328204786389e-08
"root7",28,"M2",5.24377422733102e-05,2.81149353982583,0.190919019213512,6.06918313348498e-08,0.30385705638087,1.15872249127214e-08
"root7",28,"M3",4.9930689940637e-05,2.81149353982583,0.190919019213512,5.77901503942558e-08,0.30385705638087,1.10332388334727e-08
"root7",29,"M1",4.89237057672403e-05,7.67375269302806,0.335541476818414,5.66246594528244e-08,0.534030846480052,1.89999218571405e-08
"root7",29,"M2",3.72160443896877e-05,7.67375269302806,0.335541476818414,4.30741254510274e-08,0.534030846480052,1.44531556664994e-08
"root7",29,"M3",3.58623413065905e-05,7.67375269302806,0.335541476818414,4.15073394752205e-08,0.534030846480052,1.39274339863187e-08
"root7",30,"M1",4.27366097092452e-05,7.35865201624441,0.358098506324333,4.94636686449597e-08,0.569931473953419,1.77128658590818e-08
"root7",30,"M2",3.36589955296162e-05,7.35865201624441,0.358098506324333,3.89571707518706e-08,0.569931473953419,1.39505046568669e-08
"root7",30,"M3",3.27367668151486e-05,7.35865201624441,0.358098506324333,3.7889776406422e-08,0.569931473953419,1.35682723361027e-08
"root7",5,"M1",6.91066264519217e-05,0.0603499982291231,0.127583088083926,7.99845213563908e-08,0.203054791234855,1.02046722335631e-08
"root7",5,"M2",3.49915153368703e-05,0.0603499982291231,0.127583088083926,4.04994390473036e-08,0.203054791234855,5.16704349932173e-09
"root7",5,"M3",3.35618905438462e-05,0.0603499982291231,0.127583088083926,3.88447807220442e-08,0.203054791234855,4.95593708046136e-09
"root7",7,"M1",6.15216775936475e-05,0.0391833901012999,0.134088421893447,7.12056453630179e-08,0.213408351557336,9.54785261663152e-09
"root7",7,"M2",3.10531286290151e-05,0.0391833901012999,0.134088421893447,3.59411210983971e-08,0.213408351557336,4.81928820916534e-09
"root7",7,"M3",2.98405837820435e-05,0.0391833901012999,0.134088421893447,3.45377127106985e-08,0.213408351557336,4.63110739318681e-09
"root7",8,"M1",6.93583248753641e-05,0.0583517488409366,0.14562712232873,8.02758389761158e-08,0.231772763668655,1.16903394226163e-08
"root7",8,"M2",3.79354776934525e-05,0.0583517488409366,0.14562712232873,4.39068028859404e-08,0.231772763668655,6.39402135493428e-09
"root7",8,"M3",3.61560501566107e-05,0.0583517488409366,0.14562712232873,4.1847280273855e-08,0.231772763668655,6.09409900356533e-09
"root7",9,"M1",6.62168929714557e-05,0.0982153768328148,0.151029440001792,7.66399224206663e-08,0.24037081928686,1.1574884564974e-08
"root7",9,"M2",3.7361047601209e-05,0.0982153768328148,0.151029440001792,4.324195324214e-08,0.24037081928686,6.53080798274409e-09
"root7",9,"M3",3.55923578221015e-05,0.0982153768328148,0.151029440001792,4.11948585903953e-08,0.24037081928686,6.2216364238604e-09
"root8",0,"M1",6.64946852060931e-05,0.0109413715526517,0.120314513112388,7.69614412107559e-08,0.191486494875312,9.25957832769977e-09
"root8",0,"M2",3.27075320544021e-05,0.0109413715526517,0.120314513112388,3.78559398777802e-08,0.191486494875312,4.55461897480696e-09
"root8",0,"M3",3.14006770378708e-05,0.0109413715526517,0.120314513112388,3.63433762012393e-08,0.191486494875312,4.37263561251246e-09
"root8",10,"M1",6.56046743838415e-05,0.0428808031493333,0.136916944607519,7.59313360924091e-08,0.217910085273259,1.03962865377393e-08
"root8",10,"M2",3.46766038821443e-05,0.0428808031493333,0.136916944607519,4.01349581969263e-08,0.217910085273259,5.49515584827364e-09
"root8",10,"M3",3.34831478165697e-05,0.0428808031493333,0.136916944607519,3.87536433062149e-08,0.217910085273259,5.30603043389658e-09
"root8",11,"M1",8.05251831687486e-05,0.182541020949158,0.1315977080932,9.32004434823479e-08,0.209444257425971,1.22649647555468e-08
"root8",11,"M2",4.19374386772052e-05,0.182541020949158,0.1315977080932,4.85387021726912e-08,0.209444257425971,6.38758195974459e-09
"root8",11,"M3",3.98005125322336e-05,0.182541020949158,0.1315977080932,4.60654080234185e-08,0.209444257425971,6.06210211825998e-09
"root8",12,"M1",7.49507871821572e-05,0.153511390821842,0.136690052764162,8.67485962756449e-08,0.217548975689084,1.18576702021349e-08
"root8",12,"M2",3.81897330197117e-05,0.153511390821842,0.136690052764162,4.42010798839256e-08,0.217548975689084,6.04184794156673e-09
"root8",12,"M3",3.68025579008182e-05,0.153511390821842,0.136690052764162,4.2595553125947e-08,0.217548975689084,5.82238840430436e-09
"root8",13,"M1",8.00599859589784e-05,0.310796134474421,0.140237350983813,9.26620207858546e-08,0.223194676151869,1.29946763318153e-08
"root8",13,"M2",4.17890360096453e-05,0.310796134474421,0.140237350983813,4.83669398259784e-08,0.223194676151869,6.78285151638869e-09
"root8",13,"M3",3.98311736891498e-05,0.310796134474421,0.140237350983813,4.6100895473553e-08,0.223194676151869,6.46506745919273e-09
"root8",14,"M1",7.55925997538011e-05,0.154408234421947,0.145638767460163,8.74914349002327e-08,0.23179129747096,1.2742144742191e-08
"root8",14,"M2",4.10402970703299e-05,0.154408234421947,0.145638767460163,4.75003438314003e-08,0.23179129747096,6.9178915295391e-09
"root8",14,"M3",3.93611341886506e-05,0.154408234421947,0.145638767460163,4.55568682739012e-08,0.23179129747096,6.63484614475597e-09
"root8",15,"M1",8.41484273363418e-05,0.422003616012616,0.136701364185947,9.7394013120766e-08,0.217566978375989,1.33138944571527e-08
"root8",15,"M2",4.30495054081436e-05,0.422003616012616,0.136701364185947,4.98258164446106e-08,0.217566978375989,6.81125707965687e-09
"root8",15,"M3",4.08850243188389e-05,0.422003616012616,0.136701364185947,4.73206299986561e-08,0.217566978375989,6.46879467495474e-09
"root8",17,"M1",8.14156367223236e-05,0.147948461872757,0.135146778862938,9.42310610212079e-08,0.215092778989839,1.27350243658532e-08
"root8",17,"M2",4.34082763575435e-05,0.147948461872757,0.135146778862938,5.02410605990087e-08,0.215092778989839,6.78991750661369e-09
"root8",17,"M3",4.12603912546942e-05,0.147948461872757,0.135146778862938,4.77550824707109e-08,0.215092778989839,6.45394557025053e-09
"root8",18,"M1",0.000102333335180412,0.346398727466737,0.115478847408625,1.18441360162514e-07,0.183790293876374,1.36774717570769e-08
"root8",18,"M2",4.91376449095564e-05,0.346398727466737,0.115478847408625,5.68722742008755e-08,0.183790293876374,6.56754467422438e-09
"root8",18,"M3",4.64058041380774e-05,0.346398727466737,0.115478847408625,5.37104214561081e-08,0.183790293876374,6.20241756358285e-09
"root8",20,"M1",7.35943048288382e-05,0.346234044600932,0.15659008387615,8.51785935518961e-08,0.249220858880638,1.33381231087439e-08
"root8",20,"M2",3.93084401378082e-05,0.346234044600932,0.15659008387615,4.54958797891299e-08,0.249220858880638,7.12420363219908e-09
"root8",20,"M3",3.77334431017113e-05,0.346234044600932,0.15659008387615,4.36729665529066e-08,0.249220858880638,6.83875349563994e-09
"root8",21,"M1",5.26451947893918e-05,0.165859799672314,0.168970622749963,6.09319384136479e-08,0.268925098479725,1.02957075791165e-08
"root8",21,"M2",3.19924301587921e-05,0.165859799672314,0.168970622749963,3.70282756467501e-08,0.268925098479725,6.25669079538866e-09
"root8",21,"M3",3.09562463981627e-05,0.165859799672314,0.168970622749963,3.58289888867624e-08,0.268925098479725,6.05404656469774e-09
"root8",22,"M1",8.55230776402868e-05,0.843434609630221,0.165814263566267,9.89850435651468e-08,0.263901596817138,1.64131321028297e-08
"root8",22,"M2",4.80731205590683e-05,0.843434609630221,0.165814263566267,5.5640185832255e-08,0.263901596817138,9.2259364384656e-09
"root8",22,"M3",4.62110800144752e-05,0.843434609630221,0.165814263566267,5.348504631305e-08,0.263901596817138,8.86858356620607e-09
"root8",23,"M1",6.07011500559606e-05,0.104141455889754,0.165709792321869,7.02559607129174e-08,0.263735325667569,1.16421006591109e-08
"root8",23,"M2",3.74222838738682e-05,0.104141455889754,0.165709792321869,4.33128285577178e-08,0.263735325667569,7.17735982517214e-09
"root8",23,"M3",3.60114098904876e-05,0.104141455889754,0.165709792321869,4.16798725584347e-08,0.263735325667569,6.90676302566018e-09
"root8",26,"M1",7.52500072029892e-05,1.57313843664977,0.20453884682054,8.70949157442005e-08,0.325533685258049,1.78142936302509e-08
"root8",26,"M2",4.80667546138228e-05,1.57313843664977,0.20453884682054,5.56328178400727e-08,0.325533685258049,1.13790724063856e-08
"root8",26,"M3",4.57272869745671e-05,1.57313843664977,0.20453884682054,5.29251006650082e-08,0.325533685258049,1.08252390578818e-08
"root8",29,"M1",7.47631585045635e-05,2.11888306650512,0.196715362668514,8.65314334543559e-08,0.313082223508089,1.70220623142e-08
"root8",29,"M2",5.07973056540908e-05,2.11888306650512,0.196715362668514,5.87931778403829e-08,0.313082223508089,1.15655213013054e-08
"root8",29,"M3",4.79872859470463e-05,2.11888306650512,0.196715362668514,5.55408402164888e-08,0.313082223508089,1.09257365261006e-08
"root8",30,"M1",4.40575491938625e-05,4.34606729709456,0.315472315097534,5.09925337891927e-08,0.502089783564165,1.60867326871658e-08
"root8",30,"M2",3.6285423466577e-05,4.34606729709456,0.315472315097534,4.19970179011308e-08,0.502089783564165,1.32488964644623e-08
"root8",30,"M3",3.49808854087989e-05,4.34606729709456,0.315472315097534,4.04871358898135e-08,0.502089783564165,1.27725704908279e-08
"root8",7,"M1",8.37606761220925e-05,0.0696051623298008,0.10667535549726,9.69452269931626e-08,0.169779101334741,1.03416665532582e-08
"root8",7,"M2",4.0124680704605e-05,0.0696051623298008,0.10667535549726,4.64406026673669e-08,0.169779101334741,4.95406779904836e-09
"root8",7,"M3",3.75926476574271e-05,0.0696051623298008,0.10667535549726,4.35100088627628e-08,0.169779101334741,4.64144566312416e-09
"root8",8,"M1",7.47779826753483e-05,0.015293046608842,0.122846166919125,8.65485910594309e-08,0.195515747050708,1.06321626639019e-08
"root8",8,"M2",4.02450356031634e-05,0.015293046608842,0.122846166919125,4.65799023184762e-08,0.195515747050708,5.72216245529206e-09
"root8",8,"M3",3.82944709044576e-05,0.015293046608842,0.122846166919125,4.43223042875667e-08,0.195515747050708,5.44482519075066e-09
"root8",9,"M1",7.90470087249201e-05,0.0663164462572123,0.129325223070569,9.14895934316205e-08,0.205827485181431,1.183191207918e-08
"root8",9,"M2",4.12423710435613e-05,0.0663164462572123,0.129325223070569,4.77342257448626e-08,0.205827485181431,6.17323939255526e-09
"root8",9,"M3",3.89573669948419e-05,0.0663164462572123,0.129325223070569,4.50895451329189e-08,0.205827485181431,5.83121548246522e-09
"root9",10,"M1",6.51344345911225e-05,0.0348298324534181,0.148771939192563,7.53870770730584e-08,0.236777895158633,1.12154816462181e-08
"root9",10,"M2",3.88392533891826e-05,0.0348298324534181,0.148771939192563,4.49528395708132e-08,0.236777895158633,6.68772111516206e-09
"root9",10,"M3",3.71561547541568e-05,0.0348298324534181,0.148771939192563,4.3004808743237e-08,0.236777895158633,6.39790879133666e-09
"root9",11,"M1",6.21373489235178e-05,0.0733688696722956,0.161196790986016,7.19182279207382e-08,0.256552660959755,1.15929875542239e-08
"root9",11,"M2",3.65181476615827e-05,0.0733688696722956,0.161196790986016,4.22663746083133e-08,0.256552660959755,6.81320395347293e-09
"root9",11,"M3",3.51617186242977e-05,0.0733688696722956,0.161196790986016,4.06964335929371e-08,0.256552660959755,6.56013449975697e-09
"root9",12,"M1",8.06916494565953e-05,0.202787408221949,0.133723447489129,9.33931127969853e-08,0.212827476751844,1.2488849014954e-08
"root9",12,"M2",4.06967566677294e-05,0.202787408221949,0.133723447489129,4.71027276246868e-08,0.212827476751844,6.29873912411455e-09
"root9",12,"M3",3.89549692042462e-05,0.202787408221949,0.133723447489129,4.5086769912322e-08,0.212827476751844,6.02915830882483e-09
"root9",13,"M1",9.78521923430737e-05,0.218915819862236,0.120419330565967,1.13254852248928e-07,0.191653317033906,1.36380734911634e-08
"root9",13,"M2",4.92999242366936e-05,0.218915819862236,0.120419330565967,5.70600974961731e-08,0.191653317033906,6.87113874251798e-09
"root9",13,"M3",4.65817190467045e-05,0.218915819862236,0.120419330565967,5.39140266744265e-08,0.191653317033906,6.49229100025013e-09
"root9",14,"M1",8.32890057018358e-05,0.179108550221055,0.137620968039776,9.63993121549025e-08,0.219030573366221,1.32665666571262e-08
"root9",14,"M2",4.5559331942595e-05,0.179108550221055,0.137620968039776,5.27307082668924e-08,0.219030573366221,7.25685111711275e-09
"root9",14,"M3",4.32054916903507e-05,0.179108550221055,0.137620968039776,5.00063561230911e-08,0.219030573366221,6.88192313780158e-09
"root9",15,"M1",6.75819733582268e-05,0.379024565505905,0.178434372924018,7.82198765720218e-08,0.283987124683601,1.39571146263228e-08
"root9",15,"M2",3.90451294093847e-05,0.379024565505905,0.178434372924018,4.51911220016027e-08,0.283987124683601,8.06364951608876e-09
"root9",15,"M3",3.77345588884115e-05,0.379024565505905,0.178434372924018,4.36742579726985e-08,0.283987124683601,7.79298883428025e-09
"root9",17,"M1",8.36750052143479e-05,0.22397149506911,0.141469579624742,9.68460708499397e-08,0.225155828944102,1.37007729314489e-08
"root9",17,"M2",4.6860712095876e-05,0.22397149506911,0.141469579624742,5.42369352961528e-08,0.225155828944102,7.67287643648106e-09
"root9",17,"M3",4.46401874465505e-05,0.22397149506911,0.141469579624742,5.16668836186927e-08,0.225155828944102,7.30929230605692e-09
"root9",18,"M1",8.89949838992251e-05,1.25713974255198,0.164323676095954,1.03003453587066e-07,0.261529253177026,1.69259061440057e-08
"root9",18,"M2",4.71003877943714e-05,1.25713974255198,0.164323676095954,5.45143377249669e-08,0.261529253177026,8.9579963749029e-09
"root9",18,"M3",4.44894958024188e-05,1.25713974255198,0.164323676095954,5.14924719935403e-08,0.261529253177026,8.46143228924649e-09
"root9",19,"M1",7.70779462937835e-05,0.249488640234605,0.157166233741146,8.92105859881754e-08,0.250137829870396,1.40208918096022e-08
"root9",19,"M2",4.39365954286371e-05,0.249488640234605,0.157166233741146,5.0852541005367e-08,0.250137829870396,7.99230234598072e-09
"root9",19,"M3",4.2470580415242e-05,0.249488640234605,0.157166233741146,4.9155764369493e-08,0.250137829870396,7.72562635262044e-09
"root9",2,"M1",8.62972163646245e-05,0.0260021147515118,0.10604739396543,9.98810374590561e-08,0.168779669516118,1.05921237290964e-08
"root9",2,"M2",4.15049476283009e-05,0.0260021147515118,0.10604739396543,4.8038133829052e-08,0.168779669516118,5.09431890353352e-09
"root9",2,"M3",3.90857646748255e-05,0.0260021147515118,0.10604739396543,4.52381535588258e-08,0.168779669516118,4.79738829272142e-09
"root9",20,"M1",7.88302102246272e-05,0.220663100515126,0.156907682137506,9.12386692414667e-08,0.24972633221276,1.43160481119891e-08
"root9",20,"M2",4.49536888266127e-05,0.220663100515126,0.156907682137506,5.20297324382091e-08,0.24972633221276,8.16386471911401e-09
"root9",20,"M3",4.28906786720565e-05,0.220663100515126,0.156907682137506,4.96419892037691e-08,0.24972633221276,7.7892094626585e-09
"root9",22,"M1",6.90950629687646e-05,0.433198571113008,0.166343580049219,7.99711376953294e-08,0.264744030164356,1.33026853448501e-08
"root9",22,"M2",3.84719653254736e-05,0.433198571113008,0.166343580049219,4.45277376452241e-08,0.264744030164356,7.40690329139895e-09
"root9",22,"M3",3.713535967304e-05,0.433198571113008,0.166343580049219,4.29807403623148e-08,0.264744030164356,7.14957022503341e-09
"root9",24,"M1",7.13439661092826e-05,0.599091359637502,0.178627916249166,8.25740348487067e-08,0.284295158452599,1.47500277813105e-08
"root9",24,"M2",4.17955927820375e-05,0.599091359637502,0.178627916249166,4.83745286829138e-08,0.284295158452599,8.6410412581644e-09
"root9",24,"M3",4.01445741820406e-05,0.599091359637502,0.178627916249166,4.64636275255099e-08,0.284295158452599,8.29970096625924e-09
"root9",25,"M1",0.000101920542518188,0.538462442377963,0.140817460604387,1.17963590877532e-07,0.224117949288364,1.66113333111489e-08
"root9",25,"M2",5.43447807941171e-05,0.538462442377963,0.140817460604387,6.28990518450429e-08,0.224117949288364,8.85728475524263e-09
"root9",25,"M3",5.10294671492732e-05,0.538462442377963,0.140817460604387,5.90618832746218e-08,0.224117949288364,8.31694442124495e-09
"root9",26,"M1",8.97398153389827e-05,3.96967229113481,0.210964685434052,1.03865527012711e-07,0.335760725046561,2.19119582336787e-08
"root9",26,"M2",5.15708818000748e-05,3.96967229113481,0.210964685434052,5.96885206019384e-08,0.335760725046561,1.25921699728119e-08
"root9",26,"M3",4.90037478159128e-05,3.96967229113481,0.210964685434052,5.6717300712862e-08,0.335760725046561,1.19653475035575e-08
"root9",29,"M1",5.50616545675165e-05,3.41896408759413,0.260455972129498,6.37287668605515e-08,0.414528554222145,1.65985379252791e-08
"root9",29,"M2",4.26292091038504e-05,3.41896408759413,0.260455972129498,4.93393623887157e-08,0.414528554222145,1.28507315952025e-08
"root9",29,"M3",4.1249787954745e-05,3.41896408759413,0.260455972129498,4.77428101328067e-08,0.414528554222145,1.24349000253342e-08
"root9",30,"M1",7.31372794395244e-05,3.63708883205892,0.234245934180615,8.4649628980931e-08,0.372813983240236,1.98288314186807e-08
"root9",30,"M2",4.86354024108344e-05,3.63708883205892,0.234245934180615,5.62909750125398e-08,0.372813983240236,1.318593202775e-08
"root9",30,"M3",4.62204452156537e-05,3.63708883205892,0.234245934180615,5.34958856662659e-08,0.372813983240236,1.25311937127138e-08
"root9",4,"M1",9.12894476615687e-05,0.109988754196399,0.107862056538696,1.0565908294163e-07,0.17166779470191,1.13966059780769e-08
"root9",4,"M2",4.42627892340914e-05,0.109988754196399,0.107862056538696,5.12300801320502e-08,0.17166779470191,5.52578179968513e-09
"root9",4,"M3",4.14030019144524e-05,0.109988754196399,0.107862056538696,4.79201411046903e-08,0.17166779470191,5.16876496917639e-09
"root9",8,"M1",7.41341386287748e-05,0.0811039607146902,0.145475729004786,8.58034011907116e-08,0.231531813710087,1.24823123393089e-08
"root9",8,"M2",3.99143193061732e-05,0.0811039607146902,0.145475729004786,4.61971288265894e-08,0.231531813710087,6.7205609939761e-09
"root9",8,"M3",3.79686267587883e-05,0.0811039607146902,0.145475729004786,4.39451698597087e-08,0.231531813710087,6.39295562158027e-09
