(578.537, 581.009) 
(584.272, 588.9794999999999) 
(576.6975, 594.025) 
(568.207, 592.8295) 
(570.0464999999999, 584.59) 
(591.9325000000001, 581.398) 
(599.5665, 586.2525) 
(592.2544999999999, 594.1705) 
(584.6205, 594.0925) 
(557.6255, 591.8995) 
(568.1135, 596.1954999999999) 
(556.732, 596.9169999999999) 
(547.16, 594.0855) 
(584.9689999999999, 602.91) 
(582.003, 612.2115) 
(573.0705, 605.5645) 
(600.5395000000001, 602.6880000000001) 
(595.273, 612.9635000000001) 
(586.9879999999999, 612.9269999999999) 
(582.8315, 623.2735) 
(576.1465, 631.777) 
(577.337, 622.251) 
(543.657, 585.344) 
(544.8344999999999, 596.3885) 
(537.2635, 595.5504999999999) 
(535.2860000000001, 586.1574999999999) 
(530.895, 594.1969999999999) 
(537.5965000000001, 605.97) 
(531.2280000000001, 604.6165) 
(545.153, 546.527) 
(551.1814999999999, 551.644) 
(548.0895, 560.6869999999999) 
(542.061, 555.5699999999999) 
(598.8985, 513.0495) 
(603.1995, 509.3265) 
(610.9675, 509.46750000000003) 
(611.9735000000001, 518.288) 
(603.274, 520.3824999999999) 
(589.2194999999999, 508.80749999999995) 
(588.7065, 514.0965) 
(579.0275, 509.8545) 
(569.252, 503.82099999999997) 
(577.012, 505.44199999999995) 
(570.9290000000001, 516.6485) 
(560.4065, 517.843) 
(560.745, 509.428) 
(552.7280000000001, 516.1175000000001) 
(555.966, 527.9635000000001) 
(546.2379999999999, 531.646) 
(545.0055, 522.346) 
(530.8934999999999, 532.605) 
(537.4905, 528.6869999999999) 
(549.191, 540.138) 
(535.6030000000001, 541.953) 
(576.1469999999999, 640.3705) 
(569.5585, 649.8145) 
(561.2394999999999, 649.25) 
(558.952, 647.111) 
(567.2705, 639.082) 
(578.113, 657.482) 
(577.598, 668.4014999999999) 
(569.6475, 669.165) 
(564.083, 659.403) 
(535.7275, 627.471) 
(535.768, 638.9784999999999) 
(529.4929999999999, 638.6044999999999) 
(529.4525, 627.097) 
(548.6695, 641.5350000000001) 
(551.863, 650.72) 
(538.973, 649.1665) 
(533.1605, 643.001) 
(558.3924999999999, 669.575) 
(547.7225, 667.7065000000001) 
(544.0364999999999, 659.0045) 
(509.624, 523.153) 
(517.0835000000001, 521.8975) 
(528.2635, 525.159) 
(520.4125, 534.2675) 
(510.32300000000004, 528.077) 
(681.4105000000001, 600.005) 
(687.621, 603.655) 
(687.42, 610.2750000000001) 
(677.1495, 612.604) 
(672.662, 605.204) 
(679.9245000000001, 579.7165) 
(687.553, 583.187) 
(689.1385, 594.1700000000001) 
(676.8215, 589.9195) 
(676.2494999999999, 567.952) 
(683.9875, 574.358) 
(672.1865, 573.3105) 
(534.465, 509.1355) 
(543.5965, 512.6265) 
(526.647, 515.327) 
(551.7315, 496.563) 
(560.923, 500.2105) 
(542.422, 502.2895) 
(544.35, 495.72400000000005) 
(525.042, 505.195) 
(532.643, 497.809) 
(587.4235, 672.5840000000001) 
(593.491, 680.5725) 
(583.6655000000001, 676.39) 
(603.5285, 680.1095) 
(613.3489999999999, 686.0844999999999) 
(612.9435, 691.5844999999999) 
(605.7584999999999, 692.7995000000001) 
(596.1265, 687.7625) 
(623.252, 678.2915) 
(632.6865, 680.5925) 
(622.7835, 688.3855) 
(633.9045, 675.0764999999999) 
(642.7185, 681.768) 
(641.5005, 687.284) 
(642.9075, 506.94) 
(647.7935, 503.1825) 
(655.87, 503.82450000000006) 
(656.7085, 512.8865000000001) 
(647.8715, 514.4325) 
(633.5999999999999, 503.7775) 
(632.011, 508.565) 
(622.7035, 505.4025) 
(618.332, 498.08299999999997) 
(618.6205, 509.549) 
(609.8505, 500.601) 
(527.8815, 649.6315) 
(517.608, 653.326) 
(511.6055, 649.0045) 
(518.2115, 640.9134999999999) 
(539.142, 665.9775) 
(528.74, 661.3499999999999) 
(545.8409999999999, 676.9939999999999) 
(537.2605, 675.265) 
(503.302, 524.2235000000001) 
(502.53499999999997, 536.983) 
(493.495, 540.4804999999999) 
(495.002, 532.5889999999999) 
(489.59349999999995, 549.3340000000001) 
(481.4425, 556.869) 
(477.3365, 554.5885000000001) 
(484.9755, 546.5129999999999) 
(485.938, 567.2255) 
(484.123, 577.4205) 
(478.4865, 575.9945) 
(476.56399999999996, 565.0215000000001) 
(474.93199999999996, 585.434) 
(466.5345, 591.6475) 
(470.089, 582.208) 
(567.146, 483.1325) 
(572.7004999999999, 493.6915) 
(561.5314999999999, 489.9135) 
(560.4979999999999, 480.078) 
(550.342, 486.1875) 
(513.422, 500.434) 
(507.60850000000005, 511.7655) 
(498.9895, 502.0525) 
(505.101, 500.179) 
(495.175, 514.7094999999999) 
(500.4185, 651.883) 
(499.351, 649.0775) 
(606.3375, 702.645) 
(600.1089999999999, 703.0865) 
(457.998, 594.352) 
(466.78, 599.1814999999999) 
(458.354, 602.96) 
(451.3515, 599.3140000000001) 
(531.3245, 425.2795) 
(538.2955, 424.227) 
(542.983, 433.3425) 
(535.8240000000001, 437.66200000000003) 
(527.184, 430.91499999999996) 
(691.536, 568.0515) 
(701.9075, 569.609) 
(702.788, 579.5455) 
(695.982, 586.817) 
(714.7674999999999, 554.0405) 
(716.0355, 564.127) 
(709.2065, 572.2829999999999) 
(704.056, 558.7935) 
(667.9665, 488.395) 
(670.8325, 495.6645) 
(665.0305, 503.1685) 
(658.2135000000001, 493.6875) 
(693.6679999999999, 607.278) 
(698.217, 616.588) 
(691.969, 619.585) 
(704.1435000000001, 590.1945000000001) 
(703.347, 601.1705) 
(717.9085, 576.1865) 
(721.3979999999999, 585.751) 
(714.0515, 592.4965) 
(678.3090000000001, 488.14549999999997) 
(688.6455000000001, 492.291) 
(681.1689999999999, 499.81) 
(662.6379999999999, 690.29) 
(672.387, 694.957) 
(669.71, 700.3154999999999) 
(659.961, 695.6485) 
(681.056, 688.8589999999999) 
(692.598, 690.288) 
(689.0685, 698.7925) 
(677.8085, 700.6575) 
(705.2955000000001, 674.0045) 
(709.5630000000001, 681.2175) 
(703.2284999999999, 690.348) 
(695.9815, 694.6865) 
(695.5775000000001, 678.7365) 
(711.1985, 655.143) 
(718.5985000000001, 661.874) 
(715.4675000000001, 672.3865000000001) 
(703.9200000000001, 663.069) 
(713.6685, 643.207) 
(718.4770000000001, 651.6605) 
(706.3900000000001, 646.6895) 
(717.511, 533.8475000000001) 
(725.1614999999999, 537.981) 
(724.793, 549.1129999999999) 
(720.539, 556.3485) 
(711.3710000000001, 542.6715) 
(712.299, 514.7665) 
(722.1814999999999, 516.1995) 
(725.5944999999999, 526.7080000000001) 
(710.856, 525.3895) 
(702.009, 498.252) 
(711.6120000000001, 497.9425) 
(715.2864999999999, 506.43049999999994) 
(702.4414999999999, 508.7905) 
(685.4780000000001, 484.504) 
(693.1805, 480.6395) 
(704.1170000000001, 479.774) 
(707.914, 488.877) 
(693.962, 500.04150000000004) 
(729.1595, 560.2760000000001) 
(734.1175000000001, 571.6165000000001) 
(727.37, 579.7484999999999) 
(441.695, 599.017) 
(443.501, 605.0015000000001) 
(433.292, 607.9825) 
(431.5965, 603.072) 
(737.734, 584.1015) 
(744.0450000000001, 591.546) 
(731.885, 592.125) 
(673.5335, 469.87649999999996) 
(682.269, 476.632) 
(666.4000000000001, 477.998) 
(670.6765, 449.5335) 
(675.8195000000001, 447.10850000000005) 
(679.6800000000001, 454.4775) 
(681.014, 465.6355) 
(667.0565, 461.1435) 
(604.071, 731.893) 
(598.9240000000001, 741.12) 
(597.8810000000001, 730.15) 
(426.282, 608.2959999999999) 
(432.533, 619.283) 
(424.4615, 625.8965000000001) 
(420.4585, 616.5419999999999) 
(734.3765000000001, 542.077) 
(743.3245, 545.4459999999999) 
(743.2835, 556.0205) 
(738.702, 563.8145) 
(655.6545, 435.132) 
(663.0540000000001, 432.909) 
(672.162, 440.154) 
(659.907, 444.8965) 
(643.126, 422.52049999999997) 
(650.2455, 419.061) 
(653.9355, 425.842) 
(645.0315, 434.8385) 
(636.1930000000001, 429.008) 
(621.4324999999999, 422.558) 
(630.8865000000001, 422.632) 
(627.003, 434.0195) 
(617.672, 431.01649999999995) 
(608.519, 407.0745) 
(618.3005, 407.59450000000004) 
(625.2139999999999, 415.507) 
(611.4079999999999, 418.36) 
(747.7735, 567.0844999999999) 
(755.2624999999999, 573.726) 
(749.8075, 582.941) 
(530.3715, 726.5775) 
(529.129, 736.3544999999999) 
(520.4465, 734.9905) 
(521.689, 725.2135000000001) 
(539.65, 739.95) 
(544.701, 749.988) 
(540.0995, 754.3315) 
(531.3225, 750.085) 
(525.403, 742.1460000000001) 
(555.7294999999999, 748.284) 
(565.0305000000001, 753.377) 
(559.7095, 759.7185000000001) 
(548.5975000000001, 758.3505) 
(574.73, 747.9925000000001) 
(584.6179999999999, 750.809) 
(579.8499999999999, 758.8865000000001) 
(570.0455, 759.142) 
(588.6234999999999, 742.5285) 
(605.2815, 743.352) 
(604.2045, 751.2115) 
(599.3835, 760.31) 
(590.265, 758.9879999999999) 
(444.7635, 503.904) 
(446.47950000000003, 512.856) 
(436.46999999999997, 514.6995) 
(434.75399999999996, 505.74749999999995) 
(430.35, 509.68949999999995) 
(441.8615, 521.3199999999999) 
(432.19100000000003, 525.2360000000001) 
(420.72299999999996, 524.5205000000001) 
(424.2735, 515.5944999999999) 
(691.312, 461.202) 
(699.6535, 460.90549999999996) 
(700.267, 469.3465) 
(511.27449999999993, 425.8945) 
(521.7645, 425.052) 
(517.5165, 436.3115) 
(507.21449999999993, 433.88700000000006) 
(493.058, 428.595) 
(501.84749999999997, 427.46900000000005) 
(503.8495, 442.728) 
(494.23749999999995, 439.29999999999995) 
(683.613, 710.806) 
(678.1805, 719.1065) 
(669.4169999999999, 711.0225) 
(462.25699999999995, 706.3534999999999) 
(470.6205, 708.6465000000001) 
(469.472, 718.582) 
(463.54200000000003, 720.9515) 
(458.83349999999996, 715.7975) 
(480.329, 721.6625) 
(486.2255, 730.4855) 
(478.7945, 733.97) 
(469.243, 728.008) 
(497.51700000000005, 729.9135) 
(504.60900000000004, 737.373) 
(496.79150000000004, 742.7935) 
(488.394, 738.2155) 
(511.463, 731.566) 
(518.393, 750.3765000000001) 
(511.2175, 755.4965) 
(506.35, 748.9915000000001) 
(415.433, 624.6625) 
(429.852, 630.2755) 
(420.4355, 636.6095) 
(409.935, 640.85) 
(410.323, 633.282) 
(683.146, 443.55050000000006) 
(694.4585, 442.37850000000003) 
(699.0515, 452.7555) 
(729.4939999999999, 519.454) 
(738.0989999999999, 523.3870000000001) 
(743.4145000000001, 534.7370000000001) 
(726.367, 647.4425) 
(735.6835000000001, 651.463) 
(739.6845000000001, 657.847) 
(732.6925, 664.6400000000001) 
(723.695, 668.782) 
(749.535, 636.8395) 
(752.3620000000001, 642.9475) 
(746.1225000000001, 651.4405) 
(739.097, 640.9995) 
(752.8499999999999, 548.8015) 
(761.8734999999999, 554.794) 
(759.3655, 566.0235) 
(589.7760000000001, 398.184) 
(594.28, 393.0555) 
(604.5035, 395.78049999999996) 
(611.3675000000001, 401.6655) 
(597.151, 406.318) 
(573.472, 391.2015) 
(584.4929999999999, 390.60699999999997) 
(579.4449999999999, 401.79900000000004) 
(569.306, 398.7305) 
(561.4945, 393.5155) 
(561.732, 406.175) 
(551.2845, 407.9305) 
(551.7370000000001, 398.2915) 
(542.171, 406.395) 
(547.391, 418.071) 
(535.259, 415.21950000000004) 
(523.4665, 406.28549999999996) 
(533.675, 406.20000000000005) 
(515.4904999999999, 415.0775) 
(721.839, 497.37899999999996) 
(732.5375, 500.10499999999996) 
(733.2974999999999, 512.4110000000001) 
(714.417, 479.1755) 
(725.725, 482.7255) 
(729.4490000000001, 491.8635) 
(411.352, 595.2139999999999) 
(423.02200000000005, 595.9565) 
(415.34749999999997, 605.759) 
(408.99199999999996, 599.7925) 
(403.529, 608.0125) 
(405.004, 622.5840000000001) 
(398.211, 616.7170000000001) 
(754.033, 616.8444999999999) 
(761.6165, 622.9559999999999) 
(759.164, 634.0625) 
(748.7545, 625.9805) 
(753.86, 597.8625) 
(763.1569999999999, 602.2750000000001) 
(760.435, 609.99) 
(747.905, 605.825) 
(763.1255, 580.5805) 
(766.634, 592.9855) 
(744.5889999999999, 594.0625) 
(742.3505, 505.04549999999995) 
(751.3115, 508.43300000000005) 
(751.817, 519.331) 
(747.6575, 526.9195000000001) 
(700.7855, 701.405) 
(702.502, 712.531) 
(692.2505, 717.8325) 
(684.2860000000001, 718.5545) 
(714.842, 689.0609999999999) 
(719.7574999999999, 699.444) 
(712.1555000000001, 707.284) 
(414.5035, 520.8205) 
(415.283, 533.855) 
(404.158, 537.017) 
(399.8045, 532.9359999999999) 
(404.71000000000004, 526.074) 
(395.015, 539.662) 
(405.26, 548.683) 
(398.32399999999996, 556.723) 
(392.319, 550.811) 
(402.3905, 566.5015000000001) 
(399.82849999999996, 576.8355) 
(391.09450000000004, 573.0844999999999) 
(389.85850000000005, 562.2335) 
(408.27700000000004, 583.941) 
(401.909, 594.2145) 
(396.00350000000003, 584.014) 
(391.071, 591.9590000000001) 
(391.435, 610.86) 
(386.06, 600.3845) 
(614.2715000000001, 750.2305) 
(621.243, 760.982) 
(618.1195, 765.7845) 
(609.9035, 762.4035) 
(707.6510000000001, 460.6325) 
(719.0815, 465.429) 
(721.9975, 473.54449999999997) 
(632.335, 757.8555) 
(641.98, 762.625) 
(637.2604999999999, 769.259) 
(625.7645, 768.8515) 
(650.1659999999999, 755.6175000000001) 
(660.7355, 754.864) 
(659.6555000000001, 764.471) 
(655.5505, 771.7335) 
(648.4445, 769.134) 
(673.6310000000001, 739.2860000000001) 
(677.297, 748.2895000000001) 
(670.373, 756.7725) 
(664.7275, 745.049) 
(685.0350000000001, 726.302) 
(681.1695, 737.3305) 
(671.3910000000001, 728.8095) 
(704.1904999999999, 723.612) 
(702.1455, 734.4304999999999) 
(690.9465, 736.392) 
(729.538, 677.3185000000001) 
(726.5895, 688.7665) 
(744.972, 665.5585000000001) 
(749.9300000000001, 674.5775) 
(742.053, 681.8530000000001) 
(733.9404999999999, 685.5125) 
(672.8285000000001, 427.27250000000004) 
(683.284, 424.619) 
(689.944, 433.9425) 
(756.7294999999999, 530.1970000000001) 
(764.8734999999999, 537.3165) 
(762.7094999999999, 544.5825) 
(534.327, 761.0855) 
(525.915, 767.682) 
(515.9675, 761.838) 
(705.2625, 441.4705) 
(715.9415, 443.807) 
(717.7280000000001, 454.81899999999996) 
(394.0155, 624.0825) 
(401.68550000000005, 641.23) 
(391.843, 635.9295) 
(761.0775000000001, 511.7455) 
(770.2515000000001, 517.121) 
(768.4375, 528.6135) 
(423.09749999999997, 487.3795) 
(431.74199999999996, 494.123) 
(423.85699999999997, 504.306) 
(419.6165, 493.6205) 
(403.668, 505.2105) 
(411.2895, 501.47950000000003) 
(406.4655, 513.2629999999999) 
(630.712, 407.0165) 
(639.251, 402.779) 
(645.9925, 411.158) 
(625.4055000000001, 388.9375) 
(633.2360000000001, 395.8365) 
(615.9485, 394.1885) 
(770.4449999999999, 562.319) 
(778.313, 566.3615) 
(775.9875, 576.6415000000001) 
(771.4490000000001, 584.5250000000001) 
(757.6415000000001, 650.7660000000001) 
(762.608, 659.6785) 
(756.3765, 668.0645) 
(737.174, 486.301) 
(748.2185, 488.40250000000003) 
(750.3065, 498.90549999999996) 
(729.797, 468.07550000000003) 
(741.346, 470.8215) 
(744.9955, 479.866) 
(657.593, 415.299) 
(670.2764999999999, 414.48650000000004) 
(676.3935, 419.393) 
(647.4559999999999, 398.8215) 
(658.2739999999999, 396.869) 
(664.1579999999999, 405.44350000000003) 
(726.0265, 448.91549999999995) 
(735.456, 452.7) 
(737.873, 461.25) 
(720.7045, 707.7339999999999) 
(721.626, 716.77) 
(716.7539999999999, 727.8050000000001) 
(710.1624999999999, 730.524) 
(494.60299999999995, 409.7365) 
(504.01599999999996, 408.0325) 
(514.0604999999999, 407.10699999999997) 
(495.887, 417.764) 
(484.93, 411.483) 
(483.095, 429.0745) 
(476.383, 419.8035) 
(554.0250000000001, 767.0350000000001) 
(546.8969999999999, 775.2249999999999) 
(535.6969999999999, 773.2945) 
(455.84349999999995, 416.229) 
(465.55949999999996, 414.329) 
(475.21000000000004, 412.91200000000003) 
(467.481, 426.644) 
(456.59200000000004, 421.6525) 
(447.9235, 417.836) 
(449.2895, 430.94899999999996) 
(438.644, 431.9645) 
(438.271, 423.923) 
(429.0985, 429.9315) 
(435.356, 442.2955) 
(425.977, 447.3725) 
(422.06949999999995, 438.21799999999996) 
(415.959, 449.151) 
(428.182, 458.0955) 
(421.44050000000004, 466.453) 
(412.9585, 459.553) 
(426.0265, 476.586) 
(414.4335, 483.40149999999994) 
(412.15700000000004, 472.287) 
(406.8615, 478.64) 
(400.961, 497.35) 
(401.716, 484.7295) 
(396.3245, 508.8405) 
(393.5425, 527.4555) 
(388.4205, 517.143) 
(594.6410000000001, 768.9435000000001) 
(589.9649999999999, 777.5600000000001) 
(580.8705, 776.2460000000001) 
(575.1315, 767.528) 
(613.3695, 774.4215) 
(608.701, 783.0350000000001) 
(600.4925000000001, 779.6505) 
(569.9014999999999, 776.528) 
(559.1310000000001, 775.4585) 
(738.0825, 693.1395) 
(739.4580000000001, 703.971) 
(729.6745000000001, 708.1455) 
(754.3215, 683.0120000000001) 
(756.64, 693.7225000000001) 
(747.751, 699.933) 
(766.0935, 629.338) 
(771.4525, 637.01) 
(776.3389999999999, 646.069) 
(769.4565, 650.963) 
(392.5245, 645.1995000000001) 
(405.9995, 651.0260000000001) 
(397.735, 659.3335) 
(392.5095, 653.1270000000001) 
(390.3825, 663.2545) 
(401.42449999999997, 669.729) 
(396.679, 679.7885) 
(389.20799999999997, 674.4135) 
(390.342, 683.2049999999999) 
(404.98350000000005, 687.4175) 
(404.21750000000003, 698.75) 
(397.4955, 700.9675) 
(391.9245, 693.0515) 
(414.73, 702.633) 
(419.5235, 712.1825) 
(411.8625, 715.0145) 
(402.8625, 708.405) 
(430.176, 712.0440000000001) 
(438.751, 718.2375) 
(431.68500000000006, 724.3499999999999) 
(421.5975, 720.883) 
(447.85799999999995, 712.8835) 
(454.97299999999996, 725.3865000000001) 
(443.4325, 726.078) 
(770.7214999999999, 606.041) 
(778.348, 614.621) 
(772.5385, 624.952) 
(779.0430000000001, 588.0550000000001) 
(786.0070000000001, 597.0805) 
(782.0535, 605.4979999999999) 
(695.999, 424.004) 
(707.486, 427.18449999999996) 
(712.235, 436.21500000000003) 
(539.8399999999999, 780.3854999999999) 
(564.2545, 783.817) 
(557.125, 792.0165) 
(544.9445000000001, 788.8185) 
(740.4585, 713.984) 
(738.4525, 724.7775) 
(727.3995, 726.851) 
(773.9025, 542.968) 
(783.0830000000001, 547.3109999999999) 
(780.4615, 556.4505) 
(779.0585, 523.9960000000001) 
(787.18, 528.1445) 
(785.588, 538.4134999999999) 
(608.389, 377.177) 
(618.0525, 382.98449999999997) 
(599.6835000000001, 384.1905) 
(696.8644999999999, 746.414) 
(687.93, 755.1125) 
(678.1395, 756.0495) 
(470.5615, 738.4695) 
(461.005, 743.0995) 
(451.08450000000005, 741.4404999999999) 
(448.64599999999996, 734.6804999999999) 
(632.2535, 778.053) 
(627.5725, 786.6714999999999) 
(616.3335, 786.1070000000001) 
(488.946, 748.2635) 
(480.1705, 753.531) 
(471.3855, 747.9825000000001) 
(503.5515, 760.981) 
(494.777, 766.2325000000001) 
(489.73, 759.713) 
(517.879, 773.504) 
(509.40150000000006, 778.9335) 
(499.824, 772.752) 
(534.983, 387.1105) 
(545.7625, 387.381) 
(554.002, 390.5635) 
(532.0905, 397.06850000000003) 
(515.3689999999999, 388.01750000000004) 
(525.4639999999999, 387.22850000000005) 
(512.5895, 398.67900000000003) 
(759.04, 492.1365) 
(768.6125, 498.00300000000004) 
(769.645, 508.0845) 
(784.363, 623.121) 
(789.663, 631.7755) 
(783.0709999999999, 641.2555) 
(786.9549999999999, 570.5654999999999) 
(794.8755, 578.5305) 
(790.6110000000001, 588.4155) 
(471.639, 758.076) 
(461.39750000000004, 762.6410000000001) 
(453.12149999999997, 761.9765) 
(452.9825, 752.5285) 
(380.9805, 608.8245000000001) 
(381.9185, 628.149) 
(375.6595, 618.748) 
(634.5419999999999, 384.06899999999996) 
(645.3525, 381.6665) 
(652.2515, 389.4765) 
(768.1379999999999, 668.9835) 
(770.845, 679.8515) 
(763.475, 687.367) 
(689.5440000000001, 404.7245) 
(697.7075, 411.57949999999994) 
(702.4555, 419.18699999999995) 
(681.1055, 411.08899999999994) 
(669.9725, 395.12649999999996) 
(681.2745, 397.72349999999994) 
(495.9115, 390.647) 
(505.875, 388.9915) 
(493.34499999999997, 401.852) 
(384.8345, 568.3015) 
(380.5185, 589.8725) 
(373.602, 584.3625) 
(378.889, 575.56) 
(368.568, 592.838) 
(370.38300000000004, 606.7030000000001) 
(363.512, 601.2284999999999) 
(373.9255, 528.7315000000001) 
(380.7575, 525.609) 
(384.898, 544.5815) 
(376.707, 536.4694999999999) 
(753.756, 473.0495) 
(764.9675, 478.0715) 
(767.0284999999999, 488.622) 
(746.7615, 454.81100000000004) 
(758.102, 461.173) 
(761.6234999999999, 469.84) 
(715.2394999999999, 738.9225) 
(716.6495, 749.6655000000001) 
(706.3815, 753.324) 
(697.702, 754.1605) 
(734.7595, 736.3040000000001) 
(735.4865, 744.3755000000001) 
(726.612, 746.04) 
(583.5249999999999, 375.055) 
(593.1105, 370.1895) 
(599.1945000000001, 373.73699999999997) 
(578.0405, 383.5535) 
(562.1624999999999, 372.8755) 
(571.1759999999999, 376.2385) 
(556.6785, 381.747) 
(543.0219999999999, 369.05499999999995) 
(553.9535000000001, 370.0235) 
(537.8785, 378.3535) 
(719.871, 430.6155) 
(731.462, 431.94950000000006) 
(733.9110000000001, 442.6575) 
(710.0840000000001, 413.629) 
(722.8575000000001, 415.0195) 
(727.614, 424.0085) 
(678.992, 763.9175) 
(674.9095, 774.8905) 
(663.3395, 774.721) 
(698.5515, 762.026) 
(694.3845, 773.078) 
(684.597, 774.0174999999999) 
(585.3924999999999, 785.561) 
(579.087, 793.8275) 
(568.9180000000001, 791.8015) 
(604.3219999999999, 790.9655) 
(597.8235, 799.302) 
(589.4214999999999, 795.988) 
(651.5374999999999, 780.552) 
(646.6685, 789.7284999999999) 
(638.5685, 787.1044999999999) 
(670.4355, 783.8589999999999) 
(665.858, 792.6614999999999) 
(654.749, 792.342) 
(531.4495, 786.3525) 
(523.203, 791.2869999999999) 
(519.2055, 785.0685) 
(791.1395, 551.325) 
(798.994, 560.369) 
(796.958, 569.6985) 
(391.99799999999993, 490.35450000000003) 
(383.97, 506.73799999999994) 
(382.3505, 496.11249999999995) 
(742.604, 435.711) 
(752.547, 442.24850000000004) 
(755.1595, 451.30600000000004) 
(780.1210000000001, 653.513) 
(781.39, 665.685) 
(776.2555, 672.44) 
(476.5185, 393.822) 
(486.1345, 392.3605) 
(473.877, 404.929) 
(550.0695000000001, 797.1675) 
(572.7415000000001, 802.3325) 
(565.078, 809.5070000000001) 
(554.199, 804.127) 
(758.273, 705.3505) 
(756.2255, 716.6614999999999) 
(746.704, 721.2570000000001) 
(575.8040000000001, 358.25350000000003) 
(585.5895, 363.8485) 
(567.1625, 365.2845) 
(369.58450000000005, 555.912) 
(374.6215, 549.688) 
(377.044, 562.2685) 
(363.8025, 563.0105000000001) 
(366.0045, 578.4485) 
(358.352, 571.9725000000001) 
(366.51800000000003, 532.0685000000001) 
(363.591, 550.7525) 
(358.46450000000004, 540.4105) 
(541.8525, 803.0319999999999) 
(528.5459999999999, 799.6324999999999) 
(792.2355, 605.105) 
(797.983, 614.3885) 
(793.816, 623.2814999999999) 
(801.0245, 587.5155) 
(806.3525, 596.5655) 
(802.1674999999999, 605.49) 
(622.9045, 795.9115) 
(617.1534999999999, 804.4725000000001) 
(606.2034999999998, 802.5985000000001) 
(777.994, 504.444) 
(787.736, 508.56550000000004) 
(788.194, 519.081) 
(775.3425, 485.05) 
(785.7880000000001, 488.8125) 
(786.8555000000001, 498.82550000000003) 
(795.5129999999999, 641.6279999999999) 
(798.6289999999999, 651.9075) 
(789.969, 658.979) 
(619.2165, 371.596) 
(630.4325, 369.1155) 
(638.405, 375.6355) 
(359.299, 608.53) 
(374.20399999999995, 626.9179999999999) 
(366.36400000000003, 625.665) 
(356.7355, 619.322) 
(382.33349999999996, 648.0035) 
(372.4845, 646.4235) 
(372.61, 635.939) 
(379.097, 667.355) 
(371.27, 666.0045) 
(372.3795, 656.7805) 
(796.3534999999999, 532.4369999999999) 
(804.4365, 540.6575) 
(801.7275, 550.648) 
(486.5135, 771.104) 
(477.6125, 775.7915) 
(472.2975, 768.9455) 
(500.66200000000003, 784.1055) 
(491.94550000000004, 788.96) 
(482.844, 782.4780000000001) 
(704.9235, 392.51750000000004) 
(712.6595, 398.76550000000003) 
(717.835, 406.9805) 
(697.7225000000001, 398.683) 
(457.152, 397.1395) 
(466.9495, 395.298) 
(454.60799999999995, 408.3185) 
(424.467, 728.9425) 
(440.3995, 742.0635) 
(427.968, 738.0535) 
(431.377, 747.3720000000001) 
(444.999, 761.31) 
(434.07849999999996, 755.5305000000001) 
(469.486, 779.904) 
(458.1, 780.9670000000001) 
(453.34799999999996, 770.0965000000001) 
(717.752, 759.613) 
(714.771, 770.625) 
(704.1600000000001, 772.1279999999999) 
(657.569, 379.69399999999996) 
(664.4375, 374.84000000000003) 
(670.8765, 382.54499999999996) 
(676.318, 390.46899999999994) 
(650.5915, 360.9985) 
(658.5635, 367.9145) 
(642.6495, 366.74699999999996) 
(523.23, 369.1735) 
(533.3254999999999, 369.01) 
(518.264, 378.635) 
(769.8455, 466.4865) 
(782.0855, 469.031) 
(784.2385, 479.363) 
(773.251, 692.3644999999999) 
(778.7475000000001, 698.9839999999999) 
(771.7615000000001, 705.762) 
(763.663, 711.4915) 
(785.0029999999999, 676.5295) 
(791.5844999999999, 684.198) 
(785.2429999999999, 692.6215) 
(400.65, 456.5215) 
(408.594, 452.65999999999997) 
(399.43100000000004, 473.66049999999996) 
(393.506, 464.59000000000003) 
(386.30150000000003, 472.69550000000004) 
(382.7965, 483.49800000000005) 
(376.5725, 502.42949999999996) 
(370.7205, 521.1395) 
(370.986, 508.365) 
(361.4745, 513.854) 
(353.74250000000006, 530.3990000000001) 
(351.904, 519.7765) 
(642.1859999999999, 797.8054999999999) 
(635.383, 806.425) 
(627.0975, 804.9639999999999) 
(503.6365, 370.951) 
(513.7115, 369.91650000000004) 
(498.69500000000005, 380.6435) 
(683.943, 384.931) 
(697.078, 386.144) 
(355.91499999999996, 595.3159999999999) 
(348.262, 588.8385) 
(353.3175, 580.4465) 
(436.8025, 402.2625) 
(447.60699999999997, 399.0585) 
(435.8835, 413.1295) 
(752.9714999999999, 728.5775000000001) 
(754.0885000000001, 738.5295) 
(744.128, 742.7355) 
(769.08, 717.6705) 
(771.048, 728.7635) 
(762.377, 734.5005) 
(614.22, 358.4675) 
(622.6479999999999, 363.945) 
(601.594, 362.6785) 
(585.3924999999999, 351.2935) 
(597.2565, 348.56899999999996) 
(605.937, 353.61299999999994) 
(798.617, 512.7075) 
(807.075, 520.8149999999999) 
(805.8254999999999, 531.481) 
(515.273, 796.5975) 
(505.94499999999994, 801.571) 
(501.13800000000003, 795.214) 
(533.7805, 808.1510000000001) 
(525.6165, 813.326) 
(516.8695, 818.1469999999999) 
(511.82550000000003, 809.952) 
(763.4255, 447.84000000000003) 
(775.3565000000001, 451.802) 
(778.8340000000001, 460.5815) 
(799.9884999999999, 664.4) 
(797.8815, 675.8125) 
(556.5585000000001, 351.338) 
(567.0219999999999, 354.76099999999997) 
(548.49, 359.0095) 
(591.9304999999999, 806.212) 
(582.7075, 812.9525) 
(573.8530000000001, 811.2335) 
(736.2845, 752.8409999999999) 
(731.677, 764.487) 
(723.107, 767.6335) 
(807.238, 568.8895) 
(814.584, 577.8745) 
(810.453, 587.6685) 
(811.9695, 549.8695) 
(818.5615, 559.8199999999999) 
(816.5635, 569.1189999999999) 
(672.5875, 368.91200000000003) 
(685.841, 369.832) 
(691.697, 378.262) 
(556.097, 815.494) 
(547.8185000000001, 821.076) 
(537.8485000000001, 814.828) 
(805.0915, 624.2955) 
(808.651, 636.0635) 
(803.2255, 644.902) 
(813.439, 606.5055) 
(816.755, 618.772) 
(812.592, 627.6635000000001) 
(690.031, 782.3264999999999) 
(685.4795, 791.462) 
(675.5715, 792.1215) 
(709.594, 780.437) 
(704.9504999999999, 789.6469999999999) 
(695.163, 790.5864999999999) 
(355.113, 628.899) 
(363.6795, 644.8455) 
(353.8815, 639.1585) 
(634.835, 349.3085) 
(643.3199999999999, 355.0495) 
(626.38, 355.8355) 
(735.5795, 417.286) 
(744.136, 413.85699999999997) 
(748.4920000000001, 422.163) 
(750.5285000000001, 432.228) 
(725.1635, 400.59900000000005) 
(734.3565, 396.8295) 
(739.75, 405.4775) 
(661.096, 801.8735) 
(655.569, 810.474) 
(644.7394999999999, 809.0195) 
(403.2925, 718.8480000000001) 
(415.4625, 734.2239999999999) 
(404.023, 729.998) 
(406.9965, 737.842) 
(422.3645, 752.61) 
(410.4895, 746.9095) 
(484.692, 374.2365) 
(494.254, 372.547) 
(479.356, 384.0465) 
(352.3, 547.999) 
(351.6065, 566.035) 
(346.09749999999997, 556.183) 
(758.8355, 428.67100000000005) 
(769.7985, 432.899) 
(772.37, 442.0475) 
(610.2249999999999, 813.2605000000001) 
(602.5035, 820.4605) 
(592.5889999999999, 816.7085) 
(381.5675, 687.004) 
(371.59799999999996, 685.4665) 
(370.2615, 674.6089999999999) 
(389.39, 704.152) 
(377.8635, 705.2845) 
(373.0965, 695.33) 
(401.89700000000005, 434.569) 
(411.337, 430.08349999999996) 
(420.5175, 429.95849999999996) 
(403.879, 445.063) 
(393.87649999999996, 438.8225) 
(388.4065, 456.207) 
(385.26, 445.791) 
(821.742, 588.676) 
(825.1455, 600.9390000000001) 
(820.943, 609.8715) 
(816.1405, 530.641) 
(824.1155, 540.0165) 
(821.3335, 550.0685) 
(482.0, 795.1565) 
(477.59000000000003, 801.668) 
(470.407, 797.1395) 
(463.4375, 788.5075) 
(755.4050000000001, 748.9164999999999) 
(752.4225000000001, 760.0585000000001) 
(741.9435000000001, 762.343) 
(784.2090000000001, 705.567) 
(787.2159999999999, 716.8729999999999) 
(779.0285, 723.0995) 
(796.979, 493.08950000000004) 
(805.6545000000001, 502.069) 
(806.412, 511.947) 
(793.69, 473.5785) 
(802.134, 472.90200000000004) 
(803.875, 482.9615) 
(804.7505000000001, 492.36400000000003) 
(422.1935, 409.5) 
(428.579, 406.88699999999994) 
(418.94, 420.6015) 
(446.272, 780.7105) 
(435.8835, 777.6685) 
(434.837, 766.3879999999999) 
(344.0525, 596.2375) 
(349.0655, 613.3230000000001) 
(341.416, 606.943) 
(464.97999999999996, 377.2335) 
(474.861, 375.722) 
(459.90599999999995, 387.034) 
(728.58, 775.9585) 
(725.376, 787.21) 
(714.726, 788.6970000000001) 
(721.445, 382.3665) 
(729.5635, 389.654) 
(711.5865000000001, 387.021) 
(353.69, 648.5645) 
(363.4, 664.6489999999999) 
(353.5155, 658.011) 
(413.853, 756.26) 
(425.9275, 771.502) 
(416.6575, 764.2945) 
(537.9884999999999, 350.46799999999996) 
(548.012, 350.87249999999995) 
(528.77, 358.56) 
(508.7525, 351.389) 
(518.584, 350.50350000000003) 
(528.3665, 350.48249999999996) 
(509.0345, 359.82) 
(401.419, 414.35350000000005) 
(412.108, 411.06850000000003) 
(400.456, 425.161) 
(392.9755, 722.711) 
(384.43999999999994, 715.4525) 
(384.457, 723.537) 
(398.939, 741.3025) 
(388.16150000000005, 742.5315) 
(384.5485, 732.4749999999999) 
(618.1234999999999, 338.9765) 
(626.7185, 344.076) 
(609.502, 345.88149999999996) 
(370.515, 480.7155) 
(378.488, 476.65700000000004) 
(368.711, 497.25199999999995) 
(363.10450000000003, 488.4035) 
(355.6165, 496.139) 
(352.046, 507.09800000000007) 
(753.1175000000001, 410.2075) 
(765.2370000000001, 412.3925) 
(767.739, 422.96900000000005) 
(658.779, 354.9575) 
(665.9715, 348.79200000000003) 
(673.925, 355.5865) 
(679.817, 362.6335) 
(826.1965, 569.4124999999999) 
(835.3395, 573.5005) 
(832.942, 583.9795) 
(829.2284999999999, 592.0500000000001) 
(629.8045, 815.3125) 
(620.9739999999999, 823.6605) 
(611.3385000000001, 822.1) 
(649.0474999999999, 819.61) 
(640.6030000000001, 827.0805) 
(630.7165, 825.3775) 
(786.6575, 455.1495) 
(796.729, 454.1195) 
(800.51, 464.09900000000005) 
(341.147, 564.1879999999999) 
(341.5605, 582.935) 
(336.1355, 572.6139999999999) 
(798.028, 691.766) 
(801.4014999999999, 703.0355) 
(794.078, 710.4739999999999) 
(489.29449999999997, 354.019) 
(499.36350000000004, 352.25649999999996) 
(489.58299999999997, 363.1785) 
(680.7465, 801.0185) 
(674.8575000000001, 810.0925) 
(664.9205, 810.4075) 
(700.357, 799.4939999999999) 
(694.48, 808.893) 
(684.5530000000001, 809.542) 
(815.7645, 511.0675) 
(826.0174999999999, 511.36750000000006) 
(826.7665, 521.2005) 
(825.431, 530.9014999999999) 
(811.5715, 648.5705) 
(818.53, 656.45) 
(812.6030000000001, 665.4045000000001) 
(805.3475000000001, 670.5195) 
(820.0085, 630.9915000000001) 
(827.896, 639.211) 
(823.4, 648.39) 
(352.4755, 668.1455) 
(361.57599999999996, 683.9375) 
(351.65999999999997, 678.8295) 
(371.7015, 457.9325) 
(378.23900000000003, 452.97450000000003) 
(373.76750000000004, 469.0195) 
(539.232, 826.5255) 
(530.6255, 831.6129999999999) 
(521.1215, 824.9024999999999) 
(498.073, 806.0115000000001) 
(484.7835, 806.203) 
(509.567, 822.081) 
(497.38249999999994, 822.4975000000001) 
(491.769, 814.809) 
(698.7615000000001, 372.0675) 
(708.2194999999999, 368.111) 
(713.386, 375.225) 
(445.74350000000004, 380.984) 
(455.4945, 379.0395) 
(440.61, 390.89750000000004) 
(570.844, 336.072) 
(580.2285, 339.6395) 
(588.742, 344.104) 
(567.065, 343.75149999999996) 
(551.8335, 332.183) 
(562.8009999999999, 333.144) 
(547.5509999999999, 342.325) 
(574.778, 821.2370000000001) 
(566.4855, 829.1565) 
(556.5795, 825.14) 
(593.4765, 826.6655000000001) 
(584.037, 832.5045) 
(575.22, 830.832) 
(747.3879999999999, 770.657) 
(742.2145, 781.0450000000001) 
(733.673, 784.2025) 
(363.5135, 462.97950000000003) 
(358.3895, 480.3755) 
(355.2115, 470.026) 
(773.169, 740.074) 
(777.5055, 746.731) 
(769.945, 752.0915) 
(760.546, 756.4970000000001) 
(469.9015, 357.194) 
(479.4805, 355.771) 
(470.173, 366.087) 
(600.929, 329.46750000000003) 
(609.7284999999999, 334.153) 
(592.188, 336.731) 
(696.339, 352.482) 
(702.792, 360.3575) 
(686.2845, 356.99350000000004) 
(612.2655, 832.1055) 
(603.91, 840.107) 
(593.9559999999999, 836.3065) 
(780.9435, 436.363) 
(790.265, 435.58549999999997) 
(792.9925000000001, 444.61749999999995) 
(810.7245, 676.6645000000001) 
(812.296, 688.8305) 
(806.9559999999999, 695.6769999999999) 
(346.446, 526.1465000000001) 
(341.32050000000004, 545.662) 
(340.1885, 533.821) 
(339.706, 616.5965) 
(345.785, 632.7) 
(338.04800000000006, 626.3965) 
(831.594, 550.53) 
(840.1095, 554.45) 
(837.484, 563.581) 
(828.376, 613.204) 
(836.2475, 621.42) 
(832.068, 630.307) 
(719.9205, 797.605) 
(713.932, 807.0675) 
(704.144, 808.0065) 
(650.2145, 337.1015) 
(658.7505, 342.842) 
(642.9715, 343.26800000000003) 
(743.9860000000001, 392.784) 
(756.6005, 395.554) 
(761.346, 404.59799999999996) 
(813.952, 491.5055) 
(824.3565000000001, 491.7845) 
(825.265, 501.6415) 
(405.615, 759.812) 
(395.0175, 760.9495) 
(391.705, 751.7905000000001) 
(450.5355, 360.51149999999996) 
(460.3855, 358.6145) 
(450.8375, 369.78999999999996) 
(777.0550000000001, 417.187) 
(785.634, 416.50750000000005) 
(787.463, 425.75350000000003) 
(766.03, 764.825) 
(763.028, 776.6415) 
(752.5094999999999, 778.912) 
(825.4535000000001, 664.308) 
(829.246, 674.9505) 
(820.713, 682.0615) 
(331.057, 581.054) 
(332.065, 600.2015) 
(325.771, 590.9214999999999) 
(439.3615, 785.052) 
(457.171, 797.273) 
(449.5635, 801.7565) 
(443.6815, 793.8295) 
(473.069, 808.355) 
(463.716, 814.917) 
(454.688, 808.4295) 
(426.135, 385.59700000000004) 
(436.271, 383.117) 
(422.2505, 398.002) 
(408.5905, 392.40950000000004) 
(417.547, 388.90700000000004) 
(403.2085, 403.07300000000004) 
(383.5595, 423.4175) 
(392.9275, 418.38649999999996) 
(383.0675, 434.44550000000004) 
(351.971, 689.084) 
(368.961, 704.077) 
(358.702, 702.2355) 
(350.5645, 695.9515) 
(532.1885, 331.794) 
(542.1545, 331.837) 
(527.963, 342.29650000000004) 
(836.585, 595.3645) 
(844.5329999999999, 603.5985) 
(840.4069999999999, 612.549) 
(834.4935, 531.131) 
(844.206, 535.2835) 
(842.622, 545.5674999999999) 
(789.1514999999999, 728.5905) 
(793.4785, 735.28) 
(785.4765, 741.0995) 
(811.381, 472.0835000000001) 
(821.74, 472.322) 
(823.434, 482.3435) 
(583.0554999999999, 320.923) 
(592.344, 325.0785) 
(574.547, 328.59299999999996) 
(631.6400000000001, 835.3795) 
(622.338, 843.2550000000001) 
(612.706, 841.6980000000001) 
(336.67949999999996, 636.0125) 
(344.425, 652.285) 
(335.51099999999997, 646.1914999999999) 
(335.33500000000004, 655.5765) 
(343.22450000000003, 671.847) 
(335.17449999999997, 665.0040000000001) 
(668.792, 820.68) 
(660.5375, 829.4369999999999) 
(650.1445, 828.3004999999999) 
(688.4680000000001, 819.8475000000001) 
(679.702, 828.951) 
(669.7215000000001, 829.233) 
(682.4929999999999, 338.64099999999996) 
(690.2620000000001, 345.5285) 
(672.6044999999999, 343.2935) 
(739.0555, 793.1959999999999) 
(734.5445, 804.7155) 
(723.7065, 806.117) 
(731.017, 378.0685) 
(738.655, 373.1075) 
(746.9300000000001, 380.16700000000003) 
(751.567, 387.5705) 
(512.534, 332.6105) 
(522.5925, 331.927) 
(508.50749999999994, 343.3695) 
(417.36749999999995, 775.3340000000001) 
(407.048, 779.201) 
(398.408, 771.0084999999999) 
(431.3115, 364.5895) 
(441.0235, 362.3945) 
(431.653, 374.11800000000005) 
(633.503, 326.7695) 
(642.1179999999999, 331.868) 
(626.24, 332.937) 
(375.145, 724.377) 
(364.968, 722.8054999999999) 
(364.7375, 713.3644999999999) 
(379.15200000000004, 743.0785) 
(368.6325, 741.833) 
(365.34000000000003, 731.3785) 
(768.5314999999999, 399.5295) 
(779.2409999999999, 398.1365) 
(783.8734999999999, 407.9995) 
(340.62149999999997, 481.991) 
(347.7305, 477.1865) 
(347.8115, 500.3205) 
(343.14099999999996, 492.74) 
(520.847, 837.9365) 
(516.347, 844.5145) 
(509.2245, 840.286) 
(502.7965, 831.0525) 
(334.1435, 541.4735000000001) 
(330.08399999999995, 561.9825) 
(323.044, 557.6405) 
(327.80949999999996, 549.5965000000001) 
(319.94849999999997, 578.808) 
(312.95399999999995, 574.5065) 
(318.01099999999997, 566.121) 
(556.8955000000001, 835.153) 
(548.0275, 840.7315) 
(539.125, 836.1679999999999) 
(575.5815, 840.905) 
(566.7325000000001, 848.8599999999999) 
(556.7810000000001, 844.7835) 
(347.5855, 704.8935) 
(356.352, 721.2069999999999) 
(346.493, 716.1445) 
(340.1965, 504.38599999999997) 
(338.697, 521.5245) 
(332.957, 512.618) 
(326.7935, 520.1945000000001) 
(326.51300000000003, 536.9265) 
(320.6545, 527.944) 
(485.52549999999997, 823.561) 
(477.8945, 828.058) 
(472.7365, 821.392) 
(843.677, 577.4205) 
(851.8705, 584.9525) 
(848.4144999999999, 594.855) 
(651.079, 838.314) 
(641.9815, 846.6904999999999) 
(632.0840000000001, 844.976) 
(334.1025, 675.1800000000001) 
(342.2115, 691.6325) 
(332.7785, 684.711) 
(806.0844999999999, 453.381) 
(816.3349999999999, 453.5405) 
(820.0074999999999, 463.44000000000005) 
(803.588, 715.011) 
(808.481, 722.6595) 
(800.9065, 729.8399999999999) 
(815.521, 699.4010000000001) 
(821.384, 707.922) 
(815.0055, 716.1735000000001) 
(376.5245, 428.98900000000003) 
(368.546, 447.731) 
(369.024, 435.091) 
(361.078, 441.13599999999997) 
(352.2865, 458.966) 
(353.00649999999996, 447.32399999999996) 
(492.74350000000004, 334.52650000000006) 
(502.778, 333.473) 
(489.084, 345.2905) 
(782.837, 754.797) 
(788.0715, 763.3005) 
(780.2615000000001, 768.836) 
(771.1120000000001, 773.066) 
(708.106, 818.346) 
(699.328, 827.7529999999999) 
(689.354, 828.3679999999999) 
(495.86199999999997, 840.125) 
(488.9225, 844.302) 
(484.0, 836.293) 
(430.82849999999996, 790.193) 
(421.905, 793.9745) 
(418.0795, 786.377) 
(441.632, 806.4805) 
(432.10650000000004, 810.679) 
(425.9435, 802.0740000000001) 
(834.3549999999999, 511.8145) 
(844.7929999999999, 515.7494999999999) 
(845.231, 526.2375) 
(835.7425000000001, 647.412) 
(839.2905000000001, 659.0775) 
(833.8715, 667.9135) 
(324.202, 599.133) 
(328.57000000000005, 619.558) 
(322.41700000000003, 608.836) 
(320.7215, 618.4765) 
(325.55899999999997, 639.0504999999999) 
(317.69449999999995, 637.8924999999999) 
(319.0055, 628.2555) 
(718.0985, 363.8645) 
(725.429, 358.852) 
(730.2885, 365.9145) 
(594.2755, 846.3245000000001) 
(584.1965, 852.093) 
(575.4214999999999, 850.4755) 
(563.6590000000001, 314.077) 
(574.058, 317.427) 
(556.105, 322.315) 
(412.58799999999997, 370.379) 
(422.32050000000004, 366.7545) 
(413.3325, 381.0525) 
(332.70849999999996, 486.83900000000006) 
(327.9945, 504.34650000000005) 
(324.52549999999997, 494.20450000000005) 
(616.3085, 317.261) 
(625.1255, 321.9445) 
(609.028, 323.43000000000006) 
(706.1065000000001, 348.2115) 
(713.549, 343.22299999999996) 
(720.1134999999999, 351.1225) 
(657.3054999999999, 331.16700000000003) 
(666.928, 326.2685) 
(675.006, 332.445) 
(757.754, 787.8454999999999) 
(751.0575, 798.405) 
(742.654, 801.6225) 
(398.5325, 780.0235) 
(414.0135, 797.2475) 
(403.07000000000005, 798.6634999999999) 
(398.6205, 788.6154999999999) 
(830.828, 687.5135) 
(835.1585, 694.217) 
(828.2685, 699.3355) 
(473.74250000000006, 337.78499999999997) 
(483.32000000000005, 336.1025) 
(469.6925, 348.725) 
(613.069, 851.773) 
(604.155, 859.8075) 
(594.1575, 855.95) 
(308.666, 581.6375) 
(315.8125, 597.9680000000001) 
(306.09900000000005, 592.586) 
(799.571, 434.813) 
(809.8705, 435.00649999999996) 
(812.6475, 444.0725) 
(670.692, 839.2815) 
(661.941, 849.071) 
(651.512, 847.8995) 
(758.217, 382.946) 
(769.462, 381.10900000000004) 
(774.7429999999999, 389.709) 
(389.245, 399.0965) 
(399.0955, 395.66) 
(384.8665, 410.5425) 
(372.92, 407.1945) 
(380.992, 403.193) 
(369.2445, 422.632) 
(364.589, 413.7955) 
(844.0775000000001, 629.6165) 
(847.401, 641.784) 
(843.238, 650.6755) 
(314.9635, 535.421) 
(316.29049999999995, 553.469) 
(309.55449999999996, 544.1120000000001) 
(325.27649999999994, 658.866) 
(316.35049999999995, 657.4565) 
(316.457, 647.026) 
(847.879, 558.152) 
(856.021, 566.451) 
(853.9635, 575.8) 
(727.6709999999999, 816.458) 
(718.7355, 825.8955) 
(708.9449999999999, 826.833) 
(798.8090000000001, 743.3489999999999) 
(804.0440000000001, 751.8489999999999) 
(796.043, 757.6655000000001) 
(386.06399999999996, 761.4965) 
(375.51250000000005, 760.2055) 
(372.144, 751.0464999999999) 
(832.714, 492.254) 
(843.1320000000001, 496.166) 
(844.0204999999999, 506.0005) 
(331.00800000000004, 694.5305000000001) 
(337.60450000000003, 710.721) 
(329.38, 704.677) 
(454.069, 340.7995) 
(463.927, 339.278) 
(450.31850000000003, 351.66700000000003) 
(794.89, 415.697) 
(805.2394999999999, 415.928) 
(807.1185, 425.212) 
(776.4300000000001, 781.822) 
(780.093, 790.4855) 
(771.941, 794.2515000000001) 
(761.491, 796.332) 
(538.2860000000001, 847.208) 
(533.4590000000001, 854.162) 
(524.5195, 849.4455) 
(556.1955, 855.453) 
(551.1155000000001, 862.7769999999999) 
(541.9595, 858.584) 
(455.273, 820.047) 
(446.07950000000005, 824.513) 
(437.563, 817.6195) 
(511.77750000000003, 851.207) 
(502.4725, 857.7640000000001) 
(493.0795, 851.0440000000001) 
(394.13649999999996, 377.13199999999995) 
(403.26149999999996, 373.98699999999997) 
(394.7125, 387.448) 
(545.0364999999999, 313.146) 
(555.048, 313.539) 
(536.4145000000001, 321.576) 
(852.4395, 611.813) 
(855.7915, 623.951) 
(851.589, 632.8835) 
(650.5725, 315.52149999999995) 
(658.973, 320.9255) 
(640.8085, 320.5295) 
(598.6289999999999, 308.696) 
(607.745, 312.8695) 
(591.327, 314.8675) 
(853.0585, 539.3175) 
(861.4, 546.7975) 
(858.733, 556.7494999999999) 
(830.6815, 472.8105) 
(841.1025, 476.3975) 
(842.2125000000001, 486.4) 
(813.8075, 730.755) 
(819.0465, 739.2280000000001) 
(811.4760000000001, 746.3820000000001) 
(746.88, 367.41700000000003) 
(757.624, 364.37250000000006) 
(764.225, 372.97850000000005) 
(692.0835, 334.34450000000004) 
(699.7035, 329.382) 
(707.6495, 336.29549999999995) 
(345.9155, 453.6135) 
(337.88149999999996, 472.226) 
(338.9915, 459.71299999999997) 
(330.3915, 465.5815) 
(321.2985, 483.02250000000004) 
(321.7215, 471.53) 
(323.0135, 678.207) 
(315.0565, 677.027) 
(316.24749999999995, 667.862) 
(632.4435000000001, 855.0464999999999) 
(622.5360000000001, 862.894) 
(612.9075, 861.3415) 
(357.508, 740.775) 
(347.35849999999994, 736.8005) 
(346.57449999999994, 725.8054999999999) 
(690.322, 838.2305) 
(690.721, 847.9665) 
(680.884, 848.5665) 
(671.0889999999999, 848.8320000000001) 
(389.24350000000004, 780.861) 
(379.0425, 779.2925) 
(378.655, 770.6525) 
(349.1425, 425.9425) 
(356.841, 420.092) 
(353.6, 434.5275) 
(525.2245, 313.20849999999996) 
(535.4025, 313.149) 
(516.6405, 321.7685) 
(746.1244999999999, 809.718) 
(747.4549999999999, 820.4490000000001) 
(737.1220000000001, 824.105) 
(728.508, 824.943) 
(304.3345, 602.226) 
(312.40049999999997, 617.312) 
(302.618, 611.9295) 
(434.825, 344.54600000000005) 
(444.56050000000005, 342.5945) 
(431.071, 355.50149999999996) 
(788.6389999999999, 397.424) 
(798.847, 397.557) 
(803.3375, 407.322) 
(575.3955, 859.254) 
(569.756, 868.4695) 
(559.245, 866.284) 
(304.519, 552.5754999999999) 
(306.203, 570.352) 
(299.46450000000004, 560.978) 
(318.4375, 501.3845) 
(315.595, 519.5925) 
(312.2015, 509.054) 
(859.944, 593.5075) 
(867.2965, 596.8824999999999) 
(863.8715, 606.3695) 
(859.875, 615.062) 
(376.0325, 384.665) 
(385.32349999999997, 380.264) 
(377.1685, 395.94550000000004) 
(469.88599999999997, 832.838) 
(460.19050000000004, 837.1034999999999) 
(454.598, 830.7875) 
(633.6095, 305.6185) 
(642.262, 310.5935) 
(623.7785, 310.72950000000003) 
(826.7885, 453.617) 
(837.384, 456.6135) 
(839.5445, 466.92499999999995) 
(841.928, 671.294) 
(848.287, 680.073) 
(841.8125, 689.2555) 
(850.5235, 653.84) 
(857.8675000000001, 662.8585) 
(853.2195, 671.9105) 
(731.892, 354.4365) 
(744.2265, 352.75800000000004) 
(750.848, 358.5455) 
(651.8834999999999, 857.984) 
(642.1949999999999, 866.348) 
(632.2855, 864.6195) 
(319.8675, 697.5055) 
(313.7975, 686.66) 
(333.97950000000003, 438.42) 
(341.6015, 431.7105) 
(338.887, 447.5265) 
(826.7085, 716.0445) 
(831.95, 724.491) 
(825.5735, 732.7155) 
(423.8125, 813.963) 
(413.128, 815.5740000000001) 
(407.3675, 806.9580000000001) 
(505.928, 314.7225) 
(515.779, 313.944) 
(497.0335, 323.40950000000004) 
(476.73749999999995, 318.2305) 
(486.697, 316.454) 
(496.19550000000004, 315.6005) 
(477.507, 326.6435) 
(792.8415, 771.146) 
(797.0525, 780.72) 
(788.2775, 786.706) 
(720.6125, 338.552) 
(731.794, 336.149) 
(737.758, 344.304) 
(480.976, 849.097) 
(471.558, 853.4345000000001) 
(466.57349999999997, 845.4105) 
(709.8845, 836.367) 
(710.312, 846.431) 
(700.3665000000001, 847.3745) 
(855.2655, 519.6815) 
(864.0125, 526.992) 
(862.8305, 537.582) 
(309.619, 636.7055) 
(299.5915, 631.3444999999999) 
(300.9885, 621.4905) 
(580.4649999999999, 301.212) 
(589.787, 304.838) 
(573.0074999999999, 307.7455) 
(560.9570000000001, 294.72749999999996) 
(571.336, 297.8085) 
(554.0174999999999, 304.12649999999996) 
(676.7529999999999, 322.006) 
(684.4064999999999, 317.04650000000004) 
(692.25, 323.189) 
(593.6665, 866.456) 
(588.4925, 873.9435) 
(580.1824999999999, 870.5985000000001) 
(393.45950000000005, 799.4224999999999) 
(382.96900000000005, 798.51) 
(379.4395, 787.875) 
(415.28700000000003, 349.18500000000006) 
(425.337, 346.6725) 
(412.03, 360.179) 
(858.8785, 636.046) 
(866.206, 645.1465000000001) 
(862.039, 654.04) 
(457.3445, 321.40549999999996) 
(466.91549999999995, 319.9925) 
(458.1205, 329.54949999999997) 
(819.6265000000001, 435.35900000000004) 
(830.665, 439.353) 
(834.1395, 448.14300000000003) 
(765.4365, 805.9735000000001) 
(766.292, 815.158) 
(757.4135, 816.8295) 
(528.6955, 860.9955) 
(519.556, 867.5945) 
(510.81050000000005, 862.7370000000001) 
(840.4895, 702.2864999999999) 
(845.725, 710.7860000000001) 
(838.8285000000001, 715.9575) 
(350.22349999999994, 744.8205) 
(364.4775, 759.1334999999999) 
(353.6815, 753.9654999999999) 
(357.08000000000004, 763.2394999999999) 
(370.4065, 777.693) 
(359.8665, 771.3520000000001) 
(612.8834999999999, 870.053) 
(607.2425, 879.335) 
(596.778, 877.2719999999999) 
(864.2874999999999, 574.187) 
(872.6255, 578.014) 
(870.375, 588.182) 
(869.627, 555.358) 
(877.3955, 558.9635000000001) 
(874.768, 568.091) 
(616.1295, 296.496) 
(625.067, 301.0845) 
(606.2774999999999, 301.7495) 
(294.5095, 569.3195) 
(297.10900000000004, 587.337) 
(289.7035, 579.1735) 
(306.135, 516.711) 
(303.6755, 535.2635) 
(299.9065, 524.905) 
(671.4884999999999, 858.49) 
(671.2905000000001, 868.4755) 
(661.714, 868.7470000000001) 
(651.7135000000001, 867.5425) 
(318.456, 450.38800000000003) 
(326.113, 445.25750000000005) 
(322.63, 458.52549999999997) 
(779.309, 380.1565) 
(789.488, 380.03049999999996) 
(794.3199999999999, 388.8705) 
(367.584, 389.031) 
(360.515, 405.66999999999996) 
(358.7465, 394.671) 
(307.9685, 656.048) 
(298.046, 650.9765) 
(298.459, 640.7674999999999) 
(814.3064999999999, 416.40749999999997) 
(825.107, 420.452) 
(827.675, 429.60900000000004) 
(808.8115, 759.7065) 
(813.025, 769.2695) 
(805.0264999999999, 775.074) 
(867.1445, 618.2345) 
(874.5725, 627.326) 
(870.39, 636.2485) 
(729.4455, 834.4615) 
(729.875, 844.542) 
(720.0864999999999, 845.495) 
(853.73, 500.0615) 
(862.6545, 508.17699999999996) 
(863.4175, 518.048) 
(437.978, 324.72249999999997) 
(447.83950000000004, 322.8115) 
(438.7505, 333.2555) 
(853.6115, 688.207) 
(858.8525, 696.642) 
(852.3845, 705.76) 
(707.8175, 323.8295) 
(718.816, 320.927) 
(725.7115, 328.722) 
(542.1709999999999, 293.73749999999995) 
(552.1665, 294.116) 
(534.3879999999999, 303.751) 
(668.42, 305.6415) 
(676.81, 311.26500000000004) 
(660.408, 311.0395) 
(651.7090000000001, 295.30899999999997) 
(660.298, 300.409) 
(643.5085, 301.0115) 
(436.08050000000003, 829.238) 
(425.712, 831.7575) 
(418.90049999999997, 823.423) 
(328.83500000000004, 714.0364999999999) 
(337.3735, 730.394) 
(328.52250000000004, 724.0485) 
(328.6225, 733.6814999999999) 
(341.08849999999995, 749.5675) 
(332.2715, 752.697) 
(329.222, 744.7189999999999) 
(783.402, 798.3775) 
(784.8945, 809.3120000000001) 
(774.939, 813.5095000000001) 
(872.6385, 535.8515) 
(881.4929999999999, 539.7965) 
(879.912, 550.0875000000001) 
(546.0935, 869.973) 
(537.088, 876.711) 
(528.1905, 872.1555000000001) 
(493.9945, 862.954) 
(484.946, 867.5615) 
(476.08450000000005, 860.4465) 
(397.62699999999995, 355.95500000000004) 
(406.613, 352.46250000000003) 
(393.7175, 367.2795) 
(851.8945, 480.4835) 
(860.8405, 488.6535) 
(861.7565, 498.4655) 
(522.374, 293.8115) 
(532.521, 293.7265) 
(514.7955000000001, 304.5715) 
(823.7925, 747.192) 
(828.028, 756.648) 
(820.479, 763.6955) 
(875.0265, 600.393) 
(882.7595000000001, 609.2025) 
(878.676, 618.4265) 
(768.6635, 363.624) 
(779.0374999999999, 363.45550000000003) 
(784.4459999999999, 371.85749999999996) 
(315.02750000000003, 477.723) 
(307.90250000000003, 497.62350000000004) 
(301.646, 492.06) 
(307.67949999999996, 484.66) 
(295.48199999999997, 499.60850000000005) 
(295.6975, 513.0585) 
(289.3435, 507.38650000000007) 
(598.1875, 288.4805) 
(607.3879999999999, 292.5195) 
(588.235, 293.8525) 
(303.0915, 462.5295) 
(310.88199999999995, 455.475) 
(308.14549999999997, 471.773) 
(809.893, 397.2555) 
(820.533, 399.985) 
(823.0445, 410.531) 
(306.965, 675.8294999999999) 
(296.90049999999997, 670.4235) 
(297.801, 661.0475) 
(691.1075000000001, 857.497) 
(690.9225, 867.6099999999999) 
(680.9575, 868.2055) 
(418.7545, 328.8) 
(428.47299999999996, 326.5965) 
(419.54400000000004, 337.5855) 
(632.2565, 873.4685) 
(626.62, 882.6129999999999) 
(616.9965, 880.923) 
(351.33050000000003, 400.53) 
(345.22299999999996, 418.0695) 
(343.7865, 406.633) 
(634.5145, 285.80050000000006) 
(643.309, 290.486) 
(626.1714999999999, 291.79200000000003) 
(748.34, 830.027) 
(748.8220000000001, 840.0474999999999) 
(738.5305000000001, 843.635) 
(503.05100000000004, 295.304) 
(512.8975, 294.522) 
(495.2165, 306.2315) 
(295.0355, 532.879) 
(293.63300000000004, 552.1510000000001) 
(290.0285, 541.3030000000001) 
(287.89700000000005, 587.6800000000001) 
(293.5655, 606.675) 
(286.118, 597.3779999999999) 
(451.72249999999997, 841.0855) 
(439.73249999999996, 842.7975) 
(432.609, 837.2245) 
(463.68999999999994, 856.8199999999999) 
(452.49699999999996, 858.2415000000001) 
(446.9125, 850.8140000000001) 
(564.1450000000001, 877.517) 
(555.769, 884.8074999999999) 
(545.847, 880.7705) 
(692.6969999999999, 311.26599999999996) 
(704.199, 308.51) 
(711.866, 314.8805) 
(849.302, 460.882) 
(858.84, 468.773) 
(859.8745, 478.902) 
(842.233, 442.36800000000005) 
(851.7925, 440.6635) 
(855.653, 450.655) 
(857.1980000000001, 459.445) 
(378.399, 362.681) 
(388.16200000000003, 359.2155) 
(375.1415, 373.877) 
(402.531, 816.8845000000001) 
(391.8365, 816.2895000000001) 
(387.0625, 807.1220000000001) 
(871.6009999999999, 516.4124999999999) 
(882.0794999999999, 520.263) 
(882.5219999999999, 530.758) 
(836.7295, 732.5955) 
(841.0040000000001, 741.934) 
(834.594, 750.018) 
(371.61, 797.2625) 
(361.45550000000003, 793.281) 
(360.649, 782.294) 
(755.346, 349.244) 
(766.9685, 346.98249999999996) 
(773.51, 355.5355) 
(742.171, 335.0225) 
(753.5725, 335.4575) 
(760.279, 341.225) 
(863.395, 671.185) 
(868.7294999999999, 679.55) 
(863.8785, 688.4095) 
(483.1215, 297.14) 
(493.31350000000003, 296.178) 
(475.66949999999997, 308.16549999999995) 
(881.394, 581.931) 
(889.3865000000001, 590.486) 
(886.0975000000001, 600.2475) 
(651.6835000000001, 875.9655) 
(646.0485, 885.5360000000001) 
(636.14, 884.2335) 
(312.0075, 696.4364999999999) 
(303.613, 695.2694999999999) 
(293.89, 689.913) 
(295.5685, 680.4034999999999) 
(335.884, 412.6765) 
(329.706, 430.02200000000005) 
(327.908, 418.861) 
(347.84299999999996, 768.018) 
(339.1275, 771.116) 
(335.7715, 761.9395) 
(800.255, 788.866) 
(801.8539999999999, 799.5464999999999) 
(793.1855, 805.2785) 
(710.6895000000001, 855.9715) 
(710.5135, 866.075) 
(700.577, 867.0084999999999) 
(318.48199999999997, 717.2905000000001) 
(309.852, 715.9214999999999) 
(310.278, 705.7935) 
(317.682, 737.0065) 
(308.6295, 736.7175) 
(308.1815, 735.925) 
(309.39300000000003, 726.2805000000001) 
(283.64250000000004, 514.6665) 
(285.428, 529.9200000000001) 
(278.244, 523.554) 
(284.416, 607.0235) 
(290.2385, 626.076) 
(282.7185, 616.8634999999999) 
(400.0305, 334.59000000000003) 
(409.7905, 330.92549999999994) 
(401.11, 344.52750000000003) 
(579.915, 281.544) 
(589.2235000000001, 285.036) 
(569.7975, 286.957) 
(616.8575000000001, 277.0005) 
(625.8729999999999, 281.339) 
(608.4145, 283.477) 
(836.5550000000001, 423.6155) 
(845.3285000000001, 422.129) 
(848.0165, 431.13750000000005) 
(677.035, 299.3225) 
(688.5035, 296.383) 
(696.5690000000001, 302.54499999999996) 
(850.498, 718.654) 
(854.7195, 728.2335) 
(847.8295, 733.6415000000001) 
(800.812, 379.8075) 
(812.0975, 383.399) 
(816.6514999999999, 392.16049999999996) 
(583.374, 881.2995) 
(573.29, 888.1165000000001) 
(564.4875000000001, 886.4630000000001) 
(871.95, 653.489) 
(877.502, 661.9905000000001) 
(873.1185, 670.868) 
(880.3009999999999, 635.698) 
(885.838, 644.281) 
(881.6709999999999, 653.174) 
(464.339, 300.5245) 
(473.856, 298.808) 
(456.33050000000003, 311.644) 
(284.945, 549.7445) 
(283.5535, 569.0705) 
(279.8205, 558.3225) 
(869.8140000000001, 496.866) 
(880.4185, 500.6795) 
(881.3074999999999, 510.5145) 
(510.8795, 873.0285000000001) 
(501.64, 877.7255) 
(493.093, 872.624) 
(832.8205, 404.4535) 
(842.465, 412.15200000000004) 
(296.3595, 469.031) 
(295.423, 486.5245) 
(289.7105, 476.8665) 
(767.2105, 824.689) 
(767.6595, 834.7565) 
(758.7475, 836.4749999999999) 
(351.447, 786.884) 
(342.0555, 779.09) 
(885.5635, 562.6859999999999) 
(893.4535000000001, 572.057) 
(891.4265, 581.3789999999999) 
(864.0675, 705.06) 
(868.5875, 714.2415000000001) 
(861.6775, 722.8095000000001) 
(601.6285, 888.4475) 
(593.193, 895.756) 
(583.2239999999999, 891.9364999999999) 
(360.8775, 371.39300000000003) 
(370.0575, 366.749) 
(357.51300000000003, 382.887) 
(414.02, 832.8595) 
(402.751, 832.1179999999999) 
(397.0345, 823.992) 
(428.337, 846.2735) 
(421.5565, 852.469) 
(414.06600000000003, 847.5685000000001) 
(408.5225, 839.9365) 
(281.3895, 626.4390000000001) 
(287.79200000000003, 645.721) 
(280.07550000000003, 636.661) 
(671.0465, 876.7665) 
(665.8885, 887.2439999999999) 
(655.6455000000001, 886.6310000000001) 
(320.721, 425.1545) 
(314.752, 442.9625) 
(313.6335, 431.2575) 
(730.2545, 854.107) 
(729.4945, 864.1975) 
(719.7040000000001, 865.126) 
(816.249, 777.472) 
(817.8785, 788.1320000000001) 
(809.8585, 793.88) 
(867.885, 477.317) 
(878.5364999999999, 481.116) 
(879.4994999999999, 490.9135) 
(475.1555, 872.393) 
(470.646, 877.762) 
(464.257, 875.0705) 
(457.943, 866.5565) 
(730.1275, 319.4645) 
(741.0425, 318.8165) 
(747.0035, 326.9475) 
(721.579, 299.5955) 
(728.2860000000001, 303.672) 
(734.9635000000001, 311.43100000000004) 
(716.2069999999999, 305.5825) 
(888.588, 617.8755) 
(894.2054999999999, 626.4594999999999) 
(890.0219999999999, 635.3824999999999) 
(381.3605, 340.3275) 
(390.817, 338.1975) 
(382.18850000000003, 349.918) 
(596.598, 265.679) 
(601.1825, 265.51099999999997) 
(607.104, 271.7495) 
(590.859, 274.51) 
(444.51599999999996, 303.455) 
(454.4625, 301.983) 
(436.879, 314.522) 
(790.954, 362.69100000000003) 
(802.6875, 365.8215) 
(807.5035, 374.765) 
(780.027, 346.26300000000003) 
(792.2295, 349.28) 
(797.6290000000001, 357.788) 
(660.486, 288.61800000000005) 
(672.156, 285.6685) 
(680.5830000000001, 291.1405) 
(269.23699999999997, 537.2645) 
(274.293, 530.7935) 
(275.127, 546.6564999999999) 
(268.3385, 540.641) 
(302.322, 714.5955) 
(292.1195, 709.8785) 
(292.0955, 699.612) 
(551.6365000000001, 274.73249999999996) 
(561.0219999999999, 275.086) 
(570.7435, 278.353) 
(550.325, 283.882) 
(530.7335, 272.8555) 
(540.7570000000001, 274.174) 
(530.6514999999999, 282.5525) 
(528.1955, 882.3415) 
(518.7874999999999, 887.208) 
(510.106, 882.456) 
(545.674, 891.4065) 
(536.686, 897.7825) 
(527.9665, 892.777) 
(785.905, 819.195) 
(786.0215, 829.2175000000001) 
(775.9739999999999, 833.063) 
(823.669, 386.931) 
(834.2860000000001, 385.587) 
(840.0465, 391.78499999999997) 
(841.713, 398.7835) 
(841.2225, 402.2835) 
(326.154, 754.8035) 
(316.528, 755.151) 
(310.135, 750.3905) 
(308.221, 742.3305) 
(890.4675, 543.758) 
(899.6055, 551.461) 
(897.2180000000001, 561.5129999999999) 
(342.925, 789.8399999999999) 
(364.326, 801.308) 
(357.1775, 805.3019999999999) 
(346.28, 802.2995) 
(341.468, 794.7345) 
(865.3105, 457.96999999999997) 
(875.1575, 458.4665) 
(878.2465, 463.5935) 
(877.4085, 471.693) 
(831.8480000000001, 765.6755) 
(833.9590000000001, 776.1489999999999) 
(825.8140000000001, 782.3715) 
(511.981, 273.746) 
(518.6434999999999, 271.44199999999995) 
(527.107, 271.6915) 
(510.9905, 284.3595) 
(896.157, 599.739) 
(903.114, 605.1220000000001) 
(902.4884999999999, 611.922) 
(897.6455, 617.9984999999999) 
(379.3895, 815.45) 
(368.012, 810.8834999999999) 
(372.2545, 818.9955) 
(391.7765, 830.933) 
(386.0865, 834.4285) 
(381.59799999999996, 831.3105) 
(374.955, 823.6579999999999) 
(442.819, 859.426) 
(434.33900000000006, 862.9825000000001) 
(429.73900000000003, 862.3865) 
(426.135, 857.324) 
(279.80550000000005, 645.9994999999999) 
(287.486, 665.2740000000001) 
(279.93899999999996, 663.8) 
(279.52250000000004, 654.7945) 
(277.64700000000005, 670.8965000000001) 
(279.4425, 665.6260000000001) 
(287.56600000000003, 685.1800000000001) 
(282.001, 683.6270000000001) 
(278.7935, 678.9715) 
(286.09749999999997, 483.115) 
(282.8205, 501.5815) 
(276.437, 494.6405) 
(279.733, 488.774) 
(300.291, 438.575) 
(306.023, 437.08) 
(299.0155, 454.327) 
(296.81649999999996, 444.6145) 
(772.468, 326.38800000000003) 
(778.8585, 330.236) 
(785.483, 336.546) 
(786.8685, 340.416) 
(765.5615, 332.7875) 
(275.157, 566.7825) 
(276.76, 587.6685) 
(267.46799999999996, 585.8235) 
(270.048, 576.7175) 
(274.2275, 607.1895) 
(266.7595, 595.8554999999999) 
(374.7, 343.211) 
(378.568, 341.53150000000005) 
(365.596, 360.8705) 
(367.279, 350.243) 
(344.1625, 381.99750000000006) 
(352.962, 376.3915) 
(341.2975, 394.352) 
(329.39599999999996, 390.9195) 
(333.332, 387.4655) 
(334.7935, 387.55350000000004) 
(326.6255, 407.39050000000003) 
(324.088, 398.00250000000005) 
(690.59, 875.303) 
(687.6589999999999, 885.4305) 
(680.972, 888.5485000000001) 
(674.4485, 886.5225) 
(748.546, 848.106) 
(746.918, 857.596) 
(739.328, 863.2145) 
(733.1769999999999, 863.6255) 
(419.8755, 306.5965) 
(425.03650000000005, 304.72849999999994) 
(431.315, 303.572) 
(433.9855, 304.551) 
(418.072, 320.4845) 
(417.9365, 310.2595) 
(706.0015000000001, 290.10699999999997) 
(714.8055, 293.2115) 
(720.7425000000001, 298.39149999999995) 
(699.2295, 295.3855) 
(620.9984999999999, 891.673) 
(612.4005, 899.8979999999999) 
(602.7845, 898.2605) 
(582.9024999999999, 264.3455) 
(592.9395, 265.804) 
(571.6505, 269.8605) 
(455.9355, 874.2405000000001) 
(451.3645, 876.374) 
(446.402, 875.169) 
(440.745, 868.3505) 
(564.8575000000001, 895.2445) 
(560.3489999999999, 904.0875) 
(552.599, 905.3420000000001) 
(545.4630000000001, 901.301) 
(648.8385000000001, 273.1475) 
(652.5325, 272.17650000000003) 
(657.6044999999999, 273.598) 
(663.1475, 278.53950000000003) 
(642.8489999999999, 279.8245) 
(875.0584999999999, 688.6759999999999) 
(881.414, 693.701) 
(880.3265, 699.516) 
(874.1775, 705.9855) 
(491.17, 277.6205) 
(499.58050000000003, 275.96950000000004) 
(508.8815000000001, 274.9225) 
(491.46400000000006, 286.71500000000003) 
(263.89099999999996, 549.364) 
(267.398, 543.0329999999999) 
(268.477, 565.433) 
(262.6835, 559.1125) 
(861.18, 439.0285) 
(869.3125, 436.57800000000003) 
(870.789, 437.3655) 
(873.3355000000001, 442.82500000000005) 
(874.4085, 452.241) 
(845.892, 751.8035) 
(851.675, 757.8470000000001) 
(851.327, 761.2025) 
(846.3295, 766.145) 
(839.1995000000001, 770.0314999999999) 
(263.78700000000003, 608.0160000000001) 
(265.21150000000006, 606.272) 
(273.07, 626.874) 
(266.00350000000003, 625.6959999999999) 
(264.4075, 617.3309999999999) 
(315.632, 406.259) 
(321.8365, 401.81350000000003) 
(313.401, 422.14750000000004) 
(310.07900000000006, 414.60400000000004) 
(890.3715, 524.2805000000001) 
(898.5725, 526.091) 
(902.162, 531.7284999999999) 
(902.328, 537.303) 
(899.8634999999999, 542.1045) 
(812.2014999999999, 370.78549999999996) 
(820.8965000000001, 369.59849999999994) 
(827.3235, 372.552) 
(829.8065, 378.957) 
(751.3815000000001, 319.19849999999997) 
(758.451, 316.0935) 
(764.153, 317.902) 
(769.218, 322.8415) 
(898.471, 580.203) 
(905.7760000000001, 586.347) 
(907.2345, 594.941) 
(904.2345, 600.182) 
(476.64349999999996, 280.733) 
(486.408, 277.4975) 
(472.43399999999997, 291.61850000000004) 
(802.5989999999999, 809.018) 
(803.531, 819.0855) 
(797.4855, 825.3290000000001) 
(791.2314999999999, 825.768) 
(491.8625, 882.838) 
(485.935, 888.2434999999999) 
(479.65549999999996, 886.288) 
(473.55150000000003, 881.236) 
(509.864, 890.9200000000001) 
(498.469, 892.9190000000001) 
(488.9335, 889.5675) 
(709.991, 872.5609999999999) 
(708.0780000000001, 880.7284999999999) 
(702.0730000000001, 884.246) 
(694.7535, 883.588) 
(882.644, 670.4525) 
(888.1815, 675.4549999999999) 
(888.546, 681.2239999999999) 
(884.7909999999999, 688.2465) 
(890.444, 652.415) 
(896.4105, 657.063) 
(898.0615, 661.7674999999999) 
(892.905, 668.4195) 
(682.6015, 285.2955) 
(690.8945000000001, 281.7155) 
(699.6020000000001, 286.563) 
(640.8019999999999, 891.9455) 
(636.2165, 899.3755) 
(627.1435, 901.8205) 
(620.9235, 899.9839999999999) 
(737.0485, 305.70349999999996) 
(744.758, 302.5865) 
(753.0120000000001, 308.696) 
(333.106, 773.229) 
(322.783, 771.643) 
(319.33099999999996, 762.46) 
(405.79, 844.96) 
(396.947, 847.034) 
(388.70500000000004, 840.8255) 
(299.91650000000004, 731.9124999999999) 
(291.37800000000004, 725.9144999999999) 
(293.32450000000006, 718.9565) 
(273.353, 498.494) 
(275.178, 519.6320000000001) 
(270.635, 515.7805000000001) 
(269.5665, 507.014) 
(584.1370000000001, 900.067) 
(579.51, 905.8735) 
(574.6415000000001, 907.385) 
(568.155, 904.7429999999999) 
(409.96799999999996, 314.082) 
(400.60850000000005, 328.863) 
(401.4685, 320.33500000000004) 
(857.2185, 735.3885) 
(859.9335, 743.734) 
(855.4325, 751.8565000000001) 
(868.934, 720.955) 
(871.9839999999999, 727.0765000000001) 
(871.0055, 735.4465) 
(864.2570000000001, 739.1285) 
(354.86249999999995, 355.231) 
(360.821, 354.68899999999996) 
(349.4355, 371.5125) 
(348.6925, 361.6335) 
(624.12, 273.4) 
(630.7835, 268.55100000000004) 
(640.8710000000001, 270.514) 
(555.0419999999999, 262.2235) 
(564.5504999999999, 259.98949999999996) 
(572.5995, 261.479) 
(573.54, 262.754) 
(552.7764999999999, 269.6625) 
(853.3320000000001, 420.868) 
(862.3330000000001, 419.789) 
(866.405, 428.4235) 
(265.087, 630.4485) 
(274.3795, 646.3455) 
(269.4145, 646.2025000000001) 
(266.65000000000003, 640.569) 
(767.6374999999999, 842.2225000000001) 
(768.6475, 848.5265) 
(762.33, 851.778) 
(753.2515000000001, 853.8535) 
(802.0565, 354.3065) 
(812.2625, 353.597) 
(817.3489999999999, 362.0425) 
(898.344, 634.409) 
(902.7585, 636.7529999999999) 
(903.4435000000001, 640.316) 
(899.2860000000001, 648.9495) 
(604.8365, 902.019) 
(602.0445, 906.5799999999999) 
(593.8205, 910.0045) 
(585.253, 907.106) 
(463.308, 282.4685) 
(468.99649999999997, 283.293) 
(453.2635, 296.87149999999997) 
(456.1705, 287.496) 
(287.7465, 453.603) 
(292.3895, 449.563) 
(288.20400000000006, 470.645) 
(285.6635, 463.25350000000003) 
(529.9785, 898.7215000000001) 
(519.5145, 900.577) 
(508.7065, 899.8689999999999) 
(507.5895, 896.8015) 
(307.0, 419.644) 
(299.2595, 433.5895) 
(300.46900000000005, 425.2635) 
(888.9825000000001, 504.6835) 
(896.3215, 507.17499999999995) 
(896.9385, 517.0235) 
(902.764, 558.53) 
(907.121, 563.1885) 
(906.701, 574.232) 
(903.1585, 581.0735) 
(847.582, 402.501) 
(856.577, 408.66700000000003) 
(859.893, 416.42949999999996) 
(350.18399999999997, 808.7625) 
(371.23199999999997, 819.654) 
(362.03, 819.2004999999999) 
(351.805, 813.927) 
(260.574, 565.2829999999999) 
(265.58849999999995, 585.3695) 
(262.519, 583.713) 
(259.07550000000003, 574.9110000000001) 
(326.9535, 775.9195) 
(339.66949999999997, 792.636) 
(332.76300000000003, 789.598) 
(326.938, 781.5185) 
(663.4795, 273.3565) 
(673.7105, 272.51750000000004) 
(683.6985, 274.0475) 
(685.0505, 278.08000000000004) 
(727.472, 871.1775) 
(723.6285, 880.1980000000001) 
(715.3380000000001, 880.6324999999999) 
(818.336, 797.2415000000001) 
(818.6904999999999, 805.965) 
(814.465, 811.697) 
(809.187, 813.0029999999999) 
(415.7615, 856.1575) 
(406.985, 859.2159999999999) 
(402.6275, 852.604) 
(660.321, 892.879) 
(656.9525, 899.493) 
(650.769, 902.535) 
(644.0185, 899.0715) 
(287.87800000000004, 705.4639999999999) 
(282.2585, 702.1814999999999) 
(280.152, 691.5965) 
(905.931, 619.1800000000001) 
(906.4639999999999, 629.511) 
(785.0174999999999, 837.7185000000001) 
(782.342, 845.4315) 
(773.2764999999999, 848.242) 
(883.2784999999999, 485.50199999999995) 
(889.607, 489.2115) 
(895.4590000000001, 496.7345) 
(895.373, 502.2955) 
(727.7765, 295.3465) 
(736.3665000000001, 295.80999999999995) 
(739.2245, 302.167) 
(444.46799999999996, 289.581) 
(451.56949999999995, 291.37350000000004) 
(435.63149999999996, 296.175) 
(337.582, 370.554) 
(343.5205, 366.042) 
(334.128, 381.58050000000003) 
(270.8845, 660.125) 
(265.7415, 651.6759999999999) 
(787.472, 339.1265) 
(794.6295, 338.3025) 
(804.288, 342.826) 
(806.768, 349.8085) 
(386.71000000000004, 322.72249999999997) 
(394.3815, 323.4035) 
(383.72350000000006, 331.7895) 
(605.578, 264.39099999999996) 
(614.8355, 262.33899999999994) 
(623.624, 266.097) 
(266.7565, 521.1375) 
(265.50350000000003, 529.9780000000001) 
(541.625, 262.2525) 
(550.2755, 263.473) 
(533.2465, 267.8835) 
(833.3545, 784.4894999999999) 
(835.1385, 788.7275) 
(830.9375, 795.974) 
(824.027, 801.416) 
(843.2660000000001, 771.7874999999999) 
(843.8824999999999, 780.6585) 
(839.2115, 787.2429999999999) 
(884.109, 467.153) 
(891.1015, 473.263) 
(889.143, 482.18899999999996) 
(280.1, 468.77150000000006) 
(278.906, 481.0775) 
(274.415, 472.95550000000003) 
(881.5495000000001, 706.2535) 
(883.8900000000001, 714.8985) 
(876.8645, 721.344) 
(676.727, 891.754) 
(670.6745, 897.681) 
(662.8285000000001, 898.0845) 
(463.59299999999996, 885.4350000000001) 
(455.27149999999995, 884.605) 
(563.1514999999999, 568.1824999999999) 
(607.8385000000001, 568.9615000000001) 
(612.3325, 542.405) 
(541.0160000000001, 570.539) 
(620.2085, 622.0155) 
(653.7399999999999, 621.875) 
(660.968, 561.0345) 
(635.2839999999999, 557.6959999999999) 
(654.04, 537.8995) 
(532.452, 616.733) 
(636.4904999999999, 653.7475) 
(508.634, 585.5685) 
(470.104, 624.711) 
(478.817, 647.7595) 
(485.418, 651.7925) 
(652.2524999999999, 688.7625) 
(702.1645000000001, 631.902) 
(609.2750000000001, 481.8905) 
(587.702, 476.85900000000004) 
(533.7694999999999, 701.095) 
(601.858, 716.9275) 
(502.156, 473.4695) 
(550.671, 459.1665) 
(475.393, 676.6005) 
(611.677, 453.26) 
(452.57, 637.745) 
(459.591, 537.9870000000001) 
(472.3895, 505.0705) 
(911.9590000000001, 590.6545000000001) 
(918.4235, 594.2345) 
(919.3695, 599.9425) 
(911.6375, 599.7685) 
(917.64, 606.0690000000001) 
(910.8489999999999, 609.5875000000001) 
(918.7574999999999, 611.543) 
(917.3285000000001, 617.703) 
(912.8625, 623.0055) 
(916.346, 624.6725) 
(916.595, 631.0535) 
(909.406, 636.6285) 
(917.0074999999999, 637.519) 
(918.2135000000001, 641.9195) 
(913.8985, 646.5145) 
(906.73, 645.8015) 
(909.938, 650.8895) 
(909.3899999999999, 654.384) 
(903.3064999999999, 657.4095) 
(911.3399999999999, 660.545) 
(908.437, 666.5535) 
(900.529, 665.5535) 
(904.0029999999999, 672.177) 
(905.005, 677.4010000000001) 
(896.8075, 677.813) 
(904.5754999999999, 683.1110000000001) 
(903.4555, 689.0315) 
(895.4935, 686.9835) 
(901.635, 693.522) 
(898.7669999999999, 698.7774999999999) 
(889.2484999999999, 697.6934999999999) 
(896.2280000000001, 704.1225) 
(894.454, 709.182) 
(888.6975, 709.4904999999999) 
(894.5465, 714.79) 
(891.164, 721.579) 
(885.1610000000001, 722.3199999999999) 
(886.6195, 725.75) 
(884.5699999999999, 731.002) 
(881.9354999999999, 734.3915) 
(877.6795, 733.491) 
(879.8415, 740.351) 
(876.9105000000001, 746.2950000000001) 
(871.7790000000001, 742.4775) 
(872.7605000000001, 749.41) 
(864.694, 750.027) 
(870.8555, 755.7735) 
(869.728, 760.828) 
(859.809, 761.072) 
(867.8634999999999, 767.216) 
(863.414, 772.9290000000001) 
(854.8125, 768.3064999999999) 
(858.8029999999999, 774.0575) 
(856.312, 779.2874999999999) 
(849.258, 779.1789999999999) 
(853.8725000000001, 784.7909999999999) 
(852.02, 786.9565) 
(846.635, 787.994) 
(850.0989999999999, 790.7) 
(846.2864999999999, 796.8955000000001) 
(838.7495, 795.674) 
(842.518, 801.1880000000001) 
(836.2005, 802.781) 
(828.4035, 802.9639999999999) 
(830.863, 807.0875) 
(830.132, 814.2635) 
(827.4685, 818.498) 
(821.3685, 814.578) 
(822.1015, 821.6569999999999) 
(815.1980000000001, 818.7760000000001) 
(817.053, 826.899) 
(811.4665, 829.563) 
(803.9555, 827.5225) 
(806.5185, 830.5245) 
(802.9275, 836.5709999999999) 
(798.2139999999999, 842.5015000000001) 
(795.335, 834.2615000000001) 
(793.8165, 844.1605000000001) 
(788.7090000000001, 844.1680000000001) 
(790.589, 846.0085) 
(786.5340000000001, 851.102) 
(780.13, 852.0229999999999) 
(782.376, 856.3015) 
(777.3219999999999, 858.264) 
(770.447, 854.27) 
(772.019, 861.182) 
(768.961, 864.7395) 
(763.284, 865.921) 
(758.225, 859.8715) 
(756.1295, 867.7985) 
(747.671, 866.4635000000001) 
(751.7785000000001, 872.94) 
(748.5835, 877.3805) 
(743.5765, 879.5045) 
(738.4285, 871.815) 
(739.488, 881.3165) 
(736.3395, 882.9785) 
(731.2115, 879.9325000000001) 
(730.6679999999999, 886.2825) 
(723.4504999999999, 888.1995000000001) 
(720.5365, 884.9865) 
(718.0640000000001, 890.4515) 
(712.6855, 894.1925) 
(707.898, 888.8235) 
(707.5885000000001, 896.691) 
(702.375, 898.8175) 
(699.1065, 891.669) 
(696.575, 899.8554999999999) 
(691.4110000000001, 900.607) 
(686.848, 894.263) 
(685.4995, 903.2) 
(678.7715000000001, 906.054) 
(675.875, 900.3225) 
(675.5305000000001, 905.7705) 
(672.5965000000001, 906.3924999999999) 
(667.7995000000001, 903.5645) 
(668.9305, 908.434) 
(661.678, 909.872) 
(654.6709999999999, 906.411) 
(654.7849999999999, 912.0260000000001) 
(648.1599999999999, 913.176) 
(645.034, 906.9780000000001) 
(639.6475, 913.1990000000001) 
(634.5685000000001, 908.4770000000001) 
(636.815, 915.066) 
(634.9845, 917.5235) 
(627.1785, 916.2850000000001) 
(621.5840000000001, 907.171) 
(619.0325, 915.3915) 
(614.874, 917.554) 
(608.6510000000001, 910.3575) 
(611.3615, 918.9025) 
(604.51, 918.2855000000001) 
(599.259, 913.1915000000001) 
(597.7425000000001, 918.4290000000001) 
(592.9685, 920.787) 
(588.758, 920.6575) 
(588.0935, 915.1125) 
(583.9014999999999, 920.6990000000001) 
(578.202, 914.3320000000001) 
(578.174, 923.0025) 
(572.0229999999999, 922.3405) 
(570.0415, 913.5419999999999) 
(566.9075, 919.927) 
(562.8675000000001, 918.916) 
(558.1955, 911.8755) 
(557.6890000000001, 919.7695) 
(550.533, 920.8495) 
(543.7829999999999, 918.316) 
(545.3425, 910.7025) 
(528.9425000000001, 901.3005) 
(538.5775, 917.3595) 
(531.6, 910.4555) 
(523.1375, 908.2079999999999) 
(534.564, 918.1365000000001) 
(527.2429999999999, 917.52) 
(518.8645, 915.188) 
(514.518, 912.7715) 
(510.5045, 906.6990000000001) 
(502.167, 901.5045) 
(510.6595, 912.496) 
(504.125, 911.0384999999999) 
(497.4305, 906.877) 
(492.8855, 903.415) 
(489.315, 896.354) 
(487.5765, 903.852) 
(481.57450000000006, 905.3139999999999) 
(476.15100000000007, 903.884) 
(479.31550000000004, 895.305) 
(473.10200000000003, 901.638) 
(469.6705, 898.5730000000001) 
(472.0605, 890.615) 
(462.47450000000003, 895.946) 
(456.9125, 894.24) 
(446.5935, 882.4105) 
(456.6365, 895.3430000000001) 
(451.802, 894.0585) 
(445.41350000000006, 890.442) 
(439.86, 887.3725) 
(434.121, 884.499) 
(437.90549999999996, 878.0129999999999) 
(431.3515, 881.9925000000001) 
(429.91099999999994, 881.163) 
(430.05899999999997, 871.8154999999999) 
(423.0465, 880.081) 
(416.344, 875.6165000000001) 
(422.45450000000005, 866.8285) 
(413.728, 869.97) 
(411.61350000000004, 864.154) 
(399.7735, 861.4894999999999) 
(400.9475, 859.6189999999999) 
(408.13800000000003, 868.653) 
(402.3355, 865.5854999999999) 
(390.31550000000004, 847.8054999999999) 
(395.83400000000006, 859.3015) 
(390.88250000000005, 853.058) 
(384.704, 850.3444999999999) 
(376.1535, 848.8815) 
(379.1465, 839.9455) 
(371.764, 845.375) 
(369.6265, 842.325) 
(373.078, 833.869) 
(364.73350000000005, 836.2805000000001) 
(360.76750000000004, 832.8330000000001) 
(360.6205, 831.946) 
(365.4525, 825.8045) 
(356.58950000000004, 827.9875) 
(353.16700000000003, 821.3834999999999) 
(347.131, 811.4110000000001) 
(349.714, 825.5325) 
(345.712, 819.758) 
(340.977, 814.103) 
(334.79150000000004, 812.0409999999999) 
(337.04150000000004, 802.886) 
(330.592, 808.5495000000001) 
(327.13100000000003, 804.2785) 
(331.782, 796.5165) 
(324.429, 788.7560000000001) 
(324.05449999999996, 799.8705) 
(322.30449999999996, 795.1179999999999) 
(319.557, 779.9525) 
(318.131, 789.412) 
(313.481, 785.6800000000001) 
(314.853, 769.2584999999999) 
(311.5335, 782.896) 
(311.0, 776.4784999999999) 
(308.3845, 769.134) 
(305.352, 767.5585000000001) 
(309.0175, 760.374) 
(302.906, 750.28) 
(302.74899999999997, 766.534) 
(299.27149999999995, 759.3255) 
(298.616, 739.1465) 
(295.18449999999996, 752.5355) 
(290.2, 749.5854999999999) 
(288.628, 744.5844999999999) 
(288.919, 731.608) 
(287.48199999999997, 738.4879999999999) 
(277.6985, 720.7900000000001) 
(284.3605, 722.1495) 
(283.3515, 734.701) 
(279.1485, 727.648) 
(277.7625, 717.4115) 
(282.485, 709.8040000000001) 
(269.5085, 701.3405) 
(273.85749999999996, 698.8715) 
(275.56399999999996, 712.97) 
(270.9885, 707.8164999999999) 
(268.22749999999996, 695.8489999999999) 
(266.0825, 692.5785) 
(273.56149999999997, 687.6315) 
(271.89, 676.3154999999999) 
(265.06399999999996, 689.4945) 
(265.616, 682.122) 
(270.21400000000006, 666.4000000000001) 
(264.70899999999995, 675.8795) 
(261.956, 670.0955) 
(259.6125, 658.5015) 
(259.4385, 662.9505) 
(253.5165, 647.7560000000001) 
(261.745, 645.3485000000001) 
(257.151, 659.8625) 
(255.03500000000003, 655.432) 
(259.64300000000003, 636.867) 
(253.67849999999999, 643.56) 
(254.3245, 640.6995) 
(258.97400000000005, 626.1610000000001) 
(253.7985, 632.8325) 
(252.963, 614.5274999999999) 
(258.804, 610.5284999999999) 
(251.916, 626.7695) 
(251.5085, 621.9385) 
(249.88349999999997, 597.4894999999999) 
(257.2795, 602.1085) 
(249.60049999999998, 609.4855) 
(247.1875, 602.354) 
(258.3985, 587.2425000000001) 
(251.5155, 593.4085) 
(255.09200000000004, 578.6765) 
(248.77450000000002, 586.966) 
(246.78, 579.759) 
(248.9015, 570.586) 
(253.1925, 568.0129999999999) 
(248.6695, 573.8064999999999) 
(255.62399999999997, 554.8115) 
(248.786, 567.515) 
(249.108, 560.4839999999999) 
(259.329, 542.6579999999999) 
(250.0825, 554.4935) 
(251.0595, 548.103) 
(252.688, 530.1020000000001) 
(261.20550000000003, 534.2574999999999) 
(250.30400000000003, 540.1524999999999) 
(250.017, 534.548) 
(256.04499999999996, 526.7525) 
(259.606, 524.0255) 
(255.4685, 513.5115) 
(262.279, 513.2815) 
(256.674, 518.8985) 
(257.21, 502.36100000000005) 
(265.1085, 499.818) 
(255.15699999999998, 509.30850000000004) 
(263.213, 483.65599999999995) 
(264.52049999999997, 483.28599999999994) 
(270.7645, 488.12649999999996) 
(259.55649999999997, 498.32000000000005) 
(260.821, 490.852) 
(269.9375, 480.43) 
(266.8085, 470.2475) 
(272.478, 467.6095) 
(263.32849999999996, 478.44949999999994) 
(278.8575, 457.1825) 
(270.7835, 465.7495) 
(271.59950000000003, 460.8405) 
(278.865, 443.3335) 
(285.64200000000005, 446.4295) 
(272.577, 456.769) 
(274.68899999999996, 450.0935) 
(282.67150000000004, 439.034) 
(291.8495, 437.385) 
(287.88149999999996, 430.1235) 
(294.19050000000004, 428.38199999999995) 
(284.509, 434.141) 
(292.7175, 420.031) 
(299.6125, 418.62) 
(290.58050000000003, 425.1955) 
(297.0845, 408.879) 
(300.2475, 405.7895) 
(305.59850000000006, 408.05899999999997) 
(295.21500000000003, 414.14250000000004) 
(306.06, 396.1555) 
(315.12800000000004, 398.3845) 
(302.2505, 401.503) 
(310.983, 386.2075) 
(318.92650000000003, 390.1305) 
(309.43600000000004, 390.65049999999997) 
(320.288, 377.1755) 
(327.75399999999996, 382.3155) 
(315.00149999999996, 381.6) 
(323.6915, 372.851) 
(327.1885, 367.865) 
(332.047, 371.4445) 
(332.6005, 364.599) 
(338.1355, 363.70849999999996) 
(343.2455, 349.9155) 
(347.2455, 353.22) 
(335.24, 360.674) 
(338.9115, 354.6015) 
(351.6645, 341.07800000000003) 
(356.57899999999995, 346.826) 
(346.2145, 346.17100000000005) 
(354.539, 339.44350000000003) 
(363.164, 342.1015) 
(361.97450000000003, 334.5775) 
(373.447, 336.2745) 
(354.72950000000003, 338.5775) 
(369.7695, 323.92100000000005) 
(372.894, 320.898) 
(379.5045, 322.5845) 
(368.896, 328.8885) 
(383.3415, 313.354) 
(387.884, 312.89) 
(388.97900000000004, 317.1825) 
(377.231, 317.5085) 
(393.87350000000004, 311.515) 
(401.27750000000003, 312.106) 
(401.8845, 302.8305) 
(411.845, 304.4595) 
(399.2855, 306.6545) 
(410.2215, 293.031) 
(413.024, 292.79150000000004) 
(416.78999999999996, 299.5215) 
(405.957, 297.624) 
(418.8075, 289.83400000000006) 
(427.05400000000003, 295.041) 
(424.71500000000003, 285.09700000000004) 
(430.99850000000004, 284.01800000000003) 
(437.654, 286.565) 
(437.535, 283.551) 
(442.30150000000003, 281.349) 
(448.5265, 285.414) 
(447.63, 278.19050000000004) 
(451.2495, 276.05100000000004) 
(456.747, 279.39700000000005) 
(461.437, 268.1765) 
(466.3365, 274.681) 
(455.3795, 272.48400000000004) 
(466.004, 267.082) 
(471.49199999999996, 267.25199999999995) 
(479.4715, 272.291) 
(477.806, 265.673) 
(482.496, 262.11699999999996) 
(488.7205, 262.626) 
(491.455, 270.954) 
(494.7205, 262.1775) 
(502.846, 267.193) 
(498.68999999999994, 258.43399999999997) 
(504.16999999999996, 257.66650000000004) 
(511.42549999999994, 265.24899999999997) 
(509.21349999999995, 257.983) 
(515.2395, 254.89000000000001) 
(521.8635, 252.531) 
(523.0554999999999, 261.817) 
(526.1780000000001, 252.546) 
(533.2055, 253.719) 
(536.1179999999999, 259.2255) 
(539.5345, 253.45000000000002) 
(545.0415, 256.47700000000003) 
(543.0329999999999, 250.4275) 
(547.344, 249.48499999999999) 
(553.7275, 251.4205) 
(556.7365, 256.1865) 
(560.389, 250.034) 
(566.643, 248.18699999999998) 
(570.413, 255.278) 
(572.187, 247.9125) 
(578.8365, 247.92649999999998) 
(577.6890000000001, 255.84299999999996) 
(583.808, 249.25449999999998) 
(588.7075, 257.03299999999996) 
(586.682, 247.183) 
(591.364, 246.0755) 
(597.3785, 249.421) 
(599.5985000000001, 258.5835) 
(604.0035, 249.34249999999997) 
(610.863, 248.33849999999998) 
(610.8534999999999, 256.45949999999993) 
(617.014, 249.84999999999997) 
(622.28, 250.908) 
(622.896, 257.13349999999997) 
(626.171, 252.03099999999998) 
(632.476, 254.82) 
(636.3605, 262.37649999999996) 
(639.2139999999999, 256.62699999999995) 
(644.338, 255.8415) 
(649.452, 264.2245) 
(649.201, 254.7865) 
(654.0550000000001, 254.993) 
(654.9725000000001, 264.4775) 
(660.2695000000001, 256.3005) 
(666.501, 258.9075) 
(667.0790000000001, 266.843) 
(670.8405, 261.20400000000006) 
(674.861, 260.8175) 
(679.861, 267.23400000000004) 
(681.6445, 259.9305) 
(686.3005, 258.7395) 
(688.97, 262.58799999999997) 
(691.5085, 266.943) 
(688.282, 271.15049999999997) 
(696.658, 269.49649999999997) 
(699.145, 276.78150000000005) 
(702.2555, 271.36) 
(707.3834999999999, 273.129) 
(712.284, 276.388) 
(711.0235, 283.4525) 
(719.4915, 280.06899999999996) 
(723.2735, 289.828) 
(726.4265, 282.352) 
(731.239, 284.3815) 
(734.827, 288.736) 
(736.1444999999999, 286.4055) 
(738.8405, 287.1465) 
(740.2085, 294.26599999999996) 
(743.1205, 287.7115) 
(748.5285, 292.9665) 
(751.1500000000001, 299.94050000000004) 
(754.945, 297.3145) 
(761.41, 298.2675) 
(763.0540000000001, 308.291) 
(767.2135000000001, 300.162) 
(773.0135, 302.527) 
(776.6614999999999, 305.5385) 
(771.9604999999999, 312.7845) 
(779.99, 310.4145) 
(783.374, 315.67650000000003) 
(778.5944999999999, 321.593) 
(787.4335000000001, 318.46900000000005) 
(791.541, 320.87449999999995) 
(787.7515000000001, 327.5705) 
(795.7384999999999, 323.614) 
(793.884, 332.432) 
(801.7435, 325.667) 
(804.1555000000001, 329.9065) 
(803.0395000000001, 336.005) 
(809.1085, 335.4655) 
(814.201, 338.0765) 
(811.047, 343.80600000000004) 
(816.086, 340.0455) 
(820.0445, 345.1585) 
(821.918, 351.85900000000004) 
(819.61, 354.7445) 
(825.1745000000001, 356.7185) 
(827.3040000000001, 365.123) 
(832.2735, 359.01300000000003) 
(836.3889999999999, 360.034) 
(837.6374999999999, 365.2005) 
(833.5415, 371.6085) 
(842.403, 370.658) 
(847.489, 375.07899999999995) 
(843.107, 382.6595) 
(852.0545, 379.44449999999995) 
(856.2235000000001, 385.207) 
(849.0035, 392.548) 
(857.5920000000001, 390.345) 
(859.125, 395.6615) 
(856.4055000000001, 401.582) 
(863.183, 400.9355) 
(863.3545, 408.02049999999997) 
(867.6745000000001, 401.948) 
(870.616, 404.4725) 
(872.077, 412.161) 
(867.863, 418.96349999999995) 
(876.02, 418.49199999999996) 
(880.9279999999999, 420.953) 
(875.6785, 429.579) 
(882.5865, 424.9125) 
(883.6680000000001, 431.0875) 
(877.2120000000001, 436.1035) 
(885.7755000000001, 435.79449999999997) 
(887.0115000000001, 441.75350000000003) 
(880.5425, 447.1725) 
(889.5509999999999, 449.1035) 
(893.4515, 452.217) 
(885.192, 456.5115) 
(895.333, 456.5225) 
(896.8325, 461.3595) 
(892.5540000000001, 464.908) 
(898.983, 466.6735) 
(900.2125, 475.1805) 
(896.232, 479.173) 
(900.9225, 481.17150000000004) 
(898.7045, 488.04200000000003) 
(903.942, 483.345) 
(906.909, 489.3975) 
(908.7165, 495.498) 
(902.504, 498.13800000000003) 
(909.7735, 498.26099999999997) 
(911.2719999999999, 506.047) 
(904.951, 510.8035) 
(912.241, 512.0935000000001) 
(912.4585, 517.1645000000001) 
(906.8025, 524.942) 
(913.9214999999999, 522.9000000000001) 
(917.6975, 527.327) 
(918.0985000000001, 532.213) 
(909.682, 534.5725) 
(917.2155, 539.617) 
(909.8615, 542.3475000000001) 
(918.7055, 546.1945000000001) 
(918.7885, 549.983) 
(911.0295, 555.8634999999999) 
(919.177, 554.404) 
(921.8885, 560.3865000000001) 
(919.4490000000001, 567.113) 
(912.829, 568.4555) 
(916.5955, 573.769) 
(910.4675, 579.5455) 
(918.9125, 579.1715) 
(918.6885, 584.2139999999999) 
(916.318, 588.981) 
(923.114, 590.4035) 
(929.6949999999999, 594.3965000000001) 
(930.452, 597.761) 
(925.9765, 599.0215) 
(930.5889999999999, 599.4514999999999) 
(929.241, 605.3595) 
(923.6845000000001, 611.651) 
(928.5464999999999, 612.0965) 
(928.2919999999999, 619.4970000000001) 
(927.2524999999999, 626.026) 
(922.383, 626.082) 
(927.902, 631.2964999999999) 
(928.463, 636.8599999999999) 
(923.3565, 638.111) 
(929.438, 639.5439999999999) 
(927.475, 647.607) 
(921.204, 649.0855) 
(924.539, 654.271) 
(923.739, 656.076) 
(916.4435, 655.2655) 
(921.9085, 658.9225) 
(917.9275, 663.482) 
(914.4125, 665.9860000000001) 
(916.126, 671.1935000000001) 
(911.2825, 676.7339999999999) 
(917.7465, 676.616) 
(916.258, 681.3185) 
(911.2404999999999, 687.4369999999999) 
(906.1519999999999, 688.8605) 
(911.346, 693.396) 
(910.9159999999999, 700.567) 
(903.9014999999999, 700.522) 
(907.3879999999999, 705.841) 
(906.534, 709.212) 
(900.5085, 709.2379999999999) 
(904.8530000000001, 715.3595) 
(902.9095, 721.1475) 
(898.6575, 720.634) 
(900.942, 725.9645) 
(898.557, 731.2740000000001) 
(891.7280000000001, 730.1145) 
(896.0425, 735.4655) 
(892.6990000000001, 739.53) 
(886.3015, 737.3820000000001) 
(888.9300000000001, 745.875) 
(887.1875, 751.5385000000001) 
(882.465, 749.0050000000001) 
(885.4304999999999, 755.8315) 
(882.2065, 760.5160000000001) 
(875.9475, 760.2239999999999) 
(878.693, 766.3935) 
(875.5509999999999, 773.9639999999999) 
(870.941, 774.1825) 
(874.2370000000001, 777.6075000000001) 
(871.88, 781.6125000000001) 
(868.7829999999999, 784.533) 
(863.5709999999999, 779.443) 
(865.251, 786.443) 
(858.0015000000001, 786.7294999999999) 
(863.4259999999999, 793.9565) 
(859.982, 799.6385) 
(852.6365000000001, 796.155) 
(853.7855000000001, 802.1120000000001) 
(849.1490000000001, 806.2155) 
(844.2315000000001, 804.551) 
(845.637, 809.744) 
(844.7549999999999, 812.0585) 
(838.012, 811.172) 
(841.5629999999999, 817.7315) 
(835.207, 822.7105) 
(829.96, 820.4965) 
(829.6085, 826.64) 
(825.4545, 832.453) 
(819.79, 831.4404999999999) 
(823.1510000000001, 836.3530000000001) 
(820.284, 841.894) 
(815.4675, 845.3105) 
(810.0005000000001, 838.1614999999999) 
(811.039, 847.6334999999999) 
(803.966, 846.0429999999999) 
(808.0844999999999, 851.488) 
(802.2435, 855.552) 
(796.6715, 857.817) 
(793.5330000000001, 852.0595000000001) 
(792.791, 860.202) 
(788.6685, 862.7325) 
(785.2524999999999, 859.7895) 
(785.4739999999999, 866.1375) 
(782.2149999999999, 869.454) 
(776.6904999999999, 866.024) 
(777.0405, 874.3465) 
(769.7715000000001, 877.146) 
(766.6785, 870.977) 
(762.7715000000001, 877.338) 
(755.0260000000001, 877.4235) 
(758.4545, 880.687) 
(754.4175, 885.8105) 
(747.9245000000001, 884.6955) 
(750.3040000000001, 890.47) 
(746.9275, 893.181) 
(741.164, 894.3069999999999) 
(738.0465000000002, 888.2415) 
(736.3075, 894.5774999999999) 
(731.502, 895.573) 
(727.5695, 892.5409999999999) 
(725.409, 899.421) 
(721.468, 903.52) 
(718.242, 898.892) 
(717.127, 906.8354999999999) 
(710.883, 908.8394999999999) 
(706.9010000000001, 903.3945) 
(702.688, 909.9955) 
(696.403, 912.46) 
(694.816, 906.8969999999999) 
(693.8235, 915.2840000000001) 
(688.4395, 917.2985000000001) 
(683.5205000000001, 911.5045) 
(684.13, 917.239) 
(679.6105, 917.7864999999999) 
(675.76, 911.7685) 
(673.271, 918.83) 
(669.2555, 919.675) 
(668.0785000000001, 914.655) 
(665.318, 920.608) 
(658.342, 919.7305) 
(654.2094999999999, 915.9315) 
(651.5145, 920.4575) 
(642.6324999999999, 919.569) 
(648.489, 924.5319999999999) 
(641.8810000000001, 928.3979999999999) 
(633.3515, 929.112) 
(632.3115, 923.2005) 
(628.7535, 927.7275) 
(623.8965000000001, 927.3555) 
(619.3085, 921.935) 
(617.325, 928.287) 
(610.3520000000001, 929.2515000000001) 
(608.8230000000001, 924.248) 
(605.7125, 929.21) 
(602.7265, 929.9015) 
(599.0695000000001, 925.0830000000001) 
(598.6055, 931.485) 
(592.38, 931.678) 
(589.3415, 925.557) 
(585.5409999999999, 931.921) 
(579.172, 930.8944999999999) 
(576.5369999999999, 926.4234999999999) 
(572.3515, 930.7669999999999) 
(566.1524999999999, 931.275) 
(565.2225000000001, 924.518) 
(561.4945, 928.6925) 
(557.614, 927.1915) 
(556.1635000000001, 923.8705) 
(552.162, 929.4815000000001) 
(546.582, 930.415) 
(545.1095, 923.9195) 
(538.846, 928.7075) 
(532.056, 928.953) 
(533.03, 923.293) 
(520.024, 919.2695000000001) 
(529.873, 928.5325) 
(524.104, 925.21) 
(517.3785, 925.0345) 
(510.15950000000004, 924.1999999999999) 
(507.805, 916.5284999999999) 
(503.9285, 920.9559999999999) 
(497.66949999999997, 920.662) 
(493.081, 919.4525000000001) 
(495.66, 914.2565) 
(490.25350000000003, 916.8155) 
(486.71500000000003, 909.873) 
(482.9045, 916.133) 
(475.38, 916.833) 
(474.766, 910.3299999999999) 
(471.8375, 915.7895) 
(466.986, 913.6695) 
(462.6445, 911.223) 
(466.831, 905.8380000000001) 
(459.094, 906.98) 
(456.0955, 899.112) 
(451.8965, 905.5374999999999) 
(444.79200000000003, 906.1324999999999) 
(440.63800000000003, 902.4155000000001) 
(443.449, 896.767) 
(436.8355, 899.902) 
(433.214, 898.0405000000001) 
(434.274, 891.836) 
(427.7145, 895.732) 
(426.55499999999995, 888.0065) 
(415.8415, 880.311) 
(421.5465, 894.771) 
(417.6975, 888.1575) 
(413.4925, 881.649) 
(406.227, 880.284) 
(400.41949999999997, 877.9275) 
(402.59749999999997, 873.281) 
(395.844, 874.0025) 
(395.582, 866.307) 
(390.069, 870.4894999999999) 
(387.0625, 869.9300000000001) 
(384.7025, 867.587) 
(387.9665, 861.6635) 
(381.135, 863.268) 
(378.89, 856.527) 
(364.929, 850.2345) 
(367.8355, 847.5029999999999) 
(375.332, 861.586) 
(368.689, 856.493) 
(362.19550000000004, 849.121) 
(359.391, 848.281) 
(360.13800000000003, 840.6185) 
(354.76250000000005, 844.0640000000001) 
(350.231, 839.432) 
(355.396, 835.7125000000001) 
(344.7485, 828.24) 
(346.5355, 835.7280000000001) 
(342.69999999999993, 831.3235) 
(339.2915, 827.2645) 
(335.51300000000003, 823.2194999999999) 
(336.235, 818.54) 
(325.96299999999997, 810.758) 
(331.09950000000003, 821.78) 
(325.027, 817.4895000000001) 
(320.4175, 800.3634999999999) 
(318.358, 813.4650000000001) 
(315.889, 807.4785) 
(312.814, 791.249) 
(315.352, 800.11) 
(311.922, 796.7015) 
(306.35900000000004, 783.121) 
(305.65049999999997, 794.4995) 
(301.14300000000003, 789.1555000000001) 
(301.71450000000004, 783.6255) 
(300.797, 782.2574999999999) 
(302.826, 774.4085) 
(297.698, 767.0495000000001) 
(297.171, 778.4735000000001) 
(294.64599999999996, 772.139) 
(289.08349999999996, 756.046) 
(291.195, 766.8745) 
(286.6675, 762.6610000000001) 
(284.5235, 747.5654999999999) 
(282.91949999999997, 759.2785) 
(280.2175, 753.2284999999999) 
(278.8165, 735.2909999999999) 
(277.4405, 746.8265) 
(275.578, 740.9095) 
(272.145, 723.23) 
(272.645, 733.653) 
(267.478, 728.384) 
(267.57349999999997, 714.7194999999999) 
(266.36350000000004, 725.4445000000001) 
(263.93600000000004, 721.4415) 
(264.116, 706.5165) 
(261.058, 716.999) 
(259.96799999999996, 712.8205) 
(261.6925, 694.4465) 
(258.911, 708.6735) 
(257.7685, 702.095) 
(251.2855, 684.3965000000001) 
(258.1375, 684.7235000000001) 
(255.18750000000003, 695.5530000000001) 
(251.6835, 690.5045) 
(257.02349999999996, 675.8799999999999) 
(252.046, 680.2049999999999) 
(254.19600000000003, 661.737) 
(251.413, 677.1195) 
(251.125, 670.125) 
(240.1465, 652.2085) 
(246.613, 651.495) 
(249.84199999999998, 663.4414999999999) 
(244.2145, 657.8499999999999) 
(241.4735, 641.0145) 
(248.036, 640.9165) 
(240.21249999999998, 647.3969999999999) 
(241.769, 629.5419999999999) 
(246.9835, 627.856) 
(241.99849999999998, 634.626) 
(246.82100000000003, 617.0485) 
(242.296, 622.9659999999999) 
(238.7625, 609.972) 
(241.7715, 607.916) 
(240.4495, 614.0625) 
(244.6445, 595.9549999999999) 
(237.637, 607.4575) 
(237.9955, 600.2755) 
(236.8585, 587.6514999999999) 
(240.65949999999998, 585.4665) 
(238.284, 591.612) 
(237.35000000000002, 576.03) 
(243.757, 573.372) 
(236.3635, 586.1065) 
(235.7695, 581.8645) 
(237.179, 563.977) 
(242.9195, 564.982) 
(237.901, 569.296) 
(239.0905, 553.1445) 
(245.2735, 553.233) 
(237.711, 558.903) 
(242.453, 541.4939999999999) 
(246.67700000000002, 539.0219999999999) 
(240.29399999999998, 547.7545) 
(240.0175, 525.9200000000001) 
(243.287, 523.149) 
(247.482, 526.8135) 
(240.8725, 534.0585) 
(251.74649999999997, 515.3505) 
(245.9115, 519.9159999999999) 
(245.1525, 506.2965) 
(251.755, 504.55600000000004) 
(244.8325, 512.888) 
(246.498, 493.292) 
(254.08049999999997, 493.9505) 
(246.519, 499.8565) 
(249.736, 485.2305) 
(256.3025, 484.505) 
(249.096, 488.026) 
(253.58799999999997, 473.146) 
(259.45449999999994, 472.5305) 
(250.55149999999998, 479.914) 
(255.92, 461.41450000000003) 
(264.2635, 462.28150000000005) 
(255.08599999999998, 467.16550000000007) 
(261.579, 454.52099999999996) 
(268.558, 454.51649999999995) 
(258.262, 458.21450000000004) 
(267.4, 442.39) 
(274.3165, 442.01400000000007) 
(263.79150000000004, 448.336) 
(272.73749999999995, 429.60799999999995) 
(279.854, 429.80449999999996) 
(271.0635, 436.721) 
(279.221, 422.54949999999997) 
(286.61249999999995, 421.472) 
(275.1615, 425.95399999999995) 
(284.3915, 412.9005) 
(290.51, 411.48400000000004) 
(282.9915, 417.0) 
(288.0875, 401.471) 
(294.85299999999995, 403.188) 
(285.87, 406.935) 
(294.30049999999994, 391.966) 
(300.277, 393.845) 
(290.8795, 397.02250000000004) 
(301.66650000000004, 385.928) 
(307.673, 385.2275) 
(297.6465, 389.0405) 
(307.7255, 373.885) 
(314.40049999999997, 374.672) 
(305.0165, 379.83299999999997) 
(321.6, 364.87649999999996) 
(310.8175, 371.86750000000006) 
(314.6135, 366.39650000000006) 
(322.19350000000003, 356.675) 
(326.575, 353.081) 
(330.929, 356.15749999999997) 
(318.3195, 360.688) 
(333.942, 344.226) 
(339.3015, 346.90250000000003) 
(329.637, 348.8025) 
(337.34299999999996, 340.6395) 
(343.98949999999996, 339.9155) 
(342.785, 332.534) 
(349.24649999999997, 330.77750000000003) 
(353.38, 335.2145) 
(339.053, 336.67449999999997) 
(363.4575, 325.75800000000004) 
(355.123, 328.67150000000004) 
(361.107, 315.93050000000005) 
(369.2865, 318.34450000000004) 
(356.41150000000005, 320.653) 
(370.05550000000005, 309.474) 
(373.184, 305.4095) 
(376.8515, 309.96349999999995) 
(367.7695, 314.53200000000004) 
(379.0855, 303.995) 
(385.57550000000003, 307.3855) 
(384.6835, 301.2855) 
(388.89599999999996, 298.73900000000003) 
(393.00649999999996, 297.5615) 
(396.5145, 300.752) 
(405.0085, 291.6225) 
(397.9645, 293.779) 
(406.129, 284.7985) 
(411.0985, 282.201) 
(412.4115, 287.66700000000003) 
(402.22900000000004, 288.856) 
(416.5665, 281.23) 
(422.6395, 280.74) 
(424.604, 282.55850000000004) 
(434.462, 273.228) 
(437.5185, 278.58349999999996) 
(428.08399999999995, 276.736) 
(440.6345, 272.834) 
(446.5685, 273.594) 
(448.073, 263.923) 
(454.2365, 266.097) 
(444.535, 267.853) 
(452.5185, 261.011) 
(456.705, 258.531) 
(462.63149999999996, 259.444) 
(465.8165, 263.7835) 
(467.1245, 258.1245) 
(472.0095, 255.7355) 
(477.0155, 259.81550000000004) 
(478.789, 252.48250000000002) 
(484.26, 250.744) 
(486.17949999999996, 256.49) 
(491.17449999999997, 251.9015) 
(496.6595, 251.54699999999997) 
(498.1655, 254.488) 
(501.331, 248.176) 
(506.79650000000004, 245.49699999999999) 
(508.6745, 252.1255) 
(513.69, 246.62) 
(520.255, 249.3845) 
(519.892, 245.111) 
(524.154, 241.672) 
(530.467, 240.84199999999998) 
(531.4655, 246.82350000000002) 
(536.0275, 240.9815) 
(539.5515, 240.61450000000002) 
(541.8634999999999, 245.211) 
(545.0315, 238.51100000000002) 
(552.2065, 238.0645) 
(552.8045, 244.7985) 
(558.973, 239.8145) 
(563.94, 243.14849999999998) 
(564.0685000000001, 238.5235) 
(566.7365, 236.84050000000002) 
(571.9985, 238.013) 
(575.3675000000001, 243.019) 
(579.3125, 238.3015) 
(585.259, 239.04649999999998) 
(587.5035, 243.422) 
(598.8465, 236.37150000000003) 
(598.1295, 242.44050000000001) 
(591.6845000000001, 237.9155) 
(602.123, 238.2485) 
(605.1055, 240.475) 
(607.7370000000001, 244.5885) 
(612.095, 239.40949999999998) 
(618.5540000000001, 239.129) 
(620.347, 245.8195) 
(623.8330000000001, 240.5) 
(631.355, 239.7875) 
(631.76, 246.23) 
(635.8364999999999, 240.41750000000002) 
(638.9359999999999, 242.15300000000002) 
(641.5975000000001, 249.77249999999998) 
(646.0535, 244.039) 
(651.754, 245.1565) 
(652.1610000000001, 249.83499999999998) 
(656.5625, 246.0205) 
(661.721, 246.9275) 
(663.534, 252.04950000000002) 
(667.9625, 246.7435) 
(673.758, 247.781) 
(673.669, 255.38350000000003) 
(678.337, 250.3995) 
(683.9235, 254.591) 
(697.098, 254.016) 
(697.001, 260.54449999999997) 
(689.067, 256.0595) 
(702.7750000000001, 254.67199999999997) 
(704.3120000000001, 255.974) 
(704.2660000000001, 264.26800000000003) 
(708.946, 257.5025) 
(715.5705, 262.3465) 
(715.44, 271.01300000000003) 
(721.0409999999999, 266.6795) 
(726.3934999999999, 269.652) 
(728.0785, 277.62649999999996) 
(732.531, 272.68899999999996) 
(736.961, 273.997) 
(737.414, 280.9585) 
(739.8785, 275.7175) 
(744.6645, 279.349) 
(746.48, 285.155) 
(749.2384999999999, 282.298) 
(755.1215, 285.1055) 
(758.7795, 292.3105) 
(761.748, 286.903) 
(768.002, 288.229) 
(770.837, 295.53099999999995) 
(773.7884999999999, 290.431) 
(779.0045, 291.51099999999997) 
(781.0515, 298.3565) 
(778.012, 304.27250000000004) 
(785.8195000000001, 304.52750000000003) 
(792.7835, 306.42150000000004) 
(788.3045, 311.0425) 
(794.6185, 308.40250000000003) 
(796.3235, 310.7355) 
(794.069, 316.168) 
(802.316, 315.985) 
(808.0185, 320.2135) 
(805.8305, 322.908) 
(808.8415, 320.79449999999997) 
(812.678, 325.3675) 
(814.62, 333.04) 
(820.116, 328.80400000000003) 
(825.515, 331.976) 
(821.904, 338.18100000000004) 
(828.341, 337.00350000000003) 
(830.2180000000001, 342.23400000000004) 
(826.5445, 348.07500000000005) 
(833.3535, 347.97950000000003) 
(836.778, 350.34900000000005) 
(836.178, 354.776) 
(842.5815, 351.8285) 
(848.6145, 356.1925) 
(843.3739999999999, 360.68899999999996) 
(851.0749999999999, 361.991) 
(850.0185, 368.3425) 
(853.3969999999999, 364.16499999999996) 
(858.567, 369.4905) 
(862.8875, 376.45000000000005) 
(859.3475000000001, 379.64549999999997) 
(864.2615000000001, 379.651) 
(867.7425000000001, 385.5165) 
(864.197, 390.649) 
(871.068, 390.855) 
(870.4875000000001, 396.88) 
(873.798, 391.682) 
(878.0129999999999, 396.4425) 
(879.4985, 403.747) 
(875.412, 406.579) 
(881.7475, 409.469) 
(885.8299999999999, 414.45799999999997) 
(883.4375, 417.899) 
(888.2625, 416.6965) 
(890.5989999999999, 422.40049999999997) 
(887.4325, 427.5625) 
(893.5145, 430.05550000000005) 
(896.2545, 433.94050000000004) 
(892.28, 436.1545) 
(897.7909999999999, 437.05049999999994) 
(898.6875, 442.58099999999996) 
(895.716, 449.03499999999997) 
(902.4475, 448.4655) 
(905.0804999999999, 455.01300000000003) 
(900.2304999999999, 459.888) 
(905.742, 460.29949999999997) 
(909.5415, 465.389) 
(906.1804999999999, 470.2915) 
(911.5305000000001, 470.02099999999996) 
(912.27, 474.9675) 
(908.641, 481.556) 
(912.4455, 479.48699999999997) 
(916.488, 484.8355) 
(919.863, 490.7225) 
(914.0885000000001, 493.2155) 
(920.24, 496.24700000000007) 
(916.0735, 500.9175) 
(922.798, 502.82550000000003) 
(923.919, 507.34749999999997) 
(918.1635, 511.486) 
(924.895, 511.5134999999999) 
(926.115, 516.4300000000001) 
(920.8464999999999, 522.1380000000001) 
(926.6775, 521.4670000000001) 
(926.092, 527.1175) 
(922.1155, 530.9024999999999) 
(926.8019999999999, 533.3074999999999) 
(927.3595, 539.8715) 
(922.7094999999999, 545.8159999999999) 
(926.579, 544.953) 
(930.0535, 549.5319999999999) 
(932.098, 554.624) 
(925.9275, 555.79) 
(931.4625, 560.388) 
(930.084, 566.05) 
(926.0355, 565.8565000000001) 
(929.1299999999999, 573.0264999999999) 
(924.8605, 579.6855) 
(929.7155, 579.2494999999999) 
(929.4374999999999, 585.9935) 
(934.961, 591.9875) 
(942.06, 590.3425) 
(943.723, 595.7165) 
(940.883, 599.47) 
(934.778, 599.973) 
(941.2465, 607.1265) 
(942.1765, 615.0225) 
(935.0135, 614.606) 
(940.783, 618.516) 
(939.6295, 623.599) 
(932.885, 626.157) 
(939.7115, 629.4835) 
(934.793, 634.562) 
(941.457, 633.0155) 
(938.6614999999999, 638.441) 
(932.9725, 642.6714999999999) 
(936.5894999999999, 644.8485000000001) 
(934.6009999999999, 651.5155) 
(928.048, 656.0025) 
(931.9079999999999, 657.198) 
(932.237, 663.835) 
(930.126, 671.0925) 
(924.6125, 666.5015000000001) 
(926.6495, 674.8895) 
(921.585, 677.2925) 
(926.4455, 679.639) 
(927.2225000000001, 685.3575000000001) 
(925.0145, 690.4435000000001) 
(918.9105, 688.751) 
(922.154, 695.0525) 
(920.6444999999999, 698.6205) 
(917.5065, 698.278) 
(920.5895, 703.5825) 
(919.3620000000001, 709.5815) 
(912.751, 709.5509999999999) 
(917.4675, 714.7125000000001) 
(913.1379999999999, 720.0935) 
(906.7405, 721.0795) 
(910.5319999999999, 725.6345) 
(909.5319999999999, 732.2225) 
(903.7729999999999, 732.4845) 
(907.79, 737.183) 
(905.2639999999999, 741.963) 
(898.7325000000001, 741.456) 
(901.609, 747.8840000000001) 
(900.6325, 751.5245) 
(893.9870000000001, 751.4415) 
(898.941, 755.8195000000001) 
(892.712, 761.6115) 
(886.001, 761.5264999999999) 
(888.9935, 765.741) 
(889.74, 769.9639999999999) 
(883.2339999999999, 771.6270000000001) 
(889.306, 774.3695) 
(883.6915, 778.783) 
(876.3055, 779.6840000000001) 
(879.797, 784.3545) 
(877.8570000000001, 791.241) 
(871.6705, 789.364) 
(873.7745, 796.0005) 
(869.8405, 799.3720000000001) 
(865.5094999999999, 800.376) 
(866.2864999999999, 804.2635) 
(864.2929999999999, 809.6665) 
(857.3195000000001, 808.2524999999999) 
(861.9275, 812.7545) 
(857.6410000000001, 815.3485) 
(849.521, 814.375) 
(853.299, 820.9939999999999) 
(849.5754999999999, 826.7194999999999) 
(844.8405, 828.613) 
(841.165, 825.8765000000001) 
(841.5685000000001, 832.796) 
(833.735, 833.886) 
(839.8064999999999, 838.7225) 
(836.712, 842.46) 
(828.337, 841.5235) 
(832.6375, 848.1245) 
(827.227, 851.9035) 
(820.0844999999999, 848.5005) 
(821.9685, 854.046) 
(816.0844999999999, 857.0740000000001) 
(809.2715, 855.6015) 
(811.5749999999999, 861.383) 
(809.0565, 867.1980000000001) 
(803.7275, 868.2245) 
(799.2180000000001, 862.36) 
(798.1514999999999, 869.0535) 
(791.956, 866.9445000000001) 
(793.992, 874.6690000000001) 
(791.4755, 878.6685) 
(789.4424999999999, 879.1005) 
(785.9504999999999, 874.1975) 
(781.5395, 881.2045) 
(773.1675, 881.3455) 
(773.61, 885.931) 
(770.7235000000001, 890.6545000000001) 
(766.892, 892.928) 
(762.0654999999999, 887.354) 
(762.586, 894.5899999999999) 
(754.912, 893.6545000000001) 
(758.7105, 898.698) 
(753.185, 903.0015) 
(746.9975, 904.1) 
(744.5385, 899.323) 
(740.9205, 906.5269999999999) 
(735.8105, 909.583) 
(734.572, 902.6495) 
(732.895, 910.1110000000001) 
(726.094, 907.1345000000001) 
(729.274, 913.5685000000001) 
(721.903, 916.3) 
(714.4994999999999, 914.6220000000001) 
(713.1134999999999, 911.5925) 
(709.6985, 916.01) 
(701.386, 915.7255) 
(705.5944999999999, 921.333) 
(701.1389999999999, 924.605) 
(694.7719999999999, 923.0749999999999) 
(691.8679999999999, 919.3655) 
(688.1804999999999, 926.3219999999999) 
(681.52, 930.5935) 
(680.8979999999999, 923.5775) 
(677.0035, 929.255) 
(672.594, 924.7139999999999) 
(672.7815, 931.887) 
(667.712, 935.74) 
(662.885, 935.4455) 
(661.572, 927.8915) 
(656.879, 933.8945) 
(650.6235, 929.808) 
(651.7439999999999, 935.24) 
(645.5139999999999, 937.5935) 
(638.778, 937.5855) 
(636.2655, 933.822) 
(634.6110000000001, 938.826) 
(626.3595, 941.317) 
(623.416, 934.9285) 
(620.4995, 941.5955) 
(618.4585, 940.6335) 
(614.8035, 934.898) 
(611.37, 940.1755) 
(604.991, 935.462) 
(605.6044999999999, 941.828) 
(601.827, 943.2745) 
(596.3395, 941.23) 
(594.7900000000001, 936.048) 
(588.8685, 940.7685) 
(583.187, 942.4515) 
(582.2695, 937.9739999999999) 
(580.512, 942.889) 
(572.2239999999999, 942.249) 
(567.161, 937.2065) 
(565.4655, 941.3115) 
(561.0885000000001, 940.337) 
(558.126, 933.6495) 
(556.4590000000001, 938.9415) 
(551.7520000000001, 937.1025) 
(547.9670000000001, 934.1005) 
(544.7915, 937.6949999999999) 
(538.482, 938.8575) 
(533.9215, 933.5554999999999) 
(533.009, 939.264) 
(525.8240000000001, 938.8095) 
(520.743, 935.5915) 
(524.3555000000001, 931.6109999999999) 
(517.706, 932.789) 
(514.7909999999999, 929.7025) 
(510.9585, 933.568) 
(505.31350000000003, 935.1975) 
(502.922, 932.3265) 
(502.26, 926.0995) 
(495.3035, 930.309) 
(488.1035, 929.173) 
(490.4765, 923.7645) 
(484.36400000000003, 926.9704999999999) 
(479.6195, 921.976) 
(477.749, 927.6675) 
(471.981, 925.6405) 
(470.30899999999997, 918.9055) 
(459.698, 914.7895) 
(467.5505, 922.8595) 
(461.24649999999997, 921.0640000000001) 
(448.1395, 908.9555) 
(456.07349999999997, 918.546) 
(452.086, 916.256) 
(448.403, 911.6745000000001) 
(441.9175, 912.0595000000001) 
(435.83799999999997, 912.914) 
(438.637, 907.7305) 
(433.09799999999996, 908.0075) 
(432.02750000000003, 901.8165) 
(419.164, 896.6854999999999) 
(427.82550000000003, 905.6915000000001) 
(421.824, 903.75) 
(418.144, 899.481) 
(411.8605, 896.6365000000001) 
(408.8195, 888.5755) 
(398.5345, 881.5405000000001) 
(405.33050000000003, 895.1690000000001) 
(401.3115, 891.6310000000001) 
(397.108, 886.2940000000001) 
(393.9925, 884.5635) 
(390.1025, 877.4375) 
(382.884, 873.0805) 
(390.3005, 884.7260000000001) 
(384.77250000000004, 880.816) 
(370.404, 864.185) 
(378.33299999999997, 877.623) 
(372.9245, 875.136) 
(368.98, 868.8735) 
(363.53650000000005, 865.1460000000001) 
(361.8215, 857.4540000000001) 
(354.8385, 852.0415) 
(358.455, 864.3145) 
(355.34499999999997, 862.549) 
(351.3325, 858.1845000000001) 
(347.69050000000004, 844.174) 
(348.358, 854.567) 
(345.8385, 850.9165) 
(338.58, 836.5550000000001) 
(340.26, 846.428) 
(334.845, 842.513) 
(331.11350000000004, 838.9570000000001) 
(327.971, 835.4125) 
(332.02900000000005, 828.9515) 
(325.154, 829.6635) 
(324.7305, 823.7445) 
(313.74750000000006, 813.61) 
(320.40549999999996, 825.9845) 
(316.0915, 819.8744999999999) 
(308.5085, 802.1135) 
(311.4135, 813.7014999999999) 
(307.4395, 812.7004999999999) 
(304.965, 808.547) 
(300.1105, 794.5655) 
(302.058, 802.7500000000001) 
(299.9315, 797.404) 
(293.873, 785.165) 
(294.144, 793.419) 
(287.33500000000004, 789.5485) 
(288.807, 778.0395) 
(285.24199999999996, 785.7935) 
(283.802, 782.452) 
(283.6215, 769.0525) 
(281.5835, 778.23) 
(279.84900000000005, 774.5074999999999) 
(277.5985, 758.9960000000001) 
(277.78700000000003, 769.828) 
(275.51200000000006, 763.154) 
(272.292, 746.6469999999999) 
(272.13750000000005, 757.479) 
(269.60799999999995, 751.5319999999999) 
(265.668, 735.6505) 
(267.50199999999995, 745.485) 
(263.811, 741.7450000000001) 
(261.3275, 727.644) 
(260.2165, 739.2535) 
(256.9905, 734.1865) 
(256.901, 717.6955) 
(252.99900000000002, 728.5629999999999) 
(251.4505, 723.057) 
(246.6845, 706.4100000000001) 
(252.502, 707.2205) 
(249.6445, 716.192) 
(246.19400000000002, 709.9390000000001) 
(250.971, 696.6565) 
(247.84300000000002, 702.313) 
(245.95549999999997, 686.9365) 
(245.23149999999998, 696.0844999999999) 
(241.58149999999998, 690.8820000000001) 
(245.479, 676.0115000000001) 
(239.0995, 686.138) 
(238.2885, 679.8890000000001) 
(236.8, 668.5705) 
(242.70749999999998, 665.5939999999999) 
(238.2885, 672.3045) 
(233.446, 656.982) 
(236.907, 654.261) 
(235.04, 662.8969999999999) 
(234.9515, 642.6759999999999) 
(231.2335, 652.7294999999999) 
(229.212, 645.956) 
(232.127, 628.7) 
(236.993, 629.1415) 
(228.4135, 640.91) 
(229.261, 634.213) 
(230.90249999999997, 619.9950000000001) 
(234.839, 615.408) 
(231.789, 624.335) 
(225.00350000000003, 606.025) 
(231.662, 605.0464999999999) 
(227.055, 613.8720000000001) 
(226.607, 602.7165) 
(231.6375, 595.2225) 
(226.70999999999998, 586.7115) 
(232.062, 585.8415) 
(224.57649999999998, 599.2175) 
(224.07299999999998, 592.2090000000001) 
(225.64100000000002, 572.721) 
(231.83100000000002, 574.4185) 
(225.65050000000002, 580.2094999999999) 
(232.8345, 565.769) 
(228.56650000000002, 568.9915000000001) 
(233.2285, 553.682) 
(228.62349999999998, 566.577) 
(228.4855, 559.564) 
(235.86450000000002, 541.863) 
(228.517, 552.9010000000001) 
(229.9495, 546.472) 
(230.60000000000002, 530.5605) 
(233.979, 529.3125) 
(230.2505, 538.5920000000001) 
(229.5475, 534.0755) 
(231.77749999999997, 518.4505) 
(239.54250000000002, 519.635) 
(229.2715, 525.385) 
(236.1255, 512.363) 
(238.791, 508.849) 
(240.09550000000002, 496.4525) 
(235.6705, 508.012) 
(235.6085, 502.0555) 
(238.08, 482.11199999999997) 
(243.9155, 483.754) 
(236.11599999999999, 496.719) 
(236.857, 489.5435) 
(241.91250000000002, 471.95799999999997) 
(246.94, 473.403) 
(239.70350000000002, 476.99249999999995) 
(249.97050000000002, 462.1335) 
(252.1535, 462.56350000000003) 
(246.25500000000002, 466.9925) 
(252.344, 452.08050000000003) 
(256.697, 453.97299999999996) 
(250.1425, 457.471) 
(259.9295, 443.3935) 
(255.83300000000003, 446.8925) 
(259.08799999999997, 429.96399999999994) 
(265.022, 431.24449999999996) 
(256.1335, 441.75649999999996) 
(256.9395, 435.7025) 
(264.929, 419.43899999999996) 
(271.76300000000003, 421.97499999999997) 
(260.61199999999997, 425.05449999999996) 
(271.5105, 410.3085) 
(277.566, 411.80600000000004) 
(269.478, 414.928) 
(275.19149999999996, 401.574) 
(281.97, 401.3275) 
(272.26599999999996, 406.087) 
(282.41650000000004, 390.77750000000003) 
(287.76750000000004, 391.6505) 
(279.41099999999994, 396.006) 
(287.9545, 382.81449999999995) 
(294.62350000000004, 383.51300000000003) 
(284.44450000000006, 388.0265) 
(291.292, 378.6435) 
(294.7685, 375.58450000000005) 
(301.45000000000005, 374.359) 
(300.8845, 363.46750000000003) 
(307.6005, 366.71450000000004) 
(297.826, 369.09450000000004) 
(308.4, 355.43399999999997) 
(313.58250000000004, 357.679) 
(306.124, 358.761) 
(315.1305, 348.798) 
(323.4035, 350.203) 
(309.252, 352.726) 
(322.403, 337.8805) 
(328.5955, 340.4805) 
(320.273, 343.3245) 
(325.7445, 333.957) 
(329.103, 331.1215) 
(335.346, 333.336) 
(340.0245, 323.7285) 
(345.3275, 325.7995) 
(333.784, 327.847) 
(344.3565, 321.5895) 
(349.5215, 318.525) 
(354.5015, 316.37800000000004) 
(356.92449999999997, 308.11800000000005) 
(363.8385, 310.184) 
(354.25, 312.91350000000006) 
(365.35800000000006, 299.0565) 
(369.88800000000003, 301.908) 
(361.495, 303.2015) 
(367.61350000000004, 298.246) 
(372.236, 293.45550000000003) 
(381.0505, 294.47450000000003) 
(376.7815, 288.86899999999997) 
(382.19849999999997, 286.846) 
(389.00750000000005, 285.543) 
(391.43600000000004, 291.83050000000003) 
(394.01000000000005, 284.526) 
(399.845, 285.334) 
(402.1915, 275.202) 
(407.8835, 277.834) 
(398.21000000000004, 279.6445) 
(406.3505, 272.557) 
(412.2175, 269.89250000000004) 
(419.2185, 274.1985) 
(417.993, 267.499) 
(423.849, 265.1505) 
(429.4065, 263.9) 
(430.8985, 267.845) 
(432.9325, 260.972) 
(436.402, 258.03499999999997) 
(440.7195, 261.36400000000003) 
(439.88349999999997, 254.944) 
(447.12649999999996, 252.1145) 
(452.40799999999996, 255.6225) 
(453.56399999999996, 249.58299999999997) 
(457.57700000000006, 247.102) 
(459.521, 252.7935) 
(462.72, 246.77550000000002) 
(467.49699999999996, 250.8455) 
(466.706, 245.4565) 
(471.977, 243.94) 
(479.33899999999994, 245.2815) 
(482.1415, 248.2435) 
(486.81550000000004, 242.80200000000002) 
(493.9385, 244.754) 
(491.726, 238.079) 
(493.81550000000004, 237.03099999999998) 
(500.4085, 238.6485) 
(505.23100000000005, 242.9245) 
(507.798, 237.764) 
(513.37, 234.583) 
(518.2795, 239.1205) 
(517.8775, 232.9065) 
(523.2, 230.87349999999998) 
(527.281, 235.3945) 
(528.9475, 228.733) 
(534.3605, 229.45) 
(538.2545, 236.251) 
(540.875, 229.94549999999998) 
(547.5374999999999, 228.45549999999997) 
(550.3969999999999, 232.6575) 
(552.4975, 227.862) 
(556.652, 227.01) 
(561.9395000000001, 232.52800000000002) 
(562.2160000000001, 225.096) 
(569.36, 224.203) 
(573.7584999999999, 226.5235) 
(571.4114999999999, 231.72899999999998) 
(578.662, 229.0985) 
(583.3475000000001, 233.843) 
(586.21, 228.284) 
(591.6724999999999, 226.262) 
(595.2355, 230.69) 
(595.0245, 226.435) 
(601.907, 227.75650000000002) 
(605.3945, 233.8885) 
(609.3140000000001, 228.81) 
(613.842, 229.80149999999998) 
(616.912, 233.8145) 
(618.9939999999999, 230.55599999999998) 
(622.156, 229.868) 
(625.353, 234.4975) 
(627.8725, 229.5115) 
(635.0935000000001, 230.791) 
(637.0554999999999, 236.40699999999998) 
(640.2825, 231.275) 
(647.2635, 231.025) 
(651.154, 238.04299999999998) 
(653.4089999999999, 231.48149999999998) 
(658.9804999999999, 232.68) 
(661.5339999999999, 240.1055) 
(664.413, 234.257) 
(670.155, 236.111) 
(674.681, 238.6245) 
(673.8135, 242.106) 
(679.8230000000001, 238.816) 
(685.7805, 239.81900000000002) 
(684.3499999999999, 245.72750000000002) 
(688.452, 241.62850000000003) 
(690.792, 247.812) 
(692.2964999999999, 241.8435) 
(698.972, 245.743) 
(703.1445, 252.3675) 
(705.4209999999999, 247.7785) 
(711.766, 248.6535) 
(716.034, 252.3915) 
(714.1045, 255.3175) 
(721.4815000000001, 254.435) 
(727.5530000000001, 257.152) 
(725.6465000000001, 262.3675) 
(731.8534999999999, 258.41600000000005) 
(737.2439999999999, 261.986) 
(737.1745, 268.97450000000003) 
(743.7529999999999, 265.77049999999997) 
(749.7915, 267.291) 
(746.1305, 272.2155) 
(753.3209999999999, 269.576) 
(753.0095, 276.1875) 
(756.524, 270.4375) 
(761.4780000000001, 274.533) 
(764.59, 282.0805) 
(767.3105, 278.4185) 
(773.0235, 278.3905) 
(776.0895, 284.2545) 
(777.299, 278.55649999999997) 
(782.395, 281.2195) 
(786.9704999999999, 287.697) 
(784.7895, 292.29049999999995) 
(790.3375, 293.4315) 
(793.8989999999999, 295.5925) 
(793.1189999999999, 300.62249999999995) 
(799.091, 297.9025) 
(803.873, 302.693) 
(799.736, 307.394) 
(808.1714999999999, 307.1965) 
(810.424, 314.603) 
(814.16, 308.2505) 
(819.867, 309.3855) 
(824.245, 315.115) 
(816.9179999999999, 320.008) 
(825.6925, 321.17150000000004) 
(825.8395, 325.812) 
(829.3734999999999, 323.55600000000004) 
(835.2455, 325.448) 
(839.074, 330.5725) 
(834.6914999999999, 335.981) 
(840.981, 335.5055) 
(842.8465000000001, 338.4845) 
(839.6925000000001, 344.70550000000003) 
(846.9755, 343.8325) 
(851.0509999999999, 348.121) 
(849.5715, 350.47350000000006) 
(856.4705, 349.3435) 
(862.28, 354.39549999999997) 
(858.2845, 361.30199999999996) 
(864.4655, 359.344) 
(867.7535, 365.071) 
(866.2995, 372.3765) 
(871.0055, 370.22450000000003) 
(874.859, 374.35749999999996) 
(871.527, 379.7105) 
(878.8355, 379.4345) 
(880.5875, 383.996) 
(877.7094999999999, 389.3755) 
(883.8199999999999, 388.803) 
(889.319, 394.45399999999995) 
(890.938, 399.659) 
(885.7425, 401.07500000000005) 
(890.4014999999999, 401.31600000000003) 
(888.031, 407.401) 
(894.249, 406.40700000000004) 
(897.301, 413.8645) 
(893.5155, 417.097) 
(899.582, 419.45450000000005) 
(899.468, 427.3715) 
(903.1544999999999, 422.0425) 
(907.7565, 424.6745) 
(910.8145000000001, 432.85699999999997) 
(904.598, 438.63249999999994) 
(909.9984999999999, 438.5525) 
(912.3285, 443.34299999999996) 
(910.688, 449.3075) 
(915.3634999999999, 448.536) 
(916.4125, 452.5365) 
(912.3985, 458.5945) 
(918.951, 458.7365) 
(921.4855, 464.10749999999996) 
(916.922, 468.59749999999997) 
(922.454, 467.408) 
(923.702, 472.9035) 
(918.3455, 478.61249999999995) 
(925.2415000000001, 478.85249999999996) 
(926.9875, 484.09950000000003) 
(924.0174999999999, 489.161) 
(927.9314999999999, 488.3655) 
(929.3399999999999, 493.91200000000003) 
(927.433, 501.8715) 
(933.591, 500.39050000000003) 
(933.7775, 507.23600000000005) 
(928.5955, 512.883) 
(932.9925000000001, 513.8715) 
(936.4265, 517.8634999999999) 
(936.4675, 522.4424999999999) 
(931.3805, 523.4014999999999) 
(935.1475, 528.7455) 
(931.982, 534.405) 
(937.492, 534.5550000000001) 
(941.23, 539.7825) 
(942.1145, 544.5635) 
(934.539, 545.2635) 
(940.9505, 549.0864999999999) 
(936.4649999999999, 553.355) 
(941.3745, 555.077) 
(940.624, 560.885) 
(935.079, 564.9269999999999) 
(941.2465, 567.9234999999999) 
(943.729, 574.3665) 
(941.2585, 578.792) 
(934.3665, 579.6949999999999) 
(939.203, 583.9115) 
(948.1835, 590.569) 
(952.9205, 588.9005) 
(952.9114999999999, 596.095) 
(947.3175, 600.596) 
(952.1600000000001, 603.145) 
(952.8530000000001, 605.3115) 
(949.7470000000001, 610.165) 
(944.966, 613.608) 
(950.6955, 617.8765) 
(953.336, 624.2660000000001) 
(946.213, 623.491) 
(950.4905, 630.2584999999999) 
(948.2574999999999, 634.828) 
(944.549, 634.3425) 
(946.2384999999999, 641.1835) 
(941.5615, 646.6615) 
(945.8965000000001, 647.966) 
(947.261, 651.939) 
(945.4875, 657.3689999999999) 
(937.6685, 658.645) 
(943.2729999999999, 664.755) 
(942.9119999999999, 671.0364999999999) 
(937.1305, 671.1685) 
(942.462, 674.899) 
(941.7384999999999, 679.53) 
(934.269, 681.5645) 
(941.5989999999999, 685.1179999999999) 
(939.8755, 691.681) 
(937.231, 694.654) 
(931.9079999999999, 691.884) 
(934.2339999999999, 697.424) 
(926.1265, 699.2570000000001) 
(931.778, 705.172) 
(931.629, 710.601) 
(925.9225, 709.6479999999999) 
(930.9504999999999, 715.3879999999999) 
(927.4804999999999, 722.5350000000001) 
(920.558, 721.926) 
(923.9535, 727.758) 
(922.9110000000001, 730.744) 
(916.9095, 730.453) 
(919.338, 735.8520000000001) 
(915.7615000000001, 741.0725) 
(911.5909999999999, 740.634) 
(915.5185, 746.624) 
(913.2740000000001, 754.08) 
(905.6915000000001, 754.0110000000001) 
(910.548, 759.125) 
(907.99, 765.53) 
(905.0035, 769.569) 
(903.3435, 769.0260000000001) 
(899.782, 764.168) 
(896.0635, 768.2975) 
(902.6215, 775.0245) 
(897.2270000000001, 780.876) 
(891.6665, 779.1914999999999) 
(891.995, 786.2315000000001) 
(889.2130000000001, 791.5855) 
(884.99, 790.117) 
(887.7865, 794.631) 
(883.674, 798.9725000000001) 
(876.7950000000001, 799.2180000000001) 
(880.229, 803.8045) 
(876.925, 808.909) 
(869.9369999999999, 809.2139999999999) 
(874.3165, 812.9110000000001) 
(870.654, 818.2705) 
(863.9090000000001, 817.6614999999999) 
(866.652, 823.8275) 
(863.8480000000001, 827.8605) 
(856.7629999999999, 827.3399999999999) 
(860.438, 831.1495) 
(857.066, 835.5419999999999) 
(850.0965, 833.5229999999999) 
(853.26, 840.929) 
(849.082, 843.625) 
(845.0269999999999, 843.7665) 
(842.1869999999999, 842.087) 
(841.472, 850.1999999999999) 
(835.7025000000001, 855.4335) 
(832.3430000000001, 852.985) 
(829.8710000000001, 859.0899999999999) 
(825.1915, 863.8195000000001) 
(822.405, 859.857) 
(820.5755, 865.2270000000001) 
(814.8710000000001, 865.8620000000001) 
(818.117, 870.156) 
(815.2845, 875.634) 
(808.89, 877.2355) 
(805.908, 873.0935) 
(804.2135000000001, 878.3315) 
(802.357, 880.0840000000001) 
(797.6975, 879.091) 
(798.2225000000001, 886.6975) 
(792.373, 893.056) 
(789.7935, 892.242) 
(789.4209999999999, 885.461) 
(785.91, 892.0319999999999) 
(778.002, 890.398) 
(780.905, 899.5129999999999) 
(775.5125, 904.111) 
(770.044, 897.2485) 
(768.22, 905.1625) 
(762.5155, 907.7965) 
(759.198, 904.0115000000001) 
(757.7015, 910.249) 
(752.8645000000001, 913.3235) 
(749.671, 908.9225000000001) 
(747.4785, 916.318) 
(743.8115, 919.5035) 
(739.927, 914.535) 
(737.04, 922.0699999999999) 
(729.912, 924.692) 
(728.6475, 920.5055) 
(728.056, 925.754) 
(722.0215000000001, 926.7795) 
(716.4780000000001, 921.442) 
(716.346, 927.444) 
(712.2935, 927.832) 
(707.0529999999999, 925.564) 
(706.212, 931.7909999999999) 
(700.2205, 933.4215) 
(697.1775, 928.1205) 
(693.3425, 933.5525) 
(687.8785, 936.1205) 
(685.1220000000001, 933.9355) 
(684.4435, 938.3389999999999) 
(681.425, 941.296) 
(675.3295, 938.093) 
(664.9045000000001, 937.144) 
(677.3425, 945.245) 
(669.7294999999999, 942.982) 
(662.4325, 942.6525) 
(656.011, 947.9535000000001) 
(651.333, 942.182) 
(651.239, 948.5160000000001) 
(646.0640000000001, 947.6875) 
(641.072, 942.419) 
(639.7520000000001, 948.5835) 
(635.1925, 951.1) 
(632.3455, 946.1759999999999) 
(631.0605, 952.235) 
(626.249, 952.9125) 
(621.5305000000001, 950.5525) 
(620.2305000000001, 945.1175000000001) 
(614.191, 949.9675) 
(606.6535, 947.136) 
(607.5735, 952.7624999999999) 
(602.7094999999999, 954.8689999999999) 
(596.8295, 953.191) 
(596.867, 947.223) 
(591.152, 950.1705) 
(585.456, 946.16) 
(585.5205000000001, 953.7465) 
(579.0905, 956.103) 
(576.351, 948.954) 
(573.2345, 954.7035) 
(567.8934999999999, 952.4405) 
(564.2515000000001, 945.7535) 
(561.477, 951.6460000000001) 
(554.7750000000001, 952.1405) 
(552.9200000000001, 944.8525) 
(550.0835, 950.7755) 
(546.4625, 950.203) 
(542.3385000000001, 944.8725) 
(542.4894999999999, 950.1675) 
(535.0609999999999, 949.27) 
(529.437, 944.3815) 
(527.5775000000001, 948.2885) 
(522.3465, 946.989) 
(519.323, 940.9335) 
(515.653, 946.091) 
(513.0295, 946.823) 
(510.6425, 944.7149999999999) 
(507.93850000000003, 939.4200000000001) 
(498.95950000000005, 936.9235000000001) 
(502.9920000000001, 944.8235) 
(495.7495, 943.2095) 
(491.22249999999997, 938.206) 
(488.2215, 933.5799999999999) 
(474.2255, 930.824) 
(486.15250000000003, 938.268) 
(481.3905, 939.2315) 
(476.1965, 935.4975) 
(469.635, 933.3005) 
(463.62399999999997, 932.788) 
(463.784, 927.5305000000001) 
(454.693, 921.1785) 
(460.1345, 931.0540000000001) 
(456.2165, 927.22) 
(448.74750000000006, 925.0095) 
(442.08, 924.0115) 
(444.68149999999997, 917.5745) 
(438.5165, 920.4) 
(435.58200000000005, 918.378) 
(435.2615, 915.9375) 
(429.8065, 917.3105) 
(424.736, 916.97) 
(424.9855, 911.7750000000001) 
(419.7415, 915.0035) 
(413.4685, 911.545) 
(415.1765, 905.2905) 
(409.2395, 909.8265) 
(403.4515, 906.5445) 
(402.7145, 899.298) 
(393.94599999999997, 892.538) 
(400.1895, 903.341) 
(395.04949999999997, 900.253) 
(388.94949999999994, 897.0285) 
(386.33, 893.9755) 
(387.05949999999996, 887.9825000000001) 
(375.113, 881.027) 
(381.26649999999995, 890.3199999999999) 
(375.7595, 886.5575) 
(360.00750000000005, 878.6465000000001) 
(364.781, 875.1210000000001) 
(371.3455, 884.1959999999999) 
(364.3835, 881.8305) 
(357.837, 876.0865000000001) 
(356.95449999999994, 869.0075) 
(349.3615, 863.296) 
(353.03049999999996, 874.2965) 
(348.3105, 870.4159999999999) 
(342.5435, 855.8554999999999) 
(343.1725, 866.3295) 
(339.32899999999995, 862.5065) 
(333.797, 847.1389999999999) 
(336.1425, 857.4024999999999) 
(332.97450000000003, 853.1745) 
(325.1345, 838.5855) 
(328.509, 849.5944999999999) 
(323.578, 844.597) 
(315.8555, 829.259) 
(320.205, 839.4865) 
(315.6065, 835.8205) 
(310.5405, 832.144) 
(306.861, 829.0364999999999) 
(307.49800000000005, 819.9784999999999) 
(300.529, 813.61) 
(302.392, 825.1055) 
(297.16949999999997, 819.7635) 
(289.12649999999996, 805.9915000000001) 
(294.5865, 802.74) 
(294.5695, 815.444) 
(291.3665, 810.9625000000001) 
(287.0115, 795.0005) 
(287.50649999999996, 801.6455) 
(280.327, 787.3785) 
(281.67049999999995, 798.1895) 
(277.07899999999995, 794.3225) 
(275.519, 777.1165) 
(275.39599999999996, 789.908) 
(272.8065, 783.868) 
(263.0385, 769.2529999999999) 
(269.51, 767.5764999999999) 
(270.1415, 778.0550000000001) 
(265.77, 774.0915) 
(266.44550000000004, 756.9715) 
(263.773, 763.4259999999999) 
(259.0845, 747.6645000000001) 
(261.814, 757.656) 
(256.55899999999997, 754.396) 
(254.54950000000002, 739.621) 
(252.4355, 751.6705) 
(251.49500000000003, 746.1184999999999) 
(247.98800000000003, 727.7925) 
(248.75900000000001, 727.386) 
(250.872, 740.2919999999999) 
(248.96699999999998, 733.8240000000001) 
(243.1495, 715.7785) 
(244.2905, 722.9065) 
(235.1475, 706.571) 
(241.4365, 705.213) 
(238.676, 718.2835) 
(235.4315, 713.802) 
(238.05, 697.253) 
(235.4135, 702.2845000000001) 
(233.82750000000001, 685.091) 
(232.61200000000002, 699.5345) 
(230.87150000000003, 692.1165) 
(225.548, 674.2215) 
(231.33200000000002, 671.0364999999999) 
(230.949, 685.7415) 
(227.94349999999997, 680.6410000000001) 
(228.995, 659.0024999999999) 
(224.065, 669.685) 
(223.488, 663.3245) 
(224.881, 649.8645) 
(222.545, 657.8475000000001) 
(220.6435, 652.962) 
(223.77100000000002, 639.5595) 
(218.9835, 647.4760000000001) 
(218.67200000000003, 642.2170000000001) 
(217.92399999999998, 629.8435) 
(225.253, 628.4784999999999) 
(218.639, 635.8605) 
(218.17000000000002, 621.6015) 
(224.6265, 619.8605) 
(218.45850000000002, 625.8545) 
(215.53449999999998, 612.019) 
(219.32999999999998, 610.0609999999999) 
(216.9835, 615.6955) 
(212.1895, 598.552) 
(218.029, 596.2650000000001) 
(213.3765, 606.701) 
(221.596, 586.398) 
(213.14800000000002, 595.5525) 
(215.501, 590.3555000000001) 
(215.76600000000002, 576.939) 
(220.6085, 574.679) 
(215.69400000000002, 582.156) 
(217.56150000000002, 564.009) 
(223.75549999999998, 563.912) 
(216.9445, 570.5475) 
(218.78750000000002, 553.5805) 
(223.8065, 552.373) 
(218.76800000000003, 558.4565) 
(225.14999999999998, 538.4885) 
(217.84099999999998, 549.171) 
(218.88349999999997, 543.1665) 
(217.423, 529.7905000000001) 
(224.4815, 529.804) 
(218.74599999999998, 535.5585000000001) 
(222.0935, 521.7045) 
(226.46249999999998, 520.077) 
(218.784, 526.256) 
(229.7495, 508.269) 
(224.1725, 516.5195) 
(223.68200000000002, 511.41999999999996) 
(233.47699999999998, 496.0025) 
(222.4495, 506.016) 
(225.6695, 499.086) 
(228.7865, 482.24) 
(234.306, 481.93049999999994) 
(228.32799999999997, 492.1805) 
(226.18849999999998, 486.031) 
(232.92650000000003, 467.9635) 
(237.7555, 469.3675) 
(231.1005, 475.407) 
(236.6105, 458.64700000000005) 
(244.028, 459.953) 
(234.6805, 463.096) 
(246.5615, 451.05) 
(240.88649999999998, 453.4665) 
(245.392, 443.5105) 
(251.519, 441.0245) 
(243.20399999999998, 447.6065) 
(245.93200000000002, 426.863) 
(252.944, 428.35249999999996) 
(246.66450000000003, 439.05850000000004) 
(245.073, 432.247) 
(253.56400000000002, 417.8175) 
(258.8425, 418.4355) 
(249.1895, 422.82500000000005) 
(256.59799999999996, 410.5345) 
(264.06949999999995, 410.755) 
(255.92000000000002, 413.70399999999995) 
(265.9915, 399.193) 
(269.51599999999996, 401.2045) 
(261.30049999999994, 404.52200000000005) 
(271.90700000000004, 387.386) 
(276.515, 389.5485) 
(269.1275, 393.47400000000005) 
(276.23850000000004, 379.7925) 
(280.762, 383.075) 
(274.0195, 383.515) 
(284.277, 373.04650000000004) 
(287.873, 375.57950000000005) 
(280.50350000000003, 376.371) 
(290.27649999999994, 362.77199999999993) 
(294.7285, 363.4175) 
(286.4785, 368.44399999999996) 
(292.345, 351.4285) 
(300.56399999999996, 353.5345) 
(291.74899999999997, 356.60499999999996) 
(306.0665, 342.60799999999995) 
(308.4915, 346.3645) 
(298.991, 347.06999999999994) 
(307.64650000000006, 341.89649999999995) 
(310.68300000000005, 339.83050000000003) 
(316.6705, 338.82500000000005) 
(317.5385, 325.4335) 
(324.197, 327.942) 
(313.3535, 332.39300000000003) 
(322.3365, 322.73249999999996) 
(325.8855, 319.281) 
(332.427, 321.216) 
(330.01, 315.717) 
(335.0645, 312.932) 
(341.8135, 316.292) 
(344.973, 306.106) 
(351.77750000000003, 307.05550000000005) 
(339.7375, 309.731) 
(352.76800000000003, 298.938) 
(359.1105, 298.2355) 
(350.00550000000004, 302.8415) 
(358.8055, 289.8515) 
(365.65, 294.2825) 
(354.52149999999995, 292.994) 
(369.5425, 281.99699999999996) 
(374.8855, 285.3135) 
(364.85249999999996, 286.3795) 
(380.5345, 274.78999999999996) 
(386.853, 279.006) 
(373.9815, 279.09749999999997) 
(386.3035, 272.92449999999997) 
(389.174, 272.28999999999996) 
(395.318, 274.187) 
(399.12750000000005, 262.3905) 
(404.808, 266.43) 
(393.7965, 267.5025) 
(402.71950000000004, 261.214) 
(407.87, 258.31100000000004) 
(413.293, 255.9925) 
(416.23, 261.259) 
(416.74750000000006, 253.7565) 
(424.3665, 257.648) 
(420.96750000000003, 249.382) 
(426.856, 249.277) 
(433.781, 254.615) 
(437.267, 242.55249999999998) 
(441.765, 241.1985) 
(443.0025, 246.9205) 
(432.725, 247.9355) 
(447.345, 240.78300000000002) 
(453.822, 243.194) 
(452.421, 237.742) 
(458.7475, 235.3475) 
(465.79449999999997, 239.78250000000003) 
(464.6975, 234.2045) 
(470.32849999999996, 232.663) 
(476.8655, 232.72) 
(477.417, 238.41899999999998) 
(481.161, 232.82999999999998) 
(487.99350000000004, 234.96949999999998) 
(491.19550000000004, 227.19) 
(498.0, 225.57549999999998) 
(497.2585, 231.1205) 
(484.632, 230.6735) 
(502.457, 225.80599999999998) 
(508.46500000000003, 229.85999999999999) 
(507.986, 223.26549999999997) 
(512.8979999999999, 219.909) 
(516.346, 218.8575) 
(518.1325, 224.9675) 
(522.3620000000001, 219.1035) 
(529.6555000000001, 221.2595) 
(531.1735000000001, 224.983) 
(536.1545000000001, 221.53) 
(542.6614999999999, 223.6985) 
(542.3775, 217.867) 
(547.7505, 216.4195) 
(552.9945, 221.6575) 
(552.4335, 216.24099999999999) 
(557.49, 213.644) 
(563.144, 212.88299999999998) 
(564.772, 218.36849999999998) 
(570.302, 214.24099999999999) 
(577.2065, 214.8665) 
(575.7935, 220.565) 
(581.4675, 214.574) 
(586.9805, 219.71800000000002) 
(584.9225, 213.64600000000002) 
(591.3835, 212.466) 
(600.1635000000001, 213.445) 
(599.21, 220.724) 
(603.532, 215.506) 
(607.0165, 217.3055) 
(610.1015, 223.577) 
(613.1714999999999, 217.572) 
(619.5554999999999, 218.02349999999998) 
(621.6375, 224.783) 
(626.6590000000001, 218.3625) 
(631.6960000000001, 222.829) 
(631.263, 216.36) 
(636.8675, 216.6595) 
(642.8264999999999, 218.156) 
(643.106, 224.4045) 
(647.7065, 218.678) 
(654.194, 221.176) 
(655.7389999999999, 227.359) 
(659.3029999999999, 222.3) 
(665.2375, 223.572) 
(667.106, 230.208) 
(671.8799999999999, 224.39) 
(676.3115, 222.95850000000002) 
(675.7674999999999, 230.9595) 
(680.6, 224.39800000000002) 
(685.248, 227.8855) 
(685.5575, 234.6385) 
(691.2660000000001, 229.675) 
(697.941, 232.4715) 
(697.1885, 238.792) 
(701.877, 236.14249999999998) 
(706.623, 238.438) 
(708.3834999999999, 243.123) 
(712.0830000000001, 240.23899999999998) 
(717.337, 241.481) 
(717.9245, 247.5565) 
(722.6284999999999, 243.24) 
(726.3805, 244.32250000000002) 
(727.124, 250.6825) 
(731.2505, 245.78050000000002) 
(737.413, 250.0625) 
(737.587, 256.2285) 
(742.5915, 253.5085) 
(746.8125, 254.0285) 
(748.317, 260.533) 
(753.188, 254.5485) 
(759.4255, 259.984) 
(758.982, 268.092) 
(765.0765, 264.7365) 
(770.6279999999999, 263.81949999999995) 
(770.366, 271.06049999999993) 
(773.9549999999999, 263.96349999999995) 
(777.7570000000001, 269.1015) 
(778.4435000000001, 276.36449999999996) 
(782.9884999999999, 273.18999999999994) 
(789.0574999999999, 274.6035) 
(791.2825, 279.1595) 
(789.165, 282.601) 
(796.2339999999999, 282.6925) 
(801.534, 286.053) 
(797.832, 291.696) 
(804.8735, 289.92650000000003) 
(808.7475, 293.741) 
(806.898, 297.8205) 
(812.636, 297.1935) 
(815.5995, 303.12) 
(815.857, 298.824) 
(822.464, 299.933) 
(828.321, 305.1885) 
(825.9815000000001, 310.345) 
(832.031, 310.326) 
(836.523, 311.68449999999996) 
(834.1185, 317.777) 
(840.4345000000001, 314.525) 
(844.3565000000001, 319.889) 
(841.7149999999999, 325.01599999999996) 
(849.955, 324.46450000000004) 
(855.0070000000001, 329.999) 
(848.674, 335.48350000000005) 
(855.3489999999999, 334.86) 
(853.538, 341.9135) 
(859.396, 337.598) 
(863.9575, 342.574) 
(863.519, 348.11199999999997) 
(867.1345, 345.9235) 
(871.5844999999999, 348.475) 
(873.9575, 354.36400000000003) 
(870.005, 358.97900000000004) 
(877.9805, 359.873) 
(882.0564999999999, 362.8935) 
(877.333, 367.153) 
(884.9195, 368.921) 
(884.269, 377.379) 
(888.201, 374.0995) 
(892.1724999999999, 376.0575) 
(893.8805, 382.2505) 
(889.5315, 388.4085) 
(895.806, 388.287) 
(899.9735000000001, 393.4265) 
(895.894, 397.7) 
(900.781, 397.007) 
(902.6265000000001, 401.837) 
(901.011, 408.674) 
(907.6435, 408.02) 
(911.1185, 410.961) 
(907.3025, 417.1735) 
(914.5150000000001, 416.3405) 
(918.1905, 422.843) 
(915.0445000000001, 426.33950000000004) 
(919.846, 426.0555) 
(921.5525, 431.203) 
(915.935, 437.1825) 
(923.2505, 437.42) 
(923.5335, 443.0385) 
(919.2529999999999, 447.994) 
(924.6845, 447.99750000000006) 
(928.95, 452.546) 
(926.057, 458.74249999999995) 
(933.8295, 457.012) 
(934.7325000000001, 462.975) 
(927.9285, 468.006) 
(934.0345, 470.091) 
(935.6665, 473.1945) 
(931.1, 477.05850000000004) 
(938.9665, 476.91200000000003) 
(941.1375, 483.13800000000003) 
(934.215, 487.5505) 
(941.1655, 487.891) 
(941.1374999999999, 495.36150000000004) 
(938.438, 501.4995) 
(940.415, 501.7465) 
(941.683, 505.3565) 
(938.921, 511.745) 
(945.0025, 510.1885) 
(947.127, 516.818) 
(942.298, 521.4639999999999) 
(947.833, 523.009) 
(948.6985, 526.512) 
(944.2965, 532.2660000000001) 
(951.5545, 531.5635) 
(952.6034999999999, 538.9225) 
(950.216, 544.1165000000001) 
(946.1005, 544.274) 
(952.2455, 551.033) 
(954.5205000000001, 557.863) 
(948.399, 557.644) 
(954.165, 561.197) 
(948.9504999999999, 567.6855) 
(955.4615000000001, 566.0905) 
(954.7105, 573.042) 
(950.71, 579.0745) 
(946.2395, 578.804) 
(950.3075, 584.15) 
(960.119, 589.8795) 
(967.1990000000001, 591.6115) 
(960.3825, 598.329) 
(969.3165, 593.853) 
(967.48, 603.683) 
(958.848, 609.8235) 
(965.958, 616.172) 
(967.2825, 619.816) 
(961.121, 621.1790000000001) 
(966.903, 629.9780000000001) 
(965.525, 639.8545) 
(956.8975, 637.048) 
(955.452, 644.2745) 
(967.241, 640.7860000000001) 
(964.4, 649.8620000000001) 
(954.4929999999999, 656.595) 
(961.9615, 660.672) 
(961.413, 665.9894999999999) 
(951.73, 669.2985) 
(959.71, 674.687) 
(951.153, 679.0640000000001) 
(961.6555000000001, 684.9505) 
(958.9205, 690.874) 
(948.2784999999999, 690.5755) 
(949.9445, 700.358) 
(945.6595, 708.2974999999999) 
(945.2, 708.1814999999999) 
(941.082, 701.3475000000001) 
(938.55, 709.1015) 
(943.502, 716.277) 
(936.1735, 721.984) 
(943.586, 728.6425) 
(940.2225, 735.491) 
(929.283, 734.0555) 
(933.2784999999999, 741.9615) 
(924.2545, 743.19) 
(931.5605, 749.8075) 
(923.749, 752.561) 
(931.835, 754.5805) 
(928.5115, 761.6569999999999) 
(917.6995, 764.6824999999999) 
(924.8425, 770.1234999999999) 
(921.0074999999999, 775.204) 
(911.1065000000001, 773.7080000000001) 
(914.8085, 785.466) 
(912.4705, 792.9845) 
(906.3865000000001, 786.682) 
(908.9765, 794.693) 
(897.826, 793.7525) 
(900.8475000000001, 803.117) 
(891.599, 803.5070000000001) 
(895.826, 811.893) 
(893.6295, 814.5705) 
(885.9575, 811.0165) 
(887.2595, 818.831) 
(878.9545, 818.6685) 
(881.2315, 826.6375) 
(873.319, 828.3820000000001) 
(879.824, 831.6115) 
(873.9334999999999, 837.53) 
(864.0184999999999, 837.5895) 
(866.3685, 846.787) 
(863.3245, 851.399) 
(857.1685, 847.5885000000001) 
(857.0799999999999, 858.6285) 
(850.0554999999999, 865.1255) 
(846.6179999999999, 854.3885) 
(847.0899999999999, 864.9105) 
(842.473, 860.8834999999999) 
(840.91, 869.1845) 
(831.0515, 868.7524999999999) 
(834.333, 876.079) 
(830.1185, 879.0055) 
(822.787, 876.3195000000001) 
(822.185, 883.081) 
(814.6824999999999, 882.3955000000001) 
(816.6149999999999, 889.39) 
(812.2199999999999, 892.432) 
(805.611, 886.5335) 
(806.2249999999999, 895.4939999999999) 
(799.0125, 895.645) 
(803.5585, 904.615) 
(795.733, 909.121) 
(789.296, 899.909) 
(784.4825000000001, 908.227) 
(779.975, 908.0409999999999) 
(779.4645, 913.4875) 
(773.646, 918.3275000000001) 
(766.864, 913.9325) 
(766.3299999999999, 921.518) 
(759.162, 918.7729999999999) 
(761.6320000000001, 927.7524999999999) 
(753.8185000000001, 929.327) 
(745.9625000000001, 923.342) 
(744.0605, 930.0529999999999) 
(735.4365, 928.9064999999999) 
(738.4645, 938.557) 
(732.4195, 941.3405) 
(727.5355, 932.752) 
(721.8924999999999, 939.9935) 
(715.5364999999999, 934.792) 
(713.1935, 944.2470000000001) 
(708.5464999999999, 946.861) 
(704.808, 941.365) 
(703.0465, 947.9235) 
(694.7015000000001, 942.8225) 
(697.8475, 951.379) 
(692.4905, 952.9205) 
(685.9095, 946.5825) 
(681.7925, 954.4175) 
(674.5155, 952.616) 
(672.587, 959.17) 
(668.611, 960.664) 
(663.2425, 953.7805000000001) 
(657.418, 960.024) 
(649.3595, 954.877) 
(647.1334999999999, 961.5465) 
(641.874, 956.7615000000001) 
(644.6925, 965.2280000000001) 
(639.1395, 967.281) 
(632.1890000000001, 959.9495) 
(628.923, 969.078) 
(620.0535, 969.5045) 
(620.0445, 960.0305) 
(615.2545, 967.4949999999999) 
(610.123, 960.8119999999999) 
(607.489, 971.044) 
(597.811, 970.5699999999999) 
(596.3025, 961.079) 
(589.9465, 965.867) 
(584.8420000000001, 961.5550000000001) 
(581.5875000000001, 968.3425) 
(573.631, 968.5174999999999) 
(571.0294999999999, 960.3305) 
(564.5305, 965.5025) 
(559.2015, 959.5025) 
(556.6305, 967.6875) 
(552.0165, 969.0485000000001) 
(549.896, 959.4985) 
(543.0364999999999, 967.1305) 
(539.0685, 958.4024999999999) 
(534.6855, 966.74) 
(530.022, 965.2935) 
(526.9215, 955.9744999999999) 
(522.3235, 962.8729999999999) 
(515.6965, 954.7725) 
(512.0820000000001, 965.481) 
(503.7025, 962.7239999999999) 
(506.7455, 951.8625) 
(498.5175, 955.3215) 
(496.57950000000005, 950.2375) 
(491.70550000000003, 954.435) 
(485.90049999999997, 953.5909999999999) 
(484.297, 945.778) 
(474.7685, 951.534) 
(465.3545, 950.6705) 
(472.07149999999996, 944.49) 
(465.51, 942.293) 
(464.58899999999994, 951.7004999999999) 
(455.21299999999997, 947.886) 
(446.29449999999997, 943.204) 
(452.3365, 936.9069999999999) 
(444.081, 940.5055) 
(442.75250000000005, 932.3330000000001) 
(434.85749999999996, 937.017) 
(432.08050000000003, 927.5965) 
(424.847, 936.1705) 
(420.9385, 933.538) 
(422.3965, 923.8965000000001) 
(415.04650000000004, 927.7565) 
(412.5165, 919.0595) 
(405.5505, 924.3509999999999) 
(403.677, 916.806) 
(394.75700000000006, 908.013) 
(399.91949999999997, 924.294) 
(394.2615, 918.7045) 
(385.772, 911.974) 
(380.73249999999996, 909.3185000000001) 
(383.6175, 902.133) 
(375.8195, 905.4155000000001) 
(374.82849999999996, 896.567) 
(367.956, 903.482) 
(362.432, 900.2145) 
(364.8905, 890.938) 
(356.8625, 893.916) 
(356.3555, 884.8085000000001) 
(347.0405, 877.361) 
(348.55100000000004, 890.318) 
(344.067, 884.769) 
(340.05949999999996, 876.2585) 
(338.251, 869.769) 
(328.32849999999996, 860.473) 
(331.3585, 872.818) 
(324.6225, 868.626) 
(319.3985, 861.677) 
(320.32550000000003, 854.201) 
(313.374, 858.3595) 
(310.211, 855.3520000000001) 
(313.7895, 846.0830000000001) 
(303.39700000000005, 846.8979999999999) 
(302.5855, 836.3344999999999) 
(294.3935, 840.6084999999999) 
(290.5975, 837.113) 
(294.32050000000004, 828.908) 
(286.682, 829.1610000000001) 
(288.7355, 819.9145) 
(282.10799999999995, 808.8870000000001) 
(279.205, 822.973) 
(274.98499999999996, 816.325) 
(273.4455, 807.9180000000001) 
(274.628, 801.5665) 
(269.48349999999994, 790.4929999999999) 
(267.6305, 802.8900000000001) 
(264.169, 796.231) 
(263.8275, 789.3405) 
(265.935, 782.6935000000001) 
(256.5075, 771.818) 
(255.40300000000002, 784.6435) 
(249.1315, 777.7094999999999) 
(249.32799999999997, 771.3115) 
(253.9, 762.9765) 
(246.37550000000002, 753.7004999999999) 
(244.5395, 764.595) 
(241.13850000000002, 758.0445) 
(231.776, 741.1085) 
(241.175, 739.923) 
(236.3535, 749.0595000000001) 
(240.55200000000002, 731.3745000000001) 
(232.76, 737.4735000000001) 
(233.4015, 721.604) 
(231.58, 729.8090000000001) 
(226.98900000000003, 711.02) 
(224.5825, 721.9655) 
(219.6035, 715.9825000000001) 
(223.83950000000002, 700.061) 
(218.48250000000002, 707.26) 
(222.93949999999998, 687.897) 
(215.935, 700.8294999999999) 
(214.95749999999998, 695.0405000000001) 
(217.86899999999997, 678.469) 
(212.865, 685.725) 
(217.029, 666.29) 
(208.92649999999998, 680.169) 
(209.5695, 672.5264999999999) 
(214.79, 657.2855000000001) 
(210.69, 662.5345) 
(211.50850000000003, 645.4225) 
(206.45350000000002, 656.4685000000001) 
(204.832, 650.0915) 
(201.6905, 634.0645) 
(209.33249999999998, 632.8679999999999) 
(203.83350000000002, 640.2624999999999) 
(210.992, 624.5240000000001) 
(202.98999999999998, 629.502) 
(209.464, 613.999) 
(203.77349999999998, 620.528) 
(205.01, 602.15) 
(198.9115, 612.9839999999999) 
(196.6155, 606.453) 
(199.469, 585.8935) 
(206.357, 590.6375) 
(199.08049999999997, 594.4065) 
(208.926, 579.3064999999999) 
(201.993, 582.6895) 
(208.7375, 565.527) 
(203.002, 572.1700000000001) 
(209.6395, 558.5754999999999) 
(201.08350000000002, 563.934) 
(200.779, 562.5350000000001) 
(209.5525, 544.5419999999999) 
(201.8855, 552.36) 
(210.2115, 531.087) 
(201.082, 540.612) 
(201.8785, 534.765) 
(212.447, 520.681) 
(205.21249999999998, 524.1705) 
(206.055, 517.1089999999999) 
(214.49400000000003, 515.306) 
(215.6735, 500.46500000000003) 
(204.9685, 515.307) 
(207.3805, 505.87) 
(218.07899999999998, 492.5955) 
(210.594, 497.081) 
(220.674, 478.6005) 
(209.06650000000002, 494.35299999999995) 
(211.29000000000002, 483.401) 
(214.6975, 473.7565) 
(214.99099999999999, 472.89750000000004) 
(223.2815, 470.9085) 
(228.6995, 455.898) 
(219.039, 462.352) 
(224.8775, 444.555) 
(236.0205, 443.495) 
(221.7885, 450.158) 
(238.0575, 436.4525) 
(229.6455, 438.4125) 
(233.1875, 424.77500000000003) 
(239.8665, 425.6695) 
(230.7465, 430.722) 
(245.6235, 415.319) 
(237.79149999999998, 417.6155) 
(242.47050000000002, 403.004) 
(249.92600000000002, 406.6785) 
(240.524, 407.53099999999995) 
(248.1325, 396.841) 
(258.577, 395.25800000000004) 
(254.96749999999997, 383.8085) 
(264.6675, 384.6) 
(252.01299999999998, 388.7475) 
(270.0375, 375.13199999999995) 
(261.2475, 375.95799999999997) 
(264.6245, 367.9475) 
(267.6905, 364.204) 
(277.36850000000004, 367.967) 
(272.362, 360.98799999999994) 
(281.295, 361.47849999999994) 
(282.054, 347.04200000000003) 
(288.512, 348.902) 
(276.3095, 353.4515) 
(297.2045, 340.1165) 
(287.6225, 341.856) 
(295.17049999999995, 326.852) 
(303.7615, 334.04200000000003) 
(290.1935, 332.215) 
(302.692, 324.9615) 
(309.501, 324.86300000000006) 
(311.74800000000005, 311.588) 
(319.2165, 315.72) 
(306.83050000000003, 318.03000000000003) 
(318.51, 305.6625) 
(326.255, 307.4825) 
(321.55999999999995, 299.9875) 
(328.0, 298.175) 
(337.368, 302.46900000000005) 
(336.8535, 294.07500000000005) 
(344.95000000000005, 295.9155) 
(340.56600000000003, 286.891) 
(346.443, 283.51050000000004) 
(352.5805, 286.591) 
(354.629, 281.4925) 
(362.0995, 280.5865) 
(364.47349999999994, 266.568) 
(372.20399999999995, 271.2335) 
(358.808, 273.0215) 
(374.0285, 259.969) 
(378.95399999999995, 254.044) 
(382.89849999999996, 263.443) 
(382.9095, 254.33499999999998) 
(391.14750000000004, 258.7875) 
(392.43100000000004, 251.27149999999997) 
(400.6345, 254.4155) 
(399.548, 245.951) 
(403.2565, 244.277) 
(409.27, 250.2975) 
(412.8005, 241.38150000000002) 
(421.0435, 242.702) 
(420.8825, 235.176) 
(427.937, 238.5015) 
(421.981, 231.881) 
(429.207, 231.4335) 
(438.46299999999997, 235.9205) 
(440.01849999999996, 227.9805) 
(446.6755, 225.3635) 
(451.394, 231.04199999999997) 
(455.923, 222.47199999999998) 
(462.237, 218.8015) 
(463.658, 226.22850000000003) 
(468.00700000000006, 219.53300000000002) 
(474.6775, 225.9675) 
(478.492, 217.582) 
(484.151, 222.178) 
(484.46500000000003, 213.4425) 
(488.537, 213.197) 
(494.3875, 219.7115) 
(496.6575, 212.805) 
(505.799, 216.1285) 
(505.177, 206.39800000000002) 
(512.1025, 203.94100000000003) 
(515.9245, 212.4795) 
(523.867, 203.87800000000001) 
(532.4425, 202.03050000000002) 
(530.5160000000001, 210.878) 
(535.049, 203.3175) 
(540.4114999999999, 210.036) 
(542.9860000000001, 202.5745) 
(550.8845, 208.344) 
(551.6205, 198.964) 
(558.7860000000001, 198.998) 
(562.547, 206.39499999999998) 
(566.3415, 199.87849999999997) 
(572.9395, 206.5025) 
(572.252, 196.44549999999998) 
(579.573, 198.4845) 
(584.6189999999999, 208.103) 
(591.5425, 199.696) 
(598.307, 204.05900000000003) 
(599.3865000000001, 195.95850000000002) 
(606.3785, 198.01299999999998) 
(608.6675, 208.1745) 
(616.7805000000001, 200.579) 
(618.752, 208.225) 
(622.7429999999999, 199.33550000000002) 
(626.6415, 200.22150000000002) 
(630.0160000000001, 209.04500000000002) 
(637.0830000000001, 203.4315) 
(643.9345, 211.046) 
(647.3824999999999, 203.84949999999998) 
(652.5709999999999, 205.8885) 
(654.0029999999999, 213.60699999999997) 
(661.1524999999999, 209.3675) 
(664.2284999999999, 215.2925) 
(668.9175, 208.8125) 
(672.1025, 208.4035) 
(674.056, 215.7015) 
(681.9265, 212.31849999999997) 
(687.6320000000001, 220.3485) 
(693.1995000000001, 214.8385) 
(697.7545, 216.2145) 
(698.2049999999999, 223.514) 
(705.967, 219.151) 
(707.784, 228.058) 
(713.7090000000001, 219.585) 
(716.9915, 221.40050000000002) 
(716.5264999999999, 231.6745) 
(724.0794999999999, 227.91899999999998) 
(727.7225, 237.6975) 
(734.962, 231.35500000000002) 
(741.7155, 233.24800000000002) 
(739.346, 241.04850000000002) 
(745.948, 237.50150000000002) 
(746.9815000000001, 246.027) 
(752.623, 238.9055) 
(760.106, 242.9055) 
(760.8399999999999, 250.547) 
(764.8905, 247.23549999999997) 
(768.0105000000001, 255.50099999999998) 
(771.9025, 246.32999999999998) 
(780.3330000000001, 251.01799999999997) 
(779.768, 260.33299999999997) 
(787.7625, 258.2015) 
(789.491, 265.80999999999995) 
(795.267, 259.3795) 
(800.0825, 263.4605) 
(796.636, 272.46450000000004) 
(804.6669999999999, 270.798) 
(804.3695, 279.0435) 
(811.2395, 274.293) 
(816.3365000000001, 278.4645) 
(812.806, 287.0885) 
(820.6010000000001, 285.12800000000004) 
(819.7635000000001, 293.411) 
(829.1285, 288.5745) 
(835.277, 290.87) 
(832.408, 296.88649999999996) 
(839.528, 295.9685) 
(839.79, 305.3325) 
(848.7829999999999, 300.53150000000005) 
(854.1505, 304.481) 
(849.069, 312.1225) 
(857.381, 314.47) 
(858.1135, 323.992) 
(866.069, 322.12750000000005) 
(871.6714999999999, 325.77650000000006) 
(867.3700000000001, 334.158) 
(875.3415, 333.582) 
(873.8565, 342.02750000000003) 
(882.4535000000001, 339.346) 
(886.139, 344.16600000000005) 
(880.0645, 349.3695) 
(887.4124999999999, 351.4895) 
(885.4780000000001, 358.626) 
(894.4504999999999, 356.80550000000005) 
(894.3104999999999, 366.25149999999996) 
(900.1514999999999, 358.37350000000004) 
(904.1095, 367.264) 
(906.318, 376.884) 
(900.222, 377.79949999999997) 
(902.1475, 383.836) 
(908.9855, 376.4085) 
(912.2545, 384.91200000000003) 
(907.9200000000001, 395.19100000000003) 
(918.149, 395.86650000000003) 
(921.4105, 400.5) 
(916.1985, 406.0075) 
(923.2269999999999, 406.38249999999994) 
(921.747, 415.3405) 
(929.4435, 413.44449999999995) 
(932.8905, 420.63649999999996) 
(926.8495, 425.745) 
(935.8410000000001, 429.76) 
(932.1155000000001, 437.002) 
(941.2350000000001, 435.901) 
(942.71, 438.317) 
(934.7415, 444.377) 
(942.48, 447.8645) 
(939.742, 457.0755) 
(946.638, 459.02099999999996) 
(950.6645000000001, 462.067) 
(943.0705, 467.2375) 
(951.344, 468.30150000000003) 
(947.0605, 477.0675) 
(956.3775, 477.6885) 
(959.2185000000001, 486.92049999999995) 
(949.9295, 491.0525) 
(958.4580000000001, 495.436) 
(949.9490000000001, 499.9955) 
(961.108, 500.64250000000004) 
(962.597, 504.47350000000006) 
(954.7574999999999, 508.6585) 
(962.8785, 512.0715) 
(956.164, 521.2650000000001) 
(966.271, 521.695) 
(966.56, 529.6445000000001) 
(959.309, 534.2660000000001) 
(965.782, 539.94) 
(959.0765, 544.5965000000001) 
(968.4200000000001, 547.034) 
(968.0745, 550.827) 
(960.7605000000001, 555.306) 
(969.3795, 562.1465000000001) 
(970.6, 572.2425000000001) 
(962.993, 570.6265000000001) 
(967.731, 576.345) 
(959.4485, 578.7605000000001) 
(966.2445, 584.815) 
(981.1614999999999, 595.4435) 
(992.9404999999999, 597.5455) 
(990.7885, 607.9245000000001) 
(977.4875, 618.3115) 
(991.7935, 626.579) 
(990.675, 640.2864999999999) 
(976.6144999999999, 642.97) 
(984.9414999999999, 656.3140000000001) 
(973.7545, 665.729) 
(985.9214999999999, 670.458) 
(979.5255, 682.8304999999999) 
(967.7280000000001, 691.1595) 
(973.658, 699.1955) 
(971.79, 711.3054999999999) 
(956.884, 712.7535) 
(967.367, 724.8865) 
(963.7545, 734.6655000000001) 
(953.239, 734.9165) 
(957.6985, 749.8835) 
(943.501, 759.2574999999999) 
(954.929, 763.7825) 
(947.374, 774.07) 
(932.277, 778.0115000000001) 
(938.9514999999999, 790.0450000000001) 
(932.2045, 799.1590000000001) 
(919.331, 797.3875) 
(922.82, 811.932) 
(914.9190000000001, 823.543) 
(902.9145000000001, 819.483) 
(904.4495000000001, 835.8425) 
(897.0904999999999, 846.827) 
(887.778, 839.702) 
(888.8315, 853.154) 
(873.5385, 855.1379999999999) 
(880.9169999999999, 869.199) 
(872.0315, 880.274) 
(858.4085, 873.4425000000001) 
(857.67, 890.537) 
(846.9459999999999, 899.3675000000001) 
(838.142, 888.9525) 
(837.2045, 902.564) 
(823.611, 898.9259999999999) 
(828.2584999999999, 911.297) 
(816.317, 917.55) 
(805.472, 914.864) 
(801.9875, 926.5935) 
(794.46, 934.6315) 
(785.3035, 926.0455000000001) 
(780.0264999999999, 942.0085) 
(765.9385, 948.6935000000001) 
(762.0895, 939.7674999999999) 
(752.7974999999999, 951.335) 
(738.9304999999999, 949.3985) 
(737.3309999999999, 960.4225) 
(729.2484999999999, 965.8415) 
(717.9455, 956.3485000000001) 
(713.1575, 973.043) 
(698.7660000000001, 978.8885) 
(696.0835, 965.3855000000001) 
(684.983, 976.8245) 
(672.1845000000001, 969.112) 
(669.85, 980.382) 
(658.288, 984.3365) 
(646.9885, 976.1080000000001) 
(644.19, 989.8340000000001) 
(631.7465000000001, 992.059) 
(624.3285000000001, 980.13) 
(612.788, 991.5985000000001) 
(599.4575, 993.8655) 
(600.2940000000001, 983.9355) 
(587.2045, 990.6800000000001) 
(576.3625000000001, 979.79) 
(570.267, 990.6115) 
(561.4884999999999, 990.7785) 
(555.995, 979.1605000000001) 
(544.2584999999999, 989.932) 
(530.0415, 990.6095) 
(531.3015, 978.5899999999999) 
(514.8475000000001, 986.5925) 
(503.3265, 975.904) 
(499.3895, 983.8755000000001) 
(489.81399999999996, 978.795) 
(484.2695, 964.2679999999999) 
(472.5925, 973.049) 
(464.044, 962.5385) 
(462.764, 973.924) 
(447.169, 971.668) 
(432.6115, 967.447) 
(439.3755, 955.0505) 
(423.323, 958.201) 
(418.1165, 943.1445) 
(408.081, 950.5435) 
(396.56050000000005, 945.3785) 
(395.073, 932.1410000000001) 
(382.17150000000004, 938.235) 
(372.7575, 935.9915000000001) 
(377.16949999999997, 923.167) 
(363.307, 926.069) 
(359.00649999999996, 910.287) 
(338.21799999999996, 895.1210000000001) 
(348.491, 917.442) 
(337.4, 909.1185) 
(327.1095, 899.0045) 
(320.255, 892.8945000000001) 
(322.3065, 880.5655) 
(306.294, 882.5395000000001) 
(294.5105, 874.7735) 
(302.812, 865.225) 
(286.119, 845.6795) 
(287.7235, 861.842) 
(268.3905, 825.423) 
(273.29050000000007, 850.453) 
(263.96950000000004, 839.6624999999999) 
(255.91700000000003, 804.5285) 
(255.00500000000002, 825.1189999999999) 
(248.0745, 814.3865000000001) 
(241.9135, 787.0925) 
(242.086, 800.087) 
(231.686, 765.6215) 
(233.4115, 791.7855) 
(226.703, 781.2545) 
(223.2265, 744.4435000000001) 
(218.131, 768.4010000000001) 
(214.4565, 756.208) 
(200.479, 731.6285) 
(210.026, 724.8140000000001) 
(207.66600000000003, 739.7795) 
(204.007, 702.4835) 
(196.977, 717.7455) 
(200.5935, 679.318) 
(191.5745, 703.7775) 
(192.027, 691.1055000000001) 
(194.935, 657.4000000000001) 
(188.599, 673.5045) 
(184.76049999999998, 664.117) 
(180.6015, 633.871) 
(191.372, 633.71) 
(183.166, 647.732) 
(188.41250000000002, 610.9815) 
(181.83100000000002, 622.5260000000001) 
(190.094, 585.2094999999999) 
(177.8035, 607.182) 
(177.02, 593.4565) 
(175.0515, 564.889) 
(188.37599999999998, 563.3705) 
(177.375, 575.288) 
(190.81900000000002, 537.9425) 
(179.21949999999998, 550.5260000000001) 
(194.721, 512.4225) 
(179.4375, 533.7270000000001) 
(181.09199999999998, 520.6034999999999) 
(185.1975, 493.825) 
(198.3355, 490.631) 
(183.522, 505.0635) 
(189.282, 464.8065) 
(203.533, 468.36800000000005) 
(187.492, 477.425) 
(213.25599999999997, 445.4235) 
(199.0485, 453.088) 
(208.5145, 425.73699999999997) 
(222.632, 421.50199999999995) 
(204.243, 438.416) 
(217.6325, 401.164) 
(231.54950000000002, 400.7435) 
(213.55200000000002, 410.991) 
(231.1595, 374.572) 
(243.65949999999998, 379.9205) 
(224.64350000000002, 386.54650000000004) 
(257.18149999999997, 360.15950000000004) 
(242.4965, 364.28200000000004) 
(255.0985, 338.7545) 
(270.5395, 341.459) 
(248.6345, 348.5885) 
(275.881, 318.719) 
(286.087, 322.355) 
(266.4265, 327.423) 
(286.633, 308.2735) 
(299.855, 305.839) 
(291.9285, 296.7985) 
(301.62149999999997, 289.9325) 
(316.44599999999997, 292.04600000000005) 
(324.4685, 269.283) 
(336.65999999999997, 275.9925) 
(314.27099999999996, 277.3415) 
(338.75, 262.09) 
(352.712, 261.137) 
(359.5535, 243.135) 
(374.95799999999997, 246.642) 
(346.8625, 251.031) 
(373.0815, 235.61849999999998) 
(383.947, 229.577) 
(396.896, 235.571) 
(397.46, 222.299) 
(408.3015, 217.798) 
(418.38, 224.8795) 
(434.2815, 201.84) 
(439.86, 213.5725) 
(423.613, 209.69400000000002) 
(447.1295, 201.93599999999998) 
(460.195, 210.011) 
(462.438, 197.248) 
(474.26800000000003, 194.54000000000002) 
(483.76800000000003, 203.89499999999998) 
(490.8455, 189.28449999999998) 
(500.4425, 183.0115) 
(504.7625, 192.472) 
(515.2810000000001, 182.022) 
(530.7370000000001, 191.127) 
(531.0175, 179.18200000000002) 
(541.7139999999999, 179.0355) 
(552.6745000000001, 188.65699999999998) 
(559.2505000000001, 175.43599999999998) 
(572.7635, 175.081) 
(576.4190000000001, 187.0) 
(587.3389999999999, 179.369) 
(598.337, 187.11599999999999) 
(599.3679999999999, 176.5935) 
(615.6275, 176.13) 
(627.0315, 188.19100000000003) 
(629.908, 177.637) 
(641.477, 182.25900000000001) 
(650.7655, 195.1445) 
(659.771, 185.446) 
(671.28, 188.2045) 
(673.5045, 200.2655) 
(685.519, 192.7675) 
(695.39, 203.4255) 
(699.652, 190.039) 
(713.299, 197.14499999999998) 
(719.3485000000001, 213.02900000000002) 
(728.171, 205.9395) 
(739.0795, 209.2785) 
(742.3230000000001, 222.0585) 
(755.4110000000001, 212.9695) 
(766.914, 214.7475) 
(762.2764999999999, 227.9615) 
(775.547, 224.9065) 
(780.3885, 238.945) 
(789.317, 232.1775) 
(800.375, 240.4265) 
(801.889, 254.16699999999997) 
(814.366, 249.024) 
(826.393, 255.539) 
(822.2909999999999, 268.46849999999995) 
(836.5875, 265.88300000000004) 
(839.1605000000001, 279.32550000000003) 
(846.6705, 269.09000000000003) 
(858.7484999999999, 280.3505) 
(861.0725, 296.939) 
(871.14, 292.62100000000004) 
(878.64, 302.19000000000005) 
(877.045, 316.8605) 
(891.2864999999999, 314.8075) 
(900.6545, 323.3465) 
(893.8855000000001, 334.449) 
(908.5775, 335.632) 
(907.9225, 350.6645) 
(917.7574999999999, 343.449) 
(923.0925, 356.60450000000003) 
(918.1334999999999, 372.9645) 
(930.942, 371.75350000000003) 
(936.5590000000001, 382.00649999999996) 
(929.645, 394.172) 
(946.5315, 396.397) 
(955.384, 403.476) 
(944.3785, 410.242) 
(957.0735, 417.73900000000003) 
(950.9795, 434.2745) 
(962.5495000000001, 433.9335) 
(967.0555, 444.9515) 
(959.2925, 457.764) 
(974.0635, 459.5155) 
(977.9425, 470.405) 
(968.1945000000001, 478.1625) 
(980.0754999999999, 487.322) 
(973.7494999999999, 501.28650000000005) 
(987.1709999999999, 500.6855) 
(987.809, 513.3595) 
(977.361, 524.7665) 
(989.475, 530.479) 
(990.0225, 541.5175) 
(978.1435, 547.6405) 
(989.7875, 558.1345000000001) 
(991.867, 570.7755) 
(981.528, 571.6009999999999) 
(991.4585, 584.0905) 
(1007.8665000000001, 599.9704999999999) 
(1020.6300000000001, 615.045) 
(1013.766, 633.7895) 
(1002.0074999999999, 637.3695) 
(1013.5044999999999, 654.6914999999999) 
(1016.1869999999999, 674.2159999999999) 
(1000.3580000000001, 675.1164999999999) 
(1013.766, 687.529) 
(1010.2549999999999, 703.2695000000001) 
(990.9794999999999, 707.222) 
(1007.3204999999999, 716.701) 
(1001.924, 734.5605) 
(981.16, 738.6624999999999) 
(995.9955, 746.5115) 
(989.265, 759.863) 
(977.6575, 773.148) 
(964.213, 769.6985) 
(970.2974999999999, 793.3975) 
(966.8109999999999, 811.9845) 
(952.304, 804.2605) 
(951.4164999999999, 823.9) 
(928.111, 828.9465) 
(937.1109999999999, 842.7825) 
(936.3154999999999, 854.1575) 
(924.1495, 858.9665) 
(905.9784999999999, 853.0245) 
(908.5925, 870.11) 
(893.796, 881.4665) 
(881.683, 880.574) 
(885.2425000000001, 898.5219999999999) 
(875.9745, 916.6095) 
(858.0535, 908.9245000000001) 
(863.8349999999999, 921.191) 
(848.9744999999999, 930.401) 
(830.2389999999999, 926.644) 
(834.1189999999999, 943.2995000000001) 
(820.8589999999999, 951.2139999999999) 
(802.6495, 943.602) 
(806.747, 957.0335) 
(789.9300000000001, 964.982) 
(771.399, 958.9275) 
(773.4285, 976.8695) 
(761.998, 989.4845) 
(749.2655, 991.948) 
(739.769, 978.1865) 
(728.921, 997.094) 
(708.9595, 1003.279) 
(703.7165, 991.573) 
(696.7280000000001, 1010.8684999999999) 
(681.564, 1017.2684999999999) 
(670.9435, 999.905) 
(668.977, 1018.057) 
(650.058, 1019.6385) 
(637.8705, 1018.3725) 
(637.7719999999999, 1006.7615000000001) 
(619.4834999999999, 1016.1370000000001) 
(600.5809999999999, 1004.288) 
(601.0525, 1014.398) 
(584.1334999999999, 1018.2945) 
(565.2955, 1020.6655) 
(564.1535, 1006.278) 
(553.2085, 1022.3585) 
(536.4955, 1019.0010000000001) 
(530.2104999999999, 1002.0740000000001) 
(513.6645, 1016.4655) 
(493.675, 1016.0165) 
(494.1355, 998.0685) 
(479.0145, 1011.768) 
(463.4775, 1008.241) 
(460.086, 989.8755000000001) 
(446.661, 1006.4295) 
(426.5845, 1000.8509999999999) 
(425.70550000000003, 980.9609999999999) 
(416.3265, 993.649) 
(404.257, 987.049) 
(393.06399999999996, 977.7929999999999) 
(396.7975, 963.2214999999999) 
(373.779, 970.531) 
(355.69449999999995, 963.5495) 
(364.32399999999996, 949.0965) 
(343.35249999999996, 949.4064999999999) 
(336.97, 927.6744999999999) 
(303.7135, 916.4505) 
(312.90650000000005, 906.7675) 
(330.004, 937.6904999999999) 
(316.3375, 927.354) 
(288.3695, 882.357) 
(296.619, 912.1555000000001) 
(286.043, 898.0999999999999) 
(257.33450000000005, 858.5295) 
(272.82349999999997, 886.7394999999999) 
(255.995, 876.3585) 
(235.797, 828.3035) 
(242.6395, 866.414) 
(230.0665, 850.7315000000001) 
(220.4155, 798.3955) 
(220.5505, 834.2325000000001) 
(212.6085, 824.865) 
(208.8705, 811.2465) 
(187.687, 777.389) 
(200.77700000000002, 770.8734999999999) 
(198.7535, 792.0575) 
(173.1995, 748.1814999999999) 
(187.1165, 739.093) 
(180.0695, 763.5335) 
(161.03699999999998, 710.7475) 
(176.32799999999997, 704.0830000000001) 
(166.769, 730.663) 
(174.523, 669.297) 
(161.89299999999997, 703.8575000000001) 
(163.516, 686.6725) 
(163.469, 636.7719999999999) 
(159.053, 666.173) 
(149.5935, 650.033) 
(158.09550000000002, 604.0435) 
(145.4215, 637.4780000000001) 
(143.449, 620.8165) 
(162.675, 565.7025) 
(142.237, 604.7015) 
(146.4615, 584.529) 
(149.899, 531.188) 
(165.359, 528.6310000000001) 
(147.10999999999999, 560.345) 
(144.24450000000002, 545.2895) 
(152.6695, 496.8275) 
(167.979, 497.233) 
(152.4795, 512.6855) 
(164.0175, 458.657) 
(175.276, 462.3145) 
(159.01500000000001, 477.1755) 
(187.68400000000003, 428.964) 
(168.4835, 441.144) 
(182.0695, 405.50249999999994) 
(204.34300000000002, 400.9675) 
(170.448, 418.753) 
(197.49450000000002, 366.49850000000004) 
(203.751, 359.5495) 
(216.5285, 367.023) 
(194.68099999999998, 384.957) 
(223.043, 338.2255) 
(239.698, 337.946) 
(210.226, 350.81600000000003) 
(242.013, 304.313) 
(260.8415, 309.599) 
(232.1975, 321.3285) 
(253.23149999999998, 294.7735) 
(265.8415, 286.0795) 
(284.322, 288.42) 
(294.521, 260.093) 
(313.096, 264.1675) 
(278.3965, 271.7545) 
(320.675, 233.0075) 
(339.11650000000003, 235.7125) 
(309.8895, 250.1095) 
(330.70500000000004, 221.596) 
(340.3065, 212.7655) 
(356.0815, 208.297) 
(368.7075, 220.7695) 
(372.39250000000004, 201.8415) 
(387.65049999999997, 196.20600000000002) 
(397.47849999999994, 207.856) 
(422.509, 177.291) 
(428.7165, 189.5745) 
(406.5825, 187.4685) 
(437.09000000000003, 170.298) 
(453.409, 164.002) 
(462.10450000000003, 179.3565) 
(465.906, 162.304) 
(484.594, 162.4495) 
(497.37, 174.2465) 
(501.2255, 157.19549999999998) 
(519.552, 150.62349999999998) 
(532.0615, 165.127) 
(535.1165000000001, 149.565) 
(552.5350000000001, 143.9755) 
(567.0165000000001, 155.938) 
(567.344, 140.351) 
(580.0885000000001, 140.238) 
(595.6835000000001, 144.1225) 
(600.715, 160.603) 
(614.518, 145.573) 
(633.892, 147.6225) 
(634.3695, 164.15949999999998) 
(650.5805, 148.7255) 
(667.4665, 151.01749999999998) 
(669.5495, 169.6385) 
(682.9075, 156.68900000000002) 
(701.61, 162.7995) 
(706.548, 177.65099999999998) 
(713.5374999999999, 166.5625) 
(728.8875, 174.959) 
(736.77, 194.84199999999998) 
(750.4035, 181.999) 
(766.1975, 183.5845) 
(772.0575, 194.03199999999998) 
(769.278, 206.2625) 
(791.1310000000001, 206.00349999999997) 
(802.537, 221.7595) 
(812.7719999999999, 210.557) 
(824.7225, 218.3475) 
(828.4784999999999, 238.14749999999998) 
(839.608, 227.368) 
(855.3325, 233.122) 
(866.2945, 242.5855) 
(858.5675, 257.43) 
(875.344, 250.507) 
(886.739, 266.15) 
(882.354, 285.3435) 
(901.414, 280.1425) 
(912.563, 294.36150000000004) 
(906.1495, 312.18) 
(922.9639999999999, 309.6625) 
(934.1545, 325.091) 
(927.3805, 340.387) 
(945.733, 340.2385) 
(957.0630000000001, 344.28549999999996) 
(955.638, 353.72249999999997) 
(944.652, 368.3795) 
(965.5575, 376.768) 
(966.452, 397.019) 
(978.0775, 391.0115) 
(988.2115, 400.3745) 
(993.602, 418.72900000000004) 
(977.876, 432.01750000000004) 
(995.5749999999999, 440.15650000000005) 
(1000.885, 457.025) 
(990.194, 463.45) 
(1005.389, 466.9785) 
(1011.6635000000001, 483.8655) 
(1001.2895000000001, 498.65749999999997) 
(1018.5895, 499.7835) 
(1020.106, 519.9145) 
(1004.472, 535.9079999999999) 
(1020.293, 541.8989999999999) 
(1022.9860000000001, 556.4739999999999) 
(1006.9300000000001, 567.0999999999999) 
(1024.4725, 570.8729999999999) 
(1025.5300000000002, 588.5195) 
(1022.5050000000001, 600.4865) 
(1038.6200000000001, 604.297) 
(1055.1575000000003, 609.8720000000001) 
(1056.1280000000002, 615.244) 
(1049.844, 628.357) 
(1031.6325, 633.1775) 
(1046.471, 649.4935) 
(1046.7644999999998, 663.4115) 
(1031.6644999999999, 667.9975) 
(1046.696, 684.0705) 
(1046.0465, 704.8025) 
(1028.594, 702.0425) 
(1041.9299999999998, 719.164) 
(1037.9745, 732.8054999999999) 
(1021.704, 729.1155) 
(1029.9045, 748.5) 
(1023.1885, 763.5609999999999) 
(1009.0595000000001, 756.1275) 
(1017.803, 774.321) 
(1008.1645, 785.94) 
(992.273, 779.3665000000001) 
(994.337, 802.7885) 
(983.698, 819.6485) 
(974.2739999999999, 816.476) 
(981.7325, 827.5815) 
(979.076, 838.082) 
(956.7259999999999, 845.8615) 
(970.8945, 856.654) 
(954.735, 871.8389999999999) 
(939.268, 865.452) 
(940.895, 880.495) 
(929.2925, 894.3625) 
(912.1085, 890.463) 
(918.733, 904.6975) 
(905.259, 913.7725) 
(890.081, 916.5935) 
(894.2909999999999, 928.5) 
(889.5225, 947.327) 
(876.527, 954.0785000000001) 
(865.871, 938.2004999999999) 
(857.223, 958.4259999999999) 
(839.0135, 957.248) 
(844.8744999999999, 971.597) 
(835.0519999999999, 987.637) 
(818.9895, 995.0055) 
(808.4925000000001, 977.458) 
(803.684, 996.2915) 
(783.272, 992.281) 
(793.3665000000001, 1005.189) 
(782.5365, 1017.692) 
(763.2180000000001, 1020.1755) 
(752.774, 1004.876) 
(746.7425, 1024.2775000000001) 
(736.4555, 1032.1595000000002) 
(722.1425, 1017.904) 
(724.8375000000001, 1036.63) 
(703.8900000000001, 1035.8345) 
(688.9635000000001, 1024.698) 
(687.171, 1040.843) 
(672.2945, 1052.5349999999999) 
(661.5, 1037.1785) 
(656.626, 1056.5774999999999) 
(641.3495, 1056.709) 
(634.1904999999999, 1036.2665) 
(626.688, 1055.9025) 
(612.9415, 1051.4635) 
(601.8585, 1029.866) 
(591.431, 1047.703) 
(578.9655, 1049.8159999999998) 
(572.6725, 1035.6014999999998) 
(562.796, 1055.5059999999999) 
(542.4665, 1053.2745) 
(540.2560000000001, 1035.063) 
(527.32, 1046.3760000000002) 
(508.21650000000005, 1043.0275000000001) 
(498.3215, 1029.179) 
(493.5985, 1044.1090000000002) 
(474.773, 1043.4520000000002) 
(464.8355, 1024.2735) 
(458.2115, 1039.45) 
(441.9575, 1038.5605) 
(431.765, 1021.5725) 
(426.88750000000005, 1036.8020000000001) 
(409.90700000000004, 1028.921) 
(404.52650000000006, 1006.4895000000001) 
(391.2115, 1020.662) 
(381.09900000000005, 1017.0540000000001) 
(372.993, 1009.431) 
(382.836, 993.5985000000001) 
(351.3225, 973.072) 
(359.302, 1001.4565) 
(347.07349999999997, 988.192) 
(327.746, 975.2719999999999) 
(306.11400000000003, 965.6495) 
(316.1995, 949.417) 
(294.774, 957.2760000000001) 
(294.912, 935.213) 
(280.02500000000003, 915.2825) 
(285.674, 953.5374999999999) 
(279.25350000000003, 950.086) 
(271.79100000000005, 934.432) 
(261.43100000000004, 916.2860000000001) 
(257.8175, 897.96) 
(230.60699999999997, 870.885) 
(244.0715, 913.6120000000001) 
(231.3165, 904.326) 
(225.83299999999997, 883.9075) 
(206.37400000000002, 841.7284999999999) 
(216.32549999999998, 876.7365) 
(201.6085, 864.079) 
(195.503, 818.8464999999999) 
(185.5345, 850.1514999999999) 
(179.50400000000002, 835.1134999999999) 
(175.48900000000003, 790.1485) 
(173.91899999999998, 813.4555) 
(164.022, 803.9465) 
(165.306, 753.5025) 
(152.08300000000003, 795.671) 
(149.5175, 772.8805) 
(131.1095, 726.5329999999999) 
(146.375, 720.0944999999999) 
(150.16400000000002, 753.248) 
(135.461, 739.5975) 
(125.34649999999999, 688.4359999999999) 
(143.66949999999997, 694.389) 
(128.90800000000002, 707.2515) 
(125.832, 684.431) 
(138.8495, 671.6575) 
(139.16250000000002, 637.3765) 
(115.339, 673.1845000000001) 
(119.82400000000001, 651.4585) 
(129.239, 600.6875) 
(121.65100000000001, 633.5844999999999) 
(112.93950000000001, 613.0105000000001) 
(110.3745, 567.4265) 
(128.886, 558.152) 
(115.0505, 596.2525) 
(109.4045, 584.4315000000001) 
(113.887, 530.1085) 
(133.854, 529.6765) 
(110.41049999999998, 548.4655) 
(120.6835, 493.775) 
(136.398, 495.2105) 
(120.72, 509.7385) 
(161.154, 458.453) 
(121.34049999999999, 488.84749999999997) 
(139.751, 471.74199999999996) 
(143.11849999999998, 451.1785) 
(116.83749999999999, 476.326) 
(120.20499999999998, 455.7625) 
(151.5985, 408.94050000000004) 
(162.36950000000002, 410.048) 
(127.027, 442.0555) 
(136.6855, 425.6265) 
(182.6325, 374.15250000000003) 
(155.9005, 403.422) 
(163.55200000000002, 388.072) 
(168.5215, 350.751) 
(189.279, 352.669) 
(165.77050000000003, 366.154) 
(185.328, 325.025) 
(204.6705, 331.0235) 
(176.4115, 337.937) 
(206.992, 304.556) 
(224.89499999999998, 304.29) 
(195.922, 314.3925) 
(227.869, 276.26200000000006) 
(247.719, 277.9305) 
(216.2635, 293.082) 
(240.40750000000003, 260.507) 
(254.66700000000003, 251.029) 
(274.5335, 254.1275) 
(279.15999999999997, 228.632) 
(297.8115, 233.6135) 
(271.2505, 239.16250000000002) 
(302.648, 205.967) 
(321.9225, 210.596) 
(288.56699999999995, 217.573) 
(326.2935, 177.87099999999998) 
(342.47749999999996, 171.512) 
(347.95799999999997, 189.652) 
(313.39, 193.8415) 
(358.76099999999997, 166.3065) 
(371.878, 160.43650000000002) 
(377.38599999999997, 177.3265) 
(386.2435, 157.32999999999998) 
(410.0315, 165.248) 
(431.3175, 132.24699999999999) 
(441.5135, 133.8045) 
(445.654, 148.42149999999998) 
(400.148, 153.587) 
(410.99350000000004, 142.19599999999997) 
(460.126, 131.17950000000002) 
(476.237, 143.58100000000002) 
(482.0065, 124.2125) 
(493.1915, 124.56099999999998) 
(504.0535, 138.6755) 
(512.8795, 122.65899999999999) 
(531.9155000000001, 131.542) 
(525.4395, 116.0735) 
(545.696, 118.78200000000001) 
(566.981, 130.626) 
(575.8885, 103.9815) 
(594.4939999999999, 107.777) 
(598.2725, 129.6235) 
(566.5595000000001, 116.21600000000001) 
(611.8394999999999, 115.9805) 
(623.162, 118.9645) 
(628.4295, 134.058) 
(642.095, 117.53450000000001) 
(662.7249999999999, 115.594) 
(665.7479999999999, 133.2205) 
(673.246, 117.844) 
(690.0995, 121.33200000000001) 
(698.0425, 142.38) 
(709.1845, 125.3165) 
(725.677, 133.39100000000002) 
(726.4625000000001, 154.2175) 
(739.0825, 142.65550000000002) 
(750.259, 147.6705) 
(759.155, 166.2725) 
(770.9605, 149.87400000000002) 
(792.071, 151.3415) 
(799.9960000000001, 163.3955) 
(785.928, 179.24) 
(810.175, 180.0085) 
(817.9455, 199.35399999999998) 
(823.8235, 187.93) 
(842.369, 189.7455) 
(857.448, 193.4455) 
(851.5645, 210.5795) 
(867.898, 199.563) 
(876.6215000000001, 215.6145) 
(870.1275, 232.42899999999997) 
(890.2370000000001, 225.8265) 
(908.085, 233.70600000000002) 
(897.0250000000001, 248.23000000000002) 
(917.378, 244.909) 
(926.1179999999999, 259.7565) 
(920.4399999999999, 277.07) 
(929.741, 272.0085) 
(941.98, 285.818) 
(943.0799999999999, 306.18050000000005) 
(954.789, 299.403) 
(959.4255, 309.904) 
(959.2950000000001, 331.82899999999995) 
(978.3135, 321.3075) 
(991.1424999999999, 334.8025) 
(972.607, 345.9645) 
(991.557, 352.396) 
(995.7090000000001, 360.0975) 
(987.371, 376.706) 
(1010.3185, 370.33) 
(1023.179, 393.344) 
(1009.673, 409.08850000000007) 
(1024.5459999999998, 410.536) 
(1029.666, 421.92099999999994) 
(1016.766, 441.90099999999995) 
(1037.7785, 437.678) 
(1042.7635, 451.44550000000004) 
(1026.255, 465.622) 
(1045.768, 464.51200000000006) 
(1043.609, 486.7355) 
(1031.022, 503.7635) 
(1042.922, 505.83349999999996) 
(1050.444, 519.01) 
(1049.3545, 537.0519999999999) 
(1035.4565, 546.4375) 
(1057.2485, 555.1065) 
(1062.815, 570.2280000000001) 
(1042.5095, 575.958) 
(1055.5995, 591.7355) 
(1073.1355, 606.2004999999999) 
(1093.1554999999998, 604.701) 
(1092.7134999999998, 627.7909999999999) 
(1072.4925, 633.4535000000001) 
(1089.3895, 649.2415) 
(1083.7565, 657.7925) 
(1063.4865, 663.1410000000001) 
(1080.8000000000002, 678.439) 
(1079.1675, 698.3555) 
(1061.7855, 703.7165) 
(1075.6185, 719.9115) 
(1070.095, 738.5865000000001) 
(1052.1455, 736.753) 
(1058.5085, 756.8190000000001) 
(1039.104, 767.4815) 
(1055.5884999999998, 776.2) 
(1045.4475, 794.369) 
(1023.5775000000001, 796.4105) 
(1032.919, 811.7465) 
(1031.3095, 816.2950000000001) 
(1008.1405, 817.8075) 
(1024.6545, 837.7139999999999) 
(1014.4025000000001, 859.279) 
(995.923, 847.3054999999999) 
(1001.3800000000001, 873.9680000000001) 
(990.4739999999999, 887.9870000000001) 
(976.8355, 879.8965000000001) 
(976.987, 901.9214999999999) 
(952.2624999999999, 902.018) 
(965.7559999999999, 920.294) 
(952.0024999999999, 931.783) 
(927.9495, 923.842) 
(936.192, 944.4575) 
(914.4265, 944.662) 
(933.6175000000001, 953.7135) 
(917.568, 968.997) 
(898.8444999999999, 980.6324999999999) 
(889.99, 968.014) 
(885.8105, 987.3824999999999) 
(859.999, 986.6179999999999) 
(874.01, 1005.6514999999999) 
(853.3405, 1018.7414999999999) 
(829.8534999999999, 1008.7259999999999) 
(831.749, 1028.1235) 
(817.2245, 1037.1345) 
(798.425, 1024.985) 
(795.412, 1047.7069999999999) 
(783.6455000000001, 1055.8605) 
(777.4270000000001, 1039.6795) 
(767.7905000000001, 1057.0875) 
(747.193, 1045.7430000000002) 
(749.4835, 1065.958) 
(729.1105, 1071.5455000000002) 
(715.202, 1055.801) 
(707.4445, 1073.5885) 
(699.7959999999999, 1076.2134999999998) 
(690.8344999999999, 1063.4344999999998) 
(680.65, 1081.1734999999999) 
(657.827, 1073.1765) 
(661.8905, 1089.9560000000001) 
(638.0695000000001, 1091.7440000000001) 
(614.7159999999999, 1088.7975000000001) 
(618.3915, 1072.5065) 
(599.241, 1086.2649999999999) 
(582.3589999999999, 1067.865) 
(579.3955, 1088.372) 
(560.048, 1085.7505) 
(546.8420000000001, 1070.9335) 
(537.274, 1086.0525) 
(520.121, 1087.0529999999999) 
(514.5425, 1065.0355) 
(496.9365, 1081.226) 
(481.438, 1079.4250000000002) 
(484.426, 1064.316) 
(468.9095, 1075.7415) 
(456.053, 1057.5155) 
(449.962, 1075.2865000000002) 
(429.89300000000003, 1067.848) 
(420.914, 1048.3184999999999) 
(408.6835, 1060.7835) 
(391.26800000000003, 1055.9045) 
(384.803, 1035.1805) 
(371.3175, 1049.864) 
(356.586, 1044.8505) 
(363.6935, 1025.168) 
(340.8645, 1028.349) 
(338.201, 1007.2615) 
(325.6015, 1019.4549999999999) 
(310.692, 1011.9929999999999) 
(303.96400000000006, 986.8795) 
(290.14750000000004, 1004.107) 
(276.0875, 994.0219999999999) 
(278.234, 968.4395) 
(258.649, 948.7515000000001) 
(258.23199999999997, 981.3325) 
(244.7375, 965.1145000000001) 
(234.05700000000002, 943.7085) 
(223.90550000000002, 935.6685) 
(229.766, 925.8535) 
(211.46599999999998, 902.3805) 
(209.9155, 923.908) 
(198.88049999999998, 883.5074999999999) 
(192.737, 911.095) 
(189.659, 899.393) 
(169.5105, 853.5605) 
(176.5765, 879.516) 
(163.28050000000002, 863.4965) 
(153.8025, 849.2305) 
(154.477, 823.567) 
(123.08, 794.7565) 
(133.371, 790.348) 
(141.311, 840.469) 
(129.204, 819.274) 
(129.5465, 759.4685) 
(121.549, 779.761) 
(117.15499999999999, 730.9014999999999) 
(109.8995, 761.8485000000001) 
(104.062, 744.107) 
(109.5865, 701.865) 
(99.47149999999999, 725.981) 
(94.1045, 716.226) 
(86.73250000000002, 667.8389999999999) 
(98.534, 663.0905) 
(88.1345, 693.594) 
(97.28, 633.705) 
(88.784, 650.4995) 
(96.27449999999999, 604.388) 
(80.5335, 633.11) 
(77.417, 620.5509999999999) 
(72.12, 575.4795) 
(92.069, 571.5375000000001) 
(72.65100000000001, 597.8555) 
(78.453, 534.032) 
(95.58949999999999, 532.2780000000001) 
(74.9685, 554.3305) 
(103.3675, 500.39199999999994) 
(86.322, 517.005) 
(101.1505, 465.156) 
(80.61149999999999, 498.64) 
(81.68199999999999, 477.44550000000004) 
(115.6845, 432.6295) 
(85.9275, 457.7215) 
(93.6395, 438.902) 
(104.0315, 405.16600000000005) 
(128.1415, 406.22950000000003) 
(101.72299999999998, 417.3945) 
(125.654, 370.041) 
(143.414, 384.252) 
(114.6835, 386.5) 
(134.9925, 361.591) 
(149.235, 355.839) 
(146.4165, 326.06) 
(166.909, 324.8555) 
(136.6325, 344.22950000000003) 
(167.1725, 290.044) 
(184.3515, 299.1725) 
(160.324, 305.09450000000004) 
(181.84300000000002, 276.19500000000005) 
(203.606, 275.23750000000007) 
(206.411, 248.841) 
(230.53900000000002, 246.82150000000001) 
(192.0165, 261.502) 
(234.22199999999998, 219.05349999999999) 
(260.6445, 218.998) 
(220.7, 235.0105) 
(248.38400000000001, 200.531) 
(260.5535, 189.96800000000002) 
(282.221, 197.37600000000003) 
(277.683, 175.923) 
(288.03700000000003, 166.522) 
(303.317, 175.84949999999998) 
(319.627, 141.169) 
(329.4395, 156.0105) 
(305.87, 153.75) 
(339.54100000000005, 134.641) 
(365.044, 144.03799999999998) 
(359.2595, 126.01999999999998) 
(373.32, 119.78399999999999) 
(393.661, 134.2935) 
(392.22900000000004, 109.8185) 
(403.93100000000004, 106.56649999999999) 
(416.01750000000004, 120.0525) 
(424.4575, 98.3335) 
(444.3705, 92.22749999999999) 
(445.6, 114.98649999999998) 
(465.57449999999994, 96.345) 
(483.3685, 108.196) 
(483.474, 92.35849999999999) 
(506.8125, 86.4925) 
(526.6575, 99.9175) 
(528.5515, 83.4835) 
(534.039, 83.212) 
(553.0084999999999, 97.08) 
(555.9665, 73.341) 
(582.319, 72.4965) 
(587.8205, 89.786) 
(605.1185, 79.75900000000001) 
(622.2895000000001, 80.501) 
(622.337, 98.7315) 
(634.9380000000001, 84.9005) 
(650.573, 98.678) 
(654.7189999999999, 78.404) 
(677.5295, 81.63799999999999) 
(683.9045, 104.162) 
(698.1700000000001, 90.1935) 
(713.499, 93.139) 
(718.3185000000001, 111.092) 
(732.9570000000001, 96.515) 
(751.6495, 103.945) 
(750.4165, 127.78649999999999) 
(769.1895000000001, 114.02600000000001) 
(782.4025, 130.52) 
(783.7475, 112.2335) 
(806.018, 122.4775) 
(812.413, 145.62150000000003) 
(825.3935, 134.946) 
(835.1854999999999, 143.32299999999998) 
(836.0385, 169.1165) 
(855.8824999999999, 153.3005) 
(868.9175, 159.0075) 
(863.9645, 178.13400000000001) 
(887.153, 172.44650000000001) 
(904.02, 187.3545) 
(891.2815, 199.15949999999998) 
(907.406, 196.73899999999998) 
(907.9, 213.08249999999998) 
(923.6044999999999, 203.3675) 
(940.4659999999999, 218.7185) 
(934.0545, 239.6365) 
(956.8765, 234.426) 
(970.322, 247.814) 
(951.123, 265.2765) 
(978.379, 268.759) 
(985.1795, 282.59000000000003) 
(970.7325000000001, 292.6925) 
(993.5880000000001, 298.404) 
(998.5845, 316.90999999999997) 
(1009.6325, 312.0205) 
(1023.6244999999999, 326.40700000000004) 
(1012.991, 348.89) 
(1037.1549999999997, 343.7785) 
(1041.471, 357.3425) 
(1031.9165, 372.68649999999997) 
(1052.636, 379.49799999999993) 
(1063.6815000000001, 396.39099999999996) 
(1044.329, 406.7715) 
(1068.708, 416.96900000000005) 
(1074.7845, 434.6685) 
(1058.518, 440.228) 
(1076.8835000000001, 456.2615) 
(1064.9940000000001, 473.252) 
(1080.7044999999998, 476.548) 
(1078.8289999999997, 489.062) 
(1062.4315, 504.864) 
(1084.5265, 510.5855) 
(1088.9175, 527.3125) 
(1069.0075000000002, 532.12) 
(1084.9389999999999, 549.7615000000001) 
(1076.4544999999998, 565.235) 
(1086.0085, 566.0519999999999) 
(1088.7335, 584.3009999999999) 
(1107.4855, 608.3805) 
(1122.337, 614.9) 
(1125.973, 627.217) 
(1120.3380000000002, 642.7885) 
(1114.5415000000003, 652.58) 
(1113.873, 653.1065000000001) 
(1101.5929999999998, 652.15) 
(1116.118, 663.095) 
(1116.8845000000001, 680.7135000000001) 
(1111.3285, 693.49) 
(1095.7334999999998, 695.351) 
(1108.5945, 699.7845) 
(1110.4785, 707.9234999999999) 
(1110.205, 720.0695000000001) 
(1105.662, 729.5655) 
(1095.006, 736.94) 
(1082.1905000000002, 737.7860000000001) 
(1090.3995, 748.0915) 
(1090.8195, 765.851) 
(1088.4645, 775.7860000000001) 
(1081.853, 781.623) 
(1066.464, 783.962) 
(1076.2224999999999, 789.7705) 
(1076.7925, 799.848) 
(1075.038, 811.1759999999999) 
(1066.153, 821.9935) 
(1045.6205, 822.2345) 
(1058.9065, 830.053) 
(1059.3115, 836.202) 
(1056.2055, 848.4605) 
(1048.402, 859.5245) 
(1040.259, 864.671) 
(1027.9650000000001, 861.9445000000001) 
(1036.7085, 870.437) 
(1035.3110000000001, 883.7165) 
(1028.524, 896.25) 
(1017.0595000000001, 902.064) 
(1002.0805, 895.727) 
(1010.951, 904.4804999999999) 
(1007.3014999999999, 916.2525) 
(999.1895, 931.098) 
(991.308, 935.691) 
(983.6835000000001, 936.5609999999999) 
(972.377, 930.8285) 
(978.02, 946.4975) 
(973.338, 961.4425) 
(963.924, 968.9275) 
(953.12, 971.9199999999998) 
(941.061, 964.6039999999999) 
(948.4475, 973.2545) 
(941.5875, 987.3785) 
(934.3109999999999, 1000.902) 
(924.9725000000001, 1001.9715) 
(908.8325, 991.9175) 
(915.94, 1003.472) 
(911.4585, 1011.4615000000001) 
(902.8744999999999, 1021.6804999999999) 
(888.079, 1024.446) 
(875.0615, 1020.4569999999999) 
(876.5705, 1030.2289999999998) 
(872.5015, 1040.703) 
(867.045, 1046.5925000000002) 
(850.9759999999999, 1049.092) 
(833.3319999999999, 1042.8125) 
(837.0284999999999, 1052.3515000000002) 
(829.55, 1062.171) 
(815.5429999999999, 1072.882) 
(804.065, 1075.6685000000002) 
(796.8810000000001, 1074.5915) 
(790.0600000000001, 1065.1955) 
(791.3565000000001, 1078.7115) 
(783.365, 1087.624) 
(766.873, 1091.9634999999998) 
(752.304, 1091.3519999999999) 
(747.096, 1081.6325) 
(748.0685, 1092.3039999999999) 
(740.3715, 1098.9865) 
(723.2745, 1104.6570000000002) 
(709.245, 1103.7615) 
(703.7035, 1089.4625) 
(700.3745, 1106.8135) 
(684.8675000000001, 1113.562) 
(673.2015, 1115.026) 
(667.542, 1111.975) 
(661.9705, 1101.203) 
(656.2515000000001, 1114.5985) 
(641.7795, 1120.7020000000002) 
(633.5495, 1121.3110000000001) 
(624.7685, 1116.2585) 
(616.317, 1100.959) 
(612.9085, 1115.832) 
(603.354, 1122.336) 
(592.5790000000001, 1124.714) 
(579.8745, 1120.3395) 
(573.2595, 1103.544) 
(569.9385, 1117.3615) 
(561.747, 1121.141) 
(549.8895, 1121.9165) 
(536.0374999999999, 1116.392) 
(528.0305000000001, 1111.9265) 
(528.1125, 1101.7894999999999) 
(523.876, 1113.92) 
(508.67550000000006, 1116.842) 
(489.397, 1114.2675) 
(481.47299999999996, 1111.0590000000002) 
(480.26250000000005, 1109.0675) 
(480.61400000000003, 1093.7015000000001) 
(467.59950000000003, 1110.212) 
(455.15599999999995, 1112.981) 
(444.917, 1105.1354999999999) 
(439.23699999999997, 1087.635) 
(397.61199999999997, 1072.717) 
(434.854, 1098.1509999999998) 
(429.7845, 1099.4995) 
(417.7755, 1098.8905) 
(403.2825, 1091.41) 
(395.66999999999996, 1083.6545) 
(356.154, 1058.269) 
(385.291, 1084.4685) 
(371.755, 1086.093) 
(362.7235, 1080.5320000000002) 
(354.752, 1070.5) 
(318.434, 1028.881) 
(351.3425, 1065.2024999999999) 
(342.472, 1064.5015) 
(325.549, 1056.149) 
(315.88250000000005, 1042.9254999999998) 
(270.47200000000004, 1016.027) 
(275.757, 1010.3595) 
(306.12649999999996, 1039.0785) 
(290.0905, 1037.9505) 
(276.56850000000003, 1025.5345) 
(241.349, 983.964) 
(268.91999999999996, 1016.0535) 
(255.84099999999998, 1011.384) 
(243.7505, 1006.077) 
(240.277, 997.0405000000001) 
(207.49599999999998, 958.9635) 
(215.8015, 945.306) 
(230.72050000000002, 988.1535) 
(221.8315, 986.5765) 
(216.0805, 980.8040000000001) 
(209.97449999999998, 970.0105) 
(171.9395, 925.749) 
(180.4035, 914.973) 
(199.7055, 953.0635) 
(186.14149999999998, 949.23) 
(176.5215, 938.5740000000001) 
(154.7215, 877.856) 
(169.54200000000003, 920.3025) 
(161.007, 915.423) 
(152.0395, 907.7284999999999) 
(147.97500000000002, 895.3679999999999) 
(119.72500000000001, 849.3905) 
(129.049, 844.5505) 
(143.5405, 885.988) 
(134.83999999999997, 882.4255) 
(125.66999999999999, 873.6345000000001) 
(121.114, 858.9159999999999) 
(99.4135, 811.38) 
(110.30099999999999, 802.302) 
(111.743, 843.281) 
(103.0815, 836.7695) 
(100.436, 826.348) 
(81.91, 772.89) 
(92.756, 760.31) 
(96.86699999999999, 804.124) 
(90.862, 799.5115000000001) 
(84.7405, 788.6085) 
(65.475, 734.1510000000001) 
(68.574, 726.418) 
(82.292, 720.837) 
(80.07, 764.0625) 
(73.1725, 757.886) 
(66.92099999999999, 745.6465000000001) 
(58.388000000000005, 682.5915) 
(60.370000000000005, 679.711) 
(71.76950000000001, 675.6949999999999) 
(63.9145, 714.9540000000001) 
(56.69500000000001, 706.9300000000001) 
(57.290000000000006, 695.0894999999999) 
(49.7735, 640.344) 
(54.8655, 632.1735000000001) 
(66.4705, 628.1614999999999) 
(56.415, 670.5665) 
(49.141999999999996, 654.421) 
(44.3925, 599.558) 
(48.8965, 588.5759999999999) 
(59.289500000000004, 582.181) 
(53.051500000000004, 624.057) 
(46.13249999999999, 611.754) 
(47.1355, 543.315) 
(52.114000000000004, 538.633) 
(63.727000000000004, 537.8355) 
(50.55, 580.4965) 
(45.4035, 571.525) 
(44.211, 555.035) 
(49.91, 505.40200000000004) 
(55.5705, 495.36199999999997) 
(66.526, 491.421) 
(51.66850000000001, 525.471) 
(47.593500000000006, 512.9725) 
(58.015, 456.953) 
(62.83, 449.60900000000004) 
(66.75649999999999, 446.69450000000006) 
(75.46799999999999, 449.1815) 
(57.064, 487.8085) 
(55.212999999999994, 473.3115) 
(79.76400000000001, 410.39199999999994) 
(91.93549999999999, 407.4315) 
(68.746, 437.03950000000003) 
(71.637, 421.654) 
(88.84649999999999, 369.6975) 
(94.485, 362.89149999999995) 
(95.7305, 362.3565) 
(107.9365, 367.152) 
(84.69550000000001, 404.379) 
(83.4455, 393.704) 
(83.493, 380.101) 
(108.9375, 332.50249999999994) 
(118.9195, 327.255) 
(129.0385, 329.5635) 
(99.699, 349.2835) 
(127.5745, 295.70050000000003) 
(137.1235, 287.4415) 
(144.54899999999998, 281.882) 
(153.6315, 286.62149999999997) 
(122.3975, 319.74850000000004) 
(123.30499999999999, 306.102) 
(159.606, 250.88799999999998) 
(170.1905, 244.369) 
(182.7745, 251.5905) 
(144.9295, 275.85749999999996) 
(148.627, 263.4265) 
(183.75, 219.8315) 
(195.55, 212.755) 
(201.34900000000002, 210.623) 
(211.166, 221.1275) 
(174.06599999999997, 236.8975) 
(176.1705, 227.31850000000003) 
(214.422, 187.60500000000002) 
(225.042, 183.26500000000001) 
(234.5605, 180.69) 
(242.3565, 187.672) 
(206.91199999999998, 199.963) 
(258.90649999999994, 152.62650000000002) 
(267.61949999999996, 149.709) 
(271.2835, 150.0725) 
(278.0665, 158.502) 
(236.7375, 177.399) 
(245.1235, 164.734) 
(290.1685, 129.0895) 
(303.6, 125.2935) 
(314.7925, 133.063) 
(278.2265, 141.659) 
(327.8185, 108.281) 
(342.64599999999996, 105.5155) 
(355.4435, 114.959) 
(310.61400000000003, 125.014) 
(316.126, 118.0575) 
(363.1665, 90.115) 
(373.4785, 85.95949999999999) 
(385.3275, 85.175) 
(394.0445, 95.108) 
(351.256, 105.67999999999999) 
(355.3495, 99.14399999999999) 
(402.17550000000006, 74.9065) 
(411.6265, 70.298) 
(424.63750000000005, 72.7805) 
(436.6755, 81.784) 
(393.082, 82.48) 
(441.813, 63.99) 
(452.4495, 60.8765) 
(469.4445, 58.693999999999996) 
(477.90099999999995, 60.57300000000001) 
(482.9355, 75.174) 
(438.24800000000005, 69.95150000000001) 
(483.81899999999996, 57.986000000000004) 
(494.2995, 51.001000000000005) 
(504.97, 47.608000000000004) 
(517.692, 52.875) 
(527.877, 70.447) 
(530.879, 52.581999999999994) 
(539.8240000000001, 44.393) 
(549.8245, 42.057) 
(564.3140000000001, 47.708) 
(573.239, 58.038) 
(575.8900000000001, 50.1045) 
(579.4259999999999, 46.679) 
(592.6485, 44.400000000000006) 
(606.6700000000001, 43.0825) 
(614.464, 49.277) 
(619.8120000000001, 66.1975) 
(625.549, 51.133) 
(634.415, 46.024) 
(645.1685, 46.032) 
(659.6695, 53.403) 
(667.5609999999999, 59.650000000000006) 
(666.4525, 65.195) 
(676.7165, 56.619) 
(690.644, 54.072500000000005) 
(702.701, 58.931) 
(708.1585, 75.369) 
(710.958, 62.443) 
(713.5495000000001, 61.5075) 
(727.3845000000001, 63.291) 
(742.9935, 67.69749999999999) 
(748.9655, 74.22399999999999) 
(748.5425, 86.402) 
(757.5745, 76.7755) 
(767.1695, 75.4675) 
(779.831, 81.269) 
(791.3589999999999, 90.30199999999999) 
(790.479, 101.88550000000001) 
(797.4870000000001, 93.0095) 
(805.9110000000001, 92.62450000000001) 
(819.6985, 97.3495) 
(831.5695000000001, 105.19300000000001) 
(835.224, 110.407) 
(830.8465, 123.4425) 
(841.6525, 111.8415) 
(852.8425, 113.519) 
(865.7334999999999, 123.72999999999999) 
(874.7775, 135.927) 
(871.7774999999999, 147.2945) 
(881.6585, 138.439) 
(899.115, 144.83249999999998) 
(914.0895, 158.1685) 
(916.8995, 163.9665) 
(916.8855000000001, 164.75150000000002) 
(910.243, 173.5075) 
(928.6975, 169.2055) 
(945.133, 179.3865) 
(950.0720000000001, 189.486) 
(943.6120000000001, 199.78050000000002) 
(954.5535, 194.507) 
(965.915, 201.5975) 
(975.112, 210.89049999999997) 
(977.7995000000001, 221.863) 
(974.0715, 233.551) 
(982.193, 229.56400000000002) 
(989.9414999999999, 231.06150000000002) 
(1000.4165, 238.0335) 
(1008.628, 248.4085) 
(1009.9765, 259.39) 
(997.623, 272.6115) 
(1016.3775, 268.265) 
(1027.872, 276.3905) 
(1033.1205, 283.8385) 
(1033.844, 292.61) 
(1025.33, 306.125) 
(1037.374, 300.5615) 
(1046.8875000000003, 306.76050000000004) 
(1054.93, 318.29) 
(1055.7069999999999, 332.98699999999997) 
(1053.8245, 342.514) 
(1048.4474999999998, 345.6875) 
(1061.0865, 349.219) 
(1074.2485, 363.12850000000003) 
(1077.5034999999998, 379.2065) 
(1070.833, 389.33099999999996) 
(1079.761, 388.811) 
(1090.3899999999999, 396.381) 
(1098.0974999999999, 408.9865) 
(1098.3395, 421.044) 
(1096.424, 427.85249999999996) 
(1085.8505, 431.34900000000005) 
(1100.4145, 435.297) 
(1106.486, 446.51) 
(1107.067, 461.6645) 
(1106.4405, 471.2545) 
(1093.744, 474.074) 
(1109.871, 475.6545) 
(1115.1615000000002, 487.42) 
(1116.296, 500.74150000000003) 
(1112.251, 512.0245) 
(1100.687, 518.6460000000001) 
(1115.1315, 523.8495) 
(1121.7415, 531.2864999999999) 
(1122.9495, 539.268) 
(1118.3195, 555.359) 
(1100.205, 565.8530000000001) 
(1117.9115000000002, 568.6475) 
(1125.2465000000002, 582.181) 
(1125.58, 597.0245) 
(1121.1035000000002, 605.6185) 
(1136.578, 590.4085) 
(1135.601, 604.2295) 
(1135.616, 620.6235) 
(1134.5430000000001, 635.6865) 
(1144.237, 642.423) 
(1130.0320000000002, 649.525) 
(1126.9660000000001, 657.6955) 
(1128.086, 675.3344999999999) 
(1137.0570000000002, 682.6485) 
(1125.8555000000001, 688.0274999999999) 
(1121.1875, 702.3215) 
(1121.4344999999998, 716.8415) 
(1118.3465, 728.5355) 
(1111.294, 740.2835) 
(1103.6585, 758.491) 
(1100.9054999999998, 774.6904999999999) 
(1098.3875, 781.7080000000001) 
(1089.001, 796.2715) 
(1086.7994999999999, 811.374) 
(1081.7604999999999, 821.205) 
(1073.0700000000002, 833.902) 
(1068.9715, 845.7525) 
(1062.1129999999998, 860.1134999999999) 
(1052.4775, 871.3225) 
(1046.3125, 883.043) 
(1039.95, 895.952) 
(1031.031, 907.659) 
(1020.3515, 914.6585) 
(1012.3015, 931.1790000000001) 
(1003.2055, 942.5250000000001) 
(994.0725000000001, 949.3835) 
(997.2875000000001, 964.4269999999999) 
(985.4225, 961.646) 
(976.6775, 972.329) 
(965.844, 980.6089999999999) 
(954.8295, 986.508) 
(944.4255, 1002.9325) 
(937.572, 1010.396) 
(923.331, 1015.552) 
(914.3015, 1025.9845) 
(902.2505, 1033.98) 
(885.3265, 1043.929) 
(875.45, 1053.5325000000003) 
(865.3340000000001, 1058.4635) 
(864.086, 1070.2905) 
(852.406, 1067.6664999999998) 
(839.7065, 1059.099) 
(843.8215, 1072.4924999999998) 
(840.1585, 1084.4740000000002) 
(828.8335, 1078.7235) 
(815.175, 1084.969) 
(803.4765, 1088.6665) 
(792.5630000000001, 1095.1979999999999) 
(779.168, 1100.4425) 
(762.4405, 1103.57) 
(750.329, 1106.6705) 
(735.7860000000001, 1113.3185) 
(713.811, 1108.9565) 
(719.4825000000001, 1119.7325) 
(712.096, 1122.558) 
(697.1405, 1121.9965) 
(678.3365, 1125.7915) 
(668.1365000000001, 1127.3400000000001) 
(651.673, 1129.8265000000001) 
(637.134, 1132.2800000000002) 
(628.719, 1132.6554999999998) 
(611.8275, 1131.792) 
(598.7585, 1135.44) 
(585.1195, 1134.2265) 
(569.454, 1132.1525) 
(556.2925, 1133.063) 
(542.2984999999999, 1132.5215) 
(529.2829999999999, 1127.7115) 
(515.9135, 1127.4865) 
(497.26, 1127.9415000000001) 
(483.5135, 1124.203) 
(475.3375, 1122.5035) 
(456.226, 1121.8105) 
(446.195, 1120.4164999999998) 
(435.394, 1126.032) 
(433.322, 1111.262) 
(421.1785, 1110.415) 
(406.81600000000003, 1106.228) 
(392.3805, 1097.7179999999998) 
(375.06500000000005, 1096.5755) 
(362.9255, 1092.7885) 
(351.5935, 1085.7485000000001) 
(340.7345, 1092.3355000000001) 
(343.4335, 1077.1715) 
(328.2695, 1071.806) 
(315.8425, 1050.395) 
(314.307, 1064.3525) 
(306.82349999999997, 1059.4515) 
(291.9555, 1049.8200000000002) 
(278.2545, 1043.2644999999998) 
(268.964, 1048.6725) 
(267.278, 1030.9425) 
(258.4045, 1025.085) 
(240.799, 1016.8009999999999) 
(233.8585, 1010.34) 
(220.26049999999998, 998.7295) 
(211.697, 991.4445000000001) 
(203.223, 982.975) 
(197.00449999999998, 971.5345) 
(181.79000000000002, 975.5954999999999) 
(184.363, 962.0060000000001) 
(173.8845, 952.547) 
(164.3615, 939.489) 
(157.41899999999998, 928.374) 
(146.147, 918.418) 
(139.46550000000002, 908.572) 
(131.5425, 893.876) 
(120.89, 883.397) 
(113.8305, 872.6424999999999) 
(109.85650000000001, 856.8375) 
(96.96, 845.9825000000001) 
(93.49799999999999, 838.5415) 
(88.46549999999999, 822.076) 
(82.22399999999999, 808.0160000000001) 
(76.721, 798.667) 
(71.4345, 783.3165) 
(66.14750000000001, 767.296) 
(59.42, 755.9045) 
(55.77, 742.7825) 
(54.1565, 730.4335) 
(48.1935, 714.115) 
(45.849000000000004, 705.712) 
(45.8785, 687.9069999999999) 
(44.016000000000005, 679.012) 
(40.4645, 664.8990000000001) 
(37.9855, 647.4435000000001) 
(38.31, 633.392) 
(36.4725, 619.6605) 
(24.442500000000003, 625.913) 
(33.717, 606.391) 
(34.076, 594.161) 
(35.9595, 578.8755) 
(32.920500000000004, 563.544) 
(34.641999999999996, 549.1765) 
(23.3515, 557.6855) 
(36.9835, 537.915) 
(36.789500000000004, 517.5004999999999) 
(36.667, 507.874) 
(39.898, 496.906) 
(26.655, 499.378) 
(45.244, 481.037) 
(45.818, 462.0185) 
(48.879999999999995, 450.829) 
(54.5985, 441.14050000000003) 
(57.9705, 425.12550000000005) 
(63.2115, 412.0605) 
(71.3865, 397.72900000000004) 
(71.426, 382.923) 
(74.39699999999999, 373.095) 
(83.6825, 359.03499999999997) 
(88.00200000000001, 349.5395) 
(95.061, 333.27049999999997) 
(103.363, 321.67499999999995) 
(110.23249999999999, 309.06) 
(115.7945, 294.3645) 
(120.761, 285.6325) 
(132.109, 275.84950000000003) 
(137.8965, 262.125) 
(145.44600000000003, 249.4245) 
(158.00150000000002, 238.8715) 
(165.6225, 224.2295) 
(171.827, 216.059) 
(181.0405, 208.65599999999998) 
(193.303, 201.534) 
(203.24349999999998, 184.705) 
(210.35000000000002, 177.3135) 
(225.006, 170.489) 
(234.225, 161.25500000000002) 
(233.679, 146.40750000000003) 
(244.5775, 149.8865) 
(256.33349999999996, 142.282) 
(265.206, 136.957) 
(277.478, 125.41699999999999) 
(290.522, 117.07650000000001) 
(305.0185, 112.415) 
(316.834, 102.075) 
(329.7715, 95.898) 
(343.168, 92.6175) 
(340.3845, 76.9355) 
(352.566, 83.46199999999999) 
(362.7905, 77.097) 
(365.1195, 64.42599999999999) 
(375.8075, 73.2885) 
(390.84450000000004, 68.1805) 
(403.97950000000003, 60.99499999999999) 
(415.192, 59.399) 
(433.54200000000003, 54.1395) 
(442.65799999999996, 52.408500000000004) 
(458.89250000000004, 47.63549999999999) 
(473.14, 47.136) 
(485.4495, 42.399) 
(497.88, 38.046499999999995) 
(511.42350000000005, 38.2775) 
(529.277, 36.391) 
(542.585, 33.6265) 
(557.6255000000001, 32.8805) 
(575.6605, 34.96600000000001) 
(584.851, 34.191) 
(602.088, 33.093500000000006) 
(612.4485, 33.3685) 
(628.024, 35.8125) 
(640.153, 35.475) 
(654.9649999999999, 37.5685) 
(668.942, 44.77) 
(685.3915, 42.918000000000006) 
(698.751, 43.9675) 
(713.238, 49.1695) 
(722.891, 51.161500000000004) 
(735.052, 42.944500000000005) 
(739.5455000000001, 55.074) 
(750.857, 59.0085) 
(765.471, 63.667500000000004) 
(777.135, 66.7365) 
(792.0899999999999, 74.9185) 
(805.222, 79.8125) 
(816.577, 82.992) 
(831.083, 90.732) 
(841.8195000000001, 97.156) 
(854.267, 102.324) 
(865.836, 109.21799999999999) 
(877.6765, 105.37899999999999) 
(877.5740000000001, 119.89099999999999) 
(890.933, 125.655) 
(887.171, 136.824) 
(898.1865, 131.802) 
(913.0459999999999, 129.71349999999998) 
(914.2175, 142.476) 
(924.466, 153.404) 
(930.484, 157.966) 
(947.0540000000001, 154.8845) 
(945.3040000000001, 165.54149999999998) 
(956.6095, 178.793) 
(967.6155, 189.344) 
(978.511, 198.1175) 
(985.5515, 207.4205) 
(994.722, 219.353) 
(1003.2945, 226.5255) 
(1013.9580000000001, 237.26999999999998) 
(1020.2524999999999, 248.60000000000002) 
(1030.449, 263.1365) 
(1040.4470000000001, 274.7735) 
(1045.272, 282.70500000000004) 
(1051.2295, 295.557) 
(1060.913, 307.5155) 
(1066.8335, 320.794) 
(1068.612, 336.113) 
(1079.097, 348.85850000000005) 
(1089.69, 360.2085) 
(1082.115, 370.2825) 
(1093.4565, 369.06) 
(1095.2835, 384.864) 
(1103.5594999999998, 397.8835) 
(1109.4389999999999, 412.54400000000004) 
(1110.384, 423.67049999999995) 
(1115.1365, 438.2895) 
(1119.4335, 450.86199999999997) 
(1119.1464999999998, 466.1425) 
(1124.7845, 478.9325) 
(1128.3850000000002, 493.4225) 
(1128.0535, 507.305) 
(1141.403, 513.319) 
(1131.807, 524.52) 
(1133.9385, 532.627) 
(1133.4845, 547.9135) 
(1144.5395, 556.386) 
(1136.578, 567.6585) 
(1125.115, 572.4745) 
(1137.532, 575.866) 
(1146.6865, 584.49) 
(1146.8023092051671, 613.2461510259681) 
(1147.4127580453774, 630.1272962547985) 
(1139.869652670839, 670.6698929035305) 
(1133.6019352078283, 711.8834613740595) 
(1130.4949578228382, 725.9441859995117) 
(1126.1749719160312, 740.813253671604) 
(1119.270730668536, 754.9909485219015) 
(1115.3463292008691, 767.7037708258356) 
(1113.4162245351206, 782.0274457982036) 
(1107.0167534931024, 795.6290664033863) 
(1102.2358977162864, 808.9168536938838) 
(1097.0387465955248, 823.4510013790327) 
(1089.4278229825845, 832.7914346782928) 
(1084.525846312227, 845.1490041811857) 
(1078.3253831492705, 859.5951914160796) 
(1070.5157911091778, 874.4698609595828) 
(1060.614802127098, 885.6623140947158) 
(1052.652700908168, 896.8305865800284) 
(1045.9103497520773, 908.7377816683828) 
(1035.7984348366604, 920.7252318795933) 
(1027.090539658274, 930.7415017527661) 
(1019.3342805630037, 943.8617538851329) 
(990.9690420027955, 974.1828918371997) 
(980.2551942947, 984.905903385888) 
(968.7866661945644, 995.2006202418999) 
(958.1147238577211, 1002.3743346199914) 
(951.6286536028405, 1014.9973269492282) 
(936.4433478389999, 1023.4437443333632) 
(926.9372987162517, 1030.7476635209134) 
(915.522315890109, 1040.112970085377) 
(900.5650298902754, 1047.506268116716) 
(874.7336420298109, 1068.698116898748) 
(814.859441166101, 1099.6246825243497) 
(802.1792822237536, 1104.4169829737339) 
(788.2276536278105, 1109.6262468479067) 
(774.7585947289002, 1112.205575588073) 
(761.6754409936281, 1118.3721292247817) 
(745.9902839058412, 1123.5315138894719) 
(731.369397681, 1127.330061364176) 
(717.86994540974, 1133.9602361277764) 
(704.0769310468838, 1133.95030955791) 
(690.9726370328525, 1137.481714689323) 
(674.5414749897043, 1142.4197082759076) 
(659.63222011054, 1141.4452340487603) 
(647.6882747737831, 1144.7308374984243) 
(632.8037515089396, 1147.259878203548) 
(619.6243285862922, 1145.7288911580708) 
(607.3959513750377, 1147.832441191081) 
(590.7432343530328, 1149.1326958838506) 
(577.5100338964614, 1146.5825057681761) 
(563.4382097163339, 1147.2244671653357) 
(549.0974949990275, 1147.3437761324708) 
(535.2144879367968, 1146.3189102035185) 
(520.1347438488518, 1145.6059424622763) 
(504.69794773685715, 1140.3020801748899) 
(491.4554412138683, 1139.5970899074048) 
(477.13576342627005, 1139.5254519182245) 
(462.67232001618527, 1133.6313057501686) 
(423.9857204329459, 1126.1800873395207) 
(409.5580951961441, 1120.225209245482) 
(395.53401123799887, 1114.9359583703579) 
(381.2421363950812, 1109.5157907400162) 
(351.64926025737367, 1098.1477379663513) 
(328.88336611381925, 1085.6393205095005) 
(318.2180604994517, 1078.2542394938353) 
(305.43037699421996, 1074.1976703614946) 
(292.5648218039013, 1063.1666229501698) 
(242.5270894314284, 1031.2919229972763) 
(227.5428011285369, 1023.7773193011253) 
(220.01385926676943, 1012.8434294323115) 
(207.09119584450536, 1005.6798382736034) 
(197.38590324858978, 994.8347154805344) 
(189.34087523235505, 984.8532087819766) 
(160.32854782054847, 954.3812489366062) 
(149.68791019478184, 943.6048662391476) 
(140.48582745826178, 932.5224811032125) 
(130.25489529148211, 921.082713150556) 
(123.62615960919305, 908.4457728973591) 
(114.0470906155653, 896.9410199004069) 
(106.66945298576485, 884.2509387389147) 
(99.85944435455913, 871.6545892335845) 
(93.09328905120613, 861.0069326745688) 
(82.697470181126, 849.6433810655088) 
(77.8321015376048, 835.9075575349992) 
(71.27024095519035, 822.8424222944333) 
(64.9616720834707, 809.114178499703) 
(61.284315399867836, 794.2780578845948) 
(56.68171534827644, 780.297382247801) 
(51.41742625905677, 766.0236716492255) 
(47.306725097681664, 753.5947134426111) 
(42.06450568621772, 740.3042185577879) 
(40.4238512841928, 726.2046458784802) 
(34.03756358513319, 714.4466710322193) 
(33.417767199355005, 698.9200433741483) 
(29.448347683977442, 685.40436538764) 
(29.081803613525157, 671.4795861016298) 
(26.903302259048797, 658.4535465780286) 
(23.614726505508074, 614.4556049515451) 
(21.963797263321325, 601.3736496032061) 
(22.247562914498104, 586.7234896083111) 
(25.402258286582267, 527.2539881312033) 
(24.084952218678517, 511.8012003345993) 
(33.9989138962983, 469.29374687419886) 
(35.472943341531064, 455.4372981468766) 
(38.14651261261739, 440.6753286247184) 
(44.11056045913813, 427.9531482493384) 
(48.01635597202977, 414.62557146970994) 
(52.0750678566616, 399.0726551067662) 
(57.745800931706235, 386.541750729433) 
(61.28349216709482, 375.1812755821406) 
(66.20988238255036, 360.20058358205074) 
(72.90218639598069, 344.4229227027995) 
(82.84693730057634, 332.970225018669) 
(86.1676791874013, 321.21705435102297) 
(93.71393020299199, 308.32433042802353) 
(99.47434686908058, 295.7497073726025) 
(105.93264007288397, 283.10192996332495) 
(113.56168673666001, 271.9159253933887) 
(120.44732467203957, 258.87852805265356) 
(132.81834342629602, 247.3266966481071) 
(142.73257118274364, 236.60327869883778) 
(150.8467535685079, 225.14173898529822) 
(160.19208156281505, 212.521652790142) 
(168.6680155581443, 204.58346910691685) 
(176.5023817789114, 194.78063593551494) 
(187.77181416211604, 185.11440193900694) 
(196.71951469352035, 172.96884549209116) 
(208.92523978997716, 163.38352528105068) 
(240.2661521297382, 138.08830919556024) 
(251.63625729169678, 127.64506775930927) 
(265.45465187286646, 120.74225296273733) 
(276.5493451796888, 112.3098488734735) 
(305.2853691090447, 94.86704574917837) 
(318.2755952799556, 87.76707117459884) 
(330.0531416757751, 82.4002717499405) 
(392.6025461734287, 53.315500200408) 
(407.777343666202, 46.811838795931244) 
(420.653689518329, 46.42884252502526) 
(434.498011910314, 39.069654714234595) 
(449.01735392884643, 37.940129761469564) 
(462.62007983105855, 33.667253091697404) 
(476.5285147742388, 30.6064718717038) 
(489.16047349338646, 28.537805294148523) 
(504.9567791956124, 24.384099175815987) 
(518.3388908728921, 26.725506294940185) 
(532.4494390929781, 22.2515890362897) 
(549.5505928349401, 18.654342566350827) 
(565.8271202047574, 21.42723813164066) 
(580.3815015934065, 19.541741550182728) 
(594.2191908238829, 22.092546429302107) 
(607.2534005448249, 19.22002906410722) 
(621.0951525350117, 22.4569819848439) 
(634.120796528253, 20.88532647956751) 
(649.8155746504063, 24.137971732361926) 
(664.2172550072524, 27.531854750858486) 
(677.7748123954783, 29.163758314027408) 
(693.0902449075505, 30.471677512686195) 
(708.1101406024582, 34.32298192082099) 
(747.3736503623293, 43.86220694815189) 
(761.4921796971615, 49.20604907066951) 
(775.4952809228222, 52.91341813051007) 
(789.3942007028772, 60.37852226570196) 
(802.3831328194018, 64.76173171094024) 
(815.8852526857477, 69.97489013133179) 
(827.9874702195635, 76.17985874308266) 
(855.8964117089405, 88.7086974743003) 
(868.7452818047008, 96.92285060195566) 
(888.3831360887241, 110.45553468134922) 
(940.2103534538501, 145.3535143616036) 
(972.7797185820353, 174.52567723682768) 
(981.1924952813057, 184.96806487008843) 
(991.2344257955509, 193.27734326200382) 
(1000.1646069987039, 203.78828962465613) 
(1010.2352468376818, 213.75233085641588) 
(1018.2936074573927, 225.00470590704998) 
(1028.107010553773, 236.2216878849949) 
(1035.6779818333735, 248.76427625974108) 
(1045.954104769907, 259.3809636689714) 
(1056.2946468473513, 271.0288220329007) 
(1061.2578554197642, 283.6626097730675) 
(1067.9311764707375, 295.1900997402488) 
(1075.8535300702206, 308.30605985825537) 
(1082.045732893818, 322.7482690707027) 
(1087.5038143892668, 336.01857413887416) 
(1093.3632343717663, 346.38723995210415) 
(1104.7457016790772, 357.46668965529864) 
(1105.9415240423987, 373.1498031365641) 
(1111.5608545934952, 385.4825615119684) 
(1118.2340444474382, 399.02202121226526) 
(1123.0482397444339, 414.151687024594) 
(1126.3300143704766, 427.71642933193493) 
(1129.9251037997508, 441.3783952647212) 
(1132.7855655052206, 454.926007076283) 
(1137.353267289975, 467.96377949309885) 
(1139.0249122880725, 484.3350288977794) 
(1145.6111783923734, 525.0144106023621) 
(1148.045270121963, 597.2275659124497) 
(1143.6989401716874, 655.1759425143299) 
(1135.952031211235, 695.7541592376725) 
(1006.9430124343214, 957.0558501890043) 
(888.9869203122969, 1058.2890419345301) 
(855.9468914217143, 1079.8693984931688) 
(828.7711139331734, 1091.2698445203418) 
(447.4553618199605, 1131.9786056932933) 
(365.74178839587046, 1105.6416781392468) 
(280.02121924517303, 1055.2869347325766) 
(255.08130198665503, 1042.141118334315) 
(171.06305269842593, 965.775485519094) 
(24.520440240284323, 640.9782486484161) 
(22.21688025096255, 571.0486776788764) 
(22.03748734583235, 543.9094744236953) 
(29.775956568519632, 484.8061026234134) 
(221.96365776496881, 152.58785241253761) 
(291.12087585646077, 102.59889181078007) 
(351.82611354034395, 70.02164554683631) 
(378.7839735506059, 59.01720437599425) 
(722.8327797363297, 36.87499842732794) 
(842.0149229712604, 80.96925168766504) 
(904.3639225799315, 118.37676787812337) 
(926.5214763549586, 135.90777266414386) 
(959.2633713281418, 163.1085405627644) 
(1141.0759872542487, 499.7385978290348) 
(1145.7536136122092, 541.045663662712) 
(1148.4231745760221, 571.8107321356206) 
(584.272, 584.203) 
(572.802, 577.8149999999999) 
(584.272, 593.756) 
(569.123, 594.294) 
(567.2909999999999, 591.365) 
(599.5930000000001, 578.5930000000001) 
(599.54, 593.912) 
(584.9689999999999, 594.429) 
(547.96, 592.434) 
(567.104, 598.097) 
(546.3599999999999, 595.737) 
(584.9689999999999, 611.391) 
(579.037, 613.032) 
(601.5390000000001, 611.464) 
(589.007, 614.463) 
(576.656, 632.084) 
(575.637, 631.47) 
(539.354, 578.254) 
(543.3090000000001, 597.04) 
(531.218, 594.0609999999999) 
(530.572, 594.333) 
(531.884, 614.9) 
(548.862, 544.738) 
(541.4440000000001, 548.316) 
(553.501, 558.55) 
(542.678, 562.824) 
(599.8299999999999, 510.81399999999996) 
(597.967, 515.285) 
(606.5690000000001, 507.83900000000006) 
(615.366, 511.096) 
(608.581, 525.4799999999999) 
(578.609, 506.80099999999993) 
(579.446, 512.908) 
(575.415, 504.08299999999997) 
(563.0889999999999, 503.55899999999997) 
(562.412, 520.389) 
(558.4010000000001, 515.297) 
(547.055, 516.938) 
(549.52, 535.538) 
(542.956, 527.7539999999999) 
(532.025, 529.62) 
(529.762, 535.59) 
(575.638, 648.657) 
(563.4789999999999, 650.972) 
(559.0, 647.528) 
(558.904, 646.694) 
(580.588, 666.307) 
(574.6080000000001, 670.496) 
(564.687, 667.8340000000001) 
(538.435, 636.3760000000001) 
(533.0200000000001, 618.5659999999999) 
(533.101, 641.5809999999999) 
(525.885, 635.6279999999999) 
(544.726, 653.912) 
(533.22, 644.421) 
(552.098, 671.316) 
(543.347, 664.0970000000001) 
(509.665, 523.097) 
(509.583, 523.2090000000001) 
(524.5020000000001, 520.698) 
(511.06300000000005, 532.945) 
(686.099, 600.785) 
(676.7220000000001, 599.225) 
(689.1429999999999, 606.525) 
(685.697, 614.0250000000001) 
(668.602, 611.183) 
(682.928, 578.819) 
(676.921, 580.6139999999999) 
(692.178, 587.5550000000001) 
(685.0469999999999, 569.8969999999999) 
(667.452, 566.0070000000001) 
(540.138, 508.31499999999994) 
(528.792, 509.95599999999996) 
(558.757, 496.862) 
(544.706, 496.264) 
(543.994, 495.184) 
(521.292, 500.434) 
(594.259, 678.8610000000001) 
(592.723, 682.284) 
(612.798, 681.3580000000001) 
(613.9, 690.8109999999999) 
(611.987, 692.3580000000001) 
(599.53, 693.241) 
(633.706, 675.2249999999999) 
(631.667, 685.96) 
(634.103, 674.928) 
(651.334, 688.608) 
(643.668, 504.75199999999995) 
(642.147, 509.12800000000004) 
(651.919, 501.613) 
(659.821, 506.03600000000006) 
(653.596, 519.737) 
(623.5319999999999, 502.803) 
(621.875, 508.00199999999995) 
(613.1320000000001, 493.363) 
(522.543, 654.842) 
(512.673, 651.81) 
(510.53800000000007, 646.199) 
(534.937, 667.858) 
(539.584, 682.6719999999999) 
(497.021, 525.2379999999999) 
(494.00699999999995, 541.021) 
(492.983, 539.9399999999999) 
(485.18, 557.647) 
(477.705, 556.091) 
(476.968, 553.086) 
(486.696, 576.804) 
(481.54999999999995, 578.037) 
(475.423, 573.952) 
(468.314, 592.831) 
(464.755, 590.4639999999999) 
(569.986, 483.3) 
(564.3059999999999, 482.965) 
(556.69, 477.191) 
(505.552, 500.434) 
(504.65000000000003, 499.924) 
(493.329, 504.181) 
(488.164, 651.956) 
(600.688, 712.932) 
(451.241, 598.24) 
(465.246, 605.5319999999999) 
(451.462, 600.388) 
(535.277, 422.911) 
(527.372, 427.64799999999997) 
(541.314, 425.543) 
(544.652, 441.142) 
(526.996, 434.182) 
(698.025, 566.206) 
(705.7900000000001, 573.012) 
(699.7860000000001, 586.0790000000001) 
(719.448, 556.6999999999999) 
(710.087, 551.381) 
(712.623, 571.554) 
(671.4250000000001, 491.028) 
(664.508, 485.762) 
(670.2399999999999, 500.301) 
(698.193, 608.031) 
(698.241, 625.145) 
(708.5010000000001, 594.3100000000001) 
(723.194, 580.819) 
(719.602, 590.683) 
(685.1930000000001, 485.263) 
(692.098, 499.319) 
(672.1049999999999, 691.663) 
(653.1709999999999, 688.917) 
(672.669, 698.251) 
(666.751, 702.38) 
(690.0070000000001, 686.055) 
(695.189, 694.5210000000001) 
(682.948, 703.0640000000001) 
(709.4430000000001, 676.591) 
(701.148, 671.418) 
(709.683, 685.844) 
(696.774, 694.852) 
(715.705, 655.566) 
(706.692, 654.7199999999999) 
(721.4920000000001, 668.182) 
(721.249, 647.755) 
(706.0880000000001, 638.659) 
(722.367, 533.7330000000001) 
(712.6550000000001, 533.9620000000001) 
(727.956, 542.2289999999999) 
(721.63, 555.997) 
(715.5409999999999, 512.7159999999999) 
(709.057, 516.817) 
(728.822, 519.683) 
(708.192, 495.74) 
(695.8259999999999, 500.764) 
(715.032, 500.1449999999999) 
(685.763, 483.745) 
(700.5980000000001, 477.534) 
(707.6360000000001, 482.014) 
(736.6890000000001, 564.5550000000001) 
(731.546, 578.678) 
(432.149, 599.7940000000001) 
(435.53999999999996, 609.615) 
(431.044, 606.3499999999999) 
(743.922, 589.525) 
(744.168, 593.567) 
(678.775, 469.519) 
(668.292, 470.234) 
(675.532, 447.014) 
(665.821, 452.053) 
(676.107, 447.20300000000003) 
(683.253, 461.752) 
(605.114, 742.863) 
(603.028, 720.923) 
(592.734, 739.377) 
(421.52, 610.242) 
(429.526, 628.951) 
(419.39700000000005, 622.842) 
(740.797, 541.925) 
(745.852, 548.967) 
(740.715, 563.074) 
(657.316, 432.524) 
(653.993, 437.74) 
(668.792, 433.29400000000004) 
(649.9359999999999, 418.962) 
(636.316, 426.079) 
(650.555, 419.15999999999997) 
(636.07, 431.937) 
(625.457, 419.185) 
(617.4079999999999, 425.931) 
(617.936, 436.102) 
(611.63, 403.36) 
(605.4079999999999, 410.789) 
(624.971, 411.829) 
(754.832, 571.095) 
(755.693, 576.357) 
(532.788, 733.637) 
(527.9549999999999, 719.518) 
(525.47, 739.072) 
(515.423, 730.909) 
(546.512, 746.263) 
(542.89, 753.713) 
(537.3090000000001, 754.95) 
(525.336, 745.22) 
(564.947, 750.305) 
(565.114, 756.4490000000001) 
(554.3050000000001, 762.988) 
(584.5129999999999, 745.6800000000001) 
(584.723, 755.938) 
(574.977, 761.835) 
(605.4490000000001, 743.841) 
(602.96, 758.582) 
(595.807, 762.038) 
(451.45000000000005, 505.96) 
(438.077, 501.84799999999996) 
(441.50899999999996, 519.752) 
(431.431, 509.64699999999993) 
(429.269, 509.73199999999997) 
(442.214, 522.888) 
(422.168, 527.5840000000001) 
(419.27799999999996, 521.457) 
(699.371, 460.652) 
(699.936, 461.159) 
(516.1569999999999, 422.456) 
(506.39199999999994, 429.333) 
(508.037, 438.44100000000003) 
(497.303, 425.605) 
(488.813, 431.585) 
(499.662, 447.015) 
(684.278, 718.548) 
(672.083, 719.665) 
(468.114, 701.572) 
(456.4, 711.135) 
(473.127, 715.721) 
(465.817, 721.443) 
(461.267, 720.46) 
(487.531, 727.604) 
(484.92, 733.367) 
(472.669, 734.573) 
(507.50300000000004, 732.223) 
(501.71500000000003, 742.523) 
(491.86800000000005, 743.064) 
(511.44999999999993, 755.533) 
(510.985, 755.46) 
(411.469, 626.4830000000001) 
(430.178, 631.6) 
(410.693, 641.619) 
(409.177, 640.081) 
(690.1850000000001, 439.898) 
(698.732, 444.859) 
(730.1659999999999, 519.225) 
(746.032, 527.5490000000001) 
(731.485, 647.13) 
(739.8820000000001, 655.796) 
(739.487, 659.898) 
(725.898, 669.3820000000001) 
(752.361, 638.81) 
(746.709, 634.869) 
(752.363, 647.085) 
(759.848, 548.636) 
(763.899, 560.952) 
(590.658, 394.521) 
(588.894, 401.84700000000004) 
(597.902, 391.59) 
(611.105, 399.971) 
(578.328, 386.693) 
(568.616, 395.71) 
(569.996, 401.75100000000003) 
(554.373, 391.32099999999997) 
(553.468, 410.599) 
(549.101, 405.262) 
(535.241, 407.528) 
(532.109, 404.872) 
(514.824, 407.69899999999996) 
(728.6460000000001, 494.613) 
(736.429, 505.597) 
(721.198, 476.337) 
(730.2520000000001, 489.114) 
(413.89500000000004, 592.1189999999999) 
(408.80899999999997, 598.309) 
(409.175, 601.2760000000001) 
(397.883, 614.749) 
(398.539, 618.6850000000001) 
(757.266, 616.597) 
(750.8000000000001, 617.092) 
(765.967, 629.3149999999999) 
(762.71, 601.167) 
(745.01, 594.558) 
(763.6039999999999, 603.383) 
(770.558, 584.804) 
(748.272, 504.49399999999997) 
(754.351, 512.3720000000001) 
(749.283, 526.2900000000001) 
(704.797, 707.958) 
(700.207, 717.1039999999999) 
(684.294, 718.561) 
(720.001, 692.2779999999999) 
(719.514, 706.61) 
(409.729, 520.184) 
(408.39799999999997, 540.126) 
(399.918, 533.908) 
(399.69100000000003, 531.9639999999999) 
(390.112, 545.416) 
(402.12199999999996, 557.24) 
(394.526, 556.206) 
(402.659, 575.763) 
(396.998, 577.908) 
(385.19100000000003, 568.261) 
(395.009, 590.12) 
(387.133, 593.798) 
(384.987, 606.971) 
(623.094, 756.62) 
(619.392, 765.344) 
(616.847, 766.225) 
(715.366, 460.106) 
(722.797, 470.752) 
(641.576, 759.091) 
(642.3839999999999, 766.159) 
(632.137, 772.359) 
(658.756, 752.144) 
(662.715, 757.5840000000001) 
(656.596, 771.358) 
(654.505, 772.109) 
(676.563, 740.618) 
(670.6990000000001, 737.954) 
(678.0310000000001, 755.961) 
(685.7760000000001, 734.043) 
(708.174, 730.12) 
(696.117, 738.741) 
(733.178, 685.255) 
(750.457, 671.219) 
(749.403, 677.936) 
(734.703, 685.77) 
(676.865, 421.251) 
(689.703, 427.987) 
(764.1759999999999, 534.104) 
(765.571, 540.529) 
(531.3449999999999, 767.221) 
(520.485, 768.143) 
(711.793, 438.08200000000005) 
(720.09, 449.532) 
(389.492, 629.48) 
(394.194, 642.379) 
(767.8040000000001, 511.11899999999997) 
(772.6990000000001, 523.123) 
(425.407, 486.398) 
(420.788, 488.361) 
(418.445, 498.88) 
(404.134, 504.07900000000006) 
(403.202, 506.342) 
(636.4530000000001, 402.204) 
(642.049, 403.354) 
(630.019, 389.469) 
(620.792, 388.40599999999995) 
(776.991, 563.686) 
(779.635, 569.037) 
(772.34, 584.2460000000001) 
(762.9200000000001, 654.447) 
(762.2959999999999, 664.91) 
(744.096, 483.488) 
(752.341, 493.317) 
(736.797, 465.399) 
(745.895, 476.244) 
(664.631, 411.43800000000005) 
(675.922, 417.53499999999997) 
(652.8629999999999, 394.289) 
(663.685, 399.449) 
(731.9630000000001, 448.299) 
(738.949, 457.101) 
(721.895, 708.858) 
(721.357, 724.682) 
(712.151, 730.928) 
(494.73499999999996, 409.55) 
(494.471, 409.923) 
(513.297, 406.51500000000004) 
(475.389, 413.043) 
(477.377, 426.564) 
(553.745, 771.082) 
(540.049, 779.3679999999999) 
(456.08799999999997, 415.877) 
(455.599, 416.58099999999996) 
(475.031, 412.781) 
(457.58500000000004, 426.724) 
(440.248, 419.091) 
(440.99399999999997, 435.174) 
(436.29400000000004, 428.755) 
(421.90299999999996, 431.108) 
(429.71799999999996, 449.41700000000003) 
(422.236, 445.328) 
(409.682, 452.974) 
(426.646, 466.774) 
(416.235, 466.132) 
(408.079, 478.44199999999995) 
(405.644, 478.83799999999997) 
(397.78799999999995, 490.621) 
(389.447, 511.339) 
(387.394, 522.947) 
(593.475, 775.849) 
(586.4549999999999, 779.2710000000001) 
(575.286, 773.221) 
(609.8919999999999, 782.618) 
(607.51, 783.452) 
(564.517, 779.8349999999999) 
(741.462, 700.509) 
(737.4540000000001, 707.433) 
(759.24, 688.0880000000001) 
(754.0400000000001, 699.357) 
(766.22, 629.361) 
(776.685, 644.659) 
(775.993, 647.479) 
(390.855, 648.0200000000001) 
(401.306, 660.433) 
(394.164, 658.234) 
(386.601, 668.275) 
(401.543, 679.025) 
(391.815, 680.552) 
(388.869, 685.858) 
(408.42400000000004, 695.8100000000001) 
(400.011, 701.69) 
(394.98, 700.245) 
(421.036, 709.456) 
(418.011, 714.909) 
(405.714, 715.12) 
(439.316, 714.6320000000001) 
(438.18600000000004, 721.843) 
(425.184, 726.857) 
(448.679, 730.313) 
(777.8389999999999, 608.699) 
(778.857, 620.543) 
(785.7460000000001, 591.8639999999999) 
(786.2679999999999, 602.297) 
(702.295, 420.02099999999996) 
(712.677, 434.348) 
(539.631, 781.4029999999999) 
(563.9920000000001, 787.799) 
(550.258, 796.234) 
(743.463, 720.5350000000001) 
(733.442, 729.02) 
(782.234, 545.4069999999999) 
(783.932, 549.215) 
(785.4179999999999, 524.869) 
(788.942, 531.42) 
(615.313, 377.563) 
(601.465, 376.791) 
(697.612, 754.087) 
(678.2479999999999, 756.1379999999999) 
(468.454, 742.366) 
(453.55600000000004, 743.833) 
(448.613, 739.048) 
(632.37, 783.747) 
(622.775, 789.596) 
(486.024, 753.463) 
(474.317, 753.599) 
(496.118, 766.5020000000001) 
(493.436, 765.963) 
(515.273, 778.865) 
(503.53000000000003, 779.002) 
(537.894, 384.956) 
(532.072, 389.26500000000004) 
(553.631, 389.806) 
(518.856, 385.192) 
(511.88199999999995, 390.843) 
(765.7389999999999, 490.956) 
(771.486, 505.05) 
(789.869, 625.699) 
(789.457, 637.852) 
(794.275, 572.0939999999999) 
(795.476, 584.967) 
(468.961, 762.553) 
(453.834, 762.729) 
(452.409, 761.224) 
(376.974, 610.6780000000001) 
(374.34499999999997, 626.818) 
(639.0649999999999, 378.669) 
(651.64, 384.664) 
(773.98, 673.057) 
(767.71, 686.646) 
(692.7990000000001, 404.806) 
(686.289, 404.643) 
(702.616, 418.35299999999995) 
(676.26, 390.804) 
(499.868, 387.14) 
(491.955, 394.154) 
(384.478, 568.342) 
(373.904, 585.947) 
(373.3, 582.778) 
(363.23199999999997, 599.7289999999999) 
(363.79200000000003, 602.7280000000001) 
(374.121, 528.2710000000001) 
(373.73, 529.192) 
(379.684, 543.747) 
(761.617, 469.855) 
(768.318, 486.288) 
(754.574, 452.521) 
(761.63, 469.825) 
(718.328, 746.917) 
(714.971, 752.414) 
(697.7919999999999, 754.2339999999999) 
(736.077, 743.5880000000001) 
(734.896, 745.163) 
(589.2969999999999, 369.696) 
(577.7529999999999, 380.414) 
(596.924, 370.683) 
(564.5989999999999, 372.063) 
(559.726, 373.68800000000005) 
(548.181, 366.359) 
(537.8629999999999, 371.751) 
(727.0649999999999, 426.88300000000004) 
(735.859, 437.016) 
(717.552, 408.90500000000003) 
(728.163, 421.134) 
(679.736, 771.697) 
(670.083, 778.084) 
(699.311, 769.818) 
(689.458, 776.338) 
(584.33, 791.851) 
(573.844, 795.804) 
(601.1339999999999, 798.479) 
(594.5129999999999, 800.125) 
(648.5699999999999, 788.995) 
(644.7669999999999, 790.462) 
(670.788, 789.6339999999999) 
(660.928, 795.689) 
(523.2679999999999, 791.3019999999999) 
(523.138, 791.2719999999999) 
(798.347, 553.4350000000001) 
(799.6410000000001, 567.303) 
(386.20799999999997, 490.088) 
(378.49300000000005, 502.13699999999994) 
(749.349, 434.406) 
(755.745, 450.091) 
(784.249, 659.547) 
(778.531, 671.823) 
(480.314, 390.567) 
(472.723, 397.077) 
(549.881, 798.101) 
(571.639, 808.8610000000001) 
(558.517, 810.153) 
(762.506, 711.3439999999999) 
(749.9449999999999, 721.979) 
(581.8820000000001, 358.00100000000003) 
(569.726, 358.506) 
(369.61, 556.195) 
(369.559, 555.629) 
(357.995, 569.826) 
(358.709, 574.119) 
(359.30600000000004, 534.945) 
(357.62300000000005, 545.876) 
(533.824, 807.963) 
(798.203, 607.913) 
(797.763, 620.8639999999999) 
(806.573, 590.0640000000001) 
(806.132, 603.067) 
(623.034, 802.227) 
(611.2729999999999, 806.7180000000001) 
(784.5020000000001, 503.838) 
(790.9699999999999, 513.293) 
(782.3670000000001, 483.812) 
(789.2090000000001, 493.813) 
(801.569, 645.404) 
(795.689, 658.411) 
(623.12, 365.62899999999996) 
(637.745, 372.602) 
(354.806, 614.332) 
(374.063, 627.0179999999999) 
(358.665, 624.312) 
(373.81199999999995, 647.987) 
(371.15700000000004, 644.86) 
(371.593, 666.435) 
(370.947, 665.574) 
(803.765, 533.454) 
(805.1080000000001, 547.861) 
(479.591, 776.245) 
(475.634, 775.338) 
(497.79400000000004, 789.2090000000001) 
(486.097, 788.711) 
(707.201, 392.475) 
(702.646, 392.56) 
(718.118, 405.05600000000004) 
(461.176, 393.519) 
(453.128, 400.76) 
(423.75, 731.028) 
(432.18600000000004, 745.0790000000001) 
(430.568, 749.6650000000001) 
(437.589, 761.396) 
(463.338, 784.47) 
(452.86199999999997, 777.464) 
(720.533, 766.812) 
(709.009, 774.438) 
(663.498, 374.724) 
(665.377, 374.956) 
(676.376, 390.13399999999996) 
(653.629, 361.105) 
(647.554, 360.892) 
(528.788, 366.269) 
(517.672, 372.07800000000003) 
(778.061, 463.148) 
(786.11, 474.914) 
(778.792, 698.083) 
(778.7030000000001, 699.885) 
(764.82, 711.639) 
(791.475, 681.236) 
(791.694, 687.16) 
(407.506, 452.346) 
(393.794, 460.697) 
(393.218, 468.483) 
(379.385, 476.908) 
(374.652, 502.722) 
(367.32, 514.008) 
(355.62899999999996, 513.7) 
(348.17900000000003, 525.8530000000001) 
(639.605, 805.149) 
(631.161, 807.701) 
(509.751, 367.755) 
(497.52200000000005, 374.147) 
(691.51, 379.728) 
(348.598, 590.9029999999999) 
(347.926, 586.774) 
(442.08599999999996, 397.357) 
(431.519, 407.16799999999995) 
(755.9979999999999, 735.176) 
(752.1790000000001, 741.8829999999999) 
(773.34, 723.702) 
(768.756, 733.8249999999999) 
(622.1759999999999, 362.261) 
(606.264, 354.674) 
(588.9029999999999, 344.586) 
(605.61, 352.55199999999996) 
(806.264, 512.122) 
(807.886, 529.5079999999999) 
(507.40799999999996, 801.923) 
(504.48199999999997, 801.219) 
(533.737, 808.339) 
(517.496, 818.313) 
(516.243, 817.981) 
(771.106, 445.589) 
(779.6070000000001, 458.015) 
(804.288, 670.389) 
(564.318, 351.016) 
(548.7990000000001, 351.65999999999997) 
(589.348, 812.299) 
(576.067, 813.606) 
(737.673, 760.5189999999999) 
(725.681, 768.455) 
(814.8349999999999, 570.476) 
(814.333, 585.273) 
(818.831, 551.8779999999999) 
(818.292, 567.762) 
(679.798, 362.86800000000005) 
(691.884, 376.796) 
(553.677, 820.835) 
(541.96, 821.317) 
(812.4200000000001, 627.7270000000001) 
(804.882, 644.4) 
(820.746, 609.9440000000001) 
(812.764, 627.6) 
(690.604, 788.3149999999999) 
(680.355, 794.609) 
(710.179, 786.436) 
(699.722, 792.858) 
(351.56100000000004, 633.486) 
(356.202, 644.831) 
(639.086, 349.207) 
(630.5840000000001, 349.41) 
(742.996, 413.43800000000005) 
(745.2760000000001, 414.27599999999995) 
(751.7080000000001, 430.05) 
(732.209, 396.142) 
(736.504, 397.517) 
(661.264, 808.0580000000001) 
(649.8739999999999, 812.89) 
(400.871, 722.576) 
(407.175, 737.42) 
(406.81800000000004, 738.264) 
(414.161, 755.555) 
(490.986, 370.947) 
(478.39799999999997, 377.52599999999995) 
(346.977, 550.122) 
(345.218, 562.2439999999999) 
(765.963, 427.29200000000003) 
(773.634, 438.50600000000003) 
(609.177, 819.803) 
(595.8299999999999, 821.118) 
(374.26599999999996, 688.1500000000001) 
(368.93, 682.783) 
(383.79999999999995, 708.059) 
(371.927, 702.51) 
(403.54200000000003, 431.358) 
(400.252, 437.78000000000003) 
(419.132, 428.80899999999997) 
(387.501, 439.865) 
(383.019, 451.717) 
(829.151, 592.0790000000001) 
(821.14, 609.799) 
(824.395, 531.774) 
(823.836, 548.259) 
(477.903, 801.6020000000001) 
(477.277, 801.7339999999999) 
(463.537, 792.5450000000001) 
(758.6310000000001, 755.95) 
(746.214, 764.167) 
(789.7149999999999, 711.249) 
(784.717, 722.497) 
(804.749, 492.36600000000004) 
(806.5600000000001, 511.772) 
(801.27, 472.24300000000005) 
(802.9979999999999, 473.56100000000004) 
(804.7520000000001, 492.362) 
(425.639, 406.606) 
(418.748, 412.394) 
(439.682, 783.957) 
(432.085, 771.38) 
(339.507, 601.572) 
(343.325, 612.3140000000001) 
(471.324, 373.91799999999995) 
(458.63599999999997, 380.54900000000004) 
(731.479, 783.462) 
(719.273, 790.9580000000001) 
(726.918, 383.166) 
(715.9720000000001, 381.567) 
(351.178, 652.298) 
(355.85299999999995, 663.7239999999999) 
(413.545, 756.965) 
(419.77, 771.624) 
(547.2249999999999, 350.085) 
(528.752, 350.851) 
(509.18699999999995, 350.89300000000003) 
(508.31800000000004, 351.885) 
(527.981, 350.114) 
(405.468, 409.74300000000005) 
(397.37, 418.964) 
(385.08, 722.846) 
(383.834, 724.228) 
(391.06, 744.341) 
(385.26300000000003, 740.722) 
(622.853, 338.74199999999996) 
(613.394, 339.211) 
(377.591, 476.406) 
(363.439, 485.025) 
(362.77, 491.782) 
(348.463, 500.49600000000004) 
(760.9590000000001, 406.13899999999995) 
(769.515, 418.646) 
(663.929, 348.81) 
(668.014, 348.774) 
(679.836, 362.399) 
(834.101, 571.063) 
(836.5780000000001, 575.938) 
(829.306, 592.0210000000001) 
(628.448, 822.924) 
(613.5, 824.397) 
(648.221, 826.33) 
(632.985, 827.831) 
(793.708, 452.284) 
(799.75, 455.955) 
(337.07599999999996, 566.132) 
(335.195, 579.096) 
(804.362, 696.372) 
(798.4409999999999, 709.699) 
(490.409, 352.628) 
(488.18, 355.41) 
(681.138, 807.428) 
(668.577, 812.757) 
(700.992, 806.13) 
(687.9680000000001, 811.6560000000001) 
(824.9689999999999, 510.363) 
(827.0659999999999, 512.3720000000001) 
(826.467, 530.029) 
(818.261, 652.741) 
(818.7990000000001, 660.1590000000001) 
(806.407, 670.65) 
(827.253, 634.383) 
(828.539, 644.039) 
(349.098, 672.567) 
(354.222, 685.092) 
(373.459, 454.232) 
(369.944, 461.63300000000004) 
(536.504, 831.7339999999999) 
(524.747, 831.492) 
(491.664, 810.804) 
(502.89099999999996, 826.181) 
(491.87399999999997, 818.8140000000001) 
(705.639, 367.339) 
(710.8, 368.88300000000004) 
(452.353, 377.53) 
(439.134, 384.438) 
(571.8760000000001, 335.657) 
(569.812, 336.48699999999997) 
(588.581, 343.62199999999996) 
(555.79, 329.801) 
(547.877, 334.565) 
(573.489, 828.868) 
(559.4820000000001, 829.4449999999999) 
(591.1229999999999, 832.213) 
(576.951, 832.7959999999999) 
(748.5619999999999, 777.147) 
(735.8670000000001, 784.943) 
(357.08299999999997, 464.326) 
(353.34, 475.726) 
(777.582, 746.323) 
(777.4290000000001, 747.139) 
(762.461, 757.0440000000001) 
(470.781, 356.132) 
(469.022, 358.25600000000003) 
(606.063, 329.095) 
(595.795, 329.84000000000003) 
(699.945, 353.37600000000003) 
(692.7330000000001, 351.588) 
(611.031, 839.814) 
(596.789, 840.4000000000001) 
(788.2529999999999, 434.21999999999997) 
(792.277, 436.95099999999996) 
(815.042, 682.6790000000001) 
(809.55, 694.982) 
(344.71299999999997, 526.44) 
(335.66400000000004, 541.202) 
(336.08700000000005, 620.8789999999999) 
(340.009, 631.914) 
(839.352, 552.8009999999999) 
(840.8670000000001, 556.099) 
(835.612, 616.6089999999999) 
(836.883, 626.231) 
(720.568, 804.252) 
(707.296, 809.883) 
(653.572, 336.874) 
(646.857, 337.329) 
(751.4680000000001, 388.051) 
(761.733, 403.057) 
(823.152, 490.649) 
(825.561, 492.92) 
(397.685, 762.659) 
(392.34999999999997, 759.24) 
(451.749, 358.973) 
(449.322, 362.04999999999995) 
(784.595, 415.728) 
(786.673, 417.28700000000003) 
(769.599, 772.606) 
(756.457, 780.6769999999999) 
(832.108, 668.457) 
(826.384, 681.4440000000001) 
(326.91900000000004, 583.012) 
(324.623, 598.831) 
(439.041, 786.147) 
(450.805, 802.001) 
(448.322, 801.5120000000001) 
(468.86100000000005, 814.976) 
(458.571, 814.858) 
(433.408, 381.79600000000005) 
(418.862, 389.398) 
(416.23199999999997, 388.416) 
(400.949, 396.403) 
(388.485, 417.80899999999997) 
(378.634, 429.026) 
(349.71999999999997, 693.076) 
(365.995, 705.644) 
(351.40900000000005, 698.827) 
(536.432, 329.109) 
(527.945, 334.47900000000004) 
(843.8639999999999, 598.708) 
(845.202, 608.4889999999999) 
(842.5200000000001, 532.233) 
(845.8919999999999, 538.334) 
(793.586, 734.684) 
(793.3710000000001, 735.876) 
(819.764, 470.60600000000005) 
(823.716, 474.038) 
(588.893, 320.317) 
(577.218, 321.529) 
(630.2950000000001, 842.928) 
(614.381, 843.5820000000001) 
(333.34999999999997, 640.111) 
(337.672, 652.2719999999999) 
(332.998, 658.8810000000001) 
(337.351, 671.1270000000001) 
(669.0070000000001, 828.603) 
(652.068, 830.271) 
(688.9680000000001, 828.039) 
(670.436, 829.863) 
(687.791, 339.469) 
(677.1949999999999, 337.813) 
(742.244, 801.449) 
(726.8449999999999, 807.982) 
(735.116, 372.971) 
(742.1940000000001, 373.244) 
(751.6659999999999, 387.09) 
(517.24, 329.375) 
(507.828, 335.846) 
(414.965, 779.044) 
(399.13100000000003, 779.358) 
(432.725, 362.739) 
(429.898, 366.44) 
(637.379, 326.407) 
(629.6270000000001, 327.132) 
(366.456, 724.526) 
(363.48, 721.0849999999999) 
(373.041, 745.435) 
(364.224, 738.231) 
(775.3299999999999, 396.002) 
(783.1519999999999, 400.271) 
(342.121, 478.647) 
(339.12199999999996, 485.33500000000004) 
(347.16, 500.1449999999999) 
(516.947, 844.3810000000001) 
(515.747, 844.6479999999999) 
(502.702, 835.924) 
(332.623, 541.745) 
(323.092, 557.833) 
(322.996, 557.4480000000001) 
(312.97799999999995, 574.604) 
(312.93, 574.409) 
(554.3090000000001, 840.861) 
(541.746, 840.602) 
(574.212, 849.014) 
(559.253, 848.7059999999999) 
(343.762, 710.96) 
(349.224, 721.329) 
(333.233, 508.62700000000007) 
(332.681, 516.609) 
(320.906, 523.78) 
(320.403, 532.1080000000001) 
(479.177, 828.308) 
(476.61199999999997, 827.808) 
(850.776, 578.9029999999999) 
(852.9649999999999, 591.0020000000001) 
(650.0899999999999, 846.357) 
(633.873, 847.024) 
(330.854, 679.233) 
(334.703, 690.1890000000001) 
(812.419, 450.807) 
(820.251, 456.274) 
(808.735, 720.3230000000001) 
(808.227, 724.996) 
(821.492, 703.82) 
(821.276, 712.024) 
(374.415, 428.952) 
(363.633, 441.23) 
(358.52299999999997, 441.042) 
(347.49, 453.606) 
(497.728, 331.1) 
(487.759, 337.95300000000003) 
(788.245, 762.455) 
(787.898, 764.146) 
(772.625, 773.5260000000001) 
(708.9159999999999, 826.809) 
(689.74, 828.697) 
(489.022, 844.326) 
(488.823, 844.278) 
(422.616, 794.239) 
(421.194, 793.71) 
(434.942, 811.449) 
(429.271, 809.909) 
(841.6439999999999, 511.25699999999995) 
(847.942, 520.242) 
(842.946, 650.785) 
(835.635, 667.37) 
(323.781, 599.4350000000001) 
(321.053, 618.2370000000001) 
(320.39, 618.716) 
(317.768, 637.9899999999999) 
(317.621, 637.795) 
(725.3969999999999, 358.846) 
(725.461, 358.858) 
(591.7620000000001, 852.249) 
(576.631, 851.937) 
(570.898, 313.32500000000005) 
(556.4200000000001, 314.829) 
(414.743, 367.06899999999996) 
(410.433, 373.689) 
(326.295, 488.343) 
(322.756, 500.06600000000003) 
(620.6239999999999, 316.757) 
(611.993, 317.76500000000004) 
(712.268, 343.04699999999997) 
(714.8299999999999, 343.399) 
(661.039, 325.46000000000004) 
(672.817, 327.077) 
(759.051, 795.014) 
(743.064, 801.7959999999999) 
(397.934, 780.689) 
(406.833, 800.785) 
(399.307, 796.5419999999999) 
(835.272, 693.583) 
(835.0450000000001, 694.851) 
(478.88100000000003, 334.252) 
(468.60400000000004, 341.318) 
(611.757, 859.9639999999999) 
(596.553, 859.6510000000001) 
(304.35400000000004, 588.671) 
(307.844, 596.501) 
(806.865, 432.67499999999995) 
(812.8760000000001, 437.338) 
(670.948, 848.7) 
(652.934, 849.442) 
(764.768, 378.802) 
(774.156, 383.416) 
(397.24199999999996, 394.91700000000003) 
(381.248, 403.276) 
(380.73600000000005, 403.11) 
(365.104, 411.279) 
(364.074, 416.312) 
(851.272, 633.002) 
(843.53, 650.566) 
(309.524, 538.734) 
(309.585, 549.49) 
(317.55499999999995, 658.851) 
(315.14599999999996, 656.062) 
(854.891, 560.2049999999999) 
(857.151, 572.697) 
(728.497, 824.934) 
(708.974, 826.857) 
(804.2470000000001, 750.822) 
(803.841, 752.876) 
(379.778, 763.753) 
(371.247, 756.658) 
(839.8670000000001, 491.588) 
(846.3969999999999, 500.74399999999997) 
(327.31300000000005, 698.8720000000001) 
(331.447, 710.482) 
(459.25, 337.238) 
(448.88800000000003, 344.361) 
(803.107, 414.107) 
(807.372, 417.74899999999997) 
(780.235, 790.1179999999999) 
(779.9509999999999, 790.8530000000001) 
(763.931, 797.65) 
(534.826, 853.814) 
(532.092, 854.51) 
(553.138, 862.1999999999999) 
(549.0930000000001, 863.3539999999999) 
(451.975, 825.236) 
(440.184, 823.7900000000001) 
(507.80800000000005, 857.7660000000001) 
(497.137, 857.7620000000001) 
(396.09, 374.28499999999997) 
(392.183, 379.979) 
(553.6759999999999, 312.249) 
(536.397, 314.043) 
(859.677, 615.1370000000001) 
(851.9060000000001, 632.765) 
(656.907, 316.39099999999996) 
(644.2379999999999, 314.652) 
(603.497, 307.97400000000005) 
(593.761, 309.418) 
(860.225, 540.301) 
(862.5749999999999, 553.294) 
(837.647, 471.58299999999997) 
(844.558, 481.212) 
(819.388, 736.514) 
(818.705, 741.942) 
(751.5659999999999, 361.59000000000003) 
(763.682, 367.15500000000003) 
(696.376, 329.22) 
(703.031, 329.544) 
(344.341, 453.621) 
(333.642, 465.805) 
(327.141, 465.358) 
(316.302, 477.702) 
(315.173, 677.181) 
(314.94, 676.8729999999999) 
(631.014, 863.069) 
(614.058, 862.719) 
(350.792, 743.319) 
(343.92499999999995, 730.282) 
(690.904, 847.764) 
(690.538, 848.169) 
(671.23, 848.964) 
(380.553, 781.033) 
(377.532, 777.552) 
(349.60799999999995, 423.872) 
(348.677, 428.013) 
(534.408, 312.255) 
(516.0409999999999, 314.162) 
(749.185, 817.64) 
(745.725, 823.258) 
(728.519, 824.952) 
(300.825, 607.951) 
(304.411, 615.908) 
(440.233, 340.82800000000003) 
(429.417, 348.264) 
(794.126, 394.577) 
(803.568, 400.537) 
(574.16, 866.571) 
(565.352, 870.368) 
(299.45300000000003, 555.661) 
(299.476, 566.295) 
(314.11899999999997, 502.70300000000003) 
(310.284, 515.405) 
(866.923, 596.013) 
(867.6700000000001, 597.752) 
(860.073, 614.987) 
(378.464, 380.54900000000004) 
(373.601, 388.781) 
(463.16, 837.8679999999999) 
(457.221, 836.339) 
(640.2860000000001, 306.535) 
(626.933, 304.702) 
(833.326, 450.96000000000004) 
(841.442, 462.267) 
(848.221, 675.218) 
(848.3530000000001, 684.928) 
(857.5169999999999, 657.114) 
(858.2180000000001, 668.603) 
(738.323, 350.01500000000004) 
(750.13, 355.50100000000003) 
(650.833, 866.5260000000001) 
(633.557, 866.17) 
(312.42199999999997, 696.1389999999999) 
(334.526, 435.408) 
(333.433, 441.432) 
(832.1410000000001, 720.0649999999999) 
(831.759, 728.917) 
(418.354, 818.0169999999999) 
(407.902, 813.1310000000001) 
(515.517, 313.726) 
(496.339, 315.71900000000005) 
(477.342, 317.426) 
(476.133, 319.035) 
(496.052, 315.48199999999997) 
(797.785, 778.146) 
(796.32, 783.2940000000001) 
(726.395, 333.705) 
(737.193, 338.59299999999996) 
(473.129, 853.916) 
(469.98699999999997, 852.953) 
(710.795, 845.877) 
(709.8290000000001, 846.985) 
(862.589, 519.1210000000001) 
(865.436, 534.8629999999999) 
(301.617, 635.616) 
(297.566, 627.073) 
(585.813, 300.25800000000004) 
(575.117, 302.166) 
(567.5550000000001, 293.451) 
(554.359, 296.00399999999996) 
(680.689, 316.935) 
(688.1239999999999, 317.158) 
(590.78, 873.261) 
(586.2049999999999, 874.626) 
(387.612, 802.303) 
(378.326, 794.717) 
(421.257, 345.081) 
(409.317, 353.28900000000004) 
(865.851, 639.327) 
(866.561, 650.966) 
(457.698, 320.95) 
(456.991, 321.861) 
(826.3770000000001, 433.38) 
(834.953, 445.326) 
(766.942, 814.297) 
(765.642, 816.019) 
(525.299, 867.481) 
(513.813, 867.7080000000001) 
(845.934, 709.722) 
(845.5160000000001, 711.85) 
(349.655, 746.322) 
(357.708, 761.6089999999999) 
(356.452, 764.87) 
(363.281, 777.8340000000001) 
(611.709, 877.3870000000001) 
(602.776, 881.283) 
(871.424, 575.677) 
(873.827, 580.351) 
(876.679, 557.422) 
(878.112, 560.505) 
(623.201, 297.467) 
(609.058, 295.525) 
(289.543, 572.3439999999999) 
(289.86400000000003, 586.003) 
(301.986, 518.0169999999999) 
(297.827, 531.793) 
(671.747, 868.016) 
(670.8340000000001, 868.9350000000001) 
(652.594, 868.559) 
(318.793, 449.083) 
(318.11899999999997, 451.693) 
(784.462, 376.897) 
(794.514, 383.164) 
(361.567, 389.281) 
(355.92600000000004, 400.061) 
(300.791, 656.034) 
(295.301, 645.919) 
(821.241, 415.066) 
(828.973, 425.838) 
(813.782, 766.537) 
(812.268, 772.002) 
(874.216, 621.482) 
(874.929, 633.17) 
(730.3720000000001, 843.971) 
(729.3779999999999, 845.113) 
(861.063, 499.379) 
(864.246, 516.9749999999999) 
(438.68800000000005, 323.762) 
(437.268, 325.683) 
(858.87, 691.486) 
(858.835, 701.798) 
(712.604, 318.115) 
(725.028, 323.739) 
(549.9739999999999, 292.228) 
(534.3679999999999, 295.24699999999996) 
(672.9309999999999, 305.595) 
(663.909, 305.688) 
(656.687, 295.13) 
(646.731, 295.488) 
(431.977, 834.686) 
(419.447, 828.8290000000001) 
(326.223, 717.591) 
(330.822, 730.506) 
(326.423, 736.857) 
(332.522, 752.813) 
(332.021, 752.581) 
(786.8530000000001, 805.902) 
(782.9359999999999, 812.7220000000001) 
(879.841, 536.84) 
(883.145, 542.753) 
(543.0939999999999, 876.592) 
(531.0820000000001, 876.83) 
(490.85200000000003, 868.146) 
(479.04, 866.977) 
(403.909, 351.636) 
(391.34499999999997, 360.274) 
(859.231, 479.755) 
(862.45, 497.552) 
(530.674, 292.206) 
(514.0740000000001, 295.417) 
(828.88, 752.442) 
(827.176, 760.854) 
(882.383, 603.034) 
(883.1360000000001, 615.371) 
(773.645, 360.093) 
(784.43, 366.818) 
(313.753, 477.744) 
(301.68600000000004, 492.544) 
(301.606, 491.576) 
(289.27799999999996, 506.67300000000006) 
(289.40900000000005, 508.1) 
(605.718, 289.514) 
(590.657, 287.447) 
(303.645, 459.257) 
(302.53799999999995, 465.802) 
(816.218, 393.974) 
(824.8480000000001, 405.99600000000004) 
(298.98999999999995, 674.786) 
(294.811, 666.061) 
(691.677, 866.8249999999999) 
(690.168, 868.395) 
(419.678, 327.51000000000005) 
(417.831, 330.09) 
(630.956, 880.7669999999999) 
(622.284, 884.459) 
(346.735, 400.99899999999997) 
(340.83799999999997, 412.267) 
(639.887, 285.48400000000004) 
(629.1419999999999, 286.117) 
(750.955, 836.7959999999999) 
(746.6890000000001, 843.299) 
(511.721, 293.627) 
(494.38100000000003, 296.981) 
(292.244, 533.965) 
(287.813, 548.6410000000001) 
(285.93, 589.357) 
(286.306, 605.399) 
(446.224, 845.832) 
(433.241, 839.763) 
(457.393, 860.687) 
(447.601, 855.796) 
(562.9380000000001, 884.6659999999999) 
(548.6, 884.949) 
(697.27, 305.37399999999997) 
(711.1279999999999, 311.64599999999996) 
(857.162, 459.497) 
(860.518, 478.049) 
(849.5129999999999, 439.41) 
(854.072, 441.91700000000003) 
(857.234, 459.393) 
(384.97900000000004, 358.157) 
(371.819, 367.205) 
(397.16, 820.638) 
(386.513, 811.941) 
(878.9559999999999, 515.85) 
(885.203, 524.676) 
(841.7, 736.274) 
(840.3080000000001, 747.5939999999999) 
(364.894, 799.808) 
(358.017, 786.7539999999999) 
(760.562, 342.98699999999997) 
(773.375, 350.978) 
(747.149, 331.452) 
(759.996, 339.463) 
(868.572, 673.767) 
(868.887, 685.333) 
(492.24600000000004, 295.375) 
(473.997, 298.905) 
(888.961, 583.511) 
(889.812, 597.461) 
(650.773, 883.3720000000001) 
(641.324, 887.7) 
(311.593, 696.7339999999999) 
(295.633, 693.805) 
(292.147, 686.021) 
(330.93, 413.086) 
(324.886, 424.636) 
(339.234, 771.166) 
(339.021, 771.066) 
(804.1899999999999, 794.438) 
(799.5179999999999, 804.655) 
(711.5500000000001, 864.958) 
(709.477, 867.192) 
(310.741, 716.99) 
(308.96299999999997, 714.853) 
(308.94100000000003, 737.1560000000001) 
(308.318, 736.279) 
(308.045, 735.571) 
(277.87600000000003, 521.233) 
(278.612, 525.875) 
(282.526, 608.6479999999999) 
(282.911, 625.0790000000001) 
(401.75, 331.76099999999997) 
(398.31100000000004, 337.41900000000004) 
(587.7900000000001, 282.625) 
(572.04, 280.463) 
(622.604, 276.561) 
(611.111, 277.44) 
(844.1370000000001, 421.39300000000003) 
(846.5200000000001, 422.865) 
(681.139, 293.04999999999995) 
(695.868, 299.716) 
(855.48, 725.4580000000001) 
(853.9590000000001, 731.009) 
(807.11, 376.45099999999996) 
(817.0849999999999, 390.347) 
(580.543, 887.973) 
(566.037, 888.2600000000001) 
(877.3389999999999, 656.0120000000001) 
(877.6650000000001, 667.969) 
(885.673, 638.226) 
(886.0029999999999, 650.336) 
(473.715, 298.711) 
(454.963, 302.338) 
(282.077, 550.848) 
(277.56399999999996, 565.797) 
(877.178, 496.18) 
(883.659, 505.17900000000003) 
(507.946, 878.349) 
(495.334, 877.1020000000001) 
(840.793, 402.911) 
(290.18100000000004, 472.26) 
(289.24, 481.47299999999996) 
(768.779, 833.3589999999999) 
(766.54, 836.154) 
(344.877, 787.014) 
(893.015, 564.867) 
(893.892, 579.247) 
(869.3, 708.322) 
(867.875, 720.1610000000001) 
(600.481, 895.612) 
(585.905, 895.9) 
(368.296, 366.293) 
(353.459, 376.493) 
(408.59299999999996, 836.89) 
(396.909, 827.346) 
(423.433, 852.784) 
(419.68, 852.154) 
(408.452, 842.9830000000001) 
(279.868, 627.799) 
(280.283, 645.5229999999999) 
(671.259, 884.598) 
(660.518, 889.89) 
(316.556, 425.673) 
(310.711, 436.842) 
(731.131, 863.101) 
(727.8580000000001, 865.294) 
(820.23, 782.942) 
(815.527, 793.322) 
(875.2520000000001, 476.585) 
(881.8209999999999, 485.647) 
(471.271, 877.809) 
(470.021, 877.715) 
(458.493, 872.426) 
(735.227, 315.19) 
(746.8580000000001, 322.443) 
(721.872, 299.67199999999997) 
(721.286, 299.519) 
(734.7, 307.672) 
(894.04, 620.38) 
(894.371, 632.539) 
(383.32300000000004, 338.976) 
(379.398, 341.67900000000003) 
(599.268, 264.963) 
(593.928, 266.395) 
(603.097, 266.05899999999997) 
(453.962, 301.628) 
(435.07, 305.282) 
(797.4780000000001, 358.564) 
(807.8969999999999, 373.079) 
(786.679, 341.548) 
(797.7800000000001, 357.012) 
(664.285, 282.10600000000005) 
(680.027, 289.231) 
(269.974, 535.712) 
(268.5, 538.817) 
(268.177, 542.4649999999999) 
(295.68100000000004, 714.3380000000001) 
(288.558, 705.419) 
(552.597, 273.929) 
(550.676, 275.536) 
(569.447, 276.243) 
(530.8380000000001, 272.812) 
(530.629, 272.899) 
(525.309, 887.853) 
(512.266, 886.563) 
(542.748, 897.864) 
(530.624, 897.701) 
(788.8739999999999, 825.668) 
(783.169, 832.767) 
(830.253, 383.515) 
(838.3190000000001, 387.659) 
(841.774, 395.911) 
(841.6519999999999, 401.656) 
(320.287, 757.026) 
(312.769, 753.276) 
(307.50100000000003, 747.505) 
(897.79, 544.763) 
(901.421, 558.159) 
(340.973, 792.6659999999999) 
(363.75800000000004, 802.808) 
(350.597, 807.7959999999999) 
(341.963, 796.803) 
(873.3870000000001, 456.54699999999997) 
(876.928, 460.386) 
(879.565, 466.80100000000004) 
(836.5200000000001, 770.497) 
(831.398, 781.8009999999999) 
(513.702, 272.4) 
(510.26000000000005, 275.092) 
(523.5849999999999, 270.484) 
(902.5020000000001, 602.017) 
(903.726, 608.227) 
(901.251, 615.617) 
(372.26599999999996, 818.959) 
(372.243, 819.0319999999999) 
(386.644, 834.5200000000001) 
(385.529, 834.337) 
(377.667, 828.284) 
(438.03700000000003, 863.056) 
(430.641, 862.909) 
(428.83700000000005, 861.8639999999999) 
(279.32800000000003, 646.476) 
(280.161, 664.4870000000001) 
(279.717, 663.1129999999999) 
(278.72400000000005, 666.7650000000001) 
(276.57, 675.0279999999999) 
(282.985, 684.339) 
(281.017, 682.9150000000001) 
(282.955, 484.757) 
(276.363, 496.49) 
(276.511, 492.791) 
(301.33500000000004, 437.318) 
(299.24699999999996, 439.832) 
(294.38599999999997, 449.397) 
(773.809, 326.664) 
(771.127, 326.112) 
(783.908, 333.808) 
(787.058, 339.284) 
(272.75, 567.768) 
(267.59, 585.9799999999999) 
(267.34599999999995, 585.667) 
(265.92900000000003, 605.731) 
(377.738, 341.384) 
(371.662, 345.038) 
(362.896, 355.448) 
(352.465, 376.29) 
(335.86, 387.70500000000004) 
(332.93699999999995, 387.529) 
(325.855, 394.31) 
(333.727, 387.40200000000004) 
(322.321, 401.69500000000005) 
(691.012, 882.211) 
(684.3059999999999, 888.6500000000001) 
(677.6379999999999, 888.447) 
(750.403, 852.913) 
(743.433, 862.279) 
(735.223, 864.15) 
(420.344, 306.133) 
(419.407, 307.06) 
(429.72900000000004, 303.32399999999996) 
(432.90099999999995, 303.82) 
(416.466, 313.459) 
(709.412, 289.159) 
(702.591, 291.055) 
(720.1990000000001, 297.26399999999995) 
(619.713, 898.887) 
(605.088, 900.909) 
(591.951, 265.21299999999997) 
(573.8539999999999, 263.478) 
(453.378, 876.0550000000001) 
(449.351, 876.693) 
(443.453, 873.645) 
(563.678, 902.2289999999999) 
(557.02, 905.946) 
(548.1780000000001, 904.738) 
(651.866, 272.13) 
(645.811, 274.16499999999996) 
(653.199, 272.223) 
(662.01, 274.973) 
(881.2299999999999, 692.019) 
(881.598, 695.3829999999999) 
(879.0550000000001, 703.649) 
(491.65799999999996, 277.186) 
(490.682, 278.055) 
(507.50300000000004, 274.75300000000004) 
(266.61899999999997, 543.601) 
(261.16299999999995, 555.1270000000001) 
(264.204, 563.098) 
(868.2879999999999, 436.14000000000004) 
(870.337, 437.016) 
(871.2410000000001, 437.71500000000003) 
(875.4300000000001, 447.935) 
(851.476, 756.013) 
(851.874, 759.681) 
(850.78, 762.7239999999999) 
(841.879, 769.5659999999999) 
(264.494, 606.8130000000001) 
(263.08, 609.2189999999999) 
(266.272, 625.949) 
(265.735, 625.443) 
(321.35200000000003, 401.932) 
(309.91200000000003, 410.586) 
(310.24600000000004, 418.622) 
(895.54, 523.885) 
(901.605, 528.297) 
(902.719, 535.16) 
(901.937, 539.446) 
(816.506, 368.49199999999996) 
(825.287, 370.705) 
(829.36, 374.399) 
(755.9050000000001, 315.954) 
(760.9970000000001, 316.233) 
(767.309, 319.57099999999997) 
(903.0500000000001, 581.159) 
(908.5020000000001, 591.5350000000001) 
(905.967, 598.347) 
(482.134, 276.94) 
(471.15299999999996, 284.526) 
(805.68, 813.381) 
(801.3820000000001, 824.7900000000001) 
(793.5889999999999, 825.868) 
(488.391, 888.574) 
(483.479, 887.9129999999999) 
(475.832, 884.663) 
(507.462, 895.277) 
(489.476, 890.561) 
(710.5050000000001, 877.93) 
(705.6510000000001, 883.5269999999999) 
(698.495, 884.965) 
(887.623, 672.9359999999999) 
(888.74, 677.9739999999999) 
(888.352, 684.474) 
(894.885, 654.494) 
(897.9359999999999, 659.632) 
(898.187, 663.903) 
(685.176, 281.36) 
(696.613, 282.071) 
(640.28, 896.1909999999999) 
(632.153, 902.5600000000001) 
(622.134, 901.081) 
(739.3969999999999, 303.73499999999996) 
(750.119, 301.438) 
(327.19100000000003, 775.3919999999999) 
(318.375, 767.894) 
(403.128, 846.937) 
(390.766, 847.131) 
(291.788, 728.2539999999999) 
(290.968, 723.5749999999999) 
(270.343, 500.498) 
(272.48, 518.0310000000001) 
(268.78999999999996, 513.5300000000001) 
(582.369, 904.234) 
(576.6510000000001, 907.513) 
(572.6320000000001, 907.257) 
(403.46999999999997, 314.70500000000004) 
(399.46700000000004, 325.96500000000003) 
(860.478, 739.768) 
(859.389, 747.7) 
(869.993, 721.749) 
(873.9749999999999, 732.4040000000001) 
(868.0360000000001, 738.4889999999999) 
(358.746, 353.93) 
(350.979, 356.53200000000004) 
(346.406, 366.73499999999996) 
(625.636, 270.23900000000003) 
(635.931, 266.863) 
(557.1279999999999, 259.051) 
(552.956, 265.396) 
(571.973, 260.928) 
(573.226, 262.03) 
(860.144, 418.871) 
(864.522, 420.707) 
(263.90200000000004, 634.948) 
(269.431, 646.215) 
(269.398, 646.19) 
(768.7349999999999, 848.291) 
(768.5600000000001, 848.7620000000001) 
(756.1, 854.7940000000001) 
(806.333, 351.601) 
(818.192, 355.593) 
(902.317, 636.279) 
(903.2, 637.227) 
(903.687, 643.405) 
(604.585, 903.1289999999999) 
(599.504, 910.0310000000001) 
(588.1370000000001, 909.978) 
(466.84, 282.06) 
(459.776, 282.877) 
(452.565, 292.115) 
(290.39300000000003, 449.729) 
(285.1, 457.47700000000003) 
(286.22700000000003, 469.03000000000003) 
(529.3330000000001, 899.7420000000001) 
(509.696, 901.412) 
(507.717, 898.3259999999999) 
(303.754, 420.666) 
(297.184, 429.861) 
(894.306, 504.188) 
(898.3370000000001, 510.162) 
(904.107, 558.901) 
(910.135, 567.476) 
(903.267, 580.9879999999999) 
(853.5120000000001, 403.346) 
(859.642, 413.988) 
(349.771, 809.729) 
(370.221, 820.276) 
(353.839, 818.125) 
(256.944, 567.468) 
(263.83099999999996, 585.072) 
(261.20700000000005, 582.354) 
(326.716, 776.447) 
(338.366, 792.606) 
(327.16, 786.59) 
(664.9490000000001, 271.74) 
(682.472, 273.295) 
(684.925, 274.8) 
(727.086, 877.061) 
(720.171, 883.335) 
(821.145, 801.1610000000001) 
(816.236, 810.769) 
(812.6940000000001, 812.625) 
(411.843, 860.161) 
(402.127, 858.271) 
(660.124, 895.868) 
(653.781, 903.1179999999999) 
(647.7570000000001, 901.952) 
(287.19800000000004, 705.509) 
(277.31899999999996, 698.8539999999999) 
(910.611, 622.743) 
(786.866, 842.6700000000001) 
(777.818, 848.193) 
(884.736, 485.35699999999997) 
(894.478, 493.06600000000003) 
(896.44, 500.403) 
(733.681, 291.02099999999996) 
(739.052, 300.599) 
(450.57399999999996, 290.632) 
(438.36199999999997, 288.53000000000003) 
(340.63500000000005, 365.349) 
(334.529, 375.759) 
(262.052, 657.137) 
(787.886, 338.969) 
(801.373, 337.63599999999997) 
(807.203, 348.016) 
(389.296, 320.84200000000004) 
(384.124, 324.60299999999995) 
(608.059, 262.72299999999996) 
(621.6120000000001, 261.955) 
(261.033, 524.244) 
(547.595, 261.55) 
(535.655, 262.955) 
(835.311, 787.178) 
(834.966, 790.277) 
(826.909, 801.671) 
(844.653, 774.0089999999999) 
(843.112, 787.308) 
(888.653, 467.505) 
(893.55, 479.02099999999996) 
(273.973, 468.51300000000003) 
(274.857, 477.39799999999997) 
(884.0440000000001, 708.858) 
(883.736, 720.939) 
(675.8159999999999, 895.061) 
(665.533, 900.301) 
(457.16499999999996, 893.1550000000001) 
(616.084, 559.33) 
(638.8779999999999, 632.567) 
(654.4839999999999, 556.0619999999999) 
(474.962, 643.89) 
(482.67199999999997, 651.629) 
(605.418, 470.418) 
(915.416, 589.774) 
(921.431, 598.6949999999999) 
(917.308, 601.19) 
(917.972, 610.9480000000001) 
(919.543, 612.1379999999999) 
(915.114, 623.268) 
(917.578, 626.077) 
(915.612, 636.03) 
(918.403, 639.008) 
(918.024, 644.831) 
(909.773, 648.1980000000001) 
(910.103, 653.581) 
(908.6769999999999, 655.187) 
(914.003, 665.903) 
(902.871, 667.2040000000001) 
(905.135, 677.15) 
(904.875, 677.652) 
(904.276, 688.57) 
(902.635, 689.493) 
(900.635, 697.551) 
(896.899, 700.0039999999999) 
(895.557, 708.241) 
(893.351, 710.1229999999999) 
(895.7420000000001, 719.457) 
(886.586, 723.701) 
(886.653, 727.799) 
(882.487, 734.205) 
(881.3839999999999, 734.578) 
(878.2990000000001, 746.124) 
(875.522, 746.466) 
(869.999, 752.3539999999999) 
(871.712, 759.193) 
(867.7439999999999, 762.463) 
(867.983, 771.969) 
(858.8449999999999, 773.889) 
(858.761, 774.226) 
(853.863, 784.3489999999999) 
(853.8820000000001, 785.233) 
(850.158, 788.6800000000001) 
(850.04, 792.72) 
(842.533, 801.071) 
(842.503, 801.3050000000001) 
(829.898, 804.257) 
(831.828, 809.918) 
(828.4359999999999, 818.609) 
(826.5010000000001, 818.387) 
(817.702, 824.927) 
(816.404, 828.871) 
(806.529, 830.255) 
(806.508, 830.794) 
(799.347, 842.348) 
(797.081, 842.6550000000001) 
(790.552, 845.666) 
(790.6260000000001, 846.351) 
(782.442, 855.853) 
(782.31, 856.75) 
(772.334, 859.778) 
(771.704, 862.586) 
(766.218, 866.893) 
(760.35, 864.949) 
(751.9090000000001, 870.648) 
(751.648, 875.232) 
(745.519, 879.529) 
(741.634, 879.48) 
(737.3420000000001, 883.153) 
(735.337, 882.8040000000001) 
(725.9989999999999, 889.761) 
(720.902, 886.638) 
(715.226, 894.265) 
(710.145, 894.12) 
(705.032, 899.2620000000001) 
(699.718, 898.3729999999999) 
(693.432, 901.338) 
(689.39, 899.876) 
(681.609, 906.524) 
(675.9340000000001, 905.584) 
(675.1270000000001, 905.957) 
(670.066, 906.828) 
(667.7950000000001, 910.04) 
(655.5609999999999, 909.704) 
(654.0089999999999, 914.3480000000001) 
(642.3109999999999, 912.004) 
(636.984, 914.394) 
(636.6460000000001, 915.738) 
(633.323, 919.3090000000001) 
(621.034, 913.261) 
(617.031, 917.5219999999999) 
(612.717, 917.586) 
(610.0060000000001, 920.219) 
(599.014, 916.3520000000001) 
(596.471, 920.5060000000001) 
(589.466, 921.068) 
(588.05, 920.2470000000001) 
(579.7529999999999, 921.1510000000001) 
(576.5949999999999, 924.8539999999999) 
(567.451, 919.827) 
(566.364, 920.027) 
(559.371, 917.805) 
(556.0070000000001, 921.734) 
(545.059, 919.965) 
(542.507, 916.667) 
(528.552, 902.8589999999999) 
(534.648, 918.052) 
(517.7230000000001, 913.5569999999999) 
(534.4799999999999, 918.221) 
(520.006, 916.8190000000001) 
(511.31300000000005, 911.986) 
(496.61699999999996, 904.683) 
(510.006, 913.006) 
(498.244, 909.0709999999999) 
(489.154, 902.147) 
(485.999, 905.5569999999999) 
(477.15000000000003, 905.0709999999999) 
(475.15200000000004, 902.697) 
(471.052, 900.5790000000001) 
(468.289, 896.567) 
(456.66, 895.325) 
(443.836, 888.128) 
(456.613, 895.361) 
(446.99100000000004, 892.756) 
(435.884, 886.617) 
(432.358, 882.381) 
(430.34499999999997, 881.604) 
(429.477, 880.722) 
(416.616, 879.44) 
(416.072, 871.793) 
(411.384, 868.147) 
(399.779, 862.012) 
(399.76800000000003, 860.967) 
(404.892, 869.159) 
(389.865, 848.48) 
(391.90000000000003, 857.636) 
(379.543, 852.209) 
(372.764, 845.554) 
(370.764, 845.1959999999999) 
(368.48900000000003, 839.4540000000001) 
(360.978, 833.1070000000001) 
(360.557, 832.5590000000001) 
(360.684, 831.333) 
(352.495, 824.6419999999999) 
(344.491, 813.093) 
(346.933, 826.423) 
(337.463, 815.1129999999999) 
(332.12, 808.969) 
(329.064, 808.13) 
(325.198, 800.427) 
(321.698, 790.922) 
(322.911, 799.314) 
(312.398, 783.458) 
(314.564, 787.902) 
(311.331, 770.6229999999999) 
(310.669, 782.334) 
(305.438, 767.645) 
(305.26599999999996, 767.4720000000001) 
(298.311, 753.0550000000001) 
(300.23199999999997, 765.596) 
(288.914, 742.0139999999999) 
(292.058, 752.016) 
(288.342, 747.155) 
(286.05, 734.962) 
(277.75300000000004, 720.724) 
(277.644, 720.8560000000001) 
(280.65299999999996, 734.4399999999999) 
(277.772, 714.099) 
(270.396, 698.889) 
(268.621, 703.7919999999999) 
(273.356, 711.8409999999999) 
(266.05899999999997, 692.809) 
(266.106, 692.348) 
(267.21, 677.603) 
(264.022, 686.641) 
(261.704, 666.0350000000001) 
(262.20799999999997, 674.156) 
(257.173, 659.866) 
(254.09199999999998, 644.5070000000001) 
(252.94100000000003, 651.005) 
(257.129, 659.8589999999999) 
(255.384, 638.786) 
(253.26500000000001, 642.6129999999999) 
(252.21300000000002, 626.879) 
(254.52799999999996, 611.838) 
(251.39800000000002, 617.217) 
(251.61899999999997, 626.66) 
(250.06499999999997, 597.404) 
(249.702, 597.5749999999999) 
(244.673, 607.133) 
(252.96600000000004, 589.413) 
(248.977, 574.999) 
(244.583, 584.519) 
(249.441, 568.558) 
(248.362, 572.6139999999999) 
(250.085, 554.496) 
(248.131, 566.472) 
(252.03900000000002, 541.7149999999999) 
(250.08, 554.491) 
(253.911, 529.698) 
(251.465, 530.5060000000001) 
(248.56900000000002, 538.59) 
(258.179, 523.807) 
(255.768, 513.033) 
(255.16899999999998, 513.9899999999999) 
(259.87399999999997, 499.13800000000003) 
(254.546, 505.58400000000006) 
(264.023, 483.10999999999996) 
(262.403, 484.202) 
(265.018, 483.462) 
(259.239, 497.502) 
(270.98299999999995, 466.706) 
(262.63399999999996, 473.789) 
(272.615, 456.88800000000003) 
(270.584, 464.793) 
(280.891, 443.13) 
(276.839, 443.53700000000003) 
(272.539, 456.65) 
(284.452, 434.938) 
(291.197, 426.90299999999996) 
(284.566, 433.344) 
(295.471, 416.574) 
(289.964, 423.488) 
(299.21, 406.04699999999997) 
(294.959, 411.711) 
(301.285, 405.532) 
(308.904, 394.837) 
(303.216, 397.474) 
(311.998, 385.95099999999996) 
(309.968, 386.464) 
(322.57099999999997, 377.102) 
(318.005, 377.249) 
(324.812, 368.59999999999997) 
(329.565, 367.13) 
(335.63599999999997, 362.068) 
(343.512, 349.908) 
(342.979, 349.923) 
(334.844, 359.28) 
(354.412, 339.72200000000004) 
(348.917, 342.434) 
(354.666, 339.165) 
(369.156, 331.16499999999996) 
(354.793, 337.99) 
(370.90299999999996, 321.23) 
(368.636, 326.612) 
(374.88500000000005, 320.56600000000003) 
(387.106, 312.257) 
(379.577, 314.45099999999996) 
(388.66200000000003, 313.523) 
(399.08500000000004, 309.50699999999995) 
(404.283, 301.859) 
(399.486, 303.802) 
(412.812, 292.673) 
(407.63100000000003, 293.389) 
(413.236, 292.91) 
(424.379, 286.75800000000004) 
(425.051, 283.43600000000004) 
(436.946, 284.6) 
(438.124, 282.50199999999995) 
(446.47900000000004, 280.196) 
(448.781, 276.185) 
(453.718, 275.91700000000003) 
(465.83299999999997, 267.30199999999996) 
(457.041, 269.051) 
(466.175, 266.86199999999997) 
(476.80899999999997, 267.642) 
(478.803, 263.704) 
(486.18899999999996, 260.53) 
(491.252, 264.72200000000004) 
(498.18899999999996, 259.633) 
(499.191, 257.235) 
(509.14899999999994, 258.098) 
(509.278, 257.868) 
(521.201, 251.91200000000003) 
(522.5260000000001, 253.14999999999998) 
(529.83, 251.942) 
(536.581, 255.496) 
(542.4879999999999, 251.40400000000002) 
(543.578, 249.451) 
(551.11, 249.51899999999998) 
(556.345, 253.322) 
(564.433, 246.74599999999998) 
(568.8530000000001, 249.628) 
(575.521, 246.197) 
(582.152, 249.65599999999998) 
(585.4639999999999, 248.85299999999998) 
(587.9, 245.513) 
(594.828, 246.638) 
(599.9290000000001, 252.20399999999998) 
(608.078, 246.481) 
(613.648, 250.19599999999997) 
(620.38, 249.504) 
(624.18, 252.31199999999998) 
(628.162, 251.74999999999997) 
(636.79, 257.89) 
(641.638, 255.36399999999998) 
(647.038, 256.319) 
(651.364, 253.254) 
(656.7460000000001, 256.732) 
(663.793, 255.869) 
(669.2090000000001, 261.946) 
(672.472, 260.46200000000005) 
(677.25, 261.173) 
(686.039, 258.688) 
(686.562, 258.791) 
(691.378, 266.385) 
(691.639, 267.501) 
(701.677, 271.492) 
(702.834, 271.228) 
(711.933, 275.03) 
(712.635, 277.746) 
(726.348, 282.392) 
(726.505, 282.312) 
(735.973, 286.451) 
(736.3159999999999, 286.36) 
(741.365, 287.933) 
(744.876, 287.49) 
(752.181, 298.44300000000004) 
(757.709, 296.186) 
(765.111, 300.349) 
(769.316, 299.97499999999997) 
(776.711, 305.079) 
(776.612, 305.998) 
(783.3679999999999, 314.831) 
(783.38, 316.52200000000005) 
(791.4870000000001, 320.416) 
(791.595, 321.33299999999997) 
(799.882, 325.895) 
(803.605, 325.43899999999996) 
(804.706, 334.374) 
(813.511, 336.557) 
(814.8910000000001, 339.596) 
(817.2810000000001, 340.495) 
(822.808, 349.822) 
(821.028, 353.896) 
(829.321, 359.541) 
(835.226, 358.485) 
(837.5519999999999, 361.58299999999997) 
(837.723, 368.818) 
(847.0830000000001, 372.498) 
(847.895, 377.65999999999997) 
(856.214, 381.229) 
(856.2330000000001, 389.185) 
(858.951, 391.505) 
(859.299, 399.818) 
(867.067, 402.053) 
(868.282, 401.843) 
(872.95, 407.10200000000003) 
(871.204, 417.21999999999997) 
(880.8359999999999, 419.764) 
(881.02, 422.142) 
(884.153, 427.683) 
(883.1830000000001, 434.49199999999996) 
(888.368, 437.09700000000004) 
(885.655, 446.40999999999997) 
(893.447, 451.797) 
(893.456, 452.637) 
(897.2099999999999, 460.40799999999996) 
(896.455, 462.31100000000004) 
(901.511, 471.036) 
(898.914, 479.325) 
(902.931, 483.01800000000003) 
(904.953, 483.67199999999997) 
(908.865, 495.123) 
(908.5680000000001, 495.873) 
(910.9789999999999, 500.649) 
(911.5649999999999, 511.44500000000005) 
(912.917, 512.7420000000001) 
(912.0, 521.587) 
(915.843, 524.2130000000001) 
(919.552, 530.441) 
(916.6450000000001, 533.985) 
(917.786, 545.249) 
(919.625, 547.14) 
(917.952, 552.826) 
(920.402, 555.982) 
(923.375, 564.791) 
(915.523, 569.4350000000001) 
(917.668, 578.1030000000001) 
(920.157, 580.24) 
(917.22, 588.188) 
(929.0079999999999, 592.619) 
(930.3820000000001, 596.174) 
(930.5219999999999, 599.348) 
(930.6560000000001, 599.555) 
(927.826, 611.164) 
(929.2669999999999, 613.029) 
(927.3169999999999, 625.965) 
(927.188, 626.087) 
(928.616, 636.506) 
(928.31, 637.2139999999999) 
(930.566, 641.8739999999999) 
(924.384, 653.34) 
(924.694, 655.202) 
(922.7840000000001, 656.95) 
(921.033, 660.895) 
(914.822, 666.0690000000001) 
(917.43, 676.318) 
(918.063, 676.914) 
(914.453, 685.723) 
(908.0279999999999, 689.151) 
(914.664, 697.641) 
(907.168, 703.493) 
(907.608, 708.189) 
(905.46, 710.2349999999999) 
(904.246, 720.484) 
(901.573, 721.811) 
(900.3109999999999, 730.118) 
(896.803, 732.4300000000001) 
(895.282, 738.501) 
(890.116, 740.559) 
(887.744, 751.191) 
(886.631, 751.8860000000001) 
(884.2299999999999, 759.777) 
(880.183, 761.255) 
(877.203, 771.532) 
(873.899, 776.396) 
(874.575, 778.8190000000001) 
(869.185, 784.4060000000001) 
(868.381, 784.66) 
(862.121, 788.226) 
(864.731, 799.687) 
(855.2330000000001, 799.59) 
(852.3380000000001, 804.634) 
(845.96, 807.797) 
(845.314, 811.691) 
(844.1959999999999, 812.4259999999999) 
(838.93, 823.037) 
(831.484, 822.384) 
(827.7330000000001, 830.896) 
(823.176, 834.01) 
(823.126, 838.696) 
(817.442, 845.092) 
(813.493, 845.529) 
(808.585, 849.7379999999999) 
(807.584, 853.238) 
(796.903, 857.866) 
(796.44, 857.768) 
(789.142, 862.636) 
(788.1949999999999, 862.829) 
(782.753, 869.446) 
(781.6769999999999, 869.462) 
(772.404, 879.231) 
(767.139, 875.0609999999999) 
(758.404, 879.615) 
(758.505, 881.759) 
(750.33, 889.8620000000001) 
(750.278, 891.0780000000001) 
(743.577, 895.284) 
(738.7510000000001, 893.3299999999999) 
(733.8639999999999, 895.8249999999999) 
(729.14, 895.321) 
(721.678, 903.5210000000001) 
(721.2579999999999, 903.519) 
(712.996, 910.1519999999999) 
(708.77, 907.5269999999999) 
(696.606, 912.464) 
(696.2, 912.456) 
(691.447, 918.1120000000001) 
(685.432, 916.485) 
(682.828, 917.9929999999999) 
(676.393, 917.5799999999999) 
(670.149, 920.08) 
(668.362, 919.27) 
(662.274, 921.946) 
(654.4100000000001, 917.515) 
(648.6189999999999, 923.4) 
(648.359, 925.664) 
(635.403, 931.132) 
(631.3, 927.092) 
(626.207, 928.363) 
(621.586, 926.348) 
(613.0640000000001, 930.226) 
(607.64, 928.277) 
(603.785, 930.143) 
(601.668, 929.6600000000001) 
(595.543, 933.31) 
(589.217, 930.046) 
(581.865, 933.7959999999999) 
(576.4789999999999, 927.9929999999999) 
(568.2239999999999, 933.5409999999999) 
(564.081, 929.009) 
(558.908, 928.376) 
(556.32, 926.0070000000001) 
(548.004, 932.956) 
(545.16, 927.874) 
(532.532, 929.5409999999999) 
(531.58, 928.365) 
(520.042, 921.72) 
(528.166, 928.6999999999999) 
(514.715, 928.3489999999999) 
(505.60400000000004, 920.0509999999999) 
(502.25299999999993, 921.861) 
(493.086, 919.4630000000001) 
(493.076, 919.442) 
(487.431, 914.1890000000001) 
(478.37800000000004, 918.077) 
(472.382, 915.5889999999999) 
(471.293, 915.99) 
(462.67900000000003, 911.3489999999999) 
(462.61, 911.0970000000001) 
(455.578, 902.8629999999999) 
(448.215, 908.212) 
(441.369, 904.053) 
(439.907, 900.778) 
(433.764, 899.026) 
(432.664, 897.0550000000001) 
(422.765, 894.409) 
(415.067, 881.182) 
(420.328, 895.1329999999999) 
(411.918, 882.116) 
(400.536, 878.452) 
(400.303, 877.403) 
(391.385, 870.602) 
(388.75300000000004, 870.377) 
(385.372, 869.4830000000001) 
(384.033, 865.691) 
(378.23699999999997, 860.845) 
(364.951, 850.6590000000001) 
(364.907, 849.81) 
(372.427, 862.327) 
(359.48400000000004, 848.432) 
(359.298, 848.13) 
(350.22700000000003, 839.998) 
(350.235, 838.866) 
(342.56399999999996, 830.057) 
(342.83599999999996, 832.59) 
(336.019, 824.472) 
(335.007, 821.967) 
(322.86199999999997, 813.3860000000001) 
(327.192, 821.5930000000001) 
(317.924, 801.413) 
(313.85400000000004, 813.5440000000001) 
(311.064, 794.596) 
(312.78000000000003, 798.807) 
(302.04900000000004, 783.908) 
(300.23699999999997, 794.403) 
(301.38, 783.343) 
(300.214, 781.172) 
(295.164, 768.503) 
(294.128, 775.775) 
(286.109, 760.076) 
(287.226, 765.246) 
(280.705, 747.976) 
(279.72999999999996, 758.481) 
(276.98, 736.1419999999999) 
(274.176, 745.677) 
(266.646, 725.604) 
(268.31, 731.164) 
(261.791, 717.598) 
(266.081, 725.285) 
(259.611, 709.241) 
(260.325, 716.4000000000001) 
(257.326, 696.0840000000001) 
(258.211, 708.106) 
(252.25300000000001, 682.806) 
(250.31799999999998, 685.987) 
(253.04900000000004, 695.022) 
(251.83899999999997, 677.6039999999999) 
(251.263, 663.615) 
(250.98700000000002, 676.635) 
(240.285, 651.985) 
(240.008, 652.432) 
(248.421, 663.2679999999999) 
(242.807, 639.22) 
(240.14, 642.809) 
(242.348, 629.0519999999999) 
(241.19, 630.032) 
(242.244, 616.88) 
(238.87, 608.699) 
(238.655, 611.245) 
(239.587, 594.3349999999999) 
(236.404, 606.216) 
(236.981, 588.889) 
(236.736, 586.414) 
(239.15200000000002, 574.13) 
(235.548, 577.9300000000001) 
(235.991, 585.799) 
(237.708, 563.492) 
(236.65, 564.462) 
(240.46699999999998, 551.975) 
(237.714, 554.314) 
(244.785, 539.454) 
(240.121, 543.534) 
(243.07500000000002, 523.177) 
(236.96, 528.663) 
(243.499, 523.121) 
(248.32399999999998, 516.711) 
(248.964, 503.52799999999996) 
(241.341, 509.065) 
(248.922, 490.399) 
(244.074, 496.185) 
(250.20199999999997, 484.808) 
(249.26999999999998, 485.653) 
(256.275, 471.27200000000005) 
(250.90099999999998, 475.02) 
(257.943, 459.77000000000004) 
(253.897, 463.059) 
(264.577, 452.383) 
(258.581, 456.659) 
(271.794, 440.49100000000004) 
(263.00600000000003, 444.289) 
(275.142, 426.265) 
(270.33299999999997, 432.95099999999996) 
(283.26099999999997, 419.456) 
(275.181, 425.643) 
(286.06100000000004, 411.257) 
(282.722, 414.54400000000004) 
(290.496, 400.329) 
(285.67900000000003, 402.613) 
(297.33799999999997, 390.216) 
(291.263, 393.716) 
(305.378, 383.99100000000004) 
(297.95500000000004, 387.865) 
(310.796, 372.095) 
(304.65500000000003, 375.67499999999995) 
(318.388, 361.153) 
(310.839, 371.64000000000004) 
(326.13599999999997, 353.127) 
(318.25100000000003, 360.223) 
(327.014, 353.03499999999997) 
(335.62399999999997, 343.882) 
(332.26, 344.57) 
(339.06199999999995, 337.397) 
(346.526, 329.11600000000004) 
(339.04400000000004, 335.952) 
(351.967, 332.43899999999996) 
(358.279, 324.90400000000005) 
(367.67, 315.459) 
(354.54400000000004, 316.40200000000004) 
(372.242, 305.34299999999996) 
(367.869, 313.605) 
(374.12600000000003, 305.476) 
(384.045, 302.514) 
(385.322, 300.057) 
(392.46999999999997, 297.421) 
(393.54299999999995, 297.702) 
(402.386, 289.856) 
(410.186, 281.74100000000004) 
(402.072, 287.856) 
(412.011, 282.661) 
(421.122, 279.79900000000004) 
(424.157, 281.68100000000004) 
(436.913, 274.665) 
(432.01099999999997, 271.791) 
(444.356, 271.003) 
(451.432, 263.14300000000003) 
(444.714, 264.70300000000003) 
(453.60499999999996, 258.879) 
(459.805, 258.183) 
(465.45799999999997, 260.70500000000004) 
(468.791, 255.54399999999998) 
(475.228, 255.92700000000002) 
(482.35, 249.038) 
(486.17, 252.45000000000002) 
(496.179, 251.35299999999998) 
(497.14000000000004, 251.74099999999999) 
(505.52200000000005, 244.611) 
(508.071, 246.38299999999998) 
(519.309, 246.857) 
(520.475, 243.365) 
(527.833, 239.97899999999998) 
(533.101, 241.705) 
(538.9540000000001, 240.258) 
(540.149, 240.971) 
(549.914, 236.05100000000002) 
(554.4989999999999, 240.078) 
(563.447, 239.551) 
(564.69, 237.496) 
(568.783, 236.185) 
(575.214, 239.841) 
(583.4110000000001, 236.762) 
(587.1070000000001, 241.331) 
(601.431, 238.24300000000002) 
(596.262, 234.5) 
(602.8149999999999, 238.254) 
(607.3960000000001, 242.696) 
(616.794, 236.123) 
(620.3140000000001, 242.135) 
(627.352, 238.86499999999998) 
(635.358, 240.71) 
(636.3149999999999, 240.125) 
(641.557, 244.181) 
(650.55, 243.897) 
(652.9580000000001, 246.416) 
(660.1669999999999, 245.625) 
(663.275, 248.23000000000002) 
(672.65, 245.257) 
(674.866, 250.305) 
(681.808, 250.494) 
(702.624, 254.70399999999998) 
(691.572, 253.328) 
(702.926, 254.64) 
(705.6980000000001, 257.308) 
(712.194, 257.697) 
(718.947, 266.99600000000004) 
(723.135, 266.363) 
(729.6519999999999, 272.941) 
(735.41, 272.437) 
(738.512, 275.557) 
(741.245, 275.878) 
(748.084, 282.82) 
(750.393, 281.776) 
(759.85, 288.435) 
(763.6460000000001, 285.371) 
(772.358, 291.087) 
(775.2189999999999, 289.775) 
(782.79, 293.24699999999996) 
(779.313, 303.466) 
(792.326, 305.589) 
(793.241, 307.254) 
(795.996, 309.55100000000004) 
(796.651, 311.91999999999996) 
(807.981, 320.05) 
(808.056, 320.377) 
(809.627, 321.212) 
(815.729, 329.523) 
(824.5029999999999, 328.08500000000004) 
(826.527, 335.867) 
(830.155, 338.14) 
(830.2810000000001, 346.32800000000003) 
(836.426, 349.63100000000003) 
(837.13, 351.067) 
(848.033, 352.59000000000003) 
(849.1959999999999, 359.79499999999996) 
(852.954, 364.18699999999995) 
(853.84, 364.143) 
(863.294, 374.838) 
(862.4810000000001, 378.062) 
(866.042, 381.24) 
(869.443, 389.793) 
(872.6930000000001, 391.91700000000003) 
(874.903, 391.447) 
(881.1229999999999, 401.43800000000005) 
(877.874, 406.056) 
(885.621, 412.882) 
(886.039, 416.034) 
(890.486, 417.359) 
(890.712, 427.442) 
(896.317, 432.66900000000004) 
(896.192, 435.212) 
(899.39, 438.88899999999995) 
(897.985, 446.27299999999997) 
(906.91, 450.658) 
(903.251, 459.368) 
(908.233, 461.231) 
(910.85, 469.54699999999997) 
(912.211, 470.495) 
(912.329, 479.44) 
(912.562, 479.534) 
(920.414, 490.137) 
(919.312, 491.30800000000005) 
(921.168, 501.18600000000004) 
(924.428, 504.46500000000003) 
(923.41, 510.22999999999996) 
(926.38, 512.7969999999999) 
(925.8499999999999, 520.0630000000001) 
(927.505, 522.871) 
(924.679, 531.3639999999999) 
(928.925, 535.251) 
(925.794, 544.492) 
(927.3639999999999, 545.414) 
(932.7429999999999, 553.65) 
(931.453, 555.5980000000001) 
(931.472, 565.178) 
(928.6959999999999, 566.922) 
(929.564, 579.131) 
(929.867, 579.3679999999999) 
(939.5400000000001, 587.801) 
(944.5799999999999, 592.884) 
(942.866, 598.549) 
(938.9, 600.391) 
(943.593, 613.862) 
(940.76, 616.183) 
(940.806, 620.8489999999999) 
(938.453, 626.349) 
(940.97, 632.618) 
(941.944, 633.413) 
(935.3789999999999, 643.4689999999999) 
(937.8, 646.2280000000001) 
(931.4019999999999, 656.803) 
(932.414, 657.593) 
(932.06, 670.077) 
(928.192, 672.1080000000001) 
(925.107, 677.671) 
(927.7840000000001, 681.607) 
(926.661, 689.1080000000001) 
(923.3679999999999, 691.779) 
(920.9399999999999, 698.326) 
(920.3489999999999, 698.915) 
(920.83, 708.25) 
(917.894, 710.913) 
(917.0409999999999, 718.5120000000001) 
(909.235, 721.675) 
(911.829, 729.5939999999999) 
(907.235, 734.851) 
(908.3449999999999, 739.515) 
(902.183, 744.4110000000001) 
(901.0350000000001, 751.3570000000001) 
(900.23, 751.692) 
(897.652, 759.947) 
(887.772, 763.276) 
(890.215, 768.206) 
(889.265, 771.722) 
(889.347, 777.0169999999999) 
(878.0360000000001, 780.5490000000001) 
(881.558, 788.16) 
(874.1560000000001, 794.322) 
(873.393, 797.679) 
(866.2879999999999, 801.065) 
(866.285, 807.462) 
(862.3009999999999, 811.871) 
(861.5540000000001, 813.6379999999999) 
(853.7280000000001, 817.059) 
(852.87, 824.929) 
(846.281, 828.51) 
(843.4000000000001, 828.716) 
(839.737, 836.876) 
(839.876, 840.569) 
(833.548, 844.351) 
(831.727, 851.898) 
(822.727, 851.909) 
(821.21, 856.183) 
(810.959, 857.965) 
(812.191, 864.801) 
(805.922, 869.595) 
(801.533, 866.854) 
(794.77, 871.253) 
(793.2139999999999, 878.085) 
(789.737, 879.2520000000001) 
(789.1479999999999, 878.949) 
(773.931, 883.46) 
(773.289, 888.402) 
(768.158, 892.907) 
(765.626, 892.949) 
(759.546, 896.231) 
(757.875, 901.165) 
(748.495, 904.8380000000001) 
(745.5, 903.362) 
(736.341, 909.6919999999999) 
(735.2800000000001, 909.474) 
(730.51, 910.748) 
(728.038, 916.389) 
(715.7679999999999, 916.211) 
(713.231, 913.033) 
(706.1659999999999, 918.987) 
(705.0229999999999, 923.679) 
(697.255, 925.531) 
(692.289, 920.6189999999999) 
(684.072, 932.025) 
(678.968, 929.162) 
(675.039, 929.348) 
(670.524, 934.4259999999999) 
(664.9000000000001, 937.0540000000001) 
(660.87, 933.837) 
(652.888, 933.952) 
(650.5999999999999, 936.528) 
(640.428, 938.659) 
(637.128, 936.5120000000001) 
(632.094, 941.14) 
(620.625, 941.494) 
(620.374, 941.697) 
(616.543, 939.57) 
(606.197, 940.781) 
(605.012, 942.875) 
(598.642, 943.674) 
(594.037, 938.7860000000001) 
(583.7, 942.751) 
(582.674, 942.152) 
(578.35, 943.626) 
(566.098, 940.8720000000001) 
(564.8330000000001, 941.751) 
(557.3439999999999, 938.923) 
(555.5740000000001, 938.96) 
(547.9300000000001, 935.245) 
(541.653, 940.145) 
(535.311, 937.57) 
(530.707, 940.958) 
(520.941, 936.661) 
(520.5450000000001, 934.5219999999999) 
(514.867, 931.056) 
(507.05, 936.08) 
(503.57700000000006, 934.315) 
(502.267, 930.338) 
(488.34, 930.28) 
(487.867, 928.0659999999999) 
(480.861, 925.875) 
(474.637, 929.4599999999999) 
(469.325, 921.821) 
(456.717, 918.23) 
(465.776, 923.898) 
(448.064, 909.6990000000001) 
(455.43, 918.862) 
(448.74199999999996, 913.65) 
(435.771, 914.42) 
(435.905, 911.408) 
(430.291, 904.6070000000001) 
(418.0, 898.2379999999999) 
(425.36, 906.7760000000001) 
(418.288, 900.7239999999999) 
(405.721, 895.0350000000001) 
(396.533, 884.629) 
(404.94, 895.303) 
(397.683, 887.9590000000001) 
(391.452, 884.498) 
(380.396, 876.678) 
(389.149, 884.9540000000001) 
(368.38100000000003, 866.043) 
(376.27, 878.568) 
(369.579, 871.7040000000001) 
(358.692, 864.249) 
(350.193, 855.6510000000001) 
(358.21799999999996, 864.38) 
(352.472, 860.718) 
(345.154, 848.35) 
(346.523, 853.483) 
(334.324, 840.5200000000001) 
(335.366, 844.506) 
(327.903, 837.394) 
(328.03900000000004, 833.431) 
(322.269, 825.896) 
(313.641, 813.6759999999999) 
(318.542, 826.073) 
(304.23699999999997, 805.4200000000001) 
(309.18600000000004, 813.727) 
(305.693, 811.674) 
(299.984, 794.728) 
(299.879, 800.08) 
(286.366, 786.987) 
(288.30400000000003, 792.11) 
(283.486, 780.304) 
(284.118, 784.5999999999999) 
(280.017, 772.8589999999999) 
(279.68100000000004, 776.156) 
(275.46700000000004, 759.5110000000001) 
(275.557, 766.7969999999999) 
(270.40799999999996, 747.617) 
(268.808, 755.447) 
(263.02599999999995, 740.1370000000001) 
(264.596, 743.3530000000001) 
(256.574, 730.0029999999999) 
(257.407, 738.37) 
(253.477, 718.9910000000001) 
(249.424, 727.1229999999999) 
(246.793, 706.335) 
(246.576, 706.485) 
(245.812, 713.393) 
(248.893, 698.2909999999999) 
(241.593, 687.886) 
(241.57, 693.878) 
(239.971, 675.388) 
(236.60600000000002, 684.3900000000001) 
(236.994, 667.92) 
(236.60600000000002, 669.221) 
(233.806, 656.0899999999999) 
(233.08599999999998, 657.8739999999999) 
(229.763, 642.543) 
(228.661, 649.369) 
(232.796, 628.251) 
(231.458, 629.149) 
(227.064, 639.2769999999999) 
(231.023, 619.571) 
(230.78199999999998, 620.4190000000001) 
(226.92000000000002, 603.877) 
(223.08700000000002, 608.173) 
(226.29399999999998, 601.5559999999999) 
(228.133, 585.884) 
(225.28699999999998, 587.539) 
(222.859, 596.879) 
(228.114, 570.907) 
(223.168, 574.535) 
(229.019, 567.076) 
(228.743, 553.0500000000001) 
(228.22799999999998, 566.078) 
(231.608, 540.192) 
(228.291, 552.7520000000001) 
(230.99800000000002, 529.962) 
(230.202, 531.159) 
(228.893, 536.9920000000001) 
(236.01, 516.0930000000001) 
(227.545, 520.808) 
(236.241, 508.633) 
(236.117, 496.71999999999997) 
(235.1, 507.391) 
(238.561, 481.85499999999996) 
(237.59900000000002, 482.36899999999997) 
(236.11499999999998, 496.718) 
(242.979, 471.786) 
(240.846, 472.13) 
(250.41000000000003, 462.068) 
(249.531, 462.199) 
(254.81300000000002, 451.287) 
(249.875, 452.874) 
(256.853, 442.498) 
(259.711, 429.53799999999995) 
(258.465, 430.39) 
(255.414, 441.015) 
(268.345, 418.30699999999996) 
(261.513, 420.57099999999997) 
(272.40999999999997, 409.068) 
(270.611, 411.549) 
(278.26099999999997, 400.04200000000003) 
(272.12199999999996, 403.106) 
(284.27200000000005, 389.58500000000004) 
(280.561, 391.96999999999997) 
(291.292, 379.161) 
(284.617, 386.46799999999996) 
(291.292, 378.12600000000003) 
(298.245, 373.043) 
(304.362, 361.78900000000004) 
(297.407, 365.146) 
(308.91400000000004, 355.135) 
(307.88599999999997, 355.733) 
(320.671, 347.279) 
(309.59, 350.317) 
(324.93100000000004, 336.391) 
(319.875, 339.37) 
(326.558, 331.523) 
(331.648, 330.72) 
(344.129, 322.483) 
(335.92, 324.974) 
(344.584, 320.69599999999997) 
(354.459, 316.35400000000004) 
(359.808, 306.76300000000003) 
(354.041, 309.473) 
(367.53400000000005, 298.473) 
(363.182, 299.64000000000004) 
(367.693, 298.019) 
(376.779, 288.892) 
(376.784, 288.846) 
(387.613, 284.846) 
(390.40200000000004, 286.24) 
(397.61800000000005, 282.812) 
(405.581, 273.92699999999996) 
(398.80199999999996, 276.477) 
(407.12, 271.187) 
(417.315, 268.598) 
(418.671, 266.40000000000003) 
(429.027, 263.901) 
(429.786, 263.899) 
(436.079, 258.045) 
(436.72499999999997, 258.025) 
(443.042, 251.863) 
(451.21099999999996, 252.36599999999999) 
(455.91700000000003, 246.79999999999998) 
(459.237, 247.40400000000002) 
(466.203, 246.147) 
(467.209, 244.76600000000002) 
(476.74499999999995, 243.114) 
(481.933, 247.449) 
(491.69800000000004, 238.155) 
(491.754, 238.003) 
(495.877, 236.059) 
(504.94000000000005, 241.238) 
(510.656, 234.29) 
(516.084, 234.876) 
(519.671, 230.937) 
(526.729, 230.80999999999997) 
(531.166, 226.656) 
(537.555, 232.244) 
(544.1949999999999, 227.647) 
(550.88, 229.26399999999998) 
(554.115, 226.46) 
(559.1890000000001, 227.56) 
(565.243, 222.632) 
(573.477, 225.774) 
(574.04, 227.273) 
(583.284, 230.92399999999998) 
(589.136, 225.644) 
(594.209, 226.88) 
(595.84, 225.99) 
(607.974, 229.523) 
(610.654, 228.09699999999998) 
(617.03, 231.506) 
(620.958, 229.606) 
(623.3539999999999, 230.13) 
(632.3910000000001, 228.893) 
(637.796, 232.689) 
(642.769, 229.86100000000002) 
(651.7579999999999, 232.189) 
(655.06, 230.774) 
(662.901, 234.58599999999998) 
(665.925, 233.928) 
(674.385, 238.294) 
(674.9770000000001, 238.955) 
(684.669, 238.677) 
(686.8919999999999, 240.961) 
(690.012, 242.29600000000002) 
(694.581, 241.391) 
(703.3629999999999, 250.095) 
(707.4789999999999, 245.46200000000002) 
(716.053, 251.845) 
(716.015, 252.938) 
(726.9480000000001, 255.932) 
(728.158, 258.372) 
(735.549, 258.46000000000004) 
(738.939, 265.512) 
(748.567, 266.029) 
(751.016, 268.553) 
(755.626, 270.599) 
(757.422, 270.276) 
(765.534, 278.78999999999996) 
(769.087, 278.04699999999997) 
(776.96, 278.734) 
(777.638, 278.37899999999996) 
(787.1519999999999, 284.06) 
(786.789, 291.334) 
(793.886, 295.529) 
(793.9119999999999, 295.65599999999995) 
(804.2700000000001, 300.149) 
(803.476, 305.23699999999997) 
(812.867, 309.156) 
(815.453, 307.34499999999997) 
(824.2810000000001, 311.426) 
(824.209, 318.804) 
(827.176, 323.53900000000004) 
(831.5709999999999, 323.573) 
(838.92, 327.323) 
(839.228, 333.822) 
(842.734, 337.189) 
(842.9590000000001, 339.78000000000003) 
(850.992, 347.885) 
(851.11, 348.357) 
(861.831, 350.33) 
(862.7289999999999, 358.46099999999996) 
(866.202, 360.22700000000003) 
(869.305, 369.915) 
(872.706, 370.534) 
(877.0120000000001, 378.181) 
(880.659, 380.68800000000005) 
(880.516, 387.304) 
(887.124, 390.30199999999996) 
(891.514, 398.606) 
(890.362, 400.712) 
(890.441, 401.92) 
(898.057, 410.894) 
(896.5450000000001, 416.83500000000004) 
(902.6189999999999, 422.074) 
(903.6899999999999, 422.011) 
(911.8230000000001, 427.338) 
(909.806, 438.376) 
(910.1909999999999, 438.729) 
(914.466, 447.957) 
(916.261, 449.115) 
(916.5640000000001, 455.95799999999997) 
(921.338, 461.515) 
(921.633, 466.7) 
(923.275, 468.116) 
(924.129, 477.691) 
(926.354, 480.014) 
(927.621, 488.185) 
(928.242, 488.546) 
(930.438, 499.278) 
(936.744, 501.50300000000004) 
(930.811, 512.969) 
(935.174, 514.774) 
(937.6790000000001, 520.953) 
(935.256, 523.9319999999999) 
(935.039, 533.559) 
(939.945, 535.551) 
(942.515, 544.014) 
(941.714, 545.1129999999999) 
(940.187, 553.06) 
(942.562, 557.0939999999999) 
(938.686, 564.6759999999999) 
(943.8069999999999, 571.1709999999999) 
(943.6510000000001, 577.562) 
(938.866, 580.022) 
(951.787, 588.254) 
(954.054, 589.547) 
(951.769, 602.643) 
(952.551, 603.647) 
(953.155, 606.976) 
(946.339, 613.3539999999999) 
(955.052, 622.399) 
(951.62, 626.133) 
(949.361, 634.3839999999999) 
(947.154, 635.2719999999999) 
(945.323, 647.095) 
(946.47, 648.837) 
(948.052, 655.0409999999999) 
(942.923, 659.697) 
(943.6229999999999, 669.813) 
(942.2009999999999, 672.26) 
(942.723, 677.538) 
(940.754, 681.5219999999999) 
(942.444, 688.714) 
(937.307, 694.648) 
(937.155, 694.6600000000001) 
(931.313, 700.188) 
(932.243, 710.1560000000001) 
(931.015, 711.0459999999999) 
(930.886, 719.73) 
(924.0749999999999, 725.34) 
(923.832, 730.176) 
(921.99, 731.312) 
(916.686, 740.392) 
(914.837, 741.753) 
(916.2, 751.495) 
(910.3480000000001, 756.6650000000001) 
(910.748, 761.5849999999999) 
(905.2320000000001, 769.475) 
(904.775, 769.663) 
(901.912, 768.389) 
(900.4680000000001, 780.386) 
(893.986, 781.366) 
(890.004, 791.0970000000001) 
(888.422, 792.074) 
(887.1510000000001, 797.188) 
(880.197, 800.7570000000001) 
(880.261, 806.852) 
(873.5889999999999, 810.966) 
(875.0440000000001, 814.856) 
(866.264, 821.685) 
(867.0400000000001, 825.97) 
(860.656, 829.751) 
(860.22, 832.548) 
(853.912, 838.536) 
(852.6080000000001, 843.322) 
(845.5559999999999, 843.928) 
(844.4979999999999, 843.605) 
(838.446, 856.795) 
(832.9590000000001, 854.072) 
(826.783, 864.108) 
(823.6, 863.5310000000001) 
(817.551, 866.923) 
(818.683, 873.389) 
(811.886, 877.879) 
(805.894, 876.592) 
(802.533, 880.071) 
(802.181, 880.097) 
(794.264, 893.298) 
(790.482, 892.814) 
(789.1049999999999, 891.67) 
(782.715, 892.394) 
(779.095, 906.632) 
(771.93, 901.59) 
(764.51, 908.735) 
(760.521, 906.8580000000001) 
(754.8820000000001, 913.64) 
(750.8470000000001, 913.0070000000001) 
(744.11, 919.629) 
(743.513, 919.378) 
(730.567, 924.762) 
(729.2570000000001, 924.6220000000001) 
(726.855, 926.886) 
(717.1880000000001, 926.673) 
(715.504, 928.215) 
(709.083, 927.449) 
(703.341, 936.133) 
(697.1, 930.71) 
(689.585, 936.395) 
(686.172, 935.846) 
(682.7149999999999, 940.832) 
(680.135, 941.76) 
(664.909, 937.234) 
(674.55, 948.73) 
(659.956, 948.071) 
(652.066, 947.836) 
(650.412, 949.196) 
(641.716, 946.179) 
(637.788, 950.988) 
(632.597, 951.212) 
(629.524, 953.258) 
(622.974, 952.567) 
(620.0870000000001, 948.538) 
(608.2950000000001, 951.397) 
(606.852, 954.1279999999999) 
(598.567, 955.61) 
(595.092, 950.7719999999999) 
(587.212, 949.569) 
(583.8290000000001, 957.924) 
(574.352, 954.2819999999999) 
(572.117, 955.125) 
(563.67, 949.7560000000001) 
(559.284, 953.5360000000001) 
(550.2660000000001, 950.745) 
(549.901, 950.806) 
(543.024, 949.6) 
(541.9549999999999, 950.735) 
(528.167, 947.8050000000001) 
(526.988, 948.7719999999999) 
(517.7049999999999, 945.206) 
(513.601, 946.976) 
(512.458, 946.67) 
(508.82700000000006, 942.76) 
(494.342, 939.532) 
(497.15700000000004, 946.8870000000001) 
(488.103, 936.88) 
(473.814, 932.188) 
(484.202, 939.6560000000001) 
(478.57899999999995, 938.8069999999999) 
(465.45599999999996, 934.413) 
(461.792, 931.163) 
(453.956, 923.495) 
(458.47700000000003, 930.945) 
(443.53900000000004, 926.524) 
(440.621, 921.4989999999999) 
(436.41200000000003, 919.301) 
(434.752, 917.455) 
(424.861, 917.166) 
(424.611, 916.774) 
(414.872, 913.233) 
(412.065, 909.857) 
(406.414, 909.796) 
(400.489, 903.293) 
(390.20899999999995, 897.1170000000001) 
(399.89000000000004, 903.389) 
(387.69, 896.9399999999999) 
(384.96999999999997, 891.011) 
(373.956, 883.486) 
(377.563, 889.629) 
(360.03200000000004, 878.755) 
(359.983, 878.538) 
(368.73499999999996, 884.906) 
(355.691, 873.6350000000001) 
(346.251, 865.874) 
(350.37, 874.958) 
(338.56399999999996, 858.228) 
(340.094, 866.7850000000001) 
(332.228, 849.7719999999999) 
(333.721, 856.577) 
(322.366, 839.777) 
(324.79, 849.417) 
(313.169, 832.4449999999999) 
(318.044, 839.196) 
(307.91200000000003, 831.843) 
(305.81, 826.23) 
(295.365, 815.546) 
(298.974, 823.981) 
(289.294, 805.4) 
(288.959, 806.5830000000001) 
(293.774, 815.342) 
(285.719, 797.891) 
(276.536, 790.157) 
(277.62199999999996, 798.4879999999999) 
(271.357, 778.077) 
(274.256, 789.659) 
(263.463, 768.356) 
(262.61400000000003, 770.15) 
(268.926, 778.033) 
(264.083, 758.496) 
(253.57299999999998, 751.976) 
(259.545, 756.816) 
(251.69200000000004, 740.872) 
(251.29800000000003, 751.3649999999999) 
(248.09400000000002, 727.649) 
(247.882, 727.936) 
(250.052, 739.712) 
(240.487, 718.164) 
(236.297, 703.941) 
(233.99800000000002, 709.201) 
(236.86499999999998, 718.403) 
(234.53, 700.628) 
(231.049, 685.7919999999999) 
(230.69400000000002, 698.441) 
(226.05800000000002, 672.852) 
(225.03799999999998, 675.591) 
(230.849, 685.691) 
(224.904, 660.131) 
(222.072, 666.518) 
(221.101, 650.36) 
(220.18599999999998, 655.5640000000001) 
(220.478, 639.842) 
(216.866, 644.5920000000001) 
(219.048, 627.808) 
(216.79999999999998, 631.879) 
(218.471, 619.302) 
(217.869, 623.9010000000001) 
(215.57299999999998, 611.949) 
(215.49599999999998, 612.0889999999999) 
(213.199, 595.6510000000001) 
(211.18, 601.453) 
(217.905, 585.2570000000001) 
(213.097, 595.4540000000001) 
(218.049, 574.823) 
(213.483, 579.055) 
(219.28300000000002, 561.746) 
(215.84, 566.272) 
(219.322, 551.994) 
(218.25300000000001, 555.1669999999999) 
(221.40699999999998, 539.985) 
(216.35999999999999, 546.348) 
(218.76100000000002, 528.449) 
(216.085, 531.1320000000001) 
(225.38, 519.346) 
(218.807, 524.063) 
(224.399, 509.147) 
(222.965, 513.693) 
(230.839, 495.287) 
(220.5, 502.88500000000005) 
(231.013, 481.49199999999996) 
(226.56, 482.988) 
(225.81699999999998, 489.074) 
(234.66500000000002, 466.605) 
(231.18800000000002, 469.322) 
(238.52499999999998, 457.707) 
(234.696, 459.58700000000005) 
(243.248, 449.226) 
(247.62400000000002, 441.034) 
(243.16, 445.987) 
(247.423, 426.315) 
(244.441, 427.411) 
(245.705, 437.083) 
(256.172, 416.3) 
(250.95600000000002, 419.33500000000004) 
(257.52799999999996, 409.961) 
(255.668, 411.10799999999995) 
(266.90999999999997, 399.303) 
(265.073, 399.083) 
(272.469, 387.127) 
(271.345, 387.64500000000004) 
(276.90700000000004, 379.682) 
(275.57, 379.90299999999996) 
(284.454, 373.033) 
(284.1, 373.06) 
(292.04999999999995, 361.68899999999996) 
(288.503, 363.85499999999996) 
(293.242, 351.33599999999996) 
(291.448, 351.52099999999996) 
(307.39300000000003, 342.412) 
(304.74, 342.804) 
(307.90000000000003, 341.381) 
(313.466, 338.28000000000003) 
(321.836, 324.361) 
(313.241, 326.50600000000003) 
(322.837, 321.104) 
(328.934, 317.458) 
(331.086, 313.976) 
(339.043, 311.888) 
(349.514, 304.63800000000003) 
(340.432, 307.574) 
(355.039, 296.831) 
(350.497, 301.045) 
(363.607, 290.54600000000005) 
(354.00399999999996, 289.157) 
(372.987, 281.781) 
(366.09799999999996, 282.21299999999997) 
(386.093, 273.166) 
(374.976, 276.414) 
(386.514, 272.683) 
(391.834, 271.897) 
(402.49600000000004, 261.673) 
(395.759, 263.108) 
(402.943, 260.755) 
(412.797, 255.86700000000002) 
(413.78900000000004, 256.118) 
(419.706, 251.39499999999998) 
(422.22900000000004, 247.369) 
(431.483, 251.185) 
(440.567, 240.41899999999998) 
(433.967, 244.68599999999998) 
(442.963, 241.978) 
(451.727, 239.588) 
(453.115, 235.896) 
(464.38, 234.799) 
(465.015, 233.61) 
(475.642, 231.716) 
(478.089, 233.724) 
(484.233, 231.936) 
(497.36, 224.969) 
(485.031, 229.411) 
(498.64000000000004, 226.182) 
(506.274, 225.42999999999998) 
(509.698, 221.101) 
(516.098, 218.71699999999998) 
(516.594, 218.998) 
(528.13, 219.20899999999997) 
(531.181, 223.31) 
(541.128, 219.75) 
(543.627, 215.984) 
(551.874, 216.855) 
(552.9929999999999, 215.627) 
(561.987, 211.661) 
(564.301, 214.105) 
(576.303, 214.377) 
(578.11, 215.356) 
(584.825, 213.792) 
(585.02, 213.5) 
(597.7470000000001, 211.43200000000002) 
(602.58, 215.458) 
(604.484, 215.554) 
(609.549, 219.057) 
(616.794, 216.087) 
(622.317, 219.95999999999998) 
(631.0010000000001, 216.76500000000001) 
(631.525, 215.955) 
(642.2099999999999, 217.364) 
(643.443, 218.948) 
(651.97, 218.408) 
(656.4179999999999, 223.94400000000002) 
(662.188, 220.65599999999998) 
(668.2869999999999, 226.488) 
(675.473, 222.292) 
(677.15, 223.625) 
(684.0500000000001, 225.17100000000002) 
(686.446, 230.6) 
(696.086, 228.75) 
(699.7959999999999, 236.19299999999998) 
(703.958, 236.09199999999998) 
(709.288, 240.784) 
(714.878, 239.694) 
(719.7959999999999, 243.268) 
(725.461, 243.21200000000002) 
(727.3, 245.43300000000002) 
(735.201, 246.12800000000001) 
(739.625, 253.99699999999999) 
(745.5580000000001, 253.02) 
(748.067, 255.037) 
(758.309, 254.06) 
(760.542, 265.90799999999996) 
(769.611, 263.565) 
(771.645, 264.07399999999996) 
(776.265, 263.853) 
(779.249, 274.34999999999997) 
(786.728, 272.03) 
(791.387, 277.177) 
(791.178, 281.142) 
(801.29, 284.24300000000005) 
(801.778, 287.863) 
(807.969, 291.99) 
(809.526, 295.49199999999996) 
(815.746, 298.89500000000004) 
(815.9680000000001, 298.753) 
(828.96, 301.113) 
(827.682, 309.264) 
(836.38, 311.388) 
(836.666, 311.981) 
(844.2030000000001, 317.069) 
(844.51, 322.709) 
(855.4000000000001, 326.22) 
(854.614, 333.778) 
(856.084, 335.942) 
(862.7080000000001, 339.254) 
(865.207, 345.894) 
(869.062, 345.95300000000003) 
(874.107, 350.997) 
(873.808, 357.731) 
(882.153, 362.015) 
(881.9599999999999, 363.772) 
(887.879, 374.07) 
(888.5229999999999, 374.12899999999996) 
(895.822, 377.986) 
(891.9390000000001, 386.515) 
(899.673, 390.05899999999997) 
(900.274, 396.794) 
(901.288, 397.22) 
(903.965, 406.454) 
(911.322, 409.586) 
(910.9150000000001, 412.33599999999996) 
(918.115, 420.345) 
(918.2660000000001, 425.341) 
(921.4259999999999, 426.77) 
(921.679, 435.636) 
(924.822, 439.204) 
(922.245, 446.87300000000005) 
(927.1239999999999, 449.122) 
(930.7760000000001, 455.96999999999997) 
(936.883, 458.05400000000003) 
(932.582, 467.89599999999996) 
(935.487, 472.286) 
(935.846, 474.103) 
(942.087, 479.721) 
(940.188, 486.555) 
(942.1429999999999, 489.22700000000003) 
(940.132, 501.49600000000004) 
(940.698, 501.997) 
(942.668, 508.71599999999995) 
(947.337, 511.66100000000006) 
(946.917, 521.975) 
(948.7489999999999, 524.043) 
(948.648, 528.981) 
(954.461, 534.146) 
(950.746, 543.6990000000001) 
(949.686, 544.534) 
(954.8050000000001, 557.532) 
(954.236, 558.194) 
(954.094, 564.2) 
(956.8290000000001, 567.981) 
(952.592, 578.1030000000001) 
(948.828, 580.0459999999999) 
(966.1840000000001, 590.212) 
(968.214, 593.011) 
(970.419, 594.6949999999999) 
(964.5409999999999, 612.6709999999999) 
(967.375, 619.673) 
(967.1899999999999, 619.9590000000001) 
(966.616, 639.9970000000001) 
(964.434, 639.712) 
(967.866, 641.575) 
(960.934, 658.149) 
(962.989, 663.1949999999999) 
(959.8370000000001, 668.784) 
(959.583, 680.59) 
(963.7280000000001, 689.311) 
(954.1129999999999, 692.437) 
(945.776, 708.279) 
(945.543, 708.3159999999999) 
(944.857, 708.047) 
(941.461, 724.238) 
(945.711, 733.047) 
(934.7339999999999, 737.9350000000001) 
(931.823, 745.9879999999999) 
(931.298, 753.6270000000001) 
(932.372, 755.534) 
(924.651, 767.78) 
(925.034, 772.467) 
(916.981, 777.941) 
(912.636, 792.991) 
(912.3050000000001, 792.978) 
(905.648, 796.408) 
(896.047, 809.826) 
(895.605, 813.96) 
(891.654, 815.181) 
(882.865, 822.481) 
(879.598, 830.794) 
(880.05, 832.429) 
(867.8169999999999, 842.631) 
(864.9200000000001, 850.943) 
(861.7289999999999, 851.855) 
(852.431, 865.402) 
(847.68, 864.8489999999999) 
(846.5, 864.972) 
(835.3199999999999, 873.3969999999999) 
(833.346, 878.761) 
(826.8910000000001, 879.25) 
(817.4789999999999, 886.912) 
(815.751, 891.8679999999999) 
(808.689, 892.996) 
(803.761, 897.992) 
(803.356, 911.2379999999999) 
(788.11, 907.004) 
(780.855, 909.4499999999999) 
(778.0740000000001, 917.5250000000001) 
(769.218, 919.13) 
(763.442, 923.906) 
(759.822, 931.5989999999999) 
(747.815, 927.055) 
(740.306, 933.0509999999999) 
(736.623, 944.063) 
(728.216, 938.6179999999999) 
(715.569, 941.369) 
(710.818, 947.125) 
(706.275, 946.597) 
(699.8180000000001, 949.25) 
(695.877, 953.508) 
(689.104, 952.333) 
(674.481, 956.502) 
(670.693, 961.838) 
(666.529, 959.49) 
(648.307, 960.558) 
(645.9599999999999, 962.5350000000001) 
(643.4250000000001, 967.921) 
(634.854, 966.641) 
(622.992, 971.515) 
(617.115, 967.4939999999999) 
(613.394, 967.496) 
(601.5840000000001, 974.592) 
(594.038, 966.548) 
(585.855, 965.186) 
(577.32, 971.499) 
(569.9419999999999, 965.536) 
(559.119, 965.469) 
(554.142, 969.9060000000001) 
(549.891, 968.191) 
(536.182, 966.0699999999999) 
(533.1890000000001, 967.41) 
(526.855, 963.1769999999999) 
(517.792, 962.569) 
(506.37200000000007, 968.3929999999999) 
(501.03299999999996, 957.055) 
(496.002, 953.588) 
(487.409, 955.2819999999999) 
(484.392, 951.9) 
(465.145, 951.168) 
(465.56399999999996, 950.173) 
(464.03299999999996, 952.233) 
(446.393, 943.539) 
(446.19599999999997, 942.8689999999999) 
(441.966, 938.142) 
(427.74899999999997, 935.8919999999999) 
(421.945, 936.449) 
(419.932, 930.627) 
(410.161, 924.886) 
(400.94, 923.8159999999999) 
(389.624, 912.6370000000001) 
(398.899, 924.772) 
(381.91999999999996, 911.311) 
(379.545, 907.326) 
(372.094, 903.505) 
(363.818, 903.4590000000001) 
(361.046, 896.97) 
(352.67900000000003, 890.8620000000001) 
(343.711, 879.764) 
(344.423, 889.774) 
(336.40799999999996, 872.753) 
(322.936, 864.369) 
(326.309, 872.8829999999999) 
(315.861, 858.985) 
(310.887, 857.734) 
(309.535, 852.97) 
(297.259, 840.8259999999999) 
(291.528, 840.391) 
(289.66700000000003, 833.835) 
(283.697, 824.487) 
(275.25699999999995, 811.191) 
(274.71299999999997, 821.4590000000001) 
(271.634, 804.6450000000001) 
(264.71099999999996, 791.327) 
(263.627, 801.135) 
(262.944, 787.354) 
(250.40099999999998, 773.486) 
(247.862, 781.933) 
(248.255, 769.137) 
(241.453, 756.0360000000001) 
(240.824, 760.053) 
(232.298, 740.134) 
(231.254, 742.0830000000001) 
(233.222, 734.8130000000001) 
(229.93800000000002, 724.8050000000001) 
(219.98000000000002, 712.839) 
(219.227, 719.1260000000001) 
(216.985, 701.681) 
(215.03, 690.1030000000001) 
(214.885, 699.978) 
(210.7, 681.347) 
(211.98600000000002, 666.062) 
(207.153, 678.991) 
(209.394, 659.0070000000001) 
(206.151, 646.2529999999999) 
(203.513, 653.9300000000001) 
(201.86499999999998, 633.857) 
(201.516, 634.2719999999999) 
(204.11499999999998, 625.147) 
(203.432, 615.909) 
(198.83999999999997, 602.847) 
(194.39100000000002, 610.059) 
(199.617, 585.821) 
(199.321, 585.966) 
(204.369, 579.558) 
(201.63500000000002, 564.782) 
(201.026, 561.984) 
(200.53199999999998, 563.086) 
(202.745, 542.736) 
(204.338, 531.042) 
(199.419, 538.4879999999999) 
(206.087, 517.299) 
(206.02300000000002, 516.919) 
(210.847, 498.045) 
(203.91400000000002, 513.695) 
(210.341, 496.11699999999996) 
(214.788, 474.213) 
(207.792, 492.589) 
(214.607, 473.3) 
(215.375, 472.495) 
(222.703, 452.209) 
(228.881, 441.003) 
(220.874, 448.10699999999997) 
(230.41, 435.822) 
(235.292, 423.92800000000005) 
(231.083, 425.622) 
(240.291, 411.303) 
(244.18400000000003, 402.249) 
(240.757, 403.75899999999996) 
(252.081, 391.433) 
(257.99, 381.55499999999995) 
(251.94499999999996, 386.062) 
(264.505, 370.361) 
(264.74399999999997, 365.53400000000005) 
(270.637, 362.87399999999997) 
(274.08700000000005, 359.102) 
(285.576, 346.283) 
(278.532, 347.80100000000004) 
(289.669, 337.429) 
(299.623, 326.70300000000003) 
(290.71799999999996, 327.001) 
(305.761, 323.22) 
(315.596, 310.336) 
(307.90000000000003, 312.84000000000003) 
(321.424, 300.98900000000003) 
(321.69599999999997, 298.986) 
(334.304, 297.36400000000003) 
(339.403, 290.786) 
(341.729, 282.99600000000004) 
(351.157, 284.02500000000003) 
(358.101, 278.96) 
(369.43199999999996, 266.053) 
(359.515, 267.083) 
(378.625, 253.88500000000002) 
(379.28299999999996, 254.203) 
(386.536, 254.46699999999998) 
(398.326, 248.076) 
(400.77000000000004, 243.826) 
(405.743, 244.728) 
(419.858, 238.035) 
(421.907, 232.317) 
(422.055, 231.44500000000002) 
(436.359, 231.422) 
(443.678, 224.539) 
(449.673, 226.188) 
(462.173, 218.756) 
(462.30100000000004, 218.847) 
(473.713, 220.219) 
(483.271, 214.945) 
(485.659, 211.94) 
(491.41499999999996, 214.454) 
(501.90000000000003, 211.156) 
(508.45399999999995, 201.64000000000001) 
(515.751, 206.24200000000002) 
(531.983, 201.514) 
(532.902, 202.547) 
(537.196, 204.088) 
(548.7760000000001, 201.06099999999998) 
(554.465, 196.867) 
(563.107, 201.129) 
(569.576, 198.628) 
(574.928, 194.263) 
(584.218, 202.706) 
(598.8670000000001, 196.686) 
(599.9060000000001, 195.231) 
(612.851, 200.795) 
(620.71, 200.363) 
(624.776, 198.30800000000002) 
(628.5070000000001, 202.13500000000002) 
(645.659, 204.72799999999998) 
(649.106, 202.971) 
(656.036, 208.80599999999998) 
(666.269, 209.929) 
(671.566, 207.696) 
(672.639, 209.111) 
(691.2139999999999, 215.52599999999998) 
(695.1850000000001, 214.151) 
(700.324, 218.278) 
(711.61, 220.024) 
(715.808, 219.14600000000002) 
(718.175, 223.655) 
(729.9839999999999, 232.183) 
(739.94, 230.52700000000002) 
(743.491, 235.96900000000002) 
(748.405, 239.034) 
(756.841, 238.777) 
(763.371, 247.034) 
(766.4100000000001, 247.43699999999998) 
(777.395, 245.22299999999998) 
(783.2710000000001, 256.813) 
(792.254, 259.59) 
(798.28, 259.169) 
(801.885, 267.752) 
(807.449, 273.844) 
(815.0300000000001, 274.74199999999996) 
(817.643, 282.187) 
(823.5590000000001, 288.069) 
(834.6980000000001, 289.08) 
(835.856, 292.65999999999997) 
(843.1999999999999, 299.27700000000004) 
(854.366, 301.786) 
(853.935, 307.176) 
(860.827, 321.764) 
(871.3109999999999, 322.49100000000004) 
(872.032, 329.062) 
(878.651, 338.10200000000003) 
(886.2560000000001, 340.59000000000003) 
(886.0219999999999, 347.742) 
(888.803, 355.237) 
(900.098, 358.374) 
(900.205, 358.373) 
(908.014, 376.15500000000003) 
(904.6220000000001, 377.613) 
(909.957, 376.662) 
(914.552, 393.16200000000003) 
(921.746, 398.571) 
(921.0749999999999, 402.429) 
(925.3789999999999, 410.33599999999996) 
(933.508, 416.553) 
(932.273, 424.71999999999997) 
(939.4090000000001, 434.8) 
(943.061, 437.002) 
(942.3589999999999, 439.632) 
(942.601, 456.097) 
(950.6750000000001, 461.945) 
(950.654, 462.189) 
(952.034, 474.414) 
(960.721, 480.96299999999997) 
(957.716, 492.878) 
(959.2, 497.99399999999997) 
(963.016, 503.29100000000005) 
(962.178, 505.656) 
(963.579, 518.4870000000001) 
(968.963, 524.903) 
(964.157, 534.3860000000001) 
(967.407, 545.494) 
(969.433, 548.574) 
(966.716, 553.08) 
(972.043, 571.213) 
(969.157, 573.272) 
(966.305, 579.418) 
(991.904, 596.192) 
(993.977, 598.899) 
(987.6, 616.95) 
(995.987, 636.208) 
(985.3629999999999, 644.365) 
(984.52, 668.263) 
(987.323, 672.6529999999999) 
(971.7280000000001, 693.0079999999999) 
(975.588, 705.383) 
(967.992, 717.228) 
(966.742, 732.545) 
(960.767, 736.7860000000001) 
(954.63, 762.981) 
(955.228, 764.5840000000001) 
(939.52, 783.556) 
(938.3829999999999, 796.534) 
(926.0260000000001, 801.7840000000001) 
(919.614, 822.08) 
(910.224, 825.006) 
(898.675, 846.679) 
(895.506, 846.975) 
(882.1569999999999, 859.333) 
(879.677, 879.0649999999999) 
(864.386, 881.4830000000001) 
(850.954, 899.591) 
(842.938, 899.144) 
(831.471, 905.984) 
(825.0459999999999, 916.61) 
(807.588, 918.49) 
(796.387, 934.697) 
(792.533, 934.566) 
(767.52, 949.451) 
(764.357, 947.936) 
(741.2379999999999, 954.7339999999999) 
(733.424, 966.1110000000001) 
(725.073, 965.572) 
(701.2420000000001, 980.514) 
(696.29, 977.263) 
(673.676, 976.386) 
(666.024, 984.3779999999999) 
(650.552, 984.2950000000001) 
(637.828, 995.3729999999999) 
(625.6650000000001, 988.745) 
(599.911, 994.452) 
(599.004, 993.279) 
(575.4050000000001, 988.081) 
(565.129, 993.1419999999999) 
(557.848, 988.4150000000001) 
(530.669, 991.4490000000001) 
(529.4140000000001, 989.77) 
(500.28099999999995, 983.4150000000001) 
(498.498, 984.336) 
(481.13, 973.2539999999999) 
(464.055, 972.844) 
(461.473, 975.004) 
(432.865, 968.332) 
(432.358, 966.562) 
(414.288, 949.84) 
(401.874, 951.247) 
(391.247, 939.51) 
(373.096, 936.96) 
(372.419, 935.023) 
(354.195, 917.115) 
(332.013, 900.4680000000001) 
(342.78700000000003, 917.7689999999999) 
(322.206, 897.541) 
(318.304, 888.248) 
(294.284, 876.831) 
(294.737, 872.716) 
(280.71000000000004, 850.968) 
(262.06800000000004, 829.387) 
(265.87100000000004, 849.938) 
(248.20700000000002, 807.922) 
(247.942, 820.851) 
(235.965, 792.252) 
(222.548, 771.19) 
(230.858, 791.319) 
(215.199, 746.804) 
(213.714, 765.612) 
(200.82500000000002, 730.502) 
(200.133, 732.755) 
(193.129, 704.989) 
(194.03400000000002, 679.6450000000001) 
(190.01999999999998, 702.566) 
(186.357, 660.87) 
(183.164, 667.3639999999999) 
(181.228, 633.148) 
(179.975, 634.5939999999999) 
(182.43400000000003, 611.904) 
(180.867, 584.453) 
(173.173, 602.46) 
(176.22, 563.655) 
(173.883, 566.123) 
(182.219, 537.397) 
(185.528, 511.15) 
(176.656, 530.057) 
(188.879, 488.673) 
(181.51600000000002, 498.977) 
(192.459, 463.43600000000004) 
(186.105, 466.177) 
(205.63799999999998, 442.74) 
(214.181, 417.38199999999995) 
(202.848, 434.092) 
(222.342, 397.728) 
(212.923, 404.6) 
(235.374, 373.779) 
(226.94500000000002, 375.365) 
(249.619, 354.785) 
(262.54699999999997, 335.117) 
(247.65, 342.392) 
(281.45599999999996, 317.709) 
(270.306, 319.729) 
(291.81, 298.83799999999997) 
(292.047, 294.759) 
(311.19599999999997, 285.10600000000005) 
(331.591, 268.989) 
(317.346, 269.577) 
(345.90900000000005, 255.191) 
(371.291, 239.399) 
(347.81600000000003, 246.871) 
(374.87199999999996, 231.838) 
(393.022, 227.316) 
(401.89799999999997, 217.282) 
(414.705, 218.31400000000002) 
(436.042, 202.606) 
(432.521, 201.074) 
(458.217, 201.266) 
(466.659, 193.23000000000002) 
(481.877, 195.85) 
(499.81399999999996, 182.719) 
(501.071, 183.304) 
(529.4910000000001, 180.74) 
(532.544, 177.624) 
(550.884, 180.447) 
(567.6170000000001, 170.42499999999998) 
(577.9100000000001, 179.737) 
(596.7679999999999, 179.001) 
(601.968, 174.186) 
(629.287, 178.074) 
(630.529, 177.2) 
(652.4250000000001, 187.318) 
(667.117, 183.57399999999998) 
(675.443, 192.835) 
(695.5949999999999, 192.70000000000002) 
(703.7090000000001, 187.378) 
(722.889, 206.912) 
(733.453, 204.967) 
(744.706, 213.59) 
(766.116, 212.34900000000002) 
(767.712, 217.14600000000002) 
(783.3820000000001, 232.667) 
(795.252, 231.68800000000002) 
(805.498, 249.165) 
(823.234, 248.88299999999998) 
(829.5519999999999, 262.195) 
(843.623, 269.571) 
(849.718, 268.609) 
(867.779, 292.09200000000004) 
(874.501, 293.15000000000003) 
(882.779, 311.23) 
(899.794, 318.385) 
(901.515, 328.308) 
(915.64, 342.95599999999996) 
(919.875, 343.942) 
(926.31, 369.267) 
(935.5740000000001, 374.24) 
(937.5440000000001, 389.77299999999997) 
(955.519, 403.021) 
(955.249, 403.931) 
(958.898, 431.547) 
(966.201, 436.32) 
(967.9100000000001, 453.583) 
(980.217, 465.448) 
(975.668, 475.362) 
(984.483, 499.282) 
(989.859, 502.089) 
(985.759, 524.63) 
(993.191, 536.328) 
(986.854, 546.7070000000001) 
(992.721, 569.562) 
(991.013, 571.9889999999999) 
(1021.7560000000001, 601.0419999999999) 
(1019.504, 629.048) 
(1008.0279999999999, 638.531) 
(1018.9809999999999, 670.852) 
(1013.393, 677.5799999999999) 
(1014.1389999999999, 697.4780000000001) 
(1006.3709999999999, 709.061) 
(1008.27, 724.341) 
(995.578, 744.78) 
(996.413, 748.2429999999999) 
(982.117, 771.4830000000001) 
(973.198, 774.813) 
(967.3969999999999, 811.982) 
(966.225, 811.987) 
(936.608, 835.813) 
(937.6139999999999, 849.752) 
(935.0169999999999, 858.563) 
(913.282, 859.37) 
(903.903, 880.85) 
(883.689, 882.083) 
(886.796, 914.961) 
(865.1529999999999, 918.258) 
(862.5169999999999, 924.1239999999999) 
(835.4319999999999, 936.678) 
(832.806, 949.921) 
(808.9119999999999, 952.507) 
(804.582, 961.56) 
(775.278, 968.404) 
(771.5790000000001, 985.3349999999999) 
(752.417, 993.634) 
(746.114, 990.262) 
(711.7280000000001, 1003.926) 
(706.191, 1002.632) 
(687.265, 1019.1049999999999) 
(675.8629999999999, 1015.4319999999999) 
(662.091, 1020.6820000000001) 
(638.025, 1018.5949999999999) 
(637.7159999999999, 1018.1500000000001) 
(601.251, 1014.124) 
(600.854, 1014.672) 
(567.4129999999999, 1021.9169999999999) 
(563.178, 1019.414) 
(543.239, 1025.303) 
(529.752, 1012.6990000000001) 
(497.577, 1020.232) 
(489.773, 1011.8009999999999) 
(468.25600000000003, 1011.735) 
(458.699, 1004.7470000000001) 
(434.623, 1008.1119999999999) 
(418.546, 993.5899999999999) 
(414.107, 993.7080000000001) 
(394.407, 980.39) 
(391.721, 975.1959999999999) 
(355.837, 965.866) 
(355.55199999999996, 961.233) 
(331.15299999999996, 937.5799999999999) 
(303.82, 916.907) 
(303.607, 915.994) 
(328.855, 937.801) 
(282.455, 887.8829999999999) 
(289.63100000000003, 908.317) 
(248.798, 867.121) 
(263.192, 885.596) 
(223.652, 835.7560000000001) 
(236.481, 865.707) 
(209.97299999999998, 805.472) 
(217.449, 832.7090000000001) 
(207.768, 817.021) 
(187.84, 776.135) 
(187.53400000000002, 778.643) 
(174.1, 745.4309999999999) 
(172.299, 750.932) 
(162.636, 705.6) 
(159.438, 715.895) 
(165.882, 671.23) 
(161.14999999999998, 702.115) 
(146.96300000000002, 638.95) 
(152.224, 661.116) 
(143.018, 605.6270000000001) 
(143.88, 636.006) 
(151.46699999999998, 565.2819999999999) 
(141.456, 603.776) 
(154.062, 527.205) 
(145.73600000000002, 535.1709999999999) 
(142.753, 555.408) 
(154.442, 495.48900000000003) 
(150.897, 498.166) 
(164.447, 458.452) 
(163.58800000000002, 458.86199999999997) 
(172.52, 423.836) 
(195.763, 397.335) 
(168.376, 413.66999999999996) 
(201.39000000000001, 360.418) 
(193.599, 372.579) 
(206.112, 358.68100000000004) 
(231.746, 333.5) 
(214.34, 342.951) 
(251.377, 299.469) 
(232.649, 309.15700000000004) 
(255.08599999999998, 290.078) 
(276.597, 282.081) 
(308.846, 258.758) 
(280.196, 261.428) 
(330.41700000000003, 224.554) 
(310.933, 241.461) 
(330.993, 218.638) 
(349.62, 206.893) 
(362.543, 209.701) 
(382.242, 193.982) 
(393.05899999999997, 198.43) 
(424.91200000000003, 178.07500000000002) 
(420.106, 176.507) 
(449.26800000000003, 162.521) 
(457.55, 165.483) 
(474.262, 159.125) 
(494.926, 165.774) 
(507.525, 148.617) 
(531.5790000000001, 152.63) 
(538.654, 146.5) 
(566.416, 141.451) 
(568.272, 139.251) 
(591.905, 141.225) 
(599.4620000000001, 147.02) 
(629.574, 144.126) 
(638.21, 151.119) 
(662.9509999999999, 146.332) 
(671.982, 155.703) 
(693.8330000000001, 157.675) 
(709.387, 167.92399999999998) 
(717.688, 165.201) 
(740.0870000000001, 184.71699999999998) 
(760.7199999999999, 179.281) 
(771.675, 187.888) 
(772.44, 200.176) 
(809.822, 211.831) 
(815.722, 209.283) 
(833.723, 227.412) 
(845.493, 227.324) 
(865.172, 238.92) 
(867.417, 246.251) 
(883.2710000000001, 254.763) 
(890.207, 277.537) 
(912.621, 282.748) 
(912.505, 305.975) 
(933.423, 313.35) 
(934.886, 336.832) 
(956.58, 343.645) 
(957.546, 344.926) 
(953.73, 362.519) 
(977.385, 391.017) 
(978.77, 391.00600000000003) 
(997.653, 409.74300000000005) 
(989.5509999999999, 427.71500000000003) 
(1001.5989999999999, 452.598) 
(1000.1709999999999, 461.452) 
(1010.6070000000001, 472.505) 
(1012.72, 495.226) 
(1024.459, 504.34100000000007) 
(1015.7529999999999, 535.4879999999999) 
(1024.833, 548.31) 
(1021.139, 564.6379999999999) 
(1027.806, 577.108) 
(1023.2540000000001, 599.931) 
(1053.986, 608.663) 
(1056.3290000000002, 611.081) 
(1055.9270000000001, 619.407) 
(1043.761, 637.3069999999999) 
(1049.1809999999998, 661.6800000000001) 
(1044.348, 665.143) 
(1049.044, 702.998) 
(1043.049, 706.607) 
(1040.811, 731.721) 
(1035.138, 733.89) 
(1024.671, 763.1099999999999) 
(1021.706, 764.0120000000001) 
(1013.9, 784.63) 
(1002.429, 787.25) 
(986.245, 818.327) 
(981.151, 820.97) 
(982.314, 834.193) 
(975.838, 841.971) 
(965.951, 871.337) 
(943.519, 872.341) 
(938.271, 888.649) 
(920.314, 900.076) 
(917.1519999999999, 909.319) 
(893.366, 918.226) 
(895.216, 938.774) 
(883.829, 955.88) 
(869.225, 952.277) 
(845.221, 964.5749999999999) 
(844.5279999999999, 978.619) 
(825.576, 996.655) 
(812.403, 993.356) 
(794.965, 999.227) 
(791.768, 1011.151) 
(773.3050000000001, 1024.233) 
(753.131, 1016.118) 
(740.3539999999999, 1032.4370000000001) 
(732.557, 1031.882) 
(717.118, 1041.378) 
(690.662, 1030.2910000000002) 
(683.68, 1051.395) 
(660.909, 1053.675) 
(652.343, 1059.48) 
(630.356, 1053.938) 
(623.02, 1057.867) 
(602.863, 1045.0600000000002) 
(579.999, 1050.346) 
(577.932, 1049.2859999999998) 
(547.6600000000001, 1061.7259999999999) 
(537.273, 1044.823) 
(517.3670000000001, 1047.929) 
(499.06600000000003, 1038.1260000000002) 
(488.131, 1050.092) 
(461.415, 1036.8120000000001) 
(455.00800000000004, 1042.088) 
(428.907, 1035.0330000000001) 
(424.86800000000005, 1038.571) 
(394.946, 1019.2710000000001) 
(387.47700000000003, 1022.0530000000001) 
(374.721, 1012.055) 
(371.265, 1006.807) 
(346.808, 980.278) 
(347.339, 996.106) 
(308.684, 970.266) 
(303.544, 961.033) 
(286.00399999999996, 953.519) 
(270.41900000000004, 922.2479999999999) 
(285.344, 953.5559999999999) 
(273.163, 946.616) 
(252.44299999999998, 910.3240000000001) 
(224.73299999999998, 876.063) 
(235.7, 916.9000000000001) 
(226.933, 891.752) 
(195.299, 850.7479999999999) 
(207.91799999999998, 877.41) 
(183.238, 820.6719999999999) 
(175.77, 849.555) 
(163.44400000000002, 801.654) 
(164.6, 806.239) 
(158.31300000000002, 756.073) 
(140.722, 789.688) 
(133.312, 724.294) 
(128.90699999999998, 728.7719999999999) 
(142.01500000000001, 750.423) 
(126.189, 686.663) 
(124.504, 690.209) 
(125.47500000000001, 682.199) 
(134.44500000000002, 638.747) 
(105.203, 664.1700000000001) 
(117.022, 597.599) 
(108.857, 628.422) 
(115.01899999999999, 560.896) 
(105.73, 573.9570000000001) 
(113.079, 594.9060000000001) 
(121.972, 524.182) 
(105.80199999999999, 536.0350000000001) 
(121.89899999999999, 492.255) 
(119.468, 495.29499999999996) 
(158.72, 458.044) 
(120.782, 485.44) 
(127.517, 444.313) 
(112.89299999999999, 467.212) 
(156.363, 406.426) 
(146.834, 411.45500000000004) 
(126.537, 439.798) 
(171.66600000000003, 375.726) 
(155.438, 400.418) 
(177.168, 344.92) 
(159.875, 356.582) 
(195.001, 319.096) 
(175.655, 330.954) 
(217.141, 299.423) 
(196.843, 309.68899999999996) 
(240.352, 265.783) 
(215.386, 286.74100000000004) 
(240.46300000000002, 255.231) 
(268.87100000000004, 246.827) 
(284.69, 225.766) 
(273.63, 231.49800000000002) 
(312.85200000000003, 202.554) 
(292.44399999999996, 209.38000000000002) 
(338.659, 170.613) 
(313.928, 185.129) 
(346.296, 172.411) 
(371.226, 160.202) 
(372.53, 160.67100000000002) 
(399.957, 153.98899999999998) 
(440.987, 133.28699999999998) 
(421.648, 131.207) 
(442.03999999999996, 134.322) 
(400.339, 153.18499999999997) 
(478.21200000000005, 128.037) 
(485.801, 120.38799999999999) 
(500.582, 128.73399999999998) 
(525.177, 116.58399999999999) 
(525.702, 115.563) 
(565.69, 122.001) 
(584.348, 97.532) 
(567.429, 110.431) 
(604.64, 118.022) 
(619.039, 113.939) 
(627.285, 123.99000000000001) 
(656.905, 111.079) 
(668.545, 120.109) 
(677.947, 115.57900000000001) 
(702.252, 127.08500000000001) 
(716.117, 123.548) 
(735.2370000000001, 143.234) 
(742.928, 142.077) 
(757.59, 153.264) 
(784.331, 146.484) 
(799.811, 156.199) 
(800.181, 170.59199999999998) 
(820.169, 189.425) 
(827.4780000000001, 186.435) 
(857.26, 193.056) 
(857.636, 193.835) 
(878.1600000000001, 205.291) 
(875.0830000000001, 225.938) 
(905.391, 225.715) 
(910.779, 241.697) 
(923.9770000000001, 248.121) 
(928.2589999999999, 271.392) 
(931.2230000000001, 272.625) 
(952.737, 299.011) 
(956.841, 299.79499999999996) 
(962.01, 320.013) 
(994.617, 322.602) 
(987.668, 347.003) 
(995.446, 357.78900000000004) 
(995.972, 362.406) 
(1024.665, 378.25399999999996) 
(1021.693, 408.434) 
(1027.399, 412.638) 
(1031.933, 431.20399999999995) 
(1043.624, 444.152) 
(1041.903, 458.73900000000003) 
(1049.633, 470.285) 
(1037.585, 503.18600000000004) 
(1048.259, 508.48099999999994) 
(1052.6290000000001, 529.539) 
(1046.08, 544.5649999999999) 
(1068.417, 565.648) 
(1057.213, 574.808) 
(1089.942, 601.3199999999999) 
(1096.369, 608.082) 
(1089.058, 647.5) 
(1089.721, 650.983) 
(1077.7920000000001, 664.602) 
(1083.808, 692.276) 
(1074.527, 704.4350000000001) 
(1076.71, 735.388) 
(1063.48, 741.7850000000001) 
(1053.537, 771.8530000000001) 
(1057.6399999999999, 780.547) 
(1033.255, 808.191) 
(1032.583, 815.302) 
(1030.036, 817.288) 
(1019.2730000000001, 858.14) 
(1009.5320000000002, 860.418) 
(993.228, 887.518) 
(987.72, 888.456) 
(966.2539999999999, 915.387) 
(965.2579999999999, 925.201) 
(938.747, 938.365) 
(933.6370000000001, 950.55) 
(933.5980000000001, 956.877) 
(901.5379999999999, 981.117) 
(896.1510000000001, 980.148) 
(875.47, 994.617) 
(872.5500000000001, 1016.6859999999999) 
(834.131, 1020.7969999999999) 
(829.367, 1035.45) 
(805.082, 1038.819) 
(785.7420000000001, 1056.595) 
(781.5490000000001, 1055.126) 
(754.032, 1059.049) 
(744.9350000000001, 1072.867) 
(713.286, 1070.2240000000002) 
(701.603, 1076.953) 
(697.9889999999999, 1075.474) 
(663.311, 1086.873) 
(660.47, 1093.039) 
(615.669, 1090.449) 
(613.7629999999999, 1087.146) 
(584.7189999999999, 1085.384) 
(574.072, 1091.3600000000001) 
(546.024, 1080.141) 
(528.524, 1091.964) 
(511.718, 1082.1419999999998) 
(482.155, 1080.3100000000002) 
(480.721, 1078.54) 
(457.098, 1072.943) 
(442.826, 1077.63) 
(416.96, 1058.066) 
(400.40700000000004, 1063.501) 
(382.129, 1048.308) 
(360.506, 1051.42) 
(352.666, 1038.281) 
(329.063, 1018.4169999999999) 
(322.14, 1020.493) 
(299.244, 1003.4929999999999) 
(281.051, 1004.721) 
(271.12399999999997, 983.323) 
(244.135, 950.8870000000001) 
(245.34, 979.3420000000001) 
(223.979, 936.53) 
(223.832, 934.807) 
(195.999, 913.009) 
(189.84300000000002, 889.605) 
(189.475, 909.181) 
(163.251, 857.566) 
(163.31, 869.4269999999999) 
(144.354, 840.895) 
(126.02, 791.008) 
(120.14, 798.505) 
(138.268, 840.043) 
(117.078, 768.514) 
(105.40299999999999, 733.031) 
(102.721, 755.183) 
(94.669, 713.521) 
(93.53999999999999, 718.931) 
(91.86500000000001, 662.011) 
(81.60000000000001, 673.667) 
(85.703, 638.988) 
(79.47, 613.87) 
(75.364, 627.232) 
(78.408, 569.118) 
(65.83200000000001, 581.841) 
(85.377, 528.5210000000001) 
(71.529, 539.543) 
(87.267, 505.489) 
(89.408, 463.1) 
(73.95599999999999, 491.791) 
(104.832, 425.46099999999996) 
(82.447, 452.343) 
(109.449, 401.004) 
(98.61399999999999, 409.32800000000003) 
(131.39000000000001, 368.086) 
(119.91799999999999, 371.996) 
(138.595, 355.096) 
(158.163, 318.757) 
(134.67000000000002, 333.363) 
(171.86, 288.656) 
(162.48499999999999, 291.432) 
(191.826, 263.73400000000004) 
(220.615, 238.412) 
(192.207, 259.27) 
(247.659, 206.498) 
(220.785, 231.609) 
(249.109, 194.564) 
(271.998, 185.372) 
(283.368, 166.47400000000002) 
(292.706, 166.57) 
(320.22, 141.40800000000002) 
(319.034, 140.93) 
(358.862, 127.87399999999998) 
(359.657, 124.166) 
(386.983, 115.402) 
(397.475, 104.235) 
(410.387, 108.898) 
(438.52799999999996, 87.769) 
(450.21299999999997, 96.68599999999999) 
(480.936, 96.004) 
(486.012, 88.713) 
(527.6129999999999, 84.272) 
(529.49, 82.69500000000001) 
(538.588, 83.729) 
(573.345, 62.952999999999996) 
(591.293, 82.04) 
(618.9440000000001, 77.47800000000001) 
(625.6350000000001, 83.524) 
(644.241, 86.277) 
(665.197, 70.53099999999999) 
(689.862, 92.74499999999999) 
(706.4780000000001, 87.642) 
(720.5200000000001, 98.636) 
(745.394, 94.394) 
(757.9050000000001, 113.496) 
(780.474, 114.55600000000001) 
(787.021, 109.911) 
(825.0150000000001, 135.044) 
(825.7719999999999, 134.84799999999998) 
(844.5989999999999, 151.798) 
(867.1659999999999, 154.803) 
(870.669, 163.212) 
(903.6370000000001, 181.681) 
(904.4029999999999, 193.028) 
(910.409, 200.45) 
(936.8, 206.285) 
(944.132, 231.152) 
(969.621, 237.7) 
(971.023, 257.928) 
(985.735, 279.59000000000003) 
(984.624, 285.59000000000003) 
(1002.5520000000001, 311.218) 
(1016.713, 312.82300000000004) 
(1030.5359999999998, 339.991) 
(1043.774, 347.566) 
(1039.1680000000001, 367.11899999999997) 
(1066.104, 391.87699999999995) 
(1061.259, 400.90500000000003) 
(1076.157, 433.033) 
(1073.412, 436.30400000000003) 
(1080.355, 476.219) 
(1081.0539999999999, 476.877) 
(1076.6039999999998, 501.247) 
(1092.449, 519.9240000000001) 
(1085.386, 534.701) 
(1084.492, 564.822) 
(1087.525, 567.2819999999999) 
(1118.602, 608.679) 
(1126.072, 621.121) 
(1125.874, 633.313) 
(1114.8020000000001, 652.264) 
(1114.2810000000002, 652.8960000000001) 
(1113.465, 653.317) 
(1118.771, 672.873) 
(1114.998, 688.554) 
(1107.6589999999999, 698.426) 
(1109.53, 701.1429999999999) 
(1111.427, 714.704) 
(1108.983, 725.4350000000001) 
(1102.3410000000001, 733.696) 
(1087.671, 740.184) 
(1093.1280000000002, 755.999) 
(1088.511, 775.703) 
(1088.4180000000001, 775.869) 
(1075.288, 787.377) 
(1077.157, 792.164) 
(1076.4279999999999, 807.532) 
(1073.648, 814.8199999999999) 
(1058.6580000000001, 829.167) 
(1059.155, 830.939) 
(1059.468, 841.465) 
(1052.943, 855.456) 
(1043.8609999999999, 863.5930000000001) 
(1036.657, 865.749) 
(1036.76, 875.125) 
(1033.862, 892.308) 
(1023.1859999999999, 900.192) 
(1010.9330000000001, 903.9359999999999) 
(1010.969, 905.025) 
(1003.6339999999999, 927.48) 
(994.745, 934.716) 
(987.8710000000001, 936.666) 
(979.496, 936.4559999999999) 
(976.544, 956.539) 
(970.132, 966.346) 
(957.716, 971.5089999999999) 
(948.524, 972.3309999999999) 
(948.371, 974.178) 
(934.804, 1000.5790000000001) 
(933.818, 1001.225) 
(916.1270000000001, 1002.718) 
(915.753, 1004.2260000000001) 
(907.164, 1018.697) 
(898.5849999999999, 1024.664) 
(877.5730000000001, 1024.2279999999998) 
(875.568, 1036.23) 
(869.435, 1045.1760000000002) 
(864.655, 1048.009) 
(837.2969999999999, 1050.1750000000002) 
(836.76, 1054.528) 
(822.3399999999999, 1069.814) 
(808.746, 1075.95) 
(799.384, 1075.3870000000002) 
(794.378, 1073.796) 
(788.335, 1083.627) 
(778.395, 1091.6209999999999) 
(755.351, 1092.306) 
(749.257, 1090.398) 
(746.88, 1094.2099999999998) 
(733.863, 1103.7630000000001) 
(712.686, 1105.551) 
(705.804, 1101.972) 
(694.945, 1111.655) 
(674.79, 1115.469) 
(671.613, 1114.583) 
(663.471, 1109.367) 
(649.032, 1119.8300000000002) 
(634.5269999999999, 1121.574) 
(632.572, 1121.048) 
(616.965, 1111.469) 
(608.852, 1120.1950000000002) 
(597.8560000000001, 1124.4769999999999) 
(587.302, 1124.951) 
(572.447, 1115.728) 
(567.43, 1118.995) 
(556.064, 1123.287) 
(543.7149999999999, 1120.546) 
(528.36, 1112.238) 
(527.701, 1111.615) 
(520.051, 1116.225) 
(497.3, 1117.459) 
(481.49399999999997, 1111.076) 
(481.452, 1111.0420000000001) 
(479.07300000000004, 1107.093) 
(456.126, 1113.3310000000001) 
(454.186, 1112.6309999999999) 
(435.64799999999997, 1097.6399999999999) 
(394.81699999999995, 1081.933) 
(434.06, 1098.662) 
(425.509, 1100.337) 
(410.04200000000003, 1097.4440000000002) 
(396.523, 1085.376) 
(351.802, 1065.118) 
(375.76500000000004, 1087.0040000000001) 
(367.745, 1085.182) 
(357.702, 1075.882) 
(314.728, 1037.269) 
(350.883, 1065.287) 
(334.061, 1063.7160000000001) 
(317.03700000000003, 1048.5819999999999) 
(270.48100000000005, 1016.056) 
(270.463, 1015.9979999999999) 
(297.525, 1040.8880000000001) 
(282.656, 1035.013) 
(237.358, 988.586) 
(267.37699999999995, 1016.1089999999999) 
(244.305, 1006.659) 
(243.196, 1005.495) 
(207.624, 954.082) 
(207.368, 963.8449999999999) 
(224.083, 987.721) 
(219.57999999999998, 985.432) 
(212.581, 976.176) 
(172.547, 930.7330000000001) 
(171.33200000000002, 920.765) 
(191.787, 952.0450000000001) 
(180.49599999999998, 946.415) 
(146.133, 886.285) 
(167.752, 919.84) 
(154.262, 911.006) 
(149.817, 904.451) 
(119.83000000000001, 849.058) 
(119.62, 849.723) 
(140.94799999999998, 885.691) 
(128.732, 879.1600000000001) 
(122.60799999999999, 868.109) 
(100.46199999999999, 806.099) 
(98.365, 816.661) 
(103.65599999999999, 837.504) 
(102.507, 836.035) 
(82.791, 765.437) 
(81.02900000000001, 780.343) 
(93.27199999999999, 802.149) 
(88.452, 796.874) 
(66.104, 730.093) 
(64.846, 738.2090000000001) 
(71.044, 722.743) 
(77.349, 762.688) 
(68.996, 753.084) 
(58.801, 681.6990000000001) 
(57.975, 683.4839999999999) 
(61.939, 677.723) 
(56.785000000000004, 707.1650000000001) 
(56.605000000000004, 706.6949999999999) 
(52.153999999999996, 635.2560000000001) 
(47.393, 645.432) 
(57.577000000000005, 629.091) 
(50.891, 663.4100000000001) 
(45.046, 594.631) 
(43.739, 604.485) 
(52.747, 582.521) 
(48.525999999999996, 619.023) 
(48.303, 541.138) 
(45.968, 545.492) 
(55.925000000000004, 536.128) 
(48.353, 578.472) 
(42.454, 564.578) 
(52.045, 499.673) 
(47.775, 511.13100000000003) 
(59.096000000000004, 491.051) 
(47.412000000000006, 514.814) 
(60.636, 451.849) 
(55.394, 462.057) 
(65.024, 447.369) 
(68.48899999999999, 446.02000000000004) 
(55.032, 484.566) 
(85.257, 405.53499999999997) 
(74.271, 415.24899999999997) 
(69.003, 428.059) 
(93.464, 363.378) 
(84.229, 376.017) 
(95.506, 362.405) 
(95.955, 362.308) 
(84.134, 403.223) 
(82.75699999999999, 384.185) 
(114.432, 328.746) 
(103.443, 336.25899999999996) 
(123.407, 325.764) 
(129.927, 292.93) 
(125.222, 298.471) 
(144.32, 281.95300000000003) 
(144.778, 281.811) 
(121.38799999999999, 313.733) 
(167.039, 244.827) 
(152.173, 256.94899999999996) 
(173.34199999999998, 243.911) 
(145.081, 269.904) 
(189.949, 214.91) 
(177.551, 224.75300000000001) 
(201.151, 210.60000000000002) 
(201.547, 210.646) 
(174.79, 229.88400000000001) 
(216.567, 185.93) 
(212.277, 189.28) 
(233.517, 180.60000000000002) 
(235.604, 180.78) 
(265.43699999999995, 149.803) 
(252.37599999999998, 155.45000000000002) 
(269.80199999999996, 149.615) 
(272.765, 150.53) 
(237.871, 174.018) 
(296.649, 125.391) 
(283.688, 132.78799999999998) 
(310.55100000000004, 125.196) 
(334.062, 105.279) 
(321.575, 111.283) 
(351.22999999999996, 105.752) 
(310.67699999999996, 124.832) 
(366.916, 87.55) 
(359.417, 92.67999999999999) 
(380.041, 84.369) 
(390.61400000000003, 85.98100000000001) 
(351.282, 105.60799999999999) 
(408.80100000000004, 70.83399999999999) 
(395.55, 78.979) 
(414.452, 69.762) 
(434.82300000000004, 75.799) 
(441.953, 63.876000000000005) 
(441.673, 64.104) 
(462.946, 57.876999999999995) 
(475.943, 59.511) 
(479.859, 61.635000000000005) 
(487.779, 54.337) 
(500.82000000000005, 47.665) 
(509.12, 47.551) 
(526.264, 58.199) 
(535.494, 46.964999999999996) 
(544.154, 41.821) 
(555.495, 42.293) 
(573.133, 53.123) 
(578.647, 47.086000000000006) 
(580.2049999999999, 46.272) 
(605.092, 42.528000000000006) 
(608.248, 43.637) 
(620.6800000000001, 54.917) 
(630.418, 47.349000000000004) 
(638.412, 44.699000000000005) 
(651.925, 47.364999999999995) 
(667.414, 59.441) 
(667.708, 59.859) 
(685.725, 53.379000000000005) 
(695.563, 54.766000000000005) 
(709.8389999999999, 63.096) 
(712.077, 61.79) 
(715.022, 61.225) 
(739.7470000000001, 65.357) 
(746.24, 70.038) 
(751.691, 78.41) 
(763.458, 75.141) 
(770.8810000000001, 75.794) 
(788.781, 86.744) 
(793.937, 93.86) 
(801.037, 92.159) 
(810.785, 93.09) 
(828.612, 101.60900000000001) 
(834.527, 108.777) 
(835.921, 112.03699999999999) 
(847.384, 111.646) 
(858.3009999999999, 115.392) 
(873.166, 132.06799999999998) 
(876.389, 139.786) 
(886.928, 137.09199999999998) 
(911.3019999999999, 152.57299999999998) 
(916.8770000000001, 163.76399999999998) 
(916.922, 164.169) 
(916.849, 165.334) 
(940.546, 173.077) 
(949.72, 185.696) 
(950.4240000000001, 193.276) 
(958.683, 195.738) 
(973.1469999999999, 207.457) 
(977.077, 214.32399999999998) 
(978.522, 229.402) 
(985.8639999999999, 229.72600000000003) 
(994.019, 232.397) 
(1006.8140000000001, 243.67) 
(1010.442, 253.14700000000002) 
(1009.5110000000001, 265.633) 
(1023.244, 270.897) 
(1032.5, 281.884) 
(1033.741, 285.793) 
(1033.947, 299.427) 
(1040.8010000000002, 301.696) 
(1052.9740000000002, 311.82500000000005) 
(1056.886, 324.755) 
(1054.528, 341.219) 
(1053.1209999999999, 343.80899999999997) 
(1069.052, 354.629) 
(1079.445, 371.628) 
(1075.562, 386.78499999999997) 
(1083.96, 390.837) 
(1096.82, 401.92499999999995) 
(1099.375, 416.048) 
(1097.304, 426.03999999999996) 
(1095.544, 429.665) 
(1105.285, 440.92900000000003) 
(1107.6870000000001, 452.091) 
(1106.447, 471.238) 
(1106.434, 471.271) 
(1113.308, 480.038) 
(1117.015, 494.802) 
(1115.577, 506.68100000000004) 
(1108.925, 517.368) 
(1121.338, 530.331) 
(1122.145, 532.242) 
(1123.754, 546.294) 
(1112.885, 564.4240000000001) 
(1122.938, 572.871) 
(1127.555, 591.491) 
(1123.605, 602.558) 
(1145.601, 589.326) 
(1147.597, 605.9010000000001) 
(1145.1599999999999, 620.126) 
(1143.212, 638.06) 
(1145.262, 646.786) 
(1139.651, 662.4949999999999) 
(1137.401, 677.7959999999999) 
(1136.7130000000002, 687.501) 
(1132.845, 703.5) 
(1131.442, 718.979) 
(1127.71, 731.636) 
(1120.247, 746.871) 
(1114.189, 760.983) 
(1113.3, 773.678) 
(1108.357, 787.547) 
(1100.845, 800.3789999999999) 
(1097.1709999999998, 815.216) 
(1089.873, 827.59) 
(1086.9850000000001, 836.865) 
(1078.4750000000001, 850.04) 
(1071.283, 864.771) 
(1061.094, 879.0519999999999) 
(1055.865, 890.961) 
(1046.038, 899.596) 
(1038.876, 915.126) 
(1029.734, 924.292) 
(1020.969, 934.878) 
(1011.6659999999999, 950.3340000000001) 
(1000.2740000000001, 962.101) 
(994.301, 966.7529999999999) 
(983.223, 978.312) 
(973.972, 989.709) 
(961.288, 998.838) 
(954.047, 1005.286) 
(941.326, 1019.5669999999999) 
(930.909, 1026.878) 
(921.439, 1033.272) 
(905.916, 1043.296) 
(895.085, 1051.628) 
(881.465, 1061.8890000000001) 
(866.013, 1068.9180000000001) 
(862.159, 1071.663) 
(842.653, 1063.6699999999998) 
(844.99, 1081.315) 
(835.327, 1087.633) 
(821.604, 1093.988) 
(807.569, 1101.9460000000001) 
(796.791, 1106.7689999999998) 
(779.941, 1109.2640000000001) 
(769.5300000000001, 1114.834) 
(753.7779999999999, 1119.131) 
(737.709, 1122.874) 
(714.936, 1112.362) 
(724.029, 1127.103) 
(709.256, 1132.7540000000001) 
(699.336, 1132.338) 
(681.883, 1136.114) 
(664.6600000000001, 1140.097) 
(654.314, 1139.823) 
(639.741, 1142.986) 
(624.866, 1144.263) 
(614.803, 1143.389) 
(599.661, 1146.403) 
(582.937, 1143.502) 
(571.4780000000001, 1145.31) 
(556.5210000000001, 1142.839) 
(540.882, 1144.497) 
(530.2059999999999, 1143.185) 
(511.776, 1138.748) 
(497.21999999999997, 1138.4240000000002) 
(485.533, 1137.33) 
(469.223, 1133.965) 
(456.326, 1130.29) 
(438.204, 1128.202) 
(432.584, 1123.8619999999999) 
(416.848, 1120.493) 
(403.59000000000003, 1115.012) 
(388.238, 1110.06) 
(374.365, 1106.147) 
(358.106, 1100.395) 
(345.485, 1095.615) 
(335.984, 1089.056) 
(322.478, 1079.896) 
(314.64799999999997, 1052.208) 
(313.966, 1076.497) 
(298.999, 1066.695) 
(286.38599999999997, 1058.752) 
(273.853, 1051.5159999999998) 
(264.075, 1045.829) 
(249.432, 1034.061) 
(237.293, 1026.943) 
(224.521, 1015.1850000000001) 
(216.438, 1009.738) 
(203.814, 997.457) 
(193.865, 989.774) 
(186.641, 979.2239999999999) 
(176.93900000000002, 971.967) 
(167.273, 958.679) 
(156.17600000000002, 948.245) 
(147.08599999999998, 936.908) 
(138.03199999999998, 925.83) 
(129.114, 912.693) 
(122.137, 902.061) 
(113.048, 887.634) 
(105.053, 877.1759999999999) 
(100.093, 863.952) 
(90.264, 854.461) 
(84.48899999999999, 841.048) 
(78.566, 827.491) 
(71.176, 813.883) 
(64.99000000000001, 800.4599999999999) 
(61.839999999999996, 786.2900000000001) 
(54.946000000000005, 771.904) 
(49.844, 758.725) 
(46.694, 747.356) 
(42.209, 730.774) 
(39.602, 721.0649999999999) 
(35.092999999999996, 704.729) 
(33.782, 692.33) 
(29.231, 676.3249999999999) 
(30.038, 666.388) 
(28.578, 649.455) 
(24.466, 631.528) 
(24.419, 620.298) 
(23.695, 608.297) 
(23.106, 593.6909999999999) 
(23.566, 579.279) 
(23.387, 562.51) 
(23.316, 552.8610000000001) 
(25.663999999999998, 534.6919999999999) 
(26.166999999999998, 520.1869999999999) 
(25.558999999999997, 504.61699999999996) 
(27.751, 494.139) 
(35.456, 477.508) 
(36.242000000000004, 461.98) 
(37.123999999999995, 449.809) 
(44.172999999999995, 434.91200000000003) 
(46.938, 422.192) 
(52.151999999999994, 408.872) 
(58.638999999999996, 392.235) 
(60.095000000000006, 381.66099999999994) 
(64.565, 370.173) 
(73.901, 354.692) 
(80.498, 336.674) 
(86.679, 330.28200000000004) 
(92.294, 314.604) 
(99.077, 304.387) 
(106.367, 290.25800000000004) 
(111.595, 278.335) 
(119.89800000000001, 269.746) 
(130.712, 254.346) 
(138.71900000000002, 241.9) 
(148.96400000000003, 232.91600000000003) 
(156.455, 218.575) 
(166.103, 207.36499999999998) 
(172.132, 202.402) 
(185.455, 192.468) 
(194.20999999999998, 180.13000000000002) 
(204.133, 168.697) 
(216.495, 160.378) 
(230.579, 148.49200000000002) 
(236.779, 144.323) 
(247.23000000000002, 134.761) 
(260.61, 124.299) 
(271.26800000000003, 118.04599999999999) 
(284.395, 108.762) 
(299.36, 99.998) 
(312.093, 92.867) 
(325.481, 86.517) 
(335.05400000000003, 79.62700000000001) 
(345.715, 74.244) 
(358.665, 66.64399999999999) 
(371.574, 62.208) 
(386.139, 57.382000000000005) 
(399.158, 51.156) 
(415.932, 49.036) 
(425.411, 44.175) 
(443.363, 40.940999999999995) 
(454.839, 37.394) 
(470.337, 34.761) 
(483.12, 30.461) 
(494.94, 28.427999999999997) 
(513.7270000000001, 29.003999999999998) 
(523.06, 25.817) 
(541.0160000000001, 25.432) 
(559.7560000000001, 23.468) 
(572.674, 22.846) 
(589.4970000000001, 22.11) 
(599.084, 23.659) 
(616.649, 23.099999999999998) 
(625.63, 24.276) 
(641.894, 26.251) 
(658.005, 27.772000000000002) 
(670.47, 30.099) 
(685.058, 32.457) 
(701.939, 33.169) 
(714.399, 36.549) 
(730.76, 41.098000000000006) 
(739.344, 44.791) 
(755.4739999999999, 47.979) 
(767.484, 52.193999999999996) 
(783.389, 57.679) 
(795.399, 63.092999999999996) 
(809.407, 67.466) 
(822.369, 72.894) 
(833.554, 79.85499999999999) 
(849.112, 85.535) 
(861.15, 93.002) 
(873.371, 103.044) 
(881.9820000000001, 107.714) 
(894.452, 114.75399999999999) 
(887.414, 136.556) 
(908.959, 127.04799999999999) 
(917.1329999999999, 132.379) 
(932.055, 143.044) 
(944.046, 151.763) 
(950.062, 158.006) 
(963.499, 171.89) 
(976.548, 182.95) 
(983.875, 188.778) 
(994.026, 200.517) 
(1003.5799999999999, 208.98) 
(1012.5699999999999, 220.654) 
(1021.102, 230.87) 
(1030.0629999999999, 244.053) 
(1037.654, 255.376) 
(1048.394, 267.663) 
(1056.8029999999999, 279.617) 
(1061.658, 289.418) 
(1068.8519999999999, 303.20599999999996) 
(1076.781, 316.83299999999997) 
(1082.6960000000001, 331.007) 
(1089.142, 343.088) 
(1094.595, 351.48) 
(1084.785, 368.937) 
(1102.128, 369.183) 
(1106.607, 378.89099999999996) 
(1110.299, 393.84200000000004) 
(1119.503, 409.04) 
(1123.464, 421.301) 
(1124.988, 435.65) 
(1131.18, 449.633) 
(1131.846, 461.04699999999997) 
(1136.261, 477.827) 
(1139.755, 492.043) 
(1140.53, 507.929) 
(1142.276, 518.709) 
(1145.732, 533.0120000000001) 
(1143.2150000000001, 549.533) 
(1145.864, 563.239) 
(1127.292, 572.078) 
(1147.772, 579.654) 
(575.552, 588.2866) 
(590.5292000000001, 588.9786) 
(559.5676, 594.3854) 
(578.2456666666667, 600.8331666666667) 
(592.0047999999999, 605.1317999999999) 
(581.0612, 620.488) 
(541.6402, 591.5052) 
(534.24575, 600.0835) 
(546.62125, 553.607) 
(605.6625999999999, 514.1028) 
(588.963, 511.452) 
(569.562, 510.5061666666666) 
(552.0688, 523.1832) 
(540.7615000000001, 536.926) 
(568.2189999999999, 642.9008333333333) 
(571.8, 660.8531999999999) 
(532.61025, 633.03775) 
(544.5643333333334, 645.0853333333334) 
(554.5561666666666, 659.2765) 
(519.4333333333333, 527.5264999999999) 
(681.2526, 606.3485999999999) 
(682.9696, 589.3996) 
(678.087, 573.83425) 
(535.9113333333333, 518.8801666666667) 
(552.0243333333334, 506.2058333333334) 
(535.7844, 502.03059999999994) 
(585.5445, 674.487) 
(604.1995, 686.4854999999999) 
(623.01775, 683.3385) 
(637.7025000000001, 681.1802499999999) 
(650.2302, 508.2532) 
(632.8054999999999, 506.17125) 
(616.0948, 504.6206) 
(522.9933333333333, 645.7468333333333) 
(535.7546, 657.026) 
(542.4915, 671.48575) 
(500.93139999999994, 532.4706) 
(485.36859999999996, 549.557) 
(481.31080000000003, 568.5062) 
(472.5105, 583.821) 
(566.3106, 494.15380000000005) 
(553.6906, 489.6932) 
(517.9606, 510.9238) 
(503.3, 512.6804999999999) 
(503.7916666666667, 649.9883333333333) 
(604.0683333333333, 699.5103333333333) 
(460.2036, 597.491) 
(535.1222, 430.2852) 
(693.959, 576.928) 
(709.1946, 563.7706000000001) 
(663.5826, 496.94800000000004) 
(692.8185, 613.4315) 
(695.65, 597.2141666666666) 
(711.5826666666667, 582.7428333333332) 
(679.739, 493.97775) 
(666.174, 695.3027500000001) 
(682.5835999999999, 694.7108) 
(700.3740000000001, 684.8801666666667) 
(710.8960000000001, 665.2954000000001) 
(712.4335000000001, 649.175) 
(719.0238333333333, 545.667) 
(717.6884, 523.3822) 
(708.7296, 505.23639999999995) 
(696.4722857142858, 489.197) 
(724.1883333333332, 568.0504999999999) 
(440.2871999999999, 602.8774000000001) 
(732.4864000000001, 586.6544) 
(675.6593333333334, 480.92516666666666) 
(674.63, 457.96250000000003) 
(600.292, 734.3876666666666) 
(427.4054, 615.5999999999999) 
(735.6064999999999, 552.7911666666666) 
(664.2908000000001, 440.525) 
(647.3643333333333, 427.7336666666666) 
(626.6374000000001, 427.8468000000001) 
(616.9748, 414.2188) 
(743.8995, 573.8806666666666) 
(525.409, 730.7839999999999) 
(535.0508333333333, 745.4758333333333) 
(554.7536, 753.9436) 
(574.8547999999998, 754.0414) 
(595.9, 749.7598571428572) 
(440.61674999999997, 509.30174999999997) 
(430.9781666666666, 518.5099999999999) 
(691.2826666666666, 469.06016666666665) 
(516.9907999999999, 430.412) 
(500.04139999999995, 434.39580000000007) 
(675.7458, 708.3815999999999) 
(464.9449999999999, 714.0662) 
(476.8128, 726.5415999999999) 
(494.70740000000006, 735.7562) 
(513.9831428571428, 742.9914285714286) 
(418.4066666666667, 631.9293333333334) 
(689.5296000000001, 450.8728) 
(732.69, 530.7239999999999) 
(727.8854285714286, 657.6727142857143) 
(744.5600000000001, 644.7379999999999) 
(753.0292000000001, 558.5447999999999) 
(600.9328333333333, 400.34633333333335) 
(579.2983999999999, 396.1044) 
(559.1108, 400.9286) 
(542.8802, 414.36859999999996) 
(526.8299999999999, 415.519) 
(725.7726666666666, 508.66316666666665) 
(718.4926666666667, 489.66049999999996) 
(419.43199999999996, 601.3483333333332) 
(409.66383333333334, 615.7128333333334) 
(754.6206, 627.3366) 
(755.8779999999999, 606.5593999999999) 
(753.6768333333333, 589.9963333333334) 
(744.0888333333334, 515.9211666666666) 
(692.641, 707.8011428571428) 
(710.1537999999998, 697.5084) 
(409.8636666666667, 529.2038333333334) 
(399.0152, 546.5792) 
(396.2992, 567.0755999999999) 
(403.47400000000005, 586.8438) 
(397.166, 600.8705000000001) 
(613.5484, 758.1224) 
(711.2551666666667, 471.317) 
(631.7166, 763.9146000000001) 
(652.7553333333334, 763.0741666666668) 
(669.3528, 748.8522) 
(678.9488333333335, 728.2315) 
(694.9136000000001, 727.7138) 
(719.9491666666667, 679.5886666666667) 
(738.8543333333333, 674.9100000000002) 
(679.5306666666667, 436.1078333333334) 
(753.079857142857, 538.2857142857143) 
(525.1850000000001, 758.2134) 
(707.5480000000001, 452.39833333333337) 
(400.5742, 631.4216) 
(761.6626, 521.4016) 
(427.23616666666663, 499.14433333333335) 
(414.00949999999995, 510.1123333333333) 
(635.8636666666667, 413.60216666666673) 
(622.4950000000001, 399.20650000000006) 
(767.7068571428571, 572.8824285714286) 
(751.2341666666667, 658.8925) 
(740.006, 495.10383333333334) 
(733.5058333333333, 476.88899999999995) 
(665.6801666666667, 422.5336666666667) 
(653.9531666666666, 407.7753333333333) 
(727.6603333333334, 458.5315) 
(712.585, 718.0371428571428) 
(505.31128571428565, 415.8687142857143) 
(486.67060000000004, 421.34400000000005) 
(543.2738333333333, 764.8870000000001) 
(466.17816666666664, 418.595) 
(446.14399999999995, 425.265) 
(430.229, 437.9563999999999) 
(420.90340000000003, 456.125) 
(419.43100000000004, 477.2214) 
(409.14633333333336, 489.8701666666666) 
(397.8926, 518.5552) 
(585.1204999999999, 768.0253333333334) 
(604.4151666666668, 771.4606666666667) 
(564.6573333333333, 767.5683333333333) 
(729.7438571428572, 698.101857142857) 
(747.7695999999999, 690.3320000000001) 
(764.6441428571428, 641.5937142857143) 
(400.06483333333335, 648.461) 
(395.0858, 669.3038) 
(397.60699999999997, 690.5300000000001) 
(410.63919999999996, 707.3969999999999) 
(428.34659999999997, 717.5394) 
(448.76959999999997, 719.6766) 
(768.2921666666666, 617.9830000000001) 
(774.152142857143, 596.6371428571429) 
(700.8975, 434.1991666666666) 
(552.032, 782.6201666666666) 
(731.5222, 718.1056000000001) 
(772.0791666666665, 551.4041666666666) 
(776.5066666666667, 533.242) 
(609.3154000000001, 386.8641999999999) 
(685.3911666666667, 746.598) 
(459.86500000000007, 733.148) 
(622.2354999999999, 776.6481666666667) 
(479.70866666666666, 743.4053333333333) 
(496.69100000000003, 754.4958333333333) 
(509.64016666666663, 767.2508333333332) 
(542.0601428571429, 396.1442857142857) 
(520.5066666666667, 397.3976666666667) 
(759.9988333333332, 502.88466666666665) 
(780.2176, 631.6227999999999) 
(785.4943999999999, 580.4416) 
(461.9218333333333, 754.3840000000001) 
(387.0366666666667, 617.8968333333333) 
(642.0148333333333, 392.10816666666665) 
(760.5143333333332, 676.976) 
(689.4984285714285, 416.3708571428571) 
(673.3574, 404.7738) 
(502.34739999999994, 397.64040000000006) 
(385.1447142857143, 581.022) 
(375.0036666666667, 599.9751666666666) 
(386.37857142857143, 533.6350000000001) 
(756.3343333333332, 483.358) 
(749.9103333333333, 465.1575) 
(706.4492857142857, 743.9201428571429) 
(726.0418333333333, 736.7163333333333) 
(590.3324285714285, 381.484) 
(565.2894285714285, 384.2421428571429) 
(547.4590000000001, 377.31199999999995) 
(723.2411666666667, 439.02666666666664) 
(715.0613333333334, 421.6073333333333) 
(670.9014999999999, 765.1370000000001) 
(690.3595, 763.7186666666666) 
(574.7373333333334, 784.6301666666667) 
(594.5695, 788.1711666666666) 
(642.4555, 778.9718333333334) 
(660.245, 782.6448333333334) 
(527.5984285714286, 779.6534285714287) 
(788.8035, 562.4616666666666) 
(393.212, 500.7676666666666) 
(744.4065, 446.57233333333335) 
(772.9948333333333, 661.8771666666667) 
(483.51685714285713, 403.8707142857143) 
(561.3551666666667, 799.4919999999998) 
(748.145, 710.1928333333334) 
(576.6514, 367.736) 
(381.88000000000005, 556.2565714285714) 
(368.8184, 570.2520000000001) 
(367.98040000000003, 541.8778) 
(539.3724, 795.0006) 
(788.1331666666666, 614.3358333333334) 
(796.3996666666668, 596.6953333333333) 
(612.603, 793.8483333333335) 
(778.8131666666667, 513.5486666666667) 
(776.9368333333333, 493.9595) 
(787.2736666666666, 648.8919999999999) 
(627.6756666666665, 378.72299999999996) 
(367.1075, 617.6476666666667) 
(381.1311428571429, 638.0802857142857) 
(381.3286666666666, 659.0875) 
(793.7213333333334, 543.4653333333332) 
(479.6605, 764.5268333333333) 
(492.761, 777.6053333333333) 
(706.8220000000001, 403.69249999999994) 
(463.62919999999997, 404.00280000000004) 
(436.0996666666667, 732.3613333333333) 
(442.4868333333333, 750.0408333333334) 
(462.9258, 772.5108) 
(708.3231999999999, 763.5431999999998) 
(664.2427142857142, 387.00285714285707) 
(648.8551666666666, 372.1093333333333) 
(528.8575, 378.2518333333334) 
(773.0171666666666, 474.64033333333333) 
(766.5444285714286, 699.2917142857142) 
(780.3636666666666, 683.0008333333332) 
(404.8797142857143, 465.41600000000005) 
(392.4486, 480.98760000000004) 
(378.5711666666666, 513.5706666666666) 
(363.04749999999996, 524.3281666666667) 
(632.2853333333334, 796.4803333333333) 
(509.25849999999997, 379.52583333333337) 
(687.6466666666665, 393.77916666666664) 
(360.9448333333333, 586.7083333333333) 
(446.4446666666666, 409.4723333333333) 
(745.1839999999999, 732.0301666666668) 
(762.5608333333333, 722.9441666666667) 
(610.8770000000001, 367.93350000000004) 
(594.8133333333334, 358.36533333333335) 
(797.2075, 524.111) 
(508.6041666666667, 790.2483333333333) 
(522.1591428571428, 805.299) 
(766.7871666666666, 456.53150000000005) 
(790.8463999999999, 668.2812) 
(559.2248333333333, 362.2153333333333) 
(581.6235, 803.7576666666668) 
(725.3470000000001, 756.7133333333333) 
(804.1888333333333, 578.3628333333334) 
(809.1756666666666, 559.7858333333332) 
(680.989, 376.89639999999997) 
(545.2660000000001, 811.118) 
(799.3266666666667, 633.6576666666665) 
(808.0046666666667, 616.1858333333333) 
(680.1706666666666, 783.1128333333332) 
(699.7138333333332, 781.3671666666665) 
(362.32959999999997, 634.9014) 
(633.3775, 360.00016666666664) 
(740.0594285714285, 425.3147142857143) 
(729.2570000000001, 407.032) 
(650.8346666666666, 800.2071666666667) 
(413.4508333333334, 724.6516666666666) 
(419.1096666666667, 742.8351666666667) 
(489.84049999999996, 382.41350000000006) 
(357.83033333333333, 556.6486666666666) 
(761.2508333333332, 437.6556666666668) 
(600.2125, 809.757) 
(380.34566666666666, 678.6754999999999) 
(382.76840000000004, 696.9644000000001) 
(412.0361428571428, 439.9575714285714) 
(394.4144, 448.48100000000005) 
(816.3458333333332, 598.371) 
(813.9701666666666, 540.4556666666667) 
(474.7681428571429, 788.6635714285713) 
(744.2783333333333, 751.8783333333334) 
(778.2589999999999, 713.7944) 
(797.0423333333334, 504.53400000000005) 
(795.922142857143, 483.29585714285713) 
(427.6404285714285, 419.1329999999999) 
(444.7435, 769.6916666666666) 
(352.21, 603.5963333333334) 
(470.4285, 385.526) 
(719.359, 778.4268333333333) 
(720.0836000000002, 391.6812) 
(363.19149999999996, 653.2123333333333) 
(424.61966666666666, 761.0974999999999) 
(539.9346666666667, 359.49583333333334) 
(518.6355714285713, 358.5492857142857) 
(408.85200000000003, 420.2536) 
(395.076, 711.756) 
(394.3001428571429, 732.9138571428573) 
(616.8135, 349.47499999999997) 
(374.6482857142857, 489.29542857142854) 
(361.7668, 504.5416) 
(758.6842, 419.28060000000005) 
(667.7258571428572, 361.948) 
(825.2280000000001, 579.2302857142856) 
(619.4321666666666, 813.9616666666666) 
(638.3823333333333, 817.1375000000002) 
(789.7510000000001, 462.75983333333335) 
(347.01983333333334, 573.0318333333333) 
(790.2845000000001, 700.4079999999999) 
(497.5276666666667, 362.1286666666667) 
(670.5083333333333, 801.3625000000001) 
(690.1298333333334, 800.1659999999998) 
(817.6581428571427, 519.7057142857143) 
(807.1278571428571, 657.4505714285715) 
(817.3531666666668, 638.4816666666667) 
(361.77383333333336, 672.6958333333333) 
(381.4871428571428, 464.2965714285715) 
(530.8888000000001, 822.2389999999999) 
(491.588, 798.309) 
(502.42699999999996, 812.8203333333332) 
(703.6645714285714, 379.9068571428571) 
(451.0855000000001, 389.02549999999997) 
(576.4425714285715, 346.83928571428567) 
(555.6368333333332, 342.269) 
(565.4785, 818.628) 
(583.8013333333333, 823.4833333333335) 
(737.5793333333332, 773.1155) 
(364.2794, 472.6232) 
(764.7194285714286, 745.3342857142858) 
(478.11516666666665, 365.36483333333337) 
(599.7243333333332, 339.81766666666664) 
(691.6391666666667, 362.39433333333335) 
(602.9083333333333, 829.6241666666666) 
(783.0975, 444.2608333333333) 
(803.2597142857143, 683.3525714285714) 
(348.74366666666674, 537.4063333333334) 
(347.4088333333334, 622.8728333333333) 
(829.2131666666668, 557.977) 
(825.7330000000001, 620.761) 
(709.6716666666666, 798.4195) 
(650.7711666666667, 349.0361666666666) 
(749.8226666666666, 403.7463333333333) 
(814.9571666666667, 498.4053333333333) 
(402.6031666666667, 752.8373333333333) 
(458.7343333333334, 368.546) 
(778.1055, 425.27983333333333) 
(756.9873333333334, 767.9318333333334) 
(819.7480000000002, 672.6778) 
(337.128, 590.0313333333332) 
(451.08385714285714, 789.7280000000001) 
(463.8102, 805.2227999999999) 
(431.7746666666667, 394.46049999999997) 
(414.3163333333334, 400.49333333333334) 
(392.6306666666667, 429.1336666666666) 
(362.3527142857143, 693.7259999999999) 
(536.0353333333333, 341.53383333333335) 
(834.0458333333332, 602.9508333333333) 
(833.7436666666666, 538.9049999999999) 
(781.8919999999999, 732.8178333333335) 
(814.8764000000001, 480.2432) 
(584.4726, 330.19300000000004) 
(621.7733333333333, 833.5793333333332) 
(344.9953333333333, 642.4853333333333) 
(344.02500000000003, 661.8114999999999) 
(658.1684999999999, 819.8181666666666) 
(677.6823333333333, 819.7243333333334) 
(681.1138, 348.0086) 
(729.3793333333333, 795.5076666666668) 
(739.4392857142857, 385.45442857142854) 
(518.0361999999999, 340.14140000000003) 
(409.0192, 769.93) 
(439.47333333333336, 372.4988333333333) 
(634.3976666666667, 338.0378333333333) 
(374.36742857142855, 715.556857142857) 
(374.56359999999995, 734.6283999999999) 
(772.5473333333334, 406.6405) 
(350.91642857142864, 488.1651428571428) 
(513.8247142857142, 831.2742857142857) 
(334.8065714285714, 553.818) 
(324.6983333333333, 572.5143333333333) 
(547.9463333333334, 830.7989999999999) 
(566.2826666666667, 838.2816666666668) 
(354.774, 711.5689999999998) 
(344.294, 513.1242857142857) 
(331.165, 530.314) 
(480.48114285714286, 814.8637142857143) 
(842.6977999999999, 587.3144) 
(641.2553333333334, 836.7901666666666) 
(342.65799999999996, 681.8806666666668) 
(809.4086666666666, 463.24100000000004) 
(797.2368333333334, 720.5746666666665) 
(810.6426666666666, 706.2033333333333) 
(376.77683333333334, 440.837) 
(361.6886666666666, 452.67816666666664) 
(500.2048333333333, 343.3841666666667) 
(776.3761666666668, 762.8193333333334) 
(697.3133333333334, 818.5356666666667) 
(492.4148333333333, 832.9718333333332) 
(427.0504285714286, 782.8715714285715) 
(434.8384, 800.6512) 
(837.1278, 521.2266) 
(829.3813333333333, 657.2585) 
(331.396, 608.5446666666667) 
(326.6111428571429, 629.3774285714286) 
(723.2773333333333, 370.7151666666666) 
(584.578, 843.1014999999999) 
(567.0023333333334, 325.2713333333333) 
(420.596, 377.80133333333333) 
(333.71320000000003, 496.5032000000001) 
(617.4256666666666, 328.117) 
(711.4798333333334, 355.815) 
(666.0943333333333, 337.468) 
(747.5408333333334, 790.1709999999999) 
(406.5606666666667, 788.3546666666666) 
(823.7975, 691.8931666666667) 
(480.769, 346.2821666666667) 
(603.7121666666667, 849.2766666666666) 
(316.7498333333333, 590.1756666666666) 
(802.9825000000001, 444.335) 
(660.9138333333332, 838.8726666666668) 
(763.1868333333333, 389.403) 
(395.12699999999995, 406.85200000000003) 
(376.0994285714286, 415.6805714285715) 
(838.4038333333333, 639.8343333333333) 
(319.02619999999996, 543.9050000000001) 
(325.7481666666667, 650.6945) 
(845.7273333333334, 569.1508333333334) 
(716.8493333333332, 816.7861666666668) 
(790.7858333333334, 749.2485) 
(382.1231666666667, 751.6914999999999) 
(834.2506666666667, 503.20733333333334) 
(339.7256666666667, 700.401) 
(461.3823333333333, 349.3796666666667) 
(797.4245, 425.49816666666675) 
(768.8355714285715, 785.7777142857145) 
(531.1436666666667, 842.7554999999999) 
(548.7275000000001, 851.5894999999999) 
(447.4665, 813.1410000000001) 
(502.4832, 848.0852000000001) 
(402.18816666666663, 384.6148333333333) 
(547.7653333333334, 322.43266666666665) 
(846.7586666666666, 622.0388333333334) 
(649.9986666666666, 326.1855) 
(600.0003333333333, 319.06816666666674) 
(850.6336666666667, 550.1723333333333) 
(832.4168333333333, 483.66499999999996) 
(806.254, 737.4723333333333) 
(754.7752, 373.5762) 
(698.6906666666665, 341.0406666666666) 
(346.3361666666667, 465.28849999999994) 
(330.7705, 476.86499999999995) 
(324.81183333333337, 670.3576666666667) 
(622.563, 853.2143333333335) 
(356.3501666666666, 729.7953333333331) 
(681.8234285714286, 840.0280000000001) 
(389.28042857142856, 772.0405714285714) 
(359.82166666666666, 429.90350000000007) 
(528.0771666666667, 322.2371666666667) 
(737.7255714285714, 814.573) 
(313.05066666666664, 609.458) 
(442.05566666666664, 352.8691666666666) 
(792.5368333333332, 407.0845) 
(567.1243333333333, 858.1326666666668) 
(311.25533333333334, 560.1893333333334) 
(322.3298333333333, 511.19833333333344) 
(856.6248571428571, 603.1554285714285) 
(383.91233333333327, 391.76866666666666) 
(462.73333333333335, 826.1808333333333) 
(633.1811666666666, 316.0308333333333) 
(829.3576666666667, 464.288) 
(837.6621666666668, 678.5) 
(847.6778333333333, 661.6093333333332) 
(740.465, 362.02983333333333) 
(642.0501666666668, 856.4313333333333) 
(324.093, 688.3228000000001) 
(344.4983333333334, 442.18699999999995) 
(820.2543333333333, 723.8065) 
(417.695, 804.9651666666667) 
(508.4488333333333, 323.32133333333337) 
(487.17628571428577, 324.4238571428572) 
(786.9726, 777.8460000000001) 
(727.9331666666667, 347.23599999999993) 
(475.14799999999997, 840.8551666666667) 
(703.1929999999999, 837.1648333333333) 
(854.1006666666667, 530.849) 
(308.321, 627.0216) 
(581.9499999999999, 311.16883333333334) 
(563.0041666666666, 305.33733333333333) 
(683.8319999999999, 327.9453333333334) 
(586.0151666666667, 863.0491666666667) 
(388.7464, 791.0568) 
(422.89283333333333, 357.147) 
(856.1061666666668, 643.9566666666667) 
(466.25950000000006, 329.109) 
(823.3670000000001, 445.68083333333334) 
(757.9691666666666, 807.0693333333334) 
(518.6176666666668, 856.0823333333334) 
(833.5673333333334, 708.7220000000001) 
(361.11116666666663, 748.5956666666666) 
(367.66633333333334, 767.0459999999999) 
(604.6055, 869.0441666666666) 
(862.1776666666666, 582.4405) 
(866.8053333333332, 563.3) 
(615.8843333333333, 306.6983333333333) 
(301.52416666666664, 577.0543333333333) 
(310.15500000000003, 526.6394999999999) 
(663.0171428571429, 859.8774285714286) 
(329.24483333333325, 454.4986666666667) 
(784.29, 389.05449999999996) 
(367.3868, 398.50239999999997) 
(308.0406666666667, 644.9026666666665) 
(817.284, 427.00766666666664) 
(800.6365000000001, 766.027) 
(864.442, 626.1446666666667) 
(722.7558333333333, 835.284) 
(853.9801666666666, 511.2863333333333) 
(446.88633333333337, 332.28883333333334) 
(847.0514999999999, 696.0613333333334) 
(715.6926666666665, 331.9248333333333) 
(543.8636666666666, 303.671) 
(668.0486666666667, 316.19100000000003) 
(651.4596666666666, 305.64733333333334) 
(429.0291666666667, 821.1133333333332) 
(337.56716666666665, 720.1916666666666) 
(338.0228571428571, 741.8114285714286) 
(776.1226, 804.2848000000001) 
(871.3168333333333, 544.2455000000001) 
(535.9143333333335, 865.4301666666667) 
(486.33383333333336, 855.9008333333333) 
(404.30616666666657, 363.3736666666667) 
(852.2610000000001, 491.705) 
(524.1803333333334, 303.83549999999997) 
(816.1051666666667, 754.2455) 
(873.4956, 610.5252) 
(774.1905, 372.19683333333336) 
(313.7881428571428, 490.0968571428571) 
(301.127, 507.24033333333335) 
(598.0840000000001, 298.356) 
(313.583, 466.25933333333336) 
(812.7256666666666, 407.90483333333333) 
(307.0388333333333, 664.7778333333333) 
(683.072, 860.0737999999999) 
(427.61400000000003, 336.2426666666667) 
(623.9296666666665, 872.4285) 
(353.7141666666667, 410.79833333333335) 
(634.3633333333333, 295.9655) 
(740.452, 834.4552000000001) 
(504.6806666666667, 305.1586666666667) 
(299.40766666666667, 543.0473333333333) 
(295.85383333333334, 595.6469999999999) 
(443.4703333333334, 834.2743333333334) 
(456.931, 848.2458333333334) 
(553.7025, 873.6881666666667) 
(701.4221666666666, 318.5095) 
(850.093, 472.0605) 
(846.8145714285714, 451.2528571428571) 
(385.81333333333333, 370.07483333333334) 
(397.5545, 807.5566666666667) 
(872.7118333333333, 524.7208333333333) 
(830.1233333333333, 740.6138333333333) 
(370.4338333333333, 786.2829999999999) 
(762.16, 356.384) 
(748.8921666666666, 343.0018333333333) 
(858.5201666666667, 679.8891666666666) 
(486.8036, 304.8338) 
(878.2626666666666, 593.0203333333333) 
(643.3394999999999, 875.5156666666667) 
(305.84257142857143, 685.9341428571427) 
(338.2441666666666, 422.8803333333333) 
(345.7653333333333, 761.3076666666666) 
(791.1778333333333, 794.8766666666667) 
(700.6625, 856.9821666666667) 
(318.386, 707.3801428571429) 
(317.0732857142857, 730.1357142857142) 
(289.65900000000005, 523.1638333333334) 
(292.4241666666666, 615.0096666666667) 
(408.7291666666667, 341.54600000000005) 
(579.8286666666667, 291.0683333333333) 
(616.8056666666666, 287.104) 
(838.4121666666666, 431.3686666666667) 
(686.0035000000001, 306.3046666666667) 
(843.4258333333333, 725.5955) 
(805.4368333333332, 389.8416666666667) 
(572.5391666666667, 878.744) 
(867.6453333333334, 662.4051666666668) 
(876.0593333333333, 644.6728333333334) 
(468.9746666666667, 309.56083333333333) 
(289.321, 559.931) 
(871.2586666666666, 505.1858333333334) 
(502.14833333333337, 867.8055) 
(831.9984000000001, 414.24080000000004) 
(299.46360000000004, 477.771) 
(757.8043333333334, 827.2043333333335) 
(352.37219999999996, 777.5276000000001) 
(883.2051666666667, 574.0263333333334) 
(857.1566666666668, 712.8851666666666) 
(591.1149999999999, 884.7758333333333) 
(367.8676666666667, 378.1003333333333) 
(408.0608333333333, 824.1418333333335) 
(420.689, 841.1555714285715) 
(289.59099999999995, 634.5015) 
(661.1956, 879.0708000000001) 
(323.15083333333337, 435.5123333333334) 
(720.0901666666667, 855.2213333333333) 
(807.7200000000001, 784.024) 
(869.4083333333334, 485.628) 
(468.47628571428567, 866.0689999999998) 
(736.3083333333334, 327.5203333333333) 
(723.1207142857141, 310.7932857142857) 
(884.3941666666666, 626.8613333333334) 
(390.2108333333333, 348.0235) 
(598.7955714285715, 276.349) 
(449.56199999999995, 312.6368333333333) 
(795.9818333333333, 372.4955) 
(785.5645, 355.8355000000001) 
(669.8296666666666, 295.13333333333327) 
(278.1995714285714, 539.4747142857143) 
(300.0856, 705.0298) 
(559.5211428571429, 283.97914285714285) 
(537.8598333333333, 283.488) 
(519.2858333333334, 877.464) 
(536.9095000000001, 886.9648333333334) 
(776.0569999999999, 822.4720000000001) 
(831.36775, 395.246125) 
(317.99033333333335, 747.4001666666667) 
(888.3603333333334, 554.7448333333333) 
(352.1541428571428, 796.2355714285713) 
(868.5780000000001, 465.3225714285714) 
(823.5623333333333, 772.4388333333333) 
(519.2349999999999, 281.73214285714283) 
(893.8357142857142, 608.8724285714286) 
(375.5615, 805.0893333333333) 
(384.366375, 824.3821249999999) 
(435.43057142857145, 854.5719999999999) 
(287.1988571428571, 655.3732857142858) 
(285.67562499999997, 675.05025) 
(288.23414285714284, 492.32914285714287) 
(306.6051428571428, 446.20314285714284) 
(774.5642500000001, 337.6055) 
(278.65528571428575, 578.988) 
(277.6562, 599.0229999999999) 
(373.82685714285714, 353.60057142857147) 
(351.002, 388.47150000000005) 
(333.650375, 398.124125) 
(679.5662857142858, 878.4645714285714) 
(738.0898571428571, 853.5465714285716) 
(427.7278888888889, 312.89255555555553) 
(708.2505714285716, 299.10471428571424) 
(610.3418333333333, 889.7561666666667) 
(581.5016666666667, 272.4028333333334) 
(449.67228571428575, 868.3368571428572) 
(555.5998571428571, 895.5217142857144) 
(652.5595000000001, 281.46237500000007) 
(871.1107142857143, 696.8557142857143) 
(499.7787142857143, 284.4384285714286) 
(270.36485714285715, 555.5291428571429) 
(867.1412857142857, 445.23757142857147) 
(841.111625, 759.921375) 
(271.351875, 616.835125) 
(319.45757142857144, 413.74714285714293) 
(893.4725, 534.4775000000001) 
(819.0711428571428, 376.7125714285714) 
(758.4772857142856, 324.4611428571429) 
(898.9551428571428, 590.4681428571429) 
(480.6544999999999, 288.752) 
(794.1188571428571, 816.1408571428573) 
(483.457, 878.7405714285715) 
(500.1458333333333, 886.071) 
(699.5692857142857, 875.8635714285713) 
(880.1527142857142, 679.2102857142856) 
(888.5197142857141, 660.7545714285715) 
(690.2356666666668, 289.41383333333334) 
(629.8348571428571, 893.0921428571428) 
(743.701, 311.07199999999995) 
(328.2361666666667, 762.7953333333334) 
(399.08199999999994, 839.3011666666666) 
(301.031, 722.2634999999999) 
(277.7912857142857, 509.2221428571429) 
(575.402142857143, 899.0522857142856) 
(409.77700000000004, 323.915) 
(851.2183333333332, 743.0596666666667) 
(864.2565714285714, 729.8625714285715) 
(356.1781428571429, 364.53157142857145) 
(633.1685, 276.5715) 
(564.4544285714285, 265.86499999999995) 
(857.1764999999999, 429.98499999999996) 
(272.6402857142857, 639.0142857142857) 
(758.2831428571428, 845.8584285714286) 
(807.3643333333334, 360.7235) 
(895.7337142857143, 641.7865714285714) 
(595.1527142857143, 902.8275714285713) 
(461.8534285714286, 292.0364285714286) 
(293.21000000000004, 460.4217142857143) 
(517.4867142857144, 895.2677142857143) 
(306.63100000000003, 428.16366666666664) 
(889.3335000000001, 513.9900000000001) 
(901.2695714285712, 570.1138571428571) 
(849.4857142857143, 412.1471428571429) 
(361.8135714285714, 813.8178571428571) 
(264.38033333333334, 575.2378333333332) 
(335.44225, 781.618375) 
(674.8348571428571, 278.21500000000003) 
(717.7745000000001, 872.6283333333332) 
(810.7128571428573, 804.3358571428572) 
(409.046, 852.1012000000001) 
(650.651, 894.013) 
(287.3066666666667, 695.6578333333332) 
(900.518, 625.5116) 
(775.3178333333334, 840.239) 
(887.5168571428572, 495.71714285714285) 
(733.7404, 300.5398) 
(443.9056666666666, 297.0011666666666) 
(340.60366666666664, 376.54) 
(272.632, 653.23525) 
(796.3302857142859, 344.8665714285714) 
(392.71183333333335, 329.9276666666667) 
(615.3531666666668, 269.1628333333333) 
(271.995, 525.019) 
(545.0528333333333, 268.6963333333333) 
(826.4980000000002, 791.193142857143) 
(838.8121666666666, 778.3931666666667) 
(883.9294999999998, 476.8193333333333) 
(282.9055, 475.57183333333336) 
(875.6671666666666, 713.9463333333333) 
(668.4813333333333, 892.3608333333333) 
(459.76424999999995, 879.83775) 
(913.7248, 595.9082000000001) 
(909.4950000000001, 604.1458) 
(911.3694999999998, 615.4901666666667) 
(910.7386666666666, 630.2706666666666) 
(911.4498333333332, 641.4498333333335) 
(904.1768333333333, 652.4161666666668) 
(904.3348, 662.3657999999999) 
(897.9051666666666, 672.8031666666667) 
(897.7755999999999, 683.6326000000001) 
(891.8914999999998, 693.1539999999999) 
(888.4173333333333, 704.3763333333333) 
(888.6918000000002, 716.6155999999999) 
(880.6877142857144, 727.9107142857143) 
(875.4432, 739.6122) 
(866.6848, 744.9554) 
(862.0323333333334, 756.234) 
(859.4451999999999, 766.1451999999999) 
(851.4634999999998, 773.1271666666665) 
(849.1335999999999, 783.9158) 
(842.6866666666666, 791.2056666666667) 
(835.3617999999999, 799.7162000000001) 
(825.8504285714287, 809.253142857143) 
(818.2832500000002, 816.6769999999999) 
(810.0651666666666, 822.4748333333333) 
(800.7393333333333, 832.7850000000002) 
(790.0218333333332, 835.8823333333335) 
(785.6608000000001, 847.7465999999998) 
(775.3665000000001, 852.9378333333334) 
(765.8776666666668, 859.6270000000001) 
(752.4390000000001, 861.1166000000001) 
(744.8943333333333, 871.8863333333335) 
(733.6587142857143, 873.5775714285713) 
(725.899, 883.9198) 
(713.7666666666668, 886.6358333333334) 
(703.8082, 892.0494000000001) 
(692.7255, 892.5688333333333) 
(680.7821666666667, 897.3570000000001) 
(672.4952000000001, 902.7461999999999) 
(662.1433333333333, 904.3098333333334) 
(650.6838, 908.2252000000001) 
(639.8970000000002, 905.4202000000001) 
(630.379, 911.0571666666668) 
(614.6145714285714, 907.4821428571429) 
(605.1652, 913.4634) 
(593.4403333333333, 916.3636666666667) 
(582.992, 912.6245999999999) 
(574.6164000000001, 916.1204000000001) 
(564.4193333333333, 912.1818333333334) 
(551.357, 914.4758333333334) 
(536.6557142857143, 905.3747142857143) 
(527.0818, 913.9015999999999) 
(519.3234, 905.9112000000001) 
(505.5988333333333, 906.4140000000001) 
(498.0852, 898.1988000000001) 
(484.1144285714287, 897.5028571428572) 
(474.7608, 894.4838) 
(466.5396666666666, 887.5390000000001) 
(451.9991428571429, 888.2104285714286) 
(440.9764, 881.4928) 
(434.05183333333326, 874.0528333333333) 
(424.3286, 871.3456) 
(418.5415, 861.1505000000001) 
(404.9655, 863.1194999999999) 
(396.259, 853.237) 
(384.18516666666665, 843.7051666666666) 
(375.0426, 838.5649999999999) 
(367.26271428571425, 829.1492857142857) 
(359.30975, 823.5939999999999) 
(349.5058, 818.4024) 
(342.7341666666666, 808.5838333333335) 
(334.61400000000003, 799.9335) 
(327.0666, 793.9718) 
(320.50719999999995, 785.0638000000001) 
(317.78000000000003, 776.0246666666667) 
(312.2443333333333, 763.9893333333333) 
(304.81579999999997, 757.3808) 
(298.91214285714284, 745.0257142857143) 
(296.623, 735.4159999999999) 
(284.1426666666667, 727.1351666666666) 
(286.3216666666667, 713.9440000000001) 
(275.777, 705.4973333333334) 
(273.9803333333333, 691.6923333333334) 
(270.98499999999996, 682.9069999999999) 
(269.2832, 671.9174) 
(269.9218333333334, 662.9005) 
(260.3165714285714, 652.1112857142856) 
(259.2082, 641.4087999999999) 
(260.7012, 630.401) 
(256.42883333333333, 619.5426666666666) 
(254.42366666666666, 604.997) 
(261.7458571428571, 593.7257142857143) 
(254.3128, 583.2714) 
(252.9862, 573.1985999999999) 
(254.9946666666667, 562.5364999999999) 
(255.99720000000002, 549.8860000000001) 
(258.46857142857147, 537.9131428571428) 
(262.3194, 530.4556) 
(261.90316666666666, 517.7725) 
(261.8642, 506.35660000000007) 
(266.72175, 492.14912499999997) 
(274.83525, 484.602) 
(268.5813333333333, 475.4963333333333) 
(276.58033333333333, 463.9011666666667) 
(279.7295, 451.23516666666666) 
(289.87379999999996, 443.40520000000004) 
(292.9968333333333, 433.6993333333334) 
(295.514, 423.49839999999995) 
(302.1195714285714, 412.81971428571427) 
(308.9338000000001, 402.07219999999995) 
(316.733, 394.19816666666674) 
(322.2732, 384.4282) 
(329.6901666666667, 377.2536666666667) 
(335.09125, 367.5765) 
(342.1415714285714, 358.5421428571429) 
(351.31319999999994, 348.5052) 
(360.47639999999996, 346.6606) 
(365.60299999999995, 338.94839999999994) 
(376.02037500000006, 330.776875) 
(383.94166666666666, 317.70699999999994) 
(395.996, 316.9084) 
(407.0328333333334, 308.39866666666666) 
(412.9521666666667, 299.004) 
(421.922, 297.28125) 
(431.228, 291.74466666666666) 
(442.09700000000004, 285.29200000000003) 
(451.98216666666667, 282.987) 
(460.64160000000004, 275.4414) 
(471.49066666666664, 274.222) 
(485.361, 269.8255714285714) 
(497.15049999999997, 269.0735) 
(506.33233333333334, 266.20183333333335) 
(516.5734999999999, 260.652) 
(529.9491428571429, 262.81971428571427) 
(540.57975, 257.85125) 
(550.1714285714286, 255.6704285714286) 
(563.7464, 253.935) 
(574.345, 253.68779999999998) 
(581.3294, 257.846) 
(593.324, 255.6827142857143) 
(605.3465, 257.1043333333333) 
(617.5758, 255.33799999999997) 
(628.7185, 260.16816666666665) 
(643.179, 263.78849999999994) 
(652.0426000000001, 262.13160000000005) 
(661.651, 265.58050000000003) 
(673.2704000000001, 265.7232) 
(685.7521428571429, 265.8047142857143) 
(692.0060000000001, 275.44480000000004) 
(705.385, 279.683) 
(717.1485, 286.64025) 
(726.552, 291.233) 
(737.2774, 290.4728) 
(744.4983333333333, 296.60633333333334) 
(757.0036666666666, 304.7671666666667) 
(769.3426666666668, 307.8675) 
(775.9341666666666, 318.283) 
(784.8358000000002, 323.7486) 
(790.0658000000001, 331.85780000000005) 
(799.4904, 332.46259999999995) 
(808.3368, 339.23580000000004) 
(815.3908571428572, 348.43128571428576) 
(822.0668000000002, 361.6454) 
(832.4114999999998, 365.5885) 
(838.4388333333333, 377.4248333333333) 
(848.0869999999999, 386.3288) 
(851.9035, 396.90350000000007) 
(859.8800000000001, 404.80125) 
(866.2587142857144, 411.6834285714286) 
(872.7011666666666, 425.4981666666667) 
(877.9868, 431.80960000000005) 
(880.7754000000001, 440.72980000000007) 
(883.0504999999999, 452.6186666666667) 
(888.7111666666668, 461.6746666666666) 
(895.8165999999999, 471.83959999999996) 
(894.9218000000001, 483.95739999999995) 
(902.7058333333333, 491.8591666666667) 
(903.3658333333333, 503.7866666666667) 
(905.3273333333333, 518.0196666666667) 
(911.3940000000001, 528.9471666666667) 
(909.77175, 538.46) 
(908.6597142857142, 549.4977142857143) 
(915.2490000000001, 561.5685) 
(911.64825, 574.0005) 
(912.1828571428571, 584.2838571428572) 
(923.9964999999999, 594.133) 
(923.6082857142857, 604.7197142857142) 
(923.4047142857144, 619.6754285714286) 
(922.6178333333334, 633.487) 
(923.9374, 643.2533999999999) 
(918.2936666666666, 652.0169999999999) 
(915.2370000000001, 659.7641666666667) 
(910.8521999999999, 670.5288) 
(910.3228571428571, 681.6397142857143) 
(906.2343333333333, 694.3165) 
(902.2211666666667, 704.6188333333333) 
(899.3215000000001, 715.0585000000001) 
(894.6113333333333, 725.8860000000001) 
(890.2682000000001, 734.6988) 
(884.4435, 743.0905000000001) 
(878.0822857142857, 753.865) 
(873.1206666666667, 767.1346666666667) 
(867.3755714285713, 777.7664285714287) 
(859.4015999999999, 783.3388) 
(856.0275000000001, 792.3559999999999) 
(848.1011666666667, 801.1861666666667) 
(839.9498333333335, 807.899) 
(834.9748, 817.2747999999999) 
(824.4908571428571, 825.4405714285714) 
(815.2397142857144, 836.178142857143) 
(806.98325, 842.1022499999999) 
(798.38975, 849.45375) 
(788.1925, 857.0311666666666) 
(779.8288333333334, 863.4751666666666) 
(771.8284, 870.6466) 
(759.2780000000001, 872.0663333333332) 
(752.8812, 881.1994000000001) 
(743.9187142857144, 887.3879999999999) 
(733.4055, 890.0323333333334) 
(722.3671666666665, 895.5041666666666) 
(712.2378333333332, 901.4741666666667) 
(699.9596666666666, 905.2366666666666) 
(689.585, 909.1318333333334) 
(679.5538333333334, 911.6871666666666) 
(671.3153333333333, 913.2924999999999) 
(660.4018333333332, 915.4704999999999) 
(645.4964999999999, 916.2331666666665) 
(638.9416666666666, 923.7225) 
(625.0801666666666, 921.9825000000001) 
(613.674, 923.3629999999999) 
(603.0973333333334, 924.1928333333335) 
(594.4730000000001, 926.918) 
(583.0607142857143, 925.5935714285714) 
(569.8656666666666, 925.8751666666666) 
(560.1751666666668, 923.8263333333334) 
(550.11, 925.7072000000001) 
(537.9951428571428, 922.6692857142856) 
(526.8548000000001, 922.765) 
(514.2012857142856, 917.9268571428571) 
(500.37816666666663, 917.149) 
(491.75350000000003, 909.1815) 
(480.26800000000003, 911.6966) 
(470.3311428571429, 908.9102857142856) 
(461.80033333333336, 900.2986666666667) 
(448.1121666666667, 900.6704999999998) 
(438.84099999999995, 894.0600000000001) 
(430.8032, 888.4132000000002) 
(422.433, 885.4150000000001) 
(409.59849999999994, 875.9615) 
(399.08975, 869.7939999999999) 
(391.57, 865.2525714285713) 
(384.7156, 856.9721999999999) 
(371.94185714285703, 852.3714285714287) 
(363.98666666666674, 844.0215000000002) 
(356.259, 838.5319999999999) 
(350.9005714285714, 830.9242857142856) 
(340.41283333333337, 821.8541666666666) 
(330.618, 814.8596666666666) 
(321.96883333333335, 806.0356666666667) 
(316.82349999999997, 795.4923333333332) 
(308.4968333333333, 787.7668333333332) 
(305.1801666666667, 778.1708333333332) 
(300.07366666666667, 771.0271666666667) 
(293.1833333333333, 760.7486666666667) 
(285.3888, 753.1407999999999) 
(282.26, 741.1951428571429) 
(274.0466, 729.6412) 
(271.57757142857145, 719.4295714285715) 
(264.7407999999999, 711.7743999999999) 
(263.3706666666667, 701.4868333333334) 
(258.44757142857145, 690.2424285714286) 
(259.5064, 679.762) 
(256.04328571428573, 668.2528571428571) 
(248.34116666666668, 657.0273333333333) 
(247.25500000000002, 645.3565) 
(248.4037142857143, 633.3202857142858) 
(246.90225000000004, 622.45225) 
(245.06133333333332, 612.1686666666666) 
(241.8472, 602.7915999999999) 
(244.3742857142857, 591.2212857142857) 
(241.3355714285714, 579.4864285714285) 
(243.2406666666667, 568.2879999999999) 
(244.03083333333333, 557.54) 
(246.0101666666667, 544.9598333333333) 
(244.7255, 530.5851666666666) 
(251.7578333333333, 522.9721666666668) 
(250.68533333333332, 510.31850000000003) 
(252.60316666666665, 498.7226666666667) 
(254.0072, 488.51279999999997) 
(257.73966666666666, 478.7001666666667) 
(262.05266666666665, 466.56483333333335) 
(266.13983333333334, 457.85716666666667) 
(269.751, 447.46999999999997) 
(277.7167142857143, 436.3794285714286) 
(283.2185, 425.8498333333332) 
(288.7396666666666, 416.1716666666666) 
(291.28099999999995, 406.3914) 
(297.13466666666665, 398.88566666666674) 
(303.7931666666667, 390.1411666666667) 
(310.1333333333333, 380.2375) 
(317.56850000000003, 371.30649999999997) 
(326.83075, 360.577) 
(334.54419999999993, 350.13800000000003) 
(342.0188, 344.70880000000005) 
(348.673375, 336.776875) 
(360.56620000000004, 330.622) 
(364.00640000000004, 320.92140000000006) 
(372.46742857142857, 313.73285714285714) 
(381.2135, 308.67449999999997) 
(391.21487499999995, 304.59787499999993) 
(401.4658, 297.3216) 
(407.8496666666667, 288.02933333333334) 
(418.9668571428571, 285.70257142857145) 
(432.2003333333333, 279.7791666666667) 
(442.9306, 276.9102) 
(450.0069999999999, 270.00033333333334) 
(459.907, 263.4464285714286) 
(471.87733333333335, 261.73066666666665) 
(481.74799999999993, 256.3298) 
(493.4728571428571, 256.80914285714283) 
(504.72516666666667, 252.65600000000003) 
(514.4647500000001, 250.755) 
(524.8964285714286, 246.98714285714283) 
(537.8115714285715, 247.31814285714287) 
(547.85, 243.21400000000003) 
(557.9667999999999, 245.84319999999997) 
(568.7058571428572, 242.23485714285715) 
(582.3955714285714, 244.02185714285716) 
(593.5056000000001, 241.24500000000003) 
(602.4128333333333, 244.08599999999998) 
(614.4350000000001, 244.5225) 
(625.9576666666667, 245.87933333333334) 
(636.6366666666667, 248.33666666666667) 
(647.5174999999999, 249.90516666666667) 
(658.0505000000002, 251.021) 
(669.3774999999999, 253.6781666666667) 
(678.4869999999999, 256.22439999999995) 
(693.034, 258.30199999999996) 
(699.825142857143, 263.3225714285714) 
(710.3212000000001, 265.6518) 
(721.3078571428572, 274.82571428571424) 
(733.728, 279.343) 
(741.7330000000001, 282.673) 
(752.1821666666668, 289.19166666666666) 
(764.665, 293.56716666666665) 
(775.9511666666667, 297.1048333333333) 
(783.5951666666666, 307.0361666666667) 
(790.6871666666667, 313.4156666666667) 
(799.8938571428572, 320.7757142857143) 
(809.2056666666666, 327.91366666666664) 
(818.7403333333333, 335.0205) 
(825.4104, 342.1304) 
(830.3171428571429, 352.68142857142857) 
(841.4273999999999, 356.70400000000006) 
(844.9015999999999, 365.3762) 
(854.8230000000001, 373.23100000000005) 
(861.5606666666667, 385.16900000000004) 
(865.9558333333334, 396.15483333333333) 
(874.6374999999999, 399.9671666666666) 
(879.0873333333334, 413.17633333333333) 
(885.541, 421.7373333333333) 
(889.8208333333332, 432.43250000000006) 
(893.5061666666667, 442.613) 
(898.7098333333332, 453.5235) 
(902.9183333333334, 463.9835) 
(906.2427142857142, 476.64757142857144) 
(913.0724999999999, 486.53566666666666) 
(913.7783999999999, 496.8278) 
(917.4111666666666, 506.7861666666667) 
(919.3999999999997, 516.9386666666668) 
(922.6858, 525.7904000000001) 
(921.858, 538.2745714285713) 
(925.0475714285712, 550.7288571428571) 
(927.0795999999998, 561.6942) 
(922.4971666666667, 573.1036666666668) 
(925.1632, 583.9091999999999) 
(936.778, 596.3859999999999) 
(935.167, 609.0306666666667) 
(935.3205999999998, 620.475) 
(932.5088, 629.505) 
(934.2975, 637.5156666666666) 
(930.7041666666665, 649.486) 
(927.5112857142857, 661.3754285714286) 
(920.7745, 671.6625) 
(922.5726666666666, 683.8003333333335) 
(916.967, 693.5891666666666) 
(914.7521666666667, 704.5668333333333) 
(910.2473333333332, 715.0013333333333) 
(905.7381666666666, 726.4221666666666) 
(901.6931666666666, 736.6376666666666) 
(896.0983333333334, 746.2851666666666) 
(890.7098333333333, 756.2948333333334) 
(884.8113333333332, 765.9613333333333) 
(880.3874999999998, 776.0058333333333) 
(875.5020000000001, 785.2512) 
(868.3221428571427, 792.8635714285716) 
(861.1959999999999, 804.0515000000001) 
(853.5324999999999, 811.1149999999999) 
(846.3884285714286, 820.9097142857144) 
(836.2567999999999, 828.3817999999999) 
(831.1993333333334, 837.5663333333333) 
(825.7139999999999, 846.3892) 
(814.5714285714286, 851.3791428571429) 
(805.8486666666666, 861.7198333333334) 
(795.7576000000001, 863.2754000000001) 
(789.5655714285714, 871.7785714285716) 
(779.9826, 876.1096) 
(767.182, 884.1730000000001) 
(756.857, 890.3758) 
(750.8784999999999, 898.6596666666668) 
(738.8855, 901.1611666666664) 
(730.0944000000001, 902.9778) 
(720.497, 910.5104285714286) 
(707.5537999999999, 912.4326000000001) 
(697.8551428571429, 918.8354285714286) 
(685.8393333333333, 922.3993333333334) 
(676.6754, 922.8326000000001) 
(667.4454285714286, 927.9944285714284) 
(654.57, 926.0523333333334) 
(644.1343333333333, 933.7411666666667) 
(630.4595, 934.2888333333334) 
(619.7331666666668, 934.6163333333334) 
(609.4458, 933.7993999999999) 
(600.6977142857143, 937.0327142857143) 
(587.8393333333332, 936.8068333333334) 
(575.6150000000001, 936.9966666666666) 
(563.248, 935.4119999999999) 
(554.0133333333333, 933.4111666666668) 
(541.765, 933.8885) 
(528.5402857142857, 933.7595714285715) 
(519.667, 928.8693999999999) 
(507.1904285714285, 928.8642857142858) 
(494.7626, 926.0015999999999) 
(486.7831666666666, 920.852) 
(474.4793333333334, 921.1353333333333) 
(465.158, 918.2575999999999) 
(454.754375, 911.74525) 
(441.8648, 909.5583999999999) 
(436.24719999999996, 903.9744000000001) 
(425.1825, 899.496) 
(414.20680000000004, 890.3408000000002) 
(402.8885, 887.2490000000001) 
(394.827, 877.6601666666667) 
(387.0244, 877.1980000000001) 
(376.836875, 868.917375) 
(366.11275, 860.8195000000001) 
(358.41671428571425, 856.2712857142858) 
(351.81316666666663, 849.0073333333335) 
(343.0236666666667, 840.805) 
(335.2808333333333, 833.0773333333335) 
(329.70520000000005, 825.4718) 
(319.7266666666667, 819.0279999999999) 
(311.045, 808.3230000000001) 
(304.69683333333336, 798.0056666666666) 
(296.3866666666667, 789.2465000000001) 
(291.61533333333335, 782.0301666666666) 
(286.61699999999996, 773.1405) 
(280.68433333333337, 763.8283333333334) 
(274.8823333333333, 752.4515000000001) 
(269.5826666666666, 740.6816666666667) 
(263.0073333333333, 731.7604999999999) 
(257.94533333333334, 722.5666666666666) 
(252.97214285714284, 711.2787142857143) 
(252.85440000000003, 700.7676) 
(247.0846, 692.2128) 
(246.22385714285716, 681.528) 
(244.04033333333336, 669.3411666666666) 
(238.46300000000002, 659.5168) 
(235.44383333333334, 649.2046666666666) 
(235.0311428571429, 635.8972857142857) 
(237.00542857142858, 622.2071428571428) 
(232.49316666666667, 609.6301666666667) 
(233.23719999999997, 598.9745999999999) 
(230.32585714285713, 590.422857142857) 
(230.19080000000002, 579.011) 
(233.69660000000005, 570.9010000000001) 
(233.0103333333333, 561.412) 
(234.49066666666667, 549.3028333333333) 
(234.79528571428577, 535.7080000000001) 
(234.9176, 523.7406000000001) 
(241.415, 516.1333333333332) 
(240.30616666666666, 503.587) 
(241.5225714285714, 489.98557142857146) 
(245.45983333333334, 478.542) 
(250.66550000000004, 467.56733333333335) 
(254.25316666666663, 457.6195) 
(259.566, 449.4232) 
(262.2251428571429, 437.3102857142857) 
(268.37083333333334, 425.5458333333333) 
(275.4216666666666, 416.42783333333335) 
(279.5425, 406.7716666666667) 
(285.0886666666667, 396.37583333333333) 
(291.12283333333335, 387.8351666666667) 
(298.13616666666667, 379.64349999999996) 
(304.384, 369.89799999999997) 
(311.44, 360.94550000000004) 
(316.7124, 353.2162) 
(325.1478333333334, 345.62866666666673) 
(332.73242857142856, 337.205) 
(339.4534, 328.649) 
(350.6411428571428, 323.1991428571429) 
(359.73183333333327, 313.0093333333334) 
(366.12700000000007, 304.76480000000004) 
(375.39157142857147, 299.8248571428572) 
(384.89500000000004, 291.0503333333333) 
(396.41516666666666, 290.3145) 
(402.8518, 280.56260000000003) 
(412.2225, 276.3188333333334) 
(424.58414285714287, 270.86699999999996) 
(437.22628571428567, 266.0187142857143) 
(446.78816666666665, 258.16316666666665) 
(455.95500000000004, 252.72639999999996) 
(463.89880000000005, 253.5966) 
(474.0655714285714, 248.855) 
(487.666, 247.689) 
(497.58714285714296, 243.02285714285713) 
(512.1510000000001, 241.66000000000003) 
(522.1584, 235.9934) 
(532.5563333333333, 235.27533333333335) 
(543.6078333333334, 234.40583333333336) 
(556.6762857142858, 233.78) 
(567.5703333333333, 229.48666666666668) 
(576.9464, 234.19700000000003) 
(588.9014999999999, 232.6735) 
(599.7551666666667, 232.23166666666668) 
(610.4438333333334, 234.36649999999997) 
(620.967, 234.72749999999996) 
(632.0943333333333, 235.2353333333333) 
(643.4574999999999, 237.15699999999995) 
(655.5656666666666, 238.91449999999998) 
(667.7542857142856, 240.69642857142858) 
(679.3103333333333, 244.10816666666665) 
(687.1475, 250.75966666666667) 
(697.513, 249.40900000000002) 
(709.104, 252.855) 
(720.8995, 259.7163333333333) 
(731.8071666666666, 265.6808333333334) 
(742.2815, 270.661) 
(749.2728, 275.9252) 
(758.7451666666667, 279.2078333333333) 
(770.4673333333332, 283.634) 
(781.0913333333333, 285.9215) 
(788.1693333333333, 297.47016666666667) 
(797.2035, 303.90599999999995) 
(803.3942, 311.1828) 
(814.6391428571427, 315.4814285714286) 
(820.2488, 324.2326) 
(831.1542857142858, 330.04985714285715) 
(836.9638333333334, 340.815) 
(844.4416666666667, 348.2183333333334) 
(854.241857142857, 356.8375714285715) 
(863.074, 365.51680000000005) 
(868.4733333333332, 375.46166666666676) 
(874.4668571428573, 385.7957142857143) 
(884.2570000000001, 394.9681666666666) 
(885.0841999999999, 404.6016000000001) 
(891.1981666666667, 412.654) 
(895.3358000000001, 423.2758) 
(902.833857142857, 430.93842857142863) 
(906.458, 443.48033333333325) 
(910.9475000000001, 454.0478333333333) 
(915.1381666666667, 464.241) 
(917.6898333333332, 473.6626666666666) 
(922.216, 483.11220000000003) 
(924.5175714285714, 494.72928571428577) 
(928.7018333333332, 506.8736666666666) 
(931.2364285714285, 518.3369999999999) 
(930.2807999999999, 529.3953999999999) 
(934.4708571428572, 540.4848571428572) 
(935.502, 549.30925) 
(936.1838333333332, 558.2093333333332) 
(935.576125, 573.00375) 
(933.5325999999999, 587.1967999999999) 
(949.0111999999999, 594.3754) 
(947.0247142857144, 605.6317142857143) 
(946.3616666666667, 618.7966666666667) 
(944.3297142857144, 629.8597142857143) 
(941.5200000000001, 641.0953999999999) 
(940.6262857142856, 653.042) 
(938.6442, 665.888) 
(934.1172857142857, 676.111857142857) 
(935.3508333333333, 688.3765) 
(927.8874, 694.8122000000001) 
(926.1149999999999, 704.4801666666666) 
(923.6235, 715.6318333333334) 
(918.0003333333334, 726.1015000000001) 
(913.487, 736.2361666666667) 
(908.8246666666668, 747.5326666666666) 
(903.9915, 761.0966249999999) 
(894.38775, 764.9545) 
(895.7097142857144, 773.8212857142856) 
(886.8921666666669, 785.0438333333335) 
(880.8128333333334, 795.0300000000001) 
(873.3355, 804.1301666666668) 
(867.5061666666667, 813.413) 
(860.352, 822.1719999999999) 
(854.7877999999998, 830.8547999999998) 
(845.7335, 838.00775) 
(836.8423333333334, 848.5483333333333) 
(826.5009999999999, 856.9501666666669) 
(817.1022, 861.8806000000001) 
(812.0211666666665, 871.5298333333334) 
(800.8638571428572, 874.6495714285714) 
(793.1638333333334, 885.8693333333334) 
(782.9874999999998, 885.6878333333334) 
(775.0373999999999, 896.385) 
(764.0237142857143, 900.062142857143) 
(754.524, 907.9015999999999) 
(744.8009999999999, 911.651) 
(733.3580000000001, 916.4378571428572) 
(723.4212, 922.1562) 
(711.709, 922.0352857142858) 
(702.3603999999999, 928.7004000000001) 
(691.0788333333334, 930.1876666666667) 
(679.6607142857143, 934.7712857142858) 
(671.0036, 939.8408) 
(658.027, 939.216) 
(647.0444, 943.6796) 
(636.9585000000001, 944.1150000000001) 
(625.467857142857, 947.1294285714285) 
(612.7513333333333, 944.143) 
(602.0766666666667, 949.7426666666665) 
(591.7366, 945.1103999999999) 
(581.6861666666667, 948.384) 
(569.9033333333333, 947.5686666666667) 
(558.4951666666667, 945.6118333333334) 
(548.0580000000001, 944.2501666666664) 
(536.8028333333333, 944.4688333333334) 
(524.9015999999999, 943.8804) 
(514.49925, 939.9913750000001) 
(502.1906, 939.9148000000001) 
(495.32579999999996, 934.269) 
(482.05037500000003, 932.6514999999999) 
(468.4666666666667, 928.8238333333334) 
(458.6913333333334, 924.4321666666668) 
(448.4576, 920.8059999999999) 
(440.72700000000003, 916.004) 
(430.2215714285715, 912.6580000000002) 
(419.0392, 909.4728000000001) 
(409.41671428571436, 901.7494285714286) 
(398.64219999999995, 897.4122) 
(391.09799999999996, 889.5868571428572) 
(380.38399999999996, 884.0543333333334) 
(368.09250000000003, 879.3261666666667) 
(361.7573333333333, 869.7581666666666) 
(352.6004, 867.9129999999999) 
(345.6828333333333, 860.1231666666666) 
(338.5926666666667, 851.8193333333334) 
(329.4961666666667, 843.5643333333333) 
(321.476, 833.458857142857) 
(311.3766666666667, 823.9990000000001) 
(303.0056, 818.2316) 
(296.743, 808.5778571428572) 
(292.636, 798.0418000000001) 
(283.11083333333335, 791.7055) 
(278.239, 783.1588333333333) 
(271.6592857142857, 772.9182857142857) 
(269.47560000000004, 761.7213999999999) 
(263.50216666666665, 752.2841666666667) 
(256.932, 744.3454999999999) 
(251.58928571428572, 733.0950000000001) 
(247.45880000000002, 721.0640000000001) 
(240.0058333333333, 711.5978333333333) 
(242.44316666666668, 701.593) 
(236.00700000000003, 691.8358333333334) 
(232.311, 678.4178571428572) 
(229.95333333333335, 665.7526666666666) 
(226.9573333333333, 654.898) 
(223.98883333333333, 644.3305) 
(222.96959999999999, 633.591) 
(225.07066666666665, 624.8050000000001) 
(222.40533333333335, 615.2505) 
(219.87314285714282, 602.791142857143) 
(218.4694, 592.1560000000001) 
(221.0041666666667, 581.1821666666666) 
(223.10014285714286, 568.7767142857143) 
(223.6866666666667, 556.7978333333334) 
(224.31349999999998, 544.7105000000001) 
(223.06959999999998, 533.5434) 
(225.2821666666667, 525.6311666666667) 
(229.66285714285715, 513.5872857142857) 
(230.51166666666666, 501.358) 
(231.32383333333334, 487.988) 
(235.64533333333335, 475.6288333333334) 
(240.207, 465.0023333333333) 
(246.31780000000003, 456.8148) 
(250.14100000000002, 446.27442857142853) 
(249.84533333333334, 433.87466666666666) 
(255.70666666666662, 423.7414999999999) 
(261.63949999999994, 414.6326666666667) 
(267.44233333333324, 405.345) 
(273.61133333333333, 394.86550000000005) 
(279.06600000000003, 385.78916666666663) 
(285.4436666666667, 378.25500000000005) 
(291.9918333333333, 369.14866666666666) 
(297.7325, 357.86899999999997) 
(305.2941666666666, 349.62283333333335) 
(313.14916666666664, 343.1731666666667) 
(319.98449999999997, 332.7385) 
(327.95550000000003, 325.02333333333337) 
(337.28266666666667, 318.57916666666665) 
(347.0121666666667, 311.77049999999997) 
(355.34683333333345, 303.065) 
(361.8431666666667, 295.44433333333336) 
(370.65799999999996, 288.38283333333334) 
(379.6906, 281.01059999999995) 
(391.26800000000003, 278.30299999999994) 
(400.26533333333333, 269.71150000000006) 
(410.73300000000006, 262.94257142857145) 
(420.29825, 259.4535) 
(428.0516666666667, 255.96566666666664) 
(437.83228571428566, 249.4572857142857) 
(448.97200000000004, 246.519) 
(459.6840000000001, 242.20000000000002) 
(471.18, 236.95483333333334) 
(484.0753333333334, 238.73016666666663) 
(492.14916666666676, 231.09333333333333) 
(503.27740000000006, 232.6398) 
(513.5821428571429, 226.33557142857143) 
(525.5785, 224.98666666666665) 
(537.0450000000001, 225.9214) 
(547.6365, 222.65999999999997) 
(558.5288571428572, 219.27142857142857) 
(571.4867999999999, 218.44879999999998) 
(580.4786666666665, 223.12716666666668) 
(592.7652857142857, 218.9565714285714) 
(605.1801666666667, 222.2798333333333) 
(616.217, 224.0521666666667) 
(626.0042, 225.07079999999996) 
(637.3050000000001, 222.92499999999998) 
(650.2363333333333, 225.68733333333333) 
(661.7965, 228.396) 
(672.2439999999999, 228.9254) 
(680.2795, 232.5536666666667) 
(691.2117142857143, 236.98114285714286) 
(703.0775, 241.66949999999997) 
(713.4988000000001, 244.21059999999997) 
(721.9288333333333, 248.77133333333333) 
(732.1301666666667, 253.0536666666667) 
(742.7174999999999, 258.6758333333333) 
(754.2212857142857, 264.3517142857143) 
(765.6401666666667, 270.10999999999996) 
(775.1406666666667, 272.90616666666665) 
(785.5553333333332, 277.85633333333334) 
(793.6788333333334, 287.3618333333334) 
(801.8901666666667, 294.4465) 
(810.223, 302.71233333333333) 
(821.3483333333334, 304.46599999999995) 
(829.7092857142858, 315.71071428571435) 
(839.1740000000002, 320.531) 
(845.901, 330.17350000000005) 
(849.4766, 338.9148) 
(857.9886666666667, 344.61033333333336) 
(867.5637142857142, 352.799) 
(874.3556666666667, 364.0323333333333) 
(880.0432000000001, 373.44899999999996) 
(887.4945714285714, 381.57057142857144) 
(894.1047999999998, 392.4552) 
(896.5572857142857, 401.80000000000007) 
(903.8732857142858, 414.3128571428571) 
(912.5618000000001, 421.4742) 
(915.5318333333335, 432.0316666666666) 
(918.2773333333331, 442.91900000000004) 
(922.3846666666667, 453.09216666666674) 
(927.7478333333333, 463.0418333333333) 
(929.6121666666667, 473.35100000000006) 
(933.3896666666666, 482.8540000000001) 
(936.3145000000001, 494.4341666666667) 
(937.7045000000002, 506.90916666666664) 
(941.9549999999999, 515.6157999999999) 
(941.7475714285714, 526.9991428571428) 
(947.6668333333333, 538.4875000000001) 
(946.5292857142857, 551.363) 
(946.6769999999999, 563.067) 
(949.9668333333334, 573.1771666666667) 
(944.542, 584.4281666666667) 
(958.5544000000002, 595.8120000000001) 
(961.7760000000001, 602.2) 
(958.942, 615.8386666666667) 
(959.0454999999998, 630.4306666666666) 
(950.5484, 641.0600000000001) 
(959.062, 647.2185) 
(953.0596666666667, 662.4465) 
(949.5934000000001, 673.797) 
(950.5574999999999, 685.0186666666665) 
(945.0066666666667, 700.0734999999999) 
(936.575, 701.5398) 
(937.6675, 713.5888333333332) 
(933.4498333333332, 728.4110000000001) 
(925.8129999999999, 737.1605999999999) 
(922.1688, 746.6510000000001) 
(920.9361666666667, 757.781) 
(916.5292, 769.8496) 
(908.7328333333335, 780.5723333333334) 
(900.4822, 788.4470000000001) 
(893.4544, 797.3186000000001) 
(888.4858333333335, 807.294) 
(880.6825999999999, 814.0672000000001) 
(874.1622, 823.1572) 
(869.2301666666667, 832.3538333333332) 
(860.201, 843.3058333333333) 
(852.0008, 853.8711999999999) 
(844.5359999999998, 854.8297999999999) 
(836.0015999999999, 862.6688) 
(826.0248571428573, 871.3369999999999) 
(818.73475, 879.3575000000001) 
(810.372, 884.3863333333333) 
(802.2855999999999, 888.8907999999999) 
(795.9946, 900.4691999999999) 
(785.0603333333333, 899.994) 
(773.9470000000001, 910.5103333333333) 
(762.5146000000001, 914.4538) 
(753.4863333333333, 921.4726666666666) 
(741.2622000000001, 924.775) 
(731.9706666666667, 932.0003333333334) 
(720.6664000000001, 932.3522) 
(710.0983333333334, 937.8146666666667) 
(699.2238, 939.817) 
(690.5451666666667, 944.6940000000001) 
(680.1969999999999, 948.0314000000001) 
(668.5196666666666, 951.9775) 
(655.454, 953.0301999999999) 
(644.8366, 953.8912) 
(637.3580000000001, 958.7591666666666) 
(625.4918, 962.2950000000001) 
(614.7861666666666, 956.9366666666666) 
(602.8870000000001, 963.6748) 
(590.7655000000001, 957.6015000000001) 
(577.2358333333333, 961.592) 
(564.8264, 957.8844000000001) 
(553.7671666666665, 959.7754999999999) 
(544.1905999999999, 957.0804) 
(532.2226666666667, 957.3281666666667) 
(520.5881999999999, 953.3399999999999) 
(510.25120000000004, 956.3326000000001) 
(503.0954, 949.392) 
(490.2295714285714, 946.2464285714286) 
(475.57640000000004, 946.3408) 
(470.85325, 938.89525) 
(459.1319999999999, 942.062875) 
(448.8268, 932.3950000000001) 
(438.05740000000003, 928.2715999999998) 
(427.6085, 926.1483333333334) 
(418.88740000000007, 920.5372) 
(408.89040000000006, 916.3176) 
(399.37600000000003, 912.9505) 
(388.1463333333333, 904.7866666666667) 
(380.3724, 897.6822) 
(369.5353333333334, 893.6591666666667) 
(360.62300000000005, 887.8732500000001) 
(352.4127142857143, 880.8980000000001) 
(343.3668, 872.0268) 
(333.00533333333334, 865.2658333333334) 
(325.9072, 855.824) 
(316.91383333333334, 849.6798333333332) 
(309.18379999999996, 839.4559999999999) 
(298.52500000000003, 832.851) 
(292.29540000000003, 822.6382) 
(283.28, 815.8124) 
(281.41416666666663, 804.033) 
(271.3976666666667, 795.9018333333333) 
(268.4388, 784.8900000000001) 
(258.5494, 778.1912) 
(258.0601666666667, 766.0735) 
(249.15800000000002, 757.5638333333333) 
(243.00783333333334, 745.0336666666667) 
(240.8635, 735.6487500000001) 
(239.41466666666665, 725.2950000000001) 
(228.0016, 716.8748000000002) 
(228.74733333333336, 704.4551666666666) 
(223.24866666666665, 693.6143333333333) 
(220.40425, 683.183) 
(217.16783333333333, 673.5601666666666) 
(217.70839999999998, 661.4564) 
(212.86849999999995, 651.6176666666667) 
(210.61266666666668, 638.4491666666667) 
(211.93939999999998, 628.5184) 
(211.8766, 619.2696) 
(206.4853333333333, 609.051) 
(205.8756666666667, 594.532) 
(209.6942, 585.029) 
(210.6752, 572.8979999999999) 
(209.42816666666667, 562.1728333333334) 
(211.54120000000003, 551.6458) 
(210.059, 538.2885) 
(212.8156, 526.3969999999999) 
(215.85240000000005, 518.264) 
(214.7746666666667, 509.064) 
(219.66879999999998, 496.2816000000001) 
(217.0596, 486.99619999999993) 
(222.25516666666667, 475.635) 
(227.72539999999998, 464.04359999999997) 
(233.15528571428572, 450.54657142857144) 
(239.156, 440.1857999999999) 
(237.3862, 429.9732) 
(243.6806, 421.6584) 
(248.0046666666667, 410.6756666666667) 
(254.90679999999998, 402.7668) 
(260.8906666666666, 390.84683333333334) 
(268.37579999999997, 381.3182) 
(272.7438333333334, 371.9023333333334) 
(280.35620000000006, 366.3848) 
(285.03266666666667, 355.0418333333333) 
(292.935, 345.8746) 
(300.0071666666667, 336.2883333333333) 
(307.9982, 331.218) 
(314.5285, 319.7278333333333) 
(323.9754, 312.7726) 
(331.33083333333326, 305.12950000000006) 
(342.83, 300.2814) 
(348.6381666666666, 290.8066666666667) 
(358.5934, 284.98019999999997) 
(366.8515, 275.4173333333334) 
(379.1538333333333, 266.06733333333335) 
(387.98519999999996, 263.2716) 
(397.21200000000005, 257.61580000000004) 
(404.11580000000004, 250.6504) 
(415.68700000000007, 248.9186666666667) 
(425.8888, 242.71840000000003) 
(430.971, 236.0578) 
(445.4402857142858, 234.29) 
(459.44283333333334, 228.016) 
(469.16774999999996, 226.098) 
(479.9965, 226.99183333333335) 
(488.5472, 219.1438) 
(500.8811666666666, 220.54866666666666) 
(510.38019999999995, 211.7712) 
(523.5763333333333, 211.20449999999997) 
(535.6940000000001, 214.148) 
(546.8932000000001, 210.723) 
(556.2656000000001, 205.269) 
(567.0548, 207.97999999999996) 
(578.9971428571429, 207.51742857142858) 
(591.463, 206.08100000000002) 
(602.7391666666667, 205.85933333333332) 
(612.8776, 210.3712) 
(625.09, 209.93900000000002) 
(636.97525, 210.0455) 
(648.0706666666666, 211.8708333333333) 
(658.5761999999999, 216.34859999999998) 
(669.4036666666667, 216.02866666666668) 
(680.1052000000001, 219.14499999999998) 
(692.2175000000001, 222.07933333333335) 
(702.3547999999998, 227.8674) 
(712.2861666666666, 229.89916666666667) 
(721.6587999999999, 236.4024) 
(733.5628333333334, 238.90866666666668) 
(742.456, 245.62960000000004) 
(753.4251666666668, 247.827) 
(763.6486000000001, 255.6008) 
(774.0995000000001, 256.8275) 
(783.5534, 265.32719999999995) 
(794.1067999999999, 267.1436) 
(798.6378, 276.8316) 
(808.5265, 282.47816666666665) 
(815.0685, 292.5643333333333) 
(827.8082, 293.93500000000006) 
(834.4156, 302.7404) 
(844.7916666666666, 308.1128333333333) 
(851.775, 318.98760000000004) 
(861.8537142857143, 329.78728571428576) 
(869.5319999999999, 339.653) 
(878.8196, 344.6768) 
(880.9786, 354.74440000000004) 
(888.2359999999999, 364.59950000000003) 
(899.5473333333331, 370.4383333333333) 
(898.0140000000001, 383.04324999999994) 
(905.4828571428571, 386.8092857142857) 
(912.3246666666668, 401.237) 
(917.3612, 411.00640000000004) 
(924.8278333333333, 420.67749999999995) 
(927.9218000000001, 432.226) 
(933.1700000000001, 441.10550000000006) 
(935.9485999999999, 451.775) 
(941.4803333333333, 463.0778333333333) 
(943.2216000000001, 472.54259999999994) 
(949.1481666666667, 483.95966666666664) 
(947.9778, 496.71840000000003) 
(952.5161666666668, 504.88583333333327) 
(953.7520000000001, 516.3644) 
(958.0928333333335, 527.491) 
(959.1927499999999, 539.4312500000001) 
(959.7988333333334, 548.8188333333334) 
(961.1257142857143, 563.6388571428572) 
(961.2207500000001, 574.6935000000001) 
(956.625, 584.2633333333334) 
(979.3026666666665, 606.5133333333334) 
(976.8567142857144, 631.2467142857142) 
(972.3344, 655.1094) 
(969.9582857142857, 676.5434285714285) 
(963.1541666666666, 700.9410000000001) 
(953.4274285714285, 722.9198571428572) 
(941.6192857142856, 746.556857142857) 
(938.5724999999999, 767.817) 
(926.43, 787.5455000000002) 
(909.7631250000001, 806.879125) 
(891.772125, 829.188125) 
(878.0899999999999, 846.4621999999999) 
(867.5499999999998, 864.6801666666665) 
(846.6943749999999, 878.449875) 
(827.9793333333332, 890.3198333333333) 
(813.6659999999999, 905.0254285714285) 
(792.4147142857144, 918.9957142857141) 
(770.7094285714286, 932.0161428571429) 
(748.3601666666667, 939.7396666666667) 
(727.2801428571428, 951.0845714285715) 
(705.0561428571427, 959.9755714285715) 
(683.3535, 962.9716666666667) 
(658.14575, 969.675125) 
(635.8860000000001, 979.0816666666668) 
(611.3807142857142, 979.6532857142857) 
(588.8676666666667, 976.5308333333332) 
(565.5578571428572, 977.4354285714287) 
(541.6192857142856, 977.315857142857) 
(518.9838333333333, 972.4556666666667) 
(495.81785714285706, 967.9032857142857) 
(474.36066666666665, 959.4468333333333) 
(450.19616666666667, 963.0856666666667) 
(432.985, 944.7561428571429) 
(407.41075, 935.1433749999999) 
(384.53416666666664, 926.7021666666668) 
(370.66516666666666, 912.9565000000001) 
(350.13728571428567, 902.3452857142856) 
(331.9105714285715, 885.9187142857144) 
(311.9025714285714, 870.2522857142859) 
(297.44266666666664, 852.6008333333333) 
(278.32200000000006, 835.7807142857143) 
(263.34971428571424, 813.7985714285714) 
(253.886, 793.6538333333333) 
(239.53042857142856, 777.0528571428571) 
(227.49866666666665, 756.9629999999999) 
(220.262, 733.8777500000001) 
(210.83850000000004, 711.5191666666668) 
(203.56442857142858, 691.0884285714286) 
(199.37157142857146, 666.5527142857144) 
(193.12333333333333, 643.8445) 
(195.56871428571432, 623.4708571428572) 
(188.17100000000002, 599.6148333333334) 
(192.0555, 574.1805) 
(193.6935, 551.2243333333332) 
(195.52300000000002, 524.5058750000001) 
(198.40242857142857, 499.8922857142857) 
(200.77166666666668, 476.3980000000001) 
(211.94266666666667, 458.71450000000004) 
(219.13071428571428, 434.96685714285707) 
(228.12414285714289, 412.046) 
(239.0897142857143, 390.05357142857144) 
(254.02949999999998, 372.0126666666667) 
(263.97371428571427, 352.51499999999993) 
(279.8291428571428, 333.00985714285713) 
(296.21133333333336, 317.71849999999995) 
(308.80985714285714, 300.2648571428572) 
(328.18071428571426, 284.82914285714287) 
(348.00033333333334, 272.874) 
(362.098, 254.74699999999999) 
(385.340625, 244.12625000000003) 
(409.99475, 231.657875) 
(430.89333333333326, 218.23333333333335) 
(449.9566, 214.671) 
(471.7337500000001, 209.38162499999999) 
(495.74142857142857, 200.15185714285715) 
(517.35, 194.68800000000002) 
(539.780125, 193.11100000000002) 
(565.498142857143, 188.78514285714283) 
(588.7661666666667, 191.2706666666667) 
(612.3237142857142, 189.42257142857144) 
(637.1841428571428, 192.96200000000002) 
(662.5659999999999, 199.01842857142856) 
(683.607, 205.3365) 
(706.4457142857143, 208.36985714285717) 
(729.2792857142857, 218.71142857142857) 
(752.4587142857143, 226.77028571428573) 
(769.1851666666666, 238.04733333333334) 
(790.7617142857143, 247.7592857142857) 
(811.5611428571428, 262.25) 
(827.3508333333334, 277.6406666666667) 
(847.0342857142857, 287.58214285714286) 
(866.4997142857144, 307.0984285714286) 
(884.6197142857145, 326.8811428571429) 
(896.9341428571428, 347.3685714285715) 
(913.3335000000001, 361.22583333333336) 
(924.2805, 383.6125) 
(935.7171428571429, 403.51628571428563) 
(943.7330000000001, 424.7588333333333) 
(953.1007142857143, 445.16085714285725) 
(962.5541428571429, 467.70057142857144) 
(966.8006666666665, 491.6283333333334) 
(973.9767142857143, 511.1911428571429) 
(976.5377142857143, 537.2888571428572) 
(979.7966666666666, 560.1875) 
(974.4048750000001, 583.75025) 
(1004.4753333333333, 620.1129999999999) 
(999.085, 658.3502857142856) 
(994.757, 692.5271666666666) 
(986.7568333333334, 722.223) 
(973.0841249999999, 754.5268750000001) 
(956.6585, 790.576) 
(937.3711999999999, 813.6396000000001) 
(921.5762857142856, 842.4661428571428) 
(893.8412857142856, 864.9078571428571) 
(871.7758333333335, 895.9068333333335) 
(844.7872857142856, 914.3412857142858) 
(817.6951666666664, 934.8171666666666) 
(790.8686666666667, 950.1974999999999) 
(756.490875, 969.483375) 
(720.6286666666668, 984.8361666666666) 
(686.6501428571429, 993.672857142857) 
(652.5855714285715, 1005.272142857143) 
(620.4742, 1002.1688) 
(584.018125, 1004.885125) 
(548.3024999999999, 1005.0703333333335) 
(510.852, 999.1002857142857) 
(474.55485714285714, 990.5315714285714) 
(441.24120000000005, 989.957) 
(412.52075, 972.3581249999999) 
(378.2211666666667, 955.002) 
(354.867, 934.2800000000001) 
(323.4915714285715, 917.722857142857) 
(301.74783333333335, 895.8023333333334) 
(275.721, 870.1504285714285) 
(247.46866666666665, 844.7933333333334) 
(227.72675, 812.9127500000001) 
(208.74450000000002, 781.3951666666667) 
(193.88083333333336, 752.9448333333333) 
(182.89728571428572, 719.6768571428571) 
(176.14766666666665, 688.0866666666667) 
(169.09416666666667, 655.6873333333332) 
(164.38157142857145, 623.2412857142857) 
(160.644, 587.9535) 
(162.87449999999998, 547.53725) 
(167.1835, 510.17400000000004) 
(173.16283333333334, 477.7716666666667) 
(187.33616666666668, 448.1221666666667) 
(194.43516666666667, 415.1525) 
(208.43914285714285, 380.95799999999997) 
(230.25514285714286, 354.4932857142858) 
(249.3791666666667, 323.2273333333333) 
(274.09700000000004, 300.3804285714286) 
(297.70466666666664, 275.2848333333334) 
(327.5511428571429, 252.20014285714282) 
(352.5074285714286, 225.41342857142857) 
(384.606, 213.0915) 
(414.5335, 198.28033333333335) 
(446.4527142857143, 186.32214285714284) 
(479.18133333333327, 177.03016666666667) 
(513.85, 170.20114285714286) 
(547.9490000000001, 161.51283333333333) 
(583.7897499999999, 159.03699999999998) 
(621.505, 161.95416666666665) 
(653.869, 166.87433333333334) 
(688.1522857142857, 176.827) 
(721.2021666666666, 186.18316666666666) 
(755.5995714285715, 197.56685714285712) 
(782.4540000000001, 217.64283333333333) 
(813.8751666666667, 229.7103333333333) 
(844.7415, 248.645625) 
(872.1488333333333, 272.067) 
(895.4011666666667, 298.17083333333335) 
(916.8054285714286, 327.10685714285717) 
(940.643, 353.6244285714285) 
(951.9504000000001, 384.114) 
(972.4032500000001, 411.7875) 
(984.2748333333334, 449.51933333333335) 
(993.3892857142857, 481.6234285714286) 
(1003.6235000000001, 516.3503333333334) 
(1005.7485000000001, 550.1721666666666) 
(1007.94625, 584.920125) 
(1039.2167142857143, 615.2112857142857) 
(1030.6338333333333, 650.4268333333333) 
(1030.4923333333331, 686.7763333333332) 
(1024.6296666666665, 717.183) 
(1013.6293333333334, 746.3960000000001) 
(1003.3130000000001, 771.1236000000001) 
(982.0894999999999, 797.4708333333334) 
(963.8781428571428, 829.5240000000001) 
(951.5878, 858.7927999999999) 
(925.7176666666666, 876.6414999999998) 
(900.87, 900.9191666666667) 
(879.4431428571428, 931.7857142857144) 
(849.0402, 945.515) 
(824.8611428571428, 971.0275714285714) 
(791.7614, 981.5763999999999) 
(772.8608333333335, 1004.9496666666668) 
(739.3835, 1011.3765) 
(707.5868333333333, 1021.5356666666667) 
(676.745, 1031.7633333333333) 
(648.7448, 1041.274) 
(619.155, 1031.7722857142858) 
(585.8122000000001, 1036.2562) 
(556.1158333333333, 1037.0781666666664) 
(520.7123333333333, 1031.5186666666668) 
(484.0363333333334, 1028.133) 
(451.1513333333333, 1023.0878333333334) 
(419.3328333333333, 1014.7141666666666) 
(389.4871666666666, 1005.7139999999999) 
(367.89616666666666, 984.1071666666667) 
(332.919, 959.151) 
(305.55575, 942.315) 
(287.42685714285716, 931.0224285714285) 
(271.628, 902.8736000000001) 
(241.1828571428571, 887.6375714285715) 
(217.58866666666665, 856.3988333333333) 
(195.9048, 834.141) 
(186.09283333333335, 804.9501666666666) 
(168.3586666666667, 775.5208333333335) 
(152.62628571428573, 738.8314285714285) 
(144.53816666666665, 704.1293333333333) 
(146.184, 680.6646000000001) 
(134.69833333333335, 653.5313333333334) 
(131.44633333333334, 618.3628333333332) 
(126.64657142857142, 578.8320000000001) 
(126.25639999999999, 542.3384) 
(135.67233333333334, 512.0456666666666) 
(145.05466666666666, 481.37600000000003) 
(129.978, 463.75225) 
(153.87800000000001, 434.984) 
(173.53416666666666, 394.359) 
(180.73960000000002, 362.04499999999996) 
(194.94433333333333, 342.83666666666664) 
(214.62, 318.96933333333334) 
(235.33183333333332, 291.7751666666666) 
(260.2608333333333, 266.9046666666667) 
(287.86100000000005, 244.2896666666667) 
(310.3881666666667, 220.39216666666667) 
(332.058, 192.7063333333333) 
(364.07616666666667, 183.9766666666667) 
(393.5788, 176.7158) 
(424.90712500000006, 152.88662499999998) 
(460.2664, 149.8976) 
(490.218, 141.77916666666664) 
(520.7034000000001, 138.613) 
(548.3185, 130.225) 
(580.3806666666668, 121.41033333333333) 
(611.9841666666666, 131.387) 
(647.245, 132.7925) 
(679.585, 137.0805) 
(712.419, 147.4445) 
(742.375, 161.29566666666668) 
(779.0513333333333, 165.61800000000002) 
(798.3348333333333, 194.8658333333333) 
(836.783, 203.8242857142857) 
(864.3088, 218.2616) 
(884.5188333333335, 238.88066666666668) 
(908.1856666666666, 262.70966666666664) 
(928.4613333333333, 290.85016666666667) 
(949.4128333333333, 318.7743333333333) 
(971.6842, 335.63779999999997) 
(978.0738571428572, 365.238) 
(1003.7506, 389.96860000000004) 
(1011.6379999999999, 423.72200000000004) 
(1021.6395000000001, 453.44166666666666) 
(1029.4845000000003, 484.047) 
(1035.6568571428572, 524.8442857142857) 
(1040.9146666666666, 562.5128333333333) 
(1040.56475, 590.1274999999999) 
(1077.525, 617.478) 
(1067.5733333333335, 646.9131666666667) 
(1063.1166666666666, 681.8556666666667) 
(1057.9368333333334, 720.489) 
(1043.5274000000002, 748.4718) 
(1034.1181666666666, 778.7238333333335) 
(1016.408, 805.1646666666666) 
(1001.4251666666668, 834.8893333333332) 
(985.7638333333334, 863.9821666666667) 
(960.3430000000001, 887.234) 
(940.9993333333332, 912.8328333333333) 
(915.6235999999999, 931.0468000000001) 
(907.3281666666667, 960.5576666666666) 
(869.0706666666666, 971.0193333333333) 
(850.451, 1001.4748) 
(813.3274285714286, 1013.6364285714284) 
(787.4892, 1037.1848) 
(760.4742, 1037.3926000000001) 
(733.7136666666667, 1051.3061666666665) 
(700.723, 1057.6191666666666) 
(671.6464, 1065.3793999999998) 
(636.9902857142857, 1075.5417142857145) 
(600.8728, 1065.1606) 
(568.4010000000001, 1069.7071666666668) 
(531.4276666666667, 1068.1208333333334) 
(496.5263333333333, 1062.8565) 
(468.4746, 1056.095) 
(437.61116666666675, 1054.0551666666668) 
(401.1311666666666, 1041.6283333333333) 
(371.49980000000005, 1034.4234000000001) 
(355.0108, 1014.3331999999998) 
(325.5463333333333, 998.1754999999999) 
(290.7135714285714, 975.7015714285715) 
(263.8212, 962.7448) 
(246.23871428571434, 931.1874285714285) 
(220.61599999999999, 914.117) 
(205.8168333333333, 892.8366666666667) 
(182.56516666666667, 865.7185) 
(166.24259999999998, 834.9853999999999) 
(142.50685714285714, 809.7188571428571) 
(136.8296, 771.1411999999999) 
(119.2248, 747.1845999999999) 
(113.38916666666667, 718.1263333333333) 
(107.07214285714285, 681.7771428571428) 
(105.21459999999999, 646.4676) 
(96.5825, 616.8361666666667) 
(88.5038, 586.7384000000001) 
(93.64416666666666, 551.3450000000001) 
(103.9772, 517.9044000000001) 
(103.66757142857143, 485.7974285714285) 
(107.27233333333334, 448.7045) 
(117.25319999999999, 417.40920000000006) 
(136.5653333333333, 393.23083333333335) 
(151.39280000000002, 371.1816) 
(157.35433333333333, 339.94533333333334) 
(176.66783333333333, 309.76400000000007) 
(198.6112, 289.6486) 
(216.80816666666666, 261.52850000000007) 
(245.3371666666667, 235.01250000000002) 
(269.9216666666666, 208.84633333333332) 
(294.5493333333334, 185.91316666666668) 
(316.9094, 160.93) 
(347.0526, 154.5016) 
(378.5077142857143, 142.2127142857143) 
(403.36640000000006, 122.58539999999998) 
(432.3526, 111.5694) 
(463.0315, 118.12066666666668) 
(504.54614285714285, 107.17971428571427) 
(542.4186666666666, 99.78183333333334) 
(571.0006, 87.33699999999999) 
(607.3164999999999, 95.42250000000001) 
(634.621, 103.7618) 
(667.1161666666666, 99.38666666666666) 
(702.1959999999999, 107.53916666666667) 
(736.3501666666667, 119.23083333333334) 
(764.6456000000001, 133.97539999999998) 
(795.3304, 132.4388) 
(820.4321428571429, 160.62014285714284) 
(853.4344000000001, 169.86079999999998) 
(878.6275, 188.3505) 
(894.6892, 210.08440000000002) 
(921.9146666666666, 225.57000000000002) 
(944.7058333333334, 253.15300000000002) 
(963.6971666666665, 282.42316666666665) 
(980.1288000000001, 307.8436) 
(1004.5886666666667, 331.90433333333334) 
(1021.5935, 358.8541666666667) 
(1040.048, 393.2045) 
(1052.2973333333334, 426.37266666666665) 
(1057.7854000000002, 457.1398000000001) 
(1062.2483333333332, 489.3825) 
(1071.0654, 518.7783999999999) 
(1067.4008, 547.855) 
(1071.1291428571428, 584.8034285714285) 
(1109.8048888888889, 636.4616666666666) 
(1100.8877142857143, 674.433) 
(1095.8506666666667, 716.1874444444444) 
(1076.0425555555555, 762.745) 
(1060.582125, 804.3875) 
(1043.6260000000002, 841.8998888888889) 
(1020.4288750000001, 880.42325) 
(990.0108, 916.0841) 
(955.9613333333333, 952.6860000000001) 
(930.9685714285715, 984.1464285714285) 
(895.6567777777777, 1005.2334444444446) 
(857.5719999999999, 1034.593875) 
(813.2328888888889, 1058.946) 
(770.2193333333333, 1075.0427777777777) 
(726.0392499999999, 1089.49225) 
(681.5551111111113, 1098.3761111111112) 
(638.958, 1109.5394285714287) 
(596.8494444444444, 1105.6843333333336) 
(549.3707777777778, 1107.3193333333334) 
(501.0520000000001, 1103.214) 
(460.979125, 1092.51475) 
(417.4213333333333, 1084.5098888888888) 
(373.859125, 1069.7935) 
(336.9873333333333, 1045.398111111111) 
(292.286, 1021.741375) 
(257.52675, 1000.029125) 
(224.67200000000003, 969.1778888888889) 
(195.2301111111111, 933.0630000000001) 
(166.4905, 901.3199999999999) 
(138.7054, 862.5957000000001) 
(111.88971428571428, 826.272142857143) 
(101.32944444444443, 784.9013333333332) 
(81.42155555555554, 742.1554444444445) 
(70.32866666666668, 698.4031111111112) 
(67.16511111111112, 650.3122222222223) 
(58.53762500000001, 606.5867499999999) 
(56.61322222222223, 559.870111111111) 
(64.4868888888889, 513.1267777777778) 
(67.72022222222222, 465.57177777777787) 
(83.27328571428572, 425.9992857142857) 
(94.92830000000001, 383.9379) 
(120.22625, 347.70225) 
(138.26222222222222, 304.24600000000004) 
(166.75455555555556, 266.72155555555554) 
(194.65966666666668, 229.3327777777778) 
(227.13312499999998, 197.488375) 
(259.81444444444446, 167.4006666666667) 
(294.10871428571437, 143.98271428571425) 
(331.76311111111113, 122.96888888888887) 
(371.5127777777777, 100.63811111111112) 
(411.32875, 85.28212500000001) 
(459.28860000000003, 75.19739999999999) 
(505.86962500000004, 65.633375) 
(546.995375, 58.972249999999995) 
(594.3985555555555, 56.67044444444444) 
(643.0573999999999, 63.14399999999999) 
(688.6245714285715, 68.85971428571428) 
(727.4453333333333, 75.6208888888889) 
(771.0602222222221, 93.58955555555556) 
(815.8474444444445, 109.03722222222223) 
(853.5872499999998, 131.54725) 
(896.3043333333335, 158.046) 
(926.5985000000001, 187.353375) 
(961.0507500000001, 214.41674999999998) 
(990.1723333333333, 247.68811111111108) 
(1013.6185555555556, 288.095) 
(1042.5866666666664, 324.7901111111112) 
(1060.8894285714284, 366.2018571428571) 
(1083.565, 408.5683333333333) 
(1092.486111111111, 454.1807777777778) 
(1101.42075, 496.026) 
(1104.322111111111, 541.9320000000001) 
(1109.927625, 589.588375) 
(1136.451067530491, 597.2225164781124) 
(1132.2919618410335, 611.7235302051937) 
(1135.8861895113444, 628.4135740636996) 
(1132.2875000000001, 642.6057500000001) 
(1128.809610042922, 653.7441106285826) 
(1124.9825305341678, 663.9802785807062) 
(1126.97075, 681.681) 
(1120.583606242247, 695.8755318475345) 
(1121.675608801957, 709.7424903435149) 
(1120.1202394557095, 722.847671499878) 
(1115.3693679790078, 734.799438417901) 
(1103.925746133707, 747.7593897043803) 
(1102.6824573002173, 766.6840677064589) 
(1100.2934311337801, 778.552986449551) 
(1090.4961506986206, 789.0004132806773) 
(1088.7072244290716, 804.1025884234709) 
(1085.1591866488811, 816.8015003447581) 
(1073.8635645965169, 827.9889869356587) 
(1071.4697115780568, 840.2513760452964) 
(1066.4038457873176, 853.4804228540199) 
(1058.3770727772944, 866.3575902398957) 
(1047.2744604254196, 875.0271628189432) 
(1043.556550227042, 889.8855216450071) 
(1036.3538374380194, 902.1496954170957) 
(1023.0382869673322, 909.9174463759188) 
(1016.7612599145685, 923.2078754381915) 
(1008.5076951407509, 937.1659384712833) 
(998.8822531085805, 946.1638375472511) 
(987.6972000000002, 951.7029999999999) 
(981.6017605006989, 967.4000979593) 
(971.675173573675, 976.692850846472) 
(958.205533238913, 981.4984240483798) 
(949.7393059644304, 994.7983336549978) 
(941.9842884007102, 1007.306956737307) 
(927.6517695678, 1010.9670488666727) 
(919.0070746790628, 1020.9364158802283) 
(908.7372039725273, 1030.4394925213442) 
(890.558305978055, 1036.0180536233431) 
(880.5662300780741, 1049.1133854836326) 
(870.6406605074526, 1056.821654224687) 
(851.5895, 1059.4938333333332) 
(850.7247971405714, 1073.3427994977228) 
(836.414, 1071.392) 
(822.0806534832934, 1081.9610861300855) 
(809.3939852915253, 1087.2321706310875) 
(797.2912564447507, 1088.3168965947468) 
(785.8309134069526, 1098.2226867119766) 
(770.8100236822252, 1102.0453938970181) 
(754.9634881987256, 1102.4537258449564) 
(743.1191959764603, 1110.6267534723681) 
(724.7446795362, 1114.7989122728354) 
(716.48281513658, 1125.4169120425922) 
(706.1239885078139, 1116.3393849263184) 
(687.8292842582131, 1124.7079286723308) 
(673.5539937474261, 1127.644302068977) 
(660.647044022108, 1125.0370468097522) 
(644.5686936934458, 1131.8848343746063) 
(633.0515628772349, 1133.3765945508871) 
(619.5695657172585, 1128.4533782316144) 
(605.3339878437595, 1134.3501102977702) 
(591.8000585882583, 1135.8782989709625) 
(576.3793067792924, 1130.132501153635) 
(562.7329274290835, 1133.3952417913338) 
(549.3944987497568, 1133.7111940331179) 
(535.7083719841992, 1130.7359775508796) 
(523.4475487697704, 1125.3300884924552) 
(506.6367369342143, 1128.1430200437226) 
(490.4064853034671, 1126.502272476851) 
(479.3649408565675, 1124.3227379795562) 
(468.41956400323704, 1119.4449611500338) 
(451.2580904549901, 1121.7966514233235) 
(438.93639999999994, 1112.1994) 
(427.06768010823646, 1111.83914683488) 
(413.832023799036, 1108.9396773113704) 
(399.5032528094997, 1102.5729895925895) 
(385.9297272790162, 1094.3864581480032) 
(368.87182209896764, 1095.2746695348117) 
(357.2229400643434, 1089.3041844915879) 
(348.37119999999993, 1078.1916) 
(335.76459152845484, 1074.779580127375) 
(320.43721209989036, 1064.191347898767) 
(308.85362566474, 1066.000556787165) 
(304.86588696731684, 1050.8061871583616) 
(285.08042981129324, 1046.580483683144) 
(272.76625, 1037.1035) 
(264.03116039733106, 1026.0498236668632) 
(249.3928973578571, 1021.1404807493191) 
(236.48770028213423, 1014.2488298252813) 
(229.02607185335393, 1001.4213858864623) 
(215.22004896112634, 995.6075845684009) 
(207.09660081214747, 987.5145538701337) 
(199.88571880808877, 977.3433021954941) 
(194.07180000000002, 964.2325999999999) 
(178.86301317460646, 957.3896213797736) 
(168.77401195513713, 946.2478122341516) 
(162.58998203895638, 931.5038732478295) 
(151.26470686456543, 923.6843702758032) 
(141.97672382287053, 913.9503032876389) 
(137.2299319218386, 898.4499545794719) 
(125.32989765389131, 889.1598799751018) 
(116.7649882464412, 878.4812346847286) 
(111.16511108863979, 865.012647308396) 
(106.27555781024122, 851.2996865349138) 
(94.05924254528149, 842.7342202663773) 
(90.0579003844012, 830.7182643837499) 
(87.64804819103807, 813.6876844588867) 
(78.69216802086767, 803.8271696249258) 
(73.54507884996696, 791.2175144711487) 
(71.24874306965529, 773.5724764495602) 
(62.53935656476419, 761.7775429123064) 
(57.35443127442041, 749.4820533606528) 
(54.36650142155443, 736.917804639447) 
(55.05247025683856, 722.4250291756961) 
(46.1937658962833, 710.3009177580549) 
(45.608816799838756, 696.907135843537) 
(44.432711920994365, 683.72871634691) 
(46.06946072270504, 673.1336172203261) 
(38.6238255647622, 656.3042616445073) 
(37.64736006007108, 640.539437162104) 
(41.428399999999996, 627.0392) 
(34.984181626377016, 613.0652762378862) 
(33.53732431583033, 600.3709124008016) 
(38.34591258289962, 585.7664979216622) 
(34.12509506274064, 571.2482944197191) 
(33.78125, 556.36025) 
(35.199621836458086, 543.5789936059239) 
(40.59155165731645, 529.3546976262406) 
(36.283738054669634, 512.5370500836498) 
(38.2825, 502.39) 
(45.51049131370392, 489.1839205246826) 
(45.06847847407457, 471.4151867185497) 
(47.04648583538277, 456.3094495367191) 
(51.11375315315434, 445.56345715617965) 
(58.43641209182763, 435.5906296498677) 
(60.20883899300745, 418.3663928674275) 
(70.22651357133232, 404.7266310213532) 
(71.00095023292656, 390.22443768235826) 
(72.6498730417737, 377.8250688955352) 
(78.28397059563758, 365.50702089551265) 
(84.76792159899517, 353.97223067569985) 
(92.26788746011528, 345.4840450037338) 
(98.38229479685032, 327.1662635877557) 
(109.72528604059839, 317.2125660856047) 
(112.20158671727015, 301.3190518431506) 
(117.51566001822098, 289.6998574908313) 
(125.88879668416499, 280.2098563483472) 
(135.98626493440793, 270.9185056105307) 
(141.196960856574, 255.57567416202676) 
(151.4465177956859, 243.94681967470942) 
(163.7454507137016, 233.90184779705965) 
(168.45302039070376, 220.03216319753554) 
(176.32137888953608, 212.28249227672922) 
(186.59897044472785, 204.43140898387873) 
(198.51586283242324, 196.38788038780137) 
(206.18375367338007, 180.6480863730228) 
(217.3308099474943, 173.61275632026266) 
(230.4985315529938, 168.48417048250752) 
(239.40125, 155.57075) 
(250.02091303243452, 145.72082729889007) 
(260.1988143229242, 139.14826693982732) 
(271.5297303745733, 134.96955059254745) 
(283.6794612949222, 120.97321221836837) 
(300.1750751712922, 116.479578362156) 
(310.81596727726117, 106.8536364372946) 
(323.17489881998887, 98.50526779364971) 
(339.378928335155, 96.42225434998811) 
(347.86699999999996, 88.03975) 
(357.587278385086, 80.17391138670908) 
(369.29900000000004, 75.19274999999999) 
(384.7690947101211, 73.62824087519886) 
(397.4005115433572, 64.349375050102) 
(409.64383591655053, 59.37595969898281) 
(426.45463790366574, 60.53986850500505) 
(438.12775297757844, 52.40191367855865) 
(450.7543384822116, 49.71515744036739) 
(466.02426995776466, 46.78318827292435) 
(479.3676029548477, 47.740094374340764) 
(491.6973683733466, 39.99607632353713) 
(504.80756979890316, 37.079024793954) 
(521.5220781745784, 41.37020125898803) 
(536.0338597732446, 34.165522259072425) 
(549.896398208735, 31.804585641587707) 
(567.8634240409516, 37.41724762632813) 
(580.0797503983516, 33.84443538754569) 
(593.4516727059707, 33.44426160732553) 
(607.1149751362062, 32.191132266026806) 
(620.3161305070023, 38.40959639696878) 
(634.1781991320632, 34.549206619891876) 
(647.5255186626016, 35.80336793309048) 
(661.948438751813, 40.81833868771462) 
(675.2771624790955, 46.62415166280549) 
(691.9691862268876, 42.857419378171556) 
(706.7516281204917, 49.7667963841642) 
(718.1278199340825, 49.67837460683199) 
(731.21825, 53.11775) 
(745.1924125905823, 56.41055173703798) 
(756.8720359394323, 64.57630981413391) 
(771.3176952307056, 64.69622953262753) 
(784.6125501757192, 70.8256305664255) 
(797.7082265638803, 80.56084634218806) 
(810.8988131714368, 81.35097253283296) 
(823.8364925548908, 86.81333968577067) 
(836.6217307428152, 93.51256292191627) 
(845.7718823417883, 102.08743949486005) 
(860.4226954511751, 105.49596265048892) 
(871.7049999999999, 114.55449999999999) 
(883.4161893481208, 127.86525578022487) 
(897.8278075266438, 125.27792262604112) 
(902.3471999999999, 137.12959999999998) 
(919.8236190887396, 147.48906816603596) 
(928.0149633634625, 155.1725035904009) 
(933.6850000000002, 162.46980000000002) 
(951.5774678320355, 171.7073851406911) 
(960.326043716407, 185.3311354473655) 
(973.3084988203263, 193.5067662175221) 
(982.6022314488878, 202.42646081550095) 
(988.0861213997408, 216.39775792493123) 
(999.5483117094204, 222.673082714104) 
(1008.9906518643481, 231.7084264767625) 
(1017.7363776384433, 242.62504697124874) 
(1022.5466963666747, 257.63115525194814) 
(1036.180526192477, 268.42036591724286) 
(1043.7835367118378, 278.0864555082252) 
(1045.7954710839529, 291.01922195461356) 
(1056.7402941176845, 301.2557749350622) 
(1064.6325075175553, 313.72638996456385) 
(1068.2995582234544, 328.1605672676757) 
(1070.0247628778534, 342.54461482777486) 
(1083.7027468743531, 357.7730479904209) 
(1095.964067226359, 362.2450632184329) 
(1089.010170673733, 377.5623005227606) 
(1100.1984636483737, 391.15276537799207) 
(1107.3325111118593, 404.60900530306634) 
(1110.3026849361086, 417.8525467561485) 
(1109.7378028740955, 430.56518586638697) 
(1117.7452759499376, 444.2599738161803) 
(1119.6081413763052, 458.3987517690707) 
(1119.519153457995, 471.9895558986198) 
(1126.838978072018, 486.0275072244449) 
(1128.4526218135622, 500.30189945725874) 
(1125.7292000000002, 516.2036) 
(1133.2745445980934, 528.3619776505905) 
(1134.0315284030523, 540.213540915678) 
(1129.3246666666666, 561.4064999999999) 
(1140.8443915253406, 571.7784107118736) 
(1134.2316, 581.0840000000001) 
(579.3672727272727, 546.6208181818182) 
(553.931, 576.8736666666666) 
(639.9815, 588.8957) 
(630.3047142857142, 526.9764285714285) 
(552.6322222222223, 616.8791111111111) 
(603.7172, 651.5914) 
(519.1974, 562.1795) 
(498.2919166666666, 617.5254166666667) 
(675.5055000000001, 656.4906666666667) 
(684.0323333333334, 532.2074166666667) 
(592.7084285714285, 496.6597142857143) 
(569.7425000000001, 709.7484285714285) 
(523.5027777777779, 470.43855555555547) 
(505.0188333333333, 690.6928333333335) 
(640.3899090909091, 471.5251818181819) 
(577.9563333333332, 438.9648333333333) 
(447.81899999999996, 619.9960000000001) 
(435.8767272727273, 676.4364545454545) 
(470.78200000000004, 524.435) 
(461.1423333333333, 465.1303333333333) 
(633.9531333333332, 719.6711333333335) 
(439.14141666666666, 565.61225) 
(724.5496363636364, 617.4362727272728) 
