"node1ID","node2ID","branchID","x1","y1","z1","x2","y2","z2","radius","length","R","G","B","time","type","z3","RSA_id","kr","Kx","SUF","RSHA_id","age"
0,1,0,0,0,-3,8e-04,0.0017,-3.2,0.1887,0.200008824805307,0.4314,0.3922,0.1961,0.16,1,-29.8255,"Tomato_30_1",0.00018,0.03,0.170557902137966,"Tomato_30_1_1_Scenario_1A",1
1,2,0,8e-04,0.0017,-3.2,-0.0035,0.0033,-3.3796,0.1887,0.179658592892185,0.4314,0.3922,0.1961,0.3042,1,-29.6459,"Tomato_30_1",0.00018,0.03,0.153001558560742,"Tomato_30_1_1_Scenario_1A",1
2,3,0,-0.0035,0.0033,-3.3796,-0.0076,-0.0021,-3.5794,0.1887,0.19991500694045,0.4314,0.3922,0.1961,0.4653,1,-29.4461,"Tomato_30_1",0.00018,0.03,0.170071376836343,"Tomato_30_1_1_Scenario_1A",1
3,4,0,-0.0076,-0.0021,-3.5794,-0.0197,-0.0047,-3.7583,0.1887,0.179327577354962,0.4314,0.3922,0.1961,0.6103,1,-29.2672,"Tomato_30_1",0.00018,0.03,0.152433366166496,"Tomato_30_1_1_Scenario_1A",1
4,5,0,-0.0197,-0.0047,-3.7583,-0.0365,-0.0094,-3.9575,0.1887,0.199962421469635,0.4314,0.3922,0.1961,0.7726,1,-29.068,"Tomato_30_1",0.00018,0.03,0.169879644124482,"Tomato_30_1_1_Scenario_1A",1
5,6,0,-0.0365,-0.0094,-3.9575,-0.0487,-0.0069,-4.1571,0.1887,0.19998812464744,0.4314,0.3922,0.1961,0.9356,1,-28.8684,"Tomato_30_1",0.00018,0.03,0.169849117163361,"Tomato_30_1_1_Scenario_1A",1
6,7,0,-0.0487,-0.0069,-4.1571,-0.0496,-0.0065,-4.1738,0.1887,0.0167290167075057,0.4314,0.3922,0.1961,0.9492,1,-28.8517,"Tomato_30_1",0.00018,0.03,0.0142070350106095,"Tomato_30_1_1_Scenario_1A",1
0,1,0,0,0,-3,8e-04,0.0017,-3.2,0.1887,0.200008824805307,0.4314,0.3922,0.1961,0.16,1,-29.8255,"Tomato_30_1",0.00018,0.03,0.0318984680618021,"Tomato_30_1_6_Scenario_1A",6
1,2,0,8e-04,0.0017,-3.2,-0.0035,0.0033,-3.3796,0.1887,0.179658592892185,0.4314,0.3922,0.1961,0.3042,1,-29.6459,"Tomato_30_1",0.00018,0.03,0.028417759180113,"Tomato_30_1_6_Scenario_1A",6
2,3,0,-0.0035,0.0033,-3.3796,-0.0076,-0.0021,-3.5794,0.1887,0.19991500694045,0.4314,0.3922,0.1961,0.4653,1,-29.4461,"Tomato_30_1",0.00018,0.03,0.0313685012508794,"Tomato_30_1_6_Scenario_1A",6
3,4,0,-0.0076,-0.0021,-3.5794,-0.0197,-0.0047,-3.7583,0.1887,0.179327577354962,0.4314,0.3922,0.1961,0.6103,1,-29.2672,"Tomato_30_1",0.00018,0.03,0.0279181581465866,"Tomato_30_1_6_Scenario_1A",6
4,5,0,-0.0197,-0.0047,-3.7583,-0.0365,-0.0094,-3.9575,0.1887,0.199962421469635,0.4314,0.3922,0.1961,0.7726,1,-29.068,"Tomato_30_1",0.00018,0.03,0.030893419870105,"Tomato_30_1_6_Scenario_1A",6
5,6,0,-0.0365,-0.0094,-3.9575,-0.0487,-0.0069,-4.1571,0.1887,0.19998812464744,0.4314,0.3922,0.1961,0.9356,1,-28.8684,"Tomato_30_1",0.00018,0.03,0.0306557010580718,"Tomato_30_1_6_Scenario_1A",6
6,7,0,-0.0487,-0.0069,-4.1571,-0.0496,-0.0065,-4.1738,0.1887,0.0167290167075057,0.4314,0.3922,0.1961,0.9492,1,-28.8517,"Tomato_30_1",0.00018,0.03,0.00255367100196442,"Tomato_30_1_6_Scenario_1A",6
7,8,0,-0.0496,-0.0065,-4.1738,-0.0527,-0.0051,-4.3737,0.1887,0.199928937375259,0.4314,0.3922,0.1961,1.1128,1,-28.6518,"Tomato_30_1",0.00018,0.03,0.0303946572171783,"Tomato_30_1_6_Scenario_1A",6
8,9,0,-0.0527,-0.0051,-4.3737,-0.0516,0.0018,-4.5736,0.1887,0.20002207378187,0.4314,0.3922,0.1961,1.277,1,-28.4519,"Tomato_30_1",0.00018,0.03,0.0301851852144889,"Tomato_30_1_6_Scenario_1A",6
9,10,0,-0.0516,0.0018,-4.5736,-0.0519,0.0045,-4.5983,0.1887,0.0248489436395193,0.4314,0.3922,0.1961,1.2974,1,-28.4272,"Tomato_30_1",0.00018,0.03,0.00373474105236205,"Tomato_30_1_6_Scenario_1A",6
10,11,0,-0.0519,0.0045,-4.5983,-0.0518,0.0189,-4.7977,0.1887,0.199919308722294,0.4314,0.3922,0.1961,1.4624,1,-28.2278,"Tomato_30_1",0.00018,0.03,0.0299286367629562,"Tomato_30_1_6_Scenario_1A",6
11,12,0,-0.0518,0.0189,-4.7977,-0.0546,0.0241,-4.9572,0.1887,0.159609304240073,0.4314,0.3922,0.1961,1.5944,1,-28.0683,"Tomato_30_1",0.00018,0.03,0.0237462946036511,"Tomato_30_1_6_Scenario_1A",6
12,13,0,-0.0546,0.0241,-4.9572,-0.0609,0.0267,-5.1571,0.1887,0.200016149347996,0.4314,0.3922,0.1961,1.7606,1,-27.8684,"Tomato_30_1",0.00018,0.03,0.0295797746220624,"Tomato_30_1_6_Scenario_1A",6
13,14,0,-0.0609,0.0267,-5.1571,-0.0486,0.023,-5.351,0.1887,0.194324959796728,0.4314,0.3922,0.1961,1.9226,1,-27.6745,"Tomato_30_1",0.00018,0.03,0.0285557690974489,"Tomato_30_1_6_Scenario_1A",6
14,15,0,-0.0486,0.023,-5.351,-0.04,0.0221,-5.5508,0.1887,0.199987024579096,0.4314,0.3922,0.1961,2.09,1,-27.4747,"Tomato_30_1",0.00018,0.03,0.0292083146489949,"Tomato_30_1_6_Scenario_1A",6
15,16,0,-0.04,0.0221,-5.5508,-0.0545,0.0186,-5.734,0.1887,0.183806256694379,0.4314,0.3922,0.1961,2.2444,1,-27.2915,"Tomato_30_1",0.00018,0.03,0.0266915954042031,"Tomato_30_1_6_Scenario_1A",6
16,17,0,-0.0545,0.0186,-5.734,-0.094,-0.0262,-5.9249,0.1887,0.200025248406295,0.4314,0.3922,0.1961,2.4131,1,-27.1006,"Tomato_30_1",0.00018,0.03,0.0288875061759393,"Tomato_30_1_6_Scenario_1A",6
17,18,0,-0.094,-0.0262,-5.9249,-0.1396,-0.0361,-6.1064,0.1887,0.18740229454305,0.4314,0.3922,0.1961,2.5718,1,-26.9191,"Tomato_30_1",0.00018,0.03,0.0269209215983599,"Tomato_30_1_6_Scenario_1A",6
18,19,0,-0.1396,-0.0361,-6.1064,-0.1696,-0.0266,-6.3039,0.1887,0.199991249808585,0.4314,0.3922,0.1961,2.7418,1,-26.7216,"Tomato_30_1",0.00018,0.03,0.0285838971050594,"Tomato_30_1_6_Scenario_1A",6
19,20,0,-0.1696,-0.0266,-6.3039,-0.1879,-0.0183,-6.5029,0.1887,0.200011949643016,0.4314,0.3922,0.1961,2.9124,1,-26.5226,"Tomato_30_1",0.00018,0.03,0.028444601458358,"Tomato_30_1_6_Scenario_1A",6
20,21,0,-0.1879,-0.0183,-6.5029,-0.1885,-0.0176,-6.5137,0.1887,0.0108392804189205,0.4314,0.3922,0.1961,2.9217,1,-26.5118,"Tomato_30_1",0.00018,0.03,0.00153759775917701,"Tomato_30_1_6_Scenario_1A",6
21,22,0,-0.1885,-0.0176,-6.5137,-0.1613,-0.0174,-6.7118,0.1887,0.199958720740057,0.4314,0.3922,0.1961,3.0931,1,-26.3137,"Tomato_30_1",0.00018,0.03,0.0282958790794855,"Tomato_30_1_6_Scenario_1A",6
22,23,0,-0.1613,-0.0174,-6.7118,-0.1496,-0.0367,-6.9105,0.1887,0.199977673753846,0.4314,0.3922,0.1961,3.2651,1,-26.115,"Tomato_30_1",0.00018,0.03,0.0281729341162287,"Tomato_30_1_6_Scenario_1A",6
23,24,0,-0.1496,-0.0367,-6.9105,-0.1494,-0.0375,-6.9182,0.1887,0.00774402995861956,0.4314,0.3922,0.1961,3.2718,1,-26.1073,"Tomato_30_1",0.00018,0.03,0.00108856493864225,"Tomato_30_1_6_Scenario_1A",6
24,25,0,-0.1494,-0.0375,-6.9182,-0.1438,-0.0419,-7.118,0.1887,0.199926886636091,0.4314,0.3922,0.1961,3.4446,1,-25.9075,"Tomato_30_1",0.00018,0.03,0.0280438123510691,"Tomato_30_1_6_Scenario_1A",6
25,26,0,-0.1438,-0.0419,-7.118,-0.1465,-0.044,-7.318,0.1887,0.200029247861406,0.4314,0.3922,0.1961,3.6181,1,-25.7075,"Tomato_30_1",0.00018,0.03,0.0279488134960247,"Tomato_30_1_6_Scenario_1A",6
26,27,0,-0.1465,-0.044,-7.318,-0.1464,-0.0442,-7.3225,0.1887,0.00450555213042769,0.4314,0.3922,0.1961,3.622,1,-25.703,"Tomato_30_1",0.00018,0.03,0.000628334254550784,"Tomato_30_1_6_Scenario_1A",6
27,28,0,-0.1464,-0.0442,-7.3225,-0.1501,-0.052,-7.5223,0.1887,0.199986424539268,0.4314,0.3922,0.1961,3.7962,1,-25.5032,"Tomato_30_1",0.00018,0.03,0.0278392382093503,"Tomato_30_1_6_Scenario_1A",6
28,29,0,-0.1501,-0.052,-7.5223,-0.1569,-0.061,-7.722,0.1887,0.200018324160563,0.4314,0.3922,0.1961,3.9712,1,-25.3035,"Tomato_30_1",0.00018,0.03,0.0277503689468882,"Tomato_30_1_6_Scenario_1A",6
29,30,0,-0.1569,-0.061,-7.722,-0.1574,-0.0627,-7.7413,0.1887,0.0193811764348808,0.4314,0.3922,0.1961,3.9881,1,-25.2842,"Tomato_30_1",0.00018,0.03,0.00268426202240624,"Tomato_30_1_6_Scenario_1A",6
30,31,0,-0.1574,-0.0627,-7.7413,-0.1816,-0.0573,-7.9397,0.1887,0.199943391988833,0.4314,0.3922,0.1961,4.1639,1,-25.0858,"Tomato_30_1",0.00018,0.03,0.0276467449829345,"Tomato_30_1_6_Scenario_1A",6
31,32,0,-0.1816,-0.0573,-7.9397,-0.2053,-0.0514,-8.1382,0.1887,0.199996874975585,0.4314,0.3922,0.1961,4.3404,1,-24.8873,"Tomato_30_1",0.00018,0.03,0.0275773805751151,"Tomato_30_1_6_Scenario_1A",6
32,33,0,-0.2053,-0.0514,-8.1382,-0.2064,-0.051,-8.1464,0.1887,0.00828311535595195,0.4314,0.3922,0.1961,4.3476,1,-24.8791,"Tomato_30_1",0.00018,0.03,0.00114061058019951,"Tomato_30_1_6_Scenario_1A",6
33,34,0,-0.2064,-0.051,-8.1464,-0.2092,-0.0498,-8.3463,0.1887,0.199923210258338,0.4314,0.3922,0.1961,4.5249,1,-24.6792,"Tomato_30_1",0.00018,0.03,0.0274956519905937,"Tomato_30_1_6_Scenario_1A",6
34,35,0,-0.2092,-0.0498,-8.3463,-0.2114,-0.0528,-8.5187,0.1887,0.172440134539499,0.4314,0.3922,0.1961,4.6782,1,-24.5068,"Tomato_30_1",0.00018,0.03,0.023666806689888,"Tomato_30_1_6_Scenario_1A",6
35,36,0,-0.2114,-0.0528,-8.5187,-0.2227,-0.0652,-8.718,0.1887,0.200004849941194,0.4314,0.3922,0.1961,4.8569,1,-24.3075,"Tomato_30_1",0.00018,0.03,0.0273999810166109,"Tomato_30_1_6_Scenario_1A",6
36,37,0,-0.2227,-0.0652,-8.718,-0.2329,-0.0826,-8.917,0.1887,0.200019499049468,0.4314,0.3922,0.1961,5.0362,1,-24.1085,"Tomato_30_1",0.00018,0.03,0.0273557354231613,"Tomato_30_1_6_Scenario_1A",6
37,38,0,-0.2329,-0.0826,-8.917,-0.2335,-0.0849,-8.9351,0.1887,0.0182554101569923,0.4314,0.3922,0.1961,5.0527,1,-24.0904,"Tomato_30_1",0.00018,0.03,0.00249467438714105,"Tomato_30_1_6_Scenario_1A",6
38,39,0,-0.2335,-0.0849,-8.9351,-0.2285,-0.0913,-9.135,0.1887,0.20006491446528,0.4314,0.3922,0.1961,5.2329,1,-23.8905,"Tomato_30_1",0.00018,0.03,0.0273203414181287,"Tomato_30_1_6_Scenario_1A",6
39,40,0,-0.2285,-0.0913,-9.135,-0.229,-0.0944,-9.3261,0.1887,0.191125796270415,0.4314,0.3922,0.1961,5.4058,1,-23.6994,"Tomato_30_1",0.00018,0.03,0.0260715148464364,"Tomato_30_1_6_Scenario_1A",6
40,41,0,-0.229,-0.0944,-9.3261,-0.2252,-0.0958,-9.526,0.1887,0.199941016302308,0.4314,0.3922,0.1961,5.5876,1,-23.4995,"Tomato_30_1",0.00018,0.03,0.0272520648812382,"Tomato_30_1_6_Scenario_1A",6
41,42,0,-0.2252,-0.0958,-9.526,-0.2261,-0.096,-9.7079,0.1887,0.181902336433593,0.4314,0.3922,0.1961,5.7535,1,-23.3176,"Tomato_30_1",0.00018,0.03,0.0247803285397938,"Tomato_30_1_6_Scenario_1A",6
42,43,0,-0.2261,-0.096,-9.7079,-0.2244,-0.0979,-9.9079,0.1887,0.200016249339897,0.4314,0.3922,0.1961,5.9367,1,-23.1176,"Tomato_30_1",0.00018,0.03,0.027240785964351,"Tomato_30_1_6_Scenario_1A",6
0,1,0,0,0,-3,8e-04,0.0017,-3.2,0.1887,0.200008824805307,0.4314,0.3922,0.1961,0.16,1,-29.8255,"Tomato_30_1",1.8e-05,0.1,0.00121025188389384,"Tomato_30_1_11_Scenario_1A",11
1,2,0,8e-04,0.0017,-3.2,-0.0035,0.0033,-3.3796,0.1887,0.179658592892185,0.4314,0.3922,0.1961,0.3042,1,-29.6459,"Tomato_30_1",1.8e-05,0.1,0.0010808452636529,"Tomato_30_1_11_Scenario_1A",11
2,3,0,-0.0035,0.0033,-3.3796,-0.0076,-0.0021,-3.5794,0.1887,0.19991500694045,0.4314,0.3922,0.1961,0.4653,1,-29.4461,"Tomato_30_1",1.8e-05,0.1,0.00119698859126728,"Tomato_30_1_11_Scenario_1A",11
3,4,0,-0.0076,-0.0021,-3.5794,-0.0197,-0.0047,-3.7583,0.1887,0.179327577354962,0.4314,0.3922,0.1961,0.6103,1,-29.2672,"Tomato_30_1",1.8e-05,0.1,0.00106920224094699,"Tomato_30_1_11_Scenario_1A",11
4,5,0,-0.0197,-0.0047,-3.7583,-0.0365,-0.0094,-3.9575,0.1887,0.199962421469635,0.4314,0.3922,0.1961,0.7726,1,-29.068,"Tomato_30_1",1.8e-05,0.1,0.0011879486410541,"Tomato_30_1_11_Scenario_1A",11
5,6,0,-0.0365,-0.0094,-3.9575,-0.0487,-0.0069,-4.1571,0.1887,0.19998812464744,0.4314,0.3922,0.1961,0.9356,1,-28.8684,"Tomato_30_1",1.8e-05,0.1,0.00118409410719278,"Tomato_30_1_11_Scenario_1A",11
6,7,0,-0.0487,-0.0069,-4.1571,-0.0496,-0.0065,-4.1738,0.1887,0.0167290167075057,0.4314,0.3922,0.1961,0.9492,1,-28.8517,"Tomato_30_1",1.8e-05,0.1,9.88909384723699e-05,"Tomato_30_1_11_Scenario_1A",11
7,8,0,-0.0496,-0.0065,-4.1738,-0.0527,-0.0051,-4.3737,0.1887,0.199928937375259,0.4314,0.3922,0.1961,1.1128,1,-28.6518,"Tomato_30_1",1.8e-05,0.1,0.00117995727692621,"Tomato_30_1_11_Scenario_1A",11
8,9,0,-0.0527,-0.0051,-4.3737,-0.0516,0.0018,-4.5736,0.1887,0.20002207378187,0.4314,0.3922,0.1961,1.277,1,-28.4519,"Tomato_30_1",1.8e-05,0.1,0.00117737207171087,"Tomato_30_1_11_Scenario_1A",11
9,10,0,-0.0516,0.0018,-4.5736,-0.0519,0.0045,-4.5983,0.1887,0.0248489436395193,0.4314,0.3922,0.1961,1.2974,1,-28.4272,"Tomato_30_1",1.8e-05,0.1,0.000146072126716862,"Tomato_30_1_11_Scenario_1A",11
10,11,0,-0.0519,0.0045,-4.5983,-0.0518,0.0189,-4.7977,0.1887,0.199919308722294,0.4314,0.3922,0.1961,1.4624,1,-28.2278,"Tomato_30_1",1.8e-05,0.1,0.00117365040983282,"Tomato_30_1_11_Scenario_1A",11
11,12,0,-0.0518,0.0189,-4.7977,-0.0546,0.0241,-4.9572,0.1887,0.159609304240073,0.4314,0.3922,0.1961,1.5944,1,-28.0683,"Tomato_30_1",1.8e-05,0.1,0.000935086901550046,"Tomato_30_1_11_Scenario_1A",11
12,13,0,-0.0546,0.0241,-4.9572,-0.0609,0.0267,-5.1571,0.1887,0.200016149347996,0.4314,0.3922,0.1961,1.7606,1,-27.8684,"Tomato_30_1",1.8e-05,0.1,0.00116951768147779,"Tomato_30_1_11_Scenario_1A",11
13,14,0,-0.0609,0.0267,-5.1571,-0.0486,0.023,-5.351,0.1887,0.194324959796728,0.4314,0.3922,0.1961,1.9226,1,-27.6745,"Tomato_30_1",1.8e-05,0.1,0.00113380269152489,"Tomato_30_1_11_Scenario_1A",11
14,15,0,-0.0486,0.023,-5.351,-0.04,0.0221,-5.5508,0.1887,0.199987024579096,0.4314,0.3922,0.1961,2.09,1,-27.4747,"Tomato_30_1",1.8e-05,0.1,0.00116433934224116,"Tomato_30_1_11_Scenario_1A",11
15,16,0,-0.04,0.0221,-5.5508,-0.0545,0.0186,-5.734,0.1887,0.183806256694379,0.4314,0.3922,0.1961,2.2444,1,-27.2915,"Tomato_30_1",1.8e-05,0.1,0.00106790655580525,"Tomato_30_1_11_Scenario_1A",11
16,17,0,-0.0545,0.0186,-5.734,-0.094,-0.0262,-5.9249,0.1887,0.200025248406295,0.4314,0.3922,0.1961,2.4131,1,-27.1006,"Tomato_30_1",1.8e-05,0.1,0.001159723556905,"Tomato_30_1_11_Scenario_1A",11
17,18,0,-0.094,-0.0262,-5.9249,-0.1396,-0.0361,-6.1064,0.1887,0.18740229454305,0.4314,0.3922,0.1961,2.5718,1,-26.9191,"Tomato_30_1",1.8e-05,0.1,0.00108426219773578,"Tomato_30_1_11_Scenario_1A",11
18,19,0,-0.1396,-0.0361,-6.1064,-0.1696,-0.0266,-6.3039,0.1887,0.199991249808585,0.4314,0.3922,0.1961,2.7418,1,-26.7216,"Tomato_30_1",1.8e-05,0.1,0.00115468054887412,"Tomato_30_1_11_Scenario_1A",11
19,20,0,-0.1696,-0.0266,-6.3039,-0.1879,-0.0183,-6.5029,0.1887,0.200011949643016,0.4314,0.3922,0.1961,2.9124,1,-26.5226,"Tomato_30_1",1.8e-05,0.1,0.00115231258951571,"Tomato_30_1_11_Scenario_1A",11
20,21,0,-0.1879,-0.0183,-6.5029,-0.1885,-0.0176,-6.5137,0.1887,0.0108392804189205,0.4314,0.3922,0.1961,2.9217,1,-26.5118,"Tomato_30_1",1.8e-05,0.1,6.23765994049508e-05,"Tomato_30_1_11_Scenario_1A",11
21,22,0,-0.1885,-0.0176,-6.5137,-0.1613,-0.0174,-6.7118,0.1887,0.199958720740057,0.4314,0.3922,0.1961,3.0931,1,-26.3137,"Tomato_30_1",1.8e-05,0.0919710000000001,0.00114928725857648,"Tomato_30_1_11_Scenario_1A",11
22,23,0,-0.1613,-0.0174,-6.7118,-0.1496,-0.0367,-6.9105,0.1887,0.199977673753846,0.4314,0.3922,0.1961,3.2651,1,-26.115,"Tomato_30_1",1.8e-05,0.079931,0.00114651269652294,"Tomato_30_1_11_Scenario_1A",11
23,24,0,-0.1496,-0.0367,-6.9105,-0.1494,-0.0375,-6.9182,0.1887,0.00774402995861956,0.4314,0.3922,0.1961,3.2718,1,-26.1073,"Tomato_30_1",1.8e-05,0.0794620000000001,4.43361900940258e-05,"Tomato_30_1_11_Scenario_1A",11
24,25,0,-0.1494,-0.0375,-6.9182,-0.1438,-0.0419,-7.118,0.1887,0.199926886636091,0.4314,0.3922,0.1961,3.4446,1,-25.9075,"Tomato_30_1",1.8e-05,0.0673660000000001,0.00114274352870945,"Tomato_30_1_11_Scenario_1A",11
25,26,0,-0.1438,-0.0419,-7.118,-0.1465,-0.044,-7.318,0.1887,0.200029247861406,0.4314,0.3922,0.1961,3.6181,1,-25.7075,"Tomato_30_1",1.8e-05,0.055221,0.001139296710771,"Tomato_30_1_11_Scenario_1A",11
26,27,0,-0.1465,-0.044,-7.318,-0.1464,-0.0442,-7.3225,0.1887,0.00450555213042769,0.4314,0.3922,0.1961,3.622,1,-25.703,"Tomato_30_1",1.8e-05,0.0549480000000001,2.56111326720928e-05,"Tomato_30_1_11_Scenario_1A",11
27,28,0,-0.1464,-0.0442,-7.3225,-0.1501,-0.052,-7.5223,0.1887,0.199986424539268,0.4314,0.3922,0.1961,3.7962,1,-25.5032,"Tomato_30_1",1.8e-05,0.0427540000000001,0.00113389659549725,"Tomato_30_1_11_Scenario_1A",11
28,29,0,-0.1501,-0.052,-7.5223,-0.1569,-0.061,-7.722,0.1887,0.200018324160563,0.4314,0.3922,0.1961,3.9712,1,-25.3035,"Tomato_30_1",1.8e-05,0.0305040000000001,0.00112726004378543,"Tomato_30_1_11_Scenario_1A",11
29,30,0,-0.1569,-0.061,-7.722,-0.1574,-0.0627,-7.7413,0.1887,0.0193811764348808,0.4314,0.3922,0.1961,3.9881,1,-25.2842,"Tomato_30_1",1.95713999999999e-05,0.03,0.00011830440256889,"Tomato_30_1_11_Scenario_1A",11
30,31,0,-0.1574,-0.0627,-7.7413,-0.1816,-0.0573,-7.9397,0.1887,0.199943391988833,0.4314,0.3922,0.1961,4.1639,1,-25.0858,"Tomato_30_1",4.80509999999999e-05,0.03,0.00298470778071954,"Tomato_30_1_11_Scenario_1A",11
31,32,0,-0.1816,-0.0573,-7.9397,-0.2053,-0.0514,-8.1382,0.1887,0.199996874975585,0.4314,0.3922,0.1961,4.3404,1,-24.8873,"Tomato_30_1",7.66439999999999e-05,0.03,0.00472814551505123,"Tomato_30_1_11_Scenario_1A",11
32,33,0,-0.2053,-0.0514,-8.1382,-0.2064,-0.051,-8.1464,0.1887,0.00828311535595195,0.4314,0.3922,0.1961,4.3476,1,-24.8791,"Tomato_30_1",7.78103999999999e-05,0.03,0.000198067453365701,"Tomato_30_1_11_Scenario_1A",11
33,34,0,-0.2064,-0.051,-8.1464,-0.2092,-0.0498,-8.3463,0.1887,0.199923210258338,0.4314,0.3922,0.1961,4.5249,1,-24.6792,"Tomato_30_1",0.000106533,0.03,0.00652135997816856,"Tomato_30_1_11_Scenario_1A",11
34,35,0,-0.2092,-0.0498,-8.3463,-0.2114,-0.0528,-8.5187,0.1887,0.172440134539499,0.4314,0.3922,0.1961,4.6782,1,-24.5068,"Tomato_30_1",0.0001313676,0.03,0.00689132922634658,"Tomato_30_1_11_Scenario_1A",11
35,36,0,-0.2114,-0.0528,-8.5187,-0.2227,-0.0652,-8.718,0.1887,0.200004849941194,0.4314,0.3922,0.1961,4.8569,1,-24.3075,"Tomato_30_1",0.000160317,0.03,0.00969268632087843,"Tomato_30_1_11_Scenario_1A",11
36,37,0,-0.2227,-0.0652,-8.718,-0.2329,-0.0826,-8.917,0.1887,0.200019499049468,0.4314,0.3922,0.1961,5.0362,1,-24.1085,"Tomato_30_1",0.00018,0.03,0.010811812133525,"Tomato_30_1_11_Scenario_1A",11
37,38,0,-0.2329,-0.0826,-8.917,-0.2335,-0.0849,-8.9351,0.1887,0.0182554101569923,0.4314,0.3922,0.1961,5.0527,1,-24.0904,"Tomato_30_1",0.00018,0.03,0.000983307783550441,"Tomato_30_1_11_Scenario_1A",11
38,39,0,-0.2335,-0.0849,-8.9351,-0.2285,-0.0913,-9.135,0.1887,0.20006491446528,0.4314,0.3922,0.1961,5.2329,1,-23.8905,"Tomato_30_1",0.00018,0.03,0.0107394494296451,"Tomato_30_1_11_Scenario_1A",11
39,40,0,-0.2285,-0.0913,-9.135,-0.229,-0.0944,-9.3261,0.1887,0.191125796270415,0.4314,0.3922,0.1961,5.4058,1,-23.6994,"Tomato_30_1",0.00018,0.03,0.0101985020455768,"Tomato_30_1_11_Scenario_1A",11
40,41,0,-0.229,-0.0944,-9.3261,-0.2252,-0.0958,-9.526,0.1887,0.199941016302308,0.4314,0.3922,0.1961,5.5876,1,-23.4995,"Tomato_30_1",0.00018,0.03,0.0106079130085966,"Tomato_30_1_11_Scenario_1A",11
41,42,0,-0.2252,-0.0958,-9.526,-0.2261,-0.096,-9.7079,0.1887,0.181902336433593,0.4314,0.3922,0.1961,5.7535,1,-23.3176,"Tomato_30_1",0.00018,0.03,0.00959920916425645,"Tomato_30_1_11_Scenario_1A",11
42,43,0,-0.2261,-0.096,-9.7079,-0.2244,-0.0979,-9.9079,0.1887,0.200016249339897,0.4314,0.3922,0.1961,5.9367,1,-23.1176,"Tomato_30_1",0.00018,0.03,0.0105010704564489,"Tomato_30_1_11_Scenario_1A",11
43,44,0,-0.2244,-0.0979,-9.9079,-0.2229,-0.0984,-10.1079,0.1887,0.200006249902348,0.4314,0.3922,0.1961,6.1207,1,-22.9176,"Tomato_30_1",0.00018,0.03,0.0104468527898314,"Tomato_30_1_11_Scenario_1A",11
44,45,0,-0.2229,-0.0984,-10.1079,-0.2228,-0.0983,-10.1117,0.1887,0.00380263066836633,0.4314,0.3922,0.1961,6.1242,1,-22.9138,"Tomato_30_1",0.00018,0.03,0.000198120704066959,"Tomato_30_1_11_Scenario_1A",11
45,46,0,-0.2228,-0.0983,-10.1117,-0.2454,-0.0862,-10.3101,0.1887,0.20004931891911,0.4314,0.3922,0.1961,6.309,1,-22.7154,"Tomato_30_1",0.00018,0.03,0.0103974320944694,"Tomato_30_1_11_Scenario_1A",11
46,47,0,-0.2454,-0.0862,-10.3101,-0.2373,-0.0791,-10.5098,0.1887,0.199990274763549,0.4314,0.3922,0.1961,6.4947,1,-22.5157,"Tomato_30_1",0.00018,0.03,0.0103466605023628,"Tomato_30_1_11_Scenario_1A",11
47,48,0,-0.2373,-0.0791,-10.5098,-0.2361,-0.0786,-10.5269,0.1887,0.017149344010777,0.4314,0.3922,0.1961,6.5106,1,-22.4986,"Tomato_30_1",0.00018,0.03,0.000885110400650267,"Tomato_30_1_11_Scenario_1A",11
48,49,0,-0.2361,-0.0786,-10.5269,-0.2203,-0.0646,-10.7258,0.1887,0.200017124266899,0.4314,0.3922,0.1961,6.6971,1,-22.2997,"Tomato_30_1",0.00018,0.03,0.0102995878443986,"Tomato_30_1_11_Scenario_1A",11
49,50,0,-0.2203,-0.0646,-10.7258,-0.2474,-0.0721,-10.9226,0.1887,0.198798641846467,0.4314,0.3922,0.1961,6.8834,1,-22.1029,"Tomato_30_1",0.00018,0.03,0.0101956369029419,"Tomato_30_1_11_Scenario_1A",11
50,51,0,-0.2474,-0.0721,-10.9226,-0.2775,-0.0563,-11.1197,0.1887,0.200010149742458,0.4314,0.3922,0.1961,7.0715,1,-21.9058,"Tomato_30_1",0.00018,0.03,0.0102192177838345,"Tomato_30_1_11_Scenario_1A",11
51,52,0,-0.2775,-0.0563,-11.1197,-0.2987,-0.0521,-11.2988,0.1887,0.180399251661419,0.4314,0.3922,0.1961,7.242,1,-21.7267,"Tomato_30_1",0.00018,0.03,0.00918646813116431,"Tomato_30_1_11_Scenario_1A",11
52,53,0,-0.2987,-0.0521,-11.2988,-0.302,-0.0491,-11.4988,0.1887,0.200049718820097,0.4314,0.3922,0.1961,7.4317,1,-21.5267,"Tomato_30_1",0.00018,0.03,0.0101556814008701,"Tomato_30_1_11_Scenario_1A",11
53,54,0,-0.302,-0.0491,-11.4988,-0.3074,-0.0422,-11.6986,0.1887,0.199992024840994,0.4314,0.3922,0.1961,7.6223,1,-21.3269,"Tomato_30_1",0.00018,0.03,0.0101224903682973,"Tomato_30_1_11_Scenario_1A",11
54,55,0,-0.3074,-0.0422,-11.6986,-0.3074,-0.0422,-11.699,0.1887,0.000399999999999068,0.4314,0.3922,0.1961,7.6227,1,-21.3265,"Tomato_30_1",0.00018,0.03,2.0217396160543e-05,"Tomato_30_1_11_Scenario_1A",11
55,56,0,-0.3074,-0.0422,-11.699,-0.3052,-0.0335,-11.8988,0.1887,0.200001424994923,0.4314,0.3922,0.1961,7.8141,1,-21.1267,"Tomato_30_1",0.00018,0.03,0.010095535100782,"Tomato_30_1_11_Scenario_1A",11
56,57,0,-0.3052,-0.0335,-11.8988,-0.3126,-0.0193,-12.0728,0.1887,0.174735228274096,0.4314,0.3922,0.1961,7.9821,1,-20.9527,"Tomato_30_1",0.00018,0.03,0.00880001254680642,"Tomato_30_1_11_Scenario_1A",11
57,58,0,-0.3126,-0.0193,-12.0728,-0.3107,-0.0319,-12.2723,0.1887,0.199906528157535,0.4314,0.3922,0.1961,8.1752,1,-20.7532,"Tomato_30_1",0.00018,0.03,0.0100472089487759,"Tomato_30_1_11_Scenario_1A",11
58,59,0,-0.3107,-0.0319,-12.2723,-0.3102,-0.0432,-12.4363,0.1887,0.164389598211079,0.4314,0.3922,0.1961,8.3345,1,-20.5892,"Tomato_30_1",0.00018,0.03,0.00824769184779128,"Tomato_30_1_11_Scenario_1A",11
59,60,0,-0.3102,-0.0432,-12.4363,-0.3149,-0.0519,-12.636,0.1887,0.199944667345743,0.4314,0.3922,0.1961,8.5291,1,-20.3895,"Tomato_30_1",0.00018,0.03,0.0100164117073188,"Tomato_30_1_11_Scenario_1A",11
60,61,0,-0.3149,-0.0519,-12.636,-0.3157,-0.0607,-12.8249,0.1887,0.189106557263359,0.4314,0.3922,0.1961,8.714,1,-20.2006,"Tomato_30_1",0.00018,0.03,0.00946059886768534,"Tomato_30_1_11_Scenario_1A",11
61,62,0,-0.3157,-0.0607,-12.8249,-0.3131,-0.049,-13.0245,0.1887,0.199959520903607,0.4314,0.3922,0.1961,8.9104,1,-20.001,"Tomato_30_1",0.00018,0.03,0.00999266086617245,"Tomato_30_1_11_Scenario_1A",11
62,63,0,-0.3131,-0.049,-13.0245,-0.3031,-0.0419,-13.2241,0.1887,0.199976423610385,0.4314,0.3922,0.1961,9.1078,1,-19.8014,"Tomato_30_1",0.00018,0.03,0.00998510303057417,"Tomato_30_1_11_Scenario_1A",11
63,64,0,-0.3031,-0.0419,-13.2241,-0.3024,-0.0415,-13.2385,0.1887,0.014422551785312,0.4314,0.3922,0.1961,9.122,1,-19.787,"Tomato_30_1",0.00018,0.03,0.000719889217730958,"Tomato_30_1_11_Scenario_1A",11
1,65,1,0,0,-3,-0.0863,-0.1654,-3.0721,0.1887,0.20000814983395,0.4314,0.3922,0.1961,9.181,2,-29.9534,"Tomato_30_1",0.00018,0.03,0.0120189800543175,"Tomato_30_1_11_Scenario_1A",11
65,66,1,-0.0863,-0.1654,-3.0721,-0.173,-0.3372,-3.1268,0.1887,0.200060540837018,0.4314,0.3922,0.1961,9.2729,2,-29.8987,"Tomato_30_1",0.00018,0.03,0.0119443490440771,"Tomato_30_1_11_Scenario_1A",11
64,67,0,-0.3024,-0.0415,-13.2385,-0.2928,-0.0311,-13.438,0.1887,0.200001424994924,0.4314,0.3922,0.1961,9.3203,1,-19.5875,"Tomato_30_1",0.00018,0.03,0.00998049678668601,"Tomato_30_1_11_Scenario_1A",11
66,68,1,-0.173,-0.3372,-3.1268,-0.2946,-0.4857,-3.183,0.1887,0.199993124881832,0.4314,0.3922,0.1961,9.3653,2,-29.8425,"Tomato_30_1",0.00018,0.03,0.0118693317864232,"Tomato_30_1_11_Scenario_1A",11
68,69,1,-0.2946,-0.4857,-3.183,-0.3906,-0.6527,-3.2364,0.1887,0.199891370499079,0.4314,0.3922,0.1961,9.4583,2,-29.7891,"Tomato_30_1",0.00018,0.03,0.0117991162464682,"Tomato_30_1_11_Scenario_1A",11
65,70,0,-0.2928,-0.0311,-13.438,-0.2911,-0.0329,-13.6279,0.1887,0.189916139387889,0.4314,0.3922,0.1961,9.5095,1,-19.3976,"Tomato_30_1",0.00018,0.03,0.0113732671046488,"Tomato_30_1_11_Scenario_1A",11
69,71,1,-0.3906,-0.6527,-3.2364,-0.4951,-0.8166,-3.2834,0.1887,0.19998114911161,0.4314,0.3922,0.1961,9.552,2,-29.7421,"Tomato_30_1",0.00018,0.03,0.0117469286249095,"Tomato_30_1_11_Scenario_1A",11
3,72,2,-0.0035,0.0033,-3.3796,0.1371,-0.115,-3.4585,0.1887,0.199971147918894,0.4314,0.3922,0.1961,9.569,2,-29.567,"Tomato_30_1",0.00018,0.03,0.0119188219246501,"Tomato_30_1_11_Scenario_1A",11
71,73,1,-0.4951,-0.8166,-3.2834,-0.5975,-0.9824,-3.3289,0.1887,0.200114092457278,0.4314,0.3922,0.1961,9.6462,2,-29.6966,"Tomato_30_1",0.00018,0.03,0.0117038724183156,"Tomato_30_1_11_Scenario_1A",11
72,74,2,0.1371,-0.115,-3.4585,0.2623,-0.2368,-3.556,0.1887,0.200041320731493,0.4314,0.3922,0.1961,9.6721,2,-29.4695,"Tomato_30_1",0.00018,0.03,0.0118781425138629,"Tomato_30_1_11_Scenario_1A",11
66,75,0,-0.2911,-0.0329,-13.6279,-0.2894,-0.0346,-13.8279,0.1887,0.200014449478031,0.4314,0.3922,0.1961,9.7097,1,-19.1976,"Tomato_30_1",0.00018,0.03,0.0119035503724654,"Tomato_30_1_11_Scenario_1A",11
73,76,1,-0.5975,-0.9824,-3.3289,-0.6724,-1.1513,-3.4053,0.1887,0.19993543957988,0.4314,0.3922,0.1961,9.7411,2,-29.6202,"Tomato_30_1",0.00018,0.03,0.0116492649603446,"Tomato_30_1_11_Scenario_1A",11
74,77,2,0.2623,-0.2368,-3.556,0.3859,-0.366,-3.6455,0.1887,0.1999496186543,0.4314,0.3922,0.1961,9.7761,2,-29.38,"Tomato_30_1",0.00018,0.03,0.0118327704416144,"Tomato_30_1_11_Scenario_1A",11
76,78,1,-0.6724,-1.1513,-3.4053,-0.7558,-1.3107,-3.4927,0.1887,0.200006699887779,0.4314,0.3922,0.1961,9.8366,2,-29.5328,"Tomato_30_1",0.00018,0.03,0.0116142319430077,"Tomato_30_1_11_Scenario_1A",11
77,79,2,0.3859,-0.366,-3.6455,0.5155,-0.4948,-3.7269,0.1887,0.200028897912277,0.4314,0.3922,0.1961,9.8808,2,-29.2986,"Tomato_30_1",0.00018,0.03,0.0118008889485363,"Tomato_30_1_11_Scenario_1A",11
67,80,0,-0.2894,-0.0346,-13.8279,-0.291,-0.0362,-14.0053,0.1887,0.177414430078278,0.4314,0.3922,0.1961,9.8881,1,-19.0202,"Tomato_30_1",0.00018,0.03,0.00885116009555366,"Tomato_30_1_11_Scenario_1A",11
78,81,1,-0.7558,-1.3107,-3.4927,-0.8396,-1.4698,-3.5804,0.1887,0.200066338997843,0.4314,0.3922,0.1961,9.9327,2,-29.4451,"Tomato_30_1",0.00018,0.03,0.0115817921931304,"Tomato_30_1_11_Scenario_1A",11
5,82,3,-0.0197,-0.0047,-3.7583,0.1619,0.0105,-3.8407,0.1887,0.1999983999936,0.4314,0.3922,0.1961,9.9489,2,-29.1848,"Tomato_30_1",0.00018,0.03,0.0118429121220605,"Tomato_30_1_11_Scenario_1A",11
79,83,2,0.5155,-0.4948,-3.7269,0.6282,-0.6081,-3.8471,0.1887,0.199965547032483,0.4314,0.3922,0.1961,9.9865,2,-29.1784,"Tomato_30_1",0.00018,0.03,0.0117639451242937,"Tomato_30_1_11_Scenario_1A",11
81,84,1,-0.8396,-1.4698,-3.5804,-0.9143,-1.6461,-3.638,0.1887,0.19994884345752,0.4314,0.3922,0.1961,10.0295,2,-29.3875,"Tomato_30_1",0.00018,0.03,0.0115424077536629,"Tomato_30_1_11_Scenario_1A",11
82,85,3,0.1619,0.0105,-3.8407,0.3325,0.0032,-3.9448,0.1887,0.19998614952041,0.4314,0.3922,0.1961,10.0517,2,-29.0807,"Tomato_30_1",0.00018,0.03,0.0118121302924372,"Tomato_30_1_11_Scenario_1A",11
68,86,0,-0.291,-0.0362,-14.0053,-0.288,-0.0584,-14.2041,0.1887,0.200058191534364,0.4314,0.3922,0.1961,10.09,1,-18.8214,"Tomato_30_1",0.00018,0.03,0.0118385432711323,"Tomato_30_1_11_Scenario_1A",11
83,87,2,0.6282,-0.6081,-3.8471,0.722,-0.7308,-3.9742,0.1887,0.200020348964799,0.4314,0.3922,0.1961,10.093,2,-29.0513,"Tomato_30_1",0.00018,0.03,0.0117373027690389,"Tomato_30_1_11_Scenario_1A",11
84,88,1,-0.9143,-1.6461,-3.638,-0.9948,-1.8153,-3.7079,0.1887,0.199987249593568,0.4314,0.3922,0.1961,10.1269,2,-29.3176,"Tomato_30_1",0.00018,0.03,0.0115153269747804,"Tomato_30_1_11_Scenario_1A",11
85,89,3,0.3325,0.0032,-3.9448,0.4994,-0.0091,-4.0544,0.1887,0.200047644325046,0.4314,0.3922,0.1961,10.1553,2,-28.9711,"Tomato_30_1",0.00018,0.03,0.0117890558591678,"Tomato_30_1_11_Scenario_1A",11
87,90,2,0.722,-0.7308,-3.9742,0.8242,-0.8317,-4.1134,0.1887,0.200005724918063,0.4314,0.3922,0.1961,10.2004,2,-28.9121,"Tomato_30_1",0.00018,0.03,0.0117099173497266,"Tomato_30_1_11_Scenario_1A",11
88,91,1,-0.9948,-1.8153,-3.7079,-1.0934,-1.9767,-3.773,0.1887,0.20002482345949,0.4314,0.3922,0.1961,10.225,2,-29.2525,"Tomato_30_1",0.00018,0.03,0.0114914588731688,"Tomato_30_1_11_Scenario_1A",11
89,92,3,0.4994,-0.0091,-4.0544,0.6771,-0.0141,-4.146,0.1887,0.199982124201139,0.4314,0.3922,0.1961,10.2596,2,-28.8795,"Tomato_30_1",0.00018,0.03,0.0117618510139994,"Tomato_30_1_11_Scenario_1A",11
69,93,0,-0.288,-0.0584,-14.2041,-0.2891,-0.0606,-14.4041,0.1887,0.200015124428128,0.4314,0.3922,0.1961,10.2929,1,-18.6214,"Tomato_30_1",0.00018,0.03,0.0117751665377752,"Tomato_30_1_11_Scenario_1A",11
70,94,0,-0.2891,-0.0606,-14.4041,-0.2891,-0.0606,-14.4097,0.1887,0.00560000000000116,0.4314,0.3922,0.1961,10.2987,1,-18.6158,"Tomato_30_1",0.00018,0.03,0.000335344467226835,"Tomato_30_1_11_Scenario_1A",11
90,95,2,0.8242,-0.8317,-4.1134,0.9255,-0.9274,-4.2568,0.1887,0.199959345868104,0.4314,0.3922,0.1961,10.3087,2,-28.7687,"Tomato_30_1",0.00018,0.03,0.0116840159026216,"Tomato_30_1_11_Scenario_1A",11
91,96,1,-1.0934,-1.9767,-3.773,-1.2216,-2.1122,-3.8451,0.1887,0.19998474941855,0.4314,0.3922,0.1961,10.3238,2,-29.1804,"Tomato_30_1",0.00018,0.03,0.011466399785893,"Tomato_30_1_11_Scenario_1A",11
8,97,4,-0.0496,-0.0065,-4.1738,0.111,-0.0569,-4.2818,0.1887,0.199991299810767,0.4314,0.3922,0.1961,10.3627,2,-28.7437,"Tomato_30_1",0.00018,0.03,0.011774690981268,"Tomato_30_1_11_Scenario_1A",11
92,98,3,0.6771,-0.0141,-4.146,0.8663,0.0165,-4.2033,0.1887,0.20004072085453,0.4314,0.3922,0.1961,10.3646,2,-28.8222,"Tomato_30_1",0.00018,0.03,0.0117452957622644,"Tomato_30_1_11_Scenario_1A",11
95,99,2,0.9255,-0.9274,-4.2568,1.0298,-1.0131,-4.4044,0.1887,0.200021848806574,0.4314,0.3922,0.1961,10.4179,2,-28.6211,"Tomato_30_1",0.00018,0.03,0.0116677994482463,"Tomato_30_1_11_Scenario_1A",11
96,100,1,-1.2216,-2.1122,-3.8451,-1.3442,-2.2459,-3.9293,0.1887,0.199990224761112,0.4314,0.3922,0.1961,10.4232,2,-29.0962,"Tomato_30_1",0.00018,0.03,0.0114472209994396,"Tomato_30_1_11_Scenario_1A",11
97,101,4,0.111,-0.0569,-4.2818,0.2524,-0.1089,-4.4133,0.1887,0.199975523502253,0.4314,0.3922,0.1961,10.458,2,-28.6122,"Tomato_30_1",0.00018,0.03,0.0117537472442871,"Tomato_30_1_11_Scenario_1A",11
98,102,3,0.8663,0.0165,-4.2033,1.0481,0.0931,-4.2362,0.1887,0.200003024977124,0.4314,0.3922,0.1961,10.4703,2,-28.7893,"Tomato_30_1",0.00018,0.03,0.0117264257224825,"Tomato_30_1_11_Scenario_1A",11
71,103,0,-0.2891,-0.0606,-14.4097,-0.2941,-0.0595,-14.6097,0.1887,0.2000655142697,0.4314,0.3922,0.1961,10.5026,1,-18.4158,"Tomato_30_1",0.00018,0.03,0.0117239626208923,"Tomato_30_1_11_Scenario_1A",11
100,104,1,-1.3442,-2.2459,-3.9293,-1.4869,-2.3395,-4.0336,0.1887,0.200006849882698,0.4314,0.3922,0.1961,10.5233,2,-28.9919,"Tomato_30_1",0.00018,0.03,0.0114319347481171,"Tomato_30_1_11_Scenario_1A",11
99,105,2,1.0298,-1.0131,-4.4044,1.0992,-1.1219,-4.5572,0.1887,0.200004099957976,0.4314,0.3922,0.1961,10.5281,2,-28.4683,"Tomato_30_1",0.00018,0.03,0.0116502150519864,"Tomato_30_1_11_Scenario_1A",11
101,106,4,0.2524,-0.1089,-4.4133,0.3692,-0.1655,-4.5654,0.1887,0.199950518879047,0.4314,0.3922,0.1961,10.5538,2,-28.4601,"Tomato_30_1",0.00018,0.03,0.0117356103718528,"Tomato_30_1_11_Scenario_1A",11
102,107,3,1.0481,0.0931,-4.2362,1.2394,0.1458,-4.2608,0.1887,0.199945342531403,0.4314,0.3922,0.1961,10.5768,2,-28.7647,"Tomato_30_1",0.00018,0.03,0.0117097311732625,"Tomato_30_1_11_Scenario_1A",11
104,108,1,-1.4869,-2.3395,-4.0336,-1.6299,-2.4323,-4.1382,0.1887,0.200004999937502,0.4314,0.3922,0.1961,10.6242,2,-28.8873,"Tomato_30_1",0.00018,0.03,0.0114188438495662,"Tomato_30_1_11_Scenario_1A",11
105,109,2,1.0992,-1.1219,-4.5572,1.1654,-1.2347,-4.7085,0.1887,0.199994924935609,0.4314,0.3922,0.1961,10.6392,2,-28.317,"Tomato_30_1",0.00018,0.03,0.0116364485580116,"Tomato_30_1_11_Scenario_1A",11
106,110,4,0.3692,-0.1655,-4.5654,0.4943,-0.1988,-4.7179,0.1887,0.20003787141439,0.4314,0.3922,0.1961,10.6502,2,-28.3076,"Tomato_30_1",0.00018,0.03,0.0117274008752752,"Tomato_30_1_11_Scenario_1A",11
107,111,3,1.2394,0.1458,-4.2608,1.4312,0.1964,-4.2861,0.1887,0.199969222631884,0.4314,0.3922,0.1961,10.684,2,-28.7394,"Tomato_30_1",0.00018,0.03,0.0117011480283783,"Tomato_30_1_11_Scenario_1A",11
72,112,0,-0.2941,-0.0595,-14.6097,-0.3043,-0.056,-14.7907,0.1887,0.181320958523828,0.4314,0.3922,0.1961,10.6884,1,-18.2348,"Tomato_30_1",0.00018,0.03,0.0107848439548562,"Tomato_30_1_11_Scenario_1A",11
108,113,1,-1.6299,-2.4323,-4.1382,-1.7722,-2.5253,-4.2436,0.1887,0.200018624132854,0.4314,0.3922,0.1961,10.7257,2,-28.7819,"Tomato_30_1",0.00018,0.03,0.011409885186645,"Tomato_30_1_11_Scenario_1A",11
110,114,4,0.4943,-0.1988,-4.7179,0.602,-0.2201,-4.8851,0.1887,0.200022048784628,0.4314,0.3922,0.1961,10.7472,2,-28.1404,"Tomato_30_1",0.00018,0.03,0.011716472926507,"Tomato_30_1_11_Scenario_1A",11
109,115,2,1.1654,-1.2347,-4.7085,1.2221,-1.3315,-4.8741,0.1887,0.200021223873868,0.4314,0.3922,0.1961,10.7513,2,-28.1514,"Tomato_30_1",0.00018,0.03,0.0116280563159999,"Tomato_30_1_11_Scenario_1A",11
111,116,3,1.4312,0.1964,-4.2861,1.6238,0.2354,-4.3235,0.1887,0.200036296706373,0.4314,0.3922,0.1961,10.792,2,-28.702,"Tomato_30_1",0.00018,0.03,0.0116984161211091,"Tomato_30_1_11_Scenario_1A",11
11,117,5,-0.0519,0.0045,-4.5983,-0.2273,-0.006,-4.6938,0.1887,0.199989149705678,0.4314,0.3922,0.1961,10.8028,2,-28.3317,"Tomato_30_1",0.00018,0.03,0.0117239988444656,"Tomato_30_1_11_Scenario_1A",11
113,118,1,-1.7722,-2.5253,-4.2436,-1.8883,-2.6466,-4.3523,0.1887,0.200021473847184,0.4314,0.3922,0.1961,10.828,2,-28.6732,"Tomato_30_1",0.00018,0.03,0.0114035581087377,"Tomato_30_1_11_Scenario_1A",11
114,119,4,0.602,-0.2201,-4.8851,0.7068,-0.2426,-5.0539,0.1887,0.199956820338791,0.4314,0.3922,0.1961,10.8449,2,-27.9716,"Tomato_30_1",0.00018,0.03,0.011705989930143,"Tomato_30_1_11_Scenario_1A",11
115,120,2,1.2221,-1.3315,-4.8741,1.2729,-1.4319,-5.0395,0.1887,0.200044894961106,0.4314,0.3922,0.1961,10.8643,2,-27.986,"Tomato_30_1",0.00018,0.03,0.0116228177384592,"Tomato_30_1_11_Scenario_1A",11
73,121,0,-0.3043,-0.056,-14.7907,-0.3173,-0.049,-14.9902,0.1887,0.200045619797086,0.4314,0.3922,0.1961,10.8942,1,-18.0353,"Tomato_30_1",0.00018,0.03,0.0116752736415957,"Tomato_30_1_11_Scenario_1A",11
116,122,3,1.6238,0.2354,-4.3235,1.8075,0.2867,-4.3836,0.1887,0.199973473240828,0.4314,0.3922,0.1961,10.9008,2,-28.6419,"Tomato_30_1",0.00018,0.03,0.0116914152193388,"Tomato_30_1_11_Scenario_1A",11
117,123,5,-0.2273,-0.006,-4.6938,-0.3965,-0.0109,-4.8003,0.1887,0.199987249593568,0.4314,0.3922,0.1961,10.9042,2,-28.2252,"Tomato_30_1",0.00018,0.03,0.011720552656415,"Tomato_30_1_11_Scenario_1A",11
118,124,1,-1.8883,-2.6466,-4.3523,-2.0066,-2.7737,-4.4515,0.1887,0.199974848418495,0.4314,0.3922,0.1961,10.931,2,-28.574,"Tomato_30_1",0.00018,0.03,0.0113976567876959,"Tomato_30_1_11_Scenario_1A",11
119,125,4,0.7068,-0.2426,-5.0539,0.8037,-0.2478,-5.2289,0.1887,0.200104097909064,0.4314,0.3922,0.1961,10.9432,2,-27.7966,"Tomato_30_1",0.00018,0.03,0.0117112779591499,"Tomato_30_1_11_Scenario_1A",11
120,126,2,1.2729,-1.4319,-5.0395,1.3345,-1.534,-5.2,0.1887,0.199948043251241,0.4314,0.3922,0.1961,10.9784,2,-27.8255,"Tomato_30_1",0.00018,0.03,0.0116138860928414,"Tomato_30_1_11_Scenario_1A",11
0,1,0,0,0,-3,8e-04,0.0017,-3.2,0.1887,0.200008824805307,0.4314,0.3922,0.1961,0.16,1,-29.8255,"Tomato_30_1",1.8e-05,0.1,0.000258443013027224,"Tomato_30_1_16_Scenario_1A",16
1,2,0,8e-04,0.0017,-3.2,-0.0035,0.0033,-3.3796,0.1887,0.179658592892185,0.4314,0.3922,0.1961,0.3042,1,-29.6459,"Tomato_30_1",1.8e-05,0.1,0.00022534097403982,"Tomato_30_1_16_Scenario_1A",16
2,3,0,-0.0035,0.0033,-3.3796,-0.0076,-0.0021,-3.5794,0.1887,0.19991500694045,0.4314,0.3922,0.1961,0.4653,1,-29.4461,"Tomato_30_1",1.8e-05,0.1,0.000243760770065623,"Tomato_30_1_16_Scenario_1A",16
3,4,0,-0.0076,-0.0021,-3.5794,-0.0197,-0.0047,-3.7583,0.1887,0.179327577354962,0.4314,0.3922,0.1961,0.6103,1,-29.2672,"Tomato_30_1",1.8e-05,0.1,0.00021278518413749,"Tomato_30_1_16_Scenario_1A",16
4,5,0,-0.0197,-0.0047,-3.7583,-0.0365,-0.0094,-3.9575,0.1887,0.199962421469635,0.4314,0.3922,0.1961,0.7726,1,-29.068,"Tomato_30_1",1.8e-05,0.1,0.000231204342873627,"Tomato_30_1_16_Scenario_1A",16
5,6,0,-0.0365,-0.0094,-3.9575,-0.0487,-0.0069,-4.1571,0.1887,0.19998812464744,0.4314,0.3922,0.1961,0.9356,1,-28.8684,"Tomato_30_1",1.8e-05,0.1,0.000225275899409213,"Tomato_30_1_16_Scenario_1A",16
6,7,0,-0.0487,-0.0069,-4.1571,-0.0496,-0.0065,-4.1738,0.1887,0.0167290167075057,0.4314,0.3922,0.1961,0.9492,1,-28.8517,"Tomato_30_1",1.8e-05,0.1,1.85941312854848e-05,"Tomato_30_1_16_Scenario_1A",16
7,8,0,-0.0496,-0.0065,-4.1738,-0.0527,-0.0051,-4.3737,0.1887,0.199928937375259,0.4314,0.3922,0.1961,1.1128,1,-28.6518,"Tomato_30_1",1.8e-05,0.1,0.000219230247723313,"Tomato_30_1_16_Scenario_1A",16
8,9,0,-0.0527,-0.0051,-4.3737,-0.0516,0.0018,-4.5736,0.1887,0.20002207378187,0.4314,0.3922,0.1961,1.277,1,-28.4519,"Tomato_30_1",1.8e-05,0.1,0.000214200718890575,"Tomato_30_1_16_Scenario_1A",16
9,10,0,-0.0516,0.0018,-4.5736,-0.0519,0.0045,-4.5983,0.1887,0.0248489436395193,0.4314,0.3922,0.1961,1.2974,1,-28.4272,"Tomato_30_1",1.8e-05,0.1,2.62790293766451e-05,"Tomato_30_1_16_Scenario_1A",16
10,11,0,-0.0519,0.0045,-4.5983,-0.0518,0.0189,-4.7977,0.1887,0.199919308722294,0.4314,0.3922,0.1961,1.4624,1,-28.2278,"Tomato_30_1",1.8e-05,0.1,0.000208761063987416,"Tomato_30_1_16_Scenario_1A",16
11,12,0,-0.0518,0.0189,-4.7977,-0.0546,0.0241,-4.9572,0.1887,0.159609304240073,0.4314,0.3922,0.1961,1.5944,1,-28.0683,"Tomato_30_1",1.8e-05,0.1,0.000163480425537474,"Tomato_30_1_16_Scenario_1A",16
12,13,0,-0.0546,0.0241,-4.9572,-0.0609,0.0267,-5.1571,0.1887,0.200016149347996,0.4314,0.3922,0.1961,1.7606,1,-27.8684,"Tomato_30_1",1.8e-05,0.1,0.000201207405294869,"Tomato_30_1_16_Scenario_1A",16
13,14,0,-0.0609,0.0267,-5.1571,-0.0486,0.023,-5.351,0.1887,0.194324959796728,0.4314,0.3922,0.1961,1.9226,1,-27.6745,"Tomato_30_1",1.8e-05,0.1,0.000191874912607604,"Tomato_30_1_16_Scenario_1A",16
14,15,0,-0.0486,0.023,-5.351,-0.04,0.0221,-5.5508,0.1887,0.199987024579096,0.4314,0.3922,0.1961,2.09,1,-27.4747,"Tomato_30_1",1.8e-05,0.1,0.000194062231189645,"Tomato_30_1_16_Scenario_1A",16
15,16,0,-0.04,0.0221,-5.5508,-0.0545,0.0186,-5.734,0.1887,0.183806256694379,0.4314,0.3922,0.1961,2.2444,1,-27.2915,"Tomato_30_1",1.8e-05,0.1,0.000175554858874982,"Tomato_30_1_16_Scenario_1A",16
16,17,0,-0.0545,0.0186,-5.734,-0.094,-0.0262,-5.9249,0.1887,0.200025248406295,0.4314,0.3922,0.1961,2.4131,1,-27.1006,"Tomato_30_1",1.8e-05,0.1,0.000188274245394566,"Tomato_30_1_16_Scenario_1A",16
17,18,0,-0.094,-0.0262,-5.9249,-0.1396,-0.0361,-6.1064,0.1887,0.18740229454305,0.4314,0.3922,0.1961,2.5718,1,-26.9191,"Tomato_30_1",1.8e-05,0.1,0.000174003232867282,"Tomato_30_1_16_Scenario_1A",16
18,19,0,-0.1396,-0.0361,-6.1064,-0.1696,-0.0266,-6.3039,0.1887,0.199991249808585,0.4314,0.3922,0.1961,2.7418,1,-26.7216,"Tomato_30_1",1.8e-05,0.1,0.000183405530318764,"Tomato_30_1_16_Scenario_1A",16
19,20,0,-0.1696,-0.0266,-6.3039,-0.1879,-0.0183,-6.5029,0.1887,0.200011949643016,0.4314,0.3922,0.1961,2.9124,1,-26.5226,"Tomato_30_1",1.8e-05,0.1,0.00018128615234841,"Tomato_30_1_16_Scenario_1A",16
20,21,0,-0.1879,-0.0183,-6.5029,-0.1885,-0.0176,-6.5137,0.1887,0.0108392804189205,0.4314,0.3922,0.1961,2.9217,1,-26.5118,"Tomato_30_1",1.8e-05,0.1,9.76973728067842e-06,"Tomato_30_1_16_Scenario_1A",16
21,22,0,-0.1885,-0.0176,-6.5137,-0.1613,-0.0174,-6.7118,0.1887,0.199958720740057,0.4314,0.3922,0.1961,3.0931,1,-26.3137,"Tomato_30_1",1.8e-05,0.1,0.000179219334379058,"Tomato_30_1_16_Scenario_1A",16
22,23,0,-0.1613,-0.0174,-6.7118,-0.1496,-0.0367,-6.9105,0.1887,0.199977673753846,0.4314,0.3922,0.1961,3.2651,1,-26.115,"Tomato_30_1",1.8e-05,0.1,0.000177539571255253,"Tomato_30_1_16_Scenario_1A",16
23,24,0,-0.1496,-0.0367,-6.9105,-0.1494,-0.0375,-6.9182,0.1887,0.00774402995861956,0.4314,0.3922,0.1961,3.2718,1,-26.1073,"Tomato_30_1",1.8e-05,0.1,6.84537407465316e-06,"Tomato_30_1_16_Scenario_1A",16
24,25,0,-0.1494,-0.0375,-6.9182,-0.1438,-0.0419,-7.118,0.1887,0.199926886636091,0.4314,0.3922,0.1961,3.4446,1,-25.9075,"Tomato_30_1",1.8e-05,0.1,0.000175958983246694,"Tomato_30_1_16_Scenario_1A",16
25,26,0,-0.1438,-0.0419,-7.118,-0.1465,-0.044,-7.318,0.1887,0.200029247861406,0.4314,0.3922,0.1961,3.6181,1,-25.7075,"Tomato_30_1",1.8e-05,0.1,0.00017476664950185,"Tomato_30_1_16_Scenario_1A",16
26,27,0,-0.1465,-0.044,-7.318,-0.1464,-0.0442,-7.3225,0.1887,0.00450555213042769,0.4314,0.3922,0.1961,3.622,1,-25.703,"Tomato_30_1",1.8e-05,0.1,3.92401291346452e-06,"Tomato_30_1_16_Scenario_1A",16
27,28,0,-0.1464,-0.0442,-7.3225,-0.1501,-0.052,-7.5223,0.1887,0.199986424539268,0.4314,0.3922,0.1961,3.7962,1,-25.5032,"Tomato_30_1",1.8e-05,0.1,0.000173619072689397,"Tomato_30_1_16_Scenario_1A",16
28,29,0,-0.1501,-0.052,-7.5223,-0.1569,-0.061,-7.722,0.1887,0.200018324160563,0.4314,0.3922,0.1961,3.9712,1,-25.3035,"Tomato_30_1",1.8e-05,0.1,0.000172730666602538,"Tomato_30_1_16_Scenario_1A",16
29,30,0,-0.1569,-0.061,-7.722,-0.1574,-0.0627,-7.7413,0.1887,0.0193811764348808,0.4314,0.3922,0.1961,3.9881,1,-25.2842,"Tomato_30_1",1.8e-05,0.1,1.66973913302281e-05,"Tomato_30_1_16_Scenario_1A",16
30,31,0,-0.1574,-0.0627,-7.7413,-0.1816,-0.0573,-7.9397,0.1887,0.199943391988833,0.4314,0.3922,0.1961,4.1639,1,-25.0858,"Tomato_30_1",1.8e-05,0.1,0.000171847688610534,"Tomato_30_1_16_Scenario_1A",16
31,32,0,-0.1816,-0.0573,-7.9397,-0.2053,-0.0514,-8.1382,0.1887,0.199996874975585,0.4314,0.3922,0.1961,4.3404,1,-24.8873,"Tomato_30_1",1.8e-05,0.1,0.000171270215304499,"Tomato_30_1_16_Scenario_1A",16
32,33,0,-0.2053,-0.0514,-8.1382,-0.2064,-0.051,-8.1464,0.1887,0.00828311535595195,0.4314,0.3922,0.1961,4.3476,1,-24.8791,"Tomato_30_1",1.8e-05,0.1,7.08255267600163e-06,"Tomato_30_1_16_Scenario_1A",16
33,34,0,-0.2064,-0.051,-8.1464,-0.2092,-0.0498,-8.3463,0.1887,0.199923210258338,0.4314,0.3922,0.1961,4.5249,1,-24.6792,"Tomato_30_1",1.8e-05,0.1,0.000170685774653745,"Tomato_30_1_16_Scenario_1A",16
34,35,0,-0.2092,-0.0498,-8.3463,-0.2114,-0.0528,-8.5187,0.1887,0.172440134539499,0.4314,0.3922,0.1961,4.6782,1,-24.5068,"Tomato_30_1",1.8e-05,0.1,0.000146890232578988,"Tomato_30_1_16_Scenario_1A",16
35,36,0,-0.2114,-0.0528,-8.5187,-0.2227,-0.0652,-8.718,0.1887,0.200004849941194,0.4314,0.3922,0.1961,4.8569,1,-24.3075,"Tomato_30_1",1.8e-05,0.1,0.000170080382722398,"Tomato_30_1_16_Scenario_1A",16
36,37,0,-0.2227,-0.0652,-8.718,-0.2329,-0.0826,-8.917,0.1887,0.200019499049468,0.4314,0.3922,0.1961,5.0362,1,-24.1085,"Tomato_30_1",1.8e-05,0.1,0.000169861202673887,"Tomato_30_1_16_Scenario_1A",16
37,38,0,-0.2329,-0.0826,-8.917,-0.2335,-0.0849,-8.9351,0.1887,0.0182554101569923,0.4314,0.3922,0.1961,5.0527,1,-24.0904,"Tomato_30_1",1.8e-05,0.1,1.54953614341045e-05,"Tomato_30_1_16_Scenario_1A",16
38,39,0,-0.2335,-0.0849,-8.9351,-0.2285,-0.0913,-9.135,0.1887,0.20006491446528,0.4314,0.3922,0.1961,5.2329,1,-23.8905,"Tomato_30_1",1.8e-05,0.1,0.000169734673366046,"Tomato_30_1_16_Scenario_1A",16
39,40,0,-0.2285,-0.0913,-9.135,-0.229,-0.0944,-9.3261,0.1887,0.191125796270415,0.4314,0.3922,0.1961,5.4058,1,-23.6994,"Tomato_30_1",1.8e-05,0.1,0.00016204379786891,"Tomato_30_1_16_Scenario_1A",16
40,41,0,-0.229,-0.0944,-9.3261,-0.2252,-0.0958,-9.526,0.1887,0.199941016302308,0.4314,0.3922,0.1961,5.5876,1,-23.4995,"Tomato_30_1",1.8e-05,0.1,0.000169443331305921,"Tomato_30_1_16_Scenario_1A",16
41,42,0,-0.2252,-0.0958,-9.526,-0.2261,-0.096,-9.7079,0.1887,0.181902336433593,0.4314,0.3922,0.1961,5.7535,1,-23.3176,"Tomato_30_1",1.8e-05,0.1,0.000154097289861729,"Tomato_30_1_16_Scenario_1A",16
42,43,0,-0.2261,-0.096,-9.7079,-0.2244,-0.0979,-9.9079,0.1887,0.200016249339897,0.4314,0.3922,0.1961,5.9367,1,-23.1176,"Tomato_30_1",1.8e-05,0.1,0.000169386199318324,"Tomato_30_1_16_Scenario_1A",16
43,44,0,-0.2244,-0.0979,-9.9079,-0.2229,-0.0984,-10.1079,0.1887,0.200006249902348,0.4314,0.3922,0.1961,6.1207,1,-22.9176,"Tomato_30_1",1.8e-05,0.1,0.000169320309218308,"Tomato_30_1_16_Scenario_1A",16
44,45,0,-0.2229,-0.0984,-10.1079,-0.2228,-0.0983,-10.1117,0.1887,0.00380263066836633,0.4314,0.3922,0.1961,6.1242,1,-22.9138,"Tomato_30_1",1.8e-05,0.1,3.21866559548072e-06,"Tomato_30_1_16_Scenario_1A",16
45,46,0,-0.2228,-0.0983,-10.1117,-0.2454,-0.0862,-10.3101,0.1887,0.20004931891911,0.4314,0.3922,0.1961,6.309,1,-22.7154,"Tomato_30_1",1.8e-05,0.1,0.000169299726959789,"Tomato_30_1_16_Scenario_1A",16
46,47,0,-0.2454,-0.0862,-10.3101,-0.2373,-0.0791,-10.5098,0.1887,0.199990274763549,0.4314,0.3922,0.1961,6.4947,1,-22.5157,"Tomato_30_1",1.8e-05,0.1,0.000169195256829784,"Tomato_30_1_16_Scenario_1A",16
47,48,0,-0.2373,-0.0791,-10.5098,-0.2361,-0.0786,-10.5269,0.1887,0.017149344010777,0.4314,0.3922,0.1961,6.5106,1,-22.4986,"Tomato_30_1",1.8e-05,0.1,1.45061537847173e-05,"Tomato_30_1_16_Scenario_1A",16
48,49,0,-0.2361,-0.0786,-10.5269,-0.2203,-0.0646,-10.7258,0.1887,0.200017124266899,0.4314,0.3922,0.1961,6.6971,1,-22.2997,"Tomato_30_1",1.8e-05,0.1,0.000169160429702268,"Tomato_30_1_16_Scenario_1A",16
49,50,0,-0.2203,-0.0646,-10.7258,-0.2474,-0.0721,-10.9226,0.1887,0.198798641846467,0.4314,0.3922,0.1961,6.8834,1,-22.1029,"Tomato_30_1",1.8e-05,0.1,0.000168078894233894,"Tomato_30_1_16_Scenario_1A",16
50,51,0,-0.2474,-0.0721,-10.9226,-0.2775,-0.0563,-11.1197,0.1887,0.200010149742458,0.4314,0.3922,0.1961,7.0715,1,-21.9058,"Tomato_30_1",1.8e-05,0.1,0.00016905328922984,"Tomato_30_1_16_Scenario_1A",16
51,52,0,-0.2775,-0.0563,-11.1197,-0.2987,-0.0521,-11.2988,0.1887,0.180399251661419,0.4314,0.3922,0.1961,7.242,1,-21.7267,"Tomato_30_1",1.8e-05,0.1,0.000152435958454903,"Tomato_30_1_16_Scenario_1A",16
52,53,0,-0.2987,-0.0521,-11.2988,-0.302,-0.0491,-11.4988,0.1887,0.200049718820097,0.4314,0.3922,0.1961,7.4317,1,-21.5267,"Tomato_30_1",1.8e-05,0.1,0.000168995488443946,"Tomato_30_1_16_Scenario_1A",16
53,54,0,-0.302,-0.0491,-11.4988,-0.3074,-0.0422,-11.6986,0.1887,0.199992024840994,0.4314,0.3922,0.1961,7.6223,1,-21.3269,"Tomato_30_1",1.8e-05,0.1,0.000168900882712064,"Tomato_30_1_16_Scenario_1A",16
54,55,0,-0.3074,-0.0422,-11.6986,-0.3074,-0.0422,-11.699,0.1887,0.000399999999999068,0.4314,0.3922,0.1961,7.6227,1,-21.3265,"Tomato_30_1",1.8e-05,0.1,3.37770245669834e-07,"Tomato_30_1_16_Scenario_1A",16
55,56,0,-0.3074,-0.0422,-11.699,-0.3052,-0.0335,-11.8988,0.1887,0.200001424994923,0.4314,0.3922,0.1961,7.8141,1,-21.1267,"Tomato_30_1",1.8e-05,0.1,0.000168864311729054,"Tomato_30_1_16_Scenario_1A",16
56,57,0,-0.3052,-0.0335,-11.8988,-0.3126,-0.0193,-12.0728,0.1887,0.174735228274096,0.4314,0.3922,0.1961,7.9821,1,-20.9527,"Tomato_30_1",1.8e-05,0.1,0.000147496441800342,"Tomato_30_1_16_Scenario_1A",16
57,58,0,-0.3126,-0.0193,-12.0728,-0.3107,-0.0319,-12.2723,0.1887,0.199906528157535,0.4314,0.3922,0.1961,8.1752,1,-20.7532,"Tomato_30_1",1.8e-05,0.086973,0.000168701801732896,"Tomato_30_1_16_Scenario_1A",16
58,59,0,-0.3107,-0.0319,-12.2723,-0.3102,-0.0432,-12.4363,0.1887,0.164389598211079,0.4314,0.3922,0.1961,8.3345,1,-20.5892,"Tomato_30_1",1.8e-05,0.075822,0.000138691923184173,"Tomato_30_1_16_Scenario_1A",16
59,60,0,-0.3102,-0.0432,-12.4363,-0.3149,-0.0519,-12.636,0.1887,0.199944667345743,0.4314,0.3922,0.1961,8.5291,1,-20.3895,"Tomato_30_1",1.8e-05,0.0622000000000001,0.000168636537992849,"Tomato_30_1_16_Scenario_1A",16
60,61,0,-0.3149,-0.0519,-12.636,-0.3157,-0.0607,-12.8249,0.1887,0.189106557263359,0.4314,0.3922,0.1961,8.714,1,-20.2006,"Tomato_30_1",1.8e-05,0.049257,0.000159432763117857,"Tomato_30_1_16_Scenario_1A",16
61,62,0,-0.3157,-0.0607,-12.8249,-0.3131,-0.049,-13.0245,0.1887,0.199959520903607,0.4314,0.3922,0.1961,8.9104,1,-20.001,"Tomato_30_1",1.8e-05,0.0355090000000001,0.000168497051907376,"Tomato_30_1_16_Scenario_1A",16
62,63,0,-0.3131,-0.049,-13.0245,-0.3031,-0.0419,-13.2241,0.1887,0.199976423610385,0.4314,0.3922,0.1961,9.1078,1,-19.8014,"Tomato_30_1",3.72293999999998e-05,0.03,0.000348312324315207,"Tomato_30_1_16_Scenario_1A",16
63,64,0,-0.3031,-0.0419,-13.2241,-0.3024,-0.0415,-13.2385,0.1887,0.014422551785312,0.4314,0.3922,0.1961,9.122,1,-19.787,"Tomato_30_1",3.95297999999999e-05,0.03,2.66636491325597e-05,"Tomato_30_1_16_Scenario_1A",16
1,65,1,0,0,-3,-0.0863,-0.1654,-3.0721,0.1887,0.20000814983395,0.4314,0.3922,0.1961,9.181,2,-29.9534,"Tomato_30_1",4.90877999999998e-05,0.03,0.000687867529547702,"Tomato_30_1_16_Scenario_1A",16
65,66,1,-0.0863,-0.1654,-3.0721,-0.173,-0.3372,-3.1268,0.1887,0.200060540837018,0.4314,0.3922,0.1961,9.2729,2,-29.8987,"Tomato_30_1",6.39755999999999e-05,0.03,0.000883168000259256,"Tomato_30_1_16_Scenario_1A",16
64,67,0,-0.3024,-0.0415,-13.2385,-0.2928,-0.0311,-13.438,0.1887,0.200001424994924,0.4314,0.3922,0.1961,9.3203,1,-19.5875,"Tomato_30_1",7.16543999999999e-05,0.03,0.000670025088094697,"Tomato_30_1_16_Scenario_1A",16
66,68,1,-0.173,-0.3372,-3.1268,-0.2946,-0.4857,-3.183,0.1887,0.199993124881832,0.4314,0.3922,0.1961,9.3653,2,-29.8425,"Tomato_30_1",7.89443999999998e-05,0.03,0.00107318764699915,"Tomato_30_1_16_Scenario_1A",16
68,69,1,-0.2946,-0.4857,-3.183,-0.3906,-0.6527,-3.2364,0.1887,0.199891370499079,0.4314,0.3922,0.1961,9.4583,2,-29.7891,"Tomato_30_1",9.40103999999998e-05,0.03,0.00125867831212921,"Tomato_30_1_16_Scenario_1A",16
65,70,0,-0.2928,-0.0311,-13.438,-0.2911,-0.0329,-13.6279,0.1887,0.189916139387889,0.4314,0.3922,0.1961,9.5095,1,-19.3976,"Tomato_30_1",0.0001023048,0.03,0.00135056714546954,"Tomato_30_1_16_Scenario_1A",16
69,71,1,-0.3906,-0.6527,-3.2364,-0.4951,-0.8166,-3.2834,0.1887,0.19998114911161,0.4314,0.3922,0.1961,9.552,2,-29.7421,"Tomato_30_1",0.0001091898,0.03,0.00144192345428984,"Tomato_30_1_16_Scenario_1A",16
3,72,2,-0.0035,0.0033,-3.3796,0.1371,-0.115,-3.4585,0.1887,0.199971147918894,0.4314,0.3922,0.1961,9.569,2,-29.567,"Tomato_30_1",0.0001119438,0.03,0.00148355820330456,"Tomato_30_1_16_Scenario_1A",16
71,73,1,-0.4951,-0.8166,-3.2834,-0.5975,-0.9824,-3.3289,0.1887,0.200114092457278,0.4314,0.3922,0.1961,9.6462,2,-29.6966,"Tomato_30_1",0.0001244502,0.03,0.00162196901702708,"Tomato_30_1_16_Scenario_1A",16
72,74,2,0.1371,-0.115,-3.4585,0.2623,-0.2368,-3.556,0.1887,0.200041320731493,0.4314,0.3922,0.1961,9.6721,2,-29.4695,"Tomato_30_1",0.000128646,0.03,0.0016830488888598,"Tomato_30_1_16_Scenario_1A",16
66,75,0,-0.2911,-0.0329,-13.6279,-0.2894,-0.0346,-13.8279,0.1887,0.200014449478031,0.4314,0.3922,0.1961,9.7097,1,-19.1976,"Tomato_30_1",0.0001347372,0.03,0.00184542367034038,"Tomato_30_1_16_Scenario_1A",16
73,76,1,-0.5975,-0.9824,-3.3289,-0.6724,-1.1513,-3.4053,0.1887,0.19993543957988,0.4314,0.3922,0.1961,9.7411,2,-29.6202,"Tomato_30_1",0.000139824,0.03,0.00179625293366721,"Tomato_30_1_16_Scenario_1A",16
74,77,2,0.2623,-0.2368,-3.556,0.3859,-0.366,-3.6455,0.1887,0.1999496186543,0.4314,0.3922,0.1961,9.7761,2,-29.38,"Tomato_30_1",0.000145494,0.03,0.00187811287497142,"Tomato_30_1_16_Scenario_1A",16
76,78,1,-0.6724,-1.1513,-3.4053,-0.7558,-1.3107,-3.4927,0.1887,0.200006699887779,0.4314,0.3922,0.1961,9.8366,2,-29.5328,"Tomato_30_1",0.000155295,0.03,0.00196955597355061,"Tomato_30_1_16_Scenario_1A",16
77,79,2,0.3859,-0.366,-3.6455,0.5155,-0.4948,-3.7269,0.1887,0.200028897912277,0.4314,0.3922,0.1961,9.8808,2,-29.2986,"Tomato_30_1",0.0001624554,0.03,0.00207162414012417,"Tomato_30_1_16_Scenario_1A",16
67,80,0,-0.2894,-0.0346,-13.8279,-0.291,-0.0362,-14.0053,0.1887,0.177414430078278,0.4314,0.3922,0.1961,9.8881,1,-19.0202,"Tomato_30_1",0.000163638,0.03,0.00135670124147651,"Tomato_30_1_16_Scenario_1A",16
78,81,1,-0.7558,-1.3107,-3.4927,-0.8396,-1.4698,-3.5804,0.1887,0.200066338997843,0.4314,0.3922,0.1961,9.9327,2,-29.4451,"Tomato_30_1",0.0001708632,0.03,0.00213973842333114,"Tomato_30_1_16_Scenario_1A",16
5,82,3,-0.0197,-0.0047,-3.7583,0.1619,0.0105,-3.8407,0.1887,0.1999983999936,0.4314,0.3922,0.1961,9.9489,2,-29.1848,"Tomato_30_1",0.0001734876,0.03,0.0021840417063672,"Tomato_30_1_16_Scenario_1A",16
79,83,2,0.5155,-0.4948,-3.7269,0.6282,-0.6081,-3.8471,0.1887,0.199965547032483,0.4314,0.3922,0.1961,9.9865,2,-29.1784,"Tomato_30_1",0.0001795788,0.03,0.00226146744351707,"Tomato_30_1_16_Scenario_1A",16
81,84,1,-0.8396,-1.4698,-3.5804,-0.9143,-1.6461,-3.638,0.1887,0.19994884345752,0.4314,0.3922,0.1961,10.0295,2,-29.3875,"Tomato_30_1",0.00018,0.03,0.00222414526863442,"Tomato_30_1_16_Scenario_1A",16
82,85,3,0.1619,0.0105,-3.8407,0.3325,0.0032,-3.9448,0.1887,0.19998614952041,0.4314,0.3922,0.1961,10.0517,2,-29.0807,"Tomato_30_1",0.00018,0.03,0.00223771642667421,"Tomato_30_1_16_Scenario_1A",16
68,86,0,-0.291,-0.0362,-14.0053,-0.288,-0.0584,-14.2041,0.1887,0.200058191534364,0.4314,0.3922,0.1961,10.09,1,-18.8214,"Tomato_30_1",0.00018,0.03,0.00242888661193134,"Tomato_30_1_16_Scenario_1A",16
83,87,2,0.6282,-0.6081,-3.8471,0.722,-0.7308,-3.9742,0.1887,0.200020348964799,0.4314,0.3922,0.1961,10.093,2,-29.0513,"Tomato_30_1",0.00018,0.03,0.00224081136201068,"Tomato_30_1_16_Scenario_1A",16
84,88,1,-0.9143,-1.6461,-3.638,-0.9948,-1.8153,-3.7079,0.1887,0.199987249593568,0.4314,0.3922,0.1961,10.1269,2,-29.3176,"Tomato_30_1",0.00018,0.03,0.00219655672011163,"Tomato_30_1_16_Scenario_1A",16
85,89,3,0.3325,0.0032,-3.9448,0.4994,-0.0091,-4.0544,0.1887,0.200047644325046,0.4314,0.3922,0.1961,10.1553,2,-28.9711,"Tomato_30_1",0.00018,0.03,0.00221149132024911,"Tomato_30_1_16_Scenario_1A",16
87,90,2,0.722,-0.7308,-3.9742,0.8242,-0.8317,-4.1134,0.1887,0.200005724918063,0.4314,0.3922,0.1961,10.2004,2,-28.9121,"Tomato_30_1",0.00018,0.03,0.00221508218184547,"Tomato_30_1_16_Scenario_1A",16
88,91,1,-0.9948,-1.8153,-3.7079,-1.0934,-1.9767,-3.773,0.1887,0.20002482345949,0.4314,0.3922,0.1961,10.225,2,-29.2525,"Tomato_30_1",0.00018,0.03,0.00216988623976836,"Tomato_30_1_16_Scenario_1A",16
89,92,3,0.4994,-0.0091,-4.0544,0.6771,-0.0141,-4.146,0.1887,0.199982124201139,0.4314,0.3922,0.1961,10.2596,2,-28.8795,"Tomato_30_1",0.00018,0.03,0.00218511554866706,"Tomato_30_1_16_Scenario_1A",16
69,93,0,-0.288,-0.0584,-14.2041,-0.2891,-0.0606,-14.4041,0.1887,0.200015124428128,0.4314,0.3922,0.1961,10.2929,1,-18.6214,"Tomato_30_1",0.00018,0.03,0.00239347354276632,"Tomato_30_1_16_Scenario_1A",16
70,94,0,-0.2891,-0.0606,-14.4041,-0.2891,-0.0606,-14.4097,0.1887,0.00560000000000116,0.4314,0.3922,0.1961,10.2987,1,-18.6158,"Tomato_30_1",0.00018,0.03,7.00567957084228e-05,"Tomato_30_1_16_Scenario_1A",16
90,95,2,0.8242,-0.8317,-4.1134,0.9255,-0.9274,-4.2568,0.1887,0.199959345868104,0.4314,0.3922,0.1961,10.3087,2,-28.7687,"Tomato_30_1",0.00018,0.03,0.00219001508033616,"Tomato_30_1_16_Scenario_1A",16
91,96,1,-1.0934,-1.9767,-3.773,-1.2216,-2.1122,-3.8451,0.1887,0.19998474941855,0.4314,0.3922,0.1961,10.3238,2,-29.1804,"Tomato_30_1",0.00018,0.03,0.00214360846771856,"Tomato_30_1_16_Scenario_1A",16
8,97,4,-0.0496,-0.0065,-4.1738,0.111,-0.0569,-4.2818,0.1887,0.199991299810767,0.4314,0.3922,0.1961,10.3627,2,-28.7437,"Tomato_30_1",0.00018,0.03,0.00215261412816389,"Tomato_30_1_16_Scenario_1A",16
92,98,3,0.6771,-0.0141,-4.146,0.8663,0.0165,-4.2033,0.1887,0.20004072085453,0.4314,0.3922,0.1961,10.3646,2,-28.8222,"Tomato_30_1",0.00018,0.03,0.0021610504549189,"Tomato_30_1_16_Scenario_1A",16
95,99,2,0.9255,-0.9274,-4.2568,1.0298,-1.0131,-4.4044,0.1887,0.200021848806574,0.4314,0.3922,0.1961,10.4179,2,-28.6211,"Tomato_30_1",0.00018,0.03,0.00216738406140271,"Tomato_30_1_16_Scenario_1A",16
96,100,1,-1.2216,-2.1122,-3.8451,-1.3442,-2.2459,-3.9293,0.1887,0.199990224761112,0.4314,0.3922,0.1961,10.4232,2,-29.0962,"Tomato_30_1",0.00018,0.03,0.00211904556730321,"Tomato_30_1_16_Scenario_1A",16
97,101,4,0.111,-0.0569,-4.2818,0.2524,-0.1089,-4.4133,0.1887,0.199975523502253,0.4314,0.3922,0.1961,10.458,2,-28.6122,"Tomato_30_1",0.00018,0.03,0.00212732266324765,"Tomato_30_1_16_Scenario_1A",16
98,102,3,0.8663,0.0165,-4.2033,1.0481,0.0931,-4.2362,0.1887,0.200003024977124,0.4314,0.3922,0.1961,10.4703,2,-28.7893,"Tomato_30_1",0.00018,0.03,0.00213688560444963,"Tomato_30_1_16_Scenario_1A",16
71,103,0,-0.2891,-0.0606,-14.4097,-0.2941,-0.0595,-14.6097,0.1887,0.2000655142697,0.4314,0.3922,0.1961,10.5026,1,-18.4158,"Tomato_30_1",0.00018,0.03,0.0023612435651868,"Tomato_30_1_16_Scenario_1A",16
100,104,1,-1.3442,-2.2459,-3.9293,-1.4869,-2.3395,-4.0336,0.1887,0.200006849882698,0.4314,0.3922,0.1961,10.5233,2,-28.9919,"Tomato_30_1",0.00018,0.03,0.00209580263822266,"Tomato_30_1_16_Scenario_1A",16
99,105,2,1.0298,-1.0131,-4.4044,1.0992,-1.1219,-4.5572,0.1887,0.200004099957976,0.4314,0.3922,0.1961,10.5281,2,-28.4683,"Tomato_30_1",0.00018,0.03,0.00214510363187885,"Tomato_30_1_16_Scenario_1A",16
101,106,4,0.2524,-0.1089,-4.4133,0.3692,-0.1655,-4.5654,0.1887,0.199950518879047,0.4314,0.3922,0.1961,10.5538,2,-28.4601,"Tomato_30_1",0.00018,0.03,0.00210288452512385,"Tomato_30_1_16_Scenario_1A",16
102,107,3,1.0481,0.0931,-4.2362,1.2394,0.1458,-4.2608,0.1887,0.199945342531403,0.4314,0.3922,0.1961,10.5768,2,-28.7647,"Tomato_30_1",0.00018,0.03,0.00211373981702628,"Tomato_30_1_16_Scenario_1A",16
104,108,1,-1.4869,-2.3395,-4.0336,-1.6299,-2.4323,-4.1382,0.1887,0.200004999937502,0.4314,0.3922,0.1961,10.6242,2,-28.8873,"Tomato_30_1",0.00018,0.03,0.0020732596468303,"Tomato_30_1_16_Scenario_1A",16
105,109,2,1.0992,-1.1219,-4.5572,1.1654,-1.2347,-4.7085,0.1887,0.199994924935609,0.4314,0.3922,0.1961,10.6392,2,-28.317,"Tomato_30_1",0.00018,0.03,0.00212383145166073,"Tomato_30_1_16_Scenario_1A",16
106,110,4,0.3692,-0.1655,-4.5654,0.4943,-0.1988,-4.7179,0.1887,0.20003787141439,0.4314,0.3922,0.1961,10.6502,2,-28.3076,"Tomato_30_1",0.00018,0.03,0.00208051119810295,"Tomato_30_1_16_Scenario_1A",16
107,111,3,1.2394,0.1458,-4.2608,1.4312,0.1964,-4.2861,0.1887,0.199969222631884,0.4314,0.3922,0.1961,10.684,2,-28.7394,"Tomato_30_1",0.00018,0.03,0.002092365721169,"Tomato_30_1_16_Scenario_1A",16
72,112,0,-0.2941,-0.0595,-14.6097,-0.3043,-0.056,-14.7907,0.1887,0.181320958523828,0.4314,0.3922,0.1961,10.6884,1,-18.2348,"Tomato_30_1",0.00018,0.03,0.00214839382713291,"Tomato_30_1_16_Scenario_1A",16
108,113,1,-1.6299,-2.4323,-4.1382,-1.7722,-2.5253,-4.2436,0.1887,0.200018624132854,0.4314,0.3922,0.1961,10.7257,2,-28.7819,"Tomato_30_1",0.00018,0.03,0.0020514651429392,"Tomato_30_1_16_Scenario_1A",16
110,114,4,0.4943,-0.1988,-4.7179,0.602,-0.2201,-4.8851,0.1887,0.200022048784628,0.4314,0.3922,0.1961,10.7472,2,-28.1404,"Tomato_30_1",0.00018,0.03,0.00205764437615501,"Tomato_30_1_16_Scenario_1A",16
109,115,2,1.1654,-1.2347,-4.7085,1.2221,-1.3315,-4.8741,0.1887,0.200021223873868,0.4314,0.3922,0.1961,10.7513,2,-28.1514,"Tomato_30_1",0.00018,0.03,0.00210353774593534,"Tomato_30_1_16_Scenario_1A",16
111,116,3,1.4312,0.1964,-4.2861,1.6238,0.2354,-4.3235,0.1887,0.200036296706373,0.4314,0.3922,0.1961,10.792,2,-28.702,"Tomato_30_1",0.00018,0.03,0.00207202438721884,"Tomato_30_1_16_Scenario_1A",16
11,117,5,-0.0519,0.0045,-4.5983,-0.2273,-0.006,-4.6938,0.1887,0.199989149705678,0.4314,0.3922,0.1961,10.8028,2,-28.3317,"Tomato_30_1",0.00018,0.03,0.00205358562991745,"Tomato_30_1_16_Scenario_1A",16
113,118,1,-1.7722,-2.5253,-4.2436,-1.8883,-2.6466,-4.3523,0.1887,0.200021473847184,0.4314,0.3922,0.1961,10.828,2,-28.6732,"Tomato_30_1",0.00018,0.03,0.00203014129671671,"Tomato_30_1_16_Scenario_1A",16
114,119,4,0.602,-0.2201,-4.8851,0.7068,-0.2426,-5.0539,0.1887,0.199956820338791,0.4314,0.3922,0.1961,10.8449,2,-27.9716,"Tomato_30_1",0.00018,0.03,0.00203486842701725,"Tomato_30_1_16_Scenario_1A",16
115,120,2,1.2221,-1.3315,-4.8741,1.2729,-1.4319,-5.0395,0.1887,0.200044894961106,0.4314,0.3922,0.1961,10.8643,2,-27.986,"Tomato_30_1",0.00018,0.03,0.00208380750662841,"Tomato_30_1_16_Scenario_1A",16
73,121,0,-0.3043,-0.056,-14.7907,-0.3173,-0.049,-14.9902,0.1887,0.200045619797086,0.4314,0.3922,0.1961,10.8942,1,-18.0353,"Tomato_30_1",0.00018,0.03,0.00232892537087694,"Tomato_30_1_16_Scenario_1A",16
116,122,3,1.6238,0.2354,-4.3235,1.8075,0.2867,-4.3836,0.1887,0.199973473240828,0.4314,0.3922,0.1961,10.9008,2,-28.6419,"Tomato_30_1",0.00018,0.03,0.00205092629548179,"Tomato_30_1_16_Scenario_1A",16
117,123,5,-0.2273,-0.006,-4.6938,-0.3965,-0.0109,-4.8003,0.1887,0.199987249593568,0.4314,0.3922,0.1961,10.9042,2,-28.2252,"Tomato_30_1",0.00018,0.03,0.00203184293301274,"Tomato_30_1_16_Scenario_1A",16
118,124,1,-1.8883,-2.6466,-4.3523,-2.0066,-2.7737,-4.4515,0.1887,0.199974848418495,0.4314,0.3922,0.1961,10.931,2,-28.574,"Tomato_30_1",0.00018,0.03,0.00200889987709667,"Tomato_30_1_16_Scenario_1A",16
119,125,4,0.7068,-0.2426,-5.0539,0.8037,-0.2478,-5.2289,0.1887,0.200104097909064,0.4314,0.3922,0.1961,10.9432,2,-27.7966,"Tomato_30_1",0.00018,0.03,0.00201482108115691,"Tomato_30_1_16_Scenario_1A",16
120,126,2,1.2729,-1.4319,-5.0395,1.3345,-1.534,-5.2,0.1887,0.199948043251241,0.4314,0.3922,0.1961,10.9784,2,-27.8255,"Tomato_30_1",0.00018,0.03,0.00206342546371566,"Tomato_30_1_16_Scenario_1A",16
123,127,5,-0.3965,-0.0109,-4.8003,-0.5683,-0.0128,-4.9026,0.1887,0.199960346068914,0.4314,0.3922,0.1961,11.0061,2,-28.1229,"Tomato_30_1",0.00018,0.03,0.00201042886402076,"Tomato_30_1_16_Scenario_1A",16
122,128,3,1.8075,0.2867,-4.3836,1.9789,0.3734,-4.4394,0.1887,0.200021223873868,0.4314,0.3922,0.1961,11.0104,2,-28.5861,"Tomato_30_1",0.00018,0.03,0.00203154833539536,"Tomato_30_1_16_Scenario_1A",16
124,129,1,-2.0066,-2.7737,-4.4515,-2.111,-2.9043,-4.5613,0.1887,0.200029397839418,0.4314,0.3922,0.1961,11.0347,2,-28.4642,"Tomato_30_1",0.00018,0.03,0.00198924543983363,"Tomato_30_1_16_Scenario_1A",16
125,130,4,0.8037,-0.2478,-5.2289,0.8996,-0.2553,-5.4042,0.1887,0.199957870562776,0.4314,0.3922,0.1961,11.0421,2,-27.6213,"Tomato_30_1",0.00018,0.03,0.00199239132889805,"Tomato_30_1_16_Scenario_1A",16
126,131,2,1.3345,-1.534,-5.2,1.3935,-1.6359,-5.3617,0.1887,0.20002874793389,0.4314,0.3922,0.1961,11.0935,2,-27.6638,"Tomato_30_1",0.00018,0.03,0.00204546550747699,"Tomato_30_1_16_Scenario_1A",16
74,132,0,-0.3173,-0.049,-14.9902,-0.3403,-0.0504,-15.1889,0.1887,0.200031622500044,0.4314,0.3922,0.1961,11.1009,1,-17.8366,"Tomato_30_1",0.00018,0.03,0.00233916158989041,"Tomato_30_1_16_Scenario_1A",16
127,133,5,-0.5683,-0.0128,-4.9026,-0.7397,-0.0148,-5.0057,0.1887,0.200028922908664,0.4314,0.3922,0.1961,11.1086,2,-28.0198,"Tomato_30_1",0.00018,0.03,0.00199054040337618,"Tomato_30_1_16_Scenario_1A",16
75,134,0,-0.3403,-0.0504,-15.1889,-0.3414,-0.0508,-15.2013,0.1887,0.0124551194293747,0.4314,0.3922,0.1961,11.1139,1,-17.8242,"Tomato_30_1",0.00018,0.03,0.000153514064906514,"Tomato_30_1_16_Scenario_1A",16
128,135,3,1.9789,0.3734,-4.4394,2.1468,0.4713,-4.4864,0.1887,0.199959545908666,0.4314,0.3922,0.1961,11.1208,2,-28.5391,"Tomato_30_1",0.00018,0.03,0.00201163886739749,"Tomato_30_1_16_Scenario_1A",16
129,136,1,-2.111,-2.9043,-4.5613,-2.2188,-2.9778,-4.7128,0.1887,0.199938340495263,0.4314,0.3922,0.1961,11.1392,2,-28.3127,"Tomato_30_1",0.00018,0.03,0.00196871420943713,"Tomato_30_1_16_Scenario_1A",16
130,137,4,0.8996,-0.2553,-5.4042,0.9973,-0.2603,-5.5786,0.1887,0.199964121781883,0.4314,0.3922,0.1961,11.1417,2,-27.4469,"Tomato_30_1",0.00018,0.03,0.00197206977224758,"Tomato_30_1_16_Scenario_1A",16
13,138,6,-0.0546,0.0241,-4.9572,0.1245,0.0744,-5.0305,0.1887,0.199949468616448,0.4314,0.3922,0.1961,11.1723,2,-27.995,"Tomato_30_1",0.00018,0.03,0.00198091719529115,"Tomato_30_1_16_Scenario_1A",16
131,139,2,1.3935,-1.6359,-5.3617,1.4156,-1.7568,-5.5194,0.1887,0.199936264844575,0.4314,0.3922,0.1961,11.2096,2,-27.5061,"Tomato_30_1",0.00018,0.03,0.00202631787017668,"Tomato_30_1_16_Scenario_1A",16
133,140,5,-0.7397,-0.0148,-5.0057,-0.9163,-0.0123,-5.0996,0.1887,0.200027548102755,0.4314,0.3922,0.1961,11.2117,2,-27.9259,"Tomato_30_1",0.00018,0.03,0.00197051198378234,"Tomato_30_1_16_Scenario_1A",16
135,141,3,2.1468,0.4713,-4.4864,2.3178,0.5648,-4.5314,0.1887,0.200020623936633,0.4314,0.3922,0.1961,11.232,2,-28.4941,"Tomato_30_1",0.00018,0.03,0.00199353701865468,"Tomato_30_1_16_Scenario_1A",16
137,142,4,0.9973,-0.2603,-5.5786,1.1205,-0.2321,-5.7337,0.1887,0.200073711416568,0.4314,0.3922,0.1961,11.2419,2,-27.2918,"Tomato_30_1",0.00018,0.03,0.00195331116240728,"Tomato_30_1_16_Scenario_1A",16
136,143,1,-2.2188,-2.9778,-4.7128,-2.3195,-3.0543,-4.8678,0.1887,0.200044345083784,0.4314,0.3922,0.1961,11.2445,2,-28.1577,"Tomato_30_1",0.00018,0.03,0.00195068166992798,"Tomato_30_1_16_Scenario_1A",16
138,144,6,0.1245,0.0744,-5.0305,0.2823,0.1087,-5.1486,0.1887,0.200062340284222,0.4314,0.3922,0.1961,11.2725,2,-27.8769,"Tomato_30_1",0.00018,0.03,0.00196210824372627,"Tomato_30_1_16_Scenario_1A",16
140,145,5,-0.9163,-0.0123,-5.0996,-1.1011,-0.0352,-5.1724,0.1887,0.199938215456675,0.4314,0.3922,0.1961,11.3154,2,-27.8531,"Tomato_30_1",0.00018,0.03,0.00195019111134136,"Tomato_30_1_16_Scenario_1A",16
76,146,0,-0.3414,-0.0508,-15.2013,-0.3597,-0.057,-15.4003,0.1887,0.199935814700618,0.4314,0.3922,0.1961,11.3217,1,-17.6252,"Tomato_30_1",0.00018,0.03,0.00229675829169424,"Tomato_30_1_16_Scenario_1A",16
139,147,2,1.4156,-1.7568,-5.5194,1.4056,-1.8911,-5.6673,0.1887,0.200027248143847,0.4314,0.3922,0.1961,11.3268,2,-27.3582,"Tomato_30_1",0.00018,0.03,0.00200960664698891,"Tomato_30_1_16_Scenario_1A",16
142,148,4,1.1205,-0.2321,-5.7337,1.2357,-0.1998,-5.8939,0.1887,0.199945917687759,0.4314,0.3922,0.1961,11.3428,2,-27.1316,"Tomato_30_1",0.00018,0.03,0.00193279318704865,"Tomato_30_1_16_Scenario_1A",16
141,149,3,2.3178,0.5648,-4.5314,2.4876,0.657,-4.5831,0.1887,0.200014424479836,0.4314,0.3922,0.1961,11.344,2,-28.4424,"Tomato_30_1",0.00018,0.03,0.00197532424215841,"Tomato_30_1_16_Scenario_1A",16
143,150,1,-2.3195,-3.0543,-4.8678,-2.3947,-3.1392,-5.0325,0.1887,0.199972848156943,0.4314,0.3922,0.1961,11.3505,2,-27.993,"Tomato_30_1",0.00018,0.03,0.00193146820296544,"Tomato_30_1_16_Scenario_1A",16
144,151,6,0.2823,0.1087,-5.1486,0.4319,0.1316,-5.2793,0.1887,0.19996764738327,0.4314,0.3922,0.1961,11.3734,2,-27.7462,"Tomato_30_1",0.00018,0.03,0.00194181898521374,"Tomato_30_1_16_Scenario_1A",16
145,152,5,-1.1011,-0.0352,-5.1724,-1.2652,-0.078,-5.2784,0.1887,0.199991624824642,0.4314,0.3922,0.1961,11.4196,2,-27.7471,"Tomato_30_1",0.00018,0.03,0.0019318227369805,"Tomato_30_1_16_Scenario_1A",16
148,153,4,1.2357,-0.1998,-5.8939,1.3167,-0.1728,-6.0748,0.1887,0.200037021573507,0.4314,0.3922,0.1961,11.4443,2,-26.9507,"Tomato_30_1",0.00018,0.03,0.00191494678161177,"Tomato_30_1_16_Scenario_1A",16
147,154,2,1.4056,-1.8911,-5.6673,1.3863,-2.0257,-5.814,0.1887,0.200026348264422,0.4314,0.3922,0.1961,11.445,2,-27.2115,"Tomato_30_1",0.00018,0.03,0.00199253230832647,"Tomato_30_1_16_Scenario_1A",16
149,155,3,2.4876,0.657,-4.5831,2.6603,0.7432,-4.6356,0.1887,0.200029947757829,0.4314,0.3922,0.1961,11.4568,2,-28.3899,"Tomato_30_1",0.00018,0.03,0.00195788699259569,"Tomato_30_1_16_Scenario_1A",16
150,156,1,-2.3947,-3.1392,-5.0325,-2.4569,-3.2138,-5.2074,0.1887,0.200060015995201,0.4314,0.3922,0.1961,11.4573,2,-27.8181,"Tomato_30_1",0.00018,0.03,0.00191433502038562,"Tomato_30_1_16_Scenario_1A",16
151,157,6,0.4319,0.1316,-5.2793,0.5783,0.1753,-5.4084,0.1887,0.200023648601859,0.4314,0.3922,0.1961,11.4749,2,-27.6171,"Tomato_30_1",0.00018,0.03,0.00192355144182522,"Tomato_30_1_16_Scenario_1A",16
152,158,5,-1.2652,-0.078,-5.2784,-1.4044,-0.132,-5.4116,0.1887,0.200087180998683,0.4314,0.3922,0.1961,11.5245,2,-27.6139,"Tomato_30_1",0.00018,0.03,0.00191439047575235,"Tomato_30_1_16_Scenario_1A",16
77,159,0,-0.3597,-0.057,-15.4003,-0.3845,-0.068,-15.5985,0.1887,0.200048194193299,0.4314,0.3922,0.1961,11.5306,1,-17.427,"Tomato_30_1",0.00018,0.03,0.00230965242205831,"Tomato_30_1_16_Scenario_1A",16
153,160,4,1.3167,-0.1728,-6.0748,1.4004,-0.1477,-6.2547,0.1887,0.199999274998686,0.4314,0.3922,0.1961,11.5465,2,-26.7708,"Tomato_30_1",0.00018,0.03,0.00189640424940471,"Tomato_30_1_16_Scenario_1A",16
78,161,0,-0.3845,-0.068,-15.5985,-0.3853,-0.0698,-15.6273,0.1887,0.0288672825184502,0.4314,0.3922,0.1961,11.5609,1,-17.3982,"Tomato_30_1",0.00018,0.03,0.000327352890049816,"Tomato_30_1_16_Scenario_1A",16
154,162,2,1.3863,-2.0257,-5.814,1.376,-2.1559,-5.9655,0.1887,0.200025948316712,0.4314,0.3922,0.1961,11.5644,2,-27.06,"Tomato_30_1",0.00018,0.03,0.00197603025847052,"Tomato_30_1_16_Scenario_1A",16
156,163,1,-2.4569,-3.2138,-5.2074,-2.5229,-3.302,-5.3742,0.1887,0.199893671735751,0.4314,0.3922,0.1961,11.5649,2,-27.6513,"Tomato_30_1",0.00018,0.03,0.00189533085934875,"Tomato_30_1_16_Scenario_1A",16
155,164,3,2.6603,0.7432,-4.6356,2.8283,0.8246,-4.7075,0.1887,0.200048919017324,0.4314,0.3922,0.1961,11.5705,2,-28.318,"Tomato_30_1",0.00018,0.03,0.00194103632618076,"Tomato_30_1_16_Scenario_1A",16
157,165,6,0.5783,0.1753,-5.4084,0.719,0.2088,-5.5465,0.1887,0.199975873544785,0.4314,0.3922,0.1961,11.5771,2,-27.479,"Tomato_30_1",0.00018,0.03,0.00190483196472574,"Tomato_30_1_16_Scenario_1A",16
15,166,7,-0.0486,0.023,-5.351,-0.109,-0.1516,-5.4274,0.1887,0.199925686193645,0.4314,0.3922,0.1961,11.5813,2,-27.5981,"Tomato_30_1",0.00018,0.03,0.00191351447011341,"Tomato_30_1_16_Scenario_1A",16
158,167,5,-1.4044,-0.132,-5.4116,-1.5451,-0.1838,-5.5439,0.1887,0.199957545494037,0.4314,0.3922,0.1961,11.6301,2,-27.4816,"Tomato_30_1",0.00018,0.03,0.00189535281793255,"Tomato_30_1_16_Scenario_1A",16
160,168,4,1.4004,-0.1477,-6.2547,1.4724,-0.1276,-6.4402,0.1887,0.199995649952693,0.4314,0.3922,0.1961,11.6494,2,-26.5853,"Tomato_30_1",0.00018,0.03,0.00187873055311633,"Tomato_30_1_16_Scenario_1A",16
163,169,1,-2.5229,-3.302,-5.3742,-2.5848,-3.3883,-5.5438,0.1887,0.200108620503965,0.4314,0.3922,0.1961,11.6733,2,-27.4817,"Tomato_30_1",0.00018,0.03,0.00188047562387307,"Tomato_30_1_16_Scenario_1A",16
165,170,6,0.719,0.2088,-5.5465,0.8022,0.2906,-5.7089,0.1887,0.199968097455569,0.4314,0.3922,0.1961,11.6801,2,-27.3166,"Tomato_30_1",0.00018,0.03,0.0018870430108275,"Tomato_30_1_16_Scenario_1A",16
166,171,7,-0.109,-0.1516,-5.4274,-0.1576,-0.3284,-5.5073,0.1887,0.200010524723076,0.4314,0.3922,0.1961,11.6801,2,-27.5182,"Tomato_30_1",0.00018,0.03,0.00189615235582821,"Tomato_30_1_16_Scenario_1A",16
162,172,2,1.376,-2.1559,-5.9655,1.3686,-2.2875,-6.1159,0.1887,0.199983699335721,0.4314,0.3922,0.1961,11.6848,2,-26.9096,"Tomato_30_1",0.00018,0.03,0.00195968229083379,"Tomato_30_1_16_Scenario_1A",16
164,173,3,2.8283,0.8246,-4.7075,2.9874,0.91,-4.7933,0.1887,0.199919008600984,0.4314,0.3922,0.1961,11.6851,2,-28.2322,"Tomato_30_1",0.00018,0.03,0.00192330719444257,"Tomato_30_1_16_Scenario_1A",16
167,174,5,-1.5451,-0.1838,-5.5439,-1.6827,-0.2411,-5.6773,0.1887,0.200031522515828,0.4314,0.3922,0.1961,11.7362,2,-27.3482,"Tomato_30_1",0.00018,0.03,0.00187879218329302,"Tomato_30_1_16_Scenario_1A",16
168,175,4,1.4724,-0.1276,-6.4402,1.5433,-0.0965,-6.6246,0.1887,0.19999344989274,0.4314,0.3922,0.1961,11.7531,2,-26.4009,"Tomato_30_1",0.00018,0.03,0.00186160559371217,"Tomato_30_1_16_Scenario_1A",16
79,176,0,-0.3853,-0.0698,-15.6273,-0.3884,-0.0711,-15.8273,0.1887,0.200028248005125,0.4314,0.3922,0.1961,11.7709,1,-17.1982,"Tomato_30_1",0.00018,0.03,0.00228092988906134,"Tomato_30_1_16_Scenario_1A",16
171,177,7,-0.1576,-0.3284,-5.5073,-0.201,-0.5059,-5.5886,0.1887,0.199998749996094,0.4314,0.3922,0.1961,11.7794,2,-27.4369,"Tomato_30_1",0.00018,0.03,0.00187840385369264,"Tomato_30_1_16_Scenario_1A",16
169,178,1,-2.5848,-3.3883,-5.5438,-2.6494,-3.4758,-5.7116,0.1887,0.19996562204539,0.4314,0.3922,0.1961,11.7826,2,-27.3139,"Tomato_30_1",0.00018,0.03,0.00186278234476726,"Tomato_30_1_16_Scenario_1A",16
170,179,6,0.8022,0.2906,-5.7089,0.8711,0.3583,-5.8841,0.1887,0.200063839811196,0.4314,0.3922,0.1961,11.7838,2,-27.1414,"Tomato_30_1",0.00018,0.03,0.00187075652327547,"Tomato_30_1_16_Scenario_1A",16
173,180,3,2.9874,0.91,-4.7933,3.128,1.016,-4.8882,0.1887,0.200025923319954,0.4314,0.3922,0.1961,11.8005,2,-28.1373,"Tomato_30_1",0.00018,0.03,0.00190840677186927,"Tomato_30_1_16_Scenario_1A",16
172,181,2,1.3686,-2.2875,-6.1159,1.3549,-2.4132,-6.2709,0.1887,0.200032947286191,0.4314,0.3922,0.1961,11.8064,2,-26.7546,"Tomato_30_1",0.00018,0.03,0.00194478793111097,"Tomato_30_1_16_Scenario_1A",16
174,182,5,-1.6827,-0.2411,-5.6773,-1.8207,-0.2978,-5.8105,0.1887,0.200002824980049,0.4314,0.3922,0.1961,11.843,2,-27.215,"Tomato_30_1",0.00018,0.03,0.0018617959087919,"Tomato_30_1_16_Scenario_1A",16
175,183,4,1.5433,-0.0965,-6.6246,1.6153,-0.0657,-6.8086,0.1887,0.199971597983314,0.4314,0.3922,0.1961,11.8574,2,-26.2169,"Tomato_30_1",0.00018,0.03,0.00184483039288433,"Tomato_30_1_16_Scenario_1A",16
177,184,7,-0.201,-0.5059,-5.5886,-0.2487,-0.6826,-5.6693,0.1887,0.200026673221348,0.4314,0.3922,0.1961,11.8795,2,-27.3562,"Tomato_30_1",0.00018,0.03,0.00186156072013055,"Tomato_30_1_16_Scenario_1A",16
179,185,6,0.8711,0.3583,-5.8841,0.906,0.4301,-6.0675,0.1887,0.200022023787382,0.4314,0.3922,0.1961,11.8882,2,-26.958,"Tomato_30_1",0.00018,0.03,0.00185370919717168,"Tomato_30_1_16_Scenario_1A",16
178,186,1,-2.6494,-3.4758,-5.7116,-2.701,-3.5698,-5.8805,0.1887,0.200064414626889,0.4314,0.3922,0.1961,11.8926,2,-27.145,"Tomato_30_1",0.00018,0.03,0.00184787739219789,"Tomato_30_1_16_Scenario_1A",16
180,187,3,3.128,1.016,-4.8882,3.2523,1.1188,-5.0064,0.1887,0.199973923300014,0.4314,0.3922,0.1961,11.9169,2,-28.0191,"Tomato_30_1",0.00018,0.03,0.00189252645674586,"Tomato_30_1_16_Scenario_1A",16
181,188,2,1.3549,-2.4132,-6.2709,1.3917,-2.5326,-6.427,0.1887,0.199944517304176,0.4314,0.3922,0.1961,11.9292,2,-26.5985,"Tomato_30_1",0.00018,0.03,0.00192911263426695,"Tomato_30_1_16_Scenario_1A",16
182,189,5,-1.8207,-0.2978,-5.8105,-1.9183,-0.358,-5.9743,0.1887,0.199950593897593,0.4314,0.3922,0.1961,11.9504,2,-27.0512,"Tomato_30_1",0.00018,0.03,0.00184512029447232,"Tomato_30_1_16_Scenario_1A",16
183,190,4,1.6153,-0.0657,-6.8086,1.6921,-0.0344,-6.9906,0.1887,0.200004824941799,0.4314,0.3922,0.1961,11.9624,2,-26.0349,"Tomato_30_1",0.00018,0.03,0.00182908690015258,"Tomato_30_1_16_Scenario_1A",16
184,191,7,-0.2487,-0.6826,-5.6693,-0.2984,-0.8593,-5.7487,0.1887,0.19999334988944,0.4314,0.3922,0.1961,11.9802,2,-27.2768,"Tomato_30_1",0.00018,0.03,0.00184467796425166,"Tomato_30_1_16_Scenario_1A",16
80,192,0,-0.3884,-0.0711,-15.8273,-0.3745,-0.0831,-16.0264,0.1887,0.199945042449169,0.4314,0.3922,0.1961,11.982,1,-16.9991,"Tomato_30_1",0.00018,0.03,0.00168144851985371,"Tomato_30_1_16_Scenario_1A",16
17,193,8,-0.0545,0.0186,-5.734,-0.0597,-0.1705,-5.7991,0.1887,0.200059641107346,0.4314,0.3922,0.1961,11.9822,2,-27.2264,"Tomato_30_1",0.00018,0.03,0.00185998016575335,"Tomato_30_1_16_Scenario_1A",16
185,194,6,0.906,0.4301,-6.0675,0.9473,0.495,-6.252,0.1887,0.199894847357304,0.4314,0.3922,0.1961,11.9933,2,-26.7735,"Tomato_30_1",0.00018,0.03,0.00183641892465848,"Tomato_30_1_16_Scenario_1A",16
186,195,1,-2.701,-3.5698,-5.8805,-2.7304,-3.6592,-6.0569,0.1887,0.199934189172337,0.4314,0.3922,0.1961,12.0035,2,-26.9686,"Tomato_30_1",0.00018,0.03,0.00183138631976422,"Tomato_30_1_16_Scenario_1A",16
81,196,0,-0.3745,-0.0831,-16.0264,-0.3696,-0.0853,-16.0506,0.1887,0.0247889088101921,0.4314,0.3922,0.1961,12.0082,1,-16.9749,"Tomato_30_1",0.00018,0.03,0.000277503468807661,"Tomato_30_1_16_Scenario_1A",16
187,197,3,3.2523,1.1188,-5.0064,3.3654,1.2256,-5.1322,0.1887,0.200058716380967,0.4314,0.3922,0.1961,12.0341,2,-27.8933,"Tomato_30_1",0.00018,0.03,0.0018784758100398,"Tomato_30_1_16_Scenario_1A",16
188,198,2,1.3917,-2.5326,-6.427,1.4339,-2.6521,-6.5817,0.1887,0.199982949273182,0.4314,0.3922,0.1961,12.0531,2,-26.4438,"Tomato_30_1",0.00018,0.03,0.00191521580663469,"Tomato_30_1_16_Scenario_1A",16
189,199,5,-1.9183,-0.358,-5.9743,-2.0025,-0.4282,-6.1416,0.1887,0.20001742424099,0.4314,0.3922,0.1961,12.0584,2,-26.8839,"Tomato_30_1",0.00018,0.03,0.00183006674628394,"Tomato_30_1_16_Scenario_1A",16
190,200,4,1.6921,-0.0344,-6.9906,1.7386,0.0152,-7.1787,0.1887,0.200010049747507,0.4314,0.3922,0.1961,12.0682,2,-25.8468,"Tomato_30_1",0.00018,0.03,0.00181360319836597,"Tomato_30_1_16_Scenario_1A",16
193,201,8,-0.0597,-0.1705,-5.7991,-0.0792,-0.3628,-5.8504,0.1887,0.199978073798104,0.4314,0.3922,0.1961,12.0784,2,-27.1751,"Tomato_30_1",0.00018,0.03,0.00184229314176465,"Tomato_30_1_16_Scenario_1A",16
191,202,7,-0.2984,-0.8593,-5.7487,-0.3767,-1.0248,-5.8292,0.1887,0.200003474969811,0.4314,0.3922,0.1961,12.0816,2,-27.1963,"Tomato_30_1",0.00018,0.03,0.00182872381083391,"Tomato_30_1_16_Scenario_1A",16
194,203,6,0.9473,0.495,-6.252,0.9533,0.5953,-6.425,0.1887,0.20006271516702,0.4314,0.3922,0.1961,12.0992,2,-26.6005,"Tomato_30_1",0.00018,0.03,0.00182235721694855,"Tomato_30_1_16_Scenario_1A",16
195,204,1,-2.7304,-3.6592,-6.0569,-2.7621,-3.751,-6.2318,0.1887,0.200055342343063,0.4314,0.3922,0.1961,12.1153,2,-26.7937,"Tomato_30_1",0.00018,0.03,0.00181772039029841,"Tomato_30_1_16_Scenario_1A",16
197,205,3,3.3654,1.2256,-5.1322,3.4407,1.3108,-5.2967,0.1887,0.19997344823751,0.4314,0.3922,0.1961,12.1522,2,-27.7288,"Tomato_30_1",0.00018,0.03,0.00186336276451449,"Tomato_30_1_16_Scenario_1A",16
199,206,5,-2.0025,-0.4282,-6.1416,-2.0873,-0.4978,-6.3088,0.1887,0.199977598745459,0.4314,0.3922,0.1961,12.1671,2,-26.7167,"Tomato_30_1",0.00018,0.03,0.00181455477873812,"Tomato_30_1_16_Scenario_1A",16
200,207,4,1.7386,0.0152,-7.1787,1.7808,0.0722,-7.3657,0.1887,0.199997099978975,0.4314,0.3922,0.1961,12.1747,2,-25.6598,"Tomato_30_1",0.00018,0.03,0.00179847166175249,"Tomato_30_1_16_Scenario_1A",16
201,208,8,-0.0792,-0.3628,-5.8504,-0.1256,-0.552,-5.8958,0.1887,0.200026898191218,0.4314,0.3922,0.1961,12.1753,2,-27.1297,"Tomato_30_1",0.00018,0.03,0.00182633593934194,"Tomato_30_1_16_Scenario_1A",16
198,209,2,1.4339,-2.6521,-6.5817,1.4779,-2.7709,-6.7365,0.1887,0.20003119756678,0.4314,0.3922,0.1961,12.1783,2,-26.289,"Tomato_30_1",0.00018,0.03,0.00190194881757321,"Tomato_30_1_16_Scenario_1A",16
202,210,7,-0.3767,-1.0248,-5.8292,-0.4303,-1.1694,-5.9566,0.1887,0.200032197408317,0.4314,0.3922,0.1961,12.1837,2,-27.0689,"Tomato_30_1",0.00018,0.03,0.00181345555298615,"Tomato_30_1_16_Scenario_1A",16
203,211,6,0.9533,0.5953,-6.425,0.935,0.659,-6.6137,0.1887,0.200000674998861,0.4314,0.3922,0.1961,12.2059,2,-26.4118,"Tomato_30_1",0.00018,0.03,0.00180670736611784,"Tomato_30_1_16_Scenario_1A",16
82,212,0,-0.3696,-0.0853,-16.0506,-0.4034,-0.0739,-16.2474,0.1887,0.200006599891103,0.4314,0.3922,0.1961,12.2205,1,-16.7781,"Tomato_30_1",0.00018,0.03,0.00225155332894085,"Tomato_30_1_16_Scenario_1A",16
204,213,1,-2.7621,-3.751,-6.2318,-2.8213,-3.8449,-6.3981,0.1887,0.199943842115731,0.4314,0.3922,0.1961,12.228,2,-26.6274,"Tomato_30_1",0.00018,0.03,0.00180245638538261,"Tomato_30_1_16_Scenario_1A",16
205,214,3,3.4407,1.3108,-5.2967,3.5255,1.3794,-5.4643,0.1887,0.199966897260521,0.4314,0.3922,0.1961,12.2713,2,-27.5612,"Tomato_30_1",0.00018,0.03,0.00184952320722853,"Tomato_30_1_16_Scenario_1A",16
208,215,8,-0.1256,-0.552,-5.8958,-0.1556,-0.7434,-5.9453,0.1887,0.199960521103542,0.4314,0.3922,0.1961,12.2728,2,-27.0802,"Tomato_30_1",0.00018,0.03,0.00180984853774596,"Tomato_30_1_16_Scenario_1A",16
206,216,5,-2.0873,-0.4978,-6.3088,-2.1473,-0.5751,-6.4832,0.1887,0.199976623633864,0.4314,0.3922,0.1961,12.2765,2,-26.5423,"Tomato_30_1",0.00018,0.03,0.00179991623028189,"Tomato_30_1_16_Scenario_1A",16
207,217,4,1.7808,0.0722,-7.3657,1.8298,0.096,-7.5582,0.1887,0.200059216233594,0.4314,0.3922,0.1961,12.2819,2,-25.4673,"Tomato_30_1",0.00018,0.03,0.00178452167833413,"Tomato_30_1_16_Scenario_1A",16
210,218,7,-0.4303,-1.1694,-5.9566,-0.4953,-1.3404,-6.0374,0.1887,0.19998659955107,0.4314,0.3922,0.1961,12.2865,2,-26.9881,"Tomato_30_1",0.00018,0.03,0.00179803144822113,"Tomato_30_1_16_Scenario_1A",16
209,219,2,1.4779,-2.7709,-6.7365,1.4837,-2.8567,-6.917,0.1887,0.199938815641185,0.4314,0.3922,0.1961,12.3046,2,-26.1085,"Tomato_30_1",0.00018,0.03,0.0018878901079875,"Tomato_30_1_16_Scenario_1A",16
211,220,6,0.935,0.659,-6.6137,0.9162,0.7235,-6.802,0.1887,0.199926436471018,0.4314,0.3922,0.1961,12.3134,2,-26.2235,"Tomato_30_1",0.00018,0.03,0.00179147656005377,"Tomato_30_1_16_Scenario_1A",16
213,221,1,-2.8213,-3.8449,-6.3981,-2.879,-3.9384,-6.5652,0.1887,0.199984874428042,0.4314,0.3922,0.1961,12.3415,2,-26.4603,"Tomato_30_1",0.00018,0.03,0.00178908787339095,"Tomato_30_1_16_Scenario_1A",16
215,222,8,-0.1556,-0.7434,-5.9453,-0.1672,-0.9282,-6.021,0.1887,0.200040220955687,0.4314,0.3922,0.1961,12.371,2,-27.0045,"Tomato_30_1",0.00018,0.03,0.00179519693524796,"Tomato_30_1_16_Scenario_1A",16
216,223,5,-2.1473,-0.5751,-6.4832,-2.1778,-0.6476,-6.6671,0.1887,0.200014274490597,0.4314,0.3922,0.1961,12.3865,2,-26.3584,"Tomato_30_1",0.00018,0.03,0.00178613355632518,"Tomato_30_1_16_Scenario_1A",16
217,224,4,1.8298,0.096,-7.5582,1.8605,0.1246,-7.7537,0.1887,0.199951744178439,0.4314,0.3922,0.1961,12.3899,2,-25.2718,"Tomato_30_1",0.00018,0.03,0.00176957145700925,"Tomato_30_1_16_Scenario_1A",16
218,225,7,-0.4953,-1.3404,-6.0374,-0.5533,-1.5124,-6.1213,0.1887,0.19996802244359,0.4314,0.3922,0.1961,12.39,2,-26.9042,"Tomato_30_1",0.00018,0.03,0.00178336903607445,"Tomato_30_1_16_Scenario_1A",16
214,226,3,3.5255,1.3794,-5.4643,3.6441,1.4381,-5.6142,0.1887,0.199954144743239,0.4314,0.3922,0.1961,12.3913,2,-27.4113,"Tomato_30_1",0.00018,0.03,0.00183615435584529,"Tomato_30_1_16_Scenario_1A",16
19,227,9,-0.1396,-0.0361,-6.1064,-0.001,0.0571,-6.2165,0.1887,0.200045519819865,0.4314,0.3922,0.1961,12.4021,2,-26.809,"Tomato_30_1",0.00018,0.03,0.00181545639522666,"Tomato_30_1_16_Scenario_1A",16
220,228,6,0.9162,0.7235,-6.802,0.8826,0.7732,-6.9928,0.1887,0.200009224787259,0.4314,0.3922,0.1961,12.4216,2,-26.0327,"Tomato_30_1",0.00018,0.03,0.0017781617438736,"Tomato_30_1_16_Scenario_1A",16
219,229,2,1.4837,-2.8567,-6.917,1.507,-2.9093,-7.1086,0.1887,0.200050518619673,0.4314,0.3922,0.1961,12.4323,2,-25.9169,"Tomato_30_1",0.00018,0.03,0.00187629404800586,"Tomato_30_1_16_Scenario_1A",16
83,230,0,-0.4034,-0.0739,-16.2474,-0.4294,-0.0527,-16.4446,0.1887,0.20003319724486,0.4314,0.3922,0.1961,12.4339,1,-16.5809,"Tomato_30_1",0.00018,0.03,0.00225376779344433,"Tomato_30_1_16_Scenario_1A",16
84,231,0,-0.4294,-0.0527,-16.4446,-0.4302,-0.0522,-16.4493,0.1887,0.00479374592568247,0.4314,0.3922,0.1961,12.439,1,-16.5762,"Tomato_30_1",0.00018,0.03,5.29852302726309e-05,"Tomato_30_1_16_Scenario_1A",16
221,232,1,-2.879,-3.9384,-6.5652,-2.8688,-4.0506,-6.7305,0.1887,0.200042420501253,0.4314,0.3922,0.1961,12.4559,2,-26.295,"Tomato_30_1",0.00018,0.03,0.00177636619448129,"Tomato_30_1_16_Scenario_1A",16
222,233,8,-0.1672,-0.9282,-6.021,-0.1856,-1.1131,-6.0948,0.1887,0.199932513613969,0.4314,0.3922,0.1961,12.4699,2,-26.9307,"Tomato_30_1",0.00018,0.03,0.00177937720914606,"Tomato_30_1_16_Scenario_1A",16
225,234,7,-0.5533,-1.5124,-6.1213,-0.5934,-1.6886,-6.2072,0.1887,0.200083132722377,0.4314,0.3922,0.1961,12.4942,2,-26.8183,"Tomato_30_1",0.00018,0.03,0.00177039624949575,"Tomato_30_1_16_Scenario_1A",16
223,235,5,-2.1778,-0.6476,-6.6671,-2.2141,-0.7189,-6.8504,0.1887,0.200000674998861,0.4314,0.3922,0.1961,12.4972,2,-26.1751,"Tomato_30_1",0.00018,0.03,0.00177239890674384,"Tomato_30_1_16_Scenario_1A",16
224,236,4,1.8605,0.1246,-7.7537,1.9261,0.1801,-7.9343,0.1887,0.199999924999986,0.4314,0.3922,0.1961,12.4987,2,-25.0912,"Tomato_30_1",0.00018,0.03,0.00175650860430024,"Tomato_30_1_16_Scenario_1A",16
227,237,9,-0.001,0.0571,-6.2165,0.167,0.1305,-6.2965,0.1887,0.200028897912277,0.4314,0.3922,0.1961,12.5072,2,-26.729,"Tomato_30_1",0.00018,0.03,0.00180106290700627,"Tomato_30_1_16_Scenario_1A",16
226,238,3,3.6441,1.4381,-5.6142,3.7151,1.5343,-5.7746,0.1887,0.200058991300066,0.4314,0.3922,0.1961,12.5123,2,-27.2509,"Tomato_30_1",0.00018,0.03,0.00182437901499553,"Tomato_30_1_16_Scenario_1A",16
228,239,6,0.8826,0.7732,-6.9928,0.8594,0.8373,-7.1809,0.1887,0.20007163717029,0.4314,0.3922,0.1961,12.5306,2,-25.8446,"Tomato_30_1",0.00018,0.03,0.0017651567265416,"Tomato_30_1_16_Scenario_1A",16
229,240,2,1.507,-2.9093,-7.1086,1.5131,-2.9577,-7.3025,0.1887,0.19994244171761,0.4314,0.3922,0.1961,12.5612,2,-25.723,"Tomato_30_1",0.00018,0.03,0.00186316986539466,"Tomato_30_1_16_Scenario_1A",16
233,241,8,-0.1856,-1.1131,-6.0948,-0.214,-1.296,-6.1706,0.1887,0.200011524667955,0.4314,0.3922,0.1961,12.5695,2,-26.8549,"Tomato_30_1",0.00018,0.03,0.0017657289090481,"Tomato_30_1_16_Scenario_1A",16
232,242,1,-2.8688,-4.0506,-6.7305,-2.8598,-4.1537,-6.9016,0.1887,0.199964546857687,0.4314,0.3922,0.1961,12.5713,2,-26.1239,"Tomato_30_1",0.00018,0.03,0.00176294930037138,"Tomato_30_1_16_Scenario_1A",16
234,243,7,-0.5934,-1.6886,-6.2072,-0.6631,-1.8324,-6.3274,0.1887,0.199961421279205,0.4314,0.3922,0.1961,12.5992,2,-26.6981,"Tomato_30_1",0.00018,0.03,0.00175583222875137,"Tomato_30_1_16_Scenario_1A",16
236,244,4,1.9261,0.1801,-7.9343,1.9795,0.2216,-8.1225,0.1887,0.199982624245208,0.4314,0.3922,0.1961,12.6082,2,-24.903,"Tomato_30_1",0.00018,0.03,0.00174336724400261,"Tomato_30_1_16_Scenario_1A",16
235,245,5,-2.2141,-0.7189,-6.8504,-2.2612,-0.7905,-7.0311,0.1887,0.199993649899191,0.4314,0.3922,0.1961,12.6087,2,-25.9944,"Tomato_30_1",0.00018,0.03,0.00175922896054504,"Tomato_30_1_16_Scenario_1A",16
237,246,9,0.167,0.1305,-6.2965,0.3339,0.224,-6.3548,0.1887,0.199991874834954,0.4314,0.3922,0.1961,12.613,2,-26.6707,"Tomato_30_1",0.00018,0.03,0.0017870039539212,"Tomato_30_1_16_Scenario_1A",16
238,247,3,3.7151,1.5343,-5.7746,3.7661,1.6207,-5.9476,0.1887,0.199987399603075,0.4314,0.3922,0.1961,12.6343,2,-27.0779,"Tomato_30_1",0.00018,0.03,0.00181151054085311,"Tomato_30_1_16_Scenario_1A",16
239,248,6,0.8594,0.8373,-7.1809,0.9093,0.8597,-7.3732,0.1887,0.199927636908957,0.4314,0.3922,0.1961,12.6405,2,-25.6523,"Tomato_30_1",0.00018,0.03,0.0017508408384828,"Tomato_30_1_16_Scenario_1A",16
85,249,0,-0.4302,-0.0522,-16.4493,-0.4913,-0.0403,-16.6394,0.1887,0.200032072428396,0.4314,0.3922,0.1961,12.6535,1,-16.3861,"Tomato_30_1",0.00018,0.03,0.00222430195945698,"Tomato_30_1_16_Scenario_1A",16
241,250,8,-0.214,-1.296,-6.1706,-0.2285,-1.4815,-6.2441,0.1887,0.200056866915385,0.4314,0.3922,0.1961,12.6698,2,-26.7814,"Tomato_30_1",0.00018,0.03,0.00175227264527488,"Tomato_30_1_16_Scenario_1A",16
242,251,1,-2.8598,-4.1537,-6.9016,-2.8512,-4.2587,-7.0716,0.1887,0.1999973999831,0.4314,0.3922,0.1961,12.6876,2,-25.9539,"Tomato_30_1",0.00018,0.03,0.00175101460796676,"Tomato_30_1_16_Scenario_1A",16
240,252,2,1.5131,-2.9577,-7.3025,1.4911,-2.9851,-7.4994,0.1887,0.200010924701627,0.4314,0.3922,0.1961,12.6914,2,-25.5261,"Tomato_30_1",0.00018,0.03,0.00185222486528928,"Tomato_30_1_16_Scenario_1A",16
243,253,7,-0.6631,-1.8324,-6.3274,-0.7391,-1.9741,-6.4463,0.1887,0.199980249024747,0.4314,0.3922,0.1961,12.7049,2,-26.5792,"Tomato_30_1",0.00018,0.03,0.00174301230482952,"Tomato_30_1_16_Scenario_1A",16
244,254,4,1.9795,0.2216,-8.1225,2.0172,0.2722,-8.3123,0.1887,0.200014224494159,0.4314,0.3922,0.1961,12.7186,2,-24.7132,"Tomato_30_1",0.00018,0.03,0.00173114695325272,"Tomato_30_1_16_Scenario_1A",16
246,255,9,0.3339,0.224,-6.3548,0.5007,0.318,-6.4126,0.1887,0.199997699986775,0.4314,0.3922,0.1961,12.7194,2,-26.6129,"Tomato_30_1",0.00018,0.03,0.00177383960437657,"Tomato_30_1_16_Scenario_1A",16
245,256,5,-2.2612,-0.7905,-7.0311,-2.3093,-0.8602,-7.2123,0.1887,0.20001284958722,0.4314,0.3922,0.1961,12.7208,2,-25.8132,"Tomato_30_1",0.00018,0.03,0.00174678916946764,"Tomato_30_1_16_Scenario_1A",16
248,257,6,0.9093,0.8597,-7.3732,0.995,0.9081,-7.5473,0.1887,0.199994649928442,0.4314,0.3922,0.1961,12.7511,2,-25.4782,"Tomato_30_1",0.00018,0.03,0.00173887869164914,"Tomato_30_1_16_Scenario_1A",16
247,258,3,3.7661,1.6207,-5.9476,3.8186,1.6986,-6.1242,0.1887,0.2000305476671,0.4314,0.3922,0.1961,12.7572,2,-26.9013,"Tomato_30_1",0.00018,0.03,0.00180019968313188,"Tomato_30_1_16_Scenario_1A",16
250,259,8,-0.2285,-1.4815,-6.2441,-0.2395,-1.6497,-6.3516,0.1887,0.199921209480135,0.4314,0.3922,0.1961,12.7708,2,-26.6739,"Tomato_30_1",0.00018,0.03,0.00173773866225337,"Tomato_30_1_16_Scenario_1A",16
251,260,1,-2.8512,-4.2587,-7.0716,-2.8534,-4.3494,-7.2498,0.1887,0.199966422181325,0.4314,0.3922,0.1961,12.8048,2,-25.7757,"Tomato_30_1",0.00018,0.03,0.0017390189783092,"Tomato_30_1_16_Scenario_1A",16
253,261,7,-0.7391,-1.9741,-6.4463,-0.8125,-2.1107,-6.5726,0.1887,0.199997024977873,0.4314,0.3922,0.1961,12.8114,2,-26.4529,"Tomato_30_1",0.00018,0.03,0.00173066698327274,"Tomato_30_1_16_Scenario_1A",16
252,262,2,1.4911,-2.9851,-7.4994,1.4557,-2.9827,-7.6963,0.1887,0.200071312286395,0.4314,0.3922,0.1961,12.8229,2,-25.3292,"Tomato_30_1",0.00018,0.03,0.00184172105730852,"Tomato_30_1_16_Scenario_1A",16
255,263,9,0.5007,0.318,-6.4126,0.6326,0.4545,-6.4755,0.1887,0.19996567205398,0.4314,0.3922,0.1961,12.8265,2,-26.55,"Tomato_30_1",0.00018,0.03,0.00176084672026693,"Tomato_30_1_16_Scenario_1A",16
254,264,4,2.0172,0.2722,-8.3123,2.052,0.3209,-8.5032,0.1887,0.200063839811196,0.4314,0.3922,0.1961,12.8297,2,-24.5223,"Tomato_30_1",0.00018,0.03,0.00171956785581194,"Tomato_30_1_16_Scenario_1A",16
22,265,10,-0.1885,-0.0176,-6.5137,-0.3426,-0.1159,-6.5947,0.1887,0.199926736581178,0.4314,0.3922,0.1961,12.8312,2,-26.4308,"Tomato_30_1",0.00018,0.03,0.00177521263529582,"Tomato_30_1_16_Scenario_1A",16
256,266,5,-2.3093,-0.8602,-7.2123,-2.3577,-0.8891,-7.4042,0.1887,0.200008449821502,0.4314,0.3922,0.1961,12.8336,2,-25.6213,"Tomato_30_1",0.00018,0.03,0.00173463896935991,"Tomato_30_1_16_Scenario_1A",16
257,267,6,0.995,0.9081,-7.5473,1.0864,0.96,-7.7175,0.1887,0.200039021193366,0.4314,0.3922,0.1961,12.8626,2,-25.308,"Tomato_30_1",0.00018,0.03,0.00172720413210616,"Tomato_30_1_16_Scenario_1A",16
86,268,0,-0.4913,-0.0403,-16.6394,-0.5211,-0.0216,-16.8362,0.1887,0.199919908963568,0.4314,0.3922,0.1961,12.869,1,-16.1893,"Tomato_30_1",0.00018,0.03,0.00242651740321581,"Tomato_30_1_16_Scenario_1A",16
259,269,8,-0.2395,-1.6497,-6.3516,-0.2307,-1.8241,-6.4492,0.1887,0.200046394618848,0.4314,0.3922,0.1961,12.8725,2,-26.5763,"Tomato_30_1",0.00018,0.03,0.00172596778236783,"Tomato_30_1_16_Scenario_1A",16
258,270,3,3.8186,1.6986,-6.1242,3.8703,1.7771,-6.3007,0.1887,0.199968472515044,0.4314,0.3922,0.1961,12.8812,2,-26.7248,"Tomato_30_1",0.00018,0.03,0.00178845560921543,"Tomato_30_1_16_Scenario_1A",16
87,271,0,-0.5211,-0.0216,-16.8362,-0.5228,-0.0167,-16.873,0.1887,0.0371636919586841,0.4314,0.3922,0.1961,12.9091,1,-16.1525,"Tomato_30_1",0.00018,0.03,0.000413940017538036,"Tomato_30_1_16_Scenario_1A",16
261,272,7,-0.8125,-2.1107,-6.5726,-0.8849,-2.2561,-6.6893,0.1887,0.200004524948812,0.4314,0.3922,0.1961,12.9186,2,-26.3362,"Tomato_30_1",0.00018,0.03,0.00171873160123004,"Tomato_30_1_16_Scenario_1A",16
260,273,1,-2.8534,-4.3494,-7.2498,-2.8586,-4.4291,-7.4332,0.1887,0.200036721628806,0.4314,0.3922,0.1961,12.923,2,-25.5923,"Tomato_30_1",0.00018,0.03,0.00172839568601449,"Tomato_30_1_16_Scenario_1A",16
265,274,10,-0.3426,-0.1159,-6.5947,-0.5054,-0.2173,-6.6513,0.1887,0.199973398230865,0.4314,0.3922,0.1961,12.9252,2,-26.3742,"Tomato_30_1",0.00018,0.03,0.00176170154346739,"Tomato_30_1_16_Scenario_1A",16
263,275,9,0.6326,0.4545,-6.4755,0.7819,0.5514,-6.5668,0.1887,0.200039471105079,0.4314,0.3922,0.1961,12.9343,2,-26.4587,"Tomato_30_1",0.00018,0.03,0.00174928299853938,"Tomato_30_1_16_Scenario_1A",16
264,276,4,2.052,0.3209,-8.5032,2.0661,0.3414,-8.7016,0.1887,0.19995404472028,0.4314,0.3922,0.1961,12.9417,2,-24.3239,"Tomato_30_1",0.00018,0.03,0.00170711312755148,"Tomato_30_1_16_Scenario_1A",16
266,277,5,-2.3577,-0.8891,-7.4042,-2.398,-0.9164,-7.5982,0.1887,0.200013449547774,0.4314,0.3922,0.1961,12.9471,2,-25.4273,"Tomato_30_1",0.00018,0.03,0.00172306391113585,"Tomato_30_1_16_Scenario_1A",16
262,278,2,1.4557,-2.9827,-7.6963,1.4304,-2.9948,-7.8943,0.1887,0.199976248589677,0.4314,0.3922,0.1961,12.9558,2,-25.1312,"Tomato_30_1",0.00018,0.03,0.00183031308986049,"Tomato_30_1_16_Scenario_1A",16
267,279,6,1.0864,0.96,-7.7175,1.1788,1.0114,-7.8872,0.1887,0.199944517304176,0.4314,0.3922,0.1961,12.975,2,-25.1383,"Tomato_30_1",0.00018,0.03,0.00171482623354124,"Tomato_30_1_16_Scenario_1A",16
269,280,8,-0.2307,-1.8241,-6.4492,-0.2171,-2.0036,-6.5362,0.1887,0.199935514604084,0.4314,0.3922,0.1961,12.975,2,-26.4893,"Tomato_30_1",0.00018,0.03,0.00171264955853472,"Tomato_30_1_16_Scenario_1A",16
270,281,3,3.8703,1.7771,-6.3007,3.9179,1.8874,-6.4606,0.1887,0.199999649999694,0.4314,0.3922,0.1961,13.0062,2,-26.5649,"Tomato_30_1",0.00018,0.03,0.00177805711028028,"Tomato_30_1_16_Scenario_1A",16
274,282,10,-0.5054,-0.2173,-6.6513,-0.6568,-0.3065,-6.7469,0.1887,0.200044894961106,0.4314,0.3922,0.1961,13.0199,2,-26.2786,"Tomato_30_1",0.00018,0.03,0.00174889836141998,"Tomato_30_1_16_Scenario_1A",16
272,283,7,-0.8849,-2.2561,-6.6893,-0.9997,-2.3917,-6.7812,0.1887,0.200030022746587,0.4314,0.3922,0.1961,13.0266,2,-26.2443,"Tomato_30_1",0.00018,0.03,0.00170743712476536,"Tomato_30_1_16_Scenario_1A",16
273,284,1,-2.8586,-4.4291,-7.4332,-2.8627,-4.5198,-7.6114,0.1887,0.199996349966693,0.4314,0.3922,0.1961,13.0422,2,-25.4141,"Tomato_30_1",0.00018,0.03,0.00171730540324503,"Tomato_30_1_16_Scenario_1A",16
275,285,9,0.7819,0.5514,-6.5668,0.9295,0.6439,-6.6651,0.1887,0.200012249624867,0.4314,0.3922,0.1961,13.0428,2,-26.3604,"Tomato_30_1",0.00018,0.03,0.00173732940404141,"Tomato_30_1_16_Scenario_1A",16
276,286,4,2.0661,0.3414,-8.7016,2.0379,0.3349,-8.8995,0.1887,0.200004749943596,0.4314,0.3922,0.1961,13.0544,2,-24.126,"Tomato_30_1",0.00018,0.03,0.0016965196448433,"Tomato_30_1_16_Scenario_1A",16
277,287,5,-2.398,-0.9164,-7.5982,-2.4235,-0.9474,-7.7941,0.1887,0.199970147772111,0.4314,0.3922,0.1961,13.0613,2,-25.2314,"Tomato_30_1",0.00018,0.03,0.00171156626699533,"Tomato_30_1_16_Scenario_1A",16
280,288,8,-0.2171,-2.0036,-6.5362,-0.1771,-2.1808,-6.6199,0.1887,0.200013824522207,0.4314,0.3922,0.1961,13.0782,2,-26.4056,"Tomato_30_1",0.00018,0.03,0.00170144243498347,"Tomato_30_1_16_Scenario_1A",16
279,289,6,1.1788,1.0114,-7.8872,1.2802,1.0525,-8.0546,0.1887,0.199984824424255,0.4314,0.3922,0.1961,13.0882,2,-24.9709,"Tomato_30_1",0.00018,0.03,0.00170409720087628,"Tomato_30_1_16_Scenario_1A",16
278,290,2,1.4304,-2.9948,-7.8943,1.4282,-3.0088,-8.0938,0.1887,0.200002724981436,0.4314,0.3922,0.1961,13.0901,2,-24.9317,"Tomato_30_1",0.00018,0.03,0.00182054387393385,"Tomato_30_1_16_Scenario_1A",16
282,291,10,-0.6568,-0.3065,-6.7469,-0.832,-0.3799,-6.8096,0.1887,0.200034721985959,0.4314,0.3922,0.1961,13.1153,2,-26.2159,"Tomato_30_1",0.00018,0.03,0.00173587278579649,"Tomato_30_1_16_Scenario_1A",16
88,292,0,-0.5228,-0.0167,-16.873,-0.5348,0.0151,-17.07,0.1887,0.199910580010163,0.4314,0.3922,0.1961,13.1259,1,-15.9555,"Tomato_30_1",0.00018,0.03,0.00218171666246728,"Tomato_30_1_16_Scenario_1A",16
281,293,3,3.9179,1.8874,-6.4606,3.9479,2.0022,-6.6216,0.1887,0.200000099999975,0.4314,0.3922,0.1961,13.1322,2,-26.4039,"Tomato_30_1",0.00018,0.03,0.00176788883915791,"Tomato_30_1_16_Scenario_1A",16
283,294,7,-0.9997,-2.3917,-6.7812,-1.1167,-2.5266,-6.8712,0.1887,0.199967522363008,0.4314,0.3922,0.1961,13.1354,2,-26.1543,"Tomato_30_1",0.00018,0.03,0.00169588041347943,"Tomato_30_1_16_Scenario_1A",16
285,295,9,0.9295,0.6439,-6.6651,1.0685,0.7406,-6.7715,0.1887,0.199982124201139,0.4314,0.3922,0.1961,13.152,2,-26.254,"Tomato_30_1",0.00018,0.03,0.00172584994429922,"Tomato_30_1_16_Scenario_1A",16
284,296,1,-2.8627,-4.5198,-7.6114,-2.8715,-4.6027,-7.7932,0.1887,0.200002724981436,0.4314,0.3922,0.1961,13.1623,2,-25.2323,"Tomato_30_1",0.00018,0.03,0.00170710797773819,"Tomato_30_1_16_Scenario_1A",16
286,297,4,2.0379,0.3349,-8.8995,2.012,0.3708,-9.0946,0.1887,0.200059066277937,0.4314,0.3922,0.1961,13.1681,2,-23.9309,"Tomato_30_1",0.00018,0.03,0.00168643109015499,"Tomato_30_1_16_Scenario_1A",16
287,298,5,-2.4235,-0.9474,-7.7941,-2.4294,-1.0125,-7.9831,0.1887,0.199984549403198,0.4314,0.3922,0.1961,13.1763,2,-25.0424,"Tomato_30_1",0.00018,0.03,0.00170105192105249,"Tomato_30_1_16_Scenario_1A",16
288,299,8,-0.1771,-2.1808,-6.6199,-0.1366,-2.3535,-6.7124,0.1887,0.200054467583206,0.4314,0.3922,0.1961,13.1821,2,-26.3131,"Tomato_30_1",0.00018,0.03,0.00169038864159015,"Tomato_30_1_16_Scenario_1A",16
289,300,6,1.2802,1.0525,-8.0546,1.3353,1.1072,-8.239,0.1887,0.200078634541522,0.4314,0.3922,0.1961,13.2023,2,-24.7865,"Tomato_30_1",0.00018,0.03,0.00169429815920467,"Tomato_30_1_16_Scenario_1A",16
291,301,10,-0.832,-0.3799,-6.8096,-1.0122,-0.4461,-6.8657,0.1887,0.200004224955375,0.4314,0.3922,0.1961,13.2114,2,-26.1598,"Tomato_30_1",0.00018,0.03,0.00172316878732676,"Tomato_30_1_16_Scenario_1A",16
290,302,2,1.4282,-3.0088,-8.0938,1.4253,-3.0217,-8.2933,0.1887,0.199937665285959,0.4314,0.3922,0.1961,13.2257,2,-24.7322,"Tomato_30_1",0.00018,0.03,0.00181046207465083,"Tomato_30_1_16_Scenario_1A",16
294,303,7,-1.1167,-2.5266,-6.8712,-1.2546,-2.6418,-6.959,0.1887,0.199990724784926,0.4314,0.3922,0.1961,13.245,2,-26.0665,"Tomato_30_1",0.00018,0.03,0.00168553635363433,"Tomato_30_1_16_Scenario_1A",16
293,304,3,3.9479,2.0022,-6.6216,3.9572,2.1214,-6.7819,0.1887,0.199978048795362,0.4314,0.3922,0.1961,13.2593,2,-26.2436,"Tomato_30_1",0.00018,0.03,0.00175802628626582,"Tomato_30_1_16_Scenario_1A",16
295,305,9,1.0685,0.7406,-6.7715,1.2113,0.8342,-6.8756,0.1887,0.19997402331303,0.4314,0.3922,0.1961,13.2619,2,-26.1499,"Tomato_30_1",0.00018,0.03,0.00171505478083413,"Tomato_30_1_16_Scenario_1A",16
25,306,11,-0.1494,-0.0375,-6.9182,-0.3254,0.043,-6.9685,0.1887,0.199965847083946,0.4314,0.3922,0.1961,13.2691,2,-26.057,"Tomato_30_1",0.00018,0.03,0.00174612521578337,"Tomato_30_1_16_Scenario_1A",16
297,307,4,2.012,0.3708,-9.0946,2.0027,0.4139,-9.2896,0.1887,0.199922735075329,0.4314,0.3922,0.1961,13.2825,2,-23.7359,"Tomato_30_1",0.00018,0.03,0.00167522145725358,"Tomato_30_1_16_Scenario_1A",16
296,308,1,-2.8715,-4.6027,-7.7932,-2.9103,-4.7127,-7.9557,0.1887,0.200029222865061,0.4314,0.3922,0.1961,13.2835,2,-25.0698,"Tomato_30_1",0.00018,0.03,0.0016975656817131,"Tomato_30_1_16_Scenario_1A",16
299,309,8,-0.1366,-2.3535,-6.7124,-0.0854,-2.4916,-6.8477,0.1887,0.199997849988444,0.4314,0.3922,0.1961,13.2868,2,-26.1778,"Tomato_30_1",0.00018,0.03,0.00167899539201713,"Tomato_30_1_16_Scenario_1A",16
298,310,5,-2.4294,-1.0125,-7.9831,-2.4535,-1.0752,-8.1715,0.1887,0.200016649307001,0.4314,0.3922,0.1961,13.292,2,-24.854,"Tomato_30_1",0.00018,0.03,0.0016911685112069,"Tomato_30_1_16_Scenario_1A",16
301,311,10,-1.0122,-0.4461,-6.8657,-1.1773,-0.518,-6.9526,0.1887,0.199948068257735,0.4314,0.3922,0.1961,13.3082,2,-26.0729,"Tomato_30_1",0.00018,0.03,0.00171074193499826,"Tomato_30_1_16_Scenario_1A",16
300,312,6,1.3353,1.1072,-8.239,1.4051,1.1673,-8.4165,0.1887,0.199975748529664,0.4314,0.3922,0.1961,13.3173,2,-24.609,"Tomato_30_1",0.00018,0.03,0.00168331616204749,"Tomato_30_1_16_Scenario_1A",16
89,313,0,-0.5348,0.0151,-17.07,-0.5413,0.0362,-17.2652,0.1887,0.196444648692704,0.4314,0.3922,0.1961,13.3399,1,-15.7603,"Tomato_30_1",0.00018,0.03,0.00215860915036604,"Tomato_30_1_16_Scenario_1A",16
303,314,7,-1.2546,-2.6418,-6.959,-1.3962,-2.7555,-7.0429,0.1887,0.200043645237734,0.4314,0.3922,0.1961,13.3555,2,-25.9826,"Tomato_30_1",0.00018,0.03,0.00167591654559723,"Tomato_30_1_16_Scenario_1A",16
306,315,11,-0.3254,0.043,-6.9685,-0.498,0.1275,-7.024,0.1887,0.200028148019223,0.4314,0.3922,0.1961,13.3596,2,-26.0015,"Tomato_30_1",0.00018,0.03,0.00173415209821555,"Tomato_30_1_16_Scenario_1A",16
302,316,2,1.4253,-3.0217,-8.2933,1.41,-2.99,-8.4902,0.1887,0.200021473847184,0.4314,0.3922,0.1961,13.3629,2,-24.5353,"Tomato_30_1",0.00018,0.03,0.00180224227718138,"Tomato_30_1_16_Scenario_1A",16
305,317,9,1.2113,0.8342,-6.8756,1.3505,0.9072,-6.9993,0.1887,0.200018324160563,0.4314,0.3922,0.1961,13.3725,2,-26.0262,"Tomato_30_1",0.00018,0.03,0.00170519423575127,"Tomato_30_1_16_Scenario_1A",16
304,318,3,3.9572,2.1214,-6.7819,3.9473,2.2356,-6.9458,0.1887,0.200007149872198,0.4314,0.3922,0.1961,13.3875,2,-26.0797,"Tomato_30_1",0.00018,0.03,0.00174911321210425,"Tomato_30_1_16_Scenario_1A",16
309,319,8,-0.0854,-2.4916,-6.8477,-0.0203,-2.6077,-6.997,0.1887,0.200019274071276,0.4314,0.3922,0.1961,13.3923,2,-26.0285,"Tomato_30_1",0.00018,0.03,0.00166873809168008,"Tomato_30_1_16_Scenario_1A",16
307,320,4,2.0027,0.4139,-9.2896,1.974,0.4331,-9.4866,0.1887,0.200003324972361,0.4314,0.3922,0.1961,13.3979,2,-23.5389,"Tomato_30_1",0.00018,0.03,0.00166631048133029,"Tomato_30_1_16_Scenario_1A",16
308,321,1,-2.9103,-4.7127,-7.9557,-2.9764,-4.7615,-8.138,0.1887,0.199959845969134,0.4314,0.3922,0.1961,13.4057,2,-24.8875,"Tomato_30_1",0.00018,0.03,0.00168769574809766,"Tomato_30_1_16_Scenario_1A",16
311,322,10,-1.1773,-0.518,-6.9526,-1.3344,-0.4877,-7.0727,0.1887,0.200056267085038,0.4314,0.3922,0.1961,13.4057,2,-25.9528,"Tomato_30_1",0.00018,0.03,0.00170020371742098,"Tomato_30_1_16_Scenario_1A",16
310,323,5,-2.4535,-1.0752,-8.1715,-2.4738,-1.1636,-8.3498,0.1887,0.200043845193998,0.4314,0.3922,0.1961,13.4085,2,-24.6757,"Tomato_30_1",0.00018,0.03,0.00168172053297312,"Tomato_30_1_16_Scenario_1A",16
312,324,6,1.4051,1.1673,-8.4165,1.4746,1.1811,-8.6035,0.1887,0.19997422333891,0.4314,0.3922,0.1961,13.4332,2,-24.422,"Tomato_30_1",0.00018,0.03,0.00167367426120127,"Tomato_30_1_16_Scenario_1A",16
315,325,11,-0.498,0.1275,-7.024,-0.6764,0.2024,-7.0745,0.1887,0.199967047285296,0.4314,0.3922,0.1961,13.4508,2,-25.951,"Tomato_30_1",0.00018,0.03,0.00172160231325021,"Tomato_30_1_16_Scenario_1A",16
314,326,7,-1.3962,-2.7555,-7.0429,-1.5422,-2.8546,-7.1369,0.1887,0.19993201344457,0.4314,0.3922,0.1961,13.4667,2,-25.8886,"Tomato_30_1",0.00018,0.03,0.00166539916656596,"Tomato_30_1_16_Scenario_1A",16
317,327,9,1.3505,0.9072,-6.9993,1.4941,0.9614,-7.1276,0.1887,0.200048719066132,0.4314,0.3922,0.1961,13.4839,2,-25.8979,"Tomato_30_1",0.00018,0.03,0.00169569482048487,"Tomato_30_1_16_Scenario_1A",16
319,328,8,-0.0203,-2.6077,-6.997,0.0449,-2.7211,-7.1482,0.1887,0.199930087780704,0.4314,0.3922,0.1961,13.4986,2,-25.8773,"Tomato_30_1",0.00018,0.03,0.00165803782687341,"Tomato_30_1_16_Scenario_1A",16
316,329,2,1.41,-2.99,-8.4902,1.4101,-2.9813,-8.69,0.1887,0.199989349716428,0.4314,0.3922,0.1961,13.5015,2,-24.3355,"Tomato_30_1",0.00018,0.03,0.0017934871504938,"Tomato_30_1_16_Scenario_1A",16
322,330,10,-1.3344,-0.4877,-7.0727,-1.4608,-0.4791,-7.2275,0.1887,0.200034896955506,0.4314,0.3922,0.1961,13.5039,2,-25.798,"Tomato_30_1",0.00018,0.03,0.00168904077694437,"Tomato_30_1_16_Scenario_1A",16
320,331,4,1.974,0.4331,-9.4866,1.9615,0.4473,-9.6857,0.1887,0.199996749973595,0.4314,0.3922,0.1961,13.5141,2,-23.3398,"Tomato_30_1",0.00018,0.03,0.00165714206489157,"Tomato_30_1_16_Scenario_1A",16
318,332,3,3.9473,2.2356,-6.9458,3.9562,2.3375,-7.1176,0.1887,0.199945142476631,0.4314,0.3922,0.1961,13.5168,2,-25.9079,"Tomato_30_1",0.00018,0.03,0.00173990308958358,"Tomato_30_1_16_Scenario_1A",16
323,333,5,-2.4738,-1.1636,-8.3498,-2.4225,-1.2238,-8.5335,0.1887,0.200003549968494,0.4314,0.3922,0.1961,13.5257,2,-24.492,"Tomato_30_1",0.00018,0.03,0.00167218468494652,"Tomato_30_1_16_Scenario_1A",16
321,334,1,-2.9764,-4.7615,-8.138,-3.0239,-4.8029,-8.3278,0.1887,0.199985624483361,0.4314,0.3922,0.1961,13.5289,2,-24.6977,"Tomato_30_1",0.00018,0.03,0.00167911220444393,"Tomato_30_1_16_Scenario_1A",16
325,335,11,-0.6764,0.2024,-7.0745,-0.845,0.2965,-7.127,0.1887,0.200092528596147,0.4314,0.3922,0.1961,13.5425,2,-25.8985,"Tomato_30_1",0.00018,0.03,0.00171114343792361,"Tomato_30_1_16_Scenario_1A",16
324,336,6,1.4746,1.1811,-8.6035,1.502,1.2079,-8.7998,0.1887,0.200006724886939,0.4314,0.3922,0.1961,13.5499,2,-24.2257,"Tomato_30_1",0.00018,0.03,0.00166479118837577,"Tomato_30_1_16_Scenario_1A",16
90,337,0,-0.5413,0.0362,-17.2652,-0.5443,0.0471,-17.4648,0.1887,0.199919908963565,0.4314,0.3922,0.1961,13.559,1,-15.5607,"Tomato_30_1",0.00018,0.03,0.00220138647791792,"Tomato_30_1_16_Scenario_1A",16
326,338,7,-1.5422,-2.8546,-7.1369,-1.6763,-2.9722,-7.2275,0.1887,0.200052318157026,0.4314,0.3922,0.1961,13.5788,2,-25.798,"Tomato_30_1",0.00018,0.03,0.00165728734909538,"Tomato_30_1_16_Scenario_1A",16
327,339,9,1.4941,0.9614,-7.1276,1.6382,1.0145,-7.2557,0.1887,0.199985074443069,0.4314,0.3922,0.1961,13.5959,2,-25.7698,"Tomato_30_1",0.00018,0.03,0.00168588317598021,"Tomato_30_1_16_Scenario_1A",16
330,340,10,-1.4608,-0.4791,-7.2275,-1.5769,-0.5399,-7.3785,0.1887,0.199942116623787,0.4314,0.3922,0.1961,13.6028,2,-25.647,"Tomato_30_1",0.00018,0.03,0.00167776467551168,"Tomato_30_1_16_Scenario_1A",16
328,341,8,0.0449,-2.7211,-7.1482,0.0827,-2.8444,-7.3011,0.1887,0.200025348393647,0.4314,0.3922,0.1961,13.6056,2,-25.7244,"Tomato_30_1",0.00018,0.03,0.00164933870566155,"Tomato_30_1_16_Scenario_1A",16
331,342,4,1.9615,0.4473,-9.6857,1.9679,0.4573,-9.8854,0.1887,0.200052618078345,0.4314,0.3922,0.1961,13.6312,2,-23.1401,"Tomato_30_1",0.00018,0.03,0.00164895945965657,"Tomato_30_1_16_Scenario_1A",16
335,343,11,-0.845,0.2965,-7.127,-1.0108,0.3995,-7.1703,0.1887,0.19993381404855,0.4314,0.3922,0.1961,13.6349,2,-25.8552,"Tomato_30_1",0.00018,0.03,0.00169874362489658,"Tomato_30_1_16_Scenario_1A",16
329,344,2,1.4101,-2.9813,-8.69,1.3988,-2.9535,-8.8878,0.1887,0.200063414946362,0.4314,0.3922,0.1961,13.6416,2,-24.1377,"Tomato_30_1",0.00018,0.03,0.00178619233091712,"Tomato_30_1_16_Scenario_1A",16
333,345,5,-2.4225,-1.2238,-8.5335,-2.3835,-1.26,-8.7263,0.1887,0.200008199831907,0.4314,0.3922,0.1961,13.6437,2,-24.2992,"Tomato_30_1",0.00018,0.03,0.00166350297687066,"Tomato_30_1_16_Scenario_1A",16
332,346,3,3.9562,2.3375,-7.1176,3.9774,2.4459,-7.2844,0.1887,0.200055592273747,0.4314,0.3922,0.1961,13.6471,2,-25.7411,"Tomato_30_1",0.00018,0.03,0.00173268590920934,"Tomato_30_1_16_Scenario_1A",16
334,347,1,-3.0239,-4.8029,-8.3278,-3.0638,-4.8006,-8.5238,0.1887,0.200033247236553,0.4314,0.3922,0.1961,13.6532,2,-24.5017,"Tomato_30_1",0.00018,0.03,0.0016711851494002,"Tomato_30_1_16_Scenario_1A",16
336,348,6,1.502,1.2079,-8.7998,1.5098,1.2258,-8.9989,0.1887,0.200055142398291,0.4314,0.3922,0.1961,13.6677,2,-24.0266,"Tomato_30_1",0.00018,0.03,0.00165650898690891,"Tomato_30_1_16_Scenario_1A",16
338,349,7,-1.6763,-2.9722,-7.2275,-1.8111,-3.0548,-7.35,0.1887,0.200000124999961,0.4314,0.3922,0.1961,13.6917,2,-25.6755,"Tomato_30_1",0.00018,0.03,0.00164821338162196,"Tomato_30_1_16_Scenario_1A",16
340,350,10,-1.5769,-0.5399,-7.3785,-1.6939,-0.6002,-7.5291,0.1887,0.20001362453593,0.4314,0.3922,0.1961,13.7025,2,-25.4964,"Tomato_30_1",0.00018,0.03,0.00166834636736629,"Tomato_30_1_16_Scenario_1A",16
339,351,9,1.6382,1.0145,-7.2557,1.7849,1.0647,-7.3819,0.1887,0.199918408357009,0.4314,0.3922,0.1961,13.7088,2,-25.6436,"Tomato_30_1",0.00018,0.03,0.00167653454246214,"Tomato_30_1_16_Scenario_1A",16
28,352,12,-0.1464,-0.0442,-7.3225,-0.2021,-0.2322,-7.3617,0.1887,0.199957820552235,0.4314,0.3922,0.1961,13.7121,2,-25.6638,"Tomato_30_1",0.00018,0.03,0.00172499727670827,"Tomato_30_1_16_Scenario_1A",16
341,353,8,0.0827,-2.8444,-7.3011,0.1235,-2.9698,-7.4515,0.1887,0.200024898450168,0.4314,0.3922,0.1961,13.7135,2,-25.574,"Tomato_30_1",0.00018,0.03,0.00164031301908081,"Tomato_30_1_16_Scenario_1A",16
343,354,11,-1.0108,0.3995,-7.1703,-1.1734,0.5151,-7.1848,0.1887,0.200030922609481,0.4314,0.3922,0.1961,13.7278,2,-25.8407,"Tomato_30_1",0.00018,0.03,0.00168900615696475,"Tomato_30_1_16_Scenario_1A",16
342,355,4,1.9679,0.4573,-9.8854,1.9694,0.4641,-10.0853,0.1887,0.200021248871213,0.4314,0.3922,0.1961,13.7492,2,-22.9402,"Tomato_30_1",0.00018,0.03,0.00164052549706358,"Tomato_30_1_16_Scenario_1A",16
345,356,5,-2.3835,-1.26,-8.7263,-2.3228,-1.2884,-8.9147,0.1887,0.199964021763916,0.4314,0.3922,0.1961,13.7624,2,-24.1108,"Tomato_30_1",0.00018,0.03,0.00165489095282947,"Tomato_30_1_16_Scenario_1A",16
347,357,1,-3.0638,-4.8006,-8.5238,-3.1117,-4.8208,-8.7169,0.1887,0.199975148456003,0.4314,0.3922,0.1961,13.7786,2,-24.3086,"Tomato_30_1",0.00018,0.03,0.0016628509129976,"Tomato_30_1_16_Scenario_1A",16
346,358,3,3.9774,2.4459,-7.2844,4.002,2.5759,-7.4344,0.1887,0.200012899584002,0.4314,0.3922,0.1961,13.7787,2,-25.5911,"Tomato_30_1",0.00018,0.03,0.00172463124608475,"Tomato_30_1_16_Scenario_1A",16
91,359,0,-0.5443,0.0471,-17.4648,-0.5584,0.0727,-17.6627,0.1887,0.200046444607247,0.4314,0.3922,0.1961,13.7791,1,-15.3628,"Tomato_30_1",0.00018,0.03,0.00215673355510801,"Tomato_30_1_16_Scenario_1A",16
344,360,2,1.3988,-2.9535,-8.8878,1.3933,-2.9254,-9.0857,0.1887,0.199960671133099,0.4314,0.3922,0.1961,13.7833,2,-23.9398,"Tomato_30_1",0.00018,0.03,0.0017778287075219,"Tomato_30_1_16_Scenario_1A",16
348,361,6,1.5098,1.2258,-8.9989,1.515,1.2439,-9.198,0.1887,0.199988649677925,0.4314,0.3922,0.1961,13.7863,2,-23.8275,"Tomato_30_1",0.00018,0.03,0.0016477477858737,"Tomato_30_1_16_Scenario_1A",16
92,362,0,-0.5584,0.0727,-17.6627,-0.5601,0.0746,-17.6779,0.1887,0.0154123327241532,0.4314,0.3922,0.1961,13.7962,1,-15.3476,"Tomato_30_1",0.00018,0.03,0.000167443152102898,"Tomato_30_1_16_Scenario_1A",16
350,363,10,-1.6939,-0.6002,-7.5291,-1.8141,-0.6236,-7.6872,0.1887,0.199978023792616,0.4314,0.3922,0.1961,13.8029,2,-25.3383,"Tomato_30_1",0.00018,0.03,0.00165850654771605,"Tomato_30_1_16_Scenario_1A",16
352,364,12,-0.2021,-0.2322,-7.3617,-0.2509,-0.4229,-7.3972,0.1887,0.200020448954601,0.4314,0.3922,0.1961,13.8032,2,-25.6283,"Tomato_30_1",0.00018,0.03,0.00171481317623162,"Tomato_30_1_16_Scenario_1A",16
349,365,7,-1.8111,-3.0548,-7.35,-1.9235,-3.1297,-7.4976,0.1887,0.200073811379701,0.4314,0.3922,0.1961,13.8055,2,-25.5279,"Tomato_30_1",0.00018,0.03,0.00164064477528597,"Tomato_30_1_16_Scenario_1A",16
354,366,11,-1.1734,0.5151,-7.1848,-1.3333,0.6346,-7.1973,0.1887,0.200011274682204,0.4314,0.3922,0.1961,13.8215,2,-25.8282,"Tomato_30_1",0.00018,0.03,0.00167875730058575,"Tomato_30_1_16_Scenario_1A",16
353,367,8,0.1235,-2.9698,-7.4515,0.1743,-3.0603,-7.6224,0.1887,0.199944242227677,0.4314,0.3922,0.1961,13.8222,2,-25.4031,"Tomato_30_1",0.00018,0.03,0.0016311016226211,"Tomato_30_1_16_Scenario_1A",16
351,368,9,1.7849,1.0647,-7.3819,1.9397,1.0975,-7.5042,0.1887,0.199990424770788,0.4314,0.3922,0.1961,13.8223,2,-25.5213,"Tomato_30_1",0.00018,0.03,0.00166882561342578,"Tomato_30_1_16_Scenario_1A",16
355,369,4,1.9694,0.4641,-10.0853,1.9959,0.4524,-10.2832,0.1887,0.200008874803095,0.4314,0.3922,0.1961,13.8681,2,-22.7423,"Tomato_30_1",0.00018,0.03,0.0016327169078277,"Tomato_30_1_16_Scenario_1A",16
356,370,5,-2.3228,-1.2884,-8.9147,-2.3002,-1.3194,-9.111,0.1887,0.200013624535931,0.4314,0.3922,0.1961,13.882,2,-23.9145,"Tomato_30_1",0.00018,0.03,0.0016475257127612,"Tomato_30_1_16_Scenario_1A",16
364,371,12,-0.2509,-0.4229,-7.3972,-0.291,-0.6161,-7.4302,0.1887,0.200058116556165,0.4314,0.3922,0.1961,13.895,2,-25.5953,"Tomato_30_1",0.00018,0.03,0.00170489519849703,"Tomato_30_1_16_Scenario_1A",16
363,372,10,-1.8141,-0.6236,-7.6872,-1.9288,-0.6258,-7.8511,0.1887,0.20006034089744,0.4314,0.3922,0.1961,13.9041,2,-25.1744,"Tomato_30_1",0.00018,0.03,0.00165011355319757,"Tomato_30_1_16_Scenario_1A",16
357,373,1,-3.1117,-4.8208,-8.7169,-3.1314,-4.8465,-8.9143,0.1887,0.200038346323899,0.4314,0.3922,0.1961,13.9051,2,-24.1112,"Tomato_30_1",0.00018,0.03,0.00165599837555278,"Tomato_30_1_16_Scenario_1A",16
361,374,6,1.515,1.2439,-9.198,1.5234,1.2624,-9.3969,0.1887,0.199935039450318,0.4314,0.3922,0.1961,13.906,2,-23.6286,"Tomato_30_1",0.00018,0.03,0.00163956877281519,"Tomato_30_1_16_Scenario_1A",16
358,375,3,4.002,2.5759,-7.4344,4.0242,2.7088,-7.5822,0.1887,0.200000224999874,0.4314,0.3922,0.1961,13.9113,2,-25.4433,"Tomato_30_1",0.00018,0.03,0.00171732940969311,"Tomato_30_1_16_Scenario_1A",16
366,376,11,-1.3333,0.6346,-7.1973,-1.4686,0.7818,-7.1922,0.1887,0.199999849999944,0.4314,0.3922,0.1961,13.9157,2,-25.8333,"Tomato_30_1",0.00018,0.03,0.00166905754020553,"Tomato_30_1_16_Scenario_1A",16
365,377,7,-1.9235,-3.1297,-7.4976,-2.0116,-3.1846,-7.6685,0.1887,0.199956070175426,0.4314,0.3922,0.1961,13.9201,2,-25.357,"Tomato_30_1",0.00018,0.03,0.00163197576984728,"Tomato_30_1_16_Scenario_1A",16
360,378,2,1.3933,-2.9254,-9.0857,1.3843,-2.86,-9.2745,0.1887,0.20000899979751,0.4314,0.3922,0.1961,13.9265,2,-23.751,"Tomato_30_1",0.00018,0.03,0.00177131730296698,"Tomato_30_1_16_Scenario_1A",16
367,379,8,0.1743,-3.0603,-7.6224,0.2076,-3.1531,-7.7965,0.1887,0.200078834462819,0.4314,0.3922,0.1961,13.9317,2,-25.229,"Tomato_30_1",0.00018,0.03,0.00162410723801552,"Tomato_30_1_16_Scenario_1A",16
368,380,9,1.9397,1.0975,-7.5042,2.097,1.1007,-7.6278,0.1887,0.200076210479907,0.4314,0.3922,0.1961,13.9367,2,-25.3977,"Tomato_30_1",0.00018,0.03,0.00166169689274315,"Tomato_30_1_16_Scenario_1A",16
371,381,12,-0.291,-0.6161,-7.4302,-0.2944,-0.8144,-7.456,0.1887,0.200000224999874,0.4314,0.3922,0.1961,13.9874,2,-25.5695,"Tomato_30_1",0.00018,0.03,0.00169464955693286,"Tomato_30_1_16_Scenario_1A",16
369,382,4,1.9959,0.4524,-10.2832,2.0368,0.447,-10.4789,0.1887,0.200001149996692,0.4314,0.3922,0.1961,13.9879,2,-22.5466,"Tomato_30_1",0.00018,0.03,0.00162541205656245,"Tomato_30_1_16_Scenario_1A",16
370,383,5,-2.3002,-1.3194,-9.111,-2.2894,-1.3404,-9.3096,0.1887,0.199998999997499,0.4314,0.3922,0.1961,14.0024,2,-23.7159,"Tomato_30_1",0.00018,0.03,0.00164009816974905,"Tomato_30_1_16_Scenario_1A",16
372,384,10,-1.9288,-0.6258,-7.8511,-2.039,-0.6191,-8.0178,0.1887,0.199944542311112,0.4314,0.3922,0.1961,14.006,2,-25.0077,"Tomato_30_1",0.00018,0.03,0.0016405580391854,"Tomato_30_1_16_Scenario_1A",16
376,385,11,-1.4686,0.7818,-7.1922,-1.5738,0.9511,-7.2083,0.1887,0.199971848018665,0.4314,0.3922,0.1961,14.0106,2,-25.8172,"Tomato_30_1",0.00018,0.03,0.00165969711007507,"Tomato_30_1_16_Scenario_1A",16
93,386,0,-0.5601,0.0746,-17.6779,-0.5742,0.0989,-17.8759,0.1887,0.199983249298535,0.4314,0.3922,0.1961,14.0176,1,-15.1496,"Tomato_30_1",0.00018,0.03,0.00239241135010826,"Tomato_30_1_16_Scenario_1A",16
374,387,6,1.5234,1.2624,-9.3969,1.5225,1.2739,-9.5966,0.1887,0.20003287229853,0.4314,0.3922,0.1961,14.0266,2,-23.4289,"Tomato_30_1",0.00018,0.03,0.00163309581450204,"Tomato_30_1_16_Scenario_1A",16
373,388,1,-3.1314,-4.8465,-8.9143,-3.0822,-4.8904,-9.1031,0.1887,0.199983224296438,0.4314,0.3922,0.1961,14.0327,2,-23.9224,"Tomato_30_1",0.00018,0.03,0.00164863701462366,"Tomato_30_1_16_Scenario_1A",16
377,389,7,-2.0116,-3.1846,-7.6685,-2.1218,-3.2321,-7.8284,0.1887,0.199920734292369,0.4314,0.3922,0.1961,14.0357,2,-25.1971,"Tomato_30_1",0.00018,0.03,0.001624452305929,"Tomato_30_1_16_Scenario_1A",16
379,390,8,0.2076,-3.1531,-7.7965,0.2428,-3.2529,-7.9661,0.1887,0.199908078876268,0.4314,0.3922,0.1961,14.0421,2,-25.0594,"Tomato_30_1",0.00018,0.03,0.00161509812894197,"Tomato_30_1_16_Scenario_1A",16
375,391,3,4.0242,2.7088,-7.5822,4.046,2.8382,-7.7331,0.1887,0.199976023562826,0.4314,0.3922,0.1961,14.0452,2,-25.2924,"Tomato_30_1",0.00018,0.03,0.00171041917128689,"Tomato_30_1_16_Scenario_1A",16
380,392,9,2.097,1.1007,-7.6278,2.2518,1.1035,-7.7544,0.1887,0.199996099961975,0.4314,0.3922,0.1961,14.0518,2,-25.2711,"Tomato_30_1",0.00018,0.03,0.00165366281451683,"Tomato_30_1_16_Scenario_1A",16
378,393,2,1.3843,-2.86,-9.2745,1.3706,-2.8155,-9.469,0.1887,0.199995474948809,0.4314,0.3922,0.1961,14.0713,2,-23.5565,"Tomato_30_1",0.00018,0.03,0.00176476028790961,"Tomato_30_1_16_Scenario_1A",16
381,394,12,-0.2944,-0.8144,-7.456,-0.2873,-1.0123,-7.4835,0.1887,0.199927661918005,0.4314,0.3922,0.1961,14.0804,2,-25.542,"Tomato_30_1",0.00018,0.03,0.00168477109635347,"Tomato_30_1_16_Scenario_1A",16
385,395,11,-1.5738,0.9511,-7.2083,-1.6857,1.1163,-7.223,0.1887,0.200071837098578,0.4314,0.3922,0.1961,14.1061,2,-25.8025,"Tomato_30_1",0.00018,0.03,0.00165186663712063,"Tomato_30_1_16_Scenario_1A",16
382,396,4,2.0368,0.447,-10.4789,2.0756,0.4376,-10.6748,0.1887,0.1999265114986,0.4314,0.3922,0.1961,14.1087,2,-22.3507,"Tomato_30_1",0.00018,0.03,0.00161803009139809,"Tomato_30_1_16_Scenario_1A",16
384,397,10,-2.039,-0.6191,-8.0178,-2.1491,-0.5941,-8.1829,0.1887,0.200012549606269,0.4314,0.3922,0.1961,14.1087,2,-24.8426,"Tomato_30_1",0.00018,0.03,0.00163298070704766,"Tomato_30_1_16_Scenario_1A",16
383,398,5,-2.2894,-1.3404,-9.3096,-2.2952,-1.3565,-9.5089,0.1887,0.200033347219908,0.4314,0.3922,0.1961,14.1235,2,-23.5166,"Tomato_30_1",0.00018,0.03,0.0016335379996734,"Tomato_30_1_16_Scenario_1A",16
387,399,6,1.5225,1.2739,-9.5966,1.5435,1.2784,-9.7954,0.1887,0.199956720317173,0.4314,0.3922,0.1961,14.1482,2,-23.2301,"Tomato_30_1",0.00018,0.03,0.0016256657031683,"Tomato_30_1_16_Scenario_1A",16
389,400,7,-2.1218,-3.2321,-7.8284,-2.2575,-3.263,-7.9721,0.1887,0.200047469366648,0.4314,0.3922,0.1961,14.1521,2,-25.0534,"Tomato_30_1",0.00018,0.03,0.00161870323541243,"Tomato_30_1_16_Scenario_1A",16
390,401,8,0.2428,-3.2529,-7.9661,0.2879,-3.3312,-8.1445,0.1887,0.199978648860323,0.4314,0.3922,0.1961,14.1533,2,-24.881,"Tomato_30_1",0.00018,0.03,0.00160850406641373,"Tomato_30_1_16_Scenario_1A",16
388,402,1,-3.0822,-4.8904,-9.1031,-3.0644,-4.9344,-9.2974,0.1887,0.200013324556141,0.4314,0.3922,0.1961,14.1614,2,-23.7281,"Tomato_30_1",0.00018,0.03,0.00164244874112075,"Tomato_30_1_16_Scenario_1A",16
392,403,9,2.2518,1.1035,-7.7544,2.4171,1.1032,-7.867,0.1887,0.200007349864949,0.4314,0.3922,0.1961,14.1677,2,-25.1585,"Tomato_30_1",0.00018,0.03,0.00164685861207193,"Tomato_30_1_16_Scenario_1A",16
394,404,12,-0.2873,-1.0123,-7.4835,-0.3219,-1.198,-7.5493,0.1887,0.200028223008654,0.4314,0.3922,0.1961,14.1742,2,-25.4762,"Tomato_30_1",0.00018,0.03,0.00167682916125191,"Tomato_30_1_16_Scenario_1A",16
391,405,3,4.046,2.8382,-7.7331,4.0859,2.9654,-7.8822,0.1887,0.200006649889447,0.4314,0.3922,0.1961,14.1802,2,-25.1433,"Tomato_30_1",0.00018,0.03,0.00170446431420908,"Tomato_30_1_16_Scenario_1A",16
31,406,13,-0.1574,-0.0627,-7.7413,0.008,-0.1046,-7.8457,0.1887,0.200030322701335,0.4314,0.3922,0.1961,14.1903,2,-25.1798,"Tomato_30_1",0.00018,0.03,0.00171154002500483,"Tomato_30_1_16_Scenario_1A",16
395,407,11,-1.6857,1.1163,-7.223,-1.7983,1.2789,-7.2522,0.1887,0.199925386081908,0.4314,0.3922,0.1961,14.2023,2,-25.7733,"Tomato_30_1",0.00018,0.03,0.00164247416355553,"Tomato_30_1_16_Scenario_1A",16
397,408,10,-2.1491,-0.5941,-8.1829,-2.2635,-0.5843,-8.3466,0.1887,0.199952719411365,0.4314,0.3922,0.1961,14.2123,2,-24.6789,"Tomato_30_1",0.00018,0.03,0.00162482359197662,"Tomato_30_1_16_Scenario_1A",16
393,409,2,1.3706,-2.8155,-9.469,1.3567,-2.8228,-9.6684,0.1887,0.200017149264757,0.4314,0.3922,0.1961,14.2178,2,-23.3571,"Tomato_30_1",0.00018,0.03,0.00175901574476763,"Tomato_30_1_16_Scenario_1A",16
94,410,0,-0.5742,0.0989,-17.8759,-0.5942,0.1187,-18.0603,0.1887,0.186535251360165,0.4314,0.3922,0.1961,14.2251,1,-14.9652,"Tomato_30_1",0.00018,0.03,0.00233338122013625,"Tomato_30_1_16_Scenario_1A",16
396,411,4,2.0756,0.4376,-10.6748,2.1175,0.4323,-10.8703,0.1887,0.200009874756224,0.4314,0.3922,0.1961,14.2305,2,-22.1552,"Tomato_30_1",0.00018,0.03,0.00161238690735018,"Tomato_30_1_16_Scenario_1A",16
398,412,5,-2.2952,-1.3565,-9.5089,-2.3021,-1.3729,-9.7081,0.1887,0.199993024878369,0.4314,0.3922,0.1961,14.2455,2,-23.3174,"Tomato_30_1",0.00018,0.03,0.00162683315556036,"Tomato_30_1_16_Scenario_1A",16
401,413,8,0.2879,-3.3312,-8.1445,0.3349,-3.3935,-8.3287,0.1887,0.200049818795218,0.4314,0.3922,0.1961,14.2654,2,-24.6968,"Tomato_30_1",0.00018,0.03,0.0016023650734889,"Tomato_30_1_16_Scenario_1A",16
404,414,12,-0.3219,-1.198,-7.5493,-0.3493,-1.3758,-7.6368,0.1887,0.200049618844926,0.4314,0.3922,0.1961,14.2686,2,-25.3887,"Tomato_30_1",0.00018,0.03,0.00166869285334007,"Tomato_30_1_16_Scenario_1A",16
400,415,7,-2.2575,-3.263,-7.9721,-2.3906,-3.3036,-8.1158,0.1887,0.200034147084942,0.4314,0.3922,0.1961,14.2695,2,-24.9097,"Tomato_30_1",0.00018,0.03,0.00161227579468188,"Tomato_30_1_16_Scenario_1A",16
399,416,6,1.5435,1.2784,-9.7954,1.5438,1.2807,-9.9954,0.1887,0.200013449547773,0.4314,0.3922,0.1961,14.2708,2,-23.0301,"Tomato_30_1",0.00018,0.03,0.00161977961777198,"Tomato_30_1_16_Scenario_1A",16
403,417,9,2.4171,1.1032,-7.867,2.5726,1.0853,-7.9915,0.1887,0.200002274987061,0.4314,0.3922,0.1961,14.2845,2,-25.034,"Tomato_30_1",0.00018,0.03,0.00164038830546153,"Tomato_30_1_16_Scenario_1A",16
402,418,1,-3.0644,-4.9344,-9.2974,-3.0778,-4.9749,-9.4928,0.1887,0.2000024249853,0.4314,0.3922,0.1961,14.2913,2,-23.5327,"Tomato_30_1",0.00018,0.03,0.00163639022934468,"Tomato_30_1_16_Scenario_1A",16
406,419,13,0.008,-0.1046,-7.8457,0.1741,-0.1459,-7.9492,0.1887,0.200017874201283,0.4314,0.3922,0.1961,14.2959,2,-25.0763,"Tomato_30_1",0.00018,0.03,0.00170384166014088,"Tomato_30_1_16_Scenario_1A",16
407,420,11,-1.7983,1.2789,-7.2522,-1.9257,1.4223,-7.3087,0.1887,0.199966422181325,0.4314,0.3922,0.1961,14.2992,2,-25.7168,"Tomato_30_1",0.00018,0.03,0.00163509577357856,"Tomato_30_1_16_Scenario_1A",16
405,421,3,4.0859,2.9654,-7.8822,4.1142,3.0822,-8.0421,0.1887,0.200027848061213,0.4314,0.3922,0.1961,14.3165,2,-24.9834,"Tomato_30_1",0.00018,0.03,0.00169891181699286,"Tomato_30_1_16_Scenario_1A",16
408,422,10,-2.2635,-0.5843,-8.3466,-2.3598,-0.5814,-8.5219,0.1887,0.20003047267854,0.4314,0.3922,0.1961,14.3166,2,-24.5036,"Tomato_30_1",0.00018,0.03,0.00161824597056428,"Tomato_30_1_16_Scenario_1A",16
411,423,4,2.1175,0.4323,-10.8703,2.1594,0.4266,-11.0658,0.1887,0.200020873910699,0.4314,0.3922,0.1961,14.3532,2,-21.9597,"Tomato_30_1",0.00018,0.03,0.00160661473386574,"Tomato_30_1_16_Scenario_1A",16
414,424,12,-0.3493,-1.3758,-7.6368,-0.4014,-1.5627,-7.6853,0.1887,0.199995674953235,0.4314,0.3922,0.1961,14.3637,2,-25.3402,"Tomato_30_1",0.00018,0.03,0.00166040496292675,"Tomato_30_1_16_Scenario_1A",16
409,425,2,1.3567,-2.8228,-9.6684,1.343,-2.8452,-9.8667,0.1887,0.20003084762106,0.4314,0.3922,0.1961,14.366,2,-23.1588,"Tomato_30_1",0.00018,0.03,0.00175370015922275,"Tomato_30_1_16_Scenario_1A",16
412,426,5,-2.3021,-1.3729,-9.7081,-2.3019,-1.3862,-9.9076,0.1887,0.199942941860922,0.4314,0.3922,0.1961,14.3684,2,-23.1179,"Tomato_30_1",0.00018,0.03,0.00162051595382748,"Tomato_30_1_16_Scenario_1A",16
413,427,8,0.3349,-3.3935,-8.3287,0.3718,-3.464,-8.5122,0.1887,0.200010274736075,0.4314,0.3922,0.1961,14.3784,2,-24.5133,"Tomato_30_1",0.00018,0.03,0.00159579366492693,"Tomato_30_1_16_Scenario_1A",16
415,428,7,-2.3906,-3.3036,-8.1158,-2.5181,-3.3027,-8.2699,0.1887,0.200009674765997,0.4314,0.3922,0.1961,14.3878,2,-24.7556,"Tomato_30_1",0.00018,0.03,0.00160621912822672,"Tomato_30_1_16_Scenario_1A",16
416,429,6,1.5438,1.2807,-9.9954,1.549,1.2837,-10.1953,0.1887,0.199990124756198,0.4314,0.3922,0.1961,14.3944,2,-22.8302,"Tomato_30_1",0.00018,0.03,0.00161370448019372,"Tomato_30_1_16_Scenario_1A",16
420,430,11,-1.9257,1.4223,-7.3087,-2.0676,1.5588,-7.344,0.1887,0.200034871959866,0.4314,0.3922,0.1961,14.3968,2,-25.6815,"Tomato_30_1",0.00018,0.03,0.00162840058950773,"Tomato_30_1_16_Scenario_1A",16
417,431,9,2.5726,1.0853,-7.9915,2.7206,1.0989,-8.1253,0.1887,0.19997849884425,0.4314,0.3922,0.1961,14.402,2,-24.9002,"Tomato_30_1",0.00018,0.03,0.00163423270606945,"Tomato_30_1_16_Scenario_1A",16
419,432,13,0.1741,-0.1459,-7.9492,0.3414,-0.1724,-8.0554,0.1887,0.199924935913457,0.4314,0.3922,0.1961,14.4023,2,-24.9701,"Tomato_30_1",0.00018,0.03,0.0016959481749439,"Tomato_30_1_16_Scenario_1A",16
422,433,10,-2.3598,-0.5814,-8.5219,-2.4544,-0.5759,-8.6981,0.1887,0.200064614562396,0.4314,0.3922,0.1961,14.4217,2,-24.3274,"Tomato_30_1",0.00018,0.03,0.0016117701951087,"Tomato_30_1_16_Scenario_1A",16
418,434,1,-3.0778,-4.9749,-9.4928,-3.0972,-5.0055,-9.6895,0.1887,0.200009024796382,0.4314,0.3922,0.1961,14.4224,2,-23.336,"Tomato_30_1",0.00018,0.03,0.00163094078596248,"Tomato_30_1_16_Scenario_1A",16
95,435,0,-0.5942,0.1187,-18.0603,-0.591,0.1152,-18.2602,0.1887,0.199956245213796,0.4314,0.3922,0.1961,14.4487,1,-14.7653,"Tomato_30_1",0.00018,0.03,0.00217786432283452,"Tomato_30_1_16_Scenario_1A",16
421,436,3,4.1142,3.0822,-8.0421,4.1302,3.1285,-8.236,0.1887,0.199992249849839,0.4314,0.3922,0.1961,14.454,2,-24.7895,"Tomato_30_1",0.00018,0.03,0.00169336094735111,"Tomato_30_1_16_Scenario_1A",16
424,437,12,-0.4014,-1.5627,-7.6853,-0.4587,-1.7372,-7.7645,0.1887,0.20001544940329,0.4314,0.3922,0.1961,14.4595,2,-25.261,"Tomato_30_1",0.00018,0.03,0.0016532036979396,"Tomato_30_1_16_Scenario_1A",16
423,438,4,2.1594,0.4266,-11.0658,2.1391,0.4535,-11.263,0.1887,0.200058841344241,0.4314,0.3922,0.1961,14.477,2,-21.7625,"Tomato_30_1",0.00018,0.03,0.00160151444744338,"Tomato_30_1_16_Scenario_1A",16
426,439,5,-2.3019,-1.3862,-9.9076,-2.3144,-1.4059,-10.1063,0.1887,0.200065064416553,0.4314,0.3922,0.1961,14.4921,2,-22.9192,"Tomato_30_1",0.00018,0.03,0.00161605269017687,"Tomato_30_1_16_Scenario_1A",16
427,440,8,0.3718,-3.464,-8.5122,0.4259,-3.5464,-8.6862,0.1887,0.199981424137343,0.4314,0.3922,0.1961,14.4923,2,-24.3393,"Tomato_30_1",0.00018,0.03,0.0015897648378503,"Tomato_30_1_16_Scenario_1A",16
430,441,11,-2.0676,1.5588,-7.344,-2.2264,1.6734,-7.3846,0.1887,0.1999973999831,0.4314,0.3922,0.1961,14.495,2,-25.6409,"Tomato_30_1",0.00018,0.03,0.00162130478186625,"Tomato_30_1_16_Scenario_1A",16
428,442,7,-2.5181,-3.3027,-8.2699,-2.6622,-3.3119,-8.4083,0.1887,0.200010024748761,0.4314,0.3922,0.1961,14.507,2,-24.6172,"Tomato_30_1",0.00018,0.03,0.0016008199919315,"Tomato_30_1_16_Scenario_1A",16
432,443,13,0.3414,-0.1724,-8.0554,0.496,-0.226,-8.1704,0.1887,0.1999977999879,0.4314,0.3922,0.1961,14.5095,2,-24.8551,"Tomato_30_1",0.00018,0.03,0.00168994488168392,"Tomato_30_1_16_Scenario_1A",16
425,444,2,1.343,-2.8452,-9.8667,1.3263,-2.89,-10.0609,0.1887,0.199998924997111,0.4314,0.3922,0.1961,14.5159,2,-22.9646,"Tomato_30_1",0.00018,0.03,0.00174848437947927,"Tomato_30_1_16_Scenario_1A",16
429,445,6,1.549,1.2837,-10.1953,1.569,1.2657,-10.3935,0.1887,0.200018099181049,0.4314,0.3922,0.1961,14.5191,2,-22.632,"Tomato_30_1",0.00018,0.03,0.00160850235207643,"Tomato_30_1_16_Scenario_1A",16
431,446,9,2.7206,1.0989,-8.1253,2.8572,1.1196,-8.2698,0.1887,0.19992073429237,0.4314,0.3922,0.1961,14.5203,2,-24.7557,"Tomato_30_1",0.00018,0.03,0.00162826770626595,"Tomato_30_1_16_Scenario_1A",16
433,447,10,-2.4544,-0.5759,-8.6981,-2.5419,-0.5771,-8.8779,0.1887,0.199964321817668,0.4314,0.3922,0.1961,14.5277,2,-24.1476,"Tomato_30_1",0.00018,0.03,0.00160467322278318,"Tomato_30_1_16_Scenario_1A",16
434,448,1,-3.0972,-5.0055,-9.6895,-3.1515,-5.0034,-9.8819,0.1887,0.199926636544508,0.4314,0.3922,0.1961,14.5547,2,-23.1436,"Tomato_30_1",0.00018,0.03,0.00162523261810694,"Tomato_30_1_16_Scenario_1A",16
437,449,12,-0.4587,-1.7372,-7.7645,-0.5208,-1.911,-7.8416,0.1887,0.200018149176518,0.4314,0.3922,0.1961,14.556,2,-25.1839,"Tomato_30_1",0.00018,0.03,0.00164633056665513,"Tomato_30_1_16_Scenario_1A",16
436,450,3,4.1302,3.1285,-8.236,4.1307,3.2009,-8.4224,0.1887,0.19996742234674,0.4314,0.3922,0.1961,14.5928,2,-24.6031,"Tomato_30_1",0.00018,0.03,0.00168838539712283,"Tomato_30_1_16_Scenario_1A",16
441,451,11,-2.2264,1.6734,-7.3846,-2.3899,1.77,-7.4475,0.1887,0.200050543613358,0.4314,0.3922,0.1961,14.594,2,-25.578,"Tomato_30_1",0.00018,0.03,0.00161540436262254,"Tomato_30_1_16_Scenario_1A",16
438,452,4,2.1391,0.4535,-11.263,2.123,0.4325,-11.4612,0.1887,0.199958620719388,0.4314,0.3922,0.1961,14.6017,2,-21.5643,"Tomato_30_1",0.00018,0.03,0.00159576600542714,"Tomato_30_1_16_Scenario_1A",16
440,453,8,0.4259,-3.5464,-8.6862,0.464,-3.6493,-8.8534,0.1887,0.199989649732181,0.4314,0.3922,0.1961,14.6071,2,-24.1721,"Tomato_30_1",0.00018,0.03,0.00158448400213087,"Tomato_30_1_16_Scenario_1A",16
439,454,5,-2.3144,-1.4059,-10.1063,-2.2903,-1.4014,-10.3048,0.1887,0.200008274828819,0.4314,0.3922,0.1961,14.6166,2,-22.7207,"Tomato_30_1",0.00018,0.03,0.00161060139778152,"Tomato_30_1_16_Scenario_1A",16
443,455,13,0.496,-0.226,-8.1704,0.649,-0.2769,-8.2888,0.1887,0.200045919728446,0.4314,0.3922,0.1961,14.6174,2,-24.7367,"Tomato_30_1",0.00018,0.03,0.00168420752728084,"Tomato_30_1_16_Scenario_1A",16
442,456,7,-2.6622,-3.3119,-8.4083,-2.8061,-3.3212,-8.5469,0.1887,0.200009149790703,0.4314,0.3922,0.1961,14.6272,2,-24.4786,"Tomato_30_1",0.00018,0.03,0.00159586664336295,"Tomato_30_1_16_Scenario_1A",16
447,457,10,-2.5419,-0.5771,-8.8779,-2.6199,-0.5766,-9.0621,0.1887,0.200034721985958,0.4314,0.3922,0.1961,14.6345,2,-23.9634,"Tomato_30_1",0.00018,0.03,0.0015994042702447,"Tomato_30_1_16_Scenario_1A",16
446,458,9,2.8572,1.1196,-8.2698,2.9643,1.1474,-8.4364,0.1887,0.199997024977874,0.4314,0.3922,0.1961,14.6395,2,-24.5891,"Tomato_30_1",0.00018,0.03,0.00162385710529375,"Tomato_30_1_16_Scenario_1A",16
445,459,6,1.569,1.2657,-10.3935,1.5581,1.2504,-10.5926,0.1887,0.199984274381762,0.4314,0.3922,0.1961,14.6449,2,-22.4329,"Tomato_30_1",0.00018,0.03,0.00160326112053566,"Tomato_30_1_16_Scenario_1A",16
34,460,14,-0.2064,-0.051,-8.1464,-0.3848,0.0069,-8.216,0.1887,0.200057816643089,0.4314,0.3922,0.1961,14.6482,2,-24.8095,"Tomato_30_1",0.00018,0.03,0.00170248276639944,"Tomato_30_1_16_Scenario_1A",16
449,461,12,-0.5208,-1.911,-7.8416,-0.5828,-2.0847,-7.9188,0.1887,0.199938815641186,0.4314,0.3922,0.1961,14.6532,2,-25.1067,"Tomato_30_1",0.00018,0.03,0.00163925441092576,"Tomato_30_1_16_Scenario_1A",16
444,462,2,1.3263,-2.89,-10.0609,1.2982,-2.9308,-10.2547,0.1887,0.20003172248421,0.4314,0.3922,0.1961,14.6676,2,-22.7708,"Tomato_30_1",0.00018,0.03,0.00174433209972588,"Tomato_30_1_16_Scenario_1A",16
96,463,0,-0.591,0.1152,-18.2602,-0.5885,0.111,-18.4601,0.1887,0.199959745949028,0.4314,0.3922,0.1961,14.6736,1,-14.5654,"Tomato_30_1",0.00018,0.03,0.0021305771355766,"Tomato_30_1_16_Scenario_1A",16
448,464,1,-3.1515,-5.0034,-9.8819,-3.232,-4.9922,-10.0647,0.1887,0.200053817759122,0.4314,0.3922,0.1961,14.6882,2,-22.9608,"Tomato_30_1",0.00018,0.03,0.00162168911703476,"Tomato_30_1_16_Scenario_1A",16
451,465,11,-2.3899,1.77,-7.4475,-2.5332,1.8633,-7.5512,0.1887,0.199983674333681,0.4314,0.3922,0.1961,14.6937,2,-25.4743,"Tomato_30_1",0.00018,0.03,0.00160899508173466,"Tomato_30_1_16_Scenario_1A",16
97,466,0,-0.5885,0.111,-18.4601,-0.5878,0.1103,-18.4884,0.1887,0.0283173091941993,0.4314,0.3922,0.1961,14.7055,1,-14.5371,"Tomato_30_1",0.00018,0.03,0.00030299773049765,"Tomato_30_1_16_Scenario_1A",16
453,467,8,0.464,-3.6493,-8.8534,0.4949,-3.7455,-9.026,0.1887,0.200000024999998,0.4314,0.3922,0.1961,14.7229,2,-23.9995,"Tomato_30_1",0.00018,0.03,0.00157967032221689,"Tomato_30_1_16_Scenario_1A",16
455,468,13,0.649,-0.2769,-8.2888,0.7917,-0.366,-8.3969,0.1887,0.199969272639573,0.4314,0.3922,0.1961,14.726,2,-24.6286,"Tomato_30_1",0.00018,0.03,0.00167790016449812,"Tomato_30_1_16_Scenario_1A",16
452,469,4,2.123,0.4325,-11.4612,2.1107,0.4123,-11.6598,0.1887,0.200003224974,0.4314,0.3922,0.1961,14.7275,2,-21.3657,"Tomato_30_1",0.00018,0.03,0.00159162956352423,"Tomato_30_1_16_Scenario_1A",16
450,470,3,4.1307,3.2009,-8.4224,4.1657,3.2713,-8.6063,0.1887,0.200000924997861,0.4314,0.3922,0.1961,14.7328,2,-24.4192,"Tomato_30_1",0.00018,0.03,0.00168438249315621,"Tomato_30_1_16_Scenario_1A",16
454,471,5,-2.2903,-1.4014,-10.3048,-2.2885,-1.3943,-10.5046,0.1887,0.199934214180565,0.4314,0.3922,0.1961,14.742,2,-22.5209,"Tomato_30_1",0.00018,0.03,0.00160547400828961,"Tomato_30_1_16_Scenario_1A",16
457,472,10,-2.6199,-0.5766,-9.0621,-2.6869,-0.5798,-9.2505,0.1887,0.19998449939933,0.4314,0.3922,0.1961,14.7422,2,-23.775,"Tomato_30_1",0.00018,0.03,0.0015936250007023,"Tomato_30_1_16_Scenario_1A",16
456,473,7,-2.8061,-3.3212,-8.5469,-2.9421,-3.3233,-8.6934,0.1887,0.199906628204269,0.4314,0.3922,0.1961,14.7484,2,-24.3321,"Tomato_30_1",0.00018,0.03,0.00159055982946323,"Tomato_30_1_16_Scenario_1A",16
461,474,12,-0.5828,-2.0847,-7.9188,-0.6542,-2.2405,-8.022,0.1887,0.200054592549134,0.4314,0.3922,0.1961,14.7512,2,-25.0035,"Tomato_30_1",0.00018,0.03,0.0016342429034538,"Tomato_30_1_16_Scenario_1A",16
460,475,14,-0.3848,0.0069,-8.216,-0.5787,0.0555,-8.2216,0.1887,0.19997632359857,0.4314,0.3922,0.1961,14.7554,2,-24.8039,"Tomato_30_1",0.00018,0.03,0.00169606580434552,"Tomato_30_1_16_Scenario_1A",16
458,476,9,2.9643,1.1474,-8.4364,3.0694,1.1783,-8.6038,0.1887,0.200058941314802,0.4314,0.3922,0.1961,14.7595,2,-24.4217,"Tomato_30_1",0.00018,0.03,0.00161978685004872,"Tomato_30_1_16_Scenario_1A",16
459,477,6,1.5581,1.2504,-10.5926,1.5549,1.2224,-10.7906,0.1887,0.199995599951599,0.4314,0.3922,0.1961,14.7717,2,-22.2349,"Tomato_30_1",0.00018,0.03,0.00159883891999002,"Tomato_30_1_16_Scenario_1A",16
465,478,11,-2.5332,1.8633,-7.5512,-2.6848,1.9663,-7.6312,0.1887,0.199978898886858,0.4314,0.3922,0.1961,14.7941,2,-25.3943,"Tomato_30_1",0.00018,0.03,0.0016035463502799,"Tomato_30_1_16_Scenario_1A",16
462,479,2,1.2982,-2.9308,-10.2547,1.2739,-2.9747,-10.4482,0.1887,0.199899849924906,0.4314,0.3922,0.1961,14.821,2,-22.5773,"Tomato_30_1",0.00018,0.03,0.00173924304592566,"Tomato_30_1_16_Scenario_1A",16
464,480,1,-3.232,-4.9922,-10.0647,-3.3039,-4.954,-10.2474,0.1887,0.2000203489648,0.4314,0.3922,0.1961,14.8229,2,-22.7781,"Tomato_30_1",0.00018,0.03,0.00161730160415525,"Tomato_30_1_16_Scenario_1A",16
468,481,13,0.7917,-0.366,-8.3969,0.9301,-0.4591,-8.5072,0.1887,0.199970647846127,0.4314,0.3922,0.1961,14.8355,2,-24.5183,"Tomato_30_1",0.00018,0.03,0.00167272805027977,"Tomato_30_1_16_Scenario_1A",16
467,482,8,0.4949,-3.7455,-9.026,0.5205,-3.842,-9.1994,0.1887,0.200087905681479,0.4314,0.3922,0.1961,14.8396,2,-23.8261,"Tomato_30_1",0.00018,0.03,0.00157591506360408,"Tomato_30_1_16_Scenario_1A",16
474,483,12,-0.6542,-2.2405,-8.022,-0.727,-2.4116,-8.0954,0.1887,0.199906503145845,0.4314,0.3922,0.1961,14.8499,2,-24.9301,"Tomato_30_1",0.00018,0.03,0.00162754189274827,"Tomato_30_1_16_Scenario_1A",16
472,484,10,-2.6869,-0.5798,-9.2505,-2.7144,-0.6218,-9.4441,0.1887,0.200003024977124,0.4314,0.3922,0.1961,14.8508,2,-23.5814,"Tomato_30_1",0.00018,0.03,0.00158884837220174,"Tomato_30_1_16_Scenario_1A",16
469,485,4,2.1107,0.4123,-11.6598,2.1265,0.4029,-11.8589,0.1887,0.199947017982264,0.4314,0.3922,0.1961,14.8543,2,-21.1666,"Tomato_30_1",0.00018,0.03,0.00158714391584265,"Tomato_30_1_16_Scenario_1A",16
475,486,14,-0.5787,0.0555,-8.2216,-0.7703,0.105,-8.2505,0.1887,0.199990049752481,0.4314,0.3922,0.1961,14.8634,2,-24.775,"Tomato_30_1",0.00018,0.03,0.00169094198122321,"Tomato_30_1_16_Scenario_1A",16
471,487,5,-2.2885,-1.3943,-10.5046,-2.3041,-1.4313,-10.7006,0.1887,0.200070887437428,0.4314,0.3922,0.1961,14.8683,2,-22.3249,"Tomato_30_1",0.00018,0.03,0.00160249386700142,"Tomato_30_1_16_Scenario_1A",16
473,488,7,-2.9421,-3.3233,-8.6934,-3.0797,-3.3271,-8.8385,0.1887,0.200005524923688,0.4314,0.3922,0.1961,14.8706,2,-24.187,"Tomato_30_1",0.00018,0.03,0.00158730839940308,"Tomato_30_1_16_Scenario_1A",16
470,489,3,4.1657,3.2713,-8.6063,4.1665,3.3271,-8.7984,0.1887,0.20004172064847,0.4314,0.3922,0.1961,14.8742,2,-24.2271,"Tomato_30_1",0.00018,0.03,0.00168091808559636,"Tomato_30_1_16_Scenario_1A",16
476,490,9,3.0694,1.1783,-8.6038,3.1608,1.2109,-8.7787,0.1887,0.200016824292359,0.4314,0.3922,0.1961,14.8804,2,-24.2468,"Tomato_30_1",0.00018,0.03,0.0016153345769587,"Tomato_30_1_16_Scenario_1A",16
478,491,11,-2.6848,1.9663,-7.6312,-2.8436,2.0604,-7.708,0.1887,0.199926211388102,0.4314,0.3922,0.1961,14.8952,2,-25.3175,"Tomato_30_1",0.00018,0.03,0.00159817175573905,"Tomato_30_1_16_Scenario_1A",16
477,492,6,1.5549,1.2224,-10.7906,1.5489,1.1992,-10.9892,0.1887,0.200040495900206,0.4314,0.3922,0.1961,14.8996,2,-22.0363,"Tomato_30_1",0.00018,0.03,0.00159513831392842,"Tomato_30_1_16_Scenario_1A",16
98,493,0,-0.5878,0.1103,-18.4884,-0.5775,0.1089,-18.6881,0.1887,0.199970347801868,0.4314,0.3922,0.1961,14.9317,1,-14.3374,"Tomato_30_1",0.00018,0.03,0.00214795385109183,"Tomato_30_1_16_Scenario_1A",16
481,494,13,0.9301,-0.4591,-8.5072,1.0499,-0.5468,-8.6412,0.1887,0.199998324992986,0.4314,0.3922,0.1961,14.9457,2,-24.3843,"Tomato_30_1",0.00018,0.03,0.00166825078942244,"Tomato_30_1_16_Scenario_1A",16
483,495,12,-0.727,-2.4116,-8.0954,-0.7941,-2.5676,-8.2011,0.1887,0.200027248143847,0.4314,0.3922,0.1961,14.9494,2,-24.8244,"Tomato_30_1",0.00018,0.03,0.00162349405504574,"Tomato_30_1_16_Scenario_1A",16
482,496,8,0.5205,-3.842,-9.1994,0.5505,-3.935,-9.3738,0.1887,0.199910880144127,0.4314,0.3922,0.1961,14.9572,2,-23.6517,"Tomato_30_1",0.00018,0.03,0.00157052438931411,"Tomato_30_1_16_Scenario_1A",16
480,497,1,-3.3039,-4.954,-10.2474,-3.3406,-4.8759,-10.4278,0.1887,0.199976648636783,0.4314,0.3922,0.1961,14.959,2,-22.5977,"Tomato_30_1",0.00018,0.03,0.0016132938980044,"Tomato_30_1_16_Scenario_1A",16
484,498,10,-2.7144,-0.6218,-9.4441,-2.804,-0.6668,-9.6171,0.1887,0.199955395025991,0.4314,0.3922,0.1961,14.9602,2,-23.4084,"Tomato_30_1",0.00018,0.03,0.00158399919543966,"Tomato_30_1_16_Scenario_1A",16
486,499,14,-0.7703,0.105,-8.2505,-0.9627,0.1522,-8.278,0.1887,0.200004624946525,0.4314,0.3922,0.1961,14.972,2,-24.7475,"Tomato_30_1",0.00018,0.03,0.00168630540365545,"Tomato_30_1_16_Scenario_1A",16
479,500,2,1.2739,-2.9747,-10.4482,1.2559,-3.0201,-10.6422,0.1887,0.200052893005826,0.4314,0.3922,0.1961,14.9763,2,-22.3833,"Tomato_30_1",0.00018,0.03,0.00173712752125938,"Tomato_30_1_16_Scenario_1A",16
485,501,4,2.1265,0.4029,-11.8589,2.1257,0.4155,-12.0585,0.1887,0.199998899996975,0.4314,0.3922,0.1961,14.9822,2,-20.967,"Tomato_30_1",0.00018,0.03,0.00158396804546684,"Tomato_30_1_16_Scenario_1A",16
488,502,7,-3.0797,-3.3271,-8.8385,-3.2518,-3.326,-8.9404,0.1887,0.200008074836993,0.4314,0.3922,0.1961,14.9938,2,-24.0851,"Tomato_30_1",0.00018,0.03,0.00158374090210056,"Tomato_30_1_16_Scenario_1A",16
487,503,5,-2.3041,-1.4313,-10.7006,-2.3201,-1.4543,-10.8986,0.1887,0.199972498109115,0.4314,0.3922,0.1961,14.9955,2,-22.1269,"Tomato_30_1",0.00018,0.03,0.00159808560414042,"Tomato_30_1_16_Scenario_1A",16
491,504,11,-2.8436,2.0604,-7.708,-2.9904,2.1729,-7.7842,0.1887,0.200032322388158,0.4314,0.3922,0.1961,14.9971,2,-25.2413,"Tomato_30_1",0.00018,0.03,0.00159451950257754,"Tomato_30_1_16_Scenario_1A",16
490,505,9,3.1608,1.2109,-8.7787,3.2347,1.267,-8.9558,0.1887,0.199932063461566,0.4314,0.3922,0.1961,15.0022,2,-24.0697,"Tomato_30_1",0.00018,0.03,0.00161100123565027,"Tomato_30_1_16_Scenario_1A",16
489,506,3,4.1665,3.3271,-8.7984,4.1689,3.3802,-8.9912,0.1887,0.199993024878367,0.4314,0.3922,0.1961,15.0169,2,-24.0343,"Tomato_30_1",0.00018,0.03,0.00167718019672907,"Tomato_30_1_16_Scenario_1A",16
492,507,6,1.5489,1.1992,-10.9892,1.5225,1.1868,-11.1871,0.1887,0.200037821423849,0.4314,0.3922,0.1961,15.0286,2,-21.8384,"Tomato_30_1",0.00018,0.03,0.00159151114302989,"Tomato_30_1_16_Scenario_1A",16
495,508,12,-0.7941,-2.5676,-8.2011,-0.9047,-2.7093,-8.2888,0.1887,0.200006349899197,0.4314,0.3922,0.1961,15.0496,2,-24.7367,"Tomato_30_1",0.00018,0.03,0.00161875474717131,"Tomato_30_1_16_Scenario_1A",16
36,509,15,-0.2114,-0.0528,-8.5187,-0.0474,-0.1381,-8.5952,0.1887,0.200060840746009,0.4314,0.3922,0.1961,15.0515,2,-24.4303,"Tomato_30_1",0.00018,0.03,0.0016971743722369,"Tomato_30_1_16_Scenario_1A",16
494,510,13,1.0499,-0.5468,-8.6412,1.1703,-0.6346,-8.7747,0.1887,0.200068113401411,0.4314,0.3922,0.1961,15.0567,2,-24.2508,"Tomato_30_1",0.00018,0.03,0.00166459634022958,"Tomato_30_1_16_Scenario_1A",16
498,511,10,-2.804,-0.6668,-9.6171,-2.9088,-0.7479,-9.7669,0.1887,0.200000724998685,0.4314,0.3922,0.1961,15.0706,2,-23.2586,"Tomato_30_1",0.00018,0.03,0.00158033726655827,"Tomato_30_1_16_Scenario_1A",16
496,512,8,0.5505,-3.935,-9.3738,0.6348,-4.0575,-9.5076,0.1887,0.200037946400177,0.4314,0.3922,0.1961,15.0759,2,-23.5179,"Tomato_30_1",0.00018,0.03,0.00156797135779428,"Tomato_30_1_16_Scenario_1A",16
499,513,14,-0.9627,0.1522,-8.278,-1.1545,0.201,-8.2495,0.1887,0.199952319316381,0.4314,0.3922,0.1961,15.0812,2,-24.776,"Tomato_30_1",0.00018,0.03,0.00168158591345901,"Tomato_30_1_16_Scenario_1A",16
497,514,1,-3.3406,-4.8759,-10.4278,-3.3709,-4.7963,-10.6087,0.1887,0.199947643146901,0.4314,0.3922,0.1961,15.0963,2,-22.4168,"Tomato_30_1",0.00018,0.03,0.00160986561653755,"Tomato_30_1_16_Scenario_1A",16
504,515,11,-2.9904,2.1729,-7.7842,-3.1634,2.2718,-7.8017,0.1887,0.200041145767565,0.4314,0.3922,0.1961,15.0997,2,-25.2238,"Tomato_30_1",0.00018,0.03,0.00159054169931838,"Tomato_30_1_16_Scenario_1A",16
501,516,4,2.1257,0.4155,-12.0585,2.1231,0.4796,-12.248,0.1887,0.200064539586603,0.4314,0.3922,0.1961,15.1111,2,-20.7775,"Tomato_30_1",0.00018,0.03,0.00158134893128532,"Tomato_30_1_16_Scenario_1A",16
502,517,7,-3.2518,-3.326,-8.9404,-3.4268,-3.3237,-9.0373,0.1887,0.200049743813883,0.4314,0.3922,0.1961,15.118,2,-23.9882,"Tomato_30_1",0.00018,0.03,0.0015809328500565,"Tomato_30_1_16_Scenario_1A",16
503,518,5,-2.3201,-1.4543,-10.8986,-2.3282,-1.477,-11.0971,0.1887,0.199957870562776,0.4314,0.3922,0.1961,15.1236,2,-21.9284,"Tomato_30_1",0.00018,0.03,0.00159480443382875,"Tomato_30_1_16_Scenario_1A",16
505,519,9,3.2347,1.267,-8.9558,3.3028,1.312,-9.1384,0.1887,0.200013424549454,0.4314,0.3922,0.1961,15.1248,2,-23.8871,"Tomato_30_1",0.00018,0.03,0.00160846507638048,"Tomato_30_1_16_Scenario_1A",16
500,520,2,1.2559,-3.0201,-10.6422,1.2377,-3.0659,-10.836,0.1887,0.199968297487376,0.4314,0.3922,0.1961,15.1336,2,-22.1895,"Tomato_30_1",0.00018,0.03,0.00173344079889021,"Tomato_30_1_16_Scenario_1A",16
509,521,15,-0.0474,-0.1381,-8.5952,0.095,-0.2376,-8.6943,0.1887,0.199997049978243,0.4314,0.3922,0.1961,15.1414,2,-24.3312,"Tomato_30_1",0.00018,0.03,0.0016918568598333,"Tomato_30_1_16_Scenario_1A",16
508,522,12,-0.9047,-2.7093,-8.2888,-1.0146,-2.8504,-8.3783,0.1887,0.199993674899983,0.4314,0.3922,0.1961,15.1506,2,-24.6472,"Tomato_30_1",0.00018,0.03,0.00161454376893648,"Tomato_30_1_16_Scenario_1A",16
99,523,0,-0.5775,0.1089,-18.6881,-0.5556,0.0975,-18.8831,0.1887,0.196556785688004,0.4314,0.3922,0.1961,15.1551,1,-14.1424,"Tomato_30_1",0.00018,0.03,0.00211854066570101,"Tomato_30_1_16_Scenario_1A",16
507,524,6,1.5225,1.1868,-11.1871,1.5326,1.1658,-11.3857,0.1887,0.199962421469636,0.4314,0.3922,0.1961,15.1588,2,-21.6398,"Tomato_30_1",0.00018,0.03,0.00158776021551889,"Tomato_30_1_16_Scenario_1A",16
506,525,3,4.1689,3.3802,-8.9912,4.1972,3.3974,-9.1884,0.1887,0.199961421279206,0.4314,0.3922,0.1961,15.161,2,-23.8371,"Tomato_30_1",0.00018,0.03,0.00167406477577223,"Tomato_30_1_16_Scenario_1A",16
510,526,13,1.1703,-0.6346,-8.7747,1.2929,-0.7202,-8.9075,0.1887,0.199984899429933,0.4314,0.3922,0.1961,15.1686,2,-24.118,"Tomato_30_1",0.00018,0.03,0.00166014289819392,"Tomato_30_1_16_Scenario_1A",16
511,527,10,-2.9088,-0.7479,-9.7669,-3.0177,-0.826,-9.9154,0.1887,0.200027673085501,0.4314,0.3922,0.1961,15.1819,2,-23.1101,"Tomato_30_1",0.00018,0.03,0.00157697769088211,"Tomato_30_1_16_Scenario_1A",16
513,528,14,-1.1545,0.201,-8.2495,-1.3493,0.2345,-8.2192,0.1887,0.199968447511101,0.4314,0.3922,0.1961,15.1912,2,-24.8063,"Tomato_30_1",0.00018,0.03,0.00167792150423901,"Tomato_30_1_16_Scenario_1A",16
512,529,8,0.6348,-4.0575,-9.5076,0.6996,-4.1923,-9.6404,0.1887,0.20001479945244,0.4314,0.3922,0.1961,15.1955,2,-23.3851,"Tomato_30_1",0.00018,0.03,0.00156468429354958,"Tomato_30_1_16_Scenario_1A",16
515,530,11,-3.1634,2.2718,-7.8017,-3.3375,2.3693,-7.8146,0.1887,0.199958670729728,0.4314,0.3922,0.1961,15.2031,2,-25.2109,"Tomato_30_1",0.00018,0.03,0.00158629265259407,"Tomato_30_1_16_Scenario_1A",16
521,531,15,0.095,-0.2376,-8.6943,0.2385,-0.3314,-8.7973,0.1887,0.199999224998498,0.4314,0.3922,0.1961,15.2319,2,-24.2282,"Tomato_30_1",0.00018,0.03,0.00168758106704907,"Tomato_30_1_16_Scenario_1A",16
514,532,1,-3.3709,-4.7963,-10.6087,-3.4075,-4.7033,-10.782,0.1887,0.200053617812825,0.4314,0.3922,0.1961,15.2349,2,-22.2435,"Tomato_30_1",0.00018,0.03,0.00160798060448462,"Tomato_30_1_16_Scenario_1A",16
516,533,4,2.1231,0.4796,-12.248,2.1071,0.533,-12.44,0.1887,0.19992888735748,0.4314,0.3922,0.1961,15.2412,2,-20.5855,"Tomato_30_1",0.00018,0.03,0.00157759008487097,"Tomato_30_1_16_Scenario_1A",16
517,534,7,-3.4268,-3.3237,-9.0373,-3.6006,-3.3202,-9.1361,0.1887,0.199950318829454,0.4314,0.3922,0.1961,15.2432,2,-23.8894,"Tomato_30_1",0.00018,0.03,0.00157746078605085,"Tomato_30_1_16_Scenario_1A",16
519,535,9,3.3028,1.312,-9.1384,3.3773,1.3599,-9.3178,0.1887,0.200072536846014,0.4314,0.3922,0.1961,15.2483,2,-23.7077,"Tomato_30_1",0.00018,0.03,0.00160620458562269,"Tomato_30_1_16_Scenario_1A",16
522,536,12,-1.0146,-2.8504,-8.3783,-1.115,-2.998,-8.4686,0.1887,0.200050018745313,0.4314,0.3922,0.1961,15.2524,2,-24.5569,"Tomato_30_1",0.00018,0.03,0.00161134828424161,"Tomato_30_1_16_Scenario_1A",16
518,537,5,-2.3282,-1.477,-11.0971,-2.3377,-1.4965,-11.2959,0.1887,0.199979848984842,0.4314,0.3922,0.1961,15.2526,2,-21.7296,"Tomato_30_1",0.00018,0.03,0.00159226877560865,"Tomato_30_1_16_Scenario_1A",16
526,538,13,1.2929,-0.7202,-8.9075,1.46,-0.7893,-8.9929,0.1887,0.19997594855382,0.4314,0.3922,0.1961,15.2813,2,-24.0326,"Tomato_30_1",0.00018,0.03,0.00165678090444277,"Tomato_30_1_16_Scenario_1A",16
524,539,6,1.5326,1.1658,-11.3857,1.5427,1.1453,-11.5844,0.1887,0.200009874756224,0.4314,0.3922,0.1961,15.2902,2,-21.4411,"Tomato_30_1",0.00018,0.03,0.00158543733538186,"Tomato_30_1_16_Scenario_1A",16
520,540,2,1.2377,-3.0659,-10.836,1.2194,-3.1117,-11.0298,0.1887,0.199977423725779,0.4314,0.3922,0.1961,15.2927,2,-21.9957,"Tomato_30_1",0.00018,0.03,0.00173106140384002,"Tomato_30_1_16_Scenario_1A",16
527,541,10,-3.0177,-0.826,-9.9154,-3.1198,-0.9336,-10.0496,0.1887,0.200029522821008,0.4314,0.3922,0.1961,15.2941,2,-22.9759,"Tomato_30_1",0.00018,0.03,0.00157386832918669,"Tomato_30_1_16_Scenario_1A",16
528,542,14,-1.3493,0.2345,-8.2192,-1.5395,0.2937,-8.201,0.1887,0.200029797780231,0.4314,0.3922,0.1961,15.3019,2,-24.8245,"Tomato_30_1",0.00018,0.03,0.00167511191525786,"Tomato_30_1_16_Scenario_1A",16
525,543,3,4.1972,3.3974,-9.1884,4.2478,3.4061,-9.3817,0.1887,0.200002349986195,0.4314,0.3922,0.1961,15.3064,2,-23.6438,"Tomato_30_1",0.00018,0.03,0.0016720327827551,"Tomato_30_1_16_Scenario_1A",16
530,544,11,-3.3375,2.3693,-7.8146,-3.4945,2.4832,-7.8634,0.1887,0.200009124791846,0.4314,0.3922,0.1961,15.3073,2,-25.1621,"Tomato_30_1",0.00018,0.03,0.00158355048838997,"Tomato_30_1_16_Scenario_1A",16
529,545,8,0.6996,-4.1923,-9.6404,0.7619,-4.3363,-9.7645,0.1887,0.200045244882251,0.4314,0.3922,0.1961,15.3161,2,-23.261,"Tomato_30_1",0.00018,0.03,0.00156226175740867,"Tomato_30_1_16_Scenario_1A",16
531,546,15,0.2385,-0.3314,-8.7973,0.3803,-0.4251,-8.9028,0.1887,0.200042945389234,0.4314,0.3922,0.1961,15.3231,2,-24.1227,"Tomato_30_1",0.00018,0.03,0.00168413475770167,"Tomato_30_1_16_Scenario_1A",16
536,547,12,-1.115,-2.998,-8.4686,-1.2182,-3.1425,-8.5607,0.1887,0.200032247400263,0.4314,0.3922,0.1961,15.355,2,-24.4648,"Tomato_30_1",0.00018,0.03,0.00160801340239756,"Tomato_30_1_16_Scenario_1A",16
534,548,7,-3.6006,-3.3202,-9.1361,-3.7744,-3.3269,-9.2348,0.1887,0.199982549238677,0.4314,0.3922,0.1961,15.3695,2,-23.7907,"Tomato_30_1",0.00018,0.03,0.0015754776060003,"Tomato_30_1_16_Scenario_1A",16
533,549,4,2.1071,0.533,-12.44,2.0924,0.5861,-12.6323,0.1887,0.20003747148972,0.4314,0.3922,0.1961,15.3723,2,-20.3932,"Tomato_30_1",0.00018,0.03,0.00157620814132357,"Tomato_30_1_16_Scenario_1A",16
535,550,9,3.3773,1.3599,-9.3178,3.4622,1.404,-9.4934,0.1887,0.199970447816671,0.4314,0.3922,0.1961,15.3728,2,-23.5321,"Tomato_30_1",0.00018,0.03,0.00160310775396436,"Tomato_30_1_16_Scenario_1A",16
532,551,1,-3.4075,-4.7033,-10.782,-3.4431,-4.6146,-10.9577,0.1887,0.200013849520477,0.4314,0.3922,0.1961,15.3749,2,-22.0678,"Tomato_30_1",0.00018,0.03,0.0016053803519435,"Tomato_30_1_16_Scenario_1A",16
537,552,5,-2.3377,-1.4965,-11.2959,-2.3507,-1.5003,-11.4955,0.1887,0.200058991300067,0.4314,0.3922,0.1961,15.3825,2,-21.53,"Tomato_30_1",0.00018,0.03,0.00159063952432923,"Tomato_30_1_16_Scenario_1A",16
100,553,0,-0.5556,0.0975,-18.8831,-0.534,0.0867,-19.0816,0.1887,0.199963621691549,0.4314,0.3922,0.1961,15.3838,1,-13.9439,"Tomato_30_1",0.00018,0.03,0.00210660767390277,"Tomato_30_1_16_Scenario_1A",16
538,554,13,1.46,-0.7893,-8.9929,1.5974,-0.8225,-9.1344,0.1887,0.200008124834967,0.4314,0.3922,0.1961,15.3948,2,-23.8911,"Tomato_30_1",0.00018,0.03,0.00165423055798964,"Tomato_30_1_16_Scenario_1A",16
541,555,10,-3.1198,-0.9336,-10.0496,-3.1886,-1.0768,-10.1711,0.1887,0.200004824941799,0.4314,0.3922,0.1961,15.4072,2,-22.8544,"Tomato_30_1",0.00018,0.03,0.00157099851018147,"Tomato_30_1_16_Scenario_1A",16
544,556,11,-3.4945,2.4832,-7.8634,-3.6692,2.5744,-7.8976,0.1887,0.200017924196808,0.4314,0.3922,0.1961,15.4122,2,-25.1279,"Tomato_30_1",0.00018,0.03,0.00158092778553049,"Tomato_30_1_16_Scenario_1A",16
542,557,14,-1.5395,0.2937,-8.201,-1.7319,0.3482,-8.1967,0.1887,0.200016249339897,0.4314,0.3922,0.1961,15.4133,2,-24.8288,"Tomato_30_1",0.00018,0.03,0.00167215061272889,"Tomato_30_1_16_Scenario_1A",16
546,558,15,0.3803,-0.4251,-8.9028,0.5346,-0.52,-8.9874,0.1887,0.199929137446246,0.4314,0.3922,0.1961,15.4148,2,-24.0381,"Tomato_30_1",0.00018,0.03,0.00167984315106964,"Tomato_30_1_16_Scenario_1A",16
539,559,6,1.5427,1.1453,-11.5844,1.5358,1.1077,-11.7807,0.1887,0.199987649618669,0.4314,0.3922,0.1961,15.4227,2,-21.2448,"Tomato_30_1",0.00018,0.03,0.00158301268627655,"Tomato_30_1_16_Scenario_1A",16
545,560,8,0.7619,-4.3363,-9.7645,0.8427,-4.4831,-9.8736,0.1887,0.199954219760425,0.4314,0.3922,0.1961,15.4378,2,-23.1519,"Tomato_30_1",0.00018,0.03,0.00155933616472951,"Tomato_30_1_16_Scenario_1A",16
543,561,3,4.2478,3.4061,-9.3817,4.293,3.4138,-9.5764,0.1887,0.200026048303714,0.4314,0.3922,0.1961,15.4533,2,-23.4491,"Tomato_30_1",0.00018,0.03,0.00167033146657085,"Tomato_30_1_16_Scenario_1A",16
540,562,2,1.2194,-3.1117,-11.0298,1.1968,-3.156,-11.2236,0.1887,0.200079209314711,0.4314,0.3922,0.1961,15.4539,2,-21.8019,"Tomato_30_1",0.00018,0.03,0.00172997497989416,"Tomato_30_1_16_Scenario_1A",16
547,563,12,-1.2182,-3.1425,-8.5607,-1.3252,-3.2847,-8.6519,0.1887,0.199968197471497,0.4314,0.3922,0.1961,15.4584,2,-24.3736,"Tomato_30_1",0.00018,0.03,0.00160476592398508,"Tomato_30_1_16_Scenario_1A",16
548,564,7,-3.7744,-3.3269,-9.2348,-3.9462,-3.3201,-9.3371,0.1887,0.200066913806356,0.4314,0.3922,0.1961,15.4969,2,-23.6884,"Tomato_30_1",0.00018,0.03,0.00157435174740281,"Tomato_30_1_16_Scenario_1A",16
550,565,9,3.4622,1.404,-9.4934,3.5299,1.4398,-9.6782,0.1887,0.200039921015782,0.4314,0.3922,0.1961,15.4981,2,-23.3473,"Tomato_30_1",0.00018,0.03,0.00160184325955348,"Tomato_30_1_16_Scenario_1A",16
549,566,4,2.0924,0.5861,-12.6323,2.0822,0.639,-12.8249,0.1887,0.199993024878368,0.4314,0.3922,0.1961,15.5046,2,-20.2006,"Tomato_30_1",0.00018,0.03,0.00157406773479787,"Tomato_30_1_16_Scenario_1A",16
558,567,15,0.5346,-0.52,-8.9874,0.6455,-0.5922,-9.1374,0.1887,0.200029122879645,0.4314,0.3922,0.1961,15.5072,2,-23.8881,"Tomato_30_1",0.00018,0.03,0.00167782642902116,"Tomato_30_1_16_Scenario_1A",16
554,568,13,1.5974,-0.8225,-9.1344,1.714,-0.8696,-9.2899,0.1887,0.199985549477956,0.4314,0.3922,0.1961,15.5092,2,-23.7356,"Tomato_30_1",0.00018,0.03,0.00165169781078361,"Tomato_30_1_16_Scenario_1A",16
552,569,5,-2.3507,-1.5003,-11.4955,-2.3273,-1.5085,-11.6939,0.1887,0.199943391988832,0.4314,0.3922,0.1961,15.5134,2,-21.3316,"Tomato_30_1",0.00018,0.03,0.00158791488822526,"Tomato_30_1_16_Scenario_1A",16
551,570,1,-3.4431,-4.6146,-10.9577,-3.4855,-4.5157,-11.1262,0.1887,0.199928037053336,0.4314,0.3922,0.1961,15.5163,2,-21.8993,"Tomato_30_1",0.00018,0.03,0.00160286924119679,"Tomato_30_1_16_Scenario_1A",16
556,571,11,-3.6692,2.5744,-7.8976,-3.8447,2.664,-7.9319,0.1887,0.200012249624867,0.4314,0.3922,0.1961,15.518,2,-25.0936,"Tomato_30_1",0.00018,0.03,0.00157864053715364,"Tomato_30_1_16_Scenario_1A",16
555,572,10,-3.1886,-1.0768,-10.1711,-3.2672,-1.2287,-10.2748,0.1887,0.200013149567723,0.4314,0.3922,0.1961,15.5213,2,-22.7507,"Tomato_30_1",0.00018,0.03,0.00156883552187002,"Tomato_30_1_16_Scenario_1A",16
557,573,14,-1.7319,0.3482,-8.1967,-1.9236,0.4038,-8.2091,0.1887,0.199985024439331,0.4314,0.3922,0.1961,15.5254,2,-24.8164,"Tomato_30_1",0.00018,0.03,0.00166951826835047,"Tomato_30_1_16_Scenario_1A",16
39,574,16,-0.2335,-0.0849,-8.9351,-0.2101,0.0853,-9.0375,0.1887,0.2000033999711,0.4314,0.3922,0.1961,15.5375,2,-23.988,"Tomato_30_1",0.00018,0.03,0.00169495040262651,"Tomato_30_1_16_Scenario_1A",16
559,575,6,1.5358,1.1077,-11.7807,1.5294,1.0724,-11.9775,0.1887,0.200043220330007,0.4314,0.3922,0.1961,15.5564,2,-21.048,"Tomato_30_1",0.00018,0.03,0.00158165392392429,"Tomato_30_1_16_Scenario_1A",16
560,576,8,0.8427,-4.4831,-9.8736,0.9259,-4.628,-9.9835,0.1887,0.199990649781433,0.4314,0.3922,0.1961,15.5605,2,-23.042,"Tomato_30_1",0.00018,0.03,0.00155784917022681,"Tomato_30_1_16_Scenario_1A",16
563,577,12,-1.3252,-3.2847,-8.6519,-1.488,-3.3827,-8.7144,0.1887,0.200035221898545,0.4314,0.3922,0.1961,15.5627,2,-24.3111,"Tomato_30_1",0.00018,0.03,0.00160302710589843,"Tomato_30_1_16_Scenario_1A",16
567,578,15,0.6455,-0.5922,-9.1374,0.7534,-0.6686,-9.2874,0.1887,0.199948418348333,0.4314,0.3922,0.1961,15.6002,2,-23.7381,"Tomato_30_1",0.00018,0.03,0.00167477083065774,"Tomato_30_1_16_Scenario_1A",16
561,579,3,4.293,3.4138,-9.5764,4.335,3.4146,-9.7719,0.1887,0.19996222143195,0.4314,0.3922,0.1961,15.6016,2,-23.2536,"Tomato_30_1",0.00018,0.03,0.00166837497264649,"Tomato_30_1_16_Scenario_1A",16
101,580,0,-0.534,0.0867,-19.0816,-0.5242,0.0697,-19.2772,0.1887,0.196581789594051,0.4314,0.3922,0.1961,15.6097,1,-13.7483,"Tomato_30_1",0.00018,0.03,0.0020789028148677,"Tomato_30_1_16_Scenario_1A",16
562,581,2,1.1968,-3.156,-11.2236,1.1845,-3.2063,-11.4167,0.1887,0.19992245996886,0.4314,0.3922,0.1961,15.6171,2,-21.6088,"Tomato_30_1",0.00018,0.03,0.00172714583736511,"Tomato_30_1_16_Scenario_1A",16
565,582,9,3.5299,1.4398,-9.6782,3.5915,1.4731,-9.8655,0.1887,0.19996184636075,0.4314,0.3922,0.1961,15.6244,2,-23.16,"Tomato_30_1",0.00018,0.03,0.00159985299872842,"Tomato_30_1_16_Scenario_1A",16
568,583,13,1.714,-0.8696,-9.2899,1.8279,-0.8963,-9.4521,0.1887,0.199987349599919,0.4314,0.3922,0.1961,15.6244,2,-23.5734,"Tomato_30_1",0.00018,0.03,0.00164983671239364,"Tomato_30_1_16_Scenario_1A",16
571,584,11,-3.8447,2.664,-7.9319,-4.0305,2.7172,-7.9834,0.1887,0.2000103247335,0.4314,0.3922,0.1961,15.6246,2,-25.0421,"Tomato_30_1",0.00018,0.03,0.00157683228049858,"Tomato_30_1_16_Scenario_1A",16
564,585,7,-3.9462,-3.3201,-9.3371,-4.133,-3.2959,-9.4044,0.1887,0.200022923686262,0.4314,0.3922,0.1961,15.6254,2,-23.6211,"Tomato_30_1",0.00018,0.03,0.00157266336069667,"Tomato_30_1_16_Scenario_1A",16
574,586,16,-0.2101,0.0853,-9.0375,-0.2046,0.2522,-9.1475,0.1887,0.199964646875392,0.4314,0.3922,0.1961,15.6361,2,-23.878,"Tomato_30_1",0.00018,0.03,0.00169269736355072,"Tomato_30_1_16_Scenario_1A",16
572,587,10,-3.2672,-1.2287,-10.2748,-3.3117,-1.3835,-10.3933,0.1887,0.199963846732353,0.4314,0.3922,0.1961,15.6365,2,-22.6322,"Tomato_30_1",0.00018,0.03,0.00156666748607342,"Tomato_30_1_16_Scenario_1A",16
566,588,4,2.0822,0.639,-12.8249,2.0663,0.721,-13.0066,0.1887,0.199979248923483,0.4314,0.3922,0.1961,15.6381,2,-20.0189,"Tomato_30_1",0.00018,0.03,0.00157261736840692,"Tomato_30_1_16_Scenario_1A",16
573,589,14,-1.9236,0.4038,-8.2091,-2.1171,0.4524,-8.2231,0.1887,0.200000524999311,0.4314,0.3922,0.1961,15.6382,2,-24.8024,"Tomato_30_1",0.00018,0.03,0.00166775137652352,"Tomato_30_1_16_Scenario_1A",16
569,590,5,-2.3273,-1.5085,-11.6939,-2.3063,-1.5108,-11.8928,0.1887,0.200018749121176,0.4314,0.3922,0.1961,15.6453,2,-21.1327,"Tomato_30_1",0.00018,0.03,0.00158715933932693,"Tomato_30_1_16_Scenario_1A",16
570,591,1,-3.4855,-4.5157,-11.1262,-3.5411,-4.4286,-11.2975,0.1887,0.200053642806122,0.4314,0.3922,0.1961,15.659,2,-21.728,"Tomato_30_1",0.00018,0.03,0.00160250894912123,"Tomato_30_1_16_Scenario_1A",16
577,592,12,-1.488,-3.3827,-8.7144,-1.6207,-3.4965,-8.8114,0.1887,0.199921809715699,0.4314,0.3922,0.1961,15.6678,2,-24.2141,"Tomato_30_1",0.00018,0.03,0.00160029890286194,"Tomato_30_1_16_Scenario_1A",16
576,593,8,0.9259,-4.628,-9.9835,1.0205,-4.7747,-10.0811,0.1887,0.199989524725672,0.4314,0.3922,0.1961,15.6843,2,-22.9444,"Tomato_30_1",0.00018,0.03,0.00155651239537187,"Tomato_30_1_16_Scenario_1A",16
575,594,6,1.5294,1.0724,-11.9775,1.5168,1.0365,-12.1738,0.1887,0.199953144511409,0.4314,0.3922,0.1961,15.6913,2,-20.8517,"Tomato_30_1",0.00018,0.03,0.00157959391987527,"Tomato_30_1_16_Scenario_1A",16
578,595,15,0.7534,-0.6686,-9.2874,0.8708,-0.7534,-9.4254,0.1887,0.200044495050476,0.4314,0.3922,0.1961,15.6939,2,-23.6001,"Tomato_30_1",0.00018,0.03,0.00167367249035917,"Tomato_30_1_16_Scenario_1A",16
584,596,11,-4.0305,2.7172,-7.9834,-4.1946,2.784,-8.0761,0.1887,0.199960846167444,0.4314,0.3922,0.1961,15.732,2,-24.9494,"Tomato_30_1",0.00018,0.03,0.00157509836066303,"Tomato_30_1_16_Scenario_1A",16
586,597,16,-0.2046,0.2522,-9.1475,-0.2059,0.4254,-9.2476,0.1887,0.200049843788991,0.4314,0.3922,0.1961,15.7354,2,-23.7779,"Tomato_30_1",0.00018,0.03,0.00169197479900134,"Tomato_30_1_16_Scenario_1A",16
583,598,13,1.8279,-0.8963,-9.4521,1.9509,-0.9181,-9.6084,0.1887,0.200084807019424,0.4314,0.3922,0.1961,15.7405,2,-23.4171,"Tomato_30_1",0.00018,0.03,0.00164923319727071,"Tomato_30_1_16_Scenario_1A",16
579,599,3,4.335,3.4146,-9.7719,4.3792,3.4306,-9.9663,0.1887,0.200002499984375,0.4314,0.3922,0.1961,15.7514,2,-23.0592,"Tomato_30_1",0.00018,0.03,0.00166776212731902,"Tomato_30_1_16_Scenario_1A",16
582,600,9,3.5915,1.4731,-9.8655,3.6565,1.5168,-10.0495,0.1887,0.199976723645528,0.4314,0.3922,0.1961,15.7516,2,-22.976,"Tomato_30_1",0.00018,0.03,0.00159906227534387,"Tomato_30_1_16_Scenario_1A",16
589,601,14,-2.1171,0.4524,-8.2231,-2.3128,0.4883,-8.2435,0.1887,0.200008649812952,0.4314,0.3922,0.1961,15.7518,2,-24.782,"Tomato_30_1",0.00018,0.03,0.00166639724458939,"Tomato_30_1_16_Scenario_1A",16
587,602,10,-3.3117,-1.3835,-10.3933,-3.3922,-1.5205,-10.5147,0.1887,0.199968022443589,0.4314,0.3922,0.1961,15.7526,2,-22.5108,"Tomato_30_1",0.00018,0.03,0.00156536474739382,"Tomato_30_1_16_Scenario_1A",16
585,603,7,-4.133,-3.2959,-9.4044,-4.3198,-3.2741,-9.4724,0.1887,0.199983699335721,0.4314,0.3922,0.1961,15.755,2,-23.5531,"Tomato_30_1",0.00018,0.03,0.00157146077301337,"Tomato_30_1_16_Scenario_1A",16
588,604,4,2.0663,0.721,-13.0066,2.0369,0.7601,-13.2006,0.1887,0.200072911709706,0.4314,0.3922,0.1961,15.7727,2,-19.8249,"Tomato_30_1",0.00018,0.03,0.00157245889071063,"Tomato_30_1_16_Scenario_1A",16
592,605,12,-1.6207,-3.4965,-8.8114,-1.7716,-3.5877,-8.9059,0.1887,0.20004624465358,0.4314,0.3922,0.1961,15.7737,2,-24.1196,"Tomato_30_1",0.00018,0.03,0.00159993005611429,"Tomato_30_1_16_Scenario_1A",16
590,606,5,-2.3063,-1.5108,-11.8928,-2.293,-1.5068,-12.0923,0.1887,0.199982849264631,0.4314,0.3922,0.1961,15.7781,2,-20.9332,"Tomato_30_1",0.00018,0.03,0.0015859720805057,"Tomato_30_1_16_Scenario_1A",16
581,607,2,1.1845,-3.2063,-11.4167,1.1801,-3.2616,-11.6089,0.1887,0.200045719774255,0.4314,0.3922,0.1961,15.7823,2,-21.4166,"Tomato_30_1",0.00018,0.03,0.00172722786499842,"Tomato_30_1_16_Scenario_1A",16
595,608,15,0.8708,-0.7534,-9.4254,0.9698,-0.8586,-9.5637,0.1887,0.199987324598336,0.4314,0.3922,0.1961,15.7882,2,-23.4618,"Tomato_30_1",0.00018,0.03,0.00167176759809726,"Tomato_30_1_16_Scenario_1A",16
591,609,1,-3.5411,-4.4286,-11.2975,-3.5948,-4.3418,-11.4695,0.1887,0.2000048249418,0.4314,0.3922,0.1961,15.8032,2,-21.556,"Tomato_30_1",0.00018,0.03,0.00160120662195651,"Tomato_30_1_16_Scenario_1A",16
593,610,8,1.0205,-4.7747,-10.0811,1.1117,-4.9222,-10.1807,0.1887,0.199984624408978,0.4314,0.3922,0.1961,15.8091,2,-22.8448,"Tomato_30_1",0.00018,0.03,0.00155558915294547,"Tomato_30_1_16_Scenario_1A",16
594,611,6,1.5168,1.0365,-12.1738,1.4661,0.9942,-12.3626,0.1887,0.200013049574272,0.4314,0.3922,0.1961,15.8275,2,-20.6629,"Tomato_30_1",0.00018,0.03,0.00157916863532559,"Tomato_30_1_16_Scenario_1A",16
597,612,16,-0.2059,0.4254,-9.2476,-0.2234,0.6117,-9.3181,0.1887,0.199960471093664,0.4314,0.3922,0.1961,15.8353,2,-23.7074,"Tomato_30_1",0.00018,0.03,0.00169025705569699,"Tomato_30_1_16_Scenario_1A",16
596,613,11,-4.1946,2.784,-8.0761,-4.3394,2.8582,-8.1924,0.1887,0.199995924958485,0.4314,0.3922,0.1961,15.8402,2,-24.8331,"Tomato_30_1",0.00018,0.03,0.00157447886219176,"Tomato_30_1_16_Scenario_1A",16
102,614,0,-0.5242,0.0697,-19.2772,-0.5121,0.0498,-19.4759,0.1887,0.200060265920046,0.4314,0.3922,0.1961,15.8407,1,-13.5496,"Tomato_30_1",0.00018,0.03,0.00212577053226027,"Tomato_30_1_16_Scenario_1A",16
598,615,13,1.9509,-0.9181,-9.6084,2.0719,-0.906,-9.7672,0.1887,0.200012124632484,0.4314,0.3922,0.1961,15.8575,2,-23.2583,"Tomato_30_1",0.00018,0.03,0.0016476963286431,"Tomato_30_1_16_Scenario_1A",16
601,616,14,-2.3128,0.4883,-8.2435,-2.5105,0.5103,-8.2645,0.1887,0.200025723345774,0.4314,0.3922,0.1961,15.8661,2,-24.761,"Tomato_30_1",0.00018,0.03,0.00166559169953269,"Tomato_30_1_16_Scenario_1A",16
602,617,10,-3.3922,-1.5205,-10.5147,-3.4982,-1.6329,-10.6417,0.1887,0.199996899975975,0.4314,0.3922,0.1961,15.8697,2,-22.3838,"Tomato_30_1",0.00018,0.03,0.00156470045729636,"Tomato_30_1_16_Scenario_1A",16
600,618,9,3.6565,1.5168,-10.0495,3.7102,1.5576,-10.2378,0.1887,0.200013049574272,0.4314,0.3922,0.1961,15.8799,2,-22.7877,"Tomato_30_1",0.00018,0.03,0.00159889777397505,"Tomato_30_1_16_Scenario_1A",16
605,619,12,-1.7716,-3.5877,-8.9059,-1.9089,-3.6643,-9.0294,0.1887,0.199927736945127,0.4314,0.3922,0.1961,15.8805,2,-23.9961,"Tomato_30_1",0.00018,0.03,0.00159807303896485,"Tomato_30_1_16_Scenario_1A",16
608,620,15,0.9698,-0.8586,-9.5637,1.0684,-0.9658,-9.7008,0.1887,0.200025523371393,0.4314,0.3922,0.1961,15.8831,2,-23.3247,"Tomato_30_1",0.00018,0.03,0.00167113600449074,"Tomato_30_1_16_Scenario_1A",16
603,621,7,-4.3198,-3.2741,-9.4724,-4.5073,-3.2499,-9.5376,0.1887,0.199982324218917,0.4314,0.3922,0.1961,15.8858,2,-23.4879,"Tomato_30_1",0.00018,0.03,0.00157100299982364,"Tomato_30_1_16_Scenario_1A",16
599,622,3,4.3792,3.4306,-9.9663,4.4198,3.4507,-10.1611,0.1887,0.19999852499456,0.4314,0.3922,0.1961,15.9026,2,-22.8644,"Tomato_30_1",0.00018,0.03,0.00166725454682582,"Tomato_30_1_16_Scenario_1A",16
604,623,4,2.0369,0.7601,-13.2006,2.0084,0.8164,-13.3904,0.1887,0.200014949441286,0.4314,0.3922,0.1961,15.9085,2,-19.6351,"Tomato_30_1",0.00018,0.03,0.00157155596407529,"Tomato_30_1_16_Scenario_1A",16
606,624,5,-2.293,-1.5068,-12.0923,-2.2882,-1.5085,-12.2922,0.1887,0.19996484691065,0.4314,0.3922,0.1961,15.9119,2,-20.7333,"Tomato_30_1",0.00018,0.03,0.00158537830216497,"Tomato_30_1_16_Scenario_1A",16
610,625,8,1.1117,-4.9222,-10.1807,1.2083,-5.0541,-10.2959,0.1887,0.200000524999311,0.4314,0.3922,0.1961,15.9351,2,-22.7296,"Tomato_30_1",0.00018,0.03,0.001555270296221,"Tomato_30_1_16_Scenario_1A",16
612,626,16,-0.2234,0.6117,-9.3181,-0.233,0.8021,-9.3786,0.1887,0.200011424673692,0.4314,0.3922,0.1961,15.9359,2,-23.6469,"Tomato_30_1",0.00018,0.03,0.00169020684657479,"Tomato_30_1_16_Scenario_1A",16
609,627,1,-3.5948,-4.3418,-11.4695,-3.621,-4.2393,-11.6392,0.1887,0.199976948671591,0.4314,0.3922,0.1961,15.9488,2,-21.3863,"Tomato_30_1",0.00018,0.03,0.00160052805538811,"Tomato_30_1_16_Scenario_1A",16
613,628,11,-4.3394,2.8582,-8.1924,-4.4802,2.9353,-8.3117,0.1887,0.200003849962945,0.4314,0.3922,0.1961,15.9494,2,-24.7138,"Tomato_30_1",0.00018,0.03,0.0015740933263333,"Tomato_30_1_16_Scenario_1A",16
607,629,2,1.1801,-3.2616,-11.6089,1.1675,-3.3325,-11.7955,0.1887,0.200012824588825,0.4314,0.3922,0.1961,15.9498,2,-21.23,"Tomato_30_1",0.00018,0.03,0.00172645243347628,"Tomato_30_1_16_Scenario_1A",16
611,630,6,1.4661,0.9942,-12.3626,1.405,0.9685,-12.5513,0.1887,0.20000347496981,0.4314,0.3922,0.1961,15.9649,2,-20.4742,"Tomato_30_1",0.00018,0.03,0.00157864378883485,"Tomato_30_1_16_Scenario_1A",16
615,631,13,2.0719,-0.906,-9.7672,2.1977,-0.9296,-9.9208,0.1887,0.199938890664122,0.4314,0.3922,0.1961,15.9754,2,-23.1047,"Tomato_30_1",0.00018,0.03,0.00164662460894506,"Tomato_30_1_16_Scenario_1A",16
620,632,15,1.0684,-0.9658,-9.7008,1.1696,-1.0555,-9.8481,0.1887,0.199962046398811,0.4314,0.3922,0.1961,15.9787,2,-23.1774,"Tomato_30_1",0.00018,0.03,0.00167013048183407,"Tomato_30_1_16_Scenario_1A",16
616,633,14,-2.5105,0.5103,-8.2645,-2.7087,0.5215,-8.2884,0.1887,0.199949718679472,0.4314,0.3922,0.1961,15.9811,2,-24.7371,"Tomato_30_1",0.00018,0.03,0.00166448526004268,"Tomato_30_1_16_Scenario_1A",16
617,634,10,-3.4982,-1.6329,-10.6417,-3.6248,-1.718,-10.7711,0.1887,0.200034821968576,0.4314,0.3922,0.1961,15.9878,2,-22.2544,"Tomato_30_1",0.00018,0.03,0.00156455185168679,"Tomato_30_1_16_Scenario_1A",16
619,635,12,-1.9089,-3.6643,-9.0294,-2.0417,-3.7453,-9.1551,0.1887,0.199993324888606,0.4314,0.3922,0.1961,15.9882,2,-23.8704,"Tomato_30_1",0.00018,0.03,0.00159814268772791,"Tomato_30_1_16_Scenario_1A",16
41,636,17,-0.229,-0.0944,-9.3261,-0.0695,-0.1441,-9.4361,0.1887,0.200025848329659,0.4314,0.3922,0.1961,15.9891,2,-23.5894,"Tomato_30_1",0.00018,0.03,0.00169461589070106,"Tomato_30_1_16_Scenario_1A",16
0,1,0,0,0,-3,8e-04,0.0017,-3.2,0.199729265894744,0.200008824805307,0.4314,0.3922,0.1961,0.16,1,-29.8255,"Tomato_30_1",1.8e-05,3.35065,0.000196386568906064,"Tomato_30_1_21_Scenario_1A",21
1,2,0,8e-04,0.0017,-3.2,-0.0035,0.0033,-3.3796,0.192796220541182,0.179658592892185,0.4314,0.3922,0.1961,0.3042,1,-29.6459,"Tomato_30_1",1.8e-05,2.78827,0.00017004846151465,"Tomato_30_1_21_Scenario_1A",21
2,3,0,-0.0035,0.0033,-3.3796,-0.0076,-0.0021,-3.5794,0.1887,0.19991500694045,0.4314,0.3922,0.1961,0.4653,1,-29.4461,"Tomato_30_1",1.8e-05,2.15998000000001,0.000184892989268746,"Tomato_30_1_21_Scenario_1A",21
3,4,0,-0.0076,-0.0021,-3.5794,-0.0197,-0.0047,-3.7583,0.1887,0.179327577354962,0.4314,0.3922,0.1961,0.6103,1,-29.2672,"Tomato_30_1",1.8e-05,1.59448000000001,0.00016550585755605,"Tomato_30_1_21_Scenario_1A",21
4,5,0,-0.0197,-0.0047,-3.7583,-0.0365,-0.0094,-3.9575,0.1887,0.199962421469635,0.4314,0.3922,0.1961,0.7726,1,-29.068,"Tomato_30_1",1.8e-05,0.961510000000001,0.000183966510323734,"Tomato_30_1_21_Scenario_1A",21
5,6,0,-0.0365,-0.0094,-3.9575,-0.0487,-0.0069,-4.1571,0.1887,0.19998812464744,0.4314,0.3922,0.1961,0.9356,1,-28.8684,"Tomato_30_1",1.8e-05,0.32581,0.000182588025472382,"Tomato_30_1_21_Scenario_1A",21
6,7,0,-0.0487,-0.0069,-4.1571,-0.0496,-0.0065,-4.1738,0.1887,0.0167290167075057,0.4314,0.3922,0.1961,0.9492,1,-28.8517,"Tomato_30_1",1.8e-05,0.272769999999999,1.51793572462733e-05,"Tomato_30_1_21_Scenario_1A",21
7,8,0,-0.0496,-0.0065,-4.1738,-0.0527,-0.0051,-4.3737,0.1887,0.199928937375259,0.4314,0.3922,0.1961,1.1128,1,-28.6518,"Tomato_30_1",1.8e-05,0.1,0.000177975642298727,"Tomato_30_1_21_Scenario_1A",21
8,9,0,-0.0527,-0.0051,-4.3737,-0.0516,0.0018,-4.5736,0.1887,0.20002207378187,0.4314,0.3922,0.1961,1.277,1,-28.4519,"Tomato_30_1",1.8e-05,0.1,0.000171687258163084,"Tomato_30_1_21_Scenario_1A",21
9,10,0,-0.0516,0.0018,-4.5736,-0.0519,0.0045,-4.5983,0.1887,0.0248489436395193,0.4314,0.3922,0.1961,1.2974,1,-28.4272,"Tomato_30_1",1.8e-05,0.1,2.0904491162637e-05,"Tomato_30_1_21_Scenario_1A",21
10,11,0,-0.0519,0.0045,-4.5983,-0.0518,0.0189,-4.7977,0.1887,0.199919308722294,0.4314,0.3922,0.1961,1.4624,1,-28.2278,"Tomato_30_1",1.8e-05,0.1,0.000164772423834927,"Tomato_30_1_21_Scenario_1A",21
11,12,0,-0.0518,0.0189,-4.7977,-0.0546,0.0241,-4.9572,0.1887,0.159609304240073,0.4314,0.3922,0.1961,1.5944,1,-28.0683,"Tomato_30_1",1.8e-05,0.1,0.000127351968349688,"Tomato_30_1_21_Scenario_1A",21
12,13,0,-0.0546,0.0241,-4.9572,-0.0609,0.0267,-5.1571,0.1887,0.200016149347996,0.4314,0.3922,0.1961,1.7606,1,-27.8684,"Tomato_30_1",1.8e-05,0.1,0.00015458332511098,"Tomato_30_1_21_Scenario_1A",21
13,14,0,-0.0609,0.0267,-5.1571,-0.0486,0.023,-5.351,0.1887,0.194324959796728,0.4314,0.3922,0.1961,1.9226,1,-27.6745,"Tomato_30_1",1.8e-05,0.1,0.000145059551027319,"Tomato_30_1_21_Scenario_1A",21
14,15,0,-0.0486,0.023,-5.351,-0.04,0.0221,-5.5508,0.1887,0.199987024579096,0.4314,0.3922,0.1961,2.09,1,-27.4747,"Tomato_30_1",1.8e-05,0.1,0.000144235551645493,"Tomato_30_1_21_Scenario_1A",21
15,16,0,-0.04,0.0221,-5.5508,-0.0545,0.0186,-5.734,0.1887,0.183806256694379,0.4314,0.3922,0.1961,2.2444,1,-27.2915,"Tomato_30_1",1.8e-05,0.1,0.000128228257806087,"Tomato_30_1_21_Scenario_1A",21
16,17,0,-0.0545,0.0186,-5.734,-0.094,-0.0262,-5.9249,0.1887,0.200025248406295,0.4314,0.3922,0.1961,2.4131,1,-27.1006,"Tomato_30_1",1.8e-05,0.1,0.00013503653550998,"Tomato_30_1_21_Scenario_1A",21
17,18,0,-0.094,-0.0262,-5.9249,-0.1396,-0.0361,-6.1064,0.1887,0.18740229454305,0.4314,0.3922,0.1961,2.5718,1,-26.9191,"Tomato_30_1",1.8e-05,0.1,0.000122433107361085,"Tomato_30_1_21_Scenario_1A",21
18,19,0,-0.1396,-0.0361,-6.1064,-0.1696,-0.0266,-6.3039,0.1887,0.199991249808585,0.4314,0.3922,0.1961,2.7418,1,-26.7216,"Tomato_30_1",1.8e-05,0.1,0.000126507098663289,"Tomato_30_1_21_Scenario_1A",21
19,20,0,-0.1696,-0.0266,-6.3039,-0.1879,-0.0183,-6.5029,0.1887,0.200011949643016,0.4314,0.3922,0.1961,2.9124,1,-26.5226,"Tomato_30_1",1.8e-05,0.1,0.000122427515124915,"Tomato_30_1_21_Scenario_1A",21
20,21,0,-0.1879,-0.0183,-6.5029,-0.1885,-0.0176,-6.5137,0.1887,0.0108392804189205,0.4314,0.3922,0.1961,2.9217,1,-26.5118,"Tomato_30_1",1.8e-05,0.1,6.52333708499149e-06,"Tomato_30_1_21_Scenario_1A",21
21,22,0,-0.1885,-0.0176,-6.5137,-0.1613,-0.0174,-6.7118,0.1887,0.199958720740057,0.4314,0.3922,0.1961,3.0931,1,-26.3137,"Tomato_30_1",1.8e-05,0.1,0.000118285795796856,"Tomato_30_1_21_Scenario_1A",21
22,23,0,-0.1613,-0.0174,-6.7118,-0.1496,-0.0367,-6.9105,0.1887,0.199977673753846,0.4314,0.3922,0.1961,3.2651,1,-26.115,"Tomato_30_1",1.8e-05,0.1,0.000114585996902426,"Tomato_30_1_21_Scenario_1A",21
23,24,0,-0.1496,-0.0367,-6.9105,-0.1494,-0.0375,-6.9182,0.1887,0.00774402995861956,0.4314,0.3922,0.1961,3.2718,1,-26.1073,"Tomato_30_1",1.8e-05,0.1,4.36639410404206e-06,"Tomato_30_1_21_Scenario_1A",21
24,25,0,-0.1494,-0.0375,-6.9182,-0.1438,-0.0419,-7.118,0.1887,0.199926886636091,0.4314,0.3922,0.1961,3.4446,1,-25.9075,"Tomato_30_1",1.8e-05,0.1,0.000110897455246505,"Tomato_30_1_21_Scenario_1A",21
25,26,0,-0.1438,-0.0419,-7.118,-0.1465,-0.044,-7.318,0.1887,0.200029247861406,0.4314,0.3922,0.1961,3.6181,1,-25.7075,"Tomato_30_1",1.8e-05,0.1,0.000107611395438781,"Tomato_30_1_21_Scenario_1A",21
26,27,0,-0.1465,-0.044,-7.318,-0.1464,-0.0442,-7.3225,0.1887,0.00450555213042769,0.4314,0.3922,0.1961,3.622,1,-25.703,"Tomato_30_1",1.8e-05,0.1,2.38747984203708e-06,"Tomato_30_1_21_Scenario_1A",21
27,28,0,-0.1464,-0.0442,-7.3225,-0.1501,-0.052,-7.5223,0.1887,0.199986424539268,0.4314,0.3922,0.1961,3.7962,1,-25.5032,"Tomato_30_1",1.8e-05,0.1,0.000104356819607797,"Tomato_30_1_21_Scenario_1A",21
28,29,0,-0.1501,-0.052,-7.5223,-0.1569,-0.061,-7.722,0.1887,0.200018324160563,0.4314,0.3922,0.1961,3.9712,1,-25.3035,"Tomato_30_1",1.8e-05,0.1,0.000101387244569179,"Tomato_30_1_21_Scenario_1A",21
29,30,0,-0.1569,-0.061,-7.722,-0.1574,-0.0627,-7.7413,0.1887,0.0193811764348808,0.4314,0.3922,0.1961,3.9881,1,-25.2842,"Tomato_30_1",1.8e-05,0.1,9.67467024897159e-06,"Tomato_30_1_21_Scenario_1A",21
30,31,0,-0.1574,-0.0627,-7.7413,-0.1816,-0.0573,-7.9397,0.1887,0.199943391988833,0.4314,0.3922,0.1961,4.1639,1,-25.0858,"Tomato_30_1",1.8e-05,0.1,9.82665515366336e-05,"Tomato_30_1_21_Scenario_1A",21
31,32,0,-0.1816,-0.0573,-7.9397,-0.2053,-0.0514,-8.1382,0.1887,0.199996874975585,0.4314,0.3922,0.1961,4.3404,1,-24.8873,"Tomato_30_1",1.8e-05,0.1,9.56456601255711e-05,"Tomato_30_1_21_Scenario_1A",21
32,33,0,-0.2053,-0.0514,-8.1382,-0.2064,-0.051,-8.1464,0.1887,0.00828311535595195,0.4314,0.3922,0.1961,4.3476,1,-24.8791,"Tomato_30_1",1.8e-05,0.1,3.90771047197332e-06,"Tomato_30_1_21_Scenario_1A",21
33,34,0,-0.2064,-0.051,-8.1464,-0.2092,-0.0498,-8.3463,0.1887,0.199923210258338,0.4314,0.3922,0.1961,4.5249,1,-24.6792,"Tomato_30_1",1.8e-05,0.1,9.30251399211503e-05,"Tomato_30_1_21_Scenario_1A",21
34,35,0,-0.2092,-0.0498,-8.3463,-0.2114,-0.0528,-8.5187,0.1887,0.172440134539499,0.4314,0.3922,0.1961,4.6782,1,-24.5068,"Tomato_30_1",1.8e-05,0.1,7.83609971620484e-05,"Tomato_30_1_21_Scenario_1A",21
35,36,0,-0.2114,-0.0528,-8.5187,-0.2227,-0.0652,-8.718,0.1887,0.200004849941194,0.4314,0.3922,0.1961,4.8569,1,-24.3075,"Tomato_30_1",1.8e-05,0.1,8.88684499968482e-05,"Tomato_30_1_21_Scenario_1A",21
36,37,0,-0.2227,-0.0652,-8.718,-0.2329,-0.0826,-8.917,0.1887,0.200019499049468,0.4314,0.3922,0.1961,5.0362,1,-24.1085,"Tomato_30_1",1.8e-05,0.1,8.68677238204198e-05,"Tomato_30_1_21_Scenario_1A",21
37,38,0,-0.2329,-0.0826,-8.917,-0.2335,-0.0849,-8.9351,0.1887,0.0182554101569923,0.4314,0.3922,0.1961,5.0527,1,-24.0904,"Tomato_30_1",1.8e-05,0.1,7.83630321817609e-06,"Tomato_30_1_21_Scenario_1A",21
38,39,0,-0.2335,-0.0849,-8.9351,-0.2285,-0.0913,-9.135,0.1887,0.20006491446528,0.4314,0.3922,0.1961,5.2329,1,-23.8905,"Tomato_30_1",1.8e-05,0.1,8.48720420599474e-05,"Tomato_30_1_21_Scenario_1A",21
39,40,0,-0.2285,-0.0913,-9.135,-0.229,-0.0944,-9.3261,0.1887,0.191125796270415,0.4314,0.3922,0.1961,5.4058,1,-23.6994,"Tomato_30_1",1.8e-05,0.1,7.9483430864449e-05,"Tomato_30_1_21_Scenario_1A",21
40,41,0,-0.229,-0.0944,-9.3261,-0.2252,-0.0958,-9.526,0.1887,0.199941016302308,0.4314,0.3922,0.1961,5.5876,1,-23.4995,"Tomato_30_1",1.8e-05,0.1,8.16206696625976e-05,"Tomato_30_1_21_Scenario_1A",21
41,42,0,-0.2252,-0.0958,-9.526,-0.2261,-0.096,-9.7079,0.1887,0.181902336433593,0.4314,0.3922,0.1961,5.7535,1,-23.3176,"Tomato_30_1",1.8e-05,0.1,7.30043868247803e-05,"Tomato_30_1_21_Scenario_1A",21
42,43,0,-0.2261,-0.096,-9.7079,-0.2244,-0.0979,-9.9079,0.1887,0.200016249339897,0.4314,0.3922,0.1961,5.9367,1,-23.1176,"Tomato_30_1",1.8e-05,0.1,7.9024271210387e-05,"Tomato_30_1_21_Scenario_1A",21
43,44,0,-0.2244,-0.0979,-9.9079,-0.2229,-0.0984,-10.1079,0.1887,0.200006249902348,0.4314,0.3922,0.1961,6.1207,1,-22.9176,"Tomato_30_1",1.8e-05,0.1,7.78240203909125e-05,"Tomato_30_1_21_Scenario_1A",21
44,45,0,-0.2229,-0.0984,-10.1079,-0.2228,-0.0983,-10.1117,0.1887,0.00380263066836633,0.4314,0.3922,0.1961,6.1242,1,-22.9138,"Tomato_30_1",1.8e-05,0.1,1.46913631316662e-06,"Tomato_30_1_21_Scenario_1A",21
45,46,0,-0.2228,-0.0983,-10.1117,-0.2454,-0.0862,-10.3101,0.1887,0.20004931891911,0.4314,0.3922,0.1961,6.309,1,-22.7154,"Tomato_30_1",1.8e-05,0.1,7.67363825074355e-05,"Tomato_30_1_21_Scenario_1A",21
46,47,0,-0.2454,-0.0862,-10.3101,-0.2373,-0.0791,-10.5098,0.1887,0.199990274763549,0.4314,0.3922,0.1961,6.4947,1,-22.5157,"Tomato_30_1",1.8e-05,0.1,7.57283904913903e-05,"Tomato_30_1_21_Scenario_1A",21
47,48,0,-0.2373,-0.0791,-10.5098,-0.2361,-0.0786,-10.5269,0.1887,0.017149344010777,0.4314,0.3922,0.1961,6.5106,1,-22.4986,"Tomato_30_1",1.8e-05,0.1,6.45247086505076e-06,"Tomato_30_1_21_Scenario_1A",21
48,49,0,-0.2361,-0.0786,-10.5269,-0.2203,-0.0646,-10.7258,0.1887,0.200017124266899,0.4314,0.3922,0.1961,6.6971,1,-22.2997,"Tomato_30_1",1.8e-05,0.1,7.4775215622986e-05,"Tomato_30_1_21_Scenario_1A",21
49,50,0,-0.2203,-0.0646,-10.7258,-0.2474,-0.0721,-10.9226,0.1887,0.198798641846467,0.4314,0.3922,0.1961,6.8834,1,-22.1029,"Tomato_30_1",1.8e-05,0.1,7.3537362350392e-05,"Tomato_30_1_21_Scenario_1A",21
50,51,0,-0.2474,-0.0721,-10.9226,-0.2775,-0.0563,-11.1197,0.1887,0.200010149742458,0.4314,0.3922,0.1961,7.0715,1,-21.9058,"Tomato_30_1",1.8e-05,0.1,7.3296473310507e-05,"Tomato_30_1_21_Scenario_1A",21
51,52,0,-0.2775,-0.0563,-11.1197,-0.2987,-0.0521,-11.2988,0.1887,0.180399251661419,0.4314,0.3922,0.1961,7.242,1,-21.7267,"Tomato_30_1",1.8e-05,0.1,6.55895802777276e-05,"Tomato_30_1_21_Scenario_1A",21
52,53,0,-0.2987,-0.0521,-11.2988,-0.302,-0.0491,-11.4988,0.1887,0.200049718820097,0.4314,0.3922,0.1961,7.4317,1,-21.5267,"Tomato_30_1",1.8e-05,0.1,7.22463620185706e-05,"Tomato_30_1_21_Scenario_1A",21
53,54,0,-0.302,-0.0491,-11.4988,-0.3074,-0.0422,-11.6986,0.1887,0.199992024840994,0.4314,0.3922,0.1961,7.6223,1,-21.3269,"Tomato_30_1",1.8e-05,0.1,7.17859585807454e-05,"Tomato_30_1_21_Scenario_1A",21
54,55,0,-0.3074,-0.0422,-11.6986,-0.3074,-0.0422,-11.699,0.1887,0.000399999999999068,0.4314,0.3922,0.1961,7.6227,1,-21.3265,"Tomato_30_1",1.8e-05,0.1,1.43210353618902e-07,"Tomato_30_1_21_Scenario_1A",21
55,56,0,-0.3074,-0.0422,-11.699,-0.3052,-0.0335,-11.8988,0.1887,0.200001424994923,0.4314,0.3922,0.1961,7.8141,1,-21.1267,"Tomato_30_1",1.8e-05,0.1,7.14222370300868e-05,"Tomato_30_1_21_Scenario_1A",21
56,57,0,-0.3052,-0.0335,-11.8988,-0.3126,-0.0193,-12.0728,0.1887,0.174735228274096,0.4314,0.3922,0.1961,7.9821,1,-20.9527,"Tomato_30_1",1.8e-05,0.1,6.21448047512331e-05,"Tomato_30_1_21_Scenario_1A",21
57,58,0,-0.3126,-0.0193,-12.0728,-0.3107,-0.0319,-12.2723,0.1887,0.199906528157535,0.4314,0.3922,0.1961,8.1752,1,-20.7532,"Tomato_30_1",1.8e-05,0.1,7.08648541471518e-05,"Tomato_30_1_21_Scenario_1A",21
58,59,0,-0.3107,-0.0319,-12.2723,-0.3102,-0.0432,-12.4363,0.1887,0.164389598211079,0.4314,0.3922,0.1961,8.3345,1,-20.5892,"Tomato_30_1",1.8e-05,0.1,5.81230038220191e-05,"Tomato_30_1_21_Scenario_1A",21
59,60,0,-0.3102,-0.0432,-12.4363,-0.3149,-0.0519,-12.636,0.1887,0.199944667345743,0.4314,0.3922,0.1961,8.5291,1,-20.3895,"Tomato_30_1",1.8e-05,0.1,7.05604041226823e-05,"Tomato_30_1_21_Scenario_1A",21
60,61,0,-0.3149,-0.0519,-12.636,-0.3157,-0.0607,-12.8249,0.1887,0.189106557263359,0.4314,0.3922,0.1961,8.714,1,-20.2006,"Tomato_30_1",1.8e-05,0.1,6.66354881626704e-05,"Tomato_30_1_21_Scenario_1A",21
61,62,0,-0.3157,-0.0607,-12.8249,-0.3131,-0.049,-13.0245,0.1887,0.199959520903607,0.4314,0.3922,0.1961,8.9104,1,-20.001,"Tomato_30_1",1.8e-05,0.1,7.03929098636912e-05,"Tomato_30_1_21_Scenario_1A",21
62,63,0,-0.3131,-0.049,-13.0245,-0.3031,-0.0419,-13.2241,0.1887,0.199976423610385,0.4314,0.3922,0.1961,9.1078,1,-19.8014,"Tomato_30_1",1.8e-05,0.1,7.03546179950563e-05,"Tomato_30_1_21_Scenario_1A",21
63,64,0,-0.3031,-0.0419,-13.2241,-0.3024,-0.0415,-13.2385,0.1887,0.014422551785312,0.4314,0.3922,0.1961,9.122,1,-19.787,"Tomato_30_1",1.8e-05,0.1,5.07329239003715e-06,"Tomato_30_1_21_Scenario_1A",21
1,65,1,0,0,-3,-0.0863,-0.1654,-3.0721,0.1887,0.20000814983395,0.4314,0.3922,0.1961,9.181,2,-29.9534,"Tomato_30_1",1.8e-05,0.1,0.000185074025865414,"Tomato_30_1_21_Scenario_1A",21
65,66,1,-0.0863,-0.1654,-3.0721,-0.173,-0.3372,-3.1268,0.1887,0.200060540837018,0.4314,0.3922,0.1961,9.2729,2,-29.8987,"Tomato_30_1",1.8e-05,0.1,0.000184446617170653,"Tomato_30_1_21_Scenario_1A",21
64,67,0,-0.3024,-0.0415,-13.2385,-0.2928,-0.0311,-13.438,0.1887,0.200001424994924,0.4314,0.3922,0.1961,9.3203,1,-19.5875,"Tomato_30_1",1.8e-05,0.1,7.03422417129508e-05,"Tomato_30_1_21_Scenario_1A",21
66,68,1,-0.173,-0.3372,-3.1268,-0.2946,-0.4857,-3.183,0.1887,0.199993124881832,0.4314,0.3922,0.1961,9.3653,2,-29.8425,"Tomato_30_1",1.8e-05,0.1,0.000183714275807351,"Tomato_30_1_21_Scenario_1A",21
68,69,1,-0.2946,-0.4857,-3.183,-0.3906,-0.6527,-3.2364,0.1887,0.199891370499079,0.4314,0.3922,0.1961,9.4583,2,-29.7891,"Tomato_30_1",1.8e-05,0.1,0.000182955205837051,"Tomato_30_1_21_Scenario_1A",21
65,70,0,-0.2928,-0.0311,-13.438,-0.2911,-0.0329,-13.6279,0.1887,0.189916139387889,0.4314,0.3922,0.1961,9.5095,1,-19.3976,"Tomato_30_1",1.8e-05,0.1,0.000175410587638488,"Tomato_30_1_21_Scenario_1A",21
69,71,1,-0.3906,-0.6527,-3.2364,-0.4951,-0.8166,-3.2834,0.1887,0.19998114911161,0.4314,0.3922,0.1961,9.552,2,-29.7421,"Tomato_30_1",1.8e-05,0.1,0.000182376356125761,"Tomato_30_1_21_Scenario_1A",21
3,72,2,-0.0035,0.0033,-3.3796,0.1371,-0.115,-3.4585,0.1887,0.199971147918894,0.4314,0.3922,0.1961,9.569,2,-29.567,"Tomato_30_1",1.8e-05,0.1,0.000184482744224254,"Tomato_30_1_21_Scenario_1A",21
71,73,1,-0.4951,-0.8166,-3.2834,-0.5975,-0.9824,-3.3289,0.1887,0.200114092457278,0.4314,0.3922,0.1961,9.6462,2,-29.6966,"Tomato_30_1",1.8e-05,0.1,0.000181847610331497,"Tomato_30_1_21_Scenario_1A",21
72,74,2,0.1371,-0.115,-3.4585,0.2623,-0.2368,-3.556,0.1887,0.200041320731493,0.4314,0.3922,0.1961,9.6721,2,-29.4695,"Tomato_30_1",1.8e-05,0.1,0.000183995804197437,"Tomato_30_1_21_Scenario_1A",21
66,75,0,-0.2911,-0.0329,-13.6279,-0.2894,-0.0346,-13.8279,0.1887,0.200014449478031,0.4314,0.3922,0.1961,9.7097,1,-19.1976,"Tomato_30_1",1.8e-05,0.1,0.00018406768526823,"Tomato_30_1_21_Scenario_1A",21
73,76,1,-0.5975,-0.9824,-3.3289,-0.6724,-1.1513,-3.4053,0.1887,0.19993543957988,0.4314,0.3922,0.1961,9.7411,2,-29.6202,"Tomato_30_1",1.8e-05,0.1,0.000181054537873871,"Tomato_30_1_21_Scenario_1A",21
74,77,2,0.2623,-0.2368,-3.556,0.3859,-0.366,-3.6455,0.1887,0.1999496186543,0.4314,0.3922,0.1961,9.7761,2,-29.38,"Tomato_30_1",1.8e-05,0.1,0.000183370986527805,"Tomato_30_1_21_Scenario_1A",21
76,78,1,-0.6724,-1.1513,-3.4053,-0.7558,-1.3107,-3.4927,0.1887,0.200006699887779,0.4314,0.3922,0.1961,9.8366,2,-29.5328,"Tomato_30_1",1.8e-05,0.1,0.000180499124002289,"Tomato_30_1_21_Scenario_1A",21
77,79,2,0.3859,-0.366,-3.6455,0.5155,-0.4948,-3.7269,0.1887,0.200028897912277,0.4314,0.3922,0.1961,9.8808,2,-29.2986,"Tomato_30_1",1.8e-05,0.1,0.000182906156306355,"Tomato_30_1_21_Scenario_1A",21
67,80,0,-0.2894,-0.0346,-13.8279,-0.291,-0.0362,-14.0053,0.1887,0.177414430078278,0.4314,0.3922,0.1961,9.8881,1,-19.0202,"Tomato_30_1",1.8e-05,0.1,6.23892509204557e-05,"Tomato_30_1_21_Scenario_1A",21
78,81,1,-0.7558,-1.3107,-3.4927,-0.8396,-1.4698,-3.5804,0.1887,0.200066338997843,0.4314,0.3922,0.1961,9.9327,2,-29.4451,"Tomato_30_1",1.8e-05,0.1,0.000179935038114561,"Tomato_30_1_21_Scenario_1A",21
5,82,3,-0.0197,-0.0047,-3.7583,0.1619,0.0105,-3.8407,0.1887,0.1999983999936,0.4314,0.3922,0.1961,9.9489,2,-29.1848,"Tomato_30_1",1.8e-05,0.1,0.000183312028750167,"Tomato_30_1_21_Scenario_1A",21
79,83,2,0.5155,-0.4948,-3.7269,0.6282,-0.6081,-3.8471,0.1887,0.199965547032483,0.4314,0.3922,0.1961,9.9865,2,-29.1784,"Tomato_30_1",1.8e-05,0.1,0.000182313962703722,"Tomato_30_1_21_Scenario_1A",21
81,84,1,-0.8396,-1.4698,-3.5804,-0.9143,-1.6461,-3.638,0.1887,0.19994884345752,0.4314,0.3922,0.1961,10.0295,2,-29.3875,"Tomato_30_1",1.8e-05,0.1,0.000179213650573873,"Tomato_30_1_21_Scenario_1A",21
82,85,3,0.1619,0.0105,-3.8407,0.3325,0.0032,-3.9448,0.1887,0.19998614952041,0.4314,0.3922,0.1961,10.0517,2,-29.0807,"Tomato_30_1",1.8e-05,0.1,0.000182685294127526,"Tomato_30_1_21_Scenario_1A",21
68,86,0,-0.291,-0.0362,-14.0053,-0.288,-0.0584,-14.2041,0.1887,0.200058191534364,0.4314,0.3922,0.1961,10.09,1,-18.8214,"Tomato_30_1",1.8e-05,0.1,0.000183438535986699,"Tomato_30_1_21_Scenario_1A",21
83,87,2,0.6282,-0.6081,-3.8471,0.722,-0.7308,-3.9742,0.1887,0.200020348964799,0.4314,0.3922,0.1961,10.093,2,-29.0513,"Tomato_30_1",1.8e-05,0.1,0.000181832640385319,"Tomato_30_1_21_Scenario_1A",21
84,88,1,-0.9143,-1.6461,-3.638,-0.9948,-1.8153,-3.7079,0.1887,0.199987249593568,0.4314,0.3922,0.1961,10.1269,2,-29.3176,"Tomato_30_1",1.8e-05,0.1,0.000178634005861444,"Tomato_30_1_21_Scenario_1A",21
85,89,3,0.3325,0.0032,-3.9448,0.4994,-0.0091,-4.0544,0.1887,0.200047644325046,0.4314,0.3922,0.1961,10.1553,2,-28.9711,"Tomato_30_1",1.8e-05,0.1,0.000182128818312842,"Tomato_30_1_21_Scenario_1A",21
87,90,2,0.722,-0.7308,-3.9742,0.8242,-0.8317,-4.1134,0.1887,0.200005724918063,0.4314,0.3922,0.1961,10.2004,2,-28.9121,"Tomato_30_1",1.8e-05,0.1,0.000181290518319179,"Tomato_30_1_21_Scenario_1A",21
88,91,1,-0.9948,-1.8153,-3.7079,-1.0934,-1.9767,-3.773,0.1887,0.20002482345949,0.4314,0.3922,0.1961,10.225,2,-29.2525,"Tomato_30_1",1.8e-05,0.1,0.000178055572277315,"Tomato_30_1_21_Scenario_1A",21
89,92,3,0.4994,-0.0091,-4.0544,0.6771,-0.0141,-4.146,0.1887,0.199982124201139,0.4314,0.3922,0.1961,10.2596,2,-28.8795,"Tomato_30_1",1.8e-05,0.1,0.000181459817998934,"Tomato_30_1_21_Scenario_1A",21
69,93,0,-0.288,-0.0584,-14.2041,-0.2891,-0.0606,-14.4041,0.1887,0.200015124428128,0.4314,0.3922,0.1961,10.2929,1,-18.6214,"Tomato_30_1",1.8e-05,0.1,0.000182735388457908,"Tomato_30_1_21_Scenario_1A",21
70,94,0,-0.2891,-0.0606,-14.4041,-0.2891,-0.0606,-14.4097,0.1887,0.00560000000000116,0.4314,0.3922,0.1961,10.2987,1,-18.6158,"Tomato_30_1",1.8e-05,0.1,5.17220984743886e-06,"Tomato_30_1_21_Scenario_1A",21
90,95,2,0.8242,-0.8317,-4.1134,0.9255,-0.9274,-4.2568,0.1887,0.199959345868104,0.4314,0.3922,0.1961,10.3087,2,-28.7687,"Tomato_30_1",1.8e-05,0.1,0.000180722317648413,"Tomato_30_1_21_Scenario_1A",21
91,96,1,-1.0934,-1.9767,-3.773,-1.2216,-2.1122,-3.8451,0.1887,0.19998474941855,0.4314,0.3922,0.1961,10.3238,2,-29.1804,"Tomato_30_1",1.8e-05,0.1,0.000177411069647367,"Tomato_30_1_21_Scenario_1A",21
8,97,4,-0.0496,-0.0065,-4.1738,0.111,-0.0569,-4.2818,0.1887,0.199991299810767,0.4314,0.3922,0.1961,10.3627,2,-28.7437,"Tomato_30_1",1.8e-05,0.1,0.000174405112041033,"Tomato_30_1_21_Scenario_1A",21
92,98,3,0.6771,-0.0141,-4.146,0.8663,0.0165,-4.2033,0.1887,0.20004072085453,0.4314,0.3922,0.1961,10.3646,2,-28.8222,"Tomato_30_1",1.8e-05,0.1,0.000180905842243364,"Tomato_30_1_21_Scenario_1A",21
95,99,2,0.9255,-0.9274,-4.2568,1.0298,-1.0131,-4.4044,0.1887,0.200021848806574,0.4314,0.3922,0.1961,10.4179,2,-28.6211,"Tomato_30_1",1.8e-05,0.1,0.000180258702424537,"Tomato_30_1_21_Scenario_1A",21
96,100,1,-1.2216,-2.1122,-3.8451,-1.3442,-2.2459,-3.9293,0.1887,0.199990224761112,0.4314,0.3922,0.1961,10.4232,2,-29.0962,"Tomato_30_1",1.8e-05,0.1,0.000176814787574172,"Tomato_30_1_21_Scenario_1A",21
97,101,4,0.111,-0.0569,-4.2818,0.2524,-0.1089,-4.4133,0.1887,0.199975523502253,0.4314,0.3922,0.1961,10.458,2,-28.6122,"Tomato_30_1",1.8e-05,0.1,0.000173804836042226,"Tomato_30_1_21_Scenario_1A",21
98,102,3,0.8663,0.0165,-4.2033,1.0481,0.0931,-4.2362,0.1887,0.200003024977124,0.4314,0.3922,0.1961,10.4703,2,-28.7893,"Tomato_30_1",1.8e-05,0.1,0.000180273570425716,"Tomato_30_1_21_Scenario_1A",21
71,103,0,-0.2891,-0.0606,-14.4097,-0.2941,-0.0595,-14.6097,0.1887,0.2000655142697,0.4314,0.3922,0.1961,10.5026,1,-18.4158,"Tomato_30_1",1.8e-05,0.1,0.0001821156617916,"Tomato_30_1_21_Scenario_1A",21
100,104,1,-1.3442,-2.2459,-3.9293,-1.4869,-2.3395,-4.0336,0.1887,0.200006849882698,0.4314,0.3922,0.1961,10.5233,2,-28.9919,"Tomato_30_1",1.8e-05,0.1,0.000176242688175395,"Tomato_30_1_21_Scenario_1A",21
99,105,2,1.0298,-1.0131,-4.4044,1.0992,-1.1219,-4.5572,0.1887,0.200004099957976,0.4314,0.3922,0.1961,10.5281,2,-28.4683,"Tomato_30_1",1.8e-05,0.1,0.000179735603667757,"Tomato_30_1_21_Scenario_1A",21
101,106,4,0.2524,-0.1089,-4.4133,0.3692,-0.1655,-4.5654,0.1887,0.199950518879047,0.4314,0.3922,0.1961,10.5538,2,-28.4601,"Tomato_30_1",1.8e-05,0.1,0.000173206257150731,"Tomato_30_1_21_Scenario_1A",21
102,107,3,1.0481,0.0931,-4.2362,1.2394,0.1458,-4.2608,0.1887,0.199945342531403,0.4314,0.3922,0.1961,10.5768,2,-28.7647,"Tomato_30_1",1.8e-05,0.1,0.000179640203467621,"Tomato_30_1_21_Scenario_1A",21
104,108,1,-1.4869,-2.3395,-4.0336,-1.6299,-2.4323,-4.1382,0.1887,0.200004999937502,0.4314,0.3922,0.1961,10.6242,2,-28.8873,"Tomato_30_1",1.8e-05,0.1,0.000175663289446154,"Tomato_30_1_21_Scenario_1A",21
105,109,2,1.0992,-1.1219,-4.5572,1.1654,-1.2347,-4.7085,0.1887,0.199994924935609,0.4314,0.3922,0.1961,10.6392,2,-28.317,"Tomato_30_1",1.8e-05,0.1,0.000179237053905409,"Tomato_30_1_21_Scenario_1A",21
106,110,4,0.3692,-0.1655,-4.5654,0.4943,-0.1988,-4.7179,0.1887,0.20003787141439,0.4314,0.3922,0.1961,10.6502,2,-28.3076,"Tomato_30_1",1.8e-05,0.1,0.000172720244266927,"Tomato_30_1_21_Scenario_1A",21
107,111,3,1.2394,0.1458,-4.2608,1.4312,0.1964,-4.2861,0.1887,0.199969222631884,0.4314,0.3922,0.1961,10.684,2,-28.7394,"Tomato_30_1",1.8e-05,0.1,0.000179097133489567,"Tomato_30_1_21_Scenario_1A",21
72,112,0,-0.2941,-0.0595,-14.6097,-0.3043,-0.056,-14.7907,0.1887,0.181320958523828,0.4314,0.3922,0.1961,10.6884,1,-18.2348,"Tomato_30_1",1.8e-05,0.1,0.000167016113506332,"Tomato_30_1_21_Scenario_1A",21
108,113,1,-1.6299,-2.4323,-4.1382,-1.7722,-2.5253,-4.2436,0.1887,0.200018624132854,0.4314,0.3922,0.1961,10.7257,2,-28.7819,"Tomato_30_1",1.8e-05,0.1,0.000175106423944844,"Tomato_30_1_21_Scenario_1A",21
110,114,4,0.4943,-0.1988,-4.7179,0.602,-0.2201,-4.8851,0.1887,0.200022048784628,0.4314,0.3922,0.1961,10.7472,2,-28.1404,"Tomato_30_1",1.8e-05,0.1,0.000172160424862295,"Tomato_30_1_21_Scenario_1A",21
109,115,2,1.1654,-1.2347,-4.7085,1.2221,-1.3315,-4.8741,0.1887,0.200021223873868,0.4314,0.3922,0.1961,10.7513,2,-28.1514,"Tomato_30_1",1.8e-05,0.1,0.000178780607936625,"Tomato_30_1_21_Scenario_1A",21
111,116,3,1.4312,0.1964,-4.2861,1.6238,0.2354,-4.3235,0.1887,0.200036296706373,0.4314,0.3922,0.1961,10.792,2,-28.702,"Tomato_30_1",1.8e-05,0.1,0.000178607967469822,"Tomato_30_1_21_Scenario_1A",21
11,117,5,-0.0519,0.0045,-4.5983,-0.2273,-0.006,-4.6938,0.1887,0.199989149705678,0.4314,0.3922,0.1961,10.8028,2,-28.3317,"Tomato_30_1",1.8e-05,0.1,0.000161543614114421,"Tomato_30_1_21_Scenario_1A",21
113,118,1,-1.7722,-2.5253,-4.2436,-1.8883,-2.6466,-4.3523,0.1887,0.200021473847184,0.4314,0.3922,0.1961,10.828,2,-28.6732,"Tomato_30_1",1.8e-05,0.1,0.000174556500505435,"Tomato_30_1_21_Scenario_1A",21
114,119,4,0.602,-0.2201,-4.8851,0.7068,-0.2426,-5.0539,0.1887,0.199956820338791,0.4314,0.3922,0.1961,10.8449,2,-27.9716,"Tomato_30_1",1.8e-05,0.1,0.000171567284669162,"Tomato_30_1_21_Scenario_1A",21
115,120,2,1.2221,-1.3315,-4.8741,1.2729,-1.4319,-5.0395,0.1887,0.200044894961106,0.4314,0.3922,0.1961,10.8643,2,-27.986,"Tomato_30_1",1.8e-05,0.1,0.000178331965495807,"Tomato_30_1_21_Scenario_1A",21
73,121,0,-0.3043,-0.056,-14.7907,-0.3173,-0.049,-14.9902,0.1887,0.200045619797086,0.4314,0.3922,0.1961,10.8942,1,-18.0353,"Tomato_30_1",1.8e-05,0.1,0.00018145692828734,"Tomato_30_1_21_Scenario_1A",21
116,122,3,1.6238,0.2354,-4.3235,1.8075,0.2867,-4.3836,0.1887,0.199973473240828,0.4314,0.3922,0.1961,10.9008,2,-28.6419,"Tomato_30_1",1.8e-05,0.1,0.000178018347173865,"Tomato_30_1_21_Scenario_1A",21
117,123,5,-0.2273,-0.006,-4.6938,-0.3965,-0.0109,-4.8003,0.1887,0.199987249593568,0.4314,0.3922,0.1961,10.9042,2,-28.2252,"Tomato_30_1",1.8e-05,0.1,0.000161042027869743,"Tomato_30_1_21_Scenario_1A",21
118,124,1,-1.8883,-2.6466,-4.3523,-2.0066,-2.7737,-4.4515,0.1887,0.199974848418495,0.4314,0.3922,0.1961,10.931,2,-28.574,"Tomato_30_1",1.8e-05,0.1,0.000173979969363526,"Tomato_30_1_21_Scenario_1A",21
119,125,4,0.7068,-0.2426,-5.0539,0.8037,-0.2478,-5.2289,0.1887,0.200104097909064,0.4314,0.3922,0.1961,10.9432,2,-27.7966,"Tomato_30_1",1.8e-05,0.1,0.000171164978116705,"Tomato_30_1_21_Scenario_1A",21
120,126,2,1.2729,-1.4319,-5.0395,1.3345,-1.534,-5.2,0.1887,0.199948043251241,0.4314,0.3922,0.1961,10.9784,2,-27.8255,"Tomato_30_1",1.8e-05,0.1,0.000177785549043778,"Tomato_30_1_21_Scenario_1A",21
123,127,5,-0.3965,-0.0109,-4.8003,-0.5683,-0.0128,-4.9026,0.1887,0.199960346068914,0.4314,0.3922,0.1961,11.0061,2,-28.1229,"Tomato_30_1",1.8e-05,0.1,0.00016052311860233,"Tomato_30_1_21_Scenario_1A",21
122,128,3,1.8075,0.2867,-4.3836,1.9789,0.3734,-4.4394,0.1887,0.200021223873868,0.4314,0.3922,0.1961,11.0104,2,-28.5861,"Tomato_30_1",1.8e-05,0.1,0.000177543942223125,"Tomato_30_1_21_Scenario_1A",21
124,129,1,-2.0066,-2.7737,-4.4515,-2.111,-2.9043,-4.5613,0.1887,0.200029397839418,0.4314,0.3922,0.1961,11.0347,2,-28.4642,"Tomato_30_1",1.8e-05,0.1,0.000173507769127863,"Tomato_30_1_21_Scenario_1A",21
125,130,4,0.8037,-0.2478,-5.2289,0.8996,-0.2553,-5.4042,0.1887,0.199957870562776,0.4314,0.3922,0.1961,11.0421,2,-27.6213,"Tomato_30_1",1.8e-05,0.1,0.000170527665408598,"Tomato_30_1_21_Scenario_1A",21
126,131,2,1.3345,-1.534,-5.2,1.3935,-1.6359,-5.3617,0.1887,0.20002874793389,0.4314,0.3922,0.1961,11.0935,2,-27.6638,"Tomato_30_1",1.8e-05,0.1,0.000177399687394542,"Tomato_30_1_21_Scenario_1A",21
74,132,0,-0.3173,-0.049,-14.9902,-0.3403,-0.0504,-15.1889,0.1887,0.200031622500044,0.4314,0.3922,0.1961,11.1009,1,-17.8366,"Tomato_30_1",1.8e-05,0.1,0.000183715299073463,"Tomato_30_1_21_Scenario_1A",21
127,133,5,-0.5683,-0.0128,-4.9026,-0.7397,-0.0148,-5.0057,0.1887,0.200028922908664,0.4314,0.3922,0.1961,11.1086,2,-28.0198,"Tomato_30_1",1.8e-05,0.1,0.00016009009425927,"Tomato_30_1_21_Scenario_1A",21
75,134,0,-0.3403,-0.0504,-15.1889,-0.3414,-0.0508,-15.2013,0.1887,0.0124551194293747,0.4314,0.3922,0.1961,11.1139,1,-17.8242,"Tomato_30_1",1.8e-05,0.1,1.14620774252794e-05,"Tomato_30_1_21_Scenario_1A",21
128,135,3,1.9789,0.3734,-4.4394,2.1468,0.4713,-4.4864,0.1887,0.199959545908666,0.4314,0.3922,0.1961,11.1208,2,-28.5391,"Tomato_30_1",1.8e-05,0.1,0.000176988242908321,"Tomato_30_1_21_Scenario_1A",21
129,136,1,-2.111,-2.9043,-4.5613,-2.2188,-2.9778,-4.7128,0.1887,0.199938340495263,0.4314,0.3922,0.1961,11.1392,2,-28.3127,"Tomato_30_1",1.8e-05,0.1,0.000172925688502128,"Tomato_30_1_21_Scenario_1A",21
130,137,4,0.8996,-0.2553,-5.4042,0.9973,-0.2603,-5.5786,0.1887,0.199964121781883,0.4314,0.3922,0.1961,11.1417,2,-27.4469,"Tomato_30_1",1.8e-05,0.1,0.000170029672861916,"Tomato_30_1_21_Scenario_1A",21
13,138,6,-0.0546,0.0241,-4.9572,0.1245,0.0744,-5.0305,0.1887,0.199949468616448,0.4314,0.3922,0.1961,11.1723,2,-27.995,"Tomato_30_1",1.8e-05,0.1,0.000151525022456603,"Tomato_30_1_21_Scenario_1A",21
131,139,2,1.3935,-1.6359,-5.3617,1.4156,-1.7568,-5.5194,0.1887,0.199936264844575,0.4314,0.3922,0.1961,11.2096,2,-27.5061,"Tomato_30_1",1.8e-05,0.1,0.00017686261518489,"Tomato_30_1_21_Scenario_1A",21
133,140,5,-0.7397,-0.0148,-5.0057,-0.9163,-0.0123,-5.0996,0.1887,0.200027548102755,0.4314,0.3922,0.1961,11.2117,2,-27.9259,"Tomato_30_1",1.8e-05,0.1,0.000159609047395817,"Tomato_30_1_21_Scenario_1A",21
135,141,3,2.1468,0.4713,-4.4864,2.3178,0.5648,-4.5314,0.1887,0.200020623936633,0.4314,0.3922,0.1961,11.232,2,-28.4941,"Tomato_30_1",1.8e-05,0.1,0.000176549400710442,"Tomato_30_1_21_Scenario_1A",21
137,142,4,0.9973,-0.2603,-5.5786,1.1205,-0.2321,-5.7337,0.1887,0.200073711416568,0.4314,0.3922,0.1961,11.2419,2,-27.2918,"Tomato_30_1",1.8e-05,0.1,0.000169620564007508,"Tomato_30_1_21_Scenario_1A",21
136,143,1,-2.2188,-2.9778,-4.7128,-2.3195,-3.0543,-4.8678,0.1887,0.200044345083784,0.4314,0.3922,0.1961,11.2445,2,-28.1577,"Tomato_30_1",1.8e-05,0.1,0.00017252286344459,"Tomato_30_1_21_Scenario_1A",21
138,144,6,0.1245,0.0744,-5.0305,0.2823,0.1087,-5.1486,0.1887,0.200062340284222,0.4314,0.3922,0.1961,11.2725,2,-27.8769,"Tomato_30_1",1.8e-05,0.1,0.000151166867593821,"Tomato_30_1_21_Scenario_1A",21
140,145,5,-0.9163,-0.0123,-5.0996,-1.1011,-0.0352,-5.1724,0.1887,0.199938215456675,0.4314,0.3922,0.1961,11.3154,2,-27.8531,"Tomato_30_1",1.8e-05,0.1,0.000159059504061566,"Tomato_30_1_21_Scenario_1A",21
76,146,0,-0.3414,-0.0508,-15.2013,-0.3597,-0.057,-15.4003,0.1887,0.199935814700618,0.4314,0.3922,0.1961,11.3217,1,-17.6252,"Tomato_30_1",1.8e-05,0.1,0.000180743913663657,"Tomato_30_1_21_Scenario_1A",21
139,147,2,1.4156,-1.7568,-5.5194,1.4056,-1.8911,-5.6673,0.1887,0.200027248143847,0.4314,0.3922,0.1961,11.3268,2,-27.3582,"Tomato_30_1",1.8e-05,0.1,0.000176489351875228,"Tomato_30_1_21_Scenario_1A",21
142,148,4,1.1205,-0.2321,-5.7337,1.2357,-0.1998,-5.8939,0.1887,0.199945917687759,0.4314,0.3922,0.1961,11.3428,2,-27.1316,"Tomato_30_1",1.8e-05,0.1,0.000169011719459264,"Tomato_30_1_21_Scenario_1A",21
141,149,3,2.3178,0.5648,-4.5314,2.4876,0.657,-4.5831,0.1887,0.200014424479836,0.4314,0.3922,0.1961,11.344,2,-28.4424,"Tomato_30_1",1.8e-05,0.1,0.000176052479978718,"Tomato_30_1_21_Scenario_1A",21
143,150,1,-2.3195,-3.0543,-4.8678,-2.3947,-3.1392,-5.0325,0.1887,0.199972848156943,0.4314,0.3922,0.1961,11.3505,2,-27.993,"Tomato_30_1",1.8e-05,0.1,0.000171968301215666,"Tomato_30_1_21_Scenario_1A",21
144,151,6,0.2823,0.1087,-5.1486,0.4319,0.1316,-5.2793,0.1887,0.19996764738327,0.4314,0.3922,0.1961,11.3734,2,-27.7462,"Tomato_30_1",1.8e-05,0.1,0.000150653106609739,"Tomato_30_1_21_Scenario_1A",21
145,152,5,-1.1011,-0.0352,-5.1724,-1.2652,-0.078,-5.2784,0.1887,0.199991624824642,0.4314,0.3922,0.1961,11.4196,2,-27.7471,"Tomato_30_1",1.8e-05,0.1,0.000158625004929227,"Tomato_30_1_21_Scenario_1A",21
148,153,4,1.2357,-0.1998,-5.8939,1.3167,-0.1728,-6.0748,0.1887,0.200037021573507,0.4314,0.3922,0.1961,11.4443,2,-26.9507,"Tomato_30_1",1.8e-05,0.1,0.000168589487541922,"Tomato_30_1_21_Scenario_1A",21
147,154,2,1.4056,-1.8911,-5.6673,1.3863,-2.0257,-5.814,0.1887,0.200026348264422,0.4314,0.3922,0.1961,11.445,2,-27.2115,"Tomato_30_1",1.8e-05,0.1,0.00017603621784049,"Tomato_30_1_21_Scenario_1A",21
149,155,3,2.4876,0.657,-4.5831,2.6603,0.7432,-4.6356,0.1887,0.200029947757829,0.4314,0.3922,0.1961,11.4568,2,-28.3899,"Tomato_30_1",1.8e-05,0.1,0.000175576148544581,"Tomato_30_1_21_Scenario_1A",21
150,156,1,-2.3947,-3.1392,-5.0325,-2.4569,-3.2138,-5.2074,0.1887,0.200060015995201,0.4314,0.3922,0.1961,11.4573,2,-27.8181,"Tomato_30_1",1.8e-05,0.1,0.000171551595089426,"Tomato_30_1_21_Scenario_1A",21
151,157,6,0.4319,0.1316,-5.2793,0.5783,0.1753,-5.4084,0.1887,0.200023648601859,0.4314,0.3922,0.1961,11.4749,2,-27.6171,"Tomato_30_1",1.8e-05,0.1,0.000150254291535482,"Tomato_30_1_21_Scenario_1A",21
152,158,5,-1.2652,-0.078,-5.2784,-1.4044,-0.132,-5.4116,0.1887,0.200087180998683,0.4314,0.3922,0.1961,11.5245,2,-27.6139,"Tomato_30_1",1.8e-05,0.1,0.000158224756909641,"Tomato_30_1_21_Scenario_1A",21
77,159,0,-0.3597,-0.057,-15.4003,-0.3845,-0.068,-15.5985,0.1887,0.200048194193299,0.4314,0.3922,0.1961,11.5306,1,-17.427,"Tomato_30_1",1.8e-05,0.1,0.000183191474892566,"Tomato_30_1_21_Scenario_1A",21
153,160,4,1.3167,-0.1728,-6.0748,1.4004,-0.1477,-6.2547,0.1887,0.199999274998686,0.4314,0.3922,0.1961,11.5465,2,-26.7708,"Tomato_30_1",1.8e-05,0.1,0.000168059900804752,"Tomato_30_1_21_Scenario_1A",21
78,161,0,-0.3845,-0.068,-15.5985,-0.3853,-0.0698,-15.6273,0.1887,0.0288672825184502,0.4314,0.3922,0.1961,11.5609,1,-17.3982,"Tomato_30_1",1.8e-05,0.1,2.60071048577438e-05,"Tomato_30_1_21_Scenario_1A",21
154,162,2,1.3863,-2.0257,-5.814,1.376,-2.1559,-5.9655,0.1887,0.200025948316712,0.4314,0.3922,0.1961,11.5644,2,-27.06,"Tomato_30_1",1.8e-05,0.1,0.000175585031329635,"Tomato_30_1_21_Scenario_1A",21
156,163,1,-2.4569,-3.2138,-5.2074,-2.5229,-3.302,-5.3742,0.1887,0.199893671735751,0.4314,0.3922,0.1961,11.5649,2,-27.6513,"Tomato_30_1",1.8e-05,0.1,0.000170919256889113,"Tomato_30_1_21_Scenario_1A",21
155,164,3,2.6603,0.7432,-4.6356,2.8283,0.8246,-4.7075,0.1887,0.200048919017324,0.4314,0.3922,0.1961,11.5705,2,-28.318,"Tomato_30_1",1.8e-05,0.1,0.000175104216313769,"Tomato_30_1_21_Scenario_1A",21
157,165,6,0.5783,0.1753,-5.4084,0.719,0.2088,-5.5465,0.1887,0.199975873544785,0.4314,0.3922,0.1961,11.5771,2,-27.479,"Tomato_30_1",1.8e-05,0.1,0.000149778776602325,"Tomato_30_1_21_Scenario_1A",21
15,166,7,-0.0486,0.023,-5.351,-0.109,-0.1516,-5.4274,0.1887,0.199925686193645,0.4314,0.3922,0.1961,11.5813,2,-27.5981,"Tomato_30_1",1.8e-05,0.1,0.000141418456433917,"Tomato_30_1_21_Scenario_1A",21
158,167,5,-1.4044,-0.132,-5.4116,-1.5451,-0.1838,-5.5439,0.1887,0.199957545494037,0.4314,0.3922,0.1961,11.6301,2,-27.4816,"Tomato_30_1",1.8e-05,0.1,0.000157647903683307,"Tomato_30_1_21_Scenario_1A",21
160,168,4,1.4004,-0.1477,-6.2547,1.4724,-0.1276,-6.4402,0.1887,0.199995649952693,0.4314,0.3922,0.1961,11.6494,2,-26.5853,"Tomato_30_1",1.8e-05,0.1,0.00016756057561436,"Tomato_30_1_21_Scenario_1A",21
163,169,1,-2.5229,-3.302,-5.3742,-2.5848,-3.3883,-5.5438,0.1887,0.200108620503965,0.4314,0.3922,0.1961,11.6733,2,-27.4817,"Tomato_30_1",1.8e-05,0.1,0.000170614225773111,"Tomato_30_1_21_Scenario_1A",21
165,170,6,0.719,0.2088,-5.5465,0.8022,0.2906,-5.7089,0.1887,0.199968097455569,0.4314,0.3922,0.1961,11.6801,2,-27.3166,"Tomato_30_1",1.8e-05,0.1,0.000149334681744276,"Tomato_30_1_21_Scenario_1A",21
166,171,7,-0.109,-0.1516,-5.4274,-0.1576,-0.3284,-5.5073,0.1887,0.200010524723076,0.4314,0.3922,0.1961,11.6801,2,-27.5182,"Tomato_30_1",1.8e-05,0.1,0.000141054037868092,"Tomato_30_1_21_Scenario_1A",21
162,172,2,1.376,-2.1559,-5.9655,1.3686,-2.2875,-6.1159,0.1887,0.199983699335721,0.4314,0.3922,0.1961,11.6848,2,-26.9096,"Tomato_30_1",1.8e-05,0.1,0.000175098752151582,"Tomato_30_1_21_Scenario_1A",21
164,173,3,2.8283,0.8246,-4.7075,2.9874,0.91,-4.7933,0.1887,0.199919008600984,0.4314,0.3922,0.1961,11.6851,2,-28.2322,"Tomato_30_1",1.8e-05,0.1,0.000174503866952729,"Tomato_30_1_21_Scenario_1A",21
167,174,5,-1.5451,-0.1838,-5.5439,-1.6827,-0.2411,-5.6773,0.1887,0.200031522515828,0.4314,0.3922,0.1961,11.7362,2,-27.3482,"Tomato_30_1",1.8e-05,0.1,0.000157233124434181,"Tomato_30_1_21_Scenario_1A",21
168,175,4,1.4724,-0.1276,-6.4402,1.5433,-0.0965,-6.6246,0.1887,0.19999344989274,0.4314,0.3922,0.1961,11.7531,2,-26.4009,"Tomato_30_1",1.8e-05,0.1,0.000167063896303287,"Tomato_30_1_21_Scenario_1A",21
79,176,0,-0.3853,-0.0698,-15.6273,-0.3884,-0.0711,-15.8273,0.1887,0.200028248005125,0.4314,0.3922,0.1961,11.7709,1,-17.1982,"Tomato_30_1",1.8e-05,0.1,0.00018263713361372,"Tomato_30_1_21_Scenario_1A",21
171,177,7,-0.1576,-0.3284,-5.5073,-0.201,-0.5059,-5.5886,0.1887,0.199998749996094,0.4314,0.3922,0.1961,11.7794,2,-27.4369,"Tomato_30_1",1.8e-05,0.1,0.000140622455807305,"Tomato_30_1_21_Scenario_1A",21
169,178,1,-2.5848,-3.3883,-5.5438,-2.6494,-3.4758,-5.7116,0.1887,0.19996562204539,0.4314,0.3922,0.1961,11.7826,2,-27.3139,"Tomato_30_1",1.8e-05,0.1,0.000170005197952759,"Tomato_30_1_21_Scenario_1A",21
170,179,6,0.8022,0.2906,-5.7089,0.8711,0.3583,-5.8841,0.1887,0.200063839811196,0.4314,0.3922,0.1961,11.7838,2,-27.1414,"Tomato_30_1",1.8e-05,0.1,0.000148968879987324,"Tomato_30_1_21_Scenario_1A",21
173,180,3,2.9874,0.91,-4.7933,3.128,1.016,-4.8882,0.1887,0.200025923319954,0.4314,0.3922,0.1961,11.8005,2,-28.1373,"Tomato_30_1",1.8e-05,0.1,0.000174111810027192,"Tomato_30_1_21_Scenario_1A",21
172,181,2,1.3686,-2.2875,-6.1159,1.3549,-2.4132,-6.2709,0.1887,0.200032947286191,0.4314,0.3922,0.1961,11.8064,2,-26.7546,"Tomato_30_1",1.8e-05,0.1,0.000174694056196545,"Tomato_30_1_21_Scenario_1A",21
174,182,5,-1.6827,-0.2411,-5.6773,-1.8207,-0.2978,-5.8105,0.1887,0.200002824980049,0.4314,0.3922,0.1961,11.843,2,-27.215,"Tomato_30_1",1.8e-05,0.1,0.000156738820196536,"Tomato_30_1_21_Scenario_1A",21
175,183,4,1.5433,-0.0965,-6.6246,1.6153,-0.0657,-6.8086,0.1887,0.199971597983314,0.4314,0.3922,0.1961,11.8574,2,-26.2169,"Tomato_30_1",1.8e-05,0.1,0.000166552315927511,"Tomato_30_1_21_Scenario_1A",21
177,184,7,-0.201,-0.5059,-5.5886,-0.2487,-0.6826,-5.6693,0.1887,0.200026673221348,0.4314,0.3922,0.1961,11.8795,2,-27.3562,"Tomato_30_1",1.8e-05,0.1,0.00014021993552408,"Tomato_30_1_21_Scenario_1A",21
179,185,6,0.8711,0.3583,-5.8841,0.906,0.4301,-6.0675,0.1887,0.200022023787382,0.4314,0.3922,0.1961,11.8882,2,-26.958,"Tomato_30_1",1.8e-05,0.1,0.000148501746333469,"Tomato_30_1_21_Scenario_1A",21
178,186,1,-2.6494,-3.4758,-5.7116,-2.701,-3.5698,-5.8805,0.1887,0.200064414626889,0.4314,0.3922,0.1961,11.8926,2,-27.145,"Tomato_30_1",1.8e-05,0.1,0.000169603348094196,"Tomato_30_1_21_Scenario_1A",21
180,187,3,3.128,1.016,-4.8882,3.2523,1.1188,-5.0064,0.1887,0.199973923300014,0.4314,0.3922,0.1961,11.9169,2,-28.0191,"Tomato_30_1",1.8e-05,0.1,0.000173582712217132,"Tomato_30_1_21_Scenario_1A",21
181,188,2,1.3549,-2.4132,-6.2709,1.3917,-2.5326,-6.427,0.1887,0.199944517304176,0.4314,0.3922,0.1961,11.9292,2,-26.5985,"Tomato_30_1",1.8e-05,0.1,0.000174170744481002,"Tomato_30_1_21_Scenario_1A",21
182,189,5,-1.8207,-0.2978,-5.8105,-1.9183,-0.358,-5.9743,0.1887,0.199950593897593,0.4314,0.3922,0.1961,11.9504,2,-27.0512,"Tomato_30_1",1.8e-05,0.1,0.000156227696892632,"Tomato_30_1_21_Scenario_1A",21
183,190,4,1.6153,-0.0657,-6.8086,1.6921,-0.0344,-6.9906,0.1887,0.200004824941799,0.4314,0.3922,0.1961,11.9624,2,-26.0349,"Tomato_30_1",1.8e-05,0.1,0.000166087989407021,"Tomato_30_1_21_Scenario_1A",21
184,191,7,-0.2487,-0.6826,-5.6693,-0.2984,-0.8593,-5.7487,0.1887,0.19999334988944,0.4314,0.3922,0.1961,11.9802,2,-27.2768,"Tomato_30_1",1.8e-05,0.1,0.00013977569501855,"Tomato_30_1_21_Scenario_1A",21
80,192,0,-0.3884,-0.0711,-15.8273,-0.3745,-0.0831,-16.0264,0.1887,0.199945042449169,0.4314,0.3922,0.1961,11.982,1,-16.9991,"Tomato_30_1",1.8e-05,0.1,7.03117821776462e-05,"Tomato_30_1_21_Scenario_1A",21
17,193,8,-0.0545,0.0186,-5.734,-0.0597,-0.1705,-5.7991,0.1887,0.200059641107346,0.4314,0.3922,0.1961,11.9822,2,-27.2264,"Tomato_30_1",1.8e-05,0.1,0.000132507438657791,"Tomato_30_1_21_Scenario_1A",21
185,194,6,0.906,0.4301,-6.0675,0.9473,0.495,-6.252,0.1887,0.199894847357304,0.4314,0.3922,0.1961,11.9933,2,-26.7735,"Tomato_30_1",1.8e-05,0.1,0.000147973057805546,"Tomato_30_1_21_Scenario_1A",21
186,195,1,-2.701,-3.5698,-5.8805,-2.7304,-3.6592,-6.0569,0.1887,0.199934189172337,0.4314,0.3922,0.1961,12.0035,2,-26.9686,"Tomato_30_1",1.8e-05,0.1,0.000169008910921342,"Tomato_30_1_21_Scenario_1A",21
81,196,0,-0.3745,-0.0831,-16.0264,-0.3696,-0.0853,-16.0506,0.1887,0.0247889088101921,0.4314,0.3922,0.1961,12.0082,1,-16.9749,"Tomato_30_1",1.8e-05,0.1,2.22563545157182e-05,"Tomato_30_1_21_Scenario_1A",21
187,197,3,3.2523,1.1188,-5.0064,3.3654,1.2256,-5.1322,0.1887,0.200058716380967,0.4314,0.3922,0.1961,12.0341,2,-27.8933,"Tomato_30_1",1.8e-05,0.1,0.000173173718149612,"Tomato_30_1_21_Scenario_1A",21
188,198,2,1.3917,-2.5326,-6.427,1.4339,-2.6521,-6.5817,0.1887,0.199982949273182,0.4314,0.3922,0.1961,12.0531,2,-26.4438,"Tomato_30_1",1.8e-05,0.1,0.000173759595686861,"Tomato_30_1_21_Scenario_1A",21
189,199,5,-1.9183,-0.358,-5.9743,-2.0025,-0.4282,-6.1416,0.1887,0.20001742424099,0.4314,0.3922,0.1961,12.0584,2,-26.8839,"Tomato_30_1",1.8e-05,0.1,0.0001558108824578,"Tomato_30_1_21_Scenario_1A",21
190,200,4,1.6921,-0.0344,-6.9906,1.7386,0.0152,-7.1787,0.1887,0.200010049747507,0.4314,0.3922,0.1961,12.0682,2,-25.8468,"Tomato_30_1",1.8e-05,0.1,0.000165601685335482,"Tomato_30_1_21_Scenario_1A",21
193,201,8,-0.0597,-0.1705,-5.7991,-0.0792,-0.3628,-5.8504,0.1887,0.199978073798104,0.4314,0.3922,0.1961,12.0784,2,-27.1751,"Tomato_30_1",1.8e-05,0.1,0.000132046808584675,"Tomato_30_1_21_Scenario_1A",21
191,202,7,-0.2984,-0.8593,-5.7487,-0.3767,-1.0248,-5.8292,0.1887,0.200003474969811,0.4314,0.3922,0.1961,12.0816,2,-27.1963,"Tomato_30_1",1.8e-05,0.1,0.000139363087218168,"Tomato_30_1_21_Scenario_1A",21
194,203,6,0.9473,0.495,-6.252,0.9533,0.5953,-6.425,0.1887,0.20006271516702,0.4314,0.3922,0.1961,12.0992,2,-26.6005,"Tomato_30_1",1.8e-05,0.1,0.000147663908544008,"Tomato_30_1_21_Scenario_1A",21
195,204,1,-2.7304,-3.6592,-6.0569,-2.7621,-3.751,-6.2318,0.1887,0.200055342343063,0.4314,0.3922,0.1961,12.1153,2,-26.7937,"Tomato_30_1",1.8e-05,0.1,0.00016862844648522,"Tomato_30_1_21_Scenario_1A",21
197,205,3,3.3654,1.2256,-5.1322,3.4407,1.3108,-5.2967,0.1887,0.19997344823751,0.4314,0.3922,0.1961,12.1522,2,-27.7288,"Tomato_30_1",1.8e-05,0.1,0.00017261899616295,"Tomato_30_1_21_Scenario_1A",21
199,206,5,-2.0025,-0.4282,-6.1416,-2.0873,-0.4978,-6.3088,0.1887,0.199977598745459,0.4314,0.3922,0.1961,12.1671,2,-26.7167,"Tomato_30_1",1.8e-05,0.1,0.000155312219264861,"Tomato_30_1_21_Scenario_1A",21
200,207,4,1.7386,0.0152,-7.1787,1.7808,0.0722,-7.3657,0.1887,0.199997099978975,0.4314,0.3922,0.1961,12.1747,2,-25.6598,"Tomato_30_1",1.8e-05,0.1,0.000165101775380198,"Tomato_30_1_21_Scenario_1A",21
201,208,8,-0.0792,-0.3628,-5.8504,-0.1256,-0.552,-5.8958,0.1887,0.200026898191218,0.4314,0.3922,0.1961,12.1753,2,-27.1297,"Tomato_30_1",1.8e-05,0.1,0.000131673504495067,"Tomato_30_1_21_Scenario_1A",21
198,209,2,1.4339,-2.6521,-6.5817,1.4779,-2.7709,-6.7365,0.1887,0.20003119756678,0.4314,0.3922,0.1961,12.1783,2,-26.289,"Tomato_30_1",1.8e-05,0.1,0.000173358170535621,"Tomato_30_1_21_Scenario_1A",21
202,210,7,-0.3767,-1.0248,-5.8292,-0.4303,-1.1694,-5.9566,0.1887,0.200032197408317,0.4314,0.3922,0.1961,12.1837,2,-27.0689,"Tomato_30_1",1.8e-05,0.1,0.000138964505856701,"Tomato_30_1_21_Scenario_1A",21
203,211,6,0.9533,0.5953,-6.425,0.935,0.659,-6.6137,0.1887,0.200000674998861,0.4314,0.3922,0.1961,12.2059,2,-26.4118,"Tomato_30_1",1.8e-05,0.1,0.000147185983299366,"Tomato_30_1_21_Scenario_1A",21
82,212,0,-0.3696,-0.0853,-16.0506,-0.4034,-0.0739,-16.2474,0.1887,0.200006599891103,0.4314,0.3922,0.1961,12.2205,1,-16.7781,"Tomato_30_1",1.8e-05,0.1,0.000183010578766533,"Tomato_30_1_21_Scenario_1A",21
204,213,1,-2.7621,-3.751,-6.2318,-2.8213,-3.8449,-6.3981,0.1887,0.199943842115731,0.4314,0.3922,0.1961,12.228,2,-26.6274,"Tomato_30_1",1.8e-05,0.1,0.000168053280009449,"Tomato_30_1_21_Scenario_1A",21
205,214,3,3.4407,1.3108,-5.2967,3.5255,1.3794,-5.4643,0.1887,0.199966897260521,0.4314,0.3922,0.1961,12.2713,2,-27.5612,"Tomato_30_1",1.8e-05,0.1,0.000172134028090842,"Tomato_30_1_21_Scenario_1A",21
208,215,8,-0.1256,-0.552,-5.8958,-0.1556,-0.7434,-5.9453,0.1887,0.199960521103542,0.4314,0.3922,0.1961,12.2728,2,-27.0802,"Tomato_30_1",1.8e-05,0.1,0.000131225542638169,"Tomato_30_1_21_Scenario_1A",21
206,216,5,-2.0873,-0.4978,-6.3088,-2.1473,-0.5751,-6.4832,0.1887,0.199976623633864,0.4314,0.3922,0.1961,12.2765,2,-26.5423,"Tomato_30_1",1.8e-05,0.1,0.000154845197875709,"Tomato_30_1_21_Scenario_1A",21
207,217,4,1.7808,0.0722,-7.3657,1.8298,0.096,-7.5582,0.1887,0.200059216233594,0.4314,0.3922,0.1961,12.2819,2,-25.4673,"Tomato_30_1",1.8e-05,0.1,0.000164665063783778,"Tomato_30_1_21_Scenario_1A",21
210,218,7,-0.4303,-1.1694,-5.9566,-0.4953,-1.3404,-6.0374,0.1887,0.19998659955107,0.4314,0.3922,0.1961,12.2865,2,-26.9881,"Tomato_30_1",1.8e-05,0.1,0.000138515532472633,"Tomato_30_1_21_Scenario_1A",21
209,219,2,1.4779,-2.7709,-6.7365,1.4837,-2.8567,-6.917,0.1887,0.199938815641185,0.4314,0.3922,0.1961,12.3046,2,-26.1085,"Tomato_30_1",1.8e-05,0.1,0.000172836493095475,"Tomato_30_1_21_Scenario_1A",21
211,220,6,0.935,0.659,-6.6137,0.9162,0.7235,-6.802,0.1887,0.199926436471018,0.4314,0.3922,0.1961,12.3134,2,-26.2235,"Tomato_30_1",1.8e-05,0.1,0.000146700778299213,"Tomato_30_1_21_Scenario_1A",21
213,221,1,-2.8213,-3.8449,-6.3981,-2.879,-3.9384,-6.5652,0.1887,0.199984874428042,0.4314,0.3922,0.1961,12.3415,2,-26.4603,"Tomato_30_1",1.8e-05,0.1,0.000167608006477704,"Tomato_30_1_21_Scenario_1A",21
215,222,8,-0.1556,-0.7434,-5.9453,-0.1672,-0.9282,-6.021,0.1887,0.200040220955687,0.4314,0.3922,0.1961,12.371,2,-27.0045,"Tomato_30_1",1.8e-05,0.1,0.000130874525146183,"Tomato_30_1_21_Scenario_1A",21
216,223,5,-2.1473,-0.5751,-6.4832,-2.1778,-0.6476,-6.6671,0.1887,0.200014274490597,0.4314,0.3922,0.1961,12.3865,2,-26.3584,"Tomato_30_1",1.8e-05,0.1,0.0001544092789332,"Tomato_30_1_21_Scenario_1A",21
217,224,4,1.8298,0.096,-7.5582,1.8605,0.1246,-7.7537,0.1887,0.199951744178439,0.4314,0.3922,0.1961,12.3899,2,-25.2718,"Tomato_30_1",1.8e-05,0.1,0.000164090338076237,"Tomato_30_1_21_Scenario_1A",21
218,225,7,-0.4953,-1.3404,-6.0374,-0.5533,-1.5124,-6.1213,0.1887,0.19996802244359,0.4314,0.3922,0.1961,12.39,2,-26.9042,"Tomato_30_1",1.8e-05,0.1,0.000138086657340608,"Tomato_30_1_21_Scenario_1A",21
214,226,3,3.5255,1.3794,-5.4643,3.6441,1.4381,-5.6142,0.1887,0.199954144743239,0.4314,0.3922,0.1961,12.3913,2,-27.4113,"Tomato_30_1",1.8e-05,0.1,0.000171645259853534,"Tomato_30_1_21_Scenario_1A",21
19,227,9,-0.1396,-0.0361,-6.1064,-0.001,0.0571,-6.2165,0.1887,0.200045519819865,0.4314,0.3922,0.1961,12.4021,2,-26.809,"Tomato_30_1",1.8e-05,0.1,0.000124206178619594,"Tomato_30_1_21_Scenario_1A",21
220,228,6,0.9162,0.7235,-6.802,0.8826,0.7732,-6.9928,0.1887,0.200009224787259,0.4314,0.3922,0.1961,12.4216,2,-26.0327,"Tomato_30_1",1.8e-05,0.1,0.000146332020368025,"Tomato_30_1_21_Scenario_1A",21
219,229,2,1.4837,-2.8567,-6.917,1.507,-2.9093,-7.1086,0.1887,0.200050518619673,0.4314,0.3922,0.1961,12.4323,2,-25.9169,"Tomato_30_1",1.8e-05,0.1,0.000172492648472012,"Tomato_30_1_21_Scenario_1A",21
83,230,0,-0.4034,-0.0739,-16.2474,-0.4294,-0.0527,-16.4446,0.1887,0.20003319724486,0.4314,0.3922,0.1961,12.4339,1,-16.5809,"Tomato_30_1",1.8e-05,0.1,0.000182108851051994,"Tomato_30_1_21_Scenario_1A",21
84,231,0,-0.4294,-0.0527,-16.4446,-0.4302,-0.0522,-16.4493,0.1887,0.00479374592568247,0.4314,0.3922,0.1961,12.439,1,-16.5762,"Tomato_30_1",1.8e-05,0.1,4.28925723324382e-06,"Tomato_30_1_21_Scenario_1A",21
221,232,1,-2.879,-3.9384,-6.5652,-2.8688,-4.0506,-6.7305,0.1887,0.200042420501253,0.4314,0.3922,0.1961,12.4559,2,-26.295,"Tomato_30_1",1.8e-05,0.1,0.000167177649648047,"Tomato_30_1_21_Scenario_1A",21
222,233,8,-0.1672,-0.9282,-6.021,-0.1856,-1.1131,-6.0948,0.1887,0.199932513613969,0.4314,0.3922,0.1961,12.4699,2,-26.9307,"Tomato_30_1",1.8e-05,0.1,0.000130402099288299,"Tomato_30_1_21_Scenario_1A",21
225,234,7,-0.5533,-1.5124,-6.1213,-0.5934,-1.6886,-6.2072,0.1887,0.200083132722377,0.4314,0.3922,0.1961,12.4942,2,-26.8183,"Tomato_30_1",1.8e-05,0.1,0.000137750977592504,"Tomato_30_1_21_Scenario_1A",21
223,235,5,-2.1778,-0.6476,-6.6671,-2.2141,-0.7189,-6.8504,0.1887,0.200000674998861,0.4314,0.3922,0.1961,12.4972,2,-26.1751,"Tomato_30_1",1.8e-05,0.1,0.000153935029350959,"Tomato_30_1_21_Scenario_1A",21
224,236,4,1.8605,0.1246,-7.7537,1.9261,0.1801,-7.9343,0.1887,0.199999924999986,0.4314,0.3922,0.1961,12.4987,2,-25.0912,"Tomato_30_1",1.8e-05,0.1,0.000163644966106687,"Tomato_30_1_21_Scenario_1A",21
227,237,9,-0.001,0.0571,-6.2165,0.167,0.1305,-6.2965,0.1887,0.200028897912277,0.4314,0.3922,0.1961,12.5072,2,-26.729,"Tomato_30_1",1.8e-05,0.1,0.000123812041284634,"Tomato_30_1_21_Scenario_1A",21
226,238,3,3.6441,1.4381,-5.6142,3.7151,1.5343,-5.7746,0.1887,0.200058991300066,0.4314,0.3922,0.1961,12.5123,2,-27.2509,"Tomato_30_1",1.8e-05,0.1,0.000171258577270265,"Tomato_30_1_21_Scenario_1A",21
228,239,6,0.8826,0.7732,-6.9928,0.8594,0.8373,-7.1809,0.1887,0.20007163717029,0.4314,0.3922,0.1961,12.5306,2,-25.8446,"Tomato_30_1",1.8e-05,0.1,0.000145949136907449,"Tomato_30_1_21_Scenario_1A",21
229,240,2,1.507,-2.9093,-7.1086,1.5131,-2.9577,-7.3025,0.1887,0.19994244171761,0.4314,0.3922,0.1961,12.5612,2,-25.723,"Tomato_30_1",1.8e-05,0.1,0.000171960759185348,"Tomato_30_1_21_Scenario_1A",21
233,241,8,-0.1856,-1.1131,-6.0948,-0.214,-1.296,-6.1706,0.1887,0.200011524667955,0.4314,0.3922,0.1961,12.5695,2,-26.8549,"Tomato_30_1",1.8e-05,0.1,0.000130052656865966,"Tomato_30_1_21_Scenario_1A",21
232,242,1,-2.8688,-4.0506,-6.7305,-2.8598,-4.1537,-6.9016,0.1887,0.199964546857687,0.4314,0.3922,0.1961,12.5713,2,-26.1239,"Tomato_30_1",1.8e-05,0.1,0.000166635620592406,"Tomato_30_1_21_Scenario_1A",21
234,243,7,-0.5934,-1.6886,-6.2072,-0.6631,-1.8324,-6.3274,0.1887,0.199961421279205,0.4314,0.3922,0.1961,12.5992,2,-26.6981,"Tomato_30_1",1.8e-05,0.1,0.000137253449405425,"Tomato_30_1_21_Scenario_1A",21
236,244,4,1.9261,0.1801,-7.9343,1.9795,0.2216,-8.1225,0.1887,0.199982624245208,0.4314,0.3922,0.1961,12.6082,2,-24.903,"Tomato_30_1",1.8e-05,0.1,0.000163147299793842,"Tomato_30_1_21_Scenario_1A",21
235,245,5,-2.2141,-0.7189,-6.8504,-2.2612,-0.7905,-7.0311,0.1887,0.199993649899191,0.4314,0.3922,0.1961,12.6087,2,-25.9944,"Tomato_30_1",1.8e-05,0.1,0.000153467225665791,"Tomato_30_1_21_Scenario_1A",21
237,246,9,0.167,0.1305,-6.2965,0.3339,0.224,-6.3548,0.1887,0.199991874834954,0.4314,0.3922,0.1961,12.613,2,-26.6707,"Tomato_30_1",1.8e-05,0.1,0.000123406487521077,"Tomato_30_1_21_Scenario_1A",21
238,247,3,3.7151,1.5343,-5.7746,3.7661,1.6207,-5.9476,0.1887,0.199987399603075,0.4314,0.3922,0.1961,12.6343,2,-27.0779,"Tomato_30_1",1.8e-05,0.1,0.000170722199175401,"Tomato_30_1_21_Scenario_1A",21
239,248,6,0.8594,0.8373,-7.1809,0.9093,0.8597,-7.3732,0.1887,0.199927636908957,0.4314,0.3922,0.1961,12.6405,2,-25.6523,"Tomato_30_1",1.8e-05,0.1,0.000145417185759598,"Tomato_30_1_21_Scenario_1A",21
85,249,0,-0.4302,-0.0522,-16.4493,-0.4913,-0.0403,-16.6394,0.1887,0.200032072428396,0.4314,0.3922,0.1961,12.6535,1,-16.3861,"Tomato_30_1",1.8e-05,0.1,0.000182419821580922,"Tomato_30_1_21_Scenario_1A",21
241,250,8,-0.214,-1.296,-6.1706,-0.2285,-1.4815,-6.2441,0.1887,0.200056866915385,0.4314,0.3922,0.1961,12.6698,2,-26.7814,"Tomato_30_1",1.8e-05,0.1,0.000129682058764328,"Tomato_30_1_21_Scenario_1A",21
242,251,1,-2.8598,-4.1537,-6.9016,-2.8512,-4.2587,-7.0716,0.1887,0.1999973999831,0.4314,0.3922,0.1961,12.6876,2,-25.9539,"Tomato_30_1",1.8e-05,0.1,0.000166187446692737,"Tomato_30_1_21_Scenario_1A",21
240,252,2,1.5131,-2.9577,-7.3025,1.4911,-2.9851,-7.4994,0.1887,0.200010924701627,0.4314,0.3922,0.1961,12.6914,2,-25.5261,"Tomato_30_1",1.8e-05,0.1,0.000171582319075194,"Tomato_30_1_21_Scenario_1A",21
243,253,7,-0.6631,-1.8324,-6.3274,-0.7391,-1.9741,-6.4463,0.1887,0.199980249024747,0.4314,0.3922,0.1961,12.7049,2,-26.5792,"Tomato_30_1",1.8e-05,0.1,0.000136853878220929,"Tomato_30_1_21_Scenario_1A",21
244,254,4,1.9795,0.2216,-8.1225,2.0172,0.2722,-8.3123,0.1887,0.200014224494159,0.4314,0.3922,0.1961,12.7186,2,-24.7132,"Tomato_30_1",1.8e-05,0.1,0.000162690868342978,"Tomato_30_1_21_Scenario_1A",21
246,255,9,0.3339,0.224,-6.3548,0.5007,0.318,-6.4126,0.1887,0.199997699986775,0.4314,0.3922,0.1961,12.7194,2,-26.6129,"Tomato_30_1",1.8e-05,0.1,0.000123028516618657,"Tomato_30_1_21_Scenario_1A",21
245,256,5,-2.2612,-0.7905,-7.0311,-2.3093,-0.8602,-7.2123,0.1887,0.20001284958722,0.4314,0.3922,0.1961,12.7208,2,-25.8132,"Tomato_30_1",1.8e-05,0.1,0.000153020813872917,"Tomato_30_1_21_Scenario_1A",21
248,257,6,0.9093,0.8597,-7.3732,0.995,0.9081,-7.5473,0.1887,0.199994649928442,0.4314,0.3922,0.1961,12.7511,2,-25.4782,"Tomato_30_1",1.8e-05,0.1,0.00014504020304458,"Tomato_30_1_21_Scenario_1A",21
247,258,3,3.7661,1.6207,-5.9476,3.8186,1.6986,-6.1242,0.1887,0.2000305476671,0.4314,0.3922,0.1961,12.7572,2,-26.9013,"Tomato_30_1",1.8e-05,0.1,0.000170285329683893,"Tomato_30_1_21_Scenario_1A",21
250,259,8,-0.2285,-1.4815,-6.2441,-0.2395,-1.6497,-6.3516,0.1887,0.199921209480135,0.4314,0.3922,0.1961,12.7708,2,-26.6739,"Tomato_30_1",1.8e-05,0.1,0.000129195509050968,"Tomato_30_1_21_Scenario_1A",21
251,260,1,-2.8512,-4.2587,-7.0716,-2.8534,-4.3494,-7.2498,0.1887,0.199966422181325,0.4314,0.3922,0.1961,12.8048,2,-25.7757,"Tomato_30_1",1.8e-05,0.1,0.000165687644078194,"Tomato_30_1_21_Scenario_1A",21
253,261,7,-0.7391,-1.9741,-6.4463,-0.8125,-2.1107,-6.5726,0.1887,0.199997024977873,0.4314,0.3922,0.1961,12.8114,2,-26.4529,"Tomato_30_1",1.8e-05,0.1,0.000136453960933798,"Tomato_30_1_21_Scenario_1A",21
252,262,2,1.4911,-2.9851,-7.4994,1.4557,-2.9827,-7.6963,0.1887,0.200071312286395,0.4314,0.3922,0.1961,12.8229,2,-25.3292,"Tomato_30_1",1.8e-05,0.1,0.00017119797699454,"Tomato_30_1_21_Scenario_1A",21
255,263,9,0.5007,0.318,-6.4126,0.6326,0.4545,-6.4755,0.1887,0.19996567205398,0.4314,0.3922,0.1961,12.8265,2,-26.55,"Tomato_30_1",1.8e-05,0.1,0.000122628385288795,"Tomato_30_1_21_Scenario_1A",21
254,264,4,2.0172,0.2722,-8.3123,2.052,0.3209,-8.5032,0.1887,0.200063839811196,0.4314,0.3922,0.1961,12.8297,2,-24.5223,"Tomato_30_1",1.8e-05,0.1,0.000162250186132714,"Tomato_30_1_21_Scenario_1A",21
22,265,10,-0.1885,-0.0176,-6.5137,-0.3426,-0.1159,-6.5947,0.1887,0.199926736581178,0.4314,0.3922,0.1961,12.8312,2,-26.4308,"Tomato_30_1",1.8e-05,0.1,0.000116133264975023,"Tomato_30_1_21_Scenario_1A",21
256,266,5,-2.3093,-0.8602,-7.2123,-2.3577,-0.8891,-7.4042,0.1887,0.200008449821502,0.4314,0.3922,0.1961,12.8336,2,-25.6213,"Tomato_30_1",1.8e-05,0.1,0.000152557602367665,"Tomato_30_1_21_Scenario_1A",21
257,267,6,0.995,0.9081,-7.5473,1.0864,0.96,-7.7175,0.1887,0.200039021193366,0.4314,0.3922,0.1961,12.8626,2,-25.308,"Tomato_30_1",1.8e-05,0.1,0.00014464768281628,"Tomato_30_1_21_Scenario_1A",21
86,268,0,-0.4913,-0.0403,-16.6394,-0.5211,-0.0216,-16.8362,0.1887,0.199919908963568,0.4314,0.3922,0.1961,12.869,1,-16.1893,"Tomato_30_1",1.8e-05,0.1,0.000183310176624236,"Tomato_30_1_21_Scenario_1A",21
259,269,8,-0.2395,-1.6497,-6.3516,-0.2307,-1.8241,-6.4492,0.1887,0.200046394618848,0.4314,0.3922,0.1961,12.8725,2,-26.5763,"Tomato_30_1",1.8e-05,0.1,0.000128878659048827,"Tomato_30_1_21_Scenario_1A",21
258,270,3,3.8186,1.6986,-6.1242,3.8703,1.7771,-6.3007,0.1887,0.199968472515044,0.4314,0.3922,0.1961,12.8812,2,-26.7248,"Tomato_30_1",1.8e-05,0.1,0.000169760404421873,"Tomato_30_1_21_Scenario_1A",21
87,271,0,-0.5211,-0.0216,-16.8362,-0.5228,-0.0167,-16.873,0.1887,0.0371636919586841,0.4314,0.3922,0.1961,12.9091,1,-16.1525,"Tomato_30_1",1.8e-05,0.1,3.37352257181899e-05,"Tomato_30_1_21_Scenario_1A",21
261,272,7,-0.8125,-2.1107,-6.5726,-0.8849,-2.2561,-6.6893,0.1887,0.200004524948812,0.4314,0.3922,0.1961,12.9186,2,-26.3362,"Tomato_30_1",1.8e-05,0.1,0.000136048804788604,"Tomato_30_1_21_Scenario_1A",21
260,273,1,-2.8534,-4.3494,-7.2498,-2.8586,-4.4291,-7.4332,0.1887,0.200036721628806,0.4314,0.3922,0.1961,12.923,2,-25.5923,"Tomato_30_1",1.8e-05,0.1,0.000165273032570914,"Tomato_30_1_21_Scenario_1A",21
265,274,10,-0.3426,-0.1159,-6.5947,-0.5054,-0.2173,-6.6513,0.1887,0.199973398230865,0.4314,0.3922,0.1961,12.9252,2,-26.3742,"Tomato_30_1",1.8e-05,0.1,0.00011578970211775,"Tomato_30_1_21_Scenario_1A",21
263,275,9,0.6326,0.4545,-6.4755,0.7819,0.5514,-6.5668,0.1887,0.200039471105079,0.4314,0.3922,0.1961,12.9343,2,-26.4587,"Tomato_30_1",1.8e-05,0.1,0.00012229408007787,"Tomato_30_1_21_Scenario_1A",21
264,276,4,2.052,0.3209,-8.5032,2.0661,0.3414,-8.7016,0.1887,0.19995404472028,0.4314,0.3922,0.1961,12.9417,2,-24.3239,"Tomato_30_1",1.8e-05,0.1,0.000161681824803019,"Tomato_30_1_21_Scenario_1A",21
266,277,5,-2.3577,-0.8891,-7.4042,-2.398,-0.9164,-7.5982,0.1887,0.200013449547774,0.4314,0.3922,0.1961,12.9471,2,-25.4273,"Tomato_30_1",1.8e-05,0.1,0.000152102860811663,"Tomato_30_1_21_Scenario_1A",21
262,278,2,1.4557,-2.9827,-7.6963,1.4304,-2.9948,-7.8943,0.1887,0.199976248589677,0.4314,0.3922,0.1961,12.9558,2,-25.1312,"Tomato_30_1",1.8e-05,0.1,0.000170682192063748,"Tomato_30_1_21_Scenario_1A",21
267,279,6,1.0864,0.96,-7.7175,1.1788,1.0114,-7.8872,0.1887,0.199944517304176,0.4314,0.3922,0.1961,12.975,2,-25.1383,"Tomato_30_1",1.8e-05,0.1,0.000144156136088202,"Tomato_30_1_21_Scenario_1A",21
269,280,8,-0.2307,-1.8241,-6.4492,-0.2171,-2.0036,-6.5362,0.1887,0.199935514604084,0.4314,0.3922,0.1961,12.975,2,-26.4893,"Tomato_30_1",1.8e-05,0.1,0.000128410782210854,"Tomato_30_1_21_Scenario_1A",21
270,281,3,3.8703,1.7771,-6.3007,3.9179,1.8874,-6.4606,0.1887,0.199999649999694,0.4314,0.3922,0.1961,13.0062,2,-26.5649,"Tomato_30_1",1.8e-05,0.0991110000000001,0.000169314094471537,"Tomato_30_1_21_Scenario_1A",21
274,282,10,-0.5054,-0.2173,-6.6513,-0.6568,-0.3065,-6.7469,0.1887,0.200044894961106,0.4314,0.3922,0.1961,13.0199,2,-26.2786,"Tomato_30_1",1.8e-05,0.0981520000000001,0.000115457699634705,"Tomato_30_1_21_Scenario_1A",21
272,283,7,-0.8849,-2.2561,-6.6893,-0.9997,-2.3917,-6.7812,0.1887,0.200030022746587,0.4314,0.3922,0.1961,13.0266,2,-26.2443,"Tomato_30_1",1.8e-05,0.0976830000000001,0.000135652102718633,"Tomato_30_1_21_Scenario_1A",21
273,284,1,-2.8586,-4.4291,-7.4332,-2.8627,-4.5198,-7.6114,0.1887,0.199996349966693,0.4314,0.3922,0.1961,13.0422,2,-25.4141,"Tomato_30_1",1.8e-05,0.0965910000000001,0.000164759978400652,"Tomato_30_1_21_Scenario_1A",21
275,285,9,0.7819,0.5514,-6.5668,0.9295,0.6439,-6.6651,0.1887,0.200012249624867,0.4314,0.3922,0.1961,13.0428,2,-26.3604,"Tomato_30_1",1.8e-05,0.0965490000000001,0.000121892169432721,"Tomato_30_1_21_Scenario_1A",21
276,286,4,2.0661,0.3414,-8.7016,2.0379,0.3349,-8.8995,0.1887,0.200004749943596,0.4314,0.3922,0.1961,13.0544,2,-24.126,"Tomato_30_1",1.8e-05,0.0957370000000001,0.000161234203028222,"Tomato_30_1_21_Scenario_1A",21
277,287,5,-2.398,-0.9164,-7.5982,-2.4235,-0.9474,-7.7941,0.1887,0.199970147772111,0.4314,0.3922,0.1961,13.0613,2,-25.2314,"Tomato_30_1",1.8e-05,0.0952540000000001,0.000151601441752104,"Tomato_30_1_21_Scenario_1A",21
280,288,8,-0.2171,-2.0036,-6.5362,-0.1771,-2.1808,-6.6199,0.1887,0.200013824522207,0.4314,0.3922,0.1961,13.0782,2,-26.4056,"Tomato_30_1",1.8e-05,0.094071,0.000128053154482539,"Tomato_30_1_21_Scenario_1A",21
279,289,6,1.1788,1.0114,-7.8872,1.2802,1.0525,-8.0546,0.1887,0.199984824424255,0.4314,0.3922,0.1961,13.0882,2,-24.9709,"Tomato_30_1",1.8e-05,0.093371,0.00014374822061532,"Tomato_30_1_21_Scenario_1A",21
278,290,2,1.4304,-2.9948,-7.8943,1.4282,-3.0088,-8.0938,0.1887,0.200002724981436,0.4314,0.3922,0.1961,13.0901,2,-24.9317,"Tomato_30_1",1.8e-05,0.0932380000000001,0.00017025614018053,"Tomato_30_1_21_Scenario_1A",21
282,291,10,-0.6568,-0.3065,-6.7469,-0.832,-0.3799,-6.8096,0.1887,0.200034721985959,0.4314,0.3922,0.1961,13.1153,2,-26.2159,"Tomato_30_1",1.8e-05,0.0914740000000001,0.000115062198836562,"Tomato_30_1_21_Scenario_1A",21
88,292,0,-0.5228,-0.0167,-16.873,-0.5348,0.0151,-17.07,0.1887,0.199910580010163,0.4314,0.3922,0.1961,13.1259,1,-15.9555,"Tomato_30_1",1.8e-05,0.0907320000000001,0.000178258535769814,"Tomato_30_1_21_Scenario_1A",21
281,293,3,3.9179,1.8874,-6.4606,3.9479,2.0022,-6.6216,0.1887,0.200000099999975,0.4314,0.3922,0.1961,13.1322,2,-26.4039,"Tomato_30_1",1.8e-05,0.0902910000000001,0.000168817902903639,"Tomato_30_1_21_Scenario_1A",21
283,294,7,-0.9997,-2.3917,-6.7812,-1.1167,-2.5266,-6.8712,0.1887,0.199967522363008,0.4314,0.3922,0.1961,13.1354,2,-26.1543,"Tomato_30_1",1.8e-05,0.090067,0.000135174534185535,"Tomato_30_1_21_Scenario_1A",21
285,295,9,0.9295,0.6439,-6.6651,1.0685,0.7406,-6.7715,0.1887,0.199982124201139,0.4314,0.3922,0.1961,13.152,2,-26.254,"Tomato_30_1",1.8e-05,0.0889050000000001,0.000121466177279594,"Tomato_30_1_21_Scenario_1A",21
284,296,1,-2.8627,-4.5198,-7.6114,-2.8715,-4.6027,-7.7932,0.1887,0.200002724981436,0.4314,0.3922,0.1961,13.1623,2,-25.2323,"Tomato_30_1",1.8e-05,0.0881840000000001,0.000164255516756862,"Tomato_30_1_21_Scenario_1A",21
286,297,4,2.0379,0.3349,-8.8995,2.012,0.3708,-9.0946,0.1887,0.200059066277937,0.4314,0.3922,0.1961,13.1681,2,-23.9309,"Tomato_30_1",1.8e-05,0.087778,0.000160757325946985,"Tomato_30_1_21_Scenario_1A",21
287,298,5,-2.4235,-0.9474,-7.7941,-2.4294,-1.0125,-7.9831,0.1887,0.199984549403198,0.4314,0.3922,0.1961,13.1763,2,-25.0424,"Tomato_30_1",1.8e-05,0.0872040000000001,0.000151111762034414,"Tomato_30_1_21_Scenario_1A",21
288,299,8,-0.1771,-2.1808,-6.6199,-0.1366,-2.3535,-6.7124,0.1887,0.200054467583206,0.4314,0.3922,0.1961,13.1821,2,-26.3131,"Tomato_30_1",1.8e-05,0.0867980000000001,0.000127642173612875,"Tomato_30_1_21_Scenario_1A",21
289,300,6,1.2802,1.0525,-8.0546,1.3353,1.1072,-8.239,0.1887,0.200078634541522,0.4314,0.3922,0.1961,13.2023,2,-24.7865,"Tomato_30_1",1.8e-05,0.0853840000000001,0.000143343553554151,"Tomato_30_1_21_Scenario_1A",21
291,301,10,-0.832,-0.3799,-6.8096,-1.0122,-0.4461,-6.8657,0.1887,0.200004224955375,0.4314,0.3922,0.1961,13.2114,2,-26.1598,"Tomato_30_1",1.8e-05,0.0847470000000001,0.00011462652222494,"Tomato_30_1_21_Scenario_1A",21
290,302,2,1.4282,-3.0088,-8.0938,1.4253,-3.0217,-8.2933,0.1887,0.199937665285959,0.4314,0.3922,0.1961,13.2257,2,-24.7322,"Tomato_30_1",1.8e-05,0.0837460000000001,0.000169711960686157,"Tomato_30_1_21_Scenario_1A",21
294,303,7,-1.1167,-2.5266,-6.8712,-1.2546,-2.6418,-6.959,0.1887,0.199990724784926,0.4314,0.3922,0.1961,13.245,2,-26.0665,"Tomato_30_1",1.8e-05,0.0823950000000001,0.000134717629715298,"Tomato_30_1_21_Scenario_1A",21
293,304,3,3.9479,2.0022,-6.6216,3.9572,2.1214,-6.7819,0.1887,0.199978048795362,0.4314,0.3922,0.1961,13.2593,2,-26.2436,"Tomato_30_1",1.8e-05,0.0813940000000001,0.000168252966964005,"Tomato_30_1_21_Scenario_1A",21
295,305,9,1.0685,0.7406,-6.7715,1.2113,0.8342,-6.8756,0.1887,0.19997402331303,0.4314,0.3922,0.1961,13.2619,2,-26.1499,"Tomato_30_1",1.8e-05,0.081212,0.00012101800174422,"Tomato_30_1_21_Scenario_1A",21
25,306,11,-0.1494,-0.0375,-6.9182,-0.3254,0.043,-6.9685,0.1887,0.199965847083946,0.4314,0.3922,0.1961,13.2691,2,-26.057,"Tomato_30_1",1.8e-05,0.0807080000000001,0.000108933285467294,"Tomato_30_1_21_Scenario_1A",21
297,307,4,2.012,0.3708,-9.0946,2.0027,0.4139,-9.2896,0.1887,0.199922735075329,0.4314,0.3922,0.1961,13.2825,2,-23.7359,"Tomato_30_1",1.8e-05,0.07977,0.000160079425103318,"Tomato_30_1_21_Scenario_1A",21
296,308,1,-2.8715,-4.6027,-7.7932,-2.9103,-4.7127,-7.9557,0.1887,0.200029222865061,0.4314,0.3922,0.1961,13.2835,2,-25.0698,"Tomato_30_1",1.8e-05,0.0797000000000001,0.000163717566079773,"Tomato_30_1_21_Scenario_1A",21
299,309,8,-0.1366,-2.3535,-6.7124,-0.0854,-2.4916,-6.8477,0.1887,0.199997849988444,0.4314,0.3922,0.1961,13.2868,2,-26.1778,"Tomato_30_1",1.8e-05,0.0794690000000001,0.00012713198740086,"Tomato_30_1_21_Scenario_1A",21
298,310,5,-2.4294,-1.0125,-7.9831,-2.4535,-1.0752,-8.1715,0.1887,0.200016649307001,0.4314,0.3922,0.1961,13.292,2,-24.854,"Tomato_30_1",1.8e-05,0.0791050000000001,0.000150587980245354,"Tomato_30_1_21_Scenario_1A",21
301,311,10,-1.0122,-0.4461,-6.8657,-1.1773,-0.518,-6.9526,0.1887,0.199948068257735,0.4314,0.3922,0.1961,13.3082,2,-26.0729,"Tomato_30_1",1.8e-05,0.0779710000000001,0.000114142811396022,"Tomato_30_1_21_Scenario_1A",21
300,312,6,1.3353,1.1072,-8.239,1.4051,1.1673,-8.4165,0.1887,0.199975748529664,0.4314,0.3922,0.1961,13.3173,2,-24.609,"Tomato_30_1",1.8e-05,0.0773340000000001,0.000142752782044904,"Tomato_30_1_21_Scenario_1A",21
89,313,0,-0.5348,0.0151,-17.07,-0.5413,0.0362,-17.2652,0.1887,0.196444648692704,0.4314,0.3922,0.1961,13.3399,1,-15.7603,"Tomato_30_1",1.8e-05,0.0757520000000001,0.000178547943477204,"Tomato_30_1_21_Scenario_1A",21
303,314,7,-1.2546,-2.6418,-6.959,-1.3962,-2.7555,-7.0429,0.1887,0.200043645237734,0.4314,0.3922,0.1961,13.3555,2,-25.9826,"Tomato_30_1",1.8e-05,0.0746600000000001,0.00013423532854286,"Tomato_30_1_21_Scenario_1A",21
306,315,11,-0.3254,0.043,-6.9685,-0.498,0.1275,-7.024,0.1887,0.200028148019223,0.4314,0.3922,0.1961,13.3596,2,-26.0015,"Tomato_30_1",1.8e-05,0.0743730000000001,0.000108499717865701,"Tomato_30_1_21_Scenario_1A",21
302,316,2,1.4253,-3.0217,-8.2933,1.41,-2.99,-8.4902,0.1887,0.200021473847184,0.4314,0.3922,0.1961,13.3629,2,-24.5353,"Tomato_30_1",1.8e-05,0.0741420000000001,0.000169236311482347,"Tomato_30_1_21_Scenario_1A",21
305,317,9,1.2113,0.8342,-6.8756,1.3505,0.9072,-6.9993,0.1887,0.200018324160563,0.4314,0.3922,0.1961,13.3725,2,-26.0262,"Tomato_30_1",1.8e-05,0.07347,0.000120558286828918,"Tomato_30_1_21_Scenario_1A",21
304,318,3,3.9572,2.1214,-6.7819,3.9473,2.2356,-6.9458,0.1887,0.200007149872198,0.4314,0.3922,0.1961,13.3875,2,-26.0797,"Tomato_30_1",1.8e-05,0.0724200000000001,0.000167668988202653,"Tomato_30_1_21_Scenario_1A",21
309,319,8,-0.0854,-2.4916,-6.8477,-0.0203,-2.6077,-6.997,0.1887,0.200019274071276,0.4314,0.3922,0.1961,13.3923,2,-26.0285,"Tomato_30_1",1.8e-05,0.072084,0.000126626716676274,"Tomato_30_1_21_Scenario_1A",21
307,320,4,2.0027,0.4139,-9.2896,1.974,0.4331,-9.4866,0.1887,0.200003324972361,0.4314,0.3922,0.1961,13.3979,2,-23.5389,"Tomato_30_1",1.8e-05,0.0716920000000001,0.000159516517327749,"Tomato_30_1_21_Scenario_1A",21
308,321,1,-2.9103,-4.7127,-7.9557,-2.9764,-4.7615,-8.138,0.1887,0.199959845969134,0.4314,0.3922,0.1961,13.4057,2,-24.8875,"Tomato_30_1",1.8e-05,0.0711460000000001,0.00016303959091875,"Tomato_30_1_21_Scenario_1A",21
311,322,10,-1.1773,-0.518,-6.9526,-1.3344,-0.4877,-7.0727,0.1887,0.200056267085038,0.4314,0.3922,0.1961,13.4057,2,-25.9528,"Tomato_30_1",1.8e-05,0.0711460000000001,0.000113712662002732,"Tomato_30_1_21_Scenario_1A",21
310,323,5,-2.4535,-1.0752,-8.1715,-2.4738,-1.1636,-8.3498,0.1887,0.200043845193998,0.4314,0.3922,0.1961,13.4085,2,-24.6757,"Tomato_30_1",1.8e-05,0.0709500000000001,0.000150002249834698,"Tomato_30_1_21_Scenario_1A",21
312,324,6,1.4051,1.1673,-8.4165,1.4746,1.1811,-8.6035,0.1887,0.19997422333891,0.4314,0.3922,0.1961,13.4332,2,-24.422,"Tomato_30_1",1.8e-05,0.0692210000000001,0.000142179071294192,"Tomato_30_1_21_Scenario_1A",21
315,325,11,-0.498,0.1275,-7.024,-0.6764,0.2024,-7.0745,0.1887,0.199967047285296,0.4314,0.3922,0.1961,13.4508,2,-25.951,"Tomato_30_1",1.8e-05,0.0679890000000001,0.000107958591668251,"Tomato_30_1_21_Scenario_1A",21
314,326,7,-1.3962,-2.7555,-7.0429,-1.5422,-2.8546,-7.1369,0.1887,0.19993201344457,0.4314,0.3922,0.1961,13.4667,2,-25.8886,"Tomato_30_1",1.8e-05,0.0668760000000001,0.000133587377696701,"Tomato_30_1_21_Scenario_1A",21
317,327,9,1.3505,0.9072,-6.9993,1.4941,0.9614,-7.1276,0.1887,0.200048719066132,0.4314,0.3922,0.1961,13.4839,2,-25.8979,"Tomato_30_1",1.8e-05,0.065672,0.000120036705089863,"Tomato_30_1_21_Scenario_1A",21
319,328,8,-0.0203,-2.6077,-6.997,0.0449,-2.7211,-7.1482,0.1887,0.199930087780704,0.4314,0.3922,0.1961,13.4986,2,-25.8773,"Tomato_30_1",1.8e-05,0.0646430000000001,0.000125996711588294,"Tomato_30_1_21_Scenario_1A",21
316,329,2,1.41,-2.99,-8.4902,1.4101,-2.9813,-8.69,0.1887,0.199989349716428,0.4314,0.3922,0.1961,13.5015,2,-24.3355,"Tomato_30_1",1.8e-05,0.0644400000000001,0.000168587550000662,"Tomato_30_1_21_Scenario_1A",21
322,330,10,-1.3344,-0.4877,-7.0727,-1.4608,-0.4791,-7.2275,0.1887,0.200034896955506,0.4314,0.3922,0.1961,13.5039,2,-25.798,"Tomato_30_1",1.8e-05,0.0642720000000001,0.000113159963101503,"Tomato_30_1_21_Scenario_1A",21
320,331,4,1.974,0.4331,-9.4866,1.9615,0.4473,-9.6857,0.1887,0.199996749973595,0.4314,0.3922,0.1961,13.5141,2,-23.3398,"Tomato_30_1",1.8e-05,0.0635580000000001,0.000158810009303515,"Tomato_30_1_21_Scenario_1A",21
318,332,3,3.9473,2.2356,-6.9458,3.9562,2.3375,-7.1176,0.1887,0.199945142476631,0.4314,0.3922,0.1961,13.5168,2,-25.9079,"Tomato_30_1",1.8e-05,0.0633690000000001,0.000166929457688371,"Tomato_30_1_21_Scenario_1A",21
323,333,5,-2.4738,-1.1636,-8.3498,-2.4225,-1.2238,-8.5335,0.1887,0.200003549968494,0.4314,0.3922,0.1961,13.5257,2,-24.492,"Tomato_30_1",1.8e-05,0.062746,0.000149293192689373,"Tomato_30_1_21_Scenario_1A",21
321,334,1,-2.9764,-4.7615,-8.138,-3.0239,-4.8029,-8.3278,0.1887,0.199985624483361,0.4314,0.3922,0.1961,13.5289,2,-24.6977,"Tomato_30_1",1.8e-05,0.062522,0.000162360992310874,"Tomato_30_1_21_Scenario_1A",21
325,335,11,-0.6764,0.2024,-7.0745,-0.845,0.2965,-7.127,0.1887,0.200092528596147,0.4314,0.3922,0.1961,13.5425,2,-25.8985,"Tomato_30_1",1.8e-05,0.06157,0.000107468882473787,"Tomato_30_1_21_Scenario_1A",21
324,336,6,1.4746,1.1811,-8.6035,1.502,1.2079,-8.7998,0.1887,0.200006724886939,0.4314,0.3922,0.1961,13.5499,2,-24.2257,"Tomato_30_1",1.8e-05,0.0610520000000001,0.000141559144941946,"Tomato_30_1_21_Scenario_1A",21
90,337,0,-0.5413,0.0362,-17.2652,-0.5443,0.0471,-17.4648,0.1887,0.199919908963565,0.4314,0.3922,0.1961,13.559,1,-15.5607,"Tomato_30_1",1.8e-05,0.0604150000000001,0.000180948178142792,"Tomato_30_1_21_Scenario_1A",21
326,338,7,-1.5422,-2.8546,-7.1369,-1.6763,-2.9722,-7.2275,0.1887,0.200052318157026,0.4314,0.3922,0.1961,13.5788,2,-25.798,"Tomato_30_1",1.8e-05,0.0590290000000001,0.000133024419645843,"Tomato_30_1_21_Scenario_1A",21
327,339,9,1.4941,0.9614,-7.1276,1.6382,1.0145,-7.2557,0.1887,0.199985074443069,0.4314,0.3922,0.1961,13.5959,2,-25.7698,"Tomato_30_1",1.8e-05,0.0578320000000001,0.000119391631973507,"Tomato_30_1_21_Scenario_1A",21
330,340,10,-1.4608,-0.4791,-7.2275,-1.5769,-0.5399,-7.3785,0.1887,0.199942116623787,0.4314,0.3922,0.1961,13.6028,2,-25.647,"Tomato_30_1",1.8e-05,0.0573490000000001,0.000112507256278023,"Tomato_30_1_21_Scenario_1A",21
328,341,8,0.0449,-2.7211,-7.1482,0.0827,-2.8444,-7.3011,0.1887,0.200025348393647,0.4314,0.3922,0.1961,13.6056,2,-25.7244,"Tomato_30_1",1.8e-05,0.057153,0.00012541380403043,"Tomato_30_1_21_Scenario_1A",21
331,342,4,1.9615,0.4473,-9.6857,1.9679,0.4573,-9.8854,0.1887,0.200052618078345,0.4314,0.3922,0.1961,13.6312,2,-23.1401,"Tomato_30_1",1.8e-05,0.0553610000000001,0.000158057863791784,"Tomato_30_1_21_Scenario_1A",21
335,343,11,-0.845,0.2965,-7.127,-1.0108,0.3995,-7.1703,0.1887,0.19993381404855,0.4314,0.3922,0.1961,13.6349,2,-25.8552,"Tomato_30_1",1.8e-05,0.0551020000000001,0.000106766370679812,"Tomato_30_1_21_Scenario_1A",21
329,344,2,1.4101,-2.9813,-8.69,1.3988,-2.9535,-8.8878,0.1887,0.200063414946362,0.4314,0.3922,0.1961,13.6416,2,-24.1377,"Tomato_30_1",1.8e-05,0.054633,0.000167927278392153,"Tomato_30_1_21_Scenario_1A",21
333,345,5,-2.4225,-1.2238,-8.5335,-2.3835,-1.26,-8.7263,0.1887,0.200008199831907,0.4314,0.3922,0.1961,13.6437,2,-24.2992,"Tomato_30_1",1.8e-05,0.054486,0.000148523789946564,"Tomato_30_1_21_Scenario_1A",21
332,346,3,3.9562,2.3375,-7.1176,3.9774,2.4459,-7.2844,0.1887,0.200055592273747,0.4314,0.3922,0.1961,13.6471,2,-25.7411,"Tomato_30_1",1.8e-05,0.0542480000000001,0.000166228525977665,"Tomato_30_1_21_Scenario_1A",21
334,347,1,-3.0239,-4.8029,-8.3278,-3.0638,-4.8006,-8.5238,0.1887,0.200033247236553,0.4314,0.3922,0.1961,13.6532,2,-24.5017,"Tomato_30_1",1.8e-05,0.0538210000000001,0.000161596760668224,"Tomato_30_1_21_Scenario_1A",21
336,348,6,1.502,1.2079,-8.7998,1.5098,1.2258,-8.9989,0.1887,0.200055142398291,0.4314,0.3922,0.1961,13.6677,2,-24.0266,"Tomato_30_1",1.8e-05,0.0528060000000001,0.000140858512349511,"Tomato_30_1_21_Scenario_1A",21
338,349,7,-1.6763,-2.9722,-7.2275,-1.8111,-3.0548,-7.35,0.1887,0.200000124999961,0.4314,0.3922,0.1961,13.6917,2,-25.6755,"Tomato_30_1",1.8e-05,0.051126,0.000132255619670489,"Tomato_30_1_21_Scenario_1A",21
340,350,10,-1.5769,-0.5399,-7.3785,-1.6939,-0.6002,-7.5291,0.1887,0.20001362453593,0.4314,0.3922,0.1961,13.7025,2,-25.4964,"Tomato_30_1",1.8e-05,0.05037,0.000111870730177184,"Tomato_30_1_21_Scenario_1A",21
339,351,9,1.6382,1.0145,-7.2557,1.7849,1.0647,-7.3819,0.1887,0.199918408357009,0.4314,0.3922,0.1961,13.7088,2,-25.6436,"Tomato_30_1",1.8e-05,0.0499290000000001,0.000118657711051349,"Tomato_30_1_21_Scenario_1A",21
28,352,12,-0.1464,-0.0442,-7.3225,-0.2021,-0.2322,-7.3617,0.1887,0.199957820552235,0.4314,0.3922,0.1961,13.7121,2,-25.6638,"Tomato_30_1",1.8e-05,0.0496980000000001,0.000102413533764878,"Tomato_30_1_21_Scenario_1A",21
341,353,8,0.0827,-2.8444,-7.3011,0.1235,-2.9698,-7.4515,0.1887,0.200024898450168,0.4314,0.3922,0.1961,13.7135,2,-25.574,"Tomato_30_1",1.8e-05,0.0496000000000001,0.000124680939149397,"Tomato_30_1_21_Scenario_1A",21
343,354,11,-1.0108,0.3995,-7.1703,-1.1734,0.5151,-7.1848,0.1887,0.200030922609481,0.4314,0.3922,0.1961,13.7278,2,-25.8407,"Tomato_30_1",1.8e-05,0.0485990000000001,0.000106124666617782,"Tomato_30_1_21_Scenario_1A",21
342,355,4,1.9679,0.4573,-9.8854,1.9694,0.4641,-10.0853,0.1887,0.200021248871213,0.4314,0.3922,0.1961,13.7492,2,-22.9402,"Tomato_30_1",1.8e-05,0.0471010000000001,0.000157109777846681,"Tomato_30_1_21_Scenario_1A",21
345,356,5,-2.3835,-1.26,-8.7263,-2.3228,-1.2884,-8.9147,0.1887,0.199964021763916,0.4314,0.3922,0.1961,13.7624,2,-24.1108,"Tomato_30_1",1.8e-05,0.0461770000000001,0.00014759206297362,"Tomato_30_1_21_Scenario_1A",21
347,357,1,-3.0638,-4.8006,-8.5238,-3.1117,-4.8208,-8.7169,0.1887,0.199975148456003,0.4314,0.3922,0.1961,13.7786,2,-24.3086,"Tomato_30_1",1.8e-05,0.045043,0.000160605944137187,"Tomato_30_1_21_Scenario_1A",21
346,358,3,3.9774,2.4459,-7.2844,4.002,2.5759,-7.4344,0.1887,0.200012899584002,0.4314,0.3922,0.1961,13.7787,2,-25.5911,"Tomato_30_1",1.8e-05,0.045036,0.000165253961507802,"Tomato_30_1_21_Scenario_1A",21
91,359,0,-0.5443,0.0471,-17.4648,-0.5584,0.0727,-17.6627,0.1887,0.200046444607247,0.4314,0.3922,0.1961,13.7791,1,-15.3628,"Tomato_30_1",1.8e-05,0.0450080000000001,0.00017776852244621,"Tomato_30_1_21_Scenario_1A",21
344,360,2,1.3988,-2.9535,-8.8878,1.3933,-2.9254,-9.0857,0.1887,0.199960671133099,0.4314,0.3922,0.1961,13.7833,2,-23.9398,"Tomato_30_1",1.8e-05,0.044714,0.000166975520038951,"Tomato_30_1_21_Scenario_1A",21
348,361,6,1.5098,1.2258,-8.9989,1.515,1.2439,-9.198,0.1887,0.199988649677925,0.4314,0.3922,0.1961,13.7863,2,-23.8275,"Tomato_30_1",1.8e-05,0.044504,0.000139952903535254,"Tomato_30_1_21_Scenario_1A",21
92,362,0,-0.5584,0.0727,-17.6627,-0.5601,0.0746,-17.6779,0.1887,0.0154123327241532,0.4314,0.3922,0.1961,13.7962,1,-15.3476,"Tomato_30_1",1.8e-05,0.043811,1.39614370845846e-05,"Tomato_30_1_21_Scenario_1A",21
350,363,10,-1.6939,-0.6002,-7.5291,-1.8141,-0.6236,-7.6872,0.1887,0.199978023792616,0.4314,0.3922,0.1961,13.8029,2,-25.3383,"Tomato_30_1",1.8e-05,0.0433420000000001,0.00011107392202109,"Tomato_30_1_21_Scenario_1A",21
352,364,12,-0.2021,-0.2322,-7.3617,-0.2509,-0.4229,-7.3972,0.1887,0.200020448954601,0.4314,0.3922,0.1961,13.8032,2,-25.6283,"Tomato_30_1",1.8e-05,0.043321,0.000101697420142488,"Tomato_30_1_21_Scenario_1A",21
349,365,7,-1.8111,-3.0548,-7.35,-1.9235,-3.1297,-7.4976,0.1887,0.200073811379701,0.4314,0.3922,0.1961,13.8055,2,-25.5279,"Tomato_30_1",1.8e-05,0.04316,0.000131447019003605,"Tomato_30_1_21_Scenario_1A",21
354,366,11,-1.1734,0.5151,-7.1848,-1.3333,0.6346,-7.1973,0.1887,0.200011274682204,0.4314,0.3922,0.1961,13.8215,2,-25.8282,"Tomato_30_1",1.8e-05,0.04204,0.000105321646848324,"Tomato_30_1_21_Scenario_1A",21
353,367,8,0.1235,-2.9698,-7.4515,0.1743,-3.0603,-7.6224,0.1887,0.199944242227677,0.4314,0.3922,0.1961,13.8222,2,-25.4031,"Tomato_30_1",1.8e-05,0.041991,0.000123778059996284,"Tomato_30_1_21_Scenario_1A",21
351,368,9,1.7849,1.0647,-7.3819,1.9397,1.0975,-7.5042,0.1887,0.199990424770788,0.4314,0.3922,0.1961,13.8223,2,-25.5213,"Tomato_30_1",1.8e-05,0.041984,0.000117886836758957,"Tomato_30_1_21_Scenario_1A",21
355,369,4,1.9694,0.4641,-10.0853,1.9959,0.4524,-10.2832,0.1887,0.200008874803095,0.4314,0.3922,0.1961,13.8681,2,-22.7423,"Tomato_30_1",1.8e-05,0.0387780000000001,0.000155998606907565,"Tomato_30_1_21_Scenario_1A",21
356,370,5,-2.3228,-1.2884,-8.9147,-2.3002,-1.3194,-9.111,0.1887,0.200013624535931,0.4314,0.3922,0.1961,13.882,2,-23.9145,"Tomato_30_1",1.8e-05,0.0378050000000001,0.000146550545938617,"Tomato_30_1_21_Scenario_1A",21
364,371,12,-0.2509,-0.4229,-7.3972,-0.291,-0.6161,-7.4302,0.1887,0.200058116556165,0.4314,0.3922,0.1961,13.895,2,-25.5953,"Tomato_30_1",1.8e-05,0.0368950000000001,0.000100849273873667,"Tomato_30_1_21_Scenario_1A",21
363,372,10,-1.8141,-0.6236,-7.6872,-1.9288,-0.6258,-7.8511,0.1887,0.20006034089744,0.4314,0.3922,0.1961,13.9041,2,-25.1744,"Tomato_30_1",1.8e-05,0.0362580000000001,0.000110204803658068,"Tomato_30_1_21_Scenario_1A",21
357,373,1,-3.1117,-4.8208,-8.7169,-3.1314,-4.8465,-8.9143,0.1887,0.200038346323899,0.4314,0.3922,0.1961,13.9051,2,-24.1112,"Tomato_30_1",1.8e-05,0.0361880000000001,0.000159506303840531,"Tomato_30_1_21_Scenario_1A",21
361,374,6,1.515,1.2439,-9.198,1.5234,1.2624,-9.3969,0.1887,0.199935039450318,0.4314,0.3922,0.1961,13.906,2,-23.6286,"Tomato_30_1",1.8e-05,0.036125,0.000138878837338693,"Tomato_30_1_21_Scenario_1A",21
358,375,3,4.002,2.5759,-7.4344,4.0242,2.7088,-7.5822,0.1887,0.200000224999874,0.4314,0.3922,0.1961,13.9113,2,-25.4433,"Tomato_30_1",1.8e-05,0.035754,0.000164087849316751,"Tomato_30_1_21_Scenario_1A",21
366,376,11,-1.3333,0.6346,-7.1973,-1.4686,0.7818,-7.1922,0.1887,0.199999849999944,0.4314,0.3922,0.1961,13.9157,2,-25.8333,"Tomato_30_1",1.8e-05,0.0354460000000001,0.000104389092770987,"Tomato_30_1_21_Scenario_1A",21
365,377,7,-1.9235,-3.1297,-7.4976,-2.0116,-3.1846,-7.6685,0.1887,0.199956070175426,0.4314,0.3922,0.1961,13.9201,2,-25.357,"Tomato_30_1",1.8e-05,0.0351380000000001,0.000130337452824045,"Tomato_30_1_21_Scenario_1A",21
360,378,2,1.3933,-2.9254,-9.0857,1.3843,-2.86,-9.2745,0.1887,0.20000899979751,0.4314,0.3922,0.1961,13.9265,2,-23.751,"Tomato_30_1",1.8e-05,0.03469,0.000165929928680874,"Tomato_30_1_21_Scenario_1A",21
367,379,8,0.1743,-3.0603,-7.6224,0.2076,-3.1531,-7.7965,0.1887,0.200078834462819,0.4314,0.3922,0.1961,13.9317,2,-25.229,"Tomato_30_1",1.8e-05,0.0343260000000001,0.000122836778209587,"Tomato_30_1_21_Scenario_1A",21
368,380,9,1.9397,1.0975,-7.5042,2.097,1.1007,-7.6278,0.1887,0.200076210479907,0.4314,0.3922,0.1961,13.9367,2,-25.3977,"Tomato_30_1",1.8e-05,0.0339760000000001,0.000116951161252019,"Tomato_30_1_21_Scenario_1A",21
371,381,12,-0.291,-0.6161,-7.4302,-0.2944,-0.8144,-7.456,0.1887,0.200000224999874,0.4314,0.3922,0.1961,13.9874,2,-25.5695,"Tomato_30_1",1.8e-05,0.0304270000000001,9.97867160683569e-05,"Tomato_30_1_21_Scenario_1A",21
369,382,4,1.9959,0.4524,-10.2832,2.0368,0.447,-10.4789,0.1887,0.200001149996692,0.4314,0.3922,0.1961,13.9879,2,-22.5466,"Tomato_30_1",1.8e-05,0.0303920000000001,0.000154621754134012,"Tomato_30_1_21_Scenario_1A",21
370,383,5,-2.3002,-1.3194,-9.111,-2.2894,-1.3404,-9.3096,0.1887,0.199998999997499,0.4314,0.3922,0.1961,14.0024,2,-23.7159,"Tomato_30_1",1.94417999999998e-05,0.03,0.000156834638738292,"Tomato_30_1_21_Scenario_1A",21
372,384,10,-1.9288,-0.6258,-7.8511,-2.039,-0.6191,-8.0178,0.1887,0.199944542311112,0.4314,0.3922,0.1961,14.006,2,-25.0077,"Tomato_30_1",2.00249999999999e-05,0.03,0.000121312066873595,"Tomato_30_1_21_Scenario_1A",21
376,385,11,-1.4686,0.7818,-7.1922,-1.5738,0.9511,-7.2083,0.1887,0.199971848018665,0.4314,0.3922,0.1961,14.0106,2,-25.8172,"Tomato_30_1",2.07701999999999e-05,0.03,0.00011917584850965,"Tomato_30_1_21_Scenario_1A",21
93,386,0,-0.5601,0.0746,-17.6779,-0.5742,0.0989,-17.8759,0.1887,0.199983249298535,0.4314,0.3922,0.1961,14.0176,1,-15.1496,"Tomato_30_1",2.19041999999998e-05,0.03,0.000222331219442066,"Tomato_30_1_21_Scenario_1A",21
374,387,6,1.5234,1.2624,-9.3969,1.5225,1.2739,-9.5966,0.1887,0.20003287229853,0.4314,0.3922,0.1961,14.0266,2,-23.4289,"Tomato_30_1",2.33621999999999e-05,0.03,0.000178706177268307,"Tomato_30_1_21_Scenario_1A",21
373,388,1,-3.1314,-4.8465,-8.9143,-3.0822,-4.8904,-9.1031,0.1887,0.199983224296438,0.4314,0.3922,0.1961,14.0327,2,-23.9224,"Tomato_30_1",2.43503999999999e-05,0.03,0.000213823250531315,"Tomato_30_1_21_Scenario_1A",21
377,389,7,-2.0116,-3.1846,-7.6685,-2.1218,-3.2321,-7.8284,0.1887,0.199920734292369,0.4314,0.3922,0.1961,14.0357,2,-25.1971,"Tomato_30_1",2.48363999999999e-05,0.03,0.000178109149188987,"Tomato_30_1_21_Scenario_1A",21
379,390,8,0.2076,-3.1531,-7.7965,0.2428,-3.2529,-7.9661,0.1887,0.199908078876268,0.4314,0.3922,0.1961,14.0421,2,-25.0594,"Tomato_30_1",2.58731999999998e-05,0.03,0.000174684122473297,"Tomato_30_1_21_Scenario_1A",21
375,391,3,4.0242,2.7088,-7.5822,4.046,2.8382,-7.7331,0.1887,0.199976023562826,0.4314,0.3922,0.1961,14.0452,2,-25.2924,"Tomato_30_1",2.63753999999998e-05,0.03,0.000238347071391721,"Tomato_30_1_21_Scenario_1A",21
380,392,9,2.097,1.1007,-7.6278,2.2518,1.1035,-7.7544,0.1887,0.199996099961975,0.4314,0.3922,0.1961,14.0518,2,-25.2711,"Tomato_30_1",2.74445999999999e-05,0.03,0.000176477525660129,"Tomato_30_1_21_Scenario_1A",21
378,393,2,1.3843,-2.86,-9.2745,1.3706,-2.8155,-9.469,0.1887,0.199995474948809,0.4314,0.3922,0.1961,14.0713,2,-23.5565,"Tomato_30_1",3.06036e-05,0.03,0.000279861312352087,"Tomato_30_1_21_Scenario_1A",21
381,394,12,-0.2944,-0.8144,-7.456,-0.2873,-1.0123,-7.4835,0.1887,0.199927661918005,0.4314,0.3922,0.1961,14.0804,2,-25.542,"Tomato_30_1",3.20777999999997e-05,0.03,0.000175739413993392,"Tomato_30_1_21_Scenario_1A",21
385,395,11,-1.5738,0.9511,-7.2083,-1.6857,1.1163,-7.223,0.1887,0.200071837098578,0.4314,0.3922,0.1961,14.1061,2,-25.8025,"Tomato_30_1",3.62411999999998e-05,0.03,0.000205670483265634,"Tomato_30_1_21_Scenario_1A",21
382,396,4,2.0368,0.447,-10.4789,2.0756,0.4376,-10.6748,0.1887,0.1999265114986,0.4314,0.3922,0.1961,14.1087,2,-22.3507,"Tomato_30_1",3.66624e-05,0.03,0.000311676906942711,"Tomato_30_1_21_Scenario_1A",21
384,397,10,-2.039,-0.6191,-8.0178,-2.1491,-0.5941,-8.1829,0.1887,0.200012549606269,0.4314,0.3922,0.1961,14.1087,2,-24.8426,"Tomato_30_1",3.66624e-05,0.03,0.000219740352611937,"Tomato_30_1_21_Scenario_1A",21
383,398,5,-2.2894,-1.3404,-9.3096,-2.2952,-1.3565,-9.5089,0.1887,0.200033347219908,0.4314,0.3922,0.1961,14.1235,2,-23.5166,"Tomato_30_1",3.90599999999998e-05,0.03,0.000311923605066287,"Tomato_30_1_21_Scenario_1A",21
387,399,6,1.5225,1.2739,-9.5966,1.5435,1.2784,-9.7954,0.1887,0.199956720317173,0.4314,0.3922,0.1961,14.1482,2,-23.2301,"Tomato_30_1",4.30613999999997e-05,0.03,0.000325993006812882,"Tomato_30_1_21_Scenario_1A",21
389,400,7,-2.1218,-3.2321,-7.8284,-2.2575,-3.263,-7.9721,0.1887,0.200047469366648,0.4314,0.3922,0.1961,14.1521,2,-25.0534,"Tomato_30_1",4.36932e-05,0.03,0.000310321536006008,"Tomato_30_1_21_Scenario_1A",21
390,401,8,0.2428,-3.2529,-7.9661,0.2879,-3.3312,-8.1445,0.1887,0.199978648860323,0.4314,0.3922,0.1961,14.1533,2,-24.881,"Tomato_30_1",4.38875999999998e-05,0.03,0.000293292764864533,"Tomato_30_1_21_Scenario_1A",21
388,402,1,-3.0822,-4.8904,-9.1031,-3.0644,-4.9344,-9.2974,0.1887,0.200013324556141,0.4314,0.3922,0.1961,14.1614,2,-23.7281,"Tomato_30_1",4.51997999999999e-05,0.03,0.000393128277326713,"Tomato_30_1_21_Scenario_1A",21
392,403,9,2.2518,1.1035,-7.7544,2.4171,1.1032,-7.867,0.1887,0.200007349864949,0.4314,0.3922,0.1961,14.1677,2,-25.1585,"Tomato_30_1",4.62203999999998e-05,0.03,0.00029408239837388,"Tomato_30_1_21_Scenario_1A",21
394,404,12,-0.2873,-1.0123,-7.4835,-0.3219,-1.198,-7.5493,0.1887,0.200028223008654,0.4314,0.3922,0.1961,14.1742,2,-25.4762,"Tomato_30_1",4.72734e-05,0.03,0.000256123987738755,"Tomato_30_1_21_Scenario_1A",21
391,405,3,4.046,2.8382,-7.7331,4.0859,2.9654,-7.8822,0.1887,0.200006649889447,0.4314,0.3922,0.1961,14.1802,2,-25.1433,"Tomato_30_1",4.82453999999997e-05,0.03,0.000431964067517341,"Tomato_30_1_21_Scenario_1A",21
31,406,13,-0.1574,-0.0627,-7.7413,0.008,-0.1046,-7.8457,0.1887,0.200030322701335,0.4314,0.3922,0.1961,14.1903,2,-25.1798,"Tomato_30_1",4.98816e-05,0.03,0.000267038878602853,"Tomato_30_1_21_Scenario_1A",21
395,407,11,-1.6857,1.1163,-7.223,-1.7983,1.2789,-7.2522,0.1887,0.199925386081908,0.4314,0.3922,0.1961,14.2023,2,-25.7733,"Tomato_30_1",5.18255999999997e-05,0.03,0.00029051466735758,"Tomato_30_1_21_Scenario_1A",21
397,408,10,-2.1491,-0.5941,-8.1829,-2.2635,-0.5843,-8.3466,0.1887,0.199952719411365,0.4314,0.3922,0.1961,14.2123,2,-24.6789,"Tomato_30_1",5.34456e-05,0.03,0.000316703318436122,"Tomato_30_1_21_Scenario_1A",21
393,409,2,1.3706,-2.8155,-9.469,1.3567,-2.8228,-9.6684,0.1887,0.200017149264757,0.4314,0.3922,0.1961,14.2178,2,-23.3571,"Tomato_30_1",5.43365999999999e-05,0.03,0.000492717810829726,"Tomato_30_1_21_Scenario_1A",21
94,410,0,-0.5742,0.0989,-17.8759,-0.5942,0.1187,-18.0603,0.1887,0.186535251360165,0.4314,0.3922,0.1961,14.2251,1,-14.9652,"Tomato_30_1",5.55191999999998e-05,0.03,0.000531384055389191,"Tomato_30_1_21_Scenario_1A",21
396,411,4,2.0756,0.4376,-10.6748,2.1175,0.4323,-10.8703,0.1887,0.200009874756224,0.4314,0.3922,0.1961,14.2305,2,-22.1552,"Tomato_30_1",5.63939999999997e-05,0.03,0.000474786169528694,"Tomato_30_1_21_Scenario_1A",21
398,412,5,-2.2952,-1.3565,-9.5089,-2.3021,-1.3729,-9.7081,0.1887,0.199993024878369,0.4314,0.3922,0.1961,14.2455,2,-23.3174,"Tomato_30_1",5.88239999999998e-05,0.03,0.000464835935985945,"Tomato_30_1_21_Scenario_1A",21
401,413,8,0.2879,-3.3312,-8.1445,0.3349,-3.3935,-8.3287,0.1887,0.200049818795218,0.4314,0.3922,0.1961,14.2654,2,-24.6968,"Tomato_30_1",6.20477999999998e-05,0.03,0.000410414774351077,"Tomato_30_1_21_Scenario_1A",21
404,414,12,-0.3219,-1.198,-7.5493,-0.3493,-1.3758,-7.6368,0.1887,0.200049618844926,0.4314,0.3922,0.1961,14.2686,2,-25.3887,"Tomato_30_1",6.25661999999997e-05,0.03,0.000335074926882127,"Tomato_30_1_21_Scenario_1A",21
400,415,7,-2.2575,-3.263,-7.9721,-2.3906,-3.3036,-8.1158,0.1887,0.200034147084942,0.4314,0.3922,0.1961,14.2695,2,-24.9097,"Tomato_30_1",6.2712e-05,0.03,0.00044078568077638,"Tomato_30_1_21_Scenario_1A",21
399,416,6,1.5435,1.2784,-9.7954,1.5438,1.2807,-9.9954,0.1887,0.200013449547773,0.4314,0.3922,0.1961,14.2708,2,-23.0301,"Tomato_30_1",6.29225999999998e-05,0.03,0.000471732626103392,"Tomato_30_1_21_Scenario_1A",21
403,417,9,2.4171,1.1032,-7.867,2.5726,1.0853,-7.9915,0.1887,0.200002274987061,0.4314,0.3922,0.1961,14.2845,2,-25.034,"Tomato_30_1",6.51419999999998e-05,0.03,0.00041005874488426,"Tomato_30_1_21_Scenario_1A",21
402,418,1,-3.0644,-4.9344,-9.2974,-3.0778,-4.9749,-9.4928,0.1887,0.2000024249853,0.4314,0.3922,0.1961,14.2913,2,-23.5327,"Tomato_30_1",6.62435999999998e-05,0.03,0.000570546954931551,"Tomato_30_1_21_Scenario_1A",21
406,419,13,0.008,-0.1046,-7.8457,0.1741,-0.1459,-7.9492,0.1887,0.200017874201283,0.4314,0.3922,0.1961,14.2959,2,-25.0763,"Tomato_30_1",6.69887999999998e-05,0.03,0.000354586672603527,"Tomato_30_1_21_Scenario_1A",21
407,420,11,-1.7983,1.2789,-7.2522,-1.9257,1.4223,-7.3087,0.1887,0.199966422181325,0.4314,0.3922,0.1961,14.2992,2,-25.7168,"Tomato_30_1",6.75234e-05,0.03,0.00037421219156861,"Tomato_30_1_21_Scenario_1A",21
405,421,3,4.0859,2.9654,-7.8822,4.1142,3.0822,-8.0421,0.1887,0.200027848061213,0.4314,0.3922,0.1961,14.3165,2,-24.9834,"Tomato_30_1",7.03259999999998e-05,0.03,0.000623824154515215,"Tomato_30_1_21_Scenario_1A",21
408,422,10,-2.2635,-0.5843,-8.3466,-2.3598,-0.5814,-8.5219,0.1887,0.20003047267854,0.4314,0.3922,0.1961,14.3166,2,-24.5036,"Tomato_30_1",7.03421999999997e-05,0.03,0.000412372712887052,"Tomato_30_1_21_Scenario_1A",21
411,423,4,2.1175,0.4323,-10.8703,2.1594,0.4266,-11.0658,0.1887,0.200020873910699,0.4314,0.3922,0.1961,14.3532,2,-21.9597,"Tomato_30_1",7.62713999999997e-05,0.03,0.000635688204917159,"Tomato_30_1_21_Scenario_1A",21
414,424,12,-0.3493,-1.3758,-7.6368,-0.4014,-1.5627,-7.6853,0.1887,0.199995674953235,0.4314,0.3922,0.1961,14.3637,2,-25.3402,"Tomato_30_1",7.79723999999998e-05,0.03,0.000412602657993878,"Tomato_30_1_21_Scenario_1A",21
409,425,2,1.3567,-2.8228,-9.6684,1.343,-2.8452,-9.8667,0.1887,0.20003084762106,0.4314,0.3922,0.1961,14.366,2,-23.1588,"Tomato_30_1",7.83449999999998e-05,0.03,0.000704434344223282,"Tomato_30_1_21_Scenario_1A",21
412,426,5,-2.3021,-1.3729,-9.7081,-2.3019,-1.3862,-9.9076,0.1887,0.199942941860922,0.4314,0.3922,0.1961,14.3684,2,-23.1179,"Tomato_30_1",7.87337999999998e-05,0.03,0.000615615179256584,"Tomato_30_1_21_Scenario_1A",21
413,427,8,0.3349,-3.3935,-8.3287,0.3718,-3.464,-8.5122,0.1887,0.200010274736075,0.4314,0.3922,0.1961,14.3784,2,-24.5133,"Tomato_30_1",8.03537999999997e-05,0.03,0.000525766329183226,"Tomato_30_1_21_Scenario_1A",21
415,428,7,-2.3906,-3.3036,-8.1158,-2.5181,-3.3027,-8.2699,0.1887,0.200009674765997,0.4314,0.3922,0.1961,14.3878,2,-24.7556,"Tomato_30_1",8.18765999999999e-05,0.03,0.000569492688420302,"Tomato_30_1_21_Scenario_1A",21
416,429,6,1.5438,1.2807,-9.9954,1.549,1.2837,-10.1953,0.1887,0.199990124756198,0.4314,0.3922,0.1961,14.3944,2,-22.8302,"Tomato_30_1",8.29457999999997e-05,0.03,0.000615570902165395,"Tomato_30_1_21_Scenario_1A",21
420,430,11,-1.9257,1.4223,-7.3087,-2.0676,1.5588,-7.344,0.1887,0.200034871959866,0.4314,0.3922,0.1961,14.3968,2,-25.6815,"Tomato_30_1",8.33346e-05,0.03,0.000456640549904732,"Tomato_30_1_21_Scenario_1A",21
417,431,9,2.5726,1.0853,-7.9915,2.7206,1.0989,-8.1253,0.1887,0.19997849884425,0.4314,0.3922,0.1961,14.402,2,-24.9002,"Tomato_30_1",8.41769999999997e-05,0.03,0.000524182968707724,"Tomato_30_1_21_Scenario_1A",21
419,432,13,0.1741,-0.1459,-7.9492,0.3414,-0.1724,-8.0554,0.1887,0.199924935913457,0.4314,0.3922,0.1961,14.4023,2,-24.9701,"Tomato_30_1",8.42255999999999e-05,0.03,0.000440623626502799,"Tomato_30_1_21_Scenario_1A",21
422,433,10,-2.3598,-0.5814,-8.5219,-2.4544,-0.5759,-8.6981,0.1887,0.200064614562396,0.4314,0.3922,0.1961,14.4217,2,-24.3274,"Tomato_30_1",8.73683999999998e-05,0.03,0.00050659390553195,"Tomato_30_1_21_Scenario_1A",21
418,434,1,-3.0778,-4.9749,-9.4928,-3.0972,-5.0055,-9.6895,0.1887,0.200009024796382,0.4314,0.3922,0.1961,14.4224,2,-23.336,"Tomato_30_1",8.74817999999998e-05,0.03,0.000746203520635202,"Tomato_30_1_21_Scenario_1A",21
95,435,0,-0.5942,0.1187,-18.0603,-0.591,0.1152,-18.2602,0.1887,0.199956245213796,0.4314,0.3922,0.1961,14.4487,1,-14.7653,"Tomato_30_1",9.17423999999999e-05,0.03,0.000919710679420069,"Tomato_30_1_21_Scenario_1A",21
421,436,3,4.1142,3.0822,-8.0421,4.1302,3.1285,-8.236,0.1887,0.199992249849839,0.4314,0.3922,0.1961,14.454,2,-24.7895,"Tomato_30_1",9.2601e-05,0.03,0.0008135854107637,"Tomato_30_1_21_Scenario_1A",21
424,437,12,-0.4014,-1.5627,-7.6853,-0.4587,-1.7372,-7.7645,0.1887,0.20001544940329,0.4314,0.3922,0.1961,14.4595,2,-25.261,"Tomato_30_1",9.34919999999999e-05,0.03,0.000488999867579615,"Tomato_30_1_21_Scenario_1A",21
423,438,4,2.1594,0.4266,-11.0658,2.1391,0.4535,-11.263,0.1887,0.200058841344241,0.4314,0.3922,0.1961,14.477,2,-21.7625,"Tomato_30_1",9.63269999999999e-05,0.03,0.000794901798180705,"Tomato_30_1_21_Scenario_1A",21
426,439,5,-2.3019,-1.3862,-9.9076,-2.3144,-1.4059,-10.1063,0.1887,0.200065064416553,0.4314,0.3922,0.1961,14.4921,2,-22.9192,"Tomato_30_1",9.87732e-05,0.03,0.000764840819382154,"Tomato_30_1_21_Scenario_1A",21
427,440,8,0.3718,-3.464,-8.5122,0.4259,-3.5464,-8.6862,0.1887,0.199981424137343,0.4314,0.3922,0.1961,14.4923,2,-24.3393,"Tomato_30_1",9.88055999999999e-05,0.03,0.000639569353507776,"Tomato_30_1_21_Scenario_1A",21
430,441,11,-2.0676,1.5588,-7.344,-2.2264,1.6734,-7.3846,0.1887,0.1999973999831,0.4314,0.3922,0.1961,14.495,2,-25.6409,"Tomato_30_1",9.92429999999997e-05,0.03,0.00053740566818904,"Tomato_30_1_21_Scenario_1A",21
428,442,7,-2.5181,-3.3027,-8.2699,-2.6622,-3.3119,-8.4083,0.1887,0.200010024748761,0.4314,0.3922,0.1961,14.507,2,-24.6172,"Tomato_30_1",0.000101187,0.03,0.000696576056514316,"Tomato_30_1_21_Scenario_1A",21
432,443,13,0.3414,-0.1724,-8.0554,0.496,-0.226,-8.1704,0.1887,0.1999977999879,0.4314,0.3922,0.1961,14.5095,2,-24.8551,"Tomato_30_1",0.000101592,0.03,0.000525714108991298,"Tomato_30_1_21_Scenario_1A",21
425,444,2,1.343,-2.8452,-9.8667,1.3263,-2.89,-10.0609,0.1887,0.199998924997111,0.4314,0.3922,0.1961,14.5159,2,-22.9646,"Tomato_30_1",0.0001026288,0.03,0.000914840514682008,"Tomato_30_1_21_Scenario_1A",21
429,445,6,1.549,1.2837,-10.1953,1.569,1.2657,-10.3935,0.1887,0.200018099181049,0.4314,0.3922,0.1961,14.5191,2,-22.632,"Tomato_30_1",0.0001031472,0.03,0.000757984449329448,"Tomato_30_1_21_Scenario_1A",21
431,446,9,2.7206,1.0989,-8.1253,2.8572,1.1196,-8.2698,0.1887,0.19992073429237,0.4314,0.3922,0.1961,14.5203,2,-24.7557,"Tomato_30_1",0.0001033416,0.03,0.00063650881226432,"Tomato_30_1_21_Scenario_1A",21
433,447,10,-2.4544,-0.5759,-8.6981,-2.5419,-0.5771,-8.8779,0.1887,0.199964321817668,0.4314,0.3922,0.1961,14.5277,2,-24.1476,"Tomato_30_1",0.0001045404,0.03,0.000599151037869639,"Tomato_30_1_21_Scenario_1A",21
434,448,1,-3.0972,-5.0055,-9.6895,-3.1515,-5.0034,-9.8819,0.1887,0.199926636544508,0.4314,0.3922,0.1961,14.5547,2,-23.1436,"Tomato_30_1",0.0001089144,0.03,0.000919694776858989,"Tomato_30_1_21_Scenario_1A",21
437,449,12,-0.4587,-1.7372,-7.7645,-0.5208,-1.911,-7.8416,0.1887,0.200018149176518,0.4314,0.3922,0.1961,14.556,2,-25.1839,"Tomato_30_1",0.000109125,0.03,0.000564116360454617,"Tomato_30_1_21_Scenario_1A",21
436,450,3,4.1302,3.1285,-8.236,4.1307,3.2009,-8.4224,0.1887,0.19996742234674,0.4314,0.3922,0.1961,14.5928,2,-24.6031,"Tomato_30_1",0.0001150866,0.03,0.00100161975025907,"Tomato_30_1_21_Scenario_1A",21
441,451,11,-2.2264,1.6734,-7.3846,-2.3899,1.77,-7.4475,0.1887,0.200050543613358,0.4314,0.3922,0.1961,14.594,2,-25.578,"Tomato_30_1",0.000115281,0.03,0.000617190230057169,"Tomato_30_1_21_Scenario_1A",21
438,452,4,2.1391,0.4535,-11.263,2.123,0.4325,-11.4612,0.1887,0.199958620719388,0.4314,0.3922,0.1961,14.6017,2,-21.5643,"Tomato_30_1",0.0001165284,0.03,0.000951486567225536,"Tomato_30_1_21_Scenario_1A",21
440,453,8,0.4259,-3.5464,-8.6862,0.464,-3.6493,-8.8534,0.1887,0.199989649732181,0.4314,0.3922,0.1961,14.6071,2,-24.1721,"Tomato_30_1",0.0001174032,0.03,0.000751978501063777,"Tomato_30_1_21_Scenario_1A",21
439,454,5,-2.3144,-1.4059,-10.1063,-2.2903,-1.4014,-10.3048,0.1887,0.200008274828819,0.4314,0.3922,0.1961,14.6166,2,-22.7207,"Tomato_30_1",0.0001189422,0.03,0.000911348115094178,"Tomato_30_1_21_Scenario_1A",21
443,455,13,0.496,-0.226,-8.1704,0.649,-0.2769,-8.2888,0.1887,0.200045919728446,0.4314,0.3922,0.1961,14.6174,2,-24.7367,"Tomato_30_1",0.0001190718,0.03,0.000609431667185965,"Tomato_30_1_21_Scenario_1A",21
442,456,7,-2.6622,-3.3119,-8.4083,-2.8061,-3.3212,-8.5469,0.1887,0.200009149790703,0.4314,0.3922,0.1961,14.6272,2,-24.4786,"Tomato_30_1",0.0001206594,0.03,0.000822131289983858,"Tomato_30_1_21_Scenario_1A",21
447,457,10,-2.5419,-0.5771,-8.8779,-2.6199,-0.5766,-9.0621,0.1887,0.200034721985958,0.4314,0.3922,0.1961,14.6345,2,-23.9634,"Tomato_30_1",0.000121842,0.03,0.000690851785683477,"Tomato_30_1_21_Scenario_1A",21
446,458,9,2.8572,1.1196,-8.2698,2.9643,1.1474,-8.4364,0.1887,0.199997024977874,0.4314,0.3922,0.1961,14.6395,2,-24.5891,"Tomato_30_1",0.000122652,0.03,0.000747749736055353,"Tomato_30_1_21_Scenario_1A",21
445,459,6,1.569,1.2657,-10.3935,1.5581,1.2504,-10.5926,0.1887,0.199984274381762,0.4314,0.3922,0.1961,14.6449,2,-22.4329,"Tomato_30_1",0.0001235268,0.03,0.000898621404027293,"Tomato_30_1_21_Scenario_1A",21
34,460,14,-0.2064,-0.051,-8.1464,-0.3848,0.0069,-8.216,0.1887,0.200057816643089,0.4314,0.3922,0.1961,14.6482,2,-24.8095,"Tomato_30_1",0.0001240614,0.03,0.000629437792689315,"Tomato_30_1_21_Scenario_1A",21
449,461,12,-0.5208,-1.911,-7.8416,-0.5828,-2.0847,-7.9188,0.1887,0.199938815641186,0.4314,0.3922,0.1961,14.6532,2,-25.1067,"Tomato_30_1",0.0001248714,0.03,0.000637757665267186,"Tomato_30_1_21_Scenario_1A",21
444,462,2,1.3263,-2.89,-10.0609,1.2982,-2.9308,-10.2547,0.1887,0.20003172248421,0.4314,0.3922,0.1961,14.6676,2,-22.7708,"Tomato_30_1",0.0001272042,0.03,0.00112461680302443,"Tomato_30_1_21_Scenario_1A",21
96,463,0,-0.591,0.1152,-18.2602,-0.5885,0.111,-18.4601,0.1887,0.199959745949028,0.4314,0.3922,0.1961,14.6736,1,-14.5654,"Tomato_30_1",0.0001281762,0.03,0.0012609224833962,"Tomato_30_1_21_Scenario_1A",21
448,464,1,-3.1515,-5.0034,-9.8819,-3.232,-4.9922,-10.0647,0.1887,0.200053817759122,0.4314,0.3922,0.1961,14.6882,2,-22.9608,"Tomato_30_1",0.0001305414,0.03,0.00109248273753298,"Tomato_30_1_21_Scenario_1A",21
451,465,11,-2.3899,1.77,-7.4475,-2.5332,1.8633,-7.5512,0.1887,0.199983674333681,0.4314,0.3922,0.1961,14.6937,2,-25.4743,"Tomato_30_1",0.0001314324,0.03,0.000695316918919463,"Tomato_30_1_21_Scenario_1A",21
97,466,0,-0.5885,0.111,-18.4601,-0.5878,0.1103,-18.4884,0.1887,0.0283173091941993,0.4314,0.3922,0.1961,14.7055,1,-14.5371,"Tomato_30_1",0.000133344,0.03,0.000182628227011258,"Tomato_30_1_21_Scenario_1A",21
453,467,8,0.464,-3.6493,-8.8534,0.4949,-3.7455,-9.026,0.1887,0.200000024999998,0.4314,0.3922,0.1961,14.7229,2,-23.9995,"Tomato_30_1",0.0001361628,0.03,0.000863058133132467,"Tomato_30_1_21_Scenario_1A",21
455,468,13,0.649,-0.2769,-8.2888,0.7917,-0.366,-8.3969,0.1887,0.199969272639573,0.4314,0.3922,0.1961,14.726,2,-24.6286,"Tomato_30_1",0.000136665,0.03,0.000691442483193815,"Tomato_30_1_21_Scenario_1A",21
452,469,4,2.123,0.4325,-11.4612,2.1107,0.4123,-11.6598,0.1887,0.200003224974,0.4314,0.3922,0.1961,14.7275,2,-21.3657,"Tomato_30_1",0.000136908,0.03,0.00110702256051908,"Tomato_30_1_21_Scenario_1A",21
450,470,3,4.1307,3.2009,-8.4224,4.1657,3.2713,-8.6063,0.1887,0.200000924997861,0.4314,0.3922,0.1961,14.7328,2,-24.4192,"Tomato_30_1",0.0001377666,0.03,0.00118817604315483,"Tomato_30_1_21_Scenario_1A",21
454,471,5,-2.2903,-1.4014,-10.3048,-2.2885,-1.3943,-10.5046,0.1887,0.199934214180565,0.4314,0.3922,0.1961,14.742,2,-22.5209,"Tomato_30_1",0.000139257,0.03,0.0010558005583544,"Tomato_30_1_21_Scenario_1A",21
457,472,10,-2.6199,-0.5766,-9.0621,-2.6869,-0.5798,-9.2505,0.1887,0.19998449939933,0.4314,0.3922,0.1961,14.7422,2,-23.775,"Tomato_30_1",0.0001392894,0.03,0.000780926230074466,"Tomato_30_1_21_Scenario_1A",21
456,473,7,-2.8061,-3.3212,-8.5469,-2.9421,-3.3233,-8.6934,0.1887,0.199906628204269,0.4314,0.3922,0.1961,14.7484,2,-24.3321,"Tomato_30_1",0.0001402938,0.03,0.000945741450482726,"Tomato_30_1_21_Scenario_1A",21
461,474,12,-0.5828,-2.0847,-7.9188,-0.6542,-2.2405,-8.022,0.1887,0.200054592549134,0.4314,0.3922,0.1961,14.7512,2,-25.0035,"Tomato_30_1",0.0001407474,0.03,0.000710937134556581,"Tomato_30_1_21_Scenario_1A",21
460,475,14,-0.3848,0.0069,-8.216,-0.5787,0.0555,-8.2216,0.1887,0.19997632359857,0.4314,0.3922,0.1961,14.7554,2,-24.8039,"Tomato_30_1",0.0001414278,0.03,0.000709163583535043,"Tomato_30_1_21_Scenario_1A",21
458,476,9,2.9643,1.1474,-8.4364,3.0694,1.1783,-8.6038,0.1887,0.200058941314802,0.4314,0.3922,0.1961,14.7595,2,-24.4217,"Tomato_30_1",0.000142092,0.03,0.000857445129139584,"Tomato_30_1_21_Scenario_1A",21
459,477,6,1.5581,1.2504,-10.5926,1.5549,1.2224,-10.7906,0.1887,0.199995599951599,0.4314,0.3922,0.1961,14.7717,2,-22.2349,"Tomato_30_1",0.0001440684,0.03,0.00103785733922906,"Tomato_30_1_21_Scenario_1A",21
465,478,11,-2.5332,1.8633,-7.5512,-2.6848,1.9663,-7.6312,0.1887,0.199978898886858,0.4314,0.3922,0.1961,14.7941,2,-25.3943,"Tomato_30_1",0.0001476972,0.03,0.000772395260326328,"Tomato_30_1_21_Scenario_1A",21
462,479,2,1.2982,-2.9308,-10.2547,1.2739,-2.9747,-10.4482,0.1887,0.199899849924906,0.4314,0.3922,0.1961,14.821,2,-22.5773,"Tomato_30_1",0.000152055,0.03,0.00133238977978448,"Tomato_30_1_21_Scenario_1A",21
464,480,1,-3.232,-4.9922,-10.0647,-3.3039,-4.954,-10.2474,0.1887,0.2000203489648,0.4314,0.3922,0.1961,14.8229,2,-22.7781,"Tomato_30_1",0.0001523628,0.03,0.00126285481555799,"Tomato_30_1_21_Scenario_1A",21
468,481,13,0.7917,-0.366,-8.3969,0.9301,-0.4591,-8.5072,0.1887,0.199970647846127,0.4314,0.3922,0.1961,14.8355,2,-24.5183,"Tomato_30_1",0.000154404,0.03,0.000772592267108367,"Tomato_30_1_21_Scenario_1A",21
467,482,8,0.4949,-3.7455,-9.026,0.5205,-3.842,-9.1994,0.1887,0.200087905681479,0.4314,0.3922,0.1961,14.8396,2,-23.8261,"Tomato_30_1",0.0001550682,0.03,0.000973135894536929,"Tomato_30_1_21_Scenario_1A",21
474,483,12,-0.6542,-2.2405,-8.022,-0.727,-2.4116,-8.0954,0.1887,0.199906503145845,0.4314,0.3922,0.1961,14.8499,2,-24.9301,"Tomato_30_1",0.0001567368,0.03,0.000782033824145506,"Tomato_30_1_21_Scenario_1A",21
472,484,10,-2.6869,-0.5798,-9.2505,-2.7144,-0.6218,-9.4441,0.1887,0.200003024977124,0.4314,0.3922,0.1961,14.8508,2,-23.5814,"Tomato_30_1",0.0001568826,0.03,0.000870089225077814,"Tomato_30_1_21_Scenario_1A",21
469,485,4,2.1107,0.4123,-11.6598,2.1265,0.4029,-11.8589,0.1887,0.199947017982264,0.4314,0.3922,0.1961,14.8543,2,-21.1666,"Tomato_30_1",0.0001574496,0.03,0.00126025449497575,"Tomato_30_1_21_Scenario_1A",21
475,486,14,-0.5787,0.0555,-8.2216,-0.7703,0.105,-8.2505,0.1887,0.199990049752481,0.4314,0.3922,0.1961,14.8634,2,-24.775,"Tomato_30_1",0.0001589238,0.03,0.000788034661336413,"Tomato_30_1_21_Scenario_1A",21
471,487,5,-2.2885,-1.3943,-10.5046,-2.3041,-1.4313,-10.7006,0.1887,0.200070887437428,0.4314,0.3922,0.1961,14.8683,2,-22.3249,"Tomato_30_1",0.0001597176,0.03,0.00119961569197593,"Tomato_30_1_21_Scenario_1A",21
473,488,7,-2.9421,-3.3233,-8.6934,-3.0797,-3.3271,-8.8385,0.1887,0.200005524923688,0.4314,0.3922,0.1961,14.8706,2,-24.187,"Tomato_30_1",0.0001600902,0.03,0.00106891179521166,"Tomato_30_1_21_Scenario_1A",21
470,489,3,4.1657,3.2713,-8.6063,4.1665,3.3271,-8.7984,0.1887,0.20004172064847,0.4314,0.3922,0.1961,14.8742,2,-24.2271,"Tomato_30_1",0.0001606734,0.03,0.00137344935752897,"Tomato_30_1_21_Scenario_1A",21
476,490,9,3.0694,1.1783,-8.6038,3.1608,1.2109,-8.7787,0.1887,0.200016824292359,0.4314,0.3922,0.1961,14.8804,2,-24.2468,"Tomato_30_1",0.0001616778,0.03,0.000965307940649279,"Tomato_30_1_21_Scenario_1A",21
478,491,11,-2.6848,1.9663,-7.6312,-2.8436,2.0604,-7.708,0.1887,0.199926211388102,0.4314,0.3922,0.1961,14.8952,2,-25.3175,"Tomato_30_1",0.0001640754,0.03,0.000848083616630623,"Tomato_30_1_21_Scenario_1A",21
477,492,6,1.5549,1.2224,-10.7906,1.5489,1.1992,-10.9892,0.1887,0.200040495900206,0.4314,0.3922,0.1961,14.8996,2,-22.0363,"Tomato_30_1",0.0001647882,0.03,0.00117592097922942,"Tomato_30_1_21_Scenario_1A",21
98,493,0,-0.5878,0.1103,-18.4884,-0.5775,0.1089,-18.6881,0.1887,0.199970347801868,0.4314,0.3922,0.1961,14.9317,1,-14.3374,"Tomato_30_1",0.0001699884,0.03,0.00170482376921076,"Tomato_30_1_21_Scenario_1A",21
481,494,13,0.9301,-0.4591,-8.5072,1.0499,-0.5468,-8.6412,0.1887,0.199998324992986,0.4314,0.3922,0.1961,14.9457,2,-24.3843,"Tomato_30_1",0.0001722564,0.03,0.000852648979723289,"Tomato_30_1_21_Scenario_1A",21
483,495,12,-0.727,-2.4116,-8.0954,-0.7941,-2.5676,-8.2011,0.1887,0.200027248143847,0.4314,0.3922,0.1961,14.9494,2,-24.8244,"Tomato_30_1",0.0001728558,0.03,0.000853172198955471,"Tomato_30_1_21_Scenario_1A",21
482,496,8,0.5205,-3.842,-9.1994,0.5505,-3.935,-9.3738,0.1887,0.199910880144127,0.4314,0.3922,0.1961,14.9572,2,-23.6517,"Tomato_30_1",0.0001741194,0.03,0.00108056996575254,"Tomato_30_1_21_Scenario_1A",21
480,497,1,-3.3039,-4.954,-10.2474,-3.3406,-4.8759,-10.4278,0.1887,0.199976648636783,0.4314,0.3922,0.1961,14.959,2,-22.5977,"Tomato_30_1",0.000174411,0.03,0.00143186225992427,"Tomato_30_1_21_Scenario_1A",21
484,498,10,-2.7144,-0.6218,-9.4441,-2.804,-0.6668,-9.6171,0.1887,0.199955395025991,0.4314,0.3922,0.1961,14.9602,2,-23.4084,"Tomato_30_1",0.0001746054,0.03,0.000957760482945086,"Tomato_30_1_21_Scenario_1A",21
486,499,14,-0.7703,0.105,-8.2505,-0.9627,0.1522,-8.278,0.1887,0.200004624946525,0.4314,0.3922,0.1961,14.972,2,-24.7475,"Tomato_30_1",0.000176517,0.03,0.000865653100860435,"Tomato_30_1_21_Scenario_1A",21
479,500,2,1.2739,-2.9747,-10.4482,1.2559,-3.0201,-10.6422,0.1887,0.200052893005826,0.4314,0.3922,0.1961,14.9763,2,-22.3833,"Tomato_30_1",0.0001772136,0.03,0.00154151967079623,"Tomato_30_1_21_Scenario_1A",21
485,501,4,2.1265,0.4029,-11.8589,2.1257,0.4155,-12.0585,0.1887,0.199998899996975,0.4314,0.3922,0.1961,14.9822,2,-20.967,"Tomato_30_1",0.0001781694,0.03,0.00141266765723015,"Tomato_30_1_21_Scenario_1A",21
488,502,7,-3.0797,-3.3271,-8.8385,-3.2518,-3.326,-8.9404,0.1887,0.200008074836993,0.4314,0.3922,0.1961,14.9938,2,-24.0851,"Tomato_30_1",0.00018,0.03,0.00119000546420962,"Tomato_30_1_21_Scenario_1A",21
487,503,5,-2.3041,-1.4313,-10.7006,-2.3201,-1.4543,-10.8986,0.1887,0.199972498109115,0.4314,0.3922,0.1961,14.9955,2,-22.1269,"Tomato_30_1",0.00018,0.03,0.00133795589809154,"Tomato_30_1_21_Scenario_1A",21
491,504,11,-2.8436,2.0604,-7.708,-2.9904,2.1729,-7.7842,0.1887,0.200032322388158,0.4314,0.3922,0.1961,14.9971,2,-25.2413,"Tomato_30_1",0.00018,0.03,0.000920441859180628,"Tomato_30_1_21_Scenario_1A",21
490,505,9,3.1608,1.2109,-8.7787,3.2347,1.267,-8.9558,0.1887,0.199932063461566,0.4314,0.3922,0.1961,15.0022,2,-24.0697,"Tomato_30_1",0.00018,0.03,0.00106326082557398,"Tomato_30_1_21_Scenario_1A",21
489,506,3,4.1665,3.3271,-8.7984,4.1689,3.3802,-8.9912,0.1887,0.199993024878367,0.4314,0.3922,0.1961,15.0169,2,-24.0343,"Tomato_30_1",0.00018,0.03,0.00152459069162,"Tomato_30_1_21_Scenario_1A",21
492,507,6,1.5489,1.1992,-10.9892,1.5225,1.1868,-11.1871,0.1887,0.200037821423849,0.4314,0.3922,0.1961,15.0286,2,-21.8384,"Tomato_30_1",0.00018,0.03,0.00127226097577564,"Tomato_30_1_21_Scenario_1A",21
495,508,12,-0.7941,-2.5676,-8.2011,-0.9047,-2.7093,-8.2888,0.1887,0.200006349899197,0.4314,0.3922,0.1961,15.0496,2,-24.7367,"Tomato_30_1",0.00018,0.03,0.00087836723786462,"Tomato_30_1_21_Scenario_1A",21
36,509,15,-0.2114,-0.0528,-8.5187,-0.0474,-0.1381,-8.5952,0.1887,0.200060840746009,0.4314,0.3922,0.1961,15.0515,2,-24.4303,"Tomato_30_1",0.00018,0.03,0.000872788379945412,"Tomato_30_1_21_Scenario_1A",21
494,510,13,1.0499,-0.5468,-8.6412,1.1703,-0.6346,-8.7747,0.1887,0.200068113401411,0.4314,0.3922,0.1961,15.0567,2,-24.2508,"Tomato_30_1",0.00018,0.03,0.000881711425598199,"Tomato_30_1_21_Scenario_1A",21
498,511,10,-2.804,-0.6668,-9.6171,-2.9088,-0.7479,-9.7669,0.1887,0.200000724998685,0.4314,0.3922,0.1961,15.0706,2,-23.2586,"Tomato_30_1",0.00018,0.03,0.000977130287603444,"Tomato_30_1_21_Scenario_1A",21
496,512,8,0.5505,-3.935,-9.3738,0.6348,-4.0575,-9.5076,0.1887,0.200037946400177,0.4314,0.3922,0.1961,15.0759,2,-23.5179,"Tomato_30_1",0.00018,0.03,0.0011065399027146,"Tomato_30_1_21_Scenario_1A",21
499,513,14,-0.9627,0.1522,-8.278,-1.1545,0.201,-8.2495,0.1887,0.199952319316381,0.4314,0.3922,0.1961,15.0812,2,-24.776,"Tomato_30_1",0.00018,0.03,0.000872876056537719,"Tomato_30_1_21_Scenario_1A",21
497,514,1,-3.3406,-4.8759,-10.4278,-3.3709,-4.7963,-10.6087,0.1887,0.199947643146901,0.4314,0.3922,0.1961,15.0963,2,-22.4168,"Tomato_30_1",0.00018,0.03,0.00146408452306658,"Tomato_30_1_21_Scenario_1A",21
504,515,11,-2.9904,2.1729,-7.7842,-3.1634,2.2718,-7.8017,0.1887,0.200041145767565,0.4314,0.3922,0.1961,15.0997,2,-25.2238,"Tomato_30_1",0.00018,0.03,0.000910289407255508,"Tomato_30_1_21_Scenario_1A",21
501,516,4,2.1257,0.4155,-12.0585,2.1231,0.4796,-12.248,0.1887,0.200064539586603,0.4314,0.3922,0.1961,15.1111,2,-20.7775,"Tomato_30_1",0.00018,0.03,0.00141409321315844,"Tomato_30_1_21_Scenario_1A",21
502,517,7,-3.2518,-3.326,-8.9404,-3.4268,-3.3237,-9.0373,0.1887,0.200049743813883,0.4314,0.3922,0.1961,15.118,2,-23.9882,"Tomato_30_1",0.00018,0.03,0.00117872400935104,"Tomato_30_1_21_Scenario_1A",21
503,518,5,-2.3201,-1.4543,-10.8986,-2.3282,-1.477,-11.0971,0.1887,0.199957870562776,0.4314,0.3922,0.1961,15.1236,2,-21.9284,"Tomato_30_1",0.00018,0.03,0.00132490310061193,"Tomato_30_1_21_Scenario_1A",21
505,519,9,3.2347,1.267,-8.9558,3.3028,1.312,-9.1384,0.1887,0.200013424549454,0.4314,0.3922,0.1961,15.1248,2,-23.8871,"Tomato_30_1",0.00018,0.03,0.00105300099361632,"Tomato_30_1_21_Scenario_1A",21
500,520,2,1.2559,-3.0201,-10.6422,1.2377,-3.0659,-10.836,0.1887,0.199968297487376,0.4314,0.3922,0.1961,15.1336,2,-22.1895,"Tomato_30_1",0.00018,0.03,0.0015528186072968,"Tomato_30_1_21_Scenario_1A",21
509,521,15,-0.0474,-0.1381,-8.5952,0.095,-0.2376,-8.6943,0.1887,0.199997049978243,0.4314,0.3922,0.1961,15.1414,2,-24.3312,"Tomato_30_1",0.00018,0.03,0.000862071989661399,"Tomato_30_1_21_Scenario_1A",21
508,522,12,-0.9047,-2.7093,-8.2888,-1.0146,-2.8504,-8.3783,0.1887,0.199993674899983,0.4314,0.3922,0.1961,15.1506,2,-24.6472,"Tomato_30_1",0.00018,0.03,0.000868587226536047,"Tomato_30_1_21_Scenario_1A",21
99,523,0,-0.5775,0.1089,-18.6881,-0.5556,0.0975,-18.8831,0.1887,0.196556785688004,0.4314,0.3922,0.1961,15.1551,1,-14.1424,"Tomato_30_1",0.00018,0.03,0.00176866647515925,"Tomato_30_1_21_Scenario_1A",21
507,524,6,1.5225,1.1868,-11.1871,1.5326,1.1658,-11.3857,0.1887,0.199962421469636,0.4314,0.3922,0.1961,15.1588,2,-21.6398,"Tomato_30_1",0.00018,0.03,0.00125995165481358,"Tomato_30_1_21_Scenario_1A",21
506,525,3,4.1689,3.3802,-8.9912,4.1972,3.3974,-9.1884,0.1887,0.199961421279206,0.4314,0.3922,0.1961,15.161,2,-23.8371,"Tomato_30_1",0.00018,0.03,0.00151109111106245,"Tomato_30_1_21_Scenario_1A",21
510,526,13,1.1703,-0.6346,-8.7747,1.2929,-0.7202,-8.9075,0.1887,0.199984899429933,0.4314,0.3922,0.1961,15.1686,2,-24.118,"Tomato_30_1",0.00018,0.03,0.000872019670711703,"Tomato_30_1_21_Scenario_1A",21
511,527,10,-2.9088,-0.7479,-9.7669,-3.0177,-0.826,-9.9154,0.1887,0.200027673085501,0.4314,0.3922,0.1961,15.1819,2,-23.1101,"Tomato_30_1",0.00018,0.03,0.000967090402517345,"Tomato_30_1_21_Scenario_1A",21
513,528,14,-1.1545,0.201,-8.2495,-1.3493,0.2345,-8.2192,0.1887,0.199968447511101,0.4314,0.3922,0.1961,15.1912,2,-24.8063,"Tomato_30_1",0.00018,0.03,0.000863566982108469,"Tomato_30_1_21_Scenario_1A",21
512,529,8,0.6348,-4.0575,-9.5076,0.6996,-4.1923,-9.6404,0.1887,0.20001479945244,0.4314,0.3922,0.1961,15.1955,2,-23.3851,"Tomato_30_1",0.00018,0.03,0.00109548879772726,"Tomato_30_1_21_Scenario_1A",21
515,530,11,-3.1634,2.2718,-7.8017,-3.3375,2.3693,-7.8146,0.1887,0.199958670729728,0.4314,0.3922,0.1961,15.2031,2,-25.2109,"Tomato_30_1",0.00018,0.03,0.000899986068361664,"Tomato_30_1_21_Scenario_1A",21
521,531,15,0.095,-0.2376,-8.6943,0.2385,-0.3314,-8.7973,0.1887,0.199999224998498,0.4314,0.3922,0.1961,15.2319,2,-24.2282,"Tomato_30_1",0.00018,0.03,0.000851890098188483,"Tomato_30_1_21_Scenario_1A",21
514,532,1,-3.3709,-4.7963,-10.6087,-3.4075,-4.7033,-10.782,0.1887,0.200053617812825,0.4314,0.3922,0.1961,15.2349,2,-22.2435,"Tomato_30_1",0.00018,0.03,0.00145181802264717,"Tomato_30_1_21_Scenario_1A",21
516,533,4,2.1231,0.4796,-12.248,2.1071,0.533,-12.44,0.1887,0.19992888735748,0.4314,0.3922,0.1961,15.2412,2,-20.5855,"Tomato_30_1",0.00018,0.03,0.00139999009789419,"Tomato_30_1_21_Scenario_1A",21
517,534,7,-3.4268,-3.3237,-9.0373,-3.6006,-3.3202,-9.1361,0.1887,0.199950318829454,0.4314,0.3922,0.1961,15.2432,2,-23.8894,"Tomato_30_1",0.00018,0.03,0.00116695145476329,"Tomato_30_1_21_Scenario_1A",21
519,535,9,3.3028,1.312,-9.1384,3.3773,1.3599,-9.3178,0.1887,0.200072536846014,0.4314,0.3922,0.1961,15.2483,2,-23.7077,"Tomato_30_1",0.00018,0.03,0.00104291256633528,"Tomato_30_1_21_Scenario_1A",21
522,536,12,-1.0146,-2.8504,-8.3783,-1.115,-2.998,-8.4686,0.1887,0.200050018745313,0.4314,0.3922,0.1961,15.2524,2,-24.5569,"Tomato_30_1",0.00018,0.03,0.000859351065859366,"Tomato_30_1_21_Scenario_1A",21
518,537,5,-2.3282,-1.477,-11.0971,-2.3377,-1.4965,-11.2959,0.1887,0.199979848984842,0.4314,0.3922,0.1961,15.2526,2,-21.7296,"Tomato_30_1",0.00018,0.03,0.00131246907687366,"Tomato_30_1_21_Scenario_1A",21
526,538,13,1.2929,-0.7202,-8.9075,1.46,-0.7893,-8.9929,0.1887,0.19997594855382,0.4314,0.3922,0.1961,15.2813,2,-24.0326,"Tomato_30_1",0.00018,0.03,0.000862906298907098,"Tomato_30_1_21_Scenario_1A",21
524,539,6,1.5326,1.1658,-11.3857,1.5427,1.1453,-11.5844,0.1887,0.200009874756224,0.4314,0.3922,0.1961,15.2902,2,-21.4411,"Tomato_30_1",0.00018,0.03,0.00124877750284799,"Tomato_30_1_21_Scenario_1A",21
520,540,2,1.2377,-3.0659,-10.836,1.2194,-3.1117,-11.0298,0.1887,0.199977423725779,0.4314,0.3922,0.1961,15.2927,2,-21.9957,"Tomato_30_1",0.00018,0.03,0.00154105502749165,"Tomato_30_1_21_Scenario_1A",21
527,541,10,-3.0177,-0.826,-9.9154,-3.1198,-0.9336,-10.0496,0.1887,0.200029522821008,0.4314,0.3922,0.1961,15.2941,2,-22.9759,"Tomato_30_1",0.00018,0.03,0.000957202238972327,"Tomato_30_1_21_Scenario_1A",21
528,542,14,-1.3493,0.2345,-8.2192,-1.5395,0.2937,-8.201,0.1887,0.200029797780231,0.4314,0.3922,0.1961,15.3019,2,-24.8245,"Tomato_30_1",0.00018,0.03,0.000854693538259201,"Tomato_30_1_21_Scenario_1A",21
525,543,3,4.1972,3.3974,-9.1884,4.2478,3.4061,-9.3817,0.1887,0.200002349986195,0.4314,0.3922,0.1961,15.3064,2,-23.6438,"Tomato_30_1",0.00018,0.03,0.00149856873694106,"Tomato_30_1_21_Scenario_1A",21
530,544,11,-3.3375,2.3693,-7.8146,-3.4945,2.4832,-7.8634,0.1887,0.200009124791846,0.4314,0.3922,0.1961,15.3073,2,-25.1621,"Tomato_30_1",0.00018,0.03,0.000890539557253821,"Tomato_30_1_21_Scenario_1A",21
529,545,8,0.6996,-4.1923,-9.6404,0.7619,-4.3363,-9.7645,0.1887,0.200045244882251,0.4314,0.3922,0.1961,15.3161,2,-23.261,"Tomato_30_1",0.00018,0.03,0.00108504249943371,"Tomato_30_1_21_Scenario_1A",21
531,546,15,0.2385,-0.3314,-8.7973,0.3803,-0.4251,-8.9028,0.1887,0.200042945389234,0.4314,0.3922,0.1961,15.3231,2,-24.1227,"Tomato_30_1",0.00018,0.03,0.000842124167366654,"Tomato_30_1_21_Scenario_1A",21
536,547,12,-1.115,-2.998,-8.4686,-1.2182,-3.1425,-8.5607,0.1887,0.200032247400263,0.4314,0.3922,0.1961,15.355,2,-24.4648,"Tomato_30_1",0.00018,0.03,0.000850038383874912,"Tomato_30_1_21_Scenario_1A",21
534,548,7,-3.6006,-3.3202,-9.1361,-3.7744,-3.3269,-9.2348,0.1887,0.199982549238677,0.4314,0.3922,0.1961,15.3695,2,-23.7907,"Tomato_30_1",0.00018,0.03,0.00115628496291822,"Tomato_30_1_21_Scenario_1A",21
533,549,4,2.1071,0.533,-12.44,2.0924,0.5861,-12.6323,0.1887,0.20003747148972,0.4314,0.3922,0.1961,15.3723,2,-20.3932,"Tomato_30_1",0.00018,0.03,0.00138799848691357,"Tomato_30_1_21_Scenario_1A",21
535,550,9,3.3773,1.3599,-9.3178,3.4622,1.404,-9.4934,0.1887,0.199970447816671,0.4314,0.3922,0.1961,15.3728,2,-23.5321,"Tomato_30_1",0.00018,0.03,0.0010322838791378,"Tomato_30_1_21_Scenario_1A",21
532,551,1,-3.4075,-4.7033,-10.782,-3.4431,-4.6146,-10.9577,0.1887,0.200013849520477,0.4314,0.3922,0.1961,15.3749,2,-22.0678,"Tomato_30_1",0.00018,0.03,0.00143890049635169,"Tomato_30_1_21_Scenario_1A",21
537,552,5,-2.3377,-1.4965,-11.2959,-2.3507,-1.5003,-11.4955,0.1887,0.200058991300067,0.4314,0.3922,0.1961,15.3825,2,-21.53,"Tomato_30_1",0.00018,0.03,0.00130077433459594,"Tomato_30_1_21_Scenario_1A",21
100,553,0,-0.5556,0.0975,-18.8831,-0.534,0.0867,-19.0816,0.1887,0.199963621691549,0.4314,0.3922,0.1961,15.3838,1,-13.9439,"Tomato_30_1",0.00018,0.03,0.00176477194668271,"Tomato_30_1_21_Scenario_1A",21
538,554,13,1.46,-0.7893,-8.9929,1.5974,-0.8225,-9.1344,0.1887,0.200008124834967,0.4314,0.3922,0.1961,15.3948,2,-23.8911,"Tomato_30_1",0.00018,0.03,0.000854214377197554,"Tomato_30_1_21_Scenario_1A",21
541,555,10,-3.1198,-0.9336,-10.0496,-3.1886,-1.0768,-10.1711,0.1887,0.200004824941799,0.4314,0.3922,0.1961,15.4072,2,-22.8544,"Tomato_30_1",0.00018,0.03,0.000947461131778279,"Tomato_30_1_21_Scenario_1A",21
544,556,11,-3.4945,2.4832,-7.8634,-3.6692,2.5744,-7.8976,0.1887,0.200017924196808,0.4314,0.3922,0.1961,15.4122,2,-25.1279,"Tomato_30_1",0.00018,0.03,0.00088115671367508,"Tomato_30_1_21_Scenario_1A",21
542,557,14,-1.5395,0.2937,-8.201,-1.7319,0.3482,-8.1967,0.1887,0.200016249339897,0.4314,0.3922,0.1961,15.4133,2,-24.8288,"Tomato_30_1",0.00018,0.03,0.000845740017567394,"Tomato_30_1_21_Scenario_1A",21
546,558,15,0.3803,-0.4251,-8.9028,0.5346,-0.52,-8.9874,0.1887,0.199929137446246,0.4314,0.3922,0.1961,15.4148,2,-24.0381,"Tomato_30_1",0.00018,0.03,0.000831939786645914,"Tomato_30_1_21_Scenario_1A",21
539,559,6,1.5427,1.1453,-11.5844,1.5358,1.1077,-11.7807,0.1887,0.199987649618669,0.4314,0.3922,0.1961,15.4227,2,-21.2448,"Tomato_30_1",0.00018,0.03,0.00123752142354637,"Tomato_30_1_21_Scenario_1A",21
545,560,8,0.7619,-4.3363,-9.7645,0.8427,-4.4831,-9.8736,0.1887,0.199954219760425,0.4314,0.3922,0.1961,15.4378,2,-23.1519,"Tomato_30_1",0.00018,0.03,0.00107425079291218,"Tomato_30_1_21_Scenario_1A",21
543,561,3,4.2478,3.4061,-9.3817,4.293,3.4138,-9.5764,0.1887,0.200026048303714,0.4314,0.3922,0.1961,15.4533,2,-23.4491,"Tomato_30_1",0.00018,0.03,0.0014863375452576,"Tomato_30_1_21_Scenario_1A",21
540,562,2,1.2194,-3.1117,-11.0298,1.1968,-3.156,-11.2236,0.1887,0.200079209314711,0.4314,0.3922,0.1961,15.4539,2,-21.8019,"Tomato_30_1",0.00018,0.03,0.00153043447203625,"Tomato_30_1_21_Scenario_1A",21
547,563,12,-1.2182,-3.1425,-8.5607,-1.3252,-3.2847,-8.6519,0.1887,0.199968197471497,0.4314,0.3922,0.1961,15.4584,2,-24.3736,"Tomato_30_1",0.00018,0.03,0.000840776537144455,"Tomato_30_1_21_Scenario_1A",21
548,564,7,-3.7744,-3.3269,-9.2348,-3.9462,-3.3201,-9.3371,0.1887,0.200066913806356,0.4314,0.3922,0.1961,15.4969,2,-23.6884,"Tomato_30_1",0.00018,0.03,0.00114623962372328,"Tomato_30_1_21_Scenario_1A",21
550,565,9,3.4622,1.404,-9.4934,3.5299,1.4398,-9.6782,0.1887,0.200039921015782,0.4314,0.3922,0.1961,15.4981,2,-23.3473,"Tomato_30_1",0.00018,0.03,0.00102283719438279,"Tomato_30_1_21_Scenario_1A",21
549,566,4,2.0924,0.5861,-12.6323,2.0822,0.639,-12.8249,0.1887,0.199993024878368,0.4314,0.3922,0.1961,15.5046,2,-20.2006,"Tomato_30_1",0.00018,0.03,0.00137533379330552,"Tomato_30_1_21_Scenario_1A",21
558,567,15,0.5346,-0.52,-8.9874,0.6455,-0.5922,-9.1374,0.1887,0.200029122879645,0.4314,0.3922,0.1961,15.5072,2,-23.8881,"Tomato_30_1",0.00018,0.03,0.000822882874467741,"Tomato_30_1_21_Scenario_1A",21
554,568,13,1.5974,-0.8225,-9.1344,1.714,-0.8696,-9.2899,0.1887,0.199985549477956,0.4314,0.3922,0.1961,15.5092,2,-23.7356,"Tomato_30_1",0.00018,0.03,0.000845531012284804,"Tomato_30_1_21_Scenario_1A",21
552,569,5,-2.3507,-1.5003,-11.4955,-2.3273,-1.5085,-11.6939,0.1887,0.199943391988832,0.4314,0.3922,0.1961,15.5134,2,-21.3316,"Tomato_30_1",0.00018,0.03,0.00128818665492479,"Tomato_30_1_21_Scenario_1A",21
551,570,1,-3.4431,-4.6146,-10.9577,-3.4855,-4.5157,-11.1262,0.1887,0.199928037053336,0.4314,0.3922,0.1961,15.5163,2,-21.8993,"Tomato_30_1",0.00018,0.03,0.00142607283513822,"Tomato_30_1_21_Scenario_1A",21
556,571,11,-3.6692,2.5744,-7.8976,-3.8447,2.664,-7.9319,0.1887,0.200012249624867,0.4314,0.3922,0.1961,15.518,2,-25.0936,"Tomato_30_1",0.00018,0.03,0.000871960655659778,"Tomato_30_1_21_Scenario_1A",21
555,572,10,-3.1886,-1.0768,-10.1711,-3.2672,-1.2287,-10.2748,0.1887,0.200013149567723,0.4314,0.3922,0.1961,15.5213,2,-22.7507,"Tomato_30_1",0.00018,0.03,0.000938147294103977,"Tomato_30_1_21_Scenario_1A",21
557,573,14,-1.7319,0.3482,-8.1967,-1.9236,0.4038,-8.2091,0.1887,0.199985024439331,0.4314,0.3922,0.1961,15.5254,2,-24.8164,"Tomato_30_1",0.00018,0.03,0.000836955380495873,"Tomato_30_1_21_Scenario_1A",21
39,574,16,-0.2335,-0.0849,-8.9351,-0.2101,0.0853,-9.0375,0.1887,0.2000033999711,0.4314,0.3922,0.1961,15.5375,2,-23.988,"Tomato_30_1",0.00018,0.03,0.00083459736069411,"Tomato_30_1_21_Scenario_1A",21
559,575,6,1.5358,1.1077,-11.7807,1.5294,1.0724,-11.9775,0.1887,0.200043220330007,0.4314,0.3922,0.1961,15.5564,2,-21.048,"Tomato_30_1",0.00018,0.03,0.00122709626087944,"Tomato_30_1_21_Scenario_1A",21
560,576,8,0.8427,-4.4831,-9.8736,0.9259,-4.628,-9.9835,0.1887,0.199990649781433,0.4314,0.3922,0.1961,15.5605,2,-23.042,"Tomato_30_1",0.00018,0.03,0.00106445375175973,"Tomato_30_1_21_Scenario_1A",21
563,577,12,-1.3252,-3.2847,-8.6519,-1.488,-3.3827,-8.7144,0.1887,0.200035221898545,0.4314,0.3922,0.1961,15.5627,2,-24.3111,"Tomato_30_1",0.00018,0.03,0.000832304946198653,"Tomato_30_1_21_Scenario_1A",21
567,578,15,0.6455,-0.5922,-9.1374,0.7534,-0.6686,-9.2874,0.1887,0.199948418348333,0.4314,0.3922,0.1961,15.6002,2,-23.7381,"Tomato_30_1",0.00018,0.03,0.000813315282725266,"Tomato_30_1_21_Scenario_1A",21
561,579,3,4.293,3.4138,-9.5764,4.335,3.4146,-9.7719,0.1887,0.19996222143195,0.4314,0.3922,0.1961,15.6016,2,-23.2536,"Tomato_30_1",0.00018,0.03,0.00147388251007131,"Tomato_30_1_21_Scenario_1A",21
101,580,0,-0.534,0.0867,-19.0816,-0.5242,0.0697,-19.2772,0.1887,0.196581789594051,0.4314,0.3922,0.1961,15.6097,1,-13.7483,"Tomato_30_1",0.00018,0.03,0.00170552208433601,"Tomato_30_1_21_Scenario_1A",21
562,581,2,1.1968,-3.156,-11.2236,1.1845,-3.2063,-11.4167,0.1887,0.19992245996886,0.4314,0.3922,0.1961,15.6171,2,-21.6088,"Tomato_30_1",0.00018,0.03,0.0015182761902213,"Tomato_30_1_21_Scenario_1A",21
565,582,9,3.5299,1.4398,-9.6782,3.5915,1.4731,-9.8655,0.1887,0.19996184636075,0.4314,0.3922,0.1961,15.6244,2,-23.16,"Tomato_30_1",0.00018,0.03,0.00101292763785861,"Tomato_30_1_21_Scenario_1A",21
568,583,13,1.714,-0.8696,-9.2899,1.8279,-0.8963,-9.4521,0.1887,0.199987349599919,0.4314,0.3922,0.1961,15.6244,2,-23.5734,"Tomato_30_1",0.00018,0.03,0.000837192626300882,"Tomato_30_1_21_Scenario_1A",21
571,584,11,-3.8447,2.664,-7.9319,-4.0305,2.7172,-7.9834,0.1887,0.2000103247335,0.4314,0.3922,0.1961,15.6246,2,-25.0421,"Tomato_30_1",0.00018,0.03,0.00086302962039277,"Tomato_30_1_21_Scenario_1A",21
564,585,7,-3.9462,-3.3201,-9.3371,-4.133,-3.2959,-9.4044,0.1887,0.200022923686262,0.4314,0.3922,0.1961,15.6254,2,-23.6211,"Tomato_30_1",0.00018,0.03,0.00113578193023989,"Tomato_30_1_21_Scenario_1A",21
574,586,16,-0.2101,0.0853,-9.0375,-0.2046,0.2522,-9.1475,0.1887,0.199964646875392,0.4314,0.3922,0.1961,15.6361,2,-23.878,"Tomato_30_1",0.00018,0.03,0.000825331841855627,"Tomato_30_1_21_Scenario_1A",21
572,587,10,-3.2672,-1.2287,-10.2748,-3.3117,-1.3835,-10.3933,0.1887,0.199963846732353,0.4314,0.3922,0.1961,15.6365,2,-22.6322,"Tomato_30_1",0.00018,0.03,0.000928832902918253,"Tomato_30_1_21_Scenario_1A",21
566,588,4,2.0822,0.639,-12.8249,2.0663,0.721,-13.0066,0.1887,0.199979248923483,0.4314,0.3922,0.1961,15.6381,2,-20.0189,"Tomato_30_1",0.00018,0.03,0.00136327673150086,"Tomato_30_1_21_Scenario_1A",21
573,589,14,-1.9236,0.4038,-8.2091,-2.1171,0.4524,-8.2231,0.1887,0.200000524999311,0.4314,0.3922,0.1961,15.6382,2,-24.8024,"Tomato_30_1",0.00018,0.03,0.000828605488537168,"Tomato_30_1_21_Scenario_1A",21
569,590,5,-2.3273,-1.5085,-11.6939,-2.3063,-1.5108,-11.8928,0.1887,0.200018749121176,0.4314,0.3922,0.1961,15.6453,2,-21.1327,"Tomato_30_1",0.00018,0.03,0.00127719951708481,"Tomato_30_1_21_Scenario_1A",21
570,591,1,-3.4855,-4.5157,-11.1262,-3.5411,-4.4286,-11.2975,0.1887,0.200053642806122,0.4314,0.3922,0.1961,15.659,2,-21.728,"Tomato_30_1",0.00018,0.03,0.0014151555953912,"Tomato_30_1_21_Scenario_1A",21
577,592,12,-1.488,-3.3827,-8.7144,-1.6207,-3.4965,-8.8114,0.1887,0.199921809715699,0.4314,0.3922,0.1961,15.6678,2,-24.2141,"Tomato_30_1",0.00018,0.03,0.00082332229182899,"Tomato_30_1_21_Scenario_1A",21
576,593,8,0.9259,-4.628,-9.9835,1.0205,-4.7747,-10.0811,0.1887,0.199989524725672,0.4314,0.3922,0.1961,15.6843,2,-22.9444,"Tomato_30_1",0.00018,0.03,0.00105475702751583,"Tomato_30_1_21_Scenario_1A",21
575,594,6,1.5294,1.0724,-11.9775,1.5168,1.0365,-12.1738,0.1887,0.199953144511409,0.4314,0.3922,0.1961,15.6913,2,-20.8517,"Tomato_30_1",0.00018,0.03,0.00121612947823075,"Tomato_30_1_21_Scenario_1A",21
578,595,15,0.7534,-0.6686,-9.2874,0.8708,-0.7534,-9.4254,0.1887,0.200044495050476,0.4314,0.3922,0.1961,15.6939,2,-23.6001,"Tomato_30_1",0.00018,0.03,0.000804697257944915,"Tomato_30_1_21_Scenario_1A",21
584,596,11,-4.0305,2.7172,-7.9834,-4.1946,2.784,-8.0761,0.1887,0.199960846167444,0.4314,0.3922,0.1961,15.732,2,-24.9494,"Tomato_30_1",0.00018,0.03,0.000854142332342845,"Tomato_30_1_21_Scenario_1A",21
586,597,16,-0.2046,0.2522,-9.1475,-0.2059,0.4254,-9.2476,0.1887,0.200049843788991,0.4314,0.3922,0.1961,15.7354,2,-23.7779,"Tomato_30_1",0.00018,0.03,0.000816809712439422,"Tomato_30_1_21_Scenario_1A",21
583,598,13,1.8279,-0.8963,-9.4521,1.9509,-0.9181,-9.6084,0.1887,0.200084807019424,0.4314,0.3922,0.1961,15.7405,2,-23.4171,"Tomato_30_1",0.00018,0.03,0.000829486882095851,"Tomato_30_1_21_Scenario_1A",21
579,599,3,4.335,3.4146,-9.7719,4.3792,3.4306,-9.9663,0.1887,0.200002499984375,0.4314,0.3922,0.1961,15.7514,2,-23.0592,"Tomato_30_1",0.00018,0.03,0.00146261638064161,"Tomato_30_1_21_Scenario_1A",21
582,600,9,3.5915,1.4731,-9.8655,3.6565,1.5168,-10.0495,0.1887,0.199976723645528,0.4314,0.3922,0.1961,15.7516,2,-22.976,"Tomato_30_1",0.00018,0.03,0.00100378165288127,"Tomato_30_1_21_Scenario_1A",21
589,601,14,-2.1171,0.4524,-8.2231,-2.3128,0.4883,-8.2435,0.1887,0.200008649812952,0.4314,0.3922,0.1961,15.7518,2,-24.782,"Tomato_30_1",0.00018,0.03,0.000820459348009383,"Tomato_30_1_21_Scenario_1A",21
587,602,10,-3.3117,-1.3835,-10.3933,-3.3922,-1.5205,-10.5147,0.1887,0.199968022443589,0.4314,0.3922,0.1961,15.7526,2,-22.5108,"Tomato_30_1",0.00018,0.03,0.00092003423926155,"Tomato_30_1_21_Scenario_1A",21
585,603,7,-4.133,-3.2959,-9.4044,-4.3198,-3.2741,-9.4724,0.1887,0.199983699335721,0.4314,0.3922,0.1961,15.755,2,-23.5531,"Tomato_30_1",0.00018,0.03,0.00112568084566691,"Tomato_30_1_21_Scenario_1A",21
588,604,4,2.0663,0.721,-13.0066,2.0369,0.7601,-13.2006,0.1887,0.200072911709706,0.4314,0.3922,0.1961,15.7727,2,-19.8249,"Tomato_30_1",0.00018,0.03,0.00135233311509084,"Tomato_30_1_21_Scenario_1A",21
592,605,12,-1.6207,-3.4965,-8.8114,-1.7716,-3.5877,-8.9059,0.1887,0.20004624465358,0.4314,0.3922,0.1961,15.7737,2,-24.1196,"Tomato_30_1",0.00018,0.03,0.000815552853283078,"Tomato_30_1_21_Scenario_1A",21
590,606,5,-2.3063,-1.5108,-11.8928,-2.293,-1.5068,-12.0923,0.1887,0.199982849264631,0.4314,0.3922,0.1961,15.7781,2,-20.9332,"Tomato_30_1",0.00018,0.03,0.00126586190637859,"Tomato_30_1_21_Scenario_1A",21
581,607,2,1.1845,-3.2063,-11.4167,1.1801,-3.2616,-11.6089,0.1887,0.200045719774255,0.4314,0.3922,0.1961,15.7823,2,-21.4166,"Tomato_30_1",0.00018,0.03,0.00150867944929945,"Tomato_30_1_21_Scenario_1A",21
595,608,15,0.8708,-0.7534,-9.4254,0.9698,-0.8586,-9.5637,0.1887,0.199987324598336,0.4314,0.3922,0.1961,15.7882,2,-23.4618,"Tomato_30_1",0.00018,0.03,0.000795689083831416,"Tomato_30_1_21_Scenario_1A",21
591,609,1,-3.5411,-4.4286,-11.2975,-3.5948,-4.3418,-11.4695,0.1887,0.2000048249418,0.4314,0.3922,0.1961,15.8032,2,-21.556,"Tomato_30_1",0.00018,0.03,0.00140340034951695,"Tomato_30_1_21_Scenario_1A",21
593,610,8,1.0205,-4.7747,-10.0811,1.1117,-4.9222,-10.1807,0.1887,0.199984624408978,0.4314,0.3922,0.1961,15.8091,2,-22.8448,"Tomato_30_1",0.00018,0.03,0.00104534092720545,"Tomato_30_1_21_Scenario_1A",21
594,611,6,1.5168,1.0365,-12.1738,1.4661,0.9942,-12.3626,0.1887,0.200013049574272,0.4314,0.3922,0.1961,15.8275,2,-20.6629,"Tomato_30_1",0.00018,0.03,0.00120642338863309,"Tomato_30_1_21_Scenario_1A",21
597,612,16,-0.2059,0.4254,-9.2476,-0.2234,0.6117,-9.3181,0.1887,0.199960471093664,0.4314,0.3922,0.1961,15.8353,2,-23.7074,"Tomato_30_1",0.00018,0.03,0.000807807411269355,"Tomato_30_1_21_Scenario_1A",21
596,613,11,-4.1946,2.784,-8.0761,-4.3394,2.8582,-8.1924,0.1887,0.199995924958485,0.4314,0.3922,0.1961,15.8402,2,-24.8331,"Tomato_30_1",0.00018,0.03,0.000845860229566527,"Tomato_30_1_21_Scenario_1A",21
102,614,0,-0.5242,0.0697,-19.2772,-0.5121,0.0498,-19.4759,0.1887,0.200060265920046,0.4314,0.3922,0.1961,15.8407,1,-13.5496,"Tomato_30_1",0.00018,0.03,0.00180013085577638,"Tomato_30_1_21_Scenario_1A",21
598,615,13,1.9509,-0.9181,-9.6084,2.0719,-0.906,-9.7672,0.1887,0.200012124632484,0.4314,0.3922,0.1961,15.8575,2,-23.2583,"Tomato_30_1",0.00018,0.03,0.00082131032936895,"Tomato_30_1_21_Scenario_1A",21
601,616,14,-2.3128,0.4883,-8.2435,-2.5105,0.5103,-8.2645,0.1887,0.200025723345774,0.4314,0.3922,0.1961,15.8661,2,-24.761,"Tomato_30_1",0.00018,0.03,0.000812581893451134,"Tomato_30_1_21_Scenario_1A",21
602,617,10,-3.3922,-1.5205,-10.5147,-3.4982,-1.6329,-10.6417,0.1887,0.199996899975975,0.4314,0.3922,0.1961,15.8697,2,-22.3838,"Tomato_30_1",0.00018,0.03,0.000911608828203495,"Tomato_30_1_21_Scenario_1A",21
600,618,9,3.6565,1.5168,-10.0495,3.7102,1.5576,-10.2378,0.1887,0.200013049574272,0.4314,0.3922,0.1961,15.8799,2,-22.7877,"Tomato_30_1",0.00018,0.03,0.000995025444449531,"Tomato_30_1_21_Scenario_1A",21
605,619,12,-1.7716,-3.5877,-8.9059,-1.9089,-3.6643,-9.0294,0.1887,0.199927736945127,0.4314,0.3922,0.1961,15.8805,2,-23.9961,"Tomato_30_1",0.00018,0.03,0.000807024493422519,"Tomato_30_1_21_Scenario_1A",21
608,620,15,0.9698,-0.8586,-9.5637,1.0684,-0.9658,-9.7008,0.1887,0.200025523371393,0.4314,0.3922,0.1961,15.8831,2,-23.3247,"Tomato_30_1",0.00018,0.03,0.000787288097379785,"Tomato_30_1_21_Scenario_1A",21
603,621,7,-4.3198,-3.2741,-9.4724,-4.5073,-3.2499,-9.5376,0.1887,0.199982324218917,0.4314,0.3922,0.1961,15.8858,2,-23.4879,"Tomato_30_1",0.00018,0.03,0.00111611610547553,"Tomato_30_1_21_Scenario_1A",21
599,622,3,4.3792,3.4306,-9.9663,4.4198,3.4507,-10.1611,0.1887,0.19999852499456,0.4314,0.3922,0.1961,15.9026,2,-22.8644,"Tomato_30_1",0.00018,0.03,0.00145143964584122,"Tomato_30_1_21_Scenario_1A",21
604,623,4,2.0369,0.7601,-13.2006,2.0084,0.8164,-13.3904,0.1887,0.200014949441286,0.4314,0.3922,0.1961,15.9085,2,-19.6351,"Tomato_30_1",0.00018,0.03,0.00134074636976264,"Tomato_30_1_21_Scenario_1A",21
606,624,5,-2.293,-1.5068,-12.0923,-2.2882,-1.5085,-12.2922,0.1887,0.19996484691065,0.4314,0.3922,0.1961,15.9119,2,-20.7333,"Tomato_30_1",0.00018,0.03,0.00125500218884022,"Tomato_30_1_21_Scenario_1A",21
610,625,8,1.1117,-4.9222,-10.1807,1.2083,-5.0541,-10.2959,0.1887,0.200000524999311,0.4314,0.3922,0.1961,15.9351,2,-22.7296,"Tomato_30_1",0.00018,0.03,0.00103633024251408,"Tomato_30_1_21_Scenario_1A",21
612,626,16,-0.2234,0.6117,-9.3181,-0.233,0.8021,-9.3786,0.1887,0.200011424673692,0.4314,0.3922,0.1961,15.9359,2,-23.6469,"Tomato_30_1",0.00018,0.03,0.000799604414750981,"Tomato_30_1_21_Scenario_1A",21
609,627,1,-3.5948,-4.3418,-11.4695,-3.621,-4.2393,-11.6392,0.1887,0.199976948671591,0.4314,0.3922,0.1961,15.9488,2,-21.3863,"Tomato_30_1",0.00018,0.03,0.0013921979107451,"Tomato_30_1_21_Scenario_1A",21
613,628,11,-4.3394,2.8582,-8.1924,-4.4802,2.9353,-8.3117,0.1887,0.200003849962945,0.4314,0.3922,0.1961,15.9494,2,-24.7138,"Tomato_30_1",0.00018,0.03,0.000837701254358804,"Tomato_30_1_21_Scenario_1A",21
607,629,2,1.1801,-3.2616,-11.6089,1.1675,-3.3325,-11.7955,0.1887,0.200012824588825,0.4314,0.3922,0.1961,15.9498,2,-21.23,"Tomato_30_1",0.00018,0.03,0.00149832718888902,"Tomato_30_1_21_Scenario_1A",21
611,630,6,1.4661,0.9942,-12.3626,1.405,0.9685,-12.5513,0.1887,0.20000347496981,0.4314,0.3922,0.1961,15.9649,2,-20.4742,"Tomato_30_1",0.00018,0.03,0.00119663769527202,"Tomato_30_1_21_Scenario_1A",21
615,631,13,2.0719,-0.906,-9.7672,2.1977,-0.9296,-9.9208,0.1887,0.199938890664122,0.4314,0.3922,0.1961,15.9754,2,-23.1047,"Tomato_30_1",0.00018,0.03,0.000813373739969027,"Tomato_30_1_21_Scenario_1A",21
620,632,15,1.0684,-0.9658,-9.7008,1.1696,-1.0555,-9.8481,0.1887,0.199962046398811,0.4314,0.3922,0.1961,15.9787,2,-23.1774,"Tomato_30_1",0.00018,0.03,0.000778712485747892,"Tomato_30_1_21_Scenario_1A",21
616,633,14,-2.5105,0.5103,-8.2645,-2.7087,0.5215,-8.2884,0.1887,0.199949718679472,0.4314,0.3922,0.1961,15.9811,2,-24.7371,"Tomato_30_1",0.00018,0.03,0.00080456095104057,"Tomato_30_1_21_Scenario_1A",21
617,634,10,-3.4982,-1.6329,-10.6417,-3.6248,-1.718,-10.7711,0.1887,0.200034821968576,0.4314,0.3922,0.1961,15.9878,2,-22.2544,"Tomato_30_1",0.00018,0.03,0.000903479831263615,"Tomato_30_1_21_Scenario_1A",21
619,635,12,-1.9089,-3.6643,-9.0294,-2.0417,-3.7453,-9.1551,0.1887,0.199993324888606,0.4314,0.3922,0.1961,15.9882,2,-23.8704,"Tomato_30_1",0.00018,0.03,0.000799472109126454,"Tomato_30_1_21_Scenario_1A",21
41,636,17,-0.229,-0.0944,-9.3261,-0.0695,-0.1441,-9.4361,0.1887,0.200025848329659,0.4314,0.3922,0.1961,15.9891,2,-23.5894,"Tomato_30_1",0.00018,0.03,0.000804543065078176,"Tomato_30_1_21_Scenario_1A",21
618,637,9,3.7102,1.5576,-10.2378,3.7397,1.5889,-10.4331,0.1887,0.199980074007387,0.4314,0.3922,0.1961,16.009,2,-22.5924,"Tomato_30_1",0.00018,0.03,0.000986207328469993,"Tomato_30_1_21_Scenario_1A",21
621,638,7,-4.5073,-3.2499,-9.5376,-4.6923,-3.231,-9.6113,0.1887,0.200034746981619,0.4314,0.3922,0.1961,16.0177,2,-23.4142,"Tomato_30_1",0.00018,0.03,0.00110716565426462,"Tomato_30_1_21_Scenario_1A",21
626,639,16,-0.233,0.8021,-9.3786,-0.2374,0.9886,-9.4507,0.1887,0.200000049999993,0.4314,0.3922,0.1961,16.0371,2,-23.5748,"Tomato_30_1",0.00018,0.03,0.000791377264698772,"Tomato_30_1_21_Scenario_1A",21
623,640,4,2.0084,0.8164,-13.3904,1.9762,0.8596,-13.583,0.1887,0.199994599927099,0.4314,0.3922,0.1961,16.0455,2,-19.4425,"Tomato_30_1",0.00018,0.03,0.00132979987094919,"Tomato_30_1_21_Scenario_1A",21
624,641,5,-2.2882,-1.5085,-12.2922,-2.279,-1.5167,-12.4919,0.1887,0.200079909036365,0.4314,0.3922,0.1961,16.0467,2,-20.5336,"Tomato_30_1",0.00018,0.03,0.00124532715856411,"Tomato_30_1_21_Scenario_1A",21
622,642,3,4.4198,3.4507,-10.1611,4.4612,3.4693,-10.3559,0.1887,0.200017399243166,0.4314,0.3922,0.1961,16.0554,2,-22.6696,"Tomato_30_1",0.00018,0.03,0.00144084057718006,"Tomato_30_1_21_Scenario_1A",21
628,643,11,-4.4802,2.9353,-8.3117,-4.6036,3.0067,-8.452,0.1887,0.200024023557172,0.4314,0.3922,0.1961,16.0593,2,-24.5735,"Tomato_30_1",0.00018,0.03,0.000829830280944153,"Tomato_30_1_21_Scenario_1A",21
625,644,8,1.2083,-5.0541,-10.2959,1.3046,-5.1976,-10.3967,0.1887,0.20006643896466,0.4314,0.3922,0.1961,16.0621,2,-22.6288,"Tomato_30_1",0.00018,0.03,0.00102786819774521,"Tomato_30_1_21_Scenario_1A",21
103,645,0,-0.5121,0.0498,-19.4759,-0.5006,0.0276,-19.6743,0.1887,0.199969122616467,0.4314,0.3922,0.1961,16.0731,1,-13.3512,"Tomato_30_1",0.00018,0.03,0.00182002632018991,"Tomato_30_1_21_Scenario_1A",21
104,646,0,-0.5006,0.0276,-19.6743,-0.5006,0.0275,-19.6745,0.1887,0.000223606797749562,0.4314,0.3922,0.1961,16.0733,1,-13.351,"Tomato_30_1",0.00018,0.03,1.96715306700372e-06,"Tomato_30_1_21_Scenario_1A",21
632,647,15,1.1696,-1.0555,-9.8481,1.2529,-1.1358,-10.0113,0.1887,0.200053042966109,0.4314,0.3922,0.1961,16.075,2,-23.0142,"Tomato_30_1",0.00018,0.03,0.000770958436012518,"Tomato_30_1_21_Scenario_1A",21
636,648,17,-0.0695,-0.1441,-9.4361,0.0497,-0.199,-9.587,0.1887,0.199983649331639,0.4314,0.3922,0.1961,16.0882,2,-23.4385,"Tomato_30_1",0.00018,0.03,0.000796142432894718,"Tomato_30_1_21_Scenario_1A",21
631,649,13,2.1977,-0.9296,-9.9208,2.3236,-0.9524,-10.0745,0.1887,0.199985849499409,0.4314,0.3922,0.1961,16.0942,2,-22.951,"Tomato_30_1",0.00018,0.03,0.000806159053414596,"Tomato_30_1_21_Scenario_1A",21
627,650,1,-3.621,-4.2393,-11.6392,-3.6537,-4.225,-11.836,0.1887,0.200010049747506,0.4314,0.3922,0.1961,16.096,2,-21.1895,"Tomato_30_1",0.00018,0.03,0.00138181576281065,"Tomato_30_1_21_Scenario_1A",21
635,651,12,-2.0417,-3.7453,-9.1551,-2.1784,-3.8059,-9.288,0.1887,0.200054142671428,0.4314,0.3922,0.1961,16.0968,2,-23.7375,"Tomato_30_1",0.00018,0.03,0.000792120827690978,"Tomato_30_1_21_Scenario_1A",21
633,652,14,-2.7087,0.5215,-8.2884,-2.9073,0.5277,-8.3114,0.1887,0.200023498619538,0.4314,0.3922,0.1961,16.097,2,-24.7141,"Tomato_30_1",0.00018,0.03,0.000797371857426514,"Tomato_30_1_21_Scenario_1A",21
630,653,6,1.405,0.9685,-12.5513,1.3403,0.9384,-12.7381,0.1887,0.199965847083946,0.4314,0.3922,0.1961,16.1037,2,-20.2874,"Tomato_30_1",0.00018,0.03,0.00118702801510723,"Tomato_30_1_21_Scenario_1A",21
634,654,10,-3.6248,-1.718,-10.7711,-3.7545,-1.7757,-10.912,0.1887,0.200010474725701,0.4314,0.3922,0.1961,16.107,2,-22.1135,"Tomato_30_1",0.00018,0.03,0.000895325852996474,"Tomato_30_1_21_Scenario_1A",21
629,655,2,1.1675,-3.3325,-11.7955,1.1167,-3.4129,-11.9714,0.1887,0.199964021763915,0.4314,0.3922,0.1961,16.1194,2,-21.0541,"Tomato_30_1",0.00018,0.03,0.00148828820305305,"Tomato_30_1_21_Scenario_1A",21
639,656,16,-0.2374,0.9886,-9.4507,-0.2398,1.1751,-9.523,0.1887,0.200038246343043,0.4314,0.3922,0.1961,16.1391,2,-23.5025,"Tomato_30_1",0.00018,0.03,0.000783569892736188,"Tomato_30_1_21_Scenario_1A",21
637,657,9,3.7397,1.5889,-10.4331,3.8234,1.6229,-10.6116,0.1887,0.200059841047622,0.4314,0.3922,0.1961,16.1392,2,-22.4139,"Tomato_30_1",0.00018,0.03,0.000978222967567981,"Tomato_30_1_21_Scenario_1A",21
638,658,7,-4.6923,-3.231,-9.6113,-4.8768,-3.2157,-9.6869,0.1887,0.19997424834213,0.4314,0.3922,0.1961,16.1508,2,-23.3386,"Tomato_30_1",0.00018,0.03,0.00109790571979042,"Tomato_30_1_21_Scenario_1A",21
643,659,11,-4.6036,3.0067,-8.452,-4.7221,3.107,-8.578,0.1887,0.199945842667458,0.4314,0.3922,0.1961,16.1702,2,-24.4475,"Tomato_30_1",0.00018,0.03,0.000821790745105238,"Tomato_30_1_21_Scenario_1A",21
647,660,15,1.2529,-1.1358,-10.0113,1.3213,-1.2529,-10.1583,0.1887,0.199999924999986,0.4314,0.3922,0.1961,16.172,2,-22.8672,"Tomato_30_1",0.00018,0.03,0.000762866058951515,"Tomato_30_1_21_Scenario_1A",21
641,661,5,-2.279,-1.5167,-12.4919,-2.2834,-1.5401,-12.6905,0.1887,0.200022198768038,0.4314,0.3922,0.1961,16.1826,2,-20.335,"Tomato_30_1",0.00018,0.03,0.00123492669413733,"Tomato_30_1_21_Scenario_1A",21
640,662,4,1.9762,0.8596,-13.583,1.9365,0.9219,-13.7688,0.1887,0.19994754312069,0.4314,0.3922,0.1961,16.1838,2,-19.2567,"Tomato_30_1",0.00018,0.03,0.00131905949203558,"Tomato_30_1_21_Scenario_1A",21
648,663,17,0.0497,-0.199,-9.587,0.1684,-0.2502,-9.7396,0.1887,0.199994724930434,0.4314,0.3922,0.1961,16.1879,2,-23.2859,"Tomato_30_1",0.00018,0.03,0.000788182362302275,"Tomato_30_1_21_Scenario_1A",21
644,664,8,1.3046,-5.1976,-10.3967,1.4445,-5.3205,-10.4695,0.1887,0.19994064119133,0.4314,0.3922,0.1961,16.1904,2,-22.556,"Tomato_30_1",0.00018,0.03,0.00101871747514951,"Tomato_30_1_21_Scenario_1A",21
651,665,12,-2.1784,-3.8059,-9.288,-2.3321,-3.8372,-9.412,0.1887,0.199948443354781,0.4314,0.3922,0.1961,16.2063,2,-23.6135,"Tomato_30_1",0.00018,0.03,0.000784338058347626,"Tomato_30_1_21_Scenario_1A",21
642,666,3,4.4612,3.4693,-10.3559,4.5207,3.4989,-10.5445,0.1887,0.19996592209674,0.4314,0.3922,0.1961,16.2098,2,-22.481,"Tomato_30_1",0.00018,0.03,0.00143014722185656,"Tomato_30_1_21_Scenario_1A",21
652,667,14,-2.9073,0.5277,-8.3114,-3.083,0.5378,-8.4064,0.1887,0.19999374990234,0.4314,0.3922,0.1961,16.2136,2,-24.6191,"Tomato_30_1",0.00018,0.03,0.000789994449532828,"Tomato_30_1_21_Scenario_1A",21
649,668,13,2.3236,-0.9524,-10.0745,2.4492,-0.9647,-10.2297,0.1887,0.200034222072124,0.4314,0.3922,0.1961,16.214,2,-22.7958,"Tomato_30_1",0.00018,0.03,0.000799174221148984,"Tomato_30_1_21_Scenario_1A",21
654,669,10,-3.7545,-1.7757,-10.912,-3.9005,-1.8229,-11.0402,0.1887,0.199947693159986,0.4314,0.3922,0.1961,16.2273,2,-21.9853,"Tomato_30_1",0.00018,0.03,0.000887259747350162,"Tomato_30_1_21_Scenario_1A",21
656,670,16,-0.2398,1.1751,-9.523,-0.2595,1.3531,-9.6119,0.1887,0.1999382404644,0.4314,0.3922,0.1961,16.2417,2,-23.4136,"Tomato_30_1",0.00018,0.03,0.000775447696187489,"Tomato_30_1_21_Scenario_1A",21
653,671,6,1.3403,0.9384,-12.7381,1.2623,0.912,-12.9204,0.1887,0.200035621827715,0.4314,0.3922,0.1961,16.2437,2,-20.1051,"Tomato_30_1",0.00018,0.03,0.00117839153231196,"Tomato_30_1_21_Scenario_1A",21
650,672,1,-3.6537,-4.225,-11.836,-3.6657,-4.2233,-12.0356,0.1887,0.199967622379224,0.4314,0.3922,0.1961,16.2446,2,-20.9899,"Tomato_30_1",0.00018,0.03,0.00137130562532251,"Tomato_30_1_21_Scenario_1A",21
660,673,15,1.3213,-1.2529,-10.1583,1.3887,-1.3688,-10.3066,0.1887,0.199921134450562,0.4314,0.3922,0.1961,16.2697,2,-22.7189,"Tomato_30_1",0.00018,0.03,0.000754900503708305,"Tomato_30_1_21_Scenario_1A",21
657,674,9,3.8234,1.6229,-10.6116,3.9191,1.6262,-10.7871,0.1887,0.199924060583013,0.4314,0.3922,0.1961,16.2704,2,-22.2384,"Tomato_30_1",0.00018,0.03,0.000969466318411381,"Tomato_30_1_21_Scenario_1A",21
659,675,11,-4.7221,3.107,-8.578,-4.843,3.2038,-8.7045,0.1887,0.199973248210854,0.4314,0.3922,0.1961,16.2819,2,-24.321,"Tomato_30_1",0.00018,0.03,0.000814421926539845,"Tomato_30_1_21_Scenario_1A",21
658,676,7,-4.8768,-3.2157,-9.6869,-5.0486,-3.1949,-9.7871,0.1887,0.199969797719556,0.4314,0.3922,0.1961,16.285,2,-23.2384,"Tomato_30_1",0.00018,0.03,0.00108927020818629,"Tomato_30_1_21_Scenario_1A",21
663,677,17,0.1684,-0.2502,-9.7396,0.2739,-0.2696,-9.9084,0.1887,0.200000124999962,0.4314,0.3922,0.1961,16.2883,2,-23.1171,"Tomato_30_1",0.00018,0.03,0.000780423215237403,"Tomato_30_1_21_Scenario_1A",21
655,678,2,1.1167,-3.4129,-11.9714,1.0767,-3.5001,-12.1469,0.1887,0.200010224738638,0.4314,0.3922,0.1961,16.2913,2,-20.8786,"Tomato_30_1",0.00018,0.03,0.00147938008135839,"Tomato_30_1_21_Scenario_1A",21
105,679,0,-0.5006,0.0275,-19.6745,-0.4949,0.0111,-19.8737,0.1887,0.199955219986877,0.4314,0.3922,0.1961,16.3069,1,-13.1518,"Tomato_30_1",0.00018,0.03,0.00179425473611502,"Tomato_30_1_21_Scenario_1A",21
665,680,12,-2.3321,-3.8372,-9.412,-2.4731,-3.8767,-9.5483,0.1887,0.200047344396269,0.4314,0.3922,0.1961,16.3167,2,-23.4772,"Tomato_30_1",0.00018,0.03,0.00077758156834939,"Tomato_30_1_21_Scenario_1A",21
661,681,5,-2.2834,-1.5401,-12.6905,-2.285,-1.5652,-12.8889,0.1887,0.1999878246294,0.4314,0.3922,0.1961,16.3195,2,-20.1366,"Tomato_30_1",0.00018,0.03,0.0012250286508013,"Tomato_30_1_21_Scenario_1A",21
664,682,8,1.4445,-5.3205,-10.4695,1.6162,-5.4066,-10.5253,0.1887,0.200019349064034,0.4314,0.3922,0.1961,16.3198,2,-22.5002,"Tomato_30_1",0.00018,0.03,0.00101090171760141,"Tomato_30_1_21_Scenario_1A",21
662,683,4,1.9365,0.9219,-13.7688,1.8873,0.987,-13.9514,0.1887,0.200003524968936,0.4314,0.3922,0.1961,16.3234,2,-19.0741,"Tomato_30_1",0.00018,0.03,0.00130937354000639,"Tomato_30_1_21_Scenario_1A",21
667,684,14,-3.083,0.5378,-8.4064,-3.2459,0.5594,-8.5204,0.1887,0.199997424983423,0.4314,0.3922,0.1961,16.331,2,-24.5051,"Tomato_30_1",0.00018,0.03,0.000782975293611536,"Tomato_30_1_21_Scenario_1A",21
668,685,13,2.4492,-0.9647,-10.2297,2.5774,-0.9979,-10.3796,0.1887,0.200018724123519,0.4314,0.3922,0.1961,16.3347,2,-22.6459,"Tomato_30_1",0.00018,0.03,0.000792159884032061,"Tomato_30_1_21_Scenario_1A",21
670,686,16,-0.2595,1.3531,-9.6119,-0.2789,1.5313,-9.7006,0.1887,0.199998224992123,0.4314,0.3922,0.1961,16.3451,2,-23.3249,"Tomato_30_1",0.00018,0.03,0.000768169016413977,"Tomato_30_1_21_Scenario_1A",21
669,687,10,-3.9005,-1.8229,-11.0402,-4.0282,-1.8764,-11.1846,0.1887,0.200052243176626,0.4314,0.3922,0.1961,16.3487,2,-21.8409,"Tomato_30_1",0.00018,0.03,0.000880186343640285,"Tomato_30_1_21_Scenario_1A",21
666,688,3,4.5207,3.4989,-10.5445,4.579,3.5196,-10.7347,0.1887,0.200008549817252,0.4314,0.3922,0.1961,16.3658,2,-22.2908,"Tomato_30_1",0.00018,0.03,0.00142053460300941,"Tomato_30_1_21_Scenario_1A",21
673,689,15,1.3887,-1.3688,-10.3066,1.4912,-1.4219,-10.4699,0.1887,0.199981874178638,0.4314,0.3922,0.1961,16.3681,2,-22.5556,"Tomato_30_1",0.00018,0.03,0.00074767764442516,"Tomato_30_1_21_Scenario_1A",21
671,690,6,1.2623,0.912,-12.9204,1.1779,0.8861,-13.0999,0.1887,0.200036046751578,0.4314,0.3922,0.1961,16.3851,2,-19.9256,"Tomato_30_1",0.00018,0.03,0.00116967715570319,"Tomato_30_1_21_Scenario_1A",21
677,691,17,0.2739,-0.2696,-9.9084,0.3895,-0.2921,-10.0701,0.1887,0.200041245746971,0.4314,0.3922,0.1961,16.3894,2,-22.9554,"Tomato_30_1",0.00018,0.03,0.000773022898302892,"Tomato_30_1_21_Scenario_1A",21
675,692,11,-4.843,3.2038,-8.7045,-4.9394,3.2661,-8.8684,0.1887,0.200093628084454,0.4314,0.3922,0.1961,16.3946,2,-24.1571,"Tomato_30_1",0.00018,0.03,0.00080765539937108,"Tomato_30_1_21_Scenario_1A",21
672,693,1,-3.6657,-4.2233,-12.0356,-3.7079,-4.2352,-12.2308,0.1887,0.200063714851044,0.4314,0.3922,0.1961,16.3948,2,-20.7947,"Tomato_30_1",0.00018,0.03,0.00136213175646988,"Tomato_30_1_21_Scenario_1A",21
674,694,9,3.9191,1.6262,-10.7871,3.9948,1.6297,-10.9722,0.1887,0.200011874647482,0.4314,0.3922,0.1961,16.4026,2,-22.0533,"Tomato_30_1",0.00018,0.03,0.000962072776465771,"Tomato_30_1_21_Scenario_1A",21
676,695,7,-5.0486,-3.1949,-9.7871,-5.219,-3.1653,-9.8875,0.1887,0.199981199116316,0.4314,0.3922,0.1961,16.4205,2,-23.138,"Tomato_30_1",0.00018,0.03,0.00108103049970816,"Tomato_30_1_21_Scenario_1A",21
680,696,12,-2.4731,-3.8767,-9.5483,-2.6136,-3.9174,-9.6848,0.1887,0.200072461873192,0.4314,0.3922,0.1961,16.4281,2,-23.3407,"Tomato_30_1",0.00018,0.03,0.000770753025227523,"Tomato_30_1_21_Scenario_1A",21
43,697,18,-0.2261,-0.096,-9.7079,-0.351,0.0257,-9.8058,0.1887,0.19998827465629,0.4314,0.3922,0.1961,16.4436,2,-23.2197,"Tomato_30_1",0.00018,0.03,0.000779888511211163,"Tomato_30_1_21_Scenario_1A",21
684,698,14,-3.2459,0.5594,-8.5204,-3.3939,0.567,-8.6547,0.1887,0.199995624952147,0.4314,0.3922,0.1961,16.4492,2,-24.3708,"Tomato_30_1",0.00018,0.03,0.000776157396498467,"Tomato_30_1_21_Scenario_1A",21
686,699,16,-0.2789,1.5313,-9.7006,-0.2704,1.6945,-9.816,0.1887,0.200059116263169,0.4314,0.3922,0.1961,16.4492,2,-23.2095,"Tomato_30_1",0.00018,0.03,0.000761105694578087,"Tomato_30_1_21_Scenario_1A",21
682,700,8,1.6162,-5.4066,-10.5253,1.7844,-5.4959,-10.5863,0.1887,0.199966822248092,0.4314,0.3922,0.1961,16.4503,2,-22.4392,"Tomato_30_1",0.00018,0.03,0.00100270862531293,"Tomato_30_1_21_Scenario_1A",21
685,701,13,2.5774,-0.9979,-10.3796,2.6892,-1.0418,-10.5395,0.1887,0.199986149520411,0.4314,0.3922,0.1961,16.4563,2,-22.486,"Tomato_30_1",0.00018,0.03,0.000785305819867654,"Tomato_30_1_21_Scenario_1A",21
681,702,5,-2.285,-1.5652,-12.8889,-2.294,-1.58,-13.0881,0.1887,0.199951694166367,0.4314,0.3922,0.1961,16.4574,2,-19.9374,"Tomato_30_1",0.00018,0.03,0.0012154734266822,"Tomato_30_1_21_Scenario_1A",21
683,703,4,1.8873,0.987,-13.9514,1.8409,1.0263,-14.1419,0.1887,0.19996924763573,0.4314,0.3922,0.1961,16.4642,2,-18.8836,"Tomato_30_1",0.00018,0.03,0.00129946750278611,"Tomato_30_1_21_Scenario_1A",21
678,704,2,1.0767,-3.5001,-12.1469,1.0377,-3.5329,-12.3403,0.1887,0.200000999997499,0.4314,0.3922,0.1961,16.4655,2,-20.6852,"Tomato_30_1",0.00018,0.03,0.00147048036825941,"Tomato_30_1_21_Scenario_1A",21
689,705,15,1.4912,-1.4219,-10.4699,1.6213,-1.4919,-10.6048,0.1887,0.200060040987698,0.4314,0.3922,0.1961,16.4672,2,-22.4207,"Tomato_30_1",0.00018,0.03,0.000740725025301158,"Tomato_30_1_21_Scenario_1A",21
687,706,10,-4.0282,-1.8764,-11.1846,-4.158,-1.9306,-11.3268,0.1887,0.20001629933583,0.4314,0.3922,0.1961,16.4712,2,-21.6987,"Tomato_30_1",0.00018,0.03,0.000872741390139976,"Tomato_30_1_21_Scenario_1A",21
691,707,17,0.3895,-0.2921,-10.0701,0.5101,-0.3231,-10.2266,0.1887,0.199994024910745,0.4314,0.3922,0.1961,16.4913,2,-22.7989,"Tomato_30_1",0.00018,0.03,0.000765501498838934,"Tomato_30_1_21_Scenario_1A",21
692,708,11,-4.9394,3.2661,-8.8684,-5.0146,3.314,-9.0474,0.1887,0.199976123574791,0.4314,0.3922,0.1961,16.5082,2,-23.9781,"Tomato_30_1",0.00018,0.03,0.000800158269945873,"Tomato_30_1_21_Scenario_1A",21
106,709,0,-0.4949,0.0111,-19.8737,-0.4814,-0.0061,-20.0551,0.1887,0.182713026355539,0.4314,0.3922,0.1961,16.5215,1,-12.9704,"Tomato_30_1",0.00018,0.03,0.00158002080383365,"Tomato_30_1_21_Scenario_1A",21
688,710,3,4.579,3.5196,-10.7347,4.6276,3.5577,-10.925,0.1887,0.200069138049826,0.4314,0.3922,0.1961,16.5234,2,-22.1005,"Tomato_30_1",0.00018,0.03,0.00141144632515421,"Tomato_30_1_21_Scenario_1A",21
690,711,6,1.1779,0.8861,-13.0999,1.1011,0.8564,-13.2821,0.1887,0.199942916853786,0.4314,0.3922,0.1961,16.5279,2,-19.7434,"Tomato_30_1",0.00018,0.03,0.00116075447053393,"Tomato_30_1_21_Scenario_1A",21
694,712,9,3.9948,1.6297,-10.9722,4.0475,1.6523,-11.1638,0.1887,0.19999652496981,0.4314,0.3922,0.1961,16.5358,2,-21.8617,"Tomato_30_1",0.00018,0.03,0.000954452480010541,"Tomato_30_1_21_Scenario_1A",21
696,713,12,-2.6136,-3.9174,-9.6848,-2.7487,-3.9335,-9.8313,0.1887,0.199933663998838,0.4314,0.3922,0.1961,16.5405,2,-23.1942,"Tomato_30_1",0.00018,0.03,0.000763518117738926,"Tomato_30_1_21_Scenario_1A",21
693,714,1,-3.7079,-4.2352,-12.2308,-3.7499,-4.2462,-12.426,0.1887,0.199970097764641,0.4314,0.3922,0.1961,16.5466,2,-20.5995,"Tomato_30_1",0.00018,0.03,0.00135205352956943,"Tomato_30_1_21_Scenario_1A",21
697,715,18,-0.351,0.0257,-9.8058,-0.4813,0.1277,-9.9181,0.1887,0.199983449315188,0.4314,0.3922,0.1961,16.5518,2,-23.1074,"Tomato_30_1",0.00018,0.03,0.000772616105653738,"Tomato_30_1_21_Scenario_1A",21
699,716,16,-0.2704,1.6945,-9.816,-0.2889,1.8451,-9.9463,0.1887,0.200001749992344,0.4314,0.3922,0.1961,16.554,2,-23.0792,"Tomato_30_1",0.00018,0.03,0.000753808852554056,"Tomato_30_1_21_Scenario_1A",21
695,717,7,-5.219,-3.1653,-9.8875,-5.3888,-3.1353,-9.9889,0.1887,0.200034996938035,0.4314,0.3922,0.1961,16.5573,2,-23.0366,"Tomato_30_1",0.00018,0.03,0.00107332361708787,"Tomato_30_1_21_Scenario_1A",21
705,718,15,1.6213,-1.4919,-10.6048,1.7522,-1.5547,-10.7423,0.1887,0.199962246436672,0.4314,0.3922,0.1961,16.567,2,-22.2832,"Tomato_30_1",0.00018,0.03,0.000733332663587124,"Tomato_30_1_21_Scenario_1A",21
698,719,14,-3.3939,0.567,-8.6547,-3.5341,0.5655,-8.7973,0.1887,0.199982624245208,0.4314,0.3922,0.1961,16.5682,2,-24.2282,"Tomato_30_1",0.00018,0.03,0.00076951761482667,"Tomato_30_1_21_Scenario_1A",21
701,720,13,2.6892,-1.0418,-10.5395,2.7871,-1.0753,-10.7106,0.1887,0.199954669862946,0.4314,0.3922,0.1961,16.579,2,-22.3149,"Tomato_30_1",0.00018,0.03,0.000778682669265005,"Tomato_30_1_21_Scenario_1A",21
700,721,8,1.7844,-5.4959,-10.5863,1.9538,-5.5861,-10.6428,0.1887,0.200061615508823,0.4314,0.3922,0.1961,16.5821,2,-22.3827,"Tomato_30_1",0.00018,0.03,0.000995537245966929,"Tomato_30_1_21_Scenario_1A",21
707,722,17,0.5101,-0.3231,-10.2266,0.6274,-0.3388,-10.3878,0.1887,0.199978048795362,0.4314,0.3922,0.1961,16.5939,2,-22.6377,"Tomato_30_1",0.00018,0.03,0.000758320973931142,"Tomato_30_1_21_Scenario_1A",21
706,723,10,-4.158,-1.9306,-11.3268,-4.2927,-1.9671,-11.4699,0.1887,0.199884841846499,0.4314,0.3922,0.1961,16.5948,2,-21.5556,"Tomato_30_1",0.00018,0.03,0.000865136926235715,"Tomato_30_1_21_Scenario_1A",21
702,724,5,-2.294,-1.58,-13.0881,-2.3074,-1.5965,-13.287,0.1887,0.200032547351675,0.4314,0.3922,0.1961,16.5964,2,-19.7385,"Tomato_30_1",0.00018,0.03,0.00120697217969184,"Tomato_30_1_21_Scenario_1A",21
703,725,4,1.8409,1.0263,-14.1419,1.8398,1.0565,-14.3396,0.1887,0.199996349966694,0.4314,0.3922,0.1961,16.6063,2,-18.6859,"Tomato_30_1",0.00018,0.03,0.00129033062768507,"Tomato_30_1_21_Scenario_1A",21
708,726,11,-5.0146,3.314,-9.0474,-5.0915,3.3631,-9.2254,0.1887,0.200021048892361,0.4314,0.3922,0.1961,16.6227,2,-23.8001,"Tomato_30_1",0.00018,0.03,0.000793542666104879,"Tomato_30_1_21_Scenario_1A",21
704,727,2,1.0377,-3.5329,-12.3403,0.994,-3.5595,-12.5337,0.1887,0.200052018235258,0.4314,0.3922,0.1961,16.6422,2,-20.4918,"Tomato_30_1",0.00018,0.03,0.00146243946067877,"Tomato_30_1_21_Scenario_1A",21
713,728,12,-2.7487,-3.9335,-9.8313,-2.8771,-3.9657,-9.9812,0.1887,0.199983524321379,0.4314,0.3922,0.1961,16.6538,2,-23.0443,"Tomato_30_1",0.00018,0.03,0.000757225411652498,"Tomato_30_1_21_Scenario_1A",21
716,729,16,-0.2889,1.8451,-9.9463,-0.2836,2.0047,-10.0666,0.1887,0.199930838041558,0.4314,0.3922,0.1961,16.6595,2,-22.9589,"Tomato_30_1",0.00018,0.03,0.000746682154484717,"Tomato_30_1_21_Scenario_1A",21
715,730,18,-0.4813,0.1277,-9.9181,-0.6196,0.2204,-10.0289,0.1887,0.199992049841987,0.4314,0.3922,0.1961,16.6606,2,-22.9966,"Tomato_30_1",0.00018,0.03,0.000765615202268789,"Tomato_30_1_21_Scenario_1A",21
718,731,15,1.7522,-1.5547,-10.7423,1.8841,-1.6438,-10.8634,0.1887,0.200004074958487,0.4314,0.3922,0.1961,16.6675,2,-22.1621,"Tomato_30_1",0.00018,0.03,0.000726664013046258,"Tomato_30_1_21_Scenario_1A",21
712,732,9,4.0475,1.6523,-11.1638,4.1005,1.6802,-11.3546,0.1887,0.199980124012362,0.4314,0.3922,0.1961,16.6701,2,-21.6709,"Tomato_30_1",0.00018,0.03,0.000947100518902019,"Tomato_30_1_21_Scenario_1A",21
711,733,6,1.1011,0.8564,-13.2821,1.0295,0.8391,-13.4681,0.1887,0.20005461754231,0.4314,0.3922,0.1961,16.672,2,-19.5574,"Tomato_30_1",0.00018,0.03,0.00115335025229739,"Tomato_30_1_21_Scenario_1A",21
710,734,3,4.6276,3.5577,-10.925,4.6755,3.5966,-11.1152,0.1887,0.199959145827341,0.4314,0.3922,0.1961,16.6826,2,-21.9103,"Tomato_30_1",0.00018,0.03,0.00140155963580715,"Tomato_30_1_21_Scenario_1A",21
719,735,14,-3.5341,0.5655,-8.7973,-3.6826,0.5742,-8.9311,0.1887,0.200075935584468,0.4314,0.3922,0.1961,16.688,2,-24.0944,"Tomato_30_1",0.00018,0.03,0.000763502071296219,"Tomato_30_1_21_Scenario_1A",21
717,736,7,-5.3888,-3.1353,-9.9889,-5.5558,-3.1055,-10.0949,0.1887,0.200032597343534,0.4314,0.3922,0.1961,16.6953,2,-22.9306,"Tomato_30_1",0.00018,0.03,0.0010656176118031,"Tomato_30_1_21_Scenario_1A",21
722,737,17,0.6274,-0.3388,-10.3878,0.7484,-0.3777,-10.5422,0.1887,0.199983924353933,0.4314,0.3922,0.1961,16.6972,2,-22.4833,"Tomato_30_1",0.00018,0.03,0.00075143960798283,"Tomato_30_1_21_Scenario_1A",21
714,738,1,-3.7499,-4.2462,-12.426,-3.7898,-4.2572,-12.6217,0.1887,0.200028747933891,0.4314,0.3922,0.1961,16.7,2,-20.4038,"Tomato_30_1",0.00018,0.03,0.00134339219214067,"Tomato_30_1_21_Scenario_1A",21
720,739,13,2.7871,-1.0753,-10.7106,2.9025,-1.0747,-10.874,0.1887,0.200042695442749,0.4314,0.3922,0.1961,16.7026,2,-22.1515,"Tomato_30_1",0.00018,0.03,0.000772743821585081,"Tomato_30_1_21_Scenario_1A",21
721,740,8,1.9538,-5.5861,-10.6428,2.112,-5.6886,-10.7095,0.1887,0.199955945147925,0.4314,0.3922,0.1961,16.7151,2,-22.316,"Tomato_30_1",0.00018,0.03,0.000987652097664261,"Tomato_30_1_21_Scenario_1A",21
723,741,10,-4.2927,-1.9671,-11.4699,-4.4146,-1.9898,-11.6269,0.1887,0.200059741077508,0.4314,0.3922,0.1961,16.7195,2,-21.3986,"Tomato_30_1",0.00018,0.03,0.000859102484043006,"Tomato_30_1_21_Scenario_1A",21
724,742,5,-2.3074,-1.5965,-13.287,-2.3145,-1.599,-13.4868,0.1887,0.199941741514872,0.4314,0.3922,0.1961,16.7365,2,-19.5387,"Tomato_30_1",0.00018,0.03,0.00119777906930916,"Tomato_30_1_21_Scenario_1A",21
726,743,11,-5.0915,3.3631,-9.2254,-5.1468,3.421,-9.4086,0.1887,0.199931838384985,0.4314,0.3922,0.1961,16.7381,2,-23.6169,"Tomato_30_1",0.00018,0.03,0.000786622818608013,"Tomato_30_1_21_Scenario_1A",21
725,744,4,1.8398,1.0565,-14.3396,1.8422,1.0824,-14.5379,0.1887,0.199998649995443,0.4314,0.3922,0.1961,16.7498,2,-18.4876,"Tomato_30_1",0.00018,0.03,0.0012813988337216,"Tomato_30_1_21_Scenario_1A",21
107,745,0,-0.4814,-0.0061,-20.0551,-0.4707,-0.0157,-20.2546,0.1887,0.200017249256158,0.4314,0.3922,0.1961,16.7576,1,-12.7709,"Tomato_30_1",0.00018,0.03,0.00179401392025439,"Tomato_30_1_21_Scenario_1A",21
729,746,16,-0.2836,2.0047,-10.0666,-0.3035,2.1655,-10.1839,0.1887,0.200029847772776,0.4314,0.3922,0.1961,16.7658,2,-22.8416,"Tomato_30_1",0.00018,0.03,0.000740401163704321,"Tomato_30_1_21_Scenario_1A",21
728,747,12,-2.8771,-3.9657,-9.9812,-2.993,-3.9924,-10.142,0.1887,0.200005849914446,0.4314,0.3922,0.1961,16.7681,2,-22.8835,"Tomato_30_1",0.00018,0.03,0.000751040402822537,"Tomato_30_1_21_Scenario_1A",21
731,748,15,1.8841,-1.6438,-10.8634,2.0008,-1.7426,-10.9924,0.1887,0.200053317893005,0.4314,0.3922,0.1961,16.7688,2,-22.0331,"Tomato_30_1",0.00018,0.03,0.000720224507129166,"Tomato_30_1_21_Scenario_1A",21
730,749,18,-0.6196,0.2204,-10.0289,-0.7587,0.3154,-10.1367,0.1887,0.199986624552743,0.4314,0.3922,0.1961,16.7702,2,-22.8888,"Tomato_30_1",0.00018,0.03,0.000758778269244177,"Tomato_30_1_21_Scenario_1A",21
737,750,17,0.7484,-0.3777,-10.5422,0.8863,-0.4301,-10.6773,0.1887,0.200035446858801,0.4314,0.3922,0.1961,16.8013,2,-22.3482,"Tomato_30_1",0.00018,0.03,0.000744940681786308,"Tomato_30_1_21_Scenario_1A",21
732,751,9,4.1005,1.6802,-11.3546,4.1206,1.7399,-11.5445,0.1887,0.200075260839515,0.4314,0.3922,0.1961,16.8055,2,-21.481,"Tomato_30_1",0.00018,0.03,0.000940542196722757,"Tomato_30_1_21_Scenario_1A",21
735,752,14,-3.6826,0.5742,-8.9311,-3.835,0.6055,-9.0567,0.1887,0.199952019244617,0.4314,0.3922,0.1961,16.8087,2,-23.9688,"Tomato_30_1",0.00018,0.03,0.000756876182439472,"Tomato_30_1_21_Scenario_1A",21
733,753,6,1.0295,0.8391,-13.4681,0.9589,0.8202,-13.6542,0.1887,0.199936940058609,0.4314,0.3922,0.1961,16.8176,2,-19.3713,"Tomato_30_1",0.00018,0.03,0.00114495195031592,"Tomato_30_1_21_Scenario_1A",21
727,754,2,0.994,-3.5595,-12.5337,0.9386,-3.5874,-12.7238,0.1887,0.199963946750409,0.4314,0.3922,0.1961,16.8212,2,-20.3017,"Tomato_30_1",0.00018,0.03,0.00145380010052901,"Tomato_30_1_21_Scenario_1A",21
739,755,13,2.9025,-1.0747,-10.874,2.9948,-1.0691,-11.0514,0.1887,0.200053517839601,0.4314,0.3922,0.1961,16.8272,2,-21.9741,"Tomato_30_1",0.00018,0.03,0.000766722064699527,"Tomato_30_1_21_Scenario_1A",21
736,756,7,-5.5558,-3.1055,-10.0949,-5.7218,-3.0571,-10.1954,0.1887,0.199997024977873,0.4314,0.3922,0.1961,16.8346,2,-22.8301,"Tomato_30_1",0.00018,0.03,0.00105804031136105,"Tomato_30_1_21_Scenario_1A",21
734,757,3,4.6755,3.5966,-11.1152,4.7379,3.5995,-11.3052,0.1887,0.200005424926425,0.4314,0.3922,0.1961,16.8436,2,-21.7203,"Tomato_30_1",0.00018,0.03,0.00139317154935466,"Tomato_30_1_21_Scenario_1A",21
741,758,10,-4.4146,-1.9898,-11.6269,-4.538,-2.0401,-11.776,0.1887,0.199971147918894,0.4314,0.3922,0.1961,16.8455,2,-21.2495,"Tomato_30_1",0.00018,0.03,0.000852176492235118,"Tomato_30_1_21_Scenario_1A",21
740,759,8,2.112,-5.6886,-10.7095,2.2596,-5.8093,-10.7698,0.1887,0.199975848541768,0.4314,0.3922,0.1961,16.8493,2,-22.2557,"Tomato_30_1",0.00018,0.03,0.000980672959689231,"Tomato_30_1_21_Scenario_1A",21
743,760,11,-5.1468,3.421,-9.4086,-5.2405,3.4639,-9.58,0.1887,0.199995149941193,0.4314,0.3922,0.1961,16.8546,2,-23.4455,"Tomato_30_1",0.00018,0.03,0.000780528189950937,"Tomato_30_1_21_Scenario_1A",21
738,761,1,-3.7898,-4.2572,-12.6217,-3.837,-4.2721,-12.8154,0.1887,0.199923835497421,0.4314,0.3922,0.1961,16.855,2,-20.2101,"Tomato_30_1",0.00018,0.03,0.00133401749123651,"Tomato_30_1_21_Scenario_1A",21
748,762,15,2.0008,-1.7426,-10.9924,2.1191,-1.8453,-11.1167,0.1887,0.199981674160409,0.4314,0.3922,0.1961,16.8709,2,-21.9088,"Tomato_30_1",0.00018,0.03,0.000713555805832036,"Tomato_30_1_21_Scenario_1A",21
746,763,16,-0.3035,2.1655,-10.1839,-0.3001,2.3511,-10.2583,0.1887,0.199985699488739,0.4314,0.3922,0.1961,16.8728,2,-22.7672,"Tomato_30_1",0.00018,0.03,0.000733798175079808,"Tomato_30_1_21_Scenario_1A",21
742,764,5,-2.3145,-1.599,-13.4868,-2.3234,-1.5936,-13.6866,0.1887,0.2000710123931,0.4314,0.3922,0.1961,16.8777,2,-19.3389,"Tomato_30_1",0.00018,0.03,0.00119024296073719,"Tomato_30_1_21_Scenario_1A",21
749,765,18,-0.7587,0.3154,-10.1367,-0.8978,0.4106,-10.2445,0.1887,0.200081708309381,0.4314,0.3922,0.1961,16.8805,2,-22.781,"Tomato_30_1",0.00018,0.03,0.000752534176425541,"Tomato_30_1_21_Scenario_1A",21
747,766,12,-2.993,-3.9924,-10.142,-3.1276,-4.0032,-10.2896,0.1887,0.200048894023437,0.4314,0.3922,0.1961,16.8834,2,-22.7359,"Tomato_30_1",0.00018,0.03,0.000745143924488231,"Tomato_30_1_21_Scenario_1A",21
744,767,4,1.8422,1.0824,-14.5379,1.8824,1.0744,-14.7337,0.1887,0.200044195116979,0.4314,0.3922,0.1961,16.8946,2,-18.2918,"Tomato_30_1",0.00018,0.03,0.00127310568219542,"Tomato_30_1_21_Scenario_1A",21
750,768,17,0.8863,-0.4301,-10.6773,1.0095,-0.4892,-10.8233,0.1887,0.199967622379224,0.4314,0.3922,0.1961,16.9062,2,-22.2022,"Tomato_30_1",0.00018,0.03,0.000738210025550146,"Tomato_30_1_21_Scenario_1A",21
46,769,19,-0.2228,-0.0983,-10.1117,-0.2832,-0.269,-10.1967,0.1887,0.200029122879644,0.4314,0.3922,0.1961,16.9217,2,-22.8288,"Tomato_30_1",0.00018,0.03,0.000758656882122074,"Tomato_30_1_21_Scenario_1A",21
752,770,14,-3.835,0.6055,-9.0567,-3.9864,0.6332,-9.1845,0.1887,0.200055217377604,0.4314,0.3922,0.1961,16.9302,2,-23.841,"Tomato_30_1",0.00018,0.03,0.000751326465286706,"Tomato_30_1_21_Scenario_1A",21
751,771,9,4.1206,1.7399,-11.5445,4.1134,1.7934,-11.737,0.1887,0.199925836249346,0.4314,0.3922,0.1961,16.942,2,-21.2885,"Tomato_30_1",0.00018,0.03,0.000933104490634899,"Tomato_30_1_21_Scenario_1A",21
755,772,13,2.9948,-1.0691,-11.0514,3.0755,-1.059,-11.2341,0.1887,0.19998447439739,0.4314,0.3922,0.1961,16.9529,2,-21.7914,"Tomato_30_1",0.00018,0.03,0.000760615014960889,"Tomato_30_1_21_Scenario_1A",21
753,773,6,0.9589,0.8202,-13.6542,0.902,0.833,-13.8455,0.1887,0.199992849872189,0.4314,0.3922,0.1961,16.9646,2,-19.18,"Tomato_30_1",0.00018,0.03,0.0011378771174554,"Tomato_30_1_21_Scenario_1A",21
760,774,11,-5.2405,3.4639,-9.58,-5.3105,3.543,-9.7499,0.1887,0.200057041865564,0.4314,0.3922,0.1961,16.972,2,-23.2756,"Tomato_30_1",0.00018,0.03,0.000774644261204788,"Tomato_30_1_21_Scenario_1A",21
758,775,10,-4.538,-2.0401,-11.776,-4.6061,-2.0984,-11.9548,0.1887,0.200014849448735,0.4314,0.3922,0.1961,16.9726,2,-21.0707,"Tomato_30_1",0.00018,0.03,0.000846059036131058,"Tomato_30_1_21_Scenario_1A",21
762,776,15,2.1191,-1.8453,-11.1167,2.2132,-1.9674,-11.2441,0.1887,0.199984949433701,0.4314,0.3922,0.1961,16.9738,2,-21.7814,"Tomato_30_1",0.00018,0.03,0.000707360753290511,"Tomato_30_1_21_Scenario_1A",21
756,777,7,-5.7218,-3.0571,-10.1954,-5.88,-2.9921,-10.299,0.1887,0.199962996576867,0.4314,0.3922,0.1961,16.9752,2,-22.7265,"Tomato_30_1",0.00018,0.03,0.00105077602586013,"Tomato_30_1_21_Scenario_1A",21
763,778,16,-0.3001,2.3511,-10.2583,-0.2987,2.5369,-10.3325,0.1887,0.200073086645855,0.4314,0.3922,0.1961,16.9806,2,-22.693,"Tomato_30_1",0.00018,0.03,0.00072788469668176,"Tomato_30_1_21_Scenario_1A",21
759,779,8,2.2596,-5.8093,-10.7698,2.4132,-5.9225,-10.8299,0.1887,0.200048019235383,0.4314,0.3922,0.1961,16.9849,2,-22.1956,"Tomato_30_1",0.00018,0.03,0.00097422441737015,"Tomato_30_1_21_Scenario_1A",21
765,780,18,-0.8978,0.4106,-10.2445,-1.0394,0.5089,-10.3458,0.1887,0.199937840340442,0.4314,0.3922,0.1961,16.9914,2,-22.6797,"Tomato_30_1",0.00018,0.03,0.000745607768946229,"Tomato_30_1_21_Scenario_1A",21
108,781,0,-0.4707,-0.0157,-20.2546,-0.4531,-0.0164,-20.4538,0.1887,0.199977223703102,0.4314,0.3922,0.1961,16.995,1,-12.5717,"Tomato_30_1",0.00018,0.03,0.00175333928825611,"Tomato_30_1_21_Scenario_1A",21
766,782,12,-3.1276,-4.0032,-10.2896,-3.2556,-4.0241,-10.4418,0.1887,0.199964121781884,0.4314,0.3922,0.1961,16.9998,2,-22.5837,"Tomato_30_1",0.00018,0.03,0.000738985211634718,"Tomato_30_1_21_Scenario_1A",21
754,783,2,0.9386,-3.5874,-12.7238,0.8838,-3.6177,-12.9137,0.1887,0.199957845557507,0.4314,0.3922,0.1961,17.0028,2,-20.1118,"Tomato_30_1",0.00018,0.03,0.00144617591919462,"Tomato_30_1_21_Scenario_1A",21
757,784,3,4.7379,3.5995,-11.3052,4.7868,3.6033,-11.4991,0.1887,0.2000071498722,0.4314,0.3922,0.1961,17.0063,2,-21.5264,"Tomato_30_1",0.00018,0.03,0.00138486641407812,"Tomato_30_1_21_Scenario_1A",21
761,785,1,-3.837,-4.2721,-12.8154,-3.8621,-4.3031,-13.0114,0.1887,0.200017524232253,0.4314,0.3922,0.1961,17.0117,2,-20.0141,"Tomato_30_1",0.00018,0.03,0.00132634842320986,"Tomato_30_1_21_Scenario_1A",21
768,786,17,1.0095,-0.4892,-10.8233,1.1069,-0.5595,-10.9832,0.1887,0.199992149845938,0.4314,0.3922,0.1961,17.0119,2,-22.0423,"Tomato_30_1",0.00018,0.03,0.000732032471931099,"Tomato_30_1_21_Scenario_1A",21
764,787,5,-2.3234,-1.5936,-13.6866,-2.3115,-1.5681,-13.8846,0.1887,0.19998964973218,0.4314,0.3922,0.1961,17.02,2,-19.1409,"Tomato_30_1",0.00018,0.03,0.00118178939666139,"Tomato_30_1_21_Scenario_1A",21
109,788,0,-0.4531,-0.0164,-20.4538,-0.4507,-0.0172,-20.4847,0.1887,0.0310033869117543,0.4314,0.3922,0.1961,17.0319,1,-12.5408,"Tomato_30_1",0.00018,0.03,0.000277480903349457,"Tomato_30_1_21_Scenario_1A",21
769,789,19,-0.2832,-0.269,-10.1967,-0.3272,-0.4439,-10.2832,0.1887,0.200020648934054,0.4314,0.3922,0.1961,17.032,2,-22.7423,"Tomato_30_1",0.00018,0.03,0.000752343406794846,"Tomato_30_1_21_Scenario_1A",21
767,790,4,1.8824,1.0744,-14.7337,1.9129,1.0737,-14.9313,0.1887,0.199941241368558,0.4314,0.3922,0.1961,17.0408,2,-18.0942,"Tomato_30_1",0.00018,0.03,0.00126423322623672,"Tomato_30_1_21_Scenario_1A",21
770,791,14,-3.9864,0.6332,-9.1845,-4.1336,0.6645,-9.3162,0.1887,0.199981049102159,0.4314,0.3922,0.1961,17.0525,2,-23.7093,"Tomato_30_1",0.00018,0.03,0.000745323071776207,"Tomato_30_1_21_Scenario_1A",21
776,792,15,2.2132,-1.9674,-11.2441,2.2947,-2.1022,-11.3673,0.1887,0.19997882387893,0.4314,0.3922,0.1961,17.0774,2,-21.6582,"Tomato_30_1",0.00018,0.03,0.000701333825689408,"Tomato_30_1_21_Scenario_1A",21
771,793,9,4.1134,1.7934,-11.737,4.0552,1.8607,-11.9162,0.1887,0.200072911709706,0.4314,0.3922,0.1961,17.0796,2,-21.1093,"Tomato_30_1",0.00018,0.03,0.000927316495235275,"Tomato_30_1_21_Scenario_1A",21
772,794,13,3.0755,-1.059,-11.2341,3.1303,-1.0285,-11.424,0.1887,0.199988249654823,0.4314,0.3922,0.1961,17.0796,2,-21.6015,"Tomato_30_1",0.00018,0.03,0.00075500422098148,"Tomato_30_1_21_Scenario_1A",21
778,795,16,-0.2987,2.5369,-10.3325,-0.3168,2.7101,-10.4308,0.1887,0.199971848018665,0.4314,0.3922,0.1961,17.0892,2,-22.5947,"Tomato_30_1",0.00018,0.03,0.000721492682947789,"Tomato_30_1_21_Scenario_1A",21
774,796,11,-5.3105,3.543,-9.7499,-5.4046,3.5995,-9.9171,0.1887,0.200007249868598,0.4314,0.3922,0.1961,17.0905,2,-23.1084,"Tomato_30_1",0.00018,0.03,0.000768547758410576,"Tomato_30_1_21_Scenario_1A",21
775,797,10,-4.6061,-2.0984,-11.9548,-4.6723,-2.1611,-12.1328,0.1887,0.199994324919483,0.4314,0.3922,0.1961,17.101,2,-20.8927,"Tomato_30_1",0.00018,0.03,0.00083990953646141,"Tomato_30_1_21_Scenario_1A",21
780,798,18,-1.0394,0.5089,-10.3458,-1.1849,0.616,-10.4316,0.1887,0.200005749917346,0.4314,0.3922,0.1961,17.1031,2,-22.5939,"Tomato_30_1",0.00018,0.03,0.000739686981708972,"Tomato_30_1_21_Scenario_1A",21
773,799,6,0.902,0.833,-13.8455,0.82,0.8763,-14.0227,0.1887,0.199996824974799,0.4314,0.3922,0.1961,17.1131,2,-19.0028,"Tomato_30_1",0.00018,0.03,0.0011308272279963,"Tomato_30_1_21_Scenario_1A",21
777,800,7,-5.88,-2.9921,-10.299,-5.9961,-2.8683,-10.4048,0.1887,0.199998224992124,0.4314,0.3922,0.1961,17.1171,2,-22.6207,"Tomato_30_1",0.00018,0.03,0.00104417462225498,"Tomato_30_1_21_Scenario_1A",21
782,801,12,-3.2556,-4.0241,-10.4418,-3.3849,-4.048,-10.5925,0.1887,0.200000474999435,0.4314,0.3922,0.1961,17.1172,2,-22.433,"Tomato_30_1",0.00018,0.03,0.000733486560693206,"Tomato_30_1_21_Scenario_1A",21
786,802,17,1.1069,-0.5595,-10.9832,1.1847,-0.6242,-11.1557,0.1887,0.199987949636971,0.4314,0.3922,0.1961,17.1183,2,-21.8698,"Tomato_30_1",0.00018,0.03,0.000725957084544663,"Tomato_30_1_21_Scenario_1A",21
779,803,8,2.4132,-5.9225,-10.8299,2.5669,-6.0439,-10.8703,0.1887,0.199984524401264,0.4314,0.3922,0.1961,17.1217,2,-22.1552,"Tomato_30_1",0.00018,0.03,0.000967391911193011,"Tomato_30_1_21_Scenario_1A",21
789,804,19,-0.3272,-0.4439,-10.2832,-0.3668,-0.6311,-10.3413,0.1887,0.199969022601002,0.4314,0.3922,0.1961,17.1431,2,-22.6842,"Tomato_30_1",0.00018,0.03,0.000746084484548404,"Tomato_30_1_21_Scenario_1A",21
787,805,5,-2.3115,-1.5681,-13.8846,-2.2509,-1.5648,-14.0751,0.1887,0.199933739023708,0.4314,0.3922,0.1961,17.1634,2,-18.9504,"Tomato_30_1",0.00018,0.03,0.00117383056714881,"Tomato_30_1_21_Scenario_1A",21
785,806,1,-3.8621,-4.3031,-13.0114,-3.8863,-4.3343,-13.2075,0.1887,0.20003572180988,0.4314,0.3922,0.1961,17.1702,2,-19.818,"Tomato_30_1",0.00018,0.03,0.00131854929601782,"Tomato_30_1_21_Scenario_1A",21
784,807,3,4.7868,3.6033,-11.4991,4.7889,3.6131,-11.6988,0.1887,0.199951344081504,0.4314,0.3922,0.1961,17.1707,2,-21.3267,"Tomato_30_1",0.00018,0.03,0.00137656020690219,"Tomato_30_1_21_Scenario_1A",21
791,808,14,-4.1336,0.6645,-9.3162,-4.2938,0.6697,-9.4359,0.1887,0.200047919259361,0.4314,0.3922,0.1961,17.1758,2,-23.5896,"Tomato_30_1",0.00018,0.03,0.000740057842400603,"Tomato_30_1_21_Scenario_1A",21
792,809,15,2.2947,-2.1022,-11.3673,2.3811,-2.2057,-11.515,0.1887,0.199981249121012,0.4314,0.3922,0.1961,17.1818,2,-21.5105,"Tomato_30_1",0.00018,0.03,0.000695536588281292,"Tomato_30_1_21_Scenario_1A",21
783,810,2,0.8838,-3.6177,-12.9137,0.8251,-3.6533,-13.1016,0.1887,0.200048644084382,0.4314,0.3922,0.1961,17.187,2,-19.9239,"Tomato_30_1",0.00018,0.03,0.0014396594354722,"Tomato_30_1_21_Scenario_1A",21
790,811,4,1.9129,1.0737,-14.9313,1.9325,1.0931,-15.1294,0.1887,0.2000103247335,0.4314,0.3922,0.1961,17.1884,2,-17.8961,"Tomato_30_1",0.00018,0.03,0.00125681048116094,"Tomato_30_1_21_Scenario_1A",21
795,812,16,-0.3168,2.7101,-10.4308,-0.3369,2.8897,-10.5165,0.1887,0.200011649660714,0.4314,0.3922,0.1961,17.1986,2,-22.509,"Tomato_30_1",0.00018,0.03,0.000715817673966948,"Tomato_30_1_21_Scenario_1A",21
794,813,13,3.1303,-1.0285,-11.424,3.185,-0.9979,-11.6139,0.1887,0.199976148577774,0.4314,0.3922,0.1961,17.2074,2,-21.4116,"Tomato_30_1",0.00018,0.03,0.000749548634574746,"Tomato_30_1_21_Scenario_1A",21
796,814,11,-5.4046,3.5995,-9.9171,-5.4604,3.631,-10.1065,0.1887,0.199945617606389,0.4314,0.3922,0.1961,17.2099,2,-22.919,"Tomato_30_1",0.00018,0.03,0.000762629299309472,"Tomato_30_1_21_Scenario_1A",21
798,815,18,-1.1849,0.616,-10.4316,-1.3205,0.7282,-10.5266,0.1887,0.200002999977501,0.4314,0.3922,0.1961,17.2155,2,-22.4989,"Tomato_30_1",0.00018,0.03,0.000733712322952256,"Tomato_30_1_21_Scenario_1A",21
793,816,9,4.0552,1.8607,-11.9162,3.984,1.9148,-12.0951,0.1887,0.200003649966695,0.4314,0.3922,0.1961,17.2183,2,-20.9304,"Tomato_30_1",0.00018,0.03,0.000920785859813208,"Tomato_30_1_21_Scenario_1A",21
802,817,17,1.1847,-0.6242,-11.1557,1.2577,-0.6893,-11.3302,0.1887,0.200043145346198,0.4314,0.3922,0.1961,17.2256,2,-21.6953,"Tomato_30_1",0.00018,0.03,0.000720301645557424,"Tomato_30_1_21_Scenario_1A",21
797,818,10,-4.6723,-2.1611,-12.1328,-4.7223,-2.2517,-12.3039,0.1887,0.199958920781245,0.4314,0.3922,0.1961,17.2306,2,-20.7216,"Tomato_30_1",0.00018,0.03,0.00083393901188198,"Tomato_30_1_21_Scenario_1A",21
801,819,12,-3.3849,-4.048,-10.5925,-3.4937,-4.0999,-10.7521,0.1887,0.200008024839006,0.4314,0.3922,0.1961,17.2357,2,-22.2734,"Tomato_30_1",0.00018,0.03,0.000728089144057878,"Tomato_30_1_21_Scenario_1A",21
804,820,19,-0.3668,-0.6311,-10.3413,-0.3874,-0.8214,-10.3991,0.1887,0.199948218296638,0.4314,0.3922,0.1961,17.2549,2,-22.6264,"Tomato_30_1",0.00018,0.03,0.000740156071810043,"Tomato_30_1_21_Scenario_1A",21
803,821,8,2.5669,-6.0439,-10.8703,2.7185,-6.1461,-10.9515,0.1887,0.200052093215742,0.4314,0.3922,0.1961,17.2598,2,-22.074,"Tomato_30_1",0.00018,0.03,0.000961468642052827,"Tomato_30_1_21_Scenario_1A",21
800,822,7,-5.9961,-2.8683,-10.4048,-6.0915,-2.7378,-10.5226,0.1887,0.200020623936633,0.4314,0.3922,0.1961,17.2604,2,-22.5029,"Tomato_30_1",0.00018,0.03,0.0010378004717344,"Tomato_30_1_21_Scenario_1A",21
799,823,6,0.82,0.8763,-14.0227,0.7182,0.9256,-14.1877,0.1887,0.200046819519831,0.4314,0.3922,0.1961,17.2631,2,-18.8378,"Tomato_30_1",0.00018,0.03,0.00112435660261215,"Tomato_30_1_21_Scenario_1A",21
110,824,0,-0.4507,-0.0172,-20.4847,-0.4479,-0.0301,-20.6843,0.1887,0.200036021756083,0.4314,0.3922,0.1961,17.2709,1,-12.3412,"Tomato_30_1",0.00018,0.03,0.00172425251824945,"Tomato_30_1_21_Scenario_1A",21
809,825,15,2.3811,-2.2057,-11.515,2.4507,-2.2821,-11.6862,0.1887,0.199976398607435,0.4314,0.3922,0.1961,17.287,2,-21.3393,"Tomato_30_1",0.00018,0.03,0.000689912026280614,"Tomato_30_1_21_Scenario_1A",21
808,826,14,-4.2938,0.6697,-9.4359,-4.4576,0.6876,-9.5491,0.1887,0.199912705949371,0.4314,0.3922,0.1961,17.2999,2,-23.4764,"Tomato_30_1",0.00018,0.03,0.000734258257491965,"Tomato_30_1_21_Scenario_1A",21
805,827,5,-2.2509,-1.5648,-14.0751,-2.2227,-1.5444,-14.2721,0.1887,0.200050993499157,0.4314,0.3922,0.1961,17.308,2,-18.7534,"Tomato_30_1",0.00018,0.03,0.00116721908954378,"Tomato_30_1_21_Scenario_1A",21
812,828,16,-0.3369,2.8897,-10.5165,-0.3763,3.0688,-10.5962,0.1887,0.199953144511408,0.4314,0.3922,0.1961,17.3088,2,-22.4293,"Tomato_30_1",0.00018,0.03,0.000709995246752354,"Tomato_30_1_21_Scenario_1A",21
815,829,18,-1.3205,0.7282,-10.5266,-1.4543,0.8262,-10.6383,0.1887,0.19995832065708,0.4314,0.3922,0.1961,17.3287,2,-22.3872,"Tomato_30_1",0.00018,0.03,0.000727794674211162,"Tomato_30_1_21_Scenario_1A",21
806,830,1,-3.8863,-4.3343,-13.2075,-3.9435,-4.3481,-13.3987,0.1887,0.200049293925273,0.4314,0.3922,0.1961,17.3304,2,-19.6268,"Tomato_30_1",0.00018,0.03,0.00131109316814835,"Tomato_30_1_21_Scenario_1A",21
814,831,11,-5.4604,3.631,-10.1065,-5.5121,3.6977,-10.2879,0.1887,0.200069337980611,0.4314,0.3922,0.1961,17.3304,2,-22.7376,"Tomato_30_1",0.00018,0.03,0.000757632326192676,"Tomato_30_1_21_Scenario_1A",21
817,832,17,1.2577,-0.6893,-11.3302,1.3514,-0.7479,-11.4969,0.1887,0.200006349899197,0.4314,0.3922,0.1961,17.3337,2,-21.5286,"Tomato_30_1",0.00018,0.03,0.000714519132384691,"Tomato_30_1_21_Scenario_1A",21
813,833,13,3.185,-0.9979,-11.6139,3.2315,-0.9775,-11.8074,0.1887,0.200051643332416,0.4314,0.3922,0.1961,17.3362,2,-21.2181,"Tomato_30_1",0.00018,0.03,0.000744632193472207,"Tomato_30_1_21_Scenario_1A",21
807,834,3,4.7889,3.6131,-11.6988,4.7808,3.6327,-11.8977,0.1887,0.200027448116502,0.4314,0.3922,0.1961,17.337,2,-21.1278,"Tomato_30_1",0.00018,0.03,0.00136955275622579,"Tomato_30_1_21_Scenario_1A",21
811,835,4,1.9325,1.0931,-15.1294,1.9565,1.1042,-15.3277,0.1887,0.200055242370701,0.4314,0.3922,0.1961,17.3375,2,-17.6978,"Tomato_30_1",0.00018,0.03,0.00124958694494237,"Tomato_30_1_21_Scenario_1A",21
819,836,12,-3.4937,-4.0999,-10.7521,-3.5889,-4.1284,-10.9257,0.1887,0.200030622655633,0.4314,0.3922,0.1961,17.3552,2,-22.0998,"Tomato_30_1",0.00018,0.03,0.000722952521579173,"Tomato_30_1_21_Scenario_1A",21
816,837,9,3.984,1.9148,-12.0951,3.9069,1.9701,-12.2711,0.1887,0.199946242775402,0.4314,0.3922,0.1961,17.3581,2,-20.7544,"Tomato_30_1",0.00018,0.03,0.000914577619844839,"Tomato_30_1_21_Scenario_1A",21
818,838,10,-4.7223,-2.2517,-12.3039,-4.7985,-2.3338,-12.4696,0.1887,0.2000083498257,0.4314,0.3922,0.1961,17.3614,2,-20.5559,"Tomato_30_1",0.00018,0.03,0.000828559005342586,"Tomato_30_1_21_Scenario_1A",21
820,839,19,-0.3874,-0.8214,-10.3991,-0.4168,-1.0099,-10.4593,0.1887,0.200051618338868,0.4314,0.3922,0.1961,17.3675,2,-22.5662,"Tomato_30_1",0.00018,0.03,0.00073489452151216,"Tomato_30_1_21_Scenario_1A",21
810,840,2,0.8251,-3.6533,-13.1016,0.7557,-3.7057,-13.2817,0.1887,0.199995324945361,0.4314,0.3922,0.1961,17.3739,2,-19.7438,"Tomato_30_1",0.00018,0.03,0.00143251339233924,"Tomato_30_1_21_Scenario_1A",21
825,841,15,2.4507,-2.2821,-11.6862,2.5129,-2.3517,-11.8631,0.1887,0.200016524317367,0.4314,0.3922,0.1961,17.3931,2,-21.1624,"Tomato_30_1",0.00018,0.03,0.000684637495433332,"Tomato_30_1_21_Scenario_1A",21
821,842,8,2.7185,-6.1461,-10.9515,2.8356,-6.2632,-11.0636,0.1887,0.199978073798104,0.4314,0.3922,0.1961,17.3993,2,-21.9619,"Tomato_30_1",0.00018,0.03,0.000955138710489349,"Tomato_30_1_21_Scenario_1A",21
822,843,7,-6.0915,-2.7378,-10.5226,-6.1991,-2.6051,-10.6265,0.1887,0.199955645081602,0.4314,0.3922,0.1961,17.4051,2,-22.399,"Tomato_30_1",0.00018,0.03,0.00103127022710973,"Tomato_30_1_21_Scenario_1A",21
49,844,20,-0.2361,-0.0786,-10.5269,-0.4107,-0.1397,-10.603,0.1887,0.200023948566166,0.4314,0.3922,0.1961,17.4058,2,-22.4225,"Tomato_30_1",0.00018,0.03,0.000740130644771681,"Tomato_30_1_21_Scenario_1A",21
823,845,6,0.7182,0.9256,-14.1877,0.6201,1.0439,-14.3157,0.1887,0.200006249902347,0.4314,0.3922,0.1961,17.4147,2,-18.7098,"Tomato_30_1",0.00018,0.03,0.00111769643772096,"Tomato_30_1_21_Scenario_1A",21
828,846,16,-0.3763,3.0688,-10.5962,-0.4403,3.2367,-10.684,0.1887,0.19998812464744,0.4314,0.3922,0.1961,17.4198,2,-22.3415,"Tomato_30_1",0.00018,0.03,0.00070470778430194,"Tomato_30_1_21_Scenario_1A",21
826,847,14,-4.4576,0.6876,-9.5491,-4.6248,0.7162,-9.655,0.1887,0.199971522972647,0.4314,0.3922,0.1961,17.4249,2,-23.3705,"Tomato_30_1",0.00018,0.03,0.000729383280946726,"Tomato_30_1_21_Scenario_1A",21
832,848,17,1.3514,-0.7479,-11.4969,1.4499,-0.7763,-11.6686,0.1887,0.19997424834213,0.4314,0.3922,0.1961,17.4426,2,-21.3569,"Tomato_30_1",0.00018,0.03,0.000708959596230297,"Tomato_30_1_21_Scenario_1A",21
829,849,18,-1.4543,0.8262,-10.6383,-1.5893,0.9195,-10.7527,0.1887,0.200043120351589,0.4314,0.3922,0.1961,17.4426,2,-22.2728,"Tomato_30_1",0.00018,0.03,0.000722553753532152,"Tomato_30_1_21_Scenario_1A",21
831,850,11,-5.5121,3.6977,-10.2879,-5.5666,3.7688,-10.4667,0.1887,0.199987249593567,0.4314,0.3922,0.1961,17.452,2,-22.5588,"Tomato_30_1",0.00018,0.03,0.000752069813799341,"Tomato_30_1_21_Scenario_1A",21
827,851,5,-2.2227,-1.5444,-14.2721,-2.196,-1.522,-14.469,0.1887,0.199960646128181,0.4314,0.3922,0.1961,17.4538,2,-18.5565,"Tomato_30_1",0.00018,0.03,0.00115972683670549,"Tomato_30_1_21_Scenario_1A",21
833,852,13,3.2315,-0.9775,-11.8074,3.2585,-0.9876,-12.0053,0.1887,0.199988549672226,0.4314,0.3922,0.1961,17.4662,2,-21.0202,"Tomato_30_1",0.00018,0.03,0.000739411267627836,"Tomato_30_1_21_Scenario_1A",21
111,853,0,-0.4479,-0.0301,-20.6843,-0.4442,-0.0402,-20.852,0.1887,0.168044607173215,0.4314,0.3922,0.1961,17.4728,1,-12.1735,"Tomato_30_1",0.00018,0.03,0.00150261066802756,"Tomato_30_1_21_Scenario_1A",21
836,854,12,-3.5889,-4.1284,-10.9257,-3.6584,-4.1908,-11.1025,0.1887,0.199955620076054,0.4314,0.3922,0.1961,17.4759,2,-21.923,"Tomato_30_1",0.00018,0.03,0.000717670838556963,"Tomato_30_1_21_Scenario_1A",21
839,855,19,-0.4168,-1.0099,-10.4593,-0.4388,-1.2008,-10.5148,0.1887,0.200017649221262,0.4314,0.3922,0.1961,17.4809,2,-22.5107,"Tomato_30_1",0.00018,0.03,0.000729334531717234,"Tomato_30_1_21_Scenario_1A",21
835,856,4,1.9565,1.1042,-15.3277,2.0124,1.1242,-15.5187,0.1887,0.2000145244726,0.4314,0.3922,0.1961,17.488,2,-17.5068,"Tomato_30_1",0.00018,0.03,0.00124218389399345,"Tomato_30_1_21_Scenario_1A",21
830,857,1,-3.9435,-4.3481,-13.3987,-3.9943,-4.3683,-13.591,0.1887,0.199919908963564,0.4314,0.3922,0.1961,17.4924,2,-19.4345,"Tomato_30_1",0.00018,0.03,0.00130307948964549,"Tomato_30_1_21_Scenario_1A",21
838,858,10,-4.7985,-2.3338,-12.4696,-4.8651,-2.4338,-12.6295,0.1887,0.20000892480087,0.4314,0.3922,0.1961,17.4936,2,-20.396,"Tomato_30_1",0.00018,0.03,0.000823210295743554,"Tomato_30_1_21_Scenario_1A",21
837,859,9,3.9069,1.9701,-12.2711,3.8253,2.0275,-12.4445,0.1887,0.200052193189677,0.4314,0.3922,0.1961,17.4991,2,-20.581,"Tomato_30_1",0.00018,0.03,0.000909374821446244,"Tomato_30_1_21_Scenario_1A",21
841,860,15,2.5129,-2.3517,-11.8631,2.585,-2.4269,-12.0338,0.1887,0.199979848984841,0.4314,0.3922,0.1961,17.4999,2,-20.9917,"Tomato_30_1",0.00018,0.03,0.000679294715745368,"Tomato_30_1_21_Scenario_1A",21
844,861,20,-0.4107,-0.1397,-10.603,-0.5982,-0.1438,-10.6725,0.1887,0.200008274828818,0.4314,0.3922,0.1961,17.5028,2,-22.353,"Tomato_30_1",0.00018,0.03,0.00073378845724376,"Tomato_30_1_21_Scenario_1A",21
834,862,3,4.7808,3.6327,-11.8977,4.7666,3.6574,-12.0957,0.1887,0.200039321134621,0.4314,0.3922,0.1961,17.5051,2,-20.9298,"Tomato_30_1",0.00018,0.03,0.00136249037709513,"Tomato_30_1_21_Scenario_1A",21
846,863,16,-0.4403,3.2367,-10.684,-0.4741,3.4029,-10.79,0.1887,0.2000021999879,0.4314,0.3922,0.1961,17.5316,2,-22.2355,"Tomato_30_1",0.00018,0.03,0.000699545189023867,"Tomato_30_1_21_Scenario_1A",21
842,864,8,2.8356,-6.2632,-11.0636,2.9488,-6.363,-11.1948,0.1887,0.199969297643414,0.4314,0.3922,0.1961,17.5402,2,-21.8307,"Tomato_30_1",0.00018,0.03,0.000949395850989085,"Tomato_30_1_21_Scenario_1A",21
847,865,14,-4.6248,0.7162,-9.655,-4.7955,0.7341,-9.7578,0.1887,0.200066838831427,0.4314,0.3922,0.1961,17.5508,2,-23.2677,"Tomato_30_1",0.00018,0.03,0.000724843198992231,"Tomato_30_1_21_Scenario_1A",21
843,866,7,-6.1991,-2.6051,-10.6265,-6.3102,-2.4749,-10.7301,0.1887,0.200070512569944,0.4314,0.3922,0.1961,17.5513,2,-22.2954,"Tomato_30_1",0.00018,0.03,0.00102595888947866,"Tomato_30_1_21_Scenario_1A",21
848,867,17,1.4499,-0.7763,-11.6686,1.5465,-0.8545,-11.8253,0.1887,0.200004224955375,0.4314,0.3922,0.1961,17.5523,2,-21.2002,"Tomato_30_1",0.00018,0.03,0.000703821985348096,"Tomato_30_1_21_Scenario_1A",21
849,868,18,-1.5893,0.9195,-10.7527,-1.7032,1.0109,-10.8893,0.1887,0.199966822248092,0.4314,0.3922,0.1961,17.5573,2,-22.1362,"Tomato_30_1",0.00018,0.03,0.000716936120896766,"Tomato_30_1_21_Scenario_1A",21
840,869,2,0.7557,-3.7057,-13.2817,0.7452,-3.7371,-13.479,0.1887,0.200058741373626,0.4314,0.3922,0.1961,17.5635,2,-19.5465,"Tomato_30_1",0.00018,0.03,0.00142661087258335,"Tomato_30_1_21_Scenario_1A",21
845,870,6,0.6201,1.0439,-14.3157,0.5245,1.1576,-14.4496,0.1887,0.199990649781434,0.4314,0.3922,0.1961,17.5678,2,-18.5759,"Tomato_30_1",0.00018,0.03,0.00111149656682592,"Tomato_30_1_21_Scenario_1A",21
850,871,11,-5.5666,3.7688,-10.4667,-5.619,3.8626,-10.6354,0.1887,0.200009724763573,0.4314,0.3922,0.1961,17.5746,2,-22.3901,"Tomato_30_1",0.00018,0.03,0.000747116924952887,"Tomato_30_1_21_Scenario_1A",21
855,872,19,-0.4388,-1.2008,-10.5148,-0.4761,-1.3874,-10.5762,0.1887,0.199952019244618,0.4314,0.3922,0.1961,17.5951,2,-22.4493,"Tomato_30_1",0.00018,0.03,0.00072387061735725,"Tomato_30_1_21_Scenario_1A",21
852,873,13,3.2585,-0.9876,-12.0053,3.2829,-1.012,-12.2023,0.1887,0.199999299998774,0.4314,0.3922,0.1961,17.5972,2,-20.8232,"Tomato_30_1",0.00018,0.03,0.000734675745714882,"Tomato_30_1_21_Scenario_1A",21
854,874,12,-3.6584,-4.1908,-11.1025,-3.7262,-4.2322,-11.2861,0.1887,0.200049393900607,0.4314,0.3922,0.1961,17.5977,2,-21.7394,"Tomato_30_1",0.00018,0.03,0.000713198544430226,"Tomato_30_1_21_Scenario_1A",21
861,875,20,-0.5982,-0.1438,-10.6725,-0.7847,-0.1295,-10.7433,0.1887,0.199998449993994,0.4314,0.3922,0.1961,17.6004,2,-22.2822,"Tomato_30_1",0.00018,0.03,0.000727677740379223,"Tomato_30_1_21_Scenario_1A",21
851,876,5,-2.196,-1.522,-14.469,-2.1731,-1.4777,-14.6627,0.1887,0.200016474321492,0.4314,0.3922,0.1961,17.6007,2,-18.3628,"Tomato_30_1",0.00018,0.03,0.00115341427318459,"Tomato_30_1_21_Scenario_1A",21
860,877,15,2.585,-2.4269,-12.0338,2.6505,-2.5065,-12.2052,0.1887,0.200010924701628,0.4314,0.3922,0.1961,17.6077,2,-20.8203,"Tomato_30_1",0.00018,0.03,0.000674375620832677,"Tomato_30_1_21_Scenario_1A",21
858,878,10,-4.8651,-2.4338,-12.6295,-4.9405,-2.532,-12.7866,0.1887,0.200022023787382,0.4314,0.3922,0.1961,17.6271,2,-20.2389,"Tomato_30_1",0.00018,0.03,0.000818146885768554,"Tomato_30_1_21_Scenario_1A",21
856,879,4,2.0124,1.1242,-15.5187,2.0594,1.1429,-15.7122,0.1887,0.200002349986192,0.4314,0.3922,0.1961,17.6401,2,-17.3133,"Tomato_30_1",0.00018,0.03,0.00123531445790883,"Tomato_30_1_21_Scenario_1A",21
859,880,9,3.8253,2.0275,-12.4445,3.7671,2.0806,-12.6283,0.1887,0.199973223207508,0.4314,0.3922,0.1961,17.6413,2,-20.3972,"Tomato_30_1",0.00018,0.03,0.000903588955519241,"Tomato_30_1_21_Scenario_1A",21
863,881,16,-0.4741,3.4029,-10.79,-0.4594,3.5848,-10.8719,0.1887,0.200028273001594,0.4314,0.3922,0.1961,17.6442,2,-22.1536,"Tomato_30_1",0.00018,0.03,0.000694622097876526,"Tomato_30_1_21_Scenario_1A",21
857,882,1,-3.9943,-4.3683,-13.591,-4.0468,-4.3854,-13.7832,0.1887,0.199973748277119,0.4314,0.3922,0.1961,17.6562,2,-19.2423,"Tomato_30_1",0.00018,0.03,0.00129663489997184,"Tomato_30_1_21_Scenario_1A",21
867,883,17,1.5465,-0.8545,-11.8253,1.6425,-0.9329,-11.9823,0.1887,0.200028897912277,0.4314,0.3922,0.1961,17.6629,2,-21.0432,"Tomato_30_1",0.00018,0.03,0.000698863884281123,"Tomato_30_1_21_Scenario_1A",21
868,884,18,-1.7032,1.0109,-10.8893,-1.8191,1.0977,-11.0273,0.1887,0.200027623092412,0.4314,0.3922,0.1961,17.6728,2,-21.9982,"Tomato_30_1",0.00018,0.03,0.000712014729861218,"Tomato_30_1_21_Scenario_1A",21
862,885,3,4.7666,3.6574,-12.0957,4.7508,3.6717,-12.2945,0.1887,0.199938915671761,0.4314,0.3922,0.1961,17.6751,2,-20.731,"Tomato_30_1",0.00018,0.03,0.00135505549621782,"Tomato_30_1_21_Scenario_1A",21
865,886,14,-4.7955,0.7341,-9.7578,-4.9714,0.7409,-9.8527,0.1887,0.199982649247379,0.4314,0.3922,0.1961,17.6776,2,-23.1728,"Tomato_30_1",0.00018,0.03,0.000719858567212491,"Tomato_30_1_21_Scenario_1A",21
864,887,8,2.9488,-6.363,-11.1948,3.0331,-6.4969,-11.3171,0.1887,0.199982474232118,0.4314,0.3922,0.1961,17.6825,2,-21.7084,"Tomato_30_1",0.00018,0.03,0.000944027141899777,"Tomato_30_1_21_Scenario_1A",21
871,888,11,-5.619,3.8626,-10.6354,-5.6714,3.9565,-10.804,0.1887,0.199972323084971,0.4314,0.3922,0.1961,17.6984,2,-22.2215,"Tomato_30_1",0.00018,0.03,0.000742153475005994,"Tomato_30_1_21_Scenario_1A",21
875,889,20,-0.7847,-0.1295,-10.7433,-0.9667,-0.1052,-10.8225,0.1887,0.199967822411507,0.4314,0.3922,0.1961,17.6986,2,-22.203,"Tomato_30_1",0.00018,0.03,0.000721700187219501,"Tomato_30_1_21_Scenario_1A",21
866,890,7,-6.3102,-2.4749,-10.7301,-6.3766,-2.3388,-10.8607,0.1887,0.199971322944066,0.4314,0.3922,0.1961,17.6988,2,-22.1648,"Tomato_30_1",0.00018,0.03,0.00101984100697497,"Tomato_30_1_21_Scenario_1A",21
872,891,19,-0.4761,-1.3874,-10.5762,-0.5081,-1.5756,-10.636,0.1887,0.200048194193299,0.4314,0.3922,0.1961,17.7101,2,-22.3895,"Tomato_30_1",0.00018,0.03,0.000719197365009752,"Tomato_30_1_21_Scenario_1A",21
112,892,0,-0.4442,-0.0402,-20.852,-0.4425,-0.054,-21.0515,0.1887,0.199983949355943,0.4314,0.3922,0.1961,17.7142,1,-11.974,"Tomato_30_1",0.00018,0.03,0.00184181927517148,"Tomato_30_1_21_Scenario_1A",21
877,893,15,2.6505,-2.5065,-12.2052,2.722,-2.5806,-12.3767,0.1887,0.200038271338262,0.4314,0.3922,0.1961,17.7162,2,-20.6488,"Tomato_30_1",0.00018,0.03,0.000669633710044503,"Tomato_30_1_21_Scenario_1A",21
874,894,12,-3.7262,-4.2322,-11.2861,-3.78,-4.2737,-11.4742,0.1887,0.199995749954843,0.4314,0.3922,0.1961,17.7207,2,-21.5513,"Tomato_30_1",0.00018,0.03,0.000708402158627042,"Tomato_30_1_21_Scenario_1A",21
870,895,6,0.5245,1.1576,-14.4496,0.4157,1.2651,-14.5784,0.1887,0.199957820552235,0.4314,0.3922,0.1961,17.7225,2,-18.4471,"Tomato_30_1",0.00018,0.03,0.00110551933183502,"Tomato_30_1_21_Scenario_1A",21
873,896,13,3.2829,-1.012,-12.2023,3.3131,-1.0236,-12.3996,0.1887,0.199934714344458,0.4314,0.3922,0.1961,17.7294,2,-20.6259,"Tomato_30_1",0.00018,0.03,0.000729874343347136,"Tomato_30_1_21_Scenario_1A",21
876,897,5,-2.1731,-1.4777,-14.6627,-2.2003,-1.4579,-14.8599,0.1887,0.200049293925273,0.4314,0.3922,0.1961,17.7489,2,-18.1656,"Tomato_30_1",0.00018,0.03,0.00114729295332959,"Tomato_30_1_21_Scenario_1A",21
869,898,2,0.7452,-3.7371,-13.479,0.7419,-3.7426,-13.6788,0.1887,0.199902926441812,0.4314,0.3922,0.1961,17.7559,2,-19.3467,"Tomato_30_1",0.00018,0.03,0.00141955499769145,"Tomato_30_1_21_Scenario_1A",21
881,899,16,-0.4594,3.5848,-10.8719,-0.449,3.771,-10.9441,0.1887,0.199978598854978,0.4314,0.3922,0.1961,17.7578,2,-22.0814,"Tomato_30_1",0.00018,0.03,0.000689634471802783,"Tomato_30_1_21_Scenario_1A",21
878,900,10,-4.9405,-2.532,-12.7866,-5.0167,-2.625,-12.9464,0.1887,0.199978698865655,0.4314,0.3922,0.1961,17.7619,2,-20.0791,"Tomato_30_1",0.00018,0.03,0.000813086611230107,"Tomato_30_1_21_Scenario_1A",21
883,901,17,1.6425,-0.9329,-11.9823,1.7674,-0.9552,-12.1369,0.1887,0.199996149962943,0.4314,0.3922,0.1961,17.7744,2,-20.8886,"Tomato_30_1",0.00018,0.03,0.000693904328758832,"Tomato_30_1_21_Scenario_1A",21
880,902,9,3.7671,2.0806,-12.6283,3.6801,2.1331,-12.8006,0.1887,0.200031347543329,0.4314,0.3922,0.1961,17.7847,2,-20.2249,"Tomato_30_1",0.00018,0.03,0.00089868063268104,"Tomato_30_1_21_Scenario_1A",21
884,903,18,-1.8191,1.0977,-11.0273,-1.9096,1.1707,-11.19,0.1887,0.199976348601528,0.4314,0.3922,0.1961,17.789,2,-21.8355,"Tomato_30_1",0.00018,0.03,0.000706896581199352,"Tomato_30_1_21_Scenario_1A",21
879,904,4,2.0594,1.1429,-15.7122,2.1335,1.1973,-15.8898,0.1887,0.199979823982321,0.4314,0.3922,0.1961,17.7936,2,-17.1357,"Tomato_30_1",0.00018,0.03,0.00122873431722737,"Tomato_30_1_21_Scenario_1A",21
889,905,20,-0.9667,-0.1052,-10.8225,-1.1445,-0.0962,-10.9136,0.1887,0.199982624245208,0.4314,0.3922,0.1961,17.7975,2,-22.1119,"Tomato_30_1",0.00018,0.03,0.000716092627956191,"Tomato_30_1_21_Scenario_1A",21
886,906,14,-4.9714,0.7409,-9.8527,-5.1501,0.731,-9.942,0.1887,0.200015474401357,0.4314,0.3922,0.1961,17.8053,2,-23.0835,"Tomato_30_1",0.00018,0.03,0.000715501842779749,"Tomato_30_1_21_Scenario_1A",21
882,907,1,-4.0468,-4.3854,-13.7832,-4.0807,-4.401,-13.9798,0.1887,0.200110294587758,0.4314,0.3922,0.1961,17.8219,2,-19.0457,"Tomato_30_1",0.00018,0.03,0.0012910861788695,"Tomato_30_1_21_Scenario_1A",21
888,908,11,-5.6714,3.9565,-10.804,-5.7211,4.043,-10.9774,0.1887,0.200049743813882,0.4314,0.3922,0.1961,17.8232,2,-22.0481,"Tomato_30_1",0.00018,0.03,0.000737826006595661,"Tomato_30_1_21_Scenario_1A",21
893,909,15,2.722,-2.5806,-12.3767,2.7807,-2.6665,-12.5475,0.1887,0.199992849872189,0.4314,0.3922,0.1961,17.8257,2,-20.478,"Tomato_30_1",0.00018,0.03,0.000664839396821829,"Tomato_30_1_21_Scenario_1A",21
891,910,19,-0.5081,-1.5756,-10.636,-0.5443,-1.7616,-10.6999,0.1887,0.199974123325995,0.4314,0.3922,0.1961,17.826,2,-22.3256,"Tomato_30_1",0.00018,0.03,0.000714115807612613,"Tomato_30_1_21_Scenario_1A",21
887,911,8,3.0331,-6.4969,-11.3171,3.0994,-6.6194,-11.4606,0.1887,0.199985474472522,0.4314,0.3922,0.1961,17.8262,2,-21.5649,"Tomato_30_1",0.00018,0.03,0.000938878322238428,"Tomato_30_1_21_Scenario_1A",21
894,912,12,-3.78,-4.2737,-11.4742,-3.8527,-4.3716,-11.6327,0.1887,0.199979873987359,0.4314,0.3922,0.1961,17.8448,2,-21.3928,"Tomato_30_1",0.00018,0.03,0.0007039435141466,"Tomato_30_1_21_Scenario_1A",21
885,913,3,4.7508,3.6717,-12.2945,4.7439,3.6755,-12.4944,0.1887,0.200055142398291,0.4314,0.3922,0.1961,17.847,2,-20.5311,"Tomato_30_1",0.00018,0.03,0.00134947383950661,"Tomato_30_1_21_Scenario_1A",21
890,914,7,-6.3766,-2.3388,-10.8607,-6.4279,-2.2069,-11.002,0.1887,0.199987474607787,0.4314,0.3922,0.1961,17.8479,2,-22.0235,"Tomato_30_1",0.00018,0.03,0.00101460506483219,"Tomato_30_1_21_Scenario_1A",21
896,915,13,3.3131,-1.0236,-12.3996,3.3121,-1.0116,-12.5993,0.1887,0.20006271516702,0.4314,0.3922,0.1961,17.8628,2,-20.4262,"Tomato_30_1",0.00018,0.03,0.000725981641469352,"Tomato_30_1_21_Scenario_1A",21
899,916,16,-0.449,3.771,-10.9441,-0.4108,3.9454,-11.0342,0.1887,0.199981524146607,0.4314,0.3922,0.1961,17.8721,2,-21.9913,"Tomato_30_1",0.00018,0.03,0.000685026147179106,"Tomato_30_1_21_Scenario_1A",21
895,917,6,0.4157,1.2651,-14.5784,0.3071,1.3758,-14.7047,0.1887,0.200000349999694,0.4314,0.3922,0.1961,17.8789,2,-18.3208,"Tomato_30_1",0.00018,0.03,0.00110027290873067,"Tomato_30_1_21_Scenario_1A",21
51,918,21,-0.2474,-0.0721,-10.9226,-0.3899,0.0605,-10.9684,0.1887,0.199966622214809,0.4314,0.3922,0.1961,17.8823,2,-22.0571,"Tomato_30_1",0.00018,0.03,0.000726434897658175,"Tomato_30_1_21_Scenario_1A",21
901,919,17,1.7674,-0.9552,-12.1369,1.8883,-0.9264,-12.2936,0.1887,0.200002849979693,0.4314,0.3922,0.1961,17.8868,2,-20.7319,"Tomato_30_1",0.00018,0.03,0.000689280060506369,"Tomato_30_1_21_Scenario_1A",21
905,920,20,-1.1445,-0.0962,-10.9136,-1.317,-0.0937,-11.0148,0.1887,0.200009849757455,0.4314,0.3922,0.1961,17.897,2,-22.0107,"Tomato_30_1",0.00018,0.03,0.000710731551853618,"Tomato_30_1_21_Scenario_1A",21
900,921,10,-5.0167,-2.625,-12.9464,-5.1233,-2.7202,-13.0863,0.1887,0.19999652496981,0.4314,0.3922,0.1961,17.8981,2,-19.9392,"Tomato_30_1",0.00018,0.03,0.000808507279421034,"Tomato_30_1_21_Scenario_1A",21
897,922,5,-2.2003,-1.4579,-14.8599,-2.2585,-1.4309,-15.0493,0.1887,0.199971497969086,0.4314,0.3922,0.1961,17.8983,2,-17.9762,"Tomato_30_1",0.00018,0.03,0.00114086575917353,"Tomato_30_1_21_Scenario_1A",21
903,923,18,-1.9096,1.1707,-11.19,-2.0053,1.2396,-11.3516,0.1887,0.200050643588067,0.4314,0.3922,0.1961,17.906,2,-21.6739,"Tomato_30_1",0.00018,0.03,0.000702422716706203,"Tomato_30_1_21_Scenario_1A",21
902,924,9,3.6801,2.1331,-12.8006,3.5934,2.1934,-12.9704,0.1887,0.199962546493087,0.4314,0.3922,0.1961,17.9294,2,-20.0551,"Tomato_30_1",0.00018,0.03,0.00089345810865138,"Tomato_30_1_21_Scenario_1A",21
906,925,14,-5.1501,0.731,-9.942,-5.3214,0.738,-10.045,0.1887,0.200004224955374,0.4314,0.3922,0.1961,17.934,2,-22.9805,"Tomato_30_1",0.00018,0.03,0.000711190331480636,"Tomato_30_1_21_Scenario_1A",21
909,926,15,2.7807,-2.6665,-12.5475,2.8484,-2.7607,-12.7104,0.1887,0.199983349306886,0.4314,0.3922,0.1961,17.936,2,-20.3151,"Tomato_30_1",0.00018,0.03,0.000660355579072766,"Tomato_30_1_21_Scenario_1A",21
910,927,19,-0.5443,-1.7616,-10.6999,-0.5731,-1.9508,-10.7579,0.1887,0.199975198462209,0.4314,0.3922,0.1961,17.9426,2,-22.2676,"Tomato_30_1",0.00018,0.03,0.00070950841923438,"Tomato_30_1_21_Scenario_1A",21
904,928,4,2.1335,1.1973,-15.8898,2.2015,1.27,-16.0632,0.1887,0.199942116623786,0.4314,0.3922,0.1961,17.9487,2,-16.9623,"Tomato_30_1",0.00018,0.03,0.00122241327774226,"Tomato_30_1_21_Scenario_1A",21
908,929,11,-5.7211,4.043,-10.9774,-5.7424,4.1582,-11.1394,0.1887,0.199921809715699,0.4314,0.3922,0.1961,17.9492,2,-21.8861,"Tomato_30_1",0.00018,0.03,0.000732952680294947,"Tomato_30_1_21_Scenario_1A",21
898,930,2,0.7419,-3.7426,-13.6788,0.7431,-3.7484,-13.8788,0.1887,0.200087680780201,0.4314,0.3922,0.1961,17.9513,2,-19.1467,"Tomato_30_1",0.00018,0.03,0.00141532063465491,"Tomato_30_1_21_Scenario_1A",21
113,931,0,-0.4425,-0.054,-21.0515,-0.4408,-0.0702,-21.2509,0.1887,0.200064214691184,0.4314,0.3922,0.1961,17.957,1,-11.7746,"Tomato_30_1",0.00018,0.03,0.00174849493119286,"Tomato_30_1_21_Scenario_1A",21
114,932,0,-0.4408,-0.0702,-21.2509,-0.4408,-0.0703,-21.2521,0.1887,0.00120415945787644,0.4314,0.3922,0.1961,17.9585,1,-11.7734,"Tomato_30_1",0.00018,0.03,1.03480996110451e-05,"Tomato_30_1_21_Scenario_1A",21
912,933,12,-3.8527,-4.3716,-11.6327,-3.9385,-4.4496,-11.7956,0.1887,0.199955119964457,0.4314,0.3922,0.1961,17.9701,2,-21.2299,"Tomato_30_1",0.00018,0.03,0.000699655193376062,"Tomato_30_1_21_Scenario_1A",21
911,934,8,3.0994,-6.6194,-11.4606,3.1561,-6.7417,-11.6084,0.1887,0.200042545474707,0.4314,0.3922,0.1961,17.9714,2,-21.4171,"Tomato_30_1",0.00018,0.03,0.000934248290258943,"Tomato_30_1_21_Scenario_1A",21
918,935,21,-0.3899,0.0605,-10.9684,-0.5333,0.1752,-11.0478,0.1887,0.200060015995201,0.4314,0.3922,0.1961,17.9747,2,-21.9777,"Tomato_30_1",0.00018,0.03,0.000721072682420307,"Tomato_30_1_21_Scenario_1A",21
916,936,16,-0.4108,3.9454,-11.0342,-0.347,4.1166,-11.1157,0.1887,0.200055317349977,0.4314,0.3922,0.1961,17.9874,2,-21.9098,"Tomato_30_1",0.00018,0.03,0.000680852944464436,"Tomato_30_1_21_Scenario_1A",21
907,937,1,-4.0807,-4.401,-13.9798,-4.1015,-4.404,-14.1786,0.1887,0.19990767869194,0.4314,0.3922,0.1961,17.9896,2,-18.8469,"Tomato_30_1",0.00018,0.03,0.00128371944269633,"Tomato_30_1_21_Scenario_1A",21
920,938,20,-1.317,-0.0937,-11.0148,-1.4835,-0.1096,-11.1244,0.1887,0.199968047447586,0.4314,0.3922,0.1961,17.9972,2,-21.9011,"Tomato_30_1",0.00018,0.03,0.00070532796207859,"Tomato_30_1_21_Scenario_1A",21
915,939,13,3.3121,-1.0116,-12.5993,3.3111,-0.999,-12.7989,0.1887,0.1999997999999,0.4314,0.3922,0.1961,17.9973,2,-20.2266,"Tomato_30_1",0.00018,0.03,0.000721600573023795,"Tomato_30_1_21_Scenario_1A",21
914,940,7,-6.4279,-2.2069,-11.002,-6.4905,-2.0814,-11.1446,0.1887,0.200009424777934,0.4314,0.3922,0.1961,17.9984,2,-21.8809,"Tomato_30_1",0.00018,0.03,0.00100968575029171,"Tomato_30_1_21_Scenario_1A",21
919,941,17,1.8883,-0.9264,-12.2936,2.0011,-0.9031,-12.4571,0.1887,0.199997449983744,0.4314,0.3922,0.1961,18.0001,2,-20.5684,"Tomato_30_1",0.00018,0.03,0.000684810181024635,"Tomato_30_1_21_Scenario_1A",21
913,942,3,4.7439,3.6755,-12.4944,4.7172,3.6985,-12.6912,0.1887,0.199930312859256,0.4314,0.3922,0.1961,18.021,2,-20.3343,"Tomato_30_1",0.00018,0.03,0.00134265025016748,"Tomato_30_1_21_Scenario_1A",21
923,943,18,-2.0053,1.2396,-11.3516,-2.1078,1.3196,-11.5035,0.1887,0.199949643660599,0.4314,0.3922,0.1961,18.0239,2,-21.522,"Tomato_30_1",0.00018,0.03,0.000697534073386912,"Tomato_30_1_21_Scenario_1A",21
921,944,10,-5.1233,-2.7202,-13.0863,-5.2304,-2.8364,-13.209,0.1887,0.200070337631544,0.4314,0.3922,0.1961,18.0357,2,-19.8165,"Tomato_30_1",0.00018,0.03,0.00080438129085809,"Tomato_30_1_21_Scenario_1A",21
917,945,6,0.3071,1.3758,-14.7047,0.1798,1.469,-14.8277,0.1887,0.20005131841605,0.4314,0.3922,0.1961,18.0369,2,-18.1978,"Tomato_30_1",0.00018,0.03,0.00109538228536396,"Tomato_30_1_21_Scenario_1A",21
926,946,15,2.8484,-2.7607,-12.7104,2.9131,-2.86,-12.8715,0.1887,0.19999947499931,0.4314,0.3922,0.1961,18.0473,2,-20.154,"Tomato_30_1",0.00018,0.03,0.000656144069334491,"Tomato_30_1_21_Scenario_1A",21
922,947,5,-2.2585,-1.4309,-15.0493,-2.3491,-1.4409,-15.2273,0.1887,0.199980899087887,0.4314,0.3922,0.1961,18.049,2,-17.7982,"Tomato_30_1",0.00018,0.03,0.0011352637270581,"Tomato_30_1_21_Scenario_1A",21
927,948,19,-0.5731,-1.9508,-10.7579,-0.58,-2.146,-10.801,0.1887,0.200020648934054,0.4314,0.3922,0.1961,18.0601,2,-22.2245,"Tomato_30_1",0.00018,0.03,0.00070525879544935,"Tomato_30_1_21_Scenario_1A",21
925,949,14,-5.3214,0.738,-10.045,-5.4765,0.6744,-10.154,0.1887,0.199954919919466,0.4314,0.3922,0.1961,18.0637,2,-22.8715,"Tomato_30_1",0.00018,0.03,0.00070694773586121,"Tomato_30_1_21_Scenario_1A",21
935,950,21,-0.5333,0.1752,-11.0478,-0.6703,0.2636,-11.1636,0.1887,0.199982999277439,0.4314,0.3922,0.1961,18.0677,2,-21.8619,"Tomato_30_1",0.00018,0.03,0.000715300694174526,"Tomato_30_1_21_Scenario_1A",21
924,951,9,3.5934,2.1934,-12.9704,3.509,2.2587,-13.1395,0.1887,0.199955645081603,0.4314,0.3922,0.1961,18.0752,2,-19.886,"Tomato_30_1",0.00018,0.03,0.000888769110203966,"Tomato_30_1_21_Scenario_1A",21
929,952,11,-5.7424,4.1582,-11.1394,-5.7198,4.302,-11.2766,0.1887,0.200032597343533,0.4314,0.3922,0.1961,18.0764,2,-21.7489,"Tomato_30_1",0.00018,0.03,0.000729163783106908,"Tomato_30_1_21_Scenario_1A",21
933,953,12,-3.9385,-4.4496,-11.7956,-4.0001,-4.5036,-11.9781,0.1887,0.200042020585675,0.4314,0.3922,0.1961,18.0967,2,-21.0474,"Tomato_30_1",0.00018,0.03,0.000695954771194959,"Tomato_30_1_21_Scenario_1A",21
938,954,20,-1.4835,-0.1096,-11.1244,-1.6247,-0.1913,-11.2401,0.1887,0.199997049978244,0.4314,0.3922,0.1961,18.0981,2,-21.7854,"Tomato_30_1",0.00018,0.03,0.000700375331046072,"Tomato_30_1_21_Scenario_1A",21
936,955,16,-0.347,4.1166,-11.1157,-0.2762,4.2827,-11.2015,0.1887,0.199908704162675,0.4314,0.3922,0.1961,18.1035,2,-21.824,"Tomato_30_1",0.00018,0.03,0.000676125610069061,"Tomato_30_1_21_Scenario_1A",21
928,956,4,2.2015,1.27,-16.0632,2.2508,1.3608,-16.2345,0.1887,0.200047044467047,0.4314,0.3922,0.1961,18.1054,2,-16.791,"Tomato_30_1",0.00018,0.03,0.00121730921963943,"Tomato_30_1_21_Scenario_1A",21
941,957,17,2.0011,-0.9031,-12.4571,2.0793,-0.8695,-12.638,0.1887,0.199922509988245,0.4314,0.3922,0.1961,18.1143,2,-20.3875,"Tomato_30_1",0.00018,0.03,0.000680299604218818,"Tomato_30_1_21_Scenario_1A",21
934,958,8,3.1561,-6.7417,-11.6084,3.1953,-6.8682,-11.7583,0.1887,0.200022248762482,0.4314,0.3922,0.1961,18.1181,2,-21.2672,"Tomato_30_1",0.00018,0.03,0.000929521468902951,"Tomato_30_1_21_Scenario_1A",21
939,959,13,3.3111,-0.999,-12.7989,3.3066,-0.9663,-12.9961,0.1887,0.199943442002983,0.4314,0.3922,0.1961,18.133,2,-20.0294,"Tomato_30_1",0.00018,0.03,0.000717452130821501,"Tomato_30_1_21_Scenario_1A",21
943,960,18,-2.1078,1.3196,-11.5035,-2.168,1.3709,-11.6872,0.1887,0.200003549968494,0.4314,0.3922,0.1961,18.1425,2,-21.3383,"Tomato_30_1",0.00018,0.03,0.000693385951523413,"Tomato_30_1_21_Scenario_1A",21
930,961,2,0.7431,-3.7484,-13.8788,0.7836,-3.7582,-14.0744,0.1887,0.19998912470432,0.4314,0.3922,0.1961,18.1497,2,-18.9511,"Tomato_30_1",0.00018,0.03,0.00140948129905501,"Tomato_30_1_21_Scenario_1A",21
940,962,7,-6.4905,-2.0814,-11.1446,-6.5439,-1.9726,-11.3037,0.1887,0.200004524948811,0.4314,0.3922,0.1961,18.1505,2,-21.7218,"Tomato_30_1",0.00018,0.03,0.00100491756799435,"Tomato_30_1_21_Scenario_1A",21
937,963,1,-4.1015,-4.404,-14.1786,-4.1213,-4.4068,-14.3776,0.1887,0.2000021999879,0.4314,0.3922,0.1961,18.1592,2,-18.6479,"Tomato_30_1",0.00018,0.03,0.0012786311035945,"Tomato_30_1_21_Scenario_1A",21
946,964,15,2.9131,-2.86,-12.8715,2.9737,-2.9301,-13.0487,0.1887,0.199965522028174,0.4314,0.3922,0.1961,18.1594,2,-19.9768,"Tomato_30_1",0.00018,0.03,0.00065195548331412,"Tomato_30_1_21_Scenario_1A",21
950,965,21,-0.6703,0.2636,-11.1636,-0.7902,0.3599,-11.2914,0.1887,0.199956345235653,0.4314,0.3922,0.1961,18.1614,2,-21.7341,"Tomato_30_1",0.00018,0.03,0.000709916603191784,"Tomato_30_1_21_Scenario_1A",21
944,966,10,-5.2304,-2.8364,-13.209,-5.3315,-2.9255,-13.3567,0.1887,0.19993826547212,0.4314,0.3922,0.1961,18.1747,2,-19.6688,"Tomato_30_1",0.00018,0.03,0.000799658226465425,"Tomato_30_1_21_Scenario_1A",21
948,967,19,-0.58,-2.146,-10.801,-0.5703,-2.3395,-10.8505,0.1887,0.199966472189715,0.4314,0.3922,0.1961,18.1785,2,-22.175,"Tomato_30_1",0.00018,0.03,0.000700858796500666,"Tomato_30_1_21_Scenario_1A",21
949,968,14,-5.4765,0.6744,-10.154,-5.6631,0.6462,-10.2202,0.1887,0.199993099880971,0.4314,0.3922,0.1961,18.1943,2,-22.8053,"Tomato_30_1",0.00018,0.03,0.000703215951076957,"Tomato_30_1_21_Scenario_1A",21
945,969,6,0.1798,1.469,-14.8277,0.0826,1.544,-14.9856,0.1887,0.200013124569364,0.4314,0.3922,0.1961,18.1967,2,-18.0399,"Tomato_30_1",0.00018,0.03,0.00109031468408427,"Tomato_30_1_21_Scenario_1A",21
942,970,3,4.7172,3.6985,-12.6912,4.6923,3.7225,-12.8882,0.1887,0.200012524607835,0.4314,0.3922,0.1961,18.1969,2,-20.1373,"Tomato_30_1",0.00018,0.03,0.00133760114347485,"Tomato_30_1_21_Scenario_1A",21
954,971,20,-1.6247,-0.1913,-11.2401,-1.7653,-0.2936,-11.339,0.1887,0.200037146550335,0.4314,0.3922,0.1961,18.1996,2,-21.6865,"Tomato_30_1",0.00018,0.03,0.000695658286768211,"Tomato_30_1_21_Scenario_1A",21
947,972,5,-2.3491,-1.4409,-15.2273,-2.4479,-1.4448,-15.4012,0.1887,0.200044645017056,0.4314,0.3922,0.1961,18.2009,2,-17.6243,"Tomato_30_1",0.00018,0.03,0.00113029027161917,"Tomato_30_1_21_Scenario_1A",21
115,973,0,-0.4408,-0.0703,-21.2521,-0.4394,-0.0959,-21.4504,0.1887,0.199950518879046,0.4314,0.3922,0.1961,18.2027,1,-11.5751,"Tomato_30_1",0.00018,0.03,0.00178461655113666,"Tomato_30_1_21_Scenario_1A",21
952,974,11,-5.7198,4.302,-11.2766,-5.6961,4.4485,-11.4106,0.1887,0.199949843710867,0.4314,0.3922,0.1961,18.2047,2,-21.6149,"Tomato_30_1",0.00018,0.03,0.000724875865170954,"Tomato_30_1_21_Scenario_1A",21
955,975,16,-0.2762,4.2827,-11.2015,-0.2238,4.428,-11.3286,0.1887,0.200030647651804,0.4314,0.3922,0.1961,18.2206,2,-21.6969,"Tomato_30_1",0.00018,0.03,0.000672499847856245,"Tomato_30_1_21_Scenario_1A",21
951,976,9,3.509,2.2587,-13.1395,3.4415,2.3174,-13.3184,0.1887,0.200017874201283,0.4314,0.3922,0.1961,18.2224,2,-19.7071,"Tomato_30_1",0.00018,0.03,0.000884638394482561,"Tomato_30_1_21_Scenario_1A",21
953,977,12,-4.0001,-4.5036,-11.9781,-4.0469,-4.6015,-12.1461,0.1887,0.199996624971524,0.4314,0.3922,0.1961,18.2245,2,-20.8794,"Tomato_30_1",0.00018,0.03,0.000691990851166254,"Tomato_30_1_21_Scenario_1A",21
957,978,17,2.0793,-0.8695,-12.638,2.1521,-0.8296,-12.82,0.1887,0.200039621075426,0.4314,0.3922,0.1961,18.2294,2,-20.2055,"Tomato_30_1",0.00018,0.03,0.000676634863598894,"Tomato_30_1_21_Scenario_1A",21
965,979,21,-0.7902,0.3599,-11.2914,-0.9075,0.4344,-11.4353,0.1887,0.200041870617129,0.4314,0.3922,0.1961,18.2557,2,-21.5902,"Tomato_30_1",0.00018,0.03,0.00070513054604052,"Tomato_30_1_21_Scenario_1A",21
960,980,18,-2.168,1.3709,-11.6872,-2.1955,1.4367,-11.8741,0.1887,0.20004374521589,0.4314,0.3922,0.1961,18.262,2,-21.1514,"Tomato_30_1",0.00018,0.03,0.000689384606122936,"Tomato_30_1_21_Scenario_1A",21
956,981,4,2.2508,1.3608,-16.2345,2.2834,1.366,-16.4317,0.1887,0.19994409218579,0.4314,0.3922,0.1961,18.2637,2,-16.5938,"Tomato_30_1",0.00018,0.03,0.00121128627463729,"Tomato_30_1_21_Scenario_1A",21
958,982,8,3.1953,-6.8682,-11.7583,3.2479,-6.9926,-11.9058,0.1887,0.199995924958485,0.4314,0.3922,0.1961,18.2663,2,-21.1197,"Tomato_30_1",0.00018,0.03,0.000925032766780768,"Tomato_30_1_21_Scenario_1A",21
959,983,13,3.3066,-0.9663,-12.9961,3.308,-0.9437,-13.1948,0.1887,0.199986024511715,0.4314,0.3922,0.1961,18.27,2,-19.8307,"Tomato_30_1",0.00018,0.03,0.000713863263462485,"Tomato_30_1_21_Scenario_1A",21
964,984,15,2.9737,-2.9301,-13.0487,3.0306,-3.0077,-13.2241,0.1887,0.200061315600992,0.4314,0.3922,0.1961,18.2725,2,-19.8014,"Tomato_30_1",0.00018,0.03,0.000648373653075958,"Tomato_30_1_21_Scenario_1A",21
967,985,19,-0.5703,-2.3395,-10.8505,-0.5671,-2.5358,-10.8889,0.1887,0.200046219659358,0.4314,0.3922,0.1961,18.2977,2,-22.1366,"Tomato_30_1",0.00018,0.03,0.000697126911698515,"Tomato_30_1_21_Scenario_1A",21
971,986,20,-1.7653,-0.2936,-11.339,-1.8803,-0.3848,-11.4748,0.1887,0.199960196039112,0.4314,0.3922,0.1961,18.3018,2,-21.5507,"Tomato_30_1",0.00018,0.03,0.000690733413494494,"Tomato_30_1_21_Scenario_1A",21
962,987,7,-6.5439,-1.9726,-11.3037,-6.6113,-1.8616,-11.4558,0.1887,0.199995424947673,0.4314,0.3922,0.1961,18.3042,2,-21.5697,"Tomato_30_1",0.00018,0.03,0.00100041473050563,"Tomato_30_1_21_Scenario_1A",21
966,988,10,-5.3315,-2.9255,-13.3567,-5.4222,-3.0342,-13.498,0.1887,0.200019674032331,0.4314,0.3922,0.1961,18.3152,2,-19.5275,"Tomato_30_1",0.00018,0.03,0.000796018207092127,"Tomato_30_1_21_Scenario_1A",21
968,989,14,-5.6631,0.6462,-10.2202,-5.8507,0.6173,-10.2834,0.1887,0.200058016585189,0.4314,0.3922,0.1961,18.326,2,-22.7421,"Tomato_30_1",0.00018,0.03,0.000699775386940337,"Tomato_30_1_21_Scenario_1A",21
963,990,1,-4.1213,-4.4068,-14.3776,-4.1321,-4.3991,-14.5772,0.1887,0.200040220955687,0.4314,0.3922,0.1961,18.3308,2,-18.4483,"Tomato_30_1",0.00018,0.03,0.0012735398148582,"Tomato_30_1_21_Scenario_1A",21
974,991,11,-5.6961,4.4485,-11.4106,-5.6729,4.5949,-11.5449,0.1887,0.200019224076087,0.4314,0.3922,0.1961,18.3342,2,-21.4806,"Tomato_30_1",0.00018,0.03,0.000721346203431146,"Tomato_30_1_21_Scenario_1A",21
975,992,16,-0.2238,4.428,-11.3286,-0.1703,4.5728,-11.4558,0.1887,0.200022823697697,0.4314,0.3922,0.1961,18.3386,2,-21.5697,"Tomato_30_1",0.00018,0.03,0.000668625725700207,"Tomato_30_1_21_Scenario_1A",21
978,993,17,2.1521,-0.8296,-12.82,2.2314,-0.7982,-13.0009,0.1887,0.199998149991443,0.4314,0.3922,0.1961,18.3454,2,-20.0246,"Tomato_30_1",0.00018,0.03,0.000672623921808752,"Tomato_30_1_21_Scenario_1A",21
979,994,21,-0.9075,0.4344,-11.4353,-1.0206,0.5079,-11.583,0.1887,0.200022873691986,0.4314,0.3922,0.1961,18.3507,2,-21.4425,"Tomato_30_1",0.00018,0.03,0.000700174189573027,"Tomato_30_1_21_Scenario_1A",21
961,995,2,0.7836,-3.7582,-14.0744,0.8055,-3.7396,-14.2723,0.1887,0.199974948431046,0.4314,0.3922,0.1961,18.3512,2,-18.7532,"Tomato_30_1",0.00018,0.03,0.00140464205386444,"Tomato_30_1_21_Scenario_1A",21
977,996,12,-4.0469,-4.6015,-12.1461,-4.083,-4.6293,-12.3409,0.1887,0.200057716671964,0.4314,0.3922,0.1961,18.3535,2,-20.6846,"Tomato_30_1",0.00018,0.03,0.000688591961712589,"Tomato_30_1_21_Scenario_1A",21
53,997,22,-0.2987,-0.0521,-11.2988,-0.2539,0.1278,-11.3739,0.1887,0.200027648088958,0.4314,0.3922,0.1961,18.3537,2,-21.6516,"Tomato_30_1",0.00018,0.03,0.000717436628932444,"Tomato_30_1_21_Scenario_1A",21
972,998,5,-2.4479,-1.4448,-15.4012,-2.526,-1.414,-15.5827,0.1887,0.199976248589678,0.4314,0.3922,0.1961,18.3541,2,-17.4428,"Tomato_30_1",0.00018,0.03,0.00112489191557395,"Tomato_30_1_21_Scenario_1A",21
969,999,6,0.0826,1.544,-14.9856,0.0036,1.5919,-15.163,0.1887,0.20001542440522,0.4314,0.3922,0.1961,18.3581,2,-17.8625,"Tomato_30_1",0.00018,0.03,0.00108577945703998,"Tomato_30_1_21_Scenario_1A",21
976,1000,9,3.4415,2.3174,-13.3184,3.3707,2.374,-13.4967,0.1887,0.200017724214631,0.4314,0.3922,0.1961,18.3708,2,-19.5288,"Tomato_30_1",0.00018,0.03,0.000880481487547761,"Tomato_30_1_21_Scenario_1A",21
970,1001,3,4.6923,3.7225,-12.8882,4.6456,3.7452,-13.0814,0.1887,0.200056042148195,0.4314,0.3922,0.1961,18.3749,2,-19.9441,"Tomato_30_1",0.00018,0.03,0.00133266875814484,"Tomato_30_1_21_Scenario_1A",21
980,1002,18,-2.1955,1.4367,-11.8741,-2.2053,1.511,-12.0595,0.1887,0.199974223338909,0.4314,0.3922,0.1961,18.3823,2,-20.966,"Tomato_30_1",0.00018,0.03,0.000685202186158213,"Tomato_30_1_21_Scenario_1A",21
984,1003,15,3.0306,-3.0077,-13.2241,3.0742,-3.1019,-13.395,0.1887,0.199953519598931,0.4314,0.3922,0.1961,18.3865,2,-19.6305,"Tomato_30_1",0.00018,0.03,0.000644316767321281,"Tomato_30_1_21_Scenario_1A",21
986,1004,20,-1.8803,-0.3848,-11.4748,-2.0448,-0.4436,-11.5722,0.1887,0.200011124690603,0.4314,0.3922,0.1961,18.4047,2,-21.4533,"Tomato_30_1",0.00018,0.03,0.000686447782955576,"Tomato_30_1_21_Scenario_1A",21
983,1005,13,3.308,-0.9437,-13.1948,3.3259,-0.9228,-13.393,0.1887,0.200101124434622,0.4314,0.3922,0.1961,18.4081,2,-19.6325,"Tomato_30_1",0.00018,0.03,0.000710732133538788,"Tomato_30_1_21_Scenario_1A",21
982,1006,8,3.2479,-6.9926,-11.9058,3.3259,-7.1283,-12.0303,0.1887,0.199996849975194,0.4314,0.3922,0.1961,18.416,2,-20.9952,"Tomato_30_1",0.00018,0.03,0.000920934159328132,"Tomato_30_1_21_Scenario_1A",21
985,1007,19,-0.5671,-2.5358,-10.8889,-0.5638,-2.732,-10.9277,0.1887,0.200026923187855,0.4314,0.3922,0.1961,18.4179,2,-22.0978,"Tomato_30_1",0.00018,0.03,0.000693246461675786,"Tomato_30_1_21_Scenario_1A",21
981,1008,4,2.2834,1.366,-16.4317,2.3186,1.3675,-16.6286,0.1887,0.200027248143846,0.4314,0.3922,0.1961,18.4237,2,-16.3969,"Tomato_30_1",0.00018,0.03,0.00120673641051966,"Tomato_30_1_21_Scenario_1A",21
994,1009,21,-1.0206,0.5079,-11.583,-1.1105,0.5979,-11.7373,0.1887,0.199976248589676,0.4314,0.3922,0.1961,18.4464,2,-21.2882,"Tomato_30_1",0.00018,0.03,0.000695322735532334,"Tomato_30_1_21_Scenario_1A",21
116,1010,0,-0.4394,-0.0959,-21.4504,-0.4308,-0.1011,-21.6502,0.1887,0.200052593084922,0.4314,0.3922,0.1961,18.4484,1,-11.3753,"Tomato_30_1",0.00018,0.03,0.00178334622805616,"Tomato_30_1_21_Scenario_1A",21
997,1011,22,-0.2539,0.1278,-11.3739,-0.2292,0.2965,-11.4785,0.1887,0.200027348130199,0.4314,0.3922,0.1961,18.4536,2,-21.547,"Tomato_30_1",0.00018,0.03,0.000712801718451157,"Tomato_30_1_21_Scenario_1A",21
117,1012,0,-0.4308,-0.1011,-21.6502,-0.4305,-0.1012,-21.6546,0.1887,0.00441134900001942,0.4314,0.3922,0.1961,18.4539,1,-11.3709,"Tomato_30_1",0.00018,0.03,3.55779758714137e-05,"Tomato_30_1_21_Scenario_1A",21
988,1013,10,-5.4222,-3.0342,-13.498,-5.5224,-3.1466,-13.6296,0.1887,0.199980899087888,0.4314,0.3922,0.1961,18.4572,2,-19.3959,"Tomato_30_1",0.00018,0.03,0.000792125073511143,"Tomato_30_1_21_Scenario_1A",21
992,1014,16,-0.1703,4.5728,-11.4558,-0.1256,4.7156,-11.5885,0.1887,0.199998049990494,0.4314,0.3922,0.1961,18.4575,2,-21.437,"Tomato_30_1",0.00018,0.03,0.000664886152018518,"Tomato_30_1_21_Scenario_1A",21
989,1015,14,-5.8507,0.6173,-10.2834,-6.0347,0.6212,-10.3615,0.1887,0.199927036690889,0.4314,0.3922,0.1961,18.4586,2,-22.664,"Tomato_30_1",0.00018,0.03,0.00069585040333017,"Tomato_30_1_21_Scenario_1A",21
987,1016,7,-6.6113,-1.8616,-11.4558,-6.6673,-1.7518,-11.6133,0.1887,0.19999572495431,0.4314,0.3922,0.1961,18.4594,2,-21.4122,"Tomato_30_1",0.00018,0.03,0.000996243877546991,"Tomato_30_1_21_Scenario_1A",21
993,1017,17,2.2314,-0.7982,-13.0009,2.3031,-0.7735,-13.186,0.1887,0.200032472363864,0.4314,0.3922,0.1961,18.4624,2,-19.8395,"Tomato_30_1",0.00018,0.03,0.000669059563920215,"Tomato_30_1_21_Scenario_1A",21
991,1018,11,-5.6729,4.5949,-11.5449,-5.6412,4.7303,-11.6887,0.1887,0.200041220752124,0.4314,0.3922,0.1961,18.465,2,-21.3368,"Tomato_30_1",0.00018,0.03,0.000717848389562865,"Tomato_30_1_21_Scenario_1A",21
996,1019,12,-4.083,-4.6293,-12.3409,-4.0682,-4.6452,-12.5397,0.1887,0.19998322429644,0.4314,0.3922,0.1961,18.4839,2,-20.4858,"Tomato_30_1",0.00018,0.03,0.000684922663980096,"Tomato_30_1_21_Scenario_1A",21
1003,1020,15,3.0742,-3.1019,-13.395,3.1178,-3.2029,-13.5621,0.1887,0.200060915723186,0.4314,0.3922,0.1961,18.5015,2,-19.4634,"Tomato_30_1",0.00018,0.03,0.000641136788127836,"Tomato_30_1_21_Scenario_1A",21
1002,1021,18,-2.2053,1.511,-12.0595,-2.2203,1.5852,-12.2446,0.1887,0.199981624155821,0.4314,0.3922,0.1961,18.5035,2,-20.7809,"Tomato_30_1",0.00018,0.03,0.000681480141841202,"Tomato_30_1_21_Scenario_1A",21
990,1022,1,-4.1321,-4.3991,-14.5772,-4.1415,-4.3874,-14.7766,0.1887,0.199964021763917,0.4314,0.3922,0.1961,18.5045,2,-18.2489,"Tomato_30_1",0.00018,0.03,0.00126808514751892,"Tomato_30_1_21_Scenario_1A",21
1004,1023,20,-2.0448,-0.4436,-11.5722,-2.2049,-0.5042,-11.6757,0.1887,0.20004154568489,0.4314,0.3922,0.1961,18.5083,2,-21.3498,"Tomato_30_1",0.00018,0.03,0.000682284441790297,"Tomato_30_1_21_Scenario_1A",21
998,1024,5,-2.526,-1.414,-15.5827,-2.6052,-1.3817,-15.7635,0.1887,0.200011424673692,0.4314,0.3922,0.1961,18.5087,2,-17.262,"Tomato_30_1",0.00018,0.03,0.001120397579586,"Tomato_30_1_21_Scenario_1A",21
1000,1025,9,3.3707,2.374,-13.4967,3.3087,2.4923,-13.6456,0.1887,0.200025248406294,0.4314,0.3922,0.1961,18.5206,2,-19.3799,"Tomato_30_1",0.00018,0.03,0.000876608743873351,"Tomato_30_1_21_Scenario_1A",21
999,1026,6,0.0036,1.5919,-15.163,-0.0866,1.6522,-15.331,0.1887,0.199990324765974,0.4314,0.3922,0.1961,18.5214,2,-17.6945,"Tomato_30_1",0.00018,0.03,0.00108140521453802,"Tomato_30_1_21_Scenario_1A",21
1007,1027,19,-0.5638,-2.732,-10.9277,-0.5575,-2.9284,-10.965,0.1887,0.200009849757455,0.4314,0.3922,0.1961,18.5389,2,-22.0605,"Tomato_30_1",0.00018,0.03,0.000689572054748849,"Tomato_30_1_21_Scenario_1A",21
1009,1028,21,-1.1105,0.5979,-11.7373,-1.1745,0.7104,-11.8898,0.1887,0.200021248871214,0.4314,0.3922,0.1961,18.5427,2,-21.1357,"Tomato_30_1",0.00018,0.03,0.000690987833327672,"Tomato_30_1_21_Scenario_1A",21
1005,1029,13,3.3259,-0.9228,-13.393,3.3598,-0.8545,-13.5778,0.1887,0.199912831003915,0.4314,0.3922,0.1961,18.5476,2,-19.4477,"Tomato_30_1",0.00018,0.03,0.000706727396926085,"Tomato_30_1_21_Scenario_1A",21
1011,1030,22,-0.2292,0.2965,-11.4785,-0.2111,0.4729,-11.5708,0.1887,0.199909629582969,0.4314,0.3922,0.1961,18.5541,2,-21.4547,"Tomato_30_1",0.00018,0.03,0.000707955156080435,"Tomato_30_1_21_Scenario_1A",21
1001,1031,3,4.6456,3.7452,-13.0814,4.5976,3.7647,-13.2745,0.1887,0.199929637622839,0.4314,0.3922,0.1961,18.5551,2,-19.751,"Tomato_30_1",0.00018,0.03,0.00132698665610477,"Tomato_30_1_21_Scenario_1A",21
995,1032,2,0.8055,-3.7396,-14.2723,0.8293,-3.7498,-14.4706,0.1887,0.199983424313116,0.4314,0.3922,0.1961,18.5558,2,-18.5549,"Tomato_30_1",0.00018,0.03,0.00140036176691976,"Tomato_30_1_21_Scenario_1A",21
1006,1033,8,3.3259,-7.1283,-12.0303,3.3966,-7.2589,-12.1642,0.1887,0.199960146029151,0.4314,0.3922,0.1961,18.5673,2,-20.8613,"Tomato_30_1",0.00018,0.03,0.00091692534501382,"Tomato_30_1_21_Scenario_1A",21
1014,1034,16,-0.1256,4.7156,-11.5885,-0.0809,4.8585,-11.7211,0.1887,0.200003149975194,0.4314,0.3922,0.1961,18.5773,2,-21.3044,"Tomato_30_1",0.00018,0.03,0.000661435644649871,"Tomato_30_1_21_Scenario_1A",21
1017,1035,17,2.3031,-0.7735,-13.186,2.3188,-0.7639,-13.3852,0.1887,0.200048219187274,0.4314,0.3922,0.1961,18.5804,2,-19.6403,"Tomato_30_1",0.00018,0.03,0.000665622159403634,"Tomato_30_1_21_Scenario_1A",21
1008,1036,4,2.3186,1.3675,-16.6286,2.3772,1.3714,-16.8198,0.1887,0.200016524317369,0.4314,0.3922,0.1961,18.5854,2,-16.2057,"Tomato_30_1",0.00018,0.03,0.00120196083826103,"Tomato_30_1_21_Scenario_1A",21
1015,1037,14,-6.0347,0.6212,-10.3615,-6.219,0.6271,-10.4391,0.1887,0.200057641693588,0.4314,0.3922,0.1961,18.5922,2,-22.5864,"Tomato_30_1",0.00018,0.03,0.000693034028208563,"Tomato_30_1_21_Scenario_1A",21
1018,1038,11,-5.6412,4.7303,-11.6887,-5.6073,4.8516,-11.844,0.1887,0.199952469352093,0.4314,0.3922,0.1961,18.5969,2,-21.1815,"Tomato_30_1",0.00018,0.03,0.00071415912760654,"Tomato_30_1_21_Scenario_1A",21
1013,1039,10,-5.5224,-3.1466,-13.6296,-5.6209,-3.2566,-13.7645,0.1887,0.200000649998944,0.4314,0.3922,0.1961,18.6007,2,-19.261,"Tomato_30_1",0.00018,0.03,0.000788689713742105,"Tomato_30_1_21_Scenario_1A",21
1023,1040,20,-2.2049,-0.5042,-11.6757,-2.347,-0.6001,-11.7786,0.1887,0.199944067178799,0.4314,0.3922,0.1961,18.6126,2,-21.2469,"Tomato_30_1",0.00018,0.03,0.000677881065763553,"Tomato_30_1_21_Scenario_1A",21
1019,1041,12,-4.0682,-4.6452,-12.5397,-4.046,-4.672,-12.7366,0.1887,0.199951719172404,0.4314,0.3922,0.1961,18.6155,2,-20.2889,"Tomato_30_1",0.00018,0.03,0.000681598143109326,"Tomato_30_1_21_Scenario_1A",21
1016,1042,7,-6.6673,-1.7518,-11.6133,-6.7267,-1.6402,-11.7683,0.1887,0.200019799019997,0.4314,0.3922,0.1961,18.6163,2,-21.2572,"Tomato_30_1",0.00018,0.03,0.000992474229217745,"Tomato_30_1_21_Scenario_1A",21
1020,1043,15,3.1178,-3.2029,-13.5621,3.1698,-3.2889,-13.735,0.1887,0.199986024511715,0.4314,0.3922,0.1961,18.6175,2,-19.2905,"Tomato_30_1",0.00018,0.03,0.000637554166827591,"Tomato_30_1_21_Scenario_1A",21
1021,1044,18,-2.2203,1.5852,-12.2446,-2.2315,1.6573,-12.4308,0.1887,0.199985724490524,0.4314,0.3922,0.1961,18.6255,2,-20.5947,"Tomato_30_1",0.00018,0.03,0.00067794041813948,"Tomato_30_1_21_Scenario_1A",21
1028,1045,21,-1.1745,0.7104,-11.8898,-1.2413,0.8318,-12.034,0.1887,0.199984599407055,0.4314,0.3922,0.1961,18.6398,2,-20.9915,"Tomato_30_1",0.00018,0.03,0.000686567173142012,"Tomato_30_1_21_Scenario_1A",21
1030,1046,22,-0.2111,0.4729,-11.5708,-0.1962,0.66,-11.64,0.1887,0.200042645453413,0.4314,0.3922,0.1961,18.6553,2,-21.3855,"Tomato_30_1",0.00018,0.03,0.000704197588930046,"Tomato_30_1_21_Scenario_1A",21
1027,1047,19,-0.5575,-2.9284,-10.965,-0.5144,-3.1118,-11.0321,0.1887,0.199988949694727,0.4314,0.3922,0.1961,18.6608,2,-21.9934,"Tomato_30_1",0.00018,0.03,0.000686081696044149,"Tomato_30_1_21_Scenario_1A",21
1024,1048,5,-2.6052,-1.3817,-15.7635,-2.7152,-1.331,-15.9226,0.1887,0.199958245641433,0.4314,0.3922,0.1961,18.6646,2,-17.1029,"Tomato_30_1",0.00018,0.03,0.00111572762335644,"Tomato_30_1_21_Scenario_1A",21
1025,1049,9,3.3087,2.4923,-13.6456,3.2887,2.6168,-13.8008,0.1887,0.199968222475473,0.4314,0.3922,0.1961,18.6716,2,-19.2247,"Tomato_30_1",0.00018,0.03,0.000872703936699056,"Tomato_30_1_21_Scenario_1A",21
1022,1050,1,-4.1415,-4.3874,-14.7766,-4.1762,-4.3749,-14.9732,0.1887,0.200029747787673,0.4314,0.3922,0.1961,18.6804,2,-18.0523,"Tomato_30_1",0.00018,0.03,0.00126389187812687,"Tomato_30_1_21_Scenario_1A",21
1026,1051,6,-0.0866,1.6522,-15.331,-0.1741,1.7109,-15.501,0.1887,0.200004849941195,0.4314,0.3922,0.1961,18.6865,2,-17.5245,"Tomato_30_1",0.00018,0.03,0.00107755331930445,"Tomato_30_1_21_Scenario_1A",21
1029,1052,13,3.3598,-0.8545,-13.5778,3.3916,-0.7933,-13.7656,0.1887,0.200063789827144,0.4314,0.3922,0.1961,18.6883,2,-19.2599,"Tomato_30_1",0.00018,0.03,0.000704124184249031,"Tomato_30_1_21_Scenario_1A",21
1034,1053,16,-0.0809,4.8585,-11.7211,-0.0673,5.0017,-11.8601,0.1887,0.200030497674729,0.4314,0.3922,0.1961,18.6982,2,-21.1654,"Tomato_30_1",0.00018,0.03,0.000658246138788134,"Tomato_30_1_21_Scenario_1A",21
1035,1054,17,2.3188,-0.7639,-13.3852,2.3347,-0.7525,-13.5842,0.1887,0.199959420883338,0.4314,0.3922,0.1961,18.6994,2,-19.4413,"Tomato_30_1",0.00018,0.03,0.00066202815392088,"Tomato_30_1_21_Scenario_1A",21
118,1055,0,-0.4305,-0.1012,-21.6546,-0.393,-0.0782,-21.8497,0.1887,0.199998149991444,0.4314,0.3922,0.1961,18.701,1,-11.1758,"Tomato_30_1",0.00018,0.03,0.00174247669251167,"Tomato_30_1_21_Scenario_1A",21
1040,1056,20,-2.347,-0.6001,-11.7786,-2.4779,-0.7309,-11.8544,0.1887,0.199972723139932,0.4314,0.3922,0.1961,18.7177,2,-21.1711,"Tomato_30_1",0.00018,0.03,0.000674100303771417,"Tomato_30_1_21_Scenario_1A",21
1033,1057,8,3.3966,-7.2589,-12.1642,3.4244,-7.4102,-12.2921,0.1887,0.200057341779801,0.4314,0.3922,0.1961,18.7203,2,-20.7334,"Tomato_30_1",0.00018,0.03,0.000913789854878199,"Tomato_30_1_21_Scenario_1A",21
1037,1058,14,-6.219,0.6271,-10.4391,-6.4094,0.6405,-10.4989,0.1887,0.200019399059191,0.4314,0.3922,0.1961,18.7269,2,-22.5266,"Tomato_30_1",0.00018,0.03,0.000689827681609806,"Tomato_30_1_21_Scenario_1A",21
1038,1059,11,-5.6073,4.8516,-11.844,-5.5974,4.958,-12.0131,0.1887,0.200034447033505,0.4314,0.3922,0.1961,18.7302,2,-21.0124,"Tomato_30_1",0.00018,0.03,0.000711283127600958,"Tomato_30_1_21_Scenario_1A",21
1043,1060,15,3.1698,-3.2889,-13.735,3.1893,-3.3768,-13.9136,0.1887,0.200011549666514,0.4314,0.3922,0.1961,18.7345,2,-19.1119,"Tomato_30_1",0.00018,0.03,0.000634474371899339,"Tomato_30_1_21_Scenario_1A",21
1031,1061,3,4.5976,3.7647,-13.2745,4.5647,3.767,-13.4718,0.1887,0.200037471489719,0.4314,0.3922,0.1961,18.7374,2,-19.5537,"Tomato_30_1",0.00018,0.03,0.00132323772560299,"Tomato_30_1_21_Scenario_1A",21
1045,1062,21,-1.2413,0.8318,-12.034,-1.3323,0.8911,-12.2019,0.1887,0.199969747711997,0.4314,0.3922,0.1961,18.7375,2,-20.8236,"Tomato_30_1",0.00018,0.03,0.000682418330170033,"Tomato_30_1_21_Scenario_1A",21
1039,1063,10,-5.6209,-3.2566,-13.7645,-5.7201,-3.3618,-13.9027,0.1887,0.20001729925184,0.4314,0.3922,0.1961,18.7458,2,-19.1228,"Tomato_30_1",0.00018,0.03,0.000785465621072436,"Tomato_30_1_21_Scenario_1A",21
1044,1064,18,-2.2315,1.6573,-12.4308,-2.2463,1.7232,-12.6191,0.1887,0.200046844513979,0.4314,0.3922,0.1961,18.7484,2,-20.4064,"Tomato_30_1",0.00018,0.03,0.000674785243026114,"Tomato_30_1_21_Scenario_1A",21
1041,1065,12,-4.046,-4.672,-12.7366,-4.0333,-4.6916,-12.9353,0.1887,0.200067838494847,0.4314,0.3922,0.1961,18.7486,2,-20.0902,"Tomato_30_1",0.00018,0.03,0.000678968882597532,"Tomato_30_1_21_Scenario_1A",21
1036,1066,4,2.3772,1.3714,-16.8198,2.425,1.3753,-17.014,0.1887,0.200034222072123,0.4314,0.3922,0.1961,18.7488,2,-16.0115,"Tomato_30_1",0.00018,0.03,0.00119769796131296,"Tomato_30_1_21_Scenario_1A",21
1046,1067,22,-0.1962,0.66,-11.64,-0.1796,0.8406,-11.7244,0.1887,0.200038196352596,0.4314,0.3922,0.1961,18.7571,2,-21.3011,"Tomato_30_1",0.00018,0.03,0.000700152454330716,"Tomato_30_1_21_Scenario_1A",21
1032,1068,2,0.8293,-3.7498,-14.4706,0.825,-3.7469,-14.6705,0.1887,0.199967272322249,0.4314,0.3922,0.1961,18.7638,2,-18.355,"Tomato_30_1",0.00018,0.03,0.0013963076316716,"Tomato_30_1_21_Scenario_1A",21
1042,1069,7,-6.7267,-1.6402,-11.7683,-6.7955,-1.5409,-11.9277,0.1887,0.200005724918063,0.4314,0.3922,0.1961,18.7749,2,-21.0978,"Tomato_30_1",0.00018,0.03,0.000988797428823463,"Tomato_30_1_21_Scenario_1A",21
1047,1070,19,-0.5144,-3.1118,-11.0321,-0.5372,-3.3038,-11.083,0.1887,0.19993661495584,0.4314,0.3922,0.1961,18.7837,2,-21.9425,"Tomato_30_1",0.00018,0.03,0.000682680497880722,"Tomato_30_1_21_Scenario_1A",21
1054,1071,17,2.3347,-0.7525,-13.5842,2.3528,-0.7306,-13.7822,0.1887,0.20002804803327,0.4314,0.3922,0.1961,18.8194,2,-19.2433,"Tomato_30_1",0.00018,0.03,0.000659144310219392,"Tomato_30_1_21_Scenario_1A",21
1053,1072,16,-0.0673,5.0017,-11.8601,-0.0552,5.1386,-12.0054,0.1887,0.200000274999812,0.4314,0.3922,0.1961,18.82,2,-21.0201,"Tomato_30_1",0.00018,0.03,0.000655054562128877,"Tomato_30_1_21_Scenario_1A",21
1048,1073,5,-2.7152,-1.331,-15.9226,-2.8142,-1.2756,-16.0874,0.1887,0.20007298668236,0.4314,0.3922,0.1961,18.8218,2,-16.9381,"Tomato_30_1",0.00018,0.03,0.00111231032923281,"Tomato_30_1_21_Scenario_1A",21
1056,1074,20,-2.4779,-0.7309,-11.8544,-2.6147,-0.8268,-11.9644,0.1887,0.200027623092412,0.4314,0.3922,0.1961,18.8235,2,-21.0611,"Tomato_30_1",0.00018,0.03,0.000670597435155945,"Tomato_30_1_21_Scenario_1A",21
1049,1075,9,3.2887,2.6168,-13.8008,3.2428,2.7203,-13.9656,0.1887,0.199945242504041,0.4314,0.3922,0.1961,18.8241,2,-19.0599,"Tomato_30_1",0.00018,0.03,0.000869198135410263,"Tomato_30_1_21_Scenario_1A",21
1052,1076,13,3.3916,-0.7933,-13.7656,3.4138,-0.7289,-13.9536,0.1887,0.199960496098605,0.4314,0.3922,0.1961,18.8303,2,-19.0719,"Tomato_30_1",0.00018,0.03,0.000700825262133021,"Tomato_30_1_21_Scenario_1A",21
1062,1077,21,-1.3323,0.8911,-12.2019,-1.4383,0.9276,-12.3676,0.1887,0.200061840439399,0.4314,0.3922,0.1961,18.8359,2,-20.6579,"Tomato_30_1",0.00018,0.03,0.000678826370581881,"Tomato_30_1_21_Scenario_1A",21
56,1078,23,-0.3074,-0.0422,-11.699,-0.4925,-0.0794,-11.7651,0.1887,0.200037646456861,0.4314,0.3922,0.1961,18.8503,2,-21.2604,"Tomato_30_1",0.00018,0.03,0.000710601007745494,"Tomato_30_1_21_Scenario_1A",21
1060,1079,15,3.1893,-3.3768,-13.9136,3.1987,-3.4508,-14.0991,0.1887,0.199936514924112,0.4314,0.3922,0.1961,18.8525,2,-18.9264,"Tomato_30_1",0.00018,0.03,0.000631257190491643,"Tomato_30_1_21_Scenario_1A",21
1051,1080,6,-0.1741,1.7109,-15.501,-0.2619,1.7701,-15.6707,0.1887,0.200028922908664,0.4314,0.3922,0.1961,18.8535,2,-17.3548,"Tomato_30_1",0.00018,0.03,0.00107405842951478,"Tomato_30_1_21_Scenario_1A",21
1050,1081,1,-4.1762,-4.3749,-14.9732,-4.2026,-4.3579,-15.1707,0.1887,0.199980524051718,0.4314,0.3922,0.1961,18.8584,2,-17.8548,"Tomato_30_1",0.00018,0.03,0.00125933128387036,"Tomato_30_1_21_Scenario_1A",21
1067,1082,22,-0.1796,0.8406,-11.7244,-0.1747,1.0224,-11.8075,0.1887,0.199952144274574,0.4314,0.3922,0.1961,18.8596,2,-21.218,"Tomato_30_1",0.00018,0.03,0.000696023591463181,"Tomato_30_1_21_Scenario_1A",21
1058,1083,14,-6.4094,0.6405,-10.4989,-6.5992,0.6503,-10.5609,0.1887,0.199910179830843,0.4314,0.3922,0.1961,18.8627,2,-22.4646,"Tomato_30_1",0.00018,0.03,0.000686576100558085,"Tomato_30_1_21_Scenario_1A",21
1059,1084,11,-5.5974,4.958,-12.0131,-5.5876,5.0645,-12.1821,0.1887,0.199998224992124,0.4314,0.3922,0.1961,18.8648,2,-20.8434,"Tomato_30_1",0.00018,0.03,0.000708188122683292,"Tomato_30_1_21_Scenario_1A",21
1064,1085,18,-2.2463,1.7232,-12.6191,-2.2313,1.7927,-12.806,0.1887,0.19996714730175,0.4314,0.3922,0.1961,18.8722,2,-20.2195,"Tomato_30_1",0.00018,0.03,0.00067134748732595,"Tomato_30_1_21_Scenario_1A",21
1057,1086,8,3.4244,-7.4102,-12.2921,3.4493,-7.5615,-12.4205,0.1887,0.199995649952693,0.4314,0.3922,0.1961,18.8749,2,-20.605,"Tomato_30_1",0.00018,0.03,0.000910187657850657,"Tomato_30_1_21_Scenario_1A",21
1065,1087,12,-4.0333,-4.6916,-12.9353,-3.9979,-4.6748,-13.1314,0.1887,0.199976523622149,0.4314,0.3922,0.1961,18.8829,2,-19.8941,"Tomato_30_1",0.00018,0.03,0.000675828230591669,"Tomato_30_1_21_Scenario_1A",21
1063,1088,10,-5.7201,-3.3618,-13.9027,-5.8319,-3.4734,-14.0253,0.1887,0.199961396274381,0.4314,0.3922,0.1961,18.8924,2,-19.0002,"Tomato_30_1",0.00018,0.03,0.000782181014782661,"Tomato_30_1_21_Scenario_1A",21
1070,1089,19,-0.5372,-3.3038,-11.083,-0.5414,-3.4966,-11.1362,0.1887,0.200049293925273,0.4314,0.3922,0.1961,18.9075,2,-21.8893,"Tomato_30_1",0.00018,0.03,0.000680035635493545,"Tomato_30_1_21_Scenario_1A",21
1066,1090,4,2.425,1.3753,-17.014,2.4708,1.355,-17.2076,0.1887,0.199976723645528,0.4314,0.3922,0.1961,18.9139,2,-15.8179,"Tomato_30_1",0.00018,0.03,0.00119332689726956,"Tomato_30_1_21_Scenario_1A",21
1061,1091,3,4.5647,3.767,-13.4718,4.5675,3.7604,-13.6717,0.1887,0.200028522966101,0.4314,0.3922,0.1961,18.922,2,-19.3538,"Tomato_30_1",0.00018,0.03,0.00131908955715878,"Tomato_30_1_21_Scenario_1A",21
1074,1092,20,-2.6147,-0.8268,-11.9644,-2.721,-0.9253,-12.1022,0.1887,0.199976948671591,0.4314,0.3922,0.1961,18.93,2,-20.9233,"Tomato_30_1",0.00018,0.03,0.000666931280628896,"Tomato_30_1_21_Scenario_1A",21
1069,1093,7,-6.7955,-1.5409,-11.9277,-6.8603,-1.4364,-12.0854,0.1887,0.199971447961953,0.4314,0.3922,0.1961,18.9351,2,-20.9401,"Tomato_30_1",0.00018,0.03,0.000985303362721977,"Tomato_30_1_21_Scenario_1A",21
1077,1094,21,-1.4383,0.9276,-12.3676,-1.5551,0.9409,-12.5294,0.1887,0.199995924958486,0.4314,0.3922,0.1961,18.9351,2,-20.4961,"Tomato_30_1",0.00018,0.03,0.000674890649082015,"Tomato_30_1_21_Scenario_1A",21
1071,1095,17,2.3528,-0.7306,-13.7822,2.3619,-0.6986,-13.9794,0.1887,0.199986624552744,0.4314,0.3922,0.1961,18.9404,2,-19.0461,"Tomato_30_1",0.00018,0.03,0.000656084712275236,"Tomato_30_1_21_Scenario_1A",21
1072,1096,16,-0.0552,5.1386,-12.0054,-0.0536,5.2814,-12.1454,0.1887,0.199985999509966,0.4314,0.3922,0.1961,18.9427,2,-20.8801,"Tomato_30_1",0.00018,0.03,0.000652102636330809,"Tomato_30_1_21_Scenario_1A",21
119,1097,0,-0.393,-0.0782,-21.8497,-0.3702,-0.0549,-22.047,0.1887,0.199975048443552,0.4314,0.3922,0.1961,18.9495,1,-10.9785,"Tomato_30_1",0.00018,0.03,0.00171298712382234,"Tomato_30_1_21_Scenario_1A",21
1078,1098,23,-0.4925,-0.0794,-11.7651,-0.6797,-0.1097,-11.8286,0.1887,0.199985449470705,0.4314,0.3922,0.1961,18.953,2,-21.1969,"Tomato_30_1",0.00018,0.03,0.000706710571587426,"Tomato_30_1_21_Scenario_1A",21
120,1099,0,-0.3702,-0.0549,-22.047,-0.3695,-0.054,-22.0541,0.1887,0.00719096655533641,0.4314,0.3922,0.1961,18.9584,1,-10.9714,"Tomato_30_1",0.00018,0.03,6.40216705686918e-05,"Tomato_30_1_21_Scenario_1A",21
1082,1100,22,-0.1747,1.0224,-11.8075,-0.1628,1.2066,-11.8845,0.1887,0.200000624999023,0.4314,0.3922,0.1961,18.9627,2,-21.141,"Tomato_30_1",0.00018,0.03,0.000692562191444366,"Tomato_30_1_21_Scenario_1A",21
1079,1101,15,3.1987,-3.4508,-14.0991,3.2033,-3.5049,-14.2916,0.1887,0.200010549721759,0.4314,0.3922,0.1961,18.9715,2,-18.7339,"Tomato_30_1",0.00018,0.03,0.000628690347592123,"Tomato_30_1_21_Scenario_1A",21
1076,1102,13,3.4138,-0.7289,-13.9536,3.4481,-0.6896,-14.1467,0.1887,0.200021473847184,0.4314,0.3922,0.1961,18.9737,2,-18.8788,"Tomato_30_1",0.00018,0.03,0.0006983025072097,"Tomato_30_1_21_Scenario_1A",21
1068,1103,2,0.825,-3.7469,-14.6705,0.8416,-3.7399,-14.8697,0.1887,0.200012999577527,0.4314,0.3922,0.1961,18.9752,2,-18.1558,"Tomato_30_1",0.00018,0.03,0.00139308208504643,"Tomato_30_1_21_Scenario_1A",21
1075,1104,9,3.2428,2.7203,-13.9656,3.1945,2.7964,-14.1442,0.1887,0.200055142398289,0.4314,0.3922,0.1961,18.9779,2,-18.8813,"Tomato_30_1",0.00018,0.03,0.000866515227759781,"Tomato_30_1_21_Scenario_1A",21
1073,1105,5,-2.8142,-1.2756,-16.0874,-2.9303,-1.2653,-16.2499,0.1887,0.199978873884219,0.4314,0.3922,0.1961,18.9805,2,-16.7756,"Tomato_30_1",0.00018,0.03,0.00110804769601136,"Tomato_30_1_21_Scenario_1A",21
1085,1106,18,-2.2313,1.7927,-12.806,-2.2186,1.8675,-12.9911,0.1887,0.200045844745648,0.4314,0.3922,0.1961,18.9969,2,-20.0344,"Tomato_30_1",0.00018,0.03,0.000668632670871651,"Tomato_30_1_21_Scenario_1A",21
1083,1107,14,-6.5992,0.6503,-10.5609,-6.7642,0.7183,-10.6512,0.1887,0.200007724850816,0.4314,0.3922,0.1961,18.9995,2,-22.3743,"Tomato_30_1",0.00018,0.03,0.00068423029387929,"Tomato_30_1_21_Scenario_1A",21
1084,1108,11,-5.5876,5.0645,-12.1821,-5.5705,5.1692,-12.3516,0.1887,0.199961871365518,0.4314,0.3922,0.1961,19.0007,2,-20.6739,"Tomato_30_1",0.00018,0.03,0.00070529572952297,"Tomato_30_1_21_Scenario_1A",21
1087,1109,12,-3.9979,-4.6748,-13.1314,-3.934,-4.6719,-13.3209,0.1887,0.200004674945363,0.4314,0.3922,0.1961,19.0187,2,-19.7046,"Tomato_30_1",0.00018,0.03,0.000673285007494241,"Tomato_30_1_21_Scenario_1A",21
1080,1110,6,-0.2619,1.7701,-15.6707,-0.3533,1.8115,-15.8436,0.1887,0.199905802817227,0.4314,0.3922,0.1961,19.0224,2,-17.1819,"Tomato_30_1",0.00018,0.03,0.00107008124102482,"Tomato_30_1_21_Scenario_1A",21
1086,1111,8,3.4493,-7.5615,-12.4205,3.5201,-7.7251,-12.5111,0.1887,0.199964896919435,0.4314,0.3922,0.1961,19.0312,2,-20.5144,"Tomato_30_1",0.00018,0.03,0.000906987511535443,"Tomato_30_1_21_Scenario_1A",21
1089,1112,19,-0.5414,-3.4966,-11.1362,-0.5454,-3.6836,-11.2071,0.1887,0.200029522821008,0.4314,0.3922,0.1961,19.0322,2,-21.8184,"Tomato_30_1",0.00018,0.03,0.000677131954143651,"Tomato_30_1_21_Scenario_1A",21
1094,1113,21,-1.5551,0.9409,-12.5294,-1.6577,0.9571,-12.7003,0.1887,0.199990024751236,0.4314,0.3922,0.1961,19.035,2,-20.3252,"Tomato_30_1",0.00018,0.03,0.000671351499358922,"Tomato_30_1_21_Scenario_1A",21
1092,1114,20,-2.721,-0.9253,-12.1022,-2.834,-1.0172,-12.2393,0.1887,0.200027548102755,0.4314,0.3922,0.1961,19.0373,2,-20.7862,"Tomato_30_1",0.00018,0.03,0.000663792722540605,"Tomato_30_1_21_Scenario_1A",21
1081,1115,1,-4.2026,-4.3579,-15.1707,-4.229,-4.3476,-15.3687,0.1887,0.200017624223467,0.4314,0.3922,0.1961,19.0386,2,-17.6568,"Tomato_30_1",0.00018,0.03,0.00125567311735029,"Tomato_30_1_21_Scenario_1A",21
1088,1116,10,-5.8319,-3.4734,-14.0253,-5.9418,-3.5922,-14.1429,0.1887,0.200053017972736,0.4314,0.3922,0.1961,19.0407,2,-18.8826,"Tomato_30_1",0.00018,0.03,0.000779695352424226,"Tomato_30_1_21_Scenario_1A",21
1098,1117,23,-0.6797,-0.1097,-11.8286,-0.8496,-0.1522,-11.9252,0.1887,0.200009549772005,0.4314,0.3922,0.1961,19.0564,2,-21.1003,"Tomato_30_1",0.00018,0.03,0.000703291670345859,"Tomato_30_1_21_Scenario_1A",21
1095,1118,17,2.3619,-0.6986,-13.9794,2.3712,-0.6667,-14.1766,0.1887,0.199979848984842,0.4314,0.3922,0.1961,19.0624,2,-18.8489,"Tomato_30_1",0.00018,0.03,0.000653326510066032,"Tomato_30_1_21_Scenario_1A",21
1096,1119,16,-0.0536,5.2814,-12.1454,-0.0277,5.4201,-12.2871,0.1887,0.199968472515044,0.4314,0.3922,0.1961,19.0666,2,-20.7384,"Tomato_30_1",0.00018,0.03,0.000649326311923314,"Tomato_30_1_21_Scenario_1A",21
1100,1120,22,-0.1628,1.2066,-11.8845,-0.1587,1.3977,-11.9433,0.1887,0.19998364933164,0.4314,0.3922,0.1961,19.0666,2,-21.0822,"Tomato_30_1",0.00018,0.03,0.000689070301106292,"Tomato_30_1_21_Scenario_1A",21
1090,1121,4,2.4708,1.355,-17.2076,2.5486,1.3528,-17.3918,0.1887,0.199968297487377,0.4314,0.3922,0.1961,19.0809,2,-15.6337,"Tomato_30_1",0.00018,0.03,0.00118959015473175,"Tomato_30_1_21_Scenario_1A",21
1101,1122,15,3.2033,-3.5049,-14.2916,3.1955,-3.5689,-14.481,0.1887,0.20007298668236,0.4314,0.3922,0.1961,19.0916,2,-18.5445,"Tomato_30_1",0.00018,0.03,0.000626263181509443,"Tomato_30_1_21_Scenario_1A",21
1093,1123,7,-6.8603,-1.4364,-12.0854,-6.9703,-1.3453,-12.2254,0.1887,0.199998024990249,0.4314,0.3922,0.1961,19.0971,2,-20.8001,"Tomato_30_1",0.00018,0.03,0.000982389711482545,"Tomato_30_1_21_Scenario_1A",21
1091,1124,3,4.5675,3.7604,-13.6717,4.5902,3.7429,-13.8696,0.1887,0.199964871915045,0.4314,0.3922,0.1961,19.1088,2,-19.1559,"Tomato_30_1",0.00018,0.03,0.00131495813178043,"Tomato_30_1_21_Scenario_1A",21
1102,1125,13,3.4481,-0.6896,-14.1467,3.4954,-0.6385,-14.3342,0.1887,0.200011874647482,0.4314,0.3922,0.1961,19.1184,2,-18.6913,"Tomato_30_1",0.00018,0.03,0.00069573101770404,"Tomato_30_1_21_Scenario_1A",21
1106,1126,18,-2.2186,1.8675,-12.9911,-2.1822,1.9273,-13.1784,0.1887,0.199955720098226,0.4314,0.3922,0.1961,19.1225,2,-19.8471,"Tomato_30_1",0.00018,0.03,0.000665544010160062,"Tomato_30_1_21_Scenario_1A",21
1104,1127,9,3.1945,2.7964,-14.1442,3.1407,2.8768,-14.3193,0.1887,0.20004651958982,0.4314,0.3922,0.1961,19.1331,2,-18.7062,"Tomato_30_1",0.00018,0.03,0.000863563199196217,"Tomato_30_1_21_Scenario_1A",21
1113,1128,21,-1.6577,0.9571,-12.7003,-1.7397,1.0054,-12.8762,0.1887,0.199994249917342,0.4314,0.3922,0.1961,19.1356,2,-20.1493,"Tomato_30_1",0.00018,0.03,0.000668037413734389,"Tomato_30_1_21_Scenario_1A",21
1107,1129,14,-6.7642,0.7183,-10.6512,-6.915,0.7808,-10.7668,0.1887,0.200025623358609,0.4314,0.3922,0.1961,19.1374,2,-22.2587,"Tomato_30_1",0.00018,0.03,0.000681804413201815,"Tomato_30_1_21_Scenario_1A",21
1108,1130,11,-5.5705,5.1692,-12.3516,-5.5681,5.2551,-12.5322,0.1887,0.200002324986486,0.4314,0.3922,0.1961,19.1379,2,-20.4933,"Tomato_30_1",0.00018,0.03,0.000702874870887309,"Tomato_30_1_21_Scenario_1A",21
1105,1131,5,-2.9303,-1.2653,-16.2499,-3.0581,-1.2393,-16.4015,0.1887,0.19997849884425,0.4314,0.3922,0.1961,19.1405,2,-16.624,"Tomato_30_1",0.00018,0.03,0.00110462238476377,"Tomato_30_1_21_Scenario_1A",21
1114,1132,20,-2.834,-1.0172,-12.2393,-2.9002,-1.1495,-12.3739,0.1887,0.200007224869503,0.4314,0.3922,0.1961,19.1453,2,-20.6516,"Tomato_30_1",0.00018,0.03,0.000660606945732969,"Tomato_30_1_21_Scenario_1A",21
1109,1133,12,-3.934,-4.6719,-13.3209,-3.8937,-4.6638,-13.5166,0.1887,0.199970472820365,0.4314,0.3922,0.1961,19.1559,2,-19.5089,"Tomato_30_1",0.00018,0.03,0.000670723530471848,"Tomato_30_1_21_Scenario_1A",21
1112,1134,19,-0.5454,-3.6836,-11.2071,-0.5444,-3.8718,-11.2747,0.1887,0.199974998437304,0.4314,0.3922,0.1961,19.158,2,-21.7508,"Tomato_30_1",0.00018,0.03,0.000674304858938802,"Tomato_30_1_21_Scenario_1A",21
1117,1135,23,-0.8496,-0.1522,-11.9252,-1.0273,-0.2212,-11.9856,0.1887,0.199966122130725,0.4314,0.3922,0.1961,19.1605,2,-21.0399,"Tomato_30_1",0.00018,0.03,0.000699835888988574,"Tomato_30_1_21_Scenario_1A",21
1120,1136,22,-0.1587,1.3977,-11.9433,-0.1415,1.5862,-12.0081,0.1887,0.200067813503322,0.4314,0.3922,0.1961,19.1711,2,-21.0174,"Tomato_30_1",0.00018,0.03,0.000686121377518404,"Tomato_30_1_21_Scenario_1A",21
1118,1137,17,2.3712,-0.6667,-14.1766,2.3783,-0.6321,-14.3735,0.1887,0.200042945389233,0.4314,0.3922,0.1961,19.1856,2,-18.652,"Tomato_30_1",0.00018,0.03,0.000650981403472041,"Tomato_30_1_21_Scenario_1A",21
1111,1138,8,3.5201,-7.7251,-12.5111,3.5703,-7.8846,-12.6208,0.1887,0.199985949506458,0.4314,0.3922,0.1961,19.1892,2,-20.4047,"Tomato_30_1",0.00018,0.03,0.000904280628887276,"Tomato_30_1_21_Scenario_1A",21
1103,1139,2,0.8416,-3.7399,-14.8697,0.849,-3.699,-15.0654,0.1887,0.200065139392149,0.4314,0.3922,0.1961,19.1901,2,-17.9601,"Tomato_30_1",0.00018,0.03,0.00139029522518299,"Tomato_30_1_21_Scenario_1A",21
1116,1140,10,-5.9418,-3.5922,-14.1429,-6.0641,-3.6928,-14.2651,0.1887,0.20002622328085,0.4314,0.3922,0.1961,19.1907,2,-18.7604,"Tomato_30_1",0.00018,0.03,0.00077696868542766,"Tomato_30_1_21_Scenario_1A",21
1119,1141,16,-0.0277,5.4201,-12.2871,0.008,5.5621,-12.4233,0.1887,0.19997232308497,0.4314,0.3922,0.1961,19.1914,2,-20.6022,"Tomato_30_1",0.00018,0.03,0.000646804408235223,"Tomato_30_1_21_Scenario_1A",21
1110,1142,6,-0.3533,1.8115,-15.8436,-0.4201,1.8459,-16.029,0.1887,0.200046894502264,0.4314,0.3922,0.1961,19.1932,2,-16.9965,"Tomato_30_1",0.00018,0.03,0.00106782258321049,"Tomato_30_1_21_Scenario_1A",21
121,1143,0,-0.3695,-0.054,-22.0541,-0.3589,-0.0369,-22.2531,0.1887,0.200014424479838,0.4314,0.3922,0.1961,19.2085,1,-10.7724,"Tomato_30_1",0.00018,0.03,0.0018140341986734,"Tomato_30_1_21_Scenario_1A",21
1122,1144,15,3.1955,-3.5689,-14.481,3.1602,-3.6471,-14.6616,0.1887,0.199944217220704,0.4314,0.3922,0.1961,19.2127,2,-18.3639,"Tomato_30_1",0.00018,0.03,0.000623416921067168,"Tomato_30_1_21_Scenario_1A",21
1115,1145,1,-4.229,-4.3476,-15.3687,-4.2614,-4.3539,-15.566,0.1887,0.20004184562236,0.4314,0.3922,0.1961,19.2211,2,-17.4595,"Tomato_30_1",0.00018,0.03,0.00125228974449574,"Tomato_30_1_21_Scenario_1A",21
1128,1146,21,-1.7397,1.0054,-12.8762,-1.8247,1.0435,-13.0532,0.1887,0.200014024508283,0.4314,0.3922,0.1961,19.237,2,-19.9723,"Tomato_30_1",0.00018,0.03,0.000664964787120112,"Tomato_30_1_21_Scenario_1A",21
1126,1147,18,-2.1822,1.9273,-13.1784,-2.1493,1.9654,-13.372,0.1887,0.2000374464944,0.4314,0.3922,0.1961,19.2491,2,-19.6535,"Tomato_30_1",0.00018,0.03,0.000663216997337822,"Tomato_30_1_21_Scenario_1A",21
1121,1148,4,2.5486,1.3528,-17.3918,2.5832,1.3592,-17.5887,0.1887,0.200019324066451,0.4314,0.3922,0.1961,19.2497,2,-15.4368,"Tomato_30_1",0.00018,0.03,0.00118654447717317,"Tomato_30_1_21_Scenario_1A",21
1132,1149,20,-2.9002,-1.1495,-12.3739,-2.9692,-1.2822,-12.5067,0.1887,0.200015324412906,0.4314,0.3922,0.1961,19.2541,2,-20.5188,"Tomato_30_1",0.00018,0.03,0.000657703348821284,"Tomato_30_1_21_Scenario_1A",21
1123,1150,7,-6.9703,-1.3453,-12.2254,-7.1013,-1.269,-12.3559,0.1887,0.200032347384117,0.4314,0.3922,0.1961,19.2609,2,-20.6696,"Tomato_30_1",0.00018,0.03,0.000979792333179353,"Tomato_30_1_21_Scenario_1A",21
1125,1151,13,3.4954,-0.6385,-14.3342,3.5075,-0.6268,-14.5335,0.1887,0.200009474775572,0.4314,0.3922,0.1961,19.2646,2,-18.492,"Tomato_30_1",0.00018,0.03,0.000693382798377238,"Tomato_30_1_21_Scenario_1A",21
1135,1152,23,-1.0273,-0.2212,-11.9856,-1.2124,-0.2544,-12.0538,0.1887,0.200038721251662,0.4314,0.3922,0.1961,19.2653,2,-20.9717,"Tomato_30_1",0.00018,0.03,0.000696984676536201,"Tomato_30_1_21_Scenario_1A",21
1129,1153,14,-6.915,0.7808,-10.7668,-7.0599,0.8526,-10.8844,0.1887,0.199952519363973,0.4314,0.3922,0.1961,19.2763,2,-22.1411,"Tomato_30_1",0.00018,0.03,0.000679263300245333,"Tomato_30_1_21_Scenario_1A",21
1136,1154,22,-0.1415,1.5862,-12.0081,-0.1298,1.7747,-12.0737,0.1887,0.19993123817953,0.4314,0.3922,0.1961,19.2763,2,-20.9518,"Tomato_30_1",0.00018,0.03,0.000682611815853869,"Tomato_30_1_21_Scenario_1A",21
1130,1155,11,-5.5681,5.2551,-12.5322,-5.5274,5.3472,-12.705,0.1887,0.199996849975194,0.4314,0.3922,0.1961,19.2765,2,-20.3205,"Tomato_30_1",0.00018,0.03,0.000700491922111538,"Tomato_30_1_21_Scenario_1A",21
1134,1156,19,-0.5444,-3.8718,-11.2747,-0.5309,-4.0548,-11.3543,0.1887,0.200018524142141,0.4314,0.3922,0.1961,19.2847,2,-21.6712,"Tomato_30_1",0.00018,0.03,0.000672000527323171,"Tomato_30_1_21_Scenario_1A",21
1127,1157,9,3.1407,2.8768,-14.3193,3.1098,2.978,-14.4889,0.1887,0.199901000497746,0.4314,0.3922,0.1961,19.2898,2,-18.5366,"Tomato_30_1",0.00018,0.03,0.000860269108563836,"Tomato_30_1_21_Scenario_1A",21
1133,1158,12,-3.8937,-4.6638,-13.5166,-3.8769,-4.6799,-13.7153,0.1887,0.200057841635862,0.4314,0.3922,0.1961,19.2946,2,-19.3102,"Tomato_30_1",0.00018,0.03,0.000668759808574591,"Tomato_30_1_21_Scenario_1A",21
1124,1159,3,4.5902,3.7429,-13.8696,4.6333,3.7519,-14.0647,0.1887,0.200006549892747,0.4314,0.3922,0.1961,19.298,2,-18.9608,"Tomato_30_1",0.00018,0.03,0.0013118941914288,"Tomato_30_1_21_Scenario_1A",21
1131,1160,5,-3.0581,-1.2393,-16.4015,-3.1769,-1.2247,-16.5617,0.1887,0.199976598630939,0.4314,0.3922,0.1961,19.302,2,-16.4638,"Tomato_30_1",0.00018,0.03,0.00110150296542293,"Tomato_30_1_21_Scenario_1A",21
1137,1161,17,2.3783,-0.6321,-14.3735,2.3595,-0.5849,-14.5669,0.1887,0.199962096408295,0.4314,0.3922,0.1961,19.3098,2,-18.4586,"Tomato_30_1",0.00018,0.03,0.000648353374054054,"Tomato_30_1_21_Scenario_1A",21
58,1162,24,-0.3126,-0.0193,-12.0728,-0.139,0.0601,-12.1324,0.1887,0.199983699335721,0.4314,0.3922,0.1961,19.3119,2,-20.8931,"Tomato_30_1",0.00018,0.03,0.000706052166464189,"Tomato_30_1_21_Scenario_1A",21
1141,1163,16,0.008,5.5621,-12.4233,0.0559,5.7094,-12.5499,0.1887,0.200048144205338,0.4314,0.3922,0.1961,19.3173,2,-20.4756,"Tomato_30_1",0.00018,0.03,0.000644697906473799,"Tomato_30_1_21_Scenario_1A",21
1144,1164,15,3.1602,-3.6471,-14.6616,3.1216,-3.7238,-14.8422,0.1887,0.199973023180628,0.4314,0.3922,0.1961,19.3349,2,-18.1833,"Tomato_30_1",0.00018,0.03,0.000621241191046432,"Tomato_30_1_21_Scenario_1A",21
1146,1165,21,-1.8247,1.0435,-13.0532,-1.9083,1.0916,-13.2284,0.1887,0.199994024910746,0.4314,0.3922,0.1961,19.3392,2,-19.7971,"Tomato_30_1",0.00018,0.03,0.00066194914065573,"Tomato_30_1_21_Scenario_1A",21
1140,1166,10,-6.0641,-3.6928,-14.2651,-6.1903,-3.7915,-14.3848,0.1887,0.199990549776733,0.4314,0.3922,0.1961,19.3423,2,-18.6407,"Tomato_30_1",0.00018,0.03,0.00077442984798566,"Tomato_30_1_21_Scenario_1A",21
1138,1167,8,3.5703,-7.8846,-12.6208,3.6208,-8.0433,-12.7316,0.1887,0.200031447527634,0.4314,0.3922,0.1961,19.3491,2,-20.2939,"Tomato_30_1",0.00018,0.03,0.000901940266542842,"Tomato_30_1_21_Scenario_1A",21
1149,1168,20,-2.9692,-1.2822,-12.5067,-3.0367,-1.4151,-12.64,0.1887,0.199968872577709,0.4314,0.3922,0.1961,19.3637,2,-20.3855,"Tomato_30_1",0.00018,0.03,0.000654808317636183,"Tomato_30_1_21_Scenario_1A",21
1142,1169,6,-0.4201,1.8459,-16.029,-0.457,1.954,-16.1932,0.1887,0.20002214877358,0.4314,0.3922,0.1961,19.366,2,-16.8323,"Tomato_30_1",0.00018,0.03,0.00106497993997938,"Tomato_30_1_21_Scenario_1A",21
1152,1170,23,-1.2124,-0.2544,-12.0538,-1.3991,-0.2944,-12.1131,0.1887,0.199933438924058,0.4314,0.3922,0.1961,19.3708,2,-20.9124,"Tomato_30_1",0.00018,0.03,0.000693712636979104,"Tomato_30_1_21_Scenario_1A",21
1147,1171,18,-2.1493,1.9654,-13.372,-2.1008,1.9814,-13.5654,0.1887,0.200029522821008,0.4314,0.3922,0.1961,19.3765,2,-19.4601,"Tomato_30_1",0.00018,0.03,0.000660780070472697,"Tomato_30_1_21_Scenario_1A",21
1154,1172,22,-0.1298,1.7747,-12.0737,-0.1349,1.9587,-12.1519,0.1887,0.199993124881832,0.4314,0.3922,0.1961,19.3822,2,-20.8736,"Tomato_30_1",0.00018,0.03,0.000679975818610661,"Tomato_30_1_21_Scenario_1A",21
1145,1173,1,-4.2614,-4.3539,-15.566,-4.2941,-4.3636,-15.763,0.1887,0.199930938076126,0.4314,0.3922,0.1961,19.4059,2,-17.2625,"Tomato_30_1",0.00018,0.03,0.00124841886708921,"Tomato_30_1_21_Scenario_1A",21
1139,1174,2,0.849,-3.699,-15.0654,0.8231,-3.7145,-15.2631,0.1887,0.199990874791826,0.4314,0.3922,0.1961,19.4087,2,-17.7624,"Tomato_30_1",0.00018,0.03,0.00138702605258847,"Tomato_30_1_21_Scenario_1A",21
1162,1175,24,-0.139,0.0601,-12.1324,0.0197,0.1499,-12.2144,0.1887,0.199934314213443,0.4314,0.3922,0.1961,19.4088,2,-20.8111,"Tomato_30_1",0.00018,0.03,0.000702747550072757,"Tomato_30_1_21_Scenario_1A",21
1151,1176,13,3.5075,-0.6268,-14.5335,3.4943,-0.6185,-14.7329,0.1887,0.200008724809695,0.4314,0.3922,0.1961,19.4121,2,-18.2926,"Tomato_30_1",0.00018,0.03,0.000691237681028429,"Tomato_30_1_21_Scenario_1A",21
1156,1177,19,-0.5309,-4.0548,-11.3543,-0.5467,-4.2318,-11.4461,0.1887,0.200014699459814,0.4314,0.3922,0.1961,19.4124,2,-21.5794,"Tomato_30_1",0.00018,0.03,0.000669727622272688,"Tomato_30_1_21_Scenario_1A",21
1155,1178,11,-5.5274,5.3472,-12.705,-5.4986,5.4633,-12.8654,0.1887,0.200092003838234,0.4314,0.3922,0.1961,19.4165,2,-20.1601,"Tomato_30_1",0.00018,0.03,0.000698659338486578,"Tomato_30_1_21_Scenario_1A",21
1153,1179,14,-7.0599,0.8526,-10.8844,-7.1968,0.9417,-10.9999,0.1887,0.200051668325961,0.4314,0.3922,0.1961,19.4165,2,-22.0256,"Tomato_30_1",0.00018,0.03,0.000677500302297695,"Tomato_30_1_21_Scenario_1A",21
1148,1180,4,2.5832,1.3592,-17.5887,2.6116,1.322,-17.7832,0.1887,0.200051618338869,0.4314,0.3922,0.1961,19.4204,2,-15.2423,"Tomato_30_1",0.00018,0.03,0.00118372336289867,"Tomato_30_1_21_Scenario_1A",21
1150,1181,7,-7.1013,-1.269,-12.3559,-7.2343,-1.1813,-12.4768,0.1887,0.199992749868589,0.4314,0.3922,0.1961,19.4265,2,-20.5487,"Tomato_30_1",0.00018,0.03,0.000977111774446821,"Tomato_30_1_21_Scenario_1A",21
1158,1182,12,-3.8769,-4.6799,-13.7153,-3.8627,-4.6931,-13.9143,0.1887,0.199942191645487,0.4314,0.3922,0.1961,19.4348,2,-19.1112,"Tomato_30_1",0.00018,0.03,0.000666308090075727,"Tomato_30_1_21_Scenario_1A",21
1161,1183,17,2.3595,-0.5849,-14.5669,2.3187,-0.5738,-14.7624,0.1887,0.200020248974947,0.4314,0.3922,0.1961,19.4351,2,-18.2631,"Tomato_30_1",0.00018,0.03,0.000646360991829284,"Tomato_30_1_21_Scenario_1A",21
1165,1184,21,-1.9083,1.0916,-13.2284,-2.0064,1.1552,-13.3906,0.1887,0.199943517024183,0.4314,0.3922,0.1961,19.4421,2,-19.6349,"Tomato_30_1",0.00018,0.03,0.000659022347825028,"Tomato_30_1_21_Scenario_1A",21
1163,1185,16,0.0559,5.7094,-12.5499,0.1596,5.8332,-12.6678,0.1887,0.199951344081504,0.4314,0.3922,0.1961,19.4442,2,-20.3577,"Tomato_30_1",0.00018,0.03,0.000642218823159583,"Tomato_30_1_21_Scenario_1A",21
1157,1186,9,3.1098,2.978,-14.4889,3.1031,3.0942,-14.6516,0.1887,0.200046544584005,0.4314,0.3922,0.1961,19.448,2,-18.3739,"Tomato_30_1",0.00018,0.03,0.000858472542318858,"Tomato_30_1_21_Scenario_1A",21
1164,1187,15,3.1216,-3.7238,-14.8422,3.1096,-3.8221,-15.016,0.1887,0.200033322224073,0.4314,0.3922,0.1961,19.4583,2,-18.0095,"Tomato_30_1",0.00018,0.03,0.000619338605439914,"Tomato_30_1_21_Scenario_1A",21
122,1188,0,-0.3589,-0.0369,-22.2531,-0.347,-0.0261,-22.4524,0.1887,0.199946842935817,0.4314,0.3922,0.1961,19.46,1,-10.5731,"Tomato_30_1",0.00018,0.03,0.00177715419335357,"Tomato_30_1_21_Scenario_1A",21
1160,1189,5,-3.1769,-1.2247,-16.5617,-3.2917,-1.2145,-16.7252,0.1887,0.200038321328692,0.4314,0.3922,0.1961,19.465,2,-16.3003,"Tomato_30_1",0.00018,0.03,0.00109904614426068,"Tomato_30_1_21_Scenario_1A",21
1168,1190,20,-3.0367,-1.4151,-12.64,-3.1142,-1.5299,-12.7843,0.1887,0.200019449054335,0.4314,0.3922,0.1961,19.4741,2,-20.2412,"Tomato_30_1",0.00018,0.03,0.000652417300616479,"Tomato_30_1_21_Scenario_1A",21
1170,1191,23,-1.3991,-0.2944,-12.1131,-1.5852,-0.3332,-12.1755,0.1887,0.200081008594019,0.4314,0.3922,0.1961,19.4771,2,-20.85,"Tomato_30_1",0.00018,0.03,0.000691514573599956,"Tomato_30_1_21_Scenario_1A",21
1172,1192,22,-0.1349,1.9587,-12.1519,-0.1384,2.1435,-12.2284,0.1887,0.200038846227427,0.4314,0.3922,0.1961,19.4889,2,-20.7971,"Tomato_30_1",0.00018,0.03,0.000677476102316928,"Tomato_30_1_21_Scenario_1A",21
1159,1193,3,4.6333,3.7519,-14.0647,4.6752,3.7592,-14.2601,0.1887,0.199975148456001,0.4314,0.3922,0.1961,19.4895,2,-18.7654,"Tomato_30_1",0.00018,0.03,0.00130872385042242,"Tomato_30_1_21_Scenario_1A",21
1166,1194,10,-6.1903,-3.7915,-14.3848,-6.3051,-3.8901,-14.5155,0.1887,0.199958720740056,0.4314,0.3922,0.1961,19.4957,2,-18.51,"Tomato_30_1",0.00018,0.03,0.000772127412259275,"Tomato_30_1_21_Scenario_1A",21
123,1195,0,-0.347,-0.0261,-22.4524,-0.3496,-0.025,-22.4866,0.1887,0.034316322646809,0.4314,0.3922,0.1961,19.5032,1,-10.5389,"Tomato_30_1",0.00018,0.03,0.000275907249599692,"Tomato_30_1_21_Scenario_1A",21
1171,1196,18,-2.1008,1.9814,-13.5654,-2.0481,1.9732,-13.7581,0.1887,0.199944542311112,0.4314,0.3922,0.1961,19.505,2,-19.2674,"Tomato_30_1",0.00018,0.03,0.000658278215231179,"Tomato_30_1_21_Scenario_1A",21
1175,1197,24,0.0197,0.1499,-12.2144,0.1816,0.2369,-12.2935,0.1887,0.200093528131222,0.4314,0.3922,0.1961,19.5064,2,-20.732,"Tomato_30_1",0.00018,0.03,0.00070037370743869,"Tomato_30_1_21_Scenario_1A",21
1167,1198,8,3.6208,-8.0433,-12.7316,3.6679,-8.2026,-12.8431,0.1887,0.200067863486368,0.4314,0.3922,0.1961,19.5107,2,-20.1824,"Tomato_30_1",0.00018,0.03,0.00089981419181308,"Tomato_30_1_21_Scenario_1A",21
1169,1199,6,-0.457,1.954,-16.1932,-0.4815,2.0518,-16.3659,0.1887,0.199975948553819,0.4314,0.3922,0.1961,19.5409,2,-16.6596,"Tomato_30_1",0.00018,0.03,0.00106232751001489,"Tomato_30_1_21_Scenario_1A",21
1177,1200,19,-0.5467,-4.2318,-11.4461,-0.5679,-4.4058,-11.5423,0.1887,0.199949693673184,0.4314,0.3922,0.1961,19.5411,2,-21.4832,"Tomato_30_1",0.00018,0.03,0.00066744151857483,"Tomato_30_1_21_Scenario_1A",21
1184,1201,21,-2.0064,1.1552,-13.3906,-2.1068,1.222,-13.5502,0.1887,0.200036396688203,0.4314,0.3922,0.1961,19.5458,2,-19.4753,"Tomato_30_1",0.00018,0.03,0.000656754889814653,"Tomato_30_1_21_Scenario_1A",21
1179,1202,14,-7.1968,0.9417,-10.9999,-7.3206,1.0595,-11.1037,0.1887,0.199944292241614,0.4314,0.3922,0.1961,19.5577,2,-21.9218,"Tomato_30_1",0.00018,0.03,0.000675230677933278,"Tomato_30_1_21_Scenario_1A",21
1178,1203,11,-5.4986,5.4633,-12.8654,-5.4663,5.5821,-13.023,0.1887,0.199986224525591,0.4314,0.3922,0.1961,19.558,2,-20.0025,"Tomato_30_1",0.00018,0.03,0.000696324099803281,"Tomato_30_1_21_Scenario_1A",21
1176,1204,13,3.4943,-0.6185,-14.7329,3.4831,-0.6176,-14.9325,0.1887,0.199916007363091,0.4314,0.3922,0.1961,19.561,2,-18.093,"Tomato_30_1",0.00018,0.03,0.000688972770904241,"Tomato_30_1_21_Scenario_1A",21
1183,1205,17,2.3187,-0.5738,-14.7624,2.2996,-0.5538,-14.9605,0.1887,0.200021048892361,0.4314,0.3922,0.1961,19.5615,2,-18.065,"Tomato_30_1",0.00018,0.03,0.00064436626053087,"Tomato_30_1_21_Scenario_1A",21
1185,1206,16,0.1596,5.8332,-12.6678,0.264,5.9554,-12.7869,0.1887,0.200042520480022,0.4314,0.3922,0.1961,19.5723,2,-20.2386,"Tomato_30_1",0.00018,0.03,0.000640526431359742,"Tomato_30_1_21_Scenario_1A",21
1182,1207,12,-3.8627,-4.6931,-13.9143,-3.8346,-4.6861,-14.1122,0.1887,0.200007549857498,0.4314,0.3922,0.1961,19.5765,2,-18.9133,"Tomato_30_1",0.00018,0.03,0.000664650006226115,"Tomato_30_1_21_Scenario_1A",21
1187,1208,15,3.1096,-3.8221,-15.016,3.1095,-3.8729,-15.2094,0.1887,0.199960521103542,0.4314,0.3922,0.1961,19.5827,2,-17.8161,"Tomato_30_1",0.00018,0.03,0.000617200276258908,"Tomato_30_1_21_Scenario_1A",21
1191,1209,23,-1.5852,-0.3332,-12.1755,-1.7731,-0.3715,-12.2324,0.1887,0.20002727314044,0.4314,0.3922,0.1961,19.5841,2,-20.7931,"Tomato_30_1",0.00018,0.03,0.000688815649501893,"Tomato_30_1_21_Scenario_1A",21
1190,1210,20,-3.1142,-1.5299,-12.7843,-3.1919,-1.6432,-12.9296,0.1887,0.199965672053981,0.4314,0.3922,0.1961,19.5854,2,-20.0959,"Tomato_30_1",0.00018,0.03,0.000649871548575766,"Tomato_30_1_21_Scenario_1A",21
1180,1211,4,2.6116,1.322,-17.7832,2.629,1.2896,-17.9797,0.1887,0.199911905598441,0.4314,0.3922,0.1961,19.593,2,-15.0458,"Tomato_30_1",0.00018,0.03,0.00118022345816371,"Tomato_30_1_21_Scenario_1A",21
1173,1212,1,-4.2941,-4.3636,-15.763,-4.2918,-4.3937,-15.9607,0.1887,0.199991474818303,0.4314,0.3922,0.1961,19.5931,2,-17.0648,"Tomato_30_1",0.00018,0.03,0.00124597499840489,"Tomato_30_1_21_Scenario_1A",21
1181,1213,7,-7.2343,-1.1813,-12.4768,-7.3517,-1.1054,-12.6198,0.1887,0.199981424137343,0.4314,0.3922,0.1961,19.594,2,-20.4057,"Tomato_30_1",0.00018,0.03,0.00097484830981365,"Tomato_30_1_21_Scenario_1A",21
1192,1214,22,-0.1384,2.1435,-12.2284,-0.1425,2.329,-12.303,0.1887,0.199980549054152,0.4314,0.3922,0.1961,19.5963,2,-20.7225,"Tomato_30_1",0.00018,0.03,0.000674817094066054,"Tomato_30_1_21_Scenario_1A",21
1197,1215,24,0.1816,0.2369,-12.2935,0.3391,0.3316,-12.3723,0.1887,0.19995944588841,0.4314,0.3922,0.1961,19.6046,2,-20.6532,"Tomato_30_1",0.00018,0.03,0.000697171894349829,"Tomato_30_1_21_Scenario_1A",21
1186,1216,9,3.1031,3.0942,-14.6516,3.1253,3.2221,-14.8038,0.1887,0.200040220955687,0.4314,0.3922,0.1961,19.6076,2,-18.2217,"Tomato_30_1",0.00018,0.03,0.000856266053654837,"Tomato_30_1_21_Scenario_1A",21
1189,1217,5,-3.2917,-1.2145,-16.7252,-3.3665,-1.1537,-16.9004,0.1887,0.199966797243943,0.4314,0.3922,0.1961,19.6295,2,-16.1251,"Tomato_30_1",0.00018,0.03,0.00109617007393672,"Tomato_30_1_21_Scenario_1A",21
1174,1218,2,0.8231,-3.7145,-15.2631,0.7973,-3.7301,-15.4608,0.1887,0.199985724490526,0.4314,0.3922,0.1961,19.631,2,-17.5647,"Tomato_30_1",0.00018,0.03,0.00138463254417826,"Tomato_30_1_21_Scenario_1A",21
1196,1219,18,-2.0481,1.9732,-13.7581,-2.0358,1.9469,-13.956,0.1887,0.200018474146764,0.4314,0.3922,0.1961,19.6344,2,-19.0695,"Tomato_30_1",0.00018,0.03,0.00065648710088577,"Tomato_30_1_21_Scenario_1A",21
1201,1220,21,-2.1068,1.222,-13.5502,-2.1827,1.2894,-13.7225,0.1887,0.199977148694545,0.4314,0.3922,0.1961,19.6504,2,-19.303,"Tomato_30_1",0.00018,0.03,0.000654174144267551,"Tomato_30_1_21_Scenario_1A",21
1194,1221,10,-6.3051,-3.8901,-14.5155,-6.4187,-3.9649,-14.6622,0.1887,0.200052218183154,0.4314,0.3922,0.1961,19.6508,2,-18.3633,"Tomato_30_1",0.00018,0.03,0.000770527733779218,"Tomato_30_1_21_Scenario_1A",21
1200,1222,19,-0.5679,-4.4058,-11.5423,-0.5871,-4.5618,-11.666,0.1887,0.200015824373973,0.4314,0.3922,0.1961,19.6708,2,-21.3595,"Tomato_30_1",0.00018,0.03,0.000665783104301963,"Tomato_30_1_21_Scenario_1A",21
1198,1223,8,3.6679,-8.2026,-12.8431,3.71,-8.338,-12.9841,0.1887,0.199966422181324,0.4314,0.3922,0.1961,19.6741,2,-20.0414,"Tomato_30_1",0.00018,0.03,0.000897325185270529,"Tomato_30_1_21_Scenario_1A",21
1193,1224,3,4.6752,3.7592,-14.2601,4.7043,3.776,-14.4573,0.1887,0.200042220543565,0.4314,0.3922,0.1961,19.6836,2,-18.5682,"Tomato_30_1",0.00018,0.03,0.00130656973541387,"Tomato_30_1_21_Scenario_1A",21
1205,1225,17,2.2996,-0.5538,-14.9605,2.2489,-0.541,-15.1535,0.1887,0.199958320657081,0.4314,0.3922,0.1961,19.689,2,-17.872,"Tomato_30_1",0.00018,0.03,0.000642351094865836,"Tomato_30_1_21_Scenario_1A",21
1209,1226,23,-1.7731,-0.3715,-12.2324,-1.9551,-0.3669,-12.3152,0.1887,0.200002499984376,0.4314,0.3922,0.1961,19.6918,2,-20.7103,"Tomato_30_1",0.00018,0.03,0.000686413975410928,"Tomato_30_1_21_Scenario_1A",21
1210,1227,20,-3.1919,-1.6432,-12.9296,-3.2612,-1.7556,-13.0798,0.1887,0.199990724784926,0.4314,0.3922,0.1961,19.6974,2,-19.9457,"Tomato_30_1",0.00018,0.03,0.000647767420041833,"Tomato_30_1_21_Scenario_1A",21
1202,1228,14,-7.3206,1.0595,-11.1037,-7.4388,1.179,-11.2121,0.1887,0.200005124934337,0.4314,0.3922,0.1961,19.7001,2,-21.8134,"Tomato_30_1",0.00018,0.03,0.000673721953886036,"Tomato_30_1_21_Scenario_1A",21
1203,1229,11,-5.4663,5.5821,-13.023,-5.4536,5.7032,-13.1816,0.1887,0.199951144032736,0.4314,0.3922,0.1961,19.7009,2,-19.8439,"Tomato_30_1",0.00018,0.03,0.000694435190986946,"Tomato_30_1_21_Scenario_1A",21
1206,1230,16,0.264,5.9554,-12.7869,0.3617,6.0731,-12.9158,0.1887,0.200034472029199,0.4314,0.3922,0.1961,19.7014,2,-20.1097,"Tomato_30_1",0.00018,0.03,0.000638697393157414,"Tomato_30_1_21_Scenario_1A",21
1215,1231,24,0.3391,0.3316,-12.3723,0.4965,0.4281,-12.449,0.1887,0.199924735838265,0.4314,0.3922,0.1961,19.7035,2,-20.5765,"Tomato_30_1",0.00018,0.03,0.000694518296216213,"Tomato_30_1_21_Scenario_1A",21
1214,1232,22,-0.1425,2.329,-12.303,-0.1199,2.4981,-12.4075,0.1887,0.200064539586604,0.4314,0.3922,0.1961,19.7044,2,-20.618,"Tomato_30_1",0.00018,0.03,0.000672829903829915,"Tomato_30_1_21_Scenario_1A",21
1208,1233,15,3.1095,-3.8729,-15.2094,3.1326,-3.8736,-15.4081,0.1887,0.200039471105078,0.4314,0.3922,0.1961,19.7083,2,-17.6174,"Tomato_30_1",0.00018,0.03,0.000615705964851728,"Tomato_30_1_21_Scenario_1A",21
1204,1234,13,3.4831,-0.6176,-14.9325,3.4667,-0.6164,-15.1319,0.1887,0.200076885221657,0.4314,0.3922,0.1961,19.7115,2,-17.8936,"Tomato_30_1",0.00018,0.03,0.000687777043101117,"Tomato_30_1_21_Scenario_1A",21
1199,1235,6,-0.4815,2.0518,-16.3659,-0.5089,2.1253,-16.5499,0.1887,0.200022523731705,0.4314,0.3922,0.1961,19.7179,2,-16.4756,"Tomato_30_1",0.00018,0.03,0.00106047029701801,"Tomato_30_1_21_Scenario_1A",21
1207,1236,12,-3.8346,-4.6861,-14.1122,-3.8044,-4.6611,-14.3083,0.1887,0.199980624061432,0.4314,0.3922,0.1961,19.7198,2,-18.7172,"Tomato_30_1",0.00018,0.03,0.000662873789966914,"Tomato_30_1_21_Scenario_1A",21
1220,1237,21,-2.1827,1.2894,-13.7225,-2.241,1.3557,-13.902,0.1887,0.200037071564247,0.4314,0.3922,0.1961,19.7557,2,-19.1235,"Tomato_30_1",0.00018,0.03,0.000652169453341069,"Tomato_30_1_21_Scenario_1A",21
124,1238,0,-0.3496,-0.025,-22.4866,-0.3598,-0.0387,-22.6858,0.1887,0.199930913067491,0.4314,0.3922,0.1961,19.7565,1,-10.3397,"Tomato_30_1",0.00018,0.03,0.0017366166682493,"Tomato_30_1_21_Scenario_1A",21
1213,1239,7,-7.3517,-1.1054,-12.6198,-7.4544,-1.0143,-12.7653,0.1887,0.200041870617128,0.4314,0.3922,0.1961,19.7633,2,-20.2602,"Tomato_30_1",0.00018,0.03,0.000973211409012614,"Tomato_30_1_21_Scenario_1A",21
1219,1240,18,-2.0358,1.9469,-13.956,-2.0161,1.942,-14.1549,0.1887,0.199933263865721,0.4314,0.3922,0.1961,19.7648,2,-18.8706,"Tomato_30_1",0.00018,0.03,0.000654360508473301,"Tomato_30_1_21_Scenario_1A",21
60,1241,25,-0.3102,-0.0432,-12.4363,-0.4136,0.1084,-12.5159,0.1887,0.200025698348988,0.4314,0.3922,0.1961,19.7669,2,-20.5096,"Tomato_30_1",0.00018,0.03,0.000703906996705216,"Tomato_30_1_21_Scenario_1A",21
1211,1242,4,2.629,1.2896,-17.9797,2.6494,1.2648,-18.1771,0.1887,0.199994899934972,0.4314,0.3922,0.1961,19.7676,2,-14.8484,"Tomato_30_1",0.00018,0.03,0.00117837537271218,"Tomato_30_1_21_Scenario_1A",21
1216,1243,9,3.1253,3.2221,-14.8038,3.1698,3.3191,-14.9729,0.1887,0.199960146029151,0.4314,0.3922,0.1961,19.7687,2,-18.0526,"Tomato_30_1",0.00018,0.03,0.000853988867086904,"Tomato_30_1_21_Scenario_1A",21
1212,1244,1,-4.2918,-4.3937,-15.9607,-4.2738,-4.3724,-16.1588,0.1887,0.200053242912981,0.4314,0.3922,0.1961,19.7829,2,-16.8667,"Tomato_30_1",0.00018,0.03,0.00124389090109385,"Tomato_30_1_21_Scenario_1A",21
1217,1245,5,-3.3665,-1.1537,-16.9004,-3.441,-1.0752,-17.0686,0.1887,0.200009349781453,0.4314,0.3922,0.1961,19.7954,2,-15.9569,"Tomato_30_1",0.00018,0.03,0.00109423186505254,"Tomato_30_1_21_Scenario_1A",21
1226,1246,23,-1.9551,-0.3669,-12.3152,-2.1215,-0.321,-12.4161,0.1887,0.199941441427234,0.4314,0.3922,0.1961,19.8003,2,-20.6094,"Tomato_30_1",0.00018,0.03,0.000684084489195315,"Tomato_30_1_21_Scenario_1A",21
1222,1247,19,-0.5871,-4.5618,-11.666,-0.6108,-4.7342,-11.7646,0.1887,0.200013524542717,0.4314,0.3922,0.1961,19.8016,2,-21.2609,"Tomato_30_1",0.00018,0.03,0.00066408546906854,"Tomato_30_1_21_Scenario_1A",21
1231,1248,24,0.4965,0.4281,-12.449,0.6653,0.506,-12.5229,0.1887,0.200057641693588,0.4314,0.3922,0.1961,19.8031,2,-20.5026,"Tomato_30_1",0.00018,0.03,0.000692642847834175,"Tomato_30_1_21_Scenario_1A",21
1221,1249,10,-6.4187,-3.9649,-14.6622,-6.5807,-4.0274,-14.7613,0.1887,0.199927636908958,0.4314,0.3922,0.1961,19.8078,2,-18.2642,"Tomato_30_1",0.00018,0.03,0.000768307644130618,"Tomato_30_1_21_Scenario_1A",21
1227,1250,20,-3.2612,-1.7556,-13.0798,-3.3346,-1.8522,-13.2389,0.1887,0.200079809076277,0.4314,0.3922,0.1961,19.8103,2,-19.7866,"Tomato_30_1",0.00018,0.03,0.000646053271764198,"Tomato_30_1_21_Scenario_1A",21
1232,1251,22,-0.1199,2.4981,-12.4075,-0.1035,2.6657,-12.5153,0.1887,0.199948893470306,0.4314,0.3922,0.1961,19.8132,2,-20.5102,"Tomato_30_1",0.00018,0.03,0.000670363215650583,"Tomato_30_1_21_Scenario_1A",21
1225,1252,17,2.2489,-0.541,-15.1535,2.1969,-0.5235,-15.3458,0.1887,0.199973848290221,0.4314,0.3922,0.1961,19.8177,2,-17.6797,"Tomato_30_1",0.00018,0.03,0.000640770718433455,"Tomato_30_1_21_Scenario_1A",21
1230,1253,16,0.3617,6.0731,-12.9158,0.4714,6.196,-13.0291,0.1887,0.199938465533773,0.4314,0.3922,0.1961,19.8317,2,-19.9964,"Tomato_30_1",0.00018,0.03,0.000636770570032753,"Tomato_30_1_21_Scenario_1A",21
1233,1254,15,3.1326,-3.8736,-15.4081,3.1528,-3.8746,-15.6071,0.1887,0.200025098425174,0.4314,0.3922,0.1961,19.8351,2,-17.4184,"Tomato_30_1",0.00018,0.03,0.000614098799891915,"Tomato_30_1_21_Scenario_1A",21
1223,1255,8,3.71,-8.338,-12.9841,3.7525,-8.4732,-13.1252,0.1887,0.199986249527312,0.4314,0.3922,0.1961,19.8395,2,-19.9003,"Tomato_30_1",0.00018,0.03,0.000895636948009547,"Tomato_30_1_21_Scenario_1A",21
1228,1256,14,-7.4388,1.179,-11.2121,-7.5579,1.2947,-11.3236,0.1887,0.200008874803096,0.4314,0.3922,0.1961,19.8437,2,-21.7019,"Tomato_30_1",0.00018,0.03,0.00067221182571246,"Tomato_30_1_21_Scenario_1A",21
1229,1257,11,-5.4536,5.7032,-13.1816,-5.4636,5.8634,-13.3009,0.1887,0.199991324811854,0.4314,0.3922,0.1961,19.8452,2,-19.7246,"Tomato_30_1",0.00018,0.03,0.000693005194822386,"Tomato_30_1_21_Scenario_1A",21
1218,1258,2,0.7973,-3.7301,-15.4608,0.7766,-3.7466,-15.659,0.1887,0.19995994598919,0.4314,0.3922,0.1961,19.8573,2,-17.3665,"Tomato_30_1",0.00018,0.03,0.00138249062473699,"Tomato_30_1_21_Scenario_1A",21
1241,1259,25,-0.4136,0.1084,-12.5159,-0.5322,0.2435,-12.6034,0.1887,0.199935539612146,0.4314,0.3922,0.1961,19.8594,2,-20.4221,"Tomato_30_1",0.00018,0.03,0.000701223770204187,"Tomato_30_1_21_Scenario_1A",21
1237,1260,21,-2.241,1.3557,-13.902,-2.2997,1.3966,-14.0888,0.1887,0.200031847464349,0.4314,0.3922,0.1961,19.8619,2,-18.9367,"Tomato_30_1",0.00018,0.03,0.000650137087219012,"Tomato_30_1_21_Scenario_1A",21
1234,1261,13,3.4667,-0.6164,-15.1319,3.4125,-0.5947,-15.3232,0.1887,0.200010549721758,0.4314,0.3922,0.1961,19.8634,2,-17.7023,"Tomato_30_1",0.00018,0.03,0.000685994706896377,"Tomato_30_1_21_Scenario_1A",21
1236,1262,12,-3.8044,-4.6611,-14.3083,-3.7763,-4.6567,-14.5063,0.1887,0.200032422371975,0.4314,0.3922,0.1961,19.8646,2,-18.5192,"Tomato_30_1",0.00018,0.03,0.000661546893625864,"Tomato_30_1_21_Scenario_1A",21
1224,1263,3,4.7043,3.776,-14.4573,4.7233,3.7678,-14.6562,0.1887,0.199973623260669,0.4314,0.3922,0.1961,19.8801,2,-18.3693,"Tomato_30_1",0.00018,0.03,0.00130390120831972,"Tomato_30_1_21_Scenario_1A",21
1240,1264,18,-2.0161,1.942,-14.1549,-1.9893,1.8978,-14.3481,0.1887,0.199995299944775,0.4314,0.3922,0.1961,19.8962,2,-18.6774,"Tomato_30_1",0.00018,0.03,0.000652902371689384,"Tomato_30_1_21_Scenario_1A",21
1235,1265,6,-0.5089,2.1253,-16.5499,-0.5197,2.1805,-16.7418,0.1887,0.199973223207509,0.4314,0.3922,0.1961,19.897,2,-16.2837,"Tomato_30_1",0.00018,0.03,0.00105840649283979,"Tomato_30_1_21_Scenario_1A",21
1248,1266,24,0.6653,0.506,-12.5229,0.8364,0.5813,-12.594,0.1887,0.200001274995936,0.4314,0.3922,0.1961,19.9034,2,-20.4315,"Tomato_30_1",0.00018,0.03,0.000690307821913559,"Tomato_30_1_21_Scenario_1A",21
1246,1267,23,-2.1215,-0.321,-12.4161,-2.2813,-0.2676,-12.5239,0.1887,0.200021098887092,0.4314,0.3922,0.1961,19.9096,2,-20.5016,"Tomato_30_1",0.00018,0.03,0.000682430867140642,"Tomato_30_1_21_Scenario_1A",21
1251,1268,22,-0.1035,2.6657,-12.5153,-0.1182,2.8319,-12.6256,0.1887,0.200011549666513,0.4314,0.3922,0.1961,19.9229,2,-20.3999,"Tomato_30_1",0.00018,0.03,0.000668685949961984,"Tomato_30_1_21_Scenario_1A",21
1250,1269,20,-3.3346,-1.8522,-13.2389,-3.4163,-1.9455,-13.3957,0.1887,0.199915031951077,0.4314,0.3922,0.1961,19.924,2,-19.6298,"Tomato_30_1",0.00018,0.03,0.000643704229382002,"Tomato_30_1_21_Scenario_1A",21
1243,1270,9,3.1698,3.3191,-14.9729,3.1758,3.4415,-15.131,0.1887,0.200033422207391,0.4314,0.3922,0.1961,19.9314,2,-17.8945,"Tomato_30_1",0.00018,0.03,0.000852609819978242,"Tomato_30_1_21_Scenario_1A",21
1247,1271,19,-0.6108,-4.7342,-11.7646,-0.6335,-4.905,-11.8662,0.1887,0.200026223280848,0.4314,0.3922,0.1961,19.9335,2,-21.1593,"Tomato_30_1",0.00018,0.03,0.00066262652053134,"Tomato_30_1_21_Scenario_1A",21
1239,1272,7,-7.4544,-1.0143,-12.7653,-7.5262,-0.9249,-12.9292,0.1887,0.20002702317437,0.4314,0.3922,0.1961,19.9346,2,-20.0963,"Tomato_30_1",0.00018,0.03,0.000971484526949345,"Tomato_30_1_21_Scenario_1A",21
1242,1273,4,2.6494,1.2648,-18.1771,2.6543,1.2481,-18.3764,0.1887,0.200058466454185,0.4314,0.3922,0.1961,19.9442,2,-14.6491,"Tomato_30_1",0.00018,0.03,0.00117674569738117,"Tomato_30_1_21_Scenario_1A",21
1252,1274,17,2.1969,-0.5235,-15.3458,2.1228,-0.5931,-15.518,0.1887,0.199969522677832,0.4314,0.3922,0.1961,19.9476,2,-17.5075,"Tomato_30_1",0.00018,0.03,0.000639308867657332,"Tomato_30_1_21_Scenario_1A",21
1259,1275,25,-0.5322,0.2435,-12.6034,-0.6414,0.3685,-12.715,0.1887,0.200010499724389,0.4314,0.3922,0.1961,19.9524,2,-20.3105,"Tomato_30_1",0.00018,0.03,0.000699319504937222,"Tomato_30_1_21_Scenario_1A",21
1245,1276,5,-3.441,-1.0752,-17.0686,-3.5168,-1.0122,-17.2427,0.1887,0.200063614882866,0.4314,0.3922,0.1961,19.963,2,-15.7828,"Tomato_30_1",0.00018,0.03,0.00109266769367442,"Tomato_30_1_21_Scenario_1A",21
1253,1277,16,0.4714,6.196,-13.0291,0.6259,6.3044,-13.0954,0.1887,0.200041245746971,0.4314,0.3922,0.1961,19.963,2,-19.9301,"Tomato_30_1",0.00018,0.03,0.000635658054418317,"Tomato_30_1_21_Scenario_1A",21
1254,1278,15,3.1528,-3.8746,-15.6071,3.144,-3.9093,-15.8038,0.1887,0.199931038110644,0.4314,0.3922,0.1961,19.9631,2,-17.2217,"Tomato_30_1",0.00018,0.03,0.000612422901088476,"Tomato_30_1_21_Scenario_1A",21
1249,1279,10,-6.5807,-4.0274,-14.7613,-6.7256,-4.1077,-14.8735,0.1887,0.200082333053171,0.4314,0.3922,0.1961,19.9667,2,-18.152,"Tomato_30_1",0.00018,0.03,0.000767379231050512,"Tomato_30_1_21_Scenario_1A",21
1260,1280,21,-2.2997,1.3966,-14.0888,-2.3738,1.4593,-14.2636,0.1887,0.199942841832359,0.4314,0.3922,0.1961,19.9689,2,-18.7619,"Tomato_30_1",0.00018,0.03,0.000648018753337703,"Tomato_30_1_21_Scenario_1A",21
1244,1281,1,-4.2738,-4.3724,-16.1588,-4.2573,-4.3515,-16.357,0.1887,0.199980749073504,0.4314,0.3922,0.1961,19.9751,2,-16.6685,"Tomato_30_1",0.00018,0.03,0.00124132606655441,"Tomato_30_1_21_Scenario_1A",21
1256,1282,14,-7.5579,1.2947,-11.3236,-7.6622,1.4189,-11.4406,0.1887,0.199982824262485,0.4314,0.3922,0.1961,19.9885,2,-21.5849,"Tomato_30_1",0.00018,0.03,0.000670793050186082,"Tomato_30_1_21_Scenario_1A",21
1257,1283,11,-5.4636,5.8634,-13.3009,-5.4417,6.0167,-13.4275,0.1887,0.200020148985046,0.4314,0.3922,0.1961,19.9912,2,-19.598,"Tomato_30_1",0.00018,0.03,0.000691732256682696,"Tomato_30_1_21_Scenario_1A",21
1266,1284,24,0.8364,0.5813,-12.594,1.0063,0.6598,-12.6647,0.1887,0.200066863823073,0.4314,0.3922,0.1961,20.0043,2,-20.3608,"Tomato_30_1",0.00018,0.03,0.00068859015239367,"Tomato_30_1_21_Scenario_1A",21
1255,1285,8,3.7525,-8.4732,-13.1252,3.8072,-8.6062,-13.2642,0.1887,0.20000522493175,0.4314,0.3922,0.1961,20.0068,2,-19.7613,"Tomato_30_1",0.00018,0.03,0.000894199241040642,"Tomato_30_1_21_Scenario_1A",21
1262,1286,12,-3.7763,-4.6567,-14.5063,-3.7416,-4.6754,-14.7024,0.1887,0.200022473737329,0.4314,0.3922,0.1961,20.0111,2,-18.3231,"Tomato_30_1",0.00018,0.03,0.000660203594732212,"Tomato_30_1_21_Scenario_1A",21
125,1287,0,-0.3598,-0.0387,-22.6858,-0.3561,-0.0283,-22.8855,0.1887,0.200004849941195,0.4314,0.3922,0.1961,20.0113,1,-10.14,"Tomato_30_1",0.00018,0.03,0.00170803722863254,"Tomato_30_1_21_Scenario_1A",21
1261,1288,13,3.4125,-0.5947,-15.3232,3.3463,-0.5783,-15.5112,0.1887,0.199988499669357,0.4314,0.3922,0.1961,20.0169,2,-17.5143,"Tomato_30_1",0.00018,0.03,0.000684560499952756,"Tomato_30_1_21_Scenario_1A",21
1267,1289,23,-2.2813,-0.2676,-12.5239,-2.43,-0.2261,-12.651,0.1887,0.199970872879028,0.4314,0.3922,0.1961,20.0196,2,-20.3745,"Tomato_30_1",0.00018,0.03,0.000680527802334228,"Tomato_30_1_21_Scenario_1A",21
1264,1290,18,-1.9893,1.8978,-14.3481,-1.9619,1.8529,-14.5411,0.1887,0.200039421114939,0.4314,0.3922,0.1961,20.0286,2,-18.4844,"Tomato_30_1",0.00018,0.03,0.000651570264116922,"Tomato_30_1_21_Scenario_1A",21
1268,1291,22,-0.1182,2.8319,-12.6256,-0.1511,2.9689,-12.7675,0.1887,0.199967547367066,0.4314,0.3922,0.1961,20.0332,2,-20.258,"Tomato_30_1",0.00018,0.03,0.000666842042041965,"Tomato_30_1_21_Scenario_1A",21
1269,1292,20,-3.4163,-1.9455,-13.3957,-3.4909,-2.0266,-13.5627,0.1887,0.200078409629825,0.4314,0.3922,0.1961,20.0386,2,-19.4628,"Tomato_30_1",0.00018,0.03,0.000642595169472098,"Tomato_30_1_21_Scenario_1A",21
126,1293,0,-0.3561,-0.0283,-22.8855,-0.3564,-0.0295,-22.9074,0.1887,0.0219349036925158,0.4314,0.3922,0.1961,20.0393,1,-10.1181,"Tomato_30_1",0.00018,0.03,0.000194784296720882,"Tomato_30_1_21_Scenario_1A",21
1275,1294,25,-0.6414,0.3685,-12.715,-0.7322,0.4891,-12.8462,0.1887,0.200006099906978,0.4314,0.3922,0.1961,20.0461,2,-20.1793,"Tomato_30_1",0.00018,0.03,0.000697335603692703,"Tomato_30_1_21_Scenario_1A",21
1271,1295,19,-0.6335,-4.905,-11.8662,-0.6594,-5.0713,-11.9741,0.1887,0.199922259891189,0.4314,0.3922,0.1961,20.0664,2,-21.0514,"Tomato_30_1",0.00018,0.03,0.000660970555358255,"Tomato_30_1_21_Scenario_1A",21
1280,1296,21,-2.3738,1.4593,-14.2636,-2.4482,1.5278,-14.4362,0.1887,0.200045919728446,0.4314,0.3922,0.1961,20.0767,2,-18.5893,"Tomato_30_1",0.00018,0.03,0.000646707269097352,"Tomato_30_1_21_Scenario_1A",21
1265,1297,6,-0.5197,2.1805,-16.7418,-0.5564,2.2378,-16.9299,0.1887,0.20002947282838,0.4314,0.3922,0.1961,20.0783,2,-16.0956,"Tomato_30_1",0.00018,0.03,0.00105720252347659,"Tomato_30_1_21_Scenario_1A",21
1274,1298,17,2.1228,-0.5931,-15.518,2.0578,-0.6222,-15.7049,0.1887,0.200008549817251,0.4314,0.3922,0.1961,20.0787,2,-17.3206,"Tomato_30_1",0.00018,0.03,0.000638167172495456,"Tomato_30_1_21_Scenario_1A",21
1263,1299,3,4.7233,3.7678,-14.6562,4.7896,3.8284,-14.8349,0.1887,0.200004349952694,0.4314,0.3922,0.1961,20.0793,2,-18.1906,"Tomato_30_1",0.00018,0.03,0.00130225202741224,"Tomato_30_1_21_Scenario_1A",21
1258,1300,2,0.7766,-3.7466,-15.659,0.7422,-3.7539,-15.8559,0.1887,0.200015649387741,0.4314,0.3922,0.1961,20.0876,2,-17.1696,"Tomato_30_1",0.00018,0.03,0.0013813050783803,"Tomato_30_1_21_Scenario_1A",21
1278,1301,15,3.144,-3.9093,-15.8038,3.106,-3.9339,-15.9986,0.1887,0.199990499774363,0.4314,0.3922,0.1961,20.0923,2,-17.0269,"Tomato_30_1",0.00018,0.03,0.000611391899382308,"Tomato_30_1_21_Scenario_1A",21
1277,1302,16,0.6259,6.3044,-13.0954,0.7857,6.4054,-13.1607,0.1887,0.200002824980049,0.4314,0.3922,0.1961,20.0956,2,-19.8648,"Tomato_30_1",0.00018,0.03,0.000634277021268622,"Tomato_30_1_21_Scenario_1A",21
1270,1303,9,3.1758,3.4415,-15.131,3.2027,3.5677,-15.2838,0.1887,0.199994724930433,0.4314,0.3922,0.1961,20.0957,2,-17.7417,"Tomato_30_1",0.00018,0.03,0.000850995649285839,"Tomato_30_1_21_Scenario_1A",21
1284,1304,24,1.0063,0.6598,-12.6647,1.1806,0.7407,-12.72,0.1887,0.199958470688291,0.4314,0.3922,0.1961,20.106,2,-20.3055,"Tomato_30_1",0.00018,0.03,0.00068647015548089,"Tomato_30_1_21_Scenario_1A",21
1272,1305,7,-7.5262,-0.9249,-12.9292,-7.6181,-0.8173,-13.0705,0.1887,0.199972648129687,0.4314,0.3922,0.1961,20.1079,2,-19.955,"Tomato_30_1",0.00018,0.03,0.000969842916482243,"Tomato_30_1_21_Scenario_1A",21
1273,1306,4,2.6543,1.2481,-18.3764,2.6719,1.2448,-18.5756,0.1887,0.200003224974,0.4314,0.3922,0.1961,20.1229,2,-14.4499,"Tomato_30_1",0.00018,0.03,0.00117475191231136,"Tomato_30_1_21_Scenario_1A",21
1279,1307,10,-6.7256,-4.1077,-14.8735,-6.8256,-4.1915,-15.025,0.1887,0.199936714987518,0.4314,0.3922,0.1961,20.1274,2,-18.0005,"Tomato_30_1",0.00018,0.03,0.000765517111286157,"Tomato_30_1_21_Scenario_1A",21
1289,1308,23,-2.43,-0.2261,-12.651,-2.5569,-0.2047,-12.8041,0.1887,0.200002949978244,0.4314,0.3922,0.1961,20.1304,2,-20.2214,"Tomato_30_1",0.00018,0.03,0.000679098729342371,"Tomato_30_1_21_Scenario_1A",21
1276,1309,5,-3.5168,-1.0122,-17.2427,-3.6052,-1.017,-17.422,0.1887,0.199965221976224,0.4314,0.3922,0.1961,20.1321,2,-15.6035,"Tomato_30_1",0.00018,0.03,0.00109058119921053,"Tomato_30_1_21_Scenario_1A",21
1282,1310,14,-7.6622,1.4189,-11.4406,-7.7642,1.5319,-11.5704,0.1887,0.200052593084918,0.4314,0.3922,0.1961,20.1345,2,-21.4551,"Tomato_30_1",0.00018,0.03,0.000669886218716819,"Tomato_30_1_21_Scenario_1A",21
1283,1311,11,-5.4417,6.0167,-13.4275,-5.4219,6.1627,-13.5627,0.1887,0.199967697391353,0.4314,0.3922,0.1961,20.1386,2,-19.4628,"Tomato_30_1",0.00018,0.03,0.000690375259409913,"Tomato_30_1_21_Scenario_1A",21
1294,1312,25,-0.7322,0.4891,-12.8462,-0.8065,0.603,-12.9929,0.1887,0.200036471674543,0.4314,0.3922,0.1961,20.1404,2,-20.0326,"Tomato_30_1",0.00018,0.03,0.000695671054984901,"Tomato_30_1_21_Scenario_1A",21
1291,1313,22,-0.1511,2.9689,-12.7675,-0.1492,3.1187,-12.9,0.1887,0.199999749999844,0.4314,0.3922,0.1961,20.1444,2,-20.1255,"Tomato_30_1",0.00018,0.03,0.000665442173501642,"Tomato_30_1_21_Scenario_1A",21
1292,1314,20,-3.4909,-2.0266,-13.5627,-3.5446,-2.1,-13.7408,0.1887,0.199977148694545,0.4314,0.3922,0.1961,20.154,2,-19.2847,"Tomato_30_1",0.00018,0.03,0.000640818184365278,"Tomato_30_1_21_Scenario_1A",21
1286,1315,12,-3.7416,-4.6754,-14.7024,-3.6773,-4.7087,-14.8888,0.1887,0.199970847875383,0.4314,0.3922,0.1961,20.1593,2,-18.1367,"Tomato_30_1",0.00018,0.03,0.000658911162808049,"Tomato_30_1_21_Scenario_1A",21
1290,1316,18,-1.9619,1.8529,-14.5411,-1.9367,1.7884,-14.7287,0.1887,0.199972623126267,0.4314,0.3922,0.1961,20.162,2,-18.2968,"Tomato_30_1",0.00018,0.03,0.000650062477166523,"Tomato_30_1_21_Scenario_1A",21
1281,1317,1,-4.2573,-4.3515,-16.357,-4.242,-4.3441,-16.5563,0.1887,0.200023348637104,0.4314,0.3922,0.1961,20.1699,2,-16.4692,"Tomato_30_1",0.00018,0.03,0.00123982946098564,"Tomato_30_1_21_Scenario_1A",21
1288,1318,13,3.3463,-0.5783,-15.5112,3.2894,-0.5524,-15.7012,0.1887,0.20002104889236,0.4314,0.3922,0.1961,20.1719,2,-17.3243,"Tomato_30_1",0.00018,0.03,0.000683507920472114,"Tomato_30_1_21_Scenario_1A",21
1285,1319,8,3.8072,-8.6062,-13.2642,3.8634,-8.7332,-13.4081,0.1887,0.199986624552743,0.4314,0.3922,0.1961,20.1761,2,-19.6174,"Tomato_30_1",0.00018,0.03,0.000892847947874119,"Tomato_30_1_21_Scenario_1A",21
1296,1320,21,-2.4482,1.5278,-14.4362,-2.4986,1.5465,-14.6288,0.1887,0.199961521298474,0.4314,0.3922,0.1961,20.1855,2,-18.3967,"Tomato_30_1",0.00018,0.03,0.00064497341934246,"Tomato_30_1_21_Scenario_1A",21
1295,1321,19,-0.6594,-5.0713,-11.9741,-0.6985,-5.2317,-12.087,0.1887,0.200008449821501,0.4314,0.3922,0.1961,20.2005,2,-20.9385,"Tomato_30_1",0.00018,0.03,0.000660131558730693,"Tomato_30_1_21_Scenario_1A",21
1304,1322,24,1.1806,0.7407,-12.72,1.3552,0.8211,-12.7752,0.1887,0.199990899792965,0.4314,0.3922,0.1961,20.2084,2,-20.2503,"Tomato_30_1",0.00018,0.03,0.000685029959712629,"Tomato_30_1_21_Scenario_1A",21
1298,1323,17,2.0578,-0.6222,-15.7049,2.0001,-0.649,-15.8946,0.1887,0.200084032346412,0.4314,0.3922,0.1961,20.211,2,-17.1309,"Tomato_30_1",0.00018,0.03,0.000637322433696602,"Tomato_30_1_21_Scenario_1A",21
1301,1324,15,3.106,-3.9339,-15.9986,3.0668,-3.9737,-16.1907,0.1887,0.200057716671964,0.4314,0.3922,0.1961,20.2227,2,-16.8348,"Tomato_30_1",0.00018,0.03,0.000610557504247467,"Tomato_30_1_21_Scenario_1A",21
1302,1325,16,0.7857,6.4054,-13.1607,0.9505,6.4913,-13.2345,0.1887,0.199960721142928,0.4314,0.3922,0.1961,20.2293,2,-19.791,"Tomato_30_1",0.00018,0.03,0.000633065504758837,"Tomato_30_1_21_Scenario_1A",21
1312,1326,25,-0.8065,0.603,-12.9929,-0.8822,0.7157,-13.1397,0.1887,0.199955044947607,0.4314,0.3922,0.1961,20.2354,2,-19.8858,"Tomato_30_1",0.00018,0.03,0.000693816254394193,"Tomato_30_1_21_Scenario_1A",21
1308,1327,23,-2.5569,-0.2047,-12.8041,-2.6791,-0.1681,-12.9582,0.1887,0.200048019235382,0.4314,0.3922,0.1961,20.2421,2,-20.0673,"Tomato_30_1",0.00018,0.03,0.000677906199658485,"Tomato_30_1_21_Scenario_1A",21
1313,1328,22,-0.1492,3.1187,-12.9,-0.1455,3.2674,-13.0337,0.1887,0.200002674982111,0.4314,0.3922,0.1961,20.2564,2,-19.9918,"Tomato_30_1",0.00018,0.03,0.000664133847222225,"Tomato_30_1_21_Scenario_1A",21
1303,1329,9,3.2027,3.5677,-15.2838,3.2693,3.6811,-15.4344,0.1887,0.199938690602895,0.4314,0.3922,0.1961,20.2616,2,-17.5911,"Tomato_30_1",0.00018,0.03,0.00084955077496934,"Tomato_30_1_21_Scenario_1A",21
1297,1330,6,-0.5564,2.2378,-16.9299,-0.5719,2.2827,-17.1241,0.1887,0.199924735838264,0.4314,0.3922,0.1961,20.2618,2,-15.9014,"Tomato_30_1",0.00018,0.03,0.0010554488570763,"Tomato_30_1_21_Scenario_1A",21
1314,1331,20,-3.5446,-2.1,-13.7408,-3.5902,-2.1741,-13.9209,0.1887,0.200015449403289,0.4314,0.3922,0.1961,20.2703,2,-19.1046,"Tomato_30_1",0.00018,0.03,0.000639671508302957,"Tomato_30_1_21_Scenario_1A",21
62,1332,26,-0.3157,-0.0607,-12.8249,-0.144,-0.142,-12.8873,0.1887,0.199960846167444,0.4314,0.3922,0.1961,20.2716,2,-20.1382,"Tomato_30_1",0.00018,0.03,0.000702829703034733,"Tomato_30_1_21_Scenario_1A",21
1299,1333,3,4.7896,3.8284,-14.8349,4.8503,3.8958,-15.0132,0.1887,0.200045344859609,0.4314,0.3922,0.1961,20.2811,2,-18.0123,"Tomato_30_1",0.00018,0.03,0.00130103941385347,"Tomato_30_1_21_Scenario_1A",21
1310,1334,14,-7.7642,1.5319,-11.5704,-7.8762,1.6402,-11.6958,0.1887,0.199995124940585,0.4314,0.3922,0.1961,20.2817,2,-21.3297,"Tomato_30_1",0.00018,0.03,0.000668743822871125,"Tomato_30_1_21_Scenario_1A",21
1305,1335,7,-7.6181,-0.8173,-13.0705,-7.6861,-0.7361,-13.2402,0.1887,0.20003882123228,0.4314,0.3922,0.1961,20.2833,2,-19.7853,"Tomato_30_1",0.00018,0.03,0.000969061922991858,"Tomato_30_1_21_Scenario_1A",21
1311,1336,11,-5.4219,6.1627,-13.5627,-5.4071,6.3186,-13.6872,0.1887,0.200060240927577,0.4314,0.3922,0.1961,20.2877,2,-19.3383,"Tomato_30_1",0.00018,0.03,0.000689715067974605,"Tomato_30_1_21_Scenario_1A",21
1307,1337,10,-6.8256,-4.1915,-15.025,-6.9052,-4.3049,-15.1693,0.1887,0.200045519819865,0.4314,0.3922,0.1961,20.2901,2,-17.8562,"Tomato_30_1",0.00018,0.03,0.000764847452851657,"Tomato_30_1_21_Scenario_1A",21
1320,1338,21,-2.4986,1.5465,-14.6288,-2.5441,1.5671,-14.8225,0.1887,0.200035746805414,0.4314,0.3922,0.1961,20.2951,2,-18.203,"Tomato_30_1",0.00018,0.03,0.000643934934138133,"Tomato_30_1_21_Scenario_1A",21
127,1339,0,-0.3564,-0.0295,-22.9074,-0.3602,-0.033,-23.1073,0.1887,0.199966747235634,0.4314,0.3922,0.1961,20.2958,1,-9.9182,"Tomato_30_1",0.00018,0.03,0.00160265493263272,"Tomato_30_1_21_Scenario_1A",21
1316,1340,18,-1.9367,1.7884,-14.7287,-1.9114,1.7234,-14.9162,0.1887,0.200053342886341,0.4314,0.3922,0.1961,20.2965,2,-18.1093,"Tomato_30_1",0.00018,0.03,0.000649219188272471,"Tomato_30_1_21_Scenario_1A",21
1309,1341,5,-3.6052,-1.017,-17.422,-3.6843,-1.0394,-17.6043,0.1887,0.199979648964586,0.4314,0.3922,0.1961,20.3028,2,-15.4212,"Tomato_30_1",0.00018,0.03,0.00108942130312598,"Tomato_30_1_21_Scenario_1A",21
1306,1342,4,2.6719,1.2448,-18.5756,2.6879,1.2428,-18.7749,0.1887,0.199951219051045,0.4314,0.3922,0.1961,20.3037,2,-14.2506,"Tomato_30_1",0.00018,0.03,0.00117311264322115,"Tomato_30_1_21_Scenario_1A",21
1315,1343,12,-3.6773,-4.7087,-14.8888,-3.6133,-4.7424,-15.0752,0.1887,0.199941616478412,0.4314,0.3922,0.1961,20.3091,2,-17.9503,"Tomato_30_1",0.00018,0.03,0.000657880612720661,"Tomato_30_1_21_Scenario_1A",21
1322,1344,24,1.3552,0.8211,-12.7752,1.5307,0.916,-12.7885,0.1887,0.199957870562776,0.4314,0.3922,0.1961,20.3115,2,-20.237,"Tomato_30_1",0.00018,0.03,0.000683560400720579,"Tomato_30_1_21_Scenario_1A",21
1300,1345,2,0.7422,-3.7539,-15.8559,0.7099,-3.767,-16.0529,0.1887,0.20005974107751,0.4314,0.3922,0.1961,20.3221,2,-16.9726,"Tomato_30_1",0.00018,0.03,0.00138043141363737,"Tomato_30_1_21_Scenario_1A",21
1318,1346,13,3.2894,-0.5524,-15.7012,3.2255,-0.5357,-15.8899,0.1887,0.199924460734549,0.4314,0.3922,0.1961,20.3285,2,-17.1356,"Tomato_30_1",0.00018,0.03,0.000682208971255179,"Tomato_30_1_21_Scenario_1A",21
1326,1347,25,-0.8822,0.7157,-13.1397,-0.9659,0.7972,-13.302,0.1887,0.199973073187367,0.4314,0.3922,0.1961,20.3309,2,-19.7235,"Tomato_30_1",0.00018,0.03,0.000692504698969125,"Tomato_30_1_21_Scenario_1A",21
1321,1348,19,-0.6985,-5.2317,-12.087,-0.7236,-5.3841,-12.2141,0.1887,0.20002544838095,0.4314,0.3922,0.1961,20.3356,2,-20.8114,"Tomato_30_1",0.00018,0.03,0.000659251189741013,"Tomato_30_1_21_Scenario_1A",21
1323,1349,17,2.0001,-0.649,-15.8946,1.9832,-0.6575,-16.0937,0.1887,0.199996674972358,0.4314,0.3922,0.1961,20.3446,2,-16.9318,"Tomato_30_1",0.00018,0.03,0.000636140442466032,"Tomato_30_1_21_Scenario_1A",21
1319,1350,8,3.8634,-8.7332,-13.4081,3.9334,-8.8822,-13.5216,0.1887,0.199958120615292,0.4314,0.3922,0.1961,20.3474,2,-19.5039,"Tomato_30_1",0.00018,0.03,0.000891706863931764,"Tomato_30_1_21_Scenario_1A",21
1324,1351,15,3.0668,-3.9737,-16.1907,3.0329,-3.9724,-16.3878,0.1887,0.19999827499256,0.4314,0.3922,0.1961,20.3544,2,-16.6377,"Tomato_30_1",0.00018,0.03,0.000609510224495618,"Tomato_30_1_21_Scenario_1A",21
1327,1352,23,-2.6791,-0.1681,-12.9582,-2.806,-0.135,-13.1092,0.1887,0.200000549999244,0.4314,0.3922,0.1961,20.3545,2,-19.9163,"Tomato_30_1",0.00018,0.03,0.000676593006340424,"Tomato_30_1_21_Scenario_1A",21
1325,1353,16,0.9505,6.4913,-13.2345,1.1194,6.5809,-13.2932,0.1887,0.200002649982444,0.4314,0.3922,0.1961,20.3643,2,-19.7323,"Tomato_30_1",0.00018,0.03,0.000632300188875864,"Tomato_30_1_21_Scenario_1A",21
1317,1354,1,-4.242,-4.3441,-16.5563,-4.2189,-4.3731,-16.7528,0.1887,0.199967147301751,0.4314,0.3922,0.1961,20.3674,2,-16.2727,"Tomato_30_1",0.00018,0.03,0.00123807330622536,"Tomato_30_1_21_Scenario_1A",21
1328,1355,22,-0.1455,3.2674,-13.0337,-0.1421,3.419,-13.1642,0.1887,0.200060915723187,0.4314,0.3922,0.1961,20.3691,2,-19.8613,"Tomato_30_1",0.00018,0.03,0.000663197689833675,"Tomato_30_1_21_Scenario_1A",21
1332,1356,26,-0.144,-0.142,-12.8873,0.0185,-0.2424,-12.9467,0.1887,0.20003692159199,0.4314,0.3922,0.1961,20.3728,2,-20.0788,"Tomato_30_1",0.00018,0.03,0.000701704541310456,"Tomato_30_1_21_Scenario_1A",21
1331,1357,20,-3.5902,-2.1741,-13.9209,-3.6312,-2.2241,-14.1101,0.1887,0.19994409218579,0.4314,0.3922,0.1961,20.3876,2,-18.9154,"Tomato_30_1",0.00018,0.03,0.000638356370908477,"Tomato_30_1_21_Scenario_1A",21
1338,1358,21,-2.5441,1.5671,-14.8225,-2.6003,1.5889,-15.0132,0.1887,0.200000424999548,0.4314,0.3922,0.1961,20.4056,2,-18.0123,"Tomato_30_1",0.00018,0.03,0.000642726653843581,"Tomato_30_1_21_Scenario_1A",21
1344,1359,24,1.5307,0.916,-12.7885,1.6948,1.0292,-12.7726,0.1887,0.19998964973218,0.4314,0.3922,0.1961,20.4153,2,-20.2529,"Tomato_30_1",0.00018,0.03,0.000682506902525066,"Tomato_30_1_21_Scenario_1A",21
1347,1360,25,-0.9659,0.7972,-13.302,-1.0404,0.884,-13.466,0.1887,0.199951219051047,0.4314,0.3922,0.1961,20.4271,2,-19.5595,"Tomato_30_1",0.00018,0.03,0.00069125203116241,"Tomato_30_1_21_Scenario_1A",21
1329,1361,9,3.2693,3.6811,-15.4344,3.3569,3.7624,-15.5948,0.1887,0.200029022894179,0.4314,0.3922,0.1961,20.4291,2,-17.4307,"Tomato_30_1",0.00018,0.03,0.000848969332619429,"Tomato_30_1_21_Scenario_1A",21
1334,1362,14,-7.8762,1.6402,-11.6958,-7.9943,1.7477,-11.8161,0.1887,0.199939865959743,0.4314,0.3922,0.1961,20.4302,2,-21.2094,"Tomato_30_1",0.00018,0.03,0.000667799827185807,"Tomato_30_1_21_Scenario_1A",21
1340,1363,18,-1.9114,1.7234,-14.9162,-1.9157,1.6486,-15.1016,0.1887,0.199966722231475,0.4314,0.3922,0.1961,20.432,2,-17.9239,"Tomato_30_1",0.00018,0.03,0.000648017558699426,"Tomato_30_1_21_Scenario_1A",21
1336,1364,11,-5.4071,6.3186,-13.6872,-5.3875,6.4702,-13.8162,0.1887,0.200019299068865,0.4314,0.3922,0.1961,20.4384,2,-19.2093,"Tomato_30_1",0.00018,0.03,0.000688790581032599,"Tomato_30_1_21_Scenario_1A",21
1330,1365,6,-0.5719,2.2827,-17.1241,-0.6129,2.3308,-17.3139,0.1887,0.200046619566542,0.4314,0.3922,0.1961,20.4477,2,-15.7116,"Tomato_30_1",0.00018,0.03,0.00105519191952148,"Tomato_30_1_21_Scenario_1A",21
1337,1366,10,-6.9052,-4.3049,-15.1693,-6.9706,-4.4195,-15.3196,0.1887,0.200001024997373,0.4314,0.3922,0.1961,20.4548,2,-17.7059,"Tomato_30_1",0.00018,0.03,0.000763808765284138,"Tomato_30_1_21_Scenario_1A",21
1335,1367,7,-7.6861,-0.7361,-13.2402,-7.7573,-0.6391,-13.3999,0.1887,0.199956320230195,0.4314,0.3922,0.1961,20.4607,2,-19.6256,"Tomato_30_1",0.00018,0.03,0.000967836456183011,"Tomato_30_1_21_Scenario_1A",21
1343,1368,12,-3.6133,-4.7424,-15.0752,-3.5291,-4.7722,-15.2542,0.1887,0.200046694549048,0.4314,0.3922,0.1961,20.4607,2,-17.7713,"Tomato_30_1",0.00018,0.03,0.000657478744353356,"Tomato_30_1_21_Scenario_1A",21
1352,1369,23,-2.806,-0.135,-13.1092,-2.9263,-0.103,-13.2656,0.1887,0.199892596161038,0.4314,0.3922,0.1961,20.4677,2,-19.7599,"Tomato_30_1",0.00018,0.03,0.000675268896169001,"Tomato_30_1_21_Scenario_1A",21
1348,1370,19,-0.7236,-5.3841,-12.2141,-0.747,-5.5016,-12.3742,0.1887,0.199964546857687,0.4314,0.3922,0.1961,20.4719,2,-20.6513,"Tomato_30_1",0.00018,0.03,0.000658301917100036,"Tomato_30_1_21_Scenario_1A",21
1356,1371,26,0.0185,-0.2424,-12.9467,0.1843,-0.3434,-12.9948,0.1887,0.200010624717788,0.4314,0.3922,0.1961,20.4746,2,-20.0307,"Tomato_30_1",0.00018,0.03,0.000700419427582679,"Tomato_30_1_21_Scenario_1A",21
1341,1372,5,-3.6843,-1.0394,-17.6043,-3.7206,-1.0716,-17.7983,0.1887,0.199976323598573,0.4314,0.3922,0.1961,20.4751,2,-15.2272,"Tomato_30_1",0.00018,0.03,0.00108847452044138,"Tomato_30_1_21_Scenario_1A",21
1349,1373,17,1.9832,-0.6575,-16.0937,1.9682,-0.6808,-16.2917,0.1887,0.199929712649221,0.4314,0.3922,0.1961,20.4794,2,-16.7338,"Tomato_30_1",0.00018,0.03,0.000635205297875793,"Tomato_30_1_21_Scenario_1A",21
1355,1374,22,-0.1421,3.419,-13.1642,-0.1375,3.5701,-13.2951,0.1887,0.199967947431582,0.4314,0.3922,0.1961,20.4827,2,-19.7304,"Tomato_30_1",0.00018,0.03,0.000661949226929643,"Tomato_30_1_21_Scenario_1A",21
1333,1375,3,4.8503,3.8958,-15.0132,4.9361,3.9358,-15.1893,0.1887,0.19993211347855,0.4314,0.3922,0.1961,20.4856,2,-17.8362,"Tomato_30_1",0.00018,0.03,0.00129919453829741,"Tomato_30_1_21_Scenario_1A",21
1342,1376,4,2.6879,1.2428,-18.7749,2.7145,1.2792,-18.9698,0.1887,0.200046319636229,0.4314,0.3922,0.1961,20.4866,2,-14.0557,"Tomato_30_1",0.00018,0.03,0.00117266999354877,"Tomato_30_1_21_Scenario_1A",21
1346,1377,13,3.2255,-0.5357,-15.8899,3.1411,-0.5162,-16.0702,0.1887,0.200029247861406,0.4314,0.3922,0.1961,20.4867,2,-16.9553,"Tomato_30_1",0.00018,0.03,0.000681791322338535,"Tomato_30_1_21_Scenario_1A",21
1351,1378,15,3.0329,-3.9724,-16.3878,3.0184,-3.9763,-16.5872,0.1887,0.199964546857687,0.4314,0.3922,0.1961,20.4873,2,-16.4383,"Tomato_30_1",0.00018,0.03,0.000608715316355566,"Tomato_30_1_21_Scenario_1A",21
1353,1379,16,1.1194,6.5809,-13.2932,1.2821,6.6627,-13.376,0.1887,0.200045919728446,0.4314,0.3922,0.1961,20.5004,2,-19.6495,"Tomato_30_1",0.00018,0.03,0.000631718528966855,"Tomato_30_1_21_Scenario_1A",21
1357,1380,20,-3.6312,-2.2241,-14.1101,-3.6698,-2.2304,-14.3062,0.1887,0.199962146417767,0.4314,0.3922,0.1961,20.5057,2,-18.7193,"Tomato_30_1",0.00018,0.03,0.000637508730379848,"Tomato_30_1_21_Scenario_1A",21
1358,1381,21,-2.6003,1.5889,-15.0132,-2.6406,1.6327,-15.2041,0.1887,0.199963346641329,0.4314,0.3922,0.1961,20.517,2,-17.8214,"Tomato_30_1",0.00018,0.03,0.000641696166424452,"Tomato_30_1_21_Scenario_1A",21
1359,1382,24,1.6948,1.0292,-12.7726,1.8555,1.1462,-12.7499,0.1887,0.200071937062648,0.4314,0.3922,0.1961,20.5199,2,-20.2756,"Tomato_30_1",0.00018,0.03,0.000681819109678471,"Tomato_30_1_21_Scenario_1A",21
1350,1383,8,3.9334,-8.8822,-13.5216,3.9795,-9.0142,-13.6647,0.1887,0.200067038764511,0.4314,0.3922,0.1961,20.5208,2,-19.3608,"Tomato_30_1",0.00018,0.03,0.000891431900667523,"Tomato_30_1_21_Scenario_1A",21
128,1384,0,-0.3602,-0.033,-23.1073,-0.3468,-0.0228,-23.2833,0.1887,0.176803846112014,0.4314,0.3922,0.1961,20.5239,1,-9.7422,"Tomato_30_1",0.00018,0.03,0.00156699306261733,"Tomato_30_1_21_Scenario_1A",21
1360,1385,25,-1.0404,0.884,-13.466,-1.1311,0.9596,-13.6275,0.1887,0.200060240927577,0.4314,0.3922,0.1961,20.524,2,-19.398,"Tomato_30_1",0.00018,0.03,0.000690647855695342,"Tomato_30_1_21_Scenario_1A",21
1345,1386,2,0.7099,-3.767,-16.0529,0.6552,-3.7467,-16.2442,0.1887,0.199999674999734,0.4314,0.3922,0.1961,20.5609,2,-16.7813,"Tomato_30_1",0.00018,0.03,0.00137923199601169,"Tomato_30_1_21_Scenario_1A",21
1354,1387,1,-4.2189,-4.3731,-16.7528,-4.1673,-4.3915,-16.9452,0.1887,0.200047194431713,0.4314,0.3922,0.1961,20.5676,2,-16.0803,"Tomato_30_1",0.00018,0.03,0.00123751294763043,"Tomato_30_1_21_Scenario_1A",21
1363,1388,18,-1.9157,1.6486,-15.1016,-1.9237,1.5526,-15.2769,0.1887,0.200025223409449,0.4314,0.3922,0.1961,20.5686,2,-17.7486,"Tomato_30_1",0.00018,0.03,0.000647470872838911,"Tomato_30_1_21_Scenario_1A",21
1371,1389,26,0.1843,-0.3434,-12.9948,0.352,-0.4434,-13.0378,0.1887,0.199930712998279,0.4314,0.3922,0.1961,20.577,2,-19.9877,"Tomato_30_1",0.00018,0.03,0.000699146704505656,"Tomato_30_1_21_Scenario_1A",21
1362,1390,14,-7.9943,1.7477,-11.8161,-8.0994,1.8716,-11.9328,0.1887,0.200040270945627,0.4314,0.3922,0.1961,20.58,2,-21.0927,"Tomato_30_1",0.00018,0.03,0.000667565599516938,"Tomato_30_1_21_Scenario_1A",21
1369,1391,23,-2.9263,-0.103,-13.2656,-3.0044,-0.0649,-13.4458,0.1887,0.200058141548902,0.4314,0.3922,0.1961,20.5818,2,-19.5797,"Tomato_30_1",0.00018,0.03,0.000675060569378456,"Tomato_30_1_21_Scenario_1A",21
1364,1392,11,-5.3875,6.4702,-13.8162,-5.3593,6.6132,-13.9531,0.1887,0.199964621870969,0.4314,0.3922,0.1961,20.5907,2,-19.0724,"Tomato_30_1",0.00018,0.03,0.000688015311426927,"Tomato_30_1_21_Scenario_1A",21
1374,1393,22,-0.1375,3.5701,-13.2951,-0.1454,3.736,-13.4065,0.1887,0.199987949636972,0.4314,0.3922,0.1961,20.5971,2,-19.619,"Tomato_30_1",0.00018,0.03,0.000661263609653072,"Tomato_30_1_21_Scenario_1A",21
1361,1394,9,3.3569,3.7624,-15.5948,3.4449,3.8401,-15.7567,0.1887,0.199982249212275,0.4314,0.3922,0.1961,20.5983,2,-17.2688,"Tomato_30_1",0.00018,0.03,0.000848047178152537,"Tomato_30_1_21_Scenario_1A",21
1370,1395,19,-0.747,-5.5016,-12.3742,-0.7788,-5.6098,-12.5394,0.1887,0.200023798584069,0.4314,0.3922,0.1961,20.6094,2,-20.4861,"Tomato_30_1",0.00018,0.03,0.000657935589929898,"Tomato_30_1_21_Scenario_1A",21
1368,1396,12,-3.5291,-4.7722,-15.2542,-3.44,-4.8227,-15.426,0.1887,0.200010749711109,0.4314,0.3922,0.1961,20.6141,2,-17.5995,"Tomato_30_1",0.00018,0.03,0.000656800083670795,"Tomato_30_1_21_Scenario_1A",21
1373,1397,17,1.9682,-0.6808,-16.2917,1.9552,-0.7033,-16.49,0.1887,0.199995349945942,0.4314,0.3922,0.1961,20.6156,2,-16.5355,"Tomato_30_1",0.00018,0.03,0.000634872204106634,"Tomato_30_1_21_Scenario_1A",21
1385,1398,25,-1.1311,0.9596,-13.6275,-1.2217,1.0353,-13.7889,0.1887,0.199972023043225,0.4314,0.3922,0.1961,20.6215,2,-19.2366,"Tomato_30_1",0.00018,0.03,0.000689559070485291,"Tomato_30_1_21_Scenario_1A",21
1366,1399,10,-6.9706,-4.4195,-15.3196,-7.075,-4.5525,-15.4264,0.1887,0.199986499544344,0.4314,0.3922,0.1961,20.6216,2,-17.5991,"Tomato_30_1",0.00018,0.03,0.00076310225448532,"Tomato_30_1_21_Scenario_1A",21
1378,1400,15,3.0184,-3.9763,-16.5872,3.0062,-3.981,-16.7868,0.1887,0.200027723078577,0.4314,0.3922,0.1961,20.6216,2,-16.2387,"Tomato_30_1",0.00018,0.03,0.000608388507887881,"Tomato_30_1_21_Scenario_1A",21
1380,1401,20,-3.6698,-2.2304,-14.3062,-3.7353,-2.2045,-14.4934,0.1887,0.200012249624866,0.4314,0.3922,0.1961,20.6248,2,-18.5321,"Tomato_30_1",0.00018,0.03,0.000636944222227835,"Tomato_30_1_21_Scenario_1A",21
1382,1402,24,1.8555,1.1462,-12.7499,2.0219,1.2567,-12.7411,0.1887,0.199941616478411,0.4314,0.3922,0.1961,20.6252,2,-20.2844,"Tomato_30_1",0.00018,0.03,0.000680601024953049,"Tomato_30_1_21_Scenario_1A",21
1381,1403,21,-2.6406,1.6327,-15.2041,-2.6683,1.7004,-15.3902,0.1887,0.199959470893478,0.4314,0.3922,0.1961,20.6293,2,-17.6353,"Tomato_30_1",0.00018,0.03,0.000640955047148863,"Tomato_30_1_21_Scenario_1A",21
1365,1404,6,-0.6129,2.3308,-17.3139,-0.6556,2.3853,-17.5015,0.1887,0.199968247479443,0.4314,0.3922,0.1961,20.636,2,-15.524,"Tomato_30_1",0.00018,0.03,0.00105417852117061,"Tomato_30_1_21_Scenario_1A",21
1379,1405,16,1.2821,6.6627,-13.376,1.4486,6.7393,-13.4559,0.1887,0.199934539287238,0.4314,0.3922,0.1961,20.6378,2,-19.5696,"Tomato_30_1",0.00018,0.03,0.000630828518804223,"Tomato_30_1_21_Scenario_1A",21
1367,1406,7,-7.7573,-0.6391,-13.3999,-7.8231,-0.5466,-13.5646,0.1887,0.200029947757829,0.4314,0.3922,0.1961,20.6402,2,-19.4609,"Tomato_30_1",0.00018,0.03,0.000967642254478459,"Tomato_30_1_21_Scenario_1A",21
1377,1407,13,3.1411,-0.5162,-16.0702,3.0781,-0.5498,-16.257,0.1887,0.199980499049284,0.4314,0.3922,0.1961,20.6466,2,-16.7685,"Tomato_30_1",0.00018,0.03,0.000681043973284727,"Tomato_30_1_21_Scenario_1A",21
1372,1408,5,-3.7206,-1.0716,-17.7983,-3.7628,-1.1072,-17.9905,0.1887,0.199972598122842,0.4314,0.3922,0.1961,20.6491,2,-15.035,"Tomato_30_1",0.00018,0.03,0.00108783526279955,"Tomato_30_1_21_Scenario_1A",21
1376,1409,4,2.7145,1.2792,-18.9698,2.7295,1.3092,-19.1669,0.1887,0.199933513949012,0.4314,0.3922,0.1961,20.6718,2,-13.8586,"Tomato_30_1",0.00018,0.03,0.00117134218297462,"Tomato_30_1_21_Scenario_1A",21
1389,1410,26,0.352,-0.4434,-13.0378,0.5188,-0.5521,-13.0572,0.1887,0.200035721809881,0.4314,0.3922,0.1961,20.6801,2,-19.9683,"Tomato_30_1",0.00018,0.03,0.000698719480489782,"Tomato_30_1_21_Scenario_1A",21
1375,1411,3,4.9361,3.9358,-15.1893,5.0219,3.979,-15.3648,0.1887,0.200070312640333,0.4314,0.3922,0.1961,20.693,2,-17.6607,"Tomato_30_1",0.00018,0.03,0.00129935328117163,"Tomato_30_1_21_Scenario_1A",21
1383,1412,8,3.9795,-9.0142,-13.6647,4.0355,-9.1639,-13.7849,0.1887,0.199985324461571,0.4314,0.3922,0.1961,20.6963,2,-19.2406,"Tomato_30_1",0.00018,0.03,0.000890560987283082,"Tomato_30_1_21_Scenario_1A",21
1391,1413,23,-3.0044,-0.0649,-13.4458,-3.0831,-0.0324,-13.6268,0.1887,0.200027348130199,0.4314,0.3922,0.1961,20.6968,2,-19.3987,"Tomato_30_1",0.00018,0.03,0.000674381056104689,"Tomato_30_1_21_Scenario_1A",21
1388,1414,18,-1.9237,1.5526,-15.2769,-1.9162,1.4698,-15.4588,0.1887,0.199999249998594,0.4314,0.3922,0.1961,20.7064,2,-17.5667,"Tomato_30_1",0.00018,0.03,0.000646834796404952,"Tomato_30_1_21_Scenario_1A",21
1393,1415,22,-0.1454,3.736,-13.4065,-0.1302,3.886,-13.538,0.1887,0.20005821652709,0.4314,0.3922,0.1961,20.7123,2,-19.4875,"Tomato_30_1",0.00018,0.03,0.00066093194550756,"Tomato_30_1_21_Scenario_1A",21
1398,1416,25,-1.2217,1.0353,-13.7889,-1.2757,1.1326,-13.9551,0.1887,0.200014324487023,0.4314,0.3922,0.1961,20.7197,2,-19.0704,"Tomato_30_1",0.00018,0.03,0.000689116893017933,"Tomato_30_1_21_Scenario_1A",21
1390,1417,14,-8.0994,1.8716,-11.9328,-8.2061,1.9934,-12.0503,0.1887,0.200065939130078,0.4314,0.3922,0.1961,20.7311,2,-20.9752,"Tomato_30_1",0.00018,0.03,0.000667271476576429,"Tomato_30_1_21_Scenario_1A",21
1402,1418,24,2.0219,1.2567,-12.7411,2.1714,1.3849,-12.776,0.1887,0.200008749808602,0.4314,0.3922,0.1961,20.7313,2,-20.2495,"Tomato_30_1",0.00018,0.03,0.000680249159804433,"Tomato_30_1_21_Scenario_1A",21
1403,1419,21,-2.6683,1.7004,-15.3902,-2.671,1.7889,-15.5696,0.1887,0.200059741077509,0.4314,0.3922,0.1961,20.7426,2,-17.4559,"Tomato_30_1",0.00018,0.03,0.000640729717664553,"Tomato_30_1_21_Scenario_1A",21
1392,1420,11,-5.3593,6.6132,-13.9531,-5.2771,6.7461,-14.078,0.1887,0.200048144205339,0.4314,0.3922,0.1961,20.7447,2,-18.9475,"Tomato_30_1",0.00018,0.03,0.000687911295764774,"Tomato_30_1_21_Scenario_1A",21
1401,1421,20,-3.7353,-2.2045,-14.4934,-3.763,-2.0914,-14.656,0.1887,0.199994149914442,0.4314,0.3922,0.1961,20.7448,2,-18.3695,"Tomato_30_1",0.00018,0.03,0.000636343571888014,"Tomato_30_1_21_Scenario_1A",21
1395,1422,19,-0.7788,-5.6098,-12.5394,-0.8036,-5.7209,-12.7039,0.1887,0.200046244653581,0.4314,0.3922,0.1961,20.748,2,-20.3216,"Tomato_30_1",0.00018,0.03,0.000657635140934284,"Tomato_30_1_21_Scenario_1A",21
1397,1423,17,1.9552,-0.7033,-16.49,1.9572,-0.7224,-16.6891,0.1887,0.200024048554169,0.4314,0.3922,0.1961,20.753,2,-16.3364,"Tomato_30_1",0.00018,0.03,0.000634602145967511,"Tomato_30_1_21_Scenario_1A",21
1400,1424,15,3.0062,-3.981,-16.7868,3.0163,-3.9928,-16.9862,0.1887,0.2000040249595,0.4314,0.3922,0.1961,20.7572,2,-16.0393,"Tomato_30_1",0.00018,0.03,0.000607970430580303,"Tomato_30_1_21_Scenario_1A",21
1394,1425,9,3.4449,3.8401,-15.7567,3.544,3.9058,-15.9175,0.1887,0.19998484942615,0.4314,0.3922,0.1961,20.7692,2,-17.108,"Tomato_30_1",0.00018,0.03,0.000847575940728758,"Tomato_30_1_21_Scenario_1A",21
1396,1426,12,-3.44,-4.8227,-15.426,-3.3444,-4.8534,-15.5989,0.1887,0.19994064119133,0.4314,0.3922,0.1961,20.7693,2,-17.4266,"Tomato_30_1",0.00018,0.03,0.000656196491225926,"Tomato_30_1_21_Scenario_1A",21
1387,1427,1,-4.1673,-4.3915,-16.9452,-4.1036,-4.4107,-17.1338,0.1887,0.199990724784927,0.4314,0.3922,0.1961,20.7707,2,-15.8917,"Tomato_30_1",0.00018,0.03,0.00123645997842104,"Tomato_30_1_21_Scenario_1A",21
1405,1428,16,1.4486,6.7393,-13.4559,1.5908,6.8124,-13.5761,0.1887,0.200031222562879,0.4314,0.3922,0.1961,20.7765,2,-19.4494,"Tomato_30_1",0.00018,0.03,0.00063077462877022,"Tomato_30_1_21_Scenario_1A",21
129,1429,0,-0.3468,-0.0228,-23.2833,-0.3324,-0.006,-23.4821,0.1887,0.200027598095861,0.4314,0.3922,0.1961,20.7834,1,-9.5434,"Tomato_30_1",0.00018,0.03,0.00173234110807219,"Tomato_30_1_21_Scenario_1A",21
1410,1430,26,0.5188,-0.5521,-13.0572,0.6794,-0.6713,-13.0534,0.1887,0.200038596275819,0.4314,0.3922,0.1961,20.7839,2,-19.9721,"Tomato_30_1",0.00018,0.03,0.000698133729973423,"Tomato_30_1_21_Scenario_1A",21
1399,1431,10,-7.075,-4.5525,-15.4264,-7.1854,-4.6879,-15.5237,0.1887,0.199971522972647,0.4314,0.3922,0.1961,20.7905,2,-17.5018,"Tomato_30_1",0.00018,0.03,0.000762611260622026,"Tomato_30_1_21_Scenario_1A",21
67,1432,27,-0.3024,-0.0415,-13.2385,-0.3811,0.1162,-13.3329,0.1887,0.199935839708643,0.4314,0.3922,0.1961,20.7976,2,-19.6926,"Tomato_30_1",0.00018,0.03,0.000702828752789636,"Tomato_30_1_21_Scenario_1A",21
1386,1433,2,0.6552,-3.7467,-16.2442,0.6404,-3.7394,-16.4435,0.1887,0.199982049194422,0.4314,0.3922,0.1961,20.8042,2,-16.582,"Tomato_30_1",0.00018,0.03,0.00137871815950432,"Tomato_30_1_21_Scenario_1A",21
1407,1434,13,3.0781,-0.5498,-16.257,3.0077,-0.5802,-16.4417,0.1887,0.199986024511714,0.4314,0.3922,0.1961,20.8082,2,-16.5838,"Tomato_30_1",0.00018,0.03,0.0006806754319185,"Tomato_30_1_21_Scenario_1A",21
1413,1435,23,-3.0831,-0.0324,-13.6268,-3.136,0.0359,-13.8072,0.1887,0.200018649130525,0.4314,0.3922,0.1961,20.8126,2,-19.2183,"Tomato_30_1",0.00018,0.03,0.000673968152065852,"Tomato_30_1_21_Scenario_1A",21
1416,1436,25,-1.2757,1.1326,-13.9551,-1.3737,1.2114,-14.1106,0.1887,0.199984224377824,0.4314,0.3922,0.1961,20.8185,2,-18.9149,"Tomato_30_1",0.00018,0.03,0.000688621268959791,"Tomato_30_1_21_Scenario_1A",21
1406,1437,7,-7.8231,-0.5466,-13.5646,-7.8956,-0.4412,-13.7183,0.1887,0.19997274814334,0.4314,0.3922,0.1961,20.822,2,-19.3072,"Tomato_30_1",0.00018,0.03,0.000967090366607129,"Tomato_30_1_21_Scenario_1A",21
1408,1438,5,-3.7628,-1.1072,-17.9905,-3.8051,-1.1452,-18.1823,0.1887,0.200051318416051,0.4314,0.3922,0.1961,20.8249,2,-14.8432,"Tomato_30_1",0.00018,0.03,0.00108795384993612,"Tomato_30_1_21_Scenario_1A",21
1404,1439,6,-0.6556,2.3853,-17.5015,-0.6867,2.4297,-17.6941,0.1887,0.200083307649588,0.4314,0.3922,0.1961,20.8266,2,-15.3314,"Tomato_30_1",0.00018,0.03,0.00105448491729312,"Tomato_30_1_21_Scenario_1A",21
1415,1440,22,-0.1302,3.886,-13.538,-0.1174,4.0406,-13.6642,0.1887,0.199978598854977,0.4314,0.3922,0.1961,20.8284,2,-19.3613,"Tomato_30_1",0.00018,0.03,0.000660293172336622,"Tomato_30_1_21_Scenario_1A",21
1418,1441,24,2.1714,1.3849,-12.776,2.3208,1.5133,-12.8107,0.1887,0.200027523106197,0.4314,0.3922,0.1961,20.8382,2,-20.2148,"Tomato_30_1",0.00018,0.03,0.000679926043567261,"Tomato_30_1_21_Scenario_1A",21
1414,1442,18,-1.9162,1.4698,-15.4588,-1.8896,1.391,-15.6407,0.1887,0.200011524667956,0.4314,0.3922,0.1961,20.8452,2,-17.3848,"Tomato_30_1",0.00018,0.03,0.000646506568475244,"Tomato_30_1_21_Scenario_1A",21
1419,1443,21,-2.671,1.7889,-15.5696,-2.6461,1.8743,-15.7487,0.1887,0.199974948431047,0.4314,0.3922,0.1961,20.8568,2,-17.2768,"Tomato_30_1",0.00018,0.03,0.000640093888075172,"Tomato_30_1_21_Scenario_1A",21
1409,1444,4,2.7295,1.3092,-19.1669,2.7393,1.3272,-19.3659,0.1887,0.20005259308492,0.4314,0.3922,0.1961,20.8592,2,-13.6596,"Tomato_30_1",0.00018,0.03,0.00117170639669544,"Tomato_30_1_21_Scenario_1A",21
1421,1445,20,-3.763,-2.0914,-14.656,-3.7848,-1.9872,-14.8254,0.1887,0.200073086645855,0.4314,0.3922,0.1961,20.8658,2,-18.2001,"Tomato_30_1",0.00018,0.03,0.000636232628973483,"Tomato_30_1_21_Scenario_1A",21
1412,1446,8,4.0355,-9.1639,-13.7849,4.0788,-9.3108,-13.9135,0.1887,0.199981149111611,0.4314,0.3922,0.1961,20.874,2,-19.112,"Tomato_30_1",0.00018,0.03,0.000890289096899996,"Tomato_30_1_21_Scenario_1A",21
1417,1447,14,-8.2061,1.9934,-12.0503,-8.3273,2.0994,-12.1688,0.1887,0.199919208681907,0.4314,0.3922,0.1961,20.8835,2,-20.8567,"Tomato_30_1",0.00018,0.03,0.000666592444676151,"Tomato_30_1_21_Scenario_1A",21
1422,1448,19,-0.8036,-5.7209,-12.7039,-0.8106,-5.8161,-12.8796,0.1887,0.199956320230193,0.4314,0.3922,0.1961,20.8878,2,-20.1459,"Tomato_30_1",0.00018,0.03,0.000657152534505128,"Tomato_30_1_21_Scenario_1A",21
1430,1449,26,0.6794,-0.6713,-13.0534,0.8343,-0.7973,-13.0422,0.1887,0.199988624676505,0.4314,0.3922,0.1961,20.8884,2,-19.9833,"Tomato_30_1",0.00018,0.03,0.000697562402758315,"Tomato_30_1_21_Scenario_1A",21
1432,1450,27,-0.3811,0.1162,-13.3329,-0.4004,0.2696,-13.4599,0.1887,0.20008260793982,0.4314,0.3922,0.1961,20.8898,2,-19.5656,"Tomato_30_1",0.00018,0.03,0.000702944731288753,"Tomato_30_1_21_Scenario_1A",21
1423,1451,17,1.9572,-0.7224,-16.6891,1.9083,-0.7852,-16.8726,0.1887,0.200018249167418,0.4314,0.3922,0.1961,20.8918,2,-16.1529,"Tomato_30_1",0.00018,0.03,0.000634403183809854,"Tomato_30_1_21_Scenario_1A",21
1424,1452,15,3.0163,-3.9928,-16.9862,2.9974,-3.9946,-17.1853,0.1887,0.200003149975196,0.4314,0.3922,0.1961,20.8942,2,-15.8402,"Tomato_30_1",0.00018,0.03,0.000607794810857258,"Tomato_30_1_21_Scenario_1A",21
1420,1453,11,-5.2771,6.7461,-14.078,-5.1578,6.8332,-14.2127,0.1887,0.199907453587904,0.4314,0.3922,0.1961,20.9005,2,-18.8128,"Tomato_30_1",0.00018,0.03,0.000687232006740466,"Tomato_30_1_21_Scenario_1A",21
1411,1454,3,5.0219,3.979,-15.3648,5.1046,4.0086,-15.5444,0.1887,0.199929012401901,0.4314,0.3922,0.1961,20.9032,2,-17.4811,"Tomato_30_1",0.00018,0.03,0.00129806627660399,"Tomato_30_1_21_Scenario_1A",21
1428,1455,16,1.5908,6.8124,-13.5761,1.7387,6.9118,-13.667,0.1887,0.200043945172054,0.4314,0.3922,0.1961,20.9165,2,-19.3585,"Tomato_30_1",0.00018,0.03,0.000630635225311404,"Tomato_30_1_21_Scenario_1A",21
1436,1456,25,-1.3737,1.2114,-14.1106,-1.4799,1.3033,-14.2531,0.1887,0.200075735660274,0.4314,0.3922,0.1961,20.9181,2,-18.7724,"Tomato_30_1",0.00018,0.03,0.000688740315485187,"Tomato_30_1_21_Scenario_1A",21
1426,1457,12,-3.3444,-4.8534,-15.5989,-3.2561,-4.8833,-15.7759,0.1887,0.200049743813882,0.4314,0.3922,0.1961,20.9264,2,-17.2496,"Tomato_30_1",0.00018,0.03,0.000656367777510237,"Tomato_30_1_21_Scenario_1A",21
1435,1458,23,-3.136,0.0359,-13.8072,-3.2185,0.0886,-13.9816,0.1887,0.199997249981094,0.4314,0.3922,0.1961,20.9293,2,-19.0439,"Tomato_30_1",0.00018,0.03,0.000673704326177713,"Tomato_30_1_21_Scenario_1A",21
1425,1459,9,3.544,3.9058,-15.9175,3.6409,3.9676,-16.0812,0.1887,0.200016349331747,0.4314,0.3922,0.1961,20.9418,2,-16.9443,"Tomato_30_1",0.00018,0.03,0.000847468280606,"Tomato_30_1_21_Scenario_1A",21
1440,1460,22,-0.1174,4.0406,-13.6642,-0.085,4.1879,-13.7955,0.1887,0.199966847252239,0.4314,0.3922,0.1961,20.9454,2,-19.23,"Tomato_30_1",0.00018,0.03,0.000660066595424429,"Tomato_30_1_21_Scenario_1A",21
1441,1461,24,2.3208,1.5133,-12.8107,2.4938,1.6015,-12.8586,0.1887,0.200006624890276,0.4314,0.3922,0.1961,20.9459,2,-20.1669,"Tomato_30_1",0.00018,0.03,0.000679661573225218,"Tomato_30_1_21_Scenario_1A",21
1431,1462,10,-7.1854,-4.6879,-15.5237,-7.2942,-4.8235,-15.6225,0.1887,0.199965597041092,0.4314,0.3922,0.1961,20.9615,2,-17.403,"Tomato_30_1",0.00018,0.03,0.000762371790521618,"Tomato_30_1_21_Scenario_1A",21
1434,1463,13,3.0077,-0.5802,-16.4417,2.9444,-0.6287,-16.6252,0.1887,0.200078459610223,0.4314,0.3922,0.1961,20.9715,2,-16.4003,"Tomato_30_1",0.00018,0.03,0.000680796240879876,"Tomato_30_1_21_Scenario_1A",21
1443,1464,21,-2.6461,1.8743,-15.7487,-2.6037,1.9463,-15.9304,0.1887,0.199991624824642,0.4314,0.3922,0.1961,20.972,2,-17.0951,"Tomato_30_1",0.00018,0.03,0.000639965186689663,"Tomato_30_1_21_Scenario_1A",21
1427,1465,1,-4.1036,-4.4107,-17.1338,-4.0462,-4.4318,-17.3242,0.1887,0.199980324032141,0.4314,0.3922,0.1961,20.9767,2,-15.7013,"Tomato_30_1",0.00018,0.03,0.00123604400058738,"Tomato_30_1_21_Scenario_1A",21
1450,1466,27,-0.4004,0.2696,-13.4599,-0.3975,0.4196,-13.592,0.1887,0.199897023489597,0.4314,0.3922,0.1961,20.9826,2,-19.4335,"Tomato_30_1",0.00018,0.03,0.00070209298644366,"Tomato_30_1_21_Scenario_1A",21
1442,1467,18,-1.8896,1.391,-15.6407,-1.894,1.3308,-15.8314,0.1887,0.200024723471875,0.4314,0.3922,0.1961,20.9852,2,-17.1941,"Tomato_30_1",0.00018,0.03,0.000646365266753311,"Tomato_30_1_21_Scenario_1A",21
1445,1468,20,-3.7848,-1.9872,-14.8254,-3.8388,-1.873,-14.9804,0.1887,0.199956595290077,0.4314,0.3922,0.1961,20.9878,2,-18.0451,"Tomato_30_1",0.00018,0.03,0.000635681287807502,"Tomato_30_1_21_Scenario_1A",21
1449,1469,26,0.8343,-0.7973,-13.0422,0.9969,-0.9129,-13.0288,0.1887,0.199954194754699,0.4314,0.3922,0.1961,20.9935,2,-19.9967,"Tomato_30_1",0.00018,0.03,0.000697243965751696,"Tomato_30_1_21_Scenario_1A",21
0,1,0,0,0,-3,8e-04,0.0017,-3.2,0.680828391124974,0.200008824805307,0.4314,0.3922,0.1961,0.16,1,-29.8255,"Tomato_30_1",1.8e-05,4,0.000348811967701077,"Tomato_30_1_26_Scenario_1A",26
1,2,0,8e-04,0.0017,-3.2,-0.0035,0.0033,-3.3796,0.657195329177261,0.179658592892185,0.4314,0.3922,0.1961,0.3042,1,-29.6459,"Tomato_30_1",1.8e-05,4,0.000301862999924488,"Tomato_30_1_26_Scenario_1A",26
2,3,0,-0.0035,0.0033,-3.3796,-0.0076,-0.0021,-3.5794,0.63176139226968,0.19991500694045,0.4314,0.3922,0.1961,0.4653,1,-29.4461,"Tomato_30_1",1.8e-05,4,0.000322336596943162,"Tomato_30_1_26_Scenario_1A",26
3,4,0,-0.0076,-0.0021,-3.5794,-0.0197,-0.0047,-3.7583,0.609712039296747,0.179327577354962,0.4314,0.3922,0.1961,0.6103,1,-29.2672,"Tomato_30_1",1.8e-05,4,0.000278577470908926,"Tomato_30_1_26_Scenario_1A",26
4,5,0,-0.0197,-0.0047,-3.7583,-0.0365,-0.0094,-3.9575,0.585943447520403,0.199962421469635,0.4314,0.3922,0.1961,0.7726,1,-29.068,"Tomato_30_1",1.8e-05,4,0.000298031469369708,"Tomato_30_1_26_Scenario_1A",26
5,6,0,-0.0365,-0.0094,-3.9575,-0.0487,-0.0069,-4.1571,0.563004870445364,0.19998812464744,0.4314,0.3922,0.1961,0.9356,1,-28.8684,"Tomato_30_1",1.8e-05,4,0.000285919829726215,"Tomato_30_1_26_Scenario_1A",26
6,7,0,-0.0487,-0.0069,-4.1571,-0.0496,-0.0065,-4.1738,0.561132060051851,0.0167290167075057,0.4314,0.3922,0.1961,0.9492,1,-28.8517,"Tomato_30_1",1.8e-05,4,2.38166942688645e-05,"Tomato_30_1_26_Scenario_1A",26
7,8,0,-0.0496,-0.0065,-4.1738,-0.0527,-0.0051,-4.3737,0.539085550440016,0.199928937375259,0.4314,0.3922,0.1961,1.1128,1,-28.6518,"Tomato_30_1",1.8e-05,4,0.000273210427540369,"Tomato_30_1_26_Scenario_1A",26
8,9,0,-0.0527,-0.0051,-4.3737,-0.0516,0.0018,-4.5736,0.517829107218056,0.20002207378187,0.4314,0.3922,0.1961,1.277,1,-28.4519,"Tomato_30_1",1.8e-05,4,0.000262143115421104,"Tomato_30_1_26_Scenario_1A",26
9,10,0,-0.0516,0.0018,-4.5736,-0.0519,0.0045,-4.5983,0.515247454265049,0.0248489436395193,0.4314,0.3922,0.1961,1.2974,1,-28.4272,"Tomato_30_1",1.8e-05,4,3.23756645228291e-05,"Tomato_30_1_26_Scenario_1A",26
10,11,0,-0.0519,0.0045,-4.5983,-0.0518,0.0189,-4.7977,0.494833963477477,0.199919308722294,0.4314,0.3922,0.1961,1.4624,1,-28.2278,"Tomato_30_1",1.8e-05,4,0.000249936636964516,"Tomato_30_1_26_Scenario_1A",26
11,12,0,-0.0518,0.0189,-4.7977,-0.0546,0.0241,-4.9572,0.479087033378556,0.159609304240073,0.4314,0.3922,0.1961,1.5944,1,-28.0683,"Tomato_30_1",1.8e-05,4,0.000192927581154113,"Tomato_30_1_26_Scenario_1A",26
12,13,0,-0.0546,0.0241,-4.9572,-0.0609,0.0267,-5.1571,0.459970924088499,0.200016149347996,0.4314,0.3922,0.1961,1.7606,1,-27.8684,"Tomato_30_1",1.8e-05,4,0.000231813588547034,"Tomato_30_1_26_Scenario_1A",26
13,14,0,-0.0609,0.0267,-5.1571,-0.0486,0.023,-5.351,0.442072227332462,0.194324959796728,0.4314,0.3922,0.1961,1.9226,1,-27.6745,"Tomato_30_1",1.8e-05,4,0.000216144849195867,"Tomato_30_1_26_Scenario_1A",26
14,15,0,-0.0486,0.023,-5.351,-0.04,0.0221,-5.5508,0.42430828529104,0.199987024579096,0.4314,0.3922,0.1961,2.09,1,-27.4747,"Tomato_30_1",1.8e-05,4,0.000213206388550581,"Tomato_30_1_26_Scenario_1A",26
15,16,0,-0.04,0.0221,-5.5508,-0.0545,0.0186,-5.734,0.408557342997,0.183806256694379,0.4314,0.3922,0.1961,2.2444,1,-27.2915,"Tomato_30_1",1.8e-05,4,0.000188430920897592,"Tomato_30_1_26_Scenario_1A",26
16,17,0,-0.0545,0.0186,-5.734,-0.094,-0.0262,-5.9249,0.392015264460327,0.200025248406295,0.4314,0.3922,0.1961,2.4131,1,-27.1006,"Tomato_30_1",1.8e-05,4,0.000196499630813092,"Tomato_30_1_26_Scenario_1A",26
17,18,0,-0.094,-0.0262,-5.9249,-0.1396,-0.0361,-6.1064,0.377065638221729,0.18740229454305,0.4314,0.3922,0.1961,2.5718,1,-26.9191,"Tomato_30_1",1.8e-05,4,0.000176851281176953,"Tomato_30_1_26_Scenario_1A",26
18,19,0,-0.1396,-0.0361,-6.1064,-0.1696,-0.0266,-6.3039,0.361683412827058,0.199991249808585,0.4314,0.3922,0.1961,2.7418,1,-26.7216,"Tomato_30_1",1.8e-05,4,0.000180805626049701,"Tomato_30_1_26_Scenario_1A",26
19,20,0,-0.1696,-0.0266,-6.3039,-0.1879,-0.0183,-6.5029,0.346877703721286,0.200011949643016,0.4314,0.3922,0.1961,2.9124,1,-26.5226,"Tomato_30_1",1.8e-05,4,0.000173203567257059,"Tomato_30_1_26_Scenario_1A",26
20,21,0,-0.1879,-0.0183,-6.5029,-0.1885,-0.0176,-6.5137,0.346088242608474,0.0108392804189205,0.4314,0.3922,0.1961,2.9217,1,-26.5118,"Tomato_30_1",1.8e-05,4,9.3590203541719e-06,"Tomato_30_1_26_Scenario_1A",26
21,22,0,-0.1885,-0.0176,-6.5137,-0.1613,-0.0174,-6.7118,0.331855880231736,0.199958720740057,0.4314,0.3922,0.1961,3.0931,1,-26.3137,"Tomato_30_1",1.8e-05,4,0.000165444182594502,"Tomato_30_1_26_Scenario_1A",26
22,23,0,-0.1613,-0.0174,-6.7118,-0.1496,-0.0367,-6.9105,0.318162029257264,0.199977673753846,0.4314,0.3922,0.1961,3.2651,1,-26.115,"Tomato_30_1",1.8e-05,4,0.000158442368537747,"Tomato_30_1_26_Scenario_1A",26
23,24,0,-0.1496,-0.0367,-6.9105,-0.1494,-0.0375,-6.9182,0.317640194699126,0.00774402995861956,0.4314,0.3922,0.1961,3.2718,1,-26.1073,"Tomato_30_1",1.8e-05,4,6.12182593135374e-06,"Tomato_30_1_26_Scenario_1A",26
24,25,0,-0.1494,-0.0375,-6.9182,-0.1438,-0.0419,-7.118,0.304473263586755,0.199926886636091,0.4314,0.3922,0.1961,3.4446,1,-25.9075,"Tomato_30_1",1.8e-05,4,0.000151403479426068,"Tomato_30_1_26_Scenario_1A",26
25,26,0,-0.1438,-0.0419,-7.118,-0.1465,-0.044,-7.318,0.291802084303753,0.200029247861406,0.4314,0.3922,0.1961,3.6181,1,-25.7075,"Tomato_30_1",1.8e-05,4,0.000145012514181132,"Tomato_30_1_26_Scenario_1A",26
26,27,0,-0.1465,-0.044,-7.318,-0.1464,-0.0442,-7.3225,0.291523400574555,0.00450555213042769,0.4314,0.3922,0.1961,3.622,1,-25.703,"Tomato_30_1",1.8e-05,4,3.26137675861024e-06,"Tomato_30_1_26_Scenario_1A",26
27,28,0,-0.1464,-0.0442,-7.3225,-0.1501,-0.052,-7.5223,0.279343240671332,0.199986424539268,0.4314,0.3922,0.1961,3.7962,1,-25.5032,"Tomato_30_1",1.8e-05,4,0.000138635393087044,"Tomato_30_1_26_Scenario_1A",26
28,29,0,-0.1501,-0.052,-7.5223,-0.1569,-0.061,-7.722,0.267619522326905,0.200018324160563,0.4314,0.3922,0.1961,3.9712,1,-25.3035,"Tomato_30_1",1.8e-05,4,0.000132696660366352,"Tomato_30_1_26_Scenario_1A",26
29,30,0,-0.1569,-0.061,-7.722,-0.1574,-0.0627,-7.7413,0.266513734531671,0.0193811764348808,0.4314,0.3922,0.1961,3.9881,1,-25.2842,"Tomato_30_1",1.8e-05,4,1.27975291535858e-05,"Tomato_30_1_26_Scenario_1A",26
30,31,0,-0.1574,-0.0627,-7.7413,-0.1816,-0.0573,-7.9397,0.255278416506172,0.199943391988833,0.4314,0.3922,0.1961,4.1639,1,-25.0858,"Tomato_30_1",1.8e-05,4,0.000126386743654042,"Tomato_30_1_26_Scenario_1A",26
31,32,0,-0.1816,-0.0573,-7.9397,-0.2053,-0.0514,-8.1382,0.244474810479092,0.199996874975585,0.4314,0.3922,0.1961,4.3404,1,-24.8873,"Tomato_30_1",1.8e-05,4,0.000120949336795928,"Tomato_30_1_26_Scenario_1A",26
32,33,0,-0.2053,-0.0514,-8.1382,-0.2064,-0.051,-8.1464,0.244043937055495,0.00828311535595195,0.4314,0.3922,0.1961,4.3476,1,-24.8791,"Tomato_30_1",1.8e-05,4,4.99791994240714e-06,"Tomato_30_1_26_Scenario_1A",26
33,34,0,-0.2064,-0.051,-8.1464,-0.2092,-0.0498,-8.3463,0.233669980227352,0.199923210258338,0.4314,0.3922,0.1961,4.5249,1,-24.6792,"Tomato_30_1",1.8e-05,4,0.000115444995174553,"Tomato_30_1_26_Scenario_1A",26
34,35,0,-0.2092,-0.0498,-8.3463,-0.2114,-0.0528,-8.5187,0.225056454356233,0.172440134539499,0.4314,0.3922,0.1961,4.6782,1,-24.5068,"Tomato_30_1",1.8e-05,4,9.58209992742497e-05,"Tomato_30_1_26_Scenario_1A",26
35,36,0,-0.2114,-0.0528,-8.5187,-0.2227,-0.0652,-8.718,0.215415727845743,0.200004849941194,0.4314,0.3922,0.1961,4.8569,1,-24.3075,"Tomato_30_1",1.8e-05,4,0.000106288316390076,"Tomato_30_1_26_Scenario_1A",26
36,37,0,-0.2227,-0.0652,-8.718,-0.2329,-0.0826,-8.917,0.206157673010588,0.200019499049468,0.4314,0.3922,0.1961,5.0362,1,-24.1085,"Tomato_30_1",1.8e-05,3.85491999999999,0.000101638455754278,"Tomato_30_1_26_Scenario_1A",26
37,38,0,-0.2329,-0.0826,-8.917,-0.2335,-0.0849,-8.9351,0.205325962844254,0.0182554101569923,0.4314,0.3922,0.1961,5.0527,1,-24.0904,"Tomato_30_1",1.8e-05,3.79057,9.23460089802209e-06,"Tomato_30_1_26_Scenario_1A",26
38,39,0,-0.2335,-0.0849,-8.9351,-0.2285,-0.0913,-9.135,0.196458218260358,0.20006491446528,0.4314,0.3922,0.1961,5.2329,1,-23.8905,"Tomato_30_1",1.8e-05,3.08778999999999,9.6777375429464e-05,"Tomato_30_1_26_Scenario_1A",26
39,40,0,-0.2285,-0.0913,-9.135,-0.229,-0.0944,-9.3261,0.1887,0.191125796270415,0.4314,0.3922,0.1961,5.4058,1,-23.6994,"Tomato_30_1",1.8e-05,2.41348,8.87016161878335e-05,"Tomato_30_1_26_Scenario_1A",26
40,41,0,-0.229,-0.0944,-9.3261,-0.2252,-0.0958,-9.526,0.1887,0.199941016302308,0.4314,0.3922,0.1961,5.5876,1,-23.4995,"Tomato_30_1",1.8e-05,1.70446,9.26551191146286e-05,"Tomato_30_1_26_Scenario_1A",26
41,42,0,-0.2252,-0.0958,-9.526,-0.2261,-0.096,-9.7079,0.1887,0.181902336433593,0.4314,0.3922,0.1961,5.7535,1,-23.3176,"Tomato_30_1",1.8e-05,1.05745,8.41219486293927e-05,"Tomato_30_1_26_Scenario_1A",26
42,43,0,-0.2261,-0.096,-9.7079,-0.2244,-0.0979,-9.9079,0.1887,0.200016249339897,0.4314,0.3922,0.1961,5.9367,1,-23.1176,"Tomato_30_1",1.8e-05,0.342970000000002,9.20206737634141e-05,"Tomato_30_1_26_Scenario_1A",26
43,44,0,-0.2244,-0.0979,-9.9079,-0.2229,-0.0984,-10.1079,0.1887,0.200006249902348,0.4314,0.3922,0.1961,6.1207,1,-22.9176,"Tomato_30_1",1.8e-05,0.1,9.05151321542252e-05,"Tomato_30_1_26_Scenario_1A",26
44,45,0,-0.2229,-0.0984,-10.1079,-0.2228,-0.0983,-10.1117,0.1887,0.00380263066836633,0.4314,0.3922,0.1961,6.1242,1,-22.9138,"Tomato_30_1",1.8e-05,0.1,1.69900014189675e-06,"Tomato_30_1_26_Scenario_1A",26
45,46,0,-0.2228,-0.0983,-10.1117,-0.2454,-0.0862,-10.3101,0.1887,0.20004931891911,0.4314,0.3922,0.1961,6.309,1,-22.7154,"Tomato_30_1",1.8e-05,0.1,8.82278622800508e-05,"Tomato_30_1_26_Scenario_1A",26
46,47,0,-0.2454,-0.0862,-10.3101,-0.2373,-0.0791,-10.5098,0.1887,0.199990274763549,0.4314,0.3922,0.1961,6.4947,1,-22.5157,"Tomato_30_1",1.8e-05,0.1,8.60675906536018e-05,"Tomato_30_1_26_Scenario_1A",26
47,48,0,-0.2373,-0.0791,-10.5098,-0.2361,-0.0786,-10.5269,0.1887,0.017149344010777,0.4314,0.3922,0.1961,6.5106,1,-22.4986,"Tomato_30_1",1.8e-05,0.1,7.28701664770758e-06,"Tomato_30_1_26_Scenario_1A",26
48,49,0,-0.2361,-0.0786,-10.5269,-0.2203,-0.0646,-10.7258,0.1887,0.200017124266899,0.4314,0.3922,0.1961,6.6971,1,-22.2997,"Tomato_30_1",1.8e-05,0.1,8.3901619552298e-05,"Tomato_30_1_26_Scenario_1A",26
49,50,0,-0.2203,-0.0646,-10.7258,-0.2474,-0.0721,-10.9226,0.1887,0.198798641846467,0.4314,0.3922,0.1961,6.8834,1,-22.1029,"Tomato_30_1",1.8e-05,0.1,8.15324626965377e-05,"Tomato_30_1_26_Scenario_1A",26
50,51,0,-0.2474,-0.0721,-10.9226,-0.2775,-0.0563,-11.1197,0.1887,0.200010149742458,0.4314,0.3922,0.1961,7.0715,1,-21.9058,"Tomato_30_1",1.8e-05,0.1,8.02909036875114e-05,"Tomato_30_1_26_Scenario_1A",26
51,52,0,-0.2775,-0.0563,-11.1197,-0.2987,-0.0521,-11.2988,0.1887,0.180399251661419,0.4314,0.3922,0.1961,7.242,1,-21.7267,"Tomato_30_1",1.8e-05,0.1,7.10278054293672e-05,"Tomato_30_1_26_Scenario_1A",26
52,53,0,-0.2987,-0.0521,-11.2988,-0.302,-0.0491,-11.4988,0.1887,0.200049718820097,0.4314,0.3922,0.1961,7.4317,1,-21.5267,"Tomato_30_1",1.8e-05,0.1,7.73515045286674e-05,"Tomato_30_1_26_Scenario_1A",26
53,54,0,-0.302,-0.0491,-11.4988,-0.3074,-0.0422,-11.6986,0.1887,0.199992024840994,0.4314,0.3922,0.1961,7.6223,1,-21.3269,"Tomato_30_1",1.8e-05,0.1,7.59681267067854e-05,"Tomato_30_1_26_Scenario_1A",26
54,55,0,-0.3074,-0.0422,-11.6986,-0.3074,-0.0422,-11.699,0.1887,0.000399999999999068,0.4314,0.3922,0.1961,7.6227,1,-21.3265,"Tomato_30_1",1.8e-05,0.1,1.5070320298135e-07,"Tomato_30_1_26_Scenario_1A",26
55,56,0,-0.3074,-0.0422,-11.699,-0.3052,-0.0335,-11.8988,0.1887,0.200001424994923,0.4314,0.3922,0.1961,7.8141,1,-21.1267,"Tomato_30_1",1.8e-05,0.1,7.47327653242501e-05,"Tomato_30_1_26_Scenario_1A",26
56,57,0,-0.3052,-0.0335,-11.8988,-0.3126,-0.0193,-12.0728,0.1887,0.174735228274096,0.4314,0.3922,0.1961,7.9821,1,-20.9527,"Tomato_30_1",1.8e-05,0.1,6.43728439232351e-05,"Tomato_30_1_26_Scenario_1A",26
57,58,0,-0.3126,-0.0193,-12.0728,-0.3107,-0.0319,-12.2723,0.1887,0.199906528157535,0.4314,0.3922,0.1961,8.1752,1,-20.7532,"Tomato_30_1",1.8e-05,0.1,7.27167910178749e-05,"Tomato_30_1_26_Scenario_1A",26
58,59,0,-0.3107,-0.0319,-12.2723,-0.3102,-0.0432,-12.4363,0.1887,0.164389598211079,0.4314,0.3922,0.1961,8.3345,1,-20.5892,"Tomato_30_1",1.8e-05,0.1,5.91409741733077e-05,"Tomato_30_1_26_Scenario_1A",26
59,60,0,-0.3102,-0.0432,-12.4363,-0.3149,-0.0519,-12.636,0.1887,0.199944667345743,0.4314,0.3922,0.1961,8.5291,1,-20.3895,"Tomato_30_1",1.8e-05,0.1,7.12619111743078e-05,"Tomato_30_1_26_Scenario_1A",26
60,61,0,-0.3149,-0.0519,-12.636,-0.3157,-0.0607,-12.8249,0.1887,0.189106557263359,0.4314,0.3922,0.1961,8.714,1,-20.2006,"Tomato_30_1",1.8e-05,0.1,6.68386100178831e-05,"Tomato_30_1_26_Scenario_1A",26
61,62,0,-0.3157,-0.0607,-12.8249,-0.3131,-0.049,-13.0245,0.1887,0.199959520903607,0.4314,0.3922,0.1961,8.9104,1,-20.001,"Tomato_30_1",1.8e-05,0.1,7.02121405394534e-05,"Tomato_30_1_26_Scenario_1A",26
62,63,0,-0.3131,-0.049,-13.0245,-0.3031,-0.0419,-13.2241,0.1887,0.199976423610385,0.4314,0.3922,0.1961,9.1078,1,-19.8014,"Tomato_30_1",1.8e-05,0.1,6.98618418629414e-05,"Tomato_30_1_26_Scenario_1A",26
63,64,0,-0.3031,-0.0419,-13.2241,-0.3024,-0.0415,-13.2385,0.1887,0.014422551785312,0.4314,0.3922,0.1961,9.122,1,-19.787,"Tomato_30_1",1.8e-05,0.1,5.02934903100849e-06,"Tomato_30_1_26_Scenario_1A",26
1,65,1,0,0,-3,-0.0863,-0.1654,-3.0721,0.1887,0.20000814983395,0.4314,0.3922,0.1961,9.181,2,-29.9534,"Tomato_30_1",1.8e-05,0.1,9.58433545457781e-05,"Tomato_30_1_26_Scenario_1A",26
65,66,1,-0.0863,-0.1654,-3.0721,-0.173,-0.3372,-3.1268,0.1887,0.200060540837018,0.4314,0.3922,0.1961,9.2729,2,-29.8987,"Tomato_30_1",1.8e-05,0.1,9.44148605067229e-05,"Tomato_30_1_26_Scenario_1A",26
64,67,0,-0.3024,-0.0415,-13.2385,-0.2928,-0.0311,-13.438,0.1887,0.200001424994924,0.4314,0.3922,0.1961,9.3203,1,-19.5875,"Tomato_30_1",1.8e-05,0.1,6.96163150562342e-05,"Tomato_30_1_26_Scenario_1A",26
66,68,1,-0.173,-0.3372,-3.1268,-0.2946,-0.4857,-3.183,0.1887,0.199993124881832,0.4314,0.3922,0.1961,9.3653,2,-29.8425,"Tomato_30_1",1.8e-05,0.1,9.30872655974232e-05,"Tomato_30_1_26_Scenario_1A",26
68,69,1,-0.2946,-0.4857,-3.183,-0.3906,-0.6527,-3.2364,0.1887,0.199891370499079,0.4314,0.3922,0.1961,9.4583,2,-29.7891,"Tomato_30_1",1.8e-05,0.1,9.2031706512325e-05,"Tomato_30_1_26_Scenario_1A",26
65,70,0,-0.2928,-0.0311,-13.438,-0.2911,-0.0329,-13.6279,0.1887,0.189916139387889,0.4314,0.3922,0.1961,9.5095,1,-19.3976,"Tomato_30_1",1.8e-05,0.1,9.03163548430327e-05,"Tomato_30_1_26_Scenario_1A",26
69,71,1,-0.3906,-0.6527,-3.2364,-0.4951,-0.8166,-3.2834,0.1887,0.19998114911161,0.4314,0.3922,0.1961,9.552,2,-29.7421,"Tomato_30_1",1.8e-05,0.1,9.11960888134478e-05,"Tomato_30_1_26_Scenario_1A",26
3,72,2,-0.0035,0.0033,-3.3796,0.1371,-0.115,-3.4585,0.1887,0.199971147918894,0.4314,0.3922,0.1961,9.569,2,-29.567,"Tomato_30_1",1.8e-05,0.1,9.60228901759379e-05,"Tomato_30_1_26_Scenario_1A",26
71,73,1,-0.4951,-0.8166,-3.2834,-0.5975,-0.9824,-3.3289,0.1887,0.200114092457278,0.4314,0.3922,0.1961,9.6462,2,-29.6966,"Tomato_30_1",1.8e-05,0.1,9.04998071424553e-05,"Tomato_30_1_26_Scenario_1A",26
72,74,2,0.1371,-0.115,-3.4585,0.2623,-0.2368,-3.556,0.1887,0.200041320731493,0.4314,0.3922,0.1961,9.6721,2,-29.4695,"Tomato_30_1",1.8e-05,0.1,9.56695710990684e-05,"Tomato_30_1_26_Scenario_1A",26
66,75,0,-0.2911,-0.0329,-13.6279,-0.2894,-0.0346,-13.8279,0.1887,0.200014449478031,0.4314,0.3922,0.1961,9.7097,1,-19.1976,"Tomato_30_1",1.8e-05,0.1,9.35114439975383e-05,"Tomato_30_1_26_Scenario_1A",26
73,76,1,-0.5975,-0.9824,-3.3289,-0.6724,-1.1513,-3.4053,0.1887,0.19993543957988,0.4314,0.3922,0.1961,9.7411,2,-29.6202,"Tomato_30_1",1.8e-05,0.1,8.9887619889289e-05,"Tomato_30_1_26_Scenario_1A",26
74,77,2,0.2623,-0.2368,-3.556,0.3859,-0.366,-3.6455,0.1887,0.1999496186543,0.4314,0.3922,0.1961,9.7761,2,-29.38,"Tomato_30_1",1.8e-05,0.1,9.52449742755192e-05,"Tomato_30_1_26_Scenario_1A",26
76,78,1,-0.6724,-1.1513,-3.4053,-0.7558,-1.3107,-3.4927,0.1887,0.200006699887779,0.4314,0.3922,0.1961,9.8366,2,-29.5328,"Tomato_30_1",1.8e-05,0.1,8.95746883377316e-05,"Tomato_30_1_26_Scenario_1A",26
77,79,2,0.3859,-0.366,-3.6455,0.5155,-0.4948,-3.7269,0.1887,0.200028897912277,0.4314,0.3922,0.1961,9.8808,2,-29.2986,"Tomato_30_1",1.8e-05,0.1,9.4907562605147e-05,"Tomato_30_1_26_Scenario_1A",26
67,80,0,-0.2894,-0.0346,-13.8279,-0.291,-0.0362,-14.0053,0.1887,0.177414430078278,0.4314,0.3922,0.1961,9.8881,1,-19.0202,"Tomato_30_1",1.8e-05,0.1,6.16488743505524e-05,"Tomato_30_1_26_Scenario_1A",26
78,81,1,-0.7558,-1.3107,-3.4927,-0.8396,-1.4698,-3.5804,0.1887,0.200066338997843,0.4314,0.3922,0.1961,9.9327,2,-29.4451,"Tomato_30_1",1.8e-05,0.1,8.93380318646804e-05,"Tomato_30_1_26_Scenario_1A",26
5,82,3,-0.0197,-0.0047,-3.7583,0.1619,0.0105,-3.8407,0.1887,0.1999983999936,0.4314,0.3922,0.1961,9.9489,2,-29.1848,"Tomato_30_1",1.8e-05,0.1,9.5683896127627e-05,"Tomato_30_1_26_Scenario_1A",26
79,83,2,0.5155,-0.4948,-3.7269,0.6282,-0.6081,-3.8471,0.1887,0.199965547032483,0.4314,0.3922,0.1961,9.9865,2,-29.1784,"Tomato_30_1",1.8e-05,0.1,9.45818099414135e-05,"Tomato_30_1_26_Scenario_1A",26
81,84,1,-0.8396,-1.4698,-3.5804,-0.9143,-1.6461,-3.638,0.1887,0.19994884345752,0.4314,0.3922,0.1961,10.0295,2,-29.3875,"Tomato_30_1",1.8e-05,0.1,8.9023256034927e-05,"Tomato_30_1_26_Scenario_1A",26
82,85,3,0.1619,0.0105,-3.8407,0.3325,0.0032,-3.9448,0.1887,0.19998614952041,0.4314,0.3922,0.1961,10.0517,2,-29.0807,"Tomato_30_1",1.8e-05,0.1,9.52801094691903e-05,"Tomato_30_1_26_Scenario_1A",26
68,86,0,-0.291,-0.0362,-14.0053,-0.288,-0.0584,-14.2041,0.1887,0.200058191534364,0.4314,0.3922,0.1961,10.09,1,-18.8214,"Tomato_30_1",1.8e-05,0.1,9.24176472218555e-05,"Tomato_30_1_26_Scenario_1A",26
83,87,2,0.6282,-0.6081,-3.8471,0.722,-0.7308,-3.9742,0.1887,0.200020348964799,0.4314,0.3922,0.1961,10.093,2,-29.0513,"Tomato_30_1",1.8e-05,0.1,9.43913788117667e-05,"Tomato_30_1_26_Scenario_1A",26
84,88,1,-0.9143,-1.6461,-3.638,-0.9948,-1.8153,-3.7079,0.1887,0.199987249593568,0.4314,0.3922,0.1961,10.1269,2,-29.3176,"Tomato_30_1",1.8e-05,0.1,8.87788642217484e-05,"Tomato_30_1_26_Scenario_1A",26
85,89,3,0.3325,0.0032,-3.9448,0.4994,-0.0091,-4.0544,0.1887,0.200047644325046,0.4314,0.3922,0.1961,10.1553,2,-28.9711,"Tomato_30_1",1.8e-05,0.1,9.50089759189446e-05,"Tomato_30_1_26_Scenario_1A",26
87,90,2,0.722,-0.7308,-3.9742,0.8242,-0.8317,-4.1134,0.1887,0.200005724918063,0.4314,0.3922,0.1961,10.2004,2,-28.9121,"Tomato_30_1",1.8e-05,0.1,9.41694036539607e-05,"Tomato_30_1_26_Scenario_1A",26
88,91,1,-0.9948,-1.8153,-3.7079,-1.0934,-1.9767,-3.773,0.1887,0.20002482345949,0.4314,0.3922,0.1961,10.225,2,-29.2525,"Tomato_30_1",1.8e-05,0.1,8.85426636695409e-05,"Tomato_30_1_26_Scenario_1A",26
89,92,3,0.4994,-0.0091,-4.0544,0.6771,-0.0141,-4.146,0.1887,0.199982124201139,0.4314,0.3922,0.1961,10.2596,2,-28.8795,"Tomato_30_1",1.8e-05,0.1,9.47153683312992e-05,"Tomato_30_1_26_Scenario_1A",26
69,93,0,-0.288,-0.0584,-14.2041,-0.2891,-0.0606,-14.4041,0.1887,0.200015124428128,0.4314,0.3922,0.1961,10.2929,1,-18.6214,"Tomato_30_1",1.8e-05,0.1,9.16490582045619e-05,"Tomato_30_1_26_Scenario_1A",26
70,94,0,-0.2891,-0.0606,-14.4041,-0.2891,-0.0606,-14.4097,0.1887,0.00560000000000116,0.4314,0.3922,0.1961,10.2987,1,-18.6158,"Tomato_30_1",1.8e-05,0.1,2.66311706355099e-06,"Tomato_30_1_26_Scenario_1A",26
90,95,2,0.8242,-0.8317,-4.1134,0.9255,-0.9274,-4.2568,0.1887,0.199959345868104,0.4314,0.3922,0.1961,10.3087,2,-28.7687,"Tomato_30_1",1.8e-05,0.1,9.39338550762776e-05,"Tomato_30_1_26_Scenario_1A",26
91,96,1,-1.0934,-1.9767,-3.773,-1.2216,-2.1122,-3.8451,0.1887,0.19998474941855,0.4314,0.3922,0.1961,10.3238,2,-29.1804,"Tomato_30_1",1.8e-05,0.1,8.8281169008748e-05,"Tomato_30_1_26_Scenario_1A",26
8,97,4,-0.0496,-0.0065,-4.1738,0.111,-0.0569,-4.2818,0.1887,0.199991299810767,0.4314,0.3922,0.1961,10.3627,2,-28.7437,"Tomato_30_1",1.8e-05,0.1,9.54441414279706e-05,"Tomato_30_1_26_Scenario_1A",26
92,98,3,0.6771,-0.0141,-4.146,0.8663,0.0165,-4.2033,0.1887,0.20004072085453,0.4314,0.3922,0.1961,10.3646,2,-28.8222,"Tomato_30_1",1.8e-05,0.1,9.44817963507174e-05,"Tomato_30_1_26_Scenario_1A",26
95,99,2,0.9255,-0.9274,-4.2568,1.0298,-1.0131,-4.4044,0.1887,0.200021848806574,0.4314,0.3922,0.1961,10.4179,2,-28.6211,"Tomato_30_1",1.8e-05,0.1,9.37510335868609e-05,"Tomato_30_1_26_Scenario_1A",26
96,100,1,-1.2216,-2.1122,-3.8451,-1.3442,-2.2459,-3.9293,0.1887,0.199990224761112,0.4314,0.3922,0.1961,10.4232,2,-29.0962,"Tomato_30_1",1.8e-05,0.1,8.80413521416346e-05,"Tomato_30_1_26_Scenario_1A",26
97,101,4,0.111,-0.0569,-4.2818,0.2524,-0.1089,-4.4133,0.1887,0.199975523502253,0.4314,0.3922,0.1961,10.458,2,-28.6122,"Tomato_30_1",1.8e-05,0.1,9.51536060430987e-05,"Tomato_30_1_26_Scenario_1A",26
98,102,3,0.8663,0.0165,-4.2033,1.0481,0.0931,-4.2362,0.1887,0.200003024977124,0.4314,0.3922,0.1961,10.4703,2,-28.7893,"Tomato_30_1",1.8e-05,0.1,9.42039434441733e-05,"Tomato_30_1_26_Scenario_1A",26
71,103,0,-0.2891,-0.0606,-14.4097,-0.2941,-0.0595,-14.6097,0.1887,0.2000655142697,0.4314,0.3922,0.1961,10.5026,1,-18.4158,"Tomato_30_1",1.8e-05,0.1,9.06770847551065e-05,"Tomato_30_1_26_Scenario_1A",26
100,104,1,-1.3442,-2.2459,-3.9293,-1.4869,-2.3395,-4.0336,0.1887,0.200006849882698,0.4314,0.3922,0.1961,10.5233,2,-28.9919,"Tomato_30_1",1.8e-05,0.1,8.78079066705072e-05,"Tomato_30_1_26_Scenario_1A",26
99,105,2,1.0298,-1.0131,-4.4044,1.0992,-1.1219,-4.5572,0.1887,0.200004099957976,0.4314,0.3922,0.1961,10.5281,2,-28.4683,"Tomato_30_1",1.8e-05,0.1,9.35321200727479e-05,"Tomato_30_1_26_Scenario_1A",26
101,106,4,0.2524,-0.1089,-4.4133,0.3692,-0.1655,-4.5654,0.1887,0.199950518879047,0.4314,0.3922,0.1961,10.5538,2,-28.4601,"Tomato_30_1",1.8e-05,0.1,9.48600341079408e-05,"Tomato_30_1_26_Scenario_1A",26
102,107,3,1.0481,0.0931,-4.2362,1.2394,0.1458,-4.2608,0.1887,0.199945342531403,0.4314,0.3922,0.1961,10.5768,2,-28.7647,"Tomato_30_1",1.8e-05,0.1,9.39184703235023e-05,"Tomato_30_1_26_Scenario_1A",26
104,108,1,-1.4869,-2.3395,-4.0336,-1.6299,-2.4323,-4.1382,0.1887,0.200004999937502,0.4314,0.3922,0.1961,10.6242,2,-28.8873,"Tomato_30_1",1.8e-05,0.1,8.75674487551457e-05,"Tomato_30_1_26_Scenario_1A",26
105,109,2,1.0992,-1.1219,-4.5572,1.1654,-1.2347,-4.7085,0.1887,0.199994924935609,0.4314,0.3922,0.1961,10.6392,2,-28.317,"Tomato_30_1",1.8e-05,0.1,9.33188485190565e-05,"Tomato_30_1_26_Scenario_1A",26
106,110,4,0.3692,-0.1655,-4.5654,0.4943,-0.1988,-4.7179,0.1887,0.20003787141439,0.4314,0.3922,0.1961,10.6502,2,-28.3076,"Tomato_30_1",1.8e-05,0.1,9.4621213004134e-05,"Tomato_30_1_26_Scenario_1A",26
107,111,3,1.2394,0.1458,-4.2608,1.4312,0.1964,-4.2861,0.1887,0.199969222631884,0.4314,0.3922,0.1961,10.684,2,-28.7394,"Tomato_30_1",1.8e-05,0.1,9.36729777847873e-05,"Tomato_30_1_26_Scenario_1A",26
72,112,0,-0.2941,-0.0595,-14.6097,-0.3043,-0.056,-14.7907,0.1887,0.181320958523828,0.4314,0.3922,0.1961,10.6884,1,-18.2348,"Tomato_30_1",1.8e-05,0.1,8.68909884087216e-05,"Tomato_30_1_26_Scenario_1A",26
108,113,1,-1.6299,-2.4323,-4.1382,-1.7722,-2.5253,-4.2436,0.1887,0.200018624132854,0.4314,0.3922,0.1961,10.7257,2,-28.7819,"Tomato_30_1",1.8e-05,0.1,8.73348660124329e-05,"Tomato_30_1_26_Scenario_1A",26
110,114,4,0.4943,-0.1988,-4.7179,0.602,-0.2201,-4.8851,0.1887,0.200022048784628,0.4314,0.3922,0.1961,10.7472,2,-28.1404,"Tomato_30_1",1.8e-05,0.1,9.43350186385194e-05,"Tomato_30_1_26_Scenario_1A",26
109,115,2,1.1654,-1.2347,-4.7085,1.2221,-1.3315,-4.8741,0.1887,0.200021223873868,0.4314,0.3922,0.1961,10.7513,2,-28.1514,"Tomato_30_1",1.8e-05,0.1,9.31233597143833e-05,"Tomato_30_1_26_Scenario_1A",26
111,116,3,1.4312,0.1964,-4.2861,1.6238,0.2354,-4.3235,0.1887,0.200036296706373,0.4314,0.3922,0.1961,10.792,2,-28.702,"Tomato_30_1",1.8e-05,0.1,9.34490797714086e-05,"Tomato_30_1_26_Scenario_1A",26
11,117,5,-0.0519,0.0045,-4.5983,-0.2273,-0.006,-4.6938,0.1887,0.199989149705678,0.4314,0.3922,0.1961,10.8028,2,-28.3317,"Tomato_30_1",1.8e-05,0.1,9.51256162949795e-05,"Tomato_30_1_26_Scenario_1A",26
113,118,1,-1.7722,-2.5253,-4.2436,-1.8883,-2.6466,-4.3523,0.1887,0.200021473847184,0.4314,0.3922,0.1961,10.828,2,-28.6732,"Tomato_30_1",1.8e-05,0.1,8.7099040673683e-05,"Tomato_30_1_26_Scenario_1A",26
114,119,4,0.602,-0.2201,-4.8851,0.7068,-0.2426,-5.0539,0.1887,0.199956820338791,0.4314,0.3922,0.1961,10.8449,2,-27.9716,"Tomato_30_1",1.8e-05,0.1,9.40269033469455e-05,"Tomato_30_1_26_Scenario_1A",26
115,120,2,1.2221,-1.3315,-4.8741,1.2729,-1.4319,-5.0395,0.1887,0.200044894961106,0.4314,0.3922,0.1961,10.8643,2,-27.986,"Tomato_30_1",1.8e-05,0.1,9.29278236410362e-05,"Tomato_30_1_26_Scenario_1A",26
73,121,0,-0.3043,-0.056,-14.7907,-0.3173,-0.049,-14.9902,0.1887,0.200045619797086,0.4314,0.3922,0.1961,10.8942,1,-18.0353,"Tomato_30_1",1.8e-05,0.1,9.00457757058971e-05,"Tomato_30_1_26_Scenario_1A",26
116,122,3,1.6238,0.2354,-4.3235,1.8075,0.2867,-4.3836,0.1887,0.199973473240828,0.4314,0.3922,0.1961,10.9008,2,-28.6419,"Tomato_30_1",1.8e-05,0.1,9.31660217747783e-05,"Tomato_30_1_26_Scenario_1A",26
117,123,5,-0.2273,-0.006,-4.6938,-0.3965,-0.0109,-4.8003,0.1887,0.199987249593568,0.4314,0.3922,0.1961,10.9042,2,-28.2252,"Tomato_30_1",1.8e-05,0.1,9.48363606065129e-05,"Tomato_30_1_26_Scenario_1A",26
118,124,1,-1.8883,-2.6466,-4.3523,-2.0066,-2.7737,-4.4515,0.1887,0.199974848418495,0.4314,0.3922,0.1961,10.931,2,-28.574,"Tomato_30_1",1.8e-05,0.1,8.68432360645582e-05,"Tomato_30_1_26_Scenario_1A",26
119,125,4,0.7068,-0.2426,-5.0539,0.8037,-0.2478,-5.2289,0.1887,0.200104097909064,0.4314,0.3922,0.1961,10.9432,2,-27.7966,"Tomato_30_1",1.8e-05,0.1,9.38197524103807e-05,"Tomato_30_1_26_Scenario_1A",26
120,126,2,1.2729,-1.4319,-5.0395,1.3345,-1.534,-5.2,0.1887,0.199948043251241,0.4314,0.3922,0.1961,10.9784,2,-27.8255,"Tomato_30_1",1.8e-05,0.1,9.26776177606181e-05,"Tomato_30_1_26_Scenario_1A",26
123,127,5,-0.3965,-0.0109,-4.8003,-0.5683,-0.0128,-4.9026,0.1887,0.199960346068914,0.4314,0.3922,0.1961,11.0061,2,-28.1229,"Tomato_30_1",1.8e-05,0.1,9.45365124235988e-05,"Tomato_30_1_26_Scenario_1A",26
122,128,3,1.8075,0.2867,-4.3836,1.9789,0.3734,-4.4394,0.1887,0.200021223873868,0.4314,0.3922,0.1961,11.0104,2,-28.5861,"Tomato_30_1",1.8e-05,0.1,9.29377468741408e-05,"Tomato_30_1_26_Scenario_1A",26
124,129,1,-2.0066,-2.7737,-4.4515,-2.111,-2.9043,-4.5613,0.1887,0.200029397839418,0.4314,0.3922,0.1961,11.0347,2,-28.4642,"Tomato_30_1",1.8e-05,0.1,8.66353614632886e-05,"Tomato_30_1_26_Scenario_1A",26
125,130,4,0.8037,-0.2478,-5.2289,0.8996,-0.2553,-5.4042,0.1887,0.199957870562776,0.4314,0.3922,0.1961,11.0421,2,-27.6213,"Tomato_30_1",1.8e-05,0.1,9.34801837806493e-05,"Tomato_30_1_26_Scenario_1A",26
126,131,2,1.3345,-1.534,-5.2,1.3935,-1.6359,-5.3617,0.1887,0.20002874793389,0.4314,0.3922,0.1961,11.0935,2,-27.6638,"Tomato_30_1",1.8e-05,0.1,9.25109749408381e-05,"Tomato_30_1_26_Scenario_1A",26
74,132,0,-0.3173,-0.049,-14.9902,-0.3403,-0.0504,-15.1889,0.1887,0.200031622500044,0.4314,0.3922,0.1961,11.1009,1,-17.8366,"Tomato_30_1",1.8e-05,0.1,9.54677152271867e-05,"Tomato_30_1_26_Scenario_1A",26
127,133,5,-0.5683,-0.0128,-4.9026,-0.7397,-0.0148,-5.0057,0.1887,0.200028922908664,0.4314,0.3922,0.1961,11.1086,2,-28.0198,"Tomato_30_1",1.8e-05,0.1,9.42869366215018e-05,"Tomato_30_1_26_Scenario_1A",26
75,134,0,-0.3403,-0.0504,-15.1889,-0.3414,-0.0508,-15.2013,0.1887,0.0124551194293747,0.4314,0.3922,0.1961,11.1139,1,-17.8242,"Tomato_30_1",1.8e-05,0.1,5.81336403557275e-06,"Tomato_30_1_26_Scenario_1A",26
128,135,3,1.9789,0.3734,-4.4394,2.1468,0.4713,-4.4864,0.1887,0.199959545908666,0.4314,0.3922,0.1961,11.1208,2,-28.5391,"Tomato_30_1",1.8e-05,0.1,9.26649900251739e-05,"Tomato_30_1_26_Scenario_1A",26
129,136,1,-2.111,-2.9043,-4.5613,-2.2188,-2.9778,-4.7128,0.1887,0.199938340495263,0.4314,0.3922,0.1961,11.1392,2,-28.3127,"Tomato_30_1",1.8e-05,0.1,8.63718069239211e-05,"Tomato_30_1_26_Scenario_1A",26
130,137,4,0.8996,-0.2553,-5.4042,0.9973,-0.2603,-5.5786,0.1887,0.199964121781883,0.4314,0.3922,0.1961,11.1417,2,-27.4469,"Tomato_30_1",1.8e-05,0.1,9.32209613670491e-05,"Tomato_30_1_26_Scenario_1A",26
13,138,6,-0.0546,0.0241,-4.9572,0.1245,0.0744,-5.0305,0.1887,0.199949468616448,0.4314,0.3922,0.1961,11.1723,2,-27.995,"Tomato_30_1",1.8e-05,0.1,9.48686506447647e-05,"Tomato_30_1_26_Scenario_1A",26
131,139,2,1.3935,-1.6359,-5.3617,1.4156,-1.7568,-5.5194,0.1887,0.199936264844575,0.4314,0.3922,0.1961,11.2096,2,-27.5061,"Tomato_30_1",1.8e-05,0.1,9.22658286295773e-05,"Tomato_30_1_26_Scenario_1A",26
133,140,5,-0.7397,-0.0148,-5.0057,-0.9163,-0.0123,-5.0996,0.1887,0.200027548102755,0.4314,0.3922,0.1961,11.2117,2,-27.9259,"Tomato_30_1",1.8e-05,0.1,9.40124267667195e-05,"Tomato_30_1_26_Scenario_1A",26
135,141,3,2.1468,0.4713,-4.4864,2.3178,0.5648,-4.5314,0.1887,0.200020623936633,0.4314,0.3922,0.1961,11.232,2,-28.4941,"Tomato_30_1",1.8e-05,0.1,9.24573668583059e-05,"Tomato_30_1_26_Scenario_1A",26
137,142,4,0.9973,-0.2603,-5.5786,1.1205,-0.2321,-5.7337,0.1887,0.200073711416568,0.4314,0.3922,0.1961,11.2419,2,-27.2918,"Tomato_30_1",1.8e-05,0.1,9.30184471898498e-05,"Tomato_30_1_26_Scenario_1A",26
136,143,1,-2.2188,-2.9778,-4.7128,-2.3195,-3.0543,-4.8678,0.1887,0.200044345083784,0.4314,0.3922,0.1961,11.2445,2,-28.1577,"Tomato_30_1",1.8e-05,0.1,8.6197806872373e-05,"Tomato_30_1_26_Scenario_1A",26
138,144,6,0.1245,0.0744,-5.0305,0.2823,0.1087,-5.1486,0.1887,0.200062340284222,0.4314,0.3922,0.1961,11.2725,2,-27.8769,"Tomato_30_1",1.8e-05,0.1,9.46681956091183e-05,"Tomato_30_1_26_Scenario_1A",26
140,145,5,-0.9163,-0.0123,-5.0996,-1.1011,-0.0352,-5.1724,0.1887,0.199938215456675,0.4314,0.3922,0.1961,11.3154,2,-27.8531,"Tomato_30_1",1.8e-05,0.1,9.3704914169566e-05,"Tomato_30_1_26_Scenario_1A",26
76,146,0,-0.3414,-0.0508,-15.2013,-0.3597,-0.057,-15.4003,0.1887,0.199935814700618,0.4314,0.3922,0.1961,11.3217,1,-17.6252,"Tomato_30_1",1.8e-05,0.1,8.95940100827298e-05,"Tomato_30_1_26_Scenario_1A",26
139,147,2,1.4156,-1.7568,-5.5194,1.4056,-1.8911,-5.6673,0.1887,0.200027248143847,0.4314,0.3922,0.1961,11.3268,2,-27.3582,"Tomato_30_1",1.8e-05,0.1,9.21069837067266e-05,"Tomato_30_1_26_Scenario_1A",26
142,148,4,1.1205,-0.2321,-5.7337,1.2357,-0.1998,-5.8939,0.1887,0.199945917687759,0.4314,0.3922,0.1961,11.3428,2,-27.1316,"Tomato_30_1",1.8e-05,0.1,9.27143308043255e-05,"Tomato_30_1_26_Scenario_1A",26
141,149,3,2.3178,0.5648,-4.5314,2.4876,0.657,-4.5831,0.1887,0.200014424479836,0.4314,0.3922,0.1961,11.344,2,-28.4424,"Tomato_30_1",1.8e-05,0.1,9.22268911219341e-05,"Tomato_30_1_26_Scenario_1A",26
143,150,1,-2.3195,-3.0543,-4.8678,-2.3947,-3.1392,-5.0325,0.1887,0.199972848156943,0.4314,0.3922,0.1961,11.3505,2,-27.993,"Tomato_30_1",1.8e-05,0.1,8.59516604386042e-05,"Tomato_30_1_26_Scenario_1A",26
144,151,6,0.2823,0.1087,-5.1486,0.4319,0.1316,-5.2793,0.1887,0.19996764738327,0.4314,0.3922,0.1961,11.3734,2,-27.7462,"Tomato_30_1",1.8e-05,0.1,9.43783725956582e-05,"Tomato_30_1_26_Scenario_1A",26
145,152,5,-1.1011,-0.0352,-5.1724,-1.2652,-0.078,-5.2784,0.1887,0.199991624824642,0.4314,0.3922,0.1961,11.4196,2,-27.7471,"Tomato_30_1",1.8e-05,0.1,9.34731730553945e-05,"Tomato_30_1_26_Scenario_1A",26
148,153,4,1.2357,-0.1998,-5.8939,1.3167,-0.1728,-6.0748,0.1887,0.200037021573507,0.4314,0.3922,0.1961,11.4443,2,-26.9507,"Tomato_30_1",1.8e-05,0.1,9.25195869523011e-05,"Tomato_30_1_26_Scenario_1A",26
147,154,2,1.4056,-1.8911,-5.6673,1.3863,-2.0257,-5.814,0.1887,0.200026348264422,0.4314,0.3922,0.1961,11.445,2,-27.2115,"Tomato_30_1",1.8e-05,0.1,9.19109005913554e-05,"Tomato_30_1_26_Scenario_1A",26
149,155,3,2.4876,0.657,-4.5831,2.6603,0.7432,-4.6356,0.1887,0.200029947757829,0.4314,0.3922,0.1961,11.4568,2,-28.3899,"Tomato_30_1",1.8e-05,0.1,9.20147392933446e-05,"Tomato_30_1_26_Scenario_1A",26
150,156,1,-2.3947,-3.1392,-5.0325,-2.4569,-3.2138,-5.2074,0.1887,0.200060015995201,0.4314,0.3922,0.1961,11.4573,2,-27.8181,"Tomato_30_1",1.8e-05,0.1,8.57817219654178e-05,"Tomato_30_1_26_Scenario_1A",26
151,157,6,0.4319,0.1316,-5.2793,0.5783,0.1753,-5.4084,0.1887,0.200023648601859,0.4314,0.3922,0.1961,11.4749,2,-27.6171,"Tomato_30_1",1.8e-05,0.1,9.41686108996805e-05,"Tomato_30_1_26_Scenario_1A",26
152,158,5,-1.2652,-0.078,-5.2784,-1.4044,-0.132,-5.4116,0.1887,0.200087180998683,0.4314,0.3922,0.1961,11.5245,2,-27.6139,"Tomato_30_1",1.8e-05,0.1,9.3269264150973e-05,"Tomato_30_1_26_Scenario_1A",26
77,159,0,-0.3597,-0.057,-15.4003,-0.3845,-0.068,-15.5985,0.1887,0.200048194193299,0.4314,0.3922,0.1961,11.5306,1,-17.427,"Tomato_30_1",1.8e-05,0.1,9.5103752297156e-05,"Tomato_30_1_26_Scenario_1A",26
153,160,4,1.3167,-0.1728,-6.0748,1.4004,-0.1477,-6.2547,0.1887,0.199999274998686,0.4314,0.3922,0.1961,11.5465,2,-26.7708,"Tomato_30_1",1.8e-05,0.1,9.226898714641e-05,"Tomato_30_1_26_Scenario_1A",26
78,161,0,-0.3845,-0.068,-15.5985,-0.3853,-0.0698,-15.6273,0.1887,0.0288672825184502,0.4314,0.3922,0.1961,11.5609,1,-17.3982,"Tomato_30_1",1.8e-05,0.1,1.29094354188627e-05,"Tomato_30_1_26_Scenario_1A",26
154,162,2,1.3863,-2.0257,-5.814,1.376,-2.1559,-5.9655,0.1887,0.200025948316712,0.4314,0.3922,0.1961,11.5644,2,-27.06,"Tomato_30_1",1.8e-05,0.1,9.17197627117169e-05,"Tomato_30_1_26_Scenario_1A",26
156,163,1,-2.4569,-3.2138,-5.2074,-2.5229,-3.302,-5.3742,0.1887,0.199893671735751,0.4314,0.3922,0.1961,11.5649,2,-27.6513,"Tomato_30_1",1.8e-05,0.1,8.55075905137652e-05,"Tomato_30_1_26_Scenario_1A",26
155,164,3,2.6603,0.7432,-4.6356,2.8283,0.8246,-4.7075,0.1887,0.200048919017324,0.4314,0.3922,0.1961,11.5705,2,-28.318,"Tomato_30_1",1.8e-05,0.1,9.18088359246957e-05,"Tomato_30_1_26_Scenario_1A",26
157,165,6,0.5783,0.1753,-5.4084,0.719,0.2088,-5.5465,0.1887,0.199975873544785,0.4314,0.3922,0.1961,11.5771,2,-27.479,"Tomato_30_1",1.8e-05,0.1,9.39148049760236e-05,"Tomato_30_1_26_Scenario_1A",26
15,166,7,-0.0486,0.023,-5.351,-0.109,-0.1516,-5.4274,0.1887,0.199925686193645,0.4314,0.3922,0.1961,11.5813,2,-27.5981,"Tomato_30_1",1.8e-05,0.1,9.46022332269336e-05,"Tomato_30_1_26_Scenario_1A",26
158,167,5,-1.4044,-0.132,-5.4116,-1.5451,-0.1838,-5.5439,0.1887,0.199957545494037,0.4314,0.3922,0.1961,11.6301,2,-27.4816,"Tomato_30_1",1.8e-05,0.1,9.29648638087292e-05,"Tomato_30_1_26_Scenario_1A",26
160,168,4,1.4004,-0.1477,-6.2547,1.4724,-0.1276,-6.4402,0.1887,0.199995649952693,0.4314,0.3922,0.1961,11.6494,2,-26.5853,"Tomato_30_1",1.8e-05,0.1,9.20349892110419e-05,"Tomato_30_1_26_Scenario_1A",26
163,169,1,-2.5229,-3.302,-5.3742,-2.5848,-3.3883,-5.5438,0.1887,0.200108620503965,0.4314,0.3922,0.1961,11.6733,2,-27.4817,"Tomato_30_1",1.8e-05,0.1,8.53972198383197e-05,"Tomato_30_1_26_Scenario_1A",26
165,170,6,0.719,0.2088,-5.5465,0.8022,0.2906,-5.7089,0.1887,0.199968097455569,0.4314,0.3922,0.1961,11.6801,2,-27.3166,"Tomato_30_1",1.8e-05,0.1,9.36806817003507e-05,"Tomato_30_1_26_Scenario_1A",26
166,171,7,-0.109,-0.1516,-5.4274,-0.1576,-0.3284,-5.5073,0.1887,0.200010524723076,0.4314,0.3922,0.1961,11.6801,2,-27.5182,"Tomato_30_1",1.8e-05,0.1,9.44037460215119e-05,"Tomato_30_1_26_Scenario_1A",26
162,172,2,1.376,-2.1559,-5.9655,1.3686,-2.2875,-6.1159,0.1887,0.199983699335721,0.4314,0.3922,0.1961,11.6848,2,-26.9096,"Tomato_30_1",1.8e-05,0.1,9.15102793472355e-05,"Tomato_30_1_26_Scenario_1A",26
164,173,3,2.8283,0.8246,-4.7075,2.9874,0.91,-4.7933,0.1887,0.199919008600984,0.4314,0.3922,0.1961,11.6851,2,-28.2322,"Tomato_30_1",1.8e-05,0.1,9.1535567664269e-05,"Tomato_30_1_26_Scenario_1A",26
167,174,5,-1.5451,-0.1838,-5.5439,-1.6827,-0.2411,-5.6773,0.1887,0.200031522515828,0.4314,0.3922,0.1961,11.7362,2,-27.3482,"Tomato_30_1",1.8e-05,0.1,9.27560234575385e-05,"Tomato_30_1_26_Scenario_1A",26
168,175,4,1.4724,-0.1276,-6.4402,1.5433,-0.0965,-6.6246,0.1887,0.19999344989274,0.4314,0.3922,0.1961,11.7531,2,-26.4009,"Tomato_30_1",1.8e-05,0.1,9.18024428028512e-05,"Tomato_30_1_26_Scenario_1A",26
79,176,0,-0.3853,-0.0698,-15.6273,-0.3884,-0.0711,-15.8273,0.1887,0.200028248005125,0.4314,0.3922,0.1961,11.7709,1,-17.1982,"Tomato_30_1",1.8e-05,0.1,9.46420270022792e-05,"Tomato_30_1_26_Scenario_1A",26
171,177,7,-0.1576,-0.3284,-5.5073,-0.201,-0.5059,-5.5886,0.1887,0.199998749996094,0.4314,0.3922,0.1961,11.7794,2,-27.4369,"Tomato_30_1",1.8e-05,0.1,9.41603329543847e-05,"Tomato_30_1_26_Scenario_1A",26
169,178,1,-2.5848,-3.3883,-5.5438,-2.6494,-3.4758,-5.7116,0.1887,0.19996562204539,0.4314,0.3922,0.1961,11.7826,2,-27.3139,"Tomato_30_1",1.8e-05,0.1,8.51347131003848e-05,"Tomato_30_1_26_Scenario_1A",26
170,179,6,0.8022,0.2906,-5.7089,0.8711,0.3583,-5.8841,0.1887,0.200063839811196,0.4314,0.3922,0.1961,11.7838,2,-27.1414,"Tomato_30_1",1.8e-05,0.1,9.34957026233109e-05,"Tomato_30_1_26_Scenario_1A",26
173,180,3,2.9874,0.91,-4.7933,3.128,1.016,-4.8882,0.1887,0.200025923319954,0.4314,0.3922,0.1961,11.8005,2,-28.1373,"Tomato_30_1",1.8e-05,0.1,9.13715514998528e-05,"Tomato_30_1_26_Scenario_1A",26
172,181,2,1.3686,-2.2875,-6.1159,1.3549,-2.4132,-6.2709,0.1887,0.200032947286191,0.4314,0.3922,0.1961,11.8064,2,-26.7546,"Tomato_30_1",1.8e-05,0.1,9.1343435429662e-05,"Tomato_30_1_26_Scenario_1A",26
174,182,5,-1.6827,-0.2411,-5.6773,-1.8207,-0.2978,-5.8105,0.1887,0.200002824980049,0.4314,0.3922,0.1961,11.843,2,-27.215,"Tomato_30_1",1.8e-05,0.1,9.25002813666171e-05,"Tomato_30_1_26_Scenario_1A",26
175,183,4,1.5433,-0.0965,-6.6246,1.6153,-0.0657,-6.8086,0.1887,0.199971597983314,0.4314,0.3922,0.1961,11.8574,2,-26.2169,"Tomato_30_1",1.8e-05,0.1,9.15617009011448e-05,"Tomato_30_1_26_Scenario_1A",26
177,184,7,-0.201,-0.5059,-5.5886,-0.2487,-0.6826,-5.6693,0.1887,0.200026673221348,0.4314,0.3922,0.1961,11.8795,2,-27.3562,"Tomato_30_1",1.8e-05,0.1,9.39363850771526e-05,"Tomato_30_1_26_Scenario_1A",26
179,185,6,0.8711,0.3583,-5.8841,0.906,0.4301,-6.0675,0.1887,0.200022023787382,0.4314,0.3922,0.1961,11.8882,2,-26.958,"Tomato_30_1",1.8e-05,0.1,9.32471437638275e-05,"Tomato_30_1_26_Scenario_1A",26
178,186,1,-2.6494,-3.4758,-5.7116,-2.701,-3.5698,-5.8805,0.1887,0.200064414626889,0.4314,0.3922,0.1961,11.8926,2,-27.145,"Tomato_30_1",1.8e-05,0.1,8.49759422679376e-05,"Tomato_30_1_26_Scenario_1A",26
180,187,3,3.128,1.016,-4.8882,3.2523,1.1188,-5.0064,0.1887,0.199973923300014,0.4314,0.3922,0.1961,11.9169,2,-28.0191,"Tomato_30_1",1.8e-05,0.1,9.11356353043023e-05,"Tomato_30_1_26_Scenario_1A",26
181,188,2,1.3549,-2.4132,-6.2709,1.3917,-2.5326,-6.427,0.1887,0.199944517304176,0.4314,0.3922,0.1961,11.9292,2,-26.5985,"Tomato_30_1",1.8e-05,0.1,9.11145569519297e-05,"Tomato_30_1_26_Scenario_1A",26
182,189,5,-1.8207,-0.2978,-5.8105,-1.9183,-0.358,-5.9743,0.1887,0.199950593897593,0.4314,0.3922,0.1961,11.9504,2,-27.0512,"Tomato_30_1",1.8e-05,0.1,9.22345915814596e-05,"Tomato_30_1_26_Scenario_1A",26
183,190,4,1.6153,-0.0657,-6.8086,1.6921,-0.0344,-6.9906,0.1887,0.200004824941799,0.4314,0.3922,0.1961,11.9624,2,-26.0349,"Tomato_30_1",1.8e-05,0.1,9.13469401382801e-05,"Tomato_30_1_26_Scenario_1A",26
184,191,7,-0.2487,-0.6826,-5.6693,-0.2984,-0.8593,-5.7487,0.1887,0.19999334988944,0.4314,0.3922,0.1961,11.9802,2,-27.2768,"Tomato_30_1",1.8e-05,0.1,9.36844860642246e-05,"Tomato_30_1_26_Scenario_1A",26
80,192,0,-0.3884,-0.0711,-15.8273,-0.3745,-0.0831,-16.0264,0.1887,0.199945042449169,0.4314,0.3922,0.1961,11.982,1,-16.9991,"Tomato_30_1",1.8e-05,0.1,6.94773885065497e-05,"Tomato_30_1_26_Scenario_1A",26
17,193,8,-0.0545,0.0186,-5.734,-0.0597,-0.1705,-5.7991,0.1887,0.200059641107346,0.4314,0.3922,0.1961,11.9822,2,-27.2264,"Tomato_30_1",1.8e-05,0.1,9.44165834522587e-05,"Tomato_30_1_26_Scenario_1A",26
185,194,6,0.906,0.4301,-6.0675,0.9473,0.495,-6.252,0.1887,0.199894847357304,0.4314,0.3922,0.1961,11.9933,2,-26.7735,"Tomato_30_1",1.8e-05,0.1,9.29598766948402e-05,"Tomato_30_1_26_Scenario_1A",26
186,195,1,-2.701,-3.5698,-5.8805,-2.7304,-3.6592,-6.0569,0.1887,0.199934189172337,0.4314,0.3922,0.1961,12.0035,2,-26.9686,"Tomato_30_1",1.8e-05,0.1,8.47206698585826e-05,"Tomato_30_1_26_Scenario_1A",26
81,196,0,-0.3745,-0.0831,-16.0264,-0.3696,-0.0853,-16.0506,0.1887,0.0247889088101921,0.4314,0.3922,0.1961,12.0082,1,-16.9749,"Tomato_30_1",1.8e-05,0.1,1.10530060359513e-05,"Tomato_30_1_26_Scenario_1A",26
187,197,3,3.2523,1.1188,-5.0064,3.3654,1.2256,-5.1322,0.1887,0.200058716380967,0.4314,0.3922,0.1961,12.0341,2,-27.8933,"Tomato_30_1",1.8e-05,0.1,9.09627871320879e-05,"Tomato_30_1_26_Scenario_1A",26
188,198,2,1.3917,-2.5326,-6.427,1.4339,-2.6521,-6.5817,0.1887,0.199982949273182,0.4314,0.3922,0.1961,12.0531,2,-26.4438,"Tomato_30_1",1.8e-05,0.1,9.09443378318649e-05,"Tomato_30_1_26_Scenario_1A",26
189,199,5,-1.9183,-0.358,-5.9743,-2.0025,-0.4282,-6.1416,0.1887,0.20001742424099,0.4314,0.3922,0.1961,12.0584,2,-26.8839,"Tomato_30_1",1.8e-05,0.1,9.20245843496886e-05,"Tomato_30_1_26_Scenario_1A",26
190,200,4,1.6921,-0.0344,-6.9906,1.7386,0.0152,-7.1787,0.1887,0.200010049747507,0.4314,0.3922,0.1961,12.0682,2,-25.8468,"Tomato_30_1",1.8e-05,0.1,9.11201036296682e-05,"Tomato_30_1_26_Scenario_1A",26
193,201,8,-0.0597,-0.1705,-5.7991,-0.0792,-0.3628,-5.8504,0.1887,0.199978073798104,0.4314,0.3922,0.1961,12.0784,2,-27.1751,"Tomato_30_1",1.8e-05,0.1,9.41340723147835e-05,"Tomato_30_1_26_Scenario_1A",26
191,202,7,-0.2984,-0.8593,-5.7487,-0.3767,-1.0248,-5.8292,0.1887,0.200003474969811,0.4314,0.3922,0.1961,12.0816,2,-27.1963,"Tomato_30_1",1.8e-05,0.1,9.34537808560341e-05,"Tomato_30_1_26_Scenario_1A",26
194,203,6,0.9473,0.495,-6.252,0.9533,0.5953,-6.425,0.1887,0.20006271516702,0.4314,0.3922,0.1961,12.0992,2,-26.6005,"Tomato_30_1",1.8e-05,0.1,9.28105426367898e-05,"Tomato_30_1_26_Scenario_1A",26
195,204,1,-2.7304,-3.6592,-6.0569,-2.7621,-3.751,-6.2318,0.1887,0.200055342343063,0.4314,0.3922,0.1961,12.1153,2,-26.7937,"Tomato_30_1",1.8e-05,0.1,8.45726546493681e-05,"Tomato_30_1_26_Scenario_1A",26
197,205,3,3.3654,1.2256,-5.1322,3.4407,1.3108,-5.2967,0.1887,0.19997344823751,0.4314,0.3922,0.1961,12.1522,2,-27.7288,"Tomato_30_1",1.8e-05,0.1,9.07133924507616e-05,"Tomato_30_1_26_Scenario_1A",26
199,206,5,-2.0025,-0.4282,-6.1416,-2.0873,-0.4978,-6.3088,0.1887,0.199977598745459,0.4314,0.3922,0.1961,12.1671,2,-26.7167,"Tomato_30_1",1.8e-05,0.1,9.17662431626307e-05,"Tomato_30_1_26_Scenario_1A",26
200,207,4,1.7386,0.0152,-7.1787,1.7808,0.0722,-7.3657,0.1887,0.199997099978975,0.4314,0.3922,0.1961,12.1747,2,-25.6598,"Tomato_30_1",1.8e-05,0.1,9.08857783056252e-05,"Tomato_30_1_26_Scenario_1A",26
201,208,8,-0.0792,-0.3628,-5.8504,-0.1256,-0.552,-5.8958,0.1887,0.200026898191218,0.4314,0.3922,0.1961,12.1753,2,-27.1297,"Tomato_30_1",1.8e-05,0.1,9.39138032239086e-05,"Tomato_30_1_26_Scenario_1A",26
198,209,2,1.4339,-2.6521,-6.5817,1.4779,-2.7709,-6.7365,0.1887,0.20003119756678,0.4314,0.3922,0.1961,12.1783,2,-26.289,"Tomato_30_1",1.8e-05,0.1,9.07792372345434e-05,"Tomato_30_1_26_Scenario_1A",26
202,210,7,-0.3767,-1.0248,-5.8292,-0.4303,-1.1694,-5.9566,0.1887,0.200032197408317,0.4314,0.3922,0.1961,12.1837,2,-27.0689,"Tomato_30_1",1.8e-05,0.1,9.32324948631276e-05,"Tomato_30_1_26_Scenario_1A",26
203,211,6,0.9533,0.5953,-6.425,0.935,0.659,-6.6137,0.1887,0.200000674998861,0.4314,0.3922,0.1961,12.2059,2,-26.4118,"Tomato_30_1",1.8e-05,0.1,9.25551642738058e-05,"Tomato_30_1_26_Scenario_1A",26
82,212,0,-0.3696,-0.0853,-16.0506,-0.4034,-0.0739,-16.2474,0.1887,0.200006599891103,0.4314,0.3922,0.1961,12.2205,1,-16.7781,"Tomato_30_1",1.8e-05,0.1,9.53985637116639e-05,"Tomato_30_1_26_Scenario_1A",26
204,213,1,-2.7621,-3.751,-6.2318,-2.8213,-3.8449,-6.3981,0.1887,0.199943842115731,0.4314,0.3922,0.1961,12.228,2,-26.6274,"Tomato_30_1",1.8e-05,0.1,8.43269931292181e-05,"Tomato_30_1_26_Scenario_1A",26
205,214,3,3.4407,1.3108,-5.2967,3.5255,1.3794,-5.4643,0.1887,0.199966897260521,0.4314,0.3922,0.1961,12.2713,2,-27.5612,"Tomato_30_1",1.8e-05,0.1,9.05006253103734e-05,"Tomato_30_1_26_Scenario_1A",26
208,215,8,-0.1256,-0.552,-5.8958,-0.1556,-0.7434,-5.9453,0.1887,0.199960521103542,0.4314,0.3922,0.1961,12.2728,2,-27.0802,"Tomato_30_1",1.8e-05,0.1,9.36402797443697e-05,"Tomato_30_1_26_Scenario_1A",26
206,216,5,-2.0873,-0.4978,-6.3088,-2.1473,-0.5751,-6.4832,0.1887,0.199976623633864,0.4314,0.3922,0.1961,12.2765,2,-26.5423,"Tomato_30_1",1.8e-05,0.1,9.15265864342942e-05,"Tomato_30_1_26_Scenario_1A",26
207,217,4,1.7808,0.0722,-7.3657,1.8298,0.096,-7.5582,0.1887,0.200059216233594,0.4314,0.3922,0.1961,12.2819,2,-25.4673,"Tomato_30_1",1.8e-05,0.1,9.06862576960795e-05,"Tomato_30_1_26_Scenario_1A",26
210,218,7,-0.4303,-1.1694,-5.9566,-0.4953,-1.3404,-6.0374,0.1887,0.19998659955107,0.4314,0.3922,0.1961,12.2865,2,-26.9881,"Tomato_30_1",1.8e-05,0.1,9.29773945867164e-05,"Tomato_30_1_26_Scenario_1A",26
209,219,2,1.4779,-2.7709,-6.7365,1.4837,-2.8567,-6.917,0.1887,0.199938815641185,0.4314,0.3922,0.1961,12.3046,2,-26.1085,"Tomato_30_1",1.8e-05,0.1,9.05511514358823e-05,"Tomato_30_1_26_Scenario_1A",26
211,220,6,0.935,0.659,-6.6137,0.9162,0.7235,-6.802,0.1887,0.199926436471018,0.4314,0.3922,0.1961,12.3134,2,-26.2235,"Tomato_30_1",1.8e-05,0.1,9.2295162041116e-05,"Tomato_30_1_26_Scenario_1A",26
213,221,1,-2.8213,-3.8449,-6.3981,-2.879,-3.9384,-6.5652,0.1887,0.199984874428042,0.4314,0.3922,0.1961,12.3415,2,-26.4603,"Tomato_30_1",1.8e-05,0.1,8.41464875396622e-05,"Tomato_30_1_26_Scenario_1A",26
215,222,8,-0.1556,-0.7434,-5.9453,-0.1672,-0.9282,-6.021,0.1887,0.200040220955687,0.4314,0.3922,0.1961,12.371,2,-27.0045,"Tomato_30_1",1.8e-05,0.1,9.34359386980268e-05,"Tomato_30_1_26_Scenario_1A",26
216,223,5,-2.1473,-0.5751,-6.4832,-2.1778,-0.6476,-6.6671,0.1887,0.200014274490597,0.4314,0.3922,0.1961,12.3865,2,-26.3584,"Tomato_30_1",1.8e-05,0.1,9.13053238902148e-05,"Tomato_30_1_26_Scenario_1A",26
217,224,4,1.8298,0.096,-7.5582,1.8605,0.1246,-7.7537,0.1887,0.199951744178439,0.4314,0.3922,0.1961,12.3899,2,-25.2718,"Tomato_30_1",1.8e-05,0.1,9.04107144091828e-05,"Tomato_30_1_26_Scenario_1A",26
218,225,7,-0.4953,-1.3404,-6.0374,-0.5533,-1.5124,-6.1213,0.1887,0.19996802244359,0.4314,0.3922,0.1961,12.39,2,-26.9042,"Tomato_30_1",1.8e-05,0.1,9.27357628292516e-05,"Tomato_30_1_26_Scenario_1A",26
214,226,3,3.5255,1.3794,-5.4643,3.6441,1.4381,-5.6142,0.1887,0.199954144743239,0.4314,0.3922,0.1961,12.3913,2,-27.4113,"Tomato_30_1",1.8e-05,0.1,9.02858540961367e-05,"Tomato_30_1_26_Scenario_1A",26
19,227,9,-0.1396,-0.0361,-6.1064,-0.001,0.0571,-6.2165,0.1887,0.200045519819865,0.4314,0.3922,0.1961,12.4021,2,-26.809,"Tomato_30_1",1.8e-05,0.1,9.4170909684703e-05,"Tomato_30_1_26_Scenario_1A",26
220,228,6,0.9162,0.7235,-6.802,0.8826,0.7732,-6.9928,0.1887,0.200009224787259,0.4314,0.3922,0.1961,12.4216,2,-26.0327,"Tomato_30_1",1.8e-05,0.1,9.21084240883152e-05,"Tomato_30_1_26_Scenario_1A",26
219,229,2,1.4837,-2.8567,-6.917,1.507,-2.9093,-7.1086,0.1887,0.200050518619673,0.4314,0.3922,0.1961,12.4323,2,-25.9169,"Tomato_30_1",1.8e-05,0.1,9.04162409771668e-05,"Tomato_30_1_26_Scenario_1A",26
83,230,0,-0.4034,-0.0739,-16.2474,-0.4294,-0.0527,-16.4446,0.1887,0.20003319724486,0.4314,0.3922,0.1961,12.4339,1,-16.5809,"Tomato_30_1",1.8e-05,0.1,9.4505034592905e-05,"Tomato_30_1_26_Scenario_1A",26
84,231,0,-0.4294,-0.0527,-16.4446,-0.4302,-0.0522,-16.4493,0.1887,0.00479374592568247,0.4314,0.3922,0.1961,12.439,1,-16.5762,"Tomato_30_1",1.8e-05,0.1,2.13118342611242e-06,"Tomato_30_1_26_Scenario_1A",26
221,232,1,-2.879,-3.9384,-6.5652,-2.8688,-4.0506,-6.7305,0.1887,0.200042420501253,0.4314,0.3922,0.1961,12.4559,2,-26.295,"Tomato_30_1",1.8e-05,0.1,8.39735026164053e-05,"Tomato_30_1_26_Scenario_1A",26
222,233,8,-0.1672,-0.9282,-6.021,-0.1856,-1.1131,-6.0948,0.1887,0.199932513613969,0.4314,0.3922,0.1961,12.4699,2,-26.9307,"Tomato_30_1",1.8e-05,0.1,9.31449102192881e-05,"Tomato_30_1_26_Scenario_1A",26
225,234,7,-0.5533,-1.5124,-6.1213,-0.5934,-1.6886,-6.2072,0.1887,0.200083132722377,0.4314,0.3922,0.1961,12.4942,2,-26.8183,"Tomato_30_1",1.8e-05,0.1,9.25567525025277e-05,"Tomato_30_1_26_Scenario_1A",26
223,235,5,-2.1778,-0.6476,-6.6671,-2.2141,-0.7189,-6.8504,0.1887,0.200000674998861,0.4314,0.3922,0.1961,12.4972,2,-26.1751,"Tomato_30_1",1.8e-05,0.1,9.10614022508547e-05,"Tomato_30_1_26_Scenario_1A",26
224,236,4,1.8605,0.1246,-7.7537,1.9261,0.1801,-7.9343,0.1887,0.199999924999986,0.4314,0.3922,0.1961,12.4987,2,-25.0912,"Tomato_30_1",1.8e-05,0.1,9.0206424338426e-05,"Tomato_30_1_26_Scenario_1A",26
227,237,9,-0.001,0.0571,-6.2165,0.167,0.1305,-6.2965,0.1887,0.200028897912277,0.4314,0.3922,0.1961,12.5072,2,-26.729,"Tomato_30_1",1.8e-05,0.1,9.39140065863835e-05,"Tomato_30_1_26_Scenario_1A",26
226,238,3,3.6441,1.4381,-5.6142,3.7151,1.5343,-5.7746,0.1887,0.200058991300066,0.4314,0.3922,0.1961,12.5123,2,-27.2509,"Tomato_30_1",1.8e-05,0.1,9.01248094438375e-05,"Tomato_30_1_26_Scenario_1A",26
228,239,6,0.8826,0.7732,-6.9928,0.8594,0.8373,-7.1809,0.1887,0.20007163717029,0.4314,0.3922,0.1961,12.5306,2,-25.8446,"Tomato_30_1",1.8e-05,0.1,9.19128442883007e-05,"Tomato_30_1_26_Scenario_1A",26
229,240,2,1.507,-2.9093,-7.1086,1.5131,-2.9577,-7.3025,0.1887,0.19994244171761,0.4314,0.3922,0.1961,12.5612,2,-25.723,"Tomato_30_1",1.8e-05,0.1,9.01827635414288e-05,"Tomato_30_1_26_Scenario_1A",26
233,241,8,-0.1856,-1.1131,-6.0948,-0.214,-1.296,-6.1706,0.1887,0.200011524667955,0.4314,0.3922,0.1961,12.5695,2,-26.8549,"Tomato_30_1",1.8e-05,0.1,9.29417175845885e-05,"Tomato_30_1_26_Scenario_1A",26
232,242,1,-2.8688,-4.0506,-6.7305,-2.8598,-4.1537,-6.9016,0.1887,0.199964546857687,0.4314,0.3922,0.1961,12.5713,2,-26.1239,"Tomato_30_1",1.8e-05,0.1,8.37444180373907e-05,"Tomato_30_1_26_Scenario_1A",26
234,243,7,-0.5934,-1.6886,-6.2072,-0.6631,-1.8324,-6.3274,0.1887,0.199961421279205,0.4314,0.3922,0.1961,12.5992,2,-26.6981,"Tomato_30_1",1.8e-05,0.1,9.2268991707619e-05,"Tomato_30_1_26_Scenario_1A",26
236,244,4,1.9261,0.1801,-7.9343,1.9795,0.2216,-8.1225,0.1887,0.199982624245208,0.4314,0.3922,0.1961,12.6082,2,-24.903,"Tomato_30_1",1.8e-05,0.1,8.99733174733776e-05,"Tomato_30_1_26_Scenario_1A",26
235,245,5,-2.2141,-0.7189,-6.8504,-2.2612,-0.7905,-7.0311,0.1887,0.199993649899191,0.4314,0.3922,0.1961,12.6087,2,-25.9944,"Tomato_30_1",1.8e-05,0.1,9.08212880647947e-05,"Tomato_30_1_26_Scenario_1A",26
237,246,9,0.167,0.1305,-6.2965,0.3339,0.224,-6.3548,0.1887,0.199991874834954,0.4314,0.3922,0.1961,12.613,2,-26.6707,"Tomato_30_1",1.8e-05,0.1,9.36484269731911e-05,"Tomato_30_1_26_Scenario_1A",26
238,247,3,3.7151,1.5343,-5.7746,3.7661,1.6207,-5.9476,0.1887,0.199987399603075,0.4314,0.3922,0.1961,12.6343,2,-27.0779,"Tomato_30_1",1.8e-05,0.1,8.98849981321627e-05,"Tomato_30_1_26_Scenario_1A",26
239,248,6,0.8594,0.8373,-7.1809,0.9093,0.8597,-7.3732,0.1887,0.199927636908957,0.4314,0.3922,0.1961,12.6405,2,-25.6523,"Tomato_30_1",1.8e-05,0.1,9.16233598448045e-05,"Tomato_30_1_26_Scenario_1A",26
85,249,0,-0.4302,-0.0522,-16.4493,-0.4913,-0.0403,-16.6394,0.1887,0.200032072428396,0.4314,0.3922,0.1961,12.6535,1,-16.3861,"Tomato_30_1",1.8e-05,0.1,9.50968343374569e-05,"Tomato_30_1_26_Scenario_1A",26
241,250,8,-0.214,-1.296,-6.1706,-0.2285,-1.4815,-6.2441,0.1887,0.200056866915385,0.4314,0.3922,0.1961,12.6698,2,-26.7814,"Tomato_30_1",1.8e-05,0.1,9.2723449532932e-05,"Tomato_30_1_26_Scenario_1A",26
242,251,1,-2.8598,-4.1537,-6.9016,-2.8512,-4.2587,-7.0716,0.1887,0.1999973999831,0.4314,0.3922,0.1961,12.6876,2,-25.9539,"Tomato_30_1",1.8e-05,0.1,8.35624866940078e-05,"Tomato_30_1_26_Scenario_1A",26
240,252,2,1.5131,-2.9577,-7.3025,1.4911,-2.9851,-7.4994,0.1887,0.200010924701627,0.4314,0.3922,0.1961,12.6914,2,-25.5261,"Tomato_30_1",1.8e-05,0.1,9.00297471929664e-05,"Tomato_30_1_26_Scenario_1A",26
243,253,7,-0.6631,-1.8324,-6.3274,-0.7391,-1.9741,-6.4463,0.1887,0.199980249024747,0.4314,0.3922,0.1961,12.7049,2,-26.5792,"Tomato_30_1",1.8e-05,0.1,9.20470467443439e-05,"Tomato_30_1_26_Scenario_1A",26
244,254,4,1.9795,0.2216,-8.1225,2.0172,0.2722,-8.3123,0.1887,0.200014224494159,0.4314,0.3922,0.1961,12.7186,2,-24.7132,"Tomato_30_1",1.8e-05,0.1,8.97629554581518e-05,"Tomato_30_1_26_Scenario_1A",26
246,255,9,0.3339,0.224,-6.3548,0.5007,0.318,-6.4126,0.1887,0.199997699986775,0.4314,0.3922,0.1961,12.7194,2,-26.6129,"Tomato_30_1",1.8e-05,0.1,9.34037690624719e-05,"Tomato_30_1_26_Scenario_1A",26
245,256,5,-2.2612,-0.7905,-7.0311,-2.3093,-0.8602,-7.2123,0.1887,0.20001284958722,0.4314,0.3922,0.1961,12.7208,2,-25.8132,"Tomato_30_1",1.8e-05,0.1,9.05938368686084e-05,"Tomato_30_1_26_Scenario_1A",26
248,257,6,0.9093,0.8597,-7.3732,0.995,0.9081,-7.5473,0.1887,0.199994649928442,0.4314,0.3922,0.1961,12.7511,2,-25.4782,"Tomato_30_1",1.8e-05,0.1,9.1431490370509e-05,"Tomato_30_1_26_Scenario_1A",26
247,258,3,3.7661,1.6207,-5.9476,3.8186,1.6986,-6.1242,0.1887,0.2000305476671,0.4314,0.3922,0.1961,12.7572,2,-26.9013,"Tomato_30_1",1.8e-05,0.1,8.96975688771548e-05,"Tomato_30_1_26_Scenario_1A",26
250,259,8,-0.2285,-1.4815,-6.2441,-0.2395,-1.6497,-6.3516,0.1887,0.199921209480135,0.4314,0.3922,0.1961,12.7708,2,-26.6739,"Tomato_30_1",1.8e-05,0.1,9.24222437505384e-05,"Tomato_30_1_26_Scenario_1A",26
251,260,1,-2.8512,-4.2587,-7.0716,-2.8534,-4.3494,-7.2498,0.1887,0.199966422181325,0.4314,0.3922,0.1961,12.8048,2,-25.7757,"Tomato_30_1",1.8e-05,0.1,8.33545959753538e-05,"Tomato_30_1_26_Scenario_1A",26
253,261,7,-0.7391,-1.9741,-6.4463,-0.8125,-2.1107,-6.5726,0.1887,0.199997024977873,0.4314,0.3922,0.1961,12.8114,2,-26.4529,"Tomato_30_1",1.8e-05,0.1,9.18248814956014e-05,"Tomato_30_1_26_Scenario_1A",26
252,262,2,1.4911,-2.9851,-7.4994,1.4557,-2.9827,-7.6963,0.1887,0.200071312286395,0.4314,0.3922,0.1961,12.8229,2,-25.3292,"Tomato_30_1",1.8e-05,0.1,8.9873678110539e-05,"Tomato_30_1_26_Scenario_1A",26
255,263,9,0.5007,0.318,-6.4126,0.6326,0.4545,-6.4755,0.1887,0.19996567205398,0.4314,0.3922,0.1961,12.8265,2,-26.55,"Tomato_30_1",1.8e-05,0.1,9.31422785490907e-05,"Tomato_30_1_26_Scenario_1A",26
254,264,4,2.0172,0.2722,-8.3123,2.052,0.3209,-8.5032,0.1887,0.200063839811196,0.4314,0.3922,0.1961,12.8297,2,-24.5223,"Tomato_30_1",1.8e-05,0.1,8.95613081834011e-05,"Tomato_30_1_26_Scenario_1A",26
22,265,10,-0.1885,-0.0176,-6.5137,-0.3426,-0.1159,-6.5947,0.1887,0.199926736581178,0.4314,0.3922,0.1961,12.8312,2,-26.4308,"Tomato_30_1",1.8e-05,0.1,9.38791304633908e-05,"Tomato_30_1_26_Scenario_1A",26
256,266,5,-2.3093,-0.8602,-7.2123,-2.3577,-0.8891,-7.4042,0.1887,0.200008449821502,0.4314,0.3922,0.1961,12.8336,2,-25.6213,"Tomato_30_1",1.8e-05,0.1,9.03564437266773e-05,"Tomato_30_1_26_Scenario_1A",26
257,267,6,0.995,0.9081,-7.5473,1.0864,0.96,-7.7175,0.1887,0.200039021193366,0.4314,0.3922,0.1961,12.8626,2,-25.308,"Tomato_30_1",1.8e-05,0.1,9.12298645054014e-05,"Tomato_30_1_26_Scenario_1A",26
86,268,0,-0.4913,-0.0403,-16.6394,-0.5211,-0.0216,-16.8362,0.1887,0.199919908963568,0.4314,0.3922,0.1961,12.869,1,-16.1893,"Tomato_30_1",1.8e-05,0.1,9.22236619905937e-05,"Tomato_30_1_26_Scenario_1A",26
259,269,8,-0.2395,-1.6497,-6.3516,-0.2307,-1.8241,-6.4492,0.1887,0.200046394618848,0.4314,0.3922,0.1961,12.8725,2,-26.5763,"Tomato_30_1",1.8e-05,0.1,9.22424319145539e-05,"Tomato_30_1_26_Scenario_1A",26
258,270,3,3.8186,1.6986,-6.1242,3.8703,1.7771,-6.3007,0.1887,0.199968472515044,0.4314,0.3922,0.1961,12.8812,2,-26.7248,"Tomato_30_1",1.8e-05,0.1,8.94637503030797e-05,"Tomato_30_1_26_Scenario_1A",26
87,271,0,-0.5211,-0.0216,-16.8362,-0.5228,-0.0167,-16.873,0.1887,0.0371636919586841,0.4314,0.3922,0.1961,12.9091,1,-16.1525,"Tomato_30_1",1.8e-05,0.1,1.75178601321439e-05,"Tomato_30_1_26_Scenario_1A",26
261,272,7,-0.8125,-2.1107,-6.5726,-0.8849,-2.2561,-6.6893,0.1887,0.200004524948812,0.4314,0.3922,0.1961,12.9186,2,-26.3362,"Tomato_30_1",1.8e-05,0.1,9.15991993768049e-05,"Tomato_30_1_26_Scenario_1A",26
260,273,1,-2.8534,-4.3494,-7.2498,-2.8586,-4.4291,-7.4332,0.1887,0.200036721628806,0.4314,0.3922,0.1961,12.923,2,-25.5923,"Tomato_30_1",1.8e-05,0.1,8.31895762785883e-05,"Tomato_30_1_26_Scenario_1A",26
265,274,10,-0.3426,-0.1159,-6.5947,-0.5054,-0.2173,-6.6513,0.1887,0.199973398230865,0.4314,0.3922,0.1961,12.9252,2,-26.3742,"Tomato_30_1",1.8e-05,0.1,9.36556678268671e-05,"Tomato_30_1_26_Scenario_1A",26
263,275,9,0.6326,0.4545,-6.4755,0.7819,0.5514,-6.5668,0.1887,0.200039471105079,0.4314,0.3922,0.1961,12.9343,2,-26.4587,"Tomato_30_1",1.8e-05,0.1,9.29307994982109e-05,"Tomato_30_1_26_Scenario_1A",26
264,276,4,2.052,0.3209,-8.5032,2.0661,0.3414,-8.7016,0.1887,0.19995404472028,0.4314,0.3922,0.1961,12.9417,2,-24.3239,"Tomato_30_1",1.8e-05,0.1,8.92891638846392e-05,"Tomato_30_1_26_Scenario_1A",26
266,277,5,-2.3577,-0.8891,-7.4042,-2.398,-0.9164,-7.5982,0.1887,0.200013449547774,0.4314,0.3922,0.1961,12.9471,2,-25.4273,"Tomato_30_1",1.8e-05,0.1,9.01240673118628e-05,"Tomato_30_1_26_Scenario_1A",26
262,278,2,1.4557,-2.9827,-7.6963,1.4304,-2.9948,-7.8943,0.1887,0.199976248589677,0.4314,0.3922,0.1961,12.9558,2,-25.1312,"Tomato_30_1",1.8e-05,0.1,8.96485936871984e-05,"Tomato_30_1_26_Scenario_1A",26
267,279,6,1.0864,0.96,-7.7175,1.1788,1.0114,-7.8872,0.1887,0.199944517304176,0.4314,0.3922,0.1961,12.975,2,-25.1383,"Tomato_30_1",1.8e-05,0.1,9.09657649650849e-05,"Tomato_30_1_26_Scenario_1A",26
269,280,8,-0.2307,-1.8241,-6.4492,-0.2171,-2.0036,-6.5362,0.1887,0.199935514604084,0.4314,0.3922,0.1961,12.975,2,-26.4893,"Tomato_30_1",1.8e-05,0.1,9.19545305539611e-05,"Tomato_30_1_26_Scenario_1A",26
270,281,3,3.8703,1.7771,-6.3007,3.9179,1.8874,-6.4606,0.1887,0.199999649999694,0.4314,0.3922,0.1961,13.0062,2,-26.5649,"Tomato_30_1",1.8e-05,0.1,8.9272463471361e-05,"Tomato_30_1_26_Scenario_1A",26
274,282,10,-0.5054,-0.2173,-6.6513,-0.6568,-0.3065,-6.7469,0.1887,0.200044894961106,0.4314,0.3922,0.1961,13.0199,2,-26.2786,"Tomato_30_1",1.8e-05,0.1,9.34444187065661e-05,"Tomato_30_1_26_Scenario_1A",26
272,283,7,-0.8849,-2.2561,-6.6893,-0.9997,-2.3917,-6.7812,0.1887,0.200030022746587,0.4314,0.3922,0.1961,13.0266,2,-26.2443,"Tomato_30_1",1.8e-05,0.1,9.13824854513191e-05,"Tomato_30_1_26_Scenario_1A",26
273,284,1,-2.8586,-4.4291,-7.4332,-2.8627,-4.5198,-7.6114,0.1887,0.199996349966693,0.4314,0.3922,0.1961,13.0422,2,-25.4141,"Tomato_30_1",1.8e-05,0.1,8.29791980799233e-05,"Tomato_30_1_26_Scenario_1A",26
275,285,9,0.7819,0.5514,-6.5668,0.9295,0.6439,-6.6651,0.1887,0.200012249624867,0.4314,0.3922,0.1961,13.0428,2,-26.3604,"Tomato_30_1",1.8e-05,0.1,9.26730975764222e-05,"Tomato_30_1_26_Scenario_1A",26
276,286,4,2.0661,0.3414,-8.7016,2.0379,0.3349,-8.8995,0.1887,0.200004749943596,0.4314,0.3922,0.1961,13.0544,2,-24.126,"Tomato_30_1",1.8e-05,0.1,8.90895519641554e-05,"Tomato_30_1_26_Scenario_1A",26
277,287,5,-2.398,-0.9164,-7.5982,-2.4235,-0.9474,-7.7941,0.1887,0.199970147772111,0.4314,0.3922,0.1961,13.0613,2,-25.2314,"Tomato_30_1",1.8e-05,0.1,8.98707632592839e-05,"Tomato_30_1_26_Scenario_1A",26
280,288,8,-0.2171,-2.0036,-6.5362,-0.1771,-2.1808,-6.6199,0.1887,0.200013824522207,0.4314,0.3922,0.1961,13.0782,2,-26.4056,"Tomato_30_1",1.8e-05,0.1,9.17544846457372e-05,"Tomato_30_1_26_Scenario_1A",26
279,289,6,1.1788,1.0114,-7.8872,1.2802,1.0525,-8.0546,0.1887,0.199984824424255,0.4314,0.3922,0.1961,13.0882,2,-24.9709,"Tomato_30_1",1.8e-05,0.1,9.0763864743566e-05,"Tomato_30_1_26_Scenario_1A",26
278,290,2,1.4304,-2.9948,-7.8943,1.4282,-3.0088,-8.0938,0.1887,0.200002724981436,0.4314,0.3922,0.1961,13.0901,2,-24.9317,"Tomato_30_1",1.8e-05,0.1,8.94788544689384e-05,"Tomato_30_1_26_Scenario_1A",26
282,291,10,-0.6568,-0.3065,-6.7469,-0.832,-0.3799,-6.8096,0.1887,0.200034721985959,0.4314,0.3922,0.1961,13.1153,2,-26.2159,"Tomato_30_1",1.8e-05,0.1,9.31957056050316e-05,"Tomato_30_1_26_Scenario_1A",26
88,292,0,-0.5228,-0.0167,-16.873,-0.5348,0.0151,-17.07,0.1887,0.199910580010163,0.4314,0.3922,0.1961,13.1259,1,-15.9555,"Tomato_30_1",1.8e-05,0.1,8.86065702996309e-05,"Tomato_30_1_26_Scenario_1A",26
281,293,3,3.9179,1.8874,-6.4606,3.9479,2.0022,-6.6216,0.1887,0.200000099999975,0.4314,0.3922,0.1961,13.1322,2,-26.4039,"Tomato_30_1",1.8e-05,0.1,8.90681743835403e-05,"Tomato_30_1_26_Scenario_1A",26
283,294,7,-0.9997,-2.3917,-6.7812,-1.1167,-2.5266,-6.8712,0.1887,0.199967522363008,0.4314,0.3922,0.1961,13.1354,2,-26.1543,"Tomato_30_1",1.8e-05,0.1,9.11264133156316e-05,"Tomato_30_1_26_Scenario_1A",26
285,295,9,0.9295,0.6439,-6.6651,1.0685,0.7406,-6.7715,0.1887,0.199982124201139,0.4314,0.3922,0.1961,13.152,2,-26.254,"Tomato_30_1",1.8e-05,0.1,9.24149465616579e-05,"Tomato_30_1_26_Scenario_1A",26
284,296,1,-2.8627,-4.5198,-7.6114,-2.8715,-4.6027,-7.7932,0.1887,0.200002724981436,0.4314,0.3922,0.1961,13.1623,2,-25.2323,"Tomato_30_1",1.8e-05,0.1,8.27889730269654e-05,"Tomato_30_1_26_Scenario_1A",26
286,297,4,2.0379,0.3349,-8.8995,2.012,0.3708,-9.0946,0.1887,0.200059066277937,0.4314,0.3922,0.1961,13.1681,2,-23.9309,"Tomato_30_1",1.8e-05,0.1,8.88921343580824e-05,"Tomato_30_1_26_Scenario_1A",26
287,298,5,-2.4235,-0.9474,-7.7941,-2.4294,-1.0125,-7.9831,0.1887,0.199984549403198,0.4314,0.3922,0.1961,13.1763,2,-25.0424,"Tomato_30_1",1.8e-05,0.1,8.96442101231478e-05,"Tomato_30_1_26_Scenario_1A",26
288,299,8,-0.1771,-2.1808,-6.6199,-0.1366,-2.3535,-6.7124,0.1887,0.200054467583206,0.4314,0.3922,0.1961,13.1821,2,-26.3131,"Tomato_30_1",1.8e-05,0.1,9.15377323690733e-05,"Tomato_30_1_26_Scenario_1A",26
289,300,6,1.2802,1.0525,-8.0546,1.3353,1.1072,-8.239,0.1887,0.200078634541522,0.4314,0.3922,0.1961,13.2023,2,-24.7865,"Tomato_30_1",1.8e-05,0.1,9.05868007772603e-05,"Tomato_30_1_26_Scenario_1A",26
291,301,10,-0.832,-0.3799,-6.8096,-1.0122,-0.4461,-6.8657,0.1887,0.200004224955375,0.4314,0.3922,0.1961,13.2114,2,-26.1598,"Tomato_30_1",1.8e-05,0.1,9.29383936121204e-05,"Tomato_30_1_26_Scenario_1A",26
290,302,2,1.4282,-3.0088,-8.0938,1.4253,-3.0217,-8.2933,0.1887,0.199937665285959,0.4314,0.3922,0.1961,13.2257,2,-24.7322,"Tomato_30_1",1.8e-05,0.1,8.92689790114557e-05,"Tomato_30_1_26_Scenario_1A",26
294,303,7,-1.1167,-2.5266,-6.8712,-1.2546,-2.6418,-6.959,0.1887,0.199990724784926,0.4314,0.3922,0.1961,13.245,2,-26.0665,"Tomato_30_1",1.8e-05,0.1,9.09102414392825e-05,"Tomato_30_1_26_Scenario_1A",26
293,304,3,3.9479,2.0022,-6.6216,3.9572,2.1214,-6.7819,0.1887,0.199978048795362,0.4314,0.3922,0.1961,13.2593,2,-26.2436,"Tomato_30_1",1.8e-05,0.1,8.88546579078256e-05,"Tomato_30_1_26_Scenario_1A",26
295,305,9,1.0685,0.7406,-6.7715,1.2113,0.8342,-6.8756,0.1887,0.19997402331303,0.4314,0.3922,0.1961,13.2619,2,-26.1499,"Tomato_30_1",1.8e-05,0.1,9.21678321998634e-05,"Tomato_30_1_26_Scenario_1A",26
25,306,11,-0.1494,-0.0375,-6.9182,-0.3254,0.043,-6.9685,0.1887,0.199965847083946,0.4314,0.3922,0.1961,13.2691,2,-26.057,"Tomato_30_1",1.8e-05,0.1,9.36680424726386e-05,"Tomato_30_1_26_Scenario_1A",26
297,307,4,2.012,0.3708,-9.0946,2.0027,0.4139,-9.2896,0.1887,0.199922735075329,0.4314,0.3922,0.1961,13.2825,2,-23.7359,"Tomato_30_1",1.8e-05,0.1,8.86109009559563e-05,"Tomato_30_1_26_Scenario_1A",26
296,308,1,-2.8715,-4.6027,-7.7932,-2.9103,-4.7127,-7.9557,0.1887,0.200029222865061,0.4314,0.3922,0.1961,13.2835,2,-25.0698,"Tomato_30_1",1.8e-05,0.1,8.26077369846946e-05,"Tomato_30_1_26_Scenario_1A",26
299,309,8,-0.1366,-2.3535,-6.7124,-0.0854,-2.4916,-6.8477,0.1887,0.199997849988444,0.4314,0.3922,0.1961,13.2868,2,-26.1778,"Tomato_30_1",1.8e-05,0.1,9.12772866937126e-05,"Tomato_30_1_26_Scenario_1A",26
298,310,5,-2.4294,-1.0125,-7.9831,-2.4535,-1.0752,-8.1715,0.1887,0.200016649307001,0.4314,0.3922,0.1961,13.292,2,-24.854,"Tomato_30_1",1.8e-05,0.1,8.94262744009311e-05,"Tomato_30_1_26_Scenario_1A",26
301,311,10,-1.0122,-0.4461,-6.8657,-1.1773,-0.518,-6.9526,0.1887,0.199948068257735,0.4314,0.3922,0.1961,13.3082,2,-26.0729,"Tomato_30_1",1.8e-05,0.1,9.26701090443928e-05,"Tomato_30_1_26_Scenario_1A",26
300,312,6,1.3353,1.1072,-8.239,1.4051,1.1673,-8.4165,0.1887,0.199975748529664,0.4314,0.3922,0.1961,13.3173,2,-24.609,"Tomato_30_1",1.8e-05,0.1,9.03214694638369e-05,"Tomato_30_1_26_Scenario_1A",26
89,313,0,-0.5348,0.0151,-17.07,-0.5413,0.0362,-17.2652,0.1887,0.196444648692704,0.4314,0.3922,0.1961,13.3399,1,-15.7603,"Tomato_30_1",1.8e-05,0.1,9.31682707402097e-05,"Tomato_30_1_26_Scenario_1A",26
303,314,7,-1.2546,-2.6418,-6.959,-1.3962,-2.7555,-7.0429,0.1887,0.200043645237734,0.4314,0.3922,0.1961,13.3555,2,-25.9826,"Tomato_30_1",1.8e-05,0.1,9.07082254205522e-05,"Tomato_30_1_26_Scenario_1A",26
306,315,11,-0.3254,0.043,-6.9685,-0.498,0.1275,-7.024,0.1887,0.200028148019223,0.4314,0.3922,0.1961,13.3596,2,-26.0015,"Tomato_30_1",1.8e-05,0.1,9.34393145948881e-05,"Tomato_30_1_26_Scenario_1A",26
302,316,2,1.4253,-3.0217,-8.2933,1.41,-2.99,-8.4902,0.1887,0.200021473847184,0.4314,0.3922,0.1961,13.3629,2,-24.5353,"Tomato_30_1",1.8e-05,0.1,8.91263076733604e-05,"Tomato_30_1_26_Scenario_1A",26
305,317,9,1.2113,0.8342,-6.8756,1.3505,0.9072,-6.9993,0.1887,0.200018324160563,0.4314,0.3922,0.1961,13.3725,2,-26.0262,"Tomato_30_1",1.8e-05,0.1,9.19455905837089e-05,"Tomato_30_1_26_Scenario_1A",26
304,318,3,3.9572,2.1214,-6.7819,3.9473,2.2356,-6.9458,0.1887,0.200007149872198,0.4314,0.3922,0.1961,13.3875,2,-26.0797,"Tomato_30_1",1.8e-05,0.1,8.86646173270083e-05,"Tomato_30_1_26_Scenario_1A",26
309,319,8,-0.0854,-2.4916,-6.8477,-0.0203,-2.6077,-6.997,0.1887,0.200019274071276,0.4314,0.3922,0.1961,13.3923,2,-26.0285,"Tomato_30_1",1.8e-05,0.1,9.105329987806e-05,"Tomato_30_1_26_Scenario_1A",26
307,320,4,2.0027,0.4139,-9.2896,1.974,0.4331,-9.4866,0.1887,0.200003324972361,0.4314,0.3922,0.1961,13.3979,2,-23.5389,"Tomato_30_1",1.8e-05,0.1,8.84266614345653e-05,"Tomato_30_1_26_Scenario_1A",26
308,321,1,-2.9103,-4.7127,-7.9557,-2.9764,-4.7615,-8.138,0.1887,0.199959845969134,0.4314,0.3922,0.1961,13.4057,2,-24.8875,"Tomato_30_1",1.8e-05,0.1,8.2387673446816e-05,"Tomato_30_1_26_Scenario_1A",26
311,322,10,-1.1773,-0.518,-6.9526,-1.3344,-0.4877,-7.0727,0.1887,0.200056267085038,0.4314,0.3922,0.1961,13.4057,2,-25.9528,"Tomato_30_1",1.8e-05,0.1,9.24786954451917e-05,"Tomato_30_1_26_Scenario_1A",26
310,323,5,-2.4535,-1.0752,-8.1715,-2.4738,-1.1636,-8.3498,0.1887,0.200043845193998,0.4314,0.3922,0.1961,13.4085,2,-24.6757,"Tomato_30_1",1.8e-05,0.1,8.92068064757088e-05,"Tomato_30_1_26_Scenario_1A",26
312,324,6,1.4051,1.1673,-8.4165,1.4746,1.1811,-8.6035,0.1887,0.19997422333891,0.4314,0.3922,0.1961,13.4332,2,-24.422,"Tomato_30_1",1.8e-05,0.1,9.01028612700652e-05,"Tomato_30_1_26_Scenario_1A",26
315,325,11,-0.498,0.1275,-7.024,-0.6764,0.2024,-7.0745,0.1887,0.199967047285296,0.4314,0.3922,0.1961,13.4508,2,-25.951,"Tomato_30_1",1.8e-05,0.1,9.31537370203525e-05,"Tomato_30_1_26_Scenario_1A",26
314,326,7,-1.3962,-2.7555,-7.0429,-1.5422,-2.8546,-7.1369,0.1887,0.19993201344457,0.4314,0.3922,0.1961,13.4667,2,-25.8886,"Tomato_30_1",1.8e-05,0.1,9.04324678020892e-05,"Tomato_30_1_26_Scenario_1A",26
317,327,9,1.3505,0.9072,-6.9993,1.4941,0.9614,-7.1276,0.1887,0.200048719066132,0.4314,0.3922,0.1961,13.4839,2,-25.8979,"Tomato_30_1",1.8e-05,0.1,9.17176058675799e-05,"Tomato_30_1_26_Scenario_1A",26
319,328,8,-0.0203,-2.6077,-6.997,0.0449,-2.7211,-7.1482,0.1887,0.199930087780704,0.4314,0.3922,0.1961,13.4986,2,-25.8773,"Tomato_30_1",1.8e-05,0.1,9.07798562652735e-05,"Tomato_30_1_26_Scenario_1A",26
316,329,2,1.41,-2.99,-8.4902,1.4101,-2.9813,-8.69,0.1887,0.199989349716428,0.4314,0.3922,0.1961,13.5015,2,-24.3355,"Tomato_30_1",1.8e-05,0.1,8.89326694831179e-05,"Tomato_30_1_26_Scenario_1A",26
322,330,10,-1.3344,-0.4877,-7.0727,-1.4608,-0.4791,-7.2275,0.1887,0.200034896955506,0.4314,0.3922,0.1961,13.5039,2,-25.798,"Tomato_30_1",1.8e-05,0.1,9.22280191837595e-05,"Tomato_30_1_26_Scenario_1A",26
320,331,4,1.974,0.4331,-9.4866,1.9615,0.4473,-9.6857,0.1887,0.199996749973595,0.4314,0.3922,0.1961,13.5141,2,-23.3398,"Tomato_30_1",1.8e-05,0.1,8.82045166839935e-05,"Tomato_30_1_26_Scenario_1A",26
318,332,3,3.9473,2.2356,-6.9458,3.9562,2.3375,-7.1176,0.1887,0.199945142476631,0.4314,0.3922,0.1961,13.5168,2,-25.9079,"Tomato_30_1",1.8e-05,0.1,8.84349942688675e-05,"Tomato_30_1_26_Scenario_1A",26
323,333,5,-2.4738,-1.1636,-8.3498,-2.4225,-1.2238,-8.5335,0.1887,0.200003549968494,0.4314,0.3922,0.1961,13.5257,2,-24.492,"Tomato_30_1",1.8e-05,0.1,8.89580261059481e-05,"Tomato_30_1_26_Scenario_1A",26
321,334,1,-2.9764,-4.7615,-8.138,-3.0239,-4.8029,-8.3278,0.1887,0.199985624483361,0.4314,0.3922,0.1961,13.5289,2,-24.6977,"Tomato_30_1",1.8e-05,0.1,8.22075818210336e-05,"Tomato_30_1_26_Scenario_1A",26
325,335,11,-0.6764,0.2024,-7.0745,-0.845,0.2965,-7.127,0.1887,0.200092528596147,0.4314,0.3922,0.1961,13.5425,2,-25.8985,"Tomato_30_1",1.8e-05,0.1,9.2955749638882e-05,"Tomato_30_1_26_Scenario_1A",26
324,336,6,1.4746,1.1811,-8.6035,1.502,1.2079,-8.7998,0.1887,0.200006724886939,0.4314,0.3922,0.1961,13.5499,2,-24.2257,"Tomato_30_1",1.8e-05,0.1,8.99003031523143e-05,"Tomato_30_1_26_Scenario_1A",26
90,337,0,-0.5413,0.0362,-17.2652,-0.5443,0.0471,-17.4648,0.1887,0.199919908963565,0.4314,0.3922,0.1961,13.559,1,-15.5607,"Tomato_30_1",1.8e-05,0.1,9.40215497955196e-05,"Tomato_30_1_26_Scenario_1A",26
326,338,7,-1.5422,-2.8546,-7.1369,-1.6763,-2.9722,-7.2275,0.1887,0.200052318157026,0.4314,0.3922,0.1961,13.5788,2,-25.798,"Tomato_30_1",1.8e-05,0.1,9.02623766026658e-05,"Tomato_30_1_26_Scenario_1A",26
327,339,9,1.4941,0.9614,-7.1276,1.6382,1.0145,-7.2557,0.1887,0.199985074443069,0.4314,0.3922,0.1961,13.5959,2,-25.7698,"Tomato_30_1",1.8e-05,0.1,9.14473494108101e-05,"Tomato_30_1_26_Scenario_1A",26
330,340,10,-1.4608,-0.4791,-7.2275,-1.5769,-0.5399,-7.3785,0.1887,0.199942116623787,0.4314,0.3922,0.1961,13.6028,2,-25.647,"Tomato_30_1",1.8e-05,0.1,9.19454115884516e-05,"Tomato_30_1_26_Scenario_1A",26
328,341,8,0.0449,-2.7211,-7.1482,0.0827,-2.8444,-7.3011,0.1887,0.200025348393647,0.4314,0.3922,0.1961,13.6056,2,-25.7244,"Tomato_30_1",1.8e-05,0.1,9.0590926833511e-05,"Tomato_30_1_26_Scenario_1A",26
331,342,4,1.9615,0.4473,-9.6857,1.9679,0.4573,-9.8854,0.1887,0.200052618078345,0.4314,0.3922,0.1961,13.6312,2,-23.1401,"Tomato_30_1",1.8e-05,0.1,8.80105834749055e-05,"Tomato_30_1_26_Scenario_1A",26
335,343,11,-0.845,0.2965,-7.127,-1.0108,0.3995,-7.1703,0.1887,0.19993381404855,0.4314,0.3922,0.1961,13.6349,2,-25.8552,"Tomato_30_1",1.8e-05,0.1,9.2626591961315e-05,"Tomato_30_1_26_Scenario_1A",26
329,344,2,1.4101,-2.9813,-8.69,1.3988,-2.9535,-8.8878,0.1887,0.200063414946362,0.4314,0.3922,0.1961,13.6416,2,-24.1377,"Tomato_30_1",1.8e-05,0.1,8.8786955564927e-05,"Tomato_30_1_26_Scenario_1A",26
333,345,5,-2.4225,-1.2238,-8.5335,-2.3835,-1.26,-8.7263,0.1887,0.200008199831907,0.4314,0.3922,0.1961,13.6437,2,-24.2992,"Tomato_30_1",1.8e-05,0.1,8.87300577246429e-05,"Tomato_30_1_26_Scenario_1A",26
332,346,3,3.9562,2.3375,-7.1176,3.9774,2.4459,-7.2844,0.1887,0.200055592273747,0.4314,0.3922,0.1961,13.6471,2,-25.7411,"Tomato_30_1",1.8e-05,0.1,8.82823302795638e-05,"Tomato_30_1_26_Scenario_1A",26
334,347,1,-3.0239,-4.8029,-8.3278,-3.0638,-4.8006,-8.5238,0.1887,0.200033247236553,0.4314,0.3922,0.1961,13.6532,2,-24.5017,"Tomato_30_1",1.8e-05,0.1,8.20370665914176e-05,"Tomato_30_1_26_Scenario_1A",26
336,348,6,1.502,1.2079,-8.7998,1.5098,1.2258,-8.9989,0.1887,0.200055142398291,0.4314,0.3922,0.1961,13.6677,2,-24.0266,"Tomato_30_1",1.8e-05,0.1,8.97055350080604e-05,"Tomato_30_1_26_Scenario_1A",26
338,349,7,-1.6763,-2.9722,-7.2275,-1.8111,-3.0548,-7.35,0.1887,0.200000124999961,0.4314,0.3922,0.1961,13.6917,2,-25.6755,"Tomato_30_1",1.8e-05,0.1,9.00151111796384e-05,"Tomato_30_1_26_Scenario_1A",26
340,350,10,-1.5769,-0.5399,-7.3785,-1.6939,-0.6002,-7.5291,0.1887,0.20001362453593,0.4314,0.3922,0.1961,13.7025,2,-25.4964,"Tomato_30_1",1.8e-05,0.1,9.17391769676423e-05,"Tomato_30_1_26_Scenario_1A",26
339,351,9,1.6382,1.0145,-7.2557,1.7849,1.0647,-7.3819,0.1887,0.199918408357009,0.4314,0.3922,0.1961,13.7088,2,-25.6436,"Tomato_30_1",1.8e-05,0.1,9.117672705614e-05,"Tomato_30_1_26_Scenario_1A",26
28,352,12,-0.1464,-0.0442,-7.3225,-0.2021,-0.2322,-7.3617,0.1887,0.199957820552235,0.4314,0.3922,0.1961,13.7121,2,-25.6638,"Tomato_30_1",1.8e-05,0.1,9.34581334430711e-05,"Tomato_30_1_26_Scenario_1A",26
341,353,8,0.0827,-2.8444,-7.3011,0.1235,-2.9698,-7.4515,0.1887,0.200024898450168,0.4314,0.3922,0.1961,13.7135,2,-25.574,"Tomato_30_1",1.8e-05,0.1,9.03592586703089e-05,"Tomato_30_1_26_Scenario_1A",26
343,354,11,-1.0108,0.3995,-7.1703,-1.1734,0.5151,-7.1848,0.1887,0.200030922609481,0.4314,0.3922,0.1961,13.7278,2,-25.8407,"Tomato_30_1",1.8e-05,0.1,9.24168627844658e-05,"Tomato_30_1_26_Scenario_1A",26
342,355,4,1.9679,0.4573,-9.8854,1.9694,0.4641,-10.0853,0.1887,0.200021248871213,0.4314,0.3922,0.1961,13.7492,2,-22.9402,"Tomato_30_1",1.8e-05,0.1,8.77789825990249e-05,"Tomato_30_1_26_Scenario_1A",26
345,356,5,-2.3835,-1.26,-8.7263,-2.3228,-1.2884,-8.9147,0.1887,0.199964021763916,0.4314,0.3922,0.1961,13.7624,2,-24.1108,"Tomato_30_1",1.8e-05,0.1,8.84812530970326e-05,"Tomato_30_1_26_Scenario_1A",26
347,357,1,-3.0638,-4.8006,-8.5238,-3.1117,-4.8208,-8.7169,0.1887,0.199975148456003,0.4314,0.3922,0.1961,13.7786,2,-24.3086,"Tomato_30_1",1.8e-05,0.1,8.18239082005505e-05,"Tomato_30_1_26_Scenario_1A",26
346,358,3,3.9774,2.4459,-7.2844,4.002,2.5759,-7.4344,0.1887,0.200012899584002,0.4314,0.3922,0.1961,13.7787,2,-25.5911,"Tomato_30_1",1.8e-05,0.1,8.8062737432878e-05,"Tomato_30_1_26_Scenario_1A",26
91,359,0,-0.5443,0.0471,-17.4648,-0.5584,0.0727,-17.6627,0.1887,0.200046444607247,0.4314,0.3922,0.1961,13.7791,1,-15.3628,"Tomato_30_1",1.8e-05,0.1,8.84297405254443e-05,"Tomato_30_1_26_Scenario_1A",26
344,360,2,1.3988,-2.9535,-8.8878,1.3933,-2.9254,-9.0857,0.1887,0.199960671133099,0.4314,0.3922,0.1961,13.7833,2,-23.9398,"Tomato_30_1",1.8e-05,0.1,8.85635708640387e-05,"Tomato_30_1_26_Scenario_1A",26
348,361,6,1.5098,1.2258,-8.9989,1.515,1.2439,-9.198,0.1887,0.199988649677925,0.4314,0.3922,0.1961,13.7863,2,-23.8275,"Tomato_30_1",1.8e-05,0.1,8.94600356682427e-05,"Tomato_30_1_26_Scenario_1A",26
92,362,0,-0.5584,0.0727,-17.6627,-0.5601,0.0746,-17.6779,0.1887,0.0154123327241532,0.4314,0.3922,0.1961,13.7962,1,-15.3476,"Tomato_30_1",1.8e-05,0.1,7.28949906311557e-06,"Tomato_30_1_26_Scenario_1A",26
350,363,10,-1.6939,-0.6002,-7.5291,-1.8141,-0.6236,-7.6872,0.1887,0.199978023792616,0.4314,0.3922,0.1961,13.8029,2,-25.3383,"Tomato_30_1",1.8e-05,0.1,9.14845339006707e-05,"Tomato_30_1_26_Scenario_1A",26
352,364,12,-0.2021,-0.2322,-7.3617,-0.2509,-0.4229,-7.3972,0.1887,0.200020448954601,0.4314,0.3922,0.1961,13.8032,2,-25.6283,"Tomato_30_1",1.8e-05,0.1,9.32338011701704e-05,"Tomato_30_1_26_Scenario_1A",26
349,365,7,-1.8111,-3.0548,-7.35,-1.9235,-3.1297,-7.4976,0.1887,0.200073811379701,0.4314,0.3922,0.1961,13.8055,2,-25.5279,"Tomato_30_1",1.8e-05,0.1,8.98252339673003e-05,"Tomato_30_1_26_Scenario_1A",26
354,366,11,-1.1734,0.5151,-7.1848,-1.3333,0.6346,-7.1973,0.1887,0.200011274682204,0.4314,0.3922,0.1961,13.8215,2,-25.8282,"Tomato_30_1",1.8e-05,0.1,9.21538315412477e-05,"Tomato_30_1_26_Scenario_1A",26
353,367,8,0.1235,-2.9698,-7.4515,0.1743,-3.0603,-7.6224,0.1887,0.199944242227677,0.4314,0.3922,0.1961,13.8222,2,-25.4031,"Tomato_30_1",1.8e-05,0.1,9.00922698634197e-05,"Tomato_30_1_26_Scenario_1A",26
351,368,9,1.7849,1.0647,-7.3819,1.9397,1.0975,-7.5042,0.1887,0.199990424770788,0.4314,0.3922,0.1961,13.8223,2,-25.5213,"Tomato_30_1",1.8e-05,0.1,9.09701222497378e-05,"Tomato_30_1_26_Scenario_1A",26
355,369,4,1.9694,0.4641,-10.0853,1.9959,0.4524,-10.2832,0.1887,0.200008874803095,0.4314,0.3922,0.1961,13.8681,2,-22.7423,"Tomato_30_1",1.8e-05,0.1,8.75565385981708e-05,"Tomato_30_1_26_Scenario_1A",26
356,370,5,-2.3228,-1.2884,-8.9147,-2.3002,-1.3194,-9.111,0.1887,0.200013624535931,0.4314,0.3922,0.1961,13.882,2,-23.9145,"Tomato_30_1",1.8e-05,0.1,8.8274691293856e-05,"Tomato_30_1_26_Scenario_1A",26
364,371,12,-0.2509,-0.4229,-7.3972,-0.291,-0.6161,-7.4302,0.1887,0.200058116556165,0.4314,0.3922,0.1961,13.895,2,-25.5953,"Tomato_30_1",1.8e-05,0.1,9.29984396199078e-05,"Tomato_30_1_26_Scenario_1A",26
363,372,10,-1.8141,-0.6236,-7.6872,-1.9288,-0.6258,-7.8511,0.1887,0.20006034089744,0.4314,0.3922,0.1961,13.9041,2,-25.1744,"Tomato_30_1",1.8e-05,0.1,9.1284532971271e-05,"Tomato_30_1_26_Scenario_1A",26
357,373,1,-3.1117,-4.8208,-8.7169,-3.1314,-4.8465,-8.9143,0.1887,0.200038346323899,0.4314,0.3922,0.1961,13.9051,2,-24.1112,"Tomato_30_1",1.8e-05,0.1,8.16610723600657e-05,"Tomato_30_1_26_Scenario_1A",26
361,374,6,1.515,1.2439,-9.198,1.5234,1.2624,-9.3969,0.1887,0.199935039450318,0.4314,0.3922,0.1961,13.906,2,-23.6286,"Tomato_30_1",1.8e-05,0.1,8.92212565684536e-05,"Tomato_30_1_26_Scenario_1A",26
358,375,3,4.002,2.5759,-7.4344,4.0242,2.7088,-7.5822,0.1887,0.200000224999874,0.4314,0.3922,0.1961,13.9113,2,-25.4433,"Tomato_30_1",1.8e-05,0.1,8.78571962890125e-05,"Tomato_30_1_26_Scenario_1A",26
366,376,11,-1.3333,0.6346,-7.1973,-1.4686,0.7818,-7.1922,0.1887,0.199999849999944,0.4314,0.3922,0.1961,13.9157,2,-25.8333,"Tomato_30_1",1.8e-05,0.1,9.1895434991113e-05,"Tomato_30_1_26_Scenario_1A",26
365,377,7,-1.9235,-3.1297,-7.4976,-2.0116,-3.1846,-7.6685,0.1887,0.199956070175426,0.4314,0.3922,0.1961,13.9201,2,-25.357,"Tomato_30_1",1.8e-05,0.1,8.9550253439583e-05,"Tomato_30_1_26_Scenario_1A",26
360,378,2,1.3933,-2.9254,-9.0857,1.3843,-2.86,-9.2745,0.1887,0.20000899979751,0.4314,0.3922,0.1961,13.9265,2,-23.751,"Tomato_30_1",1.8e-05,0.1,8.84079256809689e-05,"Tomato_30_1_26_Scenario_1A",26
367,379,8,0.1743,-3.0603,-7.6224,0.2076,-3.1531,-7.7965,0.1887,0.200078834462819,0.4314,0.3922,0.1961,13.9317,2,-25.229,"Tomato_30_1",1.8e-05,0.1,8.9922945606908e-05,"Tomato_30_1_26_Scenario_1A",26
368,380,9,1.9397,1.0975,-7.5042,2.097,1.1007,-7.6278,0.1887,0.200076210479907,0.4314,0.3922,0.1961,13.9367,2,-25.3977,"Tomato_30_1",1.8e-05,0.1,9.07702742700858e-05,"Tomato_30_1_26_Scenario_1A",26
371,381,12,-0.291,-0.6161,-7.4302,-0.2944,-0.8144,-7.456,0.1887,0.200000224999874,0.4314,0.3922,0.1961,13.9874,2,-25.5695,"Tomato_30_1",1.8e-05,0.1,9.27194889440714e-05,"Tomato_30_1_26_Scenario_1A",26
369,382,4,1.9959,0.4524,-10.2832,2.0368,0.447,-10.4789,0.1887,0.200001149996692,0.4314,0.3922,0.1961,13.9879,2,-22.5466,"Tomato_30_1",1.8e-05,0.1,8.73369100474843e-05,"Tomato_30_1_26_Scenario_1A",26
370,383,5,-2.3002,-1.3194,-9.111,-2.2894,-1.3404,-9.3096,0.1887,0.199998999997499,0.4314,0.3922,0.1961,14.0024,2,-23.7159,"Tomato_30_1",1.8e-05,0.1,8.8040476752479e-05,"Tomato_30_1_26_Scenario_1A",26
372,384,10,-1.9288,-0.6258,-7.8511,-2.039,-0.6191,-8.0178,0.1887,0.199944542311112,0.4314,0.3922,0.1961,14.006,2,-25.0077,"Tomato_30_1",1.8e-05,0.1,9.09949732720077e-05,"Tomato_30_1_26_Scenario_1A",26
376,385,11,-1.4686,0.7818,-7.1922,-1.5738,0.9511,-7.2083,0.1887,0.199971848018665,0.4314,0.3922,0.1961,14.0106,2,-25.8172,"Tomato_30_1",1.8e-05,0.1,9.16302806783694e-05,"Tomato_30_1_26_Scenario_1A",26
93,386,0,-0.5601,0.0746,-17.6779,-0.5742,0.0989,-17.8759,0.1887,0.199983249298535,0.4314,0.3922,0.1961,14.0176,1,-15.1496,"Tomato_30_1",1.8e-05,0.1,9.16336704688188e-05,"Tomato_30_1_26_Scenario_1A",26
374,387,6,1.5234,1.2624,-9.3969,1.5225,1.2739,-9.5966,0.1887,0.20003287229853,0.4314,0.3922,0.1961,14.0266,2,-23.4289,"Tomato_30_1",1.8e-05,0.1,8.9050749755314e-05,"Tomato_30_1_26_Scenario_1A",26
373,388,1,-3.1314,-4.8465,-8.9143,-3.0822,-4.8904,-9.1031,0.1887,0.199983224296438,0.4314,0.3922,0.1961,14.0327,2,-23.9224,"Tomato_30_1",1.8e-05,0.1,8.14506206554362e-05,"Tomato_30_1_26_Scenario_1A",26
377,389,7,-2.0116,-3.1846,-7.6685,-2.1218,-3.2321,-7.8284,0.1887,0.199920734292369,0.4314,0.3922,0.1961,14.0357,2,-25.1971,"Tomato_30_1",1.8e-05,0.1,8.93131971524875e-05,"Tomato_30_1_26_Scenario_1A",26
379,390,8,0.2076,-3.1531,-7.7965,0.2428,-3.2529,-7.9661,0.1887,0.199908078876268,0.4314,0.3922,0.1961,14.0421,2,-25.0594,"Tomato_30_1",1.8e-05,0.1,8.96172157724418e-05,"Tomato_30_1_26_Scenario_1A",26
375,391,3,4.0242,2.7088,-7.5822,4.046,2.8382,-7.7331,0.1887,0.199976023562826,0.4314,0.3922,0.1961,14.0452,2,-25.2924,"Tomato_30_1",1.8e-05,0.1,8.76473967185896e-05,"Tomato_30_1_26_Scenario_1A",26
380,392,9,2.097,1.1007,-7.6278,2.2518,1.1035,-7.7544,0.1887,0.199996099961975,0.4314,0.3922,0.1961,14.0518,2,-25.2711,"Tomato_30_1",1.8e-05,0.1,9.0495927356553e-05,"Tomato_30_1_26_Scenario_1A",26
378,393,2,1.3843,-2.86,-9.2745,1.3706,-2.8155,-9.469,0.1887,0.199995474948809,0.4314,0.3922,0.1961,14.0713,2,-23.5565,"Tomato_30_1",1.8e-05,0.1,8.82256484263163e-05,"Tomato_30_1_26_Scenario_1A",26
381,394,12,-0.2944,-0.8144,-7.456,-0.2873,-1.0123,-7.4835,0.1887,0.199927661918005,0.4314,0.3922,0.1961,14.0804,2,-25.542,"Tomato_30_1",1.8e-05,0.1,9.24347742105356e-05,"Tomato_30_1_26_Scenario_1A",26
385,395,11,-1.5738,0.9511,-7.2083,-1.6857,1.1163,-7.223,0.1887,0.200071837098578,0.4314,0.3922,0.1961,14.1061,2,-25.8025,"Tomato_30_1",1.8e-05,0.1,9.14244203989219e-05,"Tomato_30_1_26_Scenario_1A",26
382,396,4,2.0368,0.447,-10.4789,2.0756,0.4376,-10.6748,0.1887,0.1999265114986,0.4314,0.3922,0.1961,14.1087,2,-22.3507,"Tomato_30_1",1.8e-05,0.1,8.70889401202934e-05,"Tomato_30_1_26_Scenario_1A",26
384,397,10,-2.039,-0.6191,-8.0178,-2.1491,-0.5941,-8.1829,0.1887,0.200012549606269,0.4314,0.3922,0.1961,14.1087,2,-24.8426,"Tomato_30_1",1.8e-05,0.1,9.07899256894891e-05,"Tomato_30_1_26_Scenario_1A",26
383,398,5,-2.2894,-1.3404,-9.3096,-2.2952,-1.3565,-9.5089,0.1887,0.200033347219908,0.4314,0.3922,0.1961,14.1235,2,-23.5166,"Tomato_30_1",1.8e-05,0.1,8.78285379258849e-05,"Tomato_30_1_26_Scenario_1A",26
387,399,6,1.5225,1.2739,-9.5966,1.5435,1.2784,-9.7954,0.1887,0.199956720317173,0.4314,0.3922,0.1961,14.1482,2,-23.2301,"Tomato_30_1",1.8e-05,0.1,8.88035132431797e-05,"Tomato_30_1_26_Scenario_1A",26
389,400,7,-2.1218,-3.2321,-7.8284,-2.2575,-3.263,-7.9721,0.1887,0.200047469366648,0.4314,0.3922,0.1961,14.1521,2,-25.0534,"Tomato_30_1",1.8e-05,0.1,8.91491559543043e-05,"Tomato_30_1_26_Scenario_1A",26
390,401,8,0.2428,-3.2529,-7.9661,0.2879,-3.3312,-8.1445,0.1887,0.199978648860323,0.4314,0.3922,0.1961,14.1533,2,-24.881,"Tomato_30_1",1.8e-05,0.1,8.94206074571579e-05,"Tomato_30_1_26_Scenario_1A",26
388,402,1,-3.0822,-4.8904,-9.1031,-3.0644,-4.9344,-9.2974,0.1887,0.200013324556141,0.4314,0.3922,0.1961,14.1614,2,-23.7281,"Tomato_30_1",1.8e-05,0.1,8.12756096273892e-05,"Tomato_30_1_26_Scenario_1A",26
392,403,9,2.2518,1.1035,-7.7544,2.4171,1.1032,-7.867,0.1887,0.200007349864949,0.4314,0.3922,0.1961,14.1677,2,-25.1585,"Tomato_30_1",1.8e-05,0.1,9.02638155729616e-05,"Tomato_30_1_26_Scenario_1A",26
394,404,12,-0.2873,-1.0123,-7.4835,-0.3219,-1.198,-7.5493,0.1887,0.200028223008654,0.4314,0.3922,0.1961,14.1742,2,-25.4762,"Tomato_30_1",1.8e-05,0.1,9.22308384799447e-05,"Tomato_30_1_26_Scenario_1A",26
391,405,3,4.046,2.8382,-7.7331,4.0859,2.9654,-7.8822,0.1887,0.200006649889447,0.4314,0.3922,0.1961,14.1802,2,-25.1433,"Tomato_30_1",1.8e-05,0.1,8.74623662550352e-05,"Tomato_30_1_26_Scenario_1A",26
31,406,13,-0.1574,-0.0627,-7.7413,0.008,-0.1046,-7.8457,0.1887,0.200030322701335,0.4314,0.3922,0.1961,14.1903,2,-25.1798,"Tomato_30_1",1.8e-05,0.1,9.32902715445136e-05,"Tomato_30_1_26_Scenario_1A",26
395,407,11,-1.6857,1.1163,-7.223,-1.7983,1.2789,-7.2522,0.1887,0.199925386081908,0.4314,0.3922,0.1961,14.2023,2,-25.7733,"Tomato_30_1",1.8e-05,0.1,9.11068148445455e-05,"Tomato_30_1_26_Scenario_1A",26
397,408,10,-2.1491,-0.5941,-8.1829,-2.2635,-0.5843,-8.3466,0.1887,0.199952719411365,0.4314,0.3922,0.1961,14.2123,2,-24.6789,"Tomato_30_1",1.8e-05,0.1,9.05276101162601e-05,"Tomato_30_1_26_Scenario_1A",26
393,409,2,1.3706,-2.8155,-9.469,1.3567,-2.8228,-9.6684,0.1887,0.200017149264757,0.4314,0.3922,0.1961,14.2178,2,-23.3571,"Tomato_30_1",1.8e-05,0.1,8.80596413714986e-05,"Tomato_30_1_26_Scenario_1A",26
94,410,0,-0.5742,0.0989,-17.8759,-0.5942,0.1187,-18.0603,0.1887,0.186535251360165,0.4314,0.3922,0.1961,14.2251,1,-14.9652,"Tomato_30_1",1.8e-05,0.1,8.87078438024552e-05,"Tomato_30_1_26_Scenario_1A",26
396,411,4,2.0756,0.4376,-10.6748,2.1175,0.4323,-10.8703,0.1887,0.200009874756224,0.4314,0.3922,0.1961,14.2305,2,-22.1552,"Tomato_30_1",1.8e-05,0.1,8.69105259675531e-05,"Tomato_30_1_26_Scenario_1A",26
398,412,5,-2.2952,-1.3565,-9.5089,-2.3021,-1.3729,-9.7081,0.1887,0.199993024878369,0.4314,0.3922,0.1961,14.2455,2,-23.3174,"Tomato_30_1",1.8e-05,0.1,8.75845738322686e-05,"Tomato_30_1_26_Scenario_1A",26
401,413,8,0.2879,-3.3312,-8.1445,0.3349,-3.3935,-8.3287,0.1887,0.200049818795218,0.4314,0.3922,0.1961,14.2654,2,-24.6968,"Tomato_30_1",1.8e-05,0.1,8.92247882986702e-05,"Tomato_30_1_26_Scenario_1A",26
404,414,12,-0.3219,-1.198,-7.5493,-0.3493,-1.3758,-7.6368,0.1887,0.200049618844926,0.4314,0.3922,0.1961,14.2686,2,-25.3887,"Tomato_30_1",1.8e-05,0.1,9.19909590359861e-05,"Tomato_30_1_26_Scenario_1A",26
400,415,7,-2.2575,-3.263,-7.9721,-2.3906,-3.3036,-8.1158,0.1887,0.200034147084942,0.4314,0.3922,0.1961,14.2695,2,-24.9097,"Tomato_30_1",1.8e-05,0.1,8.89232730692227e-05,"Tomato_30_1_26_Scenario_1A",26
399,416,6,1.5435,1.2784,-9.7954,1.5438,1.2807,-9.9954,0.1887,0.200013449547773,0.4314,0.3922,0.1961,14.2708,2,-23.0301,"Tomato_30_1",1.8e-05,0.1,8.86160804202021e-05,"Tomato_30_1_26_Scenario_1A",26
403,417,9,2.4171,1.1032,-7.867,2.5726,1.0853,-7.9915,0.1887,0.200002274987061,0.4314,0.3922,0.1961,14.2845,2,-25.034,"Tomato_30_1",1.8e-05,0.1,9.00250959417714e-05,"Tomato_30_1_26_Scenario_1A",26
402,418,1,-3.0644,-4.9344,-9.2974,-3.0778,-4.9749,-9.4928,0.1887,0.2000024249853,0.4314,0.3922,0.1961,14.2913,2,-23.5327,"Tomato_30_1",1.8e-05,0.1,8.10846051169619e-05,"Tomato_30_1_26_Scenario_1A",26
406,419,13,0.008,-0.1046,-7.8457,0.1741,-0.1459,-7.9492,0.1887,0.200017874201283,0.4314,0.3922,0.1961,14.2959,2,-25.0763,"Tomato_30_1",1.8e-05,0.1,9.30325063876497e-05,"Tomato_30_1_26_Scenario_1A",26
407,420,11,-1.7983,1.2789,-7.2522,-1.9257,1.4223,-7.3087,0.1887,0.199966422181325,0.4314,0.3922,0.1961,14.2992,2,-25.7168,"Tomato_30_1",1.8e-05,0.1,9.08756238355289e-05,"Tomato_30_1_26_Scenario_1A",26
405,421,3,4.0859,2.9654,-7.8822,4.1142,3.0822,-8.0421,0.1887,0.200027848061213,0.4314,0.3922,0.1961,14.3165,2,-24.9834,"Tomato_30_1",1.8e-05,0.1,8.72738825341988e-05,"Tomato_30_1_26_Scenario_1A",26
408,422,10,-2.2635,-0.5843,-8.3466,-2.3598,-0.5814,-8.5219,0.1887,0.20003047267854,0.4314,0.3922,0.1961,14.3166,2,-24.5036,"Tomato_30_1",1.8e-05,0.1,9.03283262179776e-05,"Tomato_30_1_26_Scenario_1A",26
411,423,4,2.1175,0.4323,-10.8703,2.1594,0.4266,-11.0658,0.1887,0.200020873910699,0.4314,0.3922,0.1961,14.3532,2,-21.9597,"Tomato_30_1",1.8e-05,0.1,8.67012573481257e-05,"Tomato_30_1_26_Scenario_1A",26
414,424,12,-0.3493,-1.3758,-7.6368,-0.4014,-1.5627,-7.6853,0.1887,0.199995674953235,0.4314,0.3922,0.1961,14.3637,2,-25.3402,"Tomato_30_1",1.8e-05,0.1,9.17172815265362e-05,"Tomato_30_1_26_Scenario_1A",26
409,425,2,1.3567,-2.8228,-9.6684,1.343,-2.8452,-9.8667,0.1887,0.20003084762106,0.4314,0.3922,0.1961,14.366,2,-23.1588,"Tomato_30_1",1.8e-05,0.1,8.78908281671205e-05,"Tomato_30_1_26_Scenario_1A",26
412,426,5,-2.3021,-1.3729,-9.7081,-2.3019,-1.3862,-9.9076,0.1887,0.199942941860922,0.4314,0.3922,0.1961,14.3684,2,-23.1179,"Tomato_30_1",1.8e-05,0.1,8.73372358959497e-05,"Tomato_30_1_26_Scenario_1A",26
413,427,8,0.3349,-3.3935,-8.3287,0.3718,-3.464,-8.5122,0.1887,0.200010274736075,0.4314,0.3922,0.1961,14.3784,2,-24.5133,"Tomato_30_1",1.8e-05,0.1,8.89802969839272e-05,"Tomato_30_1_26_Scenario_1A",26
415,428,7,-2.3906,-3.3036,-8.1158,-2.5181,-3.3027,-8.2699,0.1887,0.200009674765997,0.4314,0.3922,0.1961,14.3878,2,-24.7556,"Tomato_30_1",1.8e-05,0.1,8.86932550809336e-05,"Tomato_30_1_26_Scenario_1A",26
416,429,6,1.5438,1.2807,-9.9954,1.549,1.2837,-10.1953,0.1887,0.199990124756198,0.4314,0.3922,0.1961,14.3944,2,-22.8302,"Tomato_30_1",1.8e-05,0.1,8.8393882694829e-05,"Tomato_30_1_26_Scenario_1A",26
420,430,11,-1.9257,1.4223,-7.3087,-2.0676,1.5588,-7.344,0.1887,0.200034871959866,0.4314,0.3922,0.1961,14.3968,2,-25.6815,"Tomato_30_1",1.8e-05,0.1,9.06574617735472e-05,"Tomato_30_1_26_Scenario_1A",26
417,431,9,2.5726,1.0853,-7.9915,2.7206,1.0989,-8.1253,0.1887,0.19997849884425,0.4314,0.3922,0.1961,14.402,2,-24.9002,"Tomato_30_1",1.8e-05,0.1,8.97787780110381e-05,"Tomato_30_1_26_Scenario_1A",26
419,432,13,0.1741,-0.1459,-7.9492,0.3414,-0.1724,-8.0554,0.1887,0.199924935913457,0.4314,0.3922,0.1961,14.4023,2,-24.9701,"Tomato_30_1",1.8e-05,0.1,9.27382965042552e-05,"Tomato_30_1_26_Scenario_1A",26
422,433,10,-2.3598,-0.5814,-8.5219,-2.4544,-0.5759,-8.6981,0.1887,0.200064614562396,0.4314,0.3922,0.1961,14.4217,2,-24.3274,"Tomato_30_1",1.8e-05,0.1,9.01099232982135e-05,"Tomato_30_1_26_Scenario_1A",26
418,434,1,-3.0778,-4.9749,-9.4928,-3.0972,-5.0055,-9.6895,0.1887,0.200009024796382,0.4314,0.3922,0.1961,14.4224,2,-23.336,"Tomato_30_1",1.8e-05,0.1,8.09013934470554e-05,"Tomato_30_1_26_Scenario_1A",26
95,435,0,-0.5942,0.1187,-18.0603,-0.591,0.1152,-18.2602,0.1887,0.199956245213796,0.4314,0.3922,0.1961,14.4487,1,-14.7653,"Tomato_30_1",1.8e-05,0.1,9.38257577517894e-05,"Tomato_30_1_26_Scenario_1A",26
421,436,3,4.1142,3.0822,-8.0421,4.1302,3.1285,-8.236,0.1887,0.199992249849839,0.4314,0.3922,0.1961,14.454,2,-24.7895,"Tomato_30_1",1.8e-05,0.1,8.70613843727644e-05,"Tomato_30_1_26_Scenario_1A",26
424,437,12,-0.4014,-1.5627,-7.6853,-0.4587,-1.7372,-7.7645,0.1887,0.20001544940329,0.4314,0.3922,0.1961,14.4595,2,-25.261,"Tomato_30_1",1.8e-05,0.1,9.14782578885654e-05,"Tomato_30_1_26_Scenario_1A",26
423,438,4,2.1594,0.4266,-11.0658,2.1391,0.4535,-11.263,0.1887,0.200058841344241,0.4314,0.3922,0.1961,14.477,2,-21.7625,"Tomato_30_1",1.8e-05,0.1,8.65043403524478e-05,"Tomato_30_1_26_Scenario_1A",26
426,439,5,-2.3019,-1.3862,-9.9076,-2.3144,-1.4059,-10.1063,0.1887,0.200065064416553,0.4314,0.3922,0.1961,14.4921,2,-22.9192,"Tomato_30_1",1.8e-05,0.1,8.71657434073687e-05,"Tomato_30_1_26_Scenario_1A",26
427,440,8,0.3718,-3.464,-8.5122,0.4259,-3.5464,-8.6862,0.1887,0.199981424137343,0.4314,0.3922,0.1961,14.4923,2,-24.3393,"Tomato_30_1",1.8e-05,0.1,8.87414388288529e-05,"Tomato_30_1_26_Scenario_1A",26
430,441,11,-2.0676,1.5588,-7.344,-2.2264,1.6734,-7.3846,0.1887,0.1999973999831,0.4314,0.3922,0.1961,14.495,2,-25.6409,"Tomato_30_1",1.8e-05,0.1,9.03920110125452e-05,"Tomato_30_1_26_Scenario_1A",26
428,442,7,-2.5181,-3.3027,-8.2699,-2.6622,-3.3119,-8.4083,0.1887,0.200010024748761,0.4314,0.3922,0.1961,14.507,2,-24.6172,"Tomato_30_1",1.8e-05,0.1,8.84750413020939e-05,"Tomato_30_1_26_Scenario_1A",26
432,443,13,0.3414,-0.1724,-8.0554,0.496,-0.226,-8.1704,0.1887,0.1999977999879,0.4314,0.3922,0.1961,14.5095,2,-24.8551,"Tomato_30_1",1.8e-05,0.1,9.25218261591443e-05,"Tomato_30_1_26_Scenario_1A",26
425,444,2,1.343,-2.8452,-9.8667,1.3263,-2.89,-10.0609,0.1887,0.199998924997111,0.4314,0.3922,0.1961,14.5159,2,-22.9646,"Tomato_30_1",1.8e-05,0.1,8.77027439021803e-05,"Tomato_30_1_26_Scenario_1A",26
429,445,6,1.549,1.2837,-10.1953,1.569,1.2657,-10.3935,0.1887,0.200018099181049,0.4314,0.3922,0.1961,14.5191,2,-22.632,"Tomato_30_1",1.8e-05,0.1,8.81951061157842e-05,"Tomato_30_1_26_Scenario_1A",26
431,446,9,2.7206,1.0989,-8.1253,2.8572,1.1196,-8.2698,0.1887,0.19992073429237,0.4314,0.3922,0.1961,14.5203,2,-24.7557,"Tomato_30_1",1.8e-05,0.1,8.95181112065189e-05,"Tomato_30_1_26_Scenario_1A",26
433,447,10,-2.4544,-0.5759,-8.6981,-2.5419,-0.5771,-8.8779,0.1887,0.199964321817668,0.4314,0.3922,0.1961,14.5277,2,-24.1476,"Tomato_30_1",1.8e-05,0.1,8.98318554003047e-05,"Tomato_30_1_26_Scenario_1A",26
434,448,1,-3.0972,-5.0055,-9.6895,-3.1515,-5.0034,-9.8819,0.1887,0.199926636544508,0.4314,0.3922,0.1961,14.5547,2,-23.1436,"Tomato_30_1",1.8e-05,0.1,8.0682982907725e-05,"Tomato_30_1_26_Scenario_1A",26
437,449,12,-0.4587,-1.7372,-7.7645,-0.5208,-1.911,-7.8416,0.1887,0.200018149176518,0.4314,0.3922,0.1961,14.556,2,-25.1839,"Tomato_30_1",1.8e-05,0.1,9.12321642569825e-05,"Tomato_30_1_26_Scenario_1A",26
436,450,3,4.1302,3.1285,-8.236,4.1307,3.2009,-8.4224,0.1887,0.19996742234674,0.4314,0.3922,0.1961,14.5928,2,-24.6031,"Tomato_30_1",1.8e-05,0.1,8.68544072428391e-05,"Tomato_30_1_26_Scenario_1A",26
441,451,11,-2.2264,1.6734,-7.3846,-2.3899,1.77,-7.4475,0.1887,0.200050543613358,0.4314,0.3922,0.1961,14.594,2,-25.578,"Tomato_30_1",1.8e-05,0.1,9.01682582562141e-05,"Tomato_30_1_26_Scenario_1A",26
438,452,4,2.1391,0.4535,-11.263,2.123,0.4325,-11.4612,0.1887,0.199958620719388,0.4314,0.3922,0.1961,14.6017,2,-21.5643,"Tomato_30_1",1.8e-05,0.1,8.62485093453874e-05,"Tomato_30_1_26_Scenario_1A",26
440,453,8,0.4259,-3.5464,-8.6862,0.464,-3.6493,-8.8534,0.1887,0.199989649732181,0.4314,0.3922,0.1961,14.6071,2,-24.1721,"Tomato_30_1",1.8e-05,0.1,8.85198256439594e-05,"Tomato_30_1_26_Scenario_1A",26
439,454,5,-2.3144,-1.4059,-10.1063,-2.2903,-1.4014,-10.3048,0.1887,0.200008274828819,0.4314,0.3922,0.1961,14.6166,2,-22.7207,"Tomato_30_1",1.8e-05,0.1,8.69169351368773e-05,"Tomato_30_1_26_Scenario_1A",26
443,455,13,0.496,-0.226,-8.1704,0.649,-0.2769,-8.2888,0.1887,0.200045919728446,0.4314,0.3922,0.1961,14.6174,2,-24.7367,"Tomato_30_1",1.8e-05,0.1,9.22944716655896e-05,"Tomato_30_1_26_Scenario_1A",26
442,456,7,-2.6622,-3.3119,-8.4083,-2.8061,-3.3212,-8.5469,0.1887,0.200009149790703,0.4314,0.3922,0.1961,14.6272,2,-24.4786,"Tomato_30_1",1.8e-05,0.1,8.82570418713416e-05,"Tomato_30_1_26_Scenario_1A",26
447,457,10,-2.5419,-0.5771,-8.8779,-2.6199,-0.5766,-9.0621,0.1887,0.200034721985958,0.4314,0.3922,0.1961,14.6345,2,-23.9634,"Tomato_30_1",1.8e-05,0.1,8.96312889197207e-05,"Tomato_30_1_26_Scenario_1A",26
446,458,9,2.8572,1.1196,-8.2698,2.9643,1.1474,-8.4364,0.1887,0.199997024977874,0.4314,0.3922,0.1961,14.6395,2,-24.5891,"Tomato_30_1",1.8e-05,0.1,8.9318201601192e-05,"Tomato_30_1_26_Scenario_1A",26
445,459,6,1.569,1.2657,-10.3935,1.5581,1.2504,-10.5926,0.1887,0.199984274381762,0.4314,0.3922,0.1961,14.6449,2,-22.4329,"Tomato_30_1",1.8e-05,0.1,8.79698420737838e-05,"Tomato_30_1_26_Scenario_1A",26
34,460,14,-0.2064,-0.051,-8.1464,-0.3848,0.0069,-8.216,0.1887,0.200057816643089,0.4314,0.3922,0.1961,14.6482,2,-24.8095,"Tomato_30_1",1.8e-05,0.1,9.3115415897676e-05,"Tomato_30_1_26_Scenario_1A",26
449,461,12,-0.5208,-1.911,-7.8416,-0.5828,-2.0847,-7.9188,0.1887,0.199938815641186,0.4314,0.3922,0.1961,14.6532,2,-25.1067,"Tomato_30_1",1.8e-05,0.1,9.09495741444516e-05,"Tomato_30_1_26_Scenario_1A",26
444,462,2,1.3263,-2.89,-10.0609,1.2982,-2.9308,-10.2547,0.1887,0.20003172248421,0.4314,0.3922,0.1961,14.6676,2,-22.7708,"Tomato_30_1",1.8e-05,0.1,8.754378824382e-05,"Tomato_30_1_26_Scenario_1A",26
96,463,0,-0.591,0.1152,-18.2602,-0.5885,0.111,-18.4601,0.1887,0.199959745949028,0.4314,0.3922,0.1961,14.6736,1,-14.5654,"Tomato_30_1",1.8e-05,0.1,8.81484704564213e-05,"Tomato_30_1_26_Scenario_1A",26
448,464,1,-3.1515,-5.0034,-9.8819,-3.232,-4.9922,-10.0647,0.1887,0.200053817759122,0.4314,0.3922,0.1961,14.6882,2,-22.9608,"Tomato_30_1",1.8e-05,0.1,8.05497737796006e-05,"Tomato_30_1_26_Scenario_1A",26
451,465,11,-2.3899,1.77,-7.4475,-2.5332,1.8633,-7.5512,0.1887,0.199983674333681,0.4314,0.3922,0.1961,14.6937,2,-25.4743,"Tomato_30_1",1.8e-05,0.1,8.98912074718091e-05,"Tomato_30_1_26_Scenario_1A",26
97,466,0,-0.5885,0.111,-18.4601,-0.5878,0.1103,-18.4884,0.1887,0.0283173091941993,0.4314,0.3922,0.1961,14.7055,1,-14.5371,"Tomato_30_1",1.8e-05,0.1,1.34941319723453e-05,"Tomato_30_1_26_Scenario_1A",26
453,467,8,0.464,-3.6493,-8.8534,0.4949,-3.7455,-9.026,0.1887,0.200000024999998,0.4314,0.3922,0.1961,14.7229,2,-23.9995,"Tomato_30_1",1.8e-05,0.1,8.82998881645947e-05,"Tomato_30_1_26_Scenario_1A",26
455,468,13,0.649,-0.2769,-8.2888,0.7917,-0.366,-8.3969,0.1887,0.199969272639573,0.4314,0.3922,0.1961,14.726,2,-24.6286,"Tomato_30_1",1.8e-05,0.1,9.20103949605129e-05,"Tomato_30_1_26_Scenario_1A",26
452,469,4,2.123,0.4325,-11.4612,2.1107,0.4123,-11.6598,0.1887,0.200003224974,0.4314,0.3922,0.1961,14.7275,2,-21.3657,"Tomato_30_1",1.8e-05,0.1,8.60559709549357e-05,"Tomato_30_1_26_Scenario_1A",26
450,470,3,4.1307,3.2009,-8.4224,4.1657,3.2713,-8.6063,0.1887,0.200000924997861,0.4314,0.3922,0.1961,14.7328,2,-24.4192,"Tomato_30_1",1.8e-05,0.1,8.6673494086127e-05,"Tomato_30_1_26_Scenario_1A",26
454,471,5,-2.2903,-1.4014,-10.3048,-2.2885,-1.3943,-10.5046,0.1887,0.199934214180565,0.4314,0.3922,0.1961,14.742,2,-22.5209,"Tomato_30_1",1.8e-05,0.1,8.66615828877623e-05,"Tomato_30_1_26_Scenario_1A",26
457,472,10,-2.6199,-0.5766,-9.0621,-2.6869,-0.5798,-9.2505,0.1887,0.19998449939933,0.4314,0.3922,0.1961,14.7422,2,-23.775,"Tomato_30_1",1.8e-05,0.1,8.93774037957379e-05,"Tomato_30_1_26_Scenario_1A",26
456,473,7,-2.8061,-3.3212,-8.5469,-2.9421,-3.3233,-8.6934,0.1887,0.199906628204269,0.4314,0.3922,0.1961,14.7484,2,-24.3321,"Tomato_30_1",1.8e-05,0.1,8.79951108318201e-05,"Tomato_30_1_26_Scenario_1A",26
461,474,12,-0.5828,-2.0847,-7.9188,-0.6542,-2.2405,-8.022,0.1887,0.200054592549134,0.4314,0.3922,0.1961,14.7512,2,-25.0035,"Tomato_30_1",1.8e-05,0.1,9.07564467154914e-05,"Tomato_30_1_26_Scenario_1A",26
460,475,14,-0.3848,0.0069,-8.216,-0.5787,0.0555,-8.2216,0.1887,0.19997632359857,0.4314,0.3922,0.1961,14.7554,2,-24.8039,"Tomato_30_1",1.8e-05,0.1,9.28186344011563e-05,"Tomato_30_1_26_Scenario_1A",26
458,476,9,2.9643,1.1474,-8.4364,3.0694,1.1783,-8.6038,0.1887,0.200058941314802,0.4314,0.3922,0.1961,14.7595,2,-24.4217,"Tomato_30_1",1.8e-05,0.1,8.91123925613811e-05,"Tomato_30_1_26_Scenario_1A",26
459,477,6,1.5581,1.2504,-10.5926,1.5549,1.2224,-10.7906,0.1887,0.199995599951599,0.4314,0.3922,0.1961,14.7717,2,-22.2349,"Tomato_30_1",1.8e-05,0.1,8.77652254103279e-05,"Tomato_30_1_26_Scenario_1A",26
465,478,11,-2.5332,1.8633,-7.5512,-2.6848,1.9663,-7.6312,0.1887,0.199978898886858,0.4314,0.3922,0.1961,14.7941,2,-25.3943,"Tomato_30_1",1.8e-05,0.1,8.9642967381655e-05,"Tomato_30_1_26_Scenario_1A",26
462,479,2,1.2982,-2.9308,-10.2547,1.2739,-2.9747,-10.4482,0.1887,0.199899849924906,0.4314,0.3922,0.1961,14.821,2,-22.5773,"Tomato_30_1",1.8e-05,0.1,8.73136401926392e-05,"Tomato_30_1_26_Scenario_1A",26
464,480,1,-3.232,-4.9922,-10.0647,-3.3039,-4.954,-10.2474,0.1887,0.2000203489648,0.4314,0.3922,0.1961,14.8229,2,-22.7781,"Tomato_30_1",1.8e-05,0.1,8.03524384110807e-05,"Tomato_30_1_26_Scenario_1A",26
468,481,13,0.7917,-0.366,-8.3969,0.9301,-0.4591,-8.5072,0.1887,0.199970647846127,0.4314,0.3922,0.1961,14.8355,2,-24.5183,"Tomato_30_1",1.8e-05,0.1,9.17631438283275e-05,"Tomato_30_1_26_Scenario_1A",26
467,482,8,0.4949,-3.7455,-9.026,0.5205,-3.842,-9.1994,0.1887,0.200087905681479,0.4314,0.3922,0.1961,14.8396,2,-23.8261,"Tomato_30_1",1.8e-05,0.1,8.81147581661696e-05,"Tomato_30_1_26_Scenario_1A",26
474,483,12,-0.6542,-2.2405,-8.022,-0.727,-2.4116,-8.0954,0.1887,0.199906503145845,0.4314,0.3922,0.1961,14.8499,2,-24.9301,"Tomato_30_1",1.8e-05,0.1,9.04444476316415e-05,"Tomato_30_1_26_Scenario_1A",26
472,484,10,-2.6869,-0.5798,-9.2505,-2.7144,-0.6218,-9.4441,0.1887,0.200003024977124,0.4314,0.3922,0.1961,14.8508,2,-23.5814,"Tomato_30_1",1.8e-05,0.1,8.91550617784717e-05,"Tomato_30_1_26_Scenario_1A",26
469,485,4,2.1107,0.4123,-11.6598,2.1265,0.4029,-11.8589,0.1887,0.199947017982264,0.4314,0.3922,0.1961,14.8543,2,-21.1666,"Tomato_30_1",1.8e-05,0.1,8.58208088586197e-05,"Tomato_30_1_26_Scenario_1A",26
475,486,14,-0.5787,0.0555,-8.2216,-0.7703,0.105,-8.2505,0.1887,0.199990049752481,0.4314,0.3922,0.1961,14.8634,2,-24.775,"Tomato_30_1",1.8e-05,0.1,9.25669726624569e-05,"Tomato_30_1_26_Scenario_1A",26
471,487,5,-2.2885,-1.3943,-10.5046,-2.3041,-1.4313,-10.7006,0.1887,0.200070887437428,0.4314,0.3922,0.1961,14.8683,2,-22.3249,"Tomato_30_1",1.8e-05,0.1,8.64982088286697e-05,"Tomato_30_1_26_Scenario_1A",26
473,488,7,-2.9421,-3.3233,-8.6934,-3.0797,-3.3271,-8.8385,0.1887,0.200005524923688,0.4314,0.3922,0.1961,14.8706,2,-24.187,"Tomato_30_1",1.8e-05,0.1,8.78225974957726e-05,"Tomato_30_1_26_Scenario_1A",26
470,489,3,4.1657,3.2713,-8.6063,4.1665,3.3271,-8.7984,0.1887,0.20004172064847,0.4314,0.3922,0.1961,14.8742,2,-24.2271,"Tomato_30_1",1.8e-05,0.1,8.64963726717544e-05,"Tomato_30_1_26_Scenario_1A",26
476,490,9,3.0694,1.1783,-8.6038,3.1608,1.2109,-8.7787,0.1887,0.200016824292359,0.4314,0.3922,0.1961,14.8804,2,-24.2468,"Tomato_30_1",1.8e-05,0.1,8.88609700058825e-05,"Tomato_30_1_26_Scenario_1A",26
478,491,11,-2.6848,1.9663,-7.6312,-2.8436,2.0604,-7.708,0.1887,0.199926211388102,0.4314,0.3922,0.1961,14.8952,2,-25.3175,"Tomato_30_1",1.8e-05,0.1,8.9374120914707e-05,"Tomato_30_1_26_Scenario_1A",26
477,492,6,1.5549,1.2224,-10.7906,1.5489,1.1992,-10.9892,0.1887,0.200040495900206,0.4314,0.3922,0.1961,14.8996,2,-22.0363,"Tomato_30_1",1.8e-05,0.1,8.75760017183834e-05,"Tomato_30_1_26_Scenario_1A",26
98,493,0,-0.5878,0.1103,-18.4884,-0.5775,0.1089,-18.6881,0.1887,0.199970347801868,0.4314,0.3922,0.1961,14.9317,1,-14.3374,"Tomato_30_1",1.8e-05,0.1,9.43179391120891e-05,"Tomato_30_1_26_Scenario_1A",26
481,494,13,0.9301,-0.4591,-8.5072,1.0499,-0.5468,-8.6412,0.1887,0.199998324992986,0.4314,0.3922,0.1961,14.9457,2,-24.3843,"Tomato_30_1",1.8e-05,0.1,9.15286915001177e-05,"Tomato_30_1_26_Scenario_1A",26
483,495,12,-0.727,-2.4116,-8.0954,-0.7941,-2.5676,-8.2011,0.1887,0.200027248143847,0.4314,0.3922,0.1961,14.9494,2,-24.8244,"Tomato_30_1",1.8e-05,0.1,9.02549009485529e-05,"Tomato_30_1_26_Scenario_1A",26
482,496,8,0.5205,-3.842,-9.1994,0.5505,-3.935,-9.3738,0.1887,0.199910880144127,0.4314,0.3922,0.1961,14.9572,2,-23.6517,"Tomato_30_1",1.8e-05,0.1,8.78138698537149e-05,"Tomato_30_1_26_Scenario_1A",26
480,497,1,-3.3039,-4.954,-10.2474,-3.3406,-4.8759,-10.4278,0.1887,0.199976648636783,0.4314,0.3922,0.1961,14.959,2,-22.5977,"Tomato_30_1",1.8e-05,0.1,8.01517850471479e-05,"Tomato_30_1_26_Scenario_1A",26
484,498,10,-2.7144,-0.6218,-9.4441,-2.804,-0.6668,-9.6171,0.1887,0.199955395025991,0.4314,0.3922,0.1961,14.9602,2,-23.4084,"Tomato_30_1",1.8e-05,0.1,8.8904040790443e-05,"Tomato_30_1_26_Scenario_1A",26
486,499,14,-0.7703,0.105,-8.2505,-0.9627,0.1522,-8.278,0.1887,0.200004624946525,0.4314,0.3922,0.1961,14.972,2,-24.7475,"Tomato_30_1",1.8e-05,0.1,9.23164393493097e-05,"Tomato_30_1_26_Scenario_1A",26
479,500,2,1.2739,-2.9747,-10.4482,1.2559,-3.0201,-10.6422,0.1887,0.200052893005826,0.4314,0.3922,0.1961,14.9763,2,-22.3833,"Tomato_30_1",1.8e-05,0.1,8.72086579946182e-05,"Tomato_30_1_26_Scenario_1A",26
485,501,4,2.1265,0.4029,-11.8589,2.1257,0.4155,-12.0585,0.1887,0.199998899996975,0.4314,0.3922,0.1961,14.9822,2,-20.967,"Tomato_30_1",1.8e-05,0.1,8.56327799741533e-05,"Tomato_30_1_26_Scenario_1A",26
488,502,7,-3.0797,-3.3271,-8.8385,-3.2518,-3.326,-8.9404,0.1887,0.200008074836993,0.4314,0.3922,0.1961,14.9938,2,-24.0851,"Tomato_30_1",1.8e-05,0.1,8.76083634473476e-05,"Tomato_30_1_26_Scenario_1A",26
487,503,5,-2.3041,-1.4313,-10.7006,-2.3201,-1.4543,-10.8986,0.1887,0.199972498109115,0.4314,0.3922,0.1961,14.9955,2,-22.1269,"Tomato_30_1",1.8e-05,0.1,8.62338825226237e-05,"Tomato_30_1_26_Scenario_1A",26
491,504,11,-2.8436,2.0604,-7.708,-2.9904,2.1729,-7.7842,0.1887,0.200032322388158,0.4314,0.3922,0.1961,14.9971,2,-25.2413,"Tomato_30_1",1.8e-05,0.1,8.91769279095939e-05,"Tomato_30_1_26_Scenario_1A",26
490,505,9,3.1608,1.2109,-8.7787,3.2347,1.267,-8.9558,0.1887,0.199932063461566,0.4314,0.3922,0.1961,15.0022,2,-24.0697,"Tomato_30_1",1.8e-05,0.1,8.85915816950825e-05,"Tomato_30_1_26_Scenario_1A",26
489,506,3,4.1665,3.3271,-8.7984,4.1689,3.3802,-8.9912,0.1887,0.199993024878367,0.4314,0.3922,0.1961,15.0169,2,-24.0343,"Tomato_30_1",1.8e-05,0.1,8.62813057647574e-05,"Tomato_30_1_26_Scenario_1A",26
492,507,6,1.5489,1.1992,-10.9892,1.5225,1.1868,-11.1871,0.1887,0.200037821423849,0.4314,0.3922,0.1961,15.0286,2,-21.8384,"Tomato_30_1",1.8e-05,0.1,8.7366633786853e-05,"Tomato_30_1_26_Scenario_1A",26
495,508,12,-0.7941,-2.5676,-8.2011,-0.9047,-2.7093,-8.2888,0.1887,0.200006349899197,0.4314,0.3922,0.1961,15.0496,2,-24.7367,"Tomato_30_1",1.8e-05,0.1,9.00020305266695e-05,"Tomato_30_1_26_Scenario_1A",26
36,509,15,-0.2114,-0.0528,-8.5187,-0.0474,-0.1381,-8.5952,0.1887,0.200060840746009,0.4314,0.3922,0.1961,15.0515,2,-24.4303,"Tomato_30_1",1.8e-05,0.1,9.29554338137802e-05,"Tomato_30_1_26_Scenario_1A",26
494,510,13,1.0499,-0.5468,-8.6412,1.1703,-0.6346,-8.7747,0.1887,0.200068113401411,0.4314,0.3922,0.1961,15.0567,2,-24.2508,"Tomato_30_1",1.8e-05,0.1,9.13141123769632e-05,"Tomato_30_1_26_Scenario_1A",26
498,511,10,-2.804,-0.6668,-9.6171,-2.9088,-0.7479,-9.7669,0.1887,0.200000724998685,0.4314,0.3922,0.1961,15.0706,2,-23.2586,"Tomato_30_1",1.8e-05,0.1,8.86951145242873e-05,"Tomato_30_1_26_Scenario_1A",26
496,512,8,0.5505,-3.935,-9.3738,0.6348,-4.0575,-9.5076,0.1887,0.200037946400177,0.4314,0.3922,0.1961,15.0759,2,-23.5179,"Tomato_30_1",1.8e-05,0.1,8.76473920798804e-05,"Tomato_30_1_26_Scenario_1A",26
499,513,14,-0.9627,0.1522,-8.278,-1.1545,0.201,-8.2495,0.1887,0.199952319316381,0.4314,0.3922,0.1961,15.0812,2,-24.776,"Tomato_30_1",1.8e-05,0.1,9.20358962571317e-05,"Tomato_30_1_26_Scenario_1A",26
497,514,1,-3.3406,-4.8759,-10.4278,-3.3709,-4.7963,-10.6087,0.1887,0.199947643146901,0.4314,0.3922,0.1961,15.0963,2,-22.4168,"Tomato_30_1",1.8e-05,0.1,7.99578052352673e-05,"Tomato_30_1_26_Scenario_1A",26
504,515,11,-2.9904,2.1729,-7.7842,-3.1634,2.2718,-7.8017,0.1887,0.200041145767565,0.4314,0.3922,0.1961,15.0997,2,-25.2238,"Tomato_30_1",1.8e-05,0.1,8.89369134388253e-05,"Tomato_30_1_26_Scenario_1A",26
501,516,4,2.1257,0.4155,-12.0585,2.1231,0.4796,-12.248,0.1887,0.200064539586603,0.4314,0.3922,0.1961,15.1111,2,-20.7775,"Tomato_30_1",1.8e-05,0.1,8.54511876114576e-05,"Tomato_30_1_26_Scenario_1A",26
502,517,7,-3.2518,-3.326,-8.9404,-3.4268,-3.3237,-9.0373,0.1887,0.200049743813883,0.4314,0.3922,0.1961,15.118,2,-23.9882,"Tomato_30_1",1.8e-05,0.1,8.74119412900684e-05,"Tomato_30_1_26_Scenario_1A",26
503,518,5,-2.3201,-1.4543,-10.8986,-2.3282,-1.477,-11.0971,0.1887,0.199957870562776,0.4314,0.3922,0.1961,15.1236,2,-21.9284,"Tomato_30_1",1.8e-05,0.1,8.6006600665198e-05,"Tomato_30_1_26_Scenario_1A",26
505,519,9,3.2347,1.267,-8.9558,3.3028,1.312,-9.1384,0.1887,0.200013424549454,0.4314,0.3922,0.1961,15.1248,2,-23.8871,"Tomato_30_1",1.8e-05,0.1,8.83965657445077e-05,"Tomato_30_1_26_Scenario_1A",26
500,520,2,1.2559,-3.0201,-10.6422,1.2377,-3.0659,-10.836,0.1887,0.199968297487376,0.4314,0.3922,0.1961,15.1336,2,-22.1895,"Tomato_30_1",1.8e-05,0.1,8.70007383828082e-05,"Tomato_30_1_26_Scenario_1A",26
509,521,15,-0.0474,-0.1381,-8.5952,0.095,-0.2376,-8.6943,0.1887,0.199997049978243,0.4314,0.3922,0.1961,15.1414,2,-24.3312,"Tomato_30_1",1.8e-05,0.1,9.26558721765067e-05,"Tomato_30_1_26_Scenario_1A",26
508,522,12,-0.9047,-2.7093,-8.2888,-1.0146,-2.8504,-8.3783,0.1887,0.199993674899983,0.4314,0.3922,0.1961,15.1506,2,-24.6472,"Tomato_30_1",1.8e-05,0.1,8.97536901222366e-05,"Tomato_30_1_26_Scenario_1A",26
99,523,0,-0.5775,0.1089,-18.6881,-0.5556,0.0975,-18.8831,0.1887,0.196556785688004,0.4314,0.3922,0.1961,15.1551,1,-14.1424,"Tomato_30_1",1.8e-05,0.1,9.20228809397778e-05,"Tomato_30_1_26_Scenario_1A",26
507,524,6,1.5225,1.1868,-11.1871,1.5326,1.1658,-11.3857,0.1887,0.199962421469636,0.4314,0.3922,0.1961,15.1588,2,-21.6398,"Tomato_30_1",1.8e-05,0.1,8.71263704173479e-05,"Tomato_30_1_26_Scenario_1A",26
506,525,3,4.1689,3.3802,-8.9912,4.1972,3.3974,-9.1884,0.1887,0.199961421279206,0.4314,0.3922,0.1961,15.161,2,-23.8371,"Tomato_30_1",1.8e-05,0.1,8.60744659681998e-05,"Tomato_30_1_26_Scenario_1A",26
510,526,13,1.1703,-0.6346,-8.7747,1.2929,-0.7202,-8.9075,0.1887,0.199984899429933,0.4314,0.3922,0.1961,15.1686,2,-24.118,"Tomato_30_1",1.8e-05,0.1,9.1030504822928e-05,"Tomato_30_1_26_Scenario_1A",26
511,527,10,-2.9088,-0.7479,-9.7669,-3.0177,-0.826,-9.9154,0.1887,0.200027673085501,0.4314,0.3922,0.1961,15.1819,2,-23.1101,"Tomato_30_1",1.8e-05,0.1,8.84786694683403e-05,"Tomato_30_1_26_Scenario_1A",26
513,528,14,-1.1545,0.201,-8.2495,-1.3493,0.2345,-8.2192,0.1887,0.199968447511101,0.4314,0.3922,0.1961,15.1912,2,-24.8063,"Tomato_30_1",1.8e-05,0.1,9.17877075843815e-05,"Tomato_30_1_26_Scenario_1A",26
512,529,8,0.6348,-4.0575,-9.5076,0.6996,-4.1923,-9.6404,0.1887,0.20001479945244,0.4314,0.3922,0.1961,15.1955,2,-23.3851,"Tomato_30_1",1.8e-05,0.1,8.74156727590483e-05,"Tomato_30_1_26_Scenario_1A",26
515,530,11,-3.1634,2.2718,-7.8017,-3.3375,2.3693,-7.8146,0.1887,0.199958670729728,0.4314,0.3922,0.1961,15.2031,2,-25.2109,"Tomato_30_1",1.8e-05,0.1,8.86572019758635e-05,"Tomato_30_1_26_Scenario_1A",26
521,531,15,0.095,-0.2376,-8.6943,0.2385,-0.3314,-8.7973,0.1887,0.199999224998498,0.4314,0.3922,0.1961,15.2319,2,-24.2282,"Tomato_30_1",1.8e-05,0.1,9.23877873518798e-05,"Tomato_30_1_26_Scenario_1A",26
514,532,1,-3.3709,-4.7963,-10.6087,-3.4075,-4.7033,-10.782,0.1887,0.200053617812825,0.4314,0.3922,0.1961,15.2349,2,-22.2435,"Tomato_30_1",1.8e-05,0.1,7.98183807337715e-05,"Tomato_30_1_26_Scenario_1A",26
516,533,4,2.1231,0.4796,-12.248,2.1071,0.533,-12.44,0.1887,0.19992888735748,0.4314,0.3922,0.1961,15.2412,2,-20.5855,"Tomato_30_1",1.8e-05,0.1,8.51844588706815e-05,"Tomato_30_1_26_Scenario_1A",26
517,534,7,-3.4268,-3.3237,-9.0373,-3.6006,-3.3202,-9.1361,0.1887,0.199950318829454,0.4314,0.3922,0.1961,15.2432,2,-23.8894,"Tomato_30_1",1.8e-05,0.1,8.71547067760805e-05,"Tomato_30_1_26_Scenario_1A",26
519,535,9,3.3028,1.312,-9.1384,3.3773,1.3599,-9.3178,0.1887,0.200072536846014,0.4314,0.3922,0.1961,15.2483,2,-23.7077,"Tomato_30_1",1.8e-05,0.1,8.81922284176345e-05,"Tomato_30_1_26_Scenario_1A",26
522,536,12,-1.0146,-2.8504,-8.3783,-1.115,-2.998,-8.4686,0.1887,0.200050018745313,0.4314,0.3922,0.1961,15.2524,2,-24.5569,"Tomato_30_1",1.8e-05,0.1,8.95370112548029e-05,"Tomato_30_1_26_Scenario_1A",26
518,537,5,-2.3282,-1.477,-11.0971,-2.3377,-1.4965,-11.2959,0.1887,0.199979848984842,0.4314,0.3922,0.1961,15.2526,2,-21.7296,"Tomato_30_1",1.8e-05,0.1,8.57957857732912e-05,"Tomato_30_1_26_Scenario_1A",26
526,538,13,1.2929,-0.7202,-8.9075,1.46,-0.7893,-8.9929,0.1887,0.19997594855382,0.4314,0.3922,0.1961,15.2813,2,-24.0326,"Tomato_30_1",1.8e-05,0.1,9.07816476588673e-05,"Tomato_30_1_26_Scenario_1A",26
524,539,6,1.5326,1.1658,-11.3857,1.5427,1.1453,-11.5844,0.1887,0.200009874756224,0.4314,0.3922,0.1961,15.2902,2,-21.4411,"Tomato_30_1",1.8e-05,0.1,8.69404232560328e-05,"Tomato_30_1_26_Scenario_1A",26
520,540,2,1.2377,-3.0659,-10.836,1.2194,-3.1117,-11.0298,0.1887,0.199977423725779,0.4314,0.3922,0.1961,15.2927,2,-21.9957,"Tomato_30_1",1.8e-05,0.1,8.68344339892887e-05,"Tomato_30_1_26_Scenario_1A",26
527,541,10,-3.0177,-0.826,-9.9154,-3.1198,-0.9336,-10.0496,0.1887,0.200029522821008,0.4314,0.3922,0.1961,15.2941,2,-22.9759,"Tomato_30_1",1.8e-05,0.1,8.82518287748748e-05,"Tomato_30_1_26_Scenario_1A",26
528,542,14,-1.3493,0.2345,-8.2192,-1.5395,0.2937,-8.201,0.1887,0.200029797780231,0.4314,0.3922,0.1961,15.3019,2,-24.8245,"Tomato_30_1",1.8e-05,0.1,9.15609114915569e-05,"Tomato_30_1_26_Scenario_1A",26
525,543,3,4.1972,3.3974,-9.1884,4.2478,3.4061,-9.3817,0.1887,0.200002349986195,0.4314,0.3922,0.1961,15.3064,2,-23.6438,"Tomato_30_1",1.8e-05,0.1,8.58995693896899e-05,"Tomato_30_1_26_Scenario_1A",26
530,544,11,-3.3375,2.3693,-7.8146,-3.4945,2.4832,-7.8634,0.1887,0.200009124791846,0.4314,0.3922,0.1961,15.3073,2,-25.1621,"Tomato_30_1",1.8e-05,0.1,8.84372436559894e-05,"Tomato_30_1_26_Scenario_1A",26
529,545,8,0.6996,-4.1923,-9.6404,0.7619,-4.3363,-9.7645,0.1887,0.200045244882251,0.4314,0.3922,0.1961,15.3161,2,-23.261,"Tomato_30_1",1.8e-05,0.1,8.72081102249263e-05,"Tomato_30_1_26_Scenario_1A",26
531,546,15,0.2385,-0.3314,-8.7973,0.3803,-0.4251,-8.9028,0.1887,0.200042945389234,0.4314,0.3922,0.1961,15.3231,2,-24.1227,"Tomato_30_1",1.8e-05,0.1,9.21395903767315e-05,"Tomato_30_1_26_Scenario_1A",26
536,547,12,-1.115,-2.998,-8.4686,-1.2182,-3.1425,-8.5607,0.1887,0.200032247400263,0.4314,0.3922,0.1961,15.355,2,-24.4648,"Tomato_30_1",1.8e-05,0.1,8.92878549645754e-05,"Tomato_30_1_26_Scenario_1A",26
534,548,7,-3.6006,-3.3202,-9.1361,-3.7744,-3.3269,-9.2348,0.1887,0.199982549238677,0.4314,0.3922,0.1961,15.3695,2,-23.7907,"Tomato_30_1",1.8e-05,0.1,8.69557101966212e-05,"Tomato_30_1_26_Scenario_1A",26
533,549,4,2.1071,0.533,-12.44,2.0924,0.5861,-12.6323,0.1887,0.20003747148972,0.4314,0.3922,0.1961,15.3723,2,-20.3932,"Tomato_30_1",1.8e-05,0.1,8.50225628029115e-05,"Tomato_30_1_26_Scenario_1A",26
535,550,9,3.3773,1.3599,-9.3178,3.4622,1.404,-9.4934,0.1887,0.199970447816671,0.4314,0.3922,0.1961,15.3728,2,-23.5321,"Tomato_30_1",1.8e-05,0.1,8.79176602181647e-05,"Tomato_30_1_26_Scenario_1A",26
532,551,1,-3.4075,-4.7033,-10.782,-3.4431,-4.6146,-10.9577,0.1887,0.200013849520477,0.4314,0.3922,0.1961,15.3749,2,-22.0678,"Tomato_30_1",1.8e-05,0.1,7.96213981085768e-05,"Tomato_30_1_26_Scenario_1A",26
537,552,5,-2.3377,-1.4965,-11.2959,-2.3507,-1.5003,-11.4955,0.1887,0.200058991300067,0.4314,0.3922,0.1961,15.3825,2,-21.53,"Tomato_30_1",1.8e-05,0.1,8.56100611238045e-05,"Tomato_30_1_26_Scenario_1A",26
100,553,0,-0.5556,0.0975,-18.8831,-0.534,0.0867,-19.0816,0.1887,0.199963621691549,0.4314,0.3922,0.1961,15.3838,1,-13.9439,"Tomato_30_1",1.8e-05,0.1,8.79087268768252e-05,"Tomato_30_1_26_Scenario_1A",26
538,554,13,1.46,-0.7893,-8.9929,1.5974,-0.8225,-9.1344,0.1887,0.200008124834967,0.4314,0.3922,0.1961,15.3948,2,-23.8911,"Tomato_30_1",1.8e-05,0.1,9.05521930692439e-05,"Tomato_30_1_26_Scenario_1A",26
541,555,10,-3.1198,-0.9336,-10.0496,-3.1886,-1.0768,-10.1711,0.1887,0.200004824941799,0.4314,0.3922,0.1961,15.4072,2,-22.8544,"Tomato_30_1",1.8e-05,0.1,8.80140678567215e-05,"Tomato_30_1_26_Scenario_1A",26
544,556,11,-3.4945,2.4832,-7.8634,-3.6692,2.5744,-7.8976,0.1887,0.200017924196808,0.4314,0.3922,0.1961,15.4122,2,-25.1279,"Tomato_30_1",1.8e-05,0.1,8.81995143877723e-05,"Tomato_30_1_26_Scenario_1A",26
542,557,14,-1.5395,0.2937,-8.201,-1.7319,0.3482,-8.1967,0.1887,0.200016249339897,0.4314,0.3922,0.1961,15.4133,2,-24.8288,"Tomato_30_1",1.8e-05,0.1,9.13005218157157e-05,"Tomato_30_1_26_Scenario_1A",26
546,558,15,0.3803,-0.4251,-8.9028,0.5346,-0.52,-8.9874,0.1887,0.199929137446246,0.4314,0.3922,0.1961,15.4148,2,-24.0381,"Tomato_30_1",1.8e-05,0.1,9.18197630501093e-05,"Tomato_30_1_26_Scenario_1A",26
539,559,6,1.5427,1.1453,-11.5844,1.5358,1.1077,-11.7807,0.1887,0.199987649618669,0.4314,0.3922,0.1961,15.4227,2,-21.2448,"Tomato_30_1",1.8e-05,0.1,8.67248911764809e-05,"Tomato_30_1_26_Scenario_1A",26
545,560,8,0.7619,-4.3363,-9.7645,0.8427,-4.4831,-9.8736,0.1887,0.199954219760425,0.4314,0.3922,0.1961,15.4378,2,-23.1519,"Tomato_30_1",1.8e-05,0.1,8.69484380380275e-05,"Tomato_30_1_26_Scenario_1A",26
543,561,3,4.2478,3.4061,-9.3817,4.293,3.4138,-9.5764,0.1887,0.200026048303714,0.4314,0.3922,0.1961,15.4533,2,-23.4491,"Tomato_30_1",1.8e-05,0.1,8.57179125808946e-05,"Tomato_30_1_26_Scenario_1A",26
540,562,2,1.2194,-3.1117,-11.0298,1.1968,-3.156,-11.2236,0.1887,0.200079209314711,0.4314,0.3922,0.1961,15.4539,2,-21.8019,"Tomato_30_1",1.8e-05,0.1,8.6708964349521e-05,"Tomato_30_1_26_Scenario_1A",26
547,563,12,-1.2182,-3.1425,-8.5607,-1.3252,-3.2847,-8.6519,0.1887,0.199968197471497,0.4314,0.3922,0.1961,15.4584,2,-24.3736,"Tomato_30_1",1.8e-05,0.1,8.90189514371217e-05,"Tomato_30_1_26_Scenario_1A",26
548,564,7,-3.7744,-3.3269,-9.2348,-3.9462,-3.3201,-9.3371,0.1887,0.200066913806356,0.4314,0.3922,0.1961,15.4969,2,-23.6884,"Tomato_30_1",1.8e-05,0.1,8.67799387714282e-05,"Tomato_30_1_26_Scenario_1A",26
550,565,9,3.4622,1.404,-9.4934,3.5299,1.4398,-9.6782,0.1887,0.200039921015782,0.4314,0.3922,0.1961,15.4981,2,-23.3473,"Tomato_30_1",1.8e-05,0.1,8.77193269803e-05,"Tomato_30_1_26_Scenario_1A",26
549,566,4,2.0924,0.5861,-12.6323,2.0822,0.639,-12.8249,0.1887,0.199993024878368,0.4314,0.3922,0.1961,15.5046,2,-20.2006,"Tomato_30_1",1.8e-05,0.1,8.47962491243935e-05,"Tomato_30_1_26_Scenario_1A",26
558,567,15,0.5346,-0.52,-8.9874,0.6455,-0.5922,-9.1374,0.1887,0.200029122879645,0.4314,0.3922,0.1961,15.5072,2,-23.8881,"Tomato_30_1",1.8e-05,0.1,9.15989346715868e-05,"Tomato_30_1_26_Scenario_1A",26
554,568,13,1.5974,-0.8225,-9.1344,1.714,-0.8696,-9.2899,0.1887,0.199985549477956,0.4314,0.3922,0.1961,15.5092,2,-23.7356,"Tomato_30_1",1.8e-05,0.1,9.02987053774551e-05,"Tomato_30_1_26_Scenario_1A",26
552,569,5,-2.3507,-1.5003,-11.4955,-2.3273,-1.5085,-11.6939,0.1887,0.199943391988832,0.4314,0.3922,0.1961,15.5134,2,-21.3316,"Tomato_30_1",1.8e-05,0.1,8.53417922612584e-05,"Tomato_30_1_26_Scenario_1A",26
551,570,1,-3.4431,-4.6146,-10.9577,-3.4855,-4.5157,-11.1262,0.1887,0.199928037053336,0.4314,0.3922,0.1961,15.5163,2,-21.8993,"Tomato_30_1",1.8e-05,0.1,7.94069360880552e-05,"Tomato_30_1_26_Scenario_1A",26
556,571,11,-3.6692,2.5744,-7.8976,-3.8447,2.664,-7.9319,0.1887,0.200012249624867,0.4314,0.3922,0.1961,15.518,2,-25.0936,"Tomato_30_1",1.8e-05,0.1,8.79561500488316e-05,"Tomato_30_1_26_Scenario_1A",26
555,572,10,-3.1886,-1.0768,-10.1711,-3.2672,-1.2287,-10.2748,0.1887,0.200013149567723,0.4314,0.3922,0.1961,15.5213,2,-22.7507,"Tomato_30_1",1.8e-05,0.1,8.77916181358074e-05,"Tomato_30_1_26_Scenario_1A",26
557,573,14,-1.7319,0.3482,-8.1967,-1.9236,0.4038,-8.2091,0.1887,0.199985024439331,0.4314,0.3922,0.1961,15.5254,2,-24.8164,"Tomato_30_1",1.8e-05,0.1,9.10329281059178e-05,"Tomato_30_1_26_Scenario_1A",26
39,574,16,-0.2335,-0.0849,-8.9351,-0.2101,0.0853,-9.0375,0.1887,0.2000033999711,0.4314,0.3922,0.1961,15.5375,2,-23.988,"Tomato_30_1",1.8e-05,0.1,9.27423169194982e-05,"Tomato_30_1_26_Scenario_1A",26
559,575,6,1.5358,1.1077,-11.7807,1.5294,1.0724,-11.9775,0.1887,0.200043220330007,0.4314,0.3922,0.1961,15.5564,2,-21.048,"Tomato_30_1",1.8e-05,0.1,8.65437845173318e-05,"Tomato_30_1_26_Scenario_1A",26
560,576,8,0.8427,-4.4831,-9.8736,0.9259,-4.628,-9.9835,0.1887,0.199990649781433,0.4314,0.3922,0.1961,15.5605,2,-23.042,"Tomato_30_1",1.8e-05,0.1,8.67450210269525e-05,"Tomato_30_1_26_Scenario_1A",26
563,577,12,-1.3252,-3.2847,-8.6519,-1.488,-3.3827,-8.7144,0.1887,0.200035221898545,0.4314,0.3922,0.1961,15.5627,2,-24.3111,"Tomato_30_1",1.8e-05,0.1,8.88091525592737e-05,"Tomato_30_1_26_Scenario_1A",26
567,578,15,0.6455,-0.5922,-9.1374,0.7534,-0.6686,-9.2874,0.1887,0.199948418348333,0.4314,0.3922,0.1961,15.6002,2,-23.7381,"Tomato_30_1",1.8e-05,0.1,9.12961061961465e-05,"Tomato_30_1_26_Scenario_1A",26
561,579,3,4.293,3.4138,-9.5764,4.335,3.4146,-9.7719,0.1887,0.19996222143195,0.4314,0.3922,0.1961,15.6016,2,-23.2536,"Tomato_30_1",1.8e-05,0.1,8.54995374701049e-05,"Tomato_30_1_26_Scenario_1A",26
101,580,0,-0.534,0.0867,-19.0816,-0.5242,0.0697,-19.2772,0.1887,0.196581789594051,0.4314,0.3922,0.1961,15.6097,1,-13.7483,"Tomato_30_1",1.8e-05,0.1,9.33997199321815e-05,"Tomato_30_1_26_Scenario_1A",26
562,581,2,1.1968,-3.156,-11.2236,1.1845,-3.2063,-11.4167,0.1887,0.19992245996886,0.4314,0.3922,0.1961,15.6171,2,-21.6088,"Tomato_30_1",1.8e-05,0.1,8.64722620996164e-05,"Tomato_30_1_26_Scenario_1A",26
565,582,9,3.5299,1.4398,-9.6782,3.5915,1.4731,-9.8655,0.1887,0.19996184636075,0.4314,0.3922,0.1961,15.6244,2,-23.16,"Tomato_30_1",1.8e-05,0.1,8.74570559264519e-05,"Tomato_30_1_26_Scenario_1A",26
568,583,13,1.714,-0.8696,-9.2899,1.8279,-0.8963,-9.4521,0.1887,0.199987349599919,0.4314,0.3922,0.1961,15.6244,2,-23.5734,"Tomato_30_1",1.8e-05,0.1,9.00570325321289e-05,"Tomato_30_1_26_Scenario_1A",26
571,584,11,-3.8447,2.664,-7.9319,-4.0305,2.7172,-7.9834,0.1887,0.2000103247335,0.4314,0.3922,0.1961,15.6246,2,-25.0421,"Tomato_30_1",1.8e-05,0.1,8.7715199305154e-05,"Tomato_30_1_26_Scenario_1A",26
564,585,7,-3.9462,-3.3201,-9.3371,-4.133,-3.2959,-9.4044,0.1887,0.200022923686262,0.4314,0.3922,0.1961,15.6254,2,-23.6211,"Tomato_30_1",1.8e-05,0.1,8.65491694999043e-05,"Tomato_30_1_26_Scenario_1A",26
574,586,16,-0.2101,0.0853,-9.0375,-0.2046,0.2522,-9.1475,0.1887,0.199964646875392,0.4314,0.3922,0.1961,15.6361,2,-23.878,"Tomato_30_1",1.8e-05,0.1,9.24551451182069e-05,"Tomato_30_1_26_Scenario_1A",26
572,587,10,-3.2672,-1.2287,-10.2748,-3.3117,-1.3835,-10.3933,0.1887,0.199963846732353,0.4314,0.3922,0.1961,15.6365,2,-22.6322,"Tomato_30_1",1.8e-05,0.1,8.75446927114612e-05,"Tomato_30_1_26_Scenario_1A",26
566,588,4,2.0822,0.639,-12.8249,2.0663,0.721,-13.0066,0.1887,0.199979248923483,0.4314,0.3922,0.1961,15.6381,2,-20.0189,"Tomato_30_1",1.8e-05,0.1,8.45837540381578e-05,"Tomato_30_1_26_Scenario_1A",26
573,589,14,-1.9236,0.4038,-8.2091,-2.1171,0.4524,-8.2231,0.1887,0.200000524999311,0.4314,0.3922,0.1961,15.6382,2,-24.8024,"Tomato_30_1",1.8e-05,0.1,9.07874107910963e-05,"Tomato_30_1_26_Scenario_1A",26
569,590,5,-2.3273,-1.5085,-11.6939,-2.3063,-1.5108,-11.8928,0.1887,0.200018749121176,0.4314,0.3922,0.1961,15.6453,2,-21.1327,"Tomato_30_1",1.8e-05,0.1,8.51558241117273e-05,"Tomato_30_1_26_Scenario_1A",26
570,591,1,-3.4855,-4.5157,-11.1262,-3.5411,-4.4286,-11.2975,0.1887,0.200053642806122,0.4314,0.3922,0.1961,15.659,2,-21.728,"Tomato_30_1",1.8e-05,0.1,7.92770690633304e-05,"Tomato_30_1_26_Scenario_1A",26
577,592,12,-1.488,-3.3827,-8.7144,-1.6207,-3.4965,-8.8114,0.1887,0.199921809715699,0.4314,0.3922,0.1961,15.6678,2,-24.2141,"Tomato_30_1",1.8e-05,0.1,8.85200865446871e-05,"Tomato_30_1_26_Scenario_1A",26
576,593,8,0.9259,-4.628,-9.9835,1.0205,-4.7747,-10.0811,0.1887,0.199989524725672,0.4314,0.3922,0.1961,15.6843,2,-22.9444,"Tomato_30_1",1.8e-05,0.1,8.65259969985636e-05,"Tomato_30_1_26_Scenario_1A",26
575,594,6,1.5294,1.0724,-11.9775,1.5168,1.0365,-12.1738,0.1887,0.199953144511409,0.4314,0.3922,0.1961,15.6913,2,-20.8517,"Tomato_30_1",1.8e-05,0.1,8.63004589830685e-05,"Tomato_30_1_26_Scenario_1A",26
578,595,15,0.7534,-0.6686,-9.2874,0.8708,-0.7534,-9.4254,0.1887,0.200044495050476,0.4314,0.3922,0.1961,15.6939,2,-23.6001,"Tomato_30_1",1.8e-05,0.1,9.10747448133917e-05,"Tomato_30_1_26_Scenario_1A",26
584,596,11,-4.0305,2.7172,-7.9834,-4.1946,2.784,-8.0761,0.1887,0.199960846167444,0.4314,0.3922,0.1961,15.732,2,-24.9494,"Tomato_30_1",1.8e-05,0.1,8.74542348208854e-05,"Tomato_30_1_26_Scenario_1A",26
586,597,16,-0.2046,0.2522,-9.1475,-0.2059,0.4254,-9.2476,0.1887,0.200049843788991,0.4314,0.3922,0.1961,15.7354,2,-23.7779,"Tomato_30_1",1.8e-05,0.1,9.22259783703489e-05,"Tomato_30_1_26_Scenario_1A",26
583,598,13,1.8279,-0.8963,-9.4521,1.9509,-0.9181,-9.6084,0.1887,0.200084807019424,0.4314,0.3922,0.1961,15.7405,2,-23.4171,"Tomato_30_1",1.8e-05,0.1,8.98590242855837e-05,"Tomato_30_1_26_Scenario_1A",26
579,599,3,4.335,3.4146,-9.7719,4.3792,3.4306,-9.9663,0.1887,0.200002499984375,0.4314,0.3922,0.1961,15.7514,2,-23.0592,"Tomato_30_1",1.8e-05,0.1,8.53264392857288e-05,"Tomato_30_1_26_Scenario_1A",26
582,600,9,3.5915,1.4731,-9.8655,3.6565,1.5168,-10.0495,0.1887,0.199976723645528,0.4314,0.3922,0.1961,15.7516,2,-22.976,"Tomato_30_1",1.8e-05,0.1,8.72362937428743e-05,"Tomato_30_1_26_Scenario_1A",26
589,601,14,-2.1171,0.4524,-8.2231,-2.3128,0.4883,-8.2435,0.1887,0.200008649812952,0.4314,0.3922,0.1961,15.7518,2,-24.782,"Tomato_30_1",1.8e-05,0.1,9.05392756627964e-05,"Tomato_30_1_26_Scenario_1A",26
587,602,10,-3.3117,-1.3835,-10.3933,-3.3922,-1.5205,-10.5147,0.1887,0.199968022443589,0.4314,0.3922,0.1961,15.7526,2,-22.5108,"Tomato_30_1",1.8e-05,0.1,8.73220037470619e-05,"Tomato_30_1_26_Scenario_1A",26
585,603,7,-4.133,-3.2959,-9.4044,-4.3198,-3.2741,-9.4724,0.1887,0.199983699335721,0.4314,0.3922,0.1961,15.755,2,-23.5531,"Tomato_30_1",1.8e-05,0.1,8.63213332399991e-05,"Tomato_30_1_26_Scenario_1A",26
588,604,4,2.0663,0.721,-13.0066,2.0369,0.7601,-13.2006,0.1887,0.200072911709706,0.4314,0.3922,0.1961,15.7727,2,-19.8249,"Tomato_30_1",1.8e-05,0.1,8.44173002229544e-05,"Tomato_30_1_26_Scenario_1A",26
592,605,12,-1.6207,-3.4965,-8.8114,-1.7716,-3.5877,-8.9059,0.1887,0.20004624465358,0.4314,0.3922,0.1961,15.7737,2,-24.1196,"Tomato_30_1",1.8e-05,0.1,8.8337069270041e-05,"Tomato_30_1_26_Scenario_1A",26
590,606,5,-2.3063,-1.5108,-11.8928,-2.293,-1.5068,-12.0923,0.1887,0.199982849264631,0.4314,0.3922,0.1961,15.7781,2,-20.9332,"Tomato_30_1",1.8e-05,0.1,8.49231516999295e-05,"Tomato_30_1_26_Scenario_1A",26
581,607,2,1.1845,-3.2063,-11.4167,1.1801,-3.2616,-11.6089,0.1887,0.200045719774255,0.4314,0.3922,0.1961,15.7823,2,-21.4166,"Tomato_30_1",1.8e-05,0.1,8.63574529718819e-05,"Tomato_30_1_26_Scenario_1A",26
595,608,15,0.8708,-0.7534,-9.4254,0.9698,-0.8586,-9.5637,0.1887,0.199987324598336,0.4314,0.3922,0.1961,15.7882,2,-23.4618,"Tomato_30_1",1.8e-05,0.1,9.07843141323143e-05,"Tomato_30_1_26_Scenario_1A",26
591,609,1,-3.5411,-4.4286,-11.2975,-3.5948,-4.3418,-11.4695,0.1887,0.2000048249418,0.4314,0.3922,0.1961,15.8032,2,-21.556,"Tomato_30_1",1.8e-05,0.1,7.90786547893309e-05,"Tomato_30_1_26_Scenario_1A",26
593,610,8,1.0205,-4.7747,-10.0811,1.1117,-4.9222,-10.1807,0.1887,0.199984624408978,0.4314,0.3922,0.1961,15.8091,2,-22.8448,"Tomato_30_1",1.8e-05,0.1,8.63060879977456e-05,"Tomato_30_1_26_Scenario_1A",26
594,611,6,1.5168,1.0365,-12.1738,1.4661,0.9942,-12.3626,0.1887,0.200013049574272,0.4314,0.3922,0.1961,15.8275,2,-20.6629,"Tomato_30_1",1.8e-05,0.1,8.61226488445046e-05,"Tomato_30_1_26_Scenario_1A",26
597,612,16,-0.2059,0.4254,-9.2476,-0.2234,0.6117,-9.3181,0.1887,0.199960471093664,0.4314,0.3922,0.1961,15.8353,2,-23.7074,"Tomato_30_1",1.8e-05,0.1,9.19171277539765e-05,"Tomato_30_1_26_Scenario_1A",26
596,613,11,-4.1946,2.784,-8.0761,-4.3394,2.8582,-8.1924,0.1887,0.199995924958485,0.4314,0.3922,0.1961,15.8402,2,-24.8331,"Tomato_30_1",1.8e-05,0.1,8.72310244876601e-05,"Tomato_30_1_26_Scenario_1A",26
102,614,0,-0.5242,0.0697,-19.2772,-0.5121,0.0498,-19.4759,0.1887,0.200060265920046,0.4314,0.3922,0.1961,15.8407,1,-13.5496,"Tomato_30_1",1.8e-05,0.1,9.41010571588973e-05,"Tomato_30_1_26_Scenario_1A",26
598,615,13,1.9509,-0.9181,-9.6084,2.0719,-0.906,-9.7672,0.1887,0.200012124632484,0.4314,0.3922,0.1961,15.8575,2,-23.2583,"Tomato_30_1",1.8e-05,0.1,8.95853276333057e-05,"Tomato_30_1_26_Scenario_1A",26
601,616,14,-2.3128,0.4883,-8.2435,-2.5105,0.5103,-8.2645,0.1887,0.200025723345774,0.4314,0.3922,0.1961,15.8661,2,-24.761,"Tomato_30_1",1.8e-05,0.1,9.02959168952084e-05,"Tomato_30_1_26_Scenario_1A",26
602,617,10,-3.3922,-1.5205,-10.5147,-3.4982,-1.6329,-10.6417,0.1887,0.199996899975975,0.4314,0.3922,0.1961,15.8697,2,-22.3838,"Tomato_30_1",1.8e-05,0.1,8.71107912866115e-05,"Tomato_30_1_26_Scenario_1A",26
600,618,9,3.6565,1.5168,-10.0495,3.7102,1.5576,-10.2378,0.1887,0.200013049574272,0.4314,0.3922,0.1961,15.8799,2,-22.7877,"Tomato_30_1",1.8e-05,0.1,8.70255456127257e-05,"Tomato_30_1_26_Scenario_1A",26
605,619,12,-1.7716,-3.5877,-8.9059,-1.9089,-3.6643,-9.0294,0.1887,0.199927736945127,0.4314,0.3922,0.1961,15.8805,2,-23.9961,"Tomato_30_1",1.8e-05,0.1,8.80475154832286e-05,"Tomato_30_1_26_Scenario_1A",26
608,620,15,0.9698,-0.8586,-9.5637,1.0684,-0.9658,-9.7008,0.1887,0.200025523371393,0.4314,0.3922,0.1961,15.8831,2,-23.3247,"Tomato_30_1",1.8e-05,0.1,9.05379892034933e-05,"Tomato_30_1_26_Scenario_1A",26
603,621,7,-4.3198,-3.2741,-9.4724,-4.5073,-3.2499,-9.5376,0.1887,0.199982324218917,0.4314,0.3922,0.1961,15.8858,2,-23.4879,"Tomato_30_1",1.8e-05,0.1,8.61106353124178e-05,"Tomato_30_1_26_Scenario_1A",26
599,622,3,4.3792,3.4306,-9.9663,4.4198,3.4507,-10.1611,0.1887,0.19999852499456,0.4314,0.3922,0.1961,15.9026,2,-22.8644,"Tomato_30_1",1.8e-05,0.1,8.51351378706321e-05,"Tomato_30_1_26_Scenario_1A",26
604,623,4,2.0369,0.7601,-13.2006,2.0084,0.8164,-13.3904,0.1887,0.200014949441286,0.4314,0.3922,0.1961,15.9085,2,-19.6351,"Tomato_30_1",1.8e-05,0.1,8.41875363530911e-05,"Tomato_30_1_26_Scenario_1A",26
606,624,5,-2.293,-1.5068,-12.0923,-2.2882,-1.5085,-12.2922,0.1887,0.19996484691065,0.4314,0.3922,0.1961,15.9119,2,-20.7333,"Tomato_30_1",1.8e-05,0.1,8.46988921405777e-05,"Tomato_30_1_26_Scenario_1A",26
610,625,8,1.1117,-4.9222,-10.1807,1.2083,-5.0541,-10.2959,0.1887,0.200000524999311,0.4314,0.3922,0.1961,15.9351,2,-22.7296,"Tomato_30_1",1.8e-05,0.1,8.60958747018441e-05,"Tomato_30_1_26_Scenario_1A",26
612,626,16,-0.2234,0.6117,-9.3181,-0.233,0.8021,-9.3786,0.1887,0.200011424673692,0.4314,0.3922,0.1961,15.9359,2,-23.6469,"Tomato_30_1",1.8e-05,0.1,9.16736437971309e-05,"Tomato_30_1_26_Scenario_1A",26
609,627,1,-3.5948,-4.3418,-11.4695,-3.621,-4.2393,-11.6392,0.1887,0.199976948671591,0.4314,0.3922,0.1961,15.9488,2,-21.3863,"Tomato_30_1",1.8e-05,0.1,7.88892984484441e-05,"Tomato_30_1_26_Scenario_1A",26
613,628,11,-4.3394,2.8582,-8.1924,-4.4802,2.9353,-8.3117,0.1887,0.200003849962945,0.4314,0.3922,0.1961,15.9494,2,-24.7138,"Tomato_30_1",1.8e-05,0.1,8.69966383411293e-05,"Tomato_30_1_26_Scenario_1A",26
607,629,2,1.1801,-3.2616,-11.6089,1.1675,-3.3325,-11.7955,0.1887,0.200012824588825,0.4314,0.3922,0.1961,15.9498,2,-21.23,"Tomato_30_1",1.8e-05,0.1,8.61758567573644e-05,"Tomato_30_1_26_Scenario_1A",26
611,630,6,1.4661,0.9942,-12.3626,1.405,0.9685,-12.5513,0.1887,0.20000347496981,0.4314,0.3922,0.1961,15.9649,2,-20.4742,"Tomato_30_1",1.8e-05,0.1,8.59155800680214e-05,"Tomato_30_1_26_Scenario_1A",26
615,631,13,2.0719,-0.906,-9.7672,2.1977,-0.9296,-9.9208,0.1887,0.199938890664122,0.4314,0.3922,0.1961,15.9754,2,-23.1047,"Tomato_30_1",1.8e-05,0.1,8.93124120933166e-05,"Tomato_30_1_26_Scenario_1A",26
620,632,15,1.0684,-0.9658,-9.7008,1.1696,-1.0555,-9.8481,0.1887,0.199962046398811,0.4314,0.3922,0.1961,15.9787,2,-23.1774,"Tomato_30_1",1.8e-05,0.1,9.02464651217377e-05,"Tomato_30_1_26_Scenario_1A",26
616,633,14,-2.5105,0.5103,-8.2645,-2.7087,0.5215,-8.2884,0.1887,0.199949718679472,0.4314,0.3922,0.1961,15.9811,2,-24.7371,"Tomato_30_1",1.8e-05,0.1,9.00114220339403e-05,"Tomato_30_1_26_Scenario_1A",26
617,634,10,-3.4982,-1.6329,-10.6417,-3.6248,-1.718,-10.7711,0.1887,0.200034821968576,0.4314,0.3922,0.1961,15.9878,2,-22.2544,"Tomato_30_1",1.8e-05,0.1,8.69041499206322e-05,"Tomato_30_1_26_Scenario_1A",26
619,635,12,-1.9089,-3.6643,-9.0294,-2.0417,-3.7453,-9.1551,0.1887,0.199993324888606,0.4314,0.3922,0.1961,15.9882,2,-23.8704,"Tomato_30_1",1.8e-05,0.1,8.78398826854103e-05,"Tomato_30_1_26_Scenario_1A",26
41,636,17,-0.229,-0.0944,-9.3261,-0.0695,-0.1441,-9.4361,0.1887,0.200025848329659,0.4314,0.3922,0.1961,15.9891,2,-23.5894,"Tomato_30_1",1.8e-05,0.1,9.24779393701927e-05,"Tomato_30_1_26_Scenario_1A",26
618,637,9,3.7102,1.5576,-10.2378,3.7397,1.5889,-10.4331,0.1887,0.199980074007387,0.4314,0.3922,0.1961,16.009,2,-22.5924,"Tomato_30_1",1.8e-05,0.1,8.67853814834351e-05,"Tomato_30_1_26_Scenario_1A",26
621,638,7,-4.5073,-3.2499,-9.5376,-4.6923,-3.231,-9.6113,0.1887,0.200034746981619,0.4314,0.3922,0.1961,16.0177,2,-23.4142,"Tomato_30_1",1.8e-05,0.1,8.59237571423385e-05,"Tomato_30_1_26_Scenario_1A",26
626,639,16,-0.233,0.8021,-9.3786,-0.2374,0.9886,-9.4507,0.1887,0.200000049999993,0.4314,0.3922,0.1961,16.0371,2,-23.5748,"Tomato_30_1",1.8e-05,0.1,9.14022954771057e-05,"Tomato_30_1_26_Scenario_1A",26
623,640,4,2.0084,0.8164,-13.3904,1.9762,0.8596,-13.583,0.1887,0.199994599927099,0.4314,0.3922,0.1961,16.0455,2,-19.4425,"Tomato_30_1",1.8e-05,0.1,8.39744432093083e-05,"Tomato_30_1_26_Scenario_1A",26
624,641,5,-2.2882,-1.5085,-12.2922,-2.279,-1.5167,-12.4919,0.1887,0.200079909036365,0.4314,0.3922,0.1961,16.0467,2,-20.5336,"Tomato_30_1",1.8e-05,0.1,8.45315603878151e-05,"Tomato_30_1_26_Scenario_1A",26
622,642,3,4.4198,3.4507,-10.1611,4.4612,3.4693,-10.3559,0.1887,0.200017399243166,0.4314,0.3922,0.1961,16.0554,2,-22.6696,"Tomato_30_1",1.8e-05,0.1,8.49542685882925e-05,"Tomato_30_1_26_Scenario_1A",26
628,643,11,-4.4802,2.9353,-8.3117,-4.6036,3.0067,-8.452,0.1887,0.200024023557172,0.4314,0.3922,0.1961,16.0593,2,-24.5735,"Tomato_30_1",1.8e-05,0.1,8.67682727097445e-05,"Tomato_30_1_26_Scenario_1A",26
625,644,8,1.2083,-5.0541,-10.2959,1.3046,-5.1976,-10.3967,0.1887,0.20006643896466,0.4314,0.3922,0.1961,16.0621,2,-22.6288,"Tomato_30_1",1.8e-05,0.1,8.59077932540355e-05,"Tomato_30_1_26_Scenario_1A",26
103,645,0,-0.5121,0.0498,-19.4759,-0.5006,0.0276,-19.6743,0.1887,0.199969122616467,0.4314,0.3922,0.1961,16.0731,1,-13.3512,"Tomato_30_1",1.8e-05,0.1,9.05139574697161e-05,"Tomato_30_1_26_Scenario_1A",26
104,646,0,-0.5006,0.0276,-19.6743,-0.5006,0.0275,-19.6745,0.1887,0.000223606797749562,0.4314,0.3922,0.1961,16.0733,1,-13.351,"Tomato_30_1",1.8e-05,0.1,9.80347588754125e-08,"Tomato_30_1_26_Scenario_1A",26
632,647,15,1.1696,-1.0555,-9.8481,1.2529,-1.1358,-10.0113,0.1887,0.200053042966109,0.4314,0.3922,0.1961,16.075,2,-23.0142,"Tomato_30_1",1.8e-05,0.1,9.00253742985189e-05,"Tomato_30_1_26_Scenario_1A",26
636,648,17,-0.0695,-0.1441,-9.4361,0.0497,-0.199,-9.587,0.1887,0.199983649331639,0.4314,0.3922,0.1961,16.0882,2,-23.4385,"Tomato_30_1",1.8e-05,0.1,9.21904443262772e-05,"Tomato_30_1_26_Scenario_1A",26
631,649,13,2.1977,-0.9296,-9.9208,2.3236,-0.9524,-10.0745,0.1887,0.199985849499409,0.4314,0.3922,0.1961,16.0942,2,-22.951,"Tomato_30_1",1.8e-05,0.1,8.90939962162927e-05,"Tomato_30_1_26_Scenario_1A",26
627,650,1,-3.621,-4.2393,-11.6392,-3.6537,-4.225,-11.836,0.1887,0.200010049747506,0.4314,0.3922,0.1961,16.096,2,-21.1895,"Tomato_30_1",1.8e-05,0.1,7.87246637173157e-05,"Tomato_30_1_26_Scenario_1A",26
635,651,12,-2.0417,-3.7453,-9.1551,-2.1784,-3.8059,-9.288,0.1887,0.200054142671428,0.4314,0.3922,0.1961,16.0968,2,-23.7375,"Tomato_30_1",1.8e-05,0.1,8.76306806337136e-05,"Tomato_30_1_26_Scenario_1A",26
633,652,14,-2.7087,0.5215,-8.2884,-2.9073,0.5277,-8.3114,0.1887,0.200023498619538,0.4314,0.3922,0.1961,16.097,2,-24.7141,"Tomato_30_1",1.8e-05,0.1,8.97951285490775e-05,"Tomato_30_1_26_Scenario_1A",26
630,653,6,1.405,0.9685,-12.5513,1.3403,0.9384,-12.7381,0.1887,0.199965847083946,0.4314,0.3922,0.1961,16.1037,2,-20.2874,"Tomato_30_1",1.8e-05,0.1,8.56972654822495e-05,"Tomato_30_1_26_Scenario_1A",26
634,654,10,-3.6248,-1.718,-10.7711,-3.7545,-1.7757,-10.912,0.1887,0.200010474725701,0.4314,0.3922,0.1961,16.107,2,-22.1135,"Tomato_30_1",1.8e-05,0.1,8.66711751853263e-05,"Tomato_30_1_26_Scenario_1A",26
629,655,2,1.1675,-3.3325,-11.7955,1.1167,-3.4129,-11.9714,0.1887,0.199964021763915,0.4314,0.3922,0.1961,16.1194,2,-21.0541,"Tomato_30_1",1.8e-05,0.1,8.59882447154892e-05,"Tomato_30_1_26_Scenario_1A",26
639,656,16,-0.2374,0.9886,-9.4507,-0.2398,1.1751,-9.523,0.1887,0.200038246343043,0.4314,0.3922,0.1961,16.1391,2,-23.5025,"Tomato_30_1",1.8e-05,0.1,9.11543286883042e-05,"Tomato_30_1_26_Scenario_1A",26
637,657,9,3.7397,1.5889,-10.4331,3.8234,1.6229,-10.6116,0.1887,0.200059841047622,0.4314,0.3922,0.1961,16.1392,2,-22.4139,"Tomato_30_1",1.8e-05,0.1,8.65948063024342e-05,"Tomato_30_1_26_Scenario_1A",26
638,658,7,-4.6923,-3.231,-9.6113,-4.8768,-3.2157,-9.6869,0.1887,0.19997424834213,0.4314,0.3922,0.1961,16.1508,2,-23.3386,"Tomato_30_1",1.8e-05,0.1,8.56891202070561e-05,"Tomato_30_1_26_Scenario_1A",26
643,659,11,-4.6036,3.0067,-8.452,-4.7221,3.107,-8.578,0.1887,0.199945842667458,0.4314,0.3922,0.1961,16.1702,2,-24.4475,"Tomato_30_1",1.8e-05,0.1,8.64980854326808e-05,"Tomato_30_1_26_Scenario_1A",26
647,660,15,1.2529,-1.1358,-10.0113,1.3213,-1.2529,-10.1583,0.1887,0.199999924999986,0.4314,0.3922,0.1961,16.172,2,-22.8672,"Tomato_30_1",1.8e-05,0.1,8.97401248219079e-05,"Tomato_30_1_26_Scenario_1A",26
641,661,5,-2.279,-1.5167,-12.4919,-2.2834,-1.5401,-12.6905,0.1887,0.200022198768038,0.4314,0.3922,0.1961,16.1826,2,-20.335,"Tomato_30_1",1.8e-05,0.1,8.42918629649301e-05,"Tomato_30_1_26_Scenario_1A",26
640,662,4,1.9762,0.8596,-13.583,1.9365,0.9219,-13.7688,0.1887,0.19994754312069,0.4314,0.3922,0.1961,16.1838,2,-19.2567,"Tomato_30_1",1.8e-05,0.1,8.37509560364665e-05,"Tomato_30_1_26_Scenario_1A",26
648,663,17,0.0497,-0.199,-9.587,0.1684,-0.2502,-9.7396,0.1887,0.199994724930434,0.4314,0.3922,0.1961,16.1879,2,-23.2859,"Tomato_30_1",1.8e-05,0.1,9.19283578915081e-05,"Tomato_30_1_26_Scenario_1A",26
644,664,8,1.3046,-5.1976,-10.3967,1.4445,-5.3205,-10.4695,0.1887,0.19994064119133,0.4314,0.3922,0.1961,16.1904,2,-22.556,"Tomato_30_1",1.8e-05,0.1,8.56382215809379e-05,"Tomato_30_1_26_Scenario_1A",26
651,665,12,-2.1784,-3.8059,-9.288,-2.3321,-3.8372,-9.412,0.1887,0.199948443354781,0.4314,0.3922,0.1961,16.2063,2,-23.6135,"Tomato_30_1",1.8e-05,0.1,8.73493653461065e-05,"Tomato_30_1_26_Scenario_1A",26
642,666,3,4.4612,3.4693,-10.3559,4.5207,3.4989,-10.5445,0.1887,0.19996592209674,0.4314,0.3922,0.1961,16.2098,2,-22.481,"Tomato_30_1",1.8e-05,0.1,8.47442898139695e-05,"Tomato_30_1_26_Scenario_1A",26
652,667,14,-2.9073,0.5277,-8.3114,-3.083,0.5378,-8.4064,0.1887,0.19999374990234,0.4314,0.3922,0.1961,16.2136,2,-24.6191,"Tomato_30_1",1.8e-05,0.1,8.95330427135781e-05,"Tomato_30_1_26_Scenario_1A",26
649,668,13,2.3236,-0.9524,-10.0745,2.4492,-0.9647,-10.2297,0.1887,0.200034222072124,0.4314,0.3922,0.1961,16.214,2,-22.7958,"Tomato_30_1",1.8e-05,0.1,8.88767996957901e-05,"Tomato_30_1_26_Scenario_1A",26
654,669,10,-3.7545,-1.7757,-10.912,-3.9005,-1.8229,-11.0402,0.1887,0.199947693159986,0.4314,0.3922,0.1961,16.2273,2,-21.9853,"Tomato_30_1",1.8e-05,0.1,8.64224304444292e-05,"Tomato_30_1_26_Scenario_1A",26
656,670,16,-0.2398,1.1751,-9.523,-0.2595,1.3531,-9.6119,0.1887,0.1999382404644,0.4314,0.3922,0.1961,16.2417,2,-23.4136,"Tomato_30_1",1.8e-05,0.1,9.08442859737486e-05,"Tomato_30_1_26_Scenario_1A",26
653,671,6,1.3403,0.9384,-12.7381,1.2623,0.912,-12.9204,0.1887,0.200035621827715,0.4314,0.3922,0.1961,16.2437,2,-20.1051,"Tomato_30_1",1.8e-05,0.1,8.55256623901126e-05,"Tomato_30_1_26_Scenario_1A",26
650,672,1,-3.6537,-4.225,-11.836,-3.6657,-4.2233,-12.0356,0.1887,0.199967622379224,0.4314,0.3922,0.1961,16.2446,2,-20.9899,"Tomato_30_1",1.8e-05,0.1,7.85309849606483e-05,"Tomato_30_1_26_Scenario_1A",26
660,673,15,1.3213,-1.2529,-10.1583,1.3887,-1.3688,-10.3066,0.1887,0.199921134450562,0.4314,0.3922,0.1961,16.2697,2,-22.7189,"Tomato_30_1",1.8e-05,0.1,8.94443801340617e-05,"Tomato_30_1_26_Scenario_1A",26
657,674,9,3.8234,1.6229,-10.6116,3.9191,1.6262,-10.7871,0.1887,0.199924060583013,0.4314,0.3922,0.1961,16.2704,2,-22.2384,"Tomato_30_1",1.8e-05,0.1,8.6311765773423e-05,"Tomato_30_1_26_Scenario_1A",26
659,675,11,-4.7221,3.107,-8.578,-4.843,3.2038,-8.7045,0.1887,0.199973248210854,0.4314,0.3922,0.1961,16.2819,2,-24.321,"Tomato_30_1",1.8e-05,0.1,8.62744039259707e-05,"Tomato_30_1_26_Scenario_1A",26
658,676,7,-4.8768,-3.2157,-9.6869,-5.0486,-3.1949,-9.7871,0.1887,0.199969797719556,0.4314,0.3922,0.1961,16.285,2,-23.2384,"Tomato_30_1",1.8e-05,0.1,8.54793328839719e-05,"Tomato_30_1_26_Scenario_1A",26
663,677,17,0.1684,-0.2502,-9.7396,0.2739,-0.2696,-9.9084,0.1887,0.200000124999962,0.4314,0.3922,0.1961,16.2883,2,-23.1171,"Tomato_30_1",1.8e-05,0.1,9.16644143976474e-05,"Tomato_30_1_26_Scenario_1A",26
655,678,2,1.1167,-3.4129,-11.9714,1.0767,-3.5001,-12.1469,0.1887,0.200010224738638,0.4314,0.3922,0.1961,16.2913,2,-20.8786,"Tomato_30_1",1.8e-05,0.1,8.58422243347676e-05,"Tomato_30_1_26_Scenario_1A",26
105,679,0,-0.5006,0.0275,-19.6745,-0.4949,0.0111,-19.8737,0.1887,0.199955219986877,0.4314,0.3922,0.1961,16.3069,1,-13.1518,"Tomato_30_1",1.8e-05,0.1,9.34041913798986e-05,"Tomato_30_1_26_Scenario_1A",26
665,680,12,-2.3321,-3.8372,-9.412,-2.4731,-3.8767,-9.5483,0.1887,0.200047344396269,0.4314,0.3922,0.1961,16.3167,2,-23.4772,"Tomato_30_1",1.8e-05,0.1,8.7158189732541e-05,"Tomato_30_1_26_Scenario_1A",26
661,681,5,-2.2834,-1.5401,-12.6905,-2.285,-1.5652,-12.8889,0.1887,0.1999878246294,0.4314,0.3922,0.1961,16.3195,2,-20.1366,"Tomato_30_1",1.8e-05,0.1,8.40628679193005e-05,"Tomato_30_1_26_Scenario_1A",26
664,682,8,1.4445,-5.3205,-10.4695,1.6162,-5.4066,-10.5253,0.1887,0.200019349064034,0.4314,0.3922,0.1961,16.3198,2,-22.5002,"Tomato_30_1",1.8e-05,0.1,8.54570508627422e-05,"Tomato_30_1_26_Scenario_1A",26
662,683,4,1.9365,0.9219,-13.7688,1.8873,0.987,-13.9514,0.1887,0.200003524968936,0.4314,0.3922,0.1961,16.3234,2,-19.0741,"Tomato_30_1",1.8e-05,0.1,8.35713294670669e-05,"Tomato_30_1_26_Scenario_1A",26
667,684,14,-3.083,0.5378,-8.4064,-3.2459,0.5594,-8.5204,0.1887,0.199997424983423,0.4314,0.3922,0.1961,16.331,2,-24.5051,"Tomato_30_1",1.8e-05,0.1,8.92867329810797e-05,"Tomato_30_1_26_Scenario_1A",26
668,685,13,2.4492,-0.9647,-10.2297,2.5774,-0.9979,-10.3796,0.1887,0.200018724123519,0.4314,0.3922,0.1961,16.3347,2,-22.6459,"Tomato_30_1",1.8e-05,0.1,8.86319249330544e-05,"Tomato_30_1_26_Scenario_1A",26
670,686,16,-0.2595,1.3531,-9.6119,-0.2789,1.5313,-9.7006,0.1887,0.199998224992123,0.4314,0.3922,0.1961,16.3451,2,-23.3249,"Tomato_30_1",1.8e-05,0.1,9.0607791765159e-05,"Tomato_30_1_26_Scenario_1A",26
669,687,10,-3.9005,-1.8229,-11.0402,-4.0282,-1.8764,-11.1846,0.1887,0.200052243176626,0.4314,0.3922,0.1961,16.3487,2,-21.8409,"Tomato_30_1",1.8e-05,0.1,8.62466793538203e-05,"Tomato_30_1_26_Scenario_1A",26
666,688,3,4.5207,3.4989,-10.5445,4.579,3.5196,-10.7347,0.1887,0.200008549817252,0.4314,0.3922,0.1961,16.3658,2,-22.2908,"Tomato_30_1",1.8e-05,0.1,8.45749280990823e-05,"Tomato_30_1_26_Scenario_1A",26
673,689,15,1.3887,-1.3688,-10.3066,1.4912,-1.4219,-10.4699,0.1887,0.199981874178638,0.4314,0.3922,0.1961,16.3681,2,-22.5556,"Tomato_30_1",1.8e-05,0.1,8.9211859799072e-05,"Tomato_30_1_26_Scenario_1A",26
671,690,6,1.2623,0.912,-12.9204,1.1779,0.8861,-13.0999,0.1887,0.200036046751578,0.4314,0.3922,0.1961,16.3851,2,-19.9256,"Tomato_30_1",1.8e-05,0.1,8.53250328286383e-05,"Tomato_30_1_26_Scenario_1A",26
677,691,17,0.2739,-0.2696,-9.9084,0.3895,-0.2921,-10.0701,0.1887,0.200041245746971,0.4314,0.3922,0.1961,16.3894,2,-22.9554,"Tomato_30_1",1.8e-05,0.1,9.14175322947813e-05,"Tomato_30_1_26_Scenario_1A",26
675,692,11,-4.843,3.2038,-8.7045,-4.9394,3.2661,-8.8684,0.1887,0.200093628084454,0.4314,0.3922,0.1961,16.3946,2,-24.1571,"Tomato_30_1",1.8e-05,0.1,8.60913102197817e-05,"Tomato_30_1_26_Scenario_1A",26
672,693,1,-3.6657,-4.2233,-12.0356,-3.7079,-4.2352,-12.2308,0.1887,0.200063714851044,0.4314,0.3922,0.1961,16.3948,2,-20.7947,"Tomato_30_1",1.8e-05,0.1,7.83923050634174e-05,"Tomato_30_1_26_Scenario_1A",26
674,694,9,3.9191,1.6262,-10.7871,3.9948,1.6297,-10.9722,0.1887,0.200011874647482,0.4314,0.3922,0.1961,16.4026,2,-22.0533,"Tomato_30_1",1.8e-05,0.1,8.61260738124559e-05,"Tomato_30_1_26_Scenario_1A",26
676,695,7,-5.0486,-3.1949,-9.7871,-5.219,-3.1653,-9.8875,0.1887,0.199981199116316,0.4314,0.3922,0.1961,16.4205,2,-23.138,"Tomato_30_1",1.8e-05,0.1,8.52770404091327e-05,"Tomato_30_1_26_Scenario_1A",26
680,696,12,-2.4731,-3.8767,-9.5483,-2.6136,-3.9174,-9.6848,0.1887,0.200072461873192,0.4314,0.3922,0.1961,16.4281,2,-23.3407,"Tomato_30_1",1.8e-05,0.1,8.69353939710197e-05,"Tomato_30_1_26_Scenario_1A",26
43,697,18,-0.2261,-0.096,-9.7079,-0.351,0.0257,-9.8058,0.1887,0.19998827465629,0.4314,0.3922,0.1961,16.4436,2,-23.2197,"Tomato_30_1",1.8e-05,0.1,9.15046986988708e-05,"Tomato_30_1_26_Scenario_1A",26
684,698,14,-3.2459,0.5594,-8.5204,-3.3939,0.567,-8.6547,0.1887,0.199995624952147,0.4314,0.3922,0.1961,16.4492,2,-24.3708,"Tomato_30_1",1.8e-05,0.1,8.9038737623249e-05,"Tomato_30_1_26_Scenario_1A",26
686,699,16,-0.2789,1.5313,-9.7006,-0.2704,1.6945,-9.816,0.1887,0.200059116263169,0.4314,0.3922,0.1961,16.4492,2,-23.2095,"Tomato_30_1",1.8e-05,0.1,9.03722430277004e-05,"Tomato_30_1_26_Scenario_1A",26
682,700,8,1.6162,-5.4066,-10.5253,1.7844,-5.4959,-10.5863,0.1887,0.199966822248092,0.4314,0.3922,0.1961,16.4503,2,-22.4392,"Tomato_30_1",1.8e-05,0.1,8.52204979389976e-05,"Tomato_30_1_26_Scenario_1A",26
685,701,13,2.5774,-0.9979,-10.3796,2.6892,-1.0418,-10.5395,0.1887,0.199986149520411,0.4314,0.3922,0.1961,16.4563,2,-22.486,"Tomato_30_1",1.8e-05,0.1,8.83803255367271e-05,"Tomato_30_1_26_Scenario_1A",26
681,702,5,-2.285,-1.5652,-12.8889,-2.294,-1.58,-13.0881,0.1887,0.199951694166367,0.4314,0.3922,0.1961,16.4574,2,-19.9374,"Tomato_30_1",1.8e-05,0.1,8.38339653731937e-05,"Tomato_30_1_26_Scenario_1A",26
683,703,4,1.8873,0.987,-13.9514,1.8409,1.0263,-14.1419,0.1887,0.19996924763573,0.4314,0.3922,0.1961,16.4642,2,-18.8836,"Tomato_30_1",1.8e-05,0.1,8.33546682557959e-05,"Tomato_30_1_26_Scenario_1A",26
678,704,2,1.0767,-3.5001,-12.1469,1.0377,-3.5329,-12.3403,0.1887,0.200000999997499,0.4314,0.3922,0.1961,16.4655,2,-20.6852,"Tomato_30_1",1.8e-05,0.1,8.567310172903e-05,"Tomato_30_1_26_Scenario_1A",26
689,705,15,1.4912,-1.4219,-10.4699,1.6213,-1.4919,-10.6048,0.1887,0.200060040987698,0.4314,0.3922,0.1961,16.4672,2,-22.4207,"Tomato_30_1",1.8e-05,0.1,8.89876049520397e-05,"Tomato_30_1_26_Scenario_1A",26
687,706,10,-4.0282,-1.8764,-11.1846,-4.158,-1.9306,-11.3268,0.1887,0.20001629933583,0.4314,0.3922,0.1961,16.4712,2,-21.6987,"Tomato_30_1",1.8e-05,0.1,8.60109810506617e-05,"Tomato_30_1_26_Scenario_1A",26
691,707,17,0.3895,-0.2921,-10.0701,0.5101,-0.3231,-10.2266,0.1887,0.199994024910745,0.4314,0.3922,0.1961,16.4913,2,-22.7989,"Tomato_30_1",1.8e-05,0.1,9.11310711490985e-05,"Tomato_30_1_26_Scenario_1A",26
692,708,11,-4.9394,3.2661,-8.8684,-5.0146,3.314,-9.0474,0.1887,0.199976123574791,0.4314,0.3922,0.1961,16.5082,2,-23.9781,"Tomato_30_1",1.8e-05,0.1,8.58065951470499e-05,"Tomato_30_1_26_Scenario_1A",26
106,709,0,-0.4949,0.0111,-19.8737,-0.4814,-0.0061,-20.0551,0.1887,0.182713026355539,0.4314,0.3922,0.1961,16.5215,1,-12.9704,"Tomato_30_1",1.8e-05,0.1,8.65538008806697e-05,"Tomato_30_1_26_Scenario_1A",26
688,710,3,4.579,3.5196,-10.7347,4.6276,3.5577,-10.925,0.1887,0.200069138049826,0.4314,0.3922,0.1961,16.5234,2,-22.1005,"Tomato_30_1",1.8e-05,0.1,8.44137383930317e-05,"Tomato_30_1_26_Scenario_1A",26
690,711,6,1.1779,0.8861,-13.0999,1.1011,0.8564,-13.2821,0.1887,0.199942916853786,0.4314,0.3922,0.1961,16.5279,2,-19.7434,"Tomato_30_1",1.8e-05,0.1,8.5085365218664e-05,"Tomato_30_1_26_Scenario_1A",26
694,712,9,3.9948,1.6297,-10.9722,4.0475,1.6523,-11.1638,0.1887,0.19999652496981,0.4314,0.3922,0.1961,16.5358,2,-21.8617,"Tomato_30_1",1.8e-05,0.1,8.58965726248471e-05,"Tomato_30_1_26_Scenario_1A",26
696,713,12,-2.6136,-3.9174,-9.6848,-2.7487,-3.9335,-9.8313,0.1887,0.199933663998838,0.4314,0.3922,0.1961,16.5405,2,-23.1942,"Tomato_30_1",1.8e-05,0.1,8.66423146541357e-05,"Tomato_30_1_26_Scenario_1A",26
693,714,1,-3.7079,-4.2352,-12.2308,-3.7499,-4.2462,-12.426,0.1887,0.199970097764641,0.4314,0.3922,0.1961,16.5466,2,-20.5995,"Tomato_30_1",1.8e-05,0.1,7.81799556738784e-05,"Tomato_30_1_26_Scenario_1A",26
697,715,18,-0.351,0.0257,-9.8058,-0.4813,0.1277,-9.9181,0.1887,0.199983449315188,0.4314,0.3922,0.1961,16.5518,2,-23.1074,"Tomato_30_1",1.8e-05,0.1,9.12351123302614e-05,"Tomato_30_1_26_Scenario_1A",26
699,716,16,-0.2704,1.6945,-9.816,-0.2889,1.8451,-9.9463,0.1887,0.200001749992344,0.4314,0.3922,0.1961,16.554,2,-23.0792,"Tomato_30_1",1.8e-05,0.1,9.00840385725736e-05,"Tomato_30_1_26_Scenario_1A",26
695,717,7,-5.219,-3.1653,-9.8875,-5.3888,-3.1353,-9.9889,0.1887,0.200034996938035,0.4314,0.3922,0.1961,16.5573,2,-23.0366,"Tomato_30_1",1.8e-05,0.1,8.50934537029776e-05,"Tomato_30_1_26_Scenario_1A",26
705,718,15,1.6213,-1.4919,-10.6048,1.7522,-1.5547,-10.7423,0.1887,0.199962246436672,0.4314,0.3922,0.1961,16.567,2,-22.2832,"Tomato_30_1",1.8e-05,0.1,8.86858791589453e-05,"Tomato_30_1_26_Scenario_1A",26
698,719,14,-3.3939,0.567,-8.6547,-3.5341,0.5655,-8.7973,0.1887,0.199982624245208,0.4314,0.3922,0.1961,16.5682,2,-24.2282,"Tomato_30_1",1.8e-05,0.1,8.87865430917944e-05,"Tomato_30_1_26_Scenario_1A",26
701,720,13,2.6892,-1.0418,-10.5395,2.7871,-1.0753,-10.7106,0.1887,0.199954669862946,0.4314,0.3922,0.1961,16.579,2,-22.3149,"Tomato_30_1",1.8e-05,0.1,8.81300781525097e-05,"Tomato_30_1_26_Scenario_1A",26
700,721,8,1.7844,-5.4959,-10.5863,1.9538,-5.5861,-10.6428,0.1887,0.200061615508823,0.4314,0.3922,0.1961,16.5821,2,-22.3827,"Tomato_30_1",1.8e-05,0.1,8.5047388937135e-05,"Tomato_30_1_26_Scenario_1A",26
707,722,17,0.5101,-0.3231,-10.2266,0.6274,-0.3388,-10.3878,0.1887,0.199978048795362,0.4314,0.3922,0.1961,16.5939,2,-22.6377,"Tomato_30_1",1.8e-05,0.1,9.0859750646262e-05,"Tomato_30_1_26_Scenario_1A",26
706,723,10,-4.158,-1.9306,-11.3268,-4.2927,-1.9671,-11.4699,0.1887,0.199884841846499,0.4314,0.3922,0.1961,16.5948,2,-21.5556,"Tomato_30_1",1.8e-05,0.1,8.57352198765969e-05,"Tomato_30_1_26_Scenario_1A",26
702,724,5,-2.294,-1.58,-13.0881,-2.3074,-1.5965,-13.287,0.1887,0.200032547351675,0.4314,0.3922,0.1961,16.5964,2,-19.7385,"Tomato_30_1",1.8e-05,0.1,8.36547548640287e-05,"Tomato_30_1_26_Scenario_1A",26
703,725,4,1.8409,1.0263,-14.1419,1.8398,1.0565,-14.3396,0.1887,0.199996349966694,0.4314,0.3922,0.1961,16.6063,2,-18.6859,"Tomato_30_1",1.8e-05,0.1,8.31643148399945e-05,"Tomato_30_1_26_Scenario_1A",26
708,726,11,-5.0146,3.314,-9.0474,-5.0915,3.3631,-9.2254,0.1887,0.200021048892361,0.4314,0.3922,0.1961,16.6227,2,-23.8001,"Tomato_30_1",1.8e-05,0.1,8.55924363881753e-05,"Tomato_30_1_26_Scenario_1A",26
704,727,2,1.0377,-3.5329,-12.3403,0.994,-3.5595,-12.5337,0.1887,0.200052018235258,0.4314,0.3922,0.1961,16.6422,2,-20.4918,"Tomato_30_1",1.8e-05,0.1,8.55304649510984e-05,"Tomato_30_1_26_Scenario_1A",26
713,728,12,-2.7487,-3.9335,-9.8313,-2.8771,-3.9657,-9.9812,0.1887,0.199983524321379,0.4314,0.3922,0.1961,16.6538,2,-23.0443,"Tomato_30_1",1.8e-05,0.1,8.64318863280008e-05,"Tomato_30_1_26_Scenario_1A",26
716,729,16,-0.2889,1.8451,-9.9463,-0.2836,2.0047,-10.0666,0.1887,0.199930838041558,0.4314,0.3922,0.1961,16.6595,2,-22.9589,"Tomato_30_1",1.8e-05,0.1,8.97907538234632e-05,"Tomato_30_1_26_Scenario_1A",26
715,730,18,-0.4813,0.1277,-9.9181,-0.6196,0.2204,-10.0289,0.1887,0.199992049841987,0.4314,0.3922,0.1961,16.6606,2,-22.9966,"Tomato_30_1",1.8e-05,0.1,9.09724222258919e-05,"Tomato_30_1_26_Scenario_1A",26
718,731,15,1.7522,-1.5547,-10.7423,1.8841,-1.6438,-10.8634,0.1887,0.200004074958487,0.4314,0.3922,0.1961,16.6675,2,-22.1621,"Tomato_30_1",1.8e-05,0.1,8.84469436418053e-05,"Tomato_30_1_26_Scenario_1A",26
712,732,9,4.0475,1.6523,-11.1638,4.1005,1.6802,-11.3546,0.1887,0.199980124012362,0.4314,0.3922,0.1961,16.6701,2,-21.6709,"Tomato_30_1",1.8e-05,0.1,8.56674061458423e-05,"Tomato_30_1_26_Scenario_1A",26
711,733,6,1.1011,0.8564,-13.2821,1.0295,0.8391,-13.4681,0.1887,0.20005461754231,0.4314,0.3922,0.1961,16.672,2,-19.5574,"Tomato_30_1",1.8e-05,0.1,8.49335618350749e-05,"Tomato_30_1_26_Scenario_1A",26
710,734,3,4.6276,3.5577,-10.925,4.6755,3.5966,-11.1152,0.1887,0.199959145827341,0.4314,0.3922,0.1961,16.6826,2,-21.9103,"Tomato_30_1",1.8e-05,0.1,8.41813663877083e-05,"Tomato_30_1_26_Scenario_1A",26
719,735,14,-3.5341,0.5655,-8.7973,-3.6826,0.5742,-8.9311,0.1887,0.200075935584468,0.4314,0.3922,0.1961,16.688,2,-24.0944,"Tomato_30_1",1.8e-05,0.1,8.85821580714705e-05,"Tomato_30_1_26_Scenario_1A",26
717,736,7,-5.3888,-3.1353,-9.9889,-5.5558,-3.1055,-10.0949,0.1887,0.200032597343534,0.4314,0.3922,0.1961,16.6953,2,-22.9306,"Tomato_30_1",1.8e-05,0.1,8.48866079970996e-05,"Tomato_30_1_26_Scenario_1A",26
722,737,17,0.6274,-0.3388,-10.3878,0.7484,-0.3777,-10.5422,0.1887,0.199983924353933,0.4314,0.3922,0.1961,16.6972,2,-22.4833,"Tomato_30_1",1.8e-05,0.1,9.05991539505636e-05,"Tomato_30_1_26_Scenario_1A",26
714,738,1,-3.7499,-4.2462,-12.426,-3.7898,-4.2572,-12.6217,0.1887,0.200028747933891,0.4314,0.3922,0.1961,16.7,2,-20.4038,"Tomato_30_1",1.8e-05,0.1,7.80278501519372e-05,"Tomato_30_1_26_Scenario_1A",26
720,739,13,2.7871,-1.0753,-10.7106,2.9025,-1.0747,-10.874,0.1887,0.200042695442749,0.4314,0.3922,0.1961,16.7026,2,-22.1515,"Tomato_30_1",1.8e-05,0.1,8.79331551085802e-05,"Tomato_30_1_26_Scenario_1A",26
721,740,8,1.9538,-5.5861,-10.6428,2.112,-5.6886,-10.7095,0.1887,0.199955945147925,0.4314,0.3922,0.1961,16.7151,2,-22.316,"Tomato_30_1",1.8e-05,0.1,8.47898047060924e-05,"Tomato_30_1_26_Scenario_1A",26
723,741,10,-4.2927,-1.9671,-11.4699,-4.4146,-1.9898,-11.6269,0.1887,0.200059741077508,0.4314,0.3922,0.1961,16.7195,2,-21.3986,"Tomato_30_1",1.8e-05,0.1,8.55915230623078e-05,"Tomato_30_1_26_Scenario_1A",26
724,742,5,-2.3074,-1.5965,-13.287,-2.3145,-1.599,-13.4868,0.1887,0.199941741514872,0.4314,0.3922,0.1961,16.7365,2,-19.5387,"Tomato_30_1",1.8e-05,0.1,8.34044851426051e-05,"Tomato_30_1_26_Scenario_1A",26
726,743,11,-5.0915,3.3631,-9.2254,-5.1468,3.421,-9.4086,0.1887,0.199931838384985,0.4314,0.3922,0.1961,16.7381,2,-23.6169,"Tomato_30_1",1.8e-05,0.1,8.53216862957385e-05,"Tomato_30_1_26_Scenario_1A",26
725,744,4,1.8398,1.0565,-14.3396,1.8422,1.0824,-14.5379,0.1887,0.199998649995443,0.4314,0.3922,0.1961,16.7498,2,-18.4876,"Tomato_30_1",1.8e-05,0.1,8.29643133309165e-05,"Tomato_30_1_26_Scenario_1A",26
107,745,0,-0.4814,-0.0061,-20.0551,-0.4707,-0.0157,-20.2546,0.1887,0.200017249256158,0.4314,0.3922,0.1961,16.7576,1,-12.7709,"Tomato_30_1",1.8e-05,0.1,9.38232678212026e-05,"Tomato_30_1_26_Scenario_1A",26
729,746,16,-0.2836,2.0047,-10.0666,-0.3035,2.1655,-10.1839,0.1887,0.200029847772776,0.4314,0.3922,0.1961,16.7658,2,-22.8416,"Tomato_30_1",1.8e-05,0.1,8.95744941081346e-05,"Tomato_30_1_26_Scenario_1A",26
728,747,12,-2.8771,-3.9657,-9.9812,-2.993,-3.9924,-10.142,0.1887,0.200005849914446,0.4314,0.3922,0.1961,16.7681,2,-22.8835,"Tomato_30_1",1.8e-05,0.1,8.62101697872715e-05,"Tomato_30_1_26_Scenario_1A",26
731,748,15,1.8841,-1.6438,-10.8634,2.0008,-1.7426,-10.9924,0.1887,0.200053317893005,0.4314,0.3922,0.1961,16.7688,2,-22.0331,"Tomato_30_1",1.8e-05,0.1,8.82118664329962e-05,"Tomato_30_1_26_Scenario_1A",26
730,749,18,-0.6196,0.2204,-10.0289,-0.7587,0.3154,-10.1367,0.1887,0.199986624552743,0.4314,0.3922,0.1961,16.7702,2,-22.8888,"Tomato_30_1",1.8e-05,0.1,9.07041221891981e-05,"Tomato_30_1_26_Scenario_1A",26
737,750,17,0.7484,-0.3777,-10.5422,0.8863,-0.4301,-10.6773,0.1887,0.200035446858801,0.4314,0.3922,0.1961,16.8013,2,-22.3482,"Tomato_30_1",1.8e-05,0.1,9.03598970802617e-05,"Tomato_30_1_26_Scenario_1A",26
732,751,9,4.1005,1.6802,-11.3546,4.1206,1.7399,-11.5445,0.1887,0.200075260839515,0.4314,0.3922,0.1961,16.8055,2,-21.481,"Tomato_30_1",1.8e-05,0.1,8.54866207992797e-05,"Tomato_30_1_26_Scenario_1A",26
735,752,14,-3.6826,0.5742,-8.9311,-3.835,0.6055,-9.0567,0.1887,0.199952019244617,0.4314,0.3922,0.1961,16.8087,2,-23.9688,"Tomato_30_1",1.8e-05,0.1,8.82824092662283e-05,"Tomato_30_1_26_Scenario_1A",26
733,753,6,1.0295,0.8391,-13.4681,0.9589,0.8202,-13.6542,0.1887,0.199936940058609,0.4314,0.3922,0.1961,16.8176,2,-19.3713,"Tomato_30_1",1.8e-05,0.1,8.46851089741699e-05,"Tomato_30_1_26_Scenario_1A",26
727,754,2,0.994,-3.5595,-12.5337,0.9386,-3.5874,-12.7238,0.1887,0.199963946750409,0.4314,0.3922,0.1961,16.8212,2,-20.3017,"Tomato_30_1",1.8e-05,0.1,8.53291371591573e-05,"Tomato_30_1_26_Scenario_1A",26
739,755,13,2.9025,-1.0747,-10.874,2.9948,-1.0691,-11.0514,0.1887,0.200053517839601,0.4314,0.3922,0.1961,16.8272,2,-21.9741,"Tomato_30_1",1.8e-05,0.1,8.77028719138786e-05,"Tomato_30_1_26_Scenario_1A",26
736,756,7,-5.5558,-3.1055,-10.0949,-5.7218,-3.0571,-10.1954,0.1887,0.199997024977873,0.4314,0.3922,0.1961,16.8346,2,-22.8301,"Tomato_30_1",1.8e-05,0.1,8.46664682145369e-05,"Tomato_30_1_26_Scenario_1A",26
734,757,3,4.6755,3.5966,-11.1152,4.7379,3.5995,-11.3052,0.1887,0.200005424926425,0.4314,0.3922,0.1961,16.8436,2,-21.7203,"Tomato_30_1",1.8e-05,0.1,8.40155911326478e-05,"Tomato_30_1_26_Scenario_1A",26
741,758,10,-4.4146,-1.9898,-11.6269,-4.538,-2.0401,-11.776,0.1887,0.199971147918894,0.4314,0.3922,0.1961,16.8455,2,-21.2495,"Tomato_30_1",1.8e-05,0.1,8.53356851055965e-05,"Tomato_30_1_26_Scenario_1A",26
740,759,8,2.112,-5.6886,-10.7095,2.2596,-5.8093,-10.7698,0.1887,0.199975848541768,0.4314,0.3922,0.1961,16.8493,2,-22.2557,"Tomato_30_1",1.8e-05,0.1,8.45863296506225e-05,"Tomato_30_1_26_Scenario_1A",26
743,760,11,-5.1468,3.421,-9.4086,-5.2405,3.4639,-9.58,0.1887,0.199995149941193,0.4314,0.3922,0.1961,16.8546,2,-23.4455,"Tomato_30_1",1.8e-05,0.1,8.51167991684903e-05,"Tomato_30_1_26_Scenario_1A",26
738,761,1,-3.7898,-4.2572,-12.6217,-3.837,-4.2721,-12.8154,0.1887,0.199923835497421,0.4314,0.3922,0.1961,16.855,2,-20.2101,"Tomato_30_1",1.8e-05,0.1,7.78126679016917e-05,"Tomato_30_1_26_Scenario_1A",26
748,762,15,2.0008,-1.7426,-10.9924,2.1191,-1.8453,-11.1167,0.1887,0.199981674160409,0.4314,0.3922,0.1961,16.8709,2,-21.9088,"Tomato_30_1",1.8e-05,0.1,8.79242812539308e-05,"Tomato_30_1_26_Scenario_1A",26
746,763,16,-0.3035,2.1655,-10.1839,-0.3001,2.3511,-10.2583,0.1887,0.199985699488739,0.4314,0.3922,0.1961,16.8728,2,-22.7672,"Tomato_30_1",1.8e-05,0.1,8.9294784616116e-05,"Tomato_30_1_26_Scenario_1A",26
742,764,5,-2.3145,-1.599,-13.4868,-2.3234,-1.5936,-13.6866,0.1887,0.2000710123931,0.4314,0.3922,0.1961,16.8777,2,-19.3389,"Tomato_30_1",1.8e-05,0.1,8.32466703446365e-05,"Tomato_30_1_26_Scenario_1A",26
749,765,18,-0.7587,0.3154,-10.1367,-0.8978,0.4106,-10.2445,0.1887,0.200081708309381,0.4314,0.3922,0.1961,16.8805,2,-22.781,"Tomato_30_1",1.8e-05,0.1,9.04820042121634e-05,"Tomato_30_1_26_Scenario_1A",26
747,766,12,-2.993,-3.9924,-10.142,-3.1276,-4.0032,-10.2896,0.1887,0.200048894023437,0.4314,0.3922,0.1961,16.8834,2,-22.7359,"Tomato_30_1",1.8e-05,0.1,8.59980065270982e-05,"Tomato_30_1_26_Scenario_1A",26
744,767,4,1.8422,1.0824,-14.5379,1.8824,1.0744,-14.7337,0.1887,0.200044195116979,0.4314,0.3922,0.1961,16.8946,2,-18.2918,"Tomato_30_1",1.8e-05,0.1,8.27828873384151e-05,"Tomato_30_1_26_Scenario_1A",26
750,768,17,0.8863,-0.4301,-10.6773,1.0095,-0.4892,-10.8233,0.1887,0.199967622379224,0.4314,0.3922,0.1961,16.9062,2,-22.2022,"Tomato_30_1",1.8e-05,0.1,9.00675320506921e-05,"Tomato_30_1_26_Scenario_1A",26
46,769,19,-0.2228,-0.0983,-10.1117,-0.2832,-0.269,-10.1967,0.1887,0.200029122879644,0.4314,0.3922,0.1961,16.9217,2,-22.8288,"Tomato_30_1",1.8e-05,0.1,8.6959438468057e-05,"Tomato_30_1_26_Scenario_1A",26
752,770,14,-3.835,0.6055,-9.0567,-3.9864,0.6332,-9.1845,0.1887,0.200055217377604,0.4314,0.3922,0.1961,16.9302,2,-23.841,"Tomato_30_1",1.8e-05,0.1,8.80837277834457e-05,"Tomato_30_1_26_Scenario_1A",26
751,771,9,4.1206,1.7399,-11.5445,4.1134,1.7934,-11.737,0.1887,0.199925836249346,0.4314,0.3922,0.1961,16.942,2,-21.2885,"Tomato_30_1",1.8e-05,0.1,8.5202160480024e-05,"Tomato_30_1_26_Scenario_1A",26
755,772,13,2.9948,-1.0691,-11.0514,3.0755,-1.059,-11.2341,0.1887,0.19998447439739,0.4314,0.3922,0.1961,16.9529,2,-21.7914,"Tomato_30_1",1.8e-05,0.1,8.74384269621195e-05,"Tomato_30_1_26_Scenario_1A",26
753,773,6,0.9589,0.8202,-13.6542,0.902,0.833,-13.8455,0.1887,0.199992849872189,0.4314,0.3922,0.1961,16.9646,2,-19.18,"Tomato_30_1",1.8e-05,0.1,8.45109955520952e-05,"Tomato_30_1_26_Scenario_1A",26
760,774,11,-5.2405,3.4639,-9.58,-5.3105,3.543,-9.7499,0.1887,0.200057041865564,0.4314,0.3922,0.1961,16.972,2,-23.2756,"Tomato_30_1",1.8e-05,0.1,8.49118169568765e-05,"Tomato_30_1_26_Scenario_1A",26
758,775,10,-4.538,-2.0401,-11.776,-4.6061,-2.0984,-11.9548,0.1887,0.200014849448735,0.4314,0.3922,0.1961,16.9726,2,-21.0707,"Tomato_30_1",1.8e-05,0.1,8.51371046343902e-05,"Tomato_30_1_26_Scenario_1A",26
762,776,15,2.1191,-1.8453,-11.1167,2.2132,-1.9674,-11.2441,0.1887,0.199984949433701,0.4314,0.3922,0.1961,16.9738,2,-21.7814,"Tomato_30_1",1.8e-05,0.1,8.76705169098717e-05,"Tomato_30_1_26_Scenario_1A",26
756,777,7,-5.7218,-3.0571,-10.1954,-5.88,-2.9921,-10.299,0.1887,0.199962996576867,0.4314,0.3922,0.1961,16.9752,2,-22.7265,"Tomato_30_1",1.8e-05,0.1,8.44478116376867e-05,"Tomato_30_1_26_Scenario_1A",26
763,778,16,-0.3001,2.3511,-10.2583,-0.2987,2.5369,-10.3325,0.1887,0.200073086645855,0.4314,0.3922,0.1961,16.9806,2,-22.693,"Tomato_30_1",1.8e-05,0.1,8.9074484987488e-05,"Tomato_30_1_26_Scenario_1A",26
759,779,8,2.2596,-5.8093,-10.7698,2.4132,-5.9225,-10.8299,0.1887,0.200048019235383,0.4314,0.3922,0.1961,16.9849,2,-22.1956,"Tomato_30_1",1.8e-05,0.1,8.44055387416e-05,"Tomato_30_1_26_Scenario_1A",26
765,780,18,-0.8978,0.4106,-10.2445,-1.0394,0.5089,-10.3458,0.1887,0.199937840340442,0.4314,0.3922,0.1961,16.9914,2,-22.6797,"Tomato_30_1",1.8e-05,0.1,9.01526951178144e-05,"Tomato_30_1_26_Scenario_1A",26
108,781,0,-0.4707,-0.0157,-20.2546,-0.4531,-0.0164,-20.4538,0.1887,0.199977223703102,0.4314,0.3922,0.1961,16.995,1,-12.5717,"Tomato_30_1",1.8e-05,0.1,8.74354827028539e-05,"Tomato_30_1_26_Scenario_1A",26
766,782,12,-3.1276,-4.0032,-10.2896,-3.2556,-4.0241,-10.4418,0.1887,0.199964121781884,0.4314,0.3922,0.1961,16.9998,2,-22.5837,"Tomato_30_1",1.8e-05,0.1,8.57317029889954e-05,"Tomato_30_1_26_Scenario_1A",26
754,783,2,0.9386,-3.5874,-12.7238,0.8838,-3.6177,-12.9137,0.1887,0.199957845557507,0.4314,0.3922,0.1961,17.0028,2,-20.1118,"Tomato_30_1",1.8e-05,0.1,8.51636317809905e-05,"Tomato_30_1_26_Scenario_1A",26
757,784,3,4.7379,3.5995,-11.3052,4.7868,3.6033,-11.4991,0.1887,0.2000071498722,0.4314,0.3922,0.1961,17.0063,2,-21.5264,"Tomato_30_1",1.8e-05,0.1,8.38317506697343e-05,"Tomato_30_1_26_Scenario_1A",26
761,785,1,-3.837,-4.2721,-12.8154,-3.8621,-4.3031,-13.0114,0.1887,0.200017524232253,0.4314,0.3922,0.1961,17.0117,2,-20.0141,"Tomato_30_1",1.8e-05,0.1,7.76754626342191e-05,"Tomato_30_1_26_Scenario_1A",26
768,786,17,1.0095,-0.4892,-10.8233,1.1069,-0.5595,-10.9832,0.1887,0.199992149845938,0.4314,0.3922,0.1961,17.0119,2,-22.0423,"Tomato_30_1",1.8e-05,0.1,8.98176171978472e-05,"Tomato_30_1_26_Scenario_1A",26
764,787,5,-2.3234,-1.5936,-13.6866,-2.3115,-1.5681,-13.8846,0.1887,0.19998964973218,0.4314,0.3922,0.1961,17.02,2,-19.1409,"Tomato_30_1",1.8e-05,0.1,8.30018483739964e-05,"Tomato_30_1_26_Scenario_1A",26
109,788,0,-0.4531,-0.0164,-20.4538,-0.4507,-0.0172,-20.4847,0.1887,0.0310033869117543,0.4314,0.3922,0.1961,17.0319,1,-12.5408,"Tomato_30_1",1.8e-05,0.1,1.44502421972267e-05,"Tomato_30_1_26_Scenario_1A",26
769,789,19,-0.2832,-0.269,-10.1967,-0.3272,-0.4439,-10.2832,0.1887,0.200020648934054,0.4314,0.3922,0.1961,17.032,2,-22.7423,"Tomato_30_1",1.8e-05,0.1,8.67004609976493e-05,"Tomato_30_1_26_Scenario_1A",26
767,790,4,1.8824,1.0744,-14.7337,1.9129,1.0737,-14.9313,0.1887,0.199941241368558,0.4314,0.3922,0.1961,17.0408,2,-18.0942,"Tomato_30_1",1.8e-05,0.1,8.25408015948473e-05,"Tomato_30_1_26_Scenario_1A",26
770,791,14,-3.9864,0.6332,-9.1845,-4.1336,0.6645,-9.3162,0.1887,0.199981049102159,0.4314,0.3922,0.1961,17.0525,2,-23.7093,"Tomato_30_1",1.8e-05,0.1,8.78076509373613e-05,"Tomato_30_1_26_Scenario_1A",26
776,792,15,2.2132,-1.9674,-11.2441,2.2947,-2.1022,-11.3673,0.1887,0.19997882387893,0.4314,0.3922,0.1961,17.0774,2,-21.6582,"Tomato_30_1",1.8e-05,0.1,8.74133850830898e-05,"Tomato_30_1_26_Scenario_1A",26
771,793,9,4.1134,1.7934,-11.737,4.0552,1.8607,-11.9162,0.1887,0.200072911709706,0.4314,0.3922,0.1961,17.0796,2,-21.1093,"Tomato_30_1",1.8e-05,0.1,8.50447910890758e-05,"Tomato_30_1_26_Scenario_1A",26
772,794,13,3.0755,-1.059,-11.2341,3.1303,-1.0285,-11.424,0.1887,0.199988249654823,0.4314,0.3922,0.1961,17.0796,2,-21.6015,"Tomato_30_1",1.8e-05,0.1,8.72066813020032e-05,"Tomato_30_1_26_Scenario_1A",26
778,795,16,-0.2987,2.5369,-10.3325,-0.3168,2.7101,-10.4308,0.1887,0.199971848018665,0.4314,0.3922,0.1961,17.0892,2,-22.5947,"Tomato_30_1",1.8e-05,0.1,8.87709943834867e-05,"Tomato_30_1_26_Scenario_1A",26
774,796,11,-5.3105,3.543,-9.7499,-5.4046,3.5995,-9.9171,0.1887,0.200007249868598,0.4314,0.3922,0.1961,17.0905,2,-23.1084,"Tomato_30_1",1.8e-05,0.1,8.4660135721249e-05,"Tomato_30_1_26_Scenario_1A",26
775,797,10,-4.6061,-2.0984,-11.9548,-4.6723,-2.1611,-12.1328,0.1887,0.199994324919483,0.4314,0.3922,0.1961,17.101,2,-20.8927,"Tomato_30_1",1.8e-05,0.1,8.49118750306338e-05,"Tomato_30_1_26_Scenario_1A",26
780,798,18,-1.0394,0.5089,-10.3458,-1.1849,0.616,-10.4316,0.1887,0.200005749917346,0.4314,0.3922,0.1961,17.1031,2,-22.5939,"Tomato_30_1",1.8e-05,0.1,8.99197976518602e-05,"Tomato_30_1_26_Scenario_1A",26
773,799,6,0.902,0.833,-13.8455,0.82,0.8763,-14.0227,0.1887,0.199996824974799,0.4314,0.3922,0.1961,17.1131,2,-19.0028,"Tomato_30_1",1.8e-05,0.1,8.43155685733967e-05,"Tomato_30_1_26_Scenario_1A",26
777,800,7,-5.88,-2.9921,-10.299,-5.9961,-2.8683,-10.4048,0.1887,0.199998224992124,0.4314,0.3922,0.1961,17.1171,2,-22.6207,"Tomato_30_1",1.8e-05,0.1,8.425912247e-05,"Tomato_30_1_26_Scenario_1A",26
782,801,12,-3.2556,-4.0241,-10.4418,-3.3849,-4.048,-10.5925,0.1887,0.200000474999435,0.4314,0.3922,0.1961,17.1172,2,-22.433,"Tomato_30_1",1.8e-05,0.1,8.5518145654284e-05,"Tomato_30_1_26_Scenario_1A",26
786,802,17,1.1069,-0.5595,-10.9832,1.1847,-0.6242,-11.1557,0.1887,0.199987949636971,0.4314,0.3922,0.1961,17.1183,2,-21.8698,"Tomato_30_1",1.8e-05,0.1,8.95555274100908e-05,"Tomato_30_1_26_Scenario_1A",26
779,803,8,2.4132,-5.9225,-10.8299,2.5669,-6.0439,-10.8703,0.1887,0.199984524401264,0.4314,0.3922,0.1961,17.1217,2,-22.1552,"Tomato_30_1",1.8e-05,0.1,8.41682135954942e-05,"Tomato_30_1_26_Scenario_1A",26
789,804,19,-0.3272,-0.4439,-10.2832,-0.3668,-0.6311,-10.3413,0.1887,0.199969022601002,0.4314,0.3922,0.1961,17.1431,2,-22.6842,"Tomato_30_1",1.8e-05,0.1,8.64236337902376e-05,"Tomato_30_1_26_Scenario_1A",26
787,805,5,-2.3115,-1.5681,-13.8846,-2.2509,-1.5648,-14.0751,0.1887,0.199933739023708,0.4314,0.3922,0.1961,17.1634,2,-18.9504,"Tomato_30_1",1.8e-05,0.1,8.27685151370291e-05,"Tomato_30_1_26_Scenario_1A",26
785,806,1,-3.8621,-4.3031,-13.0114,-3.8863,-4.3343,-13.2075,0.1887,0.20003572180988,0.4314,0.3922,0.1961,17.1702,2,-19.818,"Tomato_30_1",1.8e-05,0.1,7.75094583518009e-05,"Tomato_30_1_26_Scenario_1A",26
784,807,3,4.7868,3.6033,-11.4991,4.7889,3.6131,-11.6988,0.1887,0.199951344081504,0.4314,0.3922,0.1961,17.1707,2,-21.3267,"Tomato_30_1",1.8e-05,0.1,8.36245867290213e-05,"Tomato_30_1_26_Scenario_1A",26
791,808,14,-4.1336,0.6645,-9.3162,-4.2938,0.6697,-9.4359,0.1887,0.200047919259361,0.4314,0.3922,0.1961,17.1758,2,-23.5896,"Tomato_30_1",1.8e-05,0.1,8.75942645405984e-05,"Tomato_30_1_26_Scenario_1A",26
792,809,15,2.2947,-2.1022,-11.3673,2.3811,-2.2057,-11.515,0.1887,0.199981249121012,0.4314,0.3922,0.1961,17.1818,2,-21.5105,"Tomato_30_1",1.8e-05,0.1,8.71607440634633e-05,"Tomato_30_1_26_Scenario_1A",26
783,810,2,0.8838,-3.6177,-12.9137,0.8251,-3.6533,-13.1016,0.1887,0.200048644084382,0.4314,0.3922,0.1961,17.187,2,-19.9239,"Tomato_30_1",1.8e-05,0.1,8.50400205578369e-05,"Tomato_30_1_26_Scenario_1A",26
790,811,4,1.9129,1.0737,-14.9313,1.9325,1.0931,-15.1294,0.1887,0.2000103247335,0.4314,0.3922,0.1961,17.1884,2,-17.8961,"Tomato_30_1",1.8e-05,0.1,8.23704925836215e-05,"Tomato_30_1_26_Scenario_1A",26
795,812,16,-0.3168,2.7101,-10.4308,-0.3369,2.8897,-10.5165,0.1887,0.200011649660714,0.4314,0.3922,0.1961,17.1986,2,-22.509,"Tomato_30_1",1.8e-05,0.1,8.85309910981629e-05,"Tomato_30_1_26_Scenario_1A",26
794,813,13,3.1303,-1.0285,-11.424,3.185,-0.9979,-11.6139,0.1887,0.199976148577774,0.4314,0.3922,0.1961,17.2074,2,-21.4116,"Tomato_30_1",1.8e-05,0.1,8.6968771470899e-05,"Tomato_30_1_26_Scenario_1A",26
796,814,11,-5.4046,3.5995,-9.9171,-5.4604,3.631,-10.1065,0.1887,0.199945617606389,0.4314,0.3922,0.1961,17.2099,2,-22.919,"Tomato_30_1",1.8e-05,0.1,8.44043577181915e-05,"Tomato_30_1_26_Scenario_1A",26
798,815,18,-1.1849,0.616,-10.4316,-1.3205,0.7282,-10.5266,0.1887,0.200002999977501,0.4314,0.3922,0.1961,17.2155,2,-22.4989,"Tomato_30_1",1.8e-05,0.1,8.96557714148097e-05,"Tomato_30_1_26_Scenario_1A",26
793,816,9,4.0552,1.8607,-11.9162,3.984,1.9148,-12.0951,0.1887,0.200003649966695,0.4314,0.3922,0.1961,17.2183,2,-20.9304,"Tomato_30_1",1.8e-05,0.1,8.47960609690518e-05,"Tomato_30_1_26_Scenario_1A",26
802,817,17,1.1847,-0.6242,-11.1557,1.2577,-0.6893,-11.3302,0.1887,0.200043145346198,0.4314,0.3922,0.1961,17.2256,2,-21.6953,"Tomato_30_1",1.8e-05,0.1,8.93207006539708e-05,"Tomato_30_1_26_Scenario_1A",26
797,818,10,-4.6723,-2.1611,-12.1328,-4.7223,-2.2517,-12.3039,0.1887,0.199958920781245,0.4314,0.3922,0.1961,17.2306,2,-20.7216,"Tomato_30_1",1.8e-05,0.1,8.46811433838157e-05,"Tomato_30_1_26_Scenario_1A",26
801,819,12,-3.3849,-4.048,-10.5925,-3.4937,-4.0999,-10.7521,0.1887,0.200008024839006,0.4314,0.3922,0.1961,17.2357,2,-22.2734,"Tomato_30_1",1.8e-05,0.1,8.52929268809821e-05,"Tomato_30_1_26_Scenario_1A",26
804,820,19,-0.3668,-0.6311,-10.3413,-0.3874,-0.8214,-10.3991,0.1887,0.199948218296638,0.4314,0.3922,0.1961,17.2549,2,-22.6264,"Tomato_30_1",1.8e-05,0.1,8.6161003097654e-05,"Tomato_30_1_26_Scenario_1A",26
803,821,8,2.5669,-6.0439,-10.8703,2.7185,-6.1461,-10.9515,0.1887,0.200052093215742,0.4314,0.3922,0.1961,17.2598,2,-22.074,"Tomato_30_1",1.8e-05,0.1,8.39867621694829e-05,"Tomato_30_1_26_Scenario_1A",26
800,822,7,-5.9961,-2.8683,-10.4048,-6.0915,-2.7378,-10.5226,0.1887,0.200020623936633,0.4314,0.3922,0.1961,17.2604,2,-22.5029,"Tomato_30_1",1.8e-05,0.1,8.40656596437538e-05,"Tomato_30_1_26_Scenario_1A",26
799,823,6,0.82,0.8763,-14.0227,0.7182,0.9256,-14.1877,0.1887,0.200046819519831,0.4314,0.3922,0.1961,17.2631,2,-18.8378,"Tomato_30_1",1.8e-05,0.1,8.41401829582711e-05,"Tomato_30_1_26_Scenario_1A",26
110,824,0,-0.4507,-0.0172,-20.4847,-0.4479,-0.0301,-20.6843,0.1887,0.200036021756083,0.4314,0.3922,0.1961,17.2709,1,-12.3412,"Tomato_30_1",1.8e-05,0.1,9.44803627290074e-05,"Tomato_30_1_26_Scenario_1A",26
809,825,15,2.3811,-2.2057,-11.515,2.4507,-2.2821,-11.6862,0.1887,0.199976398607435,0.4314,0.3922,0.1961,17.287,2,-21.3393,"Tomato_30_1",1.8e-05,0.1,8.69056804404621e-05,"Tomato_30_1_26_Scenario_1A",26
808,826,14,-4.2938,0.6697,-9.4359,-4.4576,0.6876,-9.5491,0.1887,0.199912705949371,0.4314,0.3922,0.1961,17.2999,2,-23.4764,"Tomato_30_1",1.8e-05,0.1,8.72932640615697e-05,"Tomato_30_1_26_Scenario_1A",26
805,827,5,-2.2509,-1.5648,-14.0751,-2.2227,-1.5444,-14.2721,0.1887,0.200050993499157,0.4314,0.3922,0.1961,17.308,2,-18.7534,"Tomato_30_1",1.8e-05,0.1,8.26074789721759e-05,"Tomato_30_1_26_Scenario_1A",26
812,828,16,-0.3369,2.8897,-10.5165,-0.3763,3.0688,-10.5962,0.1887,0.199953144511408,0.4314,0.3922,0.1961,17.3088,2,-22.4293,"Tomato_30_1",1.8e-05,0.1,8.82482658856571e-05,"Tomato_30_1_26_Scenario_1A",26
815,829,18,-1.3205,0.7282,-10.5266,-1.4543,0.8262,-10.6383,0.1887,0.19995832065708,0.4314,0.3922,0.1961,17.3287,2,-22.3872,"Tomato_30_1",1.8e-05,0.1,8.93738079437959e-05,"Tomato_30_1_26_Scenario_1A",26
806,830,1,-3.8863,-4.3343,-13.2075,-3.9435,-4.3481,-13.3987,0.1887,0.200049293925273,0.4314,0.3922,0.1961,17.3304,2,-19.6268,"Tomato_30_1",1.8e-05,0.1,7.73422825370838e-05,"Tomato_30_1_26_Scenario_1A",26
814,831,11,-5.4604,3.631,-10.1065,-5.5121,3.6977,-10.2879,0.1887,0.200069337980611,0.4314,0.3922,0.1961,17.3304,2,-22.7376,"Tomato_30_1",1.8e-05,0.1,8.42274378634854e-05,"Tomato_30_1_26_Scenario_1A",26
817,832,17,1.2577,-0.6893,-11.3302,1.3514,-0.7479,-11.4969,0.1887,0.200006349899197,0.4314,0.3922,0.1961,17.3337,2,-21.5286,"Tomato_30_1",1.8e-05,0.1,8.90455258729405e-05,"Tomato_30_1_26_Scenario_1A",26
813,833,13,3.185,-0.9979,-11.6139,3.2315,-0.9775,-11.8074,0.1887,0.200051643332416,0.4314,0.3922,0.1961,17.3362,2,-21.2181,"Tomato_30_1",1.8e-05,0.1,8.67695888288441e-05,"Tomato_30_1_26_Scenario_1A",26
807,834,3,4.7889,3.6131,-11.6988,4.7808,3.6327,-11.8977,0.1887,0.200027448116502,0.4314,0.3922,0.1961,17.337,2,-21.1278,"Tomato_30_1",1.8e-05,0.1,8.34732768328507e-05,"Tomato_30_1_26_Scenario_1A",26
811,835,4,1.9325,1.0931,-15.1294,1.9565,1.1042,-15.3277,0.1887,0.200055242370701,0.4314,0.3922,0.1961,17.3375,2,-17.6978,"Tomato_30_1",1.8e-05,0.1,8.21907648024931e-05,"Tomato_30_1_26_Scenario_1A",26
819,836,12,-3.4937,-4.0999,-10.7521,-3.5889,-4.1284,-10.9257,0.1887,0.200030622655633,0.4314,0.3922,0.1961,17.3552,2,-22.0998,"Tomato_30_1",1.8e-05,0.1,8.50748019375027e-05,"Tomato_30_1_26_Scenario_1A",26
816,837,9,3.984,1.9148,-12.0951,3.9069,1.9701,-12.2711,0.1887,0.199946242775402,0.4314,0.3922,0.1961,17.3581,2,-20.7544,"Tomato_30_1",1.8e-05,0.1,8.4553288745208e-05,"Tomato_30_1_26_Scenario_1A",26
818,838,10,-4.7223,-2.2517,-12.3039,-4.7985,-2.3338,-12.4696,0.1887,0.2000083498257,0.4314,0.3922,0.1961,17.3614,2,-20.5559,"Tomato_30_1",1.8e-05,0.1,8.44870382376559e-05,"Tomato_30_1_26_Scenario_1A",26
820,839,19,-0.3874,-0.8214,-10.3991,-0.4168,-1.0099,-10.4593,0.1887,0.200051618338868,0.4314,0.3922,0.1961,17.3675,2,-22.5662,"Tomato_30_1",1.8e-05,0.1,8.59524727942682e-05,"Tomato_30_1_26_Scenario_1A",26
810,840,2,0.8251,-3.6533,-13.1016,0.7557,-3.7057,-13.2817,0.1887,0.199995324945361,0.4314,0.3922,0.1961,17.3739,2,-19.7438,"Tomato_30_1",1.8e-05,0.1,8.48558256241111e-05,"Tomato_30_1_26_Scenario_1A",26
825,841,15,2.4507,-2.2821,-11.6862,2.5129,-2.3517,-11.8631,0.1887,0.200016524317367,0.4314,0.3922,0.1961,17.3931,2,-21.1624,"Tomato_30_1",1.8e-05,0.1,8.66708376192066e-05,"Tomato_30_1_26_Scenario_1A",26
821,842,8,2.7185,-6.1461,-10.9515,2.8356,-6.2632,-11.0636,0.1887,0.199978073798104,0.4314,0.3922,0.1961,17.3993,2,-21.9619,"Tomato_30_1",1.8e-05,0.1,8.37465954584308e-05,"Tomato_30_1_26_Scenario_1A",26
822,843,7,-6.0915,-2.7378,-10.5226,-6.1991,-2.6051,-10.6265,0.1887,0.199955645081602,0.4314,0.3922,0.1961,17.4051,2,-22.399,"Tomato_30_1",1.8e-05,0.1,8.38362553541974e-05,"Tomato_30_1_26_Scenario_1A",26
49,844,20,-0.2361,-0.0786,-10.5269,-0.4107,-0.1397,-10.603,0.1887,0.200023948566166,0.4314,0.3922,0.1961,17.4058,2,-22.4225,"Tomato_30_1",1.8e-05,0.1,8.27717578602459e-05,"Tomato_30_1_26_Scenario_1A",26
823,845,6,0.7182,0.9256,-14.1877,0.6201,1.0439,-14.3157,0.1887,0.200006249902347,0.4314,0.3922,0.1961,17.4147,2,-18.7098,"Tomato_30_1",1.8e-05,0.1,8.39274102303394e-05,"Tomato_30_1_26_Scenario_1A",26
828,846,16,-0.3763,3.0688,-10.5962,-0.4403,3.2367,-10.684,0.1887,0.19998812464744,0.4314,0.3922,0.1961,17.4198,2,-22.3415,"Tomato_30_1",1.8e-05,0.1,8.80075985378455e-05,"Tomato_30_1_26_Scenario_1A",26
826,847,14,-4.4576,0.6876,-9.5491,-4.6248,0.7162,-9.655,0.1887,0.199971522972647,0.4314,0.3922,0.1961,17.4249,2,-23.3705,"Tomato_30_1",1.8e-05,0.1,8.70778719747569e-05,"Tomato_30_1_26_Scenario_1A",26
832,848,17,1.3514,-0.7479,-11.4969,1.4499,-0.7763,-11.6686,0.1887,0.19997424834213,0.4314,0.3922,0.1961,17.4426,2,-21.3569,"Tomato_30_1",1.8e-05,0.1,8.87733345772015e-05,"Tomato_30_1_26_Scenario_1A",26
829,849,18,-1.4543,0.8262,-10.6383,-1.5893,0.9195,-10.7527,0.1887,0.200043120351589,0.4314,0.3922,0.1961,17.4426,2,-22.2728,"Tomato_30_1",1.8e-05,0.1,8.91504011342861e-05,"Tomato_30_1_26_Scenario_1A",26
831,850,11,-5.5121,3.6977,-10.2879,-5.5666,3.7688,-10.4667,0.1887,0.199987249593567,0.4314,0.3922,0.1961,17.452,2,-22.5588,"Tomato_30_1",1.8e-05,0.1,8.396452162702e-05,"Tomato_30_1_26_Scenario_1A",26
827,851,5,-2.2227,-1.5444,-14.2721,-2.196,-1.522,-14.469,0.1887,0.199960646128181,0.4314,0.3922,0.1961,17.4538,2,-18.5565,"Tomato_30_1",1.8e-05,0.1,8.23613798826028e-05,"Tomato_30_1_26_Scenario_1A",26
833,852,13,3.2315,-0.9775,-11.8074,3.2585,-0.9876,-12.0053,0.1887,0.199988549672226,0.4314,0.3922,0.1961,17.4662,2,-21.0202,"Tomato_30_1",1.8e-05,0.1,8.65110144143135e-05,"Tomato_30_1_26_Scenario_1A",26
111,853,0,-0.4479,-0.0301,-20.6843,-0.4442,-0.0402,-20.852,0.1887,0.168044607173215,0.4314,0.3922,0.1961,17.4728,1,-12.1735,"Tomato_30_1",1.8e-05,0.1,7.86106721717926e-05,"Tomato_30_1_26_Scenario_1A",26
836,854,12,-3.5889,-4.1284,-10.9257,-3.6584,-4.1908,-11.1025,0.1887,0.199955620076054,0.4314,0.3922,0.1961,17.4759,2,-21.923,"Tomato_30_1",1.8e-05,0.1,8.48159821180777e-05,"Tomato_30_1_26_Scenario_1A",26
839,855,19,-0.4168,-1.0099,-10.4593,-0.4388,-1.2008,-10.5148,0.1887,0.200017649221262,0.4314,0.3922,0.1961,17.4809,2,-22.5107,"Tomato_30_1",1.8e-05,0.1,8.56855236333069e-05,"Tomato_30_1_26_Scenario_1A",26
835,856,4,1.9565,1.1042,-15.3277,2.0124,1.1242,-15.5187,0.1887,0.2000145244726,0.4314,0.3922,0.1961,17.488,2,-17.5068,"Tomato_30_1",1.8e-05,0.1,8.19765499489648e-05,"Tomato_30_1_26_Scenario_1A",26
830,857,1,-3.9435,-4.3481,-13.3987,-3.9943,-4.3683,-13.591,0.1887,0.199919908963564,0.4314,0.3922,0.1961,17.4924,2,-19.4345,"Tomato_30_1",1.8e-05,0.1,7.71206466874395e-05,"Tomato_30_1_26_Scenario_1A",26
838,858,10,-4.7985,-2.3338,-12.4696,-4.8651,-2.4338,-12.6295,0.1887,0.20000892480087,0.4314,0.3922,0.1961,17.4936,2,-20.396,"Tomato_30_1",1.8e-05,0.1,8.42729368651526e-05,"Tomato_30_1_26_Scenario_1A",26
837,859,9,3.9069,1.9701,-12.2711,3.8253,2.0275,-12.4445,0.1887,0.200052193189677,0.4314,0.3922,0.1961,17.4991,2,-20.581,"Tomato_30_1",1.8e-05,0.1,8.43802398248217e-05,"Tomato_30_1_26_Scenario_1A",26
841,860,15,2.5129,-2.3517,-11.8631,2.585,-2.4269,-12.0338,0.1887,0.199979848984841,0.4314,0.3922,0.1961,17.4999,2,-20.9917,"Tomato_30_1",1.8e-05,0.1,8.6403448664097e-05,"Tomato_30_1_26_Scenario_1A",26
844,861,20,-0.4107,-0.1397,-10.603,-0.5982,-0.1438,-10.6725,0.1887,0.200008274828818,0.4314,0.3922,0.1961,17.5028,2,-22.353,"Tomato_30_1",1.8e-05,0.1,8.25055751519236e-05,"Tomato_30_1_26_Scenario_1A",26
834,862,3,4.7808,3.6327,-11.8977,4.7666,3.6574,-12.0957,0.1887,0.200039321134621,0.4314,0.3922,0.1961,17.5051,2,-20.9298,"Tomato_30_1",1.8e-05,0.1,8.32957546746662e-05,"Tomato_30_1_26_Scenario_1A",26
846,863,16,-0.4403,3.2367,-10.684,-0.4741,3.4029,-10.79,0.1887,0.2000021999879,0.4314,0.3922,0.1961,17.5316,2,-22.2355,"Tomato_30_1",1.8e-05,0.1,8.77583887524085e-05,"Tomato_30_1_26_Scenario_1A",26
842,864,8,2.8356,-6.2632,-11.0636,2.9488,-6.363,-11.1948,0.1887,0.199969297643414,0.4314,0.3922,0.1961,17.5402,2,-21.8307,"Tomato_30_1",1.8e-05,0.1,8.35345958764623e-05,"Tomato_30_1_26_Scenario_1A",26
847,865,14,-4.6248,0.7162,-9.655,-4.7955,0.7341,-9.7578,0.1887,0.200066838831427,0.4314,0.3922,0.1961,17.5508,2,-23.2677,"Tomato_30_1",1.8e-05,0.1,8.68788382890348e-05,"Tomato_30_1_26_Scenario_1A",26
843,866,7,-6.1991,-2.6051,-10.6265,-6.3102,-2.4749,-10.7301,0.1887,0.200070512569944,0.4314,0.3922,0.1961,17.5513,2,-22.2954,"Tomato_30_1",1.8e-05,0.1,8.36828965531998e-05,"Tomato_30_1_26_Scenario_1A",26
848,867,17,1.4499,-0.7763,-11.6686,1.5465,-0.8545,-11.8253,0.1887,0.200004224955375,0.4314,0.3922,0.1961,17.5523,2,-21.2002,"Tomato_30_1",1.8e-05,0.1,8.85294632469492e-05,"Tomato_30_1_26_Scenario_1A",26
849,868,18,-1.5893,0.9195,-10.7527,-1.7032,1.0109,-10.8893,0.1887,0.199966822248092,0.4314,0.3922,0.1961,17.5573,2,-22.1362,"Tomato_30_1",1.8e-05,0.1,8.88559442091848e-05,"Tomato_30_1_26_Scenario_1A",26
840,869,2,0.7557,-3.7057,-13.2817,0.7452,-3.7371,-13.479,0.1887,0.200058741373626,0.4314,0.3922,0.1961,17.5635,2,-19.5465,"Tomato_30_1",1.8e-05,0.1,8.4721872910599e-05,"Tomato_30_1_26_Scenario_1A",26
845,870,6,0.6201,1.0439,-14.3157,0.5245,1.1576,-14.4496,0.1887,0.199990649781434,0.4314,0.3922,0.1961,17.5678,2,-18.5759,"Tomato_30_1",1.8e-05,0.1,8.37259141853516e-05,"Tomato_30_1_26_Scenario_1A",26
850,871,11,-5.5666,3.7688,-10.4667,-5.619,3.8626,-10.6354,0.1887,0.200009724763573,0.4314,0.3922,0.1961,17.5746,2,-22.3901,"Tomato_30_1",1.8e-05,0.1,8.37463253619105e-05,"Tomato_30_1_26_Scenario_1A",26
855,872,19,-0.4388,-1.2008,-10.5148,-0.4761,-1.3874,-10.5762,0.1887,0.199952019244618,0.4314,0.3922,0.1961,17.5951,2,-22.4493,"Tomato_30_1",1.8e-05,0.1,8.54059309403571e-05,"Tomato_30_1_26_Scenario_1A",26
852,873,13,3.2585,-0.9876,-12.0053,3.2829,-1.012,-12.2023,0.1887,0.199999299998774,0.4314,0.3922,0.1961,17.5972,2,-20.8232,"Tomato_30_1",1.8e-05,0.1,8.62852127636221e-05,"Tomato_30_1_26_Scenario_1A",26
854,874,12,-3.6584,-4.1908,-11.1025,-3.7262,-4.2322,-11.2861,0.1887,0.200049393900607,0.4314,0.3922,0.1961,17.5977,2,-21.7394,"Tomato_30_1",1.8e-05,0.1,8.46294453411288e-05,"Tomato_30_1_26_Scenario_1A",26
861,875,20,-0.5982,-0.1438,-10.6725,-0.7847,-0.1295,-10.7433,0.1887,0.199998449993994,0.4314,0.3922,0.1961,17.6004,2,-22.2822,"Tomato_30_1",1.8e-05,0.1,8.22425591696504e-05,"Tomato_30_1_26_Scenario_1A",26
851,876,5,-2.196,-1.522,-14.469,-2.1731,-1.4777,-14.6627,0.1887,0.200016474321492,0.4314,0.3922,0.1961,17.6007,2,-18.3628,"Tomato_30_1",1.8e-05,0.1,8.21762460871813e-05,"Tomato_30_1_26_Scenario_1A",26
860,877,15,2.585,-2.4269,-12.0338,2.6505,-2.5065,-12.2052,0.1887,0.200010924701628,0.4314,0.3922,0.1961,17.6077,2,-20.8203,"Tomato_30_1",1.8e-05,0.1,8.61660805409963e-05,"Tomato_30_1_26_Scenario_1A",26
858,878,10,-4.8651,-2.4338,-12.6295,-4.9405,-2.532,-12.7866,0.1887,0.200022023787382,0.4314,0.3922,0.1961,17.6271,2,-20.2389,"Tomato_30_1",1.8e-05,0.1,8.40648100053683e-05,"Tomato_30_1_26_Scenario_1A",26
856,879,4,2.0124,1.1242,-15.5187,2.0594,1.1429,-15.7122,0.1887,0.200002349986192,0.4314,0.3922,0.1961,17.6401,2,-17.3133,"Tomato_30_1",1.8e-05,0.1,8.17748119009876e-05,"Tomato_30_1_26_Scenario_1A",26
859,880,9,3.8253,2.0275,-12.4445,3.7671,2.0806,-12.6283,0.1887,0.199973223207508,0.4314,0.3922,0.1961,17.6413,2,-20.3972,"Tomato_30_1",1.8e-05,0.1,8.41298690993932e-05,"Tomato_30_1_26_Scenario_1A",26
863,881,16,-0.4741,3.4029,-10.79,-0.4594,3.5848,-10.8719,0.1887,0.200028273001594,0.4314,0.3922,0.1961,17.6442,2,-22.1536,"Tomato_30_1",1.8e-05,0.1,8.7515115818199e-05,"Tomato_30_1_26_Scenario_1A",26
857,882,1,-3.9943,-4.3683,-13.591,-4.0468,-4.3854,-13.7832,0.1887,0.199973748277119,0.4314,0.3922,0.1961,17.6562,2,-19.2423,"Tomato_30_1",1.8e-05,0.1,7.69704465744709e-05,"Tomato_30_1_26_Scenario_1A",26
867,883,17,1.5465,-0.8545,-11.8253,1.6425,-0.9329,-11.9823,0.1887,0.200028897912277,0.4314,0.3922,0.1961,17.6629,2,-21.0432,"Tomato_30_1",1.8e-05,0.1,8.82838948069734e-05,"Tomato_30_1_26_Scenario_1A",26
868,884,18,-1.7032,1.0109,-10.8893,-1.8191,1.0977,-11.0273,0.1887,0.200027623092412,0.4314,0.3922,0.1961,17.6728,2,-21.9982,"Tomato_30_1",1.8e-05,0.1,8.86231967456713e-05,"Tomato_30_1_26_Scenario_1A",26
862,885,3,4.7666,3.6574,-12.0957,4.7508,3.6717,-12.2945,0.1887,0.199938915671761,0.4314,0.3922,0.1961,17.6751,2,-20.731,"Tomato_30_1",1.8e-05,0.1,8.30723118980677e-05,"Tomato_30_1_26_Scenario_1A",26
865,886,14,-4.7955,0.7341,-9.7578,-4.9714,0.7409,-9.8527,0.1887,0.199982649247379,0.4314,0.3922,0.1961,17.6776,2,-23.1728,"Tomato_30_1",1.8e-05,0.1,8.66025759225613e-05,"Tomato_30_1_26_Scenario_1A",26
864,887,8,2.9488,-6.363,-11.1948,3.0331,-6.4969,-11.3171,0.1887,0.199982474232118,0.4314,0.3922,0.1961,17.6825,2,-21.7084,"Tomato_30_1",1.8e-05,0.1,8.3332472871935e-05,"Tomato_30_1_26_Scenario_1A",26
871,888,11,-5.619,3.8626,-10.6354,-5.6714,3.9565,-10.804,0.1887,0.199972323084971,0.4314,0.3922,0.1961,17.6984,2,-22.2215,"Tomato_30_1",1.8e-05,0.1,8.35037981724475e-05,"Tomato_30_1_26_Scenario_1A",26
875,889,20,-0.7847,-0.1295,-10.7433,-0.9667,-0.1052,-10.8225,0.1887,0.199967822411507,0.4314,0.3922,0.1961,17.6986,2,-22.203,"Tomato_30_1",1.8e-05,0.1,8.19717692035267e-05,"Tomato_30_1_26_Scenario_1A",26
866,890,7,-6.3102,-2.4749,-10.7301,-6.3766,-2.3388,-10.8607,0.1887,0.199971322944066,0.4314,0.3922,0.1961,17.6988,2,-22.1648,"Tomato_30_1",1.8e-05,0.1,8.34406951203045e-05,"Tomato_30_1_26_Scenario_1A",26
872,891,19,-0.4761,-1.3874,-10.5762,-0.5081,-1.5756,-10.636,0.1887,0.200048194193299,0.4314,0.3922,0.1961,17.7101,2,-22.3895,"Tomato_30_1",1.8e-05,0.1,8.51961221472135e-05,"Tomato_30_1_26_Scenario_1A",26
112,892,0,-0.4442,-0.0402,-20.852,-0.4425,-0.054,-21.0515,0.1887,0.199983949355943,0.4314,0.3922,0.1961,17.7142,1,-11.974,"Tomato_30_1",1.8e-05,0.1,9.58337423984264e-05,"Tomato_30_1_26_Scenario_1A",26
877,893,15,2.6505,-2.5065,-12.2052,2.722,-2.5806,-12.3767,0.1887,0.200038271338262,0.4314,0.3922,0.1961,17.7162,2,-20.6488,"Tomato_30_1",1.8e-05,0.1,8.59277318038268e-05,"Tomato_30_1_26_Scenario_1A",26
874,894,12,-3.7262,-4.2322,-11.2861,-3.78,-4.2737,-11.4742,0.1887,0.199995749954843,0.4314,0.3922,0.1961,17.7207,2,-21.5513,"Tomato_30_1",1.8e-05,0.1,8.43811987844267e-05,"Tomato_30_1_26_Scenario_1A",26
870,895,6,0.5245,1.1576,-14.4496,0.4157,1.2651,-14.5784,0.1887,0.199957820552235,0.4314,0.3922,0.1961,17.7225,2,-18.4471,"Tomato_30_1",1.8e-05,0.1,8.3517990468011e-05,"Tomato_30_1_26_Scenario_1A",26
873,896,13,3.2829,-1.012,-12.2023,3.3131,-1.0236,-12.3996,0.1887,0.199934714344458,0.4314,0.3922,0.1961,17.7294,2,-20.6259,"Tomato_30_1",1.8e-05,0.1,8.60277382606009e-05,"Tomato_30_1_26_Scenario_1A",26
876,897,5,-2.1731,-1.4777,-14.6627,-2.2003,-1.4579,-14.8599,0.1887,0.200049293925273,0.4314,0.3922,0.1961,17.7489,2,-18.1656,"Tomato_30_1",1.8e-05,0.1,8.19822226603945e-05,"Tomato_30_1_26_Scenario_1A",26
869,898,2,0.7452,-3.7371,-13.479,0.7419,-3.7426,-13.6788,0.1887,0.199902926441812,0.4314,0.3922,0.1961,17.7559,2,-19.3467,"Tomato_30_1",1.8e-05,0.1,8.44959129781364e-05,"Tomato_30_1_26_Scenario_1A",26
881,899,16,-0.4594,3.5848,-10.8719,-0.449,3.771,-10.9441,0.1887,0.199978598854978,0.4314,0.3922,0.1961,17.7578,2,-22.0814,"Tomato_30_1",1.8e-05,0.1,8.72394944582487e-05,"Tomato_30_1_26_Scenario_1A",26
878,900,10,-4.9405,-2.532,-12.7866,-5.0167,-2.625,-12.9464,0.1887,0.199978698865655,0.4314,0.3922,0.1961,17.7619,2,-20.0791,"Tomato_30_1",1.8e-05,0.1,8.38337353399015e-05,"Tomato_30_1_26_Scenario_1A",26
883,901,17,1.6425,-0.9329,-11.9823,1.7674,-0.9552,-12.1369,0.1887,0.199996149962943,0.4314,0.3922,0.1961,17.7744,2,-20.8886,"Tomato_30_1",1.8e-05,0.1,8.80137524577036e-05,"Tomato_30_1_26_Scenario_1A",26
880,902,9,3.7671,2.0806,-12.6283,3.6801,2.1331,-12.8006,0.1887,0.200031347543329,0.4314,0.3922,0.1961,17.7847,2,-20.2249,"Tomato_30_1",1.8e-05,0.1,8.39379271400189e-05,"Tomato_30_1_26_Scenario_1A",26
884,903,18,-1.8191,1.0977,-11.0273,-1.9096,1.1707,-11.19,0.1887,0.199976348601528,0.4314,0.3922,0.1961,17.789,2,-21.8355,"Tomato_30_1",1.8e-05,0.1,8.83415315284793e-05,"Tomato_30_1_26_Scenario_1A",26
879,904,4,2.0594,1.1429,-15.7122,2.1335,1.1973,-15.8898,0.1887,0.199979823982321,0.4314,0.3922,0.1961,17.7936,2,-17.1357,"Tomato_30_1",1.8e-05,0.1,8.15695906019837e-05,"Tomato_30_1_26_Scenario_1A",26
889,905,20,-0.9667,-0.1052,-10.8225,-1.1445,-0.0962,-10.9136,0.1887,0.199982624245208,0.4314,0.3922,0.1961,17.7975,2,-22.1119,"Tomato_30_1",1.8e-05,0.1,8.17203321977555e-05,"Tomato_30_1_26_Scenario_1A",26
886,906,14,-4.9714,0.7409,-9.8527,-5.1501,0.731,-9.942,0.1887,0.200015474401357,0.4314,0.3922,0.1961,17.8053,2,-23.0835,"Tomato_30_1",1.8e-05,0.1,8.63778186780523e-05,"Tomato_30_1_26_Scenario_1A",26
882,907,1,-4.0468,-4.3854,-13.7832,-4.0807,-4.401,-13.9798,0.1887,0.200110294587758,0.4314,0.3922,0.1961,17.8219,2,-19.0457,"Tomato_30_1",1.8e-05,0.1,7.68524940447293e-05,"Tomato_30_1_26_Scenario_1A",26
888,908,11,-5.6714,3.9565,-10.804,-5.7211,4.043,-10.9774,0.1887,0.200049743813882,0.4314,0.3922,0.1961,17.8232,2,-22.0481,"Tomato_30_1",1.8e-05,0.1,8.33098632362846e-05,"Tomato_30_1_26_Scenario_1A",26
893,909,15,2.722,-2.5806,-12.3767,2.7807,-2.6665,-12.5475,0.1887,0.199992849872189,0.4314,0.3922,0.1961,17.8257,2,-20.478,"Tomato_30_1",1.8e-05,0.1,8.56588924296617e-05,"Tomato_30_1_26_Scenario_1A",26
891,910,19,-0.5081,-1.5756,-10.636,-0.5443,-1.7616,-10.6999,0.1887,0.199974123325995,0.4314,0.3922,0.1961,17.826,2,-22.3256,"Tomato_30_1",1.8e-05,0.1,8.49144948529027e-05,"Tomato_30_1_26_Scenario_1A",26
887,911,8,3.0331,-6.4969,-11.3171,3.0994,-6.6194,-11.4606,0.1887,0.199985474472522,0.4314,0.3922,0.1961,17.8262,2,-21.5649,"Tomato_30_1",1.8e-05,0.1,8.31267954558629e-05,"Tomato_30_1_26_Scenario_1A",26
894,912,12,-3.78,-4.2737,-11.4742,-3.8527,-4.3716,-11.6327,0.1887,0.199979873987359,0.4314,0.3922,0.1961,17.8448,2,-21.3928,"Tomato_30_1",1.8e-05,0.1,8.41497249570828e-05,"Tomato_30_1_26_Scenario_1A",26
885,913,3,4.7508,3.6717,-12.2945,4.7439,3.6755,-12.4944,0.1887,0.200055142398291,0.4314,0.3922,0.1961,17.847,2,-20.5311,"Tomato_30_1",1.8e-05,0.1,8.29395653300075e-05,"Tomato_30_1_26_Scenario_1A",26
890,914,7,-6.3766,-2.3388,-10.8607,-6.4279,-2.2069,-11.002,0.1887,0.199987474607787,0.4314,0.3922,0.1961,17.8479,2,-22.0235,"Tomato_30_1",1.8e-05,0.1,8.32474587058641e-05,"Tomato_30_1_26_Scenario_1A",26
896,915,13,3.3131,-1.0236,-12.3996,3.3121,-1.0116,-12.5993,0.1887,0.20006271516702,0.4314,0.3922,0.1961,17.8628,2,-20.4262,"Tomato_30_1",1.8e-05,0.1,8.58537552885703e-05,"Tomato_30_1_26_Scenario_1A",26
899,916,16,-0.449,3.771,-10.9441,-0.4108,3.9454,-11.0342,0.1887,0.199981524146607,0.4314,0.3922,0.1961,17.8721,2,-21.9913,"Tomato_30_1",1.8e-05,0.1,8.6987652969766e-05,"Tomato_30_1_26_Scenario_1A",26
895,917,6,0.4157,1.2651,-14.5784,0.3071,1.3758,-14.7047,0.1887,0.200000349999694,0.4314,0.3922,0.1961,17.8789,2,-18.3208,"Tomato_30_1",1.8e-05,0.1,8.3342241259818e-05,"Tomato_30_1_26_Scenario_1A",26
51,918,21,-0.2474,-0.0721,-10.9226,-0.3899,0.0605,-10.9684,0.1887,0.199966622214809,0.4314,0.3922,0.1961,17.8823,2,-22.0571,"Tomato_30_1",1.8e-05,0.1,7.92737620626971e-05,"Tomato_30_1_26_Scenario_1A",26
901,919,17,1.7674,-0.9552,-12.1369,1.8883,-0.9264,-12.2936,0.1887,0.200002849979693,0.4314,0.3922,0.1961,17.8868,2,-20.7319,"Tomato_30_1",1.8e-05,0.1,8.77617716075087e-05,"Tomato_30_1_26_Scenario_1A",26
905,920,20,-1.1445,-0.0962,-10.9136,-1.317,-0.0937,-11.0148,0.1887,0.200009849757455,0.4314,0.3922,0.1961,17.897,2,-22.0107,"Tomato_30_1",1.8e-05,0.1,8.14745884389983e-05,"Tomato_30_1_26_Scenario_1A",26
900,921,10,-5.0167,-2.625,-12.9464,-5.1233,-2.7202,-13.0863,0.1887,0.19999652496981,0.4314,0.3922,0.1961,17.8981,2,-19.9392,"Tomato_30_1",1.8e-05,0.1,8.36290523828933e-05,"Tomato_30_1_26_Scenario_1A",26
897,922,5,-2.2003,-1.4579,-14.8599,-2.2585,-1.4309,-15.0493,0.1887,0.199971497969086,0.4314,0.3922,0.1961,17.8983,2,-17.9762,"Tomato_30_1",1.8e-05,0.1,8.17436374881971e-05,"Tomato_30_1_26_Scenario_1A",26
903,923,18,-1.9096,1.1707,-11.19,-2.0053,1.2396,-11.3516,0.1887,0.200050643588067,0.4314,0.3922,0.1961,17.906,2,-21.6739,"Tomato_30_1",1.8e-05,0.1,8.81160476891082e-05,"Tomato_30_1_26_Scenario_1A",26
902,924,9,3.6801,2.1331,-12.8006,3.5934,2.1934,-12.9704,0.1887,0.199962546493087,0.4314,0.3922,0.1961,17.9294,2,-20.0551,"Tomato_30_1",1.8e-05,0.1,8.36934578309581e-05,"Tomato_30_1_26_Scenario_1A",26
906,925,14,-5.1501,0.731,-9.942,-5.3214,0.738,-10.045,0.1887,0.200004224955374,0.4314,0.3922,0.1961,17.934,2,-22.9805,"Tomato_30_1",1.8e-05,0.1,8.61347262698655e-05,"Tomato_30_1_26_Scenario_1A",26
909,926,15,2.7807,-2.6665,-12.5475,2.8484,-2.7607,-12.7104,0.1887,0.199983349306886,0.4314,0.3922,0.1961,17.936,2,-20.3151,"Tomato_30_1",1.8e-05,0.1,8.54062722033173e-05,"Tomato_30_1_26_Scenario_1A",26
910,927,19,-0.5443,-1.7616,-10.6999,-0.5731,-1.9508,-10.7579,0.1887,0.199975198462209,0.4314,0.3922,0.1961,17.9426,2,-22.2676,"Tomato_30_1",1.8e-05,0.1,8.46656383229446e-05,"Tomato_30_1_26_Scenario_1A",26
904,928,4,2.1335,1.1973,-15.8898,2.2015,1.27,-16.0632,0.1887,0.199942116623786,0.4314,0.3922,0.1961,17.9487,2,-16.9623,"Tomato_30_1",1.8e-05,0.1,8.13589615151724e-05,"Tomato_30_1_26_Scenario_1A",26
908,929,11,-5.7211,4.043,-10.9774,-5.7424,4.1582,-11.1394,0.1887,0.199921809715699,0.4314,0.3922,0.1961,17.9492,2,-21.8861,"Tomato_30_1",1.8e-05,0.1,8.30312054543789e-05,"Tomato_30_1_26_Scenario_1A",26
898,930,2,0.7419,-3.7426,-13.6788,0.7431,-3.7484,-13.8788,0.1887,0.200087680780201,0.4314,0.3922,0.1961,17.9513,2,-19.1467,"Tomato_30_1",1.8e-05,0.1,8.44145937445273e-05,"Tomato_30_1_26_Scenario_1A",26
113,931,0,-0.4425,-0.054,-21.0515,-0.4408,-0.0702,-21.2509,0.1887,0.200064214691184,0.4314,0.3922,0.1961,17.957,1,-11.7746,"Tomato_30_1",1.8e-05,0.1,8.72356543069579e-05,"Tomato_30_1_26_Scenario_1A",26
114,932,0,-0.4408,-0.0702,-21.2509,-0.4408,-0.0703,-21.2521,0.1887,0.00120415945787644,0.4314,0.3922,0.1961,17.9585,1,-11.7734,"Tomato_30_1",1.8e-05,0.1,5.67073345151875e-07,"Tomato_30_1_26_Scenario_1A",26
912,933,12,-3.8527,-4.3716,-11.6327,-3.9385,-4.4496,-11.7956,0.1887,0.199955119964457,0.4314,0.3922,0.1961,17.9701,2,-21.2299,"Tomato_30_1",1.8e-05,0.1,8.39153018855661e-05,"Tomato_30_1_26_Scenario_1A",26
911,934,8,3.0994,-6.6194,-11.4606,3.1561,-6.7417,-11.6084,0.1887,0.200042545474707,0.4314,0.3922,0.1961,17.9714,2,-21.4171,"Tomato_30_1",1.8e-05,0.1,8.2944209958157e-05,"Tomato_30_1_26_Scenario_1A",26
918,935,21,-0.3899,0.0605,-10.9684,-0.5333,0.1752,-11.0478,0.1887,0.200060015995201,0.4314,0.3922,0.1961,17.9747,2,-21.9777,"Tomato_30_1",1.8e-05,0.1,7.90545949150071e-05,"Tomato_30_1_26_Scenario_1A",26
916,936,16,-0.4108,3.9454,-11.0342,-0.347,4.1166,-11.1157,0.1887,0.200055317349977,0.4314,0.3922,0.1961,17.9874,2,-21.9098,"Tomato_30_1",1.8e-05,0.1,8.67672347623088e-05,"Tomato_30_1_26_Scenario_1A",26
907,937,1,-4.0807,-4.401,-13.9798,-4.1015,-4.404,-14.1786,0.1887,0.19990767869194,0.4314,0.3922,0.1961,17.9896,2,-18.8469,"Tomato_30_1",1.8e-05,0.1,7.66050258805667e-05,"Tomato_30_1_26_Scenario_1A",26
920,938,20,-1.317,-0.0937,-11.0148,-1.4835,-0.1096,-11.1244,0.1887,0.199968047447586,0.4314,0.3922,0.1961,17.9972,2,-21.9011,"Tomato_30_1",1.8e-05,0.1,8.12014493637287e-05,"Tomato_30_1_26_Scenario_1A",26
915,939,13,3.3121,-1.0116,-12.5993,3.3111,-0.999,-12.7989,0.1887,0.1999997999999,0.4314,0.3922,0.1961,17.9973,2,-20.2266,"Tomato_30_1",1.8e-05,0.1,8.55984647345247e-05,"Tomato_30_1_26_Scenario_1A",26
914,940,7,-6.4279,-2.2069,-11.002,-6.4905,-2.0814,-11.1446,0.1887,0.200009424777934,0.4314,0.3922,0.1961,17.9984,2,-21.8809,"Tomato_30_1",1.8e-05,0.1,8.3057289529338e-05,"Tomato_30_1_26_Scenario_1A",26
919,941,17,1.8883,-0.9264,-12.2936,2.0011,-0.9031,-12.4571,0.1887,0.199997449983744,0.4314,0.3922,0.1961,18.0001,2,-20.5684,"Tomato_30_1",1.8e-05,0.0999229999999999,8.75051300819527e-05,"Tomato_30_1_26_Scenario_1A",26
913,942,3,4.7439,3.6755,-12.4944,4.7172,3.6985,-12.6912,0.1887,0.199930312859256,0.4314,0.3922,0.1961,18.021,2,-20.3343,"Tomato_30_1",1.8e-05,0.0984599999999999,8.27061928837711e-05,"Tomato_30_1_26_Scenario_1A",26
923,943,18,-2.0053,1.2396,-11.3516,-2.1078,1.3196,-11.5035,0.1887,0.199949643660599,0.4314,0.3922,0.1961,18.0239,2,-21.522,"Tomato_30_1",1.8e-05,0.0982569999999998,8.78118751613053e-05,"Tomato_30_1_26_Scenario_1A",26
921,944,10,-5.1233,-2.7202,-13.0863,-5.2304,-2.8364,-13.209,0.1887,0.200070337631544,0.4314,0.3922,0.1961,18.0357,2,-19.8165,"Tomato_30_1",1.8e-05,0.097431,8.34455622209489e-05,"Tomato_30_1_26_Scenario_1A",26
917,945,6,0.3071,1.3758,-14.7047,0.1798,1.469,-14.8277,0.1887,0.20005131841605,0.4314,0.3922,0.1961,18.0369,2,-18.1978,"Tomato_30_1",1.8e-05,0.097347,8.31679590855744e-05,"Tomato_30_1_26_Scenario_1A",26
926,946,15,2.8484,-2.7607,-12.7104,2.9131,-2.86,-12.8715,0.1887,0.19999947499931,0.4314,0.3922,0.1961,18.0473,2,-20.154,"Tomato_30_1",1.8e-05,0.0966189999999999,8.51609804425875e-05,"Tomato_30_1_26_Scenario_1A",26
922,947,5,-2.2585,-1.4309,-15.0493,-2.3491,-1.4409,-15.2273,0.1887,0.199980899087887,0.4314,0.3922,0.1961,18.049,2,-17.7982,"Tomato_30_1",1.8e-05,0.0965,8.15377689600269e-05,"Tomato_30_1_26_Scenario_1A",26
927,948,19,-0.5731,-1.9508,-10.7579,-0.58,-2.146,-10.801,0.1887,0.200020648934054,0.4314,0.3922,0.1961,18.0601,2,-22.2245,"Tomato_30_1",1.8e-05,0.095723,8.44306545128706e-05,"Tomato_30_1_26_Scenario_1A",26
925,949,14,-5.3214,0.738,-10.045,-5.4765,0.6744,-10.154,0.1887,0.199954919919466,0.4314,0.3922,0.1961,18.0637,2,-22.8715,"Tomato_30_1",1.8e-05,0.0954709999999999,8.58704633006021e-05,"Tomato_30_1_26_Scenario_1A",26
935,950,21,-0.5333,0.1752,-11.0478,-0.6703,0.2636,-11.1636,0.1887,0.199982999277439,0.4314,0.3922,0.1961,18.0677,2,-21.8619,"Tomato_30_1",1.8e-05,0.095191,7.87622873756096e-05,"Tomato_30_1_26_Scenario_1A",26
924,951,9,3.5934,2.1934,-12.9704,3.509,2.2587,-13.1395,0.1887,0.199955645081603,0.4314,0.3922,0.1961,18.0752,2,-19.886,"Tomato_30_1",1.8e-05,0.094666,8.34696872711263e-05,"Tomato_30_1_26_Scenario_1A",26
929,952,11,-5.7424,4.1582,-11.1394,-5.7198,4.302,-11.2766,0.1887,0.200032597343533,0.4314,0.3922,0.1961,18.0764,2,-21.7489,"Tomato_30_1",1.8e-05,0.0945819999999999,8.28459979998462e-05,"Tomato_30_1_26_Scenario_1A",26
933,953,12,-3.9385,-4.4496,-11.7956,-4.0001,-4.5036,-11.9781,0.1887,0.200042020585675,0.4314,0.3922,0.1961,18.0967,2,-21.0474,"Tomato_30_1",1.8e-05,0.093161,8.37201553685879e-05,"Tomato_30_1_26_Scenario_1A",26
938,954,20,-1.4835,-0.1096,-11.1244,-1.6247,-0.1913,-11.2401,0.1887,0.199997049978244,0.4314,0.3922,0.1961,18.0981,2,-21.7854,"Tomato_30_1",1.8e-05,0.093063,8.09482672382309e-05,"Tomato_30_1_26_Scenario_1A",26
936,955,16,-0.347,4.1166,-11.1157,-0.2762,4.2827,-11.2015,0.1887,0.199908704162675,0.4314,0.3922,0.1961,18.1035,2,-21.824,"Tomato_30_1",1.8e-05,0.0926849999999999,8.64421875514127e-05,"Tomato_30_1_26_Scenario_1A",26
928,956,4,2.2015,1.27,-16.0632,2.2508,1.3608,-16.2345,0.1887,0.200047044467047,0.4314,0.3922,0.1961,18.1054,2,-16.791,"Tomato_30_1",1.8e-05,0.092552,8.11991424177309e-05,"Tomato_30_1_26_Scenario_1A",26
941,957,17,2.0011,-0.9031,-12.4571,2.0793,-0.8695,-12.638,0.1887,0.199922509988245,0.4314,0.3922,0.1961,18.1143,2,-20.3875,"Tomato_30_1",1.8e-05,0.0919289999999999,8.72078568068601e-05,"Tomato_30_1_26_Scenario_1A",26
934,958,8,3.1561,-6.7417,-11.6084,3.1953,-6.8682,-11.7583,0.1887,0.200022248762482,0.4314,0.3922,0.1961,18.1181,2,-21.2672,"Tomato_30_1",1.8e-05,0.091663,8.2720857889907e-05,"Tomato_30_1_26_Scenario_1A",26
939,959,13,3.3111,-0.999,-12.7989,3.3066,-0.9663,-12.9961,0.1887,0.199943442002983,0.4314,0.3922,0.1961,18.133,2,-20.0294,"Tomato_30_1",1.8e-05,0.09062,8.53351589613299e-05,"Tomato_30_1_26_Scenario_1A",26
943,960,18,-2.1078,1.3196,-11.5035,-2.168,1.3709,-11.6872,0.1887,0.200003549968494,0.4314,0.3922,0.1961,18.1425,2,-21.3383,"Tomato_30_1",1.8e-05,0.089955,8.75622560775345e-05,"Tomato_30_1_26_Scenario_1A",26
930,961,2,0.7431,-3.7484,-13.8788,0.7836,-3.7582,-14.0744,0.1887,0.19998912470432,0.4314,0.3922,0.1961,18.1497,2,-18.9511,"Tomato_30_1",1.8e-05,0.089451,8.42050283605081e-05,"Tomato_30_1_26_Scenario_1A",26
940,962,7,-6.4905,-2.0814,-11.1446,-6.5439,-1.9726,-11.3037,0.1887,0.200004524948811,0.4314,0.3922,0.1961,18.1505,2,-21.7218,"Tomato_30_1",1.8e-05,0.0893949999999998,8.28448880385248e-05,"Tomato_30_1_26_Scenario_1A",26
937,963,1,-4.1015,-4.404,-14.1786,-4.1213,-4.4068,-14.3776,0.1887,0.2000021999879,0.4314,0.3922,0.1961,18.1592,2,-18.6479,"Tomato_30_1",1.8e-05,0.088786,7.64615494538014e-05,"Tomato_30_1_26_Scenario_1A",26
946,964,15,2.9131,-2.86,-12.8715,2.9737,-2.9301,-13.0487,0.1887,0.199965522028174,0.4314,0.3922,0.1961,18.1594,2,-19.9768,"Tomato_30_1",1.8e-05,0.0887719999999998,8.48795213589763e-05,"Tomato_30_1_26_Scenario_1A",26
950,965,21,-0.6703,0.2636,-11.1636,-0.7902,0.3599,-11.2914,0.1887,0.199956345235653,0.4314,0.3922,0.1961,18.1614,2,-21.7341,"Tomato_30_1",1.8e-05,0.0886319999999999,7.8474378900676e-05,"Tomato_30_1_26_Scenario_1A",26
944,966,10,-5.2304,-2.8364,-13.209,-5.3315,-2.9255,-13.3567,0.1887,0.19993826547212,0.4314,0.3922,0.1961,18.1747,2,-19.6688,"Tomato_30_1",1.8e-05,0.0877009999999998,8.3162258014102e-05,"Tomato_30_1_26_Scenario_1A",26
948,967,19,-0.58,-2.146,-10.801,-0.5703,-2.3395,-10.8505,0.1887,0.199966472189715,0.4314,0.3922,0.1961,18.1785,2,-22.175,"Tomato_30_1",1.8e-05,0.0874349999999999,8.41365678845403e-05,"Tomato_30_1_26_Scenario_1A",26
949,968,14,-5.4765,0.6744,-10.154,-5.6631,0.6462,-10.2202,0.1887,0.199993099880971,0.4314,0.3922,0.1961,18.1943,2,-22.8053,"Tomato_30_1",1.8e-05,0.086329,8.56258045187697e-05,"Tomato_30_1_26_Scenario_1A",26
945,969,6,0.1798,1.469,-14.8277,0.0826,1.544,-14.9856,0.1887,0.200013124569364,0.4314,0.3922,0.1961,18.1967,2,-18.0399,"Tomato_30_1",1.8e-05,0.0861609999999999,8.29418924965994e-05,"Tomato_30_1_26_Scenario_1A",26
942,970,3,4.7172,3.6985,-12.6912,4.6923,3.7225,-12.8882,0.1887,0.200012524607835,0.4314,0.3922,0.1961,18.1969,2,-20.1373,"Tomato_30_1",1.8e-05,0.086147,8.25448128138857e-05,"Tomato_30_1_26_Scenario_1A",26
954,971,20,-1.6247,-0.1913,-11.2401,-1.7653,-0.2936,-11.339,0.1887,0.200037146550335,0.4314,0.3922,0.1961,18.1996,2,-21.6865,"Tomato_30_1",1.8e-05,0.0859579999999999,8.06793401503322e-05,"Tomato_30_1_26_Scenario_1A",26
947,972,5,-2.3491,-1.4409,-15.2273,-2.4479,-1.4448,-15.4012,0.1887,0.200044645017056,0.4314,0.3922,0.1961,18.2009,2,-17.6243,"Tomato_30_1",1.8e-05,0.0858669999999999,8.13377583043457e-05,"Tomato_30_1_26_Scenario_1A",26
115,973,0,-0.4408,-0.0703,-21.2521,-0.4394,-0.0959,-21.4504,0.1887,0.199950518879046,0.4314,0.3922,0.1961,18.2027,1,-11.5751,"Tomato_30_1",1.8e-05,0.0857409999999999,9.29865791070191e-05,"Tomato_30_1_26_Scenario_1A",26
952,974,11,-5.7198,4.302,-11.2766,-5.6961,4.4485,-11.4106,0.1887,0.199949843710867,0.4314,0.3922,0.1961,18.2047,2,-21.6149,"Tomato_30_1",1.8e-05,0.085601,8.25624822876679e-05,"Tomato_30_1_26_Scenario_1A",26
955,975,16,-0.2762,4.2827,-11.2015,-0.2238,4.428,-11.3286,0.1887,0.200030647651804,0.4314,0.3922,0.1961,18.2206,2,-21.6969,"Tomato_30_1",1.8e-05,0.0844879999999998,8.62110409539094e-05,"Tomato_30_1_26_Scenario_1A",26
951,976,9,3.509,2.2587,-13.1395,3.4415,2.3174,-13.3184,0.1887,0.200017874201283,0.4314,0.3922,0.1961,18.2224,2,-19.7071,"Tomato_30_1",1.8e-05,0.0843619999999999,8.32555672311162e-05,"Tomato_30_1_26_Scenario_1A",26
953,977,12,-4.0001,-4.5036,-11.9781,-4.0469,-4.6015,-12.1461,0.1887,0.199996624971524,0.4314,0.3922,0.1961,18.2245,2,-20.8794,"Tomato_30_1",1.8e-05,0.084215,8.34494486691221e-05,"Tomato_30_1_26_Scenario_1A",26
957,978,17,2.0793,-0.8695,-12.638,2.1521,-0.8296,-12.82,0.1887,0.200039621075426,0.4314,0.3922,0.1961,18.2294,2,-20.2055,"Tomato_30_1",1.8e-05,0.083872,8.69708480623916e-05,"Tomato_30_1_26_Scenario_1A",26
965,979,21,-0.7902,0.3599,-11.2914,-0.9075,0.4344,-11.4353,0.1887,0.200041870617129,0.4314,0.3922,0.1961,18.2557,2,-21.5902,"Tomato_30_1",1.8e-05,0.0820309999999999,7.82096871798081e-05,"Tomato_30_1_26_Scenario_1A",26
960,980,18,-2.168,1.3709,-11.6872,-2.1955,1.4367,-11.8741,0.1887,0.20004374521589,0.4314,0.3922,0.1961,18.262,2,-21.1514,"Tomato_30_1",1.8e-05,0.0815899999999999,8.72806225959992e-05,"Tomato_30_1_26_Scenario_1A",26
956,981,4,2.2508,1.3608,-16.2345,2.2834,1.366,-16.4317,0.1887,0.19994409218579,0.4314,0.3922,0.1961,18.2637,2,-16.5938,"Tomato_30_1",1.8e-05,0.0814709999999999,8.09336265830615e-05,"Tomato_30_1_26_Scenario_1A",26
958,982,8,3.1953,-6.8682,-11.7583,3.2479,-6.9926,-11.9058,0.1887,0.199995924958485,0.4314,0.3922,0.1961,18.2663,2,-21.1197,"Tomato_30_1",1.8e-05,0.0812889999999998,8.24722578026369e-05,"Tomato_30_1_26_Scenario_1A",26
959,983,13,3.3066,-0.9663,-12.9961,3.308,-0.9437,-13.1948,0.1887,0.199986024511715,0.4314,0.3922,0.1961,18.27,2,-19.8307,"Tomato_30_1",1.8e-05,0.0810299999999999,8.50883302172376e-05,"Tomato_30_1_26_Scenario_1A",26
964,984,15,2.9737,-2.9301,-13.0487,3.0306,-3.0077,-13.2241,0.1887,0.200061315600992,0.4314,0.3922,0.1961,18.2725,2,-19.8014,"Tomato_30_1",1.8e-05,0.0808549999999999,8.46289233114251e-05,"Tomato_30_1_26_Scenario_1A",26
967,985,19,-0.5703,-2.3395,-10.8505,-0.5671,-2.5358,-10.8889,0.1887,0.200046219659358,0.4314,0.3922,0.1961,18.2977,2,-22.1366,"Tomato_30_1",1.8e-05,0.079091,8.38724006975437e-05,"Tomato_30_1_26_Scenario_1A",26
971,986,20,-1.7653,-0.2936,-11.339,-1.8803,-0.3848,-11.4748,0.1887,0.199960196039112,0.4314,0.3922,0.1961,18.3018,2,-21.5507,"Tomato_30_1",1.8e-05,0.0788039999999999,8.03393635424819e-05,"Tomato_30_1_26_Scenario_1A",26
962,987,7,-6.5439,-1.9726,-11.3037,-6.6113,-1.8616,-11.4558,0.1887,0.199995424947673,0.4314,0.3922,0.1961,18.3042,2,-21.5697,"Tomato_30_1",1.8e-05,0.0786359999999998,8.26046422765793e-05,"Tomato_30_1_26_Scenario_1A",26
966,988,10,-5.3315,-2.9255,-13.3567,-5.4222,-3.0342,-13.498,0.1887,0.200019674032331,0.4314,0.3922,0.1961,18.3152,2,-19.5275,"Tomato_30_1",1.8e-05,0.0778659999999999,8.29415184523651e-05,"Tomato_30_1_26_Scenario_1A",26
968,989,14,-5.6631,0.6462,-10.2202,-5.8507,0.6173,-10.2834,0.1887,0.200058016585189,0.4314,0.3922,0.1961,18.326,2,-22.7421,"Tomato_30_1",1.8e-05,0.0771099999999999,8.53637544851638e-05,"Tomato_30_1_26_Scenario_1A",26
963,990,1,-4.1213,-4.4068,-14.3776,-4.1321,-4.3991,-14.5772,0.1887,0.200040220955687,0.4314,0.3922,0.1961,18.3308,2,-18.4483,"Tomato_30_1",1.8e-05,0.0767739999999999,7.62715117019448e-05,"Tomato_30_1_26_Scenario_1A",26
974,991,11,-5.6961,4.4485,-11.4106,-5.6729,4.5949,-11.5449,0.1887,0.200019224076087,0.4314,0.3922,0.1961,18.3342,2,-21.4806,"Tomato_30_1",1.8e-05,0.076536,8.23147507578676e-05,"Tomato_30_1_26_Scenario_1A",26
975,992,16,-0.2238,4.428,-11.3286,-0.1703,4.5728,-11.4558,0.1887,0.200022823697697,0.4314,0.3922,0.1961,18.3386,2,-21.5697,"Tomato_30_1",1.8e-05,0.0762279999999999,8.58954148447278e-05,"Tomato_30_1_26_Scenario_1A",26
978,993,17,2.1521,-0.8296,-12.82,2.2314,-0.7982,-13.0009,0.1887,0.199998149991443,0.4314,0.3922,0.1961,18.3454,2,-20.0246,"Tomato_30_1",1.8e-05,0.0757519999999998,8.66363181804548e-05,"Tomato_30_1_26_Scenario_1A",26
979,994,21,-0.9075,0.4344,-11.4353,-1.0206,0.5079,-11.583,0.1887,0.200022873691986,0.4314,0.3922,0.1961,18.3507,2,-21.4425,"Tomato_30_1",1.8e-05,0.0753809999999999,7.78796334014537e-05,"Tomato_30_1_26_Scenario_1A",26
961,995,2,0.7836,-3.7582,-14.0744,0.8055,-3.7396,-14.2723,0.1887,0.199974948431046,0.4314,0.3922,0.1961,18.3512,2,-18.7532,"Tomato_30_1",1.8e-05,0.075346,8.40060744410535e-05,"Tomato_30_1_26_Scenario_1A",26
977,996,12,-4.0469,-4.6015,-12.1461,-4.083,-4.6293,-12.3409,0.1887,0.200057716671964,0.4314,0.3922,0.1961,18.3535,2,-20.6846,"Tomato_30_1",1.8e-05,0.0751849999999999,8.31954569219773e-05,"Tomato_30_1_26_Scenario_1A",26
53,997,22,-0.2987,-0.0521,-11.2988,-0.2539,0.1278,-11.3739,0.1887,0.200027648088958,0.4314,0.3922,0.1961,18.3537,2,-21.6516,"Tomato_30_1",1.8e-05,0.0751709999999999,7.64355193476322e-05,"Tomato_30_1_26_Scenario_1A",26
972,998,5,-2.4479,-1.4448,-15.4012,-2.526,-1.414,-15.5827,0.1887,0.199976248589678,0.4314,0.3922,0.1961,18.3541,2,-17.4428,"Tomato_30_1",1.8e-05,0.075143,8.10546668007297e-05,"Tomato_30_1_26_Scenario_1A",26
969,999,6,0.0826,1.544,-14.9856,0.0036,1.5919,-15.163,0.1887,0.20001542440522,0.4314,0.3922,0.1961,18.3581,2,-17.8625,"Tomato_30_1",1.8e-05,0.0748629999999999,8.27039224613208e-05,"Tomato_30_1_26_Scenario_1A",26
976,1000,9,3.4415,2.3174,-13.3184,3.3707,2.374,-13.4967,0.1887,0.200017724214631,0.4314,0.3922,0.1961,18.3708,2,-19.5288,"Tomato_30_1",1.8e-05,0.073974,8.29846250055404e-05,"Tomato_30_1_26_Scenario_1A",26
970,1001,3,4.6923,3.7225,-12.8882,4.6456,3.7452,-13.0814,0.1887,0.200056042148195,0.4314,0.3922,0.1961,18.3749,2,-19.9441,"Tomato_30_1",1.8e-05,0.0736869999999999,8.23375015672357e-05,"Tomato_30_1_26_Scenario_1A",26
980,1002,18,-2.1955,1.4367,-11.8741,-2.2053,1.511,-12.0595,0.1887,0.199974223338909,0.4314,0.3922,0.1961,18.3823,2,-20.966,"Tomato_30_1",1.8e-05,0.0731689999999999,8.69195200099924e-05,"Tomato_30_1_26_Scenario_1A",26
984,1003,15,3.0306,-3.0077,-13.2241,3.0742,-3.1019,-13.395,0.1887,0.199953519598931,0.4314,0.3922,0.1961,18.3865,2,-19.6305,"Tomato_30_1",1.8e-05,0.0728749999999998,8.42629137393085e-05,"Tomato_30_1_26_Scenario_1A",26
986,1004,20,-1.8803,-0.3848,-11.4748,-2.0448,-0.4436,-11.5722,0.1887,0.200011124690603,0.4314,0.3922,0.1961,18.4047,2,-21.4533,"Tomato_30_1",1.8e-05,0.071601,8.00221025421593e-05,"Tomato_30_1_26_Scenario_1A",26
983,1005,13,3.308,-0.9437,-13.1948,3.3259,-0.9228,-13.393,0.1887,0.200101124434622,0.4314,0.3922,0.1961,18.4081,2,-19.6325,"Tomato_30_1",1.8e-05,0.0713629999999998,8.48392085996434e-05,"Tomato_30_1_26_Scenario_1A",26
982,1006,8,3.2479,-6.9926,-11.9058,3.3259,-7.1283,-12.0303,0.1887,0.199996849975194,0.4314,0.3922,0.1961,18.416,2,-20.9952,"Tomato_30_1",1.8e-05,0.0708099999999999,8.22029703551082e-05,"Tomato_30_1_26_Scenario_1A",26
985,1007,19,-0.5671,-2.5358,-10.8889,-0.5638,-2.732,-10.9277,0.1887,0.200026923187855,0.4314,0.3922,0.1961,18.4179,2,-22.0978,"Tomato_30_1",1.8e-05,0.070677,8.35340090845318e-05,"Tomato_30_1_26_Scenario_1A",26
981,1008,4,2.2834,1.366,-16.4317,2.3186,1.3675,-16.6286,0.1887,0.200027248143846,0.4314,0.3922,0.1961,18.4237,2,-16.3969,"Tomato_30_1",1.8e-05,0.0702709999999999,8.07111653375308e-05,"Tomato_30_1_26_Scenario_1A",26
994,1009,21,-1.0206,0.5079,-11.583,-1.1105,0.5979,-11.7373,0.1887,0.199976248589676,0.4314,0.3922,0.1961,18.4464,2,-21.2882,"Tomato_30_1",1.8e-05,0.0686819999999999,7.75098921483932e-05,"Tomato_30_1_26_Scenario_1A",26
116,1010,0,-0.4394,-0.0959,-21.4504,-0.4308,-0.1011,-21.6502,0.1887,0.200052593084922,0.4314,0.3922,0.1961,18.4484,1,-11.3753,"Tomato_30_1",1.8e-05,0.068542,9.3329048314793e-05,"Tomato_30_1_26_Scenario_1A",26
997,1011,22,-0.2539,0.1278,-11.3739,-0.2292,0.2965,-11.4785,0.1887,0.200027348130199,0.4314,0.3922,0.1961,18.4536,2,-21.547,"Tomato_30_1",1.8e-05,0.0681779999999998,7.60898384221556e-05,"Tomato_30_1_26_Scenario_1A",26
117,1012,0,-0.4308,-0.1011,-21.6502,-0.4305,-0.1012,-21.6546,0.1887,0.00441134900001942,0.4314,0.3922,0.1961,18.4539,1,-11.3709,"Tomato_30_1",1.8e-05,0.0681569999999999,2.09509194283553e-06,"Tomato_30_1_26_Scenario_1A",26
988,1013,10,-5.4222,-3.0342,-13.498,-5.5224,-3.1466,-13.6296,0.1887,0.199980899087888,0.4314,0.3922,0.1961,18.4572,2,-19.3959,"Tomato_30_1",1.8e-05,0.0679259999999999,8.26369892067895e-05,"Tomato_30_1_26_Scenario_1A",26
992,1014,16,-0.1703,4.5728,-11.4558,-0.1256,4.7156,-11.5885,0.1887,0.199998049990494,0.4314,0.3922,0.1961,18.4575,2,-21.437,"Tomato_30_1",1.8e-05,0.0679049999999999,8.5537449591875e-05,"Tomato_30_1_26_Scenario_1A",26
989,1015,14,-5.8507,0.6173,-10.2834,-6.0347,0.6212,-10.3615,0.1887,0.199927036690889,0.4314,0.3922,0.1961,18.4586,2,-22.664,"Tomato_30_1",1.8e-05,0.0678279999999999,8.49820120376715e-05,"Tomato_30_1_26_Scenario_1A",26
987,1016,7,-6.6113,-1.8616,-11.4558,-6.6673,-1.7518,-11.6133,0.1887,0.19999572495431,0.4314,0.3922,0.1961,18.4594,2,-21.4122,"Tomato_30_1",1.8e-05,0.067772,8.23339577135981e-05,"Tomato_30_1_26_Scenario_1A",26
993,1017,17,2.2314,-0.7982,-13.0009,2.3031,-0.7735,-13.186,0.1887,0.200032472363864,0.4314,0.3922,0.1961,18.4624,2,-19.8395,"Tomato_30_1",1.8e-05,0.067562,8.62994072798181e-05,"Tomato_30_1_26_Scenario_1A",26
991,1018,11,-5.6729,4.5949,-11.5449,-5.6412,4.7303,-11.6887,0.1887,0.200041220752124,0.4314,0.3922,0.1961,18.465,2,-21.3368,"Tomato_30_1",1.8e-05,0.0673799999999999,8.20130227854691e-05,"Tomato_30_1_26_Scenario_1A",26
996,1019,12,-4.083,-4.6293,-12.3409,-4.0682,-4.6452,-12.5397,0.1887,0.19998322429644,0.4314,0.3922,0.1961,18.4839,2,-20.4858,"Tomato_30_1",1.8e-05,0.066057,8.28499065551316e-05,"Tomato_30_1_26_Scenario_1A",26
1003,1020,15,3.0742,-3.1019,-13.395,3.1178,-3.2029,-13.5621,0.1887,0.200060915723186,0.4314,0.3922,0.1961,18.5015,2,-19.4634,"Tomato_30_1",1.8e-05,0.0648249999999999,8.39510509947943e-05,"Tomato_30_1_26_Scenario_1A",26
1002,1021,18,-2.2053,1.511,-12.0595,-2.2203,1.5852,-12.2446,0.1887,0.199981624155821,0.4314,0.3922,0.1961,18.5035,2,-20.7809,"Tomato_30_1",1.8e-05,0.064685,8.65522197588163e-05,"Tomato_30_1_26_Scenario_1A",26
990,1022,1,-4.1321,-4.3991,-14.5772,-4.1415,-4.3874,-14.7766,0.1887,0.199964021763917,0.4314,0.3922,0.1961,18.5045,2,-18.2489,"Tomato_30_1",1.8e-05,0.0646149999999999,7.60034496250125e-05,"Tomato_30_1_26_Scenario_1A",26
1004,1023,20,-2.0448,-0.4436,-11.5722,-2.2049,-0.5042,-11.6757,0.1887,0.20004154568489,0.4314,0.3922,0.1961,18.5083,2,-21.3498,"Tomato_30_1",1.8e-05,0.064349,7.96613128823972e-05,"Tomato_30_1_26_Scenario_1A",26
998,1024,5,-2.526,-1.414,-15.5827,-2.6052,-1.3817,-15.7635,0.1887,0.200011424673692,0.4314,0.3922,0.1961,18.5087,2,-17.262,"Tomato_30_1",1.8e-05,0.0643209999999999,8.0774703167746e-05,"Tomato_30_1_26_Scenario_1A",26
1000,1025,9,3.3707,2.374,-13.4967,3.3087,2.4923,-13.6456,0.1887,0.200025248406294,0.4314,0.3922,0.1961,18.5206,2,-19.3799,"Tomato_30_1",1.8e-05,0.0634879999999998,8.26762801999324e-05,"Tomato_30_1_26_Scenario_1A",26
999,1026,6,0.0036,1.5919,-15.163,-0.0866,1.6522,-15.331,0.1887,0.199990324765974,0.4314,0.3922,0.1961,18.5214,2,-17.6945,"Tomato_30_1",1.8e-05,0.0634319999999999,8.24159025949733e-05,"Tomato_30_1_26_Scenario_1A",26
1007,1027,19,-0.5638,-2.732,-10.9277,-0.5575,-2.9284,-10.965,0.1887,0.200009849757455,0.4314,0.3922,0.1961,18.5389,2,-22.0605,"Tomato_30_1",1.8e-05,0.0622069999999998,8.3155417421313e-05,"Tomato_30_1_26_Scenario_1A",26
1009,1028,21,-1.1105,0.5979,-11.7373,-1.1745,0.7104,-11.8898,0.1887,0.200021248871214,0.4314,0.3922,0.1961,18.5427,2,-21.1357,"Tomato_30_1",1.8e-05,0.0619409999999999,7.71403039019346e-05,"Tomato_30_1_26_Scenario_1A",26
1005,1029,13,3.3259,-0.9228,-13.393,3.3598,-0.8545,-13.5778,0.1887,0.199912831003915,0.4314,0.3922,0.1961,18.5476,2,-19.4477,"Tomato_30_1",1.8e-05,0.061598,8.44187462600894e-05,"Tomato_30_1_26_Scenario_1A",26
1011,1030,22,-0.2292,0.2965,-11.4785,-0.2111,0.4729,-11.5708,0.1887,0.199909629582969,0.4314,0.3922,0.1961,18.5541,2,-21.4547,"Tomato_30_1",1.8e-05,0.061143,7.56631377632766e-05,"Tomato_30_1_26_Scenario_1A",26
1001,1031,3,4.6456,3.7452,-13.0814,4.5976,3.7647,-13.2745,0.1887,0.199929637622839,0.4314,0.3922,0.1961,18.5551,2,-19.751,"Tomato_30_1",1.8e-05,0.061073,8.20188596316012e-05,"Tomato_30_1_26_Scenario_1A",26
995,1032,2,0.8055,-3.7396,-14.2723,0.8293,-3.7498,-14.4706,0.1887,0.199983424313116,0.4314,0.3922,0.1961,18.5558,2,-18.5549,"Tomato_30_1",1.8e-05,0.0610239999999998,8.37766100570049e-05,"Tomato_30_1_26_Scenario_1A",26
1006,1033,8,3.3259,-7.1283,-12.0303,3.3966,-7.2589,-12.1642,0.1887,0.199960146029151,0.4314,0.3922,0.1961,18.5673,2,-20.8613,"Tomato_30_1",1.8e-05,0.060219,8.18754583660599e-05,"Tomato_30_1_26_Scenario_1A",26
1014,1034,16,-0.1256,4.7156,-11.5885,-0.0809,4.8585,-11.7211,0.1887,0.200003149975194,0.4314,0.3922,0.1961,18.5773,2,-21.3044,"Tomato_30_1",1.8e-05,0.0595189999999998,8.51475278357555e-05,"Tomato_30_1_26_Scenario_1A",26
1017,1035,17,2.3031,-0.7735,-13.186,2.3188,-0.7639,-13.3852,0.1887,0.200048219187274,0.4314,0.3922,0.1961,18.5804,2,-19.6403,"Tomato_30_1",1.8e-05,0.0593019999999999,8.59095092641489e-05,"Tomato_30_1_26_Scenario_1A",26
1008,1036,4,2.3186,1.3675,-16.6286,2.3772,1.3714,-16.8198,0.1887,0.200016524317369,0.4314,0.3922,0.1961,18.5854,2,-16.2057,"Tomato_30_1",1.8e-05,0.0589519999999999,8.04064562797681e-05,"Tomato_30_1_26_Scenario_1A",26
1015,1037,14,-6.0347,0.6212,-10.3615,-6.219,0.6271,-10.4391,0.1887,0.200057641693588,0.4314,0.3922,0.1961,18.5922,2,-22.5864,"Tomato_30_1",1.8e-05,0.058476,8.46639785947182e-05,"Tomato_30_1_26_Scenario_1A",26
1018,1038,11,-5.6412,4.7303,-11.6887,-5.6073,4.8516,-11.844,0.1887,0.199952469352093,0.4314,0.3922,0.1961,18.5969,2,-21.1815,"Tomato_30_1",1.8e-05,0.0581469999999998,8.16211898093645e-05,"Tomato_30_1_26_Scenario_1A",26
1013,1039,10,-5.5224,-3.1466,-13.6296,-5.6209,-3.2566,-13.7645,0.1887,0.200000649998944,0.4314,0.3922,0.1961,18.6007,2,-19.261,"Tomato_30_1",1.8e-05,0.0578809999999999,8.23114099254293e-05,"Tomato_30_1_26_Scenario_1A",26
1023,1040,20,-2.2049,-0.5042,-11.6757,-2.347,-0.6001,-11.7786,0.1887,0.199944067178799,0.4314,0.3922,0.1961,18.6126,2,-21.2469,"Tomato_30_1",1.8e-05,0.0570479999999999,7.9205907881725e-05,"Tomato_30_1_26_Scenario_1A",26
1019,1041,12,-4.0682,-4.6452,-12.5397,-4.046,-4.672,-12.7366,0.1887,0.199951719172404,0.4314,0.3922,0.1961,18.6155,2,-20.2889,"Tomato_30_1",1.8e-05,0.0568449999999999,8.24761279178828e-05,"Tomato_30_1_26_Scenario_1A",26
1016,1042,7,-6.6673,-1.7518,-11.6133,-6.7267,-1.6402,-11.7683,0.1887,0.200019799019997,0.4314,0.3922,0.1961,18.6163,2,-21.2572,"Tomato_30_1",1.8e-05,0.056789,8.20259178600923e-05,"Tomato_30_1_26_Scenario_1A",26
1020,1043,15,3.1178,-3.2029,-13.5621,3.1698,-3.2889,-13.735,0.1887,0.199986024511715,0.4314,0.3922,0.1961,18.6175,2,-19.2905,"Tomato_30_1",1.8e-05,0.0567049999999999,8.35158798275682e-05,"Tomato_30_1_26_Scenario_1A",26
1021,1044,18,-2.2203,1.5852,-12.2446,-2.2315,1.6573,-12.4308,0.1887,0.199985724490524,0.4314,0.3922,0.1961,18.6255,2,-20.5947,"Tomato_30_1",1.8e-05,0.056145,8.6131973092496e-05,"Tomato_30_1_26_Scenario_1A",26
1028,1045,21,-1.1745,0.7104,-11.8898,-1.2413,0.8318,-12.034,0.1887,0.199984599407055,0.4314,0.3922,0.1961,18.6398,2,-20.9915,"Tomato_30_1",1.8e-05,0.0551439999999998,7.66952884162157e-05,"Tomato_30_1_26_Scenario_1A",26
1030,1046,22,-0.2111,0.4729,-11.5708,-0.1962,0.66,-11.64,0.1887,0.200042645453413,0.4314,0.3922,0.1961,18.6553,2,-21.3855,"Tomato_30_1",1.8e-05,0.0540589999999999,7.52852113180316e-05,"Tomato_30_1_26_Scenario_1A",26
1027,1047,19,-0.5575,-2.9284,-10.965,-0.5144,-3.1118,-11.0321,0.1887,0.199988949694727,0.4314,0.3922,0.1961,18.6608,2,-21.9934,"Tomato_30_1",1.8e-05,0.053674,8.27215015703269e-05,"Tomato_30_1_26_Scenario_1A",26
1024,1048,5,-2.6052,-1.3817,-15.7635,-2.7152,-1.331,-15.9226,0.1887,0.199958245641433,0.4314,0.3922,0.1961,18.6646,2,-17.1029,"Tomato_30_1",1.8e-05,0.0534079999999999,8.04050848836331e-05,"Tomato_30_1_26_Scenario_1A",26
1025,1049,9,3.3087,2.4923,-13.6456,3.2887,2.6168,-13.8008,0.1887,0.199968222475473,0.4314,0.3922,0.1961,18.6716,2,-19.2247,"Tomato_30_1",1.8e-05,0.0529179999999998,8.22853881873318e-05,"Tomato_30_1_26_Scenario_1A",26
1022,1050,1,-4.1415,-4.3874,-14.7766,-4.1762,-4.3749,-14.9732,0.1887,0.200029747787673,0.4314,0.3922,0.1961,18.6804,2,-18.0523,"Tomato_30_1",1.8e-05,0.052302,7.57393473337516e-05,"Tomato_30_1_26_Scenario_1A",26
1026,1051,6,-0.0866,1.6522,-15.331,-0.1741,1.7109,-15.501,0.1887,0.200004849941195,0.4314,0.3922,0.1961,18.6865,2,-17.5245,"Tomato_30_1",1.8e-05,0.051875,8.20890358550236e-05,"Tomato_30_1_26_Scenario_1A",26
1029,1052,13,3.3598,-0.8545,-13.5778,3.3916,-0.7933,-13.7656,0.1887,0.200063789827144,0.4314,0.3922,0.1961,18.6883,2,-19.2599,"Tomato_30_1",1.8e-05,0.0517489999999998,8.40830472931611e-05,"Tomato_30_1_26_Scenario_1A",26
1034,1053,16,-0.0809,4.8585,-11.7211,-0.0673,5.0017,-11.8601,0.1887,0.200030497674729,0.4314,0.3922,0.1961,18.6982,2,-21.1654,"Tomato_30_1",1.8e-05,0.0510559999999999,8.47078533296851e-05,"Tomato_30_1_26_Scenario_1A",26
1035,1054,17,2.3188,-0.7639,-13.3852,2.3347,-0.7525,-13.5842,0.1887,0.199959420883338,0.4314,0.3922,0.1961,18.6994,2,-19.4413,"Tomato_30_1",1.8e-05,0.0509719999999999,8.54159675296421e-05,"Tomato_30_1_26_Scenario_1A",26
118,1055,0,-0.4305,-0.1012,-21.6546,-0.393,-0.0782,-21.8497,0.1887,0.199998149991444,0.4314,0.3922,0.1961,18.701,1,-11.1758,"Tomato_30_1",1.8e-05,0.0508599999999999,8.69703101546646e-05,"Tomato_30_1_26_Scenario_1A",26
1040,1056,20,-2.347,-0.6001,-11.7786,-2.4779,-0.7309,-11.8544,0.1887,0.199972723139932,0.4314,0.3922,0.1961,18.7177,2,-21.1711,"Tomato_30_1",1.8e-05,0.0496909999999999,7.87442058468777e-05,"Tomato_30_1_26_Scenario_1A",26
1033,1057,8,3.3966,-7.2589,-12.1642,3.4244,-7.4102,-12.2921,0.1887,0.200057341779801,0.4314,0.3922,0.1961,18.7203,2,-20.7334,"Tomato_30_1",1.8e-05,0.0495089999999998,8.15420965690135e-05,"Tomato_30_1_26_Scenario_1A",26
1037,1058,14,-6.219,0.6271,-10.4391,-6.4094,0.6405,-10.4989,0.1887,0.200019399059191,0.4314,0.3922,0.1961,18.7269,2,-22.5266,"Tomato_30_1",1.8e-05,0.0490469999999999,8.42093789890394e-05,"Tomato_30_1_26_Scenario_1A",26
1038,1059,11,-5.6073,4.8516,-11.844,-5.5974,4.958,-12.0131,0.1887,0.200034447033505,0.4314,0.3922,0.1961,18.7302,2,-21.0124,"Tomato_30_1",1.8e-05,0.0488159999999999,8.12377328703448e-05,"Tomato_30_1_26_Scenario_1A",26
1043,1060,15,3.1698,-3.2889,-13.735,3.1893,-3.3768,-13.9136,0.1887,0.200011549666514,0.4314,0.3922,0.1961,18.7345,2,-19.1119,"Tomato_30_1",1.8e-05,0.0485149999999999,8.30608209946705e-05,"Tomato_30_1_26_Scenario_1A",26
1031,1061,3,4.5976,3.7647,-13.2745,4.5647,3.767,-13.4718,0.1887,0.200037471489719,0.4314,0.3922,0.1961,18.7374,2,-19.5537,"Tomato_30_1",1.8e-05,0.0483119999999998,8.17341412606771e-05,"Tomato_30_1_26_Scenario_1A",26
1045,1062,21,-1.2413,0.8318,-12.034,-1.3323,0.8911,-12.2019,0.1887,0.199969747711997,0.4314,0.3922,0.1961,18.7375,2,-20.8236,"Tomato_30_1",1.8e-05,0.0483049999999999,7.62027972551938e-05,"Tomato_30_1_26_Scenario_1A",26
1039,1063,10,-5.6209,-3.2566,-13.7645,-5.7201,-3.3618,-13.9027,0.1887,0.20001729925184,0.4314,0.3922,0.1961,18.7458,2,-19.1228,"Tomato_30_1",1.8e-05,0.047724,8.19208043417573e-05,"Tomato_30_1_26_Scenario_1A",26
1044,1064,18,-2.2315,1.6573,-12.4308,-2.2463,1.7232,-12.6191,0.1887,0.200046844513979,0.4314,0.3922,0.1961,18.7484,2,-20.4064,"Tomato_30_1",1.8e-05,0.0475419999999999,8.56667631532596e-05,"Tomato_30_1_26_Scenario_1A",26
1041,1065,12,-4.046,-4.672,-12.7366,-4.0333,-4.6916,-12.9353,0.1887,0.200067838494847,0.4314,0.3922,0.1961,18.7486,2,-20.0902,"Tomato_30_1",1.8e-05,0.0475279999999999,8.20992694351722e-05,"Tomato_30_1_26_Scenario_1A",26
1036,1066,4,2.3772,1.3714,-16.8198,2.425,1.3753,-17.014,0.1887,0.200034222072123,0.4314,0.3922,0.1961,18.7488,2,-16.0115,"Tomato_30_1",1.8e-05,0.047514,8.00488271419188e-05,"Tomato_30_1_26_Scenario_1A",26
1046,1067,22,-0.1962,0.66,-11.64,-0.1796,0.8406,-11.7244,0.1887,0.200038196352596,0.4314,0.3922,0.1961,18.7571,2,-21.3011,"Tomato_30_1",1.8e-05,0.0469329999999998,7.47955652230305e-05,"Tomato_30_1_26_Scenario_1A",26
1032,1068,2,0.8293,-3.7498,-14.4706,0.825,-3.7469,-14.6705,0.1887,0.199967272322249,0.4314,0.3922,0.1961,18.7638,2,-18.355,"Tomato_30_1",1.8e-05,0.0464639999999999,8.34734015113937e-05,"Tomato_30_1_26_Scenario_1A",26
1042,1069,7,-6.7267,-1.6402,-11.7683,-6.7955,-1.5409,-11.9277,0.1887,0.200005724918063,0.4314,0.3922,0.1961,18.7749,2,-21.0978,"Tomato_30_1",1.8e-05,0.045687,8.16335362780319e-05,"Tomato_30_1_26_Scenario_1A",26
1047,1070,19,-0.5144,-3.1118,-11.0321,-0.5372,-3.3038,-11.083,0.1887,0.19993661495584,0.4314,0.3922,0.1961,18.7837,2,-21.9425,"Tomato_30_1",1.8e-05,0.0450709999999999,8.2201417362701e-05,"Tomato_30_1_26_Scenario_1A",26
1054,1071,17,2.3347,-0.7525,-13.5842,2.3528,-0.7306,-13.7822,0.1887,0.20002804803327,0.4314,0.3922,0.1961,18.8194,2,-19.2433,"Tomato_30_1",1.8e-05,0.0425719999999998,8.49085555066454e-05,"Tomato_30_1_26_Scenario_1A",26
1053,1072,16,-0.0673,5.0017,-11.8601,-0.0552,5.1386,-12.0054,0.1887,0.200000274999812,0.4314,0.3922,0.1961,18.82,2,-21.0201,"Tomato_30_1",1.8e-05,0.0425299999999999,8.41621517137457e-05,"Tomato_30_1_26_Scenario_1A",26
1048,1073,5,-2.7152,-1.331,-15.9226,-2.8142,-1.2756,-16.0874,0.1887,0.20007298668236,0.4314,0.3922,0.1961,18.8218,2,-16.9381,"Tomato_30_1",1.8e-05,0.0424039999999999,8.00225818629113e-05,"Tomato_30_1_26_Scenario_1A",26
1056,1074,20,-2.4779,-0.7309,-11.8544,-2.6147,-0.8268,-11.9644,0.1887,0.200027623092412,0.4314,0.3922,0.1961,18.8235,2,-21.0611,"Tomato_30_1",1.8e-05,0.042285,7.82170907402859e-05,"Tomato_30_1_26_Scenario_1A",26
1049,1075,9,3.2887,2.6168,-13.8008,3.2428,2.7203,-13.9656,0.1887,0.199945242504041,0.4314,0.3922,0.1961,18.8241,2,-19.0599,"Tomato_30_1",1.8e-05,0.0422429999999998,8.18262743909272e-05,"Tomato_30_1_26_Scenario_1A",26
1052,1076,13,3.3916,-0.7933,-13.7656,3.4138,-0.7289,-13.9536,0.1887,0.199960496098605,0.4314,0.3922,0.1961,18.8303,2,-19.0719,"Tomato_30_1",1.8e-05,0.0418089999999998,8.35556537515258e-05,"Tomato_30_1_26_Scenario_1A",26
1062,1077,21,-1.3323,0.8911,-12.2019,-1.4383,0.9276,-12.3676,0.1887,0.200061840439399,0.4314,0.3922,0.1961,18.8359,2,-20.6579,"Tomato_30_1",1.8e-05,0.041417,7.56768440951503e-05,"Tomato_30_1_26_Scenario_1A",26
56,1078,23,-0.3074,-0.0422,-11.699,-0.4925,-0.0794,-11.7651,0.1887,0.200037646456861,0.4314,0.3922,0.1961,18.8503,2,-21.2604,"Tomato_30_1",1.8e-05,0.0404089999999999,7.38280240513534e-05,"Tomato_30_1_26_Scenario_1A",26
1060,1079,15,3.1893,-3.3768,-13.9136,3.1987,-3.4508,-14.0991,0.1887,0.199936514924112,0.4314,0.3922,0.1961,18.8525,2,-18.9264,"Tomato_30_1",1.8e-05,0.040255,8.24780989018583e-05,"Tomato_30_1_26_Scenario_1A",26
1051,1080,6,-0.1741,1.7109,-15.501,-0.2619,1.7701,-15.6707,0.1887,0.200028922908664,0.4314,0.3922,0.1961,18.8535,2,-17.3548,"Tomato_30_1",1.8e-05,0.0401849999999999,8.16809043899772e-05,"Tomato_30_1_26_Scenario_1A",26
1050,1081,1,-4.1762,-4.3749,-14.9732,-4.2026,-4.3579,-15.1707,0.1887,0.199980524051718,0.4314,0.3922,0.1961,18.8584,2,-17.8548,"Tomato_30_1",1.8e-05,0.0398419999999999,7.535274815053e-05,"Tomato_30_1_26_Scenario_1A",26
1067,1082,22,-0.1796,0.8406,-11.7244,-0.1747,1.0224,-11.8075,0.1887,0.199952144274574,0.4314,0.3922,0.1961,18.8596,2,-21.218,"Tomato_30_1",1.8e-05,0.0397579999999999,7.41957202787822e-05,"Tomato_30_1_26_Scenario_1A",26
1058,1083,14,-6.4094,0.6405,-10.4989,-6.5992,0.6503,-10.5609,0.1887,0.199910179830843,0.4314,0.3922,0.1961,18.8627,2,-22.4646,"Tomato_30_1",1.8e-05,0.0395409999999999,8.36313653793125e-05,"Tomato_30_1_26_Scenario_1A",26
1059,1084,11,-5.5974,4.958,-12.0131,-5.5876,5.0645,-12.1821,0.1887,0.199998224992124,0.4314,0.3922,0.1961,18.8648,2,-20.8434,"Tomato_30_1",1.8e-05,0.039394,8.07171720812029e-05,"Tomato_30_1_26_Scenario_1A",26
1064,1085,18,-2.2463,1.7232,-12.6191,-2.2313,1.7927,-12.806,0.1887,0.19996714730175,0.4314,0.3922,0.1961,18.8722,2,-20.2195,"Tomato_30_1",1.8e-05,0.038876,8.50429878666873e-05,"Tomato_30_1_26_Scenario_1A",26
1057,1086,8,3.4244,-7.4102,-12.2921,3.4493,-7.5615,-12.4205,0.1887,0.199995649952693,0.4314,0.3922,0.1961,18.8749,2,-20.605,"Tomato_30_1",1.8e-05,0.0386869999999999,8.10518208642397e-05,"Tomato_30_1_26_Scenario_1A",26
1065,1087,12,-4.0333,-4.6916,-12.9353,-3.9979,-4.6748,-13.1314,0.1887,0.199976523622149,0.4314,0.3922,0.1961,18.8829,2,-19.8941,"Tomato_30_1",1.8e-05,0.038127,8.15439833803215e-05,"Tomato_30_1_26_Scenario_1A",26
1063,1088,10,-5.7201,-3.3618,-13.9027,-5.8319,-3.4734,-14.0253,0.1887,0.199961396274381,0.4314,0.3922,0.1961,18.8924,2,-19.0002,"Tomato_30_1",1.8e-05,0.037462,8.14044254100249e-05,"Tomato_30_1_26_Scenario_1A",26
1070,1089,19,-0.5372,-3.3038,-11.083,-0.5414,-3.4966,-11.1362,0.1887,0.200049293925273,0.4314,0.3922,0.1961,18.9075,2,-21.8893,"Tomato_30_1",1.8e-05,0.036405,8.16426831658177e-05,"Tomato_30_1_26_Scenario_1A",26
1066,1090,4,2.425,1.3753,-17.014,2.4708,1.355,-17.2076,0.1887,0.199976723645528,0.4314,0.3922,0.1961,18.9139,2,-15.8179,"Tomato_30_1",1.8e-05,0.0359569999999998,7.95588532338961e-05,"Tomato_30_1_26_Scenario_1A",26
1061,1091,3,4.5647,3.767,-13.4718,4.5675,3.7604,-13.6717,0.1887,0.200028522966101,0.4314,0.3922,0.1961,18.922,2,-19.3538,"Tomato_30_1",1.8e-05,0.0353899999999999,8.12977464481956e-05,"Tomato_30_1_26_Scenario_1A",26
1074,1092,20,-2.6147,-0.8268,-11.9644,-2.721,-0.9253,-12.1022,0.1887,0.199976948671591,0.4314,0.3922,0.1961,18.93,2,-20.9233,"Tomato_30_1",1.8e-05,0.0348299999999999,7.75428346124958e-05,"Tomato_30_1_26_Scenario_1A",26
1069,1093,7,-6.7955,-1.5409,-11.9277,-6.8603,-1.4364,-12.0854,0.1887,0.199971447961953,0.4314,0.3922,0.1961,18.9351,2,-20.9401,"Tomato_30_1",1.8e-05,0.034473,8.11232981010886e-05,"Tomato_30_1_26_Scenario_1A",26
1077,1094,21,-1.4383,0.9276,-12.3676,-1.5551,0.9409,-12.5294,0.1887,0.199995924958486,0.4314,0.3922,0.1961,18.9351,2,-20.4961,"Tomato_30_1",1.8e-05,0.034473,7.49888685923e-05,"Tomato_30_1_26_Scenario_1A",26
1071,1095,17,2.3528,-0.7306,-13.7822,2.3619,-0.6986,-13.9794,0.1887,0.199986624552744,0.4314,0.3922,0.1961,18.9404,2,-19.0461,"Tomato_30_1",1.8e-05,0.0341019999999999,8.42354437475594e-05,"Tomato_30_1_26_Scenario_1A",26
1072,1096,16,-0.0552,5.1386,-12.0054,-0.0536,5.2814,-12.1454,0.1887,0.199985999509966,0.4314,0.3922,0.1961,18.9427,2,-20.8801,"Tomato_30_1",1.8e-05,0.033941,8.35031552537333e-05,"Tomato_30_1_26_Scenario_1A",26
119,1097,0,-0.393,-0.0782,-21.8497,-0.3702,-0.0549,-22.047,0.1887,0.199975048443552,0.4314,0.3922,0.1961,18.9495,1,-10.9785,"Tomato_30_1",1.8e-05,0.0334649999999999,9.38962795258404e-05,"Tomato_30_1_26_Scenario_1A",26
1078,1098,23,-0.4925,-0.0794,-11.7651,-0.6797,-0.1097,-11.8286,0.1887,0.199985449470705,0.4314,0.3922,0.1961,18.953,2,-21.1969,"Tomato_30_1",1.8e-05,0.03322,7.31450161455933e-05,"Tomato_30_1_26_Scenario_1A",26
120,1099,0,-0.3702,-0.0549,-22.047,-0.3695,-0.054,-22.0541,0.1887,0.00719096655533641,0.4314,0.3922,0.1961,18.9584,1,-10.9714,"Tomato_30_1",1.8e-05,0.0328419999999998,3.33675838513341e-06,"Tomato_30_1_26_Scenario_1A",26
1082,1100,22,-0.1747,1.0224,-11.8075,-0.1628,1.2066,-11.8845,0.1887,0.200000624999023,0.4314,0.3922,0.1961,18.9627,2,-21.141,"Tomato_30_1",1.8e-05,0.0325409999999998,7.35325552007188e-05,"Tomato_30_1_26_Scenario_1A",26
1079,1101,15,3.1987,-3.4508,-14.0991,3.2033,-3.5049,-14.2916,0.1887,0.200010549721759,0.4314,0.3922,0.1961,18.9715,2,-18.7339,"Tomato_30_1",1.8e-05,0.031925,8.18288166422686e-05,"Tomato_30_1_26_Scenario_1A",26
1076,1102,13,3.4138,-0.7289,-13.9536,3.4481,-0.6896,-14.1467,0.1887,0.200021473847184,0.4314,0.3922,0.1961,18.9737,2,-18.8788,"Tomato_30_1",1.8e-05,0.0317709999999998,8.29629949616406e-05,"Tomato_30_1_26_Scenario_1A",26
1068,1103,2,0.825,-3.7469,-14.6705,0.8416,-3.7399,-14.8697,0.1887,0.200012999577527,0.4314,0.3922,0.1961,18.9752,2,-18.1558,"Tomato_30_1",1.8e-05,0.0316659999999998,8.30790324771364e-05,"Tomato_30_1_26_Scenario_1A",26
1075,1104,9,3.2428,2.7203,-13.9656,3.1945,2.7964,-14.1442,0.1887,0.200055142398289,0.4314,0.3922,0.1961,18.9779,2,-18.8813,"Tomato_30_1",1.8e-05,0.0314769999999998,8.12871086906139e-05,"Tomato_30_1_26_Scenario_1A",26
1073,1105,5,-2.8142,-1.2756,-16.0874,-2.9303,-1.2653,-16.2499,0.1887,0.199978873884219,0.4314,0.3922,0.1961,18.9805,2,-16.7756,"Tomato_30_1",1.8e-05,0.031295,7.9424444699355e-05,"Tomato_30_1_26_Scenario_1A",26
1085,1106,18,-2.2313,1.7927,-12.806,-2.2186,1.8675,-12.9911,0.1887,0.200045844745648,0.4314,0.3922,0.1961,18.9969,2,-20.0344,"Tomato_30_1",1.8e-05,0.0301469999999999,8.43355877159365e-05,"Tomato_30_1_26_Scenario_1A",26
1083,1107,14,-6.5992,0.6503,-10.5609,-6.7642,0.7183,-10.6512,0.1887,0.200007724850816,0.4314,0.3922,0.1961,18.9995,2,-22.3743,"Tomato_30_1",1.80810000000004e-05,0.03,8.33645897170376e-05,"Tomato_30_1_26_Scenario_1A",26
1084,1108,11,-5.5876,5.0645,-12.1821,-5.5705,5.1692,-12.3516,0.1887,0.199961871365518,0.4314,0.3922,0.1961,19.0007,2,-20.6739,"Tomato_30_1",1.82753999999999e-05,0.03,8.12821186588658e-05,"Tomato_30_1_26_Scenario_1A",26
1087,1109,12,-3.9979,-4.6748,-13.1314,-3.934,-4.6719,-13.3209,0.1887,0.200004674945363,0.4314,0.3922,0.1961,19.0187,2,-19.7046,"Tomato_30_1",2.11914e-05,0.03,9.52495939416451e-05,"Tomato_30_1_26_Scenario_1A",26
1080,1110,6,-0.2619,1.7701,-15.6707,-0.3533,1.8115,-15.8436,0.1887,0.199905802817227,0.4314,0.3922,0.1961,19.0224,2,-17.1819,"Tomato_30_1",2.17908000000004e-05,0.03,9.81581036385869e-05,"Tomato_30_1_26_Scenario_1A",26
1086,1111,8,3.4493,-7.5615,-12.4205,3.5201,-7.7251,-12.5111,0.1887,0.199964896919435,0.4314,0.3922,0.1961,19.0312,2,-20.5144,"Tomato_30_1",2.32163999999999e-05,0.03,0.000103756582616739,"Tomato_30_1_26_Scenario_1A",26
1089,1112,19,-0.5414,-3.4966,-11.1362,-0.5454,-3.6836,-11.2071,0.1887,0.200029522821008,0.4314,0.3922,0.1961,19.0322,2,-21.8184,"Tomato_30_1",2.33784000000001e-05,0.03,0.000105067582666885,"Tomato_30_1_26_Scenario_1A",26
1094,1113,21,-1.5551,0.9409,-12.5294,-1.6577,0.9571,-12.7003,0.1887,0.199990024751236,0.4314,0.3922,0.1961,19.035,2,-20.3252,"Tomato_30_1",2.38320000000002e-05,0.03,9.82556801994449e-05,"Tomato_30_1_26_Scenario_1A",26
1092,1114,20,-2.721,-0.9253,-12.1022,-2.834,-1.0172,-12.2393,0.1887,0.200027548102755,0.4314,0.3922,0.1961,19.0373,2,-20.7862,"Tomato_30_1",2.42045999999999e-05,0.03,0.00010325806421171,"Tomato_30_1_26_Scenario_1A",26
1081,1115,1,-4.2026,-4.3579,-15.1707,-4.229,-4.3476,-15.3687,0.1887,0.200017624223467,0.4314,0.3922,0.1961,19.0386,2,-17.6568,"Tomato_30_1",2.44152e-05,0.03,0.000101570500187562,"Tomato_30_1_26_Scenario_1A",26
1088,1116,10,-5.8319,-3.4734,-14.0253,-5.9418,-3.5922,-14.1429,0.1887,0.200053017972736,0.4314,0.3922,0.1961,19.0407,2,-18.8826,"Tomato_30_1",2.47554000000004e-05,0.03,0.000111154338039015,"Tomato_30_1_26_Scenario_1A",26
1098,1117,23,-0.6797,-0.1097,-11.8286,-0.8496,-0.1522,-11.9252,0.1887,0.200009549772005,0.4314,0.3922,0.1961,19.0564,2,-21.1003,"Tomato_30_1",2.72988000000002e-05,0.03,0.000109784032371269,"Tomato_30_1_26_Scenario_1A",26
1095,1118,17,2.3619,-0.6986,-13.9794,2.3712,-0.6667,-14.1766,0.1887,0.199979848984842,0.4314,0.3922,0.1961,19.0624,2,-18.8489,"Tomato_30_1",2.82708000000002e-05,0.03,0.000131078247521938,"Tomato_30_1_26_Scenario_1A",26
1096,1119,16,-0.0536,5.2814,-12.1454,-0.0277,5.4201,-12.2871,0.1887,0.199968472515044,0.4314,0.3922,0.1961,19.0666,2,-20.7384,"Tomato_30_1",2.89512000000004e-05,0.03,0.000133053867935979,"Tomato_30_1_26_Scenario_1A",26
1100,1120,22,-0.1628,1.2066,-11.8845,-0.1587,1.3977,-11.9433,0.1887,0.19998364933164,0.4314,0.3922,0.1961,19.0666,2,-21.0822,"Tomato_30_1",2.89512000000004e-05,0.03,0.000117007295698387,"Tomato_30_1_26_Scenario_1A",26
1090,1121,4,2.4708,1.355,-17.2076,2.5486,1.3528,-17.3918,0.1887,0.199968297487377,0.4314,0.3922,0.1961,19.0809,2,-15.6337,"Tomato_30_1",3.12678000000002e-05,0.03,0.000137184920308767,"Tomato_30_1_26_Scenario_1A",26
1101,1122,15,3.2033,-3.5049,-14.2916,3.1955,-3.5689,-14.481,0.1887,0.20007298668236,0.4314,0.3922,0.1961,19.0916,2,-18.5445,"Tomato_30_1",3.30012000000002e-05,0.03,0.000148640654213217,"Tomato_30_1_26_Scenario_1A",26
1093,1123,7,-6.8603,-1.4364,-12.0854,-6.9703,-1.3453,-12.2254,0.1887,0.199998024990249,0.4314,0.3922,0.1961,19.0971,2,-20.8001,"Tomato_30_1",3.38922000000004e-05,0.03,0.000151627309071152,"Tomato_30_1_26_Scenario_1A",26
1091,1124,3,4.5675,3.7604,-13.6717,4.5902,3.7429,-13.8696,0.1887,0.199964871915045,0.4314,0.3922,0.1961,19.1088,2,-19.1559,"Tomato_30_1",3.57876e-05,0.03,0.000160507776696453,"Tomato_30_1_26_Scenario_1A",26
1102,1125,13,3.4481,-0.6896,-14.1467,3.4954,-0.6385,-14.3342,0.1887,0.200011874647482,0.4314,0.3922,0.1961,19.1184,2,-18.6913,"Tomato_30_1",3.73428000000004e-05,0.03,0.000170611786608371,"Tomato_30_1_26_Scenario_1A",26
1106,1126,18,-2.2186,1.8675,-12.9911,-2.1822,1.9273,-13.1784,0.1887,0.199955720098226,0.4314,0.3922,0.1961,19.1225,2,-19.8471,"Tomato_30_1",3.8007e-05,0.03,0.000176234534117944,"Tomato_30_1_26_Scenario_1A",26
1104,1127,9,3.1945,2.7964,-14.1442,3.1407,2.8768,-14.3193,0.1887,0.20004651958982,0.4314,0.3922,0.1961,19.1331,2,-18.7062,"Tomato_30_1",3.97242e-05,0.03,0.000177876558443038,"Tomato_30_1_26_Scenario_1A",26
1113,1128,21,-1.6577,0.9571,-12.7003,-1.7397,1.0054,-12.8762,0.1887,0.199994249917342,0.4314,0.3922,0.1961,19.1356,2,-20.1493,"Tomato_30_1",4.01292000000002e-05,0.03,0.000163607901183546,"Tomato_30_1_26_Scenario_1A",26
1107,1129,14,-6.7642,0.7183,-10.6512,-6.915,0.7808,-10.7668,0.1887,0.200025623358609,0.4314,0.3922,0.1961,19.1374,2,-22.2587,"Tomato_30_1",4.04208000000001e-05,0.03,0.00018464795028571,"Tomato_30_1_26_Scenario_1A",26
1108,1130,11,-5.5705,5.1692,-12.3516,-5.5681,5.2551,-12.5322,0.1887,0.200002324986486,0.4314,0.3922,0.1961,19.1379,2,-20.4933,"Tomato_30_1",4.05017999999999e-05,0.03,0.000178530440007795,"Tomato_30_1_26_Scenario_1A",26
1105,1131,5,-2.9303,-1.2653,-16.2499,-3.0581,-1.2393,-16.4015,0.1887,0.19997849884425,0.4314,0.3922,0.1961,19.1405,2,-16.624,"Tomato_30_1",4.09230000000001e-05,0.03,0.000179079322239116,"Tomato_30_1_26_Scenario_1A",26
1114,1132,20,-2.834,-1.0172,-12.2393,-2.9002,-1.1495,-12.3739,0.1887,0.200007224869503,0.4314,0.3922,0.1961,19.1453,2,-20.6516,"Tomato_30_1",4.17006e-05,0.03,0.000175960515040945,"Tomato_30_1_26_Scenario_1A",26
1109,1133,12,-3.934,-4.6719,-13.3209,-3.8937,-4.6638,-13.5166,0.1887,0.199970472820365,0.4314,0.3922,0.1961,19.1559,2,-19.5089,"Tomato_30_1",4.34178000000001e-05,0.03,0.000193369632518672,"Tomato_30_1_26_Scenario_1A",26
1112,1134,19,-0.5454,-3.6836,-11.2071,-0.5444,-3.8718,-11.2747,0.1887,0.199974998437304,0.4314,0.3922,0.1961,19.158,2,-21.7508,"Tomato_30_1",4.37580000000004e-05,0.03,0.000194643970532811,"Tomato_30_1_26_Scenario_1A",26
1117,1135,23,-0.8496,-0.1522,-11.9252,-1.0273,-0.2212,-11.9856,0.1887,0.199966122130725,0.4314,0.3922,0.1961,19.1605,2,-21.0399,"Tomato_30_1",4.4163e-05,0.03,0.000175600453316661,"Tomato_30_1_26_Scenario_1A",26
1120,1136,22,-0.1587,1.3977,-11.9433,-0.1415,1.5862,-12.0081,0.1887,0.200067813503322,0.4314,0.3922,0.1961,19.1711,2,-21.0174,"Tomato_30_1",4.58802000000001e-05,0.03,0.00018344652781639,"Tomato_30_1_26_Scenario_1A",26
1118,1137,17,2.3712,-0.6667,-14.1766,2.3783,-0.6321,-14.3735,0.1887,0.200042945389233,0.4314,0.3922,0.1961,19.1856,2,-18.652,"Tomato_30_1",4.82292000000003e-05,0.03,0.000221485917570737,"Tomato_30_1_26_Scenario_1A",26
1111,1138,8,3.5201,-7.7251,-12.5111,3.5703,-7.8846,-12.6208,0.1887,0.199985949506458,0.4314,0.3922,0.1961,19.1892,2,-20.4047,"Tomato_30_1",4.88124000000001e-05,0.03,0.000216360630463865,"Tomato_30_1_26_Scenario_1A",26
1103,1139,2,0.8416,-3.7399,-14.8697,0.849,-3.699,-15.0654,0.1887,0.200065139392149,0.4314,0.3922,0.1961,19.1901,2,-17.9601,"Tomato_30_1",4.89582000000004e-05,0.03,0.000224657959488209,"Tomato_30_1_26_Scenario_1A",26
1116,1140,10,-5.9418,-3.5922,-14.1429,-6.0641,-3.6928,-14.2651,0.1887,0.20002622328085,0.4314,0.3922,0.1961,19.1907,2,-18.7604,"Tomato_30_1",4.90554000000001e-05,0.03,0.000218367629198205,"Tomato_30_1_26_Scenario_1A",26
1119,1141,16,-0.0277,5.4201,-12.2871,0.008,5.5621,-12.4233,0.1887,0.19997232308497,0.4314,0.3922,0.1961,19.1914,2,-20.6022,"Tomato_30_1",4.91688000000004e-05,0.03,0.000223747716154705,"Tomato_30_1_26_Scenario_1A",26
1110,1142,6,-0.3533,1.8115,-15.8436,-0.4201,1.8459,-16.029,0.1887,0.200046894502264,0.4314,0.3922,0.1961,19.1932,2,-16.9965,"Tomato_30_1",4.94604000000004e-05,0.03,0.000221236579290759,"Tomato_30_1_26_Scenario_1A",26
121,1143,0,-0.3695,-0.054,-22.0541,-0.3589,-0.0369,-22.2531,0.1887,0.200014424479838,0.4314,0.3922,0.1961,19.2085,1,-10.7724,"Tomato_30_1",5.19390000000003e-05,0.03,0.000259478026980257,"Tomato_30_1_26_Scenario_1A",26
1122,1144,15,3.1955,-3.5689,-14.481,3.1602,-3.6471,-14.6616,0.1887,0.199944217220704,0.4314,0.3922,0.1961,19.2127,2,-18.3639,"Tomato_30_1",5.26194000000005e-05,0.03,0.000234512035932495,"Tomato_30_1_26_Scenario_1A",26
1115,1145,1,-4.229,-4.3476,-15.3687,-4.2614,-4.3539,-15.566,0.1887,0.20004184562236,0.4314,0.3922,0.1961,19.2211,2,-17.4595,"Tomato_30_1",5.39802000000002e-05,0.03,0.000222944198717666,"Tomato_30_1_26_Scenario_1A",26
1128,1146,21,-1.7397,1.0054,-12.8762,-1.8247,1.0435,-13.0532,0.1887,0.200014024508283,0.4314,0.3922,0.1961,19.237,2,-19.9723,"Tomato_30_1",5.65559999999999e-05,0.03,0.000228021241807499,"Tomato_30_1_26_Scenario_1A",26
1126,1147,18,-2.1822,1.9273,-13.1784,-2.1493,1.9654,-13.372,0.1887,0.2000374464944,0.4314,0.3922,0.1961,19.2491,2,-19.6535,"Tomato_30_1",5.85162e-05,0.03,0.000268743646612508,"Tomato_30_1_26_Scenario_1A",26
1121,1148,4,2.5486,1.3528,-17.3918,2.5832,1.3592,-17.5887,0.1887,0.200019324066451,0.4314,0.3922,0.1961,19.2497,2,-15.4368,"Tomato_30_1",5.86134000000003e-05,0.03,0.000255173500932754,"Tomato_30_1_26_Scenario_1A",26
1132,1149,20,-2.9002,-1.1495,-12.3739,-2.9692,-1.2822,-12.5067,0.1887,0.200015324412906,0.4314,0.3922,0.1961,19.2541,2,-20.5188,"Tomato_30_1",5.93262000000004e-05,0.03,0.000247631264350536,"Tomato_30_1_26_Scenario_1A",26
1123,1150,7,-6.9703,-1.3453,-12.2254,-7.1013,-1.269,-12.3559,0.1887,0.200032347384117,0.4314,0.3922,0.1961,19.2609,2,-20.6696,"Tomato_30_1",6.04278000000001e-05,0.03,0.000268229587584124,"Tomato_30_1_26_Scenario_1A",26
1125,1151,13,3.4954,-0.6385,-14.3342,3.5075,-0.6268,-14.5335,0.1887,0.200009474775572,0.4314,0.3922,0.1961,19.2646,2,-18.492,"Tomato_30_1",6.10272000000004e-05,0.03,0.000276321263634365,"Tomato_30_1_26_Scenario_1A",26
1135,1152,23,-1.0273,-0.2212,-11.9856,-1.2124,-0.2544,-12.0538,0.1887,0.200038721251662,0.4314,0.3922,0.1961,19.2653,2,-20.9717,"Tomato_30_1",6.11406000000002e-05,0.03,0.000240489448462704,"Tomato_30_1_26_Scenario_1A",26
1129,1153,14,-6.915,0.7808,-10.7668,-7.0599,0.8526,-10.8844,0.1887,0.199952519363973,0.4314,0.3922,0.1961,19.2763,2,-22.1411,"Tomato_30_1",6.29226000000001e-05,0.03,0.000284655331907137,"Tomato_30_1_26_Scenario_1A",26
1136,1154,22,-0.1415,1.5862,-12.0081,-0.1298,1.7747,-12.0737,0.1887,0.19993123817953,0.4314,0.3922,0.1961,19.2763,2,-20.9518,"Tomato_30_1",6.29226000000001e-05,0.03,0.000248614919761612,"Tomato_30_1_26_Scenario_1A",26
1130,1155,11,-5.5681,5.2551,-12.5322,-5.5274,5.3472,-12.705,0.1887,0.199996849975194,0.4314,0.3922,0.1961,19.2765,2,-20.3205,"Tomato_30_1",6.2955e-05,0.03,0.00027495979228251,"Tomato_30_1_26_Scenario_1A",26
1134,1156,19,-0.5444,-3.8718,-11.2747,-0.5309,-4.0548,-11.3543,0.1887,0.200018524142141,0.4314,0.3922,0.1961,19.2847,2,-21.6712,"Tomato_30_1",6.42834000000003e-05,0.03,0.00028314648558683,"Tomato_30_1_26_Scenario_1A",26
1127,1157,9,3.1407,2.8768,-14.3193,3.1098,2.978,-14.4889,0.1887,0.199901000497746,0.4314,0.3922,0.1961,19.2898,2,-18.5366,"Tomato_30_1",6.51096000000001e-05,0.03,0.000288824741094458,"Tomato_30_1_26_Scenario_1A",26
1133,1158,12,-3.8937,-4.6638,-13.5166,-3.8769,-4.6799,-13.7153,0.1887,0.200057841635862,0.4314,0.3922,0.1961,19.2946,2,-19.3102,"Tomato_30_1",6.58872000000001e-05,0.03,0.000290935364582596,"Tomato_30_1_26_Scenario_1A",26
1124,1159,3,4.5902,3.7429,-13.8696,4.6333,3.7519,-14.0647,0.1887,0.200006549892747,0.4314,0.3922,0.1961,19.298,2,-18.9608,"Tomato_30_1",6.64379999999999e-05,0.03,0.00029589025635669,"Tomato_30_1_26_Scenario_1A",26
1131,1160,5,-3.0581,-1.2393,-16.4015,-3.1769,-1.2247,-16.5617,0.1887,0.199976598630939,0.4314,0.3922,0.1961,19.302,2,-16.4638,"Tomato_30_1",6.70860000000001e-05,0.03,0.000291087918233505,"Tomato_30_1_26_Scenario_1A",26
1137,1161,17,2.3783,-0.6321,-14.3735,2.3595,-0.5849,-14.5669,0.1887,0.199962096408295,0.4314,0.3922,0.1961,19.3098,2,-18.4586,"Tomato_30_1",6.83496000000001e-05,0.03,0.000310666022002799,"Tomato_30_1_26_Scenario_1A",26
58,1162,24,-0.3126,-0.0193,-12.0728,-0.139,0.0601,-12.1324,0.1887,0.199983699335721,0.4314,0.3922,0.1961,19.3119,2,-20.8931,"Tomato_30_1",6.86898000000004e-05,0.03,0.000274091586383808,"Tomato_30_1_26_Scenario_1A",26
1141,1163,16,0.008,5.5621,-12.4233,0.0559,5.7094,-12.5499,0.1887,0.200048144205338,0.4314,0.3922,0.1961,19.3173,2,-20.4756,"Tomato_30_1",6.95646000000001e-05,0.03,0.000313553635712199,"Tomato_30_1_26_Scenario_1A",26
1144,1164,15,3.1602,-3.6471,-14.6616,3.1216,-3.7238,-14.8422,0.1887,0.199973023180628,0.4314,0.3922,0.1961,19.3349,2,-18.1833,"Tomato_30_1",7.24158000000004e-05,0.03,0.00031959538189422,"Tomato_30_1_26_Scenario_1A",26
1146,1165,21,-1.8247,1.0435,-13.0532,-1.9083,1.0916,-13.2284,0.1887,0.199994024910746,0.4314,0.3922,0.1961,19.3392,2,-19.7971,"Tomato_30_1",7.31124000000005e-05,0.03,0.000291432319328586,"Tomato_30_1_26_Scenario_1A",26
1140,1166,10,-6.0641,-3.6928,-14.2651,-6.1903,-3.7915,-14.3848,0.1887,0.199990549776733,0.4314,0.3922,0.1961,19.3423,2,-18.6407,"Tomato_30_1",7.36146000000005e-05,0.03,0.000324858239885753,"Tomato_30_1_26_Scenario_1A",26
1138,1167,8,3.5703,-7.8846,-12.6208,3.6208,-8.0433,-12.7316,0.1887,0.200031447527634,0.4314,0.3922,0.1961,19.3491,2,-20.2939,"Tomato_30_1",7.47162000000002e-05,0.03,0.000328508040830007,"Tomato_30_1_26_Scenario_1A",26
1149,1168,20,-2.9692,-1.2822,-12.5067,-3.0367,-1.4151,-12.64,0.1887,0.199968872577709,0.4314,0.3922,0.1961,19.3637,2,-20.3855,"Tomato_30_1",7.70814000000004e-05,0.03,0.000318174670205002,"Tomato_30_1_26_Scenario_1A",26
1142,1169,6,-0.4201,1.8459,-16.029,-0.457,1.954,-16.1932,0.1887,0.20002214877358,0.4314,0.3922,0.1961,19.366,2,-16.8323,"Tomato_30_1",7.74540000000001e-05,0.03,0.000343745000358383,"Tomato_30_1_26_Scenario_1A",26
1152,1170,23,-1.2124,-0.2544,-12.0538,-1.3991,-0.2944,-12.1131,0.1887,0.199933438924058,0.4314,0.3922,0.1961,19.3708,2,-20.9124,"Tomato_30_1",7.82316000000001e-05,0.03,0.000304123087858298,"Tomato_30_1_26_Scenario_1A",26
1147,1171,18,-2.1493,1.9654,-13.372,-2.1008,1.9814,-13.5654,0.1887,0.200029522821008,0.4314,0.3922,0.1961,19.3765,2,-19.4601,"Tomato_30_1",7.91550000000002e-05,0.03,0.000359895426454623,"Tomato_30_1_26_Scenario_1A",26
1154,1172,22,-0.1298,1.7747,-12.0737,-0.1349,1.9587,-12.1519,0.1887,0.199993124881832,0.4314,0.3922,0.1961,19.3822,2,-20.8736,"Tomato_30_1",8.00784000000004e-05,0.03,0.000312962751509157,"Tomato_30_1_26_Scenario_1A",26
1145,1173,1,-4.2614,-4.3539,-15.566,-4.2941,-4.3636,-15.763,0.1887,0.199930938076126,0.4314,0.3922,0.1961,19.4059,2,-17.2625,"Tomato_30_1",8.39178e-05,0.03,0.000343867419328877,"Tomato_30_1_26_Scenario_1A",26
1139,1174,2,0.849,-3.699,-15.0654,0.8231,-3.7145,-15.2631,0.1887,0.199990874791826,0.4314,0.3922,0.1961,19.4087,2,-17.7624,"Tomato_30_1",8.43714000000001e-05,0.03,0.000384628024084342,"Tomato_30_1_26_Scenario_1A",26
1162,1175,24,-0.139,0.0601,-12.1324,0.0197,0.1499,-12.2144,0.1887,0.199934314213443,0.4314,0.3922,0.1961,19.4088,2,-20.8111,"Tomato_30_1",8.43876000000001e-05,0.03,0.000332698718271969,"Tomato_30_1_26_Scenario_1A",26
1151,1176,13,3.5075,-0.6268,-14.5335,3.4943,-0.6185,-14.7329,0.1887,0.200008724809695,0.4314,0.3922,0.1961,19.4121,2,-18.2926,"Tomato_30_1",8.49222e-05,0.03,0.00038107568677016,"Tomato_30_1_26_Scenario_1A",26
1156,1177,19,-0.5309,-4.0548,-11.3543,-0.5467,-4.2318,-11.4461,0.1887,0.200014699459814,0.4314,0.3922,0.1961,19.4124,2,-21.5794,"Tomato_30_1",8.49708000000005e-05,0.03,0.000370516768495251,"Tomato_30_1_26_Scenario_1A",26
1155,1178,11,-5.5274,5.3472,-12.705,-5.4986,5.4633,-12.8654,0.1887,0.200092003838234,0.4314,0.3922,0.1961,19.4165,2,-20.1601,"Tomato_30_1",8.56350000000001e-05,0.03,0.00037077933829307,"Tomato_30_1_26_Scenario_1A",26
1153,1179,14,-7.0599,0.8526,-10.8844,-7.1968,0.9417,-10.9999,0.1887,0.200051668325961,0.4314,0.3922,0.1961,19.4165,2,-22.0256,"Tomato_30_1",8.56350000000001e-05,0.03,0.00038398649789273,"Tomato_30_1_26_Scenario_1A",26
1148,1180,4,2.5832,1.3592,-17.5887,2.6116,1.322,-17.7832,0.1887,0.200051618338869,0.4314,0.3922,0.1961,19.4204,2,-15.2423,"Tomato_30_1",8.62668000000003e-05,0.03,0.000372634424360121,"Tomato_30_1_26_Scenario_1A",26
1150,1181,7,-7.1013,-1.269,-12.3559,-7.2343,-1.1813,-12.4768,0.1887,0.199992749868589,0.4314,0.3922,0.1961,19.4265,2,-20.5487,"Tomato_30_1",8.72550000000003e-05,0.03,0.000384154275077895,"Tomato_30_1_26_Scenario_1A",26
1158,1182,12,-3.8769,-4.6799,-13.7153,-3.8627,-4.6931,-13.9143,0.1887,0.199942191645487,0.4314,0.3922,0.1961,19.4348,2,-19.1112,"Tomato_30_1",8.85996000000001e-05,0.03,0.00038749999588648,"Tomato_30_1_26_Scenario_1A",26
1161,1183,17,2.3595,-0.5849,-14.5669,2.3187,-0.5738,-14.7624,0.1887,0.200020248974947,0.4314,0.3922,0.1961,19.4351,2,-18.2631,"Tomato_30_1",8.86482e-05,0.03,0.000399076205491445,"Tomato_30_1_26_Scenario_1A",26
1165,1184,21,-1.9083,1.0916,-13.2284,-2.0064,1.1552,-13.3906,0.1887,0.199943517024183,0.4314,0.3922,0.1961,19.4421,2,-19.6349,"Tomato_30_1",8.97822000000002e-05,0.03,0.000353766130858289,"Tomato_30_1_26_Scenario_1A",26
1163,1185,16,0.0559,5.7094,-12.5499,0.1596,5.8332,-12.6678,0.1887,0.199951344081504,0.4314,0.3922,0.1961,19.4442,2,-20.3577,"Tomato_30_1",9.01224e-05,0.03,0.000402014071673596,"Tomato_30_1_26_Scenario_1A",26
1157,1186,9,3.1098,2.978,-14.4889,3.1031,3.0942,-14.6516,0.1887,0.200046544584005,0.4314,0.3922,0.1961,19.448,2,-18.3739,"Tomato_30_1",9.07380000000003e-05,0.03,0.000399345470498795,"Tomato_30_1_26_Scenario_1A",26
1164,1187,15,3.1216,-3.7238,-14.8422,3.1096,-3.8221,-15.016,0.1887,0.200033322224073,0.4314,0.3922,0.1961,19.4583,2,-18.0095,"Tomato_30_1",9.24066000000004e-05,0.03,0.000403917224024829,"Tomato_30_1_26_Scenario_1A",26
122,1188,0,-0.3589,-0.0369,-22.2531,-0.347,-0.0261,-22.4524,0.1887,0.199946842935817,0.4314,0.3922,0.1961,19.46,1,-10.5731,"Tomato_30_1",9.26820000000003e-05,0.03,0.000478973989235275,"Tomato_30_1_26_Scenario_1A",26
1160,1189,5,-3.1769,-1.2247,-16.5617,-3.2917,-1.2145,-16.7252,0.1887,0.200038321328692,0.4314,0.3922,0.1961,19.465,2,-16.3003,"Tomato_30_1",9.34920000000002e-05,0.03,0.000402377415973462,"Tomato_30_1_26_Scenario_1A",26
1168,1190,20,-3.0367,-1.4151,-12.64,-3.1142,-1.5299,-12.7843,0.1887,0.200019449054335,0.4314,0.3922,0.1961,19.4741,2,-20.2412,"Tomato_30_1",9.49662000000002e-05,0.03,0.000387841180902968,"Tomato_30_1_26_Scenario_1A",26
1170,1191,23,-1.3991,-0.2944,-12.1131,-1.5852,-0.3332,-12.1755,0.1887,0.200081008594019,0.4314,0.3922,0.1961,19.4771,2,-20.85,"Tomato_30_1",9.54522000000002e-05,0.03,0.00036719907545091,"Tomato_30_1_26_Scenario_1A",26
1172,1192,22,-0.1349,1.9587,-12.1519,-0.1384,2.1435,-12.2284,0.1887,0.200038846227427,0.4314,0.3922,0.1961,19.4889,2,-20.7971,"Tomato_30_1",9.73638000000004e-05,0.03,0.000376352865471466,"Tomato_30_1_26_Scenario_1A",26
1159,1193,3,4.6333,3.7519,-14.0647,4.6752,3.7592,-14.2601,0.1887,0.199975148456001,0.4314,0.3922,0.1961,19.4895,2,-18.7654,"Tomato_30_1",9.74610000000001e-05,0.03,0.000430883517970675,"Tomato_30_1_26_Scenario_1A",26
1166,1194,10,-6.1903,-3.7915,-14.3848,-6.3051,-3.8901,-14.5155,0.1887,0.199958720740056,0.4314,0.3922,0.1961,19.4957,2,-18.51,"Tomato_30_1",9.84654000000001e-05,0.03,0.000430794658650329,"Tomato_30_1_26_Scenario_1A",26
123,1195,0,-0.347,-0.0261,-22.4524,-0.3496,-0.025,-22.4866,0.1887,0.034316322646809,0.4314,0.3922,0.1961,19.5032,1,-10.5389,"Tomato_30_1",9.96804000000001e-05,0.03,8.99809198823862e-05,"Tomato_30_1_26_Scenario_1A",26
1171,1196,18,-2.1008,1.9814,-13.5654,-2.0481,1.9732,-13.7581,0.1887,0.199944542311112,0.4314,0.3922,0.1961,19.505,2,-19.2674,"Tomato_30_1",9.9972e-05,0.03,0.000449838732891479,"Tomato_30_1_26_Scenario_1A",26
1175,1197,24,0.0197,0.1499,-12.2144,0.1816,0.2369,-12.2935,0.1887,0.200093528131222,0.4314,0.3922,0.1961,19.5064,2,-20.732,"Tomato_30_1",0.0001001988,0.03,0.000390708654039343,"Tomato_30_1_26_Scenario_1A",26
1167,1198,8,3.6208,-8.0433,-12.7316,3.6679,-8.2026,-12.8431,0.1887,0.200067863486368,0.4314,0.3922,0.1961,19.5107,2,-20.1824,"Tomato_30_1",0.0001008954,0.03,0.000440034419479308,"Tomato_30_1_26_Scenario_1A",26
1169,1199,6,-0.457,1.954,-16.1932,-0.4815,2.0518,-16.3659,0.1887,0.199975948553819,0.4314,0.3922,0.1961,19.5409,2,-16.6596,"Tomato_30_1",0.0001057878,0.03,0.000465803621110708,"Tomato_30_1_26_Scenario_1A",26
1177,1200,19,-0.5467,-4.2318,-11.4461,-0.5679,-4.4058,-11.5423,0.1887,0.199949693673184,0.4314,0.3922,0.1961,19.5411,2,-21.4832,"Tomato_30_1",0.0001058202,0.03,0.000456683190986361,"Tomato_30_1_26_Scenario_1A",26
1184,1201,21,-2.0064,1.1552,-13.3906,-2.1068,1.222,-13.5502,0.1887,0.200036396688203,0.4314,0.3922,0.1961,19.5458,2,-19.4753,"Tomato_30_1",0.0001065816,0.03,0.000415436446521929,"Tomato_30_1_26_Scenario_1A",26
1179,1202,14,-7.1968,0.9417,-10.9999,-7.3206,1.0595,-11.1037,0.1887,0.199944292241614,0.4314,0.3922,0.1961,19.5577,2,-21.9218,"Tomato_30_1",0.0001085094,0.03,0.000481788656269958,"Tomato_30_1_26_Scenario_1A",26
1178,1203,11,-5.4986,5.4633,-12.8654,-5.4663,5.5821,-13.023,0.1887,0.199986224525591,0.4314,0.3922,0.1961,19.558,2,-20.0025,"Tomato_30_1",0.000108558,0.03,0.000465519314729647,"Tomato_30_1_26_Scenario_1A",26
1176,1204,13,3.4943,-0.6185,-14.7329,3.4831,-0.6176,-14.9325,0.1887,0.199916007363091,0.4314,0.3922,0.1961,19.561,2,-18.093,"Tomato_30_1",0.000109044,0.03,0.000484747498353825,"Tomato_30_1_26_Scenario_1A",26
1183,1205,17,2.3187,-0.5738,-14.7624,2.2996,-0.5538,-14.9605,0.1887,0.200021048892361,0.4314,0.3922,0.1961,19.5615,2,-18.065,"Tomato_30_1",0.000109125,0.03,0.000486442613845222,"Tomato_30_1_26_Scenario_1A",26
1185,1206,16,0.1596,5.8332,-12.6678,0.264,5.9554,-12.7869,0.1887,0.200042520480022,0.4314,0.3922,0.1961,19.5723,2,-20.2386,"Tomato_30_1",0.0001108746,0.03,0.000489951583149719,"Tomato_30_1_26_Scenario_1A",26
1182,1207,12,-3.8627,-4.6931,-13.9143,-3.8346,-4.6861,-14.1122,0.1887,0.200007549857498,0.4314,0.3922,0.1961,19.5765,2,-18.9133,"Tomato_30_1",0.000111555,0.03,0.000483718806904656,"Tomato_30_1_26_Scenario_1A",26
1187,1208,15,3.1096,-3.8221,-15.016,3.1095,-3.8729,-15.2094,0.1887,0.199960521103542,0.4314,0.3922,0.1961,19.5827,2,-17.8161,"Tomato_30_1",0.0001125594,0.03,0.000486995966267264,"Tomato_30_1_26_Scenario_1A",26
1191,1209,23,-1.5852,-0.3332,-12.1755,-1.7731,-0.3715,-12.2324,0.1887,0.20002727314044,0.4314,0.3922,0.1961,19.5841,2,-20.7931,"Tomato_30_1",0.0001127862,0.03,0.000428936314645149,"Tomato_30_1_26_Scenario_1A",26
1190,1210,20,-3.1142,-1.5299,-12.7843,-3.1919,-1.6432,-12.9296,0.1887,0.199965672053981,0.4314,0.3922,0.1961,19.5854,2,-20.0959,"Tomato_30_1",0.0001129968,0.03,0.000456359246234587,"Tomato_30_1_26_Scenario_1A",26
1180,1211,4,2.6116,1.322,-17.7832,2.629,1.2896,-17.9797,0.1887,0.199911905598441,0.4314,0.3922,0.1961,19.593,2,-15.0458,"Tomato_30_1",0.000114228,0.03,0.000489183333879287,"Tomato_30_1_26_Scenario_1A",26
1173,1212,1,-4.2941,-4.3636,-15.763,-4.2918,-4.3937,-15.9607,0.1887,0.199991474818303,0.4314,0.3922,0.1961,19.5931,2,-17.0648,"Tomato_30_1",0.0001142442,0.03,0.000464893636480299,"Tomato_30_1_26_Scenario_1A",26
1181,1213,7,-7.2343,-1.1813,-12.4768,-7.3517,-1.1054,-12.6198,0.1887,0.199981424137343,0.4314,0.3922,0.1961,19.594,2,-20.4057,"Tomato_30_1",0.00011439,0.03,0.000499623827990648,"Tomato_30_1_26_Scenario_1A",26
1192,1214,22,-0.1384,2.1435,-12.2284,-0.1425,2.329,-12.303,0.1887,0.199980549054152,0.4314,0.3922,0.1961,19.5963,2,-20.7225,"Tomato_30_1",0.0001147626,0.03,0.000438535737841965,"Tomato_30_1_26_Scenario_1A",26
1197,1215,24,0.1816,0.2369,-12.2935,0.3391,0.3316,-12.3723,0.1887,0.19995944588841,0.4314,0.3922,0.1961,19.6046,2,-20.6532,"Tomato_30_1",0.0001161072,0.03,0.00044713520516023,"Tomato_30_1_26_Scenario_1A",26
1186,1216,9,3.1031,3.0942,-14.6516,3.1253,3.2221,-14.8038,0.1887,0.200040220955687,0.4314,0.3922,0.1961,19.6076,2,-18.2217,"Tomato_30_1",0.0001165932,0.03,0.000508747269454614,"Tomato_30_1_26_Scenario_1A",26
1189,1217,5,-3.2917,-1.2145,-16.7252,-3.3665,-1.1537,-16.9004,0.1887,0.199966797243943,0.4314,0.3922,0.1961,19.6295,2,-16.1251,"Tomato_30_1",0.000120141,0.03,0.000512579816648049,"Tomato_30_1_26_Scenario_1A",26
1174,1218,2,0.8231,-3.7145,-15.2631,0.7973,-3.7301,-15.4608,0.1887,0.199985724490526,0.4314,0.3922,0.1961,19.631,2,-17.5647,"Tomato_30_1",0.000120384,0.03,0.000545451183586768,"Tomato_30_1_26_Scenario_1A",26
1196,1219,18,-2.0481,1.9732,-13.7581,-2.0358,1.9469,-13.956,0.1887,0.200018474146764,0.4314,0.3922,0.1961,19.6344,2,-19.0695,"Tomato_30_1",0.0001209348,0.03,0.000538990444122889,"Tomato_30_1_26_Scenario_1A",26
1201,1220,21,-2.1068,1.222,-13.5502,-2.1827,1.2894,-13.7225,0.1887,0.199977148694545,0.4314,0.3922,0.1961,19.6504,2,-19.303,"Tomato_30_1",0.0001235268,0.03,0.000475956307153434,"Tomato_30_1_26_Scenario_1A",26
1194,1221,10,-6.3051,-3.8901,-14.5155,-6.4187,-3.9649,-14.6622,0.1887,0.200052218183154,0.4314,0.3922,0.1961,19.6508,2,-18.3633,"Tomato_30_1",0.0001235916,0.03,0.000536464198442646,"Tomato_30_1_26_Scenario_1A",26
1200,1222,19,-0.5679,-4.4058,-11.5423,-0.5871,-4.5618,-11.666,0.1887,0.200015824373973,0.4314,0.3922,0.1961,19.6708,2,-21.3595,"Tomato_30_1",0.0001268316,0.03,0.000542121106695377,"Tomato_30_1_26_Scenario_1A",26
1198,1223,8,3.6679,-8.2026,-12.8431,3.71,-8.338,-12.9841,0.1887,0.199966422181324,0.4314,0.3922,0.1961,19.6741,2,-20.0414,"Tomato_30_1",0.0001273662,0.03,0.000550674100628496,"Tomato_30_1_26_Scenario_1A",26
1193,1224,3,4.6752,3.7592,-14.2601,4.7043,3.776,-14.4573,0.1887,0.200042220543565,0.4314,0.3922,0.1961,19.6836,2,-18.5682,"Tomato_30_1",0.0001289052,0.03,0.000566073451747858,"Tomato_30_1_26_Scenario_1A",26
1205,1225,17,2.2996,-0.5538,-14.9605,2.2489,-0.541,-15.1535,0.1887,0.199958320657081,0.4314,0.3922,0.1961,19.689,2,-17.872,"Tomato_30_1",0.00012978,0.03,0.000572706781654273,"Tomato_30_1_26_Scenario_1A",26
1209,1226,23,-1.7731,-0.3715,-12.2324,-1.9551,-0.3669,-12.3152,0.1887,0.200002499984376,0.4314,0.3922,0.1961,19.6918,2,-20.7103,"Tomato_30_1",0.0001302336,0.03,0.000489742961430089,"Tomato_30_1_26_Scenario_1A",26
1210,1227,20,-3.1919,-1.6432,-12.9296,-3.2612,-1.7556,-13.0798,0.1887,0.199990724784926,0.4314,0.3922,0.1961,19.6974,2,-19.9457,"Tomato_30_1",0.0001311408,0.03,0.00052400121280776,"Tomato_30_1_26_Scenario_1A",26
1202,1228,14,-7.3206,1.0595,-11.1037,-7.4388,1.179,-11.2121,0.1887,0.200005124934337,0.4314,0.3922,0.1961,19.7001,2,-21.8134,"Tomato_30_1",0.0001315782,0.03,0.000579029453146994,"Tomato_30_1_26_Scenario_1A",26
1203,1229,11,-5.4663,5.5821,-13.023,-5.4536,5.7032,-13.1816,0.1887,0.199951144032736,0.4314,0.3922,0.1961,19.7009,2,-19.8439,"Tomato_30_1",0.0001317078,0.03,0.000559619280097744,"Tomato_30_1_26_Scenario_1A",26
1206,1230,16,0.264,5.9554,-12.7869,0.3617,6.0731,-12.9158,0.1887,0.200034472029199,0.4314,0.3922,0.1961,19.7014,2,-20.1097,"Tomato_30_1",0.0001317888,0.03,0.000576673509248998,"Tomato_30_1_26_Scenario_1A",26
1215,1231,24,0.3391,0.3316,-12.3723,0.4965,0.4281,-12.449,0.1887,0.199924735838265,0.4314,0.3922,0.1961,19.7035,2,-20.5765,"Tomato_30_1",0.000132129,0.03,0.000502810720806374,"Tomato_30_1_26_Scenario_1A",26
1214,1232,22,-0.1425,2.329,-12.303,-0.1199,2.4981,-12.4075,0.1887,0.200064539586604,0.4314,0.3922,0.1961,19.7044,2,-20.618,"Tomato_30_1",0.0001322748,0.03,0.000500059621901258,"Tomato_30_1_26_Scenario_1A",26
1208,1233,15,3.1095,-3.8729,-15.2094,3.1326,-3.8736,-15.4081,0.1887,0.200039471105078,0.4314,0.3922,0.1961,19.7083,2,-17.6174,"Tomato_30_1",0.0001329066,0.03,0.000569651308684938,"Tomato_30_1_26_Scenario_1A",26
1204,1234,13,3.4831,-0.6176,-14.9325,3.4667,-0.6164,-15.1319,0.1887,0.200076885221657,0.4314,0.3922,0.1961,19.7115,2,-17.8936,"Tomato_30_1",0.000133425,0.03,0.00058839030429933,"Tomato_30_1_26_Scenario_1A",26
1199,1235,6,-0.4815,2.0518,-16.3659,-0.5089,2.1253,-16.5499,0.1887,0.200022523731705,0.4314,0.3922,0.1961,19.7179,2,-16.4756,"Tomato_30_1",0.0001344618,0.03,0.00058774633087922,"Tomato_30_1_26_Scenario_1A",26
1207,1236,12,-3.8346,-4.6861,-14.1122,-3.8044,-4.6611,-14.3083,0.1887,0.199980624061432,0.4314,0.3922,0.1961,19.7198,2,-18.7172,"Tomato_30_1",0.0001347696,0.03,0.000579163780233154,"Tomato_30_1_26_Scenario_1A",26
1220,1237,21,-2.1827,1.2894,-13.7225,-2.241,1.3557,-13.902,0.1887,0.200037071564247,0.4314,0.3922,0.1961,19.7557,2,-19.1235,"Tomato_30_1",0.0001405854,0.03,0.000535819525862952,"Tomato_30_1_26_Scenario_1A",26
124,1238,0,-0.3496,-0.025,-22.4866,-0.3598,-0.0387,-22.6858,0.1887,0.199930913067491,0.4314,0.3922,0.1961,19.7565,1,-10.3397,"Tomato_30_1",0.000140715,0.03,0.00067778079487869,"Tomato_30_1_26_Scenario_1A",26
1213,1239,7,-7.3517,-1.1054,-12.6198,-7.4544,-1.0143,-12.7653,0.1887,0.200041870617128,0.4314,0.3922,0.1961,19.7633,2,-20.2602,"Tomato_30_1",0.0001418166,0.03,0.000614793221742721,"Tomato_30_1_26_Scenario_1A",26
1219,1240,18,-2.0358,1.9469,-13.956,-2.0161,1.942,-14.1549,0.1887,0.199933263865721,0.4314,0.3922,0.1961,19.7648,2,-18.8706,"Tomato_30_1",0.0001420596,0.03,0.000626681411084798,"Tomato_30_1_26_Scenario_1A",26
60,1241,25,-0.3102,-0.0432,-12.4363,-0.4136,0.1084,-12.5159,0.1887,0.200025698348988,0.4314,0.3922,0.1961,19.7669,2,-20.5096,"Tomato_30_1",0.0001423998,0.03,0.000557675664072831,"Tomato_30_1_26_Scenario_1A",26
1211,1242,4,2.629,1.2896,-17.9797,2.6494,1.2648,-18.1771,0.1887,0.199994899934972,0.4314,0.3922,0.1961,19.7676,2,-14.8484,"Tomato_30_1",0.0001425132,0.03,0.000605828551965388,"Tomato_30_1_26_Scenario_1A",26
1216,1243,9,3.1253,3.2221,-14.8038,3.1698,3.3191,-14.9729,0.1887,0.199960146029151,0.4314,0.3922,0.1961,19.7687,2,-18.0526,"Tomato_30_1",0.0001426914,0.03,0.000617142252192606,"Tomato_30_1_26_Scenario_1A",26
1212,1244,1,-4.2918,-4.3937,-15.9607,-4.2738,-4.3724,-16.1588,0.1887,0.200053242912981,0.4314,0.3922,0.1961,19.7829,2,-16.8667,"Tomato_30_1",0.0001449918,0.03,0.000586007355048699,"Tomato_30_1_26_Scenario_1A",26
1217,1245,5,-3.3665,-1.1537,-16.9004,-3.441,-1.0752,-17.0686,0.1887,0.200009349781453,0.4314,0.3922,0.1961,19.7954,2,-15.9569,"Tomato_30_1",0.0001470168,0.03,0.000622226957764923,"Tomato_30_1_26_Scenario_1A",26
1226,1246,23,-1.9551,-0.3669,-12.3152,-2.1215,-0.321,-12.4161,0.1887,0.199941441427234,0.4314,0.3922,0.1961,19.8003,2,-20.6094,"Tomato_30_1",0.0001478106,0.03,0.000549562592077208,"Tomato_30_1_26_Scenario_1A",26
1222,1247,19,-0.5871,-4.5618,-11.666,-0.6108,-4.7342,-11.7646,0.1887,0.200013524542717,0.4314,0.3922,0.1961,19.8016,2,-21.2609,"Tomato_30_1",0.0001480212,0.03,0.000626484548589417,"Tomato_30_1_26_Scenario_1A",26
1231,1248,24,0.4965,0.4281,-12.449,0.6653,0.506,-12.5229,0.1887,0.200057641693588,0.4314,0.3922,0.1961,19.8031,2,-20.5026,"Tomato_30_1",0.0001482642,0.03,0.000558037373213385,"Tomato_30_1_26_Scenario_1A",26
1221,1249,10,-6.4187,-3.9649,-14.6622,-6.5807,-4.0274,-14.7613,0.1887,0.199927636908958,0.4314,0.3922,0.1961,19.8078,2,-18.2642,"Tomato_30_1",0.0001490256,0.03,0.000641149552986303,"Tomato_30_1_26_Scenario_1A",26
1227,1250,20,-3.2612,-1.7556,-13.0798,-3.3346,-1.8522,-13.2389,0.1887,0.200079809076277,0.4314,0.3922,0.1961,19.8103,2,-19.7866,"Tomato_30_1",0.0001494306,0.03,0.000590969388661398,"Tomato_30_1_26_Scenario_1A",26
1232,1251,22,-0.1199,2.4981,-12.4075,-0.1035,2.6657,-12.5153,0.1887,0.199948893470306,0.4314,0.3922,0.1961,19.8132,2,-20.5102,"Tomato_30_1",0.0001499004,0.03,0.000560133642610697,"Tomato_30_1_26_Scenario_1A",26
1225,1252,17,2.2489,-0.541,-15.1535,2.1969,-0.5235,-15.3458,0.1887,0.199973848290221,0.4314,0.3922,0.1961,19.8177,2,-17.6797,"Tomato_30_1",0.0001506294,0.03,0.000658369890665876,"Tomato_30_1_26_Scenario_1A",26
1230,1253,16,0.3617,6.0731,-12.9158,0.4714,6.196,-13.0291,0.1887,0.199938465533773,0.4314,0.3922,0.1961,19.8317,2,-19.9964,"Tomato_30_1",0.0001528974,0.03,0.000662279652077528,"Tomato_30_1_26_Scenario_1A",26
1233,1254,15,3.1326,-3.8736,-15.4081,3.1528,-3.8746,-15.6071,0.1887,0.200025098425174,0.4314,0.3922,0.1961,19.8351,2,-17.4184,"Tomato_30_1",0.0001534482,0.03,0.000651313485143063,"Tomato_30_1_26_Scenario_1A",26
1223,1255,8,3.71,-8.338,-12.9841,3.7525,-8.4732,-13.1252,0.1887,0.199986249527312,0.4314,0.3922,0.1961,19.8395,2,-19.9003,"Tomato_30_1",0.000154161,0.03,0.000661245951429063,"Tomato_30_1_26_Scenario_1A",26
1228,1256,14,-7.4388,1.179,-11.2121,-7.5579,1.2947,-11.3236,0.1887,0.200008874803096,0.4314,0.3922,0.1961,19.8437,2,-21.7019,"Tomato_30_1",0.0001548414,0.03,0.000675243744078651,"Tomato_30_1_26_Scenario_1A",26
1229,1257,11,-5.4536,5.7032,-13.1816,-5.4636,5.8634,-13.3009,0.1887,0.199991324811854,0.4314,0.3922,0.1961,19.8452,2,-19.7246,"Tomato_30_1",0.0001550844,0.03,0.00065324113162237,"Tomato_30_1_26_Scenario_1A",26
1218,1258,2,0.7973,-3.7301,-15.4608,0.7766,-3.7466,-15.659,0.1887,0.19995994598919,0.4314,0.3922,0.1961,19.8573,2,-17.3665,"Tomato_30_1",0.0001570446,0.03,0.00070725156032344,"Tomato_30_1_26_Scenario_1A",26
1241,1259,25,-0.4136,0.1084,-12.5159,-0.5322,0.2435,-12.6034,0.1887,0.199935539612146,0.4314,0.3922,0.1961,19.8594,2,-20.4221,"Tomato_30_1",0.0001573848,0.03,0.000608661338190921,"Tomato_30_1_26_Scenario_1A",26
1237,1260,21,-2.241,1.3557,-13.902,-2.2997,1.3966,-14.0888,0.1887,0.200031847464349,0.4314,0.3922,0.1961,19.8619,2,-18.9367,"Tomato_30_1",0.0001577898,0.03,0.000594744170296234,"Tomato_30_1_26_Scenario_1A",26
1234,1261,13,3.4667,-0.6164,-15.1319,3.4125,-0.5947,-15.3232,0.1887,0.200010549721758,0.4314,0.3922,0.1961,19.8634,2,-17.7023,"Tomato_30_1",0.0001580328,0.03,0.000690643624246962,"Tomato_30_1_26_Scenario_1A",26
1236,1262,12,-3.8044,-4.6611,-14.3083,-3.7763,-4.6567,-14.5063,0.1887,0.200032422371975,0.4314,0.3922,0.1961,19.8646,2,-18.5192,"Tomato_30_1",0.0001582272,0.03,0.000674257808543621,"Tomato_30_1_26_Scenario_1A",26
1224,1263,3,4.7043,3.776,-14.4573,4.7233,3.7678,-14.6562,0.1887,0.199973623260669,0.4314,0.3922,0.1961,19.8801,2,-18.3693,"Tomato_30_1",0.0001607382,0.03,0.00070075700761744,"Tomato_30_1_26_Scenario_1A",26
1240,1264,18,-2.0161,1.942,-14.1549,-1.9893,1.8978,-14.3481,0.1887,0.199995299944775,0.4314,0.3922,0.1961,19.8962,2,-18.6774,"Tomato_30_1",0.0001633464,0.03,0.000713852299917074,"Tomato_30_1_26_Scenario_1A",26
1235,1265,6,-0.5089,2.1253,-16.5499,-0.5197,2.1805,-16.7418,0.1887,0.199973223207509,0.4314,0.3922,0.1961,19.897,2,-16.2837,"Tomato_30_1",0.000163476,0.03,0.000709134567770868,"Tomato_30_1_26_Scenario_1A",26
1248,1266,24,0.6653,0.506,-12.5229,0.8364,0.5813,-12.594,0.1887,0.200001274995936,0.4314,0.3922,0.1961,19.9034,2,-20.4315,"Tomato_30_1",0.0001645128,0.03,0.000611897177074549,"Tomato_30_1_26_Scenario_1A",26
1246,1267,23,-2.1215,-0.321,-12.4161,-2.2813,-0.2676,-12.5239,0.1887,0.200021098887092,0.4314,0.3922,0.1961,19.9096,2,-20.5016,"Tomato_30_1",0.0001655172,0.03,0.000608941284364087,"Tomato_30_1_26_Scenario_1A",26
1251,1268,22,-0.1035,2.6657,-12.5153,-0.1182,2.8319,-12.6256,0.1887,0.200011549666513,0.4314,0.3922,0.1961,19.9229,2,-20.3999,"Tomato_30_1",0.0001676718,0.03,0.00061991365521039,"Tomato_30_1_26_Scenario_1A",26
1250,1269,20,-3.3346,-1.8522,-13.2389,-3.4163,-1.9455,-13.3957,0.1887,0.199915031951077,0.4314,0.3922,0.1961,19.924,2,-19.6298,"Tomato_30_1",0.00016785,0.03,0.000656266937413093,"Tomato_30_1_26_Scenario_1A",26
1243,1270,9,3.1698,3.3191,-14.9729,3.1758,3.4415,-15.131,0.1887,0.200033422207391,0.4314,0.3922,0.1961,19.9314,2,-17.8945,"Tomato_30_1",0.0001690488,0.03,0.000725368688725992,"Tomato_30_1_26_Scenario_1A",26
1247,1271,19,-0.6108,-4.7342,-11.7646,-0.6335,-4.905,-11.8662,0.1887,0.200026223280848,0.4314,0.3922,0.1961,19.9335,2,-21.1593,"Tomato_30_1",0.000169389,0.03,0.00071003831682627,"Tomato_30_1_26_Scenario_1A",26
1239,1272,7,-7.4544,-1.0143,-12.7653,-7.5262,-0.9249,-12.9292,0.1887,0.20002702317437,0.4314,0.3922,0.1961,19.9346,2,-20.0963,"Tomato_30_1",0.0001695672,0.03,0.000729454929081827,"Tomato_30_1_26_Scenario_1A",26
1242,1273,4,2.6494,1.2648,-18.1771,2.6543,1.2481,-18.3764,0.1887,0.200058466454185,0.4314,0.3922,0.1961,19.9442,2,-14.6491,"Tomato_30_1",0.0001711224,0.03,0.000722146982581133,"Tomato_30_1_26_Scenario_1A",26
1252,1274,17,2.1969,-0.5235,-15.3458,2.1228,-0.5931,-15.518,0.1887,0.199969522677832,0.4314,0.3922,0.1961,19.9476,2,-17.5075,"Tomato_30_1",0.0001716732,0.03,0.000743221967210779,"Tomato_30_1_26_Scenario_1A",26
1259,1275,25,-0.5322,0.2435,-12.6034,-0.6414,0.3685,-12.715,0.1887,0.200010499724389,0.4314,0.3922,0.1961,19.9524,2,-20.3105,"Tomato_30_1",0.0001724508,0.03,0.000659207760075409,"Tomato_30_1_26_Scenario_1A",26
1245,1276,5,-3.441,-1.0752,-17.0686,-3.5168,-1.0122,-17.2427,0.1887,0.200063614882866,0.4314,0.3922,0.1961,19.963,2,-15.7828,"Tomato_30_1",0.000174168,0.03,0.000731405746982069,"Tomato_30_1_26_Scenario_1A",26
1253,1277,16,0.4714,6.196,-13.0291,0.6259,6.3044,-13.0954,0.1887,0.200041245746971,0.4314,0.3922,0.1961,19.963,2,-19.9301,"Tomato_30_1",0.000174168,0.03,0.000747646023773932,"Tomato_30_1_26_Scenario_1A",26
1254,1278,15,3.1528,-3.8746,-15.6071,3.144,-3.9093,-15.8038,0.1887,0.199931038110644,0.4314,0.3922,0.1961,19.9631,2,-17.2217,"Tomato_30_1",0.0001741842,0.03,0.000731974770645737,"Tomato_30_1_26_Scenario_1A",26
1249,1279,10,-6.5807,-4.0274,-14.7613,-6.7256,-4.1077,-14.8735,0.1887,0.200082333053171,0.4314,0.3922,0.1961,19.9667,2,-18.152,"Tomato_30_1",0.0001747674,0.03,0.000746423165957476,"Tomato_30_1_26_Scenario_1A",26
1260,1280,21,-2.2997,1.3966,-14.0888,-2.3738,1.4593,-14.2636,0.1887,0.199942841832359,0.4314,0.3922,0.1961,19.9689,2,-18.7619,"Tomato_30_1",0.0001751238,0.03,0.000652595570818727,"Tomato_30_1_26_Scenario_1A",26
1244,1281,1,-4.2738,-4.3724,-16.1588,-4.2573,-4.3515,-16.357,0.1887,0.199980749073504,0.4314,0.3922,0.1961,19.9751,2,-16.6685,"Tomato_30_1",0.0001761282,0.03,0.000706667869046486,"Tomato_30_1_26_Scenario_1A",26
1256,1282,14,-7.5579,1.2947,-11.3236,-7.6622,1.4189,-11.4406,0.1887,0.199982824262485,0.4314,0.3922,0.1961,19.9885,2,-21.5849,"Tomato_30_1",0.000178299,0.03,0.000770523062903568,"Tomato_30_1_26_Scenario_1A",26
1257,1283,11,-5.4636,5.8634,-13.3009,-5.4417,6.0167,-13.4275,0.1887,0.200020148985046,0.4314,0.3922,0.1961,19.9912,2,-19.598,"Tomato_30_1",0.0001787364,0.03,0.000746431650003261,"Tomato_30_1_26_Scenario_1A",26
1266,1284,24,0.8364,0.5813,-12.594,1.0063,0.6598,-12.6647,0.1887,0.200066863823073,0.4314,0.3922,0.1961,20.0043,2,-20.3608,"Tomato_30_1",0.00018,0.03,0.000662099160188364,"Tomato_30_1_26_Scenario_1A",26
1255,1285,8,3.7525,-8.4732,-13.1252,3.8072,-8.6062,-13.2642,0.1887,0.20000522493175,0.4314,0.3922,0.1961,20.0068,2,-19.7613,"Tomato_30_1",0.00018,0.03,0.000766099261703999,"Tomato_30_1_26_Scenario_1A",26
1262,1286,12,-3.7763,-4.6567,-14.5063,-3.7416,-4.6754,-14.7024,0.1887,0.200022473737329,0.4314,0.3922,0.1961,20.0111,2,-18.3231,"Tomato_30_1",0.00018,0.03,0.000760491723587292,"Tomato_30_1_26_Scenario_1A",26
125,1287,0,-0.3598,-0.0387,-22.6858,-0.3561,-0.0283,-22.8855,0.1887,0.200004849941195,0.4314,0.3922,0.1961,20.0113,1,-10.14,"Tomato_30_1",0.00018,0.03,0.000936266209424799,"Tomato_30_1_26_Scenario_1A",26
1261,1288,13,3.4125,-0.5947,-15.3232,3.3463,-0.5783,-15.5112,0.1887,0.199988499669357,0.4314,0.3922,0.1961,20.0169,2,-17.5143,"Tomato_30_1",0.00018,0.03,0.000779885239857895,"Tomato_30_1_26_Scenario_1A",26
1267,1289,23,-2.2813,-0.2676,-12.5239,-2.43,-0.2261,-12.651,0.1887,0.199970872879028,0.4314,0.3922,0.1961,20.0196,2,-20.3745,"Tomato_30_1",0.00018,0.03,0.000654945221417944,"Tomato_30_1_26_Scenario_1A",26
1264,1290,18,-1.9893,1.8978,-14.3481,-1.9619,1.8529,-14.5411,0.1887,0.200039421114939,0.4314,0.3922,0.1961,20.0286,2,-18.4844,"Tomato_30_1",0.00018,0.03,0.000779336873971519,"Tomato_30_1_26_Scenario_1A",26
1268,1291,22,-0.1182,2.8319,-12.6256,-0.1511,2.9689,-12.7675,0.1887,0.199967547367066,0.4314,0.3922,0.1961,20.0332,2,-20.258,"Tomato_30_1",0.00018,0.03,0.000658199028817078,"Tomato_30_1_26_Scenario_1A",26
1269,1292,20,-3.4163,-1.9455,-13.3957,-3.4909,-2.0266,-13.5627,0.1887,0.200078409629825,0.4314,0.3922,0.1961,20.0386,2,-19.4628,"Tomato_30_1",0.00018,0.03,0.000697018530879099,"Tomato_30_1_26_Scenario_1A",26
126,1293,0,-0.3561,-0.0283,-22.8855,-0.3564,-0.0295,-22.9074,0.1887,0.0219349036925158,0.4314,0.3922,0.1961,20.0393,1,-10.1181,"Tomato_30_1",0.00018,0.03,0.000101557788372046,"Tomato_30_1_26_Scenario_1A",26
1275,1294,25,-0.6414,0.3685,-12.715,-0.7322,0.4891,-12.8462,0.1887,0.200006099906978,0.4314,0.3922,0.1961,20.0461,2,-20.1793,"Tomato_30_1",0.00018,0.03,0.000679917071350821,"Tomato_30_1_26_Scenario_1A",26
1271,1295,19,-0.6335,-4.905,-11.8662,-0.6594,-5.0713,-11.9741,0.1887,0.199922259891189,0.4314,0.3922,0.1961,20.0664,2,-21.0514,"Tomato_30_1",0.00018,0.03,0.000746967357634709,"Tomato_30_1_26_Scenario_1A",26
1280,1296,21,-2.3738,1.4593,-14.2636,-2.4482,1.5278,-14.4362,0.1887,0.200045919728446,0.4314,0.3922,0.1961,20.0767,2,-18.5893,"Tomato_30_1",0.00018,0.03,0.000663901203288785,"Tomato_30_1_26_Scenario_1A",26
1265,1297,6,-0.5197,2.1805,-16.7418,-0.5564,2.2378,-16.9299,0.1887,0.20002947282838,0.4314,0.3922,0.1961,20.0783,2,-16.0956,"Tomato_30_1",0.00018,0.03,0.000775439028321896,"Tomato_30_1_26_Scenario_1A",26
1274,1298,17,2.1228,-0.5931,-15.518,2.0578,-0.6222,-15.7049,0.1887,0.200008549817251,0.4314,0.3922,0.1961,20.0787,2,-17.3206,"Tomato_30_1",0.00018,0.03,0.000772175247887182,"Tomato_30_1_26_Scenario_1A",26
1263,1299,3,4.7233,3.7678,-14.6562,4.7896,3.8284,-14.8349,0.1887,0.200004349952694,0.4314,0.3922,0.1961,20.0793,2,-18.1906,"Tomato_30_1",0.00018,0.03,0.000779599428474694,"Tomato_30_1_26_Scenario_1A",26
1258,1300,2,0.7766,-3.7466,-15.659,0.7422,-3.7539,-15.8559,0.1887,0.200015649387741,0.4314,0.3922,0.1961,20.0876,2,-17.1696,"Tomato_30_1",0.00018,0.03,0.000806223342738255,"Tomato_30_1_26_Scenario_1A",26
1278,1301,15,3.144,-3.9093,-15.8038,3.106,-3.9339,-15.9986,0.1887,0.199990499774363,0.4314,0.3922,0.1961,20.0923,2,-17.0269,"Tomato_30_1",0.00018,0.03,0.00074960398842702,"Tomato_30_1_26_Scenario_1A",26
1277,1302,16,0.6259,6.3044,-13.0954,0.7857,6.4054,-13.1607,0.1887,0.200002824980049,0.4314,0.3922,0.1961,20.0956,2,-19.8648,"Tomato_30_1",0.00018,0.03,0.000765346969065703,"Tomato_30_1_26_Scenario_1A",26
1270,1303,9,3.1758,3.4415,-15.131,3.2027,3.5677,-15.2838,0.1887,0.199994724930433,0.4314,0.3922,0.1961,20.0957,2,-17.7417,"Tomato_30_1",0.00018,0.03,0.000765984753342092,"Tomato_30_1_26_Scenario_1A",26
1284,1304,24,1.0063,0.6598,-12.6647,1.1806,0.7407,-12.72,0.1887,0.199958470688291,0.4314,0.3922,0.1961,20.106,2,-20.3055,"Tomato_30_1",0.00018,0.03,0.00065430954652886,"Tomato_30_1_26_Scenario_1A",26
1272,1305,7,-7.5262,-0.9249,-12.9292,-7.6181,-0.8173,-13.0705,0.1887,0.199972648129687,0.4314,0.3922,0.1961,20.1079,2,-19.955,"Tomato_30_1",0.00018,0.03,0.000768401654525367,"Tomato_30_1_26_Scenario_1A",26
1273,1306,4,2.6543,1.2481,-18.3764,2.6719,1.2448,-18.5756,0.1887,0.200003224974,0.4314,0.3922,0.1961,20.1229,2,-14.4499,"Tomato_30_1",0.00018,0.03,0.0007537857829627,"Tomato_30_1_26_Scenario_1A",26
1279,1307,10,-6.7256,-4.1077,-14.8735,-6.8256,-4.1915,-15.025,0.1887,0.199936714987518,0.4314,0.3922,0.1961,20.1274,2,-18.0005,"Tomato_30_1",0.00018,0.03,0.00076218640510633,"Tomato_30_1_26_Scenario_1A",26
1289,1308,23,-2.43,-0.2261,-12.651,-2.5569,-0.2047,-12.8041,0.1887,0.200002949978244,0.4314,0.3922,0.1961,20.1304,2,-20.2214,"Tomato_30_1",0.00018,0.03,0.000648121025018506,"Tomato_30_1_26_Scenario_1A",26
1276,1309,5,-3.5168,-1.0122,-17.2427,-3.6052,-1.017,-17.422,0.1887,0.199965221976224,0.4314,0.3922,0.1961,20.1321,2,-15.6035,"Tomato_30_1",0.00018,0.03,0.000749599126364052,"Tomato_30_1_26_Scenario_1A",26
1282,1310,14,-7.6622,1.4189,-11.4406,-7.7642,1.5319,-11.5704,0.1887,0.200052593084918,0.4314,0.3922,0.1961,20.1345,2,-21.4551,"Tomato_30_1",0.00018,0.03,0.000771376025367348,"Tomato_30_1_26_Scenario_1A",26
1283,1311,11,-5.4417,6.0167,-13.4275,-5.4219,6.1627,-13.5627,0.1887,0.199967697391353,0.4314,0.3922,0.1961,20.1386,2,-19.4628,"Tomato_30_1",0.00018,0.03,0.000745131121524683,"Tomato_30_1_26_Scenario_1A",26
1294,1312,25,-0.7322,0.4891,-12.8462,-0.8065,0.603,-12.9929,0.1887,0.200036471674543,0.4314,0.3922,0.1961,20.1404,2,-20.0326,"Tomato_30_1",0.00018,0.03,0.000672077727675295,"Tomato_30_1_26_Scenario_1A",26
1291,1313,22,-0.1511,2.9689,-12.7675,-0.1492,3.1187,-12.9,0.1887,0.199999749999844,0.4314,0.3922,0.1961,20.1444,2,-20.1255,"Tomato_30_1",0.00018,0.03,0.000651341379691239,"Tomato_30_1_26_Scenario_1A",26
1292,1314,20,-3.4909,-2.0266,-13.5627,-3.5446,-2.1,-13.7408,0.1887,0.199977148694545,0.4314,0.3922,0.1961,20.154,2,-19.2847,"Tomato_30_1",0.00018,0.03,0.000689536220357682,"Tomato_30_1_26_Scenario_1A",26
1286,1315,12,-3.7416,-4.6754,-14.7024,-3.6773,-4.7087,-14.8888,0.1887,0.199970847875383,0.4314,0.3922,0.1961,20.1593,2,-18.1367,"Tomato_30_1",0.00018,0.03,0.00075400113456536,"Tomato_30_1_26_Scenario_1A",26
1290,1316,18,-1.9619,1.8529,-14.5411,-1.9367,1.7884,-14.7287,0.1887,0.199972623126267,0.4314,0.3922,0.1961,20.162,2,-18.2968,"Tomato_30_1",0.00018,0.03,0.000771829705772679,"Tomato_30_1_26_Scenario_1A",26
1281,1317,1,-4.2573,-4.3515,-16.357,-4.242,-4.3441,-16.5563,0.1887,0.200023348637104,0.4314,0.3922,0.1961,20.1699,2,-16.4692,"Tomato_30_1",0.00018,0.03,0.000717519038784271,"Tomato_30_1_26_Scenario_1A",26
1288,1318,13,3.3463,-0.5783,-15.5112,3.2894,-0.5524,-15.7012,0.1887,0.20002104889236,0.4314,0.3922,0.1961,20.1719,2,-17.3243,"Tomato_30_1",0.00018,0.03,0.000773554412385142,"Tomato_30_1_26_Scenario_1A",26
1285,1319,8,3.8072,-8.6062,-13.2642,3.8634,-8.7332,-13.4081,0.1887,0.199986624552743,0.4314,0.3922,0.1961,20.1761,2,-19.6174,"Tomato_30_1",0.00018,0.03,0.000760189593199426,"Tomato_30_1_26_Scenario_1A",26
1296,1320,21,-2.4482,1.5278,-14.4362,-2.4986,1.5465,-14.6288,0.1887,0.199961521298474,0.4314,0.3922,0.1961,20.1855,2,-18.3967,"Tomato_30_1",0.00018,0.03,0.000656600540119396,"Tomato_30_1_26_Scenario_1A",26
1295,1321,19,-0.6594,-5.0713,-11.9741,-0.6985,-5.2317,-12.087,0.1887,0.200008449821501,0.4314,0.3922,0.1961,20.2005,2,-20.9385,"Tomato_30_1",0.00018,0.03,0.000740339529412949,"Tomato_30_1_26_Scenario_1A",26
1304,1322,24,1.1806,0.7407,-12.72,1.3552,0.8211,-12.7752,0.1887,0.199990899792965,0.4314,0.3922,0.1961,20.2084,2,-20.2503,"Tomato_30_1",0.00018,0.03,0.000647171171518982,"Tomato_30_1_26_Scenario_1A",26
1298,1323,17,2.0578,-0.6222,-15.7049,2.0001,-0.649,-15.8946,0.1887,0.200084032346412,0.4314,0.3922,0.1961,20.211,2,-17.1309,"Tomato_30_1",0.00018,0.03,0.000765432147949112,"Tomato_30_1_26_Scenario_1A",26
1301,1324,15,3.106,-3.9339,-15.9986,3.0668,-3.9737,-16.1907,0.1887,0.200057716671964,0.4314,0.3922,0.1961,20.2227,2,-16.8348,"Tomato_30_1",0.00018,0.03,0.000743028075453763,"Tomato_30_1_26_Scenario_1A",26
1302,1325,16,0.7857,6.4054,-13.1607,0.9505,6.4913,-13.2345,0.1887,0.199960721142928,0.4314,0.3922,0.1961,20.2293,2,-19.791,"Tomato_30_1",0.00018,0.03,0.000758219837671643,"Tomato_30_1_26_Scenario_1A",26
1312,1326,25,-0.8065,0.603,-12.9929,-0.8822,0.7157,-13.1397,0.1887,0.199955044947607,0.4314,0.3922,0.1961,20.2354,2,-19.8858,"Tomato_30_1",0.00018,0.03,0.000664056970209505,"Tomato_30_1_26_Scenario_1A",26
1308,1327,23,-2.5569,-0.2047,-12.8041,-2.6791,-0.1681,-12.9582,0.1887,0.200048019235382,0.4314,0.3922,0.1961,20.2421,2,-20.0673,"Tomato_30_1",0.00018,0.03,0.000641519421533885,"Tomato_30_1_26_Scenario_1A",26
1313,1328,22,-0.1492,3.1187,-12.9,-0.1455,3.2674,-13.0337,0.1887,0.200002674982111,0.4314,0.3922,0.1961,20.2564,2,-19.9918,"Tomato_30_1",0.00018,0.03,0.000644571886980401,"Tomato_30_1_26_Scenario_1A",26
1303,1329,9,3.2027,3.5677,-15.2838,3.2693,3.6811,-15.4344,0.1887,0.199938690602895,0.4314,0.3922,0.1961,20.2616,2,-17.5911,"Tomato_30_1",0.00018,0.03,0.000759764152626424,"Tomato_30_1_26_Scenario_1A",26
1297,1330,6,-0.5564,2.2378,-16.9299,-0.5719,2.2827,-17.1241,0.1887,0.199924735838264,0.4314,0.3922,0.1961,20.2618,2,-15.9014,"Tomato_30_1",0.00018,0.03,0.000769659884444859,"Tomato_30_1_26_Scenario_1A",26
1314,1331,20,-3.5446,-2.1,-13.7408,-3.5902,-2.1741,-13.9209,0.1887,0.200015449403289,0.4314,0.3922,0.1961,20.2703,2,-19.1046,"Tomato_30_1",0.00018,0.03,0.000682734767274357,"Tomato_30_1_26_Scenario_1A",26
62,1332,26,-0.3157,-0.0607,-12.8249,-0.144,-0.142,-12.8873,0.1887,0.199960846167444,0.4314,0.3922,0.1961,20.2716,2,-20.1382,"Tomato_30_1",0.00018,0.03,0.000695834511813067,"Tomato_30_1_26_Scenario_1A",26
1299,1333,3,4.7896,3.8284,-14.8349,4.8503,3.8958,-15.0132,0.1887,0.200045344859609,0.4314,0.3922,0.1961,20.2811,2,-18.0123,"Tomato_30_1",0.00018,0.03,0.000774722922758169,"Tomato_30_1_26_Scenario_1A",26
1310,1334,14,-7.7642,1.5319,-11.5704,-7.8762,1.6402,-11.6958,0.1887,0.199995124940585,0.4314,0.3922,0.1961,20.2817,2,-21.3297,"Tomato_30_1",0.00018,0.03,0.000764605974687497,"Tomato_30_1_26_Scenario_1A",26
1305,1335,7,-7.6181,-0.8173,-13.0705,-7.6861,-0.7361,-13.2402,0.1887,0.20003882123228,0.4314,0.3922,0.1961,20.2833,2,-19.7853,"Tomato_30_1",0.00018,0.03,0.000763147226910084,"Tomato_30_1_26_Scenario_1A",26
1311,1336,11,-5.4219,6.1627,-13.5627,-5.4071,6.3186,-13.6872,0.1887,0.200060240927577,0.4314,0.3922,0.1961,20.2877,2,-19.3383,"Tomato_30_1",0.00018,0.03,0.000739303882753006,"Tomato_30_1_26_Scenario_1A",26
1307,1337,10,-6.8256,-4.1915,-15.025,-6.9052,-4.3049,-15.1693,0.1887,0.200045519819865,0.4314,0.3922,0.1961,20.2901,2,-17.8562,"Tomato_30_1",0.00018,0.03,0.000756788981613809,"Tomato_30_1_26_Scenario_1A",26
1320,1338,21,-2.4986,1.5465,-14.6288,-2.5441,1.5671,-14.8225,0.1887,0.200035746805414,0.4314,0.3922,0.1961,20.2951,2,-18.203,"Tomato_30_1",0.00018,0.03,0.000650008199328292,"Tomato_30_1_26_Scenario_1A",26
127,1339,0,-0.3564,-0.0295,-22.9074,-0.3602,-0.033,-23.1073,0.1887,0.199966747235634,0.4314,0.3922,0.1961,20.2958,1,-9.9182,"Tomato_30_1",0.00018,0.03,0.000943875102064566,"Tomato_30_1_26_Scenario_1A",26
1316,1340,18,-1.9367,1.7884,-14.7287,-1.9114,1.7234,-14.9162,0.1887,0.200053342886341,0.4314,0.3922,0.1961,20.2965,2,-18.1093,"Tomato_30_1",0.00018,0.03,0.000765110909993424,"Tomato_30_1_26_Scenario_1A",26
1309,1341,5,-3.6052,-1.017,-17.422,-3.6843,-1.0394,-17.6043,0.1887,0.199979648964586,0.4314,0.3922,0.1961,20.3028,2,-15.4212,"Tomato_30_1",0.00018,0.03,0.000743940239211576,"Tomato_30_1_26_Scenario_1A",26
1306,1342,4,2.6719,1.2448,-18.5756,2.6879,1.2428,-18.7749,0.1887,0.199951219051045,0.4314,0.3922,0.1961,20.3037,2,-14.2506,"Tomato_30_1",0.00018,0.03,0.00074818992811948,"Tomato_30_1_26_Scenario_1A",26
1315,1343,12,-3.6773,-4.7087,-14.8888,-3.6133,-4.7424,-15.0752,0.1887,0.199941616478412,0.4314,0.3922,0.1961,20.3091,2,-17.9503,"Tomato_30_1",0.00018,0.03,0.000747813259273045,"Tomato_30_1_26_Scenario_1A",26
1322,1344,24,1.3552,0.8211,-12.7752,1.5307,0.916,-12.7885,0.1887,0.199957870562776,0.4314,0.3922,0.1961,20.3115,2,-20.237,"Tomato_30_1",0.00018,0.03,0.000640005082081239,"Tomato_30_1_26_Scenario_1A",26
1300,1345,2,0.7422,-3.7539,-15.8559,0.7099,-3.767,-16.0529,0.1887,0.20005974107751,0.4314,0.3922,0.1961,20.3221,2,-16.9726,"Tomato_30_1",0.00018,0.03,0.000801989660672044,"Tomato_30_1_26_Scenario_1A",26
1318,1346,13,3.2894,-0.5524,-15.7012,3.2255,-0.5357,-15.8899,0.1887,0.199924460734549,0.4314,0.3922,0.1961,20.3285,2,-17.1356,"Tomato_30_1",0.00018,0.03,0.000766947226436902,"Tomato_30_1_26_Scenario_1A",26
1326,1347,25,-0.8822,0.7157,-13.1397,-0.9659,0.7972,-13.302,0.1887,0.199973073187367,0.4314,0.3922,0.1961,20.3309,2,-19.7235,"Tomato_30_1",0.00018,0.03,0.000656559126103552,"Tomato_30_1_26_Scenario_1A",26
1321,1348,19,-0.6985,-5.2317,-12.087,-0.7236,-5.3841,-12.2141,0.1887,0.20002544838095,0.4314,0.3922,0.1961,20.3356,2,-20.8114,"Tomato_30_1",0.00018,0.03,0.00073366089843858,"Tomato_30_1_26_Scenario_1A",26
1323,1349,17,2.0001,-0.649,-15.8946,1.9832,-0.6575,-16.0937,0.1887,0.199996674972358,0.4314,0.3922,0.1961,20.3446,2,-16.9318,"Tomato_30_1",0.00018,0.03,0.000758284513810669,"Tomato_30_1_26_Scenario_1A",26
1319,1350,8,3.8634,-8.7332,-13.4081,3.9334,-8.8822,-13.5216,0.1887,0.199958120615292,0.4314,0.3922,0.1961,20.3474,2,-19.5039,"Tomato_30_1",0.00018,0.03,0.000754460582519671,"Tomato_30_1_26_Scenario_1A",26
1324,1351,15,3.0668,-3.9737,-16.1907,3.0329,-3.9724,-16.3878,0.1887,0.19999827499256,0.4314,0.3922,0.1961,20.3544,2,-16.6377,"Tomato_30_1",0.00018,0.03,0.000736192764745512,"Tomato_30_1_26_Scenario_1A",26
1327,1352,23,-2.6791,-0.1681,-12.9582,-2.806,-0.135,-13.1092,0.1887,0.200000549999244,0.4314,0.3922,0.1961,20.3545,2,-19.9163,"Tomato_30_1",0.00018,0.03,0.0006348037295784,"Tomato_30_1_26_Scenario_1A",26
1325,1353,16,0.9505,6.4913,-13.2345,1.1194,6.5809,-13.2932,0.1887,0.200002649982444,0.4314,0.3922,0.1961,20.3643,2,-19.7323,"Tomato_30_1",0.00018,0.03,0.000751627126303329,"Tomato_30_1_26_Scenario_1A",26
1317,1354,1,-4.242,-4.3441,-16.5563,-4.2189,-4.3731,-16.7528,0.1887,0.199967147301751,0.4314,0.3922,0.1961,20.3674,2,-16.2727,"Tomato_30_1",0.00018,0.03,0.000712685080794892,"Tomato_30_1_26_Scenario_1A",26
1328,1355,22,-0.1455,3.2674,-13.0337,-0.1421,3.419,-13.1642,0.1887,0.200060915723187,0.4314,0.3922,0.1961,20.3691,2,-19.8613,"Tomato_30_1",0.00018,0.03,0.000638161077659285,"Tomato_30_1_26_Scenario_1A",26
1332,1356,26,-0.144,-0.142,-12.8873,0.0185,-0.2424,-12.9467,0.1887,0.20003692159199,0.4314,0.3922,0.1961,20.3728,2,-20.0788,"Tomato_30_1",0.00018,0.03,0.000688392343305871,"Tomato_30_1_26_Scenario_1A",26
1331,1357,20,-3.5902,-2.1741,-13.9209,-3.6312,-2.2241,-14.1101,0.1887,0.19994409218579,0.4314,0.3922,0.1961,20.3876,2,-18.9154,"Tomato_30_1",0.00018,0.03,0.000675754894809666,"Tomato_30_1_26_Scenario_1A",26
1338,1358,21,-2.5441,1.5671,-14.8225,-2.6003,1.5889,-15.0132,0.1887,0.200000424999548,0.4314,0.3922,0.1961,20.4056,2,-18.0123,"Tomato_30_1",0.00018,0.03,0.000643242843999877,"Tomato_30_1_26_Scenario_1A",26
1344,1359,24,1.5307,0.916,-12.7885,1.6948,1.0292,-12.7726,0.1887,0.19998964973218,0.4314,0.3922,0.1961,20.4153,2,-20.2529,"Tomato_30_1",0.00018,0.03,0.000633228597037995,"Tomato_30_1_26_Scenario_1A",26
1347,1360,25,-0.9659,0.7972,-13.302,-1.0404,0.884,-13.466,0.1887,0.199951219051047,0.4314,0.3922,0.1961,20.4271,2,-19.5595,"Tomato_30_1",0.00018,0.03,0.000649117292468408,"Tomato_30_1_26_Scenario_1A",26
1329,1361,9,3.2693,3.6811,-15.4344,3.3569,3.7624,-15.5948,0.1887,0.200029022894179,0.4314,0.3922,0.1961,20.4291,2,-17.4307,"Tomato_30_1",0.00018,0.03,0.00075431446220216,"Tomato_30_1_26_Scenario_1A",26
1334,1362,14,-7.8762,1.6402,-11.6958,-7.9943,1.7477,-11.8161,0.1887,0.199939865959743,0.4314,0.3922,0.1961,20.4302,2,-21.2094,"Tomato_30_1",0.00018,0.03,0.000758067381983934,"Tomato_30_1_26_Scenario_1A",26
1340,1363,18,-1.9114,1.7234,-14.9162,-1.9157,1.6486,-15.1016,0.1887,0.199966722231475,0.4314,0.3922,0.1961,20.432,2,-17.9239,"Tomato_30_1",0.00018,0.03,0.000757970059754502,"Tomato_30_1_26_Scenario_1A",26
1336,1364,11,-5.4071,6.3186,-13.6872,-5.3875,6.4702,-13.8162,0.1887,0.200019299068865,0.4314,0.3922,0.1961,20.4384,2,-19.2093,"Tomato_30_1",0.00018,0.03,0.000733191364504588,"Tomato_30_1_26_Scenario_1A",26
1330,1365,6,-0.5719,2.2827,-17.1241,-0.6129,2.3308,-17.3139,0.1887,0.200046619566542,0.4314,0.3922,0.1961,20.4477,2,-15.7116,"Tomato_30_1",0.00018,0.03,0.000764971614178345,"Tomato_30_1_26_Scenario_1A",26
1337,1366,10,-6.9052,-4.3049,-15.1693,-6.9706,-4.4195,-15.3196,0.1887,0.200001024997373,0.4314,0.3922,0.1961,20.4548,2,-17.7059,"Tomato_30_1",0.00018,0.03,0.000751024132506142,"Tomato_30_1_26_Scenario_1A",26
1335,1367,7,-7.6861,-0.7361,-13.2402,-7.7573,-0.6391,-13.3999,0.1887,0.199956320230195,0.4314,0.3922,0.1961,20.4607,2,-19.6256,"Tomato_30_1",0.00018,0.03,0.000757543339722002,"Tomato_30_1_26_Scenario_1A",26
1343,1368,12,-3.6133,-4.7424,-15.0752,-3.5291,-4.7722,-15.2542,0.1887,0.200046694549048,0.4314,0.3922,0.1961,20.4607,2,-17.7713,"Tomato_30_1",0.00018,0.03,0.000742337152253708,"Tomato_30_1_26_Scenario_1A",26
1352,1369,23,-2.806,-0.135,-13.1092,-2.9263,-0.103,-13.2656,0.1887,0.199892596161038,0.4314,0.3922,0.1961,20.4677,2,-19.7599,"Tomato_30_1",0.00018,0.03,0.00062808418450009,"Tomato_30_1_26_Scenario_1A",26
1348,1370,19,-0.7236,-5.3841,-12.2141,-0.747,-5.5016,-12.3742,0.1887,0.199964546857687,0.4314,0.3922,0.1961,20.4719,2,-20.6513,"Tomato_30_1",0.00018,0.03,0.000726907462988557,"Tomato_30_1_26_Scenario_1A",26
1356,1371,26,0.0185,-0.2424,-12.9467,0.1843,-0.3434,-12.9948,0.1887,0.200010624717788,0.4314,0.3922,0.1961,20.4746,2,-20.0307,"Tomato_30_1",0.00018,0.03,0.000680790890304449,"Tomato_30_1_26_Scenario_1A",26
1341,1372,5,-3.6843,-1.0394,-17.6043,-3.7206,-1.0716,-17.7983,0.1887,0.199976323598573,0.4314,0.3922,0.1961,20.4751,2,-15.2272,"Tomato_30_1",0.00018,0.03,0.000738426476883743,"Tomato_30_1_26_Scenario_1A",26
1349,1373,17,1.9832,-0.6575,-16.0937,1.9682,-0.6808,-16.2917,0.1887,0.199929712649221,0.4314,0.3922,0.1961,20.4794,2,-16.7338,"Tomato_30_1",0.00018,0.03,0.000751437761098115,"Tomato_30_1_26_Scenario_1A",26
1355,1374,22,-0.1421,3.419,-13.1642,-0.1375,3.5701,-13.2951,0.1887,0.199967947431582,0.4314,0.3922,0.1961,20.4827,2,-19.7304,"Tomato_30_1",0.00018,0.03,0.000631451187789828,"Tomato_30_1_26_Scenario_1A",26
1333,1375,3,4.8503,3.8958,-15.0132,4.9361,3.9358,-15.1893,0.1887,0.19993211347855,0.4314,0.3922,0.1961,20.4856,2,-17.8362,"Tomato_30_1",0.00018,0.03,0.000769472177874302,"Tomato_30_1_26_Scenario_1A",26
1342,1376,4,2.6879,1.2428,-18.7749,2.7145,1.2792,-18.9698,0.1887,0.200046319636229,0.4314,0.3922,0.1961,20.4866,2,-14.0557,"Tomato_30_1",0.00018,0.03,0.000743355784461333,"Tomato_30_1_26_Scenario_1A",26
1346,1377,13,3.2255,-0.5357,-15.8899,3.1411,-0.5162,-16.0702,0.1887,0.200029247861406,0.4314,0.3922,0.1961,20.4867,2,-16.9553,"Tomato_30_1",0.00018,0.03,0.000761330491987384,"Tomato_30_1_26_Scenario_1A",26
1351,1378,15,3.0329,-3.9724,-16.3878,3.0184,-3.9763,-16.5872,0.1887,0.199964546857687,0.4314,0.3922,0.1961,20.4873,2,-16.4383,"Tomato_30_1",0.00018,0.03,0.000729666170437458,"Tomato_30_1_26_Scenario_1A",26
1353,1379,16,1.1194,6.5809,-13.2932,1.2821,6.6627,-13.376,0.1887,0.200045919728446,0.4314,0.3922,0.1961,20.5004,2,-19.6495,"Tomato_30_1",0.00018,0.03,0.000745249097615822,"Tomato_30_1_26_Scenario_1A",26
1357,1380,20,-3.6312,-2.2241,-14.1101,-3.6698,-2.2304,-14.3062,0.1887,0.199962146417767,0.4314,0.3922,0.1961,20.5057,2,-18.7193,"Tomato_30_1",0.00018,0.03,0.000669272141489976,"Tomato_30_1_26_Scenario_1A",26
1358,1381,21,-2.6003,1.5889,-15.0132,-2.6406,1.6327,-15.2041,0.1887,0.199963346641329,0.4314,0.3922,0.1961,20.517,2,-17.8214,"Tomato_30_1",0.00018,0.03,0.000636658440637219,"Tomato_30_1_26_Scenario_1A",26
1359,1382,24,1.6948,1.0292,-12.7726,1.8555,1.1462,-12.7499,0.1887,0.200071937062648,0.4314,0.3922,0.1961,20.5199,2,-20.2756,"Tomato_30_1",0.00018,0.03,0.000626786449543041,"Tomato_30_1_26_Scenario_1A",26
1350,1383,8,3.9334,-8.8822,-13.5216,3.9795,-9.0142,-13.6647,0.1887,0.200067038764511,0.4314,0.3922,0.1961,20.5208,2,-19.3608,"Tomato_30_1",0.00018,0.03,0.000749461510598347,"Tomato_30_1_26_Scenario_1A",26
128,1384,0,-0.3602,-0.033,-23.1073,-0.3468,-0.0228,-23.2833,0.1887,0.176803846112014,0.4314,0.3922,0.1961,20.5239,1,-9.7422,"Tomato_30_1",0.00018,0.03,0.000820343602350918,"Tomato_30_1_26_Scenario_1A",26
1360,1385,25,-1.0404,0.884,-13.466,-1.1311,0.9596,-13.6275,0.1887,0.200060240927577,0.4314,0.3922,0.1961,20.524,2,-19.398,"Tomato_30_1",0.00018,0.03,0.00064228032526771,"Tomato_30_1_26_Scenario_1A",26
1345,1386,2,0.7099,-3.767,-16.0529,0.6552,-3.7467,-16.2442,0.1887,0.199999674999734,0.4314,0.3922,0.1961,20.5609,2,-16.7813,"Tomato_30_1",0.00018,0.03,0.000797567172229164,"Tomato_30_1_26_Scenario_1A",26
1354,1387,1,-4.2189,-4.3731,-16.7528,-4.1673,-4.3915,-16.9452,0.1887,0.200047194431713,0.4314,0.3922,0.1961,20.5676,2,-16.0803,"Tomato_30_1",0.00018,0.03,0.000708538787715442,"Tomato_30_1_26_Scenario_1A",26
1363,1388,18,-1.9157,1.6486,-15.1016,-1.9237,1.5526,-15.2769,0.1887,0.200025223409449,0.4314,0.3922,0.1961,20.5686,2,-17.7486,"Tomato_30_1",0.00018,0.03,0.000751596490250494,"Tomato_30_1_26_Scenario_1A",26
1371,1389,26,0.1843,-0.3434,-12.9948,0.352,-0.4434,-13.0378,0.1887,0.199930712998279,0.4314,0.3922,0.1961,20.577,2,-19.9877,"Tomato_30_1",0.00018,0.03,0.000673206539298528,"Tomato_30_1_26_Scenario_1A",26
1362,1390,14,-7.9943,1.7477,-11.8161,-8.0994,1.8716,-11.9328,0.1887,0.200040270945627,0.4314,0.3922,0.1961,20.58,2,-21.0927,"Tomato_30_1",0.00018,0.03,0.000752332646302788,"Tomato_30_1_26_Scenario_1A",26
1369,1391,23,-2.9263,-0.103,-13.2656,-3.0044,-0.0649,-13.4458,0.1887,0.200058141548902,0.4314,0.3922,0.1961,20.5818,2,-19.5797,"Tomato_30_1",0.00018,0.03,0.000622400085950521,"Tomato_30_1_26_Scenario_1A",26
1364,1392,11,-5.3875,6.4702,-13.8162,-5.3593,6.6132,-13.9531,0.1887,0.199964621870969,0.4314,0.3922,0.1961,20.5907,2,-19.0724,"Tomato_30_1",0.00018,0.03,0.000727241358861687,"Tomato_30_1_26_Scenario_1A",26
1374,1393,22,-0.1375,3.5701,-13.2951,-0.1454,3.736,-13.4065,0.1887,0.199987949636972,0.4314,0.3922,0.1961,20.5971,2,-19.619,"Tomato_30_1",0.00018,0.03,0.000625281230826959,"Tomato_30_1_26_Scenario_1A",26
1361,1394,9,3.3569,3.7624,-15.5948,3.4449,3.8401,-15.7567,0.1887,0.199982249212275,0.4314,0.3922,0.1961,20.5983,2,-17.2688,"Tomato_30_1",0.00018,0.03,0.000748560434820425,"Tomato_30_1_26_Scenario_1A",26
1370,1395,19,-0.747,-5.5016,-12.3742,-0.7788,-5.6098,-12.5394,0.1887,0.200023798584069,0.4314,0.3922,0.1961,20.6094,2,-20.4861,"Tomato_30_1",0.00018,0.03,0.000720797795804533,"Tomato_30_1_26_Scenario_1A",26
1368,1396,12,-3.5291,-4.7722,-15.2542,-3.44,-4.8227,-15.426,0.1887,0.200010749711109,0.4314,0.3922,0.1961,20.6141,2,-17.5995,"Tomato_30_1",0.00018,0.03,0.000736545923282703,"Tomato_30_1_26_Scenario_1A",26
1373,1397,17,1.9682,-0.6808,-16.2917,1.9552,-0.7033,-16.49,0.1887,0.199995349945942,0.4314,0.3922,0.1961,20.6156,2,-16.5355,"Tomato_30_1",0.00018,0.03,0.000745303281982089,"Tomato_30_1_26_Scenario_1A",26
1385,1398,25,-1.1311,0.9596,-13.6275,-1.2217,1.0353,-13.7889,0.1887,0.199972023043225,0.4314,0.3922,0.1961,20.6215,2,-19.2366,"Tomato_30_1",0.00018,0.03,0.000634991707235233,"Tomato_30_1_26_Scenario_1A",26
1366,1399,10,-6.9706,-4.4195,-15.3196,-7.075,-4.5525,-15.4264,0.1887,0.199986499544344,0.4314,0.3922,0.1961,20.6216,2,-17.5991,"Tomato_30_1",0.00018,0.03,0.000745587999425727,"Tomato_30_1_26_Scenario_1A",26
1378,1400,15,3.0184,-3.9763,-16.5872,3.0062,-3.981,-16.7868,0.1887,0.200027723078577,0.4314,0.3922,0.1961,20.6216,2,-16.2387,"Tomato_30_1",0.00018,0.03,0.000723699455346863,"Tomato_30_1_26_Scenario_1A",26
1380,1401,20,-3.6698,-2.2304,-14.3062,-3.7353,-2.2045,-14.4934,0.1887,0.200012249624866,0.4314,0.3922,0.1961,20.6248,2,-18.5321,"Tomato_30_1",0.00018,0.03,0.000663083767223016,"Tomato_30_1_26_Scenario_1A",26
1382,1402,24,1.8555,1.1462,-12.7499,2.0219,1.2567,-12.7411,0.1887,0.199941616478411,0.4314,0.3922,0.1961,20.6252,2,-20.2844,"Tomato_30_1",0.00018,0.03,0.000619858905289542,"Tomato_30_1_26_Scenario_1A",26
1381,1403,21,-2.6406,1.6327,-15.2041,-2.6683,1.7004,-15.3902,0.1887,0.199959470893478,0.4314,0.3922,0.1961,20.6293,2,-17.6353,"Tomato_30_1",0.00018,0.03,0.000630362842108775,"Tomato_30_1_26_Scenario_1A",26
1365,1404,6,-0.6129,2.3308,-17.3139,-0.6556,2.3853,-17.5015,0.1887,0.199968247479443,0.4314,0.3922,0.1961,20.636,2,-15.524,"Tomato_30_1",0.00018,0.03,0.000759733470571459,"Tomato_30_1_26_Scenario_1A",26
1379,1405,16,1.2821,6.6627,-13.376,1.4486,6.7393,-13.4559,0.1887,0.199934539287238,0.4314,0.3922,0.1961,20.6378,2,-19.5696,"Tomato_30_1",0.00018,0.03,0.000738510210112923,"Tomato_30_1_26_Scenario_1A",26
1367,1406,7,-7.7573,-0.6391,-13.3999,-7.8231,-0.5466,-13.5646,0.1887,0.200029947757829,0.4314,0.3922,0.1961,20.6402,2,-19.4609,"Tomato_30_1",0.00018,0.03,0.000752746951720003,"Tomato_30_1_26_Scenario_1A",26
1377,1407,13,3.1411,-0.5162,-16.0702,3.0781,-0.5498,-16.257,0.1887,0.199980499049284,0.4314,0.3922,0.1961,20.6466,2,-16.7685,"Tomato_30_1",0.00018,0.03,0.000755343428342925,"Tomato_30_1_26_Scenario_1A",26
1372,1408,5,-3.7206,-1.0716,-17.7983,-3.7628,-1.1072,-17.9905,0.1887,0.199972598122842,0.4314,0.3922,0.1961,20.6491,2,-15.035,"Tomato_30_1",0.00018,0.03,0.000733121598705236,"Tomato_30_1_26_Scenario_1A",26
1376,1409,4,2.7145,1.2792,-18.9698,2.7295,1.3092,-19.1669,0.1887,0.199933513949012,0.4314,0.3922,0.1961,20.6718,2,-13.8586,"Tomato_30_1",0.00018,0.03,0.000737961141867699,"Tomato_30_1_26_Scenario_1A",26
1389,1410,26,0.352,-0.4434,-13.0378,0.5188,-0.5521,-13.0572,0.1887,0.200035721809881,0.4314,0.3922,0.1961,20.6801,2,-19.9683,"Tomato_30_1",0.00018,0.03,0.00066643512009695,"Tomato_30_1_26_Scenario_1A",26
1375,1411,3,4.9361,3.9358,-15.1893,5.0219,3.979,-15.3648,0.1887,0.200070312640333,0.4314,0.3922,0.1961,20.693,2,-17.6607,"Tomato_30_1",0.00018,0.03,0.000765407334744332,"Tomato_30_1_26_Scenario_1A",26
1383,1412,8,3.9795,-9.0142,-13.6647,4.0355,-9.1639,-13.7849,0.1887,0.199985324461571,0.4314,0.3922,0.1961,20.6963,2,-19.2406,"Tomato_30_1",0.00018,0.03,0.00074396042721036,"Tomato_30_1_26_Scenario_1A",26
1391,1413,23,-3.0044,-0.0649,-13.4458,-3.0831,-0.0324,-13.6268,0.1887,0.200027348130199,0.4314,0.3922,0.1961,20.6968,2,-19.3987,"Tomato_30_1",0.00018,0.03,0.000616276003299329,"Tomato_30_1_26_Scenario_1A",26
1388,1414,18,-1.9237,1.5526,-15.2769,-1.9162,1.4698,-15.4588,0.1887,0.199999249998594,0.4314,0.3922,0.1961,20.7064,2,-17.5667,"Tomato_30_1",0.00018,0.03,0.000745117754095315,"Tomato_30_1_26_Scenario_1A",26
1393,1415,22,-0.1454,3.736,-13.4065,-0.1302,3.886,-13.538,0.1887,0.20005821652709,0.4314,0.3922,0.1961,20.7123,2,-19.4875,"Tomato_30_1",0.00018,0.03,0.000619442227253034,"Tomato_30_1_26_Scenario_1A",26
1398,1416,25,-1.2217,1.0353,-13.7889,-1.2757,1.1326,-13.9551,0.1887,0.200014324487023,0.4314,0.3922,0.1961,20.7197,2,-19.0704,"Tomato_30_1",0.00018,0.03,0.000628300692652119,"Tomato_30_1_26_Scenario_1A",26
1390,1417,14,-8.0994,1.8716,-11.9328,-8.2061,1.9934,-12.0503,0.1887,0.200065939130078,0.4314,0.3922,0.1961,20.7311,2,-20.9752,"Tomato_30_1",0.00018,0.03,0.000746525234555505,"Tomato_30_1_26_Scenario_1A",26
1402,1418,24,2.0219,1.2567,-12.7411,2.1714,1.3849,-12.776,0.1887,0.200008749808602,0.4314,0.3922,0.1961,20.7313,2,-20.2495,"Tomato_30_1",0.00018,0.03,0.000613723028857657,"Tomato_30_1_26_Scenario_1A",26
1403,1419,21,-2.6683,1.7004,-15.3902,-2.671,1.7889,-15.5696,0.1887,0.200059741077509,0.4314,0.3922,0.1961,20.7426,2,-17.4559,"Tomato_30_1",0.00018,0.03,0.000624570483505361,"Tomato_30_1_26_Scenario_1A",26
1392,1420,11,-5.3593,6.6132,-13.9531,-5.2771,6.7461,-14.078,0.1887,0.200048144205339,0.4314,0.3922,0.1961,20.7447,2,-18.9475,"Tomato_30_1",0.00018,0.03,0.00072199976760633,"Tomato_30_1_26_Scenario_1A",26
1401,1421,20,-3.7353,-2.2045,-14.4934,-3.763,-2.0914,-14.656,0.1887,0.199994149914442,0.4314,0.3922,0.1961,20.7448,2,-18.3695,"Tomato_30_1",0.00018,0.03,0.000656856422880975,"Tomato_30_1_26_Scenario_1A",26
1395,1422,19,-0.7788,-5.6098,-12.5394,-0.8036,-5.7209,-12.7039,0.1887,0.200046244653581,0.4314,0.3922,0.1961,20.748,2,-20.3216,"Tomato_30_1",0.00018,0.03,0.000714756802319826,"Tomato_30_1_26_Scenario_1A",26
1397,1423,17,1.9552,-0.7033,-16.49,1.9572,-0.7224,-16.6891,0.1887,0.200024048554169,0.4314,0.3922,0.1961,20.753,2,-16.3364,"Tomato_30_1",0.00018,0.03,0.000739238737415945,"Tomato_30_1_26_Scenario_1A",26
1400,1424,15,3.0062,-3.981,-16.7868,3.0163,-3.9928,-16.9862,0.1887,0.2000040249595,0.4314,0.3922,0.1961,20.7572,2,-16.0393,"Tomato_30_1",0.00018,0.03,0.000717622520823162,"Tomato_30_1_26_Scenario_1A",26
1394,1425,9,3.4449,3.8401,-15.7567,3.544,3.9058,-15.9175,0.1887,0.19998484942615,0.4314,0.3922,0.1961,20.7692,2,-17.108,"Tomato_30_1",0.00018,0.03,0.000743206062593302,"Tomato_30_1_26_Scenario_1A",26
1396,1426,12,-3.44,-4.8227,-15.426,-3.3444,-4.8534,-15.5989,0.1887,0.19994064119133,0.4314,0.3922,0.1961,20.7693,2,-17.4266,"Tomato_30_1",0.00018,0.03,0.000730842876677042,"Tomato_30_1_26_Scenario_1A",26
1387,1427,1,-4.1673,-4.3915,-16.9452,-4.1036,-4.4107,-17.1338,0.1887,0.199990724784927,0.4314,0.3922,0.1961,20.7707,2,-15.8917,"Tomato_30_1",0.00018,0.03,0.000704109773545345,"Tomato_30_1_26_Scenario_1A",26
1405,1428,16,1.4486,6.7393,-13.4559,1.5908,6.8124,-13.5761,0.1887,0.200031222562879,0.4314,0.3922,0.1961,20.7765,2,-19.4494,"Tomato_30_1",0.00018,0.03,0.000732750795364523,"Tomato_30_1_26_Scenario_1A",26
129,1429,0,-0.3468,-0.0228,-23.2833,-0.3324,-0.006,-23.4821,0.1887,0.200027598095861,0.4314,0.3922,0.1961,20.7834,1,-9.5434,"Tomato_30_1",0.00018,0.03,0.00086512270853134,"Tomato_30_1_26_Scenario_1A",26
1410,1430,26,0.5188,-0.5521,-13.0572,0.6794,-0.6713,-13.0534,0.1887,0.200038596275819,0.4314,0.3922,0.1961,20.7839,2,-19.9721,"Tomato_30_1",0.00018,0.03,0.000659507347397253,"Tomato_30_1_26_Scenario_1A",26
1399,1431,10,-7.075,-4.5525,-15.4264,-7.1854,-4.6879,-15.5237,0.1887,0.199971522972647,0.4314,0.3922,0.1961,20.7905,2,-17.5018,"Tomato_30_1",0.00018,0.03,0.00074036348696241,"Tomato_30_1_26_Scenario_1A",26
67,1432,27,-0.3024,-0.0415,-13.2385,-0.3811,0.1162,-13.3329,0.1887,0.199935839708643,0.4314,0.3922,0.1961,20.7976,2,-19.6926,"Tomato_30_1",0.00018,0.03,0.000690862925943061,"Tomato_30_1_26_Scenario_1A",26
1386,1433,2,0.6552,-3.7467,-16.2442,0.6404,-3.7394,-16.4435,0.1887,0.199982049194422,0.4314,0.3922,0.1961,20.8042,2,-16.582,"Tomato_30_1",0.00018,0.03,0.000793543306198854,"Tomato_30_1_26_Scenario_1A",26
1407,1434,13,3.0781,-0.5498,-16.257,3.0077,-0.5802,-16.4417,0.1887,0.199986024511714,0.4314,0.3922,0.1961,20.8082,2,-16.5838,"Tomato_30_1",0.00018,0.03,0.000749778170882615,"Tomato_30_1_26_Scenario_1A",26
1413,1435,23,-3.0831,-0.0324,-13.6268,-3.136,0.0359,-13.8072,0.1887,0.200018649130525,0.4314,0.3922,0.1961,20.8126,2,-19.2183,"Tomato_30_1",0.00018,0.03,0.000610397188204292,"Tomato_30_1_26_Scenario_1A",26
1416,1436,25,-1.2757,1.1326,-13.9551,-1.3737,1.2114,-14.1106,0.1887,0.199984224377824,0.4314,0.3922,0.1961,20.8185,2,-18.9149,"Tomato_30_1",0.00018,0.03,0.000621560372765267,"Tomato_30_1_26_Scenario_1A",26
1406,1437,7,-7.8231,-0.5466,-13.5646,-7.8956,-0.4412,-13.7183,0.1887,0.19997274814334,0.4314,0.3922,0.1961,20.822,2,-19.3072,"Tomato_30_1",0.00018,0.03,0.000747671740500767,"Tomato_30_1_26_Scenario_1A",26
1408,1438,5,-3.7628,-1.1072,-17.9905,-3.8051,-1.1452,-18.1823,0.1887,0.200051318416051,0.4314,0.3922,0.1961,20.8249,2,-14.8432,"Tomato_30_1",0.00018,0.03,0.000728324710336914,"Tomato_30_1_26_Scenario_1A",26
1404,1439,6,-0.6556,2.3853,-17.5015,-0.6867,2.4297,-17.6941,0.1887,0.200083307649588,0.4314,0.3922,0.1961,20.8266,2,-15.3314,"Tomato_30_1",0.00018,0.03,0.000755445246283327,"Tomato_30_1_26_Scenario_1A",26
1415,1440,22,-0.1302,3.886,-13.538,-0.1174,4.0406,-13.6642,0.1887,0.199978598854977,0.4314,0.3922,0.1961,20.8284,2,-19.3613,"Tomato_30_1",0.00018,0.03,0.000613315780998112,"Tomato_30_1_26_Scenario_1A",26
1418,1441,24,2.1714,1.3849,-12.776,2.3208,1.5133,-12.8107,0.1887,0.200027523106197,0.4314,0.3922,0.1961,20.8382,2,-20.2148,"Tomato_30_1",0.00018,0.03,0.000607609339380555,"Tomato_30_1_26_Scenario_1A",26
1414,1442,18,-1.9162,1.4698,-15.4588,-1.8896,1.391,-15.6407,0.1887,0.200011524667956,0.4314,0.3922,0.1961,20.8452,2,-17.3848,"Tomato_30_1",0.00018,0.03,0.000738994232617487,"Tomato_30_1_26_Scenario_1A",26
1419,1443,21,-2.671,1.7889,-15.5696,-2.6461,1.8743,-15.7487,0.1887,0.199974948431047,0.4314,0.3922,0.1961,20.8568,2,-17.2768,"Tomato_30_1",0.00018,0.03,0.000618377330615817,"Tomato_30_1_26_Scenario_1A",26
1409,1444,4,2.7295,1.3092,-19.1669,2.7393,1.3272,-19.3659,0.1887,0.20005259308492,0.4314,0.3922,0.1961,20.8592,2,-13.6596,"Tomato_30_1",0.00018,0.03,0.000733632282620449,"Tomato_30_1_26_Scenario_1A",26
1421,1445,20,-3.763,-2.0914,-14.656,-3.7848,-1.9872,-14.8254,0.1887,0.200073086645855,0.4314,0.3922,0.1961,20.8658,2,-18.2001,"Tomato_30_1",0.00018,0.03,0.000651132013163334,"Tomato_30_1_26_Scenario_1A",26
1412,1446,8,4.0355,-9.1639,-13.7849,4.0788,-9.3108,-13.9135,0.1887,0.199981149111611,0.4314,0.3922,0.1961,20.874,2,-19.112,"Tomato_30_1",0.00018,0.03,0.000738962831936755,"Tomato_30_1_26_Scenario_1A",26
1417,1447,14,-8.2061,1.9934,-12.0503,-8.3273,2.0994,-12.1688,0.1887,0.199919208681907,0.4314,0.3922,0.1961,20.8835,2,-20.8567,"Tomato_30_1",0.00018,0.03,0.00074029216939127,"Tomato_30_1_26_Scenario_1A",26
1422,1448,19,-0.8036,-5.7209,-12.7039,-0.8106,-5.8161,-12.8796,0.1887,0.199956320230193,0.4314,0.3922,0.1961,20.8878,2,-20.1459,"Tomato_30_1",0.00018,0.03,0.000708520720778078,"Tomato_30_1_26_Scenario_1A",26
1430,1449,26,0.6794,-0.6713,-13.0534,0.8343,-0.7973,-13.0422,0.1887,0.199988624676505,0.4314,0.3922,0.1961,20.8884,2,-19.9833,"Tomato_30_1",0.00018,0.03,0.000652595451138745,"Tomato_30_1_26_Scenario_1A",26
1432,1450,27,-0.3811,0.1162,-13.3329,-0.4004,0.2696,-13.4599,0.1887,0.20008260793982,0.4314,0.3922,0.1961,20.8898,2,-19.5656,"Tomato_30_1",0.00018,0.03,0.000683715207322493,"Tomato_30_1_26_Scenario_1A",26
1423,1451,17,1.9572,-0.7224,-16.6891,1.9083,-0.7852,-16.8726,0.1887,0.200018249167418,0.4314,0.3922,0.1961,20.8918,2,-16.1529,"Tomato_30_1",0.00018,0.03,0.000733256023910882,"Tomato_30_1_26_Scenario_1A",26
1424,1452,15,3.0163,-3.9928,-16.9862,2.9974,-3.9946,-17.1853,0.1887,0.200003149975196,0.4314,0.3922,0.1961,20.8942,2,-15.8402,"Tomato_30_1",0.00018,0.03,0.000711832801858308,"Tomato_30_1_26_Scenario_1A",26
1420,1453,11,-5.2771,6.7461,-14.078,-5.1578,6.8332,-14.2127,0.1887,0.199907453587904,0.4314,0.3922,0.1961,20.9005,2,-18.8128,"Tomato_30_1",0.00018,0.03,0.000716156596849128,"Tomato_30_1_26_Scenario_1A",26
1411,1454,3,5.0219,3.979,-15.3648,5.1046,4.0086,-15.5444,0.1887,0.199929012401901,0.4314,0.3922,0.1961,20.9032,2,-17.4811,"Tomato_30_1",0.00018,0.03,0.000760490944916959,"Tomato_30_1_26_Scenario_1A",26
1428,1455,16,1.5908,6.8124,-13.5761,1.7387,6.9118,-13.667,0.1887,0.200043945172054,0.4314,0.3922,0.1961,20.9165,2,-19.3585,"Tomato_30_1",0.00018,0.03,0.000726887365679911,"Tomato_30_1_26_Scenario_1A",26
1436,1456,25,-1.3737,1.2114,-14.1106,-1.4799,1.3033,-14.2531,0.1887,0.200075735660274,0.4314,0.3922,0.1961,20.9181,2,-18.7724,"Tomato_30_1",0.00018,0.03,0.000615371965465491,"Tomato_30_1_26_Scenario_1A",26
1426,1457,12,-3.3444,-4.8534,-15.5989,-3.2561,-4.8833,-15.7759,0.1887,0.200049743813882,0.4314,0.3922,0.1961,20.9264,2,-17.2496,"Tomato_30_1",0.00018,0.03,0.000726001384563881,"Tomato_30_1_26_Scenario_1A",26
1435,1458,23,-3.136,0.0359,-13.8072,-3.2185,0.0886,-13.9816,0.1887,0.199997249981094,0.4314,0.3922,0.1961,20.9293,2,-19.0439,"Tomato_30_1",0.00018,0.03,0.00060465463218363,"Tomato_30_1_26_Scenario_1A",26
1425,1459,9,3.544,3.9058,-15.9175,3.6409,3.9676,-16.0812,0.1887,0.200016349331747,0.4314,0.3922,0.1961,20.9418,2,-16.9443,"Tomato_30_1",0.00018,0.03,0.000738169233077704,"Tomato_30_1_26_Scenario_1A",26
1440,1460,22,-0.1174,4.0406,-13.6642,-0.085,4.1879,-13.7955,0.1887,0.199966847252239,0.4314,0.3922,0.1961,20.9454,2,-19.23,"Tomato_30_1",0.00018,0.03,0.000607575995207654,"Tomato_30_1_26_Scenario_1A",26
1441,1461,24,2.3208,1.5133,-12.8107,2.4938,1.6015,-12.8586,0.1887,0.200006624890276,0.4314,0.3922,0.1961,20.9459,2,-20.1669,"Tomato_30_1",0.00018,0.03,0.000601548151070968,"Tomato_30_1_26_Scenario_1A",26
1431,1462,10,-7.1854,-4.6879,-15.5237,-7.2942,-4.8235,-15.6225,0.1887,0.199965597041092,0.4314,0.3922,0.1961,20.9615,2,-17.403,"Tomato_30_1",0.00018,0.03,0.00073538390490353,"Tomato_30_1_26_Scenario_1A",26
1434,1463,13,3.0077,-0.5802,-16.4417,2.9444,-0.6287,-16.6252,0.1887,0.200078459610223,0.4314,0.3922,0.1961,20.9715,2,-16.4003,"Tomato_30_1",0.00018,0.03,0.000744748151292744,"Tomato_30_1_26_Scenario_1A",26
1443,1464,21,-2.6461,1.8743,-15.7487,-2.6037,1.9463,-15.9304,0.1887,0.199991624824642,0.4314,0.3922,0.1961,20.972,2,-17.0951,"Tomato_30_1",0.00018,0.03,0.000612676949781242,"Tomato_30_1_26_Scenario_1A",26
1427,1465,1,-4.1036,-4.4107,-17.1338,-4.0462,-4.4318,-17.3242,0.1887,0.199980324032141,0.4314,0.3922,0.1961,20.9767,2,-15.7013,"Tomato_30_1",0.00018,0.03,0.000700045418112273,"Tomato_30_1_26_Scenario_1A",26
1450,1466,27,-0.4004,0.2696,-13.4599,-0.3975,0.4196,-13.592,0.1887,0.199897023489597,0.4314,0.3922,0.1961,20.9826,2,-19.4335,"Tomato_30_1",0.00018,0.03,0.000675628352156917,"Tomato_30_1_26_Scenario_1A",26
1442,1467,18,-1.8896,1.391,-15.6407,-1.894,1.3308,-15.8314,0.1887,0.200024723471875,0.4314,0.3922,0.1961,20.9852,2,-17.1941,"Tomato_30_1",0.00018,0.03,0.000733083280240443,"Tomato_30_1_26_Scenario_1A",26
1445,1468,20,-3.7848,-1.9872,-14.8254,-3.8388,-1.873,-14.9804,0.1887,0.199956595290077,0.4314,0.3922,0.1961,20.9878,2,-18.0451,"Tomato_30_1",0.00018,0.03,0.00064495847216056,"Tomato_30_1_26_Scenario_1A",26
1449,1469,26,0.8343,-0.7973,-13.0422,0.9969,-0.9129,-13.0288,0.1887,0.199954194754699,0.4314,0.3922,0.1961,20.9935,2,-19.9967,"Tomato_30_1",0.00018,0.03,0.000645924179010887,"Tomato_30_1_26_Scenario_1A",26
1438,1470,5,-3.8051,-1.1452,-18.1823,-3.8289,-1.156,-18.3806,0.1887,0.200014924443152,0.4314,0.3922,0.1961,21.0023,2,-14.6449,"Tomato_30_1",0.00018,0.03,0.000723314374488032,"Tomato_30_1_26_Scenario_1A",26
1437,1471,7,-7.8956,-0.4412,-13.7183,-7.9675,-0.3276,-13.8664,0.1887,0.200020448954602,0.4314,0.3922,0.1961,21.006,2,-19.1591,"Tomato_30_1",0.00018,0.03,0.000743201896991002,"Tomato_30_1_26_Scenario_1A",26
1456,1472,25,-1.4799,1.3033,-14.2531,-1.5916,1.394,-14.3919,0.1887,0.19992203480357,0.4314,0.3922,0.1961,21.0183,2,-18.6336,"Tomato_30_1",0.00018,0.03,0.00060860734718573,"Tomato_30_1_26_Scenario_1A",26
1439,1473,6,-0.6867,2.4297,-17.6941,-0.7176,2.474,-17.8866,0.1887,0.199933864065098,0.4314,0.3922,0.1961,21.0198,2,-15.1389,"Tomato_30_1",0.00018,0.03,0.000750374378048521,"Tomato_30_1_26_Scenario_1A",26
1448,1474,19,-0.8106,-5.8161,-12.8796,-0.8311,-5.9094,-13.0553,0.1887,0.199989074701595,0.4314,0.3922,0.1961,21.0288,2,-19.9702,"Tomato_30_1",0.00018,0.03,0.00070292349269295,"Tomato_30_1_26_Scenario_1A",26
1451,1475,17,1.9083,-0.7852,-16.8726,1.869,-0.8481,-17.0583,0.1887,0.199963471664202,0.4314,0.3922,0.1961,21.032,2,-15.9672,"Tomato_30_1",0.00018,0.03,0.000727305057685064,"Tomato_30_1_26_Scenario_1A",26
1452,1476,15,2.9974,-3.9946,-17.1853,3.0019,-4.0146,-17.3842,0.1887,0.199953644627947,0.4314,0.3922,0.1961,21.0326,2,-15.6413,"Tomato_30_1",0.00018,0.03,0.00070607466219422,"Tomato_30_1_26_Scenario_1A",26
1447,1477,14,-8.3273,2.0994,-12.1688,-8.4421,2.1609,-12.3207,0.1887,0.200087230976893,0.4314,0.3922,0.1961,21.0372,2,-20.7048,"Tomato_30_1",0.00018,0.03,0.000735434574681761,"Tomato_30_1_26_Scenario_1A",26
130,1478,0,-0.3324,-0.006,-23.4821,-0.3273,-0.001,-23.682,0.1887,0.200027548102755,0.4314,0.3922,0.1961,21.0444,1,-9.3435,"Tomato_30_1",0.00018,0.03,0.000933706621072247,"Tomato_30_1_26_Scenario_1A",26
1458,1479,23,-3.2185,0.0886,-13.9816,-3.2927,0.1626,-14.1519,0.1887,0.199959320863019,0.4314,0.3922,0.1961,21.0468,2,-18.8736,"Tomato_30_1",0.00018,0.03,0.000599036628868611,"Tomato_30_1_26_Scenario_1A",26
1444,1480,4,2.7393,1.3272,-19.3659,2.7368,1.3273,-19.5659,0.1887,0.200015649387741,0.4314,0.3922,0.1961,21.0489,2,-13.4596,"Tomato_30_1",0.00018,0.03,0.000728937079831396,"Tomato_30_1_26_Scenario_1A",26
1433,1481,2,0.6404,-3.7394,-16.4435,0.6811,-3.7105,-16.6372,0.1887,0.200028472973224,0.4314,0.3922,0.1961,21.0523,2,-16.3883,"Tomato_30_1",0.00018,0.03,0.000789998612092234,"Tomato_30_1_26_Scenario_1A",26
1446,1482,8,4.0788,-9.3108,-13.9135,4.1094,-9.4546,-14.0491,0.1887,0.2000053999271,0.4314,0.3922,0.1961,21.054,2,-18.9764,"Tomato_30_1",0.00018,0.03,0.000734279813269027,"Tomato_30_1_26_Scenario_1A",26
1461,1483,24,2.4938,1.6015,-12.8586,2.6662,1.6846,-12.9165,0.1887,0.199949443610129,0.4314,0.3922,0.1961,21.0544,2,-20.109,"Tomato_30_1",0.00018,0.03,0.000595552452126116,"Tomato_30_1_26_Scenario_1A",26
1455,1484,16,1.7387,6.9118,-13.667,1.8725,6.9985,-13.7877,0.1887,0.19996954768164,0.4314,0.3922,0.1961,21.0578,2,-19.2378,"Tomato_30_1",0.00018,0.03,0.000720916894294697,"Tomato_30_1_26_Scenario_1A",26
1453,1485,11,-5.1578,6.8332,-14.2127,-5.0467,6.9254,-14.3512,0.1887,0.200065739195895,0.4314,0.3922,0.1961,21.058,2,-18.6743,"Tomato_30_1",0.00018,0.03,0.000711587730365518,"Tomato_30_1_26_Scenario_1A",26
1460,1486,22,-0.085,4.1879,-13.7955,-0.0533,4.3329,-13.9295,0.1887,0.199964721888638,0.4314,0.3922,0.1961,21.0632,2,-19.096,"Tomato_30_1",0.00018,0.03,0.000602038885684754,"Tomato_30_1_26_Scenario_1A",26
131,1487,0,-0.3273,-0.001,-23.682,-0.3262,-8e-04,-23.6999,0.1887,0.0179348822131631,0.4314,0.3922,0.1961,21.068,1,-9.3256,"Tomato_30_1",0.00018,0.03,8.28556208560517e-05,"Tomato_30_1_26_Scenario_1A",26
1466,1488,27,-0.3975,0.4196,-13.592,-0.3813,0.5653,-13.7281,0.1887,0.200035346876495,0.4314,0.3922,0.1961,21.076,2,-19.2974,"Tomato_30_1",0.00018,0.03,0.000668831272484045,"Tomato_30_1_26_Scenario_1A",26
1457,1489,12,-3.2561,-4.8833,-15.7759,-3.1662,-4.9108,-15.9524,0.1887,0.199976273592645,0.4314,0.3922,0.1961,21.0854,2,-17.0731,"Tomato_30_1",0.00018,0.03,0.000720702433231449,"Tomato_30_1_26_Scenario_1A",26
1464,1490,21,-2.6037,1.9463,-15.9304,-2.5572,1.9854,-16.121,0.1887,0.200048544108672,0.4314,0.3922,0.1961,21.0882,2,-16.9045,"Tomato_30_1",0.00018,0.03,0.000607271092711979,"Tomato_30_1_26_Scenario_1A",26
1469,1491,26,0.9969,-0.9129,-13.0288,1.1527,-1.0365,-13.0072,0.1887,0.200042895399962,0.4314,0.3922,0.1961,21.0993,2,-20.0183,"Tomato_30_1",0.00018,0.03,0.000639831872071804,"Tomato_30_1_26_Scenario_1A",26
1468,1492,20,-3.8388,-1.873,-14.9804,-3.883,-1.7678,-15.1447,0.1887,0.200037921404918,0.4314,0.3922,0.1961,21.1107,2,-17.8808,"Tomato_30_1",0.00018,0.03,0.000639608140548433,"Tomato_30_1_26_Scenario_1A",26
1459,1493,9,3.6409,3.9676,-16.0812,3.7372,4.0274,-16.246,0.1887,0.200021923798368,0.4314,0.3922,0.1961,21.1163,2,-16.7795,"Tomato_30_1",0.00018,0.03,0.000733245378719462,"Tomato_30_1_26_Scenario_1A",26
1454,1494,3,5.1046,4.0086,-15.5444,5.1757,4.0661,-15.7223,0.1887,0.20002467347805,0.4314,0.3922,0.1961,21.1164,2,-17.3032,"Tomato_30_1",0.00018,0.03,0.000756693900332522,"Tomato_30_1_26_Scenario_1A",26
1472,1495,25,-1.5916,1.394,-14.3919,-1.684,1.492,-14.5398,0.1887,0.200040420915374,0.4314,0.3922,0.1961,21.1192,2,-18.4857,"Tomato_30_1",0.00018,0.03,0.000602845972160999,"Tomato_30_1_26_Scenario_1A",26
1467,1496,18,-1.894,1.3308,-15.8314,-1.909,1.3184,-16.0304,0.1887,0.19994939359748,0.4314,0.3922,0.1961,21.1263,2,-16.9951,"Tomato_30_1",0.00018,0.03,0.00072705915896963,"Tomato_30_1_26_Scenario_1A",26
1462,1497,10,-7.2942,-4.8235,-15.6225,-7.3683,-4.9575,-15.7513,0.1887,0.200090604477071,0.4314,0.3922,0.1961,21.1348,2,-17.2742,"Tomato_30_1",0.00018,0.03,0.000731090838031565,"Tomato_30_1_26_Scenario_1A",26
1463,1498,13,2.9444,-0.6287,-16.6252,2.8695,-0.6689,-16.8062,0.1887,0.199967622379225,0.4314,0.3922,0.1961,21.1366,2,-16.2193,"Tomato_30_1",0.00018,0.03,0.000739174080393203,"Tomato_30_1_26_Scenario_1A",26
1483,1499,24,2.6662,1.6846,-12.9165,2.8469,1.7485,-12.9738,0.1887,0.200047469366649,0.4314,0.3922,0.1961,21.1637,2,-20.0517,"Tomato_30_1",0.00018,0.03,0.000590186807922742,"Tomato_30_1_26_Scenario_1A",26
1479,1500,23,-3.2927,0.1626,-14.1519,-3.3587,0.2326,-14.3273,0.1887,0.200052893005825,0.4314,0.3922,0.1961,21.1653,2,-18.6982,"Tomato_30_1",0.00018,0.03,0.00059398082783261,"Tomato_30_1_26_Scenario_1A",26
1488,1501,27,-0.3813,0.5653,-13.7281,-0.3712,0.7119,-13.8638,0.1887,0.200020148985046,0.4314,0.3922,0.1961,21.17,2,-19.1617,"Tomato_30_1",0.00018,0.03,0.000661704495479411,"Tomato_30_1_26_Scenario_1A",26
1474,1502,19,-0.8311,-5.9094,-13.0553,-0.8431,-6.0077,-13.2291,0.1887,0.200033322224073,0.4314,0.3922,0.1961,21.1711,2,-19.7964,"Tomato_30_1",0.00018,0.03,0.000697563432333647,"Tomato_30_1_26_Scenario_1A",26
1476,1503,15,3.0019,-4.0146,-17.3842,3.0072,-4.0349,-17.5831,0.1887,0.200003474969813,0.4314,0.3922,0.1961,21.1724,2,-15.4424,"Tomato_30_1",0.00018,0.03,0.000700868217861834,"Tomato_30_1_26_Scenario_1A",26
1475,1504,17,1.869,-0.8481,-17.0583,1.8414,-0.8687,-17.2553,0.1887,0.199987799627876,0.4314,0.3922,0.1961,21.1736,2,-15.7702,"Tomato_30_1",0.00018,0.03,0.000721850077624575,"Tomato_30_1_26_Scenario_1A",26
1470,1505,5,-3.8289,-1.156,-18.3806,-3.8601,-1.1682,-18.5778,0.1887,0.200025298399976,0.4314,0.3922,0.1961,21.1816,2,-14.4477,"Tomato_30_1",0.00018,0.03,0.000718680006332499,"Tomato_30_1_26_Scenario_1A",26
1486,1506,22,-0.0533,4.3329,-13.9295,-0.0076,4.4675,-14.0702,0.1887,0.200005349928445,0.4314,0.3922,0.1961,21.1819,2,-18.9553,"Tomato_30_1",0.00018,0.03,0.000596800217318301,"Tomato_30_1_26_Scenario_1A",26
1465,1507,1,-4.0462,-4.4318,-17.3242,-4,-4.4547,-17.5174,0.1887,0.199962721525786,0.4314,0.3922,0.1961,21.1856,2,-15.5081,"Tomato_30_1",0.00018,0.03,0.000696155835233888,"Tomato_30_1_26_Scenario_1A",26
1471,1508,7,-7.9675,-0.3276,-13.8664,-8.0457,-0.2246,-14.019,0.1887,0.200027498109635,0.4314,0.3922,0.1961,21.1923,2,-19.0065,"Tomato_30_1",0.00018,0.03,0.00073879062369832,"Tomato_30_1_26_Scenario_1A",26
1477,1509,14,-8.4421,2.1609,-12.3207,-8.5758,2.2158,-12.4588,0.1887,0.199903251599367,0.4314,0.3922,0.1961,21.1923,2,-20.5667,"Tomato_30_1",0.00018,0.03,0.000729492874840733,"Tomato_30_1_26_Scenario_1A",26
1484,1510,16,1.8725,6.9985,-13.7877,2.004,7.0613,-13.9246,0.1887,0.199944242227678,0.4314,0.3922,0.1961,21.2004,2,-19.1009,"Tomato_30_1",0.00018,0.03,0.000715332728297071,"Tomato_30_1_26_Scenario_1A",26
1490,1511,21,-2.5572,1.9854,-16.121,-2.4961,1.968,-16.3106,0.1887,0.199960321063957,0.4314,0.3922,0.1961,21.2054,2,-16.7149,"Tomato_30_1",0.00018,0.03,0.00060159868121691,"Tomato_30_1_26_Scenario_1A",26
1491,1512,26,1.1527,-1.0365,-13.0072,1.3117,-1.1558,-13.0289,0.1887,0.199960946186999,0.4314,0.3922,0.1961,21.2058,2,-19.9966,"Tomato_30_1",0.00018,0.03,0.000633375407944679,"Tomato_30_1_26_Scenario_1A",26
1473,1513,6,-0.7176,2.474,-17.8866,-0.7659,2.5051,-18.0782,0.1887,0.200026648224678,0.4314,0.3922,0.1961,21.2155,2,-14.9473,"Tomato_30_1",0.00018,0.03,0.00074642815362153,"Tomato_30_1_26_Scenario_1A",26
1485,1514,11,-5.0467,6.9254,-14.3512,-4.9584,7.0231,-14.5017,0.1887,0.199981074104526,0.4314,0.3922,0.1961,21.2174,2,-18.5238,"Tomato_30_1",0.00018,0.03,0.000706354320958304,"Tomato_30_1_26_Scenario_1A",26
1495,1515,25,-1.684,1.492,-14.5398,-1.7853,1.5932,-14.6794,0.1887,0.199978223814494,0.4314,0.3922,0.1961,21.2209,2,-18.3461,"Tomato_30_1",0.00018,0.03,0.00059670929173781,"Tomato_30_1_26_Scenario_1A",26
1492,1516,20,-3.883,-1.7678,-15.1447,-3.9344,-1.6782,-15.3159,0.1887,0.199948893470306,0.4314,0.3922,0.1961,21.2347,2,-17.7096,"Tomato_30_1",0.00018,0.03,0.000633895339670171,"Tomato_30_1_26_Scenario_1A",26
1482,1517,8,4.1094,-9.4546,-14.0491,4.1401,-9.5983,-14.1848,0.1887,0.20001667430492,0.4314,0.3922,0.1961,21.2362,2,-18.8407,"Tomato_30_1",0.00018,0.03,0.000729756853352394,"Tomato_30_1_26_Scenario_1A",26
1480,1518,4,2.7368,1.3273,-19.5659,2.7335,1.3327,-19.7658,0.1887,0.200000149999943,0.4314,0.3922,0.1961,21.2411,2,-13.2597,"Tomato_30_1",0.00018,0.03,0.000724529263813175,"Tomato_30_1_26_Scenario_1A",26
1489,1519,12,-3.1662,-4.9108,-15.9524,-3.0893,-4.9112,-16.1371,0.1887,0.200069637876415,0.4314,0.3922,0.1961,21.2464,2,-16.8884,"Tomato_30_1",0.00018,0.03,0.000716209227195019,"Tomato_30_1_26_Scenario_1A",26
1501,1520,27,-0.3712,0.7119,-13.8638,-0.4039,0.852,-14.0028,0.1887,0.200045744768541,0.4314,0.3922,0.1961,21.2647,2,-19.0227,"Tomato_30_1",0.00018,0.03,0.000654900501165569,"Tomato_30_1_26_Scenario_1A",26
1496,1521,18,-1.909,1.3184,-16.0304,-1.9143,1.3074,-16.23,0.1887,0.199973123194093,0.4314,0.3922,0.1961,21.2686,2,-16.7955,"Tomato_30_1",0.00018,0.03,0.000721604322414074,"Tomato_30_1_26_Scenario_1A",26
1499,1522,24,2.8469,1.7485,-12.9738,3.0281,1.8168,-13.0238,0.1887,0.199995824956422,0.4314,0.3922,0.1961,21.2738,2,-20.0017,"Tomato_30_1",0.00018,0.03,0.000584545550189045,"Tomato_30_1_26_Scenario_1A",26
1500,1523,23,-3.3587,0.2326,-14.3273,-3.4142,0.3076,-14.5041,0.1887,0.199908704162675,0.4314,0.3922,0.1961,21.2847,2,-18.5214,"Tomato_30_1",0.00018,0.03,0.000588389973785745,"Tomato_30_1_26_Scenario_1A",26
1493,1524,9,3.7372,4.0274,-16.246,3.8419,4.0897,-16.4046,0.1887,0.19999334988944,0.4314,0.3922,0.1961,21.2925,2,-16.6209,"Tomato_30_1",0.00018,0.03,0.000728405836392482,"Tomato_30_1_26_Scenario_1A",26
1506,1525,22,-0.0076,4.4675,-14.0702,0.0657,4.5714,-14.2246,0.1887,0.200018649130525,0.4314,0.3922,0.1961,21.3015,2,-18.8009,"Tomato_30_1",0.00018,0.03,0.000591647676958525,"Tomato_30_1_26_Scenario_1A",26
1498,1526,13,2.8695,-0.6689,-16.8062,2.7908,-0.6856,-16.9893,0.1887,0.199995474948809,0.4314,0.3922,0.1961,21.3035,2,-16.0362,"Tomato_30_1",0.00018,0.03,0.000734326248553563,"Tomato_30_1_26_Scenario_1A",26
1481,1527,2,0.6811,-3.7105,-16.6372,0.7327,-3.6905,-16.8294,0.1887,0.200008499819382,0.4314,0.3922,0.1961,21.3052,2,-16.1961,"Tomato_30_1",0.00018,0.03,0.000786415755403128,"Tomato_30_1_26_Scenario_1A",26
75,1528,28,-0.2911,-0.0329,-13.6279,-0.1368,0.0941,-13.6339,0.1887,0.199933714015421,0.4314,0.3922,0.1961,21.3054,2,-19.3916,"Tomato_30_1",0.00018,0.03,0.000928187222371543,"Tomato_30_1_26_Scenario_1A",26
1497,1529,10,-7.3683,-4.9575,-15.7513,-7.4398,-5.0926,-15.8802,0.1887,0.199948668412671,0.4314,0.3922,0.1961,21.3103,2,-17.1453,"Tomato_30_1",0.00018,0.03,0.000726030929864291,"Tomato_30_1_26_Scenario_1A",26
1512,1530,26,1.3117,-1.1558,-13.0289,1.446,-1.2992,-13.0663,0.1887,0.199997024977873,0.4314,0.3922,0.1961,21.3131,2,-19.9592,"Tomato_30_1",0.00018,0.03,0.00062747517544461,"Tomato_30_1_26_Scenario_1A",26
1503,1531,15,3.0072,-4.0349,-17.5831,3.0077,-4.0579,-17.7818,0.1887,0.200027348130198,0.4314,0.3922,0.1961,21.3136,2,-15.2437,"Tomato_30_1",0.00018,0.03,0.000695767309519844,"Tomato_30_1_26_Scenario_1A",26
1502,1532,19,-0.8431,-6.0077,-13.2291,-0.8639,-6.0889,-13.4107,0.1887,0.200011599663619,0.4314,0.3922,0.1961,21.3147,2,-19.6148,"Tomato_30_1",0.00018,0.03,0.000692170897423671,"Tomato_30_1_26_Scenario_1A",26
1504,1533,17,1.8414,-0.8687,-17.2553,1.7882,-0.9086,-17.444,0.1887,0.200074835998934,0.4314,0.3922,0.1961,21.3166,2,-15.5815,"Tomato_30_1",0.00018,0.03,0.000716822350288404,"Tomato_30_1_26_Scenario_1A",26
1515,1534,25,-1.7853,1.5932,-14.6794,-1.8864,1.6943,-14.8192,0.1887,0.19996614713496,0.4314,0.3922,0.1961,21.3233,2,-18.2063,"Tomato_30_1",0.00018,0.03,0.000590895239739437,"Tomato_30_1_26_Scenario_1A",26
1511,1535,21,-2.4961,1.968,-16.3106,-2.4266,1.9554,-16.4977,0.1887,0.199988549672223,0.4314,0.3922,0.1961,21.3236,2,-16.5278,"Tomato_30_1",0.00018,0.03,0.000596450249662203,"Tomato_30_1_26_Scenario_1A",26
132,1536,0,-0.3262,-8e-04,-23.6999,-0.3132,-0.0087,-23.8994,0.1887,0.200079134344389,0.4314,0.3922,0.1961,21.3308,1,-9.1261,"Tomato_30_1",0.00018,0.03,0.000954771143849638,"Tomato_30_1_26_Scenario_1A",26
1494,1537,3,5.1757,4.0661,-15.7223,5.2626,4.1122,-15.8964,0.1887,0.199969072608741,0.4314,0.3922,0.1961,21.3326,2,-17.1291,"Tomato_30_1",0.00018,0.03,0.000752538614955386,"Tomato_30_1_26_Scenario_1A",26
1510,1538,16,2.004,7.0613,-13.9246,2.1051,7.1086,-14.0906,0.1887,0.200036246715439,0.4314,0.3922,0.1961,21.3444,2,-18.9349,"Tomato_30_1",0.00018,0.03,0.000710369130050827,"Tomato_30_1_26_Scenario_1A",26
1509,1539,14,-8.5758,2.2158,-12.4588,-8.7083,2.2622,-12.6013,0.1887,0.200038646266165,0.4314,0.3922,0.1961,21.3488,2,-20.4242,"Tomato_30_1",0.00018,0.03,0.000724926268793833,"Tomato_30_1_26_Scenario_1A",26
1516,1540,20,-3.9344,-1.6782,-15.3159,-4.0061,-1.6191,-15.4931,0.1887,0.20008383243031,0.4314,0.3922,0.1961,21.3596,2,-17.5324,"Tomato_30_1",0.00018,0.03,0.000629071246941405,"Tomato_30_1_26_Scenario_1A",26
1520,1541,27,-0.4039,0.852,-14.0028,-0.4302,0.9972,-14.1377,0.1887,0.199931838384986,0.4314,0.3922,0.1961,21.36,2,-18.8878,"Tomato_30_1",0.00018,0.03,0.000647830613082074,"Tomato_30_1_26_Scenario_1A",26
1505,1542,5,-3.8601,-1.1682,-18.5778,-3.8715,-1.1864,-18.7766,0.1887,0.199956595290076,0.4314,0.3922,0.1961,21.3626,2,-14.2489,"Tomato_30_1",0.00018,0.03,0.000713967988749709,"Tomato_30_1_26_Scenario_1A",26
1514,1543,11,-4.9584,7.0231,-14.5017,-4.8773,7.0816,-14.6749,0.1887,0.199994249917341,0.4314,0.3922,0.1961,21.3786,2,-18.3506,"Tomato_30_1",0.00018,0.03,0.000701670155295167,"Tomato_30_1_26_Scenario_1A",26
1508,1544,7,-8.0457,-0.2246,-14.019,-8.086,-0.1089,-14.177,0.1887,0.199936439900284,0.4314,0.3922,0.1961,21.3809,2,-18.8485,"Tomato_30_1",0.00018,0.03,0.000734229901344011,"Tomato_30_1_26_Scenario_1A",26
1522,1545,24,3.0281,1.8168,-13.0238,3.2067,1.8839,-13.0837,0.1887,0.199970947889938,0.4314,0.3922,0.1961,21.3848,2,-19.9418,"Tomato_30_1",0.00018,0.03,0.000579151985346341,"Tomato_30_1_26_Scenario_1A",26
1528,1546,28,-0.1368,0.0941,-13.6339,0.0291,0.205,-13.6206,0.1887,0.19999627496531,0.4314,0.3922,0.1961,21.3958,2,-19.4049,"Tomato_30_1",0.00018,0.03,0.000918657028260463,"Tomato_30_1_26_Scenario_1A",26
1507,1547,1,-4,-4.4547,-17.5174,-3.97,-4.4612,-17.7151,0.1887,0.200068838153273,0.4314,0.3922,0.1961,21.3976,2,-15.3104,"Tomato_30_1",0.00018,0.03,0.000692892651951313,"Tomato_30_1_26_Scenario_1A",26
1523,1548,23,-3.4142,0.3076,-14.5041,-3.4646,0.361,-14.6902,0.1887,0.200062315292012,0.4314,0.3922,0.1961,21.405,2,-18.3353,"Tomato_30_1",0.00018,0.03,0.000583842822605734,"Tomato_30_1_26_Scenario_1A",26
1519,1549,12,-3.0893,-4.9112,-16.1371,-3.0005,-4.8794,-16.3134,0.1887,0.19994591768776,0.4314,0.3922,0.1961,21.4094,2,-16.7121,"Tomato_30_1",0.00018,0.03,0.00071114368468877,"Tomato_30_1_26_Scenario_1A",26
1521,1550,18,-1.9143,1.3074,-16.23,-1.9284,1.2907,-16.4289,0.1887,0.200097251355433,0.4314,0.3922,0.1961,21.4121,2,-16.5966,"Tomato_30_1",0.00018,0.03,0.000716711137344545,"Tomato_30_1_26_Scenario_1A",26
1513,1551,6,-0.7659,2.5051,-18.0782,-0.8167,2.5379,-18.2688,0.1887,0.199962096408294,0.4314,0.3922,0.1961,21.4139,2,-14.7567,"Tomato_30_1",0.00018,0.03,0.000742106199620236,"Tomato_30_1_26_Scenario_1A",26
1517,1552,8,4.1401,-9.5983,-14.1848,4.2081,-9.714,-14.333,0.1887,0.199934314213444,0.4314,0.3922,0.1961,21.4209,2,-18.6925,"Tomato_30_1",0.00018,0.03,0.000725102236311458,"Tomato_30_1_26_Scenario_1A",26
1530,1553,26,1.446,-1.2992,-13.0663,1.5752,-1.4427,-13.1186,0.1887,0.200050443638599,0.4314,0.3922,0.1961,21.4211,2,-19.9069,"Tomato_30_1",0.00018,0.03,0.000621803933091385,"Tomato_30_1_26_Scenario_1A",26
1525,1554,22,0.0657,4.5714,-14.2246,0.1361,4.668,-14.385,0.1887,0.200039696060557,0.4314,0.3922,0.1961,21.422,2,-18.6405,"Tomato_30_1",0.00018,0.03,0.000586685135798259,"Tomato_30_1_26_Scenario_1A",26
1534,1555,25,-1.8864,1.6943,-14.8192,-1.9802,1.798,-14.9622,0.1887,0.200002824980048,0.4314,0.3922,0.1961,21.4264,2,-18.0633,"Tomato_30_1",0.00018,0.03,0.000585392337764766,"Tomato_30_1_26_Scenario_1A",26
1518,1556,4,2.7335,1.3327,-19.7658,2.7196,1.3373,-19.9652,0.1887,0.199936815019146,0.4314,0.3922,0.1961,21.4357,2,-13.0603,"Tomato_30_1",0.00018,0.03,0.000720156786804124,"Tomato_30_1_26_Scenario_1A",26
1535,1557,21,-2.4266,1.9554,-16.4977,-2.3477,1.9401,-16.6809,0.1887,0.200053842752398,0.4314,0.3922,0.1961,21.4428,2,-16.3446,"Tomato_30_1",0.00018,0.03,0.000591578488236525,"Tomato_30_1_26_Scenario_1A",26
1541,1558,27,-0.4302,0.9972,-14.1377,-0.4541,1.1348,-14.2808,0.1887,0.19995644525746,0.4314,0.3922,0.1961,21.4559,2,-18.7447,"Tomato_30_1",0.00018,0.03,0.000641398327754761,"Tomato_30_1_26_Scenario_1A",26
1531,1559,15,3.0077,-4.0579,-17.7818,3.0219,-4.0687,-17.981,0.1887,0.199997299981776,0.4314,0.3922,0.1961,21.4563,2,-15.0445,"Tomato_30_1",0.00018,0.03,0.000690677062519328,"Tomato_30_1_26_Scenario_1A",26
1532,1560,19,-0.8639,-6.0889,-13.4107,-0.8943,-6.1585,-13.5957,0.1887,0.199983299302717,0.4314,0.3922,0.1961,21.4595,2,-19.4298,"Tomato_30_1",0.00018,0.03,0.0006869545363651,"Tomato_30_1_26_Scenario_1A",26
1533,1561,17,1.7882,-0.9086,-17.444,1.768,-1.0118,-17.6141,0.1887,0.199980724071098,0.4314,0.3922,0.1961,21.4611,2,-15.4114,"Tomato_30_1",0.00018,0.03,0.000711349819231576,"Tomato_30_1_26_Scenario_1A",26
1524,1562,9,3.8419,4.0897,-16.4046,3.9605,4.1449,-16.5559,0.1887,0.200011724656333,0.4314,0.3922,0.1961,21.4706,2,-16.4696,"Tomato_30_1",0.00018,0.03,0.000723944956318638,"Tomato_30_1_26_Scenario_1A",26
1526,1563,13,2.7908,-0.6856,-16.9893,2.7208,-0.7107,-17.175,0.1887,0.20003624671544,0.4314,0.3922,0.1961,21.4722,2,-15.8505,"Tomato_30_1",0.00018,0.03,0.000729732322383547,"Tomato_30_1_26_Scenario_1A",26
1540,1564,20,-4.0061,-1.6191,-15.4931,-3.9983,-1.5385,-15.6759,0.1887,0.199932588639271,0.4314,0.3922,0.1961,21.4857,2,-17.3496,"Tomato_30_1",0.00018,0.03,0.000623526896544111,"Tomato_30_1_26_Scenario_1A",26
1546,1565,28,0.0291,0.205,-13.6206,0.1971,0.3133,-13.6126,0.1887,0.200042220543564,0.4314,0.3922,0.1961,21.4868,2,-19.4129,"Tomato_30_1",0.00018,0.03,0.000909304005839321,"Tomato_30_1_26_Scenario_1A",26
1529,1566,10,-7.4398,-5.0926,-15.8802,-7.4778,-5.2102,-16.0375,0.1887,0.200042620458742,0.4314,0.3922,0.1961,21.4881,2,-16.988,"Tomato_30_1",0.00018,0.03,0.000722035906627856,"Tomato_30_1_26_Scenario_1A",26
1538,1567,16,2.1051,7.1086,-14.0906,2.2246,7.117,-14.2507,0.1887,0.199957045387253,0.4314,0.3922,0.1961,21.4898,2,-18.7748,"Tomato_30_1",0.00018,0.03,0.000704999075150393,"Tomato_30_1_26_Scenario_1A",26
1545,1568,24,3.2067,1.8839,-13.0837,3.3917,1.9496,-13.1221,0.1887,0.200040120975768,0.4314,0.3922,0.1961,21.4966,2,-19.9034,"Tomato_30_1",0.00018,0.03,0.000574193905278674,"Tomato_30_1_26_Scenario_1A",26
1539,1569,14,-8.7083,2.2622,-12.6013,-8.8353,2.2923,-12.7528,0.1887,0.199968147463541,0.4314,0.3922,0.1961,21.5068,2,-20.2727,"Tomato_30_1",0.00018,0.03,0.000719817240884167,"Tomato_30_1_26_Scenario_1A",26
1548,1570,23,-3.4646,0.361,-14.6902,-3.5079,0.399,-14.8817,0.1887,0.199977848773307,0.4314,0.3922,0.1961,21.5262,2,-18.1438,"Tomato_30_1",0.00018,0.03,0.000578764366928505,"Tomato_30_1_26_Scenario_1A",26
1553,1571,26,1.5752,-1.4427,-13.1186,1.6711,-1.6139,-13.1571,0.1887,0.199971247933296,0.4314,0.3922,0.1961,21.5297,2,-19.8684,"Tomato_30_1",0.00018,0.03,0.000615898507876814,"Tomato_30_1_26_Scenario_1A",26
1555,1572,25,-1.9802,1.798,-14.9622,-2.0742,1.8949,-15.1098,0.1887,0.200028422980336,0.4314,0.3922,0.1961,21.5303,2,-17.9157,"Tomato_30_1",0.00018,0.03,0.000580020997480164,"Tomato_30_1_26_Scenario_1A",26
1543,1573,11,-4.8773,7.0816,-14.6749,-4.7834,7.1434,-14.8403,0.1887,0.199984024361947,0.4314,0.3922,0.1961,21.5417,2,-18.1852,"Tomato_30_1",0.00018,0.03,0.000697103414809109,"Tomato_30_1_26_Scenario_1A",26
1554,1574,22,0.1361,4.668,-14.385,0.2165,4.7307,-14.557,0.1887,0.199948618399828,0.4314,0.3922,0.1961,21.5435,2,-18.4685,"Tomato_30_1",0.00018,0.03,0.000581563257138918,"Tomato_30_1_26_Scenario_1A",26
1542,1575,5,-3.8715,-1.1864,-18.7766,-3.854,-1.2448,-18.9671,0.1887,0.200017649221263,0.4314,0.3922,0.1961,21.5455,2,-14.0584,"Tomato_30_1",0.00018,0.03,0.000709922755096305,"Tomato_30_1_26_Scenario_1A",26
133,1576,0,-0.3132,-0.0087,-23.8994,-0.3041,-0.0101,-24.0657,0.1887,0.166554675707408,0.4314,0.3922,0.1961,21.551,1,-8.9598,"Tomato_30_1",0.00018,0.03,0.000783876190139963,"Tomato_30_1_26_Scenario_1A",26
1537,1577,3,5.2626,4.1122,-15.8964,5.35,4.1614,-16.0695,0.1887,0.200057516729566,0.4314,0.3922,0.1961,21.552,2,-16.956,"Tomato_30_1",0.00018,0.03,0.000749138707841622,"Tomato_30_1_26_Scenario_1A",26
1558,1578,27,-0.4541,1.1348,-14.2808,-0.4649,1.2885,-14.4084,0.1887,0.200055217377604,0.4314,0.3922,0.1961,21.5524,2,-18.6171,"Tomato_30_1",0.00018,0.03,0.000635380507372505,"Tomato_30_1_26_Scenario_1A",26
1550,1579,18,-1.9284,1.2907,-16.4289,-1.9323,1.2687,-16.6276,0.1887,0.199952244298485,0.4314,0.3922,0.1961,21.5568,2,-16.3979,"Tomato_30_1",0.00018,0.03,0.000711058628039612,"Tomato_30_1_26_Scenario_1A",26
1527,1580,2,0.7327,-3.6905,-16.8294,0.7834,-3.6694,-17.0217,0.1887,0.199987474607786,0.4314,0.3922,0.1961,21.5631,2,-16.0038,"Tomato_30_1",0.00018,0.03,0.000783053605021445,"Tomato_30_1_26_Scenario_1A",26
1557,1581,21,-2.3477,1.9401,-16.6809,-2.3044,1.9253,-16.8756,0.1887,0.200005049936243,0.4314,0.3922,0.1961,21.5631,2,-16.1499,"Tomato_30_1",0.00018,0.03,0.000586537073385586,"Tomato_30_1_26_Scenario_1A",26
1544,1582,7,-8.086,-0.1089,-14.177,-8.1199,0.0066,-14.3368,0.1887,0.200063739843081,0.4314,0.3922,0.1961,21.572,2,-18.6887,"Tomato_30_1",0.00018,0.03,0.00073067898539412,"Tomato_30_1_26_Scenario_1A",26
1549,1583,12,-3.0005,-4.8794,-16.3134,-2.9069,-4.8312,-16.4835,0.1887,0.200045519819864,0.4314,0.3922,0.1961,21.5745,2,-16.542,"Tomato_30_1",0.00018,0.03,0.000707075744621088,"Tomato_30_1_26_Scenario_1A",26
1565,1584,28,0.1971,0.3133,-13.6126,0.3457,0.4468,-13.6216,0.1887,0.199963021581491,0.4314,0.3922,0.1961,21.5784,2,-19.4039,"Tomato_30_1",0.00018,0.03,0.000899643168836244,"Tomato_30_1_26_Scenario_1A",26
1559,1585,15,3.0219,-4.0687,-17.981,3.0004,-4.0988,-18.1776,0.1887,0.200049543863514,0.4314,0.3922,0.1961,21.6005,2,-14.8479,"Tomato_30_1",0.00018,0.03,0.000686066812873522,"Tomato_30_1_26_Scenario_1A",26
1560,1586,19,-0.8943,-6.1585,-13.5957,-0.909,-6.1861,-13.7932,0.1887,0.199960246049058,0.4314,0.3922,0.1961,21.6056,2,-19.2323,"Tomato_30_1",0.00018,0.03,0.000681953585745121,"Tomato_30_1_26_Scenario_1A",26
1561,1587,17,1.768,-1.0118,-17.6141,1.748,-1.1161,-17.7836,0.1887,0.200021848806574,0.4314,0.3922,0.1961,21.607,2,-15.2419,"Tomato_30_1",0.00018,0.03,0.000706562869000701,"Tomato_30_1_26_Scenario_1A",26
1552,1588,8,4.2081,-9.714,-14.333,4.2741,-9.8305,-14.4816,0.1887,0.200025523371394,0.4314,0.3922,0.1961,21.6079,2,-18.5439,"Tomato_30_1",0.00018,0.03,0.000721283214315437,"Tomato_30_1_26_Scenario_1A",26
1568,1589,24,3.3917,1.9496,-13.1221,3.5749,1.9624,-13.2013,0.1887,0.199996799974399,0.4314,0.3922,0.1961,21.6092,2,-19.8242,"Tomato_30_1",0.00018,0.03,0.000569075297139172,"Tomato_30_1_26_Scenario_1A",26
1564,1590,20,-3.9983,-1.5385,-15.6759,-3.9836,-1.4708,-15.8635,0.1887,0.19998284926463,0.4314,0.3922,0.1961,21.6127,2,-17.162,"Tomato_30_1",0.00018,0.03,0.000618792252854342,"Tomato_30_1_26_Scenario_1A",26
1547,1591,1,-3.97,-4.4612,-17.7151,-3.9437,-4.4689,-17.9132,0.1887,0.199986474542655,0.4314,0.3922,0.1961,21.6128,2,-15.1123,"Tomato_30_1",0.00018,0.03,0.000689173184857564,"Tomato_30_1_26_Scenario_1A",26
1551,1592,6,-0.8167,2.5379,-18.2688,-0.8506,2.5725,-18.4629,0.1887,0.200052942992601,0.4314,0.3922,0.1961,21.615,2,-14.5626,"Tomato_30_1",0.00018,0.03,0.000738571452441728,"Tomato_30_1_26_Scenario_1A",26
1556,1593,4,2.7196,1.3373,-19.9652,2.7108,1.3449,-20.1649,0.1887,0.200038221347821,0.4314,0.3922,0.1961,21.6328,2,-12.8606,"Tomato_30_1",0.00018,0.03,0.000716581521794279,"Tomato_30_1_26_Scenario_1A",26
1572,1594,25,-2.0742,1.8949,-15.1098,-2.1687,1.9984,-15.2525,0.1887,0.200014474476224,0.4314,0.3922,0.1961,21.6349,2,-17.773,"Tomato_30_1",0.00018,0.03,0.000574699578014042,"Tomato_30_1_26_Scenario_1A",26
1567,1595,16,2.2246,7.117,-14.2507,2.3386,7.1316,-14.4144,0.1887,0.200017124266899,0.4314,0.3922,0.1961,21.6366,2,-18.6111,"Tomato_30_1",0.00018,0.03,0.000700321482936731,"Tomato_30_1_26_Scenario_1A",26
1571,1596,26,1.6711,-1.6139,-13.1571,1.7921,-1.7722,-13.1742,0.1887,0.199980749073505,0.4314,0.3922,0.1961,21.6392,2,-19.8513,"Tomato_30_1",0.00018,0.03,0.000610444469641468,"Tomato_30_1_26_Scenario_1A",26
1563,1597,13,2.7208,-0.7107,-17.175,2.6245,-0.7244,-17.3497,0.1887,0.199953669633741,0.4314,0.3922,0.1961,21.6428,2,-15.6758,"Tomato_30_1",0.00018,0.03,0.000724897462880006,"Tomato_30_1_26_Scenario_1A",26
1570,1598,23,-3.5079,0.399,-14.8817,-3.5589,0.39,-15.0749,0.1887,0.200020598939208,0.4314,0.3922,0.1961,21.6485,2,-17.9506,"Tomato_30_1",0.00018,0.03,0.000574220350709364,"Tomato_30_1_26_Scenario_1A",26
1578,1599,27,-0.4649,1.2885,-14.4084,-0.4363,1.428,-14.5488,0.1887,0.199975923550811,0.4314,0.3922,0.1961,21.6497,2,-18.4767,"Tomato_30_1",0.00018,0.03,0.000628976962134657,"Tomato_30_1_26_Scenario_1A",26
1562,1600,9,3.9605,4.1449,-16.5559,4.0996,4.1755,-16.6964,0.1887,0.2000635399067,0.4314,0.3922,0.1961,21.6506,2,-16.3291,"Tomato_30_1",0.00018,0.03,0.000719808851962413,"Tomato_30_1_26_Scenario_1A",26
1574,1601,22,0.2165,4.7307,-14.557,0.2822,4.7634,-14.7431,0.1887,0.200047469366648,0.4314,0.3922,0.1961,21.6659,2,-18.2824,"Tomato_30_1",0.00018,0.03,0.000577159094318875,"Tomato_30_1_26_Scenario_1A",26
1569,1602,14,-8.8353,2.2923,-12.7528,-8.9538,2.2955,-12.9139,0.1887,0.200014249492379,0.4314,0.3922,0.1961,21.6662,2,-20.1116,"Tomato_30_1",0.00018,0.03,0.000715333700875547,"Tomato_30_1_26_Scenario_1A",26
1566,1603,10,-7.4778,-5.2102,-16.0375,-7.5136,-5.3281,-16.195,0.1887,0.19997074786078,0.4314,0.3922,0.1961,21.6684,2,-16.8305,"Tomato_30_1",0.00018,0.03,0.000717647018628384,"Tomato_30_1_26_Scenario_1A",26
1584,1604,28,0.3457,0.4468,-13.6216,0.4922,0.5806,-13.6471,0.1887,0.200037346513095,0.4314,0.3922,0.1961,21.6705,2,-19.3784,"Tomato_30_1",0.00018,0.03,0.000890929498953428,"Tomato_30_1_26_Scenario_1A",26
1581,1605,21,-2.3044,1.9253,-16.8756,-2.2724,1.9196,-17.0729,0.1887,0.199959445888412,0.4314,0.3922,0.1961,21.6845,2,-15.9526,"Tomato_30_1",0.00018,0.03,0.000581675333687796,"Tomato_30_1_26_Scenario_1A",26
1579,1606,18,-1.9323,1.2687,-16.6276,-1.9346,1.2616,-16.8275,0.1887,0.200039271144443,0.4314,0.3922,0.1961,21.7027,2,-16.198,"Tomato_30_1",0.00018,0.03,0.000706435949453417,"Tomato_30_1_26_Scenario_1A",26
1573,1607,11,-4.7834,7.1434,-14.8403,-4.6959,7.1949,-15.0126,0.1887,0.199989474723048,0.4314,0.3922,0.1961,21.7068,2,-18.0129,"Tomato_30_1",0.00018,0.03,0.000692789828751659,"Tomato_30_1_26_Scenario_1A",26
1589,1608,24,3.5749,1.9624,-13.2013,3.7572,1.963,-13.2836,0.1887,0.200017349247509,0.4314,0.3922,0.1961,21.7228,2,-19.7419,"Tomato_30_1",0.00018,0.03,0.000564301252777297,"Tomato_30_1_26_Scenario_1A",26
1575,1609,5,-3.854,-1.2448,-18.9671,-3.7897,-1.282,-19.1528,0.1887,0.200007049875749,0.4314,0.3922,0.1961,21.7302,2,-13.8727,"Tomato_30_1",0.00018,0.03,0.000705823600029558,"Tomato_30_1_26_Scenario_1A",26
1594,1610,25,-2.1687,1.9984,-15.2525,-2.2718,2.093,-15.3953,0.1887,0.199926511498601,0.4314,0.3922,0.1961,21.7403,2,-17.6302,"Tomato_30_1",0.00018,0.03,0.000569332961137857,"Tomato_30_1_26_Scenario_1A",26
1590,1611,20,-3.9836,-1.4708,-15.8635,-3.9214,-1.4203,-16.0468,0.1887,0.20004494494988,0.4314,0.3922,0.1961,21.7409,2,-16.9787,"Tomato_30_1",0.00018,0.03,0.000614266245122552,"Tomato_30_1_26_Scenario_1A",26
1583,1612,12,-2.9069,-4.8312,-16.4835,-2.8529,-4.7944,-16.6725,0.1887,0.199978098800844,0.4314,0.3922,0.1961,21.7417,2,-16.353,"Tomato_30_1",0.00018,0.03,0.000702617520786934,"Tomato_30_1_26_Scenario_1A",26
1585,1613,15,3.0004,-4.0988,-18.1776,2.9728,-4.1346,-18.3724,0.1887,0.199976098571802,0.4314,0.3922,0.1961,21.7463,2,-14.6531,"Tomato_30_1",0.00018,0.03,0.000681221450933752,"Tomato_30_1_26_Scenario_1A",26
1599,1614,27,-0.4363,1.428,-14.5488,-0.4086,1.5604,-14.6961,0.1887,0.199985849499408,0.4314,0.3922,0.1961,21.7475,2,-18.3294,"Tomato_30_1",0.00018,0.03,0.000623036215759431,"Tomato_30_1_26_Scenario_1A",26
1596,1615,26,1.7921,-1.7722,-13.1742,1.9424,-1.9003,-13.2062,0.1887,0.200059241226193,0.4314,0.3922,0.1961,21.7494,2,-19.8193,"Tomato_30_1",0.00018,0.03,0.000605371204534669,"Tomato_30_1_26_Scenario_1A",26
1586,1616,19,-0.909,-6.1861,-13.7932,-0.8978,-6.2049,-13.992,0.1887,0.2000007999984,0.4314,0.3922,0.1961,21.7531,2,-19.0335,"Tomato_30_1",0.00018,0.03,0.000677362976769685,"Tomato_30_1_26_Scenario_1A",26
1587,1617,17,1.748,-1.1161,-17.7836,1.7324,-1.2171,-17.9555,0.1887,0.199984924431819,0.4314,0.3922,0.1961,21.7545,2,-15.07,"Tomato_30_1",0.00018,0.03,0.00070170108185303,"Tomato_30_1_26_Scenario_1A",26
1604,1618,28,0.4922,0.5806,-13.6471,0.6315,0.7222,-13.6703,0.1887,0.199983224296439,0.4314,0.3922,0.1961,21.7632,2,-19.3552,"Tomato_30_1",0.00018,0.03,0.000881895838483942,"Tomato_30_1_26_Scenario_1A",26
1582,1619,7,-8.1199,0.0066,-14.3368,-8.1626,0.1501,-14.4694,0.1887,0.199995749954843,0.4314,0.3922,0.1961,21.7655,2,-18.5561,"Tomato_30_1",0.00018,0.03,0.00072662091948166,"Tomato_30_1_26_Scenario_1A",26
1598,1620,23,-3.5589,0.39,-15.0749,-3.5989,0.3878,-15.2708,0.1887,0.199954119737504,0.4314,0.3922,0.1961,21.7716,2,-17.7547,"Tomato_30_1",0.00018,0.03,0.000569526911149366,"Tomato_30_1_26_Scenario_1A",26
1577,1621,3,5.35,4.1614,-16.0695,5.4577,4.1671,-16.2379,0.1887,0.199975848541766,0.4314,0.3922,0.1961,21.7747,2,-16.7876,"Tomato_30_1",0.00018,0.03,0.000745314711966329,"Tomato_30_1_26_Scenario_1A",26
1595,1622,16,2.3386,7.1316,-14.4144,2.428,7.1502,-14.5923,0.1887,0.199966822248091,0.4314,0.3922,0.1961,21.7848,2,-18.4332,"Tomato_30_1",0.00018,0.03,0.000695456260267569,"Tomato_30_1_26_Scenario_1A",26
1601,1623,22,0.2822,4.7634,-14.7431,0.3696,4.8105,-14.9167,0.1887,0.199985324461572,0.4314,0.3922,0.1961,21.7892,2,-18.1088,"Tomato_30_1",0.00018,0.03,0.000572453342801531,"Tomato_30_1_26_Scenario_1A",26
1588,1624,8,4.2741,-9.8305,-14.4816,4.3391,-9.9409,-14.6352,0.1887,0.200015299414818,0.4314,0.3922,0.1961,21.7974,2,-18.3903,"Tomato_30_1",0.00018,0.03,0.000717301158532716,"Tomato_30_1_26_Scenario_1A",26
1605,1625,21,-2.2724,1.9196,-17.0729,-2.2189,1.8963,-17.2642,0.1887,0.200002074989234,0.4314,0.3922,0.1961,21.807,2,-15.7613,"Tomato_30_1",0.00018,0.03,0.000577235898250601,"Tomato_30_1_26_Scenario_1A",26
86,1626,29,-0.291,-0.0362,-14.0053,-0.3396,0.1371,-14.0925,0.1887,0.199996724973185,0.4314,0.3922,0.1961,21.8125,2,-18.933,"Tomato_30_1",0.00018,0.03,0.000918326321783052,"Tomato_30_1_26_Scenario_1A",26
1597,1627,13,2.6245,-0.7244,-17.3497,2.5307,-0.7416,-17.5255,0.1887,0.199999799999902,0.4314,0.3922,0.1961,21.8154,2,-15.5,"Tomato_30_1",0.00018,0.03,0.000720736746216345,"Tomato_30_1_26_Scenario_1A",26
134,1628,0,-0.3041,-0.0101,-24.0657,-0.2929,-0.0127,-24.2654,0.1887,0.200030722640298,0.4314,0.3922,0.1961,21.8168,1,-8.7601,"Tomato_30_1",0.00018,0.03,0.000933542226885438,"Tomato_30_1_26_Scenario_1A",26
1592,1629,6,-0.8506,2.5725,-18.4629,-0.863,2.5672,-18.6624,0.1887,0.199955244992474,0.4314,0.3922,0.1961,21.8188,2,-14.3631,"Tomato_30_1",0.00018,0.03,0.0007345508790747,"Tomato_30_1_26_Scenario_1A",26
1580,1630,2,0.7834,-3.6694,-17.0217,0.8043,-3.6593,-17.2203,0.1887,0.199951944226609,0.4314,0.3922,0.1961,21.8264,2,-15.8052,"Tomato_30_1",0.00018,0.03,0.000779858783336857,"Tomato_30_1_26_Scenario_1A",26
1602,1631,14,-8.9538,2.2955,-12.9139,-9.0711,2.3381,-13.0702,0.1887,0.200009349781454,0.4314,0.3922,0.1961,21.827,2,-19.9553,"Tomato_30_1",0.00018,0.03,0.000710869880090167,"Tomato_30_1_26_Scenario_1A",26
1591,1632,1,-3.9437,-4.4689,-17.9132,-3.9653,-4.4979,-18.1099,0.1887,0.19999612496246,0.4314,0.3922,0.1961,21.8312,2,-14.9156,"Tomato_30_1",0.00018,0.03,0.000685968808803966,"Tomato_30_1_26_Scenario_1A",26
1593,1633,4,2.7108,1.3449,-20.1649,2.7268,1.3068,-20.3606,0.1887,0.20001524941864,0.4314,0.3922,0.1961,21.8324,2,-12.6649,"Tomato_30_1",0.00018,0.03,0.000712762299029078,"Tomato_30_1_26_Scenario_1A",26
1600,1634,9,4.0996,4.1755,-16.6964,4.1707,4.2082,-16.8804,0.1887,0.199951244057146,0.4314,0.3922,0.1961,21.8325,2,-16.1451,"Tomato_30_1",0.00018,0.03,0.000715288982684869,"Tomato_30_1_26_Scenario_1A",26
1608,1635,24,3.7572,1.963,-13.2836,3.9455,1.9174,-13.3332,0.1887,0.199991024798614,0.4314,0.3922,0.1961,21.8372,2,-19.6923,"Tomato_30_1",0.00018,0.03,0.000559555735662917,"Tomato_30_1_26_Scenario_1A",26
1614,1636,27,-0.4086,1.5604,-14.6961,-0.3849,1.7005,-14.8369,0.1887,0.20003584678752,0.4314,0.3922,0.1961,21.8461,2,-18.1886,"Tomato_30_1",0.00018,0.03,0.000617394967390238,"Tomato_30_1_26_Scenario_1A",26
1610,1637,25,-2.2718,2.093,-15.3953,-2.3719,2.188,-15.5402,0.1887,0.200102523722216,0.4314,0.3922,0.1961,21.8465,2,-17.4853,"Tomato_30_1",0.00018,0.03,0.000564876865550805,"Tomato_30_1_26_Scenario_1A",26
1606,1638,18,-1.9346,1.2616,-16.8275,-1.9271,1.2535,-17.0271,0.1887,0.199905027450537,0.4314,0.3922,0.1961,21.8499,2,-15.9984,"Tomato_30_1",0.00018,0.03,0.000701234428711013,"Tomato_30_1_26_Scenario_1A",26
1603,1639,10,-7.5136,-5.3281,-16.195,-7.5523,-5.4449,-16.3527,0.1887,0.200023048671895,0.4314,0.3922,0.1961,21.8511,2,-16.6728,"Tomato_30_1",0.00018,0.03,0.000713908641504121,"Tomato_30_1_26_Scenario_1A",26
1618,1640,28,0.6315,0.7222,-13.6703,0.7505,0.8792,-13.7047,0.1887,0.199983399311043,0.4314,0.3922,0.1961,21.8565,2,-19.3208,"Tomato_30_1",0.00018,0.03,0.00087335611134704,"Tomato_30_1_26_Scenario_1A",26
1615,1641,26,1.9424,-1.9003,-13.2062,2.073,-2.0261,-13.2905,0.1887,0.1999712229297,0.4314,0.3922,0.1961,21.8603,2,-19.735,"Tomato_30_1",0.00018,0.03,0.000599966669730558,"Tomato_30_1_26_Scenario_1A",26
1611,1642,20,-3.9214,-1.4203,-16.0468,-3.8628,-1.3645,-16.2297,0.1887,0.200000024999999,0.4314,0.3922,0.1961,21.8701,2,-16.7958,"Tomato_30_1",0.00018,0.03,0.000609585806999194,"Tomato_30_1_26_Scenario_1A",26
1607,1643,11,-4.6959,7.1949,-15.0126,-4.6033,7.2295,-15.1865,0.1887,0.20003282230674,0.4314,0.3922,0.1961,21.8738,2,-17.839,"Tomato_30_1",0.00018,0.03,0.000688803133542968,"Tomato_30_1_26_Scenario_1A",26
1613,1644,15,2.9728,-4.1346,-18.3724,2.9439,-4.1701,-18.5671,0.1887,0.200008874803096,0.4314,0.3922,0.1961,21.8937,2,-14.4584,"Tomato_30_1",0.00018,0.03,0.000676933219231299,"Tomato_30_1_26_Scenario_1A",26
1620,1645,23,-3.5989,0.3878,-15.2708,-3.6409,0.3906,-15.4663,0.1887,0.199980224022278,0.4314,0.3922,0.1961,21.8958,2,-17.5592,"Tomato_30_1",0.00018,0.03,0.000565260586574763,"Tomato_30_1_26_Scenario_1A",26
1616,1646,19,-0.8978,-6.2049,-13.992,-0.8692,-6.2158,-14.1897,0.1887,0.200055142398289,0.4314,0.3922,0.1961,21.9019,2,-18.8358,"Tomato_30_1",0.00018,0.03,0.000673008535006195,"Tomato_30_1_26_Scenario_1A",26
1617,1647,17,1.7324,-1.2171,-17.9555,1.7465,-1.2991,-18.1373,0.1887,0.199935114474671,0.4314,0.3922,0.1961,21.9036,2,-14.8882,"Tomato_30_1",0.00018,0.03,0.000696996726807347,"Tomato_30_1_26_Scenario_1A",26
1612,1648,12,-2.8529,-4.7944,-16.6725,-2.7623,-4.7656,-16.8485,0.1887,0.20003449702489,0.4314,0.3922,0.1961,21.911,2,-16.177,"Tomato_30_1",0.00018,0.03,0.000698794700021118,"Tomato_30_1_26_Scenario_1A",26
1626,1649,29,-0.3396,0.1371,-14.0925,-0.3463,0.3107,-14.1916,0.1887,0.200006649889447,0.4314,0.3922,0.1961,21.9112,2,-18.8339,"Tomato_30_1",0.00018,0.03,0.000910010527059343,"Tomato_30_1_26_Scenario_1A",26
1623,1650,22,0.3696,4.8105,-14.9167,0.4487,4.8409,-15.0979,0.1887,0.200036021756082,0.4314,0.3922,0.1961,21.9135,2,-17.9276,"Tomato_30_1",0.00018,0.03,0.000568233953945351,"Tomato_30_1_26_Scenario_1A",26
1609,1651,5,-3.7897,-1.282,-19.1528,-3.7341,-1.3244,-19.3401,0.1887,0.199926011314186,0.4314,0.3922,0.1961,21.9169,2,-13.6854,"Tomato_30_1",0.00018,0.03,0.000701679373921268,"Tomato_30_1_26_Scenario_1A",26
1625,1652,21,-2.2189,1.8963,-17.2642,-2.1576,1.8686,-17.4526,0.1887,0.200048844035652,0.4314,0.3922,0.1961,21.9306,2,-15.5729,"Tomato_30_1",0.00018,0.03,0.000572969671338375,"Tomato_30_1_26_Scenario_1A",26
1622,1653,16,2.428,7.1502,-14.5923,2.5105,7.1369,-14.7741,0.1887,0.200085931539427,0.4314,0.3922,0.1961,21.9346,2,-18.2514,"Tomato_30_1",0.00018,0.03,0.00069137587124019,"Tomato_30_1_26_Scenario_1A",26
1636,1654,27,-0.3849,1.7005,-14.8369,-0.4002,1.8613,-14.9549,0.1887,0.200036821610423,0.4314,0.3922,0.1961,21.9453,2,-18.0706,"Tomato_30_1",0.00018,0.03,0.000611775934680897,"Tomato_30_1_26_Scenario_1A",26
1640,1655,28,0.7505,0.8792,-13.7047,0.8744,1.0328,-13.7372,0.1887,0.200001049997244,0.4314,0.3922,0.1961,21.9503,2,-19.2883,"Tomato_30_1",0.00018,0.03,0.000865140081768283,"Tomato_30_1_26_Scenario_1A",26
1635,1656,24,3.9455,1.9174,-13.3332,4.1341,1.8715,-13.3813,0.1887,0.19997594855382,0.4314,0.3922,0.1961,21.9526,2,-19.6442,"Tomato_30_1",0.00018,0.03,0.000555002338129763,"Tomato_30_1_26_Scenario_1A",26
1637,1657,25,-2.3719,2.188,-15.5402,-2.4669,2.2789,-15.6908,0.1887,0.199920409163246,0.4314,0.3922,0.1961,21.9535,2,-17.3347,"Tomato_30_1",0.00018,0.03,0.000559570617817482,"Tomato_30_1_26_Scenario_1A",26
1619,1658,7,-8.1626,0.1501,-14.4694,-8.207,0.289,-14.6062,0.1887,0.199947017982264,0.4314,0.3922,0.1961,21.9616,2,-18.4193,"Tomato_30_1",0.00018,0.03,0.000722842845225235,"Tomato_30_1_26_Scenario_1A",26
1641,1659,26,2.073,-2.0261,-13.2905,2.1897,-2.1605,-13.3816,0.1887,0.199953644627949,0.4314,0.3922,0.1961,21.9721,2,-19.6439,"Tomato_30_1",0.00018,0.03,0.000594948217966202,"Tomato_30_1_26_Scenario_1A",26
1631,1660,14,-9.0711,2.3381,-13.0702,-9.1993,2.3999,-13.2108,0.1887,0.200057091851302,0.4314,0.3922,0.1961,21.9894,2,-19.8147,"Tomato_30_1",0.00018,0.03,0.000706794123049134,"Tomato_30_1_26_Scenario_1A",26
1624,1661,8,4.3391,-9.9409,-14.6352,4.3992,-10.0218,-14.8079,0.1887,0.199955269998069,0.4314,0.3922,0.1961,21.9895,2,-18.2176,"Tomato_30_1",0.00018,0.03,0.000713346604634168,"Tomato_30_1_26_Scenario_1A",26
1627,1662,13,2.5307,-0.7416,-17.5255,2.4781,-0.7541,-17.7181,0.1887,0.200044420067143,0.4314,0.3922,0.1961,21.9899,2,-15.3074,"Tomato_30_1",0.00018,0.03,0.000716772801012357,"Tomato_30_1_26_Scenario_1A",26
1638,1663,18,-1.9271,1.2535,-17.0271,-1.946,1.1646,-17.2053,0.1887,0.200039146168944,0.4314,0.3922,0.1961,21.9983,2,-15.8202,"Tomato_30_1",0.00018,0.03,0.000697173927758846,"Tomato_30_1_26_Scenario_1A",26
1642,1664,20,-3.8628,-1.3645,-16.2297,-3.8384,-1.3368,-16.4262,0.1887,0.199937240153004,0.4314,0.3922,0.1961,22.0005,2,-16.5993,"Tomato_30_1",0.00018,0.03,0.00060502796369244,"Tomato_30_1_26_Scenario_1A",26
1621,1665,3,5.4577,4.1671,-16.2379,5.5654,4.1871,-16.4053,0.1887,0.20005511740518,0.4314,0.3922,0.1961,22.0006,2,-16.6202,"Tomato_30_1",0.00018,0.03,0.000742302813884498,"Tomato_30_1_26_Scenario_1A",26
1649,1666,29,-0.3463,0.3107,-14.1916,-0.3702,0.4775,-14.2993,0.1887,0.19998184917637,0.4314,0.3922,0.1961,22.0105,2,-18.7262,"Tomato_30_1",0.00018,0.03,0.000901796573334596,"Tomato_30_1_26_Scenario_1A",26
1634,1667,9,4.1707,4.2082,-16.8804,4.2212,4.1827,-17.0722,0.1887,0.199969347651081,0.4314,0.3922,0.1961,22.0164,2,-15.9533,"Tomato_30_1",0.00018,0.03,0.000711442016826702,"Tomato_30_1_26_Scenario_1A",26
1645,1668,23,-3.6409,0.3906,-15.4663,-3.686,0.3991,-15.661,0.1887,0.200035871783037,0.4314,0.3922,0.1961,22.021,2,-17.3645,"Tomato_30_1",0.00018,0.03,0.000561236000531195,"Tomato_30_1_26_Scenario_1A",26
1629,1669,6,-0.863,2.5672,-18.6624,-0.8982,2.5494,-18.8585,0.1887,0.200027723078575,0.4314,0.3922,0.1961,22.0255,2,-14.167,"Tomato_30_1",0.00018,0.03,0.000731365255963414,"Tomato_30_1_26_Scenario_1A",26
1633,1670,4,2.7268,1.3068,-20.3606,2.7194,1.2616,-20.5552,0.1887,0.19991738293605,0.4314,0.3922,0.1961,22.0347,2,-12.4703,"Tomato_30_1",0.00018,0.03,0.000708882252716822,"Tomato_30_1_26_Scenario_1A",26
1639,1671,10,-7.5523,-5.4449,-16.3527,-7.592,-5.5611,-16.5106,0.1887,0.200027348130201,0.4314,0.3922,0.1961,22.0364,2,-16.5149,"Tomato_30_1",0.00018,0.03,0.000710200461337228,"Tomato_30_1_26_Scenario_1A",26
1650,1672,22,0.4487,4.8409,-15.0979,0.5174,4.8547,-15.2852,0.1887,0.199978548849621,0.4314,0.3922,0.1961,22.0389,2,-17.7403,"Tomato_30_1",0.00018,0.03,0.000563869168130826,"Tomato_30_1_26_Scenario_1A",26
1644,1673,15,2.9439,-4.1701,-18.5671,2.9256,-4.1719,-18.7662,0.1887,0.19994734306812,0.4314,0.3922,0.1961,22.0426,2,-14.2593,"Tomato_30_1",0.00018,0.03,0.000672519275368631,"Tomato_30_1_26_Scenario_1A",26
1643,1674,11,-4.6033,7.2295,-15.1865,-4.5381,7.3028,-15.3608,0.1887,0.20001104969476,0.4314,0.3922,0.1961,22.0429,2,-17.6647,"Tomato_30_1",0.00018,0.03,0.000684787547474185,"Tomato_30_1_26_Scenario_1A",26
1655,1675,28,0.8744,1.0328,-13.7372,0.996,1.1885,-13.7687,0.1887,0.200053242912981,0.4314,0.3922,0.1961,22.0448,2,-19.2568,"Tomato_30_1",0.00018,0.03,0.000857315423057755,"Tomato_30_1_26_Scenario_1A",26
1654,1676,27,-0.4002,1.8613,-14.9549,-0.4266,2.0161,-15.0787,0.1887,0.199966097126487,0.4314,0.3922,0.1961,22.0453,2,-17.9468,"Tomato_30_1",0.00018,0.03,0.000606114600764334,"Tomato_30_1_26_Scenario_1A",26
1646,1677,19,-0.8692,-6.2158,-14.1897,-0.849,-6.2382,-14.3874,0.1887,0.199987724623287,0.4314,0.3922,0.1961,22.0521,2,-18.6381,"Tomato_30_1",0.00018,0.03,0.000668436403912426,"Tomato_30_1_26_Scenario_1A",26
1632,1678,1,-3.9653,-4.4979,-18.1099,-4.0122,-4.517,-18.3033,0.1887,0.199919933973579,0.4314,0.3922,0.1961,22.053,2,-14.7222,"Tomato_30_1",0.00018,0.03,0.000682666672105855,"Tomato_30_1_26_Scenario_1A",26
1647,1679,17,1.7465,-1.2991,-18.1373,1.7599,-1.3821,-18.3188,0.1887,0.20002702317437,0.4314,0.3922,0.1961,22.0542,2,-14.7067,"Tomato_30_1",0.00018,0.03,0.000692983380406849,"Tomato_30_1_26_Scenario_1A",26
1652,1680,21,-2.1576,1.8686,-17.4526,-2.1178,1.8434,-17.6469,0.1887,0.199928912366369,0.4314,0.3922,0.1961,22.0554,2,-15.3786,"Tomato_30_1",0.00018,0.03,0.000568391334682791,"Tomato_30_1_26_Scenario_1A",26
1657,1681,25,-2.4669,2.2789,-15.6908,-2.5587,2.367,-15.8451,0.1887,0.199993349889441,0.4314,0.3922,0.1961,22.0612,2,-17.1804,"Tomato_30_1",0.00018,0.03,0.000555141446145515,"Tomato_30_1_26_Scenario_1A",26
1656,1682,24,4.1341,1.8715,-13.3813,4.3229,1.8198,-13.4222,0.1887,0.199977848773308,0.4314,0.3922,0.1961,22.0689,2,-19.6033,"Tomato_30_1",0.00018,0.03,0.000550654402021947,"Tomato_30_1_26_Scenario_1A",26
1648,1683,12,-2.7623,-4.7656,-16.8485,-2.7479,-4.6928,-17.0342,0.1887,0.199979223920884,0.4314,0.3922,0.1961,22.0826,2,-15.9913,"Tomato_30_1",0.00018,0.03,0.000694780533891057,"Tomato_30_1_26_Scenario_1A",26
135,1684,0,-0.2929,-0.0127,-24.2654,-0.2786,-0.0036,-24.4647,0.1887,0.200019474051904,0.4314,0.3922,0.1961,22.0843,1,-8.5608,"Tomato_30_1",0.00018,0.03,0.000925639280417418,"Tomato_30_1_26_Scenario_1A",26
1659,1685,26,2.1897,-2.1605,-13.3816,2.305,-2.2903,-13.4809,0.1887,0.200006549892747,0.4314,0.3922,0.1961,22.0846,2,-19.5446,"Tomato_30_1",0.00018,0.03,0.000590307475871753,"Tomato_30_1_26_Scenario_1A",26
136,1686,0,-0.2786,-0.0036,-24.4647,-0.2785,-0.0035,-24.4657,0.1887,0.0010099504938339,0.4314,0.3922,0.1961,22.0857,1,-8.5598,"Tomato_30_1",0.00018,0.03,4.35735404145609e-06,"Tomato_30_1_26_Scenario_1A",26
1653,1687,16,2.5105,7.1369,-14.7741,2.5595,7.1197,-14.9672,0.1887,0.199961121221101,0.4314,0.3922,0.1961,22.0858,2,-18.0583,"Tomato_30_1",0.00018,0.03,0.000686649478391627,"Tomato_30_1_26_Scenario_1A",26
1630,1688,2,0.8043,-3.6593,-17.2203,0.7954,-3.6207,-17.4164,0.1887,0.200060940715571,0.4314,0.3922,0.1961,22.0951,2,-15.6091,"Tomato_30_1",0.00018,0.03,0.000777448010016859,"Tomato_30_1_26_Scenario_1A",26
1651,1689,5,-3.7341,-1.3244,-19.3401,-3.6898,-1.3327,-19.535,0.1887,0.200043470275838,0.4314,0.3922,0.1961,22.1056,2,-13.4905,"Tomato_30_1",0.00018,0.03,0.00069843052304967,"Tomato_30_1_26_Scenario_1A",26
1666,1690,29,-0.3702,0.4775,-14.2993,-0.3919,0.6066,-14.4505,0.1887,0.199997849988443,0.4314,0.3922,0.1961,22.1105,2,-18.575,"Tomato_30_1",0.00018,0.03,0.000894023761010113,"Tomato_30_1_26_Scenario_1A",26
1664,1691,20,-3.8384,-1.3368,-16.4262,-3.8109,-1.3149,-16.6231,0.1887,0.200013674532517,0.4314,0.3922,0.1961,22.1319,2,-16.4024,"Tomato_30_1",0.00018,0.03,0.000601063160157266,"Tomato_30_1_26_Scenario_1A",26
1675,1692,28,0.996,1.1885,-13.7687,1.1226,1.3407,-13.7972,0.1887,0.200011624662168,0.4314,0.3922,0.1961,22.1399,2,-19.2283,"Tomato_30_1",0.00018,0.03,0.000849332077223627,"Tomato_30_1_26_Scenario_1A",26
1676,1693,27,-0.4266,2.0161,-15.0787,-0.4692,2.1799,-15.1852,0.1887,0.199968622538638,0.4314,0.3922,0.1961,22.1459,2,-17.8403,"Tomato_30_1",0.00018,0.03,0.000600850520794894,"Tomato_30_1_26_Scenario_1A",26
1668,1694,23,-3.686,0.3991,-15.661,-3.726,0.411,-15.8566,0.1887,0.200002424985299,0.4314,0.3922,0.1961,22.1472,2,-17.1689,"Tomato_30_1",0.00018,0.03,0.000557120446369846,"Tomato_30_1_26_Scenario_1A",26
1663,1695,18,-1.946,1.1646,-17.2053,-1.9762,1.1145,-17.3965,0.1887,0.199948718425499,0.4314,0.3922,0.1961,22.1481,2,-15.629,"Tomato_30_1",0.00018,0.03,0.000692527612317397,"Tomato_30_1_26_Scenario_1A",26
1660,1696,14,-9.1993,2.3999,-13.2108,-9.3297,2.4607,-13.3497,0.1887,0.199985024439332,0.4314,0.3922,0.1961,22.1533,2,-19.6758,"Tomato_30_1",0.00018,0.03,0.000702496948989316,"Tomato_30_1_26_Scenario_1A",26
1658,1697,7,-8.207,0.289,-14.6062,-8.2411,0.4152,-14.7576,0.1887,0.200028023036774,0.4314,0.3922,0.1961,22.1603,2,-18.2679,"Tomato_30_1",0.00018,0.03,0.000719738673030861,"Tomato_30_1_26_Scenario_1A",26
1672,1698,22,0.5174,4.8547,-15.2852,0.5294,4.8796,-15.4833,0.1887,0.20001904909283,0.4314,0.3922,0.1961,22.1652,2,-17.5422,"Tomato_30_1",0.00018,0.03,0.000559941661998373,"Tomato_30_1_26_Scenario_1A",26
1662,1699,13,2.4781,-0.7541,-17.7181,2.4216,-0.7713,-17.9091,0.1887,0.199922710065664,0.4314,0.3922,0.1961,22.1664,2,-15.1164,"Tomato_30_1",0.00018,0.03,0.000712419080365849,"Tomato_30_1_26_Scenario_1A",26
1681,1700,25,-2.5587,2.367,-15.8451,-2.587,2.4341,-16.0314,0.1887,0.200027473113071,0.4314,0.3922,0.1961,22.1698,2,-16.9941,"Tomato_30_1",0.00018,0.03,0.000550758794216734,"Tomato_30_1_26_Scenario_1A",26
1680,1701,21,-2.1178,1.8434,-17.6469,-2.1001,1.8275,-17.8455,0.1887,0.200020148985049,0.4314,0.3922,0.1961,22.1813,2,-15.18,"Tomato_30_1",0.00018,0.03,0.000564576048217736,"Tomato_30_1_26_Scenario_1A",26
1661,1702,8,4.3992,-10.0218,-14.8079,4.4257,-10.1028,-14.9889,0.1887,0.200060615814307,0.4314,0.3922,0.1961,22.1841,2,-18.0366,"Tomato_30_1",0.00018,0.03,0.000710183875832573,"Tomato_30_1_26_Scenario_1A",26
1682,1703,24,4.3229,1.8198,-13.4222,4.5115,1.7671,-13.4632,0.1887,0.200070612534675,0.4314,0.3922,0.1961,22.1861,2,-19.5623,"Tomato_30_1",0.00018,0.03,0.000546710366089523,"Tomato_30_1_26_Scenario_1A",26
1673,1704,15,2.9256,-4.1719,-18.7662,2.9071,-4.173,-18.9654,0.1887,0.200060240927574,0.4314,0.3922,0.1961,22.1933,2,-14.0601,"Tomato_30_1",0.00018,0.03,0.000668881890132228,"Tomato_30_1_26_Scenario_1A",26
1685,1705,26,2.305,-2.2903,-13.4809,2.3998,-2.4332,-13.5838,0.1887,0.19998964973218,0.4314,0.3922,0.1961,22.1979,2,-19.4417,"Tomato_30_1",0.00018,0.03,0.000585627359331447,"Tomato_30_1_26_Scenario_1A",26
1667,1706,9,4.2212,4.1827,-17.0722,4.2855,4.1571,-17.2599,0.1887,0.200052843019038,0.4314,0.3922,0.1961,22.2023,2,-15.7656,"Tomato_30_1",0.00018,0.03,0.000708027251626639,"Tomato_30_1_26_Scenario_1A",26
1677,1707,19,-0.849,-6.2382,-14.3874,-0.8339,-6.2548,-14.5861,0.1887,0.199963146604569,0.4314,0.3922,0.1961,22.2037,2,-18.4394,"Tomato_30_1",0.00018,0.03,0.000664200623238394,"Tomato_30_1_26_Scenario_1A",26
1679,1708,17,1.7599,-1.3821,-18.3188,1.7811,-1.4592,-18.5021,0.1887,0.199981849176368,0.4314,0.3922,0.1961,22.2064,2,-14.5234,"Tomato_30_1",0.00018,0.03,0.000688690735662901,"Tomato_30_1_26_Scenario_1A",26
1690,1709,29,-0.3919,0.6066,-14.4505,-0.4003,0.735,-14.6036,0.1887,0.199991824832917,0.4314,0.3922,0.1961,22.2112,2,-18.4219,"Tomato_30_1",0.00018,0.03,0.000886406278737498,"Tomato_30_1_26_Scenario_1A",26
1674,1710,11,-4.5381,7.3028,-15.3608,-4.4573,7.4259,-15.4961,0.1887,0.199970847875385,0.4314,0.3922,0.1961,22.2141,2,-17.5294,"Tomato_30_1",0.00018,0.03,0.000680905515585874,"Tomato_30_1_26_Scenario_1A",26
1671,1711,10,-7.592,-5.5611,-16.5106,-7.6496,-5.6744,-16.665,0.1887,0.199985024439331,0.4314,0.3922,0.1961,22.2242,2,-16.3605,"Tomato_30_1",0.00018,0.03,0.000706529876417678,"Tomato_30_1_26_Scenario_1A",26
1665,1712,3,5.5654,4.1871,-16.4053,5.6664,4.2226,-16.5742,0.1887,0.199971147918894,0.4314,0.3922,0.1961,22.23,2,-16.4513,"Tomato_30_1",0.00018,0.03,0.000738896493228067,"Tomato_30_1_26_Scenario_1A",26
1669,1713,6,-0.8982,2.5494,-18.8585,-0.9285,2.5795,-19.0539,0.1887,0.200013149567722,0.4314,0.3922,0.1961,22.2351,2,-13.9716,"Tomato_30_1",0.00018,0.03,0.00072806796718383,"Tomato_30_1_26_Scenario_1A",26
1692,1714,28,1.1226,1.3407,-13.7972,1.2735,1.4687,-13.8258,0.1887,0.199931913410541,0.4314,0.3922,0.1961,22.2355,2,-19.1997,"Tomato_30_1",0.00018,0.03,0.000841435627718544,"Tomato_30_1_26_Scenario_1A",26
1687,1715,16,2.5595,7.1197,-14.9672,2.6161,7.0688,-15.1521,0.1887,0.199955945147926,0.4314,0.3922,0.1961,22.2386,2,-17.8734,"Tomato_30_1",0.00018,0.03,0.000682533435346225,"Tomato_30_1_26_Scenario_1A",26
1670,1716,4,2.7194,1.2616,-20.5552,2.7137,1.2172,-20.7502,0.1887,0.200072111999649,0.4314,0.3922,0.1961,22.2398,2,-12.2753,"Tomato_30_1",0.00018,0.03,0.000706098243646993,"Tomato_30_1_26_Scenario_1A",26
1693,1717,27,-0.4692,2.1799,-15.1852,-0.5101,2.3365,-15.3027,0.1887,0.200006549892747,0.4314,0.3922,0.1961,22.2473,2,-17.7228,"Tomato_30_1",0.00018,0.03,0.0005958621969241,"Tomato_30_1_26_Scenario_1A",26
1683,1718,12,-2.7479,-4.6928,-17.0342,-2.7067,-4.6153,-17.2139,0.1887,0.199989449721729,0.4314,0.3922,0.1961,22.2565,2,-15.8116,"Tomato_30_1",0.00018,0.03,0.000691192921517381,"Tomato_30_1_26_Scenario_1A",26
1691,1719,20,-3.8109,-1.3149,-16.6231,-3.786,-1.2847,-16.8192,0.1887,0.199968147463538,0.4314,0.3922,0.1961,22.2646,2,-16.2063,"Tomato_30_1",0.00018,0.03,0.000596901844917844,"Tomato_30_1_26_Scenario_1A",26
1694,1720,23,-3.726,0.411,-15.8566,-3.7466,0.4531,-16.051,0.1887,0.199970322798157,0.4314,0.3922,0.1961,22.2744,2,-16.9745,"Tomato_30_1",0.00018,0.03,0.000553169114792007,"Tomato_30_1_26_Scenario_1A",26
1678,1721,1,-4.0122,-4.517,-18.3033,-4.0603,-4.5347,-18.4967,0.1887,0.200076135508461,0.4314,0.3922,0.1961,22.2783,2,-14.5288,"Tomato_30_1",0.00018,0.03,0.00068035066707008,"Tomato_30_1_26_Scenario_1A",26
1700,1722,25,-2.587,2.4341,-16.0314,-2.6146,2.5033,-16.217,0.1887,0.199994399921595,0.4314,0.3922,0.1961,22.2792,2,-16.8085,"Tomato_30_1",0.00018,0.03,0.000546347797721755,"Tomato_30_1_26_Scenario_1A",26
1698,1723,22,0.5294,4.8796,-15.4833,0.5204,4.8794,-15.6831,0.1887,0.200002699981775,0.4314,0.3922,0.1961,22.2925,2,-17.3424,"Tomato_30_1",0.00018,0.03,0.000556013609875348,"Tomato_30_1_26_Scenario_1A",26
1689,1724,5,-3.6898,-1.3327,-19.535,-3.6526,-1.3339,-19.7315,0.1887,0.199993824904671,0.4314,0.3922,0.1961,22.2962,2,-13.294,"Tomato_30_1",0.00018,0.03,0.000694795085593544,"Tomato_30_1_26_Scenario_1A",26
1695,1725,18,-1.9762,1.1145,-17.3965,-1.9904,1.0915,-17.5947,0.1887,0.200034696990297,0.4314,0.3922,0.1961,22.2992,2,-15.4308,"Tomato_30_1",0.00018,0.03,0.000688689578704219,"Tomato_30_1_26_Scenario_1A",26
1703,1726,24,4.5115,1.7671,-13.4632,4.7001,1.7341,-13.5208,0.1887,0.199941791529435,0.4314,0.3922,0.1961,22.3042,2,-19.5047,"Tomato_30_1",0.00018,0.03,0.000542317439479691,"Tomato_30_1_26_Scenario_1A",26
1701,1727,21,-2.1001,1.8275,-17.8455,-2.0848,1.8466,-18.044,0.1887,0.200002874979335,0.4314,0.3922,0.1961,22.3084,2,-14.9815,"Tomato_30_1",0.00018,0.03,0.000560612857889489,"Tomato_30_1_26_Scenario_1A",26
1705,1728,26,2.3998,-2.4332,-13.5838,2.4803,-2.5757,-13.6988,0.1887,0.200028747933891,0.4314,0.3922,0.1961,22.312,2,-19.3267,"Tomato_30_1",0.00018,0.03,0.000581277144250596,"Tomato_30_1_26_Scenario_1A",26
1709,1729,29,-0.4003,0.735,-14.6036,-0.4091,0.8631,-14.7569,0.1887,0.199969847727101,0.4314,0.3922,0.1961,22.3126,2,-18.2686,"Tomato_30_1",0.00018,0.03,0.000878971854804213,"Tomato_30_1_26_Scenario_1A",26
1696,1730,14,-9.3297,2.4607,-13.3497,-9.4476,2.5258,-13.4975,0.1887,0.199958145620527,0.4314,0.3922,0.1961,22.3188,2,-19.528,"Tomato_30_1",0.00018,0.03,0.000698561358184841,"Tomato_30_1_26_Scenario_1A",26
1714,1731,28,1.2735,1.4687,-13.8258,1.4412,1.5704,-13.865,0.1887,0.200007049875748,0.4314,0.3922,0.1961,22.3318,2,-19.1605,"Tomato_30_1",0.00018,0.03,0.000834430603769722,"Tomato_30_1_26_Scenario_1A",26
1699,1732,13,2.4216,-0.7713,-17.9091,2.3632,-0.793,-18.0992,0.1887,0.200048644084384,0.4314,0.3922,0.1961,22.345,2,-14.9263,"Tomato_30_1",0.00018,0.03,0.000709150552424668,"Tomato_30_1_26_Scenario_1A",26
1704,1733,15,2.9071,-4.173,-18.9654,2.9044,-4.1695,-19.1653,0.1887,0.199948868463915,0.4314,0.3922,0.1961,22.3456,2,-13.8602,"Tomato_30_1",0.00018,0.03,0.000664684854373166,"Tomato_30_1_26_Scenario_1A",26
1717,1734,27,-0.5101,2.3365,-15.3027,-0.5695,2.4801,-15.4286,0.1887,0.200000324999736,0.4314,0.3922,0.1961,22.3494,2,-17.5969,"Tomato_30_1",0.00018,0.03,0.000590910669927837,"Tomato_30_1_26_Scenario_1A",26
103,1735,30,-0.2891,-0.0606,-14.4097,-0.1031,-0.1052,-14.4684,0.1887,0.200077110135068,0.4314,0.3922,0.1961,22.3533,2,-18.5571,"Tomato_30_1",0.00018,0.03,0.000901715929944253,"Tomato_30_1_26_Scenario_1A",26
137,1736,0,-0.2785,-0.0035,-24.4657,-0.2747,0.0055,-24.6655,0.1887,0.200038696256503,0.4314,0.3922,0.1961,22.3549,1,-8.36,"Tomato_30_1",0.00018,0.03,0.000931180262918968,"Tomato_30_1_26_Scenario_1A",26
1707,1737,19,-0.8339,-6.2548,-14.5861,-0.8,-6.2726,-14.7824,0.1887,0.199999349998944,0.4314,0.3922,0.1961,22.3567,2,-18.2431,"Tomato_30_1",0.00018,0.03,0.000660355378279969,"Tomato_30_1_26_Scenario_1A",26
1708,1738,17,1.7811,-1.4592,-18.5021,1.7939,-1.5462,-18.6818,0.1887,0.200062315292011,0.4314,0.3922,0.1961,22.3603,2,-14.3437,"Tomato_30_1",0.00018,0.03,0.000685025768398098,"Tomato_30_1_26_Scenario_1A",26
1697,1739,7,-8.2411,0.4152,-14.7576,-8.2659,0.5588,-14.8946,0.1887,0.2000124996094,0.4314,0.3922,0.1961,22.3617,2,-18.1309,"Tomato_30_1",0.00018,0.03,0.000716490314043944,"Tomato_30_1_26_Scenario_1A",26
1688,1740,2,0.7954,-3.6207,-17.4164,0.7808,-3.5727,-17.61,0.1887,0.199995299944774,0.4314,0.3922,0.1961,22.3696,2,-15.4155,"Tomato_30_1",0.00018,0.03,0.00077457885650477,"Tomato_30_1_26_Scenario_1A",26
1702,1741,8,4.4257,-10.1028,-14.9889,4.4567,-10.1781,-15.1715,0.1887,0.19993461431178,0.4314,0.3922,0.1961,22.3815,2,-17.854,"Tomato_30_1",0.00018,0.03,0.000706402391551901,"Tomato_30_1_26_Scenario_1A",26
1710,1742,11,-4.4573,7.4259,-15.4961,-4.3637,7.5309,-15.6383,0.1887,0.200016999277561,0.4314,0.3922,0.1961,22.3874,2,-17.3872,"Tomato_30_1",0.00018,0.03,0.000677511148063949,"Tomato_30_1_26_Scenario_1A",26
1722,1743,25,-2.6146,2.5033,-16.217,-2.6543,2.5612,-16.4043,0.1887,0.20002447350262,0.4314,0.3922,0.1961,22.3895,2,-16.6212,"Tomato_30_1",0.00018,0.03,0.000542264915014491,"Tomato_30_1_26_Scenario_1A",26
1706,1744,9,4.2855,4.1571,-17.2599,4.345,4.1416,-17.4502,0.1887,0.199986474542655,0.4314,0.3922,0.1961,22.3903,2,-15.5753,"Tomato_30_1",0.00018,0.03,0.00070428304331802,"Tomato_30_1_26_Scenario_1A",26
1715,1745,16,2.6161,7.0688,-15.1521,2.6618,7.0007,-15.3346,0.1887,0.200080858654694,0.4314,0.3922,0.1961,22.393,2,-17.6909,"Tomato_30_1",0.00018,0.03,0.000679052120461906,"Tomato_30_1_26_Scenario_1A",26
1719,1746,20,-3.786,-1.2847,-16.8192,-3.7719,-1.2529,-17.0162,0.1887,0.200047619331001,0.4314,0.3922,0.1961,22.3984,2,-16.0093,"Tomato_30_1",0.00018,0.03,0.000593282561409301,"Tomato_30_1_26_Scenario_1A",26
1720,1747,23,-3.7466,0.4531,-16.051,-3.7638,0.5074,-16.2427,0.1887,0.199983049281684,0.4314,0.3922,0.1961,22.4027,2,-16.7828,"Tomato_30_1",0.00018,0.03,0.000549499741783125,"Tomato_30_1_26_Scenario_1A",26
1711,1748,10,-7.6496,-5.6744,-16.665,-7.685,-5.7696,-16.8373,0.1887,0.200008724809694,0.4314,0.3922,0.1961,22.4147,2,-16.1882,"Tomato_30_1",0.00018,0.03,0.000703294118229282,"Tomato_30_1_26_Scenario_1A",26
1729,1749,29,-0.4091,0.8631,-14.7569,-0.3946,0.9708,-14.9248,0.1887,0.199999874999961,0.4314,0.3922,0.1961,22.4148,2,-18.1007,"Tomato_30_1",0.00018,0.03,0.000872015696685064,"Tomato_30_1_26_Scenario_1A",26
1723,1750,22,0.5204,4.8794,-15.6831,0.5041,4.8972,-15.8816,0.1887,0.199961946379806,0.4314,0.3922,0.1961,22.4209,2,-17.1439,"Tomato_30_1",0.00018,0.03,0.000552177543624468,"Tomato_30_1_26_Scenario_1A",26
1726,1751,24,4.7001,1.7341,-13.5208,4.8666,1.6316,-13.563,0.1887,0.200023348637103,0.4314,0.3922,0.1961,22.4234,2,-19.4625,"Tomato_30_1",0.00018,0.03,0.000538650950838665,"Tomato_30_1_26_Scenario_1A",26
1728,1752,26,2.4803,-2.5757,-13.6988,2.5628,-2.7095,-13.8224,0.1887,0.199964121781883,0.4314,0.3922,0.1961,22.4269,2,-19.2031,"Tomato_30_1",0.00018,0.03,0.000576791710989458,"Tomato_30_1_26_Scenario_1A",26
1731,1753,28,1.4412,1.5704,-13.865,1.5961,1.6934,-13.895,0.1887,0.200057516729564,0.4314,0.3922,0.1961,22.4288,2,-19.1305,"Tomato_30_1",0.00018,0.03,0.000827553302302384,"Tomato_30_1_26_Scenario_1A",26
1718,1754,12,-2.7067,-4.6153,-17.2139,-2.645,-4.5595,-17.3958,0.1887,0.200020348964801,0.4314,0.3922,0.1961,22.4328,2,-15.6297,"Tomato_30_1",0.00018,0.03,0.000687872359126597,"Tomato_30_1_26_Scenario_1A",26
1727,1755,21,-2.0848,1.8466,-18.044,-2.0752,1.8502,-18.2437,0.1887,0.199963021581491,0.4314,0.3922,0.1961,22.4367,2,-14.7818,"Tomato_30_1",0.00018,0.03,0.000556747532761032,"Tomato_30_1_26_Scenario_1A",26
1716,1756,4,2.7137,1.2172,-20.7502,2.7037,1.2046,-20.9495,0.1887,0.199948118270716,0.4314,0.3922,0.1961,22.4476,2,-12.076,"Tomato_30_1",0.00018,0.03,0.000702530584766695,"Tomato_30_1_26_Scenario_1A",26
1713,1757,6,-0.9285,2.5795,-19.0539,-0.9381,2.5869,-19.2535,0.1887,0.199967697391354,0.4314,0.3922,0.1961,22.4477,2,-13.772,"Tomato_30_1",0.00018,0.03,0.000724866861948619,"Tomato_30_1_26_Scenario_1A",26
1735,1758,30,-0.1031,-0.1052,-14.4684,0.0862,-0.1206,-14.531,0.1887,0.199976023562826,0.4314,0.3922,0.1961,22.4495,2,-18.4945,"Tomato_30_1",0.00018,0.03,0.000893606901234964,"Tomato_30_1_26_Scenario_1A",26
1725,1759,18,-1.9904,1.0915,-17.5947,-2.0065,1.0776,-17.7936,0.1887,0.200034072097732,0.4314,0.3922,0.1961,22.4516,2,-15.2319,"Tomato_30_1",0.00018,0.03,0.000684746746971023,"Tomato_30_1_26_Scenario_1A",26
1734,1760,27,-0.5695,2.4801,-15.4286,-0.6083,2.6448,-15.5352,0.1887,0.199987724623288,0.4314,0.3922,0.1961,22.4522,2,-17.4903,"Tomato_30_1",0.00018,0.03,0.000586109134953951,"Tomato_30_1_26_Scenario_1A",26
1712,1761,3,5.6664,4.2226,-16.5742,5.7592,4.2529,-16.7487,0.1887,0.199950443860471,0.4314,0.3922,0.1961,22.463,2,-16.2768,"Tomato_30_1",0.00018,0.03,0.000735936558040316,"Tomato_30_1_26_Scenario_1A",26
1730,1762,14,-9.4476,2.5258,-13.4975,-9.5831,2.5988,-13.6253,0.1887,0.200055217377603,0.4314,0.3922,0.1961,22.4858,2,-19.4002,"Tomato_30_1",0.00018,0.03,0.000695255655423622,"Tomato_30_1_26_Scenario_1A",26
1724,1763,5,-3.6526,-1.3339,-19.7315,-3.6268,-1.3111,-19.9285,0.1887,0.199986199523866,0.4314,0.3922,0.1961,22.4889,2,-13.097,"Tomato_30_1",0.00018,0.03,0.000691504817145711,"Tomato_30_1_26_Scenario_1A",26
1733,1764,15,2.9044,-4.1695,-19.1653,2.8993,-4.1722,-19.3652,0.1887,0.199983274300631,0.4314,0.3922,0.1961,22.4996,2,-13.6603,"Tomato_30_1",0.00018,0.03,0.000661163774568197,"Tomato_30_1_26_Scenario_1A",26
1743,1765,25,-2.6543,2.5612,-16.4043,-2.6837,2.6317,-16.5891,0.1887,0.199964121781883,0.4314,0.3922,0.1961,22.5006,2,-16.4364,"Tomato_30_1",0.00018,0.03,0.000538092087023469,"Tomato_30_1_26_Scenario_1A",26
1721,1766,1,-4.0603,-4.5347,-18.4967,-4.1089,-4.5581,-18.6893,0.1887,0.200010699713789,0.4314,0.3922,0.1961,22.5071,2,-14.3362,"Tomato_30_1",0.00018,0.03,0.000677472635545325,"Tomato_30_1_26_Scenario_1A",26
1737,1767,19,-0.8,-6.2726,-14.7824,-0.7649,-6.2808,-14.9791,0.1887,0.199975348480756,0.4314,0.3922,0.1961,22.5112,2,-18.0464,"Tomato_30_1",0.00018,0.03,0.000656498843165328,"Tomato_30_1_26_Scenario_1A",26
1738,1768,17,1.7939,-1.5462,-18.6818,1.8356,-1.6578,-18.8424,0.1887,0.199964521853255,0.4314,0.3922,0.1961,22.5159,2,-14.1831,"Tomato_30_1",0.00018,0.03,0.000680945792772228,"Tomato_30_1_26_Scenario_1A",26
1749,1769,29,-0.3946,0.9708,-14.9248,-0.3709,1.0762,-15.0931,0.1887,0.199989349716429,0.4314,0.3922,0.1961,22.5177,2,-17.9324,"Tomato_30_1",0.00018,0.03,0.000865129793130489,"Tomato_30_1_26_Scenario_1A",26
1732,1770,13,2.3632,-0.793,-18.0992,2.3246,-0.8436,-18.2888,0.1887,0.199996199963898,0.4314,0.3922,0.1961,22.5257,2,-14.7367,"Tomato_30_1",0.00018,0.03,0.000705449399424207,"Tomato_30_1_26_Scenario_1A",26
1753,1771,28,1.5961,1.6934,-13.895,1.733,1.8368,-13.8686,0.1887,0.200005324929113,0.4314,0.3922,0.1961,22.5263,2,-19.1569,"Tomato_30_1",0.00018,0.03,0.000820486928340442,"Tomato_30_1_26_Scenario_1A",26
1747,1772,23,-3.7638,0.5074,-16.2427,-3.771,0.5159,-16.4424,0.1887,0.200010449727008,0.4314,0.3922,0.1961,22.5321,2,-16.5831,"Tomato_30_1",0.00018,0.03,0.000546025948677094,"Tomato_30_1_26_Scenario_1A",26
1746,1773,20,-3.7719,-1.2529,-17.0162,-3.7302,-1.2233,-17.2096,0.1887,0.200046519589816,0.4314,0.3922,0.1961,22.5334,2,-15.8159,"Tomato_30_1",0.00018,0.03,0.000589590940220478,"Tomato_30_1_26_Scenario_1A",26
1752,1774,26,2.5628,-2.7095,-13.8224,2.6598,-2.8204,-13.9577,0.1887,0.200034746981619,0.4314,0.3922,0.1961,22.5427,2,-19.0678,"Tomato_30_1",0.00018,0.03,0.000572860410295454,"Tomato_30_1_26_Scenario_1A",26
1751,1775,24,4.8666,1.6316,-13.563,5.0302,1.5281,-13.6133,0.1887,0.200018249167419,0.4314,0.3922,0.1961,22.5435,2,-19.4122,"Tomato_30_1",0.00018,0.03,0.000534902158002375,"Tomato_30_1_26_Scenario_1A",26
1758,1776,30,0.0862,-0.1206,-14.531,0.2561,-0.1258,-14.6363,0.1887,0.199952844440883,0.4314,0.3922,0.1961,22.5464,2,-18.3892,"Tomato_30_1",0.00018,0.03,0.000886107353012487,"Tomato_30_1_26_Scenario_1A",26
1745,1777,16,2.6618,7.0007,-15.3346,2.7079,6.9328,-15.5169,0.1887,0.199922259891188,0.4314,0.3922,0.1961,22.5489,2,-17.5086,"Tomato_30_1",0.00018,0.03,0.000674802649268055,"Tomato_30_1_26_Scenario_1A",26
1750,1778,22,0.5041,4.8972,-15.8816,0.4867,4.9188,-16.0797,0.1887,0.200032322388156,0.4314,0.3922,0.1961,22.5504,2,-16.9458,"Tomato_30_1",0.00018,0.03,0.000548804704492908,"Tomato_30_1_26_Scenario_1A",26
1760,1779,27,-0.6083,2.6448,-15.5352,-0.6503,2.795,-15.6604,0.1887,0.199997699986774,0.4314,0.3922,0.1961,22.5557,2,-17.3651,"Tomato_30_1",0.00018,0.03,0.000581540638373247,"Tomato_30_1_26_Scenario_1A",26
1742,1780,11,-4.3637,7.5309,-15.6383,-4.2712,7.6358,-15.7813,0.1887,0.200023148660349,0.4314,0.3922,0.1961,22.5629,2,-17.2442,"Tomato_30_1",0.00018,0.03,0.000674172711015301,"Tomato_30_1_26_Scenario_1A",26
1739,1781,7,-8.2659,0.5588,-14.8946,-8.2916,0.6873,-15.0457,0.1887,0.200009874756223,0.4314,0.3922,0.1961,22.5658,2,-17.9798,"Tomato_30_1",0.00018,0.03,0.000713492505294379,"Tomato_30_1_26_Scenario_1A",26
1755,1782,21,-2.0752,1.8502,-18.2437,-2.0461,1.8492,-18.4416,0.1887,0.200030547667101,0.4314,0.3922,0.1961,22.5662,2,-14.5839,"Tomato_30_1",0.00018,0.03,0.000553338877828675,"Tomato_30_1_26_Scenario_1A",26
1744,1783,9,4.345,4.1416,-17.4502,4.4054,4.1285,-17.6404,0.1887,0.199989524725673,0.4314,0.3922,0.1961,22.5804,2,-15.3851,"Tomato_30_1",0.00018,0.03,0.000700985381298777,"Tomato_30_1_26_Scenario_1A",26
1741,1784,8,4.4567,-10.1781,-15.1715,4.4902,-10.2481,-15.3559,0.1887,0.200064014755278,0.4314,0.3922,0.1961,22.5817,2,-17.6696,"Tomato_30_1",0.00018,0.03,0.000703724362860698,"Tomato_30_1_26_Scenario_1A",26
1759,1785,18,-2.0065,1.0776,-17.7936,-2.0106,1.0752,-17.9935,0.1887,0.199956445257461,0.4314,0.3922,0.1961,22.6054,2,-15.032,"Tomato_30_1",0.00018,0.03,0.000680737417370021,"Tomato_30_1_26_Scenario_1A",26
1748,1786,10,-7.685,-5.7696,-16.8373,-7.7412,-5.8462,-17.0132,0.1887,0.199917007780731,0.4314,0.3922,0.1961,22.608,2,-16.0123,"Tomato_30_1",0.00018,0.03,0.000699854179449131,"Tomato_30_1_26_Scenario_1A",26
1754,1787,12,-2.645,-4.5595,-17.3958,-2.5747,-4.548,-17.5826,0.1887,0.199921434568681,0.4314,0.3922,0.1961,22.6114,2,-15.4429,"Tomato_30_1",0.00018,0.03,0.000684302707106207,"Tomato_30_1_26_Scenario_1A",26
1765,1788,25,-2.6837,2.6317,-16.5891,-2.7112,2.7034,-16.7738,0.1887,0.200028073029765,0.4314,0.3922,0.1961,22.6126,2,-16.2517,"Tomato_30_1",0.00018,0.03,0.000534406812520486,"Tomato_30_1_26_Scenario_1A",26
1769,1789,29,-0.3709,1.0762,-15.0931,-0.3496,1.1843,-15.26,0.1887,0.19998727459516,0.4314,0.3922,0.1961,22.6213,2,-17.7655,"Tomato_30_1",0.00018,0.03,0.000858527244859461,"Tomato_30_1_26_Scenario_1A",26
1771,1790,28,1.733,1.8368,-13.8686,1.8657,1.9842,-13.843,0.1887,0.199978523846937,0.4314,0.3922,0.1961,22.6245,2,-19.1825,"Tomato_30_1",0.00018,0.03,0.000813762226483889,"Tomato_30_1_26_Scenario_1A",26
138,1791,0,-0.2747,0.0055,-24.6655,-0.2732,0.0023,-24.8655,0.1887,0.200031222562878,0.4314,0.3922,0.1961,22.6258,1,-8.16,"Tomato_30_1",0.00018,0.03,0.00094769341874938,"Tomato_30_1_26_Scenario_1A",26
1776,1792,30,0.2561,-0.1258,-14.6363,0.4187,-0.1179,-14.7525,0.1887,0.200009024796382,0.4314,0.3922,0.1961,22.6439,2,-18.273,"Tomato_30_1",0.00018,0.03,0.000879209832657694,"Tomato_30_1_26_Scenario_1A",26
1740,1793,2,0.7808,-3.5727,-17.61,0.7653,-3.5254,-17.8037,0.1887,0.199993074880107,0.4314,0.3922,0.1961,22.65,2,-15.2218,"Tomato_30_1",0.00018,0.03,0.000772177064791817,"Tomato_30_1_26_Scenario_1A",26
1762,1794,14,-9.5831,2.5988,-13.6253,-9.7244,2.6668,-13.7494,0.1887,0.199976248589676,0.4314,0.3922,0.1961,22.6545,2,-19.2761,"Tomato_30_1",0.00018,0.03,0.000691535436659719,"Tomato_30_1_26_Scenario_1A",26
1764,1795,15,2.8993,-4.1722,-19.3652,2.8626,-4.1619,-19.5616,0.1887,0.200064839489599,0.4314,0.3922,0.1961,22.6554,2,-13.4639,"Tomato_30_1",0.00018,0.03,0.000657983684048492,"Tomato_30_1_26_Scenario_1A",26
1756,1796,4,2.7037,1.2046,-20.9495,2.6729,1.2234,-21.1463,0.1887,0.20008078368499,0.4314,0.3922,0.1961,22.6582,2,-11.8792,"Tomato_30_1",0.00018,0.03,0.000700064603282943,"Tomato_30_1_26_Scenario_1A",26
1774,1797,26,2.6598,-2.8204,-13.9577,2.6941,-2.9387,-14.1153,0.1887,0.200022848694842,0.4314,0.3922,0.1961,22.6593,2,-18.9102,"Tomato_30_1",0.00018,0.03,0.000568853989982875,"Tomato_30_1_26_Scenario_1A",26
139,1798,0,-0.2732,0.0023,-24.8655,-0.2729,0.0021,-24.8905,0.1887,0.0250025998648126,0.4314,0.3922,0.1961,22.6599,1,-8.135,"Tomato_30_1",0.00018,0.03,0.000115254919479231,"Tomato_30_1_26_Scenario_1A",26
1779,1799,27,-0.6503,2.795,-15.6604,-0.6553,2.9462,-15.7913,0.1887,0.20005311794621,0.4314,0.3922,0.1961,22.66,2,-17.2342,"Tomato_30_1",0.00018,0.03,0.000577267582094142,"Tomato_30_1_26_Scenario_1A",26
1772,1800,23,-3.771,0.5159,-16.4424,-3.7709,0.5108,-16.6424,0.1887,0.200065039424682,0.4314,0.3922,0.1961,22.6626,2,-16.3831,"Tomato_30_1",0.00018,0.03,0.00054277966307593,"Tomato_30_1_26_Scenario_1A",26
1757,1801,6,-0.9381,2.5869,-19.2535,-0.949,2.5921,-19.4531,0.1887,0.199965021941339,0.4314,0.3922,0.1961,22.6635,2,-13.5724,"Tomato_30_1",0.00018,0.03,0.000722028126632894,"Tomato_30_1_26_Scenario_1A",26
1775,1802,24,5.0302,1.5281,-13.6133,5.1901,1.4311,-13.6841,0.1887,0.199974123325995,0.4314,0.3922,0.1961,22.6646,2,-19.3414,"Tomato_30_1",0.00018,0.03,0.000531202556087815,"Tomato_30_1_26_Scenario_1A",26
1767,1803,19,-0.7649,-6.2808,-14.9791,-0.7162,-6.3206,-15.169,0.1887,0.200044345083784,0.4314,0.3922,0.1961,22.6672,2,-17.8565,"Tomato_30_1",0.00018,0.03,0.000653133229109572,"Tomato_30_1_26_Scenario_1A",26
1773,1804,20,-3.7302,-1.2233,-17.2096,-3.7273,-1.2308,-17.4094,0.1887,0.199961746341647,0.4314,0.3922,0.1961,22.6696,2,-15.6161,"Tomato_30_1",0.00018,0.03,0.000585822807159722,"Tomato_30_1_26_Scenario_1A",26
1768,1805,17,1.8356,-1.6578,-18.8424,1.875,-1.7707,-19.0027,0.1887,0.199987149587167,0.4314,0.3922,0.1961,22.6732,2,-14.0228,"Tomato_30_1",0.00018,0.03,0.000677471775733573,"Tomato_30_1_26_Scenario_1A",26
1778,1806,22,0.4867,4.9188,-16.0797,0.4705,4.9313,-16.2786,0.1887,0.199949743685759,0.4314,0.3922,0.1961,22.6809,2,-16.7469,"Tomato_30_1",0.00018,0.03,0.000545168629896969,"Tomato_30_1_26_Scenario_1A",26
1763,1807,5,-3.6268,-1.3111,-19.9285,-3.6207,-1.2849,-20.1267,0.1887,0.200017224258312,0.4314,0.3922,0.1961,22.6837,2,-12.8988,"Tomato_30_1",0.00018,0.03,0.000688544424428172,"Tomato_30_1_26_Scenario_1A",26
1782,1808,21,-2.0461,1.8492,-18.4416,-2.0522,1.8397,-18.6413,0.1887,0.20001887410942,0.4314,0.3922,0.1961,22.697,2,-14.3842,"Tomato_30_1",0.00018,0.03,0.000549867100078278,"Tomato_30_1_26_Scenario_1A",26
1761,1809,3,5.7592,4.2529,-16.7487,5.8642,4.304,-16.9111,0.1887,0.200024923447056,0.4314,0.3922,0.1961,22.6995,2,-16.1144,"Tomato_30_1",0.00018,0.03,0.000733535256152609,"Tomato_30_1_26_Scenario_1A",26
1777,1810,16,2.7079,6.9328,-15.5169,2.7835,6.8685,-15.6906,0.1887,0.200053842752395,0.4314,0.3922,0.1961,22.7065,2,-17.3349,"Tomato_30_1",0.00018,0.03,0.00067172554253752,"Tomato_30_1_26_Scenario_1A",26
1770,1811,13,2.3246,-0.8436,-18.2888,2.2861,-0.8943,-18.4784,0.1887,0.200002249987346,0.4314,0.3922,0.1961,22.7086,2,-14.5471,"Tomato_30_1",0.00018,0.03,0.000702156560307666,"Tomato_30_1_26_Scenario_1A",26
1790,1812,28,1.8657,1.9842,-13.843,1.9869,2.143,-13.8514,0.1887,0.199943592045357,0.4314,0.3922,0.1961,22.7234,2,-19.1741,"Tomato_30_1",0.00018,0.03,0.000807238951912746,"Tomato_30_1_26_Scenario_1A",26
1788,1813,25,-2.7112,2.7034,-16.7738,-2.735,2.7681,-16.9616,0.1887,0.200053417866328,0.4314,0.3922,0.1961,22.7255,2,-16.0639,"Tomato_30_1",0.00018,0.03,0.000530767943918892,"Tomato_30_1_26_Scenario_1A",26
1789,1814,29,-0.3496,1.1843,-15.26,-0.3202,1.2751,-15.4358,0.1887,0.200036596651713,0.4314,0.3922,0.1961,22.7257,2,-17.5897,"Tomato_30_1",0.00018,0.03,0.000852387385550565,"Tomato_30_1_26_Scenario_1A",26
1766,1815,1,-4.1089,-4.5581,-18.6893,-4.1436,-4.5492,-18.886,0.1887,0.199935464587951,0.4314,0.3922,0.1961,22.7396,2,-14.1395,"Tomato_30_1",0.00018,0.03,0.000674756903116127,"Tomato_30_1_26_Scenario_1A",26
1780,1816,11,-4.2712,7.6358,-15.7813,-4.2094,7.7683,-15.9177,0.1887,0.199951119026627,0.4314,0.3922,0.1961,22.7407,2,-17.1078,"Tomato_30_1",0.00018,0.03,0.000670764191315379,"Tomato_30_1_26_Scenario_1A",26
1792,1817,30,0.4187,-0.1179,-14.7525,0.5777,-0.118,-14.874,0.1887,0.200108120774746,0.4314,0.3922,0.1961,22.7421,2,-18.1515,"Tomato_30_1",0.00018,0.03,0.000872743052708106,"Tomato_30_1_26_Scenario_1A",26
1785,1818,18,-2.0106,1.0752,-17.9935,-2.0154,1.0754,-18.1935,0.1887,0.200057691679175,0.4314,0.3922,0.1961,22.7605,2,-14.832,"Tomato_30_1",0.00018,0.03,0.000677530216490306,"Tomato_30_1_26_Scenario_1A",26
1799,1819,27,-0.6553,2.9462,-15.7913,-0.6529,3.1008,-15.9181,0.1887,0.199962896558337,0.4314,0.3922,0.1961,22.7651,2,-17.1074,"Tomato_30_1",0.00018,0.03,0.000572739633427478,"Tomato_30_1_26_Scenario_1A",26
1783,1820,9,4.4054,4.1285,-17.6404,4.4802,4.1249,-17.8258,0.1887,0.19995289445267,0.4314,0.3922,0.1961,22.7726,2,-15.1997,"Tomato_30_1",0.00018,0.03,0.000697748851426316,"Tomato_30_1_26_Scenario_1A",26
1781,1821,7,-8.2916,0.6873,-15.0457,-8.3445,0.8059,-15.1978,0.1887,0.199996949976744,0.4314,0.3922,0.1961,22.7728,2,-17.8277,"Tomato_30_1",0.00018,0.03,0.000710661330318941,"Tomato_30_1_26_Scenario_1A",26
1797,1822,26,2.6941,-2.9387,-14.1153,2.7221,-3.06,-14.2718,0.1887,0.199974848418496,0.4314,0.3922,0.1961,22.7767,2,-18.7537,"Tomato_30_1",0.00018,0.03,0.000564908523710967,"Tomato_30_1_26_Scenario_1A",26
1784,1823,8,4.4902,-10.2481,-15.3559,4.4764,-10.2968,-15.5494,0.1887,0.20001094970026,0.4314,0.3922,0.1961,22.7847,2,-17.4761,"Tomato_30_1",0.00018,0.03,0.000700602957164982,"Tomato_30_1_26_Scenario_1A",26
1802,1824,24,5.1901,1.4311,-13.6841,5.3295,1.3257,-13.7814,0.1887,0.200022023787382,0.4314,0.3922,0.1961,22.7867,2,-19.2441,"Tomato_30_1",0.00018,0.03,0.000527898504611686,"Tomato_30_1_26_Scenario_1A",26
1787,1825,12,-2.5747,-4.548,-17.5826,-2.4772,-4.5563,-17.7571,0.1887,0.200063464930508,0.4314,0.3922,0.1961,22.7926,2,-15.2684,"Tomato_30_1",0.00018,0.03,0.000681751587494306,"Tomato_30_1_26_Scenario_1A",26
1800,1826,23,-3.7709,0.5108,-16.6424,-3.7603,0.5092,-16.8421,0.1887,0.199987524610912,0.4314,0.3922,0.1961,22.7941,2,-16.1834,"Tomato_30_1",0.00018,0.03,0.000539329989239216,"Tomato_30_1_26_Scenario_1A",26
1786,1827,10,-7.7412,-5.8462,-17.0132,-7.8126,-5.8822,-17.1966,0.1887,0.200073786388921,0.4314,0.3922,0.1961,22.8041,2,-15.8289,"Tomato_30_1",0.00018,0.03,0.000697481934717836,"Tomato_30_1_26_Scenario_1A",26
1804,1828,20,-3.7273,-1.2308,-17.4094,-3.7242,-1.2373,-17.6093,0.1887,0.200029672798812,0.4314,0.3922,0.1961,22.807,2,-15.4162,"Tomato_30_1",0.00018,0.03,0.000582669244303299,"Tomato_30_1_26_Scenario_1A",26
1806,1829,22,0.4705,4.9313,-16.2786,0.4669,4.9215,-16.4783,0.1887,0.199972723139932,0.4314,0.3922,0.1961,22.8125,2,-16.5472,"Tomato_30_1",0.00018,0.03,0.00054197699609802,"Tomato_30_1_26_Scenario_1A",26
1795,1830,15,2.8626,-4.1619,-19.5616,2.8162,-4.149,-19.7557,0.1887,0.199985449470708,0.4314,0.3922,0.1961,22.813,2,-13.2698,"Tomato_30_1",0.00018,0.03,0.000654461374687431,"Tomato_30_1_26_Scenario_1A",26
1812,1831,28,1.9869,2.143,-13.8514,2.1078,2.3006,-13.8749,0.1887,0.200017049273306,0.4314,0.3922,0.1961,22.8229,2,-19.1506,"Tomato_30_1",0.00018,0.03,0.000801381181563047,"Tomato_30_1_26_Scenario_1A",26
1803,1832,19,-0.7162,-6.3206,-15.169,-0.6853,-6.3343,-15.3661,0.1887,0.199977273708788,0.4314,0.3922,0.1961,22.8246,2,-17.6594,"Tomato_30_1",0.00018,0.03,0.000649509111258039,"Tomato_30_1_26_Scenario_1A",26
1794,1833,14,-9.7244,2.6668,-13.7494,-9.8633,2.7435,-13.8711,0.1887,0.199967472354882,0.4314,0.3922,0.1961,22.8248,2,-19.1544,"Tomato_30_1",0.00018,0.03,0.000688256964134074,"Tomato_30_1_26_Scenario_1A",26
1808,1834,21,-2.0522,1.8397,-18.6413,-2.0615,1.8478,-18.8409,0.1887,0.199980649063853,0.4314,0.3922,0.1961,22.829,2,-14.1846,"Tomato_30_1",0.00018,0.03,0.000546480065040868,"Tomato_30_1_26_Scenario_1A",26
1814,1835,29,-0.3202,1.2751,-15.4358,-0.2841,1.3603,-15.6131,0.1887,0.19999384990544,0.4314,0.3922,0.1961,22.8308,2,-17.4124,"Tomato_30_1",0.00018,0.03,0.000846097422262548,"Tomato_30_1_26_Scenario_1A",26
1805,1836,17,1.875,-1.7707,-19.0027,1.9459,-1.8744,-19.1584,0.1887,0.200057466743933,0.4314,0.3922,0.1961,22.8323,2,-13.8671,"Tomato_30_1",0.00018,0.03,0.000674349707608715,"Tomato_30_1_26_Scenario_1A",26
1813,1837,25,-2.735,2.7681,-16.9616,-2.7547,2.8337,-17.1494,0.1887,0.199900700348948,0.4314,0.3922,0.1961,22.8392,2,-15.8761,"Tomato_30_1",0.00018,0.03,0.000526811089868897,"Tomato_30_1_26_Scenario_1A",26
1817,1838,30,0.5777,-0.118,-14.874,0.7371,-0.1155,-14.9947,0.1887,0.1999577455364,0.4314,0.3922,0.1961,22.8409,2,-18.0308,"Tomato_30_1",0.00018,0.03,0.000865439125132148,"Tomato_30_1_26_Scenario_1A",26
1810,1839,16,2.7835,6.8685,-15.6906,2.9182,6.8021,-15.8227,0.1887,0.200008649812951,0.4314,0.3922,0.1961,22.8658,2,-17.2028,"Tomato_30_1",0.00018,0.03,0.000668243718230102,"Tomato_30_1_26_Scenario_1A",26
1819,1840,27,-0.6529,3.1008,-15.9181,-0.6805,3.2539,-16.0439,0.1887,0.200067513604783,0.4314,0.3922,0.1961,22.871,2,-16.9816,"Tomato_30_1",0.00018,0.03,0.000568932384797714,"Tomato_30_1_26_Scenario_1A",26
1796,1841,4,2.6729,1.2234,-21.1463,2.6556,1.2339,-21.3452,0.1887,0.199926861626944,0.4314,0.3922,0.1961,22.8718,2,-11.6803,"Tomato_30_1",0.00018,0.03,0.000696795391323853,"Tomato_30_1_26_Scenario_1A",26
121,1842,31,-0.3043,-0.056,-14.7907,-0.1935,-0.1955,-14.8816,0.1887,0.199999249998594,0.4314,0.3922,0.1961,22.8735,2,-18.1439,"Tomato_30_1",0.00018,0.03,0.000895807047575955,"Tomato_30_1_26_Scenario_1A",26
1807,1843,5,-3.6207,-1.2849,-20.1267,-3.6111,-1.2688,-20.3258,0.1887,0.199980449044402,0.4314,0.3922,0.1961,22.8806,2,-12.6997,"Tomato_30_1",0.00018,0.03,0.000685546657249753,"Tomato_30_1_26_Scenario_1A",26
1801,1844,6,-0.949,2.5921,-19.4531,-0.9585,2.5974,-19.6528,0.1887,0.199996074961485,0.4314,0.3922,0.1961,22.8824,2,-13.3727,"Tomato_30_1",0.00018,0.03,0.000719516022466902,"Tomato_30_1_26_Scenario_1A",26
1811,1845,13,2.2861,-0.8943,-18.4784,2.2518,-0.9524,-18.6667,0.1887,0.200022473737326,0.4314,0.3922,0.1961,22.8937,2,-14.3588,"Tomato_30_1",0.00018,0.03,0.0006991126733336,"Tomato_30_1_26_Scenario_1A",26
1822,1846,26,2.7221,-3.06,-14.2718,2.7452,-3.1783,-14.4315,0.1887,0.200081458411317,0.4314,0.3922,0.1961,22.895,2,-18.594,"Tomato_30_1",0.00018,0.03,0.000561559020557083,"Tomato_30_1_26_Scenario_1A",26
1824,1847,24,5.3295,1.3257,-13.7814,5.4698,1.2171,-13.8737,0.1887,0.19999334988944,0.4314,0.3922,0.1961,22.9099,2,-19.1518,"Tomato_30_1",0.00018,0.03,0.000524542063405903,"Tomato_30_1_26_Scenario_1A",26
1818,1848,18,-2.0154,1.0754,-18.1935,-2.0212,1.0758,-18.3934,0.1887,0.199984524401264,0.4314,0.3922,0.1961,22.9171,2,-14.6321,"Tomato_30_1",0.00018,0.03,0.000673924332598687,"Tomato_30_1_26_Scenario_1A",26
1816,1849,11,-4.2094,7.7683,-15.9177,-4.1605,7.8924,-16.0668,0.1887,0.200057066858435,0.4314,0.3922,0.1961,22.9208,2,-16.9587,"Tomato_30_1",0.00018,0.03,0.000668142903880374,"Tomato_30_1_26_Scenario_1A",26
1831,1850,28,2.1078,2.3006,-13.8749,2.2424,2.4484,-13.8816,0.1887,0.200017224258312,0.4314,0.3922,0.1961,22.9231,2,-19.1439,"Tomato_30_1",0.00018,0.03,0.000795454454497622,"Tomato_30_1_26_Scenario_1A",26
1826,1851,23,-3.7603,0.5092,-16.8421,-3.7642,0.5079,-17.042,0.1887,0.199942266667159,0.4314,0.3922,0.1961,22.9268,2,-15.9835,"Tomato_30_1",0.00018,0.03,0.000536123697589696,"Tomato_30_1_26_Scenario_1A",26
140,1852,0,-0.2729,0.0021,-24.8905,-0.2619,0.0059,-25.0902,0.1887,0.20003882123228,0.4314,0.3922,0.1961,22.9327,1,-7.9353,"Tomato_30_1",0.00018,0.03,0.000938738209086295,"Tomato_30_1_26_Scenario_1A",26
1793,1853,2,0.7653,-3.5254,-17.8037,0.7481,-3.4835,-17.9985,0.1887,0.199996224964373,0.4314,0.3922,0.1961,22.9366,2,-15.027,"Tomato_30_1",0.00018,0.03,0.00077001573240022,"Tomato_30_1_26_Scenario_1A",26
1835,1854,29,-0.2841,1.3603,-15.6131,-0.2493,1.4501,-15.7884,0.1887,0.200012924582388,0.4314,0.3922,0.1961,22.9367,2,-17.2371,"Tomato_30_1",0.00018,0.03,0.000840310895844468,"Tomato_30_1_26_Scenario_1A",26
1809,1855,3,5.8642,4.304,-16.9111,5.969,4.3539,-17.074,0.1887,0.200023648601859,0.4314,0.3922,0.1961,22.9399,2,-15.9515,"Tomato_30_1",0.00018,0.03,0.000731063435477695,"Tomato_30_1_26_Scenario_1A",26
1838,1856,30,0.7371,-0.1155,-14.9947,0.8961,-0.0935,-15.1141,0.1887,0.200053392873003,0.4314,0.3922,0.1961,22.9403,2,-17.9114,"Tomato_30_1",0.00018,0.03,0.000859449182585972,"Tomato_30_1_26_Scenario_1A",26
1829,1857,22,0.4669,4.9215,-16.4783,0.4657,4.8892,-16.6757,0.1887,0.20002872293748,0.4314,0.3922,0.1961,22.9452,2,-16.3498,"Tomato_30_1",0.00018,0.03,0.000539027183585898,"Tomato_30_1_26_Scenario_1A",26
1828,1858,20,-3.7242,-1.2373,-17.6093,-3.7165,-1.2441,-17.809,0.1887,0.199964046768413,0.4314,0.3922,0.1961,22.9457,2,-15.2165,"Tomato_30_1",0.00018,0.03,0.000579292331545276,"Tomato_30_1_26_Scenario_1A",26
1837,1859,25,-2.7547,2.8337,-17.1494,-2.7747,2.9151,-17.3311,0.1887,0.200102098939516,0.4314,0.3922,0.1961,22.9539,2,-15.6944,"Tomato_30_1",0.00018,0.03,0.000523936238228339,"Tomato_30_1_26_Scenario_1A",26
1834,1860,21,-2.0615,1.8478,-18.8409,-2.0787,1.8509,-19.0401,0.1887,0.19996522197622,0.4314,0.3922,0.1961,22.9624,2,-13.9854,"Tomato_30_1",0.00018,0.03,0.000543312113918451,"Tomato_30_1_26_Scenario_1A",26
1820,1861,9,4.4802,4.1249,-17.8258,4.553,4.1212,-18.0121,0.1887,0.200053042966109,0.4314,0.3922,0.1961,22.9671,2,-15.0134,"Tomato_30_1",0.00018,0.03,0.00069518679094041,"Tomato_30_1_26_Scenario_1A",26
1830,1862,15,2.8162,-4.149,-19.7557,2.7558,-4.1076,-19.9418,0.1887,0.199988324659216,0.4314,0.3922,0.1961,22.9724,2,-13.0837,"Tomato_30_1",0.00018,0.03,0.000651396389252421,"Tomato_30_1_26_Scenario_1A",26
1842,1863,31,-0.1935,-0.1955,-14.8816,-0.1086,-0.3393,-14.9916,0.1887,0.199966122130725,0.4314,0.3922,0.1961,22.9731,2,-18.0339,"Tomato_30_1",0.00018,0.03,0.00088903511581899,"Tomato_30_1_26_Scenario_1A",26
1815,1864,1,-4.1436,-4.5492,-18.886,-4.157,-4.5253,-19.0842,0.1887,0.200085006934553,0.4314,0.3922,0.1961,22.976,2,-13.9413,"Tomato_30_1",0.00018,0.03,0.000672990566011147,"Tomato_30_1_26_Scenario_1A",26
1825,1865,12,-2.4772,-4.5563,-17.7571,-2.4251,-4.5897,-17.9473,0.1887,0.200015024435663,0.4314,0.3922,0.1961,22.9763,2,-15.0782,"Tomato_30_1",0.00018,0.03,0.000678743263416594,"Tomato_30_1_26_Scenario_1A",26
1840,1866,27,-0.6805,3.2539,-16.0439,-0.7111,3.4118,-16.1627,0.1887,0.199955520053836,0.4314,0.3922,0.1961,22.9776,2,-16.8628,"Tomato_30_1",0.00018,0.03,0.000564671197396333,"Tomato_30_1_26_Scenario_1A",26
1821,1867,7,-8.3445,0.8059,-15.1978,-8.3775,0.9449,-15.3377,0.1887,0.199955019941985,0.4314,0.3922,0.1961,22.9827,2,-17.6878,"Tomato_30_1",0.00018,0.03,0.000707930380994832,"Tomato_30_1_26_Scenario_1A",26
1832,1868,19,-0.6853,-6.3343,-15.3661,-0.6498,-6.3594,-15.5613,0.1887,0.199983249298535,0.4314,0.3922,0.1961,22.9837,2,-17.4642,"Tomato_30_1",0.00018,0.03,0.000646308617046594,"Tomato_30_1_26_Scenario_1A",26
1823,1869,8,4.4764,-10.2968,-15.5494,4.4785,-10.2972,-15.7494,0.1887,0.200011424673691,0.4314,0.3922,0.1961,22.9906,2,-17.2761,"Tomato_30_1",0.00018,0.03,0.000697869653853757,"Tomato_30_1_26_Scenario_1A",26
1836,1870,17,1.9459,-1.8744,-19.1584,1.9935,-1.9857,-19.3176,0.1887,0.199995224942996,0.4314,0.3922,0.1961,22.9932,2,-13.7079,"Tomato_30_1",0.00018,0.03,0.000670972479963986,"Tomato_30_1_26_Scenario_1A",26
1833,1871,14,-9.8633,2.7435,-13.8711,-9.9995,2.8125,-14.0003,0.1887,0.200010199739912,0.4314,0.3922,0.1961,22.9968,2,-19.0252,"Tomato_30_1",0.00018,0.03,0.000685350797782729,"Tomato_30_1_26_Scenario_1A",26
1827,1872,10,-7.8126,-5.8822,-17.1966,-7.8922,-5.8753,-17.3799,0.1887,0.199956645300924,0.4314,0.3922,0.1961,23.0031,2,-15.6456,"Tomato_30_1",0.00018,0.03,0.000694352260757492,"Tomato_30_1_26_Scenario_1A",26
1846,1873,26,2.7452,-3.1783,-14.4315,2.7733,-3.3089,-14.5802,0.1887,0.199894121974609,0.4314,0.3922,0.1961,23.0142,2,-18.4453,"Tomato_30_1",0.00018,0.03,0.000557546345553847,"Tomato_30_1_26_Scenario_1A",26
1850,1874,28,2.2424,2.4484,-13.8816,2.3915,2.5816,-13.8785,0.1887,0.199956645300925,0.4314,0.3922,0.1961,23.0239,2,-19.147,"Tomato_30_1",0.00018,0.03,0.00078951506566731,"Tomato_30_1_26_Scenario_1A",26
1839,1875,16,2.9182,6.8021,-15.8227,3.0502,6.7871,-15.9722,0.1887,0.199998124991212,0.4314,0.3922,0.1961,23.0268,2,-17.0533,"Tomato_30_1",0.00018,0.03,0.000665069281804013,"Tomato_30_1_26_Scenario_1A",26
1847,1876,24,5.4698,1.2171,-13.8737,5.6171,1.1152,-13.9627,0.1887,0.200004749943595,0.4314,0.3922,0.1961,23.0341,2,-19.0628,"Tomato_30_1",0.00018,0.03,0.000521440429438793,"Tomato_30_1_26_Scenario_1A",26
1856,1877,30,0.8961,-0.0935,-15.1141,1.0394,-0.0521,-15.2472,0.1887,0.199911130255421,0.4314,0.3922,0.1961,23.0404,2,-17.7783,"Tomato_30_1",0.00018,0.03,0.000852683730678593,"Tomato_30_1_26_Scenario_1A",26
1854,1878,29,-0.2493,1.4501,-15.7884,-0.1752,1.5373,-15.9525,0.1887,0.200058641402966,0.4314,0.3922,0.1961,23.0434,2,-17.073,"Tomato_30_1",0.00018,0.03,0.000834872691401717,"Tomato_30_1_26_Scenario_1A",26
1851,1879,23,-3.7642,0.5079,-17.042,-3.7701,0.5097,-17.2419,0.1887,0.199995149941192,0.4314,0.3922,0.1961,23.0607,2,-15.7836,"Tomato_30_1",0.00018,0.03,0.000533332941167874,"Tomato_30_1_26_Scenario_1A",26
1859,1880,25,-2.7747,2.9151,-17.3311,-2.7561,2.9418,-17.5284,0.1887,0.199965346997926,0.4314,0.3922,0.1961,23.0695,2,-15.4971,"Tomato_30_1",0.00018,0.03,0.000520323348071379,"Tomato_30_1_26_Scenario_1A",26
1863,1881,31,-0.1086,-0.3393,-14.9916,-0.037,-0.4899,-15.1021,0.1887,0.200042920394599,0.4314,0.3922,0.1961,23.0735,2,-17.9234,"Tomato_30_1",0.00018,0.03,0.000883002827614451,"Tomato_30_1_26_Scenario_1A",26
1848,1882,18,-2.0212,1.0758,-18.3934,-2.0273,1.0766,-18.5933,0.1887,0.199994649928441,0.4314,0.3922,0.1961,23.0752,2,-14.4322,"Tomato_30_1",0.00018,0.03,0.000670792506718435,"Tomato_30_1_26_Scenario_1A",26
1857,1883,22,0.4657,4.8892,-16.6757,0.5188,4.836,-16.861,0.1887,0.199964846910652,0.4314,0.3922,0.1961,23.079,2,-16.1645,"Tomato_30_1",0.00018,0.03,0.000535907844335889,"Tomato_30_1_26_Scenario_1A",26
1843,1884,5,-3.6111,-1.2688,-20.3258,-3.6087,-1.2178,-20.5192,0.1887,0.200025798336115,0.4314,0.3922,0.1961,23.0797,2,-12.5063,"Tomato_30_1",0.00018,0.03,0.000683025367658383,"Tomato_30_1_26_Scenario_1A",26
1845,1885,13,2.2518,-0.9524,-18.6667,2.2228,-1.0184,-18.8532,0.1887,0.199948118270718,0.4314,0.3922,0.1961,23.0811,2,-14.1723,"Tomato_30_1",0.00018,0.03,0.000695938321925941,"Tomato_30_1_26_Scenario_1A",26
1866,1886,27,-0.7111,3.4118,-16.1627,-0.754,3.5653,-16.2836,0.1887,0.200048669078302,0.4314,0.3922,0.1961,23.0851,2,-16.7419,"Tomato_30_1",0.00018,0.03,0.000561150665162647,"Tomato_30_1_26_Scenario_1A",26
1858,1887,20,-3.7165,-1.2441,-17.809,-3.7008,-1.2571,-18.008,0.1887,0.200041220752122,0.4314,0.3922,0.1961,23.0857,2,-15.0175,"Tomato_30_1",0.00018,0.03,0.000576493750535718,"Tomato_30_1_26_Scenario_1A",26
1841,1888,4,2.6556,1.2339,-21.3452,2.6447,1.2251,-21.5447,0.1887,0.199991249808586,0.4314,0.3922,0.1961,23.0885,2,-11.4808,"Tomato_30_1",0.00018,0.03,0.000694487182549161,"Tomato_30_1_26_Scenario_1A",26
1860,1889,21,-2.0787,1.8509,-19.0401,-2.0983,1.8626,-19.2388,0.1887,0.2000068498827,0.4314,0.3922,0.1961,23.0971,2,-13.7867,"Tomato_30_1",0.00018,0.03,0.000540453182597249,"Tomato_30_1_26_Scenario_1A",26
1849,1890,11,-4.1605,7.8924,-16.0668,-4.1127,8.0244,-16.2092,0.1887,0.199966497193904,0.4314,0.3922,0.1961,23.1033,2,-16.8163,"Tomato_30_1",0.00018,0.03,0.000665054995252344,"Tomato_30_1_26_Scenario_1A",26
1844,1891,6,-0.9585,2.5974,-19.6528,-0.9653,2.6153,-19.8519,0.1887,0.200018649130526,0.4314,0.3922,0.1961,23.1047,2,-13.1736,"Tomato_30_1",0.00018,0.03,0.000717177127702809,"Tomato_30_1_26_Scenario_1A",26
1874,1892,28,2.3915,2.5816,-13.8785,2.5525,2.7,-13.8876,0.1887,0.200055917183172,0.4314,0.3922,0.1961,23.1255,2,-19.1379,"Tomato_30_1",0.00018,0.03,0.000784429976466453,"Tomato_30_1_26_Scenario_1A",26
1862,1893,15,2.7558,-4.1076,-19.9418,2.7662,-4.0134,-20.1179,0.1887,0.199982524236493,0.4314,0.3922,0.1961,23.1337,2,-12.9076,"Tomato_30_1",0.00018,0.03,0.000648488542054847,"Tomato_30_1_26_Scenario_1A",26
1873,1894,26,2.7733,-3.3089,-14.5802,2.8056,-3.4518,-14.7164,0.1887,0.200035346876496,0.4314,0.3922,0.1961,23.1343,2,-18.3091,"Tomato_30_1",0.00018,0.03,0.000554610045425276,"Tomato_30_1_26_Scenario_1A",26
1877,1895,30,1.0394,-0.0521,-15.2472,1.1748,-0.0122,-15.3889,0.1887,0.200010149742457,0.4314,0.3922,0.1961,23.1412,2,-17.6366,"Tomato_30_1",0.00018,0.03,0.000847192121288175,"Tomato_30_1_26_Scenario_1A",26
1868,1896,19,-0.6498,-6.3594,-15.5613,-0.6216,-6.3398,-15.7584,0.1887,0.200069512919886,0.4314,0.3922,0.1961,23.1443,2,-17.2671,"Tomato_30_1",0.00018,0.03,0.000643549396834419,"Tomato_30_1_26_Scenario_1A",26
1878,1897,29,-0.1752,1.5373,-15.9525,-0.0883,1.6735,-16.0704,0.1887,0.200006149905446,0.4314,0.3922,0.1961,23.1509,2,-16.9551,"Tomato_30_1",0.00018,0.03,0.000829262513884131,"Tomato_30_1_26_Scenario_1A",26
1870,1898,17,1.9935,-1.9857,-19.3176,2.0389,-2.1254,-19.4533,0.1887,0.199979348933834,0.4314,0.3922,0.1961,23.1559,2,-13.5722,"Tomato_30_1",0.00018,0.03,0.000667943577203678,"Tomato_30_1_26_Scenario_1A",26
1876,1899,24,5.6171,1.1152,-13.9627,5.7527,1.0322,-14.084,0.1887,0.199975123452893,0.4314,0.3922,0.1961,23.1594,2,-18.9415,"Tomato_30_1",0.00018,0.03,0.000518380606421387,"Tomato_30_1_26_Scenario_1A",26
1865,1900,12,-2.4251,-4.5897,-17.9473,-2.3804,-4.6305,-18.1379,0.1887,0.199977723759423,0.4314,0.3922,0.1961,23.1626,2,-14.8876,"Tomato_30_1",0.00018,0.03,0.000675967691535736,"Tomato_30_1_26_Scenario_1A",26
1861,1901,9,4.553,4.1212,-18.0121,4.6218,4.1218,-18.1999,0.1887,0.200006599891103,0.4314,0.3922,0.1961,23.1638,2,-14.8256,"Tomato_30_1",0.00018,0.03,0.000692311960190637,"Tomato_30_1_26_Scenario_1A",26
1871,1902,14,-9.9995,2.8125,-14.0003,-10.1524,2.8334,-14.1275,0.1887,0.199987649618671,0.4314,0.3922,0.1961,23.1705,2,-18.898,"Tomato_30_1",0.00018,0.03,0.000682415479714902,"Tomato_30_1_26_Scenario_1A",26
1881,1903,31,-0.037,-0.4899,-15.1021,0.047,-0.6353,-15.2106,0.1887,0.199923510373342,0.4314,0.3922,0.1961,23.1745,2,-17.8149,"Tomato_30_1",0.00018,0.03,0.000876357566949399,"Tomato_30_1_26_Scenario_1A",26
141,1904,0,-0.2619,0.0059,-25.0902,-0.2726,0.0059,-25.2727,0.1887,0.182813402134527,0.4314,0.3922,0.1961,23.1837,1,-7.7528,"Tomato_30_1",0.00018,0.03,0.000843910410419929,"Tomato_30_1_26_Scenario_1A",26
1855,1905,3,5.969,4.3539,-17.074,6.0754,4.4225,-17.2288,0.1887,0.199974898424776,0.4314,0.3922,0.1961,23.1841,2,-15.7967,"Tomato_30_1",0.00018,0.03,0.000728627011252065,"Tomato_30_1_26_Scenario_1A",26
1880,1906,25,-2.7561,2.9418,-17.5284,-2.762,2.9312,-17.728,0.1887,0.199968322491339,0.4314,0.3922,0.1961,23.186,2,-15.2975,"Tomato_30_1",0.00018,0.03,0.000517225353651788,"Tomato_30_1_26_Scenario_1A",26
1875,1907,16,3.0502,6.7871,-15.9722,3.1753,6.755,-16.1249,0.1887,0.199994274918058,0.4314,0.3922,0.1961,23.1895,2,-16.9006,"Tomato_30_1",0.00018,0.03,0.000662106624871267,"Tomato_30_1_26_Scenario_1A",26
1886,1908,27,-0.754,3.5653,-16.2836,-0.7868,3.7081,-16.4197,0.1887,0.1999772237031,0.4314,0.3922,0.1961,23.1933,2,-16.6058,"Tomato_30_1",0.00018,0.03,0.00055732744745352,"Tomato_30_1_26_Scenario_1A",26
1867,1909,7,-8.3775,0.9449,-15.3377,-8.4144,1.0893,-15.4712,0.1887,0.200088030626522,0.4314,0.3922,0.1961,23.1956,2,-17.5543,"Tomato_30_1",0.00018,0.03,0.000706018653222047,"Tomato_30_1_26_Scenario_1A",26
1879,1910,23,-3.7701,0.5097,-17.2419,-3.7964,0.4772,-17.4375,0.1887,0.200018249167419,0.4314,0.3922,0.1961,23.1957,2,-15.588,"Tomato_30_1",0.00018,0.03,0.000530612863750904,"Tomato_30_1_26_Scenario_1A",26
1869,1911,8,4.4785,-10.2972,-15.7494,4.4726,-10.2996,-15.9493,0.1887,0.200001449994743,0.4314,0.3922,0.1961,23.1995,2,-17.0762,"Tomato_30_1",0.00018,0.03,0.0006952986749173,"Tomato_30_1_26_Scenario_1A",26
1872,1912,10,-7.8922,-5.8753,-17.3799,-7.953,-5.8574,-17.5696,0.1887,0.200007849845952,0.4314,0.3922,0.1961,23.2052,2,-15.4559,"Tomato_30_1",0.00018,0.03,0.000692006145758098,"Tomato_30_1_26_Scenario_1A",26
1883,1913,22,0.5188,4.836,-16.861,0.569,4.799,-17.0511,0.1887,0.200067613571013,0.4314,0.3922,0.1961,23.214,2,-15.9744,"Tomato_30_1",0.00018,0.03,0.000533386853326585,"Tomato_30_1_26_Scenario_1A",26
1864,1914,1,-4.157,-4.5253,-19.0842,-4.1714,-4.5009,-19.2821,0.1887,0.199917808111234,0.4314,0.3922,0.1961,23.2162,2,-13.7434,"Tomato_30_1",0.00018,0.03,0.000670350490790832,"Tomato_30_1_26_Scenario_1A",26
1887,1915,20,-3.7008,-1.2571,-18.008,-3.6884,-1.2685,-18.2072,0.1887,0.199910880144129,0.4314,0.3922,0.1961,23.227,2,-14.8183,"Tomato_30_1",0.00018,0.03,0.000573262240588228,"Tomato_30_1_26_Scenario_1A",26
1892,1916,28,2.5525,2.7,-13.8876,2.7049,2.8286,-13.9029,0.1887,0.199994524925058,0.4314,0.3922,0.1961,23.2277,2,-19.1226,"Tomato_30_1",0.00018,0.03,0.000778936538324847,"Tomato_30_1_26_Scenario_1A",26
1853,1917,2,0.7481,-3.4835,-17.9985,0.6575,-3.4535,-18.1743,0.1887,0.200034996938035,0.4314,0.3922,0.1961,23.2298,2,-14.8512,"Tomato_30_1",0.00018,0.03,0.000768210050066981,"Tomato_30_1_26_Scenario_1A",26
1889,1918,21,-2.0983,1.8626,-19.2388,-2.0909,1.8837,-19.4376,0.1887,0.200053517839601,0.4314,0.3922,0.1961,23.2331,2,-13.5879,"Tomato_30_1",0.00018,0.03,0.000537759758809609,"Tomato_30_1_26_Scenario_1A",26
1882,1919,18,-2.0273,1.0766,-18.5933,-2.0343,1.078,-18.7932,0.1887,0.200027423119931,0.4314,0.3922,0.1961,23.2347,2,-14.2323,"Tomato_30_1",0.00018,0.03,0.000667926547927128,"Tomato_30_1_26_Scenario_1A",26
1895,1920,30,1.1748,-0.0122,-15.3889,1.3041,0.0506,-15.528,0.1887,0.200027848061214,0.4314,0.3922,0.1961,23.2426,2,-17.4975,"Tomato_30_1",0.00018,0.03,0.000841591979051358,"Tomato_30_1_26_Scenario_1A",26
1894,1921,26,2.8056,-3.4518,-14.7164,2.8552,-3.6035,-14.837,0.1887,0.200043520264966,0.4314,0.3922,0.1961,23.2553,2,-18.1885,"Tomato_30_1",0.00018,0.03,0.000551458970603298,"Tomato_30_1_26_Scenario_1A",26
1897,1922,29,-0.0883,1.6735,-16.0704,-0.0042,1.8164,-16.1822,0.1887,0.199981149111611,0.4314,0.3922,0.1961,23.2592,2,-16.8433,"Tomato_30_1",0.00018,0.03,0.000824005406694963,"Tomato_30_1_26_Scenario_1A",26
1885,1923,13,2.2228,-1.0184,-18.8532,2.1878,-1.0823,-19.0395,0.1887,0.200039746050628,0.4314,0.3922,0.1961,23.2708,2,-13.986,"Tomato_30_1",0.00018,0.03,0.000693539437314037,"Tomato_30_1_26_Scenario_1A",26
1903,1924,31,0.047,-0.6353,-15.2106,0.1088,-0.786,-15.3268,0.1887,0.200080408836048,0.4314,0.3922,0.1961,23.2762,2,-17.6987,"Tomato_30_1",0.00018,0.03,0.000871171367067846,"Tomato_30_1_26_Scenario_1A",26
1884,1925,5,-3.6087,-1.2178,-20.5192,-3.6026,-1.1933,-20.7176,0.1887,0.200000049999993,0.4314,0.3922,0.1961,23.2811,2,-12.3079,"Tomato_30_1",0.00018,0.03,0.000680455259533331,"Tomato_30_1_26_Scenario_1A",26
1899,1926,24,5.7527,1.0322,-14.084,5.8883,0.9485,-14.2049,0.1887,0.200024648481131,0.4314,0.3922,0.1961,23.2857,2,-18.8206,"Tomato_30_1",0.00018,0.03,0.000515673064527846,"Tomato_30_1_26_Scenario_1A",26
1890,1927,11,-4.1127,8.0244,-16.2092,-4.0634,8.1211,-16.3771,0.1887,0.199929462561174,0.4314,0.3922,0.1961,23.2882,2,-16.6484,"Tomato_30_1",0.00018,0.03,0.000662336949837238,"Tomato_30_1_26_Scenario_1A",26
1893,1928,15,2.7662,-4.0134,-20.1179,2.8083,-3.9471,-20.3018,0.1887,0.199968272483413,0.4314,0.3922,0.1961,23.297,2,-12.7237,"Tomato_30_1",0.00018,0.03,0.000645738203126556,"Tomato_30_1_26_Scenario_1A",26
1908,1929,27,-0.7868,3.7081,-16.4197,-0.8016,3.826,-16.5805,0.1887,0.199940216064704,0.4314,0.3922,0.1961,23.3024,2,-16.445,"Tomato_30_1",0.00018,0.03,0.000553761674921049,"Tomato_30_1_26_Scenario_1A",26
1906,1930,25,-2.762,2.9312,-17.728,-2.7677,2.9207,-17.9277,0.1887,0.200057066858434,0.4314,0.3922,0.1961,23.3035,2,-15.0978,"Tomato_30_1",0.00018,0.03,0.000514494320211043,"Tomato_30_1_26_Scenario_1A",26
1896,1931,19,-0.6216,-6.3398,-15.7584,-0.6189,-6.2984,-15.954,0.1887,0.199951519124012,0.4314,0.3922,0.1961,23.3065,2,-17.0715,"Tomato_30_1",0.00018,0.03,0.000640316910069812,"Tomato_30_1_26_Scenario_1A",26
1888,1932,4,2.6447,1.2251,-21.5447,2.6551,1.2207,-21.7444,0.1887,0.200019024095209,0.4314,0.3922,0.1961,23.3082,2,-11.2811,"Tomato_30_1",0.00018,0.03,0.000692247712720996,"Tomato_30_1_26_Scenario_1A",26
1898,1933,17,2.0389,-2.1254,-19.4533,2.1073,-2.2459,-19.5975,0.1887,0.199981124109253,0.4314,0.3922,0.1961,23.3205,2,-13.428,"Tomato_30_1",0.00018,0.03,0.000665163983901771,"Tomato_30_1_26_Scenario_1A",26
1891,1934,6,-0.9653,2.6153,-19.8519,-0.9704,2.6732,-20.0433,0.1887,0.200030947605612,0.4314,0.3922,0.1961,23.3303,2,-12.9822,"Tomato_30_1",0.00018,0.03,0.000715004889009266,"Tomato_30_1_26_Scenario_1A",26
1916,1935,28,2.7049,2.8286,-13.9029,2.8545,2.9586,-13.9298,0.1887,0.200009424777934,0.4314,0.3922,0.1961,23.3307,2,-19.0957,"Tomato_30_1",0.00018,0.03,0.000773963768279991,"Tomato_30_1_26_Scenario_1A",26
1910,1936,23,-3.7964,0.4772,-17.4375,-3.8319,0.454,-17.633,0.1887,0.200046844513978,0.4314,0.3922,0.1961,23.3319,2,-15.3925,"Tomato_30_1",0.00018,0.03,0.000528057340393239,"Tomato_30_1_26_Scenario_1A",26
1920,1937,30,1.3041,0.0506,-15.528,1.4337,0.112,-15.6674,0.1887,0.199996199963899,0.4314,0.3922,0.1961,23.3448,2,-17.3581,"Tomato_30_1",0.00018,0.03,0.000836024284921928,"Tomato_30_1_26_Scenario_1A",26
1902,1938,14,-10.1524,2.8334,-14.1275,-10.3045,2.8544,-14.2556,0.1887,0.199962546493088,0.4314,0.3922,0.1961,23.346,2,-18.7699,"Tomato_30_1",0.00018,0.03,0.000679666598113526,"Tomato_30_1_26_Scenario_1A",26
1913,1939,22,0.569,4.799,-17.0511,0.6114,4.7648,-17.2435,0.1887,0.199962896558336,0.4314,0.3922,0.1961,23.3501,2,-15.782,"Tomato_30_1",0.00018,0.03,0.000530464456220218,"Tomato_30_1_26_Scenario_1A",26
1900,1940,12,-2.3804,-4.6305,-18.1379,-2.3557,-4.657,-18.3346,0.1887,0.200008074836992,0.4314,0.3922,0.1961,23.3517,2,-14.6909,"Tomato_30_1",0.00018,0.03,0.0006736133109731,"Tomato_30_1_26_Scenario_1A",26
1907,1941,16,3.1753,6.755,-16.1249,3.3175,6.6418,-16.2083,0.1887,0.19997659863094,0.4314,0.3922,0.1961,23.354,2,-16.8172,"Tomato_30_1",0.00018,0.03,0.00065928703947714,"Tomato_30_1_26_Scenario_1A",26
1901,1942,9,4.6218,4.1218,-18.1999,4.6908,4.1217,-18.3876,0.1887,0.199980749073504,0.4314,0.3922,0.1961,23.3628,2,-14.6379,"Tomato_30_1",0.00018,0.03,0.000689706865169311,"Tomato_30_1_26_Scenario_1A",26
1922,1943,29,-0.0042,1.8164,-16.1822,0.0637,1.9179,-16.3406,0.1887,0.200008049837998,0.4314,0.3922,0.1961,23.3684,2,-16.6849,"Tomato_30_1",0.00018,0.03,0.000819196583959131,"Tomato_30_1_26_Scenario_1A",26
1915,1944,20,-3.6884,-1.2685,-18.2072,-3.6658,-1.2994,-18.4036,0.1887,0.200096301814902,0.4314,0.3922,0.1961,23.3696,2,-14.6219,"Tomato_30_1",0.00018,0.03,0.000571098321180717,"Tomato_30_1_26_Scenario_1A",26
1918,1945,21,-2.0909,1.8837,-19.4376,-2.0405,1.9455,-19.621,0.1887,0.199987399603074,0.4314,0.3922,0.1961,23.3705,2,-13.4045,"Tomato_30_1",0.00018,0.03,0.000534916569931157,"Tomato_30_1_26_Scenario_1A",26
1921,1946,26,2.8552,-3.6035,-14.837,2.8874,-3.7717,-14.9402,0.1887,0.19994579265391,0.4314,0.3922,0.1961,23.3772,2,-18.0853,"Tomato_30_1",0.00018,0.03,0.00054817493855124,"Tomato_30_1_26_Scenario_1A",26
1924,1947,31,0.1088,-0.786,-15.3268,0.1666,-0.9377,-15.4435,0.1887,0.199931538282483,0.4314,0.3922,0.1961,23.3786,2,-17.582,"Tomato_30_1",0.00018,0.03,0.000864901159399151,"Tomato_30_1_26_Scenario_1A",26
1919,1948,18,-2.0343,1.078,-18.7932,-2.0454,1.0813,-18.9928,0.1887,0.199935639644362,0.4314,0.3922,0.1961,23.3957,2,-14.0327,"Tomato_30_1",0.00018,0.03,0.000664835936208637,"Tomato_30_1_26_Scenario_1A",26
1912,1949,10,-7.953,-5.8574,-17.5696,-8.0238,-5.8365,-17.7555,0.1887,0.200020648934054,0.4314,0.3922,0.1961,23.4103,2,-15.27,"Tomato_30_1",0.00018,0.03,0.000689722879053231,"Tomato_30_1_26_Scenario_1A",26
1911,1950,8,4.4726,-10.2996,-15.9493,4.4718,-10.3096,-16.149,0.1887,0.199951819196527,0.4314,0.3922,0.1961,23.4115,2,-16.8765,"Tomato_30_1",0.00018,0.03,0.000692788736556907,"Tomato_30_1_26_Scenario_1A",26
1909,1951,7,-8.4144,1.0893,-15.4712,-8.4934,1.2177,-15.6026,0.1887,0.199983799343847,0.4314,0.3922,0.1961,23.4116,2,-17.4229,"Tomato_30_1",0.00018,0.03,0.000703470138395336,"Tomato_30_1_26_Scenario_1A",26
1929,1952,27,-0.8016,3.826,-16.5805,-0.7711,3.928,-16.7498,0.1887,0.199991849833937,0.4314,0.3922,0.1961,23.4123,2,-16.2757,"Tomato_30_1",0.00018,0.03,0.000550598595180785,"Tomato_30_1_26_Scenario_1A",26
1926,1953,24,5.8883,0.9485,-14.2049,6.0121,0.8386,-14.3171,0.1887,0.199983224296439,0.4314,0.3922,0.1961,23.4132,2,-18.7084,"Tomato_30_1",0.00018,0.03,0.000512877587035858,"Tomato_30_1_26_Scenario_1A",26
1930,1954,25,-2.7677,2.9207,-17.9277,-2.7766,2.8923,-18.1254,0.1887,0.199927636908955,0.4314,0.3922,0.1961,23.422,2,-14.9001,"Tomato_30_1",0.00018,0.03,0.000511349395236864,"Tomato_30_1_26_Scenario_1A",26
1905,1955,3,6.0754,4.4225,-17.2288,6.1742,4.4968,-17.386,0.1887,0.199984424393501,0.4314,0.3922,0.1961,23.4323,2,-15.6395,"Tomato_30_1",0.00018,0.03,0.000726610906727345,"Tomato_30_1_26_Scenario_1A",26
1935,1956,28,2.8545,2.9586,-13.9298,2.9997,3.0903,-13.9695,0.1887,0.200010049747506,0.4314,0.3922,0.1961,23.4343,2,-19.056,"Tomato_30_1",0.00018,0.03,0.000769155429255249,"Tomato_30_1_26_Scenario_1A",26
1937,1957,30,1.4337,0.112,-15.6674,1.5583,0.1871,-15.8046,0.1887,0.199972523112552,0.4314,0.3922,0.1961,23.4476,2,-17.2209,"Tomato_30_1",0.00018,0.03,0.000830730017842231,"Tomato_30_1_26_Scenario_1A",26
146,1958,32,-0.3414,-0.0508,-15.2013,-0.4145,0.1056,-15.3023,0.1887,0.20001392451527,0.4314,0.3922,0.1961,23.4502,2,-17.7232,"Tomato_30_1",0.00018,0.03,0.000892844411670739,"Tomato_30_1_26_Scenario_1A",26
142,1959,0,-0.2726,0.0059,-25.2727,-0.2737,-0.0011,-25.4726,0.1887,0.200025548368202,0.4314,0.3922,0.1961,23.4599,1,-7.5529,"Tomato_30_1",0.00018,0.03,0.00092862691621798,"Tomato_30_1_26_Scenario_1A",26
1914,1960,1,-4.1714,-4.5009,-19.2821,-4.1854,-4.4764,-19.4801,0.1887,0.200000624999024,0.4314,0.3922,0.1961,23.4606,2,-13.5454,"Tomato_30_1",0.00018,0.03,0.000668740862264235,"Tomato_30_1_26_Scenario_1A",26
1928,1961,15,2.8083,-3.9471,-20.3018,2.8366,-3.8839,-20.4894,0.1887,0.199972223071105,0.4314,0.3922,0.1961,23.4622,2,-12.5361,"Tomato_30_1",0.00018,0.03,0.000643230555970208,"Tomato_30_1_26_Scenario_1A",26
1923,1962,13,2.1878,-1.0823,-19.0395,2.1532,-1.1463,-19.2258,0.1887,0.20000212498871,0.4314,0.3922,0.1961,23.4628,2,-13.7997,"Tomato_30_1",0.00018,0.03,0.000690888678795927,"Tomato_30_1_26_Scenario_1A",26
1936,1963,23,-3.8319,0.454,-17.633,-3.9087,0.4578,-17.8176,0.1887,0.199974598386895,0.4314,0.3922,0.1961,23.4693,2,-15.2079,"Tomato_30_1",0.00018,0.03,0.000525386717731018,"Tomato_30_1_26_Scenario_1A",26
1931,1964,19,-0.6189,-6.2984,-15.954,-0.6715,-6.2573,-16.1426,0.1887,0.200064814497703,0.4314,0.3922,0.1961,23.4704,2,-16.8829,"Tomato_30_1",0.00018,0.03,0.000638007540376128,"Tomato_30_1_26_Scenario_1A",26
1927,1965,11,-4.0634,8.1211,-16.3771,-4.001,8.2238,-16.537,0.1887,0.200022648717589,0.4314,0.3922,0.1961,23.4756,2,-16.4885,"Tomato_30_1",0.00018,0.03,0.000660237727467982,"Tomato_30_1_26_Scenario_1A",26
1943,1966,29,0.0637,1.9179,-16.3406,0.1191,2.028,-16.4981,0.1887,0.199993549895992,0.4314,0.3922,0.1961,23.4784,2,-16.5274,"Tomato_30_1",0.00018,0.03,0.000814450821676088,"Tomato_30_1_26_Scenario_1A",26
1947,1967,31,0.1666,-0.9377,-15.4435,0.2077,-1.1012,-15.5512,0.1887,0.200051868274205,0.4314,0.3922,0.1961,23.4817,2,-17.4743,"Tomato_30_1",0.00018,0.03,0.000860042993732787,"Tomato_30_1_26_Scenario_1A",26
1925,1968,5,-3.6026,-1.1933,-20.7176,-3.5935,-1.1657,-20.9155,0.1887,0.200022448740136,0.4314,0.3922,0.1961,23.4847,2,-12.11,"Tomato_30_1",0.00018,0.03,0.000678242701658725,"Tomato_30_1_26_Scenario_1A",26
1933,1969,17,2.1073,-2.2459,-19.5975,2.1803,-2.3517,-19.7508,0.1887,0.200058816351593,0.4314,0.3922,0.1961,23.4871,2,-13.2747,"Tomato_30_1",0.00018,0.03,0.000662824617644242,"Tomato_30_1_26_Scenario_1A",26
1939,1970,22,0.6114,4.7648,-17.2435,0.6589,4.7318,-17.435,0.1887,0.200043745215888,0.4314,0.3922,0.1961,23.4875,2,-15.5905,"Tomato_30_1",0.00018,0.03,0.000528185834708262,"Tomato_30_1_26_Scenario_1A",26
1946,1971,26,2.8874,-3.7717,-14.9402,2.9283,-3.941,-15.0387,0.1887,0.200093852979045,0.4314,0.3922,0.1961,23.5001,2,-17.9868,"Tomato_30_1",0.00018,0.03,0.000545719765605126,"Tomato_30_1_26_Scenario_1A",26
1945,1972,21,-2.0405,1.9455,-19.621,-2.0049,1.9982,-19.8106,0.1887,0.199982024192178,0.4314,0.3922,0.1961,23.5093,2,-13.2149,"Tomato_30_1",0.00018,0.03,0.000532389488059674,"Tomato_30_1_26_Scenario_1A",26
1944,1973,20,-3.6658,-1.2994,-18.4036,-3.6331,-1.312,-18.6005,0.1887,0.199994149914441,0.4314,0.3922,0.1961,23.5136,2,-14.425,"Tomato_30_1",0.00018,0.03,0.000568274415995772,"Tomato_30_1_26_Scenario_1A",26
1941,1974,16,3.3175,6.6418,-16.2083,3.4441,6.5203,-16.3043,0.1887,0.2000145244726,0.4314,0.3922,0.1961,23.5203,2,-16.7212,"Tomato_30_1",0.00018,0.03,0.000656837978263998,"Tomato_30_1_26_Scenario_1A",26
1952,1975,27,-0.7711,3.928,-16.7498,-0.7011,4.0403,-16.8998,0.1887,0.200028223008654,0.4314,0.3922,0.1961,23.5231,2,-16.1257,"Tomato_30_1",0.00018,0.03,0.00054754802294022,"Tomato_30_1_26_Scenario_1A",26
1938,1976,14,-10.3045,2.8544,-14.2556,-10.4527,2.903,-14.3809,0.1887,0.200063215009656,0.4314,0.3922,0.1961,23.5233,2,-18.6446,"Tomato_30_1",0.00018,0.03,0.000677537220400588,"Tomato_30_1_26_Scenario_1A",26
1917,1977,2,0.6575,-3.4535,-18.1743,0.5558,-3.3995,-18.3378,0.1887,0.19997784877331,0.4314,0.3922,0.1961,23.5299,2,-14.6877,"Tomato_30_1",0.00018,0.03,0.000766254816952092,"Tomato_30_1_26_Scenario_1A",26
1932,1978,4,2.6551,1.2207,-21.7444,2.6463,1.2132,-21.9441,0.1887,0.200034447033505,0.4314,0.3922,0.1961,23.5312,2,-11.0814,"Tomato_30_1",0.00018,0.03,0.00069016178117974,"Tomato_30_1_26_Scenario_1A",26
1956,1979,28,2.9997,3.0903,-13.9695,3.142,3.22,-14.0235,0.1887,0.199968447511101,0.4314,0.3922,0.1961,23.5387,2,-19.002,"Tomato_30_1",0.00018,0.03,0.000764404989247981,"Tomato_30_1_26_Scenario_1A",26
1954,1980,25,-2.7766,2.8923,-18.1254,-2.7831,2.88,-18.3249,0.1887,0.19998447439739,0.4314,0.3922,0.1961,23.5414,2,-14.7006,"Tomato_30_1",0.00018,0.03,0.000508827924272566,"Tomato_30_1_26_Scenario_1A",26
1953,1981,24,6.0121,0.8386,-14.3171,6.1209,0.7419,-14.4542,0.1887,0.199961846360749,0.4314,0.3922,0.1961,23.5418,2,-18.5713,"Tomato_30_1",0.00018,0.03,0.000510280687962732,"Tomato_30_1_26_Scenario_1A",26
1940,1982,12,-2.3557,-4.657,-18.3346,-2.3232,-4.6752,-18.5311,0.1887,0.199999349998944,0.4314,0.3922,0.1961,23.5435,2,-14.4944,"Tomato_30_1",0.00018,0.03,0.000671318600534886,"Tomato_30_1_26_Scenario_1A",26
1957,1983,30,1.5583,0.1871,-15.8046,1.6853,0.2538,-15.944,0.1887,0.200025623358609,0.4314,0.3922,0.1961,23.5512,2,-17.0815,"Tomato_30_1",0.00018,0.03,0.000825990004701122,"Tomato_30_1_26_Scenario_1A",26
1948,1984,18,-2.0454,1.0813,-18.9928,-2.0323,1.0914,-19.1921,0.1887,0.199985274457897,0.4314,0.3922,0.1961,23.5582,2,-13.8334,"Tomato_30_1",0.00018,0.03,0.000662405634794033,"Tomato_30_1_26_Scenario_1A",26
1934,1985,6,-0.9704,2.6732,-20.0433,-1.005,2.7707,-20.2145,0.1887,0.200032122420377,0.4314,0.3922,0.1961,23.5594,2,-12.811,"Tomato_30_1",0.00018,0.03,0.00071299618770197,"Tomato_30_1_26_Scenario_1A",26
1958,1986,32,-0.4145,0.1056,-15.3023,-0.4819,0.245,-15.4289,0.1887,0.200006699887779,0.4314,0.3922,0.1961,23.5606,2,-17.5966,"Tomato_30_1",0.00018,0.03,0.000887704081744372,"Tomato_30_1_26_Scenario_1A",26
1942,1987,9,4.6908,4.1217,-18.3876,4.7573,4.1156,-18.5761,0.1887,0.199979273926076,0.4314,0.3922,0.1961,23.5642,2,-14.4494,"Tomato_30_1",0.00018,0.03,0.000687382584958107,"Tomato_30_1_26_Scenario_1A",26
1967,1988,31,0.2077,-1.1012,-15.5512,0.2458,-1.2672,-15.6561,0.1887,0.200029047890551,0.4314,0.3922,0.1961,23.5856,2,-17.3694,"Tomato_30_1",0.00018,0.03,0.00085481023749703,"Tomato_30_1_26_Scenario_1A",26
1966,1989,29,0.1191,2.028,-16.4981,0.1753,2.1371,-16.656,0.1887,0.199984149371892,0.4314,0.3922,0.1961,23.5892,2,-16.3695,"Tomato_30_1",0.00018,0.03,0.000809958396796995,"Tomato_30_1_26_Scenario_1A",26
1963,1990,23,-3.9087,0.4578,-17.8176,-3.94,0.4825,-18.0136,0.1887,0.200014449478033,0.4314,0.3922,0.1961,23.608,2,-15.0119,"Tomato_30_1",0.00018,0.03,0.000523160745559111,"Tomato_30_1_26_Scenario_1A",26
1949,1991,10,-8.0238,-5.8365,-17.7555,-8.1438,-5.8014,-17.9116,0.1887,0.199998049990493,0.4314,0.3922,0.1961,23.6186,2,-15.1139,"Tomato_30_1",0.00018,0.03,0.00068751398482682,"Tomato_30_1_26_Scenario_1A",26
1971,1992,26,2.9283,-3.941,-15.0387,2.9555,-4.0962,-15.1618,0.1887,0.199951219051047,0.4314,0.3922,0.1961,23.6239,2,-17.8637,"Tomato_30_1",0.00018,0.03,0.000542626854570303,"Tomato_30_1_26_Scenario_1A",26
1970,1993,22,0.6589,4.7318,-17.435,0.7024,4.7257,-17.6301,0.1887,0.199983674333682,0.4314,0.3922,0.1961,23.626,2,-15.3954,"Tomato_30_1",0.00018,0.03,0.000525685010741031,"Tomato_30_1_26_Scenario_1A",26
1950,1994,8,4.4718,-10.3096,-16.149,4.4858,-10.3125,-16.3485,0.1887,0.200011649660714,0.4314,0.3922,0.1961,23.6268,2,-16.677,"Tomato_30_1",0.00018,0.03,0.000690855047509715,"Tomato_30_1_26_Scenario_1A",26
1961,1995,15,2.8366,-3.8839,-20.4894,2.8648,-3.8187,-20.6764,0.1887,0.200038196352598,0.4314,0.3922,0.1961,23.6295,2,-12.3491,"Tomato_30_1",0.00018,0.03,0.00064110418492475,"Tomato_30_1_26_Scenario_1A",26
1951,1996,7,-8.4934,1.2177,-15.6026,-8.5711,1.3507,-15.7301,0.1887,0.199956345235654,0.4314,0.3922,0.1961,23.6307,2,-17.2954,"Tomato_30_1",0.00018,0.03,0.000701393982636237,"Tomato_30_1_26_Scenario_1A",26
1975,1997,27,-0.7011,4.0403,-16.8998,-0.6315,4.153,-17.0497,0.1887,0.200038646266167,0.4314,0.3922,0.1961,23.6347,2,-15.9758,"Tomato_30_1",0.00018,0.03,0.0005445811703215,"Tomato_30_1_26_Scenario_1A",26
1964,1998,19,-0.6715,-6.2573,-16.1426,-0.7213,-6.2095,-16.3303,0.1887,0.199990424770787,0.4314,0.3922,0.1961,23.6359,2,-16.6952,"Tomato_30_1",0.00018,0.03,0.000635280373418451,"Tomato_30_1_26_Scenario_1A",26
1979,1999,28,3.142,3.22,-14.0235,3.2713,3.3522,-14.0998,0.1887,0.200042545474706,0.4314,0.3922,0.1961,23.6439,2,-18.9257,"Tomato_30_1",0.00018,0.03,0.000760313321987923,"Tomato_30_1_26_Scenario_1A",26
1972,2000,21,-2.0049,1.9982,-19.8106,-1.9499,2.044,-19.9974,0.1887,0.200042195548837,0.4314,0.3922,0.1961,23.6496,2,-13.0281,"Tomato_30_1",0.00018,0.03,0.000530187425294783,"Tomato_30_1_26_Scenario_1A",26
1983,2001,30,1.6853,0.2538,-15.944,1.809,0.2987,-16.0946,0.1887,0.199995149941191,0.4314,0.3922,0.1961,23.6554,2,-16.9309,"Tomato_30_1",0.00018,0.03,0.000821139056166501,"Tomato_30_1_26_Scenario_1A",26
1969,2002,17,2.1803,-2.3517,-19.7508,2.2094,-2.4367,-19.9295,0.1887,0.200013749527376,0.4314,0.3922,0.1961,23.6556,2,-13.096,"Tomato_30_1",0.00018,0.03,0.000660266518585557,"Tomato_30_1_26_Scenario_1A",26
1962,2003,13,2.1532,-1.1463,-19.2258,2.124,-1.1891,-19.4189,0.1887,0.199930212824376,0.4314,0.3922,0.1961,23.6574,2,-13.6066,"Tomato_30_1",0.00018,0.03,0.000688318021030236,"Tomato_30_1_26_Scenario_1A",26
1973,2004,20,-3.6331,-1.312,-18.6005,-3.6008,-1.3233,-18.7975,0.1887,0.199949943735925,0.4314,0.3922,0.1961,23.6589,2,-14.228,"Tomato_30_1",0.00018,0.03,0.000565779600986463,"Tomato_30_1_26_Scenario_1A",26
1980,2005,25,-2.7831,2.88,-18.3249,-2.7904,2.8646,-18.5242,0.1887,0.2000273481302,0.4314,0.3922,0.1961,23.6619,2,-14.5013,"Tomato_30_1",0.00018,0.03,0.000506413742566988,"Tomato_30_1_26_Scenario_1A",26
1965,2006,11,-4.001,8.2238,-16.537,-3.935,8.3544,-16.6734,0.1887,0.20004329531379,0.4314,0.3922,0.1961,23.6656,2,-16.3521,"Tomato_30_1",0.00018,0.03,0.000658084935529845,"Tomato_30_1_26_Scenario_1A",26
1981,2007,24,6.1209,0.7419,-14.4542,6.2236,0.6324,-14.5863,0.1887,0.199969872730869,0.4314,0.3922,0.1961,23.6715,2,-18.4392,"Tomato_30_1",0.00018,0.03,0.00050790424581405,"Tomato_30_1_26_Scenario_1A",26
1986,2008,32,-0.4819,0.245,-15.4289,-0.5737,0.3793,-15.5453,0.1887,0.200031722484209,0.4314,0.3922,0.1961,23.6717,2,-17.4802,"Tomato_30_1",0.00018,0.03,0.000882958877773199,"Tomato_30_1_26_Scenario_1A",26
1955,2009,3,6.1742,4.4968,-17.386,6.2534,4.5685,-17.5551,0.1887,0.200020848913307,0.4314,0.3922,0.1961,23.6847,2,-15.4704,"Tomato_30_1",0.00018,0.03,0.000724898624504276,"Tomato_30_1_26_Scenario_1A",26
1974,2010,16,3.4441,6.5203,-16.3043,3.5899,6.3998,-16.3694,0.1887,0.200039746050628,0.4314,0.3922,0.1961,23.6885,2,-16.6561,"Tomato_30_1",0.00018,0.03,0.000654532945834858,"Tomato_30_1_26_Scenario_1A",26
1988,2011,31,0.2458,-1.2672,-15.6561,0.2909,-1.426,-15.7689,0.1887,0.199938215456675,0.4314,0.3922,0.1961,23.6901,2,-17.2566,"Tomato_30_1",0.00018,0.03,0.000849534333960411,"Tomato_30_1_26_Scenario_1A",26
1968,2012,5,-3.5935,-1.1657,-20.9155,-3.6168,-1.1509,-21.1136,0.1887,0.200013849520477,0.4314,0.3922,0.1961,23.6906,2,-11.9119,"Tomato_30_1",0.00018,0.03,0.000676117819428273,"Tomato_30_1_26_Scenario_1A",26
1989,2013,29,0.1753,2.1371,-16.656,0.2289,2.2662,-16.7991,0.1887,0.200043445281269,0.4314,0.3922,0.1961,23.7009,2,-16.2264,"Tomato_30_1",0.00018,0.03,0.000805973106906908,"Tomato_30_1_26_Scenario_1A",26
1976,2014,14,-10.4527,2.903,-14.3809,-10.5893,2.9855,-14.5014,0.1887,0.199965146963164,0.4314,0.3922,0.1961,23.7024,2,-18.5241,"Tomato_30_1",0.00018,0.03,0.000674927466125382,"Tomato_30_1_26_Scenario_1A",26
1960,2015,1,-4.1854,-4.4764,-19.4801,-4.2074,-4.4507,-19.6773,0.1887,0.200080808674894,0.4314,0.3922,0.1961,23.7091,2,-13.3482,"Tomato_30_1",0.00018,0.03,0.00066731053272767,"Tomato_30_1_26_Scenario_1A",26
1984,2016,18,-2.0323,1.0914,-19.1921,-2.0147,1.0904,-19.3914,0.1887,0.200078109747169,0.4314,0.3922,0.1961,23.7223,2,-13.6341,"Tomato_30_1",0.00018,0.03,0.000660304262023253,"Tomato_30_1_26_Scenario_1A",26
143,2017,0,-0.2737,-0.0011,-25.4726,-0.2739,-0.0064,-25.6708,0.1887,0.198270950973661,0.4314,0.3922,0.1961,23.7357,1,-7.3547,"Tomato_30_1",0.00018,0.03,0.000853170112348342,"Tomato_30_1_26_Scenario_1A",26
1982,2018,12,-2.3232,-4.6752,-18.5311,-2.286,-4.6927,-18.7268,0.1887,0.199971447961955,0.4314,0.3922,0.1961,23.7382,2,-14.2987,"Tomato_30_1",0.00018,0.03,0.000669151124982362,"Tomato_30_1_26_Scenario_1A",26
1997,2019,27,-0.6315,4.153,-17.0497,-0.5782,4.2264,-17.2279,0.1887,0.199959220842651,0.4314,0.3922,0.1961,23.7473,2,-15.7976,"Tomato_30_1",0.00018,0.03,0.000541526175413258,"Tomato_30_1_26_Scenario_1A",26
1990,2020,23,-3.94,0.4825,-18.0136,-3.9791,0.4606,-18.2085,0.1887,0.199986074515203,0.4314,0.3922,0.1961,23.7479,2,-14.817,"Tomato_30_1",0.00018,0.03,0.000520904963057301,"Tomato_30_1_26_Scenario_1A",26
1992,2021,26,2.9555,-4.0962,-15.1618,3.0166,-4.2372,-15.2898,0.1887,0.199995524949935,0.4314,0.3922,0.1961,23.7486,2,-17.7357,"Tomato_30_1",0.00018,0.03,0.00054019768843927,"Tomato_30_1_26_Scenario_1A",26
1999,2022,28,3.2713,3.3522,-14.0998,3.4006,3.4935,-14.1572,0.1887,0.199947343068119,0.4314,0.3922,0.1961,23.7498,2,-18.8683,"Tomato_30_1",0.00018,0.03,0.000755795108309283,"Tomato_30_1_26_Scenario_1A",26
1978,2023,4,2.6463,1.2132,-21.9441,2.6269,1.2152,-22.1431,0.1887,0.199953394569836,0.4314,0.3922,0.1961,23.7574,2,-10.8824,"Tomato_30_1",0.00018,0.03,0.000687940350436591,"Tomato_30_1_26_Scenario_1A",26
2001,2024,30,1.809,0.2987,-16.0946,1.9347,0.3509,-16.2412,0.1887,0.200042220543564,0.4314,0.3922,0.1961,23.7604,2,-16.7843,"Tomato_30_1",0.00018,0.03,0.000816839663628851,"Tomato_30_1_26_Scenario_1A",26
1993,2025,22,0.7024,4.7257,-17.6301,0.7458,4.7113,-17.8248,0.1887,0.199997524984687,0.4314,0.3922,0.1961,23.7658,2,-15.2007,"Tomato_30_1",0.00018,0.03,0.000523528910148063,"Tomato_30_1_26_Scenario_1A",26
1987,2026,9,4.7573,4.1156,-18.5761,4.8106,4.0952,-18.7678,0.1887,0.200014849448736,0.4314,0.3922,0.1961,23.768,2,-14.2577,"Tomato_30_1",0.00018,0.03,0.000685380689681404,"Tomato_30_1_26_Scenario_1A",26
2005,2027,25,-2.7904,2.8646,-18.5242,-2.7989,2.8394,-18.7224,0.1887,0.19997632359857,0.4314,0.3922,0.1961,23.7834,2,-14.3031,"Tomato_30_1",0.00018,0.03,0.000503906057369057,"Tomato_30_1_26_Scenario_1A",26
2008,2028,32,-0.5737,0.3793,-15.5453,-0.6632,0.5147,-15.662,0.1887,0.199905727781873,0.4314,0.3922,0.1961,23.7837,2,-17.3635,"Tomato_30_1",0.00018,0.03,0.000877801779274242,"Tomato_30_1_26_Scenario_1A",26
2000,2029,21,-1.9499,2.044,-19.9974,-1.8701,2.0751,-20.1781,0.1887,0.199969347651085,0.4314,0.3922,0.1961,23.7913,2,-12.8474,"Tomato_30_1",0.00018,0.03,0.000527783853504286,"Tomato_30_1_26_Scenario_1A",26
1985,2030,6,-1.005,2.7707,-20.2145,-1.0235,2.8583,-20.3933,0.1887,0.199963621691546,0.4314,0.3922,0.1961,23.7922,2,-12.6322,"Tomato_30_1",0.00018,0.03,0.000710942977795073,"Tomato_30_1_26_Scenario_1A",26
2011,2031,31,0.2909,-1.426,-15.7689,0.3527,-1.5598,-15.9042,0.1887,0.200069412954604,0.4314,0.3922,0.1961,23.7954,2,-17.1213,"Tomato_30_1",0.00018,0.03,0.000845442272891553,"Tomato_30_1_26_Scenario_1A",26
1995,2032,15,2.8648,-3.8187,-20.6764,2.8964,-3.7567,-20.8639,0.1887,0.199997024977873,0.4314,0.3922,0.1961,23.7988,2,-12.1616,"Tomato_30_1",0.00018,0.03,0.000638816403236536,"Tomato_30_1_26_Scenario_1A",26
2007,2033,24,6.2236,0.6324,-14.5863,6.3144,0.5109,-14.7168,0.1887,0.200092828457193,0.4314,0.3922,0.1961,23.8024,2,-18.3087,"Tomato_30_1",0.00018,0.03,0.000505962004065015,"Tomato_30_1_26_Scenario_1A",26
1998,2034,19,-0.7213,-6.2095,-16.3303,-0.7988,-6.1692,-16.5101,0.1887,0.199895922919904,0.4314,0.3922,0.1961,23.8031,2,-16.5154,"Tomato_30_1",0.00018,0.03,0.000632673096479328,"Tomato_30_1_26_Scenario_1A",26
2004,2035,20,-3.6008,-1.3233,-18.7975,-3.5951,-1.3333,-18.9972,0.1887,0.200031447527632,0.4314,0.3922,0.1961,23.8057,2,-14.0283,"Tomato_30_1",0.00018,0.03,0.000563800882293719,"Tomato_30_1_26_Scenario_1A",26
2013,2036,29,0.2289,2.2662,-16.7991,0.287,2.4316,-16.8952,0.1887,0.199919933973578,0.4314,0.3922,0.1961,23.8134,2,-16.1303,"Tomato_30_1",0.00018,0.03,0.000801482487666974,"Tomato_30_1_26_Scenario_1A",26
2002,2037,17,2.2094,-2.4367,-19.9295,2.2617,-2.5181,-20.1045,0.1887,0.199965622045391,0.4314,0.3922,0.1961,23.8262,2,-12.921,"Tomato_30_1",0.00018,0.03,0.000657887841637909,"Tomato_30_1_26_Scenario_1A",26
1991,2038,10,-8.1438,-5.8014,-17.9116,-8.2636,-5.772,-18.069,0.1887,0.199977898778839,0.4314,0.3922,0.1961,23.8302,2,-14.9565,"Tomato_30_1",0.00018,0.03,0.000685509794328854,"Tomato_30_1_26_Scenario_1A",26
1977,2039,2,0.5558,-3.3995,-18.3378,0.4752,-3.3669,-18.5179,0.1887,0.1999878246294,0.4314,0.3922,0.1961,23.837,2,-14.5076,"Tomato_30_1",0.00018,0.03,0.000764775434626823,"Tomato_30_1_26_Scenario_1A",26
1994,2040,8,4.4858,-10.3125,-16.3485,4.4992,-10.3154,-16.548,0.1887,0.199970547831421,0.4314,0.3922,0.1961,23.8453,2,-16.4775,"Tomato_30_1",0.00018,0.03,0.000688768948827996,"Tomato_30_1_26_Scenario_1A",26
1996,2041,7,-8.5711,1.3507,-15.7301,-8.6568,1.474,-15.8622,0.1887,0.199994474923684,0.4314,0.3922,0.1961,23.8532,2,-17.1633,"Tomato_30_1",0.00018,0.03,0.000699747299130806,"Tomato_30_1_26_Scenario_1A",26
2003,2042,13,2.124,-1.1891,-19.4189,2.1442,-1.3052,-19.5805,0.1887,0.200004524948812,0.4314,0.3922,0.1961,23.8544,2,-13.445,"Tomato_30_1",0.00018,0.03,0.000686446628921062,"Tomato_30_1_26_Scenario_1A",26
2022,2043,28,3.4006,3.4935,-14.1572,3.5212,3.6413,-14.2172,0.1887,0.199972998177254,0.4314,0.3922,0.1961,23.8564,2,-18.8083,"Tomato_30_1",0.00018,0.03,0.000751950941324439,"Tomato_30_1_26_Scenario_1A",26
2006,2044,11,-3.935,8.3544,-16.6734,-3.869,8.4849,-16.8098,0.1887,0.199978023792614,0.4314,0.3922,0.1961,23.8582,2,-16.2157,"Tomato_30_1",0.00018,0.03,0.000655837467819085,"Tomato_30_1_26_Scenario_1A",26
2010,2045,16,3.5899,6.3998,-16.3694,3.7397,6.2855,-16.4364,0.1887,0.199983824345871,0.4314,0.3922,0.1961,23.8586,2,-16.5891,"Tomato_30_1",0.00018,0.03,0.000652149185481633,"Tomato_30_1_26_Scenario_1A",26
2019,2046,27,-0.5782,4.2264,-17.2279,-0.5185,4.2975,-17.405,0.1887,0.199959270852841,0.4314,0.3922,0.1961,23.8607,2,-15.6205,"Tomato_30_1",0.00018,0.03,0.000538842158930426,"Tomato_30_1_26_Scenario_1A",26
2024,2047,30,1.9347,0.3509,-16.2412,2.0297,0.4021,-16.4095,0.1887,0.199928312152133,0.4314,0.3922,0.1961,23.8661,2,-16.616,"Tomato_30_1",0.00018,0.03,0.000812117467948994,"Tomato_30_1_26_Scenario_1A",26
2021,2048,26,3.0166,-4.2372,-15.2898,3.017,-4.4144,-15.3825,0.1887,0.19998322429644,0.4314,0.3922,0.1961,23.8744,2,-17.643,"Tomato_30_1",0.00018,0.03,0.00053776869613475,"Tomato_30_1_26_Scenario_1A",26
2014,2049,14,-10.5893,2.9855,-14.5014,-10.7271,3.0668,-14.6215,0.1887,0.200056342063929,0.4314,0.3922,0.1961,23.8833,2,-18.404,"Tomato_30_1",0.00018,0.03,0.000673148817253297,"Tomato_30_1_26_Scenario_1A",26
2016,2050,18,-2.0147,1.0904,-19.3914,-2.0043,1.1119,-19.5899,0.1887,0.1999316383167,0.4314,0.3922,0.1961,23.888,2,-13.4356,"Tomato_30_1",0.00018,0.03,0.000657601851391924,"Tomato_30_1_26_Scenario_1A",26
2020,2051,23,-3.9791,0.4606,-18.2085,-3.9874,0.3999,-18.3989,0.1887,0.200013849520477,0.4314,0.3922,0.1961,23.8891,2,-14.6266,"Tomato_30_1",0.00018,0.03,0.000518943697182885,"Tomato_30_1_26_Scenario_1A",26
2028,2052,32,-0.6632,0.5147,-15.662,-0.7067,0.6527,-15.8002,0.1887,0.200088705328411,0.4314,0.3922,0.1961,23.8964,2,-17.2253,"Tomato_30_1",0.00018,0.03,0.000874249457524307,"Tomato_30_1_26_Scenario_1A",26
2012,2053,5,-3.6168,-1.1509,-21.1136,-3.6064,-1.1417,-21.3131,0.1887,0.199982624245205,0.4314,0.3922,0.1961,23.899,2,-11.7124,"Tomato_30_1",0.00018,0.03,0.000674109449184601,"Tomato_30_1_26_Scenario_1A",26
2031,2054,31,0.3527,-1.5598,-15.9042,0.3976,-1.7121,-16.0257,0.1887,0.199933864065096,0.4314,0.3922,0.1961,23.9015,2,-16.9998,"Tomato_30_1",0.00018,0.03,0.000840463555630813,"Tomato_30_1_26_Scenario_1A",26
2027,2055,25,-2.7989,2.8394,-18.7224,-2.8067,2.8141,-18.9207,0.1887,0.200059541137132,0.4314,0.3922,0.1961,23.9059,2,-14.1048,"Tomato_30_1",0.00018,0.03,0.000501879543720093,"Tomato_30_1_26_Scenario_1A",26
2025,2056,22,0.7458,4.7113,-17.8248,0.8028,4.7031,-18.0163,0.1887,0.199971222929702,0.4314,0.3922,0.1961,23.9068,2,-15.0092,"Tomato_30_1",0.00018,0.03,0.000521416839655081,"Tomato_30_1_26_Scenario_1A",26
2036,2057,29,0.287,2.4316,-16.8952,0.3507,2.5819,-17.0108,0.1887,0.200027848061214,0.4314,0.3922,0.1961,23.9269,2,-16.0147,"Tomato_30_1",0.00018,0.03,0.000798148283753983,"Tomato_30_1_26_Scenario_1A",26
2029,2058,21,-1.8701,2.0751,-20.1781,-1.8101,2.1123,-20.3652,0.1887,0.199975623514468,0.4314,0.3922,0.1961,23.9345,2,-12.6603,"Tomato_30_1",0.00018,0.03,0.000525740385606739,"Tomato_30_1_26_Scenario_1A",26
2033,2059,24,6.3144,0.5109,-14.7168,6.4189,0.3954,-14.8422,0.1887,0.199964146786368,0.4314,0.3922,0.1961,23.9345,2,-18.1833,"Tomato_30_1",0.00018,0.03,0.000503527470317626,"Tomato_30_1_26_Scenario_1A",26
2018,2060,12,-2.286,-4.6927,-18.7268,-2.2444,-4.714,-18.9213,0.1887,0.200036246715437,0.4314,0.3922,0.1961,23.9359,2,-14.1042,"Tomato_30_1",0.00018,0.03,0.000667483754878427,"Tomato_30_1_26_Scenario_1A",26
2009,2061,3,6.2534,4.5685,-17.5551,6.3229,4.6492,-17.7243,0.1887,0.199928437196913,0.4314,0.3922,0.1961,23.9414,2,-15.3012,"Tomato_30_1",0.00018,0.03,0.000722926331999427,"Tomato_30_1_26_Scenario_1A",26
2035,2062,20,-3.5951,-1.3333,-18.9972,-3.5813,-1.346,-19.1963,0.1887,0.199981349130364,0.4314,0.3922,0.1961,23.9539,2,-13.8292,"Tomato_30_1",0.00018,0.03,0.000561611104416682,"Tomato_30_1_26_Scenario_1A",26
2015,2063,1,-4.2074,-4.4507,-19.6773,-4.2025,-4.4444,-19.8771,0.1887,0.199959345868104,0.4314,0.3922,0.1961,23.962,2,-13.1484,"Tomato_30_1",0.00018,0.03,0.000665398002701325,"Tomato_30_1_26_Scenario_1A",26
2043,2064,28,3.5212,3.6413,-14.2172,3.6566,3.7732,-14.2827,0.1887,0.200052543098057,0.4314,0.3922,0.1961,23.9638,2,-18.7428,"Tomato_30_1",0.00018,0.03,0.000748520367566468,"Tomato_30_1_26_Scenario_1A",26
2032,2065,15,2.8964,-3.7567,-20.8639,2.906,-3.7213,-21.0606,0.1887,0.200090504522328,0.4314,0.3922,0.1961,23.9703,2,-11.9649,"Tomato_30_1",0.00018,0.03,0.000637139812364701,"Tomato_30_1_26_Scenario_1A",26
2034,2066,19,-0.7988,-6.1692,-16.5101,-0.881,-6.1272,-16.6876,0.1887,0.200067713537191,0.4314,0.3922,0.1961,23.9721,2,-16.3379,"Tomato_30_1",0.00018,0.03,0.000631087457935484,"Tomato_30_1_26_Scenario_1A",26
2047,2067,30,2.0297,0.4021,-16.4095,2.1288,0.4398,-16.5791,0.1887,0.200015649387741,0.4314,0.3922,0.1961,23.9726,2,-16.4464,"Tomato_30_1",0.00018,0.03,0.000808444748575491,"Tomato_30_1_26_Scenario_1A",26
2026,2068,9,4.8106,4.0952,-18.7678,4.8565,4.0814,-18.962,0.1887,0.200027223147249,0.4314,0.3922,0.1961,23.9743,2,-14.0635,"Tomato_30_1",0.00018,0.03,0.000683493597190617,"Tomato_30_1_26_Scenario_1A",26
2046,2069,27,-0.5185,4.2975,-17.405,-0.4691,4.3504,-17.5915,0.1887,0.200052543098056,0.4314,0.3922,0.1961,23.975,2,-15.434,"Tomato_30_1",0.00018,0.03,0.000536560875893568,"Tomato_30_1_26_Scenario_1A",26
2023,2070,4,2.6269,1.2152,-22.1431,2.6076,1.2108,-22.3422,0.1887,0.200081633339992,0.4314,0.3922,0.1961,23.9871,2,-10.6833,"Tomato_30_1",0.00018,0.03,0.000686634224879428,"Tomato_30_1_26_Scenario_1A",26
2037,2071,17,2.2617,-2.5181,-20.1045,2.2716,-2.5974,-20.2879,0.1887,0.200055142398289,0.4314,0.3922,0.1961,23.9989,2,-12.7376,"Tomato_30_1",0.00018,0.03,0.00065614864999948,"Tomato_30_1_26_Scenario_1A",26
2048,2072,26,3.017,-4.4144,-15.3825,3.0172,-4.5914,-15.4757,0.1887,0.200038196352597,0.4314,0.3922,0.1961,24.0011,2,-17.5498,"Tomato_30_1",0.00018,0.03,0.000535672919752212,"Tomato_30_1_26_Scenario_1A",26
2054,2073,31,0.3976,-1.7121,-16.0257,0.4184,-1.8279,-16.1874,0.1887,0.199972923167113,0.4314,0.3922,0.1961,24.0083,2,-16.8381,"Tomato_30_1",0.00018,0.03,0.000836461172358018,"Tomato_30_1_26_Scenario_1A",26
2052,2074,32,-0.7067,0.6527,-15.8002,-0.8151,0.7533,-15.9347,0.1887,0.199902901429669,0.4314,0.3922,0.1961,24.01,2,-17.0908,"Tomato_30_1",0.00018,0.03,0.000869334405178286,"Tomato_30_1_26_Scenario_1A",26
144,2075,0,-0.2739,-0.0064,-25.6708,-0.2797,-0.0146,-25.8706,0.1887,0.200052293163562,0.4314,0.3922,0.1961,24.0155,1,-7.1549,"Tomato_30_1",0.00018,0.03,0.000945297296685387,"Tomato_30_1_26_Scenario_1A",26
2030,2076,6,-1.0235,2.8583,-20.3933,-1.0405,2.9446,-20.5729,0.1887,0.19998212420114,0.4314,0.3922,0.1961,24.0286,2,-12.4526,"Tomato_30_1",0.00018,0.03,0.000709402063858738,"Tomato_30_1_26_Scenario_1A",26
2055,2077,25,-2.8067,2.8141,-18.9207,-2.8217,2.8047,-19.1199,0.1887,0.199984999437459,0.4314,0.3922,0.1961,24.0294,2,-13.9056,"Tomato_30_1",0.00018,0.03,0.000499599904069727,"Tomato_30_1_26_Scenario_1A",26
2045,2078,16,3.7397,6.2855,-16.4364,3.8878,6.1681,-16.5018,0.1887,0.199983824345871,0.4314,0.3922,0.1961,24.0307,2,-16.5237,"Tomato_30_1",0.00018,0.03,0.000650134272077158,"Tomato_30_1_26_Scenario_1A",26
2051,2079,23,-3.9874,0.3999,-18.3989,-3.9859,0.3695,-18.5965,0.1887,0.199930412894085,0.4314,0.3922,0.1961,24.0316,2,-14.429,"Tomato_30_1",0.00018,0.03,0.000516842308377164,"Tomato_30_1_26_Scenario_1A",26
176,2080,33,-0.3853,-0.0698,-15.6273,-0.56,-0.1148,-15.7136,0.1887,0.19998194918542,0.4314,0.3922,0.1961,24.0331,2,-17.3119,"Tomato_30_1",0.00018,0.03,0.000942874388884505,"Tomato_30_1_26_Scenario_1A",26
2057,2081,29,0.3507,2.5819,-17.0108,0.387,2.6628,-17.1901,0.1887,0.200027473113071,0.4314,0.3922,0.1961,24.0412,2,-15.8354,"Tomato_30_1",0.00018,0.03,0.000794606090770078,"Tomato_30_1_26_Scenario_1A",26
2038,2082,10,-8.2636,-5.772,-18.069,-8.3917,-5.726,-18.2155,0.1887,0.199969647696844,0.4314,0.3922,0.1961,24.0453,2,-14.81,"Tomato_30_1",0.00018,0.03,0.000683741825948665,"Tomato_30_1_26_Scenario_1A",26
2056,2083,22,0.8028,4.7031,-18.0163,0.8174,4.6711,-18.2132,0.1887,0.200016924283921,0.4314,0.3922,0.1961,24.0491,2,-14.8123,"Tomato_30_1",0.00018,0.03,0.000519640617934262,"Tomato_30_1_26_Scenario_1A",26
2044,2084,11,-3.869,8.4849,-16.8098,-3.7994,8.5879,-16.9665,0.1887,0.200020123987563,0.4314,0.3922,0.1961,24.0536,2,-16.059,"Tomato_30_1",0.00018,0.03,0.000654129160288689,"Tomato_30_1_26_Scenario_1A",26
2042,2085,13,2.1442,-1.3052,-19.5805,2.1573,-1.4057,-19.753,0.1887,0.200070262657897,0.4314,0.3922,0.1961,24.054,2,-13.2725,"Tomato_30_1",0.00018,0.03,0.000684739010634854,"Tomato_30_1_26_Scenario_1A",26
2050,2086,18,-2.0043,1.1119,-19.5899,-1.9926,1.1437,-19.787,0.1887,0.199991349812935,0.4314,0.3922,0.1961,24.0553,2,-13.2385,"Tomato_30_1",0.00018,0.03,0.000655766195517753,"Tomato_30_1_26_Scenario_1A",26
2049,2087,14,-10.7271,3.0668,-14.6215,-10.8498,3.1375,-14.7627,0.1887,0.199978048795362,0.4314,0.3922,0.1961,24.0662,2,-18.2628,"Tomato_30_1",0.00018,0.03,0.000670991165064989,"Tomato_30_1_26_Scenario_1A",26
2040,2088,8,4.4992,-10.3154,-16.548,4.5191,-10.3357,-16.746,0.1887,0.20003024771269,0.4314,0.3922,0.1961,24.0672,2,-16.2795,"Tomato_30_1",0.00018,0.03,0.000687225834285501,"Tomato_30_1_26_Scenario_1A",26
2059,2089,24,6.4189,0.3954,-14.8422,6.517,0.3076,-14.9928,0.1887,0.20003202243641,0.4314,0.3922,0.1961,24.0678,2,-18.0327,"Tomato_30_1",0.00018,0.03,0.000501732199560823,"Tomato_30_1_26_Scenario_1A",26
2064,2090,28,3.6566,3.7732,-14.2827,3.7608,3.9227,-14.3649,0.1887,0.199911805554349,0.4314,0.3922,0.1961,24.072,2,-18.6606,"Tomato_30_1",0.00018,0.03,0.000744480099491785,"Tomato_30_1_26_Scenario_1A",26
2041,2091,7,-8.6568,1.474,-15.8622,-8.7519,1.5859,-15.998,0.1887,0.200018149176518,0.4314,0.3922,0.1961,24.0789,2,-17.0275,"Tomato_30_1",0.00018,0.03,0.000698248352465666,"Tomato_30_1_26_Scenario_1A",26
2058,2092,21,-1.8101,2.1123,-20.3652,-1.744,2.1477,-20.5506,0.1887,0.199988824687779,0.4314,0.3922,0.1961,24.0793,2,-12.4749,"Tomato_30_1",0.00018,0.03,0.000523864408087731,"Tomato_30_1_26_Scenario_1A",26
2067,2093,30,2.1288,0.4398,-16.5791,2.2115,0.4865,-16.7552,0.1887,0.200078459610222,0.4314,0.3922,0.1961,24.0798,2,-16.2703,"Tomato_30_1",0.00018,0.03,0.000804898542983046,"Tomato_30_1_26_Scenario_1A",26
2069,2094,27,-0.4691,4.3504,-17.5915,-0.43,4.3659,-17.787,0.1887,0.199973273214196,0.4314,0.3922,0.1961,24.0902,2,-15.2385,"Tomato_30_1",0.00018,0.03,0.000533969180883976,"Tomato_30_1_26_Scenario_1A",26
2062,2095,20,-3.5813,-1.346,-19.1963,-3.5669,-1.3544,-19.3956,0.1887,0.199996024960499,0.4314,0.3922,0.1961,24.1036,2,-13.6299,"Tomato_30_1",0.00018,0.03,0.000559763594332533,"Tomato_30_1_26_Scenario_1A",26
2053,2096,5,-3.6064,-1.1417,-21.3131,-3.591,-1.126,-21.5119,0.1887,0.200012724595214,0.4314,0.3922,0.1961,24.1098,2,-11.5136,"Tomato_30_1",0.00018,0.03,0.000672499667802216,"Tomato_30_1_26_Scenario_1A",26
2073,2097,31,0.4184,-1.8279,-16.1874,0.4452,-1.9337,-16.3551,0.1887,0.200087905681478,0.4314,0.3922,0.1961,24.1159,2,-16.6704,"Tomato_30_1",0.00018,0.03,0.000833009745428539,"Tomato_30_1_26_Scenario_1A",26
2074,2098,32,-0.8151,0.7533,-15.9347,-0.9292,0.867,-16.0533,0.1887,0.200031147574572,0.4314,0.3922,0.1961,24.1245,2,-16.9722,"Tomato_30_1",0.00018,0.03,0.000866034365529979,"Tomato_30_1_26_Scenario_1A",26
2072,2099,26,3.0172,-4.5914,-15.4757,3.0013,-4.7632,-15.5769,0.1887,0.200023723592978,0.4314,0.3922,0.1961,24.1289,2,-17.4486,"Tomato_30_1",0.00018,0.03,0.000533542953883121,"Tomato_30_1_26_Scenario_1A",26
2080,2100,33,-0.56,-0.1148,-15.7136,-0.7166,-0.1998,-15.8043,0.1887,0.199937615270364,0.4314,0.3922,0.1961,24.1294,2,-17.2212,"Tomato_30_1",0.00018,0.03,0.000937750398173898,"Tomato_30_1_26_Scenario_1A",26
2060,2101,12,-2.2444,-4.714,-18.9213,-2.2265,-4.7343,-19.1194,0.1887,0.199940266079647,0.4314,0.3922,0.1961,24.1366,2,-13.9061,"Tomato_30_1",0.00018,0.03,0.000665470154582571,"Tomato_30_1_26_Scenario_1A",26
2066,2102,19,-0.881,-6.1272,-16.6876,-0.9521,-6.0959,-16.8719,0.1887,0.200003474969812,0.4314,0.3922,0.1961,24.1429,2,-16.1536,"Tomato_30_1",0.00018,0.03,0.00062893512545518,"Tomato_30_1_26_Scenario_1A",26
2065,2103,15,2.906,-3.7213,-21.0606,2.909,-3.6712,-21.2542,0.1887,0.199999924999986,0.4314,0.3922,0.1961,24.144,2,-11.7713,"Tomato_30_1",0.00018,0.03,0.000635058376569649,"Tomato_30_1_26_Scenario_1A",26
2039,2104,2,0.4752,-3.3669,-18.5179,0.397,-3.3353,-18.6993,0.1887,0.200049393900606,0.4314,0.3922,0.1961,24.1517,2,-14.3262,"Tomato_30_1",0.00018,0.03,0.000763710253636058,"Tomato_30_1_26_Scenario_1A",26
2077,2105,25,-2.8217,2.8047,-19.1199,-2.8287,2.7978,-19.3197,0.1887,0.200041620669299,0.4314,0.3922,0.1961,24.1541,2,-13.7058,"Tomato_30_1",0.00018,0.03,0.000497790451346426,"Tomato_30_1_26_Scenario_1A",26
2081,2106,29,0.387,2.6628,-17.1901,0.4227,2.7577,-17.3625,0.1887,0.200005649920196,0.4314,0.3922,0.1961,24.1565,2,-15.663,"Tomato_30_1",0.00018,0.03,0.000791205414218164,"Tomato_30_1_26_Scenario_1A",26
2071,2107,17,2.2716,-2.5974,-20.2879,2.2699,-2.6846,-20.4678,0.1887,0.199926836617799,0.4314,0.3922,0.1961,24.1736,2,-12.5577,"Tomato_30_1",0.00018,0.03,0.000653882184066195,"Tomato_30_1_26_Scenario_1A",26
2079,2108,23,-3.9859,0.3695,-18.5965,-3.9943,0.3356,-18.7935,0.1887,0.200071912071638,0.4314,0.3922,0.1961,24.1754,2,-14.232,"Tomato_30_1",0.00018,0.03,0.000515468763688266,"Tomato_30_1_26_Scenario_1A",26
2090,2109,28,3.7608,3.9227,-14.3649,3.8455,4.0953,-14.4202,0.1887,0.2000573417798,0.4314,0.3922,0.1961,24.181,2,-18.6053,"Tomato_30_1",0.00018,0.03,0.000741717795152973,"Tomato_30_1_26_Scenario_1A",26
2068,2110,9,4.8565,4.0814,-18.962,4.8895,4.0758,-19.1591,0.1887,0.199921909754783,0.4314,0.3922,0.1961,24.1832,2,-13.8664,"Tomato_30_1",0.00018,0.03,0.000681400068079719,"Tomato_30_1_26_Scenario_1A",26
2093,2111,30,2.2115,0.4865,-16.7552,2.3093,0.5634,-16.9117,0.1887,0.19992673658118,0.4314,0.3922,0.1961,24.1878,2,-16.1138,"Tomato_30_1",0.00018,0.03,0.000800720700017558,"Tomato_30_1_26_Scenario_1A",26
2083,2112,22,0.8174,4.6711,-18.2132,0.8367,4.6227,-18.4063,0.1887,0.200006649889449,0.4314,0.3922,0.1961,24.1927,2,-14.6192,"Tomato_30_1",0.00018,0.03,0.000517866337142264,"Tomato_30_1_26_Scenario_1A",26
2089,2113,24,6.517,0.3076,-14.9928,6.6114,0.2127,-15.1413,0.1887,0.199924035573513,0.4314,0.3922,0.1961,24.2024,2,-17.8842,"Tomato_30_1",0.00018,0.03,0.000499639072367058,"Tomato_30_1_26_Scenario_1A",26
2061,2114,3,6.3229,4.6492,-17.7243,6.389,4.694,-17.9077,0.1887,0.200029522821007,0.4314,0.3922,0.1961,24.2025,2,-15.1178,"Tomato_30_1",0.00018,0.03,0.000721859395660579,"Tomato_30_1_26_Scenario_1A",26
2078,2115,16,3.8878,6.1681,-16.5018,4.0403,6.0768,-16.5936,0.1887,0.200047944253371,0.4314,0.3922,0.1961,24.2047,2,-16.4319,"Tomato_30_1",0.00018,0.03,0.000648511919883825,"Tomato_30_1_26_Scenario_1A",26
2094,2116,27,-0.43,4.3659,-17.787,-0.3867,4.3823,-17.9816,0.1887,0.200032522355742,0.4314,0.3922,0.1961,24.2064,2,-15.0439,"Tomato_30_1",0.00018,0.03,0.000531899725144719,"Tomato_30_1_26_Scenario_1A",26
2063,2117,1,-4.2025,-4.4444,-19.8771,-4.2064,-4.443,-20.077,0.1887,0.199942941860925,0.4314,0.3922,0.1961,24.2195,2,-12.9485,"Tomato_30_1",0.00018,0.03,0.000664025910485628,"Tomato_30_1_26_Scenario_1A",26
2070,2118,4,2.6076,1.2108,-22.3422,2.6003,1.2194,-22.5418,0.1887,0.199918508397797,0.4314,0.3922,0.1961,24.2203,2,-10.4837,"Tomato_30_1",0.00018,0.03,0.00068452387694312,"Tomato_30_1_26_Scenario_1A",26
2086,2119,18,-1.9926,1.1437,-19.787,-1.9824,1.1665,-19.9855,0.1887,0.200065314335093,0.4314,0.3922,0.1961,24.2242,2,-13.04,"Tomato_30_1",0.00018,0.03,0.000654161933530122,"Tomato_30_1_26_Scenario_1A",26
2097,2120,31,0.4452,-1.9337,-16.3551,0.4678,-2.018,-16.535,0.1887,0.199953144511408,0.4314,0.3922,0.1961,24.2243,2,-16.4905,"Tomato_30_1",0.00018,0.03,0.000828756075036277,"Tomato_30_1_26_Scenario_1A",26
2092,2121,21,-1.744,2.1477,-20.5506,-1.6802,2.2001,-20.7328,0.1887,0.200032597343535,0.4314,0.3922,0.1961,24.2256,2,-12.2927,"Tomato_30_1",0.00018,0.03,0.000522216805555872,"Tomato_30_1_26_Scenario_1A",26
2100,2122,33,-0.7166,-0.1998,-15.8043,-0.8779,-0.2707,-15.899,0.1887,0.2000314725237,0.4314,0.3922,0.1961,24.2265,2,-17.1265,"Tomato_30_1",0.00018,0.03,0.000933539656107366,"Tomato_30_1_26_Scenario_1A",26
2098,2123,32,-0.9292,0.867,-16.0533,-1.0467,0.9795,-16.1697,0.1887,0.200028647948237,0.4314,0.3922,0.1961,24.2398,2,-16.8558,"Tomato_30_1",0.00018,0.03,0.000862411081031061,"Tomato_30_1_26_Scenario_1A",26
2087,2124,14,-10.8498,3.1375,-14.7627,-10.9721,3.177,-14.9159,0.1887,0.199969447666387,0.4314,0.3922,0.1961,24.251,2,-18.1096,"Tomato_30_1",0.00018,0.03,0.000669259492112454,"Tomato_30_1_26_Scenario_1A",26
2084,2125,11,-3.7994,8.5879,-16.9665,-3.7069,8.6879,-17.1129,0.1887,0.199973023180629,0.4314,0.3922,0.1961,24.2517,2,-15.9126,"Tomato_30_1",0.00018,0.03,0.000652315289267493,"Tomato_30_1_26_Scenario_1A",26
2095,2126,20,-3.5669,-1.3544,-19.3956,-3.5175,-1.3828,-19.5873,0.1887,0.199989524725669,0.4314,0.3922,0.1961,24.2547,2,-13.4382,"Tomato_30_1",0.00018,0.03,0.000558015965710894,"Tomato_30_1_26_Scenario_1A",26
2085,2127,13,2.1573,-1.4057,-19.753,2.1693,-1.4801,-19.9382,0.1887,0.199945992708029,0.4314,0.3922,0.1961,24.2563,2,-13.0873,"Tomato_30_1",0.00018,0.03,0.00068257668353242,"Tomato_30_1_26_Scenario_1A",26
2099,2128,26,3.0013,-4.7632,-15.5769,3.0136,-4.9135,-15.7081,0.1887,0.199887018087718,0.4314,0.3922,0.1961,24.2576,2,-17.3174,"Tomato_30_1",0.00018,0.03,0.000531240989199983,"Tomato_30_1_26_Scenario_1A",26
2082,2129,10,-8.3917,-5.726,-18.2155,-8.5315,-5.679,-18.3507,0.1887,0.200080183926345,0.4314,0.3922,0.1961,24.2638,2,-14.6748,"Tomato_30_1",0.00018,0.03,0.000682573389527246,"Tomato_30_1_26_Scenario_1A",26
2076,2130,6,-1.0405,2.9446,-20.5729,-1.056,3.0289,-20.7536,0.1887,0.199998074990734,0.4314,0.3922,0.1961,24.269,2,-12.2719,"Tomato_30_1",0.00018,0.03,0.000708053537296499,"Tomato_30_1_26_Scenario_1A",26
2106,2131,29,0.4227,2.7577,-17.3625,0.4637,2.8801,-17.5152,0.1887,0.199950118779659,0.4314,0.3922,0.1961,24.2727,2,-15.5103,"Tomato_30_1",0.00018,0.03,0.000787898365777504,"Tomato_30_1_26_Scenario_1A",26
2105,2132,25,-2.8287,2.7978,-19.3197,-2.8273,2.8477,-19.5133,0.1887,0.19993231354636,0.4314,0.3922,0.1961,24.2798,2,-13.5122,"Tomato_30_1",0.00018,0.03,0.000495710422211459,"Tomato_30_1_26_Scenario_1A",26
2109,2133,28,3.8455,4.0953,-14.4202,3.9316,4.2657,-14.48,0.1887,0.200063514914639,0.4314,0.3922,0.1961,24.2908,2,-18.5455,"Tomato_30_1",0.00018,0.03,0.00073864618398874,"Tomato_30_1_26_Scenario_1A",26
2088,2134,8,4.5191,-10.3357,-16.746,4.5246,-10.346,-16.9456,0.1887,0.199941241368558,0.4314,0.3922,0.1961,24.2927,2,-16.0799,"Tomato_30_1",0.00018,0.03,0.000685367644409711,"Tomato_30_1_26_Scenario_1A",26
2111,2135,30,2.3093,0.5634,-16.9117,2.3866,0.6451,-17.0771,0.1887,0.200018349158272,0.4314,0.3922,0.1961,24.2965,2,-15.9484,"Tomato_30_1",0.00018,0.03,0.000797746977221913,"Tomato_30_1_26_Scenario_1A",26
145,2136,0,-0.2797,-0.0146,-25.8706,-0.2722,-0.019,-26.0704,0.1887,0.19998912470432,0.4314,0.3922,0.1961,24.2973,1,-6.9551,"Tomato_30_1",0.00018,0.03,0.000935894003895676,"Tomato_30_1_26_Scenario_1A",26
2091,2137,7,-8.7519,1.5859,-15.998,-8.842,1.689,-16.1438,0.1887,0.200013149567722,0.4314,0.3922,0.1961,24.3082,2,-16.8817,"Tomato_30_1",0.00018,0.03,0.000696847798383362,"Tomato_30_1_26_Scenario_1A",26
146,2138,0,-0.2722,-0.019,-26.0704,-0.2716,-0.0193,-26.079,0.1887,0.00862612311528313,0.4314,0.3922,0.1961,24.3095,1,-6.9465,"Tomato_30_1",0.00018,0.03,3.86200444875325e-05,"Tomato_30_1_26_Scenario_1A",26
2102,2139,19,-0.9521,-6.0959,-16.8719,-1.0028,-6.065,-17.0629,0.1887,0.200015749379892,0.4314,0.3922,0.1961,24.3155,2,-15.9626,"Tomato_30_1",0.00018,0.03,0.000627203172222123,"Tomato_30_1_26_Scenario_1A",26
2103,2140,15,2.909,-3.6712,-21.2542,2.9308,-3.6318,-21.449,0.1887,0.199936589947914,0.4314,0.3922,0.1961,24.3199,2,-11.5765,"Tomato_30_1",0.00018,0.03,0.000633246153666953,"Tomato_30_1_26_Scenario_1A",26
2108,2141,23,-3.9943,0.3356,-18.7935,-4.0198,0.3046,-18.9894,0.1887,0.199970147772109,0.4314,0.3922,0.1961,24.3205,2,-14.0361,"Tomato_30_1",0.00018,0.03,0.000513614568268994,"Tomato_30_1_26_Scenario_1A",26
2096,2142,5,-3.591,-1.126,-21.5119,-3.562,-1.1119,-21.7093,0.1887,0.200016424325602,0.4314,0.3922,0.1961,24.323,2,-11.3162,"Tomato_30_1",0.00018,0.03,0.000670992073727433,"Tomato_30_1_26_Scenario_1A",26
2116,2143,27,-0.3867,4.3823,-17.9816,-0.3464,4.4002,-18.1767,0.1887,0.200021273868556,0.4314,0.3922,0.1961,24.3235,2,-14.8488,"Tomato_30_1",0.00018,0.03,0.000529793385510205,"Tomato_30_1_26_Scenario_1A",26
2122,2144,33,-0.8779,-0.2707,-15.899,-1.0348,-0.3298,-16.0081,0.1887,0.200033072265563,0.4314,0.3922,0.1961,24.3243,2,-17.0174,"Tomato_30_1",0.00018,0.03,0.00092916071558212,"Tomato_30_1_26_Scenario_1A",26
2120,2145,31,0.4678,-2.018,-16.535,0.4843,-2.1025,-16.7155,0.1887,0.199981874178635,0.4314,0.3922,0.1961,24.3335,2,-16.31,"Tomato_30_1",0.00018,0.03,0.000825418805780374,"Tomato_30_1_26_Scenario_1A",26
2112,2146,22,0.8367,4.6227,-18.4063,0.8717,4.5572,-18.592,0.1887,0.199999349998941,0.4314,0.3922,0.1961,24.3377,2,-14.4335,"Tomato_30_1",0.00018,0.03,0.000516247354736889,"Tomato_30_1_26_Scenario_1A",26
2113,2147,24,6.6114,0.2127,-15.1413,6.6879,0.1077,-15.2934,0.1887,0.200029147876004,0.4314,0.3922,0.1961,24.3382,2,-17.7321,"Tomato_30_1",0.00018,0.03,0.000498220781818712,"Tomato_30_1_26_Scenario_1A",26
2101,2148,12,-2.2265,-4.7343,-19.1194,-2.2178,-4.7503,-19.3186,0.1887,0.200030822624916,0.4314,0.3922,0.1961,24.3404,2,-13.7069,"Tomato_30_1",0.00018,0.03,0.000664266923607963,"Tomato_30_1_26_Scenario_1A",26
2107,2149,17,2.2699,-2.6846,-20.4678,2.2681,-2.7719,-20.6477,0.1887,0.19997134794765,0.4314,0.3922,0.1961,24.3506,2,-12.3778,"Tomato_30_1",0.00018,0.03,0.000652368143457361,"Tomato_30_1_26_Scenario_1A",26
2123,2150,32,-1.0467,0.9795,-16.1697,-1.1663,1.096,-16.2798,0.1887,0.199996049960994,0.4314,0.3922,0.1961,24.3559,2,-16.7457,"Tomato_30_1",0.00018,0.03,0.00085890438547695,"Tomato_30_1_26_Scenario_1A",26
2121,2151,21,-1.6802,2.2001,-20.7328,-1.6224,2.2389,-20.9203,0.1887,0.200006324899989,0.4314,0.3922,0.1961,24.3736,2,-12.1052,"Tomato_30_1",0.00018,0.03,0.000520534711557806,"Tomato_30_1_26_Scenario_1A",26
2115,2152,16,4.0403,6.0768,-16.5936,4.191,5.9836,-16.6863,0.1887,0.19997504844355,0.4314,0.3922,0.1961,24.3808,2,-16.3392,"Tomato_30_1",0.00018,0.03,0.000646629998784868,"Tomato_30_1_26_Scenario_1A",26
2128,2153,26,3.0136,-4.9135,-15.7081,3.0232,-5.073,-15.8284,0.1887,0.200011249683612,0.4314,0.3922,0.1961,24.3874,2,-17.1971,"Tomato_30_1",0.00018,0.03,0.0005297839056367,"Tomato_30_1_26_Scenario_1A",26
2131,2154,29,0.4637,2.8801,-17.5152,0.4801,2.9939,-17.6789,0.1887,0.200042720437409,0.4314,0.3922,0.1961,24.3899,2,-15.3466,"Tomato_30_1",0.00018,0.03,0.000785398475475325,"Tomato_30_1_26_Scenario_1A",26
2110,2155,9,4.8895,4.0758,-19.1591,4.9326,4.0854,-19.3542,0.1887,0.200034447033505,0.4314,0.3922,0.1961,24.3946,2,-13.6713,"Tomato_30_1",0.00018,0.03,0.000680242933845222,"Tomato_30_1_26_Scenario_1A",26
2119,2156,18,-1.9824,1.1665,-19.9855,-1.9844,1.1889,-20.1842,0.1887,0.19996862253864,0.4314,0.3922,0.1961,24.3948,2,-12.8413,"Tomato_30_1",0.00018,0.03,0.000652186065855468,"Tomato_30_1_26_Scenario_1A",26
2133,2157,28,3.9316,4.2657,-14.48,3.9921,4.4241,-14.5859,0.1887,0.199914031523553,0.4314,0.3922,0.1961,24.4014,2,-18.4396,"Tomato_30_1",0.00018,0.03,0.000735213236441136,"Tomato_30_1_26_Scenario_1A",26
2135,2158,30,2.3866,0.6451,-17.0771,2.4705,0.7049,-17.2485,0.1887,0.199983024279561,0.4314,0.3922,0.1961,24.4061,2,-15.777,"Tomato_30_1",0.00018,0.03,0.000794492510867723,"Tomato_30_1_26_Scenario_1A",26
2132,2159,25,-2.8273,2.8477,-19.5133,-2.8319,2.898,-19.7068,0.1887,0.19998374933979,0.4314,0.3922,0.1961,24.4067,2,-13.3187,"Tomato_30_1",0.00018,0.03,0.00049417077860926,"Tomato_30_1_26_Scenario_1A",26
2126,2160,20,-3.5175,-1.3828,-19.5873,-3.4785,-1.3552,-19.7815,0.1887,0.199990999797493,0.4314,0.3922,0.1961,24.4074,2,-13.244,"Tomato_30_1",0.00018,0.03,0.000556449431241582,"Tomato_30_1_26_Scenario_1A",26
2144,2161,33,-1.0348,-0.3298,-16.0081,-1.1453,-0.4373,-16.1355,0.1887,0.199993149882691,0.4314,0.3922,0.1961,24.4228,2,-16.89,"Tomato_30_1",0.00018,0.03,0.000924854555446714,"Tomato_30_1_26_Scenario_1A",26
2124,2162,14,-10.9721,3.177,-14.9159,-11.0924,3.2176,-15.0705,0.1887,0.200054017705218,0.4314,0.3922,0.1961,24.4378,2,-17.955,"Tomato_30_1",0.00018,0.03,0.000668029211151672,"Tomato_30_1_26_Scenario_1A",26
2143,2163,27,-0.3464,4.4002,-18.1767,-0.308,4.4249,-18.3714,0.1887,0.19998184917637,0.4314,0.3922,0.1961,24.4416,2,-14.6541,"Tomato_30_1",0.00018,0.03,0.000527763943250355,"Tomato_30_1_26_Scenario_1A",26
2145,2164,31,0.4843,-2.1025,-16.7155,0.4882,-2.1892,-16.8957,0.1887,0.20001034973221,0.4314,0.3922,0.1961,24.4435,2,-16.1298,"Tomato_30_1",0.00018,0.03,0.000822313892831429,"Tomato_30_1_26_Scenario_1A",26
2125,2165,11,-3.7069,8.6879,-17.1129,-3.626,8.8029,-17.2551,0.1887,0.199976623633862,0.4314,0.3922,0.1961,24.4527,2,-15.7704,"Tomato_30_1",0.00018,0.03,0.000650852941425927,"Tomato_30_1_26_Scenario_1A",26
2118,2166,4,2.6003,1.2194,-22.5418,2.5911,1.2093,-22.7414,0.1887,0.200067013772886,0.4314,0.3922,0.1961,24.457,2,-10.2841,"Tomato_30_1",0.00018,0.03,0.000683675673176974,"Tomato_30_1_26_Scenario_1A",26
2127,2167,13,2.1693,-1.4801,-19.9382,2.169,-1.5713,-20.1163,0.1887,0.200092828457194,0.4314,0.3922,0.1961,24.4613,2,-12.9092,"Tomato_30_1",0.00018,0.03,0.000681533995010504,"Tomato_30_1_26_Scenario_1A",26
2141,2168,23,-4.0198,0.3046,-18.9894,-4.0613,0.3342,-19.1828,0.1887,0.200004924939363,0.4314,0.3922,0.1961,24.4671,2,-13.8427,"Tomato_30_1",0.00018,0.03,0.000512258055327078,"Tomato_30_1_26_Scenario_1A",26
2114,2169,3,6.389,4.694,-17.9077,6.4398,4.7454,-18.0942,0.1887,0.200012124632485,0.4314,0.3922,0.1961,24.4682,2,-14.9313,"Tomato_30_1",0.00018,0.03,0.000720569385455458,"Tomato_30_1_26_Scenario_1A",26
2150,2170,32,-1.1663,1.096,-16.2798,-1.2783,1.1976,-16.4107,0.1887,0.200003424970672,0.4314,0.3922,0.1961,24.473,2,-16.6148,"Tomato_30_1",0.00018,0.03,0.000855814424714989,"Tomato_30_1_26_Scenario_1A",26
2104,2171,2,0.397,-3.3353,-18.6993,0.3181,-3.2902,-18.8774,0.1887,0.199947067995508,0.4314,0.3922,0.1961,24.4743,2,-14.1481,"Tomato_30_1",0.00018,0.03,0.000762236984825047,"Tomato_30_1_26_Scenario_1A",26
2147,2172,24,6.6879,0.1077,-15.2934,6.7596,-0.013,-15.4359,0.1887,0.200039071183607,0.4314,0.3922,0.1961,24.4752,2,-17.5896,"Tomato_30_1",0.00018,0.03,0.000496705752756446,"Tomato_30_1_26_Scenario_1A",26
2117,2173,1,-4.2064,-4.443,-20.077,-4.22,-4.4886,-20.2713,0.1887,0.200042020585674,0.4314,0.3922,0.1961,24.4816,2,-12.7542,"Tomato_30_1",0.00018,0.03,0.000663225551948356,"Tomato_30_1_26_Scenario_1A",26
2146,2174,22,0.8717,4.5572,-18.592,0.8824,4.5216,-18.7885,0.1887,0.199985249456054,0.4314,0.3922,0.1961,24.4839,2,-14.237,"Tomato_30_1",0.00018,0.03,0.00051475796001184,"Tomato_30_1_26_Scenario_1A",26
2129,2175,10,-8.5315,-5.679,-18.3507,-8.6735,-5.6137,-18.4754,0.1887,0.199945442558715,0.4314,0.3922,0.1961,24.486,2,-14.5501,"Tomato_30_1",0.00018,0.03,0.000680762582310204,"Tomato_30_1_26_Scenario_1A",26
2139,2176,19,-1.0028,-6.065,-17.0629,-1.054,-6.0336,-17.2536,0.1887,0.199934714344458,0.4314,0.3922,0.1961,24.4899,2,-15.7719,"Tomato_30_1",0.00018,0.03,0.000625357903679627,"Tomato_30_1_26_Scenario_1A",26
2140,2177,15,2.9308,-3.6318,-21.449,2.9543,-3.59,-21.6432,0.1887,0.200032822306739,0.4314,0.3922,0.1961,24.4981,2,-11.3823,"Tomato_30_1",0.00018,0.03,0.000632119180579239,"Tomato_30_1_26_Scenario_1A",26
2154,2178,29,0.4801,2.9939,-17.6789,0.4671,3.1066,-17.8436,0.1887,0.199990949795234,0.4314,0.3922,0.1961,24.508,2,-15.1819,"Tomato_30_1",0.00018,0.03,0.000782554327832534,"Tomato_30_1_26_Scenario_1A",26
2157,2179,28,3.9921,4.4241,-14.5859,4.045,4.5487,-14.7332,0.1887,0.200052143202716,0.4314,0.3922,0.1961,24.5128,2,-18.2923,"Tomato_30_1",0.00018,0.03,0.000733047557108123,"Tomato_30_1_26_Scenario_1A",26
2130,2180,6,-1.056,3.0289,-20.7536,-1.064,3.0398,-20.9531,0.1887,0.199957645515245,0.4314,0.3922,0.1961,24.5132,2,-12.0724,"Tomato_30_1",0.00018,0.03,0.0007067070651128,"Tomato_30_1_26_Scenario_1A",26
2158,2181,30,2.4705,0.7049,-17.2485,2.5164,0.7878,-17.4247,0.1887,0.200064139715244,0.4314,0.3922,0.1961,24.5164,2,-15.6008,"Tomato_30_1",0.00018,0.03,0.000791925792595384,"Tomato_30_1_26_Scenario_1A",26
2153,2182,26,3.0232,-5.073,-15.8284,3.0359,-5.1906,-15.9897,0.1887,0.200021848806573,0.4314,0.3922,0.1961,24.5183,2,-17.0358,"Tomato_30_1",0.00018,0.03,0.000528174783708982,"Tomato_30_1_26_Scenario_1A",26
2134,2183,8,4.5246,-10.346,-16.9456,4.5331,-10.3542,-17.1453,0.1887,0.200048944011209,0.4314,0.3922,0.1961,24.5217,2,-15.8802,"Tomato_30_1",0.00018,0.03,0.000684378659619578,"Tomato_30_1_26_Scenario_1A",26
2161,2184,33,-1.1453,-0.4373,-16.1355,-1.2719,-0.5462,-16.2455,0.1887,0.199966922264658,0.4314,0.3922,0.1961,24.5221,2,-16.78,"Tomato_30_1",0.00018,0.03,0.000920876882703123,"Tomato_30_1_26_Scenario_1A",26
2151,2185,21,-1.6224,2.2389,-20.9203,-1.5869,2.2974,-21.1082,0.1887,0.199972273078044,0.4314,0.3922,0.1961,24.5231,2,-11.9173,"Tomato_30_1",0.00018,0.03,0.000518981193764539,"Tomato_30_1_26_Scenario_1A",26
2149,2186,17,2.2681,-2.7719,-20.6477,2.2477,-2.8561,-20.828,0.1887,0.200034721985958,0.4314,0.3922,0.1961,24.5298,2,-12.1975,"Tomato_30_1",0.00018,0.03,0.000651099974034942,"Tomato_30_1_26_Scenario_1A",26
2159,2187,25,-2.8319,2.898,-19.7068,-2.8358,2.9509,-19.8997,0.1887,0.200060065980193,0.4314,0.3922,0.1961,24.5346,2,-13.1258,"Tomato_30_1",0.00018,0.03,0.000492831703610956,"Tomato_30_1_26_Scenario_1A",26
2142,2188,5,-3.562,-1.1119,-21.7093,-3.5307,-1.098,-21.9063,0.1887,0.199954744879938,0.4314,0.3922,0.1961,24.5389,2,-11.1192,"Tomato_30_1",0.00018,0.03,0.000669456673515832,"Tomato_30_1_26_Scenario_1A",26
2137,2189,7,-8.842,1.689,-16.1438,-8.9449,1.7986,-16.2756,0.1887,0.19992951257881,0.4314,0.3922,0.1961,24.541,2,-16.7499,"Tomato_30_1",0.00018,0.03,0.000695372360671304,"Tomato_30_1_26_Scenario_1A",26
2148,2190,12,-2.2178,-4.7503,-19.3186,-2.1675,-4.6996,-19.5054,0.1887,0.199987049580718,0.4314,0.3922,0.1961,24.5475,2,-13.5201,"Tomato_30_1",0.00018,0.03,0.000662806057432793,"Tomato_30_1_26_Scenario_1A",26
2164,2191,31,0.4882,-2.1892,-16.8957,0.4939,-2.2767,-17.0755,0.1887,0.200041945601416,0.4314,0.3922,0.1961,24.5543,2,-15.95,"Tomato_30_1",0.00018,0.03,0.000819454434925537,"Tomato_30_1_26_Scenario_1A",26
2152,2192,16,4.191,5.9836,-16.6863,4.3367,5.8869,-16.7834,0.1887,0.200019474051904,0.4314,0.3922,0.1961,24.5589,2,-16.2421,"Tomato_30_1",0.00018,0.03,0.000645311850389433,"Tomato_30_1_26_Scenario_1A",26
2163,2193,27,-0.308,4.4249,-18.3714,-0.2732,4.4278,-18.5683,0.1887,0.199972648129687,0.4314,0.3922,0.1961,24.5607,2,-14.4572,"Tomato_30_1",0.00018,0.03,0.00052596511534674,"Tomato_30_1_26_Scenario_1A",26
2160,2194,20,-3.4785,-1.3552,-19.7815,-3.4604,-1.3078,-19.975,0.1887,0.20004154568489,0.4314,0.3922,0.1961,24.5616,2,-13.0505,"Tomato_30_1",0.00018,0.03,0.000555177218930623,"Tomato_30_1_26_Scenario_1A",26
2156,2195,18,-1.9844,1.1889,-20.1842,-1.9863,1.2076,-20.3833,0.1887,0.199985274457894,0.4314,0.3922,0.1961,24.5672,2,-12.6422,"Tomato_30_1",0.00018,0.03,0.000650766444447338,"Tomato_30_1_26_Scenario_1A",26
2170,2196,32,-1.2783,1.1976,-16.4107,-1.4076,1.3175,-16.5051,0.1887,0.200014649463483,0.4314,0.3922,0.1961,24.5909,2,-16.5204,"Tomato_30_1",0.00018,0.03,0.000852984061061137,"Tomato_30_1_26_Scenario_1A",26
147,2197,0,-0.2716,-0.0193,-26.079,-0.3063,-0.0117,-26.2759,0.1887,0.200078634541522,0.4314,0.3922,0.1961,24.5932,1,-6.7496,"Tomato_30_1",0.00018,0.03,0.000920219545830489,"Tomato_30_1_26_Scenario_1A",26
2155,2198,9,4.9326,4.0854,-19.3542,4.977,4.1008,-19.5486,0.1887,0.199999699999777,0.4314,0.3922,0.1961,24.6087,2,-13.4769,"Tomato_30_1",0.00018,0.03,0.000678777579917562,"Tomato_30_1_26_Scenario_1A",26
2172,2199,24,6.7596,-0.013,-15.4359,6.8042,-0.127,-15.594,0.1887,0.199951919220596,0.4314,0.3922,0.1961,24.6136,2,-17.4315,"Tomato_30_1",0.00018,0.03,0.000495091855536122,"Tomato_30_1_26_Scenario_1A",26
2168,2200,23,-4.0613,0.3342,-19.1828,-4.0916,0.3721,-19.3768,0.1887,0.199976248589675,0.4314,0.3922,0.1961,24.615,2,-13.6487,"Tomato_30_1",0.00018,0.03,0.000510884685740338,"Tomato_30_1_26_Scenario_1A",26
2184,2201,33,-1.2719,-0.5462,-16.2455,-1.4151,-0.6493,-16.3397,0.1887,0.200023723592978,0.4314,0.3922,0.1961,24.6222,2,-16.6858,"Tomato_30_1",0.00018,0.03,0.000917542791476893,"Tomato_30_1_26_Scenario_1A",26
2179,2202,28,4.045,4.5487,-14.7332,4.087,4.6701,-14.8865,0.1887,0.20000712487309,0.4314,0.3922,0.1961,24.6251,2,-18.139,"Tomato_30_1",0.00018,0.03,0.000730417541741356,"Tomato_30_1_26_Scenario_1A",26
2162,2203,14,-11.0924,3.2176,-15.0705,-11.2042,3.2498,-15.2331,0.1887,0.199937090105864,0.4314,0.3922,0.1961,24.6266,2,-17.7924,"Tomato_30_1",0.00018,0.03,0.000666316413838866,"Tomato_30_1_26_Scenario_1A",26
2178,2204,29,0.4671,3.1066,-17.8436,0.4412,3.2133,-18.0108,0.1887,0.200028847919495,0.4314,0.3922,0.1961,24.6271,2,-15.0147,"Tomato_30_1",0.00018,0.03,0.000780284084084702,"Tomato_30_1_26_Scenario_1A",26
2181,2205,30,2.5164,0.7878,-17.4247,2.5473,0.8442,-17.614,0.1887,0.199925636175053,0.4314,0.3922,0.1961,24.6276,2,-15.4115,"Tomato_30_1",0.00018,0.03,0.000788716164505205,"Tomato_30_1_26_Scenario_1A",26
212,2206,34,-0.3696,-0.0853,-16.0506,-0.4602,0.0609,-16.1527,0.1887,0.200018024187822,0.4314,0.3922,0.1961,24.6291,2,-16.8728,"Tomato_30_1",0.00018,0.03,0.000951493585545183,"Tomato_30_1_26_Scenario_1A",26
2174,2207,22,0.8824,4.5216,-18.7885,0.8889,4.4872,-18.9854,0.1887,0.199988049642972,0.4314,0.3922,0.1961,24.6316,2,-14.0401,"Tomato_30_1",0.00018,0.03,0.000513458655518014,"Tomato_30_1_26_Scenario_1A",26
2182,2208,26,3.0359,-5.1906,-15.9897,3.056,-5.3313,-16.1304,0.1887,0.199992474858432,0.4314,0.3922,0.1961,24.6503,2,-16.8951,"Tomato_30_1",0.00018,0.03,0.000526610626926167,"Tomato_30_1_26_Scenario_1A",26
2165,2209,11,-3.626,8.8029,-17.2551,-3.5474,8.9117,-17.4034,0.1887,0.200020723926299,0.4314,0.3922,0.1961,24.6567,2,-15.6221,"Tomato_30_1",0.00018,0.03,0.000649707115645694,"Tomato_30_1_26_Scenario_1A",26
2187,2210,25,-2.8358,2.9509,-19.8997,-2.7935,3.0032,-20.088,0.1887,0.199953669633745,0.4314,0.3922,0.1961,24.6638,2,-12.9375,"Tomato_30_1",0.00018,0.03,0.000491183044193072,"Tomato_30_1_26_Scenario_1A",26
2191,2211,31,0.4939,-2.2767,-17.0755,0.498,-2.3498,-17.2616,0.1887,0.199984074365935,0.4314,0.3922,0.1961,24.6659,2,-15.7639,"Tomato_30_1",0.00018,0.03,0.00081646221726504,"Tomato_30_1_26_Scenario_1A",26
2176,2212,19,-1.054,-6.0336,-17.2536,-1.0996,-5.9681,-17.437,0.1887,0.20001292458239,0.4314,0.3922,0.1961,24.6663,2,-15.5885,"Tomato_30_1",0.00018,0.03,0.000624188744972742,"Tomato_30_1_26_Scenario_1A",26
2167,2213,13,2.169,-1.5713,-20.1163,2.1068,-1.6897,-20.2649,0.1887,0.199923385325481,0.4314,0.3922,0.1961,24.669,2,-12.7606,"Tomato_30_1",0.00018,0.03,0.000679608062572104,"Tomato_30_1_26_Scenario_1A",26
2185,2214,21,-1.5869,2.2974,-21.1082,-1.5663,2.315,-21.3064,0.1887,0.200043395292121,0.4314,0.3922,0.1961,24.6743,2,-11.7191,"Tomato_30_1",0.00018,0.03,0.000517847967983776,"Tomato_30_1_26_Scenario_1A",26
2177,2215,15,2.9543,-3.59,-21.6432,2.9766,-3.548,-21.8374,0.1887,0.199937315176531,0.4314,0.3922,0.1961,24.6787,2,-11.1881,"Tomato_30_1",0.00018,0.03,0.000630566036453248,"Tomato_30_1_26_Scenario_1A",26
2193,2216,27,-0.2732,4.4278,-18.5683,-0.2175,4.4292,-18.7604,0.1887,0.200017149264757,0.4314,0.3922,0.1961,24.6808,2,-14.2651,"Tomato_30_1",0.00018,0.03,0.000524456755061929,"Tomato_30_1_26_Scenario_1A",26
2166,2217,4,2.5911,1.2093,-22.7414,2.5781,1.2101,-22.9409,0.1887,0.199924710828852,0.4314,0.3922,0.1961,24.6975,2,-10.0846,"Tomato_30_1",0.00018,0.03,0.000682028021456502,"Tomato_30_1_26_Scenario_1A",26
2196,2218,32,-1.4076,1.3175,-16.5051,-1.5364,1.433,-16.6054,0.1887,0.199974448367786,0.4314,0.3922,0.1961,24.7098,2,-16.4201,"Tomato_30_1",0.00018,0.03,0.000850177679342726,"Tomato_30_1_26_Scenario_1A",26
2186,2219,17,2.2477,-2.8561,-20.828,2.2331,-2.9319,-21.0125,0.1887,0.199997624985898,0.4314,0.3922,0.1961,24.7113,2,-12.013,"Tomato_30_1",0.00018,0.03,0.000649689745839447,"Tomato_30_1_26_Scenario_1A",26
2175,2220,10,-8.6735,-5.6137,-18.4754,-8.8078,-5.541,-18.6046,0.1887,0.200036046751579,0.4314,0.3922,0.1961,24.7119,2,-14.4209,"Tomato_30_1",0.00018,0.03,0.000679913282233651,"Tomato_30_1_26_Scenario_1A",26
2194,2221,20,-3.4604,-1.3078,-19.975,-3.4354,-1.2639,-20.1685,0.1887,0.199986149520411,0.4314,0.3922,0.1961,24.7174,2,-12.857,"Tomato_30_1",0.00018,0.03,0.000553768989151606,"Tomato_30_1_26_Scenario_1A",26
2206,2222,34,-0.4602,0.0609,-16.1527,-0.5512,0.1653,-16.297,0.1887,0.200007124873091,0.4314,0.3922,0.1961,24.722,2,-16.7285,"Tomato_30_1",0.00018,0.03,0.000947727517685132,"Tomato_30_1_26_Scenario_1A",26
2201,2223,33,-1.4151,-0.6493,-16.3397,-1.5668,-0.7192,-16.4498,0.1887,0.200052268170095,0.4314,0.3922,0.1961,24.723,2,-16.5757,"Tomato_30_1",0.00018,0.03,0.000914337981316601,"Tomato_30_1_26_Scenario_1A",26
2202,2224,28,4.087,4.6701,-14.8865,4.1639,4.7856,-15.0305,0.1887,0.19997464839324,0.4314,0.3922,0.1961,24.7382,2,-17.995,"Tomato_30_1",0.00018,0.03,0.000728042577162416,"Tomato_30_1_26_Scenario_1A",26
2169,2225,3,6.4398,4.7454,-18.0942,6.4945,4.7978,-18.2793,0.1887,0.199999649999692,0.4314,0.3922,0.1961,24.7387,2,-14.7462,"Tomato_30_1",0.00018,0.03,0.000719502440260963,"Tomato_30_1_26_Scenario_1A",26
2192,2226,16,4.3367,5.8869,-16.7834,4.4827,5.7913,-16.881,0.1887,0.199952794429085,0.4314,0.3922,0.1961,24.7393,2,-16.1445,"Tomato_30_1",0.00018,0.03,0.000643819032885491,"Tomato_30_1_26_Scenario_1A",26
2205,2227,30,2.5473,0.8442,-17.614,2.5729,0.9007,-17.8042,0.1887,0.200059116263169,0.4314,0.3922,0.1961,24.7396,2,-15.2213,"Tomato_30_1",0.00018,0.03,0.000786804221493243,"Tomato_30_1_26_Scenario_1A",26
2195,2228,18,-1.9863,1.2076,-20.3833,-2.003,1.218,-20.5824,0.1887,0.200069637876417,0.4314,0.3922,0.1961,24.7413,2,-12.4431,"Tomato_30_1",0.00018,0.03,0.000649751336831231,"Tomato_30_1_26_Scenario_1A",26
2204,2229,29,0.4412,3.2133,-18.0108,0.3791,3.3047,-18.1775,0.1887,0.199998149991443,0.4314,0.3922,0.1961,24.7472,2,-14.848,"Tomato_30_1",0.00018,0.03,0.000777968151215316,"Tomato_30_1_26_Scenario_1A",26
2173,2230,1,-4.22,-4.4886,-20.2713,-4.2171,-4.5982,-20.4386,0.1887,0.200024648481132,0.4314,0.3922,0.1961,24.7485,2,-12.5869,"Tomato_30_1",0.00018,0.03,0.00066222716199227,"Tomato_30_1_26_Scenario_1A",26
2199,2231,24,6.8042,-0.127,-15.594,6.8511,-0.238,-15.7537,0.1887,0.200061740470286,0.4314,0.3922,0.1961,24.7533,2,-17.2718,"Tomato_30_1",0.00018,0.03,0.000494106414780091,"Tomato_30_1_26_Scenario_1A",26
2183,2232,8,4.5331,-10.3542,-17.1453,4.5614,-10.3653,-17.343,0.1887,0.200023473622474,0.4314,0.3922,0.1961,24.7545,2,-15.6825,"Tomato_30_1",0.00018,0.03,0.000683128006343498,"Tomato_30_1_26_Scenario_1A",26
2188,2233,5,-3.5307,-1.098,-21.9063,-3.4985,-1.0876,-22.1034,0.1887,0.199983524321379,0.4314,0.3922,0.1961,24.7574,2,-10.9221,"Tomato_30_1",0.00018,0.03,0.000668414945236321,"Tomato_30_1_26_Scenario_1A",26
2190,2234,12,-2.1675,-4.6996,-19.5054,-2.1255,-4.6415,-19.6921,0.1887,0.199991249808584,0.4314,0.3922,0.1961,24.758,2,-13.3334,"Tomato_30_1",0.00018,0.03,0.000661693181348953,"Tomato_30_1_26_Scenario_1A",26
2180,2235,6,-1.064,3.0398,-20.9531,-1.0558,3.0534,-21.1525,0.1887,0.200031397535488,0.4314,0.3922,0.1961,24.7616,2,-11.873,"Tomato_30_1",0.00018,0.03,0.000705965006552243,"Tomato_30_1_26_Scenario_1A",26
2200,2236,23,-4.0916,0.3721,-19.3768,-4.1265,0.4036,-19.5712,0.1887,0.200004049958996,0.4314,0.3922,0.1961,24.7644,2,-13.4543,"Tomato_30_1",0.00018,0.03,0.00050980099646237,"Tomato_30_1_26_Scenario_1A",26
2189,2237,7,-8.9449,1.7986,-16.2756,-9.0279,1.8937,-16.4308,0.1887,0.200050118720285,0.4314,0.3922,0.1961,24.7776,2,-16.5947,"Tomato_30_1",0.00018,0.03,0.000694804951803332,"Tomato_30_1_26_Scenario_1A",26
2211,2238,31,0.498,-2.3498,-17.2616,0.5078,-2.398,-17.4554,0.1887,0.199944292241614,0.4314,0.3922,0.1961,24.7784,2,-15.5701,"Tomato_30_1",0.00018,0.03,0.000813778101650451,"Tomato_30_1_26_Scenario_1A",26
2207,2239,22,0.8889,4.4872,-18.9854,0.9104,4.4484,-19.1804,0.1887,0.199981724164985,0.4314,0.3922,0.1961,24.7806,2,-13.8451,"Tomato_30_1",0.00018,0.03,0.000512282038911492,"Tomato_30_1_26_Scenario_1A",26
2208,2240,26,3.056,-5.3313,-16.1304,3.02,-5.4502,-16.2872,0.1887,0.200048619090458,0.4314,0.3922,0.1961,24.7833,2,-16.7383,"Tomato_30_1",0.00018,0.03,0.000525421279336631,"Tomato_30_1_26_Scenario_1A",26
2210,2241,25,-2.7935,3.0032,-20.088,-2.7783,3.0625,-20.2784,0.1887,0.199999224998499,0.4314,0.3922,0.1961,24.7941,2,-12.7471,"Tomato_30_1",0.00018,0.03,0.000490048073901083,"Tomato_30_1_26_Scenario_1A",26
2216,2242,27,-0.2175,4.4292,-18.7604,-0.173,4.4063,-18.954,0.1887,0.199964046768413,0.4314,0.3922,0.1961,24.8019,2,-14.0715,"Tomato_30_1",0.00018,0.03,0.000522841758262403,"Tomato_30_1_26_Scenario_1A",26
2171,2243,2,0.3181,-3.2902,-18.8774,0.2078,-3.2289,-19.0326,0.1887,0.200027048170989,0.4314,0.3922,0.1961,24.8051,2,-13.9929,"Tomato_30_1",0.00018,0.03,0.000761675866749559,"Tomato_30_1_26_Scenario_1A",26
148,2244,0,-0.3063,-0.0117,-26.2759,-0.309,0.002,-26.4293,0.1887,0.154034216977918,0.4314,0.3922,0.1961,24.813,1,-6.5962,"Tomato_30_1",0.00018,0.03,0.000713287008969249,"Tomato_30_1_26_Scenario_1A",26
2222,2245,34,-0.5512,0.1653,-16.297,-0.6276,0.2883,-16.435,0.1887,0.200024898450167,0.4314,0.3922,0.1961,24.8154,2,-16.5905,"Tomato_30_1",0.00018,0.03,0.00094436687699103,"Tomato_30_1_26_Scenario_1A",26
2203,2246,14,-11.2042,3.2498,-15.2331,-11.3231,3.2889,-15.3891,0.1887,0.200005049936244,0.4314,0.3922,0.1961,24.8175,2,-17.6364,"Tomato_30_1",0.00018,0.03,0.000665409906370395,"Tomato_30_1_26_Scenario_1A",26
2223,2247,33,-1.5668,-0.7192,-16.4498,-1.7178,-0.7892,-16.5607,0.1887,0.199999524999436,0.4314,0.3922,0.1961,24.8247,2,-16.4648,"Tomato_30_1",0.00018,0.03,0.000911022432626579,"Tomato_30_1_26_Scenario_1A",26
2198,2248,9,4.977,4.1008,-19.5486,4.9934,4.1221,-19.7468,0.1887,0.200014724457976,0.4314,0.3922,0.1961,24.8256,2,-13.2787,"Tomato_30_1",0.00018,0.03,0.000677674534309319,"Tomato_30_1_26_Scenario_1A",26
2214,2249,21,-1.5663,2.315,-21.3064,-1.5674,2.3712,-21.4983,0.1887,0.199963146604568,0.4314,0.3922,0.1961,24.8273,2,-11.5272,"Tomato_30_1",0.00018,0.03,0.000516470278562607,"Tomato_30_1_26_Scenario_1A",26
2218,2250,32,-1.5364,1.433,-16.6054,-1.6662,1.5495,-16.7033,0.1887,0.200011749654864,0.4314,0.3922,0.1961,24.8296,2,-16.3222,"Tomato_30_1",0.00018,0.03,0.000847942814394753,"Tomato_30_1_26_Scenario_1A",26
2212,2251,19,-1.0996,-5.9681,-17.437,-1.1367,-5.9203,-17.6277,0.1887,0.200069337980611,0.4314,0.3922,0.1961,24.8445,2,-15.3978,"Tomato_30_1",0.00018,0.03,0.000623127846877108,"Tomato_30_1_26_Scenario_1A",26
2224,2252,28,4.1639,4.7856,-15.0305,4.2459,4.8998,-15.1727,0.1887,0.199966197143418,0.4314,0.3922,0.1961,24.8522,2,-17.8528,"Tomato_30_1",0.00018,0.03,0.000725962887503699,"Tomato_30_1_26_Scenario_1A",26
2227,2253,30,2.5729,0.9007,-17.8042,2.5859,0.9253,-18.0022,0.1887,0.199945392545062,0.4314,0.3922,0.1961,24.8524,2,-15.0233,"Tomato_30_1",0.00018,0.03,0.000784143441578699,"Tomato_30_1_26_Scenario_1A",26
2215,2254,15,2.9766,-3.548,-21.8374,3.0164,-3.5082,-22.0294,0.1887,0.200080183926345,0.4314,0.3922,0.1961,24.8617,2,-10.9961,"Tomato_30_1",0.00018,0.03,0.000629943826690304,"Tomato_30_1_26_Scenario_1A",26
2209,2255,11,-3.5474,8.9117,-17.4034,-3.474,9.0234,-17.5522,0.1887,0.200014724457975,0.4314,0.3922,0.1961,24.8637,2,-15.4733,"Tomato_30_1",0.00018,0.03,0.00064858308242686,"Tomato_30_1_26_Scenario_1A",26
2229,2256,29,0.3791,3.3047,-18.1775,0.3,3.3917,-18.3392,0.1887,0.199931738350871,0.4314,0.3922,0.1961,24.8683,2,-14.6863,"Tomato_30_1",0.00018,0.03,0.000775736146624919,"Tomato_30_1_26_Scenario_1A",26
2221,2257,20,-3.4354,-1.2639,-20.1685,-3.3939,-1.2364,-20.3622,0.1887,0.19999547494881,0.4314,0.3922,0.1961,24.8749,2,-12.6633,"Tomato_30_1",0.00018,0.03,0.000552697995839849,"Tomato_30_1_26_Scenario_1A",26
2213,2258,13,2.1068,-1.6897,-20.2649,2.0197,-1.7923,-20.4129,0.1887,0.200042920394599,0.4314,0.3922,0.1961,24.8797,2,-12.6126,"Tomato_30_1",0.00018,0.03,0.000678858478557561,"Tomato_30_1_26_Scenario_1A",26
2238,2259,31,0.5078,-2.398,-17.4554,0.5622,-2.4535,-17.6397,0.1887,0.200015249418638,0.4314,0.3922,0.1961,24.8917,2,-15.3858,"Tomato_30_1",0.00018,0.03,0.00081177571321084,"Tomato_30_1_26_Scenario_1A",26
2231,2260,24,6.8511,-0.238,-15.7537,6.8955,-0.3485,-15.9143,0.1887,0.199934914409665,0.4314,0.3922,0.1961,24.8944,2,-17.1112,"Tomato_30_1",0.00018,0.03,0.000492677170369582,"Tomato_30_1_26_Scenario_1A",26
2219,2261,17,2.2331,-2.9319,-21.0125,2.218,-2.9711,-21.2081,0.1887,0.200060015995203,0.4314,0.3922,0.1961,24.8952,2,-11.8174,"Tomato_30_1",0.00018,0.03,0.00064878744680672,"Tomato_30_1_26_Scenario_1A",26
2245,2262,34,-0.6276,0.2883,-16.435,-0.6974,0.4086,-16.5787,0.1887,0.1999845494032,0.4314,0.3922,0.1961,24.9094,2,-16.4468,"Tomato_30_1",0.00018,0.03,0.000941001096509022,"Tomato_30_1_26_Scenario_1A",26
2236,2263,23,-4.1265,0.4036,-19.5712,-4.1656,0.4347,-19.7649,0.1887,0.200039271144443,0.4314,0.3922,0.1961,24.9152,2,-13.2606,"Tomato_30_1",0.00018,0.03,0.000508880788878224,"Tomato_30_1_26_Scenario_1A",26
2228,2264,18,-2.003,1.218,-20.5824,-2.0202,1.2308,-20.7812,0.1887,0.199952794429084,0.4314,0.3922,0.1961,24.9172,2,-12.2443,"Tomato_30_1",0.00018,0.03,0.000648267896371817,"Tomato_30_1_26_Scenario_1A",26
2240,2265,26,3.02,-5.4502,-16.2872,2.9905,-5.5606,-16.4513,0.1887,0.199968047447587,0.4314,0.3922,0.1961,24.9175,2,-16.5742,"Tomato_30_1",0.00018,0.03,0.000524022558775602,"Tomato_30_1_26_Scenario_1A",26
2226,2266,16,4.4827,5.7913,-16.881,4.6272,5.7009,-16.9857,0.1887,0.200036246715439,0.4314,0.3922,0.1961,24.9218,2,-16.0398,"Tomato_30_1",0.00018,0.03,0.000642992736552801,"Tomato_30_1_26_Scenario_1A",26
2242,2267,27,-0.173,4.4063,-18.954,-0.1432,4.3756,-19.1494,0.1887,0.20002922286506,0.4314,0.3922,0.1961,24.924,2,-13.8761,"Tomato_30_1",0.00018,0.03,0.000521684716561863,"Tomato_30_1_26_Scenario_1A",26
2241,2268,25,-2.7783,3.0625,-20.2784,-2.7653,3.1265,-20.4675,0.1887,0.200059516144571,0.4314,0.3922,0.1961,24.9256,2,-12.558,"Tomato_30_1",0.00018,0.03,0.000489087733252007,"Tomato_30_1_26_Scenario_1A",26
2247,2269,33,-1.7178,-0.7892,-16.5607,-1.8681,-0.837,-16.6837,0.1887,0.200009824758686,0.4314,0.3922,0.1961,24.9271,2,-16.3418,"Tomato_30_1",0.00018,0.03,0.0009082543171998,"Tomato_30_1_26_Scenario_1A",26
2239,2270,22,0.9104,4.4484,-19.1804,0.9185,4.4026,-19.3749,0.1887,0.199983749339792,0.4314,0.3922,0.1961,24.9311,2,-13.6506,"Tomato_30_1",0.00018,0.03,0.000511272603533,"Tomato_30_1_26_Scenario_1A",26
2220,2271,10,-8.8078,-5.541,-18.6046,-8.9377,-5.4564,-18.731,0.1887,0.200020323967341,0.4314,0.3922,0.1961,24.9417,2,-14.2945,"Tomato_30_1",0.00018,0.03,0.000678895420029104,"Tomato_30_1_26_Scenario_1A",26
2217,2272,4,2.5781,1.2101,-22.9409,2.5671,1.2147,-23.1406,0.1887,0.200055617266799,0.4314,0.3922,0.1961,24.9418,2,-9.8849,"Tomato_30_1",0.00018,0.03,0.000681506712688055,"Tomato_30_1_26_Scenario_1A",26
2250,2273,32,-1.6662,1.5495,-16.7033,-1.8187,1.638,-16.7977,0.1887,0.199999649999694,0.4314,0.3922,0.1961,24.9503,2,-16.2278,"Tomato_30_1",0.00018,0.03,0.000845739340383699,"Tomato_30_1_26_Scenario_1A",26
2253,2274,30,2.5859,0.9253,-18.0022,2.6203,0.9545,-18.1971,0.1887,0.200055017432706,0.4314,0.3922,0.1961,24.9661,2,-14.8284,"Tomato_30_1",0.00018,0.03,0.000782581935919147,"Tomato_30_1_26_Scenario_1A",26
2252,2275,28,4.2459,4.8998,-15.1727,4.3371,5.016,-15.3076,0.1887,0.200044720000304,0.4314,0.3922,0.1961,24.9671,2,-17.7179,"Tomato_30_1",0.00018,0.03,0.000724404535461267,"Tomato_30_1_26_Scenario_1A",26
2234,2276,12,-2.1255,-4.6415,-19.6921,-2.1005,-4.6128,-19.8885,0.1887,0.200054117678193,0.4314,0.3922,0.1961,24.9719,2,-13.137,"Tomato_30_1",0.00018,0.03,0.000660962228655008,"Tomato_30_1_26_Scenario_1A",26
2233,2277,5,-3.4985,-1.0876,-22.1034,-3.4582,-1.1055,-22.2985,0.1887,0.200021273868556,0.4314,0.3922,0.1961,24.9786,2,-10.727,"Tomato_30_1",0.00018,0.03,0.000667592859479115,"Tomato_30_1_26_Scenario_1A",26
2249,2278,21,-1.5674,2.3712,-21.4983,-1.5908,2.4382,-21.6853,0.1887,0.20001389951701,0.4314,0.3922,0.1961,24.9819,2,-11.3402,"Tomato_30_1",0.00018,0.03,0.000515578203004941,"Tomato_30_1_26_Scenario_1A",26
2256,2279,29,0.3,3.3917,-18.3392,0.2192,3.4801,-18.4995,0.1887,0.200098200891462,0.4314,0.3922,0.1961,24.9904,2,-14.526,"Tomato_30_1",0.00018,0.03,0.000774627166989218,"Tomato_30_1_26_Scenario_1A",26
2232,2280,8,4.5614,-10.3653,-17.343,4.5984,-10.3933,-17.5375,0.1887,0.199958120615294,0.4314,0.3922,0.1961,24.9912,2,-15.488,"Tomato_30_1",0.00018,0.03,0.000681936264881992,"Tomato_30_1_26_Scenario_1A",26
2262,2281,34,-0.6974,0.4086,-16.5787,-0.765,0.5206,-16.7299,0.1887,0.199937990387019,0.4314,0.3922,0.1961,25.0041,2,-16.2956,"Tomato_30_1",0.00018,0.03,0.000937875798842306,"Tomato_30_1_26_Scenario_1A",26
2259,2282,31,0.5622,-2.4535,-17.6397,0.6047,-2.4858,-17.8324,0.1887,0.199957070392621,0.4314,0.3922,0.1961,25.0059,2,-15.1931,"Tomato_30_1",0.00018,0.03,0.000809479880344118,"Tomato_30_1_26_Scenario_1A",26
2246,2283,14,-11.3231,3.2889,-15.3891,-11.4104,3.3934,-15.5356,0.1887,0.200009474775572,0.4314,0.3922,0.1961,25.0105,2,-17.4899,"Tomato_30_1",0.00018,0.03,0.000664480749641059,"Tomato_30_1_26_Scenario_1A",26
2225,2284,3,6.4945,4.7978,-18.2793,6.5491,4.8495,-18.4646,0.1887,0.199975348480758,0.4314,0.3922,0.1961,25.0141,2,-14.5609,"Tomato_30_1",0.00018,0.03,0.000718597928804569,"Tomato_30_1_26_Scenario_1A",26
2235,2285,6,-1.0558,3.0534,-21.1525,-1.0672,3.0264,-21.3504,0.1887,0.200058416468791,0.4314,0.3922,0.1961,25.0143,2,-11.6751,"Tomato_30_1",0.00018,0.03,0.000705258233727496,"Tomato_30_1_26_Scenario_1A",26
2237,2286,7,-9.0279,1.8937,-16.4308,-9.1249,1.9942,-16.5739,0.1887,0.199967147301748,0.4314,0.3922,0.1961,25.0179,2,-16.4516,"Tomato_30_1",0.00018,0.03,0.000693727830589408,"Tomato_30_1_26_Scenario_1A",26
2230,2287,1,-4.2171,-4.5982,-20.4386,-4.1946,-4.747,-20.5703,0.1887,0.199981449139663,0.4314,0.3922,0.1961,25.0205,2,-12.4552,"Tomato_30_1",0.00018,0.03,0.000661332112812577,"Tomato_30_1_26_Scenario_1A",26
2251,2288,19,-1.1367,-5.9203,-17.6277,-1.1663,-5.8888,-17.8229,0.1887,0.199928612259476,0.4314,0.3922,0.1961,25.0248,2,-15.2026,"Tomato_30_1",0.00018,0.03,0.000621630923685994,"Tomato_30_1_26_Scenario_1A",26
2269,2289,33,-1.8681,-0.837,-16.6837,-2.0159,-0.8931,-16.8061,0.1887,0.19993451427905,0.4314,0.3922,0.1961,25.0304,2,-16.2194,"Tomato_30_1",0.00018,0.03,0.000905357109001709,"Tomato_30_1_26_Scenario_1A",26
2257,2290,20,-3.3939,-1.2364,-20.3622,-3.3371,-1.1882,-20.5478,0.1887,0.199992099843966,0.4314,0.3922,0.1961,25.034,2,-12.4777,"Tomato_30_1",0.00018,0.03,0.00055174911610389,"Tomato_30_1_26_Scenario_1A",26
2260,2291,24,6.8955,-0.3485,-15.9143,6.9365,-0.4556,-16.0782,0.1887,0.200036546660852,0.4314,0.3922,0.1961,25.0368,2,-16.9473,"Tomato_30_1",0.00018,0.03,0.000491951366162857,"Tomato_30_1_26_Scenario_1A",26
2248,2292,9,4.9934,4.1221,-19.7468,5.0064,4.1397,-19.9456,0.1887,0.200000499999374,0.4314,0.3922,0.1961,25.0453,2,-13.0799,"Tomato_30_1",0.00018,0.03,0.000676665220088375,"Tomato_30_1_26_Scenario_1A",26
2254,2293,15,3.0164,-3.5082,-22.0294,3.0512,-3.4889,-22.2254,0.1887,0.19999882499655,0.4314,0.3922,0.1961,25.0472,2,-10.8001,"Tomato_30_1",0.00018,0.03,0.000628794375000502,"Tomato_30_1_26_Scenario_1A",26
2267,2294,27,-0.1432,4.3756,-19.1494,-0.0781,4.3683,-19.3384,0.1887,0.200030747636457,0.4314,0.3922,0.1961,25.0472,2,-13.6871,"Tomato_30_1",0.00018,0.03,0.00052050948520886,"Tomato_30_1_26_Scenario_1A",26
2265,2295,26,2.9905,-5.5606,-16.4513,2.9814,-5.6539,-16.628,0.1887,0.200026473247918,0.4314,0.3922,0.1961,25.0528,2,-16.3975,"Tomato_30_1",0.00018,0.03,0.000523137450526293,"Tomato_30_1_26_Scenario_1A",26
2268,2296,25,-2.7653,3.1265,-20.4675,-2.7767,3.1525,-20.6654,0.1887,0.199925911277153,0.4314,0.3922,0.1961,25.0583,2,-12.3601,"Tomato_30_1",0.00018,0.03,0.000487793054930642,"Tomato_30_1_26_Scenario_1A",26
2263,2297,23,-4.1656,0.4347,-19.7649,-4.2475,0.4577,-19.9458,0.1887,0.199903526732269,0.4314,0.3922,0.1961,25.0675,2,-13.0797,"Tomato_30_1",0.00018,0.03,0.000507671097497042,"Tomato_30_1_26_Scenario_1A",26
2273,2298,32,-1.8187,1.638,-16.7977,-1.9777,1.7329,-16.8732,0.1887,0.199968147463541,0.4314,0.3922,0.1961,25.072,2,-16.1523,"Tomato_30_1",0.00018,0.03,0.000843695118920132,"Tomato_30_1_26_Scenario_1A",26
2255,2299,11,-3.474,9.0234,-17.5522,-3.4076,9.133,-17.7057,0.1887,0.1999584206779,0.4314,0.3922,0.1961,25.0739,2,-15.3198,"Tomato_30_1",0.00018,0.03,0.000647480938993284,"Tomato_30_1_26_Scenario_1A",26
2274,2300,30,2.6203,0.9545,-18.1971,2.6702,0.9681,-18.3903,0.1887,0.200003024977125,0.4314,0.3922,0.1961,25.0807,2,-14.6352,"Tomato_30_1",0.00018,0.03,0.000780610016460772,"Tomato_30_1_26_Scenario_1A",26
2261,2301,17,2.218,-2.9711,-21.2081,2.278,-3.0092,-21.395,0.1887,0.199958045599569,0.4314,0.3922,0.1961,25.0815,2,-11.6305,"Tomato_30_1",0.00018,0.03,0.000647536995305455,"Tomato_30_1_26_Scenario_1A",26
2275,2302,28,4.3371,5.016,-15.3076,4.4287,5.1301,-15.444,0.1887,0.200035821791998,0.4314,0.3922,0.1961,25.0828,2,-17.5815,"Tomato_30_1",0.00018,0.03,0.000722734835331271,"Tomato_30_1_26_Scenario_1A",26
2270,2303,22,0.9185,4.4026,-19.3749,0.9382,4.4079,-19.5739,0.1887,0.200042945389232,0.4314,0.3922,0.1961,25.083,2,-13.4516,"Tomato_30_1",0.00018,0.03,0.000510554405931137,"Tomato_30_1_26_Scenario_1A",26
2258,2304,13,2.0197,-1.7923,-20.4129,1.9279,-1.8995,-20.5546,0.1887,0.199994924935609,0.4314,0.3922,0.1961,25.0933,2,-12.4709,"Tomato_30_1",0.00018,0.03,0.000677732884008346,"Tomato_30_1_26_Scenario_1A",26
2264,2305,18,-2.0202,1.2308,-20.7812,-2.0435,1.2487,-20.979,0.1887,0.199970347801869,0.4314,0.3922,0.1961,25.0949,2,-12.0465,"Tomato_30_1",0.00018,0.03,0.000647405456162804,"Tomato_30_1_26_Scenario_1A",26
2281,2306,34,-0.765,0.5206,-16.7299,-0.8264,0.6264,-16.8882,0.1887,0.200056217099095,0.4314,0.3922,0.1961,25.0994,2,-16.1373,"Tomato_30_1",0.00018,0.03,0.00093578894674561,"Tomato_30_1_26_Scenario_1A",26
149,2307,0,-0.309,0.002,-26.4293,-0.3326,-0.0016,-26.6279,0.1887,0.200029697795101,0.4314,0.3922,0.1961,25.1001,1,-6.3976,"Tomato_30_1",0.00018,0.03,0.000921134463194565,"Tomato_30_1_26_Scenario_1A",26
2266,2308,16,4.6272,5.7009,-16.9857,4.7708,5.6097,-17.0908,0.1887,0.199961021201633,0.4314,0.3922,0.1961,25.1065,2,-15.9347,"Tomato_30_1",0.00018,0.03,0.000641839206247505,"Tomato_30_1_26_Scenario_1A",26
2279,2309,29,0.2192,3.4801,-18.4995,0.1398,3.5655,-18.662,0.1887,0.200009424777932,0.4314,0.3922,0.1961,25.1136,2,-14.3635,"Tomato_30_1",0.00018,0.03,0.000772749480110581,"Tomato_30_1_26_Scenario_1A",26
2282,2310,31,0.6047,-2.4858,-17.8324,0.6004,-2.5179,-18.0298,0.1887,0.200039146168945,0.4314,0.3922,0.1961,25.121,2,-14.9957,"Tomato_30_1",0.00018,0.03,0.000807981909354879,"Tomato_30_1_26_Scenario_1A",26
2289,2311,33,-2.0159,-0.8931,-16.8061,-2.1674,-0.9411,-16.9276,0.1887,0.200046244653581,0.4314,0.3922,0.1961,25.1345,2,-16.0979,"Tomato_30_1",0.00018,0.03,0.000903563929283041,"Tomato_30_1_26_Scenario_1A",26
2278,2312,21,-1.5908,2.4382,-21.6853,-1.6006,2.4505,-21.8847,0.1887,0.200019224076084,0.4314,0.3922,0.1961,25.1384,2,-11.1408,"Tomato_30_1",0.00018,0.03,0.000514715323800677,"Tomato_30_1_26_Scenario_1A",26
2243,2313,2,0.2078,-3.2289,-19.0326,0.0935,-3.1609,-19.182,0.1887,0.200022123776346,0.4314,0.3922,0.1961,25.1447,2,-13.8435,"Tomato_30_1",0.00018,0.03,0.000761007718269574,"Tomato_30_1_26_Scenario_1A",26
2294,2314,27,-0.0781,4.3683,-19.3384,-0.0073,4.3623,-19.5253,0.1887,0.19995061890377,0.4314,0.3922,0.1961,25.1714,2,-13.5002,"Tomato_30_1",0.00018,0.03,0.00051927052679145,"Tomato_30_1_26_Scenario_1A",26
2271,2315,10,-8.9377,-5.4564,-18.731,-9.0875,-5.4094,-18.8549,0.1887,0.200000624999024,0.4314,0.3922,0.1961,25.1755,2,-14.1706,"Tomato_30_1",0.00018,0.03,0.000678057513995411,"Tomato_30_1_26_Scenario_1A",26
2291,2316,24,6.9365,-0.4556,-16.0782,6.963,-0.5786,-16.2337,0.1887,0.200028747933891,0.4314,0.3922,0.1961,25.1806,2,-16.7918,"Tomato_30_1",0.00018,0.03,0.000491095757496878,"Tomato_30_1_26_Scenario_1A",26
2295,2317,26,2.9814,-5.6539,-16.628,2.9688,-5.7713,-16.7895,0.1887,0.200059416174296,0.4314,0.3922,0.1961,25.1892,2,-16.236,"Tomato_30_1",0.00018,0.03,0.00052233391808738,"Tomato_30_1_26_Scenario_1A",26
2276,2318,12,-2.1005,-4.6128,-19.8885,-2.0767,-4.5881,-20.0855,0.1887,0.199963821727831,0.4314,0.3922,0.1961,25.1893,2,-12.94,"Tomato_30_1",0.00018,0.03,0.000659913438075184,"Tomato_30_1_26_Scenario_1A",26
2272,2319,4,2.5671,1.2147,-23.1406,2.5639,1.2237,-23.3404,0.1887,0.20002819801218,0.4314,0.3922,0.1961,25.1901,2,-9.6851,"Tomato_30_1",0.00018,0.03,0.000680639248807791,"Tomato_30_1_26_Scenario_1A",26
2296,2320,25,-2.7767,3.1525,-20.6654,-2.792,3.1856,-20.8621,0.1887,0.200051468377515,0.4314,0.3922,0.1961,25.1923,2,-12.1634,"Tomato_30_1",0.00018,0.03,0.000487269650426644,"Tomato_30_1_26_Scenario_1A",26
2298,2321,32,-1.9777,1.7329,-16.8732,-2.1388,1.8219,-16.9514,0.1887,0.199973623260668,0.4314,0.3922,0.1961,25.1946,2,-16.0741,"Tomato_30_1",0.00018,0.03,0.000842047317368428,"Tomato_30_1_26_Scenario_1A",26
2290,2322,20,-3.3371,-1.1882,-20.5478,-3.2707,-1.1424,-20.7308,0.1887,0.199988999697483,0.4314,0.3922,0.1961,25.1948,2,-12.2947,"Tomato_30_1",0.00018,0.03,0.000550958030120031,"Tomato_30_1_26_Scenario_1A",26
2306,2323,34,-0.8264,0.6264,-16.8882,-0.8632,0.6841,-17.0761,0.1887,0.199974848418494,0.4314,0.3922,0.1961,25.1953,2,-15.9494,"Tomato_30_1",0.00018,0.03,0.000933033917686143,"Tomato_30_1_26_Scenario_1A",26
2300,2324,30,2.6702,0.9681,-18.3903,2.7359,0.9881,-18.5781,0.1887,0.199963321636744,0.4314,0.3922,0.1961,25.1961,2,-14.4474,"Tomato_30_1",0.00018,0.03,0.000778909352699785,"Tomato_30_1_26_Scenario_1A",26
2302,2325,28,4.4287,5.1301,-15.444,4.5448,5.2315,-15.5714,0.1887,0.199979823982321,0.4314,0.3922,0.1961,25.1995,2,-17.4541,"Tomato_30_1",0.00018,0.03,0.0007211013921973,"Tomato_30_1_26_Scenario_1A",26
2277,2326,5,-3.4582,-1.1055,-22.2985,-3.4346,-1.1348,-22.4949,0.1887,0.19997102290082,0.4314,0.3922,0.1961,25.2025,2,-10.5306,"Tomato_30_1",0.00018,0.03,0.000666667062234578,"Tomato_30_1_26_Scenario_1A",26
249,2327,35,-0.4302,-0.0522,-16.4493,-0.5588,-0.1859,-16.5241,0.1887,0.200021723820189,0.4314,0.3922,0.1961,25.2047,2,-16.5014,"Tomato_30_1",0.00018,0.03,0.000949392436914348,"Tomato_30_1_26_Scenario_1A",26
2283,2328,14,-11.4104,3.3934,-15.5356,-11.5126,3.4703,-15.6894,0.1887,0.200032222404291,0.4314,0.3922,0.1961,25.2057,2,-17.3361,"Tomato_30_1",0.00018,0.03,0.00066380141372817,"Tomato_30_1_26_Scenario_1A",26
2288,2329,19,-1.1663,-5.8888,-17.8229,-1.1989,-5.8689,-18.0193,0.1887,0.200079309275098,0.4314,0.3922,0.1961,25.2071,2,-15.0062,"Tomato_30_1",0.00018,0.03,0.000621217082344661,"Tomato_30_1_26_Scenario_1A",26
2297,2330,23,-4.2475,0.4577,-19.9458,-4.3393,0.4751,-20.1227,0.1887,0.200059016292693,0.4314,0.3922,0.1961,25.2214,2,-12.9028,"Tomato_30_1",0.00018,0.03,0.000507345452115851,"Tomato_30_1_26_Scenario_1A",26
2280,2331,8,4.5984,-10.3933,-17.5375,4.6379,-10.4217,-17.7315,0.1887,0.200007024876627,0.4314,0.3922,0.1961,25.2318,2,-15.294,"Tomato_30_1",0.00018,0.03,0.000681328383814047,"Tomato_30_1_26_Scenario_1A",26
2293,2332,15,3.0512,-3.4889,-22.2254,3.0882,-3.4638,-22.4203,0.1887,0.199962546493088,0.4314,0.3922,0.1961,25.2352,2,-10.6052,"Tomato_30_1",0.00018,0.03,0.000627966335971699,"Tomato_30_1_26_Scenario_1A",26
2303,2333,22,0.9382,4.4079,-19.5739,0.9381,4.3841,-19.7725,0.1887,0.200021023894992,0.4314,0.3922,0.1961,25.2364,2,-13.253,"Tomato_30_1",0.00018,0.03,0.000509774237185333,"Tomato_30_1_26_Scenario_1A",26
2310,2334,31,0.6004,-2.5179,-18.0298,0.5918,-2.5626,-18.2245,0.1887,0.199950343835661,0.4314,0.3922,0.1961,25.237,2,-14.801,"Tomato_30_1",0.00018,0.03,0.000806023624133422,"Tomato_30_1_26_Scenario_1A",26
2309,2335,29,0.1398,3.5655,-18.662,0.065,3.659,-18.8221,0.1887,0.19992323526794,0.4314,0.3922,0.1961,25.2379,2,-14.2034,"Tomato_30_1",0.00018,0.03,0.000771103572156571,"Tomato_30_1_26_Scenario_1A",26
2311,2336,33,-2.1674,-0.9411,-16.9276,-2.3187,-0.9895,-17.049,0.1887,0.199930512928866,0.4314,0.3922,0.1961,25.2394,2,-15.9765,"Tomato_30_1",0.00018,0.03,0.000901000339506022,"Tomato_30_1_26_Scenario_1A",26
2286,2337,7,-9.1249,1.9942,-16.5739,-9.2129,2.0983,-16.7203,0.1887,0.20003442203781,0.4314,0.3922,0.1961,25.2622,2,-16.3052,"Tomato_30_1",0.00018,0.03,0.000693369528737931,"Tomato_30_1_26_Scenario_1A",26
2292,2338,9,5.0064,4.1397,-19.9456,5.0386,4.1536,-20.1425,0.1887,0.199999149998193,0.4314,0.3922,0.1961,25.2679,2,-12.883,"Tomato_30_1",0.00018,0.03,0.000675892131275302,"Tomato_30_1_26_Scenario_1A",26
2301,2339,17,2.278,-3.0092,-21.395,2.3411,-3.0456,-21.5813,0.1887,0.200035646823259,0.4314,0.3922,0.1961,25.2703,2,-11.4442,"Tomato_30_1",0.00018,0.03,0.000647052578280874,"Tomato_30_1_26_Scenario_1A",26
2285,2340,6,-1.0672,3.0264,-21.3504,-1.0683,3.0076,-21.5495,0.1887,0.199988649677923,0.4314,0.3922,0.1961,25.2713,2,-11.476,"Tomato_30_1",0.00018,0.03,0.000704411190887272,"Tomato_30_1_26_Scenario_1A",26
2305,2341,18,-2.0435,1.2487,-20.979,-2.0842,1.2744,-21.1731,0.1887,0.199979473946705,0.4314,0.3922,0.1961,25.2744,2,-11.8524,"Tomato_30_1",0.00018,0.03,0.000646699729604944,"Tomato_30_1_26_Scenario_1A",26
2299,2342,11,-3.4076,9.133,-17.7057,-3.3354,9.2468,-17.8535,0.1887,0.20002029896988,0.4314,0.3922,0.1961,25.2873,2,-15.172,"Tomato_30_1",0.00018,0.03,0.000646945731998526,"Tomato_30_1_26_Scenario_1A",26
2323,2343,34,-0.8632,0.6841,-17.0761,-0.9032,0.7418,-17.2634,0.1887,0.200026448251225,0.4314,0.3922,0.1961,25.2919,2,-15.7621,"Tomato_30_1",0.00018,0.03,0.000931165416166289,"Tomato_30_1_26_Scenario_1A",26
2308,2344,16,4.7708,5.6097,-17.0908,4.9189,5.5474,-17.21,0.1887,0.20005884134424,0.4314,0.3922,0.1961,25.2936,2,-15.8155,"Tomato_30_1",0.00018,0.03,0.000641423724123687,"Tomato_30_1_26_Scenario_1A",26
2327,2345,35,-0.5588,-0.1859,-16.5241,-0.682,-0.3129,-16.6172,0.1887,0.199937115113728,0.4314,0.3922,0.1961,25.2938,2,-16.4083,"Tomato_30_1",0.00018,0.03,0.000946846331495067,"Tomato_30_1_26_Scenario_1A",26
2284,2346,3,6.5491,4.8495,-18.4646,6.6,4.8872,-18.6543,0.1887,0.199995474948808,0.4314,0.3922,0.1961,25.2946,2,-14.3712,"Tomato_30_1",0.00018,0.03,0.00071805757148382,"Tomato_30_1_26_Scenario_1A",26
2312,2347,21,-1.6006,2.4505,-21.8847,-1.6188,2.4427,-22.0837,0.1887,0.199982699251712,0.4314,0.3922,0.1961,25.2967,2,-10.9418,"Tomato_30_1",0.00018,0.03,0.000513891402487189,"Tomato_30_1_26_Scenario_1A",26
2314,2348,27,-0.0073,4.3623,-19.5253,0.0669,4.3733,-19.7107,0.1887,0.199999499999373,0.4314,0.3922,0.1961,25.2968,2,-13.3148,"Tomato_30_1",0.00018,0.03,0.000518514624087779,"Tomato_30_1_26_Scenario_1A",26
2287,2349,1,-4.1946,-4.747,-20.5703,-4.1567,-4.8934,-20.7012,0.1887,0.200010449727008,0.4314,0.3922,0.1961,25.2977,2,-12.3243,"Tomato_30_1",0.00018,0.03,0.00066086412363244,"Tomato_30_1_26_Scenario_1A",26
2304,2350,13,1.9279,-1.8995,-20.5546,1.8333,-2.0307,-20.6722,0.1887,0.199980899087888,0.4314,0.3922,0.1961,25.3099,2,-12.3533,"Tomato_30_1",0.00018,0.03,0.000676915688085653,"Tomato_30_1_26_Scenario_1A",26
2324,2351,30,2.7359,0.9881,-18.5781,2.7985,0.9789,-18.7678,0.1887,0.199973723273836,0.4314,0.3922,0.1961,25.3124,2,-14.2577,"Tomato_30_1",0.00018,0.03,0.000777625801343324,"Tomato_30_1_26_Scenario_1A",26
2325,2352,28,4.5448,5.2315,-15.5714,4.6149,5.3258,-15.7332,0.1887,0.199964346822127,0.4314,0.3922,0.1961,25.3171,2,-17.2923,"Tomato_30_1",0.00018,0.03,0.000719819973508489,"Tomato_30_1_26_Scenario_1A",26
2321,2353,32,-2.1388,1.8219,-16.9514,-2.2711,1.9578,-17.0149,0.1887,0.200010874704353,0.4314,0.3922,0.1961,25.3183,2,-16.0106,"Tomato_30_1",0.00018,0.03,0.000840772409991509,"Tomato_30_1_26_Scenario_1A",26
2316,2354,24,6.963,-0.5786,-16.2337,7.0049,-0.6735,-16.4047,0.1887,0.200006549892747,0.4314,0.3922,0.1961,25.3259,2,-16.6208,"Tomato_30_1",0.00018,0.03,0.000490344744440846,"Tomato_30_1_26_Scenario_1A",26
2317,2355,26,2.9688,-5.7713,-16.7895,2.9575,-5.8884,-16.9512,0.1887,0.19996747235488,0.4314,0.3922,0.1961,25.3268,2,-16.0743,"Tomato_30_1",0.00018,0.03,0.000521353303188819,"Tomato_30_1_26_Scenario_1A",26
2320,2356,25,-2.792,3.1856,-20.8621,-2.7498,3.1943,-21.0574,0.1887,0.199996549970243,0.4314,0.3922,0.1961,25.3275,2,-11.9681,"Tomato_30_1",0.00018,0.03,0.000486444848185325,"Tomato_30_1_26_Scenario_1A",26
2336,2357,33,-2.3187,-0.9895,-17.049,-2.4929,-1.0401,-17.1333,0.1887,0.200031222562878,0.4314,0.3922,0.1961,25.3452,2,-15.8922,"Tomato_30_1",0.00018,0.03,0.000899668883708247,"Tomato_30_1_26_Scenario_1A",26
2334,2358,31,0.5918,-2.5626,-18.2245,0.6237,-2.5895,-18.4201,0.1887,0.200001449994746,0.4314,0.3922,0.1961,25.3539,2,-14.6054,"Tomato_30_1",0.00018,0.03,0.000804859168375621,"Tomato_30_1_26_Scenario_1A",26
2322,2359,20,-3.2707,-1.1424,-20.7308,-3.2234,-1.1231,-20.9242,0.1887,0.200033347219908,0.4314,0.3922,0.1961,25.3573,2,-12.1013,"Tomato_30_1",0.00018,0.03,0.000550454245299039,"Tomato_30_1_26_Scenario_1A",26
2335,2360,29,0.065,3.659,-18.8221,0.0044,3.7524,-18.9883,0.1887,0.200045894734184,0.4314,0.3922,0.1961,25.3632,2,-14.0372,"Tomato_30_1",0.00018,0.03,0.000770482369819687,"Tomato_30_1_26_Scenario_1A",26
2330,2361,23,-4.3393,0.4751,-20.1227,-4.4324,0.4882,-20.2992,0.1887,0.199978673862991,0.4314,0.3922,0.1961,25.3767,2,-12.7263,"Tomato_30_1",0.00018,0.03,0.000506565647308307,"Tomato_30_1_26_Scenario_1A",26
2345,2362,35,-0.682,-0.3129,-16.6172,-0.802,-0.4404,-16.714,0.1887,0.200066214039252,0.4314,0.3922,0.1961,25.3834,2,-16.3115,"Tomato_30_1",0.00018,0.03,0.000945581191525429,"Tomato_30_1_26_Scenario_1A",26
150,2363,0,-0.3326,-0.0016,-26.6279,-0.3296,-0.02,-26.8266,0.1887,0.199572668469406,0.4314,0.3922,0.1961,25.3885,1,-6.1989,"Tomato_30_1",0.00018,0.03,0.000856661922911894,"Tomato_30_1_26_Scenario_1A",26
2343,2364,34,-0.9032,0.7418,-17.2634,-0.9204,0.773,-17.4602,0.1887,0.1999987999964,0.4314,0.3922,0.1961,25.3892,2,-15.5653,"Tomato_30_1",0.00018,0.03,0.000929192571413925,"Tomato_30_1_26_Scenario_1A",26
2333,2365,22,0.9381,4.3841,-19.7725,0.9162,4.3779,-19.9712,0.1887,0.199999349998943,0.4314,0.3922,0.1961,25.3913,2,-13.0543,"Tomato_30_1",0.00018,0.03,0.000509140004389496,"Tomato_30_1_26_Scenario_1A",26
2329,2366,19,-1.1989,-5.8689,-18.0193,-1.2442,-5.8418,-18.2122,0.1887,0.199992274850803,0.4314,0.3922,0.1961,25.3915,2,-14.8133,"Tomato_30_1",0.00018,0.03,0.000620241426478014,"Tomato_30_1_26_Scenario_1A",26
2328,2367,14,-11.5126,3.4703,-15.6894,-11.6241,3.5064,-15.8514,0.1887,0.199948643406251,0.4314,0.3922,0.1961,25.4031,2,-17.1741,"Tomato_30_1",0.00018,0.03,0.000662958380267849,"Tomato_30_1_26_Scenario_1A",26
2318,2368,12,-2.0767,-4.5881,-20.0855,-2.0769,-4.5738,-20.285,0.1887,0.200011949643015,0.4314,0.3922,0.1961,25.4105,2,-12.7405,"Tomato_30_1",0.00018,0.03,0.000659509534279953,"Tomato_30_1_26_Scenario_1A",26
2315,2369,10,-9.0875,-5.4094,-18.8549,-9.263,-5.3436,-18.9245,0.1887,0.19993511447467,0.4314,0.3922,0.1961,25.4135,2,-14.101,"Tomato_30_1",0.00018,0.03,0.000677257626301821,"Tomato_30_1_26_Scenario_1A",26
2348,2370,27,0.0669,4.3733,-19.7107,0.1376,4.369,-19.8978,0.1887,0.200058466454185,0.4314,0.3922,0.1961,25.4232,2,-13.1277,"Tomato_30_1",0.00018,0.03,0.000517931769591836,"Tomato_30_1_26_Scenario_1A",26
2332,2371,15,3.0882,-3.4638,-22.4203,3.1144,-3.4067,-22.6102,0.1887,0.200022148773578,0.4314,0.3922,0.1961,25.4259,2,-10.4153,"Tomato_30_1",0.00018,0.03,0.000627618013312091,"Tomato_30_1_26_Scenario_1A",26
2326,2372,5,-3.4346,-1.1348,-22.4949,-3.3894,-1.1851,-22.6832,0.1887,0.200075035924023,0.4314,0.3922,0.1961,25.4292,2,-10.3423,"Tomato_30_1",0.00018,0.03,0.000666445095720544,"Tomato_30_1_26_Scenario_1A",26
2351,2373,30,2.7985,0.9789,-18.7678,2.8574,0.9701,-18.9588,0.1887,0.200069113058462,0.4314,0.3922,0.1961,25.4296,2,-14.0667,"Tomato_30_1",0.00018,0.03,0.000776893099822299,"Tomato_30_1_26_Scenario_1A",26
2352,2374,28,4.6149,5.3258,-15.7332,4.6812,5.4243,-15.8941,0.1887,0.199966872256381,0.4314,0.3922,0.1961,25.4356,2,-17.1314,"Tomato_30_1",0.00018,0.03,0.000718808247301303,"Tomato_30_1_26_Scenario_1A",26
2319,2375,4,2.5639,1.2237,-23.3404,2.5363,1.1601,-23.5279,0.1887,0.19990740356475,0.4314,0.3922,0.1961,25.4425,2,-9.4976,"Tomato_30_1",0.00018,0.03,0.000679648447288611,"Tomato_30_1_26_Scenario_1A",26
2353,2376,32,-2.2711,1.9578,-17.0149,-2.3991,2.0905,-17.0924,0.1887,0.199998849996694,0.4314,0.3922,0.1961,25.4429,2,-15.9331,"Tomato_30_1",0.00018,0.03,0.000839529327533624,"Tomato_30_1_26_Scenario_1A",26
2357,2377,33,-2.4929,-1.0401,-17.1333,-2.6516,-1.137,-17.207,0.1887,0.200017474236629,0.4314,0.3922,0.1961,25.4519,2,-15.8185,"Tomato_30_1",0.00018,0.03,0.000898077486765351,"Tomato_30_1_26_Scenario_1A",26
2341,2378,18,-2.0842,1.2744,-21.1731,-2.1275,1.297,-21.3671,0.1887,0.200054117678191,0.4314,0.3922,0.1961,25.4559,2,-11.6584,"Tomato_30_1",0.00018,0.03,0.000646389523741602,"Tomato_30_1_26_Scenario_1A",26
2347,2379,21,-1.6188,2.4427,-22.0837,-1.6316,2.4328,-22.2831,0.1887,0.200055517294576,0.4314,0.3922,0.1961,25.4569,2,-10.7424,"Tomato_30_1",0.00018,0.03,0.000513494572530224,"Tomato_30_1_26_Scenario_1A",26
2339,2380,17,2.3411,-3.0456,-21.5813,2.3956,-3.0827,-21.7701,0.1887,0.199980249024748,0.4314,0.3922,0.1961,25.4616,2,-11.2554,"Tomato_30_1",0.00018,0.03,0.000646321902016289,"Tomato_30_1_26_Scenario_1A",26
2356,2381,25,-2.7498,3.1943,-21.0574,-2.7054,3.2148,-21.2513,0.1887,0.19997204804672,0.4314,0.3922,0.1961,25.464,2,-11.7742,"Tomato_30_1",0.00018,0.03,0.000485832837913407,"Tomato_30_1_26_Scenario_1A",26
2355,2382,26,2.9575,-5.8884,-16.9512,2.9075,-5.9794,-17.1221,0.1887,0.199969522677832,0.4314,0.3922,0.1961,25.4656,2,-15.9034,"Tomato_30_1",0.00018,0.03,0.000520766581657795,"Tomato_30_1_26_Scenario_1A",26
2358,2383,31,0.6237,-2.5895,-18.4201,0.6435,-2.6476,-18.6105,0.1887,0.200049518869701,0.4314,0.3922,0.1961,25.4717,2,-14.415,"Tomato_30_1",0.00018,0.03,0.000803910585416736,"Tomato_30_1_26_Scenario_1A",26
2354,2384,24,7.0049,-0.6735,-16.4047,7.0439,-0.7482,-16.586,0.1887,0.199926936654369,0.4314,0.3922,0.1961,25.4726,2,-16.4395,"Tomato_30_1",0.00018,0.03,0.000489592946379507,"Tomato_30_1_26_Scenario_1A",26
2362,2385,35,-0.802,-0.4404,-16.714,-0.8969,-0.5699,-16.8331,0.1887,0.199902651308082,0.4314,0.3922,0.1961,25.4736,2,-16.1924,"Tomato_30_1",0.00018,0.03,0.000943202108738496,"Tomato_30_1_26_Scenario_1A",26
2331,2386,8,4.6379,-10.4217,-17.7315,4.6414,-10.4569,-17.9283,0.1887,0.199953819668442,0.4314,0.3922,0.1961,25.4766,2,-15.0972,"Tomato_30_1",0.00018,0.03,0.000680566471388567,"Tomato_30_1_26_Scenario_1A",26
2344,2387,16,4.9189,5.5474,-17.21,5.07,5.4918,-17.3287,0.1887,0.200030647651804,0.4314,0.3922,0.1961,25.483,2,-15.6968,"Tomato_30_1",0.00018,0.03,0.000640786392485246,"Tomato_30_1_26_Scenario_1A",26
2364,2388,34,-0.9204,0.773,-17.4602,-0.9509,0.8603,-17.6375,0.1887,0.199967072289414,0.4314,0.3922,0.1961,25.4871,2,-15.388,"Tomato_30_1",0.00018,0.03,0.000927465937595407,"Tomato_30_1_26_Scenario_1A",26
2360,2389,29,0.0044,3.7524,-18.9883,-0.0306,3.8449,-19.1621,0.1887,0.199969222631884,0.4314,0.3922,0.1961,25.4897,2,-13.8634,"Tomato_30_1",0.00018,0.03,0.000769312208929344,"Tomato_30_1_26_Scenario_1A",26
2313,2390,2,0.0935,-3.1609,-19.182,-0.0042,-3.1014,-19.346,0.1887,0.199953844674216,0.4314,0.3922,0.1961,25.4934,2,-13.6795,"Tomato_30_1",0.00018,0.03,0.000760315352060637,"Tomato_30_1_26_Scenario_1A",26
2338,2391,9,5.0386,4.1536,-20.1425,5.0752,4.172,-20.3383,0.1887,0.200039396119866,0.4314,0.3922,0.1961,25.4934,2,-12.6872,"Tomato_30_1",0.00018,0.03,0.000675451792687516,"Tomato_30_1_26_Scenario_1A",26
2342,2392,11,-3.3354,9.2468,-17.8535,-3.2616,9.3165,-18.0258,0.1887,0.199979548954386,0.4314,0.3922,0.1961,25.5041,2,-14.9997,"Tomato_30_1",0.00018,0.03,0.000646262511683772,"Tomato_30_1_26_Scenario_1A",26
2337,2393,7,-9.2129,2.0983,-16.7203,-9.2968,2.16,-16.891,0.1887,0.199961471288843,0.4314,0.3922,0.1961,25.5106,2,-16.1345,"Tomato_30_1",0.00018,0.03,0.000692722414188071,"Tomato_30_1_26_Scenario_1A",26
2359,2394,20,-3.2234,-1.1231,-20.9242,-3.1704,-1.0677,-21.1089,0.1887,0.199980624061432,0.4314,0.3922,0.1961,25.5215,2,-11.9166,"Tomato_30_1",0.00018,0.03,0.000549839981512316,"Tomato_30_1_26_Scenario_1A",26
2350,2395,13,1.8333,-2.0307,-20.6722,1.7357,-2.1539,-20.7959,0.1887,0.200014224494159,0.4314,0.3922,0.1961,25.5296,2,-12.2296,"Tomato_30_1",0.00018,0.03,0.000676451309519486,"Tomato_30_1_26_Scenario_1A",26
2340,2396,6,-1.0683,3.0076,-21.5495,-1.0717,2.9871,-21.7484,0.1887,0.199982549238679,0.4314,0.3922,0.1961,25.5329,2,-11.2771,"Tomato_30_1",0.00018,0.03,0.000703989175607001,"Tomato_30_1_26_Scenario_1A",26
2361,2397,23,-4.4324,0.4882,-20.2992,-4.5225,0.5152,-20.4757,0.1887,0.199998149991444,0.4314,0.3922,0.1961,25.5337,2,-12.5498,"Tomato_30_1",0.00018,0.03,0.000506183118161519,"Tomato_30_1_26_Scenario_1A",26
2365,2398,22,0.9162,4.3779,-19.9712,0.9139,4.3874,-20.171,0.1887,0.200038946207982,0.4314,0.3922,0.1961,25.5477,2,-12.8545,"Tomato_30_1",0.00018,0.03,0.000508806607159054,"Tomato_30_1_26_Scenario_1A",26
2373,2399,30,2.8574,0.9701,-18.9588,2.9269,0.9817,-19.146,0.1887,0.200021623831025,0.4314,0.3922,0.1961,25.5477,2,-13.8795,"Tomato_30_1",0.00018,0.03,0.000775826278903506,"Tomato_30_1_26_Scenario_1A",26
2370,2400,27,0.1376,4.369,-19.8978,0.1968,4.3789,-20.0885,0.1887,0.199922835113951,0.4314,0.3922,0.1961,25.5508,2,-12.937,"Tomato_30_1",0.00018,0.03,0.000516992814286261,"Tomato_30_1_26_Scenario_1A",26
2374,2401,28,4.6812,5.4243,-15.8941,4.7771,5.5214,-16.0403,0.1887,0.199999149998193,0.4314,0.3922,0.1961,25.5551,2,-16.9852,"Tomato_30_1",0.00018,0.03,0.000718107739018498,"Tomato_30_1_26_Scenario_1A",26
2377,2402,33,-2.6516,-1.137,-17.207,-2.8054,-1.25,-17.2669,0.1887,0.200028622951816,0.4314,0.3922,0.1961,25.5595,2,-15.7586,"Tomato_30_1",0.00018,0.03,0.000896853540485206,"Tomato_30_1_26_Scenario_1A",26
2385,2403,35,-0.8969,-0.5699,-16.8331,-0.9866,-0.7122,-16.9413,0.1887,0.200006549892745,0.4314,0.3922,0.1961,25.5644,2,-16.0842,"Tomato_30_1",0.00018,0.03,0.000942354174463866,"Tomato_30_1_26_Scenario_1A",26
2376,2404,32,-2.3991,2.0905,-17.0924,-2.5409,2.2034,-17.177,0.1887,0.20002702317437,0.4314,0.3922,0.1961,25.5686,2,-15.8485,"Tomato_30_1",0.00018,0.03,0.000838693798028848,"Tomato_30_1_26_Scenario_1A",26
2366,2405,19,-1.2442,-5.8418,-18.2122,-1.2711,-5.8102,-18.4078,0.1887,0.199953819668445,0.4314,0.3922,0.1961,25.578,2,-14.6177,"Tomato_30_1",0.00018,0.03,0.000619593540045133,"Tomato_30_1_26_Scenario_1A",26
2349,2406,1,-4.1567,-4.8934,-20.7012,-4.1116,-5.0331,-20.8371,0.1887,0.200047269414006,0.4314,0.3922,0.1961,25.5804,2,-12.1884,"Tomato_30_1",0.00018,0.03,0.000660609820827772,"Tomato_30_1_26_Scenario_1A",26
2346,2407,3,6.6,4.8872,-18.6543,6.6488,4.9387,-18.8413,0.1887,0.200006724886941,0.4314,0.3922,0.1961,25.5805,2,-14.1842,"Tomato_30_1",0.00018,0.03,0.000717689535130028,"Tomato_30_1_26_Scenario_1A",26
2388,2408,34,-0.9509,0.8603,-17.6375,-0.9805,0.9517,-17.8129,0.1887,0.199988199651879,0.4314,0.3922,0.1961,25.5858,2,-15.2126,"Tomato_30_1",0.00018,0.03,0.000926248473643869,"Tomato_30_1_26_Scenario_1A",26
2383,2409,31,0.6435,-2.6476,-18.6105,0.6669,-2.7017,-18.8016,0.1887,0.199983949355944,0.4314,0.3922,0.1961,25.5905,2,-14.2239,"Tomato_30_1",0.00018,0.03,0.000802734207835982,"Tomato_30_1_26_Scenario_1A",26
2381,2410,25,-2.7054,3.2148,-21.2513,-2.682,3.2353,-21.4489,0.1887,0.200033922123222,0.4314,0.3922,0.1961,25.6018,2,-11.5766,"Tomato_30_1",0.00018,0.03,0.000485568817418871,"Tomato_30_1_26_Scenario_1A",26
2367,2411,14,-11.6241,3.5064,-15.8514,-11.7185,3.5109,-16.0277,0.1887,0.200033247236553,0.4314,0.3922,0.1961,25.6028,2,-16.9978,"Tomato_30_1",0.00018,0.03,0.000662861703646078,"Tomato_30_1_26_Scenario_1A",26
2382,2412,26,2.9075,-5.9794,-17.1221,2.8634,-6.0544,-17.3022,0.1887,0.200014549470782,0.4314,0.3922,0.1961,25.6056,2,-15.7233,"Tomato_30_1",0.00018,0.03,0.000520439776274222,"Tomato_30_1_26_Scenario_1A",26
2389,2413,29,-0.0306,3.8449,-19.1621,-0.0661,3.932,-19.3386,0.1887,0.199997274981436,0.4314,0.3922,0.1961,25.6172,2,-13.6869,"Tomato_30_1",0.00018,0.03,0.000768764190209897,"Tomato_30_1_26_Scenario_1A",26
2379,2414,21,-1.6316,2.4328,-22.2831,-1.6463,2.4242,-22.4823,0.1887,0.199926711572013,0.4314,0.3922,0.1961,25.619,2,-10.5432,"Tomato_30_1",0.00018,0.03,0.000512726478521862,"Tomato_30_1_26_Scenario_1A",26
2371,2415,15,3.1144,-3.4067,-22.6102,3.1541,-3.3963,-22.8059,0.1887,0.199956845344191,0.4314,0.3922,0.1961,25.6193,2,-10.2196,"Tomato_30_1",0.00018,0.03,0.000627056301261192,"Tomato_30_1_26_Scenario_1A",26
2384,2416,24,7.0439,-0.7482,-16.586,7.1161,-0.8113,-16.7616,0.1887,0.200074511120235,0.4314,0.3922,0.1961,25.6209,2,-16.2639,"Tomato_30_1",0.00018,0.03,0.000489536638766958,"Tomato_30_1_26_Scenario_1A",26
2368,2417,12,-2.0769,-4.5738,-20.285,-2.078,-4.5619,-20.4846,0.1887,0.199957445472781,0.4314,0.3922,0.1961,25.6355,2,-12.5409,"Tomato_30_1",0.00018,0.03,0.000658954826838448,"Tomato_30_1_26_Scenario_1A",26
2378,2418,18,-2.1275,1.297,-21.3671,-2.1638,1.3157,-21.5629,0.1887,0.200012549606267,0.4314,0.3922,0.1961,25.6393,2,-11.4626,"Tomato_30_1",0.00018,0.03,0.000645887635168802,"Tomato_30_1_26_Scenario_1A",26
2380,2419,17,2.3956,-3.0827,-21.7701,2.451,-3.1155,-21.9594,0.1887,0.1999487184255,0.4314,0.3922,0.1961,25.6555,2,-11.0661,"Tomato_30_1",0.00018,0.03,0.000645852567031054,"Tomato_30_1_26_Scenario_1A",26
2403,2420,35,-0.9866,-0.7122,-16.9413,-1.1095,-0.8414,-17.032,0.1887,0.200058841344241,0.4314,0.3922,0.1961,25.6557,2,-15.9935,"Tomato_30_1",0.00018,0.03,0.000941529774959967,"Tomato_30_1_26_Scenario_1A",26
2369,2421,10,-9.263,-5.3436,-18.9245,-9.4373,-5.2477,-18.945,0.1887,0.199993874906209,0.4314,0.3922,0.1961,25.6558,2,-14.0805,"Tomato_30_1",0.00018,0.03,0.00067707144169814,"Tomato_30_1_26_Scenario_1A",26
2372,2422,5,-3.3894,-1.1851,-22.6832,-3.357,-1.2038,-22.8796,0.1887,0.19993101310202,0.4314,0.3922,0.1961,25.6589,2,-10.1459,"Tomato_30_1",0.00018,0.03,0.000665586600881658,"Tomato_30_1_26_Scenario_1A",26
2399,2423,30,2.9269,0.9817,-19.146,2.9905,1.0226,-19.3311,0.1887,0.199949443610127,0.4314,0.3922,0.1961,25.6668,2,-13.6944,"Tomato_30_1",0.00018,0.03,0.000774885168535444,"Tomato_30_1_26_Scenario_1A",26
2402,2424,33,-2.8054,-1.25,-17.2669,-2.9601,-1.3567,-17.3354,0.1887,0.200023073669015,0.4314,0.3922,0.1961,25.668,2,-15.6901,"Tomato_30_1",0.00018,0.03,0.000895809936781671,"Tomato_30_1_26_Scenario_1A",26
2387,2425,16,5.07,5.4918,-17.3287,5.2391,5.4533,-17.4283,0.1887,0.199993049879238,0.4314,0.3922,0.1961,25.6748,2,-15.5972,"Tomato_30_1",0.00018,0.03,0.00064030154881202,"Tomato_30_1_26_Scenario_1A",26
2401,2426,28,4.7771,5.5214,-16.0403,4.8569,5.6232,-16.1929,0.1887,0.200045094916124,0.4314,0.3922,0.1961,25.6755,2,-16.8326,"Tomato_30_1",0.00018,0.03,0.000717660242182436,"Tomato_30_1_26_Scenario_1A",26
151,2427,0,-0.3296,-0.02,-26.8266,-0.3403,-0.0319,-27.026,0.1887,0.200041145767565,0.4314,0.3922,0.1961,25.6795,1,-5.9995,"Tomato_30_1",0.00018,0.03,0.0009428387835057,"Tomato_30_1_26_Scenario_1A",26
2400,2428,27,0.1968,4.3789,-20.0885,0.2555,4.3884,-20.2795,0.1887,0.200042345517142,0.4314,0.3922,0.1961,25.6795,2,-12.746,"Tomato_30_1",0.00018,0.03,0.000516860913112981,"Tomato_30_1_26_Scenario_1A",26
2408,2429,34,-0.9805,0.9517,-17.8129,-1.0559,1.0538,-17.9675,0.1887,0.200026823201291,0.4314,0.3922,0.1961,25.685,2,-15.058,"Tomato_30_1",0.00018,0.03,0.000925375079823188,"Tomato_30_1_26_Scenario_1A",26
2394,2430,20,-3.1704,-1.0677,-21.1089,-3.1135,-1.0292,-21.2967,0.1887,0.199971748004565,0.4314,0.3922,0.1961,25.6876,2,-11.7288,"Tomato_30_1",0.00018,0.03,0.000549502923600034,"Tomato_30_1_26_Scenario_1A",26
2397,2431,23,-4.5225,0.5152,-20.4757,-4.577,0.53,-20.6676,0.1887,0.20003724653174,0.4314,0.3922,0.1961,25.6922,2,-12.3579,"Tomato_30_1",0.00018,0.03,0.00050599414091283,"Tomato_30_1_26_Scenario_1A",26
2404,2432,32,-2.5409,2.2034,-17.177,-2.6893,2.3024,-17.2674,0.1887,0.199989299713759,0.4314,0.3922,0.1961,25.6952,2,-15.7581,"Tomato_30_1",0.00018,0.03,0.000837820667826091,"Tomato_30_1_26_Scenario_1A",26
2375,2433,4,2.5363,1.1601,-23.5279,2.5029,1.1012,-23.7161,0.1887,0.200010024748763,0.4314,0.3922,0.1961,25.6992,2,-9.3094,"Tomato_30_1",0.00018,0.03,0.000679610739266228,"Tomato_30_1_26_Scenario_1A",26
2398,2434,22,0.9139,4.3874,-20.171,0.9096,4.3966,-20.3707,0.1887,0.199958045599571,0.4314,0.3922,0.1961,25.7057,2,-12.6548,"Tomato_30_1",0.00018,0.03,0.000508311581500195,"Tomato_30_1_26_Scenario_1A",26
2409,2435,31,0.6669,-2.7017,-18.8016,0.7245,-2.7637,-18.9828,0.1887,0.199987999639979,0.4314,0.3922,0.1961,25.7102,2,-14.0427,"Tomato_30_1",0.00018,0.03,0.000802066127419059,"Tomato_30_1_26_Scenario_1A",26
2391,2436,9,5.0752,4.172,-20.3383,5.1266,4.2409,-20.5189,0.1887,0.200013824522205,0.4314,0.3922,0.1961,25.722,2,-12.5066,"Tomato_30_1",0.00018,0.03,0.000674981375070718,"Tomato_30_1_26_Scenario_1A",26
2392,2437,11,-3.2616,9.3165,-18.0258,-3.195,9.3797,-18.2035,0.1887,0.200017724214629,0.4314,0.3922,0.1961,25.7243,2,-14.822,"Tomato_30_1",0.00018,0.03,0.000646018299804326,"Tomato_30_1_26_Scenario_1A",26
2386,2438,8,4.6414,-10.4569,-17.9283,4.6419,-10.5307,-18.1143,0.1887,0.200106696539621,0.4314,0.3922,0.1961,25.7256,2,-14.9112,"Tomato_30_1",0.00018,0.03,0.000680699410374173,"Tomato_30_1_26_Scenario_1A",26
2410,2439,25,-2.682,3.2353,-21.4489,-2.6603,3.2625,-21.6458,0.1887,0.199950843959212,0.4314,0.3922,0.1961,25.741,2,-11.3797,"Tomato_30_1",0.00018,0.03,0.000485091101744536,"Tomato_30_1_26_Scenario_1A",26
2413,2440,29,-0.0661,3.932,-19.3386,-0.0902,3.9742,-19.5326,0.1887,0.199994124913708,0.4314,0.3922,0.1961,25.746,2,-13.4929,"Tomato_30_1",0.00018,0.03,0.000768314847592107,"Tomato_30_1_26_Scenario_1A",26
2412,2441,26,2.8634,-6.0544,-17.3022,2.8265,-6.1211,-17.4871,0.1887,0.199996274965313,0.4314,0.3922,0.1961,25.7469,2,-15.5384,"Tomato_30_1",0.00018,0.03,0.000520096252991694,"Tomato_30_1_26_Scenario_1A",26
2420,2442,35,-1.1095,-0.8414,-17.032,-1.2363,-0.9523,-17.1398,0.1887,0.199994724930435,0.4314,0.3922,0.1961,25.7476,2,-15.8857,"Tomato_30_1",0.00018,0.03,0.000940425522432835,"Tomato_30_1_26_Scenario_1A",26
2395,2443,13,1.7357,-2.1539,-20.7959,1.6242,-2.2457,-20.9343,0.1887,0.200035121916128,0.4314,0.3922,0.1961,25.7526,2,-12.0912,"Tomato_30_1",0.00018,0.03,0.000676137208891182,"Tomato_30_1_26_Scenario_1A",26
2393,2444,7,-9.2968,2.16,-16.891,-9.3815,2.219,-17.0624,0.1887,0.200082607939823,0.4314,0.3922,0.1961,25.7631,2,-15.9631,"Tomato_30_1",0.00018,0.03,0.000692944817901734,"Tomato_30_1_26_Scenario_1A",26
2405,2445,19,-1.2711,-5.8102,-18.4078,-1.3223,-5.7889,-18.6,0.1887,0.200039921015781,0.4314,0.3922,0.1961,25.7666,2,-14.4255,"Tomato_30_1",0.00018,0.03,0.000619507806230077,"Tomato_30_1_26_Scenario_1A",26
2416,2446,24,7.1161,-0.8113,-16.7616,7.1257,-0.8894,-16.9454,0.1887,0.199935514604082,0.4314,0.3922,0.1961,25.7706,2,-16.0801,"Tomato_30_1",0.00018,0.03,0.000488918325000087,"Tomato_30_1_26_Scenario_1A",26
2424,2447,33,-2.9601,-1.3567,-17.3354,-3.1245,-1.451,-17.399,0.1887,0.199912005642483,0.4314,0.3922,0.1961,25.7774,2,-15.6265,"Tomato_30_1",0.00018,0.03,0.000894549367721548,"Tomato_30_1_26_Scenario_1A",26
2414,2448,21,-1.6463,2.4242,-22.4823,-1.6406,2.4346,-22.682,0.1887,0.200051843280686,0.4314,0.3922,0.1961,25.783,2,-10.3435,"Tomato_30_1",0.00018,0.03,0.000512755630487227,"Tomato_30_1_26_Scenario_1A",26
2429,2449,34,-1.0559,1.0538,-17.9675,-1.1171,1.1184,-18.1466,0.1887,0.19998852467079,0.4314,0.3922,0.1961,25.785,2,-14.8789,"Tomato_30_1",0.00018,0.03,0.000924409107928309,"Tomato_30_1_26_Scenario_1A",26
2423,2450,30,2.9905,1.0226,-19.3311,3.0806,1.0074,-19.509,0.1887,0.199993649899192,0.4314,0.3922,0.1961,25.7868,2,-13.5165,"Tomato_30_1",0.00018,0.03,0.000774615747292127,"Tomato_30_1_26_Scenario_1A",26
2426,2451,28,4.8569,5.6232,-16.1929,4.9701,5.6777,-16.3485,0.1887,0.199989624730884,0.4314,0.3922,0.1961,25.797,2,-16.677,"Tomato_30_1",0.00018,0.03,0.000717053152948511,"Tomato_30_1_26_Scenario_1A",26
2396,2452,6,-1.0717,2.9871,-21.7484,-1.0605,2.9578,-21.9459,0.1887,0.19997544849306,0.4314,0.3922,0.1961,25.7993,2,-11.0796,"Tomato_30_1",0.00018,0.03,0.000703763959604947,"Tomato_30_1_26_Scenario_1A",26
2411,2453,14,-11.7185,3.5109,-16.0277,-11.8218,3.5236,-16.1985,0.1887,0.200012049637015,0.4314,0.3922,0.1961,25.8048,2,-16.827,"Tomato_30_1",0.00018,0.03,0.000662602870524923,"Tomato_30_1_26_Scenario_1A",26
2428,2454,27,0.2555,4.3884,-20.2795,0.3011,4.3912,-20.4742,0.1887,0.199988224653354,0.4314,0.3922,0.1961,25.8094,2,-12.5513,"Tomato_30_1",0.00018,0.03,0.000516427212415289,"Tomato_30_1_26_Scenario_1A",26
2415,2455,15,3.1541,-3.3963,-22.8059,3.1845,-3.3977,-23.0036,0.1887,0.200028522966099,0.4314,0.3922,0.1961,25.8155,2,-10.0219,"Tomato_30_1",0.00018,0.03,0.00062710263358126,"Tomato_30_1_26_Scenario_1A",26
2432,2456,32,-2.6893,2.3024,-17.2674,-2.8521,2.4053,-17.3213,0.1887,0.199993649899191,0.4314,0.3922,0.1961,25.823,2,-15.7042,"Tomato_30_1",0.00018,0.03,0.000837362385808086,"Tomato_30_1_26_Scenario_1A",26
2418,2457,18,-2.1638,1.3157,-21.5629,-2.1725,1.326,-21.7624,0.1887,0.199955069953228,0.4314,0.3922,0.1961,25.8247,2,-11.2631,"Tomato_30_1",0.00018,0.03,0.000645518369887778,"Tomato_30_1_26_Scenario_1A",26
2435,2458,31,0.7245,-2.7637,-18.9828,0.7667,-2.8424,-19.1618,0.1887,0.200038821232278,0.4314,0.3922,0.1961,25.8309,2,-13.8637,"Tomato_30_1",0.00018,0.03,0.00080181365804076,"Tomato_30_1_26_Scenario_1A",26
2442,2459,35,-1.2363,-0.9523,-17.1398,-1.3633,-1.071,-17.2386,0.1887,0.199950318829454,0.4314,0.3922,0.1961,25.8401,2,-15.7869,"Tomato_30_1",0.00018,0.03,0.000939682118596168,"Tomato_30_1_26_Scenario_1A",26
292,2460,36,-0.5228,-0.0167,-16.873,-0.389,-0.1325,-16.9661,0.1887,0.199949218553112,0.4314,0.3922,0.1961,25.8461,2,-16.0594,"Tomato_30_1",0.00018,0.03,0.000885950173743074,"Tomato_30_1_26_Scenario_1A",26
2390,2461,2,-0.0042,-3.1014,-19.346,-0.1027,-3.0393,-19.5086,0.1887,0.199993549895991,0.4314,0.3922,0.1961,25.8519,2,-13.5169,"Tomato_30_1",0.00018,0.03,0.000760250042613987,"Tomato_30_1_26_Scenario_1A",26
2419,2462,17,2.451,-3.1155,-21.9594,2.5164,-3.1431,-22.1464,0.1887,0.200019799019998,0.4314,0.3922,0.1961,25.8521,2,-10.8791,"Tomato_30_1",0.00018,0.03,0.000645898385256694,"Tomato_30_1_26_Scenario_1A",26
2431,2463,23,-4.577,0.53,-20.6676,-4.622,0.5426,-20.862,0.1887,0.199937790324889,0.4314,0.3922,0.1961,25.8524,2,-12.1635,"Tomato_30_1",0.00018,0.03,0.000505598723360445,"Tomato_30_1_26_Scenario_1A",26
2430,2464,20,-3.1135,-1.0292,-21.2967,-3.0675,-0.9758,-21.4839,0.1887,0.200028497969662,0.4314,0.3922,0.1961,25.8555,2,-11.5416,"Tomato_30_1",0.00018,0.03,0.000549502493167892,"Tomato_30_1_26_Scenario_1A",26
2417,2465,12,-2.078,-4.5619,-20.4846,-2.078,-4.5412,-20.6836,0.1887,0.200073711416566,0.4314,0.3922,0.1961,25.8645,2,-12.3419,"Tomato_30_1",0.00018,0.03,0.000659150363401431,"Tomato_30_1_26_Scenario_1A",26
2434,2466,22,0.9096,4.3966,-20.3707,0.8851,4.4078,-20.5689,0.1887,0.200022323754125,0.4314,0.3922,0.1961,25.8653,2,-12.4566,"Tomato_30_1",0.00018,0.03,0.000508330338580645,"Tomato_30_1_26_Scenario_1A",26
2406,2467,1,-4.1116,-5.0331,-20.8371,-4.0719,-5.1689,-20.9784,0.1887,0.199958545703854,0.4314,0.3922,0.1961,25.8687,2,-12.0471,"Tomato_30_1",0.00018,0.03,0.000660128993656565,"Tomato_30_1_26_Scenario_1A",26
2425,2468,16,5.2391,5.4533,-17.4283,5.4018,5.4178,-17.5391,0.1887,0.200020448954601,0.4314,0.3922,0.1961,25.8691,2,-15.4864,"Tomato_30_1",0.00018,0.03,0.000640207076659391,"Tomato_30_1_26_Scenario_1A",26
2407,2469,3,6.6488,4.9387,-18.8413,6.7219,4.9867,-19.0212,0.1887,0.20002904789055,0.4314,0.3922,0.1961,25.8718,2,-14.0043,"Tomato_30_1",0.00018,0.03,0.0007175654068877,"Tomato_30_1_26_Scenario_1A",26
2440,2470,29,-0.0902,3.9742,-19.5326,-0.096,4.0133,-19.7287,0.1887,0.20004414512802,0.4314,0.3922,0.1961,25.8758,2,-13.2968,"Tomato_30_1",0.00018,0.03,0.000768288334799976,"Tomato_30_1_26_Scenario_1A",26
2439,2471,25,-2.6603,3.2625,-21.6458,-2.658,3.308,-21.8406,0.1887,0.200056442035739,0.4314,0.3922,0.1961,25.8815,2,-11.1849,"Tomato_30_1",0.00018,0.03,0.000485209200011478,"Tomato_30_1_26_Scenario_1A",26
2449,2472,34,-1.1171,1.1184,-18.1466,-1.2022,1.1946,-18.3107,0.1887,0.199943141917897,0.4314,0.3922,0.1961,25.8858,2,-14.7148,"Tomato_30_1",0.00018,0.03,0.000923673812318556,"Tomato_30_1_26_Scenario_1A",26
2447,2473,33,-3.1245,-1.451,-17.399,-3.2929,-1.5552,-17.4273,0.1887,0.20004272043741,0.4314,0.3922,0.1961,25.8877,2,-15.5982,"Tomato_30_1",0.00018,0.03,0.000894625276341888,"Tomato_30_1_26_Scenario_1A",26
2441,2474,26,2.8265,-6.1211,-17.4871,2.8127,-6.1458,-17.6851,0.1887,0.200011324679376,0.4314,0.3922,0.1961,25.8894,2,-15.3404,"Tomato_30_1",0.00018,0.03,0.000519987415308349,"Tomato_30_1_26_Scenario_1A",26
2422,2475,5,-3.357,-1.2038,-22.8796,-3.3086,-1.2335,-23.0714,0.1887,0.20002972279139,0.4314,0.3922,0.1961,25.8915,2,-9.9541,"Tomato_30_1",0.00018,0.03,0.000665725796380636,"Tomato_30_1_26_Scenario_1A",26
2421,2476,10,-9.4373,-5.2477,-18.945,-9.6115,-5.1516,-18.9659,0.1887,0.200044145128018,0.4314,0.3922,0.1961,25.9026,2,-14.0596,"Tomato_30_1",0.00018,0.03,0.000677048924069804,"Tomato_30_1_26_Scenario_1A",26
2450,2477,30,3.0806,1.0074,-19.509,3.142,0.9954,-19.699,0.1887,0.200034896955507,0.4314,0.3922,0.1961,25.9078,2,-13.3265,"Tomato_30_1",0.00018,0.03,0.000774555059313016,"Tomato_30_1_26_Scenario_1A",26
2451,2478,28,4.9701,5.6777,-16.3485,5.0952,5.6959,-16.5035,0.1887,0.200015624389694,0.4314,0.3922,0.1961,25.9194,2,-16.522,"Tomato_30_1",0.00018,0.03,0.000716942350837108,"Tomato_30_1_26_Scenario_1A",26
2446,2479,24,7.1257,-0.8894,-16.9454,7.1614,-0.9595,-17.1293,0.1887,0.200019274071277,0.4314,0.3922,0.1961,25.9219,2,-15.8962,"Tomato_30_1",0.00018,0.03,0.000488984025357138,"Tomato_30_1_26_Scenario_1A",26
2459,2480,35,-1.3633,-1.071,-17.2386,-1.4986,-1.1497,-17.3631,0.1887,0.200000074999984,0.4314,0.3922,0.1961,25.9332,2,-15.6624,"Tomato_30_1",0.00018,0.03,0.000939648620757821,"Tomato_30_1_26_Scenario_1A",26
2454,2481,27,0.3011,4.3912,-20.4742,0.355,4.3779,-20.6663,0.1887,0.19996127125021,0.4314,0.3922,0.1961,25.9405,2,-12.3592,"Tomato_30_1",0.00018,0.03,0.000516210758603818,"Tomato_30_1_26_Scenario_1A",26
2460,2482,36,-0.389,-0.1325,-16.9661,-0.2724,-0.2558,-17.0719,0.1887,0.199980224022276,0.4314,0.3922,0.1961,25.9423,2,-15.9536,"Tomato_30_1",0.00018,0.03,0.000885835564488287,"Tomato_30_1_26_Scenario_1A",26
152,2483,0,-0.3403,-0.0319,-27.026,-0.3511,-0.0404,-27.2073,0.1887,0.181820185898046,0.4314,0.3922,0.1961,25.9459,1,-5.8182,"Tomato_30_1",0.00018,0.03,0.000848587759422644,"Tomato_30_1_26_Scenario_1A",26
2437,2484,11,-3.195,9.3797,-18.2035,-3.1082,9.4256,-18.3777,0.1887,0.199966722231477,0.4314,0.3922,0.1961,25.9481,2,-14.6478,"Tomato_30_1",0.00018,0.03,0.000645669863839389,"Tomato_30_1_26_Scenario_1A",26
2448,2485,21,-1.6406,2.4346,-22.682,-1.6136,2.4446,-22.8799,0.1887,0.199983524321381,0.4314,0.3922,0.1961,25.9491,2,-10.1456,"Tomato_30_1",0.00018,0.03,0.000512434685504502,"Tomato_30_1_26_Scenario_1A",26
2456,2486,32,-2.8521,2.4053,-17.3213,-3.0149,2.5087,-17.3744,0.1887,0.200037521480346,0.4314,0.3922,0.1961,25.9518,2,-15.6511,"Tomato_30_1",0.00018,0.03,0.000837307763853367,"Tomato_30_1_26_Scenario_1A",26
2458,2487,31,0.7667,-2.8424,-19.1618,0.8175,-2.9119,-19.3423,0.1887,0.19997784877331,0.4314,0.3922,0.1961,25.9526,2,-13.6832,"Tomato_30_1",0.00018,0.03,0.000801341225931102,"Tomato_30_1_26_Scenario_1A",26
2436,2488,9,5.1266,4.2409,-20.5189,5.1682,4.3042,-20.7039,0.1887,0.199906102958366,0.4314,0.3922,0.1961,25.9537,2,-12.3216,"Tomato_30_1",0.00018,0.03,0.000674426029571747,"Tomato_30_1_26_Scenario_1A",26
2445,2489,19,-1.3223,-5.7889,-18.6,-1.3904,-5.802,-18.7876,0.1887,0.200007449861249,0.4314,0.3922,0.1961,25.9575,2,-14.2379,"Tomato_30_1",0.00018,0.03,0.000619231000509555,"Tomato_30_1_26_Scenario_1A",26
2433,2490,4,2.5029,1.1012,-23.7161,2.4756,1.0306,-23.9012,0.1887,0.199979148913079,0.4314,0.3922,0.1961,25.9602,2,-9.1243,"Tomato_30_1",0.00018,0.03,0.000679312537280249,"Tomato_30_1_26_Scenario_1A",26
2443,2491,13,1.6242,-2.2457,-20.9343,1.4805,-2.3166,-21.0539,0.1887,0.19995164415428,0.4314,0.3922,0.1961,25.9788,2,-11.9716,"Tomato_30_1",0.00018,0.03,0.000675662806063871,"Tomato_30_1_26_Scenario_1A",26
2438,2492,8,4.6419,-10.5307,-18.1143,4.6539,-10.6117,-18.2967,0.1887,0.199936890042835,0.4314,0.3922,0.1961,25.9791,2,-14.7288,"Tomato_30_1",0.00018,0.03,0.000679928287673076,"Tomato_30_1_26_Scenario_1A",26
2472,2493,34,-1.2022,1.1946,-18.3107,-1.2768,1.2731,-18.4789,0.1887,0.200046619566539,0.4314,0.3922,0.1961,25.9872,2,-14.5466,"Tomato_30_1",0.00018,0.03,0.000923888935477169,"Tomato_30_1_26_Scenario_1A",26
2473,2494,33,-3.2929,-1.5552,-17.4273,-3.434,-1.6888,-17.4746,0.1887,0.199988649677926,0.4314,0.3922,0.1961,25.999,2,-15.5509,"Tomato_30_1",0.00018,0.03,0.000894129001175644,"Tomato_30_1_26_Scenario_1A",26
