node1ID node2ID branchID x1 y1 z1 x2 y2 z2 radius length R G B time type 
0 1 0 0.0000 0.0000 -3.0000 0.0109 0.0376 -3.1961 0.0680 0.2000 0.4314 0.3922 0.1961 0.1687 1.0000 
1 2 0 0.0109 0.0376 -3.1961 0.0295 0.0570 -3.3631 0.0680 0.1691 0.4314 0.3922 0.1961 0.3118 1.0000 
2 3 0 0.0295 0.0570 -3.3631 0.0343 0.0844 -3.5611 0.0680 0.2000 0.4314 0.3922 0.1961 0.4817 1.0000 
3 4 0 0.0343 0.0844 -3.5611 0.0131 0.1359 -3.7374 0.0680 0.1848 0.4314 0.3922 0.1961 0.6392 1.0000 
4 5 0 0.0131 0.1359 -3.7374 -0.0351 0.1441 -3.9313 0.0680 0.2000 0.4314 0.3922 0.1961 0.8103 1.0000 
5 6 0 -0.0351 0.1441 -3.9313 -0.0545 0.1718 -4.1284 0.0680 0.2000 0.4314 0.3922 0.1961 0.9820 1.0000 
6 7 0 -0.0545 0.1718 -4.1284 -0.0549 0.1725 -4.1347 0.0680 0.0064 0.4314 0.3922 0.1961 0.9875 1.0000 
7 8 0 -0.0549 0.1725 -4.1347 -0.0682 0.1671 -4.3342 0.0680 0.2000 0.4314 0.3922 0.1961 1.1599 1.0000 
8 9 0 -0.0682 0.1671 -4.3342 -0.0821 0.1625 -4.5337 0.0680 0.2000 0.4314 0.3922 0.1961 1.3330 1.0000 
9 10 0 -0.0821 0.1625 -4.5337 -0.0826 0.1624 -4.5411 0.0680 0.0074 0.4314 0.3922 0.1961 1.3394 1.0000 
10 11 0 -0.0826 0.1624 -4.5411 -0.1011 0.1619 -4.7402 0.0680 0.2000 0.4314 0.3922 0.1961 1.5132 1.0000 
11 12 0 -0.1011 0.1619 -4.7402 -0.1124 0.1610 -4.9323 0.0680 0.1925 0.4314 0.3922 0.1961 1.6810 1.0000 
12 13 0 -0.1124 0.1610 -4.9323 -0.1197 0.1639 -5.1322 0.0680 0.2000 0.4314 0.3922 0.1961 1.8561 1.0000 
13 14 0 -0.1197 0.1639 -5.1322 -0.1170 0.1637 -5.3321 0.0680 0.2000 0.4314 0.3922 0.1961 2.0319 1.0000 
14 15 0 -0.1170 0.1637 -5.3321 -0.1170 0.1635 -5.3419 0.0680 0.0097 0.4314 0.3922 0.1961 2.0405 1.0000 
15 16 0 -0.1170 0.1635 -5.3419 -0.1075 0.1694 -5.5415 0.0680 0.2000 0.4314 0.3922 0.1961 2.2169 1.0000 
16 17 0 -0.1075 0.1694 -5.5415 -0.1100 0.1759 -5.7414 0.0680 0.2000 0.4314 0.3922 0.1961 2.3941 1.0000 
17 18 0 -0.1100 0.1759 -5.7414 -0.1112 0.1767 -5.7726 0.0680 0.0312 0.4314 0.3922 0.1961 2.4219 1.0000 
18 19 0 -0.1112 0.1767 -5.7726 -0.1124 0.1880 -5.9723 0.0680 0.2000 0.4314 0.3922 0.1961 2.5999 1.0000 
19 20 0 -0.1124 0.1880 -5.9723 -0.0972 0.2008 -6.1663 0.0680 0.1950 0.4314 0.3922 0.1961 2.7741 1.0000 
20 21 0 -0.0972 0.2008 -6.1663 -0.0852 0.2024 -6.3659 0.0680 0.2000 0.4314 0.3922 0.1961 2.9535 1.0000 
21 22 0 -0.0852 0.2024 -6.3659 -0.0756 0.2003 -6.5130 0.0680 0.1475 0.4314 0.3922 0.1961 3.0862 1.0000 
22 23 0 -0.0756 0.2003 -6.5130 -0.0570 0.2051 -6.7121 0.0680 0.2000 0.4314 0.3922 0.1961 3.2669 1.0000 
23 24 0 -0.0570 0.2051 -6.7121 -0.0438 0.1875 -6.9109 0.0680 0.2000 0.4314 0.3922 0.1961 3.4482 1.0000 
24 25 0 -0.0438 0.1875 -6.9109 -0.0435 0.1872 -6.9156 0.0680 0.0047 0.4314 0.3922 0.1961 3.4525 1.0000 
25 26 0 -0.0435 0.1872 -6.9156 -0.0217 0.1748 -7.1140 0.0680 0.2000 0.4314 0.3922 0.1961 3.6346 1.0000 
26 27 0 -0.0217 0.1748 -7.1140 -0.0105 0.1888 -7.3132 0.0680 0.2000 0.4314 0.3922 0.1961 3.8174 1.0000 
27 28 0 -0.0105 0.1888 -7.3132 -0.0105 0.1889 -7.3134 0.0680 0.0002 0.4314 0.3922 0.1961 3.8176 1.0000 
28 29 0 -0.0105 0.1889 -7.3134 -0.0064 0.1976 -7.5132 0.0680 0.2000 0.4314 0.3922 0.1961 4.0012 1.0000 
29 30 0 -0.0064 0.1976 -7.5132 -0.0020 0.2143 -7.6878 0.0680 0.1755 0.4314 0.3922 0.1961 4.1629 1.0000 
30 31 0 -0.0020 0.2143 -7.6878 -0.0052 0.2328 -7.8869 0.0680 0.2000 0.4314 0.3922 0.1961 4.3479 1.0000 
31 32 0 -0.0052 0.2328 -7.8869 -0.0020 0.2488 -8.0650 0.0680 0.1789 0.4314 0.3922 0.1961 4.5141 1.0000 
32 33 0 -0.0020 0.2488 -8.0650 0.0099 0.2797 -8.2623 0.0680 0.2000 0.4314 0.3922 0.1961 4.7005 1.0000 
33 34 0 0.0099 0.2797 -8.2623 0.0290 0.2720 -8.4227 0.0680 0.1617 0.4314 0.3922 0.1961 4.8519 1.0000 
34 35 0 0.0290 0.2720 -8.4227 0.0520 0.2627 -8.6211 0.0680 0.2000 0.4314 0.3922 0.1961 5.0397 1.0000 
35 36 0 0.0520 0.2627 -8.6211 0.0773 0.2471 -8.8035 0.0680 0.1848 0.4314 0.3922 0.1961 5.2140 1.0000 
36 37 0 0.0773 0.2471 -8.8035 0.1071 0.2284 -9.0004 0.0680 0.2000 0.4314 0.3922 0.1961 5.4034 1.0000 
37 38 0 0.1071 0.2284 -9.0004 0.0938 0.2227 -9.1968 0.0680 0.1969 0.4314 0.3922 0.1961 5.5906 1.0000 
38 39 0 0.0938 0.2227 -9.1968 0.0792 0.2107 -9.3959 0.0680 0.2000 0.4314 0.3922 0.1961 5.7816 1.0000 
39 40 0 0.0792 0.2107 -9.3959 0.0972 0.1929 -9.5939 0.0680 0.1997 0.4314 0.3922 0.1961 5.9730 1.0000 
40 41 0 0.0972 0.1929 -9.5939 0.0700 0.1811 -9.7917 0.0680 0.2000 0.4314 0.3922 0.1961 6.1656 1.0000 
41 42 0 0.0700 0.1811 -9.7917 0.0446 0.1407 -9.9859 0.0680 0.2000 0.4314 0.3922 0.1961 6.3590 1.0000 
42 43 0 0.0446 0.1407 -9.9859 0.0430 0.1381 -9.9980 0.0680 0.0125 0.4314 0.3922 0.1961 6.3711 1.0000 
43 44 0 0.0430 0.1381 -9.9980 0.0147 0.0865 -10.1891 0.0680 0.2000 0.4314 0.3922 0.1961 6.5654 1.0000 
44 45 0 0.0147 0.0865 -10.1891 0.0073 0.0263 -10.3797 0.0680 0.2000 0.4314 0.3922 0.1961 6.7605 1.0000 
45 46 0 0.0073 0.0263 -10.3797 0.0073 0.0261 -10.3801 0.0680 0.0004 0.4314 0.3922 0.1961 6.7610 1.0000 
46 47 0 0.0073 0.0261 -10.3801 -0.0028 -0.0258 -10.5730 0.0680 0.2000 0.4314 0.3922 0.1961 6.9569 1.0000 
47 48 0 -0.0028 -0.0258 -10.5730 -0.0288 -0.0550 -10.7580 0.0680 0.1891 0.4314 0.3922 0.1961 7.1431 1.0000 
48 49 0 -0.0288 -0.0550 -10.7580 -0.0592 -0.0757 -10.9546 0.0680 0.2000 0.4314 0.3922 0.1961 7.3407 1.0000 
49 50 0 -0.0592 -0.0757 -10.9546 -0.0880 -0.0877 -11.1432 0.0680 0.1911 0.4314 0.3922 0.1961 7.5304 1.0000 
50 51 0 -0.0880 -0.0877 -11.1432 -0.1132 -0.0936 -11.3415 0.0680 0.2000 0.4314 0.3922 0.1961 7.7298 1.0000 
51 52 0 -0.1132 -0.0936 -11.3415 -0.1404 -0.0808 -11.5392 0.0680 0.2000 0.4314 0.3922 0.1961 7.9301 1.0000 
52 53 0 -0.1404 -0.0808 -11.5392 -0.1429 -0.0800 -11.5565 0.0680 0.0175 0.4314 0.3922 0.1961 7.9476 1.0000 
53 54 0 -0.1429 -0.0800 -11.5565 -0.1306 -0.0890 -11.7559 0.0680 0.2000 0.4314 0.3922 0.1961 8.1488 1.0000 
54 55 0 -0.1306 -0.0890 -11.7559 -0.1269 -0.0862 -11.9458 0.0680 0.1899 0.4314 0.3922 0.1961 8.3407 1.0000 
55 56 0 -0.1269 -0.0862 -11.9458 -0.1501 -0.0806 -12.1443 0.0680 0.2000 0.4314 0.3922 0.1961 8.5437 1.0000 
56 57 0 -0.1501 -0.0806 -12.1443 -0.1945 -0.0828 -12.3380 0.0680 0.1987 0.4314 0.3922 0.1961 8.7463 1.0000 
57 58 0 -0.1945 -0.0828 -12.3380 -0.2143 -0.0475 -12.5339 0.0680 0.2000 0.4314 0.3922 0.1961 8.9511 1.0000 
58 59 0 -0.2143 -0.0475 -12.5339 -0.2269 -0.0063 -12.7045 0.0680 0.1760 0.4314 0.3922 0.1961 9.1321 1.0000 
59 60 0 -0.2269 -0.0063 -12.7045 -0.2215 0.0490 -12.8966 0.0680 0.2000 0.4314 0.3922 0.1961 9.3387 1.0000 
60 61 0 -0.2215 0.0490 -12.8966 -0.2155 0.1082 -13.0614 0.0680 0.1752 0.4314 0.3922 0.1961 9.5205 1.0000 
61 62 0 -0.2155 0.1082 -13.0614 -0.2144 0.1578 -13.2552 0.0680 0.2000 0.4314 0.3922 0.1961 9.7289 1.0000 
62 63 0 -0.2144 0.1578 -13.2552 -0.2283 0.1936 -13.4511 0.0680 0.1996 0.4314 0.3922 0.1961 9.9378 1.0000 
63 64 0 -0.2283 0.1936 -13.4511 -0.2190 0.2114 -13.6501 0.0680 0.2000 0.4314 0.3922 0.1961 10.1481 1.0000 
64 65 0 -0.2190 0.2114 -13.6501 -0.2057 0.2261 -13.8491 0.0680 0.2000 0.4314 0.3922 0.1961 10.3594 1.0000 
65 66 0 -0.2057 0.2261 -13.8491 -0.2054 0.2264 -13.8535 0.0680 0.0045 0.4314 0.3922 0.1961 10.3642 1.0000 
66 67 0 -0.2054 0.2264 -13.8535 -0.2380 0.2466 -14.0498 0.0680 0.2000 0.4314 0.3922 0.1961 10.5765 1.0000 
67 68 0 -0.2380 0.2466 -14.0498 -0.2237 0.2874 -14.2217 0.0680 0.1773 0.4314 0.3922 0.1961 10.7655 1.0000 
68 69 0 -0.2237 0.2874 -14.2217 -0.1860 0.2990 -14.4178 0.0680 0.2000 0.4314 0.3922 0.1961 10.9797 1.0000 
69 70 0 -0.1860 0.2990 -14.4178 -0.1605 0.3182 -14.6152 0.0680 0.2000 0.4314 0.3922 0.1961 11.1949 1.0000 
70 71 0 -0.1605 0.3182 -14.6152 -0.1599 0.3186 -14.6195 0.0680 0.0043 0.4314 0.3922 0.1961 11.1996 1.0000 
71 72 0 -0.1599 0.3186 -14.6195 -0.1607 0.3181 -14.8195 0.0680 0.2000 0.4314 0.3922 0.1961 11.4159 1.0000 
72 73 0 -0.1607 0.3181 -14.8195 -0.1757 0.3080 -15.0187 0.0680 0.2000 0.4314 0.3922 0.1961 11.6332 1.0000 
73 74 0 -0.1757 0.3080 -15.0187 -0.1796 0.3075 -15.0611 0.0680 0.0426 0.4314 0.3922 0.1961 11.6797 1.0000 
74 75 0 -0.1796 0.3075 -15.0611 -0.1976 0.3034 -15.2602 0.0680 0.2000 0.4314 0.3922 0.1961 11.8983 1.0000 
75 76 0 -0.1976 0.3034 -15.2602 -0.2252 0.3075 -15.4520 0.0680 0.1938 0.4314 0.3922 0.1961 12.1111 1.0000 
76 77 0 -0.2252 0.3075 -15.4520 -0.2387 0.2961 -15.6512 0.0680 0.2000 0.4314 0.3922 0.1961 12.3318 1.0000 
77 78 0 -0.2387 0.2961 -15.6512 -0.2391 0.2929 -15.8512 0.0680 0.2000 0.4314 0.3922 0.1961 12.5536 1.0000 
78 79 0 -0.2391 0.2929 -15.8512 -0.2393 0.2922 -15.8807 0.0680 0.0295 0.4314 0.3922 0.1961 12.5865 1.0000 
79 80 0 -0.2393 0.2922 -15.8807 -0.2392 0.2875 -16.0807 0.0680 0.2000 0.4314 0.3922 0.1961 12.8095 1.0000 
80 81 0 -0.2392 0.2875 -16.0807 -0.2317 0.2898 -16.2507 0.0680 0.1702 0.4314 0.3922 0.1961 13.0003 1.0000 
81 82 0 -0.2317 0.2898 -16.2507 -0.2072 0.2940 -16.4492 0.0680 0.2000 0.4314 0.3922 0.1961 13.2254 1.0000 
82 83 0 -0.2072 0.2940 -16.4492 -0.1935 0.2951 -16.6388 0.0680 0.1901 0.4314 0.3922 0.1961 13.4403 1.0000 
83 84 0 -0.1935 0.2951 -16.6388 -0.1872 0.3016 -16.8385 0.0680 0.2000 0.4314 0.3922 0.1961 13.6677 1.0000 
84 85 0 -0.1872 0.3016 -16.8385 -0.1805 0.3061 -17.0384 0.0680 0.2000 0.4314 0.3922 0.1961 13.8961 1.0000 
85 86 0 -0.1805 0.3061 -17.0384 -0.1759 0.3075 -17.0814 0.0680 0.0433 0.4314 0.3922 0.1961 13.9458 1.0000 
86 87 0 -0.1759 0.3075 -17.0814 -0.1645 0.3130 -17.2810 0.0680 0.2000 0.4314 0.3922 0.1961 14.1757 1.0000 
87 88 0 -0.1645 0.3130 -17.2810 -0.1593 0.3224 -17.4807 0.0680 0.2000 0.4314 0.3922 0.1961 14.4067 1.0000 
88 89 0 -0.1593 0.3224 -17.4807 -0.1593 0.3228 -17.4860 0.0680 0.0053 0.4314 0.3922 0.1961 14.4128 1.0000 
89 90 0 -0.1593 0.3228 -17.4860 -0.1615 0.3225 -17.6860 0.0680 0.2000 0.4314 0.3922 0.1961 14.6451 1.0000 
90 91 0 -0.1615 0.3225 -17.6860 -0.1589 0.3258 -17.8859 0.0680 0.2000 0.4314 0.3922 0.1961 14.8786 1.0000 
91 92 0 -0.1589 0.3258 -17.8859 -0.1586 0.3260 -17.8987 0.0680 0.0128 0.4314 0.3922 0.1961 14.8935 1.0000 
92 93 0 -0.1586 0.3260 -17.8987 -0.1539 0.3277 -18.0986 0.0680 0.2000 0.4314 0.3922 0.1961 15.1283 1.0000 
93 94 0 -0.1539 0.3277 -18.0986 -0.1501 0.3278 -18.2986 0.0680 0.2000 0.4314 0.3922 0.1961 15.3643 1.0000 
94 95 0 -0.1501 0.3278 -18.2986 -0.1491 0.3276 -18.3217 0.0680 0.0231 0.4314 0.3922 0.1961 15.3917 1.0000 
95 96 0 -0.1491 0.3276 -18.3217 -0.1559 0.3171 -18.5213 0.0680 0.2000 0.4314 0.3922 0.1961 15.6291 1.0000 
96 97 0 -0.1559 0.3171 -18.5213 -0.1461 0.3030 -18.7206 0.0680 0.2000 0.4314 0.3922 0.1961 15.8678 1.0000 
97 98 0 -0.1461 0.3030 -18.7206 -0.1460 0.3028 -18.7236 0.0680 0.0030 0.4314 0.3922 0.1961 15.8714 1.0000 
98 99 0 -0.1460 0.3028 -18.7236 -0.1451 0.2962 -18.9235 0.0680 0.2000 0.4314 0.3922 0.1961 16.1113 1.0000 
99 100 0 -0.1451 0.2962 -18.9235 -0.1442 0.2907 -19.0821 0.0680 0.1587 0.4314 0.3922 0.1961 16.3026 1.0000 
100 101 0 -0.1442 0.2907 -19.0821 -0.1435 0.2837 -19.2820 0.0680 0.2000 0.4314 0.3922 0.1961 16.5449 1.0000 
101 102 0 -0.1435 0.2837 -19.2820 -0.1384 0.2788 -19.4818 0.0680 0.2000 0.4314 0.3922 0.1961 16.7884 1.0000 
102 103 0 -0.1384 0.2788 -19.4818 -0.1383 0.2786 -19.4875 0.0680 0.0056 0.4314 0.3922 0.1961 16.7953 1.0000 
103 104 0 -0.1383 0.2786 -19.4875 -0.1420 0.2802 -19.6874 0.0680 0.2000 0.4314 0.3922 0.1961 17.0402 1.0000 
104 105 0 -0.1420 0.2802 -19.6874 -0.1373 0.2848 -19.8750 0.0680 0.1877 0.4314 0.3922 0.1961 17.2713 1.0000 
105 106 0 -0.1373 0.2848 -19.8750 -0.1303 0.2914 -20.0748 0.0680 0.2000 0.4314 0.3922 0.1961 17.5188 1.0000 
106 107 0 -0.1303 0.2914 -20.0748 -0.1278 0.2913 -20.2748 0.0680 0.2000 0.4314 0.3922 0.1961 17.7677 1.0000 
107 108 0 -0.1278 0.2913 -20.2748 -0.1280 0.2912 -20.2911 0.0680 0.0163 0.4314 0.3922 0.1961 17.7881 1.0000 
108 109 0 -0.1280 0.2912 -20.2911 -0.1295 0.2898 -20.4911 0.0680 0.2000 0.4314 0.3922 0.1961 18.0384 1.0000 
109 110 0 -0.1295 0.2898 -20.4911 -0.1034 0.2905 -20.6894 0.0680 0.2000 0.4314 0.3922 0.1961 18.2902 1.0000 
110 111 0 -0.1034 0.2905 -20.6894 -0.1015 0.2900 -20.7095 0.0680 0.0203 0.4314 0.3922 0.1961 18.3158 1.0000 
111 112 0 -0.1015 0.2900 -20.7095 -0.0765 0.2941 -20.9079 0.0680 0.2000 0.4314 0.3922 0.1961 18.5691 1.0000 
112 113 0 -0.0765 0.2941 -20.9079 -0.0463 0.3005 -21.0985 0.0680 0.1931 0.4314 0.3922 0.1961 18.8150 1.0000 
113 114 0 -0.0463 0.3005 -21.0985 -0.0416 0.2970 -21.2984 0.0680 0.2000 0.4314 0.3922 0.1961 19.0712 1.0000 
114 115 0 -0.0416 0.2970 -21.2984 -0.0364 0.2814 -21.4892 0.0680 0.1915 0.4314 0.3922 0.1961 19.3178 1.0000 
115 116 0 -0.0364 0.2814 -21.4892 -0.0154 0.2679 -21.6877 0.0680 0.2000 0.4314 0.3922 0.1961 19.5768 1.0000 
116 117 0 -0.0154 0.2679 -21.6877 -0.0022 0.2517 -21.8830 0.0680 0.1964 0.4314 0.3922 0.1961 19.8326 1.0000 
117 118 0 -0.0022 0.2517 -21.8830 0.0085 0.2389 -22.0823 0.0680 0.2000 0.4314 0.3922 0.1961 20.0947 1.0000 
118 119 0 0.0085 0.2389 -22.0823 0.0215 0.2276 -22.2815 0.0680 0.2000 0.4314 0.3922 0.1961 20.3582 1.0000 
119 120 0 0.0215 0.2276 -22.2815 0.0221 0.2273 -22.2873 0.0680 0.0058 0.4314 0.3922 0.1961 20.3659 1.0000 
120 121 0 0.0221 0.2273 -22.2873 0.0343 0.2196 -22.4868 0.0680 0.2000 0.4314 0.3922 0.1961 20.6310 1.0000 
121 122 0 0.0343 0.2196 -22.4868 0.0428 0.2406 -22.6855 0.0680 0.2000 0.4314 0.3922 0.1961 20.8977 1.0000 
122 123 0 0.0428 0.2406 -22.6855 0.0429 0.2461 -22.7198 0.0680 0.0347 0.4314 0.3922 0.1961 20.9442 1.0000 
123 124 0 0.0429 0.2461 -22.7198 0.0365 0.2491 -22.9197 0.0680 0.2000 0.4314 0.3922 0.1961 21.2128 1.0000 
124 125 0 0.0365 0.2491 -22.9197 0.0323 0.2498 -23.0913 0.0680 0.1717 0.4314 0.3922 0.1961 21.4445 1.0000 
125 126 0 0.0323 0.2498 -23.0913 0.0201 0.2321 -23.2901 0.0680 0.2000 0.4314 0.3922 0.1961 21.7161 1.0000 
126 127 0 0.0201 0.2321 -23.2901 0.0124 0.2223 -23.4644 0.0680 0.1747 0.4314 0.3922 0.1961 21.9547 1.0000 
127 128 0 0.0124 0.2223 -23.4644 -0.0068 0.2363 -23.6630 0.0680 0.2000 0.4314 0.3922 0.1961 22.2293 1.0000 
128 129 0 -0.0068 0.2363 -23.6630 -0.0136 0.2524 -23.8622 0.0680 0.2000 0.4314 0.3922 0.1961 22.5056 1.0000 
129 130 0 -0.0136 0.2524 -23.8622 -0.0137 0.2530 -23.8689 0.0680 0.0067 0.4314 0.3922 0.1961 22.5149 1.0000 
130 131 0 -0.0137 0.2530 -23.8689 -0.0077 0.2740 -24.0677 0.0680 0.2000 0.4314 0.3922 0.1961 22.7930 1.0000 
131 132 0 -0.0077 0.2740 -24.0677 -0.0321 0.2901 -24.2548 0.0680 0.1894 0.4314 0.3922 0.1961 23.0579 1.0000 
132 133 0 -0.0321 0.2901 -24.2548 -0.0397 0.2862 -24.4546 0.0680 0.2000 0.4314 0.3922 0.1961 23.3394 1.0000 
133 134 0 -0.0397 0.2862 -24.4546 -0.0496 0.2749 -24.6540 0.0680 0.2000 0.4314 0.3922 0.1961 23.6226 1.0000 
134 135 0 -0.0496 0.2749 -24.6540 -0.0506 0.2739 -24.6715 0.0680 0.0175 0.4314 0.3922 0.1961 23.6475 1.0000 
135 136 0 -0.0506 0.2739 -24.6715 -0.0596 0.2672 -24.8712 0.0680 0.2000 0.4314 0.3922 0.1961 23.9327 1.0000 
136 137 0 -0.0596 0.2672 -24.8712 -0.0646 0.2716 -25.0711 0.0680 0.2000 0.4314 0.3922 0.1961 24.2197 1.0000 
137 138 0 -0.0646 0.2716 -25.0711 -0.0649 0.2720 -25.0857 0.0680 0.0146 0.4314 0.3922 0.1961 24.2407 1.0000 
138 139 0 -0.0649 0.2720 -25.0857 -0.0754 0.2777 -25.2853 0.0680 0.2000 0.4314 0.3922 0.1961 24.5297 1.0000 
139 140 0 -0.0754 0.2777 -25.2853 -0.0839 0.2837 -25.4735 0.0680 0.1885 0.4314 0.3922 0.1961 24.8037 1.0000 
140 141 0 -0.0839 0.2837 -25.4735 -0.0816 0.2769 -25.6734 0.0680 0.2000 0.4314 0.3922 0.1961 25.0963 1.0000 
141 142 0 -0.0816 0.2769 -25.6734 -0.0725 0.2652 -25.8728 0.0680 0.2000 0.4314 0.3922 0.1961 25.3908 1.0000 
142 143 0 -0.0725 0.2652 -25.8728 -0.0716 0.2645 -25.8905 0.0680 0.0177 0.4314 0.3922 0.1961 25.4170 1.0000 
143 144 0 -0.0716 0.2645 -25.8905 -0.0634 0.2746 -26.0901 0.0680 0.2000 0.4314 0.3922 0.1961 25.7136 1.0000 
144 145 0 -0.0634 0.2746 -26.0901 -0.0486 0.2934 -26.2886 0.0680 0.2000 0.4314 0.3922 0.1961 26.0122 1.0000 
145 146 0 -0.0486 0.2934 -26.2886 -0.0476 0.2945 -26.3003 0.0680 0.0117 0.4314 0.3922 0.1961 26.0298 1.0000 
146 147 0 -0.0476 0.2945 -26.3003 -0.0374 0.3097 -26.4994 0.0680 0.2000 0.4314 0.3922 0.1961 26.3304 1.0000 
147 148 0 -0.0374 0.3097 -26.4994 -0.0300 0.3200 -26.6934 0.0680 0.1944 0.4314 0.3922 0.1961 26.6246 1.0000 
148 149 0 -0.0300 0.3200 -26.6934 -0.0486 0.3030 -26.8918 0.0680 0.2000 0.4314 0.3922 0.1961 26.9293 1.0000 
149 150 0 -0.0486 0.3030 -26.8918 -0.0602 0.3127 -27.0912 0.0680 0.2000 0.4314 0.3922 0.1961 27.2361 1.0000 
150 151 0 -0.0602 0.3127 -27.0912 -0.0606 0.3140 -27.1266 0.0680 0.0353 0.4314 0.3922 0.1961 27.2905 1.0000 
151 152 0 -0.0606 0.3140 -27.1266 -0.0418 0.3172 -27.3256 0.0680 0.2000 0.4314 0.3922 0.1961 27.5997 1.0000 
152 153 0 -0.0418 0.3172 -27.3256 -0.0224 0.3231 -27.5246 0.0680 0.2000 0.4314 0.3922 0.1961 27.9111 1.0000 
153 154 0 -0.0224 0.3231 -27.5246 -0.0212 0.3237 -27.5459 0.0680 0.0213 0.4314 0.3922 0.1961 27.9444 1.0000 
154 155 0 -0.0212 0.3237 -27.5459 -0.0254 0.3432 -27.7449 0.0680 0.2000 0.4314 0.3922 0.1961 28.2581 1.0000 
155 156 0 -0.0254 0.3432 -27.7449 -0.0088 0.3715 -27.9265 0.0680 0.1846 0.4314 0.3922 0.1961 28.5497 1.0000 
156 157 0 -0.0088 0.3715 -27.9265 0.0219 0.3652 -28.1240 0.0680 0.2000 0.4314 0.3922 0.1961 28.8677 1.0000 
157 158 0 0.0219 0.3652 -28.1240 0.0540 0.3573 -28.3213 0.0680 0.2000 0.4314 0.3922 0.1961 29.1879 1.0000 
158 159 0 0.0540 0.3573 -28.3213 0.0566 0.3567 -28.3376 0.0680 0.0165 0.4314 0.3922 0.1961 29.2144 1.0000 
159 160 0 0.0566 0.3567 -28.3376 0.0877 0.3524 -28.5351 0.0680 0.2000 0.4314 0.3922 0.1961 29.5372 1.0000 
160 161 0 0.0877 0.3524 -28.5351 0.1151 0.3424 -28.7329 0.0680 0.2000 0.4314 0.3922 0.1961 29.8622 1.0000 
161 162 0 0.1151 0.3424 -28.7329 0.1184 0.3381 -28.7696 0.0680 0.0371 0.4314 0.3922 0.1961 29.9228 1.0000 
162 163 0 0.1184 0.3381 -28.7696 0.1220 0.3348 -28.8166 0.0680 0.0472 0.4314 0.3922 0.1961 30.0000 1.0000 
164 165 1 0.0000 0.0000 -3.0000 -0.1568 -0.1033 -3.0690 0.0941 0.2000 0.4314 0.3922 0.1961 9.6947 2.0000 
165 166 1 -0.1568 -0.1033 -3.0690 -0.3044 -0.2159 -3.1434 0.0941 0.2000 0.4314 0.3922 0.1961 9.8011 2.0000 
166 167 1 -0.3044 -0.2159 -3.1434 -0.4029 -0.3510 -3.2532 0.0941 0.2000 0.4314 0.3922 0.1961 9.9082 2.0000 
167 168 1 -0.4029 -0.3510 -3.2532 -0.4149 -0.4949 -3.3916 0.0941 0.2000 0.4314 0.3922 0.1961 10.0161 2.0000 
168 169 1 -0.4149 -0.4949 -3.3916 -0.4298 -0.6318 -3.5365 0.0941 0.2000 0.4314 0.3922 0.1961 10.1247 2.0000 
169 170 1 -0.4298 -0.6318 -3.5365 -0.4289 -0.7732 -3.6780 0.0941 0.2000 0.4314 0.3922 0.1961 10.2340 2.0000 
170 171 1 -0.4289 -0.7732 -3.6780 -0.4440 -0.8909 -3.8390 0.0941 0.2000 0.4314 0.3922 0.1961 10.3441 2.0000 
171 172 1 -0.4440 -0.8909 -3.8390 -0.5069 -1.0043 -3.9912 0.0941 0.2000 0.4314 0.3922 0.1961 10.4549 2.0000 
172 173 1 -0.5069 -1.0043 -3.9912 -0.5714 -1.1153 -4.1446 0.0941 0.2000 0.4314 0.3922 0.1961 10.5665 2.0000 
173 174 1 -0.5714 -1.1153 -4.1446 -0.6067 -1.2002 -4.3222 0.0941 0.2000 0.4314 0.3922 0.1961 10.6790 2.0000 
174 175 1 -0.6067 -1.2002 -4.3222 -0.6554 -1.2803 -4.4989 0.0941 0.2000 0.4314 0.3922 0.1961 10.7922 2.0000 
175 176 1 -0.6554 -1.2803 -4.4989 -0.6476 -1.3951 -4.6625 0.0941 0.2000 0.4314 0.3922 0.1961 10.9062 2.0000 
176 177 1 -0.6476 -1.3951 -4.6625 -0.6009 -1.5244 -4.8077 0.0941 0.2000 0.4314 0.3922 0.1961 11.0210 2.0000 
177 178 1 -0.6009 -1.5244 -4.8077 -0.5455 -1.6376 -4.9630 0.0941 0.2000 0.4314 0.3922 0.1961 11.1367 2.0000 
178 179 1 -0.5455 -1.6376 -4.9630 -0.4912 -1.7381 -5.1272 0.0941 0.2000 0.4314 0.3922 0.1961 11.2533 2.0000 
179 180 1 -0.4912 -1.7381 -5.1272 -0.4377 -1.8402 -5.2906 0.0941 0.2000 0.4314 0.3922 0.1961 11.3706 2.0000 
180 181 1 -0.4377 -1.8402 -5.2906 -0.3804 -1.9417 -5.4532 0.0941 0.2000 0.4314 0.3922 0.1961 11.4889 2.0000 
181 182 1 -0.3804 -1.9417 -5.4532 -0.3469 -2.0236 -5.6326 0.0941 0.2000 0.4314 0.3922 0.1961 11.6080 2.0000 
182 183 1 -0.3469 -2.0236 -5.6326 -0.3163 -2.1060 -5.8122 0.0941 0.2000 0.4314 0.3922 0.1961 11.7281 2.0000 
183 184 1 -0.3163 -2.1060 -5.8122 -0.2688 -2.1868 -5.9889 0.0941 0.2000 0.4314 0.3922 0.1961 11.8490 2.0000 
184 185 1 -0.2688 -2.1868 -5.9889 -0.1968 -2.2443 -6.1664 0.0941 0.2000 0.4314 0.3922 0.1961 11.9709 2.0000 
185 186 1 -0.1968 -2.2443 -6.1664 -0.1222 -2.2811 -6.3483 0.0941 0.2000 0.4314 0.3922 0.1961 12.0937 2.0000 
186 187 1 -0.1222 -2.2811 -6.3483 -0.0391 -2.3189 -6.5262 0.0941 0.2000 0.4314 0.3922 0.1961 12.2175 2.0000 
187 188 1 -0.0391 -2.3189 -6.5262 0.0247 -2.3635 -6.7105 0.0941 0.2000 0.4314 0.3922 0.1961 12.3422 2.0000 
188 189 1 0.0247 -2.3635 -6.7105 0.1121 -2.4015 -6.8863 0.0941 0.2000 0.4314 0.3922 0.1961 12.4680 2.0000 
189 190 1 0.1121 -2.4015 -6.8863 0.1651 -2.4598 -7.0701 0.0941 0.2000 0.4314 0.3922 0.1961 12.5947 2.0000 
190 191 1 0.1651 -2.4598 -7.0701 0.2020 -2.5215 -7.2567 0.0941 0.2000 0.4314 0.3922 0.1961 12.7224 2.0000 
191 192 1 0.2020 -2.5215 -7.2567 0.2646 -2.5551 -7.4437 0.0941 0.2000 0.4314 0.3922 0.1961 12.8512 2.0000 
192 193 1 0.2646 -2.5551 -7.4437 0.3250 -2.5892 -7.6313 0.0941 0.2000 0.4314 0.3922 0.1961 12.9810 2.0000 
193 194 1 0.3250 -2.5892 -7.6313 0.3848 -2.6233 -7.8191 0.0941 0.2000 0.4314 0.3922 0.1961 13.1119 2.0000 
194 195 1 0.3848 -2.6233 -7.8191 0.4906 -2.7107 -7.9646 0.0941 0.2000 0.4314 0.3922 0.1961 13.2439 2.0000 
195 196 1 0.4906 -2.7107 -7.9646 0.5936 -2.7946 -8.1140 0.0941 0.2000 0.4314 0.3922 0.1961 13.3770 2.0000 
196 197 1 0.5936 -2.7946 -8.1140 0.6920 -2.9042 -8.2493 0.0941 0.2000 0.4314 0.3922 0.1961 13.5112 2.0000 
197 198 1 0.6920 -2.9042 -8.2493 0.7855 -3.0159 -8.3864 0.0941 0.2000 0.4314 0.3922 0.1961 13.6465 2.0000 
198 199 1 0.7855 -3.0159 -8.3864 0.8815 -3.1269 -8.5223 0.0941 0.2000 0.4314 0.3922 0.1961 13.7830 2.0000 
199 200 1 0.8815 -3.1269 -8.5223 0.9515 -3.2369 -8.6740 0.0941 0.2000 0.4314 0.3922 0.1961 13.9207 2.0000 
200 201 1 0.9515 -3.2369 -8.6740 1.0271 -3.3661 -8.8066 0.0941 0.2000 0.4314 0.3922 0.1961 14.0596 2.0000 
201 202 1 1.0271 -3.3661 -8.8066 1.0894 -3.4976 -8.9438 0.0941 0.2000 0.4314 0.3922 0.1961 14.1997 2.0000 
202 203 1 1.0894 -3.4976 -8.9438 1.1646 -3.5824 -9.1086 0.0941 0.2000 0.4314 0.3922 0.1961 14.3410 2.0000 
203 204 1 1.1646 -3.5824 -9.1086 1.2115 -3.6416 -9.2938 0.0941 0.2000 0.4314 0.3922 0.1961 14.4836 2.0000 
204 205 1 1.2115 -3.6416 -9.2938 1.2361 -3.6556 -9.4918 0.0941 0.2000 0.4314 0.3922 0.1961 14.6275 2.0000 
205 206 1 1.2361 -3.6556 -9.4918 1.2813 -3.6835 -9.6846 0.0941 0.2000 0.4314 0.3922 0.1961 14.7727 2.0000 
206 207 1 1.2813 -3.6835 -9.6846 1.3477 -3.7113 -9.8712 0.0941 0.2000 0.4314 0.3922 0.1961 14.9193 2.0000 
207 208 1 1.3477 -3.7113 -9.8712 1.4418 -3.7827 -10.0325 0.0941 0.2000 0.4314 0.3922 0.1961 15.0672 2.0000 
208 209 1 1.4418 -3.7827 -10.0325 1.5064 -3.8327 -10.2151 0.0941 0.2000 0.4314 0.3922 0.1961 15.2165 2.0000 
209 210 1 1.5064 -3.8327 -10.2151 1.5619 -3.8793 -10.4015 0.0941 0.2000 0.4314 0.3922 0.1961 15.3672 2.0000 
210 211 1 1.5619 -3.8793 -10.4015 1.6055 -3.9065 -10.5948 0.0941 0.2000 0.4314 0.3922 0.1961 15.5193 2.0000 
211 212 1 1.6055 -3.9065 -10.5948 1.6531 -3.9236 -10.7883 0.0941 0.2000 0.4314 0.3922 0.1961 15.6729 2.0000 
212 213 1 1.6531 -3.9236 -10.7883 1.7196 -3.9683 -10.9716 0.0941 0.2000 0.4314 0.3922 0.1961 15.8281 2.0000 
213 214 1 1.7196 -3.9683 -10.9716 1.7802 -3.9631 -11.1621 0.0941 0.2000 0.4314 0.3922 0.1961 15.9847 2.0000 
214 215 1 1.7802 -3.9631 -11.1621 1.8419 -3.9551 -11.3522 0.0941 0.2000 0.4314 0.3922 0.1961 16.1429 2.0000 
215 216 1 1.8419 -3.9551 -11.3522 1.8620 -3.9533 -11.5512 0.0941 0.2000 0.4314 0.3922 0.1961 16.3027 2.0000 
216 217 1 1.8620 -3.9533 -11.5512 1.8635 -3.9331 -11.7501 0.0941 0.2000 0.4314 0.3922 0.1961 16.4641 2.0000 
217 218 1 1.8635 -3.9331 -11.7501 1.8363 -3.9468 -11.9478 0.0941 0.2000 0.4314 0.3922 0.1961 16.6271 2.0000 
218 219 1 1.8363 -3.9468 -11.9478 1.8306 -3.9108 -12.1445 0.0941 0.2000 0.4314 0.3922 0.1961 16.7918 2.0000 
219 220 1 1.8306 -3.9108 -12.1445 1.8189 -3.8782 -12.3415 0.0941 0.2000 0.4314 0.3922 0.1961 16.9583 2.0000 
220 221 1 1.8189 -3.8782 -12.3415 1.7847 -3.8150 -12.5281 0.0941 0.2000 0.4314 0.3922 0.1961 17.1265 2.0000 
221 222 1 1.7847 -3.8150 -12.5281 1.6732 -3.7396 -12.6760 0.0941 0.2000 0.4314 0.3922 0.1961 17.2965 2.0000 
222 223 1 1.6732 -3.7396 -12.6760 1.5549 -3.6647 -12.8188 0.0941 0.2000 0.4314 0.3922 0.1961 17.4684 2.0000 
223 224 1 1.5549 -3.6647 -12.8188 1.4511 -3.5910 -12.9731 0.0941 0.2000 0.4314 0.3922 0.1961 17.6421 2.0000 
224 225 1 1.4511 -3.5910 -12.9731 1.3476 -3.5723 -13.1432 0.0941 0.2000 0.4314 0.3922 0.1961 17.8177 2.0000 
225 226 1 1.3476 -3.5723 -13.1432 1.2491 -3.5521 -13.3161 0.0941 0.2000 0.4314 0.3922 0.1961 17.9953 2.0000 
226 227 1 1.2491 -3.5521 -13.3161 1.1649 -3.5615 -13.4972 0.0941 0.2000 0.4314 0.3922 0.1961 18.1749 2.0000 
227 228 1 1.1649 -3.5615 -13.4972 1.0711 -3.5481 -13.6734 0.0941 0.2000 0.4314 0.3922 0.1961 18.3566 2.0000 
228 229 1 1.0711 -3.5481 -13.6734 0.9728 -3.5402 -13.8474 0.0941 0.2000 0.4314 0.3922 0.1961 18.5403 2.0000 
229 230 1 0.9728 -3.5402 -13.8474 0.8693 -3.5422 -14.0185 0.0941 0.2000 0.4314 0.3922 0.1961 18.7262 2.0000 
230 231 1 0.8693 -3.5422 -14.0185 0.7624 -3.5781 -14.1837 0.0941 0.2000 0.4314 0.3922 0.1961 18.9143 2.0000 
231 232 1 0.7624 -3.5781 -14.1837 0.6559 -3.6240 -14.3466 0.0941 0.2000 0.4314 0.3922 0.1961 19.1046 2.0000 
232 233 1 0.6559 -3.6240 -14.3466 0.5506 -3.6564 -14.5136 0.0941 0.2000 0.4314 0.3922 0.1961 19.2972 2.0000 
233 234 1 0.5506 -3.6564 -14.5136 0.4444 -3.6895 -14.6797 0.0941 0.2000 0.4314 0.3922 0.1961 19.4922 2.0000 
234 235 1 0.4444 -3.6895 -14.6797 0.3469 -3.7165 -14.8523 0.0941 0.2000 0.4314 0.3922 0.1961 19.6896 2.0000 
235 236 1 0.3469 -3.7165 -14.8523 0.3080 -3.7364 -15.0475 0.0941 0.2000 0.4314 0.3922 0.1961 19.8895 2.0000 
236 237 1 0.3080 -3.7364 -15.0475 0.2832 -3.7694 -15.2431 0.0941 0.2000 0.4314 0.3922 0.1961 20.0919 2.0000 
237 238 1 0.2832 -3.7694 -15.2431 0.2590 -3.8031 -15.4388 0.0941 0.2000 0.4314 0.3922 0.1961 20.2969 2.0000 
238 239 1 0.2590 -3.8031 -15.4388 0.2309 -3.8368 -15.6339 0.0941 0.2000 0.4314 0.3922 0.1961 20.5046 2.0000 
239 240 1 0.2309 -3.8368 -15.6339 0.2213 -3.8962 -15.8247 0.0941 0.2000 0.4314 0.3922 0.1961 20.7151 2.0000 
240 241 1 0.2213 -3.8962 -15.8247 0.2069 -3.9737 -16.0085 0.0941 0.2000 0.4314 0.3922 0.1961 20.9283 2.0000 
241 242 1 0.2069 -3.9737 -16.0085 0.1655 -4.0385 -16.1931 0.0941 0.2000 0.4314 0.3922 0.1961 21.1445 2.0000 
242 243 1 0.1655 -4.0385 -16.1931 0.1200 -4.0979 -16.3786 0.0941 0.2000 0.4314 0.3922 0.1961 21.3636 2.0000 
243 244 1 0.1200 -4.0979 -16.3786 0.0871 -4.1647 -16.5642 0.0941 0.2000 0.4314 0.3922 0.1961 21.5858 2.0000 
244 245 1 0.0871 -4.1647 -16.5642 0.0417 -4.2784 -16.7223 0.0941 0.2000 0.4314 0.3922 0.1961 21.8111 2.0000 
245 246 1 0.0417 -4.2784 -16.7223 -0.0280 -4.3860 -16.8758 0.0941 0.2000 0.4314 0.3922 0.1961 22.0397 2.0000 
246 247 1 -0.0280 -4.3860 -16.8758 -0.0968 -4.5065 -17.0199 0.0941 0.2000 0.4314 0.3922 0.1961 22.2716 2.0000 
247 248 1 -0.0968 -4.5065 -17.0199 -0.1673 -4.6269 -17.1632 0.0941 0.2000 0.4314 0.3922 0.1961 22.5069 2.0000 
248 249 1 -0.1673 -4.6269 -17.1632 -0.2313 -4.7201 -17.3282 0.0941 0.2000 0.4314 0.3922 0.1961 22.7458 2.0000 
249 250 1 -0.2313 -4.7201 -17.3282 -0.2705 -4.8084 -17.5033 0.0941 0.2000 0.4314 0.3922 0.1961 22.9882 2.0000 
250 251 1 -0.2705 -4.8084 -17.5033 -0.3616 -4.8913 -17.6609 0.0941 0.2000 0.4314 0.3922 0.1961 23.2345 2.0000 
251 252 1 -0.3616 -4.8913 -17.6609 -0.4809 -4.9274 -17.8173 0.0941 0.2000 0.4314 0.3922 0.1961 23.4846 2.0000 
252 253 1 -0.4809 -4.9274 -17.8173 -0.6036 -4.9159 -17.9748 0.0941 0.2000 0.4314 0.3922 0.1961 23.7387 2.0000 
253 254 1 -0.6036 -4.9159 -17.9748 -0.7080 -4.8962 -18.1442 0.0941 0.2000 0.4314 0.3922 0.1961 23.9969 2.0000 
254 255 1 -0.7080 -4.8962 -18.1442 -0.8376 -4.9104 -18.2959 0.0941 0.2000 0.4314 0.3922 0.1961 24.2593 2.0000 
255 256 1 -0.8376 -4.9104 -18.2959 -0.9959 -4.9047 -18.4180 0.0941 0.2000 0.4314 0.3922 0.1961 24.5262 2.0000 
256 257 1 -0.9959 -4.9047 -18.4180 -1.1579 -4.9023 -18.5352 0.0941 0.2000 0.4314 0.3922 0.1961 24.7976 2.0000 
257 258 1 -1.1579 -4.9023 -18.5352 -1.3280 -4.8790 -18.6378 0.0941 0.2000 0.4314 0.3922 0.1961 25.0737 2.0000 
258 259 1 -1.3280 -4.8790 -18.6378 -1.4963 -4.8578 -18.7438 0.0941 0.2000 0.4314 0.3922 0.1961 25.3547 2.0000 
259 260 1 -1.4963 -4.8578 -18.7438 -1.6645 -4.8367 -18.8500 0.0941 0.2000 0.4314 0.3922 0.1961 25.6407 2.0000 
260 261 1 -1.6645 -4.8367 -18.8500 -1.8319 -4.8138 -18.9569 0.0941 0.2000 0.4314 0.3922 0.1961 25.9320 2.0000 
261 262 1 -1.8319 -4.8138 -18.9569 -2.0083 -4.8026 -19.0505 0.0941 0.2000 0.4314 0.3922 0.1961 26.2287 2.0000 
262 263 1 -2.0083 -4.8026 -19.0505 -2.1754 -4.8097 -19.1601 0.0941 0.2000 0.4314 0.3922 0.1961 26.5310 2.0000 
263 264 1 -2.1754 -4.8097 -19.1601 -2.3398 -4.8113 -19.2741 0.0941 0.2000 0.4314 0.3922 0.1961 26.8391 2.0000 
264 265 1 -2.3398 -4.8113 -19.2741 -2.4947 -4.8557 -19.3926 0.0941 0.2000 0.4314 0.3922 0.1961 27.1534 2.0000 
265 266 1 -2.4947 -4.8557 -19.3926 -2.6495 -4.9032 -19.5099 0.0941 0.2000 0.4314 0.3922 0.1961 27.4739 2.0000 
266 267 1 -2.6495 -4.9032 -19.5099 -2.8046 -4.9519 -19.6264 0.0941 0.2000 0.4314 0.3922 0.1961 27.8011 2.0000 
267 268 1 -2.8046 -4.9519 -19.6264 -2.9501 -4.9877 -19.7588 0.0941 0.2000 0.4314 0.3922 0.1961 28.1351 2.0000 
268 269 1 -2.9501 -4.9877 -19.7588 -3.0989 -5.0261 -19.8869 0.0941 0.2000 0.4314 0.3922 0.1961 28.4763 2.0000 
269 270 1 -3.0989 -5.0261 -19.8869 -3.2561 -5.0444 -20.0092 0.0941 0.2000 0.4314 0.3922 0.1961 28.8249 2.0000 
270 271 1 -3.2561 -5.0444 -20.0092 -3.4125 -5.0771 -20.1294 0.0941 0.2000 0.4314 0.3922 0.1961 29.1814 2.0000 
271 272 1 -3.4125 -5.0771 -20.1294 -3.5637 -5.0519 -20.2579 0.0941 0.2000 0.4314 0.3922 0.1961 29.5460 2.0000 
272 273 1 -3.5637 -5.0519 -20.2579 -3.7196 -5.0085 -20.3755 0.0941 0.2000 0.4314 0.3922 0.1961 29.9191 2.0000 
273 274 1 -3.7196 -5.0085 -20.3755 -3.7512 -5.0010 -20.4032 0.0941 0.0427 0.4314 0.3922 0.1961 30.0000 2.0000 
2 275 2 0.0295 0.0570 -3.3631 -0.0826 -0.0704 -3.4689 0.0663 0.2000 0.4314 0.3922 0.1961 10.0706 2.0000 
275 276 2 -0.0826 -0.0704 -3.4689 -0.1847 -0.1821 -3.5997 0.0663 0.2000 0.4314 0.3922 0.1961 10.1668 2.0000 
276 277 2 -0.1847 -0.1821 -3.5997 -0.3051 -0.2907 -3.7167 0.0663 0.2000 0.4314 0.3922 0.1961 10.2637 2.0000 
277 278 2 -0.3051 -0.2907 -3.7167 -0.4473 -0.3865 -3.8197 0.0663 0.2000 0.4314 0.3922 0.1961 10.3611 2.0000 
278 279 2 -0.4473 -0.3865 -3.8197 -0.5637 -0.5071 -3.9288 0.0663 0.2000 0.4314 0.3922 0.1961 10.4592 2.0000 
279 280 2 -0.5637 -0.5071 -3.9288 -0.6881 -0.6187 -4.0387 0.0663 0.2000 0.4314 0.3922 0.1961 10.5578 2.0000 
280 281 2 -0.6881 -0.6187 -4.0387 -0.7983 -0.7192 -4.1719 0.0663 0.2000 0.4314 0.3922 0.1961 10.6571 2.0000 
281 282 2 -0.7983 -0.7192 -4.1719 -0.9123 -0.8142 -4.3061 0.0663 0.2000 0.4314 0.3922 0.1961 10.7571 2.0000 
282 283 2 -0.9123 -0.8142 -4.3061 -0.9975 -0.9223 -4.4512 0.0663 0.2000 0.4314 0.3922 0.1961 10.8576 2.0000 
283 284 2 -0.9975 -0.9223 -4.4512 -1.1184 -0.9964 -4.5922 0.0663 0.2000 0.4314 0.3922 0.1961 10.9588 2.0000 
284 285 2 -1.1184 -0.9964 -4.5922 -1.2390 -1.0348 -4.7470 0.0663 0.2000 0.4314 0.3922 0.1961 11.0607 2.0000 
285 286 2 -1.2390 -1.0348 -4.7470 -1.3642 -1.0708 -4.8988 0.0663 0.2000 0.4314 0.3922 0.1961 11.1633 2.0000 
286 287 2 -1.3642 -1.0708 -4.8988 -1.4942 -1.1112 -5.0453 0.0663 0.2000 0.4314 0.3922 0.1961 11.2665 2.0000 
287 288 2 -1.4942 -1.1112 -5.0453 -1.6243 -1.0877 -5.1954 0.0663 0.2000 0.4314 0.3922 0.1961 11.3704 2.0000 
288 289 2 -1.6243 -1.0877 -5.1954 -1.7543 -1.0718 -5.3465 0.0663 0.2000 0.4314 0.3922 0.1961 11.4750 2.0000 
289 290 2 -1.7543 -1.0718 -5.3465 -1.8541 -1.0480 -5.5182 0.0663 0.2000 0.4314 0.3922 0.1961 11.5803 2.0000 
290 291 2 -1.8541 -1.0480 -5.5182 -1.9082 -1.0427 -5.7107 0.0663 0.2000 0.4314 0.3922 0.1961 11.6863 2.0000 
291 292 2 -1.9082 -1.0427 -5.7107 -1.9666 -1.0363 -5.9019 0.0663 0.2000 0.4314 0.3922 0.1961 11.7930 2.0000 
292 293 2 -1.9666 -1.0363 -5.9019 -1.9978 -1.0132 -6.0981 0.0663 0.2000 0.4314 0.3922 0.1961 11.9005 2.0000 
293 294 2 -1.9978 -1.0132 -6.0981 -2.0098 -0.9930 -6.2967 0.0663 0.2000 0.4314 0.3922 0.1961 12.0087 2.0000 
294 295 2 -2.0098 -0.9930 -6.2967 -2.0695 -0.9376 -6.4793 0.0663 0.2000 0.4314 0.3922 0.1961 12.1177 2.0000 
295 296 2 -2.0695 -0.9376 -6.4793 -2.1391 -0.8887 -6.6604 0.0663 0.2000 0.4314 0.3922 0.1961 12.2274 2.0000 
296 297 2 -2.1391 -0.8887 -6.6604 -2.1983 -0.8511 -6.8477 0.0663 0.2000 0.4314 0.3922 0.1961 12.3379 2.0000 
297 298 2 -2.1983 -0.8511 -6.8477 -2.2515 -0.8206 -7.0380 0.0663 0.2000 0.4314 0.3922 0.1961 12.4492 2.0000 
298 299 2 -2.2515 -0.8206 -7.0380 -2.2881 -0.7870 -7.2318 0.0663 0.2000 0.4314 0.3922 0.1961 12.5613 2.0000 
299 300 2 -2.2881 -0.7870 -7.2318 -2.3202 -0.7759 -7.4289 0.0663 0.2000 0.4314 0.3922 0.1961 12.6741 2.0000 
300 301 2 -2.3202 -0.7759 -7.4289 -2.3686 -0.7351 -7.6186 0.0663 0.2000 0.4314 0.3922 0.1961 12.7878 2.0000 
301 302 2 -2.3686 -0.7351 -7.6186 -2.4128 -0.7289 -7.8135 0.0663 0.2000 0.4314 0.3922 0.1961 12.9024 2.0000 
302 303 2 -2.4128 -0.7289 -7.8135 -2.4237 -0.7092 -8.0122 0.0663 0.2000 0.4314 0.3922 0.1961 13.0178 2.0000 
303 304 2 -2.4237 -0.7092 -8.0122 -2.4339 -0.6816 -8.2101 0.0663 0.2000 0.4314 0.3922 0.1961 13.1340 2.0000 
304 305 2 -2.4339 -0.6816 -8.2101 -2.4152 -0.6698 -8.4088 0.0663 0.2000 0.4314 0.3922 0.1961 13.2511 2.0000 
305 306 2 -2.4152 -0.6698 -8.4088 -2.4089 -0.6961 -8.6070 0.0663 0.2000 0.4314 0.3922 0.1961 13.3691 2.0000 
306 307 2 -2.4089 -0.6961 -8.6070 -2.4367 -0.7336 -8.8015 0.0663 0.2000 0.4314 0.3922 0.1961 13.4880 2.0000 
307 308 2 -2.4367 -0.7336 -8.8015 -2.4756 -0.7814 -8.9917 0.0663 0.2000 0.4314 0.3922 0.1961 13.6077 2.0000 
308 309 2 -2.4756 -0.7814 -8.9917 -2.4991 -0.8116 -9.1881 0.0663 0.2000 0.4314 0.3922 0.1961 13.7284 2.0000 
309 310 2 -2.4991 -0.8116 -9.1881 -2.5330 -0.8543 -9.3805 0.0663 0.2000 0.4314 0.3922 0.1961 13.8501 2.0000 
310 311 2 -2.5330 -0.8543 -9.3805 -2.5390 -0.9194 -9.5695 0.0663 0.2000 0.4314 0.3922 0.1961 13.9727 2.0000 
311 312 2 -2.5390 -0.9194 -9.5695 -2.5365 -0.9835 -9.7589 0.0663 0.2000 0.4314 0.3922 0.1961 14.0963 2.0000 
312 313 2 -2.5365 -0.9835 -9.7589 -2.5151 -0.9860 -9.9577 0.0663 0.2000 0.4314 0.3922 0.1961 14.2208 2.0000 
313 314 2 -2.5151 -0.9860 -9.9577 -2.4879 -1.0110 -10.1543 0.0663 0.2000 0.4314 0.3922 0.1961 14.3463 2.0000 
314 315 2 -2.4879 -1.0110 -10.1543 -2.4659 -1.0523 -10.3487 0.0663 0.2000 0.4314 0.3922 0.1961 14.4729 2.0000 
315 316 2 -2.4659 -1.0523 -10.3487 -2.4380 -1.0993 -10.5411 0.0663 0.2000 0.4314 0.3922 0.1961 14.6005 2.0000 
316 317 2 -2.4380 -1.0993 -10.5411 -2.4761 -1.1128 -10.7370 0.0663 0.2000 0.4314 0.3922 0.1961 14.7291 2.0000 
317 318 2 -2.4761 -1.1128 -10.7370 -2.5071 -1.1365 -10.9331 0.0663 0.2000 0.4314 0.3922 0.1961 14.8588 2.0000 
318 319 2 -2.5071 -1.1365 -10.9331 -2.5447 -1.1238 -11.1292 0.0663 0.2000 0.4314 0.3922 0.1961 14.9896 2.0000 
319 320 2 -2.5447 -1.1238 -11.1292 -2.5752 -1.1030 -11.3257 0.0663 0.2000 0.4314 0.3922 0.1961 15.1215 2.0000 
320 321 2 -2.5752 -1.1030 -11.3257 -2.6262 -1.0975 -11.5190 0.0663 0.2000 0.4314 0.3922 0.1961 15.2545 2.0000 
321 322 2 -2.6262 -1.0975 -11.5190 -2.7056 -1.0488 -11.6960 0.0663 0.2000 0.4314 0.3922 0.1961 15.3886 2.0000 
322 323 2 -2.7056 -1.0488 -11.6960 -2.8018 -0.9733 -11.8542 0.0663 0.2000 0.4314 0.3922 0.1961 15.5239 2.0000 
323 324 2 -2.8018 -0.9733 -11.8542 -2.8828 -0.9144 -12.0274 0.0663 0.2000 0.4314 0.3922 0.1961 15.6604 2.0000 
324 325 2 -2.8828 -0.9144 -12.0274 -2.9337 -0.8167 -12.1943 0.0663 0.2000 0.4314 0.3922 0.1961 15.7981 2.0000 
325 326 2 -2.9337 -0.8167 -12.1943 -2.9975 -0.7479 -12.3709 0.0663 0.2000 0.4314 0.3922 0.1961 15.9369 2.0000 
326 327 2 -2.9975 -0.7479 -12.3709 -3.0599 -0.6776 -12.5474 0.0663 0.2000 0.4314 0.3922 0.1961 16.0771 2.0000 
327 328 2 -3.0599 -0.6776 -12.5474 -3.1050 -0.6211 -12.7339 0.0663 0.2000 0.4314 0.3922 0.1961 16.2185 2.0000 
328 329 2 -3.1050 -0.6211 -12.7339 -3.1840 -0.5827 -12.9136 0.0663 0.2000 0.4314 0.3922 0.1961 16.3612 2.0000 
329 330 2 -3.1840 -0.5827 -12.9136 -3.2673 -0.5316 -13.0881 0.0663 0.2000 0.4314 0.3922 0.1961 16.5052 2.0000 
330 331 2 -3.2673 -0.5316 -13.0881 -3.3194 -0.4783 -13.2737 0.0663 0.2000 0.4314 0.3922 0.1961 16.6505 2.0000 
331 332 2 -3.3194 -0.4783 -13.2737 -3.3750 -0.4231 -13.4577 0.0663 0.2000 0.4314 0.3922 0.1961 16.7972 2.0000 
332 333 2 -3.3750 -0.4231 -13.4577 -3.4249 -0.3498 -13.6370 0.0663 0.2000 0.4314 0.3922 0.1961 16.9453 2.0000 
333 334 2 -3.4249 -0.3498 -13.6370 -3.4707 -0.2652 -13.8123 0.0663 0.2000 0.4314 0.3922 0.1961 17.0948 2.0000 
334 335 2 -3.4707 -0.2652 -13.8123 -3.5268 -0.1920 -13.9898 0.0663 0.2000 0.4314 0.3922 0.1961 17.2457 2.0000 
335 336 2 -3.5268 -0.1920 -13.9898 -3.5662 -0.1103 -14.1680 0.0663 0.2000 0.4314 0.3922 0.1961 17.3981 2.0000 
336 337 2 -3.5662 -0.1103 -14.1680 -3.6017 -0.0366 -14.3505 0.0663 0.2000 0.4314 0.3922 0.1961 17.5520 2.0000 
337 338 2 -3.6017 -0.0366 -14.3505 -3.6478 0.0468 -14.5264 0.0663 0.2000 0.4314 0.3922 0.1961 17.7074 2.0000 
338 339 2 -3.6478 0.0468 -14.5264 -3.6967 0.1237 -14.7044 0.0663 0.2000 0.4314 0.3922 0.1961 17.8644 2.0000 
339 340 2 -3.6967 0.1237 -14.7044 -3.7421 0.1830 -14.8900 0.0663 0.2000 0.4314 0.3922 0.1961 18.0229 2.0000 
340 341 2 -3.7421 0.1830 -14.8900 -3.7662 0.2605 -15.0727 0.0663 0.2000 0.4314 0.3922 0.1961 18.1831 2.0000 
341 342 2 -3.7662 0.2605 -15.0727 -3.7577 0.3055 -15.2674 0.0663 0.2000 0.4314 0.3922 0.1961 18.3450 2.0000 
342 343 2 -3.7577 0.3055 -15.2674 -3.7704 0.3639 -15.4583 0.0663 0.2000 0.4314 0.3922 0.1961 18.5085 2.0000 
343 344 2 -3.7704 0.3639 -15.4583 -3.7859 0.4126 -15.6517 0.0663 0.2000 0.4314 0.3922 0.1961 18.6737 2.0000 
344 345 2 -3.7859 0.4126 -15.6517 -3.8013 0.4606 -15.8452 0.0663 0.2000 0.4314 0.3922 0.1961 18.8408 2.0000 
345 346 2 -3.8013 0.4606 -15.8452 -3.8028 0.4847 -16.0438 0.0663 0.2000 0.4314 0.3922 0.1961 19.0096 2.0000 
346 347 2 -3.8028 0.4847 -16.0438 -3.8022 0.5070 -16.2425 0.0663 0.2000 0.4314 0.3922 0.1961 19.1802 2.0000 
347 348 2 -3.8022 0.5070 -16.2425 -3.7711 0.5475 -16.4359 0.0663 0.2000 0.4314 0.3922 0.1961 19.3527 2.0000 
348 349 2 -3.7711 0.5475 -16.4359 -3.7515 0.5786 -16.6325 0.0663 0.2000 0.4314 0.3922 0.1961 19.5272 2.0000 
349 350 2 -3.7515 0.5786 -16.6325 -3.7543 0.5784 -16.8325 0.0663 0.2000 0.4314 0.3922 0.1961 19.7036 2.0000 
350 351 2 -3.7543 0.5784 -16.8325 -3.7255 0.6030 -17.0288 0.0663 0.2000 0.4314 0.3922 0.1961 19.8820 2.0000 
351 352 2 -3.7255 0.6030 -17.0288 -3.6974 0.6279 -17.2253 0.0663 0.2000 0.4314 0.3922 0.1961 20.0625 2.0000 
352 353 2 -3.6974 0.6279 -17.2253 -3.6743 0.6300 -17.4239 0.0663 0.2000 0.4314 0.3922 0.1961 20.2451 2.0000 
353 354 2 -3.6743 0.6300 -17.4239 -3.6474 0.6657 -17.6189 0.0663 0.2000 0.4314 0.3922 0.1961 20.4298 2.0000 
354 355 2 -3.6474 0.6657 -17.6189 -3.6250 0.7063 -17.8134 0.0663 0.2000 0.4314 0.3922 0.1961 20.6167 2.0000 
355 356 2 -3.6250 0.7063 -17.8134 -3.5965 0.7348 -18.0093 0.0663 0.2000 0.4314 0.3922 0.1961 20.8059 2.0000 
356 357 2 -3.5965 0.7348 -18.0093 -3.5673 0.7577 -18.2059 0.0663 0.2000 0.4314 0.3922 0.1961 20.9974 2.0000 
357 358 2 -3.5673 0.7577 -18.2059 -3.5649 0.7907 -18.4031 0.0663 0.2000 0.4314 0.3922 0.1961 21.1913 2.0000 
358 359 2 -3.5649 0.7907 -18.4031 -3.5556 0.8029 -18.6025 0.0663 0.2000 0.4314 0.3922 0.1961 21.3876 2.0000 
359 360 2 -3.5556 0.8029 -18.6025 -3.5547 0.8062 -18.8025 0.0663 0.2000 0.4314 0.3922 0.1961 21.5864 2.0000 
360 361 2 -3.5547 0.8062 -18.8025 -3.4742 0.8024 -18.9855 0.0663 0.2000 0.4314 0.3922 0.1961 21.7877 2.0000 
361 362 2 -3.4742 0.8024 -18.9855 -3.4350 0.7781 -19.1801 0.0663 0.2000 0.4314 0.3922 0.1961 21.9916 2.0000 
362 363 2 -3.4350 0.7781 -19.1801 -3.3941 0.7513 -19.3741 0.0663 0.2000 0.4314 0.3922 0.1961 22.1983 2.0000 
363 364 2 -3.3941 0.7513 -19.3741 -3.3565 0.7322 -19.5696 0.0663 0.2000 0.4314 0.3922 0.1961 22.4077 2.0000 
364 365 2 -3.3565 0.7322 -19.5696 -3.3255 0.7109 -19.7660 0.0663 0.2000 0.4314 0.3922 0.1961 22.6199 2.0000 
365 366 2 -3.3255 0.7109 -19.7660 -3.2906 0.7015 -19.9627 0.0663 0.2000 0.4314 0.3922 0.1961 22.8351 2.0000 
366 367 2 -3.2906 0.7015 -19.9627 -3.2758 0.6818 -20.1612 0.0663 0.2000 0.4314 0.3922 0.1961 23.0533 2.0000 
367 368 2 -3.2758 0.6818 -20.1612 -3.2671 0.6899 -20.3608 0.0663 0.2000 0.4314 0.3922 0.1961 23.2745 2.0000 
368 369 2 -3.2671 0.6899 -20.3608 -3.2870 0.6893 -20.5598 0.0663 0.2000 0.4314 0.3922 0.1961 23.4989 2.0000 
369 370 2 -3.2870 0.6893 -20.5598 -3.3166 0.7058 -20.7569 0.0663 0.2000 0.4314 0.3922 0.1961 23.7265 2.0000 
370 371 2 -3.3166 0.7058 -20.7569 -3.3124 0.7112 -20.9568 0.0663 0.2000 0.4314 0.3922 0.1961 23.9576 2.0000 
371 372 2 -3.3124 0.7112 -20.9568 -3.3108 0.7125 -21.1568 0.0663 0.2000 0.4314 0.3922 0.1961 24.1920 2.0000 
372 373 2 -3.3108 0.7125 -21.1568 -3.2890 0.7279 -21.3550 0.0663 0.2000 0.4314 0.3922 0.1961 24.4301 2.0000 
373 374 2 -3.2890 0.7279 -21.3550 -3.2711 0.7625 -21.5512 0.0663 0.2000 0.4314 0.3922 0.1961 24.6718 2.0000 
374 375 2 -3.2711 0.7625 -21.5512 -3.3302 0.8136 -21.7353 0.0663 0.2000 0.4314 0.3922 0.1961 24.9172 2.0000 
375 376 2 -3.3302 0.8136 -21.7353 -3.3830 0.8507 -21.9246 0.0663 0.2000 0.4314 0.3922 0.1961 25.1666 2.0000 
376 377 2 -3.3830 0.8507 -21.9246 -3.4479 0.8964 -22.1082 0.0663 0.2000 0.4314 0.3922 0.1961 25.4201 2.0000 
377 378 2 -3.4479 0.8964 -22.1082 -3.5080 0.9329 -22.2954 0.0663 0.2000 0.4314 0.3922 0.1961 25.6776 2.0000 
378 379 2 -3.5080 0.9329 -22.2954 -3.5662 0.9570 -22.4852 0.0663 0.2000 0.4314 0.3922 0.1961 25.9395 2.0000 
379 380 2 -3.5662 0.9570 -22.4852 -3.6212 0.9745 -22.6767 0.0663 0.2000 0.4314 0.3922 0.1961 26.2059 2.0000 
380 381 2 -3.6212 0.9745 -22.6767 -3.6655 0.9950 -22.8707 0.0663 0.2000 0.4314 0.3922 0.1961 26.4768 2.0000 
381 382 2 -3.6655 0.9950 -22.8707 -3.7044 1.0016 -23.0668 0.0663 0.2000 0.4314 0.3922 0.1961 26.7525 2.0000 
382 383 2 -3.7044 1.0016 -23.0668 -3.7503 0.9799 -23.2602 0.0663 0.2000 0.4314 0.3922 0.1961 27.0332 2.0000 
383 384 2 -3.7503 0.9799 -23.2602 -3.7855 0.9391 -23.4528 0.0663 0.2000 0.4314 0.3922 0.1961 27.3190 2.0000 
384 385 2 -3.7855 0.9391 -23.4528 -3.8222 0.8970 -23.6448 0.0663 0.2000 0.4314 0.3922 0.1961 27.6100 2.0000 
385 386 2 -3.8222 0.8970 -23.6448 -3.8364 0.8592 -23.8407 0.0663 0.2000 0.4314 0.3922 0.1961 27.9066 2.0000 
386 387 2 -3.8364 0.8592 -23.8407 -3.8603 0.8298 -24.0371 0.0663 0.2000 0.4314 0.3922 0.1961 28.2089 2.0000 
387 388 2 -3.8603 0.8298 -24.0371 -3.8594 0.7757 -24.2297 0.0663 0.2000 0.4314 0.3922 0.1961 28.5172 2.0000 
388 389 2 -3.8594 0.7757 -24.2297 -3.8234 0.7519 -24.4249 0.0663 0.2000 0.4314 0.3922 0.1961 28.8316 2.0000 
389 390 2 -3.8234 0.7519 -24.4249 -3.7596 0.7225 -24.6122 0.0663 0.2000 0.4314 0.3922 0.1961 29.1525 2.0000 
390 391 2 -3.7596 0.7225 -24.6122 -3.7179 0.7041 -24.8069 0.0663 0.2000 0.4314 0.3922 0.1961 29.4800 2.0000 
391 392 2 -3.7179 0.7041 -24.8069 -3.6629 0.7017 -24.9992 0.0663 0.2000 0.4314 0.3922 0.1961 29.8146 2.0000 
392 393 2 -3.6629 0.7017 -24.9992 -3.6346 0.7054 -25.1044 0.0663 0.1090 0.4314 0.3922 0.1961 30.0000 2.0000 
4 394 3 0.0131 0.1359 -3.7374 0.1483 0.2567 -3.8218 0.0632 0.2000 0.4314 0.3922 0.1961 10.4712 2.0000 
394 395 3 0.1483 0.2567 -3.8218 0.2671 0.3899 -3.9121 0.0632 0.2000 0.4314 0.3922 0.1961 10.5622 2.0000 
395 396 3 0.2671 0.3899 -3.9121 0.3949 0.5419 -3.9360 0.0632 0.2000 0.4314 0.3922 0.1961 10.6538 2.0000 
396 397 3 0.3949 0.5419 -3.9360 0.5219 0.6945 -3.9602 0.0632 0.2000 0.4314 0.3922 0.1961 10.7460 2.0000 
397 398 3 0.5219 0.6945 -3.9602 0.6493 0.8465 -3.9858 0.0632 0.2000 0.4314 0.3922 0.1961 10.8387 2.0000 
398 399 3 0.6493 0.8465 -3.9858 0.7820 0.9955 -3.9996 0.0632 0.2000 0.4314 0.3922 0.1961 10.9321 2.0000 
399 400 3 0.7820 0.9955 -3.9996 0.9224 1.1373 -4.0132 0.0632 0.2000 0.4314 0.3922 0.1961 11.0261 2.0000 
400 401 3 0.9224 1.1373 -4.0132 1.0437 1.2953 -3.9961 0.0632 0.2000 0.4314 0.3922 0.1961 11.1207 2.0000 
401 402 3 1.0437 1.2953 -3.9961 1.1520 1.4635 -4.0003 0.0632 0.2000 0.4314 0.3922 0.1961 11.2159 2.0000 
402 403 3 1.1520 1.4635 -4.0003 1.2479 1.6373 -4.0244 0.0632 0.2000 0.4314 0.3922 0.1961 11.3117 2.0000 
403 404 3 1.2479 1.6373 -4.0244 1.3222 1.8219 -4.0443 0.0632 0.2000 0.4314 0.3922 0.1961 11.4082 2.0000 
404 405 3 1.3222 1.8219 -4.0443 1.3386 2.0205 -4.0277 0.0632 0.2000 0.4314 0.3922 0.1961 11.5054 2.0000 
405 406 3 1.3386 2.0205 -4.0277 1.3881 2.2135 -4.0451 0.0632 0.2000 0.4314 0.3922 0.1961 11.6032 2.0000 
406 407 3 1.3881 2.2135 -4.0451 1.4081 2.4120 -4.0310 0.0632 0.2000 0.4314 0.3922 0.1961 11.7017 2.0000 
407 408 3 1.4081 2.4120 -4.0310 1.4240 2.6093 -4.0023 0.0632 0.2000 0.4314 0.3922 0.1961 11.8008 2.0000 
408 409 3 1.4240 2.6093 -4.0023 1.4404 2.8064 -3.9724 0.0632 0.2000 0.4314 0.3922 0.1961 11.9007 2.0000 
409 410 3 1.4404 2.8064 -3.9724 1.4796 2.9989 -3.9348 0.0632 0.2000 0.4314 0.3922 0.1961 12.0012 2.0000 
410 411 3 1.4796 2.9989 -3.9348 1.5134 3.1912 -3.8916 0.0632 0.2000 0.4314 0.3922 0.1961 12.1025 2.0000 
411 412 3 1.5134 3.1912 -3.8916 1.5549 3.3782 -3.8341 0.0632 0.2000 0.4314 0.3922 0.1961 12.2045 2.0000 
412 413 3 1.5549 3.3782 -3.8341 1.5985 3.5679 -3.7882 0.0632 0.2000 0.4314 0.3922 0.1961 12.3072 2.0000 
413 414 3 1.5985 3.5679 -3.7882 1.5839 3.7671 -3.7990 0.0632 0.2000 0.4314 0.3922 0.1961 12.4106 2.0000 
414 415 3 1.5839 3.7671 -3.7990 1.5677 3.9635 -3.8332 0.0632 0.2000 0.4314 0.3922 0.1961 12.5148 2.0000 
415 416 3 1.5677 3.9635 -3.8332 1.5691 4.1606 -3.8673 0.0632 0.2000 0.4314 0.3922 0.1961 12.6197 2.0000 
416 417 3 1.5691 4.1606 -3.8673 1.5848 4.3586 -3.8906 0.0632 0.2000 0.4314 0.3922 0.1961 12.7255 2.0000 
417 418 3 1.5848 4.3586 -3.8906 1.6424 4.5483 -3.9167 0.0632 0.2000 0.4314 0.3922 0.1961 12.8320 2.0000 
418 419 3 1.6424 4.5483 -3.9167 1.7150 4.7347 -3.9150 0.0632 0.2000 0.4314 0.3922 0.1961 12.9393 2.0000 
419 420 3 1.7150 4.7347 -3.9150 1.8225 4.8984 -3.9557 0.0632 0.2000 0.4314 0.3922 0.1961 13.0474 2.0000 
420 421 3 1.8225 4.8984 -3.9557 1.9239 5.0631 -4.0065 0.0632 0.2000 0.4314 0.3922 0.1961 13.1563 2.0000 
421 422 3 1.9239 5.0631 -4.0065 2.0052 5.2342 -4.0706 0.0632 0.2000 0.4314 0.3922 0.1961 13.2661 2.0000 
422 423 3 2.0052 5.2342 -4.0706 2.0677 5.4149 -4.1293 0.0632 0.2000 0.4314 0.3922 0.1961 13.3767 2.0000 
423 424 3 2.0677 5.4149 -4.1293 2.1300 5.5946 -4.1913 0.0632 0.2000 0.4314 0.3922 0.1961 13.4881 2.0000 
424 425 3 2.1300 5.5946 -4.1913 2.1866 5.7756 -4.2546 0.0632 0.2000 0.4314 0.3922 0.1961 13.6005 2.0000 
425 426 3 2.1866 5.7756 -4.2546 2.2338 5.9629 -4.3068 0.0632 0.2000 0.4314 0.3922 0.1961 13.7137 2.0000 
426 427 3 2.2338 5.9629 -4.3068 2.3024 6.1464 -4.3468 0.0632 0.2000 0.4314 0.3922 0.1961 13.8278 2.0000 
427 428 3 2.3024 6.1464 -4.3468 2.3549 6.3370 -4.3773 0.0632 0.2000 0.4314 0.3922 0.1961 13.9428 2.0000 
428 429 3 2.3549 6.3370 -4.3773 2.3909 6.5312 -4.4084 0.0632 0.2000 0.4314 0.3922 0.1961 14.0588 2.0000 
429 430 3 2.3909 6.5312 -4.4084 2.4068 6.7306 -4.4087 0.0632 0.2000 0.4314 0.3922 0.1961 14.1757 2.0000 
430 431 3 2.4068 6.7306 -4.4087 2.4087 6.9303 -4.4186 0.0632 0.2000 0.4314 0.3922 0.1961 14.2935 2.0000 
431 432 3 2.4087 6.9303 -4.4186 2.4036 7.1291 -4.4405 0.0632 0.2000 0.4314 0.3922 0.1961 14.4123 2.0000 
432 433 3 2.4036 7.1291 -4.4405 2.3988 7.3233 -4.4878 0.0632 0.2000 0.4314 0.3922 0.1961 14.5322 2.0000 
433 434 3 2.3988 7.3233 -4.4878 2.3961 7.5081 -4.5644 0.0632 0.2000 0.4314 0.3922 0.1961 14.6530 2.0000 
434 435 3 2.3961 7.5081 -4.5644 2.3920 7.6923 -4.6421 0.0632 0.2000 0.4314 0.3922 0.1961 14.7748 2.0000 
435 436 3 2.3920 7.6923 -4.6421 2.3809 7.8740 -4.7251 0.0632 0.2000 0.4314 0.3922 0.1961 14.8977 2.0000 
436 437 3 2.3809 7.8740 -4.7251 2.3790 8.0579 -4.8035 0.0632 0.2000 0.4314 0.3922 0.1961 15.0217 2.0000 
437 438 3 2.3790 8.0579 -4.8035 2.3917 8.2387 -4.8881 0.0632 0.2000 0.4314 0.3922 0.1961 15.1467 2.0000 
438 439 3 2.3917 8.2387 -4.8881 2.3958 8.4213 -4.9695 0.0632 0.2000 0.4314 0.3922 0.1961 15.2728 2.0000 
439 440 3 2.3958 8.4213 -4.9695 2.3960 8.5966 -5.0658 0.0632 0.2000 0.4314 0.3922 0.1961 15.4001 2.0000 
440 441 3 2.3960 8.5966 -5.0658 2.4000 8.7677 -5.1694 0.0632 0.2000 0.4314 0.3922 0.1961 15.5284 2.0000 
441 442 3 2.4000 8.7677 -5.1694 2.3969 8.9243 -5.2937 0.0632 0.2000 0.4314 0.3922 0.1961 15.6580 2.0000 
442 443 3 2.3969 8.9243 -5.2937 2.4099 9.0823 -5.4156 0.0632 0.2000 0.4314 0.3922 0.1961 15.7887 2.0000 
443 444 3 2.4099 9.0823 -5.4156 2.4187 9.2451 -5.5315 0.0632 0.2000 0.4314 0.3922 0.1961 15.9206 2.0000 
444 445 3 2.4187 9.2451 -5.5315 2.4302 9.3953 -5.6631 0.0632 0.2000 0.4314 0.3922 0.1961 16.0537 2.0000 
445 446 3 2.4302 9.3953 -5.6631 2.4582 9.5261 -5.8117 0.0632 0.2000 0.4314 0.3922 0.1961 16.1881 2.0000 
446 447 3 2.4582 9.5261 -5.8117 2.4838 9.6591 -5.9589 0.0632 0.2000 0.4314 0.3922 0.1961 16.3237 2.0000 
447 448 3 2.4838 9.6591 -5.9589 2.5094 9.7919 -6.1063 0.0632 0.2000 0.4314 0.3922 0.1961 16.4607 2.0000 
448 449 3 2.5094 9.7919 -6.1063 2.5340 9.9247 -6.2537 0.0632 0.2000 0.4314 0.3922 0.1961 16.5989 2.0000 
449 450 3 2.5340 9.9247 -6.2537 2.5525 10.0600 -6.3999 0.0632 0.2000 0.4314 0.3922 0.1961 16.7385 2.0000 
450 451 3 2.5525 10.0600 -6.3999 2.5976 10.1857 -6.5487 0.0632 0.2000 0.4314 0.3922 0.1961 16.8795 2.0000 
451 452 3 2.5976 10.1857 -6.5487 2.6567 10.3188 -6.6859 0.0632 0.2000 0.4314 0.3922 0.1961 17.0218 2.0000 
452 453 3 2.6567 10.3188 -6.6859 2.7037 10.4427 -6.8357 0.0632 0.2000 0.4314 0.3922 0.1961 17.1656 2.0000 
453 454 3 2.7037 10.4427 -6.8357 2.7396 10.5533 -6.9984 0.0632 0.2000 0.4314 0.3922 0.1961 17.3109 2.0000 
454 455 3 2.7396 10.5533 -6.9984 2.7586 10.6612 -7.1657 0.0632 0.2000 0.4314 0.3922 0.1961 17.4576 2.0000 
455 456 3 2.7586 10.6612 -7.1657 2.7829 10.7724 -7.3302 0.0632 0.2000 0.4314 0.3922 0.1961 17.6058 2.0000 
456 457 3 2.7829 10.7724 -7.3302 2.8029 10.8628 -7.5074 0.0632 0.2000 0.4314 0.3922 0.1961 17.7556 2.0000 
457 458 3 2.8029 10.8628 -7.5074 2.8151 10.9705 -7.6755 0.0632 0.2000 0.4314 0.3922 0.1961 17.9069 2.0000 
458 459 3 2.8151 10.9705 -7.6755 2.8504 11.0662 -7.8475 0.0632 0.2000 0.4314 0.3922 0.1961 18.0599 2.0000 
459 460 3 2.8504 11.0662 -7.8475 2.8542 11.1741 -8.0159 0.0632 0.2000 0.4314 0.3922 0.1961 18.2145 2.0000 
460 461 3 2.8542 11.1741 -8.0159 2.8403 11.2228 -8.2094 0.0632 0.2000 0.4314 0.3922 0.1961 18.3708 2.0000 
461 462 3 2.8403 11.2228 -8.2094 2.8358 11.2735 -8.4028 0.0632 0.2000 0.4314 0.3922 0.1961 18.5288 2.0000 
462 463 3 2.8358 11.2735 -8.4028 2.8436 11.3392 -8.5916 0.0632 0.2000 0.4314 0.3922 0.1961 18.6885 2.0000 
463 464 3 2.8436 11.3392 -8.5916 2.8721 11.4158 -8.7741 0.0632 0.2000 0.4314 0.3922 0.1961 18.8501 2.0000 
464 465 3 2.8721 11.4158 -8.7741 2.9099 11.4891 -8.9563 0.0632 0.2000 0.4314 0.3922 0.1961 19.0135 2.0000 
465 466 3 2.9099 11.4891 -8.9563 2.9809 11.5490 -9.1334 0.0632 0.2000 0.4314 0.3922 0.1961 19.1787 2.0000 
466 467 3 2.9809 11.5490 -9.1334 3.0968 11.5848 -9.2924 0.0632 0.2000 0.4314 0.3922 0.1961 19.3459 2.0000 
467 468 3 3.0968 11.5848 -9.2924 3.2080 11.6190 -9.4551 0.0632 0.2000 0.4314 0.3922 0.1961 19.5151 2.0000 
468 469 3 3.2080 11.6190 -9.4551 3.3301 11.6528 -9.6099 0.0632 0.2000 0.4314 0.3922 0.1961 19.6862 2.0000 
469 470 3 3.3301 11.6528 -9.6099 3.4442 11.6854 -9.7709 0.0632 0.2000 0.4314 0.3922 0.1961 19.8595 2.0000 
470 471 3 3.4442 11.6854 -9.7709 3.5332 11.7350 -9.9430 0.0632 0.2000 0.4314 0.3922 0.1961 20.0348 2.0000 
471 472 3 3.5332 11.7350 -9.9430 3.5963 11.7746 -10.1286 0.0632 0.2000 0.4314 0.3922 0.1961 20.2123 2.0000 
472 473 3 3.5963 11.7746 -10.1286 3.6623 11.8156 -10.3128 0.0632 0.2000 0.4314 0.3922 0.1961 20.3920 2.0000 
473 474 3 3.6623 11.8156 -10.3128 3.7332 11.8393 -10.4984 0.0632 0.2000 0.4314 0.3922 0.1961 20.5740 2.0000 
474 475 3 3.7332 11.8393 -10.4984 3.8058 11.8638 -10.6831 0.0632 0.2000 0.4314 0.3922 0.1961 20.7584 2.0000 
475 476 3 3.8058 11.8638 -10.6831 3.8711 11.8865 -10.8708 0.0632 0.2000 0.4314 0.3922 0.1961 20.9451 2.0000 
476 477 3 3.8711 11.8865 -10.8708 3.9255 11.8805 -11.0631 0.0632 0.2000 0.4314 0.3922 0.1961 21.1343 2.0000 
477 478 3 3.9255 11.8805 -11.0631 3.9638 11.8877 -11.2593 0.0632 0.2000 0.4314 0.3922 0.1961 21.3260 2.0000 
478 479 3 3.9638 11.8877 -11.2593 4.0012 11.8925 -11.4557 0.0632 0.2000 0.4314 0.3922 0.1961 21.5203 2.0000 
479 480 3 4.0012 11.8925 -11.4557 4.0366 11.8798 -11.6521 0.0632 0.2000 0.4314 0.3922 0.1961 21.7173 2.0000 
480 481 3 4.0366 11.8798 -11.6521 4.0760 11.8650 -11.8477 0.0632 0.2000 0.4314 0.3922 0.1961 21.9169 2.0000 
481 482 3 4.0760 11.8650 -11.8477 4.1408 11.8084 -12.0282 0.0632 0.2000 0.4314 0.3922 0.1961 22.1195 2.0000 
482 483 3 4.1408 11.8084 -12.0282 4.1822 11.7419 -12.2122 0.0632 0.2000 0.4314 0.3922 0.1961 22.3249 2.0000 
483 484 3 4.1822 11.7419 -12.2122 4.2475 11.6950 -12.3954 0.0632 0.2000 0.4314 0.3922 0.1961 22.5332 2.0000 
484 485 3 4.2475 11.6950 -12.3954 4.3052 11.6338 -12.5768 0.0632 0.2000 0.4314 0.3922 0.1961 22.7447 2.0000 
485 486 3 4.3052 11.6338 -12.5768 4.3153 11.5653 -12.7645 0.0632 0.2000 0.4314 0.3922 0.1961 22.9593 2.0000 
486 487 3 4.3153 11.5653 -12.7645 4.3294 11.5252 -12.9599 0.0632 0.2000 0.4314 0.3922 0.1961 23.1771 2.0000 
487 488 3 4.3294 11.5252 -12.9599 4.3264 11.4945 -13.1575 0.0632 0.2000 0.4314 0.3922 0.1961 23.3983 2.0000 
488 489 3 4.3264 11.4945 -13.1575 4.3196 11.4636 -13.3550 0.0632 0.2000 0.4314 0.3922 0.1961 23.6230 2.0000 
489 490 3 4.3196 11.4636 -13.3550 4.3129 11.4328 -13.5525 0.0632 0.2000 0.4314 0.3922 0.1961 23.8512 2.0000 
490 491 3 4.3129 11.4328 -13.5525 4.2928 11.4396 -13.7514 0.0632 0.2000 0.4314 0.3922 0.1961 24.0831 2.0000 
491 492 3 4.2928 11.4396 -13.7514 4.2747 11.4477 -13.9504 0.0632 0.2000 0.4314 0.3922 0.1961 24.3188 2.0000 
492 493 3 4.2747 11.4477 -13.9504 4.2478 11.4592 -14.1482 0.0632 0.2000 0.4314 0.3922 0.1961 24.5584 2.0000 
493 494 3 4.2478 11.4592 -14.1482 4.2723 11.4655 -14.3466 0.0632 0.2000 0.4314 0.3922 0.1961 24.8021 2.0000 
494 495 3 4.2723 11.4655 -14.3466 4.2799 11.5001 -14.5434 0.0632 0.2000 0.4314 0.3922 0.1961 25.0500 2.0000 
495 496 3 4.2799 11.5001 -14.5434 4.2670 11.5171 -14.7423 0.0632 0.2000 0.4314 0.3922 0.1961 25.3023 2.0000 
496 497 3 4.2670 11.5171 -14.7423 4.2724 11.5212 -14.9422 0.0632 0.2000 0.4314 0.3922 0.1961 25.5590 2.0000 
497 498 3 4.2724 11.5212 -14.9422 4.2883 11.5310 -15.1413 0.0632 0.2000 0.4314 0.3922 0.1961 25.8204 2.0000 
498 499 3 4.2883 11.5310 -15.1413 4.2867 11.5274 -15.3413 0.0632 0.2000 0.4314 0.3922 0.1961 26.0867 2.0000 
499 500 3 4.2867 11.5274 -15.3413 4.3047 11.5150 -15.5401 0.0632 0.2000 0.4314 0.3922 0.1961 26.3580 2.0000 
500 501 3 4.3047 11.5150 -15.5401 4.3226 11.5162 -15.7393 0.0632 0.2000 0.4314 0.3922 0.1961 26.6345 2.0000 
501 502 3 4.3226 11.5162 -15.7393 4.3254 11.5037 -15.9389 0.0632 0.2000 0.4314 0.3922 0.1961 26.9164 2.0000 
502 503 3 4.3254 11.5037 -15.9389 4.3280 11.4891 -16.1383 0.0632 0.2000 0.4314 0.3922 0.1961 27.2039 2.0000 
503 504 3 4.3280 11.4891 -16.1383 4.3262 11.4583 -16.3359 0.0632 0.2000 0.4314 0.3922 0.1961 27.4974 2.0000 
504 505 3 4.3262 11.4583 -16.3359 4.3089 11.4229 -16.5320 0.0632 0.2000 0.4314 0.3922 0.1961 27.7969 2.0000 
505 506 3 4.3089 11.4229 -16.5320 4.3125 11.3604 -16.7220 0.0632 0.2000 0.4314 0.3922 0.1961 28.1028 2.0000 
506 507 3 4.3125 11.3604 -16.7220 4.3047 11.3066 -16.9144 0.0632 0.2000 0.4314 0.3922 0.1961 28.4154 2.0000 
507 508 3 4.3047 11.3066 -16.9144 4.2600 11.3145 -17.1092 0.0632 0.2000 0.4314 0.3922 0.1961 28.7349 2.0000 
508 509 3 4.2600 11.3145 -17.1092 4.2255 11.3220 -17.3061 0.0632 0.2000 0.4314 0.3922 0.1961 29.0616 2.0000 
509 510 3 4.2255 11.3220 -17.3061 4.1799 11.3483 -17.4990 0.0632 0.2000 0.4314 0.3922 0.1961 29.3960 2.0000 
510 511 3 4.1799 11.3483 -17.4990 4.1165 11.3619 -17.6882 0.0632 0.2000 0.4314 0.3922 0.1961 29.7383 2.0000 
511 512 3 4.1165 11.3619 -17.6882 4.0889 11.3434 -17.8342 0.0632 0.1497 0.4314 0.3922 0.1961 30.0000 2.0000 
7 513 4 -0.0549 0.1725 -4.1347 -0.0438 -0.0208 -4.1848 0.0405 0.2000 0.4314 0.3922 0.1961 10.9130 2.0000 
513 514 4 -0.0438 -0.0208 -4.1848 -0.0471 -0.2178 -4.2188 0.0405 0.2000 0.4314 0.3922 0.1961 11.0132 2.0000 
514 515 4 -0.0471 -0.2178 -4.2188 -0.0370 -0.4159 -4.2444 0.0405 0.2000 0.4314 0.3922 0.1961 11.1141 2.0000 
515 516 4 -0.0370 -0.4159 -4.2444 -0.0280 -0.6022 -4.3167 0.0405 0.2000 0.4314 0.3922 0.1961 11.2157 2.0000 
516 517 4 -0.0280 -0.6022 -4.3167 0.0229 -0.7670 -4.4179 0.0405 0.2000 0.4314 0.3922 0.1961 11.3179 2.0000 
517 518 4 0.0229 -0.7670 -4.4179 0.0643 -0.9253 -4.5329 0.0405 0.2000 0.4314 0.3922 0.1961 11.4208 2.0000 
518 519 4 0.0643 -0.9253 -4.5329 0.1084 -1.0758 -4.6570 0.0405 0.2000 0.4314 0.3922 0.1961 11.5243 2.0000 
519 520 4 0.1084 -1.0758 -4.6570 0.1698 -1.2114 -4.7906 0.0405 0.2000 0.4314 0.3922 0.1961 11.6286 2.0000 
520 521 4 0.1698 -1.2114 -4.7906 0.2520 -1.3525 -4.9062 0.0405 0.2000 0.4314 0.3922 0.1961 11.7336 2.0000 
521 522 4 0.2520 -1.3525 -4.9062 0.3391 -1.4875 -5.0252 0.0405 0.2000 0.4314 0.3922 0.1961 11.8392 2.0000 
522 523 4 0.3391 -1.4875 -5.0252 0.3745 -1.6322 -5.1586 0.0405 0.2000 0.4314 0.3922 0.1961 11.9456 2.0000 
523 524 4 0.3745 -1.6322 -5.1586 0.4103 -1.7818 -5.2865 0.0405 0.2000 0.4314 0.3922 0.1961 12.0528 2.0000 
524 525 4 0.4103 -1.7818 -5.2865 0.4273 -1.9223 -5.4278 0.0405 0.2000 0.4314 0.3922 0.1961 12.1607 2.0000 
525 526 4 0.4273 -1.9223 -5.4278 0.4455 -2.0660 -5.5657 0.0405 0.2000 0.4314 0.3922 0.1961 12.2693 2.0000 
526 527 4 0.4455 -2.0660 -5.5657 0.4624 -2.2114 -5.7020 0.0405 0.2000 0.4314 0.3922 0.1961 12.3787 2.0000 
527 528 4 0.4624 -2.2114 -5.7020 0.4863 -2.3563 -5.8378 0.0405 0.2000 0.4314 0.3922 0.1961 12.4888 2.0000 
528 529 4 0.4863 -2.3563 -5.8378 0.5000 -2.4870 -5.9886 0.0405 0.2000 0.4314 0.3922 0.1961 12.5998 2.0000 
529 530 4 0.5000 -2.4870 -5.9886 0.5140 -2.6178 -6.1392 0.0405 0.2000 0.4314 0.3922 0.1961 12.7115 2.0000 
530 531 4 0.5140 -2.6178 -6.1392 0.5144 -2.7150 -6.3140 0.0405 0.2000 0.4314 0.3922 0.1961 12.8241 2.0000 
531 532 4 0.5144 -2.7150 -6.3140 0.4747 -2.7872 -6.4962 0.0405 0.2000 0.4314 0.3922 0.1961 12.9374 2.0000 
532 533 4 0.4747 -2.7872 -6.4962 0.4279 -2.8266 -6.6866 0.0405 0.2000 0.4314 0.3922 0.1961 13.0516 2.0000 
533 534 4 0.4279 -2.8266 -6.6866 0.3771 -2.8634 -6.8765 0.0405 0.2000 0.4314 0.3922 0.1961 13.1667 2.0000 
534 535 4 0.3771 -2.8634 -6.8765 0.3326 -2.8861 -7.0702 0.0405 0.2000 0.4314 0.3922 0.1961 13.2826 2.0000 
535 536 4 0.3326 -2.8861 -7.0702 0.2954 -2.9181 -7.2641 0.0405 0.2000 0.4314 0.3922 0.1961 13.3994 2.0000 
536 537 4 0.2954 -2.9181 -7.2641 0.2514 -2.9610 -7.4544 0.0405 0.2000 0.4314 0.3922 0.1961 13.5170 2.0000 
537 538 4 0.2514 -2.9610 -7.4544 0.2000 -3.0229 -7.6375 0.0405 0.2000 0.4314 0.3922 0.1961 13.6355 2.0000 
538 539 4 0.2000 -3.0229 -7.6375 0.1804 -3.0800 -7.8282 0.0405 0.2000 0.4314 0.3922 0.1961 13.7550 2.0000 
539 540 4 0.1804 -3.0800 -7.8282 0.1621 -3.1309 -8.0207 0.0405 0.2000 0.4314 0.3922 0.1961 13.8754 2.0000 
540 541 4 0.1621 -3.1309 -8.0207 0.1385 -3.1832 -8.2123 0.0405 0.2000 0.4314 0.3922 0.1961 13.9967 2.0000 
541 542 4 0.1385 -3.1832 -8.2123 0.1052 -3.2307 -8.4037 0.0405 0.2000 0.4314 0.3922 0.1961 14.1190 2.0000 
542 543 4 0.1052 -3.2307 -8.4037 0.0699 -3.2773 -8.5950 0.0405 0.2000 0.4314 0.3922 0.1961 14.2422 2.0000 
543 544 4 0.0699 -3.2773 -8.5950 0.0287 -3.3292 -8.7837 0.0405 0.2000 0.4314 0.3922 0.1961 14.3664 2.0000 
544 545 4 0.0287 -3.3292 -8.7837 -0.0189 -3.3632 -8.9750 0.0405 0.2000 0.4314 0.3922 0.1961 14.4916 2.0000 
545 546 4 -0.0189 -3.3632 -8.9750 -0.0710 -3.3947 -9.1655 0.0405 0.2000 0.4314 0.3922 0.1961 14.6178 2.0000 
546 547 4 -0.0710 -3.3947 -9.1655 -0.1211 -3.4357 -9.3547 0.0405 0.2000 0.4314 0.3922 0.1961 14.7451 2.0000 
547 548 4 -0.1211 -3.4357 -9.3547 -0.1854 -3.4546 -9.5431 0.0405 0.2000 0.4314 0.3922 0.1961 14.8734 2.0000 
548 549 4 -0.1854 -3.4546 -9.5431 -0.2536 -3.4759 -9.7300 0.0405 0.2000 0.4314 0.3922 0.1961 15.0028 2.0000 
549 550 4 -0.2536 -3.4759 -9.7300 -0.3482 -3.4443 -9.9033 0.0405 0.2000 0.4314 0.3922 0.1961 15.1332 2.0000 
550 551 4 -0.3482 -3.4443 -9.9033 -0.4172 -3.4481 -10.0910 0.0405 0.2000 0.4314 0.3922 0.1961 15.2648 2.0000 
551 552 4 -0.4172 -3.4481 -10.0910 -0.4870 -3.4508 -10.2784 0.0405 0.2000 0.4314 0.3922 0.1961 15.3975 2.0000 
552 553 4 -0.4870 -3.4508 -10.2784 -0.5540 -3.4606 -10.4666 0.0405 0.2000 0.4314 0.3922 0.1961 15.5313 2.0000 
553 554 4 -0.5540 -3.4606 -10.4666 -0.6570 -3.4959 -10.6343 0.0405 0.2000 0.4314 0.3922 0.1961 15.6663 2.0000 
554 555 4 -0.6570 -3.4959 -10.6343 -0.7546 -3.5269 -10.8061 0.0405 0.2000 0.4314 0.3922 0.1961 15.8024 2.0000 
555 556 4 -0.7546 -3.5269 -10.8061 -0.8196 -3.5785 -10.9881 0.0405 0.2000 0.4314 0.3922 0.1961 15.9398 2.0000 
556 557 4 -0.8196 -3.5785 -10.9881 -0.8718 -3.6355 -11.1726 0.0405 0.2000 0.4314 0.3922 0.1961 16.0784 2.0000 
557 558 4 -0.8718 -3.6355 -11.1726 -0.9195 -3.6408 -11.3667 0.0405 0.2000 0.4314 0.3922 0.1961 16.2182 2.0000 
558 559 4 -0.9195 -3.6408 -11.3667 -0.9501 -3.6498 -11.5642 0.0405 0.2000 0.4314 0.3922 0.1961 16.3593 2.0000 
559 560 4 -0.9501 -3.6498 -11.5642 -0.9474 -3.7049 -11.7564 0.0405 0.2000 0.4314 0.3922 0.1961 16.5016 2.0000 
560 561 4 -0.9474 -3.7049 -11.7564 -0.9421 -3.7680 -11.9461 0.0405 0.2000 0.4314 0.3922 0.1961 16.6453 2.0000 
561 562 4 -0.9421 -3.7680 -11.9461 -0.9517 -3.7997 -12.1433 0.0405 0.2000 0.4314 0.3922 0.1961 16.7904 2.0000 
562 563 4 -0.9517 -3.7997 -12.1433 -0.9442 -3.8377 -12.3396 0.0405 0.2000 0.4314 0.3922 0.1961 16.9368 2.0000 
563 564 4 -0.9442 -3.8377 -12.3396 -0.9736 -3.8523 -12.5369 0.0405 0.2000 0.4314 0.3922 0.1961 17.0845 2.0000 
564 565 4 -0.9736 -3.8523 -12.5369 -1.0027 -3.8670 -12.7342 0.0405 0.2000 0.4314 0.3922 0.1961 17.2337 2.0000 
565 566 4 -1.0027 -3.8670 -12.7342 -1.0463 -3.8419 -12.9277 0.0405 0.2000 0.4314 0.3922 0.1961 17.3844 2.0000 
566 567 4 -1.0463 -3.8419 -12.9277 -1.0855 -3.8033 -13.1201 0.0405 0.2000 0.4314 0.3922 0.1961 17.5365 2.0000 
567 568 4 -1.0855 -3.8033 -13.1201 -1.1003 -3.7603 -13.3148 0.0405 0.2000 0.4314 0.3922 0.1961 17.6901 2.0000 
568 569 4 -1.1003 -3.7603 -13.3148 -1.0874 -3.7104 -13.5080 0.0405 0.2000 0.4314 0.3922 0.1961 17.8452 2.0000 
569 570 4 -1.0874 -3.7104 -13.5080 -1.0764 -3.6404 -13.6951 0.0405 0.2000 0.4314 0.3922 0.1961 18.0019 2.0000 
570 571 4 -1.0764 -3.6404 -13.6951 -1.0672 -3.5706 -13.8823 0.0405 0.2000 0.4314 0.3922 0.1961 18.1602 2.0000 
571 572 4 -1.0672 -3.5706 -13.8823 -1.0876 -3.5213 -14.0750 0.0405 0.2000 0.4314 0.3922 0.1961 18.3201 2.0000 
572 573 4 -1.0876 -3.5213 -14.0750 -1.1203 -3.4822 -14.2684 0.0405 0.2000 0.4314 0.3922 0.1961 18.4817 2.0000 
573 574 4 -1.1203 -3.4822 -14.2684 -1.1555 -3.4400 -14.4607 0.0405 0.2000 0.4314 0.3922 0.1961 18.6449 2.0000 
574 575 4 -1.1555 -3.4400 -14.4607 -1.1316 -3.4462 -14.6592 0.0405 0.2000 0.4314 0.3922 0.1961 18.8099 2.0000 
575 576 4 -1.1316 -3.4462 -14.6592 -1.1086 -3.4542 -14.8577 0.0405 0.2000 0.4314 0.3922 0.1961 18.9767 2.0000 
576 577 4 -1.1086 -3.4542 -14.8577 -1.0781 -3.4585 -15.0553 0.0405 0.2000 0.4314 0.3922 0.1961 19.1453 2.0000 
577 578 4 -1.0781 -3.4585 -15.0553 -1.0410 -3.4254 -15.2490 0.0405 0.2000 0.4314 0.3922 0.1961 19.3157 2.0000 
578 579 4 -1.0410 -3.4254 -15.2490 -0.9950 -3.4041 -15.4425 0.0405 0.2000 0.4314 0.3922 0.1961 19.4880 2.0000 
579 580 4 -0.9950 -3.4041 -15.4425 -0.9801 -3.4062 -15.6419 0.0405 0.2000 0.4314 0.3922 0.1961 19.6622 2.0000 
580 581 4 -0.9801 -3.4062 -15.6419 -0.9753 -3.4070 -15.8419 0.0405 0.2000 0.4314 0.3922 0.1961 19.8384 2.0000 
581 582 4 -0.9753 -3.4070 -15.8419 -0.9540 -3.4170 -16.0405 0.0405 0.2000 0.4314 0.3922 0.1961 20.0166 2.0000 
582 583 4 -0.9540 -3.4170 -16.0405 -0.9369 -3.4256 -16.2396 0.0405 0.2000 0.4314 0.3922 0.1961 20.1968 2.0000 
583 584 4 -0.9369 -3.4256 -16.2396 -0.9027 -3.4355 -16.4364 0.0405 0.2000 0.4314 0.3922 0.1961 20.3792 2.0000 
584 585 4 -0.9027 -3.4355 -16.4364 -0.8714 -3.4412 -16.6338 0.0405 0.2000 0.4314 0.3922 0.1961 20.5637 2.0000 
585 586 4 -0.8714 -3.4412 -16.6338 -0.8415 -3.4431 -16.8316 0.0405 0.2000 0.4314 0.3922 0.1961 20.7505 2.0000 
586 587 4 -0.8415 -3.4431 -16.8316 -0.7998 -3.4401 -17.0272 0.0405 0.2000 0.4314 0.3922 0.1961 20.9395 2.0000 
587 588 4 -0.7998 -3.4401 -17.0272 -0.7597 -3.4317 -17.2229 0.0405 0.2000 0.4314 0.3922 0.1961 21.1308 2.0000 
588 589 4 -0.7597 -3.4317 -17.2229 -0.7246 -3.4243 -17.4197 0.0405 0.2000 0.4314 0.3922 0.1961 21.3245 2.0000 
589 590 4 -0.7246 -3.4243 -17.4197 -0.6865 -3.4193 -17.6159 0.0405 0.2000 0.4314 0.3922 0.1961 21.5207 2.0000 
590 591 4 -0.6865 -3.4193 -17.6159 -0.6397 -3.3696 -17.8039 0.0405 0.2000 0.4314 0.3922 0.1961 21.7193 2.0000 
591 592 4 -0.6397 -3.3696 -17.8039 -0.5987 -3.3146 -17.9918 0.0405 0.2000 0.4314 0.3922 0.1961 21.9206 2.0000 
592 593 4 -0.5987 -3.3146 -17.9918 -0.6048 -3.2710 -18.1869 0.0405 0.2000 0.4314 0.3922 0.1961 22.1244 2.0000 
593 594 4 -0.6048 -3.2710 -18.1869 -0.5963 -3.2813 -18.3864 0.0405 0.2000 0.4314 0.3922 0.1961 22.3310 2.0000 
594 595 4 -0.5963 -3.2813 -18.3864 -0.5913 -3.2932 -18.5860 0.0405 0.2000 0.4314 0.3922 0.1961 22.5403 2.0000 
595 596 4 -0.5913 -3.2932 -18.5860 -0.5837 -3.3080 -18.7853 0.0405 0.2000 0.4314 0.3922 0.1961 22.7525 2.0000 
596 597 4 -0.5837 -3.3080 -18.7853 -0.5812 -3.3083 -18.9853 0.0405 0.2000 0.4314 0.3922 0.1961 22.9676 2.0000 
597 598 4 -0.5812 -3.3083 -18.9853 -0.5596 -3.3265 -19.1833 0.0405 0.2000 0.4314 0.3922 0.1961 23.1857 2.0000 
598 599 4 -0.5596 -3.3265 -19.1833 -0.5847 -3.3184 -19.3816 0.0405 0.2000 0.4314 0.3922 0.1961 23.4069 2.0000 
599 600 4 -0.5847 -3.3184 -19.3816 -0.6356 -3.3416 -19.5736 0.0405 0.2000 0.4314 0.3922 0.1961 23.6313 2.0000 
600 601 4 -0.6356 -3.3416 -19.5736 -0.6881 -3.3420 -19.7666 0.0405 0.2000 0.4314 0.3922 0.1961 23.8590 2.0000 
601 602 4 -0.6881 -3.3420 -19.7666 -0.7418 -3.3394 -19.9592 0.0405 0.2000 0.4314 0.3922 0.1961 24.0900 2.0000 
602 603 4 -0.7418 -3.3394 -19.9592 -0.8303 -3.3835 -20.1331 0.0405 0.2000 0.4314 0.3922 0.1961 24.3246 2.0000 
603 604 4 -0.8303 -3.3835 -20.1331 -0.9241 -3.4295 -20.3036 0.0405 0.2000 0.4314 0.3922 0.1961 24.5627 2.0000 
604 605 4 -0.9241 -3.4295 -20.3036 -1.0430 -3.4895 -20.4528 0.0405 0.2000 0.4314 0.3922 0.1961 24.8045 2.0000 
605 606 4 -1.0430 -3.4895 -20.4528 -1.1808 -3.5201 -20.5945 0.0405 0.2000 0.4314 0.3922 0.1961 25.0502 2.0000 
606 607 4 -1.1808 -3.5201 -20.5945 -1.3064 -3.5265 -20.7500 0.0405 0.2000 0.4314 0.3922 0.1961 25.2997 2.0000 
607 608 4 -1.3064 -3.5265 -20.7500 -1.4178 -3.5222 -20.9161 0.0405 0.2000 0.4314 0.3922 0.1961 25.5533 2.0000 
608 609 4 -1.4178 -3.5222 -20.9161 -1.5184 -3.5320 -21.0886 0.0405 0.2000 0.4314 0.3922 0.1961 25.8112 2.0000 
609 610 4 -1.5184 -3.5320 -21.0886 -1.6422 -3.5658 -21.2420 0.0405 0.2000 0.4314 0.3922 0.1961 26.0733 2.0000 
610 611 4 -1.6422 -3.5658 -21.2420 -1.7738 -3.6157 -21.3842 0.0405 0.2000 0.4314 0.3922 0.1961 26.3400 2.0000 
611 612 4 -1.7738 -3.6157 -21.3842 -1.9126 -3.6710 -21.5171 0.0405 0.2000 0.4314 0.3922 0.1961 26.6113 2.0000 
612 613 4 -1.9126 -3.6710 -21.5171 -2.0814 -3.6912 -21.6224 0.0405 0.2000 0.4314 0.3922 0.1961 26.8874 2.0000 
613 614 4 -2.0814 -3.6912 -21.6224 -2.2498 -3.6997 -21.7299 0.0405 0.2000 0.4314 0.3922 0.1961 27.1684 2.0000 
614 615 4 -2.2498 -3.6997 -21.7299 -2.4058 -3.7165 -21.8540 0.0405 0.2000 0.4314 0.3922 0.1961 27.4547 2.0000 
615 616 4 -2.4058 -3.7165 -21.8540 -2.5601 -3.7293 -21.9805 0.0405 0.2000 0.4314 0.3922 0.1961 27.7463 2.0000 
616 617 4 -2.5601 -3.7293 -21.9805 -2.6596 -3.7369 -22.1539 0.0405 0.2000 0.4314 0.3922 0.1961 28.0434 2.0000 
617 618 4 -2.6596 -3.7369 -22.1539 -2.7611 -3.7331 -22.3261 0.0405 0.2000 0.4314 0.3922 0.1961 28.3464 2.0000 
618 619 4 -2.7611 -3.7331 -22.3261 -2.8529 -3.7289 -22.5038 0.0405 0.2000 0.4314 0.3922 0.1961 28.6553 2.0000 
619 620 4 -2.8529 -3.7289 -22.5038 -2.9373 -3.7372 -22.6849 0.0405 0.2000 0.4314 0.3922 0.1961 28.9705 2.0000 
620 621 4 -2.9373 -3.7372 -22.6849 -3.0101 -3.7665 -22.8689 0.0405 0.2000 0.4314 0.3922 0.1961 29.2922 2.0000 
621 622 4 -3.0101 -3.7665 -22.8689 -3.0879 -3.8110 -23.0477 0.0405 0.2000 0.4314 0.3922 0.1961 29.6207 2.0000 
622 623 4 -3.0879 -3.8110 -23.0477 -3.1615 -3.8622 -23.2265 0.0405 0.2000 0.4314 0.3922 0.1961 29.9563 2.0000 
623 624 4 -3.1615 -3.8622 -23.2265 -3.1708 -3.8677 -23.2498 0.0405 0.0257 0.4314 0.3922 0.1961 30.0000 2.0000 
10 625 5 -0.0826 0.1624 -4.5411 0.0101 0.0044 -4.6214 0.0766 0.2000 0.4314 0.3922 0.1961 11.3476 2.0000 
625 626 5 0.0101 0.0044 -4.6214 0.0795 -0.1467 -4.7325 0.0766 0.2000 0.4314 0.3922 0.1961 11.4445 2.0000 
626 627 5 0.0795 -0.1467 -4.7325 0.1414 -0.2986 -4.8469 0.0766 0.2000 0.4314 0.3922 0.1961 11.5420 2.0000 
627 628 5 0.1414 -0.2986 -4.8469 0.2028 -0.4504 -4.9617 0.0766 0.2000 0.4314 0.3922 0.1961 11.6401 2.0000 
628 629 5 0.2028 -0.4504 -4.9617 0.2311 -0.5695 -5.1199 0.0766 0.2000 0.4314 0.3922 0.1961 11.7388 2.0000 
629 630 5 0.2311 -0.5695 -5.1199 0.2726 -0.6533 -5.2967 0.0766 0.2000 0.4314 0.3922 0.1961 11.8382 2.0000 
630 631 5 0.2726 -0.6533 -5.2967 0.2943 -0.7441 -5.4736 0.0766 0.2000 0.4314 0.3922 0.1961 11.9382 2.0000 
631 632 5 0.2943 -0.7441 -5.4736 0.3144 -0.8263 -5.6548 0.0766 0.2000 0.4314 0.3922 0.1961 12.0388 2.0000 
632 633 5 0.3144 -0.8263 -5.6548 0.3363 -0.9081 -5.8360 0.0766 0.2000 0.4314 0.3922 0.1961 12.1401 2.0000 
633 634 5 0.3363 -0.9081 -5.8360 0.3710 -0.9718 -6.0224 0.0766 0.2000 0.4314 0.3922 0.1961 12.2421 2.0000 
634 635 5 0.3710 -0.9718 -6.0224 0.3772 -0.9659 -6.2222 0.0766 0.2000 0.4314 0.3922 0.1961 12.3448 2.0000 
635 636 5 0.3772 -0.9659 -6.2222 0.3887 -0.9682 -6.4218 0.0766 0.2000 0.4314 0.3922 0.1961 12.4481 2.0000 
636 637 5 0.3887 -0.9682 -6.4218 0.3988 -0.9757 -6.6214 0.0766 0.2000 0.4314 0.3922 0.1961 12.5521 2.0000 
637 638 5 0.3988 -0.9757 -6.6214 0.4097 -0.9836 -6.8210 0.0766 0.2000 0.4314 0.3922 0.1961 12.6568 2.0000 
638 639 5 0.4097 -0.9836 -6.8210 0.4529 -1.0245 -7.0119 0.0766 0.2000 0.4314 0.3922 0.1961 12.7623 2.0000 
639 640 5 0.4529 -1.0245 -7.0119 0.4454 -1.0489 -7.2103 0.0766 0.2000 0.4314 0.3922 0.1961 12.8684 2.0000 
640 641 5 0.4454 -1.0489 -7.2103 0.4378 -1.0734 -7.4086 0.0766 0.2000 0.4314 0.3922 0.1961 12.9753 2.0000 
641 642 5 0.4378 -1.0734 -7.4086 0.4498 -1.0764 -7.6083 0.0766 0.2000 0.4314 0.3922 0.1961 13.0829 2.0000 
642 643 5 0.4498 -1.0764 -7.6083 0.4589 -1.0871 -7.8078 0.0766 0.2000 0.4314 0.3922 0.1961 13.1913 2.0000 
643 644 5 0.4589 -1.0871 -7.8078 0.4555 -1.0849 -8.0077 0.0766 0.2000 0.4314 0.3922 0.1961 13.3005 2.0000 
644 645 5 0.4555 -1.0849 -8.0077 0.4400 -1.0637 -8.2060 0.0766 0.2000 0.4314 0.3922 0.1961 13.4104 2.0000 
645 646 5 0.4400 -1.0637 -8.2060 0.4323 -1.0590 -8.4058 0.0766 0.2000 0.4314 0.3922 0.1961 13.5210 2.0000 
646 647 5 0.4323 -1.0590 -8.4058 0.4374 -1.0565 -8.6057 0.0766 0.2000 0.4314 0.3922 0.1961 13.6325 2.0000 
647 648 5 0.4374 -1.0565 -8.6057 0.4021 -1.0527 -8.8025 0.0766 0.2000 0.4314 0.3922 0.1961 13.7448 2.0000 
648 649 5 0.4021 -1.0527 -8.8025 0.4154 -1.0434 -9.0019 0.0766 0.2000 0.4314 0.3922 0.1961 13.8579 2.0000 
649 650 5 0.4154 -1.0434 -9.0019 0.4289 -1.0334 -9.2012 0.0766 0.2000 0.4314 0.3922 0.1961 13.9719 2.0000 
650 651 5 0.4289 -1.0334 -9.2012 0.4521 -1.0229 -9.3995 0.0766 0.2000 0.4314 0.3922 0.1961 14.0866 2.0000 
651 652 5 0.4521 -1.0229 -9.3995 0.4789 -1.0115 -9.5974 0.0766 0.2000 0.4314 0.3922 0.1961 14.2023 2.0000 
652 653 5 0.4789 -1.0115 -9.5974 0.4796 -1.0010 -9.7971 0.0766 0.2000 0.4314 0.3922 0.1961 14.3188 2.0000 
653 654 5 0.4796 -1.0010 -9.7971 0.4837 -0.9980 -9.9971 0.0766 0.2000 0.4314 0.3922 0.1961 14.4361 2.0000 
654 655 5 0.4837 -0.9980 -9.9971 0.4629 -1.0343 -10.1926 0.0766 0.2000 0.4314 0.3922 0.1961 14.5544 2.0000 
655 656 5 0.4629 -1.0343 -10.1926 0.4568 -1.0638 -10.3903 0.0766 0.2000 0.4314 0.3922 0.1961 14.6736 2.0000 
656 657 5 0.4568 -1.0638 -10.3903 0.4347 -1.0731 -10.5889 0.0766 0.2000 0.4314 0.3922 0.1961 14.7937 2.0000 
657 658 5 0.4347 -1.0731 -10.5889 0.4013 -1.0968 -10.7847 0.0766 0.2000 0.4314 0.3922 0.1961 14.9147 2.0000 
658 659 5 0.4013 -1.0968 -10.7847 0.3734 -1.1247 -10.9807 0.0766 0.2000 0.4314 0.3922 0.1961 15.0367 2.0000 
659 660 5 0.3734 -1.1247 -10.9807 0.3328 -1.1480 -11.1752 0.0766 0.2000 0.4314 0.3922 0.1961 15.1597 2.0000 
660 661 5 0.3328 -1.1480 -11.1752 0.3238 -1.1812 -11.3722 0.0766 0.2000 0.4314 0.3922 0.1961 15.2836 2.0000 
661 662 5 0.3238 -1.1812 -11.3722 0.3099 -1.2221 -11.5675 0.0766 0.2000 0.4314 0.3922 0.1961 15.4085 2.0000 
662 663 5 0.3099 -1.2221 -11.5675 0.2638 -1.2110 -11.7618 0.0766 0.2000 0.4314 0.3922 0.1961 15.5344 2.0000 
663 664 5 0.2638 -1.2110 -11.7618 0.2198 -1.2026 -11.9567 0.0766 0.2000 0.4314 0.3922 0.1961 15.6614 2.0000 
664 665 5 0.2198 -1.2026 -11.9567 0.1823 -1.1977 -12.1531 0.0766 0.2000 0.4314 0.3922 0.1961 15.7894 2.0000 
665 666 5 0.1823 -1.1977 -12.1531 0.1610 -1.1900 -12.3518 0.0766 0.2000 0.4314 0.3922 0.1961 15.9185 2.0000 
666 667 5 0.1610 -1.1900 -12.3518 0.1448 -1.1182 -12.5378 0.0766 0.2000 0.4314 0.3922 0.1961 16.0486 2.0000 
667 668 5 0.1448 -1.1182 -12.5378 0.1352 -1.0519 -12.7262 0.0766 0.2000 0.4314 0.3922 0.1961 16.1799 2.0000 
668 669 5 0.1352 -1.0519 -12.7262 0.1209 -0.9917 -12.9164 0.0766 0.2000 0.4314 0.3922 0.1961 16.3123 2.0000 
669 670 5 0.1209 -0.9917 -12.9164 0.0987 -0.9390 -13.1081 0.0766 0.2000 0.4314 0.3922 0.1961 16.4458 2.0000 
670 671 5 0.0987 -0.9390 -13.1081 0.0780 -0.8871 -13.3001 0.0766 0.2000 0.4314 0.3922 0.1961 16.5804 2.0000 
671 672 5 0.0780 -0.8871 -13.3001 0.0842 -0.7969 -13.4785 0.0766 0.2000 0.4314 0.3922 0.1961 16.7163 2.0000 
672 673 5 0.0842 -0.7969 -13.4785 0.1034 -0.7336 -13.6672 0.0766 0.2000 0.4314 0.3922 0.1961 16.8533 2.0000 
673 674 5 0.1034 -0.7336 -13.6672 0.1303 -0.6751 -13.8566 0.0766 0.2000 0.4314 0.3922 0.1961 16.9916 2.0000 
674 675 5 0.1303 -0.6751 -13.8566 0.1546 -0.6244 -14.0485 0.0766 0.2000 0.4314 0.3922 0.1961 17.1311 2.0000 
675 676 5 0.1546 -0.6244 -14.0485 0.1658 -0.5764 -14.2424 0.0766 0.2000 0.4314 0.3922 0.1961 17.2718 2.0000 
676 677 5 0.1658 -0.5764 -14.2424 0.1878 -0.5170 -14.4320 0.0766 0.2000 0.4314 0.3922 0.1961 17.4139 2.0000 
677 678 5 0.1878 -0.5170 -14.4320 0.1957 -0.4516 -14.6209 0.0766 0.2000 0.4314 0.3922 0.1961 17.5573 2.0000 
678 679 5 0.1957 -0.4516 -14.6209 0.1590 -0.4235 -14.8155 0.0766 0.2000 0.4314 0.3922 0.1961 17.7019 2.0000 
679 680 5 0.1590 -0.4235 -14.8155 0.1342 -0.3484 -14.9992 0.0766 0.2000 0.4314 0.3922 0.1961 17.8480 2.0000 
680 681 5 0.1342 -0.3484 -14.9992 0.1113 -0.2944 -15.1904 0.0766 0.2000 0.4314 0.3922 0.1961 17.9954 2.0000 
681 682 5 0.1113 -0.2944 -15.1904 0.1061 -0.2328 -15.3806 0.0766 0.2000 0.4314 0.3922 0.1961 18.1443 2.0000 
682 683 5 0.1061 -0.2328 -15.3806 0.1495 -0.1837 -15.5695 0.0766 0.2000 0.4314 0.3922 0.1961 18.2946 2.0000 
683 684 5 0.1495 -0.1837 -15.5695 0.1815 -0.1736 -15.7667 0.0766 0.2000 0.4314 0.3922 0.1961 18.4463 2.0000 
684 685 5 0.1815 -0.1736 -15.7667 0.1779 -0.1386 -15.9636 0.0766 0.2000 0.4314 0.3922 0.1961 18.5996 2.0000 
685 686 5 0.1779 -0.1386 -15.9636 0.1718 -0.0956 -16.1588 0.0766 0.2000 0.4314 0.3922 0.1961 18.7544 2.0000 
686 687 5 0.1718 -0.0956 -16.1588 0.1739 -0.0884 -16.3587 0.0766 0.2000 0.4314 0.3922 0.1961 18.9107 2.0000 
687 688 5 0.1739 -0.0884 -16.3587 0.1806 -0.0810 -16.5584 0.0766 0.2000 0.4314 0.3922 0.1961 19.0686 2.0000 
688 689 5 0.1806 -0.0810 -16.5584 0.1989 -0.0899 -16.7574 0.0766 0.2000 0.4314 0.3922 0.1961 19.2282 2.0000 
689 690 5 0.1989 -0.0899 -16.7574 0.2133 -0.0992 -16.9567 0.0766 0.2000 0.4314 0.3922 0.1961 19.3894 2.0000 
690 691 5 0.2133 -0.0992 -16.9567 0.2069 -0.0914 -17.1564 0.0766 0.2000 0.4314 0.3922 0.1961 19.5523 2.0000 
691 692 5 0.2069 -0.0914 -17.1564 0.2368 -0.0876 -17.3541 0.0766 0.2000 0.4314 0.3922 0.1961 19.7169 2.0000 
692 693 5 0.2368 -0.0876 -17.3541 0.2401 -0.0885 -17.5541 0.0766 0.2000 0.4314 0.3922 0.1961 19.8833 2.0000 
693 694 5 0.2401 -0.0885 -17.5541 0.2323 -0.0965 -17.7538 0.0766 0.2000 0.4314 0.3922 0.1961 20.0514 2.0000 
694 695 5 0.2323 -0.0965 -17.7538 0.2241 -0.1040 -17.9535 0.0766 0.2000 0.4314 0.3922 0.1961 20.2215 2.0000 
695 696 5 0.2241 -0.1040 -17.9535 0.2240 -0.1086 -18.1534 0.0766 0.2000 0.4314 0.3922 0.1961 20.3934 2.0000 
696 697 5 0.2240 -0.1086 -18.1534 0.2350 -0.1147 -18.3530 0.0766 0.2000 0.4314 0.3922 0.1961 20.5672 2.0000 
697 698 5 0.2350 -0.1147 -18.3530 0.2614 -0.1494 -18.5482 0.0766 0.2000 0.4314 0.3922 0.1961 20.7430 2.0000 
698 699 5 0.2614 -0.1494 -18.5482 0.2911 -0.2038 -18.7384 0.0766 0.2000 0.4314 0.3922 0.1961 20.9208 2.0000 
699 700 5 0.2911 -0.2038 -18.7384 0.3190 -0.2606 -18.9281 0.0766 0.2000 0.4314 0.3922 0.1961 21.1006 2.0000 
700 701 5 0.3190 -0.2606 -18.9281 0.3815 -0.2870 -19.1162 0.0766 0.2000 0.4314 0.3922 0.1961 21.2826 2.0000 
701 702 5 0.3815 -0.2870 -19.1162 0.4376 -0.3225 -19.3049 0.0766 0.2000 0.4314 0.3922 0.1961 21.4667 2.0000 
702 703 5 0.4376 -0.3225 -19.3049 0.4904 -0.3920 -19.4849 0.0766 0.2000 0.4314 0.3922 0.1961 21.6530 2.0000 
703 704 5 0.4904 -0.3920 -19.4849 0.5342 -0.4629 -19.6667 0.0766 0.2000 0.4314 0.3922 0.1961 21.8416 2.0000 
704 705 5 0.5342 -0.4629 -19.6667 0.5945 -0.5388 -19.8416 0.0766 0.2000 0.4314 0.3922 0.1961 22.0325 2.0000 
705 706 5 0.5945 -0.5388 -19.8416 0.6478 -0.6495 -19.9994 0.0766 0.2000 0.4314 0.3922 0.1961 22.2258 2.0000 
706 707 5 0.6478 -0.6495 -19.9994 0.7085 -0.7556 -20.1577 0.0766 0.2000 0.4314 0.3922 0.1961 22.4215 2.0000 
707 708 5 0.7085 -0.7556 -20.1577 0.7765 -0.8473 -20.3219 0.0766 0.2000 0.4314 0.3922 0.1961 22.6197 2.0000 
708 709 5 0.7765 -0.8473 -20.3219 0.8615 -0.9271 -20.4844 0.0766 0.2000 0.4314 0.3922 0.1961 22.8204 2.0000 
709 710 5 0.8615 -0.9271 -20.4844 0.9345 -1.0267 -20.6418 0.0766 0.2000 0.4314 0.3922 0.1961 23.0238 2.0000 
710 711 5 0.9345 -1.0267 -20.6418 0.9884 -1.1445 -20.7941 0.0766 0.2000 0.4314 0.3922 0.1961 23.2299 2.0000 
711 712 5 0.9884 -1.1445 -20.7941 1.0146 -1.2492 -20.9625 0.0766 0.2000 0.4314 0.3922 0.1961 23.4388 2.0000 
712 713 5 1.0146 -1.2492 -20.9625 1.0250 -1.3508 -21.1345 0.0766 0.2000 0.4314 0.3922 0.1961 23.6505 2.0000 
713 714 5 1.0250 -1.3508 -21.1345 1.0630 -1.4435 -21.3076 0.0766 0.2000 0.4314 0.3922 0.1961 23.8651 2.0000 
714 715 5 1.0630 -1.4435 -21.3076 1.0875 -1.5312 -21.4857 0.0766 0.2000 0.4314 0.3922 0.1961 24.0827 2.0000 
715 716 5 1.0875 -1.5312 -21.4857 1.1120 -1.6173 -21.6645 0.0766 0.2000 0.4314 0.3922 0.1961 24.3034 2.0000 
716 717 5 1.1120 -1.6173 -21.6645 1.1273 -1.6901 -21.8502 0.0766 0.2000 0.4314 0.3922 0.1961 24.5273 2.0000 
717 718 5 1.1273 -1.6901 -21.8502 1.1492 -1.7705 -22.0319 0.0766 0.2000 0.4314 0.3922 0.1961 24.7545 2.0000 
718 719 5 1.1492 -1.7705 -22.0319 1.1640 -1.8488 -22.2154 0.0766 0.2000 0.4314 0.3922 0.1961 24.9850 2.0000 
719 720 5 1.1640 -1.8488 -22.2154 1.1752 -1.9034 -22.4075 0.0766 0.2000 0.4314 0.3922 0.1961 25.2191 2.0000 
720 721 5 1.1752 -1.9034 -22.4075 1.1771 -1.9402 -22.6041 0.0766 0.2000 0.4314 0.3922 0.1961 25.4566 2.0000 
721 722 5 1.1771 -1.9402 -22.6041 1.1823 -1.9355 -22.8039 0.0766 0.2000 0.4314 0.3922 0.1961 25.6979 2.0000 
722 723 5 1.1823 -1.9355 -22.8039 1.1936 -1.9282 -23.0035 0.0766 0.2000 0.4314 0.3922 0.1961 25.9430 2.0000 
723 724 5 1.1936 -1.9282 -23.0035 1.2342 -1.9239 -23.1993 0.0766 0.2000 0.4314 0.3922 0.1961 26.1920 2.0000 
724 725 5 1.2342 -1.9239 -23.1993 1.2508 -1.9101 -23.3981 0.0766 0.2000 0.4314 0.3922 0.1961 26.4451 2.0000 
725 726 5 1.2508 -1.9101 -23.3981 1.2749 -1.9280 -23.5958 0.0766 0.2000 0.4314 0.3922 0.1961 26.7023 2.0000 
726 727 5 1.2749 -1.9280 -23.5958 1.2636 -1.9539 -23.7938 0.0766 0.2000 0.4314 0.3922 0.1961 26.9639 2.0000 
727 728 5 1.2636 -1.9539 -23.7938 1.2424 -1.9565 -23.9927 0.0766 0.2000 0.4314 0.3922 0.1961 27.2300 2.0000 
728 729 5 1.2424 -1.9565 -23.9927 1.2501 -1.9548 -24.1925 0.0766 0.2000 0.4314 0.3922 0.1961 27.5006 2.0000 
729 730 5 1.2501 -1.9548 -24.1925 1.3013 -1.9378 -24.3851 0.0766 0.2000 0.4314 0.3922 0.1961 27.7761 2.0000 
730 731 5 1.3013 -1.9378 -24.3851 1.3313 -1.9268 -24.5825 0.0766 0.2000 0.4314 0.3922 0.1961 28.0566 2.0000 
731 732 5 1.3313 -1.9268 -24.5825 1.3511 -1.9064 -24.7805 0.0766 0.2000 0.4314 0.3922 0.1961 28.3422 2.0000 
732 733 5 1.3511 -1.9064 -24.7805 1.3696 -1.9093 -24.9796 0.0766 0.2000 0.4314 0.3922 0.1961 28.6332 2.0000 
733 734 5 1.3696 -1.9093 -24.9796 1.3728 -1.9239 -25.1791 0.0766 0.2000 0.4314 0.3922 0.1961 28.9297 2.0000 
734 735 5 1.3728 -1.9239 -25.1791 1.3807 -1.9045 -25.3780 0.0766 0.2000 0.4314 0.3922 0.1961 29.2319 2.0000 
735 736 5 1.3807 -1.9045 -25.3780 1.3741 -1.8866 -25.5771 0.0766 0.2000 0.4314 0.3922 0.1961 29.5402 2.0000 
736 737 5 1.3741 -1.8866 -25.5771 1.3963 -1.8417 -25.7707 0.0766 0.2000 0.4314 0.3922 0.1961 29.8547 2.0000 
737 738 5 1.3963 -1.8417 -25.7707 1.4057 -1.8211 -25.8589 0.0766 0.0910 0.4314 0.3922 0.1961 30.0000 2.0000 
12 739 6 -0.1124 0.1610 -4.9323 0.0360 0.1538 -5.0662 0.0454 0.2000 0.4314 0.3922 0.1961 11.7710 2.0000 
739 740 6 0.0360 0.1538 -5.0662 0.1828 0.1444 -5.2017 0.0454 0.2000 0.4314 0.3922 0.1961 11.8654 2.0000 
740 741 6 0.1828 0.1444 -5.2017 0.3219 0.1247 -5.3441 0.0454 0.2000 0.4314 0.3922 0.1961 11.9605 2.0000 
741 742 6 0.3219 0.1247 -5.3441 0.4448 0.1253 -5.5019 0.0454 0.2000 0.4314 0.3922 0.1961 12.0563 2.0000 
742 743 6 0.4448 0.1253 -5.5019 0.5568 0.0961 -5.6650 0.0454 0.2000 0.4314 0.3922 0.1961 12.1527 2.0000 
743 744 6 0.5568 0.0961 -5.6650 0.6305 0.0609 -5.8475 0.0454 0.2000 0.4314 0.3922 0.1961 12.2499 2.0000 
744 745 6 0.6305 0.0609 -5.8475 0.6925 -0.0156 -6.0216 0.0454 0.2000 0.4314 0.3922 0.1961 12.3477 2.0000 
745 746 6 0.6925 -0.0156 -6.0216 0.7587 -0.1125 -6.1836 0.0454 0.2000 0.4314 0.3922 0.1961 12.4462 2.0000 
746 747 6 0.7587 -0.1125 -6.1836 0.8466 -0.2112 -6.3337 0.0454 0.2000 0.4314 0.3922 0.1961 12.5454 2.0000 
747 748 6 0.8466 -0.2112 -6.3337 0.9156 -0.2796 -6.5085 0.0454 0.2000 0.4314 0.3922 0.1961 12.6454 2.0000 
748 749 6 0.9156 -0.2796 -6.5085 0.9838 -0.3446 -6.6849 0.0454 0.2000 0.4314 0.3922 0.1961 12.7461 2.0000 
749 750 6 0.9838 -0.3446 -6.6849 1.0635 -0.3926 -6.8619 0.0454 0.2000 0.4314 0.3922 0.1961 12.8475 2.0000 
750 751 6 1.0635 -0.3926 -6.8619 1.1749 -0.4421 -7.0205 0.0454 0.2000 0.4314 0.3922 0.1961 12.9497 2.0000 
751 752 6 1.1749 -0.4421 -7.0205 1.2662 -0.4851 -7.1932 0.0454 0.2000 0.4314 0.3922 0.1961 13.0527 2.0000 
752 753 6 1.2662 -0.4851 -7.1932 1.3143 -0.5468 -7.3773 0.0454 0.2000 0.4314 0.3922 0.1961 13.1564 2.0000 
753 754 6 1.3143 -0.5468 -7.3773 1.3376 -0.5870 -7.5718 0.0454 0.2000 0.4314 0.3922 0.1961 13.2609 2.0000 
754 755 6 1.3376 -0.5870 -7.5718 1.3470 -0.6585 -7.7583 0.0454 0.2000 0.4314 0.3922 0.1961 13.3663 2.0000 
755 756 6 1.3470 -0.6585 -7.7583 1.3396 -0.7584 -7.9314 0.0454 0.2000 0.4314 0.3922 0.1961 13.4724 2.0000 
756 757 6 1.3396 -0.7584 -7.9314 1.3335 -0.8555 -8.1062 0.0454 0.2000 0.4314 0.3922 0.1961 13.5794 2.0000 
757 758 6 1.3335 -0.8555 -8.1062 1.3269 -0.9529 -8.2807 0.0454 0.2000 0.4314 0.3922 0.1961 13.6872 2.0000 
758 759 6 1.3269 -0.9529 -8.2807 1.3585 -1.0645 -8.4436 0.0454 0.2000 0.4314 0.3922 0.1961 13.7958 2.0000 
759 760 6 1.3585 -1.0645 -8.4436 1.3883 -1.1828 -8.6021 0.0454 0.2000 0.4314 0.3922 0.1961 13.9054 2.0000 
760 761 6 1.3883 -1.1828 -8.6021 1.4113 -1.3167 -8.7489 0.0454 0.2000 0.4314 0.3922 0.1961 14.0158 2.0000 
761 762 6 1.4113 -1.3167 -8.7489 1.4352 -1.4496 -8.8965 0.0454 0.2000 0.4314 0.3922 0.1961 14.1271 2.0000 
762 763 6 1.4352 -1.4496 -8.8965 1.5214 -1.5763 -9.0249 0.0454 0.2000 0.4314 0.3922 0.1961 14.2393 2.0000 
763 764 6 1.5214 -1.5763 -9.0249 1.5591 -1.7114 -9.1675 0.0454 0.2000 0.4314 0.3922 0.1961 14.3525 2.0000 
764 765 6 1.5591 -1.7114 -9.1675 1.6101 -1.8752 -9.2703 0.0454 0.2000 0.4314 0.3922 0.1961 14.4665 2.0000 
765 766 6 1.6101 -1.8752 -9.2703 1.6316 -2.0489 -9.3672 0.0454 0.2000 0.4314 0.3922 0.1961 14.5816 2.0000 
766 767 6 1.6316 -2.0489 -9.3672 1.6931 -2.2176 -9.4553 0.0454 0.2000 0.4314 0.3922 0.1961 14.6976 2.0000 
767 768 6 1.6931 -2.2176 -9.4553 1.6896 -2.3849 -9.5647 0.0454 0.2000 0.4314 0.3922 0.1961 14.8146 2.0000 
768 769 6 1.6896 -2.3849 -9.5647 1.6627 -2.5334 -9.6960 0.0454 0.2000 0.4314 0.3922 0.1961 14.9326 2.0000 
769 770 6 1.6627 -2.5334 -9.6960 1.6182 -2.6848 -9.8189 0.0454 0.2000 0.4314 0.3922 0.1961 15.0516 2.0000 
770 771 6 1.6182 -2.6848 -9.8189 1.5838 -2.8501 -9.9260 0.0454 0.2000 0.4314 0.3922 0.1961 15.1717 2.0000 
771 772 6 1.5838 -2.8501 -9.9260 1.5799 -3.0281 -10.0172 0.0454 0.2000 0.4314 0.3922 0.1961 15.2929 2.0000 
772 773 6 1.5799 -3.0281 -10.0172 1.5528 -3.2044 -10.1076 0.0454 0.2000 0.4314 0.3922 0.1961 15.4151 2.0000 
773 774 6 1.5528 -3.2044 -10.1076 1.5219 -3.3947 -10.1607 0.0454 0.2000 0.4314 0.3922 0.1961 15.5384 2.0000 
774 775 6 1.5219 -3.3947 -10.1607 1.4834 -3.5805 -10.2241 0.0454 0.2000 0.4314 0.3922 0.1961 15.6628 2.0000 
775 776 6 1.4834 -3.5805 -10.2241 1.4324 -3.7657 -10.2798 0.0454 0.2000 0.4314 0.3922 0.1961 15.7884 2.0000 
776 777 6 1.4324 -3.7657 -10.2798 1.3998 -3.9555 -10.3337 0.0454 0.2000 0.4314 0.3922 0.1961 15.9151 2.0000 
777 778 6 1.3998 -3.9555 -10.3337 1.3677 -4.1462 -10.3845 0.0454 0.2000 0.4314 0.3922 0.1961 16.0430 2.0000 
778 779 6 1.3677 -4.1462 -10.3845 1.3125 -4.3348 -10.4217 0.0454 0.2000 0.4314 0.3922 0.1961 16.1721 2.0000 
779 780 6 1.3125 -4.3348 -10.4217 1.2760 -4.5217 -10.4830 0.0454 0.2000 0.4314 0.3922 0.1961 16.3025 2.0000 
780 781 6 1.2760 -4.5217 -10.4830 1.2408 -4.7083 -10.5458 0.0454 0.2000 0.4314 0.3922 0.1961 16.4341 2.0000 
781 782 6 1.2408 -4.7083 -10.5458 1.1744 -4.8929 -10.5848 0.0454 0.2000 0.4314 0.3922 0.1961 16.5669 2.0000 
782 783 6 1.1744 -4.8929 -10.5848 1.1365 -5.0737 -10.6615 0.0454 0.2000 0.4314 0.3922 0.1961 16.7011 2.0000 
783 784 6 1.1365 -5.0737 -10.6615 1.1189 -5.2114 -10.8054 0.0454 0.2000 0.4314 0.3922 0.1961 16.8366 2.0000 
784 785 6 1.1189 -5.2114 -10.8054 1.1155 -5.3299 -10.9664 0.0454 0.2000 0.4314 0.3922 0.1961 16.9734 2.0000 
785 786 6 1.1155 -5.3299 -10.9664 1.1467 -5.4405 -11.1302 0.0454 0.2000 0.4314 0.3922 0.1961 17.1117 2.0000 
786 787 6 1.1467 -5.4405 -11.1302 1.1458 -5.5636 -11.2878 0.0454 0.2000 0.4314 0.3922 0.1961 17.2513 2.0000 
787 788 6 1.1458 -5.5636 -11.2878 1.1575 -5.6851 -11.4462 0.0454 0.2000 0.4314 0.3922 0.1961 17.3923 2.0000 
788 789 6 1.1575 -5.6851 -11.4462 1.1868 -5.8092 -11.6003 0.0454 0.2000 0.4314 0.3922 0.1961 17.5349 2.0000 
789 790 6 1.1868 -5.8092 -11.6003 1.2183 -5.9265 -11.7592 0.0454 0.2000 0.4314 0.3922 0.1961 17.6789 2.0000 
790 791 6 1.2183 -5.9265 -11.7592 1.2277 -6.0559 -11.9114 0.0454 0.2000 0.4314 0.3922 0.1961 17.8244 2.0000 
791 792 6 1.2277 -6.0559 -11.9114 1.2378 -6.1835 -12.0651 0.0454 0.2000 0.4314 0.3922 0.1961 17.9716 2.0000 
792 793 6 1.2378 -6.1835 -12.0651 1.2404 -6.3253 -12.2061 0.0454 0.2000 0.4314 0.3922 0.1961 18.1203 2.0000 
793 794 6 1.2404 -6.3253 -12.2061 1.2481 -6.4568 -12.3566 0.0454 0.2000 0.4314 0.3922 0.1961 18.2706 2.0000 
794 795 6 1.2481 -6.4568 -12.3566 1.2136 -6.6021 -12.4896 0.0454 0.2000 0.4314 0.3922 0.1961 18.4226 2.0000 
795 796 6 1.2136 -6.6021 -12.4896 1.1791 -6.7305 -12.6390 0.0454 0.2000 0.4314 0.3922 0.1961 18.5763 2.0000 
796 797 6 1.1791 -6.7305 -12.6390 1.1520 -6.8573 -12.7913 0.0454 0.2000 0.4314 0.3922 0.1961 18.7317 2.0000 
797 798 6 1.1520 -6.8573 -12.7913 1.1329 -6.9979 -12.9322 0.0454 0.2000 0.4314 0.3922 0.1961 18.8890 2.0000 
798 799 6 1.1329 -6.9979 -12.9322 1.0936 -7.0949 -13.1027 0.0454 0.2000 0.4314 0.3922 0.1961 19.0480 2.0000 
799 800 6 1.0936 -7.0949 -13.1027 1.0767 -7.1904 -13.2776 0.0454 0.2000 0.4314 0.3922 0.1961 19.2089 2.0000 
800 801 6 1.0767 -7.1904 -13.2776 1.0937 -7.2474 -13.4685 0.0454 0.2000 0.4314 0.3922 0.1961 19.3718 2.0000 
801 802 6 1.0937 -7.2474 -13.4685 1.1155 -7.3195 -13.6538 0.0454 0.2000 0.4314 0.3922 0.1961 19.5365 2.0000 
802 803 6 1.1155 -7.3195 -13.6538 1.1384 -7.4059 -13.8327 0.0454 0.2000 0.4314 0.3922 0.1961 19.7033 2.0000 
803 804 6 1.1384 -7.4059 -13.8327 1.1407 -7.5133 -14.0014 0.0454 0.2000 0.4314 0.3922 0.1961 19.8721 2.0000 
804 805 6 1.1407 -7.5133 -14.0014 1.1423 -7.6207 -14.1701 0.0454 0.2000 0.4314 0.3922 0.1961 20.0431 2.0000 
805 806 6 1.1423 -7.6207 -14.1701 1.1439 -7.7279 -14.3389 0.0454 0.2000 0.4314 0.3922 0.1961 20.2162 2.0000 
806 807 6 1.1439 -7.7279 -14.3389 1.1570 -7.8287 -14.5112 0.0454 0.2000 0.4314 0.3922 0.1961 20.3915 2.0000 
807 808 6 1.1570 -7.8287 -14.5112 1.1657 -7.9185 -14.6897 0.0454 0.2000 0.4314 0.3922 0.1961 20.5691 2.0000 
808 809 6 1.1657 -7.9185 -14.6897 1.2010 -7.9857 -14.8747 0.0454 0.2000 0.4314 0.3922 0.1961 20.7490 2.0000 
809 810 6 1.2010 -7.9857 -14.8747 1.2339 -8.0525 -15.0604 0.0454 0.2000 0.4314 0.3922 0.1961 20.9312 2.0000 
810 811 6 1.2339 -8.0525 -15.0604 1.2477 -8.1304 -15.2441 0.0454 0.2000 0.4314 0.3922 0.1961 21.1160 2.0000 
811 812 6 1.2477 -8.1304 -15.2441 1.2743 -8.2149 -15.4234 0.0454 0.2000 0.4314 0.3922 0.1961 21.3033 2.0000 
812 813 6 1.2743 -8.2149 -15.4234 1.3027 -8.2971 -15.6034 0.0454 0.2000 0.4314 0.3922 0.1961 21.4931 2.0000 
813 814 6 1.3027 -8.2971 -15.6034 1.3176 -8.3876 -15.7812 0.0454 0.2000 0.4314 0.3922 0.1961 21.6856 2.0000 
814 815 6 1.3176 -8.3876 -15.7812 1.3346 -8.4609 -15.9665 0.0454 0.2000 0.4314 0.3922 0.1961 21.8809 2.0000 
815 816 6 1.3346 -8.4609 -15.9665 1.3395 -8.5533 -16.1438 0.0454 0.2000 0.4314 0.3922 0.1961 22.0790 2.0000 
816 817 6 1.3395 -8.5533 -16.1438 1.3429 -8.6364 -16.3257 0.0454 0.2000 0.4314 0.3922 0.1961 22.2800 2.0000 
817 818 6 1.3429 -8.6364 -16.3257 1.3924 -8.7031 -16.5076 0.0454 0.2000 0.4314 0.3922 0.1961 22.4839 2.0000 
818 819 6 1.3924 -8.7031 -16.5076 1.4600 -8.7623 -16.6863 0.0454 0.2000 0.4314 0.3922 0.1961 22.6910 2.0000 
819 820 6 1.4600 -8.7623 -16.6863 1.5174 -8.8212 -16.8686 0.0454 0.2000 0.4314 0.3922 0.1961 22.9012 2.0000 
820 821 6 1.5174 -8.8212 -16.8686 1.5902 -8.8712 -17.0481 0.0454 0.2000 0.4314 0.3922 0.1961 23.1147 2.0000 
821 822 6 1.5902 -8.8712 -17.0481 1.6713 -8.8517 -17.2298 0.0454 0.2000 0.4314 0.3922 0.1961 23.3316 2.0000 
822 823 6 1.6713 -8.8517 -17.2298 1.7319 -8.8433 -17.4202 0.0454 0.2000 0.4314 0.3922 0.1961 23.5519 2.0000 
823 824 6 1.7319 -8.8433 -17.4202 1.7965 -8.8392 -17.6095 0.0454 0.2000 0.4314 0.3922 0.1961 23.7759 2.0000 
824 825 6 1.7965 -8.8392 -17.6095 1.8247 -8.7815 -17.7989 0.0454 0.2000 0.4314 0.3922 0.1961 24.0035 2.0000 
825 826 6 1.8247 -8.7815 -17.7989 1.8528 -8.7218 -17.9877 0.0454 0.2000 0.4314 0.3922 0.1961 24.2350 2.0000 
826 827 6 1.8528 -8.7218 -17.9877 1.8532 -8.6582 -18.1773 0.0454 0.2000 0.4314 0.3922 0.1961 24.4705 2.0000 
827 828 6 1.8532 -8.6582 -18.1773 1.8698 -8.5960 -18.3667 0.0454 0.2000 0.4314 0.3922 0.1961 24.7101 2.0000 
828 829 6 1.8698 -8.5960 -18.3667 1.8887 -8.5502 -18.5605 0.0454 0.2000 0.4314 0.3922 0.1961 24.9540 2.0000 
829 830 6 1.8887 -8.5502 -18.5605 1.9017 -8.4960 -18.7525 0.0454 0.2000 0.4314 0.3922 0.1961 25.2022 2.0000 
830 831 6 1.9017 -8.4960 -18.7525 1.9115 -8.4515 -18.9473 0.0454 0.2000 0.4314 0.3922 0.1961 25.4551 2.0000 
831 832 6 1.9115 -8.4515 -18.9473 1.9360 -8.4212 -19.1434 0.0454 0.2000 0.4314 0.3922 0.1961 25.7126 2.0000 
832 833 6 1.9360 -8.4212 -19.1434 1.9198 -8.4074 -19.3423 0.0454 0.2000 0.4314 0.3922 0.1961 25.9751 2.0000 
833 834 6 1.9198 -8.4074 -19.3423 1.9179 -8.4070 -19.5423 0.0454 0.2000 0.4314 0.3922 0.1961 26.2428 2.0000 
834 835 6 1.9179 -8.4070 -19.5423 1.9135 -8.4018 -19.7422 0.0454 0.2000 0.4314 0.3922 0.1961 26.5157 2.0000 
835 836 6 1.9135 -8.4018 -19.7422 1.9047 -8.4248 -19.9407 0.0454 0.2000 0.4314 0.3922 0.1961 26.7942 2.0000 
836 837 6 1.9047 -8.4248 -19.9407 1.8953 -8.4365 -20.1401 0.0454 0.2000 0.4314 0.3922 0.1961 27.0785 2.0000 
837 838 6 1.8953 -8.4365 -20.1401 1.8837 -8.4467 -20.3395 0.0454 0.2000 0.4314 0.3922 0.1961 27.3688 2.0000 
838 839 6 1.8837 -8.4467 -20.3395 1.8695 -8.4611 -20.5385 0.0454 0.2000 0.4314 0.3922 0.1961 27.6653 2.0000 
839 840 6 1.8695 -8.4611 -20.5385 1.8584 -8.4816 -20.7371 0.0454 0.2000 0.4314 0.3922 0.1961 27.9684 2.0000 
840 841 6 1.8584 -8.4816 -20.7371 1.8632 -8.4839 -20.9370 0.0454 0.2000 0.4314 0.3922 0.1961 28.2784 2.0000 
841 842 6 1.8632 -8.4839 -20.9370 1.8698 -8.4922 -21.1368 0.0454 0.2000 0.4314 0.3922 0.1961 28.5955 2.0000 
842 843 6 1.8698 -8.4922 -21.1368 1.8761 -8.5012 -21.3365 0.0454 0.2000 0.4314 0.3922 0.1961 28.9201 2.0000 
843 844 6 1.8761 -8.5012 -21.3365 1.8874 -8.5126 -21.5358 0.0454 0.2000 0.4314 0.3922 0.1961 29.2526 2.0000 
844 845 6 1.8874 -8.5126 -21.5358 1.8935 -8.5476 -21.7326 0.0454 0.2000 0.4314 0.3922 0.1961 29.5933 2.0000 
845 846 6 1.8935 -8.5476 -21.7326 1.8940 -8.5713 -21.9312 0.0454 0.2000 0.4314 0.3922 0.1961 29.9428 2.0000 
846 847 6 1.8940 -8.5713 -21.9312 1.8965 -8.5721 -21.9634 0.0454 0.0323 0.4314 0.3922 0.1961 30.0000 2.0000 
15 848 7 -0.1170 0.1635 -5.3419 -0.2245 0.0181 -5.4274 0.0944 0.2000 0.4314 0.3922 0.1961 12.2188 2.0000 
848 849 7 -0.2245 0.0181 -5.4274 -0.3528 -0.1106 -5.5108 0.0944 0.2000 0.4314 0.3922 0.1961 12.3121 2.0000 
849 850 7 -0.3528 -0.1106 -5.5108 -0.4721 -0.2139 -5.6337 0.0944 0.2000 0.4314 0.3922 0.1961 12.4061 2.0000 
850 851 7 -0.4721 -0.2139 -5.6337 -0.5567 -0.3472 -5.7565 0.0944 0.2000 0.4314 0.3922 0.1961 12.5008 2.0000 
851 852 7 -0.5567 -0.3472 -5.7565 -0.6458 -0.4837 -5.8723 0.0944 0.2000 0.4314 0.3922 0.1961 12.5961 2.0000 
852 853 7 -0.6458 -0.4837 -5.8723 -0.7639 -0.5870 -5.9963 0.0944 0.2000 0.4314 0.3922 0.1961 12.6922 2.0000 
853 854 7 -0.7639 -0.5870 -5.9963 -0.8665 -0.6924 -6.1319 0.0944 0.2000 0.4314 0.3922 0.1961 12.7890 2.0000 
854 855 7 -0.8665 -0.6924 -6.1319 -0.9622 -0.7896 -6.2782 0.0944 0.2000 0.4314 0.3922 0.1961 12.8865 2.0000 
855 856 7 -0.9622 -0.7896 -6.2782 -1.0794 -0.8787 -6.4135 0.0944 0.2000 0.4314 0.3922 0.1961 12.9848 2.0000 
856 857 7 -1.0794 -0.8787 -6.4135 -1.2109 -0.9616 -6.5394 0.0944 0.2000 0.4314 0.3922 0.1961 13.0838 2.0000 
857 858 7 -1.2109 -0.9616 -6.5394 -1.3276 -1.0490 -6.6763 0.0944 0.2000 0.4314 0.3922 0.1961 13.1836 2.0000 
858 859 7 -1.3276 -1.0490 -6.6763 -1.4105 -1.1552 -6.8241 0.0944 0.2000 0.4314 0.3922 0.1961 13.2841 2.0000 
859 860 7 -1.4105 -1.1552 -6.8241 -1.4991 -1.2403 -6.9819 0.0944 0.2000 0.4314 0.3922 0.1961 13.3854 2.0000 
860 861 7 -1.4991 -1.2403 -6.9819 -1.5937 -1.3119 -7.1429 0.0944 0.2000 0.4314 0.3922 0.1961 13.4875 2.0000 
861 862 7 -1.5937 -1.3119 -7.1429 -1.6788 -1.3914 -7.3055 0.0944 0.2000 0.4314 0.3922 0.1961 13.5904 2.0000 
862 863 7 -1.6788 -1.3914 -7.3055 -1.7581 -1.4574 -7.4768 0.0944 0.2000 0.4314 0.3922 0.1961 13.6942 2.0000 
863 864 7 -1.7581 -1.4574 -7.4768 -1.8248 -1.5146 -7.6565 0.0944 0.2000 0.4314 0.3922 0.1961 13.7988 2.0000 
864 865 7 -1.8248 -1.5146 -7.6565 -1.9230 -1.5796 -7.8182 0.0944 0.2000 0.4314 0.3922 0.1961 13.9042 2.0000 
865 866 7 -1.9230 -1.5796 -7.8182 -2.0196 -1.6086 -7.9909 0.0944 0.2000 0.4314 0.3922 0.1961 14.0105 2.0000 
866 867 7 -2.0196 -1.6086 -7.9909 -2.1146 -1.6177 -8.1667 0.0944 0.2000 0.4314 0.3922 0.1961 14.1176 2.0000 
867 868 7 -2.1146 -1.6177 -8.1667 -2.1994 -1.6140 -8.3478 0.0944 0.2000 0.4314 0.3922 0.1961 14.2257 2.0000 
868 869 7 -2.1994 -1.6140 -8.3478 -2.2462 -1.5761 -8.5385 0.0944 0.2000 0.4314 0.3922 0.1961 14.3346 2.0000 
869 870 7 -2.2462 -1.5761 -8.5385 -2.2880 -1.5295 -8.7284 0.0944 0.2000 0.4314 0.3922 0.1961 14.4445 2.0000 
870 871 7 -2.2880 -1.5295 -8.7284 -2.3278 -1.4796 -8.9180 0.0944 0.2000 0.4314 0.3922 0.1961 14.5553 2.0000 
871 872 7 -2.3278 -1.4796 -8.9180 -2.3679 -1.4265 -9.1066 0.0944 0.2000 0.4314 0.3922 0.1961 14.6671 2.0000 
872 873 7 -2.3679 -1.4265 -9.1066 -2.3769 -1.4020 -9.3049 0.0944 0.2000 0.4314 0.3922 0.1961 14.7798 2.0000 
873 874 7 -2.3769 -1.4020 -9.3049 -2.3912 -1.3766 -9.5027 0.0944 0.2000 0.4314 0.3922 0.1961 14.8935 2.0000 
874 875 7 -2.3912 -1.3766 -9.5027 -2.4109 -1.3650 -9.7014 0.0944 0.2000 0.4314 0.3922 0.1961 15.0082 2.0000 
875 876 7 -2.4109 -1.3650 -9.7014 -2.4337 -1.3572 -9.8999 0.0944 0.2000 0.4314 0.3922 0.1961 15.1240 2.0000 
876 877 7 -2.4337 -1.3572 -9.8999 -2.4600 -1.3473 -10.0980 0.0944 0.2000 0.4314 0.3922 0.1961 15.2408 2.0000 
877 878 7 -2.4600 -1.3473 -10.0980 -2.4595 -1.3465 -10.2980 0.0944 0.2000 0.4314 0.3922 0.1961 15.3586 2.0000 
878 879 7 -2.4595 -1.3465 -10.2980 -2.4655 -1.3588 -10.4975 0.0944 0.2000 0.4314 0.3922 0.1961 15.4775 2.0000 
879 880 7 -2.4655 -1.3588 -10.4975 -2.4715 -1.3709 -10.6970 0.0944 0.2000 0.4314 0.3922 0.1961 15.5975 2.0000 
880 881 7 -2.4715 -1.3709 -10.6970 -2.5318 -1.3620 -10.8875 0.0944 0.2000 0.4314 0.3922 0.1961 15.7187 2.0000 
881 882 7 -2.5318 -1.3620 -10.8875 -2.6044 -1.3499 -11.0735 0.0944 0.2000 0.4314 0.3922 0.1961 15.8409 2.0000 
882 883 7 -2.6044 -1.3499 -11.0735 -2.6515 -1.3317 -11.2670 0.0944 0.2000 0.4314 0.3922 0.1961 15.9644 2.0000 
883 884 7 -2.6515 -1.3317 -11.2670 -2.7133 -1.3275 -11.4572 0.0944 0.2000 0.4314 0.3922 0.1961 16.0890 2.0000 
884 885 7 -2.7133 -1.3275 -11.4572 -2.7839 -1.3064 -11.6431 0.0944 0.2000 0.4314 0.3922 0.1961 16.2148 2.0000 
885 886 7 -2.7839 -1.3064 -11.6431 -2.8542 -1.2852 -11.8291 0.0944 0.2000 0.4314 0.3922 0.1961 16.3418 2.0000 
886 887 7 -2.8542 -1.2852 -11.8291 -2.9061 -1.2410 -12.0172 0.0944 0.2000 0.4314 0.3922 0.1961 16.4701 2.0000 
887 888 7 -2.9061 -1.2410 -12.0172 -2.9577 -1.2072 -12.2074 0.0944 0.2000 0.4314 0.3922 0.1961 16.5997 2.0000 
888 889 7 -2.9577 -1.2072 -12.2074 -2.9706 -1.2113 -12.4069 0.0944 0.2000 0.4314 0.3922 0.1961 16.7306 2.0000 
889 890 7 -2.9706 -1.2113 -12.4069 -3.0350 -1.2084 -12.5963 0.0944 0.2000 0.4314 0.3922 0.1961 16.8628 2.0000 
890 891 7 -3.0350 -1.2084 -12.5963 -3.1028 -1.2073 -12.7844 0.0944 0.2000 0.4314 0.3922 0.1961 16.9964 2.0000 
891 892 7 -3.1028 -1.2073 -12.7844 -3.1664 -1.2052 -12.9740 0.0944 0.2000 0.4314 0.3922 0.1961 17.1313 2.0000 
892 893 7 -3.1664 -1.2052 -12.9740 -3.2282 -1.1885 -13.1635 0.0944 0.2000 0.4314 0.3922 0.1961 17.2677 2.0000 
893 894 7 -3.2282 -1.1885 -13.1635 -3.2514 -1.1584 -13.3599 0.0944 0.2000 0.4314 0.3922 0.1961 17.4055 2.0000 
894 895 7 -3.2514 -1.1584 -13.3599 -3.2715 -1.1524 -13.5587 0.0944 0.2000 0.4314 0.3922 0.1961 17.5448 2.0000 
895 896 7 -3.2715 -1.1524 -13.5587 -3.2930 -1.1297 -13.7563 0.0944 0.2000 0.4314 0.3922 0.1961 17.6856 2.0000 
896 897 7 -3.2930 -1.1297 -13.7563 -3.3281 -1.1037 -13.9515 0.0944 0.2000 0.4314 0.3922 0.1961 17.8279 2.0000 
897 898 7 -3.3281 -1.1037 -13.9515 -3.3821 -1.0677 -14.1406 0.0944 0.2000 0.4314 0.3922 0.1961 17.9718 2.0000 
898 899 7 -3.3821 -1.0677 -14.1406 -3.4209 -1.0704 -14.3368 0.0944 0.2000 0.4314 0.3922 0.1961 18.1173 2.0000 
899 900 7 -3.4209 -1.0704 -14.3368 -3.4446 -1.0484 -14.5342 0.0944 0.2000 0.4314 0.3922 0.1961 18.2645 2.0000 
900 901 7 -3.4446 -1.0484 -14.5342 -3.4684 -1.0265 -14.7316 0.0944 0.2000 0.4314 0.3922 0.1961 18.4134 2.0000 
901 902 7 -3.4684 -1.0265 -14.7316 -3.4539 -0.9939 -14.9283 0.0944 0.2000 0.4314 0.3922 0.1961 18.5639 2.0000 
902 903 7 -3.4539 -0.9939 -14.9283 -3.4408 -0.9742 -15.1269 0.0944 0.2000 0.4314 0.3922 0.1961 18.7163 2.0000 
903 904 7 -3.4408 -0.9742 -15.1269 -3.4220 -0.9708 -15.3260 0.0944 0.2000 0.4314 0.3922 0.1961 18.8704 2.0000 
904 905 7 -3.4220 -0.9708 -15.3260 -3.4038 -0.9566 -15.5247 0.0944 0.2000 0.4314 0.3922 0.1961 19.0264 2.0000 
905 906 7 -3.4038 -0.9566 -15.5247 -3.3859 -0.9419 -15.7233 0.0944 0.2000 0.4314 0.3922 0.1961 19.1843 2.0000 
906 907 7 -3.3859 -0.9419 -15.7233 -3.3586 -0.9174 -15.9199 0.0944 0.2000 0.4314 0.3922 0.1961 19.3441 2.0000 
907 908 7 -3.3586 -0.9174 -15.9199 -3.3316 -0.8909 -16.1163 0.0944 0.2000 0.4314 0.3922 0.1961 19.5059 2.0000 
908 909 7 -3.3316 -0.8909 -16.1163 -3.3030 -0.8696 -16.3131 0.0944 0.2000 0.4314 0.3922 0.1961 19.6698 2.0000 
909 910 7 -3.3030 -0.8696 -16.3131 -3.2762 -0.8424 -16.5094 0.0944 0.2000 0.4314 0.3922 0.1961 19.8357 2.0000 
910 911 7 -3.2762 -0.8424 -16.5094 -3.2192 -0.7865 -16.6928 0.0944 0.2000 0.4314 0.3922 0.1961 20.0038 2.0000 
911 912 7 -3.2192 -0.7865 -16.6928 -3.1813 -0.6720 -16.8524 0.0944 0.2000 0.4314 0.3922 0.1961 20.1741 2.0000 
912 913 7 -3.1813 -0.6720 -16.8524 -3.1442 -0.5564 -17.0113 0.0944 0.2000 0.4314 0.3922 0.1961 20.3467 2.0000 
913 914 7 -3.1442 -0.5564 -17.0113 -3.1228 -0.4458 -17.1766 0.0944 0.2000 0.4314 0.3922 0.1961 20.5215 2.0000 
914 915 7 -3.1228 -0.4458 -17.1766 -3.1089 -0.3707 -17.3614 0.0944 0.2000 0.4314 0.3922 0.1961 20.6988 2.0000 
915 916 7 -3.1089 -0.3707 -17.3614 -3.0853 -0.3387 -17.5574 0.0944 0.2000 0.4314 0.3922 0.1961 20.8785 2.0000 
916 917 7 -3.0853 -0.3387 -17.5574 -3.0611 -0.3014 -17.7524 0.0944 0.2000 0.4314 0.3922 0.1961 21.0607 2.0000 
917 918 7 -3.0611 -0.3014 -17.7524 -3.0527 -0.2602 -17.9480 0.0944 0.2000 0.4314 0.3922 0.1961 21.2455 2.0000 
918 919 7 -3.0527 -0.2602 -17.9480 -3.0502 -0.2238 -18.1446 0.0944 0.2000 0.4314 0.3922 0.1961 21.4330 2.0000 
919 920 7 -3.0502 -0.2238 -18.1446 -3.0535 -0.1988 -18.3430 0.0944 0.2000 0.4314 0.3922 0.1961 21.6232 2.0000 
920 921 7 -3.0535 -0.1988 -18.3430 -3.0443 -0.1923 -18.5427 0.0944 0.2000 0.4314 0.3922 0.1961 21.8162 2.0000 
921 922 7 -3.0443 -0.1923 -18.5427 -3.0419 -0.2178 -18.7410 0.0944 0.2000 0.4314 0.3922 0.1961 22.0121 2.0000 
922 923 7 -3.0419 -0.2178 -18.7410 -3.0358 -0.2095 -18.9408 0.0944 0.2000 0.4314 0.3922 0.1961 22.2111 2.0000 
923 924 7 -3.0358 -0.2095 -18.9408 -3.0424 -0.1833 -19.1389 0.0944 0.2000 0.4314 0.3922 0.1961 22.4131 2.0000 
924 925 7 -3.0424 -0.1833 -19.1389 -3.0357 -0.1633 -19.3378 0.0944 0.2000 0.4314 0.3922 0.1961 22.6183 2.0000 
925 926 7 -3.0357 -0.1633 -19.3378 -3.0249 -0.1385 -19.5360 0.0944 0.2000 0.4314 0.3922 0.1961 22.8268 2.0000 
926 927 7 -3.0249 -0.1385 -19.5360 -3.0291 -0.1272 -19.7356 0.0944 0.2000 0.4314 0.3922 0.1961 23.0387 2.0000 
927 928 7 -3.0291 -0.1272 -19.7356 -3.0379 -0.1216 -19.9354 0.0944 0.2000 0.4314 0.3922 0.1961 23.2541 2.0000 
928 929 7 -3.0379 -0.1216 -19.9354 -3.0448 -0.1177 -20.1352 0.0944 0.2000 0.4314 0.3922 0.1961 23.4731 2.0000 
929 930 7 -3.0448 -0.1177 -20.1352 -3.0458 -0.1143 -20.3352 0.0944 0.2000 0.4314 0.3922 0.1961 23.6959 2.0000 
930 931 7 -3.0458 -0.1143 -20.3352 -3.0440 -0.1156 -20.5352 0.0944 0.2000 0.4314 0.3922 0.1961 23.9226 2.0000 
931 932 7 -3.0440 -0.1156 -20.5352 -3.0149 -0.1370 -20.7319 0.0944 0.2000 0.4314 0.3922 0.1961 24.1533 2.0000 
932 933 7 -3.0149 -0.1370 -20.7319 -3.0313 -0.1302 -20.9311 0.0944 0.2000 0.4314 0.3922 0.1961 24.3881 2.0000 
933 934 7 -3.0313 -0.1302 -20.9311 -3.0333 -0.1594 -21.1289 0.0944 0.2000 0.4314 0.3922 0.1961 24.6273 2.0000 
934 935 7 -3.0333 -0.1594 -21.1289 -2.9994 -0.1754 -21.3254 0.0944 0.2000 0.4314 0.3922 0.1961 24.8709 2.0000 
935 936 7 -2.9994 -0.1754 -21.3254 -2.9918 -0.1854 -21.5250 0.0944 0.2000 0.4314 0.3922 0.1961 25.1192 2.0000 
936 937 7 -2.9918 -0.1854 -21.5250 -3.0231 -0.1979 -21.7221 0.0944 0.2000 0.4314 0.3922 0.1961 25.3724 2.0000 
937 938 7 -3.0231 -0.1979 -21.7221 -3.0662 -0.2060 -21.9173 0.0944 0.2000 0.4314 0.3922 0.1961 25.6305 2.0000 
938 939 7 -3.0662 -0.2060 -21.9173 -3.1176 -0.2042 -22.1106 0.0944 0.2000 0.4314 0.3922 0.1961 25.8939 2.0000 
939 940 7 -3.1176 -0.2042 -22.1106 -3.1741 -0.2003 -22.3023 0.0944 0.2000 0.4314 0.3922 0.1961 26.1627 2.0000 
940 941 7 -3.1741 -0.2003 -22.3023 -3.2280 -0.2183 -22.4941 0.0944 0.2000 0.4314 0.3922 0.1961 26.4372 2.0000 
941 942 7 -3.2280 -0.2183 -22.4941 -3.2529 -0.2428 -22.6910 0.0944 0.2000 0.4314 0.3922 0.1961 26.7177 2.0000 
942 943 7 -3.2529 -0.2428 -22.6910 -3.2952 -0.2618 -22.8856 0.0944 0.2000 0.4314 0.3922 0.1961 27.0043 2.0000 
943 944 7 -3.2952 -0.2618 -22.8856 -3.2879 -0.3013 -23.0815 0.0944 0.2000 0.4314 0.3922 0.1961 27.2973 2.0000 
944 945 7 -3.2879 -0.3013 -23.0815 -3.2813 -0.3400 -23.2776 0.0944 0.2000 0.4314 0.3922 0.1961 27.5971 2.0000 
945 946 7 -3.2813 -0.3400 -23.2776 -3.2709 -0.3712 -23.4749 0.0944 0.2000 0.4314 0.3922 0.1961 27.9040 2.0000 
946 947 7 -3.2709 -0.3712 -23.4749 -3.2685 -0.4167 -23.6696 0.0944 0.2000 0.4314 0.3922 0.1961 28.2183 2.0000 
947 948 7 -3.2685 -0.4167 -23.6696 -3.2418 -0.4002 -23.8671 0.0944 0.2000 0.4314 0.3922 0.1961 28.5404 2.0000 
948 949 7 -3.2418 -0.4002 -23.8671 -3.1910 -0.3778 -24.0593 0.0944 0.2000 0.4314 0.3922 0.1961 28.8706 2.0000 
949 950 7 -3.1910 -0.3778 -24.0593 -3.1642 -0.3517 -24.2557 0.0944 0.2000 0.4314 0.3922 0.1961 29.2095 2.0000 
950 951 7 -3.1642 -0.3517 -24.2557 -3.1462 -0.3454 -24.4548 0.0944 0.2000 0.4314 0.3922 0.1961 29.5574 2.0000 
951 952 7 -3.1462 -0.3454 -24.4548 -3.1338 -0.3387 -24.6543 0.0944 0.2000 0.4314 0.3922 0.1961 29.9149 2.0000 
952 953 7 -3.1338 -0.3387 -24.6543 -3.1337 -0.3362 -24.7011 0.0944 0.0468 0.4314 0.3922 0.1961 30.0000 2.0000 
18 954 8 -0.1112 0.1767 -5.7726 0.0476 0.1725 -5.8942 0.0807 0.2000 0.4314 0.3922 0.1961 12.7039 2.0000 
954 955 8 0.0476 0.1725 -5.8942 0.1995 0.2107 -6.0185 0.0807 0.2000 0.4314 0.3922 0.1961 12.8049 2.0000 
955 956 8 0.1995 0.2107 -6.0185 0.3567 0.2479 -6.1365 0.0807 0.2000 0.4314 0.3922 0.1961 12.9067 2.0000 
956 957 8 0.3567 0.2479 -6.1365 0.5180 0.2988 -6.2431 0.0807 0.2000 0.4314 0.3922 0.1961 13.0092 2.0000 
957 958 8 0.5180 0.2988 -6.2431 0.6721 0.3355 -6.3652 0.0807 0.2000 0.4314 0.3922 0.1961 13.1124 2.0000 
958 959 8 0.6721 0.3355 -6.3652 0.8357 0.3568 -6.4783 0.0807 0.2000 0.4314 0.3922 0.1961 13.2163 2.0000 
959 960 8 0.8357 0.3568 -6.4783 0.9832 0.3920 -6.6087 0.0807 0.2000 0.4314 0.3922 0.1961 13.3210 2.0000 
960 961 8 0.9832 0.3920 -6.6087 1.1163 0.4728 -6.7342 0.0807 0.2000 0.4314 0.3922 0.1961 13.4265 2.0000 
961 962 8 1.1163 0.4728 -6.7342 1.2245 0.5694 -6.8719 0.0807 0.2000 0.4314 0.3922 0.1961 13.5327 2.0000 
962 963 8 1.2245 0.5694 -6.8719 1.3293 0.6445 -7.0248 0.0807 0.2000 0.4314 0.3922 0.1961 13.6397 2.0000 
963 964 8 1.3293 0.6445 -7.0248 1.4350 0.7293 -7.1719 0.0807 0.2000 0.4314 0.3922 0.1961 13.7475 2.0000 
964 965 8 1.4350 0.7293 -7.1719 1.5306 0.8267 -7.3181 0.0807 0.2000 0.4314 0.3922 0.1961 13.8561 2.0000 
965 966 8 1.5306 0.8267 -7.3181 1.6169 0.9378 -7.4603 0.0807 0.2000 0.4314 0.3922 0.1961 13.9656 2.0000 
966 967 8 1.6169 0.9378 -7.4603 1.6377 1.0517 -7.6233 0.0807 0.2000 0.4314 0.3922 0.1961 14.0758 2.0000 
967 968 8 1.6377 1.0517 -7.6233 1.6644 1.1756 -7.7781 0.0807 0.2000 0.4314 0.3922 0.1961 14.1869 2.0000 
968 969 8 1.6644 1.1756 -7.7781 1.6909 1.2993 -7.9330 0.0807 0.2000 0.4314 0.3922 0.1961 14.2989 2.0000 
969 970 8 1.6909 1.2993 -7.9330 1.6994 1.4088 -8.1001 0.0807 0.2000 0.4314 0.3922 0.1961 14.4117 2.0000 
970 971 8 1.6994 1.4088 -8.1001 1.7053 1.5013 -8.2774 0.0807 0.2000 0.4314 0.3922 0.1961 14.5254 2.0000 
971 972 8 1.7053 1.5013 -8.2774 1.7094 1.5578 -8.4692 0.0807 0.2000 0.4314 0.3922 0.1961 14.6400 2.0000 
972 973 8 1.7094 1.5578 -8.4692 1.6854 1.6198 -8.6578 0.0807 0.2000 0.4314 0.3922 0.1961 14.7556 2.0000 
973 974 8 1.6854 1.6198 -8.6578 1.6482 1.6722 -8.8472 0.0807 0.2000 0.4314 0.3922 0.1961 14.8720 2.0000 
974 975 8 1.6482 1.6722 -8.8472 1.6107 1.7271 -9.0358 0.0807 0.2000 0.4314 0.3922 0.1961 14.9894 2.0000 
975 976 8 1.6107 1.7271 -9.0358 1.5930 1.7822 -9.2272 0.0807 0.2000 0.4314 0.3922 0.1961 15.1078 2.0000 
976 977 8 1.5930 1.7822 -9.2272 1.5750 1.7864 -9.4264 0.0807 0.2000 0.4314 0.3922 0.1961 15.2271 2.0000 
977 978 8 1.5750 1.7864 -9.4264 1.5366 1.7707 -9.6220 0.0807 0.2000 0.4314 0.3922 0.1961 15.3474 2.0000 
978 979 8 1.5366 1.7707 -9.6220 1.5031 1.7509 -9.8182 0.0807 0.2000 0.4314 0.3922 0.1961 15.4687 2.0000 
979 980 8 1.5031 1.7509 -9.8182 1.4777 1.7375 -10.0161 0.0807 0.2000 0.4314 0.3922 0.1961 15.5910 2.0000 
980 981 8 1.4777 1.7375 -10.0161 1.4480 1.7341 -10.2139 0.0807 0.2000 0.4314 0.3922 0.1961 15.7144 2.0000 
981 982 8 1.4480 1.7341 -10.2139 1.4168 1.7341 -10.4114 0.0807 0.2000 0.4314 0.3922 0.1961 15.8388 2.0000 
982 983 8 1.4168 1.7341 -10.4114 1.3919 1.7577 -10.6085 0.0807 0.2000 0.4314 0.3922 0.1961 15.9643 2.0000 
983 984 8 1.3919 1.7577 -10.6085 1.3625 1.7349 -10.8050 0.0807 0.2000 0.4314 0.3922 0.1961 16.0909 2.0000 
984 985 8 1.3625 1.7349 -10.8050 1.3728 1.7199 -11.0042 0.0807 0.2000 0.4314 0.3922 0.1961 16.2186 2.0000 
985 986 8 1.3728 1.7199 -11.0042 1.3654 1.7167 -11.2040 0.0807 0.2000 0.4314 0.3922 0.1961 16.3475 2.0000 
986 987 8 1.3654 1.7167 -11.2040 1.3553 1.7197 -11.4037 0.0807 0.2000 0.4314 0.3922 0.1961 16.4775 2.0000 
987 988 8 1.3553 1.7197 -11.4037 1.3835 1.7353 -11.6011 0.0807 0.2000 0.4314 0.3922 0.1961 16.6086 2.0000 
988 989 8 1.3835 1.7353 -11.6011 1.4005 1.7765 -11.7961 0.0807 0.2000 0.4314 0.3922 0.1961 16.7410 2.0000 
989 990 8 1.4005 1.7765 -11.7961 1.4280 1.7938 -11.9934 0.0807 0.2000 0.4314 0.3922 0.1961 16.8746 2.0000 
990 991 8 1.4280 1.7938 -11.9934 1.4612 1.8130 -12.1897 0.0807 0.2000 0.4314 0.3922 0.1961 17.0094 2.0000 
991 992 8 1.4612 1.8130 -12.1897 1.5096 1.8727 -12.3744 0.0807 0.2000 0.4314 0.3922 0.1961 17.1455 2.0000 
992 993 8 1.5096 1.8727 -12.3744 1.5535 1.9332 -12.5599 0.0807 0.2000 0.4314 0.3922 0.1961 17.2829 2.0000 
993 994 8 1.5535 1.9332 -12.5599 1.5794 2.0031 -12.7455 0.0807 0.2000 0.4314 0.3922 0.1961 17.4215 2.0000 
994 995 8 1.5794 2.0031 -12.7455 1.6052 2.0727 -12.9312 0.0807 0.2000 0.4314 0.3922 0.1961 17.5616 2.0000 
995 996 8 1.6052 2.0727 -12.9312 1.6133 2.1655 -13.1082 0.0807 0.2000 0.4314 0.3922 0.1961 17.7030 2.0000 
996 997 8 1.6133 2.1655 -13.1082 1.6326 2.2468 -13.2899 0.0807 0.2000 0.4314 0.3922 0.1961 17.8457 2.0000 
997 998 8 1.6326 2.2468 -13.2899 1.6430 2.3305 -13.4712 0.0807 0.2000 0.4314 0.3922 0.1961 17.9899 2.0000 
998 999 8 1.6430 2.3305 -13.4712 1.6704 2.4560 -13.6245 0.0807 0.2000 0.4314 0.3922 0.1961 18.1356 2.0000 
999 1000 8 1.6704 2.4560 -13.6245 1.6968 2.5828 -13.7769 0.0807 0.2000 0.4314 0.3922 0.1961 18.2827 2.0000 
1000 1001 8 1.6968 2.5828 -13.7769 1.7184 2.7120 -13.9281 0.0807 0.2000 0.4314 0.3922 0.1961 18.4313 2.0000 
1001 1002 8 1.7184 2.7120 -13.9281 1.7397 2.8490 -14.0722 0.0807 0.2000 0.4314 0.3922 0.1961 18.5814 2.0000 
1002 1003 8 1.7397 2.8490 -14.0722 1.7323 2.9904 -14.2134 0.0807 0.2000 0.4314 0.3922 0.1961 18.7332 2.0000 
1003 1004 8 1.7323 2.9904 -14.2134 1.7395 3.1300 -14.3564 0.0807 0.2000 0.4314 0.3922 0.1961 18.8865 2.0000 
1004 1005 8 1.7395 3.1300 -14.3564 1.7450 3.2689 -14.5002 0.0807 0.2000 0.4314 0.3922 0.1961 19.0414 2.0000 
1005 1006 8 1.7450 3.2689 -14.5002 1.7615 3.4158 -14.6350 0.0807 0.2000 0.4314 0.3922 0.1961 19.1981 2.0000 
1006 1007 8 1.7615 3.4158 -14.6350 1.7868 3.5586 -14.7726 0.0807 0.2000 0.4314 0.3922 0.1961 19.3564 2.0000 
1007 1008 8 1.7868 3.5586 -14.7726 1.8186 3.7114 -14.8978 0.0807 0.2000 0.4314 0.3922 0.1961 19.5165 2.0000 
1008 1009 8 1.8186 3.7114 -14.8978 1.8096 3.8658 -15.0245 0.0807 0.2000 0.4314 0.3922 0.1961 19.6784 2.0000 
1009 1010 8 1.8096 3.8658 -15.0245 1.8066 4.0078 -15.1653 0.0807 0.2000 0.4314 0.3922 0.1961 19.8420 2.0000 
1010 1011 8 1.8066 4.0078 -15.1653 1.7772 4.1488 -15.3041 0.0807 0.2000 0.4314 0.3922 0.1961 20.0076 2.0000 
1011 1012 8 1.7772 4.1488 -15.3041 1.7588 4.2933 -15.4411 0.0807 0.2000 0.4314 0.3922 0.1961 20.1751 2.0000 
1012 1013 8 1.7588 4.2933 -15.4411 1.7258 4.4271 -15.5861 0.0807 0.2000 0.4314 0.3922 0.1961 20.3445 2.0000 
1013 1014 8 1.7258 4.4271 -15.5861 1.7047 4.5693 -15.7251 0.0807 0.2000 0.4314 0.3922 0.1961 20.5159 2.0000 
1014 1015 8 1.7047 4.5693 -15.7251 1.6393 4.7242 -15.8334 0.0807 0.2000 0.4314 0.3922 0.1961 20.6894 2.0000 
1015 1016 8 1.6393 4.7242 -15.8334 1.5605 4.8786 -15.9332 0.0807 0.2000 0.4314 0.3922 0.1961 20.8649 2.0000 
1016 1017 8 1.5605 4.8786 -15.9332 1.4992 5.0367 -16.0392 0.0807 0.2000 0.4314 0.3922 0.1961 21.0426 2.0000 
1017 1018 8 1.4992 5.0367 -16.0392 1.4381 5.1938 -16.1468 0.0807 0.2000 0.4314 0.3922 0.1961 21.2225 2.0000 
1018 1019 8 1.4381 5.1938 -16.1468 1.3448 5.3387 -16.2483 0.0807 0.2000 0.4314 0.3922 0.1961 21.4047 2.0000 
1019 1020 8 1.3448 5.3387 -16.2483 1.2546 5.4754 -16.3631 0.0807 0.2000 0.4314 0.3922 0.1961 21.5892 2.0000 
1020 1021 8 1.2546 5.4754 -16.3631 1.1837 5.6024 -16.5004 0.0807 0.2000 0.4314 0.3922 0.1961 21.7760 2.0000 
1021 1022 8 1.1837 5.6024 -16.5004 1.1467 5.7319 -16.6483 0.0807 0.2000 0.4314 0.3922 0.1961 21.9653 2.0000 
1022 1023 8 1.1467 5.7319 -16.6483 1.1098 5.8614 -16.7961 0.0807 0.2000 0.4314 0.3922 0.1961 22.1571 2.0000 
1023 1024 8 1.1098 5.8614 -16.7961 1.0838 6.0073 -16.9305 0.0807 0.2000 0.4314 0.3922 0.1961 22.3515 2.0000 
1024 1025 8 1.0838 6.0073 -16.9305 1.0647 6.1365 -17.0819 0.0807 0.2000 0.4314 0.3922 0.1961 22.5485 2.0000 
1025 1026 8 1.0647 6.1365 -17.0819 1.0459 6.2658 -17.2334 0.0807 0.2000 0.4314 0.3922 0.1961 22.7482 2.0000 
1026 1027 8 1.0459 6.2658 -17.2334 1.0204 6.3739 -17.3997 0.0807 0.2000 0.4314 0.3922 0.1961 22.9506 2.0000 
1027 1028 8 1.0204 6.3739 -17.3997 0.9874 6.4818 -17.5648 0.0807 0.2000 0.4314 0.3922 0.1961 23.1560 2.0000 
1028 1029 8 0.9874 6.4818 -17.5648 0.9437 6.5735 -17.7371 0.0807 0.2000 0.4314 0.3922 0.1961 23.3643 2.0000 
1029 1030 8 0.9437 6.5735 -17.7371 0.9179 6.6722 -17.9091 0.0807 0.2000 0.4314 0.3922 0.1961 23.5756 2.0000 
1030 1031 8 0.9179 6.6722 -17.9091 0.8523 6.7543 -18.0793 0.0807 0.2000 0.4314 0.3922 0.1961 23.7900 2.0000 
1031 1032 8 0.8523 6.7543 -18.0793 0.7981 6.7885 -18.2687 0.0807 0.2000 0.4314 0.3922 0.1961 24.0077 2.0000 
1032 1033 8 0.7981 6.7885 -18.2687 0.7510 6.8093 -18.4620 0.0807 0.2000 0.4314 0.3922 0.1961 24.2286 2.0000 
1033 1034 8 0.7510 6.8093 -18.4620 0.7353 6.7924 -18.6606 0.0807 0.2000 0.4314 0.3922 0.1961 24.4530 2.0000 
1034 1035 8 0.7353 6.7924 -18.6606 0.7340 6.7825 -18.8604 0.0807 0.2000 0.4314 0.3922 0.1961 24.6809 2.0000 
1035 1036 8 0.7340 6.7825 -18.8604 0.7480 6.7644 -19.0591 0.0807 0.2000 0.4314 0.3922 0.1961 24.9124 2.0000 
1036 1037 8 0.7480 6.7644 -19.0591 0.7678 6.7426 -19.2569 0.0807 0.2000 0.4314 0.3922 0.1961 25.1477 2.0000 
1037 1038 8 0.7678 6.7426 -19.2569 0.8101 6.7158 -19.4505 0.0807 0.2000 0.4314 0.3922 0.1961 25.3869 2.0000 
1038 1039 8 0.8101 6.7158 -19.4505 0.8042 6.7471 -19.6480 0.0807 0.2000 0.4314 0.3922 0.1961 25.6300 2.0000 
1039 1040 8 0.8042 6.7471 -19.6480 0.8154 6.7810 -19.8448 0.0807 0.2000 0.4314 0.3922 0.1961 25.8773 2.0000 
1040 1041 8 0.8154 6.7810 -19.8448 0.7965 6.7939 -20.0434 0.0807 0.2000 0.4314 0.3922 0.1961 26.1289 2.0000 
1041 1042 8 0.7965 6.7939 -20.0434 0.7868 6.7766 -20.2425 0.0807 0.2000 0.4314 0.3922 0.1961 26.3849 2.0000 
1042 1043 8 0.7868 6.7766 -20.2425 0.7454 6.7747 -20.4381 0.0807 0.2000 0.4314 0.3922 0.1961 26.6455 2.0000 
1043 1044 8 0.7454 6.7747 -20.4381 0.7091 6.7973 -20.6335 0.0807 0.2000 0.4314 0.3922 0.1961 26.9109 2.0000 
1044 1045 8 0.7091 6.7973 -20.6335 0.6678 6.8467 -20.8228 0.0807 0.2000 0.4314 0.3922 0.1961 27.1812 2.0000 
1045 1046 8 0.6678 6.8467 -20.8228 0.6432 6.8756 -21.0192 0.0807 0.2000 0.4314 0.3922 0.1961 27.4566 2.0000 
1046 1047 8 0.6432 6.8756 -21.0192 0.6261 6.9063 -21.2161 0.0807 0.2000 0.4314 0.3922 0.1961 27.7374 2.0000 
1047 1048 8 0.6261 6.9063 -21.2161 0.6152 6.9353 -21.4137 0.0807 0.2000 0.4314 0.3922 0.1961 28.0237 2.0000 
1048 1049 8 0.6152 6.9353 -21.4137 0.6115 6.9738 -21.6099 0.0807 0.2000 0.4314 0.3922 0.1961 28.3157 2.0000 
1049 1050 8 0.6115 6.9738 -21.6099 0.6119 7.0107 -21.8065 0.0807 0.2000 0.4314 0.3922 0.1961 28.6138 2.0000 
1050 1051 8 0.6119 7.0107 -21.8065 0.6029 7.0409 -22.0040 0.0807 0.2000 0.4314 0.3922 0.1961 28.9181 2.0000 
1051 1052 8 0.6029 7.0409 -22.0040 0.6056 7.0594 -22.2031 0.0807 0.2000 0.4314 0.3922 0.1961 29.2289 2.0000 
1052 1053 8 0.6056 7.0594 -22.2031 0.6158 7.0384 -22.4017 0.0807 0.2000 0.4314 0.3922 0.1961 29.5464 2.0000 
1053 1054 8 0.6158 7.0384 -22.4017 0.5988 7.0142 -22.5995 0.0807 0.2000 0.4314 0.3922 0.1961 29.8711 2.0000 
1054 1055 8 0.5988 7.0142 -22.5995 0.5908 7.0070 -22.6769 0.0807 0.0781 0.4314 0.3922 0.1961 30.0000 2.0000 
20 1056 9 -0.0972 0.2008 -6.1663 -0.0549 0.0303 -6.2619 0.0630 0.2000 0.4314 0.3922 0.1961 13.1411 2.0000 
1056 1057 9 -0.0549 0.0303 -6.2619 -0.0009 -0.1383 -6.3549 0.0630 0.2000 0.4314 0.3922 0.1961 13.2376 2.0000 
1057 1058 9 -0.0009 -0.1383 -6.3549 0.0444 -0.3096 -6.4476 0.0630 0.2000 0.4314 0.3922 0.1961 13.3347 2.0000 
1058 1059 9 0.0444 -0.3096 -6.4476 0.0807 -0.4882 -6.5300 0.0630 0.2000 0.4314 0.3922 0.1961 13.4324 2.0000 
1059 1060 9 0.0807 -0.4882 -6.5300 0.1286 -0.6615 -6.6176 0.0630 0.2000 0.4314 0.3922 0.1961 13.5308 2.0000 
1060 1061 9 0.1286 -0.6615 -6.6176 0.1825 -0.8251 -6.7193 0.0630 0.2000 0.4314 0.3922 0.1961 13.6298 2.0000 
1061 1062 9 0.1825 -0.8251 -6.7193 0.2312 -1.0005 -6.8021 0.0630 0.2000 0.4314 0.3922 0.1961 13.7296 2.0000 
1062 1063 9 0.2312 -1.0005 -6.8021 0.2664 -1.1832 -6.8755 0.0630 0.2000 0.4314 0.3922 0.1961 13.8300 2.0000 
1063 1064 9 0.2664 -1.1832 -6.8755 0.3163 -1.3698 -6.9273 0.0630 0.2000 0.4314 0.3922 0.1961 13.9311 2.0000 
1064 1065 9 0.3163 -1.3698 -6.9273 0.3650 -1.5553 -6.9840 0.0630 0.2000 0.4314 0.3922 0.1961 14.0328 2.0000 
1065 1066 9 0.3650 -1.5553 -6.9840 0.4232 -1.7360 -7.0470 0.0630 0.2000 0.4314 0.3922 0.1961 14.1353 2.0000 
1066 1067 9 0.4232 -1.7360 -7.0470 0.4762 -1.9128 -7.1241 0.0630 0.2000 0.4314 0.3922 0.1961 14.2385 2.0000 
1067 1068 9 0.4762 -1.9128 -7.1241 0.5483 -2.0779 -7.2108 0.0630 0.2000 0.4314 0.3922 0.1961 14.3425 2.0000 
1068 1069 9 0.5483 -2.0779 -7.2108 0.6470 -2.2273 -7.3000 0.0630 0.2000 0.4314 0.3922 0.1961 14.4472 2.0000 
1069 1070 9 0.6470 -2.2273 -7.3000 0.7783 -2.3519 -7.3850 0.0630 0.2000 0.4314 0.3922 0.1961 14.5526 2.0000 
1070 1071 9 0.7783 -2.3519 -7.3850 0.9133 -2.4673 -7.4770 0.0630 0.2000 0.4314 0.3922 0.1961 14.6588 2.0000 
1071 1072 9 0.9133 -2.4673 -7.4770 1.0341 -2.5801 -7.5896 0.0630 0.2000 0.4314 0.3922 0.1961 14.7657 2.0000 
1072 1073 9 1.0341 -2.5801 -7.5896 1.1293 -2.7159 -7.7014 0.0630 0.2000 0.4314 0.3922 0.1961 14.8735 2.0000 
1073 1074 9 1.1293 -2.7159 -7.7014 1.2589 -2.8391 -7.7909 0.0630 0.2000 0.4314 0.3922 0.1961 14.9820 2.0000 
1074 1075 9 1.2589 -2.8391 -7.7909 1.3843 -2.9673 -7.8795 0.0630 0.2000 0.4314 0.3922 0.1961 15.0913 2.0000 
1075 1076 9 1.3843 -2.9673 -7.8795 1.5078 -3.0958 -7.9701 0.0630 0.2000 0.4314 0.3922 0.1961 15.2015 2.0000 
1076 1077 9 1.5078 -3.0958 -7.9701 1.6281 -3.2257 -8.0633 0.0630 0.2000 0.4314 0.3922 0.1961 15.3124 2.0000 
1077 1078 9 1.6281 -3.2257 -8.0633 1.7630 -3.3620 -8.1200 0.0630 0.2000 0.4314 0.3922 0.1961 15.4243 2.0000 
1078 1079 9 1.7630 -3.3620 -8.1200 1.8806 -3.5011 -8.2027 0.0630 0.2000 0.4314 0.3922 0.1961 15.5369 2.0000 
1079 1080 9 1.8806 -3.5011 -8.2027 2.0010 -3.6404 -8.2807 0.0630 0.2000 0.4314 0.3922 0.1961 15.6505 2.0000 
1080 1081 9 2.0010 -3.6404 -8.2807 2.1318 -3.7771 -8.3456 0.0630 0.2000 0.4314 0.3922 0.1961 15.7649 2.0000 
1081 1082 9 2.1318 -3.7771 -8.3456 2.2640 -3.9162 -8.4018 0.0630 0.2000 0.4314 0.3922 0.1961 15.8802 2.0000 
1082 1083 9 2.2640 -3.9162 -8.4018 2.3848 -4.0604 -8.4698 0.0630 0.2000 0.4314 0.3922 0.1961 15.9965 2.0000 
1083 1084 9 2.3848 -4.0604 -8.4698 2.5054 -4.2039 -8.5396 0.0630 0.2000 0.4314 0.3922 0.1961 16.1136 2.0000 
1084 1085 9 2.5054 -4.2039 -8.5396 2.6395 -4.3208 -8.6310 0.0630 0.2000 0.4314 0.3922 0.1961 16.2317 2.0000 
1085 1086 9 2.6395 -4.3208 -8.6310 2.7606 -4.4384 -8.7382 0.0630 0.2000 0.4314 0.3922 0.1961 16.3507 2.0000 
1086 1087 9 2.7606 -4.4384 -8.7382 2.8925 -4.5481 -8.8410 0.0630 0.2000 0.4314 0.3922 0.1961 16.4708 2.0000 
1087 1088 9 2.8925 -4.5481 -8.8410 3.0022 -4.6638 -8.9618 0.0630 0.2000 0.4314 0.3922 0.1961 16.5918 2.0000 
1088 1089 9 3.0022 -4.6638 -8.9618 3.1093 -4.7827 -9.0817 0.0630 0.2000 0.4314 0.3922 0.1961 16.7138 2.0000 
1089 1090 9 3.1093 -4.7827 -9.0817 3.2093 -4.8887 -9.2187 0.0630 0.2000 0.4314 0.3922 0.1961 16.8368 2.0000 
1090 1091 9 3.2093 -4.8887 -9.2187 3.2936 -4.9713 -9.3801 0.0630 0.2000 0.4314 0.3922 0.1961 16.9608 2.0000 
1091 1092 9 3.2936 -4.9713 -9.3801 3.3802 -5.0111 -9.5560 0.0630 0.2000 0.4314 0.3922 0.1961 17.0859 2.0000 
1092 1093 9 3.3802 -5.0111 -9.5560 3.4667 -5.0704 -9.7263 0.0630 0.2000 0.4314 0.3922 0.1961 17.2121 2.0000 
1093 1094 9 3.4667 -5.0704 -9.7263 3.5604 -5.1287 -9.8931 0.0630 0.2000 0.4314 0.3922 0.1961 17.3394 2.0000 
1094 1095 9 3.5604 -5.1287 -9.8931 3.6360 -5.1738 -10.0727 0.0630 0.2000 0.4314 0.3922 0.1961 17.4677 2.0000 
1095 1096 9 3.6360 -5.1738 -10.0727 3.7097 -5.2014 -10.2565 0.0630 0.2000 0.4314 0.3922 0.1961 17.5972 2.0000 
1096 1097 9 3.7097 -5.2014 -10.2565 3.7505 -5.2018 -10.4523 0.0630 0.2000 0.4314 0.3922 0.1961 17.7279 2.0000 
1097 1098 9 3.7505 -5.2018 -10.4523 3.8153 -5.1457 -10.6330 0.0630 0.2000 0.4314 0.3922 0.1961 17.8597 2.0000 
1098 1099 9 3.8153 -5.1457 -10.6330 3.8559 -5.1678 -10.8276 0.0630 0.2000 0.4314 0.3922 0.1961 17.9927 2.0000 
1099 1100 9 3.8559 -5.1678 -10.8276 3.9055 -5.2021 -11.0183 0.0630 0.2000 0.4314 0.3922 0.1961 18.1269 2.0000 
1100 1101 9 3.9055 -5.2021 -11.0183 3.9291 -5.2435 -11.2125 0.0630 0.2000 0.4314 0.3922 0.1961 18.2624 2.0000 
1101 1102 9 3.9291 -5.2435 -11.2125 3.9318 -5.2847 -11.4082 0.0630 0.2000 0.4314 0.3922 0.1961 18.3991 2.0000 
1102 1103 9 3.9318 -5.2847 -11.4082 3.9315 -5.3634 -11.5921 0.0630 0.2000 0.4314 0.3922 0.1961 18.5371 2.0000 
1103 1104 9 3.9315 -5.3634 -11.5921 3.9302 -5.4112 -11.7863 0.0630 0.2000 0.4314 0.3922 0.1961 18.6763 2.0000 
1104 1105 9 3.9302 -5.4112 -11.7863 3.9231 -5.4690 -11.9776 0.0630 0.2000 0.4314 0.3922 0.1961 18.8170 2.0000 
1105 1106 9 3.9231 -5.4690 -11.9776 3.8807 -5.5234 -12.1654 0.0630 0.2000 0.4314 0.3922 0.1961 18.9589 2.0000 
1106 1107 9 3.8807 -5.5234 -12.1654 3.8393 -5.5818 -12.3521 0.0630 0.2000 0.4314 0.3922 0.1961 19.1023 2.0000 
1107 1108 9 3.8393 -5.5818 -12.3521 3.8058 -5.6460 -12.5385 0.0630 0.2000 0.4314 0.3922 0.1961 19.2470 2.0000 
1108 1109 9 3.8058 -5.6460 -12.5385 3.7689 -5.6971 -12.7283 0.0630 0.2000 0.4314 0.3922 0.1961 19.3932 2.0000 
1109 1110 9 3.7689 -5.6971 -12.7283 3.7260 -5.7535 -12.9154 0.0630 0.2000 0.4314 0.3922 0.1961 19.5409 2.0000 
1110 1111 9 3.7260 -5.7535 -12.9154 3.6832 -5.8103 -13.1023 0.0630 0.2000 0.4314 0.3922 0.1961 19.6900 2.0000 
1111 1112 9 3.6832 -5.8103 -13.1023 3.6529 -5.9080 -13.2742 0.0630 0.2000 0.4314 0.3922 0.1961 19.8407 2.0000 
1112 1113 9 3.6529 -5.9080 -13.2742 3.6040 -5.9836 -13.4528 0.0630 0.2000 0.4314 0.3922 0.1961 19.9929 2.0000 
1113 1114 9 3.6040 -5.9836 -13.4528 3.5673 -6.0635 -13.6324 0.0630 0.2000 0.4314 0.3922 0.1961 20.1468 2.0000 
1114 1115 9 3.5673 -6.0635 -13.6324 3.5170 -6.1370 -13.8115 0.0630 0.2000 0.4314 0.3922 0.1961 20.3022 2.0000 
1115 1116 9 3.5170 -6.1370 -13.8115 3.4500 -6.1871 -13.9931 0.0630 0.2000 0.4314 0.3922 0.1961 20.4593 2.0000 
1116 1117 9 3.4500 -6.1871 -13.9931 3.3703 -6.2364 -14.1698 0.0630 0.2000 0.4314 0.3922 0.1961 20.6181 2.0000 
1117 1118 9 3.3703 -6.2364 -14.1698 3.2783 -6.2599 -14.3458 0.0630 0.2000 0.4314 0.3922 0.1961 20.7786 2.0000 
1118 1119 9 3.2783 -6.2599 -14.3458 3.2006 -6.2512 -14.5299 0.0630 0.2000 0.4314 0.3922 0.1961 20.9409 2.0000 
1119 1120 9 3.2006 -6.2512 -14.5299 3.1247 -6.2434 -14.7148 0.0630 0.2000 0.4314 0.3922 0.1961 21.1050 2.0000 
1120 1121 9 3.1247 -6.2434 -14.7148 3.0571 -6.2253 -14.9021 0.0630 0.2000 0.4314 0.3922 0.1961 21.2709 2.0000 
1121 1122 9 3.0571 -6.2253 -14.9021 2.9653 -6.1746 -15.0724 0.0630 0.2000 0.4314 0.3922 0.1961 21.4387 2.0000 
1122 1123 9 2.9653 -6.1746 -15.0724 2.8649 -6.1170 -15.2355 0.0630 0.2000 0.4314 0.3922 0.1961 21.6085 2.0000 
1123 1124 9 2.8649 -6.1170 -15.2355 2.7703 -6.0834 -15.4085 0.0630 0.2000 0.4314 0.3922 0.1961 21.7802 2.0000 
1124 1125 9 2.7703 -6.0834 -15.4085 2.6719 -6.0342 -15.5755 0.0630 0.2000 0.4314 0.3922 0.1961 21.9540 2.0000 
1125 1126 9 2.6719 -6.0342 -15.5755 2.5740 -5.9779 -15.7406 0.0630 0.2000 0.4314 0.3922 0.1961 22.1298 2.0000 
1126 1127 9 2.5740 -5.9779 -15.7406 2.4753 -5.9213 -15.9051 0.0630 0.2000 0.4314 0.3922 0.1961 22.3078 2.0000 
1127 1128 9 2.4753 -5.9213 -15.9051 2.3877 -5.8637 -16.0754 0.0630 0.2000 0.4314 0.3922 0.1961 22.4879 2.0000 
1128 1129 9 2.3877 -5.8637 -16.0754 2.2891 -5.8398 -16.2478 0.0630 0.2000 0.4314 0.3922 0.1961 22.6702 2.0000 
1129 1130 9 2.2891 -5.8398 -16.2478 2.1824 -5.8152 -16.4151 0.0630 0.2000 0.4314 0.3922 0.1961 22.8549 2.0000 
1130 1131 9 2.1824 -5.8152 -16.4151 2.0792 -5.7919 -16.5848 0.0630 0.2000 0.4314 0.3922 0.1961 23.0419 2.0000 
1131 1132 9 2.0792 -5.7919 -16.5848 1.9901 -5.7617 -16.7613 0.0630 0.2000 0.4314 0.3922 0.1961 23.2312 2.0000 
1132 1133 9 1.9901 -5.7617 -16.7613 1.9332 -5.7224 -16.9490 0.0630 0.2000 0.4314 0.3922 0.1961 23.4231 2.0000 
1133 1134 9 1.9332 -5.7224 -16.9490 1.8669 -5.6554 -17.1254 0.0630 0.2000 0.4314 0.3922 0.1961 23.6175 2.0000 
1134 1135 9 1.8669 -5.6554 -17.1254 1.7951 -5.5861 -17.2987 0.0630 0.2000 0.4314 0.3922 0.1961 23.8144 2.0000 
1135 1136 9 1.7951 -5.5861 -17.2987 1.7280 -5.5220 -17.4759 0.0630 0.2000 0.4314 0.3922 0.1961 24.0141 2.0000 
1136 1137 9 1.7280 -5.5220 -17.4759 1.6610 -5.4245 -17.6371 0.0630 0.2000 0.4314 0.3922 0.1961 24.2165 2.0000 
1137 1138 9 1.6610 -5.4245 -17.6371 1.6090 -5.3601 -17.8192 0.0630 0.2000 0.4314 0.3922 0.1961 24.4216 2.0000 
1138 1139 9 1.6090 -5.3601 -17.8192 1.5583 -5.2869 -17.9983 0.0630 0.2000 0.4314 0.3922 0.1961 24.6297 2.0000 
1139 1140 9 1.5583 -5.2869 -17.9983 1.5281 -5.1980 -18.1749 0.0630 0.2000 0.4314 0.3922 0.1961 24.8408 2.0000 
1140 1141 9 1.5281 -5.1980 -18.1749 1.4983 -5.1100 -18.3520 0.0630 0.2000 0.4314 0.3922 0.1961 25.0549 2.0000 
1141 1142 9 1.4983 -5.1100 -18.3520 1.4675 -5.0257 -18.5307 0.0630 0.2000 0.4314 0.3922 0.1961 25.2722 2.0000 
1142 1143 9 1.4675 -5.0257 -18.5307 1.4737 -4.9224 -18.7018 0.0630 0.2000 0.4314 0.3922 0.1961 25.4928 2.0000 
1143 1144 9 1.4737 -4.9224 -18.7018 1.4831 -4.8178 -18.8720 0.0630 0.2000 0.4314 0.3922 0.1961 25.7167 2.0000 
1144 1145 9 1.4831 -4.8178 -18.8720 1.4598 -4.6824 -19.0174 0.0630 0.2000 0.4314 0.3922 0.1961 25.9440 2.0000 
1145 1146 9 1.4598 -4.6824 -19.0174 1.4199 -4.5357 -19.1474 0.0630 0.2000 0.4314 0.3922 0.1961 26.1749 2.0000 
1146 1147 9 1.4199 -4.5357 -19.1474 1.4403 -4.4236 -19.3117 0.0630 0.2000 0.4314 0.3922 0.1961 26.4095 2.0000 
1147 1148 9 1.4403 -4.4236 -19.3117 1.4428 -4.3060 -19.4735 0.0630 0.2000 0.4314 0.3922 0.1961 26.6479 2.0000 
1148 1149 9 1.4428 -4.3060 -19.4735 1.4438 -4.1779 -19.6271 0.0630 0.2000 0.4314 0.3922 0.1961 26.8901 2.0000 
1149 1150 9 1.4438 -4.1779 -19.6271 1.4315 -4.0628 -19.7902 0.0630 0.2000 0.4314 0.3922 0.1961 27.1365 2.0000 
1150 1151 9 1.4315 -4.0628 -19.7902 1.4571 -3.9590 -19.9592 0.0630 0.2000 0.4314 0.3922 0.1961 27.3870 2.0000 
1151 1152 9 1.4571 -3.9590 -19.9592 1.4805 -3.8541 -20.1278 0.0630 0.2000 0.4314 0.3922 0.1961 27.6419 2.0000 
1152 1153 9 1.4805 -3.8541 -20.1278 1.5157 -3.7395 -20.2880 0.0630 0.2000 0.4314 0.3922 0.1961 27.9012 2.0000 
1153 1154 9 1.5157 -3.7395 -20.2880 1.5183 -3.6483 -20.4660 0.0630 0.2000 0.4314 0.3922 0.1961 28.1652 2.0000 
1154 1155 9 1.5183 -3.6483 -20.4660 1.5345 -3.5412 -20.6341 0.0630 0.2000 0.4314 0.3922 0.1961 28.4340 2.0000 
1155 1156 9 1.5345 -3.5412 -20.6341 1.5313 -3.4762 -20.8232 0.0630 0.2000 0.4314 0.3922 0.1961 28.7077 2.0000 
1156 1157 9 1.5313 -3.4762 -20.8232 1.5547 -3.3839 -20.9990 0.0630 0.2000 0.4314 0.3922 0.1961 28.9867 2.0000 
1157 1158 9 1.5547 -3.3839 -20.9990 1.5850 -3.2954 -21.1758 0.0630 0.2000 0.4314 0.3922 0.1961 29.2710 2.0000 
1158 1159 9 1.5850 -3.2954 -21.1758 1.6159 -3.2103 -21.3541 0.0630 0.2000 0.4314 0.3922 0.1961 29.5610 2.0000 
1159 1160 9 1.6159 -3.2103 -21.3541 1.7056 -3.1328 -21.5153 0.0630 0.2000 0.4314 0.3922 0.1961 29.8567 2.0000 
1160 1161 9 1.7056 -3.1328 -21.5153 1.7530 -3.1020 -21.5922 0.0630 0.0955 0.4314 0.3922 0.1961 30.0000 2.0000 
22 1162 10 -0.0756 0.2003 -6.5130 0.1108 0.1867 -6.5843 0.0696 0.2000 0.4314 0.3922 0.1961 13.5431 2.0000 
1162 1163 10 0.1108 0.1867 -6.5843 0.2850 0.1534 -6.6767 0.0696 0.2000 0.4314 0.3922 0.1961 13.6495 2.0000 
1163 1164 10 0.2850 0.1534 -6.6767 0.4618 0.1198 -6.7641 0.0696 0.2000 0.4314 0.3922 0.1961 13.7565 2.0000 
1164 1165 10 0.4618 0.1198 -6.7641 0.6513 0.0661 -6.7985 0.0696 0.2000 0.4314 0.3922 0.1961 13.8642 2.0000 
1165 1166 10 0.6513 0.0661 -6.7985 0.8327 0.0635 -6.8828 0.0696 0.2000 0.4314 0.3922 0.1961 13.9726 2.0000 
1166 1167 10 0.8327 0.0635 -6.8828 1.0177 0.0865 -6.9552 0.0696 0.2000 0.4314 0.3922 0.1961 14.0817 2.0000 
1167 1168 10 1.0177 0.0865 -6.9552 1.2029 0.1104 -7.0267 0.0696 0.2000 0.4314 0.3922 0.1961 14.1915 2.0000 
1168 1169 10 1.2029 0.1104 -7.0267 1.3824 0.1476 -7.1068 0.0696 0.2000 0.4314 0.3922 0.1961 14.3021 2.0000 
1169 1170 10 1.3824 0.1476 -7.1068 1.5609 0.1926 -7.1849 0.0696 0.2000 0.4314 0.3922 0.1961 14.4134 2.0000 
1170 1171 10 1.5609 0.1926 -7.1849 1.7399 0.2373 -7.2621 0.0696 0.2000 0.4314 0.3922 0.1961 14.5254 2.0000 
1171 1172 10 1.7399 0.2373 -7.2621 1.9078 0.2878 -7.3583 0.0696 0.2000 0.4314 0.3922 0.1961 14.6383 2.0000 
1172 1173 10 1.9078 0.2878 -7.3583 2.0858 0.3396 -7.4334 0.0696 0.2000 0.4314 0.3922 0.1961 14.7518 2.0000 
1173 1174 10 2.0858 0.3396 -7.4334 2.2593 0.3905 -7.5189 0.0696 0.2000 0.4314 0.3922 0.1961 14.8662 2.0000 
1174 1175 10 2.2593 0.3905 -7.5189 2.4155 0.4731 -7.6126 0.0696 0.2000 0.4314 0.3922 0.1961 14.9814 2.0000 
1175 1176 10 2.4155 0.4731 -7.6126 2.5611 0.5522 -7.7247 0.0696 0.2000 0.4314 0.3922 0.1961 15.0973 2.0000 
1176 1177 10 2.5611 0.5522 -7.7247 2.6898 0.6346 -7.8536 0.0696 0.2000 0.4314 0.3922 0.1961 15.2141 2.0000 
1177 1178 10 2.6898 0.6346 -7.8536 2.8213 0.7196 -7.9780 0.0696 0.2000 0.4314 0.3922 0.1961 15.3317 2.0000 
1178 1179 10 2.8213 0.7196 -7.9780 2.9797 0.7699 -8.0893 0.0696 0.2000 0.4314 0.3922 0.1961 15.4502 2.0000 
1179 1180 10 2.9797 0.7699 -8.0893 3.1405 0.8250 -8.1947 0.0696 0.2000 0.4314 0.3922 0.1961 15.5695 2.0000 
1180 1181 10 3.1405 0.8250 -8.1947 3.2872 0.8869 -8.3158 0.0696 0.2000 0.4314 0.3922 0.1961 15.6896 2.0000 
1181 1182 10 3.2872 0.8869 -8.3158 3.4131 0.9696 -8.4473 0.0696 0.2000 0.4314 0.3922 0.1961 15.8107 2.0000 
1182 1183 10 3.4131 0.9696 -8.4473 3.5385 1.0609 -8.5735 0.0696 0.2000 0.4314 0.3922 0.1961 15.9326 2.0000 
1183 1184 10 3.5385 1.0609 -8.5735 3.6863 1.1244 -8.6924 0.0696 0.2000 0.4314 0.3922 0.1961 16.0554 2.0000 
1184 1185 10 3.6863 1.1244 -8.6924 3.8310 1.2009 -8.8074 0.0696 0.2000 0.4314 0.3922 0.1961 16.1791 2.0000 
1185 1186 10 3.8310 1.2009 -8.8074 3.9697 1.2718 -8.9328 0.0696 0.2000 0.4314 0.3922 0.1961 16.3038 2.0000 
1186 1187 10 3.9697 1.2718 -8.9328 4.0988 1.3416 -9.0687 0.0696 0.2000 0.4314 0.3922 0.1961 16.4294 2.0000 
1187 1188 10 4.0988 1.3416 -9.0687 4.2297 1.4190 -9.1986 0.0696 0.2000 0.4314 0.3922 0.1961 16.5560 2.0000 
1188 1189 10 4.2297 1.4190 -9.1986 4.3606 1.4952 -9.3291 0.0696 0.2000 0.4314 0.3922 0.1961 16.6835 2.0000 
1189 1190 10 4.3606 1.4952 -9.3291 4.4896 1.5740 -9.4602 0.0696 0.2000 0.4314 0.3922 0.1961 16.8120 2.0000 
1190 1191 10 4.4896 1.5740 -9.4602 4.6281 1.6587 -9.5770 0.0696 0.2000 0.4314 0.3922 0.1961 16.9416 2.0000 
1191 1192 10 4.6281 1.6587 -9.5770 4.7564 1.7353 -9.7098 0.0696 0.2000 0.4314 0.3922 0.1961 17.0721 2.0000 
1192 1193 10 4.7564 1.7353 -9.7098 4.8646 1.8290 -9.8495 0.0696 0.2000 0.4314 0.3922 0.1961 17.2037 2.0000 
1193 1194 10 4.8646 1.8290 -9.8495 4.9710 1.9428 -9.9750 0.0696 0.2000 0.4314 0.3922 0.1961 17.3363 2.0000 
1194 1195 10 4.9710 1.9428 -9.9750 5.0803 2.0536 -10.1006 0.0696 0.2000 0.4314 0.3922 0.1961 17.4700 2.0000 
1195 1196 10 5.0803 2.0536 -10.1006 5.2089 2.1458 -10.2229 0.0696 0.2000 0.4314 0.3922 0.1961 17.6048 2.0000 
1196 1197 10 5.2089 2.1458 -10.2229 5.3775 2.2196 -10.3013 0.0696 0.2000 0.4314 0.3922 0.1961 17.7407 2.0000 
1197 1198 10 5.3775 2.2196 -10.3013 5.5456 2.2992 -10.3748 0.0696 0.2000 0.4314 0.3922 0.1961 17.8777 2.0000 
1198 1199 10 5.5456 2.2992 -10.3748 5.6999 2.3856 -10.4681 0.0696 0.2000 0.4314 0.3922 0.1961 18.0158 2.0000 
1199 1200 10 5.6999 2.3856 -10.4681 5.8668 2.4535 -10.5549 0.0696 0.2000 0.4314 0.3922 0.1961 18.1551 2.0000 
1200 1201 10 5.8668 2.4535 -10.5549 6.0208 2.5481 -10.6406 0.0696 0.2000 0.4314 0.3922 0.1961 18.2956 2.0000 
1201 1202 10 6.0208 2.5481 -10.6406 6.1932 2.5998 -10.7277 0.0696 0.2000 0.4314 0.3922 0.1961 18.4372 2.0000 
1202 1203 10 6.1932 2.5998 -10.7277 6.3720 2.6329 -10.8109 0.0696 0.2000 0.4314 0.3922 0.1961 18.5801 2.0000 
1203 1204 10 6.3720 2.6329 -10.8109 6.5509 2.6718 -10.8915 0.0696 0.2000 0.4314 0.3922 0.1961 18.7243 2.0000 
1204 1205 10 6.5509 2.6718 -10.8915 6.7336 2.7220 -10.9554 0.0696 0.2000 0.4314 0.3922 0.1961 18.8696 2.0000 
1205 1206 10 6.7336 2.7220 -10.9554 6.9334 2.7122 -10.9515 0.0696 0.2000 0.4314 0.3922 0.1961 19.0163 2.0000 
1206 1207 10 6.9334 2.7122 -10.9515 7.1322 2.6934 -10.9622 0.0696 0.2000 0.4314 0.3922 0.1961 19.1643 2.0000 
1207 1208 10 7.1322 2.6934 -10.9622 7.3283 2.7151 -10.9951 0.0696 0.2000 0.4314 0.3922 0.1961 19.3136 2.0000 
1208 1209 10 7.3283 2.7151 -10.9951 7.5251 2.7331 -11.0257 0.0696 0.2000 0.4314 0.3922 0.1961 19.4643 2.0000 
1209 1210 10 7.5251 2.7331 -11.0257 7.7228 2.7477 -11.0521 0.0696 0.2000 0.4314 0.3922 0.1961 19.6163 2.0000 
1210 1211 10 7.7228 2.7477 -11.0521 7.9220 2.7533 -11.0354 0.0696 0.2000 0.4314 0.3922 0.1961 19.7698 2.0000 
1211 1212 10 7.9220 2.7533 -11.0354 8.1186 2.7892 -11.0455 0.0696 0.2000 0.4314 0.3922 0.1961 19.9246 2.0000 
1212 1213 10 8.1186 2.7892 -11.0455 8.3157 2.8208 -11.0573 0.0696 0.2000 0.4314 0.3922 0.1961 20.0810 2.0000 
1213 1214 10 8.3157 2.8208 -11.0573 8.5067 2.8381 -11.1138 0.0696 0.2000 0.4314 0.3922 0.1961 20.2388 2.0000 
1214 1215 10 8.5067 2.8381 -11.1138 8.6852 2.8888 -11.1887 0.0696 0.2000 0.4314 0.3922 0.1961 20.3981 2.0000 
1215 1216 10 8.6852 2.8888 -11.1887 8.8658 2.9625 -11.2325 0.0696 0.2000 0.4314 0.3922 0.1961 20.5590 2.0000 
1216 1217 10 8.8658 2.9625 -11.2325 9.0535 3.0229 -11.2663 0.0696 0.2000 0.4314 0.3922 0.1961 20.7214 2.0000 
1217 1218 10 9.0535 3.0229 -11.2663 9.2367 3.0947 -11.3020 0.0696 0.2000 0.4314 0.3922 0.1961 20.8855 2.0000 
1218 1219 10 9.2367 3.0947 -11.3020 9.4224 3.1511 -11.3504 0.0696 0.2000 0.4314 0.3922 0.1961 21.0512 2.0000 
1219 1220 10 9.4224 3.1511 -11.3504 9.5775 3.2413 -11.4387 0.0696 0.2000 0.4314 0.3922 0.1961 21.2185 2.0000 
1220 1221 10 9.5775 3.2413 -11.4387 9.7344 3.3415 -11.5119 0.0696 0.2000 0.4314 0.3922 0.1961 21.3876 2.0000 
1221 1222 10 9.7344 3.3415 -11.5119 9.9142 3.4172 -11.5558 0.0696 0.2000 0.4314 0.3922 0.1961 21.5584 2.0000 
1222 1223 10 9.9142 3.4172 -11.5558 10.1028 3.4595 -11.6073 0.0696 0.2000 0.4314 0.3922 0.1961 21.7310 2.0000 
1223 1224 10 10.1028 3.4595 -11.6073 10.2914 3.4851 -11.6685 0.0696 0.2000 0.4314 0.3922 0.1961 21.9053 2.0000 
1224 1225 10 10.2914 3.4851 -11.6685 10.4823 3.5177 -11.7187 0.0696 0.2000 0.4314 0.3922 0.1961 22.0816 2.0000 
1225 1226 10 10.4823 3.5177 -11.7187 10.6654 3.5487 -11.7930 0.0696 0.2000 0.4314 0.3922 0.1961 22.2597 2.0000 
1226 1227 10 10.6654 3.5487 -11.7930 10.8408 3.5788 -11.8842 0.0696 0.2000 0.4314 0.3922 0.1961 22.4397 2.0000 
1227 1228 10 10.8408 3.5788 -11.8842 11.0043 3.6307 -11.9870 0.0696 0.2000 0.4314 0.3922 0.1961 22.6217 2.0000 
1228 1229 10 11.0043 3.6307 -11.9870 11.1594 3.6601 -12.1098 0.0696 0.2000 0.4314 0.3922 0.1961 22.8058 2.0000 
1229 1230 10 11.1594 3.6601 -12.1098 11.3138 3.6644 -12.2369 0.0696 0.2000 0.4314 0.3922 0.1961 22.9919 2.0000 
1230 1231 10 11.3138 3.6644 -12.2369 11.4643 3.6696 -12.3685 0.0696 0.2000 0.4314 0.3922 0.1961 23.1801 2.0000 
1231 1232 10 11.4643 3.6696 -12.3685 11.5739 3.7099 -12.5309 0.0696 0.2000 0.4314 0.3922 0.1961 23.3704 2.0000 
1232 1233 10 11.5739 3.7099 -12.5309 11.6999 3.7467 -12.6817 0.0696 0.2000 0.4314 0.3922 0.1961 23.5630 2.0000 
1233 1234 10 11.6999 3.7467 -12.6817 11.7914 3.7715 -12.8579 0.0696 0.2000 0.4314 0.3922 0.1961 23.7578 2.0000 
1234 1235 10 11.7914 3.7715 -12.8579 11.8614 3.8229 -13.0380 0.0696 0.2000 0.4314 0.3922 0.1961 23.9550 2.0000 
1235 1236 10 11.8614 3.8229 -13.0380 11.9274 3.8775 -13.2188 0.0696 0.2000 0.4314 0.3922 0.1961 24.1545 2.0000 
1236 1237 10 11.9274 3.8775 -13.2188 11.9963 3.9298 -13.3991 0.0696 0.2000 0.4314 0.3922 0.1961 24.3564 2.0000 
1237 1238 10 11.9963 3.9298 -13.3991 12.0701 3.9932 -13.5738 0.0696 0.2000 0.4314 0.3922 0.1961 24.5608 2.0000 
1238 1239 10 12.0701 3.9932 -13.5738 12.1268 4.0418 -13.7594 0.0696 0.2000 0.4314 0.3922 0.1961 24.7678 2.0000 
1239 1240 10 12.1268 4.0418 -13.7594 12.1859 4.0897 -13.9443 0.0696 0.2000 0.4314 0.3922 0.1961 24.9773 2.0000 
1240 1241 10 12.1859 4.0897 -13.9443 12.2424 4.1399 -14.1295 0.0696 0.2000 0.4314 0.3922 0.1961 25.1896 2.0000 
1241 1242 10 12.2424 4.1399 -14.1295 12.3078 4.2317 -14.2947 0.0696 0.2000 0.4314 0.3922 0.1961 25.4046 2.0000 
1242 1243 10 12.3078 4.2317 -14.2947 12.3703 4.3234 -14.4611 0.0696 0.2000 0.4314 0.3922 0.1961 25.6224 2.0000 
1243 1244 10 12.3703 4.3234 -14.4611 12.4244 4.4067 -14.6347 0.0696 0.2000 0.4314 0.3922 0.1961 25.8431 2.0000 
1244 1245 10 12.4244 4.4067 -14.6347 12.4725 4.4849 -14.8124 0.0696 0.2000 0.4314 0.3922 0.1961 26.0667 2.0000 
1245 1246 10 12.4725 4.4849 -14.8124 12.5559 4.6096 -14.9446 0.0696 0.2000 0.4314 0.3922 0.1961 26.2935 2.0000 
1246 1247 10 12.5559 4.6096 -14.9446 12.6374 4.7004 -15.1031 0.0696 0.2000 0.4314 0.3922 0.1961 26.5233 2.0000 
1247 1248 10 12.6374 4.7004 -15.1031 12.7611 4.7951 -15.2285 0.0696 0.2000 0.4314 0.3922 0.1961 26.7564 2.0000 
1248 1249 10 12.7611 4.7951 -15.2285 12.8283 4.9226 -15.3671 0.0696 0.2000 0.4314 0.3922 0.1961 26.9928 2.0000 
1249 1250 10 12.8283 4.9226 -15.3671 12.8747 5.0643 -15.5004 0.0696 0.2000 0.4314 0.3922 0.1961 27.2326 2.0000 
1250 1251 10 12.8747 5.0643 -15.5004 12.8872 5.2358 -15.6026 0.0696 0.2000 0.4314 0.3922 0.1961 27.4759 2.0000 
1251 1252 10 12.8872 5.2358 -15.6026 12.9176 5.4089 -15.6980 0.0696 0.2000 0.4314 0.3922 0.1961 27.7229 2.0000 
1252 1253 10 12.9176 5.4089 -15.6980 12.9537 5.5697 -15.8114 0.0696 0.2000 0.4314 0.3922 0.1961 27.9736 2.0000 
1253 1254 10 12.9537 5.5697 -15.8114 12.9942 5.7340 -15.9180 0.0696 0.2000 0.4314 0.3922 0.1961 28.2281 2.0000 
1254 1255 10 12.9942 5.7340 -15.9180 13.0246 5.9038 -16.0192 0.0696 0.2000 0.4314 0.3922 0.1961 28.4865 2.0000 
1255 1256 10 13.0246 5.9038 -16.0192 13.0232 6.0942 -16.0803 0.0696 0.2000 0.4314 0.3922 0.1961 28.7491 2.0000 
1256 1257 10 13.0232 6.0942 -16.0803 13.0154 6.2857 -16.1374 0.0696 0.2000 0.4314 0.3922 0.1961 29.0158 2.0000 
1257 1258 10 13.0154 6.2857 -16.1374 13.0470 6.4734 -16.1988 0.0696 0.2000 0.4314 0.3922 0.1961 29.2869 2.0000 
1258 1259 10 13.0470 6.4734 -16.1988 13.0769 6.6582 -16.2693 0.0696 0.2000 0.4314 0.3922 0.1961 29.5625 2.0000 
1259 1260 10 13.0769 6.6582 -16.2693 13.1081 6.8441 -16.3361 0.0696 0.2000 0.4314 0.3922 0.1961 29.8428 2.0000 
1260 1261 10 13.1081 6.8441 -16.3361 13.1162 6.9462 -16.3781 0.0696 0.1107 0.4314 0.3922 0.1961 30.0000 2.0000 
25 1262 11 -0.0435 0.1872 -6.9156 -0.1601 0.3134 -7.0179 0.0668 0.2000 0.4314 0.3922 0.1961 14.0052 2.0000 
1262 1263 11 -0.1601 0.3134 -7.0179 -0.2736 0.4446 -7.1175 0.0668 0.2000 0.4314 0.3922 0.1961 14.1125 2.0000 
1263 1264 11 -0.2736 0.4446 -7.1175 -0.3928 0.5694 -7.2186 0.0668 0.2000 0.4314 0.3922 0.1961 14.2204 2.0000 
1264 1265 11 -0.3928 0.5694 -7.2186 -0.4809 0.7051 -7.3361 0.0668 0.2000 0.4314 0.3922 0.1961 14.3290 2.0000 
1265 1266 11 -0.4809 0.7051 -7.3361 -0.5724 0.8515 -7.4371 0.0668 0.2000 0.4314 0.3922 0.1961 14.4383 2.0000 
1266 1267 11 -0.5724 0.8515 -7.4371 -0.6457 0.9994 -7.5501 0.0668 0.2000 0.4314 0.3922 0.1961 14.5482 2.0000 
1267 1268 11 -0.6457 0.9994 -7.5501 -0.7296 1.1441 -7.6597 0.0668 0.2000 0.4314 0.3922 0.1961 14.6589 2.0000 
1268 1269 11 -0.7296 1.1441 -7.6597 -0.8345 1.2833 -7.7578 0.0668 0.2000 0.4314 0.3922 0.1961 14.7703 2.0000 
1269 1270 11 -0.8345 1.2833 -7.7578 -0.9366 1.4261 -7.8536 0.0668 0.2000 0.4314 0.3922 0.1961 14.8823 2.0000 
1270 1271 11 -0.9366 1.4261 -7.8536 -1.0403 1.5677 -7.9495 0.0668 0.2000 0.4314 0.3922 0.1961 14.9951 2.0000 
1271 1272 11 -1.0403 1.5677 -7.9495 -1.1433 1.7127 -8.0409 0.0668 0.2000 0.4314 0.3922 0.1961 15.1087 2.0000 
1272 1273 11 -1.1433 1.7127 -8.0409 -1.2648 1.8643 -8.0884 0.0668 0.2000 0.4314 0.3922 0.1961 15.2230 2.0000 
1273 1274 11 -1.2648 1.8643 -8.0884 -1.3754 2.0025 -8.1815 0.0668 0.2000 0.4314 0.3922 0.1961 15.3380 2.0000 
1274 1275 11 -1.3754 2.0025 -8.1815 -1.4825 2.1515 -8.2611 0.0668 0.2000 0.4314 0.3922 0.1961 15.4538 2.0000 
1275 1276 11 -1.4825 2.1515 -8.2611 -1.5815 2.3028 -8.3466 0.0668 0.2000 0.4314 0.3922 0.1961 15.5704 2.0000 
1276 1277 11 -1.5815 2.3028 -8.3466 -1.6573 2.4717 -8.4222 0.0668 0.2000 0.4314 0.3922 0.1961 15.6877 2.0000 
1277 1278 11 -1.6573 2.4717 -8.4222 -1.7464 2.6369 -8.4913 0.0668 0.2000 0.4314 0.3922 0.1961 15.8059 2.0000 
1278 1279 11 -1.7464 2.6369 -8.4913 -1.7996 2.8153 -8.5644 0.0668 0.2000 0.4314 0.3922 0.1961 15.9248 2.0000 
1279 1280 11 -1.7996 2.8153 -8.5644 -1.8823 2.9948 -8.5952 0.0668 0.2000 0.4314 0.3922 0.1961 16.0446 2.0000 
1280 1281 11 -1.8823 2.9948 -8.5952 -1.9751 3.1693 -8.6253 0.0668 0.2000 0.4314 0.3922 0.1961 16.1652 2.0000 
1281 1282 11 -1.9751 3.1693 -8.6253 -2.0478 3.3383 -8.7039 0.0668 0.2000 0.4314 0.3922 0.1961 16.2867 2.0000 
1282 1283 11 -2.0478 3.3383 -8.7039 -2.1205 3.4998 -8.7968 0.0668 0.2000 0.4314 0.3922 0.1961 16.4089 2.0000 
1283 1284 11 -2.1205 3.4998 -8.7968 -2.1830 3.6602 -8.8986 0.0668 0.2000 0.4314 0.3922 0.1961 16.5321 2.0000 
1284 1285 11 -2.1830 3.6602 -8.8986 -2.2527 3.8124 -9.0080 0.0668 0.2000 0.4314 0.3922 0.1961 16.6561 2.0000 
1285 1286 11 -2.2527 3.8124 -9.0080 -2.3329 3.9658 -9.1082 0.0668 0.2000 0.4314 0.3922 0.1961 16.7810 2.0000 
1286 1287 11 -2.3329 3.9658 -9.1082 -2.4224 4.1188 -9.2008 0.0668 0.2000 0.4314 0.3922 0.1961 16.9069 2.0000 
1287 1288 11 -2.4224 4.1188 -9.2008 -2.5182 4.2534 -9.3136 0.0668 0.2000 0.4314 0.3922 0.1961 17.0336 2.0000 
1288 1289 11 -2.5182 4.2534 -9.3136 -2.5974 4.3944 -9.4313 0.0668 0.2000 0.4314 0.3922 0.1961 17.1612 2.0000 
1289 1290 11 -2.5974 4.3944 -9.4313 -2.6511 4.5472 -9.5485 0.0668 0.2000 0.4314 0.3922 0.1961 17.2898 2.0000 
1290 1291 11 -2.6511 4.5472 -9.5485 -2.7201 4.6810 -9.6802 0.0668 0.2000 0.4314 0.3922 0.1961 17.4194 2.0000 
1291 1292 11 -2.7201 4.6810 -9.6802 -2.7789 4.8134 -9.8181 0.0668 0.2000 0.4314 0.3922 0.1961 17.5499 2.0000 
1292 1293 11 -2.7789 4.8134 -9.8181 -2.8254 4.9474 -9.9591 0.0668 0.2000 0.4314 0.3922 0.1961 17.6814 2.0000 
1293 1294 11 -2.8254 4.9474 -9.9591 -2.8385 5.0763 -10.1115 0.0668 0.2000 0.4314 0.3922 0.1961 17.8139 2.0000 
1294 1295 11 -2.8385 5.0763 -10.1115 -2.8354 5.2028 -10.2664 0.0668 0.2000 0.4314 0.3922 0.1961 17.9474 2.0000 
1295 1296 11 -2.8354 5.2028 -10.2664 -2.8093 5.3342 -10.4148 0.0668 0.2000 0.4314 0.3922 0.1961 18.0820 2.0000 
1296 1297 11 -2.8093 5.3342 -10.4148 -2.7710 5.4731 -10.5535 0.0668 0.2000 0.4314 0.3922 0.1961 18.2176 2.0000 
1297 1298 11 -2.7710 5.4731 -10.5535 -2.7328 5.6022 -10.7015 0.0668 0.2000 0.4314 0.3922 0.1961 18.3542 2.0000 
1298 1299 11 -2.7328 5.6022 -10.7015 -2.7121 5.7314 -10.8527 0.0668 0.2000 0.4314 0.3922 0.1961 18.4920 2.0000 
1299 1300 11 -2.7121 5.7314 -10.8527 -2.6969 5.8549 -11.0093 0.0668 0.2000 0.4314 0.3922 0.1961 18.6308 2.0000 
1300 1301 11 -2.6969 5.8549 -11.0093 -2.6801 5.9788 -11.1654 0.0668 0.2000 0.4314 0.3922 0.1961 18.7707 2.0000 
1301 1302 11 -2.6801 5.9788 -11.1654 -2.6663 6.0927 -11.3292 0.0668 0.2000 0.4314 0.3922 0.1961 18.9118 2.0000 
1302 1303 11 -2.6663 6.0927 -11.3292 -2.6136 6.1664 -11.5075 0.0668 0.2000 0.4314 0.3922 0.1961 19.0540 2.0000 
1303 1304 11 -2.6136 6.1664 -11.5075 -2.5488 6.2087 -11.6919 0.0668 0.2000 0.4314 0.3922 0.1961 19.1974 2.0000 
1304 1305 11 -2.5488 6.2087 -11.6919 -2.4956 6.2231 -11.8842 0.0668 0.2000 0.4314 0.3922 0.1961 19.3420 2.0000 
1305 1306 11 -2.4956 6.2231 -11.8842 -2.4597 6.2360 -12.0805 0.0668 0.2000 0.4314 0.3922 0.1961 19.4878 2.0000 
1306 1307 11 -2.4597 6.2360 -12.0805 -2.4383 6.2284 -12.2792 0.0668 0.2000 0.4314 0.3922 0.1961 19.6348 2.0000 
1307 1308 11 -2.4383 6.2284 -12.2792 -2.4163 6.2345 -12.4779 0.0668 0.2000 0.4314 0.3922 0.1961 19.7831 2.0000 
1308 1309 11 -2.4163 6.2345 -12.4779 -2.3932 6.2525 -12.6758 0.0668 0.2000 0.4314 0.3922 0.1961 19.9326 2.0000 
1309 1310 11 -2.3932 6.2525 -12.6758 -2.3948 6.2840 -12.8733 0.0668 0.2000 0.4314 0.3922 0.1961 20.0834 2.0000 
1310 1311 11 -2.3948 6.2840 -12.8733 -2.3889 6.3101 -13.0715 0.0668 0.2000 0.4314 0.3922 0.1961 20.2356 2.0000 
1311 1312 11 -2.3889 6.3101 -13.0715 -2.4126 6.3046 -13.2700 0.0668 0.2000 0.4314 0.3922 0.1961 20.3890 2.0000 
1312 1313 11 -2.4126 6.3046 -13.2700 -2.4181 6.3340 -13.4677 0.0668 0.2000 0.4314 0.3922 0.1961 20.5439 2.0000 
1313 1314 11 -2.4181 6.3340 -13.4677 -2.4352 6.3511 -13.6663 0.0668 0.2000 0.4314 0.3922 0.1961 20.7001 2.0000 
1314 1315 11 -2.4352 6.3511 -13.6663 -2.4550 6.3623 -13.8650 0.0668 0.2000 0.4314 0.3922 0.1961 20.8577 2.0000 
1315 1316 11 -2.4550 6.3623 -13.8650 -2.4419 6.3463 -14.0639 0.0668 0.2000 0.4314 0.3922 0.1961 21.0168 2.0000 
1316 1317 11 -2.4419 6.3463 -14.0639 -2.4285 6.3379 -14.2633 0.0668 0.2000 0.4314 0.3922 0.1961 21.1773 2.0000 
1317 1318 11 -2.4285 6.3379 -14.2633 -2.4076 6.3237 -14.4617 0.0668 0.2000 0.4314 0.3922 0.1961 21.3394 2.0000 
1318 1319 11 -2.4076 6.3237 -14.4617 -2.4039 6.3056 -14.6608 0.0668 0.2000 0.4314 0.3922 0.1961 21.5029 2.0000 
1319 1320 11 -2.4039 6.3056 -14.6608 -2.3984 6.2788 -14.8589 0.0668 0.2000 0.4314 0.3922 0.1961 21.6680 2.0000 
1320 1321 11 -2.3984 6.2788 -14.8589 -2.3404 6.2682 -15.0500 0.0668 0.2000 0.4314 0.3922 0.1961 21.8347 2.0000 
1321 1322 11 -2.3404 6.2682 -15.0500 -2.2818 6.2608 -15.2411 0.0668 0.2000 0.4314 0.3922 0.1961 22.0030 2.0000 
1322 1323 11 -2.2818 6.2608 -15.2411 -2.2204 6.2636 -15.4314 0.0668 0.2000 0.4314 0.3922 0.1961 22.1729 2.0000 
1323 1324 11 -2.2204 6.2636 -15.4314 -2.1675 6.2927 -15.6221 0.0668 0.2000 0.4314 0.3922 0.1961 22.3445 2.0000 
1324 1325 11 -2.1675 6.2927 -15.6221 -2.1056 6.2971 -15.8123 0.0668 0.2000 0.4314 0.3922 0.1961 22.5177 2.0000 
1325 1326 11 -2.1056 6.2971 -15.8123 -2.0498 6.2849 -16.0039 0.0668 0.2000 0.4314 0.3922 0.1961 22.6928 2.0000 
1326 1327 11 -2.0498 6.2849 -16.0039 -2.0057 6.2883 -16.1990 0.0668 0.2000 0.4314 0.3922 0.1961 22.8696 2.0000 
1327 1328 11 -2.0057 6.2883 -16.1990 -1.9780 6.2598 -16.3950 0.0668 0.2000 0.4314 0.3922 0.1961 23.0482 2.0000 
1328 1329 11 -1.9780 6.2598 -16.3950 -1.9499 6.2507 -16.5928 0.0668 0.2000 0.4314 0.3922 0.1961 23.2286 2.0000 
1329 1330 11 -1.9499 6.2507 -16.5928 -1.9049 6.2829 -16.7850 0.0668 0.2000 0.4314 0.3922 0.1961 23.4110 2.0000 
1330 1331 11 -1.9049 6.2829 -16.7850 -1.8549 6.3201 -16.9750 0.0668 0.2000 0.4314 0.3922 0.1961 23.5952 2.0000 
1331 1332 11 -1.8549 6.3201 -16.9750 -1.8116 6.3692 -17.1640 0.0668 0.2000 0.4314 0.3922 0.1961 23.7815 2.0000 
1332 1333 11 -1.8116 6.3692 -17.1640 -1.7659 6.4131 -17.3537 0.0668 0.2000 0.4314 0.3922 0.1961 23.9697 2.0000 
1333 1334 11 -1.7659 6.4131 -17.3537 -1.7222 6.4547 -17.5444 0.0668 0.2000 0.4314 0.3922 0.1961 24.1600 2.0000 
1334 1335 11 -1.7222 6.4547 -17.5444 -1.6815 6.5175 -17.7299 0.0668 0.2000 0.4314 0.3922 0.1961 24.3524 2.0000 
1335 1336 11 -1.6815 6.5175 -17.7299 -1.6419 6.5549 -17.9223 0.0668 0.2000 0.4314 0.3922 0.1961 24.5469 2.0000 
1336 1337 11 -1.6419 6.5549 -17.9223 -1.6124 6.5856 -18.1177 0.0668 0.2000 0.4314 0.3922 0.1961 24.7437 2.0000 
1337 1338 11 -1.6124 6.5856 -18.1177 -1.5861 6.6110 -18.3143 0.0668 0.2000 0.4314 0.3922 0.1961 24.9426 2.0000 
1338 1339 11 -1.5861 6.6110 -18.3143 -1.5556 6.6455 -18.5090 0.0668 0.2000 0.4314 0.3922 0.1961 25.1439 2.0000 
1339 1340 11 -1.5556 6.6455 -18.5090 -1.5138 6.7085 -18.6942 0.0668 0.2000 0.4314 0.3922 0.1961 25.3475 2.0000 
1340 1341 11 -1.5138 6.7085 -18.6942 -1.4907 6.7456 -18.8893 0.0668 0.2000 0.4314 0.3922 0.1961 25.5536 2.0000 
1341 1342 11 -1.4907 6.7456 -18.8893 -1.4792 6.7199 -19.0873 0.0668 0.2000 0.4314 0.3922 0.1961 25.7620 2.0000 
1342 1343 11 -1.4792 6.7199 -19.0873 -1.4643 6.6939 -19.2850 0.0668 0.2000 0.4314 0.3922 0.1961 25.9730 2.0000 
1343 1344 11 -1.4643 6.6939 -19.2850 -1.4302 6.6469 -19.4764 0.0668 0.2000 0.4314 0.3922 0.1961 26.1866 2.0000 
1344 1345 11 -1.4302 6.6469 -19.4764 -1.4065 6.6053 -19.6706 0.0668 0.2000 0.4314 0.3922 0.1961 26.4028 2.0000 
1345 1346 11 -1.4065 6.6053 -19.6706 -1.3776 6.5541 -19.8618 0.0668 0.2000 0.4314 0.3922 0.1961 26.6218 2.0000 
1346 1347 11 -1.3776 6.5541 -19.8618 -1.3294 6.4972 -20.0474 0.0668 0.2000 0.4314 0.3922 0.1961 26.8435 2.0000 
1347 1348 11 -1.3294 6.4972 -20.0474 -1.2708 6.4466 -20.2318 0.0668 0.2000 0.4314 0.3922 0.1961 27.0681 2.0000 
1348 1349 11 -1.2708 6.4466 -20.2318 -1.2044 6.4060 -20.4160 0.0668 0.2000 0.4314 0.3922 0.1961 27.2956 2.0000 
1349 1350 11 -1.2044 6.4060 -20.4160 -1.1375 6.3649 -20.5999 0.0668 0.2000 0.4314 0.3922 0.1961 27.5261 2.0000 
1350 1351 11 -1.1375 6.3649 -20.5999 -1.0696 6.3229 -20.7833 0.0668 0.2000 0.4314 0.3922 0.1961 27.7597 2.0000 
1351 1352 11 -1.0696 6.3229 -20.7833 -1.0025 6.2723 -20.9648 0.0668 0.2000 0.4314 0.3922 0.1961 27.9965 2.0000 
1352 1353 11 -1.0025 6.2723 -20.9648 -0.9304 6.2066 -21.1394 0.0668 0.2000 0.4314 0.3922 0.1961 28.2365 2.0000 
1353 1354 11 -0.9304 6.2066 -21.1394 -0.8813 6.1280 -21.3166 0.0668 0.2000 0.4314 0.3922 0.1961 28.4798 2.0000 
1354 1355 11 -0.8813 6.1280 -21.3166 -0.8863 6.0218 -21.4860 0.0668 0.2000 0.4314 0.3922 0.1961 28.7267 2.0000 
1355 1356 11 -0.8863 6.0218 -21.4860 -0.8925 5.9481 -21.6719 0.0668 0.2000 0.4314 0.3922 0.1961 28.9770 2.0000 
1356 1357 11 -0.8925 5.9481 -21.6719 -0.8553 5.8983 -21.8619 0.0668 0.2000 0.4314 0.3922 0.1961 29.2310 2.0000 
1357 1358 11 -0.8553 5.8983 -21.8619 -0.8589 5.8525 -22.0566 0.0668 0.2000 0.4314 0.3922 0.1961 29.4887 2.0000 
1358 1359 11 -0.8589 5.8525 -22.0566 -0.8513 5.8110 -22.2521 0.0668 0.2000 0.4314 0.3922 0.1961 29.7503 2.0000 
1359 1360 11 -0.8513 5.8110 -22.2521 -0.8451 5.7721 -22.4360 0.0668 0.1881 0.4314 0.3922 0.1961 30.0000 2.0000 
28 1361 12 -0.0105 0.1889 -7.3134 -0.1578 0.3036 -7.3849 0.0753 0.2000 0.4314 0.3922 0.1961 14.4546 2.0000 
1361 1362 12 -0.1578 0.3036 -7.3849 -0.3267 0.4013 -7.4292 0.0753 0.2000 0.4314 0.3922 0.1961 14.5504 2.0000 
1362 1363 12 -0.3267 0.4013 -7.4292 -0.4975 0.4843 -7.4918 0.0753 0.2000 0.4314 0.3922 0.1961 14.6469 2.0000 
1363 1364 12 -0.4975 0.4843 -7.4918 -0.6700 0.4890 -7.5930 0.0753 0.2000 0.4314 0.3922 0.1961 14.7439 2.0000 
1364 1365 12 -0.6700 0.4890 -7.5930 -0.8454 0.5310 -7.6793 0.0753 0.2000 0.4314 0.3922 0.1961 14.8415 2.0000 
1365 1366 12 -0.8454 0.5310 -7.6793 -1.0284 0.5677 -7.7510 0.0753 0.2000 0.4314 0.3922 0.1961 14.9398 2.0000 
1366 1367 12 -1.0284 0.5677 -7.7510 -1.2159 0.6178 -7.7994 0.0753 0.2000 0.4314 0.3922 0.1961 15.0387 2.0000 
1367 1368 12 -1.2159 0.6178 -7.7994 -1.3871 0.6896 -7.8738 0.0753 0.2000 0.4314 0.3922 0.1961 15.1382 2.0000 
1368 1369 12 -1.3871 0.6896 -7.8738 -1.5543 0.7786 -7.9381 0.0753 0.2000 0.4314 0.3922 0.1961 15.2383 2.0000 
1369 1370 12 -1.5543 0.7786 -7.9381 -1.7353 0.8522 -7.9810 0.0753 0.2000 0.4314 0.3922 0.1961 15.3391 2.0000 
1370 1371 12 -1.7353 0.8522 -7.9810 -1.9178 0.8829 -8.0568 0.0753 0.2000 0.4314 0.3922 0.1961 15.4406 2.0000 
1371 1372 12 -1.9178 0.8829 -8.0568 -2.1056 0.8982 -8.1238 0.0753 0.2000 0.4314 0.3922 0.1961 15.5427 2.0000 
1372 1373 12 -2.1056 0.8982 -8.1238 -2.2929 0.9204 -8.1904 0.0753 0.2000 0.4314 0.3922 0.1961 15.6455 2.0000 
1373 1374 12 -2.2929 0.9204 -8.1904 -2.4767 0.9301 -8.2687 0.0753 0.2000 0.4314 0.3922 0.1961 15.7490 2.0000 
1374 1375 12 -2.4767 0.9301 -8.2687 -2.6659 0.9311 -8.3335 0.0753 0.2000 0.4314 0.3922 0.1961 15.8532 2.0000 
1375 1376 12 -2.6659 0.9311 -8.3335 -2.8549 0.9038 -8.3929 0.0753 0.2000 0.4314 0.3922 0.1961 15.9580 2.0000 
1376 1377 12 -2.8549 0.9038 -8.3929 -3.0348 0.8665 -8.4719 0.0753 0.2000 0.4314 0.3922 0.1961 16.0636 2.0000 
1377 1378 12 -3.0348 0.8665 -8.4719 -3.2128 0.8254 -8.5532 0.0753 0.2000 0.4314 0.3922 0.1961 16.1699 2.0000 
1378 1379 12 -3.2128 0.8254 -8.5532 -3.3934 0.7970 -8.6345 0.0753 0.2000 0.4314 0.3922 0.1961 16.2770 2.0000 
1379 1380 12 -3.3934 0.7970 -8.6345 -3.5742 0.7738 -8.7167 0.0753 0.2000 0.4314 0.3922 0.1961 16.3847 2.0000 
1380 1381 12 -3.5742 0.7738 -8.7167 -3.7456 0.7594 -8.8187 0.0753 0.2000 0.4314 0.3922 0.1961 16.4933 2.0000 
1381 1382 12 -3.7456 0.7594 -8.8187 -3.9181 0.7586 -8.9199 0.0753 0.2000 0.4314 0.3922 0.1961 16.6026 2.0000 
1382 1383 12 -3.9181 0.7586 -8.9199 -4.0937 0.7739 -9.0144 0.0753 0.2000 0.4314 0.3922 0.1961 16.7126 2.0000 
1383 1384 12 -4.0937 0.7739 -9.0144 -4.2655 0.7844 -9.1164 0.0753 0.2000 0.4314 0.3922 0.1961 16.8235 2.0000 
1384 1385 12 -4.2655 0.7844 -9.1164 -4.4376 0.7931 -9.2178 0.0753 0.2000 0.4314 0.3922 0.1961 16.9351 2.0000 
1385 1386 12 -4.4376 0.7931 -9.2178 -4.6238 0.8109 -9.2886 0.0753 0.2000 0.4314 0.3922 0.1961 17.0476 2.0000 
1386 1387 12 -4.6238 0.8109 -9.2886 -4.8056 0.8188 -9.3715 0.0753 0.2000 0.4314 0.3922 0.1961 17.1608 2.0000 
1387 1388 12 -4.8056 0.8188 -9.3715 -4.9891 0.8220 -9.4511 0.0753 0.2000 0.4314 0.3922 0.1961 17.2749 2.0000 
1388 1389 12 -4.9891 0.8220 -9.4511 -5.1680 0.8225 -9.5406 0.0753 0.2000 0.4314 0.3922 0.1961 17.3899 2.0000 
1389 1390 12 -5.1680 0.8225 -9.5406 -5.3475 0.8158 -9.6284 0.0753 0.2000 0.4314 0.3922 0.1961 17.5057 2.0000 
1390 1391 12 -5.3475 0.8158 -9.6284 -5.4952 0.8267 -9.7628 0.0753 0.2000 0.4314 0.3922 0.1961 17.6223 2.0000 
1391 1392 12 -5.4952 0.8267 -9.7628 -5.6373 0.8162 -9.9032 0.0753 0.2000 0.4314 0.3922 0.1961 17.7399 2.0000 
1392 1393 12 -5.6373 0.8162 -9.9032 -5.7799 0.8068 -10.0431 0.0753 0.2000 0.4314 0.3922 0.1961 17.8583 2.0000 
1393 1394 12 -5.7799 0.8068 -10.0431 -5.9161 0.8188 -10.1891 0.0753 0.2000 0.4314 0.3922 0.1961 17.9777 2.0000 
1394 1395 12 -5.9161 0.8188 -10.1891 -6.0043 0.7880 -10.3659 0.0753 0.2000 0.4314 0.3922 0.1961 18.0979 2.0000 
1395 1396 12 -6.0043 0.7880 -10.3659 -6.0945 0.7589 -10.5420 0.0753 0.2000 0.4314 0.3922 0.1961 18.2191 2.0000 
1396 1397 12 -6.0945 0.7589 -10.5420 -6.1723 0.7242 -10.7229 0.0753 0.2000 0.4314 0.3922 0.1961 18.3413 2.0000 
1397 1398 12 -6.1723 0.7242 -10.7229 -6.2433 0.6993 -10.9083 0.0753 0.2000 0.4314 0.3922 0.1961 18.4644 2.0000 
1398 1399 12 -6.2433 0.6993 -10.9083 -6.3005 0.6438 -11.0917 0.0753 0.2000 0.4314 0.3922 0.1961 18.5885 2.0000 
1399 1400 12 -6.3005 0.6438 -11.0917 -6.3660 0.5840 -11.2709 0.0753 0.2000 0.4314 0.3922 0.1961 18.7136 2.0000 
1400 1401 12 -6.3660 0.5840 -11.2709 -6.4708 0.5700 -11.4408 0.0753 0.2000 0.4314 0.3922 0.1961 18.8397 2.0000 
1401 1402 12 -6.4708 0.5700 -11.4408 -6.5823 0.5829 -11.6063 0.0753 0.2000 0.4314 0.3922 0.1961 18.9669 2.0000 
1402 1403 12 -6.5823 0.5829 -11.6063 -6.7185 0.5713 -11.7522 0.0753 0.2000 0.4314 0.3922 0.1961 19.0951 2.0000 
1403 1404 12 -6.7185 0.5713 -11.7522 -6.8535 0.5615 -11.8995 0.0753 0.2000 0.4314 0.3922 0.1961 19.2243 2.0000 
1404 1405 12 -6.8535 0.5615 -11.8995 -6.9811 0.6341 -12.0354 0.0753 0.2000 0.4314 0.3922 0.1961 19.3547 2.0000 
1405 1406 12 -6.9811 0.6341 -12.0354 -7.1437 0.7042 -12.1283 0.0753 0.2000 0.4314 0.3922 0.1961 19.4861 2.0000 
1406 1407 12 -7.1437 0.7042 -12.1283 -7.3061 0.7804 -12.2168 0.0753 0.2000 0.4314 0.3922 0.1961 19.6187 2.0000 
1407 1408 12 -7.3061 0.7804 -12.2168 -7.4688 0.8568 -12.3044 0.0753 0.2000 0.4314 0.3922 0.1961 19.7524 2.0000 
1408 1409 12 -7.4688 0.8568 -12.3044 -7.6366 0.9200 -12.3930 0.0753 0.2000 0.4314 0.3922 0.1961 19.8872 2.0000 
1409 1410 12 -7.6366 0.9200 -12.3930 -7.7814 1.0110 -12.4967 0.0753 0.2000 0.4314 0.3922 0.1961 20.0233 2.0000 
1410 1411 12 -7.7814 1.0110 -12.4967 -7.9241 1.1055 -12.6001 0.0753 0.2000 0.4314 0.3922 0.1961 20.1605 2.0000 
1411 1412 12 -7.9241 1.1055 -12.6001 -8.0598 1.1931 -12.7182 0.0753 0.2000 0.4314 0.3922 0.1961 20.2989 2.0000 
1412 1413 12 -8.0598 1.1931 -12.7182 -8.1819 1.2713 -12.8558 0.0753 0.2000 0.4314 0.3922 0.1961 20.4386 2.0000 
1413 1414 12 -8.1819 1.2713 -12.8558 -8.2955 1.3834 -12.9764 0.0753 0.2000 0.4314 0.3922 0.1961 20.5796 2.0000 
1414 1415 12 -8.2955 1.3834 -12.9764 -8.4068 1.4739 -13.1158 0.0753 0.2000 0.4314 0.3922 0.1961 20.7219 2.0000 
1415 1416 12 -8.4068 1.4739 -13.1158 -8.5214 1.5434 -13.2643 0.0753 0.2000 0.4314 0.3922 0.1961 20.8654 2.0000 
1416 1417 12 -8.5214 1.5434 -13.2643 -8.6360 1.6130 -13.4126 0.0753 0.2000 0.4314 0.3922 0.1961 21.0103 2.0000 
1417 1418 12 -8.6360 1.6130 -13.4126 -8.7573 1.6305 -13.5707 0.0753 0.2000 0.4314 0.3922 0.1961 21.1566 2.0000 
1418 1419 12 -8.7573 1.6305 -13.5707 -8.8626 1.6391 -13.7405 0.0753 0.2000 0.4314 0.3922 0.1961 21.3042 2.0000 
1419 1420 12 -8.8626 1.6391 -13.7405 -8.9770 1.6529 -13.9040 0.0753 0.2000 0.4314 0.3922 0.1961 21.4533 2.0000 
1420 1421 12 -8.9770 1.6529 -13.9040 -9.1051 1.6592 -14.0574 0.0753 0.2000 0.4314 0.3922 0.1961 21.6038 2.0000 
1421 1422 12 -9.1051 1.6592 -14.0574 -9.2487 1.6638 -14.1966 0.0753 0.2000 0.4314 0.3922 0.1961 21.7557 2.0000 
1422 1423 12 -9.2487 1.6638 -14.1966 -9.3992 1.6625 -14.3283 0.0753 0.2000 0.4314 0.3922 0.1961 21.9092 2.0000 
1423 1424 12 -9.3992 1.6625 -14.3283 -9.5090 1.6899 -14.4932 0.0753 0.2000 0.4314 0.3922 0.1961 22.0642 2.0000 
1424 1425 12 -9.5090 1.6899 -14.4932 -9.6329 1.7395 -14.6421 0.0753 0.2000 0.4314 0.3922 0.1961 22.2208 2.0000 
1425 1426 12 -9.6329 1.7395 -14.6421 -9.7715 1.7484 -14.7860 0.0753 0.2000 0.4314 0.3922 0.1961 22.3789 2.0000 
1426 1427 12 -9.7715 1.7484 -14.7860 -9.9103 1.7632 -14.9293 0.0753 0.2000 0.4314 0.3922 0.1961 22.5387 2.0000 
1427 1428 12 -9.9103 1.7632 -14.9293 -10.0544 1.7679 -15.0679 0.0753 0.2000 0.4314 0.3922 0.1961 22.7001 2.0000 
1428 1429 12 -10.0544 1.7679 -15.0679 -10.2016 1.7614 -15.2031 0.0753 0.2000 0.4314 0.3922 0.1961 22.8632 2.0000 
1429 1430 12 -10.2016 1.7614 -15.2031 -10.3506 1.7543 -15.3364 0.0753 0.2000 0.4314 0.3922 0.1961 23.0281 2.0000 
1430 1431 12 -10.3506 1.7543 -15.3364 -10.4999 1.7462 -15.4692 0.0753 0.2000 0.4314 0.3922 0.1961 23.1947 2.0000 
1431 1432 12 -10.4999 1.7462 -15.4692 -10.6650 1.7660 -15.5803 0.0753 0.2000 0.4314 0.3922 0.1961 23.3631 2.0000 
1432 1433 12 -10.6650 1.7660 -15.5803 -10.8357 1.7809 -15.6835 0.0753 0.2000 0.4314 0.3922 0.1961 23.5333 2.0000 
1433 1434 12 -10.8357 1.7809 -15.6835 -10.9800 1.8170 -15.8171 0.0753 0.2000 0.4314 0.3922 0.1961 23.7055 2.0000 
1434 1435 12 -10.9800 1.8170 -15.8171 -11.0877 1.8731 -15.9761 0.0753 0.2000 0.4314 0.3922 0.1961 23.8795 2.0000 
1435 1436 12 -11.0877 1.8731 -15.9761 -11.1949 1.9442 -16.1292 0.0753 0.2000 0.4314 0.3922 0.1961 24.0555 2.0000 
1436 1437 12 -11.1949 1.9442 -16.1292 -11.3384 1.9406 -16.2685 0.0753 0.2000 0.4314 0.3922 0.1961 24.2336 2.0000 
1437 1438 12 -11.3384 1.9406 -16.2685 -11.4794 1.9520 -16.4098 0.0753 0.2000 0.4314 0.3922 0.1961 24.4137 2.0000 
1438 1439 12 -11.4794 1.9520 -16.4098 -11.6070 1.9553 -16.5638 0.0753 0.2000 0.4314 0.3922 0.1961 24.5959 2.0000 
1439 1440 12 -11.6070 1.9553 -16.5638 -11.7233 1.9567 -16.7265 0.0753 0.2000 0.4314 0.3922 0.1961 24.7803 2.0000 
1440 1441 12 -11.7233 1.9567 -16.7265 -11.8386 1.9464 -16.8896 0.0753 0.2000 0.4314 0.3922 0.1961 24.9668 2.0000 
1441 1442 12 -11.8386 1.9464 -16.8896 -11.9663 1.8908 -17.0332 0.0753 0.2000 0.4314 0.3922 0.1961 25.1557 2.0000 
1442 1443 12 -11.9663 1.8908 -17.0332 -12.0799 1.9088 -17.1968 0.0753 0.2000 0.4314 0.3922 0.1961 25.3468 2.0000 
1443 1444 12 -12.0799 1.9088 -17.1968 -12.1771 1.9279 -17.3705 0.0753 0.2000 0.4314 0.3922 0.1961 25.5404 2.0000 
1444 1445 12 -12.1771 1.9279 -17.3705 -12.2731 1.9487 -17.5448 0.0753 0.2000 0.4314 0.3922 0.1961 25.7363 2.0000 
1445 1446 12 -12.2731 1.9487 -17.5448 -12.3815 1.9835 -17.7092 0.0753 0.2000 0.4314 0.3922 0.1961 25.9348 2.0000 
1446 1447 12 -12.3815 1.9835 -17.7092 -12.4935 2.0354 -17.8666 0.0753 0.2000 0.4314 0.3922 0.1961 26.1358 2.0000 
1447 1448 12 -12.4935 2.0354 -17.8666 -12.6306 2.0597 -18.0101 0.0753 0.2000 0.4314 0.3922 0.1961 26.3395 2.0000 
1448 1449 12 -12.6306 2.0597 -18.0101 -12.7605 2.1319 -18.1439 0.0753 0.2000 0.4314 0.3922 0.1961 26.5459 2.0000 
1449 1450 12 -12.7605 2.1319 -18.1439 -12.8856 2.2104 -18.2788 0.0753 0.2000 0.4314 0.3922 0.1961 26.7550 2.0000 
1450 1451 12 -12.8856 2.2104 -18.2788 -13.0318 2.2903 -18.3895 0.0753 0.2000 0.4314 0.3922 0.1961 26.9670 2.0000 
1451 1452 12 -13.0318 2.2903 -18.3895 -13.1782 2.3702 -18.4998 0.0753 0.2000 0.4314 0.3922 0.1961 27.1819 2.0000 
1452 1453 12 -13.1782 2.3702 -18.4998 -13.2997 2.4295 -18.6472 0.0753 0.2000 0.4314 0.3922 0.1961 27.3998 2.0000 
1453 1454 12 -13.2997 2.4295 -18.6472 -13.4171 2.4966 -18.7945 0.0753 0.2000 0.4314 0.3922 0.1961 27.6208 2.0000 
1454 1455 12 -13.4171 2.4966 -18.7945 -13.5078 2.5690 -18.9575 0.0753 0.2000 0.4314 0.3922 0.1961 27.8450 2.0000 
1455 1456 12 -13.5078 2.5690 -18.9575 -13.6144 2.6377 -19.1120 0.0753 0.2000 0.4314 0.3922 0.1961 28.0725 2.0000 
1456 1457 12 -13.6144 2.6377 -19.1120 -13.7122 2.7277 -19.2615 0.0753 0.2000 0.4314 0.3922 0.1961 28.3033 2.0000 
1457 1458 12 -13.7122 2.7277 -19.2615 -13.8121 2.8035 -19.4173 0.0753 0.2000 0.4314 0.3922 0.1961 28.5377 2.0000 
1458 1459 12 -13.8121 2.8035 -19.4173 -13.9187 2.8800 -19.5683 0.0753 0.2000 0.4314 0.3922 0.1961 28.7756 2.0000 
1459 1460 12 -13.9187 2.8800 -19.5683 -14.0096 2.9649 -19.7248 0.0753 0.2000 0.4314 0.3922 0.1961 29.0171 2.0000 
1460 1461 12 -14.0096 2.9649 -19.7248 -14.0759 3.0703 -19.8814 0.0753 0.2000 0.4314 0.3922 0.1961 29.2625 2.0000 
1461 1462 12 -14.0759 3.0703 -19.8814 -14.1522 3.1854 -20.0261 0.0753 0.2000 0.4314 0.3922 0.1961 29.5119 2.0000 
1462 1463 12 -14.1522 3.1854 -20.0261 -14.2184 3.3047 -20.1723 0.0753 0.2000 0.4314 0.3922 0.1961 29.7653 2.0000 
1463 1464 12 -14.2184 3.3047 -20.1723 -14.2582 3.4135 -20.3132 0.0753 0.1824 0.4314 0.3922 0.1961 30.0000 2.0000 
30 1465 13 -0.0020 0.2143 -7.6878 -0.0112 0.4069 -7.7408 0.0687 0.2000 0.4314 0.3922 0.1961 14.8916 2.0000 
1465 1466 13 -0.0112 0.4069 -7.7408 -0.0532 0.5965 -7.7889 0.0687 0.2000 0.4314 0.3922 0.1961 14.9880 2.0000 
1466 1467 13 -0.0532 0.5965 -7.7889 -0.1310 0.7675 -7.8574 0.0687 0.2000 0.4314 0.3922 0.1961 15.0851 2.0000 
1467 1468 13 -0.1310 0.7675 -7.8574 -0.2077 0.9424 -7.9169 0.0687 0.2000 0.4314 0.3922 0.1961 15.1828 2.0000 
1468 1469 13 -0.2077 0.9424 -7.9169 -0.2839 1.1163 -7.9797 0.0687 0.2000 0.4314 0.3922 0.1961 15.2812 2.0000 
1469 1470 13 -0.2839 1.1163 -7.9797 -0.3464 1.2889 -8.0590 0.0687 0.2000 0.4314 0.3922 0.1961 15.3803 2.0000 
1470 1471 13 -0.3464 1.2889 -8.0590 -0.3990 1.4363 -8.1836 0.0687 0.2000 0.4314 0.3922 0.1961 15.4801 2.0000 
1471 1472 13 -0.3990 1.4363 -8.1836 -0.4304 1.5397 -8.3519 0.0687 0.2000 0.4314 0.3922 0.1961 15.5807 2.0000 
1472 1473 13 -0.4304 1.5397 -8.3519 -0.4614 1.6539 -8.5132 0.0687 0.2000 0.4314 0.3922 0.1961 15.6819 2.0000 
1473 1474 13 -0.4614 1.6539 -8.5132 -0.4939 1.7680 -8.6742 0.0687 0.2000 0.4314 0.3922 0.1961 15.7839 2.0000 
1474 1475 13 -0.4939 1.7680 -8.6742 -0.5413 1.8948 -8.8213 0.0687 0.2000 0.4314 0.3922 0.1961 15.8866 2.0000 
1475 1476 13 -0.5413 1.8948 -8.8213 -0.6418 1.9826 -8.9703 0.0687 0.2000 0.4314 0.3922 0.1961 15.9900 2.0000 
1476 1477 13 -0.6418 1.9826 -8.9703 -0.7534 2.0694 -9.1118 0.0687 0.2000 0.4314 0.3922 0.1961 16.0942 2.0000 
1477 1478 13 -0.7534 2.0694 -9.1118 -0.8643 2.1536 -9.2554 0.0687 0.2000 0.4314 0.3922 0.1961 16.1992 2.0000 
1478 1479 13 -0.8643 2.1536 -9.2554 -0.9483 2.2445 -9.4124 0.0687 0.2000 0.4314 0.3922 0.1961 16.3050 2.0000 
1479 1480 13 -0.9483 2.2445 -9.4124 -1.0192 2.3362 -9.5754 0.0687 0.2000 0.4314 0.3922 0.1961 16.4116 2.0000 
1480 1481 13 -1.0192 2.3362 -9.5754 -1.0884 2.4145 -9.7460 0.0687 0.2000 0.4314 0.3922 0.1961 16.5190 2.0000 
1481 1482 13 -1.0884 2.4145 -9.7460 -1.1605 2.4706 -9.9239 0.0687 0.2000 0.4314 0.3922 0.1961 16.6272 2.0000 
1482 1483 13 -1.1605 2.4706 -9.9239 -1.2195 2.5355 -10.1036 0.0687 0.2000 0.4314 0.3922 0.1961 16.7363 2.0000 
1483 1484 13 -1.2195 2.5355 -10.1036 -1.2782 2.6017 -10.2830 0.0687 0.2000 0.4314 0.3922 0.1961 16.8462 2.0000 
1484 1485 13 -1.2782 2.6017 -10.2830 -1.3302 2.7290 -10.4282 0.0687 0.2000 0.4314 0.3922 0.1961 16.9570 2.0000 
1485 1486 13 -1.3302 2.7290 -10.4282 -1.3767 2.8488 -10.5815 0.0687 0.2000 0.4314 0.3922 0.1961 17.0686 2.0000 
1486 1487 13 -1.3767 2.8488 -10.5815 -1.3963 2.9569 -10.7486 0.0687 0.2000 0.4314 0.3922 0.1961 17.1811 2.0000 
1487 1488 13 -1.3963 2.9569 -10.7486 -1.4333 3.0403 -10.9266 0.0687 0.2000 0.4314 0.3922 0.1961 17.2946 2.0000 
1488 1489 13 -1.4333 3.0403 -10.9266 -1.4588 3.1328 -11.1020 0.0687 0.2000 0.4314 0.3922 0.1961 17.4089 2.0000 
1489 1490 13 -1.4588 3.1328 -11.1020 -1.4407 3.2163 -11.2829 0.0687 0.2000 0.4314 0.3922 0.1961 17.5242 2.0000 
1490 1491 13 -1.4407 3.2163 -11.2829 -1.4048 3.2837 -11.4677 0.0687 0.2000 0.4314 0.3922 0.1961 17.6405 2.0000 
1491 1492 13 -1.4048 3.2837 -11.4677 -1.4286 3.3466 -11.6561 0.0687 0.2000 0.4314 0.3922 0.1961 17.7577 2.0000 
1492 1493 13 -1.4286 3.3466 -11.6561 -1.4409 3.4004 -11.8483 0.0687 0.2000 0.4314 0.3922 0.1961 17.8758 2.0000 
1493 1494 13 -1.4409 3.4004 -11.8483 -1.4479 3.4495 -12.0420 0.0687 0.2000 0.4314 0.3922 0.1961 17.9950 2.0000 
1494 1495 13 -1.4479 3.4495 -12.0420 -1.4634 3.4897 -12.2374 0.0687 0.2000 0.4314 0.3922 0.1961 18.1152 2.0000 
1495 1496 13 -1.4634 3.4897 -12.2374 -1.4796 3.5316 -12.4322 0.0687 0.2000 0.4314 0.3922 0.1961 18.2365 2.0000 
1496 1497 13 -1.4796 3.5316 -12.4322 -1.4981 3.5779 -12.6259 0.0687 0.2000 0.4314 0.3922 0.1961 18.3587 2.0000 
1497 1498 13 -1.4981 3.5779 -12.6259 -1.5108 3.6231 -12.8203 0.0687 0.2000 0.4314 0.3922 0.1961 18.4821 2.0000 
1498 1499 13 -1.5108 3.6231 -12.8203 -1.5466 3.6680 -13.0119 0.0687 0.2000 0.4314 0.3922 0.1961 18.6065 2.0000 
1499 1500 13 -1.5466 3.6680 -13.0119 -1.5854 3.7103 -13.2035 0.0687 0.2000 0.4314 0.3922 0.1961 18.7321 2.0000 
1500 1501 13 -1.5854 3.7103 -13.2035 -1.5867 3.7493 -13.3996 0.0687 0.2000 0.4314 0.3922 0.1961 18.8587 2.0000 
1501 1502 13 -1.5867 3.7493 -13.3996 -1.5470 3.7847 -13.5925 0.0687 0.2000 0.4314 0.3922 0.1961 18.9866 2.0000 
1502 1503 13 -1.5470 3.7847 -13.5925 -1.5458 3.7936 -13.7923 0.0687 0.2000 0.4314 0.3922 0.1961 19.1156 2.0000 
1503 1504 13 -1.5458 3.7936 -13.7923 -1.5606 3.7361 -13.9832 0.0687 0.2000 0.4314 0.3922 0.1961 19.2457 2.0000 
1504 1505 13 -1.5606 3.7361 -13.9832 -1.5860 3.7116 -14.1801 0.0687 0.2000 0.4314 0.3922 0.1961 19.3771 2.0000 
1505 1506 13 -1.5860 3.7116 -14.1801 -1.6125 3.6879 -14.3769 0.0687 0.2000 0.4314 0.3922 0.1961 19.5097 2.0000 
1506 1507 13 -1.6125 3.6879 -14.3769 -1.5953 3.6371 -14.5696 0.0687 0.2000 0.4314 0.3922 0.1961 19.6436 2.0000 
1507 1508 13 -1.5953 3.6371 -14.5696 -1.5698 3.6185 -14.7671 0.0687 0.2000 0.4314 0.3922 0.1961 19.7788 2.0000 
1508 1509 13 -1.5698 3.6185 -14.7671 -1.6019 3.6515 -14.9617 0.0687 0.2000 0.4314 0.3922 0.1961 19.9152 2.0000 
1509 1510 13 -1.6019 3.6515 -14.9617 -1.6315 3.6760 -15.1580 0.0687 0.2000 0.4314 0.3922 0.1961 20.0530 2.0000 
1510 1511 13 -1.6315 3.6760 -15.1580 -1.6564 3.6887 -15.3560 0.0687 0.2000 0.4314 0.3922 0.1961 20.1922 2.0000 
1511 1512 13 -1.6564 3.6887 -15.3560 -1.6709 3.7486 -15.5463 0.0687 0.2000 0.4314 0.3922 0.1961 20.3328 2.0000 
1512 1513 13 -1.6709 3.7486 -15.5463 -1.6930 3.7654 -15.7444 0.0687 0.2000 0.4314 0.3922 0.1961 20.4747 2.0000 
1513 1514 13 -1.6930 3.7654 -15.7444 -1.7184 3.7810 -15.9421 0.0687 0.2000 0.4314 0.3922 0.1961 20.6181 2.0000 
1514 1515 13 -1.7184 3.7810 -15.9421 -1.7861 3.7909 -16.1301 0.0687 0.2000 0.4314 0.3922 0.1961 20.7630 2.0000 
1515 1516 13 -1.7861 3.7909 -16.1301 -1.8340 3.8303 -16.3202 0.0687 0.2000 0.4314 0.3922 0.1961 20.9094 2.0000 
1516 1517 13 -1.8340 3.8303 -16.3202 -1.8744 3.8739 -16.5112 0.0687 0.2000 0.4314 0.3922 0.1961 21.0573 2.0000 
1517 1518 13 -1.8744 3.8739 -16.5112 -1.9160 3.9169 -16.7020 0.0687 0.2000 0.4314 0.3922 0.1961 21.2067 2.0000 
1518 1519 13 -1.9160 3.9169 -16.7020 -1.9588 3.9336 -16.8966 0.0687 0.2000 0.4314 0.3922 0.1961 21.3578 2.0000 
1519 1520 13 -1.9588 3.9336 -16.8966 -1.9704 3.9466 -17.0959 0.0687 0.2000 0.4314 0.3922 0.1961 21.5105 2.0000 
1520 1521 13 -1.9704 3.9466 -17.0959 -2.0041 3.9423 -17.2930 0.0687 0.2000 0.4314 0.3922 0.1961 21.6649 2.0000 
1521 1522 13 -2.0041 3.9423 -17.2930 -2.0750 3.9823 -17.4757 0.0687 0.2000 0.4314 0.3922 0.1961 21.8210 2.0000 
1522 1523 13 -2.0750 3.9823 -17.4757 -2.1191 4.0166 -17.6677 0.0687 0.2000 0.4314 0.3922 0.1961 21.9788 2.0000 
1523 1524 13 -2.1191 4.0166 -17.6677 -2.0990 4.0197 -17.8667 0.0687 0.2000 0.4314 0.3922 0.1961 22.1384 2.0000 
1524 1525 13 -2.0990 4.0197 -17.8667 -2.0719 4.0305 -18.0645 0.0687 0.2000 0.4314 0.3922 0.1961 22.2999 2.0000 
1525 1526 13 -2.0719 4.0305 -18.0645 -2.0527 4.0640 -18.2608 0.0687 0.2000 0.4314 0.3922 0.1961 22.4632 2.0000 
1526 1527 13 -2.0527 4.0640 -18.2608 -2.0402 4.0888 -18.4588 0.0687 0.2000 0.4314 0.3922 0.1961 22.6284 2.0000 
1527 1528 13 -2.0402 4.0888 -18.4588 -2.0344 4.0933 -18.6587 0.0687 0.2000 0.4314 0.3922 0.1961 22.7956 2.0000 
1528 1529 13 -2.0344 4.0933 -18.6587 -2.0246 4.0950 -18.8585 0.0687 0.2000 0.4314 0.3922 0.1961 22.9648 2.0000 
1529 1530 13 -2.0246 4.0950 -18.8585 -2.0345 4.0916 -19.0582 0.0687 0.2000 0.4314 0.3922 0.1961 23.1360 2.0000 
1530 1531 13 -2.0345 4.0916 -19.0582 -2.0478 4.0874 -19.2577 0.0687 0.2000 0.4314 0.3922 0.1961 23.3093 2.0000 
1531 1532 13 -2.0478 4.0874 -19.2577 -2.0404 4.0983 -19.4573 0.0687 0.2000 0.4314 0.3922 0.1961 23.4848 2.0000 
1532 1533 13 -2.0404 4.0983 -19.4573 -2.0450 4.1713 -19.6434 0.0687 0.2000 0.4314 0.3922 0.1961 23.6625 2.0000 
1533 1534 13 -2.0450 4.1713 -19.6434 -2.0336 4.2454 -19.8288 0.0687 0.2000 0.4314 0.3922 0.1961 23.8425 2.0000 
1534 1535 13 -2.0336 4.2454 -19.8288 -1.9851 4.2859 -20.0186 0.0687 0.2000 0.4314 0.3922 0.1961 24.0248 2.0000 
1535 1536 13 -1.9851 4.2859 -20.0186 -1.9388 4.3266 -20.2088 0.0687 0.2000 0.4314 0.3922 0.1961 24.2094 2.0000 
1536 1537 13 -1.9388 4.3266 -20.2088 -1.8952 4.3792 -20.3968 0.0687 0.2000 0.4314 0.3922 0.1961 24.3966 2.0000 
1537 1538 13 -1.8952 4.3792 -20.3968 -1.8500 4.4589 -20.5746 0.0687 0.2000 0.4314 0.3922 0.1961 24.5862 2.0000 
1538 1539 13 -1.8500 4.4589 -20.5746 -1.8126 4.5356 -20.7555 0.0687 0.2000 0.4314 0.3922 0.1961 24.7784 2.0000 
1539 1540 13 -1.8126 4.5356 -20.7555 -1.7785 4.6015 -20.9412 0.0687 0.2000 0.4314 0.3922 0.1961 24.9733 2.0000 
1540 1541 13 -1.7785 4.6015 -20.9412 -1.7652 4.6234 -21.1396 0.0687 0.2000 0.4314 0.3922 0.1961 25.1709 2.0000 
1541 1542 13 -1.7652 4.6234 -21.1396 -1.7306 4.6523 -21.3344 0.0687 0.2000 0.4314 0.3922 0.1961 25.3713 2.0000 
1542 1543 13 -1.7306 4.6523 -21.3344 -1.7218 4.7162 -21.5237 0.0687 0.2000 0.4314 0.3922 0.1961 25.5746 2.0000 
1543 1544 13 -1.7218 4.7162 -21.5237 -1.7101 4.7744 -21.7147 0.0687 0.2000 0.4314 0.3922 0.1961 25.7808 2.0000 
1544 1545 13 -1.7101 4.7744 -21.7147 -1.7152 4.8472 -21.9009 0.0687 0.2000 0.4314 0.3922 0.1961 25.9902 2.0000 
1545 1546 13 -1.7152 4.8472 -21.9009 -1.7131 4.9282 -22.0838 0.0687 0.2000 0.4314 0.3922 0.1961 26.2026 2.0000 
1546 1547 13 -1.7131 4.9282 -22.0838 -1.7378 5.0284 -22.2551 0.0687 0.2000 0.4314 0.3922 0.1961 26.4184 2.0000 
1547 1548 13 -1.7378 5.0284 -22.2551 -1.7506 5.1332 -22.4250 0.0687 0.2000 0.4314 0.3922 0.1961 26.6374 2.0000 
1548 1549 13 -1.7506 5.1332 -22.4250 -1.7537 5.2290 -22.6005 0.0687 0.2000 0.4314 0.3922 0.1961 26.8599 2.0000 
1549 1550 13 -1.7537 5.2290 -22.6005 -1.7718 5.3560 -22.7540 0.0687 0.2000 0.4314 0.3922 0.1961 27.0860 2.0000 
1550 1551 13 -1.7718 5.3560 -22.7540 -1.7813 5.4949 -22.8975 0.0687 0.2000 0.4314 0.3922 0.1961 27.3158 2.0000 
1551 1552 13 -1.7813 5.4949 -22.8975 -1.8009 5.6151 -23.0561 0.0687 0.2000 0.4314 0.3922 0.1961 27.5494 2.0000 
1552 1553 13 -1.8009 5.6151 -23.0561 -1.7986 5.7239 -23.2239 0.0687 0.2000 0.4314 0.3922 0.1961 27.7869 2.0000 
1553 1554 13 -1.7986 5.7239 -23.2239 -1.8217 5.7758 -23.4157 0.0687 0.2000 0.4314 0.3922 0.1961 28.0284 2.0000 
1554 1555 13 -1.8217 5.7758 -23.4157 -1.8497 5.8228 -23.6081 0.0687 0.2000 0.4314 0.3922 0.1961 28.2742 2.0000 
1555 1556 13 -1.8497 5.8228 -23.6081 -1.8751 5.8712 -23.8005 0.0687 0.2000 0.4314 0.3922 0.1961 28.5243 2.0000 
1556 1557 13 -1.8751 5.8712 -23.8005 -1.8913 5.9018 -23.9974 0.0687 0.2000 0.4314 0.3922 0.1961 28.7789 2.0000 
1557 1558 13 -1.8913 5.9018 -23.9974 -1.9093 5.9304 -24.1946 0.0687 0.2000 0.4314 0.3922 0.1961 29.0382 2.0000 
1558 1559 13 -1.9093 5.9304 -24.1946 -1.9277 5.9548 -24.3922 0.0687 0.2000 0.4314 0.3922 0.1961 29.3024 2.0000 
1559 1560 13 -1.9277 5.9548 -24.3922 -1.9332 5.9608 -24.5921 0.0687 0.2000 0.4314 0.3922 0.1961 29.5716 2.0000 
1560 1561 13 -1.9332 5.9608 -24.5921 -1.9433 5.9804 -24.7908 0.0687 0.2000 0.4314 0.3922 0.1961 29.8460 2.0000 
1561 1562 13 -1.9433 5.9804 -24.7908 -1.9423 5.9882 -24.9011 0.0687 0.1105 0.4314 0.3922 0.1961 30.0000 2.0000 
32 1563 14 -0.0020 0.2488 -8.0650 0.0178 0.0694 -8.1513 0.0612 0.2000 0.4314 0.3922 0.1961 15.3369 2.0000 
1563 1564 14 0.0178 0.0694 -8.1513 0.0514 -0.1157 -8.2192 0.0612 0.2000 0.4314 0.3922 0.1961 15.4336 2.0000 
1564 1565 14 0.0514 -0.1157 -8.2192 0.0640 -0.3074 -8.2746 0.0612 0.2000 0.4314 0.3922 0.1961 15.5310 2.0000 
1565 1566 14 0.0640 -0.3074 -8.2746 0.0742 -0.5003 -8.3267 0.0612 0.2000 0.4314 0.3922 0.1961 15.6290 2.0000 
1566 1567 14 0.0742 -0.5003 -8.3267 0.0790 -0.6931 -8.3796 0.0612 0.2000 0.4314 0.3922 0.1961 15.7277 2.0000 
1567 1568 14 0.0790 -0.6931 -8.3796 0.0751 -0.8737 -8.4654 0.0612 0.2000 0.4314 0.3922 0.1961 15.8271 2.0000 
1568 1569 14 0.0751 -0.8737 -8.4654 0.0887 -1.0513 -8.5564 0.0612 0.2000 0.4314 0.3922 0.1961 15.9271 2.0000 
1569 1570 14 0.0887 -1.0513 -8.5564 0.1349 -1.2298 -8.6338 0.0612 0.2000 0.4314 0.3922 0.1961 16.0278 2.0000 
1570 1571 14 0.1349 -1.2298 -8.6338 0.1944 -1.4061 -8.7072 0.0612 0.2000 0.4314 0.3922 0.1961 16.1292 2.0000 
1571 1572 14 0.1944 -1.4061 -8.7072 0.2383 -1.5841 -8.7872 0.0612 0.2000 0.4314 0.3922 0.1961 16.2312 2.0000 
1572 1573 14 0.2383 -1.5841 -8.7872 0.2974 -1.7681 -8.8386 0.0612 0.2000 0.4314 0.3922 0.1961 16.3340 2.0000 
1573 1574 14 0.2974 -1.7681 -8.8386 0.3608 -1.8902 -8.9838 0.0612 0.2000 0.4314 0.3922 0.1961 16.4376 2.0000 
1574 1575 14 0.3608 -1.8902 -8.9838 0.3949 -2.0219 -9.1304 0.0612 0.2000 0.4314 0.3922 0.1961 16.5418 2.0000 
1575 1576 14 0.3949 -2.0219 -9.1304 0.4602 -2.1458 -9.2732 0.0612 0.2000 0.4314 0.3922 0.1961 16.6468 2.0000 
1576 1577 14 0.4602 -2.1458 -9.2732 0.4902 -2.2715 -9.4259 0.0612 0.2000 0.4314 0.3922 0.1961 16.7525 2.0000 
1577 1578 14 0.4902 -2.2715 -9.4259 0.5108 -2.4057 -9.5726 0.0612 0.2000 0.4314 0.3922 0.1961 16.8590 2.0000 
1578 1579 14 0.5108 -2.4057 -9.5726 0.5152 -2.5294 -9.7297 0.0612 0.2000 0.4314 0.3922 0.1961 16.9663 2.0000 
1579 1580 14 0.5152 -2.5294 -9.7297 0.5302 -2.6416 -9.8946 0.0612 0.2000 0.4314 0.3922 0.1961 17.0743 2.0000 
1580 1581 14 0.5302 -2.6416 -9.8946 0.5423 -2.7518 -10.0611 0.0612 0.2000 0.4314 0.3922 0.1961 17.1832 2.0000 
1581 1582 14 0.5423 -2.7518 -10.0611 0.5536 -2.8622 -10.2275 0.0612 0.2000 0.4314 0.3922 0.1961 17.2928 2.0000 
1582 1583 14 0.5536 -2.8622 -10.2275 0.5632 -2.9772 -10.3908 0.0612 0.2000 0.4314 0.3922 0.1961 17.4033 2.0000 
1583 1584 14 0.5632 -2.9772 -10.3908 0.5729 -3.0876 -10.5573 0.0612 0.2000 0.4314 0.3922 0.1961 17.5146 2.0000 
1584 1585 14 0.5729 -3.0876 -10.5573 0.5941 -3.1832 -10.7317 0.0612 0.2000 0.4314 0.3922 0.1961 17.6267 2.0000 
1585 1586 14 0.5941 -3.1832 -10.7317 0.6413 -3.2640 -10.9085 0.0612 0.2000 0.4314 0.3922 0.1961 17.7397 2.0000 
1586 1587 14 0.6413 -3.2640 -10.9085 0.6878 -3.3457 -11.0850 0.0612 0.2000 0.4314 0.3922 0.1961 17.8536 2.0000 
1587 1588 14 0.6878 -3.3457 -11.0850 0.7338 -3.4264 -11.2621 0.0612 0.2000 0.4314 0.3922 0.1961 17.9683 2.0000 
1588 1589 14 0.7338 -3.4264 -11.2621 0.7930 -3.5190 -11.4292 0.0612 0.2000 0.4314 0.3922 0.1961 18.0840 2.0000 
1589 1590 14 0.7930 -3.5190 -11.4292 0.8533 -3.5922 -11.6053 0.0612 0.2000 0.4314 0.3922 0.1961 18.2005 2.0000 
1590 1591 14 0.8533 -3.5922 -11.6053 0.9004 -3.6676 -11.7844 0.0612 0.2000 0.4314 0.3922 0.1961 18.3180 2.0000 
1591 1592 14 0.9004 -3.6676 -11.7844 0.9541 -3.7955 -11.9285 0.0612 0.2000 0.4314 0.3922 0.1961 18.4364 2.0000 
1592 1593 14 0.9541 -3.7955 -11.9285 0.9934 -3.9251 -12.0757 0.0612 0.2000 0.4314 0.3922 0.1961 18.5558 2.0000 
1593 1594 14 0.9934 -3.9251 -12.0757 1.0281 -4.0902 -12.1832 0.0612 0.2000 0.4314 0.3922 0.1961 18.6761 2.0000 
1594 1595 14 1.0281 -4.0902 -12.1832 1.0401 -4.2511 -12.3012 0.0612 0.2000 0.4314 0.3922 0.1961 18.7975 2.0000 
1595 1596 14 1.0401 -4.2511 -12.3012 1.0477 -4.4159 -12.4144 0.0612 0.2000 0.4314 0.3922 0.1961 18.9198 2.0000 
1596 1597 14 1.0477 -4.4159 -12.4144 1.0578 -4.5811 -12.5266 0.0612 0.2000 0.4314 0.3922 0.1961 19.0432 2.0000 
1597 1598 14 1.0578 -4.5811 -12.5266 1.0884 -4.7399 -12.6443 0.0612 0.2000 0.4314 0.3922 0.1961 19.1675 2.0000 
1598 1599 14 1.0884 -4.7399 -12.6443 1.1178 -4.8976 -12.7637 0.0612 0.2000 0.4314 0.3922 0.1961 19.2930 2.0000 
1599 1600 14 1.1178 -4.8976 -12.7637 1.1711 -5.0293 -12.9045 0.0612 0.2000 0.4314 0.3922 0.1961 19.4195 2.0000 
1600 1601 14 1.1711 -5.0293 -12.9045 1.2285 -5.1563 -13.0480 0.0612 0.2000 0.4314 0.3922 0.1961 19.5471 2.0000 
1601 1602 14 1.2285 -5.1563 -13.0480 1.3068 -5.2801 -13.1841 0.0612 0.2000 0.4314 0.3922 0.1961 19.6758 2.0000 
1602 1603 14 1.3068 -5.2801 -13.1841 1.3869 -5.4146 -13.3086 0.0612 0.2000 0.4314 0.3922 0.1961 19.8057 2.0000 
1603 1604 14 1.3869 -5.4146 -13.3086 1.4712 -5.5366 -13.4428 0.0612 0.2000 0.4314 0.3922 0.1961 19.9367 2.0000 
1604 1605 14 1.4712 -5.5366 -13.4428 1.5280 -5.6244 -13.6133 0.0612 0.2000 0.4314 0.3922 0.1961 20.0688 2.0000 
1605 1606 14 1.5280 -5.6244 -13.6133 1.5791 -5.7044 -13.7893 0.0612 0.2000 0.4314 0.3922 0.1961 20.2022 2.0000 
1606 1607 14 1.5791 -5.7044 -13.7893 1.6294 -5.7873 -13.9643 0.0612 0.2000 0.4314 0.3922 0.1961 20.3368 2.0000 
1607 1608 14 1.6294 -5.7873 -13.9643 1.6796 -5.8690 -14.1397 0.0612 0.2000 0.4314 0.3922 0.1961 20.4726 2.0000 
1608 1609 14 1.6796 -5.8690 -14.1397 1.7109 -5.9606 -14.3147 0.0612 0.2000 0.4314 0.3922 0.1961 20.6096 2.0000 
1609 1610 14 1.7109 -5.9606 -14.3147 1.7312 -6.0404 -14.4970 0.0612 0.2000 0.4314 0.3922 0.1961 20.7480 2.0000 
1610 1611 14 1.7312 -6.0404 -14.4970 1.7377 -6.1122 -14.6836 0.0612 0.2000 0.4314 0.3922 0.1961 20.8876 2.0000 
1611 1612 14 1.7377 -6.1122 -14.6836 1.7507 -6.1902 -14.8673 0.0612 0.2000 0.4314 0.3922 0.1961 21.0286 2.0000 
1612 1613 14 1.7507 -6.1902 -14.8673 1.7820 -6.2633 -15.0508 0.0612 0.2000 0.4314 0.3922 0.1961 21.1709 2.0000 
1613 1614 14 1.7820 -6.2633 -15.0508 1.8081 -6.3185 -15.2412 0.0612 0.2000 0.4314 0.3922 0.1961 21.3146 2.0000 
1614 1615 14 1.8081 -6.3185 -15.2412 1.8615 -6.3372 -15.4331 0.0612 0.2000 0.4314 0.3922 0.1961 21.4598 2.0000 
1615 1616 14 1.8615 -6.3372 -15.4331 1.9230 -6.3578 -15.6223 0.0612 0.2000 0.4314 0.3922 0.1961 21.6063 2.0000 
1616 1617 14 1.9230 -6.3578 -15.6223 1.9538 -6.3444 -15.8194 0.0612 0.2000 0.4314 0.3922 0.1961 21.7544 2.0000 
1617 1618 14 1.9538 -6.3444 -15.8194 2.0016 -6.3356 -16.0134 0.0612 0.2000 0.4314 0.3922 0.1961 21.9039 2.0000 
1618 1619 14 2.0016 -6.3356 -16.0134 2.0414 -6.3581 -16.2081 0.0612 0.2000 0.4314 0.3922 0.1961 22.0549 2.0000 
1619 1620 14 2.0414 -6.3581 -16.2081 2.0557 -6.3571 -16.4076 0.0612 0.2000 0.4314 0.3922 0.1961 22.2075 2.0000 
1620 1621 14 2.0557 -6.3571 -16.4076 2.0696 -6.3549 -16.6071 0.0612 0.2000 0.4314 0.3922 0.1961 22.3617 2.0000 
1621 1622 14 2.0696 -6.3549 -16.6071 2.0918 -6.2782 -16.7905 0.0612 0.2000 0.4314 0.3922 0.1961 22.5175 2.0000 
1622 1623 14 2.0918 -6.2782 -16.7905 2.1278 -6.1972 -16.9698 0.0612 0.2000 0.4314 0.3922 0.1961 22.6750 2.0000 
1623 1624 14 2.1278 -6.1972 -16.9698 2.1479 -6.1570 -17.1647 0.0612 0.2000 0.4314 0.3922 0.1961 22.8342 2.0000 
1624 1625 14 2.1479 -6.1570 -17.1647 2.1850 -6.1087 -17.3552 0.0612 0.2000 0.4314 0.3922 0.1961 22.9951 2.0000 
1625 1626 14 2.1850 -6.1087 -17.3552 2.1764 -6.0415 -17.5434 0.0612 0.2000 0.4314 0.3922 0.1961 23.1577 2.0000 
1626 1627 14 2.1764 -6.0415 -17.5434 2.1637 -5.9727 -17.7307 0.0612 0.2000 0.4314 0.3922 0.1961 23.3222 2.0000 
1627 1628 14 2.1637 -5.9727 -17.7307 2.1513 -5.9040 -17.9182 0.0612 0.2000 0.4314 0.3922 0.1961 23.4885 2.0000 
1628 1629 14 2.1513 -5.9040 -17.9182 2.1722 -5.8105 -18.0937 0.0612 0.2000 0.4314 0.3922 0.1961 23.6568 2.0000 
1629 1630 14 2.1722 -5.8105 -18.0937 2.1776 -5.7212 -18.2726 0.0612 0.2000 0.4314 0.3922 0.1961 23.8269 2.0000 
1630 1631 14 2.1776 -5.7212 -18.2726 2.1687 -5.6351 -18.4529 0.0612 0.2000 0.4314 0.3922 0.1961 23.9990 2.0000 
1631 1632 14 2.1687 -5.6351 -18.4529 2.1517 -5.5237 -18.6181 0.0612 0.2000 0.4314 0.3922 0.1961 24.1732 2.0000 
1632 1633 14 2.1517 -5.5237 -18.6181 2.1239 -5.3895 -18.7637 0.0612 0.2000 0.4314 0.3922 0.1961 24.3494 2.0000 
1633 1634 14 2.1239 -5.3895 -18.7637 2.0961 -5.2540 -18.9082 0.0612 0.2000 0.4314 0.3922 0.1961 24.5277 2.0000 
1634 1635 14 2.0961 -5.2540 -18.9082 2.0732 -5.1175 -19.0526 0.0612 0.2000 0.4314 0.3922 0.1961 24.7083 2.0000 
1635 1636 14 2.0732 -5.1175 -19.0526 2.0585 -4.9831 -19.1999 0.0612 0.2000 0.4314 0.3922 0.1961 24.8910 2.0000 
1636 1637 14 2.0585 -4.9831 -19.1999 2.0457 -4.8481 -19.3470 0.0612 0.2000 0.4314 0.3922 0.1961 25.0760 2.0000 
1637 1638 14 2.0457 -4.8481 -19.3470 2.0539 -4.6949 -19.4753 0.0612 0.2000 0.4314 0.3922 0.1961 25.2634 2.0000 
1638 1639 14 2.0539 -4.6949 -19.4753 2.1058 -4.5698 -19.6224 0.0612 0.2000 0.4314 0.3922 0.1961 25.4532 2.0000 
1639 1640 14 2.1058 -4.5698 -19.6224 2.1612 -4.4391 -19.7633 0.0612 0.2000 0.4314 0.3922 0.1961 25.6454 2.0000 
1640 1641 14 2.1612 -4.4391 -19.7633 2.2259 -4.3035 -19.8954 0.0612 0.2000 0.4314 0.3922 0.1961 25.8402 2.0000 
1641 1642 14 2.2259 -4.3035 -19.8954 2.2800 -4.1719 -20.0359 0.0612 0.2000 0.4314 0.3922 0.1961 26.0376 2.0000 
1642 1643 14 2.2800 -4.1719 -20.0359 2.3079 -4.0481 -20.1905 0.0612 0.2000 0.4314 0.3922 0.1961 26.2376 2.0000 
1643 1644 14 2.3079 -4.0481 -20.1905 2.3432 -3.9322 -20.3496 0.0612 0.2000 0.4314 0.3922 0.1961 26.4404 2.0000 
1644 1645 14 2.3432 -3.9322 -20.3496 2.4038 -3.8674 -20.5289 0.0612 0.2000 0.4314 0.3922 0.1961 26.6460 2.0000 
1645 1646 14 2.4038 -3.8674 -20.5289 2.4312 -3.7934 -20.7126 0.0612 0.2000 0.4314 0.3922 0.1961 26.8545 2.0000 
1646 1647 14 2.4312 -3.7934 -20.7126 2.4564 -3.7158 -20.8952 0.0612 0.2000 0.4314 0.3922 0.1961 27.0660 2.0000 
1647 1648 14 2.4564 -3.7158 -20.8952 2.5138 -3.6706 -21.0814 0.0612 0.2000 0.4314 0.3922 0.1961 27.2805 2.0000 
1648 1649 14 2.5138 -3.6706 -21.0814 2.5783 -3.6129 -21.2617 0.0612 0.2000 0.4314 0.3922 0.1961 27.4982 2.0000 
1649 1650 14 2.5783 -3.6129 -21.2617 2.6576 -3.5763 -21.4416 0.0612 0.2000 0.4314 0.3922 0.1961 27.7191 2.0000 
1650 1651 14 2.6576 -3.5763 -21.4416 2.7356 -3.5396 -21.6221 0.0612 0.2000 0.4314 0.3922 0.1961 27.9434 2.0000 
1651 1652 14 2.7356 -3.5396 -21.6221 2.8796 -3.5176 -21.7591 0.0612 0.2000 0.4314 0.3922 0.1961 28.1712 2.0000 
1652 1653 14 2.8796 -3.5176 -21.7591 3.0207 -3.4958 -21.8992 0.0612 0.2000 0.4314 0.3922 0.1961 28.4025 2.0000 
1653 1654 14 3.0207 -3.4958 -21.8992 3.1659 -3.4599 -22.0320 0.0612 0.2000 0.4314 0.3922 0.1961 28.6374 2.0000 
1654 1655 14 3.1659 -3.4599 -22.0320 3.3487 -3.4111 -22.0967 0.0612 0.2000 0.4314 0.3922 0.1961 28.8762 2.0000 
1655 1656 14 3.3487 -3.4111 -22.0967 3.5323 -3.3749 -22.1672 0.0612 0.2000 0.4314 0.3922 0.1961 29.1189 2.0000 
1656 1657 14 3.5323 -3.3749 -22.1672 3.7154 -3.3756 -22.2477 0.0612 0.2000 0.4314 0.3922 0.1961 29.3656 2.0000 
1657 1658 14 3.7154 -3.3756 -22.2477 3.9011 -3.3585 -22.3199 0.0612 0.2000 0.4314 0.3922 0.1961 29.6165 2.0000 
1658 1659 14 3.9011 -3.3585 -22.3199 4.0656 -3.3218 -22.4277 0.0612 0.2000 0.4314 0.3922 0.1961 29.8717 2.0000 
1659 1660 14 4.0656 -3.3218 -22.4277 4.1486 -3.2987 -22.4769 0.0612 0.0992 0.4314 0.3922 0.1961 30.0000 2.0000 
34 1661 15 0.0290 0.2720 -8.4227 0.1764 0.1424 -8.4610 0.0722 0.2000 0.4314 0.3922 0.1961 15.7630 2.0000 
1661 1662 15 0.1764 0.1424 -8.4610 0.3184 0.0036 -8.4842 0.0722 0.2000 0.4314 0.3922 0.1961 15.8571 2.0000 
1662 1663 15 0.3184 0.0036 -8.4842 0.4466 -0.1406 -8.5372 0.0722 0.2000 0.4314 0.3922 0.1961 15.9518 2.0000 
1663 1664 15 0.4466 -0.1406 -8.5372 0.5813 -0.2550 -8.6307 0.0722 0.2000 0.4314 0.3922 0.1961 16.0473 2.0000 
1664 1665 15 0.5813 -0.2550 -8.6307 0.7036 -0.3761 -8.7326 0.0722 0.2000 0.4314 0.3922 0.1961 16.1434 2.0000 
1665 1666 15 0.7036 -0.3761 -8.7326 0.8210 -0.4963 -8.8411 0.0722 0.2000 0.4314 0.3922 0.1961 16.2402 2.0000 
1666 1667 15 0.8210 -0.4963 -8.8411 0.9677 -0.5942 -8.9354 0.0722 0.2000 0.4314 0.3922 0.1961 16.3377 2.0000 
1667 1668 15 0.9677 -0.5942 -8.9354 1.1121 -0.6813 -9.0430 0.0722 0.2000 0.4314 0.3922 0.1961 16.4360 2.0000 
1668 1669 15 1.1121 -0.6813 -9.0430 1.2368 -0.7778 -9.1660 0.0722 0.2000 0.4314 0.3922 0.1961 16.5349 2.0000 
1669 1670 15 1.2368 -0.7778 -9.1660 1.3425 -0.8778 -9.3032 0.0722 0.2000 0.4314 0.3922 0.1961 16.6346 2.0000 
1670 1671 15 1.3425 -0.8778 -9.3032 1.4485 -0.9771 -9.4407 0.0722 0.2000 0.4314 0.3922 0.1961 16.7351 2.0000 
1671 1672 15 1.4485 -0.9771 -9.4407 1.5206 -1.0769 -9.5983 0.0722 0.2000 0.4314 0.3922 0.1961 16.8363 2.0000 
1672 1673 15 1.5206 -1.0769 -9.5983 1.6013 -1.1751 -9.7527 0.0722 0.2000 0.4314 0.3922 0.1961 16.9384 2.0000 
1673 1674 15 1.6013 -1.1751 -9.7527 1.6803 -1.2397 -9.9247 0.0722 0.2000 0.4314 0.3922 0.1961 17.0411 2.0000 
1674 1675 15 1.6803 -1.2397 -9.9247 1.7563 -1.3088 -10.0964 0.0722 0.2000 0.4314 0.3922 0.1961 17.1447 2.0000 
1675 1676 15 1.7563 -1.3088 -10.0964 1.8271 -1.3759 -10.2710 0.0722 0.2000 0.4314 0.3922 0.1961 17.2491 2.0000 
1676 1677 15 1.8271 -1.3759 -10.2710 1.8807 -1.4294 -10.4561 0.0722 0.2000 0.4314 0.3922 0.1961 17.3544 2.0000 
1677 1678 15 1.8807 -1.4294 -10.4561 1.9191 -1.4529 -10.6509 0.0722 0.2000 0.4314 0.3922 0.1961 17.4604 2.0000 
1678 1679 15 1.9191 -1.4529 -10.6509 1.9599 -1.4816 -10.8446 0.0722 0.2000 0.4314 0.3922 0.1961 17.5674 2.0000 
1679 1680 15 1.9599 -1.4816 -10.8446 2.0304 -1.5138 -11.0290 0.0722 0.2000 0.4314 0.3922 0.1961 17.6752 2.0000 
1680 1681 15 2.0304 -1.5138 -11.0290 2.0926 -1.5679 -11.2112 0.0722 0.2000 0.4314 0.3922 0.1961 17.7838 2.0000 
1681 1682 15 2.0926 -1.5679 -11.2112 2.1701 -1.6207 -11.3879 0.0722 0.2000 0.4314 0.3922 0.1961 17.8934 2.0000 
1682 1683 15 2.1701 -1.6207 -11.3879 2.2409 -1.6726 -11.5676 0.0722 0.2000 0.4314 0.3922 0.1961 18.0038 2.0000 
1683 1684 15 2.2409 -1.6726 -11.5676 2.3262 -1.7339 -11.7377 0.0722 0.2000 0.4314 0.3922 0.1961 18.1152 2.0000 
1684 1685 15 2.3262 -1.7339 -11.7377 2.4299 -1.7650 -11.9059 0.0722 0.2000 0.4314 0.3922 0.1961 18.2276 2.0000 
1685 1686 15 2.4299 -1.7650 -11.9059 2.5356 -1.8124 -12.0689 0.0722 0.2000 0.4314 0.3922 0.1961 18.3409 2.0000 
1686 1687 15 2.5356 -1.8124 -12.0689 2.6450 -1.8742 -12.2245 0.0722 0.2000 0.4314 0.3922 0.1961 18.4551 2.0000 
1687 1688 15 2.6450 -1.8742 -12.2245 2.7557 -1.9377 -12.3785 0.0722 0.2000 0.4314 0.3922 0.1961 18.5704 2.0000 
1688 1689 15 2.7557 -1.9377 -12.3785 2.8334 -1.9839 -12.5569 0.0722 0.2000 0.4314 0.3922 0.1961 18.6866 2.0000 
1689 1690 15 2.8334 -1.9839 -12.5569 2.9119 -2.0285 -12.7354 0.0722 0.2000 0.4314 0.3922 0.1961 18.8039 2.0000 
1690 1691 15 2.9119 -2.0285 -12.7354 2.9854 -2.0516 -12.9200 0.0722 0.2000 0.4314 0.3922 0.1961 18.9222 2.0000 
1691 1692 15 2.9854 -2.0516 -12.9200 3.0660 -2.0585 -13.1029 0.0722 0.2000 0.4314 0.3922 0.1961 19.0416 2.0000 
1692 1693 15 3.0660 -2.0585 -13.1029 3.1283 -2.0657 -13.2928 0.0722 0.2000 0.4314 0.3922 0.1961 19.1621 2.0000 
1693 1694 15 3.1283 -2.0657 -13.2928 3.1896 -2.0704 -13.4831 0.0722 0.2000 0.4314 0.3922 0.1961 19.2837 2.0000 
1694 1695 15 3.1896 -2.0704 -13.4831 3.2553 -2.0764 -13.6719 0.0722 0.2000 0.4314 0.3922 0.1961 19.4063 2.0000 
1695 1696 15 3.2553 -2.0764 -13.6719 3.2955 -2.0585 -13.8670 0.0722 0.2000 0.4314 0.3922 0.1961 19.5302 2.0000 
1696 1697 15 3.2955 -2.0585 -13.8670 3.3267 -2.0457 -14.0641 0.0722 0.2000 0.4314 0.3922 0.1961 19.6551 2.0000 
1697 1698 15 3.3267 -2.0457 -14.0641 3.3383 -2.0461 -14.2638 0.0722 0.2000 0.4314 0.3922 0.1961 19.7813 2.0000 
1698 1699 15 3.3383 -2.0461 -14.2638 3.3507 -2.0408 -14.4633 0.0722 0.2000 0.4314 0.3922 0.1961 19.9087 2.0000 
1699 1700 15 3.3507 -2.0408 -14.4633 3.3686 -2.0486 -14.6624 0.0722 0.2000 0.4314 0.3922 0.1961 20.0373 2.0000 
1700 1701 15 3.3686 -2.0486 -14.6624 3.3506 -2.0389 -14.8614 0.0722 0.2000 0.4314 0.3922 0.1961 20.1672 2.0000 
1701 1702 15 3.3506 -2.0389 -14.8614 3.3832 -2.0285 -15.0584 0.0722 0.2000 0.4314 0.3922 0.1961 20.2983 2.0000 
1702 1703 15 3.3832 -2.0285 -15.0584 3.3814 -2.0334 -15.2583 0.0722 0.2000 0.4314 0.3922 0.1961 20.4308 2.0000 
1703 1704 15 3.3814 -2.0334 -15.2583 3.3766 -2.0422 -15.4581 0.0722 0.2000 0.4314 0.3922 0.1961 20.5645 2.0000 
1704 1705 15 3.3766 -2.0422 -15.4581 3.3654 -2.0438 -15.6578 0.0722 0.2000 0.4314 0.3922 0.1961 20.6997 2.0000 
1705 1706 15 3.3654 -2.0438 -15.6578 3.3546 -2.0481 -15.8574 0.0722 0.2000 0.4314 0.3922 0.1961 20.8362 2.0000 
1706 1707 15 3.3546 -2.0481 -15.8574 3.3517 -2.0346 -16.0569 0.0722 0.2000 0.4314 0.3922 0.1961 20.9741 2.0000 
1707 1708 15 3.3517 -2.0346 -16.0569 3.3496 -2.0220 -16.2565 0.0722 0.2000 0.4314 0.3922 0.1961 21.1135 2.0000 
1708 1709 15 3.3496 -2.0220 -16.2565 3.3574 -2.0333 -16.4561 0.0722 0.2000 0.4314 0.3922 0.1961 21.2544 2.0000 
1709 1710 15 3.3574 -2.0333 -16.4561 3.3867 -2.0607 -16.6520 0.0722 0.2000 0.4314 0.3922 0.1961 21.3967 2.0000 
1710 1711 15 3.3867 -2.0607 -16.6520 3.3899 -2.0653 -16.8519 0.0722 0.2000 0.4314 0.3922 0.1961 21.5406 2.0000 
1711 1712 15 3.3899 -2.0653 -16.8519 3.3902 -2.0698 -17.0519 0.0722 0.2000 0.4314 0.3922 0.1961 21.6861 2.0000 
1712 1713 15 3.3902 -2.0698 -17.0519 3.3940 -2.0906 -17.2508 0.0722 0.2000 0.4314 0.3922 0.1961 21.8332 2.0000 
1713 1714 15 3.3940 -2.0906 -17.2508 3.3779 -2.1116 -17.4490 0.0722 0.2000 0.4314 0.3922 0.1961 21.9819 2.0000 
1714 1715 15 3.3779 -2.1116 -17.4490 3.3715 -2.0990 -17.6485 0.0722 0.2000 0.4314 0.3922 0.1961 22.1323 2.0000 
1715 1716 15 3.3715 -2.0990 -17.6485 3.3697 -2.0853 -17.8480 0.0722 0.2000 0.4314 0.3922 0.1961 22.2844 2.0000 
1716 1717 15 3.3697 -2.0853 -17.8480 3.3735 -2.0776 -18.0478 0.0722 0.2000 0.4314 0.3922 0.1961 22.4383 2.0000 
1717 1718 15 3.3735 -2.0776 -18.0478 3.3684 -2.1012 -18.2464 0.0722 0.2000 0.4314 0.3922 0.1961 22.5940 2.0000 
1718 1719 15 3.3684 -2.1012 -18.2464 3.3933 -2.0821 -18.4439 0.0722 0.2000 0.4314 0.3922 0.1961 22.7515 2.0000 
1719 1720 15 3.3933 -2.0821 -18.4439 3.3949 -2.0654 -18.6432 0.0722 0.2000 0.4314 0.3922 0.1961 22.9109 2.0000 
1720 1721 15 3.3949 -2.0654 -18.6432 3.3797 -2.0808 -18.8420 0.0722 0.2000 0.4314 0.3922 0.1961 23.0722 2.0000 
1721 1722 15 3.3797 -2.0808 -18.8420 3.3876 -2.0915 -19.0416 0.0722 0.2000 0.4314 0.3922 0.1961 23.2356 2.0000 
1722 1723 15 3.3876 -2.0915 -19.0416 3.3908 -2.1104 -19.2407 0.0722 0.2000 0.4314 0.3922 0.1961 23.4009 2.0000 
1723 1724 15 3.3908 -2.1104 -19.2407 3.3878 -2.1203 -19.4404 0.0722 0.2000 0.4314 0.3922 0.1961 23.5683 2.0000 
1724 1725 15 3.3878 -2.1203 -19.4404 3.3762 -2.1088 -19.6397 0.0722 0.2000 0.4314 0.3922 0.1961 23.7379 2.0000 
1725 1726 15 3.3762 -2.1088 -19.6397 3.3379 -2.1016 -19.8359 0.0722 0.2000 0.4314 0.3922 0.1961 23.9096 2.0000 
1726 1727 15 3.3379 -2.1016 -19.8359 3.3158 -2.0854 -20.0340 0.0722 0.2000 0.4314 0.3922 0.1961 24.0836 2.0000 
1727 1728 15 3.3158 -2.0854 -20.0340 3.3063 -2.0491 -20.2305 0.0722 0.2000 0.4314 0.3922 0.1961 24.2599 2.0000 
1728 1729 15 3.3063 -2.0491 -20.2305 3.2991 -2.0108 -20.4266 0.0722 0.2000 0.4314 0.3922 0.1961 24.4385 2.0000 
1729 1730 15 3.2991 -2.0108 -20.4266 3.2908 -1.9515 -20.6174 0.0722 0.2000 0.4314 0.3922 0.1961 24.6196 2.0000 
1730 1731 15 3.2908 -1.9515 -20.6174 3.3044 -1.9248 -20.8152 0.0722 0.2000 0.4314 0.3922 0.1961 24.8032 2.0000 
1731 1732 15 3.3044 -1.9248 -20.8152 3.3312 -1.9215 -21.0133 0.0722 0.2000 0.4314 0.3922 0.1961 24.9894 2.0000 
1732 1733 15 3.3312 -1.9215 -21.0133 3.3538 -1.9179 -21.2120 0.0722 0.2000 0.4314 0.3922 0.1961 25.1781 2.0000 
1733 1734 15 3.3538 -1.9179 -21.2120 3.3566 -1.9056 -21.4116 0.0722 0.2000 0.4314 0.3922 0.1961 25.3696 2.0000 
1734 1735 15 3.3566 -1.9056 -21.4116 3.3561 -1.8957 -21.6114 0.0722 0.2000 0.4314 0.3922 0.1961 25.5639 2.0000 
1735 1736 15 3.3561 -1.8957 -21.6114 3.3540 -1.8931 -21.8114 0.0722 0.2000 0.4314 0.3922 0.1961 25.7611 2.0000 
1736 1737 15 3.3540 -1.8931 -21.8114 3.3640 -1.9001 -22.0110 0.0722 0.2000 0.4314 0.3922 0.1961 25.9613 2.0000 
1737 1738 15 3.3640 -1.9001 -22.0110 3.3502 -1.9079 -22.2104 0.0722 0.2000 0.4314 0.3922 0.1961 26.1644 2.0000 
1738 1739 15 3.3502 -1.9079 -22.2104 3.3067 -1.9108 -22.4055 0.0722 0.2000 0.4314 0.3922 0.1961 26.3708 2.0000 
1739 1740 15 3.3067 -1.9108 -22.4055 3.2390 -1.9153 -22.5937 0.0722 0.2000 0.4314 0.3922 0.1961 26.5804 2.0000 
1740 1741 15 3.2390 -1.9153 -22.5937 3.1736 -1.9534 -22.7788 0.0722 0.2000 0.4314 0.3922 0.1961 26.7933 2.0000 
1741 1742 15 3.1736 -1.9534 -22.7788 3.1307 -1.9766 -22.9728 0.0722 0.2000 0.4314 0.3922 0.1961 27.0097 2.0000 
1742 1743 15 3.1307 -1.9766 -22.9728 3.1025 -2.0009 -23.1693 0.0722 0.2000 0.4314 0.3922 0.1961 27.2297 2.0000 
1743 1744 15 3.1025 -2.0009 -23.1693 3.0756 -2.0279 -23.3656 0.0722 0.2000 0.4314 0.3922 0.1961 27.4534 2.0000 
1744 1745 15 3.0756 -2.0279 -23.3656 3.0560 -2.0310 -23.5646 0.0722 0.2000 0.4314 0.3922 0.1961 27.6809 2.0000 
1745 1746 15 3.0560 -2.0310 -23.5646 3.0474 -1.9998 -23.7620 0.0722 0.2000 0.4314 0.3922 0.1961 27.9123 2.0000 
1746 1747 15 3.0474 -1.9998 -23.7620 3.0426 -1.9739 -23.9603 0.0722 0.2000 0.4314 0.3922 0.1961 28.1479 2.0000 
1747 1748 15 3.0426 -1.9739 -23.9603 3.0216 -1.9551 -24.1583 0.0722 0.2000 0.4314 0.3922 0.1961 28.3877 2.0000 
1748 1749 15 3.0216 -1.9551 -24.1583 3.0222 -1.9210 -24.3553 0.0722 0.2000 0.4314 0.3922 0.1961 28.6318 2.0000 
1749 1750 15 3.0222 -1.9210 -24.3553 3.0123 -1.8819 -24.5512 0.0722 0.2000 0.4314 0.3922 0.1961 28.8806 2.0000 
1750 1751 15 3.0123 -1.8819 -24.5512 3.0004 -1.8529 -24.7488 0.0722 0.2000 0.4314 0.3922 0.1961 29.1341 2.0000 
1751 1752 15 3.0004 -1.8529 -24.7488 3.0314 -1.8214 -24.9438 0.0722 0.2000 0.4314 0.3922 0.1961 29.3925 2.0000 
1752 1753 15 3.0314 -1.8214 -24.9438 3.0195 -1.7767 -25.1384 0.0722 0.2000 0.4314 0.3922 0.1961 29.6560 2.0000 
1753 1754 15 3.0195 -1.7767 -25.1384 3.0343 -1.7703 -25.3378 0.0722 0.2000 0.4314 0.3922 0.1961 29.9248 2.0000 
1754 1755 15 3.0343 -1.7703 -25.3378 3.0373 -1.7654 -25.3927 0.0722 0.0552 0.4314 0.3922 0.1961 30.0000 2.0000 
36 1756 16 0.0773 0.2471 -8.8035 0.0713 0.4161 -8.9102 0.0615 0.2000 0.4314 0.3922 0.1961 16.2393 2.0000 
1756 1757 16 0.0713 0.4161 -8.9102 0.0642 0.5849 -9.0173 0.0615 0.2000 0.4314 0.3922 0.1961 16.3490 2.0000 
1757 1758 16 0.0642 0.5849 -9.0173 0.0546 0.7603 -9.1130 0.0615 0.2000 0.4314 0.3922 0.1961 16.4595 2.0000 
1758 1759 16 0.0546 0.7603 -9.1130 0.0513 0.9153 -9.2393 0.0615 0.2000 0.4314 0.3922 0.1961 16.5708 2.0000 
1759 1760 16 0.0513 0.9153 -9.2393 0.0639 1.0671 -9.3690 0.0615 0.2000 0.4314 0.3922 0.1961 16.6828 2.0000 
1760 1761 16 0.0639 1.0671 -9.3690 0.0950 1.1979 -9.5170 0.0615 0.2000 0.4314 0.3922 0.1961 16.7956 2.0000 
1761 1762 16 0.0950 1.1979 -9.5170 0.1324 1.3333 -9.6594 0.0615 0.2000 0.4314 0.3922 0.1961 16.9093 2.0000 
1762 1763 16 0.1324 1.3333 -9.6594 0.1842 1.4667 -9.7991 0.0615 0.2000 0.4314 0.3922 0.1961 17.0237 2.0000 
1763 1764 16 0.1842 1.4667 -9.7991 0.2395 1.5950 -9.9422 0.0615 0.2000 0.4314 0.3922 0.1961 17.1390 2.0000 
1764 1765 16 0.2395 1.5950 -9.9422 0.2790 1.7473 -10.0657 0.0615 0.2000 0.4314 0.3922 0.1961 17.2550 2.0000 
1765 1766 16 0.2790 1.7473 -10.0657 0.3176 1.8865 -10.2041 0.0615 0.2000 0.4314 0.3922 0.1961 17.3720 2.0000 
1766 1767 16 0.3176 1.8865 -10.2041 0.3627 1.9990 -10.3631 0.0615 0.2000 0.4314 0.3922 0.1961 17.4898 2.0000 
1767 1768 16 0.3627 1.9990 -10.3631 0.4294 2.1066 -10.5179 0.0615 0.2000 0.4314 0.3922 0.1961 17.6084 2.0000 
1768 1769 16 0.4294 2.1066 -10.5179 0.4699 2.2253 -10.6737 0.0615 0.2000 0.4314 0.3922 0.1961 17.7280 2.0000 
1769 1770 16 0.4699 2.2253 -10.6737 0.5185 2.3243 -10.8406 0.0615 0.2000 0.4314 0.3922 0.1961 17.8484 2.0000 
1770 1771 16 0.5185 2.3243 -10.8406 0.5626 2.4213 -11.0098 0.0615 0.2000 0.4314 0.3922 0.1961 17.9698 2.0000 
1771 1772 16 0.5626 2.4213 -11.0098 0.5937 2.4998 -11.1911 0.0615 0.2000 0.4314 0.3922 0.1961 18.0921 2.0000 
1772 1773 16 0.5937 2.4998 -11.1911 0.6267 2.5772 -11.3726 0.0615 0.2000 0.4314 0.3922 0.1961 18.2153 2.0000 
1773 1774 16 0.6267 2.5772 -11.3726 0.6661 2.6789 -11.5402 0.0615 0.2000 0.4314 0.3922 0.1961 18.3394 2.0000 
1774 1775 16 0.6661 2.6789 -11.5402 0.7062 2.7797 -11.7083 0.0615 0.2000 0.4314 0.3922 0.1961 18.4646 2.0000 
1775 1776 16 0.7062 2.7797 -11.7083 0.7471 2.8402 -11.8944 0.0615 0.2000 0.4314 0.3922 0.1961 18.5907 2.0000 
1776 1777 16 0.7471 2.8402 -11.8944 0.7500 2.9490 -12.0622 0.0615 0.2000 0.4314 0.3922 0.1961 18.7178 2.0000 
1777 1778 16 0.7500 2.9490 -12.0622 0.7498 3.0495 -12.2351 0.0615 0.2000 0.4314 0.3922 0.1961 18.8459 2.0000 
1778 1779 16 0.7498 3.0495 -12.2351 0.7398 3.1386 -12.4139 0.0615 0.2000 0.4314 0.3922 0.1961 18.9751 2.0000 
1779 1780 16 0.7398 3.1386 -12.4139 0.6995 3.2336 -12.5852 0.0615 0.2000 0.4314 0.3922 0.1961 19.1053 2.0000 
1780 1781 16 0.6995 3.2336 -12.5852 0.6892 3.3359 -12.7568 0.0615 0.2000 0.4314 0.3922 0.1961 19.2366 2.0000 
1781 1782 16 0.6892 3.3359 -12.7568 0.6789 3.4379 -12.9285 0.0615 0.2000 0.4314 0.3922 0.1961 19.3689 2.0000 
1782 1783 16 0.6789 3.4379 -12.9285 0.6687 3.5399 -13.1002 0.0615 0.2000 0.4314 0.3922 0.1961 19.5024 2.0000 
1783 1784 16 0.6687 3.5399 -13.1002 0.6584 3.6390 -13.2737 0.0615 0.2000 0.4314 0.3922 0.1961 19.6370 2.0000 
1784 1785 16 0.6584 3.6390 -13.2737 0.6482 3.7332 -13.4498 0.0615 0.2000 0.4314 0.3922 0.1961 19.7727 2.0000 
1785 1786 16 0.6482 3.7332 -13.4498 0.6272 3.8297 -13.6237 0.0615 0.2000 0.4314 0.3922 0.1961 19.9096 2.0000 
1786 1787 16 0.6272 3.8297 -13.6237 0.6038 3.9199 -13.8007 0.0615 0.2000 0.4314 0.3922 0.1961 20.0476 2.0000 
1787 1788 16 0.6038 3.9199 -13.8007 0.5809 4.0085 -13.9785 0.0615 0.2000 0.4314 0.3922 0.1961 20.1868 2.0000 
1788 1789 16 0.5809 4.0085 -13.9785 0.4856 4.0972 -14.1303 0.0615 0.2000 0.4314 0.3922 0.1961 20.3273 2.0000 
1789 1790 16 0.4856 4.0972 -14.1303 0.4042 4.1933 -14.2857 0.0615 0.2000 0.4314 0.3922 0.1961 20.4690 2.0000 
1790 1791 16 0.4042 4.1933 -14.2857 0.3301 4.3060 -14.4334 0.0615 0.2000 0.4314 0.3922 0.1961 20.6120 2.0000 
1791 1792 16 0.3301 4.3060 -14.4334 0.2314 4.4179 -14.5665 0.0615 0.2000 0.4314 0.3922 0.1961 20.7562 2.0000 
1792 1793 16 0.2314 4.4179 -14.5665 0.1294 4.5350 -14.6926 0.0615 0.2000 0.4314 0.3922 0.1961 20.9018 2.0000 
1793 1794 16 0.1294 4.5350 -14.6926 0.0610 4.6468 -14.8437 0.0615 0.2000 0.4314 0.3922 0.1961 21.0486 2.0000 
1794 1795 16 0.0610 4.6468 -14.8437 -0.0276 4.7280 -15.0035 0.0615 0.2000 0.4314 0.3922 0.1961 21.1969 2.0000 
1795 1796 16 -0.0276 4.7280 -15.0035 -0.1465 4.8172 -15.1373 0.0615 0.2000 0.4314 0.3922 0.1961 21.3465 2.0000 
1796 1797 16 -0.1465 4.8172 -15.1373 -0.2662 4.9223 -15.2583 0.0615 0.2000 0.4314 0.3922 0.1961 21.4975 2.0000 
1797 1798 16 -0.2662 4.9223 -15.2583 -0.3882 5.0195 -15.3834 0.0615 0.2000 0.4314 0.3922 0.1961 21.6500 2.0000 
1798 1799 16 -0.3882 5.0195 -15.3834 -0.5143 5.1154 -15.5055 0.0615 0.2000 0.4314 0.3922 0.1961 21.8039 2.0000 
1799 1800 16 -0.5143 5.1154 -15.5055 -0.6531 5.1698 -15.6389 0.0615 0.2000 0.4314 0.3922 0.1961 21.9593 2.0000 
1800 1801 16 -0.6531 5.1698 -15.6389 -0.7867 5.2357 -15.7722 0.0615 0.2000 0.4314 0.3922 0.1961 22.1163 2.0000 
1801 1802 16 -0.7867 5.2357 -15.7722 -0.9029 5.3058 -15.9192 0.0615 0.2000 0.4314 0.3922 0.1961 22.2748 2.0000 
1802 1803 16 -0.9029 5.3058 -15.9192 -1.0132 5.3733 -16.0717 0.0615 0.2000 0.4314 0.3922 0.1961 22.4348 2.0000 
1803 1804 16 -1.0132 5.3733 -16.0717 -1.1151 5.4414 -16.2298 0.0615 0.2000 0.4314 0.3922 0.1961 22.5965 2.0000 
1804 1805 16 -1.1151 5.4414 -16.2298 -1.2047 5.5107 -16.3946 0.0615 0.2000 0.4314 0.3922 0.1961 22.7598 2.0000 
1805 1806 16 -1.2047 5.5107 -16.3946 -1.2805 5.5808 -16.5659 0.0615 0.2000 0.4314 0.3922 0.1961 22.9248 2.0000 
1806 1807 16 -1.2805 5.5808 -16.5659 -1.3649 5.6477 -16.7345 0.0615 0.2000 0.4314 0.3922 0.1961 23.0915 2.0000 
1807 1808 16 -1.3649 5.6477 -16.7345 -1.4481 5.7155 -16.9032 0.0615 0.2000 0.4314 0.3922 0.1961 23.2600 2.0000 
1808 1809 16 -1.4481 5.7155 -16.9032 -1.5653 5.7751 -17.0539 0.0615 0.2000 0.4314 0.3922 0.1961 23.4302 2.0000 
1809 1810 16 -1.5653 5.7751 -17.0539 -1.6865 5.8422 -17.1982 0.0615 0.2000 0.4314 0.3922 0.1961 23.6023 2.0000 
1810 1811 16 -1.6865 5.8422 -17.1982 -1.8108 5.8679 -17.3527 0.0615 0.2000 0.4314 0.3922 0.1961 23.7762 2.0000 
1811 1812 16 -1.8108 5.8679 -17.3527 -1.9292 5.8782 -17.5136 0.0615 0.2000 0.4314 0.3922 0.1961 23.9521 2.0000 
1812 1813 16 -1.9292 5.8782 -17.5136 -2.0382 5.8970 -17.6802 0.0615 0.2000 0.4314 0.3922 0.1961 24.1298 2.0000 
1813 1814 16 -2.0382 5.8970 -17.6802 -2.1635 5.9030 -17.8360 0.0615 0.2000 0.4314 0.3922 0.1961 24.3096 2.0000 
1814 1815 16 -2.1635 5.9030 -17.8360 -2.2686 5.9272 -18.0044 0.0615 0.2000 0.4314 0.3922 0.1961 24.4914 2.0000 
1815 1816 16 -2.2686 5.9272 -18.0044 -2.3977 6.0057 -18.1354 0.0615 0.2000 0.4314 0.3922 0.1961 24.6753 2.0000 
1816 1817 16 -2.3977 6.0057 -18.1354 -2.5238 6.0673 -18.2779 0.0615 0.2000 0.4314 0.3922 0.1961 24.8613 2.0000 
1817 1818 16 -2.5238 6.0673 -18.2779 -2.6407 6.1060 -18.4355 0.0615 0.2000 0.4314 0.3922 0.1961 25.0496 2.0000 
1818 1819 16 -2.6407 6.1060 -18.4355 -2.7210 6.1542 -18.6123 0.0615 0.2000 0.4314 0.3922 0.1961 25.2400 2.0000 
1819 1820 16 -2.7210 6.1542 -18.6123 -2.7271 6.1824 -18.8102 0.0615 0.2000 0.4314 0.3922 0.1961 25.4327 2.0000 
1820 1821 16 -2.7271 6.1824 -18.8102 -2.7382 6.1954 -19.0094 0.0615 0.2000 0.4314 0.3922 0.1961 25.6278 2.0000 
1821 1822 16 -2.7382 6.1954 -19.0094 -2.7529 6.2010 -19.2088 0.0615 0.2000 0.4314 0.3922 0.1961 25.8252 2.0000 
1822 1823 16 -2.7529 6.2010 -19.2088 -2.7621 6.2113 -19.4083 0.0615 0.2000 0.4314 0.3922 0.1961 26.0251 2.0000 
1823 1824 16 -2.7621 6.2113 -19.4083 -2.7738 6.2120 -19.6080 0.0615 0.2000 0.4314 0.3922 0.1961 26.2276 2.0000 
1824 1825 16 -2.7738 6.2120 -19.6080 -2.7897 6.2400 -19.8054 0.0615 0.2000 0.4314 0.3922 0.1961 26.4326 2.0000 
1825 1826 16 -2.7897 6.2400 -19.8054 -2.8247 6.3210 -19.9849 0.0615 0.2000 0.4314 0.3922 0.1961 26.6403 2.0000 
1826 1827 16 -2.8247 6.3210 -19.9849 -2.8071 6.4343 -20.1487 0.0615 0.2000 0.4314 0.3922 0.1961 26.8507 2.0000 
1827 1828 16 -2.8071 6.4343 -20.1487 -2.7894 6.5462 -20.3135 0.0615 0.2000 0.4314 0.3922 0.1961 27.0639 2.0000 
1828 1829 16 -2.7894 6.5462 -20.3135 -2.7923 6.6625 -20.4763 0.0615 0.2000 0.4314 0.3922 0.1961 27.2799 2.0000 
1829 1830 16 -2.7923 6.6625 -20.4763 -2.7865 6.7773 -20.6399 0.0615 0.2000 0.4314 0.3922 0.1961 27.4989 2.0000 
1830 1831 16 -2.7865 6.7773 -20.6399 -2.7779 6.8889 -20.8057 0.0615 0.2000 0.4314 0.3922 0.1961 27.7210 2.0000 
1831 1832 16 -2.7779 6.8889 -20.8057 -2.7684 6.9813 -20.9828 0.0615 0.2000 0.4314 0.3922 0.1961 27.9461 2.0000 
1832 1833 16 -2.7684 6.9813 -20.9828 -2.7439 7.0445 -21.1710 0.0615 0.2000 0.4314 0.3922 0.1961 28.1745 2.0000 
1833 1834 16 -2.7439 7.0445 -21.1710 -2.7399 7.0749 -21.3686 0.0615 0.2000 0.4314 0.3922 0.1961 28.4061 2.0000 
1834 1835 16 -2.7399 7.0749 -21.3686 -2.7390 7.1059 -21.5662 0.0615 0.2000 0.4314 0.3922 0.1961 28.6412 2.0000 
1835 1836 16 -2.7390 7.1059 -21.5662 -2.7424 7.1200 -21.7656 0.0615 0.2000 0.4314 0.3922 0.1961 28.8797 2.0000 
1836 1837 16 -2.7424 7.1200 -21.7656 -2.7503 7.1261 -21.9654 0.0615 0.2000 0.4314 0.3922 0.1961 29.1218 2.0000 
1837 1838 16 -2.7503 7.1261 -21.9654 -2.7548 7.1160 -22.1651 0.0615 0.2000 0.4314 0.3922 0.1961 29.3676 2.0000 
1838 1839 16 -2.7548 7.1160 -22.1651 -2.7497 7.1240 -22.3649 0.0615 0.2000 0.4314 0.3922 0.1961 29.6173 2.0000 
1839 1840 16 -2.7497 7.1240 -22.3649 -2.7468 7.1242 -22.5648 0.0615 0.2000 0.4314 0.3922 0.1961 29.8709 2.0000 
1840 1841 16 -2.7468 7.1242 -22.5648 -2.7471 7.1237 -22.6655 0.0615 0.1006 0.4314 0.3922 0.1961 30.0000 2.0000 
38 1842 17 0.0938 0.2227 -9.1968 -0.0801 0.3200 -9.2139 0.0595 0.2000 0.4314 0.3922 0.1961 16.7012 2.0000 
1842 1843 17 -0.0801 0.3200 -9.2139 -0.2549 0.4169 -9.2211 0.0595 0.2000 0.4314 0.3922 0.1961 16.7926 2.0000 
1843 1844 17 -0.2549 0.4169 -9.2211 -0.4456 0.4762 -9.2099 0.0595 0.2000 0.4314 0.3922 0.1961 16.8846 2.0000 
1844 1845 17 -0.4456 0.4762 -9.2099 -0.6369 0.5329 -9.1958 0.0595 0.2000 0.4314 0.3922 0.1961 16.9771 2.0000 
1845 1846 17 -0.6369 0.5329 -9.1958 -0.8303 0.5826 -9.1854 0.0595 0.2000 0.4314 0.3922 0.1961 17.0703 2.0000 
1846 1847 17 -0.8303 0.5826 -9.1854 -1.0217 0.6385 -9.2013 0.0595 0.2000 0.4314 0.3922 0.1961 17.1641 2.0000 
1847 1848 17 -1.0217 0.6385 -9.2013 -1.2114 0.6983 -9.2222 0.0595 0.2000 0.4314 0.3922 0.1961 17.2585 2.0000 
1848 1849 17 -1.2114 0.6983 -9.2222 -1.4104 0.6800 -9.2287 0.0595 0.2000 0.4314 0.3922 0.1961 17.3535 2.0000 
1849 1850 17 -1.4104 0.6800 -9.2287 -1.5911 0.5970 -9.2501 0.0595 0.2000 0.4314 0.3922 0.1961 17.4492 2.0000 
1850 1851 17 -1.5911 0.5970 -9.2501 -1.7726 0.5171 -9.2764 0.0595 0.2000 0.4314 0.3922 0.1961 17.5455 2.0000 
1851 1852 17 -1.7726 0.5171 -9.2764 -1.9659 0.4665 -9.2838 0.0595 0.2000 0.4314 0.3922 0.1961 17.6425 2.0000 
1852 1853 17 -1.9659 0.4665 -9.2838 -2.1613 0.4306 -9.3070 0.0595 0.2000 0.4314 0.3922 0.1961 17.7401 2.0000 
1853 1854 17 -2.1613 0.4306 -9.3070 -2.3505 0.3770 -9.3436 0.0595 0.2000 0.4314 0.3922 0.1961 17.8384 2.0000 
1854 1855 17 -2.3505 0.3770 -9.3436 -2.5434 0.3322 -9.3712 0.0595 0.2000 0.4314 0.3922 0.1961 17.9374 2.0000 
1855 1856 17 -2.5434 0.3322 -9.3712 -2.7342 0.2914 -9.4155 0.0595 0.2000 0.4314 0.3922 0.1961 18.0371 2.0000 
1856 1857 17 -2.7342 0.2914 -9.4155 -2.9227 0.3041 -9.4810 0.0595 0.2000 0.4314 0.3922 0.1961 18.1375 2.0000 
1857 1858 17 -2.9227 0.3041 -9.4810 -3.1006 0.2975 -9.5722 0.0595 0.2000 0.4314 0.3922 0.1961 18.2386 2.0000 
1858 1859 17 -3.1006 0.2975 -9.5722 -3.2385 0.2633 -9.7129 0.0595 0.2000 0.4314 0.3922 0.1961 18.3404 2.0000 
1859 1860 17 -3.2385 0.2633 -9.7129 -3.3550 0.1867 -9.8563 0.0595 0.2000 0.4314 0.3922 0.1961 18.4430 2.0000 
1860 1861 17 -3.3550 0.1867 -9.8563 -3.4624 0.1172 -10.0101 0.0595 0.2000 0.4314 0.3922 0.1961 18.5463 2.0000 
1861 1862 17 -3.4624 0.1172 -10.0101 -3.5565 0.0147 -10.1537 0.0595 0.2000 0.4314 0.3922 0.1961 18.6503 2.0000 
1862 1863 17 -3.5565 0.0147 -10.1537 -3.6451 -0.0914 -10.2982 0.0595 0.2000 0.4314 0.3922 0.1961 18.7552 2.0000 
1863 1864 17 -3.6451 -0.0914 -10.2982 -3.7339 -0.1980 -10.4423 0.0595 0.2000 0.4314 0.3922 0.1961 18.8608 2.0000 
1864 1865 17 -3.7339 -0.1980 -10.4423 -3.8229 -0.3045 -10.5864 0.0595 0.2000 0.4314 0.3922 0.1961 18.9671 2.0000 
1865 1866 17 -3.8229 -0.3045 -10.5864 -3.8883 -0.4076 -10.7447 0.0595 0.2000 0.4314 0.3922 0.1961 19.0743 2.0000 
1866 1867 17 -3.8883 -0.4076 -10.7447 -3.9674 -0.4825 -10.9125 0.0595 0.2000 0.4314 0.3922 0.1961 19.1823 2.0000 
1867 1868 17 -3.9674 -0.4825 -10.9125 -4.0550 -0.5238 -11.0875 0.0595 0.2000 0.4314 0.3922 0.1961 19.2912 2.0000 
1868 1869 17 -4.0550 -0.5238 -11.0875 -4.1860 -0.5434 -11.2373 0.0595 0.2000 0.4314 0.3922 0.1961 19.4008 2.0000 
1869 1870 17 -4.1860 -0.5434 -11.2373 -4.2852 -0.5502 -11.4108 0.0595 0.2000 0.4314 0.3922 0.1961 19.5113 2.0000 
1870 1871 17 -4.2852 -0.5502 -11.4108 -4.3309 -0.5762 -11.6038 0.0595 0.2000 0.4314 0.3922 0.1961 19.6227 2.0000 
1871 1872 17 -4.3309 -0.5762 -11.6038 -4.3843 -0.5877 -11.7962 0.0595 0.2000 0.4314 0.3922 0.1961 19.7350 2.0000 
1872 1873 17 -4.3843 -0.5877 -11.7962 -4.4655 -0.5755 -11.9785 0.0595 0.2000 0.4314 0.3922 0.1961 19.8481 2.0000 
1873 1874 17 -4.4655 -0.5755 -11.9785 -4.5635 -0.6093 -12.1496 0.0595 0.2000 0.4314 0.3922 0.1961 19.9622 2.0000 
1874 1875 17 -4.5635 -0.6093 -12.1496 -4.6357 -0.6709 -12.3256 0.0595 0.2000 0.4314 0.3922 0.1961 20.0772 2.0000 
1875 1876 17 -4.6357 -0.6709 -12.3256 -4.6511 -0.7099 -12.5212 0.0595 0.2000 0.4314 0.3922 0.1961 20.1931 2.0000 
1876 1877 17 -4.6511 -0.7099 -12.5212 -4.7111 -0.7640 -12.7041 0.0595 0.2000 0.4314 0.3922 0.1961 20.3100 2.0000 
1877 1878 17 -4.7111 -0.7640 -12.7041 -4.7465 -0.8197 -12.8930 0.0595 0.2000 0.4314 0.3922 0.1961 20.4278 2.0000 
1878 1879 17 -4.7465 -0.8197 -12.8930 -4.7641 -0.8567 -13.0887 0.0595 0.2000 0.4314 0.3922 0.1961 20.5466 2.0000 
1879 1880 17 -4.7641 -0.8567 -13.0887 -4.7808 -0.9014 -13.2829 0.0595 0.2000 0.4314 0.3922 0.1961 20.6664 2.0000 
1880 1881 17 -4.7808 -0.9014 -13.2829 -4.7871 -0.9700 -13.4707 0.0595 0.2000 0.4314 0.3922 0.1961 20.7872 2.0000 
1881 1882 17 -4.7871 -0.9700 -13.4707 -4.8182 -1.0473 -13.6525 0.0595 0.2000 0.4314 0.3922 0.1961 20.9091 2.0000 
1882 1883 17 -4.8182 -1.0473 -13.6525 -4.8219 -1.1196 -13.8390 0.0595 0.2000 0.4314 0.3922 0.1961 21.0320 2.0000 
1883 1884 17 -4.8219 -1.1196 -13.8390 -4.8238 -1.1925 -14.0252 0.0595 0.2000 0.4314 0.3922 0.1961 21.1560 2.0000 
1884 1885 17 -4.8238 -1.1925 -14.0252 -4.8165 -1.2334 -14.2208 0.0595 0.2000 0.4314 0.3922 0.1961 21.2811 2.0000 
1885 1886 17 -4.8165 -1.2334 -14.2208 -4.8163 -1.2402 -14.4207 0.0595 0.2000 0.4314 0.3922 0.1961 21.4073 2.0000 
1886 1887 17 -4.8163 -1.2402 -14.4207 -4.8179 -1.2473 -14.6206 0.0595 0.2000 0.4314 0.3922 0.1961 21.5346 2.0000 
1887 1888 17 -4.8179 -1.2473 -14.6206 -4.7989 -1.2310 -14.8190 0.0595 0.2000 0.4314 0.3922 0.1961 21.6630 2.0000 
1888 1889 17 -4.7989 -1.2310 -14.8190 -4.7778 -1.2200 -15.0176 0.0595 0.2000 0.4314 0.3922 0.1961 21.7927 2.0000 
1889 1890 17 -4.7778 -1.2200 -15.0176 -4.7572 -1.2096 -15.2163 0.0595 0.2000 0.4314 0.3922 0.1961 21.9235 2.0000 
1890 1891 17 -4.7572 -1.2096 -15.2163 -4.7125 -1.1835 -15.4094 0.0595 0.2000 0.4314 0.3922 0.1961 22.0555 2.0000 
1891 1892 17 -4.7125 -1.1835 -15.4094 -4.6885 -1.1598 -15.6066 0.0595 0.2000 0.4314 0.3922 0.1961 22.1888 2.0000 
1892 1893 17 -4.6885 -1.1598 -15.6066 -4.6649 -1.1346 -15.8036 0.0595 0.2000 0.4314 0.3922 0.1961 22.3233 2.0000 
1893 1894 17 -4.6649 -1.1346 -15.8036 -4.6064 -1.1185 -15.9941 0.0595 0.2000 0.4314 0.3922 0.1961 22.4591 2.0000 
1894 1895 17 -4.6064 -1.1185 -15.9941 -4.5544 -1.0961 -16.1859 0.0595 0.2000 0.4314 0.3922 0.1961 22.5963 2.0000 
1895 1896 17 -4.5544 -1.0961 -16.1859 -4.5200 -1.0799 -16.3823 0.0595 0.2000 0.4314 0.3922 0.1961 22.7347 2.0000 
1896 1897 17 -4.5200 -1.0799 -16.3823 -4.4784 -1.0856 -16.5779 0.0595 0.2000 0.4314 0.3922 0.1961 22.8745 2.0000 
1897 1898 17 -4.4784 -1.0856 -16.5779 -4.4729 -1.1110 -16.7762 0.0595 0.2000 0.4314 0.3922 0.1961 23.0157 2.0000 
1898 1899 17 -4.4729 -1.1110 -16.7762 -4.4770 -1.1334 -16.9749 0.0595 0.2000 0.4314 0.3922 0.1961 23.1583 2.0000 
1899 1900 17 -4.4770 -1.1334 -16.9749 -4.4833 -1.1451 -17.1744 0.0595 0.2000 0.4314 0.3922 0.1961 23.3024 2.0000 
1900 1901 17 -4.4833 -1.1451 -17.1744 -4.4923 -1.1446 -17.3742 0.0595 0.2000 0.4314 0.3922 0.1961 23.4479 2.0000 
1901 1902 17 -4.4923 -1.1446 -17.3742 -4.4720 -1.1316 -17.5728 0.0595 0.2000 0.4314 0.3922 0.1961 23.5949 2.0000 
1902 1903 17 -4.4720 -1.1316 -17.5728 -4.4431 -1.1140 -17.7699 0.0595 0.2000 0.4314 0.3922 0.1961 23.7435 2.0000 
1903 1904 17 -4.4431 -1.1140 -17.7699 -4.4278 -1.1107 -17.9693 0.0595 0.2000 0.4314 0.3922 0.1961 23.8936 2.0000 
1904 1905 17 -4.4278 -1.1107 -17.9693 -4.4177 -1.1222 -18.1687 0.0595 0.2000 0.4314 0.3922 0.1961 24.0453 2.0000 
1905 1906 17 -4.4177 -1.1222 -18.1687 -4.3911 -1.1224 -18.3669 0.0595 0.2000 0.4314 0.3922 0.1961 24.1987 2.0000 
1906 1907 17 -4.3911 -1.1224 -18.3669 -4.3613 -1.1459 -18.5633 0.0595 0.2000 0.4314 0.3922 0.1961 24.3537 2.0000 
1907 1908 17 -4.3613 -1.1459 -18.5633 -4.3461 -1.1987 -18.7556 0.0595 0.2000 0.4314 0.3922 0.1961 24.5105 2.0000 
1908 1909 17 -4.3461 -1.1987 -18.7556 -4.3179 -1.2262 -18.9517 0.0595 0.2000 0.4314 0.3922 0.1961 24.6689 2.0000 
1909 1910 17 -4.3179 -1.2262 -18.9517 -4.2625 -1.2527 -19.1420 0.0595 0.2000 0.4314 0.3922 0.1961 24.8292 2.0000 
1910 1911 17 -4.2625 -1.2527 -19.1420 -4.2420 -1.2350 -19.3402 0.0595 0.2000 0.4314 0.3922 0.1961 24.9913 2.0000 
1911 1912 17 -4.2420 -1.2350 -19.3402 -4.2293 -1.2448 -19.5395 0.0595 0.2000 0.4314 0.3922 0.1961 25.1552 2.0000 
1912 1913 17 -4.2293 -1.2448 -19.5395 -4.2808 -1.2522 -19.7326 0.0595 0.2000 0.4314 0.3922 0.1961 25.3211 2.0000 
1913 1914 17 -4.2808 -1.2522 -19.7326 -4.3316 -1.2251 -19.9242 0.0595 0.2000 0.4314 0.3922 0.1961 25.4889 2.0000 
1914 1915 17 -4.3316 -1.2251 -19.9242 -4.3687 -1.2279 -20.1207 0.0595 0.2000 0.4314 0.3922 0.1961 25.6587 2.0000 
1915 1916 17 -4.3687 -1.2279 -20.1207 -4.4128 -1.1953 -20.3130 0.0595 0.2000 0.4314 0.3922 0.1961 25.8306 2.0000 
1916 1917 17 -4.4128 -1.1953 -20.3130 -4.4568 -1.1634 -20.5055 0.0595 0.2000 0.4314 0.3922 0.1961 26.0046 2.0000 
1917 1918 17 -4.4568 -1.1634 -20.5055 -4.5026 -1.1308 -20.6974 0.0595 0.2000 0.4314 0.3922 0.1961 26.1807 2.0000 
1918 1919 17 -4.5026 -1.1308 -20.6974 -4.5088 -1.0948 -20.8940 0.0595 0.2000 0.4314 0.3922 0.1961 26.3590 2.0000 
1919 1920 17 -4.5088 -1.0948 -20.8940 -4.5165 -1.0588 -21.0906 0.0595 0.2000 0.4314 0.3922 0.1961 26.5396 2.0000 
1920 1921 17 -4.5165 -1.0588 -21.0906 -4.5487 -1.0245 -21.2850 0.0595 0.2000 0.4314 0.3922 0.1961 26.7225 2.0000 
1921 1922 17 -4.5487 -1.0245 -21.2850 -4.5749 -0.9876 -21.4798 0.0595 0.2000 0.4314 0.3922 0.1961 26.9078 2.0000 
1922 1923 17 -4.5749 -0.9876 -21.4798 -4.5901 -0.9554 -21.6766 0.0595 0.2000 0.4314 0.3922 0.1961 27.0955 2.0000 
1923 1924 17 -4.5901 -0.9554 -21.6766 -4.5998 -0.9234 -21.8738 0.0595 0.2000 0.4314 0.3922 0.1961 27.2857 2.0000 
1924 1925 17 -4.5998 -0.9234 -21.8738 -4.6260 -0.8508 -22.0583 0.0595 0.2000 0.4314 0.3922 0.1961 27.4785 2.0000 
1925 1926 17 -4.6260 -0.8508 -22.0583 -4.6446 -0.7871 -22.2470 0.0595 0.2000 0.4314 0.3922 0.1961 27.6740 2.0000 
1926 1927 17 -4.6446 -0.7871 -22.2470 -4.6682 -0.7080 -22.4292 0.0595 0.2000 0.4314 0.3922 0.1961 27.8721 2.0000 
1927 1928 17 -4.6682 -0.7080 -22.4292 -4.6915 -0.6247 -22.6095 0.0595 0.2000 0.4314 0.3922 0.1961 28.0731 2.0000 
1928 1929 17 -4.6915 -0.6247 -22.6095 -4.7237 -0.5566 -22.7948 0.0595 0.2000 0.4314 0.3922 0.1961 28.2769 2.0000 
1929 1930 17 -4.7237 -0.5566 -22.7948 -4.7348 -0.5128 -22.9896 0.0595 0.2000 0.4314 0.3922 0.1961 28.4837 2.0000 
1930 1931 17 -4.7348 -0.5128 -22.9896 -4.7306 -0.4732 -23.1856 0.0595 0.2000 0.4314 0.3922 0.1961 28.6936 2.0000 
1931 1932 17 -4.7306 -0.4732 -23.1856 -4.7212 -0.4317 -23.3810 0.0595 0.2000 0.4314 0.3922 0.1961 28.9066 2.0000 
1932 1933 17 -4.7212 -0.4317 -23.3810 -4.7315 -0.4149 -23.5800 0.0595 0.2000 0.4314 0.3922 0.1961 29.1228 2.0000 
1933 1934 17 -4.7315 -0.4149 -23.5800 -4.7415 -0.4044 -23.7795 0.0595 0.2000 0.4314 0.3922 0.1961 29.3424 2.0000 
1934 1935 17 -4.7415 -0.4044 -23.7795 -4.7515 -0.3940 -23.9790 0.0595 0.2000 0.4314 0.3922 0.1961 29.5654 2.0000 
1935 1936 17 -4.7515 -0.3940 -23.9790 -4.7645 -0.3839 -24.1783 0.0595 0.2000 0.4314 0.3922 0.1961 29.7919 2.0000 
1936 1937 17 -4.7645 -0.3839 -24.1783 -4.8069 -0.3644 -24.3531 0.0595 0.1809 0.4314 0.3922 0.1961 30.0000 2.0000 
40 1938 18 0.0972 0.1929 -9.5939 -0.0546 0.2671 -9.7008 0.0646 0.2000 0.4314 0.3922 0.1961 17.2012 2.0000 
1938 1939 18 -0.0546 0.2671 -9.7008 -0.2173 0.3163 -9.8063 0.0646 0.2000 0.4314 0.3922 0.1961 17.3039 2.0000 
1939 1940 18 -0.2173 0.3163 -9.8063 -0.3705 0.3971 -9.9063 0.0646 0.2000 0.4314 0.3922 0.1961 17.4072 2.0000 
1940 1941 18 -0.3705 0.3971 -9.9063 -0.5101 0.5045 -10.0010 0.0646 0.2000 0.4314 0.3922 0.1961 17.5112 2.0000 
1941 1942 18 -0.5101 0.5045 -10.0010 -0.6499 0.6015 -10.1062 0.0646 0.2000 0.4314 0.3922 0.1961 17.6159 2.0000 
1942 1943 18 -0.6499 0.6015 -10.1062 -0.7798 0.6599 -10.2465 0.0646 0.2000 0.4314 0.3922 0.1961 17.7213 2.0000 
1943 1944 18 -0.7798 0.6599 -10.2465 -0.8966 0.7347 -10.3907 0.0646 0.2000 0.4314 0.3922 0.1961 17.8274 2.0000 
1944 1945 18 -0.8966 0.7347 -10.3907 -1.0021 0.8159 -10.5399 0.0646 0.2000 0.4314 0.3922 0.1961 17.9342 2.0000 
1945 1946 18 -1.0021 0.8159 -10.5399 -1.0768 0.9302 -10.6861 0.0646 0.2000 0.4314 0.3922 0.1961 18.0417 2.0000 
1946 1947 18 -1.0768 0.9302 -10.6861 -1.1504 1.0456 -10.8319 0.0646 0.2000 0.4314 0.3922 0.1961 18.1500 2.0000 
1947 1948 18 -1.1504 1.0456 -10.8319 -1.2193 1.1442 -10.9917 0.0646 0.2000 0.4314 0.3922 0.1961 18.2590 2.0000 
1948 1949 18 -1.2193 1.1442 -10.9917 -1.2893 1.2434 -11.1506 0.0646 0.2000 0.4314 0.3922 0.1961 18.3687 2.0000 
1949 1950 18 -1.2893 1.2434 -11.1506 -1.3377 1.3505 -11.3124 0.0646 0.2000 0.4314 0.3922 0.1961 18.4792 2.0000 
1950 1951 18 -1.3377 1.3505 -11.3124 -1.3948 1.4627 -11.4679 0.0646 0.2000 0.4314 0.3922 0.1961 18.5904 2.0000 
1951 1952 18 -1.3948 1.4627 -11.4679 -1.4764 1.5831 -11.6052 0.0646 0.2000 0.4314 0.3922 0.1961 18.7025 2.0000 
1952 1953 18 -1.4764 1.5831 -11.6052 -1.5565 1.6888 -11.7549 0.0646 0.2000 0.4314 0.3922 0.1961 18.8153 2.0000 
1953 1954 18 -1.5565 1.6888 -11.7549 -1.6611 1.7715 -11.9039 0.0646 0.2000 0.4314 0.3922 0.1961 18.9290 2.0000 
1954 1955 18 -1.6611 1.7715 -11.9039 -1.7455 1.8253 -12.0771 0.0646 0.2000 0.4314 0.3922 0.1961 19.0434 2.0000 
1955 1956 18 -1.7455 1.8253 -12.0771 -1.8357 1.8758 -12.2482 0.0646 0.2000 0.4314 0.3922 0.1961 19.1587 2.0000 
1956 1957 18 -1.8357 1.8758 -12.2482 -1.9311 1.9443 -12.4102 0.0646 0.2000 0.4314 0.3922 0.1961 19.2748 2.0000 
1957 1958 18 -1.9311 1.9443 -12.4102 -2.0157 2.0077 -12.5799 0.0646 0.2000 0.4314 0.3922 0.1961 19.3918 2.0000 
1958 1959 18 -2.0157 2.0077 -12.5799 -2.0959 2.0700 -12.7522 0.0646 0.2000 0.4314 0.3922 0.1961 19.5096 2.0000 
1959 1960 18 -2.0959 2.0700 -12.7522 -2.1982 2.1060 -12.9203 0.0646 0.2000 0.4314 0.3922 0.1961 19.6283 2.0000 
1960 1961 18 -2.1982 2.1060 -12.9203 -2.3012 2.1308 -13.0899 0.0646 0.2000 0.4314 0.3922 0.1961 19.7479 2.0000 
1961 1962 18 -2.3012 2.1308 -13.0899 -2.4054 2.1222 -13.2604 0.0646 0.2000 0.4314 0.3922 0.1961 19.8684 2.0000 
1962 1963 18 -2.4054 2.1222 -13.2604 -2.5095 2.0990 -13.4296 0.0646 0.2000 0.4314 0.3922 0.1961 19.9898 2.0000 
1963 1964 18 -2.5095 2.0990 -13.4296 -2.6378 2.0658 -13.5794 0.0646 0.2000 0.4314 0.3922 0.1961 20.1122 2.0000 
1964 1965 18 -2.6378 2.0658 -13.5794 -2.7582 2.0327 -13.7356 0.0646 0.2000 0.4314 0.3922 0.1961 20.2355 2.0000 
1965 1966 18 -2.7582 2.0327 -13.7356 -2.8524 1.9765 -13.9029 0.0646 0.2000 0.4314 0.3922 0.1961 20.3597 2.0000 
1966 1967 18 -2.8524 1.9765 -13.9029 -2.9626 1.9392 -14.0655 0.0646 0.2000 0.4314 0.3922 0.1961 20.4849 2.0000 
1967 1968 18 -2.9626 1.9392 -14.0655 -3.0759 1.9076 -14.2273 0.0646 0.2000 0.4314 0.3922 0.1961 20.6111 2.0000 
1968 1969 18 -3.0759 1.9076 -14.2273 -3.1481 1.8238 -14.3939 0.0646 0.2000 0.4314 0.3922 0.1961 20.7384 2.0000 
1969 1970 18 -3.1481 1.8238 -14.3939 -3.2038 1.7247 -14.5585 0.0646 0.2000 0.4314 0.3922 0.1961 20.8666 2.0000 
1970 1971 18 -3.2038 1.7247 -14.5585 -3.2373 1.6147 -14.7221 0.0646 0.2000 0.4314 0.3922 0.1961 20.9959 2.0000 
1971 1972 18 -3.2373 1.6147 -14.7221 -3.2928 1.5075 -14.8816 0.0646 0.2000 0.4314 0.3922 0.1961 21.1262 2.0000 
1972 1973 18 -3.2928 1.5075 -14.8816 -3.3544 1.4053 -15.0421 0.0646 0.2000 0.4314 0.3922 0.1961 21.2576 2.0000 
1973 1974 18 -3.3544 1.4053 -15.0421 -3.4505 1.2733 -15.1575 0.0646 0.2000 0.4314 0.3922 0.1961 21.3901 2.0000 
1974 1975 18 -3.4505 1.2733 -15.1575 -3.5568 1.1422 -15.2649 0.0646 0.2000 0.4314 0.3922 0.1961 21.5237 2.0000 
1975 1976 18 -3.5568 1.1422 -15.2649 -3.6653 0.9961 -15.3477 0.0646 0.2000 0.4314 0.3922 0.1961 21.6584 2.0000 
1976 1977 18 -3.6653 0.9961 -15.3477 -3.7646 0.8378 -15.4192 0.0646 0.2000 0.4314 0.3922 0.1961 21.7943 2.0000 
1977 1978 18 -3.7646 0.8378 -15.4192 -3.8959 0.7009 -15.4825 0.0646 0.2000 0.4314 0.3922 0.1961 21.9314 2.0000 
1978 1979 18 -3.8959 0.7009 -15.4825 -4.0621 0.6023 -15.5340 0.0646 0.2000 0.4314 0.3922 0.1961 22.0696 2.0000 
1979 1980 18 -4.0621 0.6023 -15.5340 -4.2304 0.5067 -15.5843 0.0646 0.2000 0.4314 0.3922 0.1961 22.2090 2.0000 
1980 1981 18 -4.2304 0.5067 -15.5843 -4.3830 0.4025 -15.6609 0.0646 0.2000 0.4314 0.3922 0.1961 22.3497 2.0000 
1981 1982 18 -4.3830 0.4025 -15.6609 -4.5401 0.3065 -15.7390 0.0646 0.2000 0.4314 0.3922 0.1961 22.4916 2.0000 
1982 1983 18 -4.5401 0.3065 -15.7390 -4.6894 0.2075 -15.8280 0.0646 0.2000 0.4314 0.3922 0.1961 22.6348 2.0000 
1983 1984 18 -4.6894 0.2075 -15.8280 -4.8580 0.1414 -15.9129 0.0646 0.2000 0.4314 0.3922 0.1961 22.7793 2.0000 
1984 1985 18 -4.8580 0.1414 -15.9129 -5.0252 0.0721 -15.9979 0.0646 0.2000 0.4314 0.3922 0.1961 22.9251 2.0000 
1985 1986 18 -5.0252 0.0721 -15.9979 -5.1726 -0.0326 -16.0833 0.0646 0.2000 0.4314 0.3922 0.1961 23.0722 2.0000 
1986 1987 18 -5.1726 -0.0326 -16.0833 -5.3198 -0.1012 -16.2001 0.0646 0.2000 0.4314 0.3922 0.1961 23.2207 2.0000 
1987 1988 18 -5.3198 -0.1012 -16.2001 -5.4840 -0.1484 -16.3041 0.0646 0.2000 0.4314 0.3922 0.1961 23.3706 2.0000 
1988 1989 18 -5.4840 -0.1484 -16.3041 -5.6491 -0.1938 -16.4075 0.0646 0.2000 0.4314 0.3922 0.1961 23.5220 2.0000 
1989 1990 18 -5.6491 -0.1938 -16.4075 -5.8142 -0.2412 -16.5099 0.0646 0.2000 0.4314 0.3922 0.1961 23.6747 2.0000 
1990 1991 18 -5.8142 -0.2412 -16.5099 -5.9765 -0.2824 -16.6193 0.0646 0.2000 0.4314 0.3922 0.1961 23.8290 2.0000 
1991 1992 18 -5.9765 -0.2824 -16.6193 -6.1386 -0.3233 -16.7290 0.0646 0.2000 0.4314 0.3922 0.1961 23.9847 2.0000 
1992 1993 18 -6.1386 -0.3233 -16.7290 -6.2859 -0.3583 -16.8597 0.0646 0.2000 0.4314 0.3922 0.1961 24.1420 2.0000 
1993 1994 18 -6.2859 -0.3583 -16.8597 -6.4313 -0.3932 -16.9925 0.0646 0.2000 0.4314 0.3922 0.1961 24.3009 2.0000 
1994 1995 18 -6.4313 -0.3932 -16.9925 -6.5926 -0.4268 -17.1059 0.0646 0.2000 0.4314 0.3922 0.1961 24.4613 2.0000 
1995 1996 18 -6.5926 -0.4268 -17.1059 -6.7487 -0.4524 -17.2283 0.0646 0.2000 0.4314 0.3922 0.1961 24.6234 2.0000 
1996 1997 18 -6.7487 -0.4524 -17.2283 -6.8987 -0.4649 -17.3600 0.0646 0.2000 0.4314 0.3922 0.1961 24.7871 2.0000 
1997 1998 18 -6.8987 -0.4649 -17.3600 -7.0326 -0.4698 -17.5085 0.0646 0.2000 0.4314 0.3922 0.1961 24.9526 2.0000 
1998 1999 18 -7.0326 -0.4698 -17.5085 -7.1725 -0.4342 -17.6468 0.0646 0.2000 0.4314 0.3922 0.1961 25.1197 2.0000 
1999 2000 18 -7.1725 -0.4342 -17.6468 -7.3320 -0.4297 -17.7675 0.0646 0.2000 0.4314 0.3922 0.1961 25.2887 2.0000 
2000 2001 18 -7.3320 -0.4297 -17.7675 -7.4959 -0.4334 -17.8820 0.0646 0.2000 0.4314 0.3922 0.1961 25.4594 2.0000 
2001 2002 18 -7.4959 -0.4334 -17.8820 -7.6543 -0.4805 -17.9946 0.0646 0.2000 0.4314 0.3922 0.1961 25.6320 2.0000 
2002 2003 18 -7.6543 -0.4805 -17.9946 -7.8243 -0.5350 -18.0848 0.0646 0.2000 0.4314 0.3922 0.1961 25.8064 2.0000 
2003 2004 18 -7.8243 -0.5350 -18.0848 -7.9958 -0.5823 -18.1763 0.0646 0.2000 0.4314 0.3922 0.1961 25.9828 2.0000 
2004 2005 18 -7.9958 -0.5823 -18.1763 -8.1763 -0.6054 -18.2593 0.0646 0.2000 0.4314 0.3922 0.1961 26.1612 2.0000 
2005 2006 18 -8.1763 -0.6054 -18.2593 -8.3617 -0.6466 -18.3219 0.0646 0.2000 0.4314 0.3922 0.1961 26.3416 2.0000 
2006 2007 18 -8.3617 -0.6466 -18.3219 -8.5329 -0.6744 -18.4214 0.0646 0.2000 0.4314 0.3922 0.1961 26.5240 2.0000 
2007 2008 18 -8.5329 -0.6744 -18.4214 -8.6993 -0.7304 -18.5173 0.0646 0.2000 0.4314 0.3922 0.1961 26.7086 2.0000 
2008 2009 18 -8.6993 -0.7304 -18.5173 -8.8635 -0.7833 -18.6184 0.0646 0.2000 0.4314 0.3922 0.1961 26.8953 2.0000 
2009 2010 18 -8.8635 -0.7833 -18.6184 -9.0213 -0.8457 -18.7242 0.0646 0.2000 0.4314 0.3922 0.1961 27.0842 2.0000 
2010 2011 18 -9.0213 -0.8457 -18.7242 -9.1882 -0.9148 -18.8103 0.0646 0.2000 0.4314 0.3922 0.1961 27.2754 2.0000 
2011 2012 18 -9.1882 -0.9148 -18.8103 -9.3531 -0.9459 -18.9191 0.0646 0.2000 0.4314 0.3922 0.1961 27.4689 2.0000 
2012 2013 18 -9.3531 -0.9459 -18.9191 -9.5211 -0.9643 -19.0260 0.0646 0.2000 0.4314 0.3922 0.1961 27.6647 2.0000 
2013 2014 18 -9.5211 -0.9643 -19.0260 -9.6887 -0.9820 -19.1336 0.0646 0.2000 0.4314 0.3922 0.1961 27.8630 2.0000 
2014 2015 18 -9.6887 -0.9820 -19.1336 -9.8531 -0.9997 -19.2462 0.0646 0.2000 0.4314 0.3922 0.1961 28.0638 2.0000 
2015 2016 18 -9.8531 -0.9997 -19.2462 -10.0087 -1.0427 -19.3643 0.0646 0.2000 0.4314 0.3922 0.1961 28.2672 2.0000 
2016 2017 18 -10.0087 -1.0427 -19.3643 -10.1788 -1.0992 -19.4529 0.0646 0.2000 0.4314 0.3922 0.1961 28.4732 2.0000 
2017 2018 18 -10.1788 -1.0992 -19.4529 -10.3479 -1.1598 -19.5409 0.0646 0.2000 0.4314 0.3922 0.1961 28.6818 2.0000 
2018 2019 18 -10.3479 -1.1598 -19.5409 -10.5127 -1.2183 -19.6378 0.0646 0.2000 0.4314 0.3922 0.1961 28.8932 2.0000 
2019 2020 18 -10.5127 -1.2183 -19.6378 -10.6766 -1.2774 -19.7361 0.0646 0.2000 0.4314 0.3922 0.1961 29.1075 2.0000 
2020 2021 18 -10.6766 -1.2774 -19.7361 -10.8386 -1.3505 -19.8278 0.0646 0.2000 0.4314 0.3922 0.1961 29.3247 2.0000 
2021 2022 18 -10.8386 -1.3505 -19.8278 -11.0078 -1.4045 -19.9197 0.0646 0.2000 0.4314 0.3922 0.1961 29.5449 2.0000 
2022 2023 18 -11.0078 -1.4045 -19.9197 -11.1795 -1.4458 -20.0137 0.0646 0.2000 0.4314 0.3922 0.1961 29.7681 2.0000 
2023 2024 18 -11.1795 -1.4458 -20.0137 -11.3510 -1.4874 -20.1078 0.0646 0.2000 0.4314 0.3922 0.1961 29.9945 2.0000 
2024 2025 18 -11.3510 -1.4874 -20.1078 -11.3551 -1.4884 -20.1100 0.0646 0.0048 0.4314 0.3922 0.1961 30.0000 2.0000 
43 2026 19 0.0430 0.1381 -9.9980 0.1871 0.0132 -10.0585 0.0862 0.2000 0.4314 0.3922 0.1961 17.7089 2.0000 
2026 2027 19 0.1871 0.0132 -10.0585 0.3185 -0.1375 -10.0560 0.0862 0.2000 0.4314 0.3922 0.1961 17.8092 2.0000 
2027 2028 19 0.3185 -0.1375 -10.0560 0.4483 -0.2896 -10.0582 0.0862 0.2000 0.4314 0.3922 0.1961 17.9102 2.0000 
2028 2029 19 0.4483 -0.2896 -10.0582 0.5703 -0.4480 -10.0657 0.0862 0.2000 0.4314 0.3922 0.1961 18.0118 2.0000 
2029 2030 19 0.5703 -0.4480 -10.0657 0.6900 -0.6078 -10.0756 0.0862 0.2000 0.4314 0.3922 0.1961 18.1140 2.0000 
2030 2031 19 0.6900 -0.6078 -10.0756 0.8176 -0.7616 -10.0851 0.0862 0.2000 0.4314 0.3922 0.1961 18.2169 2.0000 
2031 2032 19 0.8176 -0.7616 -10.0851 0.9241 -0.9302 -10.0696 0.0862 0.2000 0.4314 0.3922 0.1961 18.3204 2.0000 
2032 2033 19 0.9241 -0.9302 -10.0696 1.0358 -1.0955 -10.0560 0.0862 0.2000 0.4314 0.3922 0.1961 18.4246 2.0000 
2033 2034 19 1.0358 -1.0955 -10.0560 1.1492 -1.2577 -10.0850 0.0862 0.2000 0.4314 0.3922 0.1961 18.5295 2.0000 
2034 2035 19 1.1492 -1.2577 -10.0850 1.2647 -1.4189 -10.1105 0.0862 0.2000 0.4314 0.3922 0.1961 18.6350 2.0000 
2035 2036 19 1.2647 -1.4189 -10.1105 1.3862 -1.5765 -10.1308 0.0862 0.2000 0.4314 0.3922 0.1961 18.7412 2.0000 
2036 2037 19 1.3862 -1.5765 -10.1308 1.4977 -1.7412 -10.1099 0.0862 0.2000 0.4314 0.3922 0.1961 18.8482 2.0000 
2037 2038 19 1.4977 -1.7412 -10.1099 1.6255 -1.8950 -10.1044 0.0862 0.2000 0.4314 0.3922 0.1961 18.9558 2.0000 
2038 2039 19 1.6255 -1.8950 -10.1044 1.7527 -2.0459 -10.0726 0.0862 0.2000 0.4314 0.3922 0.1961 19.0641 2.0000 
2039 2040 19 1.7527 -2.0459 -10.0726 1.8703 -2.2056 -10.0467 0.0862 0.2000 0.4314 0.3922 0.1961 19.1732 2.0000 
2040 2041 19 1.8703 -2.2056 -10.0467 1.9931 -2.3630 -10.0333 0.0862 0.2000 0.4314 0.3922 0.1961 19.2830 2.0000 
2041 2042 19 1.9931 -2.3630 -10.0333 2.1252 -2.5126 -10.0450 0.0862 0.2000 0.4314 0.3922 0.1961 19.3936 2.0000 
2042 2043 19 2.1252 -2.5126 -10.0450 2.2625 -2.6561 -10.0688 0.0862 0.2000 0.4314 0.3922 0.1961 19.5049 2.0000 
2043 2044 19 2.2625 -2.6561 -10.0688 2.3934 -2.8041 -10.0997 0.0862 0.2000 0.4314 0.3922 0.1961 19.6170 2.0000 
2044 2045 19 2.3934 -2.8041 -10.0997 2.5347 -2.9429 -10.1278 0.0862 0.2000 0.4314 0.3922 0.1961 19.7298 2.0000 
2045 2046 19 2.5347 -2.9429 -10.1278 2.6443 -3.1025 -10.1777 0.0862 0.2000 0.4314 0.3922 0.1961 19.8435 2.0000 
2046 2047 19 2.6443 -3.1025 -10.1777 2.7364 -3.2721 -10.2303 0.0862 0.2000 0.4314 0.3922 0.1961 19.9579 2.0000 
2047 2048 19 2.7364 -3.2721 -10.2303 2.8321 -3.4391 -10.2847 0.0862 0.2000 0.4314 0.3922 0.1961 20.0732 2.0000 
2048 2049 19 2.8321 -3.4391 -10.2847 2.9182 -3.6149 -10.3258 0.0862 0.2000 0.4314 0.3922 0.1961 20.1893 2.0000 
2049 2050 19 2.9182 -3.6149 -10.3258 3.0045 -3.7905 -10.3672 0.0862 0.2000 0.4314 0.3922 0.1961 20.3062 2.0000 
2050 2051 19 3.0045 -3.7905 -10.3672 3.0914 -3.9635 -10.4173 0.0862 0.2000 0.4314 0.3922 0.1961 20.4239 2.0000 
2051 2052 19 3.0914 -3.9635 -10.4173 3.1737 -4.1413 -10.4575 0.0862 0.2000 0.4314 0.3922 0.1961 20.5425 2.0000 
2052 2053 19 3.1737 -4.1413 -10.4575 3.2332 -4.3304 -10.4840 0.0862 0.2000 0.4314 0.3922 0.1961 20.6620 2.0000 
2053 2054 19 3.2332 -4.3304 -10.4840 3.2932 -4.5212 -10.4835 0.0862 0.2000 0.4314 0.3922 0.1961 20.7824 2.0000 
2054 2055 19 3.2932 -4.5212 -10.4835 3.3433 -4.7148 -10.4844 0.0862 0.2000 0.4314 0.3922 0.1961 20.9036 2.0000 
2055 2056 19 3.3433 -4.7148 -10.4844 3.3732 -4.9123 -10.4731 0.0862 0.2000 0.4314 0.3922 0.1961 21.0258 2.0000 
2056 2057 19 3.3732 -4.9123 -10.4731 3.4152 -5.1056 -10.4438 0.0862 0.2000 0.4314 0.3922 0.1961 21.1489 2.0000 
2057 2058 19 3.4152 -5.1056 -10.4438 3.4355 -5.3026 -10.4161 0.0862 0.2000 0.4314 0.3922 0.1961 21.2729 2.0000 
2058 2059 19 3.4355 -5.3026 -10.4161 3.4642 -5.4985 -10.3873 0.0862 0.2000 0.4314 0.3922 0.1961 21.3979 2.0000 
2059 2060 19 3.4642 -5.4985 -10.3873 3.4683 -5.6972 -10.4095 0.0862 0.2000 0.4314 0.3922 0.1961 21.5239 2.0000 
2060 2061 19 3.4683 -5.6972 -10.4095 3.4768 -5.8963 -10.4259 0.0862 0.2000 0.4314 0.3922 0.1961 21.6508 2.0000 
2061 2062 19 3.4768 -5.8963 -10.4259 3.4856 -6.0957 -10.4395 0.0862 0.2000 0.4314 0.3922 0.1961 21.7787 2.0000 
2062 2063 19 3.4856 -6.0957 -10.4395 3.4870 -6.2949 -10.4566 0.0862 0.2000 0.4314 0.3922 0.1961 21.9077 2.0000 
2063 2064 19 3.4870 -6.2949 -10.4566 3.5263 -6.4885 -10.4880 0.0862 0.2000 0.4314 0.3922 0.1961 22.0376 2.0000 
2064 2065 19 3.5263 -6.4885 -10.4880 3.5503 -6.6816 -10.5343 0.0862 0.2000 0.4314 0.3922 0.1961 22.1686 2.0000 
2065 2066 19 3.5503 -6.6816 -10.5343 3.5559 -6.8809 -10.5499 0.0862 0.2000 0.4314 0.3922 0.1961 22.3007 2.0000 
2066 2067 19 3.5559 -6.8809 -10.5499 3.5746 -7.0790 -10.5300 0.0862 0.2000 0.4314 0.3922 0.1961 22.4339 2.0000 
2067 2068 19 3.5746 -7.0790 -10.5300 3.5970 -7.2775 -10.5201 0.0862 0.2000 0.4314 0.3922 0.1961 22.5681 2.0000 
2068 2069 19 3.5970 -7.2775 -10.5201 3.6372 -7.4726 -10.5024 0.0862 0.2000 0.4314 0.3922 0.1961 22.7035 2.0000 
2069 2070 19 3.6372 -7.4726 -10.5024 3.6560 -7.6704 -10.4798 0.0862 0.2000 0.4314 0.3922 0.1961 22.8400 2.0000 
2070 2071 19 3.6560 -7.6704 -10.4798 3.6638 -7.8679 -10.4490 0.0862 0.2000 0.4314 0.3922 0.1961 22.9777 2.0000 
2071 2072 19 3.6638 -7.8679 -10.4490 3.6495 -8.0653 -10.4202 0.0862 0.2000 0.4314 0.3922 0.1961 23.1165 2.0000 
2072 2073 19 3.6495 -8.0653 -10.4202 3.6244 -8.2626 -10.3996 0.0862 0.2000 0.4314 0.3922 0.1961 23.2565 2.0000 
2073 2074 19 3.6244 -8.2626 -10.3996 3.5753 -8.4528 -10.3616 0.0862 0.2000 0.4314 0.3922 0.1961 23.3978 2.0000 
2074 2075 19 3.5753 -8.4528 -10.3616 3.4942 -8.6298 -10.3159 0.0862 0.2000 0.4314 0.3922 0.1961 23.5403 2.0000 
2075 2076 19 3.4942 -8.6298 -10.3159 3.4002 -8.8030 -10.2818 0.0862 0.2000 0.4314 0.3922 0.1961 23.6840 2.0000 
2076 2077 19 3.4002 -8.8030 -10.2818 3.3147 -8.9811 -10.2504 0.0862 0.2000 0.4314 0.3922 0.1961 23.8290 2.0000 
2077 2078 19 3.3147 -8.9811 -10.2504 3.2276 -9.1541 -10.2007 0.0862 0.2000 0.4314 0.3922 0.1961 23.9753 2.0000 
2078 2079 19 3.2276 -9.1541 -10.2007 3.1402 -9.3277 -10.1536 0.0862 0.2000 0.4314 0.3922 0.1961 24.1230 2.0000 
2079 2080 19 3.1402 -9.3277 -10.1536 3.0498 -9.4963 -10.0953 0.0862 0.2000 0.4314 0.3922 0.1961 24.2720 2.0000 
2080 2081 19 3.0498 -9.4963 -10.0953 2.9282 -9.6434 -10.0355 0.0862 0.2000 0.4314 0.3922 0.1961 24.4223 2.0000 
2081 2082 19 2.9282 -9.6434 -10.0355 2.7914 -9.7830 -9.9930 0.0862 0.2000 0.4314 0.3922 0.1961 24.5741 2.0000 
2082 2083 19 2.7914 -9.7830 -9.9930 2.6409 -9.9070 -9.9486 0.0862 0.2000 0.4314 0.3922 0.1961 24.7273 2.0000 
2083 2084 19 2.6409 -9.9070 -9.9486 2.4905 -10.0311 -9.9043 0.0862 0.2000 0.4314 0.3922 0.1961 24.8820 2.0000 
2084 2085 19 2.4905 -10.0311 -9.9043 2.3379 -10.1507 -9.8550 0.0862 0.2000 0.4314 0.3922 0.1961 25.0381 2.0000 
2085 2086 19 2.3379 -10.1507 -9.8550 2.1850 -10.2765 -9.8272 0.0862 0.2000 0.4314 0.3922 0.1961 25.1957 2.0000 
2086 2087 19 2.1850 -10.2765 -9.8272 2.0295 -10.3987 -9.7975 0.0862 0.2000 0.4314 0.3922 0.1961 25.3549 2.0000 
2087 2088 19 2.0295 -10.3987 -9.7975 1.8761 -10.5228 -9.7646 0.0862 0.2000 0.4314 0.3922 0.1961 25.5157 2.0000 
2088 2089 19 1.8761 -10.5228 -9.7646 1.7105 -10.6275 -9.7243 0.0862 0.2000 0.4314 0.3922 0.1961 25.6780 2.0000 
2089 2090 19 1.7105 -10.6275 -9.7243 1.5332 -10.7151 -9.6946 0.0862 0.2000 0.4314 0.3922 0.1961 25.8420 2.0000 
2090 2091 19 1.5332 -10.7151 -9.6946 1.3566 -10.8081 -9.6816 0.0862 0.2000 0.4314 0.3922 0.1961 26.0077 2.0000 
2091 2092 19 1.3566 -10.8081 -9.6816 1.1908 -10.9197 -9.6746 0.0862 0.2000 0.4314 0.3922 0.1961 26.1751 2.0000 
2092 2093 19 1.1908 -10.9197 -9.6746 1.0462 -11.0570 -9.6905 0.0862 0.2000 0.4314 0.3922 0.1961 26.3442 2.0000 
2093 2094 19 1.0462 -11.0570 -9.6905 0.9095 -11.1985 -9.7266 0.0862 0.2000 0.4314 0.3922 0.1961 26.5151 2.0000 
2094 2095 19 0.9095 -11.1985 -9.7266 0.8150 -11.3698 -9.7680 0.0862 0.2000 0.4314 0.3922 0.1961 26.6878 2.0000 
2095 2096 19 0.8150 -11.3698 -9.7680 0.7200 -11.5391 -9.8162 0.0862 0.2000 0.4314 0.3922 0.1961 26.8623 2.0000 
2096 2097 19 0.7200 -11.5391 -9.8162 0.6308 -11.7108 -9.8669 0.0862 0.2000 0.4314 0.3922 0.1961 27.0387 2.0000 
2097 2098 19 0.6308 -11.7108 -9.8669 0.5750 -11.8877 -9.9415 0.0862 0.2000 0.4314 0.3922 0.1961 27.2171 2.0000 
2098 2099 19 0.5750 -11.8877 -9.9415 0.5582 -12.0675 -10.0276 0.0862 0.2000 0.4314 0.3922 0.1961 27.3975 2.0000 
2099 2100 19 0.5582 -12.0675 -10.0276 0.5151 -12.2447 -10.1096 0.0862 0.2000 0.4314 0.3922 0.1961 27.5798 2.0000 
2100 2101 19 0.5151 -12.2447 -10.1096 0.4424 -12.4121 -10.1915 0.0862 0.2000 0.4314 0.3922 0.1961 27.7642 2.0000 
2101 2102 19 0.4424 -12.4121 -10.1915 0.3781 -12.5831 -10.2729 0.0862 0.2000 0.4314 0.3922 0.1961 27.9508 2.0000 
2102 2103 19 0.3781 -12.5831 -10.2729 0.3180 -12.7556 -10.3543 0.0862 0.2000 0.4314 0.3922 0.1961 28.1395 2.0000 
2103 2104 19 0.3180 -12.7556 -10.3543 0.2613 -12.9289 -10.4364 0.0862 0.2000 0.4314 0.3922 0.1961 28.3304 2.0000 
2104 2105 19 0.2613 -12.9289 -10.4364 0.2515 -13.1278 -10.4548 0.0862 0.2000 0.4314 0.3922 0.1961 28.5236 2.0000 
2105 2106 19 0.2515 -13.1278 -10.4548 0.2820 -13.3239 -10.4796 0.0862 0.2000 0.4314 0.3922 0.1961 28.7191 2.0000 
2106 2107 19 0.2820 -13.3239 -10.4796 0.2786 -13.5201 -10.5181 0.0862 0.2000 0.4314 0.3922 0.1961 28.9169 2.0000 
2107 2108 19 0.2786 -13.5201 -10.5181 0.2761 -13.7179 -10.5480 0.0862 0.2000 0.4314 0.3922 0.1961 29.1173 2.0000 
2108 2109 19 0.2761 -13.7179 -10.5480 0.3374 -13.9066 -10.5726 0.0862 0.2000 0.4314 0.3922 0.1961 29.3201 2.0000 
2109 2110 19 0.3374 -13.9066 -10.5726 0.4008 -14.0918 -10.6136 0.0862 0.2000 0.4314 0.3922 0.1961 29.5254 2.0000 
2110 2111 19 0.4008 -14.0918 -10.6136 0.4678 -14.2732 -10.6646 0.0862 0.2000 0.4314 0.3922 0.1961 29.7334 2.0000 
2111 2112 19 0.4678 -14.2732 -10.6646 0.5154 -14.4606 -10.7159 0.0862 0.2000 0.4314 0.3922 0.1961 29.9441 2.0000 
2112 2113 19 0.5154 -14.4606 -10.7159 0.5315 -14.5095 -10.7269 0.0862 0.0527 0.4314 0.3922 0.1961 30.0000 2.0000 
46 2114 20 0.0073 0.0261 -10.3801 0.0994 -0.1495 -10.4054 0.0665 0.2000 0.4314 0.3922 0.1961 18.2051 2.0000 
2114 2115 20 0.0994 -0.1495 -10.4054 0.2256 -0.3029 -10.4291 0.0665 0.2000 0.4314 0.3922 0.1961 18.3010 2.0000 
2115 2116 20 0.2256 -0.3029 -10.4291 0.3447 -0.4615 -10.4548 0.0665 0.2000 0.4314 0.3922 0.1961 18.3975 2.0000 
2116 2117 20 0.3447 -0.4615 -10.4548 0.4587 -0.6145 -10.5149 0.0665 0.2000 0.4314 0.3922 0.1961 18.4947 2.0000 
2117 2118 20 0.4587 -0.6145 -10.5149 0.5729 -0.7682 -10.5725 0.0665 0.2000 0.4314 0.3922 0.1961 18.5926 2.0000 
2118 2119 20 0.5729 -0.7682 -10.5725 0.6927 -0.8928 -10.6731 0.0665 0.2000 0.4314 0.3922 0.1961 18.6911 2.0000 
2119 2120 20 0.6927 -0.8928 -10.6731 0.8082 -1.0185 -10.7774 0.0665 0.2000 0.4314 0.3922 0.1961 18.7902 2.0000 
2120 2121 20 0.8082 -1.0185 -10.7774 0.9199 -1.1584 -10.8664 0.0665 0.2000 0.4314 0.3922 0.1961 18.8901 2.0000 
2121 2122 20 0.9199 -1.1584 -10.8664 1.0079 -1.3084 -10.9654 0.0665 0.2000 0.4314 0.3922 0.1961 18.9906 2.0000 
2122 2123 20 1.0079 -1.3084 -10.9654 1.0925 -1.4749 -11.0368 0.0665 0.2000 0.4314 0.3922 0.1961 19.0918 2.0000 
2123 2124 20 1.0925 -1.4749 -11.0368 1.1754 -1.6461 -11.0986 0.0665 0.2000 0.4314 0.3922 0.1961 19.1938 2.0000 
2124 2125 20 1.1754 -1.6461 -11.0986 1.2531 -1.8183 -11.1644 0.0665 0.2000 0.4314 0.3922 0.1961 19.2964 2.0000 
2125 2126 20 1.2531 -1.8183 -11.1644 1.2980 -1.9999 -11.2351 0.0665 0.2000 0.4314 0.3922 0.1961 19.3998 2.0000 
2126 2127 20 1.2980 -1.9999 -11.2351 1.3595 -2.1776 -11.3031 0.0665 0.2000 0.4314 0.3922 0.1961 19.5039 2.0000 
2127 2128 20 1.3595 -2.1776 -11.3031 1.4486 -2.3440 -11.3694 0.0665 0.2000 0.4314 0.3922 0.1961 19.6087 2.0000 
2128 2129 20 1.4486 -2.3440 -11.3694 1.5315 -2.5117 -11.4400 0.0665 0.2000 0.4314 0.3922 0.1961 19.7144 2.0000 
2129 2130 20 1.5315 -2.5117 -11.4400 1.5712 -2.6892 -11.5232 0.0665 0.2000 0.4314 0.3922 0.1961 19.8207 2.0000 
2130 2131 20 1.5712 -2.6892 -11.5232 1.6151 -2.8590 -11.6194 0.0665 0.2000 0.4314 0.3922 0.1961 19.9279 2.0000 
2131 2132 20 1.6151 -2.8590 -11.6194 1.6556 -3.0280 -11.7183 0.0665 0.2000 0.4314 0.3922 0.1961 20.0359 2.0000 
2132 2133 20 1.6556 -3.0280 -11.7183 1.6900 -3.2009 -11.8127 0.0665 0.2000 0.4314 0.3922 0.1961 20.1446 2.0000 
2133 2134 20 1.6900 -3.2009 -11.8127 1.7238 -3.3722 -11.9104 0.0665 0.2000 0.4314 0.3922 0.1961 20.2542 2.0000 
2134 2135 20 1.7238 -3.3722 -11.9104 1.7372 -3.5485 -12.0037 0.0665 0.2000 0.4314 0.3922 0.1961 20.3646 2.0000 
2135 2136 20 1.7372 -3.5485 -12.0037 1.7526 -3.7255 -12.0957 0.0665 0.2000 0.4314 0.3922 0.1961 20.4759 2.0000 
2136 2137 20 1.7526 -3.7255 -12.0957 1.7723 -3.9114 -12.1666 0.0665 0.2000 0.4314 0.3922 0.1961 20.5880 2.0000 
2137 2138 20 1.7723 -3.9114 -12.1666 1.7849 -4.0819 -12.2704 0.0665 0.2000 0.4314 0.3922 0.1961 20.7009 2.0000 
2138 2139 20 1.7849 -4.0819 -12.2704 1.8246 -4.2199 -12.4096 0.0665 0.2000 0.4314 0.3922 0.1961 20.8148 2.0000 
2139 2140 20 1.8246 -4.2199 -12.4096 1.8698 -4.3820 -12.5177 0.0665 0.2000 0.4314 0.3922 0.1961 20.9295 2.0000 
2140 2141 20 1.8698 -4.3820 -12.5177 1.9113 -4.5450 -12.6259 0.0665 0.2000 0.4314 0.3922 0.1961 21.0451 2.0000 
2141 2142 20 1.9113 -4.5450 -12.6259 1.9431 -4.6983 -12.7503 0.0665 0.2000 0.4314 0.3922 0.1961 21.1617 2.0000 
2142 2143 20 1.9431 -4.6983 -12.7503 2.0311 -4.8190 -12.8834 0.0665 0.2000 0.4314 0.3922 0.1961 21.2792 2.0000 
2143 2144 20 2.0311 -4.8190 -12.8834 2.1268 -4.9335 -13.0165 0.0665 0.2000 0.4314 0.3922 0.1961 21.3977 2.0000 
2144 2145 20 2.1268 -4.9335 -13.0165 2.1782 -5.0345 -13.1813 0.0665 0.2000 0.4314 0.3922 0.1961 21.5171 2.0000 
2145 2146 20 2.1782 -5.0345 -13.1813 2.2261 -5.1448 -13.3411 0.0665 0.2000 0.4314 0.3922 0.1961 21.6375 2.0000 
2146 2147 20 2.2261 -5.1448 -13.3411 2.2506 -5.2559 -13.5056 0.0665 0.2000 0.4314 0.3922 0.1961 21.7589 2.0000 
2147 2148 20 2.2506 -5.2559 -13.5056 2.2652 -5.3730 -13.6671 0.0665 0.2000 0.4314 0.3922 0.1961 21.8814 2.0000 
2148 2149 20 2.2652 -5.3730 -13.6671 2.2114 -5.4438 -13.8462 0.0665 0.2000 0.4314 0.3922 0.1961 22.0048 2.0000 
2149 2150 20 2.2114 -5.4438 -13.8462 2.1451 -5.4925 -14.0285 0.0665 0.2000 0.4314 0.3922 0.1961 22.1293 2.0000 
2150 2151 20 2.1451 -5.4925 -14.0285 2.0782 -5.5487 -14.2084 0.0665 0.2000 0.4314 0.3922 0.1961 22.2549 2.0000 
2151 2152 20 2.0782 -5.5487 -14.2084 2.0132 -5.6090 -14.3877 0.0665 0.2000 0.4314 0.3922 0.1961 22.3816 2.0000 
2152 2153 20 2.0132 -5.6090 -14.3877 1.9352 -5.6681 -14.5621 0.0665 0.2000 0.4314 0.3922 0.1961 22.5094 2.0000 
2153 2154 20 1.9352 -5.6681 -14.5621 1.8696 -5.7214 -14.7434 0.0665 0.2000 0.4314 0.3922 0.1961 22.6383 2.0000 
2154 2155 20 1.8696 -5.7214 -14.7434 1.8109 -5.7826 -14.9245 0.0665 0.2000 0.4314 0.3922 0.1961 22.7684 2.0000 
2155 2156 20 1.8109 -5.7826 -14.9245 1.7721 -5.8199 -15.1171 0.0665 0.2000 0.4314 0.3922 0.1961 22.8996 2.0000 
2156 2157 20 1.7721 -5.8199 -15.1171 1.7345 -5.8384 -15.3127 0.0665 0.2000 0.4314 0.3922 0.1961 23.0320 2.0000 
2157 2158 20 1.7345 -5.8384 -15.3127 1.7055 -5.8656 -15.5087 0.0665 0.2000 0.4314 0.3922 0.1961 23.1656 2.0000 
2158 2159 20 1.7055 -5.8656 -15.5087 1.6767 -5.8935 -15.7046 0.0665 0.2000 0.4314 0.3922 0.1961 23.3005 2.0000 
2159 2160 20 1.6767 -5.8935 -15.7046 1.6661 -5.9502 -15.8962 0.0665 0.2000 0.4314 0.3922 0.1961 23.4366 2.0000 
2160 2161 20 1.6661 -5.9502 -15.8962 1.6797 -5.9995 -16.0895 0.0665 0.2000 0.4314 0.3922 0.1961 23.5740 2.0000 
2161 2162 20 1.6797 -5.9995 -16.0895 1.6538 -6.0195 -16.2868 0.0665 0.2000 0.4314 0.3922 0.1961 23.7127 2.0000 
2162 2163 20 1.6538 -6.0195 -16.2868 1.6351 -6.0387 -16.4850 0.0665 0.2000 0.4314 0.3922 0.1961 23.8527 2.0000 
2163 2164 20 1.6351 -6.0387 -16.4850 1.6118 -6.0495 -16.6833 0.0665 0.2000 0.4314 0.3922 0.1961 23.9941 2.0000 
2164 2165 20 1.6118 -6.0495 -16.6833 1.5998 -6.0409 -16.8828 0.0665 0.2000 0.4314 0.3922 0.1961 24.1369 2.0000 
2165 2166 20 1.5998 -6.0409 -16.8828 1.5889 -6.0311 -17.0822 0.0665 0.2000 0.4314 0.3922 0.1961 24.2811 2.0000 
2166 2167 20 1.5889 -6.0311 -17.0822 1.5814 -6.0361 -17.2820 0.0665 0.2000 0.4314 0.3922 0.1961 24.4267 2.0000 
2167 2168 20 1.5814 -6.0361 -17.2820 1.5702 -6.0551 -17.4808 0.0665 0.2000 0.4314 0.3922 0.1961 24.5737 2.0000 
2168 2169 20 1.5702 -6.0551 -17.4808 1.5477 -6.0918 -17.6761 0.0665 0.2000 0.4314 0.3922 0.1961 24.7223 2.0000 
2169 2170 20 1.5477 -6.0918 -17.6761 1.5383 -6.1406 -17.8699 0.0665 0.2000 0.4314 0.3922 0.1961 24.8724 2.0000 
2170 2171 20 1.5383 -6.1406 -17.8699 1.5269 -6.2057 -18.0586 0.0665 0.2000 0.4314 0.3922 0.1961 25.0241 2.0000 
2171 2172 20 1.5269 -6.2057 -18.0586 1.5183 -6.2674 -18.2487 0.0665 0.2000 0.4314 0.3922 0.1961 25.1773 2.0000 
2172 2173 20 1.5183 -6.2674 -18.2487 1.4812 -6.3269 -18.4360 0.0665 0.2000 0.4314 0.3922 0.1961 25.3322 2.0000 
2173 2174 20 1.4812 -6.3269 -18.4360 1.4440 -6.3816 -18.6247 0.0665 0.2000 0.4314 0.3922 0.1961 25.4887 2.0000 
2174 2175 20 1.4440 -6.3816 -18.6247 1.4578 -6.4487 -18.8126 0.0665 0.2000 0.4314 0.3922 0.1961 25.6469 2.0000 
2175 2176 20 1.4578 -6.4487 -18.8126 1.4944 -6.4988 -19.0028 0.0665 0.2000 0.4314 0.3922 0.1961 25.8069 2.0000 
2176 2177 20 1.4944 -6.4988 -19.0028 1.5046 -6.5444 -19.1972 0.0665 0.2000 0.4314 0.3922 0.1961 25.9686 2.0000 
2177 2178 20 1.5046 -6.5444 -19.1972 1.5202 -6.5900 -19.3914 0.0665 0.2000 0.4314 0.3922 0.1961 26.1322 2.0000 
2178 2179 20 1.5202 -6.5900 -19.3914 1.5147 -6.6070 -19.5906 0.0665 0.2000 0.4314 0.3922 0.1961 26.2975 2.0000 
2179 2180 20 1.5147 -6.6070 -19.5906 1.5152 -6.6559 -19.7845 0.0665 0.2000 0.4314 0.3922 0.1961 26.4648 2.0000 
2180 2181 20 1.5152 -6.6559 -19.7845 1.5406 -6.7243 -19.9707 0.0665 0.2000 0.4314 0.3922 0.1961 26.6340 2.0000 
2181 2182 20 1.5406 -6.7243 -19.9707 1.5476 -6.7846 -20.1613 0.0665 0.2000 0.4314 0.3922 0.1961 26.8052 2.0000 
2182 2183 20 1.5476 -6.7846 -20.1613 1.5003 -6.8010 -20.3549 0.0665 0.2000 0.4314 0.3922 0.1961 26.9785 2.0000 
2183 2184 20 1.5003 -6.8010 -20.3549 1.4732 -6.8198 -20.5522 0.0665 0.2000 0.4314 0.3922 0.1961 27.1538 2.0000 
2184 2185 20 1.4732 -6.8198 -20.5522 1.4445 -6.8395 -20.7491 0.0665 0.2000 0.4314 0.3922 0.1961 27.3312 2.0000 
2185 2186 20 1.4445 -6.8395 -20.7491 1.4266 -6.8597 -20.9473 0.0665 0.2000 0.4314 0.3922 0.1961 27.5108 2.0000 
2186 2187 20 1.4266 -6.8597 -20.9473 1.3963 -6.8610 -21.1450 0.0665 0.2000 0.4314 0.3922 0.1961 27.6927 2.0000 
2187 2188 20 1.3963 -6.8610 -21.1450 1.3639 -6.8666 -21.3423 0.0665 0.2000 0.4314 0.3922 0.1961 27.8768 2.0000 
2188 2189 20 1.3639 -6.8666 -21.3423 1.3597 -6.9295 -21.5321 0.0665 0.2000 0.4314 0.3922 0.1961 28.0633 2.0000 
2189 2190 20 1.3597 -6.9295 -21.5321 1.3907 -7.0069 -21.7139 0.0665 0.2000 0.4314 0.3922 0.1961 28.2522 2.0000 
2190 2191 20 1.3907 -7.0069 -21.7139 1.4418 -7.0675 -21.8975 0.0665 0.2000 0.4314 0.3922 0.1961 28.4436 2.0000 
2191 2192 20 1.4418 -7.0675 -21.8975 1.4997 -7.1081 -22.0846 0.0665 0.2000 0.4314 0.3922 0.1961 28.6375 2.0000 
2192 2193 20 1.4997 -7.1081 -22.0846 1.5523 -7.1491 -22.2731 0.0665 0.2000 0.4314 0.3922 0.1961 28.8341 2.0000 
2193 2194 20 1.5523 -7.1491 -22.2731 1.6340 -7.2099 -22.4452 0.0665 0.2000 0.4314 0.3922 0.1961 29.0333 2.0000 
2194 2195 20 1.6340 -7.2099 -22.4452 1.6861 -7.2653 -22.6302 0.0665 0.2000 0.4314 0.3922 0.1961 29.2353 2.0000 
2195 2196 20 1.6861 -7.2653 -22.6302 1.7498 -7.3260 -22.8098 0.0665 0.2000 0.4314 0.3922 0.1961 29.4400 2.0000 
2196 2197 20 1.7498 -7.3260 -22.8098 1.8310 -7.3888 -22.9815 0.0665 0.2000 0.4314 0.3922 0.1961 29.6477 2.0000 
2197 2198 20 1.8310 -7.3888 -22.9815 1.9197 -7.4623 -23.1450 0.0665 0.2000 0.4314 0.3922 0.1961 29.8584 2.0000 
2198 2199 20 1.9197 -7.4623 -23.1450 1.9900 -7.5226 -23.2400 0.0665 0.1328 0.4314 0.3922 0.1961 30.0000 2.0000 
48 2200 21 -0.0288 -0.0550 -10.7580 -0.2224 -0.0256 -10.7986 0.0649 0.2000 0.4314 0.3922 0.1961 18.6989 2.0000 
2200 2201 21 -0.2224 -0.0256 -10.7986 -0.4114 -0.0006 -10.8590 0.0649 0.2000 0.4314 0.3922 0.1961 18.7968 2.0000 
2201 2202 21 -0.4114 -0.0006 -10.8590 -0.6013 -0.0179 -10.9193 0.0649 0.2000 0.4314 0.3922 0.1961 18.8952 2.0000 
2202 2203 21 -0.6013 -0.0179 -10.9193 -0.7870 -0.0304 -10.9926 0.0649 0.2000 0.4314 0.3922 0.1961 18.9943 2.0000 
2203 2204 21 -0.7870 -0.0304 -10.9926 -0.9700 -0.0407 -11.0727 0.0649 0.2000 0.4314 0.3922 0.1961 19.0940 2.0000 
2204 2205 21 -0.9700 -0.0407 -11.0727 -1.1598 -0.0673 -11.1296 0.0649 0.2000 0.4314 0.3922 0.1961 19.1944 2.0000 
2205 2206 21 -1.1598 -0.0673 -11.1296 -1.3492 -0.0951 -11.1876 0.0649 0.2000 0.4314 0.3922 0.1961 19.2954 2.0000 
2206 2207 21 -1.3492 -0.0951 -11.1876 -1.5291 -0.1242 -11.2701 0.0649 0.2000 0.4314 0.3922 0.1961 19.3970 2.0000 
2207 2208 21 -1.5291 -0.1242 -11.2701 -1.7090 -0.1280 -11.3574 0.0649 0.2000 0.4314 0.3922 0.1961 19.4993 2.0000 
2208 2209 21 -1.7090 -0.1280 -11.3574 -1.8947 -0.1401 -11.4307 0.0649 0.2000 0.4314 0.3922 0.1961 19.6023 2.0000 
2209 2210 21 -1.8947 -0.1401 -11.4307 -2.0873 -0.1389 -11.4843 0.0649 0.2000 0.4314 0.3922 0.1961 19.7060 2.0000 
2210 2211 21 -2.0873 -0.1389 -11.4843 -2.2740 -0.1489 -11.5555 0.0649 0.2000 0.4314 0.3922 0.1961 19.8104 2.0000 
2211 2212 21 -2.2740 -0.1489 -11.5555 -2.4587 -0.1497 -11.6321 0.0649 0.2000 0.4314 0.3922 0.1961 19.9155 2.0000 
2212 2213 21 -2.4587 -0.1497 -11.6321 -2.6412 -0.1467 -11.7140 0.0649 0.2000 0.4314 0.3922 0.1961 20.0213 2.0000 
2213 2214 21 -2.6412 -0.1467 -11.7140 -2.8196 -0.1404 -11.8041 0.0649 0.2000 0.4314 0.3922 0.1961 20.1278 2.0000 
2214 2215 21 -2.8196 -0.1404 -11.8041 -3.0037 -0.1342 -11.8819 0.0649 0.2000 0.4314 0.3922 0.1961 20.2351 2.0000 
2215 2216 21 -3.0037 -0.1342 -11.8819 -3.1808 -0.1404 -11.9748 0.0649 0.2000 0.4314 0.3922 0.1961 20.3431 2.0000 
2216 2217 21 -3.1808 -0.1404 -11.9748 -3.3569 -0.1484 -12.0693 0.0649 0.2000 0.4314 0.3922 0.1961 20.4518 2.0000 
2217 2218 21 -3.3569 -0.1484 -12.0693 -3.5313 -0.1005 -12.1545 0.0649 0.2000 0.4314 0.3922 0.1961 20.5613 2.0000 
2218 2219 21 -3.5313 -0.1005 -12.1545 -3.6914 -0.0482 -12.2624 0.0649 0.2000 0.4314 0.3922 0.1961 20.6716 2.0000 
2219 2220 21 -3.6914 -0.0482 -12.2624 -3.8638 -0.0039 -12.3537 0.0649 0.2000 0.4314 0.3922 0.1961 20.7827 2.0000 
2220 2221 21 -3.8638 -0.0039 -12.3537 -3.9906 0.0759 -12.4861 0.0649 0.2000 0.4314 0.3922 0.1961 20.8946 2.0000 
2221 2222 21 -3.9906 0.0759 -12.4861 -4.0992 0.1704 -12.6249 0.0649 0.2000 0.4314 0.3922 0.1961 21.0072 2.0000 
2222 2223 21 -4.0992 0.1704 -12.6249 -4.2084 0.2478 -12.7735 0.0649 0.2000 0.4314 0.3922 0.1961 21.1208 2.0000 
2223 2224 21 -4.2084 0.2478 -12.7735 -4.3287 0.2744 -12.9311 0.0649 0.2000 0.4314 0.3922 0.1961 21.2351 2.0000 
2224 2225 21 -4.3287 0.2744 -12.9311 -4.4065 0.2646 -13.1151 0.0649 0.2000 0.4314 0.3922 0.1961 21.3503 2.0000 
2225 2226 21 -4.4065 0.2646 -13.1151 -4.4634 0.2649 -13.3068 0.0649 0.2000 0.4314 0.3922 0.1961 21.4663 2.0000 
2226 2227 21 -4.4634 0.2649 -13.3068 -4.5236 0.2408 -13.4960 0.0649 0.2000 0.4314 0.3922 0.1961 21.5832 2.0000 
2227 2228 21 -4.5236 0.2408 -13.4960 -4.5804 0.2106 -13.6854 0.0649 0.2000 0.4314 0.3922 0.1961 21.7010 2.0000 
2228 2229 21 -4.5804 0.2106 -13.6854 -4.5998 0.1536 -13.8761 0.0649 0.2000 0.4314 0.3922 0.1961 21.8197 2.0000 
2229 2230 21 -4.5998 0.1536 -13.8761 -4.5960 0.1111 -14.0715 0.0649 0.2000 0.4314 0.3922 0.1961 21.9393 2.0000 
2230 2231 21 -4.5960 0.1111 -14.0715 -4.6061 0.1078 -14.2712 0.0649 0.2000 0.4314 0.3922 0.1961 22.0598 2.0000 
2231 2232 21 -4.6061 0.1078 -14.2712 -4.5726 0.0845 -14.4670 0.0649 0.2000 0.4314 0.3922 0.1961 22.1813 2.0000 
2232 2233 21 -4.5726 0.0845 -14.4670 -4.5325 0.0818 -14.6630 0.0649 0.2000 0.4314 0.3922 0.1961 22.3037 2.0000 
2233 2234 21 -4.5325 0.0818 -14.6630 -4.4871 0.0642 -14.8569 0.0649 0.2000 0.4314 0.3922 0.1961 22.4271 2.0000 
2234 2235 21 -4.4871 0.0642 -14.8569 -4.4037 0.0383 -15.0368 0.0649 0.2000 0.4314 0.3922 0.1961 22.5514 2.0000 
2235 2236 21 -4.4037 0.0383 -15.0368 -4.3444 0.0512 -15.2274 0.0649 0.2000 0.4314 0.3922 0.1961 22.6768 2.0000 
2236 2237 21 -4.3444 0.0512 -15.2274 -4.2862 0.0771 -15.4170 0.0649 0.2000 0.4314 0.3922 0.1961 22.8032 2.0000 
2237 2238 21 -4.2862 0.0771 -15.4170 -4.2710 0.1061 -15.6143 0.0649 0.2000 0.4314 0.3922 0.1961 22.9306 2.0000 
2238 2239 21 -4.2710 0.1061 -15.6143 -4.2627 0.1402 -15.8112 0.0649 0.2000 0.4314 0.3922 0.1961 23.0591 2.0000 
2239 2240 21 -4.2627 0.1402 -15.8112 -4.2651 0.1367 -16.0111 0.0649 0.2000 0.4314 0.3922 0.1961 23.1886 2.0000 
2240 2241 21 -4.2651 0.1367 -16.0111 -4.2661 0.0932 -16.2064 0.0649 0.2000 0.4314 0.3922 0.1961 23.3192 2.0000 
2241 2242 21 -4.2661 0.0932 -16.2064 -4.2513 0.0550 -16.4021 0.0649 0.2000 0.4314 0.3922 0.1961 23.4510 2.0000 
2242 2243 21 -4.2513 0.0550 -16.4021 -4.2055 0.0130 -16.5922 0.0649 0.2000 0.4314 0.3922 0.1961 23.5838 2.0000 
2243 2244 21 -4.2055 0.0130 -16.5922 -4.1589 -0.0311 -16.7816 0.0649 0.2000 0.4314 0.3922 0.1961 23.7178 2.0000 
2244 2245 21 -4.1589 -0.0311 -16.7816 -4.1189 -0.0753 -16.9725 0.0649 0.2000 0.4314 0.3922 0.1961 23.8530 2.0000 
2245 2246 21 -4.1189 -0.0753 -16.9725 -4.0920 -0.1143 -17.1668 0.0649 0.2000 0.4314 0.3922 0.1961 23.9893 2.0000 
2246 2247 21 -4.0920 -0.1143 -17.1668 -4.0728 -0.1310 -17.3652 0.0649 0.2000 0.4314 0.3922 0.1961 24.1268 2.0000 
2247 2248 21 -4.0728 -0.1310 -17.3652 -4.0482 -0.1455 -17.5632 0.0649 0.2000 0.4314 0.3922 0.1961 24.2656 2.0000 
2248 2249 21 -4.0482 -0.1455 -17.5632 -4.0269 -0.1478 -17.7620 0.0649 0.2000 0.4314 0.3922 0.1961 24.4056 2.0000 
2249 2250 21 -4.0269 -0.1478 -17.7620 -4.0054 -0.1499 -17.9608 0.0649 0.2000 0.4314 0.3922 0.1961 24.5469 2.0000 
2250 2251 21 -4.0054 -0.1499 -17.9608 -3.9852 -0.1374 -18.1594 0.0649 0.2000 0.4314 0.3922 0.1961 24.6894 2.0000 
2251 2252 21 -3.9852 -0.1374 -18.1594 -3.9640 -0.1496 -18.3579 0.0649 0.2000 0.4314 0.3922 0.1961 24.8333 2.0000 
2252 2253 21 -3.9640 -0.1496 -18.3579 -3.9164 -0.1599 -18.5519 0.0649 0.2000 0.4314 0.3922 0.1961 24.9786 2.0000 
2253 2254 21 -3.9164 -0.1599 -18.5519 -3.8706 -0.1732 -18.7461 0.0649 0.2000 0.4314 0.3922 0.1961 25.1251 2.0000 
2254 2255 21 -3.8706 -0.1732 -18.7461 -3.8141 -0.1807 -18.9378 0.0649 0.2000 0.4314 0.3922 0.1961 25.2731 2.0000 
2255 2256 21 -3.8141 -0.1807 -18.9378 -3.7574 -0.2125 -19.1270 0.0649 0.2000 0.4314 0.3922 0.1961 25.4225 2.0000 
2256 2257 21 -3.7574 -0.2125 -19.1270 -3.7349 -0.2487 -19.3224 0.0649 0.2000 0.4314 0.3922 0.1961 25.5734 2.0000 
2257 2258 21 -3.7349 -0.2487 -19.3224 -3.7449 -0.2770 -19.5201 0.0649 0.2000 0.4314 0.3922 0.1961 25.7257 2.0000 
2258 2259 21 -3.7449 -0.2770 -19.5201 -3.7517 -0.3037 -19.7182 0.0649 0.2000 0.4314 0.3922 0.1961 25.8795 2.0000 
2259 2260 21 -3.7517 -0.3037 -19.7182 -3.7946 -0.3594 -19.9055 0.0649 0.2000 0.4314 0.3922 0.1961 26.0349 2.0000 
2260 2261 21 -3.7946 -0.3594 -19.9055 -3.8289 -0.3988 -20.0985 0.0649 0.2000 0.4314 0.3922 0.1961 26.1918 2.0000 
2261 2262 21 -3.8289 -0.3988 -20.0985 -3.8704 -0.4366 -20.2905 0.0649 0.2000 0.4314 0.3922 0.1961 26.3503 2.0000 
2262 2263 21 -3.8704 -0.4366 -20.2905 -3.8907 -0.4633 -20.4876 0.0649 0.2000 0.4314 0.3922 0.1961 26.5105 2.0000 
2263 2264 21 -3.8907 -0.4633 -20.4876 -3.9073 -0.4923 -20.6848 0.0649 0.2000 0.4314 0.3922 0.1961 26.6723 2.0000 
2264 2265 21 -3.9073 -0.4923 -20.6848 -3.9270 -0.5508 -20.8751 0.0649 0.2000 0.4314 0.3922 0.1961 26.8358 2.0000 
2265 2266 21 -3.9270 -0.5508 -20.8751 -3.9511 -0.6108 -21.0643 0.0649 0.2000 0.4314 0.3922 0.1961 27.0010 2.0000 
2266 2267 21 -3.9511 -0.6108 -21.0643 -3.9875 -0.6649 -21.2534 0.0649 0.2000 0.4314 0.3922 0.1961 27.1680 2.0000 
2267 2268 21 -3.9875 -0.6649 -21.2534 -4.0318 -0.7085 -21.4435 0.0649 0.2000 0.4314 0.3922 0.1961 27.3368 2.0000 
2268 2269 21 -4.0318 -0.7085 -21.4435 -4.0648 -0.7668 -21.6320 0.0649 0.2000 0.4314 0.3922 0.1961 27.5075 2.0000 
2269 2270 21 -4.0648 -0.7668 -21.6320 -4.0767 -0.7928 -21.8299 0.0649 0.2000 0.4314 0.3922 0.1961 27.6801 2.0000 
2270 2271 21 -4.0767 -0.7928 -21.8299 -4.0888 -0.8001 -22.0294 0.0649 0.2000 0.4314 0.3922 0.1961 27.8546 2.0000 
2271 2272 21 -4.0888 -0.8001 -22.0294 -4.0996 -0.7980 -22.2291 0.0649 0.2000 0.4314 0.3922 0.1961 28.0310 2.0000 
2272 2273 21 -4.0996 -0.7980 -22.2291 -4.1102 -0.7962 -22.4288 0.0649 0.2000 0.4314 0.3922 0.1961 28.2095 2.0000 
2273 2274 21 -4.1102 -0.7962 -22.4288 -4.1279 -0.7584 -22.6244 0.0649 0.2000 0.4314 0.3922 0.1961 28.3901 2.0000 
2274 2275 21 -4.1279 -0.7584 -22.6244 -4.1101 -0.7316 -22.8218 0.0649 0.2000 0.4314 0.3922 0.1961 28.5727 2.0000 
2275 2276 21 -4.1101 -0.7316 -22.8218 -4.0923 -0.7040 -23.0191 0.0649 0.2000 0.4314 0.3922 0.1961 28.7576 2.0000 
2276 2277 21 -4.0923 -0.7040 -23.0191 -4.0744 -0.6771 -23.2165 0.0649 0.2000 0.4314 0.3922 0.1961 28.9446 2.0000 
2277 2278 21 -4.0744 -0.6771 -23.2165 -4.0740 -0.6663 -23.4162 0.0649 0.2000 0.4314 0.3922 0.1961 29.1339 2.0000 
2278 2279 21 -4.0740 -0.6663 -23.4162 -4.0548 -0.7098 -23.6104 0.0649 0.2000 0.4314 0.3922 0.1961 29.3256 2.0000 
2279 2280 21 -4.0548 -0.7098 -23.6104 -4.0202 -0.7477 -23.8037 0.0649 0.2000 0.4314 0.3922 0.1961 29.5196 2.0000 
2280 2281 21 -4.0202 -0.7477 -23.8037 -3.9811 -0.7826 -23.9967 0.0649 0.2000 0.4314 0.3922 0.1961 29.7161 2.0000 
2281 2282 21 -3.9811 -0.7826 -23.9967 -3.9734 -0.7879 -24.1965 0.0649 0.2000 0.4314 0.3922 0.1961 29.9151 2.0000 
2282 2283 21 -3.9734 -0.7879 -24.1965 -3.9691 -0.7926 -24.2809 0.0649 0.0846 0.4314 0.3922 0.1961 30.0000 2.0000 
50 2284 22 -0.0880 -0.0877 -11.1432 -0.0776 0.0953 -11.2232 0.0955 0.2000 0.4314 0.3922 0.1961 19.2045 2.0000 
2284 2285 22 -0.0776 0.0953 -11.2232 -0.0373 0.2643 -11.3223 0.0955 0.2000 0.4314 0.3922 0.1961 19.3080 2.0000 
2285 2286 22 -0.0373 0.2643 -11.3223 0.0021 0.4359 -11.4171 0.0955 0.2000 0.4314 0.3922 0.1961 19.4122 2.0000 
2286 2287 22 0.0021 0.4359 -11.4171 0.0404 0.6066 -11.5142 0.0955 0.2000 0.4314 0.3922 0.1961 19.5171 2.0000 
2287 2288 22 0.0404 0.6066 -11.5142 0.0700 0.7798 -11.6095 0.0955 0.2000 0.4314 0.3922 0.1961 19.6227 2.0000 
2288 2289 22 0.0700 0.7798 -11.6095 0.1087 0.9561 -11.6958 0.0955 0.2000 0.4314 0.3922 0.1961 19.7291 2.0000 
2289 2290 22 0.1087 0.9561 -11.6958 0.1350 1.1102 -11.8206 0.0955 0.2000 0.4314 0.3922 0.1961 19.8362 2.0000 
2290 2291 22 0.1350 1.1102 -11.8206 0.1643 1.2713 -11.9354 0.0955 0.2000 0.4314 0.3922 0.1961 19.9441 2.0000 
2291 2292 22 0.1643 1.2713 -11.9354 0.1930 1.4305 -12.0530 0.0955 0.2000 0.4314 0.3922 0.1961 20.0527 2.0000 
2292 2293 22 0.1930 1.4305 -12.0530 0.2088 1.5587 -12.2057 0.0955 0.2000 0.4314 0.3922 0.1961 20.1621 2.0000 
2293 2294 22 0.2088 1.5587 -12.2057 0.2181 1.6909 -12.3555 0.0955 0.2000 0.4314 0.3922 0.1961 20.2722 2.0000 
2294 2295 22 0.2181 1.6909 -12.3555 0.2339 1.8289 -12.4994 0.0955 0.2000 0.4314 0.3922 0.1961 20.3832 2.0000 
2295 2296 22 0.2339 1.8289 -12.4994 0.2466 1.9564 -12.6530 0.0955 0.2000 0.4314 0.3922 0.1961 20.4950 2.0000 
2296 2297 22 0.2466 1.9564 -12.6530 0.2795 2.0630 -12.8190 0.0955 0.2000 0.4314 0.3922 0.1961 20.6075 2.0000 
2297 2298 22 0.2795 2.0630 -12.8190 0.3558 2.1387 -12.9876 0.0955 0.2000 0.4314 0.3922 0.1961 20.7210 2.0000 
2298 2299 22 0.3558 2.1387 -12.9876 0.4282 2.2155 -13.1575 0.0955 0.2000 0.4314 0.3922 0.1961 20.8352 2.0000 
2299 2300 22 0.4282 2.2155 -13.1575 0.4898 2.2780 -13.3372 0.0955 0.2000 0.4314 0.3922 0.1961 20.9503 2.0000 
2300 2301 22 0.4898 2.2780 -13.3372 0.5614 2.3298 -13.5167 0.0955 0.2000 0.4314 0.3922 0.1961 21.0663 2.0000 
2301 2302 22 0.5614 2.3298 -13.5167 0.6428 2.3777 -13.6929 0.0955 0.2000 0.4314 0.3922 0.1961 21.1831 2.0000 
2302 2303 22 0.6428 2.3777 -13.6929 0.7692 2.4078 -13.8450 0.0955 0.2000 0.4314 0.3922 0.1961 21.3009 2.0000 
2303 2304 22 0.7692 2.4078 -13.8450 0.8777 2.4116 -14.0130 0.0955 0.2000 0.4314 0.3922 0.1961 21.4195 2.0000 
2304 2305 22 0.8777 2.4116 -14.0130 0.9903 2.4215 -14.1780 0.0955 0.2000 0.4314 0.3922 0.1961 21.5391 2.0000 
2305 2306 22 0.9903 2.4215 -14.1780 1.0965 2.3949 -14.3453 0.0955 0.2000 0.4314 0.3922 0.1961 21.6596 2.0000 
2306 2307 22 1.0965 2.3949 -14.3453 1.2051 2.3555 -14.5086 0.0955 0.2000 0.4314 0.3922 0.1961 21.7810 2.0000 
2307 2308 22 1.2051 2.3555 -14.5086 1.3135 2.3051 -14.6689 0.0955 0.2000 0.4314 0.3922 0.1961 21.9034 2.0000 
2308 2309 22 1.3135 2.3051 -14.6689 1.3769 2.2580 -14.8527 0.0955 0.2000 0.4314 0.3922 0.1961 22.0268 2.0000 
2309 2310 22 1.3769 2.2580 -14.8527 1.4052 2.1748 -15.0323 0.0955 0.2000 0.4314 0.3922 0.1961 22.1512 2.0000 
2310 2311 22 1.4052 2.1748 -15.0323 1.4323 2.0928 -15.2127 0.0955 0.2000 0.4314 0.3922 0.1961 22.2766 2.0000 
2311 2312 22 1.4323 2.0928 -15.2127 1.4677 1.9522 -15.3505 0.0955 0.2000 0.4314 0.3922 0.1961 22.4031 2.0000 
2312 2313 22 1.4677 1.9522 -15.3505 1.5157 1.8149 -15.4878 0.0955 0.2000 0.4314 0.3922 0.1961 22.5305 2.0000 
2313 2314 22 1.5157 1.8149 -15.4878 1.5897 1.6928 -15.6279 0.0955 0.2000 0.4314 0.3922 0.1961 22.6591 2.0000 
2314 2315 22 1.5897 1.6928 -15.6279 1.6388 1.6005 -15.7984 0.0955 0.2000 0.4314 0.3922 0.1961 22.7887 2.0000 
2315 2316 22 1.6388 1.6005 -15.7984 1.6887 1.5077 -15.9684 0.0955 0.2000 0.4314 0.3922 0.1961 22.9194 2.0000 
2316 2317 22 1.6887 1.5077 -15.9684 1.7486 1.4151 -16.1352 0.0955 0.2000 0.4314 0.3922 0.1961 23.0513 2.0000 
2317 2318 22 1.7486 1.4151 -16.1352 1.8196 1.3267 -16.2999 0.0955 0.2000 0.4314 0.3922 0.1961 23.1842 2.0000 
2318 2319 22 1.8196 1.3267 -16.2999 1.9223 1.2871 -16.4670 0.0955 0.2000 0.4314 0.3922 0.1961 23.3184 2.0000 
2319 2320 22 1.9223 1.2871 -16.4670 2.0224 1.2490 -16.6358 0.0955 0.2000 0.4314 0.3922 0.1961 23.4537 2.0000 
2320 2321 22 2.0224 1.2490 -16.6358 2.0711 1.2310 -16.8290 0.0955 0.2000 0.4314 0.3922 0.1961 23.5902 2.0000 
2321 2322 22 2.0711 1.2310 -16.8290 2.1060 1.2290 -17.0259 0.0955 0.2000 0.4314 0.3922 0.1961 23.7279 2.0000 
2322 2323 22 2.1060 1.2290 -17.0259 2.1676 1.2261 -17.2162 0.0955 0.2000 0.4314 0.3922 0.1961 23.8669 2.0000 
2323 2324 22 2.1676 1.2261 -17.2162 2.2358 1.2175 -17.4040 0.0955 0.2000 0.4314 0.3922 0.1961 24.0071 2.0000 
2324 2325 22 2.2358 1.2175 -17.4040 2.3037 1.2090 -17.5919 0.0955 0.2000 0.4314 0.3922 0.1961 24.1486 2.0000 
2325 2326 22 2.3037 1.2090 -17.5919 2.3334 1.1726 -17.7863 0.0955 0.2000 0.4314 0.3922 0.1961 24.2914 2.0000 
2326 2327 22 2.3334 1.1726 -17.7863 2.3680 1.1611 -17.9829 0.0955 0.2000 0.4314 0.3922 0.1961 24.4356 2.0000 
2327 2328 22 2.3680 1.1611 -17.9829 2.3933 1.1369 -18.1799 0.0955 0.2000 0.4314 0.3922 0.1961 24.5811 2.0000 
2328 2329 22 2.3933 1.1369 -18.1799 2.4208 1.1241 -18.3775 0.0955 0.2000 0.4314 0.3922 0.1961 24.7280 2.0000 
2329 2330 22 2.4208 1.1241 -18.3775 2.4147 1.1070 -18.5767 0.0955 0.2000 0.4314 0.3922 0.1961 24.8764 2.0000 
2330 2331 22 2.4147 1.1070 -18.5767 2.4068 1.0909 -18.7759 0.0955 0.2000 0.4314 0.3922 0.1961 25.0261 2.0000 
2331 2332 22 2.4068 1.0909 -18.7759 2.4053 1.1038 -18.9755 0.0955 0.2000 0.4314 0.3922 0.1961 25.1774 2.0000 
2332 2333 22 2.4053 1.1038 -18.9755 2.4106 1.0836 -19.1744 0.0955 0.2000 0.4314 0.3922 0.1961 25.3301 2.0000 
2333 2334 22 2.4106 1.0836 -19.1744 2.4085 1.0390 -19.3693 0.0955 0.2000 0.4314 0.3922 0.1961 25.4844 2.0000 
2334 2335 22 2.4085 1.0390 -19.3693 2.4236 1.0020 -19.5653 0.0955 0.2000 0.4314 0.3922 0.1961 25.6402 2.0000 
2335 2336 22 2.4236 1.0020 -19.5653 2.4494 0.9812 -19.7625 0.0955 0.2000 0.4314 0.3922 0.1961 25.7976 2.0000 
2336 2337 22 2.4494 0.9812 -19.7625 2.4756 0.9611 -19.9598 0.0955 0.2000 0.4314 0.3922 0.1961 25.9566 2.0000 
2337 2338 22 2.4756 0.9611 -19.9598 2.4968 0.9203 -20.1545 0.0955 0.2000 0.4314 0.3922 0.1961 26.1173 2.0000 
2338 2339 22 2.4968 0.9203 -20.1545 2.5188 0.8790 -20.3489 0.0955 0.2000 0.4314 0.3922 0.1961 26.2797 2.0000 
2339 2340 22 2.5188 0.8790 -20.3489 2.4941 0.8316 -20.5416 0.0955 0.2000 0.4314 0.3922 0.1961 26.4438 2.0000 
2340 2341 22 2.4941 0.8316 -20.5416 2.4681 0.7876 -20.7350 0.0955 0.2000 0.4314 0.3922 0.1961 26.6097 2.0000 
2341 2342 22 2.4681 0.7876 -20.7350 2.4530 0.7305 -20.9261 0.0955 0.2000 0.4314 0.3922 0.1961 26.7774 2.0000 
2342 2343 22 2.4530 0.7305 -20.9261 2.4450 0.6693 -21.1163 0.0955 0.2000 0.4314 0.3922 0.1961 26.9469 2.0000 
2343 2344 22 2.4450 0.6693 -21.1163 2.4623 0.6210 -21.3096 0.0955 0.2000 0.4314 0.3922 0.1961 27.1184 2.0000 
2344 2345 22 2.4623 0.6210 -21.3096 2.4833 0.6127 -21.5083 0.0955 0.2000 0.4314 0.3922 0.1961 27.2917 2.0000 
2345 2346 22 2.4833 0.6127 -21.5083 2.4727 0.6055 -21.7079 0.0955 0.2000 0.4314 0.3922 0.1961 27.4670 2.0000 
2346 2347 22 2.4727 0.6055 -21.7079 2.4665 0.6092 -21.9078 0.0955 0.2000 0.4314 0.3922 0.1961 27.6443 2.0000 
2347 2348 22 2.4665 0.6092 -21.9078 2.4355 0.5893 -22.1044 0.0955 0.2000 0.4314 0.3922 0.1961 27.8237 2.0000 
2348 2349 22 2.4355 0.5893 -22.1044 2.3904 0.6005 -22.2989 0.0955 0.2000 0.4314 0.3922 0.1961 28.0052 2.0000 
2349 2350 22 2.3904 0.6005 -22.2989 2.3554 0.6048 -22.4958 0.0955 0.2000 0.4314 0.3922 0.1961 28.1889 2.0000 
2350 2351 22 2.3554 0.6048 -22.4958 2.3347 0.6374 -22.6920 0.0955 0.2000 0.4314 0.3922 0.1961 28.3748 2.0000 
2351 2352 22 2.3347 0.6374 -22.6920 2.3725 0.6168 -22.8873 0.0955 0.2000 0.4314 0.3922 0.1961 28.5629 2.0000 
2352 2353 22 2.3725 0.6168 -22.8873 2.4039 0.5488 -23.0728 0.0955 0.2000 0.4314 0.3922 0.1961 28.7534 2.0000 
2353 2354 22 2.4039 0.5488 -23.0728 2.4875 0.4801 -23.2409 0.0955 0.2000 0.4314 0.3922 0.1961 28.9463 2.0000 
2354 2355 22 2.4875 0.4801 -23.2409 2.5705 0.4028 -23.4056 0.0955 0.2000 0.4314 0.3922 0.1961 29.1416 2.0000 
2355 2356 22 2.5705 0.4028 -23.4056 2.6594 0.3073 -23.5572 0.0955 0.2000 0.4314 0.3922 0.1961 29.3394 2.0000 
2356 2357 22 2.6594 0.3073 -23.5572 2.7436 0.2363 -23.7242 0.0955 0.2000 0.4314 0.3922 0.1961 29.5397 2.0000 
2357 2358 22 2.7436 0.2363 -23.7242 2.8169 0.1658 -23.8964 0.0955 0.2000 0.4314 0.3922 0.1961 29.7428 2.0000 
2358 2359 22 2.8169 0.1658 -23.8964 2.8294 0.1329 -24.0933 0.0955 0.2000 0.4314 0.3922 0.1961 29.9485 2.0000 
2359 2360 22 2.8294 0.1329 -24.0933 2.8296 0.1240 -24.1421 0.0955 0.0497 0.4314 0.3922 0.1961 30.0000 2.0000 
53 2361 23 -0.1429 -0.0800 -11.5565 -0.3273 -0.0995 -11.6314 0.0738 0.2000 0.4314 0.3922 0.1961 19.7408 2.0000 
2361 2362 23 -0.3273 -0.0995 -11.6314 -0.5172 -0.1187 -11.6909 0.0738 0.2000 0.4314 0.3922 0.1961 19.8407 2.0000 
2362 2363 23 -0.5172 -0.1187 -11.6909 -0.7036 -0.1807 -11.7287 0.0738 0.2000 0.4314 0.3922 0.1961 19.9413 2.0000 
2363 2364 23 -0.7036 -0.1807 -11.7287 -0.8880 -0.2400 -11.7785 0.0738 0.2000 0.4314 0.3922 0.1961 20.0426 2.0000 
2364 2365 23 -0.8880 -0.2400 -11.7785 -1.0711 -0.2816 -11.8473 0.0738 0.2000 0.4314 0.3922 0.1961 20.1444 2.0000 
2365 2366 23 -1.0711 -0.2816 -11.8473 -1.2546 -0.3032 -11.9239 0.0738 0.2000 0.4314 0.3922 0.1961 20.2469 2.0000 
2366 2367 23 -1.2546 -0.3032 -11.9239 -1.4281 -0.3619 -12.0042 0.0738 0.2000 0.4314 0.3922 0.1961 20.3500 2.0000 
2367 2368 23 -1.4281 -0.3619 -12.0042 -1.5966 -0.4292 -12.0884 0.0738 0.2000 0.4314 0.3922 0.1961 20.4537 2.0000 
2368 2369 23 -1.5966 -0.4292 -12.0884 -1.7743 -0.4902 -12.1570 0.0738 0.2000 0.4314 0.3922 0.1961 20.5581 2.0000 
2369 2370 23 -1.7743 -0.4902 -12.1570 -1.9059 -0.4997 -12.3073 0.0738 0.2000 0.4314 0.3922 0.1961 20.6632 2.0000 
2370 2371 23 -1.9059 -0.4997 -12.3073 -2.0391 -0.5111 -12.4560 0.0738 0.2000 0.4314 0.3922 0.1961 20.7690 2.0000 
2371 2372 23 -2.0391 -0.5111 -12.4560 -2.1769 -0.5058 -12.6009 0.0738 0.2000 0.4314 0.3922 0.1961 20.8754 2.0000 
2372 2373 23 -2.1769 -0.5058 -12.6009 -2.3153 -0.5036 -12.7452 0.0738 0.2000 0.4314 0.3922 0.1961 20.9825 2.0000 
2373 2374 23 -2.3153 -0.5036 -12.7452 -2.4533 -0.5094 -12.8899 0.0738 0.2000 0.4314 0.3922 0.1961 21.0903 2.0000 
2374 2375 23 -2.4533 -0.5094 -12.8899 -2.5910 -0.5195 -13.0347 0.0738 0.2000 0.4314 0.3922 0.1961 21.1989 2.0000 
2375 2376 23 -2.5910 -0.5195 -13.0347 -2.7220 -0.5456 -13.1834 0.0738 0.2000 0.4314 0.3922 0.1961 21.3081 2.0000 
2376 2377 23 -2.7220 -0.5456 -13.1834 -2.8608 -0.6092 -13.3127 0.0738 0.2000 0.4314 0.3922 0.1961 21.4181 2.0000 
2377 2378 23 -2.8608 -0.6092 -13.3127 -3.0271 -0.6745 -13.4025 0.0738 0.2000 0.4314 0.3922 0.1961 21.5288 2.0000 
2378 2379 23 -3.0271 -0.6745 -13.4025 -3.1904 -0.7261 -13.5058 0.0738 0.2000 0.4314 0.3922 0.1961 21.6403 2.0000 
2379 2380 23 -3.1904 -0.7261 -13.5058 -3.3578 -0.7668 -13.6075 0.0738 0.2000 0.4314 0.3922 0.1961 21.7525 2.0000 
2380 2381 23 -3.3578 -0.7668 -13.6075 -3.5120 -0.7650 -13.7348 0.0738 0.2000 0.4314 0.3922 0.1961 21.8655 2.0000 
2381 2382 23 -3.5120 -0.7650 -13.7348 -3.6718 -0.7919 -13.8520 0.0738 0.2000 0.4314 0.3922 0.1961 21.9793 2.0000 
2382 2383 23 -3.6718 -0.7919 -13.8520 -3.8213 -0.7866 -13.9848 0.0738 0.2000 0.4314 0.3922 0.1961 22.0938 2.0000 
2383 2384 23 -3.8213 -0.7866 -13.9848 -3.9817 -0.7860 -14.1043 0.0738 0.2000 0.4314 0.3922 0.1961 22.2092 2.0000 
2384 2385 23 -3.9817 -0.7860 -14.1043 -4.1333 -0.7931 -14.2345 0.0738 0.2000 0.4314 0.3922 0.1961 22.3253 2.0000 
2385 2386 23 -4.1333 -0.7931 -14.2345 -4.2802 -0.7997 -14.3701 0.0738 0.2000 0.4314 0.3922 0.1961 22.4423 2.0000 
2386 2387 23 -4.2802 -0.7997 -14.3701 -4.3839 -0.7897 -14.5408 0.0738 0.2000 0.4314 0.3922 0.1961 22.5602 2.0000 
2387 2388 23 -4.3839 -0.7897 -14.5408 -4.4885 -0.7711 -14.7103 0.0738 0.2000 0.4314 0.3922 0.1961 22.6788 2.0000 
2388 2389 23 -4.4885 -0.7711 -14.7103 -4.5792 -0.7864 -14.8879 0.0738 0.2000 0.4314 0.3922 0.1961 22.7984 2.0000 
2389 2390 23 -4.5792 -0.7864 -14.8879 -4.6231 -0.8007 -15.0825 0.0738 0.2000 0.4314 0.3922 0.1961 22.9188 2.0000 
2390 2391 23 -4.6231 -0.8007 -15.0825 -4.6547 -0.8147 -15.2794 0.0738 0.2000 0.4314 0.3922 0.1961 23.0401 2.0000 
2391 2392 23 -4.6547 -0.8147 -15.2794 -4.6667 -0.8398 -15.4775 0.0738 0.2000 0.4314 0.3922 0.1961 23.1622 2.0000 
2392 2393 23 -4.6667 -0.8398 -15.4775 -4.6703 -0.8707 -15.6751 0.0738 0.2000 0.4314 0.3922 0.1961 23.2853 2.0000 
2393 2394 23 -4.6703 -0.8707 -15.6751 -4.6515 -0.9182 -15.8684 0.0738 0.2000 0.4314 0.3922 0.1961 23.4094 2.0000 
2394 2395 23 -4.6515 -0.9182 -15.8684 -4.5557 -1.0023 -16.0225 0.0738 0.2000 0.4314 0.3922 0.1961 23.5343 2.0000 
2395 2396 23 -4.5557 -1.0023 -16.0225 -4.4565 -1.0192 -16.1954 0.0738 0.2000 0.4314 0.3922 0.1961 23.6602 2.0000 
2396 2397 23 -4.4565 -1.0192 -16.1954 -4.4228 -1.0848 -16.3813 0.0738 0.2000 0.4314 0.3922 0.1961 23.7871 2.0000 
2397 2398 23 -4.4228 -1.0848 -16.3813 -4.3901 -1.1520 -16.5668 0.0738 0.2000 0.4314 0.3922 0.1961 23.9150 2.0000 
2398 2399 23 -4.3901 -1.1520 -16.5668 -4.3305 -1.1809 -16.7555 0.0738 0.2000 0.4314 0.3922 0.1961 24.0439 2.0000 
2399 2400 23 -4.3305 -1.1809 -16.7555 -4.2146 -1.1906 -16.9182 0.0738 0.2000 0.4314 0.3922 0.1961 24.1737 2.0000 
2400 2401 23 -4.2146 -1.1906 -16.9182 -4.1040 -1.1924 -17.0849 0.0738 0.2000 0.4314 0.3922 0.1961 24.3046 2.0000 
2401 2402 23 -4.1040 -1.1924 -17.0849 -3.9827 -1.1918 -17.2439 0.0738 0.2000 0.4314 0.3922 0.1961 24.4366 2.0000 
2402 2403 23 -3.9827 -1.1918 -17.2439 -3.8691 -1.1795 -17.4081 0.0738 0.2000 0.4314 0.3922 0.1961 24.5696 2.0000 
2403 2404 23 -3.8691 -1.1795 -17.4081 -3.7606 -1.1679 -17.5757 0.0738 0.2000 0.4314 0.3922 0.1961 24.7037 2.0000 
2404 2405 23 -3.7606 -1.1679 -17.5757 -3.7006 -1.1573 -17.7661 0.0738 0.2000 0.4314 0.3922 0.1961 24.8389 2.0000 
2405 2406 23 -3.7006 -1.1573 -17.7661 -3.6462 -1.1719 -17.9581 0.0738 0.2000 0.4314 0.3922 0.1961 24.9752 2.0000 
2406 2407 23 -3.6462 -1.1719 -17.9581 -3.6126 -1.1629 -18.1550 0.0738 0.2000 0.4314 0.3922 0.1961 25.1127 2.0000 
2407 2408 23 -3.6126 -1.1629 -18.1550 -3.6255 -1.1531 -18.3544 0.0738 0.2000 0.4314 0.3922 0.1961 25.2513 2.0000 
2408 2409 23 -3.6255 -1.1531 -18.3544 -3.6115 -1.1577 -18.5538 0.0738 0.2000 0.4314 0.3922 0.1961 25.3911 2.0000 
2409 2410 23 -3.6115 -1.1577 -18.5538 -3.6034 -1.1753 -18.7529 0.0738 0.2000 0.4314 0.3922 0.1961 25.5320 2.0000 
2410 2411 23 -3.6034 -1.1753 -18.7529 -3.5952 -1.1619 -18.9523 0.0738 0.2000 0.4314 0.3922 0.1961 25.6742 2.0000 
2411 2412 23 -3.5952 -1.1619 -18.9523 -3.5601 -1.1468 -19.1486 0.0738 0.2000 0.4314 0.3922 0.1961 25.8176 2.0000 
2412 2413 23 -3.5601 -1.1468 -19.1486 -3.5423 -1.1128 -19.3449 0.0738 0.2000 0.4314 0.3922 0.1961 25.9623 2.0000 
2413 2414 23 -3.5423 -1.1128 -19.3449 -3.4829 -1.0898 -19.5345 0.0738 0.2000 0.4314 0.3922 0.1961 26.1083 2.0000 
2414 2415 23 -3.4829 -1.0898 -19.5345 -3.4353 -1.0591 -19.7263 0.0738 0.2000 0.4314 0.3922 0.1961 26.2555 2.0000 
2415 2416 23 -3.4353 -1.0591 -19.7263 -3.3903 -1.0270 -19.9185 0.0738 0.2000 0.4314 0.3922 0.1961 26.4041 2.0000 
2416 2417 23 -3.3903 -1.0270 -19.9185 -3.3710 -0.9950 -20.1149 0.0738 0.2000 0.4314 0.3922 0.1961 26.5540 2.0000 
2417 2418 23 -3.3710 -0.9950 -20.1149 -3.3471 -0.9543 -20.3093 0.0738 0.2000 0.4314 0.3922 0.1961 26.7053 2.0000 
2418 2419 23 -3.3471 -0.9543 -20.3093 -3.3367 -0.9319 -20.5078 0.0738 0.2000 0.4314 0.3922 0.1961 26.8580 2.0000 
2419 2420 23 -3.3367 -0.9319 -20.5078 -3.3098 -0.8957 -20.7026 0.0738 0.2000 0.4314 0.3922 0.1961 27.0122 2.0000 
2420 2421 23 -3.3098 -0.8957 -20.7026 -3.2923 -0.8838 -20.9015 0.0738 0.2000 0.4314 0.3922 0.1961 27.1677 2.0000 
2421 2422 23 -3.2923 -0.8838 -20.9015 -3.2998 -0.8677 -21.1007 0.0738 0.2000 0.4314 0.3922 0.1961 27.3248 2.0000 
2422 2423 23 -3.2998 -0.8677 -21.1007 -3.3139 -0.8584 -21.3000 0.0738 0.2000 0.4314 0.3922 0.1961 27.4834 2.0000 
2423 2424 23 -3.3139 -0.8584 -21.3000 -3.3284 -0.8495 -21.4993 0.0738 0.2000 0.4314 0.3922 0.1961 27.6435 2.0000 
2424 2425 23 -3.3284 -0.8495 -21.4993 -3.3195 -0.8161 -21.6963 0.0738 0.2000 0.4314 0.3922 0.1961 27.8052 2.0000 
2425 2426 23 -3.3195 -0.8161 -21.6963 -3.3638 -0.7288 -21.8706 0.0738 0.2000 0.4314 0.3922 0.1961 27.9684 2.0000 
2426 2427 23 -3.3638 -0.7288 -21.8706 -3.3754 -0.6647 -22.0597 0.0738 0.2000 0.4314 0.3922 0.1961 28.1334 2.0000 
2427 2428 23 -3.3754 -0.6647 -22.0597 -3.3949 -0.6196 -22.2536 0.0738 0.2000 0.4314 0.3922 0.1961 28.2999 2.0000 
2428 2429 23 -3.3949 -0.6196 -22.2536 -3.3932 -0.5826 -22.4501 0.0738 0.2000 0.4314 0.3922 0.1961 28.4682 2.0000 
2429 2430 23 -3.3932 -0.5826 -22.4501 -3.4339 -0.5946 -22.6456 0.0738 0.2000 0.4314 0.3922 0.1961 28.6382 2.0000 
2430 2431 23 -3.4339 -0.5946 -22.6456 -3.4782 -0.6070 -22.8402 0.0738 0.2000 0.4314 0.3922 0.1961 28.8100 2.0000 
2431 2432 23 -3.4782 -0.6070 -22.8402 -3.4937 -0.6589 -23.0328 0.0738 0.2000 0.4314 0.3922 0.1961 28.9835 2.0000 
2432 2433 23 -3.4937 -0.6589 -23.0328 -3.5017 -0.7059 -23.2270 0.0738 0.2000 0.4314 0.3922 0.1961 29.1590 2.0000 
2433 2434 23 -3.5017 -0.7059 -23.2270 -3.5163 -0.7538 -23.4206 0.0738 0.2000 0.4314 0.3922 0.1961 29.3363 2.0000 
2434 2435 23 -3.5163 -0.7538 -23.4206 -3.5758 -0.7757 -23.6103 0.0738 0.2000 0.4314 0.3922 0.1961 29.5155 2.0000 
2435 2436 23 -3.5758 -0.7757 -23.6103 -3.6356 -0.7945 -23.8002 0.0738 0.2000 0.4314 0.3922 0.1961 29.6967 2.0000 
2436 2437 23 -3.6356 -0.7945 -23.8002 -3.6479 -0.7951 -23.9998 0.0738 0.2000 0.4314 0.3922 0.1961 29.8799 2.0000 
2437 2438 23 -3.6479 -0.7951 -23.9998 -3.6558 -0.7950 -24.1295 0.0738 0.1299 0.4314 0.3922 0.1961 30.0000 2.0000 
55 2439 24 -0.1269 -0.0862 -11.9458 -0.2862 -0.1753 -12.0276 0.0587 0.2000 0.4314 0.3922 0.1961 20.2487 2.0000 
2439 2440 24 -0.2862 -0.1753 -12.0276 -0.4620 -0.2554 -12.0795 0.0587 0.2000 0.4314 0.3922 0.1961 20.3467 2.0000 
2440 2441 24 -0.4620 -0.2554 -12.0795 -0.6072 -0.3647 -12.1629 0.0587 0.2000 0.4314 0.3922 0.1961 20.4454 2.0000 
2441 2442 24 -0.6072 -0.3647 -12.1629 -0.7534 -0.4722 -12.2471 0.0587 0.2000 0.4314 0.3922 0.1961 20.5448 2.0000 
2442 2443 24 -0.7534 -0.4722 -12.2471 -0.9236 -0.5422 -12.3252 0.0587 0.2000 0.4314 0.3922 0.1961 20.6448 2.0000 
2443 2444 24 -0.9236 -0.5422 -12.3252 -1.0976 -0.6164 -12.3903 0.0587 0.2000 0.4314 0.3922 0.1961 20.7456 2.0000 
2444 2445 24 -1.0976 -0.6164 -12.3903 -1.2728 -0.6453 -12.4824 0.0587 0.2000 0.4314 0.3922 0.1961 20.8471 2.0000 
2445 2446 24 -1.2728 -0.6453 -12.4824 -1.4353 -0.6509 -12.5987 0.0587 0.2000 0.4314 0.3922 0.1961 20.9493 2.0000 
2446 2447 24 -1.4353 -0.6509 -12.5987 -1.5917 -0.6551 -12.7234 0.0587 0.2000 0.4314 0.3922 0.1961 21.0522 2.0000 
2447 2448 24 -1.5917 -0.6551 -12.7234 -1.7487 -0.6494 -12.8471 0.0587 0.2000 0.4314 0.3922 0.1961 21.1559 2.0000 
2448 2449 24 -1.7487 -0.6494 -12.8471 -1.9087 -0.6495 -12.9672 0.0587 0.2000 0.4314 0.3922 0.1961 21.2604 2.0000 
2449 2450 24 -1.9087 -0.6495 -12.9672 -2.0694 -0.6392 -13.0857 0.0587 0.2000 0.4314 0.3922 0.1961 21.3656 2.0000 
2450 2451 24 -2.0694 -0.6392 -13.0857 -2.2141 -0.6217 -13.2226 0.0587 0.2000 0.4314 0.3922 0.1961 21.4716 2.0000 
2451 2452 24 -2.2141 -0.6217 -13.2226 -2.3391 -0.5842 -13.3742 0.0587 0.2000 0.4314 0.3922 0.1961 21.5784 2.0000 
2452 2453 24 -2.3391 -0.5842 -13.3742 -2.4864 -0.5549 -13.5063 0.0587 0.2000 0.4314 0.3922 0.1961 21.6860 2.0000 
2453 2454 24 -2.4864 -0.5549 -13.5063 -2.6167 -0.5376 -13.6570 0.0587 0.2000 0.4314 0.3922 0.1961 21.7944 2.0000 
2454 2455 24 -2.6167 -0.5376 -13.6570 -2.7503 -0.5155 -13.8043 0.0587 0.2000 0.4314 0.3922 0.1961 21.9037 2.0000 
2455 2456 24 -2.7503 -0.5155 -13.8043 -2.8568 -0.4615 -13.9647 0.0587 0.2000 0.4314 0.3922 0.1961 22.0138 2.0000 
2456 2457 24 -2.8568 -0.4615 -13.9647 -2.9642 -0.4184 -14.1278 0.0587 0.2000 0.4314 0.3922 0.1961 22.1247 2.0000 
2457 2458 24 -2.9642 -0.4184 -14.1278 -3.0580 -0.3741 -14.2988 0.0587 0.2000 0.4314 0.3922 0.1961 22.2366 2.0000 
2458 2459 24 -3.0580 -0.3741 -14.2988 -3.1379 -0.3471 -14.4802 0.0587 0.2000 0.4314 0.3922 0.1961 22.3493 2.0000 
2459 2460 24 -3.1379 -0.3471 -14.4802 -3.2104 -0.3202 -14.6646 0.0587 0.2000 0.4314 0.3922 0.1961 22.4629 2.0000 
2460 2461 24 -3.2104 -0.3202 -14.6646 -3.2668 -0.3010 -14.8555 0.0587 0.2000 0.4314 0.3922 0.1961 22.5774 2.0000 
2461 2462 24 -3.2668 -0.3010 -14.8555 -3.3251 -0.2710 -15.0445 0.0587 0.2000 0.4314 0.3922 0.1961 22.6928 2.0000 
2462 2463 24 -3.3251 -0.2710 -15.0445 -3.3778 -0.2138 -15.2287 0.0587 0.2000 0.4314 0.3922 0.1961 22.8092 2.0000 
2463 2464 24 -3.3778 -0.2138 -15.2287 -3.4239 -0.1529 -15.4136 0.0587 0.2000 0.4314 0.3922 0.1961 22.9266 2.0000 
2464 2465 24 -3.4239 -0.1529 -15.4136 -3.4526 -0.1215 -15.6090 0.0587 0.2000 0.4314 0.3922 0.1961 23.0449 2.0000 
2465 2466 24 -3.4526 -0.1215 -15.6090 -3.4813 -0.0894 -15.8043 0.0587 0.2000 0.4314 0.3922 0.1961 23.1642 2.0000 
2466 2467 24 -3.4813 -0.0894 -15.8043 -3.4965 -0.0671 -16.0025 0.0587 0.2000 0.4314 0.3922 0.1961 23.2845 2.0000 
2467 2468 24 -3.4965 -0.0671 -16.0025 -3.4870 -0.0696 -16.2022 0.0587 0.2000 0.4314 0.3922 0.1961 23.4058 2.0000 
2468 2469 24 -3.4870 -0.0696 -16.2022 -3.4854 -0.0784 -16.4020 0.0587 0.2000 0.4314 0.3922 0.1961 23.5282 2.0000 
2469 2470 24 -3.4854 -0.0784 -16.4020 -3.4791 -0.1019 -16.6006 0.0587 0.2000 0.4314 0.3922 0.1961 23.6516 2.0000 
2470 2471 24 -3.4791 -0.1019 -16.6006 -3.5287 -0.1094 -16.7942 0.0587 0.2000 0.4314 0.3922 0.1961 23.7761 2.0000 
2471 2472 24 -3.5287 -0.1094 -16.7942 -3.5547 -0.1159 -16.9924 0.0587 0.2000 0.4314 0.3922 0.1961 23.9017 2.0000 
2472 2473 24 -3.5547 -0.1159 -16.9924 -3.5917 -0.0767 -17.1850 0.0587 0.2000 0.4314 0.3922 0.1961 24.0284 2.0000 
2473 2474 24 -3.5917 -0.0767 -17.1850 -3.6259 -0.0420 -17.3789 0.0587 0.2000 0.4314 0.3922 0.1961 24.1563 2.0000 
2474 2475 24 -3.6259 -0.0420 -17.3789 -3.6441 -0.0208 -17.5770 0.0587 0.2000 0.4314 0.3922 0.1961 24.2853 2.0000 
2475 2476 24 -3.6441 -0.0208 -17.5770 -3.6610 0.0018 -17.7750 0.0587 0.2000 0.4314 0.3922 0.1961 24.4155 2.0000 
2476 2477 24 -3.6610 0.0018 -17.7750 -3.6804 0.0449 -17.9693 0.0587 0.2000 0.4314 0.3922 0.1961 24.5469 2.0000 
2477 2478 24 -3.6804 0.0449 -17.9693 -3.6998 0.0885 -18.1635 0.0587 0.2000 0.4314 0.3922 0.1961 24.6795 2.0000 
2478 2479 24 -3.6998 0.0885 -18.1635 -3.7067 0.1295 -18.3592 0.0587 0.2000 0.4314 0.3922 0.1961 24.8133 2.0000 
2479 2480 24 -3.7067 0.1295 -18.3592 -3.7245 0.1774 -18.5525 0.0587 0.2000 0.4314 0.3922 0.1961 24.9485 2.0000 
2480 2481 24 -3.7245 0.1774 -18.5525 -3.7693 0.2242 -18.7417 0.0587 0.2000 0.4314 0.3922 0.1961 25.0849 2.0000 
2481 2482 24 -3.7693 0.2242 -18.7417 -3.8199 0.2658 -18.9307 0.0587 0.2000 0.4314 0.3922 0.1961 25.2226 2.0000 
2482 2483 24 -3.8199 0.2658 -18.9307 -3.8420 0.2788 -19.1291 0.0587 0.2000 0.4314 0.3922 0.1961 25.3617 2.0000 
2483 2484 24 -3.8420 0.2788 -19.1291 -3.8696 0.3036 -19.3256 0.0587 0.2000 0.4314 0.3922 0.1961 25.5021 2.0000 
2484 2485 24 -3.8696 0.3036 -19.3256 -3.8780 0.3317 -19.5234 0.0587 0.2000 0.4314 0.3922 0.1961 25.6439 2.0000 
2485 2486 24 -3.8780 0.3317 -19.5234 -3.8892 0.3431 -19.7228 0.0587 0.2000 0.4314 0.3922 0.1961 25.7872 2.0000 
2486 2487 24 -3.8892 0.3431 -19.7228 -3.8879 0.3307 -19.9224 0.0587 0.2000 0.4314 0.3922 0.1961 25.9319 2.0000 
2487 2488 24 -3.8879 0.3307 -19.9224 -3.8780 0.3129 -20.1214 0.0587 0.2000 0.4314 0.3922 0.1961 26.0781 2.0000 
2488 2489 24 -3.8780 0.3129 -20.1214 -3.8705 0.2888 -20.3198 0.0587 0.2000 0.4314 0.3922 0.1961 26.2258 2.0000 
2489 2490 24 -3.8705 0.2888 -20.3198 -3.8618 0.2750 -20.5191 0.0587 0.2000 0.4314 0.3922 0.1961 26.3751 2.0000 
2490 2491 24 -3.8618 0.2750 -20.5191 -3.8847 0.2693 -20.7177 0.0587 0.2000 0.4314 0.3922 0.1961 26.5259 2.0000 
2491 2492 24 -3.8847 0.2693 -20.7177 -3.8997 0.2734 -20.9171 0.0587 0.2000 0.4314 0.3922 0.1961 26.6784 2.0000 
2492 2493 24 -3.8997 0.2734 -20.9171 -3.8996 0.2542 -21.1162 0.0587 0.2000 0.4314 0.3922 0.1961 26.8325 2.0000 
2493 2494 24 -3.8996 0.2542 -21.1162 -3.9000 0.2338 -21.3151 0.0587 0.2000 0.4314 0.3922 0.1961 26.9882 2.0000 
2494 2495 24 -3.9000 0.2338 -21.3151 -3.8949 0.2363 -21.5151 0.0587 0.2000 0.4314 0.3922 0.1961 27.1457 2.0000 
2495 2496 24 -3.8949 0.2363 -21.5151 -3.8946 0.2401 -21.7150 0.0587 0.2000 0.4314 0.3922 0.1961 27.3050 2.0000 
2496 2497 24 -3.8946 0.2401 -21.7150 -3.8874 0.2399 -21.9149 0.0587 0.2000 0.4314 0.3922 0.1961 27.4660 2.0000 
2497 2498 24 -3.8874 0.2399 -21.9149 -3.8724 0.2466 -22.1142 0.0587 0.2000 0.4314 0.3922 0.1961 27.6289 2.0000 
2498 2499 24 -3.8724 0.2466 -22.1142 -3.8573 0.2532 -22.3135 0.0587 0.2000 0.4314 0.3922 0.1961 27.7937 2.0000 
2499 2500 24 -3.8573 0.2532 -22.3135 -3.8393 0.2624 -22.5125 0.0587 0.2000 0.4314 0.3922 0.1961 27.9604 2.0000 
2500 2501 24 -3.8393 0.2624 -22.5125 -3.8320 0.2607 -22.7124 0.0587 0.2000 0.4314 0.3922 0.1961 28.1290 2.0000 
2501 2502 24 -3.8320 0.2607 -22.7124 -3.8365 0.2504 -22.9121 0.0587 0.2000 0.4314 0.3922 0.1961 28.2997 2.0000 
2502 2503 24 -3.8365 0.2504 -22.9121 -3.8451 0.2152 -23.1088 0.0587 0.2000 0.4314 0.3922 0.1961 28.4725 2.0000 
2503 2504 24 -3.8451 0.2152 -23.1088 -3.8596 0.1947 -23.3072 0.0587 0.2000 0.4314 0.3922 0.1961 28.6473 2.0000 
2504 2505 24 -3.8596 0.1947 -23.3072 -3.8762 0.1749 -23.5055 0.0587 0.2000 0.4314 0.3922 0.1961 28.8244 2.0000 
2505 2506 24 -3.8762 0.1749 -23.5055 -3.8545 0.1967 -23.7031 0.0587 0.2000 0.4314 0.3922 0.1961 29.0036 2.0000 
2506 2507 24 -3.8545 0.1967 -23.7031 -3.8404 0.2251 -23.9006 0.0587 0.2000 0.4314 0.3922 0.1961 29.1852 2.0000 
2507 2508 24 -3.8404 0.2251 -23.9006 -3.8084 0.2220 -24.0980 0.0587 0.2000 0.4314 0.3922 0.1961 29.3691 2.0000 
2508 2509 24 -3.8084 0.2220 -24.0980 -3.7713 0.2252 -24.2945 0.0587 0.2000 0.4314 0.3922 0.1961 29.5553 2.0000 
2509 2510 24 -3.7713 0.2252 -24.2945 -3.7609 0.2389 -24.4938 0.0587 0.2000 0.4314 0.3922 0.1961 29.7441 2.0000 
2510 2511 24 -3.7609 0.2389 -24.4938 -3.7633 0.2532 -24.6932 0.0587 0.2000 0.4314 0.3922 0.1961 29.9354 2.0000 
2511 2512 24 -3.7633 0.2532 -24.6932 -3.7675 0.2572 -24.7600 0.0587 0.0670 0.4314 0.3922 0.1961 30.0000 2.0000 
57 2513 25 -0.1945 -0.0828 -12.3380 -0.1333 -0.2510 -12.4272 0.0830 0.2000 0.4314 0.3922 0.1961 20.7846 2.0000 
2513 2514 25 -0.1333 -0.2510 -12.4272 -0.0635 -0.4068 -12.5314 0.0830 0.2000 0.4314 0.3922 0.1961 20.8910 2.0000 
2514 2515 25 -0.0635 -0.4068 -12.5314 -0.0001 -0.5496 -12.6562 0.0830 0.2000 0.4314 0.3922 0.1961 20.9980 2.0000 
2515 2516 25 -0.0001 -0.5496 -12.6562 0.0952 -0.6394 -12.8074 0.0830 0.2000 0.4314 0.3922 0.1961 21.1057 2.0000 
2516 2517 25 0.0952 -0.6394 -12.8074 0.1629 -0.6804 -12.9911 0.0830 0.2000 0.4314 0.3922 0.1961 21.2142 2.0000 
2517 2518 25 0.1629 -0.6804 -12.9911 0.2256 -0.7339 -13.1733 0.0830 0.2000 0.4314 0.3922 0.1961 21.3234 2.0000 
2518 2519 25 0.2256 -0.7339 -13.1733 0.2740 -0.7958 -13.3572 0.0830 0.2000 0.4314 0.3922 0.1961 21.4333 2.0000 
2519 2520 25 0.2740 -0.7958 -13.3572 0.3697 -0.8577 -13.5216 0.0830 0.2000 0.4314 0.3922 0.1961 21.5440 2.0000 
2520 2521 25 0.3697 -0.8577 -13.5216 0.4427 -0.9349 -13.6910 0.0830 0.2000 0.4314 0.3922 0.1961 21.6554 2.0000 
2521 2522 25 0.4427 -0.9349 -13.6910 0.5711 -0.9830 -13.8366 0.0830 0.2000 0.4314 0.3922 0.1961 21.7676 2.0000 
2522 2523 25 0.5711 -0.9830 -13.8366 0.7127 -0.9945 -13.9774 0.0830 0.2000 0.4314 0.3922 0.1961 21.8806 2.0000 
2523 2524 25 0.7127 -0.9945 -13.9774 0.8349 -1.0083 -14.1351 0.0830 0.2000 0.4314 0.3922 0.1961 21.9943 2.0000 
2524 2525 25 0.8349 -1.0083 -14.1351 0.9571 -1.0195 -14.2930 0.0830 0.2000 0.4314 0.3922 0.1961 22.1089 2.0000 
2525 2526 25 0.9571 -1.0195 -14.2930 1.0745 -1.0339 -14.4543 0.0830 0.2000 0.4314 0.3922 0.1961 22.2242 2.0000 
2526 2527 25 1.0745 -1.0339 -14.4543 1.1940 -1.0639 -14.6118 0.0830 0.2000 0.4314 0.3922 0.1961 22.3404 2.0000 
2527 2528 25 1.1940 -1.0639 -14.6118 1.2867 -1.0811 -14.7882 0.0830 0.2000 0.4314 0.3922 0.1961 22.4574 2.0000 
2528 2529 25 1.2867 -1.0811 -14.7882 1.3843 -1.1059 -14.9610 0.0830 0.2000 0.4314 0.3922 0.1961 22.5753 2.0000 
2529 2530 25 1.3843 -1.1059 -14.9610 1.5048 -1.1485 -15.1149 0.0830 0.2000 0.4314 0.3922 0.1961 22.6940 2.0000 
2530 2531 25 1.5048 -1.1485 -15.1149 1.6431 -1.1607 -15.2588 0.0830 0.2000 0.4314 0.3922 0.1961 22.8136 2.0000 
2531 2532 25 1.6431 -1.1607 -15.2588 1.7894 -1.1635 -15.3952 0.0830 0.2000 0.4314 0.3922 0.1961 22.9341 2.0000 
2532 2533 25 1.7894 -1.1635 -15.3952 1.8980 -1.1727 -15.5628 0.0830 0.2000 0.4314 0.3922 0.1961 23.0555 2.0000 
2533 2534 25 1.8980 -1.1727 -15.5628 2.0091 -1.1909 -15.7282 0.0830 0.2000 0.4314 0.3922 0.1961 23.1778 2.0000 
2534 2535 25 2.0091 -1.1909 -15.7282 2.1140 -1.2008 -15.8981 0.0830 0.2000 0.4314 0.3922 0.1961 23.3010 2.0000 
2535 2536 25 2.1140 -1.2008 -15.8981 2.2286 -1.1472 -16.0531 0.0830 0.2000 0.4314 0.3922 0.1961 23.4251 2.0000 
2536 2537 25 2.2286 -1.1472 -16.0531 2.3622 -1.1296 -16.2008 0.0830 0.2000 0.4314 0.3922 0.1961 23.5502 2.0000 
2537 2538 25 2.3622 -1.1296 -16.2008 2.4892 -1.1377 -16.3551 0.0830 0.2000 0.4314 0.3922 0.1961 23.6763 2.0000 
2538 2539 25 2.4892 -1.1377 -16.3551 2.6115 -1.1478 -16.5131 0.0830 0.2000 0.4314 0.3922 0.1961 23.8033 2.0000 
2539 2540 25 2.6115 -1.1478 -16.5131 2.7279 -1.1625 -16.6751 0.0830 0.2000 0.4314 0.3922 0.1961 23.9314 2.0000 
2540 2541 25 2.7279 -1.1625 -16.6751 2.8249 -1.1865 -16.8483 0.0830 0.2000 0.4314 0.3922 0.1961 24.0605 2.0000 
2541 2542 25 2.8249 -1.1865 -16.8483 2.8766 -1.2102 -17.0400 0.0830 0.2000 0.4314 0.3922 0.1961 24.1905 2.0000 
2542 2543 25 2.8766 -1.2102 -17.0400 2.9135 -1.2491 -17.2327 0.0830 0.2000 0.4314 0.3922 0.1961 24.3217 2.0000 
2543 2544 25 2.9135 -1.2491 -17.2327 2.9468 -1.2925 -17.4251 0.0830 0.2000 0.4314 0.3922 0.1961 24.4539 2.0000 
2544 2545 25 2.9468 -1.2925 -17.4251 2.9958 -1.3245 -17.6163 0.0830 0.2000 0.4314 0.3922 0.1961 24.5872 2.0000 
2545 2546 25 2.9958 -1.3245 -17.6163 3.0299 -1.3429 -17.8125 0.0830 0.2000 0.4314 0.3922 0.1961 24.7215 2.0000 
2546 2547 25 3.0299 -1.3429 -17.8125 3.0582 -1.3818 -18.0066 0.0830 0.2000 0.4314 0.3922 0.1961 24.8570 2.0000 
2547 2548 25 3.0582 -1.3818 -18.0066 3.0394 -1.3921 -18.2055 0.0830 0.2000 0.4314 0.3922 0.1961 24.9936 2.0000 
2548 2549 25 3.0394 -1.3921 -18.2055 3.0261 -1.3860 -18.4050 0.0830 0.2000 0.4314 0.3922 0.1961 25.1314 2.0000 
2549 2550 25 3.0261 -1.3860 -18.4050 2.9951 -1.3915 -18.6025 0.0830 0.2000 0.4314 0.3922 0.1961 25.2704 2.0000 
2550 2551 25 2.9951 -1.3915 -18.6025 2.9835 -1.3493 -18.7976 0.0830 0.2000 0.4314 0.3922 0.1961 25.4105 2.0000 
2551 2552 25 2.9835 -1.3493 -18.7976 2.9644 -1.3064 -18.9920 0.0830 0.2000 0.4314 0.3922 0.1961 25.5519 2.0000 
2552 2553 25 2.9644 -1.3064 -18.9920 2.9468 -1.2641 -19.1867 0.0830 0.2000 0.4314 0.3922 0.1961 25.6945 2.0000 
2553 2554 25 2.9468 -1.2641 -19.1867 2.9381 -1.2191 -19.3814 0.0830 0.2000 0.4314 0.3922 0.1961 25.8384 2.0000 
2554 2555 25 2.9381 -1.2191 -19.3814 2.9431 -1.1670 -19.5744 0.0830 0.2000 0.4314 0.3922 0.1961 25.9835 2.0000 
2555 2556 25 2.9431 -1.1670 -19.5744 2.9636 -1.1011 -19.7621 0.0830 0.2000 0.4314 0.3922 0.1961 26.1299 2.0000 
2556 2557 25 2.9636 -1.1011 -19.7621 2.9755 -1.0173 -19.9434 0.0830 0.2000 0.4314 0.3922 0.1961 26.2777 2.0000 
2557 2558 25 2.9755 -1.0173 -19.9434 3.0107 -0.9275 -20.1185 0.0830 0.2000 0.4314 0.3922 0.1961 26.4268 2.0000 
2558 2559 25 3.0107 -0.9275 -20.1185 3.0467 -0.8338 -20.2915 0.0830 0.2000 0.4314 0.3922 0.1961 26.5773 2.0000 
2559 2560 25 3.0467 -0.8338 -20.2915 3.0972 -0.7609 -20.4708 0.0830 0.2000 0.4314 0.3922 0.1961 26.7292 2.0000 
2560 2561 25 3.0972 -0.7609 -20.4708 3.1624 -0.6929 -20.6472 0.0830 0.2000 0.4314 0.3922 0.1961 26.8825 2.0000 
2561 2562 25 3.1624 -0.6929 -20.6472 3.2420 -0.6523 -20.8261 0.0830 0.2000 0.4314 0.3922 0.1961 27.0373 2.0000 
2562 2563 25 3.2420 -0.6523 -20.8261 3.3232 -0.6169 -21.0055 0.0830 0.2000 0.4314 0.3922 0.1961 27.1936 2.0000 
2563 2564 25 3.3232 -0.6169 -21.0055 3.4081 -0.5851 -21.1837 0.0830 0.2000 0.4314 0.3922 0.1961 27.3514 2.0000 
2564 2565 25 3.4081 -0.5851 -21.1837 3.4818 -0.5737 -21.3693 0.0830 0.2000 0.4314 0.3922 0.1961 27.5107 2.0000 
2565 2566 25 3.4818 -0.5737 -21.3693 3.5357 -0.5610 -21.5615 0.0830 0.2000 0.4314 0.3922 0.1961 27.6716 2.0000 
2566 2567 25 3.5357 -0.5610 -21.5615 3.6105 -0.5710 -21.7467 0.0830 0.2000 0.4314 0.3922 0.1961 27.8341 2.0000 
2567 2568 25 3.6105 -0.5710 -21.7467 3.6991 -0.5683 -21.9260 0.0830 0.2000 0.4314 0.3922 0.1961 27.9982 2.0000 
2568 2569 25 3.6991 -0.5683 -21.9260 3.8029 -0.6004 -22.0939 0.0830 0.2000 0.4314 0.3922 0.1961 28.1640 2.0000 
2569 2570 25 3.8029 -0.6004 -22.0939 3.9132 -0.6299 -22.2581 0.0830 0.2000 0.4314 0.3922 0.1961 28.3315 2.0000 
2570 2571 25 3.9132 -0.6299 -22.2581 4.0448 -0.6224 -22.4085 0.0830 0.2000 0.4314 0.3922 0.1961 28.5007 2.0000 
2571 2572 25 4.0448 -0.6224 -22.4085 4.1727 -0.6149 -22.5621 0.0830 0.2000 0.4314 0.3922 0.1961 28.6717 2.0000 
2572 2573 25 4.1727 -0.6149 -22.5621 4.2887 -0.6339 -22.7239 0.0830 0.2000 0.4314 0.3922 0.1961 28.8445 2.0000 
2573 2574 25 4.2887 -0.6339 -22.7239 4.3830 -0.6453 -22.8999 0.0830 0.2000 0.4314 0.3922 0.1961 29.0192 2.0000 
2574 2575 25 4.3830 -0.6453 -22.8999 4.4759 -0.6502 -23.0770 0.0830 0.2000 0.4314 0.3922 0.1961 29.1958 2.0000 
2575 2576 25 4.4759 -0.6502 -23.0770 4.5686 -0.6950 -23.2484 0.0830 0.2000 0.4314 0.3922 0.1961 29.3743 2.0000 
2576 2577 25 4.5686 -0.6950 -23.2484 4.6646 -0.7594 -23.4116 0.0830 0.2000 0.4314 0.3922 0.1961 29.5547 2.0000 
2577 2578 25 4.6646 -0.7594 -23.4116 4.7033 -0.7901 -23.6054 0.0830 0.2000 0.4314 0.3922 0.1961 29.7372 2.0000 
2578 2579 25 4.7033 -0.7901 -23.6054 4.7304 -0.8182 -23.8016 0.0830 0.2000 0.4314 0.3922 0.1961 29.9218 2.0000 
2579 2580 25 4.7304 -0.8182 -23.8016 4.7392 -0.8369 -23.8831 0.0830 0.0841 0.4314 0.3922 0.1961 30.0000 2.0000 
59 2581 26 -0.2269 -0.0063 -12.7045 -0.4015 0.0712 -12.7636 0.0742 0.2000 0.4314 0.3922 0.1961 21.2855 2.0000 
2581 2582 26 -0.4015 0.0712 -12.7636 -0.5795 0.1402 -12.8235 0.0742 0.2000 0.4314 0.3922 0.1961 21.3894 2.0000 
2582 2583 26 -0.5795 0.1402 -12.8235 -0.7599 0.1625 -12.9068 0.0742 0.2000 0.4314 0.3922 0.1961 21.4941 2.0000 
2583 2584 26 -0.7599 0.1625 -12.9068 -0.9438 0.1935 -12.9790 0.0742 0.2000 0.4314 0.3922 0.1961 21.5995 2.0000 
2584 2585 26 -0.9438 0.1935 -12.9790 -1.1282 0.2202 -13.0517 0.0742 0.2000 0.4314 0.3922 0.1961 21.7056 2.0000 
2585 2586 26 -1.1282 0.2202 -13.0517 -1.3086 0.2397 -13.1360 0.0742 0.2000 0.4314 0.3922 0.1961 21.8124 2.0000 
2586 2587 26 -1.3086 0.2397 -13.1360 -1.4829 0.2654 -13.2306 0.0742 0.2000 0.4314 0.3922 0.1961 21.9200 2.0000 
2587 2588 26 -1.4829 0.2654 -13.2306 -1.6400 0.2932 -13.3512 0.0742 0.2000 0.4314 0.3922 0.1961 22.0283 2.0000 
2588 2589 26 -1.6400 0.2932 -13.3512 -1.7967 0.3201 -13.4726 0.0742 0.2000 0.4314 0.3922 0.1961 22.1374 2.0000 
2589 2590 26 -1.7967 0.3201 -13.4726 -1.9626 0.3532 -13.5792 0.0742 0.2000 0.4314 0.3922 0.1961 22.2473 2.0000 
2590 2591 26 -1.9626 0.3532 -13.5792 -2.1277 0.3842 -13.6877 0.0742 0.2000 0.4314 0.3922 0.1961 22.3579 2.0000 
2591 2592 26 -2.1277 0.3842 -13.6877 -2.2754 0.4024 -13.8214 0.0742 0.2000 0.4314 0.3922 0.1961 22.4694 2.0000 
2592 2593 26 -2.2754 0.4024 -13.8214 -2.4028 0.4173 -13.9748 0.0742 0.2000 0.4314 0.3922 0.1961 22.5817 2.0000 
2593 2594 26 -2.4028 0.4173 -13.9748 -2.5298 0.4319 -14.1286 0.0742 0.2000 0.4314 0.3922 0.1961 22.6947 2.0000 
2594 2595 26 -2.5298 0.4319 -14.1286 -2.6477 0.4441 -14.2897 0.0742 0.2000 0.4314 0.3922 0.1961 22.8086 2.0000 
2595 2596 26 -2.6477 0.4441 -14.2897 -2.7690 0.4564 -14.4482 0.0742 0.2000 0.4314 0.3922 0.1961 22.9234 2.0000 
2596 2597 26 -2.7690 0.4564 -14.4482 -2.8560 0.4879 -14.6255 0.0742 0.2000 0.4314 0.3922 0.1961 23.0390 2.0000 
2597 2598 26 -2.8560 0.4879 -14.6255 -2.9530 0.5062 -14.7995 0.0742 0.2000 0.4314 0.3922 0.1961 23.1555 2.0000 
2598 2599 26 -2.9530 0.5062 -14.7995 -3.0504 0.5257 -14.9731 0.0742 0.2000 0.4314 0.3922 0.1961 23.2728 2.0000 
2599 2600 26 -3.0504 0.5257 -14.9731 -3.1382 0.5384 -15.1523 0.0742 0.2000 0.4314 0.3922 0.1961 23.3911 2.0000 
2600 2601 26 -3.1382 0.5384 -15.1523 -3.2320 0.5539 -15.3283 0.0742 0.2000 0.4314 0.3922 0.1961 23.5103 2.0000 
2601 2602 26 -3.2320 0.5539 -15.3283 -3.3363 0.5825 -15.4965 0.0742 0.2000 0.4314 0.3922 0.1961 23.6304 2.0000 
2602 2603 26 -3.3363 0.5825 -15.4965 -3.4351 0.5757 -15.6703 0.0742 0.2000 0.4314 0.3922 0.1961 23.7514 2.0000 
2603 2604 26 -3.4351 0.5757 -15.6703 -3.5510 0.5979 -15.8318 0.0742 0.2000 0.4314 0.3922 0.1961 23.8734 2.0000 
2604 2605 26 -3.5510 0.5979 -15.8318 -3.6655 0.6163 -15.9947 0.0742 0.2000 0.4314 0.3922 0.1961 23.9963 2.0000 
2605 2606 26 -3.6655 0.6163 -15.9947 -3.7775 0.6092 -16.1602 0.0742 0.2000 0.4314 0.3922 0.1961 24.1203 2.0000 
2606 2607 26 -3.7775 0.6092 -16.1602 -3.8577 0.6322 -16.3420 0.0742 0.2000 0.4314 0.3922 0.1961 24.2452 2.0000 
2607 2608 26 -3.8577 0.6322 -16.3420 -3.9325 0.6048 -16.5255 0.0742 0.2000 0.4314 0.3922 0.1961 24.3712 2.0000 
2608 2609 26 -3.9325 0.6048 -16.5255 -4.0026 0.5899 -16.7122 0.0742 0.2000 0.4314 0.3922 0.1961 24.4981 2.0000 
2609 2610 26 -4.0026 0.5899 -16.7122 -4.0643 0.5870 -16.9024 0.0742 0.2000 0.4314 0.3922 0.1961 24.6262 2.0000 
2610 2611 26 -4.0643 0.5870 -16.9024 -4.1110 0.6127 -17.0951 0.0742 0.2000 0.4314 0.3922 0.1961 24.7553 2.0000 
2611 2612 26 -4.1110 0.6127 -17.0951 -4.1859 0.6360 -17.2791 0.0742 0.2000 0.4314 0.3922 0.1961 24.8855 2.0000 
2612 2613 26 -4.1859 0.6360 -17.2791 -4.2597 0.6539 -17.4641 0.0742 0.2000 0.4314 0.3922 0.1961 25.0168 2.0000 
2613 2614 26 -4.2597 0.6539 -17.4641 -4.3236 0.6741 -17.6526 0.0742 0.2000 0.4314 0.3922 0.1961 25.1492 2.0000 
2614 2615 26 -4.3236 0.6741 -17.6526 -4.3328 0.7310 -17.8441 0.0742 0.2000 0.4314 0.3922 0.1961 25.2827 2.0000 
2615 2616 26 -4.3328 0.7310 -17.8441 -4.3298 0.7763 -18.0389 0.0742 0.2000 0.4314 0.3922 0.1961 25.4175 2.0000 
2616 2617 26 -4.3298 0.7763 -18.0389 -4.3350 0.8251 -18.2328 0.0742 0.2000 0.4314 0.3922 0.1961 25.5534 2.0000 
2617 2618 26 -4.3350 0.8251 -18.2328 -4.3430 0.8714 -18.4272 0.0742 0.2000 0.4314 0.3922 0.1961 25.6905 2.0000 
2618 2619 26 -4.3430 0.8714 -18.4272 -4.3508 0.9191 -18.6212 0.0742 0.2000 0.4314 0.3922 0.1961 25.8288 2.0000 
2619 2620 26 -4.3508 0.9191 -18.6212 -4.3559 0.9642 -18.8160 0.0742 0.2000 0.4314 0.3922 0.1961 25.9684 2.0000 
2620 2621 26 -4.3559 0.9642 -18.8160 -4.3527 0.9952 -19.0136 0.0742 0.2000 0.4314 0.3922 0.1961 26.1092 2.0000 
2621 2622 26 -4.3527 0.9952 -19.0136 -4.3456 1.0199 -19.2119 0.0742 0.2000 0.4314 0.3922 0.1961 26.2514 2.0000 
2622 2623 26 -4.3456 1.0199 -19.2119 -4.2949 1.0463 -19.4036 0.0742 0.2000 0.4314 0.3922 0.1961 26.3948 2.0000 
2623 2624 26 -4.2949 1.0463 -19.4036 -4.2712 1.0460 -19.6022 0.0742 0.2000 0.4314 0.3922 0.1961 26.5396 2.0000 
2624 2625 26 -4.2712 1.0460 -19.6022 -4.2476 1.0437 -19.8008 0.0742 0.2000 0.4314 0.3922 0.1961 26.6858 2.0000 
2625 2626 26 -4.2476 1.0437 -19.8008 -4.2420 1.0429 -20.0007 0.0742 0.2000 0.4314 0.3922 0.1961 26.8333 2.0000 
2626 2627 26 -4.2420 1.0429 -20.0007 -4.2306 1.0235 -20.1994 0.0742 0.2000 0.4314 0.3922 0.1961 26.9823 2.0000 
2627 2628 26 -4.2306 1.0235 -20.1994 -4.2112 1.0303 -20.3983 0.0742 0.2000 0.4314 0.3922 0.1961 27.1327 2.0000 
2628 2629 26 -4.2112 1.0303 -20.3983 -4.1854 1.0280 -20.5967 0.0742 0.2000 0.4314 0.3922 0.1961 27.2846 2.0000 
2629 2630 26 -4.1854 1.0280 -20.5967 -4.1897 1.0217 -20.7965 0.0742 0.2000 0.4314 0.3922 0.1961 27.4380 2.0000 
2630 2631 26 -4.1897 1.0217 -20.7965 -4.1861 1.0154 -20.9964 0.0742 0.2000 0.4314 0.3922 0.1961 27.5930 2.0000 
2631 2632 26 -4.1861 1.0154 -20.9964 -4.1927 1.0197 -21.1962 0.0742 0.2000 0.4314 0.3922 0.1961 27.7495 2.0000 
2632 2633 26 -4.1927 1.0197 -21.1962 -4.1880 1.0186 -21.3962 0.0742 0.2000 0.4314 0.3922 0.1961 27.9076 2.0000 
2633 2634 26 -4.1880 1.0186 -21.3962 -4.1776 1.0229 -21.5959 0.0742 0.2000 0.4314 0.3922 0.1961 28.0673 2.0000 
2634 2635 26 -4.1776 1.0229 -21.5959 -4.1591 1.0333 -21.7947 0.0742 0.2000 0.4314 0.3922 0.1961 28.2287 2.0000 
2635 2636 26 -4.1591 1.0333 -21.7947 -4.1451 1.0358 -21.9942 0.0742 0.2000 0.4314 0.3922 0.1961 28.3918 2.0000 
2636 2637 26 -4.1451 1.0358 -21.9942 -4.1235 1.0292 -22.1929 0.0742 0.2000 0.4314 0.3922 0.1961 28.5566 2.0000 
2637 2638 26 -4.1235 1.0292 -22.1929 -4.1042 1.0233 -22.3919 0.0742 0.2000 0.4314 0.3922 0.1961 28.7233 2.0000 
2638 2639 26 -4.1042 1.0233 -22.3919 -4.0858 1.0197 -22.5910 0.0742 0.2000 0.4314 0.3922 0.1961 28.8917 2.0000 
2639 2640 26 -4.0858 1.0197 -22.5910 -4.0842 1.0085 -22.7907 0.0742 0.2000 0.4314 0.3922 0.1961 29.0619 2.0000 
2640 2641 26 -4.0842 1.0085 -22.7907 -4.0945 1.0089 -22.9905 0.0742 0.2000 0.4314 0.3922 0.1961 29.2341 2.0000 
2641 2642 26 -4.0945 1.0089 -22.9905 -4.1098 1.0065 -23.1899 0.0742 0.2000 0.4314 0.3922 0.1961 29.4082 2.0000 
2642 2643 26 -4.1098 1.0065 -23.1899 -4.1746 0.9777 -23.3768 0.0742 0.2000 0.4314 0.3922 0.1961 29.5843 2.0000 
2643 2644 26 -4.1746 0.9777 -23.3768 -4.2481 0.9547 -23.5614 0.0742 0.2000 0.4314 0.3922 0.1961 29.7624 2.0000 
2644 2645 26 -4.2481 0.9547 -23.5614 -4.3016 0.9454 -23.7539 0.0742 0.2000 0.4314 0.3922 0.1961 29.9426 2.0000 
2645 2646 26 -4.3016 0.9454 -23.7539 -4.3170 0.9424 -23.8152 0.0742 0.0633 0.4314 0.3922 0.1961 30.0000 2.0000 
61 2647 27 -0.2155 0.1082 -13.0614 -0.1770 -0.0233 -13.2072 0.0602 0.2000 0.4314 0.3922 0.1961 21.7820 2.0000 
2647 2648 27 -0.1770 -0.0233 -13.2072 -0.1418 -0.1337 -13.3702 0.0602 0.2000 0.4314 0.3922 0.1961 21.8746 2.0000 
2648 2649 27 -0.1418 -0.1337 -13.3702 -0.1245 -0.2563 -13.5272 0.0602 0.2000 0.4314 0.3922 0.1961 21.9678 2.0000 
2649 2650 27 -0.1245 -0.2563 -13.5272 -0.1082 -0.3793 -13.6840 0.0602 0.2000 0.4314 0.3922 0.1961 22.0617 2.0000 
2650 2651 27 -0.1082 -0.3793 -13.6840 -0.1038 -0.5021 -13.8419 0.0602 0.2000 0.4314 0.3922 0.1961 22.1562 2.0000 
2651 2652 27 -0.1038 -0.5021 -13.8419 -0.0746 -0.6138 -14.0052 0.0602 0.2000 0.4314 0.3922 0.1961 22.2513 2.0000 
2652 2653 27 -0.0746 -0.6138 -14.0052 -0.0456 -0.7257 -14.1684 0.0602 0.2000 0.4314 0.3922 0.1961 22.3471 2.0000 
2653 2654 27 -0.0456 -0.7257 -14.1684 -0.0055 -0.8431 -14.3253 0.0602 0.2000 0.4314 0.3922 0.1961 22.4435 2.0000 
2654 2655 27 -0.0055 -0.8431 -14.3253 -0.0042 -0.9533 -14.4922 0.0602 0.2000 0.4314 0.3922 0.1961 22.5406 2.0000 
2655 2656 27 -0.0042 -0.9533 -14.4922 -0.0077 -1.0757 -14.6503 0.0602 0.2000 0.4314 0.3922 0.1961 22.6384 2.0000 
2656 2657 27 -0.0077 -1.0757 -14.6503 0.0020 -1.1971 -14.8090 0.0602 0.2000 0.4314 0.3922 0.1961 22.7369 2.0000 
2657 2658 27 0.0020 -1.1971 -14.8090 -0.0117 -1.3113 -14.9726 0.0602 0.2000 0.4314 0.3922 0.1961 22.8361 2.0000 
2658 2659 27 -0.0117 -1.3113 -14.9726 -0.0213 -1.4279 -15.1348 0.0602 0.2000 0.4314 0.3922 0.1961 22.9360 2.0000 
2659 2660 27 -0.0213 -1.4279 -15.1348 -0.0283 -1.5539 -15.2900 0.0602 0.2000 0.4314 0.3922 0.1961 23.0367 2.0000 
2660 2661 27 -0.0283 -1.5539 -15.2900 -0.0589 -1.6779 -15.4438 0.0602 0.2000 0.4314 0.3922 0.1961 23.1380 2.0000 
2661 2662 27 -0.0589 -1.6779 -15.4438 -0.0735 -1.7998 -15.6017 0.0602 0.2000 0.4314 0.3922 0.1961 23.2401 2.0000 
2662 2663 27 -0.0735 -1.7998 -15.6017 -0.1187 -1.9406 -15.7364 0.0602 0.2000 0.4314 0.3922 0.1961 23.3430 2.0000 
2663 2664 27 -0.1187 -1.9406 -15.7364 -0.1836 -2.0665 -15.8776 0.0602 0.2000 0.4314 0.3922 0.1961 23.4466 2.0000 
2664 2665 27 -0.1836 -2.0665 -15.8776 -0.2330 -2.1864 -16.0299 0.0602 0.2000 0.4314 0.3922 0.1961 23.5510 2.0000 
2665 2666 27 -0.2330 -2.1864 -16.0299 -0.2827 -2.3069 -16.1816 0.0602 0.2000 0.4314 0.3922 0.1961 23.6562 2.0000 
2666 2667 27 -0.2827 -2.3069 -16.1816 -0.3607 -2.3959 -16.3428 0.0602 0.2000 0.4314 0.3922 0.1961 23.7622 2.0000 
2667 2668 27 -0.3607 -2.3959 -16.3428 -0.4379 -2.4846 -16.5046 0.0602 0.2000 0.4314 0.3922 0.1961 23.8690 2.0000 
2668 2669 27 -0.4379 -2.4846 -16.5046 -0.5331 -2.5475 -16.6688 0.0602 0.2000 0.4314 0.3922 0.1961 23.9766 2.0000 
2669 2670 27 -0.5331 -2.5475 -16.6688 -0.6335 -2.5807 -16.8386 0.0602 0.2000 0.4314 0.3922 0.1961 24.0851 2.0000 
2670 2671 27 -0.6335 -2.5807 -16.8386 -0.7373 -2.6150 -17.0060 0.0602 0.2000 0.4314 0.3922 0.1961 24.1944 2.0000 
2671 2672 27 -0.7373 -2.6150 -17.0060 -0.8412 -2.6531 -17.1726 0.0602 0.2000 0.4314 0.3922 0.1961 24.3046 2.0000 
2672 2673 27 -0.8412 -2.6531 -17.1726 -0.9563 -2.6867 -17.3328 0.0602 0.2000 0.4314 0.3922 0.1961 24.4157 2.0000 
2673 2674 27 -0.9563 -2.6867 -17.3328 -1.0712 -2.7233 -17.4923 0.0602 0.2000 0.4314 0.3922 0.1961 24.5276 2.0000 
2674 2675 27 -1.0712 -2.7233 -17.4923 -1.1907 -2.7553 -17.6495 0.0602 0.2000 0.4314 0.3922 0.1961 24.6405 2.0000 
2675 2676 27 -1.1907 -2.7553 -17.6495 -1.2573 -2.8007 -17.8325 0.0602 0.2000 0.4314 0.3922 0.1961 24.7543 2.0000 
2676 2677 27 -1.2573 -2.8007 -17.8325 -1.2947 -2.8110 -18.0287 0.0602 0.2000 0.4314 0.3922 0.1961 24.8690 2.0000 
2677 2678 27 -1.2947 -2.8110 -18.0287 -1.3132 -2.8346 -18.2264 0.0602 0.2000 0.4314 0.3922 0.1961 24.9847 2.0000 
2678 2679 27 -1.3132 -2.8346 -18.2264 -1.3111 -2.8484 -18.4259 0.0602 0.2000 0.4314 0.3922 0.1961 25.1013 2.0000 
2679 2680 27 -1.3111 -2.8484 -18.4259 -1.3188 -2.8643 -18.6252 0.0602 0.2000 0.4314 0.3922 0.1961 25.2190 2.0000 
2680 2681 27 -1.3188 -2.8643 -18.6252 -1.2977 -2.8501 -18.8235 0.0602 0.2000 0.4314 0.3922 0.1961 25.3376 2.0000 
2681 2682 27 -1.2977 -2.8501 -18.8235 -1.2834 -2.8421 -19.0228 0.0602 0.2000 0.4314 0.3922 0.1961 25.4573 2.0000 
2682 2683 27 -1.2834 -2.8421 -19.0228 -1.2810 -2.8393 -19.2228 0.0602 0.2000 0.4314 0.3922 0.1961 25.5780 2.0000 
2683 2684 27 -1.2810 -2.8393 -19.2228 -1.2862 -2.8660 -19.4209 0.0602 0.2000 0.4314 0.3922 0.1961 25.6997 2.0000 
2684 2685 27 -1.2862 -2.8660 -19.4209 -1.3003 -2.8683 -19.6204 0.0602 0.2000 0.4314 0.3922 0.1961 25.8225 2.0000 
2685 2686 27 -1.3003 -2.8683 -19.6204 -1.3088 -2.8743 -19.8202 0.0602 0.2000 0.4314 0.3922 0.1961 25.9464 2.0000 
2686 2687 27 -1.3088 -2.8743 -19.8202 -1.3112 -2.8843 -20.0199 0.0602 0.2000 0.4314 0.3922 0.1961 26.0715 2.0000 
2687 2688 27 -1.3112 -2.8843 -20.0199 -1.3042 -2.8837 -20.2198 0.0602 0.2000 0.4314 0.3922 0.1961 26.1976 2.0000 
2688 2689 27 -1.3042 -2.8837 -20.2198 -1.3185 -2.9157 -20.4167 0.0602 0.2000 0.4314 0.3922 0.1961 26.3250 2.0000 
2689 2690 27 -1.3185 -2.9157 -20.4167 -1.3519 -2.9414 -20.6122 0.0602 0.2000 0.4314 0.3922 0.1961 26.4534 2.0000 
2690 2691 27 -1.3519 -2.9414 -20.6122 -1.3814 -2.9771 -20.8068 0.0602 0.2000 0.4314 0.3922 0.1961 26.5831 2.0000 
2691 2692 27 -1.3814 -2.9771 -20.8068 -1.4230 -2.9718 -21.0023 0.0602 0.2000 0.4314 0.3922 0.1961 26.7140 2.0000 
2692 2693 27 -1.4230 -2.9718 -21.0023 -1.4644 -2.9654 -21.1979 0.0602 0.2000 0.4314 0.3922 0.1961 26.8462 2.0000 
2693 2694 27 -1.4644 -2.9654 -21.1979 -1.4586 -2.9185 -21.3922 0.0602 0.2000 0.4314 0.3922 0.1961 26.9796 2.0000 
2694 2695 27 -1.4586 -2.9185 -21.3922 -1.4666 -2.8782 -21.5880 0.0602 0.2000 0.4314 0.3922 0.1961 27.1143 2.0000 
2695 2696 27 -1.4666 -2.8782 -21.5880 -1.4869 -2.8218 -21.7788 0.0602 0.2000 0.4314 0.3922 0.1961 27.2503 2.0000 
2696 2697 27 -1.4869 -2.8218 -21.7788 -1.5059 -2.7598 -21.9680 0.0602 0.2000 0.4314 0.3922 0.1961 27.3877 2.0000 
2697 2698 27 -1.5059 -2.7598 -21.9680 -1.4906 -2.7178 -22.1629 0.0602 0.2000 0.4314 0.3922 0.1961 27.5264 2.0000 
2698 2699 27 -1.4906 -2.7178 -22.1629 -1.4749 -2.6762 -22.3579 0.0602 0.2000 0.4314 0.3922 0.1961 27.6666 2.0000 
2699 2700 27 -1.4749 -2.6762 -22.3579 -1.4553 -2.6705 -22.5569 0.0602 0.2000 0.4314 0.3922 0.1961 27.8081 2.0000 
2700 2701 27 -1.4553 -2.6705 -22.5569 -1.4439 -2.6658 -22.7565 0.0602 0.2000 0.4314 0.3922 0.1961 27.9511 2.0000 
2701 2702 27 -1.4439 -2.6658 -22.7565 -1.4387 -2.6534 -22.9560 0.0602 0.2000 0.4314 0.3922 0.1961 28.0956 2.0000 
2702 2703 27 -1.4387 -2.6534 -22.9560 -1.4333 -2.6069 -23.1505 0.0602 0.2000 0.4314 0.3922 0.1961 28.2416 2.0000 
2703 2704 27 -1.4333 -2.6069 -23.1505 -1.4334 -2.6017 -23.3504 0.0602 0.2000 0.4314 0.3922 0.1961 28.3892 2.0000 
2704 2705 27 -1.4334 -2.6017 -23.3504 -1.3840 -2.6107 -23.5440 0.0602 0.2000 0.4314 0.3922 0.1961 28.5383 2.0000 
2705 2706 27 -1.3840 -2.6107 -23.5440 -1.3260 -2.6669 -23.7270 0.0602 0.2000 0.4314 0.3922 0.1961 28.6891 2.0000 
2706 2707 27 -1.3260 -2.6669 -23.7270 -1.2700 -2.7148 -23.9129 0.0602 0.2000 0.4314 0.3922 0.1961 28.8415 2.0000 
2707 2708 27 -1.2700 -2.7148 -23.9129 -1.2165 -2.7651 -24.0989 0.0602 0.2000 0.4314 0.3922 0.1961 28.9956 2.0000 
2708 2709 27 -1.2165 -2.7651 -24.0989 -1.1426 -2.7942 -24.2825 0.0602 0.2000 0.4314 0.3922 0.1961 29.1514 2.0000 
2709 2710 27 -1.1426 -2.7942 -24.2825 -1.0975 -2.8648 -24.4641 0.0602 0.2000 0.4314 0.3922 0.1961 29.3090 2.0000 
2710 2711 27 -1.0975 -2.8648 -24.4641 -1.0753 -2.8782 -24.6624 0.0602 0.2000 0.4314 0.3922 0.1961 29.4684 2.0000 
2711 2712 27 -1.0753 -2.8782 -24.6624 -1.0721 -2.8720 -24.8623 0.0602 0.2000 0.4314 0.3922 0.1961 29.6296 2.0000 
2712 2713 27 -1.0721 -2.8720 -24.8623 -1.0475 -2.8740 -25.0608 0.0602 0.2000 0.4314 0.3922 0.1961 29.7927 2.0000 
2713 2714 27 -1.0475 -2.8740 -25.0608 -1.0102 -2.8728 -25.2572 0.0602 0.2000 0.4314 0.3922 0.1961 29.9578 2.0000 
2714 2715 27 -1.0102 -2.8728 -25.2572 -0.9997 -2.8739 -25.3069 0.0602 0.0508 0.4314 0.3922 0.1961 30.0000 2.0000 
63 2716 28 -0.2283 0.1936 -13.4511 -0.2520 0.0197 -13.5469 0.0732 0.2000 0.4314 0.3922 0.1961 22.3367 2.0000 
2716 2717 28 -0.2520 0.0197 -13.5469 -0.2709 -0.1542 -13.6441 0.0732 0.2000 0.4314 0.3922 0.1961 22.4368 2.0000 
2717 2718 28 -0.2709 -0.1542 -13.6441 -0.2782 -0.3240 -13.7494 0.0732 0.2000 0.4314 0.3922 0.1961 22.5375 2.0000 
2718 2719 28 -0.2782 -0.3240 -13.7494 -0.3009 -0.4962 -13.8485 0.0732 0.2000 0.4314 0.3922 0.1961 22.6390 2.0000 
2719 2720 28 -0.3009 -0.4962 -13.8485 -0.3067 -0.6705 -13.9465 0.0732 0.2000 0.4314 0.3922 0.1961 22.7411 2.0000 
2720 2721 28 -0.3067 -0.6705 -13.9465 -0.3153 -0.8395 -14.0530 0.0732 0.2000 0.4314 0.3922 0.1961 22.8440 2.0000 
2721 2722 28 -0.3153 -0.8395 -14.0530 -0.2774 -1.0059 -14.1573 0.0732 0.2000 0.4314 0.3922 0.1961 22.9475 2.0000 
2722 2723 28 -0.2774 -1.0059 -14.1573 -0.2619 -1.1322 -14.3117 0.0732 0.2000 0.4314 0.3922 0.1961 23.0518 2.0000 
2723 2724 28 -0.2619 -1.1322 -14.3117 -0.2643 -1.2629 -14.4630 0.0732 0.2000 0.4314 0.3922 0.1961 23.1568 2.0000 
2724 2725 28 -0.2643 -1.2629 -14.4630 -0.2768 -1.4076 -14.6006 0.0732 0.2000 0.4314 0.3922 0.1961 23.2625 2.0000 
2725 2726 28 -0.2768 -1.4076 -14.6006 -0.2993 -1.5283 -14.7584 0.0732 0.2000 0.4314 0.3922 0.1961 23.3690 2.0000 
2726 2727 28 -0.2993 -1.5283 -14.7584 -0.3465 -1.6829 -14.8761 0.0732 0.2000 0.4314 0.3922 0.1961 23.4763 2.0000 
2727 2728 28 -0.3465 -1.6829 -14.8761 -0.3865 -1.8318 -15.0036 0.0732 0.2000 0.4314 0.3922 0.1961 23.5843 2.0000 
2728 2729 28 -0.3865 -1.8318 -15.0036 -0.4120 -1.9779 -15.1378 0.0732 0.2000 0.4314 0.3922 0.1961 23.6931 2.0000 
2729 2730 28 -0.4120 -1.9779 -15.1378 -0.4193 -2.1169 -15.2813 0.0732 0.2000 0.4314 0.3922 0.1961 23.8027 2.0000 
2730 2731 28 -0.4193 -2.1169 -15.2813 -0.4320 -2.2381 -15.4399 0.0732 0.2000 0.4314 0.3922 0.1961 23.9131 2.0000 
2731 2732 28 -0.4320 -2.2381 -15.4399 -0.4850 -2.3951 -15.5520 0.0732 0.2000 0.4314 0.3922 0.1961 24.0244 2.0000 
2732 2733 28 -0.4850 -2.3951 -15.5520 -0.5254 -2.5557 -15.6641 0.0732 0.2000 0.4314 0.3922 0.1961 24.1364 2.0000 
2733 2734 28 -0.5254 -2.5557 -15.6641 -0.5222 -2.7476 -15.7202 0.0732 0.2000 0.4314 0.3922 0.1961 24.2493 2.0000 
2734 2735 28 -0.5222 -2.7476 -15.7202 -0.5671 -2.9378 -15.7629 0.0732 0.2000 0.4314 0.3922 0.1961 24.3631 2.0000 
2735 2736 28 -0.5671 -2.9378 -15.7629 -0.6726 -3.0878 -15.8427 0.0732 0.2000 0.4314 0.3922 0.1961 24.4777 2.0000 
2736 2737 28 -0.6726 -3.0878 -15.8427 -0.7974 -3.2088 -15.9416 0.0732 0.2000 0.4314 0.3922 0.1961 24.5933 2.0000 
2737 2738 28 -0.7974 -3.2088 -15.9416 -0.9294 -3.2978 -16.0627 0.0732 0.2000 0.4314 0.3922 0.1961 24.7097 2.0000 
2738 2739 28 -0.9294 -3.2978 -16.0627 -1.0216 -3.4029 -16.2057 0.0732 0.2000 0.4314 0.3922 0.1961 24.8270 2.0000 
2739 2740 28 -1.0216 -3.4029 -16.2057 -1.0667 -3.5067 -16.3705 0.0732 0.2000 0.4314 0.3922 0.1961 24.9453 2.0000 
2740 2741 28 -1.0667 -3.5067 -16.3705 -1.1077 -3.6109 -16.5363 0.0732 0.2000 0.4314 0.3922 0.1961 25.0645 2.0000 
2741 2742 28 -1.1077 -3.6109 -16.5363 -1.1487 -3.7138 -16.7028 0.0732 0.2000 0.4314 0.3922 0.1961 25.1846 2.0000 
2742 2743 28 -1.1487 -3.7138 -16.7028 -1.1794 -3.8229 -16.8676 0.0732 0.2000 0.4314 0.3922 0.1961 25.3057 2.0000 
2743 2744 28 -1.1794 -3.8229 -16.8676 -1.2459 -3.9135 -17.0331 0.0732 0.2000 0.4314 0.3922 0.1961 25.4279 2.0000 
2744 2745 28 -1.2459 -3.9135 -17.0331 -1.3147 -4.0010 -17.1992 0.0732 0.2000 0.4314 0.3922 0.1961 25.5510 2.0000 
2745 2746 28 -1.3147 -4.0010 -17.1992 -1.3746 -4.0527 -17.3829 0.0732 0.2000 0.4314 0.3922 0.1961 25.6751 2.0000 
2746 2747 28 -1.3746 -4.0527 -17.3829 -1.4324 -4.0997 -17.5685 0.0732 0.2000 0.4314 0.3922 0.1961 25.8003 2.0000 
2747 2748 28 -1.4324 -4.0997 -17.5685 -1.4673 -4.1414 -17.7609 0.0732 0.2000 0.4314 0.3922 0.1961 25.9265 2.0000 
2748 2749 28 -1.4673 -4.1414 -17.7609 -1.4723 -4.2081 -17.9494 0.0732 0.2000 0.4314 0.3922 0.1961 26.0538 2.0000 
2749 2750 28 -1.4723 -4.2081 -17.9494 -1.4800 -4.2689 -18.1398 0.0732 0.2000 0.4314 0.3922 0.1961 26.1822 2.0000 
2750 2751 28 -1.4800 -4.2689 -18.1398 -1.4900 -4.3179 -18.3334 0.0732 0.2000 0.4314 0.3922 0.1961 26.3117 2.0000 
2751 2752 28 -1.4900 -4.3179 -18.3334 -1.5194 -4.3865 -18.5190 0.0732 0.2000 0.4314 0.3922 0.1961 26.4423 2.0000 
2752 2753 28 -1.5194 -4.3865 -18.5190 -1.5602 -4.4794 -18.6914 0.0732 0.2000 0.4314 0.3922 0.1961 26.5741 2.0000 
2753 2754 28 -1.5602 -4.4794 -18.6914 -1.5973 -4.5765 -18.8622 0.0732 0.2000 0.4314 0.3922 0.1961 26.7070 2.0000 
2754 2755 28 -1.5973 -4.5765 -18.8622 -1.6372 -4.6634 -19.0379 0.0732 0.2000 0.4314 0.3922 0.1961 26.8412 2.0000 
2755 2756 28 -1.6372 -4.6634 -19.0379 -1.6727 -4.7119 -19.2286 0.0732 0.2000 0.4314 0.3922 0.1961 26.9765 2.0000 
2756 2757 28 -1.6727 -4.7119 -19.2286 -1.6580 -4.7571 -19.4229 0.0732 0.2000 0.4314 0.3922 0.1961 27.1131 2.0000 
2757 2758 28 -1.6580 -4.7571 -19.4229 -1.6480 -4.8038 -19.6171 0.0732 0.2000 0.4314 0.3922 0.1961 27.2509 2.0000 
2758 2759 28 -1.6480 -4.8038 -19.6171 -1.6513 -4.8519 -19.8112 0.0732 0.2000 0.4314 0.3922 0.1961 27.3900 2.0000 
2759 2760 28 -1.6513 -4.8519 -19.8112 -1.6947 -4.8875 -20.0032 0.0732 0.2000 0.4314 0.3922 0.1961 27.5304 2.0000 
2760 2761 28 -1.6947 -4.8875 -20.0032 -1.7245 -4.9224 -20.1978 0.0732 0.2000 0.4314 0.3922 0.1961 27.6722 2.0000 
2761 2762 28 -1.7245 -4.9224 -20.1978 -1.7198 -4.9219 -20.3978 0.0732 0.2000 0.4314 0.3922 0.1961 27.8153 2.0000 
2762 2763 28 -1.7198 -4.9219 -20.3978 -1.7059 -4.9176 -20.5973 0.0732 0.2000 0.4314 0.3922 0.1961 27.9598 2.0000 
2763 2764 28 -1.7059 -4.9176 -20.5973 -1.6766 -4.9121 -20.7950 0.0732 0.2000 0.4314 0.3922 0.1961 28.1056 2.0000 
2764 2765 28 -1.6766 -4.9121 -20.7950 -1.6299 -4.9129 -20.9895 0.0732 0.2000 0.4314 0.3922 0.1961 28.2530 2.0000 
2765 2766 28 -1.6299 -4.9129 -20.9895 -1.5754 -4.9126 -21.1819 0.0732 0.2000 0.4314 0.3922 0.1961 28.4017 2.0000 
2766 2767 28 -1.5754 -4.9126 -21.1819 -1.5267 -4.9144 -21.3759 0.0732 0.2000 0.4314 0.3922 0.1961 28.5520 2.0000 
2767 2768 28 -1.5267 -4.9144 -21.3759 -1.4694 -4.9138 -21.5675 0.0732 0.2000 0.4314 0.3922 0.1961 28.7038 2.0000 
2768 2769 28 -1.4694 -4.9138 -21.5675 -1.4291 -4.9360 -21.7622 0.0732 0.2000 0.4314 0.3922 0.1961 28.8572 2.0000 
2769 2770 28 -1.4291 -4.9360 -21.7622 -1.4154 -4.9469 -21.9614 0.0732 0.2000 0.4314 0.3922 0.1961 29.0121 2.0000 
2770 2771 28 -1.4154 -4.9469 -21.9614 -1.4034 -4.9549 -22.1609 0.0732 0.2000 0.4314 0.3922 0.1961 29.1686 2.0000 
2771 2772 28 -1.4034 -4.9549 -22.1609 -1.3879 -4.9652 -22.3600 0.0732 0.2000 0.4314 0.3922 0.1961 29.3268 2.0000 
2772 2773 28 -1.3879 -4.9652 -22.3600 -1.3721 -4.9741 -22.5592 0.0732 0.2000 0.4314 0.3922 0.1961 29.4867 2.0000 
2773 2774 28 -1.3721 -4.9741 -22.5592 -1.3631 -4.9816 -22.7588 0.0732 0.2000 0.4314 0.3922 0.1961 29.6483 2.0000 
2774 2775 28 -1.3631 -4.9816 -22.7588 -1.3315 -4.9731 -22.9561 0.0732 0.2000 0.4314 0.3922 0.1961 29.8117 2.0000 
2775 2776 28 -1.3315 -4.9731 -22.9561 -1.2746 -4.9652 -23.1477 0.0732 0.2000 0.4314 0.3922 0.1961 29.9769 2.0000 
2776 2777 28 -1.2746 -4.9652 -23.1477 -1.2671 -4.9627 -23.1743 0.0732 0.0278 0.4314 0.3922 0.1961 30.0000 2.0000 
66 2778 29 -0.2054 0.2264 -13.8535 -0.1103 0.0671 -13.9281 0.0699 0.2000 0.4314 0.3922 0.1961 22.8931 2.0000 
2778 2779 29 -0.1103 0.0671 -13.9281 -0.0135 -0.0808 -14.0216 0.0699 0.2000 0.4314 0.3922 0.1961 22.9888 2.0000 
2779 2780 29 -0.0135 -0.0808 -14.0216 0.0777 -0.2100 -14.1441 0.0699 0.2000 0.4314 0.3922 0.1961 23.0851 2.0000 
2780 2781 29 0.0777 -0.2100 -14.1441 0.1706 -0.3401 -14.2642 0.0699 0.2000 0.4314 0.3922 0.1961 23.1820 2.0000 
2781 2782 29 0.1706 -0.3401 -14.2642 0.2632 -0.4758 -14.3784 0.0699 0.2000 0.4314 0.3922 0.1961 23.2796 2.0000 
2782 2783 29 0.2632 -0.4758 -14.3784 0.3059 -0.6335 -14.4937 0.0699 0.2000 0.4314 0.3922 0.1961 23.3777 2.0000 
2783 2784 29 0.3059 -0.6335 -14.4937 0.3892 -0.7682 -14.6158 0.0699 0.2000 0.4314 0.3922 0.1961 23.4766 2.0000 
2784 2785 29 0.3892 -0.7682 -14.6158 0.4597 -0.9013 -14.7474 0.0699 0.2000 0.4314 0.3922 0.1961 23.5760 2.0000 
2785 2786 29 0.4597 -0.9013 -14.7474 0.5541 -0.9928 -14.8981 0.0699 0.2000 0.4314 0.3922 0.1961 23.6761 2.0000 
2786 2787 29 0.5541 -0.9928 -14.8981 0.6448 -1.0660 -15.0606 0.0699 0.2000 0.4314 0.3922 0.1961 23.7769 2.0000 
2787 2788 29 0.6448 -1.0660 -15.0606 0.7166 -1.1137 -15.2411 0.0699 0.2000 0.4314 0.3922 0.1961 23.8784 2.0000 
2788 2789 29 0.7166 -1.1137 -15.2411 0.7987 -1.1673 -15.4154 0.0699 0.2000 0.4314 0.3922 0.1961 23.9805 2.0000 
2789 2790 29 0.7987 -1.1673 -15.4154 0.8914 -1.2191 -15.5849 0.0699 0.2000 0.4314 0.3922 0.1961 24.0834 2.0000 
2790 2791 29 0.8914 -1.2191 -15.5849 0.9712 -1.2597 -15.7638 0.0699 0.2000 0.4314 0.3922 0.1961 24.1869 2.0000 
2791 2792 29 0.9712 -1.2597 -15.7638 1.0544 -1.2972 -15.9417 0.0699 0.2000 0.4314 0.3922 0.1961 24.2911 2.0000 
2792 2793 29 1.0544 -1.2972 -15.9417 1.1403 -1.2967 -16.1223 0.0699 0.2000 0.4314 0.3922 0.1961 24.3961 2.0000 
2793 2794 29 1.1403 -1.2967 -16.1223 1.2826 -1.2812 -16.2620 0.0699 0.2000 0.4314 0.3922 0.1961 24.5018 2.0000 
2794 2795 29 1.2826 -1.2812 -16.2620 1.4137 -1.2836 -16.4130 0.0699 0.2000 0.4314 0.3922 0.1961 24.6082 2.0000 
2795 2796 29 1.4137 -1.2836 -16.4130 1.4860 -1.2982 -16.5989 0.0699 0.2000 0.4314 0.3922 0.1961 24.7154 2.0000 
2796 2797 29 1.4860 -1.2982 -16.5989 1.5652 -1.3522 -16.7745 0.0699 0.2000 0.4314 0.3922 0.1961 24.8233 2.0000 
2797 2798 29 1.5652 -1.3522 -16.7745 1.6437 -1.3881 -16.9548 0.0699 0.2000 0.4314 0.3922 0.1961 24.9321 2.0000 
2798 2799 29 1.6437 -1.3881 -16.9548 1.7221 -1.4252 -17.1351 0.0699 0.2000 0.4314 0.3922 0.1961 25.0416 2.0000 
2799 2800 29 1.7221 -1.4252 -17.1351 1.8030 -1.4556 -17.3154 0.0699 0.2000 0.4314 0.3922 0.1961 25.1519 2.0000 
2800 2801 29 1.8030 -1.4556 -17.3154 1.8811 -1.4917 -17.4960 0.0699 0.2000 0.4314 0.3922 0.1961 25.2630 2.0000 
2801 2802 29 1.8811 -1.4917 -17.4960 1.9080 -1.5017 -17.6939 0.0699 0.2000 0.4314 0.3922 0.1961 25.3749 2.0000 
2802 2803 29 1.9080 -1.5017 -17.6939 1.9086 -1.5066 -17.8939 0.0699 0.2000 0.4314 0.3922 0.1961 25.4876 2.0000 
2803 2804 29 1.9086 -1.5066 -17.8939 1.9092 -1.5116 -18.0938 0.0699 0.2000 0.4314 0.3922 0.1961 25.6012 2.0000 
2804 2805 29 1.9092 -1.5116 -18.0938 1.9151 -1.5553 -18.2889 0.0699 0.2000 0.4314 0.3922 0.1961 25.7157 2.0000 
2805 2806 29 1.9151 -1.5553 -18.2889 1.9239 -1.5604 -18.4886 0.0699 0.2000 0.4314 0.3922 0.1961 25.8310 2.0000 
2806 2807 29 1.9239 -1.5604 -18.4886 1.9418 -1.5648 -18.6878 0.0699 0.2000 0.4314 0.3922 0.1961 25.9472 2.0000 
2807 2808 29 1.9418 -1.5648 -18.6878 1.9775 -1.5824 -18.8838 0.0699 0.2000 0.4314 0.3922 0.1961 26.0643 2.0000 
2808 2809 29 1.9775 -1.5824 -18.8838 1.9912 -1.5761 -19.0832 0.0699 0.2000 0.4314 0.3922 0.1961 26.1823 2.0000 
2809 2810 29 1.9912 -1.5761 -19.0832 2.0058 -1.5707 -19.2826 0.0699 0.2000 0.4314 0.3922 0.1961 26.3013 2.0000 
2810 2811 29 2.0058 -1.5707 -19.2826 2.0081 -1.5595 -19.4823 0.0699 0.2000 0.4314 0.3922 0.1961 26.4211 2.0000 
2811 2812 29 2.0081 -1.5595 -19.4823 1.9952 -1.5390 -19.6808 0.0699 0.2000 0.4314 0.3922 0.1961 26.5420 2.0000 
2812 2813 29 1.9952 -1.5390 -19.6808 1.9840 -1.5192 -19.8795 0.0699 0.2000 0.4314 0.3922 0.1961 26.6637 2.0000 
2813 2814 29 1.9840 -1.5192 -19.8795 1.9582 -1.5041 -20.0772 0.0699 0.2000 0.4314 0.3922 0.1961 26.7865 2.0000 
2814 2815 29 1.9582 -1.5041 -20.0772 1.9619 -1.5124 -20.2770 0.0699 0.2000 0.4314 0.3922 0.1961 26.9103 2.0000 
2815 2816 29 1.9619 -1.5124 -20.2770 1.9706 -1.5296 -20.4761 0.0699 0.2000 0.4314 0.3922 0.1961 27.0351 2.0000 
2816 2817 29 1.9706 -1.5296 -20.4761 1.9761 -1.5385 -20.6758 0.0699 0.2000 0.4314 0.3922 0.1961 27.1609 2.0000 
2817 2818 29 1.9761 -1.5385 -20.6758 1.9652 -1.5284 -20.8753 0.0699 0.2000 0.4314 0.3922 0.1961 27.2878 2.0000 
2818 2819 29 1.9652 -1.5284 -20.8753 1.9435 -1.5245 -21.0740 0.0699 0.2000 0.4314 0.3922 0.1961 27.4158 2.0000 
2819 2820 29 1.9435 -1.5245 -21.0740 1.9225 -1.5212 -21.2729 0.0699 0.2000 0.4314 0.3922 0.1961 27.5448 2.0000 
2820 2821 29 1.9225 -1.5212 -21.2729 1.8956 -1.4920 -21.4689 0.0699 0.2000 0.4314 0.3922 0.1961 27.6749 2.0000 
2821 2822 29 1.8956 -1.4920 -21.4689 1.8798 -1.4747 -21.6676 0.0699 0.2000 0.4314 0.3922 0.1961 27.8062 2.0000 
2822 2823 29 1.8798 -1.4747 -21.6676 1.8523 -1.4716 -21.8656 0.0699 0.2000 0.4314 0.3922 0.1961 27.9386 2.0000 
2823 2824 29 1.8523 -1.4716 -21.8656 1.8115 -1.4705 -22.0614 0.0699 0.2000 0.4314 0.3922 0.1961 28.0722 2.0000 
2824 2825 29 1.8115 -1.4705 -22.0614 1.7686 -1.4854 -22.2562 0.0699 0.2000 0.4314 0.3922 0.1961 28.2070 2.0000 
2825 2826 29 1.7686 -1.4854 -22.2562 1.7363 -1.5021 -22.4529 0.0699 0.2000 0.4314 0.3922 0.1961 28.3429 2.0000 
2826 2827 29 1.7363 -1.5021 -22.4529 1.7223 -1.4830 -22.6515 0.0699 0.2000 0.4314 0.3922 0.1961 28.4801 2.0000 
2827 2828 29 1.7223 -1.4830 -22.6515 1.7439 -1.4549 -22.8483 0.0699 0.2000 0.4314 0.3922 0.1961 28.6186 2.0000 
2828 2829 29 1.7439 -1.4549 -22.8483 1.7598 -1.4183 -23.0443 0.0699 0.2000 0.4314 0.3922 0.1961 28.7583 2.0000 
2829 2830 29 1.7598 -1.4183 -23.0443 1.7664 -1.3750 -23.2394 0.0699 0.2000 0.4314 0.3922 0.1961 28.8993 2.0000 
2830 2831 29 1.7664 -1.3750 -23.2394 1.7662 -1.3340 -23.4352 0.0699 0.2000 0.4314 0.3922 0.1961 29.0416 2.0000 
2831 2832 29 1.7662 -1.3340 -23.4352 1.7671 -1.2994 -23.6321 0.0699 0.2000 0.4314 0.3922 0.1961 29.1853 2.0000 
2832 2833 29 1.7671 -1.2994 -23.6321 1.7776 -1.2789 -23.8308 0.0699 0.2000 0.4314 0.3922 0.1961 29.3304 2.0000 
2833 2834 29 1.7776 -1.2789 -23.8308 1.7888 -1.2806 -24.0305 0.0699 0.2000 0.4314 0.3922 0.1961 29.4768 2.0000 
2834 2835 29 1.7888 -1.2806 -24.0305 1.7875 -1.2947 -24.2300 0.0699 0.2000 0.4314 0.3922 0.1961 29.6247 2.0000 
2835 2836 29 1.7875 -1.2947 -24.2300 1.7864 -1.3091 -24.4295 0.0699 0.2000 0.4314 0.3922 0.1961 29.7740 2.0000 
2836 2837 29 1.7864 -1.3091 -24.4295 1.7714 -1.3279 -24.6280 0.0699 0.2000 0.4314 0.3922 0.1961 29.9249 2.0000 
2837 2838 29 1.7714 -1.3279 -24.6280 1.7639 -1.3261 -24.7266 0.0699 0.0989 0.4314 0.3922 0.1961 30.0000 2.0000 
68 2839 30 -0.2237 0.2874 -14.2217 -0.0501 0.2245 -14.2985 0.0590 0.2000 0.4314 0.3922 0.1961 23.4217 2.0000 
2839 2840 30 -0.0501 0.2245 -14.2985 0.1192 0.1482 -14.3728 0.0590 0.2000 0.4314 0.3922 0.1961 23.5167 2.0000 
2840 2841 30 0.1192 0.1482 -14.3728 0.2941 0.0909 -14.4510 0.0590 0.2000 0.4314 0.3922 0.1961 23.6123 2.0000 
2841 2842 30 0.2941 0.0909 -14.4510 0.4530 0.0302 -14.5562 0.0590 0.2000 0.4314 0.3922 0.1961 23.7085 2.0000 
2842 2843 30 0.4530 0.0302 -14.5562 0.5928 -0.0498 -14.6748 0.0590 0.2000 0.4314 0.3922 0.1961 23.8053 2.0000 
2843 2844 30 0.5928 -0.0498 -14.6748 0.6666 -0.1525 -14.8297 0.0590 0.2000 0.4314 0.3922 0.1961 23.9027 2.0000 
2844 2845 30 0.6666 -0.1525 -14.8297 0.7486 -0.2839 -14.9563 0.0590 0.2000 0.4314 0.3922 0.1961 24.0008 2.0000 
2845 2846 30 0.7486 -0.2839 -14.9563 0.7878 -0.4376 -15.0781 0.0590 0.2000 0.4314 0.3922 0.1961 24.0995 2.0000 
2846 2847 30 0.7878 -0.4376 -15.0781 0.8256 -0.5883 -15.2040 0.0590 0.2000 0.4314 0.3922 0.1961 24.1989 2.0000 
2847 2848 30 0.8256 -0.5883 -15.2040 0.8490 -0.7449 -15.3261 0.0590 0.2000 0.4314 0.3922 0.1961 24.2989 2.0000 
2848 2849 30 0.8490 -0.7449 -15.3261 0.8712 -0.8946 -15.4569 0.0590 0.2000 0.4314 0.3922 0.1961 24.3996 2.0000 
2849 2850 30 0.8712 -0.8946 -15.4569 0.8959 -1.0430 -15.5887 0.0590 0.2000 0.4314 0.3922 0.1961 24.5009 2.0000 
2850 2851 30 0.8959 -1.0430 -15.5887 0.9706 -1.1597 -15.7329 0.0590 0.2000 0.4314 0.3922 0.1961 24.6030 2.0000 
2851 2852 30 0.9706 -1.1597 -15.7329 1.0528 -1.2766 -15.8728 0.0590 0.2000 0.4314 0.3922 0.1961 24.7057 2.0000 
2852 2853 30 1.0528 -1.2766 -15.8728 1.1340 -1.3933 -16.0136 0.0590 0.2000 0.4314 0.3922 0.1961 24.8092 2.0000 
2853 2854 30 1.1340 -1.3933 -16.0136 1.2139 -1.5106 -16.1545 0.0590 0.2000 0.4314 0.3922 0.1961 24.9133 2.0000 
2854 2855 30 1.2139 -1.5106 -16.1545 1.2518 -1.6280 -16.3119 0.0590 0.2000 0.4314 0.3922 0.1961 25.0182 2.0000 
2855 2856 30 1.2518 -1.6280 -16.3119 1.2898 -1.7461 -16.4688 0.0590 0.2000 0.4314 0.3922 0.1961 25.1238 2.0000 
2856 2857 30 1.2898 -1.7461 -16.4688 1.3401 -1.8737 -16.6143 0.0590 0.2000 0.4314 0.3922 0.1961 25.2302 2.0000 
2857 2858 30 1.3401 -1.8737 -16.6143 1.3895 -2.0012 -16.7603 0.0590 0.2000 0.4314 0.3922 0.1961 25.3373 2.0000 
2858 2859 30 1.3895 -2.0012 -16.7603 1.4777 -2.0882 -16.9173 0.0590 0.2000 0.4314 0.3922 0.1961 25.4452 2.0000 
2859 2860 30 1.4777 -2.0882 -16.9173 1.5649 -2.1756 -17.0746 0.0590 0.2000 0.4314 0.3922 0.1961 25.5538 2.0000 
2860 2861 30 1.5649 -2.1756 -17.0746 1.6477 -2.2647 -17.2333 0.0590 0.2000 0.4314 0.3922 0.1961 25.6632 2.0000 
2861 2862 30 1.6477 -2.2647 -17.2333 1.7291 -2.3740 -17.3798 0.0590 0.2000 0.4314 0.3922 0.1961 25.7735 2.0000 
2862 2863 30 1.7291 -2.3740 -17.3798 1.8102 -2.4834 -17.5262 0.0590 0.2000 0.4314 0.3922 0.1961 25.8845 2.0000 
2863 2864 30 1.8102 -2.4834 -17.5262 1.8955 -2.5933 -17.6699 0.0590 0.2000 0.4314 0.3922 0.1961 25.9964 2.0000 
2864 2865 30 1.8955 -2.5933 -17.6699 1.9769 -2.7182 -17.8033 0.0590 0.2000 0.4314 0.3922 0.1961 26.1091 2.0000 
2865 2866 30 1.9769 -2.7182 -17.8033 2.0479 -2.8456 -17.9401 0.0590 0.2000 0.4314 0.3922 0.1961 26.2227 2.0000 
2866 2867 30 2.0479 -2.8456 -17.9401 2.0929 -2.9209 -18.1198 0.0590 0.2000 0.4314 0.3922 0.1961 26.3371 2.0000 
2867 2868 30 2.0929 -2.9209 -18.1198 2.1443 -2.9122 -18.3129 0.0590 0.2000 0.4314 0.3922 0.1961 26.4524 2.0000 
2868 2869 30 2.1443 -2.9122 -18.3129 2.1920 -2.8997 -18.5067 0.0590 0.2000 0.4314 0.3922 0.1961 26.5685 2.0000 
2869 2870 30 2.1920 -2.8997 -18.5067 2.2263 -2.8809 -18.7029 0.0590 0.2000 0.4314 0.3922 0.1961 26.6856 2.0000 
2870 2871 30 2.2263 -2.8809 -18.7029 2.2392 -2.8621 -18.9016 0.0590 0.2000 0.4314 0.3922 0.1961 26.8036 2.0000 
2871 2872 30 2.2392 -2.8621 -18.9016 2.2361 -2.8552 -19.1014 0.0590 0.2000 0.4314 0.3922 0.1961 26.9225 2.0000 
2872 2873 30 2.2361 -2.8552 -19.1014 2.2340 -2.8470 -19.3012 0.0590 0.2000 0.4314 0.3922 0.1961 27.0424 2.0000 
2873 2874 30 2.2340 -2.8470 -19.3012 2.2393 -2.8329 -19.5007 0.0590 0.2000 0.4314 0.3922 0.1961 27.1632 2.0000 
2874 2875 30 2.2393 -2.8329 -19.5007 2.2447 -2.8153 -19.6998 0.0590 0.2000 0.4314 0.3922 0.1961 27.2850 2.0000 
2875 2876 30 2.2447 -2.8153 -19.6998 2.2342 -2.8190 -19.8995 0.0590 0.2000 0.4314 0.3922 0.1961 27.4078 2.0000 
2876 2877 30 2.2342 -2.8190 -19.8995 2.2196 -2.8293 -20.0987 0.0590 0.2000 0.4314 0.3922 0.1961 27.5316 2.0000 
2877 2878 30 2.2196 -2.8293 -20.0987 2.1992 -2.8556 -20.2959 0.0590 0.2000 0.4314 0.3922 0.1961 27.6564 2.0000 
2878 2879 30 2.1992 -2.8556 -20.2959 2.1702 -2.8726 -20.4931 0.0590 0.2000 0.4314 0.3922 0.1961 27.7822 2.0000 
2879 2880 30 2.1702 -2.8726 -20.4931 2.1379 -2.9170 -20.6854 0.0590 0.2000 0.4314 0.3922 0.1961 27.9091 2.0000 
2880 2881 30 2.1379 -2.9170 -20.6854 2.1007 -2.9371 -20.8809 0.0590 0.2000 0.4314 0.3922 0.1961 28.0371 2.0000 
2881 2882 30 2.1007 -2.9371 -20.8809 2.0645 -2.9577 -21.0765 0.0590 0.2000 0.4314 0.3922 0.1961 28.1662 2.0000 
2882 2883 30 2.0645 -2.9577 -21.0765 1.9979 -3.0159 -21.2559 0.0590 0.2000 0.4314 0.3922 0.1961 28.2964 2.0000 
2883 2884 30 1.9979 -3.0159 -21.2559 1.9395 -3.1020 -21.4267 0.0590 0.2000 0.4314 0.3922 0.1961 28.4277 2.0000 
2884 2885 30 1.9395 -3.1020 -21.4267 1.9051 -3.1994 -21.5979 0.0590 0.2000 0.4314 0.3922 0.1961 28.5602 2.0000 
2885 2886 30 1.9051 -3.1994 -21.5979 1.8411 -3.3230 -21.7416 0.0590 0.2000 0.4314 0.3922 0.1961 28.6938 2.0000 
2886 2887 30 1.8411 -3.3230 -21.7416 1.7826 -3.4388 -21.8938 0.0590 0.2000 0.4314 0.3922 0.1961 28.8287 2.0000 
2887 2888 30 1.7826 -3.4388 -21.8938 1.6954 -3.5693 -22.0177 0.0590 0.2000 0.4314 0.3922 0.1961 28.9647 2.0000 
2888 2889 30 1.6954 -3.5693 -22.0177 1.6042 -3.7118 -22.1244 0.0590 0.2000 0.4314 0.3922 0.1961 29.1020 2.0000 
2889 2890 30 1.6042 -3.7118 -22.1244 1.5004 -3.8417 -22.2356 0.0590 0.2000 0.4314 0.3922 0.1961 29.2406 2.0000 
2890 2891 30 1.5004 -3.8417 -22.2356 1.3923 -3.9655 -22.3495 0.0590 0.2000 0.4314 0.3922 0.1961 29.3804 2.0000 
2891 2892 30 1.3923 -3.9655 -22.3495 1.2941 -4.0941 -22.4670 0.0590 0.2000 0.4314 0.3922 0.1961 29.5215 2.0000 
2892 2893 30 1.2941 -4.0941 -22.4670 1.1914 -4.2074 -22.5960 0.0590 0.2000 0.4314 0.3922 0.1961 29.6640 2.0000 
2893 2894 30 1.1914 -4.2074 -22.5960 1.0792 -4.2998 -22.7333 0.0590 0.2000 0.4314 0.3922 0.1961 29.8078 2.0000 
2894 2895 30 1.0792 -4.2998 -22.7333 0.9357 -4.4123 -22.8155 0.0590 0.2000 0.4314 0.3922 0.1961 29.9531 2.0000 
2895 2896 30 0.9357 -4.4123 -22.8155 0.8867 -4.4471 -22.8381 0.0590 0.0642 0.4314 0.3922 0.1961 30.0000 2.0000 
71 2897 31 -0.1599 0.3186 -14.6195 -0.1603 0.1310 -14.6890 0.0701 0.2000 0.4314 0.3922 0.1961 24.0069 2.0000 
2897 2898 31 -0.1603 0.1310 -14.6890 -0.1803 -0.0538 -14.7626 0.0701 0.2000 0.4314 0.3922 0.1961 24.1129 2.0000 
2898 2899 31 -0.1803 -0.0538 -14.7626 -0.1990 -0.2344 -14.8467 0.0701 0.2000 0.4314 0.3922 0.1961 24.2195 2.0000 
2899 2900 31 -0.1990 -0.2344 -14.8467 -0.1996 -0.4097 -14.9428 0.0701 0.2000 0.4314 0.3922 0.1961 24.3269 2.0000 
2900 2901 31 -0.1996 -0.4097 -14.9428 -0.1974 -0.5852 -15.0389 0.0701 0.2000 0.4314 0.3922 0.1961 24.4349 2.0000 
2901 2902 31 -0.1974 -0.5852 -15.0389 -0.1842 -0.7521 -15.1482 0.0701 0.2000 0.4314 0.3922 0.1961 24.5437 2.0000 
2902 2903 31 -0.1842 -0.7521 -15.1482 -0.1608 -0.9350 -15.2258 0.0701 0.2000 0.4314 0.3922 0.1961 24.6531 2.0000 
2903 2904 31 -0.1608 -0.9350 -15.2258 -0.1304 -1.1192 -15.2973 0.0701 0.2000 0.4314 0.3922 0.1961 24.7633 2.0000 
2904 2905 31 -0.1304 -1.1192 -15.2973 -0.0814 -1.3011 -15.3645 0.0701 0.2000 0.4314 0.3922 0.1961 24.8742 2.0000 
2905 2906 31 -0.0814 -1.3011 -15.3645 -0.0318 -1.4837 -15.4294 0.0701 0.2000 0.4314 0.3922 0.1961 24.9858 2.0000 
2906 2907 31 -0.0318 -1.4837 -15.4294 0.0099 -1.6692 -15.4915 0.0701 0.2000 0.4314 0.3922 0.1961 25.0982 2.0000 
2907 2908 31 0.0099 -1.6692 -15.4915 0.0342 -1.8600 -15.5462 0.0701 0.2000 0.4314 0.3922 0.1961 25.2113 2.0000 
2908 2909 31 0.0342 -1.8600 -15.5462 0.0906 -2.0292 -15.6368 0.0701 0.2000 0.4314 0.3922 0.1961 25.3252 2.0000 
2909 2910 31 0.0906 -2.0292 -15.6368 0.1629 -2.1894 -15.7322 0.0701 0.2000 0.4314 0.3922 0.1961 25.4399 2.0000 
2910 2911 31 0.1629 -2.1894 -15.7322 0.2366 -2.3243 -15.8602 0.0701 0.2000 0.4314 0.3922 0.1961 25.5554 2.0000 
2911 2912 31 0.2366 -2.3243 -15.8602 0.3263 -2.4249 -16.0079 0.0701 0.2000 0.4314 0.3922 0.1961 25.6717 2.0000 
2912 2913 31 0.3263 -2.4249 -16.0079 0.4066 -2.5446 -16.1466 0.0701 0.2000 0.4314 0.3922 0.1961 25.7887 2.0000 
2913 2914 31 0.4066 -2.5446 -16.1466 0.4482 -2.6869 -16.2808 0.0701 0.2000 0.4314 0.3922 0.1961 25.9066 2.0000 
2914 2915 31 0.4482 -2.6869 -16.2808 0.5362 -2.8090 -16.4126 0.0701 0.2000 0.4314 0.3922 0.1961 26.0254 2.0000 
2915 2916 31 0.5362 -2.8090 -16.4126 0.6427 -2.9271 -16.5338 0.0701 0.2000 0.4314 0.3922 0.1961 26.1449 2.0000 
2916 2917 31 0.6427 -2.9271 -16.5338 0.7476 -3.0448 -16.6569 0.0701 0.2000 0.4314 0.3922 0.1961 26.2654 2.0000 
2917 2918 31 0.7476 -3.0448 -16.6569 0.8598 -3.1648 -16.7710 0.0701 0.2000 0.4314 0.3922 0.1961 26.3867 2.0000 
2918 2919 31 0.8598 -3.1648 -16.7710 0.9693 -3.2769 -16.8952 0.0701 0.2000 0.4314 0.3922 0.1961 26.5088 2.0000 
2919 2920 31 0.9693 -3.2769 -16.8952 1.0728 -3.3907 -17.0230 0.0701 0.2000 0.4314 0.3922 0.1961 26.6319 2.0000 
2920 2921 31 1.0728 -3.3907 -17.0230 1.1935 -3.5152 -17.1227 0.0701 0.2000 0.4314 0.3922 0.1961 26.7559 2.0000 
2921 2922 31 1.1935 -3.5152 -17.1227 1.3210 -3.6367 -17.2175 0.0701 0.2000 0.4314 0.3922 0.1961 26.8808 2.0000 
2922 2923 31 1.3210 -3.6367 -17.2175 1.4241 -3.7598 -17.3367 0.0701 0.2000 0.4314 0.3922 0.1961 27.0066 2.0000 
2923 2924 31 1.4241 -3.7598 -17.3367 1.5312 -3.8742 -17.4609 0.0701 0.2000 0.4314 0.3922 0.1961 27.1334 2.0000 
2924 2925 31 1.5312 -3.8742 -17.4609 1.6552 -3.9689 -17.5861 0.0701 0.2000 0.4314 0.3922 0.1961 27.2612 2.0000 
2925 2926 31 1.6552 -3.9689 -17.5861 1.7681 -4.0495 -17.7302 0.0701 0.2000 0.4314 0.3922 0.1961 27.3899 2.0000 
2926 2927 31 1.7681 -4.0495 -17.7302 1.8498 -4.0985 -17.9060 0.0701 0.2000 0.4314 0.3922 0.1961 27.5196 2.0000 
2927 2928 31 1.8498 -4.0985 -17.9060 1.9010 -4.1352 -18.0959 0.0701 0.2000 0.4314 0.3922 0.1961 27.6504 2.0000 
2928 2929 31 1.9010 -4.1352 -18.0959 1.9467 -4.1443 -18.2904 0.0701 0.2000 0.4314 0.3922 0.1961 27.7821 2.0000 
2929 2930 31 1.9467 -4.1443 -18.2904 1.9477 -4.1914 -18.4847 0.0701 0.2000 0.4314 0.3922 0.1961 27.9149 2.0000 
2930 2931 31 1.9477 -4.1914 -18.4847 1.9337 -4.2396 -18.6783 0.0701 0.2000 0.4314 0.3922 0.1961 28.0488 2.0000 
2931 2932 31 1.9337 -4.2396 -18.6783 1.9230 -4.2922 -18.8710 0.0701 0.2000 0.4314 0.3922 0.1961 28.1837 2.0000 
2932 2933 31 1.9230 -4.2922 -18.8710 1.9421 -4.3208 -19.0680 0.0701 0.2000 0.4314 0.3922 0.1961 28.3197 2.0000 
2933 2934 31 1.9421 -4.3208 -19.0680 1.9845 -4.3445 -19.2620 0.0701 0.2000 0.4314 0.3922 0.1961 28.4569 2.0000 
2934 2935 31 1.9845 -4.3445 -19.2620 1.9867 -4.3876 -19.4573 0.0701 0.2000 0.4314 0.3922 0.1961 28.5951 2.0000 
2935 2936 31 1.9867 -4.3876 -19.4573 2.0071 -4.4373 -19.6500 0.0701 0.2000 0.4314 0.3922 0.1961 28.7345 2.0000 
2936 2937 31 2.0071 -4.4373 -19.6500 1.9997 -4.4406 -19.8498 0.0701 0.2000 0.4314 0.3922 0.1961 28.8751 2.0000 
2937 2938 31 1.9997 -4.4406 -19.8498 1.9985 -4.4511 -20.0495 0.0701 0.2000 0.4314 0.3922 0.1961 29.0169 2.0000 
2938 2939 31 1.9985 -4.4511 -20.0495 1.9787 -4.4480 -20.2485 0.0701 0.2000 0.4314 0.3922 0.1961 29.1598 2.0000 
2939 2940 31 1.9787 -4.4480 -20.2485 1.9508 -4.4412 -20.4464 0.0701 0.2000 0.4314 0.3922 0.1961 29.3040 2.0000 
2940 2941 31 1.9508 -4.4412 -20.4464 1.9246 -4.4483 -20.6446 0.0701 0.2000 0.4314 0.3922 0.1961 29.4495 2.0000 
2941 2942 31 1.9246 -4.4483 -20.6446 1.9065 -4.4517 -20.8437 0.0701 0.2000 0.4314 0.3922 0.1961 29.5962 2.0000 
2942 2943 31 1.9065 -4.4517 -20.8437 1.9235 -4.4680 -21.0423 0.0701 0.2000 0.4314 0.3922 0.1961 29.7442 2.0000 
2943 2944 31 1.9235 -4.4680 -21.0423 1.9670 -4.5187 -21.2309 0.0701 0.2000 0.4314 0.3922 0.1961 29.8935 2.0000 
2944 2945 31 1.9670 -4.5187 -21.2309 1.9970 -4.5806 -21.3546 0.0701 0.1416 0.4314 0.3922 0.1961 30.0000 2.0000 
74 2946 32 -0.1796 0.3075 -15.0611 -0.1606 0.4859 -15.1496 0.0765 0.2000 0.4314 0.3922 0.1961 24.6370 2.0000 
2946 2947 32 -0.1606 0.4859 -15.1496 -0.1409 0.6654 -15.2356 0.0765 0.2000 0.4314 0.3922 0.1961 24.7359 2.0000 
2947 2948 32 -0.1409 0.6654 -15.2356 -0.1336 0.8226 -15.3590 0.0765 0.2000 0.4314 0.3922 0.1961 24.8355 2.0000 
2948 2949 32 -0.1336 0.8226 -15.3590 -0.1211 0.9830 -15.4778 0.0765 0.2000 0.4314 0.3922 0.1961 24.9356 2.0000 
2949 2950 32 -0.1211 0.9830 -15.4778 -0.1364 1.1228 -15.6200 0.0765 0.2000 0.4314 0.3922 0.1961 25.0364 2.0000 
2950 2951 32 -0.1364 1.1228 -15.6200 -0.1347 1.2527 -15.7720 0.0765 0.2000 0.4314 0.3922 0.1961 25.1378 2.0000 
2951 2952 32 -0.1347 1.2527 -15.7720 -0.1428 1.3730 -15.9316 0.0765 0.2000 0.4314 0.3922 0.1961 25.2399 2.0000 
2952 2953 32 -0.1428 1.3730 -15.9316 -0.1542 1.5002 -16.0855 0.0765 0.2000 0.4314 0.3922 0.1961 25.3426 2.0000 
2953 2954 32 -0.1542 1.5002 -16.0855 -0.1761 1.6264 -16.2392 0.0765 0.2000 0.4314 0.3922 0.1961 25.4461 2.0000 
2954 2955 32 -0.1761 1.6264 -16.2392 -0.1539 1.7269 -16.4107 0.0765 0.2000 0.4314 0.3922 0.1961 25.5501 2.0000 
2955 2956 32 -0.1539 1.7269 -16.4107 -0.1415 1.8603 -16.5592 0.0765 0.2000 0.4314 0.3922 0.1961 25.6549 2.0000 
2956 2957 32 -0.1415 1.8603 -16.5592 -0.1269 1.9930 -16.7081 0.0765 0.2000 0.4314 0.3922 0.1961 25.7603 2.0000 
2957 2958 32 -0.1269 1.9930 -16.7081 -0.0770 2.1381 -16.8364 0.0765 0.2000 0.4314 0.3922 0.1961 25.8665 2.0000 
2958 2959 32 -0.0770 2.1381 -16.8364 -0.0458 2.2988 -16.9513 0.0765 0.2000 0.4314 0.3922 0.1961 25.9734 2.0000 
2959 2960 32 -0.0458 2.2988 -16.9513 0.0094 2.4507 -17.0690 0.0765 0.2000 0.4314 0.3922 0.1961 26.0810 2.0000 
2960 2961 32 0.0094 2.4507 -17.0690 0.0801 2.5731 -17.2105 0.0765 0.2000 0.4314 0.3922 0.1961 26.1893 2.0000 
2961 2962 32 0.0801 2.5731 -17.2105 0.1849 2.6663 -17.3532 0.0765 0.2000 0.4314 0.3922 0.1961 26.2983 2.0000 
2962 2963 32 0.1849 2.6663 -17.3532 0.2848 2.7666 -17.4944 0.0765 0.2000 0.4314 0.3922 0.1961 26.4081 2.0000 
2963 2964 32 0.2848 2.7666 -17.4944 0.3221 2.8628 -17.6657 0.0765 0.2000 0.4314 0.3922 0.1961 26.5187 2.0000 
2964 2965 32 0.3221 2.8628 -17.6657 0.3900 2.9626 -17.8252 0.0765 0.2000 0.4314 0.3922 0.1961 26.6301 2.0000 
2965 2966 32 0.3900 2.9626 -17.8252 0.4514 3.0633 -17.9867 0.0765 0.2000 0.4314 0.3922 0.1961 26.7422 2.0000 
2966 2967 32 0.4514 3.0633 -17.9867 0.4991 3.1724 -18.1474 0.0765 0.2000 0.4314 0.3922 0.1961 26.8551 2.0000 
2967 2968 32 0.4991 3.1724 -18.1474 0.5236 3.2895 -18.3077 0.0765 0.2000 0.4314 0.3922 0.1961 26.9688 2.0000 
2968 2969 32 0.5236 3.2895 -18.3077 0.5025 3.4291 -18.4493 0.0765 0.2000 0.4314 0.3922 0.1961 27.0834 2.0000 
2969 2970 32 0.5025 3.4291 -18.4493 0.4580 3.5593 -18.5945 0.0765 0.2000 0.4314 0.3922 0.1961 27.1987 2.0000 
2970 2971 32 0.4580 3.5593 -18.5945 0.3931 3.6951 -18.7262 0.0765 0.2000 0.4314 0.3922 0.1961 27.3150 2.0000 
2971 2972 32 0.3931 3.6951 -18.7262 0.3322 3.8445 -18.8443 0.0765 0.2000 0.4314 0.3922 0.1961 27.4320 2.0000 
2972 2973 32 0.3322 3.8445 -18.8443 0.2749 3.9938 -18.9645 0.0765 0.2000 0.4314 0.3922 0.1961 27.5500 2.0000 
2973 2974 32 0.2749 3.9938 -18.9645 0.2223 4.1358 -19.0951 0.0765 0.2000 0.4314 0.3922 0.1961 27.6688 2.0000 
2974 2975 32 0.2223 4.1358 -19.0951 0.1790 4.2561 -19.2489 0.0765 0.2000 0.4314 0.3922 0.1961 27.7885 2.0000 
2975 2976 32 0.1790 4.2561 -19.2489 0.1686 4.3577 -19.4209 0.0765 0.2000 0.4314 0.3922 0.1961 27.9091 2.0000 
2976 2977 32 0.1686 4.3577 -19.4209 0.1153 4.4468 -19.5918 0.0765 0.2000 0.4314 0.3922 0.1961 28.0306 2.0000 
2977 2978 32 0.1153 4.4468 -19.5918 0.0500 4.5462 -19.7526 0.0765 0.2000 0.4314 0.3922 0.1961 28.1531 2.0000 
2978 2979 32 0.0500 4.5462 -19.7526 -0.0210 4.6257 -19.9218 0.0765 0.2000 0.4314 0.3922 0.1961 28.2765 2.0000 
2979 2980 32 -0.0210 4.6257 -19.9218 -0.0914 4.6954 -20.0956 0.0765 0.2000 0.4314 0.3922 0.1961 28.4008 2.0000 
2980 2981 32 -0.0914 4.6954 -20.0956 -0.1523 4.7669 -20.2721 0.0765 0.2000 0.4314 0.3922 0.1961 28.5262 2.0000 
2981 2982 32 -0.1523 4.7669 -20.2721 -0.2136 4.8397 -20.4481 0.0765 0.2000 0.4314 0.3922 0.1961 28.6525 2.0000 
2982 2983 32 -0.2136 4.8397 -20.4481 -0.2539 4.8709 -20.6414 0.0765 0.2000 0.4314 0.3922 0.1961 28.7799 2.0000 
2983 2984 32 -0.2539 4.8709 -20.6414 -0.3101 4.9004 -20.8311 0.0765 0.2000 0.4314 0.3922 0.1961 28.9082 2.0000 
2984 2985 32 -0.3101 4.9004 -20.8311 -0.3539 4.9336 -21.0234 0.0765 0.2000 0.4314 0.3922 0.1961 29.0377 2.0000 
2985 2986 32 -0.3539 4.9336 -21.0234 -0.3985 4.9670 -21.2155 0.0765 0.2000 0.4314 0.3922 0.1961 29.1681 2.0000 
2986 2987 32 -0.3985 4.9670 -21.2155 -0.4524 4.9871 -21.4070 0.0765 0.2000 0.4314 0.3922 0.1961 29.2997 2.0000 
2987 2988 32 -0.4524 4.9871 -21.4070 -0.4552 4.9994 -21.6066 0.0765 0.2000 0.4314 0.3922 0.1961 29.4323 2.0000 
2988 2989 32 -0.4552 4.9994 -21.6066 -0.4618 5.0191 -21.8056 0.0765 0.2000 0.4314 0.3922 0.1961 29.5661 2.0000 
2989 2990 32 -0.4618 5.0191 -21.8056 -0.4653 5.0345 -22.0049 0.0765 0.2000 0.4314 0.3922 0.1961 29.7010 2.0000 
2990 2991 32 -0.4653 5.0345 -22.0049 -0.4458 5.0562 -22.2028 0.0765 0.2000 0.4314 0.3922 0.1961 29.8370 2.0000 
2991 2992 32 -0.4458 5.0562 -22.2028 -0.4538 5.0816 -22.4010 0.0765 0.2000 0.4314 0.3922 0.1961 29.9742 2.0000 
2992 2993 32 -0.4538 5.0816 -22.4010 -0.4557 5.0867 -22.4380 0.0765 0.0374 0.4314 0.3922 0.1961 30.0000 2.0000 
76 2994 33 -0.2252 0.3075 -15.4520 -0.0982 0.4370 -15.5363 0.0834 0.2000 0.4314 0.3922 0.1961 25.2171 2.0000 
2994 2995 33 -0.0982 0.4370 -15.5363 0.0321 0.5630 -15.6209 0.0834 0.2000 0.4314 0.3922 0.1961 25.3218 2.0000 
2995 2996 33 0.0321 0.5630 -15.6209 0.1683 0.6749 -15.7153 0.0834 0.2000 0.4314 0.3922 0.1961 25.4271 2.0000 
2996 2997 33 0.1683 0.6749 -15.7153 0.3026 0.7781 -15.8217 0.0834 0.2000 0.4314 0.3922 0.1961 25.5333 2.0000 
2997 2998 33 0.3026 0.7781 -15.8217 0.4340 0.8766 -15.9359 0.0834 0.2000 0.4314 0.3922 0.1961 25.6402 2.0000 
2998 2999 33 0.4340 0.8766 -15.9359 0.5653 0.9750 -16.0502 0.0834 0.2000 0.4314 0.3922 0.1961 25.7478 2.0000 
2999 3000 33 0.5653 0.9750 -16.0502 0.6806 1.0727 -16.1812 0.0834 0.2000 0.4314 0.3922 0.1961 25.8563 2.0000 
3000 3001 33 0.6806 1.0727 -16.1812 0.7874 1.1832 -16.3092 0.0834 0.2000 0.4314 0.3922 0.1961 25.9656 2.0000 
3001 3002 33 0.7874 1.1832 -16.3092 0.8830 1.2908 -16.4481 0.0834 0.2000 0.4314 0.3922 0.1961 26.0757 2.0000 
3002 3003 33 0.8830 1.2908 -16.4481 0.9774 1.3983 -16.5878 0.0834 0.2000 0.4314 0.3922 0.1961 26.1866 2.0000 
3003 3004 33 0.9774 1.3983 -16.5878 1.0713 1.5036 -16.7296 0.0834 0.2000 0.4314 0.3922 0.1961 26.2983 2.0000 
3004 3005 33 1.0713 1.5036 -16.7296 1.1072 1.6377 -16.8735 0.0834 0.2000 0.4314 0.3922 0.1961 26.4109 2.0000 
3005 3006 33 1.1072 1.6377 -16.8735 1.0790 1.7931 -16.9962 0.0834 0.2000 0.4314 0.3922 0.1961 26.5244 2.0000 
3006 3007 33 1.0790 1.7931 -16.9962 1.0660 1.9332 -17.1383 0.0834 0.2000 0.4314 0.3922 0.1961 26.6387 2.0000 
3007 3008 33 1.0660 1.9332 -17.1383 1.0625 2.0639 -17.2897 0.0834 0.2000 0.4314 0.3922 0.1961 26.7540 2.0000 
3008 3009 33 1.0625 2.0639 -17.2897 1.0614 2.2004 -17.4359 0.0834 0.2000 0.4314 0.3922 0.1961 26.8701 2.0000 
3009 3010 33 1.0614 2.2004 -17.4359 1.0555 2.3311 -17.5871 0.0834 0.2000 0.4314 0.3922 0.1961 26.9872 2.0000 
3010 3011 33 1.0555 2.3311 -17.5871 1.0524 2.4538 -17.7451 0.0834 0.2000 0.4314 0.3922 0.1961 27.1052 2.0000 
3011 3012 33 1.0524 2.4538 -17.7451 1.0271 2.5846 -17.8942 0.0834 0.2000 0.4314 0.3922 0.1961 27.2241 2.0000 
3012 3013 33 1.0271 2.5846 -17.8942 1.0138 2.7115 -18.0483 0.0834 0.2000 0.4314 0.3922 0.1961 27.3440 2.0000 
3013 3014 33 1.0138 2.7115 -18.0483 1.0072 2.8261 -18.2120 0.0834 0.2000 0.4314 0.3922 0.1961 27.4649 2.0000 
3014 3015 33 1.0072 2.8261 -18.2120 1.0449 2.9402 -18.3719 0.0834 0.2000 0.4314 0.3922 0.1961 27.5868 2.0000 
3015 3016 33 1.0449 2.9402 -18.3719 1.0834 3.0529 -18.5325 0.0834 0.2000 0.4314 0.3922 0.1961 27.7097 2.0000 
3016 3017 33 1.0834 3.0529 -18.5325 1.0901 3.1240 -18.7194 0.0834 0.2000 0.4314 0.3922 0.1961 27.8336 2.0000 
3017 3018 33 1.0901 3.1240 -18.7194 1.0950 3.1858 -18.9095 0.0834 0.2000 0.4314 0.3922 0.1961 27.9586 2.0000 
3018 3019 33 1.0950 3.1858 -18.9095 1.1111 3.2408 -19.1011 0.0834 0.2000 0.4314 0.3922 0.1961 28.0846 2.0000 
3019 3020 33 1.1111 3.2408 -19.1011 1.1258 3.2936 -19.2935 0.0834 0.2000 0.4314 0.3922 0.1961 28.2118 2.0000 
3020 3021 33 1.1258 3.2936 -19.2935 1.1394 3.3468 -19.4858 0.0834 0.2000 0.4314 0.3922 0.1961 28.3400 2.0000 
3021 3022 33 1.1394 3.3468 -19.4858 1.1536 3.4135 -19.6738 0.0834 0.2000 0.4314 0.3922 0.1961 28.4693 2.0000 
3022 3023 33 1.1536 3.4135 -19.6738 1.1674 3.4744 -19.8638 0.0834 0.2000 0.4314 0.3922 0.1961 28.5998 2.0000 
3023 3024 33 1.1674 3.4744 -19.8638 1.1907 3.5474 -20.0486 0.0834 0.2000 0.4314 0.3922 0.1961 28.7315 2.0000 
3024 3025 33 1.1907 3.5474 -20.0486 1.2079 3.6265 -20.2314 0.0834 0.2000 0.4314 0.3922 0.1961 28.8643 2.0000 
3025 3026 33 1.2079 3.6265 -20.2314 1.2233 3.7151 -20.4101 0.0834 0.2000 0.4314 0.3922 0.1961 28.9984 2.0000 
3026 3027 33 1.2233 3.7151 -20.4101 1.2264 3.8366 -20.5689 0.0834 0.2000 0.4314 0.3922 0.1961 29.1337 2.0000 
3027 3028 33 1.2264 3.8366 -20.5689 1.2308 3.9580 -20.7278 0.0834 0.2000 0.4314 0.3922 0.1961 29.2702 2.0000 
3028 3029 33 1.2308 3.9580 -20.7278 1.1950 4.0625 -20.8945 0.0834 0.2000 0.4314 0.3922 0.1961 29.4080 2.0000 
3029 3030 33 1.1950 4.0625 -20.8945 1.1847 4.1591 -21.0694 0.0834 0.2000 0.4314 0.3922 0.1961 29.5471 2.0000 
3030 3031 33 1.1847 4.1591 -21.0694 1.1708 4.2108 -21.2621 0.0834 0.2000 0.4314 0.3922 0.1961 29.6875 2.0000 
3031 3032 33 1.1708 4.2108 -21.2621 1.1358 4.2119 -21.4590 0.0834 0.2000 0.4314 0.3922 0.1961 29.8292 2.0000 
3032 3033 33 1.1358 4.2119 -21.4590 1.1039 4.2114 -21.6564 0.0834 0.2000 0.4314 0.3922 0.1961 29.9724 2.0000 
3033 3034 33 1.1039 4.2114 -21.6564 1.0980 4.2117 -21.6943 0.0834 0.0384 0.4314 0.3922 0.1961 30.0000 2.0000 
79 3035 34 -0.2393 0.2922 -15.8807 -0.0716 0.2846 -15.9895 0.0729 0.2000 0.4314 0.3922 0.1961 25.8539 2.0000 
3035 3036 34 -0.0716 0.2846 -15.9895 0.1007 0.2715 -16.0901 0.0729 0.2000 0.4314 0.3922 0.1961 25.9602 2.0000 
3036 3037 34 0.1007 0.2715 -16.0901 0.2721 0.2568 -16.1922 0.0729 0.2000 0.4314 0.3922 0.1961 26.0672 2.0000 
3037 3038 34 0.2721 0.2568 -16.1922 0.4371 0.2905 -16.3001 0.0729 0.2000 0.4314 0.3922 0.1961 26.1749 2.0000 
3038 3039 34 0.4371 0.2905 -16.3001 0.5981 0.3229 -16.4143 0.0729 0.2000 0.4314 0.3922 0.1961 26.2834 2.0000 
3039 3040 34 0.5981 0.3229 -16.4143 0.7592 0.4069 -16.4979 0.0729 0.2000 0.4314 0.3922 0.1961 26.3926 2.0000 
3040 3041 34 0.7592 0.4069 -16.4979 0.9169 0.5058 -16.5710 0.0729 0.2000 0.4314 0.3922 0.1961 26.5025 2.0000 
3041 3042 34 0.9169 0.5058 -16.5710 1.0557 0.6160 -16.6636 0.0729 0.2000 0.4314 0.3922 0.1961 26.6133 2.0000 
3042 3043 34 1.0557 0.6160 -16.6636 1.1988 0.7068 -16.7699 0.0729 0.2000 0.4314 0.3922 0.1961 26.7248 2.0000 
3043 3044 34 1.1988 0.7068 -16.7699 1.3180 0.8136 -16.8898 0.0729 0.2000 0.4314 0.3922 0.1961 26.8371 2.0000 
3044 3045 34 1.3180 0.8136 -16.8898 1.4313 0.9182 -17.0172 0.0729 0.2000 0.4314 0.3922 0.1961 26.9502 2.0000 
3045 3046 34 1.4313 0.9182 -17.0172 1.5395 1.0284 -17.1442 0.0729 0.2000 0.4314 0.3922 0.1961 27.0641 2.0000 
3046 3047 34 1.5395 1.0284 -17.1442 1.6615 1.1423 -17.2544 0.0729 0.2000 0.4314 0.3922 0.1961 27.1789 2.0000 
3047 3048 34 1.6615 1.1423 -17.2544 1.7517 1.2506 -17.3964 0.0729 0.2000 0.4314 0.3922 0.1961 27.2944 2.0000 
3048 3049 34 1.7517 1.2506 -17.3964 1.8431 1.3611 -17.5357 0.0729 0.2000 0.4314 0.3922 0.1961 27.4109 2.0000 
3049 3050 34 1.8431 1.3611 -17.5357 1.9222 1.4800 -17.6758 0.0729 0.2000 0.4314 0.3922 0.1961 27.5282 2.0000 
3050 3051 34 1.9222 1.4800 -17.6758 2.0053 1.5522 -17.8427 0.0729 0.2000 0.4314 0.3922 0.1961 27.6464 2.0000 
3051 3052 34 2.0053 1.5522 -17.8427 2.0828 1.6268 -18.0113 0.0729 0.2000 0.4314 0.3922 0.1961 27.7654 2.0000 
3052 3053 34 2.0828 1.6268 -18.0113 2.1619 1.7043 -18.1779 0.0729 0.2000 0.4314 0.3922 0.1961 27.8854 2.0000 
3053 3054 34 2.1619 1.7043 -18.1779 2.2381 1.7828 -18.3453 0.0729 0.2000 0.4314 0.3922 0.1961 28.0063 2.0000 
3054 3055 34 2.2381 1.7828 -18.3453 2.3065 1.8859 -18.5024 0.0729 0.2000 0.4314 0.3922 0.1961 28.1281 2.0000 
3055 3056 34 2.3065 1.8859 -18.5024 2.3763 2.0139 -18.6393 0.0729 0.2000 0.4314 0.3922 0.1961 28.2508 2.0000 
3056 3057 34 2.3763 2.0139 -18.6393 2.4294 2.1453 -18.7805 0.0729 0.2000 0.4314 0.3922 0.1961 28.3745 2.0000 
3057 3058 34 2.4294 2.1453 -18.7805 2.4830 2.2653 -18.9312 0.0729 0.2000 0.4314 0.3922 0.1961 28.4992 2.0000 
3058 3059 34 2.4830 2.2653 -18.9312 2.5222 2.3794 -19.0908 0.0729 0.2000 0.4314 0.3922 0.1961 28.6249 2.0000 
3059 3060 34 2.5222 2.3794 -19.0908 2.5513 2.4942 -19.2519 0.0729 0.2000 0.4314 0.3922 0.1961 28.7516 2.0000 
3060 3061 34 2.5513 2.4942 -19.2519 2.5620 2.6186 -19.4082 0.0729 0.2000 0.4314 0.3922 0.1961 28.8793 2.0000 
3061 3062 34 2.5620 2.6186 -19.4082 2.6051 2.7354 -19.5647 0.0729 0.2000 0.4314 0.3922 0.1961 29.0080 2.0000 
3062 3063 34 2.6051 2.7354 -19.5647 2.6243 2.8380 -19.7353 0.0729 0.2000 0.4314 0.3922 0.1961 29.1378 2.0000 
3063 3064 34 2.6243 2.8380 -19.7353 2.6435 2.9023 -19.9237 0.0729 0.2000 0.4314 0.3922 0.1961 29.2687 2.0000 
3064 3065 34 2.6435 2.9023 -19.9237 2.6242 2.9510 -20.1167 0.0729 0.2000 0.4314 0.3922 0.1961 29.4007 2.0000 
3065 3066 34 2.6242 2.9510 -20.1167 2.6233 2.9928 -20.3123 0.0729 0.2000 0.4314 0.3922 0.1961 29.5338 2.0000 
3066 3067 34 2.6233 2.9928 -20.3123 2.6689 3.0145 -20.5058 0.0729 0.2000 0.4314 0.3922 0.1961 29.6680 2.0000 
3067 3068 34 2.6689 3.0145 -20.5058 2.7266 3.0507 -20.6939 0.0729 0.2000 0.4314 0.3922 0.1961 29.8033 2.0000 
3068 3069 34 2.7266 3.0507 -20.6939 2.7909 3.0903 -20.8790 0.0729 0.2000 0.4314 0.3922 0.1961 29.9398 2.0000 
3069 3070 34 2.7909 3.0903 -20.8790 2.8142 3.1068 -20.9619 0.0729 0.0876 0.4314 0.3922 0.1961 30.0000 2.0000 
81 3071 35 -0.2317 0.2898 -16.2507 -0.0902 0.4171 -16.3122 0.0593 0.2000 0.4314 0.3922 0.1961 26.3980 2.0000 
3071 3072 35 -0.0902 0.4171 -16.3122 0.0501 0.5362 -16.3907 0.0593 0.2000 0.4314 0.3922 0.1961 26.4934 2.0000 
3072 3073 35 0.0501 0.5362 -16.3907 0.1951 0.6484 -16.4707 0.0593 0.2000 0.4314 0.3922 0.1961 26.5894 2.0000 
3073 3074 35 0.1951 0.6484 -16.4707 0.2974 0.7800 -16.5811 0.0593 0.2000 0.4314 0.3922 0.1961 26.6860 2.0000 
3074 3075 35 0.2974 0.7800 -16.5811 0.3993 0.9128 -16.6906 0.0593 0.2000 0.4314 0.3922 0.1961 26.7832 2.0000 
3075 3076 35 0.3993 0.9128 -16.6906 0.4978 1.0531 -16.7936 0.0593 0.2000 0.4314 0.3922 0.1961 26.8811 2.0000 
3076 3077 35 0.4978 1.0531 -16.7936 0.5783 1.1922 -16.9126 0.0593 0.2000 0.4314 0.3922 0.1961 26.9795 2.0000 
3077 3078 35 0.5783 1.1922 -16.9126 0.6503 1.3299 -17.0386 0.0593 0.2000 0.4314 0.3922 0.1961 27.0786 2.0000 
3078 3079 35 0.6503 1.3299 -17.0386 0.6981 1.4654 -17.1776 0.0593 0.2000 0.4314 0.3922 0.1961 27.1783 2.0000 
3079 3080 35 0.6981 1.4654 -17.1776 0.7430 1.6013 -17.3173 0.0593 0.2000 0.4314 0.3922 0.1961 27.2787 2.0000 
3080 3081 35 0.7430 1.6013 -17.3173 0.7734 1.7325 -17.4652 0.0593 0.2000 0.4314 0.3922 0.1961 27.3797 2.0000 
3081 3082 35 0.7734 1.7325 -17.4652 0.8068 1.8780 -17.5983 0.0593 0.2000 0.4314 0.3922 0.1961 27.4814 2.0000 
3082 3083 35 0.8068 1.8780 -17.5983 0.8272 2.0016 -17.7542 0.0593 0.2000 0.4314 0.3922 0.1961 27.5837 2.0000 
3083 3084 35 0.8272 2.0016 -17.7542 0.8509 2.1112 -17.9198 0.0593 0.2000 0.4314 0.3922 0.1961 27.6867 2.0000 
3084 3085 35 0.8509 2.1112 -17.9198 0.8771 2.2202 -18.0855 0.0593 0.2000 0.4314 0.3922 0.1961 27.7904 2.0000 
3085 3086 35 0.8771 2.2202 -18.0855 0.9138 2.3067 -18.2620 0.0593 0.2000 0.4314 0.3922 0.1961 27.8949 2.0000 
3086 3087 35 0.9138 2.3067 -18.2620 0.9387 2.4019 -18.4361 0.0593 0.2000 0.4314 0.3922 0.1961 28.0000 2.0000 
3087 3088 35 0.9387 2.4019 -18.4361 0.9478 2.4714 -18.6234 0.0593 0.2000 0.4314 0.3922 0.1961 28.1058 2.0000 
3088 3089 35 0.9478 2.4714 -18.6234 0.9655 2.5156 -18.8177 0.0593 0.2000 0.4314 0.3922 0.1961 28.2124 2.0000 
3089 3090 35 0.9655 2.5156 -18.8177 0.9715 2.5443 -19.0155 0.0593 0.2000 0.4314 0.3922 0.1961 28.3197 2.0000 
3090 3091 35 0.9715 2.5443 -19.0155 0.9783 2.5732 -19.2133 0.0593 0.2000 0.4314 0.3922 0.1961 28.4277 2.0000 
3091 3092 35 0.9783 2.5732 -19.2133 0.9927 2.5772 -19.4128 0.0593 0.2000 0.4314 0.3922 0.1961 28.5365 2.0000 
3092 3093 35 0.9927 2.5772 -19.4128 1.0098 2.5875 -19.6118 0.0593 0.2000 0.4314 0.3922 0.1961 28.6461 2.0000 
3093 3094 35 1.0098 2.5875 -19.6118 1.0310 2.5813 -19.8105 0.0593 0.2000 0.4314 0.3922 0.1961 28.7565 2.0000 
3094 3095 35 1.0310 2.5813 -19.8105 1.0410 2.5409 -20.0062 0.0593 0.2000 0.4314 0.3922 0.1961 28.8676 2.0000 
3095 3096 35 1.0410 2.5409 -20.0062 1.0470 2.5164 -20.2046 0.0593 0.2000 0.4314 0.3922 0.1961 28.9796 2.0000 
3096 3097 35 1.0470 2.5164 -20.2046 1.0487 2.4921 -20.4031 0.0593 0.2000 0.4314 0.3922 0.1961 29.0923 2.0000 
3097 3098 35 1.0487 2.4921 -20.4031 1.0590 2.4754 -20.6021 0.0593 0.2000 0.4314 0.3922 0.1961 29.2059 2.0000 
3098 3099 35 1.0590 2.4754 -20.6021 1.0695 2.4576 -20.8010 0.0593 0.2000 0.4314 0.3922 0.1961 29.3204 2.0000 
3099 3100 35 1.0695 2.4576 -20.8010 1.0755 2.4258 -20.9984 0.0593 0.2000 0.4314 0.3922 0.1961 29.4356 2.0000 
3100 3101 35 1.0755 2.4258 -20.9984 1.0851 2.4047 -21.1971 0.0593 0.2000 0.4314 0.3922 0.1961 29.5518 2.0000 
3101 3102 35 1.0851 2.4047 -21.1971 1.0927 2.4020 -21.3969 0.0593 0.2000 0.4314 0.3922 0.1961 29.6688 2.0000 
3102 3103 35 1.0927 2.4020 -21.3969 1.1012 2.3717 -21.5944 0.0593 0.2000 0.4314 0.3922 0.1961 29.7867 2.0000 
3103 3104 35 1.1012 2.3717 -21.5944 1.1096 2.3386 -21.7915 0.0593 0.2000 0.4314 0.3922 0.1961 29.9055 2.0000 
3104 3105 35 1.1096 2.3386 -21.7915 1.1043 2.3380 -21.9494 0.0593 0.1580 0.4314 0.3922 0.1961 30.0000 2.0000 
83 3106 36 -0.1935 0.2951 -16.6388 -0.3482 0.1947 -16.7161 0.0935 0.2000 0.4314 0.3922 0.1961 26.9929 2.0000 
3106 3107 36 -0.3482 0.1947 -16.7161 -0.5050 0.0987 -16.7949 0.0935 0.2000 0.4314 0.3922 0.1961 27.0914 2.0000 
3107 3108 36 -0.5050 0.0987 -16.7949 -0.6687 0.0044 -16.8606 0.0935 0.2000 0.4314 0.3922 0.1961 27.1906 2.0000 
3108 3109 36 -0.6687 0.0044 -16.8606 -0.8253 -0.0484 -16.9733 0.0935 0.2000 0.4314 0.3922 0.1961 27.2906 2.0000 
3109 3110 36 -0.8253 -0.0484 -16.9733 -0.9636 -0.0978 -17.1090 0.0935 0.2000 0.4314 0.3922 0.1961 27.3913 2.0000 
3110 3111 36 -0.9636 -0.0978 -17.1090 -1.1032 -0.1159 -17.2511 0.0935 0.2000 0.4314 0.3922 0.1961 27.4927 2.0000 
3111 3112 36 -1.1032 -0.1159 -17.2511 -1.2185 -0.1668 -17.4064 0.0935 0.2000 0.4314 0.3922 0.1961 27.5949 2.0000 
3112 3113 36 -1.2185 -0.1668 -17.4064 -1.3267 -0.2238 -17.5646 0.0935 0.2000 0.4314 0.3922 0.1961 27.6979 2.0000 
3113 3114 36 -1.3267 -0.2238 -17.5646 -1.4286 -0.2913 -17.7230 0.0935 0.2000 0.4314 0.3922 0.1961 27.8016 2.0000 
3114 3115 36 -1.4286 -0.2913 -17.7230 -1.5358 -0.3860 -17.8627 0.0935 0.2000 0.4314 0.3922 0.1961 27.9061 2.0000 
3115 3116 36 -1.5358 -0.3860 -17.8627 -1.6323 -0.4811 -18.0098 0.0935 0.2000 0.4314 0.3922 0.1961 28.0114 2.0000 
3116 3117 36 -1.6323 -0.4811 -18.0098 -1.7234 -0.5863 -18.1534 0.0935 0.2000 0.4314 0.3922 0.1961 28.1175 2.0000 
3117 3118 36 -1.7234 -0.5863 -18.1534 -1.7938 -0.7069 -18.2967 0.0935 0.2000 0.4314 0.3922 0.1961 28.2244 2.0000 
3118 3119 36 -1.7938 -0.7069 -18.2967 -1.8720 -0.8275 -18.4357 0.0935 0.2000 0.4314 0.3922 0.1961 28.3322 2.0000 
3119 3120 36 -1.8720 -0.8275 -18.4357 -1.9689 -0.8877 -18.6000 0.0935 0.2000 0.4314 0.3922 0.1961 28.4408 2.0000 
3120 3121 36 -1.9689 -0.8877 -18.6000 -2.0395 -0.9580 -18.7734 0.0935 0.2000 0.4314 0.3922 0.1961 28.5503 2.0000 
3121 3122 36 -2.0395 -0.9580 -18.7734 -2.1075 -1.0320 -18.9463 0.0935 0.2000 0.4314 0.3922 0.1961 28.6606 2.0000 
3122 3123 36 -2.1075 -1.0320 -18.9463 -2.1760 -1.1054 -19.1193 0.0935 0.2000 0.4314 0.3922 0.1961 28.7719 2.0000 
3123 3124 36 -2.1760 -1.1054 -19.1193 -2.2331 -1.1697 -19.2999 0.0935 0.2000 0.4314 0.3922 0.1961 28.8840 2.0000 
3124 3125 36 -2.2331 -1.1697 -19.2999 -2.2745 -1.2186 -19.4893 0.0935 0.2000 0.4314 0.3922 0.1961 28.9971 2.0000 
3125 3126 36 -2.2745 -1.2186 -19.4893 -2.2996 -1.2154 -19.6877 0.0935 0.2000 0.4314 0.3922 0.1961 29.1111 2.0000 
3126 3127 36 -2.2996 -1.2154 -19.6877 -2.3233 -1.1758 -19.8823 0.0935 0.2000 0.4314 0.3922 0.1961 29.2260 2.0000 
3127 3128 36 -2.3233 -1.1758 -19.8823 -2.3410 -1.1288 -20.0759 0.0935 0.2000 0.4314 0.3922 0.1961 29.3419 2.0000 
3128 3129 36 -2.3410 -1.1288 -20.0759 -2.3506 -1.0885 -20.2716 0.0935 0.2000 0.4314 0.3922 0.1961 29.4588 2.0000 
3129 3130 36 -2.3506 -1.0885 -20.2716 -2.3601 -1.0486 -20.4673 0.0935 0.2000 0.4314 0.3922 0.1961 29.5767 2.0000 
3130 3131 36 -2.3601 -1.0486 -20.4673 -2.3722 -1.0123 -20.6636 0.0935 0.2000 0.4314 0.3922 0.1961 29.6956 2.0000 
3131 3132 36 -2.3722 -1.0123 -20.6636 -2.3934 -0.9902 -20.8613 0.0935 0.2000 0.4314 0.3922 0.1961 29.8155 2.0000 
3132 3133 36 -2.3934 -0.9902 -20.8613 -2.4209 -0.9684 -21.0582 0.0935 0.2000 0.4314 0.3922 0.1961 29.9365 2.0000 
3133 3134 36 -2.4209 -0.9684 -21.0582 -2.4291 -0.9633 -21.1620 0.0935 0.1042 0.4314 0.3922 0.1961 30.0000 2.0000 
86 3135 37 -0.1759 0.3075 -17.0814 -0.0317 0.1791 -17.1335 0.0680 0.2000 0.4314 0.3922 0.1961 27.6782 2.0000 
3135 3136 37 -0.0317 0.1791 -17.1335 0.1199 0.0627 -17.1924 0.0680 0.2000 0.4314 0.3922 0.1961 27.7798 2.0000 
3136 3137 37 0.1199 0.0627 -17.1924 0.2771 -0.0528 -17.2364 0.0680 0.2000 0.4314 0.3922 0.1961 27.8821 2.0000 
3137 3138 37 0.2771 -0.0528 -17.2364 0.4186 -0.1854 -17.2855 0.0680 0.2000 0.4314 0.3922 0.1961 27.9849 2.0000 
3138 3139 37 0.4186 -0.1854 -17.2855 0.5604 -0.3175 -17.3348 0.0680 0.2000 0.4314 0.3922 0.1961 28.0884 2.0000 
3139 3140 37 0.5604 -0.3175 -17.3348 0.6907 -0.4593 -17.3890 0.0680 0.2000 0.4314 0.3922 0.1961 28.1926 2.0000 
3140 3141 37 0.6907 -0.4593 -17.3890 0.8149 -0.5994 -17.4591 0.0680 0.2000 0.4314 0.3922 0.1961 28.2975 2.0000 
3141 3142 37 0.8149 -0.5994 -17.4591 0.9000 -0.7780 -17.4889 0.0680 0.2000 0.4314 0.3922 0.1961 28.4030 2.0000 
3142 3143 37 0.9000 -0.7780 -17.4889 0.9771 -0.9601 -17.5189 0.0680 0.2000 0.4314 0.3922 0.1961 28.5092 2.0000 
3143 3144 37 0.9771 -0.9601 -17.5189 1.0698 -1.1367 -17.5333 0.0680 0.2000 0.4314 0.3922 0.1961 28.6161 2.0000 
3144 3145 37 1.0698 -1.1367 -17.5333 1.1553 -1.3166 -17.5516 0.0680 0.2000 0.4314 0.3922 0.1961 28.7237 2.0000 
3145 3146 37 1.1553 -1.3166 -17.5516 1.2415 -1.4958 -17.5724 0.0680 0.2000 0.4314 0.3922 0.1961 28.8320 2.0000 
3146 3147 37 1.2415 -1.4958 -17.5724 1.3398 -1.6666 -17.6069 0.0680 0.2000 0.4314 0.3922 0.1961 28.9411 2.0000 
3147 3148 37 1.3398 -1.6666 -17.6069 1.4503 -1.8295 -17.6419 0.0680 0.2000 0.4314 0.3922 0.1961 29.0509 2.0000 
3148 3149 37 1.4503 -1.8295 -17.6419 1.5469 -1.9997 -17.6836 0.0680 0.2000 0.4314 0.3922 0.1961 29.1614 2.0000 
3149 3150 37 1.5469 -1.9997 -17.6836 1.6358 -2.1704 -17.7377 0.0680 0.2000 0.4314 0.3922 0.1961 29.2727 2.0000 
3150 3151 37 1.6358 -2.1704 -17.7377 1.7296 -2.3428 -17.7761 0.0680 0.2000 0.4314 0.3922 0.1961 29.3847 2.0000 
3151 3152 37 1.7296 -2.3428 -17.7761 1.8170 -2.5197 -17.8092 0.0680 0.2000 0.4314 0.3922 0.1961 29.4975 2.0000 
3152 3153 37 1.8170 -2.5197 -17.8092 1.8939 -2.6871 -17.8871 0.0680 0.2000 0.4314 0.3922 0.1961 29.6111 2.0000 
3153 3154 37 1.8939 -2.6871 -17.8871 1.9844 -2.8433 -17.9731 0.0680 0.2000 0.4314 0.3922 0.1961 29.7255 2.0000 
3154 3155 37 1.9844 -2.8433 -17.9731 2.0769 -2.9971 -18.0613 0.0680 0.2000 0.4314 0.3922 0.1961 29.8407 2.0000 
3155 3156 37 2.0769 -2.9971 -18.0613 2.1728 -3.1493 -18.1487 0.0680 0.2000 0.4314 0.3922 0.1961 29.9567 2.0000 
3156 3157 37 2.1728 -3.1493 -18.1487 2.2119 -3.2055 -18.1776 0.0680 0.0743 0.4314 0.3922 0.1961 30.0000 2.0000 
89 3158 38 -0.1593 0.3228 -17.4860 -0.1632 0.5135 -17.5460 0.0799 0.2000 0.4314 0.3922 0.1961 28.3069 2.0000 
3158 3159 38 -0.1632 0.5135 -17.5460 -0.1678 0.7065 -17.5983 0.0799 0.2000 0.4314 0.3922 0.1961 28.4044 2.0000 
3159 3160 38 -0.1678 0.7065 -17.5983 -0.1721 0.8944 -17.6665 0.0799 0.2000 0.4314 0.3922 0.1961 28.5026 2.0000 
3160 3161 38 -0.1721 0.8944 -17.6665 -0.1768 1.0811 -17.7382 0.0799 0.2000 0.4314 0.3922 0.1961 28.6014 2.0000 
3161 3162 38 -0.1768 1.0811 -17.7382 -0.1827 1.2619 -17.8236 0.0799 0.2000 0.4314 0.3922 0.1961 28.7009 2.0000 
3162 3163 38 -0.1827 1.2619 -17.8236 -0.1819 1.4454 -17.9030 0.0799 0.2000 0.4314 0.3922 0.1961 28.8011 2.0000 
3163 3164 38 -0.1819 1.4454 -17.9030 -0.1809 1.6290 -17.9824 0.0799 0.2000 0.4314 0.3922 0.1961 28.9020 2.0000 
3164 3165 38 -0.1809 1.6290 -17.9824 -0.1799 1.8126 -18.0616 0.0799 0.2000 0.4314 0.3922 0.1961 29.0036 2.0000 
3165 3166 38 -0.1799 1.8126 -18.0616 -0.2043 1.9806 -18.1674 0.0799 0.2000 0.4314 0.3922 0.1961 29.1059 2.0000 
3166 3167 38 -0.2043 1.9806 -18.1674 -0.2289 2.1574 -18.2575 0.0799 0.2000 0.4314 0.3922 0.1961 29.2089 2.0000 
3167 3168 38 -0.2289 2.1574 -18.2575 -0.3259 2.3084 -18.3458 0.0799 0.2000 0.4314 0.3922 0.1961 29.3127 2.0000 
3168 3169 38 -0.3259 2.3084 -18.3458 -0.4498 2.4563 -18.3986 0.0799 0.2000 0.4314 0.3922 0.1961 29.4173 2.0000 
3169 3170 38 -0.4498 2.4563 -18.3986 -0.5883 2.5671 -18.4909 0.0799 0.2000 0.4314 0.3922 0.1961 29.5226 2.0000 
3170 3171 38 -0.5883 2.5671 -18.4909 -0.7130 2.6726 -18.6063 0.0799 0.2000 0.4314 0.3922 0.1961 29.6287 2.0000 
3171 3172 38 -0.7130 2.6726 -18.6063 -0.8511 2.7881 -18.6936 0.0799 0.2000 0.4314 0.3922 0.1961 29.7355 2.0000 
3172 3173 38 -0.8511 2.7881 -18.6936 -0.9816 2.9005 -18.7951 0.0799 0.2000 0.4314 0.3922 0.1961 29.8432 2.0000 
3173 3174 38 -0.9816 2.9005 -18.7951 -1.0728 3.0064 -18.9382 0.0799 0.2000 0.4314 0.3922 0.1961 29.9517 2.0000 
3174 3175 38 -1.0728 3.0064 -18.9382 -1.1145 3.0524 -19.0015 0.0799 0.0886 0.4314 0.3922 0.1961 30.0000 2.0000 
92 3176 39 -0.1586 0.3260 -17.8987 -0.1348 0.5220 -17.9301 0.0679 0.2000 0.4314 0.3922 0.1961 28.9531 2.0000 
3176 3177 39 -0.1348 0.5220 -17.9301 -0.1142 0.7172 -17.9688 0.0679 0.2000 0.4314 0.3922 0.1961 29.0429 2.0000 
3177 3178 39 -0.1142 0.7172 -17.9688 -0.0751 0.9111 -17.9985 0.0679 0.2000 0.4314 0.3922 0.1961 29.1332 2.0000 
3178 3179 39 -0.0751 0.9111 -17.9985 -0.0346 1.1048 -18.0273 0.0679 0.2000 0.4314 0.3922 0.1961 29.2242 2.0000 
3179 3180 39 -0.0346 1.1048 -18.0273 0.0218 1.2943 -18.0576 0.0679 0.2000 0.4314 0.3922 0.1961 29.3158 2.0000 
3180 3181 39 0.0218 1.2943 -18.0576 0.0794 1.4823 -18.0938 0.0679 0.2000 0.4314 0.3922 0.1961 29.4080 2.0000 
3181 3182 39 0.0794 1.4823 -18.0938 0.1121 1.6740 -18.1407 0.0679 0.2000 0.4314 0.3922 0.1961 29.5008 2.0000 
3182 3183 39 0.1121 1.6740 -18.1407 0.1643 1.8431 -18.2339 0.0679 0.2000 0.4314 0.3922 0.1961 29.5943 2.0000 
3183 3184 39 0.1643 1.8431 -18.2339 0.2369 1.9974 -18.3384 0.0679 0.2000 0.4314 0.3922 0.1961 29.6884 2.0000 
3184 3185 39 0.2369 1.9974 -18.3384 0.3128 2.1551 -18.4351 0.0679 0.2000 0.4314 0.3922 0.1961 29.7832 2.0000 
3185 3186 39 0.3128 2.1551 -18.4351 0.3748 2.3004 -18.5578 0.0679 0.2000 0.4314 0.3922 0.1961 29.8786 2.0000 
3186 3187 39 0.3748 2.3004 -18.5578 0.4148 2.4384 -18.6969 0.0679 0.2000 0.4314 0.3922 0.1961 29.9747 2.0000 
3187 3188 39 0.4148 2.4384 -18.6969 0.4265 2.4759 -18.7316 0.0679 0.0524 0.4314 0.3922 0.1961 30.0000 2.0000 
95 3189 40 -0.1491 0.3276 -18.3217 -0.0350 0.4856 -18.3666 0.0635 0.2000 0.4314 0.3922 0.1961 29.6426 2.0000 
3189 3190 40 -0.0350 0.4856 -18.3666 0.1061 0.6081 -18.4378 0.0635 0.2000 0.4314 0.3922 0.1961 29.7418 2.0000 
3190 3191 40 0.1061 0.6081 -18.4378 0.2528 0.7249 -18.5074 0.0635 0.2000 0.4314 0.3922 0.1961 29.8416 2.0000 
3191 3192 40 0.2528 0.7249 -18.5074 0.4164 0.8276 -18.5591 0.0635 0.2000 0.4314 0.3922 0.1961 29.9421 2.0000 
3192 3193 40 0.4164 0.8276 -18.5591 0.5092 0.8844 -18.5951 0.0635 0.1146 0.4314 0.3922 0.1961 30.0000 2.0000 
