node1ID node2ID branchID x1 y1 z1 x2 y2 z2 radius length R G B time type 
0 1 0 0.0000 0.0000 -3.0000 0.0153 -0.0259 -3.1977 0.0781 0.2000 0.4314 0.3922 0.1961 0.1444 1.0000 
1 2 0 0.0153 -0.0259 -3.1977 0.0483 -0.0465 -3.3939 0.0781 0.2000 0.4314 0.3922 0.1961 0.2893 1.0000 
2 3 0 0.0483 -0.0465 -3.3939 0.0539 -0.0503 -3.4373 0.0781 0.0439 0.4314 0.3922 0.1961 0.3212 1.0000 
3 4 0 0.0539 -0.0503 -3.4373 0.0636 -0.0690 -3.6362 0.0781 0.2000 0.4314 0.3922 0.1961 0.4668 1.0000 
4 5 0 0.0636 -0.0690 -3.6362 0.0846 -0.0852 -3.8344 0.0781 0.2000 0.4314 0.3922 0.1961 0.6129 1.0000 
5 6 0 0.0846 -0.0852 -3.8344 0.0848 -0.0853 -3.8366 0.0781 0.0022 0.4314 0.3922 0.1961 0.6146 1.0000 
6 7 0 0.0848 -0.0853 -3.8366 0.1062 -0.1005 -4.0349 0.0781 0.2000 0.4314 0.3922 0.1961 0.7613 1.0000 
7 8 0 0.1062 -0.1005 -4.0349 0.1044 -0.0812 -4.2340 0.0781 0.2000 0.4314 0.3922 0.1961 0.9086 1.0000 
8 9 0 0.1044 -0.0812 -4.2340 0.1040 -0.0803 -4.2437 0.0781 0.0098 0.4314 0.3922 0.1961 0.9158 1.0000 
9 10 0 0.1040 -0.0803 -4.2437 0.0910 -0.0571 -4.4419 0.0781 0.2000 0.4314 0.3922 0.1961 1.0638 1.0000 
10 11 0 0.0910 -0.0571 -4.4419 0.0919 -0.0301 -4.6401 0.0781 0.2000 0.4314 0.3922 0.1961 1.2123 1.0000 
11 12 0 0.0919 -0.0301 -4.6401 0.0940 -0.0256 -4.6751 0.0781 0.0354 0.4314 0.3922 0.1961 1.2386 1.0000 
12 13 0 0.0940 -0.0256 -4.6751 0.0765 0.0009 -4.8725 0.0781 0.2000 0.4314 0.3922 0.1961 1.3878 1.0000 
13 14 0 0.0765 0.0009 -4.8725 0.0662 0.0212 -5.0580 0.0781 0.1869 0.4314 0.3922 0.1961 1.5277 1.0000 
14 15 0 0.0662 0.0212 -5.0580 0.0714 0.0416 -5.2569 0.0781 0.2000 0.4314 0.3922 0.1961 1.6780 1.0000 
15 16 0 0.0714 0.0416 -5.2569 0.0844 0.0519 -5.4562 0.0781 0.2000 0.4314 0.3922 0.1961 1.8290 1.0000 
16 17 0 0.0844 0.0519 -5.4562 0.0883 0.0552 -5.4929 0.0781 0.0370 0.4314 0.3922 0.1961 1.8570 1.0000 
17 18 0 0.0883 0.0552 -5.4929 0.0966 0.0530 -5.6927 0.0781 0.2000 0.4314 0.3922 0.1961 2.0086 1.0000 
18 19 0 0.0966 0.0530 -5.6927 0.0974 0.0450 -5.8864 0.0781 0.1939 0.4314 0.3922 0.1961 2.1562 1.0000 
19 20 0 0.0974 0.0450 -5.8864 0.1068 0.0252 -6.0852 0.0781 0.2000 0.4314 0.3922 0.1961 2.3091 1.0000 
20 21 0 0.1068 0.0252 -6.0852 0.1132 0.0085 -6.2390 0.0781 0.1548 0.4314 0.3922 0.1961 2.4278 1.0000 
21 22 0 0.1132 0.0085 -6.2390 0.1329 0.0078 -6.4380 0.0781 0.2000 0.4314 0.3922 0.1961 2.5818 1.0000 
22 23 0 0.1329 0.0078 -6.4380 0.1440 0.0122 -6.6376 0.0781 0.2000 0.4314 0.3922 0.1961 2.7364 1.0000 
23 24 0 0.1440 0.0122 -6.6376 0.1442 0.0123 -6.6437 0.0781 0.0061 0.4314 0.3922 0.1961 2.7411 1.0000 
24 25 0 0.1442 0.0123 -6.6437 0.1361 0.0087 -6.8436 0.0781 0.2000 0.4314 0.3922 0.1961 2.8964 1.0000 
25 26 0 0.1361 0.0087 -6.8436 0.1333 -0.0018 -7.0433 0.0781 0.2000 0.4314 0.3922 0.1961 3.0523 1.0000 
26 27 0 0.1333 -0.0018 -7.0433 0.1332 -0.0023 -7.0521 0.0781 0.0088 0.4314 0.3922 0.1961 3.0592 1.0000 
27 28 0 0.1332 -0.0023 -7.0521 0.1343 -0.0086 -7.2520 0.0781 0.2000 0.4314 0.3922 0.1961 3.2157 1.0000 
28 29 0 0.1343 -0.0086 -7.2520 0.1374 -0.0116 -7.4224 0.0781 0.1705 0.4314 0.3922 0.1961 3.3497 1.0000 
29 30 0 0.1374 -0.0116 -7.4224 0.1012 -0.0182 -7.6190 0.0781 0.2000 0.4314 0.3922 0.1961 3.5075 1.0000 
30 31 0 0.1012 -0.0182 -7.6190 0.0364 0.0059 -7.8066 0.0781 0.2000 0.4314 0.3922 0.1961 3.6659 1.0000 
31 32 0 0.0364 0.0059 -7.8066 0.0331 0.0071 -7.8166 0.0781 0.0106 0.4314 0.3922 0.1961 3.6744 1.0000 
32 33 0 0.0331 0.0071 -7.8166 -0.0154 0.0178 -8.0104 0.0781 0.2000 0.4314 0.3922 0.1961 3.8335 1.0000 
33 34 0 -0.0154 0.0178 -8.0104 -0.0574 0.0222 -8.2059 0.0781 0.2000 0.4314 0.3922 0.1961 3.9933 1.0000 
34 35 0 -0.0574 0.0222 -8.2059 -0.0593 0.0222 -8.2152 0.0781 0.0095 0.4314 0.3922 0.1961 4.0010 1.0000 
35 36 0 -0.0593 0.0222 -8.2152 -0.0894 0.0142 -8.4128 0.0781 0.2000 0.4314 0.3922 0.1961 4.1615 1.0000 
36 37 0 -0.0894 0.0142 -8.4128 -0.0972 0.0376 -8.5709 0.0781 0.1600 0.4314 0.3922 0.1961 4.2904 1.0000 
37 38 0 -0.0972 0.0376 -8.5709 -0.1030 0.0632 -8.7692 0.0781 0.2000 0.4314 0.3922 0.1961 4.4522 1.0000 
38 39 0 -0.1030 0.0632 -8.7692 -0.1024 0.0727 -8.9641 0.0781 0.1952 0.4314 0.3922 0.1961 4.6107 1.0000 
39 40 0 -0.1024 0.0727 -8.9641 -0.1028 0.0790 -9.1640 0.0781 0.2000 0.4314 0.3922 0.1961 4.7739 1.0000 
40 41 0 -0.1028 0.0790 -9.1640 -0.0999 0.0805 -9.3614 0.0781 0.1973 0.4314 0.3922 0.1961 4.9356 1.0000 
41 42 0 -0.0999 0.0805 -9.3614 -0.1035 0.0951 -9.5608 0.0781 0.2000 0.4314 0.3922 0.1961 5.1001 1.0000 
42 43 0 -0.1035 0.0951 -9.5608 -0.0977 0.1010 -9.7606 0.0781 0.2000 0.4314 0.3922 0.1961 5.2654 1.0000 
43 44 0 -0.0977 0.1010 -9.7606 -0.0977 0.1013 -9.7782 0.0781 0.0176 0.4314 0.3922 0.1961 5.2800 1.0000 
44 45 0 -0.0977 0.1013 -9.7782 -0.0897 0.1088 -9.9779 0.0781 0.2000 0.4314 0.3922 0.1961 5.4460 1.0000 
45 46 0 -0.0897 0.1088 -9.9779 -0.0367 0.0843 -10.1679 0.0781 0.1987 0.4314 0.3922 0.1961 5.6118 1.0000 
46 47 0 -0.0367 0.0843 -10.1679 0.0091 0.0609 -10.3611 0.0781 0.2000 0.4314 0.3922 0.1961 5.7793 1.0000 
47 48 0 0.0091 0.0609 -10.3611 0.0540 0.0468 -10.5555 0.0781 0.2000 0.4314 0.3922 0.1961 5.9476 1.0000 
48 49 0 0.0540 0.0468 -10.5555 0.0554 0.0461 -10.5622 0.0781 0.0069 0.4314 0.3922 0.1961 5.9534 1.0000 
49 50 0 0.0554 0.0461 -10.5622 0.0652 0.0242 -10.7608 0.0781 0.2000 0.4314 0.3922 0.1961 6.1225 1.0000 
50 51 0 0.0652 0.0242 -10.7608 0.0568 0.0038 -10.9596 0.0781 0.2000 0.4314 0.3922 0.1961 6.2923 1.0000 
51 52 0 0.0568 0.0038 -10.9596 0.0554 -0.0005 -10.9926 0.0781 0.0334 0.4314 0.3922 0.1961 6.3207 1.0000 
52 53 0 0.0554 -0.0005 -10.9926 0.0545 -0.0406 -11.1886 0.0781 0.2000 0.4314 0.3922 0.1961 6.4914 1.0000 
53 54 0 0.0545 -0.0406 -11.1886 0.0494 -0.0848 -11.3836 0.0781 0.2000 0.4314 0.3922 0.1961 6.6629 1.0000 
54 55 0 0.0494 -0.0848 -11.3836 0.0494 -0.0852 -11.3852 0.0781 0.0017 0.4314 0.3922 0.1961 6.6643 1.0000 
55 56 0 0.0494 -0.0852 -11.3852 0.0611 -0.0593 -11.5832 0.0781 0.2000 0.4314 0.3922 0.1961 6.8366 1.0000 
56 57 0 0.0611 -0.0593 -11.5832 0.0515 -0.0548 -11.7829 0.0781 0.2000 0.4314 0.3922 0.1961 7.0097 1.0000 
57 58 0 0.0515 -0.0548 -11.7829 0.0514 -0.0547 -11.7890 0.0781 0.0061 0.4314 0.3922 0.1961 7.0150 1.0000 
58 59 0 0.0514 -0.0547 -11.7890 0.0436 -0.0527 -11.9888 0.0781 0.2000 0.4314 0.3922 0.1961 7.1889 1.0000 
59 60 0 0.0436 -0.0527 -11.9888 0.0327 -0.0456 -12.1884 0.0781 0.2000 0.4314 0.3922 0.1961 7.3635 1.0000 
60 61 0 0.0327 -0.0456 -12.1884 0.0327 -0.0441 -12.2296 0.0781 0.0412 0.4314 0.3922 0.1961 7.3996 1.0000 
61 62 0 0.0327 -0.0441 -12.2296 0.0280 -0.0363 -12.4293 0.0781 0.2000 0.4314 0.3922 0.1961 7.5753 1.0000 
62 63 0 0.0280 -0.0363 -12.4293 0.0162 -0.0368 -12.6290 0.0781 0.2000 0.4314 0.3922 0.1961 7.7518 1.0000 
63 64 0 0.0162 -0.0368 -12.6290 0.0158 -0.0366 -12.6412 0.0781 0.0122 0.4314 0.3922 0.1961 7.7625 1.0000 
64 65 0 0.0158 -0.0366 -12.6412 0.0132 -0.0191 -12.8404 0.0781 0.2000 0.4314 0.3922 0.1961 7.9399 1.0000 
65 66 0 0.0132 -0.0191 -12.8404 0.0080 0.0007 -13.0356 0.0781 0.1963 0.4314 0.3922 0.1961 8.1148 1.0000 
66 67 0 0.0080 0.0007 -13.0356 -0.0091 0.0009 -13.2349 0.0781 0.2000 0.4314 0.3922 0.1961 8.2938 1.0000 
67 68 0 -0.0091 0.0009 -13.2349 -0.0138 -0.0168 -13.4184 0.0781 0.1845 0.4314 0.3922 0.1961 8.4597 1.0000 
68 69 0 -0.0138 -0.0168 -13.4184 -0.0053 -0.0072 -13.6180 0.0781 0.2000 0.4314 0.3922 0.1961 8.6404 1.0000 
69 70 0 -0.0053 -0.0072 -13.6180 -0.0074 -0.0091 -13.8180 0.0781 0.2000 0.4314 0.3922 0.1961 8.8219 1.0000 
70 71 0 -0.0074 -0.0091 -13.8180 -0.0078 -0.0093 -13.8287 0.0781 0.0107 0.4314 0.3922 0.1961 8.8317 1.0000 
71 72 0 -0.0078 -0.0093 -13.8287 -0.0068 0.0028 -14.0283 0.0781 0.2000 0.4314 0.3922 0.1961 9.0141 1.0000 
72 73 0 -0.0068 0.0028 -14.0283 -0.0110 0.0013 -14.2283 0.0781 0.2000 0.4314 0.3922 0.1961 9.1975 1.0000 
73 74 0 -0.0110 0.0013 -14.2283 -0.0110 0.0014 -14.2434 0.0781 0.0151 0.4314 0.3922 0.1961 9.2114 1.0000 
74 75 0 -0.0110 0.0014 -14.2434 -0.0028 -0.0071 -14.4430 0.0781 0.2000 0.4314 0.3922 0.1961 9.3957 1.0000 
75 76 0 -0.0028 -0.0071 -14.4430 0.0074 -0.0167 -14.6387 0.0781 0.1962 0.4314 0.3922 0.1961 9.5774 1.0000 
76 77 0 0.0074 -0.0167 -14.6387 0.0130 -0.0215 -14.8386 0.0781 0.2000 0.4314 0.3922 0.1961 9.7635 1.0000 
77 78 0 0.0130 -0.0215 -14.8386 0.0203 -0.0338 -15.0233 0.0781 0.1852 0.4314 0.3922 0.1961 9.9367 1.0000 
78 79 0 0.0203 -0.0338 -15.0233 0.0272 -0.0473 -15.2227 0.0781 0.2000 0.4314 0.3922 0.1961 10.1246 1.0000 
79 80 0 0.0272 -0.0473 -15.2227 0.0201 -0.0621 -15.4220 0.0781 0.2000 0.4314 0.3922 0.1961 10.3134 1.0000 
80 81 0 0.0201 -0.0621 -15.4220 0.0197 -0.0628 -15.4312 0.0781 0.0092 0.4314 0.3922 0.1961 10.3222 1.0000 
81 82 0 0.0197 -0.0628 -15.4312 0.0025 -0.0604 -15.6304 0.0781 0.2000 0.4314 0.3922 0.1961 10.5120 1.0000 
82 83 0 0.0025 -0.0604 -15.6304 -0.0148 -0.0646 -15.8225 0.0781 0.1929 0.4314 0.3922 0.1961 10.6960 1.0000 
83 84 0 -0.0148 -0.0646 -15.8225 -0.0421 -0.0542 -16.0203 0.0781 0.2000 0.4314 0.3922 0.1961 10.8877 1.0000 
84 85 0 -0.0421 -0.0542 -16.0203 -0.0626 -0.0554 -16.1861 0.0781 0.1670 0.4314 0.3922 0.1961 11.0485 1.0000 
85 86 0 -0.0626 -0.0554 -16.1861 -0.0853 -0.0545 -16.3848 0.0781 0.2000 0.4314 0.3922 0.1961 11.2421 1.0000 
86 87 0 -0.0853 -0.0545 -16.3848 -0.0755 -0.0190 -16.5570 0.0781 0.1761 0.4314 0.3922 0.1961 11.4133 1.0000 
87 88 0 -0.0755 -0.0190 -16.5570 -0.0655 0.0244 -16.7519 0.0781 0.2000 0.4314 0.3922 0.1961 11.6087 1.0000 
88 89 0 -0.0655 0.0244 -16.7519 -0.0597 0.0645 -16.9360 0.0781 0.1885 0.4314 0.3922 0.1961 11.7938 1.0000 
89 90 0 -0.0597 0.0645 -16.9360 -0.0507 0.1025 -17.1322 0.0781 0.2000 0.4314 0.3922 0.1961 11.9911 1.0000 
90 91 0 -0.0507 0.1025 -17.1322 -0.0497 0.1358 -17.3294 0.0781 0.2000 0.4314 0.3922 0.1961 12.1896 1.0000 
91 92 0 -0.0497 0.1358 -17.3294 -0.0499 0.1378 -17.3440 0.0781 0.0148 0.4314 0.3922 0.1961 12.2043 1.0000 
92 93 0 -0.0499 0.1378 -17.3440 -0.0893 0.1505 -17.5397 0.0781 0.2000 0.4314 0.3922 0.1961 12.4038 1.0000 
93 94 0 -0.0893 0.1505 -17.5397 -0.1343 0.1495 -17.7305 0.0781 0.1961 0.4314 0.3922 0.1961 12.6005 1.0000 
94 95 0 -0.1343 0.1495 -17.7305 -0.1782 0.1550 -17.9256 0.0781 0.2000 0.4314 0.3922 0.1961 12.8021 1.0000 
95 96 0 -0.1782 0.1550 -17.9256 -0.2151 0.1822 -18.1202 0.0781 0.2000 0.4314 0.3922 0.1961 13.0049 1.0000 
96 97 0 -0.2151 0.1822 -18.1202 -0.2178 0.1844 -18.1348 0.0781 0.0150 0.4314 0.3922 0.1961 13.0201 1.0000 
97 98 0 -0.2178 0.1844 -18.1348 -0.2668 0.1817 -18.3287 0.0781 0.2000 0.4314 0.3922 0.1961 13.2240 1.0000 
98 99 0 -0.2668 0.1817 -18.3287 -0.2957 0.1566 -18.5250 0.0781 0.2000 0.4314 0.3922 0.1961 13.4290 1.0000 
99 100 0 -0.2957 0.1566 -18.5250 -0.2962 0.1562 -18.5282 0.0781 0.0033 0.4314 0.3922 0.1961 13.4324 1.0000 
100 101 0 -0.2962 0.1562 -18.5282 -0.3240 0.1491 -18.7261 0.0781 0.2000 0.4314 0.3922 0.1961 13.6385 1.0000 
101 102 0 -0.3240 0.1491 -18.7261 -0.3511 0.1435 -18.9242 0.0781 0.2000 0.4314 0.3922 0.1961 13.8458 1.0000 
102 103 0 -0.3511 0.1435 -18.9242 -0.3521 0.1435 -18.9323 0.0781 0.0081 0.4314 0.3922 0.1961 13.8543 1.0000 
103 104 0 -0.3521 0.1435 -18.9323 -0.3790 0.1430 -19.1305 0.0781 0.2000 0.4314 0.3922 0.1961 14.0628 1.0000 
104 105 0 -0.3790 0.1430 -19.1305 -0.4057 0.1267 -19.2958 0.0781 0.1682 0.4314 0.3922 0.1961 14.2390 1.0000 
105 106 0 -0.4057 0.1267 -19.2958 -0.4429 0.1145 -19.4919 0.0781 0.2000 0.4314 0.3922 0.1961 14.4497 1.0000 
106 107 0 -0.4429 0.1145 -19.4919 -0.4706 0.1064 -19.6449 0.0781 0.1557 0.4314 0.3922 0.1961 14.6144 1.0000 
107 108 0 -0.4706 0.1064 -19.6449 -0.4971 0.1169 -19.8429 0.0781 0.2000 0.4314 0.3922 0.1961 14.8272 1.0000 
108 109 0 -0.4971 0.1169 -19.8429 -0.5199 0.1061 -20.0413 0.0781 0.2000 0.4314 0.3922 0.1961 15.0411 1.0000 
109 110 0 -0.5199 0.1061 -20.0413 -0.5201 0.1060 -20.0426 0.0781 0.0013 0.4314 0.3922 0.1961 15.0425 1.0000 
110 111 0 -0.5201 0.1060 -20.0426 -0.5194 0.1335 -20.2407 0.0781 0.2000 0.4314 0.3922 0.1961 15.2577 1.0000 
111 112 0 -0.5194 0.1335 -20.2407 -0.5023 0.1400 -20.4398 0.0781 0.2000 0.4314 0.3922 0.1961 15.4741 1.0000 
112 113 0 -0.5023 0.1400 -20.4398 -0.5019 0.1405 -20.4638 0.0781 0.0240 0.4314 0.3922 0.1961 15.5001 1.0000 
113 114 0 -0.5019 0.1405 -20.4638 -0.5053 0.1413 -20.6638 0.0781 0.2000 0.4314 0.3922 0.1961 15.7179 1.0000 
114 115 0 -0.5053 0.1413 -20.6638 -0.5176 0.1303 -20.8631 0.0781 0.2000 0.4314 0.3922 0.1961 15.9369 1.0000 
115 116 0 -0.5176 0.1303 -20.8631 -0.5205 0.1293 -20.8854 0.0781 0.0225 0.4314 0.3922 0.1961 15.9617 1.0000 
116 117 0 -0.5205 0.1293 -20.8854 -0.5520 0.1173 -21.0825 0.0781 0.2000 0.4314 0.3922 0.1961 16.1822 1.0000 
117 118 0 -0.5520 0.1173 -21.0825 -0.5796 0.1032 -21.2801 0.0781 0.2000 0.4314 0.3922 0.1961 16.4039 1.0000 
118 119 0 -0.5796 0.1032 -21.2801 -0.5847 0.1013 -21.3143 0.0781 0.0346 0.4314 0.3922 0.1961 16.4424 1.0000 
119 120 0 -0.5847 0.1013 -21.3143 -0.6102 0.0971 -21.5126 0.0781 0.2000 0.4314 0.3922 0.1961 16.6657 1.0000 
120 121 0 -0.6102 0.0971 -21.5126 -0.6481 0.0820 -21.7084 0.0781 0.2000 0.4314 0.3922 0.1961 16.8904 1.0000 
121 122 0 -0.6481 0.0820 -21.7084 -0.6515 0.0811 -21.7241 0.0781 0.0160 0.4314 0.3922 0.1961 16.9084 1.0000 
122 123 0 -0.6515 0.0811 -21.7241 -0.6954 0.0706 -21.9189 0.0781 0.2000 0.4314 0.3922 0.1961 17.1345 1.0000 
123 124 0 -0.6954 0.0706 -21.9189 -0.7214 0.0565 -22.1061 0.0781 0.1895 0.4314 0.3922 0.1961 17.3500 1.0000 
124 125 0 -0.7214 0.0565 -22.1061 -0.7638 0.0516 -22.3015 0.0781 0.2000 0.4314 0.3922 0.1961 17.5787 1.0000 
125 126 0 -0.7638 0.0516 -22.3015 -0.7892 0.0697 -22.4882 0.0781 0.1893 0.4314 0.3922 0.1961 17.7965 1.0000 
126 127 0 -0.7892 0.0697 -22.4882 -0.8088 0.0590 -22.6869 0.0781 0.2000 0.4314 0.3922 0.1961 18.0280 1.0000 
127 128 0 -0.8088 0.0590 -22.6869 -0.8193 0.0348 -22.8421 0.0781 0.1574 0.4314 0.3922 0.1961 18.2111 1.0000 
128 129 0 -0.8193 0.0348 -22.8421 -0.8163 0.0158 -23.0411 0.0781 0.2000 0.4314 0.3922 0.1961 18.4452 1.0000 
129 130 0 -0.8163 0.0158 -23.0411 -0.8136 0.0017 -23.1986 0.0781 0.1581 0.4314 0.3922 0.1961 18.6312 1.0000 
130 131 0 -0.8136 0.0017 -23.1986 -0.8099 -0.0086 -23.3983 0.0781 0.2000 0.4314 0.3922 0.1961 18.8678 1.0000 
131 132 0 -0.8099 -0.0086 -23.3983 -0.8172 -0.0133 -23.5981 0.0781 0.2000 0.4314 0.3922 0.1961 19.1060 1.0000 
132 133 0 -0.8172 -0.0133 -23.5981 -0.8176 -0.0128 -23.6181 0.0781 0.0201 0.4314 0.3922 0.1961 19.1299 1.0000 
133 134 0 -0.8176 -0.0128 -23.6181 -0.8167 -0.0088 -23.8181 0.0781 0.2000 0.4314 0.3922 0.1961 19.3698 1.0000 
134 135 0 -0.8167 -0.0088 -23.8181 -0.8154 -0.0040 -24.0167 0.0781 0.1987 0.4314 0.3922 0.1961 19.6095 1.0000 
135 136 0 -0.8154 -0.0040 -24.0167 -0.8076 -0.0048 -24.2165 0.0781 0.2000 0.4314 0.3922 0.1961 19.8524 1.0000 
136 137 0 -0.8076 -0.0048 -24.2165 -0.7987 -0.0099 -24.3832 0.0781 0.1670 0.4314 0.3922 0.1961 20.0564 1.0000 
137 138 0 -0.7987 -0.0099 -24.3832 -0.7829 -0.0049 -24.5825 0.0781 0.2000 0.4314 0.3922 0.1961 20.3022 1.0000 
138 139 0 -0.7829 -0.0049 -24.5825 -0.7581 -0.0082 -24.7810 0.0781 0.2000 0.4314 0.3922 0.1961 20.5496 1.0000 
139 140 0 -0.7581 -0.0082 -24.7810 -0.7535 -0.0086 -24.8220 0.0781 0.0413 0.4314 0.3922 0.1961 20.6009 1.0000 
140 141 0 -0.7535 -0.0086 -24.8220 -0.7379 -0.0043 -25.0213 0.0781 0.2000 0.4314 0.3922 0.1961 20.8502 1.0000 
141 142 0 -0.7379 -0.0043 -25.0213 -0.7207 -0.0002 -25.2205 0.0781 0.2000 0.4314 0.3922 0.1961 21.1012 1.0000 
142 143 0 -0.7207 -0.0002 -25.2205 -0.7187 0.0001 -25.2539 0.0781 0.0334 0.4314 0.3922 0.1961 21.1433 1.0000 
143 144 0 -0.7187 0.0001 -25.2539 -0.7080 -0.0102 -25.4533 0.0781 0.2000 0.4314 0.3922 0.1961 21.3963 1.0000 
144 145 0 -0.7080 -0.0102 -25.4533 -0.6885 -0.0100 -25.6249 0.0781 0.1726 0.4314 0.3922 0.1961 21.6160 1.0000 
145 146 0 -0.6885 -0.0100 -25.6249 -0.6763 -0.0230 -25.8241 0.0781 0.2000 0.4314 0.3922 0.1961 21.8722 1.0000 
146 147 0 -0.6763 -0.0230 -25.8241 -0.6641 -0.0364 -26.0232 0.0781 0.2000 0.4314 0.3922 0.1961 22.1301 1.0000 
147 148 0 -0.6641 -0.0364 -26.0232 -0.6640 -0.0366 -26.0258 0.0781 0.0026 0.4314 0.3922 0.1961 22.1334 1.0000 
148 149 0 -0.6640 -0.0366 -26.0258 -0.6814 -0.0387 -26.2250 0.0781 0.2000 0.4314 0.3922 0.1961 22.3932 1.0000 
149 150 0 -0.6814 -0.0387 -26.2250 -0.6982 -0.0405 -26.4243 0.0781 0.2000 0.4314 0.3922 0.1961 22.6547 1.0000 
150 151 0 -0.6982 -0.0405 -26.4243 -0.6984 -0.0405 -26.4342 0.0781 0.0099 0.4314 0.3922 0.1961 22.6677 1.0000 
151 152 0 -0.6984 -0.0405 -26.4342 -0.6887 -0.0516 -26.6337 0.0781 0.2000 0.4314 0.3922 0.1961 22.9312 1.0000 
152 153 0 -0.6887 -0.0516 -26.6337 -0.6795 -0.0594 -26.8333 0.0781 0.2000 0.4314 0.3922 0.1961 23.1965 1.0000 
153 154 0 -0.6795 -0.0594 -26.8333 -0.6797 -0.0599 -26.8506 0.0781 0.0172 0.4314 0.3922 0.1961 23.2194 1.0000 
154 155 0 -0.6797 -0.0599 -26.8506 -0.6789 -0.0634 -27.0505 0.0781 0.2000 0.4314 0.3922 0.1961 23.4867 1.0000 
155 156 0 -0.6789 -0.0634 -27.0505 -0.6780 -0.0665 -27.2283 0.0781 0.1778 0.4314 0.3922 0.1961 23.7259 1.0000 
156 157 0 -0.6780 -0.0665 -27.2283 -0.6669 -0.0584 -27.4278 0.0781 0.2000 0.4314 0.3922 0.1961 23.9969 1.0000 
157 158 0 -0.6669 -0.0584 -27.4278 -0.6552 -0.0544 -27.6211 0.0781 0.1937 0.4314 0.3922 0.1961 24.2612 1.0000 
158 159 0 -0.6552 -0.0544 -27.6211 -0.6557 -0.0684 -27.8206 0.0781 0.2000 0.4314 0.3922 0.1961 24.5360 1.0000 
159 160 0 -0.6557 -0.0684 -27.8206 -0.6558 -0.0819 -28.0049 0.0781 0.1847 0.4314 0.3922 0.1961 24.7916 1.0000 
160 161 0 -0.6558 -0.0819 -28.0049 -0.6512 -0.0910 -28.2046 0.0781 0.2000 0.4314 0.3922 0.1961 25.0703 1.0000 
161 162 0 -0.6512 -0.0910 -28.2046 -0.6491 -0.0823 -28.4003 0.0781 0.1959 0.4314 0.3922 0.1961 25.3453 1.0000 
162 163 0 -0.6491 -0.0823 -28.4003 -0.6604 -0.0869 -28.5999 0.0781 0.2000 0.4314 0.3922 0.1961 25.6281 1.0000 
163 164 0 -0.6604 -0.0869 -28.5999 -0.6664 -0.0867 -28.7998 0.0781 0.2000 0.4314 0.3922 0.1961 25.9131 1.0000 
164 165 0 -0.6664 -0.0867 -28.7998 -0.6669 -0.0867 -28.8167 0.0781 0.0169 0.4314 0.3922 0.1961 25.9373 1.0000 
165 166 0 -0.6669 -0.0867 -28.8167 -0.6836 -0.1035 -29.0153 0.0781 0.2000 0.4314 0.3922 0.1961 26.2247 1.0000 
166 167 0 -0.6836 -0.1035 -29.0153 -0.7089 -0.1238 -29.1990 0.0781 0.1865 0.4314 0.3922 0.1961 26.4946 1.0000 
167 168 0 -0.7089 -0.1238 -29.1990 -0.7085 -0.1167 -29.3988 0.0781 0.2000 0.4314 0.3922 0.1961 26.7862 1.0000 
168 169 0 -0.7085 -0.1167 -29.3988 -0.7133 -0.1158 -29.5982 0.0781 0.1995 0.4314 0.3922 0.1961 27.0793 1.0000 
169 170 0 -0.7133 -0.1158 -29.5982 -0.7270 -0.0926 -29.7964 0.0781 0.2000 0.4314 0.3922 0.1961 27.3755 1.0000 
170 171 0 -0.7270 -0.0926 -29.7964 -0.7295 -0.0745 -29.9786 0.0781 0.1831 0.4314 0.3922 0.1961 27.6487 1.0000 
171 172 0 -0.7295 -0.0745 -29.9786 -0.7118 -0.0676 -30.1777 0.0781 0.2000 0.4314 0.3922 0.1961 27.9494 1.0000 
172 173 0 -0.7118 -0.0676 -30.1777 -0.6800 -0.0726 -30.3730 0.0781 0.1979 0.4314 0.3922 0.1961 28.2494 1.0000 
173 174 0 -0.6800 -0.0726 -30.3730 -0.6580 -0.0885 -30.5712 0.0781 0.2000 0.4314 0.3922 0.1961 28.5549 1.0000 
174 175 0 -0.6580 -0.0885 -30.5712 -0.6360 -0.0889 -30.7700 0.0781 0.2000 0.4314 0.3922 0.1961 28.8630 1.0000 
175 176 0 -0.6360 -0.0889 -30.7700 -0.6359 -0.0889 -30.7716 0.0781 0.0016 0.4314 0.3922 0.1961 28.8654 1.0000 
176 177 0 -0.6359 -0.0889 -30.7716 -0.6101 -0.0907 -30.9699 0.0781 0.2000 0.4314 0.3922 0.1961 29.1760 1.0000 
177 178 0 -0.6101 -0.0907 -30.9699 -0.5834 -0.0914 -31.1681 0.0781 0.2000 0.4314 0.3922 0.1961 29.4891 1.0000 
178 179 0 -0.5834 -0.0914 -31.1681 -0.5807 -0.0926 -31.1857 0.0781 0.0179 0.4314 0.3922 0.1961 29.5172 1.0000 
179 180 0 -0.5807 -0.0926 -31.1857 -0.5667 -0.1102 -31.3844 0.0781 0.2000 0.4314 0.3922 0.1961 29.8332 1.0000 
180 181 0 -0.5667 -0.1102 -31.3844 -0.5596 -0.1322 -31.4867 0.0781 0.1049 0.4314 0.3922 0.1961 30.0000 1.0000 
182 183 1 0.0000 0.0000 -3.0000 -0.0547 0.1767 -3.0761 0.0507 0.2000 0.4314 0.3922 0.1961 7.3010 2.0000 
183 184 1 -0.0547 0.1767 -3.0761 -0.1168 0.3453 -3.1639 0.0507 0.2000 0.4314 0.3922 0.1961 7.4049 2.0000 
184 185 1 -0.1168 0.3453 -3.1639 -0.2351 0.4797 -3.2531 0.0507 0.2000 0.4314 0.3922 0.1961 7.5095 2.0000 
185 186 1 -0.2351 0.4797 -3.2531 -0.3266 0.5991 -3.3848 0.0507 0.2000 0.4314 0.3922 0.1961 7.6149 2.0000 
186 187 1 -0.3266 0.5991 -3.3848 -0.4172 0.7198 -3.5161 0.0507 0.2000 0.4314 0.3922 0.1961 7.7211 2.0000 
187 188 1 -0.4172 0.7198 -3.5161 -0.5060 0.8391 -3.6498 0.0507 0.2000 0.4314 0.3922 0.1961 7.8280 2.0000 
188 189 1 -0.5060 0.8391 -3.6498 -0.6020 0.9482 -3.7872 0.0507 0.2000 0.4314 0.3922 0.1961 7.9358 2.0000 
189 190 1 -0.6020 0.9482 -3.7872 -0.7015 1.0342 -3.9379 0.0507 0.2000 0.4314 0.3922 0.1961 8.0443 2.0000 
190 191 1 -0.7015 1.0342 -3.9379 -0.7679 1.1242 -4.1037 0.0507 0.2000 0.4314 0.3922 0.1961 8.1537 2.0000 
191 192 1 -0.7679 1.1242 -4.1037 -0.8371 1.2031 -4.2739 0.0507 0.2000 0.4314 0.3922 0.1961 8.2639 2.0000 
192 193 1 -0.8371 1.2031 -4.2739 -0.8980 1.2670 -4.4534 0.0507 0.2000 0.4314 0.3922 0.1961 8.3749 2.0000 
193 194 1 -0.8980 1.2670 -4.4534 -0.9319 1.3079 -4.6462 0.0507 0.2000 0.4314 0.3922 0.1961 8.4868 2.0000 
194 195 1 -0.9319 1.3079 -4.6462 -0.9420 1.3449 -4.8425 0.0507 0.2000 0.4314 0.3922 0.1961 8.5995 2.0000 
195 196 1 -0.9420 1.3449 -4.8425 -0.9453 1.3637 -5.0416 0.0507 0.2000 0.4314 0.3922 0.1961 8.7132 2.0000 
196 197 1 -0.9453 1.3637 -5.0416 -0.9516 1.3779 -5.2410 0.0507 0.2000 0.4314 0.3922 0.1961 8.8277 2.0000 
197 198 1 -0.9516 1.3779 -5.2410 -0.9846 1.4013 -5.4369 0.0507 0.2000 0.4314 0.3922 0.1961 8.9431 2.0000 
198 199 1 -0.9846 1.4013 -5.4369 -1.0316 1.4164 -5.6307 0.0507 0.2000 0.4314 0.3922 0.1961 9.0595 2.0000 
199 200 1 -1.0316 1.4164 -5.6307 -1.0323 1.4310 -5.8301 0.0507 0.2000 0.4314 0.3922 0.1961 9.1768 2.0000 
200 201 1 -1.0323 1.4310 -5.8301 -1.0726 1.4211 -6.0258 0.0507 0.2000 0.4314 0.3922 0.1961 9.2950 2.0000 
201 202 1 -1.0726 1.4211 -6.0258 -1.1119 1.4075 -6.2214 0.0507 0.2000 0.4314 0.3922 0.1961 9.4142 2.0000 
202 203 1 -1.1119 1.4075 -6.2214 -1.1529 1.3968 -6.4169 0.0507 0.2000 0.4314 0.3922 0.1961 9.5345 2.0000 
203 204 1 -1.1529 1.3968 -6.4169 -1.2019 1.3654 -6.6082 0.0507 0.2000 0.4314 0.3922 0.1961 9.6557 2.0000 
204 205 1 -1.2019 1.3654 -6.6082 -1.2523 1.3367 -6.7996 0.0507 0.2000 0.4314 0.3922 0.1961 9.7779 2.0000 
205 206 1 -1.2523 1.3367 -6.7996 -1.2614 1.3114 -6.9978 0.0507 0.2000 0.4314 0.3922 0.1961 9.9011 2.0000 
206 207 1 -1.2614 1.3114 -6.9978 -1.2430 1.3403 -7.1948 0.0507 0.2000 0.4314 0.3922 0.1961 10.0255 2.0000 
207 208 1 -1.2430 1.3403 -7.1948 -1.2249 1.3781 -7.3904 0.0507 0.2000 0.4314 0.3922 0.1961 10.1508 2.0000 
208 209 1 -1.2249 1.3781 -7.3904 -1.1895 1.4006 -7.5859 0.0507 0.2000 0.4314 0.3922 0.1961 10.2773 2.0000 
209 210 1 -1.1895 1.4006 -7.5859 -1.1572 1.4179 -7.7826 0.0507 0.2000 0.4314 0.3922 0.1961 10.4049 2.0000 
210 211 1 -1.1572 1.4179 -7.7826 -1.1400 1.4191 -7.9818 0.0507 0.2000 0.4314 0.3922 0.1961 10.5336 2.0000 
211 212 1 -1.1400 1.4191 -7.9818 -1.1637 1.4041 -8.1798 0.0507 0.2000 0.4314 0.3922 0.1961 10.6635 2.0000 
212 213 1 -1.1637 1.4041 -8.1798 -1.1862 1.3892 -8.3780 0.0507 0.2000 0.4314 0.3922 0.1961 10.7945 2.0000 
213 214 1 -1.1862 1.3892 -8.3780 -1.2090 1.3853 -8.5767 0.0507 0.2000 0.4314 0.3922 0.1961 10.9267 2.0000 
214 215 1 -1.2090 1.3853 -8.5767 -1.2135 1.3799 -8.7765 0.0507 0.2000 0.4314 0.3922 0.1961 11.0602 2.0000 
215 216 1 -1.2135 1.3799 -8.7765 -1.2084 1.3793 -8.9765 0.0507 0.2000 0.4314 0.3922 0.1961 11.1948 2.0000 
216 217 1 -1.2084 1.3793 -8.9765 -1.1601 1.4083 -9.1684 0.0507 0.2000 0.4314 0.3922 0.1961 11.3308 2.0000 
217 218 1 -1.1601 1.4083 -9.1684 -1.1095 1.4361 -9.3599 0.0507 0.2000 0.4314 0.3922 0.1961 11.4680 2.0000 
218 219 1 -1.1095 1.4361 -9.3599 -1.0611 1.4762 -9.5497 0.0507 0.2000 0.4314 0.3922 0.1961 11.6065 2.0000 
219 220 1 -1.0611 1.4762 -9.5497 -1.0138 1.5254 -9.7377 0.0507 0.2000 0.4314 0.3922 0.1961 11.7463 2.0000 
220 221 1 -1.0138 1.5254 -9.7377 -0.9751 1.5751 -9.9275 0.0507 0.2000 0.4314 0.3922 0.1961 11.8875 2.0000 
221 222 1 -0.9751 1.5751 -9.9275 -0.9294 1.6256 -10.1156 0.0507 0.2000 0.4314 0.3922 0.1961 12.0301 2.0000 
222 223 1 -0.9294 1.6256 -10.1156 -0.8848 1.6776 -10.3035 0.0507 0.2000 0.4314 0.3922 0.1961 12.1741 2.0000 
223 224 1 -0.8848 1.6776 -10.3035 -0.8389 1.7304 -10.4908 0.0507 0.2000 0.4314 0.3922 0.1961 12.3196 2.0000 
224 225 1 -0.8389 1.7304 -10.4908 -0.7913 1.7856 -10.6771 0.0507 0.2000 0.4314 0.3922 0.1961 12.4665 2.0000 
225 226 1 -0.7913 1.7856 -10.6771 -0.7437 1.8404 -10.8635 0.0507 0.2000 0.4314 0.3922 0.1961 12.6149 2.0000 
226 227 1 -0.7437 1.8404 -10.8635 -0.6965 1.9019 -11.0478 0.0507 0.2000 0.4314 0.3922 0.1961 12.7648 2.0000 
227 228 1 -0.6965 1.9019 -11.0478 -0.6336 1.9693 -11.2253 0.0507 0.2000 0.4314 0.3922 0.1961 12.9163 2.0000 
228 229 1 -0.6336 1.9693 -11.2253 -0.5741 2.0427 -11.4016 0.0507 0.2000 0.4314 0.3922 0.1961 13.0694 2.0000 
229 230 1 -0.5741 2.0427 -11.4016 -0.5144 2.1161 -11.5778 0.0507 0.2000 0.4314 0.3922 0.1961 13.2242 2.0000 
230 231 1 -0.5144 2.1161 -11.5778 -0.4632 2.1897 -11.7566 0.0507 0.2000 0.4314 0.3922 0.1961 13.3805 2.0000 
231 232 1 -0.4632 2.1897 -11.7566 -0.3996 2.2509 -11.9360 0.0507 0.2000 0.4314 0.3922 0.1961 13.5386 2.0000 
232 233 1 -0.3996 2.2509 -11.9360 -0.3319 2.3084 -12.1152 0.0507 0.2000 0.4314 0.3922 0.1961 13.6985 2.0000 
233 234 1 -0.3319 2.3084 -12.1152 -0.2636 2.3747 -12.2911 0.0507 0.2000 0.4314 0.3922 0.1961 13.8601 2.0000 
234 235 1 -0.2636 2.3747 -12.2911 -0.2302 2.4206 -12.4829 0.0507 0.2000 0.4314 0.3922 0.1961 14.0235 2.0000 
235 236 1 -0.2302 2.4206 -12.4829 -0.1979 2.4827 -12.6702 0.0507 0.2000 0.4314 0.3922 0.1961 14.1887 2.0000 
236 237 1 -0.1979 2.4827 -12.6702 -0.1796 2.5396 -12.8611 0.0507 0.2000 0.4314 0.3922 0.1961 14.3559 2.0000 
237 238 1 -0.1796 2.5396 -12.8611 -0.1882 2.5645 -13.0594 0.0507 0.2000 0.4314 0.3922 0.1961 14.5250 2.0000 
238 239 1 -0.1882 2.5645 -13.0594 -0.2053 2.5699 -13.2586 0.0507 0.2000 0.4314 0.3922 0.1961 14.6961 2.0000 
239 240 1 -0.2053 2.5699 -13.2586 -0.2242 2.5540 -13.4570 0.0507 0.2000 0.4314 0.3922 0.1961 14.8693 2.0000 
240 241 1 -0.2242 2.5540 -13.4570 -0.2573 2.5376 -13.6536 0.0507 0.2000 0.4314 0.3922 0.1961 15.0445 2.0000 
241 242 1 -0.2573 2.5376 -13.6536 -0.2920 2.5060 -13.8480 0.0507 0.2000 0.4314 0.3922 0.1961 15.2219 2.0000 
242 243 1 -0.2920 2.5060 -13.8480 -0.3090 2.4747 -14.0448 0.0507 0.2000 0.4314 0.3922 0.1961 15.4014 2.0000 
243 244 1 -0.3090 2.4747 -14.0448 -0.3263 2.4392 -14.2409 0.0507 0.2000 0.4314 0.3922 0.1961 15.5832 2.0000 
244 245 1 -0.3263 2.4392 -14.2409 -0.3436 2.4039 -14.4370 0.0507 0.2000 0.4314 0.3922 0.1961 15.7673 2.0000 
245 246 1 -0.3436 2.4039 -14.4370 -0.3586 2.3513 -14.6293 0.0507 0.2000 0.4314 0.3922 0.1961 15.9538 2.0000 
246 247 1 -0.3586 2.3513 -14.6293 -0.3608 2.2874 -14.8188 0.0507 0.2000 0.4314 0.3922 0.1961 16.1426 2.0000 
247 248 1 -0.3608 2.2874 -14.8188 -0.3631 2.2235 -15.0083 0.0507 0.2000 0.4314 0.3922 0.1961 16.3340 2.0000 
248 249 1 -0.3631 2.2235 -15.0083 -0.3874 2.1988 -15.2053 0.0507 0.2000 0.4314 0.3922 0.1961 16.5279 2.0000 
249 250 1 -0.3874 2.1988 -15.2053 -0.4179 2.1925 -15.4029 0.0507 0.2000 0.4314 0.3922 0.1961 16.7245 2.0000 
250 251 1 -0.4179 2.1925 -15.4029 -0.4343 2.1989 -15.6021 0.0507 0.2000 0.4314 0.3922 0.1961 16.9237 2.0000 
251 252 1 -0.4343 2.1989 -15.6021 -0.4493 2.1922 -15.8014 0.0507 0.2000 0.4314 0.3922 0.1961 17.1257 2.0000 
252 253 1 -0.4493 2.1922 -15.8014 -0.4647 2.1938 -16.0008 0.0507 0.2000 0.4314 0.3922 0.1961 17.3305 2.0000 
253 254 1 -0.4647 2.1938 -16.0008 -0.4750 2.1763 -16.1998 0.0507 0.2000 0.4314 0.3922 0.1961 17.5383 2.0000 
254 255 1 -0.4750 2.1763 -16.1998 -0.4817 2.1742 -16.3997 0.0507 0.2000 0.4314 0.3922 0.1961 17.7490 2.0000 
255 256 1 -0.4817 2.1742 -16.3997 -0.4776 2.1743 -16.5996 0.0507 0.2000 0.4314 0.3922 0.1961 17.9629 2.0000 
256 257 1 -0.4776 2.1743 -16.5996 -0.4622 2.1854 -16.7987 0.0507 0.2000 0.4314 0.3922 0.1961 18.1800 2.0000 
257 258 1 -0.4622 2.1854 -16.7987 -0.4572 2.2059 -16.9976 0.0507 0.2000 0.4314 0.3922 0.1961 18.4003 2.0000 
258 259 1 -0.4572 2.2059 -16.9976 -0.4613 2.2147 -17.1974 0.0507 0.2000 0.4314 0.3922 0.1961 18.6241 2.0000 
259 260 1 -0.4613 2.2147 -17.1974 -0.4701 2.2201 -17.3971 0.0507 0.2000 0.4314 0.3922 0.1961 18.8513 2.0000 
260 261 1 -0.4701 2.2201 -17.3971 -0.4673 2.2199 -17.5971 0.0507 0.2000 0.4314 0.3922 0.1961 19.0821 2.0000 
261 262 1 -0.4673 2.2199 -17.5971 -0.4522 2.1715 -17.7905 0.0507 0.2000 0.4314 0.3922 0.1961 19.3167 2.0000 
262 263 1 -0.4522 2.1715 -17.7905 -0.4352 2.1530 -17.9890 0.0507 0.2000 0.4314 0.3922 0.1961 19.5551 2.0000 
263 264 1 -0.4352 2.1530 -17.9890 -0.4485 2.1538 -18.1885 0.0507 0.2000 0.4314 0.3922 0.1961 19.7975 2.0000 
264 265 1 -0.4485 2.1538 -18.1885 -0.4669 2.1272 -18.3859 0.0507 0.2000 0.4314 0.3922 0.1961 20.0440 2.0000 
265 266 1 -0.4669 2.1272 -18.3859 -0.4815 2.1156 -18.5850 0.0507 0.2000 0.4314 0.3922 0.1961 20.2947 2.0000 
266 267 1 -0.4815 2.1156 -18.5850 -0.4738 2.0976 -18.7841 0.0507 0.2000 0.4314 0.3922 0.1961 20.5499 2.0000 
267 268 1 -0.4738 2.0976 -18.7841 -0.4431 2.0400 -18.9731 0.0507 0.2000 0.4314 0.3922 0.1961 20.8095 2.0000 
268 269 1 -0.4431 2.0400 -18.9731 -0.4021 1.9995 -19.1646 0.0507 0.2000 0.4314 0.3922 0.1961 21.0740 2.0000 
269 270 1 -0.4021 1.9995 -19.1646 -0.3616 1.9591 -19.3563 0.0507 0.2000 0.4314 0.3922 0.1961 21.3433 2.0000 
270 271 1 -0.3616 1.9591 -19.3563 -0.3293 1.9261 -19.5509 0.0507 0.2000 0.4314 0.3922 0.1961 21.6176 2.0000 
271 272 1 -0.3293 1.9261 -19.5509 -0.2961 1.8954 -19.7457 0.0507 0.2000 0.4314 0.3922 0.1961 21.8973 2.0000 
272 273 1 -0.2961 1.8954 -19.7457 -0.2600 1.8578 -19.9388 0.0507 0.2000 0.4314 0.3922 0.1961 22.1825 2.0000 
273 274 1 -0.2600 1.8578 -19.9388 -0.2108 1.8067 -20.1258 0.0507 0.2000 0.4314 0.3922 0.1961 22.4733 2.0000 
274 275 1 -0.2108 1.8067 -20.1258 -0.1471 1.7459 -20.3053 0.0507 0.2000 0.4314 0.3922 0.1961 22.7701 2.0000 
275 276 1 -0.1471 1.7459 -20.3053 -0.1047 1.6665 -20.4839 0.0507 0.2000 0.4314 0.3922 0.1961 23.0730 2.0000 
276 277 1 -0.1047 1.6665 -20.4839 -0.0481 1.6100 -20.6672 0.0507 0.2000 0.4314 0.3922 0.1961 23.3824 2.0000 
277 278 1 -0.0481 1.6100 -20.6672 0.0031 1.5543 -20.8524 0.0507 0.2000 0.4314 0.3922 0.1961 23.6986 2.0000 
278 279 1 0.0031 1.5543 -20.8524 0.0548 1.4984 -21.0373 0.0507 0.2000 0.4314 0.3922 0.1961 24.0217 2.0000 
279 280 1 0.0548 1.4984 -21.0373 0.0746 1.4679 -21.2340 0.0507 0.2000 0.4314 0.3922 0.1961 24.3522 2.0000 
280 281 1 0.0746 1.4679 -21.2340 0.0963 1.4361 -21.4302 0.0507 0.2000 0.4314 0.3922 0.1961 24.6904 2.0000 
281 282 1 0.0963 1.4361 -21.4302 0.1217 1.4057 -21.6263 0.0507 0.2000 0.4314 0.3922 0.1961 25.0366 2.0000 
282 283 1 0.1217 1.4057 -21.6263 0.1474 1.3708 -21.8215 0.0507 0.2000 0.4314 0.3922 0.1961 25.3913 2.0000 
283 284 1 0.1474 1.3708 -21.8215 0.2081 1.3235 -22.0061 0.0507 0.2000 0.4314 0.3922 0.1961 25.7548 2.0000 
284 285 1 0.2081 1.3235 -22.0061 0.2450 1.3485 -22.2011 0.0507 0.2000 0.4314 0.3922 0.1961 26.1277 2.0000 
285 286 1 0.2450 1.3485 -22.2011 0.2842 1.4029 -22.3895 0.0507 0.2000 0.4314 0.3922 0.1961 26.5103 2.0000 
286 287 1 0.2842 1.4029 -22.3895 0.2835 1.4333 -22.5872 0.0507 0.2000 0.4314 0.3922 0.1961 26.9033 2.0000 
287 288 1 0.2835 1.4333 -22.5872 0.2914 1.4643 -22.7846 0.0507 0.2000 0.4314 0.3922 0.1961 27.3072 2.0000 
288 289 1 0.2914 1.4643 -22.7846 0.2706 1.5048 -22.9794 0.0507 0.2000 0.4314 0.3922 0.1961 27.7227 2.0000 
289 290 1 0.2706 1.5048 -22.9794 0.2722 1.5174 -23.1790 0.0507 0.2000 0.4314 0.3922 0.1961 28.1503 2.0000 
290 291 1 0.2722 1.5174 -23.1790 0.2725 1.5268 -23.3788 0.0507 0.2000 0.4314 0.3922 0.1961 28.5909 2.0000 
291 292 1 0.2725 1.5268 -23.3788 0.2923 1.5623 -23.5746 0.0507 0.2000 0.4314 0.3922 0.1961 29.0453 2.0000 
292 293 1 0.2923 1.5623 -23.5746 0.2800 1.5830 -23.7731 0.0507 0.2000 0.4314 0.3922 0.1961 29.5144 2.0000 
293 294 1 0.2800 1.5830 -23.7731 0.2690 1.6097 -23.9710 0.0507 0.2000 0.4314 0.3922 0.1961 29.9990 2.0000 
294 295 1 0.2690 1.6097 -23.9710 0.2690 1.6097 -23.9714 0.0507 0.0004 0.4314 0.3922 0.1961 30.0000 2.0000 
3 296 2 0.0539 -0.0503 -3.4373 0.2330 0.0387 -3.4327 0.0741 0.2000 0.4314 0.3922 0.1961 7.6752 2.0000 
296 297 2 0.2330 0.0387 -3.4327 0.4059 0.1344 -3.4632 0.0741 0.2000 0.4314 0.3922 0.1961 7.7643 2.0000 
297 298 2 0.4059 0.1344 -3.4632 0.5934 0.2033 -3.4732 0.0741 0.2000 0.4314 0.3922 0.1961 7.8540 2.0000 
298 299 2 0.5934 0.2033 -3.4732 0.7834 0.2655 -3.4800 0.0741 0.2000 0.4314 0.3922 0.1961 7.9443 2.0000 
299 300 2 0.7834 0.2655 -3.4800 0.9754 0.3207 -3.4881 0.0741 0.2000 0.4314 0.3922 0.1961 8.0352 2.0000 
300 301 2 0.9754 0.3207 -3.4881 1.1669 0.3779 -3.4960 0.0741 0.2000 0.4314 0.3922 0.1961 8.1268 2.0000 
301 302 2 1.1669 0.3779 -3.4960 1.3537 0.4495 -3.4983 0.0741 0.2000 0.4314 0.3922 0.1961 8.2190 2.0000 
302 303 2 1.3537 0.4495 -3.4983 1.5422 0.5161 -3.5008 0.0741 0.2000 0.4314 0.3922 0.1961 8.3118 2.0000 
303 304 2 1.5422 0.5161 -3.5008 1.7373 0.5347 -3.5409 0.0741 0.2000 0.4314 0.3922 0.1961 8.4053 2.0000 
304 305 2 1.7373 0.5347 -3.5409 1.9184 0.5412 -3.6255 0.0741 0.2000 0.4314 0.3922 0.1961 8.4995 2.0000 
305 306 2 1.9184 0.5412 -3.6255 2.0939 0.5261 -3.7201 0.0741 0.2000 0.4314 0.3922 0.1961 8.5943 2.0000 
306 307 2 2.0939 0.5261 -3.7201 2.2539 0.4644 -3.8231 0.0741 0.2000 0.4314 0.3922 0.1961 8.6899 2.0000 
307 308 2 2.2539 0.4644 -3.8231 2.4173 0.4049 -3.9218 0.0741 0.2000 0.4314 0.3922 0.1961 8.7861 2.0000 
308 309 2 2.4173 0.4049 -3.9218 2.5886 0.3584 -4.0140 0.0741 0.2000 0.4314 0.3922 0.1961 8.8831 2.0000 
309 310 2 2.5886 0.3584 -4.0140 2.7533 0.3180 -4.1201 0.0741 0.2000 0.4314 0.3922 0.1961 8.9807 2.0000 
310 311 2 2.7533 0.3180 -4.1201 2.9164 0.2853 -4.2311 0.0741 0.2000 0.4314 0.3922 0.1961 9.0791 2.0000 
311 312 2 2.9164 0.2853 -4.2311 3.0753 0.2604 -4.3500 0.0741 0.2000 0.4314 0.3922 0.1961 9.1783 2.0000 
312 313 2 3.0753 0.2604 -4.3500 3.2225 0.2318 -4.4824 0.0741 0.2000 0.4314 0.3922 0.1961 9.2781 2.0000 
313 314 2 3.2225 0.2318 -4.4824 3.3675 0.2046 -4.6174 0.0741 0.2000 0.4314 0.3922 0.1961 9.3788 2.0000 
314 315 2 3.3675 0.2046 -4.6174 3.5105 0.1741 -4.7538 0.0741 0.2000 0.4314 0.3922 0.1961 9.4802 2.0000 
315 316 2 3.5105 0.1741 -4.7538 3.6172 0.1331 -4.9179 0.0741 0.2000 0.4314 0.3922 0.1961 9.5824 2.0000 
316 317 2 3.6172 0.1331 -4.9179 3.7133 0.0955 -5.0893 0.0741 0.2000 0.4314 0.3922 0.1961 9.6855 2.0000 
317 318 2 3.7133 0.0955 -5.0893 3.8244 0.0670 -5.2531 0.0741 0.2000 0.4314 0.3922 0.1961 9.7893 2.0000 
318 319 2 3.8244 0.0670 -5.2531 3.9236 0.0511 -5.4260 0.0741 0.2000 0.4314 0.3922 0.1961 9.8939 2.0000 
319 320 2 3.9236 0.0511 -5.4260 4.0251 0.0493 -5.5983 0.0741 0.2000 0.4314 0.3922 0.1961 9.9994 2.0000 
320 321 2 4.0251 0.0493 -5.5983 4.1137 0.0316 -5.7768 0.0741 0.2000 0.4314 0.3922 0.1961 10.1058 2.0000 
321 322 2 4.1137 0.0316 -5.7768 4.1793 0.0247 -5.9656 0.0741 0.2000 0.4314 0.3922 0.1961 10.2130 2.0000 
322 323 2 4.1793 0.0247 -5.9656 4.2328 0.0113 -6.1578 0.0741 0.2000 0.4314 0.3922 0.1961 10.3211 2.0000 
323 324 2 4.2328 0.0113 -6.1578 4.3356 -0.0166 -6.3271 0.0741 0.2000 0.4314 0.3922 0.1961 10.4301 2.0000 
324 325 2 4.3356 -0.0166 -6.3271 4.4391 -0.0155 -6.4982 0.0741 0.2000 0.4314 0.3922 0.1961 10.5400 2.0000 
325 326 2 4.4391 -0.0155 -6.4982 4.5333 0.0057 -6.6734 0.0741 0.2000 0.4314 0.3922 0.1961 10.6508 2.0000 
326 327 2 4.5333 0.0057 -6.6734 4.6134 0.0093 -6.8566 0.0741 0.2000 0.4314 0.3922 0.1961 10.7626 2.0000 
327 328 2 4.6134 0.0093 -6.8566 4.6913 0.0155 -7.0407 0.0741 0.2000 0.4314 0.3922 0.1961 10.8753 2.0000 
328 329 2 4.6913 0.0155 -7.0407 4.7493 0.0250 -7.2319 0.0741 0.2000 0.4314 0.3922 0.1961 10.9890 2.0000 
329 330 2 4.7493 0.0250 -7.2319 4.7861 0.0490 -7.4270 0.0741 0.2000 0.4314 0.3922 0.1961 11.1037 2.0000 
330 331 2 4.7861 0.0490 -7.4270 4.8224 0.0721 -7.6223 0.0741 0.2000 0.4314 0.3922 0.1961 11.2193 2.0000 
331 332 2 4.8224 0.0721 -7.6223 4.8466 0.0927 -7.8198 0.0741 0.2000 0.4314 0.3922 0.1961 11.3361 2.0000 
332 333 2 4.8466 0.0927 -7.8198 4.8632 0.1265 -8.0162 0.0741 0.2000 0.4314 0.3922 0.1961 11.4538 2.0000 
333 334 2 4.8632 0.1265 -8.0162 4.8858 0.1450 -8.2141 0.0741 0.2000 0.4314 0.3922 0.1961 11.5727 2.0000 
334 335 2 4.8858 0.1450 -8.2141 4.9080 0.1627 -8.4120 0.0741 0.2000 0.4314 0.3922 0.1961 11.6926 2.0000 
335 336 2 4.9080 0.1627 -8.4120 4.9241 0.1845 -8.6102 0.0741 0.2000 0.4314 0.3922 0.1961 11.8136 2.0000 
336 337 2 4.9241 0.1845 -8.6102 4.9394 0.2060 -8.8084 0.0741 0.2000 0.4314 0.3922 0.1961 11.9357 2.0000 
337 338 2 4.9394 0.2060 -8.8084 4.9735 0.1539 -8.9985 0.0741 0.2000 0.4314 0.3922 0.1961 12.0590 2.0000 
338 339 2 4.9735 0.1539 -8.9985 4.9891 0.0811 -9.1841 0.0741 0.2000 0.4314 0.3922 0.1961 12.1834 2.0000 
339 340 2 4.9891 0.0811 -9.1841 5.0502 0.0076 -9.3598 0.0741 0.2000 0.4314 0.3922 0.1961 12.3090 2.0000 
340 341 2 5.0502 0.0076 -9.3598 5.0789 -0.0737 -9.5403 0.0741 0.2000 0.4314 0.3922 0.1961 12.4359 2.0000 
341 342 2 5.0789 -0.0737 -9.5403 5.1076 -0.1547 -9.7209 0.0741 0.2000 0.4314 0.3922 0.1961 12.5640 2.0000 
342 343 2 5.1076 -0.1547 -9.7209 5.1011 -0.2163 -9.9111 0.0741 0.2000 0.4314 0.3922 0.1961 12.6933 2.0000 
343 344 2 5.1011 -0.2163 -9.9111 5.0631 -0.2175 -10.1074 0.0741 0.2000 0.4314 0.3922 0.1961 12.8239 2.0000 
344 345 2 5.0631 -0.2175 -10.1074 5.0547 -0.1928 -10.3057 0.0741 0.2000 0.4314 0.3922 0.1961 12.9558 2.0000 
345 346 2 5.0547 -0.1928 -10.3057 5.0360 -0.1631 -10.5026 0.0741 0.2000 0.4314 0.3922 0.1961 13.0891 2.0000 
346 347 2 5.0360 -0.1631 -10.5026 5.0271 -0.1291 -10.6995 0.0741 0.2000 0.4314 0.3922 0.1961 13.2237 2.0000 
347 348 2 5.0271 -0.1291 -10.6995 5.0079 -0.1255 -10.8985 0.0741 0.2000 0.4314 0.3922 0.1961 13.3597 2.0000 
348 349 2 5.0079 -0.1255 -10.8985 4.9889 -0.1074 -11.0968 0.0741 0.2000 0.4314 0.3922 0.1961 13.4972 2.0000 
349 350 2 4.9889 -0.1074 -11.0968 4.9941 -0.0876 -11.2958 0.0741 0.2000 0.4314 0.3922 0.1961 13.6360 2.0000 
350 351 2 4.9941 -0.0876 -11.2958 4.9808 -0.0661 -11.4942 0.0741 0.2000 0.4314 0.3922 0.1961 13.7764 2.0000 
351 352 2 4.9808 -0.0661 -11.4942 4.9613 -0.0413 -11.6916 0.0741 0.2000 0.4314 0.3922 0.1961 13.9183 2.0000 
352 353 2 4.9613 -0.0413 -11.6916 4.9414 -0.0164 -11.8891 0.0741 0.2000 0.4314 0.3922 0.1961 14.0617 2.0000 
353 354 2 4.9414 -0.0164 -11.8891 4.9379 0.0215 -12.0854 0.0741 0.2000 0.4314 0.3922 0.1961 14.2067 2.0000 
354 355 2 4.9379 0.0215 -12.0854 4.9261 0.1010 -12.2686 0.0741 0.2000 0.4314 0.3922 0.1961 14.3533 2.0000 
355 356 2 4.9261 0.1010 -12.2686 4.9319 0.1293 -12.4665 0.0741 0.2000 0.4314 0.3922 0.1961 14.5016 2.0000 
356 357 2 4.9319 0.1293 -12.4665 4.9277 0.1564 -12.6646 0.0741 0.2000 0.4314 0.3922 0.1961 14.6515 2.0000 
357 358 2 4.9277 0.1564 -12.6646 4.9237 0.1892 -12.8618 0.0741 0.2000 0.4314 0.3922 0.1961 14.8032 2.0000 
358 359 2 4.9237 0.1892 -12.8618 4.8984 0.2027 -13.0598 0.0741 0.2000 0.4314 0.3922 0.1961 14.9567 2.0000 
359 360 2 4.8984 0.2027 -13.0598 4.8454 0.1979 -13.2526 0.0741 0.2000 0.4314 0.3922 0.1961 15.1119 2.0000 
360 361 2 4.8454 0.1979 -13.2526 4.8013 0.1906 -13.4475 0.0741 0.2000 0.4314 0.3922 0.1961 15.2691 2.0000 
361 362 2 4.8013 0.1906 -13.4475 4.7591 0.1947 -13.6430 0.0741 0.2000 0.4314 0.3922 0.1961 15.4281 2.0000 
362 363 2 4.7591 0.1947 -13.6430 4.7171 0.1988 -13.8385 0.0741 0.2000 0.4314 0.3922 0.1961 15.5890 2.0000 
363 364 2 4.7171 0.1988 -13.8385 4.6754 0.2035 -14.0340 0.0741 0.2000 0.4314 0.3922 0.1961 15.7520 2.0000 
364 365 2 4.6754 0.2035 -14.0340 4.6580 0.2291 -14.2316 0.0741 0.2000 0.4314 0.3922 0.1961 15.9170 2.0000 
365 366 2 4.6580 0.2291 -14.2316 4.6341 0.2598 -14.4278 0.0741 0.2000 0.4314 0.3922 0.1961 16.0841 2.0000 
366 367 2 4.6341 0.2598 -14.4278 4.6117 0.2842 -14.6250 0.0741 0.2000 0.4314 0.3922 0.1961 16.2533 2.0000 
367 368 2 4.6117 0.2842 -14.6250 4.6529 0.2890 -14.8207 0.0741 0.2000 0.4314 0.3922 0.1961 16.4247 2.0000 
368 369 2 4.6529 0.2890 -14.8207 4.6429 0.2734 -15.0198 0.0741 0.2000 0.4314 0.3922 0.1961 16.5985 2.0000 
369 370 2 4.6429 0.2734 -15.0198 4.6328 0.2577 -15.2189 0.0741 0.2000 0.4314 0.3922 0.1961 16.7745 2.0000 
370 371 2 4.6328 0.2577 -15.2189 4.6058 0.2437 -15.4166 0.0741 0.2000 0.4314 0.3922 0.1961 16.9529 2.0000 
371 372 2 4.6058 0.2437 -15.4166 4.5535 0.2252 -15.6088 0.0741 0.2000 0.4314 0.3922 0.1961 17.1338 2.0000 
372 373 2 4.5535 0.2252 -15.6088 4.5012 0.2068 -15.8009 0.0741 0.2000 0.4314 0.3922 0.1961 17.3171 2.0000 
373 374 2 4.5012 0.2068 -15.8009 4.4355 0.2264 -15.9888 0.0741 0.2000 0.4314 0.3922 0.1961 17.5031 2.0000 
374 375 2 4.4355 0.2264 -15.9888 4.3465 0.2439 -16.1671 0.0741 0.2000 0.4314 0.3922 0.1961 17.6917 2.0000 
375 376 2 4.3465 0.2439 -16.1671 4.2578 0.2614 -16.3455 0.0741 0.2000 0.4314 0.3922 0.1961 17.8831 2.0000 
376 377 2 4.2578 0.2614 -16.3455 4.1542 0.2597 -16.5165 0.0741 0.2000 0.4314 0.3922 0.1961 18.0773 2.0000 
377 378 2 4.1542 0.2597 -16.5165 4.0850 0.2514 -16.7040 0.0741 0.2000 0.4314 0.3922 0.1961 18.2744 2.0000 
378 379 2 4.0850 0.2514 -16.7040 4.0274 0.2513 -16.8955 0.0741 0.2000 0.4314 0.3922 0.1961 18.4745 2.0000 
379 380 2 4.0274 0.2513 -16.8955 3.9897 0.2521 -17.0919 0.0741 0.2000 0.4314 0.3922 0.1961 18.6777 2.0000 
380 381 2 3.9897 0.2521 -17.0919 3.9547 0.2536 -17.2888 0.0741 0.2000 0.4314 0.3922 0.1961 18.8841 2.0000 
381 382 2 3.9547 0.2536 -17.2888 3.9307 0.2656 -17.4870 0.0741 0.2000 0.4314 0.3922 0.1961 19.0938 2.0000 
382 383 2 3.9307 0.2656 -17.4870 3.9539 0.2573 -17.6855 0.0741 0.2000 0.4314 0.3922 0.1961 19.3069 2.0000 
383 384 2 3.9539 0.2573 -17.6855 3.9775 0.2495 -17.8839 0.0741 0.2000 0.4314 0.3922 0.1961 19.5234 2.0000 
384 385 2 3.9775 0.2495 -17.8839 4.0006 0.2421 -18.0824 0.0741 0.2000 0.4314 0.3922 0.1961 19.7436 2.0000 
385 386 2 4.0006 0.2421 -18.0824 4.0225 0.2283 -18.2808 0.0741 0.2000 0.4314 0.3922 0.1961 19.9676 2.0000 
386 387 2 4.0225 0.2283 -18.2808 4.0362 0.2183 -18.4800 0.0741 0.2000 0.4314 0.3922 0.1961 20.1954 2.0000 
387 388 2 4.0362 0.2183 -18.4800 4.0562 0.1975 -18.6779 0.0741 0.2000 0.4314 0.3922 0.1961 20.4272 2.0000 
388 389 2 4.0562 0.1975 -18.6779 4.0741 0.1774 -18.8761 0.0741 0.2000 0.4314 0.3922 0.1961 20.6632 2.0000 
389 390 2 4.0741 0.1774 -18.8761 4.0925 0.1639 -19.0748 0.0741 0.2000 0.4314 0.3922 0.1961 20.9035 2.0000 
390 391 2 4.0925 0.1639 -19.0748 4.0981 0.1783 -19.2742 0.0741 0.2000 0.4314 0.3922 0.1961 21.1482 2.0000 
391 392 2 4.0981 0.1783 -19.2742 4.1246 0.1436 -19.4694 0.0741 0.2000 0.4314 0.3922 0.1961 21.3976 2.0000 
392 393 2 4.1246 0.1436 -19.4694 4.1585 0.1150 -19.6644 0.0741 0.2000 0.4314 0.3922 0.1961 21.6518 2.0000 
393 394 2 4.1585 0.1150 -19.6644 4.2122 0.0837 -19.8545 0.0741 0.2000 0.4314 0.3922 0.1961 21.9110 2.0000 
394 395 2 4.2122 0.0837 -19.8545 4.2602 0.0405 -20.0438 0.0741 0.2000 0.4314 0.3922 0.1961 22.1755 2.0000 
395 396 2 4.2602 0.0405 -20.0438 4.3512 -0.0455 -20.1997 0.0741 0.2000 0.4314 0.3922 0.1961 22.4453 2.0000 
396 397 2 4.3512 -0.0455 -20.1997 4.4530 -0.1230 -20.3534 0.0741 0.2000 0.4314 0.3922 0.1961 22.7208 2.0000 
397 398 2 4.4530 -0.1230 -20.3534 4.5366 -0.1648 -20.5303 0.0741 0.2000 0.4314 0.3922 0.1961 23.0022 2.0000 
398 399 2 4.5366 -0.1648 -20.5303 4.6031 -0.1908 -20.7171 0.0741 0.2000 0.4314 0.3922 0.1961 23.2897 2.0000 
399 400 2 4.6031 -0.1908 -20.7171 4.6526 -0.1857 -20.9108 0.0741 0.2000 0.4314 0.3922 0.1961 23.5837 2.0000 
400 401 2 4.6526 -0.1857 -20.9108 4.6988 -0.1839 -21.1054 0.0741 0.2000 0.4314 0.3922 0.1961 23.8843 2.0000 
401 402 2 4.6988 -0.1839 -21.1054 4.7498 -0.1863 -21.2988 0.0741 0.2000 0.4314 0.3922 0.1961 24.1920 2.0000 
402 403 2 4.7498 -0.1863 -21.2988 4.7993 -0.1900 -21.4925 0.0741 0.2000 0.4314 0.3922 0.1961 24.5071 2.0000 
403 404 2 4.7993 -0.1900 -21.4925 4.8362 -0.1905 -21.6891 0.0741 0.2000 0.4314 0.3922 0.1961 24.8298 2.0000 
404 405 2 4.8362 -0.1905 -21.6891 4.8742 -0.2245 -21.8825 0.0741 0.2000 0.4314 0.3922 0.1961 25.1607 2.0000 
405 406 2 4.8742 -0.2245 -21.8825 4.8863 -0.2288 -22.0820 0.0741 0.2000 0.4314 0.3922 0.1961 25.5001 2.0000 
406 407 2 4.8863 -0.2288 -22.0820 4.9000 -0.2312 -22.2816 0.0741 0.2000 0.4314 0.3922 0.1961 25.8486 2.0000 
407 408 2 4.9000 -0.2312 -22.2816 4.8992 -0.2497 -22.4807 0.0741 0.2000 0.4314 0.3922 0.1961 26.2064 2.0000 
408 409 2 4.8992 -0.2497 -22.4807 4.8936 -0.2897 -22.6766 0.0741 0.2000 0.4314 0.3922 0.1961 26.5743 2.0000 
409 410 2 4.8936 -0.2897 -22.6766 4.8599 -0.3613 -22.8603 0.0741 0.2000 0.4314 0.3922 0.1961 26.9528 2.0000 
410 411 2 4.8599 -0.3613 -22.8603 4.8196 -0.4027 -23.0517 0.0741 0.2000 0.4314 0.3922 0.1961 27.3424 2.0000 
411 412 2 4.8196 -0.4027 -23.0517 4.7771 -0.4392 -23.2437 0.0741 0.2000 0.4314 0.3922 0.1961 27.7440 2.0000 
412 413 2 4.7771 -0.4392 -23.2437 4.7066 -0.4814 -23.4261 0.0741 0.2000 0.4314 0.3922 0.1961 28.1582 2.0000 
413 414 2 4.7066 -0.4814 -23.4261 4.6509 -0.5196 -23.6143 0.0741 0.2000 0.4314 0.3922 0.1961 28.5858 2.0000 
414 415 2 4.6509 -0.5196 -23.6143 4.5713 -0.5762 -23.7889 0.0741 0.2000 0.4314 0.3922 0.1961 29.0278 2.0000 
415 416 2 4.5713 -0.5762 -23.7889 4.4877 -0.6040 -23.9684 0.0741 0.2000 0.4314 0.3922 0.1961 29.4852 2.0000 
416 417 2 4.4877 -0.6040 -23.9684 4.4088 -0.6500 -24.1463 0.0741 0.2000 0.4314 0.3922 0.1961 29.9590 2.0000 
417 418 2 4.4088 -0.6500 -24.1463 4.4026 -0.6542 -24.1615 0.0741 0.0170 0.4314 0.3922 0.1961 30.0000 2.0000 
6 419 3 0.0848 -0.0853 -3.8366 0.2538 -0.0549 -3.9393 0.0727 0.2000 0.4314 0.3922 0.1961 8.0419 2.0000 
419 420 3 0.2538 -0.0549 -3.9393 0.4248 0.0317 -3.9964 0.0727 0.2000 0.4314 0.3922 0.1961 8.1417 2.0000 
420 421 3 0.4248 0.0317 -3.9964 0.5681 0.1565 -4.0586 0.0727 0.2000 0.4314 0.3922 0.1961 8.2422 2.0000 
421 422 3 0.5681 0.1565 -4.0586 0.7207 0.2594 -4.1369 0.0727 0.2000 0.4314 0.3922 0.1961 8.3434 2.0000 
422 423 3 0.7207 0.2594 -4.1369 0.8700 0.3649 -4.2179 0.0727 0.2000 0.4314 0.3922 0.1961 8.4452 2.0000 
423 424 3 0.8700 0.3649 -4.2179 1.0154 0.4660 -4.3108 0.0727 0.2000 0.4314 0.3922 0.1961 8.5478 2.0000 
424 425 3 1.0154 0.4660 -4.3108 1.1727 0.5477 -4.4035 0.0727 0.2000 0.4314 0.3922 0.1961 8.6510 2.0000 
425 426 3 1.1727 0.5477 -4.4035 1.3215 0.6338 -4.5057 0.0727 0.2000 0.4314 0.3922 0.1961 8.7549 2.0000 
426 427 3 1.3215 0.6338 -4.5057 1.4680 0.6909 -4.6293 0.0727 0.2000 0.4314 0.3922 0.1961 8.8596 2.0000 
427 428 3 1.4680 0.6909 -4.6293 1.5840 0.7604 -4.7767 0.0727 0.2000 0.4314 0.3922 0.1961 8.9650 2.0000 
428 429 3 1.5840 0.7604 -4.7767 1.6974 0.8726 -4.8974 0.0727 0.2000 0.4314 0.3922 0.1961 9.0711 2.0000 
429 430 3 1.6974 0.8726 -4.8974 1.8122 0.9782 -5.0225 0.0727 0.2000 0.4314 0.3922 0.1961 9.1780 2.0000 
430 431 3 1.8122 0.9782 -5.0225 1.8663 1.0600 -5.1968 0.0727 0.2000 0.4314 0.3922 0.1961 9.2856 2.0000 
431 432 3 1.8663 1.0600 -5.1968 1.9267 1.1124 -5.3802 0.0727 0.2000 0.4314 0.3922 0.1961 9.3940 2.0000 
432 433 3 1.9267 1.1124 -5.3802 1.9975 1.1363 -5.5657 0.0727 0.2000 0.4314 0.3922 0.1961 9.5032 2.0000 
433 434 3 1.9975 1.1363 -5.5657 2.0542 1.1172 -5.7565 0.0727 0.2000 0.4314 0.3922 0.1961 9.6132 2.0000 
434 435 3 2.0542 1.1172 -5.7565 2.0851 1.0766 -5.9499 0.0727 0.2000 0.4314 0.3922 0.1961 9.7240 2.0000 
435 436 3 2.0851 1.0766 -5.9499 2.1167 1.0361 -6.1432 0.0727 0.2000 0.4314 0.3922 0.1961 9.8355 2.0000 
436 437 3 2.1167 1.0361 -6.1432 2.1719 1.0022 -6.3324 0.0727 0.2000 0.4314 0.3922 0.1961 9.9480 2.0000 
437 438 3 2.1719 1.0022 -6.3324 2.2345 0.9837 -6.5215 0.0727 0.2000 0.4314 0.3922 0.1961 10.0612 2.0000 
438 439 3 2.2345 0.9837 -6.5215 2.2756 0.9510 -6.7144 0.0727 0.2000 0.4314 0.3922 0.1961 10.1753 2.0000 
439 440 3 2.2756 0.9510 -6.7144 2.3172 0.9095 -6.9056 0.0727 0.2000 0.4314 0.3922 0.1961 10.2903 2.0000 
440 441 3 2.3172 0.9095 -6.9056 2.3536 0.8849 -7.1007 0.0727 0.2000 0.4314 0.3922 0.1961 10.4062 2.0000 
441 442 3 2.3536 0.8849 -7.1007 2.4074 0.8561 -7.2912 0.0727 0.2000 0.4314 0.3922 0.1961 10.5229 2.0000 
442 443 3 2.4074 0.8561 -7.2912 2.4670 0.8221 -7.4790 0.0727 0.2000 0.4314 0.3922 0.1961 10.6405 2.0000 
443 444 3 2.4670 0.8221 -7.4790 2.4910 0.8132 -7.6774 0.0727 0.2000 0.4314 0.3922 0.1961 10.7591 2.0000 
444 445 3 2.4910 0.8132 -7.6774 2.5105 0.7809 -7.8738 0.0727 0.2000 0.4314 0.3922 0.1961 10.8786 2.0000 
445 446 3 2.5105 0.7809 -7.8738 2.4962 0.7538 -8.0715 0.0727 0.2000 0.4314 0.3922 0.1961 10.9991 2.0000 
446 447 3 2.4962 0.7538 -8.0715 2.4790 0.7278 -8.2690 0.0727 0.2000 0.4314 0.3922 0.1961 11.1205 2.0000 
447 448 3 2.4790 0.7278 -8.2690 2.4580 0.7263 -8.4679 0.0727 0.2000 0.4314 0.3922 0.1961 11.2429 2.0000 
448 449 3 2.4580 0.7263 -8.4679 2.4383 0.7320 -8.6668 0.0727 0.2000 0.4314 0.3922 0.1961 11.3663 2.0000 
449 450 3 2.4383 0.7320 -8.6668 2.4109 0.7226 -8.8647 0.0727 0.2000 0.4314 0.3922 0.1961 11.4907 2.0000 
450 451 3 2.4109 0.7226 -8.8647 2.4113 0.7435 -9.0636 0.0727 0.2000 0.4314 0.3922 0.1961 11.6161 2.0000 
451 452 3 2.4113 0.7435 -9.0636 2.4143 0.7653 -9.2624 0.0727 0.2000 0.4314 0.3922 0.1961 11.7426 2.0000 
452 453 3 2.4143 0.7653 -9.2624 2.3739 0.7926 -9.4564 0.0727 0.2000 0.4314 0.3922 0.1961 11.8701 2.0000 
453 454 3 2.3739 0.7926 -9.4564 2.3483 0.7969 -9.6547 0.0727 0.2000 0.4314 0.3922 0.1961 11.9987 2.0000 
454 455 3 2.3483 0.7969 -9.6547 2.3261 0.7937 -9.8534 0.0727 0.2000 0.4314 0.3922 0.1961 12.1284 2.0000 
455 456 3 2.3261 0.7937 -9.8534 2.3043 0.7893 -10.0522 0.0727 0.2000 0.4314 0.3922 0.1961 12.2593 2.0000 
456 457 3 2.3043 0.7893 -10.0522 2.2737 0.7775 -10.2495 0.0727 0.2000 0.4314 0.3922 0.1961 12.3913 2.0000 
457 458 3 2.2737 0.7775 -10.2495 2.2382 0.7474 -10.4440 0.0727 0.2000 0.4314 0.3922 0.1961 12.5244 2.0000 
458 459 3 2.2382 0.7474 -10.4440 2.2069 0.7261 -10.6404 0.0727 0.2000 0.4314 0.3922 0.1961 12.6587 2.0000 
459 460 3 2.2069 0.7261 -10.6404 2.1848 0.7157 -10.8389 0.0727 0.2000 0.4314 0.3922 0.1961 12.7942 2.0000 
460 461 3 2.1848 0.7157 -10.8389 2.1603 0.6983 -11.0366 0.0727 0.2000 0.4314 0.3922 0.1961 12.9309 2.0000 
461 462 3 2.1603 0.6983 -11.0366 2.1663 0.6794 -11.2356 0.0727 0.2000 0.4314 0.3922 0.1961 13.0689 2.0000 
462 463 3 2.1663 0.6794 -11.2356 2.1624 0.6435 -11.4323 0.0727 0.2000 0.4314 0.3922 0.1961 13.2082 2.0000 
463 464 3 2.1624 0.6435 -11.4323 2.1570 0.6150 -11.6302 0.0727 0.2000 0.4314 0.3922 0.1961 13.3487 2.0000 
464 465 3 2.1570 0.6150 -11.6302 2.1522 0.5805 -11.8272 0.0727 0.2000 0.4314 0.3922 0.1961 13.4906 2.0000 
465 466 3 2.1522 0.5805 -11.8272 2.1403 0.5485 -12.0242 0.0727 0.2000 0.4314 0.3922 0.1961 13.6337 2.0000 
466 467 3 2.1403 0.5485 -12.0242 2.1381 0.5145 -12.2213 0.0727 0.2000 0.4314 0.3922 0.1961 13.7783 2.0000 
467 468 3 2.1381 0.5145 -12.2213 2.1186 0.4782 -12.4170 0.0727 0.2000 0.4314 0.3922 0.1961 13.9242 2.0000 
468 469 3 2.1186 0.4782 -12.4170 2.1192 0.4421 -12.6137 0.0727 0.2000 0.4314 0.3922 0.1961 14.0716 2.0000 
469 470 3 2.1192 0.4421 -12.6137 2.1480 0.4607 -12.8108 0.0727 0.2000 0.4314 0.3922 0.1961 14.2204 2.0000 
470 471 3 2.1480 0.4607 -12.8108 2.1689 0.4875 -13.0079 0.0727 0.2000 0.4314 0.3922 0.1961 14.3707 2.0000 
471 472 3 2.1689 0.4875 -13.0079 2.2157 0.5045 -13.2016 0.0727 0.2000 0.4314 0.3922 0.1961 14.5225 2.0000 
472 473 3 2.2157 0.5045 -13.2016 2.2655 0.5315 -13.3934 0.0727 0.2000 0.4314 0.3922 0.1961 14.6758 2.0000 
473 474 3 2.2655 0.5315 -13.3934 2.2750 0.5614 -13.5909 0.0727 0.2000 0.4314 0.3922 0.1961 14.8306 2.0000 
474 475 3 2.2750 0.5614 -13.5909 2.2820 0.6122 -13.7842 0.0727 0.2000 0.4314 0.3922 0.1961 14.9871 2.0000 
475 476 3 2.2820 0.6122 -13.7842 2.2674 0.6702 -13.9751 0.0727 0.2000 0.4314 0.3922 0.1961 15.1452 2.0000 
476 477 3 2.2674 0.6702 -13.9751 2.2646 0.7313 -14.1655 0.0727 0.2000 0.4314 0.3922 0.1961 15.3050 2.0000 
477 478 3 2.2646 0.7313 -14.1655 2.2653 0.8126 -14.3482 0.0727 0.2000 0.4314 0.3922 0.1961 15.4665 2.0000 
478 479 3 2.2653 0.8126 -14.3482 2.2869 0.8598 -14.5414 0.0727 0.2000 0.4314 0.3922 0.1961 15.6297 2.0000 
479 480 3 2.2869 0.8598 -14.5414 2.3039 0.8845 -14.7391 0.0727 0.2000 0.4314 0.3922 0.1961 15.7947 2.0000 
480 481 3 2.3039 0.8845 -14.7391 2.3200 0.9099 -14.9368 0.0727 0.2000 0.4314 0.3922 0.1961 15.9615 2.0000 
481 482 3 2.3200 0.9099 -14.9368 2.2864 0.9797 -15.1212 0.0727 0.2000 0.4314 0.3922 0.1961 16.1301 2.0000 
482 483 3 2.2864 0.9797 -15.1212 2.2039 1.0439 -15.2917 0.0727 0.2000 0.4314 0.3922 0.1961 16.3007 2.0000 
483 484 3 2.2039 1.0439 -15.2917 2.1184 1.1026 -15.4627 0.0727 0.2000 0.4314 0.3922 0.1961 16.4732 2.0000 
484 485 3 2.1184 1.1026 -15.4627 2.0155 1.1480 -15.6281 0.0727 0.2000 0.4314 0.3922 0.1961 16.6477 2.0000 
485 486 3 2.0155 1.1480 -15.6281 1.9117 1.1986 -15.7914 0.0727 0.2000 0.4314 0.3922 0.1961 16.8242 2.0000 
486 487 3 1.9117 1.1986 -15.7914 1.8048 1.2423 -15.9547 0.0727 0.2000 0.4314 0.3922 0.1961 17.0027 2.0000 
487 488 3 1.8048 1.2423 -15.9547 1.7150 1.2790 -16.1296 0.0727 0.2000 0.4314 0.3922 0.1961 17.1834 2.0000 
488 489 3 1.7150 1.2790 -16.1296 1.6391 1.2865 -16.3145 0.0727 0.2000 0.4314 0.3922 0.1961 17.3663 2.0000 
489 490 3 1.6391 1.2865 -16.3145 1.6079 1.2722 -16.5115 0.0727 0.2000 0.4314 0.3922 0.1961 17.5514 2.0000 
490 491 3 1.6079 1.2722 -16.5115 1.6048 1.2583 -16.7110 0.0727 0.2000 0.4314 0.3922 0.1961 17.7389 2.0000 
491 492 3 1.6048 1.2583 -16.7110 1.5990 1.2666 -16.9107 0.0727 0.2000 0.4314 0.3922 0.1961 17.9286 2.0000 
492 493 3 1.5990 1.2666 -16.9107 1.5926 1.2767 -17.1104 0.0727 0.2000 0.4314 0.3922 0.1961 18.1208 2.0000 
493 494 3 1.5926 1.2767 -17.1104 1.6007 1.3187 -17.3058 0.0727 0.2000 0.4314 0.3922 0.1961 18.3154 2.0000 
494 495 3 1.6007 1.3187 -17.3058 1.6186 1.3551 -17.5016 0.0727 0.2000 0.4314 0.3922 0.1961 18.5125 2.0000 
495 496 3 1.6186 1.3551 -17.5016 1.6342 1.3963 -17.6967 0.0727 0.2000 0.4314 0.3922 0.1961 18.7123 2.0000 
496 497 3 1.6342 1.3963 -17.6967 1.6529 1.4876 -17.8737 0.0727 0.2000 0.4314 0.3922 0.1961 18.9147 2.0000 
497 498 3 1.6529 1.4876 -17.8737 1.6361 1.5978 -18.0397 0.0727 0.2000 0.4314 0.3922 0.1961 19.1198 2.0000 
498 499 3 1.6361 1.5978 -18.0397 1.6196 1.7089 -18.2052 0.0727 0.2000 0.4314 0.3922 0.1961 19.3278 2.0000 
499 500 3 1.6196 1.7089 -18.2052 1.6011 1.8118 -18.3757 0.0727 0.2000 0.4314 0.3922 0.1961 19.5386 2.0000 
500 501 3 1.6011 1.8118 -18.3757 1.5785 1.9051 -18.5511 0.0727 0.2000 0.4314 0.3922 0.1961 19.7524 2.0000 
501 502 3 1.5785 1.9051 -18.5511 1.5541 1.9450 -18.7456 0.0727 0.2000 0.4314 0.3922 0.1961 19.9693 2.0000 
502 503 3 1.5541 1.9450 -18.7456 1.5162 2.0042 -18.9328 0.0727 0.2000 0.4314 0.3922 0.1961 20.1893 2.0000 
503 504 3 1.5162 2.0042 -18.9328 1.4863 2.0703 -19.1192 0.0727 0.2000 0.4314 0.3922 0.1961 20.4126 2.0000 
504 505 3 1.4863 2.0703 -19.1192 1.4474 2.1376 -19.3035 0.0727 0.2000 0.4314 0.3922 0.1961 20.6392 2.0000 
505 506 3 1.4474 2.1376 -19.3035 1.3997 2.1514 -19.4972 0.0727 0.2000 0.4314 0.3922 0.1961 20.8692 2.0000 
506 507 3 1.3997 2.1514 -19.4972 1.3449 2.1725 -19.6884 0.0727 0.2000 0.4314 0.3922 0.1961 21.1028 2.0000 
507 508 3 1.3449 2.1725 -19.6884 1.2770 2.2025 -19.8741 0.0727 0.2000 0.4314 0.3922 0.1961 21.3400 2.0000 
508 509 3 1.2770 2.2025 -19.8741 1.1801 2.2260 -20.0475 0.0727 0.2000 0.4314 0.3922 0.1961 21.5810 2.0000 
509 510 3 1.1801 2.2260 -20.0475 1.1035 2.2203 -20.2322 0.0727 0.2000 0.4314 0.3922 0.1961 21.8258 2.0000 
510 511 3 1.1035 2.2203 -20.2322 0.9990 2.2222 -20.4027 0.0727 0.2000 0.4314 0.3922 0.1961 22.0747 2.0000 
511 512 3 0.9990 2.2222 -20.4027 0.9197 2.2375 -20.5856 0.0727 0.2000 0.4314 0.3922 0.1961 22.3278 2.0000 
512 513 3 0.9197 2.2375 -20.5856 0.8462 2.2469 -20.7714 0.0727 0.2000 0.4314 0.3922 0.1961 22.5851 2.0000 
513 514 3 0.8462 2.2469 -20.7714 0.7710 2.2560 -20.9565 0.0727 0.2000 0.4314 0.3922 0.1961 22.8469 2.0000 
514 515 3 0.7710 2.2560 -20.9565 0.6980 2.2552 -21.1427 0.0727 0.2000 0.4314 0.3922 0.1961 23.1133 2.0000 
515 516 3 0.6980 2.2552 -21.1427 0.6204 2.2537 -21.3270 0.0727 0.2000 0.4314 0.3922 0.1961 23.3844 2.0000 
516 517 3 0.6204 2.2537 -21.3270 0.5489 2.2520 -21.5138 0.0727 0.2000 0.4314 0.3922 0.1961 23.6605 2.0000 
517 518 3 0.5489 2.2520 -21.5138 0.4636 2.2534 -21.6947 0.0727 0.2000 0.4314 0.3922 0.1961 23.9417 2.0000 
518 519 3 0.4636 2.2534 -21.6947 0.4160 2.3081 -21.8811 0.0727 0.2000 0.4314 0.3922 0.1961 24.2282 2.0000 
519 520 3 0.4160 2.3081 -21.8811 0.3691 2.3636 -22.0674 0.0727 0.2000 0.4314 0.3922 0.1961 24.5202 2.0000 
520 521 3 0.3691 2.3636 -22.0674 0.3415 2.4495 -22.2459 0.0727 0.2000 0.4314 0.3922 0.1961 24.8179 2.0000 
521 522 3 0.3415 2.4495 -22.2459 0.3130 2.5342 -22.4248 0.0727 0.2000 0.4314 0.3922 0.1961 25.1216 2.0000 
522 523 3 0.3130 2.5342 -22.4248 0.2999 2.6535 -22.5848 0.0727 0.2000 0.4314 0.3922 0.1961 25.4315 2.0000 
523 524 3 0.2999 2.6535 -22.5848 0.2819 2.7799 -22.7387 0.0727 0.2000 0.4314 0.3922 0.1961 25.7479 2.0000 
524 525 3 0.2819 2.7799 -22.7387 0.2748 2.9135 -22.8874 0.0727 0.2000 0.4314 0.3922 0.1961 26.0710 2.0000 
525 526 3 0.2748 2.9135 -22.8874 0.2814 3.0336 -23.0472 0.0727 0.2000 0.4314 0.3922 0.1961 26.4012 2.0000 
526 527 3 0.2814 3.0336 -23.0472 0.2880 3.1540 -23.2068 0.0727 0.2000 0.4314 0.3922 0.1961 26.7387 2.0000 
527 528 3 0.2880 3.1540 -23.2068 0.2893 3.2712 -23.3688 0.0727 0.2000 0.4314 0.3922 0.1961 27.0838 2.0000 
528 529 3 0.2893 3.2712 -23.3688 0.3258 3.3967 -23.5202 0.0727 0.2000 0.4314 0.3922 0.1961 27.4370 2.0000 
529 530 3 0.3258 3.3967 -23.5202 0.3794 3.4646 -23.7005 0.0727 0.2000 0.4314 0.3922 0.1961 27.7986 2.0000 
530 531 3 0.3794 3.4646 -23.7005 0.4263 3.5544 -23.8730 0.0727 0.2000 0.4314 0.3922 0.1961 28.1691 2.0000 
531 532 3 0.4263 3.5544 -23.8730 0.4730 3.6447 -24.0452 0.0727 0.2000 0.4314 0.3922 0.1961 28.5488 2.0000 
532 533 3 0.4730 3.6447 -24.0452 0.5108 3.7281 -24.2230 0.0727 0.2000 0.4314 0.3922 0.1961 28.9383 2.0000 
533 534 3 0.5108 3.7281 -24.2230 0.5416 3.8129 -24.4015 0.0727 0.2000 0.4314 0.3922 0.1961 29.3380 2.0000 
534 535 3 0.5416 3.8129 -24.4015 0.5757 3.8696 -24.5903 0.0727 0.2000 0.4314 0.3922 0.1961 29.7486 2.0000 
535 536 3 0.5757 3.8696 -24.5903 0.5985 3.9048 -24.7025 0.0727 0.1198 0.4314 0.3922 0.1961 30.0000 2.0000 
9 537 4 0.1040 -0.0803 -4.2437 0.2713 -0.0335 -4.3429 0.0643 0.2000 0.4314 0.3922 0.1961 8.4120 2.0000 
537 538 4 0.2713 -0.0335 -4.3429 0.4128 0.0110 -4.4770 0.0643 0.2000 0.4314 0.3922 0.1961 8.5160 2.0000 
538 539 4 0.4128 0.0110 -4.4770 0.5263 0.0452 -4.6381 0.0643 0.2000 0.4314 0.3922 0.1961 8.6207 2.0000 
539 540 4 0.5263 0.0452 -4.6381 0.6386 0.0724 -4.8013 0.0643 0.2000 0.4314 0.3922 0.1961 8.7261 2.0000 
540 541 4 0.6386 0.0724 -4.8013 0.7286 0.0805 -4.9797 0.0643 0.2000 0.4314 0.3922 0.1961 8.8322 2.0000 
541 542 4 0.7286 0.0805 -4.9797 0.8294 0.1085 -5.1502 0.0643 0.2000 0.4314 0.3922 0.1961 8.9391 2.0000 
542 543 4 0.8294 0.1085 -5.1502 0.9305 0.1390 -5.3200 0.0643 0.2000 0.4314 0.3922 0.1961 9.0466 2.0000 
543 544 4 0.9305 0.1390 -5.3200 1.0346 0.1664 -5.4886 0.0643 0.2000 0.4314 0.3922 0.1961 9.1549 2.0000 
544 545 4 1.0346 0.1664 -5.4886 1.1049 0.2148 -5.6695 0.0643 0.2000 0.4314 0.3922 0.1961 9.2639 2.0000 
545 546 4 1.1049 0.2148 -5.6695 1.1628 0.2651 -5.8542 0.0643 0.2000 0.4314 0.3922 0.1961 9.3737 2.0000 
546 547 4 1.1628 0.2651 -5.8542 1.1995 0.2836 -6.0499 0.0643 0.2000 0.4314 0.3922 0.1961 9.4842 2.0000 
547 548 4 1.1995 0.2836 -6.0499 1.2662 0.2936 -6.2382 0.0643 0.2000 0.4314 0.3922 0.1961 9.5955 2.0000 
548 549 4 1.2662 0.2936 -6.2382 1.3136 0.2846 -6.4323 0.0643 0.2000 0.4314 0.3922 0.1961 9.7077 2.0000 
549 550 4 1.3136 0.2846 -6.4323 1.3319 0.2867 -6.6315 0.0643 0.2000 0.4314 0.3922 0.1961 9.8206 2.0000 
550 551 4 1.3319 0.2867 -6.6315 1.3613 0.2960 -6.8291 0.0643 0.2000 0.4314 0.3922 0.1961 9.9343 2.0000 
551 552 4 1.3613 0.2960 -6.8291 1.3906 0.3053 -7.0267 0.0643 0.2000 0.4314 0.3922 0.1961 10.0488 2.0000 
552 553 4 1.3906 0.3053 -7.0267 1.4074 0.3085 -7.2260 0.0643 0.2000 0.4314 0.3922 0.1961 10.1642 2.0000 
553 554 4 1.4074 0.3085 -7.2260 1.4129 0.3166 -7.4257 0.0643 0.2000 0.4314 0.3922 0.1961 10.2805 2.0000 
554 555 4 1.4129 0.3166 -7.4257 1.3667 0.2663 -7.6137 0.0643 0.2000 0.4314 0.3922 0.1961 10.3975 2.0000 
555 556 4 1.3667 0.2663 -7.6137 1.3276 0.2157 -7.8032 0.0643 0.2000 0.4314 0.3922 0.1961 10.5155 2.0000 
556 557 4 1.3276 0.2157 -7.8032 1.2724 0.1358 -7.9781 0.0643 0.2000 0.4314 0.3922 0.1961 10.6344 2.0000 
557 558 4 1.2724 0.1358 -7.9781 1.2134 0.0850 -8.1623 0.0643 0.2000 0.4314 0.3922 0.1961 10.7541 2.0000 
558 559 4 1.2134 0.0850 -8.1623 1.1688 0.0423 -8.3525 0.0643 0.2000 0.4314 0.3922 0.1961 10.8748 2.0000 
559 560 4 1.1688 0.0423 -8.3525 1.1240 -0.0005 -8.5427 0.0643 0.2000 0.4314 0.3922 0.1961 10.9964 2.0000 
560 561 4 1.1240 -0.0005 -8.5427 1.0802 -0.0374 -8.7343 0.0643 0.2000 0.4314 0.3922 0.1961 11.1189 2.0000 
561 562 4 1.0802 -0.0374 -8.7343 1.0449 -0.0732 -8.9279 0.0643 0.2000 0.4314 0.3922 0.1961 11.2424 2.0000 
562 563 4 1.0449 -0.0732 -8.9279 1.0508 -0.1130 -9.1238 0.0643 0.2000 0.4314 0.3922 0.1961 11.3668 2.0000 
563 564 4 1.0508 -0.1130 -9.1238 1.1001 -0.1838 -9.3042 0.0643 0.2000 0.4314 0.3922 0.1961 11.4923 2.0000 
564 565 4 1.1001 -0.1838 -9.3042 1.1639 -0.2652 -9.4754 0.0643 0.2000 0.4314 0.3922 0.1961 11.6187 2.0000 
565 566 4 1.1639 -0.2652 -9.4754 1.2240 -0.3118 -9.6603 0.0643 0.2000 0.4314 0.3922 0.1961 11.7462 2.0000 
566 567 4 1.2240 -0.3118 -9.6603 1.2637 -0.3751 -9.8459 0.0643 0.2000 0.4314 0.3922 0.1961 11.8747 2.0000 
567 568 4 1.2637 -0.3751 -9.8459 1.2634 -0.4627 -10.0257 0.0643 0.2000 0.4314 0.3922 0.1961 12.0043 2.0000 
568 569 4 1.2634 -0.4627 -10.0257 1.2805 -0.5447 -10.2073 0.0643 0.2000 0.4314 0.3922 0.1961 12.1349 2.0000 
569 570 4 1.2805 -0.5447 -10.2073 1.3441 -0.6232 -10.3799 0.0643 0.2000 0.4314 0.3922 0.1961 12.2666 2.0000 
570 571 4 1.3441 -0.6232 -10.3799 1.4026 -0.7020 -10.5541 0.0643 0.2000 0.4314 0.3922 0.1961 12.3994 2.0000 
571 572 4 1.4026 -0.7020 -10.5541 1.4823 -0.7909 -10.7146 0.0643 0.2000 0.4314 0.3922 0.1961 12.5334 2.0000 
572 573 4 1.4823 -0.7909 -10.7146 1.5601 -0.8832 -10.8741 0.0643 0.2000 0.4314 0.3922 0.1961 12.6684 2.0000 
573 574 4 1.5601 -0.8832 -10.8741 1.5813 -0.9993 -11.0355 0.0643 0.2000 0.4314 0.3922 0.1961 12.8047 2.0000 
574 575 4 1.5813 -0.9993 -11.0355 1.6047 -1.1156 -11.1966 0.0643 0.2000 0.4314 0.3922 0.1961 12.9421 2.0000 
575 576 4 1.6047 -1.1156 -11.1966 1.6100 -1.2265 -11.3629 0.0643 0.2000 0.4314 0.3922 0.1961 13.0808 2.0000 
576 577 4 1.6100 -1.2265 -11.3629 1.6153 -1.3201 -11.5396 0.0643 0.2000 0.4314 0.3922 0.1961 13.2206 2.0000 
577 578 4 1.6153 -1.3201 -11.5396 1.6053 -1.4228 -11.7109 0.0643 0.2000 0.4314 0.3922 0.1961 13.3617 2.0000 
578 579 4 1.6053 -1.4228 -11.7109 1.5911 -1.5383 -11.8736 0.0643 0.2000 0.4314 0.3922 0.1961 13.5041 2.0000 
579 580 4 1.5911 -1.5383 -11.8736 1.5834 -1.6630 -12.0298 0.0643 0.2000 0.4314 0.3922 0.1961 13.6478 2.0000 
580 581 4 1.5834 -1.6630 -12.0298 1.5834 -1.7714 -12.1978 0.0643 0.2000 0.4314 0.3922 0.1961 13.7928 2.0000 
581 582 4 1.5834 -1.7714 -12.1978 1.5768 -1.8963 -12.3539 0.0643 0.2000 0.4314 0.3922 0.1961 13.9391 2.0000 
582 583 4 1.5768 -1.8963 -12.3539 1.5005 -1.9646 -12.5257 0.0643 0.2000 0.4314 0.3922 0.1961 14.0868 2.0000 
583 584 4 1.5005 -1.9646 -12.5257 1.4626 -2.0192 -12.7143 0.0643 0.2000 0.4314 0.3922 0.1961 14.2359 2.0000 
584 585 4 1.4626 -2.0192 -12.7143 1.4203 -2.0728 -12.9023 0.0643 0.2000 0.4314 0.3922 0.1961 14.3864 2.0000 
585 586 4 1.4203 -2.0728 -12.9023 1.3511 -2.1276 -13.0817 0.0643 0.2000 0.4314 0.3922 0.1961 14.5383 2.0000 
586 587 4 1.3511 -2.1276 -13.0817 1.3036 -2.1924 -13.2649 0.0643 0.2000 0.4314 0.3922 0.1961 14.6918 2.0000 
587 588 4 1.3036 -2.1924 -13.2649 1.2636 -2.2180 -13.4592 0.0643 0.2000 0.4314 0.3922 0.1961 14.8467 2.0000 
588 589 4 1.2636 -2.2180 -13.4592 1.2276 -2.2449 -13.6541 0.0643 0.2000 0.4314 0.3922 0.1961 15.0031 2.0000 
589 590 4 1.2276 -2.2449 -13.6541 1.1756 -2.2286 -13.8465 0.0643 0.2000 0.4314 0.3922 0.1961 15.1612 2.0000 
590 591 4 1.1756 -2.2286 -13.8465 1.1077 -2.2221 -14.0345 0.0643 0.2000 0.4314 0.3922 0.1961 15.3208 2.0000 
591 592 4 1.1077 -2.2221 -14.0345 1.0368 -2.2160 -14.2214 0.0643 0.2000 0.4314 0.3922 0.1961 15.4820 2.0000 
592 593 4 1.0368 -2.2160 -14.2214 0.9998 -2.2168 -14.4180 0.0643 0.2000 0.4314 0.3922 0.1961 15.6449 2.0000 
593 594 4 0.9998 -2.2168 -14.4180 0.9872 -2.2478 -14.6151 0.0643 0.2000 0.4314 0.3922 0.1961 15.8095 2.0000 
594 595 4 0.9872 -2.2478 -14.6151 0.9553 -2.2631 -14.8120 0.0643 0.2000 0.4314 0.3922 0.1961 15.9758 2.0000 
595 596 4 0.9553 -2.2631 -14.8120 0.9231 -2.2789 -15.0087 0.0643 0.2000 0.4314 0.3922 0.1961 16.1439 2.0000 
596 597 4 0.9231 -2.2789 -15.0087 0.8692 -2.2586 -15.2003 0.0643 0.2000 0.4314 0.3922 0.1961 16.3138 2.0000 
597 598 4 0.8692 -2.2586 -15.2003 0.8265 -2.2352 -15.3942 0.0643 0.2000 0.4314 0.3922 0.1961 16.4856 2.0000 
598 599 4 0.8265 -2.2352 -15.3942 0.8102 -2.2272 -15.5934 0.0643 0.2000 0.4314 0.3922 0.1961 16.6592 2.0000 
599 600 4 0.8102 -2.2272 -15.5934 0.8110 -2.2224 -15.7934 0.0643 0.2000 0.4314 0.3922 0.1961 16.8347 2.0000 
600 601 4 0.8110 -2.2224 -15.7934 0.8046 -2.2287 -15.9932 0.0643 0.2000 0.4314 0.3922 0.1961 17.0123 2.0000 
601 602 4 0.8046 -2.2287 -15.9932 0.7671 -2.2417 -16.1892 0.0643 0.2000 0.4314 0.3922 0.1961 17.1918 2.0000 
602 603 4 0.7671 -2.2417 -16.1892 0.7161 -2.2489 -16.3824 0.0643 0.2000 0.4314 0.3922 0.1961 17.3734 2.0000 
603 604 4 0.7161 -2.2489 -16.3824 0.6666 -2.2497 -16.5762 0.0643 0.2000 0.4314 0.3922 0.1961 17.5571 2.0000 
604 605 4 0.6666 -2.2497 -16.5762 0.6358 -2.1661 -16.7553 0.0643 0.2000 0.4314 0.3922 0.1961 17.7430 2.0000 
605 606 4 0.6358 -2.1661 -16.7553 0.6107 -2.0903 -16.9387 0.0643 0.2000 0.4314 0.3922 0.1961 17.9310 2.0000 
606 607 4 0.6107 -2.0903 -16.9387 0.5770 -2.0002 -17.1140 0.0643 0.2000 0.4314 0.3922 0.1961 18.1214 2.0000 
607 608 4 0.5770 -2.0002 -17.1140 0.5385 -1.9218 -17.2939 0.0643 0.2000 0.4314 0.3922 0.1961 18.3140 2.0000 
608 609 4 0.5385 -1.9218 -17.2939 0.5039 -1.8273 -17.4668 0.0643 0.2000 0.4314 0.3922 0.1961 18.5090 2.0000 
609 610 4 0.5039 -1.8273 -17.4668 0.4766 -1.7288 -17.6386 0.0643 0.2000 0.4314 0.3922 0.1961 18.7065 2.0000 
610 611 4 0.4766 -1.7288 -17.6386 0.4476 -1.6307 -17.8105 0.0643 0.2000 0.4314 0.3922 0.1961 18.9065 2.0000 
611 612 4 0.4476 -1.6307 -17.8105 0.4358 -1.5575 -17.9963 0.0643 0.2000 0.4314 0.3922 0.1961 19.1090 2.0000 
612 613 4 0.4358 -1.5575 -17.9963 0.4361 -1.5039 -18.1890 0.0643 0.2000 0.4314 0.3922 0.1961 19.3141 2.0000 
613 614 4 0.4361 -1.5039 -18.1890 0.4830 -1.4368 -18.3714 0.0643 0.2000 0.4314 0.3922 0.1961 19.5219 2.0000 
614 615 4 0.4830 -1.4368 -18.3714 0.5324 -1.3732 -18.5545 0.0643 0.2000 0.4314 0.3922 0.1961 19.7325 2.0000 
615 616 4 0.5324 -1.3732 -18.5545 0.6086 -1.3342 -18.7352 0.0643 0.2000 0.4314 0.3922 0.1961 19.9460 2.0000 
616 617 4 0.6086 -1.3342 -18.7352 0.6796 -1.3028 -18.9196 0.0643 0.2000 0.4314 0.3922 0.1961 20.1624 2.0000 
617 618 4 0.6796 -1.3028 -18.9196 0.7666 -1.2775 -19.0979 0.0643 0.2000 0.4314 0.3922 0.1961 20.3817 2.0000 
618 619 4 0.7666 -1.2775 -19.0979 0.8504 -1.2452 -19.2766 0.0643 0.2000 0.4314 0.3922 0.1961 20.6042 2.0000 
619 620 4 0.8504 -1.2452 -19.2766 0.9404 -1.2251 -19.4540 0.0643 0.2000 0.4314 0.3922 0.1961 20.8298 2.0000 
620 621 4 0.9404 -1.2251 -19.4540 0.9970 -1.2056 -19.6448 0.0643 0.2000 0.4314 0.3922 0.1961 21.0587 2.0000 
621 622 4 0.9970 -1.2056 -19.6448 1.0638 -1.2154 -19.8331 0.0643 0.2000 0.4314 0.3922 0.1961 21.2909 2.0000 
622 623 4 1.0638 -1.2154 -19.8331 1.1417 -1.2097 -20.0172 0.0643 0.2000 0.4314 0.3922 0.1961 21.5266 2.0000 
623 624 4 1.1417 -1.2097 -20.0172 1.1964 -1.1644 -20.2042 0.0643 0.2000 0.4314 0.3922 0.1961 21.7659 2.0000 
624 625 4 1.1964 -1.1644 -20.2042 1.2593 -1.1626 -20.3940 0.0643 0.2000 0.4314 0.3922 0.1961 22.0088 2.0000 
625 626 4 1.2593 -1.1626 -20.3940 1.3205 -1.1577 -20.5844 0.0643 0.2000 0.4314 0.3922 0.1961 22.2555 2.0000 
626 627 4 1.3205 -1.1577 -20.5844 1.3905 -1.1645 -20.7716 0.0643 0.2000 0.4314 0.3922 0.1961 22.5062 2.0000 
627 628 4 1.3905 -1.1645 -20.7716 1.4671 -1.1920 -20.9543 0.0643 0.2000 0.4314 0.3922 0.1961 22.7608 2.0000 
628 629 4 1.4671 -1.1920 -20.9543 1.5465 -1.2101 -21.1370 0.0643 0.2000 0.4314 0.3922 0.1961 23.0197 2.0000 
629 630 4 1.5465 -1.2101 -21.1370 1.6240 -1.2276 -21.3205 0.0643 0.2000 0.4314 0.3922 0.1961 23.2828 2.0000 
630 631 4 1.6240 -1.2276 -21.3205 1.6970 -1.2617 -21.5036 0.0643 0.2000 0.4314 0.3922 0.1961 23.5504 2.0000 
631 632 4 1.6970 -1.2617 -21.5036 1.7699 -1.2957 -21.6867 0.0643 0.2000 0.4314 0.3922 0.1961 23.8226 2.0000 
632 633 4 1.7699 -1.2957 -21.6867 1.8291 -1.3056 -21.8774 0.0643 0.2000 0.4314 0.3922 0.1961 24.0995 2.0000 
633 634 4 1.8291 -1.3056 -21.8774 1.8998 -1.3152 -22.0643 0.0643 0.2000 0.4314 0.3922 0.1961 24.3814 2.0000 
634 635 4 1.8998 -1.3152 -22.0643 1.9568 -1.3165 -22.2560 0.0643 0.2000 0.4314 0.3922 0.1961 24.6684 2.0000 
635 636 4 1.9568 -1.3165 -22.2560 2.0109 -1.3143 -22.4485 0.0643 0.2000 0.4314 0.3922 0.1961 24.9607 2.0000 
636 637 4 2.0109 -1.3143 -22.4485 2.0370 -1.3082 -22.6467 0.0643 0.2000 0.4314 0.3922 0.1961 25.2585 2.0000 
637 638 4 2.0370 -1.3082 -22.6467 2.0441 -1.2939 -22.8461 0.0643 0.2000 0.4314 0.3922 0.1961 25.5621 2.0000 
638 639 4 2.0441 -1.2939 -22.8461 2.0089 -1.2788 -23.0424 0.0643 0.2000 0.4314 0.3922 0.1961 25.8715 2.0000 
639 640 4 2.0089 -1.2788 -23.0424 1.9511 -1.2378 -23.2294 0.0643 0.2000 0.4314 0.3922 0.1961 26.1872 2.0000 
640 641 4 1.9511 -1.2378 -23.2294 1.9066 -1.2117 -23.4226 0.0643 0.2000 0.4314 0.3922 0.1961 26.5092 2.0000 
641 642 4 1.9066 -1.2117 -23.4226 1.8040 -1.2164 -23.5942 0.0643 0.2000 0.4314 0.3922 0.1961 26.8380 2.0000 
642 643 4 1.8040 -1.2164 -23.5942 1.6905 -1.2120 -23.7589 0.0643 0.2000 0.4314 0.3922 0.1961 27.1737 2.0000 
643 644 4 1.6905 -1.2120 -23.7589 1.5880 -1.2248 -23.9301 0.0643 0.2000 0.4314 0.3922 0.1961 27.5167 2.0000 
644 645 4 1.5880 -1.2248 -23.9301 1.4904 -1.2359 -24.1044 0.0643 0.2000 0.4314 0.3922 0.1961 27.8673 2.0000 
645 646 4 1.4904 -1.2359 -24.1044 1.4221 -1.2732 -24.2886 0.0643 0.2000 0.4314 0.3922 0.1961 28.2258 2.0000 
646 647 4 1.4221 -1.2732 -24.2886 1.3523 -1.3067 -24.4730 0.0643 0.2000 0.4314 0.3922 0.1961 28.5927 2.0000 
647 648 4 1.3523 -1.3067 -24.4730 1.2862 -1.3457 -24.6577 0.0643 0.2000 0.4314 0.3922 0.1961 28.9682 2.0000 
648 649 4 1.2862 -1.3457 -24.6577 1.2163 -1.3821 -24.8415 0.0643 0.2000 0.4314 0.3922 0.1961 29.3529 2.0000 
649 650 4 1.2163 -1.3821 -24.8415 1.1478 -1.4283 -25.0236 0.0643 0.2000 0.4314 0.3922 0.1961 29.7472 2.0000 
650 651 4 1.1478 -1.4283 -25.0236 1.1080 -1.4614 -25.1381 0.0643 0.1256 0.4314 0.3922 0.1961 30.0000 2.0000 
12 652 5 0.0940 -0.0256 -4.6751 0.2510 0.0659 -4.7586 0.0549 0.2000 0.4314 0.3922 0.1961 8.7936 2.0000 
652 653 5 0.2510 0.0659 -4.7586 0.3903 0.1785 -4.8475 0.0549 0.2000 0.4314 0.3922 0.1961 8.8863 2.0000 
653 654 5 0.3903 0.1785 -4.8475 0.5272 0.2884 -4.9433 0.0549 0.2000 0.4314 0.3922 0.1961 8.9796 2.0000 
654 655 5 0.5272 0.2884 -4.9433 0.6651 0.4271 -4.9850 0.0549 0.2000 0.4314 0.3922 0.1961 9.0736 2.0000 
655 656 5 0.6651 0.4271 -4.9850 0.8071 0.5575 -5.0386 0.0549 0.2000 0.4314 0.3922 0.1961 9.1683 2.0000 
656 657 5 0.8071 0.5575 -5.0386 0.9530 0.6798 -5.0998 0.0549 0.2000 0.4314 0.3922 0.1961 9.2636 2.0000 
657 658 5 0.9530 0.6798 -5.0998 1.0958 0.8093 -5.1530 0.0549 0.2000 0.4314 0.3922 0.1961 9.3596 2.0000 
658 659 5 1.0958 0.8093 -5.1530 1.2385 0.9390 -5.2061 0.0549 0.2000 0.4314 0.3922 0.1961 9.4564 2.0000 
659 660 5 1.2385 0.9390 -5.2061 1.3817 1.0684 -5.2583 0.0549 0.2000 0.4314 0.3922 0.1961 9.5538 2.0000 
660 661 5 1.3817 1.0684 -5.2583 1.4938 1.2039 -5.3536 0.0549 0.2000 0.4314 0.3922 0.1961 9.6520 2.0000 
661 662 5 1.4938 1.2039 -5.3536 1.6092 1.3524 -5.4216 0.0549 0.2000 0.4314 0.3922 0.1961 9.7509 2.0000 
662 663 5 1.6092 1.3524 -5.4216 1.7234 1.4972 -5.4991 0.0549 0.2000 0.4314 0.3922 0.1961 9.8505 2.0000 
663 664 5 1.7234 1.4972 -5.4991 1.8404 1.6374 -5.5806 0.0549 0.2000 0.4314 0.3922 0.1961 9.9509 2.0000 
664 665 5 1.8404 1.6374 -5.5806 1.9690 1.7555 -5.6782 0.0549 0.2000 0.4314 0.3922 0.1961 10.0520 2.0000 
665 666 5 1.9690 1.7555 -5.6782 2.1060 1.8464 -5.7921 0.0549 0.2000 0.4314 0.3922 0.1961 10.1540 2.0000 
666 667 5 2.1060 1.8464 -5.7921 2.2292 1.9592 -5.9021 0.0549 0.2000 0.4314 0.3922 0.1961 10.2567 2.0000 
667 668 5 2.2292 1.9592 -5.9021 2.3599 2.0726 -6.0023 0.0549 0.2000 0.4314 0.3922 0.1961 10.3602 2.0000 
668 669 5 2.3599 2.0726 -6.0023 2.4944 2.1692 -6.1144 0.0549 0.2000 0.4314 0.3922 0.1961 10.4645 2.0000 
669 670 5 2.4944 2.1692 -6.1144 2.6370 2.2761 -6.2052 0.0549 0.2000 0.4314 0.3922 0.1961 10.5697 2.0000 
670 671 5 2.6370 2.2761 -6.2052 2.7541 2.3761 -6.3329 0.0549 0.2000 0.4314 0.3922 0.1961 10.6757 2.0000 
671 672 5 2.7541 2.3761 -6.3329 2.8535 2.4830 -6.4696 0.0549 0.2000 0.4314 0.3922 0.1961 10.7825 2.0000 
672 673 5 2.8535 2.4830 -6.4696 2.9452 2.5875 -6.6133 0.0549 0.2000 0.4314 0.3922 0.1961 10.8903 2.0000 
673 674 5 2.9452 2.5875 -6.6133 3.0470 2.6957 -6.7473 0.0549 0.2000 0.4314 0.3922 0.1961 10.9989 2.0000 
674 675 5 3.0470 2.6957 -6.7473 3.1407 2.8169 -6.8757 0.0549 0.2000 0.4314 0.3922 0.1961 11.1084 2.0000 
675 676 5 3.1407 2.8169 -6.8757 3.2319 2.9410 -7.0034 0.0549 0.2000 0.4314 0.3922 0.1961 11.2188 2.0000 
676 677 5 3.2319 2.9410 -7.0034 3.3267 3.0422 -7.1475 0.0549 0.2000 0.4314 0.3922 0.1961 11.3301 2.0000 
677 678 5 3.3267 3.0422 -7.1475 3.4164 3.1349 -7.3003 0.0549 0.2000 0.4314 0.3922 0.1961 11.4424 2.0000 
678 679 5 3.4164 3.1349 -7.3003 3.5043 3.2060 -7.4654 0.0549 0.2000 0.4314 0.3922 0.1961 11.5556 2.0000 
679 680 5 3.5043 3.2060 -7.4654 3.5882 3.2613 -7.6382 0.0549 0.2000 0.4314 0.3922 0.1961 11.6698 2.0000 
680 681 5 3.5882 3.2613 -7.6382 3.6848 3.2883 -7.8113 0.0549 0.2000 0.4314 0.3922 0.1961 11.7850 2.0000 
681 682 5 3.6848 3.2883 -7.8113 3.7681 3.3172 -7.9908 0.0549 0.2000 0.4314 0.3922 0.1961 11.9012 2.0000 
682 683 5 3.7681 3.3172 -7.9908 3.8406 3.3384 -8.1760 0.0549 0.2000 0.4314 0.3922 0.1961 12.0185 2.0000 
683 684 5 3.8406 3.3384 -8.1760 3.8953 3.3670 -8.3662 0.0549 0.2000 0.4314 0.3922 0.1961 12.1367 2.0000 
684 685 5 3.8953 3.3670 -8.3662 3.9362 3.3921 -8.5604 0.0549 0.2000 0.4314 0.3922 0.1961 12.2561 2.0000 
685 686 5 3.9362 3.3921 -8.5604 3.9474 3.4280 -8.7569 0.0549 0.2000 0.4314 0.3922 0.1961 12.3765 2.0000 
686 687 5 3.9474 3.4280 -8.7569 3.9684 3.4332 -8.9557 0.0549 0.2000 0.4314 0.3922 0.1961 12.4980 2.0000 
687 688 5 3.9684 3.4332 -8.9557 3.9633 3.4198 -9.1552 0.0549 0.2000 0.4314 0.3922 0.1961 12.6207 2.0000 
688 689 5 3.9633 3.4198 -9.1552 3.9748 3.3919 -9.3529 0.0549 0.2000 0.4314 0.3922 0.1961 12.7445 2.0000 
689 690 5 3.9748 3.3919 -9.3529 3.9917 3.3375 -9.5446 0.0549 0.2000 0.4314 0.3922 0.1961 12.8694 2.0000 
690 691 5 3.9917 3.3375 -9.5446 3.9981 3.3197 -9.7437 0.0549 0.2000 0.4314 0.3922 0.1961 12.9956 2.0000 
691 692 5 3.9981 3.3197 -9.7437 4.0036 3.3003 -9.9427 0.0549 0.2000 0.4314 0.3922 0.1961 13.1229 2.0000 
692 693 5 4.0036 3.3003 -9.9427 3.9833 3.2992 -10.1416 0.0549 0.2000 0.4314 0.3922 0.1961 13.2515 2.0000 
693 694 5 3.9833 3.2992 -10.1416 3.9754 3.3011 -10.3415 0.0549 0.2000 0.4314 0.3922 0.1961 13.3813 2.0000 
694 695 5 3.9754 3.3011 -10.3415 3.9770 3.2960 -10.5414 0.0549 0.2000 0.4314 0.3922 0.1961 13.5125 2.0000 
695 696 5 3.9770 3.2960 -10.5414 3.9737 3.3130 -10.7406 0.0549 0.2000 0.4314 0.3922 0.1961 13.6449 2.0000 
696 697 5 3.9737 3.3130 -10.7406 3.9526 3.3379 -10.9380 0.0549 0.2000 0.4314 0.3922 0.1961 13.7787 2.0000 
697 698 5 3.9526 3.3379 -10.9380 3.9455 3.3165 -11.1367 0.0549 0.2000 0.4314 0.3922 0.1961 13.9138 2.0000 
698 699 5 3.9455 3.3165 -11.1367 3.9437 3.3135 -11.3367 0.0549 0.2000 0.4314 0.3922 0.1961 14.0503 2.0000 
699 700 5 3.9437 3.3135 -11.3367 3.9670 3.2853 -11.5333 0.0549 0.2000 0.4314 0.3922 0.1961 14.1883 2.0000 
700 701 5 3.9670 3.2853 -11.5333 3.9503 3.2957 -11.7323 0.0549 0.2000 0.4314 0.3922 0.1961 14.3277 2.0000 
701 702 5 3.9503 3.2957 -11.7323 3.9352 3.3069 -11.9314 0.0549 0.2000 0.4314 0.3922 0.1961 14.4685 2.0000 
702 703 5 3.9352 3.3069 -11.9314 3.9209 3.3215 -12.1304 0.0549 0.2000 0.4314 0.3922 0.1961 14.6109 2.0000 
703 704 5 3.9209 3.3215 -12.1304 3.9192 3.3247 -12.3303 0.0549 0.2000 0.4314 0.3922 0.1961 14.7548 2.0000 
704 705 5 3.9192 3.3247 -12.3303 3.9286 3.3315 -12.5300 0.0549 0.2000 0.4314 0.3922 0.1961 14.9003 2.0000 
705 706 5 3.9286 3.3315 -12.5300 3.9332 3.3366 -12.7299 0.0549 0.2000 0.4314 0.3922 0.1961 15.0474 2.0000 
706 707 5 3.9332 3.3366 -12.7299 3.9442 3.3735 -12.9262 0.0549 0.2000 0.4314 0.3922 0.1961 15.1962 2.0000 
707 708 5 3.9442 3.3735 -12.9262 3.9406 3.3827 -13.1259 0.0549 0.2000 0.4314 0.3922 0.1961 15.3467 2.0000 
708 709 5 3.9406 3.3827 -13.1259 3.8961 3.3743 -13.3207 0.0549 0.2000 0.4314 0.3922 0.1961 15.4988 2.0000 
709 710 5 3.8961 3.3743 -13.3207 3.8478 3.3674 -13.5147 0.0549 0.2000 0.4314 0.3922 0.1961 15.6528 2.0000 
710 711 5 3.8478 3.3674 -13.5147 3.7682 3.3617 -13.6980 0.0549 0.2000 0.4314 0.3922 0.1961 15.8085 2.0000 
711 712 5 3.7682 3.3617 -13.6980 3.6864 3.3601 -13.8805 0.0549 0.2000 0.4314 0.3922 0.1961 15.9661 2.0000 
712 713 5 3.6864 3.3601 -13.8805 3.6124 3.3206 -14.0621 0.0549 0.2000 0.4314 0.3922 0.1961 16.1256 2.0000 
713 714 5 3.6124 3.3206 -14.0621 3.5720 3.2733 -14.2522 0.0549 0.2000 0.4314 0.3922 0.1961 16.2870 2.0000 
714 715 5 3.5720 3.2733 -14.2522 3.5145 3.2313 -14.4391 0.0549 0.2000 0.4314 0.3922 0.1961 16.4504 2.0000 
715 716 5 3.5145 3.2313 -14.4391 3.4205 3.1992 -14.6127 0.0549 0.2000 0.4314 0.3922 0.1961 16.6158 2.0000 
716 717 5 3.4205 3.1992 -14.6127 3.3278 3.1621 -14.7859 0.0549 0.2000 0.4314 0.3922 0.1961 16.7834 2.0000 
717 718 5 3.3278 3.1621 -14.7859 3.2582 3.1361 -14.9716 0.0549 0.2000 0.4314 0.3922 0.1961 16.9531 2.0000 
718 719 5 3.2582 3.1361 -14.9716 3.1922 3.1149 -15.1592 0.0549 0.2000 0.4314 0.3922 0.1961 17.1249 2.0000 
719 720 5 3.1922 3.1149 -15.1592 3.1303 3.0753 -15.3452 0.0549 0.2000 0.4314 0.3922 0.1961 17.2991 2.0000 
720 721 5 3.1303 3.0753 -15.3452 3.0689 3.0345 -15.5312 0.0549 0.2000 0.4314 0.3922 0.1961 17.4755 2.0000 
721 722 5 3.0689 3.0345 -15.5312 3.0064 2.9949 -15.7170 0.0549 0.2000 0.4314 0.3922 0.1961 17.6543 2.0000 
722 723 5 3.0064 2.9949 -15.7170 2.9493 2.9423 -15.9013 0.0549 0.2000 0.4314 0.3922 0.1961 17.8356 2.0000 
723 724 5 2.9493 2.9423 -15.9013 2.8824 2.9044 -16.0859 0.0549 0.2000 0.4314 0.3922 0.1961 18.0193 2.0000 
724 725 5 2.8824 2.9044 -16.0859 2.8200 2.8619 -16.2712 0.0549 0.2000 0.4314 0.3922 0.1961 18.2057 2.0000 
725 726 5 2.8200 2.8619 -16.2712 2.7297 2.8079 -16.4412 0.0549 0.2000 0.4314 0.3922 0.1961 18.3947 2.0000 
726 727 5 2.7297 2.8079 -16.4412 2.6241 2.7470 -16.5997 0.0549 0.2000 0.4314 0.3922 0.1961 18.5864 2.0000 
727 728 5 2.6241 2.7470 -16.5997 2.5176 2.7070 -16.7642 0.0549 0.2000 0.4314 0.3922 0.1961 18.7810 2.0000 
728 729 5 2.5176 2.7070 -16.7642 2.4038 2.6661 -16.9235 0.0549 0.2000 0.4314 0.3922 0.1961 18.9784 2.0000 
729 730 5 2.4038 2.6661 -16.9235 2.2915 2.6336 -17.0858 0.0549 0.2000 0.4314 0.3922 0.1961 19.1788 2.0000 
730 731 5 2.2915 2.6336 -17.0858 2.1856 2.5972 -17.2515 0.0549 0.2000 0.4314 0.3922 0.1961 19.3823 2.0000 
731 732 5 2.1856 2.5972 -17.2515 2.0804 2.5724 -17.4198 0.0549 0.2000 0.4314 0.3922 0.1961 19.5889 2.0000 
732 733 5 2.0804 2.5724 -17.4198 1.9530 2.5399 -17.5705 0.0549 0.2000 0.4314 0.3922 0.1961 19.7989 2.0000 
733 734 5 1.9530 2.5399 -17.5705 1.8444 2.4761 -17.7259 0.0549 0.2000 0.4314 0.3922 0.1961 20.0121 2.0000 
734 735 5 1.8444 2.4761 -17.7259 1.7297 2.4261 -17.8819 0.0549 0.2000 0.4314 0.3922 0.1961 20.2289 2.0000 
735 736 5 1.7297 2.4261 -17.8819 1.6245 2.3776 -18.0450 0.0549 0.2000 0.4314 0.3922 0.1961 20.4493 2.0000 
736 737 5 1.6245 2.3776 -18.0450 1.5381 2.3052 -18.2102 0.0549 0.2000 0.4314 0.3922 0.1961 20.6734 2.0000 
737 738 5 1.5381 2.3052 -18.2102 1.4515 2.2207 -18.3694 0.0549 0.2000 0.4314 0.3922 0.1961 20.9013 2.0000 
738 739 5 1.4515 2.2207 -18.3694 1.3315 2.1710 -18.5215 0.0549 0.2000 0.4314 0.3922 0.1961 21.1333 2.0000 
739 740 5 1.3315 2.1710 -18.5215 1.2040 2.1346 -18.6712 0.0549 0.2000 0.4314 0.3922 0.1961 21.3693 2.0000 
740 741 5 1.2040 2.1346 -18.6712 1.0891 2.1002 -18.8312 0.0549 0.2000 0.4314 0.3922 0.1961 21.6096 2.0000 
741 742 5 1.0891 2.1002 -18.8312 0.9668 2.1051 -18.9894 0.0549 0.2000 0.4314 0.3922 0.1961 21.8544 2.0000 
742 743 5 0.9668 2.1051 -18.9894 0.8676 2.1165 -19.1627 0.0549 0.2000 0.4314 0.3922 0.1961 22.1037 2.0000 
743 744 5 0.8676 2.1165 -19.1627 0.7378 2.1372 -19.3135 0.0549 0.2000 0.4314 0.3922 0.1961 22.3578 2.0000 
744 745 5 0.7378 2.1372 -19.3135 0.6168 2.1423 -19.4727 0.0549 0.2000 0.4314 0.3922 0.1961 22.6169 2.0000 
745 746 5 0.6168 2.1423 -19.4727 0.4967 2.1474 -19.6325 0.0549 0.2000 0.4314 0.3922 0.1961 22.8812 2.0000 
746 747 5 0.4967 2.1474 -19.6325 0.4171 2.1534 -19.8159 0.0549 0.2000 0.4314 0.3922 0.1961 23.1508 2.0000 
747 748 5 0.4171 2.1534 -19.8159 0.3386 2.1652 -19.9994 0.0549 0.2000 0.4314 0.3922 0.1961 23.4260 2.0000 
748 749 5 0.3386 2.1652 -19.9994 0.2605 2.1771 -20.1832 0.0549 0.2000 0.4314 0.3922 0.1961 23.7070 2.0000 
749 750 5 0.2605 2.1771 -20.1832 0.2302 2.1827 -20.3808 0.0549 0.2000 0.4314 0.3922 0.1961 23.9941 2.0000 
750 751 5 0.2302 2.1827 -20.3808 0.1987 2.1889 -20.5782 0.0549 0.2000 0.4314 0.3922 0.1961 24.2875 2.0000 
751 752 5 0.1987 2.1889 -20.5782 0.1652 2.1956 -20.7753 0.0549 0.2000 0.4314 0.3922 0.1961 24.5876 2.0000 
752 753 5 0.1652 2.1956 -20.7753 0.1603 2.1940 -20.9752 0.0549 0.2000 0.4314 0.3922 0.1961 24.8946 2.0000 
753 754 5 0.1603 2.1940 -20.9752 0.1726 2.2222 -21.1728 0.0549 0.2000 0.4314 0.3922 0.1961 25.2089 2.0000 
754 755 5 0.1726 2.2222 -21.1728 0.1943 2.2329 -21.3714 0.0549 0.2000 0.4314 0.3922 0.1961 25.5308 2.0000 
755 756 5 0.1943 2.2329 -21.3714 0.2250 2.2434 -21.5687 0.0549 0.2000 0.4314 0.3922 0.1961 25.8607 2.0000 
756 757 5 0.2250 2.2434 -21.5687 0.2618 2.2251 -21.7644 0.0549 0.2000 0.4314 0.3922 0.1961 26.1990 2.0000 
757 758 5 0.2618 2.2251 -21.7644 0.2602 2.2133 -21.9641 0.0549 0.2000 0.4314 0.3922 0.1961 26.5462 2.0000 
758 759 5 0.2602 2.2133 -21.9641 0.2593 2.2009 -22.1637 0.0549 0.2000 0.4314 0.3922 0.1961 26.9027 2.0000 
759 760 5 0.2593 2.2009 -22.1637 0.2641 2.1607 -22.3596 0.0549 0.2000 0.4314 0.3922 0.1961 27.2690 2.0000 
760 761 5 0.2641 2.1607 -22.3596 0.2878 2.1460 -22.5576 0.0549 0.2000 0.4314 0.3922 0.1961 27.6457 2.0000 
761 762 5 0.2878 2.1460 -22.5576 0.3051 2.1208 -22.7553 0.0549 0.2000 0.4314 0.3922 0.1961 28.0334 2.0000 
762 763 5 0.3051 2.1208 -22.7553 0.3169 2.0820 -22.9511 0.0549 0.2000 0.4314 0.3922 0.1961 28.4328 2.0000 
763 764 5 0.3169 2.0820 -22.9511 0.3229 2.0471 -23.1479 0.0549 0.2000 0.4314 0.3922 0.1961 28.8446 2.0000 
764 765 5 0.3229 2.0471 -23.1479 0.3118 2.0614 -23.3471 0.0549 0.2000 0.4314 0.3922 0.1961 29.2695 2.0000 
765 766 5 0.3118 2.0614 -23.3471 0.2936 2.0640 -23.5463 0.0549 0.2000 0.4314 0.3922 0.1961 29.7086 2.0000 
766 767 5 0.2936 2.0640 -23.5463 0.2800 2.0722 -23.6745 0.0549 0.1292 0.4314 0.3922 0.1961 30.0000 2.0000 
14 768 6 0.0662 0.0212 -5.0580 0.2074 -0.0905 -5.1452 0.0559 0.2000 0.4314 0.3922 0.1961 9.1495 2.0000 
768 769 6 0.2074 -0.0905 -5.1452 0.3531 -0.2087 -5.2144 0.0559 0.2000 0.4314 0.3922 0.1961 9.2456 2.0000 
769 770 6 0.3531 -0.2087 -5.2144 0.4721 -0.3607 -5.2669 0.0559 0.2000 0.4314 0.3922 0.1961 9.3422 2.0000 
770 771 6 0.4721 -0.3607 -5.2669 0.5888 -0.5147 -5.3183 0.0559 0.2000 0.4314 0.3922 0.1961 9.4395 2.0000 
771 772 6 0.5888 -0.5147 -5.3183 0.6856 -0.6860 -5.3540 0.0559 0.2000 0.4314 0.3922 0.1961 9.5374 2.0000 
772 773 6 0.6856 -0.6860 -5.3540 0.7529 -0.8691 -5.3980 0.0559 0.2000 0.4314 0.3922 0.1961 9.6360 2.0000 
773 774 6 0.7529 -0.8691 -5.3980 0.8427 -1.0383 -5.4556 0.0559 0.2000 0.4314 0.3922 0.1961 9.7352 2.0000 
774 775 6 0.8427 -1.0383 -5.4556 0.9324 -1.2063 -5.5166 0.0559 0.2000 0.4314 0.3922 0.1961 9.8350 2.0000 
775 776 6 0.9324 -1.2063 -5.5166 1.0115 -1.3895 -5.5313 0.0559 0.2000 0.4314 0.3922 0.1961 9.9356 2.0000 
776 777 6 1.0115 -1.3895 -5.5313 1.0918 -1.5726 -5.5350 0.0559 0.2000 0.4314 0.3922 0.1961 10.0368 2.0000 
777 778 6 1.0918 -1.5726 -5.5350 1.1624 -1.7576 -5.5631 0.0559 0.2000 0.4314 0.3922 0.1961 10.1386 2.0000 
778 779 6 1.1624 -1.7576 -5.5631 1.1964 -1.9273 -5.6634 0.0559 0.2000 0.4314 0.3922 0.1961 10.2412 2.0000 
779 780 6 1.1964 -1.9273 -5.6634 1.2304 -2.0982 -5.7615 0.0559 0.2000 0.4314 0.3922 0.1961 10.3445 2.0000 
780 781 6 1.2304 -2.0982 -5.7615 1.2360 -2.2779 -5.8491 0.0559 0.2000 0.4314 0.3922 0.1961 10.4484 2.0000 
781 782 6 1.2360 -2.2779 -5.8491 1.2688 -2.4361 -5.9669 0.0559 0.2000 0.4314 0.3922 0.1961 10.5531 2.0000 
782 783 6 1.2688 -2.4361 -5.9669 1.2773 -2.6031 -6.0767 0.0559 0.2000 0.4314 0.3922 0.1961 10.6586 2.0000 
783 784 6 1.2773 -2.6031 -6.0767 1.2734 -2.7798 -6.1703 0.0559 0.2000 0.4314 0.3922 0.1961 10.7647 2.0000 
784 785 6 1.2734 -2.7798 -6.1703 1.2701 -2.9564 -6.2642 0.0559 0.2000 0.4314 0.3922 0.1961 10.8717 2.0000 
785 786 6 1.2701 -2.9564 -6.2642 1.2503 -3.1194 -6.3783 0.0559 0.2000 0.4314 0.3922 0.1961 10.9794 2.0000 
786 787 6 1.2503 -3.1194 -6.3783 1.2390 -3.2898 -6.4823 0.0559 0.2000 0.4314 0.3922 0.1961 11.0878 2.0000 
787 788 6 1.2390 -3.2898 -6.4823 1.2399 -3.4610 -6.5857 0.0559 0.2000 0.4314 0.3922 0.1961 11.1971 2.0000 
788 789 6 1.2399 -3.4610 -6.5857 1.2594 -3.6231 -6.7013 0.0559 0.2000 0.4314 0.3922 0.1961 11.3071 2.0000 
789 790 6 1.2594 -3.6231 -6.7013 1.2753 -3.7908 -6.8091 0.0559 0.2000 0.4314 0.3922 0.1961 11.4179 2.0000 
790 791 6 1.2753 -3.7908 -6.8091 1.3023 -3.9523 -6.9240 0.0559 0.2000 0.4314 0.3922 0.1961 11.5296 2.0000 
791 792 6 1.3023 -3.9523 -6.9240 1.3453 -4.1145 -7.0327 0.0559 0.2000 0.4314 0.3922 0.1961 11.6421 2.0000 
792 793 6 1.3453 -4.1145 -7.0327 1.3977 -4.2725 -7.1437 0.0559 0.2000 0.4314 0.3922 0.1961 11.7554 2.0000 
793 794 6 1.3977 -4.2725 -7.1437 1.4753 -4.4105 -7.2658 0.0559 0.2000 0.4314 0.3922 0.1961 11.8696 2.0000 
794 795 6 1.4753 -4.4105 -7.2658 1.5541 -4.5508 -7.3846 0.0559 0.2000 0.4314 0.3922 0.1961 11.9847 2.0000 
795 796 6 1.5541 -4.5508 -7.3846 1.6368 -4.6771 -7.5158 0.0559 0.2000 0.4314 0.3922 0.1961 12.1007 2.0000 
796 797 6 1.6368 -4.6771 -7.5158 1.7204 -4.8011 -7.6487 0.0559 0.2000 0.4314 0.3922 0.1961 12.2175 2.0000 
797 798 6 1.7204 -4.8011 -7.6487 1.7897 -4.9147 -7.7980 0.0559 0.2000 0.4314 0.3922 0.1961 12.3353 2.0000 
798 799 6 1.7897 -4.9147 -7.7980 1.8761 -5.0301 -7.9365 0.0559 0.2000 0.4314 0.3922 0.1961 12.4540 2.0000 
799 800 6 1.8761 -5.0301 -7.9365 1.9772 -5.1429 -8.0672 0.0559 0.2000 0.4314 0.3922 0.1961 12.5736 2.0000 
800 801 6 1.9772 -5.1429 -8.0672 2.0712 -5.2404 -8.2144 0.0559 0.2000 0.4314 0.3922 0.1961 12.6942 2.0000 
801 802 6 2.0712 -5.2404 -8.2144 2.1309 -5.3681 -8.3562 0.0559 0.2000 0.4314 0.3922 0.1961 12.8157 2.0000 
802 803 6 2.1309 -5.3681 -8.3562 2.1505 -5.4716 -8.5262 0.0559 0.2000 0.4314 0.3922 0.1961 12.9382 2.0000 
803 804 6 2.1505 -5.4716 -8.5262 2.1657 -5.5815 -8.6926 0.0559 0.2000 0.4314 0.3922 0.1961 13.0618 2.0000 
804 805 6 2.1657 -5.5815 -8.6926 2.1770 -5.6318 -8.8859 0.0559 0.2000 0.4314 0.3922 0.1961 13.1863 2.0000 
805 806 6 2.1770 -5.6318 -8.8859 2.2005 -5.6537 -9.0833 0.0559 0.2000 0.4314 0.3922 0.1961 13.3119 2.0000 
806 807 6 2.2005 -5.6537 -9.0833 2.2470 -5.6994 -9.2723 0.0559 0.2000 0.4314 0.3922 0.1961 13.4386 2.0000 
807 808 6 2.2470 -5.6994 -9.2723 2.2572 -5.7452 -9.4667 0.0559 0.2000 0.4314 0.3922 0.1961 13.5663 2.0000 
808 809 6 2.2572 -5.7452 -9.4667 2.3083 -5.7927 -9.6542 0.0559 0.2000 0.4314 0.3922 0.1961 13.6951 2.0000 
809 810 6 2.3083 -5.7927 -9.6542 2.3559 -5.8435 -9.8416 0.0559 0.2000 0.4314 0.3922 0.1961 13.8250 2.0000 
810 811 6 2.3559 -5.8435 -9.8416 2.3593 -5.9379 -10.0179 0.0559 0.2000 0.4314 0.3922 0.1961 13.9560 2.0000 
811 812 6 2.3593 -5.9379 -10.0179 2.3586 -6.0205 -10.2001 0.0559 0.2000 0.4314 0.3922 0.1961 14.0882 2.0000 
812 813 6 2.3586 -6.0205 -10.2001 2.3518 -6.1025 -10.3824 0.0559 0.2000 0.4314 0.3922 0.1961 14.2216 2.0000 
813 814 6 2.3518 -6.1025 -10.3824 2.3602 -6.1869 -10.5635 0.0559 0.2000 0.4314 0.3922 0.1961 14.3561 2.0000 
814 815 6 2.3602 -6.1869 -10.5635 2.3856 -6.2309 -10.7570 0.0559 0.2000 0.4314 0.3922 0.1961 14.4919 2.0000 
815 816 6 2.3856 -6.2309 -10.7570 2.4070 -6.2803 -10.9496 0.0559 0.2000 0.4314 0.3922 0.1961 14.6288 2.0000 
816 817 6 2.4070 -6.2803 -10.9496 2.4152 -6.3172 -11.1460 0.0559 0.2000 0.4314 0.3922 0.1961 14.7671 2.0000 
817 818 6 2.4152 -6.3172 -11.1460 2.4205 -6.3570 -11.3419 0.0559 0.2000 0.4314 0.3922 0.1961 14.9066 2.0000 
818 819 6 2.4205 -6.3570 -11.3419 2.4023 -6.3569 -11.5411 0.0559 0.2000 0.4314 0.3922 0.1961 15.0474 2.0000 
819 820 6 2.4023 -6.3569 -11.5411 2.3812 -6.3708 -11.7395 0.0559 0.2000 0.4314 0.3922 0.1961 15.1895 2.0000 
820 821 6 2.3812 -6.3708 -11.7395 2.3941 -6.4034 -11.9363 0.0559 0.2000 0.4314 0.3922 0.1961 15.3330 2.0000 
821 822 6 2.3941 -6.4034 -11.9363 2.4170 -6.4540 -12.1285 0.0559 0.2000 0.4314 0.3922 0.1961 15.4779 2.0000 
822 823 6 2.4170 -6.4540 -12.1285 2.4483 -6.4630 -12.3258 0.0559 0.2000 0.4314 0.3922 0.1961 15.6241 2.0000 
823 824 6 2.4483 -6.4630 -12.3258 2.4790 -6.4530 -12.5232 0.0559 0.2000 0.4314 0.3922 0.1961 15.7718 2.0000 
824 825 6 2.4790 -6.4530 -12.5232 2.4954 -6.4459 -12.7224 0.0559 0.2000 0.4314 0.3922 0.1961 15.9210 2.0000 
825 826 6 2.4954 -6.4459 -12.7224 2.5174 -6.4082 -12.9176 0.0559 0.2000 0.4314 0.3922 0.1961 16.0716 2.0000 
826 827 6 2.5174 -6.4082 -12.9176 2.4821 -6.3876 -13.1134 0.0559 0.2000 0.4314 0.3922 0.1961 16.2238 2.0000 
827 828 6 2.4821 -6.3876 -13.1134 2.4478 -6.3712 -13.3097 0.0559 0.2000 0.4314 0.3922 0.1961 16.3775 2.0000 
828 829 6 2.4478 -6.3712 -13.3097 2.4131 -6.3504 -13.5056 0.0559 0.2000 0.4314 0.3922 0.1961 16.5328 2.0000 
829 830 6 2.4131 -6.3504 -13.5056 2.3415 -6.3144 -13.6888 0.0559 0.2000 0.4314 0.3922 0.1961 16.6897 2.0000 
830 831 6 2.3415 -6.3144 -13.6888 2.2768 -6.2581 -13.8695 0.0559 0.2000 0.4314 0.3922 0.1961 16.8482 2.0000 
831 832 6 2.2768 -6.2581 -13.8695 2.2124 -6.2037 -14.0509 0.0559 0.2000 0.4314 0.3922 0.1961 17.0084 2.0000 
832 833 6 2.2124 -6.2037 -14.0509 2.1505 -6.1519 -14.2339 0.0559 0.2000 0.4314 0.3922 0.1961 17.1704 2.0000 
833 834 6 2.1505 -6.1519 -14.2339 2.0883 -6.0979 -14.4161 0.0559 0.2000 0.4314 0.3922 0.1961 17.3341 2.0000 
834 835 6 2.0883 -6.0979 -14.4161 2.0294 -6.0409 -14.5985 0.0559 0.2000 0.4314 0.3922 0.1961 17.4996 2.0000 
835 836 6 2.0294 -6.0409 -14.5985 1.9700 -5.9848 -14.7811 0.0559 0.2000 0.4314 0.3922 0.1961 17.6669 2.0000 
836 837 6 1.9700 -5.9848 -14.7811 1.8916 -5.9590 -14.9633 0.0559 0.2000 0.4314 0.3922 0.1961 17.8361 2.0000 
837 838 6 1.8916 -5.9590 -14.9633 1.8160 -5.9293 -15.1460 0.0559 0.2000 0.4314 0.3922 0.1961 18.0072 2.0000 
838 839 6 1.8160 -5.9293 -15.1460 1.7485 -5.9040 -15.3326 0.0559 0.2000 0.4314 0.3922 0.1961 18.1803 2.0000 
839 840 6 1.7485 -5.9040 -15.3326 1.6659 -5.9205 -15.5140 0.0559 0.2000 0.4314 0.3922 0.1961 18.3554 2.0000 
840 841 6 1.6659 -5.9205 -15.5140 1.5844 -5.9492 -15.6944 0.0559 0.2000 0.4314 0.3922 0.1961 18.5325 2.0000 
841 842 6 1.5844 -5.9492 -15.6944 1.5024 -5.9796 -15.8742 0.0559 0.2000 0.4314 0.3922 0.1961 18.7118 2.0000 
842 843 6 1.5024 -5.9796 -15.8742 1.4213 -6.0080 -16.0548 0.0559 0.2000 0.4314 0.3922 0.1961 18.8931 2.0000 
843 844 6 1.4213 -6.0080 -16.0548 1.3404 -6.0175 -16.2375 0.0559 0.2000 0.4314 0.3922 0.1961 19.0767 2.0000 
844 845 6 1.3404 -6.0175 -16.2375 1.2598 -6.0335 -16.4198 0.0559 0.2000 0.4314 0.3922 0.1961 19.2626 2.0000 
845 846 6 1.2598 -6.0335 -16.4198 1.1808 -6.0353 -16.6036 0.0559 0.2000 0.4314 0.3922 0.1961 19.4508 2.0000 
846 847 6 1.1808 -6.0353 -16.6036 1.1007 -6.0283 -16.7867 0.0559 0.2000 0.4314 0.3922 0.1961 19.6413 2.0000 
847 848 6 1.1007 -6.0283 -16.7867 1.0569 -6.0433 -16.9813 0.0559 0.2000 0.4314 0.3922 0.1961 19.8343 2.0000 
848 849 6 1.0569 -6.0433 -16.9813 1.0060 -6.0295 -17.1742 0.0559 0.2000 0.4314 0.3922 0.1961 20.0297 2.0000 
849 850 6 1.0060 -6.0295 -17.1742 0.9648 -6.0369 -17.3697 0.0559 0.2000 0.4314 0.3922 0.1961 20.2278 2.0000 
850 851 6 0.9648 -6.0369 -17.3697 0.9184 -5.9966 -17.5600 0.0559 0.2000 0.4314 0.3922 0.1961 20.4284 2.0000 
851 852 6 0.9184 -5.9966 -17.5600 0.8725 -5.9594 -17.7511 0.0559 0.2000 0.4314 0.3922 0.1961 20.6318 2.0000 
852 853 6 0.8725 -5.9594 -17.7511 0.8328 -5.9246 -17.9440 0.0559 0.2000 0.4314 0.3922 0.1961 20.8379 2.0000 
853 854 6 0.8328 -5.9246 -17.9440 0.7842 -5.9244 -18.1381 0.0559 0.2000 0.4314 0.3922 0.1961 21.0469 2.0000 
854 855 6 0.7842 -5.9244 -18.1381 0.7331 -5.9213 -18.3314 0.0559 0.2000 0.4314 0.3922 0.1961 21.2589 2.0000 
855 856 6 0.7331 -5.9213 -18.3314 0.6988 -5.9094 -18.5281 0.0559 0.2000 0.4314 0.3922 0.1961 21.4738 2.0000 
856 857 6 0.6988 -5.9094 -18.5281 0.7167 -5.8908 -18.7264 0.0559 0.2000 0.4314 0.3922 0.1961 21.6919 2.0000 
857 858 6 0.7167 -5.8908 -18.7264 0.7326 -5.8794 -18.9254 0.0559 0.2000 0.4314 0.3922 0.1961 21.9131 2.0000 
858 859 6 0.7326 -5.8794 -18.9254 0.7428 -5.8767 -19.1251 0.0559 0.2000 0.4314 0.3922 0.1961 22.1376 2.0000 
859 860 6 0.7428 -5.8767 -19.1251 0.7529 -5.8669 -19.3247 0.0559 0.2000 0.4314 0.3922 0.1961 22.3655 2.0000 
860 861 6 0.7529 -5.8669 -19.3247 0.7523 -5.8684 -19.5246 0.0559 0.2000 0.4314 0.3922 0.1961 22.5969 2.0000 
861 862 6 0.7523 -5.8684 -19.5246 0.7220 -5.8602 -19.7222 0.0559 0.2000 0.4314 0.3922 0.1961 22.8319 2.0000 
862 863 6 0.7220 -5.8602 -19.7222 0.7110 -5.8368 -19.9205 0.0559 0.2000 0.4314 0.3922 0.1961 23.0707 2.0000 
863 864 6 0.7110 -5.8368 -19.9205 0.7181 -5.7903 -20.1149 0.0559 0.2000 0.4314 0.3922 0.1961 23.3132 2.0000 
864 865 6 0.7181 -5.7903 -20.1149 0.7014 -5.7362 -20.3067 0.0559 0.2000 0.4314 0.3922 0.1961 23.5597 2.0000 
865 866 6 0.7014 -5.7362 -20.3067 0.6845 -5.6776 -20.4972 0.0559 0.2000 0.4314 0.3922 0.1961 23.8103 2.0000 
866 867 6 0.6845 -5.6776 -20.4972 0.6565 -5.6118 -20.6840 0.0559 0.2000 0.4314 0.3922 0.1961 24.0651 2.0000 
867 868 6 0.6565 -5.6118 -20.6840 0.6408 -5.5824 -20.8812 0.0559 0.2000 0.4314 0.3922 0.1961 24.3243 2.0000 
868 869 6 0.6408 -5.5824 -20.8812 0.6318 -5.5659 -21.0803 0.0559 0.2000 0.4314 0.3922 0.1961 24.5881 2.0000 
869 870 6 0.6318 -5.5659 -21.0803 0.6360 -5.5161 -21.2739 0.0559 0.2000 0.4314 0.3922 0.1961 24.8565 2.0000 
870 871 6 0.6360 -5.5161 -21.2739 0.6477 -5.4683 -21.4678 0.0559 0.2000 0.4314 0.3922 0.1961 25.1297 2.0000 
871 872 6 0.6477 -5.4683 -21.4678 0.6304 -5.4294 -21.6632 0.0559 0.2000 0.4314 0.3922 0.1961 25.4080 2.0000 
872 873 6 0.6304 -5.4294 -21.6632 0.6209 -5.3970 -21.8603 0.0559 0.2000 0.4314 0.3922 0.1961 25.6916 2.0000 
873 874 6 0.6209 -5.3970 -21.8603 0.6143 -5.3645 -22.0576 0.0559 0.2000 0.4314 0.3922 0.1961 25.9805 2.0000 
874 875 6 0.6143 -5.3645 -22.0576 0.6057 -5.3346 -22.2551 0.0559 0.2000 0.4314 0.3922 0.1961 26.2751 2.0000 
875 876 6 0.6057 -5.3346 -22.2551 0.5966 -5.3250 -22.4547 0.0559 0.2000 0.4314 0.3922 0.1961 26.5755 2.0000 
876 877 6 0.5966 -5.3250 -22.4547 0.6111 -5.3582 -22.6514 0.0559 0.2000 0.4314 0.3922 0.1961 26.8821 2.0000 
877 878 6 0.6111 -5.3582 -22.6514 0.6769 -5.4103 -22.8329 0.0559 0.2000 0.4314 0.3922 0.1961 27.1949 2.0000 
878 879 6 0.6769 -5.4103 -22.8329 0.7264 -5.4353 -23.0251 0.0559 0.2000 0.4314 0.3922 0.1961 27.5144 2.0000 
879 880 6 0.7264 -5.4353 -23.0251 0.7765 -5.4584 -23.2173 0.0559 0.2000 0.4314 0.3922 0.1961 27.8409 2.0000 
880 881 6 0.7765 -5.4584 -23.2173 0.8027 -5.4528 -23.4155 0.0559 0.2000 0.4314 0.3922 0.1961 28.1745 2.0000 
881 882 6 0.8027 -5.4528 -23.4155 0.8212 -5.4505 -23.6147 0.0559 0.2000 0.4314 0.3922 0.1961 28.5156 2.0000 
882 883 6 0.8212 -5.4505 -23.6147 0.8433 -5.4902 -23.8094 0.0559 0.2000 0.4314 0.3922 0.1961 28.8647 2.0000 
883 884 6 0.8433 -5.4902 -23.8094 0.8567 -5.5299 -24.0050 0.0559 0.2000 0.4314 0.3922 0.1961 29.2219 2.0000 
884 885 6 0.8567 -5.5299 -24.0050 0.8733 -5.5773 -24.1986 0.0559 0.2000 0.4314 0.3922 0.1961 29.5879 2.0000 
885 886 6 0.8733 -5.5773 -24.1986 0.8871 -5.6279 -24.3916 0.0559 0.2000 0.4314 0.3922 0.1961 29.9629 2.0000 
886 887 6 0.8871 -5.6279 -24.3916 0.8885 -5.6325 -24.4105 0.0559 0.0195 0.4314 0.3922 0.1961 30.0000 2.0000 
17 888 7 0.0883 0.0552 -5.4929 0.0226 0.2246 -5.5765 0.0932 0.2000 0.4314 0.3922 0.1961 9.5499 2.0000 
888 889 7 0.0226 0.2246 -5.5765 -0.0380 0.3943 -5.6633 0.0932 0.2000 0.4314 0.3922 0.1961 9.6441 2.0000 
889 890 7 -0.0380 0.3943 -5.6633 -0.1063 0.5618 -5.7485 0.0932 0.2000 0.4314 0.3922 0.1961 9.7390 2.0000 
890 891 7 -0.1063 0.5618 -5.7485 -0.1775 0.7284 -5.8332 0.0932 0.2000 0.4314 0.3922 0.1961 9.8344 2.0000 
891 892 7 -0.1775 0.7284 -5.8332 -0.2684 0.8839 -5.9202 0.0932 0.2000 0.4314 0.3922 0.1961 9.9306 2.0000 
892 893 7 -0.2684 0.8839 -5.9202 -0.3745 1.0311 -6.0043 0.0932 0.2000 0.4314 0.3922 0.1961 10.0274 2.0000 
893 894 7 -0.3745 1.0311 -6.0043 -0.4573 1.1870 -6.0984 0.0932 0.2000 0.4314 0.3922 0.1961 10.1248 2.0000 
894 895 7 -0.4573 1.1870 -6.0984 -0.4961 1.3552 -6.1994 0.0932 0.2000 0.4314 0.3922 0.1961 10.2229 2.0000 
895 896 7 -0.4961 1.3552 -6.1994 -0.5743 1.5015 -6.3111 0.0932 0.2000 0.4314 0.3922 0.1961 10.3218 2.0000 
896 897 7 -0.5743 1.5015 -6.3111 -0.6604 1.6486 -6.4157 0.0932 0.2000 0.4314 0.3922 0.1961 10.4213 2.0000 
897 898 7 -0.6604 1.6486 -6.4157 -0.7202 1.8109 -6.5162 0.0932 0.2000 0.4314 0.3922 0.1961 10.5215 2.0000 
898 899 7 -0.7202 1.8109 -6.5162 -0.8030 1.9767 -6.5914 0.0932 0.2000 0.4314 0.3922 0.1961 10.6224 2.0000 
899 900 7 -0.8030 1.9767 -6.5914 -0.8866 2.1397 -6.6715 0.0932 0.2000 0.4314 0.3922 0.1961 10.7241 2.0000 
900 901 7 -0.8866 2.1397 -6.6715 -0.9673 2.3042 -6.7517 0.0932 0.2000 0.4314 0.3922 0.1961 10.8265 2.0000 
901 902 7 -0.9673 2.3042 -6.7517 -1.0808 2.4575 -6.8120 0.0932 0.2000 0.4314 0.3922 0.1961 10.9296 2.0000 
902 903 7 -1.0808 2.4575 -6.8120 -1.1847 2.6152 -6.8777 0.0932 0.2000 0.4314 0.3922 0.1961 11.0335 2.0000 
903 904 7 -1.1847 2.6152 -6.8777 -1.2822 2.7709 -6.9568 0.0932 0.2000 0.4314 0.3922 0.1961 11.1382 2.0000 
904 905 7 -1.2822 2.7709 -6.9568 -1.3765 2.9290 -7.0350 0.0932 0.2000 0.4314 0.3922 0.1961 11.2436 2.0000 
905 906 7 -1.3765 2.9290 -7.0350 -1.4691 3.0966 -7.0927 0.0932 0.2000 0.4314 0.3922 0.1961 11.3498 2.0000 
906 907 7 -1.4691 3.0966 -7.0927 -1.5732 3.2537 -7.1596 0.0932 0.2000 0.4314 0.3922 0.1961 11.4569 2.0000 
907 908 7 -1.5732 3.2537 -7.1596 -1.6556 3.4148 -7.2449 0.0932 0.2000 0.4314 0.3922 0.1961 11.5647 2.0000 
908 909 7 -1.6556 3.4148 -7.2449 -1.7343 3.5782 -7.3291 0.0932 0.2000 0.4314 0.3922 0.1961 11.6734 2.0000 
909 910 7 -1.7343 3.5782 -7.3291 -1.8115 3.7451 -7.4078 0.0932 0.2000 0.4314 0.3922 0.1961 11.7829 2.0000 
910 911 7 -1.8115 3.7451 -7.4078 -1.8894 3.9130 -7.4834 0.0932 0.2000 0.4314 0.3922 0.1961 11.8933 2.0000 
911 912 7 -1.8894 3.9130 -7.4834 -1.9335 4.0697 -7.5997 0.0932 0.2000 0.4314 0.3922 0.1961 12.0046 2.0000 
912 913 7 -1.9335 4.0697 -7.5997 -1.9709 4.2200 -7.7262 0.0932 0.2000 0.4314 0.3922 0.1961 12.1167 2.0000 
913 914 7 -1.9709 4.2200 -7.7262 -2.0098 4.3677 -7.8553 0.0932 0.2000 0.4314 0.3922 0.1961 12.2297 2.0000 
914 915 7 -2.0098 4.3677 -7.8553 -2.0906 4.4922 -7.9894 0.0932 0.2000 0.4314 0.3922 0.1961 12.3437 2.0000 
915 916 7 -2.0906 4.4922 -7.9894 -2.1608 4.5969 -8.1447 0.0932 0.2000 0.4314 0.3922 0.1961 12.4585 2.0000 
916 917 7 -2.1608 4.5969 -8.1447 -2.2047 4.7091 -8.3043 0.0932 0.2000 0.4314 0.3922 0.1961 12.5743 2.0000 
917 918 7 -2.2047 4.7091 -8.3043 -2.2536 4.8162 -8.4659 0.0932 0.2000 0.4314 0.3922 0.1961 12.6911 2.0000 
918 919 7 -2.2536 4.8162 -8.4659 -2.3298 4.9253 -8.6153 0.0932 0.2000 0.4314 0.3922 0.1961 12.8088 2.0000 
919 920 7 -2.3298 4.9253 -8.6153 -2.3951 5.0275 -8.7743 0.0932 0.2000 0.4314 0.3922 0.1961 12.9275 2.0000 
920 921 7 -2.3951 5.0275 -8.7743 -2.4660 5.1198 -8.9369 0.0932 0.2000 0.4314 0.3922 0.1961 13.0473 2.0000 
921 922 7 -2.4660 5.1198 -8.9369 -2.5366 5.1924 -9.1094 0.0932 0.2000 0.4314 0.3922 0.1961 13.1680 2.0000 
922 923 7 -2.5366 5.1924 -9.1094 -2.6092 5.1907 -9.2958 0.0932 0.2000 0.4314 0.3922 0.1961 13.2898 2.0000 
923 924 7 -2.6092 5.1907 -9.2958 -2.6812 5.1835 -9.4822 0.0932 0.2000 0.4314 0.3922 0.1961 13.4126 2.0000 
924 925 7 -2.6812 5.1835 -9.4822 -2.7236 5.1933 -9.6774 0.0932 0.2000 0.4314 0.3922 0.1961 13.5365 2.0000 
925 926 7 -2.7236 5.1933 -9.6774 -2.7482 5.2043 -9.8756 0.0932 0.2000 0.4314 0.3922 0.1961 13.6615 2.0000 
926 927 7 -2.7482 5.2043 -9.8756 -2.7114 5.2395 -10.0690 0.0932 0.2000 0.4314 0.3922 0.1961 13.7877 2.0000 
927 928 7 -2.7114 5.2395 -10.0690 -2.6926 5.2522 -10.2677 0.0932 0.2000 0.4314 0.3922 0.1961 13.9149 2.0000 
928 929 7 -2.6926 5.2522 -10.2677 -2.6890 5.2606 -10.4675 0.0932 0.2000 0.4314 0.3922 0.1961 14.0433 2.0000 
929 930 7 -2.6890 5.2606 -10.4675 -2.6676 5.2604 -10.6664 0.0932 0.2000 0.4314 0.3922 0.1961 14.1729 2.0000 
930 931 7 -2.6676 5.2604 -10.6664 -2.6519 5.2499 -10.8655 0.0932 0.2000 0.4314 0.3922 0.1961 14.3037 2.0000 
931 932 7 -2.6519 5.2499 -10.8655 -2.6267 5.2626 -11.0635 0.0932 0.2000 0.4314 0.3922 0.1961 14.4357 2.0000 
932 933 7 -2.6267 5.2626 -11.0635 -2.6010 5.2754 -11.2614 0.0932 0.2000 0.4314 0.3922 0.1961 14.5690 2.0000 
933 934 7 -2.6010 5.2754 -11.2614 -2.5766 5.2953 -11.4589 0.0932 0.2000 0.4314 0.3922 0.1961 14.7035 2.0000 
934 935 7 -2.5766 5.2953 -11.4589 -2.5556 5.3125 -11.6571 0.0932 0.2000 0.4314 0.3922 0.1961 14.8393 2.0000 
935 936 7 -2.5556 5.3125 -11.6571 -2.5525 5.3225 -11.8568 0.0932 0.2000 0.4314 0.3922 0.1961 14.9764 2.0000 
936 937 7 -2.5525 5.3225 -11.8568 -2.5842 5.3353 -12.0539 0.0932 0.2000 0.4314 0.3922 0.1961 15.1149 2.0000 
937 938 7 -2.5842 5.3353 -12.0539 -2.5869 5.3550 -12.2529 0.0932 0.2000 0.4314 0.3922 0.1961 15.2548 2.0000 
938 939 7 -2.5869 5.3550 -12.2529 -2.5762 5.4006 -12.4473 0.0932 0.2000 0.4314 0.3922 0.1961 15.3960 2.0000 
939 940 7 -2.5762 5.4006 -12.4473 -2.5461 5.4220 -12.6439 0.0932 0.2000 0.4314 0.3922 0.1961 15.5386 2.0000 
940 941 7 -2.5461 5.4220 -12.6439 -2.5013 5.4239 -12.8388 0.0932 0.2000 0.4314 0.3922 0.1961 15.6828 2.0000 
941 942 7 -2.5013 5.4239 -12.8388 -2.4567 5.4245 -13.0337 0.0932 0.2000 0.4314 0.3922 0.1961 15.8284 2.0000 
942 943 7 -2.4567 5.4245 -13.0337 -2.3944 5.4308 -13.2237 0.0932 0.2000 0.4314 0.3922 0.1961 15.9755 2.0000 
943 944 7 -2.3944 5.4308 -13.2237 -2.3370 5.4566 -13.4135 0.0932 0.2000 0.4314 0.3922 0.1961 16.1241 2.0000 
944 945 7 -2.3370 5.4566 -13.4135 -2.2788 5.4815 -13.6032 0.0932 0.2000 0.4314 0.3922 0.1961 16.2744 2.0000 
945 946 7 -2.2788 5.4815 -13.6032 -2.2697 5.5045 -13.8017 0.0932 0.2000 0.4314 0.3922 0.1961 16.4262 2.0000 
946 947 7 -2.2697 5.5045 -13.8017 -2.2651 5.5233 -14.0008 0.0932 0.2000 0.4314 0.3922 0.1961 16.5797 2.0000 
947 948 7 -2.2651 5.5233 -14.0008 -2.2894 5.5606 -14.1957 0.0932 0.2000 0.4314 0.3922 0.1961 16.7349 2.0000 
948 949 7 -2.2894 5.5606 -14.1957 -2.3105 5.5977 -14.3911 0.0932 0.2000 0.4314 0.3922 0.1961 16.8918 2.0000 
949 950 7 -2.3105 5.5977 -14.3911 -2.3266 5.6343 -14.5871 0.0932 0.2000 0.4314 0.3922 0.1961 17.0504 2.0000 
950 951 7 -2.3266 5.6343 -14.5871 -2.3400 5.6678 -14.7838 0.0932 0.2000 0.4314 0.3922 0.1961 17.2109 2.0000 
951 952 7 -2.3400 5.6678 -14.7838 -2.3549 5.6962 -14.9812 0.0932 0.2000 0.4314 0.3922 0.1961 17.3732 2.0000 
952 953 7 -2.3549 5.6962 -14.9812 -2.3556 5.6807 -15.1806 0.0932 0.2000 0.4314 0.3922 0.1961 17.5374 2.0000 
953 954 7 -2.3556 5.6807 -15.1806 -2.3152 5.6537 -15.3746 0.0932 0.2000 0.4314 0.3922 0.1961 17.7035 2.0000 
954 955 7 -2.3152 5.6537 -15.3746 -2.2816 5.6293 -15.5703 0.0932 0.2000 0.4314 0.3922 0.1961 17.8716 2.0000 
955 956 7 -2.2816 5.6293 -15.5703 -2.2474 5.6114 -15.7665 0.0932 0.2000 0.4314 0.3922 0.1961 18.0417 2.0000 
956 957 7 -2.2474 5.6114 -15.7665 -2.1957 5.5820 -15.9575 0.0932 0.2000 0.4314 0.3922 0.1961 18.2138 2.0000 
957 958 7 -2.1957 5.5820 -15.9575 -2.1513 5.5809 -16.1525 0.0932 0.2000 0.4314 0.3922 0.1961 18.3881 2.0000 
958 959 7 -2.1513 5.5809 -16.1525 -2.1037 5.5810 -16.3467 0.0932 0.2000 0.4314 0.3922 0.1961 18.5646 2.0000 
959 960 7 -2.1037 5.5810 -16.3467 -2.0473 5.6003 -16.5376 0.0932 0.2000 0.4314 0.3922 0.1961 18.7433 2.0000 
960 961 7 -2.0473 5.6003 -16.5376 -1.9925 5.6048 -16.7299 0.0932 0.2000 0.4314 0.3922 0.1961 18.9243 2.0000 
961 962 7 -1.9925 5.6048 -16.7299 -1.9561 5.5911 -16.9261 0.0932 0.2000 0.4314 0.3922 0.1961 19.1076 2.0000 
962 963 7 -1.9561 5.5911 -16.9261 -1.9144 5.5816 -17.1215 0.0932 0.2000 0.4314 0.3922 0.1961 19.2934 2.0000 
963 964 7 -1.9144 5.5816 -17.1215 -1.8802 5.5709 -17.3182 0.0932 0.2000 0.4314 0.3922 0.1961 19.4816 2.0000 
964 965 7 -1.8802 5.5709 -17.3182 -1.8567 5.5338 -17.5134 0.0932 0.2000 0.4314 0.3922 0.1961 19.6723 2.0000 
965 966 7 -1.8567 5.5338 -17.5134 -1.8102 5.5101 -17.7064 0.0932 0.2000 0.4314 0.3922 0.1961 19.8657 2.0000 
966 967 7 -1.8102 5.5101 -17.7064 -1.8017 5.4820 -17.9043 0.0932 0.2000 0.4314 0.3922 0.1961 20.0617 2.0000 
967 968 7 -1.8017 5.4820 -17.9043 -1.7815 5.4421 -18.0992 0.0932 0.2000 0.4314 0.3922 0.1961 20.2605 2.0000 
968 969 7 -1.7815 5.4421 -18.0992 -1.7654 5.4339 -18.2984 0.0932 0.2000 0.4314 0.3922 0.1961 20.4621 2.0000 
969 970 7 -1.7654 5.4339 -18.2984 -1.7529 5.4057 -18.4960 0.0932 0.2000 0.4314 0.3922 0.1961 20.6666 2.0000 
970 971 7 -1.7529 5.4057 -18.4960 -1.7395 5.4316 -18.6939 0.0932 0.2000 0.4314 0.3922 0.1961 20.8742 2.0000 
971 972 7 -1.7395 5.4316 -18.6939 -1.7357 5.4369 -18.8938 0.0932 0.2000 0.4314 0.3922 0.1961 21.0848 2.0000 
972 973 7 -1.7357 5.4369 -18.8938 -1.7304 5.4241 -19.0933 0.0932 0.2000 0.4314 0.3922 0.1961 21.2986 2.0000 
973 974 7 -1.7304 5.4241 -19.0933 -1.7252 5.4111 -19.2928 0.0932 0.2000 0.4314 0.3922 0.1961 21.5157 2.0000 
974 975 7 -1.7252 5.4111 -19.2928 -1.7210 5.3975 -19.4923 0.0932 0.2000 0.4314 0.3922 0.1961 21.7362 2.0000 
975 976 7 -1.7210 5.3975 -19.4923 -1.7168 5.3838 -19.6918 0.0932 0.2000 0.4314 0.3922 0.1961 21.9601 2.0000 
976 977 7 -1.7168 5.3838 -19.6918 -1.6982 5.3623 -19.8897 0.0932 0.2000 0.4314 0.3922 0.1961 22.1877 2.0000 
977 978 7 -1.6982 5.3623 -19.8897 -1.6623 5.3576 -20.0864 0.0932 0.2000 0.4314 0.3922 0.1961 22.4190 2.0000 
978 979 7 -1.6623 5.3576 -20.0864 -1.6275 5.3526 -20.2833 0.0932 0.2000 0.4314 0.3922 0.1961 22.6541 2.0000 
979 980 7 -1.6275 5.3526 -20.2833 -1.6055 5.3094 -20.4773 0.0932 0.2000 0.4314 0.3922 0.1961 22.8932 2.0000 
980 981 7 -1.6055 5.3094 -20.4773 -1.6069 5.2607 -20.6713 0.0932 0.2000 0.4314 0.3922 0.1961 23.1364 2.0000 
981 982 7 -1.6069 5.2607 -20.6713 -1.5955 5.2374 -20.8696 0.0932 0.2000 0.4314 0.3922 0.1961 23.3839 2.0000 
982 983 7 -1.5955 5.2374 -20.8696 -1.5966 5.2104 -21.0678 0.0932 0.2000 0.4314 0.3922 0.1961 23.6358 2.0000 
983 984 7 -1.5966 5.2104 -21.0678 -1.6287 5.2242 -21.2647 0.0932 0.2000 0.4314 0.3922 0.1961 23.8922 2.0000 
984 985 7 -1.6287 5.2242 -21.2647 -1.6808 5.2292 -21.4578 0.0932 0.2000 0.4314 0.3922 0.1961 24.1534 2.0000 
985 986 7 -1.6808 5.2292 -21.4578 -1.7011 5.2186 -21.6565 0.0932 0.2000 0.4314 0.3922 0.1961 24.4195 2.0000 
986 987 7 -1.7011 5.2186 -21.6565 -1.7396 5.2152 -21.8527 0.0932 0.2000 0.4314 0.3922 0.1961 24.6906 2.0000 
987 988 7 -1.7396 5.2152 -21.8527 -1.7793 5.2106 -22.0487 0.0932 0.2000 0.4314 0.3922 0.1961 24.9671 2.0000 
988 989 7 -1.7793 5.2106 -22.0487 -1.8047 5.2676 -22.2387 0.0932 0.2000 0.4314 0.3922 0.1961 25.2491 2.0000 
989 990 7 -1.8047 5.2676 -22.2387 -1.8005 5.3196 -22.4317 0.0932 0.2000 0.4314 0.3922 0.1961 25.5369 2.0000 
990 991 7 -1.8005 5.3196 -22.4317 -1.8250 5.3694 -22.6239 0.0932 0.2000 0.4314 0.3922 0.1961 25.8306 2.0000 
991 992 7 -1.8250 5.3694 -22.6239 -1.8518 5.4250 -22.8141 0.0932 0.2000 0.4314 0.3922 0.1961 26.1305 2.0000 
992 993 7 -1.8518 5.4250 -22.8141 -1.8867 5.4880 -23.0007 0.0932 0.2000 0.4314 0.3922 0.1961 26.4369 2.0000 
993 994 7 -1.8867 5.4880 -23.0007 -1.9324 5.5334 -23.1900 0.0932 0.2000 0.4314 0.3922 0.1961 26.7502 2.0000 
994 995 7 -1.9324 5.5334 -23.1900 -1.9834 5.5671 -23.3805 0.0932 0.2000 0.4314 0.3922 0.1961 27.0705 2.0000 
995 996 7 -1.9834 5.5671 -23.3805 -2.0316 5.5945 -23.5726 0.0932 0.2000 0.4314 0.3922 0.1961 27.3982 2.0000 
996 997 7 -2.0316 5.5945 -23.5726 -2.0716 5.6128 -23.7677 0.0932 0.2000 0.4314 0.3922 0.1961 27.7337 2.0000 
997 998 7 -2.0716 5.6128 -23.7677 -2.0993 5.6497 -23.9624 0.0932 0.2000 0.4314 0.3922 0.1961 28.0773 2.0000 
998 999 7 -2.0993 5.6497 -23.9624 -2.0772 5.6565 -24.1610 0.0932 0.2000 0.4314 0.3922 0.1961 28.4296 2.0000 
999 1000 7 -2.0772 5.6565 -24.1610 -2.0458 5.6926 -24.3552 0.0932 0.2000 0.4314 0.3922 0.1961 28.7908 2.0000 
1000 1001 7 -2.0458 5.6926 -24.3552 -2.0171 5.7353 -24.5485 0.0932 0.2000 0.4314 0.3922 0.1961 29.1614 2.0000 
1001 1002 7 -2.0171 5.7353 -24.5485 -1.9890 5.7775 -24.7419 0.0932 0.2000 0.4314 0.3922 0.1961 29.5420 2.0000 
1002 1003 7 -1.9890 5.7775 -24.7419 -1.9826 5.8122 -24.9388 0.0932 0.2000 0.4314 0.3922 0.1961 29.9332 2.0000 
1003 1004 7 -1.9826 5.8122 -24.9388 -1.9821 5.8182 -24.9719 0.0932 0.0336 0.4314 0.3922 0.1961 30.0000 2.0000 
19 1005 8 0.0974 0.0450 -5.8864 0.1801 -0.1260 -5.9492 0.0581 0.2000 0.4314 0.3922 0.1961 9.9170 2.0000 
1005 1006 8 0.1801 -0.1260 -5.9492 0.2629 -0.2963 -6.0134 0.0581 0.2000 0.4314 0.3922 0.1961 10.0120 2.0000 
1006 1007 8 0.2629 -0.2963 -6.0134 0.3767 -0.4255 -6.1152 0.0581 0.2000 0.4314 0.3922 0.1961 10.1077 2.0000 
1007 1008 8 0.3767 -0.4255 -6.1152 0.4625 -0.5602 -6.2356 0.0581 0.2000 0.4314 0.3922 0.1961 10.2041 2.0000 
1008 1009 8 0.4625 -0.5602 -6.2356 0.5315 -0.6767 -6.3828 0.0581 0.2000 0.4314 0.3922 0.1961 10.3011 2.0000 
1009 1010 8 0.5315 -0.6767 -6.3828 0.6015 -0.7925 -6.5301 0.0581 0.2000 0.4314 0.3922 0.1961 10.3988 2.0000 
1010 1011 8 0.6015 -0.7925 -6.5301 0.6512 -0.9356 -6.6606 0.0581 0.2000 0.4314 0.3922 0.1961 10.4972 2.0000 
1011 1012 8 0.6512 -0.9356 -6.6606 0.6976 -1.0733 -6.7981 0.0581 0.2000 0.4314 0.3922 0.1961 10.5963 2.0000 
1012 1013 8 0.6976 -1.0733 -6.7981 0.7567 -1.2001 -6.9410 0.0581 0.2000 0.4314 0.3922 0.1961 10.6960 2.0000 
1013 1014 8 0.7567 -1.2001 -6.9410 0.8153 -1.3274 -7.0837 0.0581 0.2000 0.4314 0.3922 0.1961 10.7966 2.0000 
1014 1015 8 0.8153 -1.3274 -7.0837 0.8713 -1.4533 -7.2287 0.0581 0.2000 0.4314 0.3922 0.1961 10.8978 2.0000 
1015 1016 8 0.8713 -1.4533 -7.2287 0.9177 -1.5656 -7.3875 0.0581 0.2000 0.4314 0.3922 0.1961 10.9998 2.0000 
1016 1017 8 0.9177 -1.5656 -7.3875 0.9665 -1.6767 -7.5465 0.0581 0.2000 0.4314 0.3922 0.1961 11.1025 2.0000 
1017 1018 8 0.9665 -1.6767 -7.5465 0.9848 -1.8033 -7.7002 0.0581 0.2000 0.4314 0.3922 0.1961 11.2060 2.0000 
1018 1019 8 0.9848 -1.8033 -7.7002 1.0027 -1.9252 -7.8578 0.0581 0.2000 0.4314 0.3922 0.1961 11.3102 2.0000 
1019 1020 8 1.0027 -1.9252 -7.8578 1.0476 -1.9841 -8.0436 0.0581 0.2000 0.4314 0.3922 0.1961 11.4152 2.0000 
1020 1021 8 1.0476 -1.9841 -8.0436 1.1289 -1.9653 -8.2254 0.0581 0.2000 0.4314 0.3922 0.1961 11.5211 2.0000 
1021 1022 8 1.1289 -1.9653 -8.2254 1.1854 -1.9571 -8.4170 0.0581 0.2000 0.4314 0.3922 0.1961 11.6277 2.0000 
1022 1023 8 1.1854 -1.9571 -8.4170 1.1969 -1.9567 -8.6167 0.0581 0.2000 0.4314 0.3922 0.1961 11.7352 2.0000 
1023 1024 8 1.1969 -1.9567 -8.6167 1.2509 -1.9643 -8.8091 0.0581 0.2000 0.4314 0.3922 0.1961 11.8434 2.0000 
1024 1025 8 1.2509 -1.9643 -8.8091 1.3308 -2.0031 -8.9883 0.0581 0.2000 0.4314 0.3922 0.1961 11.9526 2.0000 
1025 1026 8 1.3308 -2.0031 -8.9883 1.4252 -2.0442 -9.1598 0.0581 0.2000 0.4314 0.3922 0.1961 12.0626 2.0000 
1026 1027 8 1.4252 -2.0442 -9.1598 1.5289 -2.0870 -9.3253 0.0581 0.2000 0.4314 0.3922 0.1961 12.1734 2.0000 
1027 1028 8 1.5289 -2.0870 -9.3253 1.6328 -2.1360 -9.4891 0.0581 0.2000 0.4314 0.3922 0.1961 12.2852 2.0000 
1028 1029 8 1.6328 -2.1360 -9.4891 1.7641 -2.1331 -9.6399 0.0581 0.2000 0.4314 0.3922 0.1961 12.3978 2.0000 
1029 1030 8 1.7641 -2.1331 -9.6399 1.8937 -2.1263 -9.7921 0.0581 0.2000 0.4314 0.3922 0.1961 12.5113 2.0000 
1030 1031 8 1.8937 -2.1263 -9.7921 2.0263 -2.1325 -9.9417 0.0581 0.2000 0.4314 0.3922 0.1961 12.6258 2.0000 
1031 1032 8 2.0263 -2.1325 -9.9417 2.1646 -2.0962 -10.0816 0.0581 0.2000 0.4314 0.3922 0.1961 12.7413 2.0000 
1032 1033 8 2.1646 -2.0962 -10.0816 2.2765 -2.0335 -10.2350 0.0581 0.2000 0.4314 0.3922 0.1961 12.8576 2.0000 
1033 1034 8 2.2765 -2.0335 -10.2350 2.3878 -1.9809 -10.3926 0.0581 0.2000 0.4314 0.3922 0.1961 12.9750 2.0000 
1034 1035 8 2.3878 -1.9809 -10.3926 2.5154 -1.9256 -10.5364 0.0581 0.2000 0.4314 0.3922 0.1961 13.0934 2.0000 
1035 1036 8 2.5154 -1.9256 -10.5364 2.6501 -1.9023 -10.6823 0.0581 0.2000 0.4314 0.3922 0.1961 13.2127 2.0000 
1036 1037 8 2.6501 -1.9023 -10.6823 2.7844 -1.8806 -10.8290 0.0581 0.2000 0.4314 0.3922 0.1961 13.3331 2.0000 
1037 1038 8 2.7844 -1.8806 -10.8290 2.9040 -1.8680 -10.9888 0.0581 0.2000 0.4314 0.3922 0.1961 13.4546 2.0000 
1038 1039 8 2.9040 -1.8680 -10.9888 3.0214 -1.8683 -11.1507 0.0581 0.2000 0.4314 0.3922 0.1961 13.5771 2.0000 
1039 1040 8 3.0214 -1.8683 -11.1507 3.1369 -1.8599 -11.3138 0.0581 0.2000 0.4314 0.3922 0.1961 13.7006 2.0000 
1040 1041 8 3.1369 -1.8599 -11.3138 3.2720 -1.8641 -11.4611 0.0581 0.2000 0.4314 0.3922 0.1961 13.8253 2.0000 
1041 1042 8 3.2720 -1.8641 -11.4611 3.4131 -1.8729 -11.6026 0.0581 0.2000 0.4314 0.3922 0.1961 13.9511 2.0000 
1042 1043 8 3.4131 -1.8729 -11.6026 3.5487 -1.8966 -11.7477 0.0581 0.2000 0.4314 0.3922 0.1961 14.0781 2.0000 
1043 1044 8 3.5487 -1.8966 -11.7477 3.6770 -1.9128 -11.9002 0.0581 0.2000 0.4314 0.3922 0.1961 14.2062 2.0000 
1044 1045 8 3.6770 -1.9128 -11.9002 3.7907 -1.9273 -12.0642 0.0581 0.2000 0.4314 0.3922 0.1961 14.3355 2.0000 
1045 1046 8 3.7907 -1.9273 -12.0642 3.9251 -1.8987 -12.2095 0.0581 0.2000 0.4314 0.3922 0.1961 14.4660 2.0000 
1046 1047 8 3.9251 -1.8987 -12.2095 4.0608 -1.8712 -12.3538 0.0581 0.2000 0.4314 0.3922 0.1961 14.5977 2.0000 
1047 1048 8 4.0608 -1.8712 -12.3538 4.2070 -1.8715 -12.4903 0.0581 0.2000 0.4314 0.3922 0.1961 14.7307 2.0000 
1048 1049 8 4.2070 -1.8715 -12.4903 4.3693 -1.9026 -12.6029 0.0581 0.2000 0.4314 0.3922 0.1961 14.8649 2.0000 
1049 1050 8 4.3693 -1.9026 -12.6029 4.5197 -1.9458 -12.7275 0.0581 0.2000 0.4314 0.3922 0.1961 15.0004 2.0000 
1050 1051 8 4.5197 -1.9458 -12.7275 4.6709 -1.9890 -12.8511 0.0581 0.2000 0.4314 0.3922 0.1961 15.1373 2.0000 
1051 1052 8 4.6709 -1.9890 -12.8511 4.8427 -2.0285 -12.9455 0.0581 0.2000 0.4314 0.3922 0.1961 15.2755 2.0000 
1052 1053 8 4.8427 -2.0285 -12.9455 5.0125 -2.0697 -13.0428 0.0581 0.2000 0.4314 0.3922 0.1961 15.4152 2.0000 
1053 1054 8 5.0125 -2.0697 -13.0428 5.1718 -2.1050 -13.1585 0.0581 0.2000 0.4314 0.3922 0.1961 15.5562 2.0000 
1054 1055 8 5.1718 -2.1050 -13.1585 5.3116 -2.1586 -13.2911 0.0581 0.2000 0.4314 0.3922 0.1961 15.6986 2.0000 
1055 1056 8 5.3116 -2.1586 -13.2911 5.4516 -2.1589 -13.4339 0.0581 0.2000 0.4314 0.3922 0.1961 15.8425 2.0000 
1056 1057 8 5.4516 -2.1589 -13.4339 5.5914 -2.1660 -13.5768 0.0581 0.2000 0.4314 0.3922 0.1961 15.9879 2.0000 
1057 1058 8 5.5914 -2.1660 -13.5768 5.7101 -2.1798 -13.7372 0.0581 0.2000 0.4314 0.3922 0.1961 16.1349 2.0000 
1058 1059 8 5.7101 -2.1798 -13.7372 5.8433 -2.1845 -13.8863 0.0581 0.2000 0.4314 0.3922 0.1961 16.2834 2.0000 
1059 1060 8 5.8433 -2.1845 -13.8863 5.9958 -2.1743 -14.0153 0.0581 0.2000 0.4314 0.3922 0.1961 16.4334 2.0000 
1060 1061 8 5.9958 -2.1743 -14.0153 6.1254 -2.1811 -14.1674 0.0581 0.2000 0.4314 0.3922 0.1961 16.5852 2.0000 
1061 1062 8 6.1254 -2.1811 -14.1674 6.2408 -2.1956 -14.3302 0.0581 0.2000 0.4314 0.3922 0.1961 16.7385 2.0000 
1062 1063 8 6.2408 -2.1956 -14.3302 6.3152 -2.2232 -14.5137 0.0581 0.2000 0.4314 0.3922 0.1961 16.8936 2.0000 
1063 1064 8 6.3152 -2.2232 -14.5137 6.3820 -2.2529 -14.6999 0.0581 0.2000 0.4314 0.3922 0.1961 17.0504 2.0000 
1064 1065 8 6.3820 -2.2529 -14.6999 6.4328 -2.3059 -14.8860 0.0581 0.2000 0.4314 0.3922 0.1961 17.2090 2.0000 
1065 1066 8 6.4328 -2.3059 -14.8860 6.4773 -2.3497 -15.0760 0.0581 0.2000 0.4314 0.3922 0.1961 17.3694 2.0000 
1066 1067 8 6.4773 -2.3497 -15.0760 6.5258 -2.3914 -15.2654 0.0581 0.2000 0.4314 0.3922 0.1961 17.5317 2.0000 
1067 1068 8 6.5258 -2.3914 -15.2654 6.5833 -2.4764 -15.4371 0.0581 0.2000 0.4314 0.3922 0.1961 17.6958 2.0000 
1068 1069 8 6.5833 -2.4764 -15.4371 6.6249 -2.5268 -15.6261 0.0581 0.2000 0.4314 0.3922 0.1961 17.8619 2.0000 
1069 1070 8 6.6249 -2.5268 -15.6261 6.6373 -2.5660 -15.8219 0.0581 0.2000 0.4314 0.3922 0.1961 18.0301 2.0000 
1070 1071 8 6.6373 -2.5660 -15.8219 6.6601 -2.6031 -16.0170 0.0581 0.2000 0.4314 0.3922 0.1961 18.2002 2.0000 
1071 1072 8 6.6601 -2.6031 -16.0170 6.6827 -2.6411 -16.2121 0.0581 0.2000 0.4314 0.3922 0.1961 18.3725 2.0000 
1072 1073 8 6.6827 -2.6411 -16.2121 6.7069 -2.6802 -16.4068 0.0581 0.2000 0.4314 0.3922 0.1961 18.5469 2.0000 
1073 1074 8 6.7069 -2.6802 -16.4068 6.6696 -2.7349 -16.5955 0.0581 0.2000 0.4314 0.3922 0.1961 18.7234 2.0000 
1074 1075 8 6.6696 -2.7349 -16.5955 6.6339 -2.7906 -16.7842 0.0581 0.2000 0.4314 0.3922 0.1961 18.9023 2.0000 
1075 1076 8 6.6339 -2.7906 -16.7842 6.5963 -2.8420 -16.9738 0.0581 0.2000 0.4314 0.3922 0.1961 19.0835 2.0000 
1076 1077 8 6.5963 -2.8420 -16.9738 6.5892 -2.8947 -17.1666 0.0581 0.2000 0.4314 0.3922 0.1961 19.2670 2.0000 
1077 1078 8 6.5892 -2.8947 -17.1666 6.5929 -2.9057 -17.3663 0.0581 0.2000 0.4314 0.3922 0.1961 19.4530 2.0000 
1078 1079 8 6.5929 -2.9057 -17.3663 6.6093 -2.9045 -17.5656 0.0581 0.2000 0.4314 0.3922 0.1961 19.6415 2.0000 
1079 1080 8 6.6093 -2.9045 -17.5656 6.6080 -2.8952 -17.7654 0.0581 0.2000 0.4314 0.3922 0.1961 19.8325 2.0000 
1080 1081 8 6.6080 -2.8952 -17.7654 6.6041 -2.8795 -17.9647 0.0581 0.2000 0.4314 0.3922 0.1961 20.0262 2.0000 
1081 1082 8 6.6041 -2.8795 -17.9647 6.6174 -2.8686 -18.1640 0.0581 0.2000 0.4314 0.3922 0.1961 20.2227 2.0000 
1082 1083 8 6.6174 -2.8686 -18.1640 6.6453 -2.8773 -18.3618 0.0581 0.2000 0.4314 0.3922 0.1961 20.4219 2.0000 
1083 1084 8 6.6453 -2.8773 -18.3618 6.6704 -2.8915 -18.5597 0.0581 0.2000 0.4314 0.3922 0.1961 20.6240 2.0000 
1084 1085 8 6.6704 -2.8915 -18.5597 6.7134 -2.9384 -18.7494 0.0581 0.2000 0.4314 0.3922 0.1961 20.8290 2.0000 
1085 1086 8 6.7134 -2.9384 -18.7494 6.7116 -2.9847 -18.9439 0.0581 0.2000 0.4314 0.3922 0.1961 21.0371 2.0000 
1086 1087 8 6.7116 -2.9847 -18.9439 6.7279 -3.0682 -19.1249 0.0581 0.2000 0.4314 0.3922 0.1961 21.2484 2.0000 
1087 1088 8 6.7279 -3.0682 -19.1249 6.7256 -3.1457 -19.3093 0.0581 0.2000 0.4314 0.3922 0.1961 21.4629 2.0000 
1088 1089 8 6.7256 -3.1457 -19.3093 6.7283 -3.2193 -19.4952 0.0581 0.2000 0.4314 0.3922 0.1961 21.6807 2.0000 
1089 1090 8 6.7283 -3.2193 -19.4952 6.6983 -3.2651 -19.6876 0.0581 0.2000 0.4314 0.3922 0.1961 21.9019 2.0000 
1090 1091 8 6.6983 -3.2651 -19.6876 6.6772 -3.3052 -19.8824 0.0581 0.2000 0.4314 0.3922 0.1961 22.1268 2.0000 
1091 1092 8 6.6772 -3.3052 -19.8824 6.6707 -3.3383 -20.0795 0.0581 0.2000 0.4314 0.3922 0.1961 22.3552 2.0000 
1092 1093 8 6.6707 -3.3383 -20.0795 6.6623 -3.3737 -20.2762 0.0581 0.2000 0.4314 0.3922 0.1961 22.5875 2.0000 
1093 1094 8 6.6623 -3.3737 -20.2762 6.6579 -3.4088 -20.4730 0.0581 0.2000 0.4314 0.3922 0.1961 22.8237 2.0000 
1094 1095 8 6.6579 -3.4088 -20.4730 6.6980 -3.4172 -20.6688 0.0581 0.2000 0.4314 0.3922 0.1961 23.0640 2.0000 
1095 1096 8 6.6980 -3.4172 -20.6688 6.7402 -3.4152 -20.8643 0.0581 0.2000 0.4314 0.3922 0.1961 23.3084 2.0000 
1096 1097 8 6.7402 -3.4152 -20.8643 6.7615 -3.4184 -21.0631 0.0581 0.2000 0.4314 0.3922 0.1961 23.5572 2.0000 
1097 1098 8 6.7615 -3.4184 -21.0631 6.7720 -3.4022 -21.2622 0.0581 0.2000 0.4314 0.3922 0.1961 23.8105 2.0000 
1098 1099 8 6.7720 -3.4022 -21.2622 6.7976 -3.3779 -21.4591 0.0581 0.2000 0.4314 0.3922 0.1961 24.0685 2.0000 
1099 1100 8 6.7976 -3.3779 -21.4591 6.8459 -3.3159 -21.6429 0.0581 0.2000 0.4314 0.3922 0.1961 24.3313 2.0000 
1100 1101 8 6.8459 -3.3159 -21.6429 6.9130 -3.2978 -21.8305 0.0581 0.2000 0.4314 0.3922 0.1961 24.5991 2.0000 
1101 1102 8 6.9130 -3.2978 -21.8305 6.9804 -3.2798 -22.0179 0.0581 0.2000 0.4314 0.3922 0.1961 24.8722 2.0000 
1102 1103 8 6.9804 -3.2798 -22.0179 7.0160 -3.2383 -22.2103 0.0581 0.2000 0.4314 0.3922 0.1961 25.1507 2.0000 
1103 1104 8 7.0160 -3.2383 -22.2103 7.0570 -3.2152 -22.4047 0.0581 0.2000 0.4314 0.3922 0.1961 25.4348 2.0000 
1104 1105 8 7.0570 -3.2152 -22.4047 7.1029 -3.1766 -22.5955 0.0581 0.2000 0.4314 0.3922 0.1961 25.7249 2.0000 
1105 1106 8 7.1029 -3.1766 -22.5955 7.1195 -3.0852 -22.7726 0.0581 0.2000 0.4314 0.3922 0.1961 26.0211 2.0000 
1106 1107 8 7.1195 -3.0852 -22.7726 7.1177 -3.0014 -22.9542 0.0581 0.2000 0.4314 0.3922 0.1961 26.3236 2.0000 
1107 1108 8 7.1177 -3.0014 -22.9542 7.1561 -2.9239 -23.1345 0.0581 0.2000 0.4314 0.3922 0.1961 26.6329 2.0000 
1108 1109 8 7.1561 -2.9239 -23.1345 7.2120 -2.8897 -23.3235 0.0581 0.2000 0.4314 0.3922 0.1961 26.9492 2.0000 
1109 1110 8 7.2120 -2.8897 -23.3235 7.2686 -2.8554 -23.5122 0.0581 0.2000 0.4314 0.3922 0.1961 27.2727 2.0000 
1110 1111 8 7.2686 -2.8554 -23.5122 7.3301 -2.7903 -23.6910 0.0581 0.2000 0.4314 0.3922 0.1961 27.6040 2.0000 
1111 1112 8 7.3301 -2.7903 -23.6910 7.3712 -2.7407 -23.8804 0.0581 0.2000 0.4314 0.3922 0.1961 27.9432 2.0000 
1112 1113 8 7.3712 -2.7407 -23.8804 7.4405 -2.7323 -24.0678 0.0581 0.2000 0.4314 0.3922 0.1961 28.2909 2.0000 
1113 1114 8 7.4405 -2.7323 -24.0678 7.4809 -2.6998 -24.2610 0.0581 0.2000 0.4314 0.3922 0.1961 28.6474 2.0000 
1114 1115 8 7.4809 -2.6998 -24.2610 7.5010 -2.6628 -24.4565 0.0581 0.2000 0.4314 0.3922 0.1961 29.0133 2.0000 
1115 1116 8 7.5010 -2.6628 -24.4565 7.5235 -2.6254 -24.6517 0.0581 0.2000 0.4314 0.3922 0.1961 29.3890 2.0000 
1116 1117 8 7.5235 -2.6254 -24.6517 7.5614 -2.5867 -24.8442 0.0581 0.2000 0.4314 0.3922 0.1961 29.7750 2.0000 
1117 1118 8 7.5614 -2.5867 -24.8442 7.5873 -2.5683 -24.9537 0.0581 0.1140 0.4314 0.3922 0.1961 30.0000 2.0000 
21 1119 9 0.1132 0.0085 -6.2390 0.0746 0.1813 -6.3321 0.0671 0.2000 0.4314 0.3922 0.1961 10.2555 2.0000 
1119 1120 9 0.0746 0.1813 -6.3321 0.0246 0.3589 -6.4091 0.0671 0.2000 0.4314 0.3922 0.1961 10.3561 2.0000 
1120 1121 9 0.0246 0.3589 -6.4091 -0.0152 0.5258 -6.5120 0.0671 0.2000 0.4314 0.3922 0.1961 10.4574 2.0000 
1121 1122 9 -0.0152 0.5258 -6.5120 -0.0572 0.6929 -6.6136 0.0671 0.2000 0.4314 0.3922 0.1961 10.5594 2.0000 
1122 1123 9 -0.0572 0.6929 -6.6136 -0.0592 0.8627 -6.7192 0.0671 0.2000 0.4314 0.3922 0.1961 10.6621 2.0000 
1123 1124 9 -0.0592 0.8627 -6.7192 -0.1253 1.0154 -6.8302 0.0671 0.2000 0.4314 0.3922 0.1961 10.7655 2.0000 
1124 1125 9 -0.1253 1.0154 -6.8302 -0.1910 1.1679 -6.9416 0.0671 0.2000 0.4314 0.3922 0.1961 10.8696 2.0000 
1125 1126 9 -0.1910 1.1679 -6.9416 -0.2546 1.3191 -7.0560 0.0671 0.2000 0.4314 0.3922 0.1961 10.9744 2.0000 
1126 1127 9 -0.2546 1.3191 -7.0560 -0.2959 1.4624 -7.1893 0.0671 0.2000 0.4314 0.3922 0.1961 11.0800 2.0000 
1127 1128 9 -0.2959 1.4624 -7.1893 -0.3450 1.5861 -7.3386 0.0671 0.2000 0.4314 0.3922 0.1961 11.1863 2.0000 
1128 1129 9 -0.3450 1.5861 -7.3386 -0.4269 1.6832 -7.4931 0.0671 0.2000 0.4314 0.3922 0.1961 11.2934 2.0000 
1129 1130 9 -0.4269 1.6832 -7.4931 -0.5094 1.7796 -7.6477 0.0671 0.2000 0.4314 0.3922 0.1961 11.4013 2.0000 
1130 1131 9 -0.5094 1.7796 -7.6477 -0.5853 1.8804 -7.8028 0.0671 0.2000 0.4314 0.3922 0.1961 11.5099 2.0000 
1131 1132 9 -0.5853 1.8804 -7.8028 -0.6548 1.9769 -7.9636 0.0671 0.2000 0.4314 0.3922 0.1961 11.6194 2.0000 
1132 1133 9 -0.6548 1.9769 -7.9636 -0.7180 2.0766 -8.1251 0.0671 0.2000 0.4314 0.3922 0.1961 11.7296 2.0000 
1133 1134 9 -0.7180 2.0766 -8.1251 -0.7954 2.2034 -8.2590 0.0671 0.2000 0.4314 0.3922 0.1961 11.8407 2.0000 
1134 1135 9 -0.7954 2.2034 -8.2590 -0.8615 2.3221 -8.4058 0.0671 0.2000 0.4314 0.3922 0.1961 11.9526 2.0000 
1135 1136 9 -0.8615 2.3221 -8.4058 -0.9273 2.4422 -8.5515 0.0671 0.2000 0.4314 0.3922 0.1961 12.0653 2.0000 
1136 1137 9 -0.9273 2.4422 -8.5515 -0.9762 2.5632 -8.7031 0.0671 0.2000 0.4314 0.3922 0.1961 12.1789 2.0000 
1137 1138 9 -0.9762 2.5632 -8.7031 -0.9979 2.6893 -8.8568 0.0671 0.2000 0.4314 0.3922 0.1961 12.2934 2.0000 
1138 1139 9 -0.9979 2.6893 -8.8568 -1.0134 2.8317 -8.9964 0.0671 0.2000 0.4314 0.3922 0.1961 12.4087 2.0000 
1139 1140 9 -1.0134 2.8317 -8.9964 -1.0420 2.9770 -9.1309 0.0671 0.2000 0.4314 0.3922 0.1961 12.5249 2.0000 
1140 1141 9 -1.0420 2.9770 -9.1309 -1.0735 3.1213 -9.2657 0.0671 0.2000 0.4314 0.3922 0.1961 12.6421 2.0000 
1141 1142 9 -1.0735 3.1213 -9.2657 -1.1040 3.2612 -9.4053 0.0671 0.2000 0.4314 0.3922 0.1961 12.7601 2.0000 
1142 1143 9 -1.1040 3.2612 -9.4053 -1.1080 3.3720 -9.5718 0.0671 0.2000 0.4314 0.3922 0.1961 12.8791 2.0000 
1143 1144 9 -1.1080 3.3720 -9.5718 -1.1161 3.4497 -9.7559 0.0671 0.2000 0.4314 0.3922 0.1961 12.9991 2.0000 
1144 1145 9 -1.1161 3.4497 -9.7559 -1.1002 3.5262 -9.9400 0.0671 0.2000 0.4314 0.3922 0.1961 13.1200 2.0000 
1145 1146 9 -1.1002 3.5262 -9.9400 -1.0818 3.6012 -10.1245 0.0671 0.2000 0.4314 0.3922 0.1961 13.2419 2.0000 
1146 1147 9 -1.0818 3.6012 -10.1245 -1.0320 3.6781 -10.3023 0.0671 0.2000 0.4314 0.3922 0.1961 13.3648 2.0000 
1147 1148 9 -1.0320 3.6781 -10.3023 -1.0034 3.7648 -10.4802 0.0671 0.2000 0.4314 0.3922 0.1961 13.4887 2.0000 
1148 1149 9 -1.0034 3.7648 -10.4802 -1.0050 3.8511 -10.6606 0.0671 0.2000 0.4314 0.3922 0.1961 13.6137 2.0000 
1149 1150 9 -1.0050 3.8511 -10.6606 -0.9678 3.9811 -10.8080 0.0671 0.2000 0.4314 0.3922 0.1961 13.7397 2.0000 
1150 1151 9 -0.9678 3.9811 -10.8080 -0.9307 4.1110 -10.9555 0.0671 0.2000 0.4314 0.3922 0.1961 13.8667 2.0000 
1151 1152 9 -0.9307 4.1110 -10.9555 -0.8831 4.2285 -11.1102 0.0671 0.2000 0.4314 0.3922 0.1961 13.9949 2.0000 
1152 1153 9 -0.8831 4.2285 -11.1102 -0.8406 4.3492 -11.2638 0.0671 0.2000 0.4314 0.3922 0.1961 14.1242 2.0000 
1153 1154 9 -0.8406 4.3492 -11.2638 -0.8270 4.4820 -11.4128 0.0671 0.2000 0.4314 0.3922 0.1961 14.2545 2.0000 
1154 1155 9 -0.8270 4.4820 -11.4128 -0.7751 4.6272 -11.5401 0.0671 0.2000 0.4314 0.3922 0.1961 14.3861 2.0000 
1155 1156 9 -0.7751 4.6272 -11.5401 -0.7384 4.7841 -11.6586 0.0671 0.2000 0.4314 0.3922 0.1961 14.5188 2.0000 
1156 1157 9 -0.7384 4.7841 -11.6586 -0.7276 4.9548 -11.7622 0.0671 0.2000 0.4314 0.3922 0.1961 14.6527 2.0000 
1157 1158 9 -0.7276 4.9548 -11.7622 -0.7187 5.1270 -11.8637 0.0671 0.2000 0.4314 0.3922 0.1961 14.7877 2.0000 
1158 1159 9 -0.7187 5.1270 -11.8637 -0.7088 5.2985 -11.9660 0.0671 0.2000 0.4314 0.3922 0.1961 14.9241 2.0000 
1159 1160 9 -0.7088 5.2985 -11.9660 -0.6987 5.4791 -12.0515 0.0671 0.2000 0.4314 0.3922 0.1961 15.0616 2.0000 
1160 1161 9 -0.6987 5.4791 -12.0515 -0.6777 5.6613 -12.1312 0.0671 0.2000 0.4314 0.3922 0.1961 15.2005 2.0000 
1161 1162 9 -0.6777 5.6613 -12.1312 -0.6533 5.8356 -12.2261 0.0671 0.2000 0.4314 0.3922 0.1961 15.3406 2.0000 
1162 1163 9 -0.6533 5.8356 -12.2261 -0.6345 6.0144 -12.3137 0.0671 0.2000 0.4314 0.3922 0.1961 15.4821 2.0000 
1163 1164 9 -0.6345 6.0144 -12.3137 -0.6090 6.2041 -12.3719 0.0671 0.2000 0.4314 0.3922 0.1961 15.6249 2.0000 
1164 1165 9 -0.6090 6.2041 -12.3719 -0.5695 6.3887 -12.4380 0.0671 0.2000 0.4314 0.3922 0.1961 15.7691 2.0000 
1165 1166 9 -0.5695 6.3887 -12.4380 -0.5339 6.5745 -12.5028 0.0671 0.2000 0.4314 0.3922 0.1961 15.9147 2.0000 
1166 1167 9 -0.5339 6.5745 -12.5028 -0.4740 6.7558 -12.5623 0.0671 0.2000 0.4314 0.3922 0.1961 16.0617 2.0000 
1167 1168 9 -0.4740 6.7558 -12.5623 -0.4205 6.9265 -12.6518 0.0671 0.2000 0.4314 0.3922 0.1961 16.2101 2.0000 
1168 1169 9 -0.4205 6.9265 -12.6518 -0.3630 7.0940 -12.7447 0.0671 0.2000 0.4314 0.3922 0.1961 16.3601 2.0000 
1169 1170 9 -0.3630 7.0940 -12.7447 -0.2900 7.2620 -12.8250 0.0671 0.2000 0.4314 0.3922 0.1961 16.5116 2.0000 
1170 1171 9 -0.2900 7.2620 -12.8250 -0.1867 7.4001 -12.9264 0.0671 0.2000 0.4314 0.3922 0.1961 16.6646 2.0000 
1171 1172 9 -0.1867 7.4001 -12.9264 -0.0832 7.5328 -13.0344 0.0671 0.2000 0.4314 0.3922 0.1961 16.8192 2.0000 
1172 1173 9 -0.0832 7.5328 -13.0344 0.0220 7.6550 -13.1526 0.0671 0.2000 0.4314 0.3922 0.1961 16.9754 2.0000 
1173 1174 9 0.0220 7.6550 -13.1526 0.1201 7.7703 -13.2834 0.0671 0.2000 0.4314 0.3922 0.1961 17.1333 2.0000 
1174 1175 9 0.1201 7.7703 -13.2834 0.2208 7.8852 -13.4125 0.0671 0.2000 0.4314 0.3922 0.1961 17.2928 2.0000 
1175 1176 9 0.2208 7.8852 -13.4125 0.3337 7.9818 -13.5463 0.0671 0.2000 0.4314 0.3922 0.1961 17.4541 2.0000 
1176 1177 9 0.3337 7.9818 -13.5463 0.4699 8.0857 -13.6495 0.0671 0.2000 0.4314 0.3922 0.1961 17.6171 2.0000 
1177 1178 9 0.4699 8.0857 -13.6495 0.5987 8.1918 -13.7597 0.0671 0.2000 0.4314 0.3922 0.1961 17.7819 2.0000 
1178 1179 9 0.5987 8.1918 -13.7597 0.7191 8.2819 -13.8915 0.0671 0.2000 0.4314 0.3922 0.1961 17.9485 2.0000 
1179 1180 9 0.7191 8.2819 -13.8915 0.8615 8.3663 -14.0038 0.0671 0.2000 0.4314 0.3922 0.1961 18.1170 2.0000 
1180 1181 9 0.8615 8.3663 -14.0038 0.9931 8.4690 -14.1140 0.0671 0.2000 0.4314 0.3922 0.1961 18.2874 2.0000 
1181 1182 9 0.9931 8.4690 -14.1140 1.1250 8.5695 -14.2258 0.0671 0.2000 0.4314 0.3922 0.1961 18.4598 2.0000 
1182 1183 9 1.1250 8.5695 -14.2258 1.2452 8.6543 -14.3613 0.0671 0.2000 0.4314 0.3922 0.1961 18.6342 2.0000 
1183 1184 9 1.2452 8.6543 -14.3613 1.3658 8.7494 -14.4895 0.0671 0.2000 0.4314 0.3922 0.1961 18.8106 2.0000 
1184 1185 9 1.3658 8.7494 -14.4895 1.4863 8.8308 -14.6267 0.0671 0.2000 0.4314 0.3922 0.1961 18.9892 2.0000 
1185 1186 9 1.4863 8.8308 -14.6267 1.6349 8.9022 -14.7400 0.0671 0.2000 0.4314 0.3922 0.1961 19.1699 2.0000 
1186 1187 9 1.6349 8.9022 -14.7400 1.8178 8.9342 -14.8142 0.0671 0.2000 0.4314 0.3922 0.1961 19.3528 2.0000 
1187 1188 9 1.8178 8.9342 -14.8142 2.0014 8.9485 -14.8924 0.0671 0.2000 0.4314 0.3922 0.1961 19.5379 2.0000 
1188 1189 9 2.0014 8.9485 -14.8924 2.1848 8.9623 -14.9708 0.0671 0.2000 0.4314 0.3922 0.1961 19.7254 2.0000 
1189 1190 9 2.1848 8.9623 -14.9708 2.3682 8.9764 -15.0495 0.0671 0.2000 0.4314 0.3922 0.1961 19.9153 2.0000 
1190 1191 9 2.3682 8.9764 -15.0495 2.5529 9.0430 -15.0872 0.0671 0.2000 0.4314 0.3922 0.1961 20.1075 2.0000 
1191 1192 9 2.5529 9.0430 -15.0872 2.7160 9.1317 -15.1616 0.0671 0.2000 0.4314 0.3922 0.1961 20.3023 2.0000 
1192 1193 9 2.7160 9.1317 -15.1616 2.8673 9.2256 -15.2527 0.0671 0.2000 0.4314 0.3922 0.1961 20.4997 2.0000 
1193 1194 9 2.8673 9.2256 -15.2527 3.0157 9.3217 -15.3462 0.0671 0.2000 0.4314 0.3922 0.1961 20.6997 2.0000 
1194 1195 9 3.0157 9.3217 -15.3462 3.1278 9.4385 -15.4637 0.0671 0.2000 0.4314 0.3922 0.1961 20.9024 2.0000 
1195 1196 9 3.1278 9.4385 -15.4637 3.2107 9.5811 -15.5767 0.0671 0.2000 0.4314 0.3922 0.1961 21.1078 2.0000 
1196 1197 9 3.2107 9.5811 -15.5767 3.2842 9.7193 -15.7012 0.0671 0.2000 0.4314 0.3922 0.1961 21.3162 2.0000 
1197 1198 9 3.2842 9.7193 -15.7012 3.3582 9.8576 -15.8253 0.0671 0.2000 0.4314 0.3922 0.1961 21.5274 2.0000 
1198 1199 9 3.3582 9.8576 -15.8253 3.4254 9.9884 -15.9608 0.0671 0.2000 0.4314 0.3922 0.1961 21.7417 2.0000 
1199 1200 9 3.4254 9.9884 -15.9608 3.5107 10.0744 -16.1200 0.0671 0.2000 0.4314 0.3922 0.1961 21.9591 2.0000 
1200 1201 9 3.5107 10.0744 -16.1200 3.6034 10.1343 -16.2868 0.0671 0.2000 0.4314 0.3922 0.1961 22.1797 2.0000 
1201 1202 9 3.6034 10.1343 -16.2868 3.7292 10.1607 -16.4401 0.0671 0.2000 0.4314 0.3922 0.1961 22.4036 2.0000 
1202 1203 9 3.7292 10.1607 -16.4401 3.8568 10.1886 -16.5915 0.0671 0.2000 0.4314 0.3922 0.1961 22.6309 2.0000 
1203 1204 9 3.8568 10.1886 -16.5915 4.0024 10.1944 -16.7285 0.0671 0.2000 0.4314 0.3922 0.1961 22.8617 2.0000 
1204 1205 9 4.0024 10.1944 -16.7285 4.1494 10.2158 -16.8624 0.0671 0.2000 0.4314 0.3922 0.1961 23.0960 2.0000 
1205 1206 9 4.1494 10.2158 -16.8624 4.2899 10.2366 -17.0031 0.0671 0.2000 0.4314 0.3922 0.1961 23.3342 2.0000 
1206 1207 9 4.2899 10.2366 -17.0031 4.4244 10.2626 -17.1489 0.0671 0.2000 0.4314 0.3922 0.1961 23.5761 2.0000 
1207 1208 9 4.4244 10.2626 -17.1489 4.5749 10.2644 -17.2806 0.0671 0.2000 0.4314 0.3922 0.1961 23.8221 2.0000 
1208 1209 9 4.5749 10.2644 -17.2806 4.6955 10.2282 -17.4360 0.0671 0.2000 0.4314 0.3922 0.1961 24.0721 2.0000 
1209 1210 9 4.6955 10.2282 -17.4360 4.8093 10.1877 -17.5954 0.0671 0.2000 0.4314 0.3922 0.1961 24.3264 2.0000 
1210 1211 9 4.8093 10.1877 -17.5954 4.9332 10.1513 -17.7481 0.0671 0.2000 0.4314 0.3922 0.1961 24.5850 2.0000 
1211 1212 9 4.9332 10.1513 -17.7481 5.0476 10.1142 -17.9079 0.0671 0.2000 0.4314 0.3922 0.1961 24.8483 2.0000 
1212 1213 9 5.0476 10.1142 -17.9079 5.1612 10.0564 -18.0620 0.0671 0.2000 0.4314 0.3922 0.1961 25.1162 2.0000 
1213 1214 9 5.1612 10.0564 -18.0620 5.2542 10.0342 -18.2377 0.0671 0.2000 0.4314 0.3922 0.1961 25.3890 2.0000 
1214 1215 9 5.2542 10.0342 -18.2377 5.3426 10.0184 -18.4164 0.0671 0.2000 0.4314 0.3922 0.1961 25.6668 2.0000 
1215 1216 9 5.3426 10.0184 -18.4164 5.3913 10.0051 -18.6100 0.0671 0.2000 0.4314 0.3922 0.1961 25.9499 2.0000 
1216 1217 9 5.3913 10.0051 -18.6100 5.4070 10.0177 -18.8089 0.0671 0.2000 0.4314 0.3922 0.1961 26.2385 2.0000 
1217 1218 9 5.4070 10.0177 -18.8089 5.4316 10.0177 -19.0074 0.0671 0.2000 0.4314 0.3922 0.1961 26.5327 2.0000 
1218 1219 9 5.4316 10.0177 -19.0074 5.4491 10.0322 -19.2061 0.0671 0.2000 0.4314 0.3922 0.1961 26.8328 2.0000 
1219 1220 9 5.4491 10.0322 -19.2061 5.4340 10.0303 -19.4056 0.0671 0.2000 0.4314 0.3922 0.1961 27.1390 2.0000 
1220 1221 9 5.4340 10.0303 -19.4056 5.4136 10.0417 -19.6042 0.0671 0.2000 0.4314 0.3922 0.1961 27.4517 2.0000 
1221 1222 9 5.4136 10.0417 -19.6042 5.3942 10.0552 -19.8028 0.0671 0.2000 0.4314 0.3922 0.1961 27.7710 2.0000 
1222 1223 9 5.3942 10.0552 -19.8028 5.3791 10.0194 -19.9990 0.0671 0.2000 0.4314 0.3922 0.1961 28.0972 2.0000 
1223 1224 9 5.3791 10.0194 -19.9990 5.3460 10.0299 -20.1959 0.0671 0.2000 0.4314 0.3922 0.1961 28.4307 2.0000 
1224 1225 9 5.3460 10.0299 -20.1959 5.3206 10.0476 -20.3935 0.0671 0.2000 0.4314 0.3922 0.1961 28.7718 2.0000 
1225 1226 9 5.3206 10.0476 -20.3935 5.2864 10.0943 -20.5850 0.0671 0.2000 0.4314 0.3922 0.1961 29.1208 2.0000 
1226 1227 9 5.2864 10.0943 -20.5850 5.2496 10.1401 -20.7761 0.0671 0.2000 0.4314 0.3922 0.1961 29.4782 2.0000 
1227 1228 9 5.2496 10.1401 -20.7761 5.2155 10.1364 -20.9732 0.0671 0.2000 0.4314 0.3922 0.1961 29.8443 2.0000 
1228 1229 9 5.2155 10.1364 -20.9732 5.2040 10.1356 -21.0560 0.0671 0.0836 0.4314 0.3922 0.1961 30.0000 2.0000 
24 1230 10 0.1442 0.0123 -6.6437 0.0030 0.1182 -6.7378 0.0667 0.2000 0.4314 0.3922 0.1961 10.6376 2.0000 
1230 1231 10 0.0030 0.1182 -6.7378 -0.1341 0.2429 -6.8131 0.0667 0.2000 0.4314 0.3922 0.1961 10.7355 2.0000 
1231 1232 10 -0.1341 0.2429 -6.8131 -0.2637 0.3813 -6.8768 0.0667 0.2000 0.4314 0.3922 0.1961 10.8341 2.0000 
1232 1233 10 -0.2637 0.3813 -6.8768 -0.3918 0.5186 -6.9454 0.0667 0.2000 0.4314 0.3922 0.1961 10.9334 2.0000 
1233 1234 10 -0.3918 0.5186 -6.9454 -0.5195 0.6541 -7.0184 0.0667 0.2000 0.4314 0.3922 0.1961 11.0334 2.0000 
1234 1235 10 -0.5195 0.6541 -7.0184 -0.6449 0.7881 -7.0982 0.0667 0.2000 0.4314 0.3922 0.1961 11.1341 2.0000 
1235 1236 10 -0.6449 0.7881 -7.0982 -0.7681 0.9083 -7.1999 0.0667 0.2000 0.4314 0.3922 0.1961 11.2355 2.0000 
1236 1237 10 -0.7681 0.9083 -7.1999 -0.8608 1.0370 -7.3217 0.0667 0.2000 0.4314 0.3922 0.1961 11.3376 2.0000 
1237 1238 10 -0.8608 1.0370 -7.3217 -0.9558 1.1626 -7.4451 0.0667 0.2000 0.4314 0.3922 0.1961 11.4404 2.0000 
1238 1239 10 -0.9558 1.1626 -7.4451 -1.0627 1.2716 -7.5743 0.0667 0.2000 0.4314 0.3922 0.1961 11.5440 2.0000 
1239 1240 10 -1.0627 1.2716 -7.5743 -1.1633 1.3578 -7.7241 0.0667 0.2000 0.4314 0.3922 0.1961 11.6483 2.0000 
1240 1241 10 -1.1633 1.3578 -7.7241 -1.2426 1.4429 -7.8868 0.0667 0.2000 0.4314 0.3922 0.1961 11.7534 2.0000 
1241 1242 10 -1.2426 1.4429 -7.8868 -1.3050 1.5166 -8.0619 0.0667 0.2000 0.4314 0.3922 0.1961 11.8592 2.0000 
1242 1243 10 -1.3050 1.5166 -8.0619 -1.3628 1.5769 -8.2437 0.0667 0.2000 0.4314 0.3922 0.1961 11.9659 2.0000 
1243 1244 10 -1.3628 1.5769 -8.2437 -1.4466 1.6080 -8.4226 0.0667 0.2000 0.4314 0.3922 0.1961 12.0733 2.0000 
1244 1245 10 -1.4466 1.6080 -8.4226 -1.4780 1.5902 -8.6193 0.0667 0.2000 0.4314 0.3922 0.1961 12.1815 2.0000 
1245 1246 10 -1.4780 1.5902 -8.6193 -1.4744 1.6035 -8.8188 0.0667 0.2000 0.4314 0.3922 0.1961 12.2905 2.0000 
1246 1247 10 -1.4744 1.6035 -8.8188 -1.4716 1.6132 -9.0186 0.0667 0.2000 0.4314 0.3922 0.1961 12.4004 2.0000 
1247 1248 10 -1.4716 1.6132 -9.0186 -1.4687 1.6230 -9.2183 0.0667 0.2000 0.4314 0.3922 0.1961 12.5111 2.0000 
1248 1249 10 -1.4687 1.6230 -9.2183 -1.4622 1.6356 -9.4178 0.0667 0.2000 0.4314 0.3922 0.1961 12.6227 2.0000 
1249 1250 10 -1.4622 1.6356 -9.4178 -1.4658 1.6675 -9.6152 0.0667 0.2000 0.4314 0.3922 0.1961 12.7352 2.0000 
1250 1251 10 -1.4658 1.6675 -9.6152 -1.4648 1.6827 -9.8146 0.0667 0.2000 0.4314 0.3922 0.1961 12.8485 2.0000 
1251 1252 10 -1.4648 1.6827 -9.8146 -1.4588 1.6871 -10.0145 0.0667 0.2000 0.4314 0.3922 0.1961 12.9627 2.0000 
1252 1253 10 -1.4588 1.6871 -10.0145 -1.4421 1.6913 -10.2138 0.0667 0.2000 0.4314 0.3922 0.1961 13.0778 2.0000 
1253 1254 10 -1.4421 1.6913 -10.2138 -1.4313 1.6865 -10.4134 0.0667 0.2000 0.4314 0.3922 0.1961 13.1939 2.0000 
1254 1255 10 -1.4313 1.6865 -10.4134 -1.4184 1.6761 -10.6127 0.0667 0.2000 0.4314 0.3922 0.1961 13.3109 2.0000 
1255 1256 10 -1.4184 1.6761 -10.6127 -1.4068 1.6585 -10.8116 0.0667 0.2000 0.4314 0.3922 0.1961 13.4288 2.0000 
1256 1257 10 -1.4068 1.6585 -10.8116 -1.3992 1.6730 -11.0109 0.0667 0.2000 0.4314 0.3922 0.1961 13.5477 2.0000 
1257 1258 10 -1.3992 1.6730 -11.0109 -1.4578 1.6565 -11.2014 0.0667 0.2000 0.4314 0.3922 0.1961 13.6676 2.0000 
1258 1259 10 -1.4578 1.6565 -11.2014 -1.5167 1.6402 -11.3919 0.0667 0.2000 0.4314 0.3922 0.1961 13.7886 2.0000 
1259 1260 10 -1.5167 1.6402 -11.3919 -1.5966 1.6211 -11.5742 0.0667 0.2000 0.4314 0.3922 0.1961 13.9105 2.0000 
1260 1261 10 -1.5966 1.6211 -11.5742 -1.6929 1.6023 -11.7485 0.0667 0.2000 0.4314 0.3922 0.1961 14.0335 2.0000 
1261 1262 10 -1.6929 1.6023 -11.7485 -1.7882 1.5914 -11.9240 0.0667 0.2000 0.4314 0.3922 0.1961 14.1575 2.0000 
1262 1263 10 -1.7882 1.5914 -11.9240 -1.8577 1.5677 -12.1100 0.0667 0.2000 0.4314 0.3922 0.1961 14.2826 2.0000 
1263 1264 10 -1.8577 1.5677 -12.1100 -1.8995 1.5646 -12.3056 0.0667 0.2000 0.4314 0.3922 0.1961 14.4088 2.0000 
1264 1265 10 -1.8995 1.5646 -12.3056 -1.9495 1.5470 -12.4984 0.0667 0.2000 0.4314 0.3922 0.1961 14.5361 2.0000 
1265 1266 10 -1.9495 1.5470 -12.4984 -1.9914 1.4631 -12.6751 0.0667 0.2000 0.4314 0.3922 0.1961 14.6645 2.0000 
1266 1267 10 -1.9914 1.4631 -12.6751 -2.0392 1.4129 -12.8627 0.0667 0.2000 0.4314 0.3922 0.1961 14.7941 2.0000 
1267 1268 10 -2.0392 1.4129 -12.8627 -2.1010 1.3776 -13.0496 0.0667 0.2000 0.4314 0.3922 0.1961 14.9249 2.0000 
1268 1269 10 -2.1010 1.3776 -13.0496 -2.1527 1.3336 -13.2377 0.0667 0.2000 0.4314 0.3922 0.1961 15.0568 2.0000 
1269 1270 10 -2.1527 1.3336 -13.2377 -2.2160 1.2919 -13.4228 0.0667 0.2000 0.4314 0.3922 0.1961 15.1900 2.0000 
1270 1271 10 -2.2160 1.2919 -13.4228 -2.2721 1.2661 -13.6130 0.0667 0.2000 0.4314 0.3922 0.1961 15.3244 2.0000 
1271 1272 10 -2.2721 1.2661 -13.6130 -2.2580 1.2289 -13.8090 0.0667 0.2000 0.4314 0.3922 0.1961 15.4601 2.0000 
1272 1273 10 -2.2580 1.2289 -13.8090 -2.2468 1.1584 -13.9959 0.0667 0.2000 0.4314 0.3922 0.1961 15.5971 2.0000 
1273 1274 10 -2.2468 1.1584 -13.9959 -2.2674 1.0864 -14.1813 0.0667 0.2000 0.4314 0.3922 0.1961 15.7354 2.0000 
1274 1275 10 -2.2674 1.0864 -14.1813 -2.2993 0.9721 -14.3423 0.0667 0.2000 0.4314 0.3922 0.1961 15.8750 2.0000 
1275 1276 10 -2.2993 0.9721 -14.3423 -2.3947 0.8712 -14.4863 0.0667 0.2000 0.4314 0.3922 0.1961 16.0160 2.0000 
1276 1277 10 -2.3947 0.8712 -14.4863 -2.4896 0.7685 -14.6292 0.0667 0.2000 0.4314 0.3922 0.1961 16.1583 2.0000 
1277 1278 10 -2.4896 0.7685 -14.6292 -2.5809 0.6607 -14.7708 0.0667 0.2000 0.4314 0.3922 0.1961 16.3021 2.0000 
1278 1279 10 -2.5809 0.6607 -14.7708 -2.6690 0.5506 -14.9126 0.0667 0.2000 0.4314 0.3922 0.1961 16.4473 2.0000 
1279 1280 10 -2.6690 0.5506 -14.9126 -2.7784 0.4494 -15.0460 0.0667 0.2000 0.4314 0.3922 0.1961 16.5940 2.0000 
1280 1281 10 -2.7784 0.4494 -15.0460 -2.9064 0.3880 -15.1869 0.0667 0.2000 0.4314 0.3922 0.1961 16.7423 2.0000 
1281 1282 10 -2.9064 0.3880 -15.1869 -3.0329 0.3344 -15.3322 0.0667 0.2000 0.4314 0.3922 0.1961 16.8920 2.0000 
1282 1283 10 -3.0329 0.3344 -15.3322 -3.1596 0.2836 -15.4784 0.0667 0.2000 0.4314 0.3922 0.1961 17.0433 2.0000 
1283 1284 10 -3.1596 0.2836 -15.4784 -3.3095 0.2567 -15.6081 0.0667 0.2000 0.4314 0.3922 0.1961 17.1962 2.0000 
1284 1285 10 -3.3095 0.2567 -15.6081 -3.4508 0.2316 -15.7473 0.0667 0.2000 0.4314 0.3922 0.1961 17.3508 2.0000 
1285 1286 10 -3.4508 0.2316 -15.7473 -3.5912 0.2148 -15.8888 0.0667 0.2000 0.4314 0.3922 0.1961 17.5070 2.0000 
1286 1287 10 -3.5912 0.2148 -15.8888 -3.7379 0.1948 -16.0233 0.0667 0.2000 0.4314 0.3922 0.1961 17.6650 2.0000 
1287 1288 10 -3.7379 0.1948 -16.0233 -3.8769 0.1610 -16.1630 0.0667 0.2000 0.4314 0.3922 0.1961 17.8246 2.0000 
1288 1289 10 -3.8769 0.1610 -16.1630 -4.0106 0.1537 -16.3116 0.0667 0.2000 0.4314 0.3922 0.1961 17.9861 2.0000 
1289 1290 10 -4.0106 0.1537 -16.3116 -4.1182 0.1214 -16.4770 0.0667 0.2000 0.4314 0.3922 0.1961 18.1494 2.0000 
1290 1291 10 -4.1182 0.1214 -16.4770 -4.2584 0.0983 -16.6177 0.0667 0.2000 0.4314 0.3922 0.1961 18.3146 2.0000 
1291 1292 10 -4.2584 0.0983 -16.6177 -4.3885 0.0861 -16.7692 0.0667 0.2000 0.4314 0.3922 0.1961 18.4816 2.0000 
1292 1293 10 -4.3885 0.0861 -16.7692 -4.5100 0.1479 -16.9156 0.0667 0.2000 0.4314 0.3922 0.1961 18.6506 2.0000 
1293 1294 10 -4.5100 0.1479 -16.9156 -4.6366 0.2394 -17.0404 0.0667 0.2000 0.4314 0.3922 0.1961 18.8217 2.0000 
1294 1295 10 -4.6366 0.2394 -17.0404 -4.7604 0.3303 -17.1685 0.0667 0.2000 0.4314 0.3922 0.1961 18.9948 2.0000 
1295 1296 10 -4.7604 0.3303 -17.1685 -4.8530 0.4389 -17.3087 0.0667 0.2000 0.4314 0.3922 0.1961 19.1699 2.0000 
1296 1297 10 -4.8530 0.4389 -17.3087 -4.9446 0.5536 -17.4445 0.0667 0.2000 0.4314 0.3922 0.1961 19.3473 2.0000 
1297 1298 10 -4.9446 0.5536 -17.4445 -5.0229 0.6696 -17.5874 0.0667 0.2000 0.4314 0.3922 0.1961 19.5268 2.0000 
1298 1299 10 -5.0229 0.6696 -17.5874 -5.0866 0.7822 -17.7399 0.0667 0.2000 0.4314 0.3922 0.1961 19.7086 2.0000 
1299 1300 10 -5.0866 0.7822 -17.7399 -5.1523 0.8881 -17.8963 0.0667 0.2000 0.4314 0.3922 0.1961 19.8927 2.0000 
1300 1301 10 -5.1523 0.8881 -17.8963 -5.2189 0.9953 -18.0515 0.0667 0.2000 0.4314 0.3922 0.1961 20.0792 2.0000 
1301 1302 10 -5.2189 0.9953 -18.0515 -5.2789 1.0894 -18.2174 0.0667 0.2000 0.4314 0.3922 0.1961 20.2681 2.0000 
1302 1303 10 -5.2789 1.0894 -18.2174 -5.3304 1.1612 -18.3968 0.0667 0.2000 0.4314 0.3922 0.1961 20.4595 2.0000 
1303 1304 10 -5.3304 1.1612 -18.3968 -5.3543 1.2217 -18.5860 0.0667 0.2000 0.4314 0.3922 0.1961 20.6535 2.0000 
1304 1305 10 -5.3543 1.2217 -18.5860 -5.3767 1.2582 -18.7813 0.0667 0.2000 0.4314 0.3922 0.1961 20.8502 2.0000 
1305 1306 10 -5.3767 1.2582 -18.7813 -5.4002 1.2930 -18.9769 0.0667 0.2000 0.4314 0.3922 0.1961 21.0495 2.0000 
1306 1307 10 -5.4002 1.2930 -18.9769 -5.4179 1.3732 -19.1592 0.0667 0.2000 0.4314 0.3922 0.1961 21.2517 2.0000 
1307 1308 10 -5.4179 1.3732 -19.1592 -5.4469 1.4551 -19.3394 0.0667 0.2000 0.4314 0.3922 0.1961 21.4567 2.0000 
1308 1309 10 -5.4469 1.4551 -19.3394 -5.4791 1.5419 -19.5167 0.0667 0.2000 0.4314 0.3922 0.1961 21.6647 2.0000 
1309 1310 10 -5.4791 1.5419 -19.5167 -5.4980 1.6304 -19.6950 0.0667 0.2000 0.4314 0.3922 0.1961 21.8757 2.0000 
1310 1311 10 -5.4980 1.6304 -19.6950 -5.5210 1.7165 -19.8741 0.0667 0.2000 0.4314 0.3922 0.1961 22.0898 2.0000 
1311 1312 10 -5.5210 1.7165 -19.8741 -5.5281 1.7613 -20.0689 0.0667 0.2000 0.4314 0.3922 0.1961 22.3072 2.0000 
1312 1313 10 -5.5281 1.7613 -20.0689 -5.5304 1.8106 -20.2627 0.0667 0.2000 0.4314 0.3922 0.1961 22.5279 2.0000 
1313 1314 10 -5.5304 1.8106 -20.2627 -5.5268 1.8762 -20.4516 0.0667 0.2000 0.4314 0.3922 0.1961 22.7520 2.0000 
1314 1315 10 -5.5268 1.8762 -20.4516 -5.5272 1.9161 -20.6476 0.0667 0.2000 0.4314 0.3922 0.1961 22.9796 2.0000 
1315 1316 10 -5.5272 1.9161 -20.6476 -5.5139 1.9506 -20.8441 0.0667 0.2000 0.4314 0.3922 0.1961 23.2109 2.0000 
1316 1317 10 -5.5139 1.9506 -20.8441 -5.4919 1.9831 -21.0402 0.0667 0.2000 0.4314 0.3922 0.1961 23.4459 2.0000 
1317 1318 10 -5.4919 1.9831 -21.0402 -5.4610 2.0355 -21.2308 0.0667 0.2000 0.4314 0.3922 0.1961 23.6849 2.0000 
1318 1319 10 -5.4610 2.0355 -21.2308 -5.4482 2.0607 -21.4287 0.0667 0.2000 0.4314 0.3922 0.1961 23.9278 2.0000 
1319 1320 10 -5.4482 2.0607 -21.4287 -5.4518 2.0703 -21.6285 0.0667 0.2000 0.4314 0.3922 0.1961 24.1749 2.0000 
1320 1321 10 -5.4518 2.0703 -21.6285 -5.4205 2.1438 -21.8118 0.0667 0.2000 0.4314 0.3922 0.1961 24.4264 2.0000 
1321 1322 10 -5.4205 2.1438 -21.8118 -5.3894 2.2122 -21.9972 0.0667 0.2000 0.4314 0.3922 0.1961 24.6822 2.0000 
1322 1323 10 -5.3894 2.2122 -21.9972 -5.3285 2.3122 -22.1593 0.0667 0.2000 0.4314 0.3922 0.1961 24.9427 2.0000 
1323 1324 10 -5.3285 2.3122 -22.1593 -5.2752 2.4034 -22.3291 0.0667 0.2000 0.4314 0.3922 0.1961 25.2080 2.0000 
1324 1325 10 -5.2752 2.4034 -22.3291 -5.2202 2.4937 -22.4989 0.0667 0.2000 0.4314 0.3922 0.1961 25.4782 2.0000 
1325 1326 10 -5.2202 2.4937 -22.4989 -5.1569 2.5993 -22.6565 0.0667 0.2000 0.4314 0.3922 0.1961 25.7536 2.0000 
1326 1327 10 -5.1569 2.5993 -22.6565 -5.0603 2.6656 -22.8186 0.0667 0.2000 0.4314 0.3922 0.1961 26.0343 2.0000 
1327 1328 10 -5.0603 2.6656 -22.8186 -4.9678 2.7368 -22.9810 0.0667 0.2000 0.4314 0.3922 0.1961 26.3207 2.0000 
1328 1329 10 -4.9678 2.7368 -22.9810 -4.8649 2.8056 -23.1381 0.0667 0.2000 0.4314 0.3922 0.1961 26.6127 2.0000 
1329 1330 10 -4.8649 2.8056 -23.1381 -4.8267 2.8946 -23.3131 0.0667 0.2000 0.4314 0.3922 0.1961 26.9109 2.0000 
1330 1331 10 -4.8267 2.8946 -23.3131 -4.8026 2.9723 -23.4958 0.0667 0.2000 0.4314 0.3922 0.1961 27.2153 2.0000 
1331 1332 10 -4.8026 2.9723 -23.4958 -4.7792 3.0467 -23.6799 0.0667 0.2000 0.4314 0.3922 0.1961 27.5262 2.0000 
1332 1333 10 -4.7792 3.0467 -23.6799 -4.7374 3.1552 -23.8427 0.0667 0.2000 0.4314 0.3922 0.1961 27.8441 2.0000 
1333 1334 10 -4.7374 3.1552 -23.8427 -4.6980 3.2603 -24.0082 0.0667 0.2000 0.4314 0.3922 0.1961 28.1690 2.0000 
1334 1335 10 -4.6980 3.2603 -24.0082 -4.7032 3.3444 -24.1896 0.0667 0.2000 0.4314 0.3922 0.1961 28.5015 2.0000 
1335 1336 10 -4.7032 3.3444 -24.1896 -4.6918 3.4091 -24.3785 0.0667 0.2000 0.4314 0.3922 0.1961 28.8417 2.0000 
1336 1337 10 -4.6918 3.4091 -24.3785 -4.7126 3.4771 -24.5654 0.0667 0.2000 0.4314 0.3922 0.1961 29.1902 2.0000 
1337 1338 10 -4.7126 3.4771 -24.5654 -4.7474 3.5072 -24.7601 0.0667 0.2000 0.4314 0.3922 0.1961 29.5473 2.0000 
1338 1339 10 -4.7474 3.5072 -24.7601 -4.7853 3.5334 -24.9547 0.0667 0.2000 0.4314 0.3922 0.1961 29.9135 2.0000 
1339 1340 10 -4.7853 3.5334 -24.9547 -4.7947 3.5395 -24.9999 0.0667 0.0465 0.4314 0.3922 0.1961 30.0000 2.0000 
27 1341 11 0.1332 -0.0023 -7.0521 -0.0151 0.1145 -7.1184 0.0619 0.2000 0.4314 0.3922 0.1961 11.0314 2.0000 
1341 1342 11 -0.0151 0.1145 -7.1184 -0.1690 0.2298 -7.1732 0.0619 0.2000 0.4314 0.3922 0.1961 11.1318 2.0000 
1342 1343 11 -0.1690 0.2298 -7.1732 -0.3106 0.3447 -7.2554 0.0619 0.2000 0.4314 0.3922 0.1961 11.2329 2.0000 
1343 1344 11 -0.3106 0.3447 -7.2554 -0.4112 0.4650 -7.3795 0.0619 0.2000 0.4314 0.3922 0.1961 11.3347 2.0000 
1344 1345 11 -0.4112 0.4650 -7.3795 -0.4833 0.5889 -7.5189 0.0619 0.2000 0.4314 0.3922 0.1961 11.4372 2.0000 
1345 1346 11 -0.4833 0.5889 -7.5189 -0.5551 0.7010 -7.6682 0.0619 0.2000 0.4314 0.3922 0.1961 11.5404 2.0000 
1346 1347 11 -0.5551 0.7010 -7.6682 -0.6394 0.7903 -7.8261 0.0619 0.2000 0.4314 0.3922 0.1961 11.6443 2.0000 
1347 1348 11 -0.6394 0.7903 -7.8261 -0.7048 0.9072 -7.9746 0.0619 0.2000 0.4314 0.3922 0.1961 11.7489 2.0000 
1348 1349 11 -0.7048 0.9072 -7.9746 -0.7935 1.0158 -8.1172 0.0619 0.2000 0.4314 0.3922 0.1961 11.8543 2.0000 
1349 1350 11 -0.7935 1.0158 -8.1172 -0.8946 1.1622 -8.2085 0.0619 0.2000 0.4314 0.3922 0.1961 11.9604 2.0000 
1350 1351 11 -0.8946 1.1622 -8.2085 -1.0356 1.2770 -8.2920 0.0619 0.2000 0.4314 0.3922 0.1961 12.0673 2.0000 
1351 1352 11 -1.0356 1.2770 -8.2920 -1.1688 1.3868 -8.3929 0.0619 0.2000 0.4314 0.3922 0.1961 12.1750 2.0000 
1352 1353 11 -1.1688 1.3868 -8.3929 -1.3033 1.4999 -8.4884 0.0619 0.2000 0.4314 0.3922 0.1961 12.2834 2.0000 
1353 1354 11 -1.3033 1.4999 -8.4884 -1.4116 1.6029 -8.6213 0.0619 0.2000 0.4314 0.3922 0.1961 12.3927 2.0000 
1354 1355 11 -1.4116 1.6029 -8.6213 -1.5246 1.6991 -8.7554 0.0619 0.2000 0.4314 0.3922 0.1961 12.5027 2.0000 
1355 1356 11 -1.5246 1.6991 -8.7554 -1.6398 1.7784 -8.8983 0.0619 0.2000 0.4314 0.3922 0.1961 12.6135 2.0000 
1356 1357 11 -1.6398 1.7784 -8.8983 -1.7465 1.8361 -9.0573 0.0619 0.2000 0.4314 0.3922 0.1961 12.7252 2.0000 
1357 1358 11 -1.7465 1.8361 -9.0573 -1.8650 1.8762 -9.2133 0.0619 0.2000 0.4314 0.3922 0.1961 12.8377 2.0000 
1358 1359 11 -1.8650 1.8762 -9.2133 -1.9784 1.9127 -9.3740 0.0619 0.2000 0.4314 0.3922 0.1961 12.9511 2.0000 
1359 1360 11 -1.9784 1.9127 -9.3740 -2.0878 1.9679 -9.5320 0.0619 0.2000 0.4314 0.3922 0.1961 13.0653 2.0000 
1360 1361 11 -2.0878 1.9679 -9.5320 -2.1513 2.0153 -9.7157 0.0619 0.2000 0.4314 0.3922 0.1961 13.1804 2.0000 
1361 1362 11 -2.1513 2.0153 -9.7157 -2.2111 2.0549 -9.9024 0.0619 0.2000 0.4314 0.3922 0.1961 13.2965 2.0000 
1362 1363 11 -2.2111 2.0549 -9.9024 -2.2745 2.0902 -10.0888 0.0619 0.2000 0.4314 0.3922 0.1961 13.4134 2.0000 
1363 1364 11 -2.2745 2.0902 -10.0888 -2.3312 2.1625 -10.2664 0.0619 0.2000 0.4314 0.3922 0.1961 13.5312 2.0000 
1364 1365 11 -2.3312 2.1625 -10.2664 -2.3971 2.2439 -10.4368 0.0619 0.2000 0.4314 0.3922 0.1961 13.6500 2.0000 
1365 1366 11 -2.3971 2.2439 -10.4368 -2.4592 2.3353 -10.6035 0.0619 0.2000 0.4314 0.3922 0.1961 13.7697 2.0000 
1366 1367 11 -2.4592 2.3353 -10.6035 -2.5198 2.4274 -10.7704 0.0619 0.2000 0.4314 0.3922 0.1961 13.8904 2.0000 
1367 1368 11 -2.5198 2.4274 -10.7704 -2.5805 2.5034 -10.9451 0.0619 0.2000 0.4314 0.3922 0.1961 14.0121 2.0000 
1368 1369 11 -2.5805 2.5034 -10.9451 -2.6404 2.5828 -11.1186 0.0619 0.2000 0.4314 0.3922 0.1961 14.1347 2.0000 
1369 1370 11 -2.6404 2.5828 -11.1186 -2.7099 2.6661 -11.2867 0.0619 0.2000 0.4314 0.3922 0.1961 14.2584 2.0000 
1370 1371 11 -2.7099 2.6661 -11.2867 -2.7369 2.7362 -11.4720 0.0619 0.2000 0.4314 0.3922 0.1961 14.3831 2.0000 
1371 1372 11 -2.7369 2.7362 -11.4720 -2.7927 2.7952 -11.6548 0.0619 0.2000 0.4314 0.3922 0.1961 14.5089 2.0000 
1372 1373 11 -2.7927 2.7952 -11.6548 -2.8212 2.8342 -11.8489 0.0619 0.2000 0.4314 0.3922 0.1961 14.6357 2.0000 
1373 1374 11 -2.8212 2.8342 -11.8489 -2.8569 2.8688 -12.0426 0.0619 0.2000 0.4314 0.3922 0.1961 14.7636 2.0000 
1374 1375 11 -2.8569 2.8688 -12.0426 -2.9008 2.9100 -12.2333 0.0619 0.2000 0.4314 0.3922 0.1961 14.8926 2.0000 
1375 1376 11 -2.9008 2.9100 -12.2333 -2.9452 2.9524 -12.4237 0.0619 0.2000 0.4314 0.3922 0.1961 15.0228 2.0000 
1376 1377 11 -2.9452 2.9524 -12.4237 -2.9824 2.9691 -12.6195 0.0619 0.2000 0.4314 0.3922 0.1961 15.1541 2.0000 
1377 1378 11 -2.9824 2.9691 -12.6195 -3.0188 2.9820 -12.8157 0.0619 0.2000 0.4314 0.3922 0.1961 15.2865 2.0000 
1378 1379 11 -3.0188 2.9820 -12.8157 -3.0067 2.9669 -13.0148 0.0619 0.2000 0.4314 0.3922 0.1961 15.4201 2.0000 
1379 1380 11 -3.0067 2.9669 -13.0148 -3.0109 2.9605 -13.2146 0.0619 0.2000 0.4314 0.3922 0.1961 15.5550 2.0000 
1380 1381 11 -3.0109 2.9605 -13.2146 -3.0303 2.9404 -13.4126 0.0619 0.2000 0.4314 0.3922 0.1961 15.6910 2.0000 
1381 1382 11 -3.0303 2.9404 -13.4126 -3.0169 2.9319 -13.6120 0.0619 0.2000 0.4314 0.3922 0.1961 15.8283 2.0000 
1382 1383 11 -3.0169 2.9319 -13.6120 -3.0116 2.9060 -13.8103 0.0619 0.2000 0.4314 0.3922 0.1961 15.9669 2.0000 
1383 1384 11 -3.0116 2.9060 -13.8103 -3.0115 2.8694 -14.0069 0.0619 0.2000 0.4314 0.3922 0.1961 16.1068 2.0000 
1384 1385 11 -3.0115 2.8694 -14.0069 -3.0101 2.8358 -14.2040 0.0619 0.2000 0.4314 0.3922 0.1961 16.2480 2.0000 
1385 1386 11 -3.0101 2.8358 -14.2040 -2.9974 2.7652 -14.3907 0.0619 0.2000 0.4314 0.3922 0.1961 16.3906 2.0000 
1386 1387 11 -2.9974 2.7652 -14.3907 -2.9857 2.7073 -14.5818 0.0619 0.2000 0.4314 0.3922 0.1961 16.5345 2.0000 
1387 1388 11 -2.9857 2.7073 -14.5818 -2.9773 2.6873 -14.7806 0.0619 0.2000 0.4314 0.3922 0.1961 16.6798 2.0000 
1388 1389 11 -2.9773 2.6873 -14.7806 -2.9700 2.6556 -14.9780 0.0619 0.2000 0.4314 0.3922 0.1961 16.8265 2.0000 
1389 1390 11 -2.9700 2.6556 -14.9780 -2.9511 2.6416 -15.1766 0.0619 0.2000 0.4314 0.3922 0.1961 16.9747 2.0000 
1390 1391 11 -2.9511 2.6416 -15.1766 -2.9316 2.6289 -15.3752 0.0619 0.2000 0.4314 0.3922 0.1961 17.1244 2.0000 
1391 1392 11 -2.9316 2.6289 -15.3752 -2.9483 2.6302 -15.5745 0.0619 0.2000 0.4314 0.3922 0.1961 17.2756 2.0000 
1392 1393 11 -2.9483 2.6302 -15.5745 -2.9561 2.6430 -15.7740 0.0619 0.2000 0.4314 0.3922 0.1961 17.4283 2.0000 
1393 1394 11 -2.9561 2.6430 -15.7740 -2.9614 2.6557 -15.9735 0.0619 0.2000 0.4314 0.3922 0.1961 17.5826 2.0000 
1394 1395 11 -2.9614 2.6557 -15.9735 -2.9594 2.6825 -16.1717 0.0619 0.2000 0.4314 0.3922 0.1961 17.7386 2.0000 
1395 1396 11 -2.9594 2.6825 -16.1717 -2.9512 2.7141 -16.3690 0.0619 0.2000 0.4314 0.3922 0.1961 17.8961 2.0000 
1396 1397 11 -2.9512 2.7141 -16.3690 -2.9396 2.7681 -16.5612 0.0619 0.2000 0.4314 0.3922 0.1961 18.0554 2.0000 
1397 1398 11 -2.9396 2.7681 -16.5612 -2.9446 2.7788 -16.7609 0.0619 0.2000 0.4314 0.3922 0.1961 18.2163 2.0000 
1398 1399 11 -2.9446 2.7788 -16.7609 -2.9336 2.7966 -16.9598 0.0619 0.2000 0.4314 0.3922 0.1961 18.3790 2.0000 
1399 1400 11 -2.9336 2.7966 -16.9598 -2.9138 2.8014 -17.1587 0.0619 0.2000 0.4314 0.3922 0.1961 18.5435 2.0000 
1400 1401 11 -2.9138 2.8014 -17.1587 -2.9016 2.7534 -17.3525 0.0619 0.2000 0.4314 0.3922 0.1961 18.7098 2.0000 
1401 1402 11 -2.9016 2.7534 -17.3525 -2.9146 2.7209 -17.5494 0.0619 0.2000 0.4314 0.3922 0.1961 18.8780 2.0000 
1402 1403 11 -2.9146 2.7209 -17.5494 -2.9396 2.6860 -17.7448 0.0619 0.2000 0.4314 0.3922 0.1961 19.0481 2.0000 
1403 1404 11 -2.9396 2.6860 -17.7448 -2.9663 2.6374 -17.9369 0.0619 0.2000 0.4314 0.3922 0.1961 19.2202 2.0000 
1404 1405 11 -2.9663 2.6374 -17.9369 -3.0189 2.6147 -18.1285 0.0619 0.2000 0.4314 0.3922 0.1961 19.3943 2.0000 
1405 1406 11 -3.0189 2.6147 -18.1285 -3.0444 2.5826 -18.3243 0.0619 0.2000 0.4314 0.3922 0.1961 19.5704 2.0000 
1406 1407 11 -3.0444 2.5826 -18.3243 -3.0959 2.5489 -18.5146 0.0619 0.2000 0.4314 0.3922 0.1961 19.7486 2.0000 
1407 1408 11 -3.0959 2.5489 -18.5146 -3.1636 2.4785 -18.6891 0.0619 0.2000 0.4314 0.3922 0.1961 19.9290 2.0000 
1408 1409 11 -3.1636 2.4785 -18.6891 -3.2226 2.4051 -18.8656 0.0619 0.2000 0.4314 0.3922 0.1961 20.1115 2.0000 
1409 1410 11 -3.2226 2.4051 -18.8656 -3.2748 2.3077 -19.0322 0.0619 0.2000 0.4314 0.3922 0.1961 20.2964 2.0000 
1410 1411 11 -3.2748 2.3077 -19.0322 -3.3193 2.2365 -19.2138 0.0619 0.2000 0.4314 0.3922 0.1961 20.4835 2.0000 
1411 1412 11 -3.3193 2.2365 -19.2138 -3.3742 2.1351 -19.3772 0.0619 0.2000 0.4314 0.3922 0.1961 20.6730 2.0000 
1412 1413 11 -3.3742 2.1351 -19.3772 -3.4224 2.0385 -19.5456 0.0619 0.2000 0.4314 0.3922 0.1961 20.8650 2.0000 
1413 1414 11 -3.4224 2.0385 -19.5456 -3.4989 1.9623 -19.7139 0.0619 0.2000 0.4314 0.3922 0.1961 21.0594 2.0000 
1414 1415 11 -3.4989 1.9623 -19.7139 -3.5655 1.8847 -19.8858 0.0619 0.2000 0.4314 0.3922 0.1961 21.2564 2.0000 
1415 1416 11 -3.5655 1.8847 -19.8858 -3.6312 1.8098 -20.0592 0.0619 0.2000 0.4314 0.3922 0.1961 21.4560 2.0000 
1416 1417 11 -3.6312 1.8098 -20.0592 -3.6958 1.7396 -20.2350 0.0619 0.2000 0.4314 0.3922 0.1961 21.6584 2.0000 
1417 1418 11 -3.6958 1.7396 -20.2350 -3.7535 1.7062 -20.4235 0.0619 0.2000 0.4314 0.3922 0.1961 21.8635 2.0000 
1418 1419 11 -3.7535 1.7062 -20.4235 -3.7780 1.6822 -20.6206 0.0619 0.2000 0.4314 0.3922 0.1961 22.0714 2.0000 
1419 1420 11 -3.7780 1.6822 -20.6206 -3.7941 1.6233 -20.8110 0.0619 0.2000 0.4314 0.3922 0.1961 22.2823 2.0000 
1420 1421 11 -3.7941 1.6233 -20.8110 -3.7922 1.5736 -21.0047 0.0619 0.2000 0.4314 0.3922 0.1961 22.4962 2.0000 
1421 1422 11 -3.7922 1.5736 -21.0047 -3.7488 1.5179 -21.1919 0.0619 0.2000 0.4314 0.3922 0.1961 22.7132 2.0000 
1422 1423 11 -3.7488 1.5179 -21.1919 -3.7140 1.4627 -21.3809 0.0619 0.2000 0.4314 0.3922 0.1961 22.9334 2.0000 
1423 1424 11 -3.7140 1.4627 -21.3809 -3.6747 1.3695 -21.5535 0.0619 0.2000 0.4314 0.3922 0.1961 23.1569 2.0000 
1424 1425 11 -3.6747 1.3695 -21.5535 -3.6364 1.2769 -21.7266 0.0619 0.2000 0.4314 0.3922 0.1961 23.3838 2.0000 
1425 1426 11 -3.6364 1.2769 -21.7266 -3.6199 1.1704 -21.8951 0.0619 0.2000 0.4314 0.3922 0.1961 23.6142 2.0000 
1426 1427 11 -3.6199 1.1704 -21.8951 -3.6226 1.0772 -22.0720 0.0619 0.2000 0.4314 0.3922 0.1961 23.8482 2.0000 
1427 1428 11 -3.6226 1.0772 -22.0720 -3.5901 1.0026 -22.2547 0.0619 0.2000 0.4314 0.3922 0.1961 24.0859 2.0000 
1428 1429 11 -3.5901 1.0026 -22.2547 -3.5547 0.9222 -22.4343 0.0619 0.2000 0.4314 0.3922 0.1961 24.3274 2.0000 
1429 1430 11 -3.5547 0.9222 -22.4343 -3.4838 0.8599 -22.6107 0.0619 0.2000 0.4314 0.3922 0.1961 24.5729 2.0000 
1430 1431 11 -3.4838 0.8599 -22.6107 -3.4149 0.8044 -22.7901 0.0619 0.2000 0.4314 0.3922 0.1961 24.8225 2.0000 
1431 1432 11 -3.4149 0.8044 -22.7901 -3.3474 0.7487 -22.9699 0.0619 0.2000 0.4314 0.3922 0.1961 25.0764 2.0000 
1432 1433 11 -3.3474 0.7487 -22.9699 -3.2685 0.7511 -23.1536 0.0619 0.2000 0.4314 0.3922 0.1961 25.3346 2.0000 
1433 1434 11 -3.2685 0.7511 -23.1536 -3.1921 0.7781 -23.3365 0.0619 0.2000 0.4314 0.3922 0.1961 25.5974 2.0000 
1434 1435 11 -3.1921 0.7781 -23.3365 -3.1351 0.8001 -23.5269 0.0619 0.2000 0.4314 0.3922 0.1961 25.8648 2.0000 
1435 1436 11 -3.1351 0.8001 -23.5269 -3.0937 0.8524 -23.7155 0.0619 0.2000 0.4314 0.3922 0.1961 26.1371 2.0000 
1436 1437 11 -3.0937 0.8524 -23.7155 -3.0819 0.9255 -23.9013 0.0619 0.2000 0.4314 0.3922 0.1961 26.4145 2.0000 
1437 1438 11 -3.0819 0.9255 -23.9013 -3.0795 0.9808 -24.0935 0.0619 0.2000 0.4314 0.3922 0.1961 26.6972 2.0000 
1438 1439 11 -3.0795 0.9808 -24.0935 -3.0769 1.0362 -24.2856 0.0619 0.2000 0.4314 0.3922 0.1961 26.9852 2.0000 
1439 1440 11 -3.0769 1.0362 -24.2856 -3.0760 1.0939 -24.4771 0.0619 0.2000 0.4314 0.3922 0.1961 27.2790 2.0000 
1440 1441 11 -3.0760 1.0939 -24.4771 -3.0799 1.1466 -24.6700 0.0619 0.2000 0.4314 0.3922 0.1961 27.5786 2.0000 
1441 1442 11 -3.0799 1.1466 -24.6700 -3.0947 1.1988 -24.8625 0.0619 0.2000 0.4314 0.3922 0.1961 27.8843 2.0000 
1442 1443 11 -3.0947 1.1988 -24.8625 -3.0978 1.2411 -25.0579 0.0619 0.2000 0.4314 0.3922 0.1961 28.1964 2.0000 
1443 1444 11 -3.0978 1.2411 -25.0579 -3.0831 1.2704 -25.2552 0.0619 0.2000 0.4314 0.3922 0.1961 28.5152 2.0000 
1444 1445 11 -3.0831 1.2704 -25.2552 -3.0491 1.3057 -25.4491 0.0619 0.2000 0.4314 0.3922 0.1961 28.8409 2.0000 
1445 1446 11 -3.0491 1.3057 -25.4491 -3.0246 1.3770 -25.6344 0.0619 0.2000 0.4314 0.3922 0.1961 29.1739 2.0000 
1446 1447 11 -3.0246 1.3770 -25.6344 -3.0265 1.4698 -25.8115 0.0619 0.2000 0.4314 0.3922 0.1961 29.5144 2.0000 
1447 1448 11 -3.0265 1.4698 -25.8115 -3.0308 1.5592 -25.9904 0.0619 0.2000 0.4314 0.3922 0.1961 29.8629 2.0000 
1448 1449 11 -3.0308 1.5592 -25.9904 -3.0469 1.5876 -26.0606 0.0619 0.0774 0.4314 0.3922 0.1961 30.0000 2.0000 
29 1450 12 0.1374 -0.0116 -7.4224 -0.0463 0.0059 -7.4995 0.0594 0.2000 0.4314 0.3922 0.1961 11.3945 2.0000 
1450 1451 12 -0.0463 0.0059 -7.4995 -0.2315 0.0229 -7.5729 0.0594 0.2000 0.4314 0.3922 0.1961 11.5001 2.0000 
1451 1452 12 -0.2315 0.0229 -7.5729 -0.4145 0.0693 -7.6389 0.0594 0.2000 0.4314 0.3922 0.1961 11.6064 2.0000 
1452 1453 12 -0.4145 0.0693 -7.6389 -0.5877 0.1346 -7.7148 0.0594 0.2000 0.4314 0.3922 0.1961 11.7134 2.0000 
1453 1454 12 -0.5877 0.1346 -7.7148 -0.7560 0.2094 -7.7927 0.0594 0.2000 0.4314 0.3922 0.1961 11.8213 2.0000 
1454 1455 12 -0.7560 0.2094 -7.7927 -0.9200 0.2553 -7.8976 0.0594 0.2000 0.4314 0.3922 0.1961 11.9299 2.0000 
1455 1456 12 -0.9200 0.2553 -7.8976 -1.0831 0.2997 -8.0045 0.0594 0.2000 0.4314 0.3922 0.1961 12.0393 2.0000 
1456 1457 12 -1.0831 0.2997 -8.0045 -1.2376 0.3507 -8.1208 0.0594 0.2000 0.4314 0.3922 0.1961 12.1495 2.0000 
1457 1458 12 -1.2376 0.3507 -8.1208 -1.4019 0.3936 -8.2264 0.0594 0.2000 0.4314 0.3922 0.1961 12.2606 2.0000 
1458 1459 12 -1.4019 0.3936 -8.2264 -1.5527 0.4115 -8.3566 0.0594 0.2000 0.4314 0.3922 0.1961 12.3725 2.0000 
1459 1460 12 -1.5527 0.4115 -8.3566 -1.6776 0.3905 -8.5113 0.0594 0.2000 0.4314 0.3922 0.1961 12.4852 2.0000 
1460 1461 12 -1.6776 0.3905 -8.5113 -1.7834 0.3397 -8.6733 0.0594 0.2000 0.4314 0.3922 0.1961 12.5988 2.0000 
1461 1462 12 -1.7834 0.3397 -8.6733 -1.8852 0.2861 -8.8369 0.0594 0.2000 0.4314 0.3922 0.1961 12.7133 2.0000 
1462 1463 12 -1.8852 0.2861 -8.8369 -1.9605 0.2000 -9.0009 0.0594 0.2000 0.4314 0.3922 0.1961 12.8287 2.0000 
1463 1464 12 -1.9605 0.2000 -9.0009 -2.0434 0.1317 -9.1697 0.0594 0.2000 0.4314 0.3922 0.1961 12.9449 2.0000 
1464 1465 12 -2.0434 0.1317 -9.1697 -2.1179 0.1419 -9.3550 0.0594 0.2000 0.4314 0.3922 0.1961 13.0621 2.0000 
1465 1466 12 -2.1179 0.1419 -9.3550 -2.1718 0.1440 -9.5476 0.0594 0.2000 0.4314 0.3922 0.1961 13.1802 2.0000 
1466 1467 12 -2.1718 0.1440 -9.5476 -2.1972 0.1573 -9.7455 0.0594 0.2000 0.4314 0.3922 0.1961 13.2993 2.0000 
1467 1468 12 -2.1972 0.1573 -9.7455 -2.2144 0.1675 -9.9445 0.0594 0.2000 0.4314 0.3922 0.1961 13.4193 2.0000 
1468 1469 12 -2.2144 0.1675 -9.9445 -2.1848 0.2550 -10.1219 0.0594 0.2000 0.4314 0.3922 0.1961 13.5403 2.0000 
1469 1470 12 -2.1848 0.2550 -10.1219 -2.1487 0.3471 -10.2958 0.0594 0.2000 0.4314 0.3922 0.1961 13.6623 2.0000 
1470 1471 12 -2.1487 0.3471 -10.2958 -2.1132 0.4360 -10.4714 0.0594 0.2000 0.4314 0.3922 0.1961 13.7853 2.0000 
1471 1472 12 -2.1132 0.4360 -10.4714 -2.0751 0.5214 -10.6481 0.0594 0.2000 0.4314 0.3922 0.1961 13.9093 2.0000 
1472 1473 12 -2.0751 0.5214 -10.6481 -2.0621 0.6248 -10.8189 0.0594 0.2000 0.4314 0.3922 0.1961 14.0344 2.0000 
1473 1474 12 -2.0621 0.6248 -10.8189 -2.0716 0.7187 -10.9951 0.0594 0.2000 0.4314 0.3922 0.1961 14.1605 2.0000 
1474 1475 12 -2.0716 0.7187 -10.9951 -2.0561 0.7905 -11.1812 0.0594 0.2000 0.4314 0.3922 0.1961 14.2877 2.0000 
1475 1476 12 -2.0561 0.7905 -11.1812 -2.0334 0.8110 -11.3788 0.0594 0.2000 0.4314 0.3922 0.1961 14.4160 2.0000 
1476 1477 12 -2.0334 0.8110 -11.3788 -1.9921 0.8229 -11.5742 0.0594 0.2000 0.4314 0.3922 0.1961 14.5454 2.0000 
1477 1478 12 -1.9921 0.8229 -11.5742 -1.9662 0.8874 -11.7617 0.0594 0.2000 0.4314 0.3922 0.1961 14.6760 2.0000 
1478 1479 12 -1.9662 0.8874 -11.7617 -1.9519 0.9419 -11.9536 0.0594 0.2000 0.4314 0.3922 0.1961 14.8077 2.0000 
1479 1480 12 -1.9519 0.9419 -11.9536 -1.9291 0.9502 -12.1521 0.0594 0.2000 0.4314 0.3922 0.1961 14.9406 2.0000 
1480 1481 12 -1.9291 0.9502 -12.1521 -1.9081 0.9552 -12.3510 0.0594 0.2000 0.4314 0.3922 0.1961 15.0747 2.0000 
1481 1482 12 -1.9081 0.9552 -12.3510 -1.8626 0.9445 -12.5454 0.0594 0.2000 0.4314 0.3922 0.1961 15.2100 2.0000 
1482 1483 12 -1.8626 0.9445 -12.5454 -1.8039 0.9457 -12.7366 0.0594 0.2000 0.4314 0.3922 0.1961 15.3465 2.0000 
1483 1484 12 -1.8039 0.9457 -12.7366 -1.7467 0.9496 -12.9282 0.0594 0.2000 0.4314 0.3922 0.1961 15.4844 2.0000 
1484 1485 12 -1.7467 0.9496 -12.9282 -1.6963 0.9550 -13.1217 0.0594 0.2000 0.4314 0.3922 0.1961 15.6235 2.0000 
1485 1486 12 -1.6963 0.9550 -13.1217 -1.6262 0.9810 -13.3072 0.0594 0.2000 0.4314 0.3922 0.1961 15.7639 2.0000 
1486 1487 12 -1.6262 0.9810 -13.3072 -1.5411 1.0171 -13.4846 0.0594 0.2000 0.4314 0.3922 0.1961 15.9057 2.0000 
1487 1488 12 -1.5411 1.0171 -13.4846 -1.4657 1.0540 -13.6661 0.0594 0.2000 0.4314 0.3922 0.1961 16.0488 2.0000 
1488 1489 12 -1.4657 1.0540 -13.6661 -1.3963 1.0817 -13.8516 0.0594 0.2000 0.4314 0.3922 0.1961 16.1933 2.0000 
1489 1490 12 -1.3963 1.0817 -13.8516 -1.3385 1.0957 -14.0425 0.0594 0.2000 0.4314 0.3922 0.1961 16.3392 2.0000 
1490 1491 12 -1.3385 1.0957 -14.0425 -1.2980 1.1614 -14.2271 0.0594 0.2000 0.4314 0.3922 0.1961 16.4866 2.0000 
1491 1492 12 -1.2980 1.1614 -14.2271 -1.2571 1.2264 -14.4118 0.0594 0.2000 0.4314 0.3922 0.1961 16.6355 2.0000 
1492 1493 12 -1.2571 1.2264 -14.4118 -1.2188 1.2926 -14.5965 0.0594 0.2000 0.4314 0.3922 0.1961 16.7858 2.0000 
1493 1494 12 -1.2188 1.2926 -14.5965 -1.1476 1.3839 -14.7596 0.0594 0.2000 0.4314 0.3922 0.1961 16.9377 2.0000 
1494 1495 12 -1.1476 1.3839 -14.7596 -1.0575 1.4965 -14.8982 0.0594 0.2000 0.4314 0.3922 0.1961 17.0912 2.0000 
1495 1496 12 -1.0575 1.4965 -14.8982 -0.9440 1.5822 -15.0388 0.0594 0.2000 0.4314 0.3922 0.1961 17.2463 2.0000 
1496 1497 12 -0.9440 1.5822 -15.0388 -0.8080 1.6797 -15.1484 0.0594 0.2000 0.4314 0.3922 0.1961 17.4030 2.0000 
1497 1498 12 -0.8080 1.6797 -15.1484 -0.6528 1.7427 -15.2576 0.0594 0.2000 0.4314 0.3922 0.1961 17.5613 2.0000 
1498 1499 12 -0.6528 1.7427 -15.2576 -0.4903 1.8110 -15.3520 0.0594 0.2000 0.4314 0.3922 0.1961 17.7214 2.0000 
1499 1500 12 -0.4903 1.8110 -15.3520 -0.3515 1.9204 -15.4458 0.0594 0.2000 0.4314 0.3922 0.1961 17.8832 2.0000 
1500 1501 12 -0.3515 1.9204 -15.4458 -0.2170 2.0414 -15.5310 0.0594 0.2000 0.4314 0.3922 0.1961 18.0468 2.0000 
1501 1502 12 -0.2170 2.0414 -15.5310 -0.0820 2.1619 -15.6163 0.0594 0.2000 0.4314 0.3922 0.1961 18.2122 2.0000 
1502 1503 12 -0.0820 2.1619 -15.6163 0.0479 2.2860 -15.7041 0.0594 0.2000 0.4314 0.3922 0.1961 18.3795 2.0000 
1503 1504 12 0.0479 2.2860 -15.7041 0.1779 2.4086 -15.7939 0.0594 0.2000 0.4314 0.3922 0.1961 18.5487 2.0000 
1504 1505 12 0.1779 2.4086 -15.7939 0.3043 2.5378 -15.8795 0.0594 0.2000 0.4314 0.3922 0.1961 18.7198 2.0000 
1505 1506 12 0.3043 2.5378 -15.8795 0.4345 2.6568 -15.9738 0.0594 0.2000 0.4314 0.3922 0.1961 18.8929 2.0000 
1506 1507 12 0.4345 2.6568 -15.9738 0.5645 2.7631 -16.0824 0.0594 0.2000 0.4314 0.3922 0.1961 19.0681 2.0000 
1507 1508 12 0.5645 2.7631 -16.0824 0.6782 2.8798 -16.1984 0.0594 0.2000 0.4314 0.3922 0.1961 19.2453 2.0000 
1508 1509 12 0.6782 2.8798 -16.1984 0.8127 2.9970 -16.2887 0.0594 0.2000 0.4314 0.3922 0.1961 19.4247 2.0000 
1509 1510 12 0.8127 2.9970 -16.2887 0.9625 3.1037 -16.3674 0.0594 0.2000 0.4314 0.3922 0.1961 19.6063 2.0000 
1510 1511 12 0.9625 3.1037 -16.3674 1.1104 3.2156 -16.4423 0.0594 0.2000 0.4314 0.3922 0.1961 19.7901 2.0000 
1511 1512 12 1.1104 3.2156 -16.4423 1.2556 3.3150 -16.5373 0.0594 0.2000 0.4314 0.3922 0.1961 19.9763 2.0000 
1512 1513 12 1.2556 3.3150 -16.5373 1.4128 3.4156 -16.6092 0.0594 0.2000 0.4314 0.3922 0.1961 20.1647 2.0000 
1513 1514 12 1.4128 3.4156 -16.6092 1.5680 3.5205 -16.6792 0.0594 0.2000 0.4314 0.3922 0.1961 20.3556 2.0000 
1514 1515 12 1.5680 3.5205 -16.6792 1.7382 3.5956 -16.7528 0.0594 0.2000 0.4314 0.3922 0.1961 20.5490 2.0000 
1515 1516 12 1.7382 3.5956 -16.7528 1.8917 3.6899 -16.8396 0.0594 0.2000 0.4314 0.3922 0.1961 20.7450 2.0000 
1516 1517 12 1.8917 3.6899 -16.8396 2.0396 3.7971 -16.9211 0.0594 0.2000 0.4314 0.3922 0.1961 20.9435 2.0000 
1517 1518 12 2.0396 3.7971 -16.9211 2.1710 3.9033 -17.0281 0.0594 0.2000 0.4314 0.3922 0.1961 21.1447 2.0000 
1518 1519 12 2.1710 3.9033 -17.0281 2.3024 4.0096 -17.1350 0.0594 0.2000 0.4314 0.3922 0.1961 21.3487 2.0000 
1519 1520 12 2.3024 4.0096 -17.1350 2.4320 4.1166 -17.2434 0.0594 0.2000 0.4314 0.3922 0.1961 21.5556 2.0000 
1520 1521 12 2.4320 4.1166 -17.2434 2.5665 4.1869 -17.3737 0.0594 0.2000 0.4314 0.3922 0.1961 21.7653 2.0000 
1521 1522 12 2.5665 4.1869 -17.3737 2.6946 4.2358 -17.5193 0.0594 0.2000 0.4314 0.3922 0.1961 21.9781 2.0000 
1522 1523 12 2.6946 4.2358 -17.5193 2.8201 4.3240 -17.6477 0.0594 0.2000 0.4314 0.3922 0.1961 22.1939 2.0000 
1523 1524 12 2.8201 4.3240 -17.6477 2.9451 4.4127 -17.7762 0.0594 0.2000 0.4314 0.3922 0.1961 22.4129 2.0000 
1524 1525 12 2.9451 4.4127 -17.7762 3.0764 4.4922 -17.9044 0.0594 0.2000 0.4314 0.3922 0.1961 22.6352 2.0000 
1525 1526 12 3.0764 4.4922 -17.9044 3.2073 4.5771 -18.0295 0.0594 0.2000 0.4314 0.3922 0.1961 22.8609 2.0000 
1526 1527 12 3.2073 4.5771 -18.0295 3.3438 4.6724 -18.1403 0.0594 0.2000 0.4314 0.3922 0.1961 23.0901 2.0000 
1527 1528 12 3.3438 4.6724 -18.1403 3.5037 4.7534 -18.2290 0.0594 0.2000 0.4314 0.3922 0.1961 23.3228 2.0000 
1528 1529 12 3.5037 4.7534 -18.2290 3.6634 4.8394 -18.3133 0.0594 0.2000 0.4314 0.3922 0.1961 23.5592 2.0000 
1529 1530 12 3.6634 4.8394 -18.3133 3.8086 4.9288 -18.4178 0.0594 0.2000 0.4314 0.3922 0.1961 23.7995 2.0000 
1530 1531 12 3.8086 4.9288 -18.4178 3.9510 5.0190 -18.5255 0.0594 0.2000 0.4314 0.3922 0.1961 24.0437 2.0000 
1531 1532 12 3.9510 5.0190 -18.5255 4.0905 5.0597 -18.6629 0.0594 0.2000 0.4314 0.3922 0.1961 24.2920 2.0000 
1532 1533 12 4.0905 5.0597 -18.6629 4.2312 5.1096 -18.7960 0.0594 0.2000 0.4314 0.3922 0.1961 24.5445 2.0000 
1533 1534 12 4.2312 5.1096 -18.7960 4.3884 5.2062 -18.8732 0.0594 0.2000 0.4314 0.3922 0.1961 24.8013 2.0000 
1534 1535 12 4.3884 5.2062 -18.8732 4.5456 5.3011 -18.9524 0.0594 0.2000 0.4314 0.3922 0.1961 25.0627 2.0000 
1535 1536 12 4.5456 5.3011 -18.9524 4.7053 5.3803 -19.0431 0.0594 0.2000 0.4314 0.3922 0.1961 25.3288 2.0000 
1536 1537 12 4.7053 5.3803 -19.0431 4.8586 5.4463 -19.1533 0.0594 0.2000 0.4314 0.3922 0.1961 25.5997 2.0000 
1537 1538 12 4.8586 5.4463 -19.1533 5.0198 5.4840 -19.2655 0.0594 0.2000 0.4314 0.3922 0.1961 25.8756 2.0000 
1538 1539 12 5.0198 5.4840 -19.2655 5.1848 5.5183 -19.3731 0.0594 0.2000 0.4314 0.3922 0.1961 26.1567 2.0000 
1539 1540 12 5.1848 5.5183 -19.3731 5.3356 5.5436 -19.5021 0.0594 0.2000 0.4314 0.3922 0.1961 26.4433 2.0000 
1540 1541 12 5.3356 5.5436 -19.5021 5.4776 5.5537 -19.6426 0.0594 0.2000 0.4314 0.3922 0.1961 26.7355 2.0000 
1541 1542 12 5.4776 5.5537 -19.6426 5.6089 5.5624 -19.7932 0.0594 0.2000 0.4314 0.3922 0.1961 27.0335 2.0000 
1542 1543 12 5.6089 5.5624 -19.7932 5.7827 5.5938 -19.8871 0.0594 0.2000 0.4314 0.3922 0.1961 27.3377 2.0000 
1543 1544 12 5.7827 5.5938 -19.8871 5.9615 5.6206 -19.9726 0.0594 0.2000 0.4314 0.3922 0.1961 27.6482 2.0000 
1544 1545 12 5.9615 5.6206 -19.9726 6.1399 5.6479 -20.0588 0.0594 0.2000 0.4314 0.3922 0.1961 27.9653 2.0000 
1545 1546 12 6.1399 5.6479 -20.0588 6.3319 5.6295 -20.1117 0.0594 0.2000 0.4314 0.3922 0.1961 28.2893 2.0000 
1546 1547 12 6.3319 5.6295 -20.1117 6.5214 5.5940 -20.1647 0.0594 0.2000 0.4314 0.3922 0.1961 28.6206 2.0000 
1547 1548 12 6.5214 5.5940 -20.1647 6.7148 5.5470 -20.1850 0.0594 0.2000 0.4314 0.3922 0.1961 28.9594 2.0000 
1548 1549 12 6.7148 5.5470 -20.1850 6.9115 5.5143 -20.1998 0.0594 0.2000 0.4314 0.3922 0.1961 29.3061 2.0000 
1549 1550 12 6.9115 5.5143 -20.1998 7.0937 5.4413 -20.2382 0.0594 0.2000 0.4314 0.3922 0.1961 29.6610 2.0000 
1550 1551 12 7.0937 5.4413 -20.2382 7.2555 5.3613 -20.2856 0.0594 0.1866 0.4314 0.3922 0.1961 30.0000 2.0000 
32 1552 13 0.0331 0.0071 -7.8166 0.0136 -0.1423 -7.9482 0.0649 0.2000 0.4314 0.3922 0.1961 11.7973 2.0000 
1552 1553 13 0.0136 -0.1423 -7.9482 -0.0091 -0.2946 -8.0758 0.0649 0.2000 0.4314 0.3922 0.1961 11.9046 2.0000 
1553 1554 13 -0.0091 -0.2946 -8.0758 -0.0437 -0.4489 -8.1982 0.0649 0.2000 0.4314 0.3922 0.1961 12.0127 2.0000 
1554 1555 13 -0.0437 -0.4489 -8.1982 -0.1079 -0.5765 -8.3382 0.0649 0.2000 0.4314 0.3922 0.1961 12.1214 2.0000 
1555 1556 13 -0.1079 -0.5765 -8.3382 -0.1543 -0.7093 -8.4804 0.0649 0.2000 0.4314 0.3922 0.1961 12.2309 2.0000 
1556 1557 13 -0.1543 -0.7093 -8.4804 -0.2189 -0.8286 -8.6273 0.0649 0.2000 0.4314 0.3922 0.1961 12.3412 2.0000 
1557 1558 13 -0.2189 -0.8286 -8.6273 -0.2869 -0.9492 -8.7716 0.0649 0.2000 0.4314 0.3922 0.1961 12.4522 2.0000 
1558 1559 13 -0.2869 -0.9492 -8.7716 -0.3566 -1.0728 -8.9127 0.0649 0.2000 0.4314 0.3922 0.1961 12.5639 2.0000 
1559 1560 13 -0.3566 -1.0728 -8.9127 -0.3672 -1.1575 -9.0935 0.0649 0.2000 0.4314 0.3922 0.1961 12.6765 2.0000 
1560 1561 13 -0.3672 -1.1575 -9.0935 -0.3866 -1.2302 -9.2788 0.0649 0.2000 0.4314 0.3922 0.1961 12.7898 2.0000 
1561 1562 13 -0.3866 -1.2302 -9.2788 -0.3979 -1.3198 -9.4573 0.0649 0.2000 0.4314 0.3922 0.1961 12.9039 2.0000 
1562 1563 13 -0.3979 -1.3198 -9.4573 -0.3845 -1.3708 -9.6502 0.0649 0.2000 0.4314 0.3922 0.1961 13.0189 2.0000 
1563 1564 13 -0.3845 -1.3708 -9.6502 -0.3734 -1.4405 -9.8374 0.0649 0.2000 0.4314 0.3922 0.1961 13.1346 2.0000 
1564 1565 13 -0.3734 -1.4405 -9.8374 -0.3762 -1.4964 -10.0294 0.0649 0.2000 0.4314 0.3922 0.1961 13.2513 2.0000 
1565 1566 13 -0.3762 -1.4964 -10.0294 -0.3605 -1.5093 -10.2283 0.0649 0.2000 0.4314 0.3922 0.1961 13.3687 2.0000 
1566 1567 13 -0.3605 -1.5093 -10.2283 -0.3476 -1.5155 -10.4278 0.0649 0.2000 0.4314 0.3922 0.1961 13.4870 2.0000 
1567 1568 13 -0.3476 -1.5155 -10.4278 -0.3315 -1.5375 -10.6259 0.0649 0.2000 0.4314 0.3922 0.1961 13.6062 2.0000 
1568 1569 13 -0.3315 -1.5375 -10.6259 -0.3913 -1.5401 -10.8168 0.0649 0.2000 0.4314 0.3922 0.1961 13.7263 2.0000 
1569 1570 13 -0.3913 -1.5401 -10.8168 -0.4352 -1.5878 -11.0060 0.0649 0.2000 0.4314 0.3922 0.1961 13.8473 2.0000 
1570 1571 13 -0.4352 -1.5878 -11.0060 -0.4897 -1.6456 -11.1895 0.0649 0.2000 0.4314 0.3922 0.1961 13.9691 2.0000 
1571 1572 13 -0.4897 -1.6456 -11.1895 -0.5290 -1.7065 -11.3759 0.0649 0.2000 0.4314 0.3922 0.1961 14.0919 2.0000 
1572 1573 13 -0.5290 -1.7065 -11.3759 -0.5419 -1.7658 -11.5665 0.0649 0.2000 0.4314 0.3922 0.1961 14.2157 2.0000 
1573 1574 13 -0.5419 -1.7658 -11.5665 -0.5537 -1.8293 -11.7558 0.0649 0.2000 0.4314 0.3922 0.1961 14.3404 2.0000 
1574 1575 13 -0.5537 -1.8293 -11.7558 -0.5597 -1.8923 -11.9455 0.0649 0.2000 0.4314 0.3922 0.1961 14.4661 2.0000 
1575 1576 13 -0.5597 -1.8923 -11.9455 -0.5657 -1.9551 -12.1353 0.0649 0.2000 0.4314 0.3922 0.1961 14.5927 2.0000 
1576 1577 13 -0.5657 -1.9551 -12.1353 -0.5931 -1.9773 -12.3322 0.0649 0.2000 0.4314 0.3922 0.1961 14.7204 2.0000 
1577 1578 13 -0.5931 -1.9773 -12.3322 -0.6169 -2.0039 -12.5290 0.0649 0.2000 0.4314 0.3922 0.1961 14.8491 2.0000 
1578 1579 13 -0.6169 -2.0039 -12.5290 -0.6432 -2.0289 -12.7256 0.0649 0.2000 0.4314 0.3922 0.1961 14.9788 2.0000 
1579 1580 13 -0.6432 -2.0289 -12.7256 -0.6770 -2.0500 -12.9216 0.0649 0.2000 0.4314 0.3922 0.1961 15.1095 2.0000 
1580 1581 13 -0.6770 -2.0500 -12.9216 -0.7100 -2.0813 -13.1164 0.0649 0.2000 0.4314 0.3922 0.1961 15.2414 2.0000 
1581 1582 13 -0.7100 -2.0813 -13.1164 -0.7437 -2.0988 -13.3128 0.0649 0.2000 0.4314 0.3922 0.1961 15.3743 2.0000 
1582 1583 13 -0.7437 -2.0988 -13.3128 -0.7815 -2.1071 -13.5090 0.0649 0.2000 0.4314 0.3922 0.1961 15.5083 2.0000 
1583 1584 13 -0.7815 -2.1071 -13.5090 -0.8290 -2.1385 -13.7007 0.0649 0.2000 0.4314 0.3922 0.1961 15.6434 2.0000 
1584 1585 13 -0.8290 -2.1385 -13.7007 -0.8801 -2.1694 -13.8916 0.0649 0.2000 0.4314 0.3922 0.1961 15.7797 2.0000 
1585 1586 13 -0.8801 -2.1694 -13.8916 -0.9353 -2.2027 -14.0809 0.0649 0.2000 0.4314 0.3922 0.1961 15.9171 2.0000 
1586 1587 13 -0.9353 -2.2027 -14.0809 -0.9758 -2.1893 -14.2763 0.0649 0.2000 0.4314 0.3922 0.1961 16.0558 2.0000 
1587 1588 13 -0.9758 -2.1893 -14.2763 -1.0428 -2.1930 -14.4647 0.0649 0.2000 0.4314 0.3922 0.1961 16.1956 2.0000 
1588 1589 13 -1.0428 -2.1930 -14.4647 -1.1374 -2.1857 -14.6408 0.0649 0.2000 0.4314 0.3922 0.1961 16.3366 2.0000 
1589 1590 13 -1.1374 -2.1857 -14.6408 -1.2337 -2.1869 -14.8160 0.0649 0.2000 0.4314 0.3922 0.1961 16.4789 2.0000 
1590 1591 13 -1.2337 -2.1869 -14.8160 -1.2851 -2.1690 -15.0085 0.0649 0.2000 0.4314 0.3922 0.1961 16.6224 2.0000 
1591 1592 13 -1.2851 -2.1690 -15.0085 -1.3682 -2.1827 -15.1899 0.0649 0.2000 0.4314 0.3922 0.1961 16.7672 2.0000 
1592 1593 13 -1.3682 -2.1827 -15.1899 -1.4517 -2.1952 -15.3712 0.0649 0.2000 0.4314 0.3922 0.1961 16.9134 2.0000 
1593 1594 13 -1.4517 -2.1952 -15.3712 -1.5387 -2.2122 -15.5505 0.0649 0.2000 0.4314 0.3922 0.1961 17.0609 2.0000 
1594 1595 13 -1.5387 -2.2122 -15.5505 -1.6216 -2.2292 -15.7317 0.0649 0.2000 0.4314 0.3922 0.1961 17.2097 2.0000 
1595 1596 13 -1.6216 -2.2292 -15.7317 -1.6759 -2.2567 -15.9222 0.0649 0.2000 0.4314 0.3922 0.1961 17.3599 2.0000 
1596 1597 13 -1.6759 -2.2567 -15.9222 -1.6918 -2.2718 -16.1210 0.0649 0.2000 0.4314 0.3922 0.1961 17.5115 2.0000 
1597 1598 13 -1.6918 -2.2718 -16.1210 -1.7126 -2.2885 -16.3192 0.0649 0.2000 0.4314 0.3922 0.1961 17.6646 2.0000 
1598 1599 13 -1.7126 -2.2885 -16.3192 -1.7345 -2.3052 -16.5173 0.0649 0.2000 0.4314 0.3922 0.1961 17.8191 2.0000 
1599 1600 13 -1.7345 -2.3052 -16.5173 -1.7684 -2.3165 -16.7141 0.0649 0.2000 0.4314 0.3922 0.1961 17.9751 2.0000 
1600 1601 13 -1.7684 -2.3165 -16.7141 -1.7524 -2.3686 -16.9066 0.0649 0.2000 0.4314 0.3922 0.1961 18.1326 2.0000 
1601 1602 13 -1.7524 -2.3686 -16.9066 -1.7101 -2.3874 -17.1011 0.0649 0.2000 0.4314 0.3922 0.1961 18.2917 2.0000 
1602 1603 13 -1.7101 -2.3874 -17.1011 -1.6935 -2.3700 -17.2997 0.0649 0.2000 0.4314 0.3922 0.1961 18.4524 2.0000 
1603 1604 13 -1.6935 -2.3700 -17.2997 -1.6771 -2.3492 -17.4979 0.0649 0.2000 0.4314 0.3922 0.1961 18.6147 2.0000 
1604 1605 13 -1.6771 -2.3492 -17.4979 -1.6821 -2.3269 -17.6966 0.0649 0.2000 0.4314 0.3922 0.1961 18.7786 2.0000 
1605 1606 13 -1.6821 -2.3269 -17.6966 -1.6882 -2.3054 -17.8954 0.0649 0.2000 0.4314 0.3922 0.1961 18.9442 2.0000 
1606 1607 13 -1.6882 -2.3054 -17.8954 -1.7028 -2.2898 -18.0942 0.0649 0.2000 0.4314 0.3922 0.1961 19.1115 2.0000 
1607 1608 13 -1.7028 -2.2898 -18.0942 -1.7191 -2.2760 -18.2931 0.0649 0.2000 0.4314 0.3922 0.1961 19.2806 2.0000 
1608 1609 13 -1.7191 -2.2760 -18.2931 -1.7219 -2.2259 -18.4867 0.0649 0.2000 0.4314 0.3922 0.1961 19.4515 2.0000 
1609 1610 13 -1.7219 -2.2259 -18.4867 -1.7280 -2.1777 -18.6807 0.0649 0.2000 0.4314 0.3922 0.1961 19.6242 2.0000 
1610 1611 13 -1.7280 -2.1777 -18.6807 -1.7336 -2.1332 -18.8756 0.0649 0.2000 0.4314 0.3922 0.1961 19.7987 2.0000 
1611 1612 13 -1.7336 -2.1332 -18.8756 -1.7256 -2.0891 -19.0705 0.0649 0.2000 0.4314 0.3922 0.1961 19.9752 2.0000 
1612 1613 13 -1.7256 -2.0891 -19.0705 -1.7215 -2.0393 -19.2641 0.0649 0.2000 0.4314 0.3922 0.1961 20.1536 2.0000 
1613 1614 13 -1.7215 -2.0393 -19.2641 -1.7137 -1.9948 -19.4590 0.0649 0.2000 0.4314 0.3922 0.1961 20.3340 2.0000 
1614 1615 13 -1.7137 -1.9948 -19.4590 -1.7020 -1.9480 -19.6531 0.0649 0.2000 0.4314 0.3922 0.1961 20.5164 2.0000 
1615 1616 13 -1.7020 -1.9480 -19.6531 -1.6855 -1.8963 -19.8456 0.0649 0.2000 0.4314 0.3922 0.1961 20.7010 2.0000 
1616 1617 13 -1.6855 -1.8963 -19.8456 -1.6507 -1.8519 -20.0375 0.0649 0.2000 0.4314 0.3922 0.1961 20.8876 2.0000 
1617 1618 13 -1.6507 -1.8519 -20.0375 -1.5781 -1.8036 -20.2175 0.0649 0.2000 0.4314 0.3922 0.1961 21.0764 2.0000 
1618 1619 13 -1.5781 -1.8036 -20.2175 -1.5437 -1.7290 -20.3998 0.0649 0.2000 0.4314 0.3922 0.1961 21.2675 2.0000 
1619 1620 13 -1.5437 -1.7290 -20.3998 -1.5109 -1.6552 -20.5828 0.0649 0.2000 0.4314 0.3922 0.1961 21.4609 2.0000 
1620 1621 13 -1.5109 -1.6552 -20.5828 -1.4914 -1.5823 -20.7680 0.0649 0.2000 0.4314 0.3922 0.1961 21.6566 2.0000 
1621 1622 13 -1.4914 -1.5823 -20.7680 -1.4350 -1.5815 -20.9599 0.0649 0.2000 0.4314 0.3922 0.1961 21.8547 2.0000 
1622 1623 13 -1.4350 -1.5815 -20.9599 -1.4199 -1.6421 -21.1498 0.0649 0.2000 0.4314 0.3922 0.1961 22.0552 2.0000 
1623 1624 13 -1.4199 -1.6421 -21.1498 -1.4017 -1.7058 -21.3386 0.0649 0.2000 0.4314 0.3922 0.1961 22.2583 2.0000 
1624 1625 13 -1.4017 -1.7058 -21.3386 -1.3504 -1.7393 -21.5289 0.0649 0.2000 0.4314 0.3922 0.1961 22.4640 2.0000 
1625 1626 13 -1.3504 -1.7393 -21.5289 -1.2626 -1.7581 -21.7077 0.0649 0.2000 0.4314 0.3922 0.1961 22.6723 2.0000 
1626 1627 13 -1.2626 -1.7581 -21.7077 -1.1782 -1.7922 -21.8857 0.0649 0.2000 0.4314 0.3922 0.1961 22.8833 2.0000 
1627 1628 13 -1.1782 -1.7922 -21.8857 -1.0946 -1.8304 -22.0633 0.0649 0.2000 0.4314 0.3922 0.1961 23.0971 2.0000 
1628 1629 13 -1.0946 -1.8304 -22.0633 -0.9960 -1.8649 -22.2339 0.0649 0.2000 0.4314 0.3922 0.1961 23.3138 2.0000 
1629 1630 13 -0.9960 -1.8649 -22.2339 -0.9100 -1.9037 -22.4103 0.0649 0.2000 0.4314 0.3922 0.1961 23.5335 2.0000 
1630 1631 13 -0.9100 -1.9037 -22.4103 -0.8188 -1.9933 -22.5641 0.0649 0.2000 0.4314 0.3922 0.1961 23.7561 2.0000 
1631 1632 13 -0.8188 -1.9933 -22.5641 -0.7301 -2.0551 -22.7323 0.0649 0.2000 0.4314 0.3922 0.1961 23.9819 2.0000 
1632 1633 13 -0.7301 -2.0551 -22.7323 -0.6331 -2.1190 -22.8951 0.0649 0.2000 0.4314 0.3922 0.1961 24.2109 2.0000 
1633 1634 13 -0.6331 -2.1190 -22.8951 -0.5527 -2.1820 -23.0671 0.0649 0.2000 0.4314 0.3922 0.1961 24.4431 2.0000 
1634 1635 13 -0.5527 -2.1820 -23.0671 -0.4629 -2.2158 -23.2426 0.0649 0.2000 0.4314 0.3922 0.1961 24.6788 2.0000 
1635 1636 13 -0.4629 -2.2158 -23.2426 -0.3817 -2.2584 -23.4203 0.0649 0.2000 0.4314 0.3922 0.1961 24.9180 2.0000 
1636 1637 13 -0.3817 -2.2584 -23.4203 -0.3018 -2.2905 -23.6008 0.0649 0.2000 0.4314 0.3922 0.1961 25.1607 2.0000 
1637 1638 13 -0.3018 -2.2905 -23.6008 -0.2404 -2.3262 -23.7878 0.0649 0.2000 0.4314 0.3922 0.1961 25.4071 2.0000 
1638 1639 13 -0.2404 -2.3262 -23.7878 -0.1851 -2.4105 -23.9605 0.0649 0.2000 0.4314 0.3922 0.1961 25.6574 2.0000 
1639 1640 13 -0.1851 -2.4105 -23.9605 -0.1375 -2.4975 -24.1342 0.0649 0.2000 0.4314 0.3922 0.1961 25.9116 2.0000 
1640 1641 13 -0.1375 -2.4975 -24.1342 -0.1254 -2.5872 -24.3125 0.0649 0.2000 0.4314 0.3922 0.1961 26.1698 2.0000 
1641 1642 13 -0.1254 -2.5872 -24.3125 -0.1112 -2.6682 -24.4949 0.0649 0.2000 0.4314 0.3922 0.1961 26.4323 2.0000 
1642 1643 13 -0.1112 -2.6682 -24.4949 -0.0995 -2.7368 -24.6824 0.0649 0.2000 0.4314 0.3922 0.1961 26.6991 2.0000 
1643 1644 13 -0.0995 -2.7368 -24.6824 -0.0869 -2.7772 -24.8778 0.0649 0.2000 0.4314 0.3922 0.1961 26.9704 2.0000 
1644 1645 13 -0.0869 -2.7772 -24.8778 -0.0687 -2.8078 -25.0747 0.0649 0.2000 0.4314 0.3922 0.1961 27.2463 2.0000 
1645 1646 13 -0.0687 -2.8078 -25.0747 -0.0495 -2.8370 -25.2716 0.0649 0.2000 0.4314 0.3922 0.1961 27.5269 2.0000 
1646 1647 13 -0.0495 -2.8370 -25.2716 -0.0434 -2.8486 -25.4711 0.0649 0.2000 0.4314 0.3922 0.1961 27.8126 2.0000 
1647 1648 13 -0.0434 -2.8486 -25.4711 -0.0396 -2.8661 -25.6703 0.0649 0.2000 0.4314 0.3922 0.1961 28.1034 2.0000 
1648 1649 13 -0.0396 -2.8661 -25.6703 -0.0163 -2.9567 -25.8471 0.0649 0.2000 0.4314 0.3922 0.1961 28.3995 2.0000 
1649 1650 13 -0.0163 -2.9567 -25.8471 0.0250 -3.0447 -26.0219 0.0649 0.2000 0.4314 0.3922 0.1961 28.7012 2.0000 
1650 1651 13 0.0250 -3.0447 -26.0219 0.0621 -3.1307 -26.1986 0.0649 0.2000 0.4314 0.3922 0.1961 29.0086 2.0000 
1651 1652 13 0.0621 -3.1307 -26.1986 0.0952 -3.2091 -26.3796 0.0649 0.2000 0.4314 0.3922 0.1961 29.3219 2.0000 
1652 1653 13 0.0952 -3.2091 -26.3796 0.1303 -3.2791 -26.5636 0.0649 0.2000 0.4314 0.3922 0.1961 29.6415 2.0000 
1653 1654 13 0.1303 -3.2791 -26.5636 0.1605 -3.3286 -26.7550 0.0649 0.2000 0.4314 0.3922 0.1961 29.9675 2.0000 
1654 1655 13 0.1605 -3.3286 -26.7550 0.1643 -3.3338 -26.7737 0.0649 0.0197 0.4314 0.3922 0.1961 30.0000 2.0000 
35 1656 14 -0.0593 0.0222 -8.2152 -0.0739 0.2090 -8.2852 0.0699 0.2000 0.4314 0.3922 0.1961 12.1999 2.0000 
1656 1657 14 -0.0739 0.2090 -8.2852 -0.0924 0.4008 -8.3386 0.0699 0.2000 0.4314 0.3922 0.1961 12.3056 2.0000 
1657 1658 14 -0.0924 0.4008 -8.3386 -0.1061 0.5930 -8.3924 0.0699 0.2000 0.4314 0.3922 0.1961 12.4120 2.0000 
1658 1659 14 -0.1061 0.5930 -8.3924 -0.1186 0.7915 -8.4127 0.0699 0.2000 0.4314 0.3922 0.1961 12.5191 2.0000 
1659 1660 14 -0.1186 0.7915 -8.4127 -0.1423 0.9872 -8.4469 0.0699 0.2000 0.4314 0.3922 0.1961 12.6269 2.0000 
1660 1661 14 -0.1423 0.9872 -8.4469 -0.1516 1.1815 -8.4933 0.0699 0.2000 0.4314 0.3922 0.1961 12.7353 2.0000 
1661 1662 14 -0.1516 1.1815 -8.4933 -0.1589 1.3705 -8.5581 0.0699 0.2000 0.4314 0.3922 0.1961 12.8446 2.0000 
1662 1663 14 -0.1589 1.3705 -8.5581 -0.1375 1.5481 -8.6475 0.0699 0.2000 0.4314 0.3922 0.1961 12.9545 2.0000 
1663 1664 14 -0.1375 1.5481 -8.6475 -0.1092 1.7102 -8.7612 0.0699 0.2000 0.4314 0.3922 0.1961 13.0652 2.0000 
1664 1665 14 -0.1092 1.7102 -8.7612 -0.0564 1.8710 -8.8678 0.0699 0.2000 0.4314 0.3922 0.1961 13.1766 2.0000 
1665 1666 14 -0.0564 1.8710 -8.8678 -0.0035 2.0288 -8.9787 0.0699 0.2000 0.4314 0.3922 0.1961 13.2888 2.0000 
1666 1667 14 -0.0035 2.0288 -8.9787 0.0281 2.1498 -9.1348 0.0699 0.2000 0.4314 0.3922 0.1961 13.4018 2.0000 
1667 1668 14 0.0281 2.1498 -9.1348 0.0366 2.2742 -9.2912 0.0699 0.2000 0.4314 0.3922 0.1961 13.5156 2.0000 
1668 1669 14 0.0366 2.2742 -9.2912 0.0346 2.3827 -9.4592 0.0699 0.2000 0.4314 0.3922 0.1961 13.6301 2.0000 
1669 1670 14 0.0346 2.3827 -9.4592 0.0313 2.4862 -9.6303 0.0699 0.2000 0.4314 0.3922 0.1961 13.7455 2.0000 
1670 1671 14 0.0313 2.4862 -9.6303 0.0421 2.5886 -9.8018 0.0699 0.2000 0.4314 0.3922 0.1961 13.8616 2.0000 
1671 1672 14 0.0421 2.5886 -9.8018 0.0555 2.6860 -9.9759 0.0699 0.2000 0.4314 0.3922 0.1961 13.9787 2.0000 
1672 1673 14 0.0555 2.6860 -9.9759 0.0581 2.7805 -10.1522 0.0699 0.2000 0.4314 0.3922 0.1961 14.0965 2.0000 
1673 1674 14 0.0581 2.7805 -10.1522 0.0422 2.8691 -10.3307 0.0699 0.2000 0.4314 0.3922 0.1961 14.2152 2.0000 
1674 1675 14 0.0422 2.8691 -10.3307 0.0308 2.9456 -10.5152 0.0699 0.2000 0.4314 0.3922 0.1961 14.3348 2.0000 
1675 1676 14 0.0308 2.9456 -10.5152 0.0252 3.0107 -10.7042 0.0699 0.2000 0.4314 0.3922 0.1961 14.4552 2.0000 
1676 1677 14 0.0252 3.0107 -10.7042 0.0140 3.0733 -10.8939 0.0699 0.2000 0.4314 0.3922 0.1961 14.5765 2.0000 
1677 1678 14 0.0140 3.0733 -10.8939 0.0020 3.1243 -11.0869 0.0699 0.2000 0.4314 0.3922 0.1961 14.6988 2.0000 
1678 1679 14 0.0020 3.1243 -11.0869 0.0056 3.1659 -11.2824 0.0699 0.2000 0.4314 0.3922 0.1961 14.8219 2.0000 
1679 1680 14 0.0056 3.1659 -11.2824 0.0430 3.2480 -11.4609 0.0699 0.2000 0.4314 0.3922 0.1961 14.9460 2.0000 
1680 1681 14 0.0430 3.2480 -11.4609 0.0540 3.3399 -11.6382 0.0699 0.2000 0.4314 0.3922 0.1961 15.0711 2.0000 
1681 1682 14 0.0540 3.3399 -11.6382 0.0967 3.4168 -11.8179 0.0699 0.2000 0.4314 0.3922 0.1961 15.1971 2.0000 
1682 1683 14 0.0967 3.4168 -11.8179 0.1283 3.4563 -12.0114 0.0699 0.2000 0.4314 0.3922 0.1961 15.3240 2.0000 
1683 1684 14 0.1283 3.4563 -12.0114 0.1831 3.4672 -12.2034 0.0699 0.2000 0.4314 0.3922 0.1961 15.4520 2.0000 
1684 1685 14 0.1831 3.4672 -12.2034 0.2393 3.4788 -12.3950 0.0699 0.2000 0.4314 0.3922 0.1961 15.5810 2.0000 
1685 1686 14 0.2393 3.4788 -12.3950 0.2982 3.4938 -12.5855 0.0699 0.2000 0.4314 0.3922 0.1961 15.7109 2.0000 
1686 1687 14 0.2982 3.4938 -12.5855 0.2829 3.5256 -12.7824 0.0699 0.2000 0.4314 0.3922 0.1961 15.8420 2.0000 
1687 1688 14 0.2829 3.5256 -12.7824 0.2659 3.5557 -12.9794 0.0699 0.2000 0.4314 0.3922 0.1961 15.9741 2.0000 
1688 1689 14 0.2659 3.5557 -12.9794 0.2801 3.5745 -13.1780 0.0699 0.2000 0.4314 0.3922 0.1961 16.1072 2.0000 
1689 1690 14 0.2801 3.5745 -13.1780 0.2587 3.6323 -13.3682 0.0699 0.2000 0.4314 0.3922 0.1961 16.2415 2.0000 
1690 1691 14 0.2587 3.6323 -13.3682 0.2273 3.6871 -13.5580 0.0699 0.2000 0.4314 0.3922 0.1961 16.3768 2.0000 
1691 1692 14 0.2273 3.6871 -13.5580 0.2254 3.7732 -13.7385 0.0699 0.2000 0.4314 0.3922 0.1961 16.5133 2.0000 
1692 1693 14 0.2254 3.7732 -13.7385 0.2477 3.8609 -13.9169 0.0699 0.2000 0.4314 0.3922 0.1961 16.6509 2.0000 
1693 1694 14 0.2477 3.8609 -13.9169 0.2590 3.9273 -14.1052 0.0699 0.2000 0.4314 0.3922 0.1961 16.7897 2.0000 
1694 1695 14 0.2590 3.9273 -14.1052 0.2857 3.9647 -14.2999 0.0699 0.2000 0.4314 0.3922 0.1961 16.9297 2.0000 
1695 1696 14 0.2857 3.9647 -14.2999 0.3122 4.0055 -14.4938 0.0699 0.2000 0.4314 0.3922 0.1961 17.0709 2.0000 
1696 1697 14 0.3122 4.0055 -14.4938 0.3493 4.0541 -14.6843 0.0699 0.2000 0.4314 0.3922 0.1961 17.2133 2.0000 
1697 1698 14 0.3493 4.0541 -14.6843 0.4054 4.1148 -14.8664 0.0699 0.2000 0.4314 0.3922 0.1961 17.3569 2.0000 
1698 1699 14 0.4054 4.1148 -14.8664 0.4894 4.1757 -15.0374 0.0699 0.2000 0.4314 0.3922 0.1961 17.5019 2.0000 
1699 1700 14 0.4894 4.1757 -15.0374 0.5736 4.2336 -15.2093 0.0699 0.2000 0.4314 0.3922 0.1961 17.6481 2.0000 
1700 1701 14 0.5736 4.2336 -15.2093 0.6442 4.3268 -15.3716 0.0699 0.2000 0.4314 0.3922 0.1961 17.7956 2.0000 
1701 1702 14 0.6442 4.3268 -15.3716 0.7147 4.4187 -15.5346 0.0699 0.2000 0.4314 0.3922 0.1961 17.9445 2.0000 
1702 1703 14 0.7147 4.4187 -15.5346 0.8044 4.5141 -15.6858 0.0699 0.2000 0.4314 0.3922 0.1961 18.0947 2.0000 
1703 1704 14 0.8044 4.5141 -15.6858 0.8865 4.5956 -15.8489 0.0699 0.2000 0.4314 0.3922 0.1961 18.2464 2.0000 
1704 1705 14 0.8865 4.5956 -15.8489 0.9683 4.6769 -16.0124 0.0699 0.2000 0.4314 0.3922 0.1961 18.3994 2.0000 
1705 1706 14 0.9683 4.6769 -16.0124 1.0519 4.7555 -16.1761 0.0699 0.2000 0.4314 0.3922 0.1961 18.5539 2.0000 
1706 1707 14 1.0519 4.7555 -16.1761 1.1507 4.8261 -16.3350 0.0699 0.2000 0.4314 0.3922 0.1961 18.7098 2.0000 
1707 1708 14 1.1507 4.8261 -16.3350 1.2428 4.8434 -16.5117 0.0699 0.2000 0.4314 0.3922 0.1961 18.8673 2.0000 
1708 1709 14 1.2428 4.8434 -16.5117 1.3563 4.8393 -16.6763 0.0699 0.2000 0.4314 0.3922 0.1961 19.0263 2.0000 
1709 1710 14 1.3563 4.8393 -16.6763 1.4743 4.8434 -16.8378 0.0699 0.2000 0.4314 0.3922 0.1961 19.1868 2.0000 
1710 1711 14 1.4743 4.8434 -16.8378 1.5604 4.7924 -17.0110 0.0699 0.2000 0.4314 0.3922 0.1961 19.3489 2.0000 
1711 1712 14 1.5604 4.7924 -17.0110 1.6571 4.7409 -17.1783 0.0699 0.2000 0.4314 0.3922 0.1961 19.5126 2.0000 
1712 1713 14 1.6571 4.7409 -17.1783 1.7520 4.6839 -17.3448 0.0699 0.2000 0.4314 0.3922 0.1961 19.6780 2.0000 
1713 1714 14 1.7520 4.6839 -17.3448 1.8436 4.6193 -17.5105 0.0699 0.2000 0.4314 0.3922 0.1961 19.8451 2.0000 
1714 1715 14 1.8436 4.6193 -17.5105 1.9372 4.5452 -17.6709 0.0699 0.2000 0.4314 0.3922 0.1961 20.0139 2.0000 
1715 1716 14 1.9372 4.5452 -17.6709 2.0203 4.4811 -17.8412 0.0699 0.2000 0.4314 0.3922 0.1961 20.1845 2.0000 
1716 1717 14 2.0203 4.4811 -17.8412 2.1060 4.4156 -18.0096 0.0699 0.2000 0.4314 0.3922 0.1961 20.3568 2.0000 
1717 1718 14 2.1060 4.4156 -18.0096 2.2055 4.3149 -18.1508 0.0699 0.2000 0.4314 0.3922 0.1961 20.5310 2.0000 
1718 1719 14 2.2055 4.3149 -18.1508 2.2972 4.1976 -18.2845 0.0699 0.2000 0.4314 0.3922 0.1961 20.7070 2.0000 
1719 1720 14 2.2972 4.1976 -18.2845 2.3406 4.1019 -18.4546 0.0699 0.2000 0.4314 0.3922 0.1961 20.8850 2.0000 
1720 1721 14 2.3406 4.1019 -18.4546 2.4011 4.0477 -18.6374 0.0699 0.2000 0.4314 0.3922 0.1961 21.0649 2.0000 
1721 1722 14 2.4011 4.0477 -18.6374 2.4515 3.9667 -18.8132 0.0699 0.2000 0.4314 0.3922 0.1961 21.2468 2.0000 
1722 1723 14 2.4515 3.9667 -18.8132 2.5269 3.9045 -18.9876 0.0699 0.2000 0.4314 0.3922 0.1961 21.4307 2.0000 
1723 1724 14 2.5269 3.9045 -18.9876 2.5920 3.8422 -19.1662 0.0699 0.2000 0.4314 0.3922 0.1961 21.6167 2.0000 
1724 1725 14 2.5920 3.8422 -19.1662 2.6478 3.7836 -19.3491 0.0699 0.2000 0.4314 0.3922 0.1961 21.8049 2.0000 
1725 1726 14 2.6478 3.7836 -19.3491 2.7175 3.6944 -19.5140 0.0699 0.2000 0.4314 0.3922 0.1961 21.9953 2.0000 
1726 1727 14 2.7175 3.6944 -19.5140 2.7931 3.6031 -19.6751 0.0699 0.2000 0.4314 0.3922 0.1961 22.1878 2.0000 
1727 1728 14 2.7931 3.6031 -19.6751 2.8419 3.5230 -19.8517 0.0699 0.2000 0.4314 0.3922 0.1961 22.3827 2.0000 
1728 1729 14 2.8419 3.5230 -19.8517 2.8786 3.4800 -20.0435 0.0699 0.2000 0.4314 0.3922 0.1961 22.5799 2.0000 
1729 1730 14 2.8786 3.4800 -20.0435 2.9060 3.4482 -20.2391 0.0699 0.2000 0.4314 0.3922 0.1961 22.7795 2.0000 
1730 1731 14 2.9060 3.4482 -20.2391 2.9347 3.4040 -20.4320 0.0699 0.2000 0.4314 0.3922 0.1961 22.9816 2.0000 
1731 1732 14 2.9347 3.4040 -20.4320 2.9434 3.3469 -20.6235 0.0699 0.2000 0.4314 0.3922 0.1961 23.1862 2.0000 
1732 1733 14 2.9434 3.3469 -20.6235 2.9366 3.3051 -20.8190 0.0699 0.2000 0.4314 0.3922 0.1961 23.3934 2.0000 
1733 1734 14 2.9366 3.3051 -20.8190 2.9292 3.2599 -21.0136 0.0699 0.2000 0.4314 0.3922 0.1961 23.6032 2.0000 
1734 1735 14 2.9292 3.2599 -21.0136 2.8888 3.2290 -21.2071 0.0699 0.2000 0.4314 0.3922 0.1961 23.8158 2.0000 
1735 1736 14 2.8888 3.2290 -21.2071 2.8451 3.1978 -21.3997 0.0699 0.2000 0.4314 0.3922 0.1961 24.0311 2.0000 
1736 1737 14 2.8451 3.1978 -21.3997 2.8127 3.1684 -21.5949 0.0699 0.2000 0.4314 0.3922 0.1961 24.2493 2.0000 
1737 1738 14 2.8127 3.1684 -21.5949 2.7919 3.1500 -21.7930 0.0699 0.2000 0.4314 0.3922 0.1961 24.4705 2.0000 
1738 1739 14 2.7919 3.1500 -21.7930 2.7520 3.1258 -21.9874 0.0699 0.2000 0.4314 0.3922 0.1961 24.6947 2.0000 
1739 1740 14 2.7520 3.1258 -21.9874 2.7397 3.1246 -22.1870 0.0699 0.2000 0.4314 0.3922 0.1961 24.9219 2.0000 
1740 1741 14 2.7397 3.1246 -22.1870 2.7274 3.1204 -22.3866 0.0699 0.2000 0.4314 0.3922 0.1961 25.1524 2.0000 
1741 1742 14 2.7274 3.1204 -22.3866 2.7331 3.1381 -22.5858 0.0699 0.2000 0.4314 0.3922 0.1961 25.3862 2.0000 
1742 1743 14 2.7331 3.1381 -22.5858 2.7342 3.1289 -22.7855 0.0699 0.2000 0.4314 0.3922 0.1961 25.6233 2.0000 
1743 1744 14 2.7342 3.1289 -22.7855 2.7343 3.1131 -22.9849 0.0699 0.2000 0.4314 0.3922 0.1961 25.8640 2.0000 
1744 1745 14 2.7343 3.1131 -22.9849 2.7338 3.0979 -23.1843 0.0699 0.2000 0.4314 0.3922 0.1961 26.1082 2.0000 
1745 1746 14 2.7338 3.0979 -23.1843 2.6676 3.0714 -23.3712 0.0699 0.2000 0.4314 0.3922 0.1961 26.3561 2.0000 
1746 1747 14 2.6676 3.0714 -23.3712 2.6002 3.0340 -23.5558 0.0699 0.2000 0.4314 0.3922 0.1961 26.6078 2.0000 
1747 1748 14 2.6002 3.0340 -23.5558 2.5331 3.0030 -23.7416 0.0699 0.2000 0.4314 0.3922 0.1961 26.8634 2.0000 
1748 1749 14 2.5331 3.0030 -23.7416 2.4604 2.9454 -23.9188 0.0699 0.2000 0.4314 0.3922 0.1961 27.1231 2.0000 
1749 1750 14 2.4604 2.9454 -23.9188 2.4081 2.9163 -24.1096 0.0699 0.2000 0.4314 0.3922 0.1961 27.3869 2.0000 
1750 1751 14 2.4081 2.9163 -24.1096 2.3505 2.9141 -24.3011 0.0699 0.2000 0.4314 0.3922 0.1961 27.6551 2.0000 
1751 1752 14 2.3505 2.9141 -24.3011 2.2804 2.9113 -24.4884 0.0699 0.2000 0.4314 0.3922 0.1961 27.9277 2.0000 
1752 1753 14 2.2804 2.9113 -24.4884 2.2105 2.9060 -24.6757 0.0699 0.2000 0.4314 0.3922 0.1961 28.2050 2.0000 
1753 1754 14 2.2105 2.9060 -24.6757 2.1372 2.9127 -24.8617 0.0699 0.2000 0.4314 0.3922 0.1961 28.4870 2.0000 
1754 1755 14 2.1372 2.9127 -24.8617 2.0640 2.9173 -25.0478 0.0699 0.2000 0.4314 0.3922 0.1961 28.7739 2.0000 
1755 1756 14 2.0640 2.9173 -25.0478 1.9598 2.9099 -25.2183 0.0699 0.2000 0.4314 0.3922 0.1961 29.0660 2.0000 
1756 1757 14 1.9598 2.9099 -25.2183 1.8395 2.8692 -25.3728 0.0699 0.2000 0.4314 0.3922 0.1961 29.3633 2.0000 
1757 1758 14 1.8395 2.8692 -25.3728 1.7116 2.8227 -25.5194 0.0699 0.2000 0.4314 0.3922 0.1961 29.6662 2.0000 
1758 1759 14 1.7116 2.8227 -25.5194 1.5924 2.7303 -25.6508 0.0699 0.2000 0.4314 0.3922 0.1961 29.9747 2.0000 
1759 1760 14 1.5924 2.7303 -25.6508 1.5831 2.7233 -25.6621 0.0699 0.0162 0.4314 0.3922 0.1961 30.0000 2.0000 
37 1761 15 -0.0972 0.0376 -8.5709 0.0796 0.0418 -8.6644 0.0642 0.2000 0.4314 0.3922 0.1961 12.5474 2.0000 
1761 1762 15 0.0796 0.0418 -8.6644 0.2507 0.0745 -8.7626 0.0642 0.2000 0.4314 0.3922 0.1961 12.6416 2.0000 
1762 1763 15 0.2507 0.0745 -8.7626 0.4314 0.1372 -8.8211 0.0642 0.2000 0.4314 0.3922 0.1961 12.7363 2.0000 
1763 1764 15 0.4314 0.1372 -8.8211 0.6026 0.2074 -8.8968 0.0642 0.2000 0.4314 0.3922 0.1961 12.8316 2.0000 
1764 1765 15 0.6026 0.2074 -8.8968 0.7707 0.2659 -8.9881 0.0642 0.2000 0.4314 0.3922 0.1961 12.9275 2.0000 
1765 1766 15 0.7707 0.2659 -8.9881 0.9381 0.3350 -9.0731 0.0642 0.2000 0.4314 0.3922 0.1961 13.0240 2.0000 
1766 1767 15 0.9381 0.3350 -9.0731 1.1055 0.4037 -9.1582 0.0642 0.2000 0.4314 0.3922 0.1961 13.1212 2.0000 
1767 1768 15 1.1055 0.4037 -9.1582 1.2775 0.4765 -9.2296 0.0642 0.2000 0.4314 0.3922 0.1961 13.2189 2.0000 
1768 1769 15 1.2775 0.4765 -9.2296 1.4552 0.5447 -9.2911 0.0642 0.2000 0.4314 0.3922 0.1961 13.3173 2.0000 
1769 1770 15 1.4552 0.5447 -9.2911 1.6266 0.5982 -9.3793 0.0642 0.2000 0.4314 0.3922 0.1961 13.4164 2.0000 
1770 1771 15 1.6266 0.5982 -9.3793 1.8017 0.6411 -9.4659 0.0642 0.2000 0.4314 0.3922 0.1961 13.5160 2.0000 
1771 1772 15 1.8017 0.6411 -9.4659 1.9682 0.6598 -9.5751 0.0642 0.2000 0.4314 0.3922 0.1961 13.6164 2.0000 
1772 1773 15 1.9682 0.6598 -9.5751 2.1317 0.7010 -9.6827 0.0642 0.2000 0.4314 0.3922 0.1961 13.7174 2.0000 
1773 1774 15 2.1317 0.7010 -9.6827 2.2964 0.7475 -9.7861 0.0642 0.2000 0.4314 0.3922 0.1961 13.8190 2.0000 
1774 1775 15 2.2964 0.7475 -9.7861 2.4652 0.7978 -9.8809 0.0642 0.2000 0.4314 0.3922 0.1961 13.9214 2.0000 
1775 1776 15 2.4652 0.7978 -9.8809 2.6519 0.8539 -9.9257 0.0642 0.2000 0.4314 0.3922 0.1961 14.0245 2.0000 
1776 1777 15 2.6519 0.8539 -9.9257 2.8399 0.9053 -9.9703 0.0642 0.2000 0.4314 0.3922 0.1961 14.1282 2.0000 
1777 1778 15 2.8399 0.9053 -9.9703 3.0329 0.9434 -10.0067 0.0642 0.2000 0.4314 0.3922 0.1961 14.2327 2.0000 
1778 1779 15 3.0329 0.9434 -10.0067 3.2258 0.9832 -10.0414 0.0642 0.2000 0.4314 0.3922 0.1961 14.3379 2.0000 
1779 1780 15 3.2258 0.9832 -10.0414 3.4045 1.0612 -10.0857 0.0642 0.2000 0.4314 0.3922 0.1961 14.4438 2.0000 
1780 1781 15 3.4045 1.0612 -10.0857 3.5885 1.1344 -10.1140 0.0642 0.2000 0.4314 0.3922 0.1961 14.5504 2.0000 
1781 1782 15 3.5885 1.1344 -10.1140 3.7763 1.2014 -10.1292 0.0642 0.2000 0.4314 0.3922 0.1961 14.6578 2.0000 
1782 1783 15 3.7763 1.2014 -10.1292 3.9612 1.2641 -10.1725 0.0642 0.2000 0.4314 0.3922 0.1961 14.7660 2.0000 
1783 1784 15 3.9612 1.2641 -10.1725 4.1346 1.3527 -10.2181 0.0642 0.2000 0.4314 0.3922 0.1961 14.8750 2.0000 
1784 1785 15 4.1346 1.3527 -10.2181 4.2865 1.4710 -10.2722 0.0642 0.2000 0.4314 0.3922 0.1961 14.9847 2.0000 
1785 1786 15 4.2865 1.4710 -10.2722 4.4335 1.5957 -10.3255 0.0642 0.2000 0.4314 0.3922 0.1961 15.0952 2.0000 
1786 1787 15 4.4335 1.5957 -10.3255 4.5719 1.7250 -10.3898 0.0642 0.2000 0.4314 0.3922 0.1961 15.2066 2.0000 
1787 1788 15 4.5719 1.7250 -10.3898 4.6953 1.8715 -10.4475 0.0642 0.2000 0.4314 0.3922 0.1961 15.3187 2.0000 
1788 1789 15 4.6953 1.8715 -10.4475 4.7941 2.0209 -10.5364 0.0642 0.2000 0.4314 0.3922 0.1961 15.4317 2.0000 
1789 1790 15 4.7941 2.0209 -10.5364 4.9051 2.1697 -10.6109 0.0642 0.2000 0.4314 0.3922 0.1961 15.5455 2.0000 
1790 1791 15 4.9051 2.1697 -10.6109 5.0117 2.3050 -10.7124 0.0642 0.2000 0.4314 0.3922 0.1961 15.6602 2.0000 
1791 1792 15 5.0117 2.3050 -10.7124 5.1052 2.4479 -10.8166 0.0642 0.2000 0.4314 0.3922 0.1961 15.7758 2.0000 
1792 1793 15 5.1052 2.4479 -10.8166 5.1922 2.5969 -10.9177 0.0642 0.2000 0.4314 0.3922 0.1961 15.8922 2.0000 
1793 1794 15 5.1922 2.5969 -10.9177 5.2554 2.7385 -11.0440 0.0642 0.2000 0.4314 0.3922 0.1961 16.0096 2.0000 
1794 1795 15 5.2554 2.7385 -11.0440 5.3105 2.8508 -11.2001 0.0642 0.2000 0.4314 0.3922 0.1961 16.1278 2.0000 
1795 1796 15 5.3105 2.8508 -11.2001 5.3635 2.9621 -11.3576 0.0642 0.2000 0.4314 0.3922 0.1961 16.2470 2.0000 
1796 1797 15 5.3635 2.9621 -11.3576 5.4018 3.0629 -11.5260 0.0642 0.2000 0.4314 0.3922 0.1961 16.3671 2.0000 
1797 1798 15 5.4018 3.0629 -11.5260 5.4797 3.1601 -11.6825 0.0642 0.2000 0.4314 0.3922 0.1961 16.4882 2.0000 
1798 1799 15 5.4797 3.1601 -11.6825 5.5844 3.2340 -11.8360 0.0642 0.2000 0.4314 0.3922 0.1961 16.6102 2.0000 
1799 1800 15 5.5844 3.2340 -11.8360 5.6978 3.3229 -11.9747 0.0642 0.2000 0.4314 0.3922 0.1961 16.7332 2.0000 
1800 1801 15 5.6978 3.3229 -11.9747 5.8099 3.3946 -12.1240 0.0642 0.2000 0.4314 0.3922 0.1961 16.8573 2.0000 
1801 1802 15 5.8099 3.3946 -12.1240 5.8796 3.4720 -12.2948 0.0642 0.2000 0.4314 0.3922 0.1961 16.9823 2.0000 
1802 1803 15 5.8796 3.4720 -12.2948 5.9454 3.5370 -12.4721 0.0642 0.2000 0.4314 0.3922 0.1961 17.1084 2.0000 
1803 1804 15 5.9454 3.5370 -12.4721 6.0114 3.6015 -12.6495 0.0642 0.2000 0.4314 0.3922 0.1961 17.2355 2.0000 
1804 1805 15 6.0114 3.6015 -12.6495 6.0392 3.6776 -12.8324 0.0642 0.2000 0.4314 0.3922 0.1961 17.3637 2.0000 
1805 1806 15 6.0392 3.6776 -12.8324 6.0681 3.7476 -13.0175 0.0642 0.2000 0.4314 0.3922 0.1961 17.4930 2.0000 
1806 1807 15 6.0681 3.7476 -13.0175 6.1238 3.7759 -13.2075 0.0642 0.2000 0.4314 0.3922 0.1961 17.6234 2.0000 
1807 1808 15 6.1238 3.7759 -13.2075 6.1863 3.7931 -13.3967 0.0642 0.2000 0.4314 0.3922 0.1961 17.7549 2.0000 
1808 1809 15 6.1863 3.7931 -13.3967 6.2366 3.7860 -13.5902 0.0642 0.2000 0.4314 0.3922 0.1961 17.8876 2.0000 
1809 1810 15 6.2366 3.7860 -13.5902 6.2925 3.7785 -13.7820 0.0642 0.2000 0.4314 0.3922 0.1961 18.0214 2.0000 
1810 1811 15 6.2925 3.7785 -13.7820 6.3418 3.7651 -13.9754 0.0642 0.2000 0.4314 0.3922 0.1961 18.1565 2.0000 
1811 1812 15 6.3418 3.7651 -13.9754 6.4284 3.8077 -14.1506 0.0642 0.2000 0.4314 0.3922 0.1961 18.2927 2.0000 
1812 1813 15 6.4284 3.8077 -14.1506 6.5265 3.8366 -14.3225 0.0642 0.2000 0.4314 0.3922 0.1961 18.4301 2.0000 
1813 1814 15 6.5265 3.8366 -14.3225 6.6233 3.8659 -14.4950 0.0642 0.2000 0.4314 0.3922 0.1961 18.5688 2.0000 
1814 1815 15 6.6233 3.8659 -14.4950 6.7193 3.8896 -14.6689 0.0642 0.2000 0.4314 0.3922 0.1961 18.7088 2.0000 
1815 1816 15 6.7193 3.8896 -14.6689 6.8152 3.9133 -14.8427 0.0642 0.2000 0.4314 0.3922 0.1961 18.8501 2.0000 
1816 1817 15 6.8152 3.9133 -14.8427 6.9094 3.9476 -15.0158 0.0642 0.2000 0.4314 0.3922 0.1961 18.9927 2.0000 
1817 1818 15 6.9094 3.9476 -15.0158 6.9683 3.9732 -15.2052 0.0642 0.2000 0.4314 0.3922 0.1961 19.1367 2.0000 
1818 1819 15 6.9683 3.9732 -15.2052 7.0271 4.0042 -15.3939 0.0642 0.2000 0.4314 0.3922 0.1961 19.2820 2.0000 
1819 1820 15 7.0271 4.0042 -15.3939 7.0704 4.0647 -15.5795 0.0642 0.2000 0.4314 0.3922 0.1961 19.4287 2.0000 
1820 1821 15 7.0704 4.0647 -15.5795 7.1104 4.1330 -15.7632 0.0642 0.2000 0.4314 0.3922 0.1961 19.5769 2.0000 
1821 1822 15 7.1104 4.1330 -15.7632 7.1302 4.2220 -15.9412 0.0642 0.2000 0.4314 0.3922 0.1961 19.7265 2.0000 
1822 1823 15 7.1302 4.2220 -15.9412 7.1362 4.3284 -16.1104 0.0642 0.2000 0.4314 0.3922 0.1961 19.8776 2.0000 
1823 1824 15 7.1362 4.3284 -16.1104 7.1499 4.4281 -16.2832 0.0642 0.2000 0.4314 0.3922 0.1961 20.0302 2.0000 
1824 1825 15 7.1499 4.4281 -16.2832 7.1378 4.5356 -16.4515 0.0642 0.2000 0.4314 0.3922 0.1961 20.1843 2.0000 
1825 1826 15 7.1378 4.5356 -16.4515 7.1329 4.6382 -16.6231 0.0642 0.2000 0.4314 0.3922 0.1961 20.3400 2.0000 
1826 1827 15 7.1329 4.6382 -16.6231 7.1279 4.7410 -16.7946 0.0642 0.2000 0.4314 0.3922 0.1961 20.4974 2.0000 
1827 1828 15 7.1279 4.7410 -16.7946 7.0766 4.8092 -16.9755 0.0642 0.2000 0.4314 0.3922 0.1961 20.6563 2.0000 
1828 1829 15 7.0766 4.8092 -16.9755 7.0166 4.8713 -17.1559 0.0642 0.2000 0.4314 0.3922 0.1961 20.8170 2.0000 
1829 1830 15 7.0166 4.8713 -17.1559 6.9677 4.9409 -17.3368 0.0642 0.2000 0.4314 0.3922 0.1961 20.9793 2.0000 
1830 1831 15 6.9677 4.9409 -17.3368 6.9125 4.9907 -17.5225 0.0642 0.2000 0.4314 0.3922 0.1961 21.1435 2.0000 
1831 1832 15 6.9125 4.9907 -17.5225 6.8806 5.0797 -17.6988 0.0642 0.2000 0.4314 0.3922 0.1961 21.3094 2.0000 
1832 1833 15 6.8806 5.0797 -17.6988 6.8544 5.1684 -17.8761 0.0642 0.2000 0.4314 0.3922 0.1961 21.4771 2.0000 
1833 1834 15 6.8544 5.1684 -17.8761 6.8308 5.2519 -18.0563 0.0642 0.2000 0.4314 0.3922 0.1961 21.6467 2.0000 
1834 1835 15 6.8308 5.2519 -18.0563 6.7985 5.3143 -18.2435 0.0642 0.2000 0.4314 0.3922 0.1961 21.8182 2.0000 
1835 1836 15 6.7985 5.3143 -18.2435 6.7570 5.3451 -18.4368 0.0642 0.2000 0.4314 0.3922 0.1961 21.9916 2.0000 
1836 1837 15 6.7570 5.3451 -18.4368 6.7053 5.3891 -18.6249 0.0642 0.2000 0.4314 0.3922 0.1961 22.1671 2.0000 
1837 1838 15 6.7053 5.3891 -18.6249 6.6439 5.4144 -18.8136 0.0642 0.2000 0.4314 0.3922 0.1961 22.3446 2.0000 
1838 1839 15 6.6439 5.4144 -18.8136 6.6134 5.3861 -19.0092 0.0642 0.2000 0.4314 0.3922 0.1961 22.5242 2.0000 
1839 1840 15 6.6134 5.3861 -19.0092 6.5777 5.3386 -19.2002 0.0642 0.2000 0.4314 0.3922 0.1961 22.7059 2.0000 
1840 1841 15 6.5777 5.3386 -19.2002 6.5601 5.2914 -19.3937 0.0642 0.2000 0.4314 0.3922 0.1961 22.8898 2.0000 
1841 1842 15 6.5601 5.2914 -19.3937 6.5406 5.2366 -19.5851 0.0642 0.2000 0.4314 0.3922 0.1961 23.0760 2.0000 
1842 1843 15 6.5406 5.2366 -19.5851 6.5232 5.1682 -19.7722 0.0642 0.2000 0.4314 0.3922 0.1961 23.2645 2.0000 
1843 1844 15 6.5232 5.1682 -19.7722 6.5263 5.1294 -19.9684 0.0642 0.2000 0.4314 0.3922 0.1961 23.4553 2.0000 
1844 1845 15 6.5263 5.1294 -19.9684 6.5440 5.1006 -20.1655 0.0642 0.2000 0.4314 0.3922 0.1961 23.6486 2.0000 
1845 1846 15 6.5440 5.1006 -20.1655 6.5923 5.0846 -20.3589 0.0642 0.2000 0.4314 0.3922 0.1961 23.8443 2.0000 
1846 1847 15 6.5923 5.0846 -20.3589 6.6453 5.0630 -20.5506 0.0642 0.2000 0.4314 0.3922 0.1961 24.0426 2.0000 
1847 1848 15 6.6453 5.0630 -20.5506 6.7108 4.9929 -20.7260 0.0642 0.2000 0.4314 0.3922 0.1961 24.2435 2.0000 
1848 1849 15 6.7108 4.9929 -20.7260 6.7634 4.9315 -20.9090 0.0642 0.2000 0.4314 0.3922 0.1961 24.4471 2.0000 
1849 1850 15 6.7634 4.9315 -20.9090 6.8119 4.8796 -21.0959 0.0642 0.2000 0.4314 0.3922 0.1961 24.6534 2.0000 
1850 1851 15 6.8119 4.8796 -21.0959 6.8546 4.8366 -21.2865 0.0642 0.2000 0.4314 0.3922 0.1961 24.8626 2.0000 
1851 1852 15 6.8546 4.8366 -21.2865 6.8815 4.7971 -21.4807 0.0642 0.2000 0.4314 0.3922 0.1961 25.0747 2.0000 
1852 1853 15 6.8815 4.7971 -21.4807 6.8915 4.7546 -21.6759 0.0642 0.2000 0.4314 0.3922 0.1961 25.2898 2.0000 
1853 1854 15 6.8915 4.7546 -21.6759 6.8979 4.7380 -21.8751 0.0642 0.2000 0.4314 0.3922 0.1961 25.5080 2.0000 
1854 1855 15 6.8979 4.7380 -21.8751 6.8806 4.7357 -22.0743 0.0642 0.2000 0.4314 0.3922 0.1961 25.7293 2.0000 
1855 1856 15 6.8806 4.7357 -22.0743 6.8642 4.7337 -22.2737 0.0642 0.2000 0.4314 0.3922 0.1961 25.9539 2.0000 
1856 1857 15 6.8642 4.7337 -22.2737 6.8907 4.7669 -22.4691 0.0642 0.2000 0.4314 0.3922 0.1961 26.1819 2.0000 
1857 1858 15 6.8907 4.7669 -22.4691 6.9177 4.7932 -22.6655 0.0642 0.2000 0.4314 0.3922 0.1961 26.4133 2.0000 
1858 1859 15 6.9177 4.7932 -22.6655 6.9741 4.7802 -22.8569 0.0642 0.2000 0.4314 0.3922 0.1961 26.6483 2.0000 
1859 1860 15 6.9741 4.7802 -22.8569 7.0172 4.7692 -23.0519 0.0642 0.2000 0.4314 0.3922 0.1961 26.8870 2.0000 
1860 1861 15 7.0172 4.7692 -23.0519 7.0383 4.7864 -23.2501 0.0642 0.2000 0.4314 0.3922 0.1961 27.1295 2.0000 
1861 1862 15 7.0383 4.7864 -23.2501 7.0461 4.7998 -23.4495 0.0642 0.2000 0.4314 0.3922 0.1961 27.3759 2.0000 
1862 1863 15 7.0461 4.7998 -23.4495 7.0428 4.8223 -23.6482 0.0642 0.2000 0.4314 0.3922 0.1961 27.6263 2.0000 
1863 1864 15 7.0428 4.8223 -23.6482 7.0785 4.7953 -23.8431 0.0642 0.2000 0.4314 0.3922 0.1961 27.8810 2.0000 
1864 1865 15 7.0785 4.7953 -23.8431 7.0893 4.7643 -24.0404 0.0642 0.2000 0.4314 0.3922 0.1961 28.1399 2.0000 
1865 1866 15 7.0893 4.7643 -24.0404 7.1102 4.7530 -24.2390 0.0642 0.2000 0.4314 0.3922 0.1961 28.4034 2.0000 
1866 1867 15 7.1102 4.7530 -24.2390 7.1279 4.7437 -24.4380 0.0642 0.2000 0.4314 0.3922 0.1961 28.6715 2.0000 
1867 1868 15 7.1279 4.7437 -24.4380 7.0849 4.7273 -24.6326 0.0642 0.2000 0.4314 0.3922 0.1961 28.9443 2.0000 
1868 1869 15 7.0849 4.7273 -24.6326 7.0444 4.7163 -24.8281 0.0642 0.2000 0.4314 0.3922 0.1961 29.2222 2.0000 
1869 1870 15 7.0444 4.7163 -24.8281 6.9898 4.7049 -25.0202 0.0642 0.2000 0.4314 0.3922 0.1961 29.5052 2.0000 
1870 1871 15 6.9898 4.7049 -25.0202 6.9436 4.7040 -25.2148 0.0642 0.2000 0.4314 0.3922 0.1961 29.7936 2.0000 
1871 1872 15 6.9436 4.7040 -25.2148 6.9041 4.7018 -25.3499 0.0642 0.1408 0.4314 0.3922 0.1961 30.0000 2.0000 
39 1873 16 -0.1024 0.0727 -8.9641 -0.0837 -0.0789 -9.0933 0.0455 0.2000 0.4314 0.3922 0.1961 12.9442 2.0000 
1873 1874 16 -0.0837 -0.0789 -9.0933 -0.0659 -0.2241 -9.2297 0.0455 0.2000 0.4314 0.3922 0.1961 13.0371 2.0000 
1874 1875 16 -0.0659 -0.2241 -9.2297 -0.0389 -0.3730 -9.3605 0.0455 0.2000 0.4314 0.3922 0.1961 13.1307 2.0000 
1875 1876 16 -0.0389 -0.3730 -9.3605 -0.0057 -0.5064 -9.5057 0.0455 0.2000 0.4314 0.3922 0.1961 13.2250 2.0000 
1876 1877 16 -0.0057 -0.5064 -9.5057 0.0625 -0.6169 -9.6579 0.0455 0.2000 0.4314 0.3922 0.1961 13.3199 2.0000 
1877 1878 16 0.0625 -0.6169 -9.6579 0.1173 -0.7541 -9.7926 0.0455 0.2000 0.4314 0.3922 0.1961 13.4155 2.0000 
1878 1879 16 0.1173 -0.7541 -9.7926 0.1419 -0.8805 -9.9456 0.0455 0.2000 0.4314 0.3922 0.1961 13.5117 2.0000 
1879 1880 16 0.1419 -0.8805 -9.9456 0.1844 -1.0007 -10.0997 0.0455 0.2000 0.4314 0.3922 0.1961 13.6086 2.0000 
1880 1881 16 0.1844 -1.0007 -10.0997 0.2455 -1.1260 -10.2431 0.0455 0.2000 0.4314 0.3922 0.1961 13.7063 2.0000 
1881 1882 16 0.2455 -1.1260 -10.2431 0.2952 -1.2511 -10.3911 0.0455 0.2000 0.4314 0.3922 0.1961 13.8046 2.0000 
1882 1883 16 0.2952 -1.2511 -10.3911 0.3741 -1.3340 -10.5551 0.0455 0.2000 0.4314 0.3922 0.1961 13.9036 2.0000 
1883 1884 16 0.3741 -1.3340 -10.5551 0.4496 -1.4173 -10.7205 0.0455 0.2000 0.4314 0.3922 0.1961 14.0034 2.0000 
1884 1885 16 0.4496 -1.4173 -10.7205 0.5424 -1.4989 -10.8778 0.0455 0.2000 0.4314 0.3922 0.1961 14.1038 2.0000 
1885 1886 16 0.5424 -1.4989 -10.8778 0.6319 -1.5873 -11.0332 0.0455 0.2000 0.4314 0.3922 0.1961 14.2051 2.0000 
1886 1887 16 0.6319 -1.5873 -11.0332 0.6991 -1.6764 -11.1992 0.0455 0.2000 0.4314 0.3922 0.1961 14.3070 2.0000 
1887 1888 16 0.6991 -1.6764 -11.1992 0.7666 -1.7505 -11.3723 0.0455 0.2000 0.4314 0.3922 0.1961 14.4098 2.0000 
1888 1889 16 0.7666 -1.7505 -11.3723 0.8249 -1.8362 -11.5433 0.0455 0.2000 0.4314 0.3922 0.1961 14.5133 2.0000 
1889 1890 16 0.8249 -1.8362 -11.5433 0.9195 -1.9054 -11.7054 0.0455 0.2000 0.4314 0.3922 0.1961 14.6176 2.0000 
1890 1891 16 0.9195 -1.9054 -11.7054 1.0127 -1.9707 -11.8699 0.0455 0.2000 0.4314 0.3922 0.1961 14.7228 2.0000 
1891 1892 16 1.0127 -1.9707 -11.8699 1.1049 -2.0318 -12.0365 0.0455 0.2000 0.4314 0.3922 0.1961 14.8287 2.0000 
1892 1893 16 1.1049 -2.0318 -12.0365 1.1973 -2.0890 -12.2044 0.0455 0.2000 0.4314 0.3922 0.1961 14.9354 2.0000 
1893 1894 16 1.1973 -2.0890 -12.2044 1.2907 -2.1418 -12.3732 0.0455 0.2000 0.4314 0.3922 0.1961 15.0430 2.0000 
1894 1895 16 1.2907 -2.1418 -12.3732 1.3842 -2.1971 -12.5411 0.0455 0.2000 0.4314 0.3922 0.1961 15.1515 2.0000 
1895 1896 16 1.3842 -2.1971 -12.5411 1.4374 -2.2512 -12.7262 0.0455 0.2000 0.4314 0.3922 0.1961 15.2608 2.0000 
1896 1897 16 1.4374 -2.2512 -12.7262 1.4882 -2.2839 -12.9168 0.0455 0.2000 0.4314 0.3922 0.1961 15.3710 2.0000 
1897 1898 16 1.4882 -2.2839 -12.9168 1.5536 -2.3350 -13.0988 0.0455 0.2000 0.4314 0.3922 0.1961 15.4821 2.0000 
1898 1899 16 1.5536 -2.3350 -13.0988 1.6087 -2.3746 -13.2869 0.0455 0.2000 0.4314 0.3922 0.1961 15.5941 2.0000 
1899 1900 16 1.6087 -2.3746 -13.2869 1.6493 -2.4196 -13.4775 0.0455 0.2000 0.4314 0.3922 0.1961 15.7070 2.0000 
1900 1901 16 1.6493 -2.4196 -13.4775 1.6818 -2.4822 -13.6647 0.0455 0.2000 0.4314 0.3922 0.1961 15.8209 2.0000 
1901 1902 16 1.6818 -2.4822 -13.6647 1.6712 -2.5402 -13.8558 0.0455 0.2000 0.4314 0.3922 0.1961 15.9357 2.0000 
1902 1903 16 1.6712 -2.5402 -13.8558 1.6477 -2.6061 -14.0432 0.0455 0.2000 0.4314 0.3922 0.1961 16.0515 2.0000 
1903 1904 16 1.6477 -2.6061 -14.0432 1.6596 -2.6460 -14.2388 0.0455 0.2000 0.4314 0.3922 0.1961 16.1683 2.0000 
1904 1905 16 1.6596 -2.6460 -14.2388 1.6099 -2.7157 -14.4196 0.0455 0.2000 0.4314 0.3922 0.1961 16.2861 2.0000 
1905 1906 16 1.6099 -2.7157 -14.4196 1.5591 -2.7896 -14.5983 0.0455 0.2000 0.4314 0.3922 0.1961 16.4049 2.0000 
1906 1907 16 1.5591 -2.7896 -14.5983 1.5071 -2.8615 -14.7776 0.0455 0.2000 0.4314 0.3922 0.1961 16.5247 2.0000 
1907 1908 16 1.5071 -2.8615 -14.7776 1.4233 -2.9535 -14.9341 0.0455 0.2000 0.4314 0.3922 0.1961 16.6456 2.0000 
1908 1909 16 1.4233 -2.9535 -14.9341 1.3760 -3.0280 -15.1136 0.0455 0.2000 0.4314 0.3922 0.1961 16.7676 2.0000 
1909 1910 16 1.3760 -3.0280 -15.1136 1.3145 -3.0708 -15.2990 0.0455 0.2000 0.4314 0.3922 0.1961 16.8907 2.0000 
1910 1911 16 1.3145 -3.0708 -15.2990 1.2169 -3.1011 -15.4710 0.0455 0.2000 0.4314 0.3922 0.1961 17.0149 2.0000 
1911 1912 16 1.2169 -3.1011 -15.4710 1.1284 -3.1453 -15.6447 0.0455 0.2000 0.4314 0.3922 0.1961 17.1403 2.0000 
1912 1913 16 1.1284 -3.1453 -15.6447 1.0380 -3.1788 -15.8200 0.0455 0.2000 0.4314 0.3922 0.1961 17.2668 2.0000 
1913 1914 16 1.0380 -3.1788 -15.8200 0.9893 -3.1739 -16.0139 0.0455 0.2000 0.4314 0.3922 0.1961 17.3945 2.0000 
1914 1915 16 0.9893 -3.1739 -16.0139 0.9412 -3.1693 -16.2080 0.0455 0.2000 0.4314 0.3922 0.1961 17.5233 2.0000 
1915 1916 16 0.9412 -3.1693 -16.2080 0.8476 -3.1704 -16.3847 0.0455 0.2000 0.4314 0.3922 0.1961 17.6535 2.0000 
1916 1917 16 0.8476 -3.1704 -16.3847 0.7545 -3.1751 -16.5617 0.0455 0.2000 0.4314 0.3922 0.1961 17.7848 2.0000 
1917 1918 16 0.7545 -3.1751 -16.5617 0.6667 -3.1669 -16.7412 0.0455 0.2000 0.4314 0.3922 0.1961 17.9174 2.0000 
1918 1919 16 0.6667 -3.1669 -16.7412 0.5488 -3.1805 -16.9022 0.0455 0.2000 0.4314 0.3922 0.1961 18.0514 2.0000 
1919 1920 16 0.5488 -3.1805 -16.9022 0.4394 -3.2205 -17.0648 0.0455 0.2000 0.4314 0.3922 0.1961 18.1866 2.0000 
1920 1921 16 0.4394 -3.2205 -17.0648 0.3356 -3.2196 -17.2357 0.0455 0.2000 0.4314 0.3922 0.1961 18.3232 2.0000 
1921 1922 16 0.3356 -3.2196 -17.2357 0.2479 -3.2547 -17.4120 0.0455 0.2000 0.4314 0.3922 0.1961 18.4612 2.0000 
1922 1923 16 0.2479 -3.2547 -17.4120 0.1648 -3.2921 -17.5901 0.0455 0.2000 0.4314 0.3922 0.1961 18.6006 2.0000 
1923 1924 16 0.1648 -3.2921 -17.5901 0.0300 -3.3324 -17.7322 0.0455 0.2000 0.4314 0.3922 0.1961 18.7414 2.0000 
1924 1925 16 0.0300 -3.3324 -17.7322 -0.1043 -3.3745 -17.8743 0.0455 0.2000 0.4314 0.3922 0.1961 18.8837 2.0000 
1925 1926 16 -0.1043 -3.3745 -17.8743 -0.2352 -3.4132 -18.0205 0.0455 0.2000 0.4314 0.3922 0.1961 19.0275 2.0000 
1926 1927 16 -0.2352 -3.4132 -18.0205 -0.3679 -3.4521 -18.1649 0.0455 0.2000 0.4314 0.3922 0.1961 19.1728 2.0000 
1927 1928 16 -0.3679 -3.4521 -18.1649 -0.4963 -3.4938 -18.3125 0.0455 0.2000 0.4314 0.3922 0.1961 19.3197 2.0000 
1928 1929 16 -0.4963 -3.4938 -18.3125 -0.6063 -3.5317 -18.4752 0.0455 0.2000 0.4314 0.3922 0.1961 19.4682 2.0000 
1929 1930 16 -0.6063 -3.5317 -18.4752 -0.6777 -3.5812 -18.6553 0.0455 0.2000 0.4314 0.3922 0.1961 19.6183 2.0000 
1930 1931 16 -0.6777 -3.5812 -18.6553 -0.7587 -3.6435 -18.8273 0.0455 0.2000 0.4314 0.3922 0.1961 19.7700 2.0000 
1931 1932 16 -0.7587 -3.6435 -18.8273 -0.8122 -3.7452 -18.9909 0.0455 0.2000 0.4314 0.3922 0.1961 19.9235 2.0000 
1932 1933 16 -0.8122 -3.7452 -18.9909 -0.8735 -3.8445 -19.1534 0.0455 0.2000 0.4314 0.3922 0.1961 20.0787 2.0000 
1933 1934 16 -0.8735 -3.8445 -19.1534 -0.9175 -3.9213 -19.3327 0.0455 0.2000 0.4314 0.3922 0.1961 20.2357 2.0000 
1934 1935 16 -0.9175 -3.9213 -19.3327 -0.9771 -4.0098 -19.5019 0.0455 0.2000 0.4314 0.3922 0.1961 20.3945 2.0000 
1935 1936 16 -0.9771 -4.0098 -19.5019 -1.0361 -4.0995 -19.6707 0.0455 0.2000 0.4314 0.3922 0.1961 20.5552 2.0000 
1936 1937 16 -1.0361 -4.0995 -19.6707 -1.0854 -4.1477 -19.8584 0.0455 0.2000 0.4314 0.3922 0.1961 20.7178 2.0000 
1937 1938 16 -1.0854 -4.1477 -19.8584 -1.0982 -4.2379 -20.0364 0.0455 0.2000 0.4314 0.3922 0.1961 20.8823 2.0000 
1938 1939 16 -1.0982 -4.2379 -20.0364 -1.0882 -4.3380 -20.2093 0.0455 0.2000 0.4314 0.3922 0.1961 21.0488 2.0000 
1939 1940 16 -1.0882 -4.3380 -20.2093 -1.0784 -4.4381 -20.3822 0.0455 0.2000 0.4314 0.3922 0.1961 21.2174 2.0000 
1940 1941 16 -1.0784 -4.4381 -20.3822 -1.0315 -4.5656 -20.5290 0.0455 0.2000 0.4314 0.3922 0.1961 21.3881 2.0000 
1941 1942 16 -1.0315 -4.5656 -20.5290 -1.0069 -4.6954 -20.6791 0.0455 0.2000 0.4314 0.3922 0.1961 21.5610 2.0000 
1942 1943 16 -1.0069 -4.6954 -20.6791 -0.9914 -4.8254 -20.8303 0.0455 0.2000 0.4314 0.3922 0.1961 21.7361 2.0000 
1943 1944 16 -0.9914 -4.8254 -20.8303 -0.9545 -4.9457 -20.9858 0.0455 0.2000 0.4314 0.3922 0.1961 21.9134 2.0000 
1944 1945 16 -0.9545 -4.9457 -20.9858 -0.9138 -5.0611 -21.1440 0.0455 0.2000 0.4314 0.3922 0.1961 22.0931 2.0000 
1945 1946 16 -0.9138 -5.0611 -21.1440 -0.8767 -5.1635 -21.3117 0.0455 0.2000 0.4314 0.3922 0.1961 22.2751 2.0000 
1946 1947 16 -0.8767 -5.1635 -21.3117 -0.8043 -5.2842 -21.4538 0.0455 0.2000 0.4314 0.3922 0.1961 22.4596 2.0000 
1947 1948 16 -0.8043 -5.2842 -21.4538 -0.7275 -5.4006 -21.5971 0.0455 0.2000 0.4314 0.3922 0.1961 22.6467 2.0000 
1948 1949 16 -0.7275 -5.4006 -21.5971 -0.7058 -5.5005 -21.7691 0.0455 0.2000 0.4314 0.3922 0.1961 22.8363 2.0000 
1949 1950 16 -0.7058 -5.5005 -21.7691 -0.6721 -5.5980 -21.9404 0.0455 0.2000 0.4314 0.3922 0.1961 23.0286 2.0000 
1950 1951 16 -0.6721 -5.5980 -21.9404 -0.6384 -5.6958 -22.1116 0.0455 0.2000 0.4314 0.3922 0.1961 23.2236 2.0000 
1951 1952 16 -0.6384 -5.6958 -22.1116 -0.6119 -5.7561 -22.3004 0.0455 0.2000 0.4314 0.3922 0.1961 23.4215 2.0000 
1952 1953 16 -0.6119 -5.7561 -22.3004 -0.5549 -5.8232 -22.4800 0.0455 0.2000 0.4314 0.3922 0.1961 23.6222 2.0000 
1953 1954 16 -0.5549 -5.8232 -22.4800 -0.5013 -5.8603 -22.6691 0.0455 0.2000 0.4314 0.3922 0.1961 23.8260 2.0000 
1954 1955 16 -0.5013 -5.8603 -22.6691 -0.4569 -5.8949 -22.8610 0.0455 0.2000 0.4314 0.3922 0.1961 24.0328 2.0000 
1955 1956 16 -0.4569 -5.8949 -22.8610 -0.4197 -5.9170 -23.0562 0.0455 0.2000 0.4314 0.3922 0.1961 24.2428 2.0000 
1956 1957 16 -0.4197 -5.9170 -23.0562 -0.3809 -5.9489 -23.2498 0.0455 0.2000 0.4314 0.3922 0.1961 24.4561 2.0000 
1957 1958 16 -0.3809 -5.9489 -23.2498 -0.3444 -5.9689 -23.4455 0.0455 0.2000 0.4314 0.3922 0.1961 24.6727 2.0000 
1958 1959 16 -0.3444 -5.9689 -23.4455 -0.3634 -5.9774 -23.6444 0.0455 0.2000 0.4314 0.3922 0.1961 24.8929 2.0000 
1959 1960 16 -0.3634 -5.9774 -23.6444 -0.3890 -5.9804 -23.8427 0.0455 0.2000 0.4314 0.3922 0.1961 25.1166 2.0000 
1960 1961 16 -0.3890 -5.9804 -23.8427 -0.4123 -5.9805 -24.0413 0.0455 0.2000 0.4314 0.3922 0.1961 25.3441 2.0000 
1961 1962 16 -0.4123 -5.9805 -24.0413 -0.4235 -5.9967 -24.2404 0.0455 0.2000 0.4314 0.3922 0.1961 25.5754 2.0000 
1962 1963 16 -0.4235 -5.9967 -24.2404 -0.4432 -6.0277 -24.4370 0.0455 0.2000 0.4314 0.3922 0.1961 25.8107 2.0000 
1963 1964 16 -0.4432 -6.0277 -24.4370 -0.4669 -6.0358 -24.6354 0.0455 0.2000 0.4314 0.3922 0.1961 26.0501 2.0000 
1964 1965 16 -0.4669 -6.0358 -24.6354 -0.4757 -6.0428 -24.8351 0.0455 0.2000 0.4314 0.3922 0.1961 26.2938 2.0000 
1965 1966 16 -0.4757 -6.0428 -24.8351 -0.5105 -6.0589 -25.0314 0.0455 0.2000 0.4314 0.3922 0.1961 26.5419 2.0000 
1966 1967 16 -0.5105 -6.0589 -25.0314 -0.5382 -6.0687 -25.2292 0.0455 0.2000 0.4314 0.3922 0.1961 26.7945 2.0000 
1967 1968 16 -0.5382 -6.0687 -25.2292 -0.5665 -6.0761 -25.4270 0.0455 0.2000 0.4314 0.3922 0.1961 27.0519 2.0000 
1968 1969 16 -0.5665 -6.0761 -25.4270 -0.5886 -6.0596 -25.6251 0.0455 0.2000 0.4314 0.3922 0.1961 27.3143 2.0000 
1969 1970 16 -0.5886 -6.0596 -25.6251 -0.6111 -6.0409 -25.8230 0.0455 0.2000 0.4314 0.3922 0.1961 27.5818 2.0000 
1970 1971 16 -0.6111 -6.0409 -25.8230 -0.6497 -6.0181 -26.0179 0.0455 0.2000 0.4314 0.3922 0.1961 27.8546 2.0000 
1971 1972 16 -0.6497 -6.0181 -26.0179 -0.6354 -6.0037 -26.2168 0.0455 0.2000 0.4314 0.3922 0.1961 28.1330 2.0000 
1972 1973 16 -0.6354 -6.0037 -26.2168 -0.6317 -5.9906 -26.4164 0.0455 0.2000 0.4314 0.3922 0.1961 28.4172 2.0000 
1973 1974 16 -0.6317 -5.9906 -26.4164 -0.6411 -5.9725 -26.6153 0.0455 0.2000 0.4314 0.3922 0.1961 28.7074 2.0000 
1974 1975 16 -0.6411 -5.9725 -26.6153 -0.6506 -5.9476 -26.8136 0.0455 0.2000 0.4314 0.3922 0.1961 29.0038 2.0000 
1975 1976 16 -0.6506 -5.9476 -26.8136 -0.6673 -5.9258 -27.0117 0.0455 0.2000 0.4314 0.3922 0.1961 29.3069 2.0000 
1976 1977 16 -0.6673 -5.9258 -27.0117 -0.6812 -5.8996 -27.2094 0.0455 0.2000 0.4314 0.3922 0.1961 29.6168 2.0000 
1977 1978 16 -0.6812 -5.8996 -27.2094 -0.6956 -5.8740 -27.4073 0.0455 0.2000 0.4314 0.3922 0.1961 29.9339 2.0000 
1978 1979 16 -0.6956 -5.8740 -27.4073 -0.6994 -5.8700 -27.4480 0.0455 0.0411 0.4314 0.3922 0.1961 30.0000 2.0000 
41 1980 17 -0.0999 0.0805 -9.3614 -0.2718 0.0074 -9.4329 0.0730 0.2000 0.4314 0.3922 0.1961 13.3651 2.0000 
1980 1981 17 -0.2718 0.0074 -9.4329 -0.4470 -0.0463 -9.5128 0.0730 0.2000 0.4314 0.3922 0.1961 13.4746 2.0000 
1981 1982 17 -0.4470 -0.0463 -9.5128 -0.6187 -0.0893 -9.6059 0.0730 0.2000 0.4314 0.3922 0.1961 13.5849 2.0000 
1982 1983 17 -0.6187 -0.0893 -9.6059 -0.7991 -0.1540 -9.6632 0.0730 0.2000 0.4314 0.3922 0.1961 13.6958 2.0000 
1983 1984 17 -0.7991 -0.1540 -9.6632 -0.9663 -0.2189 -9.7518 0.0730 0.2000 0.4314 0.3922 0.1961 13.8075 2.0000 
1984 1985 17 -0.9663 -0.2189 -9.7518 -1.1166 -0.3166 -9.8404 0.0730 0.2000 0.4314 0.3922 0.1961 13.9199 2.0000 
1985 1986 17 -1.1166 -0.3166 -9.8404 -1.2707 -0.4202 -9.9147 0.0730 0.2000 0.4314 0.3922 0.1961 14.0330 2.0000 
1986 1987 17 -1.2707 -0.4202 -9.9147 -1.4144 -0.5061 -10.0241 0.0730 0.2000 0.4314 0.3922 0.1961 14.1469 2.0000 
1987 1988 17 -1.4144 -0.5061 -10.0241 -1.5307 -0.6108 -10.1487 0.0730 0.2000 0.4314 0.3922 0.1961 14.2615 2.0000 
1988 1989 17 -1.5307 -0.6108 -10.1487 -1.6459 -0.6956 -10.2884 0.0730 0.2000 0.4314 0.3922 0.1961 14.3769 2.0000 
1989 1990 17 -1.6459 -0.6956 -10.2884 -1.7819 -0.7563 -10.4220 0.0730 0.2000 0.4314 0.3922 0.1961 14.4931 2.0000 
1990 1991 17 -1.7819 -0.7563 -10.4220 -1.9175 -0.8167 -10.5560 0.0730 0.2000 0.4314 0.3922 0.1961 14.6100 2.0000 
1991 1992 17 -1.9175 -0.8167 -10.5560 -2.0637 -0.8611 -10.6850 0.0730 0.2000 0.4314 0.3922 0.1961 14.7278 2.0000 
1992 1993 17 -2.0637 -0.8611 -10.6850 -2.2060 -0.9043 -10.8188 0.0730 0.2000 0.4314 0.3922 0.1961 14.8463 2.0000 
1993 1994 17 -2.2060 -0.9043 -10.8188 -2.3664 -0.9646 -10.9219 0.0730 0.2000 0.4314 0.3922 0.1961 14.9657 2.0000 
1994 1995 17 -2.3664 -0.9646 -10.9219 -2.5321 -0.9836 -11.0323 0.0730 0.2000 0.4314 0.3922 0.1961 15.0859 2.0000 
1995 1996 17 -2.5321 -0.9836 -11.0323 -2.6543 -0.9728 -11.1902 0.0730 0.2000 0.4314 0.3922 0.1961 15.2069 2.0000 
1996 1997 17 -2.6543 -0.9728 -11.1902 -2.7715 -0.9609 -11.3519 0.0730 0.2000 0.4314 0.3922 0.1961 15.3288 2.0000 
1997 1998 17 -2.7715 -0.9609 -11.3519 -2.8880 -0.9827 -11.5130 0.0730 0.2000 0.4314 0.3922 0.1961 15.4515 2.0000 
1998 1999 17 -2.8880 -0.9827 -11.5130 -3.0056 -1.0014 -11.6736 0.0730 0.2000 0.4314 0.3922 0.1961 15.5752 2.0000 
1999 2000 17 -3.0056 -1.0014 -11.6736 -3.1244 -1.0118 -11.8342 0.0730 0.2000 0.4314 0.3922 0.1961 15.6997 2.0000 
2000 2001 17 -3.1244 -1.0118 -11.8342 -3.2284 -1.0377 -12.0030 0.0730 0.2000 0.4314 0.3922 0.1961 15.8251 2.0000 
2001 2002 17 -3.2284 -1.0377 -12.0030 -3.3403 -1.0487 -12.1685 0.0730 0.2000 0.4314 0.3922 0.1961 15.9514 2.0000 
2002 2003 17 -3.3403 -1.0487 -12.1685 -3.4478 -1.0390 -12.3368 0.0730 0.2000 0.4314 0.3922 0.1961 16.0787 2.0000 
2003 2004 17 -3.4478 -1.0390 -12.3368 -3.5891 -1.0081 -12.4749 0.0730 0.2000 0.4314 0.3922 0.1961 16.2069 2.0000 
2004 2005 17 -3.5891 -1.0081 -12.4749 -3.6720 -1.0149 -12.6568 0.0730 0.2000 0.4314 0.3922 0.1961 16.3360 2.0000 
2005 2006 17 -3.6720 -1.0149 -12.6568 -3.7342 -1.0391 -12.8453 0.0730 0.2000 0.4314 0.3922 0.1961 16.4662 2.0000 
2006 2007 17 -3.7342 -1.0391 -12.8453 -3.8009 -1.0493 -13.0336 0.0730 0.2000 0.4314 0.3922 0.1961 16.5973 2.0000 
2007 2008 17 -3.8009 -1.0493 -13.0336 -3.8704 -1.0589 -13.2209 0.0730 0.2000 0.4314 0.3922 0.1961 16.7294 2.0000 
2008 2009 17 -3.8704 -1.0589 -13.2209 -3.9212 -1.0432 -13.4137 0.0730 0.2000 0.4314 0.3922 0.1961 16.8625 2.0000 
2009 2010 17 -3.9212 -1.0432 -13.4137 -3.9588 -1.0260 -13.6094 0.0730 0.2000 0.4314 0.3922 0.1961 16.9967 2.0000 
2010 2011 17 -3.9588 -1.0260 -13.6094 -3.9745 -1.0230 -13.8087 0.0730 0.2000 0.4314 0.3922 0.1961 17.1319 2.0000 
2011 2012 17 -3.9745 -1.0230 -13.8087 -3.9956 -1.0153 -14.0075 0.0730 0.2000 0.4314 0.3922 0.1961 17.2682 2.0000 
2012 2013 17 -3.9956 -1.0153 -14.0075 -3.9886 -1.0076 -14.2072 0.0730 0.2000 0.4314 0.3922 0.1961 17.4055 2.0000 
2013 2014 17 -3.9886 -1.0076 -14.2072 -3.9814 -0.9993 -14.4069 0.0730 0.2000 0.4314 0.3922 0.1961 17.5440 2.0000 
2014 2015 17 -3.9814 -0.9993 -14.4069 -3.9787 -1.0167 -14.6061 0.0730 0.2000 0.4314 0.3922 0.1961 17.6835 2.0000 
2015 2016 17 -3.9787 -1.0167 -14.6061 -3.9549 -1.0306 -14.8042 0.0730 0.2000 0.4314 0.3922 0.1961 17.8242 2.0000 
2016 2017 17 -3.9549 -1.0306 -14.8042 -3.9386 -1.0252 -15.0035 0.0730 0.2000 0.4314 0.3922 0.1961 17.9661 2.0000 
2017 2018 17 -3.9386 -1.0252 -15.0035 -3.9284 -1.0185 -15.2031 0.0730 0.2000 0.4314 0.3922 0.1961 18.1091 2.0000 
2018 2019 17 -3.9284 -1.0185 -15.2031 -3.8900 -1.0123 -15.3993 0.0730 0.2000 0.4314 0.3922 0.1961 18.2533 2.0000 
2019 2020 17 -3.8900 -1.0123 -15.3993 -3.8412 -0.9912 -15.5921 0.0730 0.2000 0.4314 0.3922 0.1961 18.3987 2.0000 
2020 2021 17 -3.8412 -0.9912 -15.5921 -3.7835 -1.0097 -15.7827 0.0730 0.2000 0.4314 0.3922 0.1961 18.5454 2.0000 
2021 2022 17 -3.7835 -1.0097 -15.7827 -3.7271 -1.0153 -15.9745 0.0730 0.2000 0.4314 0.3922 0.1961 18.6933 2.0000 
2022 2023 17 -3.7271 -1.0153 -15.9745 -3.6936 -1.0899 -16.1570 0.0730 0.2000 0.4314 0.3922 0.1961 18.8425 2.0000 
2023 2024 17 -3.6936 -1.0899 -16.1570 -3.6555 -1.1631 -16.3392 0.0730 0.2000 0.4314 0.3922 0.1961 18.9930 2.0000 
2024 2025 17 -3.6555 -1.1631 -16.3392 -3.6342 -1.2068 -16.5332 0.0730 0.2000 0.4314 0.3922 0.1961 19.1448 2.0000 
2025 2026 17 -3.6342 -1.2068 -16.5332 -3.6155 -1.2470 -16.7282 0.0730 0.2000 0.4314 0.3922 0.1961 19.2979 2.0000 
2026 2027 17 -3.6155 -1.2470 -16.7282 -3.5966 -1.2872 -16.9232 0.0730 0.2000 0.4314 0.3922 0.1961 19.4524 2.0000 
2027 2028 17 -3.5966 -1.2872 -16.9232 -3.5701 -1.3683 -17.1041 0.0730 0.2000 0.4314 0.3922 0.1961 19.6083 2.0000 
2028 2029 17 -3.5701 -1.3683 -17.1041 -3.5171 -1.3529 -17.2964 0.0730 0.2000 0.4314 0.3922 0.1961 19.7656 2.0000 
2029 2030 17 -3.5171 -1.3529 -17.2964 -3.4315 -1.3755 -17.4757 0.0730 0.2000 0.4314 0.3922 0.1961 19.9244 2.0000 
2030 2031 17 -3.4315 -1.3755 -17.4757 -3.3978 -1.3799 -17.6727 0.0730 0.2000 0.4314 0.3922 0.1961 20.0846 2.0000 
2031 2032 17 -3.3978 -1.3799 -17.6727 -3.3698 -1.3762 -17.8707 0.0730 0.2000 0.4314 0.3922 0.1961 20.2463 2.0000 
2032 2033 17 -3.3698 -1.3762 -17.8707 -3.3333 -1.3928 -18.0667 0.0730 0.2000 0.4314 0.3922 0.1961 20.4096 2.0000 
2033 2034 17 -3.3333 -1.3928 -18.0667 -3.3262 -1.4152 -18.2653 0.0730 0.2000 0.4314 0.3922 0.1961 20.5744 2.0000 
2034 2035 17 -3.3262 -1.4152 -18.2653 -3.3495 -1.4489 -18.4611 0.0730 0.2000 0.4314 0.3922 0.1961 20.7408 2.0000 
2035 2036 17 -3.3495 -1.4489 -18.4611 -3.3337 -1.4571 -18.6603 0.0730 0.2000 0.4314 0.3922 0.1961 20.9088 2.0000 
2036 2037 17 -3.3337 -1.4571 -18.6603 -3.2997 -1.4884 -18.8548 0.0730 0.2000 0.4314 0.3922 0.1961 21.0784 2.0000 
2037 2038 17 -3.2997 -1.4884 -18.8548 -3.2787 -1.5242 -19.0505 0.0730 0.2000 0.4314 0.3922 0.1961 21.2497 2.0000 
2038 2039 17 -3.2787 -1.5242 -19.0505 -3.2634 -1.5561 -19.2473 0.0730 0.2000 0.4314 0.3922 0.1961 21.4228 2.0000 
2039 2040 17 -3.2634 -1.5561 -19.2473 -3.2536 -1.5698 -19.4466 0.0730 0.2000 0.4314 0.3922 0.1961 21.5975 2.0000 
2040 2041 17 -3.2536 -1.5698 -19.4466 -3.2440 -1.5681 -19.6464 0.0730 0.2000 0.4314 0.3922 0.1961 21.7741 2.0000 
2041 2042 17 -3.2440 -1.5681 -19.6464 -3.2051 -1.5360 -19.8399 0.0730 0.2000 0.4314 0.3922 0.1961 21.9525 2.0000 
2042 2043 17 -3.2051 -1.5360 -19.8399 -3.1728 -1.5030 -20.0345 0.0730 0.2000 0.4314 0.3922 0.1961 22.1327 2.0000 
2043 2044 17 -3.1728 -1.5030 -20.0345 -3.1316 -1.5082 -20.2302 0.0730 0.2000 0.4314 0.3922 0.1961 22.3148 2.0000 
2044 2045 17 -3.1316 -1.5082 -20.2302 -3.0867 -1.5294 -20.4239 0.0730 0.2000 0.4314 0.3922 0.1961 22.4989 2.0000 
2045 2046 17 -3.0867 -1.5294 -20.4239 -3.0366 -1.5695 -20.6133 0.0730 0.2000 0.4314 0.3922 0.1961 22.6849 2.0000 
2046 2047 17 -3.0366 -1.5695 -20.6133 -2.9865 -1.6097 -20.8027 0.0730 0.2000 0.4314 0.3922 0.1961 22.8730 2.0000 
2047 2048 17 -2.9865 -1.6097 -20.8027 -2.9420 -1.6533 -20.9928 0.0730 0.2000 0.4314 0.3922 0.1961 23.0631 2.0000 
2048 2049 17 -2.9420 -1.6533 -20.9928 -2.9369 -1.6653 -21.1924 0.0730 0.2000 0.4314 0.3922 0.1961 23.2554 2.0000 
2049 2050 17 -2.9369 -1.6653 -21.1924 -2.9574 -1.6959 -21.3889 0.0730 0.2000 0.4314 0.3922 0.1961 23.4498 2.0000 
2050 2051 17 -2.9574 -1.6959 -21.3889 -2.9751 -1.7215 -21.5865 0.0730 0.2000 0.4314 0.3922 0.1961 23.6464 2.0000 
2051 2052 17 -2.9751 -1.7215 -21.5865 -2.9836 -1.7118 -21.7861 0.0730 0.2000 0.4314 0.3922 0.1961 23.8452 2.0000 
2052 2053 17 -2.9836 -1.7118 -21.7861 -2.9652 -1.7142 -21.9852 0.0730 0.2000 0.4314 0.3922 0.1961 24.0464 2.0000 
2053 2054 17 -2.9652 -1.7142 -21.9852 -2.9577 -1.7366 -22.1838 0.0730 0.2000 0.4314 0.3922 0.1961 24.2499 2.0000 
2054 2055 17 -2.9577 -1.7366 -22.1838 -2.9540 -1.7624 -22.3821 0.0730 0.2000 0.4314 0.3922 0.1961 24.4559 2.0000 
2055 2056 17 -2.9540 -1.7624 -22.3821 -2.9634 -1.7623 -22.5819 0.0730 0.2000 0.4314 0.3922 0.1961 24.6643 2.0000 
2056 2057 17 -2.9634 -1.7623 -22.5819 -2.9732 -1.7654 -22.7816 0.0730 0.2000 0.4314 0.3922 0.1961 24.8753 2.0000 
2057 2058 17 -2.9732 -1.7654 -22.7816 -2.9612 -1.7913 -22.9796 0.0730 0.2000 0.4314 0.3922 0.1961 25.0889 2.0000 
2058 2059 17 -2.9612 -1.7913 -22.9796 -2.9165 -1.8594 -23.1622 0.0730 0.2000 0.4314 0.3922 0.1961 25.3051 2.0000 
2059 2060 17 -2.9165 -1.8594 -23.1622 -2.8705 -1.9300 -23.3436 0.0730 0.2000 0.4314 0.3922 0.1961 25.5241 2.0000 
2060 2061 17 -2.8705 -1.9300 -23.3436 -2.8072 -1.9921 -23.5229 0.0730 0.2000 0.4314 0.3922 0.1961 25.7459 2.0000 
2061 2062 17 -2.8072 -1.9921 -23.5229 -2.7636 -2.0426 -23.7114 0.0730 0.2000 0.4314 0.3922 0.1961 25.9705 2.0000 
2062 2063 17 -2.7636 -2.0426 -23.7114 -2.7163 -2.0826 -23.9016 0.0730 0.2000 0.4314 0.3922 0.1961 26.1981 2.0000 
2063 2064 17 -2.7163 -2.0826 -23.9016 -2.6804 -2.1154 -24.0956 0.0730 0.2000 0.4314 0.3922 0.1961 26.4288 2.0000 
2064 2065 17 -2.6804 -2.1154 -24.0956 -2.6232 -2.1543 -24.2833 0.0730 0.2000 0.4314 0.3922 0.1961 26.6625 2.0000 
2065 2066 17 -2.6232 -2.1543 -24.2833 -2.5154 -2.1637 -24.4514 0.0730 0.2000 0.4314 0.3922 0.1961 26.8995 2.0000 
2066 2067 17 -2.5154 -2.1637 -24.4514 -2.4255 -2.1517 -24.6297 0.0730 0.2000 0.4314 0.3922 0.1961 27.1397 2.0000 
2067 2068 17 -2.4255 -2.1517 -24.6297 -2.3314 -2.1421 -24.8059 0.0730 0.2000 0.4314 0.3922 0.1961 27.3833 2.0000 
2068 2069 17 -2.3314 -2.1421 -24.8059 -2.2092 -2.1555 -24.9637 0.0730 0.2000 0.4314 0.3922 0.1961 27.6304 2.0000 
2069 2070 17 -2.2092 -2.1555 -24.9637 -2.0966 -2.1944 -25.1244 0.0730 0.2000 0.4314 0.3922 0.1961 27.8811 2.0000 
2070 2071 17 -2.0966 -2.1944 -25.1244 -1.9829 -2.2358 -25.2836 0.0730 0.2000 0.4314 0.3922 0.1961 28.1355 2.0000 
2071 2072 17 -1.9829 -2.2358 -25.2836 -1.8497 -2.2619 -25.4305 0.0730 0.2000 0.4314 0.3922 0.1961 28.3936 2.0000 
2072 2073 17 -1.8497 -2.2619 -25.4305 -1.7276 -2.2974 -25.5848 0.0730 0.2000 0.4314 0.3922 0.1961 28.6556 2.0000 
2073 2074 17 -1.7276 -2.2974 -25.5848 -1.6102 -2.3231 -25.7447 0.0730 0.2000 0.4314 0.3922 0.1961 28.9217 2.0000 
2074 2075 17 -1.6102 -2.3231 -25.7447 -1.4837 -2.3435 -25.8983 0.0730 0.2000 0.4314 0.3922 0.1961 29.1919 2.0000 
2075 2076 17 -1.4837 -2.3435 -25.8983 -1.3673 -2.3596 -26.0601 0.0730 0.2000 0.4314 0.3922 0.1961 29.4665 2.0000 
2076 2077 17 -1.3673 -2.3596 -26.0601 -1.2540 -2.3636 -26.2248 0.0730 0.2000 0.4314 0.3922 0.1961 29.7454 2.0000 
2077 2078 17 -1.2540 -2.3636 -26.2248 -1.1537 -2.3627 -26.3740 0.0730 0.1798 0.4314 0.3922 0.1961 30.0000 2.0000 
44 2079 18 -0.0977 0.1013 -9.7782 -0.0850 -0.0785 -9.8649 0.0640 0.2000 0.4314 0.3922 0.1961 13.7896 2.0000 
2079 2080 18 -0.0850 -0.0785 -9.8649 -0.0684 -0.2567 -9.9542 0.0640 0.2000 0.4314 0.3922 0.1961 13.8941 2.0000 
2080 2081 18 -0.0684 -0.2567 -9.9542 -0.0600 -0.4347 -10.0450 0.0640 0.2000 0.4314 0.3922 0.1961 13.9992 2.0000 
2081 2082 18 -0.0600 -0.4347 -10.0450 -0.0324 -0.6127 -10.1318 0.0640 0.2000 0.4314 0.3922 0.1961 14.1050 2.0000 
2082 2083 18 -0.0324 -0.6127 -10.1318 -0.0334 -0.8052 -10.1864 0.0640 0.2000 0.4314 0.3922 0.1961 14.2116 2.0000 
2083 2084 18 -0.0334 -0.8052 -10.1864 -0.0507 -0.9671 -10.3024 0.0640 0.2000 0.4314 0.3922 0.1961 14.3189 2.0000 
2084 2085 18 -0.0507 -0.9671 -10.3024 -0.0707 -1.1403 -10.4005 0.0640 0.2000 0.4314 0.3922 0.1961 14.4270 2.0000 
2085 2086 18 -0.0707 -1.1403 -10.4005 -0.0805 -1.3199 -10.4878 0.0640 0.2000 0.4314 0.3922 0.1961 14.5358 2.0000 
2086 2087 18 -0.0805 -1.3199 -10.4878 -0.0844 -1.4875 -10.5970 0.0640 0.2000 0.4314 0.3922 0.1961 14.6453 2.0000 
2087 2088 18 -0.0844 -1.4875 -10.5970 -0.1007 -1.6568 -10.7022 0.0640 0.2000 0.4314 0.3922 0.1961 14.7557 2.0000 
2088 2089 18 -0.1007 -1.6568 -10.7022 -0.1207 -1.8234 -10.8110 0.0640 0.2000 0.4314 0.3922 0.1961 14.8668 2.0000 
2089 2090 18 -0.1207 -1.8234 -10.8110 -0.1499 -1.9717 -10.9420 0.0640 0.2000 0.4314 0.3922 0.1961 14.9788 2.0000 
2090 2091 18 -0.1499 -1.9717 -10.9420 -0.1927 -2.1011 -11.0884 0.0640 0.2000 0.4314 0.3922 0.1961 15.0915 2.0000 
2091 2092 18 -0.1927 -2.1011 -11.0884 -0.2155 -2.2481 -11.2221 0.0640 0.2000 0.4314 0.3922 0.1961 15.2051 2.0000 
2092 2093 18 -0.2155 -2.2481 -11.2221 -0.2637 -2.3666 -11.3758 0.0640 0.2000 0.4314 0.3922 0.1961 15.3195 2.0000 
2093 2094 18 -0.2637 -2.3666 -11.3758 -0.2896 -2.4363 -11.5614 0.0640 0.2000 0.4314 0.3922 0.1961 15.4347 2.0000 
2094 2095 18 -0.2896 -2.4363 -11.5614 -0.3217 -2.5064 -11.7460 0.0640 0.2000 0.4314 0.3922 0.1961 15.5509 2.0000 
2095 2096 18 -0.3217 -2.5064 -11.7460 -0.3318 -2.5829 -11.9305 0.0640 0.2000 0.4314 0.3922 0.1961 15.6679 2.0000 
2096 2097 18 -0.3318 -2.5829 -11.9305 -0.3585 -2.6507 -12.1167 0.0640 0.2000 0.4314 0.3922 0.1961 15.7857 2.0000 
2097 2098 18 -0.3585 -2.6507 -12.1167 -0.3978 -2.7582 -12.2808 0.0640 0.2000 0.4314 0.3922 0.1961 15.9045 2.0000 
2098 2099 18 -0.3978 -2.7582 -12.2808 -0.4262 -2.8574 -12.4521 0.0640 0.2000 0.4314 0.3922 0.1961 16.0242 2.0000 
2099 2100 18 -0.4262 -2.8574 -12.4521 -0.4287 -2.9514 -12.6286 0.0640 0.2000 0.4314 0.3922 0.1961 16.1448 2.0000 
2100 2101 18 -0.4287 -2.9514 -12.6286 -0.4149 -3.0230 -12.8148 0.0640 0.2000 0.4314 0.3922 0.1961 16.2664 2.0000 
2101 2102 18 -0.4149 -3.0230 -12.8148 -0.3955 -3.0893 -13.0025 0.0640 0.2000 0.4314 0.3922 0.1961 16.3889 2.0000 
2102 2103 18 -0.3955 -3.0893 -13.0025 -0.3566 -3.1275 -13.1950 0.0640 0.2000 0.4314 0.3922 0.1961 16.5124 2.0000 
2103 2104 18 -0.3566 -3.1275 -13.1950 -0.2941 -3.1706 -13.3800 0.0640 0.2000 0.4314 0.3922 0.1961 16.6368 2.0000 
2104 2105 18 -0.2941 -3.1706 -13.3800 -0.2395 -3.1992 -13.5703 0.0640 0.2000 0.4314 0.3922 0.1961 16.7623 2.0000 
2105 2106 18 -0.2395 -3.1992 -13.5703 -0.1716 -3.2454 -13.7526 0.0640 0.2000 0.4314 0.3922 0.1961 16.8888 2.0000 
2106 2107 18 -0.1716 -3.2454 -13.7526 -0.1059 -3.2990 -13.9338 0.0640 0.2000 0.4314 0.3922 0.1961 17.0164 2.0000 
2107 2108 18 -0.1059 -3.2990 -13.9338 -0.0974 -3.3417 -14.1290 0.0640 0.2000 0.4314 0.3922 0.1961 17.1450 2.0000 
2108 2109 18 -0.0974 -3.3417 -14.1290 -0.0890 -3.3804 -14.3250 0.0640 0.2000 0.4314 0.3922 0.1961 17.2746 2.0000 
2109 2110 18 -0.0890 -3.3804 -14.3250 -0.0827 -3.4033 -14.5236 0.0640 0.2000 0.4314 0.3922 0.1961 17.4054 2.0000 
2110 2111 18 -0.0827 -3.4033 -14.5236 -0.0762 -3.4205 -14.7227 0.0640 0.2000 0.4314 0.3922 0.1961 17.5372 2.0000 
2111 2112 18 -0.0762 -3.4205 -14.7227 -0.0800 -3.4119 -14.9225 0.0640 0.2000 0.4314 0.3922 0.1961 17.6702 2.0000 
2112 2113 18 -0.0800 -3.4119 -14.9225 -0.0765 -3.3731 -15.1187 0.0640 0.2000 0.4314 0.3922 0.1961 17.8044 2.0000 
2113 2114 18 -0.0765 -3.3731 -15.1187 -0.0722 -3.3345 -15.3149 0.0640 0.2000 0.4314 0.3922 0.1961 17.9397 2.0000 
2114 2115 18 -0.0722 -3.3345 -15.3149 -0.0688 -3.2960 -15.5111 0.0640 0.2000 0.4314 0.3922 0.1961 18.0761 2.0000 
2115 2116 18 -0.0688 -3.2960 -15.5111 -0.0435 -3.2708 -15.7079 0.0640 0.2000 0.4314 0.3922 0.1961 18.2138 2.0000 
2116 2117 18 -0.0435 -3.2708 -15.7079 -0.0002 -3.2301 -15.8989 0.0640 0.2000 0.4314 0.3922 0.1961 18.3528 2.0000 
2117 2118 18 -0.0002 -3.2301 -15.8989 0.0304 -3.1876 -16.0919 0.0640 0.2000 0.4314 0.3922 0.1961 18.4929 2.0000 
2118 2119 18 0.0304 -3.1876 -16.0919 0.0687 -3.1605 -16.2863 0.0640 0.2000 0.4314 0.3922 0.1961 18.6344 2.0000 
2119 2120 18 0.0687 -3.1605 -16.2863 0.1074 -3.1161 -16.4774 0.0640 0.2000 0.4314 0.3922 0.1961 18.7771 2.0000 
2120 2121 18 0.1074 -3.1161 -16.4774 0.1630 -3.1000 -16.6689 0.0640 0.2000 0.4314 0.3922 0.1961 18.9212 2.0000 
2121 2122 18 0.1630 -3.1000 -16.6689 0.2002 -3.0844 -16.8648 0.0640 0.2000 0.4314 0.3922 0.1961 19.0666 2.0000 
2122 2123 18 0.2002 -3.0844 -16.8648 0.2213 -3.1067 -17.0624 0.0640 0.2000 0.4314 0.3922 0.1961 19.2134 2.0000 
2123 2124 18 0.2213 -3.1067 -17.0624 0.2428 -3.1283 -17.2601 0.0640 0.2000 0.4314 0.3922 0.1961 19.3616 2.0000 
2124 2125 18 0.2428 -3.1283 -17.2601 0.2584 -3.1272 -17.4594 0.0640 0.2000 0.4314 0.3922 0.1961 19.5112 2.0000 
2125 2126 18 0.2584 -3.1272 -17.4594 0.2610 -3.0997 -17.6575 0.0640 0.2000 0.4314 0.3922 0.1961 19.6623 2.0000 
2126 2127 18 0.2610 -3.0997 -17.6575 0.2629 -3.0755 -17.8561 0.0640 0.2000 0.4314 0.3922 0.1961 19.8148 2.0000 
2127 2128 18 0.2629 -3.0755 -17.8561 0.2474 -3.0537 -18.0543 0.0640 0.2000 0.4314 0.3922 0.1961 19.9689 2.0000 
2128 2129 18 0.2474 -3.0537 -18.0543 0.2387 -3.0350 -18.2532 0.0640 0.2000 0.4314 0.3922 0.1961 20.1245 2.0000 
2129 2130 18 0.2387 -3.0350 -18.2532 0.2438 -3.0353 -18.4531 0.0640 0.2000 0.4314 0.3922 0.1961 20.2817 2.0000 
2130 2131 18 0.2438 -3.0353 -18.4531 0.2661 -3.0482 -18.6515 0.0640 0.2000 0.4314 0.3922 0.1961 20.4405 2.0000 
2131 2132 18 0.2661 -3.0482 -18.6515 0.2869 -3.0758 -18.8485 0.0640 0.2000 0.4314 0.3922 0.1961 20.6009 2.0000 
2132 2133 18 0.2869 -3.0758 -18.8485 0.3055 -3.0705 -19.0475 0.0640 0.2000 0.4314 0.3922 0.1961 20.7630 2.0000 
2133 2134 18 0.3055 -3.0705 -19.0475 0.3136 -3.0382 -19.2447 0.0640 0.2000 0.4314 0.3922 0.1961 20.9267 2.0000 
2134 2135 18 0.3136 -3.0382 -19.2447 0.3030 -2.9996 -19.4407 0.0640 0.2000 0.4314 0.3922 0.1961 21.0923 2.0000 
2135 2136 18 0.3030 -2.9996 -19.4407 0.3070 -2.9656 -19.6377 0.0640 0.2000 0.4314 0.3922 0.1961 21.2596 2.0000 
2136 2137 18 0.3070 -2.9656 -19.6377 0.3348 -2.9506 -19.8352 0.0640 0.2000 0.4314 0.3922 0.1961 21.4287 2.0000 
2137 2138 18 0.3348 -2.9506 -19.8352 0.3486 -2.9327 -20.0339 0.0640 0.2000 0.4314 0.3922 0.1961 21.5997 2.0000 
2138 2139 18 0.3486 -2.9327 -20.0339 0.3960 -2.9081 -20.2267 0.0640 0.2000 0.4314 0.3922 0.1961 21.7726 2.0000 
2139 2140 18 0.3960 -2.9081 -20.2267 0.4433 -2.8834 -20.4194 0.0640 0.2000 0.4314 0.3922 0.1961 21.9474 2.0000 
2140 2141 18 0.4433 -2.8834 -20.4194 0.4784 -2.8684 -20.6157 0.0640 0.2000 0.4314 0.3922 0.1961 22.1243 2.0000 
2141 2142 18 0.4784 -2.8684 -20.6157 0.5172 -2.8760 -20.8118 0.0640 0.2000 0.4314 0.3922 0.1961 22.3031 2.0000 
2142 2143 18 0.5172 -2.8760 -20.8118 0.5586 -2.8858 -21.0072 0.0640 0.2000 0.4314 0.3922 0.1961 22.4841 2.0000 
2143 2144 18 0.5586 -2.8858 -21.0072 0.6321 -2.8657 -21.1921 0.0640 0.2000 0.4314 0.3922 0.1961 22.6671 2.0000 
2144 2145 18 0.6321 -2.8657 -21.1921 0.7033 -2.8256 -21.3747 0.0640 0.2000 0.4314 0.3922 0.1961 22.8524 2.0000 
2145 2146 18 0.7033 -2.8256 -21.3747 0.7459 -2.7838 -21.5656 0.0640 0.2000 0.4314 0.3922 0.1961 23.0398 2.0000 
2146 2147 18 0.7459 -2.7838 -21.5656 0.8166 -2.7758 -21.7525 0.0640 0.2000 0.4314 0.3922 0.1961 23.2296 2.0000 
2147 2148 18 0.8166 -2.7758 -21.7525 0.8874 -2.7686 -21.9394 0.0640 0.2000 0.4314 0.3922 0.1961 23.4217 2.0000 
2148 2149 18 0.8874 -2.7686 -21.9394 0.9307 -2.7707 -22.1346 0.0640 0.2000 0.4314 0.3922 0.1961 23.6162 2.0000 
2149 2150 18 0.9307 -2.7707 -22.1346 0.9832 -2.7911 -22.3265 0.0640 0.2000 0.4314 0.3922 0.1961 23.8132 2.0000 
2150 2151 18 0.9832 -2.7911 -22.3265 1.0381 -2.7689 -22.5176 0.0640 0.2000 0.4314 0.3922 0.1961 24.0127 2.0000 
2151 2152 18 1.0381 -2.7689 -22.5176 1.0234 -2.7354 -22.7142 0.0640 0.2000 0.4314 0.3922 0.1961 24.2148 2.0000 
2152 2153 18 1.0234 -2.7354 -22.7142 1.0569 -2.7031 -22.9087 0.0640 0.2000 0.4314 0.3922 0.1961 24.4195 2.0000 
2153 2154 18 1.0569 -2.7031 -22.9087 1.1149 -2.6507 -23.0928 0.0640 0.2000 0.4314 0.3922 0.1961 24.6270 2.0000 
2154 2155 18 1.1149 -2.6507 -23.0928 1.1634 -2.6103 -23.2826 0.0640 0.2000 0.4314 0.3922 0.1961 24.8373 2.0000 
2155 2156 18 1.1634 -2.6103 -23.2826 1.2184 -2.5670 -23.4699 0.0640 0.2000 0.4314 0.3922 0.1961 25.0505 2.0000 
2156 2157 18 1.2184 -2.5670 -23.4699 1.2832 -2.5287 -23.6552 0.0640 0.2000 0.4314 0.3922 0.1961 25.2666 2.0000 
2157 2158 18 1.2832 -2.5287 -23.6552 1.3586 -2.4725 -23.8317 0.0640 0.2000 0.4314 0.3922 0.1961 25.4858 2.0000 
2158 2159 18 1.3586 -2.4725 -23.8317 1.4114 -2.4376 -24.0215 0.0640 0.2000 0.4314 0.3922 0.1961 25.7081 2.0000 
2159 2160 18 1.4114 -2.4376 -24.0215 1.4586 -2.4054 -24.2131 0.0640 0.2000 0.4314 0.3922 0.1961 25.9336 2.0000 
2160 2161 18 1.4586 -2.4054 -24.2131 1.4939 -2.3950 -24.4097 0.0640 0.2000 0.4314 0.3922 0.1961 26.1624 2.0000 
2161 2162 18 1.4939 -2.3950 -24.4097 1.5245 -2.3544 -24.6031 0.0640 0.2000 0.4314 0.3922 0.1961 26.3947 2.0000 
2162 2163 18 1.5245 -2.3544 -24.6031 1.5419 -2.2977 -24.7942 0.0640 0.2000 0.4314 0.3922 0.1961 26.6305 2.0000 
2163 2164 18 1.5419 -2.2977 -24.7942 1.5609 -2.2395 -24.9845 0.0640 0.2000 0.4314 0.3922 0.1961 26.8699 2.0000 
2164 2165 18 1.5609 -2.2395 -24.9845 1.5630 -2.2208 -25.1837 0.0640 0.2000 0.4314 0.3922 0.1961 27.1130 2.0000 
2165 2166 18 1.5630 -2.2208 -25.1837 1.5166 -2.1752 -25.3728 0.0640 0.2000 0.4314 0.3922 0.1961 27.3600 2.0000 
2166 2167 18 1.5166 -2.1752 -25.3728 1.4823 -2.1452 -25.5675 0.0640 0.2000 0.4314 0.3922 0.1961 27.6110 2.0000 
2167 2168 18 1.4823 -2.1452 -25.5675 1.4494 -2.1140 -25.7623 0.0640 0.2000 0.4314 0.3922 0.1961 27.8661 2.0000 
2168 2169 18 1.4494 -2.1140 -25.7623 1.4171 -2.0832 -25.9573 0.0640 0.2000 0.4314 0.3922 0.1961 28.1255 2.0000 
2169 2170 18 1.4171 -2.0832 -25.9573 1.4053 -2.0382 -26.1518 0.0640 0.2000 0.4314 0.3922 0.1961 28.3893 2.0000 
2170 2171 18 1.4053 -2.0382 -26.1518 1.4211 -2.0017 -26.3478 0.0640 0.2000 0.4314 0.3922 0.1961 28.6576 2.0000 
2171 2172 18 1.4211 -2.0017 -26.3478 1.4251 -1.9727 -26.5456 0.0640 0.2000 0.4314 0.3922 0.1961 28.9306 2.0000 
2172 2173 18 1.4251 -1.9727 -26.5456 1.4625 -1.9306 -26.7375 0.0640 0.2000 0.4314 0.3922 0.1961 29.2085 2.0000 
2173 2174 18 1.4625 -1.9306 -26.7375 1.4384 -1.9183 -26.9357 0.0640 0.2000 0.4314 0.3922 0.1961 29.4914 2.0000 
2174 2175 18 1.4384 -1.9183 -26.9357 1.4341 -1.9308 -27.1353 0.0640 0.2000 0.4314 0.3922 0.1961 29.7796 2.0000 
2175 2176 18 1.4341 -1.9308 -27.1353 1.4204 -1.9500 -27.2839 0.0640 0.1505 0.4314 0.3922 0.1961 30.0000 2.0000 
46 2177 19 -0.0367 0.0843 -10.1679 -0.1991 0.0697 -10.2837 0.0500 0.2000 0.4314 0.3922 0.1961 14.2065 2.0000 
2177 2178 19 -0.1991 0.0697 -10.2837 -0.3638 0.0596 -10.3968 0.0500 0.2000 0.4314 0.3922 0.1961 14.3128 2.0000 
2178 2179 19 -0.3638 0.0596 -10.3968 -0.5263 0.0561 -10.5132 0.0500 0.2000 0.4314 0.3922 0.1961 14.4198 2.0000 
2179 2180 19 -0.5263 0.0561 -10.5132 -0.6843 0.0538 -10.6359 0.0500 0.2000 0.4314 0.3922 0.1961 14.5275 2.0000 
2180 2181 19 -0.6843 0.0538 -10.6359 -0.8210 0.0683 -10.7811 0.0500 0.2000 0.4314 0.3922 0.1961 14.6360 2.0000 
2181 2182 19 -0.8210 0.0683 -10.7811 -0.9524 0.0995 -10.9286 0.0500 0.2000 0.4314 0.3922 0.1961 14.7451 2.0000 
2182 2183 19 -0.9524 0.0995 -10.9286 -1.0756 0.1206 -11.0848 0.0500 0.2000 0.4314 0.3922 0.1961 14.8550 2.0000 
2183 2184 19 -1.0756 0.1206 -11.0848 -1.2062 0.1424 -11.2347 0.0500 0.2000 0.4314 0.3922 0.1961 14.9656 2.0000 
2184 2185 19 -1.2062 0.1424 -11.2347 -1.2746 0.1598 -11.4218 0.0500 0.2000 0.4314 0.3922 0.1961 15.0770 2.0000 
2185 2186 19 -1.2746 0.1598 -11.4218 -1.3270 0.1806 -11.6137 0.0500 0.2000 0.4314 0.3922 0.1961 15.1892 2.0000 
2186 2187 19 -1.3270 0.1806 -11.6137 -1.3795 0.2014 -11.8055 0.0500 0.2000 0.4314 0.3922 0.1961 15.3021 2.0000 
2187 2188 19 -1.3795 0.2014 -11.8055 -1.4388 0.2239 -11.9952 0.0500 0.2000 0.4314 0.3922 0.1961 15.4158 2.0000 
2188 2189 19 -1.4388 0.2239 -11.9952 -1.4883 0.2324 -12.1888 0.0500 0.2000 0.4314 0.3922 0.1961 15.5303 2.0000 
2189 2190 19 -1.4883 0.2324 -12.1888 -1.5467 0.2146 -12.3793 0.0500 0.2000 0.4314 0.3922 0.1961 15.6456 2.0000 
2190 2191 19 -1.5467 0.2146 -12.3793 -1.6091 0.1947 -12.5682 0.0500 0.2000 0.4314 0.3922 0.1961 15.7617 2.0000 
2191 2192 19 -1.6091 0.1947 -12.5682 -1.6769 0.1792 -12.7558 0.0500 0.2000 0.4314 0.3922 0.1961 15.8786 2.0000 
2192 2193 19 -1.6769 0.1792 -12.7558 -1.7360 0.1524 -12.9450 0.0500 0.2000 0.4314 0.3922 0.1961 15.9964 2.0000 
2193 2194 19 -1.7360 0.1524 -12.9450 -1.8063 0.1403 -13.1318 0.0500 0.2000 0.4314 0.3922 0.1961 16.1150 2.0000 
2194 2195 19 -1.8063 0.1403 -13.1318 -1.8761 0.1287 -13.3188 0.0500 0.2000 0.4314 0.3922 0.1961 16.2345 2.0000 
2195 2196 19 -1.8761 0.1287 -13.3188 -1.9508 0.1347 -13.5043 0.0500 0.2000 0.4314 0.3922 0.1961 16.3549 2.0000 
2196 2197 19 -1.9508 0.1347 -13.5043 -1.9878 0.0961 -13.6970 0.0500 0.2000 0.4314 0.3922 0.1961 16.4762 2.0000 
2197 2198 19 -1.9878 0.0961 -13.6970 -2.0408 0.0590 -13.8863 0.0500 0.2000 0.4314 0.3922 0.1961 16.5984 2.0000 
2198 2199 19 -2.0408 0.0590 -13.8863 -2.0561 0.0442 -14.0851 0.0500 0.2000 0.4314 0.3922 0.1961 16.7215 2.0000 
2199 2200 19 -2.0561 0.0442 -14.0851 -2.0784 0.0234 -14.2828 0.0500 0.2000 0.4314 0.3922 0.1961 16.8455 2.0000 
2200 2201 19 -2.0784 0.0234 -14.2828 -2.0953 -0.0028 -14.4803 0.0500 0.2000 0.4314 0.3922 0.1961 16.9704 2.0000 
2201 2202 19 -2.0953 -0.0028 -14.4803 -2.1129 -0.0263 -14.6782 0.0500 0.2000 0.4314 0.3922 0.1961 17.0964 2.0000 
2202 2203 19 -2.1129 -0.0263 -14.6782 -2.1537 -0.0382 -14.8736 0.0500 0.2000 0.4314 0.3922 0.1961 17.2233 2.0000 
2203 2204 19 -2.1537 -0.0382 -14.8736 -2.1921 -0.0656 -15.0680 0.0500 0.2000 0.4314 0.3922 0.1961 17.3512 2.0000 
2204 2205 19 -2.1921 -0.0656 -15.0680 -2.1644 -0.1105 -15.2609 0.0500 0.2000 0.4314 0.3922 0.1961 17.4801 2.0000 
2205 2206 19 -2.1644 -0.1105 -15.2609 -2.1689 -0.1924 -15.4433 0.0500 0.2000 0.4314 0.3922 0.1961 17.6100 2.0000 
2206 2207 19 -2.1689 -0.1924 -15.4433 -2.1560 -0.2547 -15.6329 0.0500 0.2000 0.4314 0.3922 0.1961 17.7409 2.0000 
2207 2208 19 -2.1560 -0.2547 -15.6329 -2.0937 -0.3425 -15.8014 0.0500 0.2000 0.4314 0.3922 0.1961 17.8730 2.0000 
2208 2209 19 -2.0937 -0.3425 -15.8014 -2.0119 -0.3884 -15.9781 0.0500 0.2000 0.4314 0.3922 0.1961 18.0060 2.0000 
2209 2210 19 -2.0119 -0.3884 -15.9781 -1.9485 -0.4134 -16.1661 0.0500 0.2000 0.4314 0.3922 0.1961 18.1402 2.0000 
2210 2211 19 -1.9485 -0.4134 -16.1661 -1.8847 -0.4382 -16.3540 0.0500 0.2000 0.4314 0.3922 0.1961 18.2755 2.0000 
2211 2212 19 -1.8847 -0.4382 -16.3540 -1.8214 -0.4260 -16.5434 0.0500 0.2000 0.4314 0.3922 0.1961 18.4119 2.0000 
2212 2213 19 -1.8214 -0.4260 -16.5434 -1.7793 -0.4245 -16.7389 0.0500 0.2000 0.4314 0.3922 0.1961 18.5495 2.0000 
2213 2214 19 -1.7793 -0.4245 -16.7389 -1.7317 -0.4302 -16.9331 0.0500 0.2000 0.4314 0.3922 0.1961 18.6882 2.0000 
2214 2215 19 -1.7317 -0.4302 -16.9331 -1.6984 -0.4219 -17.1301 0.0500 0.2000 0.4314 0.3922 0.1961 18.8281 2.0000 
2215 2216 19 -1.6984 -0.4219 -17.1301 -1.6641 -0.4162 -17.3270 0.0500 0.2000 0.4314 0.3922 0.1961 18.9692 2.0000 
2216 2217 19 -1.6641 -0.4162 -17.3270 -1.6320 -0.3932 -17.5231 0.0500 0.2000 0.4314 0.3922 0.1961 19.1115 2.0000 
2217 2218 19 -1.6320 -0.3932 -17.5231 -1.6549 -0.3935 -17.7218 0.0500 0.2000 0.4314 0.3922 0.1961 19.2551 2.0000 
2218 2219 19 -1.6549 -0.3935 -17.7218 -1.6744 -0.4045 -17.9205 0.0500 0.2000 0.4314 0.3922 0.1961 19.3999 2.0000 
2219 2220 19 -1.6744 -0.4045 -17.9205 -1.7176 -0.4407 -18.1124 0.0500 0.2000 0.4314 0.3922 0.1961 19.5461 2.0000 
2220 2221 19 -1.7176 -0.4407 -18.1124 -1.7645 -0.4751 -18.3038 0.0500 0.2000 0.4314 0.3922 0.1961 19.6935 2.0000 
2221 2222 19 -1.7645 -0.4751 -18.3038 -1.7993 -0.5213 -18.4952 0.0500 0.2000 0.4314 0.3922 0.1961 19.8423 2.0000 
2222 2223 19 -1.7993 -0.5213 -18.4952 -1.8374 -0.5760 -18.6838 0.0500 0.2000 0.4314 0.3922 0.1961 19.9925 2.0000 
2223 2224 19 -1.8374 -0.5760 -18.6838 -1.8661 -0.6401 -18.8711 0.0500 0.2000 0.4314 0.3922 0.1961 20.1440 2.0000 
2224 2225 19 -1.8661 -0.6401 -18.8711 -1.8774 -0.7138 -19.0566 0.0500 0.2000 0.4314 0.3922 0.1961 20.2970 2.0000 
2225 2226 19 -1.8774 -0.7138 -19.0566 -1.8925 -0.7847 -19.2430 0.0500 0.2000 0.4314 0.3922 0.1961 20.4514 2.0000 
2226 2227 19 -1.8925 -0.7847 -19.2430 -1.8873 -0.8625 -19.4272 0.0500 0.2000 0.4314 0.3922 0.1961 20.6072 2.0000 
2227 2228 19 -1.8873 -0.8625 -19.4272 -1.8815 -0.9414 -19.6109 0.0500 0.2000 0.4314 0.3922 0.1961 20.7646 2.0000 
2228 2229 19 -1.8815 -0.9414 -19.6109 -1.8499 -1.0148 -19.7942 0.0500 0.2000 0.4314 0.3922 0.1961 20.9235 2.0000 
2229 2230 19 -1.8499 -1.0148 -19.7942 -1.8092 -1.1171 -19.9612 0.0500 0.2000 0.4314 0.3922 0.1961 21.0839 2.0000 
2230 2231 19 -1.8092 -1.1171 -19.9612 -1.8277 -1.2085 -20.1382 0.0500 0.2000 0.4314 0.3922 0.1961 21.2460 2.0000 
2231 2232 19 -1.8277 -1.2085 -20.1382 -1.8385 -1.2808 -20.3243 0.0500 0.2000 0.4314 0.3922 0.1961 21.4096 2.0000 
2232 2233 19 -1.8385 -1.2808 -20.3243 -1.8816 -1.3222 -20.5152 0.0500 0.2000 0.4314 0.3922 0.1961 21.5749 2.0000 
2233 2234 19 -1.8816 -1.3222 -20.5152 -1.9041 -1.3379 -20.7133 0.0500 0.2000 0.4314 0.3922 0.1961 21.7419 2.0000 
2234 2235 19 -1.9041 -1.3379 -20.7133 -1.8618 -1.3391 -20.9088 0.0500 0.2000 0.4314 0.3922 0.1961 21.9106 2.0000 
2235 2236 19 -1.8618 -1.3391 -20.9088 -1.8173 -1.3434 -21.1037 0.0500 0.2000 0.4314 0.3922 0.1961 22.0811 2.0000 
2236 2237 19 -1.8173 -1.3434 -21.1037 -1.7988 -1.3517 -21.3027 0.0500 0.2000 0.4314 0.3922 0.1961 22.2533 2.0000 
2237 2238 19 -1.7988 -1.3517 -21.3027 -1.7954 -1.3595 -21.5025 0.0500 0.2000 0.4314 0.3922 0.1961 22.4274 2.0000 
2238 2239 19 -1.7954 -1.3595 -21.5025 -1.7887 -1.3631 -21.7024 0.0500 0.2000 0.4314 0.3922 0.1961 22.6033 2.0000 
2239 2240 19 -1.7887 -1.3631 -21.7024 -1.7668 -1.3498 -21.9007 0.0500 0.2000 0.4314 0.3922 0.1961 22.7812 2.0000 
2240 2241 19 -1.7668 -1.3498 -21.9007 -1.7418 -1.3315 -22.0983 0.0500 0.2000 0.4314 0.3922 0.1961 22.9610 2.0000 
2241 2242 19 -1.7418 -1.3315 -22.0983 -1.7697 -1.3095 -22.2951 0.0500 0.2000 0.4314 0.3922 0.1961 23.1428 2.0000 
2242 2243 19 -1.7697 -1.3095 -22.2951 -1.7777 -1.2712 -22.4912 0.0500 0.2000 0.4314 0.3922 0.1961 23.3266 2.0000 
2243 2244 19 -1.7777 -1.2712 -22.4912 -1.8095 -1.2166 -22.6810 0.0500 0.2000 0.4314 0.3922 0.1961 23.5126 2.0000 
2244 2245 19 -1.8095 -1.2166 -22.6810 -1.8300 -1.1640 -22.8728 0.0500 0.2000 0.4314 0.3922 0.1961 23.7006 2.0000 
2245 2246 19 -1.8300 -1.1640 -22.8728 -1.8236 -1.0954 -23.0606 0.0500 0.2000 0.4314 0.3922 0.1961 23.8909 2.0000 
2246 2247 19 -1.8236 -1.0954 -23.0606 -1.8371 -1.0175 -23.2443 0.0500 0.2000 0.4314 0.3922 0.1961 24.0834 2.0000 
2247 2248 19 -1.8371 -1.0175 -23.2443 -1.8451 -0.9380 -23.4277 0.0500 0.2000 0.4314 0.3922 0.1961 24.2781 2.0000 
2248 2249 19 -1.8451 -0.9380 -23.4277 -1.8526 -0.8587 -23.6111 0.0500 0.2000 0.4314 0.3922 0.1961 24.4752 2.0000 
2249 2250 19 -1.8526 -0.8587 -23.6111 -1.8323 -0.7546 -23.7807 0.0500 0.2000 0.4314 0.3922 0.1961 24.6747 2.0000 
2250 2251 19 -1.8323 -0.7546 -23.7807 -1.7891 -0.6416 -23.9400 0.0500 0.2000 0.4314 0.3922 0.1961 24.8767 2.0000 
2251 2252 19 -1.7891 -0.6416 -23.9400 -1.7485 -0.5198 -24.0933 0.0500 0.2000 0.4314 0.3922 0.1961 25.0812 2.0000 
2252 2253 19 -1.7485 -0.5198 -24.0933 -1.7040 -0.4006 -24.2476 0.0500 0.2000 0.4314 0.3922 0.1961 25.2882 2.0000 
2253 2254 19 -1.7040 -0.4006 -24.2476 -1.6698 -0.2849 -24.4071 0.0500 0.2000 0.4314 0.3922 0.1961 25.4980 2.0000 
2254 2255 19 -1.6698 -0.2849 -24.4071 -1.6436 -0.1696 -24.5684 0.0500 0.2000 0.4314 0.3922 0.1961 25.7104 2.0000 
2255 2256 19 -1.6436 -0.1696 -24.5684 -1.6265 -0.0503 -24.7280 0.0500 0.2000 0.4314 0.3922 0.1961 25.9256 2.0000 
2256 2257 19 -1.6265 -0.0503 -24.7280 -1.6122 0.0737 -24.8843 0.0500 0.2000 0.4314 0.3922 0.1961 26.1437 2.0000 
2257 2258 19 -1.6122 0.0737 -24.8843 -1.5902 0.1935 -25.0429 0.0500 0.2000 0.4314 0.3922 0.1961 26.3647 2.0000 
2258 2259 19 -1.5902 0.1935 -25.0429 -1.5758 0.3086 -25.2058 0.0500 0.2000 0.4314 0.3922 0.1961 26.5888 2.0000 
2259 2260 19 -1.5758 0.3086 -25.2058 -1.5794 0.4068 -25.3800 0.0500 0.2000 0.4314 0.3922 0.1961 26.8160 2.0000 
2260 2261 19 -1.5794 0.4068 -25.3800 -1.5972 0.5294 -25.5370 0.0500 0.2000 0.4314 0.3922 0.1961 27.0463 2.0000 
2261 2262 19 -1.5972 0.5294 -25.5370 -1.6302 0.6466 -25.6957 0.0500 0.2000 0.4314 0.3922 0.1961 27.2799 2.0000 
2262 2263 19 -1.6302 0.6466 -25.6957 -1.6793 0.7550 -25.8564 0.0500 0.2000 0.4314 0.3922 0.1961 27.5169 2.0000 
2263 2264 19 -1.6793 0.7550 -25.8564 -1.7448 0.8658 -26.0095 0.0500 0.2000 0.4314 0.3922 0.1961 27.7574 2.0000 
2264 2265 19 -1.7448 0.8658 -26.0095 -1.8032 0.9704 -26.1697 0.0500 0.2000 0.4314 0.3922 0.1961 28.0015 2.0000 
2265 2266 19 -1.8032 0.9704 -26.1697 -1.8760 1.0719 -26.3259 0.0500 0.2000 0.4314 0.3922 0.1961 28.2493 2.0000 
2266 2267 19 -1.8760 1.0719 -26.3259 -1.9456 1.1710 -26.4850 0.0500 0.2000 0.4314 0.3922 0.1961 28.5008 2.0000 
2267 2268 19 -1.9456 1.1710 -26.4850 -2.0135 1.2698 -26.6452 0.0500 0.2000 0.4314 0.3922 0.1961 28.7563 2.0000 
2268 2269 19 -2.0135 1.2698 -26.6452 -2.0835 1.3532 -26.8129 0.0500 0.2000 0.4314 0.3922 0.1961 29.0158 2.0000 
2269 2270 19 -2.0835 1.3532 -26.8129 -2.1299 1.4398 -26.9871 0.0500 0.2000 0.4314 0.3922 0.1961 29.2796 2.0000 
2270 2271 19 -2.1299 1.4398 -26.9871 -2.0990 1.5210 -27.1672 0.0500 0.2000 0.4314 0.3922 0.1961 29.5476 2.0000 
2271 2272 19 -2.0990 1.5210 -27.1672 -2.0807 1.5759 -27.3587 0.0500 0.2000 0.4314 0.3922 0.1961 29.8201 2.0000 
2272 2273 19 -2.0807 1.5759 -27.3587 -2.0832 1.6067 -27.4853 0.0500 0.1303 0.4314 0.3922 0.1961 30.0000 2.0000 
49 2274 20 0.0554 0.0461 -10.5622 -0.0972 0.1363 -10.6549 0.0552 0.2000 0.4314 0.3922 0.1961 14.6233 2.0000 
2274 2275 20 -0.0972 0.1363 -10.6549 -0.2548 0.2202 -10.7451 0.0552 0.2000 0.4314 0.3922 0.1961 14.7183 2.0000 
2275 2276 20 -0.2548 0.2202 -10.7451 -0.4105 0.3062 -10.8365 0.0552 0.2000 0.4314 0.3922 0.1961 14.8139 2.0000 
2276 2277 20 -0.4105 0.3062 -10.8365 -0.5602 0.3963 -10.9338 0.0552 0.2000 0.4314 0.3922 0.1961 14.9101 2.0000 
2277 2278 20 -0.5602 0.3963 -10.9338 -0.7120 0.4866 -11.0275 0.0552 0.2000 0.4314 0.3922 0.1961 15.0070 2.0000 
2278 2279 20 -0.7120 0.4866 -11.0275 -0.8786 0.5477 -11.1198 0.0552 0.2000 0.4314 0.3922 0.1961 15.1045 2.0000 
2279 2280 20 -0.8786 0.5477 -11.1198 -1.0433 0.5667 -11.2317 0.0552 0.2000 0.4314 0.3922 0.1961 15.2027 2.0000 
2280 2281 20 -1.0433 0.5667 -11.2317 -1.1759 0.5818 -11.3807 0.0552 0.2000 0.4314 0.3922 0.1961 15.3016 2.0000 
2281 2282 20 -1.1759 0.5818 -11.3807 -1.3014 0.5450 -11.5320 0.0552 0.2000 0.4314 0.3922 0.1961 15.4011 2.0000 
2282 2283 20 -1.3014 0.5450 -11.5320 -1.4193 0.5048 -11.6885 0.0552 0.2000 0.4314 0.3922 0.1961 15.5014 2.0000 
2283 2284 20 -1.4193 0.5048 -11.6885 -1.5436 0.4588 -11.8383 0.0552 0.2000 0.4314 0.3922 0.1961 15.6023 2.0000 
2284 2285 20 -1.5436 0.4588 -11.8383 -1.6554 0.4252 -12.0006 0.0552 0.2000 0.4314 0.3922 0.1961 15.7040 2.0000 
2285 2286 20 -1.6554 0.4252 -12.0006 -1.7939 0.3743 -12.1356 0.0552 0.2000 0.4314 0.3922 0.1961 15.8064 2.0000 
2286 2287 20 -1.7939 0.3743 -12.1356 -1.9178 0.3143 -12.2807 0.0552 0.2000 0.4314 0.3922 0.1961 15.9095 2.0000 
2287 2288 20 -1.9178 0.3143 -12.2807 -2.0477 0.2779 -12.4283 0.0552 0.2000 0.4314 0.3922 0.1961 16.0134 2.0000 
2288 2289 20 -2.0477 0.2779 -12.4283 -2.1814 0.2623 -12.5763 0.0552 0.2000 0.4314 0.3922 0.1961 16.1180 2.0000 
2289 2290 20 -2.1814 0.2623 -12.5763 -2.3115 0.2335 -12.7254 0.0552 0.2000 0.4314 0.3922 0.1961 16.2235 2.0000 
2290 2291 20 -2.3115 0.2335 -12.7254 -2.4390 0.1757 -12.8682 0.0552 0.2000 0.4314 0.3922 0.1961 16.3296 2.0000 
2291 2292 20 -2.4390 0.1757 -12.8682 -2.5638 0.1161 -13.0127 0.0552 0.2000 0.4314 0.3922 0.1961 16.4366 2.0000 
2292 2293 20 -2.5638 0.1161 -13.0127 -2.6816 0.0675 -13.1669 0.0552 0.2000 0.4314 0.3922 0.1961 16.5444 2.0000 
2293 2294 20 -2.6816 0.0675 -13.1669 -2.7948 0.0060 -13.3199 0.0552 0.2000 0.4314 0.3922 0.1961 16.6530 2.0000 
2294 2295 20 -2.7948 0.0060 -13.3199 -2.9003 -0.0569 -13.4777 0.0552 0.2000 0.4314 0.3922 0.1961 16.7624 2.0000 
2295 2296 20 -2.9003 -0.0569 -13.4777 -3.0078 -0.1199 -13.6341 0.0552 0.2000 0.4314 0.3922 0.1961 16.8727 2.0000 
2296 2297 20 -3.0078 -0.1199 -13.6341 -3.0854 -0.1923 -13.8037 0.0552 0.2000 0.4314 0.3922 0.1961 16.9838 2.0000 
2297 2298 20 -3.0854 -0.1923 -13.8037 -3.1666 -0.2409 -13.9799 0.0552 0.2000 0.4314 0.3922 0.1961 17.0958 2.0000 
2298 2299 20 -3.1666 -0.2409 -13.9799 -3.2451 -0.2736 -14.1609 0.0552 0.2000 0.4314 0.3922 0.1961 17.2086 2.0000 
2299 2300 20 -3.2451 -0.2736 -14.1609 -3.3278 -0.3030 -14.3406 0.0552 0.2000 0.4314 0.3922 0.1961 17.3224 2.0000 
2300 2301 20 -3.3278 -0.3030 -14.3406 -3.3970 -0.3304 -14.5263 0.0552 0.2000 0.4314 0.3922 0.1961 17.4371 2.0000 
2301 2302 20 -3.3970 -0.3304 -14.5263 -3.4944 -0.3714 -14.6960 0.0552 0.2000 0.4314 0.3922 0.1961 17.5527 2.0000 
2302 2303 20 -3.4944 -0.3714 -14.6960 -3.5998 -0.3969 -14.8641 0.0552 0.2000 0.4314 0.3922 0.1961 17.6692 2.0000 
2303 2304 20 -3.5998 -0.3969 -14.8641 -3.7093 -0.3998 -15.0314 0.0552 0.2000 0.4314 0.3922 0.1961 17.7867 2.0000 
2304 2305 20 -3.7093 -0.3998 -15.0314 -3.8054 -0.3936 -15.2067 0.0552 0.2000 0.4314 0.3922 0.1961 17.9051 2.0000 
2305 2306 20 -3.8054 -0.3936 -15.2067 -3.9017 -0.3899 -15.3819 0.0552 0.2000 0.4314 0.3922 0.1961 18.0246 2.0000 
2306 2307 20 -3.9017 -0.3899 -15.3819 -3.9453 -0.3984 -15.5770 0.0552 0.2000 0.4314 0.3922 0.1961 18.1450 2.0000 
2307 2308 20 -3.9453 -0.3984 -15.5770 -3.9924 -0.4039 -15.7713 0.0552 0.2000 0.4314 0.3922 0.1961 18.2665 2.0000 
2308 2309 20 -3.9924 -0.4039 -15.7713 -4.0206 -0.4742 -15.9563 0.0552 0.2000 0.4314 0.3922 0.1961 18.3890 2.0000 
2309 2310 20 -4.0206 -0.4742 -15.9563 -4.0677 -0.4759 -16.1507 0.0552 0.2000 0.4314 0.3922 0.1961 18.5125 2.0000 
2310 2311 20 -4.0677 -0.4759 -16.1507 -4.1139 -0.4762 -16.3453 0.0552 0.2000 0.4314 0.3922 0.1961 18.6371 2.0000 
2311 2312 20 -4.1139 -0.4762 -16.3453 -4.1473 -0.4220 -16.5349 0.0552 0.2000 0.4314 0.3922 0.1961 18.7629 2.0000 
2312 2313 20 -4.1473 -0.4220 -16.5349 -4.1880 -0.3617 -16.7212 0.0552 0.2000 0.4314 0.3922 0.1961 18.8897 2.0000 
2313 2314 20 -4.1880 -0.3617 -16.7212 -4.2296 -0.3120 -16.9104 0.0552 0.2000 0.4314 0.3922 0.1961 19.0176 2.0000 
2314 2315 20 -4.2296 -0.3120 -16.9104 -4.2720 -0.2955 -17.1051 0.0552 0.2000 0.4314 0.3922 0.1961 19.1468 2.0000 
2315 2316 20 -4.2720 -0.2955 -17.1051 -4.2923 -0.2686 -17.3023 0.0552 0.2000 0.4314 0.3922 0.1961 19.2770 2.0000 
2316 2317 20 -4.2923 -0.2686 -17.3023 -4.2516 -0.2361 -17.4954 0.0552 0.2000 0.4314 0.3922 0.1961 19.4085 2.0000 
2317 2318 20 -4.2516 -0.2361 -17.4954 -4.2356 -0.1922 -17.6898 0.0552 0.2000 0.4314 0.3922 0.1961 19.5412 2.0000 
2318 2319 20 -4.2356 -0.1922 -17.6898 -4.2095 -0.1153 -17.8726 0.0552 0.2000 0.4314 0.3922 0.1961 19.6751 2.0000 
2319 2320 20 -4.2095 -0.1153 -17.8726 -4.1864 -0.0329 -18.0534 0.0552 0.2000 0.4314 0.3922 0.1961 19.8103 2.0000 
2320 2321 20 -4.1864 -0.0329 -18.0534 -4.1382 0.0386 -18.2338 0.0552 0.2000 0.4314 0.3922 0.1961 19.9468 2.0000 
2321 2322 20 -4.1382 0.0386 -18.2338 -4.1048 0.1235 -18.4118 0.0552 0.2000 0.4314 0.3922 0.1961 20.0846 2.0000 
2322 2323 20 -4.1048 0.1235 -18.4118 -4.0479 0.2108 -18.5825 0.0552 0.2000 0.4314 0.3922 0.1961 20.2237 2.0000 
2323 2324 20 -4.0479 0.2108 -18.5825 -3.9753 0.2848 -18.7536 0.0552 0.2000 0.4314 0.3922 0.1961 20.3642 2.0000 
2324 2325 20 -3.9753 0.2848 -18.7536 -3.9028 0.3568 -18.9255 0.0552 0.2000 0.4314 0.3922 0.1961 20.5060 2.0000 
2325 2326 20 -3.9028 0.3568 -18.9255 -3.8111 0.4147 -19.0935 0.0552 0.2000 0.4314 0.3922 0.1961 20.6493 2.0000 
2326 2327 20 -3.8111 0.4147 -19.0935 -3.7011 0.5183 -19.2246 0.0552 0.2000 0.4314 0.3922 0.1961 20.7940 2.0000 
2327 2328 20 -3.7011 0.5183 -19.2246 -3.5959 0.6199 -19.3610 0.0552 0.2000 0.4314 0.3922 0.1961 20.9402 2.0000 
2328 2329 20 -3.5959 0.6199 -19.3610 -3.4998 0.7098 -19.5116 0.0552 0.2000 0.4314 0.3922 0.1961 21.0879 2.0000 
2329 2330 20 -3.4998 0.7098 -19.5116 -3.4274 0.8002 -19.6747 0.0552 0.2000 0.4314 0.3922 0.1961 21.2372 2.0000 
2330 2331 20 -3.4274 0.8002 -19.6747 -3.3512 0.8883 -19.8372 0.0552 0.2000 0.4314 0.3922 0.1961 21.3880 2.0000 
2331 2332 20 -3.3512 0.8883 -19.8372 -3.2477 0.9236 -20.0047 0.0552 0.2000 0.4314 0.3922 0.1961 21.5404 2.0000 
2332 2333 20 -3.2477 0.9236 -20.0047 -3.1665 0.9166 -20.1873 0.0552 0.2000 0.4314 0.3922 0.1961 21.6945 2.0000 
2333 2334 20 -3.1665 0.9166 -20.1873 -3.0868 0.9125 -20.3707 0.0552 0.2000 0.4314 0.3922 0.1961 21.8502 2.0000 
2334 2335 20 -3.0868 0.9125 -20.3707 -2.9845 0.9507 -20.5383 0.0552 0.2000 0.4314 0.3922 0.1961 22.0076 2.0000 
2335 2336 20 -2.9845 0.9507 -20.5383 -2.8571 0.9579 -20.6922 0.0552 0.2000 0.4314 0.3922 0.1961 22.1668 2.0000 
2336 2337 20 -2.8571 0.9579 -20.6922 -2.7284 0.9644 -20.8452 0.0552 0.2000 0.4314 0.3922 0.1961 22.3277 2.0000 
2337 2338 20 -2.7284 0.9644 -20.8452 -2.6170 0.9568 -21.0112 0.0552 0.2000 0.4314 0.3922 0.1961 22.4905 2.0000 
2338 2339 20 -2.6170 0.9568 -21.0112 -2.4946 0.9473 -21.1690 0.0552 0.2000 0.4314 0.3922 0.1961 22.6552 2.0000 
2339 2340 20 -2.4946 0.9473 -21.1690 -2.3751 0.9392 -21.3292 0.0552 0.2000 0.4314 0.3922 0.1961 22.8217 2.0000 
2340 2341 20 -2.3751 0.9392 -21.3292 -2.2616 0.9201 -21.4928 0.0552 0.2000 0.4314 0.3922 0.1961 22.9902 2.0000 
2341 2342 20 -2.2616 0.9201 -21.4928 -2.1622 0.8874 -21.6632 0.0552 0.2000 0.4314 0.3922 0.1961 23.1608 2.0000 
2342 2343 20 -2.1622 0.8874 -21.6632 -2.0708 0.8648 -21.8397 0.0552 0.2000 0.4314 0.3922 0.1961 23.3333 2.0000 
2343 2344 20 -2.0708 0.8648 -21.8397 -1.9771 0.8366 -22.0141 0.0552 0.2000 0.4314 0.3922 0.1961 23.5080 2.0000 
2344 2345 20 -1.9771 0.8366 -22.0141 -1.9134 0.8121 -22.2021 0.0552 0.2000 0.4314 0.3922 0.1961 23.6848 2.0000 
2345 2346 20 -1.9134 0.8121 -22.2021 -1.8874 0.8081 -22.4003 0.0552 0.2000 0.4314 0.3922 0.1961 23.8638 2.0000 
2346 2347 20 -1.8874 0.8081 -22.4003 -1.8639 0.7975 -22.5987 0.0552 0.2000 0.4314 0.3922 0.1961 24.0451 2.0000 
2347 2348 20 -1.8639 0.7975 -22.5987 -1.8384 0.7815 -22.7964 0.0552 0.2000 0.4314 0.3922 0.1961 24.2287 2.0000 
2348 2349 20 -1.8384 0.7815 -22.7964 -1.8503 0.7516 -22.9938 0.0552 0.2000 0.4314 0.3922 0.1961 24.4147 2.0000 
2349 2350 20 -1.8503 0.7516 -22.9938 -1.8582 0.7304 -23.1925 0.0552 0.2000 0.4314 0.3922 0.1961 24.6031 2.0000 
2350 2351 20 -1.8582 0.7304 -23.1925 -1.8472 0.7424 -23.3918 0.0552 0.2000 0.4314 0.3922 0.1961 24.7941 2.0000 
2351 2352 20 -1.8472 0.7424 -23.3918 -1.8570 0.7823 -23.5876 0.0552 0.2000 0.4314 0.3922 0.1961 24.9876 2.0000 
2352 2353 20 -1.8570 0.7823 -23.5876 -1.8713 0.8290 -23.7815 0.0552 0.2000 0.4314 0.3922 0.1961 25.1837 2.0000 
2353 2354 20 -1.8713 0.8290 -23.7815 -1.8673 0.8474 -23.9806 0.0552 0.2000 0.4314 0.3922 0.1961 25.3826 2.0000 
2354 2355 20 -1.8673 0.8474 -23.9806 -1.8526 0.8557 -24.1799 0.0552 0.2000 0.4314 0.3922 0.1961 25.5842 2.0000 
2355 2356 20 -1.8526 0.8557 -24.1799 -1.8034 0.8520 -24.3737 0.0552 0.2000 0.4314 0.3922 0.1961 25.7888 2.0000 
2356 2357 20 -1.8034 0.8520 -24.3737 -1.7460 0.8590 -24.5652 0.0552 0.2000 0.4314 0.3922 0.1961 25.9963 2.0000 
2357 2358 20 -1.7460 0.8590 -24.5652 -1.6880 0.8675 -24.7564 0.0552 0.2000 0.4314 0.3922 0.1961 26.2068 2.0000 
2358 2359 20 -1.6880 0.8675 -24.7564 -1.6405 0.8796 -24.9503 0.0552 0.2000 0.4314 0.3922 0.1961 26.4205 2.0000 
2359 2360 20 -1.6405 0.8796 -24.9503 -1.5873 0.8950 -25.1425 0.0552 0.2000 0.4314 0.3922 0.1961 26.6374 2.0000 
2360 2361 20 -1.5873 0.8950 -25.1425 -1.5318 0.8845 -25.3343 0.0552 0.2000 0.4314 0.3922 0.1961 26.8576 2.0000 
2361 2362 20 -1.5318 0.8845 -25.3343 -1.4729 0.8761 -25.5253 0.0552 0.2000 0.4314 0.3922 0.1961 27.0812 2.0000 
2362 2363 20 -1.4729 0.8761 -25.5253 -1.4146 0.8676 -25.7164 0.0552 0.2000 0.4314 0.3922 0.1961 27.3084 2.0000 
2363 2364 20 -1.4146 0.8676 -25.7164 -1.3708 0.8483 -25.9106 0.0552 0.2000 0.4314 0.3922 0.1961 27.5393 2.0000 
2364 2365 20 -1.3708 0.8483 -25.9106 -1.3539 0.8219 -26.1081 0.0552 0.2000 0.4314 0.3922 0.1961 27.7739 2.0000 
2365 2366 20 -1.3539 0.8219 -26.1081 -1.3328 0.8163 -26.3069 0.0552 0.2000 0.4314 0.3922 0.1961 28.0124 2.0000 
2366 2367 20 -1.3328 0.8163 -26.3069 -1.3057 0.7904 -26.5034 0.0552 0.2000 0.4314 0.3922 0.1961 28.2550 2.0000 
2367 2368 20 -1.3057 0.7904 -26.5034 -1.3090 0.7430 -26.6976 0.0552 0.2000 0.4314 0.3922 0.1961 28.5017 2.0000 
2368 2369 20 -1.3090 0.7430 -26.6976 -1.3201 0.6827 -26.8880 0.0552 0.2000 0.4314 0.3922 0.1961 28.7527 2.0000 
2369 2370 20 -1.3201 0.6827 -26.8880 -1.2986 0.6338 -27.0807 0.0552 0.2000 0.4314 0.3922 0.1961 29.0082 2.0000 
2370 2371 20 -1.2986 0.6338 -27.0807 -1.3068 0.5376 -27.2559 0.0552 0.2000 0.4314 0.3922 0.1961 29.2684 2.0000 
2371 2372 20 -1.3068 0.5376 -27.2559 -1.3456 0.4175 -27.4110 0.0552 0.2000 0.4314 0.3922 0.1961 29.5333 2.0000 
2372 2373 20 -1.3456 0.4175 -27.4110 -1.4018 0.3043 -27.5660 0.0552 0.2000 0.4314 0.3922 0.1961 29.8032 2.0000 
2373 2374 20 -1.4018 0.3043 -27.5660 -1.4534 0.2257 -27.6744 0.0552 0.1435 0.4314 0.3922 0.1961 30.0000 2.0000 
52 2375 21 0.0554 -0.0005 -10.9926 -0.1236 0.0632 -11.0551 0.0524 0.2000 0.4314 0.3922 0.1961 15.0878 2.0000 
2375 2376 21 -0.1236 0.0632 -11.0551 -0.3135 0.1162 -11.0887 0.0524 0.2000 0.4314 0.3922 0.1961 15.1858 2.0000 
2376 2377 21 -0.3135 0.1162 -11.0887 -0.4993 0.1850 -11.1158 0.0524 0.2000 0.4314 0.3922 0.1961 15.2845 2.0000 
2377 2378 21 -0.4993 0.1850 -11.1158 -0.6846 0.2548 -11.1443 0.0524 0.2000 0.4314 0.3922 0.1961 15.3838 2.0000 
2378 2379 21 -0.6846 0.2548 -11.1443 -0.8701 0.3260 -11.1669 0.0524 0.2000 0.4314 0.3922 0.1961 15.4838 2.0000 
2379 2380 21 -0.8701 0.3260 -11.1669 -1.0560 0.3971 -11.1860 0.0524 0.2000 0.4314 0.3922 0.1961 15.5845 2.0000 
2380 2381 21 -1.0560 0.3971 -11.1860 -1.2427 0.4666 -11.2040 0.0524 0.2000 0.4314 0.3922 0.1961 15.6859 2.0000 
2381 2382 21 -1.2427 0.4666 -11.2040 -1.4251 0.5459 -11.1827 0.0524 0.2000 0.4314 0.3922 0.1961 15.7880 2.0000 
2382 2383 21 -1.4251 0.5459 -11.1827 -1.6130 0.6130 -11.1690 0.0524 0.2000 0.4314 0.3922 0.1961 15.8907 2.0000 
2383 2384 21 -1.6130 0.6130 -11.1690 -1.8006 0.6823 -11.1674 0.0524 0.2000 0.4314 0.3922 0.1961 15.9942 2.0000 
2384 2385 21 -1.8006 0.6823 -11.1674 -1.9784 0.7708 -11.1910 0.0524 0.2000 0.4314 0.3922 0.1961 16.0985 2.0000 
2385 2386 21 -1.9784 0.7708 -11.1910 -2.1448 0.8803 -11.2093 0.0524 0.2000 0.4314 0.3922 0.1961 16.2034 2.0000 
2386 2387 21 -2.1448 0.8803 -11.2093 -2.3135 0.9857 -11.2296 0.0524 0.2000 0.4314 0.3922 0.1961 16.3091 2.0000 
2387 2388 21 -2.3135 0.9857 -11.2296 -2.4812 1.0821 -11.2805 0.0524 0.2000 0.4314 0.3922 0.1961 16.4156 2.0000 
2388 2389 21 -2.4812 1.0821 -11.2805 -2.6599 1.1703 -11.2971 0.0524 0.2000 0.4314 0.3922 0.1961 16.5229 2.0000 
2389 2390 21 -2.6599 1.1703 -11.2971 -2.8461 1.2381 -11.3245 0.0524 0.2000 0.4314 0.3922 0.1961 16.6309 2.0000 
2390 2391 21 -2.8461 1.2381 -11.3245 -3.0328 1.3064 -11.3466 0.0524 0.2000 0.4314 0.3922 0.1961 16.7397 2.0000 
2391 2392 21 -3.0328 1.3064 -11.3466 -3.2214 1.3675 -11.3730 0.0524 0.2000 0.4314 0.3922 0.1961 16.8493 2.0000 
2392 2393 21 -3.2214 1.3675 -11.3730 -3.4061 1.4338 -11.4116 0.0524 0.2000 0.4314 0.3922 0.1961 16.9598 2.0000 
2393 2394 21 -3.4061 1.4338 -11.4116 -3.5890 1.4885 -11.4712 0.0524 0.2000 0.4314 0.3922 0.1961 17.0711 2.0000 
2394 2395 21 -3.5890 1.4885 -11.4712 -3.7689 1.5352 -11.5451 0.0524 0.2000 0.4314 0.3922 0.1961 17.1832 2.0000 
2395 2396 21 -3.7689 1.5352 -11.5451 -3.9419 1.5725 -11.6381 0.0524 0.2000 0.4314 0.3922 0.1961 17.2962 2.0000 
2396 2397 21 -3.9419 1.5725 -11.6381 -4.1134 1.5980 -11.7379 0.0524 0.2000 0.4314 0.3922 0.1961 17.4100 2.0000 
2397 2398 21 -4.1134 1.5980 -11.7379 -4.2783 1.6290 -11.8468 0.0524 0.2000 0.4314 0.3922 0.1961 17.5247 2.0000 
2398 2399 21 -4.2783 1.6290 -11.8468 -4.4418 1.6327 -11.9619 0.0524 0.2000 0.4314 0.3922 0.1961 17.6403 2.0000 
2399 2400 21 -4.4418 1.6327 -11.9619 -4.6034 1.6124 -12.0779 0.0524 0.2000 0.4314 0.3922 0.1961 17.7569 2.0000 
2400 2401 21 -4.6034 1.6124 -12.0779 -4.7817 1.6010 -12.1678 0.0524 0.2000 0.4314 0.3922 0.1961 17.8743 2.0000 
2401 2402 21 -4.7817 1.6010 -12.1678 -4.9595 1.5927 -12.2590 0.0524 0.2000 0.4314 0.3922 0.1961 17.9927 2.0000 
2402 2403 21 -4.9595 1.5927 -12.2590 -5.1319 1.5732 -12.3585 0.0524 0.2000 0.4314 0.3922 0.1961 18.1120 2.0000 
2403 2404 21 -5.1319 1.5732 -12.3585 -5.2997 1.5953 -12.4651 0.0524 0.2000 0.4314 0.3922 0.1961 18.2324 2.0000 
2404 2405 21 -5.2997 1.5953 -12.4651 -5.4719 1.6179 -12.5643 0.0524 0.2000 0.4314 0.3922 0.1961 18.3537 2.0000 
2405 2406 21 -5.4719 1.6179 -12.5643 -5.6562 1.6285 -12.6412 0.0524 0.2000 0.4314 0.3922 0.1961 18.4760 2.0000 
2406 2407 21 -5.6562 1.6285 -12.6412 -5.8402 1.6453 -12.7178 0.0524 0.2000 0.4314 0.3922 0.1961 18.5993 2.0000 
2407 2408 21 -5.8402 1.6453 -12.7178 -6.0211 1.6704 -12.7992 0.0524 0.2000 0.4314 0.3922 0.1961 18.7236 2.0000 
2408 2409 21 -6.0211 1.6704 -12.7992 -6.1956 1.6947 -12.8939 0.0524 0.2000 0.4314 0.3922 0.1961 18.8491 2.0000 
2409 2410 21 -6.1956 1.6947 -12.8939 -6.3674 1.6946 -12.9963 0.0524 0.2000 0.4314 0.3922 0.1961 18.9755 2.0000 
2410 2411 21 -6.3674 1.6946 -12.9963 -6.5432 1.7016 -13.0914 0.0524 0.2000 0.4314 0.3922 0.1961 19.1031 2.0000 
2411 2412 21 -6.5432 1.7016 -13.0914 -6.7190 1.7063 -13.1867 0.0524 0.2000 0.4314 0.3922 0.1961 19.2318 2.0000 
2412 2413 21 -6.7190 1.7063 -13.1867 -6.8882 1.7110 -13.2932 0.0524 0.2000 0.4314 0.3922 0.1961 19.3616 2.0000 
2413 2414 21 -6.8882 1.7110 -13.2932 -7.0520 1.6797 -13.4037 0.0524 0.2000 0.4314 0.3922 0.1961 19.4925 2.0000 
2414 2415 21 -7.0520 1.6797 -13.4037 -7.2001 1.6840 -13.5380 0.0524 0.2000 0.4314 0.3922 0.1961 19.6247 2.0000 
2415 2416 21 -7.2001 1.6840 -13.5380 -7.3476 1.6829 -13.6731 0.0524 0.2000 0.4314 0.3922 0.1961 19.7580 2.0000 
2416 2417 21 -7.3476 1.6829 -13.6731 -7.4926 1.6839 -13.8108 0.0524 0.2000 0.4314 0.3922 0.1961 19.8925 2.0000 
2417 2418 21 -7.4926 1.6839 -13.8108 -7.6412 1.6820 -13.9446 0.0524 0.2000 0.4314 0.3922 0.1961 20.0283 2.0000 
2418 2419 21 -7.6412 1.6820 -13.9446 -7.7808 1.6796 -14.0879 0.0524 0.2000 0.4314 0.3922 0.1961 20.1653 2.0000 
2419 2420 21 -7.7808 1.6796 -14.0879 -7.9195 1.6576 -14.2302 0.0524 0.2000 0.4314 0.3922 0.1961 20.3036 2.0000 
2420 2421 21 -7.9195 1.6576 -14.2302 -8.0440 1.6497 -14.3866 0.0524 0.2000 0.4314 0.3922 0.1961 20.4431 2.0000 
2421 2422 21 -8.0440 1.6497 -14.3866 -8.1581 1.7096 -14.5395 0.0524 0.2000 0.4314 0.3922 0.1961 20.5841 2.0000 
2422 2423 21 -8.1581 1.7096 -14.5395 -8.2691 1.7718 -14.6938 0.0524 0.2000 0.4314 0.3922 0.1961 20.7263 2.0000 
2423 2424 21 -8.2691 1.7718 -14.6938 -8.3750 1.8178 -14.8571 0.0524 0.2000 0.4314 0.3922 0.1961 20.8700 2.0000 
2424 2425 21 -8.3750 1.8178 -14.8571 -8.4724 1.8233 -15.0317 0.0524 0.2000 0.4314 0.3922 0.1961 21.0151 2.0000 
2425 2426 21 -8.4724 1.8233 -15.0317 -8.5207 1.8337 -15.2255 0.0524 0.2000 0.4314 0.3922 0.1961 21.1616 2.0000 
2426 2427 21 -8.5207 1.8337 -15.2255 -8.5564 1.8449 -15.4220 0.0524 0.2000 0.4314 0.3922 0.1961 21.3095 2.0000 
2427 2428 21 -8.5564 1.8449 -15.4220 -8.5942 1.8440 -15.6184 0.0524 0.2000 0.4314 0.3922 0.1961 21.4590 2.0000 
2428 2429 21 -8.5942 1.8440 -15.6184 -8.6339 1.7766 -15.8025 0.0524 0.2000 0.4314 0.3922 0.1961 21.6100 2.0000 
2429 2430 21 -8.6339 1.7766 -15.8025 -8.6925 1.7070 -15.9806 0.0524 0.2000 0.4314 0.3922 0.1961 21.7625 2.0000 
2430 2431 21 -8.6925 1.7070 -15.9806 -8.7666 1.6205 -16.1449 0.0524 0.2000 0.4314 0.3922 0.1961 21.9166 2.0000 
2431 2432 21 -8.7666 1.6205 -16.1449 -8.8362 1.5702 -16.3256 0.0524 0.2000 0.4314 0.3922 0.1961 22.0724 2.0000 
2432 2433 21 -8.8362 1.5702 -16.3256 -8.9060 1.5200 -16.5062 0.0524 0.2000 0.4314 0.3922 0.1961 22.2298 2.0000 
2433 2434 21 -8.9060 1.5200 -16.5062 -8.9598 1.4628 -16.6901 0.0524 0.2000 0.4314 0.3922 0.1961 22.3889 2.0000 
2434 2435 21 -8.9598 1.4628 -16.6901 -9.0101 1.4328 -16.8813 0.0524 0.2000 0.4314 0.3922 0.1961 22.5497 2.0000 
2435 2436 21 -9.0101 1.4328 -16.8813 -9.0572 1.4032 -17.0734 0.0524 0.2000 0.4314 0.3922 0.1961 22.7123 2.0000 
2436 2437 21 -9.0572 1.4032 -17.0734 -9.0912 1.3414 -17.2606 0.0524 0.2000 0.4314 0.3922 0.1961 22.8766 2.0000 
2437 2438 21 -9.0912 1.3414 -17.2606 -9.1408 1.2789 -17.4440 0.0524 0.2000 0.4314 0.3922 0.1961 23.0429 2.0000 
2438 2439 21 -9.1408 1.2789 -17.4440 -9.1757 1.2375 -17.6365 0.0524 0.2000 0.4314 0.3922 0.1961 23.2110 2.0000 
2439 2440 21 -9.1757 1.2375 -17.6365 -9.2109 1.2027 -17.8303 0.0524 0.2000 0.4314 0.3922 0.1961 23.3811 2.0000 
2440 2441 21 -9.2109 1.2027 -17.8303 -9.2235 1.1605 -18.0254 0.0524 0.2000 0.4314 0.3922 0.1961 23.5531 2.0000 
2441 2442 21 -9.2235 1.1605 -18.0254 -9.2339 1.1230 -18.2216 0.0524 0.2000 0.4314 0.3922 0.1961 23.7271 2.0000 
2442 2443 21 -9.2339 1.1230 -18.2216 -9.1917 1.0970 -18.4153 0.0524 0.2000 0.4314 0.3922 0.1961 23.9032 2.0000 
2443 2444 21 -9.1917 1.0970 -18.4153 -9.1648 1.0696 -18.6116 0.0524 0.2000 0.4314 0.3922 0.1961 24.0815 2.0000 
2444 2445 21 -9.1648 1.0696 -18.6116 -9.1336 1.0277 -18.8047 0.0524 0.2000 0.4314 0.3922 0.1961 24.2619 2.0000 
2445 2446 21 -9.1336 1.0277 -18.8047 -9.0979 0.9583 -18.9888 0.0524 0.2000 0.4314 0.3922 0.1961 24.4445 2.0000 
2446 2447 21 -9.0979 0.9583 -18.9888 -9.0616 0.8816 -19.1699 0.0524 0.2000 0.4314 0.3922 0.1961 24.6294 2.0000 
2447 2448 21 -9.0616 0.8816 -19.1699 -9.0505 0.8309 -19.3631 0.0524 0.2000 0.4314 0.3922 0.1961 24.8167 2.0000 
2448 2449 21 -9.0505 0.8309 -19.3631 -9.0594 0.8127 -19.5620 0.0524 0.2000 0.4314 0.3922 0.1961 25.0063 2.0000 
2449 2450 21 -9.0594 0.8127 -19.5620 -9.0776 0.7998 -19.7608 0.0524 0.2000 0.4314 0.3922 0.1961 25.1984 2.0000 
2450 2451 21 -9.0776 0.7998 -19.7608 -9.1498 0.7959 -19.9472 0.0524 0.2000 0.4314 0.3922 0.1961 25.3931 2.0000 
2451 2452 21 -9.1498 0.7959 -19.9472 -9.2317 0.7785 -20.1289 0.0524 0.2000 0.4314 0.3922 0.1961 25.5903 2.0000 
2452 2453 21 -9.2317 0.7785 -20.1289 -9.3173 0.7593 -20.3086 0.0524 0.2000 0.4314 0.3922 0.1961 25.7902 2.0000 
2453 2454 21 -9.3173 0.7593 -20.3086 -9.4066 0.7326 -20.4855 0.0524 0.2000 0.4314 0.3922 0.1961 25.9928 2.0000 
2454 2455 21 -9.4066 0.7326 -20.4855 -9.4754 0.7158 -20.6726 0.0524 0.2000 0.4314 0.3922 0.1961 26.1983 2.0000 
2455 2456 21 -9.4754 0.7158 -20.6726 -9.5452 0.6871 -20.8578 0.0524 0.2000 0.4314 0.3922 0.1961 26.4066 2.0000 
2456 2457 21 -9.5452 0.6871 -20.8578 -9.6208 0.6598 -21.0409 0.0524 0.2000 0.4314 0.3922 0.1961 26.6179 2.0000 
2457 2458 21 -9.6208 0.6598 -21.0409 -9.6827 0.6216 -21.2273 0.0524 0.2000 0.4314 0.3922 0.1961 26.8322 2.0000 
2458 2459 21 -9.6827 0.6216 -21.2273 -9.7234 0.5816 -21.4189 0.0524 0.2000 0.4314 0.3922 0.1961 27.0497 2.0000 
2459 2460 21 -9.7234 0.5816 -21.4189 -9.7398 0.5040 -21.6025 0.0524 0.2000 0.4314 0.3922 0.1961 27.2705 2.0000 
2460 2461 21 -9.7398 0.5040 -21.6025 -9.7991 0.4128 -21.7704 0.0524 0.2000 0.4314 0.3922 0.1961 27.4946 2.0000 
2461 2462 21 -9.7991 0.4128 -21.7704 -9.8777 0.3125 -21.9245 0.0524 0.2000 0.4314 0.3922 0.1961 27.7221 2.0000 
2462 2463 21 -9.8777 0.3125 -21.9245 -9.9487 0.2147 -22.0839 0.0524 0.2000 0.4314 0.3922 0.1961 27.9532 2.0000 
2463 2464 21 -9.9487 0.2147 -22.0839 -9.9938 0.1122 -22.2496 0.0524 0.2000 0.4314 0.3922 0.1961 28.1879 2.0000 
2464 2465 21 -9.9938 0.1122 -22.2496 -10.0218 0.0190 -22.4243 0.0524 0.2000 0.4314 0.3922 0.1961 28.4265 2.0000 
2465 2466 21 -10.0218 0.0190 -22.4243 -9.9809 -0.0583 -22.6042 0.0524 0.2000 0.4314 0.3922 0.1961 28.6689 2.0000 
2466 2467 21 -9.9809 -0.0583 -22.6042 -9.9630 -0.1531 -22.7794 0.0524 0.2000 0.4314 0.3922 0.1961 28.9153 2.0000 
2467 2468 21 -9.9630 -0.1531 -22.7794 -9.9635 -0.2563 -22.9507 0.0524 0.2000 0.4314 0.3922 0.1961 29.1660 2.0000 
2468 2469 21 -9.9635 -0.2563 -22.9507 -9.9298 -0.3346 -23.1316 0.0524 0.2000 0.4314 0.3922 0.1961 29.4209 2.0000 
2469 2470 21 -9.9298 -0.3346 -23.1316 -9.8964 -0.4149 -23.3117 0.0524 0.2000 0.4314 0.3922 0.1961 29.6803 2.0000 
2470 2471 21 -9.8964 -0.4149 -23.3117 -9.8543 -0.4848 -23.4943 0.0524 0.2000 0.4314 0.3922 0.1961 29.9444 2.0000 
2471 2472 21 -9.8543 -0.4848 -23.4943 -9.8459 -0.4996 -23.5323 0.0524 0.0417 0.4314 0.3922 0.1961 30.0000 2.0000 
55 2473 22 0.0494 -0.0852 -11.3852 0.1393 -0.2593 -11.4252 0.0740 0.2000 0.4314 0.3922 0.1961 15.5347 2.0000 
2473 2474 22 0.1393 -0.2593 -11.4252 0.2274 -0.4304 -11.4796 0.0740 0.2000 0.4314 0.3922 0.1961 15.6468 2.0000 
2474 2475 22 0.2274 -0.4304 -11.4796 0.2999 -0.6030 -11.5501 0.0740 0.2000 0.4314 0.3922 0.1961 15.7597 2.0000 
2475 2476 22 0.2999 -0.6030 -11.5501 0.3743 -0.7801 -11.6056 0.0740 0.2000 0.4314 0.3922 0.1961 15.8734 2.0000 
2476 2477 22 0.3743 -0.7801 -11.6056 0.4637 -0.9452 -11.6746 0.0740 0.2000 0.4314 0.3922 0.1961 15.9877 2.0000 
2477 2478 22 0.4637 -0.9452 -11.6746 0.5548 -1.1009 -11.7608 0.0740 0.2000 0.4314 0.3922 0.1961 16.1029 2.0000 
2478 2479 22 0.5548 -1.1009 -11.7608 0.6488 -1.2543 -11.8484 0.0740 0.2000 0.4314 0.3922 0.1961 16.2188 2.0000 
2479 2480 22 0.6488 -1.2543 -11.8484 0.7554 -1.3746 -11.9674 0.0740 0.2000 0.4314 0.3922 0.1961 16.3355 2.0000 
2480 2481 22 0.7554 -1.3746 -11.9674 0.8216 -1.5102 -12.0986 0.0740 0.2000 0.4314 0.3922 0.1961 16.4530 2.0000 
2481 2482 22 0.8216 -1.5102 -12.0986 0.9134 -1.5913 -12.2567 0.0740 0.2000 0.4314 0.3922 0.1961 16.5712 2.0000 
2482 2483 22 0.9134 -1.5913 -12.2567 1.0423 -1.6994 -12.3649 0.0740 0.2000 0.4314 0.3922 0.1961 16.6903 2.0000 
2483 2484 22 1.0423 -1.6994 -12.3649 1.1513 -1.7847 -12.5093 0.0740 0.2000 0.4314 0.3922 0.1961 16.8102 2.0000 
2484 2485 22 1.1513 -1.7847 -12.5093 1.2712 -1.8407 -12.6592 0.0740 0.2000 0.4314 0.3922 0.1961 16.9309 2.0000 
2485 2486 22 1.2712 -1.8407 -12.6592 1.3992 -1.8990 -12.8014 0.0740 0.2000 0.4314 0.3922 0.1961 17.0525 2.0000 
2486 2487 22 1.3992 -1.8990 -12.8014 1.5244 -1.9555 -12.9468 0.0740 0.2000 0.4314 0.3922 0.1961 17.1750 2.0000 
2487 2488 22 1.5244 -1.9555 -12.9468 1.6484 -2.0136 -13.0926 0.0740 0.2000 0.4314 0.3922 0.1961 17.2983 2.0000 
2488 2489 22 1.6484 -2.0136 -13.0926 1.7635 -2.0771 -13.2433 0.0740 0.2000 0.4314 0.3922 0.1961 17.4224 2.0000 
2489 2490 22 1.7635 -2.0771 -13.2433 1.8935 -2.1174 -13.3898 0.0740 0.2000 0.4314 0.3922 0.1961 17.5475 2.0000 
2490 2491 22 1.8935 -2.1174 -13.3898 2.0248 -2.1663 -13.5326 0.0740 0.2000 0.4314 0.3922 0.1961 17.6735 2.0000 
2491 2492 22 2.0248 -2.1663 -13.5326 2.1268 -2.2234 -13.6948 0.0740 0.2000 0.4314 0.3922 0.1961 17.8004 2.0000 
2492 2493 22 2.1268 -2.2234 -13.6948 2.1546 -2.2486 -13.8913 0.0740 0.2000 0.4314 0.3922 0.1961 17.9282 2.0000 
2493 2494 22 2.1546 -2.2486 -13.8913 2.1879 -2.2484 -14.0885 0.0740 0.2000 0.4314 0.3922 0.1961 18.0570 2.0000 
2494 2495 22 2.1879 -2.2484 -14.0885 2.2081 -2.2267 -14.2863 0.0740 0.2000 0.4314 0.3922 0.1961 18.1867 2.0000 
2495 2496 22 2.2081 -2.2267 -14.2863 2.2096 -2.2278 -14.4863 0.0740 0.2000 0.4314 0.3922 0.1961 18.3175 2.0000 
2496 2497 22 2.2096 -2.2278 -14.4863 2.2109 -2.2294 -14.6862 0.0740 0.2000 0.4314 0.3922 0.1961 18.4492 2.0000 
2497 2498 22 2.2109 -2.2294 -14.6862 2.2156 -2.2534 -14.8847 0.0740 0.2000 0.4314 0.3922 0.1961 18.5819 2.0000 
2498 2499 22 2.2156 -2.2534 -14.8847 2.2179 -2.2927 -15.0808 0.0740 0.2000 0.4314 0.3922 0.1961 18.7156 2.0000 
2499 2500 22 2.2179 -2.2927 -15.0808 2.2164 -2.3347 -15.2764 0.0740 0.2000 0.4314 0.3922 0.1961 18.8504 2.0000 
2500 2501 22 2.2164 -2.3347 -15.2764 2.2308 -2.3833 -15.4698 0.0740 0.2000 0.4314 0.3922 0.1961 18.9862 2.0000 
2501 2502 22 2.2308 -2.3833 -15.4698 2.2436 -2.4407 -15.6610 0.0740 0.2000 0.4314 0.3922 0.1961 19.1231 2.0000 
2502 2503 22 2.2436 -2.4407 -15.6610 2.2518 -2.4963 -15.8529 0.0740 0.2000 0.4314 0.3922 0.1961 19.2610 2.0000 
2503 2504 22 2.2518 -2.4963 -15.8529 2.2603 -2.5518 -16.0449 0.0740 0.2000 0.4314 0.3922 0.1961 19.4001 2.0000 
2504 2505 22 2.2603 -2.5518 -16.0449 2.2613 -2.6037 -16.2380 0.0740 0.2000 0.4314 0.3922 0.1961 19.5403 2.0000 
2505 2506 22 2.2613 -2.6037 -16.2380 2.2499 -2.7127 -16.4053 0.0740 0.2000 0.4314 0.3922 0.1961 19.6816 2.0000 
2506 2507 22 2.2499 -2.7127 -16.4053 2.2740 -2.7933 -16.5867 0.0740 0.2000 0.4314 0.3922 0.1961 19.8241 2.0000 
2507 2508 22 2.2740 -2.7933 -16.5867 2.3025 -2.8845 -16.7624 0.0740 0.2000 0.4314 0.3922 0.1961 19.9678 2.0000 
2508 2509 22 2.3025 -2.8845 -16.7624 2.3520 -2.9568 -16.9422 0.0740 0.2000 0.4314 0.3922 0.1961 20.1127 2.0000 
2509 2510 22 2.3520 -2.9568 -16.9422 2.4080 -3.0299 -17.1198 0.0740 0.2000 0.4314 0.3922 0.1961 20.2588 2.0000 
2510 2511 22 2.4080 -3.0299 -17.1198 2.4604 -3.0975 -17.3005 0.0740 0.2000 0.4314 0.3922 0.1961 20.4061 2.0000 
2511 2512 22 2.4604 -3.0975 -17.3005 2.4862 -3.1724 -17.4842 0.0740 0.2000 0.4314 0.3922 0.1961 20.5547 2.0000 
2512 2513 22 2.4862 -3.1724 -17.4842 2.4876 -3.2448 -17.6706 0.0740 0.2000 0.4314 0.3922 0.1961 20.7045 2.0000 
2513 2514 22 2.4876 -3.2448 -17.6706 2.4821 -3.3091 -17.8599 0.0740 0.2000 0.4314 0.3922 0.1961 20.8557 2.0000 
2514 2515 22 2.4821 -3.3091 -17.8599 2.4850 -3.3780 -18.0477 0.0740 0.2000 0.4314 0.3922 0.1961 21.0082 2.0000 
2515 2516 22 2.4850 -3.3780 -18.0477 2.4698 -3.4705 -18.2244 0.0740 0.2000 0.4314 0.3922 0.1961 21.1620 2.0000 
2516 2517 22 2.4698 -3.4705 -18.2244 2.4366 -3.5318 -18.4118 0.0740 0.2000 0.4314 0.3922 0.1961 21.3172 2.0000 
2517 2518 22 2.4366 -3.5318 -18.4118 2.4083 -3.5839 -18.6028 0.0740 0.2000 0.4314 0.3922 0.1961 21.4738 2.0000 
2518 2519 22 2.4083 -3.5839 -18.6028 2.3603 -3.6401 -18.7886 0.0740 0.2000 0.4314 0.3922 0.1961 21.6318 2.0000 
2519 2520 22 2.3603 -3.6401 -18.7886 2.3318 -3.7001 -18.9773 0.0740 0.2000 0.4314 0.3922 0.1961 21.7913 2.0000 
2520 2521 22 2.3318 -3.7001 -18.9773 2.2977 -3.7312 -19.1719 0.0740 0.2000 0.4314 0.3922 0.1961 21.9523 2.0000 
2521 2522 22 2.2977 -3.7312 -19.1719 2.2474 -3.7753 -19.3604 0.0740 0.2000 0.4314 0.3922 0.1961 22.1147 2.0000 
2522 2523 22 2.2474 -3.7753 -19.3604 2.1978 -3.8156 -19.5499 0.0740 0.2000 0.4314 0.3922 0.1961 22.2787 2.0000 
2523 2524 22 2.1978 -3.8156 -19.5499 2.1813 -3.8158 -19.7492 0.0740 0.2000 0.4314 0.3922 0.1961 22.4442 2.0000 
2524 2525 22 2.1813 -3.8158 -19.7492 2.1653 -3.8164 -19.9486 0.0740 0.2000 0.4314 0.3922 0.1961 22.6114 2.0000 
2525 2526 22 2.1653 -3.8164 -19.9486 2.1550 -3.8000 -20.1476 0.0740 0.2000 0.4314 0.3922 0.1961 22.7801 2.0000 
2526 2527 22 2.1550 -3.8000 -20.1476 2.1584 -3.7796 -20.3465 0.0740 0.2000 0.4314 0.3922 0.1961 22.9506 2.0000 
2527 2528 22 2.1584 -3.7796 -20.3465 2.1824 -3.7668 -20.5447 0.0740 0.2000 0.4314 0.3922 0.1961 23.1227 2.0000 
2528 2529 22 2.1824 -3.7668 -20.5447 2.2212 -3.7408 -20.7391 0.0740 0.2000 0.4314 0.3922 0.1961 23.2965 2.0000 
2529 2530 22 2.2212 -3.7408 -20.7391 2.2582 -3.7173 -20.9343 0.0740 0.2000 0.4314 0.3922 0.1961 23.4720 2.0000 
2530 2531 22 2.2582 -3.7173 -20.9343 2.3011 -3.6783 -21.1257 0.0740 0.2000 0.4314 0.3922 0.1961 23.6494 2.0000 
2531 2532 22 2.3011 -3.6783 -21.1257 2.3519 -3.6556 -21.3178 0.0740 0.2000 0.4314 0.3922 0.1961 23.8286 2.0000 
2532 2533 22 2.3519 -3.6556 -21.3178 2.3993 -3.6126 -21.5073 0.0740 0.2000 0.4314 0.3922 0.1961 24.0096 2.0000 
2533 2534 22 2.3993 -3.6126 -21.5073 2.4545 -3.5906 -21.6983 0.0740 0.2000 0.4314 0.3922 0.1961 24.1926 2.0000 
2534 2535 22 2.4545 -3.5906 -21.6983 2.5176 -3.5548 -21.8846 0.0740 0.2000 0.4314 0.3922 0.1961 24.3775 2.0000 
2535 2536 22 2.5176 -3.5548 -21.8846 2.5873 -3.5290 -22.0703 0.0740 0.2000 0.4314 0.3922 0.1961 24.5644 2.0000 
2536 2537 22 2.5873 -3.5290 -22.0703 2.6683 -3.4673 -22.2425 0.0740 0.2000 0.4314 0.3922 0.1961 24.7533 2.0000 
2537 2538 22 2.6683 -3.4673 -22.2425 2.7528 -3.3924 -22.4075 0.0740 0.2000 0.4314 0.3922 0.1961 24.9443 2.0000 
2538 2539 22 2.7528 -3.3924 -22.4075 2.8334 -3.3345 -22.5812 0.0740 0.2000 0.4314 0.3922 0.1961 25.1374 2.0000 
2539 2540 22 2.8334 -3.3345 -22.5812 2.8873 -3.2740 -22.7640 0.0740 0.2000 0.4314 0.3922 0.1961 25.3327 2.0000 
2540 2541 22 2.8873 -3.2740 -22.7640 2.9544 -3.2491 -22.9508 0.0740 0.2000 0.4314 0.3922 0.1961 25.5302 2.0000 
2541 2542 22 2.9544 -3.2491 -22.9508 3.0212 -3.2167 -23.1365 0.0740 0.2000 0.4314 0.3922 0.1961 25.7300 2.0000 
2542 2543 22 3.0212 -3.2167 -23.1365 3.1159 -3.1936 -23.3111 0.0740 0.2000 0.4314 0.3922 0.1961 25.9321 2.0000 
2543 2544 22 3.1159 -3.1936 -23.3111 3.2093 -3.2267 -23.4849 0.0740 0.2000 0.4314 0.3922 0.1961 26.1365 2.0000 
2544 2545 22 3.2093 -3.2267 -23.4849 3.2923 -3.2745 -23.6604 0.0740 0.2000 0.4314 0.3922 0.1961 26.3434 2.0000 
2545 2546 22 3.2923 -3.2745 -23.6604 3.3916 -3.3669 -23.8074 0.0740 0.2000 0.4314 0.3922 0.1961 26.5528 2.0000 
2546 2547 22 3.3916 -3.3669 -23.8074 3.5050 -3.4695 -23.9364 0.0740 0.2000 0.4314 0.3922 0.1961 26.7647 2.0000 
2547 2548 22 3.5050 -3.4695 -23.9364 3.5993 -3.5711 -24.0804 0.0740 0.2000 0.4314 0.3922 0.1961 26.9793 2.0000 
2548 2549 22 3.5993 -3.5711 -24.0804 3.7112 -3.6702 -24.2134 0.0740 0.2000 0.4314 0.3922 0.1961 27.1965 2.0000 
2549 2550 22 3.7112 -3.6702 -24.2134 3.8169 -3.7653 -24.3540 0.0740 0.2000 0.4314 0.3922 0.1961 27.4165 2.0000 
2550 2551 22 3.8169 -3.7653 -24.3540 3.9227 -3.8605 -24.4946 0.0740 0.2000 0.4314 0.3922 0.1961 27.6393 2.0000 
2551 2552 22 3.9227 -3.8605 -24.4946 4.0178 -3.9432 -24.6498 0.0740 0.2000 0.4314 0.3922 0.1961 27.8650 2.0000 
2552 2553 22 4.0178 -3.9432 -24.6498 4.1046 -4.0273 -24.8092 0.0740 0.2000 0.4314 0.3922 0.1961 28.0936 2.0000 
2553 2554 22 4.1046 -4.0273 -24.8092 4.1783 -4.1539 -24.9453 0.0740 0.2000 0.4314 0.3922 0.1961 28.3253 2.0000 
2554 2555 22 4.1783 -4.1539 -24.9453 4.2071 -4.2928 -25.0863 0.0740 0.2000 0.4314 0.3922 0.1961 28.5602 2.0000 
2555 2556 22 4.2071 -4.2928 -25.0863 4.2242 -4.4220 -25.2380 0.0740 0.2000 0.4314 0.3922 0.1961 28.7982 2.0000 
2556 2557 22 4.2242 -4.4220 -25.2380 4.2433 -4.5546 -25.3865 0.0740 0.2000 0.4314 0.3922 0.1961 29.0396 2.0000 
2557 2558 22 4.2433 -4.5546 -25.3865 4.2118 -4.7197 -25.4950 0.0740 0.2000 0.4314 0.3922 0.1961 29.2843 2.0000 
2558 2559 22 4.2118 -4.7197 -25.4950 4.1903 -4.8985 -25.5820 0.0740 0.2000 0.4314 0.3922 0.1961 29.5325 2.0000 
2559 2560 22 4.1903 -4.8985 -25.5820 4.1662 -5.0793 -25.6638 0.0740 0.2000 0.4314 0.3922 0.1961 29.7843 2.0000 
2560 2561 22 4.1662 -5.0793 -25.6638 4.1223 -5.2290 -25.7288 0.0740 0.1690 0.4314 0.3922 0.1961 30.0000 2.0000 
58 2562 23 0.0514 -0.0547 -11.7890 0.1936 -0.1742 -11.8631 0.0568 0.2000 0.4314 0.3922 0.1961 15.9673 2.0000 
2562 2563 23 0.1936 -0.1742 -11.8631 0.3482 -0.2883 -11.9188 0.0568 0.2000 0.4314 0.3922 0.1961 16.0693 2.0000 
2563 2564 23 0.3482 -0.2883 -11.9188 0.5028 -0.4019 -11.9752 0.0568 0.2000 0.4314 0.3922 0.1961 16.1720 2.0000 
2564 2565 23 0.5028 -0.4019 -11.9752 0.6484 -0.5078 -12.0622 0.0568 0.2000 0.4314 0.3922 0.1961 16.2753 2.0000 
2565 2566 23 0.6484 -0.5078 -12.0622 0.7837 -0.5899 -12.1846 0.0568 0.2000 0.4314 0.3922 0.1961 16.3793 2.0000 
2566 2567 23 0.7837 -0.5899 -12.1846 0.9078 -0.6760 -12.3156 0.0568 0.2000 0.4314 0.3922 0.1961 16.4840 2.0000 
2567 2568 23 0.9078 -0.6760 -12.3156 1.0343 -0.7598 -12.4459 0.0568 0.2000 0.4314 0.3922 0.1961 16.5893 2.0000 
2568 2569 23 1.0343 -0.7598 -12.4459 1.1637 -0.8520 -12.5674 0.0568 0.2000 0.4314 0.3922 0.1961 16.6953 2.0000 
2569 2570 23 1.1637 -0.8520 -12.5674 1.2658 -0.9643 -12.6976 0.0568 0.2000 0.4314 0.3922 0.1961 16.8020 2.0000 
2570 2571 23 1.2658 -0.9643 -12.6976 1.3498 -1.0428 -12.8612 0.0568 0.2000 0.4314 0.3922 0.1961 16.9094 2.0000 
2571 2572 23 1.3498 -1.0428 -12.8612 1.4133 -1.1562 -13.0133 0.0568 0.2000 0.4314 0.3922 0.1961 17.0175 2.0000 
2572 2573 23 1.4133 -1.1562 -13.0133 1.4946 -1.2518 -13.1690 0.0568 0.2000 0.4314 0.3922 0.1961 17.1263 2.0000 
2573 2574 23 1.4946 -1.2518 -13.1690 1.5687 -1.3398 -13.3326 0.0568 0.2000 0.4314 0.3922 0.1961 17.2358 2.0000 
2574 2575 23 1.5687 -1.3398 -13.3326 1.6424 -1.4298 -13.4953 0.0568 0.2000 0.4314 0.3922 0.1961 17.3461 2.0000 
2575 2576 23 1.6424 -1.4298 -13.4953 1.7069 -1.5271 -13.6577 0.0568 0.2000 0.4314 0.3922 0.1961 17.4572 2.0000 
2576 2577 23 1.7069 -1.5271 -13.6577 1.7861 -1.6273 -13.8116 0.0568 0.2000 0.4314 0.3922 0.1961 17.5690 2.0000 
2577 2578 23 1.7861 -1.6273 -13.8116 1.8738 -1.6893 -13.9803 0.0568 0.2000 0.4314 0.3922 0.1961 17.6815 2.0000 
2578 2579 23 1.8738 -1.6893 -13.9803 1.9757 -1.7527 -14.1403 0.0568 0.2000 0.4314 0.3922 0.1961 17.7949 2.0000 
2579 2580 23 1.9757 -1.7527 -14.1403 2.0366 -1.8224 -14.3176 0.0568 0.2000 0.4314 0.3922 0.1961 17.9090 2.0000 
2580 2581 23 2.0366 -1.8224 -14.3176 2.0921 -1.8858 -14.4990 0.0568 0.2000 0.4314 0.3922 0.1961 18.0239 2.0000 
2581 2582 23 2.0921 -1.8858 -14.4990 2.1778 -1.9583 -14.6645 0.0568 0.2000 0.4314 0.3922 0.1961 18.1397 2.0000 
2582 2583 23 2.1778 -1.9583 -14.6645 2.2490 -2.0150 -14.8426 0.0568 0.2000 0.4314 0.3922 0.1961 18.2562 2.0000 
2583 2584 23 2.2490 -2.0150 -14.8426 2.2871 -2.0894 -15.0243 0.0568 0.2000 0.4314 0.3922 0.1961 18.3736 2.0000 
2584 2585 23 2.2871 -2.0894 -15.0243 2.3205 -2.1374 -15.2156 0.0568 0.2000 0.4314 0.3922 0.1961 18.4919 2.0000 
2585 2586 23 2.3205 -2.1374 -15.2156 2.3536 -2.1633 -15.4111 0.0568 0.2000 0.4314 0.3922 0.1961 18.6110 2.0000 
2586 2587 23 2.3536 -2.1633 -15.4111 2.3694 -2.1931 -15.6082 0.0568 0.2000 0.4314 0.3922 0.1961 18.7310 2.0000 
2587 2588 23 2.3694 -2.1931 -15.6082 2.3781 -2.2211 -15.8061 0.0568 0.2000 0.4314 0.3922 0.1961 18.8518 2.0000 
2588 2589 23 2.3781 -2.2211 -15.8061 2.3889 -2.2483 -16.0039 0.0568 0.2000 0.4314 0.3922 0.1961 18.9736 2.0000 
2589 2590 23 2.3889 -2.2483 -16.0039 2.4006 -2.2755 -16.2017 0.0568 0.2000 0.4314 0.3922 0.1961 19.0963 2.0000 
2590 2591 23 2.4006 -2.2755 -16.2017 2.4173 -2.2809 -16.4009 0.0568 0.2000 0.4314 0.3922 0.1961 19.2199 2.0000 
2591 2592 23 2.4173 -2.2809 -16.4009 2.4374 -2.2831 -16.5999 0.0568 0.2000 0.4314 0.3922 0.1961 19.3444 2.0000 
2592 2593 23 2.4374 -2.2831 -16.5999 2.4473 -2.2916 -16.7995 0.0568 0.2000 0.4314 0.3922 0.1961 19.4699 2.0000 
2593 2594 23 2.4473 -2.2916 -16.7995 2.4834 -2.2672 -16.9947 0.0568 0.2000 0.4314 0.3922 0.1961 19.5964 2.0000 
2594 2595 23 2.4834 -2.2672 -16.9947 2.5298 -2.2227 -17.1841 0.0568 0.2000 0.4314 0.3922 0.1961 19.7238 2.0000 
2595 2596 23 2.5298 -2.2227 -17.1841 2.5682 -2.2211 -17.3803 0.0568 0.2000 0.4314 0.3922 0.1961 19.8523 2.0000 
2596 2597 23 2.5682 -2.2211 -17.3803 2.6069 -2.2099 -17.5763 0.0568 0.2000 0.4314 0.3922 0.1961 19.9817 2.0000 
2597 2598 23 2.6069 -2.2099 -17.5763 2.6622 -2.1594 -17.7617 0.0568 0.2000 0.4314 0.3922 0.1961 20.1122 2.0000 
2598 2599 23 2.6622 -2.1594 -17.7617 2.7361 -2.1206 -17.9434 0.0568 0.2000 0.4314 0.3922 0.1961 20.2438 2.0000 
2599 2600 23 2.7361 -2.1206 -17.9434 2.8127 -2.0740 -18.1222 0.0568 0.2000 0.4314 0.3922 0.1961 20.3764 2.0000 
2600 2601 23 2.8127 -2.0740 -18.1222 2.8900 -2.0403 -18.3036 0.0568 0.2000 0.4314 0.3922 0.1961 20.5101 2.0000 
2601 2602 23 2.8900 -2.0403 -18.3036 2.9727 -2.0066 -18.4825 0.0568 0.2000 0.4314 0.3922 0.1961 20.6449 2.0000 
2602 2603 23 2.9727 -2.0066 -18.4825 3.0588 -1.9682 -18.6589 0.0568 0.2000 0.4314 0.3922 0.1961 20.7808 2.0000 
2603 2604 23 3.0588 -1.9682 -18.6589 3.0999 -1.9201 -18.8486 0.0568 0.2000 0.4314 0.3922 0.1961 20.9178 2.0000 
2604 2605 23 3.0999 -1.9201 -18.8486 3.1273 -1.8615 -19.0379 0.0568 0.2000 0.4314 0.3922 0.1961 21.0560 2.0000 
2605 2606 23 3.1273 -1.8615 -19.0379 3.1504 -1.8002 -19.2268 0.0568 0.2000 0.4314 0.3922 0.1961 21.1954 2.0000 
2606 2607 23 3.1504 -1.8002 -19.2268 3.1412 -1.7720 -19.4246 0.0568 0.2000 0.4314 0.3922 0.1961 21.3360 2.0000 
2607 2608 23 3.1412 -1.7720 -19.4246 3.1310 -1.7449 -19.6225 0.0568 0.2000 0.4314 0.3922 0.1961 21.4778 2.0000 
2608 2609 23 3.1310 -1.7449 -19.6225 3.1054 -1.7133 -19.8183 0.0568 0.2000 0.4314 0.3922 0.1961 21.6208 2.0000 
2609 2610 23 3.1054 -1.7133 -19.8183 3.0292 -1.7005 -20.0028 0.0568 0.2000 0.4314 0.3922 0.1961 21.7651 2.0000 
2610 2611 23 3.0292 -1.7005 -20.0028 2.9658 -1.6795 -20.1913 0.0568 0.2000 0.4314 0.3922 0.1961 21.9107 2.0000 
2611 2612 23 2.9658 -1.6795 -20.1913 2.9360 -1.6486 -20.3867 0.0568 0.2000 0.4314 0.3922 0.1961 22.0576 2.0000 
2612 2613 23 2.9360 -1.6486 -20.3867 2.8503 -1.6538 -20.5673 0.0568 0.2000 0.4314 0.3922 0.1961 22.2058 2.0000 
2613 2614 23 2.8503 -1.6538 -20.5673 2.7605 -1.6680 -20.7454 0.0568 0.2000 0.4314 0.3922 0.1961 22.3553 2.0000 
2614 2615 23 2.7605 -1.6680 -20.7454 2.6701 -1.6827 -20.9232 0.0568 0.2000 0.4314 0.3922 0.1961 22.5063 2.0000 
2615 2616 23 2.6701 -1.6827 -20.9232 2.5799 -1.6903 -21.1016 0.0568 0.2000 0.4314 0.3922 0.1961 22.6586 2.0000 
2616 2617 23 2.5799 -1.6903 -21.1016 2.4736 -1.7093 -21.2699 0.0568 0.2000 0.4314 0.3922 0.1961 22.8124 2.0000 
2617 2618 23 2.4736 -1.7093 -21.2699 2.3721 -1.7408 -21.4393 0.0568 0.2000 0.4314 0.3922 0.1961 22.9676 2.0000 
2618 2619 23 2.3721 -1.7408 -21.4393 2.2872 -1.7658 -21.6187 0.0568 0.2000 0.4314 0.3922 0.1961 23.1243 2.0000 
2619 2620 23 2.2872 -1.7658 -21.6187 2.2207 -1.7777 -21.8069 0.0568 0.2000 0.4314 0.3922 0.1961 23.2826 2.0000 
2620 2621 23 2.2207 -1.7777 -21.8069 2.1591 -1.7813 -21.9972 0.0568 0.2000 0.4314 0.3922 0.1961 23.4423 2.0000 
2621 2622 23 2.1591 -1.7813 -21.9972 2.1232 -1.7688 -22.1935 0.0568 0.2000 0.4314 0.3922 0.1961 23.6037 2.0000 
2622 2623 23 2.1232 -1.7688 -22.1935 2.0878 -1.7552 -22.3899 0.0568 0.2000 0.4314 0.3922 0.1961 23.7666 2.0000 
2623 2624 23 2.0878 -1.7552 -22.3899 2.0977 -1.7843 -22.5875 0.0568 0.2000 0.4314 0.3922 0.1961 23.9312 2.0000 
2624 2625 23 2.0977 -1.7843 -22.5875 2.1072 -1.8110 -22.7855 0.0568 0.2000 0.4314 0.3922 0.1961 24.0975 2.0000 
2625 2626 23 2.1072 -1.8110 -22.7855 2.1329 -1.8281 -22.9831 0.0568 0.2000 0.4314 0.3922 0.1961 24.2655 2.0000 
2626 2627 23 2.1329 -1.8281 -22.9831 2.1750 -1.7325 -23.1537 0.0568 0.2000 0.4314 0.3922 0.1961 24.4352 2.0000 
2627 2628 23 2.1750 -1.7325 -23.1537 2.2113 -1.6351 -23.3246 0.0568 0.2000 0.4314 0.3922 0.1961 24.6067 2.0000 
2628 2629 23 2.2113 -1.6351 -23.3246 2.2579 -1.5544 -23.5015 0.0568 0.2000 0.4314 0.3922 0.1961 24.7800 2.0000 
2629 2630 23 2.2579 -1.5544 -23.5015 2.2540 -1.5153 -23.6976 0.0568 0.2000 0.4314 0.3922 0.1961 24.9551 2.0000 
2630 2631 23 2.2540 -1.5153 -23.6976 2.2659 -1.4641 -23.8906 0.0568 0.2000 0.4314 0.3922 0.1961 25.1321 2.0000 
2631 2632 23 2.2659 -1.4641 -23.8906 2.2755 -1.4103 -24.0830 0.0568 0.2000 0.4314 0.3922 0.1961 25.3111 2.0000 
2632 2633 23 2.2755 -1.4103 -24.0830 2.3063 -1.3710 -24.2767 0.0568 0.2000 0.4314 0.3922 0.1961 25.4921 2.0000 
2633 2634 23 2.3063 -1.3710 -24.2767 2.3774 -1.3358 -24.4602 0.0568 0.2000 0.4314 0.3922 0.1961 25.6751 2.0000 
2634 2635 23 2.3774 -1.3358 -24.4602 2.4351 -1.2895 -24.6460 0.0568 0.2000 0.4314 0.3922 0.1961 25.8601 2.0000 
2635 2636 23 2.4351 -1.2895 -24.6460 2.4912 -1.2455 -24.8329 0.0568 0.2000 0.4314 0.3922 0.1961 26.0473 2.0000 
2636 2637 23 2.4912 -1.2455 -24.8329 2.5357 -1.2160 -25.0257 0.0568 0.2000 0.4314 0.3922 0.1961 26.2366 2.0000 
2637 2638 23 2.5357 -1.2160 -25.0257 2.5782 -1.1979 -25.2203 0.0568 0.2000 0.4314 0.3922 0.1961 26.4281 2.0000 
2638 2639 23 2.5782 -1.1979 -25.2203 2.6131 -1.1763 -25.4160 0.0568 0.2000 0.4314 0.3922 0.1961 26.6219 2.0000 
2639 2640 23 2.6131 -1.1763 -25.4160 2.6391 -1.1362 -25.6102 0.0568 0.2000 0.4314 0.3922 0.1961 26.8181 2.0000 
2640 2641 23 2.6391 -1.1362 -25.6102 2.6782 -1.0908 -25.8010 0.0568 0.2000 0.4314 0.3922 0.1961 27.0166 2.0000 
2641 2642 23 2.6782 -1.0908 -25.8010 2.6850 -1.0498 -25.9966 0.0568 0.2000 0.4314 0.3922 0.1961 27.2175 2.0000 
2642 2643 23 2.6850 -1.0498 -25.9966 2.6702 -0.9996 -26.1897 0.0568 0.2000 0.4314 0.3922 0.1961 27.4209 2.0000 
2643 2644 23 2.6702 -0.9996 -26.1897 2.6536 -0.9481 -26.3822 0.0568 0.2000 0.4314 0.3922 0.1961 27.6269 2.0000 
2644 2645 23 2.6536 -0.9481 -26.3822 2.6532 -0.8961 -26.5753 0.0568 0.2000 0.4314 0.3922 0.1961 27.8355 2.0000 
2645 2646 23 2.6532 -0.8961 -26.5753 2.6659 -0.8468 -26.7688 0.0568 0.2000 0.4314 0.3922 0.1961 28.0468 2.0000 
2646 2647 23 2.6659 -0.8468 -26.7688 2.7009 -0.8370 -26.9654 0.0568 0.2000 0.4314 0.3922 0.1961 28.2609 2.0000 
2647 2648 23 2.7009 -0.8370 -26.9654 2.6771 -0.8277 -27.1638 0.0568 0.2000 0.4314 0.3922 0.1961 28.4778 2.0000 
2648 2649 23 2.6771 -0.8277 -27.1638 2.6602 -0.8322 -27.3630 0.0568 0.2000 0.4314 0.3922 0.1961 28.6976 2.0000 
2649 2650 23 2.6602 -0.8322 -27.3630 2.6953 -0.8502 -27.5591 0.0568 0.2000 0.4314 0.3922 0.1961 28.9204 2.0000 
2650 2651 23 2.6953 -0.8502 -27.5591 2.7191 -0.8669 -27.7570 0.0568 0.2000 0.4314 0.3922 0.1961 29.1463 2.0000 
2651 2652 23 2.7191 -0.8669 -27.7570 2.7138 -0.8104 -27.9487 0.0568 0.2000 0.4314 0.3922 0.1961 29.3753 2.0000 
2652 2653 23 2.7138 -0.8104 -27.9487 2.7351 -0.7352 -28.1328 0.0568 0.2000 0.4314 0.3922 0.1961 29.6076 2.0000 
2653 2654 23 2.7351 -0.7352 -28.1328 2.7643 -0.6562 -28.3143 0.0568 0.2000 0.4314 0.3922 0.1961 29.8433 2.0000 
2654 2655 23 2.7643 -0.6562 -28.3143 2.7934 -0.6227 -28.4380 0.0568 0.1315 0.4314 0.3922 0.1961 30.0000 2.0000 
61 2656 24 0.0327 -0.0441 -12.2296 0.2168 -0.0323 -12.3069 0.0804 0.2000 0.4314 0.3922 0.1961 16.4558 2.0000 
2656 2657 24 0.2168 -0.0323 -12.3069 0.4007 -0.0206 -12.3847 0.0804 0.2000 0.4314 0.3922 0.1961 16.5596 2.0000 
2657 2658 24 0.4007 -0.0206 -12.3847 0.5842 -0.0095 -12.4633 0.0804 0.2000 0.4314 0.3922 0.1961 16.6643 2.0000 
2658 2659 24 0.5842 -0.0095 -12.4633 0.7735 0.0057 -12.5260 0.0804 0.2000 0.4314 0.3922 0.1961 16.7697 2.0000 
2659 2660 24 0.7735 0.0057 -12.5260 0.9642 0.0201 -12.5848 0.0804 0.2000 0.4314 0.3922 0.1961 16.8759 2.0000 
2660 2661 24 0.9642 0.0201 -12.5848 1.1409 0.0566 -12.6709 0.0804 0.2000 0.4314 0.3922 0.1961 16.9830 2.0000 
2661 2662 24 1.1409 0.0566 -12.6709 1.3160 0.0883 -12.7623 0.0804 0.2000 0.4314 0.3922 0.1961 17.0909 2.0000 
2662 2663 24 1.3160 0.0883 -12.7623 1.4934 0.1150 -12.8508 0.0804 0.2000 0.4314 0.3922 0.1961 17.1996 2.0000 
2663 2664 24 1.4934 0.1150 -12.8508 1.6580 0.1298 -12.9634 0.0804 0.2000 0.4314 0.3922 0.1961 17.3091 2.0000 
2664 2665 24 1.6580 0.1298 -12.9634 1.8344 0.1372 -13.0572 0.0804 0.2000 0.4314 0.3922 0.1961 17.4195 2.0000 
2665 2666 24 1.8344 0.1372 -13.0572 2.0121 0.1518 -13.1480 0.0804 0.2000 0.4314 0.3922 0.1961 17.5308 2.0000 
2666 2667 24 2.0121 0.1518 -13.1480 2.1748 0.1653 -13.2635 0.0804 0.2000 0.4314 0.3922 0.1961 17.6430 2.0000 
2667 2668 24 2.1748 0.1653 -13.2635 2.3300 0.1878 -13.3876 0.0804 0.2000 0.4314 0.3922 0.1961 17.7560 2.0000 
2668 2669 24 2.3300 0.1878 -13.3876 2.4946 0.2054 -13.4999 0.0804 0.2000 0.4314 0.3922 0.1961 17.8700 2.0000 
2669 2670 24 2.4946 0.2054 -13.4999 2.6623 0.2222 -13.6075 0.0804 0.2000 0.4314 0.3922 0.1961 17.9850 2.0000 
2670 2671 24 2.6623 0.2222 -13.6075 2.8132 0.2266 -13.7387 0.0804 0.2000 0.4314 0.3922 0.1961 18.1009 2.0000 
2671 2672 24 2.8132 0.2266 -13.7387 2.9640 0.2287 -13.8700 0.0804 0.2000 0.4314 0.3922 0.1961 18.2177 2.0000 
2672 2673 24 2.9640 0.2287 -13.8700 3.1101 0.2235 -14.0065 0.0804 0.2000 0.4314 0.3922 0.1961 18.3355 2.0000 
2673 2674 24 3.1101 0.2235 -14.0065 3.2170 0.2857 -14.1637 0.0804 0.2000 0.4314 0.3922 0.1961 18.4543 2.0000 
2674 2675 24 3.2170 0.2857 -14.1637 3.2975 0.2985 -14.3463 0.0804 0.2000 0.4314 0.3922 0.1961 18.5742 2.0000 
2675 2676 24 3.2975 0.2985 -14.3463 3.3707 0.3153 -14.5317 0.0804 0.2000 0.4314 0.3922 0.1961 18.6950 2.0000 
2676 2677 24 3.3707 0.3153 -14.5317 3.4556 0.3062 -14.7125 0.0804 0.2000 0.4314 0.3922 0.1961 18.8170 2.0000 
2677 2678 24 3.4556 0.3062 -14.7125 3.5102 0.2783 -14.9029 0.0804 0.2000 0.4314 0.3922 0.1961 18.9400 2.0000 
2678 2679 24 3.5102 0.2783 -14.9029 3.6018 0.2910 -15.0803 0.0804 0.2000 0.4314 0.3922 0.1961 19.0640 2.0000 
2679 2680 24 3.6018 0.2910 -15.0803 3.7039 0.2860 -15.2522 0.0804 0.2000 0.4314 0.3922 0.1961 19.1892 2.0000 
2680 2681 24 3.7039 0.2860 -15.2522 3.7975 0.2524 -15.4257 0.0804 0.2000 0.4314 0.3922 0.1961 19.3155 2.0000 
2681 2682 24 3.7975 0.2524 -15.4257 3.8727 0.1822 -15.5972 0.0804 0.2000 0.4314 0.3922 0.1961 19.4430 2.0000 
2682 2683 24 3.8727 0.1822 -15.5972 3.9496 0.1270 -15.7734 0.0804 0.2000 0.4314 0.3922 0.1961 19.5716 2.0000 
2683 2684 24 3.9496 0.1270 -15.7734 3.9731 0.1075 -15.9710 0.0804 0.2000 0.4314 0.3922 0.1961 19.7014 2.0000 
2684 2685 24 3.9731 0.1075 -15.9710 3.9904 0.0940 -16.1698 0.0804 0.2000 0.4314 0.3922 0.1961 19.8324 2.0000 
2685 2686 24 3.9904 0.0940 -16.1698 3.9686 0.1231 -16.3665 0.0804 0.2000 0.4314 0.3922 0.1961 19.9647 2.0000 
2686 2687 24 3.9686 0.1231 -16.3665 3.9628 0.1264 -16.5664 0.0804 0.2000 0.4314 0.3922 0.1961 20.0982 2.0000 
2687 2688 24 3.9628 0.1264 -16.5664 3.9580 0.1394 -16.7659 0.0804 0.2000 0.4314 0.3922 0.1961 20.2330 2.0000 
2688 2689 24 3.9580 0.1394 -16.7659 3.9537 0.1361 -16.9658 0.0804 0.2000 0.4314 0.3922 0.1961 20.3691 2.0000 
2689 2690 24 3.9537 0.1361 -16.9658 3.9390 0.1453 -17.1650 0.0804 0.2000 0.4314 0.3922 0.1961 20.5065 2.0000 
2690 2691 24 3.9390 0.1453 -17.1650 3.9277 0.1555 -17.3645 0.0804 0.2000 0.4314 0.3922 0.1961 20.6453 2.0000 
2691 2692 24 3.9277 0.1555 -17.3645 3.8813 0.1844 -17.5568 0.0804 0.2000 0.4314 0.3922 0.1961 20.7855 2.0000 
2692 2693 24 3.8813 0.1844 -17.5568 3.8460 0.2470 -17.7435 0.0804 0.2000 0.4314 0.3922 0.1961 20.9271 2.0000 
2693 2694 24 3.8460 0.2470 -17.7435 3.8172 0.2947 -17.9356 0.0804 0.2000 0.4314 0.3922 0.1961 21.0702 2.0000 
2694 2695 24 3.8172 0.2947 -17.9356 3.7902 0.3224 -18.1318 0.0804 0.2000 0.4314 0.3922 0.1961 21.2147 2.0000 
2695 2696 24 3.7902 0.3224 -18.1318 3.7633 0.3514 -18.3278 0.0804 0.2000 0.4314 0.3922 0.1961 21.3607 2.0000 
2696 2697 24 3.7633 0.3514 -18.3278 3.7378 0.3535 -18.5262 0.0804 0.2000 0.4314 0.3922 0.1961 21.5082 2.0000 
2697 2698 24 3.7378 0.3535 -18.5262 3.7182 0.3400 -18.7248 0.0804 0.2000 0.4314 0.3922 0.1961 21.6574 2.0000 
2698 2699 24 3.7182 0.3400 -18.7248 3.6985 0.3265 -18.9233 0.0804 0.2000 0.4314 0.3922 0.1961 21.8081 2.0000 
2699 2700 24 3.6985 0.3265 -18.9233 3.6996 0.2585 -19.1114 0.0804 0.2000 0.4314 0.3922 0.1961 21.9604 2.0000 
2700 2701 24 3.6996 0.2585 -19.1114 3.7010 0.2545 -19.3114 0.0804 0.2000 0.4314 0.3922 0.1961 22.1145 2.0000 
2701 2702 24 3.7010 0.2545 -19.3114 3.7017 0.2474 -19.5112 0.0804 0.2000 0.4314 0.3922 0.1961 22.2702 2.0000 
2702 2703 24 3.7017 0.2474 -19.5112 3.6784 0.2277 -19.7089 0.0804 0.2000 0.4314 0.3922 0.1961 22.4277 2.0000 
2703 2704 24 3.6784 0.2277 -19.7089 3.6636 0.2377 -19.9081 0.0804 0.2000 0.4314 0.3922 0.1961 22.5870 2.0000 
2704 2705 24 3.6636 0.2377 -19.9081 3.6415 0.2185 -20.1059 0.0804 0.2000 0.4314 0.3922 0.1961 22.7481 2.0000 
2705 2706 24 3.6415 0.2185 -20.1059 3.6079 0.1879 -20.3007 0.0804 0.2000 0.4314 0.3922 0.1961 22.9110 2.0000 
2706 2707 24 3.6079 0.1879 -20.3007 3.5782 0.1586 -20.4963 0.0804 0.2000 0.4314 0.3922 0.1961 23.0759 2.0000 
2707 2708 24 3.5782 0.1586 -20.4963 3.5481 0.1290 -20.6918 0.0804 0.2000 0.4314 0.3922 0.1961 23.2428 2.0000 
2708 2709 24 3.5481 0.1290 -20.6918 3.5183 0.1000 -20.8874 0.0804 0.2000 0.4314 0.3922 0.1961 23.4116 2.0000 
2709 2710 24 3.5183 0.1000 -20.8874 3.5200 0.0806 -21.0865 0.0804 0.2000 0.4314 0.3922 0.1961 23.5825 2.0000 
2710 2711 24 3.5200 0.0806 -21.0865 3.5488 0.0883 -21.2843 0.0804 0.2000 0.4314 0.3922 0.1961 23.7556 2.0000 
2711 2712 24 3.5488 0.0883 -21.2843 3.5675 0.1023 -21.4829 0.0804 0.2000 0.4314 0.3922 0.1961 23.9307 2.0000 
2712 2713 24 3.5675 0.1023 -21.4829 3.5813 0.1108 -21.6822 0.0804 0.2000 0.4314 0.3922 0.1961 24.1081 2.0000 
2713 2714 24 3.5813 0.1108 -21.6822 3.5916 0.1299 -21.8810 0.0804 0.2000 0.4314 0.3922 0.1961 24.2878 2.0000 
2714 2715 24 3.5916 0.1299 -21.8810 3.5988 0.1474 -22.0801 0.0804 0.2000 0.4314 0.3922 0.1961 24.4698 2.0000 
2715 2716 24 3.5988 0.1474 -22.0801 3.5811 0.1543 -22.2792 0.0804 0.2000 0.4314 0.3922 0.1961 24.6542 2.0000 
2716 2717 24 3.5811 0.1543 -22.2792 3.5457 0.1542 -22.4761 0.0804 0.2000 0.4314 0.3922 0.1961 24.8410 2.0000 
2717 2718 24 3.5457 0.1542 -22.4761 3.5291 0.1456 -22.6752 0.0804 0.2000 0.4314 0.3922 0.1961 25.0303 2.0000 
2718 2719 24 3.5291 0.1456 -22.6752 3.5443 0.1713 -22.8730 0.0804 0.2000 0.4314 0.3922 0.1961 25.2223 2.0000 
2719 2720 24 3.5443 0.1713 -22.8730 3.5547 0.1416 -23.0705 0.0804 0.2000 0.4314 0.3922 0.1961 25.4169 2.0000 
2720 2721 24 3.5547 0.1416 -23.0705 3.5536 0.1178 -23.2691 0.0804 0.2000 0.4314 0.3922 0.1961 25.6142 2.0000 
2721 2722 24 3.5536 0.1178 -23.2691 3.5647 0.1097 -23.4686 0.0804 0.2000 0.4314 0.3922 0.1961 25.8144 2.0000 
2722 2723 24 3.5647 0.1097 -23.4686 3.5945 0.0981 -23.6660 0.0804 0.2000 0.4314 0.3922 0.1961 26.0175 2.0000 
2723 2724 24 3.5945 0.0981 -23.6660 3.6219 0.0886 -23.8639 0.0804 0.2000 0.4314 0.3922 0.1961 26.2235 2.0000 
2724 2725 24 3.6219 0.0886 -23.8639 3.6362 0.1005 -24.0630 0.0804 0.2000 0.4314 0.3922 0.1961 26.4326 2.0000 
2725 2726 24 3.6362 0.1005 -24.0630 3.6529 0.1104 -24.2621 0.0804 0.2000 0.4314 0.3922 0.1961 26.6449 2.0000 
2726 2727 24 3.6529 0.1104 -24.2621 3.6568 0.1354 -24.4605 0.0804 0.2000 0.4314 0.3922 0.1961 26.8604 2.0000 
2727 2728 24 3.6568 0.1354 -24.4605 3.6602 0.1634 -24.6585 0.0804 0.2000 0.4314 0.3922 0.1961 27.0793 2.0000 
2728 2729 24 3.6602 0.1634 -24.6585 3.6679 0.1740 -24.8580 0.0804 0.2000 0.4314 0.3922 0.1961 27.3016 2.0000 
2729 2730 24 3.6679 0.1740 -24.8580 3.6818 0.1995 -25.0559 0.0804 0.2000 0.4314 0.3922 0.1961 27.5276 2.0000 
2730 2731 24 3.6818 0.1995 -25.0559 3.6944 0.2285 -25.2534 0.0804 0.2000 0.4314 0.3922 0.1961 27.7572 2.0000 
2731 2732 24 3.6944 0.2285 -25.2534 3.7186 0.2447 -25.4513 0.0804 0.2000 0.4314 0.3922 0.1961 27.9906 2.0000 
2732 2733 24 3.7186 0.2447 -25.4513 3.7568 0.2424 -25.6476 0.0804 0.2000 0.4314 0.3922 0.1961 28.2280 2.0000 
2733 2734 24 3.7568 0.2424 -25.6476 3.7829 0.2352 -25.8457 0.0804 0.2000 0.4314 0.3922 0.1961 28.4695 2.0000 
2734 2735 24 3.7829 0.2352 -25.8457 3.7687 0.2375 -26.0452 0.0804 0.2000 0.4314 0.3922 0.1961 28.7152 2.0000 
2735 2736 24 3.7687 0.2375 -26.0452 3.8186 0.2476 -26.2386 0.0804 0.2000 0.4314 0.3922 0.1961 28.9653 2.0000 
2736 2737 24 3.8186 0.2476 -26.2386 3.8526 0.2312 -26.4350 0.0804 0.2000 0.4314 0.3922 0.1961 29.2200 2.0000 
2737 2738 24 3.8526 0.2312 -26.4350 3.8912 0.2112 -26.6303 0.0804 0.2000 0.4314 0.3922 0.1961 29.4793 2.0000 
2738 2739 24 3.8912 0.2112 -26.6303 3.9391 0.1788 -26.8217 0.0804 0.2000 0.4314 0.3922 0.1961 29.7435 2.0000 
2739 2740 24 3.9391 0.1788 -26.8217 3.9848 0.1456 -27.0037 0.0804 0.1906 0.4314 0.3922 0.1961 30.0000 2.0000 
64 2741 25 0.0158 -0.0366 -12.6412 0.0771 -0.1990 -12.7405 0.0635 0.2000 0.4314 0.3922 0.1961 16.9154 2.0000 
2741 2742 25 0.0771 -0.1990 -12.7405 0.1519 -0.3615 -12.8300 0.0635 0.2000 0.4314 0.3922 0.1961 17.0183 2.0000 
2742 2743 25 0.1519 -0.3615 -12.8300 0.2192 -0.5205 -12.9309 0.0635 0.2000 0.4314 0.3922 0.1961 17.1219 2.0000 
2743 2744 25 0.2192 -0.5205 -12.9309 0.2702 -0.6718 -13.0514 0.0635 0.2000 0.4314 0.3922 0.1961 17.2261 2.0000 
2744 2745 25 0.2702 -0.6718 -13.0514 0.3392 -0.8051 -13.1836 0.0635 0.2000 0.4314 0.3922 0.1961 17.3311 2.0000 
2745 2746 25 0.3392 -0.8051 -13.1836 0.4049 -0.9372 -13.3185 0.0635 0.2000 0.4314 0.3922 0.1961 17.4368 2.0000 
2746 2747 25 0.4049 -0.9372 -13.3185 0.4953 -1.0400 -13.4643 0.0635 0.2000 0.4314 0.3922 0.1961 17.5432 2.0000 
2747 2748 25 0.4953 -1.0400 -13.4643 0.5864 -1.1453 -13.6080 0.0635 0.2000 0.4314 0.3922 0.1961 17.6504 2.0000 
2748 2749 25 0.5864 -1.1453 -13.6080 0.7165 -1.2411 -13.7258 0.0635 0.2000 0.4314 0.3922 0.1961 17.7583 2.0000 
2749 2750 25 0.7165 -1.2411 -13.7258 0.8385 -1.3410 -13.8489 0.0635 0.2000 0.4314 0.3922 0.1961 17.8669 2.0000 
2750 2751 25 0.8385 -1.3410 -13.8489 0.9336 -1.4480 -13.9885 0.0635 0.2000 0.4314 0.3922 0.1961 17.9764 2.0000 
2751 2752 25 0.9336 -1.4480 -13.9885 1.0473 -1.5485 -14.1189 0.0635 0.2000 0.4314 0.3922 0.1961 18.0866 2.0000 
2752 2753 25 1.0473 -1.5485 -14.1189 1.1600 -1.6519 -14.2477 0.0635 0.2000 0.4314 0.3922 0.1961 18.1976 2.0000 
2753 2754 25 1.1600 -1.6519 -14.2477 1.2686 -1.7351 -14.3936 0.0635 0.2000 0.4314 0.3922 0.1961 18.3094 2.0000 
2754 2755 25 1.2686 -1.7351 -14.3936 1.3755 -1.8030 -14.5484 0.0635 0.2000 0.4314 0.3922 0.1961 18.4220 2.0000 
2755 2756 25 1.3755 -1.8030 -14.5484 1.4850 -1.8673 -14.7029 0.0635 0.2000 0.4314 0.3922 0.1961 18.5354 2.0000 
2756 2757 25 1.4850 -1.8673 -14.7029 1.6051 -1.9278 -14.8509 0.0635 0.2000 0.4314 0.3922 0.1961 18.6497 2.0000 
2757 2758 25 1.6051 -1.9278 -14.8509 1.7241 -1.9861 -15.0007 0.0635 0.2000 0.4314 0.3922 0.1961 18.7648 2.0000 
2758 2759 25 1.7241 -1.9861 -15.0007 1.8382 -2.0269 -15.1599 0.0635 0.2000 0.4314 0.3922 0.1961 18.8808 2.0000 
2759 2760 25 1.8382 -2.0269 -15.1599 1.9294 -2.0264 -15.3379 0.0635 0.2000 0.4314 0.3922 0.1961 18.9977 2.0000 
2760 2761 25 1.9294 -2.0264 -15.3379 2.0439 -2.0236 -15.5018 0.0635 0.2000 0.4314 0.3922 0.1961 19.1155 2.0000 
2761 2762 25 2.0439 -2.0236 -15.5018 2.1786 -2.0146 -15.6494 0.0635 0.2000 0.4314 0.3922 0.1961 19.2341 2.0000 
2762 2763 25 2.1786 -2.0146 -15.6494 2.3064 -2.0056 -15.8030 0.0635 0.2000 0.4314 0.3922 0.1961 19.3537 2.0000 
2763 2764 25 2.3064 -2.0056 -15.8030 2.4338 -1.9993 -15.9570 0.0635 0.2000 0.4314 0.3922 0.1961 19.4742 2.0000 
2764 2765 25 2.4338 -1.9993 -15.9570 2.5313 -2.0279 -16.1293 0.0635 0.2000 0.4314 0.3922 0.1961 19.5957 2.0000 
2765 2766 25 2.5313 -2.0279 -16.1293 2.6294 -2.0615 -16.3003 0.0635 0.2000 0.4314 0.3922 0.1961 19.7181 2.0000 
2766 2767 25 2.6294 -2.0615 -16.3003 2.7197 -2.0745 -16.4782 0.0635 0.2000 0.4314 0.3922 0.1961 19.8415 2.0000 
2767 2768 25 2.7197 -2.0745 -16.4782 2.7658 -2.1239 -16.6665 0.0635 0.2000 0.4314 0.3922 0.1961 19.9659 2.0000 
2768 2769 25 2.7658 -2.1239 -16.6665 2.8145 -2.1545 -16.8581 0.0635 0.2000 0.4314 0.3922 0.1961 20.0913 2.0000 
2769 2770 25 2.8145 -2.1545 -16.8581 2.8660 -2.1829 -17.0492 0.0635 0.2000 0.4314 0.3922 0.1961 20.2177 2.0000 
2770 2771 25 2.8660 -2.1829 -17.0492 2.9335 -2.2260 -17.2325 0.0635 0.2000 0.4314 0.3922 0.1961 20.3451 2.0000 
2771 2772 25 2.9335 -2.2260 -17.2325 3.0399 -2.3083 -17.3805 0.0635 0.2000 0.4314 0.3922 0.1961 20.4736 2.0000 
2772 2773 25 3.0399 -2.3083 -17.3805 3.0882 -2.3547 -17.5689 0.0635 0.2000 0.4314 0.3922 0.1961 20.6032 2.0000 
2773 2774 25 3.0882 -2.3547 -17.5689 3.1588 -2.3980 -17.7510 0.0635 0.2000 0.4314 0.3922 0.1961 20.7339 2.0000 
2774 2775 25 3.1588 -2.3980 -17.7510 3.2047 -2.4531 -17.9377 0.0635 0.2000 0.4314 0.3922 0.1961 20.8657 2.0000 
2775 2776 25 3.2047 -2.4531 -17.9377 3.2657 -2.5121 -18.1188 0.0635 0.2000 0.4314 0.3922 0.1961 20.9987 2.0000 
2776 2777 25 3.2657 -2.5121 -18.1188 3.3388 -2.5421 -18.3025 0.0635 0.2000 0.4314 0.3922 0.1961 21.1328 2.0000 
2777 2778 25 3.3388 -2.5421 -18.3025 3.3864 -2.5405 -18.4968 0.0635 0.2000 0.4314 0.3922 0.1961 21.2680 2.0000 
2778 2779 25 3.3864 -2.5405 -18.4968 3.3930 -2.5625 -18.6955 0.0635 0.2000 0.4314 0.3922 0.1961 21.4045 2.0000 
2779 2780 25 3.3930 -2.5625 -18.6955 3.4041 -2.5889 -18.8934 0.0635 0.2000 0.4314 0.3922 0.1961 21.5421 2.0000 
2780 2781 25 3.4041 -2.5889 -18.8934 3.4258 -2.6324 -19.0874 0.0635 0.2000 0.4314 0.3922 0.1961 21.6810 2.0000 
2781 2782 25 3.4258 -2.6324 -19.0874 3.4924 -2.6761 -19.2709 0.0635 0.2000 0.4314 0.3922 0.1961 21.8212 2.0000 
2782 2783 25 3.4924 -2.6761 -19.2709 3.5471 -2.7174 -19.4588 0.0635 0.2000 0.4314 0.3922 0.1961 21.9626 2.0000 
2783 2784 25 3.5471 -2.7174 -19.4588 3.5805 -2.7359 -19.6551 0.0635 0.2000 0.4314 0.3922 0.1961 22.1054 2.0000 
2784 2785 25 3.5805 -2.7359 -19.6551 3.6363 -2.8137 -19.8307 0.0635 0.2000 0.4314 0.3922 0.1961 22.2495 2.0000 
2785 2786 25 3.6363 -2.8137 -19.8307 3.6561 -2.9084 -20.0057 0.0635 0.2000 0.4314 0.3922 0.1961 22.3949 2.0000 
2786 2787 25 3.6561 -2.9084 -20.0057 3.6532 -2.9595 -20.1991 0.0635 0.2000 0.4314 0.3922 0.1961 22.5417 2.0000 
2787 2788 25 3.6532 -2.9595 -20.1991 3.6192 -3.0161 -20.3878 0.0635 0.2000 0.4314 0.3922 0.1961 22.6899 2.0000 
2788 2789 25 3.6192 -3.0161 -20.3878 3.5818 -3.0770 -20.5746 0.0635 0.2000 0.4314 0.3922 0.1961 22.8396 2.0000 
2789 2790 25 3.5818 -3.0770 -20.5746 3.5568 -3.1694 -20.7503 0.0635 0.2000 0.4314 0.3922 0.1961 22.9907 2.0000 
2790 2791 25 3.5568 -3.1694 -20.7503 3.5327 -3.2719 -20.9203 0.0635 0.2000 0.4314 0.3922 0.1961 23.1433 2.0000 
2791 2792 25 3.5327 -3.2719 -20.9203 3.4682 -3.3904 -21.0679 0.0635 0.2000 0.4314 0.3922 0.1961 23.2974 2.0000 
2792 2793 25 3.4682 -3.3904 -21.0679 3.4079 -3.5113 -21.2154 0.0635 0.2000 0.4314 0.3922 0.1961 23.4531 2.0000 
2793 2794 25 3.4079 -3.5113 -21.2154 3.3466 -3.6297 -21.3645 0.0635 0.2000 0.4314 0.3922 0.1961 23.6103 2.0000 
2794 2795 25 3.3466 -3.6297 -21.3645 3.3170 -3.7489 -21.5223 0.0635 0.2000 0.4314 0.3922 0.1961 23.7692 2.0000 
2795 2796 25 3.3170 -3.7489 -21.5223 3.2805 -3.8527 -21.6893 0.0635 0.2000 0.4314 0.3922 0.1961 23.9297 2.0000 
2796 2797 25 3.2805 -3.8527 -21.6893 3.2492 -3.9572 -21.8569 0.0635 0.2000 0.4314 0.3922 0.1961 24.0919 2.0000 
2797 2798 25 3.2492 -3.9572 -21.8569 3.2308 -4.0741 -22.0181 0.0635 0.2000 0.4314 0.3922 0.1961 24.2558 2.0000 
2798 2799 25 3.2308 -4.0741 -22.0181 3.2321 -4.1729 -22.1920 0.0635 0.2000 0.4314 0.3922 0.1961 24.4215 2.0000 
2799 2800 25 3.2321 -4.1729 -22.1920 3.2656 -4.2675 -22.3650 0.0635 0.2000 0.4314 0.3922 0.1961 24.5890 2.0000 
2800 2801 25 3.2656 -4.2675 -22.3650 3.3055 -4.3668 -22.5340 0.0635 0.2000 0.4314 0.3922 0.1961 24.7583 2.0000 
2801 2802 25 3.3055 -4.3668 -22.5340 3.3488 -4.4462 -22.7124 0.0635 0.2000 0.4314 0.3922 0.1961 24.9295 2.0000 
2802 2803 25 3.3488 -4.4462 -22.7124 3.3765 -4.5588 -22.8753 0.0635 0.2000 0.4314 0.3922 0.1961 25.1026 2.0000 
2803 2804 25 3.3765 -4.5588 -22.8753 3.3812 -4.6572 -23.0494 0.0635 0.2000 0.4314 0.3922 0.1961 25.2776 2.0000 
2804 2805 25 3.3812 -4.6572 -23.0494 3.3588 -4.7101 -23.2410 0.0635 0.2000 0.4314 0.3922 0.1961 25.4547 2.0000 
2805 2806 25 3.3588 -4.7101 -23.2410 3.3362 -4.7631 -23.4325 0.0635 0.2000 0.4314 0.3922 0.1961 25.6338 2.0000 
2806 2807 25 3.3362 -4.7631 -23.4325 3.3236 -4.8122 -23.6260 0.0635 0.2000 0.4314 0.3922 0.1961 25.8150 2.0000 
2807 2808 25 3.3236 -4.8122 -23.6260 3.3417 -4.7945 -23.8244 0.0635 0.2000 0.4314 0.3922 0.1961 25.9983 2.0000 
2808 2809 25 3.3417 -4.7945 -23.8244 3.3879 -4.7157 -24.0023 0.0635 0.2000 0.4314 0.3922 0.1961 26.1838 2.0000 
2809 2810 25 3.3879 -4.7157 -24.0023 3.4074 -4.6502 -24.1903 0.0635 0.2000 0.4314 0.3922 0.1961 26.3716 2.0000 
2810 2811 25 3.4074 -4.6502 -24.1903 3.4455 -4.5808 -24.3739 0.0635 0.2000 0.4314 0.3922 0.1961 26.5617 2.0000 
2811 2812 25 3.4455 -4.5808 -24.3739 3.4920 -4.5129 -24.5562 0.0635 0.2000 0.4314 0.3922 0.1961 26.7542 2.0000 
2812 2813 25 3.4920 -4.5129 -24.5562 3.5416 -4.4472 -24.7385 0.0635 0.2000 0.4314 0.3922 0.1961 26.9491 2.0000 
2813 2814 25 3.5416 -4.4472 -24.7385 3.5981 -4.3723 -24.9151 0.0635 0.2000 0.4314 0.3922 0.1961 27.1465 2.0000 
2814 2815 25 3.5981 -4.3723 -24.9151 3.6663 -4.2903 -25.0843 0.0635 0.2000 0.4314 0.3922 0.1961 27.3464 2.0000 
2815 2816 25 3.6663 -4.2903 -25.0843 3.7413 -4.1841 -25.2363 0.0635 0.2000 0.4314 0.3922 0.1961 27.5490 2.0000 
2816 2817 25 3.7413 -4.1841 -25.2363 3.8268 -4.1321 -25.4094 0.0635 0.2000 0.4314 0.3922 0.1961 27.7542 2.0000 
2817 2818 25 3.8268 -4.1321 -25.4094 3.9051 -4.1064 -25.5917 0.0635 0.2000 0.4314 0.3922 0.1961 27.9622 2.0000 
2818 2819 25 3.9051 -4.1064 -25.5917 3.9824 -4.0770 -25.7737 0.0635 0.2000 0.4314 0.3922 0.1961 28.1730 2.0000 
2819 2820 25 3.9824 -4.0770 -25.7737 4.0206 -4.0429 -25.9671 0.0635 0.2000 0.4314 0.3922 0.1961 28.3867 2.0000 
2820 2821 25 4.0206 -4.0429 -25.9671 4.0482 -4.0327 -26.1649 0.0635 0.2000 0.4314 0.3922 0.1961 28.6035 2.0000 
2821 2822 25 4.0482 -4.0327 -26.1649 4.0806 -4.0139 -26.3614 0.0635 0.2000 0.4314 0.3922 0.1961 28.8233 2.0000 
2822 2823 25 4.0806 -4.0139 -26.3614 4.0957 -4.0011 -26.5604 0.0635 0.2000 0.4314 0.3922 0.1961 29.0463 2.0000 
2823 2824 25 4.0957 -4.0011 -26.5604 4.0985 -4.0072 -26.7603 0.0635 0.2000 0.4314 0.3922 0.1961 29.2725 2.0000 
2824 2825 25 4.0985 -4.0072 -26.7603 4.1291 -4.0168 -26.9577 0.0635 0.2000 0.4314 0.3922 0.1961 29.5021 2.0000 
2825 2826 25 4.1291 -4.0168 -26.9577 4.1419 -4.0222 -27.1572 0.0635 0.2000 0.4314 0.3922 0.1961 29.7352 2.0000 
2826 2827 25 4.1419 -4.0222 -27.1572 4.1586 -4.0263 -27.3565 0.0635 0.2000 0.4314 0.3922 0.1961 29.9718 2.0000 
2827 2828 25 4.1586 -4.0263 -27.3565 4.1597 -4.0266 -27.3801 0.0635 0.0236 0.4314 0.3922 0.1961 30.0000 2.0000 
66 2829 26 0.0080 0.0007 -13.0356 0.1156 -0.1351 -13.1356 0.0790 0.2000 0.4314 0.3922 0.1961 17.3770 2.0000 
2829 2830 26 0.1156 -0.1351 -13.1356 0.2260 -0.2677 -13.2366 0.0790 0.2000 0.4314 0.3922 0.1961 17.4933 2.0000 
2830 2831 26 0.2260 -0.2677 -13.2366 0.3350 -0.3992 -13.3407 0.0790 0.2000 0.4314 0.3922 0.1961 17.6104 2.0000 
2831 2832 26 0.3350 -0.3992 -13.3407 0.4448 -0.5304 -13.4443 0.0790 0.2000 0.4314 0.3922 0.1961 17.7283 2.0000 
2832 2833 26 0.4448 -0.5304 -13.4443 0.5514 -0.6644 -13.5476 0.0790 0.2000 0.4314 0.3922 0.1961 17.8468 2.0000 
2833 2834 26 0.5514 -0.6644 -13.5476 0.6504 -0.7905 -13.6672 0.0790 0.2000 0.4314 0.3922 0.1961 17.9662 2.0000 
2834 2835 26 0.6504 -0.7905 -13.6672 0.7440 -0.9219 -13.7854 0.0790 0.2000 0.4314 0.3922 0.1961 18.0863 2.0000 
2835 2836 26 0.7440 -0.9219 -13.7854 0.8052 -1.0834 -13.8862 0.0790 0.2000 0.4314 0.3922 0.1961 18.2071 2.0000 
2836 2837 26 0.8052 -1.0834 -13.8862 0.8444 -1.2319 -14.0144 0.0790 0.2000 0.4314 0.3922 0.1961 18.3288 2.0000 
2837 2838 26 0.8444 -1.2319 -14.0144 0.9043 -1.3708 -14.1452 0.0790 0.2000 0.4314 0.3922 0.1961 18.4512 2.0000 
2838 2839 26 0.9043 -1.3708 -14.1452 0.9390 -1.4946 -14.2984 0.0790 0.2000 0.4314 0.3922 0.1961 18.5745 2.0000 
2839 2840 26 0.9390 -1.4946 -14.2984 0.9686 -1.6245 -14.4475 0.0790 0.2000 0.4314 0.3922 0.1961 18.6985 2.0000 
2840 2841 26 0.9686 -1.6245 -14.4475 1.0078 -1.7594 -14.5900 0.0790 0.2000 0.4314 0.3922 0.1961 18.8234 2.0000 
2841 2842 26 1.0078 -1.7594 -14.5900 1.0472 -1.8900 -14.7362 0.0790 0.2000 0.4314 0.3922 0.1961 18.9492 2.0000 
2842 2843 26 1.0472 -1.8900 -14.7362 1.0908 -2.0275 -14.8747 0.0790 0.2000 0.4314 0.3922 0.1961 19.0758 2.0000 
2843 2844 26 1.0908 -2.0275 -14.8747 1.1415 -2.1677 -15.0081 0.0790 0.2000 0.4314 0.3922 0.1961 19.2032 2.0000 
2844 2845 26 1.1415 -2.1677 -15.0081 1.1676 -2.3230 -15.1313 0.0790 0.2000 0.4314 0.3922 0.1961 19.3315 2.0000 
2845 2846 26 1.1676 -2.3230 -15.1313 1.1701 -2.4790 -15.2565 0.0790 0.2000 0.4314 0.3922 0.1961 19.4607 2.0000 
2846 2847 26 1.1701 -2.4790 -15.2565 1.1748 -2.6224 -15.3958 0.0790 0.2000 0.4314 0.3922 0.1961 19.5908 2.0000 
2847 2848 26 1.1748 -2.6224 -15.3958 1.1489 -2.7647 -15.5339 0.0790 0.2000 0.4314 0.3922 0.1961 19.7218 2.0000 
2848 2849 26 1.1489 -2.7647 -15.5339 1.1216 -2.9051 -15.6738 0.0790 0.2000 0.4314 0.3922 0.1961 19.8538 2.0000 
2849 2850 26 1.1216 -2.9051 -15.6738 1.0955 -3.0456 -15.8137 0.0790 0.2000 0.4314 0.3922 0.1961 19.9866 2.0000 
2850 2851 26 1.0955 -3.0456 -15.8137 1.0405 -3.1703 -15.9600 0.0790 0.2000 0.4314 0.3922 0.1961 20.1204 2.0000 
2851 2852 26 1.0405 -3.1703 -15.9600 0.9868 -3.3149 -16.0874 0.0790 0.2000 0.4314 0.3922 0.1961 20.2552 2.0000 
2852 2853 26 0.9868 -3.3149 -16.0874 0.9167 -3.4548 -16.2119 0.0790 0.2000 0.4314 0.3922 0.1961 20.3910 2.0000 
2853 2854 26 0.9167 -3.4548 -16.2119 0.8770 -3.5651 -16.3739 0.0790 0.2000 0.4314 0.3922 0.1961 20.5277 2.0000 
2854 2855 26 0.8770 -3.5651 -16.3739 0.8169 -3.6140 -16.5583 0.0790 0.2000 0.4314 0.3922 0.1961 20.6655 2.0000 
2855 2856 26 0.8169 -3.6140 -16.5583 0.7473 -3.6388 -16.7442 0.0790 0.2000 0.4314 0.3922 0.1961 20.8042 2.0000 
2856 2857 26 0.7473 -3.6388 -16.7442 0.6779 -3.6652 -16.9299 0.0790 0.2000 0.4314 0.3922 0.1961 20.9440 2.0000 
2857 2858 26 0.6779 -3.6652 -16.9299 0.6130 -3.6891 -17.1175 0.0790 0.2000 0.4314 0.3922 0.1961 21.0849 2.0000 
2858 2859 26 0.6130 -3.6891 -17.1175 0.5470 -3.7080 -17.3054 0.0790 0.2000 0.4314 0.3922 0.1961 21.2268 2.0000 
2859 2860 26 0.5470 -3.7080 -17.3054 0.5007 -3.7509 -17.4951 0.0790 0.2000 0.4314 0.3922 0.1961 21.3698 2.0000 
2860 2861 26 0.5007 -3.7509 -17.4951 0.5296 -3.7624 -17.6927 0.0790 0.2000 0.4314 0.3922 0.1961 21.5139 2.0000 
2861 2862 26 0.5296 -3.7624 -17.6927 0.5650 -3.7691 -17.8894 0.0790 0.2000 0.4314 0.3922 0.1961 21.6592 2.0000 
2862 2863 26 0.5650 -3.7691 -17.8894 0.5681 -3.7819 -18.0890 0.0790 0.2000 0.4314 0.3922 0.1961 21.8055 2.0000 
2863 2864 26 0.5681 -3.7819 -18.0890 0.5650 -3.7728 -18.2888 0.0790 0.2000 0.4314 0.3922 0.1961 21.9530 2.0000 
2864 2865 26 0.5650 -3.7728 -18.2888 0.5680 -3.7638 -18.4885 0.0790 0.2000 0.4314 0.3922 0.1961 22.1017 2.0000 
2865 2866 26 0.5680 -3.7638 -18.4885 0.5712 -3.7408 -18.6872 0.0790 0.2000 0.4314 0.3922 0.1961 22.2516 2.0000 
2866 2867 26 0.5712 -3.7408 -18.6872 0.5804 -3.7076 -18.8842 0.0790 0.2000 0.4314 0.3922 0.1961 22.4027 2.0000 
2867 2868 26 0.5804 -3.7076 -18.8842 0.5665 -3.6581 -19.0775 0.0790 0.2000 0.4314 0.3922 0.1961 22.5550 2.0000 
2868 2869 26 0.5665 -3.6581 -19.0775 0.5689 -3.6205 -19.2739 0.0790 0.2000 0.4314 0.3922 0.1961 22.7085 2.0000 
2869 2870 26 0.5689 -3.6205 -19.2739 0.5511 -3.5988 -19.4719 0.0790 0.2000 0.4314 0.3922 0.1961 22.8633 2.0000 
2870 2871 26 0.5511 -3.5988 -19.4719 0.5404 -3.5756 -19.6703 0.0790 0.2000 0.4314 0.3922 0.1961 23.0195 2.0000 
2871 2872 26 0.5404 -3.5756 -19.6703 0.5298 -3.5411 -19.8670 0.0790 0.2000 0.4314 0.3922 0.1961 23.1769 2.0000 
2872 2873 26 0.5298 -3.5411 -19.8670 0.5425 -3.5070 -20.0636 0.0790 0.2000 0.4314 0.3922 0.1961 23.3356 2.0000 
2873 2874 26 0.5425 -3.5070 -20.0636 0.5623 -3.4772 -20.2604 0.0790 0.2000 0.4314 0.3922 0.1961 23.4958 2.0000 
2874 2875 26 0.5623 -3.4772 -20.2604 0.6031 -3.4293 -20.4503 0.0790 0.2000 0.4314 0.3922 0.1961 23.6573 2.0000 
2875 2876 26 0.6031 -3.4293 -20.4503 0.6431 -3.3500 -20.6295 0.0790 0.2000 0.4314 0.3922 0.1961 23.8202 2.0000 
2876 2877 26 0.6431 -3.3500 -20.6295 0.7058 -3.2498 -20.7908 0.0790 0.2000 0.4314 0.3922 0.1961 23.9845 2.0000 
2877 2878 26 0.7058 -3.2498 -20.7908 0.7538 -3.1460 -20.9548 0.0790 0.2000 0.4314 0.3922 0.1961 24.1503 2.0000 
2878 2879 26 0.7538 -3.1460 -20.9548 0.8006 -3.0779 -21.1370 0.0790 0.2000 0.4314 0.3922 0.1961 24.3175 2.0000 
2879 2880 26 0.8006 -3.0779 -21.1370 0.8535 -2.9829 -21.3048 0.0790 0.2000 0.4314 0.3922 0.1961 24.4863 2.0000 
2880 2881 26 0.8535 -2.9829 -21.3048 0.8981 -2.8873 -21.4748 0.0790 0.2000 0.4314 0.3922 0.1961 24.6566 2.0000 
2881 2882 26 0.8981 -2.8873 -21.4748 0.9655 -2.7967 -21.6398 0.0790 0.2000 0.4314 0.3922 0.1961 24.8285 2.0000 
2882 2883 26 0.9655 -2.7967 -21.6398 1.0336 -2.6997 -21.8009 0.0790 0.2000 0.4314 0.3922 0.1961 25.0019 2.0000 
2883 2884 26 1.0336 -2.6997 -21.8009 1.1010 -2.6046 -21.9635 0.0790 0.2000 0.4314 0.3922 0.1961 25.1770 2.0000 
2884 2885 26 1.1010 -2.6046 -21.9635 1.1780 -2.5750 -22.1457 0.0790 0.2000 0.4314 0.3922 0.1961 25.3537 2.0000 
2885 2886 26 1.1780 -2.5750 -22.1457 1.2460 -2.5362 -22.3297 0.0790 0.2000 0.4314 0.3922 0.1961 25.5321 2.0000 
2886 2887 26 1.2460 -2.5362 -22.3297 1.2810 -2.5151 -22.5255 0.0790 0.2000 0.4314 0.3922 0.1961 25.7123 2.0000 
2887 2888 26 1.2810 -2.5151 -22.5255 1.3080 -2.5049 -22.7234 0.0790 0.2000 0.4314 0.3922 0.1961 25.8942 2.0000 
2888 2889 26 1.3080 -2.5049 -22.7234 1.3444 -2.5059 -22.9200 0.0790 0.2000 0.4314 0.3922 0.1961 26.0778 2.0000 
2889 2890 26 1.3444 -2.5059 -22.9200 1.3769 -2.4974 -23.1172 0.0790 0.2000 0.4314 0.3922 0.1961 26.2633 2.0000 
2890 2891 26 1.3769 -2.4974 -23.1172 1.4098 -2.4827 -23.3139 0.0790 0.2000 0.4314 0.3922 0.1961 26.4506 2.0000 
2891 2892 26 1.4098 -2.4827 -23.3139 1.4411 -2.4537 -23.5093 0.0790 0.2000 0.4314 0.3922 0.1961 26.6398 2.0000 
2892 2893 26 1.4411 -2.4537 -23.5093 1.4478 -2.4187 -23.7061 0.0790 0.2000 0.4314 0.3922 0.1961 26.8310 2.0000 
2893 2894 26 1.4478 -2.4187 -23.7061 1.4674 -2.3931 -23.9035 0.0790 0.2000 0.4314 0.3922 0.1961 27.0241 2.0000 
2894 2895 26 1.4674 -2.3931 -23.9035 1.4604 -2.3342 -24.0945 0.0790 0.2000 0.4314 0.3922 0.1961 27.2193 2.0000 
2895 2896 26 1.4604 -2.3342 -24.0945 1.4932 -2.2812 -24.2846 0.0790 0.2000 0.4314 0.3922 0.1961 27.4164 2.0000 
2896 2897 26 1.4932 -2.2812 -24.2846 1.5387 -2.2482 -24.4765 0.0790 0.2000 0.4314 0.3922 0.1961 27.6157 2.0000 
2897 2898 26 1.5387 -2.2482 -24.4765 1.5495 -2.2179 -24.6739 0.0790 0.2000 0.4314 0.3922 0.1961 27.8172 2.0000 
2898 2899 26 1.5495 -2.2179 -24.6739 1.5479 -2.1950 -24.8726 0.0790 0.2000 0.4314 0.3922 0.1961 28.0208 2.0000 
2899 2900 26 1.5479 -2.1950 -24.8726 1.5570 -2.2066 -25.0720 0.0790 0.2000 0.4314 0.3922 0.1961 28.2266 2.0000 
2900 2901 26 1.5570 -2.2066 -25.0720 1.5583 -2.2133 -25.2719 0.0790 0.2000 0.4314 0.3922 0.1961 28.4348 2.0000 
2901 2902 26 1.5583 -2.2133 -25.2719 1.5902 -2.2530 -25.4653 0.0790 0.2000 0.4314 0.3922 0.1961 28.6453 2.0000 
2902 2903 26 1.5902 -2.2530 -25.4653 1.6194 -2.2619 -25.6630 0.0790 0.2000 0.4314 0.3922 0.1961 28.8581 2.0000 
2903 2904 26 1.6194 -2.2619 -25.6630 1.6554 -2.3005 -25.8558 0.0790 0.2000 0.4314 0.3922 0.1961 29.0734 2.0000 
2904 2905 26 1.6554 -2.3005 -25.8558 1.6791 -2.3453 -26.0493 0.0790 0.2000 0.4314 0.3922 0.1961 29.2913 2.0000 
2905 2906 26 1.6791 -2.3453 -26.0493 1.7066 -2.3606 -26.2468 0.0790 0.2000 0.4314 0.3922 0.1961 29.5116 2.0000 
2906 2907 26 1.7066 -2.3606 -26.2468 1.7630 -2.3827 -26.4374 0.0790 0.2000 0.4314 0.3922 0.1961 29.7347 2.0000 
2907 2908 26 1.7630 -2.3827 -26.4374 1.8192 -2.4038 -26.6282 0.0790 0.2000 0.4314 0.3922 0.1961 29.9603 2.0000 
2908 2909 26 1.8192 -2.4038 -26.6282 1.8287 -2.4067 -26.6617 0.0790 0.0349 0.4314 0.3922 0.1961 30.0000 2.0000 
68 2910 27 -0.0138 -0.0168 -13.4184 -0.1588 -0.1308 -13.4958 0.0609 0.2000 0.4314 0.3922 0.1961 17.7938 2.0000 
2910 2911 27 -0.1588 -0.1308 -13.4958 -0.3099 -0.2416 -13.5657 0.0609 0.2000 0.4314 0.3922 0.1961 17.8870 2.0000 
2911 2912 27 -0.3099 -0.2416 -13.5657 -0.4606 -0.3516 -13.6378 0.0609 0.2000 0.4314 0.3922 0.1961 17.9807 2.0000 
2912 2913 27 -0.4606 -0.3516 -13.6378 -0.6112 -0.4615 -13.7103 0.0609 0.2000 0.4314 0.3922 0.1961 18.0752 2.0000 
2913 2914 27 -0.6112 -0.4615 -13.7103 -0.7631 -0.5702 -13.7818 0.0609 0.2000 0.4314 0.3922 0.1961 18.1703 2.0000 
2914 2915 27 -0.7631 -0.5702 -13.7818 -0.9251 -0.6692 -13.8446 0.0609 0.2000 0.4314 0.3922 0.1961 18.2660 2.0000 
2915 2916 27 -0.9251 -0.6692 -13.8446 -1.0744 -0.7781 -13.9211 0.0609 0.2000 0.4314 0.3922 0.1961 18.3624 2.0000 
2916 2917 27 -1.0744 -0.7781 -13.9211 -1.2075 -0.9209 -13.9646 0.0609 0.2000 0.4314 0.3922 0.1961 18.4596 2.0000 
2917 2918 27 -1.2075 -0.9209 -13.9646 -1.3451 -1.0537 -14.0233 0.0609 0.2000 0.4314 0.3922 0.1961 18.5574 2.0000 
2918 2919 27 -1.3451 -1.0537 -14.0233 -1.4877 -1.1622 -14.1120 0.0609 0.2000 0.4314 0.3922 0.1961 18.6559 2.0000 
2919 2920 27 -1.4877 -1.1622 -14.1120 -1.6265 -1.2633 -14.2146 0.0609 0.2000 0.4314 0.3922 0.1961 18.7551 2.0000 
2920 2921 27 -1.6265 -1.2633 -14.2146 -1.7658 -1.3634 -14.3174 0.0609 0.2000 0.4314 0.3922 0.1961 18.8550 2.0000 
2921 2922 27 -1.7658 -1.3634 -14.3174 -1.9107 -1.4485 -14.4258 0.0609 0.2000 0.4314 0.3922 0.1961 18.9557 2.0000 
2922 2923 27 -1.9107 -1.4485 -14.4258 -2.0663 -1.5173 -14.5311 0.0609 0.2000 0.4314 0.3922 0.1961 19.0571 2.0000 
2923 2924 27 -2.0663 -1.5173 -14.5311 -2.2331 -1.5905 -14.6135 0.0609 0.2000 0.4314 0.3922 0.1961 19.1593 2.0000 
2924 2925 27 -2.2331 -1.5905 -14.6135 -2.3899 -1.6898 -14.6881 0.0609 0.2000 0.4314 0.3922 0.1961 19.2622 2.0000 
2925 2926 27 -2.3899 -1.6898 -14.6881 -2.5437 -1.7882 -14.7698 0.0609 0.2000 0.4314 0.3922 0.1961 19.3660 2.0000 
2926 2927 27 -2.5437 -1.7882 -14.7698 -2.6974 -1.8863 -14.8519 0.0609 0.2000 0.4314 0.3922 0.1961 19.4705 2.0000 
2927 2928 27 -2.6974 -1.8863 -14.8519 -2.8519 -1.9837 -14.9335 0.0609 0.2000 0.4314 0.3922 0.1961 19.5758 2.0000 
2928 2929 27 -2.8519 -1.9837 -14.9335 -3.0002 -2.0880 -15.0178 0.0609 0.2000 0.4314 0.3922 0.1961 19.6820 2.0000 
2929 2930 27 -3.0002 -2.0880 -15.0178 -3.1548 -2.1934 -15.0885 0.0609 0.2000 0.4314 0.3922 0.1961 19.7889 2.0000 
2930 2931 27 -3.1548 -2.1934 -15.0885 -3.3142 -2.2896 -15.1614 0.0609 0.2000 0.4314 0.3922 0.1961 19.8967 2.0000 
2931 2932 27 -3.3142 -2.2896 -15.1614 -3.4664 -2.3644 -15.2675 0.0609 0.2000 0.4314 0.3922 0.1961 20.0054 2.0000 
2932 2933 27 -3.4664 -2.3644 -15.2675 -3.6331 -2.4162 -15.3652 0.0609 0.2000 0.4314 0.3922 0.1961 20.1149 2.0000 
2933 2934 27 -3.6331 -2.4162 -15.3652 -3.8013 -2.4608 -15.4636 0.0609 0.2000 0.4314 0.3922 0.1961 20.2253 2.0000 
2934 2935 27 -3.8013 -2.4608 -15.4636 -3.9631 -2.5068 -15.5718 0.0609 0.2000 0.4314 0.3922 0.1961 20.3366 2.0000 
2935 2936 27 -3.9631 -2.5068 -15.5718 -4.1155 -2.5260 -15.6999 0.0609 0.2000 0.4314 0.3922 0.1961 20.4489 2.0000 
2936 2937 27 -4.1155 -2.5260 -15.6999 -4.2460 -2.5543 -15.8488 0.0609 0.2000 0.4314 0.3922 0.1961 20.5620 2.0000 
2937 2938 27 -4.2460 -2.5543 -15.8488 -4.3728 -2.5847 -16.0005 0.0609 0.2000 0.4314 0.3922 0.1961 20.6761 2.0000 
2938 2939 27 -4.3728 -2.5847 -16.0005 -4.4647 -2.6494 -16.1659 0.0609 0.2000 0.4314 0.3922 0.1961 20.7912 2.0000 
2939 2940 27 -4.4647 -2.6494 -16.1659 -4.5343 -2.7028 -16.3456 0.0609 0.2000 0.4314 0.3922 0.1961 20.9072 2.0000 
2940 2941 27 -4.5343 -2.7028 -16.3456 -4.6046 -2.7545 -16.5256 0.0609 0.2000 0.4314 0.3922 0.1961 21.0242 2.0000 
2941 2942 27 -4.6046 -2.7545 -16.5256 -4.6965 -2.7758 -16.7019 0.0609 0.2000 0.4314 0.3922 0.1961 21.1422 2.0000 
2942 2943 27 -4.6965 -2.7758 -16.7019 -4.7969 -2.7921 -16.8741 0.0609 0.2000 0.4314 0.3922 0.1961 21.2613 2.0000 
2943 2944 27 -4.7969 -2.7921 -16.8741 -4.9261 -2.7783 -17.0262 0.0609 0.2000 0.4314 0.3922 0.1961 21.3814 2.0000 
2944 2945 27 -4.9261 -2.7783 -17.0262 -5.0576 -2.7684 -17.1765 0.0609 0.2000 0.4314 0.3922 0.1961 21.5025 2.0000 
2945 2946 27 -5.0576 -2.7684 -17.1765 -5.2062 -2.7581 -17.3101 0.0609 0.2000 0.4314 0.3922 0.1961 21.6248 2.0000 
2946 2947 27 -5.2062 -2.7581 -17.3101 -5.3501 -2.7463 -17.4485 0.0609 0.2000 0.4314 0.3922 0.1961 21.7481 2.0000 
2947 2948 27 -5.3501 -2.7463 -17.4485 -5.4921 -2.7221 -17.5872 0.0609 0.2000 0.4314 0.3922 0.1961 21.8725 2.0000 
2948 2949 27 -5.4921 -2.7221 -17.5872 -5.6466 -2.7207 -17.7142 0.0609 0.2000 0.4314 0.3922 0.1961 21.9981 2.0000 
2949 2950 27 -5.6466 -2.7207 -17.7142 -5.8004 -2.7224 -17.8420 0.0609 0.2000 0.4314 0.3922 0.1961 22.1249 2.0000 
2950 2951 27 -5.8004 -2.7224 -17.8420 -5.9688 -2.7628 -17.9421 0.0609 0.2000 0.4314 0.3922 0.1961 22.2528 2.0000 
2951 2952 27 -5.9688 -2.7628 -17.9421 -6.1447 -2.8146 -18.0219 0.0609 0.2000 0.4314 0.3922 0.1961 22.3820 2.0000 
2952 2953 27 -6.1447 -2.8146 -18.0219 -6.3263 -2.8608 -18.0920 0.0609 0.2000 0.4314 0.3922 0.1961 22.5124 2.0000 
2953 2954 27 -6.3263 -2.8608 -18.0920 -6.4976 -2.9162 -18.1789 0.0609 0.2000 0.4314 0.3922 0.1961 22.6440 2.0000 
2954 2955 27 -6.4976 -2.9162 -18.1789 -6.6719 -2.9709 -18.2604 0.0609 0.2000 0.4314 0.3922 0.1961 22.7769 2.0000 
2955 2956 27 -6.6719 -2.9709 -18.2604 -6.8471 -3.0098 -18.3485 0.0609 0.2000 0.4314 0.3922 0.1961 22.9111 2.0000 
2956 2957 27 -6.8471 -3.0098 -18.3485 -7.0220 -3.0489 -18.4374 0.0609 0.2000 0.4314 0.3922 0.1961 23.0467 2.0000 
2957 2958 27 -7.0220 -3.0489 -18.4374 -7.2033 -3.0407 -18.5213 0.0609 0.2000 0.4314 0.3922 0.1961 23.1835 2.0000 
2958 2959 27 -7.2033 -3.0407 -18.5213 -7.3786 -3.0725 -18.6123 0.0609 0.2000 0.4314 0.3922 0.1961 23.3218 2.0000 
2959 2960 27 -7.3786 -3.0725 -18.6123 -7.5761 -3.0714 -18.6438 0.0609 0.2000 0.4314 0.3922 0.1961 23.4615 2.0000 
2960 2961 27 -7.5761 -3.0714 -18.6438 -7.7684 -3.0242 -18.6715 0.0609 0.2000 0.4314 0.3922 0.1961 23.6026 2.0000 
2961 2962 27 -7.7684 -3.0242 -18.6715 -7.9615 -2.9786 -18.6968 0.0609 0.2000 0.4314 0.3922 0.1961 23.7452 2.0000 
2962 2963 27 -7.9615 -2.9786 -18.6968 -8.1477 -2.9056 -18.6930 0.0609 0.2000 0.4314 0.3922 0.1961 23.8893 2.0000 
2963 2964 27 -8.1477 -2.9056 -18.6930 -8.3355 -2.8369 -18.6937 0.0609 0.2000 0.4314 0.3922 0.1961 24.0349 2.0000 
2964 2965 27 -8.3355 -2.8369 -18.6937 -8.5172 -2.7548 -18.6778 0.0609 0.2000 0.4314 0.3922 0.1961 24.1821 2.0000 
2965 2966 27 -8.5172 -2.7548 -18.6778 -8.7058 -2.6909 -18.6961 0.0609 0.2000 0.4314 0.3922 0.1961 24.3309 2.0000 
2966 2967 27 -8.7058 -2.6909 -18.6961 -8.8996 -2.6641 -18.7377 0.0609 0.2000 0.4314 0.3922 0.1961 24.4813 2.0000 
2967 2968 27 -8.8996 -2.6641 -18.7377 -9.0750 -2.6500 -18.8328 0.0609 0.2000 0.4314 0.3922 0.1961 24.6334 2.0000 
2968 2969 27 -9.0750 -2.6500 -18.8328 -9.2498 -2.6344 -18.9288 0.0609 0.2000 0.4314 0.3922 0.1961 24.7872 2.0000 
2969 2970 27 -9.2498 -2.6344 -18.9288 -9.4322 -2.6209 -19.0096 0.0609 0.2000 0.4314 0.3922 0.1961 24.9427 2.0000 
2970 2971 27 -9.4322 -2.6209 -19.0096 -9.6258 -2.6250 -19.0597 0.0609 0.2000 0.4314 0.3922 0.1961 25.1001 2.0000 
2971 2972 27 -9.6258 -2.6250 -19.0597 -9.8179 -2.6080 -19.1126 0.0609 0.2000 0.4314 0.3922 0.1961 25.2592 2.0000 
2972 2973 27 -9.8179 -2.6080 -19.1126 -10.0121 -2.5974 -19.1592 0.0609 0.2000 0.4314 0.3922 0.1961 25.4202 2.0000 
2973 2974 27 -10.0121 -2.5974 -19.1592 -10.2094 -2.5825 -19.1883 0.0609 0.2000 0.4314 0.3922 0.1961 25.5832 2.0000 
2974 2975 27 -10.2094 -2.5825 -19.1883 -10.4053 -2.5750 -19.2279 0.0609 0.2000 0.4314 0.3922 0.1961 25.7481 2.0000 
2975 2976 27 -10.4053 -2.5750 -19.2279 -10.5963 -2.6098 -19.2762 0.0609 0.2000 0.4314 0.3922 0.1961 25.9150 2.0000 
2976 2977 27 -10.5963 -2.6098 -19.2762 -10.7798 -2.6449 -19.3475 0.0609 0.2000 0.4314 0.3922 0.1961 26.0840 2.0000 
2977 2978 27 -10.7798 -2.6449 -19.3475 -10.9276 -2.6924 -19.4736 0.0609 0.2000 0.4314 0.3922 0.1961 26.2550 2.0000 
2978 2979 27 -10.9276 -2.6924 -19.4736 -11.0629 -2.7553 -19.6067 0.0609 0.2000 0.4314 0.3922 0.1961 26.4283 2.0000 
2979 2980 27 -11.0629 -2.7553 -19.6067 -11.1989 -2.8124 -19.7418 0.0609 0.2000 0.4314 0.3922 0.1961 26.6038 2.0000 
2980 2981 27 -11.1989 -2.8124 -19.7418 -11.3305 -2.8884 -19.8718 0.0609 0.2000 0.4314 0.3922 0.1961 26.7815 2.0000 
2981 2982 27 -11.3305 -2.8884 -19.8718 -11.4740 -2.9549 -19.9942 0.0609 0.2000 0.4314 0.3922 0.1961 26.9616 2.0000 
2982 2983 27 -11.4740 -2.9549 -19.9942 -11.6322 -3.0239 -20.0952 0.0609 0.2000 0.4314 0.3922 0.1961 27.1440 2.0000 
2983 2984 27 -11.6322 -3.0239 -20.0952 -11.7892 -3.0787 -20.2064 0.0609 0.2000 0.4314 0.3922 0.1961 27.3290 2.0000 
2984 2985 27 -11.7892 -3.0787 -20.2064 -11.9276 -3.1166 -20.3457 0.0609 0.2000 0.4314 0.3922 0.1961 27.5164 2.0000 
2985 2986 27 -11.9276 -3.1166 -20.3457 -12.0421 -3.1775 -20.4980 0.0609 0.2000 0.4314 0.3922 0.1961 27.7065 2.0000 
2986 2987 27 -12.0421 -3.1775 -20.4980 -12.1220 -3.2488 -20.6669 0.0609 0.2000 0.4314 0.3922 0.1961 27.8992 2.0000 
2987 2988 27 -12.1220 -3.2488 -20.6669 -12.2057 -3.3079 -20.8387 0.0609 0.2000 0.4314 0.3922 0.1961 28.0947 2.0000 
2988 2989 27 -12.2057 -3.3079 -20.8387 -12.2917 -3.3828 -21.0030 0.0609 0.2000 0.4314 0.3922 0.1961 28.2931 2.0000 
2989 2990 27 -12.2917 -3.3828 -21.0030 -12.3708 -3.4135 -21.1841 0.0609 0.2000 0.4314 0.3922 0.1961 28.4943 2.0000 
2990 2991 27 -12.3708 -3.4135 -21.1841 -12.4302 -3.4348 -21.3739 0.0609 0.2000 0.4314 0.3922 0.1961 28.6985 2.0000 
2991 2992 27 -12.4302 -3.4348 -21.3739 -12.4765 -3.4485 -21.5679 0.0609 0.2000 0.4314 0.3922 0.1961 28.9058 2.0000 
2992 2993 27 -12.4765 -3.4485 -21.5679 -12.4927 -3.4779 -21.7651 0.0609 0.2000 0.4314 0.3922 0.1961 29.1164 2.0000 
2993 2994 27 -12.4927 -3.4779 -21.7651 -12.4978 -3.5036 -21.9634 0.0609 0.2000 0.4314 0.3922 0.1961 29.3301 2.0000 
2994 2995 27 -12.4978 -3.5036 -21.9634 -12.5192 -3.4996 -22.1622 0.0609 0.2000 0.4314 0.3922 0.1961 29.5473 2.0000 
2995 2996 27 -12.5192 -3.4996 -22.1622 -12.5513 -3.4967 -22.3596 0.0609 0.2000 0.4314 0.3922 0.1961 29.7680 2.0000 
2996 2997 27 -12.5513 -3.4967 -22.3596 -12.5698 -3.5155 -22.5578 0.0609 0.2000 0.4314 0.3922 0.1961 29.9923 2.0000 
2997 2998 27 -12.5698 -3.5155 -22.5578 -12.5704 -3.5161 -22.5646 0.0609 0.0068 0.4314 0.3922 0.1961 30.0000 2.0000 
71 2999 28 -0.0078 -0.0093 -13.8287 -0.1800 -0.0788 -13.9030 0.0816 0.2000 0.4314 0.3922 0.1961 18.2771 2.0000 
2999 3000 28 -0.1800 -0.0788 -13.9030 -0.3493 -0.1253 -13.9987 0.0816 0.2000 0.4314 0.3922 0.1961 18.3779 2.0000 
3000 3001 28 -0.3493 -0.1253 -13.9987 -0.4942 -0.1411 -14.1357 0.0816 0.2000 0.4314 0.3922 0.1961 18.4794 2.0000 
3001 3002 28 -0.4942 -0.1411 -14.1357 -0.6282 -0.1388 -14.2842 0.0816 0.2000 0.4314 0.3922 0.1961 18.5816 2.0000 
3002 3003 28 -0.6282 -0.1388 -14.2842 -0.7615 -0.1365 -14.4333 0.0816 0.2000 0.4314 0.3922 0.1961 18.6844 2.0000 
3003 3004 28 -0.7615 -0.1365 -14.4333 -0.8882 -0.1390 -14.5880 0.0816 0.2000 0.4314 0.3922 0.1961 18.7880 2.0000 
3004 3005 28 -0.8882 -0.1390 -14.5880 -1.0129 -0.1554 -14.7435 0.0816 0.2000 0.4314 0.3922 0.1961 18.8922 2.0000 
3005 3006 28 -1.0129 -0.1554 -14.7435 -1.1345 -0.1732 -14.9013 0.0816 0.2000 0.4314 0.3922 0.1961 18.9972 2.0000 
3006 3007 28 -1.1345 -0.1732 -14.9013 -1.2256 -0.2056 -15.0764 0.0816 0.2000 0.4314 0.3922 0.1961 19.1029 2.0000 
3007 3008 28 -1.2256 -0.2056 -15.0764 -1.3234 -0.2474 -15.2457 0.0816 0.2000 0.4314 0.3922 0.1961 19.2094 2.0000 
3008 3009 28 -1.3234 -0.2474 -15.2457 -1.4260 -0.2890 -15.4123 0.0816 0.2000 0.4314 0.3922 0.1961 19.3166 2.0000 
3009 3010 28 -1.4260 -0.2890 -15.4123 -1.5352 -0.3593 -15.5644 0.0816 0.2000 0.4314 0.3922 0.1961 19.4246 2.0000 
3010 3011 28 -1.5352 -0.3593 -15.5644 -1.6351 -0.4101 -15.7300 0.0816 0.2000 0.4314 0.3922 0.1961 19.5333 2.0000 
3011 3012 28 -1.6351 -0.4101 -15.7300 -1.7347 -0.4602 -15.8960 0.0816 0.2000 0.4314 0.3922 0.1961 19.6428 2.0000 
3012 3013 28 -1.7347 -0.4602 -15.8960 -1.8281 -0.4976 -16.0689 0.0816 0.2000 0.4314 0.3922 0.1961 19.7532 2.0000 
3013 3014 28 -1.8281 -0.4976 -16.0689 -1.9252 -0.5199 -16.2423 0.0816 0.2000 0.4314 0.3922 0.1961 19.8643 2.0000 
3014 3015 28 -1.9252 -0.5199 -16.2423 -2.0006 -0.5668 -16.4215 0.0816 0.2000 0.4314 0.3922 0.1961 19.9762 2.0000 
3015 3016 28 -2.0006 -0.5668 -16.4215 -2.0945 -0.5613 -16.5980 0.0816 0.2000 0.4314 0.3922 0.1961 20.0890 2.0000 
3016 3017 28 -2.0945 -0.5613 -16.5980 -2.1676 -0.5990 -16.7804 0.0816 0.2000 0.4314 0.3922 0.1961 20.2026 2.0000 
3017 3018 28 -2.1676 -0.5990 -16.7804 -2.2503 -0.6293 -16.9599 0.0816 0.2000 0.4314 0.3922 0.1961 20.3171 2.0000 
3018 3019 28 -2.2503 -0.6293 -16.9599 -2.3357 -0.6456 -17.1400 0.0816 0.2000 0.4314 0.3922 0.1961 20.4324 2.0000 
3019 3020 28 -2.3357 -0.6456 -17.1400 -2.4235 -0.6607 -17.3191 0.0816 0.2000 0.4314 0.3922 0.1961 20.5487 2.0000 
3020 3021 28 -2.4235 -0.6607 -17.3191 -2.5323 -0.6529 -17.4867 0.0816 0.2000 0.4314 0.3922 0.1961 20.6658 2.0000 
3021 3022 28 -2.5323 -0.6529 -17.4867 -2.6258 -0.6478 -17.6635 0.0816 0.2000 0.4314 0.3922 0.1961 20.7838 2.0000 
3022 3023 28 -2.6258 -0.6478 -17.6635 -2.7309 -0.6076 -17.8288 0.0816 0.2000 0.4314 0.3922 0.1961 20.9028 2.0000 
3023 3024 28 -2.7309 -0.6076 -17.8288 -2.8233 -0.5609 -17.9999 0.0816 0.2000 0.4314 0.3922 0.1961 21.0227 2.0000 
3024 3025 28 -2.8233 -0.5609 -17.9999 -2.9122 -0.5784 -18.1782 0.0816 0.2000 0.4314 0.3922 0.1961 21.1435 2.0000 
3025 3026 28 -2.9122 -0.5784 -18.1782 -3.0009 -0.5720 -18.3574 0.0816 0.2000 0.4314 0.3922 0.1961 21.2653 2.0000 
3026 3027 28 -3.0009 -0.5720 -18.3574 -3.0909 -0.5530 -18.5350 0.0816 0.2000 0.4314 0.3922 0.1961 21.3881 2.0000 
3027 3028 28 -3.0909 -0.5530 -18.5350 -3.1790 -0.5355 -18.7137 0.0816 0.2000 0.4314 0.3922 0.1961 21.5119 2.0000 
3028 3029 28 -3.1790 -0.5355 -18.7137 -3.2660 -0.5378 -18.8937 0.0816 0.2000 0.4314 0.3922 0.1961 21.6367 2.0000 
3029 3030 28 -3.2660 -0.5378 -18.8937 -3.3581 -0.5378 -19.0713 0.0816 0.2000 0.4314 0.3922 0.1961 21.7626 2.0000 
3030 3031 28 -3.3581 -0.5378 -19.0713 -3.4491 -0.5448 -19.2492 0.0816 0.2000 0.4314 0.3922 0.1961 21.8895 2.0000 
3031 3032 28 -3.4491 -0.5448 -19.2492 -3.5459 -0.5432 -19.4242 0.0816 0.2000 0.4314 0.3922 0.1961 22.0175 2.0000 
3032 3033 28 -3.5459 -0.5432 -19.4242 -3.6318 -0.5527 -19.6046 0.0816 0.2000 0.4314 0.3922 0.1961 22.1465 2.0000 
3033 3034 28 -3.6318 -0.5527 -19.6046 -3.7187 -0.5657 -19.7843 0.0816 0.2000 0.4314 0.3922 0.1961 22.2767 2.0000 
3034 3035 28 -3.7187 -0.5657 -19.7843 -3.8018 -0.5788 -19.9657 0.0816 0.2000 0.4314 0.3922 0.1961 22.4080 2.0000 
3035 3036 28 -3.8018 -0.5788 -19.9657 -3.8814 -0.5876 -20.1489 0.0816 0.2000 0.4314 0.3922 0.1961 22.5404 2.0000 
3036 3037 28 -3.8814 -0.5876 -20.1489 -3.9574 -0.6042 -20.3332 0.0816 0.2000 0.4314 0.3922 0.1961 22.6740 2.0000 
3037 3038 28 -3.9574 -0.6042 -20.3332 -3.9924 -0.6573 -20.5228 0.0816 0.2000 0.4314 0.3922 0.1961 22.8087 2.0000 
3038 3039 28 -3.9924 -0.6573 -20.5228 -4.0006 -0.7114 -20.7152 0.0816 0.2000 0.4314 0.3922 0.1961 22.9447 2.0000 
3039 3040 28 -4.0006 -0.7114 -20.7152 -4.0399 -0.7750 -20.9007 0.0816 0.2000 0.4314 0.3922 0.1961 23.0819 2.0000 
3040 3041 28 -4.0399 -0.7750 -20.9007 -4.0846 -0.8388 -21.0849 0.0816 0.2000 0.4314 0.3922 0.1961 23.2204 2.0000 
3041 3042 28 -4.0846 -0.8388 -21.0849 -4.1325 -0.9012 -21.2688 0.0816 0.2000 0.4314 0.3922 0.1961 23.3601 2.0000 
3042 3043 28 -4.1325 -0.9012 -21.2688 -4.1794 -0.9617 -21.4535 0.0816 0.2000 0.4314 0.3922 0.1961 23.5012 2.0000 
3043 3044 28 -4.1794 -0.9617 -21.4535 -4.1896 -1.0296 -21.6414 0.0816 0.2000 0.4314 0.3922 0.1961 23.6435 2.0000 
3044 3045 28 -4.1896 -1.0296 -21.6414 -4.1937 -1.1147 -21.8223 0.0816 0.2000 0.4314 0.3922 0.1961 23.7872 2.0000 
3045 3046 28 -4.1937 -1.1147 -21.8223 -4.1982 -1.1994 -22.0034 0.0816 0.2000 0.4314 0.3922 0.1961 23.9323 2.0000 
3046 3047 28 -4.1982 -1.1994 -22.0034 -4.1988 -1.2925 -22.1804 0.0816 0.2000 0.4314 0.3922 0.1961 24.0787 2.0000 
3047 3048 28 -4.1988 -1.2925 -22.1804 -4.1909 -1.3840 -22.3581 0.0816 0.2000 0.4314 0.3922 0.1961 24.2266 2.0000 
3048 3049 28 -4.1909 -1.3840 -22.3581 -4.1659 -1.4971 -22.5212 0.0816 0.2000 0.4314 0.3922 0.1961 24.3760 2.0000 
3049 3050 28 -4.1659 -1.4971 -22.5212 -4.1584 -1.6176 -22.6807 0.0816 0.2000 0.4314 0.3922 0.1961 24.5268 2.0000 
3050 3051 28 -4.1584 -1.6176 -22.6807 -4.2007 -1.7328 -22.8386 0.0816 0.2000 0.4314 0.3922 0.1961 24.6791 2.0000 
3051 3052 28 -4.2007 -1.7328 -22.8386 -4.2388 -1.8405 -23.0028 0.0816 0.2000 0.4314 0.3922 0.1961 24.8330 2.0000 
3052 3053 28 -4.2388 -1.8405 -23.0028 -4.2726 -1.9349 -23.1758 0.0816 0.2000 0.4314 0.3922 0.1961 24.9885 2.0000 
3053 3054 28 -4.2726 -1.9349 -23.1758 -4.2896 -2.0280 -23.3520 0.0816 0.2000 0.4314 0.3922 0.1961 25.1455 2.0000 
3054 3055 28 -4.2896 -2.0280 -23.3520 -4.3050 -2.1474 -23.5116 0.0816 0.2000 0.4314 0.3922 0.1961 25.3042 2.0000 
3055 3056 28 -4.3050 -2.1474 -23.5116 -4.3047 -2.2963 -23.6452 0.0816 0.2000 0.4314 0.3922 0.1961 25.4646 2.0000 
3056 3057 28 -4.3047 -2.2963 -23.6452 -4.2724 -2.3994 -23.8135 0.0816 0.2000 0.4314 0.3922 0.1961 25.6267 2.0000 
3057 3058 28 -4.2724 -2.3994 -23.8135 -4.2703 -2.4985 -23.9872 0.0816 0.2000 0.4314 0.3922 0.1961 25.7905 2.0000 
3058 3059 28 -4.2703 -2.4985 -23.9872 -4.2713 -2.5588 -24.1779 0.0816 0.2000 0.4314 0.3922 0.1961 25.9561 2.0000 
3059 3060 28 -4.2713 -2.5588 -24.1779 -4.2657 -2.6196 -24.3684 0.0816 0.2000 0.4314 0.3922 0.1961 26.1236 2.0000 
3060 3061 28 -4.2657 -2.6196 -24.3684 -4.2589 -2.6922 -24.5546 0.0816 0.2000 0.4314 0.3922 0.1961 26.2929 2.0000 
3061 3062 28 -4.2589 -2.6922 -24.5546 -4.2591 -2.7679 -24.7397 0.0816 0.2000 0.4314 0.3922 0.1961 26.4641 2.0000 
3062 3063 28 -4.2591 -2.7679 -24.7397 -4.2539 -2.8438 -24.9247 0.0816 0.2000 0.4314 0.3922 0.1961 26.6373 2.0000 
3063 3064 28 -4.2539 -2.8438 -24.9247 -4.2884 -2.8771 -25.1188 0.0816 0.2000 0.4314 0.3922 0.1961 26.8124 2.0000 
3064 3065 28 -4.2884 -2.8771 -25.1188 -4.3168 -2.9560 -25.3004 0.0816 0.2000 0.4314 0.3922 0.1961 26.9896 2.0000 
3065 3066 28 -4.3168 -2.9560 -25.3004 -4.3715 -3.0294 -25.4783 0.0816 0.2000 0.4314 0.3922 0.1961 27.1689 2.0000 
3066 3067 28 -4.3715 -3.0294 -25.4783 -4.4212 -3.0974 -25.6596 0.0816 0.2000 0.4314 0.3922 0.1961 27.3503 2.0000 
3067 3068 28 -4.4212 -3.0974 -25.6596 -4.5037 -3.1509 -25.8338 0.0816 0.2000 0.4314 0.3922 0.1961 27.5340 2.0000 
3068 3069 28 -4.5037 -3.1509 -25.8338 -4.5921 -3.1991 -26.0066 0.0816 0.2000 0.4314 0.3922 0.1961 27.7198 2.0000 
3069 3070 28 -4.5921 -3.1991 -26.0066 -4.7105 -3.2816 -26.1451 0.0816 0.2000 0.4314 0.3922 0.1961 27.9080 2.0000 
3070 3071 28 -4.7105 -3.2816 -26.1451 -4.8408 -3.3624 -26.2735 0.0816 0.2000 0.4314 0.3922 0.1961 28.0985 2.0000 
3071 3072 28 -4.8408 -3.3624 -26.2735 -4.9607 -3.4532 -26.4053 0.0816 0.2000 0.4314 0.3922 0.1961 28.2915 2.0000 
3072 3073 28 -4.9607 -3.4532 -26.4053 -5.0824 -3.5262 -26.5462 0.0816 0.2000 0.4314 0.3922 0.1961 28.4869 2.0000 
3073 3074 28 -5.0824 -3.5262 -26.5462 -5.1992 -3.5565 -26.7057 0.0816 0.2000 0.4314 0.3922 0.1961 28.6849 2.0000 
3074 3075 28 -5.1992 -3.5565 -26.7057 -5.3117 -3.6043 -26.8641 0.0816 0.2000 0.4314 0.3922 0.1961 28.8855 2.0000 
3075 3076 28 -5.3117 -3.6043 -26.8641 -5.4215 -3.6567 -27.0228 0.0816 0.2000 0.4314 0.3922 0.1961 29.0887 2.0000 
3076 3077 28 -5.4215 -3.6567 -27.0228 -5.5310 -3.7160 -27.1792 0.0816 0.2000 0.4314 0.3922 0.1961 29.2948 2.0000 
3077 3078 28 -5.5310 -3.7160 -27.1792 -5.6405 -3.7751 -27.3358 0.0816 0.2000 0.4314 0.3922 0.1961 29.5036 2.0000 
3078 3079 28 -5.6405 -3.7751 -27.3358 -5.7477 -3.8395 -27.4920 0.0816 0.2000 0.4314 0.3922 0.1961 29.7154 2.0000 
3079 3080 28 -5.7477 -3.8395 -27.4920 -5.8361 -3.9261 -27.6490 0.0816 0.2000 0.4314 0.3922 0.1961 29.9301 2.0000 
3080 3081 28 -5.8361 -3.9261 -27.6490 -5.8547 -3.9519 -27.7051 0.0816 0.0645 0.4314 0.3922 0.1961 30.0000 2.0000 
74 3082 29 -0.0110 0.0014 -14.2434 -0.1086 -0.1286 -14.3600 0.0681 0.2000 0.4314 0.3922 0.1961 18.7655 2.0000 
3082 3083 29 -0.1086 -0.1286 -14.3600 -0.2096 -0.2722 -14.4557 0.0681 0.2000 0.4314 0.3922 0.1961 18.8677 2.0000 
3083 3084 29 -0.2096 -0.2722 -14.4557 -0.3493 -0.3804 -14.5494 0.0681 0.2000 0.4314 0.3922 0.1961 18.9706 2.0000 
3084 3085 29 -0.3493 -0.3804 -14.5494 -0.4843 -0.4908 -14.6474 0.0681 0.2000 0.4314 0.3922 0.1961 19.0742 2.0000 
3085 3086 29 -0.4843 -0.4908 -14.6474 -0.6204 -0.5951 -14.7502 0.0681 0.2000 0.4314 0.3922 0.1961 19.1785 2.0000 
3086 3087 29 -0.6204 -0.5951 -14.7502 -0.7587 -0.6974 -14.8523 0.0681 0.2000 0.4314 0.3922 0.1961 19.2834 2.0000 
3087 3088 29 -0.7587 -0.6974 -14.8523 -0.8860 -0.7936 -14.9729 0.0681 0.2000 0.4314 0.3922 0.1961 19.3891 2.0000 
3088 3089 29 -0.8860 -0.7936 -14.9729 -0.9869 -0.8675 -15.1290 0.0681 0.2000 0.4314 0.3922 0.1961 19.4955 2.0000 
3089 3090 29 -0.9869 -0.8675 -15.1290 -1.0420 -0.9380 -15.3078 0.0681 0.2000 0.4314 0.3922 0.1961 19.6026 2.0000 
3090 3091 29 -1.0420 -0.9380 -15.3078 -1.1087 -0.9958 -15.4873 0.0681 0.2000 0.4314 0.3922 0.1961 19.7104 2.0000 
3091 3092 29 -1.1087 -0.9958 -15.4873 -1.1495 -1.0516 -15.6750 0.0681 0.2000 0.4314 0.3922 0.1961 19.8190 2.0000 
3092 3093 29 -1.1495 -1.0516 -15.6750 -1.1523 -1.1138 -15.8650 0.0681 0.2000 0.4314 0.3922 0.1961 19.9284 2.0000 
3093 3094 29 -1.1523 -1.1138 -15.8650 -1.1490 -1.1608 -16.0594 0.0681 0.2000 0.4314 0.3922 0.1961 20.0385 2.0000 
3094 3095 29 -1.1490 -1.1608 -16.0594 -1.1263 -1.2159 -16.2503 0.0681 0.2000 0.4314 0.3922 0.1961 20.1494 2.0000 
3095 3096 29 -1.1263 -1.2159 -16.2503 -1.1005 -1.2601 -16.4437 0.0681 0.2000 0.4314 0.3922 0.1961 20.2611 2.0000 
3096 3097 29 -1.1005 -1.2601 -16.4437 -1.0186 -1.2438 -16.6254 0.0681 0.2000 0.4314 0.3922 0.1961 20.3736 2.0000 
3097 3098 29 -1.0186 -1.2438 -16.6254 -0.9339 -1.2014 -16.8015 0.0681 0.2000 0.4314 0.3922 0.1961 20.4869 2.0000 
3098 3099 29 -0.9339 -1.2014 -16.8015 -0.8303 -1.1468 -16.9637 0.0681 0.2000 0.4314 0.3922 0.1961 20.6010 2.0000 
3099 3100 29 -0.8303 -1.1468 -16.9637 -0.7432 -1.1490 -17.1437 0.0681 0.2000 0.4314 0.3922 0.1961 20.7159 2.0000 
3100 3101 29 -0.7432 -1.1490 -17.1437 -0.6722 -1.1266 -17.3293 0.0681 0.2000 0.4314 0.3922 0.1961 20.8317 2.0000 
3101 3102 29 -0.6722 -1.1266 -17.3293 -0.5932 -1.0720 -17.5047 0.0681 0.2000 0.4314 0.3922 0.1961 20.9484 2.0000 
3102 3103 29 -0.5932 -1.0720 -17.5047 -0.5269 -1.0010 -17.6796 0.0681 0.2000 0.4314 0.3922 0.1961 21.0659 2.0000 
3103 3104 29 -0.5269 -1.0010 -17.6796 -0.4845 -0.9401 -17.8653 0.0681 0.2000 0.4314 0.3922 0.1961 21.1844 2.0000 
3104 3105 29 -0.4845 -0.9401 -17.8653 -0.4421 -0.8791 -18.0510 0.0681 0.2000 0.4314 0.3922 0.1961 21.3037 2.0000 
3105 3106 29 -0.4421 -0.8791 -18.0510 -0.3932 -0.8187 -18.2353 0.0681 0.2000 0.4314 0.3922 0.1961 21.4239 2.0000 
3106 3107 29 -0.3932 -0.8187 -18.2353 -0.3298 -0.7700 -18.4186 0.0681 0.2000 0.4314 0.3922 0.1961 21.5451 2.0000 
3107 3108 29 -0.3298 -0.7700 -18.4186 -0.2568 -0.6761 -18.5794 0.0681 0.2000 0.4314 0.3922 0.1961 21.6672 2.0000 
3108 3109 29 -0.2568 -0.6761 -18.5794 -0.2288 -0.6014 -18.7628 0.0681 0.2000 0.4314 0.3922 0.1961 21.7902 2.0000 
3109 3110 29 -0.2288 -0.6014 -18.7628 -0.2267 -0.5231 -18.9468 0.0681 0.2000 0.4314 0.3922 0.1961 21.9143 2.0000 
3110 3111 29 -0.2267 -0.5231 -18.9468 -0.2024 -0.4428 -19.1283 0.0681 0.2000 0.4314 0.3922 0.1961 22.0393 2.0000 
3111 3112 29 -0.2024 -0.4428 -19.1283 -0.1954 -0.3485 -19.3046 0.0681 0.2000 0.4314 0.3922 0.1961 22.1653 2.0000 
3112 3113 29 -0.1954 -0.3485 -19.3046 -0.2014 -0.2706 -19.4887 0.0681 0.2000 0.4314 0.3922 0.1961 22.2924 2.0000 
3113 3114 29 -0.2014 -0.2706 -19.4887 -0.2007 -0.2078 -19.6786 0.0681 0.2000 0.4314 0.3922 0.1961 22.4204 2.0000 
3114 3115 29 -0.2007 -0.2078 -19.6786 -0.1918 -0.1403 -19.8666 0.0681 0.2000 0.4314 0.3922 0.1961 22.5496 2.0000 
3115 3116 29 -0.1918 -0.1403 -19.8666 -0.1709 -0.0676 -20.0518 0.0681 0.2000 0.4314 0.3922 0.1961 22.6798 2.0000 
3116 3117 29 -0.1709 -0.0676 -20.0518 -0.1457 -0.0016 -20.2389 0.0681 0.2000 0.4314 0.3922 0.1961 22.8111 2.0000 
3117 3118 29 -0.1457 -0.0016 -20.2389 -0.0989 0.0644 -20.4218 0.0681 0.2000 0.4314 0.3922 0.1961 22.9435 2.0000 
3118 3119 29 -0.0989 0.0644 -20.4218 -0.0600 0.1232 -20.6089 0.0681 0.2000 0.4314 0.3922 0.1961 23.0770 2.0000 
3119 3120 29 -0.0600 0.1232 -20.6089 -0.0202 0.1924 -20.7923 0.0681 0.2000 0.4314 0.3922 0.1961 23.2116 2.0000 
3120 3121 29 -0.0202 0.1924 -20.7923 0.0124 0.2524 -20.9803 0.0681 0.2000 0.4314 0.3922 0.1961 23.3475 2.0000 
3121 3122 29 0.0124 0.2524 -20.9803 0.0422 0.3059 -21.1707 0.0681 0.2000 0.4314 0.3922 0.1961 23.4845 2.0000 
3122 3123 29 0.0422 0.3059 -21.1707 0.0680 0.3567 -21.3624 0.0681 0.2000 0.4314 0.3922 0.1961 23.6227 2.0000 
3123 3124 29 0.0680 0.3567 -21.3624 0.1019 0.4042 -21.5537 0.0681 0.2000 0.4314 0.3922 0.1961 23.7622 2.0000 
3124 3125 29 0.1019 0.4042 -21.5537 0.1303 0.4623 -21.7430 0.0681 0.2000 0.4314 0.3922 0.1961 23.9029 2.0000 
3125 3126 29 0.1303 0.4623 -21.7430 0.1390 0.5119 -21.9365 0.0681 0.2000 0.4314 0.3922 0.1961 24.0448 2.0000 
3126 3127 29 0.1390 0.5119 -21.9365 0.1359 0.5575 -22.1312 0.0681 0.2000 0.4314 0.3922 0.1961 24.1881 2.0000 
3127 3128 29 0.1359 0.5575 -22.1312 0.0956 0.5690 -22.3268 0.0681 0.2000 0.4314 0.3922 0.1961 24.3327 2.0000 
3128 3129 29 0.0956 0.5690 -22.3268 0.0922 0.6017 -22.5240 0.0681 0.2000 0.4314 0.3922 0.1961 24.4786 2.0000 
3129 3130 29 0.0922 0.6017 -22.5240 0.0978 0.6553 -22.7167 0.0681 0.2000 0.4314 0.3922 0.1961 24.6259 2.0000 
3130 3131 29 0.0978 0.6553 -22.7167 0.1085 0.7125 -22.9080 0.0681 0.2000 0.4314 0.3922 0.1961 24.7746 2.0000 
3131 3132 29 0.1085 0.7125 -22.9080 0.0855 0.7508 -23.1030 0.0681 0.2000 0.4314 0.3922 0.1961 24.9247 2.0000 
3132 3133 29 0.0855 0.7508 -23.1030 0.0631 0.7904 -23.2977 0.0681 0.2000 0.4314 0.3922 0.1961 25.0763 2.0000 
3133 3134 29 0.0631 0.7904 -23.2977 0.0427 0.8086 -23.4958 0.0681 0.2000 0.4314 0.3922 0.1961 25.2293 2.0000 
3134 3135 29 0.0427 0.8086 -23.4958 -0.0000 0.8069 -23.6912 0.0681 0.2000 0.4314 0.3922 0.1961 25.3839 2.0000 
3135 3136 29 -0.0000 0.8069 -23.6912 -0.0173 0.8122 -23.8904 0.0681 0.2000 0.4314 0.3922 0.1961 25.5400 2.0000 
3136 3137 29 -0.0173 0.8122 -23.8904 -0.0253 0.8307 -24.0894 0.0681 0.2000 0.4314 0.3922 0.1961 25.6976 2.0000 
3137 3138 29 -0.0253 0.8307 -24.0894 -0.0220 0.8405 -24.2891 0.0681 0.2000 0.4314 0.3922 0.1961 25.8569 2.0000 
3138 3139 29 -0.0220 0.8405 -24.2891 -0.0283 0.8304 -24.4887 0.0681 0.2000 0.4314 0.3922 0.1961 26.0177 2.0000 
3139 3140 29 -0.0283 0.8304 -24.4887 -0.0334 0.8173 -24.6882 0.0681 0.2000 0.4314 0.3922 0.1961 26.1803 2.0000 
3140 3141 29 -0.0334 0.8173 -24.6882 -0.0392 0.8052 -24.8878 0.0681 0.2000 0.4314 0.3922 0.1961 26.3445 2.0000 
3141 3142 29 -0.0392 0.8052 -24.8878 -0.0206 0.7857 -25.0860 0.0681 0.2000 0.4314 0.3922 0.1961 26.5105 2.0000 
3142 3143 29 -0.0206 0.7857 -25.0860 -0.0236 0.7757 -25.2857 0.0681 0.2000 0.4314 0.3922 0.1961 26.6783 2.0000 
3143 3144 29 -0.0236 0.7757 -25.2857 -0.0137 0.7658 -25.4852 0.0681 0.2000 0.4314 0.3922 0.1961 26.8478 2.0000 
3144 3145 29 -0.0137 0.7658 -25.4852 0.0182 0.7579 -25.6825 0.0681 0.2000 0.4314 0.3922 0.1961 27.0192 2.0000 
3145 3146 29 0.0182 0.7579 -25.6825 0.0662 0.7691 -25.8763 0.0681 0.2000 0.4314 0.3922 0.1961 27.1925 2.0000 
3146 3147 29 0.0662 0.7691 -25.8763 0.1330 0.7607 -26.0647 0.0681 0.2000 0.4314 0.3922 0.1961 27.3678 2.0000 
3147 3148 29 0.1330 0.7607 -26.0647 0.2050 0.7411 -26.2502 0.0681 0.2000 0.4314 0.3922 0.1961 27.5450 2.0000 
3148 3149 29 0.2050 0.7411 -26.2502 0.3244 0.7309 -26.4103 0.0681 0.2000 0.4314 0.3922 0.1961 27.7242 2.0000 
3149 3150 29 0.3244 0.7309 -26.4103 0.4549 0.7443 -26.5613 0.0681 0.2000 0.4314 0.3922 0.1961 27.9056 2.0000 
3150 3151 29 0.4549 0.7443 -26.5613 0.5964 0.7548 -26.7023 0.0681 0.2000 0.4314 0.3922 0.1961 28.0890 2.0000 
3151 3152 29 0.5964 0.7548 -26.7023 0.7374 0.7623 -26.8439 0.0681 0.2000 0.4314 0.3922 0.1961 28.2746 2.0000 
3152 3153 29 0.7374 0.7623 -26.8439 0.8774 0.7931 -26.9834 0.0681 0.2000 0.4314 0.3922 0.1961 28.4624 2.0000 
3153 3154 29 0.8774 0.7931 -26.9834 0.9945 0.8207 -27.1431 0.0681 0.2000 0.4314 0.3922 0.1961 28.6525 2.0000 
3154 3155 29 0.9945 0.8207 -27.1431 1.1545 0.8520 -27.2590 0.0681 0.2000 0.4314 0.3922 0.1961 28.8449 2.0000 
3155 3156 29 1.1545 0.8520 -27.2590 1.3150 0.8680 -27.3772 0.0681 0.2000 0.4314 0.3922 0.1961 29.0397 2.0000 
3156 3157 29 1.3150 0.8680 -27.3772 1.4563 0.9132 -27.5114 0.0681 0.2000 0.4314 0.3922 0.1961 29.2370 2.0000 
3157 3158 29 1.4563 0.9132 -27.5114 1.5979 0.9839 -27.6336 0.0681 0.2000 0.4314 0.3922 0.1961 29.4367 2.0000 
3158 3159 29 1.5979 0.9839 -27.6336 1.7253 1.0626 -27.7662 0.0681 0.2000 0.4314 0.3922 0.1961 29.6390 2.0000 
3159 3160 29 1.7253 1.0626 -27.7662 1.8417 1.1452 -27.9063 0.0681 0.2000 0.4314 0.3922 0.1961 29.8440 2.0000 
3160 3161 29 1.8417 1.1452 -27.9063 1.9280 1.2044 -28.0144 0.0681 0.1505 0.4314 0.3922 0.1961 30.0000 2.0000 
76 3162 30 0.0074 -0.0167 -14.6387 0.1129 0.1403 -14.7037 0.0559 0.2000 0.4314 0.3922 0.1961 19.2319 2.0000 
3162 3163 30 0.1129 0.1403 -14.7037 0.2625 0.2687 -14.7371 0.0559 0.2000 0.4314 0.3922 0.1961 19.3298 2.0000 
3163 3164 30 0.2625 0.2687 -14.7371 0.4088 0.3991 -14.7770 0.0559 0.2000 0.4314 0.3922 0.1961 19.4283 2.0000 
3164 3165 30 0.4088 0.3991 -14.7770 0.5463 0.5279 -14.8440 0.0559 0.2000 0.4314 0.3922 0.1961 19.5275 2.0000 
3165 3166 30 0.5463 0.5279 -14.8440 0.6853 0.6704 -14.8636 0.0559 0.2000 0.4314 0.3922 0.1961 19.6273 2.0000 
3166 3167 30 0.6853 0.6704 -14.8636 0.8217 0.8150 -14.8862 0.0559 0.2000 0.4314 0.3922 0.1961 19.7278 2.0000 
3167 3168 30 0.8217 0.8150 -14.8862 0.9766 0.9375 -14.9175 0.0559 0.2000 0.4314 0.3922 0.1961 19.8289 2.0000 
3168 3169 30 0.9766 0.9375 -14.9175 1.1453 1.0367 -14.9587 0.0559 0.2000 0.4314 0.3922 0.1961 19.9307 2.0000 
3169 3170 30 1.1453 1.0367 -14.9587 1.3155 1.1418 -14.9572 0.0559 0.2000 0.4314 0.3922 0.1961 20.0332 2.0000 
3170 3171 30 1.3155 1.1418 -14.9572 1.4813 1.2499 -14.9861 0.0559 0.2000 0.4314 0.3922 0.1961 20.1364 2.0000 
3171 3172 30 1.4813 1.2499 -14.9861 1.6473 1.3609 -14.9965 0.0559 0.2000 0.4314 0.3922 0.1961 20.2402 2.0000 
3172 3173 30 1.6473 1.3609 -14.9965 1.8106 1.4761 -15.0035 0.0559 0.2000 0.4314 0.3922 0.1961 20.3448 2.0000 
3173 3174 30 1.8106 1.4761 -15.0035 1.9684 1.5990 -15.0017 0.0559 0.2000 0.4314 0.3922 0.1961 20.4501 2.0000 
3174 3175 30 1.9684 1.5990 -15.0017 2.1244 1.7241 -15.0017 0.0559 0.2000 0.4314 0.3922 0.1961 20.5561 2.0000 
3175 3176 30 2.1244 1.7241 -15.0017 2.2870 1.8404 -15.0083 0.0559 0.2000 0.4314 0.3922 0.1961 20.6628 2.0000 
3176 3177 30 2.2870 1.8404 -15.0083 2.4580 1.9383 -15.0424 0.0559 0.2000 0.4314 0.3922 0.1961 20.7703 2.0000 
3177 3178 30 2.4580 1.9383 -15.0424 2.6330 2.0332 -15.0618 0.0559 0.2000 0.4314 0.3922 0.1961 20.8785 2.0000 
3178 3179 30 2.6330 2.0332 -15.0618 2.8097 2.1229 -15.0892 0.0559 0.2000 0.4314 0.3922 0.1961 20.9875 2.0000 
3179 3180 30 2.8097 2.1229 -15.0892 2.9675 2.2454 -15.0806 0.0559 0.2000 0.4314 0.3922 0.1961 21.0973 2.0000 
3180 3181 30 2.9675 2.2454 -15.0806 3.1232 2.3710 -15.0774 0.0559 0.2000 0.4314 0.3922 0.1961 21.2079 2.0000 
3181 3182 30 3.1232 2.3710 -15.0774 3.2791 2.4961 -15.0838 0.0559 0.2000 0.4314 0.3922 0.1961 21.3193 2.0000 
3182 3183 30 3.2791 2.4961 -15.0838 3.4396 2.6149 -15.0941 0.0559 0.2000 0.4314 0.3922 0.1961 21.4314 2.0000 
3183 3184 30 3.4396 2.6149 -15.0941 3.5995 2.7345 -15.1052 0.0559 0.2000 0.4314 0.3922 0.1961 21.5444 2.0000 
3184 3185 30 3.5995 2.7345 -15.1052 3.7728 2.8345 -15.1072 0.0559 0.2000 0.4314 0.3922 0.1961 21.6583 2.0000 
3185 3186 30 3.7728 2.8345 -15.1072 3.9430 2.9383 -15.0917 0.0559 0.2000 0.4314 0.3922 0.1961 21.7730 2.0000 
3186 3187 30 3.9430 2.9383 -15.0917 4.1121 3.0448 -15.0851 0.0559 0.2000 0.4314 0.3922 0.1961 21.8885 2.0000 
3187 3188 30 4.1121 3.0448 -15.0851 4.2797 3.1537 -15.0784 0.0559 0.2000 0.4314 0.3922 0.1961 22.0049 2.0000 
3188 3189 30 4.2797 3.1537 -15.0784 4.4293 3.2733 -15.0205 0.0559 0.2000 0.4314 0.3922 0.1961 22.1222 2.0000 
3189 3190 30 4.4293 3.2733 -15.0205 4.5717 3.3945 -14.9497 0.0559 0.2000 0.4314 0.3922 0.1961 22.2404 2.0000 
3190 3191 30 4.5717 3.3945 -14.9497 4.7201 3.5155 -14.8918 0.0559 0.2000 0.4314 0.3922 0.1961 22.3596 2.0000 
3191 3192 30 4.7201 3.5155 -14.8918 4.8851 3.6122 -14.8334 0.0559 0.2000 0.4314 0.3922 0.1961 22.4796 2.0000 
3192 3193 30 4.8851 3.6122 -14.8334 5.0434 3.7169 -14.7702 0.0559 0.2000 0.4314 0.3922 0.1961 22.6006 2.0000 
3193 3194 30 5.0434 3.7169 -14.7702 5.2016 3.8128 -14.6942 0.0559 0.2000 0.4314 0.3922 0.1961 22.7225 2.0000 
3194 3195 30 5.2016 3.8128 -14.6942 5.3606 3.9105 -14.6224 0.0559 0.2000 0.4314 0.3922 0.1961 22.8455 2.0000 
3195 3196 30 5.3606 3.9105 -14.6224 5.5006 4.0064 -14.5165 0.0559 0.2000 0.4314 0.3922 0.1961 22.9694 2.0000 
3196 3197 30 5.5006 4.0064 -14.5165 5.6615 4.0671 -14.4143 0.0559 0.2000 0.4314 0.3922 0.1961 23.0943 2.0000 
3197 3198 30 5.6615 4.0671 -14.4143 5.8152 4.1239 -14.2998 0.0559 0.2000 0.4314 0.3922 0.1961 23.2202 2.0000 
3198 3199 30 5.8152 4.1239 -14.2998 5.9466 4.2303 -14.1929 0.0559 0.2000 0.4314 0.3922 0.1961 23.3472 2.0000 
3199 3200 30 5.9466 4.2303 -14.1929 6.0686 4.3404 -14.0789 0.0559 0.2000 0.4314 0.3922 0.1961 23.4752 2.0000 
3200 3201 30 6.0686 4.3404 -14.0789 6.1743 4.4791 -13.9809 0.0559 0.2000 0.4314 0.3922 0.1961 23.6043 2.0000 
3201 3202 30 6.1743 4.4791 -13.9809 6.2769 4.6198 -13.8826 0.0559 0.2000 0.4314 0.3922 0.1961 23.7345 2.0000 
3202 3203 30 6.2769 4.6198 -13.8826 6.3921 4.7459 -13.7785 0.0559 0.2000 0.4314 0.3922 0.1961 23.8658 2.0000 
3203 3204 30 6.3921 4.7459 -13.7785 6.5089 4.8819 -13.6899 0.0559 0.2000 0.4314 0.3922 0.1961 23.9983 2.0000 
3204 3205 30 6.5089 4.8819 -13.6899 6.6500 5.0050 -13.6196 0.0559 0.2000 0.4314 0.3922 0.1961 24.1319 2.0000 
3205 3206 30 6.6500 5.0050 -13.6196 6.7806 5.1485 -13.5712 0.0559 0.2000 0.4314 0.3922 0.1961 24.2666 2.0000 
3206 3207 30 6.7806 5.1485 -13.5712 6.9305 5.2686 -13.5154 0.0559 0.2000 0.4314 0.3922 0.1961 24.4025 2.0000 
3207 3208 30 6.9305 5.2686 -13.5154 7.0790 5.3860 -13.4508 0.0559 0.2000 0.4314 0.3922 0.1961 24.5397 2.0000 
3208 3209 30 7.0790 5.3860 -13.4508 7.2315 5.4998 -13.3893 0.0559 0.2000 0.4314 0.3922 0.1961 24.6781 2.0000 
3209 3210 30 7.2315 5.4998 -13.3893 7.3884 5.6082 -13.3290 0.0559 0.2000 0.4314 0.3922 0.1961 24.8177 2.0000 
3210 3211 30 7.3884 5.6082 -13.3290 7.5670 5.6829 -13.2787 0.0559 0.2000 0.4314 0.3922 0.1961 24.9586 2.0000 
3211 3212 30 7.5670 5.6829 -13.2787 7.7379 5.7844 -13.2569 0.0559 0.2000 0.4314 0.3922 0.1961 25.1008 2.0000 
3212 3213 30 7.7379 5.7844 -13.2569 7.8737 5.9310 -13.2646 0.0559 0.2000 0.4314 0.3922 0.1961 25.2444 2.0000 
3213 3214 30 7.8737 5.9310 -13.2646 8.0151 6.0724 -13.2617 0.0559 0.2000 0.4314 0.3922 0.1961 25.3893 2.0000 
3214 3215 30 8.0151 6.0724 -13.2617 8.1548 6.2151 -13.2506 0.0559 0.2000 0.4314 0.3922 0.1961 25.5355 2.0000 
3215 3216 30 8.1548 6.2151 -13.2506 8.3205 6.3271 -13.2508 0.0559 0.2000 0.4314 0.3922 0.1961 25.6832 2.0000 
3216 3217 30 8.3205 6.3271 -13.2508 8.4985 6.4082 -13.2094 0.0559 0.2000 0.4314 0.3922 0.1961 25.8323 2.0000 
3217 3218 30 8.4985 6.4082 -13.2094 8.6555 6.5301 -13.2318 0.0559 0.2000 0.4314 0.3922 0.1961 25.9829 2.0000 
3218 3219 30 8.6555 6.5301 -13.2318 8.8104 6.6460 -13.2828 0.0559 0.2000 0.4314 0.3922 0.1961 26.1349 2.0000 
3219 3220 30 8.8104 6.6460 -13.2828 8.9798 6.7347 -13.3413 0.0559 0.2000 0.4314 0.3922 0.1961 26.2885 2.0000 
3220 3221 30 8.9798 6.7347 -13.3413 9.1401 6.8410 -13.3960 0.0559 0.2000 0.4314 0.3922 0.1961 26.4436 2.0000 
3221 3222 30 9.1401 6.8410 -13.3960 9.3026 6.9443 -13.4502 0.0559 0.2000 0.4314 0.3922 0.1961 26.6002 2.0000 
3222 3223 30 9.3026 6.9443 -13.4502 9.4634 7.0285 -13.5342 0.0559 0.2000 0.4314 0.3922 0.1961 26.7585 2.0000 
3223 3224 30 9.4634 7.0285 -13.5342 9.6062 7.0877 -13.6610 0.0559 0.2000 0.4314 0.3922 0.1961 26.9185 2.0000 
3224 3225 30 9.6062 7.0877 -13.6610 9.7546 7.1474 -13.7812 0.0559 0.2000 0.4314 0.3922 0.1961 27.0801 2.0000 
3225 3226 30 9.7546 7.1474 -13.7812 9.9041 7.2058 -13.9004 0.0559 0.2000 0.4314 0.3922 0.1961 27.2434 2.0000 
3226 3227 30 9.9041 7.2058 -13.9004 10.0471 7.2522 -14.0323 0.0559 0.2000 0.4314 0.3922 0.1961 27.4085 2.0000 
3227 3228 30 10.0471 7.2522 -14.0323 10.2015 7.3014 -14.1495 0.0559 0.2000 0.4314 0.3922 0.1961 27.5754 2.0000 
3228 3229 30 10.2015 7.3014 -14.1495 10.3624 7.3861 -14.2328 0.0559 0.2000 0.4314 0.3922 0.1961 27.7440 2.0000 
3229 3230 30 10.3624 7.3861 -14.2328 10.5204 7.4783 -14.3137 0.0559 0.2000 0.4314 0.3922 0.1961 27.9146 2.0000 
3230 3231 30 10.5204 7.4783 -14.3137 10.6795 7.5457 -14.4144 0.0559 0.2000 0.4314 0.3922 0.1961 28.0871 2.0000 
3231 3232 30 10.6795 7.5457 -14.4144 10.8562 7.6091 -14.4835 0.0559 0.2000 0.4314 0.3922 0.1961 28.2615 2.0000 
3232 3233 30 10.8562 7.6091 -14.4835 11.0309 7.6753 -14.5550 0.0559 0.2000 0.4314 0.3922 0.1961 28.4379 2.0000 
3233 3234 30 11.0309 7.6753 -14.5550 11.2057 7.7339 -14.6325 0.0559 0.2000 0.4314 0.3922 0.1961 28.6164 2.0000 
3234 3235 30 11.2057 7.7339 -14.6325 11.3805 7.7925 -14.7099 0.0559 0.2000 0.4314 0.3922 0.1961 28.7969 2.0000 
3235 3236 30 11.3805 7.7925 -14.7099 11.5551 7.8517 -14.7874 0.0559 0.2000 0.4314 0.3922 0.1961 28.9796 2.0000 
3236 3237 30 11.5551 7.8517 -14.7874 11.7178 7.9548 -14.8413 0.0559 0.2000 0.4314 0.3922 0.1961 29.1645 2.0000 
3237 3238 30 11.7178 7.9548 -14.8413 11.8528 8.0761 -14.9254 0.0559 0.2000 0.4314 0.3922 0.1961 29.3517 2.0000 
3238 3239 30 11.8528 8.0761 -14.9254 11.9880 8.1961 -15.0109 0.0559 0.2000 0.4314 0.3922 0.1961 29.5411 2.0000 
3239 3240 30 11.9880 8.1961 -15.0109 12.1277 8.2925 -15.1166 0.0559 0.2000 0.4314 0.3922 0.1961 29.7329 2.0000 
3240 3241 30 12.1277 8.2925 -15.1166 12.2832 8.3633 -15.2206 0.0559 0.2000 0.4314 0.3922 0.1961 29.9271 2.0000 
3241 3242 30 12.2832 8.3633 -15.2206 12.3403 8.3913 -15.2592 0.0559 0.0744 0.4314 0.3922 0.1961 30.0000 2.0000 
78 3243 31 0.0203 -0.0338 -15.0233 -0.0854 -0.1690 -15.1260 0.0642 0.2000 0.4314 0.3922 0.1961 19.7010 2.0000 
3243 3244 31 -0.0854 -0.1690 -15.1260 -0.1919 -0.3170 -15.2080 0.0642 0.2000 0.4314 0.3922 0.1961 19.8048 2.0000 
3244 3245 31 -0.1919 -0.3170 -15.2080 -0.3059 -0.4453 -15.3107 0.0642 0.2000 0.4314 0.3922 0.1961 19.9093 2.0000 
3245 3246 31 -0.3059 -0.4453 -15.3107 -0.4334 -0.5705 -15.4006 0.0642 0.2000 0.4314 0.3922 0.1961 20.0146 2.0000 
3246 3247 31 -0.4334 -0.5705 -15.4006 -0.5652 -0.6927 -15.4883 0.0642 0.2000 0.4314 0.3922 0.1961 20.1205 2.0000 
3247 3248 31 -0.5652 -0.6927 -15.4883 -0.6995 -0.8251 -15.5548 0.0642 0.2000 0.4314 0.3922 0.1961 20.2273 2.0000 
3248 3249 31 -0.6995 -0.8251 -15.5548 -0.7897 -0.9934 -15.6142 0.0642 0.2000 0.4314 0.3922 0.1961 20.3347 2.0000 
3249 3250 31 -0.7897 -0.9934 -15.6142 -0.9286 -1.1360 -15.6340 0.0642 0.2000 0.4314 0.3922 0.1961 20.4430 2.0000 
3250 3251 31 -0.9286 -1.1360 -15.6340 -1.0682 -1.2786 -15.6477 0.0642 0.2000 0.4314 0.3922 0.1961 20.5520 2.0000 
3251 3252 31 -1.0682 -1.2786 -15.6477 -1.2132 -1.4161 -15.6559 0.0642 0.2000 0.4314 0.3922 0.1961 20.6618 2.0000 
3252 3253 31 -1.2132 -1.4161 -15.6559 -1.3520 -1.5588 -15.6750 0.0642 0.2000 0.4314 0.3922 0.1961 20.7724 2.0000 
3253 3254 31 -1.3520 -1.5588 -15.6750 -1.4904 -1.7011 -15.6995 0.0642 0.2000 0.4314 0.3922 0.1961 20.8838 2.0000 
3254 3255 31 -1.4904 -1.7011 -15.6995 -1.6127 -1.8576 -15.7231 0.0642 0.2000 0.4314 0.3922 0.1961 20.9961 2.0000 
3255 3256 31 -1.6127 -1.8576 -15.7231 -1.7498 -1.9977 -15.7624 0.0642 0.2000 0.4314 0.3922 0.1961 21.1091 2.0000 
3256 3257 31 -1.7498 -1.9977 -15.7624 -1.8859 -2.1398 -15.7984 0.0642 0.2000 0.4314 0.3922 0.1961 21.2231 2.0000 
3257 3258 31 -1.8859 -2.1398 -15.7984 -1.9949 -2.3034 -15.8355 0.0642 0.2000 0.4314 0.3922 0.1961 21.3379 2.0000 
3258 3259 31 -1.9949 -2.3034 -15.8355 -2.1023 -2.4686 -15.8698 0.0642 0.2000 0.4314 0.3922 0.1961 21.4535 2.0000 
3259 3260 31 -2.1023 -2.4686 -15.8698 -2.2097 -2.6338 -15.9037 0.0642 0.2000 0.4314 0.3922 0.1961 21.5701 2.0000 
3260 3261 31 -2.2097 -2.6338 -15.9037 -2.3120 -2.7952 -15.9628 0.0642 0.2000 0.4314 0.3922 0.1961 21.6875 2.0000 
3261 3262 31 -2.3120 -2.7952 -15.9628 -2.4404 -2.9279 -16.0396 0.0642 0.2000 0.4314 0.3922 0.1961 21.8059 2.0000 
3262 3263 31 -2.4404 -2.9279 -16.0396 -2.5689 -3.0599 -16.1174 0.0642 0.2000 0.4314 0.3922 0.1961 21.9252 2.0000 
3263 3264 31 -2.5689 -3.0599 -16.1174 -2.6992 -3.1906 -16.1945 0.0642 0.2000 0.4314 0.3922 0.1961 22.0454 2.0000 
3264 3265 31 -2.6992 -3.1906 -16.1945 -2.8413 -3.3140 -16.2623 0.0642 0.2000 0.4314 0.3922 0.1961 22.1667 2.0000 
3265 3266 31 -2.8413 -3.3140 -16.2623 -2.9963 -3.4245 -16.3236 0.0642 0.2000 0.4314 0.3922 0.1961 22.2888 2.0000 
3266 3267 31 -2.9963 -3.4245 -16.3236 -3.1231 -3.5455 -16.4200 0.0642 0.2000 0.4314 0.3922 0.1961 22.4120 2.0000 
3267 3268 31 -3.1231 -3.5455 -16.4200 -3.2443 -3.6694 -16.5198 0.0642 0.2000 0.4314 0.3922 0.1961 22.5362 2.0000 
3268 3269 31 -3.2443 -3.6694 -16.5198 -3.3603 -3.7917 -16.6275 0.0642 0.2000 0.4314 0.3922 0.1961 22.6614 2.0000 
3269 3270 31 -3.3603 -3.7917 -16.6275 -3.4771 -3.9162 -16.7316 0.0642 0.2000 0.4314 0.3922 0.1961 22.7876 2.0000 
3270 3271 31 -3.4771 -3.9162 -16.7316 -3.5932 -4.0231 -16.8544 0.0642 0.2000 0.4314 0.3922 0.1961 22.9149 2.0000 
3271 3272 31 -3.5932 -4.0231 -16.8544 -3.6797 -4.1423 -16.9898 0.0642 0.2000 0.4314 0.3922 0.1961 23.0433 2.0000 
3272 3273 31 -3.6797 -4.1423 -16.9898 -3.7596 -4.2630 -17.1278 0.0642 0.2000 0.4314 0.3922 0.1961 23.1728 2.0000 
3273 3274 31 -3.7596 -4.2630 -17.1278 -3.8122 -4.4117 -17.2507 0.0642 0.2000 0.4314 0.3922 0.1961 23.3034 2.0000 
3274 3275 31 -3.8122 -4.4117 -17.2507 -3.8491 -4.5493 -17.3911 0.0642 0.2000 0.4314 0.3922 0.1961 23.4351 2.0000 
3275 3276 31 -3.8491 -4.5493 -17.3911 -3.8592 -4.6835 -17.5390 0.0642 0.2000 0.4314 0.3922 0.1961 23.5680 2.0000 
3276 3277 31 -3.8592 -4.6835 -17.5390 -3.8603 -4.8139 -17.6907 0.0642 0.2000 0.4314 0.3922 0.1961 23.7020 2.0000 
3277 3278 31 -3.8603 -4.8139 -17.6907 -3.8117 -4.9002 -17.8644 0.0642 0.2000 0.4314 0.3922 0.1961 23.8373 2.0000 
3278 3279 31 -3.8117 -4.9002 -17.8644 -3.7580 -4.9677 -18.0449 0.0642 0.2000 0.4314 0.3922 0.1961 23.9737 2.0000 
3279 3280 31 -3.7580 -4.9677 -18.0449 -3.7270 -5.0192 -18.2356 0.0642 0.2000 0.4314 0.3922 0.1961 24.1114 2.0000 
3280 3281 31 -3.7270 -5.0192 -18.2356 -3.7049 -5.0477 -18.4323 0.0642 0.2000 0.4314 0.3922 0.1961 24.2504 2.0000 
3281 3282 31 -3.7049 -5.0477 -18.4323 -3.6859 -5.0885 -18.6272 0.0642 0.2000 0.4314 0.3922 0.1961 24.3906 2.0000 
3282 3283 31 -3.6859 -5.0885 -18.6272 -3.6678 -5.1179 -18.8242 0.0642 0.2000 0.4314 0.3922 0.1961 24.5322 2.0000 
3283 3284 31 -3.6678 -5.1179 -18.8242 -3.6210 -5.1488 -19.0162 0.0642 0.2000 0.4314 0.3922 0.1961 24.6751 2.0000 
3284 3285 31 -3.6210 -5.1488 -19.0162 -3.5699 -5.1751 -19.2078 0.0642 0.2000 0.4314 0.3922 0.1961 24.8193 2.0000 
3285 3286 31 -3.5699 -5.1751 -19.2078 -3.5519 -5.2220 -19.4013 0.0642 0.2000 0.4314 0.3922 0.1961 24.9649 2.0000 
3286 3287 31 -3.5519 -5.2220 -19.4013 -3.5541 -5.2262 -19.6013 0.0642 0.2000 0.4314 0.3922 0.1961 25.1120 2.0000 
3287 3288 31 -3.5541 -5.2262 -19.6013 -3.5555 -5.2575 -19.7988 0.0642 0.2000 0.4314 0.3922 0.1961 25.2604 2.0000 
3288 3289 31 -3.5555 -5.2575 -19.7988 -3.5334 -5.2997 -19.9931 0.0642 0.2000 0.4314 0.3922 0.1961 25.4104 2.0000 
3289 3290 31 -3.5334 -5.2997 -19.9931 -3.5158 -5.3398 -20.1882 0.0642 0.2000 0.4314 0.3922 0.1961 25.5618 2.0000 
3290 3291 31 -3.5158 -5.3398 -20.1882 -3.4996 -5.3831 -20.3828 0.0642 0.2000 0.4314 0.3922 0.1961 25.7148 2.0000 
3291 3292 31 -3.4996 -5.3831 -20.3828 -3.4901 -5.4182 -20.5794 0.0642 0.2000 0.4314 0.3922 0.1961 25.8693 2.0000 
3292 3293 31 -3.4901 -5.4182 -20.5794 -3.4795 -5.4566 -20.7754 0.0642 0.2000 0.4314 0.3922 0.1961 26.0254 2.0000 
3293 3294 31 -3.4795 -5.4566 -20.7754 -3.4994 -5.4514 -20.9744 0.0642 0.2000 0.4314 0.3922 0.1961 26.1831 2.0000 
3294 3295 31 -3.4994 -5.4514 -20.9744 -3.4999 -5.4408 -21.1741 0.0642 0.2000 0.4314 0.3922 0.1961 26.3425 2.0000 
3295 3296 31 -3.4999 -5.4408 -21.1741 -3.4797 -5.3916 -21.3669 0.0642 0.2000 0.4314 0.3922 0.1961 26.5036 2.0000 
3296 3297 31 -3.4797 -5.3916 -21.3669 -3.4594 -5.3424 -21.5597 0.0642 0.2000 0.4314 0.3922 0.1961 26.6664 2.0000 
3297 3298 31 -3.4594 -5.3424 -21.5597 -3.4225 -5.3238 -21.7554 0.0642 0.2000 0.4314 0.3922 0.1961 26.8310 2.0000 
3298 3299 31 -3.4225 -5.3238 -21.7554 -3.3454 -5.3033 -21.9388 0.0642 0.2000 0.4314 0.3922 0.1961 26.9973 2.0000 
3299 3300 31 -3.3454 -5.3033 -21.9388 -3.2837 -5.2922 -22.1287 0.0642 0.2000 0.4314 0.3922 0.1961 27.1656 2.0000 
3300 3301 31 -3.2837 -5.2922 -22.1287 -3.2250 -5.2947 -22.3199 0.0642 0.2000 0.4314 0.3922 0.1961 27.3357 2.0000 
3301 3302 31 -3.2250 -5.2947 -22.3199 -3.1653 -5.3046 -22.5105 0.0642 0.2000 0.4314 0.3922 0.1961 27.5077 2.0000 
3302 3303 31 -3.1653 -5.3046 -22.5105 -3.0866 -5.2851 -22.6933 0.0642 0.2000 0.4314 0.3922 0.1961 27.6817 2.0000 
3303 3304 31 -3.0866 -5.2851 -22.6933 -3.0187 -5.2599 -22.8798 0.0642 0.2000 0.4314 0.3922 0.1961 27.8577 2.0000 
3304 3305 31 -3.0187 -5.2599 -22.8798 -2.9562 -5.2301 -23.0674 0.0642 0.2000 0.4314 0.3922 0.1961 28.0358 2.0000 
3305 3306 31 -2.9562 -5.2301 -23.0674 -2.8984 -5.2023 -23.2568 0.0642 0.2000 0.4314 0.3922 0.1961 28.2160 2.0000 
3306 3307 31 -2.8984 -5.2023 -23.2568 -2.8295 -5.2125 -23.4443 0.0642 0.2000 0.4314 0.3922 0.1961 28.3984 2.0000 
3307 3308 31 -2.8295 -5.2125 -23.4443 -2.7393 -5.2156 -23.6228 0.0642 0.2000 0.4314 0.3922 0.1961 28.5829 2.0000 
3308 3309 31 -2.7393 -5.2156 -23.6228 -2.6607 -5.2250 -23.8065 0.0642 0.2000 0.4314 0.3922 0.1961 28.7698 2.0000 
3309 3310 31 -2.6607 -5.2250 -23.8065 -2.5816 -5.2298 -23.9901 0.0642 0.2000 0.4314 0.3922 0.1961 28.9590 2.0000 
3310 3311 31 -2.5816 -5.2298 -23.9901 -2.5067 -5.2537 -24.1740 0.0642 0.2000 0.4314 0.3922 0.1961 29.1506 2.0000 
3311 3312 31 -2.5067 -5.2537 -24.1740 -2.4357 -5.2833 -24.3586 0.0642 0.2000 0.4314 0.3922 0.1961 29.3446 2.0000 
3312 3313 31 -2.4357 -5.2833 -24.3586 -2.3605 -5.3168 -24.5409 0.0642 0.2000 0.4314 0.3922 0.1961 29.5411 2.0000 
3313 3314 31 -2.3605 -5.3168 -24.5409 -2.3003 -5.3704 -24.7239 0.0642 0.2000 0.4314 0.3922 0.1961 29.7402 2.0000 
3314 3315 31 -2.3003 -5.3704 -24.7239 -2.2393 -5.4239 -24.9067 0.0642 0.2000 0.4314 0.3922 0.1961 29.9420 2.0000 
3315 3316 31 -2.2393 -5.4239 -24.9067 -2.2194 -5.4339 -24.9592 0.0642 0.0570 0.4314 0.3922 0.1961 30.0000 2.0000 
81 3317 32 0.0197 -0.0628 -15.4312 0.0001 -0.2488 -15.5021 0.0678 0.2000 0.4314 0.3922 0.1961 20.2011 2.0000 
3317 3318 32 0.0001 -0.2488 -15.5021 -0.0099 -0.4072 -15.6237 0.0678 0.2000 0.4314 0.3922 0.1961 20.3064 2.0000 
3318 3319 32 -0.0099 -0.4072 -15.6237 -0.0121 -0.5604 -15.7523 0.0678 0.2000 0.4314 0.3922 0.1961 20.4125 2.0000 
3319 3320 32 -0.0121 -0.5604 -15.7523 -0.0128 -0.7092 -15.8859 0.0678 0.2000 0.4314 0.3922 0.1961 20.5192 2.0000 
3320 3321 32 -0.0128 -0.7092 -15.8859 0.0225 -0.8507 -16.0227 0.0678 0.2000 0.4314 0.3922 0.1961 20.6267 2.0000 
3321 3322 32 0.0225 -0.8507 -16.0227 0.0691 -0.9884 -16.1601 0.0678 0.2000 0.4314 0.3922 0.1961 20.7349 2.0000 
3322 3323 32 0.0691 -0.9884 -16.1601 0.0835 -1.1240 -16.3064 0.0678 0.2000 0.4314 0.3922 0.1961 20.8438 2.0000 
3323 3324 32 0.0835 -1.1240 -16.3064 0.0987 -1.2459 -16.4643 0.0678 0.2000 0.4314 0.3922 0.1961 20.9534 2.0000 
3324 3325 32 0.0987 -1.2459 -16.4643 0.1119 -1.3652 -16.6242 0.0678 0.2000 0.4314 0.3922 0.1961 21.0638 2.0000 
3325 3326 32 0.1119 -1.3652 -16.6242 0.1546 -1.4755 -16.7855 0.0678 0.2000 0.4314 0.3922 0.1961 21.1749 2.0000 
3326 3327 32 0.1546 -1.4755 -16.7855 0.1749 -1.5800 -16.9548 0.0678 0.2000 0.4314 0.3922 0.1961 21.2869 2.0000 
3327 3328 32 0.1749 -1.5800 -16.9548 0.1884 -1.6535 -17.1403 0.0678 0.2000 0.4314 0.3922 0.1961 21.3996 2.0000 
3328 3329 32 0.1884 -1.6535 -17.1403 0.1801 -1.7183 -17.3294 0.0678 0.2000 0.4314 0.3922 0.1961 21.5131 2.0000 
3329 3330 32 0.1801 -1.7183 -17.3294 0.1753 -1.7482 -17.5271 0.0678 0.2000 0.4314 0.3922 0.1961 21.6274 2.0000 
3330 3331 32 0.1753 -1.7482 -17.5271 0.1362 -1.7499 -17.7232 0.0678 0.2000 0.4314 0.3922 0.1961 21.7425 2.0000 
3331 3332 32 0.1362 -1.7499 -17.7232 0.0958 -1.7481 -17.9191 0.0678 0.2000 0.4314 0.3922 0.1961 21.8584 2.0000 
3332 3333 32 0.0958 -1.7481 -17.9191 0.0542 -1.7410 -18.1146 0.0678 0.2000 0.4314 0.3922 0.1961 21.9752 2.0000 
3333 3334 32 0.0542 -1.7410 -18.1146 -0.0022 -1.7538 -18.3060 0.0678 0.2000 0.4314 0.3922 0.1961 22.0928 2.0000 
3334 3335 32 -0.0022 -1.7538 -18.3060 -0.0312 -1.7811 -18.5020 0.0678 0.2000 0.4314 0.3922 0.1961 22.2113 2.0000 
3335 3336 32 -0.0312 -1.7811 -18.5020 -0.0316 -1.7880 -18.7019 0.0678 0.2000 0.4314 0.3922 0.1961 22.3307 2.0000 
3336 3337 32 -0.0316 -1.7880 -18.7019 -0.0312 -1.7936 -18.9018 0.0678 0.2000 0.4314 0.3922 0.1961 22.4510 2.0000 
3337 3338 32 -0.0312 -1.7936 -18.9018 -0.0282 -1.8192 -19.1001 0.0678 0.2000 0.4314 0.3922 0.1961 22.5721 2.0000 
3338 3339 32 -0.0282 -1.8192 -19.1001 -0.0456 -1.8416 -19.2981 0.0678 0.2000 0.4314 0.3922 0.1961 22.6942 2.0000 
3339 3340 32 -0.0456 -1.8416 -19.2981 -0.0980 -1.8753 -19.4882 0.0678 0.2000 0.4314 0.3922 0.1961 22.8172 2.0000 
3340 3341 32 -0.0980 -1.8753 -19.4882 -0.1165 -1.9099 -19.6843 0.0678 0.2000 0.4314 0.3922 0.1961 22.9412 2.0000 
3341 3342 32 -0.1165 -1.9099 -19.6843 -0.0832 -1.9240 -19.8810 0.0678 0.2000 0.4314 0.3922 0.1961 23.0661 2.0000 
3342 3343 32 -0.0832 -1.9240 -19.8810 -0.0270 -1.9856 -20.0628 0.0678 0.2000 0.4314 0.3922 0.1961 23.1920 2.0000 
3343 3344 32 -0.0270 -1.9856 -20.0628 0.0136 -2.0318 -20.2531 0.0678 0.2000 0.4314 0.3922 0.1961 23.3189 2.0000 
3344 3345 32 0.0136 -2.0318 -20.2531 0.0300 -2.0860 -20.4449 0.0678 0.2000 0.4314 0.3922 0.1961 23.4467 2.0000 
3345 3346 32 0.0300 -2.0860 -20.4449 0.0120 -2.1802 -20.6204 0.0678 0.2000 0.4314 0.3922 0.1961 23.5757 2.0000 
3346 3347 32 0.0120 -2.1802 -20.6204 0.0389 -2.2958 -20.7814 0.0678 0.2000 0.4314 0.3922 0.1961 23.7056 2.0000 
3347 3348 32 0.0389 -2.2958 -20.7814 0.0990 -2.3885 -20.9481 0.0678 0.2000 0.4314 0.3922 0.1961 23.8366 2.0000 
3348 3349 32 0.0990 -2.3885 -20.9481 0.1456 -2.4937 -21.1117 0.0678 0.2000 0.4314 0.3922 0.1961 23.9687 2.0000 
3349 3350 32 0.1456 -2.4937 -21.1117 0.2007 -2.6042 -21.2690 0.0678 0.2000 0.4314 0.3922 0.1961 24.1018 2.0000 
3350 3351 32 0.2007 -2.6042 -21.2690 0.2625 -2.7106 -21.4267 0.0678 0.2000 0.4314 0.3922 0.1961 24.2361 2.0000 
3351 3352 32 0.2625 -2.7106 -21.4267 0.3226 -2.8197 -21.5831 0.0678 0.2000 0.4314 0.3922 0.1961 24.3715 2.0000 
3352 3353 32 0.3226 -2.8197 -21.5831 0.3715 -2.9435 -21.7324 0.0678 0.2000 0.4314 0.3922 0.1961 24.5080 2.0000 
3353 3354 32 0.3715 -2.9435 -21.7324 0.4043 -3.0742 -21.8802 0.0678 0.2000 0.4314 0.3922 0.1961 24.6457 2.0000 
3354 3355 32 0.4043 -3.0742 -21.8802 0.4272 -3.1653 -22.0568 0.0678 0.2000 0.4314 0.3922 0.1961 24.7846 2.0000 
3355 3356 32 0.4272 -3.1653 -22.0568 0.4399 -3.2530 -22.2361 0.0678 0.2000 0.4314 0.3922 0.1961 24.9247 2.0000 
3356 3357 32 0.4399 -3.2530 -22.2361 0.4599 -3.3445 -22.4128 0.0678 0.2000 0.4314 0.3922 0.1961 25.0660 2.0000 
3357 3358 32 0.4599 -3.3445 -22.4128 0.4745 -3.4240 -22.5957 0.0678 0.2000 0.4314 0.3922 0.1961 25.2086 2.0000 
3358 3359 32 0.4745 -3.4240 -22.5957 0.4821 -3.5022 -22.7796 0.0678 0.2000 0.4314 0.3922 0.1961 25.3524 2.0000 
3359 3360 32 0.4821 -3.5022 -22.7796 0.4629 -3.5871 -22.9597 0.0678 0.2000 0.4314 0.3922 0.1961 25.4976 2.0000 
3360 3361 32 0.4629 -3.5871 -22.9597 0.4383 -3.6670 -23.1414 0.0678 0.2000 0.4314 0.3922 0.1961 25.6440 2.0000 
3361 3362 32 0.4383 -3.6670 -23.1414 0.4163 -3.7674 -23.3130 0.0678 0.2000 0.4314 0.3922 0.1961 25.7918 2.0000 
3362 3363 32 0.4163 -3.7674 -23.3130 0.4029 -3.8678 -23.4855 0.0678 0.2000 0.4314 0.3922 0.1961 25.9409 2.0000 
3363 3364 32 0.4029 -3.8678 -23.4855 0.3715 -3.9495 -23.6653 0.0678 0.2000 0.4314 0.3922 0.1961 26.0915 2.0000 
3364 3365 32 0.3715 -3.9495 -23.6653 0.3120 -4.0402 -23.8333 0.0678 0.2000 0.4314 0.3922 0.1961 26.2435 2.0000 
3365 3366 32 0.3120 -4.0402 -23.8333 0.2534 -4.1320 -24.0010 0.0678 0.2000 0.4314 0.3922 0.1961 26.3969 2.0000 
3366 3367 32 0.2534 -4.1320 -24.0010 0.1615 -4.1951 -24.1671 0.0678 0.2000 0.4314 0.3922 0.1961 26.5517 2.0000 
3367 3368 32 0.1615 -4.1951 -24.1671 0.0565 -4.2490 -24.3285 0.0678 0.2000 0.4314 0.3922 0.1961 26.7081 2.0000 
3368 3369 32 0.0565 -4.2490 -24.3285 -0.0472 -4.2774 -24.4972 0.0678 0.2000 0.4314 0.3922 0.1961 26.8660 2.0000 
3369 3370 32 -0.0472 -4.2774 -24.4972 -0.1573 -4.3018 -24.6624 0.0678 0.2000 0.4314 0.3922 0.1961 27.0255 2.0000 
3370 3371 32 -0.1573 -4.3018 -24.6624 -0.2756 -4.3467 -24.8172 0.0678 0.2000 0.4314 0.3922 0.1961 27.1866 2.0000 
3371 3372 32 -0.2756 -4.3467 -24.8172 -0.3970 -4.3809 -24.9724 0.0678 0.2000 0.4314 0.3922 0.1961 27.3492 2.0000 
3372 3373 32 -0.3970 -4.3809 -24.9724 -0.5246 -4.3984 -25.1255 0.0678 0.2000 0.4314 0.3922 0.1961 27.5136 2.0000 
3373 3374 32 -0.5246 -4.3984 -25.1255 -0.6330 -4.4308 -25.2904 0.0678 0.2000 0.4314 0.3922 0.1961 27.6796 2.0000 
3374 3375 32 -0.6330 -4.4308 -25.2904 -0.7587 -4.4491 -25.4448 0.0678 0.2000 0.4314 0.3922 0.1961 27.8474 2.0000 
3375 3376 32 -0.7587 -4.4491 -25.4448 -0.8622 -4.4358 -25.6155 0.0678 0.2000 0.4314 0.3922 0.1961 28.0169 2.0000 
3376 3377 32 -0.8622 -4.4358 -25.6155 -0.9584 -4.4263 -25.7905 0.0678 0.2000 0.4314 0.3922 0.1961 28.1882 2.0000 
3377 3378 32 -0.9584 -4.4263 -25.7905 -1.0706 -4.4288 -25.9561 0.0678 0.2000 0.4314 0.3922 0.1961 28.3614 2.0000 
3378 3379 32 -1.0706 -4.4288 -25.9561 -1.1671 -4.4187 -26.1310 0.0678 0.2000 0.4314 0.3922 0.1961 28.5364 2.0000 
3379 3380 32 -1.1671 -4.4187 -26.1310 -1.2638 -4.4089 -26.3058 0.0678 0.2000 0.4314 0.3922 0.1961 28.7133 2.0000 
3380 3381 32 -1.2638 -4.4089 -26.3058 -1.3624 -4.3995 -26.4796 0.0678 0.2000 0.4314 0.3922 0.1961 28.8923 2.0000 
3381 3382 32 -1.3624 -4.3995 -26.4796 -1.4557 -4.3911 -26.6562 0.0678 0.2000 0.4314 0.3922 0.1961 29.0732 2.0000 
3382 3383 32 -1.4557 -4.3911 -26.6562 -1.5516 -4.3856 -26.8317 0.0678 0.2000 0.4314 0.3922 0.1961 29.2561 2.0000 
3383 3384 32 -1.5516 -4.3856 -26.8317 -1.6389 -4.3632 -27.0102 0.0678 0.2000 0.4314 0.3922 0.1961 29.4412 2.0000 
3384 3385 32 -1.6389 -4.3632 -27.0102 -1.7160 -4.3434 -27.1937 0.0678 0.2000 0.4314 0.3922 0.1961 29.6284 2.0000 
3385 3386 32 -1.7160 -4.3434 -27.1937 -1.7825 -4.3394 -27.3823 0.0678 0.2000 0.4314 0.3922 0.1961 29.8178 2.0000 
3386 3387 32 -1.7825 -4.3394 -27.3823 -1.8659 -4.3429 -27.5531 0.0678 0.1902 0.4314 0.3922 0.1961 30.0000 2.0000 
83 3388 33 -0.0148 -0.0646 -15.8225 -0.0622 0.1094 -15.9088 0.0762 0.2000 0.4314 0.3922 0.1961 20.6737 2.0000 
3388 3389 33 -0.0622 0.1094 -15.9088 -0.1187 0.2755 -16.0049 0.0762 0.2000 0.4314 0.3922 0.1961 20.7667 2.0000 
3389 3390 33 -0.1187 0.2755 -16.0049 -0.1713 0.4192 -16.1338 0.0762 0.2000 0.4314 0.3922 0.1961 20.8604 2.0000 
3390 3391 33 -0.1713 0.4192 -16.1338 -0.2239 0.5640 -16.2613 0.0762 0.2000 0.4314 0.3922 0.1961 20.9547 2.0000 
3391 3392 33 -0.2239 0.5640 -16.2613 -0.1909 0.6909 -16.4123 0.0762 0.2000 0.4314 0.3922 0.1961 21.0497 2.0000 
3392 3393 33 -0.1909 0.6909 -16.4123 -0.1571 0.8078 -16.5710 0.0762 0.2000 0.4314 0.3922 0.1961 21.1453 2.0000 
3393 3394 33 -0.1571 0.8078 -16.5710 -0.1272 0.9253 -16.7301 0.0762 0.2000 0.4314 0.3922 0.1961 21.2416 2.0000 
3394 3395 33 -0.1272 0.9253 -16.7301 -0.0805 1.0152 -16.9025 0.0762 0.2000 0.4314 0.3922 0.1961 21.3386 2.0000 
3395 3396 33 -0.0805 1.0152 -16.9025 -0.0395 1.0581 -17.0935 0.0762 0.2000 0.4314 0.3922 0.1961 21.4363 2.0000 
3396 3397 33 -0.0395 1.0581 -17.0935 -0.0093 1.0745 -17.2905 0.0762 0.2000 0.4314 0.3922 0.1961 21.5347 2.0000 
3397 3398 33 -0.0093 1.0745 -17.2905 0.0391 1.1088 -17.4816 0.0762 0.2000 0.4314 0.3922 0.1961 21.6338 2.0000 
3398 3399 33 0.0391 1.1088 -17.4816 0.1194 1.1152 -17.6646 0.0762 0.2000 0.4314 0.3922 0.1961 21.7337 2.0000 
3399 3400 33 0.1194 1.1152 -17.6646 0.1893 1.1097 -17.8519 0.0762 0.2000 0.4314 0.3922 0.1961 21.8342 2.0000 
3400 3401 33 0.1893 1.1097 -17.8519 0.2517 1.1290 -18.0409 0.0762 0.2000 0.4314 0.3922 0.1961 21.9355 2.0000 
3401 3402 33 0.2517 1.1290 -18.0409 0.3014 1.1437 -18.2341 0.0762 0.2000 0.4314 0.3922 0.1961 22.0376 2.0000 
3402 3403 33 0.3014 1.1437 -18.2341 0.3436 1.1601 -18.4289 0.0762 0.2000 0.4314 0.3922 0.1961 22.1405 2.0000 
3403 3404 33 0.3436 1.1601 -18.4289 0.3828 1.1724 -18.6246 0.0762 0.2000 0.4314 0.3922 0.1961 22.2441 2.0000 
3404 3405 33 0.3828 1.1724 -18.6246 0.4485 1.2262 -18.8057 0.0762 0.2000 0.4314 0.3922 0.1961 22.3485 2.0000 
3405 3406 33 0.4485 1.2262 -18.8057 0.5036 1.2689 -18.9932 0.0762 0.2000 0.4314 0.3922 0.1961 22.4537 2.0000 
3406 3407 33 0.5036 1.2689 -18.9932 0.5376 1.2864 -19.1895 0.0762 0.2000 0.4314 0.3922 0.1961 22.5598 2.0000 
3407 3408 33 0.5376 1.2864 -19.1895 0.5763 1.2970 -19.3854 0.0762 0.2000 0.4314 0.3922 0.1961 22.6666 2.0000 
3408 3409 33 0.5763 1.2970 -19.3854 0.6108 1.3187 -19.5812 0.0762 0.2000 0.4314 0.3922 0.1961 22.7744 2.0000 
3409 3410 33 0.6108 1.3187 -19.5812 0.6490 1.3069 -19.7772 0.0762 0.2000 0.4314 0.3922 0.1961 22.8829 2.0000 
3410 3411 33 0.6490 1.3069 -19.7772 0.6682 1.2488 -19.9676 0.0762 0.2000 0.4314 0.3922 0.1961 22.9924 2.0000 
3411 3412 33 0.6682 1.2488 -19.9676 0.6541 1.2091 -20.1631 0.0762 0.2000 0.4314 0.3922 0.1961 23.1027 2.0000 
3412 3413 33 0.6541 1.2091 -20.1631 0.6567 1.1862 -20.3618 0.0762 0.2000 0.4314 0.3922 0.1961 23.2139 2.0000 
3413 3414 33 0.6567 1.1862 -20.3618 0.6761 1.1586 -20.5589 0.0762 0.2000 0.4314 0.3922 0.1961 23.3261 2.0000 
3414 3415 33 0.6761 1.1586 -20.5589 0.7060 1.1420 -20.7560 0.0762 0.2000 0.4314 0.3922 0.1961 23.4391 2.0000 
3415 3416 33 0.7060 1.1420 -20.7560 0.7243 1.1267 -20.9545 0.0762 0.2000 0.4314 0.3922 0.1961 23.5531 2.0000 
3416 3417 33 0.7243 1.1267 -20.9545 0.7417 1.1105 -21.1531 0.0762 0.2000 0.4314 0.3922 0.1961 23.6681 2.0000 
3417 3418 33 0.7417 1.1105 -21.1531 0.7498 1.1112 -21.3530 0.0762 0.2000 0.4314 0.3922 0.1961 23.7841 2.0000 
3418 3419 33 0.7498 1.1112 -21.3530 0.7599 1.1172 -21.5526 0.0762 0.2000 0.4314 0.3922 0.1961 23.9010 2.0000 
3419 3420 33 0.7599 1.1172 -21.5526 0.7745 1.1297 -21.7517 0.0762 0.2000 0.4314 0.3922 0.1961 24.0190 2.0000 
3420 3421 33 0.7745 1.1297 -21.7517 0.7824 1.1294 -21.9515 0.0762 0.2000 0.4314 0.3922 0.1961 24.1379 2.0000 
3421 3422 33 0.7824 1.1294 -21.9515 0.8071 1.1144 -22.1494 0.0762 0.2000 0.4314 0.3922 0.1961 24.2580 2.0000 
3422 3423 33 0.8071 1.1144 -22.1494 0.8356 1.1274 -22.3470 0.0762 0.2000 0.4314 0.3922 0.1961 24.3791 2.0000 
3423 3424 33 0.8356 1.1274 -22.3470 0.8694 1.1337 -22.5440 0.0762 0.2000 0.4314 0.3922 0.1961 24.5012 2.0000 
3424 3425 33 0.8694 1.1337 -22.5440 0.8974 1.1396 -22.7419 0.0762 0.2000 0.4314 0.3922 0.1961 24.6245 2.0000 
3425 3426 33 0.8974 1.1396 -22.7419 0.9526 1.1442 -22.9341 0.0762 0.2000 0.4314 0.3922 0.1961 24.7489 2.0000 
3426 3427 33 0.9526 1.1442 -22.9341 1.0025 1.1396 -23.1277 0.0762 0.2000 0.4314 0.3922 0.1961 24.8745 2.0000 
3427 3428 33 1.0025 1.1396 -23.1277 1.0556 1.1395 -23.3205 0.0762 0.2000 0.4314 0.3922 0.1961 25.0012 2.0000 
3428 3429 33 1.0556 1.1395 -23.3205 1.1179 1.1280 -23.5103 0.0762 0.2000 0.4314 0.3922 0.1961 25.1291 2.0000 
3429 3430 33 1.1179 1.1280 -23.5103 1.1750 1.1244 -23.7019 0.0762 0.2000 0.4314 0.3922 0.1961 25.2582 2.0000 
3430 3431 33 1.1750 1.1244 -23.7019 1.2035 1.1149 -23.8996 0.0762 0.2000 0.4314 0.3922 0.1961 25.3885 2.0000 
3431 3432 33 1.2035 1.1149 -23.8996 1.2228 1.1051 -24.0985 0.0762 0.2000 0.4314 0.3922 0.1961 25.5201 2.0000 
3432 3433 33 1.2228 1.1051 -24.0985 1.2507 1.0949 -24.2962 0.0762 0.2000 0.4314 0.3922 0.1961 25.6530 2.0000 
3433 3434 33 1.2507 1.0949 -24.2962 1.3224 1.0940 -24.4829 0.0762 0.2000 0.4314 0.3922 0.1961 25.7872 2.0000 
3434 3435 33 1.3224 1.0940 -24.4829 1.3910 1.0854 -24.6706 0.0762 0.2000 0.4314 0.3922 0.1961 25.9227 2.0000 
3435 3436 33 1.3910 1.0854 -24.6706 1.4568 1.0995 -24.8589 0.0762 0.2000 0.4314 0.3922 0.1961 26.0596 2.0000 
3436 3437 33 1.4568 1.0995 -24.8589 1.5178 1.1028 -25.0494 0.0762 0.2000 0.4314 0.3922 0.1961 26.1979 2.0000 
3437 3438 33 1.5178 1.1028 -25.0494 1.5917 1.0827 -25.2342 0.0762 0.2000 0.4314 0.3922 0.1961 26.3376 2.0000 
3438 3439 33 1.5917 1.0827 -25.2342 1.6800 1.0996 -25.4128 0.0762 0.2000 0.4314 0.3922 0.1961 26.4787 2.0000 
3439 3440 33 1.6800 1.0996 -25.4128 1.7312 1.0705 -25.6040 0.0762 0.2000 0.4314 0.3922 0.1961 26.6213 2.0000 
3440 3441 33 1.7312 1.0705 -25.6040 1.7704 1.0648 -25.8000 0.0762 0.2000 0.4314 0.3922 0.1961 26.7654 2.0000 
3441 3442 33 1.7704 1.0648 -25.8000 1.8205 1.0205 -25.9885 0.0762 0.2000 0.4314 0.3922 0.1961 26.9110 2.0000 
3442 3443 33 1.8205 1.0205 -25.9885 1.8690 0.9686 -26.1755 0.0762 0.2000 0.4314 0.3922 0.1961 27.0582 2.0000 
3443 3444 33 1.8690 0.9686 -26.1755 1.9202 0.9128 -26.3605 0.0762 0.2000 0.4314 0.3922 0.1961 27.2071 2.0000 
3444 3445 33 1.9202 0.9128 -26.3605 1.9843 0.8682 -26.5447 0.0762 0.2000 0.4314 0.3922 0.1961 27.3575 2.0000 
3445 3446 33 1.9843 0.8682 -26.5447 2.0426 0.8581 -26.7357 0.0762 0.2000 0.4314 0.3922 0.1961 27.5097 2.0000 
3446 3447 33 2.0426 0.8581 -26.7357 2.0907 0.8781 -26.9288 0.0762 0.2000 0.4314 0.3922 0.1961 27.6635 2.0000 
3447 3448 33 2.0907 0.8781 -26.9288 2.1293 0.8933 -27.1245 0.0762 0.2000 0.4314 0.3922 0.1961 27.8191 2.0000 
3448 3449 33 2.1293 0.8933 -27.1245 2.1844 0.9391 -27.3112 0.0762 0.2000 0.4314 0.3922 0.1961 27.9765 2.0000 
3449 3450 33 2.1844 0.9391 -27.3112 2.2503 0.9806 -27.4954 0.0762 0.2000 0.4314 0.3922 0.1961 28.1357 2.0000 
3450 3451 33 2.2503 0.9806 -27.4954 2.3213 1.0491 -27.6694 0.0762 0.2000 0.4314 0.3922 0.1961 28.2969 2.0000 
3451 3452 33 2.3213 1.0491 -27.6694 2.3670 1.1020 -27.8568 0.0762 0.2000 0.4314 0.3922 0.1961 28.4599 2.0000 
3452 3453 33 2.3670 1.1020 -27.8568 2.4170 1.1523 -28.0437 0.0762 0.2000 0.4314 0.3922 0.1961 28.6249 2.0000 
3453 3454 33 2.4170 1.1523 -28.0437 2.4559 1.1855 -28.2371 0.0762 0.2000 0.4314 0.3922 0.1961 28.7919 2.0000 
3454 3455 33 2.4559 1.1855 -28.2371 2.5049 1.2198 -28.4280 0.0762 0.2000 0.4314 0.3922 0.1961 28.9610 2.0000 
3455 3456 33 2.5049 1.2198 -28.4280 2.5101 1.2089 -28.6276 0.0762 0.2000 0.4314 0.3922 0.1961 29.1322 2.0000 
3456 3457 33 2.5101 1.2089 -28.6276 2.5261 1.2029 -28.8269 0.0762 0.2000 0.4314 0.3922 0.1961 29.3056 2.0000 
3457 3458 33 2.5261 1.2029 -28.8269 2.5556 1.2205 -29.0239 0.0762 0.2000 0.4314 0.3922 0.1961 29.4813 2.0000 
3458 3459 33 2.5556 1.2205 -29.0239 2.5512 1.2385 -29.2230 0.0762 0.2000 0.4314 0.3922 0.1961 29.6592 2.0000 
3459 3460 33 2.5512 1.2385 -29.2230 2.5437 1.2698 -29.4204 0.0762 0.2000 0.4314 0.3922 0.1961 29.8394 2.0000 
3460 3461 33 2.5437 1.2698 -29.4204 2.5610 1.2986 -29.5931 0.0762 0.1759 0.4314 0.3922 0.1961 30.0000 2.0000 
85 3462 34 -0.0626 -0.0554 -16.1861 0.0979 -0.1063 -16.2940 0.0425 0.2000 0.4314 0.3922 0.1961 21.1377 2.0000 
3462 3463 34 0.0979 -0.1063 -16.2940 0.2427 -0.1654 -16.4187 0.0425 0.2000 0.4314 0.3922 0.1961 21.2361 2.0000 
3463 3464 34 0.2427 -0.1654 -16.4187 0.3838 -0.1933 -16.5577 0.0425 0.2000 0.4314 0.3922 0.1961 21.3352 2.0000 
3464 3465 34 0.3838 -0.1933 -16.5577 0.5243 -0.2212 -16.6972 0.0425 0.2000 0.4314 0.3922 0.1961 21.4351 2.0000 
3465 3466 34 0.5243 -0.2212 -16.6972 0.6743 -0.2379 -16.8285 0.0425 0.2000 0.4314 0.3922 0.1961 21.5356 2.0000 
3466 3467 34 0.6743 -0.2379 -16.8285 0.8228 -0.2533 -16.9616 0.0425 0.2000 0.4314 0.3922 0.1961 21.6369 2.0000 
3467 3468 34 0.8228 -0.2533 -16.9616 0.9633 -0.2762 -17.1021 0.0425 0.2000 0.4314 0.3922 0.1961 21.7390 2.0000 
3468 3469 34 0.9633 -0.2762 -17.1021 1.1105 -0.3259 -17.2280 0.0425 0.2000 0.4314 0.3922 0.1961 21.8417 2.0000 
3469 3470 34 1.1105 -0.3259 -17.2280 1.2426 -0.4013 -17.3578 0.0425 0.2000 0.4314 0.3922 0.1961 21.9453 2.0000 
3470 3471 34 1.2426 -0.4013 -17.3578 1.3666 -0.4750 -17.4964 0.0425 0.2000 0.4314 0.3922 0.1961 22.0496 2.0000 
3471 3472 34 1.3666 -0.4750 -17.4964 1.4847 -0.5744 -17.6235 0.0425 0.2000 0.4314 0.3922 0.1961 22.1547 2.0000 
3472 3473 34 1.4847 -0.5744 -17.6235 1.5807 -0.6856 -17.7592 0.0425 0.2000 0.4314 0.3922 0.1961 22.2606 2.0000 
3473 3474 34 1.5807 -0.6856 -17.7592 1.6409 -0.7927 -17.9171 0.0425 0.2000 0.4314 0.3922 0.1961 22.3673 2.0000 
3474 3475 34 1.6409 -0.7927 -17.9171 1.7315 -0.8613 -18.0816 0.0425 0.2000 0.4314 0.3922 0.1961 22.4748 2.0000 
3475 3476 34 1.7315 -0.8613 -18.0816 1.8155 -0.9351 -18.2475 0.0425 0.2000 0.4314 0.3922 0.1961 22.5832 2.0000 
3476 3477 34 1.8155 -0.9351 -18.2475 1.9172 -1.0215 -18.3964 0.0425 0.2000 0.4314 0.3922 0.1961 22.6924 2.0000 
3477 3478 34 1.9172 -1.0215 -18.3964 1.9816 -1.0952 -18.5709 0.0425 0.2000 0.4314 0.3922 0.1961 22.8024 2.0000 
3478 3479 34 1.9816 -1.0952 -18.5709 2.0695 -1.1743 -18.7321 0.0425 0.2000 0.4314 0.3922 0.1961 22.9134 2.0000 
3479 3480 34 2.0695 -1.1743 -18.7321 2.1572 -1.2521 -18.8942 0.0425 0.2000 0.4314 0.3922 0.1961 23.0252 2.0000 
3480 3481 34 2.1572 -1.2521 -18.8942 2.2444 -1.3280 -19.0574 0.0425 0.2000 0.4314 0.3922 0.1961 23.1379 2.0000 
3481 3482 34 2.2444 -1.3280 -19.0574 2.3314 -1.4035 -19.2208 0.0425 0.2000 0.4314 0.3922 0.1961 23.2515 2.0000 
3482 3483 34 2.3314 -1.4035 -19.2208 2.4064 -1.4707 -19.3936 0.0425 0.2000 0.4314 0.3922 0.1961 23.3661 2.0000 
3483 3484 34 2.4064 -1.4707 -19.3936 2.4991 -1.5252 -19.5623 0.0425 0.2000 0.4314 0.3922 0.1961 23.4816 2.0000 
3484 3485 34 2.4991 -1.5252 -19.5623 2.5904 -1.5796 -19.7317 0.0425 0.2000 0.4314 0.3922 0.1961 23.5981 2.0000 
3485 3486 34 2.5904 -1.5796 -19.7317 2.6563 -1.6344 -19.9124 0.0425 0.2000 0.4314 0.3922 0.1961 23.7155 2.0000 
3486 3487 34 2.6563 -1.6344 -19.9124 2.7218 -1.6872 -20.0939 0.0425 0.2000 0.4314 0.3922 0.1961 23.8340 2.0000 
3487 3488 34 2.7218 -1.6872 -20.0939 2.7875 -1.7400 -20.2752 0.0425 0.2000 0.4314 0.3922 0.1961 23.9534 2.0000 
3488 3489 34 2.7875 -1.7400 -20.2752 2.8540 -1.7898 -20.4572 0.0425 0.2000 0.4314 0.3922 0.1961 24.0739 2.0000 
3489 3490 34 2.8540 -1.7898 -20.4572 2.9514 -1.7881 -20.6319 0.0425 0.2000 0.4314 0.3922 0.1961 24.1955 2.0000 
3490 3491 34 2.9514 -1.7881 -20.6319 3.0682 -1.7926 -20.7941 0.0425 0.2000 0.4314 0.3922 0.1961 24.3181 2.0000 
3491 3492 34 3.0682 -1.7926 -20.7941 3.1817 -1.7958 -20.9588 0.0425 0.2000 0.4314 0.3922 0.1961 24.4417 2.0000 
3492 3493 34 3.1817 -1.7958 -20.9588 3.2873 -1.7973 -21.1286 0.0425 0.2000 0.4314 0.3922 0.1961 24.5665 2.0000 
3493 3494 34 3.2873 -1.7973 -21.1286 3.4119 -1.8039 -21.2849 0.0425 0.2000 0.4314 0.3922 0.1961 24.6924 2.0000 
3494 3495 34 3.4119 -1.8039 -21.2849 3.5422 -1.8234 -21.4354 0.0425 0.2000 0.4314 0.3922 0.1961 24.8195 2.0000 
3495 3496 34 3.5422 -1.8234 -21.4354 3.6414 -1.8297 -21.6089 0.0425 0.2000 0.4314 0.3922 0.1961 24.9477 2.0000 
3496 3497 34 3.6414 -1.8297 -21.6089 3.7406 -1.8366 -21.7825 0.0425 0.2000 0.4314 0.3922 0.1961 25.0771 2.0000 
3497 3498 34 3.7406 -1.8366 -21.7825 3.8361 -1.8064 -21.9555 0.0425 0.2000 0.4314 0.3922 0.1961 25.2077 2.0000 
3498 3499 34 3.8361 -1.8064 -21.9555 3.9795 -1.8169 -22.0946 0.0425 0.2000 0.4314 0.3922 0.1961 25.3396 2.0000 
3499 3500 34 3.9795 -1.8169 -22.0946 4.1405 -1.8113 -22.2132 0.0425 0.2000 0.4314 0.3922 0.1961 25.4727 2.0000 
3500 3501 34 4.1405 -1.8113 -22.2132 4.2749 -1.7705 -22.3555 0.0425 0.2000 0.4314 0.3922 0.1961 25.6070 2.0000 
3501 3502 34 4.2749 -1.7705 -22.3555 4.4196 -1.7640 -22.4934 0.0425 0.2000 0.4314 0.3922 0.1961 25.7427 2.0000 
3502 3503 34 4.4196 -1.7640 -22.4934 4.5334 -1.7936 -22.6552 0.0425 0.2000 0.4314 0.3922 0.1961 25.8797 2.0000 
3503 3504 34 4.5334 -1.7936 -22.6552 4.6467 -1.8281 -22.8164 0.0425 0.2000 0.4314 0.3922 0.1961 26.0181 2.0000 
3504 3505 34 4.6467 -1.8281 -22.8164 4.7596 -1.8623 -22.9778 0.0425 0.2000 0.4314 0.3922 0.1961 26.1578 2.0000 
3505 3506 34 4.7596 -1.8623 -22.9778 4.8688 -1.8924 -23.1427 0.0425 0.2000 0.4314 0.3922 0.1961 26.2990 2.0000 
3506 3507 34 4.8688 -1.8924 -23.1427 4.9763 -1.8990 -23.3112 0.0425 0.2000 0.4314 0.3922 0.1961 26.4416 2.0000 
3507 3508 34 4.9763 -1.8990 -23.3112 5.0851 -1.9217 -23.4775 0.0425 0.2000 0.4314 0.3922 0.1961 26.5857 2.0000 
3508 3509 34 5.0851 -1.9217 -23.4775 5.1942 -1.9546 -23.6418 0.0425 0.2000 0.4314 0.3922 0.1961 26.7312 2.0000 
3509 3510 34 5.1942 -1.9546 -23.6418 5.2830 -1.9902 -23.8175 0.0425 0.2000 0.4314 0.3922 0.1961 26.8783 2.0000 
3510 3511 34 5.2830 -1.9902 -23.8175 5.3696 -2.0183 -23.9956 0.0425 0.2000 0.4314 0.3922 0.1961 27.0270 2.0000 
3511 3512 34 5.3696 -2.0183 -23.9956 5.4880 -2.0754 -24.1463 0.0425 0.2000 0.4314 0.3922 0.1961 27.1772 2.0000 
3512 3513 34 5.4880 -2.0754 -24.1463 5.5990 -2.1270 -24.3044 0.0425 0.2000 0.4314 0.3922 0.1961 27.3291 2.0000 
3513 3514 34 5.5990 -2.1270 -24.3044 5.7065 -2.1758 -24.4659 0.0425 0.2000 0.4314 0.3922 0.1961 27.4827 2.0000 
3514 3515 34 5.7065 -2.1758 -24.4659 5.8111 -2.2224 -24.6299 0.0425 0.2000 0.4314 0.3922 0.1961 27.6379 2.0000 
3515 3516 34 5.8111 -2.2224 -24.6299 5.9198 -2.2649 -24.7922 0.0425 0.2000 0.4314 0.3922 0.1961 27.7949 2.0000 
3516 3517 34 5.9198 -2.2649 -24.7922 6.0287 -2.3664 -24.9258 0.0425 0.2000 0.4314 0.3922 0.1961 27.9537 2.0000 
3517 3518 34 6.0287 -2.3664 -24.9258 6.1112 -2.4824 -25.0663 0.0425 0.2000 0.4314 0.3922 0.1961 28.1143 2.0000 
3518 3519 34 6.1112 -2.4824 -25.0663 6.2231 -2.5930 -25.1898 0.0425 0.2000 0.4314 0.3922 0.1961 28.2768 2.0000 
3519 3520 34 6.2231 -2.5930 -25.1898 6.3361 -2.6733 -25.3340 0.0425 0.2000 0.4314 0.3922 0.1961 28.4412 2.0000 
3520 3521 34 6.3361 -2.6733 -25.3340 6.4546 -2.7504 -25.4754 0.0425 0.2000 0.4314 0.3922 0.1961 28.6075 2.0000 
3521 3522 34 6.4546 -2.7504 -25.4754 6.5728 -2.8271 -25.6174 0.0425 0.2000 0.4314 0.3922 0.1961 28.7758 2.0000 
3522 3523 34 6.5728 -2.8271 -25.6174 6.6893 -2.9040 -25.7605 0.0425 0.2000 0.4314 0.3922 0.1961 28.9462 2.0000 
3523 3524 34 6.6893 -2.9040 -25.7605 6.7931 -3.0012 -25.9013 0.0425 0.2000 0.4314 0.3922 0.1961 29.1187 2.0000 
3524 3525 34 6.7931 -3.0012 -25.9013 6.9251 -3.0726 -26.0334 0.0425 0.2000 0.4314 0.3922 0.1961 29.2934 2.0000 
3525 3526 34 6.9251 -3.0726 -26.0334 7.0506 -3.1378 -26.1749 0.0425 0.2000 0.4314 0.3922 0.1961 29.4702 2.0000 
3526 3527 34 7.0506 -3.1378 -26.1749 7.1777 -3.2057 -26.3135 0.0425 0.2000 0.4314 0.3922 0.1961 29.6493 2.0000 
3527 3528 34 7.1777 -3.2057 -26.3135 7.3074 -3.2801 -26.4464 0.0425 0.2000 0.4314 0.3922 0.1961 29.8308 2.0000 
3528 3529 34 7.3074 -3.2801 -26.4464 7.4329 -3.3522 -26.5604 0.0425 0.1842 0.4314 0.3922 0.1961 30.0000 2.0000 
87 3530 35 -0.0755 -0.0190 -16.5570 -0.1171 -0.1892 -16.6536 0.0804 0.2000 0.4314 0.3922 0.1961 21.6126 2.0000 
3530 3531 35 -0.1171 -0.1892 -16.6536 -0.2125 -0.3245 -16.7657 0.0804 0.2000 0.4314 0.3922 0.1961 21.7102 2.0000 
3531 3532 35 -0.2125 -0.3245 -16.7657 -0.3032 -0.4699 -16.8689 0.0804 0.2000 0.4314 0.3922 0.1961 21.8084 2.0000 
3532 3533 35 -0.3032 -0.4699 -16.8689 -0.3979 -0.5838 -17.0032 0.0804 0.2000 0.4314 0.3922 0.1961 21.9074 2.0000 
3533 3534 35 -0.3979 -0.5838 -17.0032 -0.4596 -0.6789 -17.1680 0.0804 0.2000 0.4314 0.3922 0.1961 22.0071 2.0000 
3534 3535 35 -0.4596 -0.6789 -17.1680 -0.4849 -0.7891 -17.3330 0.0804 0.2000 0.4314 0.3922 0.1961 22.1076 2.0000 
3535 3536 35 -0.4849 -0.7891 -17.3330 -0.4987 -0.8863 -17.5072 0.0804 0.2000 0.4314 0.3922 0.1961 22.2088 2.0000 
3536 3537 35 -0.4987 -0.8863 -17.5072 -0.5095 -0.9605 -17.6926 0.0804 0.2000 0.4314 0.3922 0.1961 22.3107 2.0000 
3537 3538 35 -0.5095 -0.9605 -17.6926 -0.5219 -1.0379 -17.8766 0.0804 0.2000 0.4314 0.3922 0.1961 22.4134 2.0000 
3538 3539 35 -0.5219 -1.0379 -17.8766 -0.5666 -1.0781 -18.0674 0.0804 0.2000 0.4314 0.3922 0.1961 22.5169 2.0000 
3539 3540 35 -0.5666 -1.0781 -18.0674 -0.6059 -1.1426 -18.2526 0.0804 0.2000 0.4314 0.3922 0.1961 22.6212 2.0000 
3540 3541 35 -0.6059 -1.1426 -18.2526 -0.6074 -1.2117 -18.4403 0.0804 0.2000 0.4314 0.3922 0.1961 22.7262 2.0000 
3541 3542 35 -0.6074 -1.2117 -18.4403 -0.6269 -1.2340 -18.6381 0.0804 0.2000 0.4314 0.3922 0.1961 22.8321 2.0000 
3542 3543 35 -0.6269 -1.2340 -18.6381 -0.6194 -1.2395 -18.8379 0.0804 0.2000 0.4314 0.3922 0.1961 22.9388 2.0000 
3543 3544 35 -0.6194 -1.2395 -18.8379 -0.5875 -1.2349 -19.0352 0.0804 0.2000 0.4314 0.3922 0.1961 23.0464 2.0000 
3544 3545 35 -0.5875 -1.2349 -19.0352 -0.5890 -1.2272 -19.2351 0.0804 0.2000 0.4314 0.3922 0.1961 23.1548 2.0000 
3545 3546 35 -0.5890 -1.2272 -19.2351 -0.5927 -1.2155 -19.4347 0.0804 0.2000 0.4314 0.3922 0.1961 23.2640 2.0000 
3546 3547 35 -0.5927 -1.2155 -19.4347 -0.5896 -1.2020 -19.6342 0.0804 0.2000 0.4314 0.3922 0.1961 23.3742 2.0000 
3547 3548 35 -0.5896 -1.2020 -19.6342 -0.5734 -1.1953 -19.8335 0.0804 0.2000 0.4314 0.3922 0.1961 23.4852 2.0000 
3548 3549 35 -0.5734 -1.1953 -19.8335 -0.5119 -1.1693 -20.0220 0.0804 0.2000 0.4314 0.3922 0.1961 23.5972 2.0000 
3549 3550 35 -0.5119 -1.1693 -20.0220 -0.4480 -1.1375 -20.2088 0.0804 0.2000 0.4314 0.3922 0.1961 23.7100 2.0000 
3550 3551 35 -0.4480 -1.1375 -20.2088 -0.3805 -1.0950 -20.3922 0.0804 0.2000 0.4314 0.3922 0.1961 23.8238 2.0000 
3551 3552 35 -0.3805 -1.0950 -20.3922 -0.3129 -1.0524 -20.5755 0.0804 0.2000 0.4314 0.3922 0.1961 23.9386 2.0000 
3552 3553 35 -0.3129 -1.0524 -20.5755 -0.2395 -1.0332 -20.7606 0.0804 0.2000 0.4314 0.3922 0.1961 24.0543 2.0000 
3553 3554 35 -0.2395 -1.0332 -20.7606 -0.1771 -1.0118 -20.9494 0.0804 0.2000 0.4314 0.3922 0.1961 24.1711 2.0000 
3554 3555 35 -0.1771 -1.0118 -20.9494 -0.1437 -1.0086 -21.1466 0.0804 0.2000 0.4314 0.3922 0.1961 24.2888 2.0000 
3555 3556 35 -0.1437 -1.0086 -21.1466 -0.1277 -1.0425 -21.3430 0.0804 0.2000 0.4314 0.3922 0.1961 24.4075 2.0000 
3556 3557 35 -0.1277 -1.0425 -21.3430 -0.1445 -1.0669 -21.5408 0.0804 0.2000 0.4314 0.3922 0.1961 24.5273 2.0000 
3557 3558 35 -0.1445 -1.0669 -21.5408 -0.1450 -1.0790 -21.7405 0.0804 0.2000 0.4314 0.3922 0.1961 24.6482 2.0000 
3558 3559 35 -0.1450 -1.0790 -21.7405 -0.1494 -1.0891 -21.9402 0.0804 0.2000 0.4314 0.3922 0.1961 24.7701 2.0000 
3559 3560 35 -0.1494 -1.0891 -21.9402 -0.1535 -1.1072 -22.1393 0.0804 0.2000 0.4314 0.3922 0.1961 24.8931 2.0000 
3560 3561 35 -0.1535 -1.1072 -22.1393 -0.1212 -1.1293 -22.3354 0.0804 0.2000 0.4314 0.3922 0.1961 25.0172 2.0000 
3561 3562 35 -0.1212 -1.1293 -22.3354 -0.1076 -1.1299 -22.5350 0.0804 0.2000 0.4314 0.3922 0.1961 25.1425 2.0000 
3562 3563 35 -0.1076 -1.1299 -22.5350 -0.1271 -1.1579 -22.7320 0.0804 0.2000 0.4314 0.3922 0.1961 25.2689 2.0000 
3563 3564 35 -0.1271 -1.1579 -22.7320 -0.1892 -1.1435 -22.9216 0.0804 0.2000 0.4314 0.3922 0.1961 25.3965 2.0000 
3564 3565 35 -0.1892 -1.1435 -22.9216 -0.2311 -1.1199 -23.1157 0.0804 0.2000 0.4314 0.3922 0.1961 25.5253 2.0000 
3565 3566 35 -0.2311 -1.1199 -23.1157 -0.2711 -1.0930 -23.3098 0.0804 0.2000 0.4314 0.3922 0.1961 25.6554 2.0000 
3566 3567 35 -0.2711 -1.0930 -23.3098 -0.3118 -1.0694 -23.5042 0.0804 0.2000 0.4314 0.3922 0.1961 25.7866 2.0000 
3567 3568 35 -0.3118 -1.0694 -23.5042 -0.3576 -1.0505 -23.6980 0.0804 0.2000 0.4314 0.3922 0.1961 25.9192 2.0000 
3568 3569 35 -0.3576 -1.0505 -23.6980 -0.3941 -1.0204 -23.8923 0.0804 0.2000 0.4314 0.3922 0.1961 26.0530 2.0000 
3569 3570 35 -0.3941 -1.0204 -23.8923 -0.4416 -0.9971 -24.0852 0.0804 0.2000 0.4314 0.3922 0.1961 26.1882 2.0000 
3570 3571 35 -0.4416 -0.9971 -24.0852 -0.5047 -0.9887 -24.2748 0.0804 0.2000 0.4314 0.3922 0.1961 26.3247 2.0000 
3571 3572 35 -0.5047 -0.9887 -24.2748 -0.5738 -0.9465 -24.4577 0.0804 0.2000 0.4314 0.3922 0.1961 26.4626 2.0000 
3572 3573 35 -0.5738 -0.9465 -24.4577 -0.6426 -0.8965 -24.6387 0.0804 0.2000 0.4314 0.3922 0.1961 26.6019 2.0000 
3573 3574 35 -0.6426 -0.8965 -24.6387 -0.6865 -0.8683 -24.8318 0.0804 0.2000 0.4314 0.3922 0.1961 26.7426 2.0000 
3574 3575 35 -0.6865 -0.8683 -24.8318 -0.7270 -0.8582 -25.0273 0.0804 0.2000 0.4314 0.3922 0.1961 26.8848 2.0000 
3575 3576 35 -0.7270 -0.8582 -25.0273 -0.7810 -0.8727 -25.2194 0.0804 0.2000 0.4314 0.3922 0.1961 27.0285 2.0000 
3576 3577 35 -0.7810 -0.8727 -25.2194 -0.8353 -0.8805 -25.4117 0.0804 0.2000 0.4314 0.3922 0.1961 27.1737 2.0000 
3577 3578 35 -0.8353 -0.8805 -25.4117 -0.9011 -0.8725 -25.6004 0.0804 0.2000 0.4314 0.3922 0.1961 27.3205 2.0000 
3578 3579 35 -0.9011 -0.8725 -25.6004 -0.9660 -0.8652 -25.7894 0.0804 0.2000 0.4314 0.3922 0.1961 27.4688 2.0000 
3579 3580 35 -0.9660 -0.8652 -25.7894 -1.0383 -0.8721 -25.9758 0.0804 0.2000 0.4314 0.3922 0.1961 27.6188 2.0000 
3580 3581 35 -1.0383 -0.8721 -25.9758 -1.0981 -0.8804 -26.1665 0.0804 0.2000 0.4314 0.3922 0.1961 27.7705 2.0000 
3581 3582 35 -1.0981 -0.8804 -26.1665 -1.1353 -0.8532 -26.3611 0.0804 0.2000 0.4314 0.3922 0.1961 27.9238 2.0000 
3582 3583 35 -1.1353 -0.8532 -26.3611 -1.1873 -0.8385 -26.5536 0.0804 0.2000 0.4314 0.3922 0.1961 28.0789 2.0000 
3583 3584 35 -1.1873 -0.8385 -26.5536 -1.2518 -0.8296 -26.7427 0.0804 0.2000 0.4314 0.3922 0.1961 28.2358 2.0000 
3584 3585 35 -1.2518 -0.8296 -26.7427 -1.3055 -0.8354 -26.9353 0.0804 0.2000 0.4314 0.3922 0.1961 28.3944 2.0000 
3585 3586 35 -1.3055 -0.8354 -26.9353 -1.3589 -0.8412 -27.1280 0.0804 0.2000 0.4314 0.3922 0.1961 28.5550 2.0000 
3586 3587 35 -1.3589 -0.8412 -27.1280 -1.3926 -0.8621 -27.3240 0.0804 0.2000 0.4314 0.3922 0.1961 28.7174 2.0000 
3587 3588 35 -1.3926 -0.8621 -27.3240 -1.4228 -0.9026 -27.5175 0.0804 0.2000 0.4314 0.3922 0.1961 28.8818 2.0000 
3588 3589 35 -1.4228 -0.9026 -27.5175 -1.4536 -0.9389 -27.7118 0.0804 0.2000 0.4314 0.3922 0.1961 29.0482 2.0000 
3589 3590 35 -1.4536 -0.9389 -27.7118 -1.4893 -0.9524 -27.9081 0.0804 0.2000 0.4314 0.3922 0.1961 29.2167 2.0000 
3590 3591 35 -1.4893 -0.9524 -27.9081 -1.5119 -0.9411 -28.1065 0.0804 0.2000 0.4314 0.3922 0.1961 29.3872 2.0000 
3591 3592 35 -1.5119 -0.9411 -28.1065 -1.5333 -0.9288 -28.3050 0.0804 0.2000 0.4314 0.3922 0.1961 29.5599 2.0000 
3592 3593 35 -1.5333 -0.9288 -28.3050 -1.5359 -0.9255 -28.5049 0.0804 0.2000 0.4314 0.3922 0.1961 29.7348 2.0000 
3593 3594 35 -1.5359 -0.9255 -28.5049 -1.4986 -0.9139 -28.7011 0.0804 0.2000 0.4314 0.3922 0.1961 29.9120 2.0000 
3594 3595 35 -1.4986 -0.9139 -28.7011 -1.4795 -0.9096 -28.7975 0.0804 0.0984 0.4314 0.3922 0.1961 30.0000 2.0000 
89 3596 36 -0.0597 0.0645 -16.9360 0.1088 0.1559 -16.9930 0.0573 0.2000 0.4314 0.3922 0.1961 22.1125 2.0000 
3596 3597 36 0.1088 0.1559 -16.9930 0.2769 0.2565 -17.0333 0.0573 0.2000 0.4314 0.3922 0.1961 22.2120 2.0000 
3597 3598 36 0.2769 0.2565 -17.0333 0.4275 0.3796 -17.0798 0.0573 0.2000 0.4314 0.3922 0.1961 22.3122 2.0000 
3598 3599 36 0.4275 0.3796 -17.0798 0.5825 0.4940 -17.1335 0.0573 0.2000 0.4314 0.3922 0.1961 22.4132 2.0000 
3599 3600 36 0.5825 0.4940 -17.1335 0.7512 0.5985 -17.1584 0.0573 0.2000 0.4314 0.3922 0.1961 22.5148 2.0000 
3600 3601 36 0.7512 0.5985 -17.1584 0.9094 0.7086 -17.2119 0.0573 0.2000 0.4314 0.3922 0.1961 22.6172 2.0000 
3601 3602 36 0.9094 0.7086 -17.2119 1.0626 0.8246 -17.2673 0.0573 0.2000 0.4314 0.3922 0.1961 22.7203 2.0000 
3602 3603 36 1.0626 0.8246 -17.2673 1.1956 0.9601 -17.3303 0.0573 0.2000 0.4314 0.3922 0.1961 22.8242 2.0000 
3603 3604 36 1.1956 0.9601 -17.3303 1.3034 1.1079 -17.4111 0.0573 0.2000 0.4314 0.3922 0.1961 22.9288 2.0000 
3604 3605 36 1.3034 1.1079 -17.4111 1.3882 1.2750 -17.4810 0.0573 0.2000 0.4314 0.3922 0.1961 23.0342 2.0000 
3605 3606 36 1.3882 1.2750 -17.4810 1.4690 1.4452 -17.5481 0.0573 0.2000 0.4314 0.3922 0.1961 23.1403 2.0000 
3606 3607 36 1.4690 1.4452 -17.5481 1.5471 1.6048 -17.6398 0.0573 0.2000 0.4314 0.3922 0.1961 23.2473 2.0000 
3607 3608 36 1.5471 1.6048 -17.6398 1.6546 1.7387 -17.7424 0.0573 0.2000 0.4314 0.3922 0.1961 23.3551 2.0000 
3608 3609 36 1.6546 1.7387 -17.7424 1.7426 1.8766 -17.8574 0.0573 0.2000 0.4314 0.3922 0.1961 23.4636 2.0000 
3609 3610 36 1.7426 1.8766 -17.8574 1.8250 2.0135 -17.9777 0.0573 0.2000 0.4314 0.3922 0.1961 23.5730 2.0000 
3610 3611 36 1.8250 2.0135 -17.9777 1.9089 2.1512 -18.0960 0.0573 0.2000 0.4314 0.3922 0.1961 23.6833 2.0000 
3611 3612 36 1.9089 2.1512 -18.0960 1.9880 2.2857 -18.2212 0.0573 0.2000 0.4314 0.3922 0.1961 23.7944 2.0000 
3612 3613 36 1.9880 2.2857 -18.2212 2.0594 2.4366 -18.3314 0.0573 0.2000 0.4314 0.3922 0.1961 23.9063 2.0000 
3613 3614 36 2.0594 2.4366 -18.3314 2.1468 2.5850 -18.4330 0.0573 0.2000 0.4314 0.3922 0.1961 24.0192 2.0000 
3614 3615 36 2.1468 2.5850 -18.4330 2.2340 2.7311 -18.5381 0.0573 0.2000 0.4314 0.3922 0.1961 24.1329 2.0000 
3615 3616 36 2.2340 2.7311 -18.5381 2.3259 2.8790 -18.6365 0.0573 0.2000 0.4314 0.3922 0.1961 24.2476 2.0000 
3616 3617 36 2.3259 2.8790 -18.6365 2.3993 3.0216 -18.7560 0.0573 0.2000 0.4314 0.3922 0.1961 24.3631 2.0000 
3617 3618 36 2.3993 3.0216 -18.7560 2.4550 3.1663 -18.8823 0.0573 0.2000 0.4314 0.3922 0.1961 24.4796 2.0000 
3618 3619 36 2.4550 3.1663 -18.8823 2.4912 3.3180 -19.0076 0.0573 0.2000 0.4314 0.3922 0.1961 24.5971 2.0000 
3619 3620 36 2.4912 3.3180 -19.0076 2.5081 3.4691 -19.1375 0.0573 0.2000 0.4314 0.3922 0.1961 24.7155 2.0000 
3620 3621 36 2.5081 3.4691 -19.1375 2.5121 3.6161 -19.2731 0.0573 0.2000 0.4314 0.3922 0.1961 24.8350 2.0000 
3621 3622 36 2.5121 3.6161 -19.2731 2.5389 3.7611 -19.4081 0.0573 0.2000 0.4314 0.3922 0.1961 24.9554 2.0000 
3622 3623 36 2.5389 3.7611 -19.4081 2.5564 3.9015 -19.5495 0.0573 0.2000 0.4314 0.3922 0.1961 25.0768 2.0000 
3623 3624 36 2.5564 3.9015 -19.5495 2.5638 4.0228 -19.7084 0.0573 0.2000 0.4314 0.3922 0.1961 25.1993 2.0000 
3624 3625 36 2.5638 4.0228 -19.7084 2.5708 4.1509 -19.8618 0.0573 0.2000 0.4314 0.3922 0.1961 25.3228 2.0000 
3625 3626 36 2.5708 4.1509 -19.8618 2.5925 4.2814 -20.0118 0.0573 0.2000 0.4314 0.3922 0.1961 25.4474 2.0000 
3626 3627 36 2.5925 4.2814 -20.0118 2.6388 4.4013 -20.1650 0.0573 0.2000 0.4314 0.3922 0.1961 25.5731 2.0000 
3627 3628 36 2.6388 4.4013 -20.1650 2.6756 4.5347 -20.3094 0.0573 0.2000 0.4314 0.3922 0.1961 25.6999 2.0000 
3628 3629 36 2.6756 4.5347 -20.3094 2.7398 4.6639 -20.4479 0.0573 0.2000 0.4314 0.3922 0.1961 25.8278 2.0000 
3629 3630 36 2.7398 4.6639 -20.4479 2.7706 4.8047 -20.5866 0.0573 0.2000 0.4314 0.3922 0.1961 25.9569 2.0000 
3630 3631 36 2.7706 4.8047 -20.5866 2.7808 4.9271 -20.7444 0.0573 0.2000 0.4314 0.3922 0.1961 26.0872 2.0000 
3631 3632 36 2.7808 4.9271 -20.7444 2.7753 5.0208 -20.9210 0.0573 0.2000 0.4314 0.3922 0.1961 26.2186 2.0000 
3632 3633 36 2.7753 5.0208 -20.9210 2.7603 5.0624 -21.1161 0.0573 0.2000 0.4314 0.3922 0.1961 26.3513 2.0000 
3633 3634 36 2.7603 5.0624 -21.1161 2.7543 5.0996 -21.3125 0.0573 0.2000 0.4314 0.3922 0.1961 26.4852 2.0000 
3634 3635 36 2.7543 5.0996 -21.3125 2.7282 5.1140 -21.5103 0.0573 0.2000 0.4314 0.3922 0.1961 26.6203 2.0000 
3635 3636 36 2.7282 5.1140 -21.5103 2.7074 5.1403 -21.7074 0.0573 0.2000 0.4314 0.3922 0.1961 26.7568 2.0000 
3636 3637 36 2.7074 5.1403 -21.7074 2.6863 5.1357 -21.9063 0.0573 0.2000 0.4314 0.3922 0.1961 26.8945 2.0000 
3637 3638 36 2.6863 5.1357 -21.9063 2.6289 5.1293 -22.0977 0.0573 0.2000 0.4314 0.3922 0.1961 27.0336 2.0000 
3638 3639 36 2.6289 5.1293 -22.0977 2.5840 5.0927 -22.2892 0.0573 0.2000 0.4314 0.3922 0.1961 27.1741 2.0000 
3639 3640 36 2.5840 5.0927 -22.2892 2.5395 5.0736 -22.4832 0.0573 0.2000 0.4314 0.3922 0.1961 27.3159 2.0000 
3640 3641 36 2.5395 5.0736 -22.4832 2.4845 5.0720 -22.6755 0.0573 0.2000 0.4314 0.3922 0.1961 27.4592 2.0000 
3641 3642 36 2.4845 5.0720 -22.6755 2.4237 5.0606 -22.8657 0.0573 0.2000 0.4314 0.3922 0.1961 27.6039 2.0000 
3642 3643 36 2.4237 5.0606 -22.8657 2.3613 5.0536 -23.0555 0.0573 0.2000 0.4314 0.3922 0.1961 27.7501 2.0000 
3643 3644 36 2.3613 5.0536 -23.0555 2.2925 5.0056 -23.2371 0.0573 0.2000 0.4314 0.3922 0.1961 27.8977 2.0000 
3644 3645 36 2.2925 5.0056 -23.2371 2.2478 4.9796 -23.4303 0.0573 0.2000 0.4314 0.3922 0.1961 28.0470 2.0000 
3645 3646 36 2.2478 4.9796 -23.4303 2.1932 4.9275 -23.6155 0.0573 0.2000 0.4314 0.3922 0.1961 28.1977 2.0000 
3646 3647 36 2.1932 4.9275 -23.6155 2.1417 4.8667 -23.7990 0.0573 0.2000 0.4314 0.3922 0.1961 28.3501 2.0000 
3647 3648 36 2.1417 4.8667 -23.7990 2.1070 4.8309 -23.9927 0.0573 0.2000 0.4314 0.3922 0.1961 28.5041 2.0000 
3648 3649 36 2.1070 4.8309 -23.9927 2.0660 4.8103 -24.1873 0.0573 0.2000 0.4314 0.3922 0.1961 28.6598 2.0000 
3649 3650 36 2.0660 4.8103 -24.1873 2.0252 4.7901 -24.3821 0.0573 0.2000 0.4314 0.3922 0.1961 28.8172 2.0000 
3650 3651 36 2.0252 4.7901 -24.3821 2.0019 4.7852 -24.5806 0.0573 0.2000 0.4314 0.3922 0.1961 28.9764 2.0000 
3651 3652 36 2.0019 4.7852 -24.5806 1.9801 4.7725 -24.7791 0.0573 0.2000 0.4314 0.3922 0.1961 29.1373 2.0000 
3652 3653 36 1.9801 4.7725 -24.7791 1.9526 4.7173 -24.9693 0.0573 0.2000 0.4314 0.3922 0.1961 29.3000 2.0000 
3653 3654 36 1.9526 4.7173 -24.9693 1.9252 4.6650 -25.1604 0.0573 0.2000 0.4314 0.3922 0.1961 29.4647 2.0000 
3654 3655 36 1.9252 4.6650 -25.1604 1.8980 4.6130 -25.3516 0.0573 0.2000 0.4314 0.3922 0.1961 29.6312 2.0000 
3655 3656 36 1.8980 4.6130 -25.3516 1.8890 4.5851 -25.5494 0.0573 0.2000 0.4314 0.3922 0.1961 29.7997 2.0000 
3656 3657 36 1.8890 4.5851 -25.5494 1.8868 4.5949 -25.7492 0.0573 0.2000 0.4314 0.3922 0.1961 29.9702 2.0000 
3657 3658 36 1.8868 4.5949 -25.7492 1.8862 4.5964 -25.7839 0.0573 0.0348 0.4314 0.3922 0.1961 30.0000 2.0000 
92 3659 37 -0.0499 0.1378 -17.3440 -0.0246 -0.0287 -17.4519 0.0580 0.2000 0.4314 0.3922 0.1961 22.6488 2.0000 
3659 3660 37 -0.0246 -0.0287 -17.4519 -0.0180 -0.2135 -17.5281 0.0580 0.2000 0.4314 0.3922 0.1961 22.7458 2.0000 
3660 3661 37 -0.0180 -0.2135 -17.5281 -0.0119 -0.3945 -17.6130 0.0580 0.2000 0.4314 0.3922 0.1961 22.8434 2.0000 
3661 3662 37 -0.0119 -0.3945 -17.6130 -0.0530 -0.5591 -17.7188 0.0580 0.2000 0.4314 0.3922 0.1961 22.9417 2.0000 
3662 3663 37 -0.0530 -0.5591 -17.7188 -0.0762 -0.7098 -17.8482 0.0580 0.2000 0.4314 0.3922 0.1961 23.0407 2.0000 
3663 3664 37 -0.0762 -0.7098 -17.8482 -0.0926 -0.8516 -17.9883 0.0580 0.2000 0.4314 0.3922 0.1961 23.1404 2.0000 
3664 3665 37 -0.0926 -0.8516 -17.9883 -0.1098 -0.9937 -18.1280 0.0580 0.2000 0.4314 0.3922 0.1961 23.2408 2.0000 
3665 3666 37 -0.1098 -0.9937 -18.1280 -0.1482 -1.1384 -18.2607 0.0580 0.2000 0.4314 0.3922 0.1961 23.3419 2.0000 
3666 3667 37 -0.1482 -1.1384 -18.2607 -0.1641 -1.2724 -18.4083 0.0580 0.2000 0.4314 0.3922 0.1961 23.4438 2.0000 
3667 3668 37 -0.1641 -1.2724 -18.4083 -0.1963 -1.4176 -18.5420 0.0580 0.2000 0.4314 0.3922 0.1961 23.5463 2.0000 
3668 3669 37 -0.1963 -1.4176 -18.5420 -0.2012 -1.5639 -18.6783 0.0580 0.2000 0.4314 0.3922 0.1961 23.6497 2.0000 
3669 3670 37 -0.2012 -1.5639 -18.6783 -0.2078 -1.7082 -18.8166 0.0580 0.2000 0.4314 0.3922 0.1961 23.7537 2.0000 
3670 3671 37 -0.2078 -1.7082 -18.8166 -0.2214 -1.8469 -18.9601 0.0580 0.2000 0.4314 0.3922 0.1961 23.8586 2.0000 
3671 3672 37 -0.2214 -1.8469 -18.9601 -0.2634 -1.9523 -19.1248 0.0580 0.2000 0.4314 0.3922 0.1961 23.9642 2.0000 
3672 3673 37 -0.2634 -1.9523 -19.1248 -0.3182 -2.0544 -19.2878 0.0580 0.2000 0.4314 0.3922 0.1961 24.0706 2.0000 
3673 3674 37 -0.3182 -2.0544 -19.2878 -0.3750 -2.1556 -19.4507 0.0580 0.2000 0.4314 0.3922 0.1961 24.1778 2.0000 
3674 3675 37 -0.3750 -2.1556 -19.4507 -0.4451 -2.2496 -19.6127 0.0580 0.2000 0.4314 0.3922 0.1961 24.2858 2.0000 
3675 3676 37 -0.4451 -2.2496 -19.6127 -0.5072 -2.3465 -19.7763 0.0580 0.2000 0.4314 0.3922 0.1961 24.3947 2.0000 
3676 3677 37 -0.5072 -2.3465 -19.7763 -0.5650 -2.4023 -19.9594 0.0580 0.2000 0.4314 0.3922 0.1961 24.5043 2.0000 
3677 3678 37 -0.5650 -2.4023 -19.9594 -0.6538 -2.4621 -20.1284 0.0580 0.2000 0.4314 0.3922 0.1961 24.6149 2.0000 
3678 3679 37 -0.6538 -2.4621 -20.1284 -0.7450 -2.5200 -20.2967 0.0580 0.2000 0.4314 0.3922 0.1961 24.7263 2.0000 
3679 3680 37 -0.7450 -2.5200 -20.2967 -0.8360 -2.5790 -20.4647 0.0580 0.2000 0.4314 0.3922 0.1961 24.8386 2.0000 
3680 3681 37 -0.8360 -2.5790 -20.4647 -0.9419 -2.6422 -20.6222 0.0580 0.2000 0.4314 0.3922 0.1961 24.9517 2.0000 
3681 3682 37 -0.9419 -2.6422 -20.6222 -1.0883 -2.7187 -20.7349 0.0580 0.2000 0.4314 0.3922 0.1961 25.0658 2.0000 
3682 3683 37 -1.0883 -2.7187 -20.7349 -1.2300 -2.8027 -20.8484 0.0580 0.2000 0.4314 0.3922 0.1961 25.1808 2.0000 
3683 3684 37 -1.2300 -2.8027 -20.8484 -1.3603 -2.8882 -20.9737 0.0580 0.2000 0.4314 0.3922 0.1961 25.2968 2.0000 
3684 3685 37 -1.3603 -2.8882 -20.9737 -1.4867 -2.9738 -21.1028 0.0580 0.2000 0.4314 0.3922 0.1961 25.4137 2.0000 
3685 3686 37 -1.4867 -2.9738 -21.1028 -1.5968 -3.0206 -21.2631 0.0580 0.2000 0.4314 0.3922 0.1961 25.5315 2.0000 
3686 3687 37 -1.5968 -3.0206 -21.2631 -1.7068 -3.0679 -21.4234 0.0580 0.2000 0.4314 0.3922 0.1961 25.6504 2.0000 
3687 3688 37 -1.7068 -3.0679 -21.4234 -1.8182 -3.1143 -21.5829 0.0580 0.2000 0.4314 0.3922 0.1961 25.7702 2.0000 
3688 3689 37 -1.8182 -3.1143 -21.5829 -1.9107 -3.1467 -21.7572 0.0580 0.2000 0.4314 0.3922 0.1961 25.8911 2.0000 
3689 3690 37 -1.9107 -3.1467 -21.7572 -1.9697 -3.1682 -21.9471 0.0580 0.2000 0.4314 0.3922 0.1961 26.0130 2.0000 
3690 3691 37 -1.9697 -3.1682 -21.9471 -2.0150 -3.1700 -22.1419 0.0580 0.2000 0.4314 0.3922 0.1961 26.1360 2.0000 
3691 3692 37 -2.0150 -3.1700 -22.1419 -2.0616 -3.1694 -22.3364 0.0580 0.2000 0.4314 0.3922 0.1961 26.2600 2.0000 
3692 3693 37 -2.0616 -3.1694 -22.3364 -2.1011 -3.1685 -22.5324 0.0580 0.2000 0.4314 0.3922 0.1961 26.3851 2.0000 
3693 3694 37 -2.1011 -3.1685 -22.5324 -2.1599 -3.1900 -22.7224 0.0580 0.2000 0.4314 0.3922 0.1961 26.5114 2.0000 
3694 3695 37 -2.1599 -3.1900 -22.7224 -2.2521 -3.1978 -22.8997 0.0580 0.2000 0.4314 0.3922 0.1961 26.6387 2.0000 
3695 3696 37 -2.2521 -3.1978 -22.8997 -2.3357 -3.2154 -23.0805 0.0580 0.2000 0.4314 0.3922 0.1961 26.7673 2.0000 
3696 3697 37 -2.3357 -3.2154 -23.0805 -2.4160 -3.2635 -23.2572 0.0580 0.2000 0.4314 0.3922 0.1961 26.8969 2.0000 
3697 3698 37 -2.4160 -3.2635 -23.2572 -2.4944 -3.3132 -23.4344 0.0580 0.2000 0.4314 0.3922 0.1961 27.0278 2.0000 
3698 3699 37 -2.4944 -3.3132 -23.4344 -2.5551 -3.3399 -23.6231 0.0580 0.2000 0.4314 0.3922 0.1961 27.1599 2.0000 
3699 3700 37 -2.5551 -3.3399 -23.6231 -2.6075 -3.3720 -23.8134 0.0580 0.2000 0.4314 0.3922 0.1961 27.2933 2.0000 
3700 3701 37 -2.6075 -3.3720 -23.8134 -2.6644 -3.4026 -24.0027 0.0580 0.2000 0.4314 0.3922 0.1961 27.4279 2.0000 
3701 3702 37 -2.6644 -3.4026 -24.0027 -2.6886 -3.4352 -24.1985 0.0580 0.2000 0.4314 0.3922 0.1961 27.5637 2.0000 
3702 3703 37 -2.6886 -3.4352 -24.1985 -2.7057 -3.4588 -24.3964 0.0580 0.2000 0.4314 0.3922 0.1961 27.7009 2.0000 
3703 3704 37 -2.7057 -3.4588 -24.3964 -2.7051 -3.4620 -24.5964 0.0580 0.2000 0.4314 0.3922 0.1961 27.8395 2.0000 
3704 3705 37 -2.7051 -3.4620 -24.5964 -2.7073 -3.4641 -24.7963 0.0580 0.2000 0.4314 0.3922 0.1961 27.9793 2.0000 
3705 3706 37 -2.7073 -3.4641 -24.7963 -2.7076 -3.4656 -24.9963 0.0580 0.2000 0.4314 0.3922 0.1961 28.1206 2.0000 
3706 3707 37 -2.7076 -3.4656 -24.9963 -2.7165 -3.4569 -25.1959 0.0580 0.2000 0.4314 0.3922 0.1961 28.2633 2.0000 
3707 3708 37 -2.7165 -3.4569 -25.1959 -2.7666 -3.4478 -25.3894 0.0580 0.2000 0.4314 0.3922 0.1961 28.4075 2.0000 
3708 3709 37 -2.7666 -3.4478 -25.3894 -2.8248 -3.4392 -25.5805 0.0580 0.2000 0.4314 0.3922 0.1961 28.5531 2.0000 
3709 3710 37 -2.8248 -3.4392 -25.5805 -2.8766 -3.4308 -25.7735 0.0580 0.2000 0.4314 0.3922 0.1961 28.7002 2.0000 
3710 3711 37 -2.8766 -3.4308 -25.7735 -2.9256 -3.4145 -25.9667 0.0580 0.2000 0.4314 0.3922 0.1961 28.8489 2.0000 
3711 3712 37 -2.9256 -3.4145 -25.9667 -2.9739 -3.3984 -26.1601 0.0580 0.2000 0.4314 0.3922 0.1961 28.9991 2.0000 
3712 3713 37 -2.9739 -3.3984 -26.1601 -3.0230 -3.3874 -26.3537 0.0580 0.2000 0.4314 0.3922 0.1961 29.1509 2.0000 
3713 3714 37 -3.0230 -3.3874 -26.3537 -3.0702 -3.3804 -26.5479 0.0580 0.2000 0.4314 0.3922 0.1961 29.3044 2.0000 
3714 3715 37 -3.0702 -3.3804 -26.5479 -3.0970 -3.3877 -26.7460 0.0580 0.2000 0.4314 0.3922 0.1961 29.4596 2.0000 
3715 3716 37 -3.0970 -3.3877 -26.7460 -3.0992 -3.4131 -26.9443 0.0580 0.2000 0.4314 0.3922 0.1961 29.6164 2.0000 
3716 3717 37 -3.0992 -3.4131 -26.9443 -3.0986 -3.4366 -27.1429 0.0580 0.2000 0.4314 0.3922 0.1961 29.7750 2.0000 
3717 3718 37 -3.0986 -3.4366 -27.1429 -3.1067 -3.4563 -27.3418 0.0580 0.2000 0.4314 0.3922 0.1961 29.9354 2.0000 
3718 3719 37 -3.1067 -3.4563 -27.3418 -3.1086 -3.4730 -27.4199 0.0580 0.0799 0.4314 0.3922 0.1961 30.0000 2.0000 
94 3720 38 -0.1343 0.1495 -17.7305 -0.2790 0.2781 -17.7807 0.0751 0.2000 0.4314 0.3922 0.1961 23.1731 2.0000 
3720 3721 38 -0.2790 0.2781 -17.7807 -0.4223 0.4078 -17.8321 0.0751 0.2000 0.4314 0.3922 0.1961 23.2724 2.0000 
3721 3722 38 -0.4223 0.4078 -17.8321 -0.5557 0.5404 -17.9000 0.0751 0.2000 0.4314 0.3922 0.1961 23.3724 2.0000 
3722 3723 38 -0.5557 0.5404 -17.9000 -0.6895 0.6727 -17.9678 0.0751 0.2000 0.4314 0.3922 0.1961 23.4731 2.0000 
3723 3724 38 -0.6895 0.6727 -17.9678 -0.8180 0.8085 -18.0389 0.0751 0.2000 0.4314 0.3922 0.1961 23.5744 2.0000 
3724 3725 38 -0.8180 0.8085 -18.0389 -0.9127 0.9381 -18.1582 0.0751 0.2000 0.4314 0.3922 0.1961 23.6765 2.0000 
3725 3726 38 -0.9127 0.9381 -18.1582 -1.0091 1.0741 -18.2687 0.0751 0.2000 0.4314 0.3922 0.1961 23.7791 2.0000 
3726 3727 38 -1.0091 1.0741 -18.2687 -1.0911 1.2073 -18.3933 0.0751 0.2000 0.4314 0.3922 0.1961 23.8825 2.0000 
3727 3728 38 -1.0911 1.2073 -18.3933 -1.1851 1.3081 -18.5383 0.0751 0.2000 0.4314 0.3922 0.1961 23.9866 2.0000 
3728 3729 38 -1.1851 1.3081 -18.5383 -1.2816 1.4127 -18.6788 0.0751 0.2000 0.4314 0.3922 0.1961 24.0914 2.0000 
3729 3730 38 -1.2816 1.4127 -18.6788 -1.3859 1.5150 -18.8154 0.0751 0.2000 0.4314 0.3922 0.1961 24.1970 2.0000 
3730 3731 38 -1.3859 1.5150 -18.8154 -1.4502 1.6283 -18.9672 0.0751 0.2000 0.4314 0.3922 0.1961 24.3032 2.0000 
3731 3732 38 -1.4502 1.6283 -18.9672 -1.5156 1.7411 -19.1188 0.0751 0.2000 0.4314 0.3922 0.1961 24.4102 2.0000 
3732 3733 38 -1.5156 1.7411 -19.1188 -1.6102 1.8366 -19.2669 0.0751 0.2000 0.4314 0.3922 0.1961 24.5180 2.0000 
3733 3734 38 -1.6102 1.8366 -19.2669 -1.7120 1.9198 -19.4176 0.0751 0.2000 0.4314 0.3922 0.1961 24.6265 2.0000 
3734 3735 38 -1.7120 1.9198 -19.4176 -1.7755 2.0381 -19.5658 0.0751 0.2000 0.4314 0.3922 0.1961 24.7358 2.0000 
3735 3736 38 -1.7755 2.0381 -19.5658 -1.8725 2.1354 -19.7111 0.0751 0.2000 0.4314 0.3922 0.1961 24.8459 2.0000 
3736 3737 38 -1.8725 2.1354 -19.7111 -1.9648 2.2379 -19.8559 0.0751 0.2000 0.4314 0.3922 0.1961 24.9568 2.0000 
3737 3738 38 -1.9648 2.2379 -19.8559 -2.0501 2.3494 -19.9984 0.0751 0.2000 0.4314 0.3922 0.1961 25.0685 2.0000 
3738 3739 38 -2.0501 2.3494 -19.9984 -2.1418 2.4527 -20.1430 0.0751 0.2000 0.4314 0.3922 0.1961 25.1810 2.0000 
3739 3740 38 -2.1418 2.4527 -20.1430 -2.2369 2.5560 -20.2855 0.0751 0.2000 0.4314 0.3922 0.1961 25.2944 2.0000 
3740 3741 38 -2.2369 2.5560 -20.2855 -2.3139 2.6698 -20.4308 0.0751 0.2000 0.4314 0.3922 0.1961 25.4086 2.0000 
3741 3742 38 -2.3139 2.6698 -20.4308 -2.3894 2.7946 -20.5677 0.0751 0.2000 0.4314 0.3922 0.1961 25.5237 2.0000 
3742 3743 38 -2.3894 2.7946 -20.5677 -2.4804 2.9136 -20.7001 0.0751 0.2000 0.4314 0.3922 0.1961 25.6396 2.0000 
3743 3744 38 -2.4804 2.9136 -20.7001 -2.5766 3.0206 -20.8391 0.0751 0.2000 0.4314 0.3922 0.1961 25.7564 2.0000 
3744 3745 38 -2.5766 3.0206 -20.8391 -2.6597 3.0716 -21.0137 0.0751 0.2000 0.4314 0.3922 0.1961 25.8742 2.0000 
3745 3746 38 -2.6597 3.0716 -21.0137 -2.7404 3.1251 -21.1887 0.0751 0.2000 0.4314 0.3922 0.1961 25.9928 2.0000 
3746 3747 38 -2.7404 3.1251 -21.1887 -2.8206 3.1736 -21.3654 0.0751 0.2000 0.4314 0.3922 0.1961 26.1124 2.0000 
3747 3748 38 -2.8206 3.1736 -21.3654 -2.8928 3.2279 -21.5438 0.0751 0.2000 0.4314 0.3922 0.1961 26.2329 2.0000 
3748 3749 38 -2.8928 3.2279 -21.5438 -2.9641 3.2853 -21.7217 0.0751 0.2000 0.4314 0.3922 0.1961 26.3543 2.0000 
3749 3750 38 -2.9641 3.2853 -21.7217 -3.0192 3.2969 -21.9136 0.0751 0.2000 0.4314 0.3922 0.1961 26.4768 2.0000 
3750 3751 38 -3.0192 3.2969 -21.9136 -3.0525 3.2807 -22.1101 0.0751 0.2000 0.4314 0.3922 0.1961 26.6002 2.0000 
3751 3752 38 -3.0525 3.2807 -22.1101 -3.0722 3.2980 -22.3084 0.0751 0.2000 0.4314 0.3922 0.1961 26.7246 2.0000 
3752 3753 38 -3.0722 3.2980 -22.3084 -3.0414 3.2978 -22.5060 0.0751 0.2000 0.4314 0.3922 0.1961 26.8501 2.0000 
3753 3754 38 -3.0414 3.2978 -22.5060 -3.0023 3.2987 -22.7021 0.0751 0.2000 0.4314 0.3922 0.1961 26.9766 2.0000 
3754 3755 38 -3.0023 3.2987 -22.7021 -3.0192 3.3307 -22.8988 0.0751 0.2000 0.4314 0.3922 0.1961 27.1041 2.0000 
3755 3756 38 -3.0192 3.3307 -22.8988 -3.0449 3.3553 -23.0956 0.0751 0.2000 0.4314 0.3922 0.1961 27.2327 2.0000 
3756 3757 38 -3.0449 3.3553 -23.0956 -3.0482 3.3538 -23.2956 0.0751 0.2000 0.4314 0.3922 0.1961 27.3625 2.0000 
3757 3758 38 -3.0482 3.3538 -23.2956 -3.0496 3.3668 -23.4952 0.0751 0.2000 0.4314 0.3922 0.1961 27.4933 2.0000 
3758 3759 38 -3.0496 3.3668 -23.4952 -3.0500 3.3873 -23.6941 0.0751 0.2000 0.4314 0.3922 0.1961 27.6252 2.0000 
3759 3760 38 -3.0500 3.3873 -23.6941 -3.0512 3.4148 -23.8922 0.0751 0.2000 0.4314 0.3922 0.1961 27.7583 2.0000 
3760 3761 38 -3.0512 3.4148 -23.8922 -3.0537 3.4438 -24.0901 0.0751 0.2000 0.4314 0.3922 0.1961 27.8926 2.0000 
3761 3762 38 -3.0537 3.4438 -24.0901 -3.1052 3.4621 -24.2825 0.0751 0.2000 0.4314 0.3922 0.1961 28.0281 2.0000 
3762 3763 38 -3.1052 3.4621 -24.2825 -3.1747 3.4490 -24.4695 0.0751 0.2000 0.4314 0.3922 0.1961 28.1647 2.0000 
3763 3764 38 -3.1747 3.4490 -24.4695 -3.2299 3.4930 -24.6567 0.0751 0.2000 0.4314 0.3922 0.1961 28.3027 2.0000 
3764 3765 38 -3.2299 3.4930 -24.6567 -3.2835 3.5386 -24.8439 0.0751 0.2000 0.4314 0.3922 0.1961 28.4418 2.0000 
3765 3766 38 -3.2835 3.5386 -24.8439 -3.3357 3.5560 -25.0361 0.0751 0.2000 0.4314 0.3922 0.1961 28.5823 2.0000 
3766 3767 38 -3.3357 3.5560 -25.0361 -3.3665 3.5701 -25.2333 0.0751 0.2000 0.4314 0.3922 0.1961 28.7240 2.0000 
3767 3768 38 -3.3665 3.5701 -25.2333 -3.3976 3.5832 -25.4304 0.0751 0.2000 0.4314 0.3922 0.1961 28.8671 2.0000 
3768 3769 38 -3.3976 3.5832 -25.4304 -3.4929 3.6218 -25.6019 0.0751 0.2000 0.4314 0.3922 0.1961 29.0115 2.0000 
3769 3770 38 -3.4929 3.6218 -25.6019 -3.5934 3.6584 -25.7710 0.0751 0.2000 0.4314 0.3922 0.1961 29.1573 2.0000 
3770 3771 38 -3.5934 3.6584 -25.7710 -3.6770 3.6971 -25.9485 0.0751 0.2000 0.4314 0.3922 0.1961 29.3045 2.0000 
3771 3772 38 -3.6770 3.6971 -25.9485 -3.7593 3.7352 -26.1267 0.0751 0.2000 0.4314 0.3922 0.1961 29.4531 2.0000 
3772 3773 38 -3.7593 3.7352 -26.1267 -3.8587 3.7453 -26.3000 0.0751 0.2000 0.4314 0.3922 0.1961 29.6032 2.0000 
3773 3774 38 -3.8587 3.7453 -26.3000 -3.9570 3.7576 -26.4737 0.0751 0.2000 0.4314 0.3922 0.1961 29.7548 2.0000 
3774 3775 38 -3.9570 3.7576 -26.4737 -4.0512 3.7959 -26.6460 0.0751 0.2000 0.4314 0.3922 0.1961 29.9079 2.0000 
3775 3776 38 -4.0512 3.7959 -26.6460 -4.1217 3.8262 -26.7373 0.0751 0.1193 0.4314 0.3922 0.1961 30.0000 2.0000 
97 3777 39 -0.2178 0.1844 -18.1348 -0.3826 0.0902 -18.1979 0.0806 0.2000 0.4314 0.3922 0.1961 23.7317 2.0000 
3777 3778 39 -0.3826 0.0902 -18.1979 -0.5666 0.0329 -18.2512 0.0806 0.2000 0.4314 0.3922 0.1961 23.8351 2.0000 
3778 3779 39 -0.5666 0.0329 -18.2512 -0.7451 -0.0401 -18.3043 0.0806 0.2000 0.4314 0.3922 0.1961 23.9392 2.0000 
3779 3780 39 -0.7451 -0.0401 -18.3043 -0.9241 -0.1117 -18.3575 0.0806 0.2000 0.4314 0.3922 0.1961 24.0440 2.0000 
3780 3781 39 -0.9241 -0.1117 -18.3575 -1.1034 -0.1691 -18.4251 0.0806 0.2000 0.4314 0.3922 0.1961 24.1496 2.0000 
3781 3782 39 -1.1034 -0.1691 -18.4251 -1.2865 -0.2028 -18.4981 0.0806 0.2000 0.4314 0.3922 0.1961 24.2559 2.0000 
3782 3783 39 -1.2865 -0.2028 -18.4981 -1.4686 -0.2372 -18.5733 0.0806 0.2000 0.4314 0.3922 0.1961 24.3629 2.0000 
3783 3784 39 -1.4686 -0.2372 -18.5733 -1.6553 -0.2590 -18.6416 0.0806 0.2000 0.4314 0.3922 0.1961 24.4707 2.0000 
3784 3785 39 -1.6553 -0.2590 -18.6416 -1.8227 -0.2946 -18.7450 0.0806 0.2000 0.4314 0.3922 0.1961 24.5793 2.0000 
3785 3786 39 -1.8227 -0.2946 -18.7450 -1.9931 -0.3247 -18.8453 0.0806 0.2000 0.4314 0.3922 0.1961 24.6887 2.0000 
3786 3787 39 -1.9931 -0.3247 -18.8453 -2.1620 -0.3567 -18.9475 0.0806 0.2000 0.4314 0.3922 0.1961 24.7988 2.0000 
3787 3788 39 -2.1620 -0.3567 -18.9475 -2.3325 -0.3872 -19.0475 0.0806 0.2000 0.4314 0.3922 0.1961 24.9098 2.0000 
3788 3789 39 -2.3325 -0.3872 -19.0475 -2.5046 -0.4013 -19.1485 0.0806 0.2000 0.4314 0.3922 0.1961 25.0216 2.0000 
3789 3790 39 -2.5046 -0.4013 -19.1485 -2.6646 -0.4258 -19.2660 0.0806 0.2000 0.4314 0.3922 0.1961 25.1342 2.0000 
3790 3791 39 -2.6646 -0.4258 -19.2660 -2.8174 -0.4669 -19.3882 0.0806 0.2000 0.4314 0.3922 0.1961 25.2476 2.0000 
3791 3792 39 -2.8174 -0.4669 -19.3882 -2.9462 -0.5020 -19.5372 0.0806 0.2000 0.4314 0.3922 0.1961 25.3619 2.0000 
3792 3793 39 -2.9462 -0.5020 -19.5372 -3.0653 -0.5633 -19.6857 0.0806 0.2000 0.4314 0.3922 0.1961 25.4771 2.0000 
3793 3794 39 -3.0653 -0.5633 -19.6857 -3.1851 -0.6104 -19.8388 0.0806 0.2000 0.4314 0.3922 0.1961 25.5932 2.0000 
3794 3795 39 -3.1851 -0.6104 -19.8388 -3.2780 -0.6526 -20.0108 0.0806 0.2000 0.4314 0.3922 0.1961 25.7101 2.0000 
3795 3796 39 -3.2780 -0.6526 -20.0108 -3.3715 -0.6987 -20.1815 0.0806 0.2000 0.4314 0.3922 0.1961 25.8280 2.0000 
3796 3797 39 -3.3715 -0.6987 -20.1815 -3.4622 -0.7540 -20.3509 0.0806 0.2000 0.4314 0.3922 0.1961 25.9468 2.0000 
3797 3798 39 -3.4622 -0.7540 -20.3509 -3.5515 -0.7980 -20.5244 0.0806 0.2000 0.4314 0.3922 0.1961 26.0665 2.0000 
3798 3799 39 -3.5515 -0.7980 -20.5244 -3.6242 -0.8748 -20.6941 0.0806 0.2000 0.4314 0.3922 0.1961 26.1872 2.0000 
3799 3800 39 -3.6242 -0.8748 -20.6941 -3.6947 -0.9254 -20.8743 0.0806 0.2000 0.4314 0.3922 0.1961 26.3088 2.0000 
3800 3801 39 -3.6947 -0.9254 -20.8743 -3.7634 -0.9671 -21.0575 0.0806 0.2000 0.4314 0.3922 0.1961 26.4315 2.0000 
3801 3802 39 -3.7634 -0.9671 -21.0575 -3.8383 -0.9828 -21.2423 0.0806 0.2000 0.4314 0.3922 0.1961 26.5551 2.0000 
3802 3803 39 -3.8383 -0.9828 -21.2423 -3.9113 -1.0149 -21.4257 0.0806 0.2000 0.4314 0.3922 0.1961 26.6797 2.0000 
3803 3804 39 -3.9113 -1.0149 -21.4257 -3.9674 -1.0268 -21.6173 0.0806 0.2000 0.4314 0.3922 0.1961 26.8054 2.0000 
3804 3805 39 -3.9674 -1.0268 -21.6173 -3.9454 -1.0793 -21.8090 0.0806 0.2000 0.4314 0.3922 0.1961 26.9322 2.0000 
3805 3806 39 -3.9454 -1.0793 -21.8090 -3.9243 -1.1325 -22.0007 0.0806 0.2000 0.4314 0.3922 0.1961 27.0600 2.0000 
3806 3807 39 -3.9243 -1.1325 -22.0007 -3.8962 -1.1815 -22.1925 0.0806 0.2000 0.4314 0.3922 0.1961 27.1888 2.0000 
3807 3808 39 -3.8962 -1.1815 -22.1925 -3.8559 -1.2255 -22.3834 0.0806 0.2000 0.4314 0.3922 0.1961 27.3188 2.0000 
3808 3809 39 -3.8559 -1.2255 -22.3834 -3.7867 -1.2810 -22.5626 0.0806 0.2000 0.4314 0.3922 0.1961 27.4500 2.0000 
3809 3810 39 -3.7867 -1.2810 -22.5626 -3.7181 -1.3353 -22.7425 0.0806 0.2000 0.4314 0.3922 0.1961 27.5822 2.0000 
3810 3811 39 -3.7181 -1.3353 -22.7425 -3.6309 -1.3606 -22.9207 0.0806 0.2000 0.4314 0.3922 0.1961 27.7156 2.0000 
3811 3812 39 -3.6309 -1.3606 -22.9207 -3.5390 -1.3730 -23.0979 0.0806 0.2000 0.4314 0.3922 0.1961 27.8503 2.0000 
3812 3813 39 -3.5390 -1.3730 -23.0979 -3.4411 -1.3702 -23.2723 0.0806 0.2000 0.4314 0.3922 0.1961 27.9861 2.0000 
3813 3814 39 -3.4411 -1.3702 -23.2723 -3.3650 -1.3546 -23.4566 0.0806 0.2000 0.4314 0.3922 0.1961 28.1231 2.0000 
3814 3815 39 -3.3650 -1.3546 -23.4566 -3.3035 -1.3786 -23.6454 0.0806 0.2000 0.4314 0.3922 0.1961 28.2614 2.0000 
3815 3816 39 -3.3035 -1.3786 -23.6454 -3.2454 -1.4161 -23.8330 0.0806 0.2000 0.4314 0.3922 0.1961 28.4010 2.0000 
3816 3817 39 -3.2454 -1.4161 -23.8330 -3.1826 -1.4455 -24.0206 0.0806 0.2000 0.4314 0.3922 0.1961 28.5418 2.0000 
3817 3818 39 -3.1826 -1.4455 -24.0206 -3.1034 -1.4676 -24.2029 0.0806 0.2000 0.4314 0.3922 0.1961 28.6840 2.0000 
3818 3819 39 -3.1034 -1.4676 -24.2029 -3.0210 -1.4894 -24.3839 0.0806 0.2000 0.4314 0.3922 0.1961 28.8276 2.0000 
3819 3820 39 -3.0210 -1.4894 -24.3839 -2.9599 -1.5427 -24.5667 0.0806 0.2000 0.4314 0.3922 0.1961 28.9725 2.0000 
3820 3821 39 -2.9599 -1.5427 -24.5667 -2.8943 -1.6059 -24.7447 0.0806 0.2000 0.4314 0.3922 0.1961 29.1188 2.0000 
3821 3822 39 -2.8943 -1.6059 -24.7447 -2.8598 -1.6717 -24.9304 0.0806 0.2000 0.4314 0.3922 0.1961 29.2665 2.0000 
3822 3823 39 -2.8598 -1.6717 -24.9304 -2.8291 -1.7341 -25.1179 0.0806 0.2000 0.4314 0.3922 0.1961 29.4157 2.0000 
3823 3824 39 -2.8291 -1.7341 -25.1179 -2.8109 -1.8088 -25.3026 0.0806 0.2000 0.4314 0.3922 0.1961 29.5664 2.0000 
3824 3825 39 -2.8109 -1.8088 -25.3026 -2.7926 -1.8837 -25.4871 0.0806 0.2000 0.4314 0.3922 0.1961 29.7185 2.0000 
3825 3826 39 -2.7926 -1.8837 -25.4871 -2.7789 -1.9580 -25.6723 0.0806 0.2000 0.4314 0.3922 0.1961 29.8723 2.0000 
3826 3827 39 -2.7789 -1.9580 -25.6723 -2.7521 -2.0099 -25.8262 0.0806 0.1646 0.4314 0.3922 0.1961 30.0000 2.0000 
100 3828 40 -0.2962 0.1562 -18.5282 -0.1936 0.2860 -18.6406 0.0798 0.2000 0.4314 0.3922 0.1961 24.2708 2.0000 
3828 3829 40 -0.1936 0.2860 -18.6406 -0.1229 0.4337 -18.7555 0.0798 0.2000 0.4314 0.3922 0.1961 24.3663 2.0000 
3829 3830 40 -0.1229 0.4337 -18.7555 -0.0115 0.5351 -18.8870 0.0798 0.2000 0.4314 0.3922 0.1961 24.4625 2.0000 
3830 3831 40 -0.0115 0.5351 -18.8870 0.0950 0.6535 -19.0080 0.0798 0.2000 0.4314 0.3922 0.1961 24.5593 2.0000 
3831 3832 40 0.0950 0.6535 -19.0080 0.2024 0.7737 -19.1264 0.0798 0.2000 0.4314 0.3922 0.1961 24.6569 2.0000 
3832 3833 40 0.2024 0.7737 -19.1264 0.3196 0.8923 -19.2369 0.0798 0.2000 0.4314 0.3922 0.1961 24.7551 2.0000 
3833 3834 40 0.3196 0.8923 -19.2369 0.4339 1.0121 -19.3490 0.0798 0.2000 0.4314 0.3922 0.1961 24.8541 2.0000 
3834 3835 40 0.4339 1.0121 -19.3490 0.5488 1.1310 -19.4615 0.0798 0.2000 0.4314 0.3922 0.1961 24.9538 2.0000 
3835 3836 40 0.5488 1.1310 -19.4615 0.6779 1.2378 -19.5708 0.0798 0.2000 0.4314 0.3922 0.1961 25.0542 2.0000 
3836 3837 40 0.6779 1.2378 -19.5708 0.8052 1.3416 -19.6848 0.0798 0.2000 0.4314 0.3922 0.1961 25.1553 2.0000 
3837 3838 40 0.8052 1.3416 -19.6848 0.9335 1.4044 -19.8249 0.0798 0.2000 0.4314 0.3922 0.1961 25.2572 2.0000 
3838 3839 40 0.9335 1.4044 -19.8249 1.0621 1.4666 -19.9648 0.0798 0.2000 0.4314 0.3922 0.1961 25.3599 2.0000 
3839 3840 40 1.0621 1.4666 -19.9648 1.1947 1.5288 -20.1010 0.0798 0.2000 0.4314 0.3922 0.1961 25.4633 2.0000 
3840 3841 40 1.1947 1.5288 -20.1010 1.3182 1.6260 -20.2248 0.0798 0.2000 0.4314 0.3922 0.1961 25.5675 2.0000 
3841 3842 40 1.3182 1.6260 -20.2248 1.4269 1.7312 -20.3555 0.0798 0.2000 0.4314 0.3922 0.1961 25.6725 2.0000 
3842 3843 40 1.4269 1.7312 -20.3555 1.5358 1.8371 -20.4856 0.0798 0.2000 0.4314 0.3922 0.1961 25.7783 2.0000 
3843 3844 40 1.5358 1.8371 -20.4856 1.6403 1.9317 -20.6276 0.0798 0.2000 0.4314 0.3922 0.1961 25.8850 2.0000 
3844 3845 40 1.6403 1.9317 -20.6276 1.7425 2.0329 -20.7665 0.0798 0.2000 0.4314 0.3922 0.1961 25.9924 2.0000 
3845 3846 40 1.7425 2.0329 -20.7665 1.8455 2.1305 -20.9075 0.0798 0.2000 0.4314 0.3922 0.1961 26.1007 2.0000 
3846 3847 40 1.8455 2.1305 -20.9075 1.9242 2.2354 -21.0585 0.0798 0.2000 0.4314 0.3922 0.1961 26.2099 2.0000 
3847 3848 40 1.9242 2.2354 -21.0585 1.9957 2.3232 -21.2233 0.0798 0.2000 0.4314 0.3922 0.1961 26.3200 2.0000 
3848 3849 40 1.9957 2.3232 -21.2233 2.0562 2.3727 -21.4074 0.0798 0.2000 0.4314 0.3922 0.1961 26.4309 2.0000 
3849 3850 40 2.0562 2.3727 -21.4074 2.1166 2.4217 -21.5917 0.0798 0.2000 0.4314 0.3922 0.1961 26.5427 2.0000 
3850 3851 40 2.1166 2.4217 -21.5917 2.2155 2.4298 -21.7653 0.0798 0.2000 0.4314 0.3922 0.1961 26.6555 2.0000 
3851 3852 40 2.2155 2.4298 -21.7653 2.3138 2.4371 -21.9393 0.0798 0.2000 0.4314 0.3922 0.1961 26.7692 2.0000 
3852 3853 40 2.3138 2.4371 -21.9393 2.4078 2.4260 -22.1155 0.0798 0.2000 0.4314 0.3922 0.1961 26.8838 2.0000 
3853 3854 40 2.4078 2.4260 -22.1155 2.5278 2.4440 -22.2745 0.0798 0.2000 0.4314 0.3922 0.1961 26.9994 2.0000 
3854 3855 40 2.5278 2.4440 -22.2745 2.6375 2.4689 -22.4399 0.0798 0.2000 0.4314 0.3922 0.1961 27.1160 2.0000 
3855 3856 40 2.6375 2.4689 -22.4399 2.7414 2.5136 -22.6048 0.0798 0.2000 0.4314 0.3922 0.1961 27.2336 2.0000 
3856 3857 40 2.7414 2.5136 -22.6048 2.8376 2.5636 -22.7729 0.0798 0.2000 0.4314 0.3922 0.1961 27.3522 2.0000 
3857 3858 40 2.8376 2.5636 -22.7729 2.9607 2.6028 -22.9255 0.0798 0.2000 0.4314 0.3922 0.1961 27.4718 2.0000 
3858 3859 40 2.9607 2.6028 -22.9255 3.0830 2.6422 -23.0788 0.0798 0.2000 0.4314 0.3922 0.1961 27.5925 2.0000 
3859 3860 40 3.0830 2.6422 -23.0788 3.2068 2.6477 -23.2357 0.0798 0.2000 0.4314 0.3922 0.1961 27.7142 2.0000 
3860 3861 40 3.2068 2.6477 -23.2357 3.3252 2.6360 -23.3965 0.0798 0.2000 0.4314 0.3922 0.1961 27.8371 2.0000 
3861 3862 40 3.3252 2.6360 -23.3965 3.4280 2.5922 -23.5624 0.0798 0.2000 0.4314 0.3922 0.1961 27.9610 2.0000 
3862 3863 40 3.4280 2.5922 -23.5624 3.5267 2.5762 -23.7356 0.0798 0.2000 0.4314 0.3922 0.1961 28.0861 2.0000 
3863 3864 40 3.5267 2.5762 -23.7356 3.6292 2.5747 -23.9073 0.0798 0.2000 0.4314 0.3922 0.1961 28.2123 2.0000 
3864 3865 40 3.6292 2.5747 -23.9073 3.7448 2.5713 -24.0705 0.0798 0.2000 0.4314 0.3922 0.1961 28.3397 2.0000 
3865 3866 40 3.7448 2.5713 -24.0705 3.8314 2.5861 -24.2502 0.0798 0.2000 0.4314 0.3922 0.1961 28.4682 2.0000 
3866 3867 40 3.8314 2.5861 -24.2502 3.9458 2.5984 -24.4138 0.0798 0.2000 0.4314 0.3922 0.1961 28.5980 2.0000 
3867 3868 40 3.9458 2.5984 -24.4138 4.0567 2.6032 -24.5801 0.0798 0.2000 0.4314 0.3922 0.1961 28.7291 2.0000 
3868 3869 40 4.0567 2.6032 -24.5801 4.1600 2.6357 -24.7483 0.0798 0.2000 0.4314 0.3922 0.1961 28.8614 2.0000 
3869 3870 40 4.1600 2.6357 -24.7483 4.2102 2.6852 -24.9354 0.0798 0.2000 0.4314 0.3922 0.1961 28.9949 2.0000 
3870 3871 40 4.2102 2.6852 -24.9354 4.2757 2.7156 -25.1219 0.0798 0.2000 0.4314 0.3922 0.1961 29.1298 2.0000 
3871 3872 40 4.2757 2.7156 -25.1219 4.3106 2.7605 -25.3137 0.0798 0.2000 0.4314 0.3922 0.1961 29.2660 2.0000 
3872 3873 40 4.3106 2.7605 -25.3137 4.2890 2.7997 -25.5086 0.0798 0.2000 0.4314 0.3922 0.1961 29.4036 2.0000 
3873 3874 40 4.2890 2.7997 -25.5086 4.2822 2.8468 -25.7029 0.0798 0.2000 0.4314 0.3922 0.1961 29.5426 2.0000 
3874 3875 40 4.2822 2.8468 -25.7029 4.2722 2.9038 -25.8943 0.0798 0.2000 0.4314 0.3922 0.1961 29.6830 2.0000 
3875 3876 40 4.2722 2.9038 -25.8943 4.2421 2.9358 -26.0894 0.0798 0.2000 0.4314 0.3922 0.1961 29.8248 2.0000 
3876 3877 40 4.2421 2.9358 -26.0894 4.2388 2.9586 -26.2881 0.0798 0.2000 0.4314 0.3922 0.1961 29.9682 2.0000 
3877 3878 40 4.2388 2.9586 -26.2881 4.2387 2.9637 -26.3320 0.0798 0.0442 0.4314 0.3922 0.1961 30.0000 2.0000 
103 3879 41 -0.3521 0.1435 -18.9323 -0.5458 0.1429 -18.9819 0.0688 0.2000 0.4314 0.3922 0.1961 24.8383 2.0000 
3879 3880 41 -0.5458 0.1429 -18.9819 -0.7396 0.1427 -19.0312 0.0688 0.2000 0.4314 0.3922 0.1961 24.9397 2.0000 
3880 3881 41 -0.7396 0.1427 -19.0312 -0.9326 0.1526 -19.0830 0.0688 0.2000 0.4314 0.3922 0.1961 25.0416 2.0000 
3881 3882 41 -0.9326 0.1526 -19.0830 -1.1231 0.1630 -19.1429 0.0688 0.2000 0.4314 0.3922 0.1961 25.1442 2.0000 
3882 3883 41 -1.1231 0.1630 -19.1429 -1.3049 0.1853 -19.2231 0.0688 0.2000 0.4314 0.3922 0.1961 25.2475 2.0000 
3883 3884 41 -1.3049 0.1853 -19.2231 -1.4806 0.2099 -19.3155 0.0688 0.2000 0.4314 0.3922 0.1961 25.3514 2.0000 
3884 3885 41 -1.4806 0.2099 -19.3155 -1.6559 0.2442 -19.4054 0.0688 0.2000 0.4314 0.3922 0.1961 25.4560 2.0000 
3885 3886 41 -1.6559 0.2442 -19.4054 -1.7932 0.3314 -19.5218 0.0688 0.2000 0.4314 0.3922 0.1961 25.5612 2.0000 
3886 3887 41 -1.7932 0.3314 -19.5218 -1.8959 0.4455 -19.6501 0.0688 0.2000 0.4314 0.3922 0.1961 25.6671 2.0000 
3887 3888 41 -1.8959 0.4455 -19.6501 -2.0067 0.5440 -19.7843 0.0688 0.2000 0.4314 0.3922 0.1961 25.7738 2.0000 
3888 3889 41 -2.0067 0.5440 -19.7843 -2.1202 0.6425 -19.9162 0.0688 0.2000 0.4314 0.3922 0.1961 25.8811 2.0000 
3889 3890 41 -2.1202 0.6425 -19.9162 -2.2547 0.7352 -20.0316 0.0688 0.2000 0.4314 0.3922 0.1961 25.9891 2.0000 
3890 3891 41 -2.2547 0.7352 -20.0316 -2.3920 0.8053 -20.1590 0.0688 0.2000 0.4314 0.3922 0.1961 26.0978 2.0000 
3891 3892 41 -2.3920 0.8053 -20.1590 -2.5269 0.8642 -20.2945 0.0688 0.2000 0.4314 0.3922 0.1961 26.2073 2.0000 
3892 3893 41 -2.5269 0.8642 -20.2945 -2.6494 0.9008 -20.4482 0.0688 0.2000 0.4314 0.3922 0.1961 26.3175 2.0000 
3893 3894 41 -2.6494 0.9008 -20.4482 -2.7700 0.9144 -20.6072 0.0688 0.2000 0.4314 0.3922 0.1961 26.4284 2.0000 
3894 3895 41 -2.7700 0.9144 -20.6072 -2.8538 0.8902 -20.7872 0.0688 0.2000 0.4314 0.3922 0.1961 26.5401 2.0000 
3895 3896 41 -2.8538 0.8902 -20.7872 -2.9445 0.8493 -20.9607 0.0688 0.2000 0.4314 0.3922 0.1961 26.6526 2.0000 
3896 3897 41 -2.9445 0.8493 -20.9607 -3.0357 0.8370 -21.1383 0.0688 0.2000 0.4314 0.3922 0.1961 26.7658 2.0000 
3897 3898 41 -3.0357 0.8370 -21.1383 -3.1342 0.8190 -21.3114 0.0688 0.2000 0.4314 0.3922 0.1961 26.8799 2.0000 
3898 3899 41 -3.1342 0.8190 -21.3114 -3.2296 0.7924 -21.4851 0.0688 0.2000 0.4314 0.3922 0.1961 26.9947 2.0000 
3899 3900 41 -3.2296 0.7924 -21.4851 -3.3295 0.8037 -21.6581 0.0688 0.2000 0.4314 0.3922 0.1961 27.1103 2.0000 
3900 3901 41 -3.3295 0.8037 -21.6581 -3.4233 0.8179 -21.8341 0.0688 0.2000 0.4314 0.3922 0.1961 27.2268 2.0000 
3901 3902 41 -3.4233 0.8179 -21.8341 -3.5240 0.8492 -22.0040 0.0688 0.2000 0.4314 0.3922 0.1961 27.3441 2.0000 
3902 3903 41 -3.5240 0.8492 -22.0040 -3.6386 0.8909 -22.1626 0.0688 0.2000 0.4314 0.3922 0.1961 27.4622 2.0000 
3903 3904 41 -3.6386 0.8909 -22.1626 -3.7122 0.9494 -22.3391 0.0688 0.2000 0.4314 0.3922 0.1961 27.5812 2.0000 
3904 3905 41 -3.7122 0.9494 -22.3391 -3.7777 1.0144 -22.5166 0.0688 0.2000 0.4314 0.3922 0.1961 27.7011 2.0000 
3905 3906 41 -3.7777 1.0144 -22.5166 -3.8070 1.0823 -22.7024 0.0688 0.2000 0.4314 0.3922 0.1961 27.8218 2.0000 
3906 3907 41 -3.8070 1.0823 -22.7024 -3.8166 1.1538 -22.8889 0.0688 0.2000 0.4314 0.3922 0.1961 27.9435 2.0000 
3907 3908 41 -3.8166 1.1538 -22.8889 -3.8528 1.1992 -23.0803 0.0688 0.2000 0.4314 0.3922 0.1961 28.0660 2.0000 
3908 3909 41 -3.8528 1.1992 -23.0803 -3.9146 1.2098 -23.2702 0.0688 0.2000 0.4314 0.3922 0.1961 28.1895 2.0000 
3909 3910 41 -3.9146 1.2098 -23.2702 -3.9749 1.1926 -23.4601 0.0688 0.2000 0.4314 0.3922 0.1961 28.3139 2.0000 
3910 3911 41 -3.9749 1.1926 -23.4601 -4.0646 1.2130 -23.6377 0.0688 0.2000 0.4314 0.3922 0.1961 28.4393 2.0000 
3911 3912 41 -4.0646 1.2130 -23.6377 -4.1324 1.1927 -23.8248 0.0688 0.2000 0.4314 0.3922 0.1961 28.5656 2.0000 
3912 3913 41 -4.1324 1.1927 -23.8248 -4.2201 1.1823 -24.0042 0.0688 0.2000 0.4314 0.3922 0.1961 28.6929 2.0000 
3913 3914 41 -4.2201 1.1823 -24.0042 -4.3079 1.1749 -24.1838 0.0688 0.2000 0.4314 0.3922 0.1961 28.8212 2.0000 
3914 3915 41 -4.3079 1.1749 -24.1838 -4.4077 1.1773 -24.3571 0.0688 0.2000 0.4314 0.3922 0.1961 28.9505 2.0000 
3915 3916 41 -4.4077 1.1773 -24.3571 -4.5200 1.1761 -24.5226 0.0688 0.2000 0.4314 0.3922 0.1961 29.0809 2.0000 
3916 3917 41 -4.5200 1.1761 -24.5226 -4.5940 1.1432 -24.7054 0.0688 0.2000 0.4314 0.3922 0.1961 29.2123 2.0000 
3917 3918 41 -4.5940 1.1432 -24.7054 -4.6772 1.1046 -24.8832 0.0688 0.2000 0.4314 0.3922 0.1961 29.3447 2.0000 
3918 3919 41 -4.6772 1.1046 -24.8832 -4.7440 1.0693 -25.0683 0.0688 0.2000 0.4314 0.3922 0.1961 29.4783 2.0000 
3919 3920 41 -4.7440 1.0693 -25.0683 -4.8081 1.0324 -25.2542 0.0688 0.2000 0.4314 0.3922 0.1961 29.6129 2.0000 
3920 3921 41 -4.8081 1.0324 -25.2542 -4.8477 0.9522 -25.4330 0.0688 0.2000 0.4314 0.3922 0.1961 29.7487 2.0000 
3921 3922 41 -4.8477 0.9522 -25.4330 -4.8791 0.8644 -25.6100 0.0688 0.2000 0.4314 0.3922 0.1961 29.8855 2.0000 
3922 3923 41 -4.8791 0.8644 -25.6100 -4.8942 0.7911 -25.7581 0.0688 0.1660 0.4314 0.3922 0.1961 30.0000 2.0000 
105 3924 42 -0.4057 0.1267 -19.2958 -0.2631 0.0128 -19.3776 0.0544 0.2000 0.4314 0.3922 0.1961 25.3508 2.0000 
3924 3925 42 -0.2631 0.0128 -19.3776 -0.1056 -0.0691 -19.4697 0.0544 0.2000 0.4314 0.3922 0.1961 25.4506 2.0000 
3925 3926 42 -0.1056 -0.0691 -19.4697 0.0517 -0.1512 -19.5620 0.0544 0.2000 0.4314 0.3922 0.1961 25.5511 2.0000 
3926 3927 42 0.0517 -0.1512 -19.5620 0.2021 -0.2386 -19.6606 0.0544 0.2000 0.4314 0.3922 0.1961 25.6522 2.0000 
3927 3928 42 0.2021 -0.2386 -19.6606 0.3637 -0.3213 -19.7445 0.0544 0.2000 0.4314 0.3922 0.1961 25.7541 2.0000 
3928 3929 42 0.3637 -0.3213 -19.7445 0.5189 -0.4255 -19.8157 0.0544 0.2000 0.4314 0.3922 0.1961 25.8566 2.0000 
3929 3930 42 0.5189 -0.4255 -19.8157 0.6712 -0.5353 -19.8847 0.0544 0.2000 0.4314 0.3922 0.1961 25.9599 2.0000 
3930 3931 42 0.6712 -0.5353 -19.8847 0.8282 -0.6071 -19.9855 0.0544 0.2000 0.4314 0.3922 0.1961 26.0639 2.0000 
3931 3932 42 0.8282 -0.6071 -19.9855 0.9854 -0.6792 -20.0860 0.0544 0.2000 0.4314 0.3922 0.1961 26.1686 2.0000 
3932 3933 42 0.9854 -0.6792 -20.0860 1.1480 -0.7477 -20.1802 0.0544 0.2000 0.4314 0.3922 0.1961 26.2741 2.0000 
3933 3934 42 1.1480 -0.7477 -20.1802 1.3178 -0.8242 -20.2532 0.0544 0.2000 0.4314 0.3922 0.1961 26.3803 2.0000 
3934 3935 42 1.3178 -0.8242 -20.2532 1.5095 -0.8807 -20.2587 0.0544 0.2000 0.4314 0.3922 0.1961 26.4873 2.0000 
3935 3936 42 1.5095 -0.8807 -20.2587 1.7036 -0.9285 -20.2670 0.0544 0.2000 0.4314 0.3922 0.1961 26.5950 2.0000 
3936 3937 42 1.7036 -0.9285 -20.2670 1.8990 -0.9696 -20.2555 0.0544 0.2000 0.4314 0.3922 0.1961 26.7035 2.0000 
3937 3938 42 1.8990 -0.9696 -20.2555 2.0936 -1.0146 -20.2470 0.0544 0.2000 0.4314 0.3922 0.1961 26.8129 2.0000 
3938 3939 42 2.0936 -1.0146 -20.2470 2.2771 -1.0821 -20.2047 0.0544 0.2000 0.4314 0.3922 0.1961 26.9230 2.0000 
3939 3940 42 2.2771 -1.0821 -20.2047 2.4628 -1.1298 -20.1478 0.0544 0.2000 0.4314 0.3922 0.1961 27.0340 2.0000 
3940 3941 42 2.4628 -1.1298 -20.1478 2.6444 -1.1884 -20.0879 0.0544 0.2000 0.4314 0.3922 0.1961 27.1458 2.0000 
3941 3942 42 2.6444 -1.1884 -20.0879 2.8284 -1.2466 -20.0353 0.0544 0.2000 0.4314 0.3922 0.1961 27.2584 2.0000 
3942 3943 42 2.8284 -1.2466 -20.0353 3.0136 -1.2779 -19.9666 0.0544 0.2000 0.4314 0.3922 0.1961 27.3719 2.0000 
3943 3944 42 3.0136 -1.2779 -19.9666 3.1939 -1.3371 -19.9035 0.0544 0.2000 0.4314 0.3922 0.1961 27.4863 2.0000 
3944 3945 42 3.1939 -1.3371 -19.9035 3.3821 -1.4029 -19.8874 0.0544 0.2000 0.4314 0.3922 0.1961 27.6015 2.0000 
3945 3946 42 3.3821 -1.4029 -19.8874 3.5625 -1.4863 -19.8654 0.0544 0.2000 0.4314 0.3922 0.1961 27.7177 2.0000 
3946 3947 42 3.5625 -1.4863 -19.8654 3.7573 -1.5303 -19.8542 0.0544 0.2000 0.4314 0.3922 0.1961 27.8348 2.0000 
3947 3948 42 3.7573 -1.5303 -19.8542 3.9529 -1.5630 -19.8282 0.0544 0.2000 0.4314 0.3922 0.1961 27.9528 2.0000 
3948 3949 42 3.9529 -1.5630 -19.8282 4.1501 -1.5946 -19.8173 0.0544 0.2000 0.4314 0.3922 0.1961 28.0717 2.0000 
3949 3950 42 4.1501 -1.5946 -19.8173 4.3496 -1.6084 -19.8203 0.0544 0.2000 0.4314 0.3922 0.1961 28.1916 2.0000 
3950 3951 42 4.3496 -1.6084 -19.8203 4.5485 -1.6073 -19.8412 0.0544 0.2000 0.4314 0.3922 0.1961 28.3125 2.0000 
3951 3952 42 4.5485 -1.6073 -19.8412 4.7323 -1.6188 -19.9190 0.0544 0.2000 0.4314 0.3922 0.1961 28.4343 2.0000 
3952 3953 42 4.7323 -1.6188 -19.9190 4.9164 -1.6339 -19.9959 0.0544 0.2000 0.4314 0.3922 0.1961 28.5572 2.0000 
3953 3954 42 4.9164 -1.6339 -19.9959 5.0851 -1.6158 -20.1018 0.0544 0.2000 0.4314 0.3922 0.1961 28.6811 2.0000 
3954 3955 42 5.0851 -1.6158 -20.1018 5.2234 -1.5603 -20.2351 0.0544 0.2000 0.4314 0.3922 0.1961 28.8060 2.0000 
3955 3956 42 5.2234 -1.5603 -20.2351 5.3661 -1.5089 -20.3654 0.0544 0.2000 0.4314 0.3922 0.1961 28.9320 2.0000 
3956 3957 42 5.3661 -1.5089 -20.3654 5.5123 -1.4506 -20.4889 0.0544 0.2000 0.4314 0.3922 0.1961 29.0591 2.0000 
3957 3958 42 5.5123 -1.4506 -20.4889 5.6444 -1.3765 -20.6195 0.0544 0.2000 0.4314 0.3922 0.1961 29.1872 2.0000 
3958 3959 42 5.6444 -1.3765 -20.6195 5.7796 -1.3043 -20.7480 0.0544 0.2000 0.4314 0.3922 0.1961 29.3165 2.0000 
3959 3960 42 5.7796 -1.3043 -20.7480 5.8583 -1.2115 -20.9067 0.0544 0.2000 0.4314 0.3922 0.1961 29.4469 2.0000 
3960 3961 42 5.8583 -1.2115 -20.9067 5.9065 -1.0938 -21.0610 0.0544 0.2000 0.4314 0.3922 0.1961 29.5784 2.0000 
3961 3962 42 5.9065 -1.0938 -21.0610 5.9991 -1.0058 -21.2150 0.0544 0.2000 0.4314 0.3922 0.1961 29.7111 2.0000 
3962 3963 42 5.9991 -1.0058 -21.2150 6.0909 -0.9133 -21.3667 0.0544 0.2000 0.4314 0.3922 0.1961 29.8451 2.0000 
3963 3964 42 6.0909 -0.9133 -21.3667 6.1485 -0.8462 -21.5460 0.0544 0.2000 0.4314 0.3922 0.1961 29.9802 2.0000 
3964 3965 42 6.1485 -0.8462 -21.5460 6.1569 -0.8376 -21.5726 0.0544 0.0292 0.4314 0.3922 0.1961 30.0000 2.0000 
107 3966 43 -0.4706 0.1064 -19.6449 -0.4947 -0.0827 -19.7054 0.0696 0.2000 0.4314 0.3922 0.1961 25.8531 2.0000 
3966 3967 43 -0.4947 -0.0827 -19.7054 -0.5294 -0.2501 -19.8092 0.0696 0.2000 0.4314 0.3922 0.1961 25.9520 2.0000 
3967 3968 43 -0.5294 -0.2501 -19.8092 -0.5747 -0.4133 -19.9155 0.0696 0.2000 0.4314 0.3922 0.1961 26.0516 2.0000 
3968 3969 43 -0.5747 -0.4133 -19.9155 -0.5842 -0.5868 -20.0146 0.0696 0.2000 0.4314 0.3922 0.1961 26.1518 2.0000 
3969 3970 43 -0.5842 -0.5868 -20.0146 -0.5956 -0.7582 -20.1170 0.0696 0.2000 0.4314 0.3922 0.1961 26.2528 2.0000 
3970 3971 43 -0.5956 -0.7582 -20.1170 -0.5929 -0.9308 -20.2180 0.0696 0.2000 0.4314 0.3922 0.1961 26.3544 2.0000 
3971 3972 43 -0.5929 -0.9308 -20.2180 -0.5928 -1.1104 -20.3060 0.0696 0.2000 0.4314 0.3922 0.1961 26.4567 2.0000 
3972 3973 43 -0.5928 -1.1104 -20.3060 -0.5853 -1.2945 -20.3838 0.0696 0.2000 0.4314 0.3922 0.1961 26.5597 2.0000 
3973 3974 43 -0.5853 -1.2945 -20.3838 -0.5772 -1.4795 -20.4592 0.0696 0.2000 0.4314 0.3922 0.1961 26.6635 2.0000 
3974 3975 43 -0.5772 -1.4795 -20.4592 -0.5837 -1.6648 -20.5342 0.0696 0.2000 0.4314 0.3922 0.1961 26.7679 2.0000 
3975 3976 43 -0.5837 -1.6648 -20.5342 -0.5761 -1.8431 -20.6245 0.0696 0.2000 0.4314 0.3922 0.1961 26.8732 2.0000 
3976 3977 43 -0.5761 -1.8431 -20.6245 -0.5843 -2.0154 -20.7257 0.0696 0.2000 0.4314 0.3922 0.1961 26.9792 2.0000 
3977 3978 43 -0.5843 -2.0154 -20.7257 -0.5918 -2.1899 -20.8231 0.0696 0.2000 0.4314 0.3922 0.1961 27.0859 2.0000 
3978 3979 43 -0.5918 -2.1899 -20.8231 -0.5737 -2.3553 -20.9341 0.0696 0.2000 0.4314 0.3922 0.1961 27.1934 2.0000 
3979 3980 43 -0.5737 -2.3553 -20.9341 -0.5472 -2.5064 -21.0625 0.0696 0.2000 0.4314 0.3922 0.1961 27.3017 2.0000 
3980 3981 43 -0.5472 -2.5064 -21.0625 -0.5471 -2.6385 -21.2126 0.0696 0.2000 0.4314 0.3922 0.1961 27.4108 2.0000 
3981 3982 43 -0.5471 -2.6385 -21.2126 -0.5600 -2.7495 -21.3785 0.0696 0.2000 0.4314 0.3922 0.1961 27.5208 2.0000 
3982 3983 43 -0.5600 -2.7495 -21.3785 -0.5394 -2.8481 -21.5513 0.0696 0.2000 0.4314 0.3922 0.1961 27.6315 2.0000 
3983 3984 43 -0.5394 -2.8481 -21.5513 -0.5213 -2.9461 -21.7247 0.0696 0.2000 0.4314 0.3922 0.1961 27.7431 2.0000 
3984 3985 43 -0.5213 -2.9461 -21.7247 -0.5308 -3.0222 -21.9094 0.0696 0.2000 0.4314 0.3922 0.1961 27.8555 2.0000 
3985 3986 43 -0.5308 -3.0222 -21.9094 -0.5092 -3.1215 -22.0817 0.0696 0.2000 0.4314 0.3922 0.1961 27.9688 2.0000 
3986 3987 43 -0.5092 -3.1215 -22.0817 -0.4771 -3.2263 -22.2489 0.0696 0.2000 0.4314 0.3922 0.1961 28.0829 2.0000 
3987 3988 43 -0.4771 -3.2263 -22.2489 -0.4454 -3.3265 -22.4191 0.0696 0.2000 0.4314 0.3922 0.1961 28.1980 2.0000 
3988 3989 43 -0.4454 -3.3265 -22.4191 -0.4141 -3.4265 -22.5894 0.0696 0.2000 0.4314 0.3922 0.1961 28.3139 2.0000 
3989 3990 43 -0.4141 -3.4265 -22.5894 -0.4189 -3.4879 -22.7797 0.0696 0.2000 0.4314 0.3922 0.1961 28.4308 2.0000 
3990 3991 43 -0.4189 -3.4879 -22.7797 -0.4085 -3.5191 -22.9770 0.0696 0.2000 0.4314 0.3922 0.1961 28.5486 2.0000 
3991 3992 43 -0.4085 -3.5191 -22.9770 -0.3821 -3.5595 -23.1711 0.0696 0.2000 0.4314 0.3922 0.1961 28.6674 2.0000 
3992 3993 43 -0.3821 -3.5595 -23.1711 -0.3678 -3.6168 -23.3622 0.0696 0.2000 0.4314 0.3922 0.1961 28.7871 2.0000 
3993 3994 43 -0.3678 -3.6168 -23.3622 -0.3656 -3.7015 -23.5433 0.0696 0.2000 0.4314 0.3922 0.1961 28.9077 2.0000 
3994 3995 43 -0.3656 -3.7015 -23.5433 -0.3386 -3.7700 -23.7293 0.0696 0.2000 0.4314 0.3922 0.1961 29.0294 2.0000 
3995 3996 43 -0.3386 -3.7700 -23.7293 -0.3163 -3.8383 -23.9159 0.0696 0.2000 0.4314 0.3922 0.1961 29.1521 2.0000 
3996 3997 43 -0.3163 -3.8383 -23.9159 -0.2929 -3.8714 -24.1118 0.0696 0.2000 0.4314 0.3922 0.1961 29.2758 2.0000 
3997 3998 43 -0.2929 -3.8714 -24.1118 -0.2722 -3.9157 -24.3057 0.0696 0.2000 0.4314 0.3922 0.1961 29.4006 2.0000 
3998 3999 43 -0.2722 -3.9157 -24.3057 -0.2635 -3.9621 -24.5001 0.0696 0.2000 0.4314 0.3922 0.1961 29.5264 2.0000 
3999 4000 43 -0.2635 -3.9621 -24.5001 -0.2710 -3.9937 -24.6974 0.0696 0.2000 0.4314 0.3922 0.1961 29.6533 2.0000 
4000 4001 43 -0.2710 -3.9937 -24.6974 -0.2699 -4.0370 -24.8926 0.0696 0.2000 0.4314 0.3922 0.1961 29.7812 2.0000 
4001 4002 43 -0.2699 -4.0370 -24.8926 -0.2988 -4.0842 -25.0848 0.0696 0.2000 0.4314 0.3922 0.1961 29.9104 2.0000 
4002 4003 43 -0.2988 -4.0842 -25.0848 -0.3426 -4.1195 -25.2107 0.0696 0.1378 0.4314 0.3922 0.1961 30.0000 2.0000 
110 4004 44 -0.5201 0.1060 -20.0426 -0.6832 0.2072 -20.0988 0.0740 0.2000 0.4314 0.3922 0.1961 26.4403 2.0000 
4004 4005 44 -0.6832 0.2072 -20.0988 -0.8302 0.3278 -20.1608 0.0740 0.2000 0.4314 0.3922 0.1961 26.5505 2.0000 
4005 4006 44 -0.8302 0.3278 -20.1608 -0.9825 0.4403 -20.2252 0.0740 0.2000 0.4314 0.3922 0.1961 26.6615 2.0000 
4006 4007 44 -0.9825 0.4403 -20.2252 -1.1242 0.5634 -20.2944 0.0740 0.2000 0.4314 0.3922 0.1961 26.7732 2.0000 
4007 4008 44 -1.1242 0.5634 -20.2944 -1.2363 0.7192 -20.3507 0.0740 0.2000 0.4314 0.3922 0.1961 26.8857 2.0000 
4008 4009 44 -1.2363 0.7192 -20.3507 -1.2830 0.9043 -20.4102 0.0740 0.2000 0.4314 0.3922 0.1961 26.9990 2.0000 
4009 4010 44 -1.2830 0.9043 -20.4102 -1.3459 1.0889 -20.4543 0.0740 0.2000 0.4314 0.3922 0.1961 27.1130 2.0000 
4010 4011 44 -1.3459 1.0889 -20.4543 -1.4004 1.2747 -20.5046 0.0740 0.2000 0.4314 0.3922 0.1961 27.2279 2.0000 
4011 4012 44 -1.4004 1.2747 -20.5046 -1.4883 1.4426 -20.5684 0.0740 0.2000 0.4314 0.3922 0.1961 27.3436 2.0000 
4012 4013 44 -1.4883 1.4426 -20.5684 -1.5690 1.6127 -20.6360 0.0740 0.2000 0.4314 0.3922 0.1961 27.4601 2.0000 
4013 4014 44 -1.5690 1.6127 -20.6360 -1.6979 1.7419 -20.7178 0.0740 0.2000 0.4314 0.3922 0.1961 27.5774 2.0000 
4014 4015 44 -1.6979 1.7419 -20.7178 -1.8629 1.8397 -20.7742 0.0740 0.2000 0.4314 0.3922 0.1961 27.6956 2.0000 
4015 4016 44 -1.8629 1.8397 -20.7742 -2.0135 1.9640 -20.8175 0.0740 0.2000 0.4314 0.3922 0.1961 27.8147 2.0000 
4016 4017 44 -2.0135 1.9640 -20.8175 -2.1648 2.0847 -20.8681 0.0740 0.2000 0.4314 0.3922 0.1961 27.9346 2.0000 
4017 4018 44 -2.1648 2.0847 -20.8681 -2.3152 2.1970 -20.9371 0.0740 0.2000 0.4314 0.3922 0.1961 28.0554 2.0000 
4018 4019 44 -2.3152 2.1970 -20.9371 -2.4879 2.2952 -20.9601 0.0740 0.2000 0.4314 0.3922 0.1961 28.1771 2.0000 
4019 4020 44 -2.4879 2.2952 -20.9601 -2.6602 2.3940 -20.9835 0.0740 0.2000 0.4314 0.3922 0.1961 28.2998 2.0000 
4020 4021 44 -2.6602 2.3940 -20.9835 -2.8246 2.5061 -21.0031 0.0740 0.2000 0.4314 0.3922 0.1961 28.4233 2.0000 
4021 4022 44 -2.8246 2.5061 -21.0031 -2.9693 2.6355 -21.0517 0.0740 0.2000 0.4314 0.3922 0.1961 28.5478 2.0000 
4022 4023 44 -2.9693 2.6355 -21.0517 -3.0947 2.7719 -21.1268 0.0740 0.2000 0.4314 0.3922 0.1961 28.6733 2.0000 
4023 4024 44 -3.0947 2.7719 -21.1268 -3.1933 2.9142 -21.2270 0.0740 0.2000 0.4314 0.3922 0.1961 28.7997 2.0000 
4024 4025 44 -3.1933 2.9142 -21.2270 -3.2920 3.0566 -21.3269 0.0740 0.2000 0.4314 0.3922 0.1961 28.9271 2.0000 
4025 4026 44 -3.2920 3.0566 -21.3269 -3.4093 3.1922 -21.4156 0.0740 0.2000 0.4314 0.3922 0.1961 29.0555 2.0000 
4026 4027 44 -3.4093 3.1922 -21.4156 -3.5280 3.3261 -21.5049 0.0740 0.2000 0.4314 0.3922 0.1961 29.1850 2.0000 
4027 4028 44 -3.5280 3.3261 -21.5049 -3.6533 3.4560 -21.5910 0.0740 0.2000 0.4314 0.3922 0.1961 29.3154 2.0000 
4028 4029 44 -3.6533 3.4560 -21.5910 -3.7794 3.5964 -21.6573 0.0740 0.2000 0.4314 0.3922 0.1961 29.4469 2.0000 
4029 4030 44 -3.7794 3.5964 -21.6573 -3.8930 3.7386 -21.7402 0.0740 0.2000 0.4314 0.3922 0.1961 29.5795 2.0000 
4030 4031 44 -3.8930 3.7386 -21.7402 -3.9916 3.8956 -21.8151 0.0740 0.2000 0.4314 0.3922 0.1961 29.7132 2.0000 
4031 4032 44 -3.9916 3.8956 -21.8151 -4.0940 4.0133 -21.9403 0.0740 0.2000 0.4314 0.3922 0.1961 29.8480 2.0000 
4032 4033 44 -4.0940 4.0133 -21.9403 -4.2106 4.1511 -22.0263 0.0740 0.2000 0.4314 0.3922 0.1961 29.9839 2.0000 
4033 4034 44 -4.2106 4.1511 -22.0263 -4.2230 4.1680 -22.0373 0.0740 0.0236 0.4314 0.3922 0.1961 30.0000 2.0000 
113 4035 45 -0.5019 0.1405 -20.4638 -0.3267 0.0782 -20.5373 0.0708 0.2000 0.4314 0.3922 0.1961 27.0565 2.0000 
4035 4036 45 -0.3267 0.0782 -20.5373 -0.1524 0.0147 -20.6121 0.0708 0.2000 0.4314 0.3922 0.1961 27.1646 2.0000 
4036 4037 45 -0.1524 0.0147 -20.6121 0.0391 -0.0089 -20.6649 0.0708 0.2000 0.4314 0.3922 0.1961 27.2734 2.0000 
4037 4038 45 0.0391 -0.0089 -20.6649 0.2335 -0.0046 -20.7116 0.0708 0.2000 0.4314 0.3922 0.1961 27.3830 2.0000 
4038 4039 45 0.2335 -0.0046 -20.7116 0.4275 0.0026 -20.7595 0.0708 0.2000 0.4314 0.3922 0.1961 27.4932 2.0000 
4039 4040 45 0.4275 0.0026 -20.7595 0.6121 -0.0071 -20.8359 0.0708 0.2000 0.4314 0.3922 0.1961 27.6042 2.0000 
4040 4041 45 0.6121 -0.0071 -20.8359 0.8029 0.0115 -20.8931 0.0708 0.2000 0.4314 0.3922 0.1961 27.7159 2.0000 
4041 4042 45 0.8029 0.0115 -20.8931 0.9958 0.0284 -20.9431 0.0708 0.2000 0.4314 0.3922 0.1961 27.8284 2.0000 
4042 4043 45 0.9958 0.0284 -20.9431 1.1915 0.0442 -20.9814 0.0708 0.2000 0.4314 0.3922 0.1961 27.9417 2.0000 
4043 4044 45 1.1915 0.0442 -20.9814 1.3828 0.0581 -21.0378 0.0708 0.2000 0.4314 0.3922 0.1961 28.0557 2.0000 
4044 4045 45 1.3828 0.0581 -21.0378 1.5716 0.0895 -21.0958 0.0708 0.2000 0.4314 0.3922 0.1961 28.1705 2.0000 
4045 4046 45 1.5716 0.0895 -21.0958 1.7613 0.1172 -21.1529 0.0708 0.2000 0.4314 0.3922 0.1961 28.2861 2.0000 
4046 4047 45 1.7613 0.1172 -21.1529 1.9497 0.1581 -21.2062 0.0708 0.2000 0.4314 0.3922 0.1961 28.4025 2.0000 
4047 4048 45 1.9497 0.1581 -21.2062 2.1387 0.2098 -21.2464 0.0708 0.2000 0.4314 0.3922 0.1961 28.5198 2.0000 
4048 4049 45 2.1387 0.2098 -21.2464 2.3237 0.2555 -21.3069 0.0708 0.2000 0.4314 0.3922 0.1961 28.6378 2.0000 
4049 4050 45 2.3237 0.2555 -21.3069 2.5071 0.2927 -21.3776 0.0708 0.2000 0.4314 0.3922 0.1961 28.7567 2.0000 
4050 4051 45 2.5071 0.2927 -21.3776 2.7024 0.3021 -21.4196 0.0708 0.2000 0.4314 0.3922 0.1961 28.8764 2.0000 
4051 4052 45 2.7024 0.3021 -21.4196 2.8908 0.2945 -21.4861 0.0708 0.2000 0.4314 0.3922 0.1961 28.9970 2.0000 
4052 4053 45 2.8908 0.2945 -21.4861 3.0818 0.2828 -21.5445 0.0708 0.2000 0.4314 0.3922 0.1961 29.1185 2.0000 
4053 4054 45 3.0818 0.2828 -21.5445 3.2265 0.2618 -21.6809 0.0708 0.2000 0.4314 0.3922 0.1961 29.2409 2.0000 
4054 4055 45 3.2265 0.2618 -21.6809 3.3454 0.2314 -21.8388 0.0708 0.2000 0.4314 0.3922 0.1961 29.3642 2.0000 
4055 4056 45 3.3454 0.2314 -21.8388 3.4511 0.2122 -22.0076 0.0708 0.2000 0.4314 0.3922 0.1961 29.4884 2.0000 
4056 4057 45 3.4511 0.2122 -22.0076 3.5552 0.1763 -22.1745 0.0708 0.2000 0.4314 0.3922 0.1961 29.6135 2.0000 
4057 4058 45 3.5552 0.1763 -22.1745 3.6467 0.1507 -22.3505 0.0708 0.2000 0.4314 0.3922 0.1961 29.7396 2.0000 
4058 4059 45 3.6467 0.1507 -22.3505 3.7280 0.1355 -22.5326 0.0708 0.2000 0.4314 0.3922 0.1961 29.8666 2.0000 
4059 4060 45 3.7280 0.1355 -22.5326 3.8462 0.1235 -22.6935 0.0708 0.2000 0.4314 0.3922 0.1961 29.9946 2.0000 
4060 4061 45 3.8462 0.1235 -22.6935 3.8514 0.1229 -22.7002 0.0708 0.0084 0.4314 0.3922 0.1961 30.0000 2.0000 
116 4062 46 -0.5205 0.1293 -20.8854 -0.6391 -0.0260 -20.9280 0.0735 0.2000 0.4314 0.3922 0.1961 27.6654 2.0000 
4062 4063 46 -0.6391 -0.0260 -20.9280 -0.7660 -0.1729 -20.9763 0.0735 0.2000 0.4314 0.3922 0.1961 27.7561 2.0000 
4063 4064 46 -0.7660 -0.1729 -20.9763 -0.8970 -0.3141 -21.0302 0.0735 0.2000 0.4314 0.3922 0.1961 27.8474 2.0000 
4064 4065 46 -0.8970 -0.3141 -21.0302 -1.0405 -0.4275 -21.1109 0.0735 0.2000 0.4314 0.3922 0.1961 27.9394 2.0000 
4065 4066 46 -1.0405 -0.4275 -21.1109 -1.1823 -0.5425 -21.1927 0.0735 0.2000 0.4314 0.3922 0.1961 28.0319 2.0000 
4066 4067 46 -1.1823 -0.5425 -21.1927 -1.3144 -0.6462 -21.3013 0.0735 0.2000 0.4314 0.3922 0.1961 28.1251 2.0000 
4067 4068 46 -1.3144 -0.6462 -21.3013 -1.4424 -0.7547 -21.4101 0.0735 0.2000 0.4314 0.3922 0.1961 28.2189 2.0000 
4068 4069 46 -1.4424 -0.7547 -21.4101 -1.5719 -0.8691 -21.5108 0.0735 0.2000 0.4314 0.3922 0.1961 28.3134 2.0000 
4069 4070 46 -1.5719 -0.8691 -21.5108 -1.6985 -0.9889 -21.6089 0.0735 0.2000 0.4314 0.3922 0.1961 28.4086 2.0000 
4070 4071 46 -1.6985 -0.9889 -21.6089 -1.7934 -1.0834 -21.7575 0.0735 0.2000 0.4314 0.3922 0.1961 28.5044 2.0000 
4071 4072 46 -1.7934 -1.0834 -21.7575 -1.8528 -1.1885 -21.9169 0.0735 0.2000 0.4314 0.3922 0.1961 28.6009 2.0000 
4072 4073 46 -1.8528 -1.1885 -21.9169 -1.9182 -1.2911 -22.0756 0.0735 0.2000 0.4314 0.3922 0.1961 28.6981 2.0000 
4073 4074 46 -1.9182 -1.2911 -22.0756 -1.9823 -1.3934 -22.2351 0.0735 0.2000 0.4314 0.3922 0.1961 28.7960 2.0000 
4074 4075 46 -1.9823 -1.3934 -22.2351 -2.0437 -1.4947 -22.3962 0.0735 0.2000 0.4314 0.3922 0.1961 28.8946 2.0000 
4075 4076 46 -2.0437 -1.4947 -22.3962 -2.1143 -1.6044 -22.5479 0.0735 0.2000 0.4314 0.3922 0.1961 28.9939 2.0000 
4076 4077 46 -2.1143 -1.6044 -22.5479 -2.2017 -1.6945 -22.7035 0.0735 0.2000 0.4314 0.3922 0.1961 29.0940 2.0000 
4077 4078 46 -2.2017 -1.6945 -22.7035 -2.2327 -1.7714 -22.8856 0.0735 0.2000 0.4314 0.3922 0.1961 29.1948 2.0000 
4078 4079 46 -2.2327 -1.7714 -22.8856 -2.2582 -1.8573 -23.0644 0.0735 0.2000 0.4314 0.3922 0.1961 29.2963 2.0000 
4079 4080 46 -2.2582 -1.8573 -23.0644 -2.2713 -1.9339 -23.2486 0.0735 0.2000 0.4314 0.3922 0.1961 29.3987 2.0000 
4080 4081 46 -2.2713 -1.9339 -23.2486 -2.3294 -2.0120 -23.4233 0.0735 0.2000 0.4314 0.3922 0.1961 29.5018 2.0000 
4081 4082 46 -2.3294 -2.0120 -23.4233 -2.3830 -2.1069 -23.5911 0.0735 0.2000 0.4314 0.3922 0.1961 29.6057 2.0000 
4082 4083 46 -2.3830 -2.1069 -23.5911 -2.4599 -2.1956 -23.7530 0.0735 0.2000 0.4314 0.3922 0.1961 29.7104 2.0000 
4083 4084 46 -2.4599 -2.1956 -23.7530 -2.5298 -2.2845 -23.9179 0.0735 0.2000 0.4314 0.3922 0.1961 29.8159 2.0000 
4084 4085 46 -2.5298 -2.2845 -23.9179 -2.5667 -2.3350 -24.1079 0.0735 0.2000 0.4314 0.3922 0.1961 29.9222 2.0000 
4085 4086 46 -2.5667 -2.3350 -24.1079 -2.6052 -2.3664 -24.2444 0.0735 0.1453 0.4314 0.3922 0.1961 30.0000 2.0000 
119 4087 47 -0.5847 0.1013 -21.3143 -0.4772 -0.0482 -21.3925 0.0572 0.2000 0.4314 0.3922 0.1961 28.3320 2.0000 
4087 4088 47 -0.4772 -0.0482 -21.3925 -0.3421 -0.1653 -21.4821 0.0572 0.2000 0.4314 0.3922 0.1961 28.4342 2.0000 
4088 4089 47 -0.3421 -0.1653 -21.4821 -0.1815 -0.2545 -21.5611 0.0572 0.2000 0.4314 0.3922 0.1961 28.5372 2.0000 
4089 4090 47 -0.1815 -0.2545 -21.5611 -0.0523 -0.3601 -21.6714 0.0572 0.2000 0.4314 0.3922 0.1961 28.6408 2.0000 
4090 4091 47 -0.0523 -0.3601 -21.6714 0.0721 -0.4461 -21.8023 0.0572 0.2000 0.4314 0.3922 0.1961 28.7452 2.0000 
4091 4092 47 0.0721 -0.4461 -21.8023 0.1785 -0.5191 -21.9551 0.0572 0.2000 0.4314 0.3922 0.1961 28.8504 2.0000 
4092 4093 47 0.1785 -0.5191 -21.9551 0.2937 -0.5944 -22.1002 0.0572 0.2000 0.4314 0.3922 0.1961 28.9564 2.0000 
4093 4094 47 0.2937 -0.5944 -22.1002 0.4183 -0.6654 -22.2396 0.0572 0.2000 0.4314 0.3922 0.1961 29.0631 2.0000 
4094 4095 47 0.4183 -0.6654 -22.2396 0.5528 -0.7424 -22.3661 0.0572 0.2000 0.4314 0.3922 0.1961 29.1707 2.0000 
4095 4096 47 0.5528 -0.7424 -22.3661 0.6923 -0.7960 -22.4989 0.0572 0.2000 0.4314 0.3922 0.1961 29.2790 2.0000 
4096 4097 47 0.6923 -0.7960 -22.4989 0.8295 -0.8497 -22.6342 0.0572 0.2000 0.4314 0.3922 0.1961 29.3882 2.0000 
4097 4098 47 0.8295 -0.8497 -22.6342 0.9604 -0.8858 -22.7810 0.0572 0.2000 0.4314 0.3922 0.1961 29.4982 2.0000 
4098 4099 47 0.9604 -0.8858 -22.7810 1.0901 -0.9117 -22.9310 0.0572 0.2000 0.4314 0.3922 0.1961 29.6090 2.0000 
4099 4100 47 1.0901 -0.9117 -22.9310 1.2011 -0.9418 -23.0947 0.0572 0.2000 0.4314 0.3922 0.1961 29.7207 2.0000 
4100 4101 47 1.2011 -0.9418 -23.0947 1.3150 -0.9666 -23.2572 0.0572 0.2000 0.4314 0.3922 0.1961 29.8333 2.0000 
4101 4102 47 1.3150 -0.9666 -23.2572 1.4310 -0.9585 -23.4199 0.0572 0.2000 0.4314 0.3922 0.1961 29.9468 2.0000 
4102 4103 47 1.4310 -0.9585 -23.4199 1.4853 -0.9502 -23.4953 0.0572 0.0932 0.4314 0.3922 0.1961 30.0000 2.0000 
122 4104 48 -0.6515 0.0811 -21.7241 -0.5585 -0.0643 -21.8251 0.0587 0.2000 0.4314 0.3922 0.1961 28.9654 2.0000 
4104 4105 48 -0.5585 -0.0643 -21.8251 -0.4756 -0.1894 -21.9573 0.0587 0.2000 0.4314 0.3922 0.1961 29.0629 2.0000 
4105 4106 48 -0.4756 -0.1894 -21.9573 -0.4107 -0.3376 -22.0748 0.0587 0.2000 0.4314 0.3922 0.1961 29.1610 2.0000 
4106 4107 48 -0.4107 -0.3376 -22.0748 -0.2999 -0.4569 -22.1910 0.0587 0.2000 0.4314 0.3922 0.1961 29.2598 2.0000 
4107 4108 48 -0.2999 -0.4569 -22.1910 -0.1883 -0.5686 -22.3138 0.0587 0.2000 0.4314 0.3922 0.1961 29.3593 2.0000 
4108 4109 48 -0.1883 -0.5686 -22.3138 -0.1068 -0.6657 -22.4684 0.0587 0.2000 0.4314 0.3922 0.1961 29.4595 2.0000 
4109 4110 48 -0.1068 -0.6657 -22.4684 -0.0165 -0.7459 -22.6279 0.0587 0.2000 0.4314 0.3922 0.1961 29.5604 2.0000 
4110 4111 48 -0.0165 -0.7459 -22.6279 0.0802 -0.8132 -22.7894 0.0587 0.2000 0.4314 0.3922 0.1961 29.6621 2.0000 
4111 4112 48 0.0802 -0.8132 -22.7894 0.2138 -0.8948 -22.9140 0.0587 0.2000 0.4314 0.3922 0.1961 29.7644 2.0000 
4112 4113 48 0.2138 -0.8948 -22.9140 0.3343 -0.9750 -23.0520 0.0587 0.2000 0.4314 0.3922 0.1961 29.8675 2.0000 
4113 4114 48 0.3343 -0.9750 -23.0520 0.4626 -1.0448 -23.1886 0.0587 0.2000 0.4314 0.3922 0.1961 29.9714 2.0000 
4114 4115 48 0.4626 -1.0448 -23.1886 0.4945 -1.0641 -23.2289 0.0587 0.0549 0.4314 0.3922 0.1961 30.0000 2.0000 
124 4116 49 -0.7214 0.0565 -22.1061 -0.5596 -0.0144 -22.1999 0.0632 0.2000 0.4314 0.3922 0.1961 29.5747 2.0000 
4116 4117 49 -0.5596 -0.0144 -22.1999 -0.4099 -0.1177 -22.2831 0.0632 0.2000 0.4314 0.3922 0.1961 29.6742 2.0000 
4117 4118 49 -0.4099 -0.1177 -22.2831 -0.2580 -0.2240 -22.3582 0.0632 0.2000 0.4314 0.3922 0.1961 29.7744 2.0000 
4118 4119 49 -0.2580 -0.2240 -22.3582 -0.1017 -0.3259 -22.4302 0.0632 0.2000 0.4314 0.3922 0.1961 29.8753 2.0000 
4119 4120 49 -0.1017 -0.3259 -22.4302 0.0039 -0.4752 -22.5111 0.0632 0.2000 0.4314 0.3922 0.1961 29.9768 2.0000 
4120 4121 49 0.0039 -0.4752 -22.5111 0.0278 -0.5092 -22.5295 0.0632 0.0455 0.4314 0.3922 0.1961 30.0000 2.0000 
