"node1ID","node2ID","branchID","x1","y1","z1","x2","y2","z2","radius","length","R","G","B","time","type","kr","kx","suf","jr","jxl","psi"
0,1,0,0,0,0,0.0012,0.0154,-0.1994,0.18167534563328,0.2,0.4314,0.3922,0.1961,0.1648,"1",7.0312e-08,0.00865169520312063,0.000893788579891228,0.000235918787682538,0.263953683210679,-14993.9009475146
1,2,0,0.0012,0.0154,-0.1994,-3e-04,0.0151,-0.2319,0.18023449967428,0.0325,0.4314,0.3922,0.1961,0.1917,"1",7.0312e-08,0.00865169520312063,0.000144054248567216,3.80236494928505e-05,0.250687491086696,-14992.9593140684
2,3,0,-3e-04,0.0151,-0.2319,-0.0158,0.0125,-0.4313,0.171641118900573,0.2,0.4314,0.3922,0.1961,0.3574,"1",7.0312e-08,0.00865169520312063,0.000844027478564916,0.000222784161706359,0.25064946743738,-14987.1676614002
3,4,0,-0.0158,0.0125,-0.4313,-0.0207,0.0098,-0.4967,0.16891282931516,0.0657,0.4314,0.3922,0.1961,0.4119,"1",7.0312e-08,0.00865169520312063,0.00027278497467889,7.20025987936515e-05,0.242340082627574,-14985.3276314731
4,5,0,-0.0207,0.0098,-0.4967,-0.0204,-0.0037,-0.6962,0.1887,0.2,0.4314,0.3922,0.1961,0.5784,"1",7.0312e-08,0.00865169520312063,0.000927436826494502,0.000244800366307378,0.242268080029778,-14979.7299846216
5,6,0,-0.0204,-0.0037,-0.6962,-0.0168,-0.0074,-0.7837,0.1887,0.0876,0.4314,0.3922,0.1961,0.6516,"1",7.0312e-08,0.00865169520312063,0.000406107505166929,0.000107193571772221,0.231382386293491,-14977.387738234
6,7,0,-0.0168,-0.0074,-0.7837,-0.0103,-0.0142,-0.9455,0.1887,0.1621,0.4314,0.3922,0.1961,0.7874,"1",7.0312e-08,0.00865169520312063,0.00075131347930639,0.000198311960115987,0.231275192721972,-14973.0563749711
7,8,0,-0.0103,-0.0142,-0.9455,-0.0044,-0.0132,-1.1189,0.1887,0.1735,0.4314,0.3922,0.1961,0.9332,"1",7.0312e-08,0.00865169520312063,0.000803908447365364,0.000212194595654007,0.225698322944338,-14968.5323771551
8,9,0,-0.0044,-0.0132,-1.1189,6e-04,-0.0256,-1.3185,0.1887,0.2,0.4314,0.3922,0.1961,1.102,"1",7.0312e-08,0.00865169520312063,0.000926393313386898,0.000244524927179137,0.218468226022893,-14963.4849049217
9,10,0,6e-04,-0.0256,-1.3185,0.0052,-0.0242,-1.3997,0.1887,0.0814,0.4314,0.3922,0.1961,1.1708,"1",7.0312e-08,0.00865169520312063,0.000376951778679559,9.94978103789161e-05,0.21030494975215,-14961.5067060999
10,11,0,0.0052,-0.0242,-1.3997,0.01,-0.0305,-1.4828,0.1887,0.0835,0.4314,0.3922,0.1961,1.2416,"1",7.0312e-08,0.00865169520312063,0.00038662374995926,0.000102050762822194,0.210205451940923,-14959.4784452669
11,12,0,0.01,-0.0305,-1.4828,0.0183,-0.0225,-1.6825,0.1887,0.2,0.4314,0.3922,0.1961,1.4117,"1",7.0312e-08,0.00865169520312063,0.000925833440408115,0.000244377146644252,0.201993948330093,-14954.8118048332
12,13,0,0.0183,-0.0225,-1.6825,0.0241,-0.023,-1.7344,0.1887,0.0522,0.4314,0.3922,0.1961,1.4562,"1",7.0312e-08,0.00865169520312063,0.00024159478357904,6.37698329725008e-05,0.18669494627178,-14953.6855733199
13,14,0,0.0241,-0.023,-1.7344,0.0348,-0.0451,-1.9329,0.1887,0.2,0.4314,0.3922,0.1961,1.6272,"1",7.0312e-08,0.00865169520312063,0.000925478744098191,0.000244283523246823,0.186631176438537,-14949.3740707922
14,15,0,0.0348,-0.0451,-1.9329,0.0392,-0.049,-1.9781,0.1887,0.0455,0.4314,0.3922,0.1961,1.6662,"1",7.0312e-08,0.00865169520312063,0.000210508638181286,5.55645303976416e-05,0.180083008538515,-14948.4271450638
15,16,0,0.0392,-0.049,-1.9781,0.0525,-0.052,-2.1055,0.1887,0.1282,0.4314,0.3922,0.1961,1.7763,"1",7.0312e-08,0.00865169520312063,0.000593052278710094,0.000156538333307726,0.18002744400963,-14945.7606752716
16,17,0,0.0525,-0.052,-2.1055,0.0484,-0.0665,-2.3049,0.1887,0.2,0.4314,0.3922,0.1961,1.9486,"1",7.0312e-08,0.00865169520312063,0.00092498706547164,0.000244153742862384,0.174433330555861,-14941.7311470926
17,18,0,0.0484,-0.0665,-2.3049,0.068,-0.0743,-2.4577,0.1887,0.1543,0.4314,0.3922,0.1961,2.0821,"1",7.0312e-08,0.00865169520312063,0.000713457723945762,0.000188319794057462,0.16490677178423,-14938.7917710592
18,19,0,0.068,-0.0743,-2.4577,0.088,-0.0758,-2.6567,0.1887,0.2,0.4314,0.3922,0.1961,2.2558,"1",7.0312e-08,0.00865169520312063,0.000924553960357135,0.000244039423172189,0.164718451990092,-14934.9868190093
19,20,0,0.088,-0.0758,-2.6567,0.0959,-0.0779,-2.75,0.1887,0.0936,0.4314,0.3922,0.1961,2.3374,"1",7.0312e-08,0.00865169520312063,0.000432609613940516,0.000114188900996115,0.158959224158313,-14933.2677062936
20,21,0,0.0959,-0.0779,-2.75,0.1064,-0.0681,-2.9077,0.1887,0.1584,0.4314,0.3922,0.1961,2.4758,"1",7.0312e-08,0.00865169520312063,0.000731992865115785,0.000193212212838298,0.158845035257144,-14930.3612526934
21,22,0,0.1064,-0.0681,-2.9077,0.0743,-0.0623,-3.1051,0.1887,0.2,0.4314,0.3922,0.1961,2.6512,"1",7.0312e-08,0.00865169520312063,0.000924029961387121,0.00024390111171405,0.153044260627329,-14926.8261696474
22,23,0,0.0743,-0.0623,-3.1051,0.0721,-0.0618,-3.1211,0.1887,0.0162,0.4314,0.3922,0.1961,2.6655,"1",7.0312e-08,0.00865169520312063,7.48366921665745e-05,1.97534205373917e-05,0.144797777024497,-14926.5550593124
23,24,0,0.0721,-0.0618,-3.1211,0.0688,-0.0475,-3.3181,0.1887,0.1976,0.4314,0.3922,0.1961,2.8396,"1",7.0312e-08,0.00865169520312063,0.000912711279392233,0.0002409135039123,0.144778023604327,-14923.2511594821
24,25,0,0.0688,-0.0475,-3.3181,0.0639,-0.0308,-3.5174,0.1887,0.2,0.4314,0.3922,0.1961,3.0166,"1",7.0312e-08,0.00865169520312063,0.000923587056163284,0.0002437842052489,0.144537110100343,-14919.9127336599
25,26,0,0.0639,-0.0308,-3.5174,0.0613,-0.0305,-3.5547,0.1887,0.0375,0.4314,0.3922,0.1961,3.0499,"1",7.0312e-08,0.00865169520312063,0.000173149246647298,4.57033813993759e-05,0.138805464493991,-14919.3111928228
26,27,0,0.0613,-0.0305,-3.5547,0.0616,-0.0291,-3.7225,0.1887,0.1678,0.4314,0.3922,0.1961,3.1991,"1",7.0312e-08,0.00865169520312063,0.00077469794535212,0.000204484376058897,0.138759761111428,-14916.6219243497
27,28,0,0.0616,-0.0291,-3.7225,0.0625,-0.028,-3.9225,0.1887,0.2,0.4314,0.3922,0.1961,3.3778,"1",7.0312e-08,0.00865169520312063,0.000923176695207403,0.000243675888963146,0.133057247671181,-14913.548875604
28,29,0,0.0625,-0.028,-3.9225,0.0401,-0.0115,-4.0496,0.1887,0.1301,0.4314,0.3922,0.1961,3.4944,"1",7.0312e-08,0.00865169520312063,0.000600424674213131,0.00015848430425491,0.125158207091672,-14911.667998766
29,30,0,0.0401,-0.0115,-4.0496,0.0231,-9e-04,-4.2486,0.1887,0.2,0.4314,0.3922,0.1961,3.6744,"1",7.0312e-08,0.00865169520312063,0.000922869658240523,0.000243594845424853,0.124999722787622,-14908.7812137274
30,31,0,0.0231,-9e-04,-4.2486,0.0172,0.0057,-4.3373,0.1887,0.0891,0.4314,0.3922,0.1961,3.7549,"1",7.0312e-08,0.00865169520312063,0.000411080877346956,0.000108506311677165,0.11701692294171,-14907.5766666916
31,32,0,0.0172,0.0057,-4.3373,0.0076,0.0206,-4.5294,0.1887,0.1929,0.4314,0.3922,0.1961,3.9297,"1",7.0312e-08,0.00865169520312063,0.000889867142872729,0.000234883709937989,0.116908416630352,-14904.9726708466
32,33,0,0.0076,0.0206,-4.5294,0.0073,0.0235,-4.5562,0.1887,0.027,0.4314,0.3922,0.1961,3.9542,"1",7.0312e-08,0.00865169520312063,0.000124541156017497,3.28730968433334e-05,0.110218435387468,-14904.6287551287
33,34,0,0.0073,0.0235,-4.5562,0.0091,0.0337,-4.6911,0.1887,0.1353,0.4314,0.3922,0.1961,4.0772,"1",7.0312e-08,0.00865169520312063,0.00062404868060629,0.000164719947754804,0.100441620691954,-14903.0592814641
34,35,0,0.0091,0.0337,-4.6911,0.0087,0.0231,-4.8908,0.1887,0.2,0.4314,0.3922,0.1961,4.2599,"1",7.0312e-08,0.00865169520312063,0.000922347637898459,0.000243457056232849,0.095198223768739,-14900.8614117991
35,36,0,0.0087,0.0231,-4.8908,0.0094,0.0213,-4.9327,0.1887,0.042,0.4314,0.3922,0.1961,4.2983,"1",7.0312e-08,0.00865169520312063,0.000193675566877268,5.11213792270359e-05,0.0890329754804081,-14900.4293217488
36,37,0,0.0094,0.0213,-4.9327,0.0133,0.0152,-5.0428,0.1887,0.1103,0.4314,0.3922,0.1961,4.3995,"1",7.0312e-08,0.00865169520312063,0.00050860165425858,0.000134247279933494,0.0889818541012695,-14899.2957526107
37,38,0,0.0133,0.0152,-5.0428,0.0077,0.0108,-5.2128,0.1887,0.1702,0.4314,0.3922,0.1961,4.5561,"1",7.0312e-08,0.00865169520312063,0.000784732645415567,0.000207133072100655,0.0794774280197716,-14897.7342747046
38,39,0,0.0077,0.0108,-5.2128,-0.0031,0.0071,-5.3672,0.1887,0.1548,0.4314,0.3922,0.1961,4.6991,"1",7.0312e-08,0.00865169520312063,0.000713659464763779,0.000188373044289433,0.0709731365797376,-14896.4660768543
39,40,0,-0.0031,0.0071,-5.3672,-0.0297,0.011,-5.5569,0.1887,0.1916,0.4314,0.3922,0.1961,4.8768,"1",7.0312e-08,0.00865169520312063,0.00088323223740306,0.000233132402201452,0.0662704971600601,-14895.0010353219
40,41,0,-0.0297,0.011,-5.5569,-0.0365,0.0076,-5.6383,0.1887,0.0817,0.4314,0.3922,0.1961,4.9529,"1",7.0312e-08,0.00865169520312063,0.000376592019096787,9.94028505119696e-05,0.0610161240881333,-14894.4253150049
41,42,0,-0.0365,0.0076,-5.6383,-0.0505,-0.0069,-5.8373,0.1887,0.2,0.4314,0.3922,0.1961,5.1396,"1",7.0312e-08,0.00865169520312063,0.000921827473694165,0.000243319756975247,0.060669938005487,-14893.0256291686
42,43,0,-0.0505,-0.0069,-5.8373,-0.0493,-0.0101,-5.8791,0.1887,0.0419,0.4314,0.3922,0.1961,5.1789,"1",7.0312e-08,0.00865169520312063,0.000193111762602393,5.09725610120676e-05,0.0573789469152718,-14892.7478674189
43,44,0,-0.0493,-0.0101,-5.8791,-0.0458,-0.0206,-6.0788,0.1887,0.2,0.4314,0.3922,0.1961,5.3666,"1",7.0312e-08,0.00865169520312063,0.000921723955972883,0.000243292433091436,0.0573279743539084,-14891.4254369597
44,45,0,-0.0458,-0.0206,-6.0788,-0.0448,-0.0164,-6.1569,0.1887,0.0783,0.4314,0.3922,0.1961,5.4404,"1",7.0312e-08,0.00865169520312063,0.000360832628262109,9.52431012558479e-05,0.0532967763097567,-14890.943518827
45,46,0,-0.0448,-0.0164,-6.1569,-0.0425,-0.0074,-6.3567,0.1887,0.2,0.4314,0.3922,0.1961,5.6294,"1",7.0312e-08,0.00865169520312063,0.000921612995167006,0.000243263144578032,0.0532015332085356,-14889.7164783757
46,47,0,-0.0425,-0.0074,-6.3567,-0.0421,-0.0061,-6.4003,0.1887,0.0436,0.4314,0.3922,0.1961,5.6707,"1",7.0312e-08,0.00865169520312063,0.000200901425972883,5.30286713497545e-05,0.0508901418032813,-14889.460152407
47,48,0,-0.0421,-0.0061,-6.4003,-0.0594,0,-6.5995,0.1887,0.2,0.4314,0.3922,0.1961,5.8609,"1",7.0312e-08,0.00865169520312063,0.000921521023076166,0.000243238868205901,0.0508371131328364,-14888.2877696339
48,49,0,-0.0594,0,-6.5995,-0.0683,0.0031,-6.7039,0.1887,0.1049,0.4314,0.3922,0.1961,5.9609,"1",7.0312e-08,0.00865169520312063,0.000483308868372015,0.000127571155939833,0.0473557745743806,-14887.7143641353
49,50,0,-0.0683,0.0031,-6.7039,-0.0732,0.0022,-6.7814,0.1887,0.0776,0.4314,0.3922,0.1961,6.0352,"1",7.0312e-08,0.00865169520312063,0.000357516561060364,9.43678131041413e-05,0.0472282034184987,-14887.2911815092
50,51,0,-0.0732,0.0022,-6.7814,-0.0635,-0.0039,-6.9811,0.1887,0.2,0.4314,0.3922,0.1961,6.227,"1",7.0312e-08,0.00865169520312063,0.000921389562970824,0.000243204168826899,0.0432420499931809,-14886.2943723172
51,52,0,-0.0635,-0.0039,-6.9811,-0.0621,-0.0046,-7.0221,0.1887,0.041,0.4314,0.3922,0.1961,6.2665,"1",7.0312e-08,0.00865169520312063,0.00018887723266974,4.98548412396371e-05,0.0384734030360112,-14886.1121666961
52,53,0,-0.0621,-0.0046,-7.0221,-0.0595,-0.0061,-7.1371,0.1887,0.1151,0.4314,0.3922,0.1961,6.3774,"1",7.0312e-08,0.00865169520312063,0.000530225689060495,0.000139955023565544,0.0384235481942974,-14885.6019203415
53,54,0,-0.0595,-0.0061,-7.1371,-0.0536,-0.0131,-7.3157,0.1887,0.1788,0.4314,0.3922,0.1961,6.5504,"1",7.0312e-08,0.00865169520312063,0.000823634071250407,0.000217401246732283,0.0360202631074373,-14884.8597551292
54,55,0,-0.0536,-0.0131,-7.3157,-0.0536,-0.0136,-7.3242,0.1887,0.0085,0.4314,0.3922,0.1961,6.5587,"1",7.0312e-08,0.00865169520312063,3.91538229084905e-05,1.03347957688517e-05,0.0344839052298135,-14884.8258809271
55,56,0,-0.0536,-0.0136,-7.3242,-0.0571,-0.0146,-7.4984,0.1887,0.1742,0.4314,0.3922,0.1961,6.728,"1",7.0312e-08,0.00865169520312063,0.000802404341734904,0.000211797581432895,0.0321702836462987,-14884.1802715321
56,57,0,-0.0571,-0.0146,-7.4984,-0.0627,-0.0119,-7.6983,0.1887,0.2,0.4314,0.3922,0.1961,6.9233,"1",7.0312e-08,0.00865169520312063,0.000921202427309392,0.000243154773679802,0.0304107348205802,-14883.4800814364
57,58,0,-0.0627,-0.0119,-7.6983,-0.0542,0.0044,-7.8761,0.1887,0.1787,0.4314,0.3922,0.1961,7.0985,"1",7.0312e-08,0.00865169520312063,0.000823058496316767,0.000217249321608579,0.0277629409757793,-14882.908883991
58,59,0,-0.0542,0.0044,-7.8761,-0.0439,0.018,-8.0614,0.1887,0.1861,0.4314,0.3922,0.1961,7.2819,"1",7.0312e-08,0.00865169520312063,0.000857107371142933,0.000226236647528453,0.0275456916542564,-14882.3188028988
59,60,0,-0.0439,0.018,-8.0614,-0.0376,0.0299,-8.2433,0.1887,0.1824,0.4314,0.3922,0.1961,7.4624,"1",7.0312e-08,0.00865169520312063,0.000840033701596062,0.00022172998956547,0.0262124352118821,-14881.768514641
60,61,0,-0.0376,0.0299,-8.2433,-0.0377,0.0304,-8.3206,0.1887,0.0773,0.4314,0.3922,0.1961,7.5391,"1",7.0312e-08,0.00865169520312063,0.000355991737802661,9.39653303890107e-05,0.0245954926010128,-14881.5491819247
61,62,0,-0.0377,0.0304,-8.3206,-0.0263,0.0235,-8.5202,0.1887,0.2,0.4314,0.3922,0.1961,7.7384,"1",7.0312e-08,0.00865169520312063,0.000921041450559257,0.000243112283273692,0.0232627952902893,-14881.0142292279
62,63,0,-0.0263,0.0235,-8.5202,-0.025,0.0229,-8.553,0.1887,0.0328,0.4314,0.3922,0.1961,7.7712,"1",7.0312e-08,0.00865169520312063,0.000151047599979644,3.98695703562148e-05,0.0220085359123953,-14880.9308668233
63,64,0,-0.025,0.0229,-8.553,-0.0165,0.0185,-8.7032,0.1887,0.1506,0.4314,0.3922,0.1961,7.922,"1",7.0312e-08,0.00865169520312063,0.000693518478069976,0.000183056756667913,0.0219686663416333,-14880.5500516373
64,65,0,-0.0165,0.0185,-8.7032,-0.0135,0.0141,-8.8552,0.1887,0.152,0.4314,0.3922,0.1961,8.0749,"1",7.0312e-08,0.00865169520312063,0.000699947388516791,0.000184753691259443,0.0214330913689357,-14880.1751206589
65,66,0,-0.0135,0.0141,-8.8552,-0.0244,0.0176,-9.0548,0.1887,0.2,0.4314,0.3922,0.1961,8.2769,"1",7.0312e-08,0.00865169520312063,0.000920956435977811,0.000243089843361791,0.0208255936948392,-14879.6965081415
66,67,0,-0.0244,0.0176,-9.0548,-0.0247,0.0176,-9.1149,0.1887,0.0601,0.4314,0.3922,0.1961,8.3377,"1",7.0312e-08,0.00865169520312063,0.000276741520173001,7.30469435496508e-05,0.0205825038522485,-14879.5537831161
67,68,0,-0.0247,0.0176,-9.1149,-0.0237,0.0155,-9.2155,0.1887,0.1007,0.4314,0.3922,0.1961,8.4399,"1",7.0312e-08,0.00865169520312063,0.000463685641722148,0.000122391532988933,0.0205094569082768,-14879.3157789063
68,69,0,-0.0237,0.0155,-9.2155,-0.034,-3e-04,-9.4146,0.1887,0.2,0.4314,0.3922,0.1961,8.6438,"1",7.0312e-08,0.00865169520312063,0.000920902474948522,0.00024307560014936,0.0203870653752872,-14878.8473036203
69,70,0,-0.034,-3e-04,-9.4146,-0.0441,-0.0022,-9.5124,0.1887,0.0983,0.4314,0.3922,0.1961,8.7443,"1",7.0312e-08,0.00865169520312063,0.000452612763000803,0.000119468805866582,0.0201439897752977,-14878.6191076146
70,71,0,-0.0441,-0.0022,-9.5124,-0.0634,-0.0122,-9.6186,0.1887,0.1085,0.4314,0.3922,0.1961,8.8556,"1",7.0312e-08,0.00865169520312063,0.000499569468947744,0.000131863201353171,0.0200245209693566,-14878.3688090459
71,72,0,-0.0634,-0.0122,-9.6186,-0.0808,-0.0311,-9.7533,0.1887,0.1371,0.4314,0.3922,0.1961,8.9966,"1",7.0312e-08,0.00865169520312063,0.000631240999584641,0.000166618386840035,0.0198926577673634,-14878.0548981204
72,73,0,-0.0808,-0.0311,-9.7533,-0.1096,-0.059,-9.9492,0.1887,0.2,0.4314,0.3922,0.1961,9.2033,"1",7.0312e-08,0.00865169520312063,0.000920823312741952,0.000243054704993364,0.0197260393804639,-14877.6017034357
73,74,0,-0.1096,-0.059,-9.9492,-0.1362,-0.0821,-10.0952,0.1887,0.1502,0.4314,0.3922,0.1961,9.3593,"1",7.0312e-08,0.00865169520312063,0.000691519583236414,0.000182529141014224,0.0194829846759593,-14877.265048452
74,75,0,-0.1362,-0.0821,-10.0952,-0.145,-0.1262,-10.2901,0.1887,0.2,0.4314,0.3922,0.1961,9.5679,"1",7.0312e-08,0.00865169520312063,0.000920773731800325,0.000243041617921204,0.0193004555347183,-14876.8216917766
75,76,0,-0.145,-0.1262,-10.2901,-0.1455,-0.1288,-10.3008,0.1887,0.011,0.4314,0.3922,0.1961,9.5794,"1",7.0312e-08,0.00865169520312063,5.06417446565782e-05,1.33670750268062e-05,0.0190574139151784,-14876.7974701612
76,77,0,-0.1455,-0.1288,-10.3008,-0.1458,-0.159,-10.4985,0.1887,0.2,0.4314,0.3922,0.1961,9.7892,"1",7.0312e-08,0.00865169520312063,0.000920744383944377,0.000243033871446532,0.0190440468407016,-14876.3600407591
77,78,0,-0.1458,-0.159,-10.4985,-0.1467,-0.1676,-10.5758,0.1887,0.0778,0.4314,0.3922,0.1961,9.871,"1",7.0312e-08,0.00865169520312063,0.00035816212904852,9.45382131523841e-05,0.0188010129694529,-14876.1913985184
78,79,0,-0.1467,-0.1676,-10.5758,-0.1505,-0.1713,-10.7757,0.1887,0.2,0.4314,0.3922,0.1961,10.0824,"1",7.0312e-08,0.00865169520312063,0.000920706347271902,0.000243023831526735,0.0187064747561388,-14875.7617726056
79,80,0,-0.1505,-0.1713,-10.7757,-0.1518,-0.174,-10.8337,0.1887,0.0581,0.4314,0.3922,0.1961,10.144,"1",7.0312e-08,0.00865169520312063,0.00026746012456942,7.05970849946609e-05,0.0184634509245434,-14875.6380193266
80,81,0,-0.1518,-0.174,-10.8337,-0.156,-0.1832,-11.0335,0.1887,0.2,0.4314,0.3922,0.1961,10.3567,"1",7.0312e-08,0.00865169520312063,0.000920671621485124,0.000243014665527412,0.0183928538394515,-14875.2156432375
81,82,0,-0.156,-0.1832,-11.0335,-0.1571,-0.1839,-11.0984,0.1887,0.065,0.4314,0.3922,0.1961,10.4261,"1",7.0312e-08,0.00865169520312063,0.000299212553495918,7.89782555610012e-05,0.0181498391741045,-14875.0795805675
82,83,0,-0.1571,-0.1839,-11.0984,-0.1684,-0.1924,-11.2979,0.1887,0.2,0.4314,0.3922,0.1961,10.6404,"1",7.0312e-08,0.00865169520312063,0.000920636582218015,0.000243005416783801,0.018070860918742,-14874.6646478355
83,84,0,-0.1684,-0.1924,-11.2979,-0.1702,-0.1934,-11.3255,0.1887,0.0276,0.4314,0.3922,0.1961,10.6701,"1",7.0312e-08,0.00865169520312063,0.000127045796237531,3.35342058545532e-05,0.0178278555017815,-14874.6078282149
84,85,0,-0.1702,-0.1934,-11.3255,-0.173,-0.2187,-11.5239,0.1887,0.2,0.4314,0.3922,0.1961,10.8857,"1",7.0312e-08,0.00865169520312063,0.000920606985400784,0.000242997604594882,0.0177943212958842,-14874.1992881193
85,86,0,-0.173,-0.2187,-11.5239,-0.1731,-0.2201,-11.5342,0.1887,0.0104,0.4314,0.3922,0.1961,10.897,"1",7.0312e-08,0.00865169520312063,4.78708591849715e-05,1.2635689600794e-05,0.0175513236958468,-14874.178197679
86,87,0,-0.1731,-0.2201,-11.5342,-0.1727,-0.2359,-11.644,0.1887,0.1109,0.4314,0.3922,0.1961,11.0171,"1",7.0312e-08,0.00865169520312063,0.000510464769351761,0.000134739056024602,0.0175386880021562,-14873.9542451294
87,88,0,-0.1727,-0.2359,-11.644,-0.1916,-0.2327,-11.843,0.1887,0.2,0.4314,0.3922,0.1961,11.2346,"1",7.0312e-08,0.00865169520312063,0.000920565986169015,0.000242986782696647,0.0174039489459394,-14873.5547290902
88,89,0,-0.1916,-0.2327,-11.843,-0.1963,-0.2326,-11.8959,0.1887,0.053,0.4314,0.3922,0.1961,11.2925,"1",7.0312e-08,0.00865169520312063,0.000243945771658032,6.43903849351578e-05,0.0171609621628155,-14873.4497988278
89,90,0,-0.1963,-0.2326,-11.8959,-0.2251,-0.2068,-12.0921,0.1887,0.2,0.4314,0.3922,0.1961,11.5115,"1",7.0312e-08,0.00865169520312063,0.000920534346719625,0.000242978431347445,0.0170965717787542,-14873.0573882859
90,91,0,-0.2251,-0.2068,-12.0921,-0.2231,-0.207,-12.2516,0.1887,0.1596,0.4314,0.3922,0.1961,11.6871,"1",7.0312e-08,0.00865169520312063,0.000734568736557917,0.000193892123592951,0.0168535933478014,-14872.7482742002
91,92,0,-0.2231,-0.207,-12.2516,-0.22,-0.2122,-12.4516,0.1887,0.2,0.4314,0.3922,0.1961,11.9083,"1",7.0312e-08,0.00865169520312063,0.000920490353159757,0.00024296681908528,0.016659701223956,-14872.3659625978
92,93,0,-0.22,-0.2122,-12.4516,-0.2171,-0.2125,-12.499,0.1887,0.0475,0.4314,0.3922,0.1961,11.961,"1",7.0312e-08,0.00865169520312063,0.000218612922906333,5.77036862006839e-05,0.0164167344054855,-14872.2759889681
93,94,0,-0.2171,-0.2125,-12.499,-0.2122,-0.2085,-12.6989,0.1887,0.2,0.4314,0.3922,0.1961,12.1837,"1",7.0312e-08,0.00865169520312063,0.000920460740300607,0.000242959002662037,0.0163590307192275,-14871.9006278322
94,95,0,-0.2122,-0.2085,-12.6989,-0.2121,-0.2041,-12.8262,0.1887,0.1274,0.4314,0.3922,0.1961,12.3263,"1",7.0312e-08,0.00865169520312063,0.000586321199613253,0.000154761640188068,0.0161160717167795,-14871.6644510893
95,96,0,-0.2121,-0.2041,-12.8262,-0.2114,-0.1987,-13.0261,0.1887,0.2,0.4314,0.3922,0.1961,12.5511,"1",7.0312e-08,0.00865169520312063,0.000920422402262211,0.000242948883195595,0.0159613100769384,-14871.2982838873
96,97,0,-0.2114,-0.1987,-13.0261,-0.2113,-0.1982,-13.0327,0.1887,0.0066,0.4314,0.3922,0.1961,12.5585,"1",7.0312e-08,0.00865169520312063,3.03735461211778e-05,8.01720937114678e-06,0.0157183611959816,-14871.2862960947
97,98,0,-0.2113,-0.1982,-13.0327,-0.2116,-0.1967,-13.1972,0.1887,0.1645,0.4314,0.3922,0.1961,12.7443,"1",7.0312e-08,0.00865169520312063,0.000757029588717846,0.000199820748248831,0.0157103439859021,-14870.9894853295
98,99,0,-0.2116,-0.1967,-13.1972,-0.2355,-0.2106,-13.3952,0.1887,0.2,0.4314,0.3922,0.1961,12.9715,"1",7.0312e-08,0.00865169520312063,0.000920380096480615,0.000242937716428721,0.0155105232378113,-14870.633738773
99,100,0,-0.2355,-0.2106,-13.3952,-0.2548,-0.2209,-13.5535,0.1887,0.1597,0.4314,0.3922,0.1961,13.1539,"1",7.0312e-08,0.00865169520312063,0.000734907481896721,0.000193981536672802,0.015267585520829,-14870.353707649
100,101,0,-0.2548,-0.2209,-13.5535,-0.2794,-0.2452,-13.7372,0.1887,0.1869,0.4314,0.3922,0.1961,13.3684,"1",7.0312e-08,0.00865169520312063,0.00086005863579323,0.000227015644703057,0.0150736039848421,-14870.0305291471
101,102,0,-0.2794,-0.2452,-13.7372,-0.2921,-0.3001,-13.9291,0.1887,0.2,0.4314,0.3922,0.1961,13.5991,"1",7.0312e-08,0.00865169520312063,0.00092032000777353,0.000242921855793166,0.0148465883399468,-14869.6901304947
102,103,0,-0.2921,-0.3001,-13.9291,-0.3036,-0.3199,-14.0507,0.1887,0.1237,0.4314,0.3922,0.1961,13.7426,"1",7.0312e-08,0.00865169520312063,0.000569207228982711,0.000150244344605612,0.014603666484316,-14869.4824046252
103,104,0,-0.3036,-0.3199,-14.0507,-0.3101,-0.3411,-14.1835,0.1887,0.1347,0.4314,0.3922,0.1961,13.8993,"1",7.0312e-08,0.00865169520312063,0.000619814698781262,0.0001636023726574,0.0144534221400865,-14869.2586499425
104,105,0,-0.3101,-0.3411,-14.1835,-0.3132,-0.3518,-14.3185,0.1887,0.1355,0.4314,0.3922,0.1961,14.0575,"1",7.0312e-08,0.00865169520312063,0.000623486305990693,0.000164571506903667,0.014289819767373,-14869.0361362287
105,106,0,-0.3132,-0.3518,-14.3185,-0.3148,-0.3502,-14.3871,0.1887,0.0687,0.4314,0.3922,0.1961,14.138,"1",7.0312e-08,0.00865169520312063,0.000316110835422009,8.34386193154881e-05,0.0141252482598773,-14868.9243039909
106,107,0,-0.3148,-0.3502,-14.3871,-0.3152,-0.3446,-14.5871,0.1887,0.2,0.4314,0.3922,0.1961,14.3733,"1",7.0312e-08,0.00865169520312063,0.000920250719501476,0.000242903566898553,0.0140418096412906,-14868.6025090806
107,108,0,-0.3152,-0.3446,-14.5871,-0.3158,-0.3444,-14.6183,0.1887,0.0312,0.4314,0.3922,0.1961,14.4101,"1",7.0312e-08,0.00865169520312063,0.000143557286435417,3.78924745077412e-05,0.0137989060758371,-14868.5528153805
108,109,0,-0.3158,-0.3444,-14.6183,-0.3214,-0.3423,-14.7988,0.1887,0.1806,0.4314,0.3922,0.1961,14.624,"1",7.0312e-08,0.00865169520312063,0.000830966265691206,0.000219336606461019,0.0137610136005348,-14868.2678500831
109,110,0,-0.3214,-0.3423,-14.7988,-0.3284,-0.3507,-14.9715,0.1887,0.1731,0.4314,0.3922,0.1961,14.83,"1",7.0312e-08,0.00865169520312063,0.000796442563382996,0.000210223948078366,0.0135416769941807,-14867.9990161385
110,111,0,-0.3284,-0.3507,-14.9715,-0.3338,-0.3538,-15.0721,0.1887,0.1008,0.4314,0.3922,0.1961,14.9505,"1",7.0312e-08,0.00865169520312063,0.000463779577799141,0.000122416327762443,0.0133314530456328,-14867.8444058984
111,112,0,-0.3338,-0.3538,-15.0721,-0.3431,-0.3616,-15.2717,0.1887,0.2,0.4314,0.3922,0.1961,15.1907,"1",7.0312e-08,0.00865169520312063,0.000920183114643844,0.000242885722347378,0.0132090367178511,-14867.5418618737
112,113,0,-0.3431,-0.3616,-15.2717,-0.3442,-0.364,-15.3189,0.1887,0.0472,0.4314,0.3922,0.1961,15.2476,"1",7.0312e-08,0.00865169520312063,0.000217160440517877,5.73202981244383e-05,0.0129661509959678,-14867.4712803804
113,114,0,-0.3442,-0.364,-15.3189,-0.3134,-0.3446,-15.4882,0.1887,0.1731,0.4314,0.3922,0.1961,15.4569,"1",7.0312e-08,0.00865169520312063,0.00079639936087652,0.000210212544617657,0.0129088306976055,-14867.215108082
114,115,0,-0.3134,-0.3446,-15.4882,-0.2882,-0.326,-15.6702,0.1887,0.1847,0.4314,0.3922,0.1961,15.6815,"1",7.0312e-08,0.00865169520312063,0.000849753388137803,0.000224295536627909,0.0126986181529431,-14866.9464068666
115,116,0,-0.2882,-0.326,-15.6702,-0.261,-0.316,-15.8081,0.1887,0.1409,0.4314,0.3922,0.1961,15.8537,"1",7.0312e-08,0.00865169520312063,0.000648231295823202,0.000171103038111207,0.012474322616285,-14866.7446455033
116,117,0,-0.261,-0.316,-15.8081,-0.244,-0.2774,-16.0036,0.1887,0.2,0.4314,0.3922,0.1961,16.0993,"1",7.0312e-08,0.00865169520312063,0.000920114308493176,0.000242867560710481,0.0123032195780041,-14866.4630409132
117,118,0,-0.244,-0.2774,-16.0036,-0.241,-0.2699,-16.0423,0.1887,0.0395,0.4314,0.3922,0.1961,16.1481,"1",7.0312e-08,0.00865169520312063,0.000181720482209985,4.79657905958961e-05,0.0120603520171382,-14866.4080879163
118,119,0,-0.241,-0.2699,-16.0423,-0.2369,-0.2532,-16.1176,0.1887,0.0773,0.4314,0.3922,0.1961,16.2435,"1",7.0312e-08,0.00865169520312063,0.00035561810584468,9.38667088575327e-05,0.0120123862269768,-14866.3011806015
119,120,0,-0.2369,-0.2532,-16.1176,-0.2528,-0.2225,-16.3067,0.1887,0.1922,0.4314,0.3922,0.1961,16.4819,"1",7.0312e-08,0.00865169520312063,0.000884203522716472,0.000233388776537384,0.0119185195177967,-14866.0389995295
120,121,0,-0.2528,-0.2225,-16.3067,-0.2625,-0.2036,-16.4121,0.1887,0.1075,0.4314,0.3922,0.1961,16.6159,"1",7.0312e-08,0.00865169520312063,0.000494539823706015,0.000130535607966325,0.0116851307412323,-14865.8946191249
121,122,0,-0.2625,-0.2036,-16.4121,-0.2789,-0.1674,-16.6081,0.1887,0.2,0.4314,0.3922,0.1961,16.8663,"1",7.0312e-08,0.00865169520312063,0.000920061162280159,0.000242853532571806,0.0115545951333629,-14865.6303202162
122,123,0,-0.2789,-0.1674,-16.6081,-0.2795,-0.1621,-16.6429,0.1887,0.0352,0.4314,0.3922,0.1961,16.9105,"1",7.0312e-08,0.00865169520312063,0.000161929045128594,4.27417678820399e-05,0.0113117416000986,-14865.5843845887
123,124,0,-0.2795,-0.1621,-16.6429,-0.2743,-0.1416,-16.8417,0.1887,0.2,0.4314,0.3922,0.1961,17.1628,"1",7.0312e-08,0.00865169520312063,0.000920041774512183,0.000242848415099039,0.0112689998328084,-14865.3266876864
124,125,0,-0.2743,-0.1416,-16.8417,-0.2765,-0.1314,-16.9651,0.1887,0.1238,0.4314,0.3922,0.1961,17.3198,"1",7.0312e-08,0.00865169520312063,0.000569497768268512,0.000150321033520219,0.0110261514181165,-14865.1699862972
125,126,0,-0.2765,-0.1314,-16.9651,-0.2936,-0.137,-17.1366,0.1887,0.1725,0.4314,0.3922,0.1961,17.5395,"1",7.0312e-08,0.00865169520312063,0.000793514630026842,0.000209451109284785,0.0108758303842424,-14864.9552289005
126,127,0,-0.2936,-0.137,-17.1366,-0.3026,-0.1336,-17.229,0.1887,0.0929,0.4314,0.3922,0.1961,17.6584,"1",7.0312e-08,0.00865169520312063,0.000427343064350517,0.000112798775833972,0.0106663792752963,-14864.8413012711
127,128,0,-0.3026,-0.1336,-17.229,-0.2993,-0.1405,-17.4289,0.1887,0.2,0.4314,0.3922,0.1961,17.9155,"1",7.0312e-08,0.00865169520312063,0.000919995359223693,0.000242836163612684,0.0105535804994331,-14864.6001424731
128,129,0,-0.2993,-0.1405,-17.4289,-0.2988,-0.137,-17.4789,0.1887,0.0501,0.4314,0.3922,0.1961,17.9802,"1",7.0312e-08,0.00865169520312063,0.000230456465502277,6.08298328912599e-05,0.0103107443360196,-14864.5406114227
129,130,0,-0.2988,-0.137,-17.4789,-0.2814,-0.1275,-17.6675,0.1887,0.1897,0.4314,0.3922,0.1961,18.226,"1",7.0312e-08,0.00865169520312063,0.00087259815321569,0.00023032549651252,0.0102499145031305,-14864.3183934287
130,131,0,-0.2814,-0.1275,-17.6675,-0.2775,-0.1254,-17.7099,0.1887,0.0426,0.4314,0.3922,0.1961,18.2814,"1",7.0312e-08,0.00865169520312063,0.000195953273419492,5.17225882581509e-05,0.0100195890058589,-14864.2691854077
131,132,0,-0.2775,-0.1254,-17.7099,-0.2731,-0.1123,-17.9094,0.1887,0.2,0.4314,0.3922,0.1961,18.5425,"1",7.0312e-08,0.00865169520312063,0.000919959648571121,0.000242826737654408,0.00996786641776726,-14864.0415663688
132,133,0,-0.2731,-0.1123,-17.9094,-0.2729,-0.1116,-17.9204,0.1887,0.011,0.4314,0.3922,0.1961,18.557,"1",7.0312e-08,0.00865169520312063,5.05973654389556e-05,1.33553609688563e-05,0.00972503967782139,-14864.0292101797
133,134,0,-0.2729,-0.1116,-17.9204,-0.2745,-0.1043,-18.0572,0.1887,0.137,0.4314,0.3922,0.1961,18.7369,"1",7.0312e-08,0.00865169520312063,0.000630163612437379,0.000166334006534261,0.00971168432037536,-14863.8767421579
134,135,0,-0.2745,-0.1043,-18.0572,-0.2714,-0.1009,-18.2387,0.1887,0.1816,0.4314,0.3922,0.1961,18.9767,"1",7.0312e-08,0.00865169520312063,0.00083530170526678,0.000220480961705371,0.00954535031328249,-14863.678698207
135,136,0,-0.2714,-0.1009,-18.2387,-0.2693,-0.0878,-18.4383,0.1887,0.2,0.4314,0.3922,0.1961,19.2425,"1",7.0312e-08,0.00865169520312063,0.00091992281929659,0.000242817016431745,0.00932486935183367,-14863.4659431265
136,137,0,-0.2693,-0.0878,-18.4383,-0.2714,-0.0838,-18.5036,0.1887,0.0654,0.4314,0.3922,0.1961,19.3298,"1",7.0312e-08,0.00865169520312063,0.000300811867353968,7.94004003444587e-05,0.00908205233579471,-14863.3975900681
137,138,0,-0.2714,-0.0838,-18.5036,-0.2723,-0.0835,-18.5283,0.1887,0.0247,0.4314,0.3922,0.1961,19.3629,"1",7.0312e-08,0.00865169520312063,0.000113609008619012,2.9987516271996e-05,0.0090026519366737,-14863.3719309167
138,139,0,-0.2723,-0.0835,-18.5283,-0.2661,-0.0699,-18.7277,0.1887,0.2,0.4314,0.3922,0.1961,19.6313,"1",7.0312e-08,0.00865169520312063,0.000919903699172425,0.000242811969604548,0.00897266441992376,-14863.1673176486
139,140,0,-0.2661,-0.0699,-18.7277,-0.2654,-0.0697,-18.7507,0.1887,0.023,0.4314,0.3922,0.1961,19.6622,"1",7.0312e-08,0.00865169520312063,0.000105788101436009,2.79231590149181e-05,0.00872985245102409,-14863.1441469884
140,141,0,-0.2654,-0.0697,-18.7507,-0.2537,-0.0536,-18.8343,0.1887,0.0859,0.4314,0.3922,0.1961,19.7781,"1",7.0312e-08,0.00865169520312063,0.000395094080001364,0.000104286537634899,0.0087019292915787,-14863.0582659445
141,142,0,-0.2537,-0.0536,-18.8343,-0.2436,-0.0267,-18.9746,0.1887,0.1433,0.4314,0.3922,0.1961,19.9722,"1",7.0312e-08,0.00865169520312063,0.000659098255103124,0.000173971412038548,0.00859764275363448,-14862.917301994
142,143,0,-0.2436,-0.0267,-18.9746,-0.2286,0.0139,-19.1699,0.1887,0.2,0.4314,0.3922,0.1961,20.2447,"1",7.0312e-08,0.00865169520312063,0.000919875382892361,0.00024280449541813,0.00842367134169719,-14862.7253796335
143,144,0,-0.2286,0.0139,-19.1699,-0.1952,0.0371,-19.3563,0.1887,0.1908,0.4314,0.3922,0.1961,20.5065,"1",7.0312e-08,0.00865169520312063,0.000877549976126934,0.000231632548408598,0.00818086684626138,-14862.5475171952
144,145,0,-0.1952,0.0371,-19.3563,-0.1874,0.0428,-19.3951,0.1887,0.04,0.4314,0.3922,0.1961,20.5615,"1",7.0312e-08,0.00865169520312063,0.000183971391541399,4.85599264045176e-05,0.00794923429758726,-14862.5108771882
145,146,0,-0.1874,0.0428,-19.3951,-0.215,0.0636,-19.5665,0.1887,0.1749,0.4314,0.3922,0.1961,20.8033,"1",7.0312e-08,0.00865169520312063,0.000804409526797994,0.000212326857415836,0.00790067437095082,-14862.3533057645
146,147,0,-0.215,0.0636,-19.5665,-0.2518,0.0503,-19.7627,0.1887,0.2,0.4314,0.3922,0.1961,21.0816,"1",7.0312e-08,0.00865169520312063,0.00091984029435482,0.000242795233669407,0.00768834751363026,-14862.1783816722
147,148,0,-0.2518,0.0503,-19.7627,-0.2578,0.0493,-19.807,0.1887,0.0447,0.4314,0.3922,0.1961,21.1441,"1",7.0312e-08,0.00865169520312063,0.000205582806756226,5.42643390500747e-05,0.00744555227988714,-14862.1400535329
148,149,0,-0.2578,0.0493,-19.807,-0.2624,0.049,-19.8525,0.1887,0.0457,0.4314,0.3922,0.1961,21.2081,"1",7.0312e-08,0.00865169520312063,0.00021018141737436,5.54781592604272e-05,0.00739128794102488,-14862.1011577819
149,150,0,-0.2624,0.049,-19.8525,-0.2643,0.0552,-19.9234,0.1887,0.0712,0.4314,0.3922,0.1961,21.308,"1",7.0312e-08,0.00865169520312063,0.000327458775882482,8.64339499969946e-05,0.00733580978157152,-14862.0411426527
150,151,0,-0.2643,0.0552,-19.9234,-0.294,0.0493,-20.1211,0.1887,0.2,0.4314,0.3922,0.1961,21.5899,"1",7.0312e-08,0.00865169520312063,0.000919820896746478,0.00024279011359924,0.00724937583108485,-14861.8763661464
151,152,0,-0.294,0.0493,-20.1211,-0.2984,0.0477,-20.1548,0.1887,0.034,0.4314,0.3922,0.1961,21.638,"1",7.0312e-08,0.00865169520312063,0.000156368525218008,4.12740481710208e-05,0.00700658571701463,-14861.8489123064
152,153,0,-0.2984,0.0477,-20.1548,-0.3101,0.0314,-20.2992,0.1887,0.1458,0.4314,0.3922,0.1961,21.845,"1",7.0312e-08,0.00865169520312063,0.000670541717569308,0.000176991956105291,0.00696531166889442,-14861.7330229129
153,154,0,-0.3101,0.0314,-20.2992,-0.3058,0.0441,-20.4988,0.1887,0.2,0.4314,0.3922,0.1961,22.1307,"1",7.0498541575e-08,0.00865169520312063,0.000922242055141168,0.000243429187275178,0.0067883197126894,-14861.5789119612
154,155,0,-0.3058,0.0441,-20.4988,-0.3055,0.0452,-20.5171,0.1887,0.0184,0.4314,0.3922,0.1961,22.157,"1",7.053607825e-08,0.00865169520312063,8.48909581289964e-05,2.24072810702496e-05,0.00654489052531212,-14861.5650164372
155,156,0,-0.3055,0.0452,-20.5171,-0.3032,0.0521,-20.6218,0.1887,0.105,0.4314,0.3922,0.1961,22.3079,"1",7.0751450275e-08,0.00865169520312063,0.000485909699706695,0.000128257654950056,0.00652248324378714,-14861.4866355891
156,157,0,-0.3032,0.0521,-20.6218,-0.2942,0.0197,-20.819,0.1887,0.2,0.4314,0.3922,0.1961,22.597,"1",7.116406825e-08,0.00865169520312063,0.000930932827437089,0.000245723148632715,0.00639422558855315,-14861.3416613693
157,158,0,-0.2942,0.0197,-20.819,-0.296,0.0075,-20.9131,0.1887,0.0949,0.4314,0.3922,0.1961,22.7349,"1",7.1360886025e-08,0.00865169520312063,0.000442946098548113,0.00011691725417984,0.00614850243900528,-14861.2748599922
158,159,0,-0.296,0.0075,-20.9131,-0.302,-0.0172,-21.1115,0.1887,0.2,0.4314,0.3922,0.1961,23.0271,"1",7.1777928475e-08,0.00865169520312063,0.000938949655454719,0.000247839219915713,0.00603158518534544,-14861.1382933369
159,160,0,-0.302,-0.0172,-21.1115,-0.3029,-0.0203,-21.1329,0.1887,0.0217,0.4314,0.3922,0.1961,23.0588,"1",7.18231723e-08,0.00865169520312063,0.000101939727804445,2.6907366620459e-05,0.0057837459657079,-14861.1238204112
160,161,0,-0.3029,-0.0203,-21.1329,-0.3259,-0.0276,-21.3314,0.1887,0.2,0.4314,0.3922,0.1961,23.3534,"1",7.224364015e-08,0.00865169520312063,0.000945032180168254,0.000249444724717129,0.00575683859934031,-14860.9936235903
161,162,0,-0.3259,-0.0276,-21.3314,-0.3282,-0.0299,-21.3667,0.1887,0.0354,0.4314,0.3922,0.1961,23.4057,"1",7.2318285325e-08,0.00865169520312063,0.000167442654737956,4.419710544627e-05,0.00550739387442671,-14860.9711794971
162,163,0,-0.3282,-0.0299,-21.3667,-0.333,-0.0229,-21.5665,0.1887,0.2,0.4314,0.3922,0.1961,23.7029,"1",7.2742464025e-08,0.00865169520312063,0.00095154763311991,0.000251164502521567,0.00546319676896794,-14860.8477906301
163,164,0,-0.333,-0.0229,-21.5665,-0.3356,-0.02,-21.6494,0.1887,0.083,0.4314,0.3922,0.1961,23.8269,"1",7.2919443025e-08,0.00865169520312063,0.000395850682891546,0.000104486245754498,0.00521203226750832,-14860.7982902159
164,165,0,-0.3356,-0.02,-21.6494,-0.3359,-0.019,-21.6595,0.1887,0.0102,0.4314,0.3922,0.1961,23.8421,"1",7.2941137225e-08,0.00865169520312063,4.86610907804913e-05,1.28442741410285e-05,0.00510754602001926,-14860.7922761964
165,166,0,-0.3359,-0.019,-21.6595,-0.3472,-0.0044,-21.7753,0.1887,0.1172,0.4314,0.3922,0.1961,24.0179,"1",7.3192047775e-08,0.00865169520312063,0.000561047380160589,0.000148090522454492,0.0050947017472498,-14860.7242639838
166,167,0,-0.3472,-0.0044,-21.7753,-0.362,0.0087,-21.9417,0.1887,0.1676,0.4314,0.3922,0.1961,24.2706,"1",7.355271385e-08,0.00865169520312063,0.000806265964154446,0.000212816870893739,0.00494661122458117,-14860.6304999353
167,168,0,-0.362,0.0087,-21.9417,-0.3879,0.0306,-22.1225,0.1887,0.1839,0.4314,0.3922,0.1961,24.5498,"1",7.395120205e-08,0.00865169520312063,0.000889466742295246,0.000234778022730799,0.00473379435382867,-14860.5323738573
168,169,0,-0.3879,0.0306,-22.1225,-0.4192,0.0594,-22.2882,0.1887,0.1711,0.4314,0.3922,0.1961,24.8114,"1",7.432457065e-08,0.00865169520312063,0.000831730082486934,0.000219538218717557,0.00449901633104682,-14860.4455700387
169,170,0,-0.4192,0.0594,-22.2882,-0.4446,0.0886,-22.4845,0.1887,0.2,0.4314,0.3922,0.1961,25.1192,"1",7.47638782e-08,0.00865169520312063,0.000977955466091679,0.000258134947300332,0.00427947811240915,-14860.3496255932
170,171,0,-0.4446,0.0886,-22.4845,-0.4446,0.0886,-22.4846,0.1887,1e-04,0.4314,0.3922,0.1961,25.1195,"1",7.4764306375e-08,0.00865169520312063,4.88978938308617e-07,1.29067791783715e-07,0.00402134306714521,-14860.3495791135
171,172,0,-0.4446,0.0886,-22.4846,-0.4383,0.1205,-22.674,0.1887,0.1922,0.4314,0.3922,0.1961,25.4176,"1",7.51897696e-08,0.00865169520312063,0.000945162922964111,0.00024947923475965,0.00402121408488304,-14860.263017769
172,173,0,-0.4383,0.1205,-22.674,-0.4342,0.1432,-22.8727,0.1887,0.2,0.4314,0.3922,0.1961,25.7302,"1",7.563592795e-08,0.00865169520312063,0.000989350384672352,0.000261142678029696,0.00377173485006486,-14860.1788455161
173,174,0,-0.4342,0.1432,-22.8727,-0.4328,0.1474,-22.9177,0.1887,0.0452,0.4314,0.3922,0.1961,25.8012,"1",7.57372627e-08,0.00865169520312063,0.000223891970743014,5.90971103210722e-05,0.00351059217206355,-14860.1606591182
174,175,0,-0.4328,0.1474,-22.9177,-0.4312,0.1512,-23.0617,0.1887,0.144,0.4314,0.3922,0.1961,26.0283,"1",7.6061391175e-08,0.00865169520312063,0.000716334922937086,0.00018907924132858,0.00345149506079951,-14860.1047854931
175,176,0,-0.4312,0.1512,-23.0617,-0.4294,0.151,-23.2617,0.1887,0.2,0.4314,0.3922,0.1961,26.3457,"1",7.6514400325e-08,0.00865169520312063,0.00100083070907368,0.000264172951939991,0.00326241581915068,-14860.0324221201
176,177,0,-0.4294,0.151,-23.2617,-0.4273,0.1523,-23.3527,0.1887,0.0911,0.4314,0.3922,0.1961,26.4911,"1",7.6721922475e-08,0.00865169520312063,0.000457113211231028,0.000120656715753093,0.0029982428667815,-14860.0014866787
177,178,0,-0.4273,0.1523,-23.3527,-0.4195,0.1591,-23.5524,0.1887,0.2,0.4314,0.3922,0.1961,26.8123,"1",7.7180355175e-08,0.00865169520312063,0.00100953473972641,0.00026647041288964,0.00287758615141983,-14859.9380459129
178,179,0,-0.4195,0.1591,-23.5524,-0.4172,0.1615,-23.6104,0.1887,0.058,0.4314,0.3922,0.1961,26.906,"1",7.73140885e-08,0.00865169520312063,0.00029327155652079,7.74101075274154e-05,0.00261111573805426,-14859.9208007585
179,180,0,-0.4172,0.1615,-23.6104,-0.4118,0.1625,-23.7527,0.1887,0.1424,0.4314,0.3922,0.1961,27.1368,"1",7.76434978e-08,0.00865169520312063,0.000723098614609427,0.00019086454265766,0.00253370563093717,-14859.8806687252
180,181,0,-0.4118,0.1625,-23.7527,-0.41,0.1604,-23.8155,0.1887,0.0629,0.4314,0.3922,0.1961,27.2392,"1",7.77896482e-08,0.00865169520312063,0.00032000300708216,8.44659723609106e-05,0.0023428410886347,-14859.8639427258
181,182,0,-0.41,0.1604,-23.8155,-0.405,0.1562,-23.9748,0.1887,0.1594,0.4314,0.3922,0.1961,27.4998,"1",7.816158955e-08,0.00865169520312063,0.000814821458582233,0.000215075125159724,0.00225837511571766,-14859.8243154053
182,183,0,-0.405,0.1562,-23.9748,-0.3998,0.1565,-24.1747,0.1887,0.2,0.4314,0.3922,0.1961,27.8293,"1",7.8631868425e-08,0.00865169520312063,0.00102850899530607,0.000271478737536257,0.00204329999073948,-14859.780218601
183,184,0,-0.3998,0.1565,-24.1747,-0.3983,0.1565,-24.2345,0.1887,0.0597,0.4314,0.3922,0.1961,27.9282,"1",7.877302345e-08,0.00865169520312063,0.00030756047831847,8.11817210651599e-05,0.00177182125389593,-14859.7682724503
184,185,0,-0.3983,0.1565,-24.2345,-0.3811,0.1419,-24.4332,0.1887,0.2,0.4314,0.3922,0.1961,28.2613,"1",7.9248440425e-08,0.00865169520312063,0.00103657009050758,0.000273606493305484,0.00169063953279792,-14859.7323526405
185,186,0,-0.3811,0.1419,-24.4332,-0.3795,0.1309,-24.5209,0.1887,0.0885,0.4314,0.3922,0.1961,28.4094,"1",7.945981615e-08,0.00865169520312063,0.00045990491413253,0.000121393596016401,0.00141703303927859,-14859.7184783935
186,187,0,-0.3795,0.1309,-24.5209,-0.3836,0.1591,-24.7189,0.1887,0.2,0.4314,0.3922,0.1961,28.7465,"1",7.9940942125e-08,0.00865169520312063,0.00104562476954059,0.000275996509186625,0.00129563944366775,-14859.6917173688
187,188,0,-0.3836,0.1591,-24.7189,-0.3848,0.1648,-24.7652,0.1887,0.0466,0.4314,0.3922,0.1961,28.8255,"1",8.0053694875e-08,0.00865169520312063,0.000243973939837935,6.43978200299928e-05,0.00101964293466006,-14859.6863987705
188,189,0,-0.3848,0.1648,-24.7652,-0.3803,0.1585,-24.965,0.1887,0.2,0.4314,0.3922,0.1961,29.1662,"1",8.053995895e-08,0.00865169520312063,0.00105345785312431,0.000278064080449519,0.000955245113526437,-14859.6675304903
189,190,0,-0.3803,0.1585,-24.965,-0.3802,0.1584,-24.9686,0.1887,0.0035,0.4314,0.3922,0.1961,29.1722,"1",8.054852245e-08,0.00865169520312063,1.84374611643551e-05,4.86663578356293e-06,0.000677181035392656,-14859.6672575245
190,191,0,-0.3802,0.1584,-24.9686,-0.3673,0.1569,-25.1681,0.1887,0.2,0.4314,0.3922,0.1961,29.5159,"1",8.1039068275e-08,0.00865169520312063,0.00105998501831602,0.00027978694974286,0.000672314404739806,-14859.6549496265
191,192,0,-0.3673,0.1569,-25.1681,-0.3682,0.1629,-25.29,0.1887,0.122,0.4314,0.3922,0.1961,29.727,"1",8.134036075e-08,0.00865169520312063,0.000648994444272449,0.00017130447395523,0.000392527455113334,-14859.6506222924
192,193,0,-0.3682,0.1629,-25.29,-0.3643,0.1624,-25.4468,0.1887,0.1568,0.4314,0.3922,0.1961,30,"1",8.173e-08,0.00865169520312063,0.000838112876417041,0.000221222980684645,0.000221222980643859,-14859.6486176123
1,195,1,0,0,0,-0.0862,-0.1721,-0.0542,0.0902,0.2,0.4314,0.3922,0.1961,17.0503,"2",7.0312e-08,0.00865169520312063,0.000443660532657845,0.000117105831694522,0.0130302733359263,-14993.6010821144
194,196,1,-0.0862,-0.1721,-0.0542,-0.1616,-0.3463,-0.1174,0.0902,0.2,0.4314,0.3922,0.1961,17.1514,"2",7.0312e-08,0.00865169520312063,0.000443651519443434,0.000117103452623381,0.0129131675040027,-14993.3039238055
195,197,1,-0.1616,-0.3463,-0.1174,-0.2231,-0.5203,-0.1944,0.0902,0.2,0.4314,0.3922,0.1961,17.2529,"2",7.0312e-08,0.00865169520312063,0.000443642587965633,0.000117101095126918,0.0127960640513935,-14993.009472533
196,198,1,-0.2231,-0.5203,-0.1944,-0.3112,-0.6628,-0.3037,0.0902,0.2,0.4314,0.3922,0.1961,17.3547,"2",7.0312e-08,0.00865169520312063,0.000443633738222795,0.000117098759204701,0.0126789629563794,-14992.7177282427
197,199,1,-0.3112,-0.6628,-0.3037,-0.3934,-0.8013,-0.4222,0.0902,0.2,0.4314,0.3922,0.1961,17.4568,"2",7.0312e-08,0.00865169520312063,0.000443624970213291,0.000117096444856298,0.0125618641971026,-14992.4286908809
198,200,1,-0.3934,-0.8013,-0.4222,-0.4685,-0.919,-0.5654,0.0902,0.2,0.4314,0.3922,0.1961,17.5592,"2",7.0312e-08,0.00865169520312063,0.000443616283935504,0.000117094152081282,0.012444767752397,-14992.1423603944
199,201,1,-0.4685,-0.919,-0.5654,-0.5448,-1.0338,-0.7103,0.0902,0.2,0.4314,0.3922,0.1961,17.662,"2",7.0312e-08,0.00865169520312063,0.000443607679387835,0.000117091880879233,0.0123276736001282,-14991.8587367303
200,202,1,-0.5448,-1.0338,-0.7103,-0.6216,-1.1494,-0.8544,0.0902,0.2,0.4314,0.3922,0.1961,17.7651,"2",7.0312e-08,0.00865169520312063,0.000443599156568699,0.00011708963124973,0.0122105817192684,-14991.5778198364
201,203,1,-0.6216,-1.1494,-0.8544,-0.6947,-1.2674,-0.9983,0.0902,0.2,0.4314,0.3922,0.1961,17.8685,"2",7.0312e-08,0.00865169520312063,0.000443590715476524,0.00011708740319236,0.01209349208796,-14991.2996096609
202,204,1,-0.6947,-1.2674,-0.9983,-0.7344,-1.4139,-1.1286,0.0902,0.2,0.4314,0.3922,0.1961,17.9723,"2",7.0312e-08,0.00865169520312063,0.000443582356109757,0.000117085196706713,0.0119764046850367,-14991.0241061527
203,205,1,-0.7344,-1.4139,-1.1286,-0.7508,-1.5354,-1.2866,0.0902,0.2,0.4314,0.3922,0.1961,18.0764,"2",7.0312e-08,0.00865169520312063,0.000443574078466856,0.000117083011792381,0.0118593194883643,-14990.7513092609
204,206,1,-0.7508,-1.5354,-1.2866,-0.7435,-1.647,-1.4524,0.0902,0.2,0.4314,0.3922,0.1961,18.1808,"2",7.0312e-08,0.00865169520312063,0.000443565882546298,0.000117080848448962,0.0117422364763616,-14990.4812189353
205,207,1,-0.7435,-1.647,-1.4524,-0.7788,-1.7598,-1.6138,0.0902,0.2,0.4314,0.3922,0.1961,18.2856,"2",7.0312e-08,0.00865169520312063,0.000443557768346571,0.000117078706676058,0.0116251556281392,-14990.2138351261
206,208,1,-0.7788,-1.7598,-1.6138,-0.8286,-1.8893,-1.7578,0.0902,0.2,0.4314,0.3922,0.1961,18.3907,"2",7.0312e-08,0.00865169520312063,0.000443549735866181,0.000117076586473273,0.011508076921286,-14989.949157784
207,209,1,-0.8286,-1.8893,-1.7578,-0.8624,-1.999,-1.9216,0.0902,0.2,0.4314,0.3922,0.1961,18.4961,"2",7.0312e-08,0.00865169520312063,0.000443541785103648,0.000117074487840218,0.011391000335051,-14989.6871868604
208,210,1,-0.8624,-1.999,-1.9216,-0.8975,-2.1079,-2.0856,0.0902,0.2,0.4314,0.3922,0.1961,18.6019,"2",7.0312e-08,0.00865169520312063,0.000443533916057507,0.000117072410776506,0.0112739258472996,-14989.4279223069
209,211,1,-0.8975,-2.1079,-2.0856,-0.9163,-2.2344,-2.2394,0.0902,0.2,0.4314,0.3922,0.1961,18.7081,"2",7.0312e-08,0.00865169520312063,0.000443526128726309,0.000117070355281754,0.0111568534364509,-14989.1713640757
210,212,1,-0.9163,-2.2344,-2.2394,-0.9451,-2.3465,-2.4025,0.0902,0.2,0.4314,0.3922,0.1961,18.8146,"2",7.0312e-08,0.00865169520312063,0.000443518423108618,0.000117068321355583,0.0110397830810621,-14988.9175121197
211,213,1,-0.9451,-2.3465,-2.4025,-1.0048,-2.4782,-2.5407,0.0902,0.2,0.4314,0.3922,0.1961,18.9214,"2",7.0312e-08,0.00865169520312063,0.000443510799203016,0.000117066308997619,0.0109227147598288,-14988.666366392
212,214,1,-1.0048,-2.4782,-2.5407,-1.0702,-2.6053,-2.6806,0.0902,0.2,0.4314,0.3922,0.1961,19.0286,"2",7.0312e-08,0.00865169520312063,0.000443503257008097,0.00011706431820749,0.0108056484507548,-14988.4179268463
213,215,1,-1.0702,-2.6053,-2.6806,-1.1382,-2.7356,-2.8161,0.0902,0.2,0.4314,0.3922,0.1961,19.1362,"2",7.0312e-08,0.00865169520312063,0.000443495796522473,0.000117062348984831,0.0106885841326742,-14988.172193437
214,216,1,-1.1382,-2.7356,-2.8161,-1.1868,-2.9038,-2.9129,0.0902,0.2,0.4314,0.3922,0.1961,19.2441,"2",7.0312e-08,0.00865169520312063,0.000443488417744767,0.000117060401329278,0.0105715217838674,-14987.9291661186
215,217,1,-1.1868,-2.9038,-2.9129,-1.1951,-3.0704,-3.0233,0.0902,0.2,0.4314,0.3922,0.1961,19.3524,"2",7.0312e-08,0.00865169520312063,0.000443481120673622,0.000117058475240472,0.0104544613824768,-14987.6888448465
216,218,1,-1.1951,-3.0704,-3.0233,-1.1611,-3.2365,-3.1293,0.0902,0.2,0.4314,0.3922,0.1961,19.4611,"2",7.0312e-08,0.00865169520312063,0.000443473905307692,0.00011705657071806,0.0103374029071979,-14987.4512295764
217,219,1,-1.1611,-3.2365,-3.1293,-1.1241,-3.4023,-3.2349,0.0902,0.2,0.4314,0.3922,0.1961,19.5701,"2",7.0312e-08,0.00865169520312063,0.000443466771645649,0.000117054687761688,0.0102203463364496,-14987.2163202645
218,220,1,-1.1241,-3.4023,-3.2349,-1.0842,-3.5223,-3.3899,0.0902,0.2,0.4314,0.3922,0.1961,19.6795,"2",7.0312e-08,0.00865169520312063,0.000443459719686177,0.000117052826371012,0.0101032916487893,-14986.9841168674
219,221,1,-1.0842,-3.5223,-3.3899,-1.0405,-3.6449,-3.5417,0.0902,0.2,0.4314,0.3922,0.1961,19.7892,"2",7.0312e-08,0.00865169520312063,0.000443452749427979,0.000117050986545687,0.00998623882249738,-14986.7546193425
220,222,1,-1.0405,-3.6449,-3.5417,-1.008,-3.7715,-3.6931,0.0902,0.2,0.4314,0.3922,0.1961,19.8994,"2",7.0312e-08,0.00865169520312063,0.000443445860869769,0.000117049168285376,0.00986918783599286,-14986.5278276475
221,223,1,-1.008,-3.7715,-3.6931,-1.0099,-3.885,-3.8577,0.0902,0.2,0.4314,0.3922,0.1961,20.0099,"2",7.0312e-08,0.00865169520312063,0.000443439054010279,0.000117047371589742,0.00975213866755631,-14986.3037417405
222,224,1,-1.0099,-3.885,-3.8577,-0.9819,-3.9714,-4.0359,0.0902,0.2,0.4314,0.3922,0.1961,20.1208,"2",7.0312e-08,0.00865169520312063,0.000443432328848254,0.000117045596458456,0.00963509129616,-14986.0823615803
223,225,1,-0.9819,-3.9714,-4.0359,-0.9288,-4.037,-4.2173,0.0902,0.2,0.4314,0.3922,0.1961,20.2321,"2",7.0312e-08,0.00865169520312063,0.000443425685382455,0.000117043842891189,0.00951804569980783,-14985.863687126
224,226,1,-0.9288,-4.037,-4.2173,-0.9093,-4.1102,-4.4023,0.0902,0.2,0.4314,0.3922,0.1961,20.3437,"2",7.0312e-08,0.00865169520312063,0.000443419123611659,0.000117042110887619,0.00940100185678037,-14985.6477183375
225,227,1,-0.9093,-4.1102,-4.4023,-0.847,-4.2178,-4.5591,0.0902,0.2,0.4314,0.3922,0.1961,20.4558,"2",7.0312e-08,0.00865169520312063,0.000443412643534657,0.000117040400447426,0.0092839597460499,-14985.4344551749
226,228,1,-0.847,-4.2178,-4.5591,-0.7615,-4.3597,-4.671,0.0902,0.2,0.4314,0.3922,0.1961,20.5682,"2",7.0312e-08,0.00865169520312063,0.000443406245150254,0.000117038711570297,0.00916691934534364,-14985.223897599
227,229,1,-0.7615,-4.3597,-4.671,-0.6695,-4.4937,-4.7875,0.0902,0.2,0.4314,0.3922,0.1961,20.6811,"2",7.0312e-08,0.00865169520312063,0.000443399928457272,0.000117037044255918,0.00904988063391053,-14985.0160455709
228,230,1,-0.6695,-4.4937,-4.7875,-0.5772,-4.6274,-4.9042,0.0902,0.2,0.4314,0.3922,0.1961,20.7943,"2",7.0312e-08,0.00865169520312063,0.000443393693454548,0.000117035398503984,0.00893284358975449,-14984.8108990523
229,231,1,-0.5772,-4.6274,-4.9042,-0.4862,-4.7606,-5.0224,0.0902,0.2,0.4314,0.3922,0.1961,20.908,"2",7.0312e-08,0.00865169520312063,0.000443387540140931,0.000117033774314191,0.00881580819115608,-14984.6084580054
230,232,1,-0.4862,-4.7606,-5.0224,-0.4474,-4.8456,-5.1993,0.0902,0.2,0.4314,0.3922,0.1961,21.022,"2",7.0312e-08,0.00865169520312063,0.00044338146851529,0.00011703217168624,0.0086987744168109,-14984.408722393
231,233,1,-0.4474,-4.8456,-5.1993,-0.3795,-4.9131,-5.3749,0.0902,0.2,0.4314,0.3922,0.1961,21.1364,"2",7.0312e-08,0.00865169520312063,0.000443375478576505,0.000117030590619835,0.0085817422452762,-14984.2116921783
232,234,1,-0.3795,-4.9131,-5.3749,-0.3181,-4.9355,-5.5639,0.0902,0.2,0.4314,0.3922,0.1961,21.2513,"2",7.0312e-08,0.00865169520312063,0.000443369570323472,0.000117029031114686,0.00846471165469423,-14984.0173673249
233,235,1,-0.3181,-4.9355,-5.5639,-0.2427,-4.9649,-5.7468,0.0902,0.2,0.4314,0.3922,0.1961,21.3665,"2",7.0312e-08,0.00865169520312063,0.000443363743755103,0.000117027493170504,0.0083476826234839,-14983.825747797
234,236,1,-0.2427,-4.9649,-5.7468,-0.1386,-4.9871,-5.9161,0.0902,0.2,0.4314,0.3922,0.1961,21.4822,"2",7.0312e-08,0.00865169520312063,0.000443357998870325,0.000117025976787008,0.00823065513061749,-14983.6368335594
235,237,1,-0.1386,-4.9871,-5.9161,-0.059,-4.9936,-6.0995,0.0902,0.2,0.4314,0.3922,0.1961,21.5983,"2",7.0312e-08,0.00865169520312063,0.000443352335668079,0.000117024481963916,0.00811362915368386,-14983.4506245772
236,238,1,-0.059,-4.9936,-6.0995,0.0171,-5.026,-6.2816,0.0902,0.2,0.4314,0.3922,0.1961,21.7148,"2",7.0312e-08,0.00865169520312063,0.000443346754147322,0.000117023008700954,0.00799660467179365,-14983.2671208162
237,239,1,0.0171,-5.026,-6.2816,0.0936,-5.0783,-6.4588,0.0902,0.2,0.4314,0.3922,0.1961,21.8318,"2",7.0312e-08,0.00865169520312063,0.000443341254307025,0.000117021556997851,0.00787958166308908,-14983.0863222425
238,240,1,0.0936,-5.0783,-6.4588,0.17,-5.1444,-6.6314,0.0902,0.2,0.4314,0.3922,0.1961,21.9491,"2",7.0312e-08,0.00865169520312063,0.000443335836146175,0.000117020126854338,0.00776256010626575,-14982.9082288228
239,241,1,0.17,-5.1444,-6.6314,0.2625,-5.2353,-6.7837,0.0902,0.2,0.4314,0.3922,0.1961,22.0669,"2",7.0407483025e-08,0.00865169520312063,0.000443932538270047,0.000117177628577719,0.00764553997931601,-14982.7328423611
240,242,1,0.2625,-5.2353,-6.7837,0.3811,-5.316,-6.923,0.0902,0.2,0.4314,0.3922,0.1961,22.1851,"2",7.0576183975e-08,0.00865169520312063,0.000444990955361209,0.000117457001667315,0.00752836235056825,-14982.5601679069
241,243,1,0.3811,-5.316,-6.923,0.4784,-5.3982,-7.0772,0.0902,0.2,0.4314,0.3922,0.1961,22.3038,"2",7.074559855e-08,0.00865169520312063,0.000446053929160593,0.000117737577516829,0.00741090534923394,-14982.3902119324
242,244,1,0.4784,-5.3982,-7.0772,0.5688,-5.4816,-7.2349,0.0902,0.2,0.4314,0.3922,0.1961,22.4229,"2",7.0915584025e-08,0.00865169520312063,0.0004471205604241,0.00011801911876747,0.00729316777195577,-14982.2229809347
243,245,1,0.5688,-5.4816,-7.2349,0.6593,-5.5657,-7.3922,0.0902,0.2,0.4314,0.3922,0.1961,22.5424,"2",7.10861404e-08,0.00865169520312063,0.000448190849822433,0.000118301625596271,0.00717514865338992,-14982.0584814335
244,246,1,0.6593,-5.5657,-7.3922,0.7389,-5.6949,-7.5225,0.0902,0.2,0.4314,0.3922,0.1961,22.6624,"2",7.12574104e-08,0.00865169520312063,0.000449265697889468,0.000118585335702467,0.00705684702751836,-14981.8967199731
245,247,1,0.7389,-5.6949,-7.5225,0.8329,-5.8163,-7.6506,0.0902,0.2,0.4314,0.3922,0.1961,22.7829,"2",7.1429394025e-08,0.00865169520312063,0.000450345105279809,0.000118870249258843,0.0069382616920642,-14981.7377031262
246,248,1,0.8329,-5.8163,-7.6506,0.9331,-5.9237,-7.7864,0.0902,0.2,0.4314,0.3922,0.1961,22.9037,"2",7.1601805825e-08,0.00865169520312063,0.000451427272981744,0.000119155891409631,0.00681939144273205,-14981.5814374873
247,249,1,0.9331,-5.9237,-7.7864,1.0335,-6.0297,-7.9231,0.0902,0.2,0.4314,0.3922,0.1961,23.0251,"2",7.1775073975e-08,0.00865169520312063,0.000452514901204936,0.000119442974885117,0.00670023555144971,-14981.4279296763
248,250,1,1.0335,-6.0297,-7.9231,1.1279,-6.1555,-8.0466,0.0902,0.2,0.4314,0.3922,0.1961,23.1469,"2",7.1948913025e-08,0.00865169520312063,0.000453606190961894,0.000119731024835926,0.00658079257646014,-14981.2771863409
249,251,1,1.1279,-6.1555,-8.0466,1.2095,-6.2731,-8.1863,0.0902,0.2,0.4314,0.3922,0.1961,23.2691,"2",7.2123322975e-08,0.00865169520312063,0.000454701142965336,0.000120020041450185,0.00646106155189337,-14981.1292141509
250,252,1,1.2095,-6.2731,-8.1863,1.2844,-6.4031,-8.3185,0.0902,0.2,0.4314,0.3922,0.1961,23.3919,"2",7.2298589275e-08,0.00865169520312063,0.000455801557534979,0.000120310499928911,0.00634104151000336,-14980.9840198043
251,253,1,1.2844,-6.4031,-8.3185,1.3629,-6.528,-8.4536,0.0902,0.2,0.4314,0.3922,0.1961,23.5151,"2",7.2474426475e-08,0.00865169520312063,0.000456905635761922,0.000120601925443476,0.00622073101000717,-14980.8416100267
252,254,1,1.3629,-6.528,-8.4536,1.4398,-6.6254,-8.6104,0.0902,0.2,0.4314,0.3922,0.1961,23.6387,"2",7.2650834575e-08,0.00865169520312063,0.0004580133783806,0.000120894318187736,0.00610012908464297,-14980.701991566
253,255,1,1.4398,-6.6254,-8.6104,1.5171,-6.7226,-8.7672,0.0902,0.2,0.4314,0.3922,0.1961,23.7629,"2",7.2828099025e-08,0.00865169520312063,0.000459126585680667,0.000121188153354777,0.00597923476664886,-14980.5651711983
254,256,1,1.5171,-6.7226,-8.7672,1.5856,-6.8202,-8.9277,0.0902,0.2,0.4314,0.3922,0.1961,23.8875,"2",7.3005934375e-08,0.00865169520312063,0.000460243458829019,0.000121482956135974,0.00585804661311096,-14980.4311557272
255,257,1,1.5856,-6.8202,-8.9277,1.6115,-6.9143,-9.1023,0.0902,0.2,0.4314,0.3922,0.1961,24.0126,"2",7.318448335e-08,0.00865169520312063,0.000461364898339823,0.000121778964225359,0.00573656365719593,-14980.2999519816
256,258,1,1.6115,-6.9143,-9.1023,1.632,-6.9962,-9.2836,0.0902,0.2,0.4314,0.3922,0.1961,24.1382,"2",7.336374595e-08,0.00865169520312063,0.000462490904952711,0.000122076177818162,0.00561478469270715,-14980.1715668181
257,259,1,1.632,-6.9962,-9.2836,1.6482,-7.0858,-9.4617,0.0902,0.2,0.4314,0.3922,0.1961,24.2643,"2",7.3543722175e-08,0.00865169520312063,0.000463621479415476,0.000122374597111763,0.00549270851474247,-14980.0460071214
258,260,1,1.6482,-7.0858,-9.4617,1.6894,-7.1803,-9.6331,0.0902,0.2,0.4314,0.3922,0.1961,24.3909,"2",7.3724412025e-08,0.00865169520312063,0.000464756622484098,0.000122674222305708,0.00537033391773493,-14979.9232798039
259,261,1,1.6894,-7.1803,-9.6331,1.7338,-7.2732,-9.8045,0.0902,0.2,0.4314,0.3922,0.1961,24.518,"2",7.39058155e-08,0.00865169520312063,0.000465896334922783,0.000122975053601711,0.00524765969553547,-14979.8033918059
260,262,1,1.7338,-7.2732,-9.8045,1.8127,-7.3505,-9.9713,0.0902,0.2,0.4314,0.3922,0.1961,24.6456,"2",7.40879326e-08,0.00865169520312063,0.000467040617503991,0.000123277091203666,0.00512468464177999,-14979.6863500957
261,263,1,1.8127,-7.3505,-9.9713,1.8942,-7.4238,-10.1386,0.0902,0.2,0.4314,0.3922,0.1961,24.7736,"2",7.42706206e-08,0.00865169520312063,0.000468188571295832,0.000123580097835189,0.00500140755063305,-14979.5721616666
262,264,1,1.8942,-7.4238,-10.1386,1.9741,-7.4607,-10.3182,0.0902,0.2,0.4314,0.3922,0.1961,24.9023,"2",7.4454307675e-08,0.00865169520312063,0.000469342896225114,0.000123884786151906,0.00487782745281233,-14979.4608335426
263,265,1,1.9741,-7.4607,-10.3182,2.0561,-7.4651,-10.5005,0.0902,0.2,0.4314,0.3922,0.1961,25.0314,"2",7.463856565e-08,0.00865169520312063,0.000470500893951518,0.000124190443916951,0.00475394266662875,-14979.3523727783
264,266,1,2.0561,-7.4651,-10.5005,2.1276,-7.459,-10.6872,0.0902,0.2,0.4314,0.3922,0.1961,25.161,"2",7.482353725e-08,0.00865169520312063,0.000471663464993487,0.000124497308825484,0.00462975222292573,-14979.2467864537
265,267,1,2.1276,-7.459,-10.6872,2.1978,-7.4407,-10.8736,0.0902,0.2,0.4314,0.3922,0.1961,25.2912,"2",7.50093652e-08,0.00865169520312063,0.000472831509851296,0.000124805618567869,0.00450525491410091,-14979.144081679
266,268,1,2.1978,-7.4407,-10.8736,2.3066,-7.4018,-11.0369,0.0902,0.2,0.4314,0.3922,0.1961,25.4219,"2",7.5195906775e-08,0.00865169520312063,0.000474004129649337,0.000125115135882579,0.00438044929535729,-14979.0442655954
267,269,1,2.3066,-7.4018,-11.0369,2.4178,-7.3651,-11.199,0.0902,0.2,0.4314,0.3922,0.1961,25.5531,"2",7.5383161975e-08,0.00865169520312063,0.00047518132521948,0.000125425860989189,0.00425533415950325,-14978.947345372
268,270,1,2.4178,-7.3651,-11.199,2.5296,-7.3267,-11.3603,0.0902,0.2,0.4314,0.3922,0.1961,25.6849,"2",7.5571273525e-08,0.00865169520312063,0.00047636399707008,0.000125738031580196,0.00412990829846074,-14978.8533282084
269,271,1,2.5296,-7.3267,-11.3603,2.6265,-7.3254,-11.5353,0.0902,0.2,0.4314,0.3922,0.1961,25.8172,"2",7.57600987e-08,0.00865169520312063,0.000477551246370953,0.000126051410406062,0.00400417026685675,-14978.7622213351
270,272,1,2.6265,-7.3254,-11.5353,2.7159,-7.3507,-11.7124,0.0902,0.2,0.4314,0.3922,0.1961,25.95,"2",7.59496375e-08,0.00865169520312063,0.00047874307398035,0.000126365997693326,0.00387811885648918,-14978.6740320102
271,273,1,2.7159,-7.3507,-11.7124,2.7901,-7.3719,-11.8969,0.0902,0.2,0.4314,0.3922,0.1961,26.0834,"2",7.614003265e-08,0.00865169520312063,0.000479940380416628,0.000126682031137125,0.00375175285893221,-14978.5887675228
272,274,1,2.7901,-7.3719,-11.8969,2.8679,-7.3973,-12.0794,0.0902,0.2,0.4314,0.3922,0.1961,26.2174,"2",7.633128415e-08,0.00865169520312063,0.000481143166540093,0.00012699951096454,0.0036250708274394,-14978.5064351954
273,275,1,2.8679,-7.3973,-12.0794,2.945,-7.4227,-12.2622,0.0902,0.2,0.4314,0.3922,0.1961,26.3519,"2",7.6523249275e-08,0.00865169520312063,0.00048235053357962,0.000127318199941622,0.00349807131677006,-14978.4270423809
274,276,1,2.945,-7.4227,-12.2622,3.0189,-7.4456,-12.4466,0.0902,0.2,0.4314,0.3922,0.1961,26.487,"2",7.671607075e-08,0.00865169520312063,0.000483563382066226,0.000127638335766849,0.00337075311676966,-14978.3505964633
275,277,1,3.0189,-7.4456,-12.4466,3.1089,-7.4662,-12.624,0.0902,0.2,0.4314,0.3922,0.1961,26.6226,"2",7.690960585e-08,0.00865169520312063,0.000484780813257462,0.000127959681213844,0.00324311478095036,-14978.2771048571
276,278,1,3.1089,-7.4662,-12.624,3.14,-7.4655,-12.8216,0.0902,0.2,0.4314,0.3922,0.1961,26.7588,"2",7.71039973e-08,0.00865169520312063,0.000486003727693636,0.000128282473983535,0.00311515509994737,-14978.2065750074
277,279,1,3.14,-7.4655,-12.8216,3.1777,-7.4999,-13.015,0.0902,0.2,0.4314,0.3922,0.1961,26.8956,"2",7.72992451e-08,0.00865169520312063,0.000487232126283779,0.000128606714315866,0.00298687262599335,-14978.1390143929
278,280,1,3.1777,-7.4999,-13.015,3.1919,-7.5274,-13.2125,0.0902,0.2,0.4314,0.3922,0.1961,27.033,"2",7.749534925e-08,0.00865169520312063,0.000488466009947076,0.000128932402453459,0.00285826591169455,-14978.0744305259
279,281,1,3.1919,-7.5274,-13.2125,3.226,-7.54,-13.4092,0.0902,0.2,0.4314,0.3922,0.1961,27.171,"2",7.769230975e-08,0.00865169520312063,0.000489705379612909,0.000129259538641627,0.00272933350923904,-14978.0128309519
280,282,1,3.226,-7.54,-13.4092,3.2266,-7.5987,-13.6004,0.0902,0.2,0.4314,0.3922,0.1961,27.3095,"2",7.7889983875e-08,0.00865169520312063,0.000490949336609124,0.000129587885672545,0.00260007397060543,-14977.9542232473
281,283,1,3.2266,-7.5987,-13.6004,3.2241,-7.6566,-13.7918,0.0902,0.2,0.4314,0.3922,0.1961,27.4487,"2",7.8088657075e-08,0.00865169520312063,0.000492199681112479,0.0001299179187095,0.00247048608469969,-14977.8986150219
282,284,1,3.2241,-7.6566,-13.7918,3.2221,-7.7036,-13.9862,0.0902,0.2,0.4314,0.3922,0.1961,27.5885,"2",7.8288186625e-08,0.00865169520312063,0.000493455514467738,0.000130249400549131,0.00234056816615989,-14977.8460139218
283,285,1,3.2221,-7.7036,-13.9862,3.2269,-7.7422,-14.1824,0.0902,0.2,0.4314,0.3922,0.1961,27.7288,"2",7.84884298e-08,0.00865169520312063,0.000494715938043657,0.000130582093994413,0.00221031876562608,-14977.7964276238
284,286,1,3.2269,-7.7422,-14.1824,3.2085,-7.779,-14.3781,0.0902,0.2,0.4314,0.3922,0.1961,27.8698,"2",7.868967205e-08,0.00865169520312063,0.000495982752027639,0.00013091647421144,0.00207973667172266,-14977.7498638382
285,287,1,3.2085,-7.779,-14.3781,3.2047,-7.8375,-14.5693,0.0902,0.2,0.4314,0.3922,0.1961,28.0114,"2",7.889177065e-08,0.00865169520312063,0.000497255057806167,0.000131252304007865,0.00194882019726579,-14977.7063303117
286,288,1,3.2047,-7.8375,-14.5693,3.1803,-7.9024,-14.7569,0.0902,0.2,0.4314,0.3922,0.1961,28.1537,"2",7.9094868325e-08,0.00865169520312063,0.000498533755974714,0.00013158982109918,0.00181756789304751,-14977.6658348271
287,289,1,3.1803,-7.9024,-14.7569,3.1562,-7.9748,-14.9418,0.0902,0.2,0.4314,0.3922,0.1961,28.2965,"2",7.9298679625e-08,0.00865169520312063,0.000499817048356464,0.000131928550849992,0.00168597807204075,-14977.6283852006
288,290,1,3.1562,-7.9748,-14.9418,3.1212,-8.0676,-15.1155,0.0902,0.2,0.4314,0.3922,0.1961,28.44,"2",7.950349e-08,0.00865169520312063,0.000501106735159537,0.000132268968431863,0.00155404952116649,-14977.5939892822
289,291,1,3.1212,-8.0676,-15.1155,3.0848,-8.1628,-15.2875,0.0902,0.2,0.4314,0.3922,0.1961,28.5842,"2",7.970929945e-08,0.00865169520312063,0.000502402817411753,0.000132611074116092,0.00142178055274372,-14977.5626549608
290,292,1,3.0848,-8.1628,-15.2875,3.0379,-8.2477,-15.4625,0.0902,0.2,0.4314,0.3922,0.1961,28.729,"2",7.991596525e-08,0.00865169520312063,0.000503704396567806,0.000132954630728335,0.00128916947856888,-14977.5343901615
291,293,1,3.0379,-8.2477,-15.4625,2.9881,-8.333,-15.6364,0.0902,0.2,0.4314,0.3922,0.1961,28.8744,"2",8.01234874e-08,0.00865169520312063,0.000505011473684263,0.000133299638547477,0.00115621484809137,-14977.509202843
292,294,1,2.9881,-8.333,-15.6364,2.9547,-8.4255,-15.8105,0.0902,0.2,0.4314,0.3922,0.1961,29.0205,"2",8.0332008625e-08,0.00865169520312063,0.00050632494941048,0.000133646335303232,0.00102291520914404,-14977.4871010005
293,295,1,2.9547,-8.4255,-15.8105,2.9232,-8.5102,-15.9889,0.0902,0.2,0.4314,0.3922,0.1961,29.1673,"2",8.0541528925e-08,0.00865169520312063,0.000507644824821007,0.000133994721279233,0.000889268874180094,-14977.4680926679
294,296,1,2.9232,-8.5102,-15.9889,2.8932,-8.5944,-16.1678,0.0902,0.2,0.4314,0.3922,0.1961,29.3147,"2",8.0751905575e-08,0.00865169520312063,0.000508970201422883,0.000134344559314952,0.000755274152939598,-14977.4521859157
295,297,1,2.8932,-8.5944,-16.1678,2.8352,-8.648,-16.3516,0.0902,0.2,0.4314,0.3922,0.1961,29.4628,"2",8.09632813e-08,0.00865169520312063,0.000510301979896344,0.000134696087148256,0.000620929593323339,-14977.4393888504
296,298,1,2.8352,-8.648,-16.3516,2.786,-8.6801,-16.5428,0.0902,0.2,0.4314,0.3922,0.1961,29.6116,"2",8.11756561e-08,0.00865169520312063,0.000511640161351884,0.000135049305072263,0.00048623350624781,-14977.4297096179
297,299,1,2.786,-8.6801,-16.5428,2.7288,-8.6796,-16.7344,0.0902,0.2,0.4314,0.3922,0.1961,29.7611,"2",8.1389029975e-08,0.00865169520312063,0.000512984746912339,0.00013540421338335,0.000351184201152963,-14977.4231564031
298,300,1,2.7288,-8.6796,-16.7344,2.691,-8.6585,-16.9297,0.0902,0.2,0.4314,0.3922,0.1961,29.9113,"2",8.1603402925e-08,0.00865169520312063,0.000514335737712933,0.000135760812381163,0.000215779987921909,-14977.4197374296
299,301,1,2.691,-8.6585,-16.9297,2.6984,-8.65,-17.0468,0.0902,0.1177,0.4314,0.3922,0.1961,30,"2",8.173e-08,0.00865169520312063,0.000303156123138506,8.00191752931979e-05,8.00191749802579e-05,-14977.4191931284
3,302,2,-3e-04,0.0151,-0.2319,-0.163,-0.0832,-0.294,0.171641118900573,0.2,0.4314,0.3922,0.1961,17.3098,"2",7.0312e-08,0.00865169520312063,0.000843855800585872,0.000222738846671463,0.00808660064747512,-14986.9832991266
301,303,2,-0.163,-0.0832,-0.294,-0.3258,-0.1815,-0.3562,0.0563,0.2,0.4314,0.3922,0.1961,17.3766,"2",7.0312e-08,0.00865169520312063,0.000276789687535694,7.30596575024447e-05,0.00786386180084083,-14986.8023558152
302,304,2,-0.3258,-0.1815,-0.3562,-0.5054,-0.2499,-0.4113,0.0563,0.2,0.4314,0.3922,0.1961,17.4435,"2",7.0312e-08,0.00865169520312063,0.000276786293386349,7.30587616042236e-05,0.00779080214335301,-14986.6231014031
303,305,2,-0.5054,-0.2499,-0.4113,-0.6651,-0.3297,-0.5015,0.0563,0.2,0.4314,0.3922,0.1961,17.5107,"2",7.0312e-08,0.00865169520312063,0.000276782931065863,7.30578741073472e-05,0.00771774338186413,-14986.4455358696
304,306,2,-0.6651,-0.3297,-0.5015,-0.8217,-0.4048,-0.6007,0.0563,0.2,0.4314,0.3922,0.1961,17.5781,"2",7.0312e-08,0.00865169520312063,0.00027677960057385,7.30569950117134e-05,0.0076446855078492,-14986.2696591943
305,307,2,-0.8217,-0.4048,-0.6007,-0.953,-0.5179,-0.7006,0.0563,0.2,0.4314,0.3922,0.1961,17.6457,"2",7.0312e-08,0.00865169520312063,0.000276776301909927,7.30561243172213e-05,0.00757162851289249,-14986.0954713571
306,308,2,-0.953,-0.5179,-0.7006,-1.0651,-0.6228,-0.8288,0.0563,0.2,0.4314,0.3922,0.1961,17.7135,"2",7.0312e-08,0.00865169520312063,0.000276773035073715,7.30552620237706e-05,0.00749857238879692,-14985.9229723379
307,309,2,-1.0651,-0.6228,-0.8288,-1.1532,-0.7301,-0.9727,0.0563,0.2,0.4314,0.3922,0.1961,17.7816,"2",7.0312e-08,0.00865169520312063,0.000276769800064837,7.30544081312621e-05,0.00742551712670959,-14985.7521621168
308,310,2,-1.1532,-0.7301,-0.9727,-1.2262,-0.809,-1.1414,0.0563,0.2,0.4314,0.3922,0.1961,17.8498,"2",7.0312e-08,0.00865169520312063,0.000276766596882923,7.30535626395978e-05,0.00735246271876129,-14985.5830406742
309,311,2,-1.2262,-0.809,-1.1414,-1.3051,-0.899,-1.3016,0.0563,0.2,0.4314,0.3922,0.1961,17.9183,"2",7.0312e-08,0.00865169520312063,0.000276763425527603,7.30527255486803e-05,0.00727940915620842,-14985.4156079907
310,312,2,-1.3051,-0.899,-1.3016,-1.3822,-0.9916,-1.4613,0.0563,0.2,0.4314,0.3922,0.1961,17.987,"2",7.0312e-08,0.00865169520312063,0.000276760285998513,7.30518968584135e-05,0.00720635643085387,-14985.249864047
311,313,2,-1.3822,-0.9916,-1.4613,-1.4604,-1.0946,-1.6138,0.0563,0.2,0.4314,0.3922,0.1961,18.0559,"2",7.0312e-08,0.00865169520312063,0.000276757178295292,7.30510765687019e-05,0.00713330453406335,-14985.085808824
312,314,2,-1.4604,-1.0946,-1.6138,-1.5587,-1.1928,-1.7577,0.0563,0.2,0.4314,0.3922,0.1961,18.1251,"2",7.0312e-08,0.00865169520312063,0.000276754102417583,7.30502646794514e-05,0.00706025345753045,-14984.923442303
313,315,2,-1.5587,-1.1928,-1.7577,-1.6464,-1.3199,-1.8847,0.0563,0.2,0.4314,0.3922,0.1961,18.1945,"2",7.0312e-08,0.00865169520312063,0.000276751058365031,7.30494611905685e-05,0.00698720319283949,-14984.7627644651
314,316,2,-1.6464,-1.3199,-1.8847,-1.726,-1.4543,-2.0096,0.0563,0.2,0.4314,0.3922,0.1961,18.2641,"2",7.0312e-08,0.00865169520312063,0.000276748046137287,7.30486661019608e-05,0.00691415373179333,-14984.603775292
315,317,2,-1.726,-1.4543,-2.0096,-1.8018,-1.5879,-2.1377,0.0563,0.2,0.4314,0.3922,0.1961,18.3339,"2",7.0312e-08,0.00865169520312063,0.000276745065734005,7.30478794135369e-05,0.00684110506586699,-14984.4464747653
316,318,2,-1.8018,-1.5879,-2.1377,-1.8906,-1.7247,-2.2535,0.0563,0.2,0.4314,0.3922,0.1961,18.4039,"2",7.0312e-08,0.00865169520312063,0.000276742117154841,7.30471011252063e-05,0.00676805718653547,-14984.2908628669
317,319,2,-1.8906,-1.7247,-2.2535,-1.9802,-1.8623,-2.3676,0.0563,0.2,0.4314,0.3922,0.1961,18.4742,"2",7.0312e-08,0.00865169520312063,0.000276739200399457,7.30463312368796e-05,0.00669501008560167,-14984.1369395791
318,320,2,-1.9802,-1.8623,-2.3676,-2.0706,-2.0043,-2.4756,0.0563,0.2,0.4314,0.3922,0.1961,18.5448,"2",7.0312e-08,0.00865169520312063,0.000276736315467516,7.30455697484681e-05,0.00662196375432198,-14983.984704884
319,321,2,-2.0706,-2.0043,-2.4756,-2.1706,-2.1418,-2.581,0.0563,0.2,0.4314,0.3922,0.1961,18.6155,"2",7.0312e-08,0.00865169520312063,0.000276733462358689,7.30448166598845e-05,0.0065489181847179,-14983.8341587642
320,322,2,-2.1706,-2.1418,-2.581,-2.2716,-2.2799,-2.6846,0.0563,0.2,0.4314,0.3922,0.1961,18.6865,"2",7.0312e-08,0.00865169520312063,0.000276730641072645,7.30440719710419e-05,0.00647587336815513,-14983.6853012023
321,323,2,-2.2716,-2.2799,-2.6846,-2.3528,-2.4057,-2.8172,0.0563,0.2,0.4314,0.3922,0.1961,18.7577,"2",7.0312e-08,0.00865169520312063,0.000276727851609062,7.30433356818548e-05,0.00640282929632726,-14983.5381321812
322,324,2,-2.3528,-2.4057,-2.8172,-2.4345,-2.5323,-2.9487,0.0563,0.2,0.4314,0.3922,0.1961,18.8292,"2",7.0312e-08,0.00865169520312063,0.000276725093967618,7.30426077922386e-05,0.0063297859607093,-14983.3926516841
323,325,2,-2.4345,-2.5323,-2.9487,-2.5203,-2.6202,-3.1065,0.0563,0.2,0.4314,0.3922,0.1961,18.9009,"2",7.0312e-08,0.00865169520312063,0.000276722368147995,7.30418883021095e-05,0.00625674335299484,-14983.2488596941
324,326,2,-2.5203,-2.6202,-3.1065,-2.6232,-2.7329,-3.2359,0.0563,0.2,0.4314,0.3922,0.1961,18.9729,"2",7.0312e-08,0.00865169520312063,0.000276719674149881,7.30411772113847e-05,0.00618370146487748,-14983.1067561948
325,327,2,-2.6232,-2.7329,-3.2359,-2.7324,-2.8293,-3.3729,0.0563,0.2,0.4314,0.3922,0.1961,19.0451,"2",7.0312e-08,0.00865169520312063,0.000276717011972966,7.30404745199826e-05,0.00611066028761363,-14982.9663411698
326,328,2,-2.7324,-2.8293,-3.3729,-2.8162,-2.9264,-3.5263,0.0563,0.2,0.4314,0.3922,0.1961,19.1175,"2",7.0312e-08,0.00865169520312063,0.000276714381616944,7.30397802278223e-05,0.00603761981322477,-14982.8276146029
327,329,2,-2.8162,-2.9264,-3.5263,-2.9003,-3.0282,-3.6765,0.0563,0.2,0.4314,0.3922,0.1961,19.1902,"2",7.0312e-08,0.00865169520312063,0.000276711783081512,7.3039094334824e-05,0.0059645800332952,-14982.6905764782
328,330,2,-2.9003,-3.0282,-3.6765,-2.983,-3.169,-3.792,0.0563,0.2,0.4314,0.3922,0.1961,19.2632,"2",7.0312e-08,0.00865169520312063,0.000276709216366371,7.30384168409088e-05,0.00589154093908133,-14982.55522678
329,331,2,-2.983,-3.169,-3.792,-3.042,-3.3263,-3.9006,0.0563,0.2,0.4314,0.3922,0.1961,19.3364,"2",7.0312e-08,0.00865169520312063,0.000276706681471226,7.30377477459987e-05,0.00581850252227675,-14982.4215654926
330,332,2,-3.042,-3.3263,-3.9006,-3.1281,-3.4615,-4.0202,0.0563,0.2,0.4314,0.3922,0.1961,19.4098,"2",7.0312e-08,0.00865169520312063,0.000276704178395786,7.30370870500169e-05,0.00574546477446577,-14982.2895926008
331,333,2,-3.1281,-3.4615,-4.0202,-3.1991,-3.5866,-4.1592,0.0563,0.2,0.4314,0.3922,0.1961,19.4835,"2",7.0312e-08,0.00865169520312063,0.000276701707139763,7.30364347528874e-05,0.00567242768756057,-14982.1593080893
332,334,2,-3.1991,-3.5866,-4.1592,-3.2645,-3.7134,-4.2993,0.0563,0.2,0.4314,0.3922,0.1961,19.5575,"2",7.0312e-08,0.00865169520312063,0.000276699267702872,7.30357908545351e-05,0.00559939125281755,-14982.0307119431
333,335,2,-3.2645,-3.7134,-4.2993,-3.2639,-3.8332,-4.4595,0.0563,0.2,0.4314,0.3922,0.1961,19.6317,"2",7.0312e-08,0.00865169520312063,0.000276696860084833,7.30351553548861e-05,0.00552635546193033,-14981.9038041475
334,336,2,-3.2639,-3.8332,-4.4595,-3.2618,-3.9378,-4.6299,0.0563,0.2,0.4314,0.3922,0.1961,19.7062,"2",7.0312e-08,0.00865169520312063,0.00027669448428537,7.30345282538672e-05,0.00545332030681107,-14981.7785846879
335,337,2,-3.2618,-3.9378,-4.6299,-3.2531,-4.0059,-4.8178,0.0563,0.2,0.4314,0.3922,0.1961,19.7809,"2",7.0312e-08,0.00865169520312063,0.000276692140304209,7.30339095514063e-05,0.00538028577882549,-14981.6550535499
336,338,2,-3.2531,-4.0059,-4.8178,-3.2451,-4.0521,-5.0122,0.0563,0.2,0.4314,0.3922,0.1961,19.8559,"2",7.0312e-08,0.00865169520312063,0.000276689828141081,7.30332992474323e-05,0.00530725186923001,-14981.5332107192
337,339,2,-3.2451,-4.0521,-5.0122,-3.199,-4.0998,-5.2009,0.0563,0.2,0.4314,0.3922,0.1961,19.9312,"2",7.0312e-08,0.00865169520312063,0.000276687547795719,7.3032697341875e-05,0.00523421857004609,-14981.4130561818
338,340,2,-3.199,-4.0998,-5.2009,-3.1979,-4.1571,-5.3925,0.0563,0.2,0.4314,0.3922,0.1961,20.0067,"2",7.0312e-08,0.00865169520312063,0.000276685299267861,7.30321038346652e-05,0.00516118587285804,-14981.294589924
339,341,2,-3.1979,-4.1571,-5.3925,-3.2125,-4.246,-5.5711,0.0563,0.2,0.4314,0.3922,0.1961,20.0825,"2",7.0312e-08,0.00865169520312063,0.000276683082557249,7.30315187257346e-05,0.00508815376914087,-14981.1778119321
340,342,2,-3.2125,-4.246,-5.5711,-3.258,-4.2647,-5.7649,0.0563,0.2,0.4314,0.3922,0.1961,20.1586,"2",7.0312e-08,0.00865169520312063,0.000276680897663629,7.30309420150159e-05,0.00501512225036958,-14981.0627221927
341,343,2,-3.258,-4.2647,-5.7649,-3.3092,-4.2599,-5.9582,0.0563,0.2,0.4314,0.3922,0.1961,20.2349,"2",7.0312e-08,0.00865169520312063,0.000276678744586747,7.30303737024429e-05,0.00494209130856564,-14980.9493206926
342,344,2,-3.3092,-4.2599,-5.9582,-3.3741,-4.2771,-6.1466,0.0563,0.2,0.4314,0.3922,0.1961,20.3115,"2",7.0312e-08,0.00865169520312063,0.000276676623326358,7.30298137879502e-05,0.00486906093498547,-14980.8376074186
343,345,2,-3.3741,-4.2771,-6.1466,-3.4484,-4.2945,-6.3315,0.0563,0.2,0.4314,0.3922,0.1961,20.3884,"2",7.0312e-08,0.00865169520312063,0.000276674533882218,7.30292622714733e-05,0.00479603112143196,-14980.727582358
344,346,2,-3.4484,-4.2945,-6.3315,-3.5099,-4.3178,-6.5203,0.0563,0.2,0.4314,0.3922,0.1961,20.4656,"2",7.0312e-08,0.00865169520312063,0.000276672476254085,7.30287191529489e-05,0.00472300185916152,-14980.6192454982
345,347,2,-3.5099,-4.3178,-6.5203,-3.553,-4.3219,-6.7156,0.0563,0.2,0.4314,0.3922,0.1961,20.5431,"2",7.0312e-08,0.00865169520312063,0.000276670450441723,7.30281844323145e-05,0.00464997313997704,-14980.5125968265
346,348,2,-3.553,-4.3219,-6.7156,-3.622,-4.3114,-6.903,0.0563,0.2,0.4314,0.3922,0.1961,20.6208,"2",7.0312e-08,0.00865169520312063,0.000276668456444899,7.30276581095087e-05,0.00457694495579071,-14980.4076363309
347,349,2,-3.622,-4.3114,-6.903,-3.7297,-4.3195,-7.0713,0.0563,0.2,0.4314,0.3922,0.1961,20.6989,"2",7.0312e-08,0.00865169520312063,0.000276666494263385,7.30271401844708e-05,0.00450391729764035,-14980.3043639992
348,350,2,-3.7297,-4.3195,-7.0713,-3.8637,-4.3403,-7.2184,0.0563,0.2,0.4314,0.3922,0.1961,20.7772,"2",7.0312e-08,0.00865169520312063,0.000276664563896954,7.30266306571414e-05,0.00443089015765673,-14980.2027798195
349,351,2,-3.8637,-4.3403,-7.2184,-3.9977,-4.3618,-7.3653,0.0563,0.2,0.4314,0.3922,0.1961,20.8558,"2",7.0312e-08,0.00865169520312063,0.000276662665345384,7.30261295274618e-05,0.00435786352709627,-14980.1028837802
350,352,2,-3.9977,-4.3618,-7.3653,-4.0989,-4.3767,-7.5371,0.0563,0.2,0.4314,0.3922,0.1961,20.9347,"2",7.0312e-08,0.00865169520312063,0.000276660798608458,7.30256367953744e-05,0.00428483739754326,-14980.0046758697
351,353,2,-4.0989,-4.3767,-7.5371,-4.2018,-4.3524,-7.7069,0.0563,0.2,0.4314,0.3922,0.1961,21.0139,"2",7.0312e-08,0.00865169520312063,0.00027665896368596,7.30251524608226e-05,0.00421181176090989,-14979.9081560769
352,354,2,-4.2018,-4.3524,-7.7069,-4.3025,-4.3245,-7.8774,0.0563,0.2,0.4314,0.3922,0.1961,21.0934,"2",7.0312e-08,0.00865169520312063,0.000276657160577679,7.30246765237507e-05,0.00413878660845258,-14979.8133243905
353,355,2,-4.3025,-4.3245,-7.8774,-4.4031,-4.3046,-8.0492,0.0563,0.2,0.4314,0.3922,0.1961,21.1731,"2",7.0312e-08,0.00865169520312063,0.000276655389283408,7.30242089841038e-05,0.0040657619320835,-14979.7201807997
354,356,2,-4.4031,-4.3046,-8.0492,-4.5039,-4.2834,-8.2206,0.0563,0.2,0.4314,0.3922,0.1961,21.2532,"2",7.0312e-08,0.00865169520312063,0.000276653649802944,7.30237498418284e-05,0.00399273772316837,-14979.6287252937
355,357,2,-4.5039,-4.2834,-8.2206,-4.6059,-4.2455,-8.3884,0.0563,0.2,0.4314,0.3922,0.1961,21.3336,"2",7.0312e-08,0.00865169520312063,0.000276651942136086,7.30232990968715e-05,0.00391971397340078,-14979.5389578621
356,358,2,-4.6059,-4.2455,-8.3884,-4.6843,-4.2348,-8.572,0.0563,0.2,0.4314,0.3922,0.1961,21.4143,"2",7.0312e-08,0.00865169520312063,0.000276650266282638,7.30228567491814e-05,0.00384669067436503,-14979.4508784946
357,359,2,-4.6843,-4.2348,-8.572,-4.7324,-4.2273,-8.766,0.0563,0.2,0.4314,0.3922,0.1961,21.4953,"2",7.0312e-08,0.00865169520312063,0.000276648622242407,7.30224227987071e-05,0.0037736678177547,-14979.3644871809
358,360,2,-4.7324,-4.2273,-8.766,-4.7777,-4.2518,-8.9593,0.0563,0.2,0.4314,0.3922,0.1961,21.5766,"2",7.0312e-08,0.00865169520312063,0.000276647010015205,7.30219972453988e-05,0.00370064539526341,-14979.2797839112
359,361,2,-4.7777,-4.2518,-8.9593,-4.8001,-4.283,-9.1556,0.0563,0.2,0.4314,0.3922,0.1961,21.6582,"2",7.0312e-08,0.00865169520312063,0.000276645429600845,7.30215800892075e-05,0.00362762339803826,-14979.1967686757
360,362,2,-4.8001,-4.283,-9.1556,-4.8214,-4.3509,-9.3425,0.0563,0.2,0.4314,0.3922,0.1961,21.7402,"2",7.0312e-08,0.00865169520312063,0.000276643880999146,7.30211713300853e-05,0.00355460181799144,-14979.1154414649
361,363,2,-4.8214,-4.3509,-9.3425,-4.8137,-4.4236,-9.5286,0.0563,0.2,0.4314,0.3922,0.1961,21.8224,"2",7.0312e-08,0.00865169520312063,0.00027664236420993,7.30207709679851e-05,0.00348158064692583,-14979.0358022694
362,364,2,-4.8137,-4.4236,-9.5286,-4.8201,-4.5094,-9.7092,0.0563,0.2,0.4314,0.3922,0.1961,21.905,"2",7.0312e-08,0.00865169520312063,0.000276640879233023,7.30203790028609e-05,0.00340855987609786,-14978.95785108
363,365,2,-4.8201,-4.5094,-9.7092,-4.8299,-4.6019,-9.8862,0.0563,0.2,0.4314,0.3922,0.1961,21.9879,"2",7.0312e-08,0.00865169520312063,0.000276639426068254,7.30199954346677e-05,0.00333553949709182,-14978.8815878879
364,366,2,-4.8299,-4.6019,-9.8862,-4.845,-4.6945,-10.0628,0.0563,0.2,0.4314,0.3922,0.1961,22.0711,"2",7.0413477475e-08,0.00865169520312063,0.000277037261268339,7.31250055010448e-05,0.00326251950174418,-14978.8070139023
365,367,2,-4.845,-4.6945,-10.0628,-4.8662,-4.7908,-10.2369,0.0563,0.2,0.4314,0.3922,0.1961,22.1547,"2",7.0532795575e-08,0.00865169520312063,0.000277505316746402,7.32485504684311e-05,0.00318939449593874,-14978.7341317649
366,368,2,-4.8662,-4.7908,-10.2369,-4.8321,-4.8573,-10.4224,0.0563,0.2,0.4314,0.3922,0.1961,22.2386,"2",7.065254185e-08,0.00865169520312063,0.000277975084184586,7.33725473139968e-05,0.00311614594543769,-14978.662944337
367,369,2,-4.8321,-4.8573,-10.4224,-4.7922,-4.9078,-10.6117,0.0563,0.2,0.4314,0.3922,0.1961,22.3228,"2",7.07727163e-08,0.00865169520312063,0.000278446563775508,7.34969960885837e-05,0.00304277339819891,-14978.5934544902
368,370,2,-4.7922,-4.9078,-10.6117,-4.7357,-5.0097,-10.7743,0.0563,0.2,0.4314,0.3922,0.1961,22.4073,"2",7.0893318925e-08,0.00865169520312063,0.000278919755713517,7.36218968434915e-05,0.00296927640242014,-14978.5256651066
369,371,2,-4.7357,-5.0097,-10.7743,-4.6877,-5.1147,-10.9376,0.0563,0.2,0.4314,0.3922,0.1961,22.4922,"2",7.101449245e-08,0.00865169520312063,0.000279395221723522,7.37473978480783e-05,0.00289565450519666,-14978.4595790804
370,372,2,-4.6877,-5.1147,-10.9376,-4.6605,-5.2099,-11.1114,0.0563,0.2,0.4314,0.3922,0.1961,22.5774,"2",7.113609415e-08,0.00865169520312063,0.000279872400469617,7.38733509356645e-05,0.00282190710737632,-14978.3951993181
371,373,2,-4.6605,-5.2099,-11.1114,-4.6488,-5.2911,-11.2938,0.0563,0.2,0.4314,0.3922,0.1961,22.663,"2",7.125826675e-08,0.00865169520312063,0.00028035185367554,7.39999043752998e-05,0.00274803375662283,-14978.3325287382
372,374,2,-4.6488,-5.2911,-11.2938,-4.6494,-5.3628,-11.4805,0.0563,0.2,0.4314,0.3922,0.1961,22.7489,"2",7.1380867525e-08,0.00865169520312063,0.000280833020014344,7.41269100026686e-05,0.00267403385190891,-14978.2715702714
373,375,2,-4.6494,-5.3628,-11.4805,-4.6555,-5.457,-11.6568,0.0563,0.2,0.4314,0.3922,0.1961,22.8351,"2",7.1503896475e-08,0.00865169520312063,0.000281315899689656,7.42543678715195e-05,0.00259990694210447,-14978.2123268591
374,376,2,-4.6555,-5.457,-11.6568,-4.6615,-5.5515,-11.833,0.0563,0.2,0.4314,0.3922,0.1961,22.9218,"2",7.162763905e-08,0.00865169520312063,0.000281801615940856,7.43825744650237e-05,0.0025256525743406,-14978.1548014561
375,377,2,-4.6615,-5.5515,-11.833,-4.6607,-5.6331,-12.0155,0.0563,0.2,0.4314,0.3922,0.1961,23.0087,"2",7.1751667075e-08,0.00865169520312063,0.000282288484417766,7.45110851927479e-05,0.00245126999980984,-14978.0989970299
376,378,2,-4.6607,-5.6331,-12.0155,-4.6514,-5.699,-12.2041,0.0563,0.2,0.4314,0.3922,0.1961,23.096,"2",7.1876266e-08,0.00865169520312063,0.000282777628361543,7.46401965383327e-05,0.00237675891458374,-14978.0449165581
377,379,2,-4.6514,-5.699,-12.2041,-4.6275,-5.7725,-12.3886,0.0563,0.2,0.4314,0.3922,0.1961,23.1837,"2",7.2001435825e-08,0.00865169520312063,0.00028326904797714,7.47699085558762e-05,0.00230211871797568,-14977.9925630322
378,380,2,-4.6275,-5.7725,-12.3886,-4.6192,-5.8656,-12.5654,0.0563,0.2,0.4314,0.3922,0.1961,23.2718,"2",7.212717655e-08,0.00865169520312063,0.000283762743471761,7.49002213000709e-05,0.00222734880972822,-14977.9419394579
379,381,2,-4.6192,-5.8656,-12.5654,-4.5834,-5.9542,-12.7411,0.0563,0.2,0.4314,0.3922,0.1961,23.3602,"2",7.225334545e-08,0.00865169520312063,0.000284258153548058,7.5030986614414e-05,0.00215244858845408,-14977.8930488526
380,382,2,-4.5834,-5.9542,-12.7411,-4.5708,-6.0433,-12.9197,0.0563,0.2,0.4314,0.3922,0.1961,23.449,"2",7.238008525e-08,0.00865169520312063,0.000284755839928182,7.51623527675362e-05,0.00207741760167251,-14977.8458942463
381,383,2,-4.5708,-6.0433,-12.9197,-4.5971,-6.1015,-13.1093,0.0563,0.2,0.4314,0.3922,0.1961,23.5381,"2",7.2507253225e-08,0.00865169520312063,0.000285255241322664,7.52941716050151e-05,0.00200225524882796,-14977.800478681
382,384,2,-4.5971,-6.1015,-13.1093,-4.646,-6.1537,-13.296,0.0563,0.2,0.4314,0.3922,0.1961,23.6276,"2",7.26349921e-08,0.00865169520312063,0.000285756919454067,7.54265913955901e-05,0.00192696107745077,-14977.7568052108
383,385,2,-4.646,-6.1537,-13.296,-4.6863,-6.2089,-13.484,0.0563,0.2,0.4314,0.3922,0.1961,23.7175,"2",7.2763301875e-08,0.00865169520312063,0.000286260874540427,7.55596121968124e-05,0.00185153448610805,-14977.7148769038
384,386,2,-4.6863,-6.2089,-13.484,-4.7155,-6.2648,-13.6738,0.0563,0.2,0.4314,0.3922,0.1961,23.8078,"2",7.289218255e-08,0.00865169520312063,0.000286767106802072,7.56932340668384e-05,0.00177597487386209,-14977.674696842
385,387,2,-4.7155,-6.2648,-13.6738,-4.7768,-6.2939,-13.8619,0.0563,0.2,0.4314,0.3922,0.1961,23.8985,"2",7.3021634125e-08,0.00865169520312063,0.000287275616461628,7.58274570644315e-05,0.0017002816399305,-14977.6362681213
386,388,2,-4.7768,-6.2939,-13.8619,-4.8714,-6.3137,-14.037,0.0563,0.2,0.4314,0.3922,0.1961,23.9896,"2",7.31516566e-08,0.00865169520312063,0.000287786403744031,7.59622812489637e-05,0.00162445418278685,-14977.5995938513
387,389,2,-4.8714,-6.3137,-14.037,-4.963,-6.3314,-14.2139,0.0563,0.2,0.4314,0.3922,0.1961,24.081,"2",7.328210725e-08,0.00865169520312063,0.000288298907382544,7.6097558472013e-05,0.00154849190133231,-14977.5646771542
388,390,2,-4.963,-6.3314,-14.2139,-5.0443,-6.3221,-14.3964,0.0563,0.2,0.4314,0.3922,0.1961,24.1729,"2",7.3413271525e-08,0.00865169520312063,0.000288814250595939,7.62335852113112e-05,0.001472394342991,-14977.5315211656
389,391,2,-5.0443,-6.3221,-14.3964,-5.121,-6.3297,-14.581,0.0563,0.2,0.4314,0.3922,0.1961,24.2651,"2",7.3544863975e-08,0.00865169520312063,0.000289331310629312,7.63700651115661e-05,0.00139616075757133,-14977.5001290354
390,392,2,-5.121,-6.3297,-14.581,-5.1981,-6.3375,-14.7653,0.0563,0.2,0.4314,0.3922,0.1961,24.3578,"2",7.367717005e-08,0.00865169520312063,0.000289851210700892,7.6507294650366e-05,0.00131979069275213,-14977.4705039272
391,393,2,-5.1981,-6.3375,-14.7653,-5.2089,-6.3344,-14.965,0.0563,0.2,0.4314,0.3922,0.1961,24.4508,"2",7.38099043e-08,0.00865169520312063,0.000290372828065389,7.66449774749567e-05,0.00124328339779921,-14977.4426490186
392,394,2,-5.2089,-6.3344,-14.965,-5.1925,-6.3273,-15.1642,0.0563,0.2,0.4314,0.3922,0.1961,24.5443,"2",7.3943352175e-08,0.00865169520312063,0.000290897285941056,7.6783410062933e-05,0.00116663842027994,-14977.416567501
393,395,2,-5.1925,-6.3273,-15.1642,-5.1511,-6.2764,-15.3532,0.0563,0.2,0.4314,0.3922,0.1961,24.6382,"2",7.407737095e-08,0.00865169520312063,0.000291424023078896,7.69224442705547e-05,0.00108985501008986,-14977.3922625815
394,396,2,-5.1511,-6.2764,-15.3532,-5.1099,-6.2224,-15.5413,0.0563,0.2,0.4314,0.3922,0.1961,24.7325,"2",7.4211960625e-08,0.00865169520312063,0.000291953039722555,7.70620801621335e-05,0.00101293256576419,-14977.3697374811
395,397,2,-5.1099,-6.2224,-15.5413,-5.0729,-6.1715,-15.7311,0.0563,0.2,0.4314,0.3922,0.1961,24.8272,"2",7.43471212e-08,0.00865169520312063,0.000292484336118056,7.72023178026076e-05,0.000935870485787331,-14977.3489954346
396,398,2,-5.0729,-6.1715,-15.7311,-5.0317,-6.1231,-15.9207,0.0563,0.2,0.4314,0.3922,0.1961,24.9223,"2",7.4482852675e-08,0.00865169520312063,0.000293017912513799,7.73431572575433e-05,0.00085866816768213,-14977.330039691
397,399,2,-5.0317,-6.1231,-15.9207,-4.9785,-6.0561,-16.1015,0.0563,0.2,0.4314,0.3922,0.1961,25.0179,"2",7.4619297775e-08,0.00865169520312063,0.000293554330644584,7.74847467989102e-05,0.00078132501064358,-14977.3128735146
398,400,2,-4.9785,-6.0561,-16.1015,-4.8991,-5.9543,-16.2543,0.0563,0.2,0.4314,0.3922,0.1961,25.1139,"2",7.4756313775e-08,0.00865169520312063,0.000294093029278407,7.76269382874535e-05,0.000703840263540297,-14977.2975001855
399,401,2,-4.8991,-5.9543,-16.2543,-4.8195,-5.8505,-16.4055,0.0563,0.2,0.4314,0.3922,0.1961,25.2103,"2",7.4893900675e-08,0.00865169520312063,0.000294634008671129,7.77697317907087e-05,0.000626213325062531,-14977.2839229977
400,402,2,-4.8195,-5.8505,-16.4055,-4.7501,-5.7567,-16.568,0.0563,0.2,0.4314,0.3922,0.1961,25.3072,"2",7.50322012e-08,0.00865169520312063,0.000295177830563373,7.79132755821824e-05,0.000548443593687319,-14977.2721452608
401,403,2,-4.7501,-5.7567,-16.568,-4.684,-5.6527,-16.7255,0.0563,0.2,0.4314,0.3922,0.1961,25.4045,"2",7.5171072625e-08,0.00865169520312063,0.000295723933732717,7.80574215251491e-05,0.000470530318070996,-14977.2621703
402,404,2,-4.684,-5.6527,-16.7255,-4.6191,-5.5871,-16.903,0.0563,0.2,0.4314,0.3922,0.1961,25.5022,"2",7.531051495e-08,0.00865169520312063,0.000296272318442556,7.82021696891328e-05,0.000392472896393583,-14977.2540014545
403,405,2,-4.6191,-5.5871,-16.903,-4.5485,-5.5297,-17.0811,0.0563,0.2,0.4314,0.3922,0.1961,25.6004,"2",7.54506709e-08,0.00865169520312063,0.00029682354644003,7.83476683493603e-05,0.000314270726736778,-14977.247642079
404,406,2,-4.5485,-5.5297,-17.0811,-4.4748,-5.4723,-17.2579,0.0563,0.2,0.4314,0.3922,0.1961,25.6991,"2",7.5591540475e-08,0.00865169520312063,0.000297377617992857,7.84939175764964e-05,0.00023592305840955,-14977.2430955458
405,407,2,-4.4748,-5.4723,-17.2579,-4.3858,-5.4281,-17.4314,0.0563,0.2,0.4314,0.3922,0.1961,25.7982,"2",7.573298095e-08,0.00865169520312063,0.000297933971890727,7.86407692370133e-05,0.000157429140885138,-14977.2403652426
406,408,2,-4.3858,-5.4281,-17.4314,-4.3428,-5.3724,-17.6187,0.0563,0.2,0.4314,0.3922,0.1961,25.8978,"2",7.587513505e-08,0.00865169520312063,0.000298493169888276,7.87883716081157e-05,7.8788371691006e-05,-14977.2394545729
408,409,2,-4.3428,-5.3724,-17.6187,-4.3127,-5.3174,-17.8086,0.0563,0.2,0.4314,0.3922,0.1961,25.9979,"2",7.6018002775e-08,0.00865169520312063,7.31121338336127e-15,1.92982170134782e-15,9.64910848184625e-16,-300.000000358825
409,410,2,-4.3127,-5.3174,-17.8086,-4.2935,-5.2393,-17.9917,0.0563,0.2,0.4314,0.3922,0.1961,26.0984,"2",7.61614414e-08,0.00865169520312063,1e-09,-2.07145280135487e-15,-1.03572640008697e-15,-299.999999615566
410,411,2,-4.2935,-5.2393,-17.9917,-4.2704,-5.1656,-18.1762,0.0563,0.2,0.4314,0.3922,0.1961,26.1994,"2",7.630559365e-08,0.00865169520312063,1e-09,-1.72228670246789e-15,-8.61143352165459e-16,-299.999999680971
411,412,2,-4.2704,-5.1656,-18.1762,-4.2514,-5.101,-18.3645,0.0563,0.2,0.4314,0.3922,0.1961,26.3009,"2",7.6450459525e-08,0.00865169520312063,1e-09,-1.18601849141997e-15,-5.93009245405011e-16,-299.999999780723
412,413,2,-4.2514,-5.101,-18.3645,-4.2405,-5.0409,-18.555,0.0563,0.2,0.4314,0.3922,0.1961,26.4029,"2",7.6596039025e-08,0.00865169520312063,1e-09,-4.6264892500491e-16,-2.31324462022571e-16,-299.999999914626
413,414,2,-4.2405,-5.0409,-18.555,-4.2336,-5.0019,-18.751,0.0563,0.2,0.4314,0.3922,0.1961,26.5054,"2",7.674233215e-08,0.00865169520312063,1.69658342249948e-15,4.47819443259253e-16,2.2390972227723e-16,-300.00000008248
414,415,2,-4.2336,-5.0019,-18.751,-4.2791,-4.9377,-18.9349,0.0563,0.2,0.4314,0.3922,0.1961,26.6083,"2",7.6889196175e-08,0.00865169520312063,1e-09,-9.90060877564803e-16,-4.9503043844607e-16,-299.999999817997
415,416,2,-4.2791,-4.9377,-18.9349,-4.3294,-4.8448,-19.1047,0.0563,0.2,0.4314,0.3922,0.1961,26.7118,"2",7.703691655e-08,0.00865169520312063,1.11610464153372e-15,2.94599930992109e-16,1.47299965072604e-16,-300.000000054052
416,417,2,-4.3294,-4.8448,-19.1047,-4.3801,-4.7551,-19.2761,0.0563,0.2,0.4314,0.3922,0.1961,26.8158,"2",7.718535055e-08,0.00865169520312063,6.69191208594964e-15,1.7663548428729e-15,8.83177420593696e-16,-300.000000323463
417,418,2,-4.3801,-4.7551,-19.2761,-4.4233,-4.6918,-19.4608,0.0563,0.2,0.4314,0.3922,0.1961,26.9203,"2",7.7334498175e-08,0.00865169520312063,1e-09,-7.38135456672708e-16,-3.69067727651934e-16,-299.99999986509
418,419,2,-4.4233,-4.6918,-19.4608,-4.4513,-4.6498,-19.6544,0.0563,0.2,0.4314,0.3922,0.1961,27.0253,"2",7.7484359425e-08,0.00865169520312063,4.19695336626798e-15,1.1078012993303e-15,5.53900650204509e-16,-300.000000202083
419,420,2,-4.4513,-4.6498,-19.6544,-4.4795,-4.6082,-19.8479,0.0563,0.2,0.4314,0.3922,0.1961,27.1308,"2",7.76349343e-08,0.00865169520312063,1e-09,-1.02251133882509e-15,-5.11255670784271e-16,-299.999999813837
420,421,2,-4.4795,-4.6082,-19.8479,-4.5317,-4.5786,-20.0387,0.0563,0.2,0.4314,0.3922,0.1961,27.2369,"2",7.7786365525e-08,0.00865169520312063,1e-09,-4.30291255038757e-16,-2.15145627605744e-16,-299.999999921812
421,422,2,-4.5317,-4.5786,-20.0387,-4.5942,-4.5549,-20.2272,0.0563,0.2,0.4314,0.3922,0.1961,27.3434,"2",7.793836765e-08,0.00865169520312063,7.48958223899172e-15,1.97690281776327e-15,9.88451410134646e-16,-300.000000358522
422,423,2,-4.5942,-4.5549,-20.2272,-4.657,-4.5312,-20.4156,0.0563,0.2,0.4314,0.3922,0.1961,27.4505,"2",7.8091226125e-08,0.00865169520312063,1e-09,-1.22004747431674e-15,-6.10023736937617e-16,-299.999999779171
423,424,2,-4.657,-4.5312,-20.4156,-4.7195,-4.5063,-20.604,0.0563,0.2,0.4314,0.3922,0.1961,27.5582,"2",7.824494095e-08,0.00865169520312063,1e-09,-1.69447347295773e-15,-8.47236734904991e-16,-299.999999693902
424,425,2,-4.7195,-4.5063,-20.604,-4.7826,-4.4518,-20.7857,0.0563,0.2,0.4314,0.3922,0.1961,27.6664,"2",7.83993694e-08,0.00865169520312063,1e-09,-1.98182019393863e-15,-9.90910093906213e-16,-299.9999996427
425,426,2,-4.7826,-4.4518,-20.7857,-4.8682,-4.396,-20.9577,0.0563,0.2,0.4314,0.3922,0.1961,27.7752,"2",7.85546542e-08,0.00865169520312063,1.71754513849831e-15,4.53352365403764e-16,2.26676182906155e-16,-300.000000081573
426,427,2,-4.8682,-4.396,-20.9577,-4.9305,-4.3933,-21.1477,0.0563,0.2,0.4314,0.3922,0.1961,27.8845,"2",7.8710652625e-08,0.00865169520312063,1e-09,-1.08773671747492e-15,-5.43868357662003e-16,-299.999999804669
427,428,2,-4.9305,-4.3933,-21.1477,-4.9348,-4.3307,-21.3376,0.0563,0.2,0.4314,0.3922,0.1961,27.9944,"2",7.88675074e-08,0.00865169520312063,3.54952715812552e-16,9.36910767077746e-17,4.68455384198202e-17,-300.000000016791
428,429,2,-4.9348,-4.3307,-21.3376,-4.9512,-4.2613,-21.5244,0.0563,0.2,0.4314,0.3922,0.1961,28.1048,"2",7.90250758e-08,0.00865169520312063,5.53956181503533e-15,1.46218774450515e-15,7.3109387178433e-16,-300.000000261529
429,430,2,-4.9512,-4.2613,-21.5244,-4.9809,-4.1628,-21.6959,0.0563,0.2,0.4314,0.3922,0.1961,28.2159,"2",7.9183643275e-08,0.00865169520312063,1e-09,-2.38031307873021e-16,-1.19015653741522e-16,-299.999999957511
430,431,2,-4.9809,-4.1628,-21.6959,-5.0163,-4.0592,-21.8633,0.0563,0.2,0.4314,0.3922,0.1961,28.3275,"2",7.9342924375e-08,0.00865169520312063,1e-09,-1.75118483693829e-15,-8.75592418727152e-16,-299.999999688035
431,432,2,-5.0163,-4.0592,-21.8633,-5.0679,-3.9978,-22.0465,0.0563,0.2,0.4314,0.3922,0.1961,28.4397,"2",7.9503061825e-08,0.00865169520312063,1e-09,-5.41831964443623e-16,-2.70915982749532e-16,-299.99999990367
432,433,2,-5.0679,-3.9978,-22.0465,-5.1268,-3.9313,-22.2257,0.0563,0.2,0.4314,0.3922,0.1961,28.5525,"2",7.9664055625e-08,0.00865169520312063,1e-09,-7.73310102243183e-16,-3.8665505104812e-16,-299.999999862794
433,434,2,-5.1268,-3.9313,-22.2257,-5.1548,-3.8535,-22.4078,0.0563,0.2,0.4314,0.3922,0.1961,28.6659,"2",7.9825905775e-08,0.00865169520312063,6.50763683296424e-15,1.71771471112105e-15,8.58857354091173e-16,-300.000000304151
434,435,2,-5.1548,-3.8535,-22.4078,-5.1795,-3.779,-22.5918,0.0563,0.2,0.4314,0.3922,0.1961,28.7799,"2",7.9988612275e-08,0.00865169520312063,1e-09,-1.39543286309059e-15,-6.9771643128902e-16,-299.999999753417
435,436,2,-5.1795,-3.779,-22.5918,-5.1816,-3.7198,-22.7828,0.0563,0.2,0.4314,0.3922,0.1961,28.8945,"2",8.0152175125e-08,0.00865169520312063,1e-09,-1.78608346861833e-15,-8.93041734095406e-16,-299.999999685031
436,437,2,-5.1816,-3.7198,-22.7828,-5.2,-3.6506,-22.9695,0.0563,0.2,0.4314,0.3922,0.1961,29.0098,"2",8.031673705e-08,0.00865169520312063,1e-09,-1.08213148224409e-15,-5.4106573957684e-16,-299.999999809561
437,438,2,-5.2,-3.6506,-22.9695,-5.2218,-3.5746,-23.1533,0.0563,0.2,0.4314,0.3922,0.1961,29.1257,"2",8.0482155325e-08,0.00865169520312063,1e-09,-1.81902378235567e-15,-9.09511889034922e-16,-299.999999680537
438,439,2,-5.2218,-3.5746,-23.1533,-5.2786,-3.5084,-23.3332,0.0563,0.2,0.4314,0.3922,0.1961,29.2422,"2",8.064842995e-08,0.00865169520312063,6.31075766205998e-16,1.66574772881151e-16,8.32873863181394e-17,-300.000000029194
439,440,2,-5.2786,-3.5084,-23.3332,-5.3298,-3.4344,-23.5119,0.0563,0.2,0.4314,0.3922,0.1961,29.3593,"2",8.0815560925e-08,0.00865169520312063,2.69488255923905e-15,7.11324177357318e-16,3.55662088544089e-16,-300.00000012441
440,441,2,-5.3298,-3.4344,-23.5119,-5.3796,-3.3693,-23.6943,0.0563,0.2,0.4314,0.3922,0.1961,29.4771,"2",8.0983690975e-08,0.00865169520312063,1e-09,-1.8126720498886e-15,-9.06336026645988e-16,-299.999999683624
441,442,2,-5.3796,-3.3693,-23.6943,-5.4294,-3.3032,-23.8763,0.0563,0.2,0.4314,0.3922,0.1961,29.5956,"2",8.11528201e-08,0.00865169520312063,3.49022576623834e-15,9.21257946269034e-16,4.60628973942273e-16,-300.000000160457
442,443,2,-5.4294,-3.3032,-23.8763,-5.5054,-3.2742,-24.059,0.0563,0.2,0.4314,0.3922,0.1961,29.7147,"2",8.1322805575e-08,0.00865169520312063,1e-09,-1.94900572983123e-15,-9.74502866343112e-16,-299.999999661248
443,444,2,-5.5054,-3.2742,-24.059,-5.5629,-3.2564,-24.2498,0.0563,0.2,0.4314,0.3922,0.1961,29.8345,"2",8.1493790125e-08,0.00865169520312063,1.6618439804204e-15,4.38649839569462e-16,2.19324919773878e-16,-300.000000076081
444,445,2,-5.5629,-3.2564,-24.2498,-5.6152,-3.1958,-24.433,0.0563,0.2,0.4314,0.3922,0.1961,29.9549,"2",8.1665631025e-08,0.00865169520312063,5.24881042520578e-15,1.38544284425822e-15,6.92721421663998e-16,-300.00000023979
445,446,2,-5.6152,-3.1958,-24.433,-5.6279,-3.1679,-24.501,0.0563,0.0745,0.4314,0.3922,0.1961,30,"2",8.173e-08,0.00865169520312063,1e-09,-1.04216764222434e-15,-5.21083822033923e-16,-299.999999516149
5,447,3,-0.0207,0.0098,-0.4967,-0.1679,-0.1112,-0.5575,0.1887,0.2,0.4314,0.3922,0.1961,17.6536,"2",7.0312e-08,0.00865169520312063,0.000927252356405702,0.000244751674747995,0.0106408933699886,-14979.4868295648
446,448,3,-0.1679,-0.1112,-0.5575,-0.3174,-0.2306,-0.6156,0.0739,0.2,0.4314,0.3922,0.1961,17.7259,"2",7.0312e-08,0.00865169520312063,0.00036313102610308,9.58497718314778e-05,0.0103961416955686,-14979.2476113206
447,449,3,-0.3174,-0.2306,-0.6156,-0.4639,-0.3587,-0.662,0.0739,0.2,0.4314,0.3922,0.1961,17.7983,"2",7.0312e-08,0.00865169520312063,0.000363125135844631,9.58482170760652e-05,0.010300291923543,-14979.0106088038
448,450,3,-0.4639,-0.3587,-0.662,-0.6115,-0.487,-0.7038,0.0739,0.2,0.4314,0.3922,0.1961,17.8711,"2",7.0312e-08,0.00865169520312063,0.000363119300397326,9.58466767882557e-05,0.0102044437064776,-14978.7758219788
449,451,3,-0.6115,-0.487,-0.7038,-0.7444,-0.6288,-0.751,0.0739,0.2,0.4314,0.3922,0.1961,17.944,"2",7.0312e-08,0.00865169520312063,0.000363113519760282,9.58451509678166e-05,0.0101085970297218,-14978.54325081
450,452,3,-0.7444,-0.6288,-0.751,-0.8705,-0.7766,-0.7987,0.0739,0.2,0.4314,0.3922,0.1961,18.0172,"2",7.0312e-08,0.00865169520312063,0.000363107793932627,9.58436396145177e-05,0.0100127518786251,-14978.3128952623
451,453,3,-0.8705,-0.7766,-0.7987,-0.9868,-0.9325,-0.8452,0.0739,0.2,0.4314,0.3922,0.1961,18.0906,"2",7.0312e-08,0.00865169520312063,0.000363102122913498,9.58421427281309e-05,0.00991690823891251,-14978.084755301
452,454,3,-0.9868,-0.9325,-0.8452,-1.124,-1.0501,-0.9308,0.0739,0.2,0.4314,0.3922,0.1961,18.1643,"2",7.0312e-08,0.00865169520312063,0.000363096506702038,9.58406603084303e-05,0.00982106609630924,-14977.8588308917
453,455,3,-1.124,-1.0501,-0.9308,-1.2605,-1.1406,-1.0456,0.0739,0.2,0.4314,0.3922,0.1961,18.2382,"2",7.0312e-08,0.00865169520312063,0.000363090945297399,9.5839192355192e-05,0.00972522543578909,-14977.6351220002
454,456,3,-1.2605,-1.1406,-1.0456,-1.3843,-1.2529,-1.1555,0.0739,0.2,0.4314,0.3922,0.1961,18.3123,"2",7.0312e-08,0.00865169520312063,0.000363085438698742,9.58377388681945e-05,0.0096293862433276,-14977.4136285927
455,457,3,-1.3843,-1.2529,-1.1555,-1.5104,-1.3571,-1.2706,0.0739,0.2,0.4314,0.3922,0.1961,18.3867,"2",7.0312e-08,0.00865169520312063,0.000363079986905236,9.58362998472183e-05,0.00953354850452468,-14977.1943506359
456,458,3,-1.5104,-1.3571,-1.2706,-1.6082,-1.4733,-1.4007,0.0739,0.2,0.4314,0.3922,0.1961,18.4613,"2",7.0312e-08,0.00865169520312063,0.000363074589916058,9.58348752920464e-05,0.00943771220447935,-14976.9772880967
457,459,3,-1.6082,-1.4733,-1.4007,-1.7172,-1.588,-1.523,0.0739,0.2,0.4314,0.3922,0.1961,18.5361,"2",7.0312e-08,0.00865169520312063,0.000363069247730392,9.58334652024636e-05,0.00934187732916719,-14976.7624409422
458,460,3,-1.7172,-1.588,-1.523,-1.8013,-1.7113,-1.6561,0.0739,0.2,0.4314,0.3922,0.1961,18.6112,"2",7.0312e-08,0.00865169520312063,0.000363063960347434,9.58320695782572e-05,0.00924604386381243,-14976.54980914
459,461,3,-1.8013,-1.7113,-1.6561,-1.8424,-1.8395,-1.804,0.0739,0.2,0.4314,0.3922,0.1961,18.6866,"2",7.0312e-08,0.00865169520312063,0.000363058727766384,9.58306884192164e-05,0.00915021179414019,-14976.3393926581
460,462,3,-1.8424,-1.8395,-1.804,-1.9093,-1.935,-1.9665,0.0739,0.2,0.4314,0.3922,0.1961,18.7622,"2",7.0312e-08,0.00865169520312063,0.000363053549986454,9.58293217251328e-05,0.00905438110575037,-14976.1311914647
461,463,3,-1.9093,-1.935,-1.9665,-1.9922,-2.0237,-2.1255,0.0739,0.2,0.4314,0.3922,0.1961,18.838,"2",7.0312e-08,0.00865169520312063,0.00036304842700686,9.58279694958e-05,0.00895855178399245,-14975.9252055284
462,464,3,-1.9922,-2.0237,-2.1255,-2.067,-2.1335,-2.2749,0.0739,0.2,0.4314,0.3922,0.1961,18.9141,"2",7.0312e-08,0.00865169520312063,0.000363043358826831,9.58266317310141e-05,0.00886272381446632,-14975.721434818
463,465,3,-2.067,-2.1335,-2.2749,-2.1533,-2.2534,-2.4098,0.0739,0.2,0.4314,0.3922,0.1961,18.9904,"2",7.0312e-08,0.00865169520312063,0.000363038345445601,9.58253084305729e-05,0.00876689718264667,-14975.5198793028
464,466,3,-2.1533,-2.2534,-2.4098,-2.2679,-2.366,-2.5289,0.0739,0.2,0.4314,0.3922,0.1961,19.067,"2",7.0312e-08,0.00865169520312063,0.000363033386862413,9.58239995942769e-05,0.0086710718741334,-14975.3205389524
465,467,3,-2.2679,-2.366,-2.5289,-2.3756,-2.4797,-2.6533,0.0739,0.2,0.4314,0.3922,0.1961,19.1439,"2",7.0312e-08,0.00865169520312063,0.000363028483076519,9.58227052219285e-05,0.00857524787452641,-14975.1234137368
466,468,3,-2.3756,-2.4797,-2.6533,-2.4903,-2.5874,-2.7768,0.0739,0.2,0.4314,0.3922,0.1961,19.221,"2",7.0312e-08,0.00865169520312063,0.000363023634087178,9.58214253133322e-05,0.00847942516930039,-14974.928503626
467,469,3,-2.4903,-2.5874,-2.7768,-2.5981,-2.6973,-2.9045,0.0739,0.2,0.4314,0.3922,0.1961,19.2984,"2",7.0312e-08,0.00865169520312063,0.00036301883989366,9.58201598682949e-05,0.00838360374393001,-14974.7358085908
468,470,3,-2.5981,-2.6973,-2.9045,-2.7158,-2.7913,-3.036,0.0739,0.2,0.4314,0.3922,0.1961,19.376,"2",7.0312e-08,0.00865169520312063,0.000363014100495239,9.58189088866255e-05,0.00828778358401519,-14974.545328602
469,471,3,-2.7158,-2.7913,-3.036,-2.8429,-2.8811,-3.1617,0.0739,0.2,0.4314,0.3922,0.1961,19.4539,"2",7.0312e-08,0.00865169520312063,0.000363009415891201,9.58176723681353e-05,0.00819196467490539,-14974.3570636309
470,472,3,-2.8429,-2.8811,-3.1617,-3.0159,-2.9471,-3.2371,0.0739,0.2,0.4314,0.3922,0.1961,19.532,"2",7.0312e-08,0.00865169520312063,0.000363004786080839,9.58164503126376e-05,0.00809614700245094,-14974.1710136491
471,473,3,-3.0159,-2.9471,-3.2371,-3.1857,-3.0172,-3.3163,0.0739,0.2,0.4314,0.3922,0.1961,19.6105,"2",7.0312e-08,0.00865169520312063,0.000363000211063454,9.5815242719948e-05,0.00800033055200132,-14973.9871786285
472,474,3,-3.1857,-3.0172,-3.3163,-3.3498,-3.0971,-3.3981,0.0739,0.2,0.4314,0.3922,0.1961,19.6891,"2",7.0312e-08,0.00865169520312063,0.000362995690838355,9.58140495898841e-05,0.00790451530940685,-14973.8055585413
473,475,3,-3.3498,-3.0971,-3.3981,-3.5053,-3.1556,-3.5094,0.0739,0.2,0.4314,0.3922,0.1961,19.7681,"2",7.0312e-08,0.00865169520312063,0.00036299122540486,9.58128709222659e-05,0.00780870125976658,-14973.6261533601
474,476,3,-3.5053,-3.1556,-3.5094,-3.6561,-3.2289,-3.6184,0.0739,0.2,0.4314,0.3922,0.1961,19.8473,"2",7.0312e-08,0.00865169520312063,0.000362986814762295,9.58117067169154e-05,0.0077128883886804,-14973.4489630579
475,477,3,-3.6561,-3.2289,-3.6184,-3.8044,-3.3143,-3.7219,0.0739,0.2,0.4314,0.3922,0.1961,19.9268,"2",7.0312e-08,0.00865169520312063,0.000362982458909993,9.5810556973657e-05,0.00761707668187343,-14973.2739876079
476,478,3,-3.8044,-3.3143,-3.7219,-3.9555,-3.4091,-3.8123,0.0739,0.2,0.4314,0.3922,0.1961,20.0066,"2",7.0312e-08,0.00865169520312063,0.000362978157847299,9.58094216923171e-05,0.00752126612482035,-14973.1012269837
477,479,3,-3.9555,-3.4091,-3.8123,-4.0852,-3.518,-3.9188,0.0739,0.2,0.4314,0.3922,0.1961,20.0867,"2",7.0312e-08,0.00865169520312063,0.000362973911573562,9.58083008727242e-05,0.00742545670299586,-14972.9306811591
478,480,3,-4.0852,-3.518,-3.9188,-4.2266,-3.6109,-4.0255,0.0739,0.2,0.4314,0.3922,0.1961,20.167,"2",7.0312e-08,0.00865169520312063,0.000362969720088142,9.58071945147093e-05,0.00732964840225029,-14972.7623501086
479,481,3,-4.2266,-3.6109,-4.0255,-4.3764,-3.6986,-4.1248,0.0739,0.2,0.4314,0.3922,0.1961,20.2476,"2",7.0312e-08,0.00865169520312063,0.000362965583390405,9.58061026181054e-05,0.00723384120755745,-14972.5962338066
480,482,3,-4.3764,-3.6986,-4.1248,-4.4861,-3.7891,-4.2654,0.0739,0.2,0.4314,0.3922,0.1961,20.3285,"2",7.0312e-08,0.00865169520312063,0.000362961501479728,9.58050251827476e-05,0.00713803510489289,-14972.4323322281
481,483,3,-4.4861,-3.7891,-4.2654,-4.5674,-3.8931,-4.4156,0.0739,0.2,0.4314,0.3922,0.1961,20.4097,"2",7.0312e-08,0.00865169520312063,0.000362957474355494,9.58039622084732e-05,0.00704223007948087,-14972.2706453483
482,484,3,-4.5674,-3.8931,-4.4156,-4.6737,-3.9885,-4.5557,0.0739,0.2,0.4314,0.3922,0.1961,20.4912,"2",7.0312e-08,0.00865169520312063,0.000362953502017095,9.5802913695122e-05,0.00694642611729694,-14972.1111731429
483,485,3,-4.6737,-3.9885,-4.5557,-4.7946,-4.1186,-4.6475,0.0739,0.2,0.4314,0.3922,0.1961,20.573,"2",7.0312e-08,0.00865169520312063,0.000362949584463933,9.58018796425355e-05,0.00685062320344013,-14971.9539155877
484,486,3,-4.7946,-4.1186,-4.6475,-4.9237,-4.2526,-4.7211,0.0739,0.2,0.4314,0.3922,0.1961,20.655,"2",7.0312e-08,0.00865169520312063,0.000362945721695415,9.58008600505577e-05,0.00675482132363556,-14971.7988726591
485,487,3,-4.9237,-4.2526,-4.7211,-5.0462,-4.3886,-4.8016,0.0739,0.2,0.4314,0.3922,0.1961,20.7374,"2",7.0312e-08,0.00865169520312063,0.000362941913710958,9.57998549190347e-05,0.00665902046373357,-14971.6460443336
486,488,3,-5.0462,-4.3886,-4.8016,-5.1509,-4.5431,-4.8735,0.0739,0.2,0.4314,0.3922,0.1961,20.82,"2",7.0312e-08,0.00865169520312063,0.000362938160509988,9.57988642478148e-05,0.00656322060883319,-14971.4954305882
487,489,3,-5.1509,-4.5431,-4.8735,-5.2552,-4.6973,-4.9467,0.0739,0.2,0.4314,0.3922,0.1961,20.903,"2",7.0312e-08,0.00865169520312063,0.000362934462091938,9.57978880367485e-05,0.00646742174465954,-14971.3470314
488,490,3,-5.2552,-4.6973,-4.9467,-5.3614,-4.8505,-5.019,0.0739,0.2,0.4314,0.3922,0.1961,20.9862,"2",7.0312e-08,0.00865169520312063,0.00036293081845625,9.57969262856883e-05,0.00637162385643687,-14971.2008467469
489,491,3,-5.3614,-4.8505,-5.019,-5.4789,-4.9925,-5.0967,0.0739,0.2,0.4314,0.3922,0.1961,21.0698,"2",7.0312e-08,0.00865169520312063,0.000362927229602374,9.57959789944892e-05,0.00627582692989029,-14971.0568766065
490,492,3,-5.4789,-4.9925,-5.0967,-5.6018,-5.143,-5.144,0.0739,0.2,0.4314,0.3922,0.1961,21.1536,"2",7.0312e-08,0.00865169520312063,0.000362923695529768,9.57950461630081e-05,0.00618003095099537,-14970.9151209573
491,493,3,-5.6018,-5.143,-5.144,-5.7287,-5.292,-5.1851,0.0739,0.2,0.4314,0.3922,0.1961,21.2378,"2",7.0312e-08,0.00865169520312063,0.000362920216237899,9.57941277911042e-05,0.00608423590485113,-14970.7755797779
492,494,3,-5.7287,-5.292,-5.1851,-5.8552,-5.4434,-5.2181,0.0739,0.2,0.4314,0.3922,0.1961,21.3222,"2",7.0312e-08,0.00865169520312063,0.000362916791726242,9.5793223878639e-05,0.00598844177680704,-14970.6382530471
493,495,3,-5.8552,-5.4434,-5.2181,-6.007,-5.5558,-5.2839,0.0739,0.2,0.4314,0.3922,0.1961,21.407,"2",7.0312e-08,0.00865169520312063,0.000362913421994279,9.57923344254759e-05,0.00589264855296388,-14970.5031407442
494,496,3,-6.007,-5.5558,-5.2839,-6.1768,-5.6512,-5.329,0.0739,0.2,0.4314,0.3922,0.1961,21.4921,"2",7.0312e-08,0.00865169520312063,0.000362910107041502,9.57914594314807e-05,0.00579685621829545,-14970.3702428489
495,497,3,-6.1768,-5.6512,-5.329,-6.3374,-5.7201,-5.4265,0.0739,0.2,0.4314,0.3922,0.1961,21.5775,"2",7.0312e-08,0.00865169520312063,0.000362906846867411,9.57905988965215e-05,0.00570106475877731,-14970.2395593411
496,498,3,-6.3374,-5.7201,-5.4265,-6.4658,-5.8191,-5.5435,0.0739,0.2,0.4314,0.3922,0.1961,21.6632,"2",7.0312e-08,0.00865169520312063,0.000362903641471513,9.57897528204681e-05,0.00560527415988415,-14970.1110902011
497,499,3,-6.4658,-5.8191,-5.5435,-6.5878,-5.925,-5.6614,0.0739,0.2,0.4314,0.3922,0.1961,21.7493,"2",7.0312e-08,0.00865169520312063,0.000362900490853325,9.5788921203193e-05,0.00550948440709065,-14969.9848354094
498,500,3,-6.5878,-5.925,-5.6614,-6.7089,-6.0445,-5.7666,0.0739,0.2,0.4314,0.3922,0.1961,21.8356,"2",7.0312e-08,0.00865169520312063,0.000362897395012372,9.57881040445706e-05,0.00541369548587149,-14969.860794947
499,501,3,-6.7089,-6.0445,-5.7666,-6.8318,-6.1594,-5.8746,0.0739,0.2,0.4314,0.3922,0.1961,21.9223,"2",7.0312e-08,0.00865169520312063,0.000362894353948185,9.57873013444776e-05,0.00531790738157615,-14969.7389687953
500,502,3,-6.8318,-6.1594,-5.8746,-6.9217,-6.262,-6.0209,0.0739,0.2,0.4314,0.3922,0.1961,22.0094,"2",7.032541615e-08,0.00865169520312063,0.00036296061053698,9.58047900151278e-05,0.00522212008010557,-14969.6193571469
501,503,3,-6.9217,-6.262,-6.0209,-7.0483,-6.3519,-6.147,0.0739,0.2,0.4314,0.3922,0.1961,22.0967,"2",7.0450015075e-08,0.00865169520312063,0.000363600748082668,9.59737566780797e-05,0.00512631529039682,-14969.5019621572
502,504,3,-7.0483,-6.3519,-6.147,-7.1745,-6.435,-6.278,0.0739,0.2,0.4314,0.3922,0.1961,22.1844,"2",7.05751849e-08,0.00865169520312063,0.000364243876784817,9.61435128677966e-05,0.0050303415336732,-14969.3867877412
503,505,3,-7.1745,-6.435,-6.278,-7.2954,-6.5164,-6.4149,0.0739,0.2,0.4314,0.3922,0.1961,22.2724,"2",7.07007829e-08,0.00865169520312063,0.00036488926035525,9.63138642383021e-05,0.00493419802046513,-14969.2738378299
504,506,3,-7.2954,-6.5164,-6.4149,-7.4142,-6.5984,-6.5534,0.0739,0.2,0.4314,0.3922,0.1961,22.3608,"2",7.08269518e-08,0.00865169520312063,0.000365537635738393,9.64850053087922e-05,0.00483788415638063,-14969.1631163706
505,507,3,-7.4142,-6.5984,-6.5534,-7.5136,-6.6713,-6.7109,0.0739,0.2,0.4314,0.3922,0.1961,22.4495,"2",7.0953548875e-08,0.00865169520312063,0.000366188266664403,9.66567417381297e-05,0.00474139915105124,-14969.0546273263
506,508,3,-7.5136,-6.6713,-6.7109,-7.6213,-6.7375,-6.8659,0.0739,0.2,0.4314,0.3922,0.1961,22.5385,"2",7.1080574125e-08,0.00865169520312063,0.000366841153481059,9.68290736181121e-05,0.00464474240947643,-14968.9483746739
507,509,3,-7.6213,-6.7375,-6.8659,-7.7781,-6.817,-6.9612,0.0739,0.2,0.4314,0.3922,0.1961,22.6279,"2",7.1208170275e-08,0.00865169520312063,0.000367497033126252,9.700219546621e-05,0.00454791333591329,-14968.8443624064
508,510,3,-7.7781,-6.817,-6.9612,-7.9305,-6.9283,-7.0275,0.0739,0.2,0.4314,0.3922,0.1961,22.7176,"2",7.13361946e-08,0.00865169520312063,0.000368155169356655,9.71759129482854e-05,0.00445091114013364,-14968.7425945326
509,511,3,-7.9305,-6.9283,-7.0275,-8.082,-7.0398,-7.0954,0.0739,0.2,0.4314,0.3922,0.1961,22.8077,"2",7.1464789825e-08,0.00865169520312063,0.000368816299106563,9.73504205808603e-05,0.00435373522727395,-14968.6430750775
510,512,3,-8.082,-7.0398,-7.0954,-8.2113,-7.1415,-7.2092,0.0739,0.2,0.4314,0.3922,0.1961,22.8982,"2",7.159395595e-08,0.00865169520312063,0.000369480422721847,9.7525718455228e-05,0.00425638480694389,-14968.5458080842
511,513,3,-8.2113,-7.1415,-7.2092,-8.3458,-7.2608,-7.2968,0.0739,0.2,0.4314,0.3922,0.1961,22.989,"2",7.172355025e-08,0.00865169520312063,0.000370146803985228,9.77016122441265e-05,0.00415885908855159,-14968.4507976121
512,514,3,-8.3458,-7.2608,-7.2968,-8.4574,-7.3688,-7.4227,0.0739,0.2,0.4314,0.3922,0.1961,23.0801,"2",7.1853572725e-08,0.00865169520312063,0.000370815443264428,9.78781020446169e-05,0.00406115747610178,-14968.3580477341
513,515,3,-8.4574,-7.3688,-7.4227,-8.5709,-7.4642,-7.557,0.0739,0.2,0.4314,0.3922,0.1961,23.1716,"2",7.19841661e-08,0.00865169520312063,0.000371487077488034,9.80553823717148e-05,0.00396327937444081,-14968.2675625392
514,516,3,-8.5709,-7.4642,-7.557,-8.7135,-7.5277,-7.6821,0.0739,0.2,0.4314,0.3922,0.1961,23.2635,"2",7.2115330375e-08,0.00865169520312063,0.000372161707016699,9.8233453320615e-05,0.00386522399191617,-14968.1793461347
515,517,3,-8.7135,-7.5277,-7.6821,-8.8602,-7.62,-7.7818,0.0739,0.2,0.4314,0.3922,0.1961,23.3558,"2",7.224706555e-08,0.00865169520312063,0.000372839332215022,9.84123149875553e-05,0.00376699053888716,-14968.0934026463
516,518,3,-8.8602,-7.62,-7.7818,-8.9303,-7.746,-7.9204,0.0739,0.2,0.4314,0.3922,0.1961,23.4484,"2",7.23792289e-08,0.00865169520312063,0.000373519216906949,9.85917730561544e-05,0.00366857822373448,-14968.0097362155
517,519,3,-8.9303,-7.746,-7.9204,-8.9938,-7.8907,-8.043,0.0739,0.2,0.4314,0.3922,0.1961,23.5414,"2",7.251196315e-08,0.00865169520312063,0.000374202098017812,9.87720220405683e-05,0.00356998645077825,-14967.928351
518,520,3,-8.9938,-7.8907,-8.043,-9.0514,-8.0379,-8.1655,0.0739,0.2,0.4314,0.3922,0.1961,23.6348,"2",7.26452683e-08,0.00865169520312063,0.000374887975923682,9.89530620400621e-05,0.00347121442882744,-14967.8492511756
519,521,3,-9.0514,-8.0379,-8.1655,-9.1217,-8.1854,-8.2809,0.0739,0.2,0.4314,0.3922,0.1961,23.7285,"2",7.2779001625e-08,0.00865169520312063,0.000375576114472097,9.91346987444822e-05,0.00337226136682013,-14967.7724409345
520,522,3,-9.1217,-8.1854,-8.2809,-9.1991,-8.3378,-8.3847,0.0739,0.2,0.4314,0.3922,0.1961,23.8227,"2",7.2913448575e-08,0.00865169520312063,0.000376267987115888,9.93173210771303e-05,0.00327312666794791,-14967.6979244868
521,523,3,-9.1991,-8.3378,-8.3847,-9.2944,-8.4867,-8.4783,0.0739,0.2,0.4314,0.3922,0.1961,23.9172,"2",7.30483237e-08,0.00865169520312063,0.000376962121181668,9.95005403204414e-05,0.00317380934680417,-14967.6257060611
522,524,3,-9.2944,-8.4867,-8.4783,-9.3819,-8.6545,-8.5428,0.0739,0.2,0.4314,0.3922,0.1961,24.0121,"2",7.3183769725e-08,0.00865169520312063,0.000377659253593651,9.96845509882768e-05,0.00307430880639857,-14967.555789902
523,525,3,-9.3819,-8.6545,-8.5428,-9.4704,-8.823,-8.6043,0.0739,0.2,0.4314,0.3922,0.1961,24.1074,"2",7.331978665e-08,0.00865169520312063,0.000378359384747572,9.98693531850915e-05,0.00297462425540794,-14967.4881802724
524,526,3,-9.4704,-8.823,-8.6043,-9.5201,-8.9887,-8.7047,0.0739,0.2,0.4314,0.3922,0.1961,24.2031,"2",7.3456374475e-08,0.00865169520312063,0.000379062515043227,0.000100054947016413,0.00287475490224317,-14967.4228814535
525,527,3,-9.5201,-8.9887,-8.7047,-9.5696,-9.1383,-8.8278,0.0739,0.2,0.4314,0.3922,0.1961,24.2992,"2",7.35935332e-08,0.00865169520312063,0.000379768644884486,0.000100241332588845,0.00277469995528958,-14967.3598977448
526,528,3,-9.5696,-9.1383,-8.8278,-9.6505,-9.2764,-8.9478,0.0739,0.2,0.4314,0.3922,0.1961,24.3957,"2",7.3731262825e-08,0.00865169520312063,0.00038047777467931,0.00010042851001007,0.00267445862276383,-14967.299233464
527,529,3,-9.6505,-9.2764,-8.9478,-9.7115,-9.4073,-9.0862,0.0739,0.2,0.4314,0.3922,0.1961,24.4926,"2",7.386956335e-08,0.00865169520312063,0.00038118990483976,0.000100616479388853,0.00257403011282634,-14967.2408929474
528,530,3,-9.7115,-9.4073,-9.0862,-9.7717,-9.5394,-9.2238,0.0739,0.2,0.4314,0.3922,0.1961,24.59,"2",7.40085775e-08,0.00865169520312063,0.00038190577228452,0.000100805435237595,0.00247341363367496,-14967.1848805515
529,531,3,-9.7717,-9.5394,-9.2238,-9.8315,-9.6682,-9.3645,0.0739,0.2,0.4314,0.3922,0.1961,24.6877,"2",7.4148019825e-08,0.00865169520312063,0.000382623904426245,0.000100994988861443,0.00237260819843013,-14967.1312006514
530,532,3,-9.8315,-9.6682,-9.3645,-9.8972,-9.7948,-9.5047,0.0739,0.2,0.4314,0.3922,0.1961,24.7859,"2",7.4288175775e-08,0.00865169520312063,0.000383345774691875,0.000101185529176863,0.00227161320937871,-14967.0798576403
531,533,3,-9.8972,-9.7948,-9.5047,-9.9756,-9.9415,-9.6158,0.0739,0.2,0.4314,0.3922,0.1961,24.8844,"2",7.44287599e-08,0.00865169520312063,0.000384069910513381,0.000101376667494101,0.00217042768026095,-14967.0308559298
532,534,3,-9.9756,-9.9415,-9.6158,-10.0141,-10.1155,-9.7066,0.0739,0.2,0.4314,0.3922,0.1961,24.9834,"2",7.457005765e-08,0.00865169520312063,0.00038479778531548,0.000101568792729039,0.00206905101271421,-14966.9841999498
533,535,3,-10.0141,-10.1155,-9.7066,-10.078,-10.2915,-9.777,0.0739,0.2,0.4314,0.3922,0.1961,25.0828,"2",7.47119263e-08,0.00865169520312063,0.000385528663038482,0.000101761710596008,0.00196748221991399,-14966.9398941509
534,536,3,-10.078,-10.2915,-9.777,-10.1446,-10.422,-9.9131,0.0739,0.2,0.4314,0.3922,0.1961,25.1827,"2",7.4854508575e-08,0.00865169520312063,0.000386263280611753,0.000101955615610232,0.00186572050933878,-14966.8979430041
535,537,3,-10.1446,-10.422,-9.9131,-10.1985,-10.5675,-10.0392,0.0739,0.2,0.4314,0.3922,0.1961,25.283,"2",7.499766175e-08,0.00865169520312063,0.000387000901989406,0.000102150313489685,0.00176376489364867,-14966.8583510011
536,538,3,-10.1985,-10.5675,-10.0392,-10.2389,-10.7067,-10.1771,0.0739,0.2,0.4314,0.3922,0.1961,25.3837,"2",7.5141385825e-08,0.00865169520312063,0.000387741527621972,0.000102345804353288,0.0016616145801102,-14966.8211226518
537,539,3,-10.2389,-10.7067,-10.1771,-10.2513,-10.8219,-10.3401,0.0739,0.2,0.4314,0.3922,0.1961,25.4849,"2",7.5285823525e-08,0.00865169520312063,0.000388485894446182,0.000102542282718206,0.0015592687754948,-14966.7862624867
538,540,3,-10.2513,-10.8219,-10.3401,-10.272,-10.9337,-10.5046,0.0739,0.2,0.4314,0.3922,0.1961,25.5865,"2",7.5430832125e-08,0.00865169520312063,0.000389233266435842,0.000102739554307612,0.00145672649287403,-14966.753775057
539,541,3,-10.272,-10.9337,-10.5046,-10.2853,-11.0495,-10.6672,0.0739,0.2,0.4314,0.3922,0.1961,25.6886,"2",7.557655435e-08,0.00865169520312063,0.000389984380533418,0.000102937813640186,0.0013539869384489,-14966.7236649345
540,542,3,-10.2853,-11.0495,-10.6672,-10.2999,-11.1674,-10.828,0.0739,0.2,0.4314,0.3922,0.1961,25.7911,"2",7.5722847475e-08,0.00865169520312063,0.000390738500725484,0.000103136866442473,0.00125104912512695,-14966.6959367114
541,543,3,-10.2999,-11.1674,-10.828,-10.3104,-11.2858,-10.9889,0.0739,0.2,0.4314,0.3922,0.1961,25.8941,"2",7.5869854225e-08,0.00865169520312063,0.000391496363960784,0.000103336907234807,0.00114791225867082,-14966.6705950005
542,544,3,-10.3104,-11.2858,-10.9889,-10.3313,-11.4249,-11.1311,0.0739,0.2,0.4314,0.3922,0.1961,25.9975,"2",7.6017431875e-08,0.00865169520312063,0.000392257234238246,0.000103537741746996,0.00104457535153757,-14966.6476444355
543,545,3,-10.3313,-11.4249,-11.1311,-10.3279,-11.5547,-11.2832,0.0739,0.2,0.4314,0.3922,0.1961,26.1015,"2",7.6165865875e-08,0.00865169520312063,0.000393022584987038,0.000103739758896095,0.000941037609609666,-14966.6270896726
544,546,3,-10.3279,-11.5547,-11.2832,-10.3193,-11.6943,-11.4262,0.0739,0.2,0.4314,0.3922,0.1961,26.2058,"2",7.631472805e-08,0.00865169520312063,0.000393790207269961,0.000103942375624995,0.00083729785075617,-14966.6089353887
545,547,3,-10.3193,-11.6943,-11.4262,-10.3019,-11.8472,-11.5539,0.0739,0.2,0.4314,0.3922,0.1961,26.3107,"2",7.6464446575e-08,0.00865169520312063,0.000394562310996421,0.000104146175247422,0.000733355475168617,-14966.5931862815
546,548,3,-10.3019,-11.8472,-11.5539,-10.2787,-12.0004,-11.6804,0.0739,0.2,0.4314,0.3922,0.1961,26.4161,"2",7.6614878725e-08,0.00865169520312063,0.000395338160186738,0.00010435096349883,0.000629209299972121,-14966.5798470735
547,549,3,-10.2787,-12.0004,-11.6804,-10.2614,-12.1407,-11.8219,0.0739,0.2,0.4314,0.3922,0.1961,26.5219,"2",7.6765881775e-08,0.00865169520312063,0.000396117018869634,0.000104556546116888,0.000524858336683396,-14966.5689225079
548,550,3,-10.2614,-12.1407,-11.8219,-10.2778,-12.2877,-11.9565,0.0739,0.2,0.4314,0.3922,0.1961,26.6282,"2",7.691759845e-08,0.00865169520312063,0.000396899624020828,0.000104763117629053,0.000420301790383339,-14966.5604173487
549,551,3,-10.2778,-12.2877,-11.9565,-10.3176,-12.4261,-12.0952,0.0739,0.2,0.4314,0.3922,0.1961,26.735,"2",7.707002875e-08,0.00865169520312063,0.000397685976149531,0.000104970678169732,0.000315538672865935,-14966.5543363825
550,552,3,-10.3176,-12.4261,-12.0952,-10.3111,-12.5689,-12.2351,0.0739,0.2,0.4314,0.3922,0.1961,26.8423,"2",7.7223172675e-08,0.00865169520312063,0.000398476075770244,0.000105179227874731,0.000210567994741447,-14966.5506844189
551,553,3,-10.3111,-12.5689,-12.2351,-10.3073,-12.7178,-12.3686,0.0739,0.2,0.4314,0.3922,0.1961,26.9501,"2",7.7377030225e-08,0.00865169520312063,0.00039926992340278,0.000105388766881254,0.000105388766854361,-14966.5494662904
553,554,3,-10.3073,-12.7178,-12.3686,-10.3215,-12.8467,-12.5209,0.0739,0.2,0.4314,0.3922,0.1961,27.0584,"2",7.75316014e-08,0.00865169520312063,3.75687651086561e-15,9.91641392446838e-16,4.95820695924578e-16,-300.000000137728
554,555,3,-10.3215,-12.8467,-12.5209,-10.3356,-12.9744,-12.6741,0.0739,0.2,0.4314,0.3922,0.1961,27.1673,"2",7.7687028925e-08,0.00865169520312063,1e-09,-7.34626105097055e-16,-3.67313052880916e-16,-299.999999898173
555,556,3,-10.3356,-12.9744,-12.6741,-10.3625,-13.081,-12.8412,0.0739,0.2,0.4314,0.3922,0.1961,27.2766,"2",7.784302735e-08,0.00865169520312063,1e-09,-1.33584461734108e-15,-6.67922307940628e-16,-299.999999815209
556,557,3,-10.3625,-13.081,-12.8412,-10.3867,-13.1943,-13.0042,0.0739,0.2,0.4314,0.3922,0.1961,27.3865,"2",7.7999882125e-08,0.00865169520312063,1e-09,-2.49372181132136e-16,-1.24686090458684e-16,-299.999999965573
557,558,3,-10.3867,-13.1943,-13.0042,-10.4476,-13.2901,-13.1689,0.0739,0.2,0.4314,0.3922,0.1961,27.4969,"2",7.8157450525e-08,0.00865169520312063,1e-09,-1.91987033075533e-15,-9.59935166421137e-16,-299.999999735487
558,559,3,-10.4476,-13.2901,-13.1689,-10.52,-13.3874,-13.3279,0.0739,0.2,0.4314,0.3922,0.1961,27.6078,"2",7.831573255e-08,0.00865169520312063,7.49877502406011e-15,1.97932928724112e-15,9.89664644758115e-16,-300.000000272154
559,560,3,-10.52,-13.3874,-13.3279,-10.5907,-13.4868,-13.4864,0.0739,0.2,0.4314,0.3922,0.1961,27.7192,"2",7.84747282e-08,0.00865169520312063,1e-09,-1.04178504930562e-15,-5.20892524424005e-16,-299.999999857047
560,561,3,-10.5907,-13.4868,-13.4864,-10.6533,-13.5885,-13.6468,0.0739,0.2,0.4314,0.3922,0.1961,27.8313,"2",7.8634722925e-08,0.00865169520312063,7.84014338695381e-15,2.0694347239618e-15,1.03471736204729e-15,-300.000000283389
561,562,3,-10.6533,-13.5885,-13.6468,-10.733,-13.6856,-13.8025,0.0739,0.2,0.4314,0.3922,0.1961,27.9438,"2",7.879528855e-08,0.00865169520312063,1e-09,-2.02098853384527e-15,-1.01049426603512e-15,-299.999999723809
562,563,3,-10.733,-13.6856,-13.8025,-10.7866,-13.7781,-13.9715,0.0739,0.2,0.4314,0.3922,0.1961,28.0569,"2",7.8956710525e-08,0.00865169520312063,1e-09,-2.60406216434243e-16,-1.30203108442067e-16,-299.999999964485
563,564,3,-10.7866,-13.7781,-13.9715,-10.847,-13.861,-14.1432,0.0739,0.2,0.4314,0.3922,0.1961,28.1706,"2",7.911898885e-08,0.00865169520312063,1e-09,-9.75495365408232e-16,-4.87747683493585e-16,-299.999999867233
564,565,3,-10.847,-13.861,-14.1432,-10.9179,-13.9316,-14.3164,0.0739,0.2,0.4314,0.3922,0.1961,28.2848,"2",7.92819808e-08,0.00865169520312063,1e-09,-2.84244421095003e-16,-1.42122210345677e-16,-299.999999961393
565,566,3,-10.9179,-13.9316,-14.3164,-10.9747,-14.0059,-14.4931,0.0739,0.2,0.4314,0.3922,0.1961,28.3996,"2",7.94458291e-08,0.00865169520312063,1e-09,-2.06867398387002e-15,-1.03433699165966e-15,-299.999999719607
566,567,3,-10.9747,-14.0059,-14.4931,-11.0389,-14.0771,-14.6687,0.0739,0.2,0.4314,0.3922,0.1961,28.515,"2",7.961053375e-08,0.00865169520312063,7.56907763184709e-15,1.99788591950649e-15,9.9894295983843e-16,-300.000000270238
567,568,3,-11.0389,-14.0771,-14.6687,-11.0996,-14.166,-14.8372,0.0739,0.2,0.4314,0.3922,0.1961,28.6309,"2",7.9775952025e-08,0.00865169520312063,1e-09,-8.55897712619838e-16,-4.27948855776256e-16,-299.99999988447
568,569,3,-11.0996,-14.166,-14.8372,-11.201,-14.2477,-14.9891,0.0739,0.2,0.4314,0.3922,0.1961,28.7475,"2",7.9942369375e-08,0.00865169520312063,1e-09,-1.74071792625917e-15,-8.70358963941946e-16,-299.999999765525
569,570,3,-11.201,-14.2477,-14.9891,-11.3081,-14.3074,-15.147,0.0739,0.2,0.4314,0.3922,0.1961,28.8646,"2",8.010950035e-08,0.00865169520312063,1e-09,-1.21921719250877e-15,-6.09608596762625e-16,-299.999999836114
570,571,3,-11.3081,-14.3074,-15.147,-11.4145,-14.372,-15.3036,0.0739,0.2,0.4314,0.3922,0.1961,28.9823,"2",8.0277487675e-08,0.00865169520312063,3.75035233190984e-15,9.89919311381476e-16,4.94959655887231e-16,-300.000000132786
571,572,3,-11.4145,-14.372,-15.3036,-11.5409,-14.4383,-15.4437,0.0739,0.2,0.4314,0.3922,0.1961,29.1007,"2",8.0446474075e-08,0.00865169520312063,3.80623712026958e-15,1.00467030710502e-15,5.02335153328048e-16,-300.000000134481
572,573,3,-11.5409,-14.4383,-15.4437,-11.6626,-14.5177,-15.5811,0.0739,0.2,0.4314,0.3922,0.1961,29.2196,"2",8.06161741e-08,0.00865169520312063,1e-09,-1.73760623722399e-15,-8.68803118417767e-16,-299.9999997679
573,574,3,-11.6626,-14.5177,-15.5811,-11.7969,-14.5938,-15.7082,0.0739,0.2,0.4314,0.3922,0.1961,29.3392,"2",8.07868732e-08,0.00865169520312063,6.26017271040375e-15,1.65239564450633e-15,8.26197821498378e-16,-300.000000220252
574,575,3,-11.7969,-14.5938,-15.7082,-11.938,-14.679,-15.8215,0.0739,0.2,0.4314,0.3922,0.1961,29.4594,"2",8.095842865e-08,0.00865169520312063,1e-09,-1.59665846115379e-15,-7.98329228973226e-16,-299.999999787629
575,576,3,-11.938,-14.679,-15.8215,-12.0516,-14.7608,-15.9644,0.0739,0.2,0.4314,0.3922,0.1961,29.5802,"2",8.113084045e-08,0.00865169520312063,3.80838943401799e-15,1.00523841824635e-15,5.02619208331416e-16,-300.000000133422
576,577,3,-12.0516,-14.7608,-15.9644,-12.1676,-14.8458,-16.1033,0.0739,0.2,0.4314,0.3922,0.1961,29.7017,"2",8.1304251325e-08,0.00865169520312063,5.35217251731539e-15,1.41272564917591e-15,7.0636282480302e-16,-300.000000187107
577,578,3,-12.1676,-14.8458,-16.1033,-12.2734,-14.9364,-16.2469,0.0739,0.2,0.4314,0.3922,0.1961,29.8238,"2",8.147851855e-08,0.00865169520312063,1e-09,-6.55518276858867e-16,-3.27759138113667e-16,-299.999999913366
578,579,3,-12.2734,-14.9364,-16.2469,-12.3314,-15.0541,-16.3978,0.0739,0.2,0.4314,0.3922,0.1961,29.9465,"2",8.1653642125e-08,0.00865169520312063,1e-09,-1.03616254784544e-15,-5.18081273389646e-16,-299.999999863354
579,580,3,-12.3314,-15.0541,-16.3978,-12.3636,-15.0875,-16.4711,0.0739,0.0868,0.4314,0.3922,0.1961,30,"2",8.173e-08,0.00865169520312063,3.34194858155961e-15,8.82119637235544e-16,4.41059818469439e-16,-300.000000267795
7,581,4,-0.0168,-0.0074,-0.7837,-0.1671,-0.109,-0.868,0.1887,0.2,0.4314,0.3922,0.1961,18.073,"2",7.0312e-08,0.00865169520312063,0.000926834653072314,0.000244641420414654,0.00537855781754871,-14972.9348672939
580,582,4,-0.1671,-0.109,-0.868,-0.3082,-0.2157,-0.9612,0.0448,0.2,0.4314,0.3922,0.1961,18.1953,"2",7.0312e-08,0.00865169520312063,0.000220041624687119,5.80807972979459e-05,0.0051339163970579,-14972.8168586068
581,583,4,-0.3082,-0.2157,-0.9612,-0.4415,-0.3355,-1.05,0.0448,0.2,0.4314,0.3922,0.1961,18.318,"2",7.0312e-08,0.00865169520312063,0.00022003986503856,5.80803328322274e-05,0.00507583559947637,-14972.7001925599
582,584,4,-0.4415,-0.3355,-1.05,-0.5613,-0.4481,-1.1639,0.0448,0.2,0.4314,0.3922,0.1961,18.4411,"2",7.0312e-08,0.00865169520312063,0.000220038125524808,5.80798736811656e-05,0.00501775526646069,-14972.5848691423
583,585,4,-0.5613,-0.4481,-1.1639,-0.6711,-0.5683,-1.2801,0.0448,0.2,0.4314,0.3922,0.1961,18.5646,"2",7.0312e-08,0.00865169520312063,0.000220036406145705,5.80794198447185e-05,0.00495967539274613,-14972.4708883437
584,586,4,-0.6711,-0.5683,-1.2801,-0.7969,-0.6811,-1.3872,0.0448,0.2,0.4314,0.3922,0.1961,18.6884,"2",7.0312e-08,0.00865169520312063,0.000220034706901093,5.80789713228446e-05,0.00490159597287292,-14972.3582501534
585,587,4,-0.7969,-0.6811,-1.3872,-0.907,-0.7864,-1.5167,0.0448,0.2,0.4314,0.3922,0.1961,18.8127,"2",7.0312e-08,0.00865169520312063,0.000220033027790817,5.80785281155027e-05,0.00484351700118635,-14972.2469545614
586,588,4,-0.907,-0.7864,-1.5167,-1.0177,-0.9036,-1.635,0.0448,0.2,0.4314,0.3922,0.1961,18.9373,"2",7.0312e-08,0.00865169520312063,0.000220031368814724,5.80780902226524e-05,0.00478543847300662,-14972.1370015572
587,589,4,-1.0177,-0.9036,-1.635,-1.1373,-1.0114,-1.7537,0.0448,0.2,0.4314,0.3922,0.1961,19.0624,"2",7.0312e-08,0.00865169520312063,0.00022002972997266,5.80776576442535e-05,0.0047273603825815,-14972.028391131
588,590,4,-1.1373,-1.0114,-1.7537,-1.236,-1.1285,-1.8823,0.0448,0.2,0.4314,0.3922,0.1961,19.1879,"2",7.0312e-08,0.00865169520312063,0.000220028111264477,5.80772303802666e-05,0.00466928272484122,-14971.9211232728
589,591,4,-1.236,-1.1285,-1.8823,-1.3319,-1.2559,-2.0031,0.0448,0.2,0.4314,0.3922,0.1961,19.3137,"2",7.0312e-08,0.00865169520312063,0.000220026512690026,5.80768084306524e-05,0.00461120549422856,-14971.8151979726
590,592,4,-1.3319,-1.2559,-2.0031,-1.4495,-1.3767,-2.1106,0.0448,0.2,0.4314,0.3922,0.1961,19.44,"2",7.0312e-08,0.00865169520312063,0.000220024934249162,5.80763917953724e-05,0.00455312868567374,-14971.7106152209
591,593,4,-1.4495,-1.3767,-2.1106,-1.567,-1.4931,-2.2231,0.0448,0.2,0.4314,0.3922,0.1961,19.5667,"2",7.0312e-08,0.00865169520312063,0.000220023375941739,5.80759804743885e-05,0.00449505229361952,-14971.6073750081
592,594,4,-1.567,-1.4931,-2.2231,-1.6698,-1.5897,-2.3649,0.0448,0.2,0.4314,0.3922,0.1961,19.6938,"2",7.0312e-08,0.00865169520312063,0.000220021837767614,5.8075574467663e-05,0.00443697631299614,-14971.5054773248
593,595,4,-1.6698,-1.5897,-2.3649,-1.7904,-1.6353,-2.5178,0.0448,0.2,0.4314,0.3922,0.1961,19.8213,"2",7.0312e-08,0.00865169520312063,0.000220020319726649,5.80751737751587e-05,0.00437890073834385,-14971.4049221615
594,596,4,-1.7904,-1.6353,-2.5178,-1.8925,-1.6585,-2.6882,0.0448,0.2,0.4314,0.3922,0.1961,19.9492,"2",7.0312e-08,0.00865169520312063,0.000220018821818702,5.80747783968391e-05,0.0043208255643004,-14971.3057095092
595,597,4,-1.8925,-1.6585,-2.6882,-1.9908,-1.6621,-2.8623,0.0448,0.2,0.4314,0.3922,0.1961,20.0776,"2",7.0312e-08,0.00865169520312063,0.000220017344043638,5.80743883326679e-05,0.00426275078589353,-14971.2078393586
596,598,4,-1.9908,-1.6621,-2.8623,-2.1082,-1.6585,-3.0242,0.0448,0.2,0.4314,0.3922,0.1961,20.2064,"2",7.0312e-08,0.00865169520312063,0.00022001588640132,5.80740035826094e-05,0.0042046763972735,-14971.111311701
597,599,4,-2.1082,-1.6585,-3.0242,-2.2134,-1.6976,-3.1897,0.0448,0.2,0.4314,0.3922,0.1961,20.3356,"2",7.0312e-08,0.00865169520312063,0.000220014448891617,5.80736241466285e-05,0.00414660239366304,-14971.0161265273
598,600,4,-2.2134,-1.6976,-3.1897,-2.2491,-1.7563,-3.3775,0.0448,0.2,0.4314,0.3922,0.1961,20.4652,"2",7.0312e-08,0.00865169520312063,0.000220013031514395,5.80732500246903e-05,0.00408852876930992,-14970.922283829
599,601,4,-2.2491,-1.7563,-3.3775,-2.2435,-1.8229,-3.5661,0.0448,0.2,0.4314,0.3922,0.1961,20.5953,"2",7.0312e-08,0.00865169520312063,0.000220011634269526,5.80728812167607e-05,0.00403045551894938,-14970.8297835975
600,602,4,-2.2435,-1.8229,-3.5661,-2.2475,-1.9095,-3.7463,0.0448,0.2,0.4314,0.3922,0.1961,20.7258,"2",7.0312e-08,0.00865169520312063,0.000220010257156881,5.8072517722806e-05,0.00397238263760916,-14970.7386258242
601,603,4,-2.2475,-1.9095,-3.7463,-2.2221,-1.9983,-3.9237,0.0448,0.2,0.4314,0.3922,0.1961,20.8567,"2",7.0312e-08,0.00865169520312063,0.000220008900176335,5.80721595427928e-05,0.003914310119732,-14970.6488105009
602,604,4,-2.2221,-1.9983,-3.9237,-2.1992,-2.0849,-4.1025,0.0448,0.2,0.4314,0.3922,0.1961,20.9881,"2",7.0312e-08,0.00865169520312063,0.000220007563327763,5.80718066766884e-05,0.00385623795995567,-14970.5603376193
603,605,4,-2.1992,-2.0849,-4.1025,-2.1983,-2.1643,-4.2861,0.0448,0.2,0.4314,0.3922,0.1961,21.1199,"2",7.0312e-08,0.00865169520312063,0.000220006246611044,5.80714591244605e-05,0.00379816615330789,-14970.4732071713
604,606,4,-2.1983,-2.1643,-4.2861,-2.1985,-2.2345,-4.4733,0.0448,0.2,0.4314,0.3922,0.1961,21.2522,"2",7.0312e-08,0.00865169520312063,0.000220004950026056,5.80711168860772e-05,0.00374009469393894,-14970.3874191489
605,607,4,-2.1985,-2.2345,-4.4733,-2.2614,-2.3341,-4.635,0.0448,0.2,0.4314,0.3922,0.1961,21.3849,"2",7.0312e-08,0.00865169520312063,0.00022000367357268,5.80707799615074e-05,0.00368202357687654,-14970.3029735444
606,608,4,-2.2614,-2.3341,-4.635,-2.3343,-2.4151,-4.8027,0.0448,0.2,0.4314,0.3922,0.1961,21.5181,"2",7.0312e-08,0.00865169520312063,0.000220002417250801,5.80704483507201e-05,0.00362395279666096,-14970.2198703499
607,609,4,-2.3343,-2.4151,-4.8027,-2.4083,-2.5014,-4.9672,0.0448,0.2,0.4314,0.3922,0.1961,21.6517,"2",7.0312e-08,0.00865169520312063,0.000220001181060303,5.8070122053685e-05,0.00356588234812493,-14970.1381095579
608,610,4,-2.4083,-2.5014,-4.9672,-2.4824,-2.5553,-5.1451,0.0448,0.2,0.4314,0.3922,0.1961,21.7858,"2",7.0312e-08,0.00865169520312063,0.000219999965001073,5.80698010703722e-05,0.0035078122260037,-14970.0576911609
609,611,4,-2.4824,-2.5553,-5.1451,-2.6007,-2.6065,-5.298,0.0448,0.2,0.4314,0.3922,0.1961,21.9204,"2",7.0312e-08,0.00865169520312063,0.000219998769073,5.80694854007524e-05,0.00344974242474002,-14969.9786151515
610,612,4,-2.6007,-2.6065,-5.298,-2.7035,-2.6645,-5.4594,0.0448,0.2,0.4314,0.3922,0.1961,22.0554,"2",7.039106965e-08,0.00865169520312063,0.000220244992481896,5.81344769764255e-05,0.00339167293941601,-14969.9008822772
611,613,4,-2.7035,-2.6645,-5.4594,-2.8102,-2.7228,-5.6182,0.0448,0.2,0.4314,0.3922,0.1961,22.1909,"2",7.0584462025e-08,0.00865169520312063,0.000220848933306207,5.82938893814496e-05,0.00333353846221859,-14969.824495132
612,614,4,-2.8102,-2.7228,-5.6182,-2.92,-2.7762,-5.7766,0.0448,0.2,0.4314,0.3922,0.1961,22.3269,"2",7.0778568025e-08,0.00865169520312063,0.000221455120937702,5.84538948395053e-05,0.00327524457270313,-14969.7494574076
613,615,4,-2.92,-2.7762,-5.7766,-3.0165,-2.829,-5.9436,0.0448,0.2,0.4314,0.3922,0.1961,22.4633,"2",7.0973244925e-08,0.00865169520312063,0.000222063109003119,5.86143755287261e-05,0.00321679067802254,-14969.6757728084
614,616,4,-3.0165,-2.829,-5.9436,-3.1184,-2.878,-6.1086,0.0448,0.2,0.4314,0.3922,0.1961,22.6003,"2",7.1168778175e-08,0.00865169520312063,0.000222673790819582,5.87755672434572e-05,0.00315817630246695,-14969.6034450525
615,617,4,-3.1184,-2.878,-6.1086,-3.2484,-2.9212,-6.2543,0.0448,0.2,0.4314,0.3922,0.1961,22.7377,"2",7.1364882325e-08,0.00865169520312063,0.000223286273458039,5.89372342917863e-05,0.00309940073525893,-14969.5324778716
616,618,4,-3.2484,-2.9212,-6.2543,-3.3889,-2.9531,-6.393,0.0448,0.2,0.4314,0.3922,0.1961,22.8756,"2",7.15617001e-08,0.00865169520312063,0.000223901003675352,5.90994945968331e-05,0.00304046350058446,-14969.4628750097
617,619,4,-3.3889,-2.9531,-6.393,-3.5292,-2.9738,-6.534,0.0448,0.2,0.4314,0.3922,0.1961,23.014,"2",7.17592315e-08,0.00865169520312063,0.000224517981668419,5.92623482105688e-05,0.00298136400605492,-14969.3946402247
618,620,4,-3.5292,-2.9738,-6.534,-3.6696,-2.9939,-6.675,0.0448,0.2,0.4314,0.3922,0.1961,23.1528,"2",7.19573338e-08,0.00865169520312063,0.000225136761084868,5.94256773166416e-05,0.00292210165767464,-14969.3277772868
619,621,4,-3.6696,-2.9939,-6.675,-3.7812,-3.0331,-6.8363,0.0448,0.2,0.4314,0.3922,0.1961,23.2922,"2",7.215629245e-08,0.00865169520312063,0.000225758235230461,5.95897177063969e-05,0.00286267598046569,-14969.2622899798
620,622,4,-3.7812,-3.0331,-6.8363,-3.9029,-3.0667,-6.9914,0.0448,0.2,0.4314,0.3922,0.1961,23.4321,"2",7.2355964725e-08,0.00865169520312063,0.000226381957754975,5.97543515640499e-05,0.00280308626254695,-14969.1981821027
621,623,4,-3.9029,-3.0667,-6.9914,-4.04,-3.1101,-7.1304,0.0448,0.2,0.4314,0.3922,0.1961,23.5725,"2",7.2556350625e-08,0.00865169520312063,0.000227007928863714,5.99195789437909e-05,0.00274333191150442,-14969.1354574681
622,624,4,-4.04,-3.1101,-7.1304,-4.1951,-3.1737,-7.2395,0.0448,0.2,0.4314,0.3922,0.1961,23.7134,"2",7.275745015e-08,0.00865169520312063,0.000227636148764103,6.00853999003711e-05,0.00268341233237462,-14969.0741199025
623,625,4,-4.1951,-3.1737,-7.2395,-4.3336,-3.2427,-7.3662,0.0448,0.2,0.4314,0.3922,0.1961,23.8548,"2",7.29592633e-08,0.00865169520312063,0.000228266617665703,6.02518144891042e-05,0.00262332693225795,-14969.0141732459
624,626,4,-4.3336,-3.2427,-7.3662,-4.5042,-3.2945,-7.4568,0.0448,0.2,0.4314,0.3922,0.1961,23.9967,"2",7.3161790075e-08,0.00865169520312063,0.000228899335780214,6.04188227658696e-05,0.00256307511800907,-14968.9556213523
625,627,4,-4.5042,-3.2945,-7.4568,-4.6679,-3.3514,-7.5568,0.0448,0.2,0.4314,0.3922,0.1961,24.1391,"2",7.3365030475e-08,0.00865169520312063,0.000229534303321487,6.05864247871139e-05,0.00250265629510311,-14968.8984680891
626,628,4,-4.6679,-3.3514,-7.5568,-4.8342,-3.3629,-7.6672,0.0448,0.2,0.4314,0.3922,0.1961,24.2821,"2",7.3569127225e-08,0.00865169520312063,0.00023017196704195,6.0754738474786e-05,0.00244206987036689,-14968.8427173391
627,629,4,-4.8342,-3.3629,-7.6672,-5.0026,-3.3611,-7.7751,0.0448,0.2,0.4314,0.3922,0.1961,24.4255,"2",7.3773794875e-08,0.00865169520312063,0.000230811434085312,6.09235281561795e-05,0.00238131513204751,-14968.7883729987
628,630,4,-5.0026,-3.3611,-7.7751,-5.1562,-3.3543,-7.903,0.0448,0.2,0.4314,0.3922,0.1961,24.5696,"2",7.39794616e-08,0.00865169520312063,0.000231454044276284,6.10931474829615e-05,0.00232039160398872,-14968.7354389792
629,631,4,-5.1562,-3.3543,-7.903,-5.3091,-3.3371,-8.0308,0.0448,0.2,0.4314,0.3922,0.1961,24.7141,"2",7.4185699225e-08,0.00865169520312063,0.000232098458233396,6.12632429204599e-05,0.00225929845621991,-14968.6839192073
630,632,4,-5.3091,-3.3371,-8.0308,-5.4626,-3.2798,-8.1455,0.0448,0.2,0.4314,0.3922,0.1961,24.8592,"2",7.43927932e-08,0.00865169520312063,0.000232745569246273,6.14340502557611e-05,0.00219803521321747,-14968.6338176233
631,633,4,-5.4626,-3.2798,-8.1455,-5.6104,-3.2521,-8.2773,0.0448,0.2,0.4314,0.3922,0.1961,25.0048,"2",7.46006008e-08,0.00865169520312063,0.000233394931009093,6.16054516847998e-05,0.00213660116303031,-14968.5851381825
632,634,4,-5.6104,-3.2521,-8.2773,-5.7756,-3.2485,-8.39,0.0448,0.2,0.4314,0.3922,0.1961,25.151,"2",7.480926475e-08,0.00865169520312063,0.000234046990278367,6.17775651306026e-05,0.00207499571131657,-14968.5378848555
633,635,4,-5.7756,-3.2485,-8.39,-5.9308,-3.2645,-8.5151,0.0448,0.2,0.4314,0.3922,0.1961,25.2977,"2",7.5018642325e-08,0.00865169520312063,0.000234701300756023,6.19502727911495e-05,0.00201321814620527,-14968.4920616279
634,636,4,-5.9308,-3.2645,-8.5151,-6.0519,-3.2552,-8.674,0.0448,0.2,0.4314,0.3922,0.1961,25.445,"2",7.522887625e-08,0.00865169520312063,0.000235358309200414,6.21236925899535e-05,0.00195126787329113,-14968.4476725003
635,637,4,-6.0519,-3.2552,-8.674,-6.1443,-3.2393,-8.8507,0.0448,0.2,0.4314,0.3922,0.1961,25.5928,"2",7.54398238e-08,0.00865169520312063,0.000236017569321085,6.22977067270048e-05,0.00188914418060503,-14968.4047214885
636,638,4,-6.1443,-3.2393,-8.8507,-6.2054,-3.251,-9.0408,0.0448,0.2,0.4314,0.3922,0.1961,25.7412,"2",7.56516277e-08,0.00865169520312063,0.000236679527878445,6.24724331263591e-05,0.0018268464741366,-14968.3632126235
637,639,4,-6.2054,-3.251,-9.0408,-6.245,-3.3325,-9.2191,0.0448,0.2,0.4314,0.3922,0.1961,25.8902,"2",7.586428795e-08,0.00865169520312063,0.000237344185109882,6.2647871850676e-05,0.00176437404067181,-14968.3231499526
638,640,4,-6.245,-3.3325,-9.2191,-6.2607,-3.4146,-9.4008,0.0448,0.2,0.4314,0.3922,0.1961,26.0397,"2",7.6077661825e-08,0.00865169520312063,0.000238011094736201,6.28239051029179e-05,0.0017017261688925,-14968.2845375381
639,641,4,-6.2607,-3.4146,-9.4008,-6.2781,-3.5174,-9.5715,0.0448,0.2,0.4314,0.3922,0.1961,26.1899,"2",7.6292034775e-08,0.00865169520312063,0.000238681150039402,6.30007686681591e-05,0.00163890226377869,-14968.2473794592
640,642,4,-6.2781,-3.5174,-9.5715,-6.2869,-3.6266,-9.7388,0.0448,0.2,0.4314,0.3922,0.1961,26.3406,"2",7.650712135e-08,0.00865169520312063,0.000239353458227384,6.31782268906361e-05,0.00157590149513198,-14968.2116798112
641,643,4,-6.2869,-3.6266,-9.7388,-6.3424,-3.657,-9.9285,0.0448,0.2,0.4314,0.3922,0.1961,26.4918,"2",7.672292155e-08,0.00865169520312063,0.000240028019551075,6.33562798365824e-05,0.00151272326839775,-14968.1774427032
642,644,4,-6.3424,-3.657,-9.9285,-6.3826,-3.6873,-10.1221,0.0448,0.2,0.4314,0.3922,0.1961,26.6437,"2",7.6939720825e-08,0.00865169520312063,0.000240705727293355,6.35351632913041e-05,0.00144936698841758,-14968.1446722608
643,645,4,-6.3826,-3.6873,-10.1221,-6.4167,-3.7276,-10.315,0.0448,0.2,0.4314,0.3922,0.1961,26.7962,"2",7.715737645e-08,0.00865169520312063,0.000241386135190182,6.37147594617639e-05,0.00138583182508733,-14968.1133726275
644,646,4,-6.4167,-3.7276,-10.315,-6.4282,-3.7637,-10.5114,0.0448,0.2,0.4314,0.3922,0.1961,26.9492,"2",7.73757457e-08,0.00865169520312063,0.000242068796984155,6.38949505566768e-05,0.0013221170656027,-14968.083547962
645,647,4,-6.4282,-3.7637,-10.5114,-6.4307,-3.8283,-10.7006,0.0448,0.2,0.4314,0.3922,0.1961,27.1029,"2",7.7595114025e-08,0.00865169520312063,0.000242754605960109,6.40759723618655e-05,0.00125822211484533,-14968.0552024392
646,648,4,-6.4307,-3.8283,-10.7006,-6.4408,-3.9019,-10.8863,0.0448,0.2,0.4314,0.3922,0.1961,27.2572,"2",7.78153387e-08,0.00865169520312063,0.000243443115865041,6.4257707087206e-05,0.00119414614269146,-14968.028340252
647,649,4,-6.4408,-3.9019,-10.8863,-6.4564,-3.9694,-11.0739,0.0448,0.2,0.4314,0.3922,0.1961,27.4121,"2",7.8036419725e-08,0.00865169520312063,0.000244134326962473,6.44401548022559e-05,0.00112988843563443,-14968.0029656099
648,650,4,-6.4564,-3.9694,-11.0739,-6.4031,-4.0191,-11.2602,0.0448,0.2,0.4314,0.3922,0.1961,27.5676,"2",7.82583571e-08,0.00865169520312063,0.000244828239518621,6.46233155772839e-05,0.00106544828092489,-14967.9790827386
649,651,4,-6.4031,-4.0191,-11.2602,-6.3585,-4.0685,-11.4488,0.0448,0.2,0.4314,0.3922,0.1961,27.7237,"2",7.8481150825e-08,0.00865169520312063,0.000245524853802406,6.48071894832728e-05,0.0010008249649872,-14967.9566958805
650,652,4,-6.3585,-4.0685,-11.4488,-6.333,-4.1201,-11.6403,0.0448,0.2,0.4314,0.3922,0.1961,27.8805,"2",7.8704943625e-08,0.00865169520312063,0.000246224616593747,6.49918944494277e-05,0.000936017775615009,-14967.9358092959
651,653,4,-6.333,-4.1201,-11.6403,-6.2932,-4.1481,-11.8343,0.0448,0.2,0.4314,0.3922,0.1961,28.0379,"2",7.8929592775e-08,0.00865169520312063,0.00024692708165755,6.51773126903523e-05,0.000871025881162501,-14967.9164272627
652,654,4,-6.2932,-4.1481,-11.8343,-6.2274,-4.2093,-12.013,0.0448,0.2,0.4314,0.3922,0.1961,28.1959,"2",7.9155098275e-08,0.00865169520312063,0.000247632249271109,6.53634442792388e-05,0.000805848568518414,-14967.8985540755
653,655,4,-6.2274,-4.2093,-12.013,-6.1878,-4.2618,-12.2019,0.0448,0.2,0.4314,0.3922,0.1961,28.3546,"2",7.938160285e-08,0.00865169520312063,0.000248340566221047,6.55504071470623e-05,0.000740485124279415,-14967.8821940467
654,656,4,-6.1878,-4.2618,-12.2019,-6.192,-4.3143,-12.3948,0.0448,0.2,0.4314,0.3922,0.1961,28.5139,"2",7.9608963775e-08,0.00865169520312063,0.000249051586282693,6.57380835111771e-05,0.000674934717094638,-14967.8673515065
655,657,4,-6.192,-4.3143,-12.3948,-6.1955,-4.3273,-12.5944,0.0448,0.2,0.4314,0.3922,0.1961,28.6739,"2",7.9837323775e-08,0.00865169520312063,0.000249765756247494,6.59265913038317e-05,0.000609196633742593,-14967.854030803
656,658,4,-6.1955,-4.3273,-12.5944,-6.2456,-4.3152,-12.7876,0.0448,0.2,0.4314,0.3922,0.1961,28.8346,"2",8.006668285e-08,0.00865169520312063,0.000250483076402914,6.61159306009031e-05,0.000543270042570719,-14967.8422363035
657,659,4,-6.2456,-4.3152,-12.7876,-6.2858,-4.302,-12.9831,0.0448,0.2,0.4314,0.3922,0.1961,28.9959,"2",8.0296898275e-08,0.00865169520312063,0.000251203100534588,6.63059836224658e-05,0.000477154111789317,-14967.8319723932
658,660,4,-6.2858,-4.302,-12.9831,-6.345,-4.3129,-13.1738,0.0448,0.2,0.4314,0.3922,0.1961,29.1578,"2",8.052797005e-08,0.00865169520312063,0.00025192582893707,6.64967504462689e-05,0.000410848128190091,-14967.8232434739
659,661,4,-6.345,-4.3129,-13.1738,-6.384,-4.3174,-13.3699,0.0448,0.2,0.4314,0.3922,0.1961,29.3205,"2",8.0760183625e-08,0.00865169520312063,0.000252652154916596,6.66884668637833e-05,0.000344351377814713,-14967.8160539663
660,662,4,-6.384,-4.3174,-13.3699,-6.4288,-4.3293,-13.5645,0.0448,0.2,0.4314,0.3922,0.1961,29.4838,"2",8.099325355e-08,0.00865169520312063,0.000253381185763849,6.68808972410972e-05,0.000277662910781119,-14967.8104083106
661,663,4,-6.4288,-4.3293,-13.5645,-6.448,-4.357,-13.7616,0.0448,0.2,0.4314,0.3922,0.1961,29.6479,"2",8.1227465275e-08,0.00865169520312063,0.000254113814790451,6.70742773711027e-05,0.0002107820136503,-14967.8063109662
662,664,4,-6.448,-4.357,-13.7616,-6.4728,-4.3751,-13.9592,0.0448,0.2,0.4314,0.3922,0.1961,29.8126,"2",8.146253335e-08,0.00865169520312063,0.000254849149294246,6.72683716217785e-05,0.000143707736167157,-14967.8037664117
663,665,4,-6.4728,-4.3751,-13.9592,-6.4618,-4.3584,-14.1582,0.0448,0.2,0.4314,0.3922,0.1961,29.978,"2",8.16986005e-08,0.00865169520312063,0.000255587636088744,6.74632979311958e-05,7.6439364882571e-05,-14967.8027791436
664,666,4,-6.4618,-4.3584,-14.1582,-6.4597,-4.3545,-14.1844,0.0448,0.0266,0.4314,0.3922,0.1961,30,"2",8.173e-08,0.00865169520312063,3.40062194400195e-05,8.97606687359118e-06,8.97606734209141e-06,-14967.8027653449
8,667,5,-0.0103,-0.0142,-0.9455,0.0608,-0.1972,-0.9839,0.1887,0.2,0.4314,0.3922,0.1961,18.3231,"2",7.0312e-08,0.00865169520312063,0.000926547693248202,0.000244565676312143,0.00701790232532519,-14968.3729721112
666,668,5,0.0608,-0.1972,-0.9839,0.1275,-0.3822,-1.0201,0.0771,0.2,0.4314,0.3922,0.1961,18.4858,"2",7.0312e-08,0.00865169520312063,0.000378569485340437,9.9924810010425e-05,0.0067733366490704,-14968.217548833
667,669,5,0.1275,-0.3822,-1.0201,0.1732,-0.5757,-1.0414,0.0771,0.2,0.4314,0.3922,0.1961,18.649,"2",7.0312e-08,0.00865169520312063,0.000378565503877431,9.99237590885997e-05,0.00667341183934397,-14968.06443549
668,670,5,0.1732,-0.5757,-1.0414,0.2094,-0.7719,-1.0566,0.0771,0.2,0.4314,0.3922,0.1961,18.8127,"2",7.0312e-08,0.00865169520312063,0.000378561582030518,9.99227239026622e-05,0.00657348808032094,-14967.9136320583
669,671,5,0.2094,-0.7719,-1.0566,0.1907,-0.9677,-1.0926,0.0771,0.2,0.4314,0.3922,0.1961,18.977,"2",7.0312e-08,0.00865169520312063,0.000378557719799082,9.99217044524492e-05,0.00647356535690905,-14967.7651385141
670,672,5,0.1907,-0.9677,-1.0926,0.1617,-1.1654,-1.1019,0.0771,0.2,0.4314,0.3922,0.1961,19.1418,"2",7.0312e-08,0.00865169520312063,0.000378553917182515,9.99207007378004e-05,0.00637364365248122,-14967.618954834
671,673,5,0.1617,-1.1654,-1.1019,0.1795,-1.3638,-1.1197,0.0771,0.2,0.4314,0.3922,0.1961,19.3071,"2",7.0312e-08,0.00865169520312063,0.000378550174180218,9.99197127585577e-05,0.00627372295181727,-14967.475080995
672,674,5,0.1795,-1.3638,-1.1197,0.1969,-1.5627,-1.1087,0.0771,0.2,0.4314,0.3922,0.1961,19.4729,"2",7.0312e-08,0.00865169520312063,0.0003785464907916,9.99187405145654e-05,0.00617380323931333,-14967.3335169745
673,675,5,0.1969,-1.5627,-1.1087,0.1917,-1.7618,-1.1268,0.0771,0.2,0.4314,0.3922,0.1961,19.6393,"2",7.0312e-08,0.00865169520312063,0.000378542867016083,9.99177840056704e-05,0.00607388449898183,-14967.19426275
674,676,5,0.1917,-1.7618,-1.1268,0.1859,-1.9608,-1.1465,0.0771,0.2,0.4314,0.3922,0.1961,19.8062,"2",7.0312e-08,0.00865169520312063,0.000378539302853095,9.99168432317222e-05,0.00597396671509099,-14967.0573182998
675,677,5,0.1859,-1.9608,-1.1465,0.1908,-2.1601,-1.1621,0.0771,0.2,0.4314,0.3922,0.1961,19.9736,"2",7.0312e-08,0.00865169520312063,0.000378535798302075,9.99159181925726e-05,0.00587404987229275,-14966.9226836022
676,678,5,0.1908,-2.1601,-1.1621,0.1593,-2.3569,-1.1782,0.0771,0.2,0.4314,0.3922,0.1961,20.1416,"2",7.0312e-08,0.00865169520312063,0.000378532353362472,9.99150088880758e-05,0.00577413395421582,-14966.790358636
677,679,5,0.1593,-2.3569,-1.1782,0.1464,-2.5564,-1.1724,0.0771,0.2,0.4314,0.3922,0.1961,20.3101,"2",7.0312e-08,0.00865169520312063,0.000378528968033743,9.99141153180887e-05,0.00567421894551213,-14966.6603433805
678,680,5,0.1464,-2.5564,-1.1724,0.141,-2.7557,-1.1559,0.0771,0.2,0.4314,0.3922,0.1961,20.4792,"2",7.0312e-08,0.00865169520312063,0.000378525642315354,9.99132374824706e-05,0.00557430483044992,-14966.532637815
679,681,5,0.141,-2.7557,-1.1559,0.1398,-2.9458,-1.0937,0.0771,0.2,0.4314,0.3922,0.1961,20.6488,"2",7.0312e-08,0.00865169520312063,0.000378522376206782,9.99123753810833e-05,0.0054743915929137,-14966.4072419196
680,682,5,0.1398,-2.9458,-1.0937,0.1174,-3.1356,-1.0349,0.0771,0.2,0.4314,0.3922,0.1961,20.819,"2",7.0312e-08,0.00865169520312063,0.000378519169707513,9.99115290137909e-05,0.00537447921793911,-14966.2841556745
681,683,5,0.1174,-3.1356,-1.0349,0.096,-3.3268,-0.98,0.0771,0.2,0.4314,0.3922,0.1961,20.9898,"2",7.0312e-08,0.00865169520312063,0.000378516022817041,9.99106983804602e-05,0.00527456768915487,-14966.1633790602
682,684,5,0.096,-3.3268,-0.98,0.0942,-3.5205,-0.9304,0.0771,0.2,0.4314,0.3922,0.1961,21.1611,"2",7.0312e-08,0.00865169520312063,0.000378512935534871,9.99098834809604e-05,0.0051746569908292,-14966.0449120578
683,685,5,0.0942,-3.5205,-0.9304,0.0922,-3.712,-0.8727,0.0771,0.2,0.4314,0.3922,0.1961,21.333,"2",7.0312e-08,0.00865169520312063,0.000378509907860518,9.99090843151632e-05,0.00507474710761404,-14965.9287546486
684,686,5,0.0922,-3.712,-0.8727,0.0707,-3.8994,-0.8064,0.0771,0.2,0.4314,0.3922,0.1961,21.5054,"2",7.0312e-08,0.00865169520312063,0.000378506939793503,9.99083008829426e-05,0.00497483802352181,-14965.8149068143
685,687,5,0.0707,-3.8994,-0.8064,0.0117,-4.0855,-0.7628,0.0771,0.2,0.4314,0.3922,0.1961,21.6785,"2",7.0312e-08,0.00865169520312063,0.00037850403133336,9.99075331841754e-05,0.00487492972282073,-14965.7033685371
686,688,5,0.0117,-4.0855,-0.7628,-0.0721,-4.2553,-0.6983,0.0771,0.2,0.4314,0.3922,0.1961,21.8521,"2",7.0312e-08,0.00865169520312063,0.000378501182479631,9.99067812187406e-05,0.00477502218990694,-14965.5941397992
687,689,5,-0.0721,-4.2553,-0.6983,-0.1556,-4.4297,-0.6472,0.0771,0.2,0.4314,0.3922,0.1961,22.0263,"2",7.0349536675e-08,0.00865169520312063,0.000378700457908563,9.99593807021825e-05,0.00467511540877857,-14965.4872212
688,690,5,-0.1556,-4.4297,-0.6472,-0.241,-4.6094,-0.6275,0.0771,0.2,0.4314,0.3922,0.1961,22.201,"2",7.059887725e-08,0.00865169520312063,0.000380039949063169,0.000100312944326082,0.00457515602833915,-14965.3826174342
689,691,5,-0.241,-4.6094,-0.6275,-0.331,-4.7874,-0.6121,0.0771,0.2,0.4314,0.3922,0.1961,22.3764,"2",7.08492169e-08,0.00865169520312063,0.0003813848592338,0.00010066793831922,0.00447484308383024,-14965.2803366914
690,692,5,-0.331,-4.7874,-0.6121,-0.4163,-4.968,-0.6019,0.0771,0.2,0.4314,0.3922,0.1961,22.5524,"2",7.11004129e-08,0.00865169520312063,0.000382734420869579,0.000101024160083717,0.0043741751455551,-14965.1803871924
691,693,5,-0.4163,-4.968,-0.6019,-0.4912,-5.1521,-0.5793,0.0771,0.2,0.4314,0.3922,0.1961,22.7289,"2",7.1352322525e-08,0.00865169520312063,0.000384087866449216,0.000101381407029501,0.00427315098544698,-14965.0827771835
692,694,5,-0.4912,-5.1521,-0.5793,-0.5646,-5.3374,-0.5628,0.0771,0.2,0.4314,0.3922,0.1961,22.9061,"2",7.1605231225e-08,0.00865169520312063,0.000385446733320512,0.000101740084945185,0.00417176957847651,-14964.9875149399
693,695,5,-0.5646,-5.3374,-0.5628,-0.5896,-5.5345,-0.5398,0.0771,0.2,0.4314,0.3922,0.1961,23.0839,"2",7.1858996275e-08,0.00865169520312063,0.000386810253973424,0.000102099991243668,0.00407002949319271,-14964.8946087672
694,696,5,-0.5896,-5.5345,-0.5398,-0.5697,-5.7275,-0.4911,0.0771,0.2,0.4314,0.3922,0.1961,23.2623,"2",7.2113617675e-08,0.00865169520312063,0.000388178429196679,0.000102461126133137,0.00396792950196047,-14964.8040669995
695,697,5,-0.5697,-5.7275,-0.4911,-0.5498,-5.9208,-0.4441,0.0771,0.2,0.4314,0.3922,0.1961,23.4413,"2",7.2369095425e-08,0.00865169520312063,0.000389551259787315,0.000102823489823973,0.00386546837569593,-14964.7158979993
696,698,5,-0.5498,-5.9208,-0.4441,-0.5448,-6.1185,-0.4143,0.0771,0.2,0.4314,0.3922,0.1961,23.6209,"2",7.2625429525e-08,0.00865169520312063,0.00039092874655072,0.000103187082528761,0.00376264488570306,-14964.6301101576
697,699,5,-0.5448,-6.1185,-0.4143,-0.5368,-6.3183,-0.4103,0.0771,0.2,0.4314,0.3922,0.1961,23.8012,"2",7.28827627e-08,0.00865169520312063,0.000392311658557542,0.000103552107246531,0.00365945780337531,-14964.546711896
698,700,5,-0.5368,-6.3183,-0.4103,-0.4983,-6.5136,-0.3903,0.0771,0.2,0.4314,0.3922,0.1961,23.9821,"2",7.3140952225e-08,0.00865169520312063,0.000393699228364635,0.000103918361407839,0.00355590569628083,-14964.4657116669
699,701,5,-0.4983,-6.5136,-0.3903,-0.46,-6.7099,-0.3901,0.0771,0.2,0.4314,0.3922,0.1961,24.1636,"2",7.33999981e-08,0.00865169520312063,0.000395091456803184,0.000104285845232078,0.00345198733467856,-14964.3871179512
700,702,5,-0.46,-6.7099,-0.3901,-0.4216,-6.906,-0.3967,0.0771,0.2,0.4314,0.3922,0.1961,24.3457,"2",7.3659900325e-08,0.00865169520312063,0.000396488344712888,0.00010465455894089,0.00334770148906727,-14964.3109392582
701,703,5,-0.4216,-6.906,-0.3967,-0.3975,-7.1004,-0.3561,0.0771,0.2,0.4314,0.3922,0.1961,24.5285,"2",7.3920801625e-08,0.00865169520312063,0.0003978906611824,0.000105024705538058,0.00324304693028881,-14964.2371841279
702,704,5,-0.3975,-7.1004,-0.3561,-0.3716,-7.2977,-0.3363,0.0771,0.2,0.4314,0.3922,0.1961,24.712,"2",7.4182702e-08,0.00865169520312063,0.000399298407057296,0.000105396285246775,0.00313802222477339,-14964.1658611336
703,705,5,-0.3716,-7.2977,-0.3363,-0.3531,-7.4964,-0.3226,0.0771,0.2,0.4314,0.3922,0.1961,24.8961,"2",7.4445458725e-08,0.00865169520312063,0.000400710814959754,0.000105769095514838,0.00303262593940411,-14964.0969788792
704,706,5,-0.3531,-7.4964,-0.3226,-0.3136,-7.692,-0.3091,0.0771,0.2,0.4314,0.3922,0.1961,25.0808,"2",7.47090718e-08,0.00865169520312063,0.000402127885764966,0.000106143136573258,0.00292685684393206,-14964.0305459971
705,707,5,-0.3136,-7.692,-0.3091,-0.2625,-7.8844,-0.3279,0.0771,0.2,0.4314,0.3922,0.1961,25.2662,"2",7.497368395e-08,0.00865169520312063,0.000403550388582813,0.00010651861143142,0.00282071370740554,-14963.9665711506
706,708,5,-0.2625,-7.8844,-0.3279,-0.2148,-8.0776,-0.3484,0.0771,0.2,0.4314,0.3922,0.1961,25.4523,"2",7.5239295175e-08,0.00865169520312063,0.000404978324296245,0.000106895520322382,0.0027141950956958,-14963.9050630361
707,709,5,-0.2148,-8.0776,-0.3484,-0.1643,-8.2688,-0.3779,0.0771,0.2,0.4314,0.3922,0.1961,25.639,"2",7.550576275e-08,0.00865169520312063,0.000406410925578405,0.000107273660707395,0.00260729957537559,-14963.8460303806
708,710,5,-0.1643,-8.2688,-0.3779,-0.1046,-8.4542,-0.4235,0.0771,0.2,0.4314,0.3922,0.1961,25.8265,"2",7.5773372125e-08,0.00865169520312063,0.000407849729773661,0.000107653438374165,0.00250002591480432,-14963.7894819447
709,711,5,-0.1046,-8.4542,-0.4235,-0.0342,-8.6398,-0.4481,0.0771,0.2,0.4314,0.3922,0.1961,26.0146,"2",7.604183785e-08,0.00865169520312063,0.000409293201357977,0.000108034448015469,0.00239237247647044,-14963.7354265217
710,712,5,-0.0342,-8.6398,-0.4481,0.0357,-8.8256,-0.472,0.0771,0.2,0.4314,0.3922,0.1961,26.2034,"2",7.631130265e-08,0.00865169520312063,0.00041074210947245,0.000108416892648932,0.00228433802854967,-14963.683872936
711,713,5,0.0357,-8.8256,-0.472,0.0685,-9.0225,-0.4598,0.0771,0.2,0.4314,0.3922,0.1961,26.3928,"2",7.65816238e-08,0.00865169520312063,0.000412195686840366,0.000108800569749039,0.00217592113593165,-14963.6348300427
712,714,5,0.0685,-9.0225,-0.4598,0.1552,-9.2013,-0.4828,0.0771,0.2,0.4314,0.3922,0.1961,26.583,"2",7.685308675e-08,0.00865169520312063,0.000413655470821925,0.000109185885107678,0.0020671205656797,-14963.5883067303
713,715,5,0.1552,-9.2013,-0.4828,0.246,-9.3702,-0.5396,0.0771,0.2,0.4314,0.3922,0.1961,26.7739,"2",7.7125548775e-08,0.00865169520312063,0.000415120694157734,0.000109572636203905,0.00195793468085422,-14963.5443119226
714,716,5,0.246,-9.3702,-0.5396,0.3379,-9.5379,-0.5982,0.0771,0.2,0.4314,0.3922,0.1961,26.9655,"2",7.7399009875e-08,0.00865169520312063,0.000416591357809287,0.000109960823291511,0.0018483620446673,-14963.5028545766
715,717,5,0.3379,-9.5379,-0.5982,0.4644,-9.6749,-0.6705,0.0771,0.2,0.4314,0.3922,0.1961,27.1578,"2",7.767347005e-08,0.00865169520312063,0.000418067462748178,0.000110350446626951,0.0017384012214282,-14963.4639436826
716,718,5,0.4644,-9.6749,-0.6705,0.5904,-9.8053,-0.7549,0.0771,0.2,0.4314,0.3922,0.1961,27.3508,"2",7.79489293e-08,0.00865169520312063,0.000419549009956155,0.000110741506469361,0.00162805077468402,-14963.4275882641
717,719,5,0.5904,-9.8053,-0.7549,0.7397,-9.9185,-0.8247,0.0771,0.2,0.4314,0.3922,0.1961,27.5445,"2",7.8225387625e-08,0.00865169520312063,0.000421036000425169,0.000111134003080571,0.00151730926817485,-14963.3937973778
718,720,5,0.7397,-9.9185,-0.8247,0.8932,-10.0168,-0.907,0.0771,0.2,0.4314,0.3922,0.1961,27.7389,"2",7.8502845025e-08,0.00865169520312063,0.000422528435157421,0.000111527936725115,0.0014061752651786,-14963.3625801136
719,721,5,0.8932,-10.0168,-0.907,1.0561,-10.0969,-0.991,0.0771,0.2,0.4314,0.3922,0.1961,27.9341,"2",7.8781444225e-08,0.00865169520312063,0.000424027083357318,0.000111923510437329,0.00129464732841905,-14963.3339455968
720,722,5,1.0561,-10.0969,-0.991,1.1826,-10.2147,-1.0917,0.0771,0.2,0.4314,0.3922,0.1961,28.1301,"2",7.9061185225e-08,0.00865169520312063,0.000425531946043558,0.000112320724486103,0.00118272381802918,-14963.307902991
721,723,5,1.1826,-10.2147,-1.0917,1.3457,-10.3181,-1.1435,0.0771,0.2,0.4314,0.3922,0.1961,28.3267,"2",7.9341782575e-08,0.00865169520312063,0.000427041487867857,0.000112719173610601,0.00107040309377278,-14963.2844614927
722,724,5,1.3457,-10.3181,-1.1435,1.4886,-10.4559,-1.1681,0.0771,0.2,0.4314,0.3922,0.1961,28.5241,"2",7.9623521725e-08,0.00865169520312063,0.000428557246254396,0.000113119263619601,0.00095768392005499,-14963.2636303318
723,725,5,1.4886,-10.4559,-1.1681,1.6222,-10.5963,-1.2177,0.0771,0.2,0.4314,0.3922,0.1961,28.7223,"2",7.9906402675e-08,0.00865169520312063,0.000430079222255026,0.00011352099479074,0.000844564656629403,-14963.2454187761
724,726,5,1.6222,-10.5963,-1.2177,1.7564,-10.7435,-1.2354,0.0771,0.2,0.4314,0.3922,0.1961,28.9213,"2",8.0190425425e-08,0.00865169520312063,0.000431607416933121,0.0001139243674047,0.000731043661800374,-14963.2298361312
725,727,5,1.7564,-10.7435,-1.2354,1.8901,-10.8915,-1.2495,0.0771,0.2,0.4314,0.3922,0.1961,29.121,"2",8.047544725e-08,0.00865169520312063,0.000433141063178286,0.000114329178979869,0.00061711929441356,-14963.2168917386
726,728,5,1.8901,-10.8915,-1.2495,2.0115,-11.0502,-1.258,0.0771,0.2,0.4314,0.3922,0.1961,29.3214,"2",8.076146815e-08,0.00865169520312063,0.000434680162078815,0.000114735429803504,0.000502790115400266,-14963.2065949729
727,729,5,2.0115,-11.0502,-1.258,2.1359,-11.2068,-1.2602,0.0771,0.2,0.4314,0.3922,0.1961,29.5227,"2",8.1048773575e-08,0.00865169520312063,0.000436226251102282,0.000115143525695834,0.000388054685708959,-14963.1989552466
728,730,5,2.1359,-11.2068,-1.2602,2.299,-11.3166,-1.2971,0.0771,0.2,0.4314,0.3922,0.1961,29.7247,"2",8.1337078075e-08,0.00865169520312063,0.000437777794988891,0.000115553061419383,0.000272911160167779,-14963.1939820102
729,731,5,2.299,-11.3166,-1.2971,2.4644,-11.426,-1.3232,0.0771,0.2,0.4314,0.3922,0.1961,29.9276,"2",8.16266671e-08,0.00865169520312063,0.000439336331227911,0.000115964442800104,0.000157358098651132,-14963.1916847523
730,732,5,2.4644,-11.426,-1.3232,2.5219,-11.4679,-1.3266,0.0771,0.0713,0.4314,0.3922,0.1961,30,"2",8.173e-08,0.00865169520312063,0.000156821663801998,4.13936557692742e-05,4.13936554348606e-05,-14963.1915141864
9,733,6,-0.0044,-0.0132,-1.1189,-0.1877,-0.0037,-1.1982,0.1887,0.2,0.4314,0.3922,0.1961,18.4991,"2",7.0312e-08,0.00865169520312063,0.000926228206803791,0.000244481346688402,0.00791875134440855,-14963.304674106
732,734,6,-0.1877,-0.0037,-1.1982,-0.3713,0.0023,-1.2775,0.0644,0.2,0.4314,0.3922,0.1961,18.6118,"2",7.0312e-08,0.00865169520312063,0.000316101602172016,8.34361821651442e-05,0.00767426999788275,-14963.1282334976
733,735,6,-0.3713,0.0023,-1.2775,-0.5321,-0.011,-1.3956,0.0644,0.2,0.4314,0.3922,0.1961,18.725,"2",7.0312e-08,0.00865169520312063,0.000316097819351555,8.34351836757507e-05,0.00759083381577861,-14962.95372166
734,736,6,-0.5321,-0.011,-1.3956,-0.6886,0.0359,-1.511,0.0644,0.2,0.4314,0.3922,0.1961,18.8384,"2",7.0312e-08,0.00865169520312063,0.000316094078110232,8.34341961613235e-05,0.00750739863205714,-14962.7811385702
735,737,6,-0.6886,0.0359,-1.511,-0.8441,0.0877,-1.6256,0.0644,0.2,0.4314,0.3922,0.1961,18.9523,"2",7.0312e-08,0.00865169520312063,0.000316090378447553,8.34332196217328e-05,0.00742396443584732,-14962.6104842054
736,738,6,-0.8441,0.0877,-1.6256,-1.0065,0.1152,-1.739,0.0644,0.2,0.4314,0.3922,0.1961,19.0665,"2",7.0312e-08,0.00865169520312063,0.000316086720363033,8.34322540568502e-05,0.00734053121627808,-14962.4417585433
737,739,6,-1.0065,0.1152,-1.739,-1.1501,0.1948,-1.8532,0.0644,0.2,0.4314,0.3922,0.1961,19.181,"2",7.0312e-08,0.00865169520312063,0.00031608310385619,8.34312994665486e-05,0.00725709896212771,-14962.2749615616
738,740,6,-1.1501,0.1948,-1.8532,-1.2845,0.2644,-1.984,0.0644,0.2,0.4314,0.3922,0.1961,19.2959,"2",7.0312e-08,0.00865169520312063,0.000316079528926548,8.34303558507024e-05,0.00717366766252516,-14962.1100932383
739,741,6,-1.2845,0.2644,-1.984,-1.4328,0.3346,-2.0983,0.0644,0.2,0.4314,0.3922,0.1961,19.4112,"2",7.0312e-08,0.00865169520312063,0.000316075995573638,8.34294232091876e-05,0.00709023730683318,-14961.9471535519
740,742,6,-1.4328,0.3346,-2.0983,-1.5317,0.4222,-2.2484,0.0644,0.2,0.4314,0.3922,0.1961,19.5269,"2",7.0312e-08,0.00865169520312063,0.000316072503796994,8.34285015418815e-05,0.00700680788347936,-14961.7861424808
741,743,6,-1.5317,0.4222,-2.2484,-1.6403,0.5079,-2.3929,0.0644,0.2,0.4314,0.3922,0.1961,19.6429,"2",7.0312e-08,0.00865169520312063,0.000316069053596157,8.34275908486627e-05,0.00692337938182645,-14961.6270600039
742,744,6,-1.6403,0.5079,-2.3929,-1.7552,0.6148,-2.5169,0.0644,0.2,0.4314,0.3922,0.1961,19.7594,"2",7.0312e-08,0.00865169520312063,0.000316065644970674,8.34266911294117e-05,0.00683995179112029,-14961.4699061003
743,745,6,-1.7552,0.6148,-2.5169,-1.8655,0.7212,-2.6453,0.0644,0.2,0.4314,0.3922,0.1961,19.8762,"2",7.0312e-08,0.00865169520312063,0.000316062277920095,8.34258023840099e-05,0.00675652509978848,-14961.3146807493
744,746,6,-1.8655,0.7212,-2.6453,-1.9673,0.8244,-2.7832,0.0644,0.2,0.4314,0.3922,0.1961,19.9933,"2",7.0312e-08,0.00865169520312063,0.000316058952443979,8.34249246123405e-05,0.00667309929742755,-14961.1613839304
745,747,6,-1.9673,0.8244,-2.7832,-2.0668,0.9239,-2.9252,0.0644,0.2,0.4314,0.3922,0.1961,20.1109,"2",7.0312e-08,0.00865169520312063,0.000316055668541887,8.3424057814288e-05,0.00658967437269889,-14961.0100156235
746,748,6,-2.0668,0.9239,-2.9252,-2.1601,1.0117,-3.0789,0.0644,0.2,0.4314,0.3922,0.1961,20.2288,"2",7.0312e-08,0.00865169520312063,0.000316052426213388,8.34232019897384e-05,0.00650625031484833,-14960.8605758088
747,749,6,-2.1601,1.0117,-3.0789,-2.2742,1.1103,-3.2102,0.0644,0.2,0.4314,0.3922,0.1961,20.3472,"2",7.0312e-08,0.00865169520312063,0.000316049225458055,8.34223571385792e-05,0.00642282711288795,-14960.7130644664
748,750,6,-2.2742,1.1103,-3.2102,-2.3875,1.214,-3.3383,0.0644,0.2,0.4314,0.3922,0.1961,20.4659,"2",7.0312e-08,0.00865169520312063,0.000316046066275467,8.34215232606992e-05,0.00633940475571291,-14960.5674815771
749,751,6,-2.3875,1.214,-3.3383,-2.5328,1.314,-3.4325,0.0644,0.2,0.4314,0.3922,0.1961,20.585,"2",7.0312e-08,0.00865169520312063,0.000316042948665209,8.34207003559886e-05,0.00625598323233528,-14960.4238271217
750,752,6,-2.5328,1.314,-3.4325,-2.6808,1.3977,-3.5379,0.0644,0.2,0.4314,0.3922,0.1961,20.7045,"2",7.0312e-08,0.00865169520312063,0.00031603987262687,8.34198884243394e-05,0.00617256253200091,-14960.2821010813
751,753,6,-2.6808,1.3977,-3.5379,-2.8364,1.476,-3.6361,0.0644,0.2,0.4314,0.3922,0.1961,20.8245,"2",7.0312e-08,0.00865169520312063,0.000316036838160046,8.34190874656446e-05,0.00608914264348807,-14960.1423034372
752,754,6,-2.8364,1.476,-3.6361,-2.9887,1.5518,-3.7414,0.0644,0.2,0.4314,0.3922,0.1961,20.9448,"2",7.0312e-08,0.00865169520312063,0.000316033845264338,8.34182974797989e-05,0.0060057235561595,-14960.0044341711
753,755,6,-2.9887,1.5518,-3.7414,-3.1361,1.6303,-3.8514,0.0644,0.2,0.4314,0.3922,0.1961,21.0655,"2",7.0312e-08,0.00865169520312063,0.000316030893939351,8.34175184666984e-05,0.0059223052585597,-14959.8684932648
754,756,6,-3.1361,1.6303,-3.8514,-3.2822,1.7213,-3.9533,0.0644,0.2,0.4314,0.3922,0.1961,21.1866,"2",7.0312e-08,0.00865169520312063,0.000316027984184699,8.34167504262407e-05,0.0058388877400514,-14959.7344807004
755,757,6,-3.2822,1.7213,-3.9533,-3.4281,1.811,-4.0565,0.0644,0.2,0.4314,0.3922,0.1961,21.3082,"2",7.0312e-08,0.00865169520312063,0.000316025115999998,8.34159933583246e-05,0.00575547098964668,-14959.6023964604
756,758,6,-3.4281,1.811,-4.0565,-3.5568,1.9293,-4.1536,0.0644,0.2,0.4314,0.3922,0.1961,21.4301,"2",7.0312e-08,0.00865169520312063,0.00031602228938487,8.34152472628507e-05,0.00567205499635758,-14959.4722405272
757,759,6,-3.5568,1.9293,-4.1536,-3.6747,2.0391,-4.2722,0.0644,0.2,0.4314,0.3922,0.1961,21.5525,"2",7.0312e-08,0.00865169520312063,0.000316019504338945,8.34145121397207e-05,0.00558863974907929,-14959.3440128839
758,760,6,-3.6747,2.0391,-4.2722,-3.7791,2.1461,-4.405,0.0644,0.2,0.4314,0.3922,0.1961,21.6753,"2",7.0312e-08,0.00865169520312063,0.000316016760861855,8.3413787988838e-05,0.00550522523682387,-14959.2177135136
759,761,6,-3.7791,2.1461,-4.405,-3.8719,2.2787,-4.5224,0.0644,0.2,0.4314,0.3922,0.1961,21.7985,"2",7.0312e-08,0.00865169520312063,0.00031601405895324,8.34130748101073e-05,0.00542181144895405,-14959.0933423996
760,762,6,-3.8719,2.2787,-4.5224,-3.9693,2.3804,-4.6645,0.0644,0.2,0.4314,0.3922,0.1961,21.9221,"2",7.0312e-08,0.00865169520312063,0.000316011398612744,8.34123726034349e-05,0.00533839837401432,-14958.9708995255
761,763,6,-3.9693,2.3804,-4.6645,-4.0197,2.4731,-4.8344,0.0644,0.2,0.4314,0.3922,0.1961,22.0462,"2",7.037793895e-08,0.00865169520312063,0.000316305134482052,8.34899052680325e-05,0.00525498600125898,-14958.8503857795
762,764,6,-4.0197,2.4731,-4.8344,-4.0426,2.5733,-5.006,0.0644,0.2,0.4314,0.3922,0.1961,22.1706,"2",7.055548885e-08,0.00865169520312063,0.000317100524959718,8.36998515142109e-05,0.00517149609636114,-14958.7318044843
763,765,6,-4.0426,2.5733,-5.006,-4.0654,2.6735,-5.1776,0.0644,0.2,0.4314,0.3922,0.1961,22.2956,"2",7.07338951e-08,0.00865169520312063,0.000317899793082017,8.39108212789722e-05,0.00508779624481615,-14958.6151605051
764,766,6,-4.0654,2.6735,-5.1776,-4.1092,2.7402,-5.361,0.0644,0.2,0.4314,0.3922,0.1961,22.4209,"2",7.0912729525e-08,0.00865169520312063,0.000318701014845376,8.41223067144871e-05,0.00500388542380104,-14958.5004587247
765,767,6,-4.1092,2.7402,-5.361,-4.1318,2.8162,-5.5446,0.0644,0.2,0.4314,0.3922,0.1961,22.5467,"2",7.1092277575e-08,0.00865169520312063,0.000319505473509568,8.4334646541899e-05,0.00491976311723721,-14958.3877040419
766,768,6,-4.1318,2.8162,-5.5446,-4.1628,2.8934,-5.7264,0.0644,0.2,0.4314,0.3922,0.1961,22.673,"2",7.127253925e-08,0.00865169520312063,0.000320313169428357,8.45478408545855e-05,0.00483542847048041,-14958.2769013753
767,769,6,-4.1628,2.8934,-5.7264,-4.1897,2.9739,-5.9076,0.0644,0.2,0.4314,0.3922,0.1961,22.7996,"2",7.14532291e-08,0.00865169520312063,0.000321122820099283,8.47615511312983e-05,0.00475088062964923,-14958.1680556592
768,770,6,-4.1897,2.9739,-5.9076,-4.2058,3.0194,-6.1017,0.0644,0.2,0.4314,0.3922,0.1961,22.9268,"2",7.16347753e-08,0.00865169520312063,0.000321936350188718,8.49762853948152e-05,0.00466611907818061,-14958.0611718456
769,771,6,-4.2058,3.0194,-6.1017,-4.2296,3.0537,-6.2973,0.0644,0.2,0.4314,0.3922,0.1961,23.0543,"2",7.1816749675e-08,0.00865169520312063,0.000322751835785806,8.51915358217796e-05,0.00458114279308781,-14957.9562549047
770,772,6,-4.2296,3.0537,-6.2973,-4.2337,3.0668,-6.4968,0.0644,0.2,0.4314,0.3922,0.1961,23.1824,"2",7.19995804e-08,0.00865169520312063,0.000323571201536224,8.54078104295069e-05,0.00449595125717276,-14957.853309824
771,773,6,-4.2337,3.0668,-6.4968,-4.2377,3.08,-6.6963,0.0644,0.2,0.4314,0.3922,0.1961,23.3109,"2",7.2182982025e-08,0.00865169520312063,0.000324393164976361,8.56247707070035e-05,0.00441054344689504,-14957.7523416112
772,774,6,-4.2377,3.08,-6.6963,-4.3275,3.1111,-6.8723,0.0644,0.2,0.4314,0.3922,0.1961,23.4398,"2",7.236695455e-08,0.00865169520312063,0.000325217726497017,8.58424167574224e-05,0.00432491867592973,-14957.6533552896
773,775,6,-4.3275,3.1111,-6.8723,-4.41,3.0995,-7.0541,0.0644,0.2,0.4314,0.3922,0.1961,23.5693,"2",7.2551783425e-08,0.00865169520312063,0.0003260461692988,8.60610872862904e-05,0.00423907625933112,-14957.5563559023
774,776,6,-4.41,3.0995,-7.0541,-4.5076,3.0968,-7.2287,0.0644,0.2,0.4314,0.3922,0.1961,23.6992,"2",7.27371832e-08,0.00865169520312063,0.000326877210956768,8.62804437928205e-05,0.00415301517216483,-14957.4613485123
775,777,6,-4.5076,3.0968,-7.2287,-4.5628,3.0886,-7.4207,0.0644,0.2,0.4314,0.3922,0.1961,23.8295,"2",7.2923153875e-08,0.00865169520312063,0.000327710851873143,8.65004863831809e-05,0.00406673472863957,-14957.3683381982
776,778,6,-4.5628,3.0886,-7.4207,-4.6176,3.0764,-7.6127,0.0644,0.2,0.4314,0.3922,0.1961,23.9603,"2",7.3109838175e-08,0.00865169520312063,0.000328547733844537,8.6721384461951e-05,0.00398023424204958,-14957.2773300568
777,779,6,-4.6176,3.0764,-7.6127,-4.7086,3.0791,-7.7908,0.0644,0.2,0.4314,0.3922,0.1961,24.0917,"2",7.3297378825e-08,0.00865169520312063,0.000329388498655513,8.69433074305303e-05,0.00389351285769434,-14957.1883292062
778,780,6,-4.7086,3.0791,-7.7908,-4.7925,3.0839,-7.9723,0.0644,0.2,0.4314,0.3922,0.1961,24.2235,"2",7.3485490375e-08,0.00865169520312063,0.000330231863930587,8.71659168011862e-05,0.00380656955023892,-14957.1013407846
779,781,6,-4.7925,3.0839,-7.9723,-4.8952,3.0469,-8.1398,0.0644,0.2,0.4314,0.3922,0.1961,24.3557,"2",7.3674172825e-08,0.00865169520312063,0.000331077830087544,8.73892126841948e-05,0.0037194036334293,-14957.016369946
780,782,6,-4.8952,3.0469,-8.1398,-4.9649,3.0029,-8.3221,0.0644,0.2,0.4314,0.3922,0.1961,24.4885,"2",7.3863711625e-08,0.00865169520312063,0.000331927680298951,8.76135337776811e-05,0.00363201442075927,-14956.933421864
781,783,6,-4.9649,3.0029,-8.3221,-5.0399,2.9654,-8.5036,0.0644,0.2,0.4314,0.3922,0.1961,24.6218,"2",7.405396405e-08,0.00865169520312063,0.000332780773596628,8.78387108957335e-05,0.00354440088721961,-14956.8525017343
782,784,6,-5.0399,2.9654,-8.5036,-5.1175,2.9246,-8.6834,0.0644,0.2,0.4314,0.3922,0.1961,24.7555,"2",7.4244787375e-08,0.00865169520312063,0.000333636469031232,8.80645748574119e-05,0.00345656217590485,-14956.7736147701
783,785,6,-5.1175,2.9246,-8.6834,-5.1961,2.8909,-8.8642,0.0644,0.2,0.4314,0.3922,0.1961,24.8898,"2",7.443646705e-08,0.00865169520312063,0.0003344960497665,8.82914643585111e-05,0.00336849760103752,-14956.6967662045
784,786,6,-5.1961,2.8909,-8.8642,-5.2608,2.8739,-9.0527,0.0644,0.2,0.4314,0.3922,0.1961,25.0246,"2",7.462886035e-08,0.00865169520312063,0.000335358874858276,8.85192102194605e-05,0.00328020613649174,-14956.6219612925
785,787,6,-5.2608,2.8739,-9.0527,-5.3139,2.8684,-9.2454,0.0644,0.2,0.4314,0.3922,0.1961,25.1598,"2",7.482182455e-08,0.00865169520312063,0.000336224303380226,8.87476432653929e-05,0.00319168692619359,-14956.5492053066
786,788,6,-5.3139,2.8684,-9.2454,-5.3627,2.8519,-9.4386,0.0644,0.2,0.4314,0.3922,0.1961,25.2956,"2",7.50156451e-08,0.00865169520312063,0.000337093618489013,8.89771021902364e-05,0.00310293928320357,-14956.4785035395
787,789,6,-5.3627,2.8519,-9.4386,-5.4184,2.8223,-9.6284,0.0644,0.2,0.4314,0.3922,0.1961,25.4319,"2",7.5210179275e-08,0.00865169520312063,0.000337966179263862,8.92074178205914e-05,0.00301396218090653,-14956.4098613055
788,790,6,-5.4184,2.8223,-9.6284,-5.4584,2.8049,-9.8236,0.0644,0.2,0.4314,0.3922,0.1961,25.5687,"2",7.5405427075e-08,0.00865169520312063,0.000338841986150169,8.94385902740219e-05,0.00292475476311296,-14956.3432839384
789,791,6,-5.4584,2.8049,-9.8236,-5.5064,2.7891,-10.0171,0.0644,0.2,0.4314,0.3922,0.1961,25.7061,"2",7.5601531225e-08,0.00865169520312063,0.000339721680944278,8.96707889550367e-05,0.00283531617292574,-14956.2787767944
790,792,6,-5.5064,2.7891,-10.0171,-5.5384,2.7824,-10.2145,0.0644,0.2,0.4314,0.3922,0.1961,25.8439,"2",7.5798206275e-08,0.00865169520312063,0.000340603981404778,8.99036754112924e-05,0.00274564538396305,-14956.2163452488
791,793,6,-5.5384,2.7824,-10.2145,-5.5448,2.7982,-10.4137,0.0644,0.2,0.4314,0.3922,0.1961,25.9823,"2",7.5995737675e-08,0.00865169520312063,0.000341490170680854,9.01375883347433e-05,0.00265574170833436,-14956.1559946974
792,794,6,-5.5448,2.7982,-10.4137,-5.522,2.7948,-10.6124,0.0644,0.2,0.4314,0.3922,0.1961,26.1213,"2",7.6194125425e-08,0.00865169520312063,0.000342380249228074,9.03725278456372e-05,0.0025656041201185,-14956.0977305591
793,795,6,-5.522,2.7948,-10.6124,-5.5215,2.7894,-10.8123,0.0644,0.2,0.4314,0.3922,0.1961,26.2607,"2",7.6393084075e-08,0.00865169520312063,0.000343272934835261,9.0608155499612e-05,0.00247523159253543,-14956.0415582731
794,796,6,-5.5215,2.7894,-10.8123,-5.5338,2.7901,-11.0119,0.0644,0.2,0.4314,0.3922,0.1961,26.4008,"2",7.65930418e-08,0.00865169520312063,0.000344170151983192,9.08449792704569e-05,0.00238462343699428,-14955.9874833002
795,797,6,-5.5338,2.7901,-11.0119,-5.5508,2.7812,-11.211,0.0644,0.2,0.4314,0.3922,0.1961,26.5413,"2",7.6793570425e-08,0.00865169520312063,0.000345069977141707,9.10824914353011e-05,0.00229377845757362,-14955.9355111229
796,798,6,-5.5508,2.7812,-11.211,-5.5515,2.7783,-11.411,0.0644,0.2,0.4314,0.3922,0.1961,26.6825,"2",7.6995098125e-08,0.00865169520312063,0.00034597433478687,9.13211999666903e-05,0.00220269596616016,-14955.8856472456
797,799,6,-5.5515,2.7783,-11.411,-5.5421,2.8346,-11.6027,0.0644,0.2,0.4314,0.3922,0.1961,26.8241,"2",7.7197196725e-08,0.00865169520312063,0.000346881301412242,9.15605971480152e-05,0.00211137476592795,-14955.8378971945
798,800,6,-5.5421,2.8346,-11.6027,-5.5779,2.8534,-11.7985,0.0644,0.2,0.4314,0.3922,0.1961,26.9664,"2",7.74002944e-08,0.00865169520312063,0.000347792801490362,9.18011909508905e-05,0.00201981416876393,-14955.7922665174
799,801,6,-5.5779,2.8534,-11.7985,-5.6085,2.8705,-11.9954,0.0644,0.2,0.4314,0.3922,0.1961,27.1092,"2",7.76041057e-08,0.00865169520312063,0.000348707552860341,9.20426429442272e-05,0.0019280129778909,-14955.7487607861
800,802,6,-5.6085,2.8705,-11.9954,-5.6364,2.8915,-12.1924,0.0644,0.2,0.4314,0.3922,0.1961,27.2525,"2",7.7808630625e-08,0.00865169520312063,0.000349625556023906,9.22849532604584e-05,0.00183597033496679,-14955.7073855921
801,803,6,-5.6364,2.8915,-12.1924,-5.6497,2.8534,-12.3883,0.0644,0.2,0.4314,0.3922,0.1961,27.3965,"2",7.8014154625e-08,0.00865169520312063,0.000350548094125923,9.25284605903966e-05,0.00174368538157548,-14955.6681465507
802,804,6,-5.6497,2.8534,-12.3883,-5.651,2.8476,-12.5882,0.0644,0.2,0.4314,0.3922,0.1961,27.541,"2",7.822039225e-08,0.00865169520312063,0.000351473885032504,9.27728265100805e-05,0.00165115692077969,-14955.631049301
803,805,6,-5.651,2.8476,-12.5882,-5.6382,2.8431,-12.7877,0.0644,0.2,0.4314,0.3922,0.1961,27.6861,"2",7.8427486225e-08,0.00865169520312063,0.000352403570576171,9.30182204335681e-05,0.00155838409430609,-14955.5960995038
804,806,6,-5.6382,2.8431,-12.7877,-5.6219,2.826,-12.9863,0.0644,0.2,0.4314,0.3922,0.1961,27.8318,"2",7.863543655e-08,0.00865169520312063,0.000353337151273829,9.32646424972985e-05,0.00146536587378382,-14955.5633028437
805,807,6,-5.6219,2.826,-12.9863,-5.6062,2.8043,-13.1845,0.0644,0.2,0.4314,0.3922,0.1961,27.9781,"2",7.8844243225e-08,0.00865169520312063,0.000354274627647791,9.35120928391377e-05,0.00137210123145488,-14955.532665029
806,808,6,-5.6062,2.8043,-13.1845,-5.561,2.8526,-13.3732,0.0644,0.2,0.4314,0.3922,0.1961,28.125,"2",7.905390625e-08,0.00865169520312063,0.000355216000225795,9.37605715983844e-05,0.0012785891382646,-14955.5041917921
807,809,6,-5.561,2.8526,-13.3732,-5.5105,2.9021,-13.5603,0.0644,0.2,0.4314,0.3922,0.1961,28.2725,"2",7.9264425625e-08,0.00865169520312063,0.000356161269541032,9.40100789157765e-05,0.00118482856677705,-14955.4778888888
808,810,6,-5.5105,2.9021,-13.5603,-5.4764,2.9305,-13.7553,0.0644,0.2,0.4314,0.3922,0.1961,28.4206,"2",7.947580135e-08,0.00865169520312063,0.000357110436132167,9.42606149334961e-05,0.00109081848752698,-14955.4537620988
809,811,6,-5.4764,2.9305,-13.7553,-5.4422,2.966,-13.9492,0.0644,0.2,0.4314,0.3922,0.1961,28.5693,"2",7.9688033425e-08,0.00865169520312063,0.00035806350054336,9.45121797951767e-05,0.000996557872684729,-14955.4318172255
810,812,6,-5.4422,2.966,-13.9492,-5.4476,3.0054,-14.1452,0.0644,0.2,0.4314,0.3922,0.1961,28.7186,"2",7.990112185e-08,0.00865169520312063,0.000359020463324292,9.47647736459085e-05,0.00090204569289683,-14955.4120600964
811,813,6,-5.4476,3.0054,-14.1452,-5.489,3.0796,-14.3262,0.0644,0.2,0.4314,0.3922,0.1961,28.8686,"2",8.011520935e-08,0.00865169520312063,0.000359981966336973,9.50185659075331e-05,0.00080728091921822,-14955.3944965645
812,814,6,-5.489,3.0796,-14.3262,-5.532,3.1571,-14.5055,0.0644,0.2,0.4314,0.3922,0.1961,29.0192,"2",8.03301532e-08,0.00865169520312063,0.000360947368834062,9.52733874524298e-05,0.000712262353707332,-14955.3791325084
813,815,6,-5.532,3.1571,-14.5055,-5.5766,3.2345,-14.6845,0.0644,0.2,0.4314,0.3922,0.1961,29.1704,"2",8.05459534e-08,0.00865169520312063,0.000361916671382324,9.55292384301983e-05,0.000616988966148213,-14955.3659738308
814,816,6,-5.5766,3.2345,-14.6845,-5.6108,3.315,-14.8643,0.0644,0.2,0.4314,0.3922,0.1961,29.3223,"2",8.0762752675e-08,0.00865169520312063,0.000362890515859052,9.57862882667146e-05,0.000521459727800956,-14955.35502646
815,817,6,-5.6108,3.315,-14.8643,-5.6414,3.3908,-15.0469,0.0644,0.2,0.4314,0.3922,0.1961,29.4748,"2",8.09804083e-08,0.00865169520312063,0.000363868261536589,9.6044367839553e-05,0.000425673439731417,-14955.34629635
816,818,6,-5.6414,3.3908,-15.0469,-5.6771,3.4642,-15.2295,0.0644,0.2,0.4314,0.3922,0.1961,29.6279,"2",8.1198920275e-08,0.00865169520312063,0.000364849908999001,9.63034773028807e-05,0.000329629071961476,-14955.3397894789
817,819,6,-5.6771,3.4642,-15.2295,-5.734,3.5373,-15.4067,0.0644,0.2,0.4314,0.3922,0.1961,29.7817,"2",8.1418431325e-08,0.00865169520312063,0.000365836100139963,9.65637860868968e-05,0.000233325594431781,-14955.3355118502
818,820,6,-5.734,3.5373,-15.4067,-5.7674,3.6149,-15.588,0.0644,0.2,0.4314,0.3922,0.1961,29.9362,"2",8.163894145e-08,0.00865169520312063,0.000366826835554625,9.68252943486935e-05,0.000136761808186102,-14955.3334694953
819,821,6,-5.7674,3.6149,-15.588,-5.7736,3.6312,-15.6685,0.0644,0.0824,0.4314,0.3922,0.1961,30,"2",8.173e-08,0.00865169520312063,0.000151301216863737,3.99365134668981e-05,3.99365139375833e-05,-14955.3332793147
11,822,7,0.0052,-0.0242,-1.3997,-0.0568,0.1339,-1.5054,0.1887,0.2,0.4314,0.3922,0.1961,18.8669,"2",7.0312e-08,0.00865169520312063,0.000925974995459902,0.000244414510621549,0.00810945284814027,-14959.2938052594
821,823,7,-0.0568,0.1339,-1.5054,-0.0687,0.2577,-1.6619,0.0672,0.2,0.4314,0.3922,0.1961,18.9786,"2",7.0312e-08,0.00865169520312063,0.000329754877376576,8.70400144434085e-05,0.00786503833755357,-14959.1129963414
822,824,7,-0.0687,0.2577,-1.6619,-0.0772,0.3835,-1.8173,0.0672,0.2,0.4314,0.3922,0.1961,19.0907,"2",7.0312e-08,0.00865169520312063,0.000329750832758702,8.70389468516232e-05,0.0077779983229256,-14958.9341995026
823,825,7,-0.0772,0.3835,-1.8173,-0.126,0.5195,-1.9555,0.0672,0.2,0.4314,0.3922,0.1961,19.2031,"2",7.0312e-08,0.00865169520312063,0.000329746833401737,8.70378912066218e-05,0.00769095937591619,-14958.7574147185
824,826,7,-0.126,0.5195,-1.9555,-0.1868,0.6757,-2.0647,0.0672,0.2,0.4314,0.3922,0.1961,19.3158,"2",7.0312e-08,0.00865169520312063,0.000329742879305133,8.70368475082594e-05,0.00760392148458462,-14958.5826419648
825,827,7,-0.1868,0.6757,-2.0647,-0.2841,0.8159,-2.169,0.0672,0.2,0.4314,0.3922,0.1961,19.429,"2",7.0312e-08,0.00865169520312063,0.000329738970468347,8.70358157563926e-05,0.0075168846368708,-14958.4098812175
826,828,7,-0.2841,0.8159,-2.169,-0.356,0.9594,-2.2882,0.0672,0.2,0.4314,0.3922,0.1961,19.5424,"2",7.0312e-08,0.00865169520312063,0.000329735106890843,8.703479595088e-05,0.00742984882095341,-14958.2391324529
827,829,7,-0.356,0.9594,-2.2882,-0.4218,1.1019,-2.4122,0.0672,0.2,0.4314,0.3922,0.1961,19.6563,"2",7.0312e-08,0.00865169520312063,0.00032973128857209,8.70337880915814e-05,0.00734281402501116,-14958.0703956476
828,830,7,-0.4218,1.1019,-2.4122,-0.4694,1.2531,-2.5341,0.0672,0.2,0.4314,0.3922,0.1961,19.7705,"2",7.0312e-08,0.00865169520312063,0.000329727515511564,8.70327921783587e-05,0.00725578023674512,-14957.9036707783
829,831,7,-0.4694,1.2531,-2.5341,-0.5142,1.4031,-2.6587,0.0672,0.2,0.4314,0.3922,0.1961,19.8851,"2",7.0312e-08,0.00865169520312063,0.000329723787708748,8.7031808211075e-05,0.00716874744457281,-14957.7389578223
830,832,7,-0.5142,1.4031,-2.6587,-0.5433,1.5619,-2.7767,0.0672,0.2,0.4314,0.3922,0.1961,20,"2",7.0312e-08,0.00865169520312063,0.000329720105163129,8.70308361895953e-05,0.00708171563607588,-14957.5762567568
831,833,7,-0.5433,1.5619,-2.7767,-0.5831,1.7135,-2.901,0.0672,0.2,0.4314,0.3922,0.1961,20.1153,"2",7.0312e-08,0.00865169520312063,0.000329716467874203,8.70298761137863e-05,0.00699468479967187,-14957.4155675596
832,834,7,-0.5831,1.7135,-2.901,-0.6319,1.8355,-3.0517,0.0672,0.2,0.4314,0.3922,0.1961,20.231,"2",7.0312e-08,0.00865169520312063,0.000329712875841469,8.7028927983516e-05,0.00690765492353946,-14957.2568902087
833,835,7,-0.6319,1.8355,-3.0517,-0.6747,1.9421,-3.2154,0.0672,0.2,0.4314,0.3922,0.1961,20.3471,"2",7.0312e-08,0.00865169520312063,0.000329709329064436,8.70279917986545e-05,0.00682062599549913,-14957.1002246821
834,836,7,-0.6747,1.9421,-3.2154,-0.7249,2.0568,-3.3714,0.0672,0.2,0.4314,0.3922,0.1961,20.4636,"2",7.0312e-08,0.00865169520312063,0.000329705827542616,8.70270675590731e-05,0.00673359800337137,-14956.9455709585
835,837,7,-0.7249,2.0568,-3.3714,-0.7945,2.171,-3.5201,0.0672,0.2,0.4314,0.3922,0.1961,20.5804,"2",7.0312e-08,0.00865169520312063,0.000329702371275528,8.70261552646451e-05,0.0066465709355737,-14956.7929290166
836,838,7,-0.7945,2.171,-3.5201,-0.8486,2.2757,-3.6817,0.0672,0.2,0.4314,0.3922,0.1961,20.6976,"2",7.0312e-08,0.00865169520312063,0.000329698960262698,8.70252549152452e-05,0.0065595447802848,-14956.6422988355
837,839,7,-0.8486,2.2757,-3.6817,-0.9134,2.3902,-3.8323,0.0672,0.2,0.4314,0.3922,0.1961,20.8152,"2",7.0312e-08,0.00865169520312063,0.000329695594503658,8.70243665107498e-05,0.00647251952520576,-14956.4936803944
838,840,7,-0.9134,2.3902,-3.8323,-0.9781,2.5041,-3.9835,0.0672,0.2,0.4314,0.3922,0.1961,20.9332,"2",7.0312e-08,0.00865169520312063,0.000329692273997946,8.70234900510371e-05,0.00638549515851527,-14956.347073673
839,841,7,-0.9781,2.5041,-3.9835,-1.0123,2.6341,-4.1316,0.0672,0.2,0.4314,0.3922,0.1961,21.0516,"2",7.0312e-08,0.00865169520312063,0.000329688998745107,8.70226255359866e-05,0.00629847166839203,-14956.2024786512
840,842,7,-1.0123,2.6341,-4.1316,-1.1008,2.7444,-4.273,0.0672,0.2,0.4314,0.3922,0.1961,21.1704,"2",7.0312e-08,0.00865169520312063,0.00032968576874469,8.70217729654797e-05,0.00621144904277594,-14956.059895309
841,843,7,-1.1008,2.7444,-4.273,-1.2251,2.8355,-4.4005,0.0672,0.2,0.4314,0.3922,0.1961,21.2896,"2",7.0312e-08,0.00865169520312063,0.000329682583996252,8.70209323393994e-05,0.00612442726972628,-14955.9193236271
842,844,7,-1.2251,2.8355,-4.4005,-1.3542,2.9195,-4.5281,0.0672,0.2,0.4314,0.3922,0.1961,21.4092,"2",7.0312e-08,0.00865169520312063,0.000329679444499356,8.70201036576303e-05,0.00603740633730235,-14955.7807635859
843,845,7,-1.3542,2.9195,-4.5281,-1.4846,3.0042,-4.6538,0.0672,0.2,0.4314,0.3922,0.1961,21.5292,"2",7.0312e-08,0.00865169520312063,0.000329676350253572,8.70192869200588e-05,0.00595038623356344,-14955.6442151666
844,846,7,-1.4846,3.0042,-4.6538,-1.6037,3.0835,-4.7936,0.0672,0.2,0.4314,0.3922,0.1961,21.6496,"2",7.0312e-08,0.00865169520312063,0.000329673301258474,8.70184821265725e-05,0.00586336694644944,-14955.5096783503
845,847,7,-1.6037,3.0835,-4.7936,-1.722,3.1627,-4.9341,0.0672,0.2,0.4314,0.3922,0.1961,21.7704,"2",7.0312e-08,0.00865169520312063,0.000329670297513644,8.70176892770613e-05,0.00577634846425846,-14955.3771531187
846,848,7,-1.722,3.1627,-4.9341,-1.852,3.2583,-5.0522,0.0672,0.2,0.4314,0.3922,0.1961,21.8916,"2",7.0312e-08,0.00865169520312063,0.00032966733901867,8.7016908371416e-05,0.00568933077481098,-14955.2466394535
847,849,7,-1.852,3.2583,-5.0522,-1.9937,3.3136,-5.1821,0.0672,0.2,0.4314,0.3922,0.1961,22.0132,"2",7.03308397e-08,0.00865169520312063,0.00032975275748074,8.70394548890943e-05,0.00560231386623446,-14955.1181376063
848,850,7,-1.9937,3.3136,-5.1821,-2.1203,3.3961,-5.313,0.0672,0.2,0.4314,0.3922,0.1961,22.1353,"2",7.0505106925e-08,0.00865169520312063,0.00033056694991497,8.72543639809596e-05,0.00551527441154346,-14954.9916503217
849,851,7,-2.1203,3.3961,-5.313,-2.2799,3.4721,-5.4066,0.0672,0.2,0.4314,0.3922,0.1961,22.2577,"2",7.0679802325e-08,0.00865169520312063,0.000331383181246935,8.74698112473915e-05,0.0054280200476086,-14954.867182574
850,852,7,-2.2799,3.4721,-5.4066,-2.4452,3.5568,-5.4808,0.0672,0.2,0.4314,0.3922,0.1961,22.3806,"2",7.085521135e-08,0.00865169520312063,0.000332202790200995,8.76861500496161e-05,0.00534055023659213,-14954.7447393538
851,853,7,-2.4452,3.5568,-5.4808,-2.6037,3.6587,-5.5478,0.0672,0.2,0.4314,0.3922,0.1961,22.5039,"2",7.1031191275e-08,0.00865169520312063,0.000333025107989789,8.79032038587458e-05,0.00525286408648779,-14954.6243256707
852,854,7,-2.6037,3.6587,-5.5478,-2.763,3.7584,-5.6164,0.0672,0.2,0.4314,0.3922,0.1961,22.6277,"2",7.1207884825e-08,0.00865169520312063,0.000333850804154878,8.81211494027418e-05,0.00516496088235828,-14954.5059465524
853,855,7,-2.763,3.7584,-5.6164,-2.9323,3.8534,-5.6644,0.0672,0.2,0.4314,0.3922,0.1961,22.7519,"2",7.1385149275e-08,0.00865169520312063,0.000334679209928096,8.83398101577838e-05,0.00507683973295516,-14954.3896070455
854,856,7,-2.9323,3.8534,-5.6644,-3.1013,3.946,-5.7179,0.0672,0.2,0.4314,0.3922,0.1961,22.8765,"2",7.1562984625e-08,0.00865169520312063,0.000335510325707447,8.8559186228926e-05,0.00498849992275973,-14954.275312213
855,857,7,-3.1013,3.946,-5.7179,-3.247,4.0561,-5.7994,0.0672,0.2,0.4314,0.3922,0.1961,23.0015,"2",7.1741390875e-08,0.00865169520312063,0.0003363441518947,8.87792777222168e-05,0.00489994073647998,-14954.1630671344
856,858,7,-3.247,4.0561,-5.7994,-3.3758,4.1548,-5.9164,0.0672,0.2,0.4314,0.3922,0.1961,23.127,"2",7.192051075e-08,0.00865169520312063,0.000337181358025945,8.90002613641736e-05,0.00481116145888847,-14954.0528769078
857,859,7,-3.3758,4.1548,-5.9164,-3.507,4.2572,-6.0273,0.0672,0.2,0.4314,0.3922,0.1961,23.253,"2",7.210034425e-08,0.00865169520312063,0.000338021944495667,8.92221372589219e-05,0.00472216119734238,-14953.9447466521
858,860,7,-3.507,4.2572,-6.0273,-3.6523,4.3254,-6.1466,0.0672,0.2,0.4314,0.3922,0.1961,23.3793,"2",7.2280605925e-08,0.00865169520312063,0.00033886457346148,8.94445522780363e-05,0.00463293906007094,-14953.8386815025
859,861,7,-3.6523,4.3254,-6.1466,-3.797,4.3976,-6.2643,0.0672,0.2,0.4314,0.3922,0.1961,23.5062,"2",7.246172395e-08,0.00865169520312063,0.000339711252703026,8.96680363823487e-05,0.00454349450770889,-14953.7346866129
860,862,7,-3.797,4.3976,-6.2643,-3.9401,4.4647,-6.3868,0.0672,0.2,0.4314,0.3922,0.1961,23.6335,"2",7.2643412875e-08,0.00865169520312063,0.000340560644391138,8.98922364469226e-05,0.00445382647114517,-14953.6327671579
861,863,7,-3.9401,4.4647,-6.3868,-4.1146,4.4879,-6.4818,0.0672,0.2,0.4314,0.3922,0.1961,23.7612,"2",7.28256727e-08,0.00865169520312063,0.000341412748951621,9.01171525841508e-05,0.00436393423487031,-14953.5329283285
862,864,7,-4.1146,4.4879,-6.4818,-4.2877,4.5143,-6.5784,0.0672,0.2,0.4314,0.3922,0.1961,23.8894,"2",7.300864615e-08,0.00865169520312063,0.000342268235916206,9.03429615193999e-05,0.0042738170819828,-14953.4351753344
863,865,7,-4.2877,4.5143,-6.5784,-4.4512,4.4824,-6.6891,0.0672,0.2,0.4314,0.3922,0.1961,24.0181,"2",7.3192333225e-08,0.00865169520312063,0.000343127105705302,9.05696633636385e-05,0.00418347412042184,-14953.3395134059
864,866,7,-4.4512,4.4824,-6.6891,-4.6425,4.4666,-6.7451,0.0672,0.2,0.4314,0.3922,0.1961,24.1472,"2",7.33765912e-08,0.00865169520312063,0.000343988689650572,9.07970816193959e-05,0.0040929044573187,-14953.2459477919
865,867,7,-4.6425,4.4666,-6.7451,-4.8213,4.4441,-6.832,0.0672,0.2,0.4314,0.3922,0.1961,24.2768,"2",7.35615628e-08,0.00865169520312063,0.000344853657283254,9.10253930119088e-05,0.00400210737577236,-14953.1544837599
866,868,7,-4.8213,4.4441,-6.832,-4.9969,4.4425,-6.9276,0.0672,0.2,0.4314,0.3922,0.1961,24.4069,"2",7.3747248025e-08,0.00865169520312063,0.000345722009037138,9.12545976556774e-05,0.00391108198297832,-14953.0651265982
867,869,7,-4.9969,4.4425,-6.9276,-5.1618,4.4437,-7.0408,0.0672,0.2,0.4314,0.3922,0.1961,24.5375,"2",7.3933646875e-08,0.00865169520312063,0.000346593745350637,9.14846956664222e-05,0.00381982738536214,-14952.9778816155
868,870,7,-5.1618,4.4437,-7.0408,-5.3266,4.4462,-7.1542,0.0672,0.2,0.4314,0.3922,0.1961,24.6685,"2",7.4120616625e-08,0.00865169520312063,0.000347468197589803,9.17155105557505e-05,0.00372834268995854,-14952.8927541392
869,871,7,-5.3266,4.4462,-7.1542,-5.4749,4.5011,-7.2765,0.0672,0.2,0.4314,0.3922,0.1961,24.8,"2",7.43083e-08,0.00865169520312063,0.000348346035286929,9.19472190491763e-05,0.00363662717952908,-14952.8097495155
870,872,7,-5.4749,4.5011,-7.2765,-5.6282,4.5565,-7.3925,0.0672,0.2,0.4314,0.3922,0.1961,24.932,"2",7.4496697e-08,0.00865169520312063,0.000349227258894014,9.21798212660071e-05,0.00354467996057159,-14952.7288731109
871,873,7,-5.6282,4.5565,-7.3925,-5.7708,4.5927,-7.528,0.0672,0.2,0.4314,0.3922,0.1961,25.0645,"2",7.4685807625e-08,0.00865169520312063,0.000350111868867753,9.2413317326789e-05,0.00345250013924572,-14952.6501303129
872,874,7,-5.7708,4.5927,-7.528,-5.9119,4.6294,-7.6648,0.0672,0.2,0.4314,0.3922,0.1961,25.1975,"2",7.4875631875e-08,0.00865169520312063,0.000350999865669554,9.26477073533124e-05,0.00336008682218844,-14952.5735265294
873,875,7,-5.9119,4.6294,-7.6648,-6.072,4.6571,-7.7814,0.0672,0.2,0.4314,0.3922,0.1961,25.331,"2",7.506616975e-08,0.00865169520312063,0.000351891249765557,9.28829914686163e-05,0.00326743911474488,-14952.4990671893
874,876,7,-6.072,4.6571,-7.7814,-6.2298,4.6859,-7.9008,0.0672,0.2,0.4314,0.3922,0.1961,25.465,"2",7.525742125e-08,0.00865169520312063,0.00035278602162665,9.31191697969937e-05,0.0031745561232622,-14952.4267577418
875,877,7,-6.2298,4.6859,-7.9008,-6.3702,4.7408,-8.0323,0.0672,0.2,0.4314,0.3922,0.1961,25.5995,"2",7.5449386375e-08,0.00865169520312063,0.000353684181728493,9.33562424639965e-05,0.00308143695331919,-14952.356603657
876,878,7,-6.3702,4.7408,-8.0323,-6.5105,4.7936,-8.1648,0.0672,0.2,0.4314,0.3922,0.1961,25.7345,"2",7.5642065125e-08,0.00865169520312063,0.00035458573055153,9.35942095964402e-05,0.00298808071091462,-14952.2886104256
877,879,7,-6.5105,4.7936,-8.1648,-6.6705,4.7873,-8.2846,0.0672,0.2,0.4314,0.3922,0.1961,25.8701,"2",7.5835600225e-08,0.00865169520312063,0.000355491337626981,9.38332479195559e-05,0.00289448650134484,-14952.222783561
878,880,7,-6.6705,4.7873,-8.2846,-6.8141,4.7477,-8.418,0.0672,0.2,0.4314,0.3922,0.1961,26.0061,"2",7.6029706225e-08,0.00865169520312063,0.000356399665350137,9.40730043676539e-05,0.00280065325326627,-14952.1591285974
879,881,7,-6.8141,4.7477,-8.418,-6.9503,4.706,-8.5584,0.0672,0.2,0.4314,0.3922,0.1961,26.1427,"2",7.6224668575e-08,0.00865169520312063,0.000357312052305094,9.43138322649371e-05,0.00270658024864964,-14952.0976510895
880,882,7,-6.9503,4.706,-8.5584,-7.0826,4.6715,-8.7044,0.0672,0.2,0.4314,0.3922,0.1961,26.2798,"2",7.642034455e-08,0.00865169520312063,0.000358227829946075,9.45555551462848e-05,0.00261226641674739,-14952.038356615
881,883,7,-7.0826,4.6715,-8.7044,-7.2023,4.6676,-8.8645,0.0672,0.2,0.4314,0.3922,0.1961,26.4174,"2",7.661673415e-08,0.00865169520312063,0.000359146998778151,9.47981731450125e-05,0.0025177108615106,-14951.9812507719
882,884,7,-7.2023,4.6676,-8.8645,-7.2733,4.6957,-9.0494,0.0672,0.2,0.4314,0.3922,0.1961,26.5556,"2",7.68139801e-08,0.00865169520312063,0.000360070228343479,9.50418629892388e-05,0.0024229126883624,-14951.9263391812
883,885,7,-7.2733,4.6957,-9.0494,-7.3438,4.7203,-9.235,0.0672,0.2,0.4314,0.3922,0.1961,26.6943,"2",7.7011939675e-08,0.00865169520312063,0.000360996850119966,9.52864482200946e-05,0.0023278708253967,-14951.8736274867
884,886,7,-7.3438,4.7203,-9.235,-7.4071,4.7115,-9.4245,0.0672,0.2,0.4314,0.3922,0.1961,26.8335,"2",7.7210612875e-08,0.00865169520312063,0.000361926864627859,9.55319289749012e-05,0.0022325843773545,-14951.8231213527
885,887,7,-7.4071,4.7115,-9.4245,-7.4495,4.6586,-9.6126,0.0672,0.2,0.4314,0.3922,0.1961,26.9733,"2",7.7410142425e-08,0.00865169520312063,0.00036286094141748,9.57784819839325e-05,0.00213705244840087,-14951.7748264664
886,888,7,-7.4495,4.6586,-9.6126,-7.4984,4.5913,-9.7945,0.0672,0.2,0.4314,0.3922,0.1961,27.1137,"2",7.7610528325e-08,0.00865169520312063,0.000363799081012666,9.60261073854567e-05,0.00204127396641181,-14951.7287485397
887,889,7,-7.4984,4.5913,-9.7945,-7.5394,4.5181,-9.976,0.0672,0.2,0.4314,0.3922,0.1961,27.2546,"2",7.781162785e-08,0.00865169520312063,0.000364740614922063,9.62746287287186e-05,0.00194524785879754,-14951.6848933073
888,890,7,-7.5394,4.5181,-9.976,-7.5931,4.4741,-10.1636,0.0672,0.2,0.4314,0.3922,0.1961,27.396,"2",7.8013441e-08,0.00865169520312063,0.00036568554368671,9.65240461565281e-05,0.00184897323013462,-14951.6432665245
889,891,7,-7.5931,4.4741,-10.1636,-7.6451,4.4446,-10.3545,0.0672,0.2,0.4314,0.3922,0.1961,27.538,"2",7.82161105e-08,0.00865169520312063,0.000366634536869801,9.6774536402556e-05,0.00175244918401555,-14951.6038739695
890,892,7,-7.6451,4.4446,-10.3545,-7.7059,4.451,-10.5449,0.0672,0.2,0.4314,0.3922,0.1961,27.6806,"2",7.841963635e-08,0.00865169520312063,0.000367587595017353,9.70260996109253e-05,0.001655674647644,-14951.5667214453
891,893,7,-7.7059,4.451,-10.5449,-7.7849,4.4379,-10.7282,0.0672,0.2,0.4314,0.3922,0.1961,27.8238,"2",7.862401855e-08,0.00865169520312063,0.000368544718681189,9.72787359272923e-05,0.0015586485478472,-14951.5318147796
892,894,7,-7.7849,4.4379,-10.7282,-7.8699,4.4054,-10.9062,0.0672,0.2,0.4314,0.3922,0.1961,27.9675,"2",7.8829114375e-08,0.00865169520312063,0.000369505239406797,9.75322689106259e-05,0.00146136981219804,-14951.499159823
893,895,7,-7.8699,4.4054,-10.9062,-7.9225,4.3568,-11.093,0.0672,0.2,0.4314,0.3922,0.1961,28.1119,"2",7.9035209275e-08,0.00865169520312063,0.000370470495783356,9.77870518864705e-05,0.00136383754306651,-14951.4687624507
894,896,7,-7.9225,4.3568,-11.093,-7.9757,4.3074,-11.2793,0.0672,0.2,0.4314,0.3922,0.1961,28.2568,"2",7.92420178e-08,0.00865169520312063,0.000371439150357152,9.80427318289921e-05,0.00126605049127729,-14951.4406285629
895,897,7,-7.9757,4.3074,-11.2793,-8.0535,4.2737,-11.4605,0.0672,0.2,0.4314,0.3922,0.1961,28.4023,"2",7.9449682675e-08,0.00865169520312063,0.000372411872715227,9.82994854781568e-05,0.00116800775922889,-14951.4147640826
896,898,7,-8.0535,4.2737,-11.4605,-8.0994,4.2225,-11.6483,0.0672,0.2,0.4314,0.3922,0.1961,28.5484,"2",7.96582039e-08,0.00865169520312063,0.000373388663438384,9.85573129872695e-05,0.00106970827398368,-14951.3911749574
897,899,7,-8.0994,4.2225,-11.6483,-8.1453,4.1712,-11.8361,0.0672,0.2,0.4314,0.3922,0.1961,28.6951,"2",7.9867581475e-08,0.00865169520312063,0.000374369523113374,9.88162145112055e-05,0.000971150960879438,-14951.36986716
898,900,7,-8.1453,4.1712,-11.8361,-8.1902,4.1178,-12.0235,0.0672,0.2,0.4314,0.3922,0.1961,28.8424,"2",8.00778154e-08,0.00865169520312063,0.000375354452332925,9.90761902064172e-05,0.00087233474613875,-14951.3508466878
899,901,7,-8.1902,4.1178,-12.0235,-8.2724,4.0328,-12.1848,0.0672,0.2,0.4314,0.3922,0.1961,28.9904,"2",8.02890484e-08,0.00865169520312063,0.00037634412070003,9.93374168170813e-05,0.000773258556100082,-14951.3341195651
900,902,7,-8.2724,4.0328,-12.1848,-8.3788,3.9565,-12.336,0.0672,0.2,0.4314,0.3922,0.1961,29.1389,"2",8.0500995025e-08,0.00865169520312063,0.0003773371908103,9.9599541330383e-05,0.00067392113931982,-14951.3196918409
901,903,7,-8.3788,3.9565,-12.336,-8.4926,3.8799,-12.4815,0.0672,0.2,0.4314,0.3922,0.1961,29.2881,"2",8.0713940725e-08,0.00865169520312063,0.00037833500128257,9.98629170796945e-05,0.000574321597730784,-14951.3075695893
902,904,7,-8.4926,3.8799,-12.4815,-8.6113,3.8033,-12.6231,0.0672,0.2,0.4314,0.3922,0.1961,29.4379,"2",8.0927742775e-08,0.00865169520312063,0.000379336883729873,0.000100127367641814,0.00047445868066977,-14951.297758911
903,905,7,-8.6113,3.8033,-12.6231,-8.7298,3.728,-12.7655,0.0672,0.2,0.4314,0.3922,0.1961,29.5883,"2",8.1142401175e-08,0.00865169520312063,0.000380342838775607,0.000100392893181289,0.000374331313058711,-14951.2902659317
904,906,7,-8.7298,3.728,-12.7655,-8.8371,3.6424,-12.911,0.0672,0.2,0.4314,0.3922,0.1961,29.7394,"2",8.135805865e-08,0.00865169520312063,0.000381353536051068,0.000100659670449768,0.00027393841994762,-14951.2850968042
905,907,7,-8.8371,3.6424,-12.911,-8.9538,3.5467,-13.0422,0.0672,0.2,0.4314,0.3922,0.1961,29.8911,"2",8.1574572475e-08,0.00865169520312063,0.000382368307189912,0.000100927523029492,0.000173278749310362,-14951.2822577077
906,908,7,-8.9538,3.5467,-13.0422,-9.045,3.4744,-13.1254,0.0672,0.1431,0.4314,0.3922,0.1961,30,"2",8.173e-08,0.00865169520312063,0.000274105765716008,7.23512264526632e-05,7.23512264751642e-05,-14951.281659359
12,909,8,0.01,-0.0305,-1.4828,0.1737,0.0477,-1.5672,0.1887,0.2,0.4314,0.3922,0.1961,19.0225,"2",7.0312e-08,0.00865169520312063,0.0009256797386846,0.000244336576508213,0.00877192375576306,-14954.6118496802
908,910,8,0.1737,0.0477,-1.5672,0.3551,0.1296,-1.5866,0.0993,0.2,0.4314,0.3922,0.1961,19.1799,"2",7.0312e-08,0.00865169520312063,0.000487115838750474,0.000128576019793137,0.00852758717942078,-14954.4162048077
909,911,8,0.3551,0.1296,-1.5866,0.5519,0.162,-1.6008,0.0993,0.2,0.4314,0.3922,0.1961,19.3377,"2",7.0312e-08,0.00865169520312063,0.000487109384916516,0.000128574316279893,0.00839901115971574,-14954.2235321888
910,912,8,0.5519,0.162,-1.6008,0.7207,0.2682,-1.6158,0.0993,0.2,0.4314,0.3922,0.1961,19.496,"2",7.0312e-08,0.00865169520312063,0.000487103029879581,0.000128572638844487,0.00827043684350273,-14954.0338317846
911,913,8,0.7207,0.2682,-1.6158,0.8859,0.3799,-1.6319,0.0993,0.2,0.4314,0.3922,0.1961,19.6549,"2",7.0312e-08,0.00865169520312063,0.000487096773638378,0.000128570987486579,0.00814186420479973,-14953.8471035566
912,914,8,0.8859,0.3799,-1.6319,1.0616,0.4724,-1.6554,0.0993,0.2,0.4314,0.3922,0.1961,19.8142,"2",7.0312e-08,0.00865169520312063,0.000487090616191639,0.000128569362205833,0.00801329321740699,-14953.6633474668
913,915,8,1.0616,0.4724,-1.6554,1.2414,0.5589,-1.669,0.0993,0.2,0.4314,0.3922,0.1961,19.974,"2",7.0312e-08,0.00865169520312063,0.000487084557538115,0.00012856776300192,0.00788472385505217,-14953.4825634781
914,916,8,1.2414,0.5589,-1.669,1.4249,0.6367,-1.6861,0.0993,0.2,0.4314,0.3922,0.1961,20.1344,"2",7.0312e-08,0.00865169520312063,0.000487078597676577,0.000128566189874515,0.00775615609226128,-14953.3047515537
915,917,8,1.4249,0.6367,-1.6861,1.6157,0.6946,-1.7009,0.0993,0.2,0.4314,0.3922,0.1961,20.2953,"2",7.0312e-08,0.00865169520312063,0.000487072736605817,0.0001285646428233,0.00762758990254426,-14953.1299116575
916,918,8,1.6157,0.6946,-1.7009,1.8053,0.7488,-1.6673,0.0993,0.2,0.4314,0.3922,0.1961,20.4567,"2",7.0312e-08,0.00865169520312063,0.000487066974324645,0.000128563121847961,0.00749902525977393,-14952.9580437542
917,919,8,1.8053,0.7488,-1.6673,1.9973,0.7956,-1.6368,0.0993,0.2,0.4314,0.3922,0.1961,20.6186,"2",7.0312e-08,0.00865169520312063,0.000487061310831892,0.000128561626948189,0.00737046213804084,-14952.7891478089
918,920,8,1.9973,0.7956,-1.6368,2.1912,0.8312,-1.6028,0.0993,0.2,0.4314,0.3922,0.1961,20.781,"2",7.0312e-08,0.00865169520312063,0.000487055746126412,0.000128560158123682,0.00724190051114524,-14952.6232237872
919,921,8,2.1912,0.8312,-1.6028,2.3847,0.879,-1.586,0.0993,0.2,0.4314,0.3922,0.1961,20.944,"2",7.0312e-08,0.00865169520312063,0.000487050280207073,0.00012855871537414,0.00711334035310509,-14952.4602716556
920,922,8,2.3847,0.879,-1.586,2.5739,0.9437,-1.5909,0.0993,0.2,0.4314,0.3922,0.1961,21.1075,"2",7.0312e-08,0.00865169520312063,0.000487044913072769,0.000128557298699272,0.00698478163793837,-14952.300291381
921,923,8,2.5739,0.9437,-1.5909,2.7588,1.0164,-1.6136,0.0993,0.2,0.4314,0.3922,0.1961,21.2715,"2",7.0312e-08,0.00865169520312063,0.00048703964472241,0.00012855590809879,0.00685622433915503,-14952.143282931
922,924,8,2.7588,1.0164,-1.6136,2.9318,1.1147,-1.5936,0.0993,0.2,0.4314,0.3922,0.1961,21.4361,"2",7.0312e-08,0.00865169520312063,0.000487034475154927,0.000128554543572413,0.00672766843128107,-14951.9892462736
923,925,8,2.9318,1.1147,-1.5936,3.106,1.211,-1.5741,0.0993,0.2,0.4314,0.3922,0.1961,21.6012,"2",7.0312e-08,0.00865169520312063,0.000487029404369273,0.000128553205119863,0.00659911388775385,-14951.8381813778
924,926,8,3.106,1.211,-1.5741,3.2827,1.3044,-1.5674,0.0993,0.2,0.4314,0.3922,0.1961,21.7668,"2",7.0312e-08,0.00865169520312063,0.000487024432364419,0.000128551892740868,0.00647056068266392,-14951.6900882127
925,927,8,3.2827,1.3044,-1.5674,3.4606,1.395,-1.5558,0.0993,0.2,0.4314,0.3922,0.1961,21.9331,"2",7.0312e-08,0.00865169520312063,0.000487019559139356,0.000128550606435164,0.00634200879010184,-14951.5449667485
926,928,8,3.4606,1.395,-1.5558,3.6446,1.4706,-1.577,0.0993,0.2,0.4314,0.3922,0.1961,22.0998,"2",7.045443955e-08,0.00865169520312063,0.000488001389669839,0.000128809764219983,0.00621345818384517,-14951.4028199656
927,929,8,3.6446,1.4706,-1.577,3.8308,1.5424,-1.5893,0.0993,0.2,0.4314,0.3922,0.1961,22.2671,"2",7.0693218475e-08,0.00865169520312063,0.000489650586774245,0.000129245075870047,0.00608464841977636,-14951.2636558911
928,930,8,3.8308,1.5424,-1.5893,4.0124,1.6258,-1.5798,0.0993,0.2,0.4314,0.3922,0.1961,22.435,"2",7.093285375e-08,0.00865169520312063,0.000491305783691658,0.000129681971192853,0.00595540334397801,-14951.1274846063
929,931,8,4.0124,1.6258,-1.5798,4.1912,1.7148,-1.5704,0.0993,0.2,0.4314,0.3922,0.1961,22.6035,"2",7.1173345375e-08,0.00865169520312063,0.000492966981610124,0.00013012045050199,0.00582572137278135,-14950.9943162291
930,932,8,4.1912,1.7148,-1.5704,4.3808,1.76,-1.6154,0.0993,0.2,0.4314,0.3922,0.1961,22.7725,"2",7.1414550625e-08,0.00865169520312063,0.000494633193185401,0.000130560253184309,0.00569560092231587,-14950.8641609112
931,933,8,4.3808,1.76,-1.6154,4.5693,1.8028,-1.6669,0.0993,0.2,0.4314,0.3922,0.1961,22.9421,"2",7.1656612225e-08,0.00865169520312063,0.000496305408194351,0.000131001640495058,0.00556504066892803,-14950.7370288377
932,934,8,4.5693,1.8028,-1.6669,4.7481,1.7781,-1.753,0.0993,0.2,0.4314,0.3922,0.1961,23.1122,"2",7.189938745e-08,0.00865169520312063,0.000497982639335462,0.000131444351832366,0.00543403902850867,-14950.6129302273
933,935,8,4.7481,1.7781,-1.753,4.9193,1.7375,-1.848,0.0993,0.2,0.4314,0.3922,0.1961,23.283,"2",7.214316175e-08,0.00865169520312063,0.000499666864913277,0.000131888909377004,0.00530259467648801,-14950.4918753356
934,936,8,4.9193,1.7375,-1.848,5.0999,1.6955,-1.923,0.0993,0.2,0.4314,0.3922,0.1961,23.4543,"2",7.2387649675e-08,0.00865169520312063,0.000501356109132533,0.000132334791610535,0.00517070576692366,-14950.3738744545
935,937,8,5.0999,1.6955,-1.923,5.2803,1.6498,-1.9963,0.0993,0.2,0.4314,0.3922,0.1961,23.6262,"2",7.263299395e-08,0.00865169520312063,0.000503051361787403,0.000132782259792777,0.00503837097551047,-14950.2589379099
936,938,8,5.2803,1.6498,-1.9963,5.4626,1.5833,-2.0446,0.0993,0.2,0.4314,0.3922,0.1961,23.7987,"2",7.2879194575e-08,0.00865169520312063,0.00050475262415729,0.000133231314261433,0.00490558871569823,-14950.1470760641
937,939,8,5.4626,1.5833,-2.0446,5.635,1.5437,-2.1379,0.0993,0.2,0.4314,0.3922,0.1961,23.9718,"2",7.312625155e-08,0.00865169520312063,0.000506459897535127,0.000133681955357777,0.00477235740161031,-14950.0382993162
938,940,8,5.635,1.5437,-2.1379,5.8179,1.5273,-2.2173,0.0993,0.2,0.4314,0.3922,0.1961,24.1455,"2",7.3374164875e-08,0.00865169520312063,0.000508173183227444,0.000134134183426672,0.00463867544606783,-14949.9326181019
939,941,8,5.8179,1.5273,-2.2173,5.9904,1.5203,-2.3182,0.0993,0.2,0.4314,0.3922,0.1961,24.3198,"2",7.362293455e-08,0.00865169520312063,0.000509892482554429,0.000134587998816588,0.00450454126260505,-14949.8300428936
940,942,8,5.9904,1.5203,-2.3182,6.1813,1.5162,-2.3777,0.0993,0.2,0.4314,0.3922,0.1961,24.4947,"2",7.3872560575e-08,0.00865169520312063,0.000511617796849991,0.000135043401879615,0.00436995326371276,-14949.7305842006
941,943,8,6.1813,1.5162,-2.3777,6.3701,1.4971,-2.4407,0.0993,0.2,0.4314,0.3922,0.1961,24.6702,"2",7.412304295e-08,0.00865169520312063,0.000513349127461828,0.000135500392971481,0.00423490986182198,-14949.6342525687
942,944,8,6.3701,1.4971,-2.4407,6.5538,1.4678,-2.5143,0.0993,0.2,0.4314,0.3922,0.1961,24.8464,"2",7.43745244e-08,0.00865169520312063,0.000515087464206361,0.000135959233357878,0.00409940946883105,-14949.5410585833
943,945,8,6.5538,1.4678,-2.5143,6.734,1.4245,-2.5894,0.0993,0.2,0.4314,0.3922,0.1961,25.0231,"2",7.4626719475e-08,0.00865169520312063,0.000516830831543342,0.00013641940158768,0.00396345023517732,-14949.4510128669
944,946,8,6.734,1.4245,-2.5894,6.8981,1.375,-2.6925,0.0993,0.2,0.4314,0.3922,0.1961,25.2005,"2",7.4879913625e-08,0.00865169520312063,0.000518581207766209,0.000136881419838727,0.00382703083384286,-14949.3641260784
945,947,8,6.8981,1.375,-2.6925,7.0616,1.3255,-2.7965,0.0993,0.2,0.4314,0.3922,0.1961,25.3785,"2",7.5133964125e-08,0.00865169520312063,0.000520337605824438,0.000137345027575397,0.00369014941415469,-14949.2804089166
946,948,8,7.0616,1.3255,-2.7965,7.2203,1.2893,-2.9127,0.0993,0.2,0.4314,0.3922,0.1961,25.5572,"2",7.53890137e-08,0.00865169520312063,0.000522101015567924,0.000137810486072217,0.00355280438662786,-14949.1998721201
947,949,8,7.2203,1.2893,-2.9127,7.3889,1.2378,-3.0072,0.0993,0.2,0.4314,0.3922,0.1961,25.7365,"2",7.5644919625e-08,0.00865169520312063,0.000523870449987457,0.00013827753480447,0.00341499390018096,-14949.1225264672
948,950,8,7.3889,1.2378,-3.0072,7.5553,1.1774,-3.1002,0.0993,0.2,0.4314,0.3922,0.1961,25.9164,"2",7.59016819e-08,0.00865169520312063,0.000525645910530805,0.000138746174154299,0.00327671636550209,-14949.0483827729
949,951,8,7.5553,1.1774,-3.1002,7.7101,1.1062,-3.2049,0.0993,0.2,0.4314,0.3922,0.1961,26.097,"2",7.615944325e-08,0.00865169520312063,0.00052742838707615,0.000139216665403696,0.0031379701915006,-14948.9774518922
950,952,8,7.7101,1.1062,-3.2049,7.8482,1.0607,-3.3423,0.0993,0.2,0.4314,0.3922,0.1961,26.2782,"2",7.641806095e-08,0.00865169520312063,0.000529216892674741,0.000139688748043904,0.00299875352600812,-14948.9097447197
951,953,8,7.8482,1.0607,-3.3423,7.9896,1.0148,-3.476,0.0993,0.2,0.4314,0.3922,0.1961,26.4601,"2",7.6677677725e-08,0.00865169520312063,0.000531012417225342,0.000140162683362348,0.00285906477787109,-14948.8452721898
952,954,8,7.9896,1.0148,-3.476,8.157,0.9542,-3.5671,0.0993,0.2,0.4314,0.3922,0.1961,26.6427,"2",7.6938293575e-08,0.00865169520312063,0.000532814962221786,0.00014063847175333,0.00271890209457383,-14948.78404528
953,955,8,8.157,0.9542,-3.5671,8.2699,0.8982,-3.7225,0.0993,0.2,0.4314,0.3922,0.1961,26.8259,"2",7.7199765775e-08,0.00865169520312063,0.000534623540775345,0.000141115852723935,0.0025782636227635,-14948.7260750074
954,956,8,8.2699,0.8982,-3.7225,8.3495,0.8092,-3.8829,0.0993,0.2,0.4314,0.3922,0.1961,27.0098,"2",7.746223705e-08,0.00865169520312063,0.000536439142818278,0.000141595087570429,0.00243714776985503,-14948.6713724288
955,957,8,8.3495,0.8092,-3.8829,8.4374,0.7217,-4.0398,0.0993,0.2,0.4314,0.3922,0.1961,27.1944,"2",7.77257074e-08,0.00865169520312063,0.00053826176989217,0.00014207617669972,0.00229555268211234,-14948.6199486442
956,958,8,8.4374,0.7217,-4.0398,8.52,0.6635,-4.2124,0.0993,0.2,0.4314,0.3922,0.1961,27.3796,"2",7.79900341e-08,0.00865169520312063,0.000540090435167018,0.000142558859634393,0.00215347650544977,-14948.5718147933
957,959,8,8.52,0.6635,-4.2124,8.6028,0.6029,-4.3841,0.0993,0.2,0.4314,0.3922,0.1961,27.5656,"2",7.82555026e-08,0.00865169520312063,0.000541927116996041,0.000143043658568068,0.00201091764577493,-14948.5269820586
958,960,8,8.6028,0.6029,-4.3841,8.6782,0.564,-4.5652,0.0993,0.2,0.4314,0.3922,0.1961,27.7522,"2",7.852182745e-08,0.00865169520312063,0.000543769840196941,0.000143530052144101,0.00186787398704306,-14948.4854616655
959,961,8,8.6782,0.564,-4.5652,8.7489,0.5367,-4.7503,0.0993,0.2,0.4314,0.3922,0.1961,27.9395,"2",7.8789151375e-08,0.00865169520312063,0.000545619594764299,0.000144018301675209,0.00172434393499065,-14948.4472648795
960,962,8,8.7489,0.5367,-4.7503,8.8237,0.533,-4.9358,0.0993,0.2,0.4314,0.3922,0.1961,28.1276,"2",7.90576171e-08,0.00865169520312063,0.000547477370698175,0.000144508668475553,0.00158032563334087,-14948.4124030117
961,963,8,8.8237,0.533,-4.9358,8.9103,0.5184,-5.1154,0.0993,0.2,0.4314,0.3922,0.1961,28.3163,"2",7.9326939175e-08,0.00865169520312063,0.000549341192883122,0.000145000631206138,0.00143581696458988,-14948.3808874164
962,964,8,8.9103,0.5184,-5.1154,8.9955,0.5205,-5.2964,0.0993,0.2,0.4314,0.3922,0.1961,28.5058,"2",7.959740305e-08,0.00865169520312063,0.000551213039727766,0.000145494712075206,0.001290816333463,-14948.3527294907
963,965,8,8.9955,0.5205,-5.2964,9.0759,0.5344,-5.4789,0.0993,0.2,0.4314,0.3922,0.1961,28.696,"2",7.9868866e-08,0.00865169520312063,0.000553091924530099,0.000145990650639128,0.00114532162147152,-14948.3279406776
964,966,8,9.0759,0.5344,-5.4789,9.1901,0.5725,-5.6387,0.0993,0.2,0.4314,0.3922,0.1961,28.8869,"2",8.0141328025e-08,0.00865169520312063,0.000554977848981876,0.00014648844734445,0.00099933097061507,-14948.3065324632
965,967,8,9.1901,0.5725,-5.6387,9.3024,0.6098,-5.7999,0.0993,0.2,0.4314,0.3922,0.1961,29.0785,"2",8.0414789125e-08,0.00865169520312063,0.000556870814791943,0.000146988102642228,0.000852842523250327,-14948.2885163765
966,968,8,9.3024,0.6098,-5.7999,9.3904,0.6308,-5.9783,0.0993,0.2,0.4314,0.3922,0.1961,29.2709,"2",8.0689392025e-08,0.00865169520312063,0.000558771812053046,0.000147489877871087,0.000705854420433523,-14948.2739039923
967,969,8,9.3904,0.6308,-5.9783,9.4417,0.6408,-6.1713,0.0993,0.2,0.4314,0.3922,0.1961,29.464,"2",8.0964994e-08,0.00865169520312063,0.00056067985414023,0.000147993512607739,0.000558364542844977,-14948.2627069317
968,970,8,9.4417,0.6408,-6.1713,9.4738,0.6156,-6.3671,0.0993,0.2,0.4314,0.3922,0.1961,29.6578,"2",8.124159505e-08,0.00865169520312063,0.000562594942815044,0.00014849900731715,0.000410371030075076,-14948.2549368587
969,971,8,9.4738,0.6156,-6.3671,9.5031,0.5921,-6.5636,0.0993,0.2,0.4314,0.3922,0.1961,29.8524,"2",8.15193379e-08,0.00865169520312063,0.00056451806822127,0.000149006623351418,0.000261872022622212,-14948.2506054831
970,972,8,9.5031,0.5921,-6.5636,9.5237,0.5745,-6.7122,0.0993,0.1511,0.4314,0.3922,0.1961,30,"2",8.173e-08,0.00865169520312063,0.000427595469862473,0.000112865399198518,0.000112865399223574,-14948.2496198981
12,973,9,0.01,-0.0305,-1.4828,-0.1364,-0.1574,-1.5324,0.1887,0.2,0.4314,0.3922,0.1961,18.9441,"2",7.0312e-08,0.00865169520312063,0.000925681556065785,0.00024433705621267,0.00628270115570897,-14954.6693926866
972,974,9,-0.1364,-0.1574,-1.5324,-0.2885,-0.2809,-1.5728,0.0421,0.2,0.4314,0.3922,0.1961,19.0227,"2",7.0312e-08,0.00865169520312063,0.000206522630421904,5.4512408968208e-05,0.00603836409984507,-14954.5304347665
973,975,9,-0.2885,-0.2809,-1.5728,-0.4468,-0.3907,-1.6264,0.0421,0.2,0.4314,0.3922,0.1961,19.1016,"2",7.0312e-08,0.00865169520312063,0.000206520681011437,5.45118944141351e-05,0.00598385169066029,-14954.392736996
974,976,9,-0.4468,-0.3907,-1.6264,-0.5924,-0.4765,-1.7334,0.0421,0.2,0.4314,0.3922,0.1961,19.1807,"2",7.0312e-08,0.00865169520312063,0.000206518749359775,5.45113845475642e-05,0.00592933979628175,-14954.2562993633
975,977,9,-0.5924,-0.4765,-1.7334,-0.7506,-0.5419,-1.8368,0.0421,0.2,0.4314,0.3922,0.1961,19.2601,"2",7.0312e-08,0.00865169520312063,0.000206516835466752,5.45108793684517e-05,0.00587482841170032,-14954.1211218567
976,978,9,-0.7506,-0.5419,-1.8368,-0.9096,-0.5944,-1.9461,0.0421,0.2,0.4314,0.3922,0.1961,19.3397,"2",7.0312e-08,0.00865169520312063,0.000206514939332205,5.45103788767539e-05,0.00582031753237943,-14953.9872044644
977,979,9,-0.9096,-0.5944,-1.9461,-1.0586,-0.656,-2.0645,0.0421,0.2,0.4314,0.3922,0.1961,19.4196,"2",7.0312e-08,0.00865169520312063,0.000206513060955968,5.45098830724279e-05,0.00576580715340448,-14953.854547175
978,980,9,-1.0586,-0.656,-2.0645,-1.1872,-0.706,-2.2092,0.0421,0.2,0.4314,0.3922,0.1961,19.4998,"2",7.0312e-08,0.00865169520312063,0.000206511200337882,5.4509391955431e-05,0.00571129727033338,-14953.7231499771
979,981,9,-1.1872,-0.706,-2.2092,-1.3121,-0.6875,-2.3643,0.0421,0.2,0.4314,0.3922,0.1961,19.5802,"2",7.0312e-08,0.00865169520312063,0.000206509357477786,5.45089055257211e-05,0.00565678787844056,-14953.5930128594
980,982,9,-1.3121,-0.6875,-2.3643,-1.4213,-0.661,-2.5298,0.0421,0.2,0.4314,0.3922,0.1961,19.6608,"2",7.0312e-08,0.00865169520312063,0.000206507532375522,5.45084237832562e-05,0.0056022789728114,-14953.4641358107
981,983,9,-1.4213,-0.661,-2.5298,-1.5489,-0.6178,-2.6776,0.0421,0.2,0.4314,0.3922,0.1961,19.7418,"2",7.0312e-08,0.00865169520312063,0.000206505725030933,5.45079467279949e-05,0.00554777054900383,-14953.3365188199
982,984,9,-1.5489,-0.6178,-2.6776,-1.6789,-0.5738,-2.8231,0.0421,0.2,0.4314,0.3922,0.1961,19.8229,"2",7.0312e-08,0.00865169520312063,0.000206503935443863,5.45074743598963e-05,0.00549326260219775,-14953.210161876
983,985,9,-1.6789,-0.5738,-2.8231,-1.7905,-0.5252,-2.9818,0.0421,0.2,0.4314,0.3922,0.1961,19.9044,"2",7.0312e-08,0.00865169520312063,0.000206502163614158,5.45070066789197e-05,0.00543875512785658,-14953.0850649682
984,986,9,-1.7905,-0.5252,-2.9818,-1.9087,-0.4732,-3.1345,0.0421,0.2,0.4314,0.3922,0.1961,19.9861,"2",7.0312e-08,0.00865169520312063,0.000206500409541666,5.45065436850249e-05,0.00538424812106572,-14952.9612280858
985,987,9,-1.9087,-0.4732,-3.1345,-2.0353,-0.3967,-3.2691,0.0421,0.2,0.4314,0.3922,0.1961,20.0681,"2",7.0312e-08,0.00865169520312063,0.000206498673226237,5.45060853781721e-05,0.00532974157728859,-14952.8386512179
986,988,9,-2.0353,-0.3967,-3.2691,-2.1802,-0.326,-3.3875,0.0421,0.2,0.4314,0.3922,0.1961,20.1503,"2",7.0312e-08,0.00865169520312063,0.00020649695466772,5.45056317583218e-05,0.00527523549198862,-14952.7173343543
987,989,9,-2.1802,-0.326,-3.3875,-2.3254,-0.255,-3.5054,0.0421,0.2,0.4314,0.3922,0.1961,20.2329,"2",7.0312e-08,0.00865169520312063,0.000206495253865969,5.45051828254351e-05,0.00522072986015668,-14952.5972774842
988,990,9,-2.3254,-0.255,-3.5054,-2.4708,-0.181,-3.621,0.0421,0.2,0.4314,0.3922,0.1961,20.3157,"2",7.0312e-08,0.00865169520312063,0.000206493570820837,5.45047385794734e-05,0.0051662246772562,-14952.4784805976
989,991,9,-2.4708,-0.181,-3.621,-2.6197,-0.1214,-3.7405,0.0421,0.2,0.4314,0.3922,0.1961,20.3987,"2",7.0312e-08,0.00865169520312063,0.000206491905532178,5.45042990203984e-05,0.0051117199387506,-14952.3609436841
990,992,9,-2.6197,-0.1214,-3.7405,-2.7562,-0.0753,-3.8792,0.0421,0.2,0.4314,0.3922,0.1961,20.4821,"2",7.0312e-08,0.00865169520312063,0.000206490257999851,5.45038641481724e-05,0.00505721563963077,-14952.2446667337
991,993,9,-2.7562,-0.0753,-3.8792,-2.8689,-0.0283,-4.0376,0.0421,0.2,0.4314,0.3922,0.1961,20.5657,"2",7.0312e-08,0.00865169520312063,0.000206488628223713,5.45034339627579e-05,0.00500271177545464,-14952.1296497363
992,994,9,-2.8689,-0.0283,-4.0376,-2.9781,0.0194,-4.1982,0.0421,0.2,0.4314,0.3922,0.1961,20.6496,"2",7.0312e-08,0.00865169520312063,0.000206487016203624,5.4503008464118e-05,0.00494820834159112,-14952.0158926821
993,995,9,-2.9781,0.0194,-4.1982,-3.072,0.0803,-4.3639,0.0421,0.2,0.4314,0.3922,0.1961,20.7338,"2",7.0312e-08,0.00865169520312063,0.000206485421939445,5.45025876522161e-05,0.00489370533303109,-14951.9033955612
994,996,9,-3.072,0.0803,-4.3639,-3.1549,0.1344,-4.5378,0.0421,0.2,0.4314,0.3922,0.1961,20.8183,"2",7.0312e-08,0.00865169520312063,0.000206483845431041,5.4502171527016e-05,0.00483920274523798,-14951.7921583641
995,997,9,-3.1549,0.1344,-4.5378,-3.212,0.1755,-4.725,0.0421,0.2,0.4314,0.3922,0.1961,20.903,"2",7.0312e-08,0.00865169520312063,0.000206482286678274,5.45017600884819e-05,0.00478470057367521,-14951.6821810811
996,998,9,-3.212,0.1755,-4.725,-3.2758,0.2109,-4.9112,0.0421,0.2,0.4314,0.3922,0.1961,20.9881,"2",7.0312e-08,0.00865169520312063,0.00020648074568101,5.45013533365785e-05,0.00473019881352269,-14951.5734637027
997,999,9,-3.2758,0.2109,-4.9112,-3.3188,0.2291,-5.1057,0.0421,0.2,0.4314,0.3922,0.1961,21.0734,"2",7.0312e-08,0.00865169520312063,0.000206479222439119,5.45009512712707e-05,0.00467569746033834,-14951.4660062197
998,1000,9,-3.3188,0.2291,-5.1057,-3.3532,0.2553,-5.3009,0.0421,0.2,0.4314,0.3922,0.1961,21.159,"2",7.0312e-08,0.00865169520312063,0.000206477716952467,5.4500553892524e-05,0.00462119650892403,-14951.3598086228
999,1001,9,-3.3532,0.2553,-5.3009,-3.4086,0.244,-5.4928,0.0421,0.2,0.4314,0.3922,0.1961,21.2449,"2",7.0312e-08,0.00865169520312063,0.000206476229220926,5.45001612003042e-05,0.00456669595502671,-14951.2548709029
1000,1002,9,-3.4086,0.244,-5.4928,-3.4741,0.1923,-5.6745,0.0421,0.2,0.4314,0.3922,0.1961,21.3312,"2",7.0312e-08,0.00865169520312063,0.000206474759244369,5.44997731945775e-05,0.00451219579382627,-14951.1511930508
1001,1003,9,-3.4741,0.1923,-5.6745,-3.5538,0.0939,-5.8294,0.0421,0.2,0.4314,0.3922,0.1961,21.4177,"2",7.0312e-08,0.00865169520312063,0.000206473307022667,5.44993898753106e-05,0.00445769602069164,-14951.0487750578
1002,1004,9,-3.5538,0.0939,-5.8294,-3.6354,-0.0036,-5.9838,0.0421,0.2,0.4314,0.3922,0.1961,21.5045,"2",7.0312e-08,0.00865169520312063,0.000206471872555698,5.44990112424706e-05,0.00440319663061369,-14950.9476169151
1003,1005,9,-3.6354,-0.0036,-5.9838,-3.6852,-0.1455,-6.1156,0.0421,0.2,0.4314,0.3922,0.1961,21.5916,"2",7.0312e-08,0.00865169520312063,0.000206470455843337,5.44986372960248e-05,0.00434869761933937,-14950.8477186138
1004,1006,9,-3.6852,-0.1455,-6.1156,-3.729,-0.3058,-6.2269,0.0421,0.2,0.4314,0.3922,0.1961,21.679,"2",7.0312e-08,0.00865169520312063,0.000206469056885462,5.44982680359411e-05,0.00429419898204859,-14950.7490801454
1005,1007,9,-3.729,-0.3058,-6.2269,-3.7744,-0.4665,-6.3369,0.0421,0.2,0.4314,0.3922,0.1961,21.7667,"2",7.0312e-08,0.00865169520312063,0.000206467675681954,5.44979034621877e-05,0.00423970071401574,-14950.6517015015
1006,1008,9,-3.7744,-0.4665,-6.3369,-3.8386,-0.625,-6.4407,0.0421,0.2,0.4314,0.3922,0.1961,21.8548,"2",7.0312e-08,0.00865169520312063,0.000206466312232693,5.44975435747334e-05,0.00418520281042073,-14950.5555826737
1007,1009,9,-3.8386,-0.625,-6.4407,-3.9167,-0.7758,-6.5462,0.0421,0.2,0.4314,0.3922,0.1961,21.9431,"2",7.0312e-08,0.00865169520312063,0.000206464966537562,5.44971883735471e-05,0.00413070526691601,-14950.4607236536
1008,1010,9,-3.9167,-0.7758,-6.5462,-3.9762,-0.9337,-6.6537,0.0421,0.2,0.4314,0.3922,0.1961,22.0318,"2",7.035738655e-08,0.00865169520312063,0.000206596911329275,5.45320156873016e-05,0.00407620807834664,-14950.3671248398
1009,1011,9,-3.9762,-0.9337,-6.6537,-4.0738,-1.0741,-6.7573,0.0421,0.2,0.4314,0.3922,0.1961,22.1207,"2",7.0484269075e-08,0.00865169520312063,0.000206968174860136,5.46300120637177e-05,0.0040216760627203,-14950.2747877675
1010,1012,9,-4.0738,-1.0741,-6.7573,-4.1718,-1.2258,-6.8432,0.0421,0.2,0.4314,0.3922,0.1961,22.21,"2",7.06117225e-08,0.00865169520312063,0.000207341127900875,5.4728454392489e-05,0.00396704605092689,-14950.1837147072
1011,1013,9,-4.1718,-1.2258,-6.8432,-4.2511,-1.3802,-6.9426,0.0421,0.2,0.4314,0.3922,0.1961,22.2996,"2",7.07396041e-08,0.00865169520312063,0.000207715351460286,5.48272320793432e-05,0.00391231759623159,-14950.0939079385
1012,1014,9,-4.2511,-1.3802,-6.9426,-4.3344,-1.5272,-7.0497,0.0421,0.2,0.4314,0.3922,0.1961,22.3896,"2",7.08680566e-08,0.00865169520312063,0.000208091264731024,5.49264557717259e-05,0.00385749036404534,-14950.0053697499
1013,1015,9,-4.3344,-1.5272,-7.0497,-4.3752,-1.6876,-7.1619,0.0421,0.2,0.4314,0.3922,0.1961,22.4798,"2",7.099679455e-08,0.00865169520312063,0.000208468029645594,5.5025904258635e-05,0.00380256390826437,-14949.9181024377
1014,1016,9,-4.3752,-1.6876,-7.1619,-4.4095,-1.8482,-7.2761,0.0421,0.2,0.4314,0.3922,0.1961,22.5704,"2",7.11261034e-08,0.00865169520312063,0.000208846484482432,5.51257988067508e-05,0.00374753800411873,-14949.8321083062
1015,1017,9,-4.4095,-1.8482,-7.2761,-4.4106,-2.0197,-7.379,0.0421,0.2,0.4314,0.3922,0.1961,22.6613,"2",7.1255840425e-08,0.00865169520312063,0.000209226210264893,5.52260288256452e-05,0.00369241220529391,-14949.7473896683
1016,1018,9,-4.4106,-2.0197,-7.379,-4.421,-2.1816,-7.4959,0.0421,0.2,0.4314,0.3922,0.1961,22.7526,"2",7.138614835e-08,0.00865169520312063,0.000209607626179949,5.5326704961263e-05,0.00363718617652737,-14949.6639488463
1017,1019,9,-4.421,-2.1816,-7.4959,-4.4504,-2.3082,-7.6479,0.0421,0.2,0.4314,0.3922,0.1961,22.8441,"2",7.1516741725e-08,0.00865169520312063,0.000209989894184096,5.54276060089348e-05,0.00358185947158184,-14949.58178817
1018,1020,9,-4.4504,-2.3082,-7.6479,-4.4269,-2.3867,-7.8304,0.0421,0.2,0.4314,0.3922,0.1961,22.936,"2",7.1647906e-08,0.00865169520312063,0.000210373852540415,5.55289532312887e-05,0.0035264318653945,-14949.5009099772
1019,1021,9,-4.4269,-2.3867,-7.8304,-4.3411,-2.4562,-7.9971,0.0421,0.2,0.4314,0.3922,0.1961,23.0283,"2",7.1779641175e-08,0.00865169520312063,0.000210759501355685,5.56307466565086e-05,0.00347090291217889,-14949.4213166159
1020,1022,9,-4.3411,-2.4562,-7.9971,-4.2564,-2.5256,-8.1645,0.0421,0.2,0.4314,0.3922,0.1961,23.1209,"2",7.1911804525e-08,0.00865169520312063,0.000211146421670828,5.57328756988035e-05,0.00341527216562826,-14949.343010443
1021,1023,9,-4.2564,-2.5256,-8.1645,-4.184,-2.5872,-8.3404,0.0421,0.2,0.4314,0.3922,0.1961,23.2138,"2",7.204439605e-08,0.00865169520312063,0.000211534613601808,5.5835340388782e-05,0.00335953928982223,-14949.2659938233
1022,1024,9,-4.184,-2.5872,-8.3404,-4.1137,-2.6513,-8.5164,0.0421,0.2,0.4314,0.3922,0.1961,23.3071,"2",7.2177558475e-08,0.00865169520312063,0.000211924496328336,5.59382513704731e-05,0.00330370394934175,-14949.1902691307
1023,1025,9,-4.1137,-2.6513,-8.5164,-4.0431,-2.7362,-8.6831,0.0421,0.2,0.4314,0.3922,0.1961,23.4007,"2",7.2311149075e-08,0.00865169520312063,0.000212315650901449,5.60414980607548e-05,0.00324776569795054,-14949.115838748
1024,1026,9,-4.0431,-2.7362,-8.6831,-3.9797,-2.8077,-8.8588,0.0421,0.2,0.4314,0.3922,0.1961,23.4947,"2",7.2445310575e-08,0.00865169520312063,0.000212708496498811,5.61451911031152e-05,0.00319172419991655,-14949.0427050671
1025,1027,9,-3.9797,-2.8077,-8.8588,-3.9276,-2.8828,-9.0367,0.0421,0.2,0.4314,0.3922,0.1961,23.589,"2",7.257990025e-08,0.00865169520312063,0.000213102614178081,5.62492199161808e-05,0.00313557900850108,-14948.9708704889
1026,1028,9,-3.9276,-2.8828,-9.0367,-3.8649,-2.9435,-9.2166,0.0421,0.2,0.4314,0.3922,0.1961,23.6837,"2",7.2715060825e-08,0.00865169520312063,0.000213498423115038,5.6353695142942e-05,0.00307932978876551,-14948.9003374235
1027,1029,9,-3.8649,-2.9435,-9.2166,-3.791,-3.0085,-9.3908,0.0421,0.2,0.4314,0.3922,0.1961,23.7788,"2",7.28507923e-08,0.00865169520312063,0.000213895923426187,5.64586168141511e-05,0.0030229760939229,-14948.8311082911
1028,1030,9,-3.791,-3.0085,-9.3908,-3.7195,-3.0701,-9.5671,0.0421,0.2,0.4314,0.3922,0.1961,23.8742,"2",7.298695195e-08,0.00865169520312063,0.000214294696178949,5.65638743510105e-05,0.00296651747709853,-14948.7631855211
1029,1031,9,-3.7195,-3.0701,-9.5671,-3.6653,-3.1586,-9.7381,0.0421,0.2,0.4314,0.3922,0.1961,23.97,"2",7.31236825e-08,0.00865169520312063,0.000214695160546654,5.66695783958647e-05,0.0029099536027385,-14948.6965715518
1030,1032,9,-3.6653,-3.1586,-9.7381,-3.6272,-3.2482,-9.9128,0.0421,0.2,0.4314,0.3922,0.1961,24.0661,"2",7.3260841225e-08,0.00865169520312063,0.00021509689760301,5.6775618371576e-05,0.00285328402432392,-14948.6312688307
1031,1033,9,-3.6272,-3.2482,-9.9128,-3.5653,-3.3128,-10.0917,0.0421,0.2,0.4314,0.3922,0.1961,24.1626,"2",7.339857085e-08,0.00865169520312063,0.000215500326519873,5.68821049200995e-05,0.00279650840606896,-14948.5672798143
1032,1034,9,-3.5653,-3.3128,-10.0917,-3.4943,-3.3738,-10.2684,0.0421,0.2,0.4314,0.3922,0.1961,24.2595,"2",7.3536871375e-08,0.00865169520312063,0.000215905447420026,5.69890380738445e-05,0.00273962630123411,-14948.5046069693
1033,1035,9,-3.4943,-3.3738,-10.2684,-3.4237,-3.4348,-10.4453,0.0421,0.2,0.4314,0.3922,0.1961,24.3568,"2",7.36757428e-08,0.00865169520312063,0.000216312260427582,5.70964178655708e-05,0.00268263726290351,-14948.4432527729
1034,1036,9,-3.4237,-3.4348,-10.4453,-3.409,-3.4544,-10.6438,0.0421,0.2,0.4314,0.3922,0.1961,24.4544,"2",7.38150424e-08,0.00865169520312063,0.000216720346628572,5.72041337213935e-05,0.00262554084485295,-14948.3832197112
1035,1037,9,-3.409,-3.4544,-10.6438,-3.339,-3.4977,-10.826,0.0421,0.2,0.4314,0.3922,0.1961,24.5524,"2",7.39549129e-08,0.00865169520312063,0.000217130125192547,5.73122962826595e-05,0.0025683367113174,-14948.3245102795
1036,1038,9,-3.339,-3.4977,-10.826,-3.306,-3.514,-11.0226,0.0421,0.2,0.4314,0.3922,0.1961,24.6509,"2",7.4095497025e-08,0.00865169520312063,0.000217542015283528,5.74210161892559e-05,0.00251102441491317,-14948.2671269845
1037,1039,9,-3.306,-3.514,-11.0226,-3.2815,-3.548,-11.2182,0.0421,0.2,0.4314,0.3922,0.1961,24.7497,"2",7.4236509325e-08,0.00865169520312063,0.000217955178957139,5.75300722626781e-05,0.00245360339878646,-14948.2110723435
1038,1040,9,-3.2815,-3.548,-11.2182,-3.254,-3.5735,-11.4146,0.0421,0.2,0.4314,0.3922,0.1961,24.8488,"2",7.43779498e-08,0.00865169520312063,0.000218369616348906,5.76394645386995e-05,0.00239607332654735,-14948.1563488813
1039,1041,9,-3.254,-3.5735,-11.4146,-3.2254,-3.5779,-11.6125,0.0421,0.2,0.4314,0.3922,0.1961,24.9484,"2",7.45201039e-08,0.00865169520312063,0.000218786165658046,5.77494142630899e-05,0.00233843386188452,-14948.1029591332
1040,1042,9,-3.2254,-3.5779,-11.6125,-3.1948,-3.563,-11.8096,0.0421,0.2,0.4314,0.3922,0.1961,25.0484,"2",7.46628289e-08,0.00865169520312063,0.000219204407983499,5.78598108653719e-05,0.00228068444767114,-14948.0509056461
1041,1043,9,-3.1948,-3.563,-11.8096,-3.1751,-3.5637,-12.0086,0.0421,0.2,0.4314,0.3922,0.1961,25.1488,"2",7.48061248e-08,0.00865169520312063,0.000219624343459999,5.79706543811088e-05,0.00222282463667322,-14948.0001909771
1042,1044,9,-3.1751,-3.5637,-12.0086,-3.1456,-3.4995,-12.1957,0.0421,0.2,0.4314,0.3922,0.1961,25.2496,"2",7.49499916e-08,0.00865169520312063,0.000220045972223644,5.80819448462246e-05,0.00216485398237054,-14947.9508176937
1043,1045,9,-3.1456,-3.4995,-12.1957,-3.1129,-3.4604,-12.3891,0.0421,0.2,0.4314,0.3922,0.1961,25.3508,"2",7.50944293e-08,0.00865169520312063,0.000220469294411905,5.81936822970048e-05,0.00210677203758281,-14947.9027883739
1044,1046,9,-3.1129,-3.4604,-12.3891,-3.0742,-3.4245,-12.5821,0.0421,0.2,0.4314,0.3922,0.1961,25.4524,"2",7.52394379e-08,0.00865169520312063,0.000220894310163626,5.83058667700982e-05,0.0020485783550431,-14947.8561056057
1045,1047,9,-3.0742,-3.4245,-12.5821,-3.0265,-3.3815,-12.7715,0.0421,0.2,0.4314,0.3922,0.1961,25.5544,"2",7.53850174e-08,0.00865169520312063,0.000221321019619031,5.84184983025173e-05,0.00199027248826805,-14947.8107719878
1046,1048,9,-3.0265,-3.3815,-12.7715,-3.0023,-3.3193,-12.96,0.0421,0.2,0.4314,0.3922,0.1961,25.6568,"2",7.55311678e-08,0.00865169520312063,0.000221749422919728,5.85315769316402e-05,0.00193185399008199,-14947.7667901289
1047,1049,9,-3.0023,-3.3193,-12.96,-2.979,-3.2562,-13.1483,0.0421,0.2,0.4314,0.3922,0.1961,25.7597,"2",7.5678031825e-08,0.00865169520312063,0.000222179939229024,5.86452132971652e-05,0.0018733224131849,-14947.7241626496
1048,1050,9,-2.979,-3.2562,-13.1483,-2.9707,-3.2113,-13.3431,0.0421,0.2,0.4314,0.3922,0.1961,25.863,"2",7.582546675e-08,0.00865169520312063,0.000222612149668637,5.87592968346273e-05,0.00181467719997141,-14947.6828921819
1049,1051,9,-2.9707,-3.2113,-13.3431,-2.9681,-3.168,-13.5383,0.0421,0.2,0.4314,0.3922,0.1961,25.9667,"2",7.5973472575e-08,0.00865169520312063,0.00022304605438451,5.88738275825486e-05,0.00175591790282553,-14947.6429813682
1050,1052,9,-2.9681,-3.168,-13.5383,-2.9663,-3.1375,-13.7359,0.0421,0.2,0.4314,0.3922,0.1961,26.0708,"2",7.61220493e-08,0.00865169520312063,0.000223481653523988,5.89888055798214e-05,0.00169704407565098,-14947.6044328614
1051,1053,9,-2.9663,-3.1375,-13.7359,-2.9427,-3.0831,-13.927,0.0421,0.2,0.4314,0.3922,0.1961,26.1754,"2",7.627133965e-08,0.00865169520312063,0.000223919366251566,5.91043414664581e-05,0.00163805527011595,-14947.5672493257
1052,1054,9,-2.9427,-3.0831,-13.927,-2.9333,-3.0168,-14.1154,0.0421,0.2,0.4314,0.3922,0.1961,26.2804,"2",7.64212009e-08,0.00865169520312063,0.000224358773699617,5.92203246808056e-05,0.00157895092867897,-14947.5314334372
1053,1055,9,-2.9333,-3.0168,-14.1154,-2.9203,-2.966,-14.3084,0.0421,0.2,0.4314,0.3922,0.1961,26.3859,"2",7.6571775775e-08,0.00865169520312063,0.000224800295033573,5.93368658631235e-05,0.00151973060371433,-14947.4969878835
1054,1056,9,-2.9203,-2.966,-14.3084,-2.9065,-2.915,-14.5013,0.0421,0.2,0.4314,0.3922,0.1961,26.4918,"2",7.672292155e-08,0.00865169520312063,0.000225243511391006,5.94538544531314e-05,0.00146039373807044,-14947.4639153638
1055,1057,9,-2.9065,-2.915,-14.5013,-2.8895,-2.8656,-14.6944,0.0421,0.2,0.4314,0.3922,0.1961,26.5981,"2",7.6874638225e-08,0.00865169520312063,0.000225688422926659,5.95712904916743e-05,0.0014009398838348,-14947.4322185877
1056,1058,9,-2.8895,-2.8656,-14.6944,-2.8633,-2.7735,-14.87,0.0421,0.2,0.4314,0.3922,0.1961,26.7049,"2",7.7027068525e-08,0.00865169520312063,0.000226135448807623,5.96892846194496e-05,0.00134136859303748,-14947.4019002764
1057,1059,9,-2.8633,-2.7735,-14.87,-2.839,-2.6738,-15.0416,0.0421,0.2,0.4314,0.3922,0.1961,26.8122,"2",7.718021245e-08,0.00865169520312063,0.000226584589189005,5.98078368773984e-05,0.00128167930847477,-14947.3729631641
1058,1060,9,-2.839,-2.6738,-15.0416,-2.8146,-2.5795,-15.2163,0.0421,0.2,0.4314,0.3922,0.1961,26.9199,"2",7.7333927275e-08,0.00865169520312063,0.000227035425218373,5.99268367078785e-05,0.0012218714716703,-14947.3454099964
1059,1061,9,-2.8146,-2.5795,-15.2163,-2.7917,-2.4933,-15.3953,0.0421,0.2,0.4314,0.3922,0.1961,27.0281,"2",7.7488355725e-08,0.00865169520312063,0.000227488376065033,6.00463947521722e-05,0.00116194463485587,-14947.3192435307
1060,1062,9,-2.7917,-2.4933,-15.3953,-2.7774,-2.4134,-15.5781,0.0421,0.2,0.4314,0.3922,0.1961,27.1368,"2",7.76434978e-08,0.00865169520312063,0.000227943441889107,6.01665110525442e-05,0.00110189824003399,-14947.2944665373
1061,1063,9,-2.7774,-2.4134,-15.5781,-2.7819,-2.3226,-15.7562,0.0421,0.2,0.4314,0.3922,0.1961,27.2459,"2",7.7799210775e-08,0.00865169520312063,0.000228400203845379,6.02870750532569e-05,0.00104173172878206,-14947.271081798
1062,1064,9,-2.7819,-2.3226,-15.7562,-2.7837,-2.2453,-15.9407,0.0421,0.2,0.4314,0.3922,0.1961,27.3555,"2",7.7955637375e-08,0.00865169520312063,0.000228859081105777,6.04081973962852e-05,0.00098144465354382,-14947.2490921064
1063,1065,9,-2.7837,-2.2453,-15.9407,-2.8072,-2.1683,-16.1238,0.0421,0.2,0.4314,0.3922,0.1961,27.4656,"2",7.81127776e-08,0.00865169520312063,0.000229320073835489,6.05298781252303e-05,0.000921036456509077,-14947.2285002688
1064,1066,9,-2.8072,-2.1683,-16.1238,-2.838,-2.0951,-16.3073,0.0421,0.2,0.4314,0.3922,0.1961,27.5762,"2",7.827063145e-08,0.00865169520312063,0.000229783182201452,6.06521172841563e-05,0.000860506578556748,-14947.2093091047
1065,1067,9,-2.838,-2.0951,-16.3073,-2.8378,-1.9971,-16.4816,0.0421,0.2,0.4314,0.3922,0.1961,27.6872,"2",7.84290562e-08,0.00865169520312063,0.000230247987367646,6.07748043197532e-05,0.000799854461321437,-14947.1915214449
1066,1068,9,-2.8378,-1.9971,-16.4816,-2.8421,-1.9165,-16.6647,0.0421,0.2,0.4314,0.3922,0.1961,27.7988,"2",7.85883373e-08,0.00865169520312063,0.000230715327514418,6.08981604728104e-05,0.000739079657083962,-14947.1751401334
1067,1069,9,-2.8421,-1.9165,-16.6647,-2.8621,-1.8283,-16.843,0.0421,0.2,0.4314,0.3922,0.1961,27.9108,"2",7.87481893e-08,0.00865169520312063,0.000231184364804975,6.10219645932205e-05,0.000678181496577263,-14947.1601680269
1068,1070,9,-2.8621,-1.8283,-16.843,-2.8696,-1.7471,-17.0257,0.0421,0.2,0.4314,0.3922,0.1961,28.0234,"2",7.890889765e-08,0.00865169520312063,0.000231655937421255,6.11464379221935e-05,0.000617159532098522,-14947.1466079952
1069,1071,9,-2.8696,-1.7471,-17.0257,-2.8777,-1.6671,-17.2088,0.0421,0.2,0.4314,0.3922,0.1961,28.1365,"2",7.9070319625e-08,0.00865169520312063,0.000232129626534824,6.12714699084213e-05,0.000556013093764041,-14947.1344629221
1070,1072,9,-2.8777,-1.6671,-17.2088,-2.8784,-1.5909,-17.3937,0.0421,0.2,0.4314,0.3922,0.1961,28.2501,"2",7.9232455225e-08,0.00865169520312063,0.000232605432323265,6.13970605987779e-05,0.00049474162407205,-14947.1237357044
1071,1073,9,-2.8784,-1.5909,-17.3937,-2.9176,-1.502,-17.5685,0.0421,0.2,0.4314,0.3922,0.1961,28.3642,"2",7.939530445e-08,0.00865169520312063,0.000233083354965958,6.15232100406112e-05,0.000433344563404566,-14947.1144292518
1072,1074,9,-2.9176,-1.502,-17.5685,-2.9812,-1.4456,-17.7495,0.0421,0.2,0.4314,0.3922,0.1961,28.4788,"2",7.95588673e-08,0.00865169520312063,0.000233563394644085,6.16499182817447e-05,0.00037182135342032,-14947.106546487
1073,1075,9,-2.9812,-1.4456,-17.7495,-2.9888,-1.3581,-17.9292,0.0421,0.2,0.4314,0.3922,0.1961,28.594,"2",7.97232865e-08,0.00865169520312063,0.000234045970542577,6.17772959675849e-05,0.000310171435317506,-14947.1000903468
1074,1076,9,-2.9888,-1.3581,-17.9292,-2.9957,-1.2708,-18.109,0.0421,0.2,0.4314,0.3922,0.1961,28.7096,"2",7.98882766e-08,0.00865169520312063,0.000234530244842234,6.19051219526685e-05,0.000248394139041341,-14947.095063781
1075,1077,9,-2.9957,-1.2708,-18.109,-3.0019,-1.1951,-18.294,0.0421,0.2,0.4314,0.3922,0.1961,28.8259,"2",8.0054265775e-08,0.00865169520312063,0.000235017474735135,6.20337280774746e-05,0.000186489017306513,-14947.0914697535
1076,1078,9,-3.0019,-1.1951,-18.294,-2.9731,-1.1403,-18.4842,0.0421,0.2,0.4314,0.3922,0.1961,28.9426,"2",8.022082585e-08,0.00865169520312063,0.000235506403404611,6.21627826006149e-05,0.000124455289259238,-14947.0893112425
1077,1079,9,-2.9731,-1.1403,-18.4842,-2.9539,-1.0765,-18.6728,0.0421,0.2,0.4314,0.3922,0.1961,29.0599,"2",8.0388242275e-08,0.00865169520312063,0.000235997869044421,6.2292506766419e-05,6.22925066257941e-05,-14947.088591239
1079,1080,9,-2.9539,-1.0765,-18.6728,-2.9268,-1.0111,-18.8599,0.0421,0.2,0.4314,0.3922,0.1961,29.1778,"2",8.055651505e-08,0.00865169520312063,1e-09,-2.97292959757796e-17,-1.48646480257465e-17,-299.999999993024
1080,1081,9,-2.9268,-1.0111,-18.8599,-2.9143,-0.9365,-19.045,0.0421,0.2,0.4314,0.3922,0.1961,29.2962,"2",8.072550145e-08,0.00865169520312063,9.83470272840944e-16,2.59590600854049e-16,1.29795300236045e-16,-300.000000060784
1081,1082,9,-2.9143,-0.9365,-19.045,-2.962,-0.9178,-19.2383,0.0421,0.2,0.4314,0.3922,0.1961,29.4152,"2",8.08953442e-08,0.00865169520312063,1e-09,-1.33447021577305e-15,-6.67235107067781e-16,-299.999999688188
1082,1083,9,-2.962,-0.9178,-19.2383,-3.0096,-0.91,-19.4324,0.0421,0.2,0.4314,0.3922,0.1961,29.5347,"2",8.1065900575e-08,0.00865169520312063,1e-09,-1.0285846988213e-15,-5.14292349841888e-16,-299.999999760166
1083,1084,9,-3.0096,-0.91,-19.4324,-3.0626,-0.8682,-19.6207,0.0421,0.2,0.4314,0.3922,0.1961,29.6549,"2",8.1237456025e-08,0.00865169520312063,7.33940096005344e-15,1.93726191603677e-15,9.68630959855154e-16,-300.000000450754
1084,1085,9,-3.0626,-0.8682,-19.6207,-3.1001,-0.8056,-19.8069,0.0421,0.2,0.4314,0.3922,0.1961,29.7756,"2",8.14097251e-08,0.00865169520312063,1e-09,-1.52362040000252e-15,-7.61810198372279e-16,-299.99999964624
1085,1086,9,-3.1001,-0.8056,-19.8069,-3.136,-0.7422,-19.9932,0.0421,0.2,0.4314,0.3922,0.1961,29.8968,"2",8.15827078e-08,0.00865169520312063,4.08699157924032e-15,1.07877648063087e-15,5.39388240931756e-16,-300.000000249943
1086,1087,9,-3.136,-0.7422,-19.9932,-3.1567,-0.6748,-20.1471,0.0421,0.1693,0.4314,0.3922,0.1961,30,"2",8.173e-08,0.00865169520312063,1e-09,-8.71895393966951e-16,-4.35947697683567e-16,-299.999999761788
14,1088,10,0.0241,-0.023,-1.7344,0.2167,-0.0288,-1.7882,0.1887,0.2,0.4314,0.3922,0.1961,19.276,"2",7.0312e-08,0.00865169520312063,0.000925338060579941,0.000244246389314012,0.00630388437617447,-14949.2311679081
1087,1089,10,0.2167,-0.0288,-1.7882,0.4103,-0.0146,-1.8364,0.0422,0.2,0.4314,0.3922,0.1961,19.3519,"2",7.0312e-08,0.00865169520312063,0.000206936358301655,5.46216139659194e-05,0.00605963798699694,-14949.0917194649
1088,1090,10,0.4103,-0.0146,-1.8364,0.6026,0.0118,-1.8845,0.0422,0.2,0.4314,0.3922,0.1961,19.4282,"2",7.0312e-08,0.00865169520312063,0.000206934397349383,5.46210963653443e-05,0.00600501637321849,-14948.9535336957
1089,1091,10,0.6026,0.0118,-1.8845,0.7922,0.0149,-1.948,0.0422,0.2,0.4314,0.3922,0.1961,19.5046,"2",7.0312e-08,0.00865169520312063,0.000206932454233758,5.46205834728182e-05,0.00595039527693905,-14948.8166105886
1090,1092,10,0.7922,0.0149,-1.948,0.9826,-0.0013,-2.0072,0.0422,0.2,0.4314,0.3922,0.1961,19.5813,"2",7.0312e-08,0.00865169520312063,0.000206930528954613,5.46200752882968e-05,0.00589577469352206,-14948.6809501319
1091,1093,10,0.9826,-0.0013,-2.0072,1.1599,2e-04,-2.0996,0.0422,0.2,0.4314,0.3922,0.1961,19.6583,"2",7.0312e-08,0.00865169520312063,0.000206928621511783,5.46195718117363e-05,0.00584115461842555,-14948.5465523138
1092,1094,10,1.1599,2e-04,-2.0996,1.3183,0.0696,-2.2,0.0422,0.2,0.4314,0.3922,0.1961,19.7355,"2",7.0312e-08,0.00865169520312063,0.000206926731905103,5.46190730430933e-05,0.0057865350464452,-14948.4134171227
1093,1095,10,1.3183,0.0696,-2.2,1.4503,0.145,-2.3301,0.0422,0.2,0.4314,0.3922,0.1961,19.8129,"2",7.0312e-08,0.00865169520312063,0.000206924860134411,5.46185789823248e-05,0.00573191597341756,-14948.2815445473
1094,1096,10,1.4503,0.145,-2.3301,1.5703,0.2378,-2.4604,0.0422,0.2,0.4314,0.3922,0.1961,19.8906,"2",7.0312e-08,0.00865169520312063,0.000206923006199544,5.46180896293883e-05,0.00567729739451679,-14948.150934576
1095,1097,10,1.5703,0.2378,-2.4604,1.6663,0.3309,-2.609,0.0422,0.2,0.4314,0.3922,0.1961,19.9686,"2",7.0312e-08,0.00865169520312063,0.000206921170100343,5.46176049842416e-05,0.00562267930482244,-14948.0215871977
1096,1098,10,1.6663,0.3309,-2.609,1.7627,0.4244,-2.7573,0.0422,0.2,0.4314,0.3922,0.1961,20.0467,"2",7.0312e-08,0.00865169520312063,0.000206919351836651,5.46171250468428e-05,0.00556806169998181,-14947.8935024012
1097,1099,10,1.7627,0.4244,-2.7573,1.8672,0.487,-2.9159,0.0422,0.2,0.4314,0.3922,0.1961,20.1252,"2",7.0312e-08,0.00865169520312063,0.000206917551408309,5.46166498171506e-05,0.00551344457507444,-14947.7666801755
1098,1100,10,1.8672,0.487,-2.9159,1.9766,0.5578,-3.0676,0.0422,0.2,0.4314,0.3922,0.1961,20.2039,"2",7.0312e-08,0.00865169520312063,0.000206915768815163,5.46161792951241e-05,0.00545882792527452,-14947.6411205095
1099,1101,10,1.9766,0.5578,-3.0676,2.056,0.6321,-3.2355,0.0422,0.2,0.4314,0.3922,0.1961,20.2828,"2",7.0312e-08,0.00865169520312063,0.00020691400405706,5.46157134807227e-05,0.00540421174604007,-14947.5168233926
1100,1102,10,2.056,0.6321,-3.2355,2.1462,0.6979,-3.4014,0.0422,0.2,0.4314,0.3922,0.1961,20.3621,"2",7.0312e-08,0.00865169520312063,0.000206912257133846,5.46152523739062e-05,0.00534959603254528,-14947.393788814
1101,1103,10,2.1462,0.6979,-3.4014,2.235,0.7641,-3.5679,0.0422,0.2,0.4314,0.3922,0.1961,20.4415,"2",7.0312e-08,0.00865169520312063,0.000206910528045372,5.46147959746349e-05,0.00529498078024819,-14947.2720167631
1102,1104,10,2.235,0.7641,-3.5679,2.3239,0.8302,-3.7345,0.0422,0.2,0.4314,0.3922,0.1961,20.5213,"2",7.0312e-08,0.00865169520312063,0.000206908816791489,5.46143442828695e-05,0.00524036598432298,-14947.1515072294
1103,1105,10,2.3239,0.8302,-3.7345,2.4191,0.8723,-3.9053,0.0422,0.2,0.4314,0.3922,0.1961,20.6013,"2",7.0312e-08,0.00865169520312063,0.000206907123372049,5.4613897298571e-05,0.00518575164013305,-14947.0322602024
1104,1106,10,2.4191,0.8723,-3.9053,2.5229,0.897,-4.0744,0.0422,0.2,0.4314,0.3922,0.1961,20.6815,"2",7.0312e-08,0.00865169520312063,0.000206905447786906,5.4613455021701e-05,0.0051311377428526,-14946.914275672
1105,1107,10,2.5229,0.897,-4.0744,2.6346,0.9443,-4.2334,0.0422,0.2,0.4314,0.3922,0.1961,20.7621,"2",7.0312e-08,0.00865169520312063,0.000206903790035915,5.46130174522212e-05,0.00507652428793965,-14946.797553628
1106,1108,10,2.6346,0.9443,-4.2334,2.7206,0.9983,-4.4057,0.0422,0.2,0.4314,0.3922,0.1961,20.8429,"2",7.0312e-08,0.00865169520312063,0.000206902150118935,5.46125845900939e-05,0.00502191127047376,-14946.6820940602
1107,1109,10,2.7206,0.9983,-4.4057,2.8016,1.0261,-4.5864,0.0422,0.2,0.4314,0.3922,0.1961,20.924,"2",7.0312e-08,0.00865169520312063,0.000206900528035822,5.46121564352819e-05,0.00496729868591298,-14946.5678969588
1108,1110,10,2.8016,1.0261,-4.5864,2.8732,1.0867,-4.7631,0.0422,0.2,0.4314,0.3922,0.1961,21.0053,"2",7.0312e-08,0.00865169520312063,0.000206898923786438,5.46117329877483e-05,0.00491268652962072,-14946.4549623139
1109,1111,10,2.8732,1.0867,-4.7631,2.9516,1.1478,-4.9367,0.0422,0.2,0.4314,0.3922,0.1961,21.0869,"2",7.0312e-08,0.00865169520312063,0.000206897337370645,5.46113142474565e-05,0.00485807479667654,-14946.3432901158
1110,1112,10,2.9516,1.1478,-4.9367,3.0336,1.2152,-5.1061,0.0422,0.2,0.4314,0.3922,0.1961,21.1688,"2",7.0312e-08,0.00865169520312063,0.000206895768788305,5.46109002143705e-05,0.00480346348244384,-14946.2328803548
1111,1113,10,3.0336,1.2152,-5.1061,3.1325,1.3224,-5.243,0.0422,0.2,0.4314,0.3922,0.1961,21.251,"2",7.0312e-08,0.00865169520312063,0.000206894218039284,5.46104908884545e-05,0.00474885258238069,-14946.1237330214
1112,1114,10,3.1325,1.3224,-5.243,3.239,1.4187,-5.3822,0.0422,0.2,0.4314,0.3922,0.1961,21.3334,"2",7.0312e-08,0.00865169520312063,0.000206892685123447,5.46100862696733e-05,0.004694242091472,-14946.0158481062
1113,1115,10,3.239,1.4187,-5.3822,3.368,1.5366,-5.4794,0.0422,0.2,0.4314,0.3922,0.1961,21.4162,"2",7.0312e-08,0.00865169520312063,0.000206891170040663,5.4609686357992e-05,0.00463963200527045,-14945.9092256
1114,1116,10,3.368,1.5366,-5.4794,3.5054,1.6624,-5.5522,0.0422,0.2,0.4314,0.3922,0.1961,21.4992,"2",7.0312e-08,0.00865169520312063,0.0002068896727908,5.46092911533762e-05,0.0045850223189502,-14945.8038654935
1115,1117,10,3.5054,1.6624,-5.5522,3.6425,1.7857,-5.6298,0.0422,0.2,0.4314,0.3922,0.1961,21.5825,"2",7.0312e-08,0.00865169520312063,0.000206888193373731,5.46089006557917e-05,0.00453041302787467,-14945.6997677776
1116,1118,10,3.6425,1.7857,-5.6298,3.7527,1.9053,-5.7462,0.0422,0.2,0.4314,0.3922,0.1961,21.6661,"2",7.0312e-08,0.00865169520312063,0.000206886731789327,5.4608514865205e-05,0.00447580412731267,-14945.5969324434
1117,1119,10,3.7527,1.9053,-5.7462,3.8583,2.0159,-5.8751,0.0422,0.2,0.4314,0.3922,0.1961,21.75,"2",7.0312e-08,0.00865169520312063,0.000206885288037463,5.46081337815827e-05,0.00442119561272223,-14945.495359482
1118,1120,10,3.8583,2.0159,-5.8751,3.9601,2.137,-5.9974,0.0422,0.2,0.4314,0.3922,0.1961,21.8342,"2",7.0312e-08,0.00865169520312063,0.000206883862118013,5.4607757404892e-05,0.00436658747880442,-14945.3950488847
1119,1121,10,3.9601,2.137,-5.9974,4.0553,2.2613,-6.1219,0.0422,0.2,0.4314,0.3922,0.1961,21.9186,"2",7.0312e-08,0.00865169520312063,0.000206882454030856,5.46073857351005e-05,0.00431197972139576,-14945.2960006428
1120,1122,10,4.0553,2.2613,-6.1219,4.1551,2.3933,-6.2342,0.0422,0.2,0.4314,0.3922,0.1961,22.0034,"2",7.031685265e-08,0.00865169520312063,0.000206895341870768,5.46107875279142e-05,0.00425737233609778,-14945.1982147913
1121,1123,10,4.1551,2.3933,-6.2342,4.2614,2.5069,-6.3599,0.0422,0.2,0.4314,0.3922,0.1961,22.0885,"2",7.0438311625e-08,0.00865169520312063,0.000207251339300041,5.47047543605876e-05,0.00420276154795151,-14945.1016924556
1122,1124,10,4.2614,2.5069,-6.3599,4.3858,2.6103,-6.4775,0.0422,0.2,0.4314,0.3922,0.1961,22.1738,"2",7.056005605e-08,0.00865169520312063,0.000207608189791591,5.47989463621913e-05,0.00414805679393697,-14945.0064358107
1123,1125,10,4.3858,2.6103,-6.4775,4.5036,2.7093,-6.6052,0.0422,0.2,0.4314,0.3922,0.1961,22.2595,"2",7.0682371375e-08,0.00865169520312063,0.000207966733324074,5.4893585248185e-05,0.00409325784764445,-14944.912447039
1124,1126,10,4.5036,2.7093,-6.6052,4.6155,2.8155,-6.7326,0.0422,0.2,0.4314,0.3922,0.1961,22.3455,"2",7.0805114875e-08,0.00865169520312063,0.000208326550056399,5.49885601999664e-05,0.00403836426224554,-14944.8197283322
1125,1127,10,4.6155,2.8155,-6.7326,4.7168,2.9237,-6.8668,0.0422,0.2,0.4314,0.3922,0.1961,22.4317,"2",7.0928143825e-08,0.00865169520312063,0.000208687220159237,5.50837604020379e-05,0.00398337570176298,-14944.7282818885
1126,1128,10,4.7168,2.9237,-6.8668,4.8396,3.0196,-6.9922,0.0422,0.2,0.4314,0.3922,0.1961,22.5183,"2",7.1051743675e-08,0.00865169520312063,0.000209049583598015,5.51794075663678e-05,0.0039282919414222,-14944.6381099137
1127,1129,10,4.8396,3.0196,-6.9922,4.9448,3.1222,-7.1279,0.0422,0.2,0.4314,0.3922,0.1961,22.6052,"2",7.11757717e-08,0.00865169520312063,0.000209413220542734,5.52753908772814e-05,0.0038731125338404,-14944.5492146228
1128,1130,10,4.9448,3.1222,-7.1279,5.0416,3.1961,-7.2865,0.0422,0.2,0.4314,0.3922,0.1961,22.6924,"2",7.13002279e-08,0.00865169520312063,0.000209778131097428,5.53717103622387e-05,0.00381783714298135,-14944.4615982384
1129,1131,10,5.0416,3.1961,-7.2865,5.1251,3.2728,-7.4512,0.0422,0.2,0.4314,0.3922,0.1961,22.78,"2",7.1425255e-08,0.00865169520312063,0.000210144735287326,5.54684768884465e-05,0.00376246543253608,-14944.3752629925
1130,1132,10,5.1251,3.2728,-7.4512,5.2132,3.3524,-7.6122,0.0422,0.2,0.4314,0.3922,0.1961,22.8678,"2",7.155056755e-08,0.00865169520312063,0.000210512193375619,5.55654688042805e-05,0.00370699695573367,-14944.2902111244
1131,1133,10,5.2132,3.3524,-7.6122,5.313,3.4368,-7.7636,0.0422,0.2,0.4314,0.3922,0.1961,22.956,"2",7.1676451e-08,0.00865169520312063,0.000210881345307354,5.56629078163297e-05,0.00365143148694951,-14944.2064448816
1132,1134,10,5.313,3.4368,-7.7636,5.4083,3.523,-7.9169,0.0422,0.2,0.4314,0.3922,0.1961,23.0444,"2",7.18026199e-08,0.00865169520312063,0.000211251351357547,5.57605722760921e-05,0.00359576857906302,-14944.1239665191
1133,1135,10,5.4083,3.523,-7.9169,5.5081,3.6106,-8.0664,0.0422,0.2,0.4314,0.3922,0.1961,23.1333,"2",7.1929502425e-08,0.00865169520312063,0.000211623471374171,5.58587947250799e-05,0.00354000800687698,-14944.042778301
1134,1136,10,5.5081,3.6106,-8.0664,5.6204,3.687,-8.2132,0.0422,0.2,0.4314,0.3922,0.1961,23.2224,"2",7.20566704e-08,0.00865169520312063,0.000211996445728608,5.59572426796802e-05,0.00348414921196742,-14943.9628825006
1135,1137,10,5.6204,3.687,-8.2132,5.7419,3.7573,-8.3556,0.0422,0.2,0.4314,0.3922,0.1961,23.3119,"2",7.2184409275e-08,0.00865169520312063,0.00021237111435101,5.60561378425503e-05,0.00342819196951258,-14943.8842813988
1136,1138,10,5.7419,3.7573,-8.3556,5.8728,3.7963,-8.5018,0.0422,0.2,0.4314,0.3922,0.1961,23.4016,"2",7.23124336e-08,0.00865169520312063,0.000212746637539352,5.61552585712479e-05,0.00337213583136603,-14943.8069772845
1137,1139,10,5.8728,3.7963,-8.5018,5.9717,3.8272,-8.6728,0.0422,0.2,0.4314,0.3922,0.1961,23.4918,"2",7.244117155e-08,0.00865169520312063,0.000213124275118311,5.62549374011365e-05,0.00331598057279632,-14943.7309724553
1138,1140,10,5.9717,3.8272,-8.6728,6.0766,3.8768,-8.8357,0.0422,0.2,0.4314,0.3922,0.1961,23.5823,"2",7.2570337675e-08,0.00865169520312063,0.000213503187390394,5.63549526909701e-05,0.00325972563510914,-14943.6562692195
1139,1141,10,6.0766,3.8768,-8.8357,6.1698,3.879,-9.0126,0.0422,0.2,0.4314,0.3922,0.1961,23.6731,"2",7.2699931975e-08,0.00865169520312063,0.000213883374471163,5.64553044712521e-05,0.00320337068262558,-14943.5828698929
1140,1142,10,6.1698,3.879,-9.0126,6.2546,3.8881,-9.1936,0.0422,0.2,0.4314,0.3922,0.1961,23.7642,"2",7.282995445e-08,0.00865169520312063,0.00021426483647721,5.65559927727567e-05,0.00314691537810863,-14943.5107767994
1141,1143,10,6.2546,3.8881,-9.1936,6.3445,3.8997,-9.3719,0.0422,0.2,0.4314,0.3922,0.1961,23.8557,"2",7.2960547825e-08,0.00865169520312063,0.000214647993419318,5.66571284588774e-05,0.00309035938514793,-14943.4399922716
1142,1144,10,6.3445,3.8997,-9.3719,6.4142,3.9131,-9.5589,0.0422,0.2,0.4314,0.3922,0.1961,23.9475,"2",7.3091569375e-08,0.00865169520312063,0.00021503242551899,5.6758600727534e-05,0.00303370225693009,-14943.3705186514
1143,1145,10,6.4142,3.9131,-9.5589,6.4924,3.9398,-9.741,0.0422,0.2,0.4314,0.3922,0.1961,24.0397,"2",7.3223161825e-08,0.00865169520312063,0.000215418552785246,5.6860520441654e-05,0.00297694365582663,-14943.3023582896
1144,1146,10,6.4924,3.9398,-9.741,6.5777,3.9808,-9.9171,0.0422,0.2,0.4314,0.3922,0.1961,24.1323,"2",7.3355325175e-08,0.00865169520312063,0.000215806375333194,5.69628876316208e-05,0.00292008313562859,-14943.2355135476
1145,1147,10,6.5777,3.9808,-9.9171,6.6283,4.0406,-10.1012,0.0422,0.2,0.4314,0.3922,0.1961,24.2252,"2",7.34879167e-08,0.00865169520312063,0.000216195473393903,5.70655914978789e-05,0.00286312024831946,-14943.1699867956
1146,1148,10,6.6283,4.0406,-10.1012,6.6648,4.1026,-10.2878,0.0422,0.2,0.4314,0.3922,0.1961,24.3184,"2",7.36209364e-08,0.00865169520312063,0.000216585847090643,5.71686320729658e-05,0.00280605465659144,-14943.1057804116
1147,1149,10,6.6648,4.1026,-10.2878,6.7013,4.168,-10.4732,0.0422,0.2,0.4314,0.3922,0.1961,24.4121,"2",7.3754669725e-08,0.00865169520312063,0.000216978336311062,5.72722310483196e-05,0.00274888602433909,-14943.0428967842
1148,1150,10,6.7013,4.168,-10.4732,6.7438,4.2312,-10.6581,0.0422,0.2,0.4314,0.3922,0.1961,24.506,"2",7.38886885e-08,0.00865169520312063,0.000217371681530261,5.73760559677041e-05,0.0026916137935833,-14942.9813383108
1149,1151,10,6.7438,4.2312,-10.6581,6.7749,4.2965,-10.8446,0.0422,0.2,0.4314,0.3922,0.1961,24.6004,"2",7.40234209e-08,0.00865169520312063,0.000217767142514575,5.74804393510837e-05,0.00263423773741458,-14942.921107398
1150,1152,10,6.7749,4.2965,-10.8446,6.7918,4.3552,-11.0351,0.0422,0.2,0.4314,0.3922,0.1961,24.6951,"2",7.4158581475e-08,0.00865169520312063,0.000218163879628619,5.75851595736059e-05,0.00257675729809499,-14942.8622064626
1151,1153,10,6.7918,4.3552,-11.0351,6.8084,4.4039,-11.2283,0.0422,0.2,0.4314,0.3922,0.1961,24.7902,"2",7.429431295e-08,0.00865169520312063,0.000218562312876158,5.76903274968113e-05,0.00251917213842722,-14942.8046379307
1152,1154,10,6.8084,4.4039,-11.2283,6.8181,4.4798,-11.4131,0.0422,0.2,0.4314,0.3922,0.1961,24.8857,"2",7.4430615325e-08,0.00865169520312063,0.00021896244238241,5.77959431537517e-05,0.00246148181101334,-14942.7484042386
1153,1155,10,6.8181,4.4798,-11.4131,6.8073,4.526,-11.6074,0.0422,0.2,0.4314,0.3922,0.1961,24.9815,"2",7.4567345875e-08,0.00865169520312063,0.000219363848402401,5.7901895751195e-05,0.00240368586783614,-14942.6935078317
1154,1156,10,6.8073,4.526,-11.6074,6.7999,4.572,-11.8019,0.0422,0.2,0.4314,0.3922,0.1961,25.0777,"2",7.4704647325e-08,0.00865169520312063,0.000219766950938633,5.80082961503489e-05,0.00234578397229454,-14942.6399511644
1155,1157,10,6.7999,4.572,-11.8019,6.8689,4.6322,-11.9797,0.0422,0.2,0.4314,0.3922,0.1961,25.1743,"2",7.4842519675e-08,0.00865169520312063,0.000220171750120199,5.81151443852879e-05,0.00228777567580676,-14942.5877367017
1156,1158,10,6.8689,4.6322,-11.9797,6.918,4.7299,-12.1472,0.0422,0.2,0.4314,0.3922,0.1961,25.2713,"2",7.4980962925e-08,0.00865169520312063,0.000220578246077543,5.8222440490443e-05,0.00222966053117522,-14942.5368669185
1157,1159,10,6.918,4.7299,-12.1472,6.9656,4.7888,-12.3323,0.0422,0.2,0.4314,0.3922,0.1961,25.3687,"2",7.5119977075e-08,0.00865169520312063,0.000220986438942463,5.83301845006029e-05,0.00217143809062888,-14942.4873443005
1158,1160,10,6.9656,4.7888,-12.3323,7.0184,4.85,-12.5153,0.0422,0.2,0.4314,0.3922,0.1961,25.4665,"2",7.5259562125e-08,0.00865169520312063,0.000221396328848117,5.84383764509151e-05,0.00211310790630198,-14942.4391713436
1159,1161,10,7.0184,4.85,-12.5153,7.0596,4.9019,-12.704,0.0422,0.2,0.4314,0.3922,0.1961,25.5647,"2",7.5399718075e-08,0.00865169520312063,0.000221807915929027,5.85470163768871e-05,0.00205466952993137,-14942.3923505539
1160,1162,10,7.0596,4.9019,-12.704,7.1507,4.9854,-12.8612,0.0422,0.2,0.4314,0.3922,0.1961,25.6633,"2",7.5540444925e-08,0.00865169520312063,0.000222221200321081,5.86561043143873e-05,0.00199612251353276,-14942.3468844482
1161,1163,10,7.1507,4.9854,-12.8612,7.2377,5.0649,-13.0228,0.0422,0.2,0.4314,0.3922,0.1961,25.7622,"2",7.568159995e-08,0.00865169520312063,0.000222635762301369,5.87655294760074e-05,0.00193746640916239,-14942.3027755519
1162,1164,10,7.2377,5.0649,-13.0228,7.3281,5.1821,-13.1573,0.0422,0.2,0.4314,0.3922,0.1961,25.8616,"2",7.58234686e-08,0.00865169520312063,0.000223052441730082,5.88755135459382e-05,0.00187870087989402,-14942.2600264013
1163,1165,10,7.3281,5.1821,-13.1573,7.4024,5.3093,-13.2926,0.0422,0.2,0.4314,0.3922,0.1961,25.9614,"2",7.596590815e-08,0.00865169520312063,0.000223470818885781,5.89859457371602e-05,0.0018198253663706,-14942.2186395438
1164,1166,10,7.4024,5.3093,-13.2926,7.458,5.4555,-13.4172,0.0422,0.2,0.4314,0.3922,0.1961,26.0616,"2",7.61089186e-08,0.00865169520312063,0.000223890893909871,5.90968260869977e-05,0.00176083942065879,-14942.1786175377
1165,1167,10,7.458,5.4555,-13.4172,7.5063,5.5917,-13.5555,0.0422,0.2,0.4314,0.3922,0.1961,26.1623,"2",7.6252642675e-08,0.00865169520312063,0.000224313086800573,5.92082654555281e-05,0.00170174259457003,-14942.1399629524
1166,1168,10,7.5063,5.5917,-13.5555,7.5522,5.7342,-13.6881,0.0422,0.2,0.4314,0.3922,0.1961,26.2633,"2",7.6396794925e-08,0.00865169520312063,0.000224736557990175,5.93200422357611e-05,0.00164253432873848,-14942.1026783681
1167,1169,10,7.5522,5.7342,-13.6881,7.5993,5.8902,-13.8041,0.0422,0.2,0.4314,0.3922,0.1961,26.3648,"2",7.65416608e-08,0.00865169520312063,0.000225162147334107,5.94323781106312e-05,0.00158321428664864,-14942.0667663752
1168,1170,10,7.5993,5.8902,-13.8041,7.6425,6.0335,-13.9367,0.0422,0.2,0.4314,0.3922,0.1961,26.4667,"2",7.6687097575e-08,0.00865169520312063,0.000225589435124091,5.95451622965926e-05,0.00152378190855186,-14942.0322295756
1169,1171,10,7.6425,6.0335,-13.9367,7.6942,6.1955,-14.0419,0.0422,0.2,0.4314,0.3922,0.1961,26.569,"2",7.683310525e-08,0.00865169520312063,0.000226018421508685,5.96583948328574e-05,0.00146423674614942,-14941.9990705818
1170,1172,10,7.6942,6.1955,-14.0419,7.739,6.3771,-14.1129,0.0422,0.2,0.4314,0.3922,0.1961,26.6718,"2",7.697982655e-08,0.00865169520312063,0.000226449526488235,5.97721865800644e-05,0.00140457835164441,-14941.9672920179
1171,1173,10,7.739,6.3771,-14.1129,7.7847,6.5612,-14.1761,0.0422,0.2,0.4314,0.3922,0.1961,26.775,"2",7.712711875e-08,0.00865169520312063,0.00022688233036201,5.98864267566594e-05,0.00134480616506511,-14941.9368965194
1172,1174,10,7.7847,6.5612,-14.1761,7.8265,6.737,-14.2618,0.0422,0.2,0.4314,0.3922,0.1961,26.8786,"2",7.727498185e-08,0.00865169520312063,0.000227316833282979,6.00011154030191e-05,0.00128491973798246,-14941.9078867325
1173,1175,10,7.8265,6.737,-14.2618,7.8644,6.9147,-14.3454,0.0422,0.2,0.4314,0.3922,0.1961,26.9827,"2",7.7423558575e-08,0.00865169520312063,0.000227753455253359,6.01163633802757e-05,0.00122491862277454,-14941.8802653149
1174,1176,10,7.8644,6.9147,-14.3454,7.894,7.0925,-14.4322,0.0422,0.2,0.4314,0.3922,0.1961,27.0872,"2",7.75727062e-08,0.00865169520312063,0.000228191776579652,6.02320599087847e-05,0.00116480225921363,-14941.8540349359
1175,1177,10,7.894,7.0925,-14.4322,7.93,7.2769,-14.5006,0.0422,0.2,0.4314,0.3922,0.1961,27.1922,"2",7.772256745e-08,0.00865169520312063,0.000228632217265599,6.03483158500806e-05,0.00110457019976719,-14941.8291982765
1176,1178,10,7.93,7.2769,-14.5006,7.9167,7.4519,-14.5966,0.0422,0.2,0.4314,0.3922,0.1961,27.2977,"2",7.7873142325e-08,0.00865169520312063,0.00022907477746803,6.04651312455591e-05,0.00104422188361707,-14941.8057580308
1177,1179,10,7.9167,7.4519,-14.5966,7.8959,7.626,-14.6928,0.0422,0.2,0.4314,0.3922,0.1961,27.4036,"2",7.80242881e-08,0.00865169520312063,0.000229519037500529,6.05823953174447e-05,0.000983756752354396,-14941.7837169041
1178,1180,10,7.8959,7.626,-14.6928,7.8559,7.7958,-14.7905,0.0422,0.2,0.4314,0.3922,0.1961,27.51,"2",7.81761475e-08,0.00865169520312063,0.000229965417369542,6.0700218927986e-05,0.00092317435704252,-14941.7630776139
1179,1181,10,7.8559,7.7958,-14.7905,7.816,7.957,-14.902,0.0422,0.2,0.4314,0.3922,0.1961,27.6168,"2",7.83285778e-08,0.00865169520312063,0.000230413497393146,6.08184913005938e-05,0.000862474138184932,-14941.743842889
1180,1182,10,7.816,7.957,-14.902,7.8265,8.1163,-15.0225,0.0422,0.2,0.4314,0.3922,0.1961,27.7241,"2",7.8481721725e-08,0.00865169520312063,0.000230863697579766,6.09373232980386e-05,0.000801655647089451,-14941.72601547
1181,1183,10,7.8265,8.1163,-15.0225,7.8129,8.2709,-15.1487,0.0422,0.2,0.4314,0.3922,0.1961,27.8319,"2",7.8635579275e-08,0.00865169520312063,0.000231316018094601,6.10567149639254e-05,0.000740718323300312,-14941.7095981103
1182,1184,10,7.8129,8.2709,-15.1487,7.791,8.3976,-15.3018,0.0422,0.2,0.4314,0.3922,0.1961,27.9402,"2",7.879015045e-08,0.00865169520312063,0.000231770459104607,6.11766663423228e-05,0.000679661608493378,-14941.6945935764
1183,1185,10,7.791,8.3976,-15.3018,7.7894,8.5427,-15.4395,0.0422,0.2,0.4314,0.3922,0.1961,28.049,"2",7.894543525e-08,0.00865169520312063,0.0002322270207785,6.12971774777642e-05,0.000618484941863249,-14941.6810046476
1184,1186,10,7.7894,8.5427,-15.4395,7.7903,8.6823,-15.5827,0.0422,0.2,0.4314,0.3922,0.1961,28.1582,"2",7.910129095e-08,0.00865169520312063,0.000232685283445228,6.14181375965293e-05,0.000557187764765216,-14941.6688341151
1185,1187,10,7.7903,8.6823,-15.5827,7.8075,8.8357,-15.7098,0.0422,0.2,0.4314,0.3922,0.1961,28.268,"2",7.9258003e-08,0.00865169520312063,0.00023314608696041,6.15397683816025e-05,0.000495769626938911,-14941.6580847826
1186,1188,10,7.8075,8.8357,-15.7098,7.825,8.9904,-15.8354,0.0422,0.2,0.4314,0.3922,0.1961,28.3782,"2",7.941528595e-08,0.00865169520312063,0.000233608591815256,6.16618482415464e-05,0.000434229858868307,-14941.6487594673
1187,1189,10,7.825,8.9904,-15.8354,7.8472,9.1319,-15.975,0.0422,0.2,0.4314,0.3922,0.1961,28.489,"2",7.957342525e-08,0.00865169520312063,0.000234073637867636,6.17845988599392e-05,0.000372568010753645,-14941.6408609988
1188,1190,10,7.8472,9.1319,-15.975,7.8708,9.2619,-16.1252,0.0422,0.2,0.4314,0.3922,0.1961,28.6002,"2",7.973213545e-08,0.00865169520312063,0.000234540385613488,6.19077986465914e-05,0.000310783411925126,-14941.63439222
1189,1191,10,7.8708,9.2619,-16.1252,7.8837,9.3504,-16.304,0.0422,0.2,0.4314,0.3922,0.1961,28.712,"2",7.9891702e-08,0.00865169520312063,0.000235009674913282,6.20316692857681e-05,0.000248875612946982,-14941.6293559868
1190,1192,10,7.8837,9.3504,-16.304,7.8606,9.4422,-16.4802,0.0422,0.2,0.4314,0.3922,0.1961,28.8243,"2",8.0051982175e-08,0.00865169520312063,0.000235481086107561,6.21561000068092e-05,0.000186843943668028,-14941.6257551689
1191,1193,10,7.8606,9.4422,-16.4802,7.8608,9.5283,-16.6607,0.0422,0.2,0.4314,0.3922,0.1961,28.9371,"2",8.0212975975e-08,0.00865169520312063,0.00023595461937935,6.22810908580253e-05,0.000124687843399089,-14941.6235926494
1192,1194,10,7.8608,9.5283,-16.6607,7.8523,9.5944,-16.8493,0.0422,0.2,0.4314,0.3922,0.1961,29.0505,"2",8.0374826125e-08,0.00865169520312063,0.000236430694753546,6.24067527065349e-05,6.24067525372949e-05,-14941.6228713255
1194,1195,10,7.8523,9.5944,-16.8493,7.8443,9.6493,-17.0415,0.0422,0.2,0.4314,0.3922,0.1961,29.1644,"2",8.05373899e-08,0.00865169520312063,1e-09,-9.39010771997074e-16,-4.69505386334928e-16,-299.999999780138
1195,1196,10,7.8443,9.6493,-17.0415,7.8862,9.7025,-17.2296,0.0422,0.2,0.4314,0.3922,0.1961,29.2788,"2",8.07006673e-08,0.00865169520312063,1e-09,-1.35834869949268e-15,-6.7917434820809e-16,-299.999999682596
1196,1197,10,7.8862,9.7025,-17.2296,7.953,9.7492,-17.4123,0.0422,0.2,0.4314,0.3922,0.1961,29.3938,"2",8.086480105e-08,0.00865169520312063,1e-09,-5.20782258715213e-16,-2.60391129179422e-16,-299.999999878556
1197,1198,10,7.953,9.7492,-17.4123,8.0024,9.8119,-17.5957,0.0422,0.2,0.4314,0.3922,0.1961,29.5093,"2",8.1029648425e-08,0.00865169520312063,1e-09,-2.35907990473815e-17,-1.17953995402496e-17,-299.99999999451
1198,1199,10,8.0024,9.8119,-17.5957,8.0462,9.875,-17.7803,0.0422,0.2,0.4314,0.3922,0.1961,29.6254,"2",8.119535215e-08,0.00865169520312063,6.55608700586606e-15,1.73050331271115e-15,8.65251653161004e-16,-300.000000401901
1199,1200,10,8.0462,9.875,-17.7803,8.1019,9.9657,-17.9497,0.0422,0.2,0.4314,0.3922,0.1961,29.742,"2",8.13617695e-08,0.00865169520312063,1e-09,-1.01911619637435e-15,-5.09558099314911e-16,-299.999999763799
1200,1201,10,8.1019,9.9657,-17.9497,8.133,10.0854,-18.1068,0.0422,0.2,0.4314,0.3922,0.1961,29.8592,"2",8.15290432e-08,0.00865169520312063,6.25677744131488e-15,1.6514994507248e-15,8.25749728315064e-16,-300.000000381983
1201,1202,10,8.133,10.0854,-18.1068,8.1869,10.1681,-18.2808,0.0422,0.2,0.4314,0.3922,0.1961,29.9769,"2",8.1697030525e-08,0.00865169520312063,1e-09,-1.81600077452896e-16,-9.08000390019356e-17,-299.999999958083
1202,1203,10,8.1869,10.1681,-18.2808,8.2002,10.1856,-18.313,0.0422,0.039,0.4314,0.3922,0.1961,30,"2",8.173e-08,0.00865169520312063,1.19446902055309e-14,3.15284497467543e-15,1.57642241240591e-15,-300.000003730475
16,1204,11,0.0392,-0.049,-1.9781,0.1085,0.1216,-2.0562,0.1887,0.2,0.4314,0.3922,0.1961,19.653,"2",7.0312e-08,0.00865169520312063,0.000925110449256677,0.000244186310466894,0.0054375751200519,-14945.6377980396
1203,1205,11,0.1085,0.1216,-2.0562,0.1867,0.2847,-2.1414,0.0518,0.2,0.4314,0.3922,0.1961,19.7778,"2",7.0312e-08,0.00865169520312063,0.000253949794482596,6.70309836067215e-05,0.00519338880974527,-14945.5185179875
1204,1206,11,0.1867,0.2847,-2.1414,0.2754,0.4435,-2.2246,0.0518,0.2,0.4314,0.3922,0.1961,19.903,"2",7.0312e-08,0.00865169520312063,0.00025394773963766,6.70304412228322e-05,0.00512635782598191,-14945.4007874748
1205,1207,11,0.2754,0.4435,-2.2246,0.3681,0.5984,-2.3106,0.0518,0.2,0.4314,0.3922,0.1961,20.0286,"2",7.0312e-08,0.00865169520312063,0.000253945711661149,6.70299059309628e-05,0.00505932738484946,-14945.284606489
1206,1208,11,0.3681,0.5984,-2.3106,0.4572,0.7579,-2.392,0.0518,0.2,0.4314,0.3922,0.1961,20.1546,"2",7.0312e-08,0.00865169520312063,0.00025394371055285,6.70293777310566e-05,0.0049922974786949,-14945.1699750178
1207,1209,11,0.4572,0.7579,-2.392,0.5443,0.9211,-2.4681,0.0518,0.2,0.4314,0.3922,0.1961,20.2809,"2",7.0312e-08,0.00865169520312063,0.000253941736312549,6.70288566230577e-05,0.00492526810101839,-14945.0568930491
1208,1210,11,0.5443,0.9211,-2.4681,0.6775,1.0478,-2.5469,0.0518,0.2,0.4314,0.3922,0.1961,20.4077,"2",7.0312e-08,0.00865169520312063,0.000253939788940039,6.7028342606911e-05,0.00485823924437659,-14944.945360571
1209,1211,11,0.6775,1.0478,-2.5469,0.8122,1.1746,-2.6229,0.0518,0.2,0.4314,0.3922,0.1961,20.5349,"2",7.0312e-08,0.00865169520312063,0.000253937868435113,6.70278356825621e-05,0.00479121090164064,-14944.8353775716
1210,1212,11,0.8122,1.1746,-2.6229,0.9468,1.3015,-2.6989,0.0518,0.2,0.4314,0.3922,0.1961,20.6625,"2",7.0312e-08,0.00865169520312063,0.000253935974797568,6.70273358499574e-05,0.00472418306578655,-14944.7269440393
1211,1213,11,0.9468,1.3015,-2.6989,1.0593,1.4236,-2.8103,0.0518,0.2,0.4314,0.3922,0.1961,20.7906,"2",7.0312e-08,0.00865169520312063,0.000253934108027203,6.7026843109044e-05,0.00465715572999997,-14944.6200599626
1212,1214,11,1.0593,1.4236,-2.8103,1.147,1.5671,-2.9186,0.0518,0.2,0.4314,0.3922,0.1961,20.919,"2",7.0312e-08,0.00865169520312063,0.000253932268123822,6.70263574597697e-05,0.00459012888683755,-14944.5147253302
1213,1215,11,1.147,1.5671,-2.9186,1.2449,1.7109,-3.0173,0.0518,0.2,0.4314,0.3922,0.1961,21.0478,"2",7.0312e-08,0.00865169520312063,0.000253930455087229,6.70258789020832e-05,0.00452310252938012,-14944.410940131
1214,1216,11,1.2449,1.7109,-3.0173,1.3385,1.8492,-3.1273,0.0518,0.2,0.4314,0.3922,0.1961,21.1771,"2",7.0312e-08,0.00865169520312063,0.000253928668917233,6.70254074359338e-05,0.00445607665060366,-14944.308704354
1215,1217,11,1.3385,1.8492,-3.1273,1.4319,2.0057,-3.2098,0.0518,0.2,0.4314,0.3922,0.1961,21.3068,"2",7.0312e-08,0.00865169520312063,0.000253926909613644,6.70249430612717e-05,0.00438905124296,-14944.2080179884
1216,1218,11,1.4319,2.0057,-3.2098,1.5383,2.1639,-3.2702,0.0518,0.2,0.4314,0.3922,0.1961,21.4369,"2",7.0312e-08,0.00865169520312063,0.000253925177176277,6.70244857780477e-05,0.00432202629994929,-14944.1088810235
1217,1219,11,1.5383,2.1639,-3.2702,1.6131,2.3351,-3.3416,0.0518,0.2,0.4314,0.3922,0.1961,21.5674,"2",7.0312e-08,0.00865169520312063,0.000253923471604948,6.70240355862134e-05,0.00425500181423302,-14944.0112934488
1218,1220,11,1.6131,2.3351,-3.3416,1.6887,2.4966,-3.4322,0.0518,0.2,0.4314,0.3922,0.1961,21.6984,"2",7.0312e-08,0.00865169520312063,0.000253921792899477,6.70235924857212e-05,0.00418797777857752,-14943.915255254
1219,1221,11,1.6887,2.4966,-3.4322,1.7334,2.6569,-3.5431,0.0518,0.2,0.4314,0.3922,0.1961,21.8298,"2",7.0312e-08,0.00865169520312063,0.000253920141059686,6.70231564765243e-05,0.00412095418616844,-14943.8207664289
1220,1222,11,1.7334,2.6569,-3.5431,1.7895,2.8052,-3.665,0.0518,0.2,0.4314,0.3922,0.1961,21.9617,"2",7.0312e-08,0.00865169520312063,0.0002539185160854,6.70227275585765e-05,0.00405393102956244,-14943.7278269636
1221,1223,11,1.7895,2.8052,-3.665,1.8621,2.9372,-3.7965,0.0518,0.2,0.4314,0.3922,0.1961,22.0939,"2",7.0446018775e-08,0.00865169520312063,0.000254400898447778,6.71500541598467e-05,0.00398690830230426,-14943.6364383248
1222,1224,11,1.8621,2.9372,-3.7965,1.9494,3.0654,-3.9228,0.0518,0.2,0.4314,0.3922,0.1961,22.2266,"2",7.063541485e-08,0.00865169520312063,0.000255083283910496,6.73301723161069e-05,0.00391975824788481,-14943.5466040661
1223,1225,11,1.9494,3.0654,-3.9228,2.0535,3.1923,-4.0371,0.0518,0.2,0.4314,0.3922,0.1961,22.3598,"2",7.082552455e-08,0.00865169520312063,0.000255768265168384,6.75109756420635e-05,0.00385242807583478,-14943.4583283591
1224,1226,11,2.0535,3.1923,-4.0371,2.1281,3.3357,-4.1549,0.0518,0.2,0.4314,0.3922,0.1961,22.4934,"2",7.101620515e-08,0.00865169520312063,0.000256455327054782,6.76923281575784e-05,0.00378491710003281,-14943.3716153898
1225,1227,11,2.1281,3.3357,-4.1549,2.1919,3.4928,-4.2609,0.0518,0.2,0.4314,0.3922,0.1961,22.6275,"2",7.1207599375e-08,0.00865169520312063,0.000257144985235249,6.78743659744757e-05,0.00371722477199861,-14943.2864693584
1226,1228,11,2.1919,3.4928,-4.2609,2.2509,3.6597,-4.3539,0.0518,0.2,0.4314,0.3922,0.1961,22.762,"2",7.13995645e-08,0.00865169520312063,0.00025783672455433,6.80569531155754e-05,0.00364935040578743,-14943.2028944795
1227,1229,11,2.2509,3.6597,-4.3539,2.2868,3.8217,-4.4657,0.0518,0.2,0.4314,0.3922,0.1961,22.897,"2",7.159224325e-08,0.00865169520312063,0.000258531060676603,6.82402256924425e-05,0.00358129345279258,-14943.1208949817
1228,1230,11,2.2868,3.8217,-4.4657,2.3013,3.9763,-4.5917,0.0518,0.2,0.4314,0.3922,0.1961,23.0324,"2",7.17854929e-08,0.00865169520312063,0.00025922747845764,6.84240477308071e-05,0.00351305322701319,-14943.0404751081
1229,1231,11,2.3013,3.9763,-4.5917,2.3231,4.1316,-4.7158,0.0518,0.2,0.4314,0.3922,0.1961,23.1683,"2",7.1979456175e-08,0.00865169520312063,0.000259926493561297,6.86085553420441e-05,0.00344462917944018,-14942.9616391161
1230,1232,11,2.3231,4.1316,-4.7158,2.3314,4.2922,-4.8347,0.0518,0.2,0.4314,0.3922,0.1961,23.3047,"2",7.2174133075e-08,0.00865169520312063,0.000260628106248434,6.87937485950079e-05,0.00337602062361582,-14942.8843912787
1231,1233,11,2.3314,4.2922,-4.8347,2.3113,4.438,-4.9701,0.0518,0.2,0.4314,0.3922,0.1961,23.4415,"2",7.2369380875e-08,0.00865169520312063,0.000261331801390929,6.89794915197339e-05,0.00330722687501655,-14942.8087358835
1232,1234,11,2.3113,4.438,-4.9701,2.3075,4.5703,-5.1201,0.0518,0.2,0.4314,0.3922,0.1961,23.5788,"2",7.25653423e-08,0.00865169520312063,0.000262038094652169,6.91659202274719e-05,0.00323824738375917,-14942.7346772321
1233,1235,11,2.3075,4.5703,-5.1201,2.3252,4.6711,-5.2919,0.0518,0.2,0.4314,0.3922,0.1961,23.7166,"2",7.276201735e-08,0.00865169520312063,0.000262746986301145,6.93530347892231e-05,0.00316908146341356,-14942.6622196422
1234,1236,11,2.3252,4.6711,-5.2919,2.3468,4.7727,-5.4629,0.0518,0.2,0.4314,0.3922,0.1961,23.8548,"2",7.29592633e-08,0.00865169520312063,0.000263457961225638,6.95406992392204e-05,0.0030997284289039,-14942.5913674455
1235,1237,11,2.3468,4.7727,-5.4629,2.3615,4.8592,-5.6426,0.0518,0.2,0.4314,0.3922,0.1961,23.9936,"2",7.31573656e-08,0.00865169520312063,0.000264172050470713,6.97291857256058e-05,0.00303018772956869,-14942.5221249898
1236,1238,11,2.3615,4.8592,-5.6426,2.3761,4.9457,-5.8223,0.0518,0.2,0.4314,0.3922,0.1961,24.1328,"2",7.33560388e-08,0.00865169520312063,0.000264888223548135,6.99182222472147e-05,0.00296045854381573,-14942.4544966386
1237,1239,11,2.3761,4.9457,-5.8223,2.3924,5.0317,-6.0022,0.0518,0.2,0.4314,0.3922,0.1961,24.2725,"2",7.3555425625e-08,0.00865169520312063,0.000265606996121988,7.0107944915481e-05,0.00289054032159473,-14942.3884867699
1238,1240,11,2.3924,5.0317,-6.0022,2.4228,5.123,-6.1775,0.0518,0.2,0.4314,0.3922,0.1961,24.4127,"2",7.3755526075e-08,0.00865169520312063,0.00026632836847519,7.02983538050819e-05,0.00282043237671899,-14942.3240997773
1239,1241,11,2.4228,5.123,-6.1775,2.4598,5.2226,-6.3469,0.0518,0.2,0.4314,0.3922,0.1961,24.5534,"2",7.395634015e-08,0.00865169520312063,0.000267052340893524,7.04894489914511e-05,0.00275013402327981,-14942.2613400705
1240,1242,11,2.4598,5.2226,-6.3469,2.4966,5.3228,-6.516,0.0518,0.2,0.4314,0.3922,0.1961,24.6946,"2",7.415786785e-08,0.00865169520312063,0.00026777891366565,7.06812305507812e-05,0.00267964457420833,-14942.2002120748
1241,1243,11,2.4966,5.3228,-6.516,2.5275,5.4069,-6.6948,0.0518,0.2,0.4314,0.3922,0.1961,24.8363,"2",7.4360109175e-08,0.00865169520312063,0.000268508087083114,7.08736985600273e-05,0.00260896334349137,-14942.1407202317
1242,1244,11,2.5275,5.4069,-6.6948,2.5413,5.5031,-6.8697,0.0518,0.2,0.4314,0.3922,0.1961,24.9786,"2",7.456320685e-08,0.00865169520312063,0.000269240376806257,7.10669891296352e-05,0.00253808964502195,-14942.0828689998
1243,1245,11,2.5413,5.5031,-6.8697,2.559,5.5962,-7.0458,0.0518,0.2,0.4314,0.3922,0.1961,25.1213,"2",7.4766875425e-08,0.00865169520312063,0.000269974752398706,7.12608302721292e-05,0.00246702265580842,-14942.0266628538
1244,1246,11,2.559,5.5962,-7.0458,2.5496,5.6993,-7.2169,0.0518,0.2,0.4314,0.3922,0.1961,25.2645,"2",7.4971257625e-08,0.00865169520312063,0.000270711729528702,7.14553581000407e-05,0.00239576182567725,-14941.9721062826
1245,1247,11,2.5496,5.6993,-7.2169,2.5363,5.8048,-7.3863,0.0518,0.2,0.4314,0.3922,0.1961,25.4083,"2",7.5176496175e-08,0.00865169520312063,0.000271451823859506,7.1650708724587e-05,0.00232430646779174,-14941.9192037927
1246,1248,11,2.5363,5.8048,-7.3863,2.522,5.9124,-7.5543,0.0518,0.2,0.4314,0.3922,0.1961,25.5526,"2",7.538244835e-08,0.00865169520312063,0.000272194520333636,7.18467461944484e-05,0.0022526557586465,-14941.8679599078
1247,1249,11,2.522,5.9124,-7.5543,2.5411,6.0381,-7.7087,0.0518,0.2,0.4314,0.3922,0.1961,25.6974,"2",7.558911415e-08,0.00865169520312063,0.000272939819260453,7.20434705912818e-05,0.0021808090124558,-14941.8183791677
1248,1250,11,2.5411,6.0381,-7.7087,2.5425,6.1749,-7.8546,0.0518,0.2,0.4314,0.3922,0.1961,25.8427,"2",7.5796493575e-08,0.00865169520312063,0.000273687720952291,7.22408819975291e-05,0.0021087655417178,-14941.770466128
1249,1251,11,2.5425,6.1749,-7.8546,2.5476,6.3117,-8.0004,0.0518,0.2,0.4314,0.3922,0.1961,25.9886,"2",7.600472935e-08,0.00865169520312063,0.000274438741077531,7.24391165257588e-05,0.002036524659997,-14941.7242253616
1250,1252,11,2.5476,6.3117,-8.0004,2.5888,6.4528,-8.136,0.0518,0.2,0.4314,0.3922,0.1961,26.135,"2",7.621367875e-08,0.00865169520312063,0.00027519236459829,7.26380382298245e-05,0.00196408554338193,-14941.6796614592
1251,1253,11,2.5888,6.4528,-8.136,2.6396,6.6137,-8.2434,0.0518,0.2,0.4314,0.3922,0.1961,26.2819,"2",7.6423341775e-08,0.00865169520312063,0.000275948591836129,7.28376471946037e-05,0.0018914475051501,-14941.636779027
1252,1254,11,2.6396,6.6137,-8.2434,2.7066,6.7725,-8.3448,0.0518,0.2,0.4314,0.3922,0.1961,26.4294,"2",7.663386115e-08,0.00865169520312063,0.00027670793846408,7.30380795338924e-05,0.00181860985792474,-14941.5955826889
1253,1255,11,2.7066,6.7725,-8.3448,2.7602,6.9418,-8.4369,0.0518,0.2,0.4314,0.3922,0.1961,26.5775,"2",7.6845236875e-08,0.00865169520312063,0.000277470404805562,7.32393353330581e-05,0.00174557177832894,-14941.5560770879
1254,1256,11,2.7602,6.9418,-8.4369,2.8329,7.0952,-8.5426,0.0518,0.2,0.4314,0.3922,0.1961,26.7261,"2",7.7057326225e-08,0.00865169520312063,0.000278235475841794,7.34412786509966e-05,0.00167233244322669,-14941.5182668843
1255,1257,11,2.8329,7.0952,-8.5426,2.8983,7.2566,-8.6409,0.0518,0.2,0.4314,0.3922,0.1961,26.8752,"2",7.72701292e-08,0.00865169520312063,0.000279003151906982,7.36439095759231e-05,0.00159889116469102,-14941.4821567542
1256,1258,11,2.8983,7.2566,-8.6409,2.9719,7.4241,-8.7217,0.0518,0.2,0.4314,0.3922,0.1961,27.0249,"2",7.7483788525e-08,0.00865169520312063,0.000279773948681532,7.38473642235799e-05,0.00152524725473937,-14941.4477513915
1257,1259,11,2.9719,7.4241,-8.7217,3.0248,7.5963,-8.8086,0.0518,0.2,0.4314,0.3922,0.1961,27.1752,"2",7.76983042e-08,0.00865169520312063,0.000280547866502331,7.40516426828896e-05,0.00145139989035432,-14941.4150555088
1258,1260,11,3.0248,7.5963,-8.8086,3.0745,7.7813,-8.866,0.0518,0.2,0.4314,0.3922,0.1961,27.3261,"2",7.7913676225e-08,0.00865169520312063,0.000281324905709787,7.42567450437041e-05,0.0013773482479763,-14941.3840738381
1259,1261,11,3.0745,7.7813,-8.866,3.1087,7.9714,-8.918,0.0518,0.2,0.4314,0.3922,0.1961,27.4775,"2",7.8129761875e-08,0.00865169520312063,0.000282104551308084,7.44625353709812e-05,0.00130309150287592,-14941.3548111284
1260,1262,11,3.1087,7.9714,-8.918,3.1376,8.1679,-8.941,0.0518,0.2,0.4314,0.3922,0.1961,27.6295,"2",7.8346703875e-08,0.00865169520312063,0.000282887318986422,7.46691497827843e-05,0.00122862896729814,-14941.3272721467
1261,1263,11,3.1376,8.1679,-8.941,3.1388,8.3634,-8.9834,0.0518,0.2,0.4314,0.3922,0.1961,27.7821,"2",7.8564502225e-08,0.00865169520312063,0.000283673209095623,7.48765883717144e-05,0.00115395981735213,-14941.3014616787
1262,1264,11,3.1388,8.3634,-8.9834,3.1401,8.5588,-9.0262,0.0518,0.2,0.4314,0.3922,0.1961,27.9352,"2",7.87830142e-08,0.00865169520312063,0.000284461706653146,7.50847152062327e-05,0.00107908322917663,-14941.2773845276
1263,1265,11,3.1401,8.5588,-9.0262,3.1192,8.752,-9.0732,0.0518,0.2,0.4314,0.3922,0.1961,28.089,"2",7.900252525e-08,0.00865169520312063,0.000285253842691637,7.5293802431204e-05,0.00100399851404686,-14941.2550455159
1264,1266,11,3.1192,8.752,-9.0732,3.1146,8.95,-9.1014,0.0518,0.2,0.4314,0.3922,0.1961,28.2434,"2",7.922289265e-08,0.00865169520312063,0.000286049102234886,7.55037141167607e-05,0.000928704711881469,-14941.2344494864
1265,1267,11,3.1146,8.95,-9.1014,3.1136,9.1482,-9.1276,0.0518,0.2,0.4314,0.3922,0.1961,28.3983,"2",7.9443973675e-08,0.00865169520312063,0.000286846970313453,7.57143143348225e-05,0.000853200997573486,-14941.2156012997
1266,1268,11,3.1136,9.1482,-9.1276,3.1075,9.3466,-9.1523,0.0518,0.2,0.4314,0.3922,0.1961,28.5539,"2",7.9666053775e-08,0.00865169520312063,0.000287648477966151,7.59258752318812e-05,0.000777486683461968,-14941.1985058353
1267,1269,11,3.1075,9.3466,-9.1523,3.0949,9.5374,-9.2109,0.0518,0.2,0.4314,0.3922,0.1961,28.7101,"2",7.9888990225e-08,0.00865169520312063,0.000288453110230145,7.61382608816005e-05,0.000701560808416731,-14941.1831679933
1268,1270,11,3.0949,9.5374,-9.2109,3.0677,9.7184,-9.2916,0.0518,0.2,0.4314,0.3922,0.1961,28.8669,"2",8.0112783025e-08,0.00865169520312063,0.000289260867481652,7.63514713832836e-05,0.000625422547315934,-14941.1695926929
1269,1271,11,3.0677,9.7184,-9.2916,3.026,9.8913,-9.3831,0.0518,0.2,0.4314,0.3922,0.1961,29.0243,"2",8.0337432175e-08,0.00865169520312063,0.000290071750100575,7.65655068372077e-05,0.000549071075734668,-14941.1577848725
1270,1272,11,3.026,9.8913,-9.3831,2.9965,10.0546,-9.4947,0.0518,0.2,0.4314,0.3922,0.1961,29.1824,"2",8.05630804e-08,0.00865169520312063,0.000290886273802661,7.67805033684435e-05,0.000472505569086183,-14941.1477494909
1271,1273,11,2.9965,10.0546,-9.4947,2.9593,10.2189,-9.6025,0.0518,0.2,0.4314,0.3922,0.1961,29.3411,"2",8.0789584975e-08,0.00865169520312063,0.000291703923642523,7.69963250552596e-05,0.000395725065857528,-14941.1394915278
1272,1274,11,2.9593,10.2189,-9.6025,2.9418,10.3821,-9.7168,0.0518,0.2,0.4314,0.3922,0.1961,29.5004,"2",8.10169459e-08,0.00865169520312063,0.000292524700011482,7.72129720009463e-05,0.000318728740763087,-14941.1330159818
1273,1275,11,2.9418,10.3821,-9.7168,2.9269,10.5448,-9.8322,0.0518,0.2,0.4314,0.3922,0.1961,29.6603,"2",8.1245163175e-08,0.00865169520312063,0.00029334860330461,7.7430444309785e-05,0.000241515768907122,-14941.1283278706
1274,1276,11,2.9269,10.5448,-9.8322,2.9216,10.7008,-9.9573,0.0518,0.2,0.4314,0.3922,0.1961,29.8209,"2",8.1474379525e-08,0.00865169520312063,0.000294176149251979,7.76488781106269e-05,0.00016408532478387,-14941.1254322326
1275,1277,11,2.9216,10.7008,-9.9573,2.9172,10.8565,-10.0827,0.0518,0.2,0.4314,0.3922,0.1961,29.9822,"2",8.170459495e-08,0.00865169520312063,0.00029500733825607,7.78682735097089e-05,8.64364464338041e-05,-14941.1243341286
1276,1278,11,2.9172,10.8565,-10.0827,2.9166,10.8733,-10.0969,0.0518,0.022,0.4314,0.3922,0.1961,30,"2",8.173e-08,0.00865169520312063,3.24608964911304e-05,8.56817318946706e-06,8.56817190817859e-06,-14941.1243232348
17,1279,12,0.0525,-0.052,-2.1055,0.0075,0.1205,-2.1961,0.1887,0.2,0.4314,0.3922,0.1961,19.8075,"2",7.0312e-08,0.00865169520312063,0.000924853112887115,0.000244118385584322,0.0092824050288355,-14941.5193886955
1278,1280,12,0.0075,0.1205,-2.1961,-0.0614,0.2855,-2.2857,0.0798,0.2,0.4314,0.3922,0.1961,19.9143,"2",7.0312e-08,0.00865169520312063,0.000391108757263272,0.000103234597019358,0.00903828664334657,-14941.311645149
1279,1281,12,-0.0614,0.2855,-2.2857,-0.1512,0.4249,-2.3975,0.0798,0.2,0.4314,0.3922,0.1961,20.0214,"2",7.0312e-08,0.00865169520312063,0.000391103239788482,0.000103233140661565,0.00893505204636893,-14941.1062880451
1280,1282,12,-0.1512,0.4249,-2.3975,-0.2547,0.5621,-2.4997,0.0798,0.2,0.4314,0.3922,0.1961,20.1288,"2",7.0312e-08,0.00865169520312063,0.000391097786061083,0.000103231701130131,0.00883181890570362,-14940.9033173502
1281,1283,12,-0.2547,0.5621,-2.4997,-0.3508,0.7017,-2.606,0.0798,0.2,0.4314,0.3922,0.1961,20.2366,"2",7.0312e-08,0.00865169520312063,0.000391092396080184,0.00010323027842482,0.00872858720469519,-14940.7027330313
1282,1284,12,-0.3508,0.7017,-2.606,-0.4464,0.848,-2.7031,0.0798,0.2,0.4314,0.3922,0.1961,20.3447,"2",7.0312e-08,0.00865169520312063,0.000391087069844909,0.000103228872545402,0.00862535692629781,-14940.5045350557
1283,1285,12,-0.4464,0.848,-2.7031,-0.5281,0.9734,-2.8359,0.0798,0.2,0.4314,0.3922,0.1961,20.4532,"2",7.0312e-08,0.00865169520312063,0.000391081807354389,0.000103227483491646,0.00852212805359576,-14940.3087233911
1284,1286,12,-0.5281,0.9734,-2.8359,-0.6089,1.0491,-3.0024,0.0798,0.2,0.4314,0.3922,0.1961,20.562,"2",7.0312e-08,0.00865169520312063,0.000391076608607765,0.000103226111263327,0.00841890057019383,-14940.1152980056
1285,1287,12,-0.6089,1.0491,-3.0024,-0.692,1.1391,-3.1605,0.0798,0.2,0.4314,0.3922,0.1961,20.6712,"2",7.0312e-08,0.00865169520312063,0.000391071473604192,0.00010322475586022,0.00831567445878593,-14939.9242588676
1286,1288,12,-0.692,1.1391,-3.1605,-0.7988,1.2448,-3.2925,0.0798,0.2,0.4314,0.3922,0.1961,20.7807,"2",7.0312e-08,0.00865169520312063,0.000391066402342831,0.000103223417282105,0.00821244970310698,-14939.735605946
1287,1289,12,-0.7988,1.2448,-3.2925,-0.9293,1.3523,-3.3993,0.0798,0.2,0.4314,0.3922,0.1961,20.8906,"2",7.0312e-08,0.00865169520312063,0.000391061394822856,0.000103222095528764,0.00810922628572077,-14939.5493392101
1288,1290,12,-0.9293,1.3523,-3.3993,-1.0758,1.442,-3.5018,0.0798,0.2,0.4314,0.3922,0.1961,21.0008,"2",7.0312e-08,0.00865169520312063,0.000391056451043451,0.000103220790599981,0.00800600419010197,-14939.3654586295
1289,1291,12,-1.0758,1.442,-3.5018,-1.2169,1.5409,-3.6033,0.0798,0.2,0.4314,0.3922,0.1961,21.1114,"2",7.0312e-08,0.00865169520312063,0.00039105157100381,0.000103219502495544,0.00790278339959509,-14939.1839641742
1290,1292,12,-1.2169,1.5409,-3.6033,-1.3457,1.6271,-3.7297,0.0798,0.2,0.4314,0.3922,0.1961,21.2223,"2",7.0312e-08,0.00865169520312063,0.000391046754703138,0.000103218231215242,0.00779956389702421,-14939.0048558146
1291,1293,12,-1.3457,1.6271,-3.7297,-1.484,1.7009,-3.8539,0.0798,0.2,0.4314,0.3922,0.1961,21.3337,"2",7.0312e-08,0.00865169520312063,0.00039104200214065,0.000103216976758868,0.0076963456661242,-14938.8281335216
1292,1294,12,-1.484,1.7009,-3.8539,-1.6153,1.8111,-3.957,0.0798,0.2,0.4314,0.3922,0.1961,21.4453,"2",7.0312e-08,0.00865169520312063,0.00039103731331557,0.000103215739126219,0.00759312868919864,-14938.6537972663
1293,1295,12,-1.6153,1.8111,-3.957,-1.7444,1.9227,-4.0613,0.0798,0.2,0.4314,0.3922,0.1961,21.5574,"2",7.0312e-08,0.00865169520312063,0.000391032688227136,0.000103214518317091,0.00748991295011255,-14938.4818470204
1294,1296,12,-1.7444,1.9227,-4.0613,-1.8741,2.0322,-4.1671,0.0798,0.2,0.4314,0.3922,0.1961,21.6698,"2",7.0312e-08,0.00865169520312063,0.000391028126874592,0.000103213314331287,0.00738669843182009,-14938.3122827557
1295,1297,12,-1.8741,2.0322,-4.1671,-2.0267,2.1058,-4.2734,0.0798,0.2,0.4314,0.3922,0.1961,21.7826,"2",7.0312e-08,0.00865169520312063,0.000391023629257196,0.000103212127168609,0.00728348511740557,-14938.1451044447
1296,1298,12,-2.0267,2.1058,-4.2734,-2.1623,2.1912,-4.3929,0.0798,0.2,0.4314,0.3922,0.1961,21.8958,"2",7.0312e-08,0.00865169520312063,0.000391019195374214,0.000103210956828865,0.00718027299034362,-14937.9803120602
1297,1299,12,-2.1623,2.1912,-4.3929,-2.302,2.2718,-4.5113,0.0798,0.2,0.4314,0.3922,0.1961,22.0093,"2",7.0325273425e-08,0.00865169520312063,0.000391088640592109,0.000103229287149911,0.0070770620334969,-14937.8179058004
1298,1300,12,-2.302,2.2718,-4.5113,-2.4451,2.3768,-4.6035,0.0798,0.2,0.4314,0.3922,0.1961,22.1232,"2",7.04878372e-08,0.00865169520312063,0.00039198836323799,0.000103466772256168,0.00697383274630404,-14937.6578886222
1299,1301,12,-2.4451,2.3768,-4.6035,-2.606,2.4463,-4.6997,0.0798,0.2,0.4314,0.3922,0.1961,22.2375,"2",7.0650971875e-08,0.00865169520312063,0.000392891304955124,0.000103705107048138,0.00687036597438679,-14937.5002660253
1300,1302,12,-2.606,2.4463,-4.6997,-2.7688,2.5122,-4.7955,0.0798,0.2,0.4314,0.3922,0.1961,22.3522,"2",7.081467745e-08,0.00865169520312063,0.000393797466233113,0.000103944291655055,0.00676666086702586,-14937.3450435291
1301,1303,12,-2.7688,2.5122,-4.7955,-2.9153,2.6244,-4.8726,0.0798,0.2,0.4314,0.3922,0.1961,22.4673,"2",7.0978953925e-08,0.00865169520312063,0.000394706847566574,0.000104184326207474,0.00666271657577565,-14937.1922266725
1302,1304,12,-2.9153,2.6244,-4.8726,-3.0717,2.7286,-4.9409,0.0798,0.2,0.4314,0.3922,0.1961,22.5828,"2",7.11438013e-08,0.00865169520312063,0.000395619449455164,0.000104425210837281,0.00655853224933634,-14937.0418210144
1303,1305,12,-3.0717,2.7286,-4.9409,-3.2228,2.8388,-5.0119,0.0798,0.2,0.4314,0.3922,0.1961,22.6986,"2",7.130907685e-08,0.00865169520312063,0.000396534478740463,0.00010466673618739,0.00645410703878066,-14936.8938321306
1304,1306,12,-3.2228,2.8388,-5.0119,-3.3733,2.9515,-5.0801,0.0798,0.2,0.4314,0.3922,0.1961,22.8149,"2",7.1475066025e-08,0.00865169520312063,0.000397453523266336,0.000104909321375038,0.00634944030245203,-14936.7482656166
1305,1307,12,-3.3733,2.9515,-5.0801,-3.506,3.0725,-5.168,0.0798,0.2,0.4314,0.3922,0.1961,22.9316,"2",7.16416261e-08,0.00865169520312063,0.000398375789876438,0.000105152757043685,0.00624453098090187,-14936.60512709
1306,1308,12,-3.506,3.0725,-5.168,-3.642,3.1861,-5.2609,0.0798,0.2,0.4314,0.3922,0.1961,23.0486,"2",7.180861435e-08,0.00865169520312063,0.000399300485451101,0.000105396833846475,0.00613937822387401,-14936.4644221859
1307,1309,12,-3.642,3.1861,-5.2609,-3.7837,3.2789,-5.3671,0.0798,0.2,0.4314,0.3922,0.1961,23.1661,"2",7.1976316225e-08,0.00865169520312063,0.000400229197802159,0.000105641970892189,0.00603398139040897,-14936.3261565586
1308,1310,12,-3.7837,3.2789,-5.3671,-3.9266,3.3751,-5.4687,0.0798,0.2,0.4314,0.3922,0.1961,23.284,"2",7.2144589e-08,0.00865169520312063,0.000401161133812525,0.000105887958834651,0.00592833941920748,-14936.1903358848
1309,1311,12,-3.9266,3.3751,-5.4687,-4.0664,3.4853,-5.5599,0.0798,0.2,0.4314,0.3922,0.1961,23.4022,"2",7.231328995e-08,0.00865169520312063,0.000402095500400261,0.000106134588336962,0.00582245146057898,-14936.0569658585
1310,1312,12,-4.0664,3.4853,-5.5599,-4.1922,3.6188,-5.6396,0.0798,0.2,0.4314,0.3922,0.1961,23.5209,"2",7.2482704525e-08,0.00865169520312063,0.000403033885347712,0.00010638227850012,0.00571631687208206,-14935.9260521931
1311,1313,12,-4.1922,3.6188,-5.6396,-4.315,3.7464,-5.7326,0.0798,0.2,0.4314,0.3922,0.1961,23.64,"2",7.265269e-08,0.00865169520312063,0.000403975495576029,0.000106630819988042,0.00560993459338032,-14935.7976006244
1312,1314,12,-4.315,3.7464,-5.7326,-4.4309,3.8899,-5.8098,0.0798,0.2,0.4314,0.3922,0.1961,23.7596,"2",7.28233891e-08,0.00865169520312063,0.000404921125232498,0.00010688042241883,0.00550330377359882,-14935.67161691
1313,1315,12,-4.4309,3.8899,-5.8098,-4.5434,4.0355,-5.8882,0.0798,0.2,0.4314,0.3922,0.1961,23.8795,"2",7.2994516375e-08,0.00865169520312063,0.000405869187674235,0.000107130666992249,0.00539642335122821,-14935.5481068275
1314,1316,12,-4.5434,4.0355,-5.8882,-4.6452,4.1821,-5.9785,0.0798,0.2,0.4314,0.3922,0.1961,23.9999,"2",7.3166357275e-08,0.00865169520312063,0.00040682127064879,0.000107381972800114,0.00528929268411019,-14935.427076174
1315,1317,12,-4.6452,4.1821,-5.9785,-4.7555,4.3308,-6.0543,0.0798,0.2,0.4314,0.3922,0.1961,24.1207,"2",7.3338769075e-08,0.00865169520312063,0.000407776581127246,0.000107634130519521,0.00518191071131655,-14935.3085307686
1316,1318,12,-4.7555,4.3308,-6.0543,-4.8297,4.4927,-6.1452,0.0798,0.2,0.4314,0.3922,0.1961,24.2419,"2",7.3511751775e-08,0.00865169520312063,0.000408735119682247,0.000107887140301623,0.00507427658069979,-14935.1924764504
1317,1319,12,-4.8297,4.4927,-6.1452,-4.9039,4.6552,-6.2351,0.0798,0.2,0.4314,0.3922,0.1961,24.3636,"2",7.36854481e-08,0.00865169520312063,0.000409697680455539,0.000108141211763057,0.00496638944079199,-14935.0789190805
1318,1320,12,-4.9039,4.6552,-6.2351,-4.9586,4.8203,-6.3338,0.0798,0.2,0.4314,0.3922,0.1961,24.4857,"2",7.3859715325e-08,0.00865169520312063,0.000410663470454596,0.000108396135590525,0.00485824822911258,-14934.9678645419
1319,1321,12,-4.9586,4.8203,-6.3338,-4.96,4.9819,-6.4517,0.0798,0.2,0.4314,0.3922,0.1961,24.6083,"2",7.4034696175e-08,0.00865169520312063,0.000411633283820363,0.000108652121400455,0.00474985209325316,-14934.8593187401
1320,1322,12,-4.96,4.9819,-6.4517,-4.9778,5.1277,-6.5874,0.0798,0.2,0.4314,0.3922,0.1961,24.7312,"2",7.42101052e-08,0.00865169520312063,0.000412605534038257,0.00010890875042648,0.00464119997163302,-14934.7532876
1321,1323,12,-4.9778,5.1277,-6.5874,-4.9865,5.2824,-6.7139,0.0798,0.2,0.4314,0.3922,0.1961,24.8547,"2",7.4386370575e-08,0.00865169520312063,0.000413582602346444,0.000109166651205184,0.00453229122147078,-14934.6497770688
1322,1324,12,-4.9865,5.2824,-6.7139,-5.0052,5.4114,-6.8656,0.0798,0.2,0.4314,0.3922,0.1961,24.9786,"2",7.456320685e-08,0.00865169520312063,0.000414562902247939,0.000109425404974844,0.00442312457034382,-14934.5487931182
1323,1325,12,-5.0052,5.4114,-6.8656,-5.0196,5.5207,-7.0325,0.0798,0.2,0.4314,0.3922,0.1961,25.1029,"2",7.4740614025e-08,0.00865169520312063,0.000415546434354681,0.000109685011896984,0.00431369916533171,-14934.4503417396
1324,1326,12,-5.0196,5.5207,-7.0325,-5.0512,5.593,-7.2162,0.0798,0.2,0.4314,0.3922,0.1961,25.2277,"2",7.4918734825e-08,0.00865169520312063,0.000416533992808096,0.000109945681588158,0.00420401415345095,-14934.3544289467
1325,1327,12,-5.0512,5.593,-7.2162,-5.0808,5.6616,-7.4018,0.0798,0.2,0.4314,0.3922,0.1961,25.353,"2",7.509756925e-08,0.00865169520312063,0.000417525578215816,0.000110207414208753,0.0040940684717829,-14934.2610607775
1326,1328,12,-5.0808,5.6616,-7.4018,-5.1448,5.6835,-7.59,0.0798,0.2,0.4314,0.3922,0.1961,25.4787,"2",7.5276974575e-08,0.00865169520312063,0.000418520397678042,0.000110470000469947,0.00398386105761149,-14934.1702432925
1327,1329,12,-5.1448,5.6835,-7.59,-5.2076,5.7045,-7.7787,0.0798,0.2,0.4314,0.3922,0.1961,25.6048,"2",7.54569508e-08,0.00865169520312063,0.000419518451829801,0.000110733440539357,0.00387339105708524,-14934.0819825715
1328,1330,12,-5.2076,5.7045,-7.7787,-5.2486,5.7056,-7.9745,0.0798,0.2,0.4314,0.3922,0.1961,25.7315,"2",7.5637783375e-08,0.00865169520312063,0.000420521328320315,0.000110998153482844,0.00376265761648854,-14933.9962847192
1329,1331,12,-5.2486,5.7056,-7.9745,-5.2537,5.7093,-8.1744,0.0798,0.2,0.4314,0.3922,0.1961,25.8586,"2",7.581918685e-08,0.00865169520312063,0.000421527440769044,0.00011126372056942,0.003651659463025,-14933.9131558649
1330,1332,12,-5.2537,5.7093,-8.1744,-5.2679,5.6959,-8.3734,0.0798,0.2,0.4314,0.3922,0.1961,25.9862,"2",7.600130395e-08,0.00865169520312063,0.000422537583324146,0.000111530351417416,0.00354039574264069,-14933.8326021599
1331,1333,12,-5.2679,5.6959,-8.3734,-5.2823,5.6823,-8.5724,0.0798,0.2,0.4314,0.3922,0.1961,26.1143,"2",7.6184134675e-08,0.00865169520312063,0.000423551756631327,0.00011179804619727,0.00342886539129001,-14933.7546297802
1332,1334,12,-5.2823,5.6823,-8.5724,-5.3098,5.6703,-8.7702,0.0798,0.2,0.4314,0.3922,0.1961,26.2429,"2",7.6367679025e-08,0.00865169520312063,0.000424569961342913,0.000112066805081166,0.00331706734512728,-14933.6792449263
1333,1335,12,-5.3098,5.6703,-8.7702,-5.3204,5.6575,-8.9695,0.0798,0.2,0.4314,0.3922,0.1961,26.3719,"2",7.6551794275e-08,0.00865169520312063,0.000425591404635029,0.000112336418800321,0.00320500054038594,-14933.606453821
1334,1336,12,-5.3204,5.6575,-8.9695,-5.3441,5.68,-9.1668,0.0798,0.2,0.4314,0.3922,0.1961,26.5015,"2",7.6736765875e-08,0.00865169520312063,0.000426617674142724,0.000112607306416853,0.00309266412148682,-14933.5362627116
1335,1337,12,-5.3441,5.68,-9.1668,-5.3547,5.6834,-9.3665,0.0798,0.2,0.4314,0.3922,0.1961,26.6315,"2",7.6922308375e-08,0.00865169520312063,0.000427647183576239,0.00011287904922374,0.00298005681513055,-14933.46867787
1336,1338,12,-5.3547,5.6834,-9.3665,-5.3888,5.723,-9.5595,0.0798,0.2,0.4314,0.3922,0.1961,26.7621,"2",7.7108707225e-08,0.00865169520312063,0.000428681520568526,0.000113152066282545,0.00286717776604219,-14933.4037055929
1337,1339,12,-5.3888,5.723,-9.5595,-5.4573,5.7499,-9.7455,0.0798,0.2,0.4314,0.3922,0.1961,26.8931,"2",7.7295676975e-08,0.00865169520312063,0.00042971909885823,0.000113425938893742,0.00275402569937234,-14933.3413522014
1338,1340,12,-5.4573,5.7499,-9.7455,-5.5265,5.7781,-9.931,0.0798,0.2,0.4314,0.3922,0.1961,27.0247,"2",7.7483503075e-08,0.00865169520312063,0.00043076150607744,0.000113701086118668,0.00264059976065409,-14933.2816240414
1339,1341,12,-5.5265,5.7781,-9.931,-5.5807,5.8318,-10.1159,0.0798,0.2,0.4314,0.3922,0.1961,27.1567,"2",7.7671900075e-08,0.00865169520312063,0.000431807155992174,0.000113977089265021,0.00252689867437648,-14933.2245274832
1340,1342,12,-5.5807,5.8318,-10.1159,-5.6433,5.8711,-10.3017,0.0798,0.2,0.4314,0.3922,0.1961,27.2893,"2",7.7861153425e-08,0.00865169520312063,0.000432857636234899,0.000114254367394238,0.00241292158505503,-14933.1700689219
1341,1343,12,-5.6433,5.8711,-10.3017,-5.6747,5.8767,-10.4992,0.0798,0.2,0.4314,0.3922,0.1961,27.4224,"2",7.80511204e-08,0.00865169520312063,0.000433912154053769,0.00011453271125655,0.0022986672177104,-14933.1182547797
1342,1344,12,-5.6747,5.8767,-10.4992,-5.703,5.8937,-10.6964,0.0798,0.2,0.4314,0.3922,0.1961,27.556,"2",7.8241801e-08,0.00865169520312063,0.000434970710168687,0.000114812121041978,0.00218413450599216,-14933.0690915033
1343,1345,12,-5.703,5.8937,-10.6964,-5.6882,5.8907,-10.8958,0.0798,0.2,0.4314,0.3922,0.1961,27.6902,"2",7.843333795e-08,0.00865169520312063,0.000436034098756923,0.000115092806376538,0.0020693223851233,-14933.0225855665
1344,1346,12,-5.6882,5.8907,-10.8958,-5.6841,5.9043,-11.0953,0.0798,0.2,0.4314,0.3922,0.1961,27.8249,"2",7.8625588525e-08,0.00865169520312063,0.000437101527096989,0.000115374558018472,0.00195422957882126,-14932.9787434702
1345,1347,12,-5.6841,5.9043,-11.0953,-5.6972,5.9105,-11.2948,0.0798,0.2,0.4314,0.3922,0.1961,27.9601,"2",7.8818552725e-08,0.00865169520312063,0.000438172995930151,0.000115657376163441,0.00183885502069779,-14932.93757174
1346,1348,12,-5.6972,5.9105,-11.2948,-5.7055,5.9107,-11.4946,0.0798,0.2,0.4314,0.3922,0.1961,28.0958,"2",7.901223055e-08,0.00865169520312063,0.000439248506004664,0.000115941261008949,0.00172319764498971,-14932.899076926
1347,1349,12,-5.7055,5.9107,-11.4946,-5.6984,5.9113,-11.6945,0.0798,0.2,0.4314,0.3922,0.1961,28.2321,"2",7.9206764725e-08,0.00865169520312063,0.00044032885151733,0.000116226422186168,0.00160725638392998,-14932.8632656054
1348,1350,12,-5.6984,5.9113,-11.6945,-5.715,5.9043,-11.8937,0.0798,0.2,0.4314,0.3922,0.1961,28.369,"2",7.940215525e-08,0.00865169520312063,0.000441414033224993,0.000116512859894868,0.00149102996154148,-14932.8301443852
1349,1351,12,-5.715,5.9043,-11.8937,-5.7298,5.8979,-12.093,0.0798,0.2,0.4314,0.3922,0.1961,28.5064,"2",7.95982594e-08,0.00865169520312063,0.000442503258454639,0.00011680036490609,0.00137451710143061,-14932.7997198992
1350,1352,12,-5.7298,5.8979,-12.093,-5.7581,5.8824,-12.2904,0.0798,0.2,0.4314,0.3922,0.1961,28.6443,"2",7.9795077175e-08,0.00865169520312063,0.000443596527983907,0.000117088937425093,0.00125771673662615,-14932.7719988059
1351,1353,12,-5.7581,5.8824,-12.2904,-5.8108,5.8531,-12.4811,0.0798,0.2,0.4314,0.3922,0.1961,28.7828,"2",7.99927513e-08,0.00865169520312063,0.000444694636032503,0.000117378787089093,0.00114062779924601,-14932.746987791
1352,1354,12,-5.8108,5.8531,-12.4811,-5.8427,5.8377,-12.678,0.0798,0.2,0.4314,0.3922,0.1961,28.9219,"2",8.0191281775e-08,0.00865169520312063,0.000445797583388644,0.000117669914106145,0.00102324901184726,-14932.7246935697
1353,1355,12,-5.8427,5.8377,-12.678,-5.8744,5.8237,-12.8749,0.0798,0.2,0.4314,0.3922,0.1961,29.0616,"2",8.03906686e-08,0.00865169520312063,0.000446905370848767,0.00011796231868647,0.00090557909785319,-14932.7051228866
1354,1356,12,-5.8744,5.8237,-12.8749,-5.9413,5.8566,-13.0605,0.0798,0.2,0.4314,0.3922,0.1961,29.2018,"2",8.059076905e-08,0.00865169520312063,0.000448017205786018,0.00011825579161329,0.000787616779079931,-14932.6882825135
1355,1357,12,-5.9413,5.8566,-13.0605,-5.9812,5.8911,-13.2534,0.0798,0.2,0.4314,0.3922,0.1961,29.3426,"2",8.079172585e-08,0.00865169520312063,0.000449133882446428,0.000118550542530772,0.000669360987298424,-14932.6741792496
1356,1358,12,-5.9812,5.8911,-13.2534,-6.006,5.9203,-13.4497,0.0798,0.2,0.4314,0.3922,0.1961,29.484,"2",8.0993539e-08,0.00865169520312063,0.000450255401650683,0.000118846571655537,0.000550810445030749,-14932.6628199231
1357,1359,12,-6.006,5.9203,-13.4497,-6.0296,5.9574,-13.6448,0.0798,0.2,0.4314,0.3922,0.1961,29.626,"2",8.11962085e-08,0.00865169520312063,0.000451381764227814,0.000119143879206412,0.000431963873485285,-14932.6542113922
1358,1360,12,-6.0296,5.9574,-13.6448,-6.0504,5.9904,-13.841,0.0798,0.2,0.4314,0.3922,0.1961,29.7686,"2",8.139973435e-08,0.00865169520312063,0.000452512971015233,0.000119442465404435,0.000312819994030644,-14932.6483605444
1359,1361,12,-6.0504,5.9904,-13.841,-6.0751,6.0213,-14.037,0.0798,0.2,0.4314,0.3922,0.1961,29.9118,"2",8.160411655e-08,0.00865169520312063,0.000453649022858766,0.000119742330472865,0.000193377528839364,-14932.645274297
1360,1362,12,-6.0751,6.0213,-14.037,-6.0919,6.0368,-14.1577,0.0798,0.1228,0.4314,0.3922,0.1961,30,"2",8.173e-08,0.00865169520312063,0.000278970148154765,7.36351981139653e-05,7.36351978647989e-05,-14932.6447517172
19,1363,13,0.068,-0.0743,-2.4577,-0.1039,-0.1171,-2.5505,0.1887,0.2,0.4314,0.3922,0.1961,20.3703,"2",7.0312e-08,0.00865169520312063,0.000924429850965563,0.000244006664041161,0.00551518840926917,-14934.8621455256
1362,1364,13,-0.1039,-0.1171,-2.5505,-0.2721,-0.1703,-2.6448,0.0811,0.2,0.4314,0.3922,0.1961,20.5595,"2",7.0312e-08,0.00865169520312063,0.000397300656821479,0.000104868971713877,0.00527118174530932,-14934.7415044937
1363,1365,13,-0.2721,-0.1703,-2.6448,-0.4236,-0.1497,-2.7737,0.0811,0.2,0.4314,0.3922,0.1961,20.7492,"2",7.0312e-08,0.00865169520312063,0.000397297414605595,0.000104868115919053,0.00516631277350651,-14934.6232876928
1364,1366,13,-0.4236,-0.1497,-2.7737,-0.5887,-0.1067,-2.8781,0.0811,0.2,0.4314,0.3922,0.1961,20.9396,"2",7.0312e-08,0.00865169520312063,0.000397294238201653,0.000104867277495533,0.00506144465749874,-14934.5074951034
1365,1367,13,-0.5887,-0.1067,-2.8781,-0.7589,-0.0846,-2.9807,0.0811,0.2,0.4314,0.3922,0.1961,21.1305,"2",7.0312e-08,0.00865169520312063,0.000397291127609124,0.000104866456443178,0.00495657737983953,-14934.3941267064
1366,1368,13,-0.7589,-0.0846,-2.9807,-0.9075,-0.0203,-3.0981,0.0811,0.2,0.4314,0.3922,0.1961,21.3221,"2",7.0312e-08,0.00865169520312063,0.000397288082827496,0.000104865652761853,0.00485171092321361,-14934.2831824829
1367,1369,13,-0.9075,-0.0203,-3.0981,-1.0488,0.0479,-3.2221,0.0811,0.2,0.4314,0.3922,0.1961,21.5142,"2",7.0312e-08,0.00865169520312063,0.000397285103856263,0.000104864866451423,0.00474684527043685,-14934.1746624146
1368,1370,13,-1.0488,0.0479,-3.2221,-1.1896,0.1155,-3.3472,0.0811,0.2,0.4314,0.3922,0.1961,21.707,"2",7.0312e-08,0.00865169520312063,0.000397282190694931,0.00010486409751176,0.00464198040393162,-14934.0685664835
1369,1371,13,-1.1896,0.1155,-3.3472,-1.3486,0.1814,-3.4489,0.0811,0.2,0.4314,0.3922,0.1961,21.9004,"2",7.0312e-08,0.00865169520312063,0.000397279343343019,0.000104863345942735,0.00453711630638263,-14933.964894672
1370,1372,13,-1.3486,0.1814,-3.4489,-1.495,0.2445,-3.5697,0.0811,0.2,0.4314,0.3922,0.1961,22.0944,"2",7.04467324e-08,0.00865169520312063,0.00039803782625158,0.00010506355030011,0.00443225296042185,-14933.8636492854
1371,1373,13,-1.495,0.2445,-3.5697,-1.6287,0.3022,-3.7068,0.0811,0.2,0.4314,0.3922,0.1961,22.2891,"2",7.0724617975e-08,0.00865169520312063,0.000399605202638491,0.000105477265070427,0.00432718940995626,-14933.7648374198
1372,1374,13,-1.6287,0.3022,-3.7068,-1.7571,0.3655,-3.8465,0.0811,0.2,0.4314,0.3922,0.1961,22.4844,"2",7.10033599e-08,0.00865169520312063,0.000401177462884797,0.000105892268953421,0.00422171214504166,-14933.6684686538
1373,1375,13,-1.7571,0.3655,-3.8465,-1.8774,0.4352,-3.9903,0.0811,0.2,0.4314,0.3922,0.1961,22.6803,"2",7.1282958175e-08,0.00865169520312063,0.000402754607944991,0.000106308562201032,0.00411581987631742,-14933.5745525959
1374,1376,13,-1.8774,0.4352,-3.9903,-1.9956,0.5092,-4.1336,0.0811,0.2,0.4314,0.3922,0.1961,22.8768,"2",7.15634128e-08,0.00865169520312063,0.000404336638783381,0.000106726145067793,0.00400951131433549,-14933.4830988844
1375,1377,13,-1.9956,0.5092,-4.1336,-2.0921,0.5745,-4.2962,0.0811,0.2,0.4314,0.3922,0.1961,23.074,"2",7.18448665e-08,0.00865169520312063,0.000405924362772134,0.000107145230662561,0.00390278516914617,-14933.3941171899
1376,1378,13,-2.0921,0.5745,-4.2962,-2.1842,0.6322,-4.4641,0.0811,0.2,0.4314,0.3922,0.1961,23.2719,"2",7.2127319275e-08,0.00865169520312063,0.000407517780880966,0.000107565819241298,0.00379563993827872,-14933.3076172176
1377,1379,13,-2.1842,0.6322,-4.4641,-2.2936,0.6958,-4.6189,0.0811,0.2,0.4314,0.3922,0.1961,23.4704,"2",7.24106284e-08,0.00865169520312063,0.000409116087702056,0.00010798769821364,0.00368807411888788,-14933.2236087052
1378,1380,13,-2.2936,0.6958,-4.6189,-2.3853,0.7381,-4.7915,0.0811,0.2,0.4314,0.3922,0.1961,23.6695,"2",7.2694793875e-08,0.00865169520312063,0.000410719284240563,0.000108410867844905,0.00358008642104397,-14933.1421014201
1379,1381,13,-2.3853,0.7381,-4.7915,-2.4919,0.7559,-4.9598,0.0811,0.2,0.4314,0.3922,0.1961,23.8693,"2",7.2979958425e-08,0.00865169520312063,0.000412328177891197,0.0001088355412499,0.00347167555290314,-14933.0631051621
1380,1382,13,-2.4919,0.7559,-4.9598,-2.5985,0.7737,-5.1281,0.0811,0.2,0.4314,0.3922,0.1961,24.0698,"2",7.326612205e-08,0.00865169520312063,0.000413942769666589,0.000109261718695912,0.00336284001155016,-14932.9866297656
1381,1383,13,-2.5985,0.7737,-5.1281,-2.699,0.7862,-5.3006,0.0811,0.2,0.4314,0.3922,0.1961,24.271,"2",7.355328475e-08,0.00865169520312063,0.000415563060590513,0.00010968940045317,0.00325357829276414,-14932.9126851
1382,1384,13,-2.699,0.7862,-5.3006,-2.7689,0.7413,-5.4825,0.0811,0.2,0.4314,0.3922,0.1961,24.4728,"2",7.38413038e-08,0.00865169520312063,0.000417188245330896,0.000110118373951308,0.00314388889248887,-14932.8412810667
1383,1385,13,-2.7689,0.7413,-5.4825,-2.8421,0.6918,-5.6619,0.0811,0.2,0.4314,0.3922,0.1961,24.6753,"2",7.4130321925e-08,0.00865169520312063,0.0004188191313086,0.000110548852312035,0.00303377051846242,-14932.7724275997
1384,1386,13,-2.8421,0.6918,-5.6619,-2.8749,0.6335,-5.8504,0.0811,0.2,0.4314,0.3922,0.1961,24.8785,"2",7.4420339125e-08,0.00865169520312063,0.000420455719580604,0.000110980835814346,0.00292322166606352,-14932.7061346678
1385,1387,13,-2.8749,0.6335,-5.8504,-2.9068,0.5721,-6.0381,0.0811,0.2,0.4314,0.3922,0.1961,25.0823,"2",7.4711212675e-08,0.00865169520312063,0.000422097204859379,0.00011141411189963,0.00281224083037827,-14932.6424122719
1386,1388,13,-2.9068,0.5721,-6.0381,-2.9301,0.52,-6.2297,0.0811,0.2,0.4314,0.3922,0.1961,25.2869,"2",7.5003228025e-08,0.00865169520312063,0.000423745200939747,0.000111849106534976,0.00270082671834828,-14932.5812704479
1387,1389,13,-2.9301,0.52,-6.2297,-2.913,0.4894,-6.4267,0.0811,0.2,0.4314,0.3922,0.1961,25.4922,"2",7.529624245e-08,0.00865169520312063,0.000425398902553503,0.000112285607166874,0.00258897761167756,-14932.522719269
1388,1390,13,-2.913,0.4894,-6.4267,-2.9111,0.4889,-6.6266,0.0811,0.2,0.4314,0.3922,0.1961,25.6981,"2",7.5590113225e-08,0.00865169520312063,0.000427057504457464,0.000112723401248421,0.00247669200467838,-14932.4667688405
1389,1391,13,-2.9111,0.4889,-6.6266,-2.9125,0.4801,-6.8264,0.0811,0.2,0.4314,0.3922,0.1961,25.9048,"2",7.58851258e-08,0.00865169520312063,0.000428722620460861,0.000113162914750507,0.00236396860343392,-14932.4134293028
1390,1392,13,-2.9125,0.4801,-6.8264,-2.936,0.4729,-7.0249,0.0811,0.2,0.4314,0.3922,0.1961,26.1122,"2",7.618113745e-08,0.00865169520312063,0.000430393445340616,0.000113603935131534,0.00225080568870607,-14932.3627108335
1391,1393,13,-2.936,0.4729,-7.0249,-2.9509,0.4534,-7.2234,0.0811,0.2,0.4314,0.3922,0.1961,26.3203,"2",7.6478148175e-08,0.00865169520312063,0.000432069980234507,0.000114046462691824,0.00213720175366821,-14932.314623645
1392,1394,13,-2.9509,0.4534,-7.2234,-2.9647,0.4197,-7.4201,0.0811,0.2,0.4314,0.3922,0.1961,26.5291,"2",7.6776157975e-08,0.00865169520312063,0.000433752226292094,0.000114490497734807,0.00202315529082278,-14932.2691779845
1393,1395,13,-2.9647,0.4197,-7.4201,-2.9667,0.3826,-7.6166,0.0811,0.2,0.4314,0.3922,0.1961,26.7386,"2",7.707516685e-08,0.00865169520312063,0.000435440184674774,0.000114936040567038,0.00190866479311596,-14932.2263841343
1394,1396,13,-2.9667,0.3826,-7.6166,-2.9643,0.3449,-7.813,0.0811,0.2,0.4314,0.3922,0.1961,26.9489,"2",7.7375317525e-08,0.00865169520312063,0.000437134662885933,0.00011538330433201,0.00179372875261298,-14932.1862524137
1395,1397,13,-2.9643,0.3449,-7.813,-2.9631,0.3142,-8.0106,0.0811,0.2,0.4314,0.3922,0.1961,27.1599,"2",7.7676467275e-08,0.00865169520312063,0.000438834855776611,0.000115832076507689,0.00167834544807186,-14932.1487931794
1396,1398,13,-2.9631,0.3142,-8.0106,-2.9411,0.2966,-8.2086,0.0811,0.2,0.4314,0.3922,0.1961,27.3717,"2",7.7978758825e-08,0.00865169520312063,0.000440541570870636,0.000116282570242965,0.00156251337177042,-14932.1140168257
1397,1399,13,-2.9411,0.2966,-8.2086,-2.9104,0.2862,-8.406,0.0811,0.2,0.4314,0.3922,0.1961,27.5842,"2",7.828204945e-08,0.00865169520312063,0.000442254003048465,0.000116734573023568,0.00144623080140177,-14932.0819337839
1398,1400,13,-2.9104,0.2862,-8.406,-2.8844,0.2527,-8.6014,0.0811,0.2,0.4314,0.3922,0.1961,27.7974,"2",7.858633915e-08,0.00865169520312063,0.000443972153532795,0.000117188085172233,0.00132949622851167,-14932.0525545204
1399,1401,13,-2.8844,0.2527,-8.6014,-2.8657,0.2161,-8.7972,0.0811,0.2,0.4314,0.3922,0.1961,28.0114,"2",7.889177065e-08,0.00865169520312063,0.000445696829879411,0.000117643319846286,0.00121230814343692,-14932.0258895388
1400,1402,13,-2.8657,0.2161,-8.7972,-2.8615,0.1811,-8.994,0.0811,0.2,0.4314,0.3922,0.1961,28.2262,"2",7.919834395e-08,0.00865169520312063,0.00044742803333146,0.000118100277373858,0.00109466482346228,-14932.0019493827
1401,1403,13,-2.8615,0.1811,-8.994,-2.863,0.124,-9.1857,0.0811,0.2,0.4314,0.3922,0.1961,28.4417,"2",7.9505916325e-08,0.00865169520312063,0.000449164958827235,0.000118558745255947,0.000976564546132904,-14931.980744633
1402,1404,13,-2.863,0.124,-9.1857,-2.8345,0.0596,-9.3729,0.0811,0.2,0.4314,0.3922,0.1961,28.6581,"2",7.9814773225e-08,0.00865169520312063,0.000450909220274158,0.000119019149489361,0.000858005800781124,-14931.9622859103
1403,1405,13,-2.8345,0.0596,-9.3729,-2.801,0.0072,-9.563,0.0811,0.2,0.4314,0.3922,0.1961,28.8752,"2",8.01246292e-08,0.00865169520312063,0.000452659206320057,0.000119481064751761,0.000738986651262048,-14931.9465838752
1404,1406,13,-2.801,0.0072,-9.563,-2.7659,-0.0465,-9.7524,0.0811,0.2,0.4314,0.3922,0.1961,29.093,"2",8.043548425e-08,0.00865169520312063,0.000454414918264271,0.00011994449138611,0.000619505586294565,-14931.9336492232
1405,1407,13,-2.7659,-0.0465,-9.7524,-2.7403,-0.1118,-9.9397,0.0811,0.2,0.4314,0.3922,0.1961,29.3117,"2",8.0747623825e-08,0.00865169520312063,0.000456177970048307,0.000120409855398214,0.000499561095095116,-14931.9234926897
1406,1408,13,-2.7403,-0.1118,-9.9397,-2.7549,-0.1893,-10.1235,0.0811,0.2,0.4314,0.3922,0.1961,29.5312,"2",8.10609052e-08,0.00865169520312063,0.000457947556679877,0.000120876944307394,0.000379151239762597,-14931.9161250524
1407,1409,13,-2.7549,-0.1893,-10.1235,-2.7667,-0.2671,-10.3074,0.0811,0.2,0.4314,0.3922,0.1961,29.7515,"2",8.1375328375e-08,0.00865169520312063,0.000459723679496711,0.00012134575846675,0.000258274295697182,-14931.9115571288
1408,1410,13,-2.7667,-0.2671,-10.3074,-2.7859,-0.3386,-10.4932,0.0811,0.2,0.4314,0.3922,0.1961,29.9725,"2",8.1690750625e-08,0.00865169520312063,0.000461505533536629,0.000121816085403547,0.000136928536893004,-14931.9097997739
1409,1411,13,-2.7859,-0.3386,-10.4932,-2.7883,-0.3474,-10.5162,0.0811,0.0248,0.4314,0.3922,0.1961,30,"2",8.173e-08,0.00865169520312063,5.72541788816732e-05,1.5112451395572e-05,1.51124499503074e-05,-14931.9097781141
21,1412,14,0.0959,-0.0779,-2.75,0.1527,-0.2543,-2.8251,0.1887,0.2,0.4314,0.3922,0.1961,20.6888,"2",7.0312e-08,0.00865169520312063,0.000924137604906519,0.00024392952461747,0.00560756241690022,-14930.2344429215
1411,1413,14,0.1527,-0.2543,-2.8251,0.2172,-0.4272,-2.9024,0.05,0.2,0.4314,0.3922,0.1961,20.7934,"2",7.0312e-08,0.00865169520312063,0.000244867442844878,6.46336634396439e-05,0.00536363289287742,-14930.111199652
1412,1414,14,0.2172,-0.4272,-2.9024,0.2752,-0.6077,-2.9661,0.05,0.2,0.4314,0.3922,0.1961,20.8982,"2",7.0312e-08,0.00865169520312063,0.00024486539260707,6.4633122271823e-05,0.00529899922952205,-14929.9894505034
1413,1415,14,0.2752,-0.6077,-2.9661,0.3463,-0.7835,-3.0296,0.05,0.2,0.4314,0.3922,0.1961,21.0034,"2",7.0312e-08,0.00865169520312063,0.000244863367376488,6.46325877047514e-05,0.00523436610742317,-14929.8691954633
1414,1416,14,0.3463,-0.7835,-3.0296,0.4367,-0.9598,-3.0568,0.05,0.2,0.4314,0.3922,0.1961,21.109,"2",7.0312e-08,0.00865169520312063,0.000244861367152924,6.46320597383746e-05,0.00516973351988586,-14929.7504345193
1415,1417,14,0.4367,-0.9598,-3.0568,0.4984,-1.1437,-3.1054,0.05,0.2,0.4314,0.3922,0.1961,21.2149,"2",7.0312e-08,0.00865169520312063,0.000244859391936176,6.46315383726386e-05,0.00510510146031824,-14929.6331676594
1416,1418,14,0.4984,-1.1437,-3.1054,0.5511,-1.3308,-3.1527,0.05,0.2,0.4314,0.3922,0.1961,21.3211,"2",7.0312e-08,0.00865169520312063,0.00024485744172604,6.46310236074903e-05,0.00504046992202541,-14929.5173948715
1417,1419,14,0.5511,-1.3308,-3.1527,0.5997,-1.5196,-3.1973,0.05,0.2,0.4314,0.3922,0.1961,21.4276,"2",7.0312e-08,0.00865169520312063,0.000244855516522319,6.4630515442877e-05,0.00497583889862147,-14929.4031161439
1418,1420,14,0.5997,-1.5196,-3.1973,0.6597,-1.7079,-3.2278,0.05,0.2,0.4314,0.3922,0.1961,21.5345,"2",7.0312e-08,0.00865169520312063,0.000244853616324814,6.46300138787469e-05,0.00491120838330852,-14929.2903314648
1419,1421,14,0.6597,-1.7079,-3.2278,0.7179,-1.8965,-3.2599,0.05,0.2,0.4314,0.3922,0.1961,21.6418,"2",7.0312e-08,0.00865169520312063,0.000244851741133333,6.46295189150487e-05,0.00484657836959768,-14929.1790408228
1420,1422,14,0.7179,-1.8965,-3.2599,0.7779,-2.0848,-3.2911,0.05,0.2,0.4314,0.3922,0.1961,21.7493,"2",7.0312e-08,0.00865169520312063,0.000244849890947684,6.46290305517319e-05,0.00478194885089704,-14929.0692442064
1421,1423,14,0.7779,-2.0848,-3.2911,0.8509,-2.2691,-3.3175,0.05,0.2,0.4314,0.3922,0.1961,21.8573,"2",7.0312e-08,0.00865169520312063,0.000244848065767677,6.46285487887466e-05,0.0047173198206147,-14928.9609416045
1422,1424,14,0.8509,-2.2691,-3.3175,0.9267,-2.4526,-3.3412,0.05,0.2,0.4314,0.3922,0.1961,21.9656,"2",7.0312e-08,0.00865169520312063,0.000244846265593126,6.46280736260435e-05,0.00465269127205578,-14928.854133006
1423,1425,14,0.9267,-2.4526,-3.3412,1.0022,-2.6365,-3.3636,0.05,0.2,0.4314,0.3922,0.1961,22.0742,"2",7.041790195e-08,0.00865169520312063,0.000245213268291419,6.47249453400098e-05,0.00458806319831968,-14928.7488195252
1424,1426,14,1.0022,-2.6365,-3.3636,1.0756,-2.817,-3.4086,0.05,0.2,0.4314,0.3922,0.1961,22.1832,"2",7.05734722e-08,0.00865169520312063,0.000245753247338132,6.48674747982513e-05,0.00452333825292489,-14928.645003929
1425,1427,14,1.0756,-2.817,-3.4086,1.1719,-2.9923,-3.4076,0.05,0.2,0.4314,0.3922,0.1961,22.2925,"2",7.0729470625e-08,0.00865169520312063,0.000246294734881566,6.50104024297588e-05,0.00445847077795267,-14928.542689517
1426,1428,14,1.1719,-2.9923,-3.4076,1.2543,-3.1736,-3.4257,0.05,0.2,0.4314,0.3922,0.1961,22.4023,"2",7.0886182675e-08,0.00865169520312063,0.000246838725102427,6.51539906521909e-05,0.00439346037573683,-14928.4418796007
1427,1429,14,1.2543,-3.1736,-3.4257,1.2944,-3.3694,-3.419,0.05,0.2,0.4314,0.3922,0.1961,22.5123,"2",7.1043180175e-08,0.00865169520312063,0.000247383727199351,6.52978459630366e-05,0.0043283063850478,-14928.3425775027
1428,1430,14,1.2944,-3.3694,-3.419,1.3567,-3.5595,-3.417,0.05,0.2,0.4314,0.3922,0.1961,22.6228,"2",7.12008913e-08,0.00865169520312063,0.000247931232341047,6.54423619617695e-05,0.00426300853921799,-14928.244786556
1429,1431,14,1.3567,-3.5595,-3.417,1.4205,-3.749,-3.4118,0.05,0.2,0.4314,0.3922,0.1961,22.7336,"2",7.13590306e-08,0.00865169520312063,0.000248480246734722,6.55872763331209e-05,0.00419756617712757,-14928.148510106
1430,1432,14,1.4205,-3.749,-3.4118,1.4932,-3.9339,-3.3892,0.05,0.2,0.4314,0.3922,0.1961,22.8448,"2",7.15177408e-08,0.00865169520312063,0.000249031267559999,6.57327203094839e-05,0.00413197890094283,-14928.0537515088
1431,1433,14,1.4932,-3.9339,-3.3892,1.5416,-4.1263,-3.3638,0.05,0.2,0.4314,0.3922,0.1961,22.9563,"2",7.1676879175e-08,0.00865169520312063,0.000249583798028918,6.58785627618464e-05,0.0040662461808242,-14927.9605141312
1432,1434,14,1.5416,-4.1263,-3.3638,1.5954,-4.3172,-3.3386,0.05,0.2,0.4314,0.3922,0.1961,23.0682,"2",7.183658845e-08,0.00865169520312063,0.000250138335318159,6.60249349218246e-05,0.00400036761823456,-14927.8688013507
1433,1435,14,1.5954,-4.3172,-3.3386,1.5947,-4.5162,-3.318,0.05,0.2,0.4314,0.3922,0.1961,23.1805,"2",7.1996868625e-08,0.00865169520312063,0.000250694879621701,6.61718368406197e-05,0.00393434268323759,-14927.7786165571
1434,1436,14,1.5947,-4.5162,-3.318,1.6139,-4.7144,-3.2997,0.05,0.2,0.4314,0.3922,0.1961,23.2932,"2",7.21577197e-08,0.00865169520312063,0.000251253431135494,6.63192685699536e-05,0.00386817084641766,-14927.6899631524
1435,1437,14,1.6139,-4.7144,-3.2997,1.6339,-4.9121,-3.2766,0.05,0.2,0.4314,0.3922,0.1961,23.4063,"2",7.2319141675e-08,0.00865169520312063,0.000251813990057464,6.64672301620698e-05,0.00380185157771328,-14927.602844551
1436,1438,14,1.6339,-4.9121,-3.2766,1.6541,-5.1103,-3.2945,0.05,0.2,0.4314,0.3922,0.1961,23.5197,"2",7.2480991825e-08,0.00865169520312063,0.000252376059624488,6.66155904945117e-05,0.00373538434739488,-14927.5172641779
1437,1439,14,1.6541,-5.1103,-3.2945,1.667,-5.3085,-3.3176,0.05,0.2,0.4314,0.3922,0.1961,23.6336,"2",7.26435556e-08,0.00865169520312063,0.000252940633967368,6.67646119717666e-05,0.00366876875709398,-14927.4332254702
1438,1440,14,1.667,-5.3085,-3.3176,1.6862,-5.5025,-3.3624,0.05,0.2,0.4314,0.3922,0.1961,23.7478,"2",7.280654755e-08,0.00865169520312063,0.00025350671936671,6.69140322979402e-05,0.00360200414463122,-14927.3507318776
1439,1441,14,1.6862,-5.5025,-3.3624,1.7001,-5.6953,-3.4138,0.05,0.2,0.4314,0.3922,0.1961,23.8624,"2",7.29701104e-08,0.00865169520312063,0.000254074812991245,6.70639827025502e-05,0.00353509011230754,-14927.2697868603
1440,1442,14,1.7001,-5.6953,-3.4138,1.7066,-5.8918,-3.4503,0.05,0.2,0.4314,0.3922,0.1961,23.9774,"2",7.313424415e-08,0.00865169520312063,0.000254644915048681,6.72144632404219e-05,0.00346802612954812,-14927.1903938908
1441,1443,14,1.7066,-5.8918,-3.4503,1.7086,-6.0886,-3.4856,0.05,0.2,0.4314,0.3922,0.1961,24.0929,"2",7.3299091525e-08,0.00865169520312063,0.000255217522697898,6.73656051384729e-05,0.00340081166626018,-14927.1125564553
1442,1444,14,1.7086,-6.0886,-3.4856,1.7323,-6.2857,-3.5098,0.05,0.2,0.4314,0.3922,0.1961,24.2087,"2",7.3464367075e-08,0.00865169520312063,0.000255791642249775,6.75171461087995e-05,0.00333344606114005,-14927.0362780525
1443,1445,14,1.7323,-6.2857,-3.5098,1.7465,-6.4838,-3.5337,0.05,0.2,0.4314,0.3922,0.1961,24.3249,"2",7.3630213525e-08,0.00865169520312063,0.000256367770869921,6.76692173800957e-05,0.0032659289151291,-14926.9615621916
1444,1446,14,1.7465,-6.4838,-3.5337,1.7726,-6.6818,-3.5449,0.05,0.2,0.4314,0.3922,0.1961,24.4415,"2",7.3796630875e-08,0.00865169520312063,0.000256945908774163,6.78218190093296e-05,0.00319825969767686,-14926.8884123941
1445,1447,14,1.7726,-6.6818,-3.5449,1.8393,-6.8702,-3.5378,0.05,0.2,0.4314,0.3922,0.1961,24.5586,"2",7.396376185e-08,0.00865169520312063,0.000257526553119375,6.79750822228894e-05,0.0031304378790728,-14926.8168321954
1446,1448,14,1.8393,-6.8702,-3.5378,1.9053,-7.059,-3.5352,0.05,0.2,0.4314,0.3922,0.1961,24.676,"2",7.4131321e-08,0.00865169520312063,0.00025810871024513,6.81287447404455e-05,0.00306246279662249,-14926.746825143
1447,1449,14,1.9053,-7.059,-3.5352,1.9701,-7.2482,-3.535,0.05,0.2,0.4314,0.3922,0.1961,24.7939,"2",7.4299593775e-08,0.00865169520312063,0.000258693374249124,6.82830689577459e-05,0.00299433405225488,-14926.6783947968
1448,1450,14,1.9701,-7.2482,-3.535,2.0299,-7.4389,-3.5418,0.05,0.2,0.4314,0.3922,0.1961,24.9122,"2",7.446843745e-08,0.00865169520312063,0.000259280048416629,6.8437923765109e-05,0.00292605098333971,-14926.6115447303
1449,1451,14,2.0299,-7.4389,-3.5418,2.0881,-7.6301,-3.548,0.05,0.2,0.4314,0.3922,0.1961,25.0309,"2",7.4637852025e-08,0.00865169520312063,0.000259868732973996,6.8593309222281e-05,0.00285761305920357,-14926.5462785296
1450,1452,14,2.0881,-7.6301,-3.548,2.1576,-7.8135,-3.5876,0.05,0.2,0.4314,0.3922,0.1961,25.15,"2",7.48078375e-08,0.00865169520312063,0.000260459428149662,6.87492253895586e-05,0.00278901975021172,-14926.4825997927
1451,1453,14,2.1576,-7.8135,-3.5876,2.2228,-7.9979,-3.629,0.05,0.2,0.4314,0.3922,0.1961,25.2696,"2",7.49785366e-08,0.00865169520312063,0.000261052631099532,6.89058034930739e-05,0.00272027052491308,-14926.4205121316
1452,1454,14,2.2228,-7.9979,-3.629,2.2877,-8.183,-3.6681,0.05,0.2,0.4314,0.3922,0.1961,25.3896,"2",7.51498066e-08,0.00865169520312063,0.000261647845126748,6.90629124278619e-05,0.00265136472135905,-14926.360019172
1453,1455,14,2.2877,-8.183,-3.6681,2.347,-8.3708,-3.703,0.05,0.2,0.4314,0.3922,0.1961,25.51,"2",7.53216475e-08,0.00865169520312063,0.000262245070466263,6.92205522559395e-05,0.00258230180905682,-14926.301124552
1454,1456,14,2.347,-8.3708,-3.703,2.3858,-8.561,-3.7512,0.05,0.2,0.4314,0.3922,0.1961,25.6309,"2",7.5494202025e-08,0.00865169520312063,0.000262844804274438,6.93788542035589e-05,0.00251308125678958,-14926.2438319232
1455,1457,14,2.3858,-8.561,-3.7512,2.4279,-8.7507,-3.7988,0.05,0.2,0.4314,0.3922,0.1961,25.7522,"2",7.566732745e-08,0.00865169520312063,0.000263446549867389,6.95376871691798e-05,0.00244370240264601,-14926.1881449513
1456,1458,14,2.4279,-8.7507,-3.7988,2.437,-8.9499,-3.8142,0.05,0.2,0.4314,0.3922,0.1961,25.8739,"2",7.5841023775e-08,0.00865169520312063,0.000264050307486657,6.9697051216558e-05,0.00237416471559836,-14926.1340673142
1457,1459,14,2.437,-8.9499,-3.8142,2.4313,-9.1486,-3.8363,0.05,0.2,0.4314,0.3922,0.1961,25.9961,"2",7.6015433725e-08,0.00865169520312063,0.000264656574289621,6.98570775722145e-05,0.00230446766443843,-14926.0816027035
1458,1460,14,2.4313,-9.1486,-3.8363,2.423,-9.3467,-3.8624,0.05,0.2,0.4314,0.3922,0.1961,26.1187,"2",7.6190414575e-08,0.00865169520312063,0.000265264853604955,7.00176351379237e-05,0.00223461058688742,-14926.0307548246
1459,1461,14,2.423,-9.3467,-3.8624,2.3996,-9.5432,-3.891,0.05,0.2,0.4314,0.3922,0.1961,26.2418,"2",7.636610905e-08,0.00865169520312063,0.000265875642591104,7.01788551404881e-05,0.00216459295184757,-14925.9815273968
1460,1462,14,2.3996,-9.5432,-3.891,2.3916,-9.7392,-3.9299,0.05,0.2,0.4314,0.3922,0.1961,26.3654,"2",7.654251715e-08,0.00865169520312063,0.000266488941493553,7.03407376447046e-05,0.00209441409675529,-14925.9339241546
1461,1463,14,2.3916,-9.7392,-3.9299,2.4057,-9.9318,-3.982,0.05,0.2,0.4314,0.3922,0.1961,26.4894,"2",7.671949615e-08,0.00865169520312063,0.000267104253653338,7.05031515556102e-05,0.00202407335874564,-14925.8879488465
1462,1464,14,2.4057,-9.9318,-3.982,2.4186,-10.1237,-4.0368,0.05,0.2,0.4314,0.3922,0.1961,26.6139,"2",7.6897188775e-08,0.00865169520312063,0.000267722076231092,7.06662281005848e-05,0.00195357020723592,-14925.8436052345
1463,1465,14,2.4186,-10.1237,-4.0368,2.4302,-10.3162,-4.0899,0.05,0.2,0.4314,0.3922,0.1961,26.7388,"2",7.70754523e-08,0.00865169520312063,0.000268341912575784,7.082983618676e-05,0.00188290397957148,-14925.8008970947
1464,1466,14,2.4302,-10.3162,-4.0899,2.4812,-10.5022,-4.1429,0.05,0.2,0.4314,0.3922,0.1961,26.8642,"2",7.725442945e-08,0.00865169520312063,0.000268964259849751,7.09941070419659e-05,0.00181207414314902,-14925.7598282167
1465,1467,14,2.4812,-10.5022,-4.1429,2.5297,-10.6817,-4.2165,0.05,0.2,0.4314,0.3922,0.1961,26.9901,"2",7.7434120225e-08,0.00865169520312063,0.000269589118310918,7.11590407342823e-05,0.00174108003618251,-14925.7204024057
1466,1468,14,2.5297,-10.6817,-4.2165,2.5768,-10.8613,-4.2908,0.05,0.2,0.4314,0.3922,0.1961,27.1165,"2",7.7614524625e-08,0.00865169520312063,0.000270216488219812,7.13246373324764e-05,0.00166992099530457,-14925.6826234821
1467,1469,14,2.5768,-10.8613,-4.2908,2.6076,-11.044,-4.3662,0.05,0.2,0.4314,0.3922,0.1961,27.2433,"2",7.7795499925e-08,0.00865169520312063,0.000270845872940937,7.14907657477801e-05,0.00159859635768895,-14925.64649528
1468,1470,14,2.6076,-11.044,-4.3662,2.5932,-11.2371,-4.4163,0.05,0.2,0.4314,0.3922,0.1961,27.3707,"2",7.7977331575e-08,0.00865169520312063,0.000271478266538478,7.16576883670959e-05,0.00152710559214631,-14925.6120216492
1469,1471,14,2.5932,-11.2371,-4.4163,2.545,-11.4221,-4.4751,0.05,0.2,0.4314,0.3922,0.1961,27.4985,"2",7.8159734125e-08,0.00865169520312063,0.000272112675484645,7.18251429451045e-05,0.00145544790383054,-14925.5792064543
1470,1472,14,2.545,-11.4221,-4.4751,2.5445,-11.6087,-4.5471,0.05,0.2,0.4314,0.3922,0.1961,27.6268,"2",7.83428503e-08,0.00865169520312063,0.000272749596948891,7.19932607115145e-05,0.0013836227610628,-14925.5480535742
1471,1473,14,2.5445,-11.6087,-4.5471,2.5513,-11.7944,-4.6209,0.05,0.2,0.4314,0.3922,0.1961,27.7556,"2",7.85266801e-08,0.00865169520312063,0.000273389031204688,7.21620417385092e-05,0.00131162950031538,-14925.5185669028
1472,1474,14,2.5513,-11.7944,-4.6209,2.5542,-11.9801,-4.6951,0.05,0.2,0.4314,0.3922,0.1961,27.8849,"2",7.8711223525e-08,0.00865169520312063,0.000274030978528166,7.23314860989746e-05,0.00123946745858985,-14925.4907503495
1473,1475,14,2.5542,-11.9801,-4.6951,2.5486,-12.1645,-4.7723,0.05,0.2,0.4314,0.3922,0.1961,28.0147,"2",7.8896480575e-08,0.00865169520312063,0.00027467543919813,7.25015938665022e-05,0.00116713597252023,-14925.464607839
1474,1476,14,2.5486,-12.1645,-4.7723,2.5333,-12.3476,-4.8514,0.05,0.2,0.4314,0.3922,0.1961,28.1451,"2",7.9082593975e-08,0.00865169520312063,0.000275322910387496,7.26724962717144e-05,0.00109463437832143,-14925.4401433128
1475,1477,14,2.5333,-12.3476,-4.8514,2.5535,-12.5143,-4.96,0.05,0.2,0.4314,0.3922,0.1961,28.2759,"2",7.9269278275e-08,0.00865169520312063,0.000275972398596839,7.28439310767788e-05,0.00102196188234694,-14925.4173607277
1476,1478,14,2.5535,-12.5143,-4.96,2.5566,-12.669,-5.0867,0.05,0.2,0.4314,0.3922,0.1961,28.4073,"2",7.9456818925e-08,0.00865169520312063,0.000276624897895214,7.30161606698834e-05,0.000949117951232081,-14925.3962640562
1477,1479,14,2.5566,-12.669,-5.0867,2.5438,-12.8101,-5.2279,0.05,0.2,0.4314,0.3922,0.1961,28.5391,"2",7.9644930475e-08,0.00865169520312063,0.000277279414791822,7.3188922815473e-05,0.000876101790378669,-14925.3768572855
1478,1480,14,2.5438,-12.8101,-5.2279,2.5309,-12.9607,-5.3588,0.05,0.2,0.4314,0.3922,0.1961,28.6715,"2",7.9833898375e-08,0.00865169520312063,0.000277936943358172,7.33624799023837e-05,0.000802912867478976,-14925.3591444188
1479,1481,14,2.5309,-12.9607,-5.3588,2.5028,-13.1131,-5.4853,0.05,0.2,0.4314,0.3922,0.1961,28.8045,"2",8.0023722625e-08,0.00865169520312063,0.000278597483887656,7.35368320080573e-05,0.000729550387367463,-14925.3431294773
1480,1482,14,2.5028,-13.1131,-5.4853,2.5351,-13.2486,-5.6288,0.05,0.2,0.4314,0.3922,0.1961,28.9379,"2",8.0214117775e-08,0.00865169520312063,0.000279260042901866,7.37117169002089e-05,0.000656013555459802,-14925.3288164975
1481,1483,14,2.5351,-13.2486,-5.6288,2.6314,-13.3682,-5.7569,0.05,0.2,0.4314,0.3922,0.1961,29.0719,"2",8.0405369275e-08,0.00865169520312063,0.000279925614477165,7.38873969689559e-05,0.000582301838425695,-14925.3162095316
1482,1484,14,2.6314,-13.3682,-5.7569,2.7146,-13.5029,-5.8792,0.05,0.2,0.4314,0.3922,0.1961,29.2064,"2",8.05973344e-08,0.00865169520312063,0.000280593702029346,7.40637411390676e-05,0.000508414441707073,-14925.3053126482
1483,1485,14,2.7146,-13.5029,-5.8792,2.7937,-13.6299,-6.0119,0.05,0.2,0.4314,0.3922,0.1961,29.3415,"2",8.0790155875e-08,0.00865169520312063,0.000281264802751244,7.42408806464243e-05,0.000434350700499473,-14925.2961299333
1484,1486,14,2.7937,-13.6299,-6.0119,2.8724,-13.7572,-6.1446,0.05,0.2,0.4314,0.3922,0.1961,29.4772,"2",8.09838337e-08,0.00865169520312063,0.000281938916951414,7.44188155724704e-05,0.000360109819879632,-14925.2886654907
1485,1487,14,2.8724,-13.7572,-6.1446,2.9528,-13.8705,-6.2885,0.05,0.2,0.4314,0.3922,0.1961,29.6133,"2",8.1178082425e-08,0.00865169520312063,0.000282615051170082,7.45972836898391e-05,0.00028569100419513,-14925.2829234401
1486,1488,14,2.9528,-13.8705,-6.2885,3.0268,-13.9788,-6.4394,0.05,0.2,0.4314,0.3922,0.1961,29.7501,"2",8.1373330225e-08,0.00865169520312063,0.000283294696379922,7.47766785462594e-05,0.000211093720500435,-14925.2789079177
1487,1489,14,3.0268,-13.9788,-6.4394,3.0753,-14.0902,-6.5983,0.05,0.2,0.4314,0.3922,0.1961,29.8874,"2",8.156929165e-08,0.00865169520312063,0.000283976859127424,7.49567379160183e-05,0.0001363170417848,-14925.2766230782
1488,1490,14,3.0753,-14.0902,-6.5983,3.1087,-14.1798,-6.7308,0.05,0.1634,0.4314,0.3922,0.1961,30,"2",8.173e-08,0.00865169520312063,0.00023246617773248,6.13603038366348e-05,6.13603039005884e-05,-14925.2760436384
22,1491,15,0.1064,-0.0681,-2.9077,0.2953,-0.0709,-2.9734,0.1887,0.2,0.4314,0.3922,0.1961,20.872,"2",7.0312e-08,0.00865169520312063,0.000923912559174393,0.000243870122967582,0.00800258249122733,-14926.6439938543
1490,1492,15,0.2953,-0.0709,-2.9734,0.4825,-0.0809,-3.043,0.0533,0.2,0.4314,0.3922,0.1961,20.9405,"2",7.0312e-08,0.00865169520312063,0.000260964140350165,6.88824460338475e-05,0.00775871236850477,-14926.4654329851
1491,1493,15,0.4825,-0.0809,-3.043,0.6731,-0.0782,-3.1035,0.0533,0.2,0.4314,0.3922,0.1961,21.0093,"2",7.0312e-08,0.00865169520312063,0.00026096096870699,6.88816088669497e-05,0.00768982992223831,-14926.2884644519
1492,1494,15,0.6731,-0.0782,-3.1035,0.8635,-0.0659,-3.1634,0.0533,0.2,0.4314,0.3922,0.1961,21.0783,"2",7.0312e-08,0.00865169520312063,0.000260957825473792,6.88807791989697e-05,0.00762094831331678,-14926.1130882355
1493,1495,15,0.8635,-0.0659,-3.1634,1.0419,0.0095,-3.2132,0.0533,0.2,0.4314,0.3922,0.1961,21.1475,"2",7.0312e-08,0.00865169520312063,0.000260954710650227,6.88799570298173e-05,0.0075520675340835,-14925.9393043166
1494,1496,15,1.0419,0.0095,-3.2132,1.222,0.0764,-3.269,0.0533,0.2,0.4314,0.3922,0.1961,21.2169,"2",7.0312e-08,0.00865169520312063,0.000260951624235958,6.88791423594029e-05,0.00748318757709444,-14925.7671126763
1495,1497,15,1.222,0.0764,-3.269,1.3966,0.1591,-3.3206,0.0533,0.2,0.4314,0.3922,0.1961,21.2866,"2",7.0312e-08,0.00865169520312063,0.000260948566230647,6.88783351876379e-05,0.00741430843458656,-14925.5965132961
1496,1498,15,1.3966,0.1591,-3.3206,1.5683,0.2294,-3.3951,0.0533,0.2,0.4314,0.3922,0.1961,21.3564,"2",7.0312e-08,0.00865169520312063,0.000260945536633962,6.88775355144343e-05,0.00734543009932855,-14925.4275061572
1497,1499,15,1.5683,0.2294,-3.3951,1.7438,0.3073,-3.4513,0.0533,0.2,0.4314,0.3922,0.1961,21.4265,"2",7.0312e-08,0.00865169520312063,0.000260942535445574,6.8876743339705e-05,0.00727655256366369,-14925.2600912412
1498,1500,15,1.7438,0.3073,-3.4513,1.9071,0.4227,-3.4482,0.0533,0.2,0.4314,0.3922,0.1961,21.4969,"2",7.0312e-08,0.00865169520312063,0.000260939562665154,6.8875958663364e-05,0.00720767582046702,-14925.09426853
1499,1501,15,1.9071,0.4227,-3.4482,2.06,0.5512,-3.4594,0.0533,0.2,0.4314,0.3922,0.1961,21.5674,"2",7.0312e-08,0.00865169520312063,0.000260936618292381,6.88751814853256e-05,0.00713879986165646,-14924.9300380055
1500,1502,15,2.06,0.5512,-3.4594,2.2032,0.6736,-3.5267,0.0533,0.2,0.4314,0.3922,0.1961,21.6382,"2",7.0312e-08,0.00865169520312063,0.000260933702326933,6.88744118055054e-05,0.00706992468010702,-14924.7673996497
1501,1503,15,2.2032,0.6736,-3.5267,2.3541,0.7824,-3.5999,0.0533,0.2,0.4314,0.3922,0.1961,21.7092,"2",7.0312e-08,0.00865169520312063,0.000260930814768492,6.88736496238195e-05,0.00700105026826837,-14924.6063534451
1502,1504,15,2.3541,0.7824,-3.5999,2.5024,0.8903,-3.6796,0.0533,0.2,0.4314,0.3922,0.1961,21.7804,"2",7.0312e-08,0.00865169520312063,0.000260927955616745,6.8872894940185e-05,0.00693217661848378,-14924.446899374
1503,1505,15,2.5024,0.8903,-3.6796,2.6333,1.0096,-3.7727,0.0533,0.2,0.4314,0.3922,0.1961,21.8519,"2",7.0312e-08,0.00865169520312063,0.00026092512487138,6.88721477545197e-05,0.00686330372352195,-14924.2890374192
1504,1506,15,2.6333,1.0096,-3.7727,2.7595,1.1182,-3.8835,0.0533,0.2,0.4314,0.3922,0.1961,21.9236,"2",7.0312e-08,0.00865169520312063,0.000260922322532089,6.88714080667422e-05,0.00679443157572618,-14924.1327675634
1505,1507,15,2.7595,1.1182,-3.8835,2.8675,1.2477,-3.991,0.0533,0.2,0.4314,0.3922,0.1961,21.9955,"2",7.0312e-08,0.00865169520312063,0.000260919548598567,6.8870675876772e-05,0.00672556016743976,-14923.9780897896
1506,1508,15,2.8675,1.2477,-3.991,2.9536,1.3944,-4.0961,0.0533,0.2,0.4314,0.3922,0.1961,22.0677,"2",7.0408624825e-08,0.00865169520312063,0.000261275362646321,6.89645943052183e-05,0.00665668949143582,-14923.8250051748
1507,1509,15,2.9536,1.3944,-4.0961,3.0515,1.5407,-4.1912,0.0533,0.2,0.4314,0.3922,0.1961,22.1401,"2",7.0511957725e-08,0.00865169520312063,0.000261656090025852,6.90650886993482e-05,0.00658772489746105,-14923.6735159663
1508,1510,15,3.0515,1.5407,-4.1912,3.1325,1.695,-4.2892,0.0533,0.2,0.4314,0.3922,0.1961,22.2128,"2",7.06157188e-08,0.00865169520312063,0.000262038426885064,6.9166007921568e-05,0.00651865980838392,-14923.523624492
1509,1511,15,3.1325,1.695,-4.2892,3.2369,1.8117,-4.4136,0.0533,0.2,0.4314,0.3922,0.1961,22.2857,"2",7.0719765325e-08,0.00865169520312063,0.00026242184372909,6.92672122097574e-05,0.00644949380047637,-14923.3753330882
1510,1512,15,3.2369,1.8117,-4.4136,3.3201,1.9582,-4.5214,0.0533,0.2,0.4314,0.3922,0.1961,22.3588,"2",7.08240973e-08,0.00865169520312063,0.000262806340694221,6.93687015998907e-05,0.00638022658855959,-14923.2286440976
1511,1513,15,3.3201,1.9582,-4.5214,3.3962,2.0972,-4.6435,0.0533,0.2,0.4314,0.3922,0.1961,22.4322,"2",7.092885745e-08,0.00865169520312063,0.000263192447520908,6.94706159189115e-05,0.00631085788692128,-14923.0835598714
1512,1514,15,3.3962,2.0972,-4.6435,3.4502,2.2387,-4.7741,0.0533,0.2,0.4314,0.3922,0.1961,22.5059,"2",7.1034045775e-08,0.00865169520312063,0.000263580164331952,6.95729551992328e-05,0.0062413872711656,-14922.9400827703
1513,1515,15,3.4502,2.2387,-4.7741,3.5159,2.3805,-4.8989,0.0533,0.2,0.4314,0.3922,0.1961,22.5797,"2",7.1139376825e-08,0.00865169520312063,0.000263968432066211,6.96754398977662e-05,0.00617181431578179,-14922.7982151618
1514,1516,15,3.5159,2.3805,-4.8989,3.576,2.5232,-5.0254,0.0533,0.2,0.4314,0.3922,0.1961,22.6539,"2",7.1245278775e-08,0.00865169520312063,0.00026435883964277,6.97784894155561e-05,0.00610213887591757,-14922.6579594216
1515,1517,15,3.576,2.5232,-5.0254,3.6312,2.6801,-5.1365,0.0533,0.2,0.4314,0.3922,0.1961,22.7283,"2",7.1351466175e-08,0.00865169520312063,0.000264750328008209,6.98818242115516e-05,0.00603236038654508,-14922.519317935
1516,1518,15,3.6312,2.6801,-5.1365,3.6919,2.8347,-5.2479,0.0533,0.2,0.4314,0.3922,0.1961,22.8029,"2",7.1457939025e-08,0.00865169520312063,0.000265142897305934,6.99854443236051e-05,0.00596247856237775,-14922.3822930943
1517,1519,15,3.6919,2.8347,-5.2479,3.7437,2.9993,-5.3492,0.0533,0.2,0.4314,0.3922,0.1961,22.8778,"2",7.156484005e-08,0.00865169520312063,0.000265537077253051,7.00894895724984e-05,0.00589249311776262,-14922.2468872997
1518,1520,15,3.7437,2.9993,-5.3492,3.7909,3.1437,-5.4792,0.0533,0.2,0.4314,0.3922,0.1961,22.953,"2",7.167216925e-08,0.00865169520312063,0.000265932867980564,7.01939599928098e-05,0.00582240362836819,-14922.1131029613
1519,1521,15,3.7909,3.1437,-5.4792,3.8399,3.2895,-5.607,0.0533,0.2,0.4314,0.3922,0.1961,23.0284,"2",7.17797839e-08,0.00865169520312063,0.000266329740058039,7.02987158394267e-05,0.00575220966823871,-14921.9809424974
1520,1522,15,3.8399,3.2895,-5.607,3.8903,3.4216,-5.7485,0.0533,0.2,0.4314,0.3922,0.1961,23.1041,"2",7.1887826725e-08,0.00865169520312063,0.000266728223191863,7.04038969303008e-05,0.00568191095244453,-14921.8504083346
1521,1523,15,3.8903,3.4216,-5.7485,3.9412,3.5539,-5.8896,0.0533,0.2,0.4314,0.3922,0.1961,23.18,"2",7.1996155e-08,0.00865169520312063,0.000267127787963828,7.0509363523546e-05,0.0056115070554951,-14921.7215029076
1522,1524,15,3.9412,3.5539,-5.8896,3.9882,3.6892,-6.0292,0.0533,0.2,0.4314,0.3922,0.1961,23.2562,"2",7.210491145e-08,0.00865169520312063,0.000267528964073406,7.06152554352892e-05,0.00554099769209699,-14921.5942286594
1523,1525,15,3.9882,3.6892,-6.0292,4.0355,3.8234,-6.1697,0.0533,0.2,0.4314,0.3922,0.1961,23.3327,"2",7.2214096075e-08,0.00865169520312063,0.000267931751658649,7.07215727019695e-05,0.00547038243671012,-14921.4685880428
1524,1526,15,4.0355,3.8234,-6.1697,4.0858,3.9772,-6.2873,0.0533,0.2,0.4314,0.3922,0.1961,23.4095,"2",7.2323708875e-08,0.00865169520312063,0.000268336150859125,7.08283153604262e-05,0.00539966086396827,-14921.3445835204
1525,1527,15,4.0858,3.9772,-6.2873,4.1365,4.1212,-6.4165,0.0533,0.2,0.4314,0.3922,0.1961,23.4865,"2",7.2433607125e-08,0.00865169520312063,0.000268741632280642,7.09353436751131e-05,0.0053288325488509,-14921.2222175631
1526,1528,15,4.1365,4.1212,-6.4165,4.1854,4.2736,-6.5365,0.0533,0.2,0.4314,0.3922,0.1961,23.5638,"2",7.254393355e-08,0.00865169520312063,0.000269148725609832,7.10427974587672e-05,0.00525789720528609,-14921.10149265
1527,1529,15,4.1854,4.2736,-6.5365,4.2195,4.3878,-6.697,0.0533,0.2,0.4314,0.3922,0.1961,23.6413,"2",7.2654545425e-08,0.00865169520312063,0.000269556901464062,7.11505369788928e-05,0.00518685440770192,-14920.9824112684
1528,1530,15,4.2195,4.3878,-6.697,4.252,4.4811,-6.8709,0.0533,0.2,0.4314,0.3922,0.1961,23.7192,"2",7.27657282e-08,0.00865169520312063,0.00026996721904605,7.12588418159486e-05,0.00511570387077839,-14920.8649759154
1529,1531,15,4.252,4.4811,-6.8709,4.2773,4.5534,-7.0557,0.0533,0.2,0.4314,0.3922,0.1961,23.7973,"2",7.2877196425e-08,0.00865169520312063,0.00027037861945386,7.13674324688685e-05,0.00504444502886669,-14920.7491890979
1530,1532,15,4.2773,4.5534,-7.0557,4.3001,4.5912,-7.2507,0.0533,0.2,0.4314,0.3922,0.1961,23.8757,"2",7.2989092825e-08,0.00865169520312063,0.00027079163236229,7.14764487472661e-05,0.00497307759635606,-14920.6350533313
1531,1533,15,4.3001,4.5912,-7.2507,4.3199,4.5906,-7.4498,0.0533,0.2,0.4314,0.3922,0.1961,23.9544,"2",7.31014174e-08,0.00865169520312063,0.000271206257921147,7.15858906906836e-05,0.0049016011476182,-14920.5225711404
1532,1534,15,4.3199,4.5906,-7.4498,4.3408,4.5907,-7.6487,0.0533,0.2,0.4314,0.3922,0.1961,24.0333,"2",7.3214027425e-08,0.00865169520312063,0.00027162196677607,7.1695618574088e-05,0.00483001525703587,-14920.4117450586
1533,1535,15,4.3408,4.5907,-7.6487,4.3603,4.594,-7.8477,0.0533,0.2,0.4314,0.3922,0.1961,24.1126,"2",7.332720835e-08,0.00865169520312063,0.000272039818095319,7.18059119688421e-05,0.00475831963810984,-14920.3025776289
1534,1536,15,4.3603,4.594,-7.8477,4.3692,4.57,-8.046,0.0533,0.2,0.4314,0.3922,0.1961,24.1921,"2",7.3440674725e-08,0.00865169520312063,0.000272458753025786,7.19164913867687e-05,0.00468651372612045,-14920.1950714044
1535,1537,15,4.3692,4.57,-8.046,4.3945,4.5631,-8.2443,0.0533,0.2,0.4314,0.3922,0.1961,24.272,"2",7.3554712e-08,0.00865169520312063,0.000272879830722911,7.20276363958465e-05,0.00461459723469625,-14920.0892289477
1536,1538,15,4.3945,4.5631,-8.2443,4.3636,4.522,-8.4376,0.0533,0.2,0.4314,0.3922,0.1961,24.3521,"2",7.3669034725e-08,0.00865169520312063,0.000273301992352401,7.21390675128648e-05,0.0045425695982303,-14919.9850528315
1537,1539,15,4.3636,4.522,-8.4376,4.3791,4.5131,-8.6368,0.0533,0.2,0.4314,0.3922,0.1961,24.4325,"2",7.3783785625e-08,0.00865169520312063,0.000273725767570974,7.22509245426647e-05,0.00447043053055506,-14919.8825456368
1538,1540,15,4.3791,4.5131,-8.6368,4.3695,4.511,-8.8365,0.0533,0.2,0.4314,0.3922,0.1961,24.5132,"2",7.38989647e-08,0.00865169520312063,0.00027415115653911,7.23632075276054e-05,0.00439817960612323,-14919.7817099541
1539,1541,15,4.3695,4.511,-8.8365,4.3702,4.5083,-9.0365,0.0533,0.2,0.4314,0.3922,0.1961,24.5942,"2",7.401457195e-08,0.00865169520312063,0.000274578159418863,7.24759165104619e-05,0.00432581639863517,-14919.6825483841
1540,1542,15,4.3702,4.5083,-9.0365,4.3654,4.5188,-9.2362,0.0533,0.2,0.4314,0.3922,0.1961,24.6755,"2",7.4130607375e-08,0.00865169520312063,0.000275006776373869,7.25890515344263e-05,0.00425334048223274,-14919.585063537
1541,1543,15,4.3654,4.5188,-9.2362,4.3687,4.5314,-9.4357,0.0533,0.2,0.4314,0.3922,0.1961,24.7572,"2",7.42472137e-08,0.00865169520312063,0.000275437537041379,7.27027523992022e-05,0.00418075143077866,-14919.4892580349
1542,1544,15,4.3687,4.5314,-9.4357,4.3604,4.5361,-9.6355,0.0533,0.2,0.4314,0.3922,0.1961,24.8391,"2",7.4364105475e-08,0.00865169520312063,0.000275869382640757,7.28167396357404e-05,0.00410804867815616,-14919.3951345095
1543,1545,15,4.3604,4.5361,-9.6355,4.3639,4.5657,-9.8333,0.0533,0.2,0.4314,0.3922,0.1961,24.9213,"2",7.4481425425e-08,0.00865169520312063,0.000276302842815936,7.29311530455083e-05,0.0040352319389277,-14919.3026956006
1544,1546,15,4.3639,4.5657,-9.8333,4.3299,4.5998,-10.0274,0.0533,0.2,0.4314,0.3922,0.1961,25.0039,"2",7.4599316275e-08,0.00865169520312063,0.000276738447198813,7.30461324267955e-05,0.00396230078563843,-14919.2119439597
1545,1547,15,4.3299,4.5998,-10.0274,4.2458,4.6788,-10.1907,0.0533,0.2,0.4314,0.3922,0.1961,25.0867,"2",7.4717492575e-08,0.00865169520312063,0.000277175137033994,7.31613983172163e-05,0.00388925465341368,-14919.122882248
1546,1548,15,4.2458,4.6788,-10.1907,4.1598,4.7768,-10.3424,0.0533,0.2,0.4314,0.3922,0.1961,25.1699,"2",7.4836239775e-08,0.00865169520312063,0.000277613971415348,7.32772302684984e-05,0.00381609325519686,-14919.0355131368
1547,1549,15,4.1598,4.7768,-10.3424,4.0653,4.8485,-10.5035,0.0533,0.2,0.4314,0.3922,0.1961,25.2534,"2",7.495541515e-08,0.00865169520312063,0.000278054421056036,7.33934885734313e-05,0.0037428160245528,-14918.9498393085
1548,1550,15,4.0653,4.8485,-10.5035,3.9904,4.9029,-10.6807,0.0533,0.2,0.4314,0.3922,0.1961,25.3372,"2",7.50750187e-08,0.00865169520312063,0.000278496486132736,7.35101732786493e-05,0.00366942253616775,-14918.8658634557
1549,1551,15,3.9904,4.9029,-10.6807,3.9149,4.9573,-10.8578,0.0533,0.2,0.4314,0.3922,0.1961,25.4214,"2",7.519519315e-08,0.00865169520312063,0.000278940696269975,7.36274241804972e-05,0.00359591236274843,-14918.7835882823
1550,1552,15,3.9149,4.9573,-10.8578,3.8125,4.9927,-11.0259,0.0533,0.2,0.4314,0.3922,0.1961,25.5058,"2",7.531565305e-08,0.00865169520312063,0.000279385992752321,7.37449618271376e-05,0.00352228493846689,-14918.703016502
1551,1553,15,3.8125,4.9927,-11.0259,3.7128,5.0156,-11.1977,0.0533,0.2,0.4314,0.3922,0.1961,25.5906,"2",7.543668385e-08,0.00865169520312063,0.000279833434650963,7.38630657643111e-05,0.00344853997670931,-14918.6241508386
1552,1554,15,3.7128,5.0156,-11.1977,3.6141,5.0067,-11.3715,0.0533,0.2,0.4314,0.3922,0.1961,25.6757,"2",7.5558142825e-08,0.00865169520312063,0.000280282492703098,7.39815962911519e-05,0.00337467691074545,-14918.5469940271
1553,1555,15,3.6141,5.0067,-11.3715,3.5177,5.0232,-11.546,0.0533,0.2,0.4314,0.3922,0.1961,25.7612,"2",7.56801727e-08,0.00865169520312063,0.000280733696528601,7.41006932027765e-05,0.00330069531462695,-14918.4715488141
1554,1556,15,3.5177,5.0232,-11.546,3.4061,5.022,-11.7119,0.0533,0.2,0.4314,0.3922,0.1961,25.847,"2",7.580263075e-08,0.00865169520312063,0.000281186516874036,7.42202168007912e-05,0.00322659462156874,-14918.3978179577
1555,1557,15,3.4061,5.022,-11.7119,3.2939,5.0204,-11.8775,0.0533,0.2,0.4314,0.3922,0.1961,25.9331,"2",7.5925516975e-08,0.00865169520312063,0.000281640953928011,7.43401671349796e-05,0.00315237440479702,-14918.3258042259
1556,1558,15,3.2939,5.0204,-11.8775,3.2012,5.0186,-12.0547,0.0533,0.2,0.4314,0.3922,0.1961,26.0196,"2",7.60489741e-08,0.00865169520312063,0.000282097537307675,7.44606839997393e-05,0.0030780342373665,-14918.2555103981
1557,1559,15,3.2012,5.0186,-12.0547,3.1603,5.028,-12.2502,0.0533,0.2,0.4314,0.3922,0.1961,26.1064,"2",7.61728594e-08,0.00865169520312063,0.000282555737773091,7.45816277002391e-05,0.00300357355353657,-14918.1869392651
1558,1560,15,3.1603,5.028,-12.2502,3.1324,5.0477,-12.4473,0.0533,0.2,0.4314,0.3922,0.1961,26.1936,"2",7.62973156e-08,0.00865169520312063,0.000283016084940012,7.47031380305078e-05,0.00292899192566928,-14918.1200936294
1559,1561,15,3.1324,5.0477,-12.4473,3.1102,5.0603,-12.6456,0.0533,0.2,0.4314,0.3922,0.1961,26.2811,"2",7.6422199975e-08,0.00865169520312063,0.000283478049577295,7.48250752980363e-05,0.00285428878752042,-14918.0549763049
1560,1562,15,3.1102,5.0603,-12.6456,3.0917,5.0773,-12.8441,0.0533,0.2,0.4314,0.3922,0.1961,26.3689,"2",7.6547512525e-08,0.00865169520312063,0.000283941631882363,7.49474395549346e-05,0.00277946371211011,-14917.9915901152
1561,1563,15,3.0917,5.0773,-12.8441,3.0745,5.0955,-13.0425,0.0533,0.2,0.4314,0.3922,0.1961,26.4572,"2",7.66735387e-08,0.00865169520312063,0.000284407890884196,7.5070510335803e-05,0.00270451627272617,-14917.9299378973
1562,1564,15,3.0745,5.0955,-13.0425,3.0553,5.1024,-13.2414,0.0533,0.2,0.4314,0.3922,0.1961,26.5457,"2",7.6799850325e-08,0.00865169520312063,0.000284875238532272,7.5193868468857e-05,0.00262944576250233,-14917.8700224994
1563,1565,15,3.0553,5.1024,-13.2414,3.0454,5.1363,-13.4383,0.0533,0.2,0.4314,0.3922,0.1961,26.6347,"2",7.6926875575e-08,0.00865169520312063,0.00028534526326772,7.53179332289833e-05,0.00255425189416305,-14917.8118467814
1564,1566,15,3.0454,5.1363,-13.4383,3.0369,5.176,-13.6341,0.0533,0.2,0.4314,0.3922,0.1961,26.724,"2",7.7054329e-08,0.00865169520312063,0.000285816906465575,7.5442425188223e-05,0.00247893396085247,-14917.7554136161
1565,1567,15,3.0369,5.176,-13.6341,2.9843,5.2055,-13.8248,0.0533,0.2,0.4314,0.3922,0.1961,26.8136,"2",7.71822106e-08,0.00865169520312063,0.000286290168332453,7.55673444011131e-05,0.00240349153546541,-14917.7007258865
1566,1568,15,2.9843,5.2055,-13.8248,3.0057,5.2068,-14.0237,0.0533,0.2,0.4314,0.3922,0.1961,26.9037,"2",7.7310805825e-08,0.00865169520312063,0.000286766107885804,7.56929703992102e-05,0.00232792419111741,-14917.6477864884
1567,1569,15,3.0057,5.2068,-14.0237,3.0138,5.2072,-14.2235,0.0533,0.2,0.4314,0.3922,0.1961,26.9941,"2",7.7439829225e-08,0.00865169520312063,0.000287243666519109,7.58190237594247e-05,0.0022522312208588,-14917.5965983309
1568,1570,15,3.0138,5.2072,-14.2235,3.033,5.1976,-14.4224,0.0533,0.2,0.4314,0.3922,0.1961,27.0849,"2",7.7569423525e-08,0.00865169520312063,0.000287723373845476,7.59456442750871e-05,0.00217641219726636,-14917.5471643343
1569,1571,15,3.033,5.1976,-14.4224,3.0709,5.1646,-14.6159,0.0533,0.2,0.4314,0.3922,0.1961,27.176,"2",7.7699446e-08,0.00865169520312063,0.000288204700674564,7.60726922644575e-05,0.00210046655304008,-14917.4994874308
1570,1572,15,3.0709,5.1646,-14.6159,3.0884,5.1263,-14.8115,0.0533,0.2,0.4314,0.3922,0.1961,27.2676,"2",7.78301821e-08,0.00865169520312063,0.000288688706017129,7.62004472573261e-05,0.00202439386068771,-14917.4535705655
1571,1573,15,3.0884,5.1263,-14.8115,3.119,5.0912,-15.006,0.0533,0.2,0.4314,0.3922,0.1961,27.3595,"2",7.7961346375e-08,0.00865169520312063,0.000289174331289647,7.63286298366721e-05,0.00194819341354866,-14917.4094166966
1572,1574,15,3.119,5.0912,-15.006,3.1445,5.0394,-15.1975,0.0533,0.2,0.4314,0.3922,0.1961,27.4518,"2",7.809308155e-08,0.00865169520312063,0.00028966210610625,7.64573797960966e-05,0.00187186478351324,-14917.3670287938
1573,1575,15,3.1445,5.0394,-15.1975,3.167,5.0132,-15.3944,0.0533,0.2,0.4314,0.3922,0.1961,27.5446,"2",7.822553035e-08,0.00865169520312063,0.000290152560076864,7.65868369280901e-05,0.00179540740394976,-14917.3264098417
1574,1576,15,3.167,5.0132,-15.3944,3.2245,5.0082,-15.5859,0.0533,0.2,0.4314,0.3922,0.1961,27.6377,"2",7.8358407325e-08,0.00865169520312063,0.000290644634634126,7.67167218198984e-05,0.00171882056719775,-14917.2875628377
1575,1577,15,3.2245,5.0082,-15.5859,3.2778,5.0051,-15.7787,0.0533,0.2,0.4314,0.3922,0.1961,27.7312,"2",7.84918552e-08,0.00865169520312063,0.000291138859393864,7.68471742655699e-05,0.00164210384499812,-14917.250490791
1576,1578,15,3.2778,5.0051,-15.7787,3.3258,4.9696,-15.9696,0.0533,0.2,0.4314,0.3922,0.1961,27.8251,"2",7.8625873975e-08,0.00865169520312063,0.000291635234579909,7.69781943241856e-05,0.00156525667066138,-14917.2151967239
1577,1579,15,3.3258,4.9696,-15.9696,3.409,4.9696,-16.1514,0.0533,0.2,0.4314,0.3922,0.1961,27.9194,"2",7.876046365e-08,0.00865169520312063,0.000292133760418307,7.71097820554113e-05,0.00148827847664678,-14917.1816836715
1578,1580,15,3.409,4.9696,-16.1514,3.5124,4.9605,-16.3224,0.0533,0.2,0.4314,0.3922,0.1961,28.0141,"2",7.8895624225e-08,0.00865169520312063,0.000292634437137327,7.72419375194992e-05,0.00141116869443861,-14917.1499546825
1579,1581,15,3.5124,4.9605,-16.3224,3.6127,4.9465,-16.4948,0.0533,0.2,0.4314,0.3922,0.1961,28.1093,"2",7.9031498425e-08,0.00865169520312063,0.000293137794352501,7.737480051042e-05,0.00133392675683037,-14917.1200128199
1580,1582,15,3.6127,4.9465,-16.4948,3.7078,4.9059,-16.6661,0.0533,0.2,0.4314,0.3922,0.1961,28.2048,"2",7.91678008e-08,0.00865169520312063,0.000293642773525506,7.75080916230843e-05,0.00125655195651796,-14917.0918611602
1581,1583,15,3.7078,4.9059,-16.6661,3.8091,4.8624,-16.8329,0.0533,0.2,0.4314,0.3922,0.1961,28.3008,"2",7.93048168e-08,0.00865169520312063,0.000294150433660466,7.76420903855311e-05,0.00117904386499504,-14917.0655027927
1582,1584,15,3.8091,4.8624,-16.8329,3.9398,4.8424,-16.983,0.0533,0.2,0.4314,0.3922,0.1961,28.3972,"2",7.94424037e-08,0.00865169520312063,0.000294660245609832,7.77766571273158e-05,0.00110140177467589,-14917.0409408216
1583,1585,15,3.9398,4.8424,-16.983,4.1043,4.8264,-17.0956,0.0533,0.2,0.4314,0.3922,0.1961,28.494,"2",7.95805615e-08,0.00865169520312063,0.000295172209613345,7.79117919117194e-05,0.00102362511725156,-14917.0181783644
1584,1586,15,4.1043,4.8264,-17.0956,4.2414,4.8465,-17.2399,0.0533,0.2,0.4314,0.3922,0.1961,28.5913,"2",7.9719432925e-08,0.00865169520312063,0.000295686855293438,7.80476345345332e-05,0.000945713325686175,-14916.997218553
1585,1587,15,4.2414,4.8465,-17.2399,4.3602,4.8398,-17.4006,0.0533,0.2,0.4314,0.3922,0.1961,28.689,"2",7.985887525e-08,0.00865169520312063,0.000296203653512574,7.81840453279558e-05,0.000867665690852505,-14916.9780645342
1586,1588,15,4.3602,4.8398,-17.4006,4.424,4.8078,-17.5874,0.0533,0.2,0.4314,0.3922,0.1961,28.7871,"2",7.9998888475e-08,0.00865169520312063,0.00029672260451757,7.83210243571355e-05,0.000789481645541471,-14916.9607194681
1587,1589,15,4.424,4.8078,-17.5874,4.4785,4.7713,-17.7763,0.0533,0.2,0.4314,0.3922,0.1961,28.8857,"2",8.0139615325e-08,0.00865169520312063,0.000297244237935971,7.84587114192132e-05,0.000711160621138731,-14916.9451865294
1588,1590,15,4.4785,4.7713,-17.7763,4.5115,4.7564,-17.973,0.0533,0.2,0.4314,0.3922,0.1961,28.9847,"2",8.0280913075e-08,0.00865169520312063,0.000297768024639735,7.85969668488935e-05,0.000632701909689318,-14916.9314689074
1589,1591,15,4.5115,4.7564,-17.973,4.5155,4.7606,-18.173,0.0533,0.2,0.4314,0.3922,0.1961,29.0841,"2",8.0422781725e-08,0.00865169520312063,0.000298293964882818,7.87357907132091e-05,0.000554104942963625,-14916.9195698049
1590,1592,15,4.5155,4.7606,-18.173,4.5186,4.7448,-18.3723,0.0533,0.2,0.4314,0.3922,0.1961,29.1841,"2",8.0565506725e-08,0.00865169520312063,0.000298823117675587,7.88754625418469e-05,0.000475369152094988,-14916.9094924407
1591,1593,15,4.5186,4.7448,-18.3723,4.5431,4.7163,-18.5688,0.0533,0.2,0.4314,0.3922,0.1961,29.2845,"2",8.0708802625e-08,0.00865169520312063,0.000299354424521324,7.90157029406993e-05,0.000396493689814623,-14916.9012400503
1592,1594,15,4.5431,4.7163,-18.5688,4.5706,4.6884,-18.7649,0.0533,0.2,0.4314,0.3922,0.1961,29.3853,"2",8.0852669425e-08,0.00865169520312063,0.000299887885681458,7.91565119787717e-05,0.000317477987265668,-14916.894815882
1593,1595,15,4.5706,4.6884,-18.7649,4.5973,4.6617,-18.9613,0.0533,0.2,0.4314,0.3922,0.1961,29.4866,"2",8.099724985e-08,0.00865169520312063,0.000300424030796004,7.92980294564966e-05,0.000238321474993405,-14916.8902231992
1594,1596,15,4.5973,4.6617,-18.9613,4.628,4.6324,-19.1567,0.0533,0.2,0.4314,0.3922,0.1961,29.5884,"2",8.11425439e-08,0.00865169520312063,0.000300962860130726,7.94402554440237e-05,0.000159023445442672,-14916.8874652815
1595,1597,15,4.628,4.6324,-19.1567,4.6689,4.6331,-19.3525,0.0533,0.2,0.4314,0.3922,0.1961,29.6907,"2",8.1288551575e-08,0.00865169520312063,0.000301504373954201,7.95831900122446e-05,7.95831898836866e-05,-14916.8865454249
1597,1598,15,4.6689,4.6331,-19.3525,4.7279,4.6414,-19.5434,0.0533,0.2,0.4314,0.3922,0.1961,29.7934,"2",8.143513015e-08,0.00865169520312063,1e-09,-9.96733284017865e-16,-4.9836664139073e-16,-299.999999817261
1598,1599,15,4.7279,4.6414,-19.5434,4.8028,4.6511,-19.7286,0.0533,0.2,0.4314,0.3922,0.1961,29.8967,"2",8.1582565075e-08,0.00865169520312063,7.41568894210477e-16,1.95739840988467e-16,9.78699207362641e-17,-300.000000035822
1599,1600,15,4.8028,4.6511,-19.7286,4.8788,4.6821,-19.9102,0.0533,0.1993,0.4314,0.3922,0.1961,30,"2",8.173e-08,0.00865169520312063,2.06955318261735e-15,5.4626618517216e-16,2.73133093048934e-16,-300.00000010014
25,1601,17,0.0688,-0.0475,-3.3181,-0.0136,0.1243,-3.3789,0.1887,0.2,0.4314,0.3922,0.1961,21.4593,"2",7.0312e-08,0.00865169520312063,0.000923477700932626,0.000243755340532989,0.00548786140103262,-14919.7886889858
1600,1602,17,-0.0136,0.1243,-3.3789,-0.072,0.2729,-3.4993,0.0408,0.2,0.4314,0.3922,0.1961,21.5372,"2",7.0312e-08,0.00865169520312063,0.000199669188539391,5.27034177405825e-05,0.00524410606041674,-14919.6680709059
1601,1603,17,-0.072,0.2729,-3.4993,-0.1065,0.422,-3.6281,0.0408,0.2,0.4314,0.3922,0.1961,21.6154,"2",7.0312e-08,0.00865169520312063,0.000199667549515615,5.27029851142199e-05,0.00519140264287369,-14919.5486711584
1602,1604,17,-0.1065,0.422,-3.6281,-0.1467,0.5809,-3.7427,0.0408,0.2,0.4314,0.3922,0.1961,21.6939,"2",7.0312e-08,0.00865169520312063,0.000199665927131166,5.27025568798689e-05,0.0051386996577863,-14919.4304897333
1603,1605,17,-0.1467,0.5809,-3.7427,-0.1703,0.7527,-3.8424,0.0408,0.2,0.4314,0.3922,0.1961,21.7726,"2",7.0312e-08,0.00865169520312063,0.000199664321385908,5.27021330374939e-05,0.00508599710087466,-14919.3135266207
1604,1606,17,-0.1703,0.7527,-3.8424,-0.2032,0.9341,-3.9198,0.0408,0.2,0.4314,0.3922,0.1961,21.8516,"2",7.0312e-08,0.00865169520312063,0.000199662732279709,5.27017135870594e-05,0.0050332949678589,-14919.197781811
1605,1607,17,-0.2032,0.9341,-3.9198,-0.2481,1.1118,-3.9999,0.0408,0.2,0.4314,0.3922,0.1961,21.9308,"2",7.0312e-08,0.00865169520312063,0.000199661159812434,5.27012985285306e-05,0.00498059325445909,-14919.0832552944
1606,1608,17,-0.2481,1.1118,-3.9999,-0.3018,1.275,-4.1024,0.0408,0.2,0.4314,0.3922,0.1961,22.0102,"2",7.032655795e-08,0.00865169520312063,0.000199700943080726,5.27117994687268e-05,0.00492789195572334,-14918.9699471875
1607,1609,17,-0.3018,1.275,-4.1024,-0.344,1.4393,-4.2082,0.0408,0.2,0.4314,0.3922,0.1961,22.0899,"2",7.0440309775e-08,0.00865169520312063,0.000200022413439745,5.27966527540359e-05,0.00487518015666357,-14918.8578585926
1608,1610,17,-0.344,1.4393,-4.2082,-0.3774,1.6049,-4.3153,0.0408,0.2,0.4314,0.3922,0.1961,22.1699,"2",7.0554489775e-08,0.00865169520312063,0.000200345111381968,5.28818300644533e-05,0.0048223835037427,-14918.7469914748
1609,1611,17,-0.3774,1.6049,-4.3153,-0.4191,1.7639,-4.4293,0.0408,0.2,0.4314,0.3922,0.1961,22.2501,"2",7.0668955225e-08,0.00865169520312063,0.000200668631711824,5.29672244471155e-05,0.00476950167388992,-14918.6373478057
1610,1612,17,-0.4191,1.7639,-4.4293,-0.4801,1.9411,-4.499,0.0408,0.2,0.4314,0.3922,0.1961,22.3306,"2",7.078384885e-08,0.00865169520312063,0.000200993379792624,5.30529428991614e-05,0.00471653444923276,-14918.5289295632
1611,1613,17,-0.4801,1.9411,-4.499,-0.5674,2.1169,-4.5375,0.0408,0.2,0.4314,0.3922,0.1961,22.4114,"2",7.089917065e-08,0.00865169520312063,0.000201319355706431,5.31389854422518e-05,0.00466348150629451,-14918.4217387324
1612,1614,17,-0.5674,2.1169,-4.5375,-0.6542,2.2909,-4.5844,0.0408,0.2,0.4314,0.3922,0.1961,22.4924,"2",7.10147779e-08,0.00865169520312063,0.000201646154269174,5.32252451265589e-05,0.00461034252098197,-14918.315777305
1613,1615,17,-0.6542,2.2909,-4.5844,-0.7449,2.4625,-4.6324,0.0408,0.2,0.4314,0.3922,0.1961,22.5737,"2",7.1130813325e-08,0.00865169520312063,0.000201974180837535,5.33118289474721e-05,0.00455711727565755,-14918.2110472788
1614,1616,17,-0.7449,2.4625,-4.6324,-0.8243,2.6345,-4.6968,0.0408,0.2,0.4314,0.3922,0.1961,22.6552,"2",7.12471342e-08,0.00865169520312063,0.000202303030234908,5.33986299571334e-05,0.00450380544665252,-14918.1075506577
1615,1617,17,-0.8243,2.6345,-4.6968,-0.9058,2.806,-4.7593,0.0408,0.2,0.4314,0.3922,0.1961,22.737,"2",7.136388325e-08,0.00865169520312063,0.000202633107813691,5.34857551498016e-05,0.00445040681663535,-14918.0052894521
1616,1618,17,-0.9058,2.806,-4.7593,-0.998,2.9825,-4.7787,0.0408,0.2,0.4314,0.3922,0.1961,22.8191,"2",7.1481060475e-08,0.00865169520312063,0.000202964413660159,5.35732045482491e-05,0.00439692106122917,-14917.9042656799
1617,1619,17,-0.998,2.9825,-4.7787,-1.119,3.1348,-4.8252,0.0408,0.2,0.4314,0.3922,0.1961,22.9015,"2",7.1598665875e-08,0.00865169520312063,0.000203296947861491,5.36609781754876e-05,0.00434334785674338,-14917.8044813663
1618,1620,17,-1.119,3.1348,-4.8252,-1.2279,3.295,-4.8751,0.0408,0.2,0.4314,0.3922,0.1961,22.9841,"2",7.1716556725e-08,0.00865169520312063,0.000203630305255759,5.37489690875333e-05,0.0042896868783809,-14917.7059385429
1619,1621,17,-1.2279,3.295,-4.8751,-1.3555,3.439,-4.9294,0.0408,0.2,0.4314,0.3922,0.1961,23.067,"2",7.183487575e-08,0.00865169520312063,0.000203964891187369,5.38372842765354e-05,0.00423593790934332,-14917.6086392475
1620,1622,17,-1.3555,3.439,-4.9294,-1.4725,3.5831,-5.004,0.0408,0.2,0.4314,0.3922,0.1961,23.1502,"2",7.195362295e-08,0.00865169520312063,0.000204300705746089,5.39259237661887e-05,0.00418210062525356,-14917.5125855254
1621,1623,17,-1.4725,3.5831,-5.004,-1.5827,3.7211,-5.0979,0.0408,0.2,0.4314,0.3922,0.1961,23.2337,"2",7.2072798325e-08,0.00865169520312063,0.000204637749022604,5.40148875804295e-05,0.00412817470136917,-14917.4177794294
1622,1624,17,-1.5827,3.7211,-5.0979,-1.7094,3.8463,-5.1887,0.0408,0.2,0.4314,0.3922,0.1961,23.3174,"2",7.219225915e-08,0.00865169520312063,0.00020497561586915,5.41040687790132e-05,0.00407415981399162,-14917.3242230186
1623,1625,17,-1.7094,3.8463,-5.1887,-1.7863,3.9527,-5.3396,0.0408,0.2,0.4314,0.3922,0.1961,23.4015,"2",7.2312290875e-08,0.00865169520312063,0.000205315116859514,5.41936813158769e-05,0.00402005574502556,-14917.2319183597
1624,1626,17,-1.7863,3.9527,-5.3396,-1.8744,4.0567,-5.486,0.0408,0.2,0.4314,0.3922,0.1961,23.4858,"2",7.243260805e-08,0.00865169520312063,0.000205655441610918,5.42835112875009e-05,0.00396586206359214,-14917.1408675266
1625,1627,17,-1.8744,4.0567,-5.486,-1.8888,4.154,-5.6601,0.0408,0.2,0.4314,0.3922,0.1961,23.5704,"2",7.25533534e-08,0.00865169520312063,0.00020599699545695,5.43736656831792e-05,0.00391157855279986,-14917.0510725997
1626,1628,17,-1.8888,4.154,-5.6601,-1.9226,4.2505,-5.832,0.0408,0.2,0.4314,0.3922,0.1961,23.6553,"2",7.2674526925e-08,0.00865169520312063,0.000206339778492764,5.44641445280277e-05,0.00385720488685121,-14916.9625356668
1627,1629,17,-1.9226,4.2505,-5.832,-1.9642,4.3556,-5.997,0.0408,0.2,0.4314,0.3922,0.1961,23.7405,"2",7.2796128625e-08,0.00865169520312063,0.000206683790814441,5.45549478474075e-05,0.00380274074238814,-14916.8752588233
1628,1630,17,-1.9642,4.3556,-5.997,-2.0193,4.4538,-6.1623,0.0408,0.2,0.4314,0.3922,0.1961,23.8259,"2",7.2918015775e-08,0.00865169520312063,0.000207028627294566,5.46459687064452e-05,0.003748185794343,-14916.7892441708
1629,1631,17,-2.0193,4.4538,-6.1623,-2.0909,4.5329,-6.3315,0.0408,0.2,0.4314,0.3922,0.1961,23.9117,"2",7.3040473825e-08,0.00865169520312063,0.000207375098482276,5.4737421052571e-05,0.00369353982571214,-14916.7044938183
1630,1632,17,-2.0909,4.5329,-6.3315,-2.1761,4.6053,-6.4973,0.0408,0.2,0.4314,0.3922,0.1961,23.9978,"2",7.316336005e-08,0.00865169520312063,0.000207722799249625,5.48291979507713e-05,0.00363880240445497,-14916.6210098838
1631,1633,17,-2.1761,4.6053,-6.4973,-2.2697,4.6702,-6.6617,0.0408,0.2,0.4314,0.3922,0.1961,24.0841,"2",7.3286531725e-08,0.00865169520312063,0.000208071324479006,5.49211924687615e-05,0.00358397320663824,-14916.5387944913
1632,1634,17,-2.2697,4.6702,-6.6617,-2.371,4.7087,-6.8298,0.0408,0.2,0.4314,0.3922,0.1961,24.1708,"2",7.34102743e-08,0.00865169520312063,0.000208421484708275,5.50136185509944e-05,0.00352905201437855,-14916.4578497724
1633,1635,17,-2.371,4.7087,-6.8298,-2.4685,4.7436,-7.0009,0.0408,0.2,0.4314,0.3922,0.1961,24.2578,"2",7.353444505e-08,0.00865169520312063,0.000208772874819417,5.51063692650774e-05,0.00347403839560411,-14916.3781778675
1634,1636,17,-2.4685,4.7436,-7.0009,-2.551,4.7602,-7.1823,0.0408,0.2,0.4314,0.3922,0.1961,24.3451,"2",7.3659043975e-08,0.00865169520312063,0.000209125494915089,5.51994446381076e-05,0.00341893202650548,-14916.2997809245
1635,1637,17,-2.551,4.7602,-7.1823,-2.6316,4.7767,-7.3646,0.0408,0.2,0.4314,0.3922,0.1961,24.4327,"2",7.3784071075e-08,0.00865169520312063,0.000209479345098903,5.52928446974334e-05,0.00336373258188139,-14916.2226610987
1636,1638,17,-2.6316,4.7767,-7.3646,-2.7113,4.795,-7.5472,0.0408,0.2,0.4314,0.3922,0.1961,24.5206,"2",7.390952635e-08,0.00865169520312063,0.000209834425475421,5.53865694706546e-05,0.00330843973713043,-14916.146820553
1637,1639,17,-2.7113,4.795,-7.5472,-2.753,4.7652,-7.7405,0.0408,0.2,0.4314,0.3922,0.1961,24.6088,"2",7.40354098e-08,0.00865169520312063,0.000210190736150162,5.54806189856233e-05,0.00325305316748417,-14916.0722614577
1638,1640,17,-2.753,4.7652,-7.7405,-2.8064,4.7597,-7.9332,0.0408,0.2,0.4314,0.3922,0.1961,24.6973,"2",7.4161721425e-08,0.00865169520312063,0.000210548277229604,5.55749932704447e-05,0.00319757254828732,-14915.9989859908
1639,1641,17,-2.8064,4.7597,-7.9332,-2.8573,4.7584,-8.1266,0.0408,0.2,0.4314,0.3922,0.1961,24.7861,"2",7.4288461225e-08,0.00865169520312063,0.000210907048821187,5.56696923534776e-05,0.00314199755508804,-14915.9269963376
1640,1642,17,-2.8573,4.7584,-8.1266,-2.9142,4.7755,-8.3175,0.0408,0.2,0.4314,0.3922,0.1961,24.8753,"2",7.4415771925e-08,0.00865169520312063,0.000211267456231664,5.5764823216933e-05,0.00308632786277818,-14915.8562946923
1641,1643,17,-2.9142,4.7755,-8.3175,-2.95,4.7835,-8.5141,0.0408,0.2,0.4314,0.3922,0.1961,24.9648,"2",7.45435108e-08,0.00865169520312063,0.000211629094368206,5.58602789350661e-05,0.00303056303948327,-14915.7868832577
1642,1644,17,-2.95,4.7835,-8.5141,-2.9785,4.7669,-8.7114,0.0408,0.2,0.4314,0.3922,0.1961,25.0546,"2",7.467167785e-08,0.00865169520312063,0.000211991963341295,5.59560595370393e-05,0.00297470276066499,-14915.7187642442
1643,1645,17,-2.9785,4.7669,-8.7114,-3.0236,4.7451,-8.905,0.0408,0.2,0.4314,0.3922,0.1961,25.1447,"2",7.4800273075e-08,0.00865169520312063,0.000212356063262387,5.60521650522718e-05,0.00291874670148584,-14915.6519398698
1644,1646,17,-3.0236,4.7451,-8.905,-3.0652,4.7161,-9.0985,0.0408,0.2,0.4314,0.3922,0.1961,25.2352,"2",7.49294392e-08,0.00865169520312063,0.000212721799434712,5.61487024620438e-05,0.00286269453643008,-14915.5864123611
1645,1647,17,-3.0652,4.7161,-9.0985,-3.177,4.721,-9.2642,0.0408,0.2,0.4314,0.3922,0.1961,25.326,"2",7.50590335e-08,0.00865169520312063,0.00021308876677732,5.62455648437469e-05,0.00280654583365379,-14915.5221839535
1646,1648,17,-3.177,4.721,-9.2642,-3.2915,4.733,-9.4278,0.0408,0.2,0.4314,0.3922,0.1961,25.4171,"2",7.5189055975e-08,0.00865169520312063,0.000213456965404748,5.63427522276132e-05,0.00275030026892678,-14915.4592568899
1647,1649,17,-3.2915,4.733,-9.4278,-3.3721,4.687,-9.605,0.0408,0.2,0.4314,0.3922,0.1961,25.5085,"2",7.5319506625e-08,0.00865169520312063,0.000213826395432516,5.64402646441346e-05,0.00269395751673144,-14915.3976334207
1648,1650,17,-3.3721,4.687,-9.605,-3.45,4.6747,-9.7887,0.0408,0.2,0.4314,0.3922,0.1961,25.6003,"2",7.5450528175e-08,0.00865169520312063,0.00021419746216095,5.65382090738255e-05,0.00263751725225862,-14915.3373158051
1649,1651,17,-3.45,4.6747,-9.7887,-3.4965,4.6744,-9.9833,0.0408,0.2,0.4314,0.3922,0.1961,25.6925,"2",7.5582120625e-08,0.00865169520312063,0.000214570165702625,5.66365855463997e-05,0.00258097904304627,-14915.2783063122
1650,1652,17,-3.4965,4.6744,-9.9833,-3.5803,4.6806,-10.1647,0.0408,0.2,0.4314,0.3922,0.1961,25.785,"2",7.571414125e-08,0.00865169520312063,0.00021494410099081,5.67352871430022e-05,0.00252434245735238,-14915.22060722
1651,1653,17,-3.5803,4.6806,-10.1647,-3.6605,4.6549,-10.3461,0.0408,0.2,0.4314,0.3922,0.1961,25.8778,"2",7.584659005e-08,0.00865169520312063,0.000215319268145284,5.6834313895249e-05,0.00246760717042594,-14915.164220814
1652,1654,17,-3.6605,4.6549,-10.3461,-3.7517,4.6335,-10.5229,0.0408,0.2,0.4314,0.3922,0.1961,25.971,"2",7.597960975e-08,0.00865169520312063,0.000215696072464248,5.69337727830929e-05,0.00241077285648133,-14915.1091493881
1653,1655,17,-3.7517,4.6335,-10.5229,-3.8707,4.6128,-10.6822,0.0408,0.2,0.4314,0.3922,0.1961,26.0645,"2",7.6113057625e-08,0.00865169520312063,0.000216074108889081,5.70335568898189e-05,0.00235383908385,-14915.0553952456
1654,1656,17,-3.8707,4.6128,-10.6822,-3.9998,4.597,-10.8342,0.0408,0.2,0.4314,0.3922,0.1961,26.1584,"2",7.62470764e-08,0.00865169520312063,0.000216453782717157,5.71337731951619e-05,0.0022968055268822,-14915.0029606979
1655,1657,17,-3.9998,4.597,-10.8342,-4.1233,4.5831,-10.9909,0.0408,0.2,0.4314,0.3922,0.1961,26.2526,"2",7.638152335e-08,0.00865169520312063,0.000216834688895143,5.72343147838027e-05,0.0022396717536434,-14914.9518480656
1656,1658,17,-4.1233,4.5831,-10.9909,-4.2339,4.5151,-11.143,0.0408,0.2,0.4314,0.3922,0.1961,26.3472,"2",7.65165412e-08,0.00865169520312063,0.000217217232719748,5.73352886353003e-05,0.00218243743936215,-14914.9020596778
1657,1659,17,-4.2339,4.5151,-11.143,-4.3422,4.4489,-11.2976,0.0408,0.2,0.4314,0.3922,0.1961,26.4422,"2",7.665212995e-08,0.00865169520312063,0.000217601414313039,5.7436694781875e-05,0.00212510215064126,-14914.8535978737
1658,1660,17,-4.3422,4.4489,-11.2976,-4.4445,4.3807,-11.4553,0.0408,0.2,0.4314,0.3922,0.1961,26.5375,"2",7.6788146875e-08,0.00865169520312063,0.000217986828629441,5.7538426310255e-05,0.00206766545574073,-14914.8064650014
1659,1661,17,-4.4445,4.3807,-11.4553,-4.5451,4.2839,-11.5985,0.0408,0.2,0.4314,0.3922,0.1961,26.6332,"2",7.69247347e-08,0.00865169520312063,0.000218373880965036,5.76405901998345e-05,0.00201012702944428,-14914.7606634175
1660,1662,17,-4.5451,4.2839,-11.5985,-4.6457,4.1863,-11.7412,0.0408,0.2,0.4314,0.3922,0.1961,26.7292,"2",7.70617507e-08,0.00865169520312063,0.000218762166279206,5.77430795386499e-05,0.00195248643920678,-14914.7161954875
1661,1663,17,-4.6457,4.1863,-11.7412,-4.7374,4.0919,-11.8918,0.0408,0.2,0.4314,0.3922,0.1961,26.8257,"2",7.7199480325e-08,0.00865169520312063,0.000219152495032936,5.78461082508638e-05,0.00189474335997215,-14914.6730635868
1662,1664,17,-4.7374,4.0919,-11.8918,-4.8337,4.0308,-12.0561,0.0408,0.2,0.4314,0.3922,0.1961,26.9225,"2",7.7337638125e-08,0.00865169520312063,0.000219544057022945,5.79494624803356e-05,0.00183689725192933,-14914.6312701009
1663,1665,17,-4.8337,4.0308,-12.0561,-4.9178,3.9773,-12.2295,0.0408,0.2,0.4314,0.3922,0.1961,27.0197,"2",7.7476366825e-08,0.00865169520312063,0.000219937257545099,5.80532492064025e-05,0.001778947789374,-14914.590817424
1664,1666,17,-4.9178,3.9773,-12.2295,-5.0262,3.915,-12.3856,0.0408,0.2,0.4314,0.3922,0.1961,27.1172,"2",7.76155237e-08,0.00865169520312063,0.000220331691568438,5.81573615196501e-05,0.00172089454041478,-14914.5517079592
1665,1667,17,-5.0262,3.915,-12.3856,-5.1234,3.8429,-12.5449,0.0408,0.2,0.4314,0.3922,0.1961,27.2152,"2",7.77553942e-08,0.00865169520312063,0.000220728169549571,5.82620133430861e-05,0.00166273717869435,-14914.5139441194
1666,1668,17,-5.1234,3.8429,-12.5449,-5.2058,3.7546,-12.7043,0.0408,0.2,0.4314,0.3922,0.1961,27.3135,"2",7.7895692875e-08,0.00865169520312063,0.000221125881299392,5.83669908243113e-05,0.00160447516515845,-14914.4775283275
1667,1669,17,-5.2058,3.7546,-12.7043,-5.2838,3.6672,-12.8663,0.0408,0.2,0.4314,0.3922,0.1961,27.4122,"2",7.803656245e-08,0.00865169520312063,0.000221525232114204,5.8472400942778e-05,0.00154610817455156,-14914.4424630154
1668,1670,17,-5.2838,3.6672,-12.8663,-5.3767,3.5925,-13.0269,0.0408,0.2,0.4314,0.3922,0.1961,27.5114,"2",7.817814565e-08,0.00865169520312063,0.000221926627287588,5.85783506772194e-05,0.00148763577393497,-14914.4087506261
1669,1671,17,-5.3767,3.5925,-13.0269,-5.4843,3.5302,-13.1836,0.0408,0.2,0.4314,0.3922,0.1961,27.6109,"2",7.8320157025e-08,0.00865169520312063,0.000222329256640437,5.86846261778765e-05,0.00142905742331505,-14914.3763936124
1670,1672,17,-5.4843,3.5302,-13.1836,-5.5917,3.497,-13.349,0.0408,0.2,0.4314,0.3922,0.1961,27.7108,"2",7.84627393e-08,0.00865169520312063,0.000222733525469927,5.87913344244317e-05,0.00137037279699899,-14914.3453944362
1671,1673,17,-5.5917,3.497,-13.349,-5.6897,3.4653,-13.5205,0.0408,0.2,0.4314,0.3922,0.1961,27.8111,"2",7.8605892475e-08,0.00865169520312063,0.0002231394339159,5.88984754537964e-05,0.00131158146258632,-14914.3157555693
1672,1674,17,-5.6897,3.4653,-13.5205,-5.7874,3.4369,-13.6927,0.0408,0.2,0.4314,0.3922,0.1961,27.9119,"2",7.8749759275e-08,0.00865169520312063,0.000223547387273797,5.90061562451955e-05,0.00125268298722488,-14914.2874794946
1673,1675,17,-5.7874,3.4369,-13.6927,-5.8921,3.4112,-13.8611,0.0408,0.2,0.4314,0.3922,0.1961,28.013,"2",7.889405425e-08,0.00865169520312063,0.000223956575376856,5.91141629521278e-05,0.0011936768309988,-14914.2605687051
1674,1676,17,-5.8921,3.4112,-13.8611,-5.9916,3.3772,-14.0312,0.0408,0.2,0.4314,0.3922,0.1961,28.1146,"2",7.903906285e-08,0.00865169520312063,0.000224367808676776,5.92227094963046e-05,0.00113456266865476,-14914.2350257039
1675,1677,17,-5.9916,3.3772,-14.0312,-6.0954,3.3435,-14.1988,0.0408,0.2,0.4314,0.3922,0.1961,28.2166,"2",7.918464235e-08,0.00865169520312063,0.000224780682164629,5.93316889741273e-05,0.00107533995879236,-14914.2108530052
1676,1678,17,-6.0954,3.3435,-14.1988,-6.1971,3.3081,-14.3673,0.0408,0.2,0.4314,0.3922,0.1961,28.319,"2",7.933079275e-08,0.00865169520312063,0.000225195195987105,5.94411014243155e-05,0.0010160082698102,-14914.1880531333
1677,1679,17,-6.1971,3.3081,-14.3673,-6.2852,3.256,-14.5392,0.0408,0.2,0.4314,0.3922,0.1961,28.4218,"2",7.947751405e-08,0.00865169520312063,0.000225611350292246,5.95509468859454e-05,0.000956567168463963,-14914.1666286225
1678,1680,17,-6.2852,3.256,-14.5392,-6.3711,3.2406,-14.7191,0.0408,0.2,0.4314,0.3922,0.1961,28.525,"2",7.962480625e-08,0.00865169520312063,0.000226029145229452,5.96612253984519e-05,0.000897016221830097,-14914.146582017
1679,1681,17,-6.3711,3.2406,-14.7191,-6.4509,3.2366,-14.9025,0.0408,0.2,0.4314,0.3922,0.1961,28.6287,"2",7.9772812075e-08,0.00865169520312063,0.000226448986099199,5.97720439423881e-05,0.000837354996161107,-14914.1279158724
1680,1682,17,-6.4509,3.2366,-14.9025,-6.5169,3.1856,-15.0843,0.0408,0.2,0.4314,0.3922,0.1961,28.7328,"2",7.99213888e-08,0.00865169520312063,0.000226870467902941,5.9883295616896e-05,0.000777582952442125,-14914.1106327555
1681,1683,17,-6.5169,3.1856,-15.0843,-6.5485,3.1122,-15.2676,0.0408,0.2,0.4314,0.3922,0.1961,28.8374,"2",8.007067915e-08,0.00865169520312063,0.000227293995943083,5.99950874030386e-05,0.000717699656317359,-14914.0947352443
1682,1684,17,-6.5485,3.1122,-15.2676,-6.5814,3.0458,-15.4534,0.0408,0.2,0.4314,0.3922,0.1961,28.9424,"2",8.02205404e-08,0.00865169520312063,0.000227719165225089,6.01073124010163e-05,0.000657704569185416,-14914.0802259281
1683,1685,17,-6.5814,3.0458,-15.4534,-6.6049,2.9952,-15.6454,0.0408,0.2,0.4314,0.3922,0.1961,29.0478,"2",8.037097255e-08,0.00865169520312063,0.000228145975905517,6.02199706521529e-05,0.000597597257024741,-14914.0671074061
1684,1686,17,-6.6049,2.9952,-15.6454,-6.6394,2.946,-15.8362,0.0408,0.2,0.4314,0.3922,0.1961,29.1537,"2",8.0522118325e-08,0.00865169520312063,0.000228574833289915,6.0333169138341e-05,0.000537377285795149,-14914.055382289
1685,1687,17,-6.6394,2.946,-15.8362,-6.6839,2.8921,-16.0236,0.0408,0.2,0.4314,0.3922,0.1961,29.26,"2",8.0673835e-08,0.00865169520312063,0.000229005332389433,6.04468009612817e-05,0.000477044117031647,-14914.0450531985
1686,1688,17,-6.6839,2.8921,-16.0236,-6.73,2.8358,-16.2099,0.0408,0.2,0.4314,0.3922,0.1961,29.3668,"2",8.08262653e-08,0.00865169520312063,0.000229437878511982,6.05609731034913e-05,0.000416597315809872,-14914.0361227677
1687,1689,17,-6.73,2.8358,-16.2099,-6.7713,2.8242,-16.4052,0.0408,0.2,0.4314,0.3922,0.1961,29.4741,"2",8.0979409225e-08,0.00865169520312063,0.000229872471819193,6.06756856076325e-05,0.000356036342790263,-14914.0285936422
1688,1690,17,-6.7713,2.8242,-16.4052,-6.7972,2.8422,-16.6027,0.0408,0.2,0.4314,0.3922,0.1961,29.5818,"2",8.113312405e-08,0.00865169520312063,0.000230308707327751,6.0790831576868e-05,0.000295360656942161,-14914.0224684787
1689,1691,17,-6.7972,2.8422,-16.6027,-6.8207,2.8373,-16.8013,0.0408,0.2,0.4314,0.3922,0.1961,29.69,"2",8.12875525e-08,0.00865169520312063,0.00023074699034952,6.09065179947568e-05,0.000234569825349242,-14914.0177499453
1690,1692,17,-6.8207,2.8373,-16.8013,-6.8394,2.8296,-17.0003,0.0408,0.2,0.4314,0.3922,0.1961,29.7987,"2",8.1442694575e-08,0.00865169520312063,0.000231187321051013,6.10227449052508e-05,0.000173663307356972,-14914.0144407225
1691,1693,17,-6.8394,2.8296,-17.0003,-6.8269,2.8275,-17.1999,0.0408,0.2,0.4314,0.3922,0.1961,29.9078,"2",8.159840755e-08,0.00865169520312063,0.000231629294454149,6.1139405412894e-05,0.000112640562334806,-14914.0125435022
1692,1694,17,-6.8269,2.8275,-17.1999,-6.8261,2.8279,-17.368,0.0408,0.1682,0.4314,0.3922,0.1961,30,"2",8.173e-08,0.00865169520312063,0.000195114372321109,5.15011572233753e-05,5.15011574402024e-05,-14914.0120428781
27,1695,18,0.0613,-0.0305,-3.5547,0.1573,0.1331,-3.6183,0.1887,0.2,0.4314,0.3922,0.1961,21.8651,"2",7.0312e-08,0.00865169520312063,0.000923269826180825,0.000243700471226603,0.00549802906402098,-14916.497643997
1694,1696,18,0.1573,0.1331,-3.6183,0.2894,0.2653,-3.6895,0.0748,0.2,0.4314,0.3922,0.1961,22.0136,"2",7.03314106e-08,0.00865169520312063,0.000366078809738662,9.66278501794262e-05,0.00525432859292049,-14916.3772973024
1695,1697,18,0.2894,0.2653,-3.6895,0.4224,0.3925,-3.7678,0.0748,0.2,0.4314,0.3922,0.1961,22.1625,"2",7.0543928125e-08,0.00865169520312063,0.000367181979802839,9.69190359810843e-05,0.00515770074289656,-14916.2591877056
1696,1698,18,0.4224,0.3925,-3.7678,0.5156,0.5117,-3.8986,0.0748,0.2,0.4314,0.3922,0.1961,22.3119,"2",7.0757159275e-08,0.00865169520312063,0.000368288902670673,9.72112123490897e-05,0.00506078170729692,-14916.1433219494
1697,1699,18,0.5156,0.5117,-3.8986,0.611,0.633,-4.0258,0.0748,0.2,0.4314,0.3922,0.1961,22.4618,"2",7.097110405e-08,0.00865169520312063,0.000369399578934054,9.75043794396745e-05,0.00496357049469971,-14916.0297067994
1698,1700,18,0.611,0.633,-4.0258,0.7358,0.7242,-4.1527,0.0748,0.2,0.4314,0.3922,0.1961,22.6122,"2",7.118576245e-08,0.00865169520312063,0.000370514009190938,9.77985374106712e-05,0.00486606611506556,-14915.9183490441
1699,1701,18,0.7358,0.7242,-4.1527,0.8519,0.8056,-4.2937,0.0748,0.2,0.4314,0.3922,0.1961,22.7631,"2",7.1401134475e-08,0.00865169520312063,0.000371632194045368,9.80936864215191e-05,0.00476826757764678,-14915.8092554951
1700,1702,18,0.8519,0.8056,-4.2937,0.9724,0.8728,-4.4385,0.0748,0.2,0.4314,0.3922,0.1961,22.9144,"2",7.16170774e-08,0.00865169520312063,0.000372753391250753,9.83896305534969e-05,0.00467017389138695,-14915.7024329844
1701,1703,18,0.9724,0.8728,-4.4385,1.1153,0.9219,-4.5695,0.0748,0.2,0.4314,0.3922,0.1961,23.0662,"2",7.183373395e-08,0.00865169520312063,0.000373878344290765,9.86865660518579e-05,0.00457178426069842,-14915.5978883648
1702,1704,18,1.1153,0.9219,-4.5695,1.2531,0.9791,-4.7028,0.0748,0.2,0.4314,0.3922,0.1961,23.2185,"2",7.2051104125e-08,0.00865169520312063,0.000375007053787402,9.8984493080781e-05,0.00447309769480668,-14915.495628512
1703,1705,18,1.2531,0.9791,-4.7028,1.3776,1.0243,-4.8526,0.0748,0.2,0.4314,0.3922,0.1961,23.3713,"2",7.2269187925e-08,0.00865169520312063,0.000376139520368854,9.92834118060792e-05,0.00437411320182409,-14915.3956603246
1704,1706,18,1.3776,1.0243,-4.8526,1.4657,1.0346,-5.0319,0.0748,0.2,0.4314,0.3922,0.1961,23.5246,"2",7.248798535e-08,0.00865169520312063,0.000377275744669526,9.9583322395206e-05,0.00427482979008032,-14915.297990724
1705,1707,18,1.4657,1.0346,-5.0319,1.5584,1.0521,-5.2082,0.0748,0.2,0.4314,0.3922,0.1961,23.6784,"2",7.27074964e-08,0.00865169520312063,0.000378415727330067,9.98842250172631e-05,0.00417524646767195,-14915.2026266548
1706,1708,18,1.5584,1.0521,-5.2082,1.6727,1.0828,-5.3694,0.0748,0.2,0.4314,0.3922,0.1961,23.8327,"2",7.2927721075e-08,0.00865169520312063,0.000379559468997397,0.000100186119843007,0.00407536224303489,-14915.1095750843
1707,1709,18,1.6727,1.0828,-5.3694,1.7637,1.0764,-5.5474,0.0748,0.2,0.4314,0.3922,0.1961,23.9875,"2",7.3148659375e-08,0.00865169520312063,0.000380706970324731,0.000100489007044857,0.00397517612269561,-14915.0188430029
1708,1710,18,1.7637,1.0764,-5.5474,1.8485,1.0647,-5.7282,0.0748,0.2,0.4314,0.3922,0.1961,24.1428,"2",7.33703113e-08,0.00865169520312063,0.000381858231971608,0.000100792886796901,0.00387468711556555,-14914.9304374238
1709,1711,18,1.8485,1.0647,-5.7282,1.9426,1.0704,-5.9046,0.0748,0.2,0.4314,0.3922,0.1961,24.2987,"2",7.3592819575e-08,0.00865169520312063,0.000383013997416527,0.000101097955343026,0.00377389422889112,-14914.8443653856
1710,1712,18,1.9426,1.0704,-5.9046,2.0506,1.084,-6.0724,0.0748,0.2,0.4314,0.3922,0.1961,24.455,"2",7.381589875e-08,0.00865169520312063,0.000384172781702343,0.000101403820723325,0.00367279627318782,-14914.7606339496
1711,1713,18,2.0506,1.084,-6.0724,2.2192,1.067,-6.1786,0.0748,0.2,0.4314,0.3922,0.1961,24.6119,"2",7.4039834275e-08,0.00865169520312063,0.000385336071128867,0.000101710875252107,0.00357139245258923,-14914.6792502003
1712,1714,18,2.2192,1.067,-6.1786,2.3762,1.0338,-6.298,0.0748,0.2,0.4314,0.3922,0.1961,24.7692,"2",7.42643407e-08,0.00865169520312063,0.000386502380769055,0.00010201872697741,0.00346968157713661,-14914.600221245
1713,1715,18,2.3762,1.0338,-6.298,2.492,0.9777,-6.4511,0.0748,0.2,0.4314,0.3922,0.1961,24.9271,"2",7.4489703475e-08,0.00865169520312063,0.000387673196918828,0.000102327768212517,0.0033676628500882,-14914.523554214
1714,1716,18,2.492,0.9777,-6.4511,2.599,0.9204,-6.6101,0.0748,0.2,0.4314,0.3922,0.1961,25.0856,"2",7.47159226e-08,0.00865169520312063,0.00038884852026485,0.000102637999138674,0.00326533508160624,-14914.4492562652
1715,1717,18,2.599,0.9204,-6.6101,2.7118,0.86,-6.7637,0.0748,0.2,0.4314,0.3922,0.1961,25.2445,"2",7.4942712625e-08,0.00865169520312063,0.000390026865924122,0.000102949027815545,0.00316269708241942,-14914.3773345792
1716,1718,18,2.7118,0.86,-6.7637,2.7716,0.811,-6.9482,0.0748,0.2,0.4314,0.3922,0.1961,25.404,"2",7.5170359e-08,0.00865169520312063,0.000391209720189219,0.00010326124655553,0.00305974805488881,-14914.30779636
1717,1719,18,2.7716,0.811,-6.9482,2.8024,0.7959,-7.1452,0.0748,0.2,0.4314,0.3922,0.1961,25.5641,"2",7.5398861725e-08,0.00865169520312063,0.00039239708376801,0.000103574655545474,0.00295648680839784,-14914.2406488386
1718,1720,18,2.8024,0.7959,-7.1452,2.8075,0.7832,-7.3448,0.0748,0.2,0.4314,0.3922,0.1961,25.7247,"2",7.5628078075e-08,0.00865169520312063,0.000393588214597726,0.000103889058915175,0.00285291215273636,-14914.1758992718
1719,1721,18,2.8075,0.7832,-7.3448,2.8144,0.7887,-7.5446,0.0748,0.2,0.4314,0.3922,0.1961,25.8858,"2",7.585800805e-08,0.00865169520312063,0.000394783113410744,0.000104204456857947,0.00274902309386392,-14914.1135549389
1720,1722,18,2.8144,0.7887,-7.5446,2.8102,0.7751,-7.744,0.0748,0.2,0.4314,0.3922,0.1961,26.0475,"2",7.6088794375e-08,0.00865169520312063,0.000395982523717855,0.000104521045626201,0.00264481863687179,-14914.0536231448
1721,1723,18,2.8102,0.7751,-7.744,2.792,0.7637,-7.9429,0.0748,0.2,0.4314,0.3922,0.1961,26.2097,"2",7.6320294325e-08,0.00865169520312063,0.000397185703487187,0.000104838629357892,0.00254029759137543,-14913.9961112195
1722,1724,18,2.792,0.7637,-7.9429,2.7903,0.7355,-8.1409,0.0748,0.2,0.4314,0.3922,0.1961,26.3725,"2",7.6552650625e-08,0.00865169520312063,0.000398393396237589,0.000105157404307559,0.00243545896178106,-14913.9410265182
1723,1725,18,2.7903,0.7355,-8.1409,2.7886,0.7142,-8.3397,0.0748,0.2,0.4314,0.3922,0.1961,26.5359,"2",7.6785863275e-08,0.00865169520312063,0.000399605602720658,0.000105477370673589,0.00233030155747056,-14913.888376424
1724,1726,18,2.7886,0.7142,-8.3397,2.7866,0.6682,-8.5344,0.0748,0.2,0.4314,0.3922,0.1961,26.6998,"2",7.701978955e-08,0.00865169520312063,0.000400821580935084,0.000105798332602002,0.00222482418691808,-14913.8381683448
1725,1727,18,2.7866,0.6682,-8.5344,2.7841,0.6403,-8.7324,0.0748,0.2,0.4314,0.3922,0.1961,26.8643,"2",7.7254572175e-08,0.00865169520312063,0.000402042074413205,0.000106120486350899,0.00211902585432251,-14913.790409714
1726,1728,18,2.7841,0.6403,-8.7324,2.7787,0.6182,-8.9311,0.0748,0.2,0.4314,0.3922,0.1961,27.0294,"2",7.749021115e-08,0.00865169520312063,0.000403267083929162,0.000106443832124616,0.00201290536812857,-14913.7451079927
1727,1729,18,2.7787,0.6182,-8.9311,2.7766,0.5981,-9.1301,0.0748,0.2,0.4314,0.3922,0.1961,27.195,"2",7.772656375e-08,0.00865169520312063,0.000404495867511383,0.000106768174077023,0.00190646153595931,-14913.7022706671
1728,1730,18,2.7766,0.5981,-9.1301,2.7657,0.5885,-9.3295,0.0748,0.2,0.4314,0.3922,0.1961,27.3612,"2",7.79637727e-08,0.00865169520312063,0.0004057291687071,0.000107093708470153,0.00179969336185208,-14913.6619052487
1729,1731,18,2.7657,0.5885,-9.3295,2.7551,0.5774,-9.5289,0.0748,0.2,0.4314,0.3922,0.1961,27.528,"2",7.8201838e-08,0.00865169520312063,0.000406966988313294,0.00010742043551437,0.00169259965326729,-14913.6240192767
1730,1732,18,2.7551,0.5774,-9.5289,2.7537,0.5607,-9.7282,0.0748,0.2,0.4314,0.3922,0.1961,27.6954,"2",7.844075965e-08,0.00865169520312063,0.000408209327134793,0.000107748355422112,0.00158517921817392,-14913.5886203177
1731,1733,18,2.7537,0.5607,-9.7282,2.7772,0.5439,-9.9262,0.0748,0.2,0.4314,0.3922,0.1961,27.8634,"2",7.868053765e-08,0.00865169520312063,0.000409456185984304,0.000108077468407897,0.00147743086244132,-14913.555715966
1732,1734,18,2.7772,0.5439,-9.9262,2.8021,0.5454,-10.1246,0.0748,0.2,0.4314,0.3922,0.1961,28.032,"2",7.8921172e-08,0.00865169520312063,0.000410707565682456,0.000108407774688331,0.00136935339401439,-14913.5253138435
1733,1735,18,2.8021,0.5454,-10.1246,2.797,0.5477,-10.3245,0.0748,0.2,0.4314,0.3922,0.1961,28.2013,"2",7.9162805425e-08,0.00865169520312063,0.000411964209800497,0.000108739470531785,0.0012609456197247,-14913.4974216018
1734,1736,18,2.797,0.5477,-10.3245,2.7954,0.558,-10.5242,0.0748,0.2,0.4314,0.3922,0.1961,28.3711,"2",7.9405152475e-08,0.00865169520312063,0.000413224633688426,0.000109072164059423,0.00115220614902758,-14913.4720469203
1735,1737,18,2.7954,0.558,-10.5242,2.8173,0.592,-10.7201,0.0748,0.2,0.4314,0.3922,0.1961,28.5415,"2",7.9648355875e-08,0.00865169520312063,0.000414489580934987,0.000109406051544232,0.00104313398477744,-14913.4491975036
1736,1738,18,2.8173,0.592,-10.7201,2.8381,0.6556,-10.9086,0.0748,0.2,0.4314,0.3922,0.1961,28.7125,"2",7.9892415625e-08,0.00865169520312063,0.000415759052392828,0.000109741133211272,0.000933727933108182,-14913.4288810839
1737,1739,18,2.8381,0.6556,-10.9086,2.8527,0.7225,-11.0965,0.0748,0.2,0.4314,0.3922,0.1961,28.8842,"2",8.013747445e-08,0.00865169520312063,0.000417033791660718,0.000110077605336177,0.000823986799938927,-14913.4111054234
1738,1740,18,2.8527,0.7225,-11.0965,2.8683,0.787,-11.2852,0.0748,0.2,0.4314,0.3922,0.1961,29.0565,"2",8.0383389625e-08,0.00865169520312063,0.000418313056867957,0.000110415272099444,0.000713909194594098,-14913.3958783139
1739,1741,18,2.8683,0.787,-11.2852,2.9241,0.8326,-11.4717,0.0748,0.2,0.4314,0.3922,0.1961,29.2294,"2",8.063016115e-08,0.00865169520312063,0.000419596848892103,0.000110754133732706,0.000603493922276477,-14913.3832075752
1740,1742,18,2.9241,0.8326,-11.4717,2.9757,0.8752,-11.6602,0.0748,0.2,0.4314,0.3922,0.1961,29.4029,"2",8.0877789025e-08,0.00865169520312063,0.000420885168618921,0.000111094190469765,0.000492739788569882,-14913.3731010544
1741,1743,18,2.9757,0.8752,-11.6602,3.0221,0.9262,-11.848,0.0748,0.2,0.4314,0.3922,0.1961,29.5771,"2",8.1126415975e-08,0.00865169520312063,0.000422178759677866,0.000111435638594354,0.000381645598132109,-14913.3655666287
1742,1744,18,3.0221,0.9262,-11.848,3.0408,0.9786,-12.0401,0.0748,0.2,0.4314,0.3922,0.1961,29.752,"2",8.1376042e-08,0.00865169520312063,0.000423477622970401,0.000111778478344418,0.000270209959840506,-14913.3606122073
1743,1745,18,3.0408,0.9786,-12.0401,3.0613,1.0019,-12.2376,0.0748,0.2,0.4314,0.3922,0.1961,29.9274,"2",8.162638165e-08,0.00865169520312063,0.000424780273937324,0.000112122317865088,0.000158431481786198,-14913.3582457272
1744,1746,18,3.0613,1.0019,-12.2376,3.066,1.0139,-12.3191,0.0748,0.0825,0.4314,0.3922,0.1961,30,"2",8.173e-08,0.00865169520312063,0.000175444280161611,4.63091639485928e-05,4.63091636622151e-05,-14913.358024932
28,1747,19,0.0616,-0.0291,-3.7225,0.213,-0.1414,-3.7893,0.1887,0.2,0.4314,0.3922,0.1961,22.0751,"2",7.0419186475e-08,0.00865169520312063,0.000924481310733686,0.000244020247036495,0.00765536469021951,-14913.3747281301
1746,1748,19,0.213,-0.1414,-3.7893,0.3513,-0.266,-3.8623,0.0887,0.2,0.4314,0.3922,0.1961,22.1947,"2",7.0589885575e-08,0.00865169520312063,0.000435608377625286,0.000114980435715817,0.00741134444320517,-14913.2047301369
1747,1749,19,0.3513,-0.266,-3.8623,0.4899,-0.3782,-3.953,0.0887,0.2,0.4314,0.3922,0.1961,22.3147,"2",7.0761155575e-08,0.00865169520312063,0.000436660240382025,0.000115258078764701,0.00729636400734475,-14913.037393339
1748,1750,19,0.4899,-0.3782,-3.953,0.6329,-0.4797,-4.0492,0.0887,0.2,0.4314,0.3922,0.1961,22.4351,"2",7.0932996475e-08,0.00865169520312063,0.000437715681478532,0.000115536666329546,0.00718110592845565,-14912.8727241656
1749,1751,19,0.6329,-0.4797,-4.0492,0.7686,-0.579,-4.1575,0.0887,0.2,0.4314,0.3922,0.1961,22.5559,"2",7.1105408275e-08,0.00865169520312063,0.000438774701568155,0.000115816198582806,0.00706556926201937,-14912.7107290677
1750,1752,19,0.7686,-0.579,-4.1575,0.9184,-0.6614,-4.2611,0.0887,0.2,0.4314,0.3922,0.1961,22.677,"2",7.127824825e-08,0.00865169520312063,0.000439836420597984,0.000116096443231275,0.00694975306362437,-14912.5514145155
1751,1753,19,0.9184,-0.6614,-4.2611,1.0417,-0.7565,-4.3867,0.0887,0.2,0.4314,0.3922,0.1961,22.7986,"2",7.145180185e-08,0.00865169520312063,0.000440902600668839,0.000116377865387953,0.00683365662026969,-14912.3947870009
1752,1754,19,1.0417,-0.7565,-4.3867,1.1655,-0.8389,-4.5204,0.0887,0.2,0.4314,0.3922,0.1961,22.9205,"2",7.1625783625e-08,0.00865169520312063,0.00044197148103721,0.000116660000298106,0.00671727875475038,-14912.2408530378
1753,1755,19,1.1655,-0.8389,-4.5204,1.2878,-0.9248,-4.6533,0.0887,0.2,0.4314,0.3922,0.1961,23.0428,"2",7.18003363e-08,0.00865169520312063,0.000443043943094159,0.000116943080608152,0.0066006187544551,-14912.0896191591
1754,1756,19,1.2878,-0.9248,-4.6533,1.3991,-1.0171,-4.7915,0.0887,0.2,0.4314,0.3922,0.1961,23.1655,"2",7.1975459875e-08,0.00865169520312063,0.000444119987524582,0.000117227106498871,0.00648367567381895,-14911.9410919197
1755,1757,19,1.3991,-1.0171,-4.7915,1.507,-1.106,-4.9345,0.0887,0.2,0.4314,0.3922,0.1961,23.2886,"2",7.215115435e-08,0.00865169520312063,0.000445199615019885,0.000117512078152762,0.006366448567226,-14911.7952778964
1756,1758,19,1.507,-1.106,-4.9345,1.6235,-1.1838,-5.0772,0.0887,0.2,0.4314,0.3922,0.1961,23.4121,"2",7.2327419725e-08,0.00865169520312063,0.000446282826278005,0.000117797995754048,0.00624893648924186,-14911.6521836877
1757,1759,19,1.6235,-1.1838,-5.0772,1.7332,-1.2671,-5.2223,0.0887,0.2,0.4314,0.3922,0.1961,23.536,"2",7.2504256e-08,0.00865169520312063,0.000447369622003437,0.000118084859488684,0.00613113849345491,-14911.5118159141
1758,1760,19,1.7332,-1.2671,-5.2223,1.8197,-1.3643,-5.3741,0.0887,0.2,0.4314,0.3922,0.1961,23.6603,"2",7.2681663175e-08,0.00865169520312063,0.000448460002907257,0.000118372669544361,0.00601305363409881,-14911.3741812178
1759,1761,19,1.8197,-1.3643,-5.3741,1.8904,-1.4775,-5.5231,0.0887,0.2,0.4314,0.3922,0.1961,23.7851,"2",7.2859783975e-08,0.00865169520312063,0.000449554850339981,0.000118661658556793,0.00589468096411887,-14911.2392862659
1760,1762,19,1.8904,-1.4775,-5.5231,1.9607,-1.6262,-5.6369,0.0887,0.2,0.4314,0.3922,0.1961,23.9102,"2",7.303833295e-08,0.00865169520312063,0.000450652403752373,0.000118951361822524,0.00577601930560329,-14911.107137747
1761,1763,19,1.9607,-1.6262,-5.6369,1.9997,-1.7868,-5.7495,0.0887,0.2,0.4314,0.3922,0.1961,24.0357,"2",7.3217452825e-08,0.00865169520312063,0.000451753544516447,0.000119242011982946,0.00565706794370689,-14910.9777423691
1762,1764,19,1.9997,-1.7868,-5.7495,2.0432,-1.9384,-5.8725,0.0887,0.2,0.4314,0.3922,0.1961,24.1617,"2",7.3397286325e-08,0.00865169520312063,0.000452859153979038,0.0001195338416728,0.00553782593154094,-14910.8511068649
1763,1765,19,2.0432,-1.9384,-5.8725,2.0846,-2.0856,-6.0013,0.0887,0.2,0.4314,0.3922,0.1961,24.288,"2",7.3577548e-08,0.00865169520312063,0.000453967471658738,0.000119826386206535,0.00541829208977429,-14910.7272379886
1764,1766,19,2.0846,-2.0856,-6.0013,2.0609,-2.2195,-6.148,0.0887,0.2,0.4314,0.3922,0.1961,24.4148,"2",7.37585233e-08,0.00865169520312063,0.000455080259517791,0.000120120110660575,0.00529846570376329,-14910.6061425167
1765,1767,19,2.0609,-2.2195,-6.148,2.0038,-2.3272,-6.3066,0.0887,0.2,0.4314,0.3922,0.1961,24.5421,"2",7.3940212225e-08,0.00865169520312063,0.000456197518292552,0.000120415015229283,0.00517834559304438,-14910.4878272529
1766,1768,19,2.0038,-2.3272,-6.3066,1.9815,-2.456,-6.458,0.0887,0.2,0.4314,0.3922,0.1961,24.6697,"2",7.4122329325e-08,0.00865169520312063,0.000457317487567342,0.000120710635244458,0.00505793057802053,-14910.3722990225
1767,1769,19,1.9815,-2.456,-6.458,1.9805,-2.5429,-6.6381,0.0887,0.2,0.4314,0.3922,0.1961,24.7978,"2",7.430516005e-08,0.00865169520312063,0.000458441929281629,0.00012100743577651,0.00493721994278663,-14910.2595646732
1768,1770,19,1.9805,-2.5429,-6.6381,2.017,-2.645,-6.8062,0.0887,0.2,0.4314,0.3922,0.1961,24.9263,"2",7.4488561675e-08,0.00865169520312063,0.000459569963627968,0.000121305184597025,0.00481621250701568,-14910.1496310769
1769,1771,19,2.017,-2.645,-6.8062,2.062,-2.7582,-6.9648,0.0887,0.2,0.4314,0.3922,0.1961,25.0552,"2",7.46725342e-08,0.00865169520312063,0.000460701591392816,0.000121603881913591,0.00469490732237815,-14910.0425051276
1770,1772,19,2.062,-2.7582,-6.9648,2.1311,-2.864,-7.1198,0.0887,0.2,0.4314,0.3922,0.1961,25.1846,"2",7.485722035e-08,0.00865169520312063,0.000461837693923012,0.000121903760360952,0.00457330344063488,-14909.938193744
1771,1773,19,2.1311,-2.864,-7.1198,2.1901,-2.9691,-7.2794,0.0887,0.2,0.4314,0.3922,0.1961,25.3144,"2",7.50424774e-08,0.00865169520312063,0.000462977391453079,0.000122204587721771,0.00445139968005961,-14909.8367038692
1772,1774,19,2.1901,-2.9691,-7.2794,2.2591,-3.0695,-7.438,0.0887,0.2,0.4314,0.3922,0.1961,25.4447,"2",7.5228448075e-08,0.00865169520312063,0.000464121565332152,0.000122506596631397,0.00432919509239302,-14909.738042471
1773,1775,19,2.2591,-3.0695,-7.438,2.3605,-3.1765,-7.5732,0.0887,0.2,0.4314,0.3922,0.1961,25.5754,"2",7.541498965e-08,0.00865169520312063,0.000465269335822254,0.000122809554879751,0.00420668849593691,-14909.642216542
1774,1776,19,2.3605,-3.1765,-7.5732,2.4638,-3.2899,-7.7015,0.0887,0.2,0.4314,0.3922,0.1961,25.7065,"2",7.5602102125e-08,0.00865169520312063,0.000466420703745899,0.000123113462683938,0.00408387894102994,-14909.5492330966
1775,1777,19,2.4638,-3.2899,-7.7015,2.5758,-3.3702,-7.8464,0.0887,0.2,0.4314,0.3922,0.1961,25.8381,"2",7.5789928225e-08,0.00865169520312063,0.000467576550456809,0.000123418552680521,0.00396076547839575,-14909.4590991738
1776,1778,19,2.5758,-3.3702,-7.8464,2.6856,-3.4478,-7.9945,0.0887,0.2,0.4314,0.3922,0.1961,25.9702,"2",7.597846795e-08,0.00865169520312063,0.000468736876775695,0.000123724825086128,0.00383734692599669,-14909.3718218399
1777,1779,19,2.6856,-3.4478,-7.9945,2.8014,-3.5225,-8.1394,0.0887,0.2,0.4314,0.3922,0.1961,26.1027,"2",7.6167578575e-08,0.00865169520312063,0.000469900803017874,0.000124032047704748,0.00371362210103103,-14909.2874081862
1778,1780,19,2.8014,-3.5225,-8.1394,2.926,-3.5797,-8.2851,0.0887,0.2,0.4314,0.3922,0.1961,26.2357,"2",7.6357402825e-08,0.00865169520312063,0.000471069210544151,0.000124340453174811,0.00358959005337013,-14909.2058653281
1779,1781,19,2.926,-3.5797,-8.2851,3.0383,-3.6381,-8.4399,0.0887,0.2,0.4314,0.3922,0.1961,26.3692,"2",7.65479407e-08,0.00865169520312063,0.000472242100199475,0.000124650041719345,0.00346524960017965,-14909.1272004089
1780,1782,19,3.0383,-3.6381,-8.4399,3.1271,-3.6959,-8.6096,0.0887,0.2,0.4314,0.3922,0.1961,26.5031,"2",7.6739049475e-08,0.00865169520312063,0.000473418592337985,0.000124960581152585,0.00334059955841931,-14909.0514205961
1781,1783,19,3.1271,-3.6959,-8.6096,3.217,-3.7851,-8.7643,0.0887,0.2,0.4314,0.3922,0.1961,26.6375,"2",7.6930871875e-08,0.00865169520312063,0.000474599568329386,0.00012527230411531,0.00321563897744127,-14908.9785330821
1782,1784,19,3.217,-3.7851,-8.7643,3.3061,-3.8637,-8.9252,0.0887,0.2,0.4314,0.3922,0.1961,26.7724,"2",7.71234079e-08,0.00865169520312063,0.00047578502904315,0.000125585210837021,0.00309036667340271,-14908.9085450868
1783,1785,19,3.3061,-3.8637,-8.9252,3.3973,-3.8988,-9.0998,0.0887,0.2,0.4314,0.3922,0.1961,26.9077,"2",7.7316514825e-08,0.00865169520312063,0.000476974094870944,0.000125899069141859,0.0029647814626817,-14908.8414638545
1784,1786,19,3.3973,-3.8988,-9.0998,3.4693,-3.9115,-9.2859,0.0887,0.2,0.4314,0.3922,0.1961,27.0436,"2",7.75104781e-08,0.00865169520312063,0.000478168527675535,0.000126214344079989,0.00283888239343239,-14908.7772966569
1785,1787,19,3.4693,-3.9115,-9.2859,3.5588,-3.9092,-9.4647,0.0887,0.2,0.4314,0.3922,0.1961,27.1799,"2",7.7705012275e-08,0.00865169520312063,0.000479366567382957,0.000126530571073408,0.00271266804930837,-14908.7160507934
1786,1788,19,3.5588,-3.9092,-9.4647,3.6454,-3.8733,-9.6414,0.0887,0.2,0.4314,0.3922,0.1961,27.3167,"2",7.7900260075e-08,0.00865169520312063,0.000480569095382321,0.000126847982768015,0.00258613747811876,-14908.6577335877
1787,1789,19,3.6454,-3.8733,-9.6414,3.7091,-3.8255,-9.8248,0.0887,0.2,0.4314,0.3922,0.1961,27.454,"2",7.80962215e-08,0.00865169520312063,0.000481776112585064,0.00012716657940439,0.00245928949526818,-14908.6023523911
1788,1790,19,3.7091,-3.8255,-9.8248,3.7666,-3.7922,-10.0135,0.0887,0.2,0.4314,0.3922,0.1961,27.5918,"2",7.829289655e-08,0.00865169520312063,0.000482987619911256,0.000127486361225386,0.00233212291584264,-14908.5499145822
1789,1791,19,3.7666,-3.7922,-10.0135,3.8009,-3.7805,-10.2102,0.0887,0.2,0.4314,0.3922,0.1961,27.7301,"2",7.8490285225e-08,0.00865169520312063,0.000484203618289632,0.000127807328476149,0.00220463655455072,-14908.5004275671
1790,1792,19,3.8009,-3.7805,-10.2102,3.8352,-3.769,-10.4069,0.0887,0.2,0.4314,0.3922,0.1961,27.8689,"2",7.8688387525e-08,0.00865169520312063,0.000485424108657625,0.000128129481404115,0.00207682922609975,-14908.4538987793
1791,1793,19,3.8352,-3.769,-10.4069,3.8737,-3.7561,-10.6027,0.0887,0.2,0.4314,0.3922,0.1961,28.0082,"2",7.888720345e-08,0.00865169520312063,0.000486649091961403,0.000128452820259031,0.00194869974433978,-14908.4103356796
1792,1794,19,3.8737,-3.7561,-10.6027,3.9267,-3.7534,-10.7955,0.0887,0.2,0.4314,0.3922,0.1961,28.148,"2",7.9086733e-08,0.00865169520312063,0.000487878569155903,0.000128777345292954,0.00182024692423812,-14908.3697457564
1793,1795,19,3.9267,-3.7534,-10.7955,3.9866,-3.7374,-10.9857,0.0887,0.2,0.4314,0.3922,0.1961,28.2884,"2",7.92871189e-08,0.00865169520312063,0.000489113421659548,0.000129103289159525,0.00169146957899356,-14908.3321365279
1794,1796,19,3.9866,-3.7374,-10.9857,4.0362,-3.7526,-11.1789,0.0887,0.2,0.4314,0.3922,0.1961,28.4292,"2",7.94880757e-08,0.00865169520312063,0.000490351889533542,0.000129430187316416,0.00156236628967206,-14908.2975155401
1795,1797,19,4.0362,-3.7526,-11.1789,4.0393,-3.761,-11.3787,0.0887,0.2,0.4314,0.3922,0.1961,28.5706,"2",7.968988885e-08,0.00865169520312063,0.000491595734666889,0.000129758504820719,0.00143293610239803,-14908.2658903662
1796,1798,19,4.0393,-3.761,-11.3787,4.023,-3.7336,-11.5761,0.0887,0.2,0.4314,0.3922,0.1961,28.7125,"2",7.9892415625e-08,0.00865169520312063,0.000492844077595975,0.000130088009534773,0.00130317759790396,-14908.2372686096
1797,1799,19,4.023,-3.7336,-11.5761,4.0001,-3.7072,-11.773,0.0887,0.2,0.4314,0.3922,0.1961,28.8549,"2",8.0095656025e-08,0.00865169520312063,0.00049409691932082,0.000130418701722538,0.00117308958799046,-14908.2116579012
1798,1800,19,4.0001,-3.7072,-11.773,3.987,-3.7589,-11.9658,0.0887,0.2,0.4314,0.3922,0.1961,28.9979,"2",8.0299752775e-08,0.00865169520312063,0.000495355141296033,0.000130750814047204,0.00104267088633132,-14908.1890659018
1799,1801,19,3.987,-3.7589,-11.9658,3.9337,-3.8241,-12.1472,0.0887,0.2,0.4314,0.3922,0.1961,29.1414,"2",8.050456315e-08,0.00865169520312063,0.000496617864091653,0.000131084114379994,0.000911920072247088,-14908.1695003027
1800,1802,19,3.9337,-3.8241,-12.1472,3.8883,-3.8867,-12.3316,0.0887,0.2,0.4314,0.3922,0.1961,29.2855,"2",8.0710229875e-08,0.00865169520312063,0.000497885969178727,0.000131418835388438,0.000780835957772075,-14908.1529688251
1801,1803,19,3.8883,-3.8867,-12.3316,3.8435,-3.9532,-12.5149,0.0887,0.2,0.4314,0.3922,0.1961,29.4301,"2",8.0916610225e-08,0.00865169520312063,0.000499158577149254,0.000131754744949554,0.000649417122344232,-14908.1394792204
1802,1804,19,3.8435,-3.9532,-12.5149,3.8709,-4.026,-12.6991,0.0887,0.2,0.4314,0.3922,0.1961,29.5752,"2",8.11237042e-08,0.00865169520312063,0.000500435689049975,0.000132091843339634,0.000517662377499479,-14908.1290392676
1803,1805,19,3.8709,-4.026,-12.6991,3.9129,-4.0741,-12.8887,0.0887,0.2,0.4314,0.3922,0.1961,29.7209,"2",8.1331654525e-08,0.00865169520312063,0.000501718186377881,0.000132430363233055,0.000385570534503215,-14908.1216567757
1804,1806,19,3.9129,-4.0741,-12.8887,3.9541,-4.0834,-13.0842,0.0887,0.2,0.4314,0.3922,0.1961,29.8672,"2",8.15404612e-08,0.00865169520312063,0.000503006070197201,0.000132770304910724,0.000253140171192178,-14908.1173395868
1805,1807,19,3.9541,-4.0834,-13.0842,3.9889,-4.0983,-13.2611,0.0887,0.1809,0.4314,0.3922,0.1961,30,"2",8.173e-08,0.00865169520312063,0.000456026469150155,0.000120369866178136,0.000120369866216501,-14908.1160811682
30,1808,20,0.0401,-0.0115,-4.0496,-0.15,0.0227,-4.1013,0.1887,0.2,0.4314,0.3922,0.1961,22.4932,"2",7.10159197e-08,0.00865169520312063,0.00093201114848671,0.000246007775445457,0.00773920499976709,-14908.6051511018
1807,1809,20,-0.15,0.0227,-4.1013,-0.3369,0.0797,-4.1441,0.0543,0.2,0.4314,0.3922,0.1961,22.5567,"2",7.1106550075e-08,0.00865169520312063,0.000268533059206629,7.08802900440068e-05,0.00749319722448683,-14908.4327512002
1808,1810,20,-0.3369,0.0797,-4.1441,-0.5004,0.1534,-4.2325,0.0543,0.2,0.4314,0.3922,0.1961,22.6205,"2",7.1197608625e-08,0.00865169520312063,0.000268873782742213,7.09702252761842e-05,0.00742231693435049,-14908.2619908676
1809,1811,20,-0.5004,0.1534,-4.2325,-0.6626,0.229,-4.322,0.0543,0.2,0.4314,0.3922,0.1961,22.6845,"2",7.1288952625e-08,0.00865169520312063,0.000269215606408114,7.10604508918105e-05,0.00735134670903944,-14908.0928721864
1810,1812,20,-0.6626,0.229,-4.322,-0.8087,0.3484,-4.3883,0.0543,0.2,0.4314,0.3922,0.1961,22.7486,"2",7.138043935e-08,0.00865169520312063,0.000269557991340918,7.11508246559032e-05,0.00728028625832129,-14907.925397244
1811,1813,20,-0.8087,0.3484,-4.3883,-0.9215,0.5132,-4.3975,0.0543,0.2,0.4314,0.3922,0.1961,22.813,"2",7.147235425e-08,0.00865169520312063,0.000269902015625854,7.12416311330293e-05,0.00720913543377797,-14907.7595681346
1812,1814,20,-0.9215,0.5132,-4.3975,-1.0227,0.6857,-4.4005,0.0543,0.2,0.4314,0.3922,0.1961,22.8776,"2",7.15645546e-08,0.00865169520312063,0.000270247140395399,7.13327280871214e-05,0.00713789380243138,-14907.5953869608
1813,1815,20,-1.0227,0.6857,-4.4005,-1.1585,0.8146,-4.471,0.0543,0.2,0.4314,0.3922,0.1961,22.9424,"2",7.16570404e-08,0.00865169520312063,0.000270593365769796,7.14241155499177e-05,0.00706656107440919,-14907.4328558317
1814,1816,20,-1.1585,0.8146,-4.471,-1.2939,0.9322,-4.5593,0.0543,0.2,0.4314,0.3922,0.1961,23.0074,"2",7.174981165e-08,0.00865169520312063,0.00027094069187034,7.15157935534349e-05,0.00699513695870933,-14907.2719768632
1815,1817,20,-1.2939,0.9322,-4.5593,-1.4075,1.0655,-4.6561,0.0543,0.2,0.4314,0.3922,0.1961,23.0726,"2",7.184286835e-08,0.00865169520312063,0.000271289118819388,7.16077621299694e-05,0.00692362116525597,-14907.1127521782
1816,1818,20,-1.4075,1.0655,-4.6561,-1.5183,1.2008,-4.7531,0.0543,0.2,0.4314,0.3922,0.1961,23.138,"2",7.19362105e-08,0.00865169520312063,0.000271638646740356,7.17000213120971e-05,0.00685201340272924,-14906.9551839059
1817,1819,20,-1.5183,1.2008,-4.7531,-1.6267,1.337,-4.8515,0.0543,0.2,0.4314,0.3922,0.1961,23.2037,"2",7.2029980825e-08,0.00865169520312063,0.000271989814696461,7.179271338754e-05,0.00678031338148682,-14906.7992741841
1818,1820,20,-1.6267,1.337,-4.8515,-1.7014,1.4964,-4.9464,0.0543,0.2,0.4314,0.3922,0.1961,23.2695,"2",7.2123893875e-08,0.00865169520312063,0.000272341544930109,7.18855538782114e-05,0.00670852066833571,-14906.6450251573
1819,1821,20,-1.7014,1.4964,-4.9464,-1.779,1.6602,-5.0311,0.0543,0.2,0.4314,0.3922,0.1961,23.3356,"2",7.22182351e-08,0.00865169520312063,0.000272694915439791,7.19788273257834e-05,0.00663663511445199,-14906.4924389766
1820,1822,20,-1.779,1.6602,-5.0311,-1.8656,1.7798,-5.1659,0.0543,0.2,0.4314,0.3922,0.1961,23.4018,"2",7.231271905e-08,0.00865169520312063,0.000273048848492938,7.2072249258775e-05,0.00656465628721098,-14906.3415177999
1821,1823,20,-1.8656,1.7798,-5.1659,-1.9276,1.939,-5.2699,0.0543,0.2,0.4314,0.3922,0.1961,23.4683,"2",7.2407631175e-08,0.00865169520312063,0.000273404422067543,7.21661042134477e-05,0.00649258403784894,-14906.1922637919
1822,1824,20,-1.9276,1.939,-5.2699,-1.996,2.1056,-5.357,0.0543,0.2,0.4314,0.3922,0.1961,23.535,"2",7.250282875e-08,0.00865169520312063,0.000273761097366325,7.22602499722749e-05,0.00642041793365909,-14906.0446791256
1823,1825,20,-1.996,2.1056,-5.357,-2.0686,2.2635,-5.456,0.0543,0.2,0.4314,0.3922,0.1961,23.602,"2",7.25984545e-08,0.00865169520312063,0.000274119413425767,7.23548288159217e-05,0.00634815768365922,-14905.8987659823
1824,1826,20,-2.0686,2.2635,-5.456,-2.1427,2.4437,-5.5011,0.0543,0.2,0.4314,0.3922,0.1961,23.6691,"2",7.2694222975e-08,0.00865169520312063,0.000274478292562156,7.24495562858024e-05,0.00627580285473791,-14905.7545265502
1825,1827,20,-2.1427,2.4437,-5.5011,-2.2235,2.6092,-5.579,0.0543,0.2,0.4314,0.3922,0.1961,23.7365,"2",7.2790419625e-08,0.00865169520312063,0.000274838812714238,7.25447169078196e-05,0.00620335329831686,-14905.6119630239
1826,1828,20,-2.2235,2.6092,-5.579,-2.297,2.7657,-5.6795,0.0543,0.2,0.4314,0.3922,0.1961,23.8041,"2",7.2886901725e-08,0.00865169520312063,0.000275200435111335,7.26401684714683e-05,0.00613080858176164,-14905.4710776068
1827,1829,20,-2.297,2.7657,-5.6795,-2.3814,2.8942,-5.8075,0.0543,0.2,0.4314,0.3922,0.1961,23.8719,"2",7.2983669275e-08,0.00865169520312063,0.000275563159889187,7.27359110125777e-05,0.00605816841308604,-14905.3318725086
1828,1830,20,-2.3814,2.8942,-5.8075,-2.4636,3.0257,-5.9338,0.0543,0.2,0.4314,0.3922,0.1961,23.94,"2",7.3080865e-08,0.00865169520312063,0.000275927526063809,7.283208680641e-05,0.00598543250240415,-14905.1943499477
1829,1831,20,-2.4636,3.0257,-5.9338,-2.5335,3.163,-6.0613,0.0543,0.2,0.4314,0.3922,0.1961,24.0083,"2",7.3178346175e-08,0.00865169520312063,0.000276292994883917,7.29285536475796e-05,0.00591260041550392,-14905.0585121508
1830,1832,20,-2.5335,3.163,-6.0613,-2.6004,3.2978,-6.193,0.0543,0.2,0.4314,0.3922,0.1961,24.0768,"2",7.32761128e-08,0.00865169520312063,0.00027665956648878,7.30253115728472e-05,0.00583967186198802,-14904.9243613511
1831,1833,20,-2.6004,3.2978,-6.193,-2.6584,3.441,-6.32,0.0543,0.2,0.4314,0.3922,0.1961,24.1456,"2",7.33743076e-08,0.00865169520312063,0.000277027779883008,7.31225028544648e-05,0.00576664655030199,-14904.7918997905
1832,1834,20,-2.6584,3.441,-6.32,-2.7256,3.5815,-6.4455,0.0543,0.2,0.4314,0.3922,0.1961,24.2145,"2",7.3472645125e-08,0.00865169520312063,0.000277396557474795,7.32198430581061e-05,0.00569352404730619,-14904.6611297173
1833,1835,20,-2.7256,3.5815,-6.4455,-2.7358,3.7347,-6.5736,0.0543,0.2,0.4314,0.3922,0.1961,24.2838,"2",7.357155355e-08,0.00865169520312063,0.00027776751598506,7.33177589232123e-05,0.00562030420409708,-14904.5320533886
1834,1836,20,-2.7358,3.7347,-6.5736,-2.7425,3.8771,-6.7139,0.0543,0.2,0.4314,0.3922,0.1961,24.3532,"2",7.36706047e-08,0.00865169520312063,0.000278139038979639,7.34158237860326e-05,0.00554698644547282,-14904.4046730695
1835,1837,20,-2.7425,3.8771,-6.7139,-2.7712,4.013,-6.8578,0.0543,0.2,0.4314,0.3922,0.1961,24.4229,"2",7.3770084025e-08,0.00865169520312063,0.000278512204308153,7.35143221489439e-05,0.00547357062193831,-14904.2789910319
1836,1838,20,-2.7712,4.013,-6.8578,-2.796,4.1443,-7.0066,0.0543,0.2,0.4314,0.3922,0.1961,24.4929,"2",7.3869991525e-08,0.00865169520312063,0.000278887012103001,7.36132540468939e-05,0.00540005629980636,-14904.1550095579
1837,1839,20,-2.796,4.1443,-7.0066,-2.774,4.2819,-7.15,0.0543,0.2,0.4314,0.3922,0.1961,24.563,"2",7.397004175e-08,0.00865169520312063,0.000279262384826052,7.37123350597236e-05,0.0053264430456527,-14904.0327309361
1838,1840,20,-2.774,4.2819,-7.15,-2.7757,4.407,-7.3061,0.0543,0.2,0.4314,0.3922,0.1961,24.6335,"2",7.4070662875e-08,0.00865169520312063,0.000279639939134264,7.38119919099919e-05,0.00525273071020666,-14903.9121574637
1839,1841,20,-2.7757,4.407,-7.3061,-2.7803,4.501,-7.4826,0.0543,0.2,0.4314,0.3922,0.1961,24.7041,"2",7.4171426725e-08,0.00865169520312063,0.000280018058669583,7.39117979540367e-05,0.00517891871836928,-14903.7932914462
1840,1842,20,-2.7803,4.501,-7.4826,-2.7892,4.6099,-7.6501,0.0543,0.2,0.4314,0.3922,0.1961,24.7751,"2",7.4272761475e-08,0.00865169520312063,0.000280398360064772,7.40121799080308e-05,0.00510500692011651,-14903.6761351973
1841,1843,20,-2.7892,4.6099,-7.6501,-2.7829,4.7208,-7.8164,0.0543,0.2,0.4314,0.3922,0.1961,24.8462,"2",7.437423895e-08,0.00865169520312063,0.000280779226990973,7.41127111360183e-05,0.00503099474031093,-14903.5606910394
1842,1844,20,-2.7829,4.7208,-7.8164,-2.8066,4.8457,-7.9708,0.0543,0.2,0.4314,0.3922,0.1961,24.9176,"2",7.44761446e-08,0.00865169520312063,0.000281161737243252,7.42136761259768e-05,0.00495688202889546,-14903.4469613014
1843,1845,20,-2.8066,4.8457,-7.9708,-2.8409,4.9408,-8.1433,0.0543,0.2,0.4314,0.3922,0.1961,24.9893,"2",7.4578478425e-08,0.00865169520312063,0.000281545890963957,7.43150749154798e-05,0.00488266835285207,-14903.3349483224
1844,1846,20,-2.8409,4.9408,-8.1433,-2.8797,5.0191,-8.3233,0.0543,0.2,0.4314,0.3922,0.1961,25.0612,"2",7.46810977e-08,0.00865169520312063,0.000281931149491011,7.44167653226876e-05,0.00480835327810878,-14903.2246544496
1845,1847,20,-2.8797,5.0191,-8.3233,-2.9193,5.0826,-8.5087,0.0543,0.2,0.4314,0.3922,0.1961,25.1334,"2",7.478414515e-08,0.00865169520312063,0.000282318051783943,7.45188896079536e-05,0.00473393651268722,-14903.116082039
1846,1848,20,-2.9193,5.0826,-8.5087,-2.965,5.156,-8.6891,0.0543,0.2,0.4314,0.3922,0.1961,25.2059,"2",7.4887620775e-08,0.00865169520312063,0.0002827065979896,7.4621447810038e-05,0.00465941762315946,-14903.0092334563
1847,1849,20,-2.965,5.156,-8.6891,-3.0127,5.2315,-8.868,0.0543,0.2,0.4314,0.3922,0.1961,25.2786,"2",7.499138185e-08,0.00865169520312063,0.000283096249462331,7.47242977514375e-05,0.00458479617533422,-14902.9041110756
1848,1850,20,-3.0127,5.2315,-8.868,-3.0662,5.3083,-9.0448,0.0543,0.2,0.4314,0.3922,0.1961,25.3515,"2",7.5095428375e-08,0.00865169520312063,0.000283487006363642,7.48274394747823e-05,0.00451007187753744,-14902.800717278
1849,1851,20,-3.0662,5.3083,-9.0448,-3.1198,5.3944,-9.2172,0.0543,0.2,0.4314,0.3922,0.1961,25.4247,"2",7.5199903075e-08,0.00865169520312063,0.000283879407642646,7.49310152376759e-05,0.00443524443793093,-14902.6990544528
1850,1852,20,-3.1198,5.3944,-9.2172,-3.1736,5.4908,-9.3839,0.0543,0.2,0.4314,0.3922,0.1961,25.4982,"2",7.530480595e-08,0.00865169520312063,0.000284273453452064,7.50350250804291e-05,0.00436031342236476,-14902.5991249993
1851,1853,20,-3.1736,5.4908,-9.3839,-3.2281,5.5848,-9.5519,0.0543,0.2,0.4314,0.3922,0.1961,25.572,"2",7.5410137e-08,0.00865169520312063,0.000284669143946217,7.51394690437762e-05,0.00428527839700499,-14902.5009313269
1852,1854,20,-3.2281,5.5848,-9.5519,-3.2618,5.6634,-9.7327,0.0543,0.2,0.4314,0.3922,0.1961,25.646,"2",7.55157535e-08,0.00865169520312063,0.00028506594050555,7.52442049571012e-05,0.00421013892792151,-14902.4044758535
1853,1855,20,-3.2618,5.6634,-9.7327,-3.2868,5.739,-9.9161,0.0543,0.2,0.4314,0.3922,0.1961,25.7203,"2",7.5621798175e-08,0.00865169520312063,0.000285464382070088,7.5349375075609e-05,0.00413489472305827,-14902.3097610052
1854,1856,20,-3.2868,5.739,-9.9161,-3.2832,5.8065,-10.1044,0.0543,0.2,0.4314,0.3922,0.1961,25.7949,"2",7.5728271025e-08,0.00865169520312063,0.000285864468798737,7.54549794412436e-05,0.00405954534778981,-14902.2167892182
1855,1857,20,-3.2832,5.8065,-10.1044,-3.2717,5.8738,-10.2923,0.0543,0.2,0.4314,0.3922,0.1961,25.8698,"2",7.583517205e-08,0.00865169520312063,0.000286266200852026,7.55610180963768e-05,0.00398409036869181,-14902.1255629388
1856,1858,20,-3.2717,5.8738,-10.2923,-3.2604,5.9424,-10.4798,0.0543,0.2,0.4314,0.3922,0.1961,25.9449,"2",7.5942358525e-08,0.00865169520312063,0.000286669039630335,7.56673488756555e-05,0.00390852935052901,-14902.0360846216
1857,1859,20,-3.2604,5.9424,-10.4798,-3.2837,6.0077,-10.6675,0.0543,0.2,0.4314,0.3922,0.1961,26.0203,"2",7.6049973175e-08,0.00865169520312063,0.000287073524065691,7.57741140321729e-05,0.00383286200147935,-14901.9483567297
1858,1860,20,-3.2837,6.0077,-10.6675,-3.3039,6.0649,-10.858,0.0543,0.2,0.4314,0.3922,0.1961,26.096,"2",7.6158016e-08,0.00865169520312063,0.000287479654323247,7.5881313609522e-05,0.00375708788740941,-14901.8623817362
1859,1861,20,-3.3039,6.0649,-10.858,-3.3118,6.131,-11.0466,0.0543,0.2,0.4314,0.3922,0.1961,26.172,"2",7.6266487e-08,0.00865169520312063,0.000287887430569796,7.59889476517283e-05,0.00368120657404213,-14901.7781621243
1860,1862,20,-3.3118,6.131,-11.0466,-3.3102,6.2073,-11.2315,0.0543,0.2,0.4314,0.3922,0.1961,26.2482,"2",7.637524345e-08,0.00865169520312063,0.000288296314224687,7.60968739984456e-05,0.00360521762660437,-14901.6957003854
1861,1863,20,-3.3102,6.2073,-11.2315,-3.2872,6.2729,-11.419,0.0543,0.2,0.4314,0.3922,0.1961,26.3248,"2",7.64845708e-08,0.00865169520312063,0.000288707382959109,7.62053771049528e-05,0.00352912075236471,-14901.6149990212
1862,1864,20,-3.2872,6.2729,-11.419,-3.2964,6.321,-11.613,0.0543,0.2,0.4314,0.3922,0.1961,26.4016,"2",7.65941836e-08,0.00865169520312063,0.000289119559449502,7.63141726077289e-05,0.00345291537528048,-14901.5360605432
1863,1865,20,-3.2964,6.321,-11.613,-3.3079,6.3793,-11.8039,0.0543,0.2,0.4314,0.3922,0.1961,26.4787,"2",7.6704224575e-08,0.00865169520312063,0.000289533382618067,7.64234027572737e-05,0.00337660120282081,-14901.4588874716
1864,1866,20,-3.3079,6.3793,-11.8039,-3.3862,6.423,-11.9827,0.0543,0.2,0.4314,0.3922,0.1961,26.5562,"2",7.681483645e-08,0.00865169520312063,0.000289949391377013,7.65332098014493e-05,0.00330017780011108,-14901.383482338
1865,1867,20,-3.3862,6.423,-11.9827,-3.4649,6.4663,-12.1614,0.0543,0.2,0.4314,0.3922,0.1961,26.6339,"2",7.6925733775e-08,0.00865169520312063,0.000290366508425227,7.66433093826595e-05,0.00322364459033758,-14901.3098476843
1866,1868,20,-3.4649,6.4663,-12.1614,-3.5353,6.5146,-12.3423,0.0543,0.2,0.4314,0.3922,0.1961,26.7119,"2",7.7037059275e-08,0.00865169520312063,0.00029078527268106,7.67538437503874e-05,0.00314700128104713,-14901.2379860605
1867,1869,20,-3.5353,6.5146,-12.3423,-3.6074,6.5658,-12.5216,0.0543,0.2,0.4314,0.3922,0.1961,26.7902,"2",7.714881295e-08,0.00865169520312063,0.000291205684324282,7.68648129520846e-05,0.00307024743719686,-14901.167900027
1868,1870,20,-3.6074,6.5658,-12.5216,-3.6706,6.5854,-12.7104,0.0543,0.2,0.4314,0.3922,0.1961,26.8689,"2",7.7261137525e-08,0.00865169520312063,0.000291628282263167,7.69763592345745e-05,0.00299338262471417,-14901.0995921556
1869,1871,20,-3.6706,6.5854,-12.7104,-3.7176,6.5699,-12.9041,0.0543,0.2,0.4314,0.3922,0.1961,26.9478,"2",7.737374755e-08,0.00865169520312063,0.000292051989224762,7.70881982476938e-05,0.00291640626527834,-14901.0330650284
1870,1872,20,-3.7176,6.5699,-12.9041,-3.782,6.5222,-13.0874,0.0543,0.2,0.4314,0.3922,0.1961,27.0271,"2",7.7486928475e-08,0.00865169520312063,0.000292477882845173,7.72006144374613e-05,0.00283931806687376,-14900.9683212374
1871,1873,20,-3.782,6.5222,-13.0874,-3.8377,6.4739,-13.2733,0.0543,0.2,0.4314,0.3922,0.1961,27.1066,"2",7.760039485e-08,0.00865169520312063,0.000292904885864768,7.73133234572296e-05,0.00276211745261466,-14900.9053633847
1872,1874,20,-3.8377,6.4739,-13.2733,-3.8909,6.4373,-13.4626,0.0543,0.2,0.4314,0.3922,0.1961,27.1865,"2",7.7714432125e-08,0.00865169520312063,0.000293334075913344,7.74266097513526e-05,0.00268480412882081,-14900.8441940824
1873,1875,20,-3.8909,6.4373,-13.4626,-3.9379,6.3945,-13.6522,0.0543,0.2,0.4314,0.3922,0.1961,27.2667,"2",7.7828897575e-08,0.00865169520312063,0.000293764914459127,7.75403311723854e-05,0.00260737751933705,-14900.7848159543
1874,1876,20,-3.9379,6.3945,-13.6522,-4.0164,6.3192,-13.8201,0.0543,0.2,0.4314,0.3922,0.1961,27.3472,"2",7.79437912e-08,0.00865169520312063,0.000294197401693964,7.76544877709664e-05,0.00252983718805508,-14900.7272316345
1875,1877,20,-4.0164,6.3192,-13.8201,-4.0529,6.2803,-14.0128,0.0543,0.2,0.4314,0.3922,0.1961,27.428,"2",7.8059113e-08,0.00865169520312063,0.000294631537811406,7.77690795981841e-05,0.00245218270047813,-14900.6714437668
1876,1878,20,-4.0529,6.2803,-14.0128,-4.0851,6.2421,-14.2065,0.0543,0.2,0.4314,0.3922,0.1961,27.5092,"2",7.81750057e-08,0.00865169520312063,0.000295067861715486,7.78842488997433e-05,0.00237441362090902,-14900.617455007
1877,1879,20,-4.0851,6.2421,-14.2065,-4.1256,6.2085,-14.3994,0.0543,0.2,0.4314,0.3922,0.1961,27.5906,"2",7.829118385e-08,0.00865169520312063,0.000295505296183741,7.79997113388067e-05,0.00229652937154867,-14900.5652680207
1878,1880,20,-4.1256,6.2085,-14.3994,-4.1636,6.2033,-14.5957,0.0543,0.2,0.4314,0.3922,0.1961,27.6724,"2",7.84079329e-08,0.00865169520312063,0.000295944918830586,7.81157513556683e-05,0.00221852966008046,-14900.5148854839
1879,1881,20,-4.1636,6.2033,-14.5957,-4.1989,6.1998,-14.7926,0.0543,0.2,0.4314,0.3922,0.1961,27.7546,"2",7.852525285e-08,0.00865169520312063,0.000296386729851026,7.82323690018009e-05,0.00214041390893101,-14900.4663100856
1880,1882,20,-4.1989,6.1998,-14.7926,-4.2343,6.1968,-14.9894,0.0543,0.2,0.4314,0.3922,0.1961,27.837,"2",7.864285825e-08,0.00865169520312063,0.000296829652039588,7.83492799448518e-05,0.00206218154000887,-14900.419544525
1881,1883,20,-4.2343,6.1968,-14.9894,-4.2868,6.2114,-15.1818,0.0543,0.2,0.4314,0.3922,0.1961,27.9199,"2",7.8761177275e-08,0.00865169520312063,0.000297275301704631,7.84669108153659e-05,0.00198383226038564,-14900.3745915132
1882,1884,20,-4.2868,6.2114,-15.1818,-4.3373,6.2369,-15.3736,0.0543,0.2,0.4314,0.3922,0.1961,28.003,"2",7.887978175e-08,0.00865169520312063,0.000297722062948359,7.85848350911678e-05,0.00190536534938786,-14900.3314537727
1883,1885,20,-4.3373,6.2369,-15.3736,-4.4109,6.2446,-15.5594,0.0543,0.2,0.4314,0.3922,0.1961,28.0865,"2",7.8998957125e-08,0.00865169520312063,0.000298171013376465,7.87033372102497e-05,0.00182678051433493,-14900.2901340362
1884,1886,20,-4.4109,6.2446,-15.5594,-4.4729,6.2522,-15.7494,0.0543,0.2,0.4314,0.3922,0.1961,28.1703,"2",7.9118560675e-08,0.00865169520312063,0.000298621614499213,7.88222750362622e-05,0.00174807717676746,-14900.2506350483
1885,1887,20,-4.4729,6.2522,-15.7494,-4.5426,6.2561,-15.9368,0.0543,0.2,0.4314,0.3922,0.1961,28.2545,"2",7.9238735125e-08,0.00865169520312063,0.000299074405221812,7.89417908152204e-05,0.0016692549019165,-14900.2129595651
1886,1888,20,-4.5426,6.2561,-15.9368,-4.6131,6.2105,-16.1184,0.0543,0.2,0.4314,0.3922,0.1961,28.3391,"2",7.9359480475e-08,0.00865169520312063,0.000299529385753681,7.90618846024008e-05,0.0015903131110738,-14900.1771103559
1887,1889,20,-4.6131,6.2105,-16.1184,-4.7107,6.137,-16.2768,0.0543,0.2,0.4314,0.3922,0.1961,28.424,"2",7.9480654e-08,0.00865169520312063,0.00029998601761557,7.9182414264222e-05,0.00151125122647517,-14900.1430902022
1888,1890,20,-4.7107,6.137,-16.2768,-4.8051,6.1009,-16.4494,0.0543,0.2,0.4314,0.3922,0.1961,28.5092,"2",7.96022557e-08,0.00865169520312063,0.000300444301024967,7.93033798580911e-05,0.00143206881252468,-14900.1109018952
1889,1891,20,-4.8051,6.1009,-16.4494,-4.9191,6.0818,-16.6126,0.0543,0.2,0.4314,0.3922,0.1961,28.5948,"2",7.97244283e-08,0.00865169520312063,0.000300904774889664,7.94249236307045e-05,0.0013527654323789,-14900.0805482379
1890,1892,20,-4.9191,6.0818,-16.6126,-5.0267,6.0912,-16.7809,0.0543,0.2,0.4314,0.3922,0.1961,28.6808,"2",7.98471718e-08,0.00865169520312063,0.000301367439427511,7.95470456395646e-05,0.0012733405086513,-14900.0520320467
1891,1893,20,-5.0267,6.0912,-16.7809,-5.1334,6.0932,-16.95,0.0543,0.2,0.4314,0.3922,0.1961,28.7671,"2",7.9970343475e-08,0.00865169520312063,0.000301831756172192,7.96696037545042e-05,0.00119379346303893,-14900.0253561497
1892,1894,20,-5.1334,6.0932,-16.95,-5.2279,6.0807,-17.1259,0.0543,0.2,0.4314,0.3922,0.1961,28.8539,"2",8.0094228775e-08,0.00865169520312063,0.000302298802719811,7.97928824109835e-05,0.00111412385953902,-14900.0005233885
1893,1895,20,-5.2279,6.0807,-17.1259,-5.3371,6.0282,-17.285,0.0543,0.2,0.4314,0.3922,0.1961,28.9409,"2",8.0218399525e-08,0.00865169520312063,0.000302766963238386,7.99164551041996e-05,0.00103433097717831,-14899.9775366161
1894,1896,20,-5.3371,6.0282,-17.285,-5.4428,5.9701,-17.4445,0.0543,0.2,0.4314,0.3922,0.1961,29.0284,"2",8.03432839e-08,0.00865169520312063,0.000303237854010915,8.00407484580032e-05,0.000954414521879512,-14899.9563986977
1895,1897,20,-5.4428,5.9701,-17.4445,-5.5514,5.9125,-17.6022,0.0543,0.2,0.4314,0.3922,0.1961,29.1162,"2",8.046859645e-08,0.00865169520312063,0.000303710397897824,8.0165478157436e-05,0.00087437377339224,-14899.9371125114
1896,1898,20,-5.5514,5.9125,-17.6022,-5.6408,5.8676,-17.7754,0.0543,0.2,0.4314,0.3922,0.1961,29.2045,"2",8.0594622625e-08,0.00865169520312063,0.000304185672497002,8.02909286384302e-05,0.000794208295284729,-14899.9196809491
1897,1899,20,-5.6408,5.8676,-17.7754,-5.7386,5.8357,-17.9469,0.0543,0.2,0.4314,0.3922,0.1961,29.2931,"2",8.0721076975e-08,0.00865169520312063,0.000304662600676441,8.04168155880247e-05,0.000713917366602962,-14899.9041069156
1898,1900,20,-5.7386,5.8357,-17.9469,-5.8512,5.7955,-18.1073,0.0543,0.2,0.4314,0.3922,0.1961,29.3821,"2",8.0848102225e-08,0.00865169520312063,0.000305141721354714,8.05432812557616e-05,0.000633500550987368,-14899.8903933279
1899,1901,20,-5.8512,5.7955,-18.1073,-5.9661,5.7437,-18.2626,0.0543,0.2,0.4314,0.3922,0.1961,29.4715,"2",8.0975698375e-08,0.00865169520312063,0.000305623034769667,8.06703257044221e-05,0.000552957269800788,-14899.8785431162
1900,1902,20,-5.9661,5.7437,-18.2626,-6.0683,5.7347,-18.4342,0.0543,0.2,0.4314,0.3922,0.1961,29.5613,"2",8.1103865425e-08,0.00865169520312063,0.000306106541161466,8.07979489973978e-05,0.000472286943932753,-14899.8685592239
1901,1903,20,-6.0683,5.7347,-18.4342,-6.1676,5.7253,-18.6076,0.0543,0.2,0.4314,0.3922,0.1961,29.6514,"2",8.123246065e-08,0.00865169520312063,0.000306591702092596,8.09260090121242e-05,0.000391488995175552,-14899.8604446064
1902,1904,20,-6.1676,5.7253,-18.6076,-6.227,5.7367,-18.7982,0.0543,0.2,0.4314,0.3922,0.1961,29.742,"2",8.13617695e-08,0.00865169520312063,0.000307079595168056,8.10547901864097e-05,0.000310562985921804,-14899.8542022323
1903,1905,20,-6.227,5.7367,-18.7982,-6.2543,5.7485,-18.996,0.0543,0.2,0.4314,0.3922,0.1961,29.833,"2",8.149164925e-08,0.00865169520312063,0.000307569681954662,8.11841503988317e-05,0.000229508195912044,-14899.8498350855
1904,1906,20,-6.2543,5.7485,-18.996,-6.2383,5.7724,-19.194,0.0543,0.2,0.4314,0.3922,0.1961,29.9244,"2",8.16220999e-08,0.00865169520312063,0.000308061962701896,8.13140897152428e-05,0.000148324045354938,-14899.8473461628
1905,1907,20,-6.2383,5.7724,-19.194,-6.202,5.7871,-19.3539,0.0543,0.1646,0.4314,0.3922,0.1961,30,"2",8.173e-08,0.00865169520312063,0.00025387012885588,6.70099555711239e-05,6.70099556052264e-05,-14899.8467087248
32,1908,21,0.0172,0.0057,-4.3373,0.1539,0.1468,-4.3745,0.1887,0.2,0.4314,0.3922,0.1961,22.9203,"2",7.1625498175e-08,0.00865169520312063,0.000939767132069136,0.000248054995879034,0.00645509753460745,-14904.8263164113
1907,1909,21,0.1539,0.1468,-4.3745,0.3023,0.2725,-4.4215,0.0515,0.2,0.4314,0.3922,0.1961,22.9911,"2",7.1726547475e-08,0.00865169520312063,0.000256840534051154,6.77940049630731e-05,0.00620704253886275,-14904.6836126906
1908,1910,21,0.3023,0.2725,-4.4215,0.4555,0.3947,-4.4615,0.0515,0.2,0.4314,0.3922,0.1961,23.0622,"2",7.182802495e-08,0.00865169520312063,0.000257201408238116,6.7889259033901e-05,0.00613924853399281,-14904.5424772551
1909,1911,21,0.4555,0.3947,-4.4615,0.6026,0.529,-4.4794,0.0515,0.2,0.4314,0.3922,0.1961,23.1335,"2",7.1929787875e-08,0.00865169520312063,0.000257563325168505,6.79847883406969e-05,0.00607135927484816,-14904.4029123101
1910,1912,21,0.6026,0.529,-4.4794,0.7381,0.6732,-4.5084,0.0515,0.2,0.4314,0.3922,0.1961,23.205,"2",7.203183625e-08,0.00865169520312063,0.000257926284969325,6.80805929169841e-05,0.00600337448635606,-14904.264920067
1911,1913,21,0.7381,0.6732,-4.5084,0.8733,0.8172,-4.5396,0.0515,0.2,0.4314,0.3922,0.1961,23.2768,"2",7.21343128e-08,0.00865169520312063,0.00025829079882293,6.81768076912281e-05,0.00593529389372328,-14904.1285027454
1912,1914,21,0.8733,0.8172,-4.5396,1.0075,0.9635,-4.564,0.0515,0.2,0.4314,0.3922,0.1961,23.3488,"2",7.22370748e-08,0.00865169520312063,0.000258656355794519,6.82732978003058e-05,0.00586711708571272,-14903.9936625725
1913,1915,21,1.0075,0.9635,-4.564,1.1417,1.1098,-4.5884,0.0515,0.2,0.4314,0.3922,0.1961,23.421,"2",7.234012225e-08,0.00865169520312063,0.000259022956014303,6.83700632785872e-05,0.00579884378780244,-14903.8604017821
1914,1916,21,1.1417,1.1098,-4.5884,1.2706,1.2556,-4.6345,0.0515,0.2,0.4314,0.3922,0.1961,23.4934,"2",7.244345515e-08,0.00865169520312063,0.000259390599613496,6.84671041607065e-05,0.00573047372434084,-14903.7287226144
1915,1917,21,1.2706,1.2556,-4.6345,1.3979,1.4026,-4.681,0.0515,0.2,0.4314,0.3922,0.1961,23.5661,"2",7.2547216225e-08,0.00865169520312063,0.000259759797760018,6.85645553713192e-05,0.00566200662009406,-14903.5986273172
1916,1918,21,1.3979,1.4026,-4.681,1.4793,1.5677,-4.7593,0.0515,0.2,0.4314,0.3922,0.1961,23.639,"2",7.265126275e-08,0.00865169520312063,0.000260130039542393,6.8662282053459e-05,0.00559344206469056,-14903.4701181466
1917,1919,21,1.4793,1.5677,-4.7593,1.5605,1.7328,-4.8378,0.0515,0.2,0.4314,0.3922,0.1961,23.7122,"2",7.275573745e-08,0.00865169520312063,0.000260501836121783,6.87604191299978e-05,0.00552477978229571,-14903.3431973665
1918,1920,21,1.5605,1.7328,-4.8378,1.6375,1.9018,-4.9119,0.0515,0.2,0.4314,0.3922,0.1961,23.7855,"2",7.2860354875e-08,0.00865169520312063,0.000260874165575873,6.88586968607761e-05,0.0054560193634382,-14903.2178672471
1919,1921,21,1.6375,1.9018,-4.9119,1.6999,2.0743,-4.9917,0.0515,0.2,0.4314,0.3922,0.1961,23.8592,"2",7.29655432e-08,0.00865169520312063,0.000261248561108199,6.89575199405149e-05,0.00538716066635143,-14903.0941300665
1920,1922,21,1.6999,2.0743,-4.9917,1.7671,2.2478,-5.0651,0.0515,0.2,0.4314,0.3922,0.1961,23.933,"2",7.307087425e-08,0.00865169520312063,0.000261623489789641,6.90564837469265e-05,0.00531820314662437,-14902.9719881109
1921,1923,21,1.7671,2.2478,-5.0651,1.8355,2.4244,-5.1292,0.0515,0.2,0.4314,0.3922,0.1961,24.0072,"2",7.31767762e-08,0.00865169520312063,0.000262000484800016,6.91559929684707e-05,0.00524914666295049,-14902.8514436743
1922,1924,21,1.8355,2.4244,-5.1292,1.8816,2.6031,-5.2063,0.0515,0.2,0.4314,0.3922,0.1961,24.0815,"2",7.3282820875e-08,0.00865169520312063,0.000262378013238448,6.92556429903152e-05,0.00517999067009571,-14902.7324990587
1923,1925,21,1.8816,2.6031,-5.2063,1.9285,2.7791,-5.289,0.0515,0.2,0.4314,0.3922,0.1961,24.1561,"2",7.3389293725e-08,0.00865169520312063,0.000262757097260648,6.93557036142247e-05,0.0051107350270305,-14902.6151565724
1924,1926,21,1.9285,2.7791,-5.289,1.9808,2.9671,-5.3326,0.0515,0.2,0.4314,0.3922,0.1961,24.231,"2",7.349619475e-08,0.00865169520312063,0.000263137736996469,6.94561748744749e-05,0.00504137932323475,-14902.4994185333
1925,1927,21,1.9808,2.9671,-5.3326,2.0326,3.1553,-5.3763,0.0515,0.2,0.4314,0.3922,0.1961,24.3061,"2",7.3603381225e-08,0.00865169520312063,0.000263519421584225,6.95569219272415e-05,0.00497192314849399,-14902.3852872671
1926,1928,21,2.0326,3.1553,-5.3763,2.0983,3.3402,-5.4148,0.0515,0.2,0.4314,0.3922,0.1961,24.3814,"2",7.371085315e-08,0.00865169520312063,0.000263902151168461,6.96579448106778e-05,0.00490236622655905,-14902.2727651059
1927,1929,21,2.0983,3.3402,-5.4148,2.1583,3.5266,-5.4556,0.0515,0.2,0.4314,0.3922,0.1961,24.457,"2",7.381875325e-08,0.00865169520312063,0.000264286436879849,6.97593784396076e-05,0.00483270828171297,-14902.1618543899
1928,1930,21,2.1583,3.5266,-5.4556,2.2176,3.7172,-5.4677,0.0515,0.2,0.4314,0.3922,0.1961,24.5329,"2",7.3927081525e-08,0.00865169520312063,0.000264672278853507,6.98612228496957e-05,0.00476294890316352,-14902.0525574686
1929,1931,21,2.2176,3.7172,-5.4677,2.2876,3.9045,-5.4724,0.0515,0.2,0.4314,0.3922,0.1961,24.609,"2",7.403569525e-08,0.00865169520312063,0.000265059166248547,6.99633432026081e-05,0.00469308768039996,-14901.9448766996
1930,1932,21,2.2876,3.9045,-5.4724,2.3747,4.0839,-5.4877,0.0515,0.2,0.4314,0.3922,0.1961,24.6854,"2",7.414473715e-08,0.00865169520312063,0.00026544761018783,7.00658744111064e-05,0.00462312433716133,-14901.8388144482
1931,1933,21,2.3747,4.0839,-5.4877,2.473,4.2578,-5.4967,0.0515,0.2,0.4314,0.3922,0.1961,24.762,"2",7.42540645e-08,0.00865169520312063,0.000265837099840548,7.01686816395175e-05,0.00455305846247227,-14901.7343730879
1932,1934,21,2.473,4.2578,-5.4967,2.5984,4.4124,-5.477,0.0515,0.2,0.4314,0.3922,0.1961,24.8389,"2",7.4363820025e-08,0.00865169520312063,0.000266228146324575,7.02718997992869e-05,0.00448288978131096,-14901.631555
1933,1935,21,2.5984,4.4124,-5.477,2.7322,4.561,-5.4737,0.0515,0.2,0.4314,0.3922,0.1961,24.916,"2",7.4473861e-08,0.00865169520312063,0.000266620238818972,7.03753940573458e-05,0.00441261788119364,-14901.5303625737
1934,1936,21,2.7322,4.561,-5.4737,2.8725,4.7036,-5.474,0.0515,0.2,0.4314,0.3922,0.1961,24.9934,"2",7.458433015e-08,0.00865169520312063,0.000267013888436865,7.04792993238871e-05,0.00434224248720306,-14901.4307982064
1935,1937,21,2.8725,4.7036,-5.474,3.026,4.8239,-5.4298,0.0515,0.2,0.4314,0.3922,0.1961,25.0711,"2",7.4695227475e-08,0.00865169520312063,0.000267409095322824,7.05836156370699e-05,0.0042717631879007,-14901.3328643046
1936,1938,21,3.026,4.8239,-5.4298,3.179,4.9449,-5.3857,0.0515,0.2,0.4314,0.3922,0.1961,25.1491,"2",7.4806552975e-08,0.00865169520312063,0.000267805859622875,7.06883430354388e-05,0.00420117957240713,-14901.2365632846
1937,1939,21,3.179,4.9449,-5.3857,3.3447,5.0496,-5.3458,0.0515,0.2,0.4314,0.3922,0.1961,25.2273,"2",7.4918163925e-08,0.00865169520312063,0.000268203670535397,7.07933466910241e-05,0.00413049122950384,-14901.1418975706
1938,1940,21,3.3447,5.0496,-5.3458,3.4986,5.1646,-5.2901,0.0515,0.2,0.4314,0.3922,0.1961,25.3058,"2",7.503020305e-08,0.00865169520312063,0.000268603039164978,7.08987615117645e-05,0.00405969788287136,-14901.0488695947
1939,1941,21,3.4986,5.1646,-5.2901,3.6532,5.2812,-5.2403,0.0515,0.2,0.4314,0.3922,0.1961,25.3846,"2",7.514267035e-08,0.00865169520312063,0.000269003965661822,7.10045875373073e-05,0.00398879912126657,-14900.9574817985
1940,1942,21,3.6532,5.2812,-5.2403,3.8003,5.4009,-5.1768,0.0515,0.2,0.4314,0.3922,0.1961,25.4636,"2",7.52554231e-08,0.00865169520312063,0.000269405939238176,7.11106899433432e-05,0.00391779453416448,-14900.8677366316
1941,1943,21,3.8003,5.4009,-5.1768,3.9466,5.5218,-5.1135,0.0515,0.2,0.4314,0.3922,0.1961,25.5429,"2",7.5368604025e-08,0.00865169520312063,0.000269809470992803,7.12172036362733e-05,0.00384668384415731,-14900.7796365514
1942,1944,21,3.9466,5.5218,-5.1135,4.0916,5.6434,-5.0489,0.0515,0.2,0.4314,0.3922,0.1961,25.6225,"2",7.5482213125e-08,0.00865169520312063,0.000270214561080117,7.13241286568557e-05,0.00377546664035924,-14900.6931840249
1943,1945,21,4.0916,5.6434,-5.0489,4.2651,5.7301,-5.0002,0.0515,0.2,0.4314,0.3922,0.1961,25.7024,"2",7.55962504e-08,0.00865169520312063,0.000270621209656018,7.14314650462412e-05,0.00370414251166559,-14900.6083815288
1944,1946,21,4.2651,5.7301,-5.0002,4.4552,5.7899,-4.9829,0.0515,0.2,0.4314,0.3922,0.1961,25.7826,"2",7.571071585e-08,0.00865169520312063,0.0002710294168779,7.1539212845974e-05,0.00363271104663996,-14900.525231549
1945,1947,21,4.4552,5.7899,-4.9829,4.643,5.8559,-4.9637,0.0515,0.2,0.4314,0.3922,0.1961,25.863,"2",7.582546675e-08,0.00865169520312063,0.000271438671980195,7.16472372376016e-05,0.00356117183384667,-14900.4437365796
1946,1948,21,4.643,5.8559,-4.9637,4.8396,5.8899,-4.9497,0.0515,0.2,0.4314,0.3922,0.1961,25.9438,"2",7.594078855e-08,0.00865169520312063,0.000271849996974963,7.17558079849711e-05,0.00348952459629788,-14900.3638991239
1947,1949,21,4.8396,5.8899,-4.9497,5.0337,5.9254,-4.917,0.0515,0.2,0.4314,0.3922,0.1961,26.0248,"2",7.60563958e-08,0.00865169520312063,0.00027226237017789,7.18646554107452e-05,0.00341776878870468,-14900.2857216951
1948,1950,21,5.0337,5.9254,-4.917,5.2266,5.9569,-4.8745,0.0515,0.2,0.4314,0.3922,0.1961,26.1061,"2",7.6172431225e-08,0.00865169520312063,0.000272676302676595,7.19739144183828e-05,0.00334590413286801,-14900.2092068141
1949,1951,21,5.2266,5.9569,-4.8745,5.4225,5.9927,-4.8562,0.0515,0.2,0.4314,0.3922,0.1961,26.1877,"2",7.6288894825e-08,0.00865169520312063,0.00027309179463575,7.20835850513503e-05,0.00327393021846736,-14900.1343570114
1950,1952,21,5.4225,5.9927,-4.8562,5.6161,6.0423,-4.8495,0.0515,0.2,0.4314,0.3922,0.1961,26.2696,"2",7.64057866e-08,0.00865169520312063,0.000273508846221543,7.21936673535132e-05,0.00320184663341053,-14900.061174827
1951,1953,21,5.6161,6.0423,-4.8495,5.801,6.1116,-4.8813,0.0515,0.2,0.4314,0.3922,0.1961,26.3519,"2",7.6523249275e-08,0.00865169520312063,0.000273927968510069,7.23042962252893e-05,0.00312965296616429,-14899.9896628119
1952,1954,21,5.801,6.1116,-4.8813,5.9918,6.1563,-4.9215,0.0515,0.2,0.4314,0.3922,0.1961,26.4344,"2",7.66409974e-08,0.00865169520312063,0.000274348139851363,7.24152019984074e-05,0.00305734866983115,-14899.9198235268
1953,1955,21,5.9918,6.1563,-4.9215,6.1813,6.2018,-4.9664,0.0515,0.2,0.4314,0.3922,0.1961,26.5172,"2",7.67591737e-08,0.00865169520312063,0.0002747698713271,7.25265195747581e-05,0.00298493346774313,-14899.8516595402
1954,1956,21,6.1813,6.2018,-4.9664,6.3702,6.2549,-5.005,0.0515,0.2,0.4314,0.3922,0.1961,26.6003,"2",7.6877778175e-08,0.00865169520312063,0.000275193163109566,7.26382489998169e-05,0.00291240694817863,-14899.7851734302
1955,1957,21,6.3702,6.2549,-5.005,6.5602,6.2766,-5.0637,0.0515,0.2,0.4314,0.3922,0.1961,26.6837,"2",7.6996810825e-08,0.00865169520312063,0.00027561801537258,7.27503903194641e-05,0.00283976869914223,-14899.7203677843
1956,1958,21,6.5602,6.2766,-5.0637,6.7537,6.3106,-5.1011,0.0515,0.2,0.4314,0.3922,0.1961,26.7675,"2",7.7116414375e-08,0.00865169520312063,0.000276044939188113,7.28630784330284e-05,0.0027670183090037,-14899.6572452013
1957,1959,21,6.7537,6.3106,-5.1011,6.9497,6.341,-5.1269,0.0515,0.2,0.4314,0.3922,0.1961,26.8515,"2",7.7236303375e-08,0.00865169520312063,0.000276472912937723,7.29760436805597e-05,0.00269415523047979,-14899.5958082893
1958,1960,21,6.9497,6.341,-5.1269,7.1402,6.3809,-5.1727,0.0515,0.2,0.4314,0.3922,0.1961,26.9359,"2",7.7356763275e-08,0.00865169520312063,0.00027690295859102,7.30895558147002e-05,0.00262117918665456,-14899.5360596661
1959,1961,21,7.1402,6.3809,-5.1727,7.3274,6.4138,-5.235,0.0515,0.2,0.4314,0.3922,0.1961,27.0206,"2",7.747765135e-08,0.00865169520312063,0.000277334565431629,7.32034800299819e-05,0.00254808963072311,-14899.4780019605
1960,1962,21,7.3274,6.4138,-5.235,7.5157,6.4266,-5.301,0.0515,0.2,0.4314,0.3922,0.1961,27.1056,"2",7.75989676e-08,0.00865169520312063,0.000277767733641342,7.33178163743897e-05,0.00247488615065882,-14899.4216378108
1961,1963,21,7.5157,6.4266,-5.301,7.7049,6.4361,-5.3653,0.0515,0.2,0.4314,0.3922,0.1961,27.1909,"2",7.7720712025e-08,0.00865169520312063,0.000278202463403512,7.34325648963201e-05,0.00240156833456884,-14899.3669698648
1962,1964,21,7.7049,6.4361,-5.3653,7.9024,6.4226,-5.3938,0.0515,0.2,0.4314,0.3922,0.1961,27.2765,"2",7.7842884625e-08,0.00865169520312063,0.000278638754903057,7.35477256445826e-05,0.00232813576980922,-14899.31400078
1963,1965,21,7.9024,6.4226,-5.3938,8.1012,6.41,-5.4115,0.0515,0.2,0.4314,0.3922,0.1961,27.3625,"2",7.7965628125e-08,0.00865169520312063,0.000279077119209059,7.36634335177442e-05,0.00225458804426827,-14899.2627332248
1964,1966,21,8.1012,6.41,-5.4115,8.3007,6.3965,-5.4085,0.0515,0.2,0.4314,0.3922,0.1961,27.4488,"2",7.80887998e-08,0.00865169520312063,0.000279517045623511,7.37795537151848e-05,0.00218092461042268,-14899.2131698789
1965,1967,21,8.3007,6.3965,-5.4085,8.5007,6.3959,-5.4071,0.0515,0.2,0.4314,0.3922,0.1961,27.5354,"2",7.821239965e-08,0.00865169520312063,0.000279958534336289,7.38960862870227e-05,0.00210714505729561,-14899.1653134312
1966,1968,21,8.5007,6.3959,-5.4071,8.6941,6.4423,-5.428,0.0515,0.2,0.4314,0.3922,0.1961,27.6224,"2",7.83365704e-08,0.00865169520312063,0.000280402096416333,7.40131661317872e-05,0.00203324897085026,-14899.119166582
1967,1969,21,8.6941,6.4423,-5.428,8.8896,6.4848,-5.4306,0.0515,0.2,0.4314,0.3922,0.1961,27.7097,"2",7.8461169325e-08,0.00865169520312063,0.000280847221176094,7.41306584516186e-05,0.00195923580433862,-14899.0747320426
1968,1970,21,8.8896,6.4848,-5.4306,9.0474,6.5897,-5.3667,0.0515,0.2,0.4314,0.3922,0.1961,27.7973,"2",7.8586196425e-08,0.00865169520312063,0.000281293908810446,7.42485632979548e-05,0.00188510514586845,-14899.0320125339
1969,1971,21,9.0474,6.5897,-5.3667,9.1916,6.7124,-5.3024,0.0515,0.2,0.4314,0.3922,0.1961,27.8853,"2",7.8711794425e-08,0.00865169520312063,0.00028174267038877,7.43670155694412e-05,0.00181085658267843,-14898.9910107876
1970,1972,21,9.1916,6.7124,-5.3024,9.3134,6.8327,-5.199,0.0515,0.2,0.4314,0.3922,0.1961,27.9736,"2",7.88378206e-08,0.00865169520312063,0.000282192995233478,7.44858804708474e-05,0.00173648956714789,-14898.9517295468
1971,1973,21,9.3134,6.8327,-5.199,9.4313,6.9585,-5.0976,0.0515,0.2,0.4314,0.3922,0.1961,28.0623,"2",7.8964417675e-08,0.00865169520312063,0.000282645394414647,7.4605292901003e-05,0.00166200368672047,-14898.9141715658
1972,1974,21,9.4313,6.9585,-5.0976,9.5666,7.0916,-5.0344,0.0515,0.2,0.4314,0.3922,0.1961,28.1513,"2",7.9091442925e-08,0.00865169520312063,0.000283099357261137,7.47251180663792e-05,0.00158739839373988,-14898.8783396095
1973,1975,21,9.5666,7.0916,-5.0344,9.6984,7.2213,-4.9582,0.0515,0.2,0.4314,0.3922,0.1961,28.2407,"2",7.9219039075e-08,0.00865169520312063,0.000283555394843984,7.48454908660583e-05,0.0015126732758129,-14898.8442364544
1974,1976,21,9.6984,7.2213,-4.9582,9.8382,7.3301,-4.8654,0.0515,0.2,0.4314,0.3922,0.1961,28.3304,"2",7.93470634e-08,0.00865169520312063,0.00028401299649827,7.4966276508155e-05,0.00143782778491064,-14898.811864888
1975,1977,21,9.8382,7.3301,-4.8654,9.9678,7.4427,-4.7629,0.0515,0.2,0.4314,0.3922,0.1961,28.4205,"2",7.9475658625e-08,0.00865169520312063,0.000284472673296254,7.50876098920738e-05,0.00136286150809533,-14898.7812277086
1976,1978,21,9.9678,7.4427,-4.7629,10.123,7.5448,-4.6887,0.0515,0.2,0.4314,0.3922,0.1961,28.511,"2",7.960482475e-08,0.00865169520312063,0.00028493442544337,7.52094910720398e-05,0.00128777389843005,-14898.7523277274
1977,1979,21,10.123,7.5448,-4.6887,10.2493,7.6625,-4.5877,0.0515,0.2,0.4314,0.3922,0.1961,28.6018,"2",7.973441905e-08,0.00865169520312063,0.000285397742283746,7.53317852585552e-05,0.00121256440697301,-14898.7251677669
1978,1980,21,10.2493,7.6625,-4.5877,10.3636,7.7935,-4.4889,0.0515,0.2,0.4314,0.3922,0.1961,28.693,"2",7.986458425e-08,0.00865169520312063,0.000285863134892087,7.54546273516702e-05,0.00113723262189277,-14898.6997506602
1979,1981,21,10.3636,7.7935,-4.4889,10.483,7.9061,-4.3746,0.0515,0.2,0.4314,0.3922,0.1961,28.7845,"2",7.9995177625e-08,0.00865169520312063,0.000286330092618193,7.55778825633841e-05,0.00106177799451355,-14898.6760792521
1980,1982,21,10.483,7.9061,-4.3746,10.583,8.0321,-4.2557,0.0515,0.2,0.4314,0.3922,0.1961,28.8764,"2",8.01263419e-08,0.00865169520312063,0.000286799126538649,7.57016857942438e-05,0.000986200112249745,-14898.6541563979
1981,1983,21,10.583,8.0321,-4.2557,10.6974,8.168,-4.1639,0.0515,0.2,0.4314,0.3922,0.1961,28.9687,"2",8.0258077075e-08,0.00865169520312063,0.000287270236868757,7.58260371010789e-05,0.00091049842645751,-14898.6339849661
1982,1984,21,10.6974,8.168,-4.1639,10.7904,8.3286,-4.0894,0.0515,0.2,0.4314,0.3922,0.1961,29.0614,"2",8.039038315e-08,0.00865169520312063,0.000287743423825908,7.59509365412706e-05,0.00083467238915571,-14898.6155678376
1983,1985,21,10.7904,8.3286,-4.0894,10.8772,8.4981,-4.0283,0.0515,0.2,0.4314,0.3922,0.1961,29.1545,"2",8.0523260125e-08,0.00865169520312063,0.000288218687629586,7.60763841727527e-05,0.000758721452798842,-14898.5989079059
1984,1986,21,10.8772,8.4981,-4.0283,10.9358,8.6823,-3.9768,0.0515,0.2,0.4314,0.3922,0.1961,29.2479,"2",8.0656565275e-08,0.00865169520312063,0.000288695517643167,7.62022452111073e-05,0.000682645068622243,-14898.5840080759
1985,1987,21,10.9358,8.6823,-3.9768,10.9579,8.8793,-3.9503,0.0515,0.2,0.4314,0.3922,0.1961,29.3417,"2",8.0790441325e-08,0.00865169520312063,0.000289174424949472,7.63286545585278e-05,0.000606442823159707,-14898.5708712634
1986,1988,21,10.9579,8.8793,-3.9503,10.9708,9.078,-3.9688,0.0515,0.2,0.4314,0.3922,0.1961,29.436,"2",8.0925031e-08,0.00865169520312063,0.000289655920631351,7.64557471172145e-05,0.000530114168513331,-14898.5595003984
1987,1989,21,10.9708,9.078,-3.9688,11.0109,9.2733,-3.985,0.0515,0.2,0.4314,0.3922,0.1961,29.5306,"2",8.106004885e-08,0.00865169520312063,0.000290138983201594,7.65832532618558e-05,0.000453658421202157,-14898.5498984237
1988,1990,21,11.0109,9.2733,-3.985,11.0338,9.4716,-3.9976,0.0515,0.2,0.4314,0.3922,0.1961,29.6256,"2",8.11956376e-08,0.00865169520312063,0.00029062412374772,7.67113078958854e-05,0.000377075167939781,-14898.5420682933
1989,1991,21,11.0338,9.4716,-3.9976,11.0746,9.6608,-4.0479,0.0515,0.2,0.4314,0.3922,0.1961,29.721,"2",8.133179725e-08,0.00865169520312063,0.000291111342501662,7.68399110805224e-05,0.000300363860069047,-14898.5360129736
1990,1992,21,11.0746,9.6608,-4.0479,11.129,9.8502,-4.0822,0.0515,0.2,0.4314,0.3922,0.1961,29.8169,"2",8.1468670525e-08,0.00865169520312063,0.000291601150553685,7.69691977199248e-05,0.00022352394888158,-14898.5317354455
1991,1993,21,11.129,9.8502,-4.0822,11.1952,10.035,-4.1203,0.0515,0.2,0.4314,0.3922,0.1961,29.9131,"2",8.1605971975e-08,0.00865169520312063,0.000292092526427554,7.70988981916781e-05,0.000146554751319733,-14898.5292387024
1992,1994,21,11.1952,10.035,-4.1203,11.2451,10.2013,-4.1674,0.0515,0.1799,0.4314,0.3922,0.1961,30,"2",8.173e-08,0.00865169520312063,0.000263136517582112,6.9455853005564e-05,6.94558526367885e-05,-14898.5285165833
33,1995,22,0.0076,0.0206,-4.5294,-0.1791,-0.0213,-4.5878,0.1887,0.2,0.4314,0.3922,0.1961,23.1927,"2",7.2014281075e-08,0.00865169520312063,0.00094484347536064,0.000249394915388118,0.0097439415992521,-14904.4063884457
1994,1996,22,-0.1791,-0.0213,-4.5878,-0.3627,-0.0749,-4.6461,0.0713,0.2,0.4314,0.3922,0.1961,23.2534,"2",7.210091515e-08,0.00865169520312063,0.000357431728313713,9.43454211882052e-05,0.00949454668418391,-14904.1879948561
1995,1997,22,-0.3627,-0.0749,-4.6461,-0.5546,-0.1301,-4.6582,0.0713,0.2,0.4314,0.3922,0.1961,23.3143,"2",7.2187834675e-08,0.00865169520312063,0.000357857296772638,9.44577515504008e-05,0.00940020126279444,-14903.9717835345
1996,1998,22,-0.5546,-0.1301,-4.6582,-0.7466,-0.185,-4.6689,0.0713,0.2,0.4314,0.3922,0.1961,23.3753,"2",7.2274896925e-08,0.00865169520312063,0.000358283613500415,9.4570279420916e-05,0.00930574351140348,-14903.7577570798
1997,1999,22,-0.7466,-0.185,-4.6689,-0.9427,-0.2188,-4.6892,0.0713,0.2,0.4314,0.3922,0.1961,23.4366,"2",7.236238735e-08,0.00865169520312063,0.000358712093745262,9.46833783597305e-05,0.00921117323181726,-14903.5459181
1998,2000,22,-0.9427,-0.2188,-4.6892,-1.1371,-0.2454,-4.7279,0.0713,0.2,0.4314,0.3922,0.1961,23.498,"2",7.24500205e-08,0.00865169520312063,0.000359141322671835,9.47966749158442e-05,0.00911648985348915,-14903.3362692118
1999,2001,22,-1.1371,-0.2454,-4.7279,-1.323,-0.2888,-4.7875,0.0713,0.2,0.4314,0.3922,0.1961,23.5596,"2",7.25379391e-08,0.00865169520312063,0.000359572008000004,9.49103558945231e-05,0.00902169317846734,-14903.1288130387
2000,2002,22,-1.323,-0.2888,-4.7875,-1.5056,-0.3431,-4.8484,0.0713,0.2,0.4314,0.3922,0.1961,23.6215,"2",7.2626285875e-08,0.00865169520312063,0.000360004857410815,9.50246080907865e-05,0.00892678282258708,-14902.9235522152
2001,2003,22,-1.5056,-0.3431,-4.8484,-1.6871,-0.401,-4.9093,0.0713,0.2,0.4314,0.3922,0.1961,23.6835,"2",7.2714775375e-08,0.00865169520312063,0.000360438456135282,9.51390580711493e-05,0.00883175821441159,-14902.7204893849
2002,2004,22,-1.6871,-0.401,-4.9093,-1.8665,-0.4421,-4.9874,0.0713,0.2,0.4314,0.3922,0.1961,23.7457,"2",7.2803550325e-08,0.00865169520312063,0.000360873511868075,9.52538926342259e-05,0.00873661915645753,-14902.5196271979
2003,2005,22,-1.8665,-0.4421,-4.9874,-2.046,-0.4685,-5.0716,0.0713,0.2,0.4314,0.3922,0.1961,23.8081,"2",7.2892610725e-08,0.00865169520312063,0.000361310024814992,9.53691118343381e-05,0.00864136526376218,-14902.3209683131
2004,2006,22,-2.046,-0.4685,-5.0716,-2.2279,-0.4903,-5.1519,0.0713,0.2,0.4314,0.3922,0.1961,23.8708,"2",7.29820993e-08,0.00865169520312063,0.000361748702625418,9.54849024581471e-05,0.00854599615214119,-14902.1245154009
2005,2007,22,-2.2279,-0.4903,-5.1519,-2.4181,-0.5156,-5.2083,0.0713,0.2,0.4314,0.3922,0.1961,23.9336,"2",7.30717306e-08,0.00865169520312063,0.00036218813061592,9.56008910947502e-05,0.00845051124953117,-14901.93027114
2006,2008,22,-2.4181,-0.5156,-5.2083,-2.6065,-0.5513,-5.2653,0.0713,0.2,0.4314,0.3922,0.1961,23.9966,"2",7.316164735e-08,0.00865169520312063,0.000362629016449107,9.57172645342995e-05,0.00835491035859167,-14901.7382382164
2007,2009,22,-2.6065,-0.5513,-5.2653,-2.7948,-0.5869,-5.3223,0.0713,0.2,0.4314,0.3922,0.1961,24.0599,"2",7.3251992275e-08,0.00865169520312063,0.000363072067751778,9.58342095574951e-05,0.00825919309405029,-14901.5484193267
2008,2010,22,-2.7948,-0.5869,-5.3223,-2.984,-0.6424,-5.3561,0.0713,0.2,0.4314,0.3922,0.1961,24.1233,"2",7.3342479925e-08,0.00865169520312063,0.000363515869902463,9.59513527697895e-05,0.00816335888428057,-14901.3608171768
2009,2011,22,-2.984,-0.6424,-5.3561,-3.175,-0.6677,-5.4098,0.0713,0.2,0.4314,0.3922,0.1961,24.187,"2",7.343339575e-08,0.00865169520312063,0.000363961837936403,9.60690676749465e-05,0.00806740753148839,-14901.1754344811
2010,2012,22,-3.175,-0.6677,-5.4098,-3.3702,-0.7038,-5.4336,0.0713,0.2,0.4314,0.3922,0.1961,24.2509,"2",7.3524597025e-08,0.00865169520312063,0.00036440926465897,9.61871676063392e-05,0.00797133846382349,-14900.9922739653
2011,2013,22,-3.3702,-0.7038,-5.4336,-3.562,-0.7481,-5.4694,0.0713,0.2,0.4314,0.3922,0.1961,24.315,"2",7.361608375e-08,0.00865169520312063,0.000364858150291076,9.63056526222784e-05,0.00787515129602609,-14900.8113383639
2012,2014,22,-3.562,-0.7481,-5.4694,-3.7494,-0.8007,-5.5151,0.0713,0.2,0.4314,0.3922,0.1961,24.3793,"2",7.3707855925e-08,0.00865169520312063,0.000365308495055489,9.64245227815641e-05,0.00777884564350294,-14900.6326304205
2013,2015,22,-3.7494,-0.8007,-5.5151,-3.9273,-0.8294,-5.6019,0.0713,0.2,0.4314,0.3922,0.1961,24.4438,"2",7.379991355e-08,0.00865169520312063,0.000365760299176833,9.65437781434869e-05,0.00768242112031112,-14900.4561528874
2014,2016,22,-3.9273,-0.8294,-5.6019,-4.0702,-0.8737,-5.7346,0.0713,0.2,0.4314,0.3922,0.1961,24.5085,"2",7.3892256625e-08,0.00865169520312063,0.000366213562881594,9.66634187678288e-05,0.00758587734205176,-14900.2819085258
2015,2017,22,-4.0702,-0.8737,-5.7346,-4.2091,-0.9214,-5.8704,0.0713,0.2,0.4314,0.3922,0.1961,24.5735,"2",7.3985027875e-08,0.00865169520312063,0.000366668993741693,9.67836314208041e-05,0.00748921392338788,-14900.1099001081
2016,2018,22,-4.2091,-0.9214,-5.8704,-4.3769,-0.9304,-5.9788,0.0713,0.2,0.4314,0.3922,0.1961,24.6386,"2",7.407794185e-08,0.00865169520312063,0.00036712517729205,9.69040427491452e-05,0.00739243029177105,-14899.9401304155
2017,2019,22,-4.3769,-0.9304,-5.9788,-4.5534,-0.9118,-6.0711,0.0713,0.2,0.4314,0.3922,0.1961,24.704,"2",7.4171284e-08,0.00865169520312063,0.000367583528443833,9.70250262238666e-05,0.00729552624899262,-14899.7726022381
2018,2020,22,-4.5534,-0.9118,-6.0711,-4.7076,-0.8965,-6.1975,0.0713,0.2,0.4314,0.3922,0.1961,24.7696,"2",7.42649116e-08,0.00865169520312063,0.000368043340087888,9.71463952009027e-05,0.00719850122284181,-14899.6073183772
2019,2021,22,-4.7076,-0.8965,-6.1975,-4.8739,-0.8888,-6.3083,0.0713,0.2,0.4314,0.3922,0.1961,24.8355,"2",7.4358967375e-08,0.00865169520312063,0.000368505319771613,9.72683364399949e-05,0.00710135482752874,-14899.444281645
2020,2022,22,-4.8739,-0.8888,-6.3083,-5.0252,-0.9094,-6.4375,0.0713,0.2,0.4314,0.3922,0.1961,24.9015,"2",7.4453165875e-08,0.00865169520312063,0.000368968053103254,9.73904766072303e-05,0.0070040864912124,-14899.2834948627
2021,2023,22,-5.0252,-0.9094,-6.4375,-5.1808,-0.8714,-6.5572,0.0713,0.2,0.4314,0.3922,0.1961,24.9678,"2",7.454779255e-08,0.00865169520312063,0.000369432954937464,9.75131891587058e-05,0.00690669601431879,-14899.1249608605
2022,2024,22,-5.1808,-0.8714,-6.5572,-5.3097,-0.7939,-6.6891,0.0713,0.2,0.4314,0.3922,0.1961,25.0343,"2",7.4642704675e-08,0.00865169520312063,0.000369899318205552,9.76362874610362e-05,0.00680918282525894,-14898.9686824796
2023,2025,22,-5.3097,-0.7939,-6.6891,-5.3829,-0.7005,-6.8501,0.0713,0.2,0.4314,0.3922,0.1961,25.101,"2",7.473790225e-08,0.00865169520312063,0.000370367143151828,9.77597715787083e-05,0.00671154653802161,-14898.81466257
2024,2026,22,-5.3829,-0.7005,-6.8501,-5.4597,-0.6072,-7.0094,0.0713,0.2,0.4314,0.3922,0.1961,25.168,"2",7.4833528e-08,0.00865169520312063,0.000370837137295485,9.78838282640185e-05,0.00661378676661843,-14898.6629039929
2025,2027,22,-5.4597,-0.6072,-7.0094,-5.5272,-0.5377,-7.1844,0.0713,0.2,0.4314,0.3922,0.1961,25.2352,"2",7.49294392e-08,0.00865169520312063,0.000371308593597192,9.80082708913313e-05,0.00651590293812169,-14898.5134096206
2026,2028,22,-5.5272,-0.5377,-7.1844,-5.6012,-0.4827,-7.3619,0.0713,0.2,0.4314,0.3922,0.1961,25.3027,"2",7.5025778575e-08,0.00865169520312063,0.000371782219565918,9.81332862102454e-05,0.0064178946673669,-14898.3661823364
2027,2029,22,-5.6012,-0.4827,-7.3619,-5.6906,-0.4591,-7.5392,0.0713,0.2,0.4314,0.3922,0.1961,25.3703,"2",7.5122260675e-08,0.00865169520312063,0.000372256600930124,9.82585009185786e-05,0.00631976138094279,-14898.2212250326
2028,2030,22,-5.6906,-0.4591,-7.5392,-5.7802,-0.4301,-7.7156,0.0713,0.2,0.4314,0.3922,0.1961,25.4383,"2",7.5219313675e-08,0.00865169520312063,0.000372733859698695,9.83844751283921e-05,0.00622150287985249,-14898.0785406125
2029,2031,22,-5.7802,-0.4301,-7.7156,-5.8712,-0.3985,-7.8909,0.0713,0.2,0.4314,0.3922,0.1961,25.5064,"2",7.53165094e-08,0.00865169520312063,0.000373211874374208,9.85106488626273e-05,0.00612311840479603,-14897.9381319907
2030,2032,22,-5.8712,-0.3985,-7.8909,-5.9475,-0.3748,-8.0743,0.0713,0.2,0.4314,0.3922,0.1961,25.5748,"2",7.54141333e-08,0.00865169520312063,0.000373692059697542,9.86373955473496e-05,0.00602460775586836,-14897.8000020903
2031,2033,22,-5.9475,-0.3748,-8.0743,-6.0131,-0.3538,-8.262,0.0713,0.2,0.4314,0.3922,0.1961,25.6435,"2",7.5512185375e-08,0.00865169520312063,0.000374174415909465,9.87647152461109e-05,0.00592597036028418,-14897.6641538482
2032,2034,22,-6.0131,-0.3538,-8.262,-6.0839,-0.3372,-8.4483,0.0713,0.2,0.4314,0.3922,0.1961,25.7123,"2",7.5610380175e-08,0.00865169520312063,0.000374657528818117,9.88922346777607e-05,0.00582720564509932,-14897.5305902097
2033,2035,22,-6.0839,-0.3372,-8.4483,-6.1459,-0.3255,-8.6381,0.0713,0.2,0.4314,0.3922,0.1961,25.7815,"2",7.5709145875e-08,0.00865169520312063,0.000375143520341754,9.90205139304386e-05,0.00572831341018089,-14897.3993141315
2034,2036,22,-6.1459,-0.3255,-8.6381,-6.208,-0.3278,-8.8282,0.0713,0.2,0.4314,0.3922,0.1961,25.8508,"2",7.58080543e-08,0.00865169520312063,0.000375630269094766,9.9148993056599e-05,0.00562929289608747,-14897.2703285814
2035,2037,22,-6.208,-0.3278,-8.8282,-6.2881,-0.3298,-9.0115,0.0713,0.2,0.4314,0.3922,0.1961,25.9205,"2",7.5907533625e-08,0.00865169520312063,0.000376119896961606,9.92782321354586e-05,0.00553014390287467,-14897.1436365381
2036,2038,22,-6.2881,-0.3298,-9.0115,-6.3708,-0.3368,-9.1935,0.0713,0.2,0.4314,0.3922,0.1961,25.9904,"2",7.60072984e-08,0.00865169520312063,0.000376610989791866,9.94078578968091e-05,0.00543086567058865,-14897.0192409938
2037,2039,22,-6.3708,-0.3368,-9.1935,-6.4531,-0.3424,-9.3756,0.0713,0.2,0.4314,0.3922,0.1961,26.0605,"2",7.6107348625e-08,0.00865169520312063,0.000377103547859628,9.95378704129946e-05,0.00533145781263888,-14896.8971449494
2038,2040,22,-6.4531,-0.3424,-9.3756,-6.5332,-0.3453,-9.5589,0.0713,0.2,0.4314,0.3922,0.1961,26.1309,"2",7.6207827025e-08,0.00865169520312063,0.000377598278621791,9.96684564198701e-05,0.00523191994227773,-14896.777351417
2039,2041,22,-6.5332,-0.3453,-9.5589,-6.6371,-0.3386,-9.7296,0.0713,0.2,0.4314,0.3922,0.1961,26.2015,"2",7.6308590875e-08,0.00865169520312063,0.000378094475164157,9.97994293248285e-05,0.00513225148572031,-14896.6598634199
2040,2042,22,-6.6371,-0.3386,-9.7296,-6.7122,-0.3401,-9.915,0.0713,0.2,0.4314,0.3922,0.1961,26.2724,"2",7.64097829e-08,0.00865169520312063,0.000378592844936649,9.99309758618836e-05,0.0050324520565804,-14896.5446839924
2041,2043,22,-6.7122,-0.3401,-9.915,-6.7467,-0.3474,-10.1118,0.0713,0.2,0.4314,0.3922,0.1961,26.3436,"2",7.65114031e-08,0.00865169520312063,0.000379093388205259,0.000100063096101244,0.00493252108063981,-14896.431816182
2042,2044,22,-6.7467,-0.3474,-10.1118,-6.7145,-0.3349,-10.3088,0.0713,0.2,0.4314,0.3922,0.1961,26.415,"2",7.661330875e-08,0.00865169520312063,0.000379595398080227,0.000100195603456755,0.0048324579846758,-14896.3212630475
2043,2045,22,-6.7145,-0.3349,-10.3088,-6.6995,-0.3466,-10.5079,0.0713,0.2,0.4314,0.3922,0.1961,26.4867,"2",7.6715642575e-08,0.00865169520312063,0.000380099582002121,0.00010032868465996,0.0047322623807998,-14896.2130276585
2044,2046,22,-6.6995,-0.3466,-10.5079,-6.6577,-0.3149,-10.7009,0.0713,0.2,0.4314,0.3922,0.1961,26.5587,"2",7.6818404575e-08,0.00865169520312063,0.000380605940244836,0.000100462339783153,0.00463193369608245,-14896.1071130983
2045,2047,22,-6.6577,-0.3149,-10.7009,-6.6279,-0.2959,-10.8977,0.0713,0.2,0.4314,0.3922,0.1961,26.6309,"2",7.6921452025e-08,0.00865169520312063,0.000381113765942098,0.000100596382246379,0.00453147135627793,-14896.0035224608
2046,2048,22,-6.6279,-0.2959,-10.8977,-6.6282,-0.2597,-11.0944,0.0713,0.2,0.4314,0.3922,0.1961,26.7034,"2",7.702492765e-08,0.00865169520312063,0.000381623766526181,0.000100730998778992,0.00443087497418225,-14895.9022588515
2047,2049,22,-6.6282,-0.2597,-11.0944,-6.6405,-0.2366,-11.2927,0.0713,0.2,0.4314,0.3922,0.1961,26.7762,"2",7.712883145e-08,0.00865169520312063,0.000382135942278939,0.000100866189455389,0.00433014397531267,-14895.8033253888
2048,2050,22,-6.6405,-0.2366,-11.2927,-6.6764,-0.2364,-11.4895,0.0713,0.2,0.4314,0.3922,0.1961,26.8492,"2",7.72330207e-08,0.00865169520312063,0.000382649586356628,0.00010100176770156,0.00422927778613091,-14895.7067252024
2049,2051,22,-6.6764,-0.2364,-11.4895,-6.6953,-0.217,-11.6876,0.0713,0.2,0.4314,0.3922,0.1961,26.9226,"2",7.733778085e-08,0.00865169520312063,0.000383166113308089,0.00010113810689288,0.00412827601806274,-14895.6124614352
2050,2052,22,-6.6953,-0.217,-11.6876,-6.721,-0.1959,-11.8848,0.0713,0.2,0.4314,0.3922,0.1961,26.9962,"2",7.744282645e-08,0.00865169520312063,0.000383684109171208,0.000101274833808843,0.00402713791125174,-14895.5205372435
2051,2053,22,-6.721,-0.1959,-11.8848,-6.7466,-0.1808,-12.0826,0.0713,0.2,0.4314,0.3922,0.1961,27.0701,"2",7.7548300225e-08,0.00865169520312063,0.000384204281367113,0.000101412135175861,0.0039258630778444,-14895.4309557946
2052,2054,22,-6.7466,-0.1808,-12.0826,-6.7995,-0.1751,-12.2754,0.0713,0.2,0.4314,0.3922,0.1961,27.1442,"2",7.765405945e-08,0.00865169520312063,0.000384725923080755,0.000101549824427498,0.00382445094278534,-14895.343720267
2053,2055,22,-6.7995,-0.1751,-12.2754,-6.8481,-0.1807,-12.4694,0.0713,0.2,0.4314,0.3922,0.1961,27.2187,"2",7.7760389575e-08,0.00865169520312063,0.000385250448835797,0.000101688274932486,0.00372290111828865,-14895.2588338524
2054,2056,22,-6.8481,-0.1807,-12.4694,-6.8399,-0.2009,-12.6682,0.0713,0.2,0.4314,0.3922,0.1961,27.2934,"2",7.786700515e-08,0.00865169520312063,0.000385776444716236,0.000101827113482486,0.00362121284381801,-14895.1762997557
2055,2057,22,-6.8399,-0.2009,-12.6682,-6.8277,-0.2202,-12.8669,0.0713,0.2,0.4314,0.3922,0.1961,27.3685,"2",7.7974191625e-08,0.00865169520312063,0.000386305325234781,0.00010196671344334,0.00351938573033362,-14895.0961211955
2056,2058,22,-6.8277,-0.2202,-12.8669,-6.8236,-0.2423,-13.0656,0.0713,0.2,0.4314,0.3922,0.1961,27.4438,"2",7.808166355e-08,0.00865169520312063,0.000386835676497384,0.000102106701612504,0.00341741901668425,-14895.0183014031
2057,2059,22,-6.8236,-0.2423,-13.0656,-6.8185,-0.2625,-13.2645,0.0713,0.2,0.4314,0.3922,0.1961,27.5194,"2",7.818956365e-08,0.00865169520312063,0.000387368205915842,0.000102247264713929,0.00331531231497965,-14894.9428436214
2058,2060,22,-6.8185,-0.2625,-13.2645,-6.8141,-0.2803,-13.4637,0.0713,0.2,0.4314,0.3922,0.1961,27.5953,"2",7.8297891925e-08,0.00865169520312063,0.000387902913802455,0.000102388402830048,0.00321306505055892,-14894.8697511065
2059,2061,22,-6.8141,-0.2803,-13.4637,-6.7853,-0.2914,-13.6613,0.0713,0.2,0.4314,0.3922,0.1961,27.6716,"2",7.84067911e-08,0.00865169520312063,0.000388440507556234,0.000102530302681434,0.00311067664748217,-14894.7990271296
2060,2062,22,-6.7853,-0.2914,-13.6613,-6.7635,-0.2987,-13.8599,0.0713,0.2,0.4314,0.3922,0.1961,27.7481,"2",7.8515975725e-08,0.00865169520312063,0.000388979573324388,0.000102672591076436,0.00300814634499753,-14894.7306749758
2061,2063,22,-6.7635,-0.2987,-13.8599,-6.7344,-0.2849,-14.0573,0.0713,0.2,0.4314,0.3922,0.1961,27.8249,"2",7.8625588525e-08,0.00865169520312063,0.000389520818515216,0.000102815454738081,0.00290547375372094,-14894.6646979407
2062,2064,22,-6.7344,-0.2849,-14.0573,-6.728,-0.2628,-14.256,0.0713,0.2,0.4314,0.3922,0.1961,27.9021,"2",7.8735772225e-08,0.00865169520312063,0.000390064950526686,0.000102959080386666,0.00280265829932877,-14894.6010993359
2063,2065,22,-6.728,-0.2628,-14.256,-6.7214,-0.2416,-14.4548,0.0713,0.2,0.4314,0.3922,0.1961,27.9795,"2",7.8846241375e-08,0.00865169520312063,0.000390610555534619,0.000103103094838094,0.002699699218671,-14894.5398824859
2064,2066,22,-6.7214,-0.2416,-14.4548,-6.7259,-0.2141,-14.6528,0.0713,0.2,0.4314,0.3922,0.1961,28.0572,"2",7.89571387e-08,0.00865169520312063,0.000391158340945972,0.000103247684815034,0.00259659612409687,-14894.4810507267
2065,2067,22,-6.7259,-0.2141,-14.6528,-6.7471,-0.1952,-14.8508,0.0713,0.2,0.4314,0.3922,0.1961,28.1353,"2",7.9068606925e-08,0.00865169520312063,0.000391709014158774,0.000103393037037804,0.00249334843909114,-14894.4246074094
2066,2068,22,-6.7471,-0.1952,-14.8508,-6.7526,-0.1965,-15.0507,0.0713,0.2,0.4314,0.3922,0.1961,28.2137,"2",7.9180503325e-08,0.00865169520312063,0.000392261868438104,0.000103538964961117,0.00238995540209089,-14894.3705559008
2067,2069,22,-6.7526,-0.1965,-15.0507,-6.7576,-0.1969,-15.2507,0.0713,0.2,0.4314,0.3922,0.1961,28.2924,"2",7.92928279e-08,0.00865169520312063,0.000392816904123019,0.00010368546867447,0.00228641643687946,-14894.318899581
2068,2070,22,-6.7576,-0.1969,-15.2507,-6.7559,-0.1774,-15.4497,0.0713,0.2,0.4314,0.3922,0.1961,28.3714,"2",7.940558065e-08,0.00865169520312063,0.000393374121555539,0.000103832548268138,0.00218273096838273,-14894.2696418433
2069,2071,22,-6.7559,-0.1774,-15.4497,-6.7995,-0.1039,-15.6305,0.0713,0.2,0.4314,0.3922,0.1961,28.4508,"2",7.95189043e-08,0.00865169520312063,0.000393934228135968,0.000103980390463038,0.00207889841958138,-14894.2227860965
2070,2072,22,-6.7995,-0.1039,-15.6305,-6.8454,-0.0379,-15.8136,0.0713,0.2,0.4314,0.3922,0.1961,28.5305,"2",7.9632656125e-08,0.00865169520312063,0.000394496517152641,0.000104128808720023,0.0019749180290304,-14894.1783357651
2071,2073,22,-6.8454,-0.0379,-15.8136,-6.8801,0.0422,-15.9936,0.0713,0.2,0.4314,0.3922,0.1961,28.6105,"2",7.9746836125e-08,0.00865169520312063,0.000395060988956967,0.000104277803131849,0.00187078922075417,-14894.1362942865
2072,2074,22,-6.8801,0.0422,-15.9936,-6.9647,0.1451,-16.1428,0.0713,0.2,0.4314,0.3922,0.1961,28.6908,"2",7.98614443e-08,0.00865169520312063,0.000395627643903347,0.000104427373792061,0.00176651141754708,-14894.0966651117
2073,2075,22,-6.9647,0.1451,-16.1428,-7.0527,0.2512,-16.2877,0.0713,0.2,0.4314,0.3922,0.1961,28.7715,"2",7.9976623375e-08,0.00865169520312063,0.000396197189396352,0.000104577707422701,0.0016620840437005,-14894.0594517071
2074,2076,22,-7.0527,0.2512,-16.2877,-7.1413,0.3507,-16.4369,0.0713,0.2,0.4314,0.3922,0.1961,28.8525,"2",8.0092230625e-08,0.00865169520312063,0.000396768918745846,0.000104728617490305,0.00155750633608636,-14894.0246575547
2075,2077,22,-7.1413,0.3507,-16.4369,-7.2079,0.4673,-16.5851,0.0713,0.2,0.4314,0.3922,0.1961,28.9339,"2",8.0208408775e-08,0.00865169520312063,0.000397343539359519,0.000104880290717739,0.00145277771867653,-14893.9922861519
2076,2078,22,-7.2079,0.4673,-16.5851,-7.2881,0.5594,-16.7434,0.0713,0.2,0.4314,0.3922,0.1961,29.0156,"2",8.03250151e-08,0.00865169520312063,0.000397920344557581,0.000105032540574268,0.00134789742830359,-14893.9623410114
2077,2079,22,-7.2881,0.5594,-16.7434,-7.3684,0.6513,-16.9019,0.0713,0.2,0.4314,0.3922,0.1961,29.0976,"2",8.04420496e-08,0.00865169520312063,0.000398499334710449,0.000105185367157665,0.00124286488771183,-14893.9348256596
2078,2080,22,-7.3684,0.6513,-16.9019,-7.46,0.7436,-17.0538,0.0713,0.2,0.4314,0.3922,0.1961,29.18,"2",8.0559655e-08,0.00865169520312063,0.000399081217231203,0.00010533895719222,0.00113767952046785,-14893.9097436381
2079,2081,22,-7.46,0.7436,-17.0538,-7.5264,0.8062,-17.2318,0.0713,0.2,0.4314,0.3922,0.1961,29.2627,"2",8.0677688575e-08,0.00865169520312063,0.000399665285454527,0.000105493124151018,0.00103234056325782,-14893.887098504
2080,2082,22,-7.5264,0.8062,-17.2318,-7.5762,0.8719,-17.4141,0.0713,0.2,0.4314,0.3922,0.1961,29.3458,"2",8.079629305e-08,0.00865169520312063,0.000400252246797886,0.000105648054759506,0.000926847439222545,-14893.8668938302
2081,2083,22,-7.5762,0.8719,-17.4141,-7.6269,0.9181,-17.6019,0.0713,0.2,0.4314,0.3922,0.1961,29.4293,"2",8.0915468425e-08,0.00865169520312063,0.000400842101641737,0.000105803749118106,0.000821199384367915,-14893.8491332068
2082,2084,22,-7.6269,0.9181,-17.6019,-7.6938,0.9527,-17.7872,0.0713,0.2,0.4314,0.3922,0.1961,29.5131,"2",8.1035071975e-08,0.00865169520312063,0.000401434143334732,0.000105960020703592,0.000715395635260895,-14893.8338202398
2083,2085,22,-7.6938,0.9527,-17.7872,-7.7759,0.968,-17.9689,0.0713,0.2,0.4314,0.3922,0.1961,29.5973,"2",8.1155246425e-08,0.00865169520312063,0.000402029079302101,0.000106117056243459,0.000609435614704224,-14893.8209585505
2084,2086,22,-7.7759,0.968,-17.9689,-7.867,0.9708,-18.1469,0.0713,0.2,0.4314,0.3922,0.1961,29.6819,"2",8.1275991775e-08,0.00865169520312063,0.000402626909935569,0.000106274855841105,0.000503318558742459,-14893.8105517779
2085,2087,22,-7.867,0.9708,-18.1469,-7.9239,0.9715,-18.3387,0.0713,0.2,0.4314,0.3922,0.1961,29.7668,"2",8.13971653e-08,0.00865169520312063,0.000403226928596775,0.000106433232976731,0.000397043702630511,-14893.8026035764
2086,2088,22,-7.9239,0.9715,-18.3387,-7.9498,0.9537,-18.5362,0.0713,0.2,0.4314,0.3922,0.1961,29.8521,"2",8.1518909725e-08,0.00865169520312063,0.000403829842719871,0.000106592374380188,0.000290610469811869,-14893.7971176162
2087,2089,22,-7.9498,0.9537,-18.5362,-7.9549,0.9596,-18.736,0.0713,0.2,0.4314,0.3922,0.1961,29.9378,"2",8.164122505e-08,0.00865169520312063,0.00040443565270794,0.00010675228015787,0.000184018095670035,-14893.7940975848
2088,2090,22,-7.9549,0.9596,-18.736,-7.9779,0.9645,-18.8787,0.0713,0.1446,0.4314,0.3922,0.1961,30,"2",8.173e-08,0.00865169520312063,0.00029272489930341,7.72658153414291e-05,7.72658156689031e-05,-14893.7934518942
34,2091,23,0.0073,0.0235,-4.5562,-0.0075,-0.1439,-4.6647,0.1887,0.2,0.4314,0.3922,0.1961,23.2982,"2",7.216485595e-08,0.00865169520312063,0.000946720797530711,0.000249890441489499,0.00507867697558943,-14902.9447667597
2090,2092,23,-0.0075,-0.1439,-4.6647,-0.0381,-0.3061,-4.7777,0.0701,0.2,0.4314,0.3922,0.1961,23.4249,"2",7.2345688525e-08,0.00865169520312063,0.000352575071799839,9.30634888132321e-05,0.00482878653428972,-14902.8342160614
2091,2093,23,-0.0381,-0.3061,-4.7777,-0.0896,-0.471,-4.8784,0.0701,0.2,0.4314,0.3922,0.1961,23.552,"2",7.2527092e-08,0.00865169520312063,0.000353456487727006,9.32961417936568e-05,0.00473572304565105,-14902.7258193876
2092,2094,23,-0.0896,-0.471,-4.8784,-0.15,-0.6204,-4.9969,0.0701,0.2,0.4314,0.3922,0.1961,23.6795,"2",7.2709066375e-08,0.00865169520312063,0.000354340724959164,9.35295394679256e-05,0.00464242690385195,-14902.6195821249
2093,2095,23,-0.15,-0.6204,-4.9969,-0.2062,-0.7652,-5.1229,0.0701,0.2,0.4314,0.3922,0.1961,23.8074,"2",7.289161165e-08,0.00865169520312063,0.000355227783959163,9.3763681958209e-05,0.00454889736436567,-14902.5155096776
2094,2096,23,-0.2062,-0.7652,-5.1229,-0.2537,-0.9209,-5.239,0.0701,0.2,0.4314,0.3922,0.1961,23.9358,"2",7.307487055e-08,0.00865169520312063,0.000356118360740881,9.39987529799341e-05,0.00445513368251667,-14902.4136074689
2095,2097,23,-0.2537,-0.9209,-5.239,-0.3149,-1.0619,-5.3669,0.0701,0.2,0.4314,0.3922,0.1961,24.0645,"2",7.3258557625e-08,0.00865169520312063,0.000357011064677241,9.42343854719615e-05,0.00436113492959884,-14902.3138809394
2096,2098,23,-0.3149,-1.0619,-5.3669,-0.379,-1.1969,-5.4999,0.0701,0.2,0.4314,0.3922,0.1961,24.1936,"2",7.34428156e-08,0.00865169520312063,0.000357906591795484,9.44707631532453e-05,0.00426690054415543,-14902.2163355449
2097,2099,23,-0.379,-1.1969,-5.4999,-0.4532,-1.3265,-5.6329,0.0701,0.2,0.4314,0.3922,0.1961,24.3232,"2",7.36277872e-08,0.00865169520312063,0.000358805638108102,9.47080697388465e-05,0.00417242978094791,-14902.1209767603
2098,2100,23,-0.4532,-1.3265,-5.6329,-0.5046,-1.4689,-5.7636,0.0701,0.2,0.4314,0.3922,0.1961,24.4531,"2",7.3813186975e-08,0.00865169520312063,0.000359706813029274,9.49459381785157e-05,0.00407772171107133,-14902.027810078
2099,2101,23,-0.5046,-1.4689,-5.7636,-0.5364,-1.6209,-5.8896,0.0701,0.2,0.4314,0.3922,0.1961,24.5835,"2",7.3999300375e-08,0.00865169520312063,0.000360611508108496,9.51847357768675e-05,0.00398277577306717,-14901.9368410075
2100,2102,23,-0.5364,-1.6209,-5.8896,-0.5382,-1.7642,-6.0291,0.0701,0.2,0.4314,0.3922,0.1961,24.7143,"2",7.4185984675e-08,0.00865169520312063,0.000361519028306064,9.54242790756125e-05,0.00388759103726388,-14901.8480750776
2101,2103,23,-0.5382,-1.7642,-6.0291,-0.534,-1.9033,-6.1728,0.0701,0.2,0.4314,0.3922,0.1961,24.8455,"2",7.4373239875e-08,0.00865169520312063,0.000362429374119326,9.56645682060272e-05,0.00379216675827226,-14901.7615178344
2102,2104,23,-0.534,-1.9033,-6.1728,-0.5437,-2.0374,-6.3209,0.0701,0.2,0.4314,0.3922,0.1961,24.9772,"2",7.45612087e-08,0.00865169520312063,0.000363343241561292,9.59057868833093e-05,0.00369650219028969,-14901.6771748435
2103,2105,23,-0.5437,-2.0374,-6.3209,-0.57,-2.1503,-6.4838,0.0701,0.2,0.4314,0.3922,0.1961,25.1093,"2",7.4749748425e-08,0.00865169520312063,0.000364259935618837,9.61477516561845e-05,0.00360059640318537,-14901.5950516896
2104,2106,23,-0.57,-2.1503,-6.4838,-0.5883,-2.2948,-6.6209,0.0701,0.2,0.4314,0.3922,0.1961,25.2418,"2",7.493885905e-08,0.00865169520312063,0.00036517945680278,9.63904626594853e-05,0.0035044486516586,-14901.5151539749
2105,2107,23,-0.5883,-2.2948,-6.6209,-0.6047,-2.4413,-6.7561,0.0701,0.2,0.4314,0.3922,0.1961,25.3748,"2",7.51286833e-08,0.00865169520312063,0.000366102501128076,9.66341036089228e-05,0.00340805818913048,-14901.4374873208
2106,2108,23,-0.6047,-2.4413,-6.7561,-0.6147,-2.5704,-6.9085,0.0701,0.2,0.4314,0.3922,0.1961,25.5082,"2",7.531907845e-08,0.00865169520312063,0.000367028373607386,9.6878491060029e-05,0.00331142408537127,-14901.3620573681
2107,2109,23,-0.6147,-2.5704,-6.9085,-0.6325,-2.6791,-7.0754,0.0701,0.2,0.4314,0.3922,0.1961,25.642,"2",7.55100445e-08,0.00865169520312063,0.000367957074765156,9.71236251512333e-05,0.00321454559443472,-14901.288869775
2108,2110,23,-0.6325,-2.6791,-7.0754,-0.64,-2.7638,-7.2565,0.0701,0.2,0.4314,0.3922,0.1961,25.7763,"2",7.5701724175e-08,0.00865169520312063,0.0003688893006194,9.73696895990541e-05,0.00311742196908979,-14901.2179302189
2109,2111,23,-0.64,-2.7638,-7.2565,-0.6421,-2.8513,-7.4363,0.0701,0.2,0.4314,0.3922,0.1961,25.9111,"2",7.5894117475e-08,0.00865169520312063,0.000369825051693579,9.76166845416612e-05,0.00302005227929859,-14901.1492443989
2110,2112,23,-0.6421,-2.8513,-7.4363,-0.6768,-3.0038,-7.5609,0.0701,0.2,0.4314,0.3922,0.1961,26.0463,"2",7.6087081675e-08,0.00865169520312063,0.000370763633033784,9.78644265434099e-05,0.00292243559493765,-14901.0828180332
2111,2113,23,-0.6768,-3.0038,-7.5609,-0.7182,-3.1392,-7.7022,0.0701,0.2,0.4314,0.3922,0.1961,26.1819,"2",7.6280616775e-08,0.00865169520312063,0.000371705045183157,9.81129157476655e-05,0.00282457116845924,-14901.0186568577
2112,2114,23,-0.7182,-3.1392,-7.7022,-0.7635,-3.2908,-7.8246,0.0701,0.2,0.4314,0.3922,0.1961,26.318,"2",7.64748655e-08,0.00865169520312063,0.000372649984165832,9.8362335872561e-05,0.00272645825243098,-14900.9567666272
2113,2115,23,-0.7635,-3.2908,-7.8246,-0.808,-3.4424,-7.9471,0.0701,0.2,0.4314,0.3922,0.1961,26.4546,"2",7.666982785e-08,0.00865169520312063,0.000373598450525407,9.86126870615814e-05,0.00262809591676289,-14900.8971531184
2114,2116,23,-0.808,-3.4424,-7.9471,-0.85,-3.5933,-8.0716,0.0701,0.2,0.4314,0.3922,0.1961,26.5916,"2",7.68653611e-08,0.00865169520312063,0.000374549749339977,9.88637858875303e-05,0.00252948322986724,-14900.8398221273
2115,2117,23,-0.85,-3.5933,-8.0716,-0.8922,-3.7473,-8.1919,0.0701,0.2,0.4314,0.3922,0.1961,26.7291,"2",7.7061607975e-08,0.00865169520312063,0.000375504576639807,9.91158160701595e-05,0.00243061944390821,-14900.7847794692
2116,2118,23,-0.8922,-3.7473,-8.1919,-0.961,-3.9044,-8.2949,0.0701,0.2,0.4314,0.3922,0.1961,26.8671,"2",7.7258568475e-08,0.00865169520312063,0.000376462932984016,9.93687777570512e-05,0.00233150362816965,-14900.7320309811
2117,2119,23,-0.961,-3.9044,-8.2949,-1.0362,-4.0415,-8.4196,0.0701,0.2,0.4314,0.3922,0.1961,27.0055,"2",7.7456099875e-08,0.00865169520312063,0.000377424123473986,9.9622487527155e-05,0.0022321348502315,-14900.6815825192
2118,2120,23,-1.0362,-4.0415,-8.4196,-1.0688,-4.1806,-8.5595,0.0701,0.2,0.4314,0.3922,0.1961,27.1444,"2",7.76543449e-08,0.00865169520312063,0.000378388844147266,9.9877129102146e-05,0.00213251236286024,-14900.6334399593
2119,2121,23,-1.0688,-4.1806,-8.5595,-1.0766,-4.2908,-8.7262,0.0701,0.2,0.4314,0.3922,0.1961,27.2838,"2",7.785330355e-08,0.00865169520312063,0.000379357095578678,0.000100132702633751,0.00203263523379127,-14900.5876091988
2120,2122,23,-1.0766,-4.2908,-8.7262,-1.0748,-4.4093,-8.8873,0.0701,0.2,0.4314,0.3922,0.1961,27.4237,"2",7.8052975825e-08,0.00865169520312063,0.000380328878348468,0.000100389208275127,0.00193250253138949,-14900.5440961564
2121,2123,23,-1.0748,-4.4093,-8.8873,-1.1204,-4.5605,-9.01,0.0701,0.2,0.4314,0.3922,0.1961,27.564,"2",7.8253219e-08,0.00865169520312063,0.000381303497587952,0.000100646462613126,0.00183211332279242,-14900.5029067703
2122,2124,23,-1.1204,-4.5605,-9.01,-1.1705,-4.7075,-9.1361,0.0701,0.2,0.4314,0.3922,0.1961,27.7049,"2",7.8454318525e-08,0.00865169520312063,0.000382282344798815,0.000100904832939743,0.00173146686038735,-14900.4640470005
2123,2125,23,-1.1705,-4.7075,-9.1361,-1.1997,-4.8349,-9.2874,0.0701,0.2,0.4314,0.3922,0.1961,27.8462,"2",7.865598895e-08,0.00865169520312063,0.000383264029670637,0.000101163952277422,0.00163056202754027,-14900.4275228282
2124,2126,23,-1.1997,-4.8349,-9.2874,-1.2024,-4.9702,-9.4347,0.0701,0.2,0.4314,0.3922,0.1961,27.9881,"2",7.8858515725e-08,0.00865169520312063,0.000384249943708469,0.000101424187919047,0.00152939807507031,-14900.3933402564
2125,2127,23,-1.2024,-4.9702,-9.4347,-1.1993,-5.0925,-9.5929,0.0701,0.2,0.4314,0.3922,0.1961,28.1304,"2",7.90616134e-08,0.00865169520312063,0.000385238696620103,0.000101685172891867,0.00142797388683907,-14900.3615053097
2126,2128,23,-1.1993,-5.0925,-9.5929,-1.1516,-5.2011,-9.754,0.0701,0.2,0.4314,0.3922,0.1961,28.2733,"2",7.9265567425e-08,0.00865169520312063,0.00038623167991493,0.000101947274489913,0.00132628871400855,-14900.3320240339
2127,2129,23,-1.1516,-5.2011,-9.754,-1.1059,-5.2753,-9.934,0.0701,0.2,0.4314,0.3922,0.1961,28.4166,"2",7.947009235e-08,0.00865169520312063,0.000387227503318152,0.00010221012574503,0.00122434143968978,-14900.3049024968
2128,2130,23,-1.1059,-5.2753,-9.934,-1.12,-5.3496,-10.1191,0.0701,0.2,0.4314,0.3922,0.1961,28.5605,"2",7.9675473625e-08,0.00865169520312063,0.000388227558344483,0.000102474093952653,0.00112213131366331,-14900.2801467877
2129,2131,23,-1.12,-5.3496,-10.1191,-1.1298,-5.4331,-10.3006,0.0701,0.2,0.4314,0.3922,0.1961,28.7049,"2",7.9881568525e-08,0.00865169520312063,0.000389231150177969,0.000102738995713552,0.00101965721958126,-14900.2577630192
2130,2132,23,-1.1298,-5.4331,-10.3006,-1.1385,-5.5156,-10.4826,0.0701,0.2,0.4314,0.3922,0.1961,28.8498,"2",8.008837705e-08,0.00865169520312063,0.000390238279454246,0.000103004831195504,0.000916918223745907,-14900.2377573261
2131,2133,23,-1.1385,-5.5156,-10.4826,-1.1567,-5.5858,-10.669,0.0701,0.2,0.4314,0.3922,0.1961,28.9952,"2",8.02958992e-08,0.00865169520312063,0.00039124894681461,0.000103271600567783,0.000813913392576168,-14900.2201358643
2132,2134,23,-1.1567,-5.5858,-10.669,-1.1798,-5.6352,-10.8614,0.0701,0.2,0.4314,0.3922,0.1961,29.1411,"2",8.0504134975e-08,0.00865169520312063,0.000392263152906039,0.00010353930400116,0.000710641792040138,-14900.2049048116
2133,2135,23,-1.1798,-5.6352,-10.8614,-1.2112,-5.6353,-11.0589,0.0701,0.2,0.4314,0.3922,0.1961,29.2876,"2",8.07132271e-08,0.00865169520312063,0.000393281593820104,0.00010380812523157,0.000607102487992501,-14900.1920703692
2134,2136,23,-1.2112,-5.6353,-11.0589,-1.2469,-5.6606,-11.2541,0.0701,0.2,0.4314,0.3922,0.1961,29.4346,"2",8.092303285e-08,0.00865169520312063,0.000394303574775332,0.000104077880868883,0.000503294362936297,-14900.1816387623
2135,2137,23,-1.2469,-5.6606,-11.2541,-1.2838,-5.6721,-11.4503,0.0701,0.2,0.4314,0.3922,0.1961,29.5822,"2",8.113369495e-08,0.00865169520312063,0.000395329791874236,0.000104348754651923,0.000399216482102444,-14900.1736162397
2136,2138,23,-1.2838,-5.6721,-11.4503,-1.3201,-5.6545,-11.6462,0.0701,0.2,0.4314,0.3922,0.1961,29.7303,"2",8.1345070675e-08,0.00865169520312063,0.000396359550348778,0.000104620563194105,0.000294867727311693,-14900.168009074
2137,2139,23,-1.3201,-5.6545,-11.6462,-1.3609,-5.6453,-11.8418,0.0701,0.2,0.4314,0.3922,0.1961,29.8789,"2",8.1557160025e-08,0.00865169520312063,0.000397392850875609,0.000104893306674036,0.000190247164185202,-14900.1648235594
2138,2140,23,-1.3609,-5.6453,-11.8418,-1.3977,-5.6406,-11.9999,0.0701,0.1624,0.4314,0.3922,0.1961,30,"2",8.173e-08,0.00865169520312063,0.000323366798074418,8.53538573829004e-05,8.53538574217844e-05,-14900.1640224756
35,2141,24,0.0091,0.0337,-4.6911,-0.1666,-0.0323,-4.7602,0.1887,0.2,0.4314,0.3922,0.1961,23.497,"2",7.244859325e-08,0.00865169520312063,0.000950299424667851,0.000250835033303219,0.00592179123163932,-14900.7274178618
2140,2142,24,-0.1666,-0.0323,-4.7602,-0.3426,-0.0851,-4.839,0.084,0.2,0.4314,0.3922,0.1961,23.6229,"2",7.2628284025e-08,0.00865169520312063,0.000424072160799265,0.000111935408794161,0.00567095619812596,-14900.5976169782
2141,2143,24,-0.3426,-0.0851,-4.839,-0.5281,-0.1421,-4.8877,0.084,0.2,0.4314,0.3922,0.1961,23.7492,"2",7.28085457e-08,0.00865169520312063,0.000425120956139401,0.000112212242187134,0.00555902078922865,-14900.4704068891
2142,2144,24,-0.5281,-0.1421,-4.8877,-0.7013,-0.2121,-4.959,0.084,0.2,0.4314,0.3922,0.1961,23.8759,"2",7.2989378275e-08,0.00865169520312063,0.000426173142060419,0.000112489970536419,0.00544680854703663,-14900.3457940045
2143,2145,24,-0.7013,-0.2121,-4.959,-0.8806,-0.2657,-5.0295,0.084,0.2,0.4314,0.3922,0.1961,24.003,"2",7.317078175e-08,0.00865169520312063,0.000427228719226711,0.000112768594017385,0.00533431857642061,-14900.2237847548
2144,2146,24,-0.8806,-0.2657,-5.0295,-1.0563,-0.2895,-5.1221,0.084,0.2,0.4314,0.3922,0.1961,24.1305,"2",7.3352756125e-08,0.00865169520312063,0.0004282876883087,0.000113048112806993,0.00522154998223167,-14900.1043855914
2145,2147,24,-1.0563,-0.2895,-5.1221,-1.2301,-0.3169,-5.2172,0.084,0.2,0.4314,0.3922,0.1961,24.2584,"2",7.35353014e-08,0.00865169520312063,0.00042935004998286,0.000113328527083799,0.00510850186953054,-14899.9876029861
2146,2148,24,-1.2301,-0.3169,-5.2172,-1.4096,-0.3572,-5.2958,0.084,0.2,0.4314,0.3922,0.1961,24.3867,"2",7.3718417575e-08,0.00865169520312063,0.000430415804931738,0.000113609837027966,0.00499517334245178,-14899.8734434316
2147,2149,24,-1.4096,-0.3572,-5.2958,-1.5961,-0.3836,-5.3628,0.084,0.2,0.4314,0.3922,0.1961,24.5155,"2",7.3902247375e-08,0.00865169520312063,0.000431485787158433,0.000113892262777682,0.00488156350562869,-14899.7619134438
2148,2150,24,-1.5961,-0.3836,-5.3628,-1.7848,-0.4325,-5.4076,0.084,0.2,0.4314,0.3922,0.1961,24.6446,"2",7.408650535e-08,0.00865169520312063,0.000432558330722662,0.000114175364601875,0.00476767124269593,-14899.6530195593
2149,2151,24,-1.7848,-0.4325,-5.4076,-1.9695,-0.4386,-5.4842,0.084,0.2,0.4314,0.3922,0.1961,24.7742,"2",7.427147695e-08,0.00865169520312063,0.000433635102948248,0.000114459582596808,0.00465349587813866,-14899.5467683355
2150,2152,24,-1.9695,-0.4386,-5.4842,-2.1515,-0.4388,-5.567,0.084,0.2,0.4314,0.3922,0.1961,24.9041,"2",7.4456876725e-08,0.00865169520312063,0.000434714437932379,0.000114744477041298,0.00453903629547173,-14899.4431663504
2151,2153,24,-2.1515,-0.4388,-5.567,-2.3307,-0.4485,-5.6554,0.084,0.2,0.4314,0.3922,0.1961,25.0346,"2",7.464313285e-08,0.00865169520312063,0.000435798836276871,0.000115030707978404,0.00442429181850235,-14899.3422202052
2152,2154,24,-2.3307,-0.4485,-5.6554,-2.5116,-0.4586,-5.7401,0.084,0.2,0.4314,0.3922,0.1961,25.1654,"2",7.482981715e-08,0.00865169520312063,0.000436885798813851,0.000115317615743563,0.00430926111049288,-14899.2439365247
2153,2155,24,-2.5116,-0.4586,-5.7401,-2.6925,-0.4687,-5.8247,0.084,0.2,0.4314,0.3922,0.1961,25.2966,"2",7.501707235e-08,0.00865169520312063,0.000437976159565668,0.000115605420480043,0.00419394349475064,-14899.1483219515
2154,2156,24,-2.6925,-0.4687,-5.8247,-2.8563,-0.5029,-5.9343,0.084,0.2,0.4314,0.3922,0.1961,25.4283,"2",7.5205041175e-08,0.00865169520312063,0.00043907075253849,0.000115894342326847,0.0040783380740953,-14899.0553831517
2155,2157,24,-2.8563,-0.5029,-5.9343,-3.0183,-0.5313,-6.0481,0.084,0.2,0.4314,0.3922,0.1961,25.5605,"2",7.5393723625e-08,0.00865169520312063,0.000440169578455643,0.000116184381474897,0.00396244373197506,-14898.9651268172
2156,2158,24,-3.0183,-0.5313,-6.0481,-3.1797,-0.5581,-6.1631,0.084,0.2,0.4314,0.3922,0.1961,25.693,"2",7.558283425e-08,0.00865169520312063,0.000441270971521244,0.000116475098231236,0.00384625935074866,-14898.8775596606
2157,2159,24,-3.1797,-0.5581,-6.1631,-3.3752,-0.5535,-6.2048,0.084,0.2,0.4314,0.3922,0.1961,25.826,"2",7.57726585e-08,0.00865169520312063,0.00044237659901937,0.000116766932681636,0.00372978425264052,-14898.7926884153
2158,2160,24,-3.3752,-0.5535,-6.2048,-3.5663,-0.5175,-6.2518,0.084,0.2,0.4314,0.3922,0.1961,25.9595,"2",7.5963196375e-08,0.00865169520312063,0.000443486461694338,0.000117059885022563,0.00361301731991177,-14898.7105198405
2159,2161,24,-3.5663,-0.5175,-6.2518,-3.7604,-0.4842,-6.2865,0.084,0.2,0.4314,0.3922,0.1961,26.0934,"2",7.615430515e-08,0.00865169520312063,0.000444599727048933,0.00011735373551331,0.00349595743477163,-14898.6310607187
2160,2162,24,-3.7604,-0.4842,-6.2865,-3.9554,-0.4551,-6.32,0.084,0.2,0.4314,0.3922,0.1961,26.2277,"2",7.6345984825e-08,0.00865169520312063,0.000445716395855642,0.000117648484357778,0.00337860369937097,-14898.5543178532
2161,2163,24,-3.9554,-0.4551,-6.32,-4.1513,-0.444,-6.3587,0.084,0.2,0.4314,0.3922,0.1961,26.3625,"2",7.6538378125e-08,0.00865169520312063,0.000446837302133616,0.000117944351698394,0.00326095521501543,-14898.4802980706
2162,2164,24,-4.1513,-0.444,-6.3587,-4.3449,-0.423,-6.4043,0.084,0.2,0.4314,0.3922,0.1961,26.4977,"2",7.6731342325e-08,0.00865169520312063,0.000447961613419858,0.000118241117803483,0.00314301086309914,-14898.4090082209
2163,2165,24,-4.3449,-0.423,-6.4043,-4.5371,-0.3998,-6.4544,0.084,0.2,0.4314,0.3922,0.1961,26.6334,"2",7.692502015e-08,0.00865169520312063,0.000449090163738941,0.000118539002816905,0.0030247697453383,-14898.3404551772
2164,2166,24,-4.5371,-0.3998,-6.4544,-4.7012,-0.3756,-6.5661,0.084,0.2,0.4314,0.3922,0.1961,26.7696,"2",7.71194116e-08,0.00865169520312063,0.000450222953878502,0.000118838006946558,0.00290623074211601,-14898.2746458386
2165,2167,24,-4.7012,-0.3756,-6.5661,-4.8764,-0.3806,-6.6625,0.084,0.2,0.4314,0.3922,0.1961,26.9062,"2",7.731437395e-08,0.00865169520312063,0.000451359151409226,0.000119137910469658,0.00278739273547131,-14898.2115871276
2166,2168,24,-4.8764,-0.3806,-6.6625,-5.0506,-0.3942,-6.7599,0.084,0.2,0.4314,0.3922,0.1961,27.0433,"2",7.7510049925e-08,0.00865169520312063,0.000452499590365504,0.000119438933532656,0.00266825482482403,-14898.1512859899
2167,2169,24,-5.0506,-0.3942,-6.7599,-5.2222,-0.4543,-6.8431,0.084,0.2,0.4314,0.3922,0.1961,27.1809,"2",7.7706439525e-08,0.00865169520312063,0.000453644271557321,0.000119741076349349,0.00254881589111214,-14898.0937493973
2168,2170,24,-5.2222,-0.4543,-6.8431,-5.3893,-0.5194,-6.9316,0.084,0.2,0.4314,0.3922,0.1961,27.3189,"2",7.7903400025e-08,0.00865169520312063,0.000454792362587882,0.000120044119205538,0.00242907481492775,-14898.0389843446
2169,2171,24,-5.3893,-0.5194,-6.9316,-5.5566,-0.5786,-7.0239,0.084,0.2,0.4314,0.3922,0.1961,27.4574,"2",7.810107415e-08,0.00865169520312063,0.000455944697503063,0.000120348282250703,0.00230903069566691,-14897.9869978502
2170,2172,24,-5.5566,-0.5786,-7.0239,-5.7169,-0.6476,-7.1216,0.084,0.2,0.4314,0.3922,0.1961,27.5964,"2",7.82994619e-08,0.00865169520312063,0.000457101277135449,0.000120653565704609,0.00218868241336672,-14897.9377969585
2171,2173,24,-5.7169,-0.6476,-7.1216,-5.8783,-0.6634,-7.2387,0.084,0.2,0.4314,0.3922,0.1961,27.7359,"2",7.8498563275e-08,0.00865169520312063,0.000458262102325431,0.000120959969789079,0.00206802884769915,-14897.8913887394
2172,2174,24,-5.8783,-0.6634,-7.2387,-6.0188,-0.6964,-7.3771,0.084,0.2,0.4314,0.3922,0.1961,27.8759,"2",7.8698378275e-08,0.00865169520312063,0.000459427173921236,0.000121267494728007,0.00194706887777276,-14897.8477802891
2173,2175,24,-6.0188,-0.6964,-7.3771,-6.1623,-0.7088,-7.5159,0.084,0.2,0.4314,0.3922,0.1961,28.0163,"2",7.8898764175e-08,0.00865169520312063,0.000460595659578101,0.000121575920820927,0.00182580138335661,-14897.8069787271
2174,2176,24,-6.1623,-0.7088,-7.5159,-6.3175,-0.7308,-7.6401,0.084,0.2,0.4314,0.3922,0.1961,28.1573,"2",7.9100006425e-08,0.00865169520312063,0.000461769226563809,0.00012188568814931,0.00170422546244938,-14897.7689911985
2175,2177,24,-6.3175,-0.7308,-7.6401,-6.4612,-0.7815,-7.7695,0.084,0.2,0.4314,0.3922,0.1961,28.2987,"2",7.9301819575e-08,0.00865169520312063,0.000462946209350493,0.000122196357090943,0.00158233977428578,-14897.7338248748
2176,2178,24,-6.4612,-0.7815,-7.7695,-6.5885,-0.8249,-7.9176,0.084,0.2,0.4314,0.3922,0.1961,28.4407,"2",7.9504489075e-08,0.00865169520312063,0.000464128275212823,0.000122508367729114,0.00146014341703323,-14897.7014869531
2177,2179,24,-6.5885,-0.8249,-7.9176,-6.7255,-0.849,-8.0613,0.084,0.2,0.4314,0.3922,0.1961,28.5831,"2",7.9707729475e-08,0.00865169520312063,0.000465313758647228,0.000122821280448021,0.00133763504933127,-14897.6719846565
2178,2180,24,-6.7255,-0.849,-8.0613,-6.8348,-0.8915,-8.2233,0.084,0.2,0.4314,0.3922,0.1961,28.7261,"2",7.9911826225e-08,0.00865169520312063,0.000466504326936679,0.000123135535333147,0.00121481376901764,-14897.6453252342
2179,2181,24,-6.8348,-0.8915,-8.2233,-6.9468,-0.9484,-8.379,0.084,0.2,0.4314,0.3922,0.1961,28.8696,"2",8.01166366e-08,0.00865169520312063,0.000467699147790516,0.000123450912698306,0.00109167823385371,-14897.6215159636
2180,2182,24,-6.9468,-0.9484,-8.379,-7.091,-1.024,-8.495,0.084,0.2,0.4314,0.3922,0.1961,29.0135,"2",8.0322017875e-08,0.00865169520312063,0.000468897388932247,0.000123767192861052,0.000968227321056863,-14897.6005641457
2181,2183,24,-7.091,-1.024,-8.495,-7.2177,-1.0199,-8.6498,0.084,0.2,0.4314,0.3922,0.1961,29.1581,"2",8.0528398225e-08,0.00865169520312063,0.000470101550847352,0.000124085035833738,0.000844460128268587,-14897.5824771101
2182,2184,24,-7.2177,-1.0199,-8.6498,-7.36,-0.9793,-8.7843,0.084,0.2,0.4314,0.3922,0.1961,29.3031,"2",8.0735349475e-08,0.00865169520312063,0.000471309134898756,0.000124403782091904,0.000720375092535636,-14897.5672622146
2183,2185,24,-7.36,-0.9793,-8.7843,-7.5037,-0.9366,-8.9167,0.084,0.2,0.4314,0.3922,0.1961,29.4486,"2",8.094301435e-08,0.00865169520312063,0.000472520975211416,0.000124723651805905,0.000595971310339946,-14897.5549268407
2184,2186,24,-7.5037,-0.9366,-8.9167,-7.6118,-0.8808,-9.0754,0.084,0.2,0.4314,0.3922,0.1961,29.5947,"2",8.1151535575e-08,0.00865169520312063,0.000473737905915031,0.000125044865147348,0.000471247658635446,-14897.5454783983
2185,2187,24,-7.6118,-0.8808,-9.0754,-7.7282,-0.8256,-9.2285,0.084,0.2,0.4314,0.3922,0.1961,29.7413,"2",8.1360770425e-08,0.00865169520312063,0.000474959094776727,0.000125367202445301,0.000346202793570917,-14897.5389243258
2186,2188,24,-7.7282,-0.8256,-9.2285,-7.8294,-0.783,-9.3956,0.084,0.2,0.4314,0.3922,0.1961,29.8885,"2",8.1570861625e-08,0.00865169520312063,0.000476185375942635,0.000125690883875706,0.000220835591334634,-14897.5352720902
2187,2189,24,-7.8294,-0.783,-9.3956,-7.9001,-0.7523,-9.5255,0.084,0.1511,0.4314,0.3922,0.1961,30,"2",8.173e-08,0.00865169520312063,0.000360459858571397,9.51447073229916e-05,9.51447072474662e-05,-14897.5344412493
37,2190,25,0.0094,0.0213,-4.9327,0.0084,-0.1694,-4.9929,0.1887,0.2,0.4314,0.3922,0.1961,23.7791,"2",7.2851220475e-08,0.00865169520312063,0.000955475561015658,0.000252201293557073,0.00937017880141193,-14899.0820585859
2189,2191,25,0.0084,-0.1694,-4.9929,0.002,-0.3617,-5.0474,0.0609,0.2,0.4314,0.3922,0.1961,23.8274,"2",7.292015665e-08,0.00865169520312063,0.000308652249788143,8.1469898165815e-05,0.00911797750748547,-14898.8722212708
2190,2192,25,0.002,-0.3617,-5.0474,0.0061,-0.5494,-5.1165,0.0609,0.2,0.4314,0.3922,0.1961,23.8759,"2",7.2989378275e-08,0.00865169520312063,0.000308940826437816,8.15460690353876e-05,0.0090365076096458,-14898.6642681642
2191,2193,25,0.0061,-0.5494,-5.1165,0.0194,-0.7246,-5.212,0.0609,0.2,0.4314,0.3922,0.1961,23.9245,"2",7.3058742625e-08,0.00865169520312063,0.000309230038733833,8.16224076861539e-05,0.00895496154069206,-14898.4582010286
2192,2194,25,0.0194,-0.7246,-5.212,0.0559,-0.8738,-5.3401,0.0609,0.2,0.4314,0.3922,0.1961,23.9733,"2",7.3128392425e-08,0.00865169520312063,0.000309520490894139,8.1699073603666e-05,0.00887333913305333,-14898.2540216327
2193,2195,25,0.0559,-0.8738,-5.3401,0.1406,-0.9513,-5.5039,0.0609,0.2,0.4314,0.3922,0.1961,24.0223,"2",7.3198327675e-08,0.00865169520312063,0.000309812183019727,8.17760668145813e-05,0.0087916400592736,-14898.0517317525
2194,2196,25,0.1406,-0.9513,-5.5039,0.2383,-1.0145,-5.6665,0.0609,0.2,0.4314,0.3922,0.1961,24.0714,"2",7.326840565e-08,0.00865169520312063,0.000310104511137078,8.18532278978648e-05,0.00870986399252024,-14897.8513331697
2195,2197,25,0.2383,-1.0145,-5.6665,0.336,-1.078,-5.8291,0.0609,0.2,0.4314,0.3922,0.1961,24.1206,"2",7.333862635e-08,0.00865169520312063,0.000310397475374351,8.1930556887345e-05,0.00862801076473707,-14897.6528276701
2196,2198,25,0.336,-1.078,-5.8291,0.4267,-1.1399,-5.9963,0.0609,0.2,0.4314,0.3922,0.1961,24.17,"2",7.34091325e-08,0.00865169520312063,0.00031069167991973,8.20082132607179e-05,0.00854608020766563,-14897.4562170451
2197,2199,25,0.4267,-1.1399,-5.9963,0.5152,-1.2029,-6.1642,0.0609,0.2,0.4314,0.3922,0.1961,24.2196,"2",7.34799241e-08,0.00865169520312063,0.000310987124878559,8.20861970457897e-05,0.00846407199461756,-14897.2615030935
2198,2200,25,0.5152,-1.2029,-6.1642,0.6012,-1.2742,-6.33,0.0609,0.2,0.4314,0.3922,0.1961,24.2693,"2",7.3550858425e-08,0.00865169520312063,0.000311283206314224,8.21643488312666e-05,0.00838198579767767,-14897.06868762
2199,2201,25,0.6012,-1.2742,-6.33,0.6375,-1.346,-6.5131,0.0609,0.2,0.4314,0.3922,0.1961,24.3192,"2",7.36220782e-08,0.00865169520312063,0.000311580528393581,8.22428280892157e-05,0.00829982144895225,-14896.8777724352
2200,2202,25,0.6375,-1.346,-6.5131,0.6319,-1.4627,-6.6755,0.0609,0.2,0.4314,0.3922,0.1961,24.3692,"2",7.36934407e-08,0.00865169520312063,0.000311878487198009,8.23214754130923e-05,0.00821757862074063,-14896.688759355
2201,2203,25,0.6319,-1.4627,-6.6755,0.6446,-1.5816,-6.8358,0.0609,0.2,0.4314,0.3922,0.1961,24.4195,"2",7.3765231375e-08,0.00865169520312063,0.000312178290900072,8.24006097044948e-05,0.00813525714558603,-14896.5016502033
2202,2204,25,0.6446,-1.5816,-6.8358,0.6321,-1.704,-6.9935,0.0609,0.2,0.4314,0.3922,0.1961,24.4698,"2",7.383702205e-08,0.00865169520312063,0.000312478127551952,8.2479752693123e-05,0.00805285653587892,-14896.3164468094
2203,2205,25,0.6321,-1.704,-6.9935,0.6191,-1.8299,-7.1483,0.0609,0.2,0.4314,0.3922,0.1961,24.5204,"2",7.39092409e-08,0.00865169520312063,0.000312779809324698,8.25593827081998e-05,0.00797037678299171,-14896.1331510085
2204,2206,25,0.6191,-1.8299,-7.1483,0.6062,-1.9356,-7.3176,0.0609,0.2,0.4314,0.3922,0.1961,24.5711,"2",7.3981602475e-08,0.00865169520312063,0.000313082128315437,8.26391809193129e-05,0.00788781740063292,-14895.9517646434
2205,2207,25,0.6062,-1.9356,-7.3176,0.6038,-2.0225,-7.4977,0.0609,0.2,0.4314,0.3922,0.1961,24.622,"2",7.40542495e-08,0.00865169520312063,0.000313385688650551,8.27193067878456e-05,0.00780517821941026,-14895.7722895626
2206,2208,25,0.6038,-2.0225,-7.4977,0.5964,-2.1051,-7.6798,0.0609,0.2,0.4314,0.3922,0.1961,24.673,"2",7.412703925e-08,0.00865169520312063,0.000313689886463861,8.27996009210964e-05,0.007722458912946,-14895.5947276201
2207,2209,25,0.5964,-2.1051,-7.6798,0.5629,-2.1938,-7.8559,0.0609,0.2,0.4314,0.3922,0.1961,24.7242,"2",7.420011445e-08,0.00865169520312063,0.000313995325868797,8.28802227770299e-05,0.00763965931187144,-14895.4190806761
2208,2210,25,0.5629,-2.1938,-7.8559,0.5397,-2.2696,-8.0395,0.0609,0.2,0.4314,0.3922,0.1961,24.7756,"2",7.42734751e-08,0.00865169520312063,0.000314302006983305,8.29611723867784e-05,0.00755677908890203,-14895.2453505979
2209,2211,25,0.5397,-2.2696,-8.0395,0.5448,-2.3277,-8.2308,0.0609,0.2,0.4314,0.3922,0.1961,24.8272,"2",7.43471212e-08,0.00865169520312063,0.000314609929926604,8.30424497818103e-05,0.00747381791638179,-14895.0735392607
2210,2212,25,0.5448,-2.3277,-8.2308,0.5713,-2.3994,-8.4156,0.0609,0.2,0.4314,0.3922,0.1961,24.8789,"2",7.4420910025e-08,0.00865169520312063,0.000314918490866045,8.31238955782735e-05,0.00739077546666961,-14894.9036485452
2211,2213,25,0.5713,-2.3994,-8.4156,0.5944,-2.4757,-8.599,0.0609,0.2,0.4314,0.3922,0.1961,24.9308,"2",7.44949843e-08,0.00865169520312063,0.000315228293890444,8.32056692276364e-05,0.00730765157128321,-14894.7356803382
2212,2214,25,0.5944,-2.4757,-8.599,0.6106,-2.5653,-8.7771,0.0609,0.2,0.4314,0.3922,0.1961,24.9829,"2",7.4569344025e-08,0.00865169520312063,0.000315539339122534,8.32877707622949e-05,0.00722444590196274,-14894.5696365336
2213,2215,25,0.6106,-2.5653,-8.7771,0.6067,-2.6731,-8.9455,0.0609,0.2,0.4314,0.3922,0.1961,25.0352,"2",7.46439892e-08,0.00865169520312063,0.000315851626686332,8.33702002149833e-05,0.00714115813101659,-14894.4055190332
2214,2216,25,0.6067,-2.6731,-8.9455,0.6048,-2.7809,-9.1139,0.0609,0.2,0.4314,0.3922,0.1961,25.0876,"2",7.47187771e-08,0.00865169520312063,0.000316164552781477,8.34527982103724e-05,0.00705778793101216,-14894.2433297446
2215,2217,25,0.6048,-2.7809,-9.1139,0.5959,-2.8773,-9.289,0.0609,0.2,0.4314,0.3922,0.1961,25.1402,"2",7.479385045e-08,0.00865169520312063,0.000316478721473478,8.35357241937786e-05,0.00697433513289338,-14894.0830705807
2216,2218,25,0.5959,-2.8773,-9.289,0.5853,-2.9569,-9.4721,0.0609,0.2,0.4314,0.3922,0.1961,25.193,"2",7.486920925e-08,0.00865169520312063,0.000316794132889891,8.36189781988705e-05,0.00689079940837221,-14893.9247434626
2217,2219,25,0.5853,-2.9569,-9.4721,0.538,-3.0192,-9.6562,0.0609,0.2,0.4314,0.3922,0.1961,25.246,"2",7.49448535e-08,0.00865169520312063,0.000317110787159561,8.37025602596575e-05,0.0068071804306734,-14893.7683503184
2218,2220,25,0.538,-3.0192,-9.6562,0.4764,-3.0722,-9.8389,0.0609,0.2,0.4314,0.3922,0.1961,25.2992,"2",7.50207832e-08,0.00865169520312063,0.00031742868441263,8.37864704104905e-05,0.00672347787031275,-14893.6138930842
2219,2221,25,0.4764,-3.0722,-9.8389,0.443,-3.1409,-10.0238,0.0609,0.2,0.4314,0.3922,0.1961,25.3525,"2",7.5096855625e-08,0.00865169520312063,0.00031774722088743,8.38705492862539e-05,0.00663969139969746,-14893.4613737017
2220,2222,25,0.443,-3.1409,-10.0238,0.4307,-3.2041,-10.2131,0.0609,0.2,0.4314,0.3922,0.1961,25.4061,"2",7.5173356225e-08,0.00865169520312063,0.000318067604509089,8.39551157232344e-05,0.0065558208506939,-14893.31079412
2221,2223,25,0.4307,-3.2041,-10.2131,0.4223,-3.2466,-10.4084,0.0609,0.2,0.4314,0.3922,0.1961,25.4598,"2",7.524999955e-08,0.00865169520312063,0.000318388627631549,8.40398509588066e-05,0.00647186573493098,-14893.1621562962
2222,2224,25,0.4223,-3.2466,-10.4084,0.422,-3.2704,-10.607,0.0609,0.2,0.4314,0.3922,0.1961,25.5137,"2",7.5326928325e-08,0.00865169520312063,0.000318710894282928,8.41249144284171e-05,0.00638782588394872,-14893.0154621927
2223,2225,25,0.422,-3.2704,-10.607,0.4349,-3.2885,-10.8057,0.0609,0.2,0.4314,0.3922,0.1961,25.5678,"2",7.540414255e-08,0.00865169520312063,0.000319034404599545,8.42103061680481e-05,0.00630370096965464,-14892.8707137798
2224,2226,25,0.4349,-3.2885,-10.8057,0.448,-3.3065,-11.0045,0.0609,0.2,0.4314,0.3922,0.1961,25.6221,"2",7.5481642225e-08,0.00865169520312063,0.00031935915871903,8.42960262140271e-05,0.00621949066371543,-14892.7279130353
2225,2227,25,0.448,-3.3065,-11.0045,0.521,-3.2826,-11.1892,0.0609,0.2,0.4314,0.3922,0.1961,25.6765,"2",7.5559284625e-08,0.00865169520312063,0.00031968455292364,8.43819152128324e-05,0.00613519463708577,-14892.5870619427
2226,2228,25,0.521,-3.2826,-11.1892,0.5739,-3.279,-11.382,0.0609,0.2,0.4314,0.3922,0.1961,25.7312,"2",7.56373552e-08,0.00865169520312063,0.000320011795072695,8.44682919833804e-05,0.00605081272192774,-14892.4481624931
2227,2229,25,0.5739,-3.279,-11.382,0.6141,-3.2527,-11.5761,0.0609,0.2,0.4314,0.3922,0.1961,25.7861,"2",7.5715711225e-08,0.00865169520312063,0.000320340281445211,8.45549971712936e-05,0.00596634442987277,-14892.3112166871
2228,2230,25,0.6141,-3.2527,-11.5761,0.6551,-3.2261,-11.7701,0.0609,0.2,0.4314,0.3922,0.1961,25.8412,"2",7.57943527e-08,0.00865169520312063,0.00032067001218407,8.46420308142864e-05,0.00588178943304586,-14892.1762265328
2229,2231,25,0.6551,-3.2261,-11.7701,0.7318,-3.1866,-11.9505,0.0609,0.2,0.4314,0.3922,0.1961,25.8964,"2",7.58731369e-08,0.00865169520312063,0.000321000383599463,8.472923356621e-05,0.00579714740220356,-14892.0431940441
2230,2232,25,0.7318,-3.1866,-11.9505,0.8119,-3.179,-12.1336,0.0609,0.2,0.4314,0.3922,0.1961,25.9519,"2",7.5952349275e-08,0.00865169520312063,0.000321332603510325,8.48169242353213e-05,0.00571241816863482,-14891.9121212425
2231,2233,25,0.8119,-3.179,-12.1336,0.8986,-3.1689,-12.3136,0.0609,0.2,0.4314,0.3922,0.1961,26.0075,"2",7.6031704375e-08,0.00865169520312063,0.000321665464400783,8.49047840933577e-05,0.00562760124431592,-14891.7830101571
2232,2234,25,0.8986,-3.1689,-12.3136,0.9718,-3.1821,-12.4992,0.0609,0.2,0.4314,0.3922,0.1961,26.0634,"2",7.611148765e-08,0.00865169520312063,0.000322000174070568,8.49931319435069e-05,0.00554269646035491,-14891.6558628247
2233,2235,25,0.9718,-3.1821,-12.4992,1.0135,-3.1761,-12.6948,0.0609,0.2,0.4314,0.3922,0.1961,26.1195,"2",7.6191556375e-08,0.00865169520312063,0.00032233612884064,8.50818084424627e-05,0.00545770332812209,-14891.5306812912
2234,2236,25,1.0135,-3.1761,-12.6948,1.0641,-3.1568,-12.8873,0.0609,0.2,0.4314,0.3922,0.1961,26.1758,"2",7.627191055e-08,0.00865169520312063,0.000322673328861839,8.51708136300402e-05,0.00537262151950745,-14891.4074676105
2235,2237,25,1.0641,-3.1568,-12.8873,1.1053,-3.1358,-13.0819,0.0609,0.2,0.4314,0.3922,0.1961,26.2322,"2",7.635240745e-08,0.00865169520312063,0.000323011170483898,8.52599881705278e-05,0.00528745070607041,-14891.2862238419
2236,2238,25,1.1053,-3.1358,-13.0819,1.1629,-3.1224,-13.2729,0.0609,0.2,0.4314,0.3922,0.1961,26.2889,"2",7.6433332525e-08,0.00865169520312063,0.000323350861470118,8.53496508574972e-05,0.00520219071810842,-14891.1669520527
2237,2239,25,1.1629,-3.1224,-13.2729,1.1638,-3.1217,-13.4729,0.0609,0.2,0.4314,0.3922,0.1961,26.3458,"2",7.651454305e-08,0.00865169520312063,0.00032369179816785,8.54396423546087e-05,0.00511684106708595,-14891.0496543192
2238,2240,25,1.1638,-3.1217,-13.4729,1.1644,-3.1211,-13.6729,0.0609,0.2,0.4314,0.3922,0.1961,26.4029,"2",7.6596039025e-08,0.00865169520312063,0.000324033980733295,8.55299627030917e-05,0.00503140142466527,-14890.9343327257
2239,2241,25,1.1644,-3.1211,-13.6729,1.1705,-3.1152,-13.8727,0.0609,0.2,0.4314,0.3922,0.1961,26.4602,"2",7.667782045e-08,0.00865169520312063,0.000324377409323998,8.56206119445308e-05,0.00494587146203735,-14890.8209893639
2240,2242,25,1.1705,-3.1152,-13.8727,1.1764,-3.1089,-14.0725,0.0609,0.2,0.4314,0.3922,0.1961,26.5178,"2",7.676003005e-08,0.00865169520312063,0.000324722687877233,8.57117494903941e-05,0.00486025085017044,-14890.7096263348
2241,2243,25,1.1764,-3.1089,-14.0725,1.1707,-3.1031,-14.2724,0.0609,0.2,0.4314,0.3922,0.1961,26.5755,"2",7.6842382375e-08,0.00865169520312063,0.000325068608991998,8.58030566427402e-05,0.00477453910088272,-14890.6002457474
2242,2244,25,1.1707,-3.1031,-14.2724,1.2195,-3.1239,-14.4652,0.0609,0.2,0.4314,0.3922,0.1961,26.6335,"2",7.6925162875e-08,0.00865169520312063,0.000325416380382253,8.58948521821166e-05,0.0046887360441912,-14890.4928497179
2243,2245,25,1.2195,-3.1239,-14.4652,1.2965,-3.1682,-14.6444,0.0609,0.2,0.4314,0.3922,0.1961,26.6917,"2",7.7008228825e-08,0.00865169520312063,0.000325765398432901,8.59869767820955e-05,0.00460284119166273,-14890.3874403722
2244,2246,25,1.2965,-3.1682,-14.6444,1.3748,-3.1992,-14.8258,0.0609,0.2,0.4314,0.3922,0.1961,26.7501,"2",7.7091580225e-08,0.00865169520312063,0.000326115663308588,8.60794304861357e-05,0.00451685421462599,-14890.2840198438
2245,2247,25,1.3748,-3.1992,-14.8258,1.4528,-3.2299,-15.0074,0.0609,0.2,0.4314,0.3922,0.1961,26.8087,"2",7.7175217075e-08,0.00865169520312063,0.000326467175175321,8.61722133380555e-05,0.00443077478393735,-14890.1825902736
2246,2248,25,1.4528,-3.2299,-15.0074,1.5164,-3.2436,-15.1965,0.0609,0.2,0.4314,0.3922,0.1961,26.8676,"2",7.72592821e-08,0.00865169520312063,0.000326820537952684,8.62654847446535e-05,0.00434460257077847,-14890.0831538123
2247,2249,25,1.5164,-3.2436,-15.1965,1.5912,-3.2533,-15.3818,0.0609,0.2,0.4314,0.3922,0.1961,26.9267,"2",7.7343632575e-08,0.00865169520312063,0.000327175148049145,8.63590853857214e-05,0.00425833708613435,-14889.9857126196
2248,2250,25,1.5912,-3.2533,-15.3818,1.6513,-3.2975,-15.5673,0.0609,0.2,0.4314,0.3922,0.1961,26.986,"2",7.74282685e-08,0.00865169520312063,0.000327531005635146,8.64530153062483e-05,0.00417197800064134,-14889.8902688632
2249,2251,25,1.6513,-3.2975,-15.5673,1.7369,-3.3207,-15.7466,0.0609,0.2,0.4314,0.3922,0.1961,27.0455,"2",7.7513189875e-08,0.00865169520312063,0.000327888110882506,8.65472745515862e-05,0.00408552498541561,-14889.7968247183
2250,2252,25,1.7369,-3.3207,-15.7466,1.8061,-3.3095,-15.9339,0.0609,0.2,0.4314,0.3922,0.1961,27.1053,"2",7.7598539425e-08,0.00865169520312063,0.000328247067700831,8.66420225259003e-05,0.00399897771090814,-14889.7053823695
2251,2253,25,1.8061,-3.3095,-15.9339,1.8735,-3.2997,-16.1219,0.0609,0.2,0.4314,0.3922,0.1961,27.1653,"2",7.7684174425e-08,0.00865169520312063,0.000328607272520884,8.67370999148669e-05,0.00391233568868185,-14889.6159440108
2252,2254,25,1.8735,-3.2997,-16.1219,1.922,-3.3004,-16.3159,0.0609,0.2,0.4314,0.3922,0.1961,27.2255,"2",7.7770094875e-08,0.00865169520312063,0.000328968725518953,8.68325067650182e-05,0.00382559858903799,-14889.5285118439
2253,2255,25,1.922,-3.3004,-16.3159,1.9949,-3.2854,-16.5016,0.0609,0.2,0.4314,0.3922,0.1961,27.286,"2",7.78564435e-08,0.00865169520312063,0.000329332030598149,8.69284024788046e-05,0.0037387660821049,-14889.4430880801
2254,2256,25,1.9949,-3.2854,-16.5016,2.0203,-3.3141,-16.6979,0.0609,0.2,0.4314,0.3922,0.1961,27.3467,"2",7.7943077575e-08,0.00865169520312063,0.000329696584205199,8.70246277461169e-05,0.00365183767960649,-14889.3596749399
2255,2257,25,2.0203,-3.3141,-16.6979,2.0457,-3.343,-16.8942,0.0609,0.2,0.4314,0.3922,0.1961,27.4077,"2",7.8030139825e-08,0.00865169520312063,0.000330062990239426,8.71213419684052e-05,0.00356481305179379,-14889.2782746535
2256,2258,25,2.0457,-3.343,-16.8942,2.0478,-3.369,-17.0924,0.0609,0.2,0.4314,0.3922,0.1961,27.4689,"2",7.8117487525e-08,0.00865169520312063,0.000330430645157914,8.72183858382941e-05,0.00347769170985389,-14889.1988894602
2257,2259,25,2.0478,-3.369,-17.0924,2.0537,-3.4199,-17.2858,0.0609,0.2,0.4314,0.3922,0.1961,27.5303,"2",7.8205120675e-08,0.00865169520312063,0.000330799549144581,8.73157594043295e-05,0.00339047332412708,-14889.1215216074
2258,2260,25,2.0537,-3.4199,-17.2858,2.0598,-3.4699,-17.4793,0.0609,0.2,0.4314,0.3922,0.1961,27.592,"2",7.8293182e-08,0.00865169520312063,0.000331170306093548,8.7413622066589e-05,0.00330315756483903,-14889.0461733516
2259,2261,25,2.0598,-3.4699,-17.4793,2.0639,-3.5212,-17.6726,0.0609,0.2,0.4314,0.3922,0.1961,27.6539,"2",7.8381528775e-08,0.00865169520312063,0.000331542312476671,8.75118145215956e-05,0.0032157439425731,-14888.9728469589
2260,2262,25,2.0639,-3.5212,-17.6726,2.0636,-3.565,-17.8677,0.0609,0.2,0.4314,0.3922,0.1961,27.7161,"2",7.8470303725e-08,0.00865169520312063,0.000331916172185149,8.76104961686561e-05,0.00312823212809316,-14888.9015447049
2261,2263,25,2.0636,-3.565,-17.8677,2.0353,-3.6161,-18.059,0.0609,0.2,0.4314,0.3922,0.1961,27.7785,"2",7.8559364125e-08,0.00865169520312063,0.000332291281700395,8.77095077068163e-05,0.0030406216318765,-14888.8322688746
2262,2264,25,2.0353,-3.6161,-18.059,2.0077,-3.6567,-18.2529,0.0609,0.2,0.4314,0.3922,0.1961,27.8412,"2",7.86488527e-08,0.00865169520312063,0.000332668244911037,8.78090085347039e-05,0.002952912124125,-14888.7650217625
2263,2265,25,2.0077,-3.6567,-18.2529,2.0062,-3.6674,-18.4526,0.0609,0.2,0.4314,0.3922,0.1961,27.9042,"2",7.873876945e-08,0.00865169520312063,0.000333047062001984,8.79089987011261e-05,0.00286510311557067,-14888.6998056744
2264,2266,25,2.0062,-3.6674,-18.4526,2.0014,-3.6869,-18.6516,0.0609,0.2,0.4314,0.3922,0.1961,27.9674,"2",7.882897165e-08,0.00865169520312063,0.000333427129468552,8.80093189087989e-05,0.00277719411685448,-14888.6366229256
2265,2267,25,2.0014,-3.6869,-18.6516,1.9887,-3.688,-18.8512,0.0609,0.2,0.4314,0.3922,0.1961,28.0309,"2",7.8919602025e-08,0.00865169520312063,0.000333809051196335,8.81101285555491e-05,0.00268918479787957,-14888.5754758407
2266,2268,25,1.9887,-3.688,-18.8512,1.9759,-3.695,-19.0506,0.0609,0.2,0.4314,0.3922,0.1961,28.0946,"2",7.901051785e-08,0.00865169520312063,0.000334192223689406,8.82112683464039e-05,0.00260107466959478,-14888.5163667541
2267,2269,25,1.9759,-3.695,-19.0506,1.96,-3.725,-19.2477,0.0609,0.2,0.4314,0.3922,0.1961,28.1586,"2",7.910186185e-08,0.00865169520312063,0.000334577250831664,8.83128976787428e-05,0.00251286340142333,-14888.4592980094
2268,2270,25,1.96,-3.725,-19.2477,1.9617,-3.7273,-19.4477,0.0609,0.2,0.4314,0.3922,0.1961,28.2228,"2",7.91934913e-08,0.00865169520312063,0.000334963529135616,8.8414857259819e-05,0.00242455050390584,-14888.4042719598
2269,2271,25,1.9617,-3.7273,-19.4477,1.9877,-3.7388,-19.6457,0.0609,0.2,0.4314,0.3922,0.1961,28.2874,"2",7.928569165e-08,0.00865169520312063,0.000335352266163401,8.8517465830107e-05,0.00233613564640884,-14888.3512909698
2270,2272,25,1.9877,-3.7388,-19.6457,2.0161,-3.736,-19.8436,0.0609,0.2,0.4314,0.3922,0.1961,28.3522,"2",7.937817745e-08,0.00865169520312063,0.000335742254751838,8.86204047544387e-05,0.00224761818082653,-14888.3003574151
2271,2273,25,2.0161,-3.736,-19.8436,2.0488,-3.7402,-20.0409,0.0609,0.2,0.4314,0.3922,0.1961,28.4173,"2",7.9471091425e-08,0.00865169520312063,0.000336134098782832,8.87238334296676e-05,0.00215899777599227,-14888.2514736811
2272,2274,25,2.0488,-3.7402,-20.0409,2.0694,-3.7344,-20.2398,0.0609,0.2,0.4314,0.3922,0.1961,28.4826,"2",7.956429085e-08,0.00865169520312063,0.000336527194785128,8.88275925673328e-05,0.00207027394275591,-14888.2046421626
2273,2275,25,2.0694,-3.7344,-20.2398,2.0923,-3.7145,-20.4374,0.0609,0.2,0.4314,0.3922,0.1961,28.5482,"2",7.965791845e-08,0.00865169520312063,0.000336922146639999,8.89318415641205e-05,0.00198144635030634,-14888.1598652637
2274,2276,25,2.0923,-3.7145,-20.4374,2.1151,-3.6979,-20.6354,0.0609,0.2,0.4314,0.3922,0.1961,28.6142,"2",7.975211695e-08,0.00865169520312063,0.000337319558223015,8.90367398152121e-05,0.00189251450909967,-14888.1171454019
2275,2277,25,2.1151,-3.6979,-20.6354,2.1339,-3.633,-20.8237,0.0609,0.2,0.4314,0.3922,0.1961,28.6804,"2",7.98466009e-08,0.00865169520312063,0.00033771822240112,8.91419686933909e-05,0.00180347776909062,-14888.0764850059
2276,2278,25,2.1339,-3.633,-20.8237,2.1317,-3.5578,-21.009,0.0609,0.2,0.4314,0.3922,0.1961,28.7468,"2",7.99413703e-08,0.00865169520312063,0.000338118139389496,8.9247528255455e-05,0.00171433579996008,-14888.0378865121
2277,2279,25,2.1317,-3.5578,-21.009,2.0932,-3.4888,-21.1927,0.0609,0.2,0.4314,0.3922,0.1961,28.8136,"2",8.00367106e-08,0.00865169520312063,0.000338520516734317,8.93537372376649e-05,0.00162508827183549,-14888.0013523683
2278,2280,25,2.0932,-3.4888,-21.1927,2.0388,-3.4583,-21.3828,0.0609,0.2,0.4314,0.3922,0.1961,28.8807,"2",8.0132479075e-08,0.00865169520312063,0.000338924750981767,8.94604363561632e-05,0.00153573453459021,-14887.9668850353
2279,2281,25,2.0388,-3.4583,-21.3828,2.0314,-3.4582,-21.5826,0.0609,0.2,0.4314,0.3922,0.1961,28.948,"2",8.0228533e-08,0.00865169520312063,0.000339330238686151,8.9567466329236e-05,0.00144627409830811,-14887.9344869834
2280,2282,25,2.0314,-3.4582,-21.5826,2.0294,-3.4596,-21.7826,0.0609,0.2,0.4314,0.3922,0.1961,29.0157,"2",8.0325157825e-08,0.00865169520312063,0.000339738187390796,8.96751458923919e-05,0.00135670663199478,-14887.9041606945
2281,2283,25,2.0294,-3.4596,-21.7826,2.0364,-3.4407,-21.9816,0.0609,0.2,0.4314,0.3922,0.1961,29.0836,"2",8.04220681e-08,0.00865169520312063,0.000340147389993384,8.97831564265283e-05,0.0012670314861779,-14887.8759086614
2282,2284,25,2.0364,-3.4407,-21.9816,2.0437,-3.422,-22.1806,0.0609,0.2,0.4314,0.3922,0.1961,29.1519,"2",8.0519549275e-08,0.00865169520312063,0.000340559054036221,8.98918166668845e-05,0.00117724832978327,-14887.8497333887
2283,2285,25,2.0437,-3.422,-22.1806,2.045,-3.3827,-22.3767,0.0609,0.2,0.4314,0.3922,0.1961,29.2204,"2",8.06173159e-08,0.00865169520312063,0.000340971972426019,9.00008079967411e-05,0.00108735651312855,-14887.825637392
2284,2286,25,2.045,-3.3827,-22.3767,2.0365,-3.3752,-22.5764,0.0609,0.2,0.4314,0.3922,0.1961,29.2893,"2",8.0715653425e-08,0.00865169520312063,0.000341387352704769,9.01104491512542e-05,0.000997355705120404,-14887.8036231983
2285,2287,25,2.0365,-3.3752,-22.5764,2.0353,-3.3638,-22.776,0.0609,0.2,0.4314,0.3922,0.1961,29.3585,"2",8.0814419125e-08,0.00865169520312063,0.000341804591442955,9.02205808529807e-05,0.000907245255911829,-14887.7836933479
2286,2288,25,2.0353,-3.3638,-22.776,2.0385,-3.3449,-22.9751,0.0609,0.2,0.4314,0.3922,0.1961,29.428,"2",8.0913613e-08,0.00865169520312063,0.000342223688871442,9.03312031628579e-05,0.000817024674547395,-14887.7658503924
2287,2289,25,2.0385,-3.3449,-22.9751,2.0417,-3.326,-23.1742,0.0609,0.2,0.4314,0.3922,0.1961,29.4978,"2",8.101323505e-08,0.00865169520312063,0.000342644645223207,9.04423161423812e-05,0.000726693471410003,-14887.7500968946
2288,2290,25,2.0417,-3.326,-23.1742,2.0426,-3.3318,-23.3741,0.0609,0.2,0.4314,0.3922,0.1961,29.5679,"2",8.1113285275e-08,0.00865169520312063,0.000343067460733343,9.05539198536045e-05,0.000636251155416837,-14887.7364354289
2289,2291,25,2.0426,-3.3318,-23.3741,2.0415,-3.3362,-23.574,0.0609,0.2,0.4314,0.3922,0.1961,29.6383,"2",8.1213763675e-08,0.00865169520312063,0.000343492135639068,9.06660143591417e-05,0.000545697235724983,-14887.7248685807
2290,2292,25,2.0415,-3.3362,-23.574,2.0241,-3.3134,-23.772,0.0609,0.2,0.4314,0.3922,0.1961,29.7091,"2",8.1314812975e-08,0.00865169520312063,0.000343919273832092,9.07787590584345e-05,0.00045503122109201,-14887.715398949
2291,2293,25,2.0241,-3.3134,-23.772,2.0005,-3.2713,-23.9661,0.0609,0.2,0.4314,0.3922,0.1961,29.7802,"2",8.141629045e-08,0.00865169520312063,0.000344348271900911,9.08919946787937e-05,0.000364252462143054,-14887.7080291457
2292,2294,25,2.0005,-3.2713,-23.9661,1.9735,-3.226,-24.159,0.0609,0.2,0.4314,0.3922,0.1961,29.8516,"2",8.15181961e-08,0.00865169520312063,0.000344779130089484,9.10057212846131e-05,0.000273360467339117,-14887.702761794
2293,2295,25,1.9735,-3.226,-24.159,1.9274,-3.173,-24.3463,0.0609,0.2,0.4314,0.3922,0.1961,29.9233,"2",8.1620529925e-08,0.00865169520312063,0.000345211848643911,9.11199389408519e-05,0.000182354746114382,-14887.6995995288
2294,2296,25,1.9274,-3.173,-24.3463,1.8813,-3.1207,-24.5337,0.0609,0.2,0.4314,0.3922,0.1961,29.9954,"2",8.172343465e-08,0.00865169520312063,0.00034564703146394,9.12348070490727e-05,9.12348070508811e-05,-14887.6985449978
2296,2297,25,1.8813,-3.1207,-24.5337,1.878,-3.1177,-24.5456,0.0609,0.0127,0.4314,0.3922,0.1961,30,"2",8.173e-08,0.00865169520312063,3.66147754689361e-14,9.66460484531027e-15,4.83230257956201e-15,-300.00002433334
38,2298,26,0.0133,0.0152,-5.0428,0.0356,0.1901,-5.1373,0.1887,0.2,0.4314,0.3922,0.1961,24.0133,"2",7.3185482425e-08,0.00865169520312063,0.000959760786918128,0.000253332394717461,0.00424157207504671,-14897.6391510174
2297,2299,26,0.0356,0.1901,-5.1373,0.0596,0.3611,-5.2382,0.0597,0.2,0.4314,0.3922,0.1961,24.1312,"2",7.33537552e-08,0.00865169520312063,0.000304340732653449,8.03318573378451e-05,0.00398823968036356,-14897.5478839624
2298,2300,26,0.0596,0.3611,-5.2382,0.0343,0.5413,-5.3211,0.0597,0.2,0.4314,0.3922,0.1961,24.2494,"2",7.352245615e-08,0.00865169520312063,0.000305038775943764,8.05161084353709e-05,0.00390790782309488,-14897.4584760571
2299,2301,26,0.0343,0.5413,-5.3211,0.0243,0.7139,-5.4217,0.0597,0.2,0.4314,0.3922,0.1961,24.3679,"2",7.3691585275e-08,0.00865169520312063,0.00030573862600772,8.07008364374542e-05,0.00382739171474249,-14897.3709315663
2300,2302,26,0.0243,0.7139,-5.4217,0.0462,0.8876,-5.5185,0.0597,0.2,0.4314,0.3922,0.1961,24.4869,"2",7.3861428025e-08,0.00865169520312063,0.000306441467466064,8.08863540291038e-05,0.00374669087823583,-14897.2852547694
2301,2303,26,0.0462,0.8876,-5.5185,0.0514,1.0602,-5.6193,0.0597,0.2,0.4314,0.3922,0.1961,24.6062,"2",7.403169895e-08,0.00865169520312063,0.000307146116338388,8.10723486943308e-05,0.00366580452400161,-14897.2014499606
2302,2304,26,0.0514,1.0602,-5.6193,0.0201,1.2215,-5.7333,0.0597,0.2,0.4314,0.3922,0.1961,24.7259,"2",7.4202540775e-08,0.00865169520312063,0.000307853165096597,8.12589768182765e-05,0.00358473217543794,-14897.1195214468
2303,2305,26,0.0201,1.2215,-5.7333,-0.0075,1.3775,-5.8554,0.0597,0.2,0.4314,0.3922,0.1961,24.846,"2",7.43739535e-08,0.00865169520312063,0.000308562614064558,8.14462384864266e-05,0.00350347319866359,-14897.0394735496
2304,2306,26,-0.0075,1.3775,-5.8554,0.0284,1.541,-5.9649,0.0597,0.2,0.4314,0.3922,0.1961,24.9665,"2",7.4545937125e-08,0.00865169520312063,0.000309274463569115,8.1634133785053e-05,0.00342202695991332,-14896.9613106052
2305,2307,26,0.0284,1.541,-5.9649,0.0657,1.695,-6.0869,0.0597,0.2,0.4314,0.3922,0.1961,25.0874,"2",7.471849165e-08,0.00865169520312063,0.000309988713940102,8.18226628012163e-05,0.00334039282644015,-14896.8850369644
2306,2308,26,0.0657,1.695,-6.0869,0.1118,1.8284,-6.2286,0.0597,0.2,0.4314,0.3922,0.1961,25.2086,"2",7.489147435e-08,0.00865169520312063,0.000310704773382341,8.20116693284e-05,0.00325857016371646,-14896.8106569911
2307,2309,26,0.1118,1.8284,-6.2286,0.1569,1.963,-6.3695,0.0597,0.2,0.4314,0.3922,0.1961,25.3303,"2",7.5065170675e-08,0.00865169520312063,0.0003114238264906,8.2201466044756e-05,0.0031765584939982,-14896.7381750635
2308,2310,26,0.1569,1.963,-6.3695,0.1818,2.1198,-6.4911,0.0597,0.2,0.4314,0.3922,0.1961,25.4523,"2",7.5239295175e-08,0.00865169520312063,0.000312144689350546,8.23917404517357e-05,0.00309435702832707,-14896.6675955746
2309,2311,26,0.1818,2.1198,-6.4911,0.206,2.2777,-6.6114,0.0597,0.2,0.4314,0.3922,0.1961,25.5748,"2",7.54141333e-08,0.00865169520312063,0.000312868546551085,8.25828052259434e-05,0.0030119652877348,-14896.5989229323
2310,2312,26,0.206,2.2777,-6.6114,0.2441,2.4416,-6.7195,0.0597,0.2,0.4314,0.3922,0.1961,25.6976,"2",7.55893996e-08,0.00865169520312063,0.000313594214195563,8.27743478734971e-05,0.00292938248263939,-14896.5321615587
2311,2313,26,0.2441,2.4416,-6.7195,0.2771,2.5878,-6.852,0.0597,0.2,0.4314,0.3922,0.1961,25.8209,"2",7.5765379525e-08,0.00865169520312063,0.000314322876867682,8.2966681069628e-05,0.00284660813491436,-14896.4673158909
2312,2314,26,0.2771,2.5878,-6.852,0.3189,2.719,-6.997,0.0597,0.2,0.4314,0.3922,0.1961,25.9445,"2",7.5941787625e-08,0.00865169520312063,0.000315053350687894,8.3159492324969e-05,0.00276364145393444,-14896.4043903806
2313,2315,26,0.3189,2.719,-6.997,0.3582,2.8393,-7.1518,0.0597,0.2,0.4314,0.3922,0.1961,26.0686,"2",7.611890935e-08,0.00865169520312063,0.000315786820235362,8.33530943135533e-05,0.00268048196156277,-14896.3433894941
2314,2316,26,0.3582,2.8393,-7.1518,0.3868,2.9467,-7.3181,0.0597,0.2,0.4314,0.3922,0.1961,26.1931,"2",7.6296601975e-08,0.00865169520312063,0.000316522693753415,8.35473308390276e-05,0.00259712886711546,-14896.2843177143
2315,2317,26,0.3868,2.9467,-7.3181,0.4183,3.0519,-7.4852,0.0597,0.2,0.4314,0.3922,0.1961,26.318,"2",7.64748655e-08,0.00865169520312063,0.000317260971602367,8.37422019964983e-05,0.00251358153611231,-14896.2271795384
2316,2318,26,0.4183,3.0519,-7.4852,0.4545,3.1586,-7.6505,0.0597,0.2,0.4314,0.3922,0.1961,26.4433,"2",7.6653699925e-08,0.00865169520312063,0.00031800165414564,8.39377078818924e-05,0.00242983933433587,-14896.1719794789
2317,2319,26,0.4545,3.1586,-7.6505,0.4828,3.2621,-7.8193,0.0597,0.2,0.4314,0.3922,0.1961,26.569,"2",7.683310525e-08,0.00865169520312063,0.000318744741749778,8.413384859196e-05,0.0023459016263945,-14896.1187220623
2318,2320,26,0.4828,3.2621,-7.8193,0.4823,3.3609,-7.9932,0.0597,0.2,0.4314,0.3922,0.1961,26.6952,"2",7.70132242e-08,0.00865169520312063,0.000319490826881848,8.43307805105656e-05,0.00226176777794468,-14896.0674118321
2319,2321,26,0.4823,3.3609,-7.9932,0.4822,3.4652,-8.1638,0.0597,0.2,0.4314,0.3922,0.1961,26.8217,"2",7.7193771325e-08,0.00865169520312063,0.000320238725717915,8.45281911630217e-05,0.00217743699728519,-14896.0180533462
2320,2322,26,0.4822,3.4652,-8.1638,0.4787,3.561,-8.3393,0.0597,0.2,0.4314,0.3922,0.1961,26.9488,"2",7.73751748e-08,0.00865169520312063,0.00032099021492024,8.47265495058757e-05,0.00209290880600198,-14895.9706511791
2321,2323,26,0.4787,3.561,-8.3393,0.4771,3.6531,-8.5168,0.0597,0.2,0.4314,0.3922,0.1961,27.0762,"2",7.755700645e-08,0.00865169520312063,0.0003217435185823,8.49253867820598e-05,0.00200818225660026,-14895.9252099218
2322,2324,26,0.4771,3.6531,-8.5168,0.4633,3.7416,-8.6957,0.0597,0.2,0.4314,0.3922,0.1961,27.2041,"2",7.7739551725e-08,0.00865169520312063,0.000322499821271777,8.51250156625768e-05,0.0019232568698003,-14895.8817341798
2323,2325,26,0.4633,3.7416,-8.6957,0.4752,3.8517,-8.8623,0.0597,0.2,0.4314,0.3922,0.1961,27.3324,"2",7.79226679e-08,0.00865169520312063,0.000323258531281419,8.53252799641179e-05,0.00183813185400706,-14895.8402285754
2324,2326,26,0.4752,3.8517,-8.8623,0.4638,3.9504,-9.0358,0.0597,0.2,0.4314,0.3922,0.1961,27.4611,"2",7.8106354975e-08,0.00865169520312063,0.000324019649000563,8.55261797894501e-05,0.00175280657414484,-14895.8006977453
2325,2327,26,0.4638,3.9504,-9.0358,0.4316,4.0619,-9.1987,0.0597,0.2,0.4314,0.3922,0.1961,27.5903,"2",7.8290755675e-08,0.00865169520312063,0.000324783766906531,8.57278715251448e-05,0.00166728039439769,-14895.7631463429
2326,2328,26,0.4316,4.0619,-9.1987,0.4429,4.1675,-9.3682,0.0597,0.2,0.4314,0.3922,0.1961,27.7199,"2",7.8475727275e-08,0.00865169520312063,0.000325550293307438,8.593019899195e-05,0.00158155252270356,-14895.727579038
2327,2329,26,0.4429,4.1675,-9.3682,0.4613,4.2632,-9.5428,0.0597,0.2,0.4314,0.3922,0.1961,27.85,"2",7.86614125e-08,0.00865169520312063,0.000326319820684504,8.61333185774655e-05,0.00149562232384264,-14895.6940005169
2328,2330,26,0.4613,4.2632,-9.5428,0.4816,4.348,-9.7228,0.0597,0.2,0.4314,0.3922,0.1961,27.9806,"2",7.884781135e-08,0.00865169520312063,0.000327092349436426,8.63372303869288e-05,0.00140948900527038,-14895.6624154844
2329,2331,26,0.4816,4.348,-9.7228,0.5226,4.44,-9.8956,0.0597,0.2,0.4314,0.3922,0.1961,28.1116,"2",7.90347811e-08,0.00865169520312063,0.000327867287886403,8.65417782450694e-05,0.00132315177478053,-14895.6328286614
2330,2332,26,0.5226,4.44,-9.8956,0.5528,4.5452,-10.063,0.0597,0.2,0.4314,0.3922,0.1961,28.243,"2",7.922232175e-08,0.00865169520312063,0.000328644636444201,8.6746962260046e-05,0.00123660999660222,-14895.6052447839
2331,2333,26,0.5528,4.5452,-10.063,0.5581,4.6089,-10.2525,0.0597,0.2,0.4314,0.3922,0.1961,28.3749,"2",7.9410576025e-08,0.00865169520312063,0.000329424987599954,8.69529388218122e-05,0.00114986303449193,-14895.5796686043
2332,2334,26,0.5581,4.6089,-10.2525,0.559,4.6344,-10.4509,0.0597,0.2,0.4314,0.3922,0.1961,28.5073,"2",7.9599543925e-08,0.00865169520312063,0.000330208341767102,8.7159708039497e-05,0.00106291009568996,-14895.5561048933
2333,2335,26,0.559,4.6344,-10.4509,0.5539,4.6135,-10.6497,0.0597,0.2,0.4314,0.3922,0.1961,28.6402,"2",7.978922545e-08,0.00865169520312063,0.000330994699362968,8.7367270023254e-05,0.000975750387802434,-14895.5345584397
2334,2336,26,0.5539,4.6135,-10.6497,0.5579,4.5955,-10.8489,0.0597,0.2,0.4314,0.3922,0.1961,28.7735,"2",7.9979477875e-08,0.00865169520312063,0.00033178346873443,8.75754686040629e-05,0.000888383117851628,-14895.5150340493
2335,2337,26,0.5579,4.5955,-10.8489,0.548,4.6041,-11.0484,0.0597,0.2,0.4314,0.3922,0.1961,28.9073,"2",8.0170443925e-08,0.00865169520312063,0.000332575242382382,8.77844601747165e-05,0.000800807649364382,-14895.4975365441
2336,2338,26,0.548,4.6041,-11.0484,0.4987,4.5539,-11.2356,0.0597,0.2,0.4314,0.3922,0.1961,29.0415,"2",8.0361980875e-08,0.00865169520312063,0.00033336942866263,8.7994088568551e-05,0.000713023189267733,-14895.4820707626
2337,2339,26,0.4987,4.5539,-11.2356,0.4098,4.502,-11.4071,0.0597,0.2,0.4314,0.3922,0.1961,29.1763,"2",8.0554374175e-08,0.00865169520312063,0.00033416721215419,8.82046664595606e-05,0.000625029100843196,-14895.4686415618
2338,2340,26,0.4098,4.502,-11.4071,0.322,4.4481,-11.5786,0.0597,0.2,0.4314,0.3922,0.1961,29.3115,"2",8.0747338375e-08,0.00865169520312063,0.000334967409148263,8.8415881403448e-05,0.000536824434172781,-14895.457253817
2339,2341,26,0.322,4.4481,-11.5786,0.2355,4.3916,-11.7498,0.0597,0.2,0.4314,0.3922,0.1961,29.4473,"2",8.0941158925e-08,0.00865169520312063,0.000335771204229445,8.86280460756803e-05,0.000448408553069103,-14895.4479124217
2340,2342,26,0.2355,4.3916,-11.7498,0.1489,4.3335,-11.9204,0.0597,0.2,0.4314,0.3922,0.1961,29.5835,"2",8.1135550375e-08,0.00865169520312063,0.000336577413698902,8.88408480345905e-05,0.000359780506839045,-14895.4406222878
2341,2343,26,0.1489,4.3335,-11.9204,0.0605,4.2881,-12.094,0.0597,0.2,0.4314,0.3922,0.1961,29.7202,"2",8.133065545e-08,0.00865169520312063,0.000337386630076712,8.90544436780357e-05,0.000270939658733962,-14895.435388344
2342,2344,26,0.0605,4.2881,-12.094,-0.0318,4.2578,-12.2688,0.0597,0.2,0.4314,0.3922,0.1961,29.8574,"2",8.152647415e-08,0.00865169520312063,0.000338198853815133,8.92688331253909e-05,0.000181885215082794,-14895.432215537
2343,2345,26,-0.0318,4.2578,-12.2688,-0.1237,4.2267,-12.4437,0.0597,0.2,0.4314,0.3922,0.1961,29.9952,"2",8.17231492e-08,0.00865169520312063,0.000339014677441015,8.94841727763005e-05,9.26163820678231e-05,-14895.4311088337
2344,2346,26,-0.1237,4.2267,-12.4437,-0.127,4.2256,-12.4498,0.0597,0.007,0.4314,0.3922,0.1961,30,"2",8.173e-08,0.00865169520312063,1.18665080785328e-05,3.13220851429228e-06,3.13220478639063e-06,-14895.4311075666
38,2347,27,0.0133,0.0152,-5.0428,-0.1348,-0.1013,-5.1099,0.1887,0.2,0.4314,0.3922,0.1961,24.0361,"2",7.3218023725e-08,0.00865169520312063,0.000960187677787801,0.000253445074134845,0.00405558629318567,-14897.6434517264
2346,2348,27,-0.1348,-0.1013,-5.1099,-0.3082,-0.1787,-5.1726,0.0673,0.2,0.4314,0.3922,0.1961,24.1768,"2",7.34188378e-08,0.00865169520312063,0.000343388828306343,9.06387460081653e-05,0.00380214121891736,-14897.5566058144
2347,2349,27,-0.3082,-0.1787,-5.1726,-0.4749,-0.2476,-5.2589,0.0673,0.2,0.4314,0.3922,0.1961,24.318,"2",7.36203655e-08,0.00865169520312063,0.000344329374048614,9.0887006521075e-05,0.00371150247326559,-14897.4718580548
2348,2350,27,-0.4749,-0.2476,-5.2589,-0.6367,-0.3202,-5.3514,0.0673,0.2,0.4314,0.3922,0.1961,24.4596,"2",7.38224641e-08,0.00865169520312063,0.000345272628543775,9.11359820192867e-05,0.00362061546669589,-14897.3892141949
2349,2351,27,-0.6367,-0.3202,-5.3514,-0.807,-0.3409,-5.4542,0.0673,0.2,0.4314,0.3922,0.1961,24.6016,"2",7.40251336e-08,0.00865169520312063,0.000346218592290548,9.13856726344404e-05,0.00352947948459018,-14897.3086799984
2350,2352,27,-0.807,-0.3409,-5.4542,-0.9771,-0.3607,-5.5574,0.0673,0.2,0.4314,0.3922,0.1961,24.7441,"2",7.4228516725e-08,0.00865169520312063,0.000347167933318929,9.16362546955137e-05,0.00343809381197819,-14897.2302612477
2351,2353,27,-0.9771,-0.3607,-5.5574,-1.1211,-0.3613,-5.6962,0.0673,0.2,0.4314,0.3922,0.1961,24.887,"2",7.443247075e-08,0.00865169520312063,0.000348119984602004,9.18875521382959e-05,0.00334645755758729,-14897.1539637439
2352,2354,27,-1.1211,-0.3613,-5.6962,-1.2648,-0.3584,-5.8353,0.0673,0.2,0.4314,0.3922,0.1961,25.0304,"2",7.46371384e-08,0.00865169520312063,0.000349075414171623,9.21397412922545e-05,0.00325457000535703,-14897.0797933063
2353,2355,27,-1.2648,-0.3584,-5.8353,-1.3928,-0.3377,-5.9876,0.0673,0.2,0.4314,0.3922,0.1961,25.1743,"2",7.4842519675e-08,0.00865169520312063,0.00035003422253386,9.23928222909695e-05,0.00316243026382228,-14897.0077557751
2354,2356,27,-1.3928,-0.3377,-5.9876,-1.5069,-0.2942,-6.146,0.0673,0.2,0.4314,0.3922,0.1961,25.3186,"2",7.504847185e-08,0.00865169520312063,0.000350995742686233,9.26466190766787e-05,0.0030700374414432,-14896.9378570091
2355,2357,27,-1.5069,-0.2942,-6.146,-1.6418,-0.2419,-6.2841,0.0673,0.2,0.4314,0.3922,0.1961,25.4634,"2",7.525513765e-08,0.00865169520312063,0.000351960642664436,9.29013079798647e-05,0.00297739082219572,-14896.8701028854
2356,2358,27,-1.6418,-0.2419,-6.2841,-1.7713,-0.1893,-6.4271,0.0673,0.2,0.4314,0.3922,0.1961,25.6087,"2",7.5462517075e-08,0.00865169520312063,0.00035292892298906,9.31568891379389e-05,0.00288448951408999,-14896.8044993021
2357,2359,27,-1.7713,-0.1893,-6.4271,-1.9041,-0.1529,-6.5722,0.0673,0.2,0.4314,0.3922,0.1961,25.7544,"2",7.56704674e-08,0.00865169520312063,0.000353899916681343,9.34131864994008e-05,0.00279133262505453,-14896.7410521757
2358,2360,27,-1.9041,-0.1529,-6.5722,-2.0322,-0.1126,-6.7204,0.0673,0.2,0.4314,0.3922,0.1961,25.9006,"2",7.587913135e-08,0.00865169520312063,0.000354874291781876,9.36703763960247e-05,0.00269791943862203,-14896.6797674412
2359,2361,27,-2.0322,-0.1126,-6.7204,-2.1548,-0.074,-6.8736,0.0673,0.2,0.4314,0.3922,0.1961,26.0473,"2",7.6088508925e-08,0.00865169520312063,0.000355852048825939,9.39284589690995e-05,0.00260424906257133,-14896.6206510543
2360,2362,27,-2.1548,-0.074,-6.8736,-2.2506,-0.0362,-7.0451,0.0673,0.2,0.4314,0.3922,0.1961,26.1945,"2",7.6298600125e-08,0.00865169520312063,0.000356833188353877,9.41874343612518e-05,0.00251032060345745,-14896.5637089916
2361,2363,27,-2.2506,-0.0362,-7.0451,-2.3448,-0.0032,-7.2184,0.0673,0.2,0.4314,0.3922,0.1961,26.3421,"2",7.6509262225e-08,0.00865169520312063,0.000357817043417579,9.4447126529071e-05,0.00241613316913452,-14896.5089472479
2362,2364,27,-2.3448,-0.0032,-7.2184,-2.4193,0.0189,-7.4026,0.0673,0.2,0.4314,0.3922,0.1961,26.4903,"2",7.6720780675e-08,0.00865169520312063,0.000358804949557038,9.47078879932572e-05,0.00232168604254622,-14896.4563718389
2363,2365,27,-2.4193,0.0189,-7.4026,-2.498,0.035,-7.5858,0.0673,0.2,0.4314,0.3922,0.1961,26.6389,"2",7.6932870025e-08,0.00865169520312063,0.000359795572343088,9.4969366526317e-05,0.00222697815467608,-14896.4059888008
2364,2366,27,-2.498,0.035,-7.5858,-2.5794,0.0461,-7.7681,0.0673,0.2,0.4314,0.3922,0.1961,26.7881,"2",7.7145815725e-08,0.00865169520312063,0.000360790247316182,9.52319146490722e-05,0.00213200878850833,-14896.3578041906
2365,2367,27,-2.5794,0.0461,-7.7681,-2.6594,0.0552,-7.9512,0.0673,0.2,0.4314,0.3922,0.1961,26.9377,"2",7.7359332325e-08,0.00865169520312063,0.000361787640066891,9.5495180139239e-05,0.00203677687366533,-14896.3118240858
2366,2368,27,-2.6594,0.0552,-7.9512,-2.7422,0.0707,-8.1326,0.0673,0.2,0.4314,0.3922,0.1961,27.0878,"2",7.757356255e-08,0.00865169520312063,0.000362788418654736,9.57593393335889e-05,0.00194128169345812,-14896.2680545828
2367,2369,27,-2.7422,0.0707,-8.1326,-2.8185,0.0856,-8.3169,0.0673,0.2,0.4314,0.3922,0.1961,27.2384,"2",7.77885064e-08,0.00865169520312063,0.000363792583655715,9.6024392384158e-05,0.0018455223539344,-14896.2265017982
2368,2370,27,-2.8185,0.0856,-8.3169,-2.8701,0.068,-8.5093,0.0673,0.2,0.4314,0.3922,0.1961,27.3896,"2",7.80043066e-08,0.00865169520312063,0.000364800803129532,9.62905156277667e-05,0.00174949796169513,-14896.1871718717
2369,2371,27,-2.8701,0.068,-8.5093,-2.89,0.0378,-8.706,0.0673,0.2,0.4314,0.3922,0.1961,27.5412,"2",7.82206777e-08,0.00865169520312063,0.000365811742704067,9.65573568519783e-05,0.00165320744591156,-14896.1500709635
2370,2372,27,-2.89,0.0378,-8.706,-2.9255,-0.0098,-8.897,0.0673,0.2,0.4314,0.3922,0.1961,27.6934,"2",7.843790515e-08,0.00865169520312063,0.000366826737926493,9.68252685793885e-05,0.0015566500894562,-14896.1152052545
2371,2373,27,-2.9255,-0.0098,-8.897,-2.9602,-0.0571,-9.0882,0.0673,0.2,0.4314,0.3922,0.1961,27.8461,"2",7.8655846225e-08,0.00865169520312063,0.000367845121915793,9.7094074784297e-05,0.00145982482077484,-14896.0825809484
2372,2374,27,-2.9602,-0.0571,-9.0882,-3.0219,-0.0775,-9.2774,0.0673,0.2,0.4314,0.3922,0.1961,27.9993,"2",7.8874500925e-08,0.00865169520312063,0.000368866895274754,9.7363775625811e-05,0.00136273074575012,-14896.0522042693
2373,2375,27,-3.0219,-0.0775,-9.2774,-3.0728,-0.1006,-9.4694,0.0673,0.2,0.4314,0.3922,0.1961,28.153,"2",7.909386925e-08,0.00865169520312063,0.000369892058611501,9.76343712644478e-05,0.0012653669701206,-14896.0240814624
2374,2376,27,-3.0728,-0.1006,-9.4694,-3.1265,-0.1231,-9.6607,0.0673,0.2,0.4314,0.3922,0.1961,28.3073,"2",7.9314093925e-08,0.00865169520312063,0.000370921280009055,9.79060380431813e-05,0.00116773259860241,-14895.9982187953
2375,2377,27,-3.1265,-0.1231,-9.6607,-3.1744,-0.1408,-9.8541,0.0673,0.2,0.4314,0.3922,0.1961,28.4621,"2",7.9535032225e-08,0.00865169520312063,0.000371953892614601,9.81785999437551e-05,0.00106982656087716,-14895.9746225584
2376,2378,27,-3.1744,-0.1408,-9.8541,-3.2307,-0.1599,-10.0451,0.0673,0.2,0.4314,0.3922,0.1961,28.6174,"2",7.975668415e-08,0.00865169520312063,0.000372989897052839,9.84520571310606e-05,0.000971647960692293,-14895.9532990629
2377,2379,27,-3.2307,-0.1599,-10.0451,-3.2908,-0.1805,-10.2347,0.0673,0.2,0.4314,0.3922,0.1961,28.7733,"2",7.9979192425e-08,0.00865169520312063,0.000374029961420347,9.87265859516505e-05,0.000873195903774274,-14895.9342546425
2378,2380,27,-3.2908,-0.1805,-10.2347,-3.351,-0.2013,-10.4243,0.0673,0.2,0.4314,0.3922,0.1961,28.9297,"2",8.0202414325e-08,0.00865169520312063,0.000375073418884724,9.90020103926565e-05,0.000774469317762979,-14895.917495654
2379,2381,27,-3.351,-0.2013,-10.4243,-3.406,-0.1927,-10.6164,0.0673,0.2,0.4314,0.3922,0.1961,29.0867,"2",8.0426492575e-08,0.00865169520312063,0.000376120937552364,9.92785068032222e-05,0.000675467307573922,-14895.9030284766
2380,2382,27,-3.406,-0.1927,-10.6164,-3.444,-0.1804,-10.8124,0.0673,0.2,0.4314,0.3922,0.1961,29.2442,"2",8.065128445e-08,0.00865169520312063,0.000377171850604213,9.95558991740019e-05,0.000576188800596055,-14895.8908595125
2381,2383,27,-3.444,-0.1804,-10.8124,-3.4746,-0.1871,-11.0099,0.0673,0.2,0.4314,0.3922,0.1961,29.4023,"2",8.0876932675e-08,0.00865169520312063,0.000378226826156994,9.98343638568659e-05,0.000476632901563393,-14895.8809951864
2382,2384,27,-3.4746,-0.1871,-11.0099,-3.4904,-0.1958,-11.2091,0.0673,0.2,0.4314,0.3922,0.1961,29.5609,"2",8.1103294525e-08,0.00865169520312063,0.000379285197404678,0.000100113724845906,0.00037679853807335,-14895.8734419459
2383,2385,27,-3.4904,-0.1958,-11.2091,-3.4991,-0.2095,-11.4084,0.0673,0.2,0.4314,0.3922,0.1961,29.7201,"2",8.1330512725e-08,0.00865169520312063,0.000380347632474836,0.000100394158495857,0.000276684813250503,-14895.8682062614
2384,2386,27,-3.4991,-0.2095,-11.4084,-3.4805,-0.2295,-11.6065,0.0673,0.2,0.4314,0.3922,0.1961,29.8799,"2",8.1558587275e-08,0.00865169520312063,0.000381414132037066,0.000100675664983461,0.000176290654674076,-14895.8652946281
2385,2387,27,-3.4805,-0.2295,-11.6065,-3.4695,-0.1963,-11.7523,0.0673,0.1499,0.4314,0.3922,0.1961,30,"2",8.173e-08,0.00865169520312063,0.000286470675028728,7.56149898084407e-05,7.5614989726599e-05,-14895.8646395723
39,2388,28,0.0077,0.0108,-5.2128,-0.1101,-0.1447,-5.257,0.1887,0.2,0.4314,0.3922,0.1961,24.2559,"2",7.3531733275e-08,0.00865169520312063,0.000964217567519334,0.000254508778372455,0.00451426637538476,-14896.3646629294
2387,2389,28,-0.1101,-0.1447,-5.257,-0.2233,-0.2904,-5.3341,0.0592,0.2,0.4314,0.3922,0.1961,24.3604,"2",7.36808809e-08,0.00865169520312063,0.000303111143367639,8.00073027170074e-05,0.00425975759667075,-14896.2671154823
2388,2390,28,-0.2233,-0.2904,-5.3341,-0.3606,-0.4146,-5.4099,0.0592,0.2,0.4314,0.3922,0.1961,24.4652,"2",7.38304567e-08,0.00865169520312063,0.000303724463293057,8.01691907703137e-05,0.00417975029416018,-14896.1714194237
2389,2391,28,-0.3606,-0.4146,-5.4099,-0.5068,-0.5341,-5.4758,0.0592,0.2,0.4314,0.3922,0.1961,24.5704,"2",7.39806034e-08,0.00865169520312063,0.000304340162272397,8.03317067836654e-05,0.0040995811034593,-14896.0775785032
2390,2392,28,-0.5068,-0.5341,-5.4758,-0.6656,-0.621,-5.5608,0.0592,0.2,0.4314,0.3922,0.1961,24.6759,"2",7.4131178275e-08,0.00865169520312063,0.000304957653437701,8.04946958511036e-05,0.00401924939668524,-14895.9855964832
2391,2393,28,-0.6656,-0.621,-5.5608,-0.832,-0.696,-5.6427,0.0592,0.2,0.4314,0.3922,0.1961,24.7817,"2",7.4282181325e-08,0.00865169520312063,0.000305576937070641,8.0658158046976e-05,0.0039387547010534,-14895.8954771369
2392,2394,28,-0.832,-0.696,-5.6427,-0.9818,-0.7885,-5.7376,0.0592,0.2,0.4314,0.3922,0.1961,24.8879,"2",7.4433755275e-08,0.00865169520312063,0.000306198600583832,8.08222484210066e-05,0.00385809654285752,-14895.8072242503
2393,2395,28,-0.9818,-0.7885,-5.7376,-1.1367,-0.8683,-5.8357,0.0592,0.2,0.4314,0.3922,0.1961,24.9944,"2",7.45857574e-08,0.00865169520312063,0.000306822057127708,8.09868120720903e-05,0.00377727429443802,-14895.7208416222
2394,2396,28,-1.1367,-0.8683,-5.8357,-1.2812,-0.9561,-5.9425,0.0592,0.2,0.4314,0.3922,0.1961,25.1012,"2",7.47381877e-08,0.00865169520312063,0.000307447306990911,8.11518490764159e-05,0.00369628748226702,-14895.6363330621
2395,2397,28,-1.2812,-0.9561,-5.9425,-1.4548,-0.9957,-6.0336,0.0592,0.2,0.4314,0.3922,0.1961,25.2084,"2",7.48911889e-08,0.00865169520312063,0.000308074937582746,8.13175144828323e-05,0.00361513563311245,-14895.5537023926
2396,2398,28,-1.4548,-0.9957,-6.0336,-1.6284,-1.0352,-6.1246,0.0592,0.2,0.4314,0.3922,0.1961,25.316,"2",7.5044761e-08,0.00865169520312063,0.000308704949186558,8.14838083661302e-05,0.00353381811864567,-14895.4729534504
2397,2399,28,-1.6284,-1.0352,-6.1246,-1.8024,-1.0981,-6.2006,0.0592,0.2,0.4314,0.3922,0.1961,25.4239,"2",7.5198761275e-08,0.00865169520312063,0.000309336754976559,8.16505758314807e-05,0.00345233431034476,-14895.3940900854
2398,2400,28,-1.8024,-1.0981,-6.2006,-1.9773,-1.16,-6.2754,0.0592,0.2,0.4314,0.3922,0.1961,25.5321,"2",7.5353189725e-08,0.00865169520312063,0.000309970355251001,8.1817816957609e-05,0.00337068373431513,-14895.317116158
2399,2401,28,-1.9773,-1.16,-6.2754,-2.1346,-1.2415,-6.3682,0.0592,0.2,0.4314,0.3922,0.1961,25.6407,"2",7.5508189075e-08,0.00865169520312063,0.000310606337416136,8.19856867925589e-05,0.00328886591755406,-14895.2420355417
2400,2402,28,-2.1346,-1.2415,-6.3682,-2.2804,-1.3252,-6.4766,0.0592,0.2,0.4314,0.3922,0.1961,25.7497,"2",7.5663759325e-08,0.00865169520312063,0.000311244701765896,8.21541854139145e-05,0.00320688023069706,-14895.1688521244
2401,2403,28,-2.2804,-1.3252,-6.4766,-2.4233,-1.4009,-6.5942,0.0592,0.2,0.4314,0.3922,0.1961,25.859,"2",7.581975775e-08,0.00865169520312063,0.000311884861497187,8.23231579328383e-05,0.00312472604515893,-14895.0975698066
2402,2404,28,-2.4233,-1.4009,-6.5942,-2.5643,-1.478,-6.7133,0.0592,0.2,0.4314,0.3922,0.1961,25.9687,"2",7.5976327075e-08,0.00865169520312063,0.000312527404015013,8.24927593970442e-05,0.00304240288731791,-14895.0281925019
2403,2405,28,-2.5643,-1.478,-6.7133,-2.7016,-1.564,-6.8306,0.0592,0.2,0.4314,0.3922,0.1961,26.0787,"2",7.6133324575e-08,0.00865169520312063,0.000313171742527224,8.26628349205828e-05,0.0029599101279386,-14894.9607241362
2404,2406,28,-2.7016,-1.564,-6.8306,-2.7972,-1.6876,-6.9555,0.0592,0.2,0.4314,0.3922,0.1961,26.1891,"2",7.6290892975e-08,0.00865169520312063,0.000313818464438311,8.28335395510334e-05,0.00287724729327572,-14894.8951686485
2405,2407,28,-2.7972,-1.6876,-6.9555,-2.8934,-1.7883,-7.099,0.0592,0.2,0.4314,0.3922,0.1961,26.2999,"2",7.6449032275e-08,0.00865169520312063,0.000314467570055779,8.30048733695632e-05,0.00279441375352101,-14894.8315299922
2406,2408,28,-2.8934,-1.7883,-7.099,-2.9897,-1.8889,-7.2425,0.0592,0.2,0.4314,0.3922,0.1961,26.411,"2",7.660759975e-08,0.00865169520312063,0.000315118472603534,8.31766814944605e-05,0.00271140888037438,-14894.7698121335
2407,2409,28,-2.9897,-1.8889,-7.2425,-3.0733,-1.9996,-7.3865,0.0592,0.2,0.4314,0.3922,0.1961,26.5225,"2",7.6766738125e-08,0.00865169520312063,0.000315771759486095,8.33491189733121e-05,0.0026282321989964,-14894.7100190513
2408,2410,28,-3.0733,-1.9996,-7.3865,-3.1571,-2.1177,-7.5245,0.0592,0.2,0.4314,0.3922,0.1961,26.6344,"2",7.69264474e-08,0.00865169520312063,0.000316427431019281,8.35221858894793e-05,0.00254488307988872,-14894.6521547392
2409,2411,28,-3.1571,-2.1177,-7.5245,-3.2681,-2.2417,-7.6354,0.0592,0.2,0.4314,0.3922,0.1961,26.7466,"2",7.708658485e-08,0.00865169520312063,0.000317084900442437,8.36957273653261e-05,0.00246136089389357,-14894.5962232033
2410,2412,28,-3.2681,-2.2417,-7.6354,-3.3691,-2.3219,-7.7883,0.0592,0.2,0.4314,0.3922,0.1961,26.8593,"2",7.7247435925e-08,0.00865169520312063,0.000317745342238042,8.38700534098287e-05,0.00237766516680757,-14894.5422284645
2411,2413,28,-3.3691,-2.3219,-7.7883,-3.4453,-2.4066,-7.9526,0.0592,0.2,0.4314,0.3922,0.1961,26.9723,"2",7.7408715175e-08,0.00865169520312063,0.000318407582573944,8.40448541856669e-05,0.00229379511303016,-14894.4901745581
2412,2414,28,-3.4453,-2.4066,-7.9526,-3.5321,-2.4927,-8.1109,0.0592,0.2,0.4314,0.3922,0.1961,27.0857,"2",7.7570565325e-08,0.00865169520312063,0.000319072208856643,8.42202847409503e-05,0.00220975025900217,-14894.4400655322
2413,2415,28,-3.5321,-2.4927,-8.1109,-3.6159,-2.5768,-8.2719,0.0592,0.2,0.4314,0.3922,0.1961,27.1995,"2",7.7732986375e-08,0.00865169520312063,0.000319739221416204,8.43963451628007e-05,0.00212552997417379,-14894.3919054496
2414,2416,28,-3.6159,-2.5768,-8.2719,-3.7023,-2.667,-8.428,0.0592,0.2,0.4314,0.3922,0.1961,27.3137,"2",7.7895978325e-08,0.00865169520312063,0.000320408620585633,8.45730355391162e-05,0.00204113362883919,-14894.3456983875
2415,2417,28,-3.7023,-2.667,-8.428,-3.7893,-2.7585,-8.5832,0.0592,0.2,0.4314,0.3922,0.1961,27.4283,"2",7.8059541175e-08,0.00865169520312063,0.000321080406700887,8.47503559585737e-05,0.00195656059329411,-14894.3014484377
2416,2418,28,-3.7893,-2.7585,-8.5832,-3.8749,-2.8591,-8.7334,0.0592,0.2,0.4314,0.3922,0.1961,27.5432,"2",7.82235322e-08,0.00865169520312063,0.000321753993035348,8.49281515525214e-05,0.00187181023775219,-14894.2591597047
2417,2419,28,-3.8749,-2.8591,-8.7334,-3.9105,-2.9547,-8.9054,0.0592,0.2,0.4314,0.3922,0.1961,27.6586,"2",7.838823685e-08,0.00865169520312063,0.000322430554063552,8.51067323278394e-05,0.00178688208616178,-14894.2188363077
2418,2420,28,-3.9105,-2.9547,-8.9054,-3.9118,-3.0519,-9.0802,0.0592,0.2,0.4314,0.3922,0.1961,27.7744,"2",7.85535124e-08,0.00865169520312063,0.000323109503063094,8.5285943416987e-05,0.00170177535361911,-14894.1804823823
2419,2421,28,-3.9118,-3.0519,-9.0802,-3.9088,-3.1423,-9.2586,0.0592,0.2,0.4314,0.3922,0.1961,27.8906,"2",7.871935885e-08,0.00865169520312063,0.000323790840381828,8.54657849117826e-05,0.00161648941045354,-14894.1441020785
2420,2422,28,-3.9088,-3.1423,-9.2586,-3.905,-3.232,-9.4373,0.0592,0.2,0.4314,0.3922,0.1961,28.0071,"2",7.8885633475e-08,0.00865169520312063,0.000324473979311252,8.5646101948355e-05,0.00153102362545663,-14894.1096995591
2421,2423,28,-3.905,-3.232,-9.4373,-3.8794,-3.3213,-9.6144,0.0592,0.2,0.4314,0.3922,0.1961,28.1241,"2",7.9052621725e-08,0.00865169520312063,0.000325160094325222,8.58272045334052e-05,0.00144537752342444,-14894.0772790017
2422,2424,28,-3.8794,-3.3213,-9.6144,-3.8537,-3.398,-9.7974,0.0592,0.2,0.4314,0.3922,0.1961,28.2415,"2",7.9220180875e-08,0.00865169520312063,0.000325848598719842,8.60089378042784e-05,0.00135955031926567,-14894.0468446
2423,2425,28,-3.8537,-3.398,-9.7974,-3.8045,-3.4132,-9.9906,0.0592,0.2,0.4314,0.3922,0.1961,28.3594,"2",7.938845365e-08,0.00865169520312063,0.000326540079910601,8.6191456811457e-05,0.00127354138121522,-14894.0184005643
2424,2426,28,-3.8045,-3.4132,-9.9906,-3.7541,-3.4271,-10.1836,0.0592,0.2,0.4314,0.3922,0.1961,28.4776,"2",7.95571546e-08,0.00865169520312063,0.000327233364148297,8.63744517395155e-05,0.0011873499244922,-14893.9919511192
2425,2427,28,-3.7541,-3.4271,-10.1836,-3.6988,-3.4334,-10.3758,0.0592,0.2,0.4314,0.3922,0.1961,28.5963,"2",7.9726569175e-08,0.00865169520312063,0.000327929625909142,8.65582325957758e-05,0.0011009754729457,-14893.9675005041
2426,2428,28,-3.6988,-3.4334,-10.3758,-3.6437,-3.4491,-10.5674,0.0592,0.2,0.4314,0.3922,0.1961,28.7154,"2",7.989655465e-08,0.00865169520312063,0.000328628278506961,8.67426445222615e-05,0.00101441724000389,-14893.9450529749
2427,2429,28,-3.6437,-3.4491,-10.5674,-3.5721,-3.429,-10.753,0.0592,0.2,0.4314,0.3922,0.1961,28.8349,"2",8.0067111025e-08,0.00865169520312063,0.000329329322314226,8.69276876172881e-05,0.00092767459519725,-14893.9246128017
2428,2430,28,-3.5721,-3.429,-10.753,-3.4939,-3.4402,-10.9367,0.0592,0.2,0.4314,0.3922,0.1961,28.9548,"2",8.02382383e-08,0.00865169520312063,0.000330032757706494,8.71133619799846e-05,0.000840746907899668,-14893.9061842695
2429,2431,28,-3.4939,-3.4402,-10.9367,-3.4127,-3.4757,-11.1161,0.0592,0.2,0.4314,0.3922,0.1961,29.0752,"2",8.04100792e-08,0.00865169520312063,0.000330739172112568,8.72998226643478e-05,0.000753633545808914,-14893.8897716796
2430,2432,28,-3.4127,-3.4757,-11.1161,-3.3369,-3.508,-11.2983,0.0592,0.2,0.4314,0.3922,0.1961,29.196,"2",8.0582491e-08,0.00865169520312063,0.000331447978862892,8.74869148167873e-05,0.000666333723016555,-14893.8753793497
2431,2433,28,-3.3369,-3.508,-11.2983,-3.2965,-3.5595,-11.4873,0.0592,0.2,0.4314,0.3922,0.1961,29.3173,"2",8.0755616425e-08,0.00865169520312063,0.00033215976539166,8.76747934927221e-05,0.000578846808169113,-14893.8630116138
2432,2434,28,-3.2965,-3.5595,-11.4873,-3.2485,-3.62,-11.6718,0.0592,0.2,0.4314,0.3922,0.1961,29.439,"2",8.092931275e-08,0.00865169520312063,0.000332873945037367,8.78633038406875e-05,0.000491172014571014,-14893.8526728225
2433,2435,28,-3.2485,-3.62,-11.6718,-3.212,-3.686,-11.857,0.0592,0.2,0.4314,0.3922,0.1961,29.5611,"2",8.1103579975e-08,0.00865169520312063,0.000333590518191804,8.80524459640979e-05,0.000403308711004566,-14893.8443673407
2434,2436,28,-3.212,-3.686,-11.857,-3.2534,-3.7257,-12.0486,0.0592,0.2,0.4314,0.3922,0.1961,29.6837,"2",8.1278560825e-08,0.00865169520312063,0.000334310072297783,8.82423749206473e-05,0.000315256265005419,-14893.83809955
2435,2437,28,-3.2534,-3.7257,-12.0486,-3.2971,-3.7665,-12.2395,0.0592,0.2,0.4314,0.3922,0.1961,29.8068,"2",8.14542553e-08,0.00865169520312063,0.000335032607752854,8.84330908152707e-05,0.000227013890102574,-14893.83387385
2436,2438,28,-3.2971,-3.7665,-12.2395,-3.3408,-3.8072,-12.4303,0.0592,0.2,0.4314,0.3922,0.1961,29.9303,"2",8.1630520675e-08,0.00865169520312063,0.000335757537910784,8.86244388005338e-05,0.000138580799353397,-14893.8316946567
2437,2439,28,-3.3408,-3.8072,-12.4303,-3.3712,-3.8364,-12.5347,0.0592,0.1126,0.4314,0.3922,0.1961,30,"2",8.173e-08,0.00865169520312063,0.000189261843020479,4.99563605583192e-05,4.99563603049096e-05,-14893.8313695709
40,2440,29,-0.0031,0.0071,-5.3672,-0.1194,0.149,-5.4468,0.1887,0.2,0.4314,0.3922,0.1961,24.4945,"2",7.3872275125e-08,0.00865169520312063,0.000968585458769953,0.000255661699355961,0.00502124066940194,-14894.8879150712
2439,2441,29,-0.1194,0.149,-5.4468,-0.2456,0.2906,-5.5101,0.0714,0.2,0.4314,0.3922,0.1961,24.6035,"2",7.4027845375e-08,0.00865169520312063,0.000367260815750308,9.69398450197888e-05,0.00476557897031208,-14894.7788703377
2440,2442,29,-0.2456,0.2906,-5.5101,-0.367,0.4462,-5.5426,0.0714,0.2,0.4314,0.3922,0.1961,24.7128,"2",7.41838438e-08,0.00865169520312063,0.00036803202073428,9.7143407415826e-05,0.00466863912514181,-14894.6720689016
2441,2443,29,-0.367,0.4462,-5.5426,-0.4884,0.6009,-5.5789,0.0714,0.2,0.4314,0.3922,0.1961,24.8225,"2",7.4340413125e-08,0.00865169520312063,0.00036880610328002,9.73477293548907e-05,0.00457149571773389,-14894.5675154774
2442,2444,29,-0.4884,0.6009,-5.5789,-0.6101,0.7556,-5.6142,0.0714,0.2,0.4314,0.3922,0.1961,24.9325,"2",7.4497410625e-08,0.00865169520312063,0.000369582355744078,9.75526240518878e-05,0.00447414798849733,-14894.4652147949
2443,2445,29,-0.6101,0.7556,-5.6142,-0.7434,0.8885,-5.6818,0.0714,0.2,0.4314,0.3922,0.1961,25.0428,"2",7.46548363e-08,0.00865169520312063,0.00037036077856178,9.77580916217229e-05,0.00437659536427374,-14894.3651715973
2444,2446,29,-0.7434,0.8885,-5.6818,-0.8766,1.0212,-5.7501,0.0714,0.2,0.4314,0.3922,0.1961,25.1535,"2",7.4812832875e-08,0.00865169520312063,0.000371142080222149,9.79643190726834e-05,0.00427883727279629,-14894.2673906432
2445,2447,29,-0.8766,1.0212,-5.7501,-0.9637,1.1529,-5.8728,0.0714,0.2,0.4314,0.3922,0.1961,25.2646,"2",7.497140035e-08,0.00865169520312063,0.000371926261153202,9.81713065177459e-05,0.00418087295388648,-14894.1718767086
2446,2448,29,-0.9637,1.1529,-5.8728,-1.045,1.2788,-6.0053,0.0714,0.2,0.4314,0.3922,0.1961,25.376,"2",7.5130396e-08,0.00865169520312063,0.000372712613745954,9.83788671809127e-05,0.00408270164744669,-14894.0786345852
2447,2449,29,-1.045,1.2788,-6.0053,-1.1219,1.4145,-6.1305,0.0714,0.2,0.4314,0.3922,0.1961,25.4878,"2",7.528996255e-08,0.00865169520312063,0.000373501846486598,9.85871880697237e-05,0.00398432277999722,-14893.9876690797
2448,2450,29,-1.1219,1.4145,-6.1305,-1.1937,1.5503,-6.2585,0.0714,0.2,0.4314,0.3922,0.1961,25.5999,"2",7.5449957275e-08,0.00865169520312063,0.000374293251782798,9.87960824125757e-05,0.00388573559232286,-14893.8989850147
2449,2451,29,-1.1937,1.5503,-6.2585,-1.2754,1.6674,-6.3986,0.0714,0.2,0.4314,0.3922,0.1961,25.7124,"2",7.56105229e-08,0.00865169520312063,0.000375087538119325,9.90057372166336e-05,0.00378693950995105,-14893.8125872278
2450,2452,29,-1.2754,1.6674,-6.3986,-1.3498,1.7819,-6.5448,0.0714,0.2,0.4314,0.3922,0.1961,25.8253,"2",7.5771659425e-08,0.00865169520312063,0.000375884705944003,9.92161526001022e-05,0.00368793377263645,-14893.7284805744
2451,2453,29,-1.3498,1.7819,-6.5448,-1.4248,1.9081,-6.6806,0.0714,0.2,0.4314,0.3922,0.1961,25.9385,"2",7.5933224125e-08,0.00865169520312063,0.000376684047688957,9.94271417978345e-05,0.00358871761979306,-14893.6466699253
2452,2454,29,-1.4248,1.9081,-6.6806,-1.4681,2.0225,-6.8388,0.0714,0.2,0.4314,0.3922,0.1961,26.0521,"2",7.6095359725e-08,0.00865169520312063,0.000377486271837974,9.96388918167357e-05,0.00348929047813909,-14893.5671601666
2453,2455,29,-1.4681,2.0225,-6.8388,-1.4874,2.1108,-7.0172,0.0714,0.2,0.4314,0.3922,0.1961,26.1661,"2",7.6258066225e-08,0.00865169520312063,0.000378291378851009,9.98514027782128e-05,0.00338965158640478,-14893.4899562023
2454,2456,29,-1.4874,2.1108,-7.0172,-1.5112,2.1786,-7.2039,0.0714,0.2,0.4314,0.3922,0.1961,26.2805,"2",7.6421343625e-08,0.00865169520312063,0.000379099369192237,0.000100064674804786,0.00328980018382807,-14893.4150629535
2455,2457,29,-1.5112,2.1786,-7.2039,-1.5434,2.2407,-7.3912,0.0714,0.2,0.4314,0.3922,0.1961,26.3952,"2",7.65850492e-08,0.00865169520312063,0.000379909535325169,0.000100278521139594,0.00318973550921477,-14893.3424853573
2456,2458,29,-1.5434,2.2407,-7.3912,-1.5372,2.3249,-7.5725,0.0714,0.2,0.4314,0.3922,0.1961,26.5103,"2",7.6749325675e-08,0.00865169520312063,0.000380722585734179,0.000100493128789696,0.00308945698777234,-14893.2722283657
2457,2459,29,-1.5372,2.3249,-7.5725,-1.5126,2.4178,-7.7479,0.0714,0.2,0.4314,0.3922,0.1961,26.6258,"2",7.691417305e-08,0.00865169520312063,0.000381538520895735,0.000100708497880858,0.00298896385920048,-14893.2042969488
2458,2460,29,-1.5126,2.4178,-7.7479,-1.4641,2.4733,-7.9338,0.0714,0.2,0.4314,0.3922,0.1961,26.7417,"2",7.7079591325e-08,0.00865169520312063,0.000382357341290584,0.000100924628539974,0.00288825536154834,-14893.1386960939
2459,2461,29,-1.4641,2.4733,-7.9338,-1.4178,2.5353,-8.1183,0.0714,0.2,0.4314,0.3922,0.1961,26.858,"2",7.72455805e-08,0.00865169520312063,0.000383179047403762,0.000101141520895072,0.00278733073285647,-14893.075430806
2460,2462,29,-1.4178,2.5353,-8.1183,-1.3743,2.5982,-8.3031,0.0714,0.2,0.4314,0.3922,0.1961,26.9746,"2",7.741199785e-08,0.00865169520312063,0.000384002931735909,0.00010135898819909,0.00268618921202789,-14893.0145061058
2461,2463,29,-1.3743,2.5982,-8.3031,-1.3305,2.6608,-8.4879,0.0714,0.2,0.4314,0.3922,0.1961,27.0917,"2",7.7579128825e-08,0.00865169520312063,0.000384830410760878,0.000101577404335518,0.00258483022359477,-14892.9559270314
2462,2464,29,-1.3305,2.6608,-8.4879,-1.2386,2.7441,-8.6448,0.0714,0.2,0.4314,0.3922,0.1961,27.2091,"2",7.7746687975e-08,0.00865169520312063,0.000385660069001931,0.000101796395684058,0.0024832528195776,-14892.8996986384
2463,2465,29,-1.2386,2.7441,-8.6448,-1.1537,2.8164,-8.8108,0.0714,0.2,0.4314,0.3922,0.1961,27.327,"2",7.791496075e-08,0.00865169520312063,0.00038649332293001,0.000102016336127432,0.00238145642351007,-14892.8458260003
2464,2466,29,-1.1537,2.8164,-8.8108,-1.0718,2.8872,-8.979,0.0714,0.2,0.4314,0.3922,0.1961,27.4452,"2",7.80836617e-08,0.00865169520312063,0.00038732875708823,0.000102236852050583,0.00227944008757524,-14892.794314208
2465,2467,29,-1.0718,2.8872,-8.979,-0.9926,2.9619,-9.1468,0.0714,0.2,0.4314,0.3922,0.1961,27.5639,"2",7.8253076275e-08,0.00865169520312063,0.000388167787945593,0.000102458317335719,0.0021772032352174,-14892.7451683701
2466,2468,29,-0.9926,2.9619,-9.1468,-0.9078,3.0136,-9.3204,0.0714,0.2,0.4314,0.3922,0.1961,27.6829,"2",7.8422919025e-08,0.00865169520312063,0.000389009000064211,0.000102680358372798,0.00207474491791561,-14892.698393613
2467,2469,29,-0.9078,3.0136,-9.3204,-0.831,3.0553,-9.5002,0.0714,0.2,0.4314,0.3922,0.1961,27.8024,"2",7.85934754e-08,0.00865169520312063,0.000389853809912124,0.000102903349043775,0.00197206455954171,-14892.6539950803
2468,2470,29,-0.831,3.0553,-9.5002,-0.7695,3.1163,-9.6805,0.0714,0.2,0.4314,0.3922,0.1961,27.9223,"2",7.8764602675e-08,0.00865169520312063,0.000390701510038298,0.000103127102614345,0.00186916121051676,-14892.6119779359
2469,2471,29,-0.7695,3.1163,-9.6805,-0.7249,3.1558,-9.8715,0.0714,0.2,0.4314,0.3922,0.1961,28.0426,"2",7.893630085e-08,0.00865169520312063,0.000391552100971496,0.000103351619224076,0.00176603410770834,-14892.572347361
2470,2472,29,-0.7249,3.1558,-9.8715,-0.7141,3.1997,-10.0663,0.0714,0.2,0.4314,0.3922,0.1961,28.1633,"2",7.9108569925e-08,0.00865169520312063,0.000392405583244932,0.000103576899013713,0.00166268248858814,-14892.5351085545
2471,2473,29,-0.7141,3.1997,-10.0663,-0.7167,3.2278,-10.2643,0.0714,0.2,0.4314,0.3922,0.1961,28.2845,"2",7.9281552625e-08,0.00865169520312063,0.000393262665359414,0.000103803128994653,0.00155910558945996,-14892.5002667352
2472,2474,29,-0.7167,3.2278,-10.2643,-0.7133,3.2543,-10.4625,0.0714,0.2,0.4314,0.3922,0.1961,28.406,"2",7.94549635e-08,0.00865169520312063,0.000394121931929357,0.000104029935570657,0.00145530246013258,-14892.4678271395
2473,2475,29,-0.7133,3.2543,-10.4625,-0.7896,3.2565,-10.6473,0.0714,0.2,0.4314,0.3922,0.1961,28.528,"2",7.9629088e-08,0.00865169520312063,0.00039498479942628,0.000104257692624601,0.00135127252445097,-14892.4377950214
2474,2476,29,-0.7896,3.2565,-10.6473,-0.8702,3.2557,-10.8304,0.0714,0.2,0.4314,0.3922,0.1961,28.6504,"2",7.98037834e-08,0.00865169520312063,0.000395850560438723,0.000104486213432624,0.00124701483203414,-14892.4101756548
2475,2477,29,-0.8702,3.2557,-10.8304,-0.9516,3.2557,-11.0131,0.0714,0.2,0.4314,0.3922,0.1961,28.7733,"2",7.9979192425e-08,0.00865169520312063,0.000396719923480174,0.000104715685009471,0.00114252861849085,-14892.3849743333
2476,2478,29,-0.9516,3.2557,-11.0131,-1.012,3.2645,-11.2035,0.0714,0.2,0.4314,0.3922,0.1961,28.8966,"2",8.015517235e-08,0.00865169520312063,0.000397592181151877,0.000104945920634634,0.00103781293354937,-14892.3621963704
2477,2479,29,-1.012,3.2645,-11.2035,-1.0765,3.2698,-11.3928,0.0714,0.2,0.4314,0.3922,0.1961,29.0203,"2",8.0331723175e-08,0.00865169520312063,0.000398467334019614,0.000105176920457454,0.000932867013000141,-14892.3418470974
2478,2480,29,-1.0765,3.2698,-11.3928,-1.1431,3.2754,-11.5812,0.0714,0.2,0.4314,0.3922,0.1961,29.1445,"2",8.0508987625e-08,0.00865169520312063,0.000399346090607909,0.000105408871495589,0.000827690092549163,-14892.3239318651
2479,2481,29,-1.1431,3.2754,-11.5812,-1.2111,3.2793,-11.7693,0.0714,0.2,0.4314,0.3922,0.1961,29.2691,"2",8.0686822975e-08,0.00865169520312063,0.000400227743536072,0.000105641587033299,0.000722281221042353,-14892.3084560444
2480,2482,29,-1.2111,3.2793,-11.7693,-1.2502,3.2837,-11.9654,0.0714,0.2,0.4314,0.3922,0.1961,29.3942,"2",8.086537195e-08,0.00865169520312063,0.000401113001336815,0.000105875254090405,0.000616639634071221,-14892.295425026
2481,2483,29,-1.2502,3.2837,-11.9654,-1.2892,3.2898,-12.1615,0.0714,0.2,0.4314,0.3922,0.1961,29.5197,"2",8.1044491825e-08,0.00865169520312063,0.000402001156641149,0.000106109685954255,0.000510764379793616,-14892.2848442202
2482,2484,29,-1.2892,3.2898,-12.1615,-1.3677,3.3291,-12.3412,0.0714,0.2,0.4314,0.3922,0.1961,29.6457,"2",8.1224325325e-08,0.00865169520312063,0.000402892917990517,0.000106345069646975,0.000404654693777951,-14892.2767190576
2483,2485,29,-1.3677,3.3291,-12.3412,-1.4284,3.369,-12.5275,0.0714,0.2,0.4314,0.3922,0.1961,29.7721,"2",8.1404729725e-08,0.00865169520312063,0.000403787578027229,0.000106581218458895,0.000298309624341279,-14892.2710549882
2484,2486,29,-1.4284,3.369,-12.5275,-1.5233,3.4067,-12.6995,0.0714,0.2,0.4314,0.3922,0.1961,29.899,"2",8.158584775e-08,0.00865169520312063,0.000404685845302008,0.000106818319414589,0.000191728406059087,-14892.267857482
2485,2487,29,-1.5233,3.4067,-12.6995,-1.5956,3.4367,-12.8375,0.0714,0.1587,0.4314,0.3922,0.1961,30,"2",8.173e-08,0.00865169520312063,0.00032168555285041,8.49100865136267e-05,8.49100865312593e-05,-14892.2670787195
41,2488,30,-0.0297,0.011,-5.5569,-0.1913,-0.052,-5.5759,0.1887,0.1745,0.4314,0.3922,0.1961,30,"2",8.173e-08,0.00865169520312063,0.000934948999620497,0.000246783232072973,0.000246783232368324,-14894.422826263
42,2489,31,-0.0365,0.0076,-5.6383,-0.2051,0.086,-5.7119,0.1887,0.2,0.4314,0.3922,0.1961,24.9048,"2",7.44578758e-08,0.00865169520312063,0.000976133024743743,0.000257653907194091,0.00304767133361792,-14892.958154663
2488,2490,31,-0.2051,0.086,-5.7119,-0.3728,0.1609,-5.791,0.0422,0.2,0.4314,0.3922,0.1961,25.0071,"2",7.4603883475e-08,0.00865169520312063,0.00021872499111063,5.77332670159799e-05,0.00279001742660104,-14892.8943255357
2489,2491,31,-0.3728,0.1609,-5.791,-0.5384,0.2115,-5.8911,0.0422,0.2,0.4314,0.3922,0.1961,25.1097,"2",7.4750319325e-08,0.00865169520312063,0.000219153365789534,5.7846338090275e-05,0.00273228415909596,-14892.831832327
2490,2492,31,-0.5384,0.2115,-5.8911,-0.6954,0.2665,-6.0021,0.0422,0.2,0.4314,0.3922,0.1961,25.2127,"2",7.4897326075e-08,0.00865169520312063,0.000219583430634069,5.79598552900137e-05,0.00267443782103109,-14892.7706776559
2491,2493,31,-0.6954,0.2665,-6.0021,-0.8545,0.3195,-6.1112,0.0422,0.2,0.4314,0.3922,0.1961,25.3159,"2",7.5044618275e-08,0.00865169520312063,0.000220014348904253,5.80735977545956e-05,0.00261647796592689,-14892.7108641492
2492,2494,31,-0.8545,0.3195,-6.1112,-1.0056,0.3628,-6.2349,0.0422,0.2,0.4314,0.3922,0.1961,25.4195,"2",7.5192481375e-08,0.00865169520312063,0.000220446957621712,5.81877864189622e-05,0.00255840436831066,-14892.6523944413
2493,2495,31,-1.0056,0.3628,-6.2349,-1.178,0.3982,-6.3298,0.0422,0.2,0.4314,0.3922,0.1961,25.5235,"2",7.5340915375e-08,0.00865169520312063,0.000220881256925695,5.83024213198684e-05,0.00250021658168049,-14892.5952711771
2494,2496,31,-1.178,0.3982,-6.3298,-1.3516,0.4621,-6.4059,0.0422,0.2,0.4314,0.3922,0.1961,25.6277,"2",7.5489634825e-08,0.00865169520312063,0.00022131641009003,5.84172816003595e-05,0.00244191416054437,-14892.5394970093
2495,2497,31,-1.3516,0.4621,-6.4059,-1.54,0.5225,-6.4349,0.0422,0.2,0.4314,0.3922,0.1961,25.7323,"2",7.5638925175e-08,0.00865169520312063,0.000221753254129818,5.85325881936545e-05,0.00238349687923284,-14892.4850745982
2496,2498,31,-1.54,0.5225,-6.4349,-1.7368,0.554,-6.4513,0.0422,0.2,0.4314,0.3922,0.1961,25.8373,"2",7.5788786425e-08,0.00865169520312063,0.000222191789188199,5.86483411375354e-05,0.00232496429102723,-14892.4320066144
2497,2499,31,-1.7368,0.554,-6.4513,-1.9337,0.5834,-6.471,0.0422,0.2,0.4314,0.3922,0.1961,25.9425,"2",7.5938933125e-08,0.00865169520312063,0.000222631178552153,5.87643195785189e-05,0.00226631594983117,-14892.3802957365
2498,2500,31,-1.9337,0.5834,-6.471,-2.1324,0.5998,-6.4861,0.0422,0.2,0.4314,0.3922,0.1961,26.0482,"2",7.608979345e-08,0.00865169520312063,0.000223072677658306,5.88808548937265e-05,0.002207551630212,-14892.3299446519
2499,2501,31,-2.1324,0.5998,-6.4861,-2.3304,0.6281,-6.4824,0.0422,0.2,0.4314,0.3922,0.1961,26.1541,"2",7.6240939225e-08,0.00865169520312063,0.000223515031371802,5.899761578569e-05,0.00214867077511168,-14892.2809560571
2500,2502,31,-2.3304,0.6281,-6.4824,-2.5256,0.6699,-6.4702,0.0422,0.2,0.4314,0.3922,0.1961,26.2604,"2",7.63926559e-08,0.00865169520312063,0.000223959076698543,5.91148231852e-05,0.00208967315952773,-14892.2333326566
2501,2503,31,-2.5256,0.6699,-6.4702,-2.7242,0.6929,-6.4701,0.0422,0.2,0.4314,0.3922,0.1961,26.3671,"2",7.6544943475e-08,0.00865169520312063,0.000224404813788287,5.92324771317857e-05,0.002030558336297,-14892.1870771648
2502,2504,31,-2.7242,0.6929,-6.4701,-2.9178,0.7068,-6.5184,0.0422,0.2,0.4314,0.3922,0.1961,26.4741,"2",7.6697659225e-08,0.00865169520312063,0.000224851824370364,5.93504672213634e-05,0.00197132585923337,-14892.1421923054
2503,2505,31,-2.9178,0.7068,-6.5184,-3.1082,0.7229,-6.5775,0.0422,0.2,0.4314,0.3922,0.1961,26.5815,"2",7.6850945875e-08,0.00865169520312063,0.000225300527021753,5.94689039388682e-05,0.00191197539262716,-14892.0986808113
2504,2506,31,-3.1082,0.7229,-6.5775,-3.286,0.7592,-6.6617,0.0422,0.2,0.4314,0.3922,0.1961,26.6892,"2",7.70046607e-08,0.00865169520312063,0.000225750503476996,5.95876768815922e-05,0.00185250648800639,-14892.0565454241
2505,2507,31,-3.286,0.7592,-6.6617,-3.4558,0.7755,-6.766,0.0422,0.2,0.4314,0.3922,0.1961,26.7972,"2",7.71588037e-08,0.00865169520312063,0.000226201753894971,5.97067860914714e-05,0.00179291881115095,-14892.0157888935
2506,2508,31,-3.4558,0.7755,-6.766,-3.6136,0.7555,-6.8872,0.0422,0.2,0.4314,0.3922,0.1961,26.9057,"2",7.7313660325e-08,0.00865169520312063,0.000226655115269777,5.98264524961813e-05,0.00173321202506634,-14891.9764139792
2507,2509,31,-3.6136,0.7555,-6.8872,-3.7665,0.7145,-7.0096,0.0422,0.2,0.4314,0.3922,0.1961,27.0145,"2",7.7468945125e-08,0.00865169520312063,0.000227109750924227,5.99464552516965e-05,0.00167338557250165,-14891.9384234515
2508,2510,31,-3.7665,0.7145,-7.0096,-3.8799,0.6741,-7.1693,0.0422,0.2,0.4314,0.3922,0.1961,27.1236,"2",7.76246581e-08,0.00865169520312063,0.000227565661021039,6.00667944009674e-05,0.00161343911721555,-14891.9018200883
2509,2511,31,-3.8799,0.6741,-7.1693,-3.9928,0.6354,-7.3298,0.0422,0.2,0.4314,0.3922,0.1961,27.2331,"2",7.7780941975e-08,0.00865169520312063,0.000228023264137935,6.01875804291253e-05,0.0015533723228071,-14891.8666066767
2510,2512,31,-3.9928,0.6354,-7.3298,-4.0891,0.5943,-7.5001,0.0422,0.2,0.4314,0.3922,0.1961,27.343,"2",7.793779675e-08,0.00865169520312063,0.000228482560437076,6.0308813378973e-05,0.00149318474217368,-14891.8327860141
2511,2513,31,-4.0891,0.5943,-7.5001,-4.1833,0.5466,-7.67,0.0422,0.2,0.4314,0.3922,0.1961,27.4533,"2",7.8095222425e-08,0.00865169520312063,0.000228943550082094,6.04304932937017e-05,0.00143287592864609,-14891.8003609081
2512,2514,31,-4.1833,0.5466,-7.67,-4.2779,0.5044,-7.8411,0.0422,0.2,0.4314,0.3922,0.1961,27.5639,"2",7.8253076275e-08,0.00865169520312063,0.000229405814827126,6.05525097757759e-05,0.00137244543528693,-14891.7693341754
2513,2515,31,-4.2779,0.5044,-7.8411,-4.3716,0.4976,-8.0177,0.0422,0.2,0.4314,0.3922,0.1961,27.675,"2",7.841164375e-08,0.00865169520312063,0.000229870191661528,6.06750837516185e-05,0.00131189292571362,-14891.7397086432
2514,2516,31,-4.3716,0.4976,-8.0177,-4.4679,0.5032,-8.1929,0.0422,0.2,0.4314,0.3922,0.1961,27.7863,"2",7.8570496675e-08,0.00865169520312063,0.000230335425522955,6.07978839429009e-05,0.00125121784197291,-14891.7114871476
2515,2517,31,-4.4679,0.5032,-8.1929,-4.5668,0.5033,-8.3667,0.0422,0.2,0.4314,0.3922,0.1961,27.8981,"2",7.8730063225e-08,0.00865169520312063,0.000230802771811066,6.09212417169873e-05,0.00119041995803693,-14891.6846725338
2516,2518,31,-4.5668,0.5033,-8.3667,-4.6489,0.4828,-8.5479,0.0422,0.2,0.4314,0.3922,0.1961,28.0103,"2",7.8890200675e-08,0.00865169520312063,0.000231271812286661,6.10450466780998e-05,0.00112949871600515,-14891.6592676587
2517,2519,31,-4.6489,0.4828,-8.5479,-4.7175,0.4484,-8.7326,0.0422,0.2,0.4314,0.3922,0.1961,28.1228,"2",7.90507663e-08,0.00865169520312063,0.00023174212871511,6.11691884316681e-05,0.00106845366905213,-14891.635275388
2518,2520,31,-4.7175,0.4484,-8.7326,-4.805,0.4172,-8.9097,0.0422,0.2,0.4314,0.3922,0.1961,28.2358,"2",7.921204555e-08,0.00865169520312063,0.000232214558084991,6.12938879039097e-05,0.00100728448061226,-14891.612698598
2519,2521,31,-4.805,0.4172,-8.9097,-4.8892,0.4041,-9.0907,0.0422,0.2,0.4314,0.3922,0.1961,28.3491,"2",7.9373752975e-08,0.00865169520312063,0.000232688263758253,6.14189242611295e-05,0.000945990592778782,-14891.5915401752
2520,2522,31,-4.8892,0.4041,-9.0907,-4.9666,0.3915,-9.2746,0.0422,0.2,0.4314,0.3922,0.1961,28.4628,"2",7.95360313e-08,0.00865169520312063,0.000233163664318682,6.15444079900597e-05,0.000884571668420484,-14891.5718030153
2521,2523,31,-4.9666,0.3915,-9.2746,-5.0246,0.3803,-9.4657,0.0422,0.2,0.4314,0.3922,0.1961,28.577,"2",7.969902325e-08,0.00865169520312063,0.000233641178349156,6.16704495771928e-05,0.000823027260307858,-14891.5534900255
2522,2524,31,-5.0246,0.3803,-9.4657,-5.0974,0.3844,-9.6519,0.0422,0.2,0.4314,0.3922,0.1961,28.6915,"2",7.9862443375e-08,0.00865169520312063,0.000234119969219824,6.17968281909977e-05,0.000761356811068485,-14891.5366041234
2523,2525,31,-5.0974,0.3844,-9.6519,-5.1486,0.3929,-9.8451,0.0422,0.2,0.4314,0.3922,0.1961,28.8064,"2",8.00264344e-08,0.00865169520312063,0.000234600455517161,6.19236543189168e-05,0.000699559983051448,-14891.5211482357
2524,2526,31,-5.1486,0.3929,-9.8451,-5.2077,0.4136,-10.035,0.0422,0.2,0.4314,0.3922,0.1961,28.9218,"2",8.019113905e-08,0.00865169520312063,0.000235083055827244,6.20510384482865e-05,0.000637636328668092,-14891.5071253005
2525,2527,31,-5.2077,0.4136,-10.035,-5.275,0.4801,-10.2113,0.0422,0.2,0.4314,0.3922,0.1961,29.0375,"2",8.0356271875e-08,0.00865169520312063,0.000235566933527728,6.21787597495574e-05,0.000575585289840766,-14891.4945382666
2526,2528,31,-5.275,0.4801,-10.2113,-5.3294,0.5481,-10.3913,0.0422,0.2,0.4314,0.3922,0.1961,29.1537,"2",8.0522118325e-08,0.00865169520312063,0.000236052925610679,6.23070391498682e-05,0.000513406529979435,-14891.4833900928
2527,2529,31,-5.3294,0.5481,-10.3913,-5.4041,0.6118,-10.5655,0.0422,0.2,0.4314,0.3922,0.1961,29.2703,"2",8.0688535675e-08,0.00865169520312063,0.000236540613860558,6.2435766259687e-05,0.00045109949094769,-14891.4736837499
2528,2530,31,-5.4041,0.6118,-10.5655,-5.484,0.684,-10.7341,0.0422,0.2,0.4314,0.3922,0.1961,29.3872,"2",8.08553812e-08,0.00865169520312063,0.00023702958006466,6.25648306902299e-05,0.000388663724825653,-14891.4654222173
2529,2531,31,-5.484,0.684,-10.7341,-5.5731,0.7659,-10.8933,0.0422,0.2,0.4314,0.3922,0.1961,29.5047,"2",8.1023083075e-08,0.00865169520312063,0.000237521079619509,6.26945638080335e-05,0.000326098894136341,-14891.4586084866
2530,2532,31,-5.5731,0.7659,-10.8933,-5.6599,0.8514,-11.0519,0.0422,0.2,0.4314,0.3922,0.1961,29.6225,"2",8.1191213125e-08,0.00865169520312063,0.000238013857511713,6.28246343476903e-05,0.000263404330298156,-14891.4532455604
2531,2533,31,-5.6599,0.8514,-11.0519,-5.7109,0.9363,-11.2257,0.0422,0.2,0.4314,0.3922,0.1961,29.7408,"2",8.13600568e-08,0.00865169520312063,0.000238508750738522,6.29552632377074e-05,0.000200579695786599,-14891.4493364522
2532,2534,31,-5.7109,0.9363,-11.2257,-5.7496,0.9948,-11.413,0.0422,0.2,0.4314,0.3922,0.1961,29.8595,"2",8.1529471375e-08,0.00865169520312063,0.000239005341093889,6.3086340091058e-05,0.000137624432493776,-14891.4468841869
2533,2535,31,-5.7496,0.9948,-11.413,-5.7289,0.9984,-11.6119,0.0422,0.2,0.4314,0.3922,0.1961,29.9786,"2",8.169945685e-08,0.00865169520312063,0.000239503628775056,6.32178649598053e-05,7.45380925172404e-05,-14891.4458917997
2534,2536,31,-5.7289,0.9984,-11.6119,-5.7307,1.0015,-11.6475,0.0422,0.0358,0.4314,0.3922,0.1961,30,"2",8.173e-08,0.00865169520312063,4.28871756829138e-05,1.13202279844215e-05,1.13202281455819e-05,-14891.4458683786
44,2537,32,-0.0493,-0.0101,-5.8791,-0.2322,0.0119,-5.9568,0.1887,0.2,0.4314,0.3922,0.1961,25.2974,"2",7.501821415e-08,0.00865169520312063,0.000983370567952489,0.000259564283381506,0.00378790561108541,-14891.3408726458
2536,2538,32,-0.2322,0.0119,-5.9568,-0.4158,0.0394,-6.0311,0.0677,0.2,0.4314,0.3922,0.1961,25.4198,"2",7.519290955e-08,0.00865169520312063,0.000353623970605946,9.33403495164295e-05,0.0035283413278496,-14891.260387353
2537,2539,32,-0.4158,0.0394,-6.0311,-0.5958,0.0662,-6.1141,0.0677,0.2,0.4314,0.3922,0.1961,25.5425,"2",7.5368033125e-08,0.00865169520312063,0.000354445628591016,9.3557229167936e-05,0.00343500097842289,-14891.1820623024
2538,2540,32,-0.5958,0.0662,-6.1141,-0.7714,0.0963,-6.205,0.0677,0.2,0.4314,0.3922,0.1961,25.6657,"2",7.5543870325e-08,0.00865169520312063,0.000355270686334948,9.37750061983165e-05,0.00334144374915234,-14891.1059025181
2539,2541,32,-0.7714,0.0963,-6.205,-0.9288,0.1233,-6.3254,0.0677,0.2,0.4314,0.3922,0.1961,25.7892,"2",7.57201357e-08,0.00865169520312063,0.000356097801856403,9.39933263866531e-05,0.00324766874304076,-14891.0319130405
2540,2542,32,-0.9288,0.1233,-6.3254,-1.0894,0.1564,-6.44,0.0677,0.2,0.4314,0.3922,0.1961,25.9131,"2",7.5896971975e-08,0.00865169520312063,0.000356927646823178,9.42123670221351e-05,0.00315367541660804,-14890.960098925
2541,2543,32,-1.0894,0.1564,-6.44,-1.2664,0.1609,-6.5329,0.0677,0.2,0.4314,0.3922,0.1961,26.0375,"2",7.6074521875e-08,0.00865169520312063,0.000357760892893414,9.44323053914027e-05,0.00305946304974415,-14890.8904652453
2542,2544,32,-1.2664,0.1609,-6.5329,-1.4411,0.1663,-6.6301,0.0677,0.2,0.4314,0.3922,0.1961,26.1622,"2",7.625249995e-08,0.00865169520312063,0.00035859619811806,9.46527872820613e-05,0.00296503074441046,-14890.8230170922
2543,2545,32,-1.4411,0.1663,-6.6301,-1.5981,0.181,-6.7531,0.0677,0.2,0.4314,0.3922,0.1961,26.2873,"2",7.6431048925e-08,0.00865169520312063,0.000359434234166467,9.48739899837097e-05,0.00287037795700058,-14890.7577595708
2544,2546,32,-1.5981,0.181,-6.7531,-1.7122,0.1879,-6.9173,0.0677,0.2,0.4314,0.3922,0.1961,26.4128,"2",7.66101688e-08,0.00865169520312063,0.000360275001506026,9.50959136197177e-05,0.00277550396686712,-14890.6946978028
2545,2547,32,-1.7122,0.1879,-6.9173,-1.8202,0.1909,-7.0855,0.0677,0.2,0.4314,0.3922,0.1961,26.5388,"2",7.67900023e-08,0.00865169520312063,0.000361119171798837,9.53187354777704e-05,0.00268040805342267,-14890.633836929
2546,2548,32,-1.8202,0.1909,-7.0855,-1.9181,0.2027,-7.2596,0.0677,0.2,0.4314,0.3922,0.1961,26.6651,"2",7.6970263975e-08,0.00865169520312063,0.000361965403136293,9.55421013561484e-05,0.00258508931788361,-14890.5751821064
2547,2549,32,-1.9181,0.2027,-7.2596,-2.0025,0.1959,-7.4408,0.0677,0.2,0.4314,0.3922,0.1961,26.7919,"2",7.7151239275e-08,0.00865169520312063,0.000362815038376715,9.57663657072513e-05,0.00248954721613523,-14890.518738509
2548,2550,32,-2.0025,0.1959,-7.4408,-2.0783,0.1881,-7.6257,0.0677,0.2,0.4314,0.3922,0.1961,26.919,"2",7.733264275e-08,0.00865169520312063,0.000363666735630587,9.59911743343997e-05,0.002393780850516,-14890.4645113275
2549,2551,32,-2.0783,0.1881,-7.6257,-2.1531,0.1741,-7.8106,0.0677,0.2,0.4314,0.3922,0.1961,27.0466,"2",7.751475985e-08,0.00865169520312063,0.000364521837753772,9.62168816893437e-05,0.00229778967618298,-14890.4125057689
2550,2552,32,-2.1531,0.1741,-7.8106,-2.2272,0.1787,-7.9964,0.0677,0.2,0.4314,0.3922,0.1961,27.1746,"2",7.769744785e-08,0.00865169520312063,0.000365379674053063,9.64433107401416e-05,0.00220157279444324,-14890.3627270594
2551,2553,32,-2.2272,0.1787,-7.9964,-2.2612,0.1614,-8.1927,0.0677,0.2,0.4314,0.3922,0.1961,27.303,"2",7.788070675e-08,0.00865169520312063,0.000366240245024657,9.66704616177665e-05,0.0021051294836521,-14890.3151804416
2552,2554,32,-2.2612,0.1614,-8.1927,-2.2796,0.1674,-8.3917,0.0677,0.2,0.4314,0.3922,0.1961,27.4319,"2",7.8064679275e-08,0.00865169520312063,0.000367104222342464,9.68985116130204e-05,0.00200845902235908,-14890.2698711769
2553,2555,32,-2.2796,0.1674,-8.3917,-2.2727,0.1688,-8.5916,0.0677,0.2,0.4314,0.3922,0.1961,27.5611,"2",7.8249079975e-08,0.00865169520312063,0.000367970264161806,9.71271065410586e-05,0.00191156051059353,-14890.2268045433
2554,2556,32,-2.2727,0.1688,-8.5916,-2.265,0.1699,-8.7915,0.0677,0.2,0.4314,0.3922,0.1961,27.6908,"2",7.84341943e-08,0.00865169520312063,0.000368839713336638,9.73566008531282e-05,0.00181443340401775,-14890.1859858358
2555,2557,32,-2.265,0.1699,-8.7915,-2.277,0.1761,-8.991,0.0677,0.2,0.4314,0.3922,0.1961,27.821,"2",7.862002225e-08,0.00865169520312063,0.000369712570374335,9.75869946831533e-05,0.00171707680309683,-14890.1474203698
2556,2558,32,-2.277,0.1761,-8.991,-2.2854,0.1748,-9.1908,0.0677,0.2,0.4314,0.3922,0.1961,27.9515,"2",7.8806278375e-08,0.00865169520312063,0.000370587493455007,9.78179338528309e-05,0.00161948980839507,-14890.1111134777
2557,2559,32,-2.2854,0.1748,-9.1908,-2.2818,0.1716,-9.3908,0.0677,0.2,0.4314,0.3922,0.1961,28.0826,"2",7.899339085e-08,0.00865169520312063,0.000371466496598754,9.80499499701853e-05,0.00152167187454752,-14890.0770705105
2558,2560,32,-2.2818,0.1716,-9.3908,-2.3054,0.154,-9.5886,0.0677,0.2,0.4314,0.3922,0.1961,28.214,"2",7.91809315e-08,0.00865169520312063,0.000372347566833583,9.82825117038442e-05,0.00142362192469497,-14890.045296838
2559,2561,32,-2.3054,0.154,-9.5886,-2.3175,0.1614,-9.7881,0.0677,0.2,0.4314,0.3922,0.1961,28.3459,"2",7.9369185775e-08,0.00865169520312063,0.000373232047017506,9.8515973506126e-05,0.00132533941321712,-14890.0157978466
2560,2562,32,-2.3175,0.1614,-9.7881,-2.332,0.1608,-9.9876,0.0677,0.2,0.4314,0.3922,0.1961,28.4783,"2",7.9558153675e-08,0.00865169520312063,0.000374119937681335,9.87503355171406e-05,0.00122682343967817,-14889.9885789438
2561,2563,32,-2.332,0.1608,-9.9876,-2.3737,0.2016,-10.1789,0.0677,0.2,0.4314,0.3922,0.1961,28.6111,"2",7.9747692475e-08,0.00865169520312063,0.000375010568201833,9.89854207234144e-05,0.00112807310434891,-14889.9636455555
2562,2564,32,-2.3737,0.2016,-10.1789,-2.4358,0.2206,-10.368,0.0677,0.2,0.4314,0.3922,0.1961,28.7443,"2",7.9937802175e-08,0.00865169520312063,0.000375903939122988,9.92212292685352e-05,0.00102908768331168,-14889.9410031245
2563,2565,32,-2.4358,0.2206,-10.368,-2.4669,0.2638,-10.5608,0.0677,0.2,0.4314,0.3922,0.1961,28.878,"2",8.01286255e-08,0.00865169520312063,0.000376800722150035,9.94579384515737e-05,0.000929866453760317,-14889.9206571125
2564,2566,32,-2.4669,0.2638,-10.5608,-2.4645,0.3051,-10.7565,0.0677,0.2,0.4314,0.3922,0.1961,29.0122,"2",8.032016245e-08,0.00865169520312063,0.00037770091783301,9.9695548417714e-05,0.000830408515761174,-14889.9026130018
2565,2567,32,-2.4645,0.3051,-10.7565,-2.4538,0.3554,-10.9498,0.0677,0.2,0.4314,0.3922,0.1961,29.1468,"2",8.05122703e-08,0.00865169520312063,0.000378603855571716,9.9933882159564e-05,0.000730712967074067,-14889.8868762935
2566,2568,32,-2.4538,0.3554,-10.9498,-2.4584,0.4002,-11.1446,0.0677,0.2,0.4314,0.3922,0.1961,29.2819,"2",8.0705091775e-08,0.00865169520312063,0.000379510207082865,0.000100173116979224,0.000630779084507974,-14889.8734525077
2567,2569,32,-2.4584,0.4002,-11.1446,-2.4648,0.4374,-11.341,0.0677,0.2,0.4314,0.3922,0.1961,29.4175,"2",8.0898626875e-08,0.00865169520312063,0.000380419972931311,0.000100413253025789,0.0005306059679052,-14889.862347185
2568,2570,32,-2.4648,0.4374,-11.341,-2.4629,0.4906,-11.5338,0.0677,0.2,0.4314,0.3922,0.1961,29.5535,"2",8.1092732875e-08,0.00865169520312063,0.000381332482533419,0.00010065411329624,0.000430192714784175,-14889.853565885
2569,2571,32,-2.4629,0.4906,-11.5338,-2.4883,0.5328,-11.7276,0.0677,0.2,0.4314,0.3922,0.1961,29.69,"2",8.12875525e-08,0.00865169520312063,0.000382248407618498,0.000100895875096,0.000329538601390468,-14889.8471141862
2570,2572,32,-2.4883,0.5328,-11.7276,-2.5364,0.5562,-11.9204,0.0677,0.2,0.4314,0.3922,0.1961,29.827,"2",8.148308575e-08,0.00865169520312063,0.00038316774876638,0.00010113853857812,0.000228642726489932,-14889.8429976876
2571,2573,32,-2.5364,0.5562,-11.9204,-2.577,0.5663,-12.1159,0.0677,0.2,0.4314,0.3922,0.1961,29.9645,"2",8.1679332625e-08,0.00865169520312063,0.000384090506562075,0.000101382103897014,0.000127504187983062,-14889.8412220094
2572,2574,32,-2.577,0.5663,-12.1159,-2.5858,0.5681,-12.1666,0.0677,0.0515,0.4314,0.3922,0.1961,30,"2",8.173e-08,0.00865169520312063,9.89646521512521e-05,2.61220844439396e-05,2.61220841621702e-05,-14889.8411442623
46,2575,33,-0.0448,-0.0164,-6.1569,-0.0195,-0.1877,-6.2571,0.1887,0.2,0.4314,0.3922,0.1961,25.7738,"2",7.569815605e-08,0.00865169520312063,0.000992168669832619,0.000261886574778114,0.00206812826026011,-14889.6716967495
2574,2576,33,-0.0195,-0.1877,-6.2571,0.0119,-0.3528,-6.3655,0.051,0.2,0.4314,0.3922,0.1961,25.9397,"2",7.5934936825e-08,0.00865169520312063,0.000268991685080169,7.10013460325479e-05,0.00180624168559715,-14889.6307627833
2575,2577,33,0.0119,-0.3528,-6.3655,0.0457,-0.5176,-6.4737,0.051,0.2,0.4314,0.3922,0.1961,26.1062,"2",7.617257395e-08,0.00865169520312063,0.000269832748222025,7.12233477466615e-05,0.00173524033932079,-14889.591472711
2576,2578,33,0.0457,-0.5176,-6.4737,0.1222,-0.6828,-6.5564,0.051,0.2,0.4314,0.3922,0.1961,26.2731,"2",7.6410781975e-08,0.00865169520312063,0.000270675859624578,7.14458901067305e-05,0.00166401699181814,-14889.5538316708
2577,2579,33,0.1222,-0.6828,-6.5564,0.1923,-0.8527,-6.6353,0.051,0.2,0.4314,0.3922,0.1961,26.4407,"2",7.6649989075e-08,0.00865169520312063,0.000271522536407083,7.16693735619697e-05,0.00159257110136315,-14889.5178448183
2578,2580,33,0.1923,-0.8527,-6.6353,0.272,-1.0361,-6.6418,0.051,0.2,0.4314,0.3922,0.1961,26.6087,"2",7.6889767075e-08,0.00865169520312063,0.000272371262176802,7.1893397854931e-05,0.00152090172779706,-14889.4835173257
2579,2581,33,0.272,-1.0361,-6.6418,0.3453,-1.222,-6.6489,0.051,0.2,0.4314,0.3922,0.1961,26.7773,"2",7.7130401425e-08,0.00865169520312063,0.000273223048469923,7.2118229984317e-05,0.00144900832984607,-14889.4508543812
2580,2582,33,0.3453,-1.222,-6.6489,0.4031,-1.413,-6.6357,0.051,0.2,0.4314,0.3922,0.1961,26.9464,"2",7.73717494e-08,0.00865169520312063,0.000274077390073371,7.23437365972755e-05,0.00137689009960623,-14889.41986119
2581,2583,33,0.4031,-1.413,-6.6357,0.4317,-1.6068,-6.5954,0.051,0.2,0.4314,0.3922,0.1961,27.116,"2",7.7613811e-08,0.00865169520312063,0.000274934287361924,7.25699177927305e-05,0.00130454636339378,-14889.3905429728
2582,2584,33,0.4317,-1.6068,-6.5954,0.4434,-1.8017,-6.5522,0.051,0.2,0.4314,0.3922,0.1961,27.2862,"2",7.785672895e-08,0.00865169520312063,0.00027579424629271,7.27969071199296e-05,0.0012319764457537,-14889.3629049677
2583,2585,33,0.4434,-1.8017,-6.5522,0.455,-1.9896,-6.4847,0.051,0.2,0.4314,0.3922,0.1961,27.457,"2",7.810050325e-08,0.00865169520312063,0.000276657267244306,7.30247046787997e-05,0.0011591795388409,-14889.3369524313
2584,2586,33,0.455,-1.9896,-6.4847,0.4562,-2.1764,-6.413,0.051,0.2,0.4314,0.3922,0.1961,27.6283,"2",7.8344991175e-08,0.00865169520312063,0.00027752284502169,7.32531771212539e-05,0.00108615483386603,-14889.3126906372
2585,2587,33,0.4562,-2.1764,-6.413,0.4559,-2.3611,-6.3363,0.051,0.2,0.4314,0.3922,0.1961,27.8002,"2",7.859033545e-08,0.00865169520312063,0.000278391485589706,7.34824579985762e-05,0.00101290165676788,-14889.2901248765
2586,2588,33,0.4559,-2.3611,-6.3363,0.486,-2.5415,-6.2554,0.051,0.2,0.4314,0.3922,0.1961,27.9726,"2",7.883639335e-08,0.00865169520312063,0.000279262683762097,7.37124139649936e-05,0.000939419198886615,-14889.2692604572
2587,2589,33,0.486,-2.5415,-6.2554,0.5468,-2.7097,-6.166,0.051,0.2,0.4314,0.3922,0.1961,28.1456,"2",7.90833076e-08,0.00865169520312063,0.000280136945509143,7.39431785732251e-05,0.000865706784976038,-14889.2501027045
2588,2590,33,0.5468,-2.7097,-6.166,0.5874,-2.875,-6.061,0.051,0.2,0.4314,0.3922,0.1961,28.3191,"2",7.9330935475e-08,0.00865169520312063,0.000281013765653181,7.41746184797656e-05,0.000791763606546658,-14889.2326569607
2589,2591,33,0.5874,-2.875,-6.061,0.6293,-3.0327,-5.9452,0.051,0.2,0.4314,0.3922,0.1961,28.4933,"2",7.9579562425e-08,0.00865169520312063,0.000281894155744052,7.44070006869217e-05,0.00071758898791695,-14889.2169285869
2590,2592,33,0.6293,-3.0327,-5.9452,0.6603,-3.1765,-5.8098,0.051,0.2,0.4314,0.3922,0.1961,28.668,"2",7.9828903e-08,0.00865169520312063,0.000282777105037711,7.46400584050797e-05,0.000643181987232033,-14889.2029229628
2591,2593,33,0.6603,-3.1765,-5.8098,0.6826,-3.3306,-5.6842,0.051,0.2,0.4314,0.3922,0.1961,28.8433,"2",8.0079099925e-08,0.00865169520312063,0.000283663119516439,7.48739251901267e-05,0.000568541928545849,-14889.1906454854
2592,2594,33,0.6826,-3.3306,-5.6842,0.7476,-3.4821,-5.571,0.051,0.2,0.4314,0.3922,0.1961,29.0191,"2",8.0330010475e-08,0.00865169520312063,0.000284551694019476,7.51084677030188e-05,0.000493668003588841,-14889.1801015688
2593,2595,33,0.7476,-3.4821,-5.571,0.8061,-3.6438,-5.4688,0.051,0.2,0.4314,0.3922,0.1961,29.1956,"2",8.05819201e-08,0.00865169520312063,0.000285443840107566,7.53439529489408e-05,0.000418559536158594,-14889.1712966457
2594,2596,33,0.8061,-3.6438,-5.4688,0.8718,-3.8121,-5.3831,0.051,0.2,0.4314,0.3922,0.1961,29.3726,"2",8.083454335e-08,0.00865169520312063,0.000286338547055397,7.55801141432237e-05,0.000343215582950836,-14889.1642361676
2595,2597,33,0.8718,-3.8121,-5.3831,0.9365,-3.981,-5.2978,0.051,0.2,0.4314,0.3922,0.1961,29.5503,"2",8.1088165675e-08,0.00865169520312063,0.000287236826430108,7.58172182927393e-05,0.000267635468828045,-14889.1589256047
2596,2598,33,0.9365,-3.981,-5.2978,0.9832,-4.1588,-5.219,0.051,0.2,0.4314,0.3922,0.1961,29.7285,"2",8.1342501625e-08,0.00865169520312063,0.00028813766751525,7.60549986151587e-05,0.000191818250608602,-14889.1553704459
2597,2599,33,0.9832,-4.1588,-5.219,1.0298,-4.3367,-5.1404,0.051,0.2,0.4314,0.3922,0.1961,29.9074,"2",8.159783665e-08,0.00865169520312063,0.000289042081884904,7.62937221191863e-05,0.000115763252169037,-14889.1535761989
2598,2600,33,1.0298,-4.3367,-5.1404,1.0578,-4.4266,-5.0978,0.051,0.1033,0.4314,0.3922,0.1961,30,"2",8.173e-08,0.00865169520312063,0.000149532030170349,3.94695301228739e-05,3.94695299630601e-05,-14889.1533405687
48,2601,34,-0.0421,-0.0061,-6.4003,-0.1055,-0.1763,-6.484,0.1887,0.2,0.4314,0.3922,0.1961,26.0981,"2",7.6161013225e-08,0.00865169520312063,0.000998136617728664,0.000263461836606542,0.00323809969013393,-14888.215960154
2600,2602,34,-0.1055,-0.1763,-6.484,-0.1966,-0.3346,-6.5654,0.0596,0.2,0.4314,0.3922,0.1961,26.2052,"2",7.63138717e-08,0.00865169520312063,0.000315887946524107,8.33797869699379e-05,0.00297463785384157,-14888.1481596165
2601,2603,34,-0.1966,-0.3346,-6.5654,-0.2987,-0.4937,-6.6307,0.0596,0.2,0.4314,0.3922,0.1961,26.3127,"2",7.6467301075e-08,0.00865169520312063,0.000316521590472231,8.35470396238955e-05,0.0028912580668002,-14888.0822884907
2602,2604,34,-0.2987,-0.4937,-6.6307,-0.4139,-0.638,-6.7076,0.0596,0.2,0.4314,0.3922,0.1961,26.4204,"2",7.66210159e-08,0.00865169520312063,0.000317156452149645,8.37146137019844e-05,0.00280771102723774,-14888.0183506467
2603,2605,34,-0.4139,-0.638,-6.7076,-0.5296,-0.7701,-6.8033,0.0596,0.2,0.4314,0.3922,0.1961,26.5286,"2",7.677544435e-08,0.00865169520312063,0.000317794304209709,8.38829771025879e-05,0.00272399641356266,-14887.9563499675
2604,2606,34,-0.5296,-0.7701,-6.8033,-0.6647,-0.8893,-6.8902,0.0596,0.2,0.4314,0.3922,0.1961,26.637,"2",7.693015825e-08,0.00865169520312063,0.000318433374628908,8.40516620935724e-05,0.00264011343670293,-14887.8962903487
2605,2607,34,-0.6647,-0.8893,-6.8902,-0.815,-1.0133,-6.9353,0.0596,0.2,0.4314,0.3922,0.1961,26.7459,"2",7.7085585775e-08,0.00865169520312063,0.000319075436050517,8.422113657066e-05,0.00255606177443938,-14887.8381756991
2606,2608,34,-0.815,-1.0133,-6.9353,-0.9641,-1.1465,-6.9388,0.0596,0.2,0.4314,0.3922,0.1961,26.855,"2",7.724129875e-08,0.00865169520312063,0.000319718716471084,8.43909328070122e-05,0.00247184063811526,-14887.7820099399
2607,2609,34,-0.9641,-1.1465,-6.9388,-1.1135,-1.2785,-6.9546,0.0596,0.2,0.4314,0.3922,0.1961,26.9646,"2",7.739772535e-08,0.00865169520312063,0.000320364988524778,8.45615186959471e-05,0.00238744970522171,-14887.7277970056
2608,2610,34,-1.1135,-1.2785,-6.9546,-1.2631,-1.4103,-6.9706,0.0596,0.2,0.4314,0.3922,0.1961,27.0744,"2",7.75544374e-08,0.00865169520312063,0.000321012480227297,8.47324265156814e-05,0.00230288818657288,-14887.6755408432
2609,2611,34,-1.2631,-1.4103,-6.9706,-1.411,-1.5437,-6.989,0.0596,0.2,0.4314,0.3922,0.1961,27.1847,"2",7.7711863075e-08,0.00865169520312063,0.000321662964204682,8.4904124157388e-05,0.00221815576041042,-14887.6252454127
2610,2612,34,-1.411,-1.5437,-6.989,-1.5683,-1.6655,-7.0098,0.0596,0.2,0.4314,0.3922,0.1961,27.2952,"2",7.78695742e-08,0.00865169520312063,0.000322314668490867,8.50761439040971e-05,0.00213325163607663,-14887.576914687
2611,2613,34,-1.5683,-1.6655,-7.0098,-1.7506,-1.7456,-7.0286,0.0596,0.2,0.4314,0.3922,0.1961,27.4062,"2",7.802799895e-08,0.00865169520312063,0.000322969365704755,8.52489536450968e-05,0.00204817549194417,-14887.5305526517
2612,2614,34,-1.7506,-1.7456,-7.0286,-1.9376,-1.7899,-7.084,0.0596,0.2,0.4314,0.3922,0.1961,27.5175,"2",7.8186851875e-08,0.00865169520312063,0.000323625874655539,8.54222416007234e-05,0.0019629265384318,-14887.4861633071
2613,2615,34,-1.9376,-1.7899,-7.084,-2.112,-1.8194,-7.1773,0.0596,0.2,0.4314,0.3922,0.1961,27.6291,"2",7.8346132975e-08,0.00865169520312063,0.000324284195682213,8.55960078604553e-05,0.0018775042969199,-14887.4437506648
2614,2616,34,-2.112,-1.8194,-7.1773,-2.2868,-1.8563,-7.2672,0.0596,0.2,0.4314,0.3922,0.1961,27.7412,"2",7.85061277e-08,0.00865169520312063,0.000324945510635199,8.57705643780646e-05,0.0017919082889054,-14887.4033187506
2615,2617,34,-2.2868,-1.8563,-7.2672,-2.4648,-1.8902,-7.3519,0.0596,0.2,0.4314,0.3922,0.1961,27.8536,"2",7.86665506e-08,0.00865169520312063,0.000325608638343066,8.59455993790015e-05,0.00170613772473393,-14887.3648716055
2616,2618,34,-2.4648,-1.8902,-7.3519,-2.6486,-1.9225,-7.4238,0.0596,0.2,0.4314,0.3922,0.1961,27.9664,"2",7.88275444e-08,0.00865169520312063,0.000326274169904097,8.6121268885835e-05,0.00162019212509766,-14887.3284132829
2617,2619,34,-2.6486,-1.9225,-7.4238,-2.8402,-1.9792,-7.4325,0.0596,0.2,0.4314,0.3922,0.1961,28.0795,"2",7.8988966375e-08,0.00865169520312063,0.000326941514913424,8.62974170590256e-05,0.00153407085643117,-14887.2939478494
2618,2620,34,-2.8402,-1.9792,-7.4325,-3.0225,-2.06,-7.4479,0.0596,0.2,0.4314,0.3922,0.1961,28.193,"2",7.915095925e-08,0.00865169520312063,0.000327611264471739,8.64741999217781e-05,0.00144777343948171,-14887.2614793842
2619,2621,34,-3.0225,-2.06,-7.4479,-3.1912,-2.1598,-7.4872,0.0596,0.2,0.4314,0.3922,0.1961,28.307,"2",7.931366575e-08,0.00865169520312063,0.000328284009677168,8.66517734966197e-05,0.0013612992393521,-14887.2310119831
2620,2622,34,-3.1912,-2.1598,-7.4872,-3.3486,-2.2803,-7.5141,0.0596,0.2,0.4314,0.3922,0.1961,28.4212,"2",7.94766577e-08,0.00865169520312063,0.000328957978641618,8.68296700871626e-05,0.00127464746605823,-14887.2025497549
2621,2623,34,-3.3486,-2.2803,-7.5141,-3.5018,-2.4073,-7.5338,0.0596,0.2,0.4314,0.3922,0.1961,28.5359,"2",7.9640363275e-08,0.00865169520312063,0.00032963494396386,8.70083575773807e-05,0.00118781779592768,-14887.176096821
2622,2624,34,-3.5018,-2.4073,-7.5338,-3.6703,-2.5103,-7.5018,0.0596,0.2,0.4314,0.3922,0.1961,28.651,"2",7.980463975e-08,0.00865169520312063,0.000330314315256466,8.71876801323384e-05,0.00110080943796022,-14887.1516573196
2623,2625,34,-3.6703,-2.5103,-7.5018,-3.8419,-2.6107,-7.4801,0.0596,0.2,0.4314,0.3922,0.1961,28.7664,"2",7.99693444e-08,0.00865169520312063,0.000330995502139352,8.73674819190374e-05,0.00101362175803402,-14887.1292354015
2624,2626,34,-3.8419,-2.6107,-7.4801,-4.0046,-2.7216,-7.4452,0.0596,0.2,0.4314,0.3922,0.1961,28.8823,"2",8.0134762675e-08,0.00865169520312063,0.000331679686465423,8.75480748919053e-05,0.000926254276035012,-14887.1088352324
2625,2627,34,-4.0046,-2.7216,-7.4452,-4.1685,-2.8291,-7.4057,0.0596,0.2,0.4314,0.3922,0.1961,28.9985,"2",8.0300609125e-08,0.00865169520312063,0.000332365687118393,8.77291472909485e-05,0.000838706200920815,-14887.0904609924
2626,2628,34,-4.1685,-2.8291,-7.4057,-4.3089,-2.9654,-7.3639,0.0596,0.2,0.4314,0.3922,0.1961,29.1151,"2",8.0467026475e-08,0.00865169520312063,0.000333054095213175,8.79108551431247e-05,0.000750977053413037,-14887.0741168749
2627,2629,34,-4.3089,-2.9654,-7.3639,-4.4476,-3.1037,-7.3236,0.0596,0.2,0.4314,0.3922,0.1961,29.2322,"2",8.063415745e-08,0.00865169520312063,0.000333745501864797,8.80933544754234e-05,0.000663066198390972,-14887.0598070893
2628,2630,34,-4.4476,-3.1037,-7.3236,-4.5807,-3.2467,-7.281,0.0596,0.2,0.4314,0.3922,0.1961,29.3496,"2",8.08017166e-08,0.00865169520312063,0.00033443872597073,8.82763335314816e-05,0.000574972844044842,-14887.0475358602
2629,2631,34,-4.5807,-3.2467,-7.281,-4.726,-3.3795,-7.2455,0.0596,0.2,0.4314,0.3922,0.1961,29.4674,"2",8.096984665e-08,0.00865169520312063,0.000335134358652851,8.84599483400957e-05,0.000486696510738935,-14887.0373074247
2630,2632,34,-4.726,-3.3795,-7.2455,-4.8654,-3.5029,-7.1723,0.0596,0.2,0.4314,0.3922,0.1961,29.5857,"2",8.1138690325e-08,0.00865169520312063,0.000335832991034175,8.86443549303631e-05,0.000398236562273802,-14887.0291260366
2631,2633,34,-4.8654,-3.5029,-7.1723,-5.022,-3.6148,-7.1179,0.0596,0.2,0.4314,0.3922,0.1961,29.7043,"2",8.1307962175e-08,0.00865169520312063,0.000336533442024538,8.88292415491849e-05,0.000309592207106879,-14887.0229959644
2632,2634,34,-5.022,-3.6148,-7.1179,-5.1772,-3.7399,-7.1021,0.0596,0.2,0.4314,0.3922,0.1961,29.8234,"2",8.147794765e-08,0.00865169520312063,0.000337236893491824,8.90149201549419e-05,0.000220762965508921,-14887.0189214911
2633,2635,34,-5.1772,-3.7399,-7.1021,-5.3288,-3.8692,-7.0842,0.0596,0.2,0.4314,0.3922,0.1961,29.9429,"2",8.1648504025e-08,0.00865169520312063,0.000337942755091422,8.92012349239995e-05,0.000131748045473814,-14887.0169069165
2634,2636,34,-5.3288,-3.8692,-7.0842,-5.3866,-3.9439,-7.0716,0.0596,0.0953,0.4314,0.3922,0.1961,30,"2",8.173e-08,0.00865169520312063,0.000161190440743152,4.25468105340597e-05,4.25468103636362e-05,-14887.0166725861
50,2637,35,-0.0683,0.0031,-6.7039,-0.0855,-0.1903,-6.752,0.1887,0.2,0.4314,0.3922,0.1961,26.5961,"2",7.6871783725e-08,0.00865169520312063,0.00100738235483455,0.000265902282969726,0.00389178561238828,-14887.2042890737
2636,2638,35,-0.0855,-0.1903,-6.752,-0.128,-0.3755,-6.8142,0.0922,0.2,0.4314,0.3922,0.1961,26.7168,"2",7.70440528e-08,0.00865169520312063,0.000493313512002108,0.000130211918475302,0.0036258833293719,-14887.1219750941
2637,2639,35,-0.128,-0.3755,-6.8142,-0.1756,-0.5558,-6.8866,0.0922,0.2,0.4314,0.3922,0.1961,26.8379,"2",7.7216892775e-08,0.00865169520312063,0.000494417468437358,0.000130503311842501,0.00349567141110441,-14887.0426745729
2638,2640,35,-0.1756,-0.5558,-6.8866,-0.2579,-0.7148,-6.9758,0.0922,0.2,0.4314,0.3922,0.1961,26.9593,"2",7.7390160925e-08,0.00865169520312063,0.000495524256670256,0.00013079545267312,0.003365168099314,-14886.9663942547
2639,2641,35,-0.2579,-0.7148,-6.9758,-0.3407,-0.8806,-7.0509,0.0922,0.2,0.4314,0.3922,0.1961,27.0811,"2",7.7563999975e-08,0.00865169520312063,0.000496634791429617,0.000131088582413197,0.00323437264680694,-14886.8931409043
2640,2642,35,-0.3407,-0.8806,-7.0509,-0.4263,-1.0467,-7.1223,0.0922,0.2,0.4314,0.3922,0.1961,27.2033,"2",7.7738409925e-08,0.00865169520312063,0.000497749073582613,0.000131382701291627,0.00310328406441446,-14886.8229213094
2641,2643,35,-0.4263,-1.0467,-7.1223,-0.5446,-1.2026,-7.1635,0.0922,0.2,0.4314,0.3922,0.1961,27.3259,"2",7.7913390775e-08,0.00865169520312063,0.000498867104003827,0.000131677809539259,0.00297190136277859,-14886.7557422806
2642,2644,35,-0.5446,-1.2026,-7.1635,-0.6222,-1.3862,-7.1798,0.0922,0.2,0.4314,0.3922,0.1961,27.4489,"2",7.8088942525e-08,0.00865169520312063,0.000499988883575278,0.000131973907388904,0.00284022355356619,-14886.6916106512
2643,2645,35,-0.6222,-1.3862,-7.1798,-0.7022,-1.5692,-7.1908,0.0922,0.2,0.4314,0.3922,0.1961,27.5723,"2",7.8265065175e-08,0.00865169520312063,0.000501114413186446,0.000132270995075346,0.00270824964611668,-14886.6305332776
2644,2646,35,-0.7022,-1.5692,-7.1908,-0.7662,-1.7587,-7.1913,0.0922,0.2,0.4314,0.3922,0.1961,27.6961,"2",7.8441758725e-08,0.00865169520312063,0.000502243693734301,0.000132569072835341,0.00257597865101054,-14886.5725170389
2645,2647,35,-0.7662,-1.7587,-7.1913,-0.825,-1.9495,-7.1812,0.0922,0.2,0.4314,0.3922,0.1961,27.8203,"2",7.8619023175e-08,0.00865169520312063,0.000503376726123327,0.000132868140907633,0.00244340957781992,-14886.5175688371
2646,2648,35,-0.825,-1.9495,-7.1812,-0.8695,-2.1385,-7.1331,0.0922,0.2,0.4314,0.3922,0.1961,27.9449,"2",7.8796858525e-08,0.00865169520312063,0.000504513511265548,0.000133168199532952,0.00231054143713804,-14886.4656955974
2647,2649,35,-0.8695,-2.1385,-7.1331,-0.9169,-2.3272,-7.0868,0.0922,0.2,0.4314,0.3922,0.1961,28.0698,"2",7.897512205e-08,0.00865169520312063,0.000505653136256752,0.00013346900774687,0.00217737323779713,-14886.4169042647
2648,2650,35,-0.9169,-2.3272,-7.0868,-0.9535,-2.5185,-7.0414,0.0922,0.2,0.4314,0.3922,0.1961,28.1952,"2",7.91540992e-08,0.00865169520312063,0.000506797429674497,0.000133771048209169,0.00204390422968479,-14886.3712018069
2649,2651,35,-0.9535,-2.5185,-7.0414,-0.9848,-2.7115,-6.9992,0.0922,0.2,0.4314,0.3922,0.1961,28.3211,"2",7.9333789975e-08,0.00865169520312063,0.000507946392444708,0.000134074321164249,0.00191013318162073,-14886.3285952207
2650,2652,35,-0.9848,-2.7115,-6.9992,-1.0468,-2.8903,-6.9345,0.0922,0.2,0.4314,0.3922,0.1961,28.4473,"2",7.9513908925e-08,0.00865169520312063,0.000509098197871305,0.000134378344448952,0.00177605886071642,-14886.2890915254
2651,2653,35,-1.0468,-2.8903,-6.9345,-1.1057,-3.0725,-6.8767,0.0922,0.2,0.4314,0.3922,0.1961,28.5739,"2",7.9694598775e-08,0.00865169520312063,0.000510253760725257,0.000134683359520445,0.00164168051608801,-14886.2526977604
2652,2654,35,-1.1057,-3.0725,-6.8767,-1.1842,-3.2368,-6.794,0.0922,0.2,0.4314,0.3922,0.1961,28.701,"2",7.987600225e-08,0.00865169520312063,0.000511413995775337,0.000134989607835315,0.00150699715639808,-14886.2194209911
2653,2655,35,-1.1842,-3.2368,-6.794,-1.2479,-3.4103,-6.7175,0.0922,0.2,0.4314,0.3922,0.1961,28.8284,"2",8.00578339e-08,0.00865169520312063,0.000512577076363419,0.000135296607240422,0.00137200754874598,-14886.1892683056
2654,2656,35,-1.2479,-3.4103,-6.7175,-1.3701,-3.5442,-6.6332,0.0922,0.2,0.4314,0.3922,0.1961,28.9563,"2",8.0240379175e-08,0.00865169520312063,0.000513744831083109,0.000135604840399782,0.00123671094159242,-14886.1622468151
2655,2657,35,-1.3701,-3.5442,-6.6332,-1.5193,-3.6617,-6.5703,0.0922,0.2,0.4314,0.3922,0.1961,29.0847,"2",8.0423638075e-08,0.00865169520312063,0.000514917260910915,0.000135914307571149,0.00110110610109335,-14886.1383636591
2656,2658,35,-1.5193,-3.6617,-6.5703,-1.6469,-3.7967,-6.4961,0.0922,0.2,0.4314,0.3922,0.1961,29.2134,"2",8.060732515e-08,0.00865169520312063,0.000516092539224181,0.000136224526610744,0.000965191793774882,-14886.1176260004
2657,2659,35,-1.6469,-3.7967,-6.4961,-1.7777,-3.8976,-6.3835,0.0922,0.2,0.4314,0.3922,0.1961,29.3426,"2",8.079172585e-08,0.00865169520312063,0.000517272494630584,0.0001365359801863,0.000828967267055371,-14886.1000410243
2658,2660,35,-1.7777,-3.8976,-6.3835,-1.8954,-4.0252,-6.2842,0.0922,0.2,0.4314,0.3922,0.1961,29.4723,"2",8.0976840175e-08,0.00865169520312063,0.000518457128132716,0.000136848668562454,0.000692431286743257,-14886.0856159452
2659,2661,35,-1.8954,-4.0252,-6.2842,-2.0265,-4.1486,-6.1971,0.0922,0.2,0.4314,0.3922,0.1961,29.6023,"2",8.1162382675e-08,0.00865169520312063,0.000519644613140116,0.000137162109603926,0.00055558261816499,-14886.0743579999
2660,2662,35,-2.0265,-4.1486,-6.1971,-2.153,-4.2801,-6.1151,0.0922,0.2,0.4314,0.3922,0.1961,29.7328,"2",8.13486388e-08,0.00865169520312063,0.000520836778278341,0.000137476785983167,0.000418420508604139,-14886.0662744486
2661,2663,35,-2.153,-4.2801,-6.1151,-2.2739,-4.4136,-6.0282,0.0922,0.2,0.4314,0.3922,0.1961,29.8638,"2",8.153560855e-08,0.00865169520312063,0.000522033624576343,0.000137792697971773,0.000280943722670337,-14886.0613725799
2662,2664,35,-2.2739,-4.4136,-6.0282,-2.4125,-4.5419,-5.9623,0.0922,0.2,0.4314,0.3922,0.1961,29.9952,"2",8.17231492e-08,0.00865169520312063,0.000523234239272507,0.000138109604642954,0.000143151024588743,-14886.0596597082
2663,2665,35,-2.4125,-4.5419,-5.9623,-2.4175,-4.5467,-5.96,0.0922,0.0073,0.4314,0.3922,0.1961,30,"2",8.173e-08,0.00865169520312063,1.90996499359695e-05,5.04142294881767e-06,5.04142099957878e-06,-14886.0596575813
51,2666,36,-0.0732,0.0022,-6.7814,-0.1923,-0.1315,-6.8705,0.1887,0.2,0.4314,0.3922,0.1961,26.6954,"2",7.701350965e-08,0.00865169520312063,0.0010091701595616,0.000266374180612311,0.00452544278930591,-14886.1928371743
2665,2667,36,-0.1923,-0.1315,-6.8705,-0.295,-0.2817,-6.9536,0.0892,0.2,0.4314,0.3922,0.1961,26.791,"2",7.714995475e-08,0.00865169520312063,0.000477884744895436,0.000126139438569948,0.00425906860872476,-14886.09583887
2666,2668,36,-0.295,-0.2817,-6.9536,-0.4249,-0.4195,-7.0179,0.0892,0.2,0.4314,0.3922,0.1961,26.8869,"2",7.7286828025e-08,0.00865169520312063,0.000478729434056387,0.000126362397385157,0.00413292916972344,-14886.0017590901
2667,2669,36,-0.4249,-0.4195,-7.0179,-0.5753,-0.5472,-7.0507,0.0892,0.2,0.4314,0.3922,0.1961,26.9831,"2",7.7424129475e-08,0.00865169520312063,0.000479576860335523,0.000126586078672793,0.00400656677275459,-14885.910602997
2668,2670,36,-0.5753,-0.5472,-7.0507,-0.7096,-0.668,-7.1365,0.0892,0.2,0.4314,0.3922,0.1961,27.0796,"2",7.75618591e-08,0.00865169520312063,0.000480427024363603,0.000126810482599346,0.00387998069372144,-14885.8223757698
2669,2671,36,-0.7096,-0.668,-7.1365,-0.8541,-0.7792,-7.2188,0.0892,0.2,0.4314,0.3922,0.1961,27.1764,"2",7.77000169e-08,0.00865169520312063,0.000481279926776333,0.000127035609332613,0.0037531702112502,-14885.7370826046
2670,2672,36,-0.8541,-0.7792,-7.2188,-1.0021,-0.8885,-7.2971,0.0892,0.2,0.4314,0.3922,0.1961,27.2736,"2",7.78387456e-08,0.00865169520312063,0.00048213645225905,0.000127261692388549,0.00362613460193591,-14885.6547287164
2671,2673,36,-1.0021,-0.8885,-7.2971,-1.1523,-1.0141,-7.338,0.0892,0.2,0.4314,0.3922,0.1961,27.371,"2",7.797775975e-08,0.00865169520312063,0.000482994833363363,0.000127488265242639,0.00349887290974311,-14885.5753193373
2672,2674,36,-1.1523,-1.0141,-7.338,-1.3172,-1.1253,-7.3594,0.0892,0.2,0.4314,0.3922,0.1961,27.4687,"2",7.8117202075e-08,0.00865169520312063,0.000483855954789664,0.000127715561414811,0.00337138464444688,-14885.4988597134
2673,2675,36,-1.3172,-1.1253,-7.3594,-1.466,-1.2566,-7.3839,0.0892,0.2,0.4314,0.3922,0.1961,27.5668,"2",7.82572153e-08,0.00865169520312063,0.000484720701224104,0.000127943814421233,0.00324366908286021,-14885.42535511
2674,2676,36,-1.466,-1.2566,-7.3839,-1.6158,-1.3868,-7.4087,0.0892,0.2,0.4314,0.3922,0.1961,27.6652,"2",7.83976567e-08,0.00865169520312063,0.000485588189288329,0.000128172791090935,0.00311572526844201,-14885.3548108121
2675,2677,36,-1.6158,-1.3868,-7.4087,-1.7574,-1.5236,-7.4437,0.0892,0.2,0.4314,0.3922,0.1961,27.7639,"2",7.8538526275e-08,0.00865169520312063,0.000486458419648781,0.000128402491599826,0.00298755247725664,-14885.2872321211
2676,2678,36,-1.7574,-1.5236,-7.4437,-1.9087,-1.6406,-7.5022,0.0892,0.2,0.4314,0.3922,0.1961,27.8629,"2",7.8679824025e-08,0.00865169520312063,0.000487331392976961,0.000128632916125152,0.00285914998551793,-14885.2226243555
2677,2679,36,-1.9087,-1.6406,-7.5022,-2.0488,-1.7725,-7.5569,0.0892,0.2,0.4314,0.3922,0.1961,27.9622,"2",7.882154995e-08,0.00865169520312063,0.00048820710994944,0.000128864064845497,0.00273051706942738,-14885.1609928503
2678,2680,36,-2.0488,-1.7725,-7.5569,-2.1872,-1.9028,-7.6188,0.0892,0.2,0.4314,0.3922,0.1961,28.0619,"2",7.8963846775e-08,0.00865169520312063,0.000489086455258337,0.000129096171278603,0.00260165300448723,-14885.1023429599
2679,2681,36,-2.1872,-1.9028,-7.6188,-2.288,-2.0742,-7.6409,0.0892,0.2,0.4314,0.3922,0.1961,28.1619,"2",7.9106571775e-08,0.00865169520312063,0.000489968545573202,0.000129329002266144,0.00247255683337706,-14885.0466800584
2680,2682,36,-2.288,-2.0742,-7.6409,-2.3807,-2.2514,-7.6424,0.0892,0.2,0.4314,0.3922,0.1961,28.2622,"2",7.924972495e-08,0.00865169520312063,0.000490853381586634,0.000129562557990936,0.00234322783106493,-14884.9940095363
2681,2683,36,-2.3807,-2.2514,-7.6424,-2.4834,-2.4228,-7.6497,0.0892,0.2,0.4314,0.3922,0.1961,28.3628,"2",7.93933063e-08,0.00865169520312063,0.000491740963996367,0.000129796838637146,0.00221366527309007,-14884.9443368013
2682,2684,36,-2.4834,-2.4228,-7.6497,-2.5862,-2.5944,-7.6506,0.0892,0.2,0.4314,0.3922,0.1961,28.4638,"2",7.953745855e-08,0.00865169520312063,0.000492632177502977,0.000130032077724752,0.00208386843448276,-14884.8976672802
2683,2685,36,-2.5862,-2.5944,-7.6506,-2.6796,-2.7712,-7.6553,0.0892,0.2,0.4314,0.3922,0.1961,28.5651,"2",7.9682038975e-08,0.00865169520312063,0.000493526138811523,0.000130268042104799,0.00195383635688551,-14884.8540064193
2684,2686,36,-2.6796,-2.7712,-7.6553,-2.7794,-2.9439,-7.6701,0.0892,0.2,0.4314,0.3922,0.1961,28.6668,"2",7.98271903e-08,0.00865169520312063,0.000494423732628363,0.000130504965298789,0.00182356831463216,-14884.8133596845
2685,2687,36,-2.7794,-2.9439,-7.6701,-2.8677,-3.1211,-7.6421,0.0892,0.2,0.4314,0.3922,0.1961,28.7688,"2",7.99727698e-08,0.00865169520312063,0.000495324075675686,0.000130742614162292,0.00169306334933065,-14884.7757325611
2686,2688,36,-2.8677,-3.1211,-7.6421,-2.9541,-3.3013,-7.6346,0.0892,0.2,0.4314,0.3922,0.1961,28.8711,"2",8.0118777475e-08,0.00865169520312063,0.00049622716867859,0.000130980988886699,0.00156232073516026,-14884.7411305512
2687,2689,36,-2.9541,-3.3013,-7.6346,-3.0418,-3.4769,-7.6731,0.0892,0.2,0.4314,0.3922,0.1961,28.9738,"2",8.026535605e-08,0.00865169520312063,0.000497133896353238,0.0001312203229961,0.00143133974629481,-14884.7095591764
2688,2690,36,-3.0418,-3.4769,-7.6731,-3.1269,-3.6575,-7.6854,0.0892,0.2,0.4314,0.3922,0.1961,29.0769,"2",8.0412505525e-08,0.00865169520312063,0.000498044259429925,0.000131460616683259,0.00130011942333938,-14884.6810239804
2689,2691,36,-3.1269,-3.6575,-7.6854,-3.1946,-3.8433,-7.7154,0.0892,0.2,0.4314,0.3922,0.1961,29.1803,"2",8.0560083175e-08,0.00865169520312063,0.000498957374663117,0.000131701636812265,0.0011686588066092,-14884.6555305264
2690,2692,36,-3.1946,-3.8433,-7.7154,-3.2501,-4.0274,-7.7704,0.0892,0.2,0.4314,0.3922,0.1961,29.284,"2",8.0708089e-08,0.00865169520312063,0.000499873242800406,0.000131943383580447,0.00103695716980845,-14884.6330843944
2691,2693,36,-3.2501,-4.0274,-7.7704,-3.3058,-4.2121,-7.8233,0.0892,0.2,0.4314,0.3922,0.1961,29.3881,"2",8.0856665725e-08,0.00865169520312063,0.000500792748574334,0.000132186090516217,0.000905013786256462,-14884.613691184
2692,2694,36,-3.3058,-4.2121,-7.8233,-3.4205,-4.3631,-7.8866,0.0892,0.2,0.4314,0.3922,0.1961,29.4925,"2",8.1005670625e-08,0.00865169520312063,0.000501715008761465,0.000132429524489498,0.00077282769602276,-14884.5973565142
2693,2695,36,-3.4205,-4.3631,-7.8866,-3.4893,-4.5364,-7.959,0.0892,0.2,0.4314,0.3922,0.1961,29.5973,"2",8.1155246425e-08,0.00865169520312063,0.000502640908103748,0.000132673919031185,0.000640398171262332,-14884.5840860236
2694,2696,36,-3.4893,-4.5364,-7.959,-3.5521,-4.7035,-8.0491,0.0892,0.2,0.4314,0.3922,0.1961,29.7025,"2",8.1305393125e-08,0.00865169520312063,0.000503570447368854,0.000132919274343907,0.000507724252321446,-14884.5738853728
2695,2697,36,-3.5521,-4.7035,-8.0491,-3.624,-4.8496,-8.1654,0.0892,0.2,0.4314,0.3922,0.1961,29.8081,"2",8.1456110725e-08,0.00865169520312063,0.000504503627331122,0.000133165590632055,0.000374804977895332,-14884.5667602448
2696,2698,36,-3.624,-4.8496,-8.1654,-3.7002,-4.9899,-8.2858,0.0892,0.2,0.4314,0.3922,0.1961,29.914,"2",8.16072565e-08,0.00865169520312063,0.000505439564795478,0.000133412634773036,0.000241639387487996,-14884.5627163421
2697,2699,36,-3.7002,-4.9899,-8.2858,-3.7452,-5.1042,-8.3915,0.0892,0.162,0.4314,0.3922,0.1961,30,"2",8.173e-08,0.00865169520312063,0.000410021756605412,0.000108226752856459,0.000108226752753774,-14884.5617030879
53,2700,37,-0.0621,-0.0046,-7.0221,-0.158,0.1471,-7.1102,0.1887,0.2,0.4314,0.3922,0.1961,27.1514,"2",7.766433565e-08,0.00865169520312063,0.00101765196951756,0.000268612985590562,0.00226333006318197,-14885.55270401
2699,2701,37,-0.158,0.1471,-7.1102,-0.2475,0.3003,-7.2026,0.0802,0.2,0.4314,0.3922,0.1961,27.3146,"2",7.789726285e-08,0.00865169520312063,0.000433811360540203,0.0001145061064374,0.0019947170779079,-14885.5079159321
2700,2702,37,-0.2475,0.3003,-7.2026,-0.3547,0.4179,-7.3238,0.0802,0.2,0.4314,0.3922,0.1961,27.4784,"2",7.81310464e-08,0.00865169520312063,0.000435112009054236,0.000114849417403254,0.00188021097126081,-14885.4657788435
2701,2703,37,-0.3547,0.4179,-7.3238,-0.4698,0.5436,-7.4283,0.0802,0.2,0.4314,0.3922,0.1961,27.6427,"2",7.8365543575e-08,0.00865169520312063,0.000436416703416806,0.000115193796285731,0.00176536155379299,-14885.4263006929
2702,2704,37,-0.4698,0.5436,-7.4283,-0.5958,0.652,-7.5396,0.0802,0.2,0.4314,0.3922,0.1961,27.8075,"2",7.8600754375e-08,0.00865169520312063,0.000437725444546611,0.000115539243327325,0.00165016775754799,-14885.3894894537
2703,2705,37,-0.5958,0.652,-7.5396,-0.7085,0.8034,-7.6058,0.0802,0.2,0.4314,0.3922,0.1961,27.9729,"2",7.8836821525e-08,0.00865169520312063,0.000439039028200002,0.000115885968570855,0.00153462851433246,-14885.3553531261
2704,2706,37,-0.7085,0.8034,-7.6058,-0.7757,0.9902,-7.6298,0.0802,0.2,0.4314,0.3922,0.1961,28.1387,"2",7.9073459575e-08,0.00865169520312063,0.000440355865650573,0.000116233552666136,0.00141874254585818,-14885.3238997354
2705,2707,37,-0.7757,0.9902,-7.6298,-0.8516,1.1733,-7.6564,0.0802,0.2,0.4314,0.3922,0.1961,28.3051,"2",7.9310953975e-08,0.00865169520312063,0.000441677547498886,0.000116582415458044,0.00130250899311247,-14885.2951373313
2706,2708,37,-0.8516,1.1733,-7.6564,-0.9266,1.3575,-7.678,0.0802,0.2,0.4314,0.3922,0.1961,28.472,"2",7.9549162e-08,0.00865169520312063,0.000443003279866536,0.000116932347399449,0.00118592657797772,-14885.2690739909
2707,2709,37,-0.9266,1.3575,-7.678,-1.0069,1.537,-7.7141,0.0802,0.2,0.4314,0.3922,0.1961,28.6395,"2",7.9788226375e-08,0.00865169520312063,0.000444333858536337,0.000117283558540158,0.00106899423048416,-14885.2457178182
2708,2710,37,-1.0069,1.537,-7.7141,-1.0547,1.7116,-7.7992,0.0802,0.2,0.4314,0.3922,0.1961,28.8075,"2",8.0028004375e-08,0.00865169520312063,0.000445668489650114,0.00011763583933838,0.000951710671961986,-14885.2250769445
2709,2711,37,-1.0547,1.7116,-7.7992,-1.1016,1.8862,-7.8848,0.0802,0.2,0.4314,0.3922,0.1961,28.9761,"2",8.0268638725e-08,0.00865169520312063,0.000447007969005305,0.00011798939984778,0.000834074832704642,-14885.2071595283
2710,2712,37,-1.1016,1.8862,-7.8848,-1.1188,2.0687,-7.9647,0.0802,0.2,0.4314,0.3922,0.1961,29.1452,"2",8.05099867e-08,0.00865169520312063,0.000448351502763521,0.000118344030531792,0.000716085432413976,-14885.1919737551
2711,2713,37,-1.1188,2.0687,-7.9647,-1.1229,2.2488,-8.0517,0.0802,0.2,0.4314,0.3922,0.1961,29.3148,"2",8.07520483e-08,0.00865169520312063,0.000449699091918035,0.000118699731652593,0.000597741401913699,-14885.1795278351
2712,2714,37,-1.1229,2.2488,-8.0517,-1.1549,2.4302,-8.1295,0.0802,0.2,0.4314,0.3922,0.1961,29.485,"2",8.099496625e-08,0.00865169520312063,0.000451051532289307,0.000119056713269926,0.000479041670357929,-14885.1698300061
2713,2715,37,-1.1549,2.4302,-8.1295,-1.1958,2.6133,-8.1987,0.0802,0.2,0.4314,0.3922,0.1961,29.6558,"2",8.123874055e-08,0.00865169520312063,0.000452408824885963,0.000119414975650021,0.000359984957069135,-14885.1628885349
2714,2716,37,-1.1958,2.6133,-8.1987,-1.2398,2.7926,-8.2757,0.0802,0.2,0.4314,0.3922,0.1961,29.8271,"2",8.1483228475e-08,0.00865169520312063,0.000453770175907848,0.000119774309266404,0.000240569981568112,-14885.1587117159
2715,2717,37,-1.2398,2.7926,-8.2757,-1.2693,2.976,-8.3498,0.0802,0.2,0.4314,0.3922,0.1961,29.999,"2",8.172857275e-08,0.00865169520312063,0.000455136381200724,0.000120134924185493,0.000120795672525805,-14885.1573078706
2716,2718,37,-1.2693,2.976,-8.3498,-1.2695,2.977,-8.3502,0.0802,0.0011,0.4314,0.3922,0.1961,30,"2",8.173e-08,0.00865169520312063,2.50329373083637e-06,6.60753600436568e-07,6.60760066767224e-07,-14885.1573078286
54,2719,38,-0.0595,-0.0061,-7.1371,0.0628,-0.1554,-7.1897,0.1887,0.2,0.4314,0.3922,0.1961,27.4648,"2",7.81116358e-08,0.00865169520312063,0.00102346172302612,0.000270146491427748,0.00131895662680499,-14884.8323874674
2718,2720,38,0.0628,-0.1554,-7.1897,0.1857,-0.3032,-7.2448,0.0828,0.2,0.4314,0.3922,0.1961,27.7552,"2",7.85261092e-08,0.00865169520312063,0.00045146870278976,0.000119166826960052,0.00104881013568912,-14884.8095196552
2719,2721,38,0.1857,-0.3032,-7.2448,0.3042,-0.4555,-7.2974,0.0828,0.2,0.4314,0.3922,0.1961,28.0464,"2",7.89417244e-08,0.00865169520312063,0.000453857522873496,0.000119797364819705,0.000929643308576676,-14884.7894138935
2720,2722,38,0.3042,-0.4555,-7.2974,0.4028,-0.6153,-7.3663,0.0828,0.2,0.4314,0.3922,0.1961,28.3386,"2",7.935876685e-08,0.00865169520312063,0.000456254628187349,0.000120430089596363,0.000809845943420997,-14884.7720847835
2721,2723,38,0.4028,-0.6153,-7.3663,0.4942,-0.7819,-7.4286,0.0828,0.2,0.4314,0.3922,0.1961,28.6317,"2",7.9777093825e-08,0.00865169520312063,0.000458659199962452,0.000121064785172969,0.000689415853945492,-14884.7575469748
2722,2724,38,0.4942,-0.7819,-7.4286,0.5942,-0.9419,-7.4949,0.0828,0.2,0.4314,0.3922,0.1961,28.9258,"2",8.019684805e-08,0.00865169520312063,0.000461072060578013,0.000121701668619544,0.000568351068791075,-14884.7458151647
2723,2725,38,0.5942,-0.9419,-7.4949,0.68,-1.1132,-7.5524,0.0828,0.2,0.4314,0.3922,0.1961,29.2207,"2",8.0617744075e-08,0.00865169520312063,0.000463491570745492,0.000122340307239839,0.000446649400058131,-14884.7369040962
2724,2726,38,0.68,-1.1132,-7.5524,0.7647,-1.284,-7.6127,0.0828,0.2,0.4314,0.3922,0.1961,29.5167,"2",8.1040210075e-08,0.00865169520312063,0.000465920194006882,0.000122981351294837,0.000324309092877101,-14884.7308285606
2725,2727,38,0.7647,-1.284,-7.6127,0.869,-1.45,-7.6523,0.0828,0.2,0.4314,0.3922,0.1961,29.8135,"2",8.1463817875e-08,0.00865169520312063,0.000468355470553913,0.000123624151509086,0.00020132774149058,-14884.727603397
2726,2728,38,0.869,-1.45,-7.6523,0.9236,-1.5551,-7.6933,0.0828,0.1253,0.4314,0.3922,0.1961,30,"2",8.173e-08,0.00865169520312063,0.000294383428961847,7.77035903535034e-05,7.77035906799696e-05,-14884.7270407176
55,2729,39,-0.0536,-0.0131,-7.3157,-0.2262,0.0782,-7.3593,0.1887,0.2,0.4314,0.3922,0.1961,27.5911,"2",7.8291897475e-08,0.00865169520312063,0.00102582042829662,0.000270769080371526,0.002303286790266,-14884.7757658428
2728,2730,39,-0.2262,0.0782,-7.3593,-0.3994,0.1669,-7.4055,0.0734,0.2,0.4314,0.3922,0.1961,27.7152,"2",7.84690192e-08,0.00865169520312063,0.000399922179616873,0.000105560932311367,0.00203251770987798,-14884.7300005409
2729,2731,39,-0.3994,0.1669,-7.4055,-0.558,0.2749,-7.4618,0.0734,0.2,0.4314,0.3922,0.1961,27.8397,"2",7.8646711825e-08,0.00865169520312063,0.000400826576807578,0.000105799651280948,0.00192695677757519,-14884.6866782351
2730,2732,39,-0.558,0.2749,-7.4618,-0.703,0.3925,-7.5335,0.0734,0.2,0.4314,0.3922,0.1961,27.9645,"2",7.8824832625e-08,0.00865169520312063,0.00040173321804148,0.000106038962573996,0.00182115712599396,-14884.6458044507
2731,2733,39,-0.703,0.3925,-7.5335,-0.8554,0.5074,-7.5932,0.0734,0.2,0.4314,0.3922,0.1961,28.0897,"2",7.9003524325e-08,0.00865169520312063,0.000402642831309563,0.000106279058346412,0.00171511816355113,-14884.607384729
2732,2734,39,-0.8554,0.5074,-7.5932,-1.0082,0.6167,-7.6618,0.0734,0.2,0.4314,0.3922,0.1961,28.2154,"2",7.918292965e-08,0.00865169520312063,0.000403556144599474,0.000106520130753219,0.00160883910531846,-14884.5714246314
2733,2735,39,-1.0082,0.6167,-7.6618,-1.1604,0.7425,-7.6937,0.0734,0.2,0.4314,0.3922,0.1961,28.3414,"2",7.936276315e-08,0.00865169520312063,0.000404471703706274,0.000106761795951664,0.0015023189744234,-14884.5379297377
2734,2736,39,-1.1604,0.7425,-7.6937,-1.3332,0.8411,-7.7138,0.0734,0.2,0.4314,0.3922,0.1961,28.4678,"2",7.954316755e-08,0.00865169520312063,0.000405390236629148,0.000107004246099816,0.00139555717840419,-14884.5069056435
2735,2737,39,-1.3332,0.8411,-7.7138,-1.5207,0.9055,-7.7405,0.0734,0.2,0.4314,0.3922,0.1961,28.5947,"2",7.9724285575e-08,0.00865169520312063,0.000406312471365463,0.00010724767335526,0.00128855293250558,-14884.4783579647
2736,2738,39,-1.5207,0.9055,-7.7405,-1.6925,1.0072,-7.7526,0.0734,0.2,0.4314,0.3922,0.1961,28.7219,"2",7.9905831775e-08,0.00865169520312063,0.000407236953734906,0.000107491693881747,0.00118130525921341,-14884.4522923355
2737,2739,39,-1.6925,1.0072,-7.7526,-1.8616,1.1043,-7.7972,0.0734,0.2,0.4314,0.3922,0.1961,28.8496,"2",8.00880916e-08,0.00865169520312063,0.00040816513913729,0.000107736691837417,0.00107381356510648,-14884.4287144081
2738,2740,39,-1.8616,1.1043,-7.7972,-2.0288,1.192,-7.8629,0.0734,0.2,0.4314,0.3922,0.1961,28.9777,"2",8.0270922325e-08,0.00865169520312063,0.000409096300797632,0.000107982475387338,0.000966076873357952,-14884.4076298553
2739,2741,39,-2.0288,1.192,-7.8629,-2.1965,1.2781,-7.9299,0.0734,0.2,0.4314,0.3922,0.1961,29.1062,"2",8.045432395e-08,0.00865169520312063,0.000410030439339659,0.000108229044696144,0.000858094397687558,-14884.3890443678
2740,2742,39,-2.1965,1.2781,-7.9299,-2.3636,1.3659,-7.9961,0.0734,0.2,0.4314,0.3922,0.1961,29.2351,"2",8.0638296475e-08,0.00865169520312063,0.000410967555392054,0.000108476399929779,0.00074986535314242,-14884.3729636547
2741,2743,39,-2.3636,1.3659,-7.9961,-2.5396,1.4317,-8.0644,0.0734,0.2,0.4314,0.3922,0.1961,29.3644,"2",8.08228399e-08,0.00865169520312063,0.00041190764958847,0.000108724541255497,0.000641388953398586,-14884.3593934431
2742,2744,39,-2.5396,1.4317,-8.0644,-2.7187,1.5032,-8.1175,0.0734,0.2,0.4314,0.3922,0.1961,29.4942,"2",8.100809695e-08,0.00865169520312063,0.000412851449954404,0.00010897366083831,0.000532664412076476,-14884.3483394805
2743,2745,39,-2.7187,1.5032,-8.1175,-2.8876,1.5742,-8.1976,0.0734,0.2,0.4314,0.3922,0.1961,29.6244,"2",8.11939249e-08,0.00865169520312063,0.000413798229745799,0.000109223566851447,0.000423690751241788,-14884.3398075349
2744,2746,39,-2.8876,1.5742,-8.1976,-3.011,1.6868,-8.3077,0.0734,0.2,0.4314,0.3922,0.1961,29.755,"2",8.138032375e-08,0.00865169520312063,0.000414747989611831,0.000109474259466261,0.000314467184539706,-14884.3338033925
2745,2747,39,-3.011,1.6868,-8.3077,-3.1412,1.7839,-8.4244,0.0734,0.2,0.4314,0.3922,0.1961,29.8861,"2",8.1567436225e-08,0.00865169520312063,0.000415701457592489,0.000109725930851588,0.000204992924955228,-14884.3303328598
2746,2748,39,-3.1412,1.7839,-8.4244,-3.2533,1.8674,-8.5268,0.0734,0.1733,0.4314,0.3922,0.1961,30,"2",8.173e-08,0.00865169520312063,0.00036092314818523,9.52669943229607e-05,9.52669943827894e-05,-14884.3293787248
56,2749,40,-0.0536,-0.0136,-7.3242,-0.1037,0.1594,-7.4112,0.1887,0.2,0.4314,0.3922,0.1961,27.5968,"2",7.83000328e-08,0.00865169520312063,0.00102588222218014,0.000270785391094684,0.00154775124465014,-14884.1476222428
2748,2750,40,-0.1037,0.1594,-7.4112,-0.1726,0.3234,-7.5027,0.0432,0.2,0.4314,0.3922,0.1961,27.7125,"2",7.8465165625e-08,0.00865169520312063,0.000235354983865829,6.21228148556418e-05,0.00127696585361226,-14884.1188208482
2749,2751,40,-0.1726,0.3234,-7.5027,-0.2447,0.4872,-7.5918,0.0432,0.2,0.4314,0.3922,0.1961,27.8285,"2",7.8630726625e-08,0.00865169520312063,0.000235851127233635,6.22537737249795e-05,0.00121484303821993,-14884.0914570516
2750,2752,40,-0.2447,0.4872,-7.5918,-0.288,0.6665,-7.6694,0.0432,0.2,0.4314,0.3922,0.1961,27.9449,"2",7.8796858525e-08,0.00865169520312063,0.000236349004409823,6.23851902394256e-05,0.00115258926475066,-14884.0655338854
2751,2753,40,-0.288,0.6665,-7.6694,-0.323,0.8515,-7.7367,0.0432,0.2,0.4314,0.3922,0.1961,28.0617,"2",7.8963561325e-08,0.00865169520312063,0.000236848615581858,6.25170644484623e-05,0.00109020407453648,-14884.0410543931
2752,2754,40,-0.323,0.8515,-7.7367,-0.3725,1.036,-7.796,0.0432,0.2,0.4314,0.3922,0.1961,28.1789,"2",7.9130835025e-08,0.00865169520312063,0.000237349960938812,6.26493964019957e-05,0.00102768700985091,-14884.0180216283
2753,2755,40,-0.3725,1.036,-7.796,-0.422,1.2204,-7.8553,0.0432,0.2,0.4314,0.3922,0.1961,28.2964,"2",7.92985369e-08,0.00865169520312063,0.000237852612573747,6.27820731524135e-05,0.000965037613829308,-14883.9964386541
2754,2756,40,-0.422,1.2204,-7.8553,-0.4679,1.4057,-7.915,0.0432,0.2,0.4314,0.3922,0.1961,28.4144,"2",7.94669524e-08,0.00865169520312063,0.000238357426874761,6.29153207465086e-05,0.000902255540767915,-14883.9763085443
2755,2757,40,-0.4679,1.4057,-7.915,-0.5192,1.5954,-7.9524,0.0432,0.2,0.4314,0.3922,0.1961,28.5327,"2",7.9635796075e-08,0.00865169520312063,0.000238863547841063,6.3048913239719e-05,0.000839340220091104,-14883.9576343831
2756,2758,40,-0.5192,1.5954,-7.9524,-0.5646,1.7807,-8.0125,0.0432,0.2,0.4314,0.3922,0.1961,28.6513,"2",7.9805067925e-08,0.00865169520312063,0.000239370975669731,6.31828506840642e-05,0.000776291306826917,-14883.9404192626
2757,2759,40,-0.5646,1.7807,-8.0125,-0.6111,1.9669,-8.0685,0.0432,0.2,0.4314,0.3922,0.1961,28.7704,"2",7.99750534e-08,0.00865169520312063,0.000239880566750022,6.33173591266432e-05,0.000713108455970817,-14883.9246662858
2758,2760,40,-0.6111,1.9669,-8.0685,-0.6975,2.135,-8.134,0.0432,0.2,0.4314,0.3922,0.1961,28.8898,"2",8.014546705e-08,0.00865169520312063,0.000240391465089153,6.34522126250082e-05,0.000649791096656491,-14883.9103785659
2759,2761,40,-0.6975,2.135,-8.134,-0.7604,2.3084,-8.2113,0.0432,0.2,0.4314,0.3922,0.1961,29.0097,"2",8.0316594325e-08,0.00865169520312063,0.000240904527077725,6.35876372266121e-05,0.000586338884152962,-14883.8975592271
2760,2762,40,-0.7604,2.3084,-8.2113,-0.826,2.4853,-8.2777,0.0432,0.2,0.4314,0.3922,0.1961,29.1299,"2",8.0488149775e-08,0.00865169520312063,0.000241418896728007,6.37234069903406e-05,0.000522751246858122,-14883.8862114039
2761,2763,40,-0.826,2.4853,-8.2777,-0.8747,2.6717,-8.3315,0.0432,0.2,0.4314,0.3922,0.1961,29.2505,"2",8.0660276125e-08,0.00865169520312063,0.000241935002338385,6.38596349671305e-05,0.000459027839910299,-14883.8763382401
2762,2764,40,-0.8747,2.6717,-8.3315,-0.8846,2.8483,-8.4247,0.0432,0.2,0.4314,0.3922,0.1961,29.3715,"2",8.0832973375e-08,0.00865169520312063,0.000242452844113921,6.39963212111087e-05,0.000395168204921247,-14883.8679428902
2763,2765,40,-0.8846,2.8483,-8.4247,-0.89,3.0105,-8.5416,0.0432,0.2,0.4314,0.3922,0.1961,29.4929,"2",8.1006241525e-08,0.00865169520312063,0.000242972422261341,6.41334657768411e-05,0.000331171883671749,-14883.8610285193
2764,2766,40,-0.89,3.0105,-8.5416,-0.9067,3.1502,-8.6838,0.0432,0.2,0.4314,0.3922,0.1961,29.6147,"2",8.1180080575e-08,0.00865169520312063,0.000243493736989039,6.42710687193338e-05,0.000267038418096896,-14883.855598303
2765,2767,40,-0.9067,3.1502,-8.6838,-0.9241,3.2597,-8.8502,0.0432,0.2,0.4314,0.3922,0.1961,29.737,"2",8.135463325e-08,0.00865169520312063,0.00024401721660019,6.44092430907879e-05,0.000202767349562805,-14883.8516554289
2766,2768,40,-0.9241,3.2597,-8.8502,-0.9653,3.3746,-9.0087,0.0432,0.2,0.4314,0.3922,0.1961,29.8596,"2",8.15296141e-08,0.00865169520312063,0.000244542005120276,6.45477629535764e-05,0.000138358106487034,-14883.849203095
2767,2769,40,-0.9653,3.3746,-9.0087,-1.0146,3.4871,-9.1665,0.0432,0.2,0.4314,0.3922,0.1961,29.9826,"2",8.170516585e-08,0.00865169520312063,0.000245068530855978,6.46867413608251e-05,7.38103434968146e-05,-14883.848244509
2768,2770,40,-1.0146,3.4871,-9.1665,-1.0238,3.5032,-9.1877,0.0432,0.0282,0.4314,0.3922,0.1961,30,"2",8.173e-08,0.00865169520312063,3.45651648191832e-05,9.12360256514044e-06,9.12360124033628e-06,-14883.8482296399
57,2771,41,-0.0571,-0.0146,-7.4984,0.0761,-0.1467,-7.5678,0.1887,0.2,0.4314,0.3922,0.1961,27.8507,"2",7.8662411575e-08,0.00865169520312063,0.00103057990620296,0.00027202536209511,0.0024046390712482,-14883.4276379267
2770,2772,41,0.0761,-0.1467,-7.5678,0.2293,-0.2691,-7.607,0.0581,0.2,0.4314,0.3922,0.1961,27.9335,"2",7.8780587875e-08,0.00865169520312063,0.000317787180428297,8.38810967542458e-05,0.00213261370934153,-14883.3793081349
2771,2773,41,0.2293,-0.2691,-7.607,0.3619,-0.412,-7.652,0.0581,0.2,0.4314,0.3922,0.1961,28.0166,"2",7.889919235e-08,0.00865169520312063,0.000318264576667108,8.40071072498353e-05,0.00204873261237564,-14883.3329188669
2772,2774,41,0.3619,-0.412,-7.652,0.4935,-0.5562,-7.6953,0.0581,0.2,0.4314,0.3922,0.1961,28.0999,"2",7.9018082275e-08,0.00865169520312063,0.000318743163691969,8.4133432057789e-05,0.00196472550501225,-14883.2884730393
2773,2775,41,0.4935,-0.5562,-7.6953,0.6034,-0.7198,-7.7295,0.0581,0.2,0.4314,0.3922,0.1961,28.1835,"2",7.9137400375e-08,0.00865169520312063,0.000319223517470079,8.42602232067697e-05,0.00188059207296322,-14883.2459735777
2774,2776,41,0.6034,-0.7198,-7.7295,0.7034,-0.8906,-7.7581,0.0581,0.2,0.4314,0.3922,0.1961,28.2674,"2",7.925714665e-08,0.00865169520312063,0.000319705638242814,8.43874807604903e-05,0.0017963318498573,-14883.2054234185
2775,2777,41,0.7034,-0.8906,-7.7581,0.807,-1.0588,-7.7893,0.0581,0.2,0.4314,0.3922,0.1961,28.3515,"2",7.9377178375e-08,0.00865169520312063,0.00032018895053432,8.45150528199788e-05,0.00171194436905802,-14883.1668255071
2776,2778,41,0.807,-1.0588,-7.7893,0.8777,-1.23,-7.8646,0.0581,0.2,0.4314,0.3922,0.1961,28.4359,"2",7.9497638275e-08,0.00865169520312063,0.00032067403031213,8.46430914139876e-05,0.00162742931598978,-14883.130182798
2777,2779,41,0.8777,-1.23,-7.8646,0.9328,-1.408,-7.9373,0.0581,0.2,0.4314,0.3922,0.1961,28.5206,"2",7.961852635e-08,0.00865169520312063,0.000321160877823356,8.47715966077423e-05,0.00154278622497988,-14883.0954982564
2778,2780,41,0.9328,-1.408,-7.9373,0.9605,-1.5718,-8.0487,0.0581,0.2,0.4314,0.3922,0.1961,28.6056,"2",7.97398426e-08,0.00865169520312063,0.000321649493317131,8.49005684670026e-05,0.00145801462789776,-14883.0627748584
2779,2781,41,0.9605,-1.5718,-8.0487,0.965,-1.7256,-8.1765,0.0581,0.2,0.4314,0.3922,0.1961,28.6908,"2",7.98614443e-08,0.00865169520312063,0.00032213930133085,8.50298550962947e-05,0.00137311405954136,-14883.032015589
2780,2782,41,0.965,-1.7256,-8.1765,0.9555,-1.8995,-8.2748,0.0581,0.2,0.4314,0.3922,0.1961,28.7763,"2",7.9983474175e-08,0.00865169520312063,0.00032263087783375,8.51596085248197e-05,0.00128808420434266,-14883.0032234424
2781,2783,41,0.9555,-1.8995,-8.2748,0.9097,-2.0606,-8.3841,0.0581,0.2,0.4314,0.3922,0.1961,28.8621,"2",8.0105932225e-08,0.00865169520312063,0.000323124223080756,8.5289828819866e-05,0.00120292459586073,-14882.9764014233
2782,2784,41,0.9097,-2.0606,-8.3841,0.8443,-2.2268,-8.4741,0.0581,0.2,0.4314,0.3922,0.1961,28.9481,"2",8.0228675725e-08,0.00865169520312063,0.000323618761618362,8.54203640883617e-05,0.00111763476692259,-14882.9515525458
2783,2785,41,0.8443,-2.2268,-8.4741,0.7633,-2.3752,-8.5809,0.0581,0.2,0.4314,0.3922,0.1961,29.0344,"2",8.03518474e-08,0.00865169520312063,0.000324115069417868,8.55513663600521e-05,0.00103221440289119,-14882.9286798327
2784,2786,41,0.7633,-2.3752,-8.5809,0.6795,-2.5213,-8.6889,0.0581,0.2,0.4314,0.3922,0.1961,29.1211,"2",8.0475589975e-08,0.00865169520312063,0.000324613722448698,8.56829876641888e-05,0.000946663036505693,-14882.9077863197
2785,2787,41,0.6795,-2.5213,-8.6889,0.5938,-2.6127,-8.8447,0.0581,0.2,0.4314,0.3922,0.1961,29.208,"2",8.0599618e-08,0.00865169520312063,0.000325113569555634,8.58149241491115e-05,0.000860980048768395,-14882.888875053
2786,2788,41,0.5938,-2.6127,-8.8447,0.4661,-2.6308,-8.9976,0.0581,0.2,0.4314,0.3922,0.1961,29.2952,"2",8.07240742e-08,0.00865169520312063,0.000325615186713091,8.59473278453887e-05,0.000775165124467074,-14882.871949088
2787,2789,41,0.4661,-2.6308,-8.9976,0.3446,-2.6268,-9.1564,0.0581,0.2,0.4314,0.3922,0.1961,29.3826,"2",8.084881585e-08,0.00865169520312063,0.000326117998481481,8.60800468636218e-05,0.000689217796378326,-14882.857011489
2788,2790,41,0.3446,-2.6268,-9.1564,0.2318,-2.5728,-9.3125,0.0581,0.2,0.4314,0.3922,0.1961,29.4704,"2",8.09741284e-08,0.00865169520312063,0.000326623156543396,8.62133851946727e-05,0.000603137749594416,-14882.8440653314
2789,2791,41,0.2318,-2.5728,-9.3125,0.1637,-2.5037,-9.4874,0.0581,0.2,0.4314,0.3922,0.1961,29.5585,"2",8.1099869125e-08,0.00865169520312063,0.000327130085462776,8.6347190950074e-05,0.000516924364583138,-14882.8331137027
2790,2792,41,0.1637,-2.5037,-9.4874,0.094,-2.4659,-9.671,0.0581,0.2,0.4314,0.3922,0.1961,29.6468,"2",8.12258953e-08,0.00865169520312063,0.000327638209807692,8.64813122424485e-05,0.000430577173466005,-14882.8241597
2791,2793,41,0.094,-2.4659,-9.671,0.0035,-2.452,-9.8488,0.0581,0.2,0.4314,0.3922,0.1961,29.7355,"2",8.1352492375e-08,0.00865169520312063,0.000328148681263931,8.66160530635015e-05,0.000344095861123386,-14882.8172064307
2792,2794,41,0.0035,-2.452,-9.8488,-0.0703,-2.4331,-10.0338,0.0581,0.2,0.4314,0.3922,0.1961,29.8245,"2",8.1479517625e-08,0.00865169520312063,0.00032866092440336,8.67512615268582e-05,0.000257479808397427,-14882.8122570152
2793,2795,41,-0.0703,-2.4331,-10.0338,-0.2008,-2.4017,-10.182,0.0581,0.2,0.4314,0.3922,0.1961,29.9137,"2",8.1606828325e-08,0.00865169520312063,0.00032917436380105,8.68867857469888e-05,0.000170728546706761,-14882.8093145825
2794,2796,41,-0.2008,-2.4017,-10.182,-0.3303,-2.3661,-10.3202,0.0581,0.1927,0.4314,0.3922,0.1961,30,"2",8.173e-08,0.00865169520312063,0.000317638156070052,8.38417612259974e-05,8.38417612645071e-05,-14882.8083808749
59,2797,42,-0.0542,0.0044,-7.8761,0.119,-0.0507,-7.9595,0.1887,0.2,0.4314,0.3922,0.1961,28.5511,"2",7.9662057475e-08,0.00865169520312063,0.00104359453420166,0.000275460621091109,0.00110701979507965,-14882.2963959733
2796,2798,42,0.119,-0.0507,-7.9595,0.2993,-0.1098,-8.0227,0.0601,0.2,0.4314,0.3922,0.1961,28.7041,"2",7.9880426725e-08,0.00865169520312063,0.000333290266734508,8.79731934860524e-05,0.000831559174103649,-14882.2781897709
2797,2799,42,0.2993,-0.1098,-8.0227,0.48,-0.1691,-8.0846,0.0601,0.2,0.4314,0.3922,0.1961,28.8576,"2",8.00995096e-08,0.00865169520312063,0.00033420396643866,8.82143678883207e-05,0.000743585980326373,-14882.2620200199
2798,2800,42,0.48,-0.1691,-8.0846,0.663,-0.2206,-8.1469,0.0601,0.2,0.4314,0.3922,0.1961,29.0116,"2",8.03193061e-08,0.00865169520312063,0.000335120688349221,8.84563400131019e-05,0.000655371612522119,-14882.2478923045
2799,2801,42,0.663,-0.2206,-8.1469,0.8423,-0.2797,-8.213,0.0601,0.2,0.4314,0.3922,0.1961,29.166,"2",8.05396735e-08,0.00865169520312063,0.000336039837471653,8.86989528093966e-05,0.000566915272728255,-14882.2358122259
2800,2802,42,0.8423,-0.2797,-8.213,1.0118,-0.3828,-8.2378,0.0601,0.2,0.4314,0.3922,0.1961,29.321,"2",8.076089725e-08,0.00865169520312063,0.000336962605312826,8.89425207798315e-05,0.000478216319962095,-14882.2257854036
2801,2803,42,1.0118,-0.3828,-8.2378,1.1852,-0.4736,-8.279,0.0601,0.2,0.4314,0.3922,0.1961,29.4764,"2",8.09826919e-08,0.00865169520312063,0.000337887801388287,8.91867296916503e-05,0.000389273798874392,-14882.2178174754
2802,2804,42,1.1852,-0.4736,-8.279,1.3689,-0.5431,-8.3168,0.0601,0.2,0.4314,0.3922,0.1961,29.6323,"2",8.1205200175e-08,0.00865169520312063,0.000338816021714033,8.9431736865471e-05,0.000300087069319776,-14882.211914096
2803,2805,42,1.3689,-0.5431,-8.3168,1.5499,-0.6193,-8.3545,0.0601,0.2,0.4314,0.3922,0.1961,29.7888,"2",8.14285648e-08,0.00865169520312063,0.000339747862309155,8.96776996227275e-05,0.000210655332400502,-14882.2080809401
2804,2806,42,1.5499,-0.6193,-8.3545,1.7156,-0.7265,-8.387,0.0601,0.2,0.4314,0.3922,0.1961,29.9457,"2",8.1652500325e-08,0.00865169520312063,0.000340682132704324,8.99243037346561e-05,0.000120977633011746,-14882.2063237011
2805,2807,42,1.7156,-0.7265,-8.387,1.7716,-0.7646,-8.4005,0.0601,0.069,0.4314,0.3922,0.1961,30,"2",8.173e-08,0.00865169520312063,0.000117646886944606,3.10533291284321e-05,3.10533290982707e-05,-14882.2061998711
60,2808,43,-0.0439,0.018,-8.0614,-0.1389,0.1763,-8.1383,0.1887,0.2,0.4314,0.3922,0.1961,28.8141,"2",8.0037424225e-08,0.00865169520312063,0.00104847213377258,0.00027674808146313,0.00139521262062172,-14881.7394604844
2807,2809,43,-0.1389,0.1763,-8.1383,-0.245,0.3272,-8.2157,0.0662,0.2,0.4314,0.3922,0.1961,28.9165,"2",8.0183574625e-08,0.00865169520312063,0.000368497461692524,9.72662622710762e-05,0.00111846453953539,-14881.7147293452
2808,2810,43,-0.245,0.3272,-8.2157,-0.3232,0.4919,-8.2978,0.0662,0.2,0.4314,0.3922,0.1961,29.0193,"2",8.0330295925e-08,0.00865169520312063,0.000369171147111213,9.7444084018671e-05,0.00102119827750136,-14881.6922487515
2809,2811,43,-0.3232,0.4919,-8.2978,-0.3855,0.6613,-8.3838,0.0662,0.2,0.4314,0.3922,0.1961,29.1223,"2",8.0477302675e-08,0.00865169520312063,0.000369846199311687,9.76222665333521e-05,0.000923754193307561,-14881.6720228182
2810,2812,43,-0.3855,0.6613,-8.3838,-0.4357,0.8351,-8.4692,0.0662,0.2,0.4314,0.3922,0.1961,29.2257,"2",8.0624880325e-08,0.00865169520312063,0.00037052393053498,9.78011561859737e-05,0.000826131926657358,-14881.6540556726
2811,2813,43,-0.4357,0.8351,-8.4692,-0.4958,0.9954,-8.5726,0.0662,0.2,0.4314,0.3922,0.1961,29.3294,"2",8.077288615e-08,0.00865169520312063,0.00037120368527719,9.79805799538666e-05,0.000728330770358859,-14881.6383514561
2812,2814,43,-0.4958,0.9954,-8.5726,-0.5909,1.1483,-8.6597,0.0662,0.2,0.4314,0.3922,0.1961,29.4335,"2",8.0921462875e-08,0.00865169520312063,0.00037188611986677,9.8160711077343e-05,0.000630350190435125,-14881.6249143247
2813,2815,43,-0.5909,1.1483,-8.6597,-0.6837,1.2988,-8.7531,0.0662,0.2,0.4314,0.3922,0.1961,29.5378,"2",8.107032505e-08,0.00865169520312063,0.000372569922895335,9.83412034053299e-05,0.000532189479466705,-14881.6137484465
2814,2816,43,-0.6837,1.2988,-8.7531,-0.7177,1.4729,-8.8455,0.0662,0.2,0.4314,0.3922,0.1961,29.6425,"2",8.1219758125e-08,0.00865169520312063,0.00037325640660995,9.85224033102734e-05,0.000433848276400438,-14881.6048580023
2815,2817,43,-0.7177,1.4729,-8.8455,-0.7805,1.6125,-8.9742,0.0662,0.2,0.4314,0.3922,0.1961,29.7476,"2",8.13697621e-08,0.00865169520312063,0.000373945571433822,9.87043109038803e-05,0.000335325872901554,-14881.5982471889
2816,2818,43,-0.7805,1.6125,-8.9742,-0.8669,1.724,-9.1161,0.0662,0.2,0.4314,0.3922,0.1961,29.853,"2",8.152019425e-08,0.00865169520312063,0.000374636761882322,9.88867531685686e-05,0.000236621562060017,-14881.5939202176
2817,2819,43,-0.8669,1.724,-9.1161,-0.9548,1.836,-9.2565,0.0662,0.2,0.4314,0.3922,0.1961,29.9587,"2",8.1671054575e-08,0.00865169520312063,0.000375329978386334,9.90697302180716e-05,0.000137734808805824,-14881.5918813121
2818,2820,43,-0.9548,1.836,-9.2565,-0.9882,1.8724,-9.3168,0.0662,0.078,0.4314,0.3922,0.1961,30,"2",8.173e-08,0.00865169520312063,0.000146484329719523,3.86650783635261e-05,3.86650785588644e-05,-14881.5917070182
61,2821,44,-0.0376,0.0299,-8.2433,-0.199,0.0497,-8.3598,0.1887,0.2,0.4314,0.3922,0.1961,29.1113,"2",8.0461602925e-08,0.00865169520312063,0.00105401305557169,0.000278210628180438,0.00123873198107017,-14881.5237620134
2820,2822,44,-0.199,0.0497,-8.3598,-0.3444,0.0775,-8.4943,0.0662,0.2,0.4314,0.3922,0.1961,29.2011,"2",8.0589769975e-08,0.00865169520312063,0.000370358770404726,9.77575615612719e-05,0.000960521352537184,-14881.5026877028
2821,2823,44,-0.3444,0.0775,-8.4943,-0.484,0.0773,-8.6375,0.0662,0.2,0.4314,0.3922,0.1961,29.2912,"2",8.07183652e-08,0.00865169520312063,0.000370949235931992,9.79134171120085e-05,0.00086276379126117,-14881.4838750411
2822,2824,44,-0.484,0.0773,-8.6375,-0.6087,0.0784,-8.7939,0.0662,0.2,0.4314,0.3922,0.1961,29.3816,"2",8.08473886e-08,0.00865169520312063,0.000371541725234215,9.80698068455988e-05,0.000764850374142241,-14881.4673276375
2823,2825,44,-0.6087,0.0784,-8.7939,-0.7298,0.1015,-8.9513,0.0662,0.2,0.4314,0.3922,0.1961,29.4723,"2",8.0976840175e-08,0.00865169520312063,0.000372136238672624,9.82267308573908e-05,0.000666780567446987,-14881.4530491134
2824,2826,44,-0.7298,0.1015,-8.9513,-0.8456,0.1187,-9.1135,0.0662,0.2,0.4314,0.3922,0.1961,29.5632,"2",8.11065772e-08,0.00865169520312063,0.000372732120706389,9.83840161149678e-05,0.000568553836491845,-14881.4410431005
2825,2827,44,-0.8456,0.1187,-9.1135,-0.9571,0.133,-9.2789,0.0662,0.2,0.4314,0.3922,0.1961,29.6545,"2",8.1236885125e-08,0.00865169520312063,0.000373330683512214,9.8542008972204e-05,0.000470169820544415,-14881.4313132429
2826,2828,44,-0.9571,0.133,-9.2789,-1.0873,0.0916,-9.425,0.0662,0.2,0.4314,0.3922,0.1961,29.7461,"2",8.1367621225e-08,0.00865169520312063,0.00037393127155418,9.87005363979791e-05,0.000371627811546817,-14881.4238631991
2827,2829,44,-1.0873,0.0916,-9.425,-1.2158,0.04,-9.5692,0.0662,0.2,0.4314,0.3922,0.1961,29.8379,"2",8.1498642775e-08,0.00865169520312063,0.000374533229300882,9.88594253623641e-05,0.000272927274858243,-14881.418696638
2828,2830,44,-1.2158,0.04,-9.5692,-1.3309,-0.0133,-9.7239,0.0662,0.2,0.4314,0.3922,0.1961,29.93,"2",8.16300925e-08,0.00865169520312063,0.000375137213031225,9.90188490925933e-05,0.000174067849743318,-14881.4158172388
2829,2831,44,-1.3309,-0.0133,-9.7239,-1.431,-0.0509,-9.8311,0.0662,0.1514,0.4314,0.3922,0.1961,30,"2",8.173e-08,0.00865169520312063,0.000284326400609351,7.50490006776112e-05,7.50490005907791e-05,-14881.4151605803
62,2832,45,-0.0377,0.0304,-8.3206,0.0462,-0.1363,-8.3927,0.1887,0.2,0.4314,0.3922,0.1961,29.2612,"2",8.06755477e-08,0.00865169520312063,0.00105677706133851,0.000278940197683035,0.00101114709447137,-14880.9940787963
2831,2833,45,0.0462,-0.1363,-8.3927,0.1275,-0.304,-8.4652,0.0724,0.2,0.4314,0.3922,0.1961,29.369,"2",8.082940525e-08,0.00865169520312063,0.00040623466563227,0.000107227136245408,0.000732206896796146,-14880.9783918516
2832,2834,45,0.1275,-0.304,-8.4652,0.2032,-0.4707,-8.5456,0.0724,0.2,0.4314,0.3922,0.1961,29.4771,"2",8.0983690975e-08,0.00865169520312063,0.000407009675842168,0.000107431703044844,0.000624979760648702,-14880.9651860258
2833,2835,45,0.2032,-0.4707,-8.5456,0.3,-0.6144,-8.6455,0.0724,0.2,0.4314,0.3922,0.1961,29.5856,"2",8.11385476e-08,0.00865169520312063,0.000407787623210863,0.000107637045118162,0.000517548057555294,-14880.9544660566
2834,2836,45,0.3,-0.6144,-8.6455,0.3845,-0.7611,-8.752,0.0724,0.2,0.4314,0.3922,0.1961,29.6944,"2",8.12938324e-08,0.00865169520312063,0.000408567790952464,0.000107842973267088,0.000409911012523634,-14880.9462366978
2835,2837,45,0.3845,-0.7611,-8.752,0.4694,-0.9177,-8.8429,0.0724,0.2,0.4314,0.3922,0.1961,29.8036,"2",8.14496881e-08,0.00865169520312063,0.000409350896905137,0.000108049676967648,0.000302068039531393,-14880.9405027187
2836,2838,45,0.4694,-0.9177,-8.8429,0.6103,-1.0371,-8.9197,0.0724,0.2,0.4314,0.3922,0.1961,29.9131,"2",8.1605971975e-08,0.00865169520312063,0.000410136224291992,0.000108256967023942,0.000194018362366112,-14880.9372689044
2837,2839,45,0.6103,-1.0371,-8.9197,0.7268,-1.1309,-8.9714,0.0724,0.1582,0.4314,0.3922,0.1961,30,"2",8.173e-08,0.00865169520312063,0.000324910773480475,8.57613953781307e-05,8.57613955238245e-05,-14880.9364848123
64,2840,46,-0.025,0.0229,-8.553,0.1453,-0.0481,-8.6301,0.1887,0.2,0.4314,0.3922,0.1961,29.7559,"2",8.1381608275e-08,0.00865169520312063,0.00106599244032441,0.000281372630908633,0.000352518216829526,-14880.5451547498
2839,2841,46,0.1453,-0.0481,-8.6301,0.3195,-0.0986,-8.7146,0.0395,0.2,0.4314,0.3922,0.1961,29.9587,"2",8.1671054575e-08,0.00865169520312063,0.000223934568905875,5.91083542630575e-05,7.11455856907682e-05,-14880.5441932871
2840,2842,46,0.3195,-0.0986,-8.7146,0.3545,-0.1091,-8.7325,0.0395,0.0407,0.4314,0.3922,0.1961,30,"2",8.173e-08,0.00865169520312063,4.56035738400935e-05,1.2037231283102e-05,1.20372319644355e-05,-14880.5441649739
65,2843,47,-0.0165,0.0185,-8.7032,0.1722,0.0028,-8.7674,0.1887,0.2,0.4314,0.3922,0.1961,29.8901,"2",8.1573145225e-08,0.00865169520312063,0.00106847378817395,0.000282027591812871,0.000422743982376312,-14880.1686079428
2842,2844,47,0.1722,0.0028,-8.7674,0.348,-0.0032,-8.8627,0.0647,0.2,0.4314,0.3922,0.1961,29.9657,"2",8.1681045325e-08,0.00865169520312063,0.000366834534434818,9.68273264964773e-05,0.000140716390825376,-14880.1664741939
2843,2845,47,0.348,-0.0032,-8.8627,0.4357,-0.0142,-8.8825,0.0647,0.0906,0.4314,0.3922,0.1961,30,"2",8.173e-08,0.00865169520312063,0.00016627562817555,4.38890644867069e-05,4.38890641382408e-05,-14880.1662443921
